nohup: ignoring input
Auto-detect: NVMe-oF device found
============================================================
  High-Performance Trace Replay (C++ / libaio)
============================================================
  Device:      /dev/nvme0n1
  Device size: 720.00 GB (188743680 LBAs)
  Trace:       ../../alibaba_trace/alibaba_dwpd1.trace
  Threads:     4
  QD/thread:   64
  Max write:   4.0 TB
============================================================

Replay started...

[    0.3s] IOs:       100212  IOPS:   394972  Throughput:  1542.9 MB/s  Total:    0.38 GB
[    0.5s] IOs:       200808  IOPS:   423180  Throughput:  1653.0 MB/s  Total:    0.77 GB
[    0.7s] IOs:       300906  IOPS:   430400  Throughput:  1681.3 MB/s  Total:    1.15 GB
[    0.9s] IOs:       401018  IOPS:   431429  Throughput:  1685.3 MB/s  Total:    1.53 GB
[    1.2s] IOs:       501293  IOPS:   407145  Throughput:  1590.4 MB/s  Total:    1.91 GB
[    1.5s] IOs:       601413  IOPS:   404922  Throughput:  1581.7 MB/s  Total:    2.29 GB
[    1.7s] IOs:       701591  IOPS:   408826  Throughput:  1597.0 MB/s  Total:    2.68 GB
[    2.1s] IOs:       802460  IOPS:   391146  Throughput:  1527.9 MB/s  Total:    3.06 GB
[    2.3s] IOs:       903490  IOPS:   396384  Throughput:  1548.4 MB/s  Total:    3.45 GB
[    2.5s] IOs:      1003559  IOPS:   395397  Throughput:  1544.5 MB/s  Total:    3.83 GB
[    2.8s] IOs:      1103647  IOPS:   394785  Throughput:  1542.1 MB/s  Total:    4.21 GB
[    3.0s] IOs:      1203764  IOPS:   395245  Throughput:  1543.9 MB/s  Total:    4.59 GB
[    3.3s] IOs:      1303837  IOPS:   399014  Throughput:  1558.6 MB/s  Total:    4.97 GB
[    3.5s] IOs:      1404764  IOPS:   400245  Throughput:  1563.5 MB/s  Total:    5.36 GB
[    3.8s] IOs:      1505780  IOPS:   400303  Throughput:  1563.7 MB/s  Total:    5.74 GB
[    4.0s] IOs:      1606789  IOPS:   402323  Throughput:  1571.6 MB/s  Total:    6.13 GB
[    4.3s] IOs:      1707595  IOPS:   398440  Throughput:  1556.4 MB/s  Total:    6.51 GB
[    4.5s] IOs:      1808448  IOPS:   400813  Throughput:  1565.7 MB/s  Total:    6.90 GB
[    4.7s] IOs:      1908627  IOPS:   403229  Throughput:  1575.1 MB/s  Total:    7.28 GB
[    4.9s] IOs:      2008720  IOPS:   405832  Throughput:  1585.3 MB/s  Total:    7.66 GB
[    5.2s] IOs:      2109598  IOPS:   408381  Throughput:  1595.2 MB/s  Total:    8.05 GB
[    5.4s] IOs:      2209735  IOPS:   410449  Throughput:  1603.3 MB/s  Total:    8.43 GB
[    5.6s] IOs:      2309971  IOPS:   413210  Throughput:  1614.1 MB/s  Total:    8.81 GB
[    5.8s] IOs:      2410770  IOPS:   416369  Throughput:  1626.4 MB/s  Total:    9.20 GB
[    6.0s] IOs:      2511356  IOPS:   417371  Throughput:  1630.4 MB/s  Total:    9.58 GB
[    6.2s] IOs:      2612024  IOPS:   419932  Throughput:  1640.4 MB/s  Total:    9.96 GB
[    6.5s] IOs:      2712965  IOPS:   418531  Throughput:  1634.9 MB/s  Total:   10.35 GB
[    6.7s] IOs:      2813901  IOPS:   421746  Throughput:  1647.4 MB/s  Total:   10.73 GB
[    6.9s] IOs:      2914787  IOPS:   424317  Throughput:  1657.5 MB/s  Total:   11.12 GB
[    7.1s] IOs:      3015604  IOPS:   426994  Throughput:  1667.9 MB/s  Total:   11.50 GB
[    7.3s] IOs:      3116475  IOPS:   428160  Throughput:  1672.5 MB/s  Total:   11.89 GB
[    7.5s] IOs:      3217423  IOPS:   429947  Throughput:  1679.5 MB/s  Total:   12.27 GB
[    7.7s] IOs:      3318340  IOPS:   432044  Throughput:  1687.7 MB/s  Total:   12.66 GB
[    7.9s] IOs:      3419343  IOPS:   434381  Throughput:  1696.8 MB/s  Total:   13.04 GB
[    8.1s] IOs:      3520195  IOPS:   435809  Throughput:  1702.4 MB/s  Total:   13.43 GB
[    8.3s] IOs:      3621062  IOPS:   437509  Throughput:  1709.0 MB/s  Total:   13.81 GB
[    8.5s] IOs:      3721892  IOPS:   438850  Throughput:  1714.3 MB/s  Total:   14.20 GB
[    8.7s] IOs:      3822886  IOPS:   440618  Throughput:  1721.2 MB/s  Total:   14.58 GB
[    8.9s] IOs:      3923741  IOPS:   441010  Throughput:  1722.7 MB/s  Total:   14.97 GB
[    9.1s] IOs:      4024677  IOPS:   442949  Throughput:  1730.3 MB/s  Total:   15.35 GB
[    9.3s] IOs:      4125473  IOPS:   444015  Throughput:  1734.4 MB/s  Total:   15.74 GB
[    9.5s] IOs:      4226300  IOPS:   444706  Throughput:  1737.1 MB/s  Total:   16.12 GB
[    9.7s] IOs:      4326349  IOPS:   445737  Throughput:  1741.2 MB/s  Total:   16.50 GB
[   10.2s] IOs:      4426863  IOPS:   435637  Throughput:  1701.7 MB/s  Total:   16.89 GB
[   10.4s] IOs:      4527866  IOPS:   437268  Throughput:  1708.1 MB/s  Total:   17.27 GB
[   10.6s] IOs:      4628887  IOPS:   438699  Throughput:  1713.7 MB/s  Total:   17.66 GB
[   10.8s] IOs:      4729026  IOPS:   439642  Throughput:  1717.4 MB/s  Total:   18.04 GB
[   11.0s] IOs:      4829973  IOPS:   440826  Throughput:  1722.0 MB/s  Total:   18.42 GB
[   11.2s] IOs:      4930141  IOPS:   442084  Throughput:  1726.9 MB/s  Total:   18.81 GB
[   11.4s] IOs:      5031025  IOPS:   443184  Throughput:  1731.2 MB/s  Total:   19.19 GB
[   11.5s] IOs:      5131703  IOPS:   444648  Throughput:  1736.9 MB/s  Total:   19.58 GB
[   11.7s] IOs:      5232561  IOPS:   446118  Throughput:  1742.6 MB/s  Total:   19.96 GB
[   11.9s] IOs:      5332567  IOPS:   447367  Throughput:  1747.5 MB/s  Total:   20.34 GB
[   12.1s] IOs:      5432712  IOPS:   448350  Throughput:  1751.4 MB/s  Total:   20.72 GB
[   12.3s] IOs:      5532774  IOPS:   449337  Throughput:  1755.2 MB/s  Total:   21.11 GB
[   12.5s] IOs:      5633688  IOPS:   450410  Throughput:  1759.4 MB/s  Total:   21.49 GB
[   12.7s] IOs:      5734383  IOPS:   451579  Throughput:  1764.0 MB/s  Total:   21.87 GB
[   12.9s] IOs:      5834518  IOPS:   452590  Throughput:  1767.9 MB/s  Total:   22.26 GB
[   13.1s] IOs:      5935399  IOPS:   453458  Throughput:  1771.3 MB/s  Total:   22.64 GB
[   13.3s] IOs:      6036244  IOPS:   453971  Throughput:  1773.3 MB/s  Total:   23.03 GB
[   13.5s] IOs:      6136927  IOPS:   454132  Throughput:  1774.0 MB/s  Total:   23.41 GB
[   13.7s] IOs:      6237629  IOPS:   455071  Throughput:  1777.6 MB/s  Total:   23.79 GB
[   13.9s] IOs:      6338559  IOPS:   455543  Throughput:  1779.5 MB/s  Total:   24.18 GB
[   14.1s] IOs:      6439548  IOPS:   456415  Throughput:  1782.9 MB/s  Total:   24.56 GB
[   14.3s] IOs:      6540521  IOPS:   457170  Throughput:  1785.8 MB/s  Total:   24.95 GB
[   14.5s] IOs:      6641311  IOPS:   457815  Throughput:  1788.3 MB/s  Total:   25.33 GB
[   14.7s] IOs:      6742010  IOPS:   458621  Throughput:  1791.5 MB/s  Total:   25.72 GB
[   14.9s] IOs:      6842094  IOPS:   459210  Throughput:  1793.8 MB/s  Total:   26.10 GB
[   15.1s] IOs:      6942738  IOPS:   459973  Throughput:  1796.8 MB/s  Total:   26.48 GB
[   15.3s] IOs:      7042813  IOPS:   460504  Throughput:  1798.8 MB/s  Total:   26.87 GB
[   15.5s] IOs:      7143508  IOPS:   461320  Throughput:  1802.0 MB/s  Total:   27.25 GB
[   15.7s] IOs:      7244497  IOPS:   461744  Throughput:  1803.7 MB/s  Total:   27.64 GB
[Reader] Parsed 1000000 lines, distributed 7247812 writes, unique 16.93 GB, skipped 0
[   15.9s] IOs:      7345216  IOPS:   462638  Throughput:  1807.2 MB/s  Total:   28.02 GB
[   16.1s] IOs:      7446073  IOPS:   462890  Throughput:  1808.2 MB/s  Total:   28.40 GB
[   16.3s] IOs:      7546963  IOPS:   463649  Throughput:  1811.1 MB/s  Total:   28.79 GB
[   16.5s] IOs:      7647030  IOPS:   464459  Throughput:  1814.3 MB/s  Total:   29.17 GB
[   16.7s] IOs:      7747681  IOPS:   464986  Throughput:  1816.4 MB/s  Total:   29.56 GB
[   16.9s] IOs:      7848386  IOPS:   464976  Throughput:  1816.3 MB/s  Total:   29.94 GB
[   17.1s] IOs:      7949283  IOPS:   465387  Throughput:  1817.9 MB/s  Total:   30.32 GB
[   17.3s] IOs:      8050054  IOPS:   465383  Throughput:  1817.9 MB/s  Total:   30.71 GB
[   17.5s] IOs:      8150144  IOPS:   466029  Throughput:  1820.4 MB/s  Total:   31.09 GB
[   17.7s] IOs:      8250777  IOPS:   466718  Throughput:  1823.1 MB/s  Total:   31.47 GB
[   17.9s] IOs:      8351405  IOPS:   467350  Throughput:  1825.6 MB/s  Total:   31.86 GB
[   18.1s] IOs:      8451432  IOPS:   467714  Throughput:  1827.0 MB/s  Total:   32.24 GB
[   18.3s] IOs:      8551472  IOPS:   468047  Throughput:  1828.3 MB/s  Total:   32.62 GB
[   18.5s] IOs:      8652255  IOPS:   468691  Throughput:  1830.8 MB/s  Total:   33.01 GB
[   18.7s] IOs:      8752938  IOPS:   469171  Throughput:  1832.7 MB/s  Total:   33.39 GB
[   18.9s] IOs:      8853740  IOPS:   469247  Throughput:  1833.0 MB/s  Total:   33.77 GB
[   19.1s] IOs:      8954571  IOPS:   469766  Throughput:  1835.0 MB/s  Total:   34.16 GB
[   19.3s] IOs:      9055334  IOPS:   470291  Throughput:  1837.1 MB/s  Total:   34.54 GB
[   19.5s] IOs:      9155997  IOPS:   470651  Throughput:  1838.5 MB/s  Total:   34.93 GB
[   19.7s] IOs:      9256804  IOPS:   470706  Throughput:  1838.7 MB/s  Total:   35.31 GB
[   19.9s] IOs:      9357703  IOPS:   471316  Throughput:  1841.1 MB/s  Total:   35.70 GB
[   20.1s] IOs:      9458421  IOPS:   471576  Throughput:  1842.1 MB/s  Total:   36.08 GB
[   20.2s] IOs:      9559355  IOPS:   472238  Throughput:  1844.7 MB/s  Total:   36.47 GB
[   20.4s] IOs:      9659547  IOPS:   472746  Throughput:  1846.7 MB/s  Total:   36.85 GB
[   20.6s] IOs:      9759611  IOPS:   473129  Throughput:  1848.2 MB/s  Total:   37.23 GB
[   20.8s] IOs:      9860149  IOPS:   473448  Throughput:  1849.4 MB/s  Total:   37.61 GB
[   21.0s] IOs:      9960849  IOPS:   473770  Throughput:  1850.7 MB/s  Total:   38.00 GB
[   21.2s] IOs:     10061760  IOPS:   474347  Throughput:  1852.9 MB/s  Total:   38.38 GB
[   21.4s] IOs:     10161983  IOPS:   474893  Throughput:  1855.1 MB/s  Total:   38.76 GB
[   21.6s] IOs:     10262848  IOPS:   475227  Throughput:  1856.4 MB/s  Total:   39.15 GB
[   21.8s] IOs:     10363722  IOPS:   475826  Throughput:  1858.7 MB/s  Total:   39.53 GB
[   22.0s] IOs:     10464566  IOPS:   476078  Throughput:  1859.7 MB/s  Total:   39.92 GB
[   22.7s] IOs:     10564635  IOPS:   466288  Throughput:  1821.4 MB/s  Total:   40.30 GB
[   22.9s] IOs:     10665470  IOPS:   466681  Throughput:  1823.0 MB/s  Total:   40.69 GB
[   23.0s] IOs:     10766431  IOPS:   467245  Throughput:  1825.2 MB/s  Total:   41.07 GB
[   23.3s] IOs:     10866457  IOPS:   467373  Throughput:  1825.7 MB/s  Total:   41.45 GB
[   23.4s] IOs:     10967205  IOPS:   467758  Throughput:  1827.2 MB/s  Total:   41.84 GB
[   23.6s] IOs:     11068139  IOPS:   468142  Throughput:  1828.7 MB/s  Total:   42.22 GB
[   23.9s] IOs:     11169144  IOPS:   468225  Throughput:  1829.0 MB/s  Total:   42.61 GB
[   24.1s] IOs:     11269948  IOPS:   468600  Throughput:  1830.5 MB/s  Total:   42.99 GB
[   24.2s] IOs:     11370828  IOPS:   469029  Throughput:  1832.1 MB/s  Total:   43.38 GB
[   24.4s] IOs:     11471609  IOPS:   469505  Throughput:  1834.0 MB/s  Total:   43.76 GB
[   24.6s] IOs:     11572573  IOPS:   469742  Throughput:  1834.9 MB/s  Total:   44.15 GB
[   24.8s] IOs:     11673392  IOPS:   470345  Throughput:  1837.3 MB/s  Total:   44.53 GB
[   25.0s] IOs:     11774186  IOPS:   470777  Throughput:  1839.0 MB/s  Total:   44.91 GB
[   25.2s] IOs:     11874220  IOPS:   471093  Throughput:  1840.2 MB/s  Total:   45.30 GB
[   25.4s] IOs:     11975125  IOPS:   471463  Throughput:  1841.7 MB/s  Total:   45.68 GB
[   25.6s] IOs:     12075987  IOPS:   471839  Throughput:  1843.1 MB/s  Total:   46.07 GB
[   25.8s] IOs:     12176703  IOPS:   472073  Throughput:  1844.0 MB/s  Total:   46.45 GB
[   26.0s] IOs:     12277647  IOPS:   472630  Throughput:  1846.2 MB/s  Total:   46.84 GB
[   26.2s] IOs:     12378569  IOPS:   473017  Throughput:  1847.7 MB/s  Total:   47.22 GB
[   26.4s] IOs:     12479317  IOPS:   473184  Throughput:  1848.4 MB/s  Total:   47.60 GB
[   26.6s] IOs:     12580126  IOPS:   473628  Throughput:  1850.1 MB/s  Total:   47.99 GB
[   26.8s] IOs:     12680861  IOPS:   473789  Throughput:  1850.7 MB/s  Total:   48.37 GB
[   27.0s] IOs:     12781832  IOPS:   474048  Throughput:  1851.7 MB/s  Total:   48.76 GB
[   27.2s] IOs:     12882589  IOPS:   474462  Throughput:  1853.4 MB/s  Total:   49.14 GB
[   27.4s] IOs:     12983269  IOPS:   474607  Throughput:  1853.9 MB/s  Total:   49.53 GB
[   27.6s] IOs:     13084130  IOPS:   474784  Throughput:  1854.6 MB/s  Total:   49.91 GB
[   27.8s] IOs:     13185050  IOPS:   475076  Throughput:  1855.8 MB/s  Total:   50.30 GB
[   27.9s] IOs:     13285817  IOPS:   475468  Throughput:  1857.3 MB/s  Total:   50.68 GB
[   28.1s] IOs:     13386747  IOPS:   475809  Throughput:  1858.6 MB/s  Total:   51.07 GB
[   28.3s] IOs:     13487555  IOPS:   476142  Throughput:  1859.9 MB/s  Total:   51.45 GB
[Reader] Parsed 2000000 lines, distributed 13582919 writes, unique 27.39 GB, skipped 0
[   28.5s] IOs:     13588240  IOPS:   476337  Throughput:  1860.7 MB/s  Total:   51.84 GB
[   28.7s] IOs:     13689025  IOPS:   476723  Throughput:  1862.2 MB/s  Total:   52.22 GB
[   28.9s] IOs:     13789875  IOPS:   476996  Throughput:  1863.3 MB/s  Total:   52.60 GB
[   29.1s] IOs:     13890759  IOPS:   477207  Throughput:  1864.1 MB/s  Total:   52.99 GB
[   29.3s] IOs:     13990851  IOPS:   477598  Throughput:  1865.6 MB/s  Total:   53.37 GB
[   29.5s] IOs:     14091780  IOPS:   477729  Throughput:  1866.1 MB/s  Total:   53.76 GB
[   29.7s] IOs:     14192771  IOPS:   477953  Throughput:  1867.0 MB/s  Total:   54.14 GB
[   29.9s] IOs:     14292796  IOPS:   478145  Throughput:  1867.8 MB/s  Total:   54.52 GB
[   30.1s] IOs:     14393576  IOPS:   478398  Throughput:  1868.7 MB/s  Total:   54.91 GB
[   30.3s] IOs:     14494144  IOPS:   478617  Throughput:  1869.6 MB/s  Total:   55.29 GB
[   30.5s] IOs:     14594921  IOPS:   478758  Throughput:  1870.1 MB/s  Total:   55.68 GB
[   30.7s] IOs:     14695690  IOPS:   478691  Throughput:  1869.9 MB/s  Total:   56.06 GB
[   30.9s] IOs:     14796617  IOPS:   478767  Throughput:  1870.2 MB/s  Total:   56.44 GB
[   31.1s] IOs:     14897591  IOPS:   478758  Throughput:  1870.1 MB/s  Total:   56.83 GB
[   31.3s] IOs:     14998457  IOPS:   479021  Throughput:  1871.2 MB/s  Total:   57.21 GB
[   31.5s] IOs:     15099336  IOPS:   479388  Throughput:  1872.6 MB/s  Total:   57.60 GB
[   31.7s] IOs:     15199354  IOPS:   479672  Throughput:  1873.7 MB/s  Total:   57.98 GB
[   31.9s] IOs:     15300306  IOPS:   479727  Throughput:  1873.9 MB/s  Total:   58.37 GB
[   32.1s] IOs:     15401104  IOPS:   479671  Throughput:  1873.7 MB/s  Total:   58.75 GB
[   32.3s] IOs:     15502084  IOPS:   479760  Throughput:  1874.1 MB/s  Total:   59.14 GB
[   32.5s] IOs:     15602692  IOPS:   479887  Throughput:  1874.6 MB/s  Total:   59.52 GB
[   32.7s] IOs:     15703348  IOPS:   480165  Throughput:  1875.6 MB/s  Total:   59.90 GB
[   32.9s] IOs:     15804352  IOPS:   480068  Throughput:  1875.3 MB/s  Total:   60.29 GB
[   33.1s] IOs:     15904882  IOPS:   480164  Throughput:  1875.6 MB/s  Total:   60.67 GB
[   33.3s] IOs:     16005022  IOPS:   480357  Throughput:  1876.4 MB/s  Total:   61.05 GB
[   33.5s] IOs:     16105878  IOPS:   480481  Throughput:  1876.9 MB/s  Total:   61.44 GB
[   33.7s] IOs:     16206565  IOPS:   480629  Throughput:  1877.5 MB/s  Total:   61.82 GB
[   33.9s] IOs:     16306578  IOPS:   480839  Throughput:  1878.3 MB/s  Total:   62.20 GB
[   34.1s] IOs:     16406660  IOPS:   481152  Throughput:  1879.5 MB/s  Total:   62.59 GB
[   34.3s] IOs:     16506661  IOPS:   481370  Throughput:  1880.4 MB/s  Total:   62.97 GB
[   34.5s] IOs:     16607249  IOPS:   481520  Throughput:  1880.9 MB/s  Total:   63.35 GB
[   34.7s] IOs:     16708082  IOPS:   481522  Throughput:  1880.9 MB/s  Total:   63.74 GB
[   34.9s] IOs:     16809001  IOPS:   481732  Throughput:  1881.8 MB/s  Total:   64.12 GB
[   35.1s] IOs:     16909542  IOPS:   482047  Throughput:  1883.0 MB/s  Total:   64.50 GB
[   35.3s] IOs:     17010544  IOPS:   482070  Throughput:  1883.1 MB/s  Total:   64.89 GB
[   35.5s] IOs:     17111461  IOPS:   482170  Throughput:  1883.5 MB/s  Total:   65.28 GB
[   35.7s] IOs:     17212233  IOPS:   482377  Throughput:  1884.3 MB/s  Total:   65.66 GB
[   35.9s] IOs:     17312817  IOPS:   482516  Throughput:  1884.8 MB/s  Total:   66.04 GB
[   36.1s] IOs:     17413040  IOPS:   482816  Throughput:  1886.0 MB/s  Total:   66.43 GB
[   36.3s] IOs:     17513902  IOPS:   483117  Throughput:  1887.2 MB/s  Total:   66.81 GB
[   36.5s] IOs:     17614708  IOPS:   483246  Throughput:  1887.7 MB/s  Total:   67.19 GB
[   36.6s] IOs:     17715650  IOPS:   483410  Throughput:  1888.3 MB/s  Total:   67.58 GB
[   36.9s] IOs:     17816411  IOPS:   483476  Throughput:  1888.6 MB/s  Total:   67.96 GB
[   37.0s] IOs:     17917262  IOPS:   483765  Throughput:  1889.7 MB/s  Total:   68.35 GB
[   37.2s] IOs:     18018254  IOPS:   483934  Throughput:  1890.4 MB/s  Total:   68.73 GB
[   37.4s] IOs:     18118303  IOPS:   484228  Throughput:  1891.5 MB/s  Total:   69.12 GB
[   37.6s] IOs:     18218447  IOPS:   484360  Throughput:  1892.0 MB/s  Total:   69.50 GB
[   37.8s] IOs:     18319200  IOPS:   484435  Throughput:  1892.3 MB/s  Total:   69.88 GB
[   38.0s] IOs:     18419801  IOPS:   484515  Throughput:  1892.6 MB/s  Total:   70.27 GB
[   38.2s] IOs:     18520599  IOPS:   484609  Throughput:  1893.0 MB/s  Total:   70.65 GB
[   38.4s] IOs:     18621550  IOPS:   484864  Throughput:  1894.0 MB/s  Total:   71.04 GB
[   38.6s] IOs:     18722484  IOPS:   485031  Throughput:  1894.7 MB/s  Total:   71.42 GB
[   38.8s] IOs:     18822645  IOPS:   485205  Throughput:  1895.3 MB/s  Total:   71.80 GB
[   39.0s] IOs:     18923578  IOPS:   485178  Throughput:  1895.2 MB/s  Total:   72.19 GB
[   39.2s] IOs:     19024500  IOPS:   485467  Throughput:  1896.4 MB/s  Total:   72.57 GB
[   39.4s] IOs:     19124587  IOPS:   485708  Throughput:  1897.3 MB/s  Total:   72.95 GB
[   39.6s] IOs:     19225438  IOPS:   485977  Throughput:  1898.3 MB/s  Total:   73.34 GB
[   39.8s] IOs:     19326100  IOPS:   486118  Throughput:  1898.9 MB/s  Total:   73.72 GB
[   39.9s] IOs:     19426979  IOPS:   486382  Throughput:  1899.9 MB/s  Total:   74.11 GB
[   40.1s] IOs:     19527758  IOPS:   486641  Throughput:  1900.9 MB/s  Total:   74.49 GB
[   40.4s] IOs:     19628382  IOPS:   486395  Throughput:  1900.0 MB/s  Total:   74.88 GB
[   40.6s] IOs:     19729140  IOPS:   486483  Throughput:  1900.3 MB/s  Total:   75.26 GB
[   40.8s] IOs:     19829834  IOPS:   486567  Throughput:  1900.7 MB/s  Total:   75.64 GB
[   41.0s] IOs:     19930648  IOPS:   486588  Throughput:  1900.7 MB/s  Total:   76.03 GB
[   41.2s] IOs:     20031459  IOPS:   486110  Throughput:  1898.9 MB/s  Total:   76.41 GB
[   41.4s] IOs:     20132385  IOPS:   486310  Throughput:  1899.6 MB/s  Total:   76.80 GB
[   41.6s] IOs:     20233323  IOPS:   486579  Throughput:  1900.7 MB/s  Total:   77.18 GB
[   41.8s] IOs:     20334174  IOPS:   486721  Throughput:  1901.3 MB/s  Total:   77.57 GB
[   42.0s] IOs:     20434245  IOPS:   486809  Throughput:  1901.6 MB/s  Total:   77.95 GB
[   42.2s] IOs:     20535257  IOPS:   486797  Throughput:  1901.6 MB/s  Total:   78.34 GB
[   42.4s] IOs:     20636111  IOPS:   486927  Throughput:  1902.1 MB/s  Total:   78.72 GB
[   42.6s] IOs:     20736874  IOPS:   487004  Throughput:  1902.4 MB/s  Total:   79.10 GB
[   42.8s] IOs:     20837762  IOPS:   487160  Throughput:  1903.0 MB/s  Total:   79.49 GB
[   43.0s] IOs:     20938570  IOPS:   486946  Throughput:  1902.1 MB/s  Total:   79.87 GB
[   43.2s] IOs:     21039313  IOPS:   487180  Throughput:  1903.0 MB/s  Total:   80.26 GB
[   43.4s] IOs:     21140306  IOPS:   486997  Throughput:  1902.3 MB/s  Total:   80.64 GB
[   43.6s] IOs:     21241133  IOPS:   487229  Throughput:  1903.2 MB/s  Total:   81.03 GB
[   43.8s] IOs:     21341894  IOPS:   487314  Throughput:  1903.6 MB/s  Total:   81.41 GB
[   44.0s] IOs:     21442854  IOPS:   487541  Throughput:  1904.5 MB/s  Total:   81.80 GB
[   44.2s] IOs:     21543769  IOPS:   487726  Throughput:  1905.2 MB/s  Total:   82.18 GB
[   44.4s] IOs:     21643845  IOPS:   487932  Throughput:  1906.0 MB/s  Total:   82.56 GB
[   44.6s] IOs:     21743923  IOPS:   488037  Throughput:  1906.4 MB/s  Total:   82.95 GB
[   44.8s] IOs:     21844621  IOPS:   488105  Throughput:  1906.7 MB/s  Total:   83.33 GB
[   44.9s] IOs:     21945452  IOPS:   488291  Throughput:  1907.4 MB/s  Total:   83.72 GB
[   45.1s] IOs:     22046322  IOPS:   488450  Throughput:  1908.0 MB/s  Total:   84.10 GB
[   45.3s] IOs:     22147015  IOPS:   488546  Throughput:  1908.4 MB/s  Total:   84.48 GB
[   45.5s] IOs:     22247932  IOPS:   488638  Throughput:  1908.7 MB/s  Total:   84.87 GB
[   45.7s] IOs:     22348857  IOPS:   488787  Throughput:  1909.3 MB/s  Total:   85.25 GB
[   45.9s] IOs:     22449569  IOPS:   488958  Throughput:  1910.0 MB/s  Total:   85.64 GB
[   46.1s] IOs:     22550347  IOPS:   488869  Throughput:  1909.6 MB/s  Total:   86.02 GB
[   47.2s] IOs:     22650496  IOPS:   479447  Throughput:  1872.8 MB/s  Total:   86.40 GB
[   47.4s] IOs:     22750562  IOPS:   479502  Throughput:  1873.1 MB/s  Total:   86.79 GB
[   47.6s] IOs:     22851133  IOPS:   479662  Throughput:  1873.7 MB/s  Total:   87.17 GB
[   47.8s] IOs:     22951900  IOPS:   479692  Throughput:  1873.8 MB/s  Total:   87.55 GB
[Reader] Parsed 3000000 lines, distributed 22966980 writes, unique 46.77 GB, skipped 0
[   48.0s] IOs:     23052727  IOPS:   479787  Throughput:  1874.2 MB/s  Total:   87.94 GB
[   48.2s] IOs:     23152764  IOPS:   479982  Throughput:  1874.9 MB/s  Total:   88.32 GB
[   48.4s] IOs:     23253656  IOPS:   480010  Throughput:  1875.0 MB/s  Total:   88.71 GB
[   48.6s] IOs:     23354490  IOPS:   480128  Throughput:  1875.5 MB/s  Total:   89.09 GB
[   48.8s] IOs:     23455232  IOPS:   480318  Throughput:  1876.2 MB/s  Total:   89.47 GB
[   49.0s] IOs:     23556089  IOPS:   480545  Throughput:  1877.1 MB/s  Total:   89.86 GB
[   49.2s] IOs:     23656175  IOPS:   480700  Throughput:  1877.7 MB/s  Total:   90.24 GB
[   49.4s] IOs:     23757070  IOPS:   480788  Throughput:  1878.1 MB/s  Total:   90.63 GB
[   49.6s] IOs:     23857811  IOPS:   480822  Throughput:  1878.2 MB/s  Total:   91.01 GB
[   49.8s] IOs:     23958612  IOPS:   480662  Throughput:  1877.6 MB/s  Total:   91.39 GB
[   50.0s] IOs:     24059443  IOPS:   480811  Throughput:  1878.2 MB/s  Total:   91.78 GB
[   50.2s] IOs:     24160227  IOPS:   480931  Throughput:  1878.6 MB/s  Total:   92.16 GB
[   50.4s] IOs:     24261126  IOPS:   481062  Throughput:  1879.1 MB/s  Total:   92.55 GB
[   50.6s] IOs:     24362038  IOPS:   481288  Throughput:  1880.0 MB/s  Total:   92.93 GB
[   50.8s] IOs:     24463016  IOPS:   481458  Throughput:  1880.7 MB/s  Total:   93.32 GB
[   51.0s] IOs:     24563723  IOPS:   481716  Throughput:  1881.7 MB/s  Total:   93.70 GB
[   51.2s] IOs:     24664492  IOPS:   481929  Throughput:  1882.5 MB/s  Total:   94.09 GB
[   51.4s] IOs:     24765506  IOPS:   482104  Throughput:  1883.2 MB/s  Total:   94.47 GB
[   51.6s] IOs:     24866029  IOPS:   482219  Throughput:  1883.7 MB/s  Total:   94.86 GB
[   51.8s] IOs:     24966821  IOPS:   482261  Throughput:  1883.8 MB/s  Total:   95.24 GB
[   52.0s] IOs:     25067719  IOPS:   482119  Throughput:  1883.3 MB/s  Total:   95.63 GB
[   52.2s] IOs:     25168492  IOPS:   482134  Throughput:  1883.3 MB/s  Total:   96.01 GB
[   52.4s] IOs:     25268606  IOPS:   482362  Throughput:  1884.2 MB/s  Total:   96.39 GB
[   52.6s] IOs:     25369615  IOPS:   482394  Throughput:  1884.3 MB/s  Total:   96.78 GB
[   52.8s] IOs:     25470364  IOPS:   482573  Throughput:  1885.1 MB/s  Total:   97.16 GB
[   53.0s] IOs:     25571021  IOPS:   482643  Throughput:  1885.3 MB/s  Total:   97.55 GB
[   53.2s] IOs:     25671847  IOPS:   482839  Throughput:  1886.1 MB/s  Total:   97.93 GB
[   53.4s] IOs:     25772804  IOPS:   482963  Throughput:  1886.6 MB/s  Total:   98.32 GB
[   53.6s] IOs:     25873650  IOPS:   482893  Throughput:  1886.3 MB/s  Total:   98.70 GB
[   53.8s] IOs:     25974530  IOPS:   483068  Throughput:  1887.0 MB/s  Total:   99.08 GB
[   54.0s] IOs:     26075345  IOPS:   483040  Throughput:  1886.9 MB/s  Total:   99.47 GB
[   54.2s] IOs:     26176089  IOPS:   483169  Throughput:  1887.4 MB/s  Total:   99.85 GB
[   54.4s] IOs:     26276833  IOPS:   483287  Throughput:  1887.8 MB/s  Total:  100.24 GB
[   54.6s] IOs:     26377621  IOPS:   483423  Throughput:  1888.4 MB/s  Total:  100.62 GB
[   54.8s] IOs:     26478576  IOPS:   483547  Throughput:  1888.9 MB/s  Total:  101.01 GB
[   55.0s] IOs:     26579438  IOPS:   483561  Throughput:  1888.9 MB/s  Total:  101.39 GB
[   55.2s] IOs:     26680381  IOPS:   483585  Throughput:  1889.0 MB/s  Total:  101.78 GB
[   55.4s] IOs:     26781343  IOPS:   483658  Throughput:  1889.3 MB/s  Total:  102.16 GB
[   55.6s] IOs:     26881481  IOPS:   483769  Throughput:  1889.7 MB/s  Total:  102.54 GB
[   55.8s] IOs:     26982333  IOPS:   483926  Throughput:  1890.3 MB/s  Total:  102.93 GB
[   56.0s] IOs:     27083233  IOPS:   483883  Throughput:  1890.2 MB/s  Total:  103.31 GB
[   56.2s] IOs:     27183929  IOPS:   484057  Throughput:  1890.8 MB/s  Total:  103.70 GB
[   56.4s] IOs:     27284748  IOPS:   484116  Throughput:  1891.1 MB/s  Total:  104.08 GB
[   56.6s] IOs:     27384882  IOPS:   484232  Throughput:  1891.5 MB/s  Total:  104.47 GB
[   56.8s] IOs:     27485614  IOPS:   484301  Throughput:  1891.8 MB/s  Total:  104.85 GB
[   56.9s] IOs:     27586423  IOPS:   484440  Throughput:  1892.3 MB/s  Total:  105.23 GB
[   57.1s] IOs:     27687057  IOPS:   484592  Throughput:  1892.9 MB/s  Total:  105.62 GB
[   57.3s] IOs:     27787969  IOPS:   484785  Throughput:  1893.7 MB/s  Total:  106.00 GB
[   57.5s] IOs:     27888138  IOPS:   484918  Throughput:  1894.2 MB/s  Total:  106.38 GB
[   57.7s] IOs:     27988882  IOPS:   484981  Throughput:  1894.5 MB/s  Total:  106.77 GB
[   57.9s] IOs:     28089703  IOPS:   484933  Throughput:  1894.3 MB/s  Total:  107.15 GB
[   58.1s] IOs:     28190632  IOPS:   484894  Throughput:  1894.1 MB/s  Total:  107.54 GB
[   58.4s] IOs:     28291438  IOPS:   484843  Throughput:  1893.9 MB/s  Total:  107.92 GB
[   58.6s] IOs:     28392380  IOPS:   484909  Throughput:  1894.2 MB/s  Total:  108.31 GB
[   58.7s] IOs:     28493432  IOPS:   485004  Throughput:  1894.5 MB/s  Total:  108.69 GB
[   59.0s] IOs:     28594383  IOPS:   485057  Throughput:  1894.8 MB/s  Total:  109.08 GB
[   59.1s] IOs:     28695234  IOPS:   485181  Throughput:  1895.2 MB/s  Total:  109.46 GB
[   59.4s] IOs:     28796026  IOPS:   485189  Throughput:  1895.3 MB/s  Total:  109.85 GB
[   59.5s] IOs:     28896147  IOPS:   485329  Throughput:  1895.8 MB/s  Total:  110.23 GB
[   59.7s] IOs:     28997133  IOPS:   485498  Throughput:  1896.5 MB/s  Total:  110.62 GB
[   59.9s] IOs:     29097230  IOPS:   485655  Throughput:  1897.1 MB/s  Total:  111.00 GB
[   60.1s] IOs:     29198070  IOPS:   485813  Throughput:  1897.7 MB/s  Total:  111.38 GB
[   60.3s] IOs:     29298906  IOPS:   485896  Throughput:  1898.0 MB/s  Total:  111.77 GB
[   60.5s] IOs:     29399672  IOPS:   485716  Throughput:  1897.3 MB/s  Total:  112.15 GB
[   60.7s] IOs:     29500631  IOPS:   485825  Throughput:  1897.8 MB/s  Total:  112.54 GB
[   60.9s] IOs:     29600664  IOPS:   485907  Throughput:  1898.1 MB/s  Total:  112.92 GB
[   61.1s] IOs:     29700745  IOPS:   486068  Throughput:  1898.7 MB/s  Total:  113.30 GB
[   61.3s] IOs:     29801548  IOPS:   486161  Throughput:  1899.1 MB/s  Total:  113.68 GB
[   61.5s] IOs:     29902400  IOPS:   486287  Throughput:  1899.6 MB/s  Total:  114.07 GB
[   61.7s] IOs:     30003179  IOPS:   486285  Throughput:  1899.6 MB/s  Total:  114.45 GB
[   61.9s] IOs:     30103199  IOPS:   486352  Throughput:  1899.8 MB/s  Total:  114.83 GB
[   62.1s] IOs:     30203295  IOPS:   486541  Throughput:  1900.6 MB/s  Total:  115.22 GB
[   62.3s] IOs:     30304328  IOPS:   486632  Throughput:  1900.9 MB/s  Total:  115.60 GB
[   62.5s] IOs:     30405240  IOPS:   486736  Throughput:  1901.3 MB/s  Total:  115.99 GB
[   62.7s] IOs:     30505346  IOPS:   486841  Throughput:  1901.7 MB/s  Total:  116.37 GB
[   62.9s] IOs:     30606395  IOPS:   486946  Throughput:  1902.1 MB/s  Total:  116.75 GB
[   63.1s] IOs:     30706904  IOPS:   487024  Throughput:  1902.4 MB/s  Total:  117.14 GB
[   63.2s] IOs:     30807693  IOPS:   487099  Throughput:  1902.7 MB/s  Total:  117.52 GB
[   63.4s] IOs:     30908510  IOPS:   487166  Throughput:  1903.0 MB/s  Total:  117.91 GB
[   63.6s] IOs:     31009426  IOPS:   487330  Throughput:  1903.6 MB/s  Total:  118.29 GB
[   63.8s] IOs:     31110245  IOPS:   487420  Throughput:  1904.0 MB/s  Total:  118.68 GB
[   64.0s] IOs:     31210314  IOPS:   487578  Throughput:  1904.6 MB/s  Total:  119.06 GB
[   64.2s] IOs:     31311258  IOPS:   487730  Throughput:  1905.2 MB/s  Total:  119.44 GB
[   64.4s] IOs:     31412183  IOPS:   487756  Throughput:  1905.3 MB/s  Total:  119.83 GB
[Reader] Parsed 4000000 lines, distributed 31458108 writes, unique 63.07 GB, skipped 0
[   64.6s] IOs:     31513141  IOPS:   487787  Throughput:  1905.4 MB/s  Total:  120.21 GB
[   64.8s] IOs:     31613154  IOPS:   487878  Throughput:  1905.8 MB/s  Total:  120.59 GB
[   65.0s] IOs:     31714130  IOPS:   487902  Throughput:  1905.9 MB/s  Total:  120.98 GB
[   65.2s] IOs:     31814914  IOPS:   488031  Throughput:  1906.4 MB/s  Total:  121.36 GB
[   65.4s] IOs:     31915728  IOPS:   488040  Throughput:  1906.4 MB/s  Total:  121.75 GB
[   65.6s] IOs:     32016333  IOPS:   488137  Throughput:  1906.8 MB/s  Total:  122.13 GB
[   65.8s] IOs:     32117280  IOPS:   488072  Throughput:  1906.5 MB/s  Total:  122.52 GB
[   66.0s] IOs:     32218094  IOPS:   488176  Throughput:  1906.9 MB/s  Total:  122.90 GB
[   66.2s] IOs:     32318877  IOPS:   488287  Throughput:  1907.4 MB/s  Total:  123.29 GB
[   66.4s] IOs:     32419825  IOPS:   488384  Throughput:  1907.7 MB/s  Total:  123.67 GB
[   66.6s] IOs:     32519894  IOPS:   488484  Throughput:  1908.1 MB/s  Total:  124.05 GB
[   66.8s] IOs:     32620858  IOPS:   488481  Throughput:  1908.1 MB/s  Total:  124.44 GB
[   67.0s] IOs:     32721812  IOPS:   488507  Throughput:  1908.2 MB/s  Total:  124.82 GB
[   67.2s] IOs:     32822674  IOPS:   488546  Throughput:  1908.4 MB/s  Total:  125.21 GB
[   67.4s] IOs:     32923546  IOPS:   488637  Throughput:  1908.7 MB/s  Total:  125.59 GB
[   67.6s] IOs:     33024309  IOPS:   488607  Throughput:  1908.6 MB/s  Total:  125.98 GB
[   67.8s] IOs:     33125107  IOPS:   488499  Throughput:  1908.2 MB/s  Total:  126.36 GB
[   68.0s] IOs:     33225310  IOPS:   488614  Throughput:  1908.6 MB/s  Total:  126.74 GB
[   68.2s] IOs:     33325440  IOPS:   488749  Throughput:  1909.2 MB/s  Total:  127.13 GB
[   68.4s] IOs:     33426417  IOPS:   488814  Throughput:  1909.4 MB/s  Total:  127.51 GB
[   68.6s] IOs:     33527196  IOPS:   488800  Throughput:  1909.4 MB/s  Total:  127.90 GB
[   68.8s] IOs:     33627285  IOPS:   488883  Throughput:  1909.7 MB/s  Total:  128.28 GB
[   69.0s] IOs:     33728097  IOPS:   488916  Throughput:  1909.8 MB/s  Total:  128.66 GB
[   69.2s] IOs:     33829011  IOPS:   488957  Throughput:  1910.0 MB/s  Total:  129.05 GB
[   69.4s] IOs:     33929735  IOPS:   488983  Throughput:  1910.1 MB/s  Total:  129.43 GB
[   69.6s] IOs:     34029765  IOPS:   489068  Throughput:  1910.4 MB/s  Total:  129.81 GB
[   69.8s] IOs:     34130400  IOPS:   489100  Throughput:  1910.5 MB/s  Total:  130.20 GB
[   70.0s] IOs:     34231252  IOPS:   489222  Throughput:  1911.0 MB/s  Total:  130.58 GB
[   70.2s] IOs:     34332211  IOPS:   489336  Throughput:  1911.5 MB/s  Total:  130.97 GB
[   70.3s] IOs:     34433140  IOPS:   489458  Throughput:  1911.9 MB/s  Total:  131.35 GB
[   70.5s] IOs:     34533949  IOPS:   489584  Throughput:  1912.4 MB/s  Total:  131.74 GB
[   70.7s] IOs:     34634714  IOPS:   489672  Throughput:  1912.8 MB/s  Total:  132.12 GB
[   70.9s] IOs:     34735596  IOPS:   489692  Throughput:  1912.9 MB/s  Total:  132.51 GB
[   71.1s] IOs:     34836412  IOPS:   489799  Throughput:  1913.3 MB/s  Total:  132.89 GB
[   71.3s] IOs:     34937185  IOPS:   489908  Throughput:  1913.7 MB/s  Total:  133.27 GB
[   71.5s] IOs:     35038109  IOPS:   489969  Throughput:  1913.9 MB/s  Total:  133.66 GB
[   71.7s] IOs:     35139013  IOPS:   490072  Throughput:  1914.3 MB/s  Total:  134.04 GB
[   71.9s] IOs:     35240001  IOPS:   490083  Throughput:  1914.4 MB/s  Total:  134.43 GB
[   72.1s] IOs:     35340994  IOPS:   490131  Throughput:  1914.6 MB/s  Total:  134.82 GB
[   72.3s] IOs:     35441980  IOPS:   490213  Throughput:  1914.9 MB/s  Total:  135.20 GB
[   72.5s] IOs:     35542729  IOPS:   490265  Throughput:  1915.1 MB/s  Total:  135.58 GB
[   72.7s] IOs:     35643653  IOPS:   490371  Throughput:  1915.5 MB/s  Total:  135.97 GB
[   72.9s] IOs:     35743666  IOPS:   490495  Throughput:  1916.0 MB/s  Total:  136.35 GB
[   73.1s] IOs:     35843709  IOPS:   490558  Throughput:  1916.2 MB/s  Total:  136.73 GB
[   73.3s] IOs:     35943810  IOPS:   490658  Throughput:  1916.6 MB/s  Total:  137.11 GB
[   73.4s] IOs:     36044344  IOPS:   490766  Throughput:  1917.1 MB/s  Total:  137.50 GB
[   73.6s] IOs:     36145237  IOPS:   490864  Throughput:  1917.4 MB/s  Total:  137.88 GB
[   73.8s] IOs:     36245894  IOPS:   490988  Throughput:  1917.9 MB/s  Total:  138.27 GB
[   74.0s] IOs:     36346742  IOPS:   491108  Throughput:  1918.4 MB/s  Total:  138.65 GB
[   74.2s] IOs:     36447763  IOPS:   491191  Throughput:  1918.7 MB/s  Total:  139.04 GB
[   74.4s] IOs:     36547769  IOPS:   491204  Throughput:  1918.8 MB/s  Total:  139.42 GB
[   74.6s] IOs:     36648500  IOPS:   491266  Throughput:  1919.0 MB/s  Total:  139.80 GB
[   74.8s] IOs:     36748552  IOPS:   491412  Throughput:  1919.6 MB/s  Total:  140.18 GB
[   75.0s] IOs:     36848554  IOPS:   491450  Throughput:  1919.7 MB/s  Total:  140.57 GB
[   75.2s] IOs:     36949370  IOPS:   491558  Throughput:  1920.1 MB/s  Total:  140.95 GB
[   75.4s] IOs:     37049462  IOPS:   491611  Throughput:  1920.4 MB/s  Total:  141.33 GB
[   75.6s] IOs:     37150353  IOPS:   491642  Throughput:  1920.5 MB/s  Total:  141.72 GB
[   75.8s] IOs:     37251035  IOPS:   491700  Throughput:  1920.7 MB/s  Total:  142.10 GB
[   76.0s] IOs:     37352032  IOPS:   491777  Throughput:  1921.0 MB/s  Total:  142.49 GB
[   76.2s] IOs:     37452696  IOPS:   491784  Throughput:  1921.0 MB/s  Total:  142.87 GB
[   76.3s] IOs:     37553333  IOPS:   491866  Throughput:  1921.4 MB/s  Total:  143.25 GB
[   76.5s] IOs:     37654310  IOPS:   491917  Throughput:  1921.6 MB/s  Total:  143.64 GB
[   76.8s] IOs:     37755274  IOPS:   491888  Throughput:  1921.4 MB/s  Total:  144.02 GB
[   77.0s] IOs:     37856195  IOPS:   491883  Throughput:  1921.4 MB/s  Total:  144.41 GB
[   77.2s] IOs:     37956287  IOPS:   491968  Throughput:  1921.8 MB/s  Total:  144.79 GB
[   77.4s] IOs:     38057296  IOPS:   491987  Throughput:  1921.8 MB/s  Total:  145.18 GB
[   77.5s] IOs:     38157902  IOPS:   492054  Throughput:  1922.1 MB/s  Total:  145.56 GB
[   77.7s] IOs:     38258656  IOPS:   492073  Throughput:  1922.2 MB/s  Total:  145.95 GB
[   77.9s] IOs:     38359280  IOPS:   492166  Throughput:  1922.5 MB/s  Total:  146.33 GB
[   78.1s] IOs:     38459946  IOPS:   492243  Throughput:  1922.8 MB/s  Total:  146.71 GB
[   78.3s] IOs:     38560894  IOPS:   492283  Throughput:  1923.0 MB/s  Total:  147.10 GB
[   78.5s] IOs:     38661863  IOPS:   492356  Throughput:  1923.3 MB/s  Total:  147.48 GB
[   78.7s] IOs:     38762702  IOPS:   492427  Throughput:  1923.5 MB/s  Total:  147.87 GB
[   78.9s] IOs:     38863645  IOPS:   492489  Throughput:  1923.8 MB/s  Total:  148.25 GB
[   79.1s] IOs:     38964434  IOPS:   492574  Throughput:  1924.1 MB/s  Total:  148.64 GB
[   79.3s] IOs:     39065284  IOPS:   492613  Throughput:  1924.3 MB/s  Total:  149.02 GB
[   79.5s] IOs:     39166099  IOPS:   492349  Throughput:  1923.2 MB/s  Total:  149.41 GB
[   79.8s] IOs:     39267021  IOPS:   492307  Throughput:  1923.1 MB/s  Total:  149.79 GB
[   80.0s] IOs:     39367886  IOPS:   492392  Throughput:  1923.4 MB/s  Total:  150.18 GB
[   80.1s] IOs:     39468875  IOPS:   492464  Throughput:  1923.7 MB/s  Total:  150.56 GB
[   80.3s] IOs:     39568945  IOPS:   492498  Throughput:  1923.8 MB/s  Total:  150.94 GB
[Reader] Parsed 5000000 lines, distributed 39636248 writes, unique 79.74 GB, skipped 0
[   80.5s] IOs:     39668956  IOPS:   492594  Throughput:  1924.2 MB/s  Total:  151.33 GB
[   80.7s] IOs:     39769970  IOPS:   492720  Throughput:  1924.7 MB/s  Total:  151.71 GB
[   80.9s] IOs:     39870950  IOPS:   492713  Throughput:  1924.7 MB/s  Total:  152.10 GB
[   81.1s] IOs:     39971126  IOPS:   492781  Throughput:  1924.9 MB/s  Total:  152.48 GB
[   81.3s] IOs:     40071213  IOPS:   492837  Throughput:  1925.1 MB/s  Total:  152.86 GB
[   81.5s] IOs:     40172023  IOPS:   492929  Throughput:  1925.5 MB/s  Total:  153.24 GB
[   81.7s] IOs:     40272726  IOPS:   493041  Throughput:  1925.9 MB/s  Total:  153.63 GB
[   81.9s] IOs:     40373686  IOPS:   493072  Throughput:  1926.1 MB/s  Total:  154.01 GB
[   82.1s] IOs:     40473833  IOPS:   493112  Throughput:  1926.2 MB/s  Total:  154.40 GB
[   82.3s] IOs:     40574604  IOPS:   493160  Throughput:  1926.4 MB/s  Total:  154.78 GB
[   82.5s] IOs:     40675561  IOPS:   493255  Throughput:  1926.8 MB/s  Total:  155.16 GB
[   82.7s] IOs:     40776525  IOPS:   493352  Throughput:  1927.2 MB/s  Total:  155.55 GB
[   82.8s] IOs:     40877301  IOPS:   493446  Throughput:  1927.5 MB/s  Total:  155.93 GB
[   83.0s] IOs:     40978055  IOPS:   493441  Throughput:  1927.5 MB/s  Total:  156.32 GB
[   83.2s] IOs:     41078827  IOPS:   493508  Throughput:  1927.8 MB/s  Total:  156.70 GB
[   83.4s] IOs:     41179620  IOPS:   493506  Throughput:  1927.8 MB/s  Total:  157.09 GB
[   83.6s] IOs:     41280463  IOPS:   493555  Throughput:  1927.9 MB/s  Total:  157.47 GB
[   83.8s] IOs:     41381041  IOPS:   493585  Throughput:  1928.1 MB/s  Total:  157.86 GB
[   84.0s] IOs:     41481779  IOPS:   493637  Throughput:  1928.3 MB/s  Total:  158.24 GB
[   84.2s] IOs:     41582648  IOPS:   493633  Throughput:  1928.3 MB/s  Total:  158.63 GB
[   84.4s] IOs:     41683666  IOPS:   493701  Throughput:  1928.5 MB/s  Total:  159.01 GB
[   84.6s] IOs:     41784563  IOPS:   493757  Throughput:  1928.7 MB/s  Total:  159.40 GB
[   84.8s] IOs:     41884625  IOPS:   493823  Throughput:  1929.0 MB/s  Total:  159.78 GB
[   85.0s] IOs:     41985384  IOPS:   493899  Throughput:  1929.3 MB/s  Total:  160.16 GB
[   85.2s] IOs:     42086318  IOPS:   493974  Throughput:  1929.6 MB/s  Total:  160.55 GB
[   85.4s] IOs:     42187105  IOPS:   494000  Throughput:  1929.7 MB/s  Total:  160.93 GB
[   85.6s] IOs:     42287846  IOPS:   494081  Throughput:  1930.0 MB/s  Total:  161.32 GB
[   85.8s] IOs:     42387860  IOPS:   494045  Throughput:  1929.9 MB/s  Total:  161.70 GB
[   86.0s] IOs:     42488642  IOPS:   494101  Throughput:  1930.1 MB/s  Total:  162.08 GB
[   86.2s] IOs:     42588663  IOPS:   494204  Throughput:  1930.5 MB/s  Total:  162.46 GB
[   86.4s] IOs:     42689687  IOPS:   494183  Throughput:  1930.4 MB/s  Total:  162.85 GB
[   86.6s] IOs:     42790401  IOPS:   494233  Throughput:  1930.6 MB/s  Total:  163.23 GB
[   86.8s] IOs:     42891151  IOPS:   494145  Throughput:  1930.3 MB/s  Total:  163.62 GB
[   87.0s] IOs:     42991833  IOPS:   494127  Throughput:  1930.2 MB/s  Total:  164.00 GB
[   87.2s] IOs:     43091888  IOPS:   494063  Throughput:  1929.9 MB/s  Total:  164.38 GB
[   87.4s] IOs:     43191955  IOPS:   494132  Throughput:  1930.2 MB/s  Total:  164.76 GB
[   87.6s] IOs:     43292744  IOPS:   494222  Throughput:  1930.6 MB/s  Total:  165.15 GB
[   87.8s] IOs:     43393421  IOPS:   494106  Throughput:  1930.1 MB/s  Total:  165.53 GB
[   88.0s] IOs:     43494248  IOPS:   494078  Throughput:  1930.0 MB/s  Total:  165.92 GB
[   88.3s] IOs:     43595001  IOPS:   493974  Throughput:  1929.6 MB/s  Total:  166.30 GB
[   88.5s] IOs:     43695796  IOPS:   493977  Throughput:  1929.6 MB/s  Total:  166.69 GB
[   88.7s] IOs:     43796796  IOPS:   494029  Throughput:  1929.8 MB/s  Total:  167.07 GB
[   88.9s] IOs:     43897611  IOPS:   493912  Throughput:  1929.3 MB/s  Total:  167.46 GB
[   89.1s] IOs:     43998328  IOPS:   493877  Throughput:  1929.2 MB/s  Total:  167.84 GB
[   89.3s] IOs:     44098973  IOPS:   493796  Throughput:  1928.9 MB/s  Total:  168.22 GB
[   89.5s] IOs:     44199478  IOPS:   493812  Throughput:  1929.0 MB/s  Total:  168.61 GB
[   89.7s] IOs:     44300425  IOPS:   493856  Throughput:  1929.1 MB/s  Total:  168.99 GB
[   89.9s] IOs:     44400482  IOPS:   493791  Throughput:  1928.9 MB/s  Total:  169.37 GB
[   90.1s] IOs:     44501168  IOPS:   493831  Throughput:  1929.0 MB/s  Total:  169.76 GB
[   90.3s] IOs:     44601960  IOPS:   493862  Throughput:  1929.1 MB/s  Total:  170.14 GB
[   90.5s] IOs:     44702712  IOPS:   493779  Throughput:  1928.8 MB/s  Total:  170.53 GB
[   90.7s] IOs:     44803497  IOPS:   493863  Throughput:  1929.2 MB/s  Total:  170.91 GB
[   90.9s] IOs:     44904125  IOPS:   493776  Throughput:  1928.8 MB/s  Total:  171.30 GB
[   91.2s] IOs:     45005058  IOPS:   493712  Throughput:  1928.6 MB/s  Total:  171.68 GB
[   91.4s] IOs:     45105893  IOPS:   493695  Throughput:  1928.5 MB/s  Total:  172.07 GB
[   91.6s] IOs:     45205944  IOPS:   493633  Throughput:  1928.3 MB/s  Total:  172.45 GB
[   91.8s] IOs:     45306687  IOPS:   493604  Throughput:  1928.1 MB/s  Total:  172.83 GB
[   92.0s] IOs:     45407579  IOPS:   493706  Throughput:  1928.5 MB/s  Total:  173.22 GB
[   92.2s] IOs:     45508466  IOPS:   493760  Throughput:  1928.8 MB/s  Total:  173.60 GB
[   92.4s] IOs:     45609146  IOPS:   493817  Throughput:  1929.0 MB/s  Total:  173.99 GB
[   92.6s] IOs:     45709975  IOPS:   493854  Throughput:  1929.1 MB/s  Total:  174.37 GB
[   92.8s] IOs:     45810658  IOPS:   493879  Throughput:  1929.2 MB/s  Total:  174.75 GB
[   93.0s] IOs:     45911564  IOPS:   493830  Throughput:  1929.0 MB/s  Total:  175.14 GB
[   93.2s] IOs:     46012346  IOPS:   493878  Throughput:  1929.2 MB/s  Total:  175.52 GB
[   93.4s] IOs:     46113144  IOPS:   493941  Throughput:  1929.5 MB/s  Total:  175.91 GB
[   93.5s] IOs:     46214094  IOPS:   494042  Throughput:  1929.9 MB/s  Total:  176.29 GB
[   93.7s] IOs:     46314209  IOPS:   494101  Throughput:  1930.1 MB/s  Total:  176.67 GB
[   93.9s] IOs:     46415090  IOPS:   494119  Throughput:  1930.2 MB/s  Total:  177.06 GB
[   94.1s] IOs:     46515724  IOPS:   494086  Throughput:  1930.0 MB/s  Total:  177.44 GB
[   94.3s] IOs:     46616440  IOPS:   494125  Throughput:  1930.2 MB/s  Total:  177.83 GB
[   94.5s] IOs:     46716485  IOPS:   494120  Throughput:  1930.2 MB/s  Total:  178.21 GB
[   94.7s] IOs:     46817439  IOPS:   494147  Throughput:  1930.3 MB/s  Total:  178.59 GB
[   94.9s] IOs:     46918123  IOPS:   494222  Throughput:  1930.6 MB/s  Total:  178.98 GB
[   95.1s] IOs:     47018770  IOPS:   494282  Throughput:  1930.8 MB/s  Total:  179.36 GB
[   95.3s] IOs:     47119297  IOPS:   494321  Throughput:  1930.9 MB/s  Total:  179.75 GB
[   95.5s] IOs:     47220108  IOPS:   494306  Throughput:  1930.9 MB/s  Total:  180.13 GB
[   95.8s] IOs:     47320590  IOPS:   494183  Throughput:  1930.4 MB/s  Total:  180.51 GB
[   97.9s] IOs:     47421286  IOPS:   484180  Throughput:  1891.3 MB/s  Total:  180.90 GB
[   98.2s] IOs:     47522083  IOPS:   484079  Throughput:  1890.9 MB/s  Total:  181.28 GB
[   98.4s] IOs:     47622989  IOPS:   484070  Throughput:  1890.9 MB/s  Total:  181.67 GB
[Reader] Parsed 6000000 lines, distributed 47666999 writes, unique 94.22 GB, skipped 0
[   98.6s] IOs:     47723069  IOPS:   484048  Throughput:  1890.8 MB/s  Total:  182.05 GB
[   98.8s] IOs:     47824052  IOPS:   484042  Throughput:  1890.8 MB/s  Total:  182.43 GB
[   99.0s] IOs:     47924895  IOPS:   483922  Throughput:  1890.3 MB/s  Total:  182.82 GB
[   99.2s] IOs:     48025488  IOPS:   483969  Throughput:  1890.5 MB/s  Total:  183.20 GB
[   99.4s] IOs:     48126334  IOPS:   484068  Throughput:  1890.9 MB/s  Total:  183.59 GB
[   99.6s] IOs:     48227240  IOPS:   484129  Throughput:  1891.1 MB/s  Total:  183.97 GB
[   99.8s] IOs:     48328104  IOPS:   484212  Throughput:  1891.5 MB/s  Total:  184.36 GB
[  100.0s] IOs:     48428990  IOPS:   484272  Throughput:  1891.7 MB/s  Total:  184.74 GB
[  100.2s] IOs:     48529968  IOPS:   484383  Throughput:  1892.1 MB/s  Total:  185.13 GB
[  100.4s] IOs:     48630907  IOPS:   484440  Throughput:  1892.3 MB/s  Total:  185.51 GB
[  100.6s] IOs:     48731609  IOPS:   484488  Throughput:  1892.5 MB/s  Total:  185.90 GB
[  100.8s] IOs:     48832546  IOPS:   484523  Throughput:  1892.7 MB/s  Total:  186.28 GB
[  101.0s] IOs:     48932725  IOPS:   484594  Throughput:  1892.9 MB/s  Total:  186.66 GB
[  101.2s] IOs:     49033742  IOPS:   484662  Throughput:  1893.2 MB/s  Total:  187.05 GB
[  101.4s] IOs:     49134663  IOPS:   484701  Throughput:  1893.4 MB/s  Total:  187.43 GB
[  101.6s] IOs:     49235546  IOPS:   484709  Throughput:  1893.4 MB/s  Total:  187.82 GB
[  101.8s] IOs:     49336526  IOPS:   484793  Throughput:  1893.7 MB/s  Total:  188.20 GB
[  102.0s] IOs:     49437213  IOPS:   484778  Throughput:  1893.7 MB/s  Total:  188.59 GB
[  102.2s] IOs:     49537225  IOPS:   484694  Throughput:  1893.3 MB/s  Total:  188.97 GB
[  102.4s] IOs:     49638178  IOPS:   484734  Throughput:  1893.5 MB/s  Total:  189.35 GB
[  102.6s] IOs:     49739179  IOPS:   484816  Throughput:  1893.8 MB/s  Total:  189.74 GB
[  102.8s] IOs:     49839231  IOPS:   484916  Throughput:  1894.2 MB/s  Total:  190.12 GB
[  103.0s] IOs:     49940274  IOPS:   484977  Throughput:  1894.4 MB/s  Total:  190.51 GB
[  103.2s] IOs:     50041170  IOPS:   485064  Throughput:  1894.8 MB/s  Total:  190.89 GB
[  103.4s] IOs:     50141200  IOPS:   485087  Throughput:  1894.9 MB/s  Total:  191.27 GB
[  103.6s] IOs:     50242091  IOPS:   485158  Throughput:  1895.1 MB/s  Total:  191.66 GB
[  103.8s] IOs:     50342116  IOPS:   485199  Throughput:  1895.3 MB/s  Total:  192.04 GB
[  103.9s] IOs:     50442833  IOPS:   485291  Throughput:  1895.7 MB/s  Total:  192.42 GB
[  104.1s] IOs:     50543847  IOPS:   485339  Throughput:  1895.9 MB/s  Total:  192.81 GB
[  104.3s] IOs:     50643937  IOPS:   485432  Throughput:  1896.2 MB/s  Total:  193.19 GB
[  104.5s] IOs:     50744709  IOPS:   485529  Throughput:  1896.6 MB/s  Total:  193.58 GB
[  104.7s] IOs:     50845327  IOPS:   485624  Throughput:  1897.0 MB/s  Total:  193.96 GB
[  104.9s] IOs:     50946251  IOPS:   485671  Throughput:  1897.2 MB/s  Total:  194.34 GB
[  105.1s] IOs:     51047023  IOPS:   485701  Throughput:  1897.3 MB/s  Total:  194.73 GB
[  105.3s] IOs:     51147675  IOPS:   485705  Throughput:  1897.3 MB/s  Total:  195.11 GB
[  105.5s] IOs:     51248587  IOPS:   485786  Throughput:  1897.6 MB/s  Total:  195.50 GB
[  105.7s] IOs:     51349190  IOPS:   485792  Throughput:  1897.6 MB/s  Total:  195.88 GB
[  105.9s] IOs:     51450229  IOPS:   485826  Throughput:  1897.8 MB/s  Total:  196.27 GB
[  106.1s] IOs:     51551202  IOPS:   485925  Throughput:  1898.1 MB/s  Total:  196.65 GB
[  106.3s] IOs:     51652149  IOPS:   485993  Throughput:  1898.4 MB/s  Total:  197.04 GB
[  106.5s] IOs:     51753093  IOPS:   485949  Throughput:  1898.2 MB/s  Total:  197.42 GB
[  106.7s] IOs:     51853956  IOPS:   485988  Throughput:  1898.4 MB/s  Total:  197.81 GB
[  106.9s] IOs:     51954863  IOPS:   486056  Throughput:  1898.7 MB/s  Total:  198.19 GB
[  107.1s] IOs:     52055838  IOPS:   486129  Throughput:  1898.9 MB/s  Total:  198.58 GB
[  107.3s] IOs:     52155913  IOPS:   486192  Throughput:  1899.2 MB/s  Total:  198.96 GB
[  107.5s] IOs:     52256748  IOPS:   486227  Throughput:  1899.3 MB/s  Total:  199.34 GB
[  107.7s] IOs:     52356843  IOPS:   486262  Throughput:  1899.5 MB/s  Total:  199.73 GB
[  107.9s] IOs:     52457815  IOPS:   486264  Throughput:  1899.5 MB/s  Total:  200.11 GB
[  108.1s] IOs:     52557852  IOPS:   486216  Throughput:  1899.3 MB/s  Total:  200.49 GB
[  108.3s] IOs:     52658824  IOPS:   486261  Throughput:  1899.5 MB/s  Total:  200.88 GB
[  108.5s] IOs:     52759601  IOPS:   486315  Throughput:  1899.7 MB/s  Total:  201.26 GB
[  108.7s] IOs:     52860326  IOPS:   486395  Throughput:  1900.0 MB/s  Total:  201.65 GB
[  108.9s] IOs:     52961188  IOPS:   486470  Throughput:  1900.3 MB/s  Total:  202.03 GB
[  109.1s] IOs:     53061302  IOPS:   486559  Throughput:  1900.6 MB/s  Total:  202.41 GB
[  109.2s] IOs:     53161325  IOPS:   486624  Throughput:  1900.9 MB/s  Total:  202.79 GB
[  109.4s] IOs:     53261396  IOPS:   486705  Throughput:  1901.2 MB/s  Total:  203.18 GB
[  109.6s] IOs:     53361941  IOPS:   486724  Throughput:  1901.3 MB/s  Total:  203.56 GB
[  109.9s] IOs:     53462710  IOPS:   486634  Throughput:  1900.9 MB/s  Total:  203.94 GB
[  110.1s] IOs:     53563488  IOPS:   486697  Throughput:  1901.2 MB/s  Total:  204.33 GB
[  110.3s] IOs:     53664327  IOPS:   486739  Throughput:  1901.3 MB/s  Total:  204.71 GB
[  110.5s] IOs:     53765260  IOPS:   486685  Throughput:  1901.1 MB/s  Total:  205.10 GB
[  110.7s] IOs:     53866070  IOPS:   486757  Throughput:  1901.4 MB/s  Total:  205.48 GB
[  110.9s] IOs:     53966877  IOPS:   486818  Throughput:  1901.6 MB/s  Total:  205.87 GB
[  111.1s] IOs:     54067815  IOPS:   486801  Throughput:  1901.6 MB/s  Total:  206.25 GB
[  111.3s] IOs:     54168136  IOPS:   486857  Throughput:  1901.8 MB/s  Total:  206.64 GB
[  111.5s] IOs:     54269098  IOPS:   486886  Throughput:  1901.9 MB/s  Total:  207.02 GB
[  111.7s] IOs:     54369849  IOPS:   486910  Throughput:  1902.0 MB/s  Total:  207.40 GB
[  111.9s] IOs:     54470906  IOPS:   486844  Throughput:  1901.7 MB/s  Total:  207.79 GB
[  112.1s] IOs:     54571932  IOPS:   486838  Throughput:  1901.7 MB/s  Total:  208.18 GB
[  112.3s] IOs:     54672913  IOPS:   486887  Throughput:  1901.9 MB/s  Total:  208.56 GB
[  112.5s] IOs:     54773050  IOPS:   486922  Throughput:  1902.0 MB/s  Total:  208.94 GB
[  112.7s] IOs:     54873930  IOPS:   486872  Throughput:  1901.8 MB/s  Total:  209.33 GB
[  112.9s] IOs:     54974589  IOPS:   486926  Throughput:  1902.1 MB/s  Total:  209.71 GB
[  113.1s] IOs:     55075242  IOPS:   486995  Throughput:  1902.3 MB/s  Total:  210.10 GB
[  113.3s] IOs:     55176087  IOPS:   487069  Throughput:  1902.6 MB/s  Total:  210.48 GB
[  113.5s] IOs:     55277013  IOPS:   487084  Throughput:  1902.7 MB/s  Total:  210.87 GB
[  113.7s] IOs:     55377875  IOPS:   487153  Throughput:  1902.9 MB/s  Total:  211.25 GB
[  113.9s] IOs:     55478894  IOPS:   487159  Throughput:  1903.0 MB/s  Total:  211.64 GB
[  114.1s] IOs:     55579565  IOPS:   487131  Throughput:  1902.9 MB/s  Total:  212.02 GB
[  114.3s] IOs:     55680517  IOPS:   487086  Throughput:  1902.7 MB/s  Total:  212.40 GB
[  114.5s] IOs:     55781191  IOPS:   487053  Throughput:  1902.6 MB/s  Total:  212.79 GB
[  114.7s] IOs:     55881847  IOPS:   487071  Throughput:  1902.6 MB/s  Total:  213.17 GB
[  114.9s] IOs:     55982558  IOPS:   487140  Throughput:  1902.9 MB/s  Total:  213.56 GB
[  115.1s] IOs:     56083259  IOPS:   487225  Throughput:  1903.2 MB/s  Total:  213.94 GB
[  115.3s] IOs:     56184072  IOPS:   487289  Throughput:  1903.5 MB/s  Total:  214.33 GB
[  115.5s] IOs:     56284162  IOPS:   487367  Throughput:  1903.8 MB/s  Total:  214.71 GB
[  115.7s] IOs:     56385096  IOPS:   487440  Throughput:  1904.1 MB/s  Total:  215.09 GB
[  115.9s] IOs:     56485897  IOPS:   487435  Throughput:  1904.0 MB/s  Total:  215.48 GB
[  116.1s] IOs:     56586638  IOPS:   487516  Throughput:  1904.4 MB/s  Total:  215.86 GB
[  116.3s] IOs:     56687411  IOPS:   487586  Throughput:  1904.6 MB/s  Total:  216.25 GB
[  116.5s] IOs:     56788264  IOPS:   487609  Throughput:  1904.7 MB/s  Total:  216.63 GB
[  116.7s] IOs:     56888289  IOPS:   487669  Throughput:  1905.0 MB/s  Total:  217.01 GB
[  116.8s] IOs:     56989232  IOPS:   487723  Throughput:  1905.2 MB/s  Total:  217.40 GB
[Reader] Parsed 7000000 lines, distributed 57082966 writes, unique 112.61 GB, skipped 0
[  117.0s] IOs:     57090017  IOPS:   487769  Throughput:  1905.3 MB/s  Total:  217.78 GB
[  117.2s] IOs:     57190729  IOPS:   487851  Throughput:  1905.7 MB/s  Total:  218.17 GB
[  117.4s] IOs:     57290773  IOPS:   487916  Throughput:  1905.9 MB/s  Total:  218.55 GB
[  117.6s] IOs:     57390993  IOPS:   487923  Throughput:  1906.0 MB/s  Total:  218.93 GB
[  117.8s] IOs:     57491718  IOPS:   487988  Throughput:  1906.2 MB/s  Total:  219.31 GB
[  118.0s] IOs:     57592335  IOPS:   487982  Throughput:  1906.2 MB/s  Total:  219.70 GB
[  118.2s] IOs:     57693026  IOPS:   488068  Throughput:  1906.5 MB/s  Total:  220.08 GB
[  118.4s] IOs:     57794006  IOPS:   488122  Throughput:  1906.7 MB/s  Total:  220.47 GB
[  118.6s] IOs:     57894893  IOPS:   488167  Throughput:  1906.9 MB/s  Total:  220.85 GB
[  118.8s] IOs:     57994945  IOPS:   488146  Throughput:  1906.8 MB/s  Total:  221.23 GB
[  119.0s] IOs:     58095980  IOPS:   488161  Throughput:  1906.9 MB/s  Total:  221.62 GB
[  119.2s] IOs:     58196649  IOPS:   488121  Throughput:  1906.7 MB/s  Total:  222.00 GB
[  119.4s] IOs:     58297584  IOPS:   488159  Throughput:  1906.9 MB/s  Total:  222.39 GB
[  119.6s] IOs:     58397584  IOPS:   488239  Throughput:  1907.2 MB/s  Total:  222.77 GB
[  119.8s] IOs:     58497592  IOPS:   488220  Throughput:  1907.1 MB/s  Total:  223.15 GB
[  120.0s] IOs:     58598104  IOPS:   488271  Throughput:  1907.3 MB/s  Total:  223.53 GB
[  120.2s] IOs:     58698857  IOPS:   488360  Throughput:  1907.7 MB/s  Total:  223.92 GB
[  120.4s] IOs:     58799766  IOPS:   488412  Throughput:  1907.9 MB/s  Total:  224.30 GB
[  120.6s] IOs:     58899781  IOPS:   488493  Throughput:  1908.2 MB/s  Total:  224.68 GB
[  120.8s] IOs:     59000752  IOPS:   488544  Throughput:  1908.4 MB/s  Total:  225.07 GB
[  121.0s] IOs:     59101486  IOPS:   488638  Throughput:  1908.7 MB/s  Total:  225.45 GB
[  121.2s] IOs:     59202241  IOPS:   488557  Throughput:  1908.4 MB/s  Total:  225.84 GB
[  121.4s] IOs:     59303138  IOPS:   488584  Throughput:  1908.5 MB/s  Total:  226.22 GB
[  121.6s] IOs:     59403268  IOPS:   488658  Throughput:  1908.8 MB/s  Total:  226.61 GB
[  121.7s] IOs:     59504270  IOPS:   488743  Throughput:  1909.2 MB/s  Total:  226.99 GB
[  122.0s] IOs:     59605183  IOPS:   488748  Throughput:  1909.2 MB/s  Total:  227.38 GB
[  122.2s] IOs:     59706070  IOPS:   488736  Throughput:  1909.1 MB/s  Total:  227.76 GB
[  122.4s] IOs:     59806102  IOPS:   488770  Throughput:  1909.3 MB/s  Total:  228.14 GB
[  122.6s] IOs:     59906187  IOPS:   488812  Throughput:  1909.4 MB/s  Total:  228.52 GB
[  122.8s] IOs:     60006246  IOPS:   488740  Throughput:  1909.1 MB/s  Total:  228.91 GB
[  123.0s] IOs:     60107161  IOPS:   488719  Throughput:  1909.1 MB/s  Total:  229.29 GB
[  123.2s] IOs:     60208129  IOPS:   488786  Throughput:  1909.3 MB/s  Total:  229.68 GB
[  123.4s] IOs:     60309026  IOPS:   488861  Throughput:  1909.6 MB/s  Total:  230.06 GB
[  123.6s] IOs:     60410052  IOPS:   488908  Throughput:  1909.8 MB/s  Total:  230.45 GB
[  123.7s] IOs:     60510957  IOPS:   488992  Throughput:  1910.1 MB/s  Total:  230.83 GB
[  123.9s] IOs:     60611184  IOPS:   489002  Throughput:  1910.2 MB/s  Total:  231.21 GB
[  124.1s] IOs:     60711918  IOPS:   489035  Throughput:  1910.3 MB/s  Total:  231.60 GB
[  124.3s] IOs:     60812569  IOPS:   489090  Throughput:  1910.5 MB/s  Total:  231.98 GB
[  124.5s] IOs:     60913417  IOPS:   489136  Throughput:  1910.7 MB/s  Total:  232.37 GB
[  124.7s] IOs:     61013463  IOPS:   489194  Throughput:  1910.9 MB/s  Total:  232.75 GB
[  124.9s] IOs:     61114261  IOPS:   489243  Throughput:  1911.1 MB/s  Total:  233.13 GB
[  125.1s] IOs:     61215173  IOPS:   489333  Throughput:  1911.5 MB/s  Total:  233.52 GB
[  125.3s] IOs:     61316006  IOPS:   489366  Throughput:  1911.6 MB/s  Total:  233.90 GB
[  125.5s] IOs:     61416790  IOPS:   489365  Throughput:  1911.6 MB/s  Total:  234.29 GB
[  125.7s] IOs:     61517791  IOPS:   489407  Throughput:  1911.7 MB/s  Total:  234.67 GB
[  125.9s] IOs:     61618683  IOPS:   489482  Throughput:  1912.0 MB/s  Total:  235.06 GB
[  126.1s] IOs:     61719477  IOPS:   489526  Throughput:  1912.2 MB/s  Total:  235.44 GB
[  126.3s] IOs:     61820366  IOPS:   489573  Throughput:  1912.4 MB/s  Total:  235.83 GB
[  126.5s] IOs:     61921269  IOPS:   489617  Throughput:  1912.6 MB/s  Total:  236.21 GB
[  126.7s] IOs:     62022283  IOPS:   489662  Throughput:  1912.7 MB/s  Total:  236.60 GB
[  126.9s] IOs:     62122297  IOPS:   489716  Throughput:  1913.0 MB/s  Total:  236.98 GB
[  127.1s] IOs:     62223218  IOPS:   489753  Throughput:  1913.1 MB/s  Total:  237.36 GB
[  127.2s] IOs:     62323852  IOPS:   489810  Throughput:  1913.3 MB/s  Total:  237.75 GB
[  127.4s] IOs:     62423854  IOPS:   489844  Throughput:  1913.5 MB/s  Total:  238.13 GB
[  127.6s] IOs:     62524714  IOPS:   489862  Throughput:  1913.5 MB/s  Total:  238.51 GB
[  127.8s] IOs:     62625611  IOPS:   489908  Throughput:  1913.7 MB/s  Total:  238.90 GB
[  128.0s] IOs:     62726575  IOPS:   489934  Throughput:  1913.8 MB/s  Total:  239.28 GB
[  128.2s] IOs:     62827381  IOPS:   489983  Throughput:  1914.0 MB/s  Total:  239.67 GB
[  128.4s] IOs:     62928189  IOPS:   489983  Throughput:  1914.0 MB/s  Total:  240.05 GB
[  128.6s] IOs:     63028189  IOPS:   490014  Throughput:  1914.1 MB/s  Total:  240.43 GB
[  128.8s] IOs:     63129157  IOPS:   490074  Throughput:  1914.4 MB/s  Total:  240.82 GB
[  129.0s] IOs:     63229773  IOPS:   490090  Throughput:  1914.4 MB/s  Total:  241.20 GB
[  129.2s] IOs:     63330567  IOPS:   490127  Throughput:  1914.6 MB/s  Total:  241.59 GB
[  129.4s] IOs:     63431161  IOPS:   490164  Throughput:  1914.7 MB/s  Total:  241.97 GB
[  129.6s] IOs:     63532134  IOPS:   490221  Throughput:  1914.9 MB/s  Total:  242.36 GB
[  129.8s] IOs:     63633057  IOPS:   490255  Throughput:  1915.1 MB/s  Total:  242.74 GB
[  130.0s] IOs:     63733077  IOPS:   490328  Throughput:  1915.3 MB/s  Total:  243.12 GB
[  130.2s] IOs:     63833947  IOPS:   490373  Throughput:  1915.5 MB/s  Total:  243.51 GB
[  130.4s] IOs:     63934930  IOPS:   490267  Throughput:  1915.1 MB/s  Total:  243.89 GB
[  130.6s] IOs:     64035709  IOPS:   490328  Throughput:  1915.3 MB/s  Total:  244.28 GB
[  130.8s] IOs:     64136545  IOPS:   490381  Throughput:  1915.6 MB/s  Total:  244.66 GB
[  131.0s] IOs:     64236578  IOPS:   490434  Throughput:  1915.8 MB/s  Total:  245.04 GB
[  131.2s] IOs:     64337350  IOPS:   490485  Throughput:  1916.0 MB/s  Total:  245.43 GB
[  131.4s] IOs:     64437981  IOPS:   490521  Throughput:  1916.1 MB/s  Total:  245.81 GB
[Reader] Parsed 8000000 lines, distributed 64468039 writes, unique 124.43 GB, skipped 0
[  131.6s] IOs:     64538863  IOPS:   490531  Throughput:  1916.1 MB/s  Total:  246.20 GB
[  131.8s] IOs:     64639757  IOPS:   490510  Throughput:  1916.1 MB/s  Total:  246.58 GB
[  132.0s] IOs:     64740626  IOPS:   490563  Throughput:  1916.3 MB/s  Total:  246.97 GB
[  132.2s] IOs:     64841435  IOPS:   490632  Throughput:  1916.5 MB/s  Total:  247.35 GB
[  132.3s] IOs:     64942076  IOPS:   490693  Throughput:  1916.8 MB/s  Total:  247.73 GB
[  132.5s] IOs:     65042958  IOPS:   490767  Throughput:  1917.1 MB/s  Total:  248.12 GB
[  132.7s] IOs:     65143072  IOPS:   490793  Throughput:  1917.2 MB/s  Total:  248.50 GB
[  132.9s] IOs:     65243927  IOPS:   490853  Throughput:  1917.4 MB/s  Total:  248.89 GB
[  133.1s] IOs:     65344196  IOPS:   490934  Throughput:  1917.7 MB/s  Total:  249.27 GB
[  133.3s] IOs:     65445014  IOPS:   490903  Throughput:  1917.6 MB/s  Total:  249.65 GB
[  133.5s] IOs:     65545754  IOPS:   490959  Throughput:  1917.8 MB/s  Total:  250.04 GB
[  133.7s] IOs:     65646585  IOPS:   490931  Throughput:  1917.7 MB/s  Total:  250.42 GB
[  133.9s] IOs:     65747593  IOPS:   490953  Throughput:  1917.8 MB/s  Total:  250.81 GB
[  134.1s] IOs:     65848541  IOPS:   490975  Throughput:  1917.9 MB/s  Total:  251.19 GB
[  134.3s] IOs:     65949468  IOPS:   490960  Throughput:  1917.8 MB/s  Total:  251.58 GB
[  134.5s] IOs:     66049494  IOPS:   490985  Throughput:  1917.9 MB/s  Total:  251.96 GB
[  134.7s] IOs:     66150406  IOPS:   491019  Throughput:  1918.0 MB/s  Total:  252.34 GB
[  134.9s] IOs:     66251342  IOPS:   491034  Throughput:  1918.1 MB/s  Total:  252.73 GB
[  135.1s] IOs:     66352110  IOPS:   491011  Throughput:  1918.0 MB/s  Total:  253.11 GB
[  135.3s] IOs:     66453011  IOPS:   491065  Throughput:  1918.2 MB/s  Total:  253.50 GB
[  135.5s] IOs:     66553560  IOPS:   491127  Throughput:  1918.5 MB/s  Total:  253.88 GB
[  135.7s] IOs:     66653826  IOPS:   491183  Throughput:  1918.7 MB/s  Total:  254.26 GB
[  135.9s] IOs:     66754748  IOPS:   491225  Throughput:  1918.8 MB/s  Total:  254.65 GB
[  136.1s] IOs:     66855649  IOPS:   491289  Throughput:  1919.1 MB/s  Total:  255.03 GB
[  136.3s] IOs:     66956178  IOPS:   491264  Throughput:  1919.0 MB/s  Total:  255.42 GB
[  136.5s] IOs:     67056955  IOPS:   491286  Throughput:  1919.1 MB/s  Total:  255.80 GB
[  136.7s] IOs:     67157028  IOPS:   491333  Throughput:  1919.3 MB/s  Total:  256.18 GB
[  136.9s] IOs:     67257961  IOPS:   491389  Throughput:  1919.5 MB/s  Total:  256.57 GB
[  137.1s] IOs:     67358920  IOPS:   491421  Throughput:  1919.6 MB/s  Total:  256.95 GB
[  137.3s] IOs:     67458957  IOPS:   491427  Throughput:  1919.6 MB/s  Total:  257.34 GB
[  137.5s] IOs:     67559873  IOPS:   491471  Throughput:  1919.8 MB/s  Total:  257.72 GB
[  137.7s] IOs:     67660813  IOPS:   491509  Throughput:  1920.0 MB/s  Total:  258.11 GB
[  137.9s] IOs:     67761805  IOPS:   491549  Throughput:  1920.1 MB/s  Total:  258.49 GB
[  138.0s] IOs:     67862750  IOPS:   491600  Throughput:  1920.3 MB/s  Total:  258.88 GB
[  138.2s] IOs:     67963667  IOPS:   491670  Throughput:  1920.6 MB/s  Total:  259.26 GB
[  138.4s] IOs:     68064460  IOPS:   491686  Throughput:  1920.6 MB/s  Total:  259.65 GB
[  138.6s] IOs:     68165287  IOPS:   491745  Throughput:  1920.9 MB/s  Total:  260.03 GB
[  138.8s] IOs:     68266292  IOPS:   491809  Throughput:  1921.1 MB/s  Total:  260.42 GB
[  139.0s] IOs:     68366357  IOPS:   491872  Throughput:  1921.4 MB/s  Total:  260.80 GB
[  139.2s] IOs:     68466998  IOPS:   491848  Throughput:  1921.3 MB/s  Total:  261.18 GB
[  139.4s] IOs:     68567525  IOPS:   491883  Throughput:  1921.4 MB/s  Total:  261.56 GB
[  139.6s] IOs:     68668302  IOPS:   491863  Throughput:  1921.3 MB/s  Total:  261.95 GB
[  139.8s] IOs:     68768332  IOPS:   491935  Throughput:  1921.6 MB/s  Total:  262.33 GB
[  140.0s] IOs:     68868355  IOPS:   491975  Throughput:  1921.8 MB/s  Total:  262.71 GB
[  140.2s] IOs:     68968362  IOPS:   492034  Throughput:  1922.0 MB/s  Total:  263.09 GB
[  140.4s] IOs:     69069259  IOPS:   492036  Throughput:  1922.0 MB/s  Total:  263.48 GB
[  140.6s] IOs:     69170181  IOPS:   492090  Throughput:  1922.2 MB/s  Total:  263.86 GB
[  140.8s] IOs:     69271195  IOPS:   492137  Throughput:  1922.4 MB/s  Total:  264.25 GB
[  141.0s] IOs:     69371337  IOPS:   492158  Throughput:  1922.5 MB/s  Total:  264.63 GB
[  141.1s] IOs:     69472192  IOPS:   492231  Throughput:  1922.8 MB/s  Total:  265.02 GB
[  141.3s] IOs:     69572981  IOPS:   492231  Throughput:  1922.8 MB/s  Total:  265.40 GB
[  141.5s] IOs:     69672990  IOPS:   492294  Throughput:  1923.0 MB/s  Total:  265.78 GB
[  141.7s] IOs:     69773817  IOPS:   492301  Throughput:  1923.1 MB/s  Total:  266.17 GB
[  141.9s] IOs:     69873962  IOPS:   492331  Throughput:  1923.2 MB/s  Total:  266.55 GB
[  142.1s] IOs:     69974923  IOPS:   492384  Throughput:  1923.4 MB/s  Total:  266.93 GB
[  142.3s] IOs:     70075830  IOPS:   492419  Throughput:  1923.5 MB/s  Total:  267.32 GB
[  142.5s] IOs:     70176667  IOPS:   492441  Throughput:  1923.6 MB/s  Total:  267.70 GB
[  142.7s] IOs:     70277282  IOPS:   492504  Throughput:  1923.8 MB/s  Total:  268.09 GB
[  142.9s] IOs:     70377817  IOPS:   492550  Throughput:  1924.0 MB/s  Total:  268.47 GB
[  143.1s] IOs:     70478453  IOPS:   492566  Throughput:  1924.1 MB/s  Total:  268.85 GB
[  143.3s] IOs:     70579127  IOPS:   492591  Throughput:  1924.2 MB/s  Total:  269.24 GB
[  143.5s] IOs:     70679291  IOPS:   492553  Throughput:  1924.0 MB/s  Total:  269.62 GB
[Reader] Parsed 9000000 lines, distributed 70763893 writes, unique 133.26 GB, skipped 0
[  143.7s] IOs:     70780080  IOPS:   492574  Throughput:  1924.1 MB/s  Total:  270.00 GB
[  143.9s] IOs:     70880115  IOPS:   492637  Throughput:  1924.4 MB/s  Total:  270.39 GB
[  144.1s] IOs:     70980143  IOPS:   492718  Throughput:  1924.7 MB/s  Total:  270.77 GB
[  144.2s] IOs:     71080984  IOPS:   492764  Throughput:  1924.9 MB/s  Total:  271.15 GB
[  144.4s] IOs:     71181686  IOPS:   492832  Throughput:  1925.1 MB/s  Total:  271.54 GB
[  144.6s] IOs:     71282477  IOPS:   492905  Throughput:  1925.4 MB/s  Total:  271.92 GB
[  144.8s] IOs:     71383367  IOPS:   492877  Throughput:  1925.3 MB/s  Total:  272.31 GB
[  145.0s] IOs:     71483479  IOPS:   492882  Throughput:  1925.3 MB/s  Total:  272.69 GB
[  145.2s] IOs:     71584218  IOPS:   492909  Throughput:  1925.4 MB/s  Total:  273.07 GB
[  145.4s] IOs:     71685018  IOPS:   492976  Throughput:  1925.7 MB/s  Total:  273.46 GB
[  145.6s] IOs:     71785609  IOPS:   493024  Throughput:  1925.9 MB/s  Total:  273.84 GB
[  145.8s] IOs:     71886540  IOPS:   493095  Throughput:  1926.2 MB/s  Total:  274.23 GB
[  146.0s] IOs:     71987542  IOPS:   493159  Throughput:  1926.4 MB/s  Total:  274.61 GB
[  146.2s] IOs:     72088503  IOPS:   493223  Throughput:  1926.7 MB/s  Total:  275.00 GB
[  146.3s] IOs:     72189284  IOPS:   493271  Throughput:  1926.8 MB/s  Total:  275.38 GB
[  146.5s] IOs:     72290189  IOPS:   493331  Throughput:  1927.1 MB/s  Total:  275.77 GB
[  146.7s] IOs:     72390794  IOPS:   493362  Throughput:  1927.2 MB/s  Total:  276.15 GB
[  146.9s] IOs:     72491642  IOPS:   493438  Throughput:  1927.5 MB/s  Total:  276.53 GB
[  147.1s] IOs:     72592464  IOPS:   493492  Throughput:  1927.7 MB/s  Total:  276.92 GB
[  147.3s] IOs:     72693348  IOPS:   493517  Throughput:  1927.8 MB/s  Total:  277.30 GB
[  147.5s] IOs:     72793970  IOPS:   493573  Throughput:  1928.0 MB/s  Total:  277.69 GB
[  147.7s] IOs:     72894901  IOPS:   493582  Throughput:  1928.1 MB/s  Total:  278.07 GB
[  147.9s] IOs:     72994958  IOPS:   493618  Throughput:  1928.2 MB/s  Total:  278.45 GB
[  148.1s] IOs:     73095991  IOPS:   493620  Throughput:  1928.2 MB/s  Total:  278.84 GB
[  148.3s] IOs:     73196845  IOPS:   493644  Throughput:  1928.3 MB/s  Total:  279.22 GB
[  148.5s] IOs:     73297578  IOPS:   493711  Throughput:  1928.6 MB/s  Total:  279.61 GB
[  148.7s] IOs:     73398146  IOPS:   493731  Throughput:  1928.6 MB/s  Total:  279.99 GB
[  148.9s] IOs:     73498268  IOPS:   493768  Throughput:  1928.8 MB/s  Total:  280.37 GB
[  149.1s] IOs:     73598407  IOPS:   493745  Throughput:  1928.7 MB/s  Total:  280.76 GB
[  149.3s] IOs:     73698452  IOPS:   493788  Throughput:  1928.9 MB/s  Total:  281.14 GB
[  149.4s] IOs:     73799014  IOPS:   493845  Throughput:  1929.1 MB/s  Total:  281.52 GB
[  149.6s] IOs:     73899998  IOPS:   493917  Throughput:  1929.4 MB/s  Total:  281.91 GB
[  149.8s] IOs:     74000967  IOPS:   493966  Throughput:  1929.6 MB/s  Total:  282.29 GB
[  150.0s] IOs:     74101940  IOPS:   494011  Throughput:  1929.7 MB/s  Total:  282.68 GB
[  150.2s] IOs:     74202745  IOPS:   494011  Throughput:  1929.7 MB/s  Total:  283.06 GB
[  150.4s] IOs:     74303420  IOPS:   494073  Throughput:  1930.0 MB/s  Total:  283.45 GB
[  150.6s] IOs:     74404064  IOPS:   494081  Throughput:  1930.0 MB/s  Total:  283.83 GB
[  150.8s] IOs:     74504918  IOPS:   494100  Throughput:  1930.1 MB/s  Total:  284.21 GB
[  151.0s] IOs:     74605928  IOPS:   494163  Throughput:  1930.3 MB/s  Total:  284.60 GB
[  151.2s] IOs:     74706917  IOPS:   494217  Throughput:  1930.5 MB/s  Total:  284.98 GB
[  151.4s] IOs:     74807617  IOPS:   494263  Throughput:  1930.7 MB/s  Total:  285.37 GB
[  151.5s] IOs:     74908414  IOPS:   494321  Throughput:  1930.9 MB/s  Total:  285.75 GB
[  151.7s] IOs:     75009324  IOPS:   494353  Throughput:  1931.1 MB/s  Total:  286.14 GB
[  151.9s] IOs:     75110147  IOPS:   494349  Throughput:  1931.1 MB/s  Total:  286.52 GB
[  152.1s] IOs:     75211029  IOPS:   494361  Throughput:  1931.1 MB/s  Total:  286.91 GB
[  152.3s] IOs:     75311706  IOPS:   494415  Throughput:  1931.3 MB/s  Total:  287.29 GB
[  152.5s] IOs:     75411772  IOPS:   494466  Throughput:  1931.5 MB/s  Total:  287.67 GB
[  152.7s] IOs:     75512455  IOPS:   494523  Throughput:  1931.7 MB/s  Total:  288.06 GB
[  152.9s] IOs:     75613151  IOPS:   494532  Throughput:  1931.8 MB/s  Total:  288.44 GB
[  153.1s] IOs:     75713988  IOPS:   494566  Throughput:  1931.9 MB/s  Total:  288.83 GB
[  153.3s] IOs:     75814690  IOPS:   494610  Throughput:  1932.1 MB/s  Total:  289.21 GB
[  153.5s] IOs:     75914757  IOPS:   494651  Throughput:  1932.2 MB/s  Total:  289.59 GB
[  153.7s] IOs:     76015508  IOPS:   494656  Throughput:  1932.3 MB/s  Total:  289.98 GB
[  153.9s] IOs:     76116452  IOPS:   494639  Throughput:  1932.2 MB/s  Total:  290.36 GB
[  154.1s] IOs:     76217254  IOPS:   494706  Throughput:  1932.4 MB/s  Total:  290.75 GB
[  154.3s] IOs:     76318119  IOPS:   494734  Throughput:  1932.6 MB/s  Total:  291.13 GB
[  154.4s] IOs:     76418755  IOPS:   494788  Throughput:  1932.8 MB/s  Total:  291.51 GB
[Reader] Parsed 10000000 lines, distributed 76469859 writes, unique 138.68 GB, skipped 0
[  154.6s] IOs:     76519651  IOPS:   494842  Throughput:  1933.0 MB/s  Total:  291.90 GB
[  154.8s] IOs:     76620503  IOPS:   494906  Throughput:  1933.2 MB/s  Total:  292.28 GB
[  155.0s] IOs:     76721417  IOPS:   494966  Throughput:  1933.5 MB/s  Total:  292.67 GB
[  155.2s] IOs:     76822225  IOPS:   495027  Throughput:  1933.7 MB/s  Total:  293.05 GB
[  155.4s] IOs:     76922976  IOPS:   495038  Throughput:  1933.7 MB/s  Total:  293.44 GB
[  155.6s] IOs:     77023605  IOPS:   495077  Throughput:  1933.9 MB/s  Total:  293.82 GB
[  155.8s] IOs:     77124591  IOPS:   495088  Throughput:  1933.9 MB/s  Total:  294.21 GB
[  156.0s] IOs:     77225524  IOPS:   495123  Throughput:  1934.1 MB/s  Total:  294.59 GB
[  156.2s] IOs:     77326519  IOPS:   495133  Throughput:  1934.1 MB/s  Total:  294.98 GB
[  156.4s] IOs:     77427182  IOPS:   495128  Throughput:  1934.1 MB/s  Total:  295.36 GB
[  156.6s] IOs:     77527889  IOPS:   495175  Throughput:  1934.3 MB/s  Total:  295.75 GB
[  156.8s] IOs:     77628828  IOPS:   495191  Throughput:  1934.3 MB/s  Total:  296.13 GB
[  157.0s] IOs:     77729567  IOPS:   495247  Throughput:  1934.6 MB/s  Total:  296.51 GB
[  157.1s] IOs:     77830545  IOPS:   495311  Throughput:  1934.8 MB/s  Total:  296.90 GB
[  157.3s] IOs:     77931207  IOPS:   495365  Throughput:  1935.0 MB/s  Total:  297.28 GB
[  157.5s] IOs:     78032229  IOPS:   495417  Throughput:  1935.2 MB/s  Total:  297.67 GB
[  157.7s] IOs:     78132959  IOPS:   495440  Throughput:  1935.3 MB/s  Total:  298.05 GB
[  157.9s] IOs:     78233199  IOPS:   495507  Throughput:  1935.6 MB/s  Total:  298.44 GB
[  158.1s] IOs:     78334050  IOPS:   495556  Throughput:  1935.8 MB/s  Total:  298.82 GB
[  158.3s] IOs:     78434978  IOPS:   495616  Throughput:  1936.0 MB/s  Total:  299.21 GB
[  158.4s] IOs:     78535785  IOPS:   495668  Throughput:  1936.2 MB/s  Total:  299.59 GB
[  158.6s] IOs:     78636799  IOPS:   495712  Throughput:  1936.4 MB/s  Total:  299.98 GB
[  158.8s] IOs:     78737544  IOPS:   495744  Throughput:  1936.5 MB/s  Total:  300.36 GB
[  159.0s] IOs:     78837568  IOPS:   495777  Throughput:  1936.6 MB/s  Total:  300.74 GB
[  159.2s] IOs:     78938582  IOPS:   495797  Throughput:  1936.7 MB/s  Total:  301.13 GB
[  159.4s] IOs:     79039378  IOPS:   495840  Throughput:  1936.9 MB/s  Total:  301.51 GB
[  159.6s] IOs:     79140147  IOPS:   495879  Throughput:  1937.0 MB/s  Total:  301.90 GB
[  159.8s] IOs:     79241053  IOPS:   495918  Throughput:  1937.2 MB/s  Total:  302.28 GB
[  160.0s] IOs:     79341125  IOPS:   495977  Throughput:  1937.4 MB/s  Total:  302.66 GB
[  160.2s] IOs:     79441201  IOPS:   496038  Throughput:  1937.6 MB/s  Total:  303.04 GB
[  160.3s] IOs:     79541745  IOPS:   496078  Throughput:  1937.8 MB/s  Total:  303.43 GB
[  160.5s] IOs:     79642384  IOPS:   496129  Throughput:  1938.0 MB/s  Total:  303.81 GB
[  160.7s] IOs:     79743273  IOPS:   496177  Throughput:  1938.2 MB/s  Total:  304.20 GB
[  160.9s] IOs:     79844094  IOPS:   496241  Throughput:  1938.4 MB/s  Total:  304.58 GB
[  161.1s] IOs:     79944815  IOPS:   496258  Throughput:  1938.5 MB/s  Total:  304.97 GB
[  161.3s] IOs:     80045608  IOPS:   496312  Throughput:  1938.7 MB/s  Total:  305.35 GB
[  161.5s] IOs:     80146419  IOPS:   496354  Throughput:  1938.9 MB/s  Total:  305.73 GB
[  161.7s] IOs:     80247319  IOPS:   496411  Throughput:  1939.1 MB/s  Total:  306.12 GB
[  161.9s] IOs:     80348223  IOPS:   496375  Throughput:  1939.0 MB/s  Total:  306.50 GB
[  162.1s] IOs:     80449174  IOPS:   496444  Throughput:  1939.2 MB/s  Total:  306.89 GB
[  162.2s] IOs:     80550162  IOPS:   496483  Throughput:  1939.4 MB/s  Total:  307.27 GB
[  162.4s] IOs:     80650931  IOPS:   496508  Throughput:  1939.5 MB/s  Total:  307.66 GB
[  162.6s] IOs:     80751885  IOPS:   496562  Throughput:  1939.7 MB/s  Total:  308.04 GB
[  162.8s] IOs:     80852690  IOPS:   496558  Throughput:  1939.7 MB/s  Total:  308.43 GB
[  163.0s] IOs:     80953623  IOPS:   496533  Throughput:  1939.6 MB/s  Total:  308.81 GB
[  163.2s] IOs:     81053657  IOPS:   496587  Throughput:  1939.8 MB/s  Total:  309.20 GB
[  163.4s] IOs:     81154434  IOPS:   496670  Throughput:  1940.1 MB/s  Total:  309.58 GB
[  163.6s] IOs:     81254961  IOPS:   496710  Throughput:  1940.3 MB/s  Total:  309.96 GB
[  163.8s] IOs:     81355128  IOPS:   496718  Throughput:  1940.3 MB/s  Total:  310.35 GB
[  164.0s] IOs:     81455336  IOPS:   496763  Throughput:  1940.5 MB/s  Total:  310.73 GB
[  164.2s] IOs:     81556174  IOPS:   496820  Throughput:  1940.7 MB/s  Total:  311.11 GB
[  164.3s] IOs:     81656660  IOPS:   496854  Throughput:  1940.8 MB/s  Total:  311.50 GB
[  164.5s] IOs:     81757527  IOPS:   496905  Throughput:  1941.0 MB/s  Total:  311.88 GB
[  164.7s] IOs:     81858506  IOPS:   496962  Throughput:  1941.3 MB/s  Total:  312.27 GB
[  164.9s] IOs:     81959406  IOPS:   497011  Throughput:  1941.5 MB/s  Total:  312.65 GB
[  165.1s] IOs:     82060369  IOPS:   497050  Throughput:  1941.6 MB/s  Total:  313.04 GB
[  165.3s] IOs:     82161172  IOPS:   497097  Throughput:  1941.8 MB/s  Total:  313.42 GB
[  165.5s] IOs:     82261912  IOPS:   497144  Throughput:  1942.0 MB/s  Total:  313.80 GB
[  165.7s] IOs:     82362679  IOPS:   497139  Throughput:  1942.0 MB/s  Total:  314.19 GB
[  165.9s] IOs:     82463615  IOPS:   497170  Throughput:  1942.1 MB/s  Total:  314.57 GB
[  166.1s] IOs:     82564528  IOPS:   497216  Throughput:  1942.2 MB/s  Total:  314.96 GB
[Reader] Parsed 11000000 lines, distributed 82660198 writes, unique 145.54 GB, skipped 0
[  166.2s] IOs:     82665267  IOPS:   497265  Throughput:  1942.4 MB/s  Total:  315.34 GB
[  166.4s] IOs:     82766082  IOPS:   497263  Throughput:  1942.4 MB/s  Total:  315.73 GB
[  166.6s] IOs:     82866964  IOPS:   497322  Throughput:  1942.7 MB/s  Total:  316.11 GB
[  166.8s] IOs:     82967002  IOPS:   497369  Throughput:  1942.8 MB/s  Total:  316.49 GB
[  167.0s] IOs:     83067800  IOPS:   497393  Throughput:  1942.9 MB/s  Total:  316.88 GB
[  167.2s] IOs:     83168495  IOPS:   497399  Throughput:  1943.0 MB/s  Total:  317.26 GB
[  167.4s] IOs:     83269417  IOPS:   497456  Throughput:  1943.2 MB/s  Total:  317.65 GB
[  167.6s] IOs:     83370208  IOPS:   497486  Throughput:  1943.3 MB/s  Total:  318.03 GB
[  167.8s] IOs:     83470223  IOPS:   497534  Throughput:  1943.5 MB/s  Total:  318.41 GB
[  167.9s] IOs:     83571114  IOPS:   497600  Throughput:  1943.7 MB/s  Total:  318.80 GB
[  168.1s] IOs:     83671934  IOPS:   497624  Throughput:  1943.8 MB/s  Total:  319.18 GB
[  168.4s] IOs:     83772581  IOPS:   497570  Throughput:  1943.6 MB/s  Total:  319.57 GB
[  168.6s] IOs:     83873345  IOPS:   497576  Throughput:  1943.7 MB/s  Total:  319.95 GB
[  168.7s] IOs:     83973445  IOPS:   497632  Throughput:  1943.9 MB/s  Total:  320.33 GB
[  168.9s] IOs:     84074210  IOPS:   497683  Throughput:  1944.1 MB/s  Total:  320.72 GB
[  169.1s] IOs:     84174235  IOPS:   497681  Throughput:  1944.1 MB/s  Total:  321.10 GB
[  169.3s] IOs:     84274949  IOPS:   497728  Throughput:  1944.3 MB/s  Total:  321.48 GB
[  169.5s] IOs:     84375983  IOPS:   497765  Throughput:  1944.4 MB/s  Total:  321.87 GB
[  169.7s] IOs:     84476941  IOPS:   497775  Throughput:  1944.4 MB/s  Total:  322.25 GB
[  169.9s] IOs:     84577755  IOPS:   497753  Throughput:  1944.3 MB/s  Total:  322.64 GB
[  170.1s] IOs:     84677804  IOPS:   497784  Throughput:  1944.5 MB/s  Total:  323.02 GB
[  170.3s] IOs:     84778498  IOPS:   497828  Throughput:  1944.6 MB/s  Total:  323.40 GB
[  170.5s] IOs:     84879127  IOPS:   497853  Throughput:  1944.7 MB/s  Total:  323.79 GB
[  170.7s] IOs:     84979970  IOPS:   497903  Throughput:  1944.9 MB/s  Total:  324.17 GB
[  170.9s] IOs:     85080010  IOPS:   497943  Throughput:  1945.1 MB/s  Total:  324.55 GB
[  171.1s] IOs:     85180741  IOPS:   497970  Throughput:  1945.2 MB/s  Total:  324.94 GB
[  171.2s] IOs:     85281468  IOPS:   498024  Throughput:  1945.4 MB/s  Total:  325.32 GB
[  171.4s] IOs:     85381476  IOPS:   498063  Throughput:  1945.6 MB/s  Total:  325.70 GB
[  171.6s] IOs:     85482313  IOPS:   498109  Throughput:  1945.7 MB/s  Total:  326.09 GB
[  171.8s] IOs:     85583198  IOPS:   498159  Throughput:  1945.9 MB/s  Total:  326.47 GB
[  172.0s] IOs:     85684129  IOPS:   498189  Throughput:  1946.0 MB/s  Total:  326.86 GB
[  172.2s] IOs:     85784924  IOPS:   498185  Throughput:  1946.0 MB/s  Total:  327.24 GB
[  172.4s] IOs:     85885874  IOPS:   498125  Throughput:  1945.8 MB/s  Total:  327.63 GB
[  172.6s] IOs:     85986638  IOPS:   498146  Throughput:  1945.9 MB/s  Total:  328.01 GB
[  172.8s] IOs:     86087523  IOPS:   498148  Throughput:  1945.9 MB/s  Total:  328.40 GB
[  173.0s] IOs:     86188485  IOPS:   498206  Throughput:  1946.1 MB/s  Total:  328.78 GB
[  173.2s] IOs:     86288499  IOPS:   498169  Throughput:  1946.0 MB/s  Total:  329.16 GB
[  173.4s] IOs:     86389296  IOPS:   498225  Throughput:  1946.2 MB/s  Total:  329.55 GB
[  173.6s] IOs:     86489841  IOPS:   498260  Throughput:  1946.3 MB/s  Total:  329.93 GB
[  173.8s] IOs:     86590679  IOPS:   498300  Throughput:  1946.5 MB/s  Total:  330.32 GB
[  174.0s] IOs:     86690769  IOPS:   498318  Throughput:  1946.6 MB/s  Total:  330.70 GB
[  174.2s] IOs:     86791635  IOPS:   498301  Throughput:  1946.5 MB/s  Total:  331.08 GB
[  174.4s] IOs:     86892239  IOPS:   498354  Throughput:  1946.7 MB/s  Total:  331.47 GB
[  174.5s] IOs:     86992927  IOPS:   498394  Throughput:  1946.9 MB/s  Total:  331.85 GB
[  174.7s] IOs:     87093795  IOPS:   498428  Throughput:  1947.0 MB/s  Total:  332.24 GB
[  174.9s] IOs:     87194689  IOPS:   498487  Throughput:  1947.2 MB/s  Total:  332.62 GB
[  175.1s] IOs:     87295659  IOPS:   498494  Throughput:  1947.2 MB/s  Total:  333.01 GB
[  175.3s] IOs:     87396438  IOPS:   498544  Throughput:  1947.4 MB/s  Total:  333.39 GB
[  175.5s] IOs:     87497324  IOPS:   498539  Throughput:  1947.4 MB/s  Total:  333.78 GB
[  175.7s] IOs:     87598118  IOPS:   498603  Throughput:  1947.7 MB/s  Total:  334.16 GB
[  175.9s] IOs:     87698907  IOPS:   498646  Throughput:  1947.8 MB/s  Total:  334.54 GB
[  176.1s] IOs:     87799862  IOPS:   498693  Throughput:  1948.0 MB/s  Total:  334.93 GB
[  176.3s] IOs:     87900684  IOPS:   498707  Throughput:  1948.1 MB/s  Total:  335.31 GB
[  176.4s] IOs:     88001418  IOPS:   498769  Throughput:  1948.3 MB/s  Total:  335.70 GB
[  176.6s] IOs:     88102407  IOPS:   498784  Throughput:  1948.4 MB/s  Total:  336.08 GB
[  176.8s] IOs:     88202588  IOPS:   498816  Throughput:  1948.5 MB/s  Total:  336.47 GB
[  177.0s] IOs:     88303287  IOPS:   498873  Throughput:  1948.7 MB/s  Total:  336.85 GB
[  177.2s] IOs:     88404121  IOPS:   498925  Throughput:  1948.9 MB/s  Total:  337.23 GB
[  177.4s] IOs:     88504963  IOPS:   498973  Throughput:  1949.1 MB/s  Total:  337.62 GB
[  177.6s] IOs:     88605725  IOPS:   499010  Throughput:  1949.3 MB/s  Total:  338.00 GB
[  177.7s] IOs:     88706589  IOPS:   499058  Throughput:  1949.4 MB/s  Total:  338.39 GB
[Reader] Parsed 12000000 lines, distributed 88782580 writes, unique 151.55 GB, skipped 0
[  177.9s] IOs:     88807521  IOPS:   499062  Throughput:  1949.5 MB/s  Total:  338.77 GB
[  178.1s] IOs:     88908351  IOPS:   499102  Throughput:  1949.6 MB/s  Total:  339.16 GB
[  178.3s] IOs:     89009218  IOPS:   499128  Throughput:  1949.7 MB/s  Total:  339.54 GB
[  178.5s] IOs:     89109937  IOPS:   499143  Throughput:  1949.8 MB/s  Total:  339.93 GB
[  178.7s] IOs:     89210646  IOPS:   499166  Throughput:  1949.9 MB/s  Total:  340.31 GB
[  178.9s] IOs:     89311424  IOPS:   499210  Throughput:  1950.0 MB/s  Total:  340.70 GB
[  179.1s] IOs:     89411543  IOPS:   499239  Throughput:  1950.2 MB/s  Total:  341.08 GB
[  179.3s] IOs:     89512293  IOPS:   499291  Throughput:  1950.4 MB/s  Total:  341.46 GB
[  179.5s] IOs:     89613179  IOPS:   499326  Throughput:  1950.5 MB/s  Total:  341.85 GB
[  179.7s] IOs:     89713846  IOPS:   499344  Throughput:  1950.6 MB/s  Total:  342.23 GB
[  179.9s] IOs:     89814644  IOPS:   499377  Throughput:  1950.7 MB/s  Total:  342.62 GB
[  180.0s] IOs:     89914740  IOPS:   499423  Throughput:  1950.9 MB/s  Total:  343.00 GB
[  180.2s] IOs:     90015639  IOPS:   499480  Throughput:  1951.1 MB/s  Total:  343.38 GB
[  180.4s] IOs:     90116341  IOPS:   499520  Throughput:  1951.3 MB/s  Total:  343.77 GB
[  180.6s] IOs:     90217013  IOPS:   499574  Throughput:  1951.5 MB/s  Total:  344.15 GB
[  180.8s] IOs:     90318050  IOPS:   499621  Throughput:  1951.6 MB/s  Total:  344.54 GB
[  181.0s] IOs:     90418974  IOPS:   499672  Throughput:  1951.8 MB/s  Total:  344.92 GB
[  181.1s] IOs:     90519756  IOPS:   499727  Throughput:  1952.1 MB/s  Total:  345.31 GB
[  181.3s] IOs:     90619807  IOPS:   499765  Throughput:  1952.2 MB/s  Total:  345.69 GB
[  181.5s] IOs:     90720632  IOPS:   499765  Throughput:  1952.2 MB/s  Total:  346.07 GB
[  181.7s] IOs:     90821462  IOPS:   499795  Throughput:  1952.3 MB/s  Total:  346.46 GB
[  181.9s] IOs:     90921509  IOPS:   499803  Throughput:  1952.4 MB/s  Total:  346.84 GB
[  182.1s] IOs:     91022399  IOPS:   499850  Throughput:  1952.5 MB/s  Total:  347.22 GB
[  182.3s] IOs:     91123304  IOPS:   499899  Throughput:  1952.7 MB/s  Total:  347.61 GB
[  182.5s] IOs:     91224192  IOPS:   499930  Throughput:  1952.9 MB/s  Total:  347.99 GB
[  182.7s] IOs:     91325173  IOPS:   499927  Throughput:  1952.8 MB/s  Total:  348.38 GB
[  182.9s] IOs:     91426185  IOPS:   499966  Throughput:  1953.0 MB/s  Total:  348.76 GB
[  183.1s] IOs:     91527154  IOPS:   500008  Throughput:  1953.2 MB/s  Total:  349.15 GB
[  183.2s] IOs:     91627834  IOPS:   500055  Throughput:  1953.3 MB/s  Total:  349.53 GB
[  183.4s] IOs:     91728768  IOPS:   500074  Throughput:  1953.4 MB/s  Total:  349.92 GB
[  183.6s] IOs:     91829567  IOPS:   500083  Throughput:  1953.4 MB/s  Total:  350.30 GB
[  183.8s] IOs:     91930482  IOPS:   500130  Throughput:  1953.6 MB/s  Total:  350.69 GB
[  184.0s] IOs:     92030530  IOPS:   500172  Throughput:  1953.8 MB/s  Total:  351.07 GB
[  184.2s] IOs:     92131435  IOPS:   500204  Throughput:  1953.9 MB/s  Total:  351.45 GB
[  184.4s] IOs:     92232235  IOPS:   500252  Throughput:  1954.1 MB/s  Total:  351.84 GB
[  184.6s] IOs:     92333037  IOPS:   500276  Throughput:  1954.2 MB/s  Total:  352.22 GB
[  184.7s] IOs:     92433268  IOPS:   500321  Throughput:  1954.4 MB/s  Total:  352.60 GB
[  184.9s] IOs:     92534144  IOPS:   500360  Throughput:  1954.5 MB/s  Total:  352.99 GB
[  185.1s] IOs:     92634283  IOPS:   500357  Throughput:  1954.5 MB/s  Total:  353.37 GB
[  185.3s] IOs:     92734909  IOPS:   500382  Throughput:  1954.6 MB/s  Total:  353.76 GB
[  185.5s] IOs:     92835671  IOPS:   500414  Throughput:  1954.7 MB/s  Total:  354.14 GB
[  185.7s] IOs:     92936623  IOPS:   500454  Throughput:  1954.9 MB/s  Total:  354.53 GB
[  185.9s] IOs:     93037663  IOPS:   500497  Throughput:  1955.1 MB/s  Total:  354.91 GB
[  186.1s] IOs:     93138519  IOPS:   500531  Throughput:  1955.2 MB/s  Total:  355.30 GB
[  186.3s] IOs:     93239265  IOPS:   500546  Throughput:  1955.3 MB/s  Total:  355.68 GB
[  186.5s] IOs:     93340067  IOPS:   500577  Throughput:  1955.4 MB/s  Total:  356.06 GB
[  186.6s] IOs:     93440100  IOPS:   500628  Throughput:  1955.6 MB/s  Total:  356.45 GB
[  186.8s] IOs:     93540957  IOPS:   500667  Throughput:  1955.7 MB/s  Total:  356.83 GB
[  187.0s] IOs:     93641804  IOPS:   500663  Throughput:  1955.7 MB/s  Total:  357.22 GB
[  187.2s] IOs:     93742581  IOPS:   500687  Throughput:  1955.8 MB/s  Total:  357.60 GB
[  187.4s] IOs:     93842715  IOPS:   500709  Throughput:  1955.9 MB/s  Total:  357.98 GB
[  187.6s] IOs:     93943716  IOPS:   500746  Throughput:  1956.0 MB/s  Total:  358.37 GB
[  187.8s] IOs:     94044621  IOPS:   500738  Throughput:  1956.0 MB/s  Total:  358.75 GB
[  188.0s] IOs:     94145395  IOPS:   500732  Throughput:  1956.0 MB/s  Total:  359.14 GB
[  188.2s] IOs:     94246019  IOPS:   500778  Throughput:  1956.2 MB/s  Total:  359.52 GB
[  188.4s] IOs:     94347020  IOPS:   500792  Throughput:  1956.2 MB/s  Total:  359.91 GB
[  188.6s] IOs:     94448049  IOPS:   500805  Throughput:  1956.3 MB/s  Total:  360.29 GB
[  188.8s] IOs:     94548913  IOPS:   500855  Throughput:  1956.5 MB/s  Total:  360.68 GB
[  189.0s] IOs:     94648936  IOPS:   500901  Throughput:  1956.6 MB/s  Total:  361.06 GB
[Reader] Parsed 13000000 lines, distributed 94653738 writes, unique 157.30 GB, skipped 0
[  189.2s] IOs:     94749789  IOPS:   500907  Throughput:  1956.7 MB/s  Total:  361.44 GB
[  189.3s] IOs:     94850596  IOPS:   500928  Throughput:  1956.8 MB/s  Total:  361.83 GB
[  189.5s] IOs:     94950762  IOPS:   500938  Throughput:  1956.8 MB/s  Total:  362.21 GB
[  189.7s] IOs:     95051790  IOPS:   500966  Throughput:  1956.9 MB/s  Total:  362.59 GB
[  189.9s] IOs:     95152465  IOPS:   501001  Throughput:  1957.0 MB/s  Total:  362.98 GB
[  190.1s] IOs:     95253374  IOPS:   501033  Throughput:  1957.2 MB/s  Total:  363.36 GB
[  190.3s] IOs:     95354167  IOPS:   501055  Throughput:  1957.2 MB/s  Total:  363.75 GB
[  190.5s] IOs:     95454782  IOPS:   501039  Throughput:  1957.2 MB/s  Total:  364.13 GB
[  190.7s] IOs:     95555571  IOPS:   501038  Throughput:  1957.2 MB/s  Total:  364.52 GB
[  190.9s] IOs:     95656452  IOPS:   501041  Throughput:  1957.2 MB/s  Total:  364.90 GB
[  191.1s] IOs:     95757385  IOPS:   501061  Throughput:  1957.3 MB/s  Total:  365.29 GB
[  191.3s] IOs:     95858171  IOPS:   501095  Throughput:  1957.4 MB/s  Total:  365.67 GB
[  191.5s] IOs:     95959027  IOPS:   501134  Throughput:  1957.6 MB/s  Total:  366.05 GB
[  191.7s] IOs:     96059969  IOPS:   501147  Throughput:  1957.6 MB/s  Total:  366.44 GB
[  191.9s] IOs:     96160955  IOPS:   501178  Throughput:  1957.7 MB/s  Total:  366.82 GB
[  192.1s] IOs:     96260988  IOPS:   501211  Throughput:  1957.9 MB/s  Total:  367.21 GB
[  192.2s] IOs:     96361948  IOPS:   501241  Throughput:  1958.0 MB/s  Total:  367.59 GB
[  192.4s] IOs:     96462841  IOPS:   501265  Throughput:  1958.1 MB/s  Total:  367.98 GB
[  192.6s] IOs:     96562922  IOPS:   501304  Throughput:  1958.2 MB/s  Total:  368.36 GB
[  192.8s] IOs:     96663781  IOPS:   501316  Throughput:  1958.3 MB/s  Total:  368.74 GB
[  193.0s] IOs:     96764452  IOPS:   501354  Throughput:  1958.4 MB/s  Total:  369.13 GB
[  193.2s] IOs:     96865267  IOPS:   501374  Throughput:  1958.5 MB/s  Total:  369.51 GB
[  193.4s] IOs:     96966193  IOPS:   501423  Throughput:  1958.7 MB/s  Total:  369.90 GB
[  193.6s] IOs:     97067169  IOPS:   501459  Throughput:  1958.8 MB/s  Total:  370.28 GB
[  193.8s] IOs:     97168084  IOPS:   501505  Throughput:  1959.0 MB/s  Total:  370.67 GB
[  193.9s] IOs:     97268863  IOPS:   501561  Throughput:  1959.2 MB/s  Total:  371.05 GB
[  194.1s] IOs:     97369810  IOPS:   501593  Throughput:  1959.3 MB/s  Total:  371.44 GB
[  194.3s] IOs:     97470620  IOPS:   501619  Throughput:  1959.5 MB/s  Total:  371.82 GB
[  194.5s] IOs:     97570638  IOPS:   501599  Throughput:  1959.4 MB/s  Total:  372.20 GB
[  194.7s] IOs:     97671443  IOPS:   501631  Throughput:  1959.5 MB/s  Total:  372.59 GB
[  194.9s] IOs:     97772464  IOPS:   501650  Throughput:  1959.6 MB/s  Total:  372.97 GB
[  195.1s] IOs:     97873191  IOPS:   501641  Throughput:  1959.5 MB/s  Total:  373.36 GB
[  195.3s] IOs:     97974117  IOPS:   501645  Throughput:  1959.6 MB/s  Total:  373.74 GB
[  195.5s] IOs:     98074293  IOPS:   501645  Throughput:  1959.6 MB/s  Total:  374.12 GB
[  195.7s] IOs:     98175136  IOPS:   501609  Throughput:  1959.4 MB/s  Total:  374.51 GB
[  195.9s] IOs:     98276099  IOPS:   501610  Throughput:  1959.4 MB/s  Total:  374.89 GB
[  196.1s] IOs:     98376941  IOPS:   501595  Throughput:  1959.4 MB/s  Total:  375.28 GB
[  196.3s] IOs:     98476989  IOPS:   501636  Throughput:  1959.5 MB/s  Total:  375.66 GB
[  196.5s] IOs:     98577774  IOPS:   501646  Throughput:  1959.6 MB/s  Total:  376.04 GB
[  196.7s] IOs:     98678755  IOPS:   501677  Throughput:  1959.7 MB/s  Total:  376.43 GB
[  196.9s] IOs:     98778863  IOPS:   501705  Throughput:  1959.8 MB/s  Total:  376.81 GB
[  197.1s] IOs:     98879768  IOPS:   501754  Throughput:  1960.0 MB/s  Total:  377.20 GB
[  197.3s] IOs:     98980532  IOPS:   501763  Throughput:  1960.0 MB/s  Total:  377.58 GB
[  197.5s] IOs:     99081091  IOPS:   501789  Throughput:  1960.1 MB/s  Total:  377.96 GB
[  197.7s] IOs:     99182046  IOPS:   501769  Throughput:  1960.0 MB/s  Total:  378.35 GB
[  197.9s] IOs:     99283033  IOPS:   501765  Throughput:  1960.0 MB/s  Total:  378.73 GB
[  198.1s] IOs:     99384017  IOPS:   501800  Throughput:  1960.2 MB/s  Total:  379.12 GB
[  198.2s] IOs:     99484811  IOPS:   501838  Throughput:  1960.3 MB/s  Total:  379.50 GB
[  198.4s] IOs:     99585494  IOPS:   501871  Throughput:  1960.4 MB/s  Total:  379.89 GB
[  198.6s] IOs:     99686467  IOPS:   501906  Throughput:  1960.6 MB/s  Total:  380.27 GB
[  198.8s] IOs:     99787444  IOPS:   501931  Throughput:  1960.7 MB/s  Total:  380.66 GB
[  199.0s] IOs:     99888343  IOPS:   501895  Throughput:  1960.5 MB/s  Total:  381.04 GB
[  199.2s] IOs:     99989169  IOPS:   501886  Throughput:  1960.5 MB/s  Total:  381.43 GB
[  199.4s] IOs:    100089910  IOPS:   501919  Throughput:  1960.6 MB/s  Total:  381.81 GB
[  199.6s] IOs:    100190905  IOPS:   501953  Throughput:  1960.8 MB/s  Total:  382.20 GB
[  199.8s] IOs:    100291895  IOPS:   501990  Throughput:  1960.9 MB/s  Total:  382.58 GB
[  200.0s] IOs:    100392794  IOPS:   502029  Throughput:  1961.0 MB/s  Total:  382.97 GB
[  200.2s] IOs:    100493648  IOPS:   502061  Throughput:  1961.2 MB/s  Total:  383.35 GB
[  200.4s] IOs:    100594528  IOPS:   502044  Throughput:  1961.1 MB/s  Total:  383.74 GB
[  200.6s] IOs:    100695350  IOPS:   502057  Throughput:  1961.2 MB/s  Total:  384.12 GB
[  200.8s] IOs:    100796331  IOPS:   502056  Throughput:  1961.2 MB/s  Total:  384.51 GB
[  200.9s] IOs:    100897331  IOPS:   502102  Throughput:  1961.3 MB/s  Total:  384.89 GB
[  201.1s] IOs:    100998302  IOPS:   502136  Throughput:  1961.5 MB/s  Total:  385.28 GB
[  201.3s] IOs:    101098972  IOPS:   502161  Throughput:  1961.6 MB/s  Total:  385.66 GB
[  201.5s] IOs:    101199896  IOPS:   502190  Throughput:  1961.7 MB/s  Total:  386.05 GB
[  201.7s] IOs:    101300856  IOPS:   502234  Throughput:  1961.9 MB/s  Total:  386.43 GB
[  201.9s] IOs:    101401688  IOPS:   502280  Throughput:  1962.0 MB/s  Total:  386.82 GB
[  202.1s] IOs:    101502665  IOPS:   502328  Throughput:  1962.2 MB/s  Total:  387.20 GB
[  202.3s] IOs:    101603449  IOPS:   502343  Throughput:  1962.3 MB/s  Total:  387.59 GB
[  202.5s] IOs:    101704357  IOPS:   502339  Throughput:  1962.3 MB/s  Total:  387.97 GB
[  202.6s] IOs:    101805202  IOPS:   502373  Throughput:  1962.4 MB/s  Total:  388.36 GB
[  202.8s] IOs:    101906166  IOPS:   502410  Throughput:  1962.5 MB/s  Total:  388.74 GB
[  203.0s] IOs:    102007176  IOPS:   502449  Throughput:  1962.7 MB/s  Total:  389.13 GB
[  203.2s] IOs:    102108129  IOPS:   502487  Throughput:  1962.8 MB/s  Total:  389.51 GB
[  203.4s] IOs:    102208797  IOPS:   502525  Throughput:  1963.0 MB/s  Total:  389.90 GB
[Reader] Parsed 14000000 lines, distributed 102242011 writes, unique 169.23 GB, skipped 0
[  203.6s] IOs:    102308865  IOPS:   502552  Throughput:  1963.1 MB/s  Total:  390.28 GB
[  203.8s] IOs:    102409625  IOPS:   502557  Throughput:  1963.1 MB/s  Total:  390.66 GB
[  204.0s] IOs:    102510529  IOPS:   502581  Throughput:  1963.2 MB/s  Total:  391.05 GB
[  204.2s] IOs:    102611304  IOPS:   502612  Throughput:  1963.3 MB/s  Total:  391.43 GB
[  204.3s] IOs:    102711921  IOPS:   502633  Throughput:  1963.4 MB/s  Total:  391.81 GB
[  204.5s] IOs:    102812211  IOPS:   502638  Throughput:  1963.4 MB/s  Total:  392.20 GB
[  204.7s] IOs:    102913154  IOPS:   502673  Throughput:  1963.6 MB/s  Total:  392.58 GB
[  204.9s] IOs:    103013921  IOPS:   502667  Throughput:  1963.5 MB/s  Total:  392.97 GB
[  205.1s] IOs:    103114611  IOPS:   502699  Throughput:  1963.7 MB/s  Total:  393.35 GB
[  205.3s] IOs:    103215487  IOPS:   502725  Throughput:  1963.8 MB/s  Total:  393.74 GB
[  205.5s] IOs:    103316378  IOPS:   502770  Throughput:  1963.9 MB/s  Total:  394.12 GB
[  205.7s] IOs:    103417355  IOPS:   502807  Throughput:  1964.1 MB/s  Total:  394.51 GB
[  205.9s] IOs:    103518195  IOPS:   502834  Throughput:  1964.2 MB/s  Total:  394.89 GB
[  206.1s] IOs:    103619028  IOPS:   502857  Throughput:  1964.3 MB/s  Total:  395.28 GB
[  206.3s] IOs:    103719977  IOPS:   502854  Throughput:  1964.3 MB/s  Total:  395.66 GB
[  206.5s] IOs:    103820901  IOPS:   502789  Throughput:  1964.0 MB/s  Total:  396.05 GB
[  206.7s] IOs:    103921743  IOPS:   502816  Throughput:  1964.1 MB/s  Total:  396.43 GB
[  206.9s] IOs:    104021917  IOPS:   502858  Throughput:  1964.3 MB/s  Total:  396.81 GB
[  207.1s] IOs:    104122757  IOPS:   502885  Throughput:  1964.4 MB/s  Total:  397.20 GB
[  207.3s] IOs:    104223525  IOPS:   502886  Throughput:  1964.4 MB/s  Total:  397.58 GB
[  207.5s] IOs:    104324260  IOPS:   502884  Throughput:  1964.4 MB/s  Total:  397.97 GB
[  207.6s] IOs:    104425212  IOPS:   502917  Throughput:  1964.5 MB/s  Total:  398.35 GB
[  207.8s] IOs:    104526009  IOPS:   502958  Throughput:  1964.7 MB/s  Total:  398.74 GB
[  208.0s] IOs:    104626936  IOPS:   502958  Throughput:  1964.7 MB/s  Total:  399.12 GB
[  208.2s] IOs:    104727685  IOPS:   502977  Throughput:  1964.8 MB/s  Total:  399.50 GB
[  208.4s] IOs:    104828494  IOPS:   503021  Throughput:  1964.9 MB/s  Total:  399.89 GB
[  208.6s] IOs:    104929440  IOPS:   503053  Throughput:  1965.1 MB/s  Total:  400.27 GB
[  208.8s] IOs:    105029499  IOPS:   503079  Throughput:  1965.2 MB/s  Total:  400.66 GB
[  209.0s] IOs:    105129554  IOPS:   503086  Throughput:  1965.2 MB/s  Total:  401.04 GB
[  209.2s] IOs:    105230480  IOPS:   503099  Throughput:  1965.2 MB/s  Total:  401.42 GB
[  209.3s] IOs:    105331346  IOPS:   503143  Throughput:  1965.4 MB/s  Total:  401.81 GB
[  209.5s] IOs:    105432246  IOPS:   503150  Throughput:  1965.4 MB/s  Total:  402.19 GB
[  209.7s] IOs:    105533185  IOPS:   503192  Throughput:  1965.6 MB/s  Total:  402.58 GB
[  209.9s] IOs:    105633255  IOPS:   503200  Throughput:  1965.6 MB/s  Total:  402.96 GB
[  210.1s] IOs:    105734034  IOPS:   503241  Throughput:  1965.8 MB/s  Total:  403.34 GB
[  210.3s] IOs:    105834675  IOPS:   503279  Throughput:  1965.9 MB/s  Total:  403.73 GB
[  210.5s] IOs:    105935565  IOPS:   503308  Throughput:  1966.0 MB/s  Total:  404.11 GB
[  210.7s] IOs:    106036320  IOPS:   503351  Throughput:  1966.2 MB/s  Total:  404.50 GB
[  210.8s] IOs:    106137209  IOPS:   503386  Throughput:  1966.4 MB/s  Total:  404.88 GB
[  211.0s] IOs:    106237902  IOPS:   503416  Throughput:  1966.5 MB/s  Total:  405.27 GB
[  211.2s] IOs:    106338846  IOPS:   503423  Throughput:  1966.5 MB/s  Total:  405.65 GB
[  211.4s] IOs:    106439687  IOPS:   503441  Throughput:  1966.6 MB/s  Total:  406.04 GB
[  211.6s] IOs:    106539770  IOPS:   503454  Throughput:  1966.6 MB/s  Total:  406.42 GB
[  211.8s] IOs:    106640630  IOPS:   503452  Throughput:  1966.6 MB/s  Total:  406.80 GB
[  212.0s] IOs:    106740688  IOPS:   503474  Throughput:  1966.7 MB/s  Total:  407.18 GB
[  212.2s] IOs:    106841546  IOPS:   503513  Throughput:  1966.8 MB/s  Total:  407.57 GB
[  212.4s] IOs:    106942249  IOPS:   503560  Throughput:  1967.0 MB/s  Total:  407.95 GB
[  212.6s] IOs:    107043028  IOPS:   503572  Throughput:  1967.1 MB/s  Total:  408.34 GB
[  212.8s] IOs:    107143098  IOPS:   503587  Throughput:  1967.1 MB/s  Total:  408.72 GB
[  212.9s] IOs:    107244112  IOPS:   503614  Throughput:  1967.2 MB/s  Total:  409.10 GB
[Reader] Parsed 15000000 lines, distributed 107301776 writes, unique 173.77 GB, skipped 0
[  213.1s] IOs:    107344840  IOPS:   503658  Throughput:  1967.4 MB/s  Total:  409.49 GB
[  213.3s] IOs:    107445701  IOPS:   503637  Throughput:  1967.3 MB/s  Total:  409.87 GB
[  213.5s] IOs:    107546327  IOPS:   503673  Throughput:  1967.5 MB/s  Total:  410.26 GB
[  213.7s] IOs:    107646993  IOPS:   503716  Throughput:  1967.6 MB/s  Total:  410.64 GB
[  213.9s] IOs:    107747828  IOPS:   503741  Throughput:  1967.7 MB/s  Total:  411.03 GB
[  214.1s] IOs:    107848846  IOPS:   503760  Throughput:  1967.8 MB/s  Total:  411.41 GB
[  214.3s] IOs:    107949613  IOPS:   503797  Throughput:  1968.0 MB/s  Total:  411.80 GB
[  214.5s] IOs:    108050604  IOPS:   503840  Throughput:  1968.1 MB/s  Total:  412.18 GB
[  214.6s] IOs:    108151500  IOPS:   503876  Throughput:  1968.3 MB/s  Total:  412.57 GB
[  214.8s] IOs:    108252387  IOPS:   503914  Throughput:  1968.4 MB/s  Total:  412.95 GB
[  215.0s] IOs:    108353204  IOPS:   503946  Throughput:  1968.5 MB/s  Total:  413.33 GB
[  215.2s] IOs:    108453779  IOPS:   503977  Throughput:  1968.7 MB/s  Total:  413.72 GB
[  215.4s] IOs:    108554732  IOPS:   503982  Throughput:  1968.7 MB/s  Total:  414.10 GB
[  215.6s] IOs:    108655664  IOPS:   504002  Throughput:  1968.8 MB/s  Total:  414.49 GB
[  215.8s] IOs:    108755704  IOPS:   504036  Throughput:  1968.9 MB/s  Total:  414.87 GB
[  216.0s] IOs:    108856319  IOPS:   504067  Throughput:  1969.0 MB/s  Total:  415.25 GB
[  216.2s] IOs:    108957326  IOPS:   504056  Throughput:  1969.0 MB/s  Total:  415.64 GB
[  216.3s] IOs:    109058183  IOPS:   504097  Throughput:  1969.1 MB/s  Total:  416.02 GB
[  216.5s] IOs:    109159002  IOPS:   504103  Throughput:  1969.2 MB/s  Total:  416.41 GB
[  216.7s] IOs:    109259230  IOPS:   504144  Throughput:  1969.3 MB/s  Total:  416.79 GB
[  216.9s] IOs:    109360025  IOPS:   504175  Throughput:  1969.4 MB/s  Total:  417.18 GB
[  217.1s] IOs:    109460847  IOPS:   504206  Throughput:  1969.6 MB/s  Total:  417.56 GB
[  217.3s] IOs:    109561453  IOPS:   504216  Throughput:  1969.6 MB/s  Total:  417.94 GB
[  217.5s] IOs:    109661554  IOPS:   504212  Throughput:  1969.6 MB/s  Total:  418.33 GB
[  217.7s] IOs:    109762487  IOPS:   504247  Throughput:  1969.7 MB/s  Total:  418.71 GB
[  217.9s] IOs:    109863274  IOPS:   504251  Throughput:  1969.7 MB/s  Total:  419.10 GB
[  218.1s] IOs:    109964237  IOPS:   504267  Throughput:  1969.8 MB/s  Total:  419.48 GB
[  218.3s] IOs:    110065020  IOPS:   504302  Throughput:  1969.9 MB/s  Total:  419.86 GB
[  218.4s] IOs:    110165967  IOPS:   504330  Throughput:  1970.0 MB/s  Total:  420.25 GB
[  218.6s] IOs:    110266817  IOPS:   504370  Throughput:  1970.2 MB/s  Total:  420.63 GB
[  218.8s] IOs:    110366905  IOPS:   504412  Throughput:  1970.4 MB/s  Total:  421.02 GB
[  219.0s] IOs:    110467828  IOPS:   504436  Throughput:  1970.5 MB/s  Total:  421.40 GB
[  219.2s] IOs:    110568508  IOPS:   504467  Throughput:  1970.6 MB/s  Total:  421.79 GB
[  219.4s] IOs:    110669347  IOPS:   504502  Throughput:  1970.7 MB/s  Total:  422.17 GB
[  219.6s] IOs:    110769367  IOPS:   504514  Throughput:  1970.8 MB/s  Total:  422.55 GB
[  219.7s] IOs:    110870376  IOPS:   504547  Throughput:  1970.9 MB/s  Total:  422.94 GB
[  219.9s] IOs:    110971188  IOPS:   504583  Throughput:  1971.0 MB/s  Total:  423.32 GB
[  220.1s] IOs:    111071895  IOPS:   504623  Throughput:  1971.2 MB/s  Total:  423.71 GB
[  220.3s] IOs:    111172365  IOPS:   504658  Throughput:  1971.3 MB/s  Total:  424.09 GB
[  220.5s] IOs:    111273118  IOPS:   504697  Throughput:  1971.5 MB/s  Total:  424.47 GB
[  220.7s] IOs:    111374108  IOPS:   504740  Throughput:  1971.6 MB/s  Total:  424.86 GB
[  220.8s] IOs:    111475043  IOPS:   504769  Throughput:  1971.8 MB/s  Total:  425.24 GB
[  221.0s] IOs:    111575799  IOPS:   504784  Throughput:  1971.8 MB/s  Total:  425.63 GB
[  221.2s] IOs:    111676627  IOPS:   504798  Throughput:  1971.9 MB/s  Total:  426.01 GB
[  221.4s] IOs:    111777621  IOPS:   504816  Throughput:  1971.9 MB/s  Total:  426.40 GB
[  221.6s] IOs:    111878590  IOPS:   504857  Throughput:  1972.1 MB/s  Total:  426.78 GB
[  221.8s] IOs:    111979256  IOPS:   504877  Throughput:  1972.2 MB/s  Total:  427.17 GB
[  222.0s] IOs:    112079849  IOPS:   504877  Throughput:  1972.2 MB/s  Total:  427.55 GB
[Reader] Parsed 16000000 lines, distributed 112145704 writes, unique 176.69 GB, skipped 0
[  222.2s] IOs:    112180745  IOPS:   504903  Throughput:  1972.3 MB/s  Total:  427.94 GB
[  222.4s] IOs:    112281632  IOPS:   504935  Throughput:  1972.4 MB/s  Total:  428.32 GB
[  222.6s] IOs:    112382642  IOPS:   504974  Throughput:  1972.6 MB/s  Total:  428.71 GB
[  222.7s] IOs:    112483648  IOPS:   505009  Throughput:  1972.7 MB/s  Total:  429.09 GB
[  222.9s] IOs:    112584411  IOPS:   505044  Throughput:  1972.8 MB/s  Total:  429.48 GB
[  223.1s] IOs:    112685123  IOPS:   505072  Throughput:  1972.9 MB/s  Total:  429.86 GB
[  223.3s] IOs:    112785177  IOPS:   505083  Throughput:  1973.0 MB/s  Total:  430.24 GB
[  223.5s] IOs:    112885282  IOPS:   505080  Throughput:  1973.0 MB/s  Total:  430.62 GB
[  223.7s] IOs:    112986158  IOPS:   505090  Throughput:  1973.0 MB/s  Total:  431.01 GB
[  223.9s] IOs:    113086928  IOPS:   505106  Throughput:  1973.1 MB/s  Total:  431.39 GB
[  224.1s] IOs:    113187710  IOPS:   505109  Throughput:  1973.1 MB/s  Total:  431.78 GB
[  224.3s] IOs:    113288379  IOPS:   505089  Throughput:  1973.0 MB/s  Total:  432.16 GB
[  224.5s] IOs:    113389365  IOPS:   505137  Throughput:  1973.2 MB/s  Total:  432.55 GB
[  224.7s] IOs:    113490228  IOPS:   505159  Throughput:  1973.3 MB/s  Total:  432.93 GB
[  224.8s] IOs:    113591025  IOPS:   505191  Throughput:  1973.4 MB/s  Total:  433.32 GB
[  225.0s] IOs:    113692031  IOPS:   505215  Throughput:  1973.5 MB/s  Total:  433.70 GB
[  225.2s] IOs:    113792753  IOPS:   505247  Throughput:  1973.6 MB/s  Total:  434.08 GB
[  225.4s] IOs:    113893764  IOPS:   505282  Throughput:  1973.8 MB/s  Total:  434.47 GB
[  225.6s] IOs:    113994695  IOPS:   505321  Throughput:  1973.9 MB/s  Total:  434.86 GB
[  225.8s] IOs:    114095398  IOPS:   505351  Throughput:  1974.0 MB/s  Total:  435.24 GB
[  226.0s] IOs:    114195530  IOPS:   505351  Throughput:  1974.0 MB/s  Total:  435.62 GB
[  226.2s] IOs:    114296252  IOPS:   505382  Throughput:  1974.1 MB/s  Total:  436.01 GB
[  226.3s] IOs:    114397141  IOPS:   505407  Throughput:  1974.2 MB/s  Total:  436.39 GB
[  226.5s] IOs:    114497391  IOPS:   505434  Throughput:  1974.4 MB/s  Total:  436.77 GB
[  226.7s] IOs:    114598351  IOPS:   505471  Throughput:  1974.5 MB/s  Total:  437.16 GB
[  226.9s] IOs:    114698996  IOPS:   505494  Throughput:  1974.6 MB/s  Total:  437.54 GB
[  227.1s] IOs:    114799740  IOPS:   505498  Throughput:  1974.6 MB/s  Total:  437.93 GB
[  227.3s] IOs:    114900477  IOPS:   505515  Throughput:  1974.7 MB/s  Total:  438.31 GB
[  227.5s] IOs:    115001303  IOPS:   505555  Throughput:  1974.8 MB/s  Total:  438.70 GB
[  227.7s] IOs:    115102141  IOPS:   505567  Throughput:  1974.9 MB/s  Total:  439.08 GB
[  227.9s] IOs:    115202950  IOPS:   505598  Throughput:  1975.0 MB/s  Total:  439.46 GB
[  228.1s] IOs:    115303772  IOPS:   505605  Throughput:  1975.0 MB/s  Total:  439.85 GB
[  228.2s] IOs:    115404577  IOPS:   505635  Throughput:  1975.1 MB/s  Total:  440.23 GB
[  228.4s] IOs:    115504764  IOPS:   505676  Throughput:  1975.3 MB/s  Total:  440.62 GB
[  228.6s] IOs:    115605758  IOPS:   505652  Throughput:  1975.2 MB/s  Total:  441.00 GB
[  228.8s] IOs:    115706585  IOPS:   505687  Throughput:  1975.3 MB/s  Total:  441.39 GB
[  229.0s] IOs:    115807356  IOPS:   505675  Throughput:  1975.3 MB/s  Total:  441.77 GB
[  229.2s] IOs:    115907406  IOPS:   505712  Throughput:  1975.4 MB/s  Total:  442.15 GB
[  229.4s] IOs:    116008245  IOPS:   505725  Throughput:  1975.5 MB/s  Total:  442.54 GB
[  229.6s] IOs:    116109073  IOPS:   505753  Throughput:  1975.6 MB/s  Total:  442.92 GB
[  229.8s] IOs:    116209120  IOPS:   505756  Throughput:  1975.6 MB/s  Total:  443.30 GB
[  230.0s] IOs:    116309883  IOPS:   505784  Throughput:  1975.7 MB/s  Total:  443.69 GB
[  230.2s] IOs:    116409973  IOPS:   505764  Throughput:  1975.6 MB/s  Total:  444.07 GB
[  230.4s] IOs:    116510705  IOPS:   505787  Throughput:  1975.7 MB/s  Total:  444.45 GB
[  230.5s] IOs:    116611420  IOPS:   505807  Throughput:  1975.8 MB/s  Total:  444.84 GB
[  230.7s] IOs:    116712344  IOPS:   505842  Throughput:  1975.9 MB/s  Total:  445.22 GB
[  230.9s] IOs:    116812889  IOPS:   505838  Throughput:  1975.9 MB/s  Total:  445.61 GB
[  231.1s] IOs:    116913533  IOPS:   505869  Throughput:  1976.1 MB/s  Total:  445.99 GB
[Reader] Parsed 17000000 lines, distributed 116962176 writes, unique 179.97 GB, skipped 0
[  231.3s] IOs:    117014423  IOPS:   505910  Throughput:  1976.2 MB/s  Total:  446.37 GB
[  231.5s] IOs:    117115221  IOPS:   505935  Throughput:  1976.3 MB/s  Total:  446.76 GB
[  231.7s] IOs:    117216274  IOPS:   505959  Throughput:  1976.4 MB/s  Total:  447.14 GB
[  231.9s] IOs:    117316971  IOPS:   505981  Throughput:  1976.5 MB/s  Total:  447.53 GB
[  232.0s] IOs:    117417809  IOPS:   506016  Throughput:  1976.6 MB/s  Total:  447.91 GB
[  232.2s] IOs:    117518769  IOPS:   506040  Throughput:  1976.7 MB/s  Total:  448.30 GB
[  232.4s] IOs:    117618823  IOPS:   506075  Throughput:  1976.9 MB/s  Total:  448.68 GB
[  232.6s] IOs:    117718893  IOPS:   506102  Throughput:  1977.0 MB/s  Total:  449.06 GB
[  232.8s] IOs:    117819492  IOPS:   506123  Throughput:  1977.0 MB/s  Total:  449.45 GB
[  233.0s] IOs:    117920051  IOPS:   506135  Throughput:  1977.1 MB/s  Total:  449.83 GB
[  233.2s] IOs:    118020947  IOPS:   506167  Throughput:  1977.2 MB/s  Total:  450.21 GB
[  233.4s] IOs:    118121749  IOPS:   506195  Throughput:  1977.3 MB/s  Total:  450.60 GB
[  233.5s] IOs:    118221788  IOPS:   506225  Throughput:  1977.4 MB/s  Total:  450.98 GB
[  233.7s] IOs:    118322696  IOPS:   506205  Throughput:  1977.4 MB/s  Total:  451.37 GB
[  234.0s] IOs:    118423515  IOPS:   506135  Throughput:  1977.1 MB/s  Total:  451.75 GB
[  234.2s] IOs:    118523515  IOPS:   506172  Throughput:  1977.2 MB/s  Total:  452.13 GB
[  234.3s] IOs:    118624513  IOPS:   506204  Throughput:  1977.4 MB/s  Total:  452.52 GB
[  234.5s] IOs:    118725520  IOPS:   506219  Throughput:  1977.4 MB/s  Total:  452.90 GB
[  234.7s] IOs:    118826359  IOPS:   506234  Throughput:  1977.5 MB/s  Total:  453.29 GB
[  234.9s] IOs:    118926384  IOPS:   506235  Throughput:  1977.5 MB/s  Total:  453.67 GB
[  235.1s] IOs:    119027183  IOPS:   506221  Throughput:  1977.4 MB/s  Total:  454.05 GB
[  235.3s] IOs:    119128070  IOPS:   506231  Throughput:  1977.5 MB/s  Total:  454.44 GB
[  235.5s] IOs:    119228109  IOPS:   506271  Throughput:  1977.6 MB/s  Total:  454.82 GB
[  235.7s] IOs:    119329040  IOPS:   506307  Throughput:  1977.8 MB/s  Total:  455.20 GB
[  235.9s] IOs:    119429794  IOPS:   506329  Throughput:  1977.8 MB/s  Total:  455.59 GB
[  236.1s] IOs:    119530631  IOPS:   506341  Throughput:  1977.9 MB/s  Total:  455.97 GB
[  236.3s] IOs:    119631587  IOPS:   506355  Throughput:  1977.9 MB/s  Total:  456.36 GB
[  236.5s] IOs:    119731775  IOPS:   506358  Throughput:  1978.0 MB/s  Total:  456.74 GB
[  236.6s] IOs:    119832640  IOPS:   506395  Throughput:  1978.1 MB/s  Total:  457.13 GB
[  236.8s] IOs:    119933294  IOPS:   506435  Throughput:  1978.3 MB/s  Total:  457.51 GB
[  237.0s] IOs:    120034153  IOPS:   506448  Throughput:  1978.3 MB/s  Total:  457.89 GB
[  237.2s] IOs:    120134173  IOPS:   506448  Throughput:  1978.3 MB/s  Total:  458.28 GB
[  237.4s] IOs:    120234900  IOPS:   506472  Throughput:  1978.4 MB/s  Total:  458.66 GB
[  237.6s] IOs:    120335855  IOPS:   506515  Throughput:  1978.6 MB/s  Total:  459.04 GB
[  237.8s] IOs:    120436521  IOPS:   506547  Throughput:  1978.7 MB/s  Total:  459.43 GB
[  238.0s] IOs:    120536671  IOPS:   506503  Throughput:  1978.5 MB/s  Total:  459.81 GB
[  238.2s] IOs:    120636714  IOPS:   506540  Throughput:  1978.7 MB/s  Total:  460.19 GB
[  238.3s] IOs:    120737635  IOPS:   506572  Throughput:  1978.8 MB/s  Total:  460.58 GB
[  238.5s] IOs:    120838498  IOPS:   506592  Throughput:  1978.9 MB/s  Total:  460.96 GB
[  238.7s] IOs:    120939181  IOPS:   506607  Throughput:  1978.9 MB/s  Total:  461.35 GB
[  238.9s] IOs:    121039819  IOPS:   506623  Throughput:  1979.0 MB/s  Total:  461.73 GB
[  239.1s] IOs:    121140648  IOPS:   506640  Throughput:  1979.1 MB/s  Total:  462.11 GB
[  239.3s] IOs:    121241621  IOPS:   506668  Throughput:  1979.2 MB/s  Total:  462.50 GB
[  239.5s] IOs:    121342508  IOPS:   506670  Throughput:  1979.2 MB/s  Total:  462.88 GB
[  239.7s] IOs:    121443298  IOPS:   506684  Throughput:  1979.2 MB/s  Total:  463.27 GB
[  239.9s] IOs:    121544157  IOPS:   506704  Throughput:  1979.3 MB/s  Total:  463.65 GB
[  240.1s] IOs:    121644977  IOPS:   506734  Throughput:  1979.4 MB/s  Total:  464.04 GB
[  240.2s] IOs:    121745895  IOPS:   506751  Throughput:  1979.5 MB/s  Total:  464.42 GB
[  240.4s] IOs:    121846053  IOPS:   506773  Throughput:  1979.6 MB/s  Total:  464.81 GB
[Reader] Parsed 18000000 lines, distributed 121863241 writes, unique 183.96 GB, skipped 0
[  240.6s] IOs:    121946930  IOPS:   506811  Throughput:  1979.7 MB/s  Total:  465.19 GB
[  240.8s] IOs:    122047773  IOPS:   506832  Throughput:  1979.8 MB/s  Total:  465.58 GB
[  241.0s] IOs:    122148606  IOPS:   506856  Throughput:  1979.9 MB/s  Total:  465.96 GB
[  241.2s] IOs:    122249540  IOPS:   506844  Throughput:  1979.9 MB/s  Total:  466.34 GB
[  241.4s] IOs:    122350496  IOPS:   506869  Throughput:  1980.0 MB/s  Total:  466.73 GB
[  241.6s] IOs:    122451487  IOPS:   506902  Throughput:  1980.1 MB/s  Total:  467.12 GB
[  241.8s] IOs:    122552137  IOPS:   506923  Throughput:  1980.2 MB/s  Total:  467.50 GB
[  242.0s] IOs:    122652900  IOPS:   506915  Throughput:  1980.1 MB/s  Total:  467.88 GB
[  242.1s] IOs:    122753786  IOPS:   506940  Throughput:  1980.2 MB/s  Total:  468.27 GB
[  242.3s] IOs:    122853831  IOPS:   506974  Throughput:  1980.4 MB/s  Total:  468.65 GB
[  242.5s] IOs:    122954674  IOPS:   507009  Throughput:  1980.5 MB/s  Total:  469.03 GB
[  242.7s] IOs:    123055484  IOPS:   507021  Throughput:  1980.6 MB/s  Total:  469.42 GB
[  242.9s] IOs:    123155786  IOPS:   507020  Throughput:  1980.5 MB/s  Total:  469.80 GB
[  243.1s] IOs:    123255811  IOPS:   507061  Throughput:  1980.7 MB/s  Total:  470.18 GB
[  243.3s] IOs:    123356831  IOPS:   507087  Throughput:  1980.8 MB/s  Total:  470.57 GB
[  243.5s] IOs:    123457690  IOPS:   507117  Throughput:  1980.9 MB/s  Total:  470.95 GB
[  243.6s] IOs:    123558436  IOPS:   507147  Throughput:  1981.0 MB/s  Total:  471.34 GB
[  243.8s] IOs:    123659284  IOPS:   507182  Throughput:  1981.2 MB/s  Total:  471.72 GB
[  244.0s] IOs:    123760120  IOPS:   507210  Throughput:  1981.3 MB/s  Total:  472.11 GB
[  244.2s] IOs:    123860149  IOPS:   507243  Throughput:  1981.4 MB/s  Total:  472.49 GB
[  244.4s] IOs:    123960172  IOPS:   507222  Throughput:  1981.3 MB/s  Total:  472.87 GB
[  244.6s] IOs:    124061020  IOPS:   507251  Throughput:  1981.4 MB/s  Total:  473.26 GB
[  244.8s] IOs:    124161669  IOPS:   507278  Throughput:  1981.6 MB/s  Total:  473.64 GB
[  244.9s] IOs:    124262350  IOPS:   507299  Throughput:  1981.6 MB/s  Total:  474.02 GB
[  245.1s] IOs:    124363080  IOPS:   507331  Throughput:  1981.8 MB/s  Total:  474.41 GB
[  245.3s] IOs:    124463093  IOPS:   507351  Throughput:  1981.8 MB/s  Total:  474.79 GB
[  245.5s] IOs:    124563322  IOPS:   507359  Throughput:  1981.9 MB/s  Total:  475.17 GB
[  245.7s] IOs:    124664108  IOPS:   507362  Throughput:  1981.9 MB/s  Total:  475.56 GB
[  245.9s] IOs:    124765007  IOPS:   507377  Throughput:  1981.9 MB/s  Total:  475.94 GB
[  246.1s] IOs:    124865225  IOPS:   507409  Throughput:  1982.1 MB/s  Total:  476.32 GB
[  246.3s] IOs:    124966158  IOPS:   507451  Throughput:  1982.2 MB/s  Total:  476.71 GB
[  246.5s] IOs:    125067180  IOPS:   507425  Throughput:  1982.1 MB/s  Total:  477.09 GB
[  246.7s] IOs:    125168001  IOPS:   507463  Throughput:  1982.3 MB/s  Total:  477.48 GB
[  246.8s] IOs:    125268930  IOPS:   507497  Throughput:  1982.4 MB/s  Total:  477.86 GB
[  247.0s] IOs:    125369005  IOPS:   507519  Throughput:  1982.5 MB/s  Total:  478.24 GB
[  247.2s] IOs:    125469904  IOPS:   507540  Throughput:  1982.6 MB/s  Total:  478.63 GB
[  247.4s] IOs:    125570023  IOPS:   507563  Throughput:  1982.7 MB/s  Total:  479.01 GB
[  247.6s] IOs:    125670757  IOPS:   507577  Throughput:  1982.7 MB/s  Total:  479.40 GB
[  247.8s] IOs:    125770780  IOPS:   507559  Throughput:  1982.7 MB/s  Total:  479.78 GB
[  248.0s] IOs:    125871799  IOPS:   507560  Throughput:  1982.7 MB/s  Total:  480.16 GB
[  248.2s] IOs:    125971834  IOPS:   507567  Throughput:  1982.7 MB/s  Total:  480.54 GB
[Reader] Parsed 19000000 lines, distributed 125993803 writes, unique 185.66 GB, skipped 0
[  248.4s] IOs:    126072838  IOPS:   507597  Throughput:  1982.8 MB/s  Total:  480.93 GB
[  248.6s] IOs:    126173794  IOPS:   507618  Throughput:  1982.9 MB/s  Total:  481.31 GB
[  248.7s] IOs:    126274599  IOPS:   507638  Throughput:  1983.0 MB/s  Total:  481.70 GB
[  248.9s] IOs:    126375239  IOPS:   507654  Throughput:  1983.0 MB/s  Total:  482.08 GB
[  249.1s] IOs:    126476140  IOPS:   507677  Throughput:  1983.1 MB/s  Total:  482.47 GB
[  249.3s] IOs:    126577159  IOPS:   507706  Throughput:  1983.2 MB/s  Total:  482.85 GB
[  249.5s] IOs:    126678107  IOPS:   507731  Throughput:  1983.3 MB/s  Total:  483.24 GB
[  249.7s] IOs:    126778844  IOPS:   507763  Throughput:  1983.4 MB/s  Total:  483.62 GB
[  249.9s] IOs:    126879450  IOPS:   507794  Throughput:  1983.6 MB/s  Total:  484.01 GB
[  250.0s] IOs:    126980382  IOPS:   507829  Throughput:  1983.7 MB/s  Total:  484.39 GB
[  250.2s] IOs:    127081229  IOPS:   507843  Throughput:  1983.8 MB/s  Total:  484.78 GB
[  250.4s] IOs:    127182133  IOPS:   507877  Throughput:  1983.9 MB/s  Total:  485.16 GB
[  250.6s] IOs:    127282681  IOPS:   507904  Throughput:  1984.0 MB/s  Total:  485.54 GB
[  250.8s] IOs:    127383547  IOPS:   507919  Throughput:  1984.1 MB/s  Total:  485.93 GB
[  251.0s] IOs:    127484240  IOPS:   507942  Throughput:  1984.1 MB/s  Total:  486.31 GB
[  251.2s] IOs:    127584254  IOPS:   507973  Throughput:  1984.3 MB/s  Total:  486.70 GB
[  251.3s] IOs:    127684335  IOPS:   508002  Throughput:  1984.4 MB/s  Total:  487.08 GB
[  251.5s] IOs:    127785334  IOPS:   508039  Throughput:  1984.5 MB/s  Total:  487.46 GB
[  251.7s] IOs:    127885856  IOPS:   508058  Throughput:  1984.6 MB/s  Total:  487.85 GB
[  251.9s] IOs:    127985941  IOPS:   508096  Throughput:  1984.8 MB/s  Total:  488.23 GB
[  252.1s] IOs:    128086713  IOPS:   508080  Throughput:  1984.7 MB/s  Total:  488.61 GB
[  252.3s] IOs:    128187749  IOPS:   508100  Throughput:  1984.8 MB/s  Total:  489.00 GB
[  252.5s] IOs:    128288332  IOPS:   508128  Throughput:  1984.9 MB/s  Total:  489.38 GB
[  252.7s] IOs:    128389170  IOPS:   508155  Throughput:  1985.0 MB/s  Total:  489.77 GB
[  252.9s] IOs:    128490202  IOPS:   508166  Throughput:  1985.0 MB/s  Total:  490.15 GB
[  253.1s] IOs:    128591092  IOPS:   508153  Throughput:  1985.0 MB/s  Total:  490.54 GB
[  253.2s] IOs:    128691863  IOPS:   508168  Throughput:  1985.0 MB/s  Total:  490.92 GB
[  253.4s] IOs:    128792805  IOPS:   508182  Throughput:  1985.1 MB/s  Total:  491.31 GB
[  253.6s] IOs:    128893296  IOPS:   508210  Throughput:  1985.2 MB/s  Total:  491.69 GB
[  253.8s] IOs:    128994240  IOPS:   508230  Throughput:  1985.3 MB/s  Total:  492.07 GB
[  254.0s] IOs:    129095107  IOPS:   508260  Throughput:  1985.4 MB/s  Total:  492.46 GB
[  254.2s] IOs:    129195203  IOPS:   508268  Throughput:  1985.4 MB/s  Total:  492.84 GB
[  254.4s] IOs:    129295932  IOPS:   508268  Throughput:  1985.4 MB/s  Total:  493.22 GB
[  254.6s] IOs:    129396650  IOPS:   508291  Throughput:  1985.5 MB/s  Total:  493.61 GB
[  254.8s] IOs:    129497360  IOPS:   508285  Throughput:  1985.5 MB/s  Total:  493.99 GB
[  255.0s] IOs:    129597382  IOPS:   508299  Throughput:  1985.5 MB/s  Total:  494.37 GB
[  255.2s] IOs:    129697435  IOPS:   508305  Throughput:  1985.6 MB/s  Total:  494.76 GB
[  255.3s] IOs:    129798436  IOPS:   508346  Throughput:  1985.7 MB/s  Total:  495.14 GB
[  255.5s] IOs:    129899127  IOPS:   508352  Throughput:  1985.8 MB/s  Total:  495.53 GB
[  255.7s] IOs:    130000142  IOPS:   508349  Throughput:  1985.7 MB/s  Total:  495.91 GB
[  255.9s] IOs:    130101077  IOPS:   508372  Throughput:  1985.8 MB/s  Total:  496.30 GB
[  256.1s] IOs:    130201199  IOPS:   508407  Throughput:  1986.0 MB/s  Total:  496.68 GB
[  256.3s] IOs:    130301292  IOPS:   508437  Throughput:  1986.1 MB/s  Total:  497.06 GB
[  256.5s] IOs:    130401975  IOPS:   508462  Throughput:  1986.2 MB/s  Total:  497.44 GB
[  256.7s] IOs:    130502659  IOPS:   508450  Throughput:  1986.1 MB/s  Total:  497.83 GB
[  256.9s] IOs:    130603427  IOPS:   508470  Throughput:  1986.2 MB/s  Total:  498.21 GB
[  257.0s] IOs:    130703575  IOPS:   508478  Throughput:  1986.2 MB/s  Total:  498.59 GB
[Reader] Parsed 20000000 lines, distributed 130735448 writes, unique 188.18 GB, skipped 0
[  257.2s] IOs:    130804582  IOPS:   508494  Throughput:  1986.3 MB/s  Total:  498.98 GB
[  257.4s] IOs:    130905416  IOPS:   508492  Throughput:  1986.3 MB/s  Total:  499.36 GB
[  257.6s] IOs:    131006244  IOPS:   508518  Throughput:  1986.4 MB/s  Total:  499.75 GB
[  257.8s] IOs:    131106917  IOPS:   508525  Throughput:  1986.4 MB/s  Total:  500.13 GB
[  258.0s] IOs:    131207675  IOPS:   508540  Throughput:  1986.5 MB/s  Total:  500.52 GB
[  258.2s] IOs:    131308364  IOPS:   508561  Throughput:  1986.6 MB/s  Total:  500.90 GB
[  258.4s] IOs:    131408396  IOPS:   508577  Throughput:  1986.6 MB/s  Total:  501.28 GB
[  258.6s] IOs:    131509330  IOPS:   508602  Throughput:  1986.7 MB/s  Total:  501.67 GB
[  258.8s] IOs:    131609515  IOPS:   508622  Throughput:  1986.8 MB/s  Total:  502.05 GB
[  258.9s] IOs:    131710454  IOPS:   508650  Throughput:  1986.9 MB/s  Total:  502.44 GB
[  259.1s] IOs:    131810507  IOPS:   508673  Throughput:  1987.0 MB/s  Total:  502.82 GB
[  259.3s] IOs:    131911410  IOPS:   508707  Throughput:  1987.1 MB/s  Total:  503.20 GB
[  259.5s] IOs:    132012138  IOPS:   508698  Throughput:  1987.1 MB/s  Total:  503.59 GB
[  259.7s] IOs:    132112710  IOPS:   508734  Throughput:  1987.2 MB/s  Total:  503.97 GB
[  259.9s] IOs:    132213667  IOPS:   508733  Throughput:  1987.2 MB/s  Total:  504.36 GB
[  260.1s] IOs:    132314682  IOPS:   508728  Throughput:  1987.2 MB/s  Total:  504.74 GB
[  260.3s] IOs:    132415687  IOPS:   508750  Throughput:  1987.3 MB/s  Total:  505.13 GB
[  260.5s] IOs:    132516391  IOPS:   508763  Throughput:  1987.4 MB/s  Total:  505.51 GB
[  260.7s] IOs:    132617118  IOPS:   508776  Throughput:  1987.4 MB/s  Total:  505.89 GB
[  260.8s] IOs:    132718061  IOPS:   508802  Throughput:  1987.5 MB/s  Total:  506.28 GB
[  261.0s] IOs:    132818149  IOPS:   508832  Throughput:  1987.6 MB/s  Total:  506.66 GB
[  261.2s] IOs:    132918260  IOPS:   508843  Throughput:  1987.7 MB/s  Total:  507.04 GB
[  261.4s] IOs:    133019070  IOPS:   508862  Throughput:  1987.7 MB/s  Total:  507.43 GB
[  261.6s] IOs:    133119981  IOPS:   508870  Throughput:  1987.8 MB/s  Total:  507.81 GB
[  261.8s] IOs:    133220878  IOPS:   508885  Throughput:  1987.8 MB/s  Total:  508.20 GB
[  262.0s] IOs:    133321055  IOPS:   508906  Throughput:  1987.9 MB/s  Total:  508.58 GB
[  262.2s] IOs:    133422065  IOPS:   508938  Throughput:  1988.0 MB/s  Total:  508.96 GB
[  262.3s] IOs:    133522930  IOPS:   508965  Throughput:  1988.1 MB/s  Total:  509.35 GB
[  262.5s] IOs:    133623652  IOPS:   508970  Throughput:  1988.2 MB/s  Total:  509.73 GB
[  262.7s] IOs:    133724392  IOPS:   508981  Throughput:  1988.2 MB/s  Total:  510.12 GB
[  262.9s] IOs:    133825223  IOPS:   508991  Throughput:  1988.2 MB/s  Total:  510.50 GB
[  263.1s] IOs:    133925236  IOPS:   509022  Throughput:  1988.4 MB/s  Total:  510.88 GB
[  263.3s] IOs:    134026109  IOPS:   509050  Throughput:  1988.5 MB/s  Total:  511.27 GB
[  263.5s] IOs:    134126870  IOPS:   509072  Throughput:  1988.6 MB/s  Total:  511.65 GB
[  263.7s] IOs:    134227530  IOPS:   509093  Throughput:  1988.6 MB/s  Total:  512.04 GB
[  263.8s] IOs:    134327546  IOPS:   509115  Throughput:  1988.7 MB/s  Total:  512.42 GB
[  264.0s] IOs:    134427688  IOPS:   509139  Throughput:  1988.8 MB/s  Total:  512.80 GB
[  264.2s] IOs:    134528715  IOPS:   509143  Throughput:  1988.8 MB/s  Total:  513.19 GB
[  264.4s] IOs:    134629435  IOPS:   509161  Throughput:  1988.9 MB/s  Total:  513.57 GB
[  264.6s] IOs:    134730016  IOPS:   509143  Throughput:  1988.8 MB/s  Total:  513.95 GB
[  264.8s] IOs:    134830952  IOPS:   509174  Throughput:  1989.0 MB/s  Total:  514.34 GB
[  268.8s] IOs:    134931396  IOPS:   501943  Throughput:  1960.7 MB/s  Total:  514.72 GB
[  269.1s] IOs:    135031696  IOPS:   501784  Throughput:  1960.1 MB/s  Total:  515.11 GB
[  269.3s] IOs:    135132052  IOPS:   501734  Throughput:  1959.9 MB/s  Total:  515.49 GB
[  269.6s] IOs:    135232270  IOPS:   501659  Throughput:  1959.6 MB/s  Total:  515.87 GB
[  269.8s] IOs:    135332708  IOPS:   501583  Throughput:  1959.3 MB/s  Total:  516.25 GB
[  270.1s] IOs:    135433120  IOPS:   501510  Throughput:  1959.0 MB/s  Total:  516.64 GB
[  270.3s] IOs:    135533491  IOPS:   501452  Throughput:  1958.8 MB/s  Total:  517.02 GB
[Reader] Parsed 21000000 lines, distributed 135556497 writes, unique 191.16 GB, skipped 0
[  270.5s] IOs:    135633648  IOPS:   501334  Throughput:  1958.3 MB/s  Total:  517.40 GB
[  270.8s] IOs:    135733996  IOPS:   501263  Throughput:  1958.1 MB/s  Total:  517.78 GB
[  271.0s] IOs:    135834374  IOPS:   501206  Throughput:  1957.8 MB/s  Total:  518.17 GB
[  271.3s] IOs:    135934594  IOPS:   501131  Throughput:  1957.5 MB/s  Total:  518.55 GB
[  271.5s] IOs:    136034870  IOPS:   501075  Throughput:  1957.3 MB/s  Total:  518.93 GB
[  271.7s] IOs:    136135078  IOPS:   501010  Throughput:  1957.1 MB/s  Total:  519.31 GB
[  272.0s] IOs:    136235242  IOPS:   500935  Throughput:  1956.8 MB/s  Total:  519.70 GB
[  272.2s] IOs:    136335373  IOPS:   500877  Throughput:  1956.6 MB/s  Total:  520.08 GB
[  272.4s] IOs:    136435620  IOPS:   500822  Throughput:  1956.3 MB/s  Total:  520.46 GB
[  272.6s] IOs:    136536566  IOPS:   500783  Throughput:  1956.2 MB/s  Total:  520.85 GB
[  272.9s] IOs:    136637568  IOPS:   500770  Throughput:  1956.1 MB/s  Total:  521.23 GB
[  273.0s] IOs:    136738223  IOPS:   500793  Throughput:  1956.2 MB/s  Total:  521.61 GB
[  273.3s] IOs:    136839102  IOPS:   500693  Throughput:  1955.8 MB/s  Total:  522.00 GB
[  273.5s] IOs:    136939844  IOPS:   500704  Throughput:  1955.9 MB/s  Total:  522.38 GB
[  273.7s] IOs:    137040820  IOPS:   500747  Throughput:  1956.0 MB/s  Total:  522.77 GB
[  273.9s] IOs:    137141587  IOPS:   500763  Throughput:  1956.1 MB/s  Total:  523.15 GB
[  274.0s] IOs:    137242395  IOPS:   500795  Throughput:  1956.2 MB/s  Total:  523.54 GB
[  274.3s] IOs:    137343221  IOPS:   500653  Throughput:  1955.7 MB/s  Total:  523.92 GB
[  274.5s] IOs:    137443794  IOPS:   500666  Throughput:  1955.7 MB/s  Total:  524.31 GB
[  274.8s] IOs:    137544233  IOPS:   500524  Throughput:  1955.2 MB/s  Total:  524.69 GB
[  275.0s] IOs:    137644313  IOPS:   500535  Throughput:  1955.2 MB/s  Total:  525.07 GB
[  275.2s] IOs:    137745100  IOPS:   500548  Throughput:  1955.3 MB/s  Total:  525.46 GB
[  275.4s] IOs:    137846110  IOPS:   500573  Throughput:  1955.4 MB/s  Total:  525.84 GB
[  275.6s] IOs:    137946562  IOPS:   500565  Throughput:  1955.3 MB/s  Total:  526.22 GB
[  275.8s] IOs:    138046782  IOPS:   500599  Throughput:  1955.5 MB/s  Total:  526.61 GB
[  275.9s] IOs:    138147405  IOPS:   500637  Throughput:  1955.6 MB/s  Total:  526.99 GB
[  276.1s] IOs:    138248364  IOPS:   500628  Throughput:  1955.6 MB/s  Total:  527.38 GB
[  276.4s] IOs:    138348805  IOPS:   500612  Throughput:  1955.5 MB/s  Total:  527.76 GB
[  276.6s] IOs:    138449402  IOPS:   500609  Throughput:  1955.5 MB/s  Total:  528.14 GB
[  276.7s] IOs:    138550251  IOPS:   500638  Throughput:  1955.6 MB/s  Total:  528.53 GB
[  276.9s] IOs:    138650608  IOPS:   500668  Throughput:  1955.7 MB/s  Total:  528.91 GB
[  277.2s] IOs:    138751390  IOPS:   500560  Throughput:  1955.3 MB/s  Total:  529.29 GB
[  277.4s] IOs:    138851410  IOPS:   500563  Throughput:  1955.3 MB/s  Total:  529.68 GB
[  277.6s] IOs:    138952263  IOPS:   500607  Throughput:  1955.5 MB/s  Total:  530.06 GB
[  277.8s] IOs:    139052492  IOPS:   500569  Throughput:  1955.3 MB/s  Total:  530.44 GB
[  278.0s] IOs:    139152776  IOPS:   500597  Throughput:  1955.5 MB/s  Total:  530.83 GB
[  278.2s] IOs:    139253266  IOPS:   500562  Throughput:  1955.3 MB/s  Total:  531.21 GB
[  278.4s] IOs:    139354194  IOPS:   500592  Throughput:  1955.4 MB/s  Total:  531.59 GB
[  278.6s] IOs:    139454306  IOPS:   500635  Throughput:  1955.6 MB/s  Total:  531.98 GB
[  278.8s] IOs:    139554911  IOPS:   500641  Throughput:  1955.6 MB/s  Total:  532.36 GB
[  278.9s] IOs:    139654970  IOPS:   500677  Throughput:  1955.8 MB/s  Total:  532.74 GB
[  279.1s] IOs:    139755656  IOPS:   500723  Throughput:  1955.9 MB/s  Total:  533.13 GB
[  279.3s] IOs:    139855841  IOPS:   500761  Throughput:  1956.1 MB/s  Total:  533.51 GB
[  279.6s] IOs:    139956186  IOPS:   500609  Throughput:  1955.5 MB/s  Total:  533.89 GB
[  279.8s] IOs:    140056589  IOPS:   500626  Throughput:  1955.6 MB/s  Total:  534.27 GB
[  280.0s] IOs:    140157564  IOPS:   500650  Throughput:  1955.7 MB/s  Total:  534.66 GB
[  280.3s] IOs:    140257918  IOPS:   500472  Throughput:  1955.0 MB/s  Total:  535.04 GB
[  280.4s] IOs:    140358030  IOPS:   500518  Throughput:  1955.1 MB/s  Total:  535.42 GB
[  280.7s] IOs:    140458371  IOPS:   500346  Throughput:  1954.5 MB/s  Total:  535.81 GB
[  280.9s] IOs:    140558778  IOPS:   500398  Throughput:  1954.7 MB/s  Total:  536.19 GB
[  281.2s] IOs:    140659131  IOPS:   500265  Throughput:  1954.2 MB/s  Total:  536.57 GB
[Reader] Parsed 22000000 lines, distributed 140706870 writes, unique 196.03 GB, skipped 0
[  281.5s] IOs:    140759652  IOPS:   500098  Throughput:  1953.5 MB/s  Total:  536.96 GB
[  281.6s] IOs:    140859848  IOPS:   500133  Throughput:  1953.6 MB/s  Total:  537.34 GB
[  281.8s] IOs:    140959992  IOPS:   500185  Throughput:  1953.8 MB/s  Total:  537.72 GB
[  282.0s] IOs:    141060429  IOPS:   500237  Throughput:  1954.0 MB/s  Total:  538.10 GB
[  282.3s] IOs:    141161010  IOPS:   500026  Throughput:  1953.2 MB/s  Total:  538.49 GB
[  282.5s] IOs:    141261443  IOPS:   500081  Throughput:  1953.4 MB/s  Total:  538.87 GB
[  282.8s] IOs:    141361856  IOPS:   499848  Throughput:  1952.5 MB/s  Total:  539.25 GB
[  283.0s] IOs:    141462629  IOPS:   499884  Throughput:  1952.7 MB/s  Total:  539.64 GB
[  283.2s] IOs:    141562705  IOPS:   499914  Throughput:  1952.8 MB/s  Total:  540.02 GB
[  283.3s] IOs:    141663208  IOPS:   499964  Throughput:  1953.0 MB/s  Total:  540.40 GB
[  283.5s] IOs:    141763370  IOPS:   499993  Throughput:  1953.1 MB/s  Total:  540.78 GB
[  283.8s] IOs:    141863784  IOPS:   499833  Throughput:  1952.5 MB/s  Total:  541.17 GB
[  284.1s] IOs:    141964684  IOPS:   499701  Throughput:  1952.0 MB/s  Total:  541.55 GB
[  284.3s] IOs:    142064746  IOPS:   499731  Throughput:  1952.1 MB/s  Total:  541.93 GB
[  284.5s] IOs:    142164828  IOPS:   499752  Throughput:  1952.2 MB/s  Total:  542.32 GB
[  284.7s] IOs:    142265338  IOPS:   499634  Throughput:  1951.7 MB/s  Total:  542.70 GB
[  284.9s] IOs:    142366124  IOPS:   499679  Throughput:  1951.9 MB/s  Total:  543.08 GB
[  285.2s] IOs:    142467050  IOPS:   499554  Throughput:  1951.4 MB/s  Total:  543.47 GB
[  285.5s] IOs:    142567953  IOPS:   499363  Throughput:  1950.6 MB/s  Total:  543.85 GB
[  285.7s] IOs:    142668089  IOPS:   499385  Throughput:  1950.7 MB/s  Total:  544.24 GB
[  285.9s] IOs:    142768436  IOPS:   499434  Throughput:  1950.9 MB/s  Total:  544.62 GB
[  286.2s] IOs:    142868938  IOPS:   499230  Throughput:  1950.1 MB/s  Total:  545.00 GB
[  286.5s] IOs:    142969385  IOPS:   499091  Throughput:  1949.6 MB/s  Total:  545.38 GB
[  286.7s] IOs:    143070150  IOPS:   499099  Throughput:  1949.6 MB/s  Total:  545.77 GB
[  286.9s] IOs:    143170892  IOPS:   499105  Throughput:  1949.6 MB/s  Total:  546.15 GB
[  287.0s] IOs:    143271451  IOPS:   499150  Throughput:  1949.8 MB/s  Total:  546.54 GB
[  287.3s] IOs:    143372136  IOPS:   499066  Throughput:  1949.5 MB/s  Total:  546.92 GB
[  287.5s] IOs:    143472703  IOPS:   499093  Throughput:  1949.6 MB/s  Total:  547.30 GB
[  287.8s] IOs:    143573374  IOPS:   498873  Throughput:  1948.7 MB/s  Total:  547.69 GB
[  288.0s] IOs:    143673494  IOPS:   498899  Throughput:  1948.8 MB/s  Total:  548.07 GB
[  288.2s] IOs:    143774237  IOPS:   498828  Throughput:  1948.5 MB/s  Total:  548.46 GB
[  288.5s] IOs:    143875021  IOPS:   498662  Throughput:  1947.9 MB/s  Total:  548.84 GB
[  288.7s] IOs:    143975969  IOPS:   498690  Throughput:  1948.0 MB/s  Total:  549.22 GB
[  288.9s] IOs:    144076612  IOPS:   498702  Throughput:  1948.1 MB/s  Total:  549.61 GB
[  289.1s] IOs:    144177405  IOPS:   498719  Throughput:  1948.1 MB/s  Total:  549.99 GB
[  289.3s] IOs:    144278404  IOPS:   498735  Throughput:  1948.2 MB/s  Total:  550.38 GB
[  289.5s] IOs:    144378546  IOPS:   498769  Throughput:  1948.3 MB/s  Total:  550.76 GB
[  289.7s] IOs:    144479379  IOPS:   498775  Throughput:  1948.3 MB/s  Total:  551.15 GB
[  289.9s] IOs:    144580173  IOPS:   498778  Throughput:  1948.4 MB/s  Total:  551.53 GB
[  290.1s] IOs:    144681123  IOPS:   498792  Throughput:  1948.4 MB/s  Total:  551.91 GB
[  290.3s] IOs:    144781624  IOPS:   498792  Throughput:  1948.4 MB/s  Total:  552.30 GB
[  290.4s] IOs:    144881897  IOPS:   498835  Throughput:  1948.6 MB/s  Total:  552.68 GB
[  290.7s] IOs:    144982342  IOPS:   498701  Throughput:  1948.0 MB/s  Total:  553.06 GB
[  290.9s] IOs:    145082577  IOPS:   498724  Throughput:  1948.1 MB/s  Total:  553.45 GB
[  291.2s] IOs:    145182642  IOPS:   498649  Throughput:  1947.8 MB/s  Total:  553.83 GB
[  291.3s] IOs:    145282843  IOPS:   498689  Throughput:  1948.0 MB/s  Total:  554.21 GB
[  291.5s] IOs:    145383180  IOPS:   498744  Throughput:  1948.2 MB/s  Total:  554.59 GB
[  291.7s] IOs:    145483653  IOPS:   498675  Throughput:  1947.9 MB/s  Total:  554.98 GB
[  292.0s] IOs:    145583674  IOPS:   498554  Throughput:  1947.5 MB/s  Total:  555.36 GB
[  292.2s] IOs:    145683764  IOPS:   498603  Throughput:  1947.7 MB/s  Total:  555.74 GB
[  292.4s] IOs:    145784362  IOPS:   498635  Throughput:  1947.8 MB/s  Total:  556.12 GB
[Reader] Parsed 23000000 lines, distributed 145822939 writes, unique 201.29 GB, skipped 0
[  292.5s] IOs:    145884976  IOPS:   498688  Throughput:  1948.0 MB/s  Total:  556.51 GB
[  292.8s] IOs:    145985715  IOPS:   498599  Throughput:  1947.7 MB/s  Total:  556.89 GB
[  293.0s] IOs:    146086063  IOPS:   498590  Throughput:  1947.6 MB/s  Total:  557.27 GB
[  293.2s] IOs:    146186858  IOPS:   498587  Throughput:  1947.6 MB/s  Total:  557.66 GB
[  293.5s] IOs:    146287602  IOPS:   498428  Throughput:  1947.0 MB/s  Total:  558.04 GB
[  293.7s] IOs:    146388489  IOPS:   498442  Throughput:  1947.0 MB/s  Total:  558.43 GB
[  293.9s] IOs:    146489040  IOPS:   498494  Throughput:  1947.2 MB/s  Total:  558.81 GB
[  294.2s] IOs:    146589414  IOPS:   498324  Throughput:  1946.6 MB/s  Total:  559.19 GB
[  294.3s] IOs:    146689670  IOPS:   498358  Throughput:  1946.7 MB/s  Total:  559.58 GB
[  294.5s] IOs:    146790582  IOPS:   498392  Throughput:  1946.8 MB/s  Total:  559.96 GB
[  294.9s] IOs:    146891414  IOPS:   498042  Throughput:  1945.5 MB/s  Total:  560.35 GB
[  295.1s] IOs:    146992379  IOPS:   498080  Throughput:  1945.6 MB/s  Total:  560.73 GB
[  295.3s] IOs:    147093310  IOPS:   498105  Throughput:  1945.7 MB/s  Total:  561.12 GB
[  295.5s] IOs:    147194222  IOPS:   498065  Throughput:  1945.6 MB/s  Total:  561.50 GB
[  295.7s] IOs:    147295125  IOPS:   498088  Throughput:  1945.7 MB/s  Total:  561.89 GB
[  295.9s] IOs:    147395773  IOPS:   498116  Throughput:  1945.8 MB/s  Total:  562.27 GB
[  296.1s] IOs:    147496739  IOPS:   498145  Throughput:  1945.9 MB/s  Total:  562.66 GB
[  296.3s] IOs:    147597496  IOPS:   498174  Throughput:  1946.0 MB/s  Total:  563.04 GB
[  296.5s] IOs:    147698227  IOPS:   498120  Throughput:  1945.8 MB/s  Total:  563.42 GB
[  296.7s] IOs:    147799073  IOPS:   498144  Throughput:  1945.9 MB/s  Total:  563.81 GB
[  296.9s] IOs:    147899631  IOPS:   498162  Throughput:  1945.9 MB/s  Total:  564.19 GB
[  297.1s] IOs:    147999829  IOPS:   498219  Throughput:  1946.2 MB/s  Total:  564.57 GB
[  297.3s] IOs:    148100843  IOPS:   498223  Throughput:  1946.2 MB/s  Total:  564.96 GB
[  297.4s] IOs:    148201649  IOPS:   498255  Throughput:  1946.3 MB/s  Total:  565.34 GB
[  297.7s] IOs:    148301663  IOPS:   498132  Throughput:  1945.8 MB/s  Total:  565.73 GB
[  297.9s] IOs:    148402533  IOPS:   498149  Throughput:  1945.9 MB/s  Total:  566.11 GB
[  298.1s] IOs:    148503501  IOPS:   498176  Throughput:  1946.0 MB/s  Total:  566.50 GB
[  298.3s] IOs:    148604343  IOPS:   498150  Throughput:  1945.9 MB/s  Total:  566.88 GB
[  298.5s] IOs:    148705213  IOPS:   498172  Throughput:  1946.0 MB/s  Total:  567.27 GB
[  298.7s] IOs:    148805948  IOPS:   498187  Throughput:  1946.0 MB/s  Total:  567.65 GB
[  298.9s] IOs:    148906875  IOPS:   498213  Throughput:  1946.1 MB/s  Total:  568.03 GB
[  299.1s] IOs:    149006929  IOPS:   498216  Throughput:  1946.2 MB/s  Total:  568.42 GB
[  299.3s] IOs:    149106953  IOPS:   498245  Throughput:  1946.3 MB/s  Total:  568.80 GB
[  299.4s] IOs:    149206992  IOPS:   498276  Throughput:  1946.4 MB/s  Total:  569.18 GB
[  299.6s] IOs:    149307691  IOPS:   498301  Throughput:  1946.5 MB/s  Total:  569.56 GB
[  299.8s] IOs:    149407713  IOPS:   498326  Throughput:  1946.6 MB/s  Total:  569.95 GB
[  300.0s] IOs:    149508041  IOPS:   498358  Throughput:  1946.7 MB/s  Total:  570.33 GB
[  300.2s] IOs:    149608616  IOPS:   498411  Throughput:  1946.9 MB/s  Total:  570.71 GB
[  300.3s] IOs:    149708824  IOPS:   498467  Throughput:  1947.1 MB/s  Total:  571.09 GB
[  300.5s] IOs:    149809435  IOPS:   498499  Throughput:  1947.3 MB/s  Total:  571.48 GB
[  300.7s] IOs:    149910363  IOPS:   498481  Throughput:  1947.2 MB/s  Total:  571.86 GB
[  300.9s] IOs:    150010415  IOPS:   498480  Throughput:  1947.2 MB/s  Total:  572.24 GB
[  301.2s] IOs:    150111080  IOPS:   498329  Throughput:  1946.6 MB/s  Total:  572.63 GB
[  301.4s] IOs:    150211123  IOPS:   498355  Throughput:  1946.7 MB/s  Total:  573.01 GB
[  301.6s] IOs:    150311860  IOPS:   498375  Throughput:  1946.8 MB/s  Total:  573.39 GB
[  301.8s] IOs:    150412886  IOPS:   498399  Throughput:  1946.9 MB/s  Total:  573.78 GB
[Reader] Parsed 24000000 lines, distributed 150469247 writes, unique 203.30 GB, skipped 0
[  302.0s] IOs:    150513749  IOPS:   498414  Throughput:  1946.9 MB/s  Total:  574.16 GB
[  302.2s] IOs:    150614504  IOPS:   498434  Throughput:  1947.0 MB/s  Total:  574.55 GB
[  302.4s] IOs:    150714547  IOPS:   498459  Throughput:  1947.1 MB/s  Total:  574.93 GB
[  302.5s] IOs:    150815465  IOPS:   498491  Throughput:  1947.2 MB/s  Total:  575.32 GB
[  302.7s] IOs:    150916249  IOPS:   498517  Throughput:  1947.3 MB/s  Total:  575.70 GB
[  302.9s] IOs:    151017159  IOPS:   498533  Throughput:  1947.4 MB/s  Total:  576.08 GB
[  303.1s] IOs:    151117461  IOPS:   498588  Throughput:  1947.6 MB/s  Total:  576.47 GB
[  303.3s] IOs:    151217832  IOPS:   498614  Throughput:  1947.7 MB/s  Total:  576.85 GB
[  303.5s] IOs:    151318832  IOPS:   498654  Throughput:  1947.9 MB/s  Total:  577.24 GB
[  303.8s] IOs:    151419005  IOPS:   498454  Throughput:  1947.1 MB/s  Total:  577.62 GB
[  304.0s] IOs:    151519892  IOPS:   498449  Throughput:  1947.1 MB/s  Total:  578.00 GB
[  304.2s] IOs:    151619942  IOPS:   498472  Throughput:  1947.2 MB/s  Total:  578.38 GB
[  304.4s] IOs:    151720927  IOPS:   498502  Throughput:  1947.3 MB/s  Total:  578.77 GB
[  304.5s] IOs:    151820930  IOPS:   498522  Throughput:  1947.4 MB/s  Total:  579.15 GB
[  304.7s] IOs:    151921754  IOPS:   498523  Throughput:  1947.4 MB/s  Total:  579.54 GB
[  304.9s] IOs:    152022282  IOPS:   498532  Throughput:  1947.4 MB/s  Total:  579.92 GB
[  305.1s] IOs:    152123328  IOPS:   498569  Throughput:  1947.5 MB/s  Total:  580.30 GB
[  305.3s] IOs:    152224220  IOPS:   498593  Throughput:  1947.6 MB/s  Total:  580.69 GB
[  305.5s] IOs:    152324387  IOPS:   498615  Throughput:  1947.7 MB/s  Total:  581.07 GB
[  305.7s] IOs:    152425094  IOPS:   498641  Throughput:  1947.8 MB/s  Total:  581.46 GB
[  305.9s] IOs:    152525770  IOPS:   498668  Throughput:  1947.9 MB/s  Total:  581.84 GB
[  306.1s] IOs:    152626066  IOPS:   498678  Throughput:  1948.0 MB/s  Total:  582.22 GB
[  306.2s] IOs:    152726288  IOPS:   498711  Throughput:  1948.1 MB/s  Total:  582.60 GB
[  306.5s] IOs:    152826598  IOPS:   498676  Throughput:  1948.0 MB/s  Total:  582.99 GB
[  306.6s] IOs:    152926953  IOPS:   498703  Throughput:  1948.1 MB/s  Total:  583.37 GB
[  306.8s] IOs:    153027216  IOPS:   498739  Throughput:  1948.2 MB/s  Total:  583.75 GB
[  307.0s] IOs:    153127388  IOPS:   498777  Throughput:  1948.3 MB/s  Total:  584.13 GB
[  307.3s] IOs:    153228118  IOPS:   498641  Throughput:  1947.8 MB/s  Total:  584.52 GB
[  307.5s] IOs:    153328467  IOPS:   498687  Throughput:  1948.0 MB/s  Total:  584.90 GB
[  307.7s] IOs:    153428790  IOPS:   498550  Throughput:  1947.5 MB/s  Total:  585.28 GB
[  307.9s] IOs:    153528917  IOPS:   498588  Throughput:  1947.6 MB/s  Total:  585.67 GB
[  308.1s] IOs:    153629031  IOPS:   498614  Throughput:  1947.7 MB/s  Total:  586.05 GB
[  308.3s] IOs:    153729202  IOPS:   498604  Throughput:  1947.7 MB/s  Total:  586.43 GB
[  308.5s] IOs:    153829307  IOPS:   498639  Throughput:  1947.8 MB/s  Total:  586.81 GB
[  308.8s] IOs:    153929783  IOPS:   498550  Throughput:  1947.5 MB/s  Total:  587.20 GB
[  309.1s] IOs:    154030463  IOPS:   498339  Throughput:  1946.6 MB/s  Total:  587.58 GB
[  309.3s] IOs:    154131111  IOPS:   498354  Throughput:  1946.7 MB/s  Total:  587.96 GB
[  309.5s] IOs:    154231357  IOPS:   498375  Throughput:  1946.8 MB/s  Total:  588.35 GB
[  309.8s] IOs:    154331645  IOPS:   498123  Throughput:  1945.8 MB/s  Total:  588.73 GB
[  310.2s] IOs:    154432042  IOPS:   497868  Throughput:  1944.8 MB/s  Total:  589.11 GB
[  310.5s] IOs:    154532325  IOPS:   497732  Throughput:  1944.3 MB/s  Total:  589.49 GB
[  310.7s] IOs:    154633021  IOPS:   497759  Throughput:  1944.4 MB/s  Total:  589.88 GB
[  310.8s] IOs:    154733849  IOPS:   497783  Throughput:  1944.5 MB/s  Total:  590.26 GB
[  311.0s] IOs:    154834820  IOPS:   497805  Throughput:  1944.5 MB/s  Total:  590.65 GB
[  311.2s] IOs:    154935007  IOPS:   497817  Throughput:  1944.6 MB/s  Total:  591.03 GB
[  311.4s] IOs:    155035776  IOPS:   497845  Throughput:  1944.7 MB/s  Total:  591.41 GB
[  311.6s] IOs:    155136672  IOPS:   497872  Throughput:  1944.8 MB/s  Total:  591.80 GB
[  311.8s] IOs:    155237610  IOPS:   497855  Throughput:  1944.7 MB/s  Total:  592.18 GB
[  312.0s] IOs:    155338478  IOPS:   497868  Throughput:  1944.8 MB/s  Total:  592.57 GB
[  312.2s] IOs:    155439514  IOPS:   497902  Throughput:  1944.9 MB/s  Total:  592.95 GB
[  312.4s] IOs:    155540254  IOPS:   497928  Throughput:  1945.0 MB/s  Total:  593.34 GB
[  312.6s] IOs:    155640885  IOPS:   497957  Throughput:  1945.1 MB/s  Total:  593.72 GB
[  312.8s] IOs:    155741639  IOPS:   497950  Throughput:  1945.1 MB/s  Total:  594.11 GB
[  312.9s] IOs:    155842313  IOPS:   497998  Throughput:  1945.3 MB/s  Total:  594.49 GB
[  313.1s] IOs:    155942898  IOPS:   498052  Throughput:  1945.5 MB/s  Total:  594.87 GB
[  313.3s] IOs:    156042951  IOPS:   498046  Throughput:  1945.5 MB/s  Total:  595.26 GB
[  313.5s] IOs:    156143787  IOPS:   498045  Throughput:  1945.5 MB/s  Total:  595.64 GB
[Reader] Parsed 25000000 lines, distributed 156179461 writes, unique 209.21 GB, skipped 0
[  313.8s] IOs:    156243842  IOPS:   497886  Throughput:  1944.9 MB/s  Total:  596.02 GB
[  314.0s] IOs:    156344864  IOPS:   497917  Throughput:  1945.0 MB/s  Total:  596.41 GB
[  314.2s] IOs:    156445822  IOPS:   497951  Throughput:  1945.1 MB/s  Total:  596.79 GB
[  314.4s] IOs:    156546754  IOPS:   497970  Throughput:  1945.2 MB/s  Total:  597.18 GB
[  314.6s] IOs:    156647573  IOPS:   497946  Throughput:  1945.1 MB/s  Total:  597.56 GB
[  314.8s] IOs:    156748502  IOPS:   497927  Throughput:  1945.0 MB/s  Total:  597.95 GB
[  315.0s] IOs:    156849271  IOPS:   497947  Throughput:  1945.1 MB/s  Total:  598.33 GB
[  315.2s] IOs:    156950267  IOPS:   497980  Throughput:  1945.2 MB/s  Total:  598.72 GB
[  315.4s] IOs:    157051167  IOPS:   498010  Throughput:  1945.4 MB/s  Total:  599.10 GB
[  315.5s] IOs:    157151961  IOPS:   498035  Throughput:  1945.5 MB/s  Total:  599.49 GB
[  315.7s] IOs:    157252620  IOPS:   498063  Throughput:  1945.6 MB/s  Total:  599.87 GB
[  316.0s] IOs:    157353048  IOPS:   497987  Throughput:  1945.3 MB/s  Total:  600.25 GB
[  316.2s] IOs:    157453297  IOPS:   498019  Throughput:  1945.4 MB/s  Total:  600.64 GB
[  316.3s] IOs:    157553882  IOPS:   498058  Throughput:  1945.5 MB/s  Total:  601.02 GB
[  316.5s] IOs:    157654830  IOPS:   498094  Throughput:  1945.7 MB/s  Total:  601.41 GB
[  316.8s] IOs:    157755019  IOPS:   497985  Throughput:  1945.3 MB/s  Total:  601.79 GB
[  317.0s] IOs:    157855229  IOPS:   497975  Throughput:  1945.2 MB/s  Total:  602.17 GB
[  317.2s] IOs:    157955665  IOPS:   497972  Throughput:  1945.2 MB/s  Total:  602.55 GB
[  317.5s] IOs:    158055665  IOPS:   497809  Throughput:  1944.6 MB/s  Total:  602.93 GB
[  317.7s] IOs:    158156402  IOPS:   497826  Throughput:  1944.6 MB/s  Total:  603.32 GB
[  317.9s] IOs:    158257175  IOPS:   497847  Throughput:  1944.7 MB/s  Total:  603.70 GB
[  318.1s] IOs:    158357924  IOPS:   497865  Throughput:  1944.8 MB/s  Total:  604.09 GB
[  318.3s] IOs:    158457996  IOPS:   497896  Throughput:  1944.9 MB/s  Total:  604.47 GB
[  318.4s] IOs:    158558868  IOPS:   497923  Throughput:  1945.0 MB/s  Total:  604.85 GB
[  318.6s] IOs:    158659827  IOPS:   497952  Throughput:  1945.1 MB/s  Total:  605.24 GB
[  318.8s] IOs:    158760603  IOPS:   497975  Throughput:  1945.2 MB/s  Total:  605.62 GB
[  319.0s] IOs:    158861540  IOPS:   497976  Throughput:  1945.2 MB/s  Total:  606.01 GB
[  319.2s] IOs:    158962352  IOPS:   497993  Throughput:  1945.3 MB/s  Total:  606.39 GB
[  319.4s] IOs:    159063301  IOPS:   498050  Throughput:  1945.5 MB/s  Total:  606.78 GB
[  319.6s] IOs:    159163814  IOPS:   498072  Throughput:  1945.6 MB/s  Total:  607.16 GB
[  319.8s] IOs:    159264070  IOPS:   497975  Throughput:  1945.2 MB/s  Total:  607.54 GB
[  320.0s] IOs:    159364145  IOPS:   497992  Throughput:  1945.3 MB/s  Total:  607.93 GB
[  320.2s] IOs:    159464388  IOPS:   498042  Throughput:  1945.5 MB/s  Total:  608.31 GB
[  320.5s] IOs:    159564938  IOPS:   497913  Throughput:  1945.0 MB/s  Total:  608.69 GB
[  320.6s] IOs:    159665011  IOPS:   497945  Throughput:  1945.1 MB/s  Total:  609.07 GB
[  320.8s] IOs:    159765851  IOPS:   497966  Throughput:  1945.2 MB/s  Total:  609.46 GB
[  321.0s] IOs:    159866742  IOPS:   497984  Throughput:  1945.2 MB/s  Total:  609.84 GB
[  321.2s] IOs:    159967532  IOPS:   498000  Throughput:  1945.3 MB/s  Total:  610.23 GB
[  321.4s] IOs:    160068288  IOPS:   498005  Throughput:  1945.3 MB/s  Total:  610.61 GB
[  321.6s] IOs:    160168998  IOPS:   497999  Throughput:  1945.3 MB/s  Total:  611.00 GB
[  321.8s] IOs:    160269892  IOPS:   498024  Throughput:  1945.4 MB/s  Total:  611.38 GB
[  322.0s] IOs:    160370638  IOPS:   498024  Throughput:  1945.4 MB/s  Total:  611.77 GB
[  322.2s] IOs:    160471292  IOPS:   498013  Throughput:  1945.4 MB/s  Total:  612.15 GB
[  322.4s] IOs:    160571602  IOPS:   498064  Throughput:  1945.6 MB/s  Total:  612.53 GB
[  322.6s] IOs:    160672428  IOPS:   498029  Throughput:  1945.4 MB/s  Total:  612.92 GB
[  322.8s] IOs:    160772851  IOPS:   497997  Throughput:  1945.3 MB/s  Total:  613.30 GB
[  323.0s] IOs:    160873253  IOPS:   498040  Throughput:  1945.5 MB/s  Total:  613.68 GB
[  323.2s] IOs:    160974047  IOPS:   497993  Throughput:  1945.3 MB/s  Total:  614.07 GB
[  323.4s] IOs:    161074143  IOPS:   498041  Throughput:  1945.5 MB/s  Total:  614.45 GB
[  323.6s] IOs:    161174346  IOPS:   498082  Throughput:  1945.6 MB/s  Total:  614.83 GB
[  323.9s] IOs:    161274526  IOPS:   497967  Throughput:  1945.2 MB/s  Total:  615.21 GB
[  324.0s] IOs:    161374610  IOPS:   498000  Throughput:  1945.3 MB/s  Total:  615.60 GB
[  324.3s] IOs:    161474793  IOPS:   497962  Throughput:  1945.2 MB/s  Total:  615.98 GB
[  324.4s] IOs:    161575037  IOPS:   498004  Throughput:  1945.3 MB/s  Total:  616.36 GB
[  324.6s] IOs:    161675429  IOPS:   498038  Throughput:  1945.5 MB/s  Total:  616.74 GB
[  324.9s] IOs:    161776088  IOPS:   497885  Throughput:  1944.9 MB/s  Total:  617.13 GB
[  325.1s] IOs:    161876090  IOPS:   497889  Throughput:  1944.9 MB/s  Total:  617.51 GB
[  325.3s] IOs:    161976136  IOPS:   497912  Throughput:  1945.0 MB/s  Total:  617.89 GB
[  325.5s] IOs:    162076774  IOPS:   497925  Throughput:  1945.0 MB/s  Total:  618.27 GB
[  325.7s] IOs:    162177175  IOPS:   497966  Throughput:  1945.2 MB/s  Total:  618.66 GB
[  325.9s] IOs:    162277514  IOPS:   497972  Throughput:  1945.2 MB/s  Total:  619.04 GB
[  326.1s] IOs:    162378475  IOPS:   497992  Throughput:  1945.3 MB/s  Total:  619.42 GB
[  326.3s] IOs:    162478774  IOPS:   497883  Throughput:  1944.9 MB/s  Total:  619.81 GB
[  326.5s] IOs:    162579183  IOPS:   497888  Throughput:  1944.9 MB/s  Total:  620.19 GB
[Reader] Parsed 26000000 lines, distributed 162670153 writes, unique 217.98 GB, skipped 0
[  326.8s] IOs:    162679434  IOPS:   497775  Throughput:  1944.4 MB/s  Total:  620.57 GB
[  327.0s] IOs:    162780411  IOPS:   497779  Throughput:  1944.4 MB/s  Total:  620.96 GB
[  327.2s] IOs:    162881291  IOPS:   497797  Throughput:  1944.5 MB/s  Total:  621.34 GB
[  327.4s] IOs:    162982226  IOPS:   497820  Throughput:  1944.6 MB/s  Total:  621.73 GB
[  327.6s] IOs:    163083201  IOPS:   497778  Throughput:  1944.4 MB/s  Total:  622.11 GB
[  327.8s] IOs:    163184046  IOPS:   497799  Throughput:  1944.5 MB/s  Total:  622.50 GB
[  328.0s] IOs:    163284077  IOPS:   497815  Throughput:  1944.6 MB/s  Total:  622.88 GB
[  328.2s] IOs:    163385096  IOPS:   497836  Throughput:  1944.7 MB/s  Total:  623.26 GB
[  328.4s] IOs:    163486108  IOPS:   497836  Throughput:  1944.7 MB/s  Total:  623.65 GB
[  328.6s] IOs:    163586168  IOPS:   497838  Throughput:  1944.7 MB/s  Total:  624.03 GB
[  328.8s] IOs:    163686709  IOPS:   497877  Throughput:  1944.8 MB/s  Total:  624.42 GB
[  328.9s] IOs:    163786756  IOPS:   497916  Throughput:  1945.0 MB/s  Total:  624.80 GB
[  329.1s] IOs:    163887037  IOPS:   497950  Throughput:  1945.1 MB/s  Total:  625.18 GB
[  329.4s] IOs:    163987272  IOPS:   497890  Throughput:  1944.9 MB/s  Total:  625.56 GB
[  329.6s] IOs:    164087543  IOPS:   497898  Throughput:  1944.9 MB/s  Total:  625.94 GB
[  329.8s] IOs:    164187899  IOPS:   497883  Throughput:  1944.9 MB/s  Total:  626.33 GB
[  329.9s] IOs:    164288130  IOPS:   497930  Throughput:  1945.0 MB/s  Total:  626.71 GB
[  330.2s] IOs:    164388493  IOPS:   497900  Throughput:  1944.9 MB/s  Total:  627.09 GB
[  330.3s] IOs:    164489048  IOPS:   497938  Throughput:  1945.1 MB/s  Total:  627.48 GB
[  330.5s] IOs:    164589103  IOPS:   497969  Throughput:  1945.2 MB/s  Total:  627.86 GB
[  330.8s] IOs:    164689596  IOPS:   497861  Throughput:  1944.8 MB/s  Total:  628.24 GB
[  331.0s] IOs:    164789648  IOPS:   497886  Throughput:  1944.9 MB/s  Total:  628.62 GB
[  331.2s] IOs:    164890649  IOPS:   497908  Throughput:  1945.0 MB/s  Total:  629.01 GB
[  331.4s] IOs:    164991274  IOPS:   497936  Throughput:  1945.1 MB/s  Total:  629.39 GB
[  331.5s] IOs:    165092076  IOPS:   497958  Throughput:  1945.1 MB/s  Total:  629.78 GB
[  331.7s] IOs:    165192639  IOPS:   497978  Throughput:  1945.2 MB/s  Total:  630.16 GB
[  331.9s] IOs:    165293263  IOPS:   497984  Throughput:  1945.3 MB/s  Total:  630.54 GB
[  332.1s] IOs:    165393835  IOPS:   498025  Throughput:  1945.4 MB/s  Total:  630.93 GB
[  332.3s] IOs:    165494089  IOPS:   498016  Throughput:  1945.4 MB/s  Total:  631.31 GB
[  332.5s] IOs:    165594171  IOPS:   497966  Throughput:  1945.2 MB/s  Total:  631.69 GB
[  332.7s] IOs:    165694536  IOPS:   498010  Throughput:  1945.4 MB/s  Total:  632.07 GB
[  332.9s] IOs:    165794970  IOPS:   498053  Throughput:  1945.5 MB/s  Total:  632.46 GB
[  333.1s] IOs:    165895780  IOPS:   498106  Throughput:  1945.7 MB/s  Total:  632.84 GB
[  333.3s] IOs:    165996546  IOPS:   498002  Throughput:  1945.3 MB/s  Total:  633.23 GB
[  333.5s] IOs:    166097127  IOPS:   498029  Throughput:  1945.4 MB/s  Total:  633.61 GB
[  333.7s] IOs:    166197794  IOPS:   498052  Throughput:  1945.5 MB/s  Total:  633.99 GB
[  333.9s] IOs:    166298633  IOPS:   498076  Throughput:  1945.6 MB/s  Total:  634.38 GB
[  334.1s] IOs:    166398713  IOPS:   498092  Throughput:  1945.7 MB/s  Total:  634.76 GB
[  334.3s] IOs:    166499641  IOPS:   498109  Throughput:  1945.7 MB/s  Total:  635.15 GB
[  334.5s] IOs:    166600639  IOPS:   498109  Throughput:  1945.7 MB/s  Total:  635.53 GB
[  334.7s] IOs:    166701335  IOPS:   498132  Throughput:  1945.8 MB/s  Total:  635.92 GB
[  334.8s] IOs:    166801597  IOPS:   498147  Throughput:  1945.9 MB/s  Total:  636.30 GB
[  335.0s] IOs:    166901989  IOPS:   498196  Throughput:  1946.1 MB/s  Total:  636.68 GB
[  335.2s] IOs:    167002421  IOPS:   498174  Throughput:  1946.0 MB/s  Total:  637.06 GB
[  335.4s] IOs:    167103299  IOPS:   498159  Throughput:  1945.9 MB/s  Total:  637.45 GB
[  335.6s] IOs:    167203400  IOPS:   498179  Throughput:  1946.0 MB/s  Total:  637.83 GB
[  335.8s] IOs:    167303673  IOPS:   498162  Throughput:  1945.9 MB/s  Total:  638.21 GB
[  336.0s] IOs:    167404490  IOPS:   498203  Throughput:  1946.1 MB/s  Total:  638.60 GB
[  336.2s] IOs:    167505183  IOPS:   498236  Throughput:  1946.2 MB/s  Total:  638.98 GB
[  336.4s] IOs:    167605603  IOPS:   498231  Throughput:  1946.2 MB/s  Total:  639.36 GB
[  336.6s] IOs:    167705675  IOPS:   498249  Throughput:  1946.3 MB/s  Total:  639.75 GB
[  336.9s] IOs:    167806070  IOPS:   498088  Throughput:  1945.7 MB/s  Total:  640.13 GB
[  337.1s] IOs:    167907008  IOPS:   498105  Throughput:  1945.7 MB/s  Total:  640.51 GB
[  337.3s] IOs:    168007022  IOPS:   498125  Throughput:  1945.8 MB/s  Total:  640.90 GB
[  337.5s] IOs:    168107912  IOPS:   498143  Throughput:  1945.9 MB/s  Total:  641.28 GB
[  337.7s] IOs:    168208616  IOPS:   498156  Throughput:  1945.9 MB/s  Total:  641.66 GB
[  337.9s] IOs:    168309267  IOPS:   498160  Throughput:  1945.9 MB/s  Total:  642.05 GB
[  338.0s] IOs:    168409506  IOPS:   498186  Throughput:  1946.0 MB/s  Total:  642.43 GB
[  338.2s] IOs:    168510064  IOPS:   498208  Throughput:  1946.1 MB/s  Total:  642.81 GB
[  338.4s] IOs:    168610495  IOPS:   498217  Throughput:  1946.2 MB/s  Total:  643.20 GB
[  338.7s] IOs:    168711193  IOPS:   498115  Throughput:  1945.8 MB/s  Total:  643.58 GB
[  338.9s] IOs:    168811391  IOPS:   498154  Throughput:  1945.9 MB/s  Total:  643.96 GB
[  339.1s] IOs:    168911874  IOPS:   498188  Throughput:  1946.0 MB/s  Total:  644.35 GB
[  339.3s] IOs:    169012488  IOPS:   498106  Throughput:  1945.7 MB/s  Total:  644.73 GB
[  339.5s] IOs:    169113074  IOPS:   498128  Throughput:  1945.8 MB/s  Total:  645.12 GB
[  339.7s] IOs:    169213180  IOPS:   498153  Throughput:  1945.9 MB/s  Total:  645.50 GB
[  339.9s] IOs:    169313380  IOPS:   498080  Throughput:  1945.6 MB/s  Total:  645.88 GB
[  340.1s] IOs:    169413651  IOPS:   498070  Throughput:  1945.6 MB/s  Total:  646.26 GB
[  340.3s] IOs:    169514318  IOPS:   498112  Throughput:  1945.8 MB/s  Total:  646.65 GB
[Reader] Parsed 27000000 lines, distributed 169615830 writes, unique 227.25 GB, skipped 0
[  340.5s] IOs:    169614967  IOPS:   498132  Throughput:  1945.8 MB/s  Total:  647.03 GB
[  340.7s] IOs:    169715347  IOPS:   498169  Throughput:  1946.0 MB/s  Total:  647.41 GB
[  340.9s] IOs:    169815971  IOPS:   498145  Throughput:  1945.9 MB/s  Total:  647.80 GB
[  341.2s] IOs:    169916041  IOPS:   497982  Throughput:  1945.2 MB/s  Total:  648.18 GB
[  341.4s] IOs:    170016234  IOPS:   498025  Throughput:  1945.4 MB/s  Total:  648.56 GB
[  341.6s] IOs:    170116924  IOPS:   498072  Throughput:  1945.6 MB/s  Total:  648.94 GB
[  342.0s] IOs:    170217463  IOPS:   497782  Throughput:  1944.5 MB/s  Total:  649.33 GB
[  342.1s] IOs:    170318396  IOPS:   497804  Throughput:  1944.5 MB/s  Total:  649.71 GB
[  342.4s] IOs:    170418558  IOPS:   497696  Throughput:  1944.1 MB/s  Total:  650.10 GB
[  342.6s] IOs:    170519015  IOPS:   497720  Throughput:  1944.2 MB/s  Total:  650.48 GB
[  342.9s] IOs:    170619652  IOPS:   497593  Throughput:  1943.7 MB/s  Total:  650.86 GB
[  343.1s] IOs:    170720112  IOPS:   497590  Throughput:  1943.7 MB/s  Total:  651.25 GB
[  343.4s] IOs:    170820322  IOPS:   497434  Throughput:  1943.1 MB/s  Total:  651.63 GB
[  343.6s] IOs:    170921300  IOPS:   497468  Throughput:  1943.2 MB/s  Total:  652.01 GB
[  343.9s] IOs:    171021580  IOPS:   497355  Throughput:  1942.8 MB/s  Total:  652.40 GB
[  344.0s] IOs:    171122077  IOPS:   497402  Throughput:  1943.0 MB/s  Total:  652.78 GB
[  344.3s] IOs:    171222482  IOPS:   497266  Throughput:  1942.4 MB/s  Total:  653.16 GB
[  344.6s] IOs:    171322657  IOPS:   497149  Throughput:  1942.0 MB/s  Total:  653.54 GB
[  344.8s] IOs:    171423396  IOPS:   497178  Throughput:  1942.1 MB/s  Total:  653.93 GB
[  345.0s] IOs:    171523677  IOPS:   497131  Throughput:  1941.9 MB/s  Total:  654.31 GB
[  345.2s] IOs:    171624029  IOPS:   497174  Throughput:  1942.1 MB/s  Total:  654.69 GB
[  345.4s] IOs:    171724566  IOPS:   497155  Throughput:  1942.0 MB/s  Total:  655.08 GB
[  345.6s] IOs:    171825582  IOPS:   497178  Throughput:  1942.1 MB/s  Total:  655.46 GB
[  345.9s] IOs:    171925824  IOPS:   496994  Throughput:  1941.4 MB/s  Total:  655.84 GB
[  346.1s] IOs:    172025940  IOPS:   497018  Throughput:  1941.5 MB/s  Total:  656.23 GB
[  346.3s] IOs:    172126711  IOPS:   497044  Throughput:  1941.6 MB/s  Total:  656.61 GB
[  346.5s] IOs:    172227340  IOPS:   497052  Throughput:  1941.6 MB/s  Total:  657.00 GB
[  346.7s] IOs:    172328140  IOPS:   497066  Throughput:  1941.7 MB/s  Total:  657.38 GB
[  346.9s] IOs:    172428823  IOPS:   497067  Throughput:  1941.7 MB/s  Total:  657.76 GB
[  347.1s] IOs:    172528935  IOPS:   497096  Throughput:  1941.8 MB/s  Total:  658.15 GB
[  347.3s] IOs:    172629766  IOPS:   497119  Throughput:  1941.9 MB/s  Total:  658.53 GB
[  347.4s] IOs:    172730731  IOPS:   497149  Throughput:  1942.0 MB/s  Total:  658.92 GB
[  347.6s] IOs:    172830765  IOPS:   497166  Throughput:  1942.1 MB/s  Total:  659.30 GB
[  347.9s] IOs:    172931764  IOPS:   497127  Throughput:  1941.9 MB/s  Total:  659.68 GB
[  348.1s] IOs:    173032420  IOPS:   497112  Throughput:  1941.8 MB/s  Total:  660.07 GB
[  348.2s] IOs:    173132977  IOPS:   497158  Throughput:  1942.0 MB/s  Total:  660.45 GB
[  348.4s] IOs:    173233389  IOPS:   497191  Throughput:  1942.2 MB/s  Total:  660.83 GB
[  348.6s] IOs:    173334376  IOPS:   497222  Throughput:  1942.3 MB/s  Total:  661.22 GB
[  348.9s] IOs:    173435363  IOPS:   497138  Throughput:  1941.9 MB/s  Total:  661.60 GB
[  349.0s] IOs:    173535515  IOPS:   497181  Throughput:  1942.1 MB/s  Total:  661.99 GB
[  349.2s] IOs:    173635812  IOPS:   497209  Throughput:  1942.2 MB/s  Total:  662.37 GB
[  349.5s] IOs:    173736511  IOPS:   497042  Throughput:  1941.6 MB/s  Total:  662.75 GB
[  349.7s] IOs:    173837415  IOPS:   497053  Throughput:  1941.6 MB/s  Total:  663.14 GB
[  349.9s] IOs:    173938034  IOPS:   497073  Throughput:  1941.7 MB/s  Total:  663.52 GB
[  350.1s] IOs:    174038691  IOPS:   497090  Throughput:  1941.8 MB/s  Total:  663.90 GB
[  350.3s] IOs:    174139644  IOPS:   497095  Throughput:  1941.8 MB/s  Total:  664.29 GB
[  350.5s] IOs:    174240562  IOPS:   497083  Throughput:  1941.7 MB/s  Total:  664.67 GB
[  350.7s] IOs:    174341404  IOPS:   497111  Throughput:  1941.8 MB/s  Total:  665.06 GB
[  350.9s] IOs:    174441931  IOPS:   497110  Throughput:  1941.8 MB/s  Total:  665.44 GB
[  351.1s] IOs:    174542666  IOPS:   497136  Throughput:  1941.9 MB/s  Total:  665.83 GB
[  351.3s] IOs:    174643079  IOPS:   497141  Throughput:  1942.0 MB/s  Total:  666.21 GB
[  351.5s] IOs:    174744092  IOPS:   497146  Throughput:  1942.0 MB/s  Total:  666.60 GB
[  351.7s] IOs:    174844818  IOPS:   497179  Throughput:  1942.1 MB/s  Total:  666.98 GB
[  351.9s] IOs:    174945228  IOPS:   497142  Throughput:  1942.0 MB/s  Total:  667.36 GB
[  352.1s] IOs:    175045701  IOPS:   497186  Throughput:  1942.1 MB/s  Total:  667.75 GB
[  352.2s] IOs:    175146048  IOPS:   497221  Throughput:  1942.3 MB/s  Total:  668.13 GB
[  352.5s] IOs:    175246931  IOPS:   497103  Throughput:  1941.8 MB/s  Total:  668.51 GB
[  352.7s] IOs:    175347044  IOPS:   497130  Throughput:  1941.9 MB/s  Total:  668.90 GB
[  352.9s] IOs:    175447791  IOPS:   497147  Throughput:  1942.0 MB/s  Total:  669.28 GB
[  353.1s] IOs:    175548584  IOPS:   497123  Throughput:  1941.9 MB/s  Total:  669.66 GB
[  353.3s] IOs:    175649502  IOPS:   497112  Throughput:  1941.8 MB/s  Total:  670.05 GB
[  353.5s] IOs:    175749559  IOPS:   497129  Throughput:  1941.9 MB/s  Total:  670.43 GB
[Reader] Parsed 28000000 lines, distributed 175781112 writes, unique 232.33 GB, skipped 0
[  353.7s] IOs:    175849601  IOPS:   497145  Throughput:  1942.0 MB/s  Total:  670.81 GB
[  353.9s] IOs:    175950452  IOPS:   497169  Throughput:  1942.1 MB/s  Total:  671.20 GB
[  354.1s] IOs:    176051475  IOPS:   497181  Throughput:  1942.1 MB/s  Total:  671.58 GB
[  354.3s] IOs:    176152494  IOPS:   497196  Throughput:  1942.2 MB/s  Total:  671.97 GB
[  354.5s] IOs:    176252920  IOPS:   497206  Throughput:  1942.2 MB/s  Total:  672.35 GB
[  354.7s] IOs:    176353118  IOPS:   497246  Throughput:  1942.4 MB/s  Total:  672.73 GB
[  354.9s] IOs:    176453514  IOPS:   497167  Throughput:  1942.1 MB/s  Total:  673.12 GB
[  355.1s] IOs:    176553645  IOPS:   497206  Throughput:  1942.2 MB/s  Total:  673.50 GB
[  355.3s] IOs:    176653997  IOPS:   497232  Throughput:  1942.3 MB/s  Total:  673.88 GB
[  355.5s] IOs:    176754256  IOPS:   497233  Throughput:  1942.3 MB/s  Total:  674.26 GB
[  355.8s] IOs:    176855145  IOPS:   497068  Throughput:  1941.7 MB/s  Total:  674.65 GB
[  356.0s] IOs:    176956063  IOPS:   497083  Throughput:  1941.7 MB/s  Total:  675.03 GB
[  356.2s] IOs:    177056974  IOPS:   497076  Throughput:  1941.7 MB/s  Total:  675.42 GB
[  356.4s] IOs:    177157770  IOPS:   497096  Throughput:  1941.8 MB/s  Total:  675.80 GB
[  356.6s] IOs:    177258741  IOPS:   497118  Throughput:  1941.9 MB/s  Total:  676.19 GB
[  356.8s] IOs:    177359650  IOPS:   497115  Throughput:  1941.9 MB/s  Total:  676.57 GB
[  357.0s] IOs:    177459731  IOPS:   497143  Throughput:  1942.0 MB/s  Total:  676.96 GB
[  357.1s] IOs:    177560566  IOPS:   497160  Throughput:  1942.0 MB/s  Total:  677.34 GB
[  357.4s] IOs:    177661274  IOPS:   497152  Throughput:  1942.0 MB/s  Total:  677.72 GB
[  357.6s] IOs:    177761972  IOPS:   497140  Throughput:  1942.0 MB/s  Total:  678.11 GB
[  357.7s] IOs:    177862605  IOPS:   497176  Throughput:  1942.1 MB/s  Total:  678.49 GB
[  357.9s] IOs:    177963024  IOPS:   497217  Throughput:  1942.3 MB/s  Total:  678.88 GB
[  358.1s] IOs:    178063536  IOPS:   497240  Throughput:  1942.3 MB/s  Total:  679.26 GB
[  358.4s] IOs:    178164204  IOPS:   497144  Throughput:  1942.0 MB/s  Total:  679.64 GB
[  358.6s] IOs:    178264777  IOPS:   497134  Throughput:  1941.9 MB/s  Total:  680.03 GB
[  358.8s] IOs:    178365575  IOPS:   497166  Throughput:  1942.1 MB/s  Total:  680.41 GB
[  358.9s] IOs:    178466474  IOPS:   497207  Throughput:  1942.2 MB/s  Total:  680.80 GB
[  359.1s] IOs:    178567051  IOPS:   497236  Throughput:  1942.3 MB/s  Total:  681.18 GB
[  359.4s] IOs:    178667447  IOPS:   497150  Throughput:  1942.0 MB/s  Total:  681.56 GB
[  359.7s] IOs:    178767604  IOPS:   497024  Throughput:  1941.5 MB/s  Total:  681.94 GB
[  359.8s] IOs:    178867998  IOPS:   497073  Throughput:  1941.7 MB/s  Total:  682.33 GB
[  360.0s] IOs:    178968173  IOPS:   497113  Throughput:  1941.8 MB/s  Total:  682.71 GB
[  360.3s] IOs:    179068281  IOPS:   496973  Throughput:  1941.3 MB/s  Total:  683.09 GB
[  360.5s] IOs:    179169088  IOPS:   496996  Throughput:  1941.4 MB/s  Total:  683.48 GB
[  360.8s] IOs:    179269520  IOPS:   496900  Throughput:  1941.0 MB/s  Total:  683.86 GB
[  361.0s] IOs:    179370133  IOPS:   496852  Throughput:  1940.8 MB/s  Total:  684.24 GB
[  361.2s] IOs:    179470508  IOPS:   496892  Throughput:  1941.0 MB/s  Total:  684.63 GB
[  361.4s] IOs:    179570720  IOPS:   496876  Throughput:  1940.9 MB/s  Total:  685.01 GB
[  361.6s] IOs:    179671011  IOPS:   496887  Throughput:  1941.0 MB/s  Total:  685.39 GB
[  361.8s] IOs:    179771504  IOPS:   496813  Throughput:  1940.7 MB/s  Total:  685.77 GB
[  362.0s] IOs:    179871655  IOPS:   496848  Throughput:  1940.8 MB/s  Total:  686.16 GB
[  362.2s] IOs:    179972198  IOPS:   496892  Throughput:  1941.0 MB/s  Total:  686.54 GB
[  362.5s] IOs:    180072702  IOPS:   496811  Throughput:  1940.7 MB/s  Total:  686.92 GB
[  362.6s] IOs:    180172795  IOPS:   496834  Throughput:  1940.8 MB/s  Total:  687.30 GB
[  362.9s] IOs:    180273219  IOPS:   496722  Throughput:  1940.3 MB/s  Total:  687.69 GB
[  363.1s] IOs:    180374024  IOPS:   496747  Throughput:  1940.4 MB/s  Total:  688.07 GB
[  363.3s] IOs:    180474804  IOPS:   496736  Throughput:  1940.4 MB/s  Total:  688.46 GB
[  363.5s] IOs:    180574871  IOPS:   496762  Throughput:  1940.5 MB/s  Total:  688.84 GB
[  363.7s] IOs:    180675727  IOPS:   496749  Throughput:  1940.4 MB/s  Total:  689.22 GB
[  363.9s] IOs:    180776486  IOPS:   496773  Throughput:  1940.5 MB/s  Total:  689.61 GB
[  364.1s] IOs:    180877364  IOPS:   496804  Throughput:  1940.6 MB/s  Total:  689.99 GB
[  364.3s] IOs:    180977589  IOPS:   496787  Throughput:  1940.6 MB/s  Total:  690.37 GB
[  364.5s] IOs:    181078249  IOPS:   496826  Throughput:  1940.7 MB/s  Total:  690.76 GB
[  364.7s] IOs:    181178500  IOPS:   496854  Throughput:  1940.8 MB/s  Total:  691.14 GB
[  364.9s] IOs:    181278900  IOPS:   496796  Throughput:  1940.6 MB/s  Total:  691.52 GB
[  365.1s] IOs:    181379136  IOPS:   496809  Throughput:  1940.7 MB/s  Total:  691.91 GB
[  365.3s] IOs:    181479680  IOPS:   496854  Throughput:  1940.8 MB/s  Total:  692.29 GB
[  365.5s] IOs:    181579982  IOPS:   496841  Throughput:  1940.8 MB/s  Total:  692.67 GB
[  365.7s] IOs:    181680386  IOPS:   496808  Throughput:  1940.7 MB/s  Total:  693.06 GB
[  365.9s] IOs:    181780550  IOPS:   496844  Throughput:  1940.8 MB/s  Total:  693.44 GB
[  366.1s] IOs:    181880559  IOPS:   496868  Throughput:  1940.9 MB/s  Total:  693.82 GB
[  366.2s] IOs:    181980908  IOPS:   496913  Throughput:  1941.1 MB/s  Total:  694.20 GB
[  366.6s] IOs:    182081774  IOPS:   496703  Throughput:  1940.2 MB/s  Total:  694.59 GB
[  366.8s] IOs:    182182566  IOPS:   496715  Throughput:  1940.3 MB/s  Total:  694.97 GB
[  367.0s] IOs:    182283087  IOPS:   496723  Throughput:  1940.3 MB/s  Total:  695.35 GB
[Reader] Parsed 29000000 lines, distributed 182341345 writes, unique 239.70 GB, skipped 0
[  367.1s] IOs:    182383286  IOPS:   496764  Throughput:  1940.5 MB/s  Total:  695.74 GB
[  367.5s] IOs:    182483417  IOPS:   496509  Throughput:  1939.5 MB/s  Total:  696.12 GB
[  367.8s] IOs:    182583778  IOPS:   496402  Throughput:  1939.1 MB/s  Total:  696.50 GB
[  368.0s] IOs:    182684249  IOPS:   496446  Throughput:  1939.2 MB/s  Total:  696.89 GB
[  368.4s] IOs:    182784364  IOPS:   496195  Throughput:  1938.3 MB/s  Total:  697.27 GB
[  368.5s] IOs:    182884411  IOPS:   496227  Throughput:  1938.4 MB/s  Total:  697.65 GB
[  369.0s] IOs:    182984555  IOPS:   495917  Throughput:  1937.2 MB/s  Total:  698.03 GB
[  369.2s] IOs:    183085138  IOPS:   495928  Throughput:  1937.2 MB/s  Total:  698.41 GB
[  369.5s] IOs:    183185443  IOPS:   495782  Throughput:  1936.7 MB/s  Total:  698.80 GB
[  369.7s] IOs:    183286236  IOPS:   495802  Throughput:  1936.7 MB/s  Total:  699.18 GB
[  370.0s] IOs:    183387040  IOPS:   495682  Throughput:  1936.3 MB/s  Total:  699.57 GB
[  370.1s] IOs:    183487576  IOPS:   495721  Throughput:  1936.4 MB/s  Total:  699.95 GB
[  370.5s] IOs:    183587978  IOPS:   495508  Throughput:  1935.6 MB/s  Total:  700.33 GB
[  370.7s] IOs:    183688517  IOPS:   495558  Throughput:  1935.8 MB/s  Total:  700.72 GB
[  370.9s] IOs:    183788776  IOPS:   495488  Throughput:  1935.5 MB/s  Total:  701.10 GB
[  371.1s] IOs:    183889036  IOPS:   495512  Throughput:  1935.6 MB/s  Total:  701.48 GB
[  371.4s] IOs:    183989817  IOPS:   495417  Throughput:  1935.2 MB/s  Total:  701.87 GB
[  371.6s] IOs:    184089875  IOPS:   495411  Throughput:  1935.2 MB/s  Total:  702.25 GB
[  371.8s] IOs:    184190465  IOPS:   495460  Throughput:  1935.4 MB/s  Total:  702.63 GB
[  372.0s] IOs:    184290800  IOPS:   495412  Throughput:  1935.2 MB/s  Total:  703.01 GB
[  372.3s] IOs:    184390991  IOPS:   495250  Throughput:  1934.6 MB/s  Total:  703.40 GB
[  372.5s] IOs:    184491959  IOPS:   495268  Throughput:  1934.6 MB/s  Total:  703.78 GB
[  372.7s] IOs:    184592197  IOPS:   495269  Throughput:  1934.6 MB/s  Total:  704.16 GB
[  373.0s] IOs:    184692698  IOPS:   495198  Throughput:  1934.4 MB/s  Total:  704.55 GB
[  373.1s] IOs:    184793209  IOPS:   495229  Throughput:  1934.5 MB/s  Total:  704.93 GB
[  373.5s] IOs:    184893887  IOPS:   495064  Throughput:  1933.8 MB/s  Total:  705.31 GB
[  373.7s] IOs:    184994629  IOPS:   495083  Throughput:  1933.9 MB/s  Total:  705.70 GB
[  373.9s] IOs:    185095444  IOPS:   495099  Throughput:  1934.0 MB/s  Total:  706.08 GB
[  374.0s] IOs:    185195489  IOPS:   495128  Throughput:  1934.1 MB/s  Total:  706.46 GB
[  374.2s] IOs:    185296478  IOPS:   495151  Throughput:  1934.2 MB/s  Total:  706.85 GB
[  374.4s] IOs:    185397264  IOPS:   495176  Throughput:  1934.3 MB/s  Total:  707.23 GB
[  374.6s] IOs:    185498003  IOPS:   495192  Throughput:  1934.3 MB/s  Total:  707.62 GB
[  374.8s] IOs:    185598772  IOPS:   495188  Throughput:  1934.3 MB/s  Total:  708.00 GB
[  375.0s] IOs:    185699366  IOPS:   495229  Throughput:  1934.5 MB/s  Total:  708.39 GB
[  375.1s] IOs:    185799765  IOPS:   495270  Throughput:  1934.6 MB/s  Total:  708.77 GB
[  375.4s] IOs:    185899846  IOPS:   495177  Throughput:  1934.3 MB/s  Total:  709.15 GB
[  375.6s] IOs:    186000331  IOPS:   495205  Throughput:  1934.4 MB/s  Total:  709.53 GB
[  375.8s] IOs:    186100711  IOPS:   495233  Throughput:  1934.5 MB/s  Total:  709.92 GB
[  376.0s] IOs:    186201010  IOPS:   495235  Throughput:  1934.5 MB/s  Total:  710.30 GB
[  376.2s] IOs:    186301930  IOPS:   495279  Throughput:  1934.7 MB/s  Total:  710.69 GB
[  376.4s] IOs:    186402227  IOPS:   495255  Throughput:  1934.6 MB/s  Total:  711.07 GB
[  376.5s] IOs:    186502517  IOPS:   495300  Throughput:  1934.8 MB/s  Total:  711.45 GB
[  376.7s] IOs:    186602629  IOPS:   495314  Throughput:  1934.8 MB/s  Total:  711.83 GB
[  376.9s] IOs:    186703026  IOPS:   495328  Throughput:  1934.9 MB/s  Total:  712.22 GB
[  377.1s] IOs:    186803760  IOPS:   495363  Throughput:  1935.0 MB/s  Total:  712.60 GB
[  377.4s] IOs:    186904571  IOPS:   495251  Throughput:  1934.6 MB/s  Total:  712.98 GB
[  377.6s] IOs:    187005296  IOPS:   495277  Throughput:  1934.7 MB/s  Total:  713.37 GB
[  377.8s] IOs:    187106072  IOPS:   495301  Throughput:  1934.8 MB/s  Total:  713.75 GB
[  378.0s] IOs:    187206643  IOPS:   495300  Throughput:  1934.8 MB/s  Total:  714.14 GB
[  378.2s] IOs:    187307078  IOPS:   495312  Throughput:  1934.8 MB/s  Total:  714.52 GB
[Reader] Parsed 30000000 lines, distributed 187347289 writes, unique 242.85 GB, skipped 0
[  378.4s] IOs:    187407753  IOPS:   495318  Throughput:  1934.8 MB/s  Total:  714.90 GB
[  378.5s] IOs:    187507845  IOPS:   495355  Throughput:  1935.0 MB/s  Total:  715.29 GB
[  378.7s] IOs:    187607974  IOPS:   495391  Throughput:  1935.1 MB/s  Total:  715.67 GB
[  379.0s] IOs:    187708342  IOPS:   495298  Throughput:  1934.8 MB/s  Total:  716.05 GB
[  379.2s] IOs:    187808807  IOPS:   495335  Throughput:  1934.9 MB/s  Total:  716.43 GB
[  379.4s] IOs:    187909214  IOPS:   495292  Throughput:  1934.7 MB/s  Total:  716.82 GB
[  379.6s] IOs:    188009245  IOPS:   495311  Throughput:  1934.8 MB/s  Total:  717.20 GB
[  379.8s] IOs:    188109349  IOPS:   495346  Throughput:  1934.9 MB/s  Total:  717.58 GB
[  380.1s] IOs:    188209960  IOPS:   495213  Throughput:  1934.4 MB/s  Total:  717.96 GB
[  380.2s] IOs:    188310142  IOPS:   495229  Throughput:  1934.5 MB/s  Total:  718.35 GB
[  380.4s] IOs:    188411021  IOPS:   495249  Throughput:  1934.6 MB/s  Total:  718.73 GB
[  380.6s] IOs:    188512043  IOPS:   495267  Throughput:  1934.6 MB/s  Total:  719.12 GB
[  380.8s] IOs:    188612812  IOPS:   495252  Throughput:  1934.6 MB/s  Total:  719.50 GB
[  381.0s] IOs:    188713679  IOPS:   495272  Throughput:  1934.7 MB/s  Total:  719.89 GB
[  381.2s] IOs:    188814271  IOPS:   495283  Throughput:  1934.7 MB/s  Total:  720.27 GB
[  381.4s] IOs:    188914589  IOPS:   495268  Throughput:  1934.6 MB/s  Total:  720.65 GB
[  381.6s] IOs:    189015223  IOPS:   495271  Throughput:  1934.7 MB/s  Total:  721.04 GB
[  381.8s] IOs:    189115690  IOPS:   495310  Throughput:  1934.8 MB/s  Total:  721.42 GB
[  382.0s] IOs:    189215947  IOPS:   495298  Throughput:  1934.8 MB/s  Total:  721.80 GB
[  382.2s] IOs:    189316156  IOPS:   495336  Throughput:  1934.9 MB/s  Total:  722.18 GB
[  382.4s] IOs:    189416648  IOPS:   495336  Throughput:  1934.9 MB/s  Total:  722.57 GB
[  382.6s] IOs:    189517308  IOPS:   495364  Throughput:  1935.0 MB/s  Total:  722.95 GB
[  382.8s] IOs:    189617673  IOPS:   495373  Throughput:  1935.0 MB/s  Total:  723.33 GB
[  383.0s] IOs:    189718600  IOPS:   495402  Throughput:  1935.2 MB/s  Total:  723.72 GB
[  383.2s] IOs:    189818745  IOPS:   495403  Throughput:  1935.2 MB/s  Total:  724.10 GB
[  383.3s] IOs:    189919362  IOPS:   495448  Throughput:  1935.3 MB/s  Total:  724.48 GB
[  383.5s] IOs:    190019995  IOPS:   495494  Throughput:  1935.5 MB/s  Total:  724.87 GB
[  383.7s] IOs:    190120404  IOPS:   495497  Throughput:  1935.5 MB/s  Total:  725.25 GB
[  384.0s] IOs:    190220702  IOPS:   495376  Throughput:  1935.1 MB/s  Total:  725.63 GB
[  384.2s] IOs:    190321618  IOPS:   495373  Throughput:  1935.1 MB/s  Total:  726.02 GB
[  384.4s] IOs:    190422064  IOPS:   495369  Throughput:  1935.0 MB/s  Total:  726.40 GB
[  384.6s] IOs:    190522647  IOPS:   495381  Throughput:  1935.1 MB/s  Total:  726.79 GB
[  384.8s] IOs:    190623093  IOPS:   495420  Throughput:  1935.2 MB/s  Total:  727.17 GB
[  385.0s] IOs:    190723703  IOPS:   495345  Throughput:  1934.9 MB/s  Total:  727.55 GB
[  385.2s] IOs:    190824377  IOPS:   495379  Throughput:  1935.1 MB/s  Total:  727.94 GB
[  385.5s] IOs:    190925118  IOPS:   495320  Throughput:  1934.8 MB/s  Total:  728.32 GB
[  385.6s] IOs:    191025584  IOPS:   495336  Throughput:  1934.9 MB/s  Total:  728.70 GB
[  385.8s] IOs:    191126038  IOPS:   495376  Throughput:  1935.1 MB/s  Total:  729.09 GB
[  386.1s] IOs:    191226670  IOPS:   495338  Throughput:  1934.9 MB/s  Total:  729.47 GB
[  386.2s] IOs:    191327465  IOPS:   495371  Throughput:  1935.0 MB/s  Total:  729.86 GB
[  386.5s] IOs:    191427742  IOPS:   495254  Throughput:  1934.6 MB/s  Total:  730.24 GB
[  386.7s] IOs:    191528023  IOPS:   495261  Throughput:  1934.6 MB/s  Total:  730.62 GB
[  387.0s] IOs:    191628421  IOPS:   495185  Throughput:  1934.3 MB/s  Total:  731.00 GB
[  387.2s] IOs:    191728676  IOPS:   495222  Throughput:  1934.5 MB/s  Total:  731.39 GB
[  387.4s] IOs:    191829061  IOPS:   495189  Throughput:  1934.3 MB/s  Total:  731.77 GB
[  387.6s] IOs:    191929420  IOPS:   495156  Throughput:  1934.2 MB/s  Total:  732.15 GB
[  387.8s] IOs:    192029496  IOPS:   495151  Throughput:  1934.2 MB/s  Total:  732.53 GB
[  388.0s] IOs:    192129873  IOPS:   495194  Throughput:  1934.4 MB/s  Total:  732.92 GB
[  388.3s] IOs:    192230807  IOPS:   495087  Throughput:  1933.9 MB/s  Total:  733.30 GB
[  388.5s] IOs:    192330896  IOPS:   495120  Throughput:  1934.1 MB/s  Total:  733.68 GB
[  388.6s] IOs:    192431558  IOPS:   495151  Throughput:  1934.2 MB/s  Total:  734.07 GB
[  388.9s] IOs:    192532073  IOPS:   495080  Throughput:  1933.9 MB/s  Total:  734.45 GB
[  389.1s] IOs:    192632136  IOPS:   495122  Throughput:  1934.1 MB/s  Total:  734.83 GB
[  389.2s] IOs:    192732398  IOPS:   495164  Throughput:  1934.2 MB/s  Total:  735.22 GB
[  389.5s] IOs:    192832642  IOPS:   495095  Throughput:  1934.0 MB/s  Total:  735.60 GB
[  389.7s] IOs:    192932934  IOPS:   495125  Throughput:  1934.1 MB/s  Total:  735.98 GB
[  389.8s] IOs:    193033667  IOPS:   495153  Throughput:  1934.2 MB/s  Total:  736.37 GB
[  390.1s] IOs:    193134362  IOPS:   495110  Throughput:  1934.0 MB/s  Total:  736.75 GB
[  390.3s] IOs:    193234620  IOPS:   495155  Throughput:  1934.2 MB/s  Total:  737.13 GB
[Reader] Parsed 31000000 lines, distributed 193295961 writes, unique 247.75 GB, skipped 0
[  390.5s] IOs:    193335206  IOPS:   495048  Throughput:  1933.8 MB/s  Total:  737.52 GB
[  390.7s] IOs:    193435835  IOPS:   495060  Throughput:  1933.8 MB/s  Total:  737.90 GB
[  391.0s] IOs:    193536558  IOPS:   495006  Throughput:  1933.6 MB/s  Total:  738.28 GB
[  391.2s] IOs:    193637049  IOPS:   495044  Throughput:  1933.8 MB/s  Total:  738.67 GB
[  391.4s] IOs:    193737506  IOPS:   494935  Throughput:  1933.3 MB/s  Total:  739.05 GB
[  391.6s] IOs:    193838381  IOPS:   494967  Throughput:  1933.5 MB/s  Total:  739.43 GB
[  391.9s] IOs:    193938550  IOPS:   494882  Throughput:  1933.1 MB/s  Total:  739.82 GB
[  392.1s] IOs:    194038872  IOPS:   494881  Throughput:  1933.1 MB/s  Total:  740.20 GB
[  392.3s] IOs:    194139425  IOPS:   494925  Throughput:  1933.3 MB/s  Total:  740.58 GB
[  392.6s] IOs:    194240090  IOPS:   494804  Throughput:  1932.8 MB/s  Total:  740.97 GB
[  392.7s] IOs:    194340701  IOPS:   494821  Throughput:  1932.9 MB/s  Total:  741.35 GB
[  392.9s] IOs:    194441346  IOPS:   494845  Throughput:  1933.0 MB/s  Total:  741.73 GB
[  393.1s] IOs:    194542092  IOPS:   494870  Throughput:  1933.1 MB/s  Total:  742.12 GB
[  393.3s] IOs:    194643072  IOPS:   494892  Throughput:  1933.2 MB/s  Total:  742.50 GB
[  393.5s] IOs:    194744054  IOPS:   494920  Throughput:  1933.3 MB/s  Total:  742.89 GB
[  393.7s] IOs:    194844829  IOPS:   494947  Throughput:  1933.4 MB/s  Total:  743.27 GB
[  393.9s] IOs:    194945609  IOPS:   494956  Throughput:  1933.4 MB/s  Total:  743.66 GB
[  394.1s] IOs:    195046297  IOPS:   494945  Throughput:  1933.4 MB/s  Total:  744.04 GB
[  394.2s] IOs:    195146814  IOPS:   494984  Throughput:  1933.5 MB/s  Total:  744.43 GB
[  394.4s] IOs:    195247167  IOPS:   495023  Throughput:  1933.7 MB/s  Total:  744.81 GB
[  394.6s] IOs:    195347517  IOPS:   495053  Throughput:  1933.8 MB/s  Total:  745.19 GB
[  394.8s] IOs:    195447682  IOPS:   495094  Throughput:  1934.0 MB/s  Total:  745.57 GB
[  395.0s] IOs:    195548074  IOPS:   495059  Throughput:  1933.8 MB/s  Total:  745.96 GB
[  395.2s] IOs:    195648714  IOPS:   495048  Throughput:  1933.8 MB/s  Total:  746.34 GB
[  395.4s] IOs:    195748890  IOPS:   495083  Throughput:  1933.9 MB/s  Total:  746.72 GB
[  395.6s] IOs:    195849339  IOPS:   495115  Throughput:  1934.0 MB/s  Total:  747.11 GB
[  395.7s] IOs:    195949847  IOPS:   495146  Throughput:  1934.2 MB/s  Total:  747.49 GB
[  395.9s] IOs:    196050127  IOPS:   495175  Throughput:  1934.3 MB/s  Total:  747.87 GB
[  396.1s] IOs:    196150273  IOPS:   495208  Throughput:  1934.4 MB/s  Total:  748.25 GB
[  396.3s] IOs:    196250991  IOPS:   495235  Throughput:  1934.5 MB/s  Total:  748.64 GB
[  396.4s] IOs:    196351977  IOPS:   495279  Throughput:  1934.7 MB/s  Total:  749.02 GB
[  396.6s] IOs:    196452164  IOPS:   495319  Throughput:  1934.8 MB/s  Total:  749.41 GB
[  396.8s] IOs:    196552600  IOPS:   495348  Throughput:  1935.0 MB/s  Total:  749.79 GB
[  397.0s] IOs:    196653027  IOPS:   495332  Throughput:  1934.9 MB/s  Total:  750.17 GB
[  397.3s] IOs:    196753051  IOPS:   495204  Throughput:  1934.4 MB/s  Total:  750.55 GB
[  397.5s] IOs:    196853171  IOPS:   495237  Throughput:  1934.5 MB/s  Total:  750.94 GB
[  397.7s] IOs:    196953221  IOPS:   495277  Throughput:  1934.7 MB/s  Total:  751.32 GB
[  398.1s] IOs:    197053222  IOPS:   495000  Throughput:  1933.6 MB/s  Total:  751.70 GB
[  398.3s] IOs:    197154057  IOPS:   495026  Throughput:  1933.7 MB/s  Total:  752.08 GB
[  398.6s] IOs:    197254078  IOPS:   494908  Throughput:  1933.2 MB/s  Total:  752.46 GB
[  398.7s] IOs:    197354392  IOPS:   494946  Throughput:  1933.4 MB/s  Total:  752.85 GB
[  399.0s] IOs:    197454912  IOPS:   494880  Throughput:  1933.1 MB/s  Total:  753.23 GB
[  399.2s] IOs:    197555569  IOPS:   494908  Throughput:  1933.2 MB/s  Total:  753.61 GB
[  399.5s] IOs:    197656369  IOPS:   494794  Throughput:  1932.8 MB/s  Total:  754.00 GB
[  399.7s] IOs:    197756629  IOPS:   494824  Throughput:  1932.9 MB/s  Total:  754.38 GB
[  399.9s] IOs:    197856880  IOPS:   494755  Throughput:  1932.6 MB/s  Total:  754.76 GB
[  400.2s] IOs:    197957767  IOPS:   494671  Throughput:  1932.3 MB/s  Total:  755.15 GB
[  400.4s] IOs:    198058489  IOPS:   494694  Throughput:  1932.4 MB/s  Total:  755.53 GB
[  400.6s] IOs:    198159147  IOPS:   494712  Throughput:  1932.5 MB/s  Total:  755.92 GB
[  400.7s] IOs:    198259662  IOPS:   494733  Throughput:  1932.6 MB/s  Total:  756.30 GB
[  401.0s] IOs:    198360132  IOPS:   494685  Throughput:  1932.4 MB/s  Total:  756.68 GB
[  401.2s] IOs:    198460816  IOPS:   494721  Throughput:  1932.5 MB/s  Total:  757.07 GB
[  401.5s] IOs:    198561791  IOPS:   494607  Throughput:  1932.1 MB/s  Total:  757.45 GB
[  401.6s] IOs:    198662337  IOPS:   494624  Throughput:  1932.1 MB/s  Total:  757.84 GB
[  401.9s] IOs:    198762724  IOPS:   494563  Throughput:  1931.9 MB/s  Total:  758.22 GB
[Reader] Parsed 32000000 lines, distributed 198814470 writes, unique 248.90 GB, skipped 0
[  402.1s] IOs:    198863121  IOPS:   494593  Throughput:  1932.0 MB/s  Total:  758.60 GB
[  402.4s] IOs:    198963220  IOPS:   494489  Throughput:  1931.6 MB/s  Total:  758.98 GB
[  402.5s] IOs:    199063934  IOPS:   494509  Throughput:  1931.7 MB/s  Total:  759.37 GB
[  402.7s] IOs:    199164540  IOPS:   494525  Throughput:  1931.7 MB/s  Total:  759.75 GB
[  402.9s] IOs:    199265387  IOPS:   494549  Throughput:  1931.8 MB/s  Total:  760.14 GB
[  403.1s] IOs:    199366241  IOPS:   494578  Throughput:  1931.9 MB/s  Total:  760.52 GB
[  403.3s] IOs:    199466514  IOPS:   494597  Throughput:  1932.0 MB/s  Total:  760.90 GB
[  403.5s] IOs:    199567400  IOPS:   494615  Throughput:  1932.1 MB/s  Total:  761.29 GB
[  403.7s] IOs:    199668119  IOPS:   494643  Throughput:  1932.2 MB/s  Total:  761.67 GB
[  403.9s] IOs:    199768886  IOPS:   494639  Throughput:  1932.2 MB/s  Total:  762.06 GB
[  404.0s] IOs:    199869120  IOPS:   494686  Throughput:  1932.4 MB/s  Total:  762.44 GB
[  404.2s] IOs:    199969620  IOPS:   494727  Throughput:  1932.5 MB/s  Total:  762.82 GB
[  404.5s] IOs:    200070218  IOPS:   494657  Throughput:  1932.3 MB/s  Total:  763.21 GB
[  404.7s] IOs:    200170289  IOPS:   494669  Throughput:  1932.3 MB/s  Total:  763.59 GB
[  404.8s] IOs:    200270456  IOPS:   494705  Throughput:  1932.4 MB/s  Total:  763.97 GB
[  405.0s] IOs:    200371114  IOPS:   494710  Throughput:  1932.5 MB/s  Total:  764.36 GB
[  405.2s] IOs:    200471791  IOPS:   494741  Throughput:  1932.6 MB/s  Total:  764.74 GB
[  405.4s] IOs:    200572189  IOPS:   494737  Throughput:  1932.6 MB/s  Total:  765.12 GB
[  405.6s] IOs:    200672579  IOPS:   494764  Throughput:  1932.7 MB/s  Total:  765.51 GB
[  405.8s] IOs:    200772742  IOPS:   494789  Throughput:  1932.8 MB/s  Total:  765.89 GB
[  406.0s] IOs:    200873089  IOPS:   494797  Throughput:  1932.8 MB/s  Total:  766.27 GB
[  406.1s] IOs:    200973757  IOPS:   494840  Throughput:  1933.0 MB/s  Total:  766.65 GB
[  406.3s] IOs:    201074451  IOPS:   494884  Throughput:  1933.1 MB/s  Total:  767.04 GB
[  406.6s] IOs:    201174866  IOPS:   494793  Throughput:  1932.8 MB/s  Total:  767.42 GB
[  406.8s] IOs:    201275572  IOPS:   494813  Throughput:  1932.9 MB/s  Total:  767.81 GB
[  407.0s] IOs:    201376501  IOPS:   494816  Throughput:  1932.9 MB/s  Total:  768.19 GB
[  407.2s] IOs:    201476925  IOPS:   494765  Throughput:  1932.7 MB/s  Total:  768.57 GB
[  407.5s] IOs:    201577523  IOPS:   494672  Throughput:  1932.3 MB/s  Total:  768.96 GB
[  407.7s] IOs:    201677556  IOPS:   494708  Throughput:  1932.5 MB/s  Total:  769.34 GB
[  408.0s] IOs:    201777855  IOPS:   494578  Throughput:  1931.9 MB/s  Total:  769.72 GB
[  408.1s] IOs:    201878050  IOPS:   494618  Throughput:  1932.1 MB/s  Total:  770.10 GB
[  408.5s] IOs:    201978749  IOPS:   494500  Throughput:  1931.6 MB/s  Total:  770.49 GB
[  408.6s] IOs:    202079346  IOPS:   494531  Throughput:  1931.8 MB/s  Total:  770.87 GB
[  408.9s] IOs:    202179546  IOPS:   494436  Throughput:  1931.4 MB/s  Total:  771.25 GB
[  409.1s] IOs:    202280556  IOPS:   494464  Throughput:  1931.5 MB/s  Total:  771.64 GB
[  409.4s] IOs:    202381425  IOPS:   494331  Throughput:  1931.0 MB/s  Total:  772.02 GB
[  409.6s] IOs:    202481990  IOPS:   494362  Throughput:  1931.1 MB/s  Total:  772.41 GB
[  409.8s] IOs:    202582643  IOPS:   494355  Throughput:  1931.1 MB/s  Total:  772.79 GB
[  410.1s] IOs:    202683167  IOPS:   494282  Throughput:  1930.8 MB/s  Total:  773.17 GB
[  410.2s] IOs:    202783918  IOPS:   494305  Throughput:  1930.9 MB/s  Total:  773.56 GB
[  410.6s] IOs:    202884461  IOPS:   494057  Throughput:  1929.9 MB/s  Total:  773.94 GB
[  410.8s] IOs:    202985053  IOPS:   494063  Throughput:  1929.9 MB/s  Total:  774.33 GB
[  411.0s] IOs:    203085697  IOPS:   494105  Throughput:  1930.1 MB/s  Total:  774.71 GB
[  411.2s] IOs:    203186288  IOPS:   494138  Throughput:  1930.2 MB/s  Total:  775.09 GB
[  411.7s] IOs:    203287167  IOPS:   493828  Throughput:  1929.0 MB/s  Total:  775.48 GB
[  411.8s] IOs:    203387180  IOPS:   493866  Throughput:  1929.2 MB/s  Total:  775.86 GB
[  412.0s] IOs:    203487656  IOPS:   493878  Throughput:  1929.2 MB/s  Total:  776.24 GB
[  412.2s] IOs:    203588237  IOPS:   493888  Throughput:  1929.2 MB/s  Total:  776.63 GB
[  412.5s] IOs:    203688324  IOPS:   493766  Throughput:  1928.8 MB/s  Total:  777.01 GB
[  412.7s] IOs:    203788412  IOPS:   493792  Throughput:  1928.9 MB/s  Total:  777.39 GB
[  413.0s] IOs:    203888451  IOPS:   493716  Throughput:  1928.6 MB/s  Total:  777.77 GB
[  413.1s] IOs:    203988800  IOPS:   493755  Throughput:  1928.7 MB/s  Total:  778.16 GB
[Reader] Parsed 33000000 lines, distributed 204088805 writes, unique 250.04 GB, skipped 0
[  413.4s] IOs:    204089143  IOPS:   493675  Throughput:  1928.4 MB/s  Total:  778.54 GB
[  413.6s] IOs:    204190049  IOPS:   493681  Throughput:  1928.4 MB/s  Total:  778.92 GB
[  413.8s] IOs:    204290464  IOPS:   493694  Throughput:  1928.5 MB/s  Total:  779.31 GB
[  414.0s] IOs:    204390896  IOPS:   493692  Throughput:  1928.5 MB/s  Total:  779.69 GB
[  414.2s] IOs:    204491156  IOPS:   493725  Throughput:  1928.6 MB/s  Total:  780.07 GB
[  414.5s] IOs:    204591632  IOPS:   493643  Throughput:  1928.3 MB/s  Total:  780.46 GB
[  414.7s] IOs:    204691820  IOPS:   493621  Throughput:  1928.2 MB/s  Total:  780.84 GB
[  414.8s] IOs:    204792805  IOPS:   493656  Throughput:  1928.3 MB/s  Total:  781.22 GB
[  415.1s] IOs:    204893507  IOPS:   493651  Throughput:  1928.3 MB/s  Total:  781.61 GB
[  415.3s] IOs:    204994350  IOPS:   493549  Throughput:  1927.9 MB/s  Total:  781.99 GB
[  415.5s] IOs:    205095184  IOPS:   493571  Throughput:  1928.0 MB/s  Total:  782.38 GB
[  415.7s] IOs:    205196000  IOPS:   493583  Throughput:  1928.1 MB/s  Total:  782.76 GB
[  415.9s] IOs:    205296793  IOPS:   493610  Throughput:  1928.2 MB/s  Total:  783.15 GB
[  416.1s] IOs:    205397411  IOPS:   493624  Throughput:  1928.2 MB/s  Total:  783.53 GB
[  416.3s] IOs:    205498031  IOPS:   493637  Throughput:  1928.3 MB/s  Total:  783.91 GB
[  416.5s] IOs:    205598089  IOPS:   493661  Throughput:  1928.4 MB/s  Total:  784.29 GB
[  416.7s] IOs:    205699101  IOPS:   493679  Throughput:  1928.4 MB/s  Total:  784.68 GB
[  416.8s] IOs:    205799832  IOPS:   493706  Throughput:  1928.5 MB/s  Total:  785.06 GB
[  417.1s] IOs:    205900835  IOPS:   493698  Throughput:  1928.5 MB/s  Total:  785.45 GB
[  417.2s] IOs:    206001610  IOPS:   493719  Throughput:  1928.6 MB/s  Total:  785.83 GB
[  417.5s] IOs:    206102426  IOPS:   493690  Throughput:  1928.5 MB/s  Total:  786.22 GB
[  417.6s] IOs:    206202843  IOPS:   493730  Throughput:  1928.6 MB/s  Total:  786.60 GB
[  417.8s] IOs:    206303681  IOPS:   493757  Throughput:  1928.7 MB/s  Total:  786.99 GB
[  418.2s] IOs:    206404244  IOPS:   493591  Throughput:  1928.1 MB/s  Total:  787.37 GB
[  418.3s] IOs:    206504864  IOPS:   493629  Throughput:  1928.2 MB/s  Total:  787.75 GB
[  418.5s] IOs:    206605395  IOPS:   493650  Throughput:  1928.3 MB/s  Total:  788.14 GB
[  418.7s] IOs:    206705952  IOPS:   493680  Throughput:  1928.4 MB/s  Total:  788.52 GB
[  419.0s] IOs:    206806430  IOPS:   493579  Throughput:  1928.0 MB/s  Total:  788.90 GB
[  419.2s] IOs:    206907050  IOPS:   493594  Throughput:  1928.1 MB/s  Total:  789.29 GB
[  419.4s] IOs:    207007499  IOPS:   493628  Throughput:  1928.2 MB/s  Total:  789.67 GB
[  419.6s] IOs:    207107884  IOPS:   493612  Throughput:  1928.2 MB/s  Total:  790.05 GB
[  419.8s] IOs:    207208854  IOPS:   493648  Throughput:  1928.3 MB/s  Total:  790.44 GB
[  419.9s] IOs:    207309797  IOPS:   493688  Throughput:  1928.5 MB/s  Total:  790.82 GB
[  420.1s] IOs:    207410126  IOPS:   493716  Throughput:  1928.6 MB/s  Total:  791.21 GB
[  420.4s] IOs:    207510212  IOPS:   493622  Throughput:  1928.2 MB/s  Total:  791.59 GB
[  420.6s] IOs:    207610914  IOPS:   493635  Throughput:  1928.3 MB/s  Total:  791.97 GB
[  420.8s] IOs:    207711037  IOPS:   493664  Throughput:  1928.4 MB/s  Total:  792.35 GB
[  421.1s] IOs:    207811339  IOPS:   493461  Throughput:  1927.6 MB/s  Total:  792.74 GB
[  421.3s] IOs:    207911656  IOPS:   493478  Throughput:  1927.6 MB/s  Total:  793.12 GB
[  421.5s] IOs:    208012528  IOPS:   493479  Throughput:  1927.7 MB/s  Total:  793.50 GB
[  421.7s] IOs:    208112963  IOPS:   493506  Throughput:  1927.8 MB/s  Total:  793.89 GB
[  422.0s] IOs:    208213394  IOPS:   493348  Throughput:  1927.1 MB/s  Total:  794.27 GB
[  422.3s] IOs:    208314306  IOPS:   493265  Throughput:  1926.8 MB/s  Total:  794.66 GB
[Reader] Parsed 34000000 lines, distributed 208365565 writes, unique 251.39 GB, skipped 0
[  422.5s] IOs:    208415243  IOPS:   493289  Throughput:  1926.9 MB/s  Total:  795.04 GB
[  422.7s] IOs:    208516117  IOPS:   493299  Throughput:  1927.0 MB/s  Total:  795.43 GB
[  422.9s] IOs:    208617021  IOPS:   493321  Throughput:  1927.0 MB/s  Total:  795.81 GB
[  423.1s] IOs:    208717983  IOPS:   493330  Throughput:  1927.1 MB/s  Total:  796.20 GB
[  423.3s] IOs:    208818915  IOPS:   493355  Throughput:  1927.2 MB/s  Total:  796.58 GB
[  423.5s] IOs:    208919877  IOPS:   493374  Throughput:  1927.2 MB/s  Total:  796.97 GB
[  423.6s] IOs:    209019885  IOPS:   493390  Throughput:  1927.3 MB/s  Total:  797.35 GB
[  423.8s] IOs:    209120732  IOPS:   493418  Throughput:  1927.4 MB/s  Total:  797.73 GB
[  424.0s] IOs:    209221178  IOPS:   493421  Throughput:  1927.4 MB/s  Total:  798.12 GB
[  424.2s] IOs:    209322095  IOPS:   493462  Throughput:  1927.6 MB/s  Total:  798.50 GB
[  424.4s] IOs:    209422729  IOPS:   493479  Throughput:  1927.7 MB/s  Total:  798.88 GB
[  424.6s] IOs:    209523271  IOPS:   493487  Throughput:  1927.7 MB/s  Total:  799.27 GB
[  424.8s] IOs:    209623831  IOPS:   493459  Throughput:  1927.6 MB/s  Total:  799.65 GB
[  425.0s] IOs:    209724438  IOPS:   493467  Throughput:  1927.6 MB/s  Total:  800.04 GB
[  425.2s] IOs:    209824965  IOPS:   493496  Throughput:  1927.7 MB/s  Total:  800.42 GB
[  425.4s] IOs:    209925574  IOPS:   493505  Throughput:  1927.8 MB/s  Total:  800.80 GB
[  425.7s] IOs:    210025791  IOPS:   493395  Throughput:  1927.3 MB/s  Total:  801.18 GB
[  425.9s] IOs:    210125848  IOPS:   493422  Throughput:  1927.4 MB/s  Total:  801.57 GB
[  426.0s] IOs:    210226762  IOPS:   493438  Throughput:  1927.5 MB/s  Total:  801.95 GB
[  426.2s] IOs:    210326811  IOPS:   493462  Throughput:  1927.6 MB/s  Total:  802.33 GB
[  426.4s] IOs:    210427596  IOPS:   493480  Throughput:  1927.7 MB/s  Total:  802.72 GB
[  426.6s] IOs:    210528534  IOPS:   493508  Throughput:  1927.8 MB/s  Total:  803.10 GB
[  426.8s] IOs:    210629429  IOPS:   493526  Throughput:  1927.8 MB/s  Total:  803.49 GB
[  427.0s] IOs:    210730288  IOPS:   493546  Throughput:  1927.9 MB/s  Total:  803.87 GB
[  427.2s] IOs:    210830574  IOPS:   493552  Throughput:  1927.9 MB/s  Total:  804.25 GB
[  427.4s] IOs:    210931247  IOPS:   493545  Throughput:  1927.9 MB/s  Total:  804.64 GB
[  427.6s] IOs:    211032108  IOPS:   493564  Throughput:  1928.0 MB/s  Total:  805.02 GB
[  427.7s] IOs:    211132681  IOPS:   493604  Throughput:  1928.1 MB/s  Total:  805.41 GB
[  428.0s] IOs:    211233657  IOPS:   493523  Throughput:  1927.8 MB/s  Total:  805.79 GB
[  428.2s] IOs:    211334044  IOPS:   493548  Throughput:  1927.9 MB/s  Total:  806.18 GB
[  428.4s] IOs:    211434606  IOPS:   493587  Throughput:  1928.1 MB/s  Total:  806.56 GB
[  428.7s] IOs:    211534861  IOPS:   493377  Throughput:  1927.3 MB/s  Total:  806.94 GB
[  428.9s] IOs:    211635188  IOPS:   493404  Throughput:  1927.4 MB/s  Total:  807.32 GB
[  429.1s] IOs:    211735190  IOPS:   493444  Throughput:  1927.5 MB/s  Total:  807.71 GB
[  429.3s] IOs:    211836227  IOPS:   493466  Throughput:  1927.6 MB/s  Total:  808.09 GB
[  429.6s] IOs:    211936671  IOPS:   493331  Throughput:  1927.1 MB/s  Total:  808.47 GB
[  429.8s] IOs:    212037231  IOPS:   493325  Throughput:  1927.0 MB/s  Total:  808.86 GB
[  430.0s] IOs:    212137572  IOPS:   493313  Throughput:  1927.0 MB/s  Total:  809.24 GB
[  430.2s] IOs:    212237915  IOPS:   493353  Throughput:  1927.2 MB/s  Total:  809.62 GB
[  430.5s] IOs:    212338329  IOPS:   493282  Throughput:  1926.9 MB/s  Total:  810.01 GB
[  430.7s] IOs:    212439101  IOPS:   493296  Throughput:  1926.9 MB/s  Total:  810.39 GB
[  430.8s] IOs:    212539495  IOPS:   493338  Throughput:  1927.1 MB/s  Total:  810.77 GB
[  431.1s] IOs:    212639629  IOPS:   493221  Throughput:  1926.6 MB/s  Total:  811.16 GB
[  431.3s] IOs:    212740374  IOPS:   493251  Throughput:  1926.8 MB/s  Total:  811.54 GB
[  431.5s] IOs:    212841020  IOPS:   493207  Throughput:  1926.6 MB/s  Total:  811.92 GB
[  431.8s] IOs:    212941270  IOPS:   493095  Throughput:  1926.2 MB/s  Total:  812.31 GB
[  432.1s] IOs:    213041850  IOPS:   493095  Throughput:  1926.2 MB/s  Total:  812.69 GB
[Reader] Parsed 35000000 lines, distributed 213065415 writes, unique 253.55 GB, skipped 0
[  432.2s] IOs:    213142109  IOPS:   493103  Throughput:  1926.2 MB/s  Total:  813.07 GB
[  432.6s] IOs:    213242408  IOPS:   492979  Throughput:  1925.7 MB/s  Total:  813.46 GB
[  432.7s] IOs:    213342494  IOPS:   493011  Throughput:  1925.8 MB/s  Total:  813.84 GB
[  433.1s] IOs:    213442631  IOPS:   492870  Throughput:  1925.3 MB/s  Total:  814.22 GB
[  433.2s] IOs:    213542935  IOPS:   492911  Throughput:  1925.4 MB/s  Total:  814.60 GB
[  433.5s] IOs:    213643727  IOPS:   492810  Throughput:  1925.0 MB/s  Total:  814.99 GB
[  433.7s] IOs:    213744580  IOPS:   492819  Throughput:  1925.1 MB/s  Total:  815.37 GB
[  433.9s] IOs:    213845375  IOPS:   492842  Throughput:  1925.2 MB/s  Total:  815.76 GB
[  434.1s] IOs:    213946191  IOPS:   492852  Throughput:  1925.2 MB/s  Total:  816.14 GB
[  434.3s] IOs:    214046670  IOPS:   492889  Throughput:  1925.3 MB/s  Total:  816.52 GB
[  434.4s] IOs:    214147085  IOPS:   492929  Throughput:  1925.5 MB/s  Total:  816.91 GB
[  434.6s] IOs:    214247639  IOPS:   492954  Throughput:  1925.6 MB/s  Total:  817.29 GB
[  434.8s] IOs:    214347689  IOPS:   492940  Throughput:  1925.5 MB/s  Total:  817.67 GB
[  435.0s] IOs:    214447923  IOPS:   492971  Throughput:  1925.7 MB/s  Total:  818.05 GB
[  435.2s] IOs:    214548258  IOPS:   492998  Throughput:  1925.8 MB/s  Total:  818.44 GB
[  435.4s] IOs:    214648705  IOPS:   493024  Throughput:  1925.9 MB/s  Total:  818.82 GB
[  435.6s] IOs:    214749278  IOPS:   493053  Throughput:  1926.0 MB/s  Total:  819.20 GB
[  435.7s] IOs:    214849688  IOPS:   493080  Throughput:  1926.1 MB/s  Total:  819.59 GB
[  435.9s] IOs:    214949954  IOPS:   493113  Throughput:  1926.2 MB/s  Total:  819.97 GB
[  436.1s] IOs:    215049975  IOPS:   493123  Throughput:  1926.3 MB/s  Total:  820.35 GB
[  436.3s] IOs:    215150615  IOPS:   493160  Throughput:  1926.4 MB/s  Total:  820.73 GB
[  436.4s] IOs:    215250935  IOPS:   493197  Throughput:  1926.6 MB/s  Total:  821.12 GB
[  436.7s] IOs:    215351530  IOPS:   493097  Throughput:  1926.2 MB/s  Total:  821.50 GB
[  437.0s] IOs:    215451970  IOPS:   493066  Throughput:  1926.0 MB/s  Total:  821.88 GB
[  437.2s] IOs:    215552282  IOPS:   493084  Throughput:  1926.1 MB/s  Total:  822.27 GB
[  437.3s] IOs:    215652492  IOPS:   493124  Throughput:  1926.3 MB/s  Total:  822.65 GB
[  437.7s] IOs:    215752860  IOPS:   492947  Throughput:  1925.6 MB/s  Total:  823.03 GB
[  437.8s] IOs:    215852989  IOPS:   492985  Throughput:  1925.7 MB/s  Total:  823.41 GB
[  438.1s] IOs:    215952994  IOPS:   492875  Throughput:  1925.3 MB/s  Total:  823.80 GB
[  438.3s] IOs:    216053662  IOPS:   492912  Throughput:  1925.4 MB/s  Total:  824.18 GB
[  438.6s] IOs:    216154239  IOPS:   492780  Throughput:  1924.9 MB/s  Total:  824.56 GB
[  438.9s] IOs:    216254330  IOPS:   492684  Throughput:  1924.5 MB/s  Total:  824.94 GB
[  439.1s] IOs:    216355214  IOPS:   492697  Throughput:  1924.6 MB/s  Total:  825.33 GB
[  439.3s] IOs:    216456040  IOPS:   492710  Throughput:  1924.6 MB/s  Total:  825.71 GB
[  439.5s] IOs:    216556804  IOPS:   492719  Throughput:  1924.7 MB/s  Total:  826.10 GB
[  439.8s] IOs:    216657666  IOPS:   492648  Throughput:  1924.4 MB/s  Total:  826.48 GB
[  440.0s] IOs:    216757770  IOPS:   492668  Throughput:  1924.5 MB/s  Total:  826.87 GB
[  440.2s] IOs:    216858772  IOPS:   492679  Throughput:  1924.5 MB/s  Total:  827.25 GB
[  440.4s] IOs:    216959373  IOPS:   492696  Throughput:  1924.6 MB/s  Total:  827.63 GB
[  440.6s] IOs:    217060036  IOPS:   492684  Throughput:  1924.5 MB/s  Total:  828.02 GB
[  440.7s] IOs:    217160415  IOPS:   492711  Throughput:  1924.7 MB/s  Total:  828.40 GB
[  440.9s] IOs:    217260895  IOPS:   492752  Throughput:  1924.8 MB/s  Total:  828.78 GB
[  441.1s] IOs:    217361008  IOPS:   492784  Throughput:  1924.9 MB/s  Total:  829.17 GB
[  441.3s] IOs:    217461019  IOPS:   492814  Throughput:  1925.1 MB/s  Total:  829.55 GB
[  441.5s] IOs:    217561428  IOPS:   492790  Throughput:  1925.0 MB/s  Total:  829.93 GB
[  441.8s] IOs:    217662156  IOPS:   492686  Throughput:  1924.6 MB/s  Total:  830.32 GB
[Reader] Parsed 36000000 lines, distributed 217708430 writes, unique 255.58 GB, skipped 0
[  442.0s] IOs:    217762966  IOPS:   492728  Throughput:  1924.7 MB/s  Total:  830.70 GB
[  442.2s] IOs:    217863399  IOPS:   492726  Throughput:  1924.7 MB/s  Total:  831.08 GB
[  442.3s] IOs:    217963800  IOPS:   492762  Throughput:  1924.9 MB/s  Total:  831.47 GB
[  442.6s] IOs:    218064040  IOPS:   492707  Throughput:  1924.6 MB/s  Total:  831.85 GB
[  442.7s] IOs:    218164682  IOPS:   492750  Throughput:  1924.8 MB/s  Total:  832.23 GB
[  443.0s] IOs:    218265303  IOPS:   492684  Throughput:  1924.5 MB/s  Total:  832.62 GB
[  443.2s] IOs:    218365991  IOPS:   492664  Throughput:  1924.5 MB/s  Total:  833.00 GB
[  443.4s] IOs:    218466346  IOPS:   492705  Throughput:  1924.6 MB/s  Total:  833.38 GB
[  443.7s] IOs:    218566437  IOPS:   492609  Throughput:  1924.3 MB/s  Total:  833.76 GB
[  443.9s] IOs:    218666834  IOPS:   492607  Throughput:  1924.2 MB/s  Total:  834.15 GB
[  444.1s] IOs:    218767099  IOPS:   492644  Throughput:  1924.4 MB/s  Total:  834.53 GB
[  444.2s] IOs:    218867705  IOPS:   492682  Throughput:  1924.5 MB/s  Total:  834.91 GB
[  444.6s] IOs:    218967928  IOPS:   492509  Throughput:  1923.9 MB/s  Total:  835.30 GB
[  444.8s] IOs:    219068192  IOPS:   492545  Throughput:  1924.0 MB/s  Total:  835.68 GB
[  445.0s] IOs:    219168346  IOPS:   492472  Throughput:  1923.7 MB/s  Total:  836.06 GB
[  445.2s] IOs:    219268969  IOPS:   492506  Throughput:  1923.9 MB/s  Total:  836.44 GB
[  445.5s] IOs:    219369109  IOPS:   492420  Throughput:  1923.5 MB/s  Total:  836.83 GB
[  445.7s] IOs:    219469486  IOPS:   492445  Throughput:  1923.6 MB/s  Total:  837.21 GB
[  445.8s] IOs:    219569943  IOPS:   492479  Throughput:  1923.7 MB/s  Total:  837.59 GB
[  446.1s] IOs:    219670933  IOPS:   492371  Throughput:  1923.3 MB/s  Total:  837.98 GB
[  446.3s] IOs:    219771869  IOPS:   492413  Throughput:  1923.5 MB/s  Total:  838.36 GB
[  446.6s] IOs:    219872086  IOPS:   492353  Throughput:  1923.3 MB/s  Total:  838.75 GB
[  446.7s] IOs:    219972624  IOPS:   492390  Throughput:  1923.4 MB/s  Total:  839.13 GB
[  447.0s] IOs:    220073272  IOPS:   492335  Throughput:  1923.2 MB/s  Total:  839.51 GB
[  447.2s] IOs:    220173541  IOPS:   492371  Throughput:  1923.3 MB/s  Total:  839.90 GB
[  447.4s] IOs:    220273868  IOPS:   492391  Throughput:  1923.4 MB/s  Total:  840.28 GB
[  447.6s] IOs:    220374432  IOPS:   492373  Throughput:  1923.3 MB/s  Total:  840.66 GB
[  447.8s] IOs:    220474965  IOPS:   492406  Throughput:  1923.5 MB/s  Total:  841.05 GB
[  448.0s] IOs:    220575286  IOPS:   492355  Throughput:  1923.3 MB/s  Total:  841.43 GB
[  448.2s] IOs:    220675742  IOPS:   492387  Throughput:  1923.4 MB/s  Total:  841.81 GB
[  448.3s] IOs:    220775906  IOPS:   492422  Throughput:  1923.5 MB/s  Total:  842.19 GB
[  448.6s] IOs:    220876314  IOPS:   492399  Throughput:  1923.4 MB/s  Total:  842.58 GB
[  448.9s] IOs:    220976792  IOPS:   492289  Throughput:  1923.0 MB/s  Total:  842.96 GB
[  449.1s] IOs:    221076948  IOPS:   492299  Throughput:  1923.0 MB/s  Total:  843.34 GB
[  449.3s] IOs:    221177254  IOPS:   492309  Throughput:  1923.1 MB/s  Total:  843.72 GB
[  449.5s] IOs:    221278055  IOPS:   492231  Throughput:  1922.8 MB/s  Total:  844.11 GB
[  449.8s] IOs:    221378488  IOPS:   492215  Throughput:  1922.7 MB/s  Total:  844.49 GB
[  450.0s] IOs:    221478751  IOPS:   492176  Throughput:  1922.6 MB/s  Total:  844.87 GB
[  450.2s] IOs:    221579322  IOPS:   492186  Throughput:  1922.6 MB/s  Total:  845.26 GB
[  450.4s] IOs:    221679663  IOPS:   492212  Throughput:  1922.7 MB/s  Total:  845.64 GB
[  450.7s] IOs:    221779743  IOPS:   492113  Throughput:  1922.3 MB/s  Total:  846.02 GB
[  450.8s] IOs:    221880382  IOPS:   492150  Throughput:  1922.5 MB/s  Total:  846.41 GB
[  451.1s] IOs:    221980719  IOPS:   492051  Throughput:  1922.1 MB/s  Total:  846.79 GB
[  451.3s] IOs:    222080844  IOPS:   492070  Throughput:  1922.1 MB/s  Total:  847.17 GB
[  451.6s] IOs:    222181846  IOPS:   491962  Throughput:  1921.7 MB/s  Total:  847.56 GB
[Reader] Parsed 37000000 lines, distributed 222280904 writes, unique 258.42 GB, skipped 0
[  451.8s] IOs:    222282045  IOPS:   491997  Throughput:  1921.9 MB/s  Total:  847.94 GB
[  452.0s] IOs:    222382429  IOPS:   491957  Throughput:  1921.7 MB/s  Total:  848.32 GB
[  452.2s] IOs:    222483047  IOPS:   491995  Throughput:  1921.9 MB/s  Total:  848.71 GB
[  452.5s] IOs:    222583452  IOPS:   491929  Throughput:  1921.6 MB/s  Total:  849.09 GB
[  452.7s] IOs:    222684443  IOPS:   491938  Throughput:  1921.6 MB/s  Total:  849.47 GB
[  452.9s] IOs:    222785213  IOPS:   491957  Throughput:  1921.7 MB/s  Total:  849.86 GB
[  453.0s] IOs:    222885391  IOPS:   491968  Throughput:  1921.7 MB/s  Total:  850.24 GB
[  453.2s] IOs:    222985393  IOPS:   491982  Throughput:  1921.8 MB/s  Total:  850.62 GB
[  453.4s] IOs:    223085554  IOPS:   492002  Throughput:  1921.9 MB/s  Total:  851.00 GB
[  453.6s] IOs:    223186137  IOPS:   492025  Throughput:  1922.0 MB/s  Total:  851.39 GB
[  453.8s] IOs:    223286919  IOPS:   492045  Throughput:  1922.0 MB/s  Total:  851.77 GB
[  454.0s] IOs:    223387619  IOPS:   492047  Throughput:  1922.1 MB/s  Total:  852.16 GB
[  454.2s] IOs:    223488200  IOPS:   492051  Throughput:  1922.1 MB/s  Total:  852.54 GB
[  454.4s] IOs:    223588562  IOPS:   492060  Throughput:  1922.1 MB/s  Total:  852.92 GB
[  454.6s] IOs:    223688805  IOPS:   492070  Throughput:  1922.2 MB/s  Total:  853.31 GB
[  454.8s] IOs:    223789623  IOPS:   492101  Throughput:  1922.3 MB/s  Total:  853.69 GB
[  455.0s] IOs:    223890107  IOPS:   492111  Throughput:  1922.3 MB/s  Total:  854.07 GB
[  455.2s] IOs:    223990467  IOPS:   492110  Throughput:  1922.3 MB/s  Total:  854.46 GB
[  455.3s] IOs:    224091060  IOPS:   492133  Throughput:  1922.4 MB/s  Total:  854.84 GB
[  455.5s] IOs:    224191359  IOPS:   492161  Throughput:  1922.5 MB/s  Total:  855.22 GB
[  455.7s] IOs:    224291728  IOPS:   492175  Throughput:  1922.6 MB/s  Total:  855.61 GB
[  455.9s] IOs:    224392156  IOPS:   492196  Throughput:  1922.6 MB/s  Total:  855.99 GB
[  456.1s] IOs:    224492687  IOPS:   492227  Throughput:  1922.8 MB/s  Total:  856.37 GB
[  456.3s] IOs:    224593277  IOPS:   492255  Throughput:  1922.9 MB/s  Total:  856.76 GB
[  456.5s] IOs:    224693728  IOPS:   492260  Throughput:  1922.9 MB/s  Total:  857.14 GB
[  456.8s] IOs:    224794710  IOPS:   492110  Throughput:  1922.3 MB/s  Total:  857.52 GB
[  457.0s] IOs:    224894801  IOPS:   492113  Throughput:  1922.3 MB/s  Total:  857.91 GB
[  457.2s] IOs:    224995221  IOPS:   492149  Throughput:  1922.5 MB/s  Total:  858.29 GB
[  457.6s] IOs:    225095998  IOPS:   491937  Throughput:  1921.6 MB/s  Total:  858.67 GB
[  457.8s] IOs:    225196448  IOPS:   491929  Throughput:  1921.6 MB/s  Total:  859.06 GB
[  458.1s] IOs:    225296491  IOPS:   491776  Throughput:  1921.0 MB/s  Total:  859.44 GB
[  458.3s] IOs:    225397394  IOPS:   491803  Throughput:  1921.1 MB/s  Total:  859.82 GB
[  458.6s] IOs:    225497838  IOPS:   491692  Throughput:  1920.7 MB/s  Total:  860.21 GB
[  458.8s] IOs:    225598199  IOPS:   491716  Throughput:  1920.8 MB/s  Total:  860.59 GB
[  459.2s] IOs:    225698256  IOPS:   491535  Throughput:  1920.1 MB/s  Total:  860.97 GB
[  459.3s] IOs:    225798813  IOPS:   491562  Throughput:  1920.2 MB/s  Total:  861.35 GB
[  459.7s] IOs:    225898938  IOPS:   491413  Throughput:  1919.6 MB/s  Total:  861.74 GB
[  459.9s] IOs:    225998938  IOPS:   491438  Throughput:  1919.7 MB/s  Total:  862.12 GB
[  460.1s] IOs:    226099178  IOPS:   491394  Throughput:  1919.5 MB/s  Total:  862.50 GB
[  460.3s] IOs:    226199347  IOPS:   491433  Throughput:  1919.7 MB/s  Total:  862.88 GB
[  460.6s] IOs:    226300087  IOPS:   491302  Throughput:  1919.1 MB/s  Total:  863.27 GB
[  460.8s] IOs:    226400875  IOPS:   491315  Throughput:  1919.2 MB/s  Total:  863.65 GB
[  461.1s] IOs:    226501559  IOPS:   491244  Throughput:  1918.9 MB/s  Total:  864.03 GB
[  461.3s] IOs:    226602041  IOPS:   491269  Throughput:  1919.0 MB/s  Total:  864.42 GB
[  461.5s] IOs:    226702318  IOPS:   491207  Throughput:  1918.8 MB/s  Total:  864.80 GB
[  461.8s] IOs:    226802571  IOPS:   491128  Throughput:  1918.5 MB/s  Total:  865.18 GB
[  462.0s] IOs:    226902670  IOPS:   491151  Throughput:  1918.6 MB/s  Total:  865.56 GB
[Reader] Parsed 38000000 lines, distributed 227002198 writes, unique 261.81 GB, skipped 0
[  462.2s] IOs:    227002925  IOPS:   491147  Throughput:  1918.5 MB/s  Total:  865.95 GB
[  462.4s] IOs:    227103373  IOPS:   491180  Throughput:  1918.7 MB/s  Total:  866.33 GB
[  462.6s] IOs:    227203923  IOPS:   491117  Throughput:  1918.4 MB/s  Total:  866.71 GB
[  462.8s] IOs:    227304137  IOPS:   491134  Throughput:  1918.5 MB/s  Total:  867.10 GB
[  463.0s] IOs:    227404360  IOPS:   491108  Throughput:  1918.4 MB/s  Total:  867.48 GB
[  463.3s] IOs:    227505369  IOPS:   491034  Throughput:  1918.1 MB/s  Total:  867.86 GB
[  463.5s] IOs:    227606406  IOPS:   491032  Throughput:  1918.1 MB/s  Total:  868.25 GB
[  463.7s] IOs:    227707315  IOPS:   491056  Throughput:  1918.2 MB/s  Total:  868.63 GB
[  463.9s] IOs:    227808299  IOPS:   491079  Throughput:  1918.3 MB/s  Total:  869.02 GB
[  464.1s] IOs:    227909087  IOPS:   491044  Throughput:  1918.1 MB/s  Total:  869.40 GB
[  464.3s] IOs:    228009728  IOPS:   491043  Throughput:  1918.1 MB/s  Total:  869.79 GB
[  464.5s] IOs:    228110292  IOPS:   491056  Throughput:  1918.2 MB/s  Total:  870.17 GB
[  464.7s] IOs:    228210664  IOPS:   491088  Throughput:  1918.3 MB/s  Total:  870.55 GB
[  464.9s] IOs:    228311266  IOPS:   491108  Throughput:  1918.4 MB/s  Total:  870.94 GB
[  465.2s] IOs:    228411949  IOPS:   491034  Throughput:  1918.1 MB/s  Total:  871.32 GB
[  465.3s] IOs:    228512370  IOPS:   491063  Throughput:  1918.2 MB/s  Total:  871.71 GB
[  465.6s] IOs:    228613333  IOPS:   491026  Throughput:  1918.1 MB/s  Total:  872.09 GB
[  465.9s] IOs:    228713954  IOPS:   490926  Throughput:  1917.7 MB/s  Total:  872.47 GB
[  466.1s] IOs:    228814716  IOPS:   490943  Throughput:  1917.7 MB/s  Total:  872.86 GB
[  466.3s] IOs:    228915551  IOPS:   490962  Throughput:  1917.8 MB/s  Total:  873.24 GB
[  466.4s] IOs:    229016306  IOPS:   490981  Throughput:  1917.9 MB/s  Total:  873.63 GB
[  466.6s] IOs:    229117018  IOPS:   490991  Throughput:  1917.9 MB/s  Total:  874.01 GB
[  466.9s] IOs:    229217957  IOPS:   490979  Throughput:  1917.9 MB/s  Total:  874.40 GB
[  467.0s] IOs:    229318015  IOPS:   490996  Throughput:  1918.0 MB/s  Total:  874.78 GB
[  467.2s] IOs:    229418989  IOPS:   491022  Throughput:  1918.1 MB/s  Total:  875.16 GB
[  467.4s] IOs:    229519678  IOPS:   491033  Throughput:  1918.1 MB/s  Total:  875.55 GB
[  467.6s] IOs:    229620322  IOPS:   491051  Throughput:  1918.2 MB/s  Total:  875.93 GB
[  467.8s] IOs:    229721069  IOPS:   491066  Throughput:  1918.2 MB/s  Total:  876.32 GB
[  468.0s] IOs:    229821594  IOPS:   491089  Throughput:  1918.3 MB/s  Total:  876.70 GB
[  468.2s] IOs:    229922149  IOPS:   491087  Throughput:  1918.3 MB/s  Total:  877.08 GB
[  468.4s] IOs:    230023032  IOPS:   491115  Throughput:  1918.4 MB/s  Total:  877.47 GB
[  468.6s] IOs:    230123127  IOPS:   491129  Throughput:  1918.5 MB/s  Total:  877.85 GB
[  468.8s] IOs:    230223518  IOPS:   491062  Throughput:  1918.2 MB/s  Total:  878.23 GB
[  469.0s] IOs:    230323684  IOPS:   491073  Throughput:  1918.3 MB/s  Total:  878.62 GB
[  469.2s] IOs:    230424323  IOPS:   491091  Throughput:  1918.3 MB/s  Total:  879.00 GB
[  469.4s] IOs:    230525145  IOPS:   491082  Throughput:  1918.3 MB/s  Total:  879.38 GB
[  469.6s] IOs:    230626039  IOPS:   491094  Throughput:  1918.3 MB/s  Total:  879.77 GB
[  469.8s] IOs:    230726054  IOPS:   491121  Throughput:  1918.4 MB/s  Total:  880.15 GB
[  470.0s] IOs:    230826923  IOPS:   491130  Throughput:  1918.5 MB/s  Total:  880.53 GB
[  470.2s] IOs:    230926964  IOPS:   491150  Throughput:  1918.6 MB/s  Total:  880.92 GB
[  470.4s] IOs:    231027770  IOPS:   491156  Throughput:  1918.6 MB/s  Total:  881.30 GB
[  470.6s] IOs:    231127852  IOPS:   491179  Throughput:  1918.7 MB/s  Total:  881.68 GB
[  470.8s] IOs:    231228908  IOPS:   491154  Throughput:  1918.6 MB/s  Total:  882.07 GB
[  471.0s] IOs:    231329463  IOPS:   491189  Throughput:  1918.7 MB/s  Total:  882.45 GB
[  471.1s] IOs:    231430007  IOPS:   491219  Throughput:  1918.8 MB/s  Total:  882.84 GB
[  471.3s] IOs:    231530392  IOPS:   491256  Throughput:  1919.0 MB/s  Total:  883.22 GB
[  471.6s] IOs:    231630585  IOPS:   491152  Throughput:  1918.6 MB/s  Total:  883.60 GB
[Reader] Parsed 39000000 lines, distributed 231697726 writes, unique 264.44 GB, skipped 0
[  471.8s] IOs:    231730719  IOPS:   491173  Throughput:  1918.6 MB/s  Total:  883.98 GB
[  472.0s] IOs:    231831471  IOPS:   491175  Throughput:  1918.7 MB/s  Total:  884.37 GB
[  472.2s] IOs:    231932201  IOPS:   491217  Throughput:  1918.8 MB/s  Total:  884.75 GB
[  472.3s] IOs:    232032630  IOPS:   491256  Throughput:  1919.0 MB/s  Total:  885.13 GB
[  472.6s] IOs:    232133029  IOPS:   491194  Throughput:  1918.7 MB/s  Total:  885.52 GB
[  472.8s] IOs:    232233202  IOPS:   491229  Throughput:  1918.9 MB/s  Total:  885.90 GB
[  473.1s] IOs:    232333406  IOPS:   491139  Throughput:  1918.5 MB/s  Total:  886.28 GB
[  473.2s] IOs:    232433679  IOPS:   491179  Throughput:  1918.7 MB/s  Total:  886.66 GB
[  473.4s] IOs:    232534225  IOPS:   491205  Throughput:  1918.8 MB/s  Total:  887.05 GB
[  473.7s] IOs:    232634649  IOPS:   491133  Throughput:  1918.5 MB/s  Total:  887.43 GB
[  473.8s] IOs:    232735085  IOPS:   491168  Throughput:  1918.6 MB/s  Total:  887.81 GB
[  474.1s] IOs:    232835529  IOPS:   491061  Throughput:  1918.2 MB/s  Total:  888.20 GB
[  474.4s] IOs:    232936394  IOPS:   491062  Throughput:  1918.2 MB/s  Total:  888.58 GB
[  474.6s] IOs:    233036861  IOPS:   491067  Throughput:  1918.2 MB/s  Total:  888.97 GB
[  474.7s] IOs:    233137283  IOPS:   491103  Throughput:  1918.4 MB/s  Total:  889.35 GB
[  474.9s] IOs:    233237425  IOPS:   491133  Throughput:  1918.5 MB/s  Total:  889.73 GB
[  475.2s] IOs:    233337669  IOPS:   491081  Throughput:  1918.3 MB/s  Total:  890.11 GB
[  475.3s] IOs:    233437993  IOPS:   491101  Throughput:  1918.4 MB/s  Total:  890.50 GB
[  475.6s] IOs:    233538223  IOPS:   491075  Throughput:  1918.3 MB/s  Total:  890.88 GB
[  475.9s] IOs:    233638953  IOPS:   490973  Throughput:  1917.9 MB/s  Total:  891.26 GB
[  476.1s] IOs:    233739093  IOPS:   490995  Throughput:  1917.9 MB/s  Total:  891.64 GB
[  476.2s] IOs:    233839143  IOPS:   491011  Throughput:  1918.0 MB/s  Total:  892.03 GB
[  476.4s] IOs:    233939688  IOPS:   491038  Throughput:  1918.1 MB/s  Total:  892.41 GB
[  476.8s] IOs:    234040265  IOPS:   490882  Throughput:  1917.5 MB/s  Total:  892.79 GB
[  476.9s] IOs:    234140343  IOPS:   490912  Throughput:  1917.6 MB/s  Total:  893.17 GB
[  477.1s] IOs:    234240347  IOPS:   490930  Throughput:  1917.7 MB/s  Total:  893.56 GB
[  477.5s] IOs:    234341205  IOPS:   490786  Throughput:  1917.1 MB/s  Total:  893.94 GB
[  477.7s] IOs:    234441529  IOPS:   490805  Throughput:  1917.2 MB/s  Total:  894.32 GB
[  477.9s] IOs:    234541959  IOPS:   490826  Throughput:  1917.3 MB/s  Total:  894.71 GB
[  478.2s] IOs:    234642230  IOPS:   490688  Throughput:  1916.8 MB/s  Total:  895.09 GB
[  478.4s] IOs:    234742737  IOPS:   490713  Throughput:  1916.8 MB/s  Total:  895.47 GB
[  478.7s] IOs:    234843190  IOPS:   490596  Throughput:  1916.4 MB/s  Total:  895.86 GB
[  478.9s] IOs:    234943846  IOPS:   490622  Throughput:  1916.5 MB/s  Total:  896.24 GB
[  479.2s] IOs:    235044431  IOPS:   490449  Throughput:  1915.8 MB/s  Total:  896.62 GB
[  479.4s] IOs:    235145182  IOPS:   490489  Throughput:  1916.0 MB/s  Total:  897.01 GB
[  479.7s] IOs:    235245774  IOPS:   490443  Throughput:  1915.8 MB/s  Total:  897.39 GB
[  479.9s] IOs:    235346667  IOPS:   490459  Throughput:  1915.9 MB/s  Total:  897.78 GB
[  480.1s] IOs:    235447584  IOPS:   490382  Throughput:  1915.6 MB/s  Total:  898.16 GB
[  480.3s] IOs:    235548422  IOPS:   490397  Throughput:  1915.6 MB/s  Total:  898.55 GB
[  480.5s] IOs:    235649249  IOPS:   490418  Throughput:  1915.7 MB/s  Total:  898.93 GB
[  480.7s] IOs:    235750063  IOPS:   490433  Throughput:  1915.8 MB/s  Total:  899.32 GB
[  480.9s] IOs:    235850673  IOPS:   490420  Throughput:  1915.7 MB/s  Total:  899.70 GB
[  481.1s] IOs:    235951312  IOPS:   490425  Throughput:  1915.7 MB/s  Total:  900.08 GB
[  481.3s] IOs:    236051378  IOPS:   490450  Throughput:  1915.8 MB/s  Total:  900.46 GB
[  481.5s] IOs:    236152144  IOPS:   490486  Throughput:  1916.0 MB/s  Total:  900.85 GB
[  481.7s] IOs:    236252472  IOPS:   490477  Throughput:  1915.9 MB/s  Total:  901.23 GB
[  481.9s] IOs:    236353337  IOPS:   490474  Throughput:  1915.9 MB/s  Total:  901.62 GB
[  482.1s] IOs:    236453927  IOPS:   490448  Throughput:  1915.8 MB/s  Total:  902.00 GB
[Reader] Parsed 40000000 lines, distributed 236518928 writes, unique 268.02 GB, skipped 0
[  482.3s] IOs:    236554689  IOPS:   490479  Throughput:  1915.9 MB/s  Total:  902.38 GB
[  482.5s] IOs:    236655391  IOPS:   490506  Throughput:  1916.0 MB/s  Total:  902.77 GB
[  482.7s] IOs:    236755696  IOPS:   490515  Throughput:  1916.1 MB/s  Total:  903.15 GB
[  482.8s] IOs:    236855791  IOPS:   490544  Throughput:  1916.2 MB/s  Total:  903.53 GB
[  483.0s] IOs:    236956216  IOPS:   490544  Throughput:  1916.2 MB/s  Total:  903.92 GB
[  483.3s] IOs:    237056674  IOPS:   490471  Throughput:  1915.9 MB/s  Total:  904.30 GB
[  483.5s] IOs:    237157590  IOPS:   490480  Throughput:  1915.9 MB/s  Total:  904.68 GB
[  483.7s] IOs:    237258536  IOPS:   490495  Throughput:  1916.0 MB/s  Total:  905.07 GB
[  483.9s] IOs:    237358913  IOPS:   490512  Throughput:  1916.1 MB/s  Total:  905.45 GB
[  484.1s] IOs:    237459527  IOPS:   490527  Throughput:  1916.1 MB/s  Total:  905.84 GB
[  484.3s] IOs:    237560072  IOPS:   490475  Throughput:  1915.9 MB/s  Total:  906.22 GB
[  484.5s] IOs:    237660563  IOPS:   490501  Throughput:  1916.0 MB/s  Total:  906.60 GB
[  484.7s] IOs:    237760731  IOPS:   490530  Throughput:  1916.1 MB/s  Total:  906.99 GB
[  484.9s] IOs:    237861552  IOPS:   490549  Throughput:  1916.2 MB/s  Total:  907.37 GB
[  485.2s] IOs:    237961634  IOPS:   490451  Throughput:  1915.8 MB/s  Total:  907.75 GB
[  485.5s] IOs:    238061833  IOPS:   490368  Throughput:  1915.5 MB/s  Total:  908.13 GB
[  485.7s] IOs:    238161959  IOPS:   490378  Throughput:  1915.5 MB/s  Total:  908.52 GB
[  485.8s] IOs:    238262372  IOPS:   490408  Throughput:  1915.7 MB/s  Total:  908.90 GB
[  486.1s] IOs:    238362403  IOPS:   490328  Throughput:  1915.3 MB/s  Total:  909.28 GB
[  486.3s] IOs:    238463361  IOPS:   490348  Throughput:  1915.4 MB/s  Total:  909.67 GB
[  486.6s] IOs:    238564393  IOPS:   490292  Throughput:  1915.2 MB/s  Total:  910.05 GB
[  486.9s] IOs:    238665155  IOPS:   490183  Throughput:  1914.8 MB/s  Total:  910.44 GB
[  487.1s] IOs:    238766093  IOPS:   490204  Throughput:  1914.9 MB/s  Total:  910.82 GB
[  487.3s] IOs:    238866728  IOPS:   490216  Throughput:  1914.9 MB/s  Total:  911.20 GB
[  487.5s] IOs:    238967364  IOPS:   490236  Throughput:  1915.0 MB/s  Total:  911.59 GB
[  487.6s] IOs:    239068056  IOPS:   490256  Throughput:  1915.1 MB/s  Total:  911.97 GB
[  487.8s] IOs:    239168293  IOPS:   490274  Throughput:  1915.1 MB/s  Total:  912.35 GB
[  488.0s] IOs:    239268633  IOPS:   490308  Throughput:  1915.3 MB/s  Total:  912.74 GB
[  488.2s] IOs:    239368725  IOPS:   490340  Throughput:  1915.4 MB/s  Total:  913.12 GB
[  488.3s] IOs:    239469770  IOPS:   490370  Throughput:  1915.5 MB/s  Total:  913.50 GB
[  488.6s] IOs:    239570737  IOPS:   490360  Throughput:  1915.5 MB/s  Total:  913.89 GB
[  488.7s] IOs:    239670886  IOPS:   490392  Throughput:  1915.6 MB/s  Total:  914.27 GB
[  488.9s] IOs:    239771166  IOPS:   490426  Throughput:  1915.7 MB/s  Total:  914.65 GB
[  489.2s] IOs:    239871748  IOPS:   490329  Throughput:  1915.3 MB/s  Total:  915.04 GB
[  489.4s] IOs:    239972463  IOPS:   490318  Throughput:  1915.3 MB/s  Total:  915.42 GB
[  489.6s] IOs:    240072985  IOPS:   490334  Throughput:  1915.4 MB/s  Total:  915.81 GB
[  489.8s] IOs:    240173858  IOPS:   490361  Throughput:  1915.5 MB/s  Total:  916.19 GB
[  490.0s] IOs:    240274544  IOPS:   490385  Throughput:  1915.6 MB/s  Total:  916.57 GB
[  490.2s] IOs:    240375570  IOPS:   490407  Throughput:  1915.7 MB/s  Total:  916.96 GB
[  490.3s] IOs:    240476488  IOPS:   490426  Throughput:  1915.7 MB/s  Total:  917.35 GB
[  490.5s] IOs:    240577398  IOPS:   490444  Throughput:  1915.8 MB/s  Total:  917.73 GB
[  490.7s] IOs:    240678078  IOPS:   490453  Throughput:  1915.8 MB/s  Total:  918.11 GB
[  490.9s] IOs:    240778196  IOPS:   490485  Throughput:  1916.0 MB/s  Total:  918.50 GB
[  491.1s] IOs:    240878574  IOPS:   490520  Throughput:  1916.1 MB/s  Total:  918.88 GB
[  491.2s] IOs:    240978665  IOPS:   490547  Throughput:  1916.2 MB/s  Total:  919.26 GB
[  491.4s] IOs:    241078721  IOPS:   490575  Throughput:  1916.3 MB/s  Total:  919.64 GB
[  491.6s] IOs:    241178821  IOPS:   490562  Throughput:  1916.3 MB/s  Total:  920.02 GB
[  491.9s] IOs:    241279283  IOPS:   490550  Throughput:  1916.2 MB/s  Total:  920.41 GB
[  492.0s] IOs:    241379748  IOPS:   490569  Throughput:  1916.3 MB/s  Total:  920.79 GB
[Reader] Parsed 41000000 lines, distributed 241394582 writes, unique 270.94 GB, skipped 0
[  492.2s] IOs:    241480189  IOPS:   490569  Throughput:  1916.3 MB/s  Total:  921.17 GB
[  492.5s] IOs:    241580889  IOPS:   490479  Throughput:  1915.9 MB/s  Total:  921.56 GB
[  492.7s] IOs:    241681597  IOPS:   490500  Throughput:  1916.0 MB/s  Total:  921.94 GB
[  492.9s] IOs:    241782541  IOPS:   490524  Throughput:  1916.1 MB/s  Total:  922.33 GB
[  493.1s] IOs:    241883467  IOPS:   490520  Throughput:  1916.1 MB/s  Total:  922.71 GB
[  493.3s] IOs:    241984468  IOPS:   490540  Throughput:  1916.2 MB/s  Total:  923.10 GB
[  493.5s] IOs:    242085352  IOPS:   490549  Throughput:  1916.2 MB/s  Total:  923.48 GB
[  493.7s] IOs:    242186121  IOPS:   490573  Throughput:  1916.3 MB/s  Total:  923.87 GB
[  493.9s] IOs:    242286473  IOPS:   490567  Throughput:  1916.3 MB/s  Total:  924.25 GB
[  494.1s] IOs:    242386732  IOPS:   490604  Throughput:  1916.4 MB/s  Total:  924.63 GB
[  494.2s] IOs:    242487347  IOPS:   490631  Throughput:  1916.5 MB/s  Total:  925.02 GB
[  494.4s] IOs:    242587552  IOPS:   490630  Throughput:  1916.5 MB/s  Total:  925.40 GB
[  494.6s] IOs:    242687577  IOPS:   490632  Throughput:  1916.5 MB/s  Total:  925.78 GB
[  494.8s] IOs:    242787799  IOPS:   490659  Throughput:  1916.6 MB/s  Total:  926.16 GB
[  495.0s] IOs:    242888489  IOPS:   490654  Throughput:  1916.6 MB/s  Total:  926.55 GB
[  495.2s] IOs:    242989021  IOPS:   490692  Throughput:  1916.8 MB/s  Total:  926.93 GB
[  495.4s] IOs:    243089273  IOPS:   490715  Throughput:  1916.9 MB/s  Total:  927.31 GB
[  495.6s] IOs:    243189861  IOPS:   490730  Throughput:  1916.9 MB/s  Total:  927.70 GB
[  495.8s] IOs:    243290506  IOPS:   490660  Throughput:  1916.6 MB/s  Total:  928.08 GB
[  496.0s] IOs:    243391264  IOPS:   490661  Throughput:  1916.6 MB/s  Total:  928.46 GB
[  496.2s] IOs:    243491310  IOPS:   490685  Throughput:  1916.7 MB/s  Total:  928.85 GB
[  496.4s] IOs:    243592311  IOPS:   490701  Throughput:  1916.8 MB/s  Total:  929.23 GB
[  496.6s] IOs:    243692941  IOPS:   490710  Throughput:  1916.8 MB/s  Total:  929.61 GB
[  496.8s] IOs:    243793552  IOPS:   490710  Throughput:  1916.8 MB/s  Total:  930.00 GB
[  497.0s] IOs:    243893827  IOPS:   490686  Throughput:  1916.7 MB/s  Total:  930.38 GB
[  497.2s] IOs:    243994030  IOPS:   490719  Throughput:  1916.9 MB/s  Total:  930.76 GB
[  497.4s] IOs:    244094128  IOPS:   490741  Throughput:  1917.0 MB/s  Total:  931.15 GB
[  497.7s] IOs:    244194954  IOPS:   490660  Throughput:  1916.6 MB/s  Total:  931.53 GB
[  497.9s] IOs:    244295873  IOPS:   490694  Throughput:  1916.8 MB/s  Total:  931.91 GB
[  498.2s] IOs:    244396352  IOPS:   490541  Throughput:  1916.2 MB/s  Total:  932.30 GB
[  498.4s] IOs:    244497356  IOPS:   490575  Throughput:  1916.3 MB/s  Total:  932.68 GB
[  498.6s] IOs:    244597685  IOPS:   490603  Throughput:  1916.4 MB/s  Total:  933.07 GB
[  498.7s] IOs:    244697713  IOPS:   490632  Throughput:  1916.5 MB/s  Total:  933.45 GB
[  498.9s] IOs:    244798669  IOPS:   490652  Throughput:  1916.6 MB/s  Total:  933.83 GB
[  499.2s] IOs:    244898850  IOPS:   490616  Throughput:  1916.5 MB/s  Total:  934.21 GB
[  499.5s] IOs:    244999573  IOPS:   490529  Throughput:  1916.1 MB/s  Total:  934.60 GB
[  499.6s] IOs:    245100321  IOPS:   490547  Throughput:  1916.2 MB/s  Total:  934.98 GB
[  499.8s] IOs:    245201215  IOPS:   490561  Throughput:  1916.3 MB/s  Total:  935.37 GB
[  500.0s] IOs:    245301722  IOPS:   490578  Throughput:  1916.3 MB/s  Total:  935.75 GB
[  500.2s] IOs:    245402424  IOPS:   490586  Throughput:  1916.3 MB/s  Total:  936.14 GB
[  500.4s] IOs:    245502924  IOPS:   490621  Throughput:  1916.5 MB/s  Total:  936.52 GB
[  500.6s] IOs:    245603476  IOPS:   490638  Throughput:  1916.6 MB/s  Total:  936.90 GB
[  500.8s] IOs:    245703521  IOPS:   490668  Throughput:  1916.7 MB/s  Total:  937.28 GB
[  500.9s] IOs:    245804264  IOPS:   490696  Throughput:  1916.8 MB/s  Total:  937.67 GB
[  501.2s] IOs:    245904289  IOPS:   490623  Throughput:  1916.5 MB/s  Total:  938.05 GB
[  501.4s] IOs:    246004639  IOPS:   490654  Throughput:  1916.6 MB/s  Total:  938.43 GB
[  501.6s] IOs:    246105218  IOPS:   490597  Throughput:  1916.4 MB/s  Total:  938.82 GB
[  501.8s] IOs:    246206063  IOPS:   490621  Throughput:  1916.5 MB/s  Total:  939.20 GB
[  502.1s] IOs:    246306506  IOPS:   490599  Throughput:  1916.4 MB/s  Total:  939.58 GB
[  502.2s] IOs:    246407071  IOPS:   490617  Throughput:  1916.5 MB/s  Total:  939.97 GB
[  502.4s] IOs:    246507273  IOPS:   490640  Throughput:  1916.6 MB/s  Total:  940.35 GB
[Reader] Parsed 42000000 lines, distributed 246523875 writes, unique 273.75 GB, skipped 0
[  502.6s] IOs:    246607275  IOPS:   490659  Throughput:  1916.6 MB/s  Total:  940.73 GB
[  502.8s] IOs:    246708121  IOPS:   490680  Throughput:  1916.7 MB/s  Total:  941.12 GB
[  503.0s] IOs:    246808962  IOPS:   490695  Throughput:  1916.8 MB/s  Total:  941.50 GB
[  503.2s] IOs:    246909887  IOPS:   490717  Throughput:  1916.9 MB/s  Total:  941.89 GB
[  503.4s] IOs:    247010308  IOPS:   490726  Throughput:  1916.9 MB/s  Total:  942.27 GB
[  503.5s] IOs:    247110787  IOPS:   490742  Throughput:  1917.0 MB/s  Total:  942.65 GB
[  503.7s] IOs:    247211446  IOPS:   490777  Throughput:  1917.1 MB/s  Total:  943.04 GB
[  503.9s] IOs:    247311784  IOPS:   490807  Throughput:  1917.2 MB/s  Total:  943.42 GB
[  504.2s] IOs:    247411938  IOPS:   490747  Throughput:  1917.0 MB/s  Total:  943.80 GB
[  504.3s] IOs:    247512589  IOPS:   490773  Throughput:  1917.1 MB/s  Total:  944.19 GB
[  504.5s] IOs:    247612821  IOPS:   490778  Throughput:  1917.1 MB/s  Total:  944.57 GB
[  504.7s] IOs:    247713004  IOPS:   490811  Throughput:  1917.2 MB/s  Total:  944.95 GB
[  504.9s] IOs:    247813488  IOPS:   490833  Throughput:  1917.3 MB/s  Total:  945.33 GB
[  505.1s] IOs:    247913936  IOPS:   490867  Throughput:  1917.5 MB/s  Total:  945.72 GB
[  505.3s] IOs:    248014239  IOPS:   490866  Throughput:  1917.4 MB/s  Total:  946.10 GB
[  505.4s] IOs:    248114446  IOPS:   490898  Throughput:  1917.6 MB/s  Total:  946.48 GB
[  505.7s] IOs:    248215072  IOPS:   490830  Throughput:  1917.3 MB/s  Total:  946.87 GB
[  505.9s] IOs:    248315831  IOPS:   490855  Throughput:  1917.4 MB/s  Total:  947.25 GB
[  506.1s] IOs:    248416513  IOPS:   490876  Throughput:  1917.5 MB/s  Total:  947.63 GB
[  506.3s] IOs:    248517386  IOPS:   490877  Throughput:  1917.5 MB/s  Total:  948.02 GB
[  506.4s] IOs:    248617822  IOPS:   490905  Throughput:  1917.6 MB/s  Total:  948.40 GB
[  506.6s] IOs:    248718326  IOPS:   490941  Throughput:  1917.7 MB/s  Total:  948.79 GB
[  506.8s] IOs:    248818628  IOPS:   490937  Throughput:  1917.7 MB/s  Total:  949.17 GB
[  507.0s] IOs:    248918708  IOPS:   490960  Throughput:  1917.8 MB/s  Total:  949.55 GB
[  507.2s] IOs:    249018810  IOPS:   490981  Throughput:  1917.9 MB/s  Total:  949.93 GB
[  507.5s] IOs:    249119225  IOPS:   490917  Throughput:  1917.6 MB/s  Total:  950.31 GB
[  507.6s] IOs:    249219266  IOPS:   490934  Throughput:  1917.7 MB/s  Total:  950.70 GB
[  507.8s] IOs:    249320222  IOPS:   490948  Throughput:  1917.8 MB/s  Total:  951.08 GB
[  508.0s] IOs:    249420782  IOPS:   490965  Throughput:  1917.8 MB/s  Total:  951.46 GB
[  508.2s] IOs:    249521517  IOPS:   490981  Throughput:  1917.9 MB/s  Total:  951.85 GB
[  508.4s] IOs:    249622426  IOPS:   490995  Throughput:  1917.9 MB/s  Total:  952.23 GB
[  508.6s] IOs:    249723207  IOPS:   491017  Throughput:  1918.0 MB/s  Total:  952.62 GB
[  508.8s] IOs:    249824020  IOPS:   491028  Throughput:  1918.1 MB/s  Total:  953.00 GB
[  509.0s] IOs:    249924899  IOPS:   491042  Throughput:  1918.1 MB/s  Total:  953.39 GB
[  509.2s] IOs:    250025604  IOPS:   491063  Throughput:  1918.2 MB/s  Total:  953.77 GB
[  509.4s] IOs:    250126381  IOPS:   491051  Throughput:  1918.2 MB/s  Total:  954.16 GB
[  509.6s] IOs:    250226830  IOPS:   491047  Throughput:  1918.2 MB/s  Total:  954.54 GB
[  509.7s] IOs:    250327431  IOPS:   491082  Throughput:  1918.3 MB/s  Total:  954.92 GB
[  509.9s] IOs:    250427789  IOPS:   491095  Throughput:  1918.3 MB/s  Total:  955.31 GB
[  510.2s] IOs:    250527844  IOPS:   491028  Throughput:  1918.1 MB/s  Total:  955.69 GB
[  510.4s] IOs:    250628247  IOPS:   491057  Throughput:  1918.2 MB/s  Total:  956.07 GB
[  510.6s] IOs:    250728839  IOPS:   491014  Throughput:  1918.0 MB/s  Total:  956.45 GB
[  510.8s] IOs:    250829402  IOPS:   491008  Throughput:  1918.0 MB/s  Total:  956.84 GB
[  511.0s] IOs:    250930328  IOPS:   491034  Throughput:  1918.1 MB/s  Total:  957.22 GB
[  511.2s] IOs:    251031155  IOPS:   491042  Throughput:  1918.1 MB/s  Total:  957.61 GB
[  511.5s] IOs:    251131323  IOPS:   490964  Throughput:  1917.8 MB/s  Total:  957.99 GB
[  511.7s] IOs:    251231865  IOPS:   490966  Throughput:  1917.8 MB/s  Total:  958.37 GB
[  511.9s] IOs:    251332659  IOPS:   490960  Throughput:  1917.8 MB/s  Total:  958.76 GB
[  512.2s] IOs:    251433091  IOPS:   490934  Throughput:  1917.7 MB/s  Total:  959.14 GB
[  512.3s] IOs:    251533785  IOPS:   490948  Throughput:  1917.8 MB/s  Total:  959.53 GB
[  512.5s] IOs:    251634580  IOPS:   490954  Throughput:  1917.8 MB/s  Total:  959.91 GB
[  512.8s] IOs:    251735582  IOPS:   490923  Throughput:  1917.7 MB/s  Total:  960.30 GB
[  513.0s] IOs:    251836302  IOPS:   490955  Throughput:  1917.8 MB/s  Total:  960.68 GB
[  513.2s] IOs:    251936786  IOPS:   490951  Throughput:  1917.8 MB/s  Total:  961.06 GB
[  513.4s] IOs:    252036908  IOPS:   490947  Throughput:  1917.8 MB/s  Total:  961.44 GB
[  513.6s] IOs:    252137906  IOPS:   490905  Throughput:  1917.6 MB/s  Total:  961.83 GB
[Reader] Parsed 43000000 lines, distributed 252161573 writes, unique 278.70 GB, skipped 0
[  513.8s] IOs:    252238196  IOPS:   490917  Throughput:  1917.6 MB/s  Total:  962.21 GB
[  514.0s] IOs:    252338848  IOPS:   490935  Throughput:  1917.7 MB/s  Total:  962.60 GB
[  514.2s] IOs:    252439059  IOPS:   490890  Throughput:  1917.5 MB/s  Total:  962.98 GB
[  514.4s] IOs:    252539233  IOPS:   490923  Throughput:  1917.7 MB/s  Total:  963.36 GB
[  514.6s] IOs:    252639450  IOPS:   490896  Throughput:  1917.6 MB/s  Total:  963.74 GB
[  514.8s] IOs:    252739764  IOPS:   490929  Throughput:  1917.7 MB/s  Total:  964.13 GB
[  515.0s] IOs:    252840495  IOPS:   490950  Throughput:  1917.8 MB/s  Total:  964.51 GB
[  515.2s] IOs:    252940637  IOPS:   490955  Throughput:  1917.8 MB/s  Total:  964.89 GB
[  515.5s] IOs:    253040777  IOPS:   490868  Throughput:  1917.5 MB/s  Total:  965.27 GB
[  515.7s] IOs:    253140893  IOPS:   490891  Throughput:  1917.5 MB/s  Total:  965.66 GB
[  515.9s] IOs:    253240989  IOPS:   490914  Throughput:  1917.6 MB/s  Total:  966.04 GB
[  516.1s] IOs:    253341379  IOPS:   490847  Throughput:  1917.4 MB/s  Total:  966.42 GB
[  516.3s] IOs:    253441837  IOPS:   490880  Throughput:  1917.5 MB/s  Total:  966.80 GB
[  516.6s] IOs:    253542035  IOPS:   490782  Throughput:  1917.1 MB/s  Total:  967.19 GB
[  516.8s] IOs:    253642729  IOPS:   490798  Throughput:  1917.2 MB/s  Total:  967.57 GB
[  517.0s] IOs:    253743620  IOPS:   490779  Throughput:  1917.1 MB/s  Total:  967.96 GB
[  517.2s] IOs:    253843859  IOPS:   490763  Throughput:  1917.0 MB/s  Total:  968.34 GB
[  517.4s] IOs:    253944230  IOPS:   490767  Throughput:  1917.1 MB/s  Total:  968.72 GB
[  517.7s] IOs:    254044912  IOPS:   490738  Throughput:  1916.9 MB/s  Total:  969.10 GB
[  517.9s] IOs:    254145012  IOPS:   490748  Throughput:  1917.0 MB/s  Total:  969.49 GB
[  518.1s] IOs:    254245813  IOPS:   490729  Throughput:  1916.9 MB/s  Total:  969.87 GB
[  518.4s] IOs:    254345984  IOPS:   490630  Throughput:  1916.5 MB/s  Total:  970.25 GB
[  518.6s] IOs:    254446361  IOPS:   490647  Throughput:  1916.6 MB/s  Total:  970.64 GB
[  518.8s] IOs:    254546993  IOPS:   490651  Throughput:  1916.6 MB/s  Total:  971.02 GB
[  519.0s] IOs:    254647580  IOPS:   490681  Throughput:  1916.7 MB/s  Total:  971.40 GB
[  519.3s] IOs:    254747630  IOPS:   490579  Throughput:  1916.3 MB/s  Total:  971.79 GB
[  519.5s] IOs:    254848110  IOPS:   490592  Throughput:  1916.4 MB/s  Total:  972.17 GB
[  519.7s] IOs:    254948650  IOPS:   490567  Throughput:  1916.3 MB/s  Total:  972.55 GB
[  520.0s] IOs:    255049252  IOPS:   490448  Throughput:  1915.8 MB/s  Total:  972.94 GB
[  520.2s] IOs:    255150257  IOPS:   490474  Throughput:  1915.9 MB/s  Total:  973.32 GB
[  520.4s] IOs:    255250511  IOPS:   490481  Throughput:  1915.9 MB/s  Total:  973.70 GB
[  520.7s] IOs:    255350832  IOPS:   490389  Throughput:  1915.6 MB/s  Total:  974.09 GB
[  520.9s] IOs:    255451113  IOPS:   490387  Throughput:  1915.6 MB/s  Total:  974.47 GB
[  521.2s] IOs:    255551726  IOPS:   490339  Throughput:  1915.4 MB/s  Total:  974.85 GB
[  521.5s] IOs:    255652396  IOPS:   490254  Throughput:  1915.1 MB/s  Total:  975.24 GB
[  521.7s] IOs:    255753100  IOPS:   490266  Throughput:  1915.1 MB/s  Total:  975.62 GB
[  521.9s] IOs:    255853773  IOPS:   490276  Throughput:  1915.1 MB/s  Total:  976.00 GB
[  522.1s] IOs:    255954656  IOPS:   490258  Throughput:  1915.1 MB/s  Total:  976.39 GB
[  522.3s] IOs:    256055390  IOPS:   490261  Throughput:  1915.1 MB/s  Total:  976.77 GB
[  522.5s] IOs:    256155391  IOPS:   490278  Throughput:  1915.1 MB/s  Total:  977.16 GB
[  522.7s] IOs:    256256049  IOPS:   490280  Throughput:  1915.2 MB/s  Total:  977.54 GB
[  522.9s] IOs:    256356792  IOPS:   490295  Throughput:  1915.2 MB/s  Total:  977.92 GB
[  523.1s] IOs:    256457294  IOPS:   490299  Throughput:  1915.2 MB/s  Total:  978.31 GB
[  523.2s] IOs:    256558002  IOPS:   490321  Throughput:  1915.3 MB/s  Total:  978.69 GB
[  523.4s] IOs:    256658286  IOPS:   490332  Throughput:  1915.4 MB/s  Total:  979.07 GB
[  523.7s] IOs:    256758437  IOPS:   490297  Throughput:  1915.2 MB/s  Total:  979.46 GB
[  523.9s] IOs:    256858751  IOPS:   490292  Throughput:  1915.2 MB/s  Total:  979.84 GB
[  524.2s] IOs:    256959293  IOPS:   490192  Throughput:  1914.8 MB/s  Total:  980.22 GB
[  524.4s] IOs:    257060314  IOPS:   490207  Throughput:  1914.9 MB/s  Total:  980.61 GB
[  524.6s] IOs:    257161114  IOPS:   490209  Throughput:  1914.9 MB/s  Total:  980.99 GB
[  524.8s] IOs:    257261728  IOPS:   490197  Throughput:  1914.8 MB/s  Total:  981.38 GB
[  525.0s] IOs:    257362669  IOPS:   490214  Throughput:  1914.9 MB/s  Total:  981.76 GB
[  525.2s] IOs:    257463478  IOPS:   490236  Throughput:  1915.0 MB/s  Total:  982.15 GB
[  525.4s] IOs:    257564338  IOPS:   490259  Throughput:  1915.1 MB/s  Total:  982.53 GB
[  525.6s] IOs:    257665227  IOPS:   490264  Throughput:  1915.1 MB/s  Total:  982.91 GB
[Reader] Parsed 44000000 lines, distributed 257705376 writes, unique 284.85 GB, skipped 0
[  525.8s] IOs:    257765871  IOPS:   490271  Throughput:  1915.1 MB/s  Total:  983.30 GB
[  526.0s] IOs:    257866432  IOPS:   490286  Throughput:  1915.2 MB/s  Total:  983.68 GB
[  526.2s] IOs:    257967182  IOPS:   490289  Throughput:  1915.2 MB/s  Total:  984.07 GB
[  526.3s] IOs:    258067677  IOPS:   490315  Throughput:  1915.3 MB/s  Total:  984.45 GB
[  526.5s] IOs:    258168072  IOPS:   490344  Throughput:  1915.4 MB/s  Total:  984.83 GB
[  526.7s] IOs:    258268210  IOPS:   490367  Throughput:  1915.5 MB/s  Total:  985.22 GB
[  526.9s] IOs:    258368326  IOPS:   490385  Throughput:  1915.6 MB/s  Total:  985.60 GB
[  527.0s] IOs:    258469057  IOPS:   490408  Throughput:  1915.7 MB/s  Total:  985.98 GB
[  527.2s] IOs:    258569390  IOPS:   490412  Throughput:  1915.7 MB/s  Total:  986.36 GB
[  527.5s] IOs:    258669686  IOPS:   490374  Throughput:  1915.5 MB/s  Total:  986.75 GB
[  527.8s] IOs:    258770223  IOPS:   490308  Throughput:  1915.3 MB/s  Total:  987.13 GB
[  527.9s] IOs:    258870334  IOPS:   490332  Throughput:  1915.4 MB/s  Total:  987.51 GB
[  528.1s] IOs:    258970414  IOPS:   490356  Throughput:  1915.5 MB/s  Total:  987.89 GB
[  528.3s] IOs:    259070607  IOPS:   490386  Throughput:  1915.6 MB/s  Total:  988.28 GB
[  528.5s] IOs:    259171128  IOPS:   490414  Throughput:  1915.7 MB/s  Total:  988.66 GB
[  528.8s] IOs:    259271723  IOPS:   490342  Throughput:  1915.4 MB/s  Total:  989.04 GB
[  528.9s] IOs:    259371929  IOPS:   490365  Throughput:  1915.5 MB/s  Total:  989.43 GB
[  529.2s] IOs:    259472721  IOPS:   490327  Throughput:  1915.3 MB/s  Total:  989.81 GB
[  529.5s] IOs:    259573189  IOPS:   490251  Throughput:  1915.0 MB/s  Total:  990.19 GB
[  529.7s] IOs:    259673789  IOPS:   490253  Throughput:  1915.0 MB/s  Total:  990.58 GB
[  529.9s] IOs:    259774439  IOPS:   490263  Throughput:  1915.1 MB/s  Total:  990.96 GB
[  530.1s] IOs:    259874732  IOPS:   490219  Throughput:  1914.9 MB/s  Total:  991.34 GB
[  530.3s] IOs:    259974794  IOPS:   490251  Throughput:  1915.0 MB/s  Total:  991.73 GB
[  530.5s] IOs:    260075185  IOPS:   490262  Throughput:  1915.1 MB/s  Total:  992.11 GB
[  530.8s] IOs:    260175450  IOPS:   490177  Throughput:  1914.8 MB/s  Total:  992.49 GB
[  530.9s] IOs:    260275804  IOPS:   490208  Throughput:  1914.9 MB/s  Total:  992.87 GB
[  531.2s] IOs:    260376156  IOPS:   490177  Throughput:  1914.8 MB/s  Total:  993.26 GB
[  531.4s] IOs:    260476611  IOPS:   490200  Throughput:  1914.8 MB/s  Total:  993.64 GB
[  531.5s] IOs:    260577052  IOPS:   490230  Throughput:  1915.0 MB/s  Total:  994.02 GB
[  531.9s] IOs:    260677882  IOPS:   490103  Throughput:  1914.5 MB/s  Total:  994.41 GB
[  532.1s] IOs:    260778793  IOPS:   490101  Throughput:  1914.5 MB/s  Total:  994.79 GB
[  532.3s] IOs:    260879664  IOPS:   490086  Throughput:  1914.4 MB/s  Total:  995.18 GB
[  532.5s] IOs:    260980645  IOPS:   490105  Throughput:  1914.5 MB/s  Total:  995.56 GB
[  532.7s] IOs:    261081522  IOPS:   490102  Throughput:  1914.5 MB/s  Total:  995.95 GB
[  532.9s] IOs:    261181998  IOPS:   490095  Throughput:  1914.4 MB/s  Total:  996.33 GB
[  533.1s] IOs:    261282554  IOPS:   490118  Throughput:  1914.5 MB/s  Total:  996.71 GB
[  533.3s] IOs:    261383148  IOPS:   490119  Throughput:  1914.5 MB/s  Total:  997.10 GB
[  533.5s] IOs:    261483376  IOPS:   490149  Throughput:  1914.6 MB/s  Total:  997.48 GB
[  533.7s] IOs:    261583583  IOPS:   490118  Throughput:  1914.5 MB/s  Total:  997.86 GB
[  533.9s] IOs:    261684074  IOPS:   490142  Throughput:  1914.6 MB/s  Total:  998.25 GB
[  534.1s] IOs:    261784825  IOPS:   490120  Throughput:  1914.5 MB/s  Total:  998.63 GB
[  534.3s] IOs:    261885483  IOPS:   490133  Throughput:  1914.6 MB/s  Total:  999.01 GB
[  534.5s] IOs:    261985767  IOPS:   490124  Throughput:  1914.5 MB/s  Total:  999.40 GB
[  534.7s] IOs:    262086209  IOPS:   490157  Throughput:  1914.7 MB/s  Total:  999.78 GB
[  534.9s] IOs:    262186429  IOPS:   490183  Throughput:  1914.8 MB/s  Total: 1000.16 GB
[  535.0s] IOs:    262287085  IOPS:   490218  Throughput:  1914.9 MB/s  Total: 1000.55 GB
[  535.3s] IOs:    262387474  IOPS:   490210  Throughput:  1914.9 MB/s  Total: 1000.93 GB
[  535.4s] IOs:    262487738  IOPS:   490235  Throughput:  1915.0 MB/s  Total: 1001.31 GB
[  535.6s] IOs:    262587807  IOPS:   490252  Throughput:  1915.0 MB/s  Total: 1001.69 GB
[  535.8s] IOs:    262687850  IOPS:   490276  Throughput:  1915.1 MB/s  Total: 1002.07 GB
[  536.1s] IOs:    262788065  IOPS:   490170  Throughput:  1914.7 MB/s  Total: 1002.46 GB
[  536.3s] IOs:    262888349  IOPS:   490181  Throughput:  1914.8 MB/s  Total: 1002.84 GB
[  536.5s] IOs:    262988383  IOPS:   490211  Throughput:  1914.9 MB/s  Total: 1003.22 GB
[  536.8s] IOs:    263089306  IOPS:   490102  Throughput:  1914.5 MB/s  Total: 1003.61 GB
[  537.0s] IOs:    263190277  IOPS:   490124  Throughput:  1914.5 MB/s  Total: 1003.99 GB
[  537.2s] IOs:    263290667  IOPS:   490089  Throughput:  1914.4 MB/s  Total: 1004.37 GB
[Reader] Parsed 45000000 lines, distributed 263390655 writes, unique 293.05 GB, skipped 0
[  537.6s] IOs:    263390982  IOPS:   489979  Throughput:  1914.0 MB/s  Total: 1004.76 GB
[  537.8s] IOs:    263491651  IOPS:   489985  Throughput:  1914.0 MB/s  Total: 1005.14 GB
[  537.9s] IOs:    263591768  IOPS:   490003  Throughput:  1914.1 MB/s  Total: 1005.52 GB
[  538.2s] IOs:    263692695  IOPS:   489939  Throughput:  1913.8 MB/s  Total: 1005.91 GB
[  538.4s] IOs:    263793348  IOPS:   489956  Throughput:  1913.9 MB/s  Total: 1006.29 GB
[  538.7s] IOs:    263893712  IOPS:   489897  Throughput:  1913.7 MB/s  Total: 1006.67 GB
[  538.9s] IOs:    263993844  IOPS:   489913  Throughput:  1913.7 MB/s  Total: 1007.06 GB
[  539.1s] IOs:    264094759  IOPS:   489856  Throughput:  1913.5 MB/s  Total: 1007.44 GB
[  539.3s] IOs:    264195495  IOPS:   489847  Throughput:  1913.5 MB/s  Total: 1007.83 GB
[  539.5s] IOs:    264296153  IOPS:   489865  Throughput:  1913.5 MB/s  Total: 1008.21 GB
[  539.7s] IOs:    264396367  IOPS:   489879  Throughput:  1913.6 MB/s  Total: 1008.59 GB
[  539.9s] IOs:    264497081  IOPS:   489897  Throughput:  1913.7 MB/s  Total: 1008.98 GB
[  540.1s] IOs:    264597854  IOPS:   489862  Throughput:  1913.5 MB/s  Total: 1009.36 GB
[  540.4s] IOs:    264698495  IOPS:   489858  Throughput:  1913.5 MB/s  Total: 1009.74 GB
[  540.5s] IOs:    264799303  IOPS:   489872  Throughput:  1913.6 MB/s  Total: 1010.13 GB
[  540.8s] IOs:    264899739  IOPS:   489868  Throughput:  1913.5 MB/s  Total: 1010.51 GB
[  541.0s] IOs:    264999981  IOPS:   489871  Throughput:  1913.6 MB/s  Total: 1010.89 GB
[  541.2s] IOs:    265100701  IOPS:   489871  Throughput:  1913.6 MB/s  Total: 1011.28 GB
[  541.3s] IOs:    265200716  IOPS:   489890  Throughput:  1913.6 MB/s  Total: 1011.66 GB
[  541.5s] IOs:    265301705  IOPS:   489906  Throughput:  1913.7 MB/s  Total: 1012.05 GB
[  541.7s] IOs:    265402182  IOPS:   489903  Throughput:  1913.7 MB/s  Total: 1012.43 GB
[  541.9s] IOs:    265502390  IOPS:   489910  Throughput:  1913.7 MB/s  Total: 1012.81 GB
[  542.3s] IOs:    265602533  IOPS:   489800  Throughput:  1913.3 MB/s  Total: 1013.19 GB
[  542.5s] IOs:    265703424  IOPS:   489799  Throughput:  1913.3 MB/s  Total: 1013.58 GB
[  542.7s] IOs:    265803913  IOPS:   489814  Throughput:  1913.3 MB/s  Total: 1013.96 GB
[  542.9s] IOs:    265904521  IOPS:   489828  Throughput:  1913.4 MB/s  Total: 1014.35 GB
[  543.2s] IOs:    266004618  IOPS:   489719  Throughput:  1913.0 MB/s  Total: 1014.73 GB
[  543.4s] IOs:    266105509  IOPS:   489745  Throughput:  1913.1 MB/s  Total: 1015.11 GB
[  543.7s] IOs:    266206508  IOPS:   489597  Throughput:  1912.5 MB/s  Total: 1015.50 GB
[  543.9s] IOs:    266306553  IOPS:   489597  Throughput:  1912.5 MB/s  Total: 1015.88 GB
[  544.3s] IOs:    266406943  IOPS:   489462  Throughput:  1912.0 MB/s  Total: 1016.26 GB
[  544.5s] IOs:    266507416  IOPS:   489447  Throughput:  1911.9 MB/s  Total: 1016.65 GB
[  544.7s] IOs:    266607957  IOPS:   489430  Throughput:  1911.8 MB/s  Total: 1017.03 GB
[  544.9s] IOs:    266708803  IOPS:   489453  Throughput:  1911.9 MB/s  Total: 1017.41 GB
[  545.3s] IOs:    266809626  IOPS:   489310  Throughput:  1911.4 MB/s  Total: 1017.80 GB
[  545.5s] IOs:    266910380  IOPS:   489335  Throughput:  1911.5 MB/s  Total: 1018.18 GB
[  545.7s] IOs:    267010907  IOPS:   489306  Throughput:  1911.3 MB/s  Total: 1018.57 GB
[  545.9s] IOs:    267111533  IOPS:   489323  Throughput:  1911.4 MB/s  Total: 1018.95 GB
[  546.1s] IOs:    267212195  IOPS:   489289  Throughput:  1911.3 MB/s  Total: 1019.33 GB
[  546.3s] IOs:    267313146  IOPS:   489293  Throughput:  1911.3 MB/s  Total: 1019.72 GB
[  546.5s] IOs:    267413788  IOPS:   489320  Throughput:  1911.4 MB/s  Total: 1020.10 GB
[  546.7s] IOs:    267514406  IOPS:   489299  Throughput:  1911.3 MB/s  Total: 1020.49 GB
[  546.9s] IOs:    267614561  IOPS:   489299  Throughput:  1911.3 MB/s  Total: 1020.87 GB
[  547.4s] IOs:    267715349  IOPS:   489080  Throughput:  1910.5 MB/s  Total: 1021.25 GB
[  547.6s] IOs:    267816183  IOPS:   489103  Throughput:  1910.6 MB/s  Total: 1021.64 GB
[  547.7s] IOs:    267917101  IOPS:   489126  Throughput:  1910.6 MB/s  Total: 1022.02 GB
[  548.1s] IOs:    268017595  IOPS:   488957  Throughput:  1910.0 MB/s  Total: 1022.41 GB
[  548.4s] IOs:    268117978  IOPS:   488953  Throughput:  1910.0 MB/s  Total: 1022.79 GB
[  548.7s] IOs:    268218705  IOPS:   488857  Throughput:  1909.6 MB/s  Total: 1023.17 GB
[  548.9s] IOs:    268318958  IOPS:   488861  Throughput:  1909.6 MB/s  Total: 1023.56 GB
[  549.2s] IOs:    268419758  IOPS:   488728  Throughput:  1909.1 MB/s  Total: 1023.94 GB
[  549.4s] IOs:    268519957  IOPS:   488753  Throughput:  1909.2 MB/s  Total: 1024.32 GB
[  549.7s] IOs:    268620329  IOPS:   488667  Throughput:  1908.9 MB/s  Total: 1024.71 GB
[  549.9s] IOs:    268721034  IOPS:   488629  Throughput:  1908.7 MB/s  Total: 1025.09 GB
[  550.2s] IOs:    268821985  IOPS:   488602  Throughput:  1908.6 MB/s  Total: 1025.47 GB
[Reader] Parsed 46000000 lines, distributed 268923043 writes, unique 299.31 GB, skipped 0
[  550.4s] IOs:    268922865  IOPS:   488627  Throughput:  1908.7 MB/s  Total: 1025.86 GB
[  550.7s] IOs:    269023424  IOPS:   488529  Throughput:  1908.3 MB/s  Total: 1026.24 GB
[  550.8s] IOs:    269124028  IOPS:   488562  Throughput:  1908.4 MB/s  Total: 1026.63 GB
[  551.2s] IOs:    269224499  IOPS:   488429  Throughput:  1907.9 MB/s  Total: 1027.01 GB
[  551.4s] IOs:    269325090  IOPS:   488434  Throughput:  1907.9 MB/s  Total: 1027.39 GB
[  551.6s] IOs:    269425920  IOPS:   488418  Throughput:  1907.9 MB/s  Total: 1027.78 GB
[  551.8s] IOs:    269525934  IOPS:   488435  Throughput:  1907.9 MB/s  Total: 1028.16 GB
[  552.0s] IOs:    269626083  IOPS:   488454  Throughput:  1908.0 MB/s  Total: 1028.54 GB
[  552.4s] IOs:    269726627  IOPS:   488294  Throughput:  1907.4 MB/s  Total: 1028.93 GB
[  552.6s] IOs:    269826779  IOPS:   488279  Throughput:  1907.3 MB/s  Total: 1029.31 GB
[  552.8s] IOs:    269926856  IOPS:   488293  Throughput:  1907.4 MB/s  Total: 1029.69 GB
[  553.1s] IOs:    270027704  IOPS:   488194  Throughput:  1907.0 MB/s  Total: 1030.07 GB
[  553.3s] IOs:    270128271  IOPS:   488208  Throughput:  1907.1 MB/s  Total: 1030.46 GB
[  553.6s] IOs:    270228771  IOPS:   488122  Throughput:  1906.7 MB/s  Total: 1030.84 GB
[  554.0s] IOs:    270329126  IOPS:   487963  Throughput:  1906.1 MB/s  Total: 1031.22 GB
[  554.2s] IOs:    270429218  IOPS:   487989  Throughput:  1906.2 MB/s  Total: 1031.61 GB
[  554.3s] IOs:    270529401  IOPS:   488018  Throughput:  1906.3 MB/s  Total: 1031.99 GB
[  554.8s] IOs:    270629765  IOPS:   487791  Throughput:  1905.4 MB/s  Total: 1032.37 GB
[  555.0s] IOs:    270729971  IOPS:   487814  Throughput:  1905.5 MB/s  Total: 1032.75 GB
[  555.5s] IOs:    270830118  IOPS:   487535  Throughput:  1904.4 MB/s  Total: 1033.13 GB
[  555.7s] IOs:    270930770  IOPS:   487555  Throughput:  1904.5 MB/s  Total: 1033.52 GB
[  555.9s] IOs:    271030822  IOPS:   487570  Throughput:  1904.6 MB/s  Total: 1033.90 GB
[  556.6s] IOs:    271131173  IOPS:   487145  Throughput:  1902.9 MB/s  Total: 1034.28 GB
[  556.9s] IOs:    271231542  IOPS:   487052  Throughput:  1902.5 MB/s  Total: 1034.67 GB
[  557.4s] IOs:    271332233  IOPS:   486794  Throughput:  1901.5 MB/s  Total: 1035.05 GB
[  557.7s] IOs:    271432245  IOPS:   486689  Throughput:  1901.1 MB/s  Total: 1035.43 GB
[  558.3s] IOs:    271532500  IOPS:   486389  Throughput:  1900.0 MB/s  Total: 1035.81 GB
[  558.6s] IOs:    271632685  IOPS:   486251  Throughput:  1899.4 MB/s  Total: 1036.20 GB
[  558.8s] IOs:    271733068  IOPS:   486271  Throughput:  1899.5 MB/s  Total: 1036.58 GB
[  559.4s] IOs:    271833407  IOPS:   485962  Throughput:  1898.3 MB/s  Total: 1036.96 GB
[  559.7s] IOs:    271933799  IOPS:   485860  Throughput:  1897.9 MB/s  Total: 1037.35 GB
[  559.9s] IOs:    272034110  IOPS:   485824  Throughput:  1897.8 MB/s  Total: 1037.73 GB
[  560.4s] IOs:    272134688  IOPS:   485585  Throughput:  1896.8 MB/s  Total: 1038.11 GB
[  560.7s] IOs:    272235019  IOPS:   485559  Throughput:  1896.7 MB/s  Total: 1038.49 GB
[  560.9s] IOs:    272335452  IOPS:   485574  Throughput:  1896.8 MB/s  Total: 1038.88 GB
[  561.3s] IOs:    272436065  IOPS:   485338  Throughput:  1895.9 MB/s  Total: 1039.26 GB
[  561.6s] IOs:    272536119  IOPS:   485320  Throughput:  1895.8 MB/s  Total: 1039.64 GB
[  561.9s] IOs:    272636138  IOPS:   485199  Throughput:  1895.3 MB/s  Total: 1040.02 GB
[  562.1s] IOs:    272737108  IOPS:   485209  Throughput:  1895.3 MB/s  Total: 1040.41 GB
[  562.3s] IOs:    272837983  IOPS:   485225  Throughput:  1895.4 MB/s  Total: 1040.79 GB
[  562.5s] IOs:    272938714  IOPS:   485244  Throughput:  1895.5 MB/s  Total: 1041.18 GB
[  562.7s] IOs:    273039398  IOPS:   485243  Throughput:  1895.5 MB/s  Total: 1041.56 GB
[  562.9s] IOs:    273139990  IOPS:   485259  Throughput:  1895.5 MB/s  Total: 1041.95 GB
[  563.1s] IOs:    273240690  IOPS:   485266  Throughput:  1895.6 MB/s  Total: 1042.33 GB
[  563.3s] IOs:    273341590  IOPS:   485280  Throughput:  1895.6 MB/s  Total: 1042.72 GB
[  563.5s] IOs:    273441681  IOPS:   485296  Throughput:  1895.7 MB/s  Total: 1043.10 GB
[  563.7s] IOs:    273542391  IOPS:   485305  Throughput:  1895.7 MB/s  Total: 1043.48 GB
[  563.8s] IOs:    273643201  IOPS:   485320  Throughput:  1895.8 MB/s  Total: 1043.87 GB
[  564.0s] IOs:    273743625  IOPS:   485329  Throughput:  1895.8 MB/s  Total: 1044.25 GB
[  564.2s] IOs:    273844111  IOPS:   485361  Throughput:  1895.9 MB/s  Total: 1044.63 GB
[  564.4s] IOs:    273945040  IOPS:   485362  Throughput:  1895.9 MB/s  Total: 1045.02 GB
[  564.6s] IOs:    274045245  IOPS:   485356  Throughput:  1895.9 MB/s  Total: 1045.40 GB
[  564.8s] IOs:    274145406  IOPS:   485376  Throughput:  1896.0 MB/s  Total: 1045.78 GB
[  565.0s] IOs:    274245573  IOPS:   485371  Throughput:  1896.0 MB/s  Total: 1046.16 GB
[  565.2s] IOs:    274346109  IOPS:   485373  Throughput:  1896.0 MB/s  Total: 1046.55 GB
[  565.4s] IOs:    274446473  IOPS:   485394  Throughput:  1896.1 MB/s  Total: 1046.93 GB
[  565.6s] IOs:    274546798  IOPS:   485393  Throughput:  1896.1 MB/s  Total: 1047.31 GB
[  565.8s] IOs:    274646944  IOPS:   485401  Throughput:  1896.1 MB/s  Total: 1047.69 GB
[  566.1s] IOs:    274747255  IOPS:   485335  Throughput:  1895.8 MB/s  Total: 1048.08 GB
[  566.3s] IOs:    274847764  IOPS:   485372  Throughput:  1896.0 MB/s  Total: 1048.46 GB
[  566.4s] IOs:    274948066  IOPS:   485397  Throughput:  1896.1 MB/s  Total: 1048.84 GB
[  566.8s] IOs:    275048692  IOPS:   485250  Throughput:  1895.5 MB/s  Total: 1049.23 GB
[  567.0s] IOs:    275149348  IOPS:   485275  Throughput:  1895.6 MB/s  Total: 1049.61 GB
[  567.2s] IOs:    275249381  IOPS:   485291  Throughput:  1895.7 MB/s  Total: 1049.99 GB
[  567.4s] IOs:    275349952  IOPS:   485315  Throughput:  1895.8 MB/s  Total: 1050.38 GB
[  567.6s] IOs:    275450592  IOPS:   485276  Throughput:  1895.6 MB/s  Total: 1050.76 GB
[  568.1s] IOs:    275551250  IOPS:   485045  Throughput:  1894.7 MB/s  Total: 1051.14 GB
[  568.3s] IOs:    275651933  IOPS:   485053  Throughput:  1894.7 MB/s  Total: 1051.53 GB
[  568.9s] IOs:    275752494  IOPS:   484753  Throughput:  1893.6 MB/s  Total: 1051.91 GB
[Reader] Parsed 47000000 lines, distributed 275844999 writes, unique 310.99 GB, skipped 0
[  569.2s] IOs:    275852961  IOPS:   484639  Throughput:  1893.1 MB/s  Total: 1052.30 GB
[  569.7s] IOs:    275953729  IOPS:   484379  Throughput:  1892.1 MB/s  Total: 1052.68 GB
[  570.0s] IOs:    276054437  IOPS:   484325  Throughput:  1891.9 MB/s  Total: 1053.06 GB
[  570.2s] IOs:    276155383  IOPS:   484275  Throughput:  1891.7 MB/s  Total: 1053.45 GB
[  570.7s] IOs:    276256339  IOPS:   484049  Throughput:  1890.8 MB/s  Total: 1053.83 GB
[  570.9s] IOs:    276356894  IOPS:   484064  Throughput:  1890.9 MB/s  Total: 1054.22 GB
[  571.3s] IOs:    276457549  IOPS:   483949  Throughput:  1890.4 MB/s  Total: 1054.60 GB
[  571.8s] IOs:    276558172  IOPS:   483630  Throughput:  1889.2 MB/s  Total: 1054.99 GB
[  572.0s] IOs:    276658898  IOPS:   483633  Throughput:  1889.2 MB/s  Total: 1055.37 GB
[  572.2s] IOs:    276759874  IOPS:   483654  Throughput:  1889.3 MB/s  Total: 1055.76 GB
[  572.4s] IOs:    276860721  IOPS:   483668  Throughput:  1889.3 MB/s  Total: 1056.14 GB
[  572.9s] IOs:    276961431  IOPS:   483420  Throughput:  1888.4 MB/s  Total: 1056.52 GB
[  573.2s] IOs:    277061434  IOPS:   483366  Throughput:  1888.1 MB/s  Total: 1056.91 GB
[  573.4s] IOs:    277161478  IOPS:   483379  Throughput:  1888.2 MB/s  Total: 1057.29 GB
[  573.8s] IOs:    277261499  IOPS:   483193  Throughput:  1887.5 MB/s  Total: 1057.67 GB
[  574.1s] IOs:    277362409  IOPS:   483105  Throughput:  1887.1 MB/s  Total: 1058.05 GB
[  574.3s] IOs:    277462646  IOPS:   483123  Throughput:  1887.2 MB/s  Total: 1058.44 GB
[  574.7s] IOs:    277563101  IOPS:   482964  Throughput:  1886.6 MB/s  Total: 1058.82 GB
[  574.9s] IOs:    277663875  IOPS:   482979  Throughput:  1886.6 MB/s  Total: 1059.20 GB
[  575.2s] IOs:    277764687  IOPS:   482908  Throughput:  1886.4 MB/s  Total: 1059.59 GB
[  575.4s] IOs:    277864719  IOPS:   482896  Throughput:  1886.3 MB/s  Total: 1059.97 GB
[  575.7s] IOs:    277965206  IOPS:   482844  Throughput:  1886.1 MB/s  Total: 1060.35 GB
[  576.0s] IOs:    278065585  IOPS:   482763  Throughput:  1885.8 MB/s  Total: 1060.74 GB
[  576.2s] IOs:    278165941  IOPS:   482773  Throughput:  1885.8 MB/s  Total: 1061.12 GB
[  576.4s] IOs:    278266132  IOPS:   482801  Throughput:  1885.9 MB/s  Total: 1061.50 GB
[  576.6s] IOs:    278366193  IOPS:   482741  Throughput:  1885.7 MB/s  Total: 1061.88 GB
[  576.8s] IOs:    278466764  IOPS:   482745  Throughput:  1885.7 MB/s  Total: 1062.27 GB
[  577.0s] IOs:    278566813  IOPS:   482776  Throughput:  1885.8 MB/s  Total: 1062.65 GB
[  577.2s] IOs:    278667465  IOPS:   482753  Throughput:  1885.8 MB/s  Total: 1063.03 GB
[  577.4s] IOs:    278767874  IOPS:   482766  Throughput:  1885.8 MB/s  Total: 1063.42 GB
[  577.7s] IOs:    278868823  IOPS:   482700  Throughput:  1885.5 MB/s  Total: 1063.80 GB
[  577.9s] IOs:    278968931  IOPS:   482703  Throughput:  1885.6 MB/s  Total: 1064.18 GB
[  578.2s] IOs:    279069504  IOPS:   482683  Throughput:  1885.5 MB/s  Total: 1064.57 GB
[  578.3s] IOs:    279170473  IOPS:   482712  Throughput:  1885.6 MB/s  Total: 1064.95 GB
[  578.5s] IOs:    279270614  IOPS:   482733  Throughput:  1885.7 MB/s  Total: 1065.33 GB
[  578.8s] IOs:    279370770  IOPS:   482692  Throughput:  1885.5 MB/s  Total: 1065.71 GB
[  579.0s] IOs:    279471664  IOPS:   482716  Throughput:  1885.6 MB/s  Total: 1066.10 GB
[  579.2s] IOs:    279572236  IOPS:   482706  Throughput:  1885.6 MB/s  Total: 1066.48 GB
[  579.3s] IOs:    279672931  IOPS:   482736  Throughput:  1885.7 MB/s  Total: 1066.87 GB
[  579.6s] IOs:    279773400  IOPS:   482675  Throughput:  1885.4 MB/s  Total: 1067.25 GB
[  579.8s] IOs:    279874005  IOPS:   482699  Throughput:  1885.5 MB/s  Total: 1067.63 GB
[  580.0s] IOs:    279974832  IOPS:   482708  Throughput:  1885.6 MB/s  Total: 1068.02 GB
[  580.3s] IOs:    280075375  IOPS:   482652  Throughput:  1885.4 MB/s  Total: 1068.40 GB
[  580.5s] IOs:    280175665  IOPS:   482675  Throughput:  1885.4 MB/s  Total: 1068.79 GB
[  580.7s] IOs:    280275842  IOPS:   482641  Throughput:  1885.3 MB/s  Total: 1069.17 GB
[  580.9s] IOs:    280375878  IOPS:   482665  Throughput:  1885.4 MB/s  Total: 1069.55 GB
[  581.1s] IOs:    280476809  IOPS:   482642  Throughput:  1885.3 MB/s  Total: 1069.93 GB
[  581.3s] IOs:    280577290  IOPS:   482672  Throughput:  1885.4 MB/s  Total: 1070.32 GB
[  581.6s] IOs:    280677913  IOPS:   482607  Throughput:  1885.2 MB/s  Total: 1070.70 GB
[  581.8s] IOs:    280778275  IOPS:   482638  Throughput:  1885.3 MB/s  Total: 1071.08 GB
[  581.9s] IOs:    280879079  IOPS:   482666  Throughput:  1885.4 MB/s  Total: 1071.47 GB
[  582.3s] IOs:    280979565  IOPS:   482572  Throughput:  1885.0 MB/s  Total: 1071.85 GB
[  582.4s] IOs:    281079895  IOPS:   482602  Throughput:  1885.2 MB/s  Total: 1072.23 GB
[  582.6s] IOs:    281180183  IOPS:   482611  Throughput:  1885.2 MB/s  Total: 1072.62 GB
[  582.8s] IOs:    281280609  IOPS:   482629  Throughput:  1885.3 MB/s  Total: 1073.00 GB
[  583.0s] IOs:    281380940  IOPS:   482651  Throughput:  1885.4 MB/s  Total: 1073.38 GB
[  583.2s] IOs:    281481839  IOPS:   482634  Throughput:  1885.3 MB/s  Total: 1073.77 GB
[  583.4s] IOs:    281581994  IOPS:   482638  Throughput:  1885.3 MB/s  Total: 1074.15 GB
[  583.7s] IOs:    281682485  IOPS:   482556  Throughput:  1885.0 MB/s  Total: 1074.53 GB
[Reader] Parsed 48000000 lines, distributed 281763319 writes, unique 317.36 GB, skipped 0
[  583.9s] IOs:    281782730  IOPS:   482589  Throughput:  1885.1 MB/s  Total: 1074.92 GB
[  584.2s] IOs:    281883155  IOPS:   482525  Throughput:  1884.9 MB/s  Total: 1075.30 GB
[  584.4s] IOs:    281983350  IOPS:   482542  Throughput:  1884.9 MB/s  Total: 1075.68 GB
[  584.6s] IOs:    282083466  IOPS:   482484  Throughput:  1884.7 MB/s  Total: 1076.06 GB
[  584.9s] IOs:    282183913  IOPS:   482460  Throughput:  1884.6 MB/s  Total: 1076.45 GB
[  585.1s] IOs:    282284216  IOPS:   482483  Throughput:  1884.7 MB/s  Total: 1076.83 GB
[  585.3s] IOs:    282384727  IOPS:   482483  Throughput:  1884.7 MB/s  Total: 1077.21 GB
[  585.6s] IOs:    282484979  IOPS:   482394  Throughput:  1884.4 MB/s  Total: 1077.59 GB
[  585.8s] IOs:    282585876  IOPS:   482403  Throughput:  1884.4 MB/s  Total: 1077.98 GB
[  586.0s] IOs:    282686500  IOPS:   482419  Throughput:  1884.5 MB/s  Total: 1078.36 GB
[  586.3s] IOs:    282787039  IOPS:   482318  Throughput:  1884.1 MB/s  Total: 1078.75 GB
[  586.5s] IOs:    282887386  IOPS:   482322  Throughput:  1884.1 MB/s  Total: 1079.13 GB
[  586.7s] IOs:    282987689  IOPS:   482333  Throughput:  1884.1 MB/s  Total: 1079.51 GB
[  586.9s] IOs:    283088654  IOPS:   482337  Throughput:  1884.1 MB/s  Total: 1079.90 GB
[  587.1s] IOs:    283188978  IOPS:   482315  Throughput:  1884.0 MB/s  Total: 1080.28 GB
[  587.4s] IOs:    283289299  IOPS:   482309  Throughput:  1884.0 MB/s  Total: 1080.66 GB
[  587.5s] IOs:    283390024  IOPS:   482337  Throughput:  1884.1 MB/s  Total: 1081.05 GB
[  587.8s] IOs:    283490238  IOPS:   482304  Throughput:  1884.0 MB/s  Total: 1081.43 GB
[  588.0s] IOs:    283590630  IOPS:   482330  Throughput:  1884.1 MB/s  Total: 1081.81 GB
[  588.2s] IOs:    283690712  IOPS:   482273  Throughput:  1883.9 MB/s  Total: 1082.19 GB
[  588.4s] IOs:    283791268  IOPS:   482298  Throughput:  1884.0 MB/s  Total: 1082.58 GB
[  588.7s] IOs:    283891688  IOPS:   482229  Throughput:  1883.7 MB/s  Total: 1082.96 GB
[  588.9s] IOs:    283991845  IOPS:   482235  Throughput:  1883.7 MB/s  Total: 1083.34 GB
[  589.1s] IOs:    284091879  IOPS:   482264  Throughput:  1883.8 MB/s  Total: 1083.72 GB
[  589.3s] IOs:    284192096  IOPS:   482230  Throughput:  1883.7 MB/s  Total: 1084.11 GB
[  589.5s] IOs:    284292394  IOPS:   482231  Throughput:  1883.7 MB/s  Total: 1084.49 GB
[  589.8s] IOs:    284393040  IOPS:   482208  Throughput:  1883.6 MB/s  Total: 1084.87 GB
[  590.0s] IOs:    284493420  IOPS:   482221  Throughput:  1883.7 MB/s  Total: 1085.26 GB
[  590.1s] IOs:    284593429  IOPS:   482251  Throughput:  1883.8 MB/s  Total: 1085.64 GB
[  590.3s] IOs:    284693686  IOPS:   482255  Throughput:  1883.8 MB/s  Total: 1086.02 GB
[  590.5s] IOs:    284794548  IOPS:   482284  Throughput:  1883.9 MB/s  Total: 1086.40 GB
[  590.7s] IOs:    284894770  IOPS:   482272  Throughput:  1883.9 MB/s  Total: 1086.79 GB
[  590.9s] IOs:    284995197  IOPS:   482294  Throughput:  1884.0 MB/s  Total: 1087.17 GB
[  591.1s] IOs:    285095370  IOPS:   482320  Throughput:  1884.1 MB/s  Total: 1087.55 GB
[  591.4s] IOs:    285195426  IOPS:   482245  Throughput:  1883.8 MB/s  Total: 1087.93 GB
[  591.8s] IOs:    285295871  IOPS:   482112  Throughput:  1883.2 MB/s  Total: 1088.32 GB
[  592.0s] IOs:    285396662  IOPS:   482094  Throughput:  1883.2 MB/s  Total: 1088.70 GB
[  592.3s] IOs:    285497219  IOPS:   482027  Throughput:  1882.9 MB/s  Total: 1089.09 GB
[  592.5s] IOs:    285598223  IOPS:   482051  Throughput:  1883.0 MB/s  Total: 1089.47 GB
[  592.8s] IOs:    285698293  IOPS:   481918  Throughput:  1882.5 MB/s  Total: 1089.85 GB
[  593.0s] IOs:    285798793  IOPS:   481947  Throughput:  1882.6 MB/s  Total: 1090.24 GB
[  593.4s] IOs:    285899373  IOPS:   481836  Throughput:  1882.2 MB/s  Total: 1090.62 GB
[  593.5s] IOs:    285999381  IOPS:   481856  Throughput:  1882.2 MB/s  Total: 1091.00 GB
[  593.8s] IOs:    286100316  IOPS:   481772  Throughput:  1881.9 MB/s  Total: 1091.39 GB
[  594.1s] IOs:    286200601  IOPS:   481711  Throughput:  1881.7 MB/s  Total: 1091.77 GB
[  594.4s] IOs:    286301053  IOPS:   481665  Throughput:  1881.5 MB/s  Total: 1092.15 GB
[  594.6s] IOs:    286401281  IOPS:   481691  Throughput:  1881.6 MB/s  Total: 1092.53 GB
[  594.8s] IOs:    286501699  IOPS:   481677  Throughput:  1881.6 MB/s  Total: 1092.92 GB
[  595.0s] IOs:    286601782  IOPS:   481700  Throughput:  1881.6 MB/s  Total: 1093.30 GB
[  595.3s] IOs:    286701968  IOPS:   481608  Throughput:  1881.3 MB/s  Total: 1093.68 GB
[  595.5s] IOs:    286802926  IOPS:   481638  Throughput:  1881.4 MB/s  Total: 1094.07 GB
[  595.7s] IOs:    286903677  IOPS:   481588  Throughput:  1881.2 MB/s  Total: 1094.45 GB
[  596.1s] IOs:    287003951  IOPS:   481498  Throughput:  1880.9 MB/s  Total: 1094.83 GB
[  596.2s] IOs:    287104700  IOPS:   481521  Throughput:  1880.9 MB/s  Total: 1095.22 GB
[  596.5s] IOs:    287204952  IOPS:   481514  Throughput:  1880.9 MB/s  Total: 1095.60 GB
[  596.8s] IOs:    287305315  IOPS:   481442  Throughput:  1880.6 MB/s  Total: 1095.98 GB
[Reader] Parsed 49000000 lines, distributed 287365892 writes, unique 322.53 GB, skipped 0
[  597.0s] IOs:    287406000  IOPS:   481441  Throughput:  1880.6 MB/s  Total: 1096.37 GB
[  597.2s] IOs:    287506415  IOPS:   481422  Throughput:  1880.6 MB/s  Total: 1096.75 GB
[  597.5s] IOs:    287606919  IOPS:   481343  Throughput:  1880.2 MB/s  Total: 1097.13 GB
[  597.7s] IOs:    287707126  IOPS:   481368  Throughput:  1880.3 MB/s  Total: 1097.52 GB
[  597.9s] IOs:    287807322  IOPS:   481379  Throughput:  1880.4 MB/s  Total: 1097.90 GB
[  598.1s] IOs:    287907858  IOPS:   481382  Throughput:  1880.4 MB/s  Total: 1098.28 GB
[  598.3s] IOs:    288008559  IOPS:   481351  Throughput:  1880.3 MB/s  Total: 1098.67 GB
[  598.5s] IOs:    288109394  IOPS:   481359  Throughput:  1880.3 MB/s  Total: 1099.05 GB
[  598.9s] IOs:    288210022  IOPS:   481217  Throughput:  1879.8 MB/s  Total: 1099.43 GB
[  599.1s] IOs:    288310740  IOPS:   481240  Throughput:  1879.8 MB/s  Total: 1099.82 GB
[  599.3s] IOs:    288410993  IOPS:   481215  Throughput:  1879.7 MB/s  Total: 1100.20 GB
[  599.5s] IOs:    288511555  IOPS:   481242  Throughput:  1879.9 MB/s  Total: 1100.58 GB
[  599.8s] IOs:    288611958  IOPS:   481154  Throughput:  1879.5 MB/s  Total: 1100.97 GB
[  600.0s] IOs:    288712328  IOPS:   481167  Throughput:  1879.6 MB/s  Total: 1101.35 GB
[  600.4s] IOs:    288812569  IOPS:   481070  Throughput:  1879.2 MB/s  Total: 1101.73 GB
[  600.5s] IOs:    288913280  IOPS:   481095  Throughput:  1879.3 MB/s  Total: 1102.12 GB
[  600.8s] IOs:    289013787  IOPS:   481027  Throughput:  1879.0 MB/s  Total: 1102.50 GB
[  601.0s] IOs:    289114439  IOPS:   481057  Throughput:  1879.1 MB/s  Total: 1102.88 GB
[  601.3s] IOs:    289214547  IOPS:   480976  Throughput:  1878.8 MB/s  Total: 1103.27 GB
[  601.5s] IOs:    289314830  IOPS:   480998  Throughput:  1878.9 MB/s  Total: 1103.65 GB
[  601.8s] IOs:    289414850  IOPS:   480892  Throughput:  1878.5 MB/s  Total: 1104.03 GB
[  602.0s] IOs:    289515806  IOPS:   480914  Throughput:  1878.6 MB/s  Total: 1104.42 GB
[  602.2s] IOs:    289616355  IOPS:   480927  Throughput:  1878.6 MB/s  Total: 1104.80 GB
[  602.4s] IOs:    289716759  IOPS:   480945  Throughput:  1878.7 MB/s  Total: 1105.18 GB
[  602.7s] IOs:    289816923  IOPS:   480851  Throughput:  1878.3 MB/s  Total: 1105.56 GB
[  602.9s] IOs:    289917717  IOPS:   480876  Throughput:  1878.4 MB/s  Total: 1105.95 GB
[  603.2s] IOs:    290018270  IOPS:   480794  Throughput:  1878.1 MB/s  Total: 1106.33 GB
[  603.4s] IOs:    290118770  IOPS:   480820  Throughput:  1878.2 MB/s  Total: 1106.72 GB
[  603.6s] IOs:    290219405  IOPS:   480828  Throughput:  1878.2 MB/s  Total: 1107.10 GB
[  603.9s] IOs:    290319881  IOPS:   480740  Throughput:  1877.9 MB/s  Total: 1107.48 GB
[  604.1s] IOs:    290420430  IOPS:   480763  Throughput:  1878.0 MB/s  Total: 1107.87 GB
[  604.3s] IOs:    290520977  IOPS:   480750  Throughput:  1877.9 MB/s  Total: 1108.25 GB
[  604.5s] IOs:    290621323  IOPS:   480776  Throughput:  1878.0 MB/s  Total: 1108.63 GB
[  604.8s] IOs:    290721628  IOPS:   480721  Throughput:  1877.8 MB/s  Total: 1109.01 GB
[  604.9s] IOs:    290822025  IOPS:   480753  Throughput:  1877.9 MB/s  Total: 1109.40 GB
[  605.1s] IOs:    290922287  IOPS:   480781  Throughput:  1878.0 MB/s  Total: 1109.78 GB
[  605.3s] IOs:    291022697  IOPS:   480766  Throughput:  1878.0 MB/s  Total: 1110.16 GB
[  605.5s] IOs:    291123035  IOPS:   480793  Throughput:  1878.1 MB/s  Total: 1110.55 GB
[  605.8s] IOs:    291223311  IOPS:   480739  Throughput:  1877.9 MB/s  Total: 1110.93 GB
[  606.0s] IOs:    291323495  IOPS:   480748  Throughput:  1877.9 MB/s  Total: 1111.31 GB
[  606.2s] IOs:    291423597  IOPS:   480726  Throughput:  1877.8 MB/s  Total: 1111.69 GB
[  606.4s] IOs:    291523981  IOPS:   480755  Throughput:  1877.9 MB/s  Total: 1112.08 GB
[  606.6s] IOs:    291624231  IOPS:   480765  Throughput:  1878.0 MB/s  Total: 1112.46 GB
[  606.8s] IOs:    291724890  IOPS:   480757  Throughput:  1878.0 MB/s  Total: 1112.84 GB
[  607.0s] IOs:    291825272  IOPS:   480786  Throughput:  1878.1 MB/s  Total: 1113.23 GB
[  607.2s] IOs:    291925458  IOPS:   480809  Throughput:  1878.2 MB/s  Total: 1113.61 GB
[  607.4s] IOs:    292025838  IOPS:   480783  Throughput:  1878.1 MB/s  Total: 1113.99 GB
[  607.6s] IOs:    292126247  IOPS:   480811  Throughput:  1878.2 MB/s  Total: 1114.37 GB
[  607.7s] IOs:    292226626  IOPS:   480841  Throughput:  1878.3 MB/s  Total: 1114.76 GB
[  607.9s] IOs:    292327248  IOPS:   480868  Throughput:  1878.4 MB/s  Total: 1115.14 GB
[  608.1s] IOs:    292427639  IOPS:   480901  Throughput:  1878.5 MB/s  Total: 1115.52 GB
[  608.3s] IOs:    292527821  IOPS:   480915  Throughput:  1878.6 MB/s  Total: 1115.91 GB
[  608.4s] IOs:    292628379  IOPS:   480947  Throughput:  1878.7 MB/s  Total: 1116.29 GB
[  608.8s] IOs:    292728799  IOPS:   480859  Throughput:  1878.4 MB/s  Total: 1116.67 GB
[  608.9s] IOs:    292829191  IOPS:   480887  Throughput:  1878.5 MB/s  Total: 1117.05 GB
[  609.3s] IOs:    292929383  IOPS:   480793  Throughput:  1878.1 MB/s  Total: 1117.44 GB
[  609.4s] IOs:    293029570  IOPS:   480817  Throughput:  1878.2 MB/s  Total: 1117.82 GB
[  609.7s] IOs:    293129773  IOPS:   480741  Throughput:  1877.9 MB/s  Total: 1118.20 GB
[  609.9s] IOs:    293230518  IOPS:   480753  Throughput:  1877.9 MB/s  Total: 1118.59 GB
[  610.2s] IOs:    293331220  IOPS:   480702  Throughput:  1877.7 MB/s  Total: 1118.97 GB
[  610.4s] IOs:    293431354  IOPS:   480725  Throughput:  1877.8 MB/s  Total: 1119.35 GB
[  610.6s] IOs:    293531563  IOPS:   480751  Throughput:  1877.9 MB/s  Total: 1119.73 GB
[  610.9s] IOs:    293631609  IOPS:   480616  Throughput:  1877.4 MB/s  Total: 1120.12 GB
[Reader] Parsed 50000000 lines, distributed 293660310 writes, unique 329.98 GB, skipped 0
[  611.2s] IOs:    293731819  IOPS:   480605  Throughput:  1877.4 MB/s  Total: 1120.50 GB
[  611.3s] IOs:    293832239  IOPS:   480631  Throughput:  1877.5 MB/s  Total: 1120.88 GB
[  611.5s] IOs:    293932502  IOPS:   480653  Throughput:  1877.6 MB/s  Total: 1121.26 GB
[  611.9s] IOs:    294033368  IOPS:   480552  Throughput:  1877.2 MB/s  Total: 1121.65 GB
[  612.1s] IOs:    294133417  IOPS:   480570  Throughput:  1877.2 MB/s  Total: 1122.03 GB
[  612.4s] IOs:    294233871  IOPS:   480488  Throughput:  1876.9 MB/s  Total: 1122.41 GB
[  612.5s] IOs:    294334435  IOPS:   480515  Throughput:  1877.0 MB/s  Total: 1122.80 GB
[  612.8s] IOs:    294434608  IOPS:   480444  Throughput:  1876.7 MB/s  Total: 1123.18 GB
[  613.0s] IOs:    294534714  IOPS:   480469  Throughput:  1876.8 MB/s  Total: 1123.56 GB
[  613.3s] IOs:    294635622  IOPS:   480411  Throughput:  1876.6 MB/s  Total: 1123.95 GB
[  613.5s] IOs:    294736096  IOPS:   480442  Throughput:  1876.7 MB/s  Total: 1124.33 GB
[  613.8s] IOs:    294836591  IOPS:   480380  Throughput:  1876.5 MB/s  Total: 1124.71 GB
[  613.9s] IOs:    294937240  IOPS:   480414  Throughput:  1876.6 MB/s  Total: 1125.10 GB
[  614.1s] IOs:    295037573  IOPS:   480440  Throughput:  1876.7 MB/s  Total: 1125.48 GB
[  614.4s] IOs:    295138035  IOPS:   480387  Throughput:  1876.5 MB/s  Total: 1125.86 GB
[  614.6s] IOs:    295238542  IOPS:   480413  Throughput:  1876.6 MB/s  Total: 1126.25 GB
[  614.8s] IOs:    295339129  IOPS:   480386  Throughput:  1876.5 MB/s  Total: 1126.63 GB
[  615.1s] IOs:    295439597  IOPS:   480296  Throughput:  1876.2 MB/s  Total: 1127.01 GB
[  615.3s] IOs:    295540134  IOPS:   480318  Throughput:  1876.2 MB/s  Total: 1127.40 GB
[  615.5s] IOs:    295640712  IOPS:   480340  Throughput:  1876.3 MB/s  Total: 1127.78 GB
[  615.8s] IOs:    295741134  IOPS:   480267  Throughput:  1876.0 MB/s  Total: 1128.16 GB
[  616.0s] IOs:    295841249  IOPS:   480288  Throughput:  1876.1 MB/s  Total: 1128.54 GB
[  616.3s] IOs:    295941391  IOPS:   480206  Throughput:  1875.8 MB/s  Total: 1128.93 GB
[  616.5s] IOs:    296042058  IOPS:   480215  Throughput:  1875.8 MB/s  Total: 1129.31 GB
[  616.8s] IOs:    296142959  IOPS:   480146  Throughput:  1875.6 MB/s  Total: 1129.70 GB
[  617.0s] IOs:    296242976  IOPS:   480169  Throughput:  1875.7 MB/s  Total: 1130.08 GB
[  617.2s] IOs:    296342994  IOPS:   480123  Throughput:  1875.5 MB/s  Total: 1130.46 GB
[  617.4s] IOs:    296443182  IOPS:   480141  Throughput:  1875.6 MB/s  Total: 1130.84 GB
[  617.6s] IOs:    296544072  IOPS:   480162  Throughput:  1875.6 MB/s  Total: 1131.23 GB
[  617.9s] IOs:    296645065  IOPS:   480119  Throughput:  1875.5 MB/s  Total: 1131.61 GB
[  618.0s] IOs:    296745867  IOPS:   480134  Throughput:  1875.5 MB/s  Total: 1132.00 GB
[  618.3s] IOs:    296846475  IOPS:   480120  Throughput:  1875.5 MB/s  Total: 1132.38 GB
[  618.5s] IOs:    296946832  IOPS:   480145  Throughput:  1875.6 MB/s  Total: 1132.76 GB
[  618.7s] IOs:    297047095  IOPS:   480142  Throughput:  1875.6 MB/s  Total: 1133.14 GB
[  618.9s] IOs:    297147285  IOPS:   480160  Throughput:  1875.6 MB/s  Total: 1133.53 GB
[  619.0s] IOs:    297248335  IOPS:   480173  Throughput:  1875.7 MB/s  Total: 1133.91 GB
[  619.2s] IOs:    297348827  IOPS:   480188  Throughput:  1875.7 MB/s  Total: 1134.30 GB
[  619.4s] IOs:    297449413  IOPS:   480205  Throughput:  1875.8 MB/s  Total: 1134.68 GB
[  619.6s] IOs:    297550246  IOPS:   480226  Throughput:  1875.9 MB/s  Total: 1135.06 GB
[  619.8s] IOs:    297651179  IOPS:   480228  Throughput:  1875.9 MB/s  Total: 1135.45 GB
[  620.0s] IOs:    297751900  IOPS:   480246  Throughput:  1876.0 MB/s  Total: 1135.83 GB
[  620.3s] IOs:    297851979  IOPS:   480163  Throughput:  1875.6 MB/s  Total: 1136.22 GB
[  620.5s] IOs:    297952331  IOPS:   480192  Throughput:  1875.8 MB/s  Total: 1136.60 GB
[  620.8s] IOs:    298052869  IOPS:   480134  Throughput:  1875.5 MB/s  Total: 1136.98 GB
[  620.9s] IOs:    298153380  IOPS:   480161  Throughput:  1875.6 MB/s  Total: 1137.36 GB
[  621.2s] IOs:    298253518  IOPS:   480110  Throughput:  1875.4 MB/s  Total: 1137.75 GB
[  621.4s] IOs:    298353721  IOPS:   480120  Throughput:  1875.5 MB/s  Total: 1138.13 GB
[  621.6s] IOs:    298454417  IOPS:   480149  Throughput:  1875.6 MB/s  Total: 1138.51 GB
[  621.9s] IOs:    298555067  IOPS:   480106  Throughput:  1875.4 MB/s  Total: 1138.90 GB
[  622.0s] IOs:    298655641  IOPS:   480137  Throughput:  1875.5 MB/s  Total: 1139.28 GB
[  622.2s] IOs:    298755794  IOPS:   480133  Throughput:  1875.5 MB/s  Total: 1139.66 GB
[  622.4s] IOs:    298856781  IOPS:   480153  Throughput:  1875.6 MB/s  Total: 1140.05 GB
[  622.6s] IOs:    298957261  IOPS:   480180  Throughput:  1875.7 MB/s  Total: 1140.43 GB
[  622.8s] IOs:    299057608  IOPS:   480171  Throughput:  1875.7 MB/s  Total: 1140.81 GB
[  623.0s] IOs:    299158236  IOPS:   480196  Throughput:  1875.8 MB/s  Total: 1141.20 GB
[  623.3s] IOs:    299258678  IOPS:   480115  Throughput:  1875.4 MB/s  Total: 1141.58 GB
[  623.5s] IOs:    299359533  IOPS:   480138  Throughput:  1875.5 MB/s  Total: 1141.97 GB
[  623.7s] IOs:    299460081  IOPS:   480104  Throughput:  1875.4 MB/s  Total: 1142.35 GB
[  623.9s] IOs:    299560398  IOPS:   480120  Throughput:  1875.5 MB/s  Total: 1142.73 GB
[  624.1s] IOs:    299660789  IOPS:   480146  Throughput:  1875.6 MB/s  Total: 1143.12 GB
[  624.4s] IOs:    299760906  IOPS:   480106  Throughput:  1875.4 MB/s  Total: 1143.50 GB
[  624.5s] IOs:    299860925  IOPS:   480133  Throughput:  1875.5 MB/s  Total: 1143.88 GB
[Reader] Parsed 51000000 lines, distributed 299865487 writes, unique 336.87 GB, skipped 0
[  624.8s] IOs:    299961177  IOPS:   480098  Throughput:  1875.4 MB/s  Total: 1144.26 GB
[  625.1s] IOs:    300061754  IOPS:   480036  Throughput:  1875.1 MB/s  Total: 1144.64 GB
[  625.3s] IOs:    300162077  IOPS:   480054  Throughput:  1875.2 MB/s  Total: 1145.03 GB
[  625.4s] IOs:    300262695  IOPS:   480087  Throughput:  1875.3 MB/s  Total: 1145.41 GB
[  625.7s] IOs:    300363630  IOPS:   480030  Throughput:  1875.1 MB/s  Total: 1145.80 GB
[  625.9s] IOs:    300464517  IOPS:   480034  Throughput:  1875.1 MB/s  Total: 1146.18 GB
[  626.1s] IOs:    300565069  IOPS:   480058  Throughput:  1875.2 MB/s  Total: 1146.56 GB
[  626.4s] IOs:    300665793  IOPS:   480016  Throughput:  1875.1 MB/s  Total: 1146.95 GB
[  626.6s] IOs:    300766120  IOPS:   480013  Throughput:  1875.1 MB/s  Total: 1147.33 GB
[  626.8s] IOs:    300866309  IOPS:   480012  Throughput:  1875.0 MB/s  Total: 1147.71 GB
[  627.0s] IOs:    300966442  IOPS:   480037  Throughput:  1875.1 MB/s  Total: 1148.10 GB
[  627.3s] IOs:    301066571  IOPS:   479954  Throughput:  1874.8 MB/s  Total: 1148.48 GB
[  627.5s] IOs:    301166726  IOPS:   479982  Throughput:  1874.9 MB/s  Total: 1148.86 GB
[  627.6s] IOs:    301267639  IOPS:   479996  Throughput:  1875.0 MB/s  Total: 1149.24 GB
[  627.8s] IOs:    301368618  IOPS:   480018  Throughput:  1875.1 MB/s  Total: 1149.63 GB
[  628.0s] IOs:    301469387  IOPS:   480014  Throughput:  1875.1 MB/s  Total: 1150.01 GB
[  628.2s] IOs:    301569987  IOPS:   480038  Throughput:  1875.1 MB/s  Total: 1150.40 GB
[  628.4s] IOs:    301670319  IOPS:   480067  Throughput:  1875.3 MB/s  Total: 1150.78 GB
[  628.6s] IOs:    301770445  IOPS:   480094  Throughput:  1875.4 MB/s  Total: 1151.16 GB
[  628.8s] IOs:    301871455  IOPS:   480094  Throughput:  1875.4 MB/s  Total: 1151.55 GB
[  629.0s] IOs:    301971912  IOPS:   480111  Throughput:  1875.4 MB/s  Total: 1151.93 GB
[  629.3s] IOs:    302072164  IOPS:   480038  Throughput:  1875.1 MB/s  Total: 1152.31 GB
[  629.5s] IOs:    302172404  IOPS:   480056  Throughput:  1875.2 MB/s  Total: 1152.70 GB
[  629.7s] IOs:    302272590  IOPS:   479990  Throughput:  1875.0 MB/s  Total: 1153.08 GB
[  629.9s] IOs:    302372822  IOPS:   480006  Throughput:  1875.0 MB/s  Total: 1153.46 GB
[  630.1s] IOs:    302473160  IOPS:   480029  Throughput:  1875.1 MB/s  Total: 1153.84 GB
[  630.4s] IOs:    302573446  IOPS:   479939  Throughput:  1874.8 MB/s  Total: 1154.23 GB
[  630.6s] IOs:    302673884  IOPS:   479970  Throughput:  1874.9 MB/s  Total: 1154.61 GB
[  630.8s] IOs:    302774562  IOPS:   479973  Throughput:  1874.9 MB/s  Total: 1154.99 GB
[  631.0s] IOs:    302875322  IOPS:   479999  Throughput:  1875.0 MB/s  Total: 1155.38 GB
[  631.2s] IOs:    302976373  IOPS:   479969  Throughput:  1874.9 MB/s  Total: 1155.76 GB
[  631.4s] IOs:    303076946  IOPS:   480000  Throughput:  1875.0 MB/s  Total: 1156.15 GB
[  631.6s] IOs:    303177299  IOPS:   480020  Throughput:  1875.1 MB/s  Total: 1156.53 GB
[  632.0s] IOs:    303277998  IOPS:   479844  Throughput:  1874.4 MB/s  Total: 1156.91 GB
[  632.2s] IOs:    303378436  IOPS:   479846  Throughput:  1874.4 MB/s  Total: 1157.30 GB
[  632.4s] IOs:    303478480  IOPS:   479865  Throughput:  1874.5 MB/s  Total: 1157.68 GB
[  632.8s] IOs:    303578673  IOPS:   479766  Throughput:  1874.1 MB/s  Total: 1158.06 GB
[  632.9s] IOs:    303679150  IOPS:   479788  Throughput:  1874.2 MB/s  Total: 1158.44 GB
[  633.4s] IOs:    303779643  IOPS:   479635  Throughput:  1873.6 MB/s  Total: 1158.83 GB
[  633.5s] IOs:    303880053  IOPS:   479658  Throughput:  1873.7 MB/s  Total: 1159.21 GB
[  633.9s] IOs:    303980173  IOPS:   479542  Throughput:  1873.2 MB/s  Total: 1159.59 GB
[  634.1s] IOs:    304080445  IOPS:   479556  Throughput:  1873.3 MB/s  Total: 1159.97 GB
[  634.3s] IOs:    304181206  IOPS:   479519  Throughput:  1873.1 MB/s  Total: 1160.36 GB
[  634.5s] IOs:    304281682  IOPS:   479538  Throughput:  1873.2 MB/s  Total: 1160.74 GB
[  635.0s] IOs:    304382365  IOPS:   479324  Throughput:  1872.4 MB/s  Total: 1161.13 GB
[  635.2s] IOs:    304483112  IOPS:   479346  Throughput:  1872.4 MB/s  Total: 1161.51 GB
[  635.4s] IOs:    304583298  IOPS:   479338  Throughput:  1872.4 MB/s  Total: 1161.89 GB
[  635.6s] IOs:    304683565  IOPS:   479363  Throughput:  1872.5 MB/s  Total: 1162.28 GB
[  636.0s] IOs:    304784164  IOPS:   479248  Throughput:  1872.1 MB/s  Total: 1162.66 GB
[  636.1s] IOs:    304884846  IOPS:   479274  Throughput:  1872.2 MB/s  Total: 1163.04 GB
[  636.4s] IOs:    304985068  IOPS:   479220  Throughput:  1872.0 MB/s  Total: 1163.43 GB
[  636.6s] IOs:    305085118  IOPS:   479230  Throughput:  1872.0 MB/s  Total: 1163.81 GB
[  637.0s] IOs:    305185332  IOPS:   479112  Throughput:  1871.5 MB/s  Total: 1164.19 GB
[  637.2s] IOs:    305285919  IOPS:   479139  Throughput:  1871.6 MB/s  Total: 1164.57 GB
[  637.4s] IOs:    305386257  IOPS:   479098  Throughput:  1871.5 MB/s  Total: 1164.96 GB
[  637.6s] IOs:    305486319  IOPS:   479119  Throughput:  1871.6 MB/s  Total: 1165.34 GB
[  638.1s] IOs:    305586406  IOPS:   478913  Throughput:  1870.8 MB/s  Total: 1165.72 GB
[  638.3s] IOs:    305687351  IOPS:   478939  Throughput:  1870.9 MB/s  Total: 1166.10 GB
[  638.4s] IOs:    305787977  IOPS:   478957  Throughput:  1870.9 MB/s  Total: 1166.49 GB
[Reader] Parsed 52000000 lines, distributed 305855306 writes, unique 343.94 GB, skipped 0
[  638.8s] IOs:    305888443  IOPS:   478825  Throughput:  1870.4 MB/s  Total: 1166.87 GB
[  639.0s] IOs:    305988868  IOPS:   478824  Throughput:  1870.4 MB/s  Total: 1167.25 GB
[  639.3s] IOs:    306088927  IOPS:   478781  Throughput:  1870.2 MB/s  Total: 1167.64 GB
[  639.5s] IOs:    306189943  IOPS:   478788  Throughput:  1870.3 MB/s  Total: 1168.02 GB
[  639.8s] IOs:    306290848  IOPS:   478720  Throughput:  1870.0 MB/s  Total: 1168.41 GB
[  640.0s] IOs:    306391434  IOPS:   478746  Throughput:  1870.1 MB/s  Total: 1168.79 GB
[  640.3s] IOs:    306491724  IOPS:   478633  Throughput:  1869.7 MB/s  Total: 1169.17 GB
[  640.6s] IOs:    306592489  IOPS:   478626  Throughput:  1869.6 MB/s  Total: 1169.56 GB
[  640.8s] IOs:    306693238  IOPS:   478637  Throughput:  1869.7 MB/s  Total: 1169.94 GB
[  641.0s] IOs:    306793694  IOPS:   478630  Throughput:  1869.6 MB/s  Total: 1170.33 GB
[  641.2s] IOs:    306893956  IOPS:   478657  Throughput:  1869.8 MB/s  Total: 1170.71 GB
[  641.4s] IOs:    306994329  IOPS:   478603  Throughput:  1869.5 MB/s  Total: 1171.09 GB
[  641.6s] IOs:    307094467  IOPS:   478626  Throughput:  1869.6 MB/s  Total: 1171.47 GB
[  642.0s] IOs:    307194628  IOPS:   478520  Throughput:  1869.2 MB/s  Total: 1171.85 GB
[  642.2s] IOs:    307294975  IOPS:   478530  Throughput:  1869.3 MB/s  Total: 1172.24 GB
[  642.3s] IOs:    307395061  IOPS:   478560  Throughput:  1869.4 MB/s  Total: 1172.62 GB
[  642.5s] IOs:    307495722  IOPS:   478589  Throughput:  1869.5 MB/s  Total: 1173.00 GB
[  642.8s] IOs:    307596179  IOPS:   478504  Throughput:  1869.2 MB/s  Total: 1173.39 GB
[  643.0s] IOs:    307696497  IOPS:   478534  Throughput:  1869.3 MB/s  Total: 1173.77 GB
[  643.2s] IOs:    307797336  IOPS:   478562  Throughput:  1869.4 MB/s  Total: 1174.15 GB
[  643.4s] IOs:    307897849  IOPS:   478523  Throughput:  1869.2 MB/s  Total: 1174.54 GB
[  643.6s] IOs:    307998327  IOPS:   478550  Throughput:  1869.3 MB/s  Total: 1174.92 GB
[  643.9s] IOs:    308099163  IOPS:   478514  Throughput:  1869.2 MB/s  Total: 1175.31 GB
[  644.0s] IOs:    308199335  IOPS:   478541  Throughput:  1869.3 MB/s  Total: 1175.69 GB
[  644.3s] IOs:    308299588  IOPS:   478524  Throughput:  1869.2 MB/s  Total: 1176.07 GB
[  644.4s] IOs:    308400272  IOPS:   478555  Throughput:  1869.4 MB/s  Total: 1176.45 GB
[  644.7s] IOs:    308500705  IOPS:   478482  Throughput:  1869.1 MB/s  Total: 1176.84 GB
[  644.9s] IOs:    308600848  IOPS:   478494  Throughput:  1869.1 MB/s  Total: 1177.22 GB
[  645.2s] IOs:    308701725  IOPS:   478496  Throughput:  1869.1 MB/s  Total: 1177.60 GB
[  645.4s] IOs:    308802709  IOPS:   478457  Throughput:  1869.0 MB/s  Total: 1177.99 GB
[  645.6s] IOs:    308903185  IOPS:   478482  Throughput:  1869.1 MB/s  Total: 1178.37 GB
[  645.8s] IOs:    309003991  IOPS:   478466  Throughput:  1869.0 MB/s  Total: 1178.76 GB
[  646.0s] IOs:    309104297  IOPS:   478489  Throughput:  1869.1 MB/s  Total: 1179.14 GB
[  646.2s] IOs:    309204400  IOPS:   478511  Throughput:  1869.2 MB/s  Total: 1179.52 GB
[  646.4s] IOs:    309304597  IOPS:   478487  Throughput:  1869.1 MB/s  Total: 1179.90 GB
[  646.6s] IOs:    309405521  IOPS:   478510  Throughput:  1869.2 MB/s  Total: 1180.29 GB
[  646.8s] IOs:    309506474  IOPS:   478509  Throughput:  1869.2 MB/s  Total: 1180.67 GB
[  647.0s] IOs:    309607278  IOPS:   478531  Throughput:  1869.3 MB/s  Total: 1181.06 GB
[  647.2s] IOs:    309708208  IOPS:   478537  Throughput:  1869.3 MB/s  Total: 1181.44 GB
[  647.4s] IOs:    309808469  IOPS:   478513  Throughput:  1869.2 MB/s  Total: 1181.83 GB
[  647.6s] IOs:    309908758  IOPS:   478537  Throughput:  1869.3 MB/s  Total: 1182.21 GB
[  647.9s] IOs:    310008925  IOPS:   478448  Throughput:  1868.9 MB/s  Total: 1182.59 GB
[  648.1s] IOs:    310109241  IOPS:   478473  Throughput:  1869.0 MB/s  Total: 1182.97 GB
[  648.3s] IOs:    310209315  IOPS:   478499  Throughput:  1869.1 MB/s  Total: 1183.35 GB
[  648.5s] IOs:    310309485  IOPS:   478514  Throughput:  1869.2 MB/s  Total: 1183.74 GB
[  648.7s] IOs:    310409730  IOPS:   478540  Throughput:  1869.3 MB/s  Total: 1184.12 GB
[  649.0s] IOs:    310510225  IOPS:   478479  Throughput:  1869.1 MB/s  Total: 1184.50 GB
[  649.1s] IOs:    310611089  IOPS:   478500  Throughput:  1869.1 MB/s  Total: 1184.89 GB
[  649.4s] IOs:    310711128  IOPS:   478457  Throughput:  1869.0 MB/s  Total: 1185.27 GB
[  649.6s] IOs:    310812142  IOPS:   478483  Throughput:  1869.1 MB/s  Total: 1185.65 GB
[  649.9s] IOs:    310912425  IOPS:   478386  Throughput:  1868.7 MB/s  Total: 1186.04 GB
[  650.1s] IOs:    311012962  IOPS:   478404  Throughput:  1868.8 MB/s  Total: 1186.42 GB
[  650.4s] IOs:    311113671  IOPS:   478336  Throughput:  1868.5 MB/s  Total: 1186.80 GB
[  650.6s] IOs:    311214180  IOPS:   478360  Throughput:  1868.6 MB/s  Total: 1187.19 GB
[  650.9s] IOs:    311314252  IOPS:   478269  Throughput:  1868.2 MB/s  Total: 1187.57 GB
[  651.1s] IOs:    311414346  IOPS:   478293  Throughput:  1868.3 MB/s  Total: 1187.95 GB
[  651.4s] IOs:    311514674  IOPS:   478227  Throughput:  1868.1 MB/s  Total: 1188.33 GB
[  651.6s] IOs:    311615282  IOPS:   478259  Throughput:  1868.2 MB/s  Total: 1188.72 GB
[  651.9s] IOs:    311715905  IOPS:   478168  Throughput:  1867.8 MB/s  Total: 1189.10 GB
[  652.1s] IOs:    311816335  IOPS:   478165  Throughput:  1867.8 MB/s  Total: 1189.48 GB
[  652.4s] IOs:    311916672  IOPS:   478143  Throughput:  1867.7 MB/s  Total: 1189.87 GB
[  652.5s] IOs:    312017111  IOPS:   478166  Throughput:  1867.8 MB/s  Total: 1190.25 GB
[  652.8s] IOs:    312117718  IOPS:   478113  Throughput:  1867.6 MB/s  Total: 1190.63 GB
[  653.0s] IOs:    312218013  IOPS:   478129  Throughput:  1867.7 MB/s  Total: 1191.02 GB
[  653.3s] IOs:    312318067  IOPS:   478084  Throughput:  1867.5 MB/s  Total: 1191.40 GB
[  653.4s] IOs:    312418282  IOPS:   478106  Throughput:  1867.6 MB/s  Total: 1191.78 GB
[  653.6s] IOs:    312518708  IOPS:   478131  Throughput:  1867.7 MB/s  Total: 1192.16 GB
[  653.9s] IOs:    312619294  IOPS:   478102  Throughput:  1867.6 MB/s  Total: 1192.55 GB
[Reader] Parsed 53000000 lines, distributed 312635281 writes, unique 353.05 GB, skipped 0
[  654.0s] IOs:    312720080  IOPS:   478130  Throughput:  1867.7 MB/s  Total: 1192.93 GB
[  654.3s] IOs:    312820278  IOPS:   478097  Throughput:  1867.6 MB/s  Total: 1193.31 GB
[  654.6s] IOs:    312920747  IOPS:   478051  Throughput:  1867.4 MB/s  Total: 1193.70 GB
[  654.8s] IOs:    313020899  IOPS:   478059  Throughput:  1867.4 MB/s  Total: 1194.08 GB
[  655.0s] IOs:    313121597  IOPS:   478083  Throughput:  1867.5 MB/s  Total: 1194.46 GB
[  655.2s] IOs:    313221944  IOPS:   478031  Throughput:  1867.3 MB/s  Total: 1194.85 GB
[  655.4s] IOs:    313321952  IOPS:   478035  Throughput:  1867.3 MB/s  Total: 1195.23 GB
[  655.6s] IOs:    313422013  IOPS:   478061  Throughput:  1867.4 MB/s  Total: 1195.61 GB
[  655.9s] IOs:    313522458  IOPS:   477988  Throughput:  1867.1 MB/s  Total: 1195.99 GB
[  656.1s] IOs:    313622918  IOPS:   478011  Throughput:  1867.2 MB/s  Total: 1196.38 GB
[  656.4s] IOs:    313723554  IOPS:   477954  Throughput:  1867.0 MB/s  Total: 1196.76 GB
[  656.6s] IOs:    313823930  IOPS:   477973  Throughput:  1867.1 MB/s  Total: 1197.14 GB
[  656.9s] IOs:    313924771  IOPS:   477922  Throughput:  1866.9 MB/s  Total: 1197.53 GB
[  657.1s] IOs:    314025141  IOPS:   477925  Throughput:  1866.9 MB/s  Total: 1197.91 GB
[  657.2s] IOs:    314125423  IOPS:   477949  Throughput:  1867.0 MB/s  Total: 1198.29 GB
[  657.4s] IOs:    314226124  IOPS:   477976  Throughput:  1867.1 MB/s  Total: 1198.68 GB
[  657.7s] IOs:    314326639  IOPS:   477916  Throughput:  1866.9 MB/s  Total: 1199.06 GB
[  657.9s] IOs:    314427446  IOPS:   477939  Throughput:  1866.9 MB/s  Total: 1199.45 GB
[  658.1s] IOs:    314528392  IOPS:   477961  Throughput:  1867.0 MB/s  Total: 1199.83 GB
[  658.3s] IOs:    314628684  IOPS:   477923  Throughput:  1866.9 MB/s  Total: 1200.21 GB
[  658.5s] IOs:    314729124  IOPS:   477950  Throughput:  1867.0 MB/s  Total: 1200.60 GB
[  658.8s] IOs:    314830110  IOPS:   477852  Throughput:  1866.6 MB/s  Total: 1200.98 GB
[  659.0s] IOs:    314930236  IOPS:   477885  Throughput:  1866.7 MB/s  Total: 1201.36 GB
[  659.2s] IOs:    315030402  IOPS:   477886  Throughput:  1866.7 MB/s  Total: 1201.75 GB
[  659.4s] IOs:    315130453  IOPS:   477890  Throughput:  1866.8 MB/s  Total: 1202.13 GB
[  659.6s] IOs:    315231233  IOPS:   477921  Throughput:  1866.9 MB/s  Total: 1202.51 GB
[  660.1s] IOs:    315331847  IOPS:   477722  Throughput:  1866.1 MB/s  Total: 1202.90 GB
[  660.3s] IOs:    315432333  IOPS:   477739  Throughput:  1866.2 MB/s  Total: 1203.28 GB
[  660.4s] IOs:    315533204  IOPS:   477764  Throughput:  1866.3 MB/s  Total: 1203.66 GB
[  660.9s] IOs:    315633208  IOPS:   477571  Throughput:  1865.5 MB/s  Total: 1204.05 GB
[  661.1s] IOs:    315733573  IOPS:   477594  Throughput:  1865.6 MB/s  Total: 1204.43 GB
[  661.5s] IOs:    315834109  IOPS:   477480  Throughput:  1865.2 MB/s  Total: 1204.81 GB
[  661.8s] IOs:    315934675  IOPS:   477406  Throughput:  1864.9 MB/s  Total: 1205.20 GB
[  662.0s] IOs:    316035425  IOPS:   477405  Throughput:  1864.9 MB/s  Total: 1205.58 GB
[  662.3s] IOs:    316135829  IOPS:   477327  Throughput:  1864.6 MB/s  Total: 1205.96 GB
[  662.5s] IOs:    316236241  IOPS:   477346  Throughput:  1864.6 MB/s  Total: 1206.35 GB
[  662.8s] IOs:    316336740  IOPS:   477250  Throughput:  1864.3 MB/s  Total: 1206.73 GB
[  663.0s] IOs:    316437456  IOPS:   477273  Throughput:  1864.3 MB/s  Total: 1207.11 GB
[  663.5s] IOs:    316538268  IOPS:   477107  Throughput:  1863.7 MB/s  Total: 1207.50 GB
[  663.6s] IOs:    316638782  IOPS:   477130  Throughput:  1863.8 MB/s  Total: 1207.88 GB
[  663.9s] IOs:    316739295  IOPS:   477071  Throughput:  1863.6 MB/s  Total: 1208.26 GB
[  664.1s] IOs:    316839457  IOPS:   477094  Throughput:  1863.6 MB/s  Total: 1208.65 GB
[  664.6s] IOs:    316940137  IOPS:   476888  Throughput:  1862.8 MB/s  Total: 1209.03 GB
[  664.8s] IOs:    317040270  IOPS:   476911  Throughput:  1862.9 MB/s  Total: 1209.41 GB
[  665.0s] IOs:    317140761  IOPS:   476906  Throughput:  1862.9 MB/s  Total: 1209.80 GB
[  665.4s] IOs:    317240955  IOPS:   476799  Throughput:  1862.5 MB/s  Total: 1210.18 GB
[  665.5s] IOs:    317341463  IOPS:   476828  Throughput:  1862.6 MB/s  Total: 1210.56 GB
[  665.9s] IOs:    317442213  IOPS:   476676  Throughput:  1862.0 MB/s  Total: 1210.95 GB
[  666.1s] IOs:    317543064  IOPS:   476697  Throughput:  1862.1 MB/s  Total: 1211.33 GB
[  666.4s] IOs:    317643584  IOPS:   476653  Throughput:  1861.9 MB/s  Total: 1211.71 GB
[  666.6s] IOs:    317744000  IOPS:   476677  Throughput:  1862.0 MB/s  Total: 1212.10 GB
[  666.9s] IOs:    317844525  IOPS:   476568  Throughput:  1861.6 MB/s  Total: 1212.48 GB
[  667.1s] IOs:    317944770  IOPS:   476597  Throughput:  1861.7 MB/s  Total: 1212.86 GB
[  667.5s] IOs:    318045321  IOPS:   476500  Throughput:  1861.3 MB/s  Total: 1213.25 GB
[  667.6s] IOs:    318145669  IOPS:   476530  Throughput:  1861.4 MB/s  Total: 1213.63 GB
[  667.9s] IOs:    318245786  IOPS:   476463  Throughput:  1861.2 MB/s  Total: 1214.01 GB
[  668.1s] IOs:    318345976  IOPS:   476486  Throughput:  1861.3 MB/s  Total: 1214.39 GB
[  668.5s] IOs:    318446418  IOPS:   476383  Throughput:  1860.9 MB/s  Total: 1214.78 GB
[  668.6s] IOs:    318546993  IOPS:   476404  Throughput:  1861.0 MB/s  Total: 1215.16 GB
[  668.9s] IOs:    318647364  IOPS:   476367  Throughput:  1860.8 MB/s  Total: 1215.54 GB
[  669.1s] IOs:    318747657  IOPS:   476392  Throughput:  1860.9 MB/s  Total: 1215.93 GB
[  669.4s] IOs:    318848379  IOPS:   476327  Throughput:  1860.7 MB/s  Total: 1216.31 GB
[  669.7s] IOs:    318949091  IOPS:   476276  Throughput:  1860.5 MB/s  Total: 1216.69 GB
[  669.9s] IOs:    319049671  IOPS:   476280  Throughput:  1860.5 MB/s  Total: 1217.08 GB
[  670.1s] IOs:    319150376  IOPS:   476303  Throughput:  1860.6 MB/s  Total: 1217.46 GB
[  670.4s] IOs:    319251150  IOPS:   476216  Throughput:  1860.2 MB/s  Total: 1217.85 GB
[  670.6s] IOs:    319351654  IOPS:   476239  Throughput:  1860.3 MB/s  Total: 1218.23 GB
[  670.9s] IOs:    319452023  IOPS:   476165  Throughput:  1860.0 MB/s  Total: 1218.61 GB
[  671.1s] IOs:    319552554  IOPS:   476193  Throughput:  1860.1 MB/s  Total: 1219.00 GB
[  671.4s] IOs:    319652879  IOPS:   476094  Throughput:  1859.7 MB/s  Total: 1219.38 GB
[  671.6s] IOs:    319753424  IOPS:   476122  Throughput:  1859.9 MB/s  Total: 1219.76 GB
[  671.9s] IOs:    319853917  IOPS:   476050  Throughput:  1859.6 MB/s  Total: 1220.15 GB
[  672.1s] IOs:    319954567  IOPS:   476077  Throughput:  1859.7 MB/s  Total: 1220.53 GB
[  672.3s] IOs:    320055460  IOPS:   476047  Throughput:  1859.6 MB/s  Total: 1220.91 GB
[  672.5s] IOs:    320155960  IOPS:   476070  Throughput:  1859.6 MB/s  Total: 1221.30 GB
[  672.7s] IOs:    320256402  IOPS:   476092  Throughput:  1859.7 MB/s  Total: 1221.68 GB
[Reader] Parsed 54000000 lines, distributed 320293031 writes, unique 362.64 GB, skipped 0
[  673.3s] IOs:    320357207  IOPS:   475811  Throughput:  1858.6 MB/s  Total: 1222.07 GB
[  673.8s] IOs:    320457607  IOPS:   475598  Throughput:  1857.8 MB/s  Total: 1222.45 GB
[  674.3s] IOs:    320558160  IOPS:   475400  Throughput:  1857.0 MB/s  Total: 1222.83 GB
[  674.6s] IOs:    320658892  IOPS:   475316  Throughput:  1856.7 MB/s  Total: 1223.22 GB
[  675.0s] IOs:    320759683  IOPS:   475206  Throughput:  1856.3 MB/s  Total: 1223.60 GB
[  675.5s] IOs:    320860662  IOPS:   474970  Throughput:  1855.4 MB/s  Total: 1223.99 GB
[  675.9s] IOs:    320961065  IOPS:   474852  Throughput:  1854.9 MB/s  Total: 1224.37 GB
[  676.5s] IOs:    321061071  IOPS:   474621  Throughput:  1854.0 MB/s  Total: 1224.75 GB
[  677.1s] IOs:    321161488  IOPS:   474337  Throughput:  1852.9 MB/s  Total: 1225.13 GB
[  677.3s] IOs:    321261940  IOPS:   474331  Throughput:  1852.9 MB/s  Total: 1225.52 GB
[  677.5s] IOs:    321362100  IOPS:   474348  Throughput:  1852.9 MB/s  Total: 1225.90 GB
[  678.0s] IOs:    321462420  IOPS:   474101  Throughput:  1852.0 MB/s  Total: 1226.28 GB
[  678.4s] IOs:    321562746  IOPS:   474031  Throughput:  1851.7 MB/s  Total: 1226.66 GB
[  678.6s] IOs:    321663060  IOPS:   474040  Throughput:  1851.7 MB/s  Total: 1227.05 GB
[  679.1s] IOs:    321763161  IOPS:   473780  Throughput:  1850.7 MB/s  Total: 1227.43 GB
[  679.4s] IOs:    321863418  IOPS:   473761  Throughput:  1850.6 MB/s  Total: 1227.81 GB
[  679.6s] IOs:    321964006  IOPS:   473790  Throughput:  1850.7 MB/s  Total: 1228.20 GB
[  680.0s] IOs:    322064479  IOPS:   473603  Throughput:  1850.0 MB/s  Total: 1228.58 GB
[  680.3s] IOs:    322165062  IOPS:   473547  Throughput:  1849.8 MB/s  Total: 1228.96 GB
[  680.5s] IOs:    322265607  IOPS:   473571  Throughput:  1849.9 MB/s  Total: 1229.35 GB
[  681.1s] IOs:    322366261  IOPS:   473288  Throughput:  1848.8 MB/s  Total: 1229.73 GB
[  681.3s] IOs:    322466514  IOPS:   473282  Throughput:  1848.8 MB/s  Total: 1230.11 GB
[  681.9s] IOs:    322567495  IOPS:   473066  Throughput:  1847.9 MB/s  Total: 1230.50 GB
[  682.1s] IOs:    322668432  IOPS:   473071  Throughput:  1847.9 MB/s  Total: 1230.88 GB
[  682.5s] IOs:    322769206  IOPS:   472928  Throughput:  1847.4 MB/s  Total: 1231.27 GB
[  683.2s] IOs:    322869673  IOPS:   472614  Throughput:  1846.1 MB/s  Total: 1231.65 GB
[  683.4s] IOs:    322969911  IOPS:   472599  Throughput:  1846.1 MB/s  Total: 1232.03 GB
[  683.9s] IOs:    323070524  IOPS:   472416  Throughput:  1845.4 MB/s  Total: 1232.42 GB
[  684.1s] IOs:    323170802  IOPS:   472389  Throughput:  1845.3 MB/s  Total: 1232.80 GB
[  684.5s] IOs:    323271101  IOPS:   472308  Throughput:  1845.0 MB/s  Total: 1233.18 GB
[  684.9s] IOs:    323371406  IOPS:   472110  Throughput:  1844.2 MB/s  Total: 1233.56 GB
[  685.1s] IOs:    323472411  IOPS:   472124  Throughput:  1844.2 MB/s  Total: 1233.95 GB
[  685.4s] IOs:    323572606  IOPS:   472094  Throughput:  1844.1 MB/s  Total: 1234.33 GB
[  685.8s] IOs:    323673042  IOPS:   471976  Throughput:  1843.7 MB/s  Total: 1234.71 GB
[  686.1s] IOs:    323773640  IOPS:   471913  Throughput:  1843.4 MB/s  Total: 1235.10 GB
[  686.3s] IOs:    323873685  IOPS:   471879  Throughput:  1843.3 MB/s  Total: 1235.48 GB
[  686.5s] IOs:    323974079  IOPS:   471901  Throughput:  1843.4 MB/s  Total: 1235.86 GB
[  686.9s] IOs:    324074770  IOPS:   471779  Throughput:  1842.9 MB/s  Total: 1236.25 GB
[  687.1s] IOs:    324175375  IOPS:   471786  Throughput:  1842.9 MB/s  Total: 1236.63 GB
[  687.4s] IOs:    324276035  IOPS:   471733  Throughput:  1842.7 MB/s  Total: 1237.01 GB
[  687.7s] IOs:    324376101  IOPS:   471658  Throughput:  1842.4 MB/s  Total: 1237.40 GB
[  687.9s] IOs:    324476493  IOPS:   471659  Throughput:  1842.4 MB/s  Total: 1237.78 GB
[  688.3s] IOs:    324576558  IOPS:   471564  Throughput:  1842.0 MB/s  Total: 1238.16 GB
[  688.6s] IOs:    324676996  IOPS:   471536  Throughput:  1841.9 MB/s  Total: 1238.54 GB
[  688.8s] IOs:    324777260  IOPS:   471515  Throughput:  1841.9 MB/s  Total: 1238.93 GB
[  689.0s] IOs:    324878270  IOPS:   471538  Throughput:  1841.9 MB/s  Total: 1239.31 GB
[  689.3s] IOs:    324979195  IOPS:   471472  Throughput:  1841.7 MB/s  Total: 1239.70 GB
[  689.6s] IOs:    325079305  IOPS:   471387  Throughput:  1841.4 MB/s  Total: 1240.08 GB
[  689.8s] IOs:    325179794  IOPS:   471404  Throughput:  1841.4 MB/s  Total: 1240.46 GB
[  690.0s] IOs:    325280192  IOPS:   471435  Throughput:  1841.5 MB/s  Total: 1240.85 GB
[  690.3s] IOs:    325380610  IOPS:   471350  Throughput:  1841.2 MB/s  Total: 1241.23 GB
[  690.5s] IOs:    325480644  IOPS:   471368  Throughput:  1841.3 MB/s  Total: 1241.61 GB
[  690.8s] IOs:    325581621  IOPS:   471297  Throughput:  1841.0 MB/s  Total: 1242.00 GB
[  691.0s] IOs:    325682072  IOPS:   471323  Throughput:  1841.1 MB/s  Total: 1242.38 GB
[  691.3s] IOs:    325782873  IOPS:   471272  Throughput:  1840.9 MB/s  Total: 1242.76 GB
[  691.5s] IOs:    325883884  IOPS:   471290  Throughput:  1841.0 MB/s  Total: 1243.15 GB
[  691.7s] IOs:    325984135  IOPS:   471310  Throughput:  1841.1 MB/s  Total: 1243.53 GB
[  692.0s] IOs:    326084370  IOPS:   471215  Throughput:  1840.7 MB/s  Total: 1243.91 GB
[  692.2s] IOs:    326184757  IOPS:   471234  Throughput:  1840.8 MB/s  Total: 1244.30 GB
[  692.5s] IOs:    326285008  IOPS:   471198  Throughput:  1840.6 MB/s  Total: 1244.68 GB
[  692.6s] IOs:    326385791  IOPS:   471218  Throughput:  1840.7 MB/s  Total: 1245.06 GB
[  692.9s] IOs:    326486005  IOPS:   471201  Throughput:  1840.6 MB/s  Total: 1245.45 GB
[  693.1s] IOs:    326586106  IOPS:   471229  Throughput:  1840.7 MB/s  Total: 1245.83 GB
[  693.4s] IOs:    326686506  IOPS:   471161  Throughput:  1840.5 MB/s  Total: 1246.21 GB
[  693.6s] IOs:    326787094  IOPS:   471175  Throughput:  1840.5 MB/s  Total: 1246.59 GB
[  693.7s] IOs:    326887537  IOPS:   471204  Throughput:  1840.6 MB/s  Total: 1246.98 GB
[  693.9s] IOs:    326987596  IOPS:   471228  Throughput:  1840.7 MB/s  Total: 1247.36 GB
[  694.1s] IOs:    327087755  IOPS:   471252  Throughput:  1840.8 MB/s  Total: 1247.74 GB
[  694.3s] IOs:    327188254  IOPS:   471250  Throughput:  1840.8 MB/s  Total: 1248.12 GB
[  694.6s] IOs:    327288899  IOPS:   471167  Throughput:  1840.5 MB/s  Total: 1248.51 GB
[  694.8s] IOs:    327389665  IOPS:   471196  Throughput:  1840.6 MB/s  Total: 1248.89 GB
[  695.0s] IOs:    327489835  IOPS:   471226  Throughput:  1840.7 MB/s  Total: 1249.27 GB
[  695.3s] IOs:    327590239  IOPS:   471157  Throughput:  1840.5 MB/s  Total: 1249.66 GB
[  695.5s] IOs:    327690438  IOPS:   471183  Throughput:  1840.6 MB/s  Total: 1250.04 GB
[  695.7s] IOs:    327791000  IOPS:   471191  Throughput:  1840.6 MB/s  Total: 1250.42 GB
[  695.9s] IOs:    327891585  IOPS:   471152  Throughput:  1840.4 MB/s  Total: 1250.81 GB
[  696.1s] IOs:    327992040  IOPS:   471184  Throughput:  1840.6 MB/s  Total: 1251.19 GB
[  696.4s] IOs:    328092246  IOPS:   471140  Throughput:  1840.4 MB/s  Total: 1251.57 GB
[  696.6s] IOs:    328192603  IOPS:   471157  Throughput:  1840.5 MB/s  Total: 1251.96 GB
[  696.8s] IOs:    328293154  IOPS:   471137  Throughput:  1840.4 MB/s  Total: 1252.34 GB
[  697.0s] IOs:    328393714  IOPS:   471161  Throughput:  1840.5 MB/s  Total: 1252.72 GB
[  697.2s] IOs:    328493836  IOPS:   471183  Throughput:  1840.6 MB/s  Total: 1253.10 GB
[  697.4s] IOs:    328594301  IOPS:   471158  Throughput:  1840.5 MB/s  Total: 1253.49 GB
[  697.6s] IOs:    328695122  IOPS:   471182  Throughput:  1840.6 MB/s  Total: 1253.87 GB
[Reader] Parsed 55000000 lines, distributed 328713225 writes, unique 373.89 GB, skipped 0
[  697.8s] IOs:    328795292  IOPS:   471209  Throughput:  1840.7 MB/s  Total: 1254.25 GB
[  698.1s] IOs:    328896182  IOPS:   471134  Throughput:  1840.4 MB/s  Total: 1254.64 GB
[  698.3s] IOs:    328996758  IOPS:   471162  Throughput:  1840.5 MB/s  Total: 1255.02 GB
[  698.4s] IOs:    329097592  IOPS:   471189  Throughput:  1840.6 MB/s  Total: 1255.41 GB
[  698.6s] IOs:    329198541  IOPS:   471218  Throughput:  1840.7 MB/s  Total: 1255.79 GB
[  699.0s] IOs:    329299094  IOPS:   471133  Throughput:  1840.4 MB/s  Total: 1256.18 GB
[  699.1s] IOs:    329399422  IOPS:   471159  Throughput:  1840.5 MB/s  Total: 1256.56 GB
[  699.4s] IOs:    329499858  IOPS:   471136  Throughput:  1840.4 MB/s  Total: 1256.94 GB
[  699.5s] IOs:    329600037  IOPS:   471162  Throughput:  1840.5 MB/s  Total: 1257.32 GB
[  699.8s] IOs:    329700204  IOPS:   471131  Throughput:  1840.4 MB/s  Total: 1257.71 GB
[  700.0s] IOs:    329800400  IOPS:   471155  Throughput:  1840.5 MB/s  Total: 1258.09 GB
[  700.2s] IOs:    329900915  IOPS:   471159  Throughput:  1840.5 MB/s  Total: 1258.47 GB
[  700.4s] IOs:    330001841  IOPS:   471163  Throughput:  1840.5 MB/s  Total: 1258.86 GB
[  700.6s] IOs:    330101997  IOPS:   471190  Throughput:  1840.6 MB/s  Total: 1259.24 GB
[  700.8s] IOs:    330202820  IOPS:   471186  Throughput:  1840.6 MB/s  Total: 1259.62 GB
[  701.0s] IOs:    330302852  IOPS:   471202  Throughput:  1840.6 MB/s  Total: 1260.01 GB
[  701.2s] IOs:    330403846  IOPS:   471208  Throughput:  1840.7 MB/s  Total: 1260.39 GB
[  701.5s] IOs:    330504325  IOPS:   471120  Throughput:  1840.3 MB/s  Total: 1260.77 GB
[  701.7s] IOs:    330604541  IOPS:   471139  Throughput:  1840.4 MB/s  Total: 1261.16 GB
[  701.9s] IOs:    330705431  IOPS:   471164  Throughput:  1840.5 MB/s  Total: 1261.54 GB
[  702.1s] IOs:    330805517  IOPS:   471190  Throughput:  1840.6 MB/s  Total: 1261.92 GB
[  702.3s] IOs:    330906124  IOPS:   471200  Throughput:  1840.6 MB/s  Total: 1262.31 GB
[  702.4s] IOs:    331006601  IOPS:   471218  Throughput:  1840.7 MB/s  Total: 1262.69 GB
[  702.6s] IOs:    331106825  IOPS:   471236  Throughput:  1840.8 MB/s  Total: 1263.07 GB
[  702.8s] IOs:    331207054  IOPS:   471259  Throughput:  1840.9 MB/s  Total: 1263.45 GB
[  703.0s] IOs:    331307418  IOPS:   471279  Throughput:  1840.9 MB/s  Total: 1263.84 GB
[  703.2s] IOs:    331407733  IOPS:   471294  Throughput:  1841.0 MB/s  Total: 1264.22 GB
[  703.4s] IOs:    331508419  IOPS:   471296  Throughput:  1841.0 MB/s  Total: 1264.60 GB
[  703.6s] IOs:    331608689  IOPS:   471320  Throughput:  1841.1 MB/s  Total: 1264.99 GB
[  703.8s] IOs:    331708954  IOPS:   471341  Throughput:  1841.2 MB/s  Total: 1265.37 GB
[  703.9s] IOs:    331809764  IOPS:   471356  Throughput:  1841.2 MB/s  Total: 1265.75 GB
[  704.1s] IOs:    331910416  IOPS:   471378  Throughput:  1841.3 MB/s  Total: 1266.14 GB
[  704.3s] IOs:    332011006  IOPS:   471404  Throughput:  1841.4 MB/s  Total: 1266.52 GB
[  704.5s] IOs:    332111726  IOPS:   471432  Throughput:  1841.5 MB/s  Total: 1266.91 GB
[  704.8s] IOs:    332212149  IOPS:   471380  Throughput:  1841.3 MB/s  Total: 1267.29 GB
[  705.0s] IOs:    332312747  IOPS:   471346  Throughput:  1841.2 MB/s  Total: 1267.67 GB
[  705.2s] IOs:    332413683  IOPS:   471354  Throughput:  1841.2 MB/s  Total: 1268.06 GB
[  705.6s] IOs:    332514021  IOPS:   471275  Throughput:  1840.9 MB/s  Total: 1268.44 GB
[  705.8s] IOs:    332614757  IOPS:   471279  Throughput:  1840.9 MB/s  Total: 1268.82 GB
[  706.0s] IOs:    332714798  IOPS:   471245  Throughput:  1840.8 MB/s  Total: 1269.21 GB
[  706.2s] IOs:    332815642  IOPS:   471264  Throughput:  1840.9 MB/s  Total: 1269.59 GB
[  706.6s] IOs:    332915914  IOPS:   471168  Throughput:  1840.5 MB/s  Total: 1269.97 GB
[  706.7s] IOs:    333016207  IOPS:   471197  Throughput:  1840.6 MB/s  Total: 1270.36 GB
[  707.0s] IOs:    333116620  IOPS:   471187  Throughput:  1840.6 MB/s  Total: 1270.74 GB
[  707.2s] IOs:    333216656  IOPS:   471209  Throughput:  1840.7 MB/s  Total: 1271.12 GB
[  707.4s] IOs:    333316867  IOPS:   471171  Throughput:  1840.5 MB/s  Total: 1271.50 GB
[  707.7s] IOs:    333417694  IOPS:   471100  Throughput:  1840.2 MB/s  Total: 1271.89 GB
[  707.9s] IOs:    333517869  IOPS:   471119  Throughput:  1840.3 MB/s  Total: 1272.27 GB
[  708.1s] IOs:    333618208  IOPS:   471127  Throughput:  1840.3 MB/s  Total: 1272.65 GB
[  708.5s] IOs:    333718637  IOPS:   471049  Throughput:  1840.0 MB/s  Total: 1273.04 GB
[  708.6s] IOs:    333818925  IOPS:   471067  Throughput:  1840.1 MB/s  Total: 1273.42 GB
[  709.0s] IOs:    333919914  IOPS:   470975  Throughput:  1839.7 MB/s  Total: 1273.80 GB
[  709.2s] IOs:    334020041  IOPS:   470998  Throughput:  1839.8 MB/s  Total: 1274.19 GB
[  709.5s] IOs:    334120606  IOPS:   470931  Throughput:  1839.6 MB/s  Total: 1274.57 GB
[  709.7s] IOs:    334221118  IOPS:   470953  Throughput:  1839.7 MB/s  Total: 1274.95 GB
[  710.0s] IOs:    334321383  IOPS:   470892  Throughput:  1839.4 MB/s  Total: 1275.33 GB
[  710.2s] IOs:    334421910  IOPS:   470912  Throughput:  1839.5 MB/s  Total: 1275.72 GB
[  710.5s] IOs:    334522453  IOPS:   470832  Throughput:  1839.2 MB/s  Total: 1276.10 GB
[  710.7s] IOs:    334623073  IOPS:   470851  Throughput:  1839.3 MB/s  Total: 1276.49 GB
[  711.1s] IOs:    334723511  IOPS:   470735  Throughput:  1838.8 MB/s  Total: 1276.87 GB
[  711.2s] IOs:    334823978  IOPS:   470761  Throughput:  1838.9 MB/s  Total: 1277.25 GB
[  711.5s] IOs:    334924335  IOPS:   470699  Throughput:  1838.7 MB/s  Total: 1277.63 GB
[  716.0s] IOs:    335025353  IOPS:   467932  Throughput:  1827.9 MB/s  Total: 1278.02 GB
[  716.2s] IOs:    335125794  IOPS:   467920  Throughput:  1827.8 MB/s  Total: 1278.40 GB
[  716.4s] IOs:    335226313  IOPS:   467904  Throughput:  1827.7 MB/s  Total: 1278.79 GB
[  716.7s] IOs:    335326871  IOPS:   467899  Throughput:  1827.7 MB/s  Total: 1279.17 GB
[  716.9s] IOs:    335427383  IOPS:   467866  Throughput:  1827.6 MB/s  Total: 1279.55 GB
[  717.2s] IOs:    335528054  IOPS:   467855  Throughput:  1827.6 MB/s  Total: 1279.94 GB
[  717.4s] IOs:    335628815  IOPS:   467851  Throughput:  1827.5 MB/s  Total: 1280.32 GB
[  717.6s] IOs:    335729234  IOPS:   467829  Throughput:  1827.5 MB/s  Total: 1280.71 GB
[  717.8s] IOs:    335829659  IOPS:   467830  Throughput:  1827.5 MB/s  Total: 1281.09 GB
[  718.1s] IOs:    335930350  IOPS:   467806  Throughput:  1827.4 MB/s  Total: 1281.47 GB
[  718.3s] IOs:    336030732  IOPS:   467786  Throughput:  1827.3 MB/s  Total: 1281.86 GB
[  718.5s] IOs:    336131561  IOPS:   467793  Throughput:  1827.3 MB/s  Total: 1282.24 GB
[  718.8s] IOs:    336232136  IOPS:   467789  Throughput:  1827.3 MB/s  Total: 1282.62 GB
[  719.0s] IOs:    336332758  IOPS:   467780  Throughput:  1827.3 MB/s  Total: 1283.01 GB
[  719.2s] IOs:    336433285  IOPS:   467791  Throughput:  1827.3 MB/s  Total: 1283.39 GB
[  719.4s] IOs:    336534147  IOPS:   467772  Throughput:  1827.2 MB/s  Total: 1283.78 GB
[  720.5s] IOs:    336635085  IOPS:   467236  Throughput:  1825.1 MB/s  Total: 1284.16 GB
[  721.0s] IOs:    336735648  IOPS:   467030  Throughput:  1824.3 MB/s  Total: 1284.54 GB
[Reader] Parsed 56000000 lines, distributed 336836159 writes, unique 386.60 GB, skipped 0
[  722.0s] IOs:    336836482  IOPS:   466540  Throughput:  1822.4 MB/s  Total: 1284.93 GB
[  722.5s] IOs:    336936894  IOPS:   466328  Throughput:  1821.6 MB/s  Total: 1285.31 GB
[  743.5s] IOs:    337037620  IOPS:   453313  Throughput:  1770.8 MB/s  Total: 1285.70 GB
[  743.7s] IOs:    337137820  IOPS:   453302  Throughput:  1770.7 MB/s  Total: 1286.08 GB
[  744.0s] IOs:    337238227  IOPS:   453291  Throughput:  1770.7 MB/s  Total: 1286.46 GB
[  744.2s] IOs:    337338539  IOPS:   453272  Throughput:  1770.6 MB/s  Total: 1286.84 GB
[  744.5s] IOs:    337438950  IOPS:   453244  Throughput:  1770.5 MB/s  Total: 1287.23 GB
[  744.7s] IOs:    337539393  IOPS:   453236  Throughput:  1770.5 MB/s  Total: 1287.61 GB
[  745.0s] IOs:    337639888  IOPS:   453226  Throughput:  1770.4 MB/s  Total: 1287.99 GB
[  745.2s] IOs:    337740172  IOPS:   453215  Throughput:  1770.4 MB/s  Total: 1288.38 GB
[  745.4s] IOs:    337840872  IOPS:   453206  Throughput:  1770.3 MB/s  Total: 1288.76 GB
[  745.8s] IOs:    337941212  IOPS:   453147  Throughput:  1770.1 MB/s  Total: 1289.14 GB
[  746.0s] IOs:    338041664  IOPS:   453128  Throughput:  1770.0 MB/s  Total: 1289.53 GB
[  746.4s] IOs:    338142081  IOPS:   453059  Throughput:  1769.8 MB/s  Total: 1289.91 GB
[  746.6s] IOs:    338242950  IOPS:   453049  Throughput:  1769.7 MB/s  Total: 1290.29 GB
[  747.0s] IOs:    338342957  IOPS:   452910  Throughput:  1769.2 MB/s  Total: 1290.68 GB
[  747.3s] IOs:    338443669  IOPS:   452895  Throughput:  1769.1 MB/s  Total: 1291.06 GB
[  747.6s] IOs:    338544068  IOPS:   452869  Throughput:  1769.0 MB/s  Total: 1291.44 GB
[  747.9s] IOs:    338644842  IOPS:   452790  Throughput:  1768.7 MB/s  Total: 1291.83 GB
[  748.1s] IOs:    338745403  IOPS:   452780  Throughput:  1768.7 MB/s  Total: 1292.21 GB
[  748.4s] IOs:    338846235  IOPS:   452758  Throughput:  1768.6 MB/s  Total: 1292.60 GB
[  748.6s] IOs:    338946939  IOPS:   452748  Throughput:  1768.5 MB/s  Total: 1292.98 GB
[  749.0s] IOs:    339047658  IOPS:   452676  Throughput:  1768.3 MB/s  Total: 1293.36 GB
[  749.2s] IOs:    339148110  IOPS:   452671  Throughput:  1768.2 MB/s  Total: 1293.75 GB
[  749.6s] IOs:    339248545  IOPS:   452565  Throughput:  1767.8 MB/s  Total: 1294.13 GB
[  749.9s] IOs:    339349251  IOPS:   452548  Throughput:  1767.8 MB/s  Total: 1294.51 GB
[  750.1s] IOs:    339449982  IOPS:   452556  Throughput:  1767.8 MB/s  Total: 1294.90 GB
[  750.6s] IOs:    339550956  IOPS:   452366  Throughput:  1767.1 MB/s  Total: 1295.28 GB
[  750.9s] IOs:    339651727  IOPS:   452331  Throughput:  1766.9 MB/s  Total: 1295.67 GB
[  751.1s] IOs:    339752389  IOPS:   452337  Throughput:  1766.9 MB/s  Total: 1296.05 GB
[  751.5s] IOs:    339853425  IOPS:   452220  Throughput:  1766.5 MB/s  Total: 1296.44 GB
[  751.8s] IOs:    339954257  IOPS:   452168  Throughput:  1766.3 MB/s  Total: 1296.82 GB
[  752.2s] IOs:    340054695  IOPS:   452078  Throughput:  1765.9 MB/s  Total: 1297.21 GB
[  752.5s] IOs:    340155283  IOPS:   452045  Throughput:  1765.8 MB/s  Total: 1297.59 GB
[  752.9s] IOs:    340255943  IOPS:   451949  Throughput:  1765.4 MB/s  Total: 1297.97 GB
[  753.1s] IOs:    340356495  IOPS:   451946  Throughput:  1765.4 MB/s  Total: 1298.36 GB
[  753.5s] IOs:    340457184  IOPS:   451827  Throughput:  1765.0 MB/s  Total: 1298.74 GB
[  753.8s] IOs:    340557818  IOPS:   451781  Throughput:  1764.8 MB/s  Total: 1299.12 GB
[  754.1s] IOs:    340658522  IOPS:   451769  Throughput:  1764.7 MB/s  Total: 1299.51 GB
[  754.4s] IOs:    340759455  IOPS:   451720  Throughput:  1764.5 MB/s  Total: 1299.89 GB
[  754.6s] IOs:    340860207  IOPS:   451704  Throughput:  1764.5 MB/s  Total: 1300.28 GB
[  755.0s] IOs:    340960823  IOPS:   451631  Throughput:  1764.2 MB/s  Total: 1300.66 GB
[  755.2s] IOs:    341061342  IOPS:   451617  Throughput:  1764.1 MB/s  Total: 1301.05 GB
[  755.4s] IOs:    341162020  IOPS:   451602  Throughput:  1764.1 MB/s  Total: 1301.43 GB
[  755.7s] IOs:    341262667  IOPS:   451581  Throughput:  1764.0 MB/s  Total: 1301.81 GB
[  756.0s] IOs:    341363215  IOPS:   451560  Throughput:  1763.9 MB/s  Total: 1302.20 GB
[  756.2s] IOs:    341464018  IOPS:   451558  Throughput:  1763.9 MB/s  Total: 1302.58 GB
[  756.5s] IOs:    341564646  IOPS:   451532  Throughput:  1763.8 MB/s  Total: 1302.97 GB
[  757.0s] IOs:    341665455  IOPS:   451365  Throughput:  1763.1 MB/s  Total: 1303.35 GB
[  757.3s] IOs:    341766049  IOPS:   451271  Throughput:  1762.8 MB/s  Total: 1303.73 GB
[  757.6s] IOs:    341866592  IOPS:   451274  Throughput:  1762.8 MB/s  Total: 1304.12 GB
[  758.0s] IOs:    341966613  IOPS:   451115  Throughput:  1762.2 MB/s  Total: 1304.50 GB
[  758.4s] IOs:    342067108  IOPS:   451053  Throughput:  1761.9 MB/s  Total: 1304.88 GB
[  758.6s] IOs:    342168085  IOPS:   451064  Throughput:  1762.0 MB/s  Total: 1305.27 GB
[  759.0s] IOs:    342269078  IOPS:   450938  Throughput:  1761.5 MB/s  Total: 1305.65 GB
[  759.3s] IOs:    342370078  IOPS:   450881  Throughput:  1761.3 MB/s  Total: 1306.04 GB
[  759.5s] IOs:    342470688  IOPS:   450888  Throughput:  1761.3 MB/s  Total: 1306.42 GB
[  759.9s] IOs:    342571238  IOPS:   450791  Throughput:  1760.9 MB/s  Total: 1306.81 GB
[  760.1s] IOs:    342672186  IOPS:   450803  Throughput:  1760.9 MB/s  Total: 1307.19 GB
[  760.5s] IOs:    342772743  IOPS:   450738  Throughput:  1760.7 MB/s  Total: 1307.57 GB
[  760.7s] IOs:    342872777  IOPS:   450729  Throughput:  1760.7 MB/s  Total: 1307.96 GB
[  761.0s] IOs:    342973407  IOPS:   450698  Throughput:  1760.5 MB/s  Total: 1308.34 GB
[  761.3s] IOs:    343073958  IOPS:   450637  Throughput:  1760.3 MB/s  Total: 1308.72 GB
[  761.6s] IOs:    343174437  IOPS:   450623  Throughput:  1760.2 MB/s  Total: 1309.11 GB
[  761.9s] IOs:    343275374  IOPS:   450560  Throughput:  1760.0 MB/s  Total: 1309.49 GB
[  762.3s] IOs:    343375822  IOPS:   450445  Throughput:  1759.6 MB/s  Total: 1309.87 GB
[  762.5s] IOs:    343476170  IOPS:   450452  Throughput:  1759.6 MB/s  Total: 1310.26 GB
[  763.0s] IOs:    343576897  IOPS:   450278  Throughput:  1758.9 MB/s  Total: 1310.64 GB
[  763.5s] IOs:    343677426  IOPS:   450161  Throughput:  1758.4 MB/s  Total: 1311.03 GB
[  763.9s] IOs:    343777997  IOPS:   450034  Throughput:  1757.9 MB/s  Total: 1311.41 GB
[  764.1s] IOs:    343878173  IOPS:   450025  Throughput:  1757.9 MB/s  Total: 1311.79 GB
[  764.5s] IOs:    343978720  IOPS:   449968  Throughput:  1757.7 MB/s  Total: 1312.17 GB
[  764.9s] IOs:    344079399  IOPS:   449821  Throughput:  1757.1 MB/s  Total: 1312.56 GB
[  765.2s] IOs:    344180060  IOPS:   449817  Throughput:  1757.1 MB/s  Total: 1312.94 GB
[  765.5s] IOs:    344280458  IOPS:   449765  Throughput:  1756.9 MB/s  Total: 1313.33 GB
[  766.0s] IOs:    344380870  IOPS:   449605  Throughput:  1756.3 MB/s  Total: 1313.71 GB
[  766.2s] IOs:    344481201  IOPS:   449618  Throughput:  1756.3 MB/s  Total: 1314.09 GB
[  766.4s] IOs:    344582039  IOPS:   449601  Throughput:  1756.3 MB/s  Total: 1314.48 GB
[  766.8s] IOs:    344682521  IOPS:   449497  Throughput:  1755.8 MB/s  Total: 1314.86 GB
[  767.1s] IOs:    344782739  IOPS:   449487  Throughput:  1755.8 MB/s  Total: 1315.24 GB
[  767.4s] IOs:    344882841  IOPS:   449428  Throughput:  1755.6 MB/s  Total: 1315.62 GB
[  767.6s] IOs:    344983096  IOPS:   449405  Throughput:  1755.5 MB/s  Total: 1316.01 GB
[  768.1s] IOs:    345083699  IOPS:   449259  Throughput:  1754.9 MB/s  Total: 1316.39 GB
[  768.3s] IOs:    345184148  IOPS:   449271  Throughput:  1755.0 MB/s  Total: 1316.77 GB
[  768.5s] IOs:    345284641  IOPS:   449287  Throughput:  1755.0 MB/s  Total: 1317.16 GB
[  768.9s] IOs:    345385090  IOPS:   449194  Throughput:  1754.7 MB/s  Total: 1317.54 GB
[  769.1s] IOs:    345485563  IOPS:   449200  Throughput:  1754.7 MB/s  Total: 1317.92 GB
[  769.4s] IOs:    345586297  IOPS:   449143  Throughput:  1754.5 MB/s  Total: 1318.31 GB
[  769.6s] IOs:    345686867  IOPS:   449161  Throughput:  1754.5 MB/s  Total: 1318.69 GB
[  770.0s] IOs:    345787458  IOPS:   449078  Throughput:  1754.2 MB/s  Total: 1319.07 GB
[  770.2s] IOs:    345887830  IOPS:   449095  Throughput:  1754.3 MB/s  Total: 1319.46 GB
[  770.5s] IOs:    345988167  IOPS:   449042  Throughput:  1754.1 MB/s  Total: 1319.84 GB
[  770.8s] IOs:    346088464  IOPS:   448975  Throughput:  1753.8 MB/s  Total: 1320.22 GB
[  771.1s] IOs:    346189101  IOPS:   448980  Throughput:  1753.8 MB/s  Total: 1320.61 GB
[  771.5s] IOs:    346289518  IOPS:   448850  Throughput:  1753.3 MB/s  Total: 1320.99 GB
[  771.7s] IOs:    346389954  IOPS:   448862  Throughput:  1753.4 MB/s  Total: 1321.37 GB
[Reader] Parsed 57000000 lines, distributed 346471071 writes, unique 399.96 GB, skipped 0
[  772.0s] IOs:    346490513  IOPS:   448807  Throughput:  1753.2 MB/s  Total: 1321.76 GB
[  772.4s] IOs:    346590592  IOPS:   448740  Throughput:  1752.9 MB/s  Total: 1322.14 GB
[  772.6s] IOs:    346691294  IOPS:   448750  Throughput:  1752.9 MB/s  Total: 1322.52 GB
[  772.9s] IOs:    346791808  IOPS:   448694  Throughput:  1752.7 MB/s  Total: 1322.91 GB
[  773.1s] IOs:    346892416  IOPS:   448711  Throughput:  1752.8 MB/s  Total: 1323.29 GB
[  773.6s] IOs:    346992740  IOPS:   448521  Throughput:  1752.0 MB/s  Total: 1323.67 GB
[  773.9s] IOs:    347093546  IOPS:   448525  Throughput:  1752.0 MB/s  Total: 1324.06 GB
[  774.0s] IOs:    347194245  IOPS:   448555  Throughput:  1752.2 MB/s  Total: 1324.44 GB
[  774.6s] IOs:    347294692  IOPS:   448360  Throughput:  1751.4 MB/s  Total: 1324.82 GB
[  774.9s] IOs:    347394889  IOPS:   448317  Throughput:  1751.2 MB/s  Total: 1325.21 GB
[  775.1s] IOs:    347495362  IOPS:   448342  Throughput:  1751.3 MB/s  Total: 1325.59 GB
[  775.5s] IOs:    347595726  IOPS:   448215  Throughput:  1750.8 MB/s  Total: 1325.97 GB
[  775.8s] IOs:    347696336  IOPS:   448156  Throughput:  1750.6 MB/s  Total: 1326.36 GB
[  776.0s] IOs:    347796903  IOPS:   448184  Throughput:  1750.7 MB/s  Total: 1326.74 GB
[  776.7s] IOs:    347897455  IOPS:   447940  Throughput:  1749.8 MB/s  Total: 1327.12 GB
[  776.9s] IOs:    347997846  IOPS:   447953  Throughput:  1749.8 MB/s  Total: 1327.51 GB
[  777.0s] IOs:    348098711  IOPS:   447985  Throughput:  1749.9 MB/s  Total: 1327.89 GB
[  777.6s] IOs:    348199310  IOPS:   447777  Throughput:  1749.1 MB/s  Total: 1328.27 GB
[  777.9s] IOs:    348299942  IOPS:   447747  Throughput:  1749.0 MB/s  Total: 1328.66 GB
[  778.1s] IOs:    348400644  IOPS:   447777  Throughput:  1749.1 MB/s  Total: 1329.04 GB
[  778.5s] IOs:    348501162  IOPS:   447633  Throughput:  1748.6 MB/s  Total: 1329.43 GB
[  779.1s] IOs:    348601358  IOPS:   447464  Throughput:  1747.9 MB/s  Total: 1329.81 GB
[  779.3s] IOs:    348701832  IOPS:   447482  Throughput:  1748.0 MB/s  Total: 1330.19 GB
[  779.4s] IOs:    348802357  IOPS:   447498  Throughput:  1748.0 MB/s  Total: 1330.58 GB
[  779.6s] IOs:    348903274  IOPS:   447513  Throughput:  1748.1 MB/s  Total: 1330.96 GB
[  780.0s] IOs:    349003464  IOPS:   447445  Throughput:  1747.8 MB/s  Total: 1331.34 GB
[  780.4s] IOs:    349104167  IOPS:   447344  Throughput:  1747.4 MB/s  Total: 1331.73 GB
[  780.6s] IOs:    349204278  IOPS:   447358  Throughput:  1747.5 MB/s  Total: 1332.11 GB
[  780.9s] IOs:    349304825  IOPS:   447320  Throughput:  1747.3 MB/s  Total: 1332.49 GB
[  781.1s] IOs:    349405703  IOPS:   447328  Throughput:  1747.4 MB/s  Total: 1332.88 GB
[  781.4s] IOs:    349506135  IOPS:   447266  Throughput:  1747.1 MB/s  Total: 1333.26 GB
[  781.6s] IOs:    349606589  IOPS:   447288  Throughput:  1747.2 MB/s  Total: 1333.64 GB
[  782.0s] IOs:    349707034  IOPS:   447200  Throughput:  1746.9 MB/s  Total: 1334.03 GB
[  782.4s] IOs:    349807839  IOPS:   447071  Throughput:  1746.4 MB/s  Total: 1334.41 GB
[  782.9s] IOs:    349908281  IOPS:   446923  Throughput:  1745.8 MB/s  Total: 1334.79 GB
[  783.1s] IOs:    350009063  IOPS:   446936  Throughput:  1745.8 MB/s  Total: 1335.18 GB
[  783.5s] IOs:    350109063  IOPS:   446833  Throughput:  1745.4 MB/s  Total: 1335.56 GB
[  783.9s] IOs:    350209795  IOPS:   446760  Throughput:  1745.2 MB/s  Total: 1335.94 GB
[  784.1s] IOs:    350310356  IOPS:   446785  Throughput:  1745.3 MB/s  Total: 1336.33 GB
[  784.6s] IOs:    350410927  IOPS:   446584  Throughput:  1744.5 MB/s  Total: 1336.71 GB
[  784.8s] IOs:    350511620  IOPS:   446598  Throughput:  1744.5 MB/s  Total: 1337.10 GB
[  785.1s] IOs:    350612363  IOPS:   446587  Throughput:  1744.5 MB/s  Total: 1337.48 GB
[  785.4s] IOs:    350713282  IOPS:   446530  Throughput:  1744.3 MB/s  Total: 1337.86 GB
[  785.6s] IOs:    350813817  IOPS:   446536  Throughput:  1744.3 MB/s  Total: 1338.25 GB
[  786.0s] IOs:    350914756  IOPS:   446466  Throughput:  1744.0 MB/s  Total: 1338.63 GB
[  786.3s] IOs:    351015333  IOPS:   446401  Throughput:  1743.8 MB/s  Total: 1339.02 GB
[  786.5s] IOs:    351116215  IOPS:   446427  Throughput:  1743.9 MB/s  Total: 1339.40 GB
[  786.9s] IOs:    351217100  IOPS:   446352  Throughput:  1743.6 MB/s  Total: 1339.79 GB
[  787.0s] IOs:    351317786  IOPS:   446375  Throughput:  1743.7 MB/s  Total: 1340.17 GB
[  787.5s] IOs:    351418500  IOPS:   446251  Throughput:  1743.2 MB/s  Total: 1340.56 GB
[  787.7s] IOs:    351519264  IOPS:   446275  Throughput:  1743.3 MB/s  Total: 1340.94 GB
[  787.9s] IOs:    351620057  IOPS:   446278  Throughput:  1743.3 MB/s  Total: 1341.32 GB
[  788.1s] IOs:    351720699  IOPS:   446282  Throughput:  1743.3 MB/s  Total: 1341.71 GB
[  788.4s] IOs:    351821318  IOPS:   446254  Throughput:  1743.2 MB/s  Total: 1342.09 GB
[  788.6s] IOs:    351921374  IOPS:   446281  Throughput:  1743.3 MB/s  Total: 1342.47 GB
[  788.9s] IOs:    352021973  IOPS:   446242  Throughput:  1743.1 MB/s  Total: 1342.86 GB
[  789.0s] IOs:    352122736  IOPS:   446269  Throughput:  1743.2 MB/s  Total: 1343.24 GB
[  789.2s] IOs:    352223190  IOPS:   446300  Throughput:  1743.4 MB/s  Total: 1343.62 GB
[  789.5s] IOs:    352323959  IOPS:   446252  Throughput:  1743.2 MB/s  Total: 1344.01 GB
[  789.7s] IOs:    352424870  IOPS:   446274  Throughput:  1743.3 MB/s  Total: 1344.39 GB
[  789.9s] IOs:    352525407  IOPS:   446276  Throughput:  1743.3 MB/s  Total: 1344.78 GB
[  790.1s] IOs:    352626031  IOPS:   446283  Throughput:  1743.3 MB/s  Total: 1345.16 GB
[  790.7s] IOs:    352726760  IOPS:   446113  Throughput:  1742.6 MB/s  Total: 1345.55 GB
[  790.8s] IOs:    352827298  IOPS:   446140  Throughput:  1742.7 MB/s  Total: 1345.93 GB
[  791.1s] IOs:    352927592  IOPS:   446123  Throughput:  1742.7 MB/s  Total: 1346.31 GB
[  791.3s] IOs:    353027918  IOPS:   446146  Throughput:  1742.8 MB/s  Total: 1346.69 GB
[  791.6s] IOs:    353128220  IOPS:   446101  Throughput:  1742.6 MB/s  Total: 1347.08 GB
[  791.8s] IOs:    353228699  IOPS:   446128  Throughput:  1742.7 MB/s  Total: 1347.46 GB
[  792.1s] IOs:    353329485  IOPS:   446074  Throughput:  1742.5 MB/s  Total: 1347.85 GB
[  792.3s] IOs:    353430147  IOPS:   446099  Throughput:  1742.6 MB/s  Total: 1348.23 GB
[  792.4s] IOs:    353530844  IOPS:   446126  Throughput:  1742.7 MB/s  Total: 1348.61 GB
[  792.7s] IOs:    353631599  IOPS:   446133  Throughput:  1742.7 MB/s  Total: 1349.00 GB
[  792.8s] IOs:    353732395  IOPS:   446164  Throughput:  1742.8 MB/s  Total: 1349.38 GB
[  793.1s] IOs:    353833064  IOPS:   446137  Throughput:  1742.7 MB/s  Total: 1349.77 GB
[  793.3s] IOs:    353933734  IOPS:   446164  Throughput:  1742.8 MB/s  Total: 1350.15 GB
[  793.5s] IOs:    354034010  IOPS:   446189  Throughput:  1742.9 MB/s  Total: 1350.53 GB
[  793.7s] IOs:    354134063  IOPS:   446205  Throughput:  1743.0 MB/s  Total: 1350.91 GB
[  793.9s] IOs:    354234801  IOPS:   446222  Throughput:  1743.1 MB/s  Total: 1351.30 GB
[  794.1s] IOs:    354334834  IOPS:   446229  Throughput:  1743.1 MB/s  Total: 1351.68 GB
[  794.2s] IOs:    354435604  IOPS:   446253  Throughput:  1743.2 MB/s  Total: 1352.06 GB
[  794.4s] IOs:    354536003  IOPS:   446282  Throughput:  1743.3 MB/s  Total: 1352.45 GB
[  794.7s] IOs:    354636718  IOPS:   446274  Throughput:  1743.3 MB/s  Total: 1352.83 GB
[  794.8s] IOs:    354737483  IOPS:   446298  Throughput:  1743.4 MB/s  Total: 1353.22 GB
[  795.0s] IOs:    354838434  IOPS:   446323  Throughput:  1743.4 MB/s  Total: 1353.60 GB
[  795.2s] IOs:    354939084  IOPS:   446351  Throughput:  1743.6 MB/s  Total: 1353.99 GB
[  795.4s] IOs:    355039805  IOPS:   446376  Throughput:  1743.7 MB/s  Total: 1354.37 GB
[  795.6s] IOs:    355139858  IOPS:   446399  Throughput:  1743.7 MB/s  Total: 1354.75 GB
[  795.7s] IOs:    355240290  IOPS:   446424  Throughput:  1743.8 MB/s  Total: 1355.13 GB
[  795.9s] IOs:    355341064  IOPS:   446449  Throughput:  1743.9 MB/s  Total: 1355.52 GB
[  796.1s] IOs:    355441853  IOPS:   446453  Throughput:  1744.0 MB/s  Total: 1355.90 GB
[  796.3s] IOs:    355542507  IOPS:   446475  Throughput:  1744.0 MB/s  Total: 1356.29 GB
[  796.5s] IOs:    355643068  IOPS:   446498  Throughput:  1744.1 MB/s  Total: 1356.67 GB
[  796.7s] IOs:    355743560  IOPS:   446506  Throughput:  1744.2 MB/s  Total: 1357.05 GB
[  796.9s] IOs:    355843773  IOPS:   446526  Throughput:  1744.2 MB/s  Total: 1357.44 GB
[  797.3s] IOs:    355944313  IOPS:   446460  Throughput:  1744.0 MB/s  Total: 1357.82 GB
[  797.4s] IOs:    356044950  IOPS:   446491  Throughput:  1744.1 MB/s  Total: 1358.20 GB
[  797.6s] IOs:    356145929  IOPS:   446521  Throughput:  1744.2 MB/s  Total: 1358.59 GB
[Reader] Parsed 58000000 lines, distributed 356160429 writes, unique 417.44 GB, skipped 0
[  797.8s] IOs:    356246895  IOPS:   446552  Throughput:  1744.3 MB/s  Total: 1358.97 GB
[  798.1s] IOs:    356347833  IOPS:   446506  Throughput:  1744.2 MB/s  Total: 1359.36 GB
[  798.3s] IOs:    356448443  IOPS:   446537  Throughput:  1744.3 MB/s  Total: 1359.74 GB
[  798.5s] IOs:    356549041  IOPS:   446503  Throughput:  1744.2 MB/s  Total: 1360.13 GB
[  798.7s] IOs:    356649763  IOPS:   446527  Throughput:  1744.2 MB/s  Total: 1360.51 GB
[  799.0s] IOs:    356750563  IOPS:   446510  Throughput:  1744.2 MB/s  Total: 1360.90 GB
[  799.2s] IOs:    356851484  IOPS:   446484  Throughput:  1744.1 MB/s  Total: 1361.28 GB
[  799.6s] IOs:    356951935  IOPS:   446390  Throughput:  1743.7 MB/s  Total: 1361.66 GB
[  799.9s] IOs:    357051985  IOPS:   446388  Throughput:  1743.7 MB/s  Total: 1362.05 GB
[  800.1s] IOs:    357152551  IOPS:   446364  Throughput:  1743.6 MB/s  Total: 1362.43 GB
[  800.3s] IOs:    357252976  IOPS:   446392  Throughput:  1743.7 MB/s  Total: 1362.81 GB
[  800.8s] IOs:    357353092  IOPS:   446263  Throughput:  1743.2 MB/s  Total: 1363.19 GB
[  800.9s] IOs:    357454105  IOPS:   446291  Throughput:  1743.3 MB/s  Total: 1363.58 GB
[  801.2s] IOs:    357554126  IOPS:   446261  Throughput:  1743.2 MB/s  Total: 1363.96 GB
[  801.4s] IOs:    357654855  IOPS:   446291  Throughput:  1743.3 MB/s  Total: 1364.34 GB
[  801.7s] IOs:    357755356  IOPS:   446220  Throughput:  1743.0 MB/s  Total: 1364.73 GB
[  802.0s] IOs:    357856045  IOPS:   446200  Throughput:  1743.0 MB/s  Total: 1365.11 GB
[  802.3s] IOs:    357956070  IOPS:   446142  Throughput:  1742.7 MB/s  Total: 1365.49 GB
[  802.5s] IOs:    358056282  IOPS:   446168  Throughput:  1742.8 MB/s  Total: 1365.88 GB
[  802.7s] IOs:    358157172  IOPS:   446191  Throughput:  1742.9 MB/s  Total: 1366.26 GB
[  802.9s] IOs:    358257620  IOPS:   446220  Throughput:  1743.0 MB/s  Total: 1366.64 GB
[  803.2s] IOs:    358358181  IOPS:   446184  Throughput:  1742.9 MB/s  Total: 1367.03 GB
[  803.3s] IOs:    358458189  IOPS:   446212  Throughput:  1743.0 MB/s  Total: 1367.41 GB
[  803.6s] IOs:    358559215  IOPS:   446187  Throughput:  1742.9 MB/s  Total: 1367.79 GB
[  803.8s] IOs:    358659614  IOPS:   446217  Throughput:  1743.0 MB/s  Total: 1368.18 GB
[  804.0s] IOs:    358760432  IOPS:   446247  Throughput:  1743.2 MB/s  Total: 1368.56 GB
[  804.2s] IOs:    358861084  IOPS:   446238  Throughput:  1743.1 MB/s  Total: 1368.95 GB
[  804.4s] IOs:    358961408  IOPS:   446236  Throughput:  1743.1 MB/s  Total: 1369.33 GB
[  804.6s] IOs:    359061504  IOPS:   446240  Throughput:  1743.1 MB/s  Total: 1369.71 GB
[  804.8s] IOs:    359161987  IOPS:   446267  Throughput:  1743.2 MB/s  Total: 1370.09 GB
[  805.0s] IOs:    359262284  IOPS:   446295  Throughput:  1743.3 MB/s  Total: 1370.48 GB
[  805.2s] IOs:    359363006  IOPS:   446279  Throughput:  1743.3 MB/s  Total: 1370.86 GB
[  805.4s] IOs:    359463299  IOPS:   446302  Throughput:  1743.4 MB/s  Total: 1371.24 GB
[  805.8s] IOs:    359563992  IOPS:   446229  Throughput:  1743.1 MB/s  Total: 1371.63 GB
[  806.0s] IOs:    359664722  IOPS:   446252  Throughput:  1743.2 MB/s  Total: 1372.01 GB
[  806.2s] IOs:    359765231  IOPS:   446239  Throughput:  1743.1 MB/s  Total: 1372.40 GB
[  806.4s] IOs:    359865603  IOPS:   446261  Throughput:  1743.2 MB/s  Total: 1372.78 GB
[  806.7s] IOs:    359966435  IOPS:   446240  Throughput:  1743.1 MB/s  Total: 1373.16 GB
[  806.9s] IOs:    360066589  IOPS:   446237  Throughput:  1743.1 MB/s  Total: 1373.55 GB
[  807.1s] IOs:    360167527  IOPS:   446249  Throughput:  1743.2 MB/s  Total: 1373.93 GB
[  807.3s] IOs:    360268073  IOPS:   446273  Throughput:  1743.3 MB/s  Total: 1374.31 GB
[  807.5s] IOs:    360368491  IOPS:   446288  Throughput:  1743.3 MB/s  Total: 1374.70 GB
[  807.7s] IOs:    360468733  IOPS:   446295  Throughput:  1743.3 MB/s  Total: 1375.08 GB
[  807.9s] IOs:    360569493  IOPS:   446322  Throughput:  1743.4 MB/s  Total: 1375.46 GB
[  808.2s] IOs:    360670534  IOPS:   446282  Throughput:  1743.3 MB/s  Total: 1375.85 GB
[  808.4s] IOs:    360771246  IOPS:   446305  Throughput:  1743.4 MB/s  Total: 1376.23 GB
[  808.5s] IOs:    360872083  IOPS:   446332  Throughput:  1743.5 MB/s  Total: 1376.62 GB
[  808.7s] IOs:    360972502  IOPS:   446346  Throughput:  1743.5 MB/s  Total: 1377.00 GB
[  808.9s] IOs:    361073423  IOPS:   446364  Throughput:  1743.6 MB/s  Total: 1377.39 GB
[  809.1s] IOs:    361174454  IOPS:   446386  Throughput:  1743.7 MB/s  Total: 1377.77 GB
[  809.3s] IOs:    361275197  IOPS:   446394  Throughput:  1743.7 MB/s  Total: 1378.16 GB
[  809.5s] IOs:    361375606  IOPS:   446408  Throughput:  1743.8 MB/s  Total: 1378.54 GB
[  809.7s] IOs:    361476074  IOPS:   446433  Throughput:  1743.9 MB/s  Total: 1378.92 GB
[  809.9s] IOs:    361576984  IOPS:   446462  Throughput:  1744.0 MB/s  Total: 1379.31 GB
[  810.1s] IOs:    361677450  IOPS:   446479  Throughput:  1744.1 MB/s  Total: 1379.69 GB
[  810.9s] IOs:    361778055  IOPS:   446131  Throughput:  1742.7 MB/s  Total: 1380.07 GB
[  811.5s] IOs:    361878820  IOPS:   445943  Throughput:  1742.0 MB/s  Total: 1380.46 GB
[  812.0s] IOs:    361979485  IOPS:   445808  Throughput:  1741.4 MB/s  Total: 1380.84 GB
[  812.5s] IOs:    362080212  IOPS:   445625  Throughput:  1740.7 MB/s  Total: 1381.23 GB
[  813.0s] IOs:    362180927  IOPS:   445475  Throughput:  1740.1 MB/s  Total: 1381.61 GB
[  813.6s] IOs:    362281498  IOPS:   445289  Throughput:  1739.4 MB/s  Total: 1381.99 GB
[  814.1s] IOs:    362382014  IOPS:   445126  Throughput:  1738.8 MB/s  Total: 1382.38 GB
[  814.5s] IOs:    362482306  IOPS:   445017  Throughput:  1738.3 MB/s  Total: 1382.76 GB
[  815.0s] IOs:    362582840  IOPS:   444880  Throughput:  1737.8 MB/s  Total: 1383.14 GB
[  815.5s] IOs:    362683192  IOPS:   444743  Throughput:  1737.3 MB/s  Total: 1383.53 GB
[  816.0s] IOs:    362783424  IOPS:   444598  Throughput:  1736.7 MB/s  Total: 1383.91 GB
[  816.2s] IOs:    362884361  IOPS:   444592  Throughput:  1736.7 MB/s  Total: 1384.29 GB
[  816.5s] IOs:    362985022  IOPS:   444540  Throughput:  1736.5 MB/s  Total: 1384.68 GB
[  817.0s] IOs:    363085637  IOPS:   444392  Throughput:  1735.9 MB/s  Total: 1385.06 GB
[  817.4s] IOs:    363186278  IOPS:   444319  Throughput:  1735.6 MB/s  Total: 1385.45 GB
[  817.7s] IOs:    363286599  IOPS:   444298  Throughput:  1735.5 MB/s  Total: 1385.83 GB
[  818.0s] IOs:    363387393  IOPS:   444234  Throughput:  1735.3 MB/s  Total: 1386.21 GB
[  818.4s] IOs:    363488051  IOPS:   444138  Throughput:  1734.9 MB/s  Total: 1386.60 GB
[  818.7s] IOs:    363588609  IOPS:   444122  Throughput:  1734.9 MB/s  Total: 1386.98 GB
[  819.2s] IOs:    363689279  IOPS:   443969  Throughput:  1734.3 MB/s  Total: 1387.36 GB
[  819.4s] IOs:    363789937  IOPS:   443974  Throughput:  1734.3 MB/s  Total: 1387.75 GB
[  819.6s] IOs:    363890716  IOPS:   443965  Throughput:  1734.2 MB/s  Total: 1388.13 GB
[  820.1s] IOs:    363991531  IOPS:   443857  Throughput:  1733.8 MB/s  Total: 1388.52 GB
[  820.3s] IOs:    364092269  IOPS:   443867  Throughput:  1733.9 MB/s  Total: 1388.90 GB
[  820.5s] IOs:    364192857  IOPS:   443843  Throughput:  1733.8 MB/s  Total: 1389.29 GB
[  820.9s] IOs:    364293128  IOPS:   443783  Throughput:  1733.5 MB/s  Total: 1389.67 GB
[  821.2s] IOs:    364393690  IOPS:   443760  Throughput:  1733.4 MB/s  Total: 1390.05 GB
[  821.4s] IOs:    364494520  IOPS:   443747  Throughput:  1733.4 MB/s  Total: 1390.44 GB
[  821.6s] IOs:    364595276  IOPS:   443759  Throughput:  1733.4 MB/s  Total: 1390.82 GB
[  821.9s] IOs:    364695825  IOPS:   443716  Throughput:  1733.3 MB/s  Total: 1391.20 GB
[  822.3s] IOs:    364796476  IOPS:   443644  Throughput:  1733.0 MB/s  Total: 1391.59 GB
[  822.5s] IOs:    364897042  IOPS:   443635  Throughput:  1732.9 MB/s  Total: 1391.97 GB
[  822.8s] IOs:    364997924  IOPS:   443618  Throughput:  1732.9 MB/s  Total: 1392.36 GB
[Reader] Parsed 59000000 lines, distributed 365010173 writes, unique 429.60 GB, skipped 0
[  823.1s] IOs:    365098662  IOPS:   443563  Throughput:  1732.7 MB/s  Total: 1392.74 GB
[  823.5s] IOs:    365199484  IOPS:   443475  Throughput:  1732.3 MB/s  Total: 1393.13 GB
[  823.7s] IOs:    365299762  IOPS:   443482  Throughput:  1732.4 MB/s  Total: 1393.51 GB
[  824.1s] IOs:    365400269  IOPS:   443403  Throughput:  1732.0 MB/s  Total: 1393.89 GB
[  824.3s] IOs:    365500925  IOPS:   443405  Throughput:  1732.1 MB/s  Total: 1394.28 GB
[  824.6s] IOs:    365601518  IOPS:   443381  Throughput:  1732.0 MB/s  Total: 1394.66 GB
[  824.9s] IOs:    365702241  IOPS:   443341  Throughput:  1731.8 MB/s  Total: 1395.04 GB
[  825.3s] IOs:    365802610  IOPS:   443256  Throughput:  1731.5 MB/s  Total: 1395.43 GB
[  825.5s] IOs:    365902846  IOPS:   443259  Throughput:  1731.5 MB/s  Total: 1395.81 GB
[  825.7s] IOs:    366003395  IOPS:   443277  Throughput:  1731.6 MB/s  Total: 1396.19 GB
[  826.1s] IOs:    366104089  IOPS:   443188  Throughput:  1731.2 MB/s  Total: 1396.58 GB
[  826.4s] IOs:    366204608  IOPS:   443120  Throughput:  1730.9 MB/s  Total: 1396.96 GB
[  826.6s] IOs:    366304693  IOPS:   443128  Throughput:  1731.0 MB/s  Total: 1397.34 GB
[  826.9s] IOs:    366405036  IOPS:   443087  Throughput:  1730.8 MB/s  Total: 1397.72 GB
[  828.2s] IOs:    366505279  IOPS:   442535  Throughput:  1728.7 MB/s  Total: 1398.11 GB
[  828.7s] IOs:    366605852  IOPS:   442389  Throughput:  1728.1 MB/s  Total: 1398.49 GB
[  829.1s] IOs:    366706589  IOPS:   442287  Throughput:  1727.7 MB/s  Total: 1398.87 GB
[  829.3s] IOs:    366807107  IOPS:   442309  Throughput:  1727.8 MB/s  Total: 1399.26 GB
[  829.8s] IOs:    366907483  IOPS:   442155  Throughput:  1727.2 MB/s  Total: 1399.64 GB
[  830.3s] IOs:    367007573  IOPS:   442042  Throughput:  1726.7 MB/s  Total: 1400.02 GB
[  830.7s] IOs:    367108090  IOPS:   441922  Throughput:  1726.3 MB/s  Total: 1400.41 GB
[  831.1s] IOs:    367208450  IOPS:   441853  Throughput:  1726.0 MB/s  Total: 1400.79 GB
[  831.3s] IOs:    367308992  IOPS:   441863  Throughput:  1726.0 MB/s  Total: 1401.17 GB
[  831.7s] IOs:    367409571  IOPS:   441742  Throughput:  1725.6 MB/s  Total: 1401.56 GB
[  832.1s] IOs:    367510048  IOPS:   441675  Throughput:  1725.3 MB/s  Total: 1401.94 GB
[  832.3s] IOs:    367610683  IOPS:   441674  Throughput:  1725.3 MB/s  Total: 1402.32 GB
[  832.7s] IOs:    367711308  IOPS:   441615  Throughput:  1725.1 MB/s  Total: 1402.71 GB
[  832.8s] IOs:    367811939  IOPS:   441633  Throughput:  1725.1 MB/s  Total: 1403.09 GB
[  833.5s] IOs:    367912660  IOPS:   441422  Throughput:  1724.3 MB/s  Total: 1403.48 GB
[  833.7s] IOs:    368013637  IOPS:   441449  Throughput:  1724.4 MB/s  Total: 1403.86 GB
[  834.1s] IOs:    368114373  IOPS:   441317  Throughput:  1723.9 MB/s  Total: 1404.24 GB
[  834.3s] IOs:    368214921  IOPS:   441329  Throughput:  1723.9 MB/s  Total: 1404.63 GB
[  834.7s] IOs:    368315490  IOPS:   441255  Throughput:  1723.7 MB/s  Total: 1405.01 GB
[  835.2s] IOs:    368416414  IOPS:   441095  Throughput:  1723.0 MB/s  Total: 1405.40 GB
[  835.4s] IOs:    368517276  IOPS:   441111  Throughput:  1723.1 MB/s  Total: 1405.78 GB
[  835.8s] IOs:    368618139  IOPS:   441034  Throughput:  1722.8 MB/s  Total: 1406.17 GB
[  836.1s] IOs:    368718610  IOPS:   440997  Throughput:  1722.6 MB/s  Total: 1406.55 GB
[  836.3s] IOs:    368819262  IOPS:   441020  Throughput:  1722.7 MB/s  Total: 1406.93 GB
[  836.7s] IOs:    368919950  IOPS:   440949  Throughput:  1722.5 MB/s  Total: 1407.32 GB
[  836.8s] IOs:    369020663  IOPS:   440966  Throughput:  1722.5 MB/s  Total: 1407.70 GB
[  837.2s] IOs:    369121467  IOPS:   440892  Throughput:  1722.2 MB/s  Total: 1408.09 GB
[  837.4s] IOs:    369221885  IOPS:   440913  Throughput:  1722.3 MB/s  Total: 1408.47 GB
[  837.9s] IOs:    369322892  IOPS:   440778  Throughput:  1721.8 MB/s  Total: 1408.86 GB
[  838.1s] IOs:    369423590  IOPS:   440804  Throughput:  1721.9 MB/s  Total: 1409.24 GB
[  838.3s] IOs:    369524429  IOPS:   440819  Throughput:  1721.9 MB/s  Total: 1409.62 GB
[  838.6s] IOs:    369625418  IOPS:   440765  Throughput:  1721.7 MB/s  Total: 1410.01 GB
[  838.8s] IOs:    369726002  IOPS:   440788  Throughput:  1721.8 MB/s  Total: 1410.39 GB
[  839.0s] IOs:    369826332  IOPS:   440818  Throughput:  1721.9 MB/s  Total: 1410.78 GB
[  839.2s] IOs:    369926828  IOPS:   440798  Throughput:  1721.9 MB/s  Total: 1411.16 GB
[  839.4s] IOs:    370027171  IOPS:   440816  Throughput:  1721.9 MB/s  Total: 1411.54 GB
[  839.7s] IOs:    370127623  IOPS:   440772  Throughput:  1721.8 MB/s  Total: 1411.92 GB
[  839.9s] IOs:    370228031  IOPS:   440802  Throughput:  1721.9 MB/s  Total: 1412.31 GB
[  840.2s] IOs:    370328493  IOPS:   440757  Throughput:  1721.7 MB/s  Total: 1412.69 GB
[  840.4s] IOs:    370429262  IOPS:   440782  Throughput:  1721.8 MB/s  Total: 1413.08 GB
[  840.8s] IOs:    370529300  IOPS:   440699  Throughput:  1721.5 MB/s  Total: 1413.46 GB
[  841.1s] IOs:    370629429  IOPS:   440662  Throughput:  1721.3 MB/s  Total: 1413.84 GB
[  841.3s] IOs:    370730077  IOPS:   440671  Throughput:  1721.4 MB/s  Total: 1414.22 GB
[  841.7s] IOs:    370830532  IOPS:   440549  Throughput:  1720.9 MB/s  Total: 1414.61 GB
[  841.9s] IOs:    370930800  IOPS:   440579  Throughput:  1721.0 MB/s  Total: 1414.99 GB
[  842.2s] IOs:    371030883  IOPS:   440545  Throughput:  1720.9 MB/s  Total: 1415.37 GB
[  842.6s] IOs:    371131065  IOPS:   440461  Throughput:  1720.5 MB/s  Total: 1415.75 GB
[  843.9s] IOs:    371231981  IOPS:   439915  Throughput:  1718.4 MB/s  Total: 1416.14 GB
[  844.5s] IOs:    371332256  IOPS:   439709  Throughput:  1717.6 MB/s  Total: 1416.52 GB
[  845.0s] IOs:    371432986  IOPS:   439584  Throughput:  1717.1 MB/s  Total: 1416.90 GB
[  845.7s] IOs:    371533544  IOPS:   439303  Throughput:  1716.0 MB/s  Total: 1417.29 GB
[  846.2s] IOs:    371634417  IOPS:   439157  Throughput:  1715.5 MB/s  Total: 1417.67 GB
[  846.8s] IOs:    371735161  IOPS:   438997  Throughput:  1714.8 MB/s  Total: 1418.06 GB
[  847.2s] IOs:    371835862  IOPS:   438877  Throughput:  1714.4 MB/s  Total: 1418.44 GB
[  847.6s] IOs:    371936629  IOPS:   438797  Throughput:  1714.1 MB/s  Total: 1418.83 GB
[  848.1s] IOs:    372037493  IOPS:   438682  Throughput:  1713.6 MB/s  Total: 1419.21 GB
[  848.7s] IOs:    372138053  IOPS:   438503  Throughput:  1712.9 MB/s  Total: 1419.59 GB
[  849.0s] IOs:    372238995  IOPS:   438429  Throughput:  1712.6 MB/s  Total: 1419.98 GB
[  849.4s] IOs:    372339667  IOPS:   438332  Throughput:  1712.2 MB/s  Total: 1420.36 GB
[  849.9s] IOs:    372440323  IOPS:   438229  Throughput:  1711.8 MB/s  Total: 1420.75 GB
[  850.1s] IOs:    372540825  IOPS:   438216  Throughput:  1711.8 MB/s  Total: 1421.13 GB
[  850.6s] IOs:    372641340  IOPS:   438072  Throughput:  1711.2 MB/s  Total: 1421.51 GB
[  851.0s] IOs:    372741766  IOPS:   437980  Throughput:  1710.9 MB/s  Total: 1421.90 GB
[  851.4s] IOs:    372842560  IOPS:   437939  Throughput:  1710.7 MB/s  Total: 1422.28 GB
[  851.8s] IOs:    372943402  IOPS:   437821  Throughput:  1710.2 MB/s  Total: 1422.67 GB
[  852.1s] IOs:    373043571  IOPS:   437782  Throughput:  1710.1 MB/s  Total: 1423.05 GB
[  852.5s] IOs:    373144307  IOPS:   437725  Throughput:  1709.9 MB/s  Total: 1423.43 GB
[  853.0s] IOs:    373244788  IOPS:   437554  Throughput:  1709.2 MB/s  Total: 1423.82 GB
[  853.3s] IOs:    373345775  IOPS:   437549  Throughput:  1709.2 MB/s  Total: 1424.20 GB
[  853.5s] IOs:    373446338  IOPS:   437555  Throughput:  1709.2 MB/s  Total: 1424.58 GB
[  853.9s] IOs:    373546904  IOPS:   437462  Throughput:  1708.8 MB/s  Total: 1424.97 GB
[  854.1s] IOs:    373647620  IOPS:   437476  Throughput:  1708.9 MB/s  Total: 1425.35 GB
[  854.7s] IOs:    373748101  IOPS:   437289  Throughput:  1708.2 MB/s  Total: 1425.74 GB
[  854.9s] IOs:    373848609  IOPS:   437296  Throughput:  1708.2 MB/s  Total: 1426.12 GB
[  855.4s] IOs:    373949134  IOPS:   437171  Throughput:  1707.7 MB/s  Total: 1426.50 GB
[  855.7s] IOs:    374049724  IOPS:   437107  Throughput:  1707.4 MB/s  Total: 1426.89 GB
[  856.0s] IOs:    374150237  IOPS:   437102  Throughput:  1707.4 MB/s  Total: 1427.27 GB
[  856.5s] IOs:    374250816  IOPS:   436959  Throughput:  1706.9 MB/s  Total: 1427.65 GB
[  856.7s] IOs:    374351253  IOPS:   436944  Throughput:  1706.8 MB/s  Total: 1428.04 GB
[  857.0s] IOs:    374451911  IOPS:   436936  Throughput:  1706.8 MB/s  Total: 1428.42 GB
[  857.4s] IOs:    374552651  IOPS:   436847  Throughput:  1706.4 MB/s  Total: 1428.80 GB
[  857.7s] IOs:    374653406  IOPS:   436830  Throughput:  1706.4 MB/s  Total: 1429.19 GB
[  858.0s] IOs:    374754188  IOPS:   436763  Throughput:  1706.1 MB/s  Total: 1429.57 GB
[  858.4s] IOs:    374854806  IOPS:   436694  Throughput:  1705.8 MB/s  Total: 1429.96 GB
[  858.6s] IOs:    374955592  IOPS:   436695  Throughput:  1705.8 MB/s  Total: 1430.34 GB
[  859.0s] IOs:    375056269  IOPS:   436629  Throughput:  1705.6 MB/s  Total: 1430.73 GB
[  859.3s] IOs:    375157195  IOPS:   436579  Throughput:  1705.4 MB/s  Total: 1431.11 GB
[  859.6s] IOs:    375257450  IOPS:   436561  Throughput:  1705.3 MB/s  Total: 1431.49 GB
[Reader] Parsed 60000000 lines, distributed 375340565 writes, unique 447.19 GB, skipped 0
[  859.8s] IOs:    375358122  IOPS:   436542  Throughput:  1705.2 MB/s  Total: 1431.88 GB
[  860.2s] IOs:    375458703  IOPS:   436496  Throughput:  1705.1 MB/s  Total: 1432.26 GB
[  860.4s] IOs:    375559027  IOPS:   436506  Throughput:  1705.1 MB/s  Total: 1432.64 GB
[  860.6s] IOs:    375659848  IOPS:   436520  Throughput:  1705.2 MB/s  Total: 1433.03 GB
[  860.9s] IOs:    375760295  IOPS:   436470  Throughput:  1705.0 MB/s  Total: 1433.41 GB
[  861.1s] IOs:    375860799  IOPS:   436468  Throughput:  1705.0 MB/s  Total: 1433.80 GB
[  861.4s] IOs:    375961463  IOPS:   436472  Throughput:  1705.0 MB/s  Total: 1434.18 GB
[  861.6s] IOs:    376062005  IOPS:   436486  Throughput:  1705.0 MB/s  Total: 1434.56 GB
[  862.1s] IOs:    376162708  IOPS:   436357  Throughput:  1704.5 MB/s  Total: 1434.95 GB
[  862.3s] IOs:    376263482  IOPS:   436332  Throughput:  1704.4 MB/s  Total: 1435.33 GB
[  862.6s] IOs:    376364145  IOPS:   436336  Throughput:  1704.4 MB/s  Total: 1435.72 GB
[  863.1s] IOs:    376464724  IOPS:   436160  Throughput:  1703.7 MB/s  Total: 1436.10 GB
[  863.4s] IOs:    376565199  IOPS:   436140  Throughput:  1703.7 MB/s  Total: 1436.48 GB
[  863.8s] IOs:    376666050  IOPS:   436035  Throughput:  1703.3 MB/s  Total: 1436.87 GB
[  864.1s] IOs:    376766717  IOPS:   436001  Throughput:  1703.1 MB/s  Total: 1437.25 GB
[  864.4s] IOs:    376866823  IOPS:   435976  Throughput:  1703.0 MB/s  Total: 1437.63 GB
[  864.8s] IOs:    376967067  IOPS:   435897  Throughput:  1702.7 MB/s  Total: 1438.02 GB
[  865.0s] IOs:    377067608  IOPS:   435906  Throughput:  1702.8 MB/s  Total: 1438.40 GB
[  865.4s] IOs:    377168251  IOPS:   435836  Throughput:  1702.5 MB/s  Total: 1438.78 GB
[  865.6s] IOs:    377268808  IOPS:   435855  Throughput:  1702.6 MB/s  Total: 1439.17 GB
[  866.0s] IOs:    377369732  IOPS:   435758  Throughput:  1702.2 MB/s  Total: 1439.55 GB
[  866.2s] IOs:    377470324  IOPS:   435756  Throughput:  1702.2 MB/s  Total: 1439.94 GB
[  866.5s] IOs:    377571175  IOPS:   435727  Throughput:  1702.1 MB/s  Total: 1440.32 GB
[  866.9s] IOs:    377671594  IOPS:   435678  Throughput:  1701.9 MB/s  Total: 1440.70 GB
[  867.1s] IOs:    377772077  IOPS:   435698  Throughput:  1701.9 MB/s  Total: 1441.09 GB
[  867.4s] IOs:    377873070  IOPS:   435659  Throughput:  1701.8 MB/s  Total: 1441.47 GB
[  867.6s] IOs:    377973876  IOPS:   435669  Throughput:  1701.8 MB/s  Total: 1441.86 GB
[  867.9s] IOs:    378073884  IOPS:   435627  Throughput:  1701.7 MB/s  Total: 1442.24 GB
[  868.1s] IOs:    378174380  IOPS:   435638  Throughput:  1701.7 MB/s  Total: 1442.62 GB
[  868.4s] IOs:    378275161  IOPS:   435604  Throughput:  1701.6 MB/s  Total: 1443.01 GB
[  868.6s] IOs:    378376012  IOPS:   435615  Throughput:  1701.6 MB/s  Total: 1443.39 GB
[  868.9s] IOs:    378476881  IOPS:   435582  Throughput:  1701.5 MB/s  Total: 1443.77 GB
[  869.1s] IOs:    378577462  IOPS:   435600  Throughput:  1701.6 MB/s  Total: 1444.16 GB
[  869.3s] IOs:    378678093  IOPS:   435590  Throughput:  1701.5 MB/s  Total: 1444.54 GB
[  869.7s] IOs:    378778498  IOPS:   435542  Throughput:  1701.3 MB/s  Total: 1444.93 GB
[  869.9s] IOs:    378879001  IOPS:   435549  Throughput:  1701.4 MB/s  Total: 1445.31 GB
[  870.1s] IOs:    378979517  IOPS:   435575  Throughput:  1701.5 MB/s  Total: 1445.69 GB
[  870.4s] IOs:    379080038  IOPS:   435529  Throughput:  1701.3 MB/s  Total: 1446.08 GB
[  870.6s] IOs:    379180756  IOPS:   435554  Throughput:  1701.4 MB/s  Total: 1446.46 GB
[  870.9s] IOs:    379281611  IOPS:   435515  Throughput:  1701.2 MB/s  Total: 1446.84 GB
[  871.1s] IOs:    379382370  IOPS:   435534  Throughput:  1701.3 MB/s  Total: 1447.23 GB
[  871.4s] IOs:    379482969  IOPS:   435489  Throughput:  1701.1 MB/s  Total: 1447.61 GB
[  871.6s] IOs:    379583641  IOPS:   435509  Throughput:  1701.2 MB/s  Total: 1448.00 GB
[  871.9s] IOs:    379684567  IOPS:   435472  Throughput:  1701.1 MB/s  Total: 1448.38 GB
[  872.1s] IOs:    379785050  IOPS:   435479  Throughput:  1701.1 MB/s  Total: 1448.76 GB
[  872.4s] IOs:    379885537  IOPS:   435442  Throughput:  1700.9 MB/s  Total: 1449.15 GB
[  872.6s] IOs:    379985901  IOPS:   435457  Throughput:  1701.0 MB/s  Total: 1449.53 GB
[  872.8s] IOs:    380086414  IOPS:   435460  Throughput:  1701.0 MB/s  Total: 1449.91 GB
[  873.0s] IOs:    380187074  IOPS:   435482  Throughput:  1701.1 MB/s  Total: 1450.30 GB
[  873.2s] IOs:    380287808  IOPS:   435510  Throughput:  1701.2 MB/s  Total: 1450.68 GB
[  873.5s] IOs:    380388309  IOPS:   435497  Throughput:  1701.2 MB/s  Total: 1451.07 GB
[  873.6s] IOs:    380488931  IOPS:   435526  Throughput:  1701.3 MB/s  Total: 1451.45 GB
[  873.9s] IOs:    380589281  IOPS:   435510  Throughput:  1701.2 MB/s  Total: 1451.83 GB
[  874.7s] IOs:    380690059  IOPS:   435219  Throughput:  1700.1 MB/s  Total: 1452.22 GB
[  875.3s] IOs:    380790614  IOPS:   435026  Throughput:  1699.3 MB/s  Total: 1452.60 GB
[  875.9s] IOs:    380891394  IOPS:   434854  Throughput:  1698.7 MB/s  Total: 1452.99 GB
[  876.5s] IOs:    380992195  IOPS:   434696  Throughput:  1698.0 MB/s  Total: 1453.37 GB
[  876.9s] IOs:    381092896  IOPS:   434576  Throughput:  1697.6 MB/s  Total: 1453.75 GB
[  877.5s] IOs:    381193573  IOPS:   434433  Throughput:  1697.0 MB/s  Total: 1454.14 GB
[  878.0s] IOs:    381294075  IOPS:   434268  Throughput:  1696.4 MB/s  Total: 1454.52 GB
[  878.3s] IOs:    381394598  IOPS:   434224  Throughput:  1696.2 MB/s  Total: 1454.90 GB
[  878.5s] IOs:    381495380  IOPS:   434247  Throughput:  1696.3 MB/s  Total: 1455.29 GB
[  879.1s] IOs:    381596325  IOPS:   434069  Throughput:  1695.6 MB/s  Total: 1455.67 GB
[  879.7s] IOs:    381696477  IOPS:   433914  Throughput:  1695.0 MB/s  Total: 1456.06 GB
[  879.9s] IOs:    381797305  IOPS:   433898  Throughput:  1694.9 MB/s  Total: 1456.44 GB
[  880.4s] IOs:    381897939  IOPS:   433793  Throughput:  1694.5 MB/s  Total: 1456.83 GB
[  880.6s] IOs:    381998891  IOPS:   433814  Throughput:  1694.6 MB/s  Total: 1457.21 GB
[  881.0s] IOs:    382099853  IOPS:   433713  Throughput:  1694.2 MB/s  Total: 1457.60 GB
[  881.4s] IOs:    382200402  IOPS:   433632  Throughput:  1693.9 MB/s  Total: 1457.98 GB
[  881.6s] IOs:    382300568  IOPS:   433655  Throughput:  1694.0 MB/s  Total: 1458.36 GB
[  882.0s] IOs:    382401112  IOPS:   433585  Throughput:  1693.7 MB/s  Total: 1458.74 GB
[  882.4s] IOs:    382501797  IOPS:   433472  Throughput:  1693.2 MB/s  Total: 1459.13 GB
[  882.6s] IOs:    382602288  IOPS:   433484  Throughput:  1693.3 MB/s  Total: 1459.51 GB
[  883.0s] IOs:    382703132  IOPS:   433430  Throughput:  1693.1 MB/s  Total: 1459.90 GB
[  883.3s] IOs:    382803804  IOPS:   433369  Throughput:  1692.8 MB/s  Total: 1460.28 GB
[  883.5s] IOs:    382904136  IOPS:   433376  Throughput:  1692.9 MB/s  Total: 1460.66 GB
[  883.9s] IOs:    383004350  IOPS:   433316  Throughput:  1692.6 MB/s  Total: 1461.05 GB
[  884.1s] IOs:    383105137  IOPS:   433341  Throughput:  1692.7 MB/s  Total: 1461.43 GB
[  884.5s] IOs:    383205236  IOPS:   433224  Throughput:  1692.3 MB/s  Total: 1461.81 GB
[  884.8s] IOs:    383306038  IOPS:   433205  Throughput:  1692.2 MB/s  Total: 1462.20 GB
[  885.1s] IOs:    383406646  IOPS:   433192  Throughput:  1692.2 MB/s  Total: 1462.58 GB
[  885.3s] IOs:    383507078  IOPS:   433173  Throughput:  1692.1 MB/s  Total: 1462.96 GB
[  885.5s] IOs:    383607893  IOPS:   433197  Throughput:  1692.2 MB/s  Total: 1463.35 GB
[  885.9s] IOs:    383708577  IOPS:   433127  Throughput:  1691.9 MB/s  Total: 1463.73 GB
[  886.1s] IOs:    383809440  IOPS:   433123  Throughput:  1691.9 MB/s  Total: 1464.12 GB
[  886.4s] IOs:    383909723  IOPS:   433132  Throughput:  1691.9 MB/s  Total: 1464.50 GB
[  886.5s] IOs:    384010142  IOPS:   433158  Throughput:  1692.0 MB/s  Total: 1464.88 GB
[  886.9s] IOs:    384110977  IOPS:   433091  Throughput:  1691.8 MB/s  Total: 1465.27 GB
[  887.1s] IOs:    384211539  IOPS:   433113  Throughput:  1691.8 MB/s  Total: 1465.65 GB
[  887.4s] IOs:    384312191  IOPS:   433089  Throughput:  1691.8 MB/s  Total: 1466.03 GB
[  887.6s] IOs:    384412916  IOPS:   433113  Throughput:  1691.8 MB/s  Total: 1466.42 GB
[  887.9s] IOs:    384513610  IOPS:   433073  Throughput:  1691.7 MB/s  Total: 1466.80 GB
[  888.1s] IOs:    384614347  IOPS:   433096  Throughput:  1691.8 MB/s  Total: 1467.19 GB
[  888.3s] IOs:    384715027  IOPS:   433085  Throughput:  1691.7 MB/s  Total: 1467.57 GB
[  888.5s] IOs:    384816028  IOPS:   433090  Throughput:  1691.8 MB/s  Total: 1467.96 GB
[  888.7s] IOs:    384916659  IOPS:   433105  Throughput:  1691.8 MB/s  Total: 1468.34 GB
[  888.9s] IOs:    385017129  IOPS:   433123  Throughput:  1691.9 MB/s  Total: 1468.72 GB
[  889.3s] IOs:    385117914  IOPS:   433067  Throughput:  1691.7 MB/s  Total: 1469.11 GB
[  889.5s] IOs:    385218635  IOPS:   433085  Throughput:  1691.7 MB/s  Total: 1469.49 GB
[  889.7s] IOs:    385319419  IOPS:   433113  Throughput:  1691.8 MB/s  Total: 1469.88 GB
[  894.5s] IOs:    385420249  IOPS:   430892  Throughput:  1683.2 MB/s  Total: 1470.26 GB
[  896.4s] IOs:    385520932  IOPS:   430058  Throughput:  1679.9 MB/s  Total: 1470.65 GB
[  898.0s] IOs:    385621073  IOPS:   429432  Throughput:  1677.5 MB/s  Total: 1471.03 GB
[  899.5s] IOs:    385721199  IOPS:   428819  Throughput:  1675.1 MB/s  Total: 1471.41 GB
[  900.7s] IOs:    385821933  IOPS:   428363  Throughput:  1673.3 MB/s  Total: 1471.79 GB
[  901.9s] IOs:    385922714  IOPS:   427892  Throughput:  1671.5 MB/s  Total: 1472.18 GB
[  902.9s] IOs:    386023551  IOPS:   427529  Throughput:  1670.0 MB/s  Total: 1472.56 GB
[  903.6s] IOs:    386123718  IOPS:   427321  Throughput:  1669.2 MB/s  Total: 1472.95 GB
[  904.6s] IOs:    386223719  IOPS:   426953  Throughput:  1667.8 MB/s  Total: 1473.33 GB
[  905.4s] IOs:    386324277  IOPS:   426674  Throughput:  1666.7 MB/s  Total: 1473.71 GB
[  906.1s] IOs:    386424782  IOPS:   426485  Throughput:  1666.0 MB/s  Total: 1474.09 GB
[  906.6s] IOs:    386525633  IOPS:   426339  Throughput:  1665.4 MB/s  Total: 1474.48 GB
[  907.5s] IOs:    386626432  IOPS:   426032  Throughput:  1664.2 MB/s  Total: 1474.86 GB
[  908.0s] IOs:    386727143  IOPS:   425890  Throughput:  1663.6 MB/s  Total: 1475.25 GB
[  908.6s] IOs:    386827952  IOPS:   425739  Throughput:  1663.0 MB/s  Total: 1475.63 GB
[  909.2s] IOs:    386928813  IOPS:   425579  Throughput:  1662.4 MB/s  Total: 1476.02 GB
[  909.9s] IOs:    387029788  IOPS:   425362  Throughput:  1661.6 MB/s  Total: 1476.40 GB
[  910.6s] IOs:    387130079  IOPS:   425124  Throughput:  1660.6 MB/s  Total: 1476.78 GB
[  911.5s] IOs:    387230913  IOPS:   424827  Throughput:  1659.5 MB/s  Total: 1477.17 GB
[  912.1s] IOs:    387331694  IOPS:   424648  Throughput:  1658.8 MB/s  Total: 1477.55 GB
[  913.0s] IOs:    387432290  IOPS:   424360  Throughput:  1657.7 MB/s  Total: 1477.94 GB
[Reader] Parsed 61000000 lines, distributed 387455755 writes, unique 469.38 GB, skipped 0
[  913.6s] IOs:    387532885  IOPS:   424161  Throughput:  1656.9 MB/s  Total: 1478.32 GB
[  914.6s] IOs:    387633822  IOPS:   423842  Throughput:  1655.6 MB/s  Total: 1478.71 GB
[  915.2s] IOs:    387734386  IOPS:   423672  Throughput:  1655.0 MB/s  Total: 1479.09 GB
[  915.9s] IOs:    387835122  IOPS:   423434  Throughput:  1654.0 MB/s  Total: 1479.47 GB
[  916.5s] IOs:    387935352  IOPS:   423267  Throughput:  1653.4 MB/s  Total: 1479.86 GB
[  917.1s] IOs:    388036040  IOPS:   423123  Throughput:  1652.8 MB/s  Total: 1480.24 GB
[  917.6s] IOs:    388136686  IOPS:   422995  Throughput:  1652.3 MB/s  Total: 1480.62 GB
[  918.1s] IOs:    388237472  IOPS:   422870  Throughput:  1651.8 MB/s  Total: 1481.01 GB
[  918.6s] IOs:    388338111  IOPS:   422730  Throughput:  1651.3 MB/s  Total: 1481.39 GB
[  919.0s] IOs:    388439001  IOPS:   422660  Throughput:  1651.0 MB/s  Total: 1481.78 GB
[  919.6s] IOs:    388539652  IOPS:   422532  Throughput:  1650.5 MB/s  Total: 1482.16 GB
[  920.0s] IOs:    388640455  IOPS:   422450  Throughput:  1650.2 MB/s  Total: 1482.55 GB
[  920.5s] IOs:    388741340  IOPS:   422335  Throughput:  1649.7 MB/s  Total: 1482.93 GB
[  921.5s] IOs:    388842299  IOPS:   421963  Throughput:  1648.3 MB/s  Total: 1483.32 GB
[  922.5s] IOs:    388943166  IOPS:   421630  Throughput:  1647.0 MB/s  Total: 1483.70 GB
[  923.2s] IOs:    389043985  IOPS:   421409  Throughput:  1646.1 MB/s  Total: 1484.09 GB
[  924.1s] IOs:    389144988  IOPS:   421090  Throughput:  1644.9 MB/s  Total: 1484.47 GB
[  924.8s] IOs:    389245950  IOPS:   420913  Throughput:  1644.2 MB/s  Total: 1484.86 GB
[  925.6s] IOs:    389346028  IOPS:   420664  Throughput:  1643.2 MB/s  Total: 1485.24 GB
[  926.2s] IOs:    389446858  IOPS:   420457  Throughput:  1642.4 MB/s  Total: 1485.62 GB
[  926.7s] IOs:    389547499  IOPS:   420358  Throughput:  1642.0 MB/s  Total: 1486.01 GB
[  927.3s] IOs:    389648496  IOPS:   420191  Throughput:  1641.4 MB/s  Total: 1486.39 GB
[  928.0s] IOs:    389749240  IOPS:   419978  Throughput:  1640.5 MB/s  Total: 1486.78 GB
[  928.5s] IOs:    389849933  IOPS:   419879  Throughput:  1640.2 MB/s  Total: 1487.16 GB
[  929.1s] IOs:    389950578  IOPS:   419725  Throughput:  1639.6 MB/s  Total: 1487.54 GB
[  929.4s] IOs:    390050674  IOPS:   419673  Throughput:  1639.3 MB/s  Total: 1487.93 GB
[  929.7s] IOs:    390151183  IOPS:   419658  Throughput:  1639.3 MB/s  Total: 1488.31 GB
[  930.3s] IOs:    390252179  IOPS:   419488  Throughput:  1638.6 MB/s  Total: 1488.69 GB
[  930.6s] IOs:    390353121  IOPS:   419472  Throughput:  1638.6 MB/s  Total: 1489.08 GB
[  931.2s] IOs:    390453736  IOPS:   419306  Throughput:  1637.9 MB/s  Total: 1489.46 GB
[  931.5s] IOs:    390554350  IOPS:   419266  Throughput:  1637.8 MB/s  Total: 1489.85 GB
[  931.7s] IOs:    390654945  IOPS:   419274  Throughput:  1637.8 MB/s  Total: 1490.23 GB
[  932.1s] IOs:    390755439  IOPS:   419209  Throughput:  1637.5 MB/s  Total: 1490.61 GB
[  932.4s] IOs:    390856476  IOPS:   419210  Throughput:  1637.5 MB/s  Total: 1491.00 GB
[  932.6s] IOs:    390956491  IOPS:   419192  Throughput:  1637.5 MB/s  Total: 1491.38 GB
[  932.9s] IOs:    391056852  IOPS:   419173  Throughput:  1637.4 MB/s  Total: 1491.76 GB
[  933.2s] IOs:    391157088  IOPS:   419174  Throughput:  1637.4 MB/s  Total: 1492.15 GB
[  933.4s] IOs:    391257245  IOPS:   419175  Throughput:  1637.4 MB/s  Total: 1492.53 GB
[  933.7s] IOs:    391357853  IOPS:   419167  Throughput:  1637.4 MB/s  Total: 1492.91 GB
[  933.9s] IOs:    391458062  IOPS:   419162  Throughput:  1637.4 MB/s  Total: 1493.29 GB
[  934.2s] IOs:    391558090  IOPS:   419150  Throughput:  1637.3 MB/s  Total: 1493.68 GB
[  934.4s] IOs:    391658203  IOPS:   419139  Throughput:  1637.3 MB/s  Total: 1494.06 GB
[  934.7s] IOs:    391758794  IOPS:   419125  Throughput:  1637.2 MB/s  Total: 1494.44 GB
[  935.0s] IOs:    391859312  IOPS:   419112  Throughput:  1637.2 MB/s  Total: 1494.82 GB
[  935.3s] IOs:    391960020  IOPS:   419095  Throughput:  1637.1 MB/s  Total: 1495.21 GB
[  935.5s] IOs:    392060675  IOPS:   419096  Throughput:  1637.1 MB/s  Total: 1495.59 GB
[  935.8s] IOs:    392161407  IOPS:   419083  Throughput:  1637.0 MB/s  Total: 1495.98 GB
[  936.0s] IOs:    392262185  IOPS:   419087  Throughput:  1637.1 MB/s  Total: 1496.36 GB
[  936.2s] IOs:    392362744  IOPS:   419088  Throughput:  1637.1 MB/s  Total: 1496.75 GB
[  936.5s] IOs:    392463798  IOPS:   419086  Throughput:  1637.1 MB/s  Total: 1497.13 GB
[  936.7s] IOs:    392564821  IOPS:   419099  Throughput:  1637.1 MB/s  Total: 1497.52 GB
[  936.9s] IOs:    392665383  IOPS:   419113  Throughput:  1637.2 MB/s  Total: 1497.90 GB
[  937.3s] IOs:    392765869  IOPS:   419057  Throughput:  1636.9 MB/s  Total: 1498.28 GB
[  937.5s] IOs:    392866114  IOPS:   419054  Throughput:  1636.9 MB/s  Total: 1498.67 GB
[  937.8s] IOs:    392966204  IOPS:   419030  Throughput:  1636.8 MB/s  Total: 1499.05 GB
[  938.0s] IOs:    393066521  IOPS:   419030  Throughput:  1636.8 MB/s  Total: 1499.43 GB
[  938.3s] IOs:    393166991  IOPS:   419029  Throughput:  1636.8 MB/s  Total: 1499.81 GB
[  938.5s] IOs:    393267919  IOPS:   419017  Throughput:  1636.8 MB/s  Total: 1500.20 GB
[  938.8s] IOs:    393368402  IOPS:   419005  Throughput:  1636.7 MB/s  Total: 1500.58 GB
[  939.1s] IOs:    393469039  IOPS:   418988  Throughput:  1636.7 MB/s  Total: 1500.97 GB
[  939.4s] IOs:    393569931  IOPS:   418974  Throughput:  1636.6 MB/s  Total: 1501.35 GB
[  939.6s] IOs:    393670531  IOPS:   418975  Throughput:  1636.6 MB/s  Total: 1501.73 GB
[  939.8s] IOs:    393771312  IOPS:   418980  Throughput:  1636.6 MB/s  Total: 1502.12 GB
[  940.1s] IOs:    393872199  IOPS:   418971  Throughput:  1636.6 MB/s  Total: 1502.50 GB
[  940.3s] IOs:    393973133  IOPS:   418987  Throughput:  1636.7 MB/s  Total: 1502.89 GB
[  940.6s] IOs:    394073683  IOPS:   418976  Throughput:  1636.6 MB/s  Total: 1503.27 GB
[  940.8s] IOs:    394174274  IOPS:   418983  Throughput:  1636.7 MB/s  Total: 1503.66 GB
[  941.0s] IOs:    394275186  IOPS:   418992  Throughput:  1636.7 MB/s  Total: 1504.04 GB
[  941.2s] IOs:    394375700  IOPS:   419011  Throughput:  1636.8 MB/s  Total: 1504.42 GB
[  941.4s] IOs:    394476235  IOPS:   419030  Throughput:  1636.8 MB/s  Total: 1504.81 GB
[  941.7s] IOs:    394577109  IOPS:   419020  Throughput:  1636.8 MB/s  Total: 1505.19 GB
[  941.9s] IOs:    394677906  IOPS:   419042  Throughput:  1636.9 MB/s  Total: 1505.58 GB
[  942.0s] IOs:    394778384  IOPS:   419063  Throughput:  1637.0 MB/s  Total: 1505.96 GB
[  942.3s] IOs:    394879041  IOPS:   419078  Throughput:  1637.0 MB/s  Total: 1506.34 GB
[  942.5s] IOs:    394979717  IOPS:   419079  Throughput:  1637.0 MB/s  Total: 1506.73 GB
[  942.7s] IOs:    395080341  IOPS:   419110  Throughput:  1637.1 MB/s  Total: 1507.11 GB
[  942.8s] IOs:    395181073  IOPS:   419135  Throughput:  1637.2 MB/s  Total: 1507.50 GB
[  943.1s] IOs:    395281659  IOPS:   419110  Throughput:  1637.2 MB/s  Total: 1507.88 GB
[  944.3s] IOs:    395382447  IOPS:   418724  Throughput:  1635.6 MB/s  Total: 1508.26 GB
[  944.5s] IOs:    395483094  IOPS:   418705  Throughput:  1635.6 MB/s  Total: 1508.65 GB
[  945.0s] IOs:    395583940  IOPS:   418590  Throughput:  1635.1 MB/s  Total: 1509.03 GB
[  945.4s] IOs:    395684285  IOPS:   418534  Throughput:  1634.9 MB/s  Total: 1509.42 GB
[  945.6s] IOs:    395784857  IOPS:   418563  Throughput:  1635.0 MB/s  Total: 1509.80 GB
[  946.1s] IOs:    395885569  IOPS:   418438  Throughput:  1634.5 MB/s  Total: 1510.18 GB
[  946.4s] IOs:    395986308  IOPS:   418398  Throughput:  1634.4 MB/s  Total: 1510.57 GB
[  946.6s] IOs:    396087271  IOPS:   418421  Throughput:  1634.5 MB/s  Total: 1510.95 GB
[  947.3s] IOs:    396188007  IOPS:   418242  Throughput:  1633.8 MB/s  Total: 1511.34 GB
[  947.5s] IOs:    396288808  IOPS:   418248  Throughput:  1633.8 MB/s  Total: 1511.72 GB
[  948.0s] IOs:    396389741  IOPS:   418118  Throughput:  1633.3 MB/s  Total: 1512.11 GB
[  948.4s] IOs:    396490459  IOPS:   418050  Throughput:  1633.0 MB/s  Total: 1512.49 GB
[  948.6s] IOs:    396591417  IOPS:   418081  Throughput:  1633.1 MB/s  Total: 1512.88 GB
[  949.1s] IOs:    396692040  IOPS:   417954  Throughput:  1632.6 MB/s  Total: 1513.26 GB
[  949.6s] IOs:    396792818  IOPS:   417853  Throughput:  1632.2 MB/s  Total: 1513.64 GB
[  950.0s] IOs:    396893360  IOPS:   417781  Throughput:  1632.0 MB/s  Total: 1514.03 GB
[  950.3s] IOs:    396993991  IOPS:   417752  Throughput:  1631.8 MB/s  Total: 1514.41 GB
[  950.5s] IOs:    397094042  IOPS:   417771  Throughput:  1631.9 MB/s  Total: 1514.79 GB
[  950.7s] IOs:    397194043  IOPS:   417795  Throughput:  1632.0 MB/s  Total: 1515.18 GB
[  950.9s] IOs:    397294955  IOPS:   417817  Throughput:  1632.1 MB/s  Total: 1515.56 GB
[  951.1s] IOs:    397395895  IOPS:   417828  Throughput:  1632.1 MB/s  Total: 1515.95 GB
[  951.3s] IOs:    397496861  IOPS:   417851  Throughput:  1632.2 MB/s  Total: 1516.33 GB
[  951.5s] IOs:    397597603  IOPS:   417872  Throughput:  1632.3 MB/s  Total: 1516.71 GB
[  951.7s] IOs:    397698240  IOPS:   417899  Throughput:  1632.4 MB/s  Total: 1517.10 GB
[  951.8s] IOs:    397799091  IOPS:   417923  Throughput:  1632.5 MB/s  Total: 1517.48 GB
[  952.0s] IOs:    397899775  IOPS:   417941  Throughput:  1632.6 MB/s  Total: 1517.87 GB
[  952.2s] IOs:    398000649  IOPS:   417960  Throughput:  1632.7 MB/s  Total: 1518.25 GB
[Reader] Parsed 62000000 lines, distributed 398087206 writes, unique 485.94 GB, skipped 0
[  952.5s] IOs:    398101499  IOPS:   417973  Throughput:  1632.7 MB/s  Total: 1518.64 GB
[  952.6s] IOs:    398201982  IOPS:   418004  Throughput:  1632.8 MB/s  Total: 1519.02 GB
[  952.8s] IOs:    398302551  IOPS:   418032  Throughput:  1632.9 MB/s  Total: 1519.40 GB
[  953.1s] IOs:    398403406  IOPS:   418001  Throughput:  1632.8 MB/s  Total: 1519.79 GB
[  953.3s] IOs:    398503965  IOPS:   418027  Throughput:  1632.9 MB/s  Total: 1520.17 GB
[  953.5s] IOs:    398604514  IOPS:   418051  Throughput:  1633.0 MB/s  Total: 1520.56 GB
[  953.7s] IOs:    398705262  IOPS:   418071  Throughput:  1633.1 MB/s  Total: 1520.94 GB
[  953.9s] IOs:    398806227  IOPS:   418096  Throughput:  1633.2 MB/s  Total: 1521.33 GB
[  954.1s] IOs:    398906628  IOPS:   418116  Throughput:  1633.3 MB/s  Total: 1521.71 GB
[  954.2s] IOs:    399007060  IOPS:   418140  Throughput:  1633.4 MB/s  Total: 1522.09 GB
[  954.4s] IOs:    399107945  IOPS:   418160  Throughput:  1633.4 MB/s  Total: 1522.48 GB
[  954.6s] IOs:    399208529  IOPS:   418185  Throughput:  1633.5 MB/s  Total: 1522.86 GB
[  954.8s] IOs:    399309229  IOPS:   418216  Throughput:  1633.7 MB/s  Total: 1523.24 GB
[  955.0s] IOs:    399409926  IOPS:   418245  Throughput:  1633.8 MB/s  Total: 1523.63 GB
[  955.1s] IOs:    399510490  IOPS:   418271  Throughput:  1633.9 MB/s  Total: 1524.01 GB
[  955.3s] IOs:    399611085  IOPS:   418303  Throughput:  1634.0 MB/s  Total: 1524.40 GB
[  955.5s] IOs:    399711603  IOPS:   418322  Throughput:  1634.1 MB/s  Total: 1524.78 GB
[  956.0s] IOs:    399812630  IOPS:   418232  Throughput:  1633.7 MB/s  Total: 1525.16 GB
[  956.1s] IOs:    399913372  IOPS:   418260  Throughput:  1633.8 MB/s  Total: 1525.55 GB
[  956.6s] IOs:    400014300  IOPS:   418142  Throughput:  1633.4 MB/s  Total: 1525.93 GB
[  957.0s] IOs:    400114834  IOPS:   418104  Throughput:  1633.2 MB/s  Total: 1526.32 GB
[  957.2s] IOs:    400215199  IOPS:   418129  Throughput:  1633.3 MB/s  Total: 1526.70 GB
[  957.6s] IOs:    400315909  IOPS:   418034  Throughput:  1632.9 MB/s  Total: 1527.08 GB
[  958.0s] IOs:    400416537  IOPS:   417991  Throughput:  1632.8 MB/s  Total: 1527.47 GB
[  958.1s] IOs:    400516557  IOPS:   418017  Throughput:  1632.9 MB/s  Total: 1527.85 GB
[  958.5s] IOs:    400617196  IOPS:   417947  Throughput:  1632.6 MB/s  Total: 1528.23 GB
[  958.7s] IOs:    400717490  IOPS:   417976  Throughput:  1632.7 MB/s  Total: 1528.62 GB
[  959.1s] IOs:    400817971  IOPS:   417914  Throughput:  1632.5 MB/s  Total: 1529.00 GB
[  959.3s] IOs:    400918794  IOPS:   417924  Throughput:  1632.5 MB/s  Total: 1529.38 GB
[  959.6s] IOs:    401019778  IOPS:   417914  Throughput:  1632.5 MB/s  Total: 1529.77 GB
[  959.8s] IOs:    401120593  IOPS:   417931  Throughput:  1632.5 MB/s  Total: 1530.15 GB
[  960.1s] IOs:    401220900  IOPS:   417878  Throughput:  1632.3 MB/s  Total: 1530.54 GB
[  960.3s] IOs:    401321638  IOPS:   417902  Throughput:  1632.4 MB/s  Total: 1530.92 GB
[  960.6s] IOs:    401422505  IOPS:   417879  Throughput:  1632.3 MB/s  Total: 1531.31 GB
[  960.8s] IOs:    401522957  IOPS:   417887  Throughput:  1632.4 MB/s  Total: 1531.69 GB
[  961.1s] IOs:    401623483  IOPS:   417864  Throughput:  1632.3 MB/s  Total: 1532.07 GB
[  961.3s] IOs:    401723834  IOPS:   417880  Throughput:  1632.3 MB/s  Total: 1532.45 GB
[  961.9s] IOs:    401824472  IOPS:   417748  Throughput:  1631.8 MB/s  Total: 1532.84 GB
[  962.1s] IOs:    401925074  IOPS:   417766  Throughput:  1631.9 MB/s  Total: 1533.22 GB
[  962.7s] IOs:    402025620  IOPS:   417622  Throughput:  1631.3 MB/s  Total: 1533.61 GB
[  963.2s] IOs:    402126425  IOPS:   417477  Throughput:  1630.8 MB/s  Total: 1533.99 GB
[  963.6s] IOs:    402226873  IOPS:   417424  Throughput:  1630.6 MB/s  Total: 1534.37 GB
[  964.1s] IOs:    402327666  IOPS:   417322  Throughput:  1630.2 MB/s  Total: 1534.76 GB
[  964.5s] IOs:    402428321  IOPS:   417250  Throughput:  1629.9 MB/s  Total: 1535.14 GB
[  965.0s] IOs:    402529050  IOPS:   417136  Throughput:  1629.4 MB/s  Total: 1535.53 GB
[  965.2s] IOs:    402629874  IOPS:   417145  Throughput:  1629.5 MB/s  Total: 1535.91 GB
[  965.6s] IOs:    402730703  IOPS:   417067  Throughput:  1629.2 MB/s  Total: 1536.30 GB
[  966.1s] IOs:    402831228  IOPS:   416951  Throughput:  1628.7 MB/s  Total: 1536.68 GB
[  966.4s] IOs:    402932010  IOPS:   416922  Throughput:  1628.6 MB/s  Total: 1537.06 GB
[  966.6s] IOs:    403032078  IOPS:   416939  Throughput:  1628.7 MB/s  Total: 1537.45 GB
[  967.2s] IOs:    403132511  IOPS:   416812  Throughput:  1628.2 MB/s  Total: 1537.83 GB
[  967.6s] IOs:    403232532  IOPS:   416748  Throughput:  1627.9 MB/s  Total: 1538.21 GB
[  967.9s] IOs:    403333101  IOPS:   416703  Throughput:  1627.7 MB/s  Total: 1538.59 GB
[  968.2s] IOs:    403433667  IOPS:   416684  Throughput:  1627.7 MB/s  Total: 1538.98 GB
[  968.5s] IOs:    403533800  IOPS:   416659  Throughput:  1627.6 MB/s  Total: 1539.36 GB
[  968.7s] IOs:    403634070  IOPS:   416672  Throughput:  1627.6 MB/s  Total: 1539.74 GB
[  969.3s] IOs:    403734573  IOPS:   416521  Throughput:  1627.0 MB/s  Total: 1540.13 GB
[  969.5s] IOs:    403835499  IOPS:   416547  Throughput:  1627.1 MB/s  Total: 1540.51 GB
[  969.7s] IOs:    403936216  IOPS:   416565  Throughput:  1627.2 MB/s  Total: 1540.89 GB
[  970.2s] IOs:    404036867  IOPS:   416468  Throughput:  1626.8 MB/s  Total: 1541.28 GB
[  970.5s] IOs:    404137177  IOPS:   416409  Throughput:  1626.6 MB/s  Total: 1541.66 GB
[  970.8s] IOs:    404237688  IOPS:   416410  Throughput:  1626.6 MB/s  Total: 1542.04 GB
[  971.0s] IOs:    404338291  IOPS:   416393  Throughput:  1626.5 MB/s  Total: 1542.43 GB
[  971.3s] IOs:    404439042  IOPS:   416400  Throughput:  1626.6 MB/s  Total: 1542.81 GB
[  971.6s] IOs:    404539370  IOPS:   416366  Throughput:  1626.4 MB/s  Total: 1543.20 GB
[  972.1s] IOs:    404640141  IOPS:   416274  Throughput:  1626.1 MB/s  Total: 1543.58 GB
[  972.2s] IOs:    404740830  IOPS:   416302  Throughput:  1626.2 MB/s  Total: 1543.96 GB
[  972.5s] IOs:    404841298  IOPS:   416291  Throughput:  1626.1 MB/s  Total: 1544.35 GB
[  972.7s] IOs:    404941862  IOPS:   416315  Throughput:  1626.2 MB/s  Total: 1544.73 GB
[  973.0s] IOs:    405042771  IOPS:   416273  Throughput:  1626.1 MB/s  Total: 1545.12 GB
[  973.2s] IOs:    405143464  IOPS:   416293  Throughput:  1626.1 MB/s  Total: 1545.50 GB
[  973.6s] IOs:    405243926  IOPS:   416244  Throughput:  1626.0 MB/s  Total: 1545.88 GB
[  974.0s] IOs:    405344513  IOPS:   416150  Throughput:  1625.6 MB/s  Total: 1546.27 GB
[  974.2s] IOs:    405445059  IOPS:   416176  Throughput:  1625.7 MB/s  Total: 1546.65 GB
[  974.7s] IOs:    405545604  IOPS:   416081  Throughput:  1625.3 MB/s  Total: 1547.03 GB
[  975.0s] IOs:    405646573  IOPS:   416057  Throughput:  1625.2 MB/s  Total: 1547.42 GB
[  975.2s] IOs:    405746683  IOPS:   416072  Throughput:  1625.3 MB/s  Total: 1547.80 GB
[  975.7s] IOs:    405847076  IOPS:   415939  Throughput:  1624.8 MB/s  Total: 1548.18 GB
[  975.9s] IOs:    405947620  IOPS:   415955  Throughput:  1624.8 MB/s  Total: 1548.57 GB
[  976.2s] IOs:    406047908  IOPS:   415934  Throughput:  1624.7 MB/s  Total: 1548.95 GB
[  976.6s] IOs:    406148350  IOPS:   415892  Throughput:  1624.6 MB/s  Total: 1549.33 GB
[  976.8s] IOs:    406249218  IOPS:   415919  Throughput:  1624.7 MB/s  Total: 1549.72 GB
[  977.1s] IOs:    406350203  IOPS:   415882  Throughput:  1624.5 MB/s  Total: 1550.10 GB
[  977.5s] IOs:    406450781  IOPS:   415799  Throughput:  1624.2 MB/s  Total: 1550.49 GB
[  977.8s] IOs:    406551440  IOPS:   415795  Throughput:  1624.2 MB/s  Total: 1550.87 GB
[  978.0s] IOs:    406652083  IOPS:   415793  Throughput:  1624.2 MB/s  Total: 1551.25 GB
[  978.2s] IOs:    406752704  IOPS:   415818  Throughput:  1624.3 MB/s  Total: 1551.64 GB
[  978.6s] IOs:    406853560  IOPS:   415771  Throughput:  1624.1 MB/s  Total: 1552.02 GB
[  978.7s] IOs:    406954256  IOPS:   415802  Throughput:  1624.2 MB/s  Total: 1552.41 GB
[  979.0s] IOs:    407054843  IOPS:   415777  Throughput:  1624.1 MB/s  Total: 1552.79 GB
[  979.2s] IOs:    407155191  IOPS:   415797  Throughput:  1624.2 MB/s  Total: 1553.17 GB
[  979.6s] IOs:    407255579  IOPS:   415734  Throughput:  1624.0 MB/s  Total: 1553.56 GB
[  979.8s] IOs:    407356578  IOPS:   415760  Throughput:  1624.1 MB/s  Total: 1553.94 GB
[  980.0s] IOs:    407456933  IOPS:   415784  Throughput:  1624.2 MB/s  Total: 1554.32 GB
[  980.2s] IOs:    407557659  IOPS:   415803  Throughput:  1624.2 MB/s  Total: 1554.71 GB
[  980.4s] IOs:    407658314  IOPS:   415792  Throughput:  1624.2 MB/s  Total: 1555.09 GB
[  980.6s] IOs:    407759314  IOPS:   415816  Throughput:  1624.3 MB/s  Total: 1555.48 GB
[  980.8s] IOs:    407859618  IOPS:   415833  Throughput:  1624.3 MB/s  Total: 1555.86 GB
[  981.1s] IOs:    407960104  IOPS:   415838  Throughput:  1624.4 MB/s  Total: 1556.24 GB
[  981.2s] IOs:    408060547  IOPS:   415866  Throughput:  1624.5 MB/s  Total: 1556.63 GB
[  981.5s] IOs:    408160962  IOPS:   415863  Throughput:  1624.5 MB/s  Total: 1557.01 GB
[  981.7s] IOs:    408261126  IOPS:   415886  Throughput:  1624.6 MB/s  Total: 1557.39 GB
[Reader] Parsed 63000000 lines, distributed 408305086 writes, unique 501.40 GB, skipped 0
[  981.8s] IOs:    408362034  IOPS:   415911  Throughput:  1624.7 MB/s  Total: 1557.78 GB
[  982.1s] IOs:    408462211  IOPS:   415920  Throughput:  1624.7 MB/s  Total: 1558.16 GB
[  982.2s] IOs:    408562820  IOPS:   415949  Throughput:  1624.8 MB/s  Total: 1558.54 GB
[  982.4s] IOs:    408663356  IOPS:   415974  Throughput:  1624.9 MB/s  Total: 1558.93 GB
[  982.7s] IOs:    408763516  IOPS:   415975  Throughput:  1624.9 MB/s  Total: 1559.31 GB
[  982.9s] IOs:    408863671  IOPS:   415997  Throughput:  1625.0 MB/s  Total: 1559.69 GB
[  983.0s] IOs:    408963760  IOPS:   416024  Throughput:  1625.1 MB/s  Total: 1560.07 GB
[  983.3s] IOs:    409064196  IOPS:   415995  Throughput:  1625.0 MB/s  Total: 1560.46 GB
[  983.5s] IOs:    409165118  IOPS:   416023  Throughput:  1625.1 MB/s  Total: 1560.84 GB
[  983.7s] IOs:    409265755  IOPS:   416046  Throughput:  1625.2 MB/s  Total: 1561.22 GB
[  984.0s] IOs:    409366205  IOPS:   416031  Throughput:  1625.1 MB/s  Total: 1561.61 GB
[  984.2s] IOs:    409466890  IOPS:   416056  Throughput:  1625.2 MB/s  Total: 1561.99 GB
[  984.4s] IOs:    409567661  IOPS:   416044  Throughput:  1625.2 MB/s  Total: 1562.38 GB
[  984.6s] IOs:    409668323  IOPS:   416063  Throughput:  1625.2 MB/s  Total: 1562.76 GB
[  984.8s] IOs:    409768978  IOPS:   416088  Throughput:  1625.3 MB/s  Total: 1563.14 GB
[  985.1s] IOs:    409869619  IOPS:   416088  Throughput:  1625.3 MB/s  Total: 1563.53 GB
[  985.2s] IOs:    409970469  IOPS:   416109  Throughput:  1625.4 MB/s  Total: 1563.91 GB
[  985.5s] IOs:    410071221  IOPS:   416125  Throughput:  1625.5 MB/s  Total: 1564.30 GB
[  985.7s] IOs:    410172189  IOPS:   416136  Throughput:  1625.5 MB/s  Total: 1564.68 GB
[  985.9s] IOs:    410272824  IOPS:   416161  Throughput:  1625.6 MB/s  Total: 1565.07 GB
[  986.0s] IOs:    410373028  IOPS:   416180  Throughput:  1625.7 MB/s  Total: 1565.45 GB
[  986.2s] IOs:    410473516  IOPS:   416209  Throughput:  1625.8 MB/s  Total: 1565.83 GB
[  986.4s] IOs:    410574060  IOPS:   416221  Throughput:  1625.9 MB/s  Total: 1566.22 GB
[  986.6s] IOs:    410674942  IOPS:   416253  Throughput:  1626.0 MB/s  Total: 1566.60 GB
[  986.8s] IOs:    410775577  IOPS:   416280  Throughput:  1626.1 MB/s  Total: 1566.98 GB
[  987.0s] IOs:    410875994  IOPS:   416275  Throughput:  1626.1 MB/s  Total: 1567.37 GB
[  987.2s] IOs:    410976683  IOPS:   416301  Throughput:  1626.2 MB/s  Total: 1567.75 GB
[  987.7s] IOs:    411077417  IOPS:   416210  Throughput:  1625.8 MB/s  Total: 1568.14 GB
[  987.8s] IOs:    411178117  IOPS:   416241  Throughput:  1625.9 MB/s  Total: 1568.52 GB
[  988.1s] IOs:    411278850  IOPS:   416244  Throughput:  1626.0 MB/s  Total: 1568.90 GB
[  988.2s] IOs:    411379577  IOPS:   416274  Throughput:  1626.1 MB/s  Total: 1569.29 GB
[  988.5s] IOs:    411480276  IOPS:   416250  Throughput:  1626.0 MB/s  Total: 1569.67 GB
[  988.7s] IOs:    411580819  IOPS:   416280  Throughput:  1626.1 MB/s  Total: 1570.06 GB
[  989.0s] IOs:    411681511  IOPS:   416271  Throughput:  1626.1 MB/s  Total: 1570.44 GB
[  989.2s] IOs:    411782386  IOPS:   416270  Throughput:  1626.1 MB/s  Total: 1570.83 GB
[  989.4s] IOs:    411882905  IOPS:   416289  Throughput:  1626.1 MB/s  Total: 1571.21 GB
[  989.6s] IOs:    411983714  IOPS:   416316  Throughput:  1626.2 MB/s  Total: 1571.59 GB
[  989.8s] IOs:    412084434  IOPS:   416344  Throughput:  1626.3 MB/s  Total: 1571.98 GB
[  990.0s] IOs:    412185318  IOPS:   416341  Throughput:  1626.3 MB/s  Total: 1572.36 GB
[  990.2s] IOs:    412286248  IOPS:   416364  Throughput:  1626.4 MB/s  Total: 1572.75 GB
[  990.4s] IOs:    412386944  IOPS:   416385  Throughput:  1626.5 MB/s  Total: 1573.13 GB
[  990.7s] IOs:    412487601  IOPS:   416367  Throughput:  1626.4 MB/s  Total: 1573.52 GB
[  990.9s] IOs:    412588271  IOPS:   416391  Throughput:  1626.5 MB/s  Total: 1573.90 GB
[  991.1s] IOs:    412688907  IOPS:   416413  Throughput:  1626.6 MB/s  Total: 1574.28 GB
[  991.3s] IOs:    412789707  IOPS:   416432  Throughput:  1626.7 MB/s  Total: 1574.67 GB
[  991.4s] IOs:    412890282  IOPS:   416464  Throughput:  1626.8 MB/s  Total: 1575.05 GB
[  991.6s] IOs:    412990508  IOPS:   416468  Throughput:  1626.8 MB/s  Total: 1575.43 GB
[  991.8s] IOs:    413090906  IOPS:   416496  Throughput:  1626.9 MB/s  Total: 1575.82 GB
[  992.0s] IOs:    413191902  IOPS:   416522  Throughput:  1627.0 MB/s  Total: 1576.20 GB
[  992.6s] IOs:    413292819  IOPS:   416380  Throughput:  1626.5 MB/s  Total: 1576.59 GB
[  993.2s] IOs:    413393760  IOPS:   416234  Throughput:  1625.9 MB/s  Total: 1576.97 GB
[  994.0s] IOs:    413494556  IOPS:   415994  Throughput:  1625.0 MB/s  Total: 1577.36 GB
[  994.5s] IOs:    413595429  IOPS:   415875  Throughput:  1624.5 MB/s  Total: 1577.74 GB
[  995.1s] IOs:    413696362  IOPS:   415734  Throughput:  1624.0 MB/s  Total: 1578.13 GB
[  995.6s] IOs:    413797134  IOPS:   415618  Throughput:  1623.5 MB/s  Total: 1578.51 GB
[  996.1s] IOs:    413897612  IOPS:   415513  Throughput:  1623.1 MB/s  Total: 1578.89 GB
[  996.6s] IOs:    413998423  IOPS:   415432  Throughput:  1622.8 MB/s  Total: 1579.28 GB
[  997.1s] IOs:    414099002  IOPS:   415284  Throughput:  1622.2 MB/s  Total: 1579.66 GB
[  997.5s] IOs:    414199585  IOPS:   415231  Throughput:  1622.0 MB/s  Total: 1580.05 GB
[  998.0s] IOs:    414299617  IOPS:   415120  Throughput:  1621.6 MB/s  Total: 1580.43 GB
[  998.2s] IOs:    414400325  IOPS:   415133  Throughput:  1621.6 MB/s  Total: 1580.81 GB
[  998.7s] IOs:    414500665  IOPS:   415052  Throughput:  1621.3 MB/s  Total: 1581.19 GB
[  999.1s] IOs:    414601097  IOPS:   414966  Throughput:  1621.0 MB/s  Total: 1581.58 GB
[  999.6s] IOs:    414701565  IOPS:   414861  Throughput:  1620.6 MB/s  Total: 1581.96 GB
[  999.8s] IOs:    414802428  IOPS:   414888  Throughput:  1620.7 MB/s  Total: 1582.35 GB
[ 1000.2s] IOs:    414903411  IOPS:   414827  Throughput:  1620.4 MB/s  Total: 1582.73 GB
[ 1000.6s] IOs:    415004102  IOPS:   414759  Throughput:  1620.2 MB/s  Total: 1583.12 GB
[ 1001.1s] IOs:    415105074  IOPS:   414665  Throughput:  1619.8 MB/s  Total: 1583.50 GB
[ 1001.3s] IOs:    415205089  IOPS:   414668  Throughput:  1619.8 MB/s  Total: 1583.88 GB
[ 1001.6s] IOs:    415305555  IOPS:   414646  Throughput:  1619.7 MB/s  Total: 1584.26 GB
[ 1002.0s] IOs:    415406187  IOPS:   414561  Throughput:  1619.4 MB/s  Total: 1584.65 GB
[ 1002.3s] IOs:    415506912  IOPS:   414554  Throughput:  1619.4 MB/s  Total: 1585.03 GB
[ 1002.6s] IOs:    415607834  IOPS:   414519  Throughput:  1619.2 MB/s  Total: 1585.42 GB
[ 1003.0s] IOs:    415708652  IOPS:   414447  Throughput:  1618.9 MB/s  Total: 1585.80 GB
[ 1003.3s] IOs:    415809137  IOPS:   414430  Throughput:  1618.9 MB/s  Total: 1586.19 GB
[ 1003.6s] IOs:    415909729  IOPS:   414436  Throughput:  1618.9 MB/s  Total: 1586.57 GB
[ 1003.7s] IOs:    416010290  IOPS:   414463  Throughput:  1619.0 MB/s  Total: 1586.95 GB
[ 1004.1s] IOs:    416111082  IOPS:   414399  Throughput:  1618.7 MB/s  Total: 1587.34 GB
[ 1004.3s] IOs:    416211823  IOPS:   414419  Throughput:  1618.8 MB/s  Total: 1587.72 GB
[ 1004.7s] IOs:    416312588  IOPS:   414380  Throughput:  1618.7 MB/s  Total: 1588.11 GB
[ 1005.0s] IOs:    416413538  IOPS:   414332  Throughput:  1618.5 MB/s  Total: 1588.49 GB
[ 1005.2s] IOs:    416513775  IOPS:   414347  Throughput:  1618.5 MB/s  Total: 1588.87 GB
[ 1005.5s] IOs:    416614544  IOPS:   414321  Throughput:  1618.4 MB/s  Total: 1589.26 GB
[ 1005.7s] IOs:    416714645  IOPS:   414344  Throughput:  1618.5 MB/s  Total: 1589.64 GB
[ 1006.0s] IOs:    416815298  IOPS:   414315  Throughput:  1618.4 MB/s  Total: 1590.02 GB
[ 1006.2s] IOs:    416916209  IOPS:   414339  Throughput:  1618.5 MB/s  Total: 1590.41 GB
[ 1006.6s] IOs:    417017089  IOPS:   414296  Throughput:  1618.3 MB/s  Total: 1590.79 GB
[ 1006.8s] IOs:    417117735  IOPS:   414319  Throughput:  1618.4 MB/s  Total: 1591.18 GB
[ 1007.1s] IOs:    417218742  IOPS:   414286  Throughput:  1618.3 MB/s  Total: 1591.56 GB
[ 1007.3s] IOs:    417319754  IOPS:   414310  Throughput:  1618.4 MB/s  Total: 1591.95 GB
[ 1007.5s] IOs:    417420258  IOPS:   414301  Throughput:  1618.4 MB/s  Total: 1592.33 GB
[ 1007.8s] IOs:    417520975  IOPS:   414307  Throughput:  1618.4 MB/s  Total: 1592.72 GB
[ 1007.9s] IOs:    417621241  IOPS:   414331  Throughput:  1618.5 MB/s  Total: 1593.10 GB
[ 1008.2s] IOs:    417722173  IOPS:   414325  Throughput:  1618.5 MB/s  Total: 1593.48 GB
[ 1008.4s] IOs:    417822568  IOPS:   414339  Throughput:  1618.5 MB/s  Total: 1593.87 GB
[ 1008.7s] IOs:    417923085  IOPS:   414338  Throughput:  1618.5 MB/s  Total: 1594.25 GB
[ 1008.9s] IOs:    418023291  IOPS:   414350  Throughput:  1618.6 MB/s  Total: 1594.63 GB
[ 1009.1s] IOs:    418123348  IOPS:   414372  Throughput:  1618.6 MB/s  Total: 1595.01 GB
[ 1009.2s] IOs:    418224088  IOPS:   414395  Throughput:  1618.7 MB/s  Total: 1595.40 GB
[ 1009.5s] IOs:    418324769  IOPS:   414400  Throughput:  1618.8 MB/s  Total: 1595.78 GB
[ 1009.7s] IOs:    418425649  IOPS:   414423  Throughput:  1618.8 MB/s  Total: 1596.17 GB
[ 1009.8s] IOs:    418526178  IOPS:   414452  Throughput:  1619.0 MB/s  Total: 1596.55 GB
[Reader] Parsed 64000000 lines, distributed 418580580 writes, unique 517.84 GB, skipped 0
[ 1010.1s] IOs:    418626860  IOPS:   414459  Throughput:  1619.0 MB/s  Total: 1596.93 GB
[ 1010.2s] IOs:    418727591  IOPS:   414482  Throughput:  1619.1 MB/s  Total: 1597.32 GB
[ 1010.4s] IOs:    418828225  IOPS:   414503  Throughput:  1619.2 MB/s  Total: 1597.70 GB
[ 1010.9s] IOs:    418929053  IOPS:   414393  Throughput:  1618.7 MB/s  Total: 1598.09 GB
[ 1011.1s] IOs:    419029805  IOPS:   414411  Throughput:  1618.8 MB/s  Total: 1598.47 GB
[ 1011.8s] IOs:    419130319  IOPS:   414253  Throughput:  1618.2 MB/s  Total: 1598.86 GB
[ 1012.1s] IOs:    419230947  IOPS:   414205  Throughput:  1618.0 MB/s  Total: 1599.24 GB
[ 1012.6s] IOs:    419331669  IOPS:   414130  Throughput:  1617.7 MB/s  Total: 1599.62 GB
[ 1012.8s] IOs:    419432429  IOPS:   414117  Throughput:  1617.6 MB/s  Total: 1600.01 GB
[ 1013.2s] IOs:    419532952  IOPS:   414064  Throughput:  1617.4 MB/s  Total: 1600.39 GB
[ 1013.7s] IOs:    419633900  IOPS:   413970  Throughput:  1617.1 MB/s  Total: 1600.78 GB
[ 1013.9s] IOs:    419734537  IOPS:   413972  Throughput:  1617.1 MB/s  Total: 1601.16 GB
[ 1014.2s] IOs:    419835060  IOPS:   413957  Throughput:  1617.0 MB/s  Total: 1601.54 GB
[ 1014.7s] IOs:    419935763  IOPS:   413860  Throughput:  1616.6 MB/s  Total: 1601.93 GB
[ 1019.7s] IOs:    420036781  IOPS:   411919  Throughput:  1609.1 MB/s  Total: 1602.31 GB
[ 1020.5s] IOs:    420137444  IOPS:   411689  Throughput:  1608.2 MB/s  Total: 1602.70 GB
[ 1021.2s] IOs:    420238388  IOPS:   411514  Throughput:  1607.5 MB/s  Total: 1603.08 GB
[ 1021.8s] IOs:    420339155  IOPS:   411367  Throughput:  1606.9 MB/s  Total: 1603.47 GB
[ 1022.4s] IOs:    420439835  IOPS:   411225  Throughput:  1606.3 MB/s  Total: 1603.85 GB
[ 1023.1s] IOs:    420540640  IOPS:   411062  Throughput:  1605.7 MB/s  Total: 1604.24 GB
[ 1023.6s] IOs:    420641357  IOPS:   410924  Throughput:  1605.2 MB/s  Total: 1604.62 GB
[ 1024.1s] IOs:    420742323  IOPS:   410831  Throughput:  1604.8 MB/s  Total: 1605.00 GB
[ 1024.8s] IOs:    420843042  IOPS:   410678  Throughput:  1604.2 MB/s  Total: 1605.39 GB
[ 1025.1s] IOs:    420943930  IOPS:   410638  Throughput:  1604.1 MB/s  Total: 1605.77 GB
[ 1025.6s] IOs:    421044813  IOPS:   410527  Throughput:  1603.6 MB/s  Total: 1606.16 GB
[ 1025.9s] IOs:    421145656  IOPS:   410500  Throughput:  1603.5 MB/s  Total: 1606.54 GB
[ 1026.4s] IOs:    421245673  IOPS:   410431  Throughput:  1603.2 MB/s  Total: 1606.92 GB
[ 1026.8s] IOs:    421346343  IOPS:   410337  Throughput:  1602.9 MB/s  Total: 1607.31 GB
[ 1027.2s] IOs:    421446946  IOPS:   410298  Throughput:  1602.7 MB/s  Total: 1607.69 GB
[ 1027.7s] IOs:    421547869  IOPS:   410175  Throughput:  1602.2 MB/s  Total: 1608.08 GB
[ 1028.0s] IOs:    421648758  IOPS:   410183  Throughput:  1602.3 MB/s  Total: 1608.46 GB
[ 1028.3s] IOs:    421749240  IOPS:   410134  Throughput:  1602.1 MB/s  Total: 1608.85 GB
[ 1028.8s] IOs:    421850105  IOPS:   410052  Throughput:  1601.8 MB/s  Total: 1609.23 GB
[ 1029.1s] IOs:    421950662  IOPS:   410010  Throughput:  1601.6 MB/s  Total: 1609.61 GB
[ 1029.4s] IOs:    422051620  IOPS:   410002  Throughput:  1601.6 MB/s  Total: 1610.00 GB
[ 1030.0s] IOs:    422152633  IOPS:   409864  Throughput:  1601.0 MB/s  Total: 1610.38 GB
[ 1030.4s] IOs:    422253421  IOPS:   409815  Throughput:  1600.8 MB/s  Total: 1610.77 GB
[ 1030.8s] IOs:    422354262  IOPS:   409719  Throughput:  1600.5 MB/s  Total: 1611.15 GB
[ 1031.2s] IOs:    422455049  IOPS:   409686  Throughput:  1600.3 MB/s  Total: 1611.54 GB
[ 1031.8s] IOs:    422555969  IOPS:   409541  Throughput:  1599.8 MB/s  Total: 1611.92 GB
[ 1032.2s] IOs:    422655996  IOPS:   409485  Throughput:  1599.6 MB/s  Total: 1612.30 GB
[ 1032.7s] IOs:    422756940  IOPS:   409355  Throughput:  1599.0 MB/s  Total: 1612.69 GB
[ 1033.2s] IOs:    422857817  IOPS:   409282  Throughput:  1598.8 MB/s  Total: 1613.07 GB
[ 1033.7s] IOs:    422958447  IOPS:   409166  Throughput:  1598.3 MB/s  Total: 1613.46 GB
[ 1034.3s] IOs:    423059217  IOPS:   409045  Throughput:  1597.8 MB/s  Total: 1613.84 GB
[ 1036.7s] IOs:    423159877  IOPS:   408184  Throughput:  1594.5 MB/s  Total: 1614.23 GB
[ 1037.7s] IOs:    423260548  IOPS:   407892  Throughput:  1593.3 MB/s  Total: 1614.61 GB
[ 1038.2s] IOs:    423361394  IOPS:   407787  Throughput:  1592.9 MB/s  Total: 1615.00 GB
[ 1039.2s] IOs:    423461887  IOPS:   407500  Throughput:  1591.8 MB/s  Total: 1615.38 GB
[ 1040.2s] IOs:    423562686  IOPS:   407195  Throughput:  1590.6 MB/s  Total: 1615.76 GB
[ 1041.5s] IOs:    423662811  IOPS:   406773  Throughput:  1589.0 MB/s  Total: 1616.15 GB
[ 1042.6s] IOs:    423763077  IOPS:   406457  Throughput:  1587.7 MB/s  Total: 1616.53 GB
[ 1043.5s] IOs:    423863816  IOPS:   406202  Throughput:  1586.7 MB/s  Total: 1616.91 GB
[ 1044.2s] IOs:    423964794  IOPS:   406021  Throughput:  1586.0 MB/s  Total: 1617.30 GB
[ 1045.2s] IOs:    424065498  IOPS:   405745  Throughput:  1584.9 MB/s  Total: 1617.68 GB
[ 1045.7s] IOs:    424166096  IOPS:   405624  Throughput:  1584.5 MB/s  Total: 1618.07 GB
[ 1046.6s] IOs:    424266890  IOPS:   405366  Throughput:  1583.5 MB/s  Total: 1618.45 GB
[ 1047.2s] IOs:    424367353  IOPS:   405255  Throughput:  1583.0 MB/s  Total: 1618.83 GB
[ 1047.7s] IOs:    424468223  IOPS:   405156  Throughput:  1582.6 MB/s  Total: 1619.22 GB
[ 1048.5s] IOs:    424568896  IOPS:   404932  Throughput:  1581.8 MB/s  Total: 1619.60 GB
[ 1049.2s] IOs:    424669530  IOPS:   404746  Throughput:  1581.0 MB/s  Total: 1619.99 GB
[ 1050.1s] IOs:    424769995  IOPS:   404519  Throughput:  1580.2 MB/s  Total: 1620.37 GB
[ 1051.1s] IOs:    424870021  IOPS:   404211  Throughput:  1578.9 MB/s  Total: 1620.75 GB
[ 1052.1s] IOs:    424970873  IOPS:   403918  Throughput:  1577.8 MB/s  Total: 1621.14 GB
[ 1053.3s] IOs:    425071493  IOPS:   403577  Throughput:  1576.5 MB/s  Total: 1621.52 GB
[ 1054.2s] IOs:    425172174  IOPS:   403330  Throughput:  1575.5 MB/s  Total: 1621.90 GB
[ 1055.3s] IOs:    425272949  IOPS:   403005  Throughput:  1574.2 MB/s  Total: 1622.29 GB
[ 1055.7s] IOs:    425373774  IOPS:   402917  Throughput:  1573.9 MB/s  Total: 1622.67 GB
[ 1056.5s] IOs:    425474606  IOPS:   402706  Throughput:  1573.1 MB/s  Total: 1623.06 GB
[ 1057.2s] IOs:    425575485  IOPS:   402533  Throughput:  1572.4 MB/s  Total: 1623.44 GB
[ 1057.7s] IOs:    425676000  IOPS:   402440  Throughput:  1572.0 MB/s  Total: 1623.83 GB
[ 1058.5s] IOs:    425776713  IOPS:   402248  Throughput:  1571.3 MB/s  Total: 1624.21 GB
[ 1059.1s] IOs:    425877121  IOPS:   402096  Throughput:  1570.7 MB/s  Total: 1624.59 GB
[ 1059.6s] IOs:    425977733  IOPS:   402029  Throughput:  1570.4 MB/s  Total: 1624.98 GB
[ 1060.2s] IOs:    426078334  IOPS:   401878  Throughput:  1569.8 MB/s  Total: 1625.36 GB
[ 1060.7s] IOs:    426179114  IOPS:   401796  Throughput:  1569.5 MB/s  Total: 1625.74 GB
[ 1061.2s] IOs:    426279940  IOPS:   401680  Throughput:  1569.1 MB/s  Total: 1626.13 GB
[ 1061.7s] IOs:    426380586  IOPS:   401612  Throughput:  1568.8 MB/s  Total: 1626.51 GB
[ 1062.2s] IOs:    426481460  IOPS:   401523  Throughput:  1568.4 MB/s  Total: 1626.90 GB
[ 1062.7s] IOs:    426582168  IOPS:   401424  Throughput:  1568.1 MB/s  Total: 1627.28 GB
[ 1063.1s] IOs:    426682669  IOPS:   401342  Throughput:  1567.7 MB/s  Total: 1627.67 GB
[ 1063.6s] IOs:    426783245  IOPS:   401279  Throughput:  1567.5 MB/s  Total: 1628.05 GB
[ 1064.0s] IOs:    426883919  IOPS:   401214  Throughput:  1567.2 MB/s  Total: 1628.43 GB
[ 1064.2s] IOs:    426984317  IOPS:   401213  Throughput:  1567.2 MB/s  Total: 1628.82 GB
[ 1064.9s] IOs:    427085123  IOPS:   401065  Throughput:  1566.7 MB/s  Total: 1629.20 GB
[ 1065.5s] IOs:    427186044  IOPS:   400916  Throughput:  1566.1 MB/s  Total: 1629.59 GB
[ 1066.3s] IOs:    427286140  IOPS:   400705  Throughput:  1565.3 MB/s  Total: 1629.97 GB
[ 1067.0s] IOs:    427386761  IOPS:   400539  Throughput:  1564.6 MB/s  Total: 1630.35 GB
[ 1067.8s] IOs:    427487450  IOPS:   400349  Throughput:  1563.9 MB/s  Total: 1630.74 GB
[ 1068.3s] IOs:    427588029  IOPS:   400240  Throughput:  1563.4 MB/s  Total: 1631.12 GB
[ 1069.5s] IOs:    427688697  IOPS:   399913  Throughput:  1562.2 MB/s  Total: 1631.50 GB
[ 1069.8s] IOs:    427789140  IOPS:   399896  Throughput:  1562.1 MB/s  Total: 1631.89 GB
[ 1070.6s] IOs:    427889912  IOPS:   399683  Throughput:  1561.3 MB/s  Total: 1632.27 GB
[ 1071.2s] IOs:    427990020  IOPS:   399524  Throughput:  1560.6 MB/s  Total: 1632.65 GB
[ 1071.9s] IOs:    428090484  IOPS:   399373  Throughput:  1560.1 MB/s  Total: 1633.04 GB
[ 1072.4s] IOs:    428191246  IOPS:   399284  Throughput:  1559.7 MB/s  Total: 1633.42 GB
[ 1073.0s] IOs:    428291875  IOPS:   399172  Throughput:  1559.3 MB/s  Total: 1633.80 GB
[ 1075.9s] IOs:    428392499  IOPS:   398185  Throughput:  1555.4 MB/s  Total: 1634.19 GB
[ 1077.4s] IOs:    428493204  IOPS:   397713  Throughput:  1553.6 MB/s  Total: 1634.57 GB
[ 1078.8s] IOs:    428593957  IOPS:   397271  Throughput:  1551.8 MB/s  Total: 1634.96 GB
[ 1080.0s] IOs:    428694938  IOPS:   396953  Throughput:  1550.6 MB/s  Total: 1635.34 GB
[ 1081.0s] IOs:    428795067  IOPS:   396676  Throughput:  1549.5 MB/s  Total: 1635.72 GB
[ 1082.0s] IOs:    428895886  IOPS:   396376  Throughput:  1548.3 MB/s  Total: 1636.11 GB
[ 1082.9s] IOs:    428996168  IOPS:   396150  Throughput:  1547.5 MB/s  Total: 1636.49 GB
[ 1083.7s] IOs:    429097039  IOPS:   395955  Throughput:  1546.7 MB/s  Total: 1636.88 GB
[ 1084.5s] IOs:    429197953  IOPS:   395755  Throughput:  1545.9 MB/s  Total: 1637.26 GB
[ 1085.1s] IOs:    429298645  IOPS:   395627  Throughput:  1545.4 MB/s  Total: 1637.64 GB
[ 1086.0s] IOs:    429399085  IOPS:   395403  Throughput:  1544.5 MB/s  Total: 1638.03 GB
[ 1086.6s] IOs:    429499874  IOPS:   395278  Throughput:  1544.1 MB/s  Total: 1638.41 GB
[ 1087.1s] IOs:    429600875  IOPS:   395182  Throughput:  1543.7 MB/s  Total: 1638.80 GB
[ 1087.6s] IOs:    429701720  IOPS:   395090  Throughput:  1543.3 MB/s  Total: 1639.18 GB
[ 1088.5s] IOs:    429802300  IOPS:   394862  Throughput:  1542.4 MB/s  Total: 1639.57 GB
[ 1088.9s] IOs:    429903030  IOPS:   394807  Throughput:  1542.2 MB/s  Total: 1639.95 GB
[ 1089.5s] IOs:    430003827  IOPS:   394672  Throughput:  1541.7 MB/s  Total: 1640.33 GB
[ 1089.9s] IOs:    430104530  IOPS:   394628  Throughput:  1541.5 MB/s  Total: 1640.72 GB
[ 1090.4s] IOs:    430205122  IOPS:   394522  Throughput:  1541.1 MB/s  Total: 1641.10 GB
[ 1091.6s] IOs:    430305880  IOPS:   394201  Throughput:  1539.8 MB/s  Total: 1641.49 GB
[ 1092.5s] IOs:    430405923  IOPS:   393952  Throughput:  1538.9 MB/s  Total: 1641.87 GB
[ 1093.4s] IOs:    430506783  IOPS:   393717  Throughput:  1538.0 MB/s  Total: 1642.25 GB
[Reader] Parsed 65000000 lines, distributed 430513452 writes, unique 539.18 GB, skipped 0
[ 1094.1s] IOs:    430606989  IOPS:   393564  Throughput:  1537.4 MB/s  Total: 1642.64 GB
[ 1094.9s] IOs:    430707171  IOPS:   393365  Throughput:  1536.6 MB/s  Total: 1643.02 GB
[ 1095.2s] IOs:    430807589  IOPS:   393374  Throughput:  1536.6 MB/s  Total: 1643.40 GB
[ 1095.5s] IOs:    430908035  IOPS:   393357  Throughput:  1536.6 MB/s  Total: 1643.78 GB
[ 1095.8s] IOs:    431008870  IOPS:   393317  Throughput:  1536.4 MB/s  Total: 1644.17 GB
[ 1096.1s] IOs:    431109653  IOPS:   393311  Throughput:  1536.4 MB/s  Total: 1644.55 GB
[ 1096.5s] IOs:    431210270  IOPS:   393254  Throughput:  1536.1 MB/s  Total: 1644.94 GB
[ 1096.9s] IOs:    431311204  IOPS:   393192  Throughput:  1535.9 MB/s  Total: 1645.32 GB
[ 1097.2s] IOs:    431411538  IOPS:   393199  Throughput:  1535.9 MB/s  Total: 1645.70 GB
[ 1097.6s] IOs:    431512226  IOPS:   393133  Throughput:  1535.7 MB/s  Total: 1646.09 GB
[ 1098.0s] IOs:    431612871  IOPS:   393107  Throughput:  1535.6 MB/s  Total: 1646.47 GB
[ 1098.2s] IOs:    431713415  IOPS:   393119  Throughput:  1535.6 MB/s  Total: 1646.86 GB
[ 1098.6s] IOs:    431814140  IOPS:   393059  Throughput:  1535.4 MB/s  Total: 1647.24 GB
[ 1098.9s] IOs:    431914786  IOPS:   393040  Throughput:  1535.3 MB/s  Total: 1647.62 GB
[ 1099.1s] IOs:    432015264  IOPS:   393049  Throughput:  1535.3 MB/s  Total: 1648.01 GB
[ 1099.5s] IOs:    432115336  IOPS:   393016  Throughput:  1535.2 MB/s  Total: 1648.39 GB
[ 1099.7s] IOs:    432216012  IOPS:   393019  Throughput:  1535.2 MB/s  Total: 1648.77 GB
[ 1100.2s] IOs:    432316034  IOPS:   392939  Throughput:  1534.9 MB/s  Total: 1649.15 GB
[ 1100.5s] IOs:    432416231  IOPS:   392942  Throughput:  1534.9 MB/s  Total: 1649.54 GB
[ 1100.7s] IOs:    432516467  IOPS:   392932  Throughput:  1534.9 MB/s  Total: 1649.92 GB
[ 1101.1s] IOs:    432617281  IOPS:   392884  Throughput:  1534.7 MB/s  Total: 1650.30 GB
[ 1101.5s] IOs:    432717899  IOPS:   392828  Throughput:  1534.5 MB/s  Total: 1650.69 GB
[ 1101.8s] IOs:    432818680  IOPS:   392826  Throughput:  1534.5 MB/s  Total: 1651.07 GB
[ 1102.1s] IOs:    432919254  IOPS:   392806  Throughput:  1534.4 MB/s  Total: 1651.46 GB
[ 1102.5s] IOs:    433019884  IOPS:   392752  Throughput:  1534.2 MB/s  Total: 1651.84 GB
[ 1102.8s] IOs:    433120021  IOPS:   392759  Throughput:  1534.2 MB/s  Total: 1652.22 GB
[ 1103.2s] IOs:    433220639  IOPS:   392677  Throughput:  1533.9 MB/s  Total: 1652.61 GB
[ 1103.5s] IOs:    433321090  IOPS:   392674  Throughput:  1533.9 MB/s  Total: 1652.99 GB
[ 1103.8s] IOs:    433421705  IOPS:   392673  Throughput:  1533.9 MB/s  Total: 1653.37 GB
[ 1104.1s] IOs:    433522361  IOPS:   392638  Throughput:  1533.7 MB/s  Total: 1653.76 GB
[ 1104.5s] IOs:    433622517  IOPS:   392613  Throughput:  1533.6 MB/s  Total: 1654.14 GB
[ 1104.7s] IOs:    433723269  IOPS:   392620  Throughput:  1533.7 MB/s  Total: 1654.52 GB
[ 1105.0s] IOs:    433823898  IOPS:   392594  Throughput:  1533.6 MB/s  Total: 1654.91 GB
[ 1105.3s] IOs:    433924799  IOPS:   392591  Throughput:  1533.6 MB/s  Total: 1655.29 GB
[ 1105.8s] IOs:    434025067  IOPS:   392510  Throughput:  1533.2 MB/s  Total: 1655.67 GB
[ 1106.0s] IOs:    434125229  IOPS:   392513  Throughput:  1533.3 MB/s  Total: 1656.06 GB
[ 1106.2s] IOs:    434225711  IOPS:   392523  Throughput:  1533.3 MB/s  Total: 1656.44 GB
[ 1106.7s] IOs:    434326609  IOPS:   392469  Throughput:  1533.1 MB/s  Total: 1656.82 GB
[ 1107.0s] IOs:    434427160  IOPS:   392426  Throughput:  1532.9 MB/s  Total: 1657.21 GB
[ 1107.3s] IOs:    434527904  IOPS:   392438  Throughput:  1533.0 MB/s  Total: 1657.59 GB
[ 1107.6s] IOs:    434628596  IOPS:   392394  Throughput:  1532.8 MB/s  Total: 1657.98 GB
[ 1107.9s] IOs:    434729331  IOPS:   392379  Throughput:  1532.7 MB/s  Total: 1658.36 GB
[ 1108.2s] IOs:    434829913  IOPS:   392391  Throughput:  1532.8 MB/s  Total: 1658.74 GB
[ 1108.5s] IOs:    434930315  IOPS:   392348  Throughput:  1532.6 MB/s  Total: 1659.13 GB
[ 1108.8s] IOs:    435030872  IOPS:   392354  Throughput:  1532.6 MB/s  Total: 1659.51 GB
[ 1109.1s] IOs:    435131339  IOPS:   392335  Throughput:  1532.6 MB/s  Total: 1659.89 GB
[ 1109.3s] IOs:    435232181  IOPS:   392342  Throughput:  1532.6 MB/s  Total: 1660.28 GB
[ 1109.5s] IOs:    435332560  IOPS:   392352  Throughput:  1532.6 MB/s  Total: 1660.66 GB
[ 1109.8s] IOs:    435432864  IOPS:   392357  Throughput:  1532.6 MB/s  Total: 1661.04 GB
[ 1110.0s] IOs:    435533315  IOPS:   392355  Throughput:  1532.6 MB/s  Total: 1661.43 GB
[ 1110.5s] IOs:    435633905  IOPS:   392299  Throughput:  1532.4 MB/s  Total: 1661.81 GB
[ 1110.8s] IOs:    435733919  IOPS:   392286  Throughput:  1532.4 MB/s  Total: 1662.19 GB
[ 1111.1s] IOs:    435834466  IOPS:   392268  Throughput:  1532.3 MB/s  Total: 1662.58 GB
[ 1111.5s] IOs:    435934954  IOPS:   392210  Throughput:  1532.1 MB/s  Total: 1662.96 GB
[ 1111.8s] IOs:    436035737  IOPS:   392202  Throughput:  1532.0 MB/s  Total: 1663.34 GB
[ 1112.1s] IOs:    436136512  IOPS:   392164  Throughput:  1531.9 MB/s  Total: 1663.73 GB
[ 1112.3s] IOs:    436236978  IOPS:   392177  Throughput:  1531.9 MB/s  Total: 1664.11 GB
[ 1112.8s] IOs:    436337890  IOPS:   392091  Throughput:  1531.6 MB/s  Total: 1664.50 GB
[ 1113.1s] IOs:    436438224  IOPS:   392099  Throughput:  1531.6 MB/s  Total: 1664.88 GB
[ 1113.6s] IOs:    436538822  IOPS:   392012  Throughput:  1531.3 MB/s  Total: 1665.26 GB
[ 1113.9s] IOs:    436639129  IOPS:   392006  Throughput:  1531.3 MB/s  Total: 1665.65 GB
[ 1114.2s] IOs:    436739310  IOPS:   391989  Throughput:  1531.2 MB/s  Total: 1666.03 GB
[ 1114.5s] IOs:    436839985  IOPS:   391963  Throughput:  1531.1 MB/s  Total: 1666.41 GB
[ 1114.7s] IOs:    436940428  IOPS:   391965  Throughput:  1531.1 MB/s  Total: 1666.80 GB
[ 1115.1s] IOs:    437041102  IOPS:   391928  Throughput:  1531.0 MB/s  Total: 1667.18 GB
[ 1115.4s] IOs:    437141579  IOPS:   391929  Throughput:  1531.0 MB/s  Total: 1667.56 GB
[ 1116.0s] IOs:    437241766  IOPS:   391801  Throughput:  1530.5 MB/s  Total: 1667.94 GB
[ 1116.2s] IOs:    437342293  IOPS:   391807  Throughput:  1530.5 MB/s  Total: 1668.33 GB
[ 1116.8s] IOs:    437442933  IOPS:   391706  Throughput:  1530.1 MB/s  Total: 1668.71 GB
[ 1117.1s] IOs:    437543257  IOPS:   391680  Throughput:  1530.0 MB/s  Total: 1669.10 GB
[ 1117.4s] IOs:    437644081  IOPS:   391647  Throughput:  1529.9 MB/s  Total: 1669.48 GB
[ 1117.7s] IOs:    437744547  IOPS:   391633  Throughput:  1529.8 MB/s  Total: 1669.86 GB
[ 1118.1s] IOs:    437845134  IOPS:   391584  Throughput:  1529.6 MB/s  Total: 1670.25 GB
[ 1118.4s] IOs:    437945706  IOPS:   391598  Throughput:  1529.7 MB/s  Total: 1670.63 GB
[ 1118.9s] IOs:    438046089  IOPS:   391500  Throughput:  1529.3 MB/s  Total: 1671.01 GB
[ 1119.1s] IOs:    438146727  IOPS:   391500  Throughput:  1529.3 MB/s  Total: 1671.40 GB
[ 1119.4s] IOs:    438247532  IOPS:   391500  Throughput:  1529.3 MB/s  Total: 1671.78 GB
[ 1119.7s] IOs:    438347938  IOPS:   391472  Throughput:  1529.2 MB/s  Total: 1672.16 GB
[ 1120.1s] IOs:    438448770  IOPS:   391446  Throughput:  1529.1 MB/s  Total: 1672.55 GB
[ 1120.6s] IOs:    438549645  IOPS:   391363  Throughput:  1528.8 MB/s  Total: 1672.93 GB
[ 1120.8s] IOs:    438649964  IOPS:   391368  Throughput:  1528.8 MB/s  Total: 1673.32 GB
[ 1121.1s] IOs:    438750283  IOPS:   391364  Throughput:  1528.8 MB/s  Total: 1673.70 GB
[ 1121.3s] IOs:    438850501  IOPS:   391363  Throughput:  1528.8 MB/s  Total: 1674.08 GB
[ 1121.7s] IOs:    438951140  IOPS:   391340  Throughput:  1528.7 MB/s  Total: 1674.47 GB
[ 1121.9s] IOs:    439051876  IOPS:   391338  Throughput:  1528.7 MB/s  Total: 1674.85 GB
[ 1122.2s] IOs:    439152686  IOPS:   391327  Throughput:  1528.6 MB/s  Total: 1675.23 GB
[ 1122.5s] IOs:    439253450  IOPS:   391329  Throughput:  1528.6 MB/s  Total: 1675.62 GB
[ 1122.7s] IOs:    439354033  IOPS:   391323  Throughput:  1528.6 MB/s  Total: 1676.00 GB
[ 1123.0s] IOs:    439454561  IOPS:   391330  Throughput:  1528.6 MB/s  Total: 1676.39 GB
[ 1123.3s] IOs:    439555106  IOPS:   391320  Throughput:  1528.6 MB/s  Total: 1676.77 GB
[ 1123.5s] IOs:    439655687  IOPS:   391330  Throughput:  1528.6 MB/s  Total: 1677.15 GB
[ 1123.8s] IOs:    439756086  IOPS:   391325  Throughput:  1528.6 MB/s  Total: 1677.54 GB
[ 1124.0s] IOs:    439856779  IOPS:   391335  Throughput:  1528.7 MB/s  Total: 1677.92 GB
[ 1124.2s] IOs:    439957461  IOPS:   391335  Throughput:  1528.7 MB/s  Total: 1678.30 GB
[ 1124.5s] IOs:    440058002  IOPS:   391349  Throughput:  1528.7 MB/s  Total: 1678.69 GB
[ 1124.7s] IOs:    440158660  IOPS:   391353  Throughput:  1528.7 MB/s  Total: 1679.07 GB
[ 1125.0s] IOs:    440258981  IOPS:   391357  Throughput:  1528.7 MB/s  Total: 1679.45 GB
[ 1125.2s] IOs:    440359323  IOPS:   391350  Throughput:  1528.7 MB/s  Total: 1679.84 GB
[ 1125.5s] IOs:    440459856  IOPS:   391360  Throughput:  1528.8 MB/s  Total: 1680.22 GB
[ 1126.0s] IOs:    440560567  IOPS:   391249  Throughput:  1528.3 MB/s  Total: 1680.61 GB
[ 1126.7s] IOs:    440661434  IOPS:   391122  Throughput:  1527.8 MB/s  Total: 1680.99 GB
[ 1127.3s] IOs:    440761969  IOPS:   391005  Throughput:  1527.4 MB/s  Total: 1681.37 GB
[ 1127.8s] IOs:    440862250  IOPS:   390893  Throughput:  1526.9 MB/s  Total: 1681.76 GB
[ 1128.3s] IOs:    440962945  IOPS:   390816  Throughput:  1526.6 MB/s  Total: 1682.14 GB
[ 1129.1s] IOs:    441063922  IOPS:   390640  Throughput:  1525.9 MB/s  Total: 1682.53 GB
[Reader] Parsed 66000000 lines, distributed 441074337 writes, unique 550.18 GB, skipped 0
[ 1129.7s] IOs:    441163946  IOPS:   390519  Throughput:  1525.5 MB/s  Total: 1682.91 GB
[ 1130.0s] IOs:    441264198  IOPS:   390488  Throughput:  1525.3 MB/s  Total: 1683.29 GB
[ 1130.3s] IOs:    441364517  IOPS:   390490  Throughput:  1525.4 MB/s  Total: 1683.67 GB
[ 1130.5s] IOs:    441464902  IOPS:   390497  Throughput:  1525.4 MB/s  Total: 1684.05 GB
[ 1130.7s] IOs:    441565325  IOPS:   390507  Throughput:  1525.4 MB/s  Total: 1684.44 GB
[ 1131.0s] IOs:    441666041  IOPS:   390515  Throughput:  1525.5 MB/s  Total: 1684.82 GB
[ 1131.2s] IOs:    441766454  IOPS:   390516  Throughput:  1525.5 MB/s  Total: 1685.21 GB
[ 1131.5s] IOs:    441866536  IOPS:   390522  Throughput:  1525.5 MB/s  Total: 1685.59 GB
[ 1131.7s] IOs:    441966842  IOPS:   390518  Throughput:  1525.5 MB/s  Total: 1685.97 GB
[ 1132.0s] IOs:    442067531  IOPS:   390512  Throughput:  1525.4 MB/s  Total: 1686.35 GB
[ 1132.3s] IOs:    442168010  IOPS:   390510  Throughput:  1525.4 MB/s  Total: 1686.74 GB
[ 1132.6s] IOs:    442268711  IOPS:   390497  Throughput:  1525.4 MB/s  Total: 1687.12 GB
[ 1132.8s] IOs:    442369290  IOPS:   390509  Throughput:  1525.4 MB/s  Total: 1687.50 GB
[ 1133.1s] IOs:    442469761  IOPS:   390489  Throughput:  1525.3 MB/s  Total: 1687.89 GB
[ 1133.4s] IOs:    442570212  IOPS:   390490  Throughput:  1525.4 MB/s  Total: 1688.27 GB
[ 1133.6s] IOs:    442670935  IOPS:   390489  Throughput:  1525.3 MB/s  Total: 1688.66 GB
[ 1133.8s] IOs:    442771247  IOPS:   390503  Throughput:  1525.4 MB/s  Total: 1689.04 GB
[ 1134.1s] IOs:    442871788  IOPS:   390493  Throughput:  1525.4 MB/s  Total: 1689.42 GB
[ 1134.4s] IOs:    442972214  IOPS:   390502  Throughput:  1525.4 MB/s  Total: 1689.80 GB
[ 1134.6s] IOs:    443072566  IOPS:   390510  Throughput:  1525.4 MB/s  Total: 1690.19 GB
[ 1134.9s] IOs:    443172929  IOPS:   390509  Throughput:  1525.4 MB/s  Total: 1690.57 GB
[ 1135.1s] IOs:    443273419  IOPS:   390524  Throughput:  1525.5 MB/s  Total: 1690.95 GB
[ 1135.3s] IOs:    443374192  IOPS:   390536  Throughput:  1525.5 MB/s  Total: 1691.34 GB
[ 1135.5s] IOs:    443474594  IOPS:   390544  Throughput:  1525.6 MB/s  Total: 1691.72 GB
[ 1135.9s] IOs:    443575216  IOPS:   390516  Throughput:  1525.5 MB/s  Total: 1692.11 GB
[ 1136.4s] IOs:    443675845  IOPS:   390432  Throughput:  1525.1 MB/s  Total: 1692.49 GB
[ 1136.8s] IOs:    443775907  IOPS:   390372  Throughput:  1524.9 MB/s  Total: 1692.87 GB
[ 1137.3s] IOs:    443876775  IOPS:   390283  Throughput:  1524.5 MB/s  Total: 1693.26 GB
[ 1137.5s] IOs:    443977289  IOPS:   390294  Throughput:  1524.6 MB/s  Total: 1693.64 GB
[ 1137.9s] IOs:    444077617  IOPS:   390262  Throughput:  1524.5 MB/s  Total: 1694.02 GB
[ 1138.3s] IOs:    444178091  IOPS:   390207  Throughput:  1524.2 MB/s  Total: 1694.40 GB
[ 1138.7s] IOs:    444278555  IOPS:   390174  Throughput:  1524.1 MB/s  Total: 1694.79 GB
[ 1138.9s] IOs:    444379138  IOPS:   390186  Throughput:  1524.2 MB/s  Total: 1695.17 GB
[ 1139.3s] IOs:    444479676  IOPS:   390137  Throughput:  1524.0 MB/s  Total: 1695.56 GB
[ 1139.6s] IOs:    444580215  IOPS:   390104  Throughput:  1523.8 MB/s  Total: 1695.94 GB
[ 1139.9s] IOs:    444681000  IOPS:   390094  Throughput:  1523.8 MB/s  Total: 1696.32 GB
[ 1140.3s] IOs:    444781577  IOPS:   390066  Throughput:  1523.7 MB/s  Total: 1696.71 GB
[ 1140.8s] IOs:    444881748  IOPS:   389980  Throughput:  1523.4 MB/s  Total: 1697.09 GB
[ 1141.0s] IOs:    444982046  IOPS:   389981  Throughput:  1523.4 MB/s  Total: 1697.47 GB
[ 1141.3s] IOs:    445082425  IOPS:   389989  Throughput:  1523.4 MB/s  Total: 1697.85 GB
[ 1141.5s] IOs:    445183340  IOPS:   389995  Throughput:  1523.4 MB/s  Total: 1698.24 GB
[ 1141.8s] IOs:    445283797  IOPS:   390000  Throughput:  1523.4 MB/s  Total: 1698.62 GB
[ 1142.0s] IOs:    445384573  IOPS:   390000  Throughput:  1523.4 MB/s  Total: 1699.01 GB
[ 1142.3s] IOs:    445485239  IOPS:   389992  Throughput:  1523.4 MB/s  Total: 1699.39 GB
[ 1142.5s] IOs:    445585883  IOPS:   389994  Throughput:  1523.4 MB/s  Total: 1699.78 GB
[ 1142.8s] IOs:    445686654  IOPS:   389991  Throughput:  1523.4 MB/s  Total: 1700.16 GB
[ 1143.1s] IOs:    445787569  IOPS:   389996  Throughput:  1523.4 MB/s  Total: 1700.54 GB
[ 1143.3s] IOs:    445888163  IOPS:   389996  Throughput:  1523.4 MB/s  Total: 1700.93 GB
[ 1143.5s] IOs:    445988764  IOPS:   390015  Throughput:  1523.5 MB/s  Total: 1701.31 GB
[ 1143.8s] IOs:    446089144  IOPS:   389993  Throughput:  1523.4 MB/s  Total: 1701.70 GB
[ 1144.1s] IOs:    446189817  IOPS:   390003  Throughput:  1523.4 MB/s  Total: 1702.08 GB
[ 1144.3s] IOs:    446290476  IOPS:   390017  Throughput:  1523.5 MB/s  Total: 1702.46 GB
[ 1144.5s] IOs:    446391033  IOPS:   390019  Throughput:  1523.5 MB/s  Total: 1702.85 GB
[ 1144.8s] IOs:    446491745  IOPS:   390025  Throughput:  1523.5 MB/s  Total: 1703.23 GB
[ 1145.0s] IOs:    446592325  IOPS:   390037  Throughput:  1523.6 MB/s  Total: 1703.61 GB
[ 1145.2s] IOs:    446692977  IOPS:   390043  Throughput:  1523.6 MB/s  Total: 1704.00 GB
[ 1145.5s] IOs:    446793944  IOPS:   390060  Throughput:  1523.7 MB/s  Total: 1704.38 GB
[ 1145.7s] IOs:    446894715  IOPS:   390059  Throughput:  1523.7 MB/s  Total: 1704.77 GB
[ 1146.0s] IOs:    446995541  IOPS:   390058  Throughput:  1523.7 MB/s  Total: 1705.15 GB
[ 1146.5s] IOs:    447096339  IOPS:   389966  Throughput:  1523.3 MB/s  Total: 1705.54 GB
[ 1146.7s] IOs:    447196887  IOPS:   389974  Throughput:  1523.3 MB/s  Total: 1705.92 GB
[ 1147.0s] IOs:    447297287  IOPS:   389985  Throughput:  1523.4 MB/s  Total: 1706.30 GB
[ 1147.2s] IOs:    447397736  IOPS:   390007  Throughput:  1523.5 MB/s  Total: 1706.69 GB
[ 1147.5s] IOs:    447498436  IOPS:   389986  Throughput:  1523.4 MB/s  Total: 1707.07 GB
[ 1147.7s] IOs:    447598914  IOPS:   389997  Throughput:  1523.4 MB/s  Total: 1707.45 GB
[ 1148.0s] IOs:    447699344  IOPS:   389982  Throughput:  1523.4 MB/s  Total: 1707.84 GB
[ 1148.2s] IOs:    447800346  IOPS:   390001  Throughput:  1523.4 MB/s  Total: 1708.22 GB
[ 1148.5s] IOs:    447901035  IOPS:   390003  Throughput:  1523.4 MB/s  Total: 1708.61 GB
[ 1148.7s] IOs:    448001736  IOPS:   390020  Throughput:  1523.5 MB/s  Total: 1708.99 GB
[ 1148.9s] IOs:    448102465  IOPS:   390026  Throughput:  1523.5 MB/s  Total: 1709.38 GB
[ 1149.2s] IOs:    448203196  IOPS:   390029  Throughput:  1523.6 MB/s  Total: 1709.76 GB
[ 1149.3s] IOs:    448303249  IOPS:   390051  Throughput:  1523.6 MB/s  Total: 1710.14 GB
[ 1149.6s] IOs:    448404053  IOPS:   390068  Throughput:  1523.7 MB/s  Total: 1710.53 GB
[ 1149.8s] IOs:    448504298  IOPS:   390069  Throughput:  1523.7 MB/s  Total: 1710.91 GB
[ 1150.0s] IOs:    448605128  IOPS:   390090  Throughput:  1523.8 MB/s  Total: 1711.29 GB
[ 1150.2s] IOs:    448706074  IOPS:   390114  Throughput:  1523.9 MB/s  Total: 1711.68 GB
[ 1150.4s] IOs:    448806745  IOPS:   390115  Throughput:  1523.9 MB/s  Total: 1712.06 GB
[ 1150.6s] IOs:    448907120  IOPS:   390136  Throughput:  1524.0 MB/s  Total: 1712.44 GB
[ 1150.9s] IOs:    449007685  IOPS:   390142  Throughput:  1524.0 MB/s  Total: 1712.83 GB
[ 1151.1s] IOs:    449108359  IOPS:   390170  Throughput:  1524.1 MB/s  Total: 1713.21 GB
[ 1151.3s] IOs:    449209389  IOPS:   390183  Throughput:  1524.2 MB/s  Total: 1713.60 GB
[ 1151.5s] IOs:    449310162  IOPS:   390197  Throughput:  1524.2 MB/s  Total: 1713.98 GB
[ 1151.9s] IOs:    449410781  IOPS:   390135  Throughput:  1524.0 MB/s  Total: 1714.37 GB
[ 1152.1s] IOs:    449511568  IOPS:   390158  Throughput:  1524.1 MB/s  Total: 1714.75 GB
[ 1152.5s] IOs:    449611900  IOPS:   390135  Throughput:  1524.0 MB/s  Total: 1715.13 GB
[ 1152.6s] IOs:    449712727  IOPS:   390162  Throughput:  1524.1 MB/s  Total: 1715.52 GB
[ 1152.9s] IOs:    449813624  IOPS:   390143  Throughput:  1524.0 MB/s  Total: 1715.90 GB
[ 1153.1s] IOs:    449914188  IOPS:   390169  Throughput:  1524.1 MB/s  Total: 1716.29 GB
[ 1153.5s] IOs:    450014787  IOPS:   390146  Throughput:  1524.0 MB/s  Total: 1716.67 GB
[ 1153.8s] IOs:    450115295  IOPS:   390113  Throughput:  1523.9 MB/s  Total: 1717.05 GB
[ 1154.0s] IOs:    450215904  IOPS:   390138  Throughput:  1524.0 MB/s  Total: 1717.44 GB
[ 1154.3s] IOs:    450316732  IOPS:   390114  Throughput:  1523.9 MB/s  Total: 1717.82 GB
[ 1154.5s] IOs:    450417553  IOPS:   390141  Throughput:  1524.0 MB/s  Total: 1718.21 GB
[ 1154.8s] IOs:    450518193  IOPS:   390120  Throughput:  1523.9 MB/s  Total: 1718.59 GB
[ 1155.1s] IOs:    450618729  IOPS:   390127  Throughput:  1523.9 MB/s  Total: 1718.97 GB
[ 1155.2s] IOs:    450719498  IOPS:   390151  Throughput:  1524.0 MB/s  Total: 1719.36 GB
[ 1155.5s] IOs:    450820458  IOPS:   390158  Throughput:  1524.1 MB/s  Total: 1719.74 GB
[ 1155.7s] IOs:    450921074  IOPS:   390185  Throughput:  1524.2 MB/s  Total: 1720.13 GB
[ 1156.0s] IOs:    451021965  IOPS:   390167  Throughput:  1524.1 MB/s  Total: 1720.51 GB
[ 1156.2s] IOs:    451122361  IOPS:   390191  Throughput:  1524.2 MB/s  Total: 1720.90 GB
[ 1156.4s] IOs:    451222954  IOPS:   390204  Throughput:  1524.2 MB/s  Total: 1721.28 GB
[ 1156.6s] IOs:    451323030  IOPS:   390213  Throughput:  1524.3 MB/s  Total: 1721.66 GB
[ 1156.8s] IOs:    451423950  IOPS:   390233  Throughput:  1524.3 MB/s  Total: 1722.05 GB
[ 1157.0s] IOs:    451524002  IOPS:   390261  Throughput:  1524.5 MB/s  Total: 1722.43 GB
[ 1157.3s] IOs:    451624500  IOPS:   390246  Throughput:  1524.4 MB/s  Total: 1722.81 GB
[ 1157.5s] IOs:    451725229  IOPS:   390273  Throughput:  1524.5 MB/s  Total: 1723.19 GB
[ 1157.6s] IOs:    451826057  IOPS:   390298  Throughput:  1524.6 MB/s  Total: 1723.58 GB
[ 1157.9s] IOs:    451926806  IOPS:   390290  Throughput:  1524.6 MB/s  Total: 1723.96 GB
[ 1158.1s] IOs:    452027403  IOPS:   390319  Throughput:  1524.7 MB/s  Total: 1724.35 GB
[ 1158.4s] IOs:    452127492  IOPS:   390311  Throughput:  1524.7 MB/s  Total: 1724.73 GB
[ 1158.6s] IOs:    452228158  IOPS:   390335  Throughput:  1524.7 MB/s  Total: 1725.11 GB
[ 1158.7s] IOs:    452328904  IOPS:   390361  Throughput:  1524.8 MB/s  Total: 1725.50 GB
[ 1159.0s] IOs:    452429709  IOPS:   390355  Throughput:  1524.8 MB/s  Total: 1725.88 GB
[ 1159.2s] IOs:    452530413  IOPS:   390382  Throughput:  1524.9 MB/s  Total: 1726.27 GB
[ 1159.4s] IOs:    452631381  IOPS:   390409  Throughput:  1525.0 MB/s  Total: 1726.65 GB
[ 1159.5s] IOs:    452731973  IOPS:   390438  Throughput:  1525.1 MB/s  Total: 1727.04 GB
[ 1159.8s] IOs:    452832289  IOPS:   390454  Throughput:  1525.2 MB/s  Total: 1727.42 GB
[ 1159.9s] IOs:    452932658  IOPS:   390477  Throughput:  1525.3 MB/s  Total: 1727.80 GB
[ 1160.1s] IOs:    453033383  IOPS:   390505  Throughput:  1525.4 MB/s  Total: 1728.19 GB
[ 1160.3s] IOs:    453134403  IOPS:   390522  Throughput:  1525.5 MB/s  Total: 1728.57 GB
[ 1160.5s] IOs:    453234779  IOPS:   390549  Throughput:  1525.6 MB/s  Total: 1728.95 GB
[ 1160.7s] IOs:    453335278  IOPS:   390571  Throughput:  1525.7 MB/s  Total: 1729.34 GB
[ 1160.9s] IOs:    453435992  IOPS:   390583  Throughput:  1525.7 MB/s  Total: 1729.72 GB
[Reader] Parsed 67000000 lines, distributed 453475977 writes, unique 564.48 GB, skipped 0
[ 1161.1s] IOs:    453536705  IOPS:   390609  Throughput:  1525.8 MB/s  Total: 1730.11 GB
[ 1161.3s] IOs:    453637619  IOPS:   390639  Throughput:  1525.9 MB/s  Total: 1730.49 GB
[ 1161.8s] IOs:    453738067  IOPS:   390555  Throughput:  1525.6 MB/s  Total: 1730.87 GB
[ 1162.0s] IOs:    453838756  IOPS:   390581  Throughput:  1525.7 MB/s  Total: 1731.26 GB
[ 1162.5s] IOs:    453939553  IOPS:   390470  Throughput:  1525.3 MB/s  Total: 1731.64 GB
[ 1163.1s] IOs:    454040359  IOPS:   390377  Throughput:  1524.9 MB/s  Total: 1732.03 GB
[ 1163.4s] IOs:    454141024  IOPS:   390356  Throughput:  1524.8 MB/s  Total: 1732.41 GB
[ 1164.0s] IOs:    454241833  IOPS:   390254  Throughput:  1524.4 MB/s  Total: 1732.80 GB
[ 1164.3s] IOs:    454342186  IOPS:   390225  Throughput:  1524.3 MB/s  Total: 1733.18 GB
[ 1164.5s] IOs:    454442856  IOPS:   390247  Throughput:  1524.4 MB/s  Total: 1733.56 GB
[ 1165.0s] IOs:    454543579  IOPS:   390155  Throughput:  1524.0 MB/s  Total: 1733.95 GB
[ 1165.3s] IOs:    454644163  IOPS:   390136  Throughput:  1524.0 MB/s  Total: 1734.33 GB
[ 1165.5s] IOs:    454744632  IOPS:   390164  Throughput:  1524.1 MB/s  Total: 1734.71 GB
[ 1166.1s] IOs:    454845345  IOPS:   390063  Throughput:  1523.7 MB/s  Total: 1735.10 GB
[ 1166.4s] IOs:    454945983  IOPS:   390044  Throughput:  1523.6 MB/s  Total: 1735.48 GB
[ 1166.6s] IOs:    455046923  IOPS:   390069  Throughput:  1523.7 MB/s  Total: 1735.87 GB
[ 1167.2s] IOs:    455147016  IOPS:   389964  Throughput:  1523.3 MB/s  Total: 1736.25 GB
[ 1167.4s] IOs:    455247764  IOPS:   389956  Throughput:  1523.3 MB/s  Total: 1736.63 GB
[ 1167.6s] IOs:    455347948  IOPS:   389982  Throughput:  1523.4 MB/s  Total: 1737.01 GB
[ 1168.1s] IOs:    455448672  IOPS:   389908  Throughput:  1523.1 MB/s  Total: 1737.40 GB
[ 1168.4s] IOs:    455549386  IOPS:   389901  Throughput:  1523.1 MB/s  Total: 1737.78 GB
[ 1168.6s] IOs:    455650006  IOPS:   389922  Throughput:  1523.1 MB/s  Total: 1738.17 GB
[ 1168.9s] IOs:    455750334  IOPS:   389896  Throughput:  1523.0 MB/s  Total: 1738.55 GB
[ 1169.1s] IOs:    455850819  IOPS:   389909  Throughput:  1523.1 MB/s  Total: 1738.93 GB
[ 1169.4s] IOs:    455951470  IOPS:   389897  Throughput:  1523.0 MB/s  Total: 1739.32 GB
[ 1169.6s] IOs:    456052265  IOPS:   389922  Throughput:  1523.1 MB/s  Total: 1739.70 GB
[ 1169.9s] IOs:    456152815  IOPS:   389900  Throughput:  1523.0 MB/s  Total: 1740.08 GB
[ 1170.1s] IOs:    456253238  IOPS:   389913  Throughput:  1523.1 MB/s  Total: 1740.47 GB
[ 1170.4s] IOs:    456353845  IOPS:   389899  Throughput:  1523.0 MB/s  Total: 1740.85 GB
[ 1170.7s] IOs:    456454440  IOPS:   389914  Throughput:  1523.1 MB/s  Total: 1741.24 GB
[ 1170.9s] IOs:    456554905  IOPS:   389917  Throughput:  1523.1 MB/s  Total: 1741.62 GB
[ 1171.1s] IOs:    456655737  IOPS:   389943  Throughput:  1523.2 MB/s  Total: 1742.00 GB
[ 1171.4s] IOs:    456756098  IOPS:   389928  Throughput:  1523.2 MB/s  Total: 1742.39 GB
[ 1171.6s] IOs:    456856613  IOPS:   389935  Throughput:  1523.2 MB/s  Total: 1742.77 GB
[ 1171.8s] IOs:    456957068  IOPS:   389960  Throughput:  1523.3 MB/s  Total: 1743.15 GB
[ 1172.2s] IOs:    457057392  IOPS:   389922  Throughput:  1523.1 MB/s  Total: 1743.54 GB
[ 1172.4s] IOs:    457157740  IOPS:   389942  Throughput:  1523.2 MB/s  Total: 1743.92 GB
[ 1172.6s] IOs:    457258387  IOPS:   389968  Throughput:  1523.3 MB/s  Total: 1744.30 GB
[ 1172.9s] IOs:    457358964  IOPS:   389947  Throughput:  1523.2 MB/s  Total: 1744.69 GB
[ 1173.0s] IOs:    457459315  IOPS:   389976  Throughput:  1523.3 MB/s  Total: 1745.07 GB
[ 1173.4s] IOs:    457559336  IOPS:   389956  Throughput:  1523.3 MB/s  Total: 1745.45 GB
[ 1173.5s] IOs:    457659578  IOPS:   389982  Throughput:  1523.4 MB/s  Total: 1745.83 GB
[ 1174.8s] IOs:    457759717  IOPS:   389641  Throughput:  1522.0 MB/s  Total: 1746.21 GB
[ 1175.2s] IOs:    457860236  IOPS:   389617  Throughput:  1521.9 MB/s  Total: 1746.60 GB
[ 1175.3s] IOs:    457960557  IOPS:   389645  Throughput:  1522.0 MB/s  Total: 1746.98 GB
[ 1175.9s] IOs:    458060974  IOPS:   389557  Throughput:  1521.7 MB/s  Total: 1747.36 GB
[ 1176.0s] IOs:    458161732  IOPS:   389582  Throughput:  1521.8 MB/s  Total: 1747.75 GB
[ 1176.3s] IOs:    458262371  IOPS:   389584  Throughput:  1521.8 MB/s  Total: 1748.13 GB
[ 1176.7s] IOs:    458362758  IOPS:   389541  Throughput:  1521.6 MB/s  Total: 1748.52 GB
[ 1176.9s] IOs:    458463507  IOPS:   389541  Throughput:  1521.6 MB/s  Total: 1748.90 GB
[ 1177.2s] IOs:    458564068  IOPS:   389538  Throughput:  1521.6 MB/s  Total: 1749.28 GB
[ 1177.4s] IOs:    458664980  IOPS:   389565  Throughput:  1521.7 MB/s  Total: 1749.67 GB
[ 1177.7s] IOs:    458765135  IOPS:   389535  Throughput:  1521.6 MB/s  Total: 1750.05 GB
[ 1177.9s] IOs:    458865514  IOPS:   389563  Throughput:  1521.7 MB/s  Total: 1750.43 GB
[ 1178.2s] IOs:    458965932  IOPS:   389540  Throughput:  1521.6 MB/s  Total: 1750.82 GB
[ 1178.4s] IOs:    459066747  IOPS:   389558  Throughput:  1521.7 MB/s  Total: 1751.20 GB
[ 1178.7s] IOs:    459166846  IOPS:   389559  Throughput:  1521.7 MB/s  Total: 1751.58 GB
[ 1178.9s] IOs:    459267430  IOPS:   389586  Throughput:  1521.8 MB/s  Total: 1751.97 GB
[ 1182.8s] IOs:    459368425  IOPS:   388381  Throughput:  1517.1 MB/s  Total: 1752.35 GB
[ 1183.0s] IOs:    459468827  IOPS:   388401  Throughput:  1517.2 MB/s  Total: 1752.73 GB
[ 1183.5s] IOs:    459569717  IOPS:   388299  Throughput:  1516.8 MB/s  Total: 1753.12 GB
[ 1183.8s] IOs:    459670412  IOPS:   388311  Throughput:  1516.8 MB/s  Total: 1753.50 GB
[ 1184.0s] IOs:    459771314  IOPS:   388312  Throughput:  1516.8 MB/s  Total: 1753.89 GB
[ 1184.5s] IOs:    459871993  IOPS:   388252  Throughput:  1516.6 MB/s  Total: 1754.27 GB
[ 1184.7s] IOs:    459972719  IOPS:   388257  Throughput:  1516.6 MB/s  Total: 1754.66 GB
[ 1185.0s] IOs:    460073286  IOPS:   388248  Throughput:  1516.6 MB/s  Total: 1755.04 GB
[ 1185.2s] IOs:    460173756  IOPS:   388258  Throughput:  1516.6 MB/s  Total: 1755.42 GB
[ 1185.6s] IOs:    460274644  IOPS:   388205  Throughput:  1516.4 MB/s  Total: 1755.81 GB
[ 1185.9s] IOs:    460375272  IOPS:   388206  Throughput:  1516.4 MB/s  Total: 1756.19 GB
[ 1186.1s] IOs:    460475665  IOPS:   388214  Throughput:  1516.5 MB/s  Total: 1756.58 GB
[ 1186.4s] IOs:    460576400  IOPS:   388201  Throughput:  1516.4 MB/s  Total: 1756.96 GB
[ 1186.7s] IOs:    460677326  IOPS:   388203  Throughput:  1516.4 MB/s  Total: 1757.34 GB
[ 1187.1s] IOs:    460777448  IOPS:   388162  Throughput:  1516.3 MB/s  Total: 1757.73 GB
[ 1190.4s] IOs:    460877468  IOPS:   387147  Throughput:  1512.3 MB/s  Total: 1758.11 GB
[ 1190.7s] IOs:    460978357  IOPS:   387163  Throughput:  1512.4 MB/s  Total: 1758.49 GB
[ 1191.1s] IOs:    461079074  IOPS:   387110  Throughput:  1512.1 MB/s  Total: 1758.88 GB
[ 1191.5s] IOs:    461179650  IOPS:   387065  Throughput:  1512.0 MB/s  Total: 1759.26 GB
[ 1191.8s] IOs:    461280425  IOPS:   387035  Throughput:  1511.9 MB/s  Total: 1759.65 GB
[ 1192.1s] IOs:    461381181  IOPS:   387037  Throughput:  1511.9 MB/s  Total: 1760.03 GB
[ 1192.4s] IOs:    461482013  IOPS:   387007  Throughput:  1511.7 MB/s  Total: 1760.41 GB
[ 1192.7s] IOs:    461582833  IOPS:   387014  Throughput:  1511.8 MB/s  Total: 1760.80 GB
[ 1193.1s] IOs:    461683239  IOPS:   386972  Throughput:  1511.6 MB/s  Total: 1761.18 GB
[ 1193.4s] IOs:    461784023  IOPS:   386962  Throughput:  1511.6 MB/s  Total: 1761.57 GB
[ 1193.6s] IOs:    461884633  IOPS:   386969  Throughput:  1511.6 MB/s  Total: 1761.95 GB
[ 1193.9s] IOs:    461985260  IOPS:   386954  Throughput:  1511.5 MB/s  Total: 1762.33 GB
[ 1194.2s] IOs:    462085819  IOPS:   386958  Throughput:  1511.6 MB/s  Total: 1762.72 GB
[ 1194.7s] IOs:    462186761  IOPS:   386865  Throughput:  1511.2 MB/s  Total: 1763.10 GB
[ 1194.9s] IOs:    462287402  IOPS:   386875  Throughput:  1511.2 MB/s  Total: 1763.49 GB
[ 1195.5s] IOs:    462388015  IOPS:   386786  Throughput:  1510.9 MB/s  Total: 1763.87 GB
[ 1195.9s] IOs:    462488634  IOPS:   386740  Throughput:  1510.7 MB/s  Total: 1764.25 GB
[ 1196.4s] IOs:    462589462  IOPS:   386638  Throughput:  1510.3 MB/s  Total: 1764.64 GB
[ 1196.7s] IOs:    462689477  IOPS:   386637  Throughput:  1510.3 MB/s  Total: 1765.02 GB
[ 1197.0s] IOs:    462790005  IOPS:   386620  Throughput:  1510.2 MB/s  Total: 1765.40 GB
[ 1197.5s] IOs:    462890591  IOPS:   386533  Throughput:  1509.9 MB/s  Total: 1765.79 GB
[ 1198.0s] IOs:    462991180  IOPS:   386480  Throughput:  1509.7 MB/s  Total: 1766.17 GB
[ 1198.4s] IOs:    463091705  IOPS:   386433  Throughput:  1509.5 MB/s  Total: 1766.55 GB
[ 1198.6s] IOs:    463192357  IOPS:   386439  Throughput:  1509.5 MB/s  Total: 1766.94 GB
[ 1199.2s] IOs:    463292979  IOPS:   386348  Throughput:  1509.2 MB/s  Total: 1767.32 GB
[ 1199.4s] IOs:    463393063  IOPS:   386348  Throughput:  1509.2 MB/s  Total: 1767.70 GB
[ 1199.6s] IOs:    463493517  IOPS:   386365  Throughput:  1509.2 MB/s  Total: 1768.09 GB
[ 1200.1s] IOs:    463594440  IOPS:   386299  Throughput:  1509.0 MB/s  Total: 1768.47 GB
[ 1200.4s] IOs:    463694797  IOPS:   386291  Throughput:  1508.9 MB/s  Total: 1768.86 GB
[ 1200.6s] IOs:    463795502  IOPS:   386304  Throughput:  1509.0 MB/s  Total: 1769.24 GB
[ 1200.9s] IOs:    463896076  IOPS:   386274  Throughput:  1508.9 MB/s  Total: 1769.62 GB
[ 1202.9s] IOs:    463996824  IOPS:   385727  Throughput:  1506.7 MB/s  Total: 1770.01 GB
[ 1203.2s] IOs:    464097811  IOPS:   385726  Throughput:  1506.7 MB/s  Total: 1770.39 GB
[ 1203.5s] IOs:    464198333  IOPS:   385700  Throughput:  1506.6 MB/s  Total: 1770.78 GB
[ 1203.9s] IOs:    464299013  IOPS:   385660  Throughput:  1506.5 MB/s  Total: 1771.16 GB
[ 1204.2s] IOs:    464399843  IOPS:   385652  Throughput:  1506.5 MB/s  Total: 1771.54 GB
[ 1204.5s] IOs:    464500684  IOPS:   385642  Throughput:  1506.4 MB/s  Total: 1771.93 GB
[ 1204.7s] IOs:    464601320  IOPS:   385659  Throughput:  1506.5 MB/s  Total: 1772.31 GB
[ 1205.1s] IOs:    464702312  IOPS:   385622  Throughput:  1506.3 MB/s  Total: 1772.70 GB
[ 1205.3s] IOs:    464802901  IOPS:   385641  Throughput:  1506.4 MB/s  Total: 1773.08 GB
[ 1205.6s] IOs:    464903748  IOPS:   385605  Throughput:  1506.3 MB/s  Total: 1773.47 GB
[ 1205.9s] IOs:    465004263  IOPS:   385603  Throughput:  1506.3 MB/s  Total: 1773.85 GB
[ 1206.1s] IOs:    465104872  IOPS:   385615  Throughput:  1506.3 MB/s  Total: 1774.23 GB
[ 1206.4s] IOs:    465205550  IOPS:   385608  Throughput:  1506.3 MB/s  Total: 1774.62 GB
[ 1206.6s] IOs:    465306324  IOPS:   385625  Throughput:  1506.3 MB/s  Total: 1775.00 GB
[ 1206.9s] IOs:    465407041  IOPS:   385619  Throughput:  1506.3 MB/s  Total: 1775.39 GB
[ 1207.3s] IOs:    465507747  IOPS:   385569  Throughput:  1506.1 MB/s  Total: 1775.77 GB
[ 1207.6s] IOs:    465608091  IOPS:   385578  Throughput:  1506.2 MB/s  Total: 1776.15 GB
[ 1208.0s] IOs:    465708651  IOPS:   385518  Throughput:  1505.9 MB/s  Total: 1776.54 GB
[Reader] Parsed 68000000 lines, distributed 465773570 writes, unique 580.90 GB, skipped 0
[ 1208.3s] IOs:    465809215  IOPS:   385519  Throughput:  1505.9 MB/s  Total: 1776.92 GB
[ 1208.6s] IOs:    465909993  IOPS:   385493  Throughput:  1505.8 MB/s  Total: 1777.31 GB
[ 1209.0s] IOs:    466010860  IOPS:   385453  Throughput:  1505.7 MB/s  Total: 1777.69 GB
[ 1209.2s] IOs:    466111719  IOPS:   385466  Throughput:  1505.7 MB/s  Total: 1778.08 GB
[ 1209.6s] IOs:    466212430  IOPS:   385411  Throughput:  1505.5 MB/s  Total: 1778.46 GB
[ 1210.0s] IOs:    466313152  IOPS:   385389  Throughput:  1505.4 MB/s  Total: 1778.84 GB
[ 1210.2s] IOs:    466413664  IOPS:   385396  Throughput:  1505.5 MB/s  Total: 1779.23 GB
[ 1210.5s] IOs:    466513672  IOPS:   385381  Throughput:  1505.4 MB/s  Total: 1779.61 GB
[ 1210.8s] IOs:    466614530  IOPS:   385383  Throughput:  1505.4 MB/s  Total: 1779.99 GB
[ 1211.1s] IOs:    466715327  IOPS:   385366  Throughput:  1505.3 MB/s  Total: 1780.38 GB
[ 1211.4s] IOs:    466815871  IOPS:   385346  Throughput:  1505.3 MB/s  Total: 1780.76 GB
[ 1211.9s] IOs:    466916378  IOPS:   385281  Throughput:  1505.0 MB/s  Total: 1781.14 GB
[ 1212.1s] IOs:    467017311  IOPS:   385301  Throughput:  1505.1 MB/s  Total: 1781.53 GB
[ 1212.7s] IOs:    467118005  IOPS:   385199  Throughput:  1504.7 MB/s  Total: 1781.91 GB
[ 1213.0s] IOs:    467218637  IOPS:   385180  Throughput:  1504.6 MB/s  Total: 1782.30 GB
[ 1213.5s] IOs:    467319446  IOPS:   385092  Throughput:  1504.3 MB/s  Total: 1782.68 GB
[ 1213.7s] IOs:    467420173  IOPS:   385108  Throughput:  1504.3 MB/s  Total: 1783.07 GB
[ 1214.2s] IOs:    467520578  IOPS:   385053  Throughput:  1504.1 MB/s  Total: 1783.45 GB
[ 1214.5s] IOs:    467621528  IOPS:   385027  Throughput:  1504.0 MB/s  Total: 1783.83 GB
[ 1215.0s] IOs:    467722002  IOPS:   384945  Throughput:  1503.7 MB/s  Total: 1784.22 GB
[ 1215.3s] IOs:    467822691  IOPS:   384957  Throughput:  1503.7 MB/s  Total: 1784.60 GB
[ 1215.6s] IOs:    467923371  IOPS:   384943  Throughput:  1503.7 MB/s  Total: 1784.99 GB
[ 1216.0s] IOs:    468024025  IOPS:   384892  Throughput:  1503.5 MB/s  Total: 1785.37 GB
[ 1216.5s] IOs:    468124838  IOPS:   384815  Throughput:  1503.2 MB/s  Total: 1785.75 GB
[ 1217.0s] IOs:    468225605  IOPS:   384733  Throughput:  1502.9 MB/s  Total: 1786.14 GB
[ 1217.5s] IOs:    468326204  IOPS:   384647  Throughput:  1502.5 MB/s  Total: 1786.52 GB
[ 1218.0s] IOs:    468426973  IOPS:   384585  Throughput:  1502.3 MB/s  Total: 1786.91 GB
[ 1218.5s] IOs:    468527590  IOPS:   384509  Throughput:  1502.0 MB/s  Total: 1787.29 GB
[ 1218.8s] IOs:    468628078  IOPS:   384515  Throughput:  1502.0 MB/s  Total: 1787.67 GB
[ 1219.1s] IOs:    468728964  IOPS:   384489  Throughput:  1501.9 MB/s  Total: 1788.06 GB
[ 1219.7s] IOs:    468829585  IOPS:   384378  Throughput:  1501.5 MB/s  Total: 1788.44 GB
[ 1220.2s] IOs:    468930443  IOPS:   384296  Throughput:  1501.2 MB/s  Total: 1788.83 GB
[ 1220.5s] IOs:    469030979  IOPS:   384302  Throughput:  1501.2 MB/s  Total: 1789.21 GB
[ 1221.0s] IOs:    469131514  IOPS:   384224  Throughput:  1500.9 MB/s  Total: 1789.59 GB
[ 1221.2s] IOs:    469232190  IOPS:   384239  Throughput:  1500.9 MB/s  Total: 1789.98 GB
[ 1221.5s] IOs:    469333231  IOPS:   384215  Throughput:  1500.8 MB/s  Total: 1790.36 GB
[ 1222.0s] IOs:    469434109  IOPS:   384144  Throughput:  1500.6 MB/s  Total: 1790.75 GB
[ 1222.2s] IOs:    469535052  IOPS:   384160  Throughput:  1500.6 MB/s  Total: 1791.13 GB
[ 1222.6s] IOs:    469635772  IOPS:   384134  Throughput:  1500.5 MB/s  Total: 1791.52 GB
[ 1223.0s] IOs:    469736749  IOPS:   384101  Throughput:  1500.4 MB/s  Total: 1791.90 GB
[ 1223.2s] IOs:    469837197  IOPS:   384119  Throughput:  1500.5 MB/s  Total: 1792.29 GB
[ 1223.5s] IOs:    469938084  IOPS:   384085  Throughput:  1500.3 MB/s  Total: 1792.67 GB
[ 1223.7s] IOs:    470038933  IOPS:   384098  Throughput:  1500.4 MB/s  Total: 1793.06 GB
[ 1224.1s] IOs:    470139729  IOPS:   384068  Throughput:  1500.3 MB/s  Total: 1793.44 GB
[ 1224.6s] IOs:    470240290  IOPS:   384000  Throughput:  1500.0 MB/s  Total: 1793.82 GB
[ 1224.8s] IOs:    470340812  IOPS:   384005  Throughput:  1500.0 MB/s  Total: 1794.21 GB
[ 1225.0s] IOs:    470441393  IOPS:   384025  Throughput:  1500.1 MB/s  Total: 1794.59 GB
[ 1225.2s] IOs:    470541875  IOPS:   384044  Throughput:  1500.2 MB/s  Total: 1794.97 GB
[ 1225.6s] IOs:    470642388  IOPS:   384004  Throughput:  1500.0 MB/s  Total: 1795.36 GB
[ 1225.8s] IOs:    470743024  IOPS:   384021  Throughput:  1500.1 MB/s  Total: 1795.74 GB
[ 1226.1s] IOs:    470843381  IOPS:   384005  Throughput:  1500.0 MB/s  Total: 1796.12 GB
[ 1226.5s] IOs:    470943769  IOPS:   383988  Throughput:  1500.0 MB/s  Total: 1796.51 GB
[ 1226.6s] IOs:    471044432  IOPS:   384011  Throughput:  1500.0 MB/s  Total: 1796.89 GB
[ 1227.0s] IOs:    471144916  IOPS:   383994  Throughput:  1500.0 MB/s  Total: 1797.28 GB
[ 1227.2s] IOs:    471245256  IOPS:   384008  Throughput:  1500.0 MB/s  Total: 1797.66 GB
[ 1227.6s] IOs:    471345389  IOPS:   383962  Throughput:  1499.9 MB/s  Total: 1798.04 GB
[ 1227.8s] IOs:    471446117  IOPS:   383970  Throughput:  1499.9 MB/s  Total: 1798.42 GB
[ 1228.0s] IOs:    471546845  IOPS:   383991  Throughput:  1500.0 MB/s  Total: 1798.81 GB
[ 1228.2s] IOs:    471647234  IOPS:   384011  Throughput:  1500.0 MB/s  Total: 1799.19 GB
[ 1228.6s] IOs:    471747486  IOPS:   383984  Throughput:  1499.9 MB/s  Total: 1799.57 GB
[ 1228.8s] IOs:    471847797  IOPS:   384004  Throughput:  1500.0 MB/s  Total: 1799.96 GB
[ 1229.1s] IOs:    471948292  IOPS:   383975  Throughput:  1499.9 MB/s  Total: 1800.34 GB
[ 1229.3s] IOs:    472049137  IOPS:   383999  Throughput:  1500.0 MB/s  Total: 1800.72 GB
[ 1229.6s] IOs:    472149925  IOPS:   383973  Throughput:  1499.9 MB/s  Total: 1801.11 GB
[ 1229.8s] IOs:    472250323  IOPS:   383995  Throughput:  1500.0 MB/s  Total: 1801.49 GB
[ 1230.1s] IOs:    472350921  IOPS:   383984  Throughput:  1499.9 MB/s  Total: 1801.88 GB
[ 1230.3s] IOs:    472451463  IOPS:   384002  Throughput:  1500.0 MB/s  Total: 1802.26 GB
[ 1230.6s] IOs:    472552204  IOPS:   383994  Throughput:  1500.0 MB/s  Total: 1802.64 GB
[ 1230.8s] IOs:    472652983  IOPS:   384009  Throughput:  1500.0 MB/s  Total: 1803.03 GB
[ 1231.2s] IOs:    472753602  IOPS:   383972  Throughput:  1499.9 MB/s  Total: 1803.41 GB
[ 1231.4s] IOs:    472854514  IOPS:   383992  Throughput:  1500.0 MB/s  Total: 1803.80 GB
[ 1231.6s] IOs:    472954991  IOPS:   384014  Throughput:  1500.1 MB/s  Total: 1804.18 GB
[ 1231.8s] IOs:    473055494  IOPS:   384028  Throughput:  1500.1 MB/s  Total: 1804.56 GB
[ 1232.2s] IOs:    473156467  IOPS:   384008  Throughput:  1500.0 MB/s  Total: 1804.95 GB
[ 1232.3s] IOs:    473257342  IOPS:   384032  Throughput:  1500.1 MB/s  Total: 1805.33 GB
[ 1232.5s] IOs:    473357567  IOPS:   384054  Throughput:  1500.2 MB/s  Total: 1805.72 GB
[ 1232.7s] IOs:    473458124  IOPS:   384081  Throughput:  1500.3 MB/s  Total: 1806.10 GB
[ 1233.0s] IOs:    473559028  IOPS:   384078  Throughput:  1500.3 MB/s  Total: 1806.48 GB
[ 1233.2s] IOs:    473659044  IOPS:   384102  Throughput:  1500.4 MB/s  Total: 1806.87 GB
[ 1233.3s] IOs:    473759781  IOPS:   384127  Throughput:  1500.5 MB/s  Total: 1807.25 GB
[ 1233.6s] IOs:    473860401  IOPS:   384124  Throughput:  1500.5 MB/s  Total: 1807.63 GB
[ 1233.8s] IOs:    473960940  IOPS:   384141  Throughput:  1500.6 MB/s  Total: 1808.02 GB
[ 1234.1s] IOs:    474061753  IOPS:   384140  Throughput:  1500.5 MB/s  Total: 1808.40 GB
[ 1234.3s] IOs:    474162523  IOPS:   384165  Throughput:  1500.6 MB/s  Total: 1808.79 GB
[ 1234.5s] IOs:    474263149  IOPS:   384177  Throughput:  1500.7 MB/s  Total: 1809.17 GB
[ 1234.7s] IOs:    474363583  IOPS:   384194  Throughput:  1500.8 MB/s  Total: 1809.55 GB
[ 1234.9s] IOs:    474464217  IOPS:   384217  Throughput:  1500.8 MB/s  Total: 1809.94 GB
[ 1235.1s] IOs:    474564906  IOPS:   384233  Throughput:  1500.9 MB/s  Total: 1810.32 GB
[ 1235.3s] IOs:    474665743  IOPS:   384261  Throughput:  1501.0 MB/s  Total: 1810.71 GB
[ 1235.8s] IOs:    474766261  IOPS:   384167  Throughput:  1500.7 MB/s  Total: 1811.09 GB
[ 1236.0s] IOs:    474866939  IOPS:   384194  Throughput:  1500.8 MB/s  Total: 1811.47 GB
[ 1236.2s] IOs:    474967817  IOPS:   384214  Throughput:  1500.8 MB/s  Total: 1811.86 GB
[ 1236.6s] IOs:    475068441  IOPS:   384175  Throughput:  1500.7 MB/s  Total: 1812.24 GB
[ 1236.8s] IOs:    475168450  IOPS:   384191  Throughput:  1500.7 MB/s  Total: 1812.62 GB
[ 1237.2s] IOs:    475269315  IOPS:   384163  Throughput:  1500.6 MB/s  Total: 1813.01 GB
[ 1237.3s] IOs:    475369663  IOPS:   384186  Throughput:  1500.7 MB/s  Total: 1813.39 GB
[ 1237.8s] IOs:    475470219  IOPS:   384115  Throughput:  1500.5 MB/s  Total: 1813.77 GB
[ 1238.1s] IOs:    475570925  IOPS:   384125  Throughput:  1500.5 MB/s  Total: 1814.16 GB
[ 1238.2s] IOs:    475671783  IOPS:   384149  Throughput:  1500.6 MB/s  Total: 1814.54 GB
[ 1238.6s] IOs:    475772784  IOPS:   384108  Throughput:  1500.4 MB/s  Total: 1814.93 GB
[ 1238.8s] IOs:    475873354  IOPS:   384129  Throughput:  1500.5 MB/s  Total: 1815.31 GB
[ 1239.1s] IOs:    475973726  IOPS:   384116  Throughput:  1500.5 MB/s  Total: 1815.70 GB
[Reader] Parsed 69000000 lines, distributed 475991591 writes, unique 592.03 GB, skipped 0
[ 1239.3s] IOs:    476074203  IOPS:   384137  Throughput:  1500.5 MB/s  Total: 1816.08 GB
[ 1239.6s] IOs:    476175165  IOPS:   384136  Throughput:  1500.5 MB/s  Total: 1816.46 GB
[ 1239.8s] IOs:    476276133  IOPS:   384158  Throughput:  1500.6 MB/s  Total: 1816.85 GB
[ 1240.1s] IOs:    476376147  IOPS:   384150  Throughput:  1500.6 MB/s  Total: 1817.23 GB
[ 1240.3s] IOs:    476476979  IOPS:   384169  Throughput:  1500.7 MB/s  Total: 1817.62 GB
[ 1240.7s] IOs:    476577430  IOPS:   384105  Throughput:  1500.4 MB/s  Total: 1818.00 GB
[ 1241.0s] IOs:    476678100  IOPS:   384112  Throughput:  1500.4 MB/s  Total: 1818.38 GB
[ 1241.2s] IOs:    476778727  IOPS:   384138  Throughput:  1500.5 MB/s  Total: 1818.77 GB
[ 1241.3s] IOs:    476879555  IOPS:   384164  Throughput:  1500.6 MB/s  Total: 1819.15 GB
[ 1241.8s] IOs:    476980010  IOPS:   384119  Throughput:  1500.5 MB/s  Total: 1819.53 GB
[ 1241.9s] IOs:    477080685  IOPS:   384145  Throughput:  1500.6 MB/s  Total: 1819.92 GB
[ 1242.2s] IOs:    477181374  IOPS:   384140  Throughput:  1500.5 MB/s  Total: 1820.30 GB
[ 1242.4s] IOs:    477282161  IOPS:   384165  Throughput:  1500.6 MB/s  Total: 1820.69 GB
[ 1242.8s] IOs:    477382753  IOPS:   384133  Throughput:  1500.5 MB/s  Total: 1821.07 GB
[ 1243.0s] IOs:    477483322  IOPS:   384152  Throughput:  1500.6 MB/s  Total: 1821.45 GB
[ 1243.2s] IOs:    477584001  IOPS:   384159  Throughput:  1500.6 MB/s  Total: 1821.84 GB
[ 1243.4s] IOs:    477684803  IOPS:   384185  Throughput:  1500.7 MB/s  Total: 1822.22 GB
[ 1243.7s] IOs:    477785508  IOPS:   384164  Throughput:  1500.6 MB/s  Total: 1822.61 GB
[ 1243.9s] IOs:    477886308  IOPS:   384187  Throughput:  1500.7 MB/s  Total: 1822.99 GB
[ 1244.1s] IOs:    477986854  IOPS:   384203  Throughput:  1500.8 MB/s  Total: 1823.38 GB
[ 1244.3s] IOs:    478087585  IOPS:   384229  Throughput:  1500.9 MB/s  Total: 1823.76 GB
[ 1245.9s] IOs:    478188293  IOPS:   383810  Throughput:  1499.3 MB/s  Total: 1824.14 GB
[ 1246.1s] IOs:    478289269  IOPS:   383838  Throughput:  1499.4 MB/s  Total: 1824.53 GB
[ 1246.3s] IOs:    478389910  IOPS:   383834  Throughput:  1499.4 MB/s  Total: 1824.91 GB
[ 1246.5s] IOs:    478490519  IOPS:   383861  Throughput:  1499.5 MB/s  Total: 1825.30 GB
[ 1246.9s] IOs:    478591029  IOPS:   383839  Throughput:  1499.4 MB/s  Total: 1825.68 GB
[ 1247.1s] IOs:    478691850  IOPS:   383857  Throughput:  1499.4 MB/s  Total: 1826.06 GB
[ 1247.4s] IOs:    478792647  IOPS:   383842  Throughput:  1499.4 MB/s  Total: 1826.45 GB
[ 1247.6s] IOs:    478893141  IOPS:   383860  Throughput:  1499.5 MB/s  Total: 1826.83 GB
[ 1247.9s] IOs:    478993741  IOPS:   383847  Throughput:  1499.4 MB/s  Total: 1827.22 GB
[ 1248.1s] IOs:    479094044  IOPS:   383871  Throughput:  1499.5 MB/s  Total: 1827.60 GB
[ 1248.3s] IOs:    479194365  IOPS:   383867  Throughput:  1499.5 MB/s  Total: 1827.98 GB
[ 1248.5s] IOs:    479295023  IOPS:   383885  Throughput:  1499.6 MB/s  Total: 1828.37 GB
[ 1248.8s] IOs:    479395568  IOPS:   383891  Throughput:  1499.6 MB/s  Total: 1828.75 GB
[ 1249.0s] IOs:    479496192  IOPS:   383912  Throughput:  1499.7 MB/s  Total: 1829.13 GB
[ 1249.2s] IOs:    479596493  IOPS:   383936  Throughput:  1499.8 MB/s  Total: 1829.52 GB
[ 1249.4s] IOs:    479697251  IOPS:   383942  Throughput:  1499.8 MB/s  Total: 1829.90 GB
[ 1250.8s] IOs:    479798143  IOPS:   383579  Throughput:  1498.4 MB/s  Total: 1830.28 GB
[ 1251.3s] IOs:    479898896  IOPS:   383507  Throughput:  1498.1 MB/s  Total: 1830.67 GB
[ 1251.7s] IOs:    479999816  IOPS:   383486  Throughput:  1498.0 MB/s  Total: 1831.05 GB
[ 1251.9s] IOs:    480100358  IOPS:   383511  Throughput:  1498.1 MB/s  Total: 1831.44 GB
[ 1252.4s] IOs:    480200687  IOPS:   383424  Throughput:  1497.7 MB/s  Total: 1831.82 GB
[ 1252.7s] IOs:    480301079  IOPS:   383406  Throughput:  1497.7 MB/s  Total: 1832.20 GB
[ 1253.0s] IOs:    480401774  IOPS:   383417  Throughput:  1497.7 MB/s  Total: 1832.59 GB
[ 1253.3s] IOs:    480502536  IOPS:   383398  Throughput:  1497.6 MB/s  Total: 1832.97 GB
[ 1253.7s] IOs:    480603171  IOPS:   383338  Throughput:  1497.4 MB/s  Total: 1833.36 GB
[ 1254.0s] IOs:    480704012  IOPS:   383350  Throughput:  1497.5 MB/s  Total: 1833.74 GB
[ 1254.2s] IOs:    480804837  IOPS:   383349  Throughput:  1497.5 MB/s  Total: 1834.12 GB
[ 1254.4s] IOs:    480905696  IOPS:   383363  Throughput:  1497.5 MB/s  Total: 1834.51 GB
[ 1254.8s] IOs:    481006436  IOPS:   383342  Throughput:  1497.4 MB/s  Total: 1834.89 GB
[ 1254.9s] IOs:    481106841  IOPS:   383368  Throughput:  1497.5 MB/s  Total: 1835.28 GB
[ 1258.5s] IOs:    481207618  IOPS:   382380  Throughput:  1493.7 MB/s  Total: 1835.66 GB
[ 1258.8s] IOs:    481308165  IOPS:   382342  Throughput:  1493.5 MB/s  Total: 1836.04 GB
[ 1259.4s] IOs:    481408656  IOPS:   382242  Throughput:  1493.1 MB/s  Total: 1836.43 GB
[ 1260.0s] IOs:    481509444  IOPS:   382136  Throughput:  1492.7 MB/s  Total: 1836.81 GB
[ 1260.6s] IOs:    481610222  IOPS:   382048  Throughput:  1492.4 MB/s  Total: 1837.20 GB
[ 1261.1s] IOs:    481710978  IOPS:   381970  Throughput:  1492.1 MB/s  Total: 1837.58 GB
[ 1261.8s] IOs:    481811513  IOPS:   381848  Throughput:  1491.6 MB/s  Total: 1837.97 GB
[ 1262.0s] IOs:    481912378  IOPS:   381861  Throughput:  1491.6 MB/s  Total: 1838.35 GB
[ 1262.5s] IOs:    482013181  IOPS:   381780  Throughput:  1491.3 MB/s  Total: 1838.73 GB
[ 1263.1s] IOs:    482113818  IOPS:   381689  Throughput:  1491.0 MB/s  Total: 1839.12 GB
[ 1263.6s] IOs:    482214782  IOPS:   381617  Throughput:  1490.7 MB/s  Total: 1839.50 GB
[ 1264.0s] IOs:    482315461  IOPS:   381584  Throughput:  1490.6 MB/s  Total: 1839.89 GB
[ 1264.5s] IOs:    482416189  IOPS:   381507  Throughput:  1490.3 MB/s  Total: 1840.27 GB
[ 1265.0s] IOs:    482516897  IOPS:   381439  Throughput:  1490.0 MB/s  Total: 1840.66 GB
[ 1265.2s] IOs:    482617394  IOPS:   381444  Throughput:  1490.0 MB/s  Total: 1841.04 GB
[ 1265.6s] IOs:    482717840  IOPS:   381406  Throughput:  1489.9 MB/s  Total: 1841.42 GB
[ 1265.9s] IOs:    482818272  IOPS:   381388  Throughput:  1489.8 MB/s  Total: 1841.81 GB
[ 1270.6s] IOs:    482918812  IOPS:   380074  Throughput:  1484.7 MB/s  Total: 1842.19 GB
[ 1270.9s] IOs:    483019579  IOPS:   380062  Throughput:  1484.6 MB/s  Total: 1842.57 GB
[ 1271.5s] IOs:    483120404  IOPS:   379969  Throughput:  1484.3 MB/s  Total: 1842.96 GB
[ 1271.7s] IOs:    483221397  IOPS:   379969  Throughput:  1484.3 MB/s  Total: 1843.34 GB
[ 1272.0s] IOs:    483321751  IOPS:   379957  Throughput:  1484.2 MB/s  Total: 1843.73 GB
[ 1272.6s] IOs:    483422583  IOPS:   379880  Throughput:  1483.9 MB/s  Total: 1844.11 GB
[ 1273.0s] IOs:    483523449  IOPS:   379841  Throughput:  1483.8 MB/s  Total: 1844.50 GB
[ 1273.5s] IOs:    483624331  IOPS:   379770  Throughput:  1483.5 MB/s  Total: 1844.88 GB
[ 1273.8s] IOs:    483725223  IOPS:   379739  Throughput:  1483.4 MB/s  Total: 1845.27 GB
[ 1274.1s] IOs:    483825783  IOPS:   379742  Throughput:  1483.4 MB/s  Total: 1845.65 GB
[ 1274.6s] IOs:    483926256  IOPS:   379655  Throughput:  1483.0 MB/s  Total: 1846.03 GB
[ 1274.9s] IOs:    484026946  IOPS:   379649  Throughput:  1483.0 MB/s  Total: 1846.42 GB
[ 1275.4s] IOs:    484127670  IOPS:   379588  Throughput:  1482.8 MB/s  Total: 1846.80 GB
[ 1275.7s] IOs:    484228102  IOPS:   379570  Throughput:  1482.7 MB/s  Total: 1847.18 GB
[ 1276.0s] IOs:    484328402  IOPS:   379562  Throughput:  1482.7 MB/s  Total: 1847.57 GB
[ 1276.5s] IOs:    484428995  IOPS:   379498  Throughput:  1482.4 MB/s  Total: 1847.95 GB
[ 1285.5s] IOs:    484529663  IOPS:   376927  Throughput:  1472.4 MB/s  Total: 1848.33 GB
[ 1286.0s] IOs:    484630195  IOPS:   376841  Throughput:  1472.0 MB/s  Total: 1848.72 GB
[ 1287.0s] IOs:    484731020  IOPS:   376644  Throughput:  1471.3 MB/s  Total: 1849.10 GB
[ 1287.6s] IOs:    484831879  IOPS:   376549  Throughput:  1470.9 MB/s  Total: 1849.49 GB
[ 1288.2s] IOs:    484932740  IOPS:   376456  Throughput:  1470.5 MB/s  Total: 1849.87 GB
[ 1288.8s] IOs:    485033322  IOPS:   376336  Throughput:  1470.1 MB/s  Total: 1850.26 GB
[ 1289.3s] IOs:    485133968  IOPS:   376265  Throughput:  1469.8 MB/s  Total: 1850.64 GB
[ 1289.9s] IOs:    485234799  IOPS:   376174  Throughput:  1469.4 MB/s  Total: 1851.02 GB
[ 1290.4s] IOs:    485335238  IOPS:   376105  Throughput:  1469.2 MB/s  Total: 1851.41 GB
[ 1290.8s] IOs:    485435969  IOPS:   376061  Throughput:  1469.0 MB/s  Total: 1851.79 GB
[ 1291.4s] IOs:    485536512  IOPS:   375976  Throughput:  1468.7 MB/s  Total: 1852.17 GB
[ 1291.9s] IOs:    485636991  IOPS:   375912  Throughput:  1468.4 MB/s  Total: 1852.56 GB
[ 1292.5s] IOs:    485737956  IOPS:   375822  Throughput:  1468.1 MB/s  Total: 1852.94 GB
[ 1292.9s] IOs:    485838664  IOPS:   375772  Throughput:  1467.9 MB/s  Total: 1853.33 GB
[ 1293.5s] IOs:    485939262  IOPS:   375678  Throughput:  1467.5 MB/s  Total: 1853.71 GB
[ 1293.8s] IOs:    486039909  IOPS:   375656  Throughput:  1467.4 MB/s  Total: 1854.10 GB
[ 1294.4s] IOs:    486139952  IOPS:   375563  Throughput:  1467.0 MB/s  Total: 1854.48 GB
[ 1294.8s] IOs:    486240782  IOPS:   375528  Throughput:  1466.9 MB/s  Total: 1854.86 GB
[ 1295.1s] IOs:    486341654  IOPS:   375527  Throughput:  1466.9 MB/s  Total: 1855.25 GB
[ 1295.6s] IOs:    486442472  IOPS:   375452  Throughput:  1466.6 MB/s  Total: 1855.63 GB
[ 1296.0s] IOs:    486543035  IOPS:   375414  Throughput:  1466.5 MB/s  Total: 1856.01 GB
[ 1296.6s] IOs:    486643962  IOPS:   375313  Throughput:  1466.1 MB/s  Total: 1856.40 GB
[Reader] Parsed 70000000 lines, distributed 486671528 writes, unique 604.51 GB, skipped 0
[ 1296.9s] IOs:    486744642  IOPS:   375324  Throughput:  1466.1 MB/s  Total: 1856.78 GB
[ 1297.1s] IOs:    486845207  IOPS:   375330  Throughput:  1466.1 MB/s  Total: 1857.17 GB
[ 1297.7s] IOs:    486945832  IOPS:   375247  Throughput:  1465.8 MB/s  Total: 1857.55 GB
[ 1298.0s] IOs:    487046344  IOPS:   375230  Throughput:  1465.7 MB/s  Total: 1857.93 GB
[ 1298.4s] IOs:    487146867  IOPS:   375192  Throughput:  1465.6 MB/s  Total: 1858.32 GB
[ 1298.6s] IOs:    487247202  IOPS:   375204  Throughput:  1465.6 MB/s  Total: 1858.70 GB
[ 1299.0s] IOs:    487347989  IOPS:   375164  Throughput:  1465.5 MB/s  Total: 1859.09 GB
[ 1299.4s] IOs:    487448649  IOPS:   375146  Throughput:  1465.4 MB/s  Total: 1859.47 GB
[ 1299.6s] IOs:    487549074  IOPS:   375159  Throughput:  1465.5 MB/s  Total: 1859.85 GB
[ 1300.0s] IOs:    487649715  IOPS:   375125  Throughput:  1465.3 MB/s  Total: 1860.24 GB
[ 1300.3s] IOs:    487750638  IOPS:   375120  Throughput:  1465.3 MB/s  Total: 1860.62 GB
[ 1300.7s] IOs:    487851472  IOPS:   375072  Throughput:  1465.1 MB/s  Total: 1861.01 GB
[ 1301.0s] IOs:    487951891  IOPS:   375073  Throughput:  1465.1 MB/s  Total: 1861.39 GB
[ 1301.5s] IOs:    488052513  IOPS:   374992  Throughput:  1464.8 MB/s  Total: 1861.77 GB
[ 1301.8s] IOs:    488152903  IOPS:   374980  Throughput:  1464.8 MB/s  Total: 1862.16 GB
[ 1302.0s] IOs:    488253462  IOPS:   374991  Throughput:  1464.8 MB/s  Total: 1862.54 GB
[ 1302.5s] IOs:    488354058  IOPS:   374943  Throughput:  1464.6 MB/s  Total: 1862.92 GB
[ 1302.7s] IOs:    488454916  IOPS:   374956  Throughput:  1464.7 MB/s  Total: 1863.31 GB
[ 1303.1s] IOs:    488555412  IOPS:   374914  Throughput:  1464.5 MB/s  Total: 1863.69 GB
[ 1303.4s] IOs:    488655614  IOPS:   374908  Throughput:  1464.5 MB/s  Total: 1864.07 GB
[ 1303.6s] IOs:    488756215  IOPS:   374921  Throughput:  1464.5 MB/s  Total: 1864.46 GB
[ 1304.0s] IOs:    488856781  IOPS:   374900  Throughput:  1464.5 MB/s  Total: 1864.84 GB
[ 1304.2s] IOs:    488957363  IOPS:   374912  Throughput:  1464.5 MB/s  Total: 1865.22 GB
[ 1304.5s] IOs:    489057818  IOPS:   374896  Throughput:  1464.4 MB/s  Total: 1865.61 GB
[ 1304.8s] IOs:    489158376  IOPS:   374896  Throughput:  1464.4 MB/s  Total: 1865.99 GB
[ 1305.1s] IOs:    489258778  IOPS:   374892  Throughput:  1464.4 MB/s  Total: 1866.37 GB
[ 1305.3s] IOs:    489359361  IOPS:   374896  Throughput:  1464.4 MB/s  Total: 1866.76 GB
[ 1305.6s] IOs:    489459967  IOPS:   374892  Throughput:  1464.4 MB/s  Total: 1867.14 GB
[ 1306.0s] IOs:    489560734  IOPS:   374848  Throughput:  1464.2 MB/s  Total: 1867.53 GB
[ 1306.3s] IOs:    489661326  IOPS:   374841  Throughput:  1464.2 MB/s  Total: 1867.91 GB
[ 1306.5s] IOs:    489761896  IOPS:   374851  Throughput:  1464.3 MB/s  Total: 1868.29 GB
[ 1306.8s] IOs:    489862625  IOPS:   374856  Throughput:  1464.3 MB/s  Total: 1868.68 GB
[ 1307.2s] IOs:    489963371  IOPS:   374826  Throughput:  1464.2 MB/s  Total: 1869.06 GB
[ 1307.5s] IOs:    490063467  IOPS:   374816  Throughput:  1464.1 MB/s  Total: 1869.44 GB
[ 1307.8s] IOs:    490163949  IOPS:   374807  Throughput:  1464.1 MB/s  Total: 1869.83 GB
[ 1308.0s] IOs:    490264765  IOPS:   374811  Throughput:  1464.1 MB/s  Total: 1870.21 GB
[ 1308.2s] IOs:    490365229  IOPS:   374827  Throughput:  1464.2 MB/s  Total: 1870.59 GB
[ 1308.7s] IOs:    490465904  IOPS:   374779  Throughput:  1464.0 MB/s  Total: 1870.98 GB
[ 1308.9s] IOs:    490566240  IOPS:   374791  Throughput:  1464.0 MB/s  Total: 1871.36 GB
[ 1309.1s] IOs:    490666799  IOPS:   374804  Throughput:  1464.1 MB/s  Total: 1871.75 GB
[ 1309.5s] IOs:    490767495  IOPS:   374778  Throughput:  1464.0 MB/s  Total: 1872.13 GB
[ 1309.8s] IOs:    490868303  IOPS:   374766  Throughput:  1463.9 MB/s  Total: 1872.51 GB
[ 1310.1s] IOs:    490969063  IOPS:   374768  Throughput:  1463.9 MB/s  Total: 1872.90 GB
[ 1310.5s] IOs:    491069985  IOPS:   374726  Throughput:  1463.8 MB/s  Total: 1873.28 GB
[ 1310.8s] IOs:    491170447  IOPS:   374706  Throughput:  1463.7 MB/s  Total: 1873.67 GB
[ 1311.1s] IOs:    491271271  IOPS:   374694  Throughput:  1463.6 MB/s  Total: 1874.05 GB
[ 1311.6s] IOs:    491371906  IOPS:   374635  Throughput:  1463.4 MB/s  Total: 1874.44 GB
[ 1311.8s] IOs:    491472592  IOPS:   374647  Throughput:  1463.5 MB/s  Total: 1874.82 GB
[ 1312.1s] IOs:    491572941  IOPS:   374635  Throughput:  1463.4 MB/s  Total: 1875.20 GB
[ 1312.6s] IOs:    491673837  IOPS:   374580  Throughput:  1463.2 MB/s  Total: 1875.59 GB
[ 1312.8s] IOs:    491774719  IOPS:   374595  Throughput:  1463.3 MB/s  Total: 1875.97 GB
[ 1313.1s] IOs:    491875351  IOPS:   374589  Throughput:  1463.2 MB/s  Total: 1876.36 GB
[ 1313.5s] IOs:    491976035  IOPS:   374566  Throughput:  1463.1 MB/s  Total: 1876.74 GB
[ 1313.7s] IOs:    492076551  IOPS:   374573  Throughput:  1463.2 MB/s  Total: 1877.12 GB
[ 1314.0s] IOs:    492177148  IOPS:   374566  Throughput:  1463.1 MB/s  Total: 1877.51 GB
[ 1314.2s] IOs:    492277381  IOPS:   374572  Throughput:  1463.2 MB/s  Total: 1877.89 GB
[ 1314.6s] IOs:    492378210  IOPS:   374541  Throughput:  1463.1 MB/s  Total: 1878.27 GB
[ 1314.8s] IOs:    492478825  IOPS:   374558  Throughput:  1463.1 MB/s  Total: 1878.66 GB
[ 1315.2s] IOs:    492579672  IOPS:   374516  Throughput:  1463.0 MB/s  Total: 1879.04 GB
[ 1315.5s] IOs:    492680377  IOPS:   374532  Throughput:  1463.0 MB/s  Total: 1879.43 GB
[ 1315.7s] IOs:    492781106  IOPS:   374544  Throughput:  1463.1 MB/s  Total: 1879.81 GB
[ 1316.1s] IOs:    492881788  IOPS:   374513  Throughput:  1462.9 MB/s  Total: 1880.19 GB
[ 1316.3s] IOs:    492982440  IOPS:   374529  Throughput:  1463.0 MB/s  Total: 1880.58 GB
[ 1316.7s] IOs:    493083340  IOPS:   374481  Throughput:  1462.8 MB/s  Total: 1880.96 GB
[ 1317.0s] IOs:    493184196  IOPS:   374483  Throughput:  1462.8 MB/s  Total: 1881.35 GB
[ 1317.2s] IOs:    493284845  IOPS:   374502  Throughput:  1462.9 MB/s  Total: 1881.73 GB
[ 1317.5s] IOs:    493385311  IOPS:   374479  Throughput:  1462.8 MB/s  Total: 1882.12 GB
[ 1317.7s] IOs:    493486234  IOPS:   374496  Throughput:  1462.9 MB/s  Total: 1882.50 GB
[ 1318.1s] IOs:    493586525  IOPS:   374456  Throughput:  1462.7 MB/s  Total: 1882.88 GB
[ 1318.4s] IOs:    493687197  IOPS:   374473  Throughput:  1462.8 MB/s  Total: 1883.27 GB
[ 1318.6s] IOs:    493787932  IOPS:   374478  Throughput:  1462.8 MB/s  Total: 1883.65 GB
[ 1318.8s] IOs:    493888469  IOPS:   374493  Throughput:  1462.9 MB/s  Total: 1884.03 GB
[ 1319.1s] IOs:    493989377  IOPS:   374487  Throughput:  1462.8 MB/s  Total: 1884.42 GB
[ 1319.3s] IOs:    494090088  IOPS:   374506  Throughput:  1462.9 MB/s  Total: 1884.80 GB
[ 1319.8s] IOs:    494190752  IOPS:   374446  Throughput:  1462.7 MB/s  Total: 1885.19 GB
[ 1320.0s] IOs:    494291511  IOPS:   374467  Throughput:  1462.8 MB/s  Total: 1885.57 GB
[ 1320.2s] IOs:    494392252  IOPS:   374492  Throughput:  1462.9 MB/s  Total: 1885.96 GB
[ 1320.6s] IOs:    494492626  IOPS:   374439  Throughput:  1462.7 MB/s  Total: 1886.34 GB
[ 1320.8s] IOs:    494593090  IOPS:   374466  Throughput:  1462.8 MB/s  Total: 1886.72 GB
[ 1321.1s] IOs:    494693927  IOPS:   374464  Throughput:  1462.8 MB/s  Total: 1887.11 GB
[ 1321.3s] IOs:    494794475  IOPS:   374487  Throughput:  1462.8 MB/s  Total: 1887.49 GB
[ 1321.6s] IOs:    494895093  IOPS:   374469  Throughput:  1462.8 MB/s  Total: 1887.87 GB
[ 1321.8s] IOs:    494995863  IOPS:   374492  Throughput:  1462.9 MB/s  Total: 1888.26 GB
[ 1322.1s] IOs:    495096416  IOPS:   374478  Throughput:  1462.8 MB/s  Total: 1888.64 GB
[ 1322.3s] IOs:    495197218  IOPS:   374501  Throughput:  1462.9 MB/s  Total: 1889.03 GB
[ 1322.6s] IOs:    495297776  IOPS:   374475  Throughput:  1462.8 MB/s  Total: 1889.41 GB
[ 1322.8s] IOs:    495398391  IOPS:   374502  Throughput:  1462.9 MB/s  Total: 1889.79 GB
[ 1323.1s] IOs:    495499023  IOPS:   374501  Throughput:  1462.9 MB/s  Total: 1890.18 GB
[ 1323.3s] IOs:    495599337  IOPS:   374528  Throughput:  1463.0 MB/s  Total: 1890.56 GB
[ 1323.5s] IOs:    495700029  IOPS:   374534  Throughput:  1463.0 MB/s  Total: 1890.95 GB
[ 1323.7s] IOs:    495800649  IOPS:   374559  Throughput:  1463.1 MB/s  Total: 1891.33 GB
[ 1324.0s] IOs:    495901249  IOPS:   374556  Throughput:  1463.1 MB/s  Total: 1891.71 GB
[ 1324.4s] IOs:    496002035  IOPS:   374498  Throughput:  1462.9 MB/s  Total: 1892.10 GB
[ 1324.6s] IOs:    496102583  IOPS:   374526  Throughput:  1463.0 MB/s  Total: 1892.48 GB
[ 1325.2s] IOs:    496203392  IOPS:   374442  Throughput:  1462.7 MB/s  Total: 1892.87 GB
[ 1325.6s] IOs:    496303717  IOPS:   374402  Throughput:  1462.5 MB/s  Total: 1893.25 GB
[ 1326.0s] IOs:    496404375  IOPS:   374357  Throughput:  1462.3 MB/s  Total: 1893.63 GB
[ 1326.2s] IOs:    496505157  IOPS:   374378  Throughput:  1462.4 MB/s  Total: 1894.02 GB
[ 1326.7s] IOs:    496605177  IOPS:   374325  Throughput:  1462.2 MB/s  Total: 1894.40 GB
[ 1327.0s] IOs:    496706140  IOPS:   374301  Throughput:  1462.1 MB/s  Total: 1894.78 GB
[ 1327.2s] IOs:    496806690  IOPS:   374325  Throughput:  1462.2 MB/s  Total: 1895.17 GB
[ 1328.1s] IOs:    496907491  IOPS:   374162  Throughput:  1461.6 MB/s  Total: 1895.55 GB
[ 1329.5s] IOs:    497008492  IOPS:   373827  Throughput:  1460.3 MB/s  Total: 1895.94 GB
[ 1330.5s] IOs:    497109434  IOPS:   373626  Throughput:  1459.5 MB/s  Total: 1896.32 GB
[ 1331.5s] IOs:    497209708  IOPS:   373426  Throughput:  1458.7 MB/s  Total: 1896.70 GB
[ 1332.3s] IOs:    497309771  IOPS:   373280  Throughput:  1458.1 MB/s  Total: 1897.09 GB
[ 1333.1s] IOs:    497410647  IOPS:   373130  Throughput:  1457.5 MB/s  Total: 1897.47 GB
[ 1333.7s] IOs:    497511373  IOPS:   373033  Throughput:  1457.2 MB/s  Total: 1897.86 GB
[ 1334.7s] IOs:    497612048  IOPS:   372841  Throughput:  1456.4 MB/s  Total: 1898.24 GB
[ 1335.2s] IOs:    497713092  IOPS:   372749  Throughput:  1456.1 MB/s  Total: 1898.62 GB
[ 1335.7s] IOs:    497813934  IOPS:   372702  Throughput:  1455.9 MB/s  Total: 1899.01 GB
[ 1336.5s] IOs:    497914438  IOPS:   372538  Throughput:  1455.2 MB/s  Total: 1899.39 GB
[ 1337.1s] IOs:    498014859  IOPS:   372450  Throughput:  1454.9 MB/s  Total: 1899.78 GB
[ 1337.6s] IOs:    498115496  IOPS:   372405  Throughput:  1454.7 MB/s  Total: 1900.16 GB
[ 1338.1s] IOs:    498215559  IOPS:   372330  Throughput:  1454.4 MB/s  Total: 1900.54 GB
[ 1338.6s] IOs:    498316364  IOPS:   372267  Throughput:  1454.2 MB/s  Total: 1900.93 GB
[ 1339.1s] IOs:    498416998  IOPS:   372204  Throughput:  1453.9 MB/s  Total: 1901.31 GB
[ 1339.5s] IOs:    498517388  IOPS:   372174  Throughput:  1453.8 MB/s  Total: 1901.69 GB
[ 1339.7s] IOs:    498617764  IOPS:   372179  Throughput:  1453.8 MB/s  Total: 1902.08 GB
[ 1340.5s] IOs:    498718778  IOPS:   372037  Throughput:  1453.3 MB/s  Total: 1902.46 GB
[ 1341.2s] IOs:    498819565  IOPS:   371920  Throughput:  1452.8 MB/s  Total: 1902.85 GB
[ 1341.8s] IOs:    498920236  IOPS:   371839  Throughput:  1452.5 MB/s  Total: 1903.23 GB
[ 1342.5s] IOs:    499021022  IOPS:   371702  Throughput:  1452.0 MB/s  Total: 1903.61 GB
[ 1343.1s] IOs:    499121686  IOPS:   371610  Throughput:  1451.6 MB/s  Total: 1904.00 GB
[ 1343.7s] IOs:    499222575  IOPS:   371541  Throughput:  1451.3 MB/s  Total: 1904.38 GB
[Reader] Parsed 71000000 lines, distributed 499309631 writes, unique 615.95 GB, skipped 0
[ 1344.4s] IOs:    499323557  IOPS:   371419  Throughput:  1450.9 MB/s  Total: 1904.77 GB
[ 1345.1s] IOs:    499424480  IOPS:   371293  Throughput:  1450.4 MB/s  Total: 1905.15 GB
[ 1345.6s] IOs:    499524997  IOPS:   371217  Throughput:  1450.1 MB/s  Total: 1905.54 GB
[ 1346.3s] IOs:    499625405  IOPS:   371121  Throughput:  1449.7 MB/s  Total: 1905.92 GB
[ 1347.1s] IOs:    499726199  IOPS:   370966  Throughput:  1449.1 MB/s  Total: 1906.30 GB
[ 1347.7s] IOs:    499827148  IOPS:   370876  Throughput:  1448.7 MB/s  Total: 1906.69 GB
[ 1348.1s] IOs:    499927772  IOPS:   370845  Throughput:  1448.6 MB/s  Total: 1907.07 GB
[ 1348.9s] IOs:    500028385  IOPS:   370700  Throughput:  1448.0 MB/s  Total: 1907.46 GB
[ 1349.1s] IOs:    500129002  IOPS:   370711  Throughput:  1448.1 MB/s  Total: 1907.84 GB
[ 1349.7s] IOs:    500229803  IOPS:   370614  Throughput:  1447.7 MB/s  Total: 1908.23 GB
[ 1350.1s] IOs:    500330724  IOPS:   370582  Throughput:  1447.6 MB/s  Total: 1908.61 GB
[ 1350.7s] IOs:    500430750  IOPS:   370501  Throughput:  1447.3 MB/s  Total: 1908.99 GB
[ 1351.3s] IOs:    500531526  IOPS:   370421  Throughput:  1447.0 MB/s  Total: 1909.38 GB
[ 1351.6s] IOs:    500632020  IOPS:   370388  Throughput:  1446.8 MB/s  Total: 1909.76 GB
[ 1352.1s] IOs:    500732866  IOPS:   370349  Throughput:  1446.7 MB/s  Total: 1910.14 GB
[ 1352.6s] IOs:    500832972  IOPS:   370269  Throughput:  1446.4 MB/s  Total: 1910.53 GB
[ 1353.3s] IOs:    500933969  IOPS:   370165  Throughput:  1446.0 MB/s  Total: 1910.91 GB
[ 1353.7s] IOs:    501034559  IOPS:   370135  Throughput:  1445.8 MB/s  Total: 1911.30 GB
[ 1354.3s] IOs:    501135110  IOPS:   370035  Throughput:  1445.4 MB/s  Total: 1911.68 GB
[ 1355.1s] IOs:    501235765  IOPS:   369899  Throughput:  1444.9 MB/s  Total: 1912.06 GB
[ 1355.5s] IOs:    501336561  IOPS:   369846  Throughput:  1444.7 MB/s  Total: 1912.45 GB
[ 1356.0s] IOs:    501437385  IOPS:   369784  Throughput:  1444.5 MB/s  Total: 1912.83 GB
[ 1356.5s] IOs:    501538171  IOPS:   369730  Throughput:  1444.3 MB/s  Total: 1913.22 GB
[ 1356.8s] IOs:    501638791  IOPS:   369720  Throughput:  1444.2 MB/s  Total: 1913.60 GB
[ 1357.2s] IOs:    501739016  IOPS:   369677  Throughput:  1444.1 MB/s  Total: 1913.98 GB
[ 1357.7s] IOs:    501839983  IOPS:   369613  Throughput:  1443.8 MB/s  Total: 1914.37 GB
[ 1358.2s] IOs:    501940843  IOPS:   369567  Throughput:  1443.6 MB/s  Total: 1914.75 GB
[ 1358.7s] IOs:    502041728  IOPS:   369505  Throughput:  1443.4 MB/s  Total: 1915.14 GB
[ 1359.0s] IOs:    502142145  IOPS:   369482  Throughput:  1443.3 MB/s  Total: 1915.52 GB
[ 1359.3s] IOs:    502242519  IOPS:   369493  Throughput:  1443.3 MB/s  Total: 1915.90 GB
[ 1359.8s] IOs:    502343489  IOPS:   369427  Throughput:  1443.1 MB/s  Total: 1916.29 GB
[ 1360.1s] IOs:    502444243  IOPS:   369426  Throughput:  1443.1 MB/s  Total: 1916.67 GB
[ 1360.3s] IOs:    502545032  IOPS:   369426  Throughput:  1443.1 MB/s  Total: 1917.06 GB
[ 1360.7s] IOs:    502645607  IOPS:   369397  Throughput:  1443.0 MB/s  Total: 1917.44 GB
[ 1361.1s] IOs:    502746219  IOPS:   369379  Throughput:  1442.9 MB/s  Total: 1917.82 GB
[ 1361.3s] IOs:    502846728  IOPS:   369390  Throughput:  1442.9 MB/s  Total: 1918.21 GB
[ 1361.6s] IOs:    502947717  IOPS:   369368  Throughput:  1442.8 MB/s  Total: 1918.59 GB
[ 1362.0s] IOs:    503048654  IOPS:   369350  Throughput:  1442.8 MB/s  Total: 1918.98 GB
[ 1362.2s] IOs:    503149211  IOPS:   369358  Throughput:  1442.8 MB/s  Total: 1919.36 GB
[ 1362.7s] IOs:    503249848  IOPS:   369298  Throughput:  1442.6 MB/s  Total: 1919.75 GB
[ 1363.0s] IOs:    503350488  IOPS:   369299  Throughput:  1442.6 MB/s  Total: 1920.13 GB
[ 1363.4s] IOs:    503451008  IOPS:   369250  Throughput:  1442.4 MB/s  Total: 1920.51 GB
[ 1363.7s] IOs:    503551800  IOPS:   369255  Throughput:  1442.4 MB/s  Total: 1920.90 GB
[ 1364.3s] IOs:    503652361  IOPS:   369179  Throughput:  1442.1 MB/s  Total: 1921.28 GB
[ 1364.6s] IOs:    503752882  IOPS:   369155  Throughput:  1442.0 MB/s  Total: 1921.66 GB
[ 1365.1s] IOs:    503853624  IOPS:   369101  Throughput:  1441.8 MB/s  Total: 1922.05 GB
[ 1365.3s] IOs:    503954416  IOPS:   369106  Throughput:  1441.8 MB/s  Total: 1922.43 GB
[ 1365.7s] IOs:    504055153  IOPS:   369077  Throughput:  1441.7 MB/s  Total: 1922.82 GB
[ 1366.2s] IOs:    504155947  IOPS:   369023  Throughput:  1441.5 MB/s  Total: 1923.20 GB
[ 1366.5s] IOs:    504256435  IOPS:   369014  Throughput:  1441.5 MB/s  Total: 1923.59 GB
[ 1366.8s] IOs:    504357217  IOPS:   368995  Throughput:  1441.4 MB/s  Total: 1923.97 GB
[ 1367.1s] IOs:    504457885  IOPS:   368998  Throughput:  1441.4 MB/s  Total: 1924.35 GB
[ 1367.4s] IOs:    504558449  IOPS:   369003  Throughput:  1441.4 MB/s  Total: 1924.74 GB
[ 1367.7s] IOs:    504659149  IOPS:   368990  Throughput:  1441.4 MB/s  Total: 1925.12 GB
[ 1368.0s] IOs:    504759983  IOPS:   368971  Throughput:  1441.3 MB/s  Total: 1925.51 GB
[ 1368.2s] IOs:    504860507  IOPS:   368986  Throughput:  1441.4 MB/s  Total: 1925.89 GB
[ 1368.6s] IOs:    504960539  IOPS:   368970  Throughput:  1441.3 MB/s  Total: 1926.27 GB
[ 1368.8s] IOs:    505061075  IOPS:   368983  Throughput:  1441.3 MB/s  Total: 1926.66 GB
[ 1369.1s] IOs:    505161772  IOPS:   368965  Throughput:  1441.3 MB/s  Total: 1927.04 GB
[ 1369.4s] IOs:    505262221  IOPS:   368971  Throughput:  1441.3 MB/s  Total: 1927.42 GB
[ 1369.7s] IOs:    505362415  IOPS:   368966  Throughput:  1441.3 MB/s  Total: 1927.80 GB
[ 1370.0s] IOs:    505462745  IOPS:   368957  Throughput:  1441.2 MB/s  Total: 1928.19 GB
[ 1370.3s] IOs:    505563187  IOPS:   368952  Throughput:  1441.2 MB/s  Total: 1928.57 GB
[ 1370.5s] IOs:    505663733  IOPS:   368962  Throughput:  1441.3 MB/s  Total: 1928.95 GB
[ 1370.8s] IOs:    505764582  IOPS:   368969  Throughput:  1441.3 MB/s  Total: 1929.34 GB
[ 1371.3s] IOs:    505865112  IOPS:   368896  Throughput:  1441.0 MB/s  Total: 1929.72 GB
[ 1371.7s] IOs:    505965661  IOPS:   368870  Throughput:  1440.9 MB/s  Total: 1930.11 GB
[ 1372.2s] IOs:    506066461  IOPS:   368798  Throughput:  1440.6 MB/s  Total: 1930.49 GB
[ 1372.5s] IOs:    506167190  IOPS:   368786  Throughput:  1440.6 MB/s  Total: 1930.87 GB
[ 1372.8s] IOs:    506267827  IOPS:   368792  Throughput:  1440.6 MB/s  Total: 1931.26 GB
[ 1373.2s] IOs:    506368694  IOPS:   368740  Throughput:  1440.4 MB/s  Total: 1931.64 GB
[ 1382.0s] IOs:    506469391  IOPS:   366468  Throughput:  1431.5 MB/s  Total: 1932.03 GB
[ 1383.5s] IOs:    506569589  IOPS:   366152  Throughput:  1430.3 MB/s  Total: 1932.41 GB
[ 1384.6s] IOs:    506670509  IOPS:   365932  Throughput:  1429.4 MB/s  Total: 1932.79 GB
[ 1385.7s] IOs:    506771429  IOPS:   365725  Throughput:  1428.6 MB/s  Total: 1933.18 GB
[ 1386.6s] IOs:    506872087  IOPS:   365538  Throughput:  1427.9 MB/s  Total: 1933.56 GB
[ 1387.6s] IOs:    506972228  IOPS:   365360  Throughput:  1427.2 MB/s  Total: 1933.95 GB
[ 1388.6s] IOs:    507072935  IOPS:   365177  Throughput:  1426.5 MB/s  Total: 1934.33 GB
[ 1389.4s] IOs:    507173738  IOPS:   365038  Throughput:  1425.9 MB/s  Total: 1934.71 GB
[ 1390.1s] IOs:    507274690  IOPS:   364915  Throughput:  1425.4 MB/s  Total: 1935.10 GB
[ 1390.7s] IOs:    507374691  IOPS:   364830  Throughput:  1425.1 MB/s  Total: 1935.48 GB
[ 1391.5s] IOs:    507475334  IOPS:   364686  Throughput:  1424.6 MB/s  Total: 1935.86 GB
[ 1392.1s] IOs:    507575458  IOPS:   364601  Throughput:  1424.2 MB/s  Total: 1936.25 GB
[ 1392.6s] IOs:    507676476  IOPS:   364547  Throughput:  1424.0 MB/s  Total: 1936.63 GB
[ 1393.1s] IOs:    507777411  IOPS:   364482  Throughput:  1423.8 MB/s  Total: 1937.02 GB
[ 1393.7s] IOs:    507878164  IOPS:   364398  Throughput:  1423.4 MB/s  Total: 1937.40 GB
[ 1394.1s] IOs:    507979109  IOPS:   364373  Throughput:  1423.3 MB/s  Total: 1937.79 GB
[ 1394.7s] IOs:    508079721  IOPS:   364288  Throughput:  1423.0 MB/s  Total: 1938.17 GB
[ 1395.2s] IOs:    508180515  IOPS:   364239  Throughput:  1422.8 MB/s  Total: 1938.55 GB
[ 1395.6s] IOs:    508280909  IOPS:   364206  Throughput:  1422.7 MB/s  Total: 1938.94 GB
[ 1396.1s] IOs:    508381485  IOPS:   364145  Throughput:  1422.4 MB/s  Total: 1939.32 GB
[ 1396.5s] IOs:    508482226  IOPS:   364106  Throughput:  1422.3 MB/s  Total: 1939.71 GB
[ 1396.9s] IOs:    508583015  IOPS:   364080  Throughput:  1422.2 MB/s  Total: 1940.09 GB
[ 1397.3s] IOs:    508683817  IOPS:   364053  Throughput:  1422.1 MB/s  Total: 1940.47 GB
[ 1397.9s] IOs:    508784452  IOPS:   363968  Throughput:  1421.8 MB/s  Total: 1940.86 GB
[ 1398.1s] IOs:    508885060  IOPS:   363974  Throughput:  1421.8 MB/s  Total: 1941.24 GB
[ 1398.7s] IOs:    508985613  IOPS:   363902  Throughput:  1421.5 MB/s  Total: 1941.63 GB
[ 1399.1s] IOs:    509086132  IOPS:   363880  Throughput:  1421.4 MB/s  Total: 1942.01 GB
[ 1399.3s] IOs:    509186684  IOPS:   363890  Throughput:  1421.4 MB/s  Total: 1942.39 GB
[ 1399.8s] IOs:    509287306  IOPS:   363816  Throughput:  1421.2 MB/s  Total: 1942.78 GB
[ 1400.2s] IOs:    509387917  IOPS:   363796  Throughput:  1421.1 MB/s  Total: 1943.16 GB
[ 1400.5s] IOs:    509488525  IOPS:   363779  Throughput:  1421.0 MB/s  Total: 1943.54 GB
[ 1400.9s] IOs:    509589382  IOPS:   363768  Throughput:  1421.0 MB/s  Total: 1943.93 GB
[ 1401.2s] IOs:    509690206  IOPS:   363740  Throughput:  1420.9 MB/s  Total: 1944.31 GB
[ 1401.6s] IOs:    509790671  IOPS:   363728  Throughput:  1420.8 MB/s  Total: 1944.70 GB
[ 1402.2s] IOs:    509891297  IOPS:   363648  Throughput:  1420.5 MB/s  Total: 1945.08 GB
[ 1402.6s] IOs:    509992119  IOPS:   363606  Throughput:  1420.3 MB/s  Total: 1945.47 GB
[ 1402.9s] IOs:    510092654  IOPS:   363610  Throughput:  1420.4 MB/s  Total: 1945.85 GB
[ 1403.5s] IOs:    510193306  IOPS:   363521  Throughput:  1420.0 MB/s  Total: 1946.23 GB
[ 1403.8s] IOs:    510293882  IOPS:   363520  Throughput:  1420.0 MB/s  Total: 1946.62 GB
[ 1404.2s] IOs:    510394645  IOPS:   363468  Throughput:  1419.8 MB/s  Total: 1947.00 GB
[ 1404.7s] IOs:    510495336  IOPS:   363423  Throughput:  1419.6 MB/s  Total: 1947.39 GB
[ 1405.1s] IOs:    510595759  IOPS:   363394  Throughput:  1419.5 MB/s  Total: 1947.77 GB
[ 1405.4s] IOs:    510696201  IOPS:   363390  Throughput:  1419.5 MB/s  Total: 1948.15 GB
[ 1405.7s] IOs:    510796977  IOPS:   363368  Throughput:  1419.4 MB/s  Total: 1948.54 GB
[ 1406.2s] IOs:    510897457  IOPS:   363316  Throughput:  1419.2 MB/s  Total: 1948.92 GB
[Reader] Parsed 72000000 lines, distributed 510944624 writes, unique 626.06 GB, skipped 0
[ 1406.4s] IOs:    510998273  IOPS:   363330  Throughput:  1419.3 MB/s  Total: 1949.30 GB
[ 1406.8s] IOs:    511099070  IOPS:   363299  Throughput:  1419.1 MB/s  Total: 1949.69 GB
[ 1407.2s] IOs:    511199737  IOPS:   363282  Throughput:  1419.1 MB/s  Total: 1950.07 GB
[ 1407.4s] IOs:    511300285  IOPS:   363290  Throughput:  1419.1 MB/s  Total: 1950.46 GB
[ 1407.8s] IOs:    511400958  IOPS:   363260  Throughput:  1419.0 MB/s  Total: 1950.84 GB
[ 1408.2s] IOs:    511501647  IOPS:   363240  Throughput:  1418.9 MB/s  Total: 1951.22 GB
[ 1408.4s] IOs:    511602164  IOPS:   363249  Throughput:  1418.9 MB/s  Total: 1951.61 GB
[ 1408.8s] IOs:    511702800  IOPS:   363227  Throughput:  1418.9 MB/s  Total: 1951.99 GB
[ 1409.3s] IOs:    511803741  IOPS:   363168  Throughput:  1418.6 MB/s  Total: 1952.38 GB
[ 1409.5s] IOs:    511904580  IOPS:   363177  Throughput:  1418.7 MB/s  Total: 1952.76 GB
[ 1409.7s] IOs:    512005025  IOPS:   363190  Throughput:  1418.7 MB/s  Total: 1953.14 GB
[ 1410.1s] IOs:    512105683  IOPS:   363165  Throughput:  1418.6 MB/s  Total: 1953.53 GB
[ 1410.3s] IOs:    512206475  IOPS:   363179  Throughput:  1418.7 MB/s  Total: 1953.91 GB
[ 1410.7s] IOs:    512306900  IOPS:   363159  Throughput:  1418.6 MB/s  Total: 1954.30 GB
[ 1410.9s] IOs:    512407376  IOPS:   363172  Throughput:  1418.6 MB/s  Total: 1954.68 GB
[ 1411.3s] IOs:    512508208  IOPS:   363157  Throughput:  1418.6 MB/s  Total: 1955.06 GB
[ 1411.6s] IOs:    512609132  IOPS:   363146  Throughput:  1418.5 MB/s  Total: 1955.45 GB
[ 1411.9s] IOs:    512709911  IOPS:   363146  Throughput:  1418.5 MB/s  Total: 1955.83 GB
[ 1412.1s] IOs:    512810239  IOPS:   363155  Throughput:  1418.6 MB/s  Total: 1956.22 GB
[ 1412.3s] IOs:    512910634  IOPS:   363169  Throughput:  1418.6 MB/s  Total: 1956.60 GB
[ 1412.7s] IOs:    513011276  IOPS:   363142  Throughput:  1418.5 MB/s  Total: 1956.98 GB
[ 1413.0s] IOs:    513111746  IOPS:   363144  Throughput:  1418.5 MB/s  Total: 1957.37 GB
[ 1413.2s] IOs:    513212336  IOPS:   363148  Throughput:  1418.5 MB/s  Total: 1957.75 GB
[ 1413.5s] IOs:    513312651  IOPS:   363160  Throughput:  1418.6 MB/s  Total: 1958.13 GB
[ 1413.7s] IOs:    513413186  IOPS:   363159  Throughput:  1418.6 MB/s  Total: 1958.52 GB
[ 1414.0s] IOs:    513514015  IOPS:   363169  Throughput:  1418.6 MB/s  Total: 1958.90 GB
[ 1414.3s] IOs:    513614563  IOPS:   363151  Throughput:  1418.6 MB/s  Total: 1959.28 GB
[ 1414.6s] IOs:    513715476  IOPS:   363160  Throughput:  1418.6 MB/s  Total: 1959.67 GB
[ 1414.8s] IOs:    513815596  IOPS:   363174  Throughput:  1418.6 MB/s  Total: 1960.05 GB
[ 1415.0s] IOs:    513916190  IOPS:   363185  Throughput:  1418.7 MB/s  Total: 1960.43 GB
[ 1415.4s] IOs:    514017072  IOPS:   363161  Throughput:  1418.6 MB/s  Total: 1960.82 GB
[ 1415.7s] IOs:    514117656  IOPS:   363165  Throughput:  1418.6 MB/s  Total: 1961.20 GB
[ 1415.9s] IOs:    514218447  IOPS:   363169  Throughput:  1418.6 MB/s  Total: 1961.59 GB
[ 1416.2s] IOs:    514319127  IOPS:   363175  Throughput:  1418.7 MB/s  Total: 1961.97 GB
[ 1416.4s] IOs:    514419915  IOPS:   363182  Throughput:  1418.7 MB/s  Total: 1962.36 GB
[ 1416.7s] IOs:    514520647  IOPS:   363185  Throughput:  1418.7 MB/s  Total: 1962.74 GB
[ 1417.1s] IOs:    514620899  IOPS:   363146  Throughput:  1418.5 MB/s  Total: 1963.12 GB
[ 1417.3s] IOs:    514721575  IOPS:   363160  Throughput:  1418.6 MB/s  Total: 1963.51 GB
[ 1417.9s] IOs:    514822103  IOPS:   363092  Throughput:  1418.3 MB/s  Total: 1963.89 GB
[ 1418.2s] IOs:    514922867  IOPS:   363077  Throughput:  1418.3 MB/s  Total: 1964.27 GB
[ 1418.4s] IOs:    515023768  IOPS:   363092  Throughput:  1418.3 MB/s  Total: 1964.66 GB
[ 1419.0s] IOs:    515124033  IOPS:   363015  Throughput:  1418.0 MB/s  Total: 1965.04 GB
[ 1419.3s] IOs:    515224958  IOPS:   363023  Throughput:  1418.1 MB/s  Total: 1965.43 GB
[ 1419.6s] IOs:    515325687  IOPS:   362995  Throughput:  1418.0 MB/s  Total: 1965.81 GB
[ 1419.9s] IOs:    515426176  IOPS:   362994  Throughput:  1417.9 MB/s  Total: 1966.19 GB
[ 1420.2s] IOs:    515526690  IOPS:   362987  Throughput:  1417.9 MB/s  Total: 1966.58 GB
[ 1420.5s] IOs:    515627304  IOPS:   362994  Throughput:  1417.9 MB/s  Total: 1966.96 GB
[ 1420.8s] IOs:    515727969  IOPS:   362973  Throughput:  1417.9 MB/s  Total: 1967.35 GB
[ 1421.3s] IOs:    515828639  IOPS:   362934  Throughput:  1417.7 MB/s  Total: 1967.73 GB
[ 1421.5s] IOs:    515929102  IOPS:   362949  Throughput:  1417.8 MB/s  Total: 1968.11 GB
[ 1421.8s] IOs:    516029649  IOPS:   362951  Throughput:  1417.8 MB/s  Total: 1968.50 GB
[ 1422.0s] IOs:    516130321  IOPS:   362958  Throughput:  1417.8 MB/s  Total: 1968.88 GB
[ 1422.4s] IOs:    516230816  IOPS:   362934  Throughput:  1417.7 MB/s  Total: 1969.26 GB
[ 1422.7s] IOs:    516331394  IOPS:   362927  Throughput:  1417.7 MB/s  Total: 1969.65 GB
[ 1422.9s] IOs:    516431951  IOPS:   362944  Throughput:  1417.7 MB/s  Total: 1970.03 GB
[ 1423.2s] IOs:    516532642  IOPS:   362929  Throughput:  1417.7 MB/s  Total: 1970.42 GB
[ 1423.5s] IOs:    516633365  IOPS:   362943  Throughput:  1417.7 MB/s  Total: 1970.80 GB
[ 1423.8s] IOs:    516733906  IOPS:   362937  Throughput:  1417.7 MB/s  Total: 1971.18 GB
[ 1424.3s] IOs:    516834810  IOPS:   362877  Throughput:  1417.5 MB/s  Total: 1971.57 GB
[ 1424.8s] IOs:    516935631  IOPS:   362811  Throughput:  1417.2 MB/s  Total: 1971.95 GB
[ 1425.3s] IOs:    517036469  IOPS:   362759  Throughput:  1417.0 MB/s  Total: 1972.34 GB
[ 1425.7s] IOs:    517137267  IOPS:   362727  Throughput:  1416.9 MB/s  Total: 1972.72 GB
[ 1426.0s] IOs:    517238179  IOPS:   362727  Throughput:  1416.9 MB/s  Total: 1973.11 GB
[ 1426.5s] IOs:    517338859  IOPS:   362672  Throughput:  1416.7 MB/s  Total: 1973.49 GB
[ 1426.8s] IOs:    517439694  IOPS:   362661  Throughput:  1416.6 MB/s  Total: 1973.88 GB
[ 1427.3s] IOs:    517540407  IOPS:   362606  Throughput:  1416.4 MB/s  Total: 1974.26 GB
[ 1427.5s] IOs:    517641232  IOPS:   362620  Throughput:  1416.5 MB/s  Total: 1974.64 GB
[ 1427.9s] IOs:    517742020  IOPS:   362600  Throughput:  1416.4 MB/s  Total: 1975.03 GB
[ 1428.4s] IOs:    517842887  IOPS:   362541  Throughput:  1416.2 MB/s  Total: 1975.41 GB
[ 1428.7s] IOs:    517943474  IOPS:   362528  Throughput:  1416.1 MB/s  Total: 1975.80 GB
[ 1429.1s] IOs:    518044185  IOPS:   362505  Throughput:  1416.0 MB/s  Total: 1976.18 GB
[ 1429.3s] IOs:    518144957  IOPS:   362507  Throughput:  1416.0 MB/s  Total: 1976.57 GB
[ 1429.7s] IOs:    518245519  IOPS:   362477  Throughput:  1415.9 MB/s  Total: 1976.95 GB
[ 1429.9s] IOs:    518346182  IOPS:   362494  Throughput:  1416.0 MB/s  Total: 1977.33 GB
[ 1430.3s] IOs:    518446916  IOPS:   362482  Throughput:  1415.9 MB/s  Total: 1977.72 GB
[ 1430.5s] IOs:    518547542  IOPS:   362496  Throughput:  1416.0 MB/s  Total: 1978.10 GB
[ 1430.9s] IOs:    518648561  IOPS:   362470  Throughput:  1415.9 MB/s  Total: 1978.49 GB
[ 1431.1s] IOs:    518749316  IOPS:   362488  Throughput:  1416.0 MB/s  Total: 1978.87 GB
[ 1431.4s] IOs:    518849786  IOPS:   362483  Throughput:  1415.9 MB/s  Total: 1979.25 GB
[ 1431.8s] IOs:    518950427  IOPS:   362455  Throughput:  1415.8 MB/s  Total: 1979.64 GB
[ 1432.1s] IOs:    519050843  IOPS:   362451  Throughput:  1415.8 MB/s  Total: 1980.02 GB
[ 1432.3s] IOs:    519151703  IOPS:   362470  Throughput:  1415.9 MB/s  Total: 1980.41 GB
[ 1432.5s] IOs:    519252184  IOPS:   362482  Throughput:  1415.9 MB/s  Total: 1980.79 GB
[ 1432.9s] IOs:    519353062  IOPS:   362446  Throughput:  1415.8 MB/s  Total: 1981.17 GB
[ 1433.2s] IOs:    519453790  IOPS:   362446  Throughput:  1415.8 MB/s  Total: 1981.56 GB
[ 1433.4s] IOs:    519554482  IOPS:   362459  Throughput:  1415.9 MB/s  Total: 1981.94 GB
[ 1433.7s] IOs:    519655098  IOPS:   362447  Throughput:  1415.8 MB/s  Total: 1982.33 GB
[ 1434.0s] IOs:    519755737  IOPS:   362463  Throughput:  1415.9 MB/s  Total: 1982.71 GB
[ 1434.3s] IOs:    519856526  IOPS:   362454  Throughput:  1415.8 MB/s  Total: 1983.10 GB
[ 1434.5s] IOs:    519957150  IOPS:   362462  Throughput:  1415.9 MB/s  Total: 1983.48 GB
[ 1434.8s] IOs:    520057785  IOPS:   362450  Throughput:  1415.8 MB/s  Total: 1983.86 GB
[ 1435.2s] IOs:    520158115  IOPS:   362432  Throughput:  1415.8 MB/s  Total: 1984.25 GB
[ 1435.4s] IOs:    520258698  IOPS:   362437  Throughput:  1415.8 MB/s  Total: 1984.63 GB
[ 1435.8s] IOs:    520359297  IOPS:   362428  Throughput:  1415.7 MB/s  Total: 1985.01 GB
[ 1436.0s] IOs:    520459740  IOPS:   362448  Throughput:  1415.8 MB/s  Total: 1985.40 GB
[ 1436.4s] IOs:    520560210  IOPS:   362403  Throughput:  1415.6 MB/s  Total: 1985.78 GB
[ 1436.6s] IOs:    520661173  IOPS:   362421  Throughput:  1415.7 MB/s  Total: 1986.16 GB
[ 1436.9s] IOs:    520761840  IOPS:   362430  Throughput:  1415.7 MB/s  Total: 1986.55 GB
[ 1437.3s] IOs:    520862218  IOPS:   362399  Throughput:  1415.6 MB/s  Total: 1986.93 GB
[ 1437.6s] IOs:    520962467  IOPS:   362376  Throughput:  1415.5 MB/s  Total: 1987.31 GB
[ 1437.8s] IOs:    521062613  IOPS:   362392  Throughput:  1415.6 MB/s  Total: 1987.70 GB
[ 1438.3s] IOs:    521163513  IOPS:   362349  Throughput:  1415.4 MB/s  Total: 1988.08 GB
[ 1438.5s] IOs:    521264179  IOPS:   362359  Throughput:  1415.5 MB/s  Total: 1988.47 GB
[ 1438.8s] IOs:    521364921  IOPS:   362361  Throughput:  1415.5 MB/s  Total: 1988.85 GB
[ 1439.0s] IOs:    521465558  IOPS:   362371  Throughput:  1415.5 MB/s  Total: 1989.23 GB
[ 1439.4s] IOs:    521566101  IOPS:   362357  Throughput:  1415.5 MB/s  Total: 1989.62 GB
[Reader] Parsed 73000000 lines, distributed 521574443 writes, unique 635.57 GB, skipped 0
[ 1439.7s] IOs:    521666866  IOPS:   362350  Throughput:  1415.4 MB/s  Total: 1990.00 GB
[ 1440.0s] IOs:    521767416  IOPS:   362345  Throughput:  1415.4 MB/s  Total: 1990.38 GB
[ 1440.2s] IOs:    521868020  IOPS:   362357  Throughput:  1415.5 MB/s  Total: 1990.77 GB
[ 1440.4s] IOs:    521968796  IOPS:   362369  Throughput:  1415.5 MB/s  Total: 1991.15 GB
[ 1440.7s] IOs:    522069437  IOPS:   362373  Throughput:  1415.5 MB/s  Total: 1991.54 GB
[ 1441.0s] IOs:    522169917  IOPS:   362365  Throughput:  1415.5 MB/s  Total: 1991.92 GB
[ 1441.3s] IOs:    522270444  IOPS:   362372  Throughput:  1415.5 MB/s  Total: 1992.30 GB
[ 1441.5s] IOs:    522371145  IOPS:   362388  Throughput:  1415.6 MB/s  Total: 1992.69 GB
[ 1441.9s] IOs:    522472003  IOPS:   362342  Throughput:  1415.4 MB/s  Total: 1993.07 GB
[ 1442.1s] IOs:    522572369  IOPS:   362360  Throughput:  1415.5 MB/s  Total: 1993.46 GB
[ 1442.4s] IOs:    522673140  IOPS:   362370  Throughput:  1415.5 MB/s  Total: 1993.84 GB
[ 1442.7s] IOs:    522773854  IOPS:   362361  Throughput:  1415.5 MB/s  Total: 1994.22 GB
[ 1442.9s] IOs:    522874288  IOPS:   362384  Throughput:  1415.6 MB/s  Total: 1994.61 GB
[ 1443.2s] IOs:    522974924  IOPS:   362370  Throughput:  1415.5 MB/s  Total: 1994.99 GB
[ 1443.4s] IOs:    523075647  IOPS:   362381  Throughput:  1415.6 MB/s  Total: 1995.38 GB
[ 1443.7s] IOs:    523176383  IOPS:   362387  Throughput:  1415.6 MB/s  Total: 1995.76 GB
[ 1443.9s] IOs:    523277258  IOPS:   362407  Throughput:  1415.7 MB/s  Total: 1996.14 GB
[ 1444.2s] IOs:    523378052  IOPS:   362406  Throughput:  1415.6 MB/s  Total: 1996.53 GB
[ 1444.3s] IOs:    523478100  IOPS:   362433  Throughput:  1415.8 MB/s  Total: 1996.91 GB
[ 1444.5s] IOs:    523578905  IOPS:   362460  Throughput:  1415.9 MB/s  Total: 1997.30 GB
[ 1444.8s] IOs:    523679449  IOPS:   362455  Throughput:  1415.8 MB/s  Total: 1997.68 GB
[ 1445.0s] IOs:    523779980  IOPS:   362476  Throughput:  1415.9 MB/s  Total: 1998.06 GB
[ 1445.5s] IOs:    523880698  IOPS:   362429  Throughput:  1415.7 MB/s  Total: 1998.45 GB
[ 1445.7s] IOs:    523981417  IOPS:   362453  Throughput:  1415.8 MB/s  Total: 1998.83 GB
[ 1445.8s] IOs:    524082134  IOPS:   362478  Throughput:  1415.9 MB/s  Total: 1999.21 GB
[ 1446.0s] IOs:    524182573  IOPS:   362504  Throughput:  1416.0 MB/s  Total: 1999.60 GB
[ 1446.4s] IOs:    524283115  IOPS:   362480  Throughput:  1415.9 MB/s  Total: 1999.98 GB
[ 1446.5s] IOs:    524383976  IOPS:   362507  Throughput:  1416.0 MB/s  Total: 2000.37 GB
[ 1446.9s] IOs:    524484613  IOPS:   362500  Throughput:  1416.0 MB/s  Total: 2000.75 GB
[ 1447.0s] IOs:    524585145  IOPS:   362525  Throughput:  1416.1 MB/s  Total: 2001.13 GB
[ 1447.3s] IOs:    524685651  IOPS:   362519  Throughput:  1416.1 MB/s  Total: 2001.52 GB
[ 1447.5s] IOs:    524786120  IOPS:   362542  Throughput:  1416.2 MB/s  Total: 2001.90 GB
[ 1447.8s] IOs:    524886631  IOPS:   362543  Throughput:  1416.2 MB/s  Total: 2002.28 GB
[ 1448.0s] IOs:    524987243  IOPS:   362568  Throughput:  1416.3 MB/s  Total: 2002.67 GB
[ 1448.2s] IOs:    525087746  IOPS:   362568  Throughput:  1416.3 MB/s  Total: 2003.05 GB
[ 1448.4s] IOs:    525188303  IOPS:   362595  Throughput:  1416.4 MB/s  Total: 2003.43 GB
[ 1448.9s] IOs:    525289222  IOPS:   362546  Throughput:  1416.2 MB/s  Total: 2003.82 GB
[ 1449.1s] IOs:    525390139  IOPS:   362571  Throughput:  1416.3 MB/s  Total: 2004.20 GB
[ 1449.3s] IOs:    525490963  IOPS:   362579  Throughput:  1416.3 MB/s  Total: 2004.59 GB
[ 1449.5s] IOs:    525591195  IOPS:   362603  Throughput:  1416.4 MB/s  Total: 2004.97 GB
[ 1449.9s] IOs:    525691202  IOPS:   362560  Throughput:  1416.2 MB/s  Total: 2005.35 GB
[ 1450.1s] IOs:    525791982  IOPS:   362585  Throughput:  1416.3 MB/s  Total: 2005.74 GB
[ 1450.4s] IOs:    525892487  IOPS:   362576  Throughput:  1416.3 MB/s  Total: 2006.12 GB
[ 1450.6s] IOs:    525993162  IOPS:   362600  Throughput:  1416.4 MB/s  Total: 2006.50 GB
[ 1450.9s] IOs:    526093522  IOPS:   362599  Throughput:  1416.4 MB/s  Total: 2006.89 GB
[ 1451.1s] IOs:    526194459  IOPS:   362623  Throughput:  1416.5 MB/s  Total: 2007.27 GB
[ 1451.4s] IOs:    526295089  IOPS:   362606  Throughput:  1416.4 MB/s  Total: 2007.66 GB
[ 1451.6s] IOs:    526395155  IOPS:   362631  Throughput:  1416.5 MB/s  Total: 2008.04 GB
[ 1451.8s] IOs:    526496012  IOPS:   362639  Throughput:  1416.6 MB/s  Total: 2008.42 GB
[ 1452.0s] IOs:    526596678  IOPS:   362664  Throughput:  1416.7 MB/s  Total: 2008.81 GB
[ 1452.3s] IOs:    526696851  IOPS:   362662  Throughput:  1416.6 MB/s  Total: 2009.19 GB
[ 1452.5s] IOs:    526797383  IOPS:   362686  Throughput:  1416.7 MB/s  Total: 2009.57 GB
[ 1452.7s] IOs:    526897953  IOPS:   362693  Throughput:  1416.8 MB/s  Total: 2009.96 GB
[ 1453.0s] IOs:    526998611  IOPS:   362708  Throughput:  1416.8 MB/s  Total: 2010.34 GB
[ 1453.2s] IOs:    527099278  IOPS:   362729  Throughput:  1416.9 MB/s  Total: 2010.72 GB
[ 1453.3s] IOs:    527199796  IOPS:   362749  Throughput:  1417.0 MB/s  Total: 2011.11 GB
[ 1453.5s] IOs:    527300553  IOPS:   362769  Throughput:  1417.1 MB/s  Total: 2011.49 GB
[ 1453.8s] IOs:    527401251  IOPS:   362778  Throughput:  1417.1 MB/s  Total: 2011.88 GB
[ 1454.0s] IOs:    527501747  IOPS:   362803  Throughput:  1417.2 MB/s  Total: 2012.26 GB
[ 1454.1s] IOs:    527602058  IOPS:   362828  Throughput:  1417.3 MB/s  Total: 2012.64 GB
[ 1454.4s] IOs:    527702654  IOPS:   362832  Throughput:  1417.3 MB/s  Total: 2013.03 GB
[ 1454.7s] IOs:    527803366  IOPS:   362818  Throughput:  1417.3 MB/s  Total: 2013.41 GB
[ 1454.9s] IOs:    527903885  IOPS:   362842  Throughput:  1417.3 MB/s  Total: 2013.79 GB
[ 1455.3s] IOs:    528004493  IOPS:   362820  Throughput:  1417.3 MB/s  Total: 2014.18 GB
[ 1455.5s] IOs:    528105431  IOPS:   362841  Throughput:  1417.3 MB/s  Total: 2014.56 GB
[ 1455.7s] IOs:    528205895  IOPS:   362842  Throughput:  1417.4 MB/s  Total: 2014.95 GB
[ 1456.0s] IOs:    528306307  IOPS:   362859  Throughput:  1417.4 MB/s  Total: 2015.33 GB
[ 1456.2s] IOs:    528406694  IOPS:   362874  Throughput:  1417.5 MB/s  Total: 2015.71 GB
[ 1456.4s] IOs:    528507669  IOPS:   362885  Throughput:  1417.5 MB/s  Total: 2016.10 GB
[ 1456.6s] IOs:    528608323  IOPS:   362905  Throughput:  1417.6 MB/s  Total: 2016.48 GB
[ 1456.9s] IOs:    528708943  IOPS:   362898  Throughput:  1417.6 MB/s  Total: 2016.86 GB
[ 1457.1s] IOs:    528809736  IOPS:   362918  Throughput:  1417.6 MB/s  Total: 2017.25 GB
[ 1457.3s] IOs:    528910457  IOPS:   362932  Throughput:  1417.7 MB/s  Total: 2017.63 GB
[ 1457.5s] IOs:    529010926  IOPS:   362956  Throughput:  1417.8 MB/s  Total: 2018.02 GB
[ 1457.9s] IOs:    529111532  IOPS:   362939  Throughput:  1417.7 MB/s  Total: 2018.40 GB
[ 1458.1s] IOs:    529211863  IOPS:   362958  Throughput:  1417.8 MB/s  Total: 2018.78 GB
[ 1458.4s] IOs:    529312250  IOPS:   362953  Throughput:  1417.8 MB/s  Total: 2019.17 GB
[ 1458.5s] IOs:    529413190  IOPS:   362975  Throughput:  1417.9 MB/s  Total: 2019.55 GB
[ 1458.8s] IOs:    529513945  IOPS:   362983  Throughput:  1417.9 MB/s  Total: 2019.94 GB
[ 1459.0s] IOs:    529614723  IOPS:   363002  Throughput:  1418.0 MB/s  Total: 2020.32 GB
[ 1459.2s] IOs:    529715233  IOPS:   363016  Throughput:  1418.0 MB/s  Total: 2020.70 GB
[ 1459.4s] IOs:    529815569  IOPS:   363038  Throughput:  1418.1 MB/s  Total: 2021.09 GB
[ 1459.6s] IOs:    529916329  IOPS:   363060  Throughput:  1418.2 MB/s  Total: 2021.47 GB
[ 1459.8s] IOs:    530016847  IOPS:   363072  Throughput:  1418.3 MB/s  Total: 2021.85 GB
[ 1460.0s] IOs:    530117300  IOPS:   363096  Throughput:  1418.3 MB/s  Total: 2022.24 GB
[ 1460.2s] IOs:    530217730  IOPS:   363119  Throughput:  1418.4 MB/s  Total: 2022.62 GB
[ 1460.4s] IOs:    530318159  IOPS:   363134  Throughput:  1418.5 MB/s  Total: 2023.00 GB
[ 1460.6s] IOs:    530418825  IOPS:   363156  Throughput:  1418.6 MB/s  Total: 2023.39 GB
[ 1460.8s] IOs:    530519852  IOPS:   363171  Throughput:  1418.6 MB/s  Total: 2023.77 GB
[ 1461.0s] IOs:    530620328  IOPS:   363192  Throughput:  1418.7 MB/s  Total: 2024.16 GB
[ 1461.2s] IOs:    530720952  IOPS:   363214  Throughput:  1418.8 MB/s  Total: 2024.54 GB
[ 1461.4s] IOs:    530821313  IOPS:   363234  Throughput:  1418.9 MB/s  Total: 2024.92 GB
[ 1461.6s] IOs:    530922185  IOPS:   363245  Throughput:  1418.9 MB/s  Total: 2025.31 GB
[ 1461.8s] IOs:    531022854  IOPS:   363270  Throughput:  1419.0 MB/s  Total: 2025.69 GB
[ 1462.0s] IOs:    531123557  IOPS:   363295  Throughput:  1419.1 MB/s  Total: 2026.08 GB
[ 1462.1s] IOs:    531223849  IOPS:   363317  Throughput:  1419.2 MB/s  Total: 2026.46 GB
[ 1462.4s] IOs:    531324502  IOPS:   363329  Throughput:  1419.3 MB/s  Total: 2026.84 GB
[ 1462.6s] IOs:    531424608  IOPS:   363351  Throughput:  1419.3 MB/s  Total: 2027.22 GB
[ 1462.7s] IOs:    531525365  IOPS:   363374  Throughput:  1419.4 MB/s  Total: 2027.61 GB
[ 1462.9s] IOs:    531626171  IOPS:   363397  Throughput:  1419.5 MB/s  Total: 2027.99 GB
[ 1463.2s] IOs:    531726203  IOPS:   363388  Throughput:  1419.5 MB/s  Total: 2028.37 GB
[ 1463.4s] IOs:    531826699  IOPS:   363413  Throughput:  1419.6 MB/s  Total: 2028.76 GB
[ 1463.6s] IOs:    531926732  IOPS:   363439  Throughput:  1419.7 MB/s  Total: 2029.14 GB
[ 1464.0s] IOs:    532027460  IOPS:   363398  Throughput:  1419.5 MB/s  Total: 2029.52 GB
[ 1464.2s] IOs:    532128169  IOPS:   363421  Throughput:  1419.6 MB/s  Total: 2029.91 GB
[ 1464.4s] IOs:    532229012  IOPS:   363437  Throughput:  1419.7 MB/s  Total: 2030.29 GB
[ 1464.6s] IOs:    532329861  IOPS:   363464  Throughput:  1419.8 MB/s  Total: 2030.68 GB
[ 1464.9s] IOs:    532430280  IOPS:   363461  Throughput:  1419.8 MB/s  Total: 2031.06 GB
[ 1465.1s] IOs:    532530646  IOPS:   363487  Throughput:  1419.9 MB/s  Total: 2031.44 GB
[ 1465.4s] IOs:    532631243  IOPS:   363484  Throughput:  1419.9 MB/s  Total: 2031.83 GB
[ 1465.6s] IOs:    532732008  IOPS:   363499  Throughput:  1419.9 MB/s  Total: 2032.21 GB
[ 1465.8s] IOs:    532832776  IOPS:   363512  Throughput:  1420.0 MB/s  Total: 2032.60 GB
[ 1466.0s] IOs:    532933633  IOPS:   363538  Throughput:  1420.1 MB/s  Total: 2032.98 GB
[ 1466.1s] IOs:    533034328  IOPS:   363563  Throughput:  1420.2 MB/s  Total: 2033.36 GB
[ 1466.6s] IOs:    533135353  IOPS:   363514  Throughput:  1420.0 MB/s  Total: 2033.75 GB
[ 1466.8s] IOs:    533236344  IOPS:   363538  Throughput:  1420.1 MB/s  Total: 2034.14 GB
[ 1467.0s] IOs:    533337018  IOPS:   363562  Throughput:  1420.2 MB/s  Total: 2034.52 GB
[ 1467.2s] IOs:    533437649  IOPS:   363584  Throughput:  1420.3 MB/s  Total: 2034.90 GB
[Reader] Parsed 74000000 lines, distributed 533475996 writes, unique 648.72 GB, skipped 0
[ 1467.5s] IOs:    533538518  IOPS:   363568  Throughput:  1420.2 MB/s  Total: 2035.29 GB
[ 1467.7s] IOs:    533639425  IOPS:   363585  Throughput:  1420.3 MB/s  Total: 2035.67 GB
[ 1467.9s] IOs:    533739883  IOPS:   363608  Throughput:  1420.3 MB/s  Total: 2036.06 GB
[ 1468.1s] IOs:    533840325  IOPS:   363625  Throughput:  1420.4 MB/s  Total: 2036.44 GB
[ 1468.3s] IOs:    533940733  IOPS:   363650  Throughput:  1420.5 MB/s  Total: 2036.82 GB
[ 1468.5s] IOs:    534041588  IOPS:   363660  Throughput:  1420.5 MB/s  Total: 2037.21 GB
[ 1468.7s] IOs:    534142523  IOPS:   363676  Throughput:  1420.6 MB/s  Total: 2037.59 GB
[ 1468.9s] IOs:    534243269  IOPS:   363694  Throughput:  1420.7 MB/s  Total: 2037.98 GB
[ 1469.1s] IOs:    534343743  IOPS:   363712  Throughput:  1420.7 MB/s  Total: 2038.36 GB
[ 1469.3s] IOs:    534443977  IOPS:   363737  Throughput:  1420.8 MB/s  Total: 2038.74 GB
[ 1469.5s] IOs:    534544104  IOPS:   363760  Throughput:  1420.9 MB/s  Total: 2039.12 GB
[ 1469.7s] IOs:    534644770  IOPS:   363784  Throughput:  1421.0 MB/s  Total: 2039.51 GB
[ 1469.9s] IOs:    534745483  IOPS:   363806  Throughput:  1421.1 MB/s  Total: 2039.89 GB
[ 1472.0s] IOs:    534846178  IOPS:   363343  Throughput:  1419.3 MB/s  Total: 2040.28 GB
[ 1473.4s] IOs:    534947163  IOPS:   363061  Throughput:  1418.2 MB/s  Total: 2040.66 GB
[ 1474.4s] IOs:    535047891  IOPS:   362889  Throughput:  1417.5 MB/s  Total: 2041.05 GB
[ 1475.5s] IOs:    535148604  IOPS:   362695  Throughput:  1416.8 MB/s  Total: 2041.43 GB
[ 1476.5s] IOs:    535249271  IOPS:   362514  Throughput:  1416.1 MB/s  Total: 2041.81 GB
[ 1477.5s] IOs:    535349852  IOPS:   362331  Throughput:  1415.4 MB/s  Total: 2042.20 GB
[ 1478.5s] IOs:    535450746  IOPS:   362163  Throughput:  1414.7 MB/s  Total: 2042.58 GB
[ 1479.1s] IOs:    535551215  IOPS:   362090  Throughput:  1414.4 MB/s  Total: 2042.97 GB
[ 1480.0s] IOs:    535651876  IOPS:   361915  Throughput:  1413.7 MB/s  Total: 2043.35 GB
[ 1481.0s] IOs:    535752469  IOPS:   361757  Throughput:  1413.1 MB/s  Total: 2043.73 GB
[ 1481.6s] IOs:    535853341  IOPS:   361670  Throughput:  1412.8 MB/s  Total: 2044.12 GB
[ 1482.6s] IOs:    535954223  IOPS:   361505  Throughput:  1412.1 MB/s  Total: 2044.50 GB
[ 1483.1s] IOs:    536054422  IOPS:   361445  Throughput:  1411.9 MB/s  Total: 2044.89 GB
[ 1483.6s] IOs:    536155320  IOPS:   361388  Throughput:  1411.7 MB/s  Total: 2045.27 GB
[ 1484.5s] IOs:    536255877  IOPS:   361247  Throughput:  1411.1 MB/s  Total: 2045.65 GB
[ 1485.2s] IOs:    536356696  IOPS:   361144  Throughput:  1410.7 MB/s  Total: 2046.04 GB
[ 1485.5s] IOs:    536457432  IOPS:   361133  Throughput:  1410.7 MB/s  Total: 2046.42 GB
[ 1486.1s] IOs:    536558257  IOPS:   361050  Throughput:  1410.4 MB/s  Total: 2046.81 GB
[ 1486.7s] IOs:    536659156  IOPS:   360971  Throughput:  1410.0 MB/s  Total: 2047.19 GB
[ 1487.1s] IOs:    536759620  IOPS:   360943  Throughput:  1409.9 MB/s  Total: 2047.58 GB
[ 1487.6s] IOs:    536860035  IOPS:   360882  Throughput:  1409.7 MB/s  Total: 2047.96 GB
[ 1488.1s] IOs:    536960998  IOPS:   360836  Throughput:  1409.5 MB/s  Total: 2048.34 GB
[ 1489.0s] IOs:    537061072  IOPS:   360690  Throughput:  1408.9 MB/s  Total: 2048.73 GB
[ 1490.1s] IOs:    537161272  IOPS:   360488  Throughput:  1408.2 MB/s  Total: 2049.11 GB
[ 1491.1s] IOs:    537262200  IOPS:   360319  Throughput:  1407.5 MB/s  Total: 2049.49 GB
[ 1492.1s] IOs:    537362904  IOPS:   360139  Throughput:  1406.8 MB/s  Total: 2049.88 GB
[ 1492.9s] IOs:    537462912  IOPS:   360002  Throughput:  1406.3 MB/s  Total: 2050.26 GB
[ 1493.6s] IOs:    537563732  IOPS:   359909  Throughput:  1405.9 MB/s  Total: 2050.64 GB
[ 1494.4s] IOs:    537664528  IOPS:   359774  Throughput:  1405.4 MB/s  Total: 2051.03 GB
[ 1495.1s] IOs:    537765409  IOPS:   359681  Throughput:  1405.0 MB/s  Total: 2051.41 GB
[ 1495.7s] IOs:    537865808  IOPS:   359612  Throughput:  1404.7 MB/s  Total: 2051.80 GB
[ 1496.3s] IOs:    537966288  IOPS:   359538  Throughput:  1404.4 MB/s  Total: 2052.18 GB
[ 1496.9s] IOs:    538067282  IOPS:   359444  Throughput:  1404.1 MB/s  Total: 2052.56 GB
[ 1497.6s] IOs:    538167917  IOPS:   359360  Throughput:  1403.8 MB/s  Total: 2052.95 GB
[ 1498.0s] IOs:    538268685  IOPS:   359315  Throughput:  1403.6 MB/s  Total: 2053.33 GB
[ 1498.6s] IOs:    538369131  IOPS:   359244  Throughput:  1403.3 MB/s  Total: 2053.72 GB
[ 1499.1s] IOs:    538469673  IOPS:   359206  Throughput:  1403.1 MB/s  Total: 2054.10 GB
[ 1499.6s] IOs:    538570543  IOPS:   359140  Throughput:  1402.9 MB/s  Total: 2054.48 GB
[ 1500.0s] IOs:    538670628  IOPS:   359110  Throughput:  1402.8 MB/s  Total: 2054.87 GB
[ 1500.5s] IOs:    538771064  IOPS:   359067  Throughput:  1402.6 MB/s  Total: 2055.25 GB
[ 1500.9s] IOs:    538871787  IOPS:   359026  Throughput:  1402.4 MB/s  Total: 2055.63 GB
[ 1501.2s] IOs:    538972551  IOPS:   359030  Throughput:  1402.5 MB/s  Total: 2056.02 GB
[ 1501.7s] IOs:    539073395  IOPS:   358983  Throughput:  1402.3 MB/s  Total: 2056.40 GB
[ 1502.1s] IOs:    539174021  IOPS:   358951  Throughput:  1402.2 MB/s  Total: 2056.79 GB
[ 1502.5s] IOs:    539274827  IOPS:   358914  Throughput:  1402.0 MB/s  Total: 2057.17 GB
[ 1502.7s] IOs:    539375417  IOPS:   358927  Throughput:  1402.1 MB/s  Total: 2057.55 GB
[ 1503.1s] IOs:    539476084  IOPS:   358907  Throughput:  1402.0 MB/s  Total: 2057.94 GB
[ 1503.7s] IOs:    539576799  IOPS:   358831  Throughput:  1401.7 MB/s  Total: 2058.32 GB
[ 1504.0s] IOs:    539677633  IOPS:   358832  Throughput:  1401.7 MB/s  Total: 2058.71 GB
[ 1504.2s] IOs:    539778373  IOPS:   358844  Throughput:  1401.7 MB/s  Total: 2059.09 GB
[ 1504.8s] IOs:    539878947  IOPS:   358777  Throughput:  1401.5 MB/s  Total: 2059.47 GB
[ 1505.1s] IOs:    539979484  IOPS:   358757  Throughput:  1401.4 MB/s  Total: 2059.86 GB
[ 1505.6s] IOs:    540080290  IOPS:   358709  Throughput:  1401.2 MB/s  Total: 2060.24 GB
[ 1506.0s] IOs:    540180336  IOPS:   358696  Throughput:  1401.2 MB/s  Total: 2060.62 GB
[ 1506.3s] IOs:    540280977  IOPS:   358691  Throughput:  1401.1 MB/s  Total: 2061.01 GB
[ 1506.6s] IOs:    540381592  IOPS:   358673  Throughput:  1401.1 MB/s  Total: 2061.39 GB
[ 1507.0s] IOs:    540482254  IOPS:   358656  Throughput:  1401.0 MB/s  Total: 2061.78 GB
[ 1507.2s] IOs:    540583177  IOPS:   358656  Throughput:  1401.0 MB/s  Total: 2062.16 GB
[ 1507.6s] IOs:    540683983  IOPS:   358649  Throughput:  1401.0 MB/s  Total: 2062.55 GB
[ 1507.9s] IOs:    540784753  IOPS:   358644  Throughput:  1401.0 MB/s  Total: 2062.93 GB
[ 1508.1s] IOs:    540885550  IOPS:   358646  Throughput:  1401.0 MB/s  Total: 2063.31 GB
[ 1508.5s] IOs:    540986098  IOPS:   358634  Throughput:  1400.9 MB/s  Total: 2063.70 GB
[ 1509.1s] IOs:    541086881  IOPS:   358554  Throughput:  1400.6 MB/s  Total: 2064.08 GB
[ 1509.7s] IOs:    541187614  IOPS:   358477  Throughput:  1400.3 MB/s  Total: 2064.47 GB
[ 1510.5s] IOs:    541288408  IOPS:   358342  Throughput:  1399.8 MB/s  Total: 2064.85 GB
[ 1511.2s] IOs:    541389151  IOPS:   358260  Throughput:  1399.5 MB/s  Total: 2065.24 GB
[ 1511.6s] IOs:    541489734  IOPS:   358230  Throughput:  1399.3 MB/s  Total: 2065.62 GB
[ 1512.3s] IOs:    541590414  IOPS:   358129  Throughput:  1398.9 MB/s  Total: 2066.00 GB
[ 1512.7s] IOs:    541691272  IOPS:   358106  Throughput:  1398.9 MB/s  Total: 2066.39 GB
[ 1513.4s] IOs:    541791390  IOPS:   358004  Throughput:  1398.5 MB/s  Total: 2066.77 GB
[ 1513.6s] IOs:    541892229  IOPS:   358009  Throughput:  1398.5 MB/s  Total: 2067.15 GB
[ 1514.3s] IOs:    541992905  IOPS:   357921  Throughput:  1398.1 MB/s  Total: 2067.54 GB
[ 1514.6s] IOs:    542093084  IOPS:   357902  Throughput:  1398.1 MB/s  Total: 2067.92 GB
[ 1515.2s] IOs:    542193134  IOPS:   357832  Throughput:  1397.8 MB/s  Total: 2068.30 GB
[ 1515.7s] IOs:    542294078  IOPS:   357786  Throughput:  1397.6 MB/s  Total: 2068.69 GB
[ 1516.2s] IOs:    542394081  IOPS:   357737  Throughput:  1397.4 MB/s  Total: 2069.07 GB
[ 1516.5s] IOs:    542494609  IOPS:   357719  Throughput:  1397.3 MB/s  Total: 2069.45 GB
[ 1517.0s] IOs:    542595218  IOPS:   357673  Throughput:  1397.2 MB/s  Total: 2069.84 GB
[ 1517.3s] IOs:    542695953  IOPS:   357671  Throughput:  1397.2 MB/s  Total: 2070.22 GB
[ 1517.9s] IOs:    542796748  IOPS:   357596  Throughput:  1396.9 MB/s  Total: 2070.61 GB
[ 1518.1s] IOs:    542897412  IOPS:   357610  Throughput:  1396.9 MB/s  Total: 2070.99 GB
[ 1518.7s] IOs:    542997834  IOPS:   357531  Throughput:  1396.6 MB/s  Total: 2071.37 GB
[ 1519.1s] IOs:    543098064  IOPS:   357519  Throughput:  1396.6 MB/s  Total: 2071.75 GB
[ 1519.6s] IOs:    543198795  IOPS:   357466  Throughput:  1396.4 MB/s  Total: 2072.14 GB
[ 1520.0s] IOs:    543298837  IOPS:   357428  Throughput:  1396.2 MB/s  Total: 2072.52 GB
[ 1520.3s] IOs:    543399467  IOPS:   357420  Throughput:  1396.2 MB/s  Total: 2072.90 GB
[ 1520.7s] IOs:    543500011  IOPS:   357410  Throughput:  1396.1 MB/s  Total: 2073.29 GB
[ 1521.2s] IOs:    543600496  IOPS:   357360  Throughput:  1395.9 MB/s  Total: 2073.67 GB
[ 1521.4s] IOs:    543701223  IOPS:   357367  Throughput:  1396.0 MB/s  Total: 2074.06 GB
[ 1521.7s] IOs:    543802154  IOPS:   357365  Throughput:  1396.0 MB/s  Total: 2074.44 GB
[ 1522.3s] IOs:    543902237  IOPS:   357295  Throughput:  1395.7 MB/s  Total: 2074.82 GB
[ 1522.5s] IOs:    544002934  IOPS:   357303  Throughput:  1395.7 MB/s  Total: 2075.21 GB
[ 1523.0s] IOs:    544103370  IOPS:   357257  Throughput:  1395.5 MB/s  Total: 2075.59 GB
[ 1523.3s] IOs:    544203932  IOPS:   357253  Throughput:  1395.5 MB/s  Total: 2075.97 GB
[ 1530.5s] IOs:    544304643  IOPS:   355647  Throughput:  1389.2 MB/s  Total: 2076.36 GB
[ 1530.8s] IOs:    544405407  IOPS:   355630  Throughput:  1389.2 MB/s  Total: 2076.74 GB
[ 1531.4s] IOs:    544506151  IOPS:   355563  Throughput:  1388.9 MB/s  Total: 2077.13 GB
[ 1531.7s] IOs:    544606401  IOPS:   355560  Throughput:  1388.9 MB/s  Total: 2077.51 GB
[ 1531.9s] IOs:    544706844  IOPS:   355574  Throughput:  1389.0 MB/s  Total: 2077.89 GB
[ 1532.4s] IOs:    544807697  IOPS:   355519  Throughput:  1388.7 MB/s  Total: 2078.28 GB
[ 1532.7s] IOs:    544908711  IOPS:   355514  Throughput:  1388.7 MB/s  Total: 2078.66 GB
[ 1533.0s] IOs:    545008749  IOPS:   355526  Throughput:  1388.8 MB/s  Total: 2079.04 GB
[ 1533.4s] IOs:    545109242  IOPS:   355500  Throughput:  1388.7 MB/s  Total: 2079.43 GB
[ 1533.7s] IOs:    545209791  IOPS:   355485  Throughput:  1388.6 MB/s  Total: 2079.81 GB
[ 1533.9s] IOs:    545310365  IOPS:   355499  Throughput:  1388.7 MB/s  Total: 2080.19 GB
[ 1534.3s] IOs:    545410960  IOPS:   355468  Throughput:  1388.5 MB/s  Total: 2080.58 GB
[ 1534.7s] IOs:    545511734  IOPS:   355447  Throughput:  1388.5 MB/s  Total: 2080.96 GB
[ 1535.2s] IOs:    545612329  IOPS:   355406  Throughput:  1388.3 MB/s  Total: 2081.35 GB
[Reader] Parsed 75000000 lines, distributed 545651523 writes, unique 652.84 GB, skipped 0
[ 1535.5s] IOs:    545712891  IOPS:   355389  Throughput:  1388.2 MB/s  Total: 2081.73 GB
[ 1537.4s] IOs:    545813521  IOPS:   355031  Throughput:  1386.8 MB/s  Total: 2082.11 GB
[ 1538.8s] IOs:    545914313  IOPS:   354768  Throughput:  1385.8 MB/s  Total: 2082.50 GB
[ 1539.9s] IOs:    546014887  IOPS:   354568  Throughput:  1385.0 MB/s  Total: 2082.88 GB
[ 1540.8s] IOs:    546115869  IOPS:   354434  Throughput:  1384.5 MB/s  Total: 2083.27 GB
[ 1541.4s] IOs:    546216389  IOPS:   354360  Throughput:  1384.2 MB/s  Total: 2083.65 GB
[ 1542.4s] IOs:    546317134  IOPS:   354190  Throughput:  1383.6 MB/s  Total: 2084.03 GB
[ 1543.3s] IOs:    546417934  IOPS:   354066  Throughput:  1383.1 MB/s  Total: 2084.42 GB
[ 1543.9s] IOs:    546518272  IOPS:   353975  Throughput:  1382.7 MB/s  Total: 2084.80 GB
[ 1544.4s] IOs:    546618830  IOPS:   353926  Throughput:  1382.5 MB/s  Total: 2085.19 GB
[ 1545.0s] IOs:    546719122  IOPS:   353868  Throughput:  1382.3 MB/s  Total: 2085.57 GB
[ 1545.8s] IOs:    546819797  IOPS:   353746  Throughput:  1381.8 MB/s  Total: 2085.95 GB
[ 1546.4s] IOs:    546920435  IOPS:   353683  Throughput:  1381.6 MB/s  Total: 2086.34 GB
[ 1546.9s] IOs:    547020972  IOPS:   353627  Throughput:  1381.4 MB/s  Total: 2086.72 GB
[ 1547.4s] IOs:    547121669  IOPS:   353578  Throughput:  1381.2 MB/s  Total: 2087.10 GB
[ 1547.9s] IOs:    547222277  IOPS:   353528  Throughput:  1381.0 MB/s  Total: 2087.49 GB
[ 1548.4s] IOs:    547322816  IOPS:   353483  Throughput:  1380.8 MB/s  Total: 2087.87 GB
[ 1548.6s] IOs:    547423280  IOPS:   353489  Throughput:  1380.8 MB/s  Total: 2088.25 GB
[ 1549.4s] IOs:    547524315  IOPS:   353385  Throughput:  1380.4 MB/s  Total: 2088.64 GB
[ 1550.0s] IOs:    547625087  IOPS:   353317  Throughput:  1380.1 MB/s  Total: 2089.02 GB
[ 1550.4s] IOs:    547725659  IOPS:   353287  Throughput:  1380.0 MB/s  Total: 2089.41 GB
[ 1550.6s] IOs:    547826005  IOPS:   353301  Throughput:  1380.1 MB/s  Total: 2089.79 GB
[ 1551.2s] IOs:    547926533  IOPS:   353226  Throughput:  1379.8 MB/s  Total: 2090.17 GB
[ 1551.6s] IOs:    548027218  IOPS:   353211  Throughput:  1379.7 MB/s  Total: 2090.56 GB
[ 1552.1s] IOs:    548127273  IOPS:   353156  Throughput:  1379.5 MB/s  Total: 2090.94 GB
[ 1552.5s] IOs:    548227839  IOPS:   353135  Throughput:  1379.4 MB/s  Total: 2091.32 GB
[ 1552.9s] IOs:    548328677  IOPS:   353098  Throughput:  1379.3 MB/s  Total: 2091.71 GB
[ 1553.2s] IOs:    548429452  IOPS:   353096  Throughput:  1379.3 MB/s  Total: 2092.09 GB
[ 1553.6s] IOs:    548530299  IOPS:   353075  Throughput:  1379.2 MB/s  Total: 2092.48 GB
[ 1554.1s] IOs:    548631037  IOPS:   353027  Throughput:  1379.0 MB/s  Total: 2092.86 GB
[ 1554.4s] IOs:    548731677  IOPS:   353014  Throughput:  1379.0 MB/s  Total: 2093.25 GB
[ 1554.7s] IOs:    548831982  IOPS:   353021  Throughput:  1379.0 MB/s  Total: 2093.63 GB
[ 1555.1s] IOs:    548932552  IOPS:   352981  Throughput:  1378.8 MB/s  Total: 2094.01 GB
[ 1555.4s] IOs:    549033264  IOPS:   352982  Throughput:  1378.8 MB/s  Total: 2094.40 GB
[ 1555.7s] IOs:    549134101  IOPS:   352987  Throughput:  1378.9 MB/s  Total: 2094.78 GB
[ 1556.1s] IOs:    549234732  IOPS:   352960  Throughput:  1378.7 MB/s  Total: 2095.16 GB
[ 1556.4s] IOs:    549334846  IOPS:   352948  Throughput:  1378.7 MB/s  Total: 2095.55 GB
[ 1556.6s] IOs:    549435446  IOPS:   352962  Throughput:  1378.8 MB/s  Total: 2095.93 GB
[ 1557.0s] IOs:    549536185  IOPS:   352940  Throughput:  1378.7 MB/s  Total: 2096.31 GB
[ 1557.2s] IOs:    549636534  IOPS:   352954  Throughput:  1378.7 MB/s  Total: 2096.70 GB
[ 1557.8s] IOs:    549737461  IOPS:   352886  Throughput:  1378.5 MB/s  Total: 2097.08 GB
[ 1558.1s] IOs:    549837734  IOPS:   352891  Throughput:  1378.5 MB/s  Total: 2097.46 GB
[ 1558.6s] IOs:    549938275  IOPS:   352845  Throughput:  1378.3 MB/s  Total: 2097.85 GB
[ 1559.1s] IOs:    550039135  IOPS:   352792  Throughput:  1378.1 MB/s  Total: 2098.23 GB
[ 1559.4s] IOs:    550140151  IOPS:   352784  Throughput:  1378.1 MB/s  Total: 2098.62 GB
[ 1559.7s] IOs:    550240793  IOPS:   352796  Throughput:  1378.1 MB/s  Total: 2099.00 GB
[ 1560.2s] IOs:    550341484  IOPS:   352734  Throughput:  1377.9 MB/s  Total: 2099.39 GB
[ 1560.5s] IOs:    550442148  IOPS:   352735  Throughput:  1377.9 MB/s  Total: 2099.77 GB
[ 1560.9s] IOs:    550542689  IOPS:   352708  Throughput:  1377.8 MB/s  Total: 2100.15 GB
[ 1561.2s] IOs:    550643558  IOPS:   352710  Throughput:  1377.8 MB/s  Total: 2100.54 GB
[ 1561.5s] IOs:    550744237  IOPS:   352691  Throughput:  1377.7 MB/s  Total: 2100.92 GB
[ 1562.0s] IOs:    550844993  IOPS:   352653  Throughput:  1377.6 MB/s  Total: 2101.31 GB
[ 1562.3s] IOs:    550945546  IOPS:   352650  Throughput:  1377.5 MB/s  Total: 2101.69 GB
[ 1562.7s] IOs:    551045857  IOPS:   352626  Throughput:  1377.4 MB/s  Total: 2102.07 GB
[ 1563.0s] IOs:    551146298  IOPS:   352631  Throughput:  1377.5 MB/s  Total: 2102.46 GB
[ 1563.3s] IOs:    551246824  IOPS:   352621  Throughput:  1377.4 MB/s  Total: 2102.84 GB
[ 1563.5s] IOs:    551347253  IOPS:   352630  Throughput:  1377.5 MB/s  Total: 2103.22 GB
[ 1563.8s] IOs:    551447798  IOPS:   352643  Throughput:  1377.5 MB/s  Total: 2103.61 GB
[ 1564.1s] IOs:    551548212  IOPS:   352619  Throughput:  1377.4 MB/s  Total: 2103.99 GB
[ 1564.4s] IOs:    551648766  IOPS:   352625  Throughput:  1377.4 MB/s  Total: 2104.37 GB
[ 1564.6s] IOs:    551749461  IOPS:   352637  Throughput:  1377.5 MB/s  Total: 2104.76 GB
[ 1564.9s] IOs:    551850123  IOPS:   352636  Throughput:  1377.5 MB/s  Total: 2105.14 GB
[ 1565.2s] IOs:    551950362  IOPS:   352649  Throughput:  1377.5 MB/s  Total: 2105.52 GB
[ 1565.4s] IOs:    552050943  IOPS:   352652  Throughput:  1377.5 MB/s  Total: 2105.91 GB
[ 1565.7s] IOs:    552151462  IOPS:   352655  Throughput:  1377.6 MB/s  Total: 2106.29 GB
[ 1566.0s] IOs:    552252056  IOPS:   352643  Throughput:  1377.5 MB/s  Total: 2106.67 GB
[ 1566.3s] IOs:    552352557  IOPS:   352642  Throughput:  1377.5 MB/s  Total: 2107.06 GB
[ 1566.6s] IOs:    552452748  IOPS:   352640  Throughput:  1377.5 MB/s  Total: 2107.44 GB
[ 1566.9s] IOs:    552553028  IOPS:   352631  Throughput:  1377.5 MB/s  Total: 2107.82 GB
[ 1567.3s] IOs:    552653801  IOPS:   352621  Throughput:  1377.4 MB/s  Total: 2108.21 GB
[ 1567.9s] IOs:    552754305  IOPS:   352555  Throughput:  1377.2 MB/s  Total: 2108.59 GB
[ 1568.4s] IOs:    552854996  IOPS:   352486  Throughput:  1376.9 MB/s  Total: 2108.97 GB
[ 1569.1s] IOs:    552955870  IOPS:   352414  Throughput:  1376.6 MB/s  Total: 2109.36 GB
[ 1569.6s] IOs:    553056682  IOPS:   352346  Throughput:  1376.4 MB/s  Total: 2109.74 GB
[ 1570.2s] IOs:    553157299  IOPS:   352293  Throughput:  1376.1 MB/s  Total: 2110.13 GB
[ 1571.0s] IOs:    553257946  IOPS:   352180  Throughput:  1375.7 MB/s  Total: 2110.51 GB
[ 1571.5s] IOs:    553358958  IOPS:   352127  Throughput:  1375.5 MB/s  Total: 2110.90 GB
[ 1572.0s] IOs:    553459699  IOPS:   352076  Throughput:  1375.3 MB/s  Total: 2111.28 GB
[ 1572.5s] IOs:    553560443  IOPS:   352030  Throughput:  1375.1 MB/s  Total: 2111.67 GB
[ 1573.0s] IOs:    553661005  IOPS:   351977  Throughput:  1374.9 MB/s  Total: 2112.05 GB
[ 1573.5s] IOs:    553761688  IOPS:   351937  Throughput:  1374.8 MB/s  Total: 2112.43 GB
[ 1573.9s] IOs:    553862141  IOPS:   351900  Throughput:  1374.6 MB/s  Total: 2112.82 GB
[ 1574.2s] IOs:    553962631  IOPS:   351901  Throughput:  1374.6 MB/s  Total: 2113.20 GB
[ 1574.7s] IOs:    554063216  IOPS:   351848  Throughput:  1374.4 MB/s  Total: 2113.58 GB
[ 1575.1s] IOs:    554163765  IOPS:   351825  Throughput:  1374.3 MB/s  Total: 2113.97 GB
[ 1575.7s] IOs:    554264271  IOPS:   351768  Throughput:  1374.1 MB/s  Total: 2114.35 GB
[ 1576.0s] IOs:    554364997  IOPS:   351764  Throughput:  1374.1 MB/s  Total: 2114.73 GB
[ 1576.3s] IOs:    554465544  IOPS:   351757  Throughput:  1374.1 MB/s  Total: 2115.12 GB
[ 1576.6s] IOs:    554566060  IOPS:   351746  Throughput:  1374.0 MB/s  Total: 2115.50 GB
[ 1577.3s] IOs:    554666954  IOPS:   351645  Throughput:  1373.6 MB/s  Total: 2115.89 GB
[ 1577.6s] IOs:    554767328  IOPS:   351655  Throughput:  1373.7 MB/s  Total: 2116.27 GB
[ 1577.8s] IOs:    554868100  IOPS:   351664  Throughput:  1373.7 MB/s  Total: 2116.65 GB
[ 1578.3s] IOs:    554968112  IOPS:   351622  Throughput:  1373.5 MB/s  Total: 2117.04 GB
[ 1578.7s] IOs:    555068306  IOPS:   351608  Throughput:  1373.5 MB/s  Total: 2117.42 GB
[ 1579.1s] IOs:    555168643  IOPS:   351565  Throughput:  1373.3 MB/s  Total: 2117.80 GB
[ 1579.5s] IOs:    555269511  IOPS:   351556  Throughput:  1373.3 MB/s  Total: 2118.19 GB
[ 1579.7s] IOs:    555370287  IOPS:   351558  Throughput:  1373.3 MB/s  Total: 2118.57 GB
[ 1580.1s] IOs:    555471200  IOPS:   351537  Throughput:  1373.2 MB/s  Total: 2118.95 GB
[ 1580.4s] IOs:    555571710  IOPS:   351545  Throughput:  1373.2 MB/s  Total: 2119.34 GB
[ 1580.8s] IOs:    555672242  IOPS:   351507  Throughput:  1373.1 MB/s  Total: 2119.72 GB
[ 1581.1s] IOs:    555772542  IOPS:   351509  Throughput:  1373.1 MB/s  Total: 2120.10 GB
[ 1581.3s] IOs:    555873403  IOPS:   351521  Throughput:  1373.1 MB/s  Total: 2120.49 GB
[ 1581.7s] IOs:    555973452  IOPS:   351504  Throughput:  1373.1 MB/s  Total: 2120.87 GB
[ 1582.0s] IOs:    556073899  IOPS:   351492  Throughput:  1373.0 MB/s  Total: 2121.25 GB
[ 1582.6s] IOs:    556174213  IOPS:   351432  Throughput:  1372.8 MB/s  Total: 2121.64 GB
[ 1583.2s] IOs:    556274596  IOPS:   351355  Throughput:  1372.5 MB/s  Total: 2122.02 GB
[ 1583.8s] IOs:    556374617  IOPS:   351289  Throughput:  1372.2 MB/s  Total: 2122.40 GB
[ 1584.2s] IOs:    556475411  IOPS:   351256  Throughput:  1372.1 MB/s  Total: 2122.79 GB
[ 1584.8s] IOs:    556576274  IOPS:   351192  Throughput:  1371.8 MB/s  Total: 2123.17 GB
[ 1585.3s] IOs:    556676921  IOPS:   351144  Throughput:  1371.7 MB/s  Total: 2123.55 GB
[ 1585.8s] IOs:    556777689  IOPS:   351095  Throughput:  1371.5 MB/s  Total: 2123.94 GB
[ 1586.5s] IOs:    556878559  IOPS:   351018  Throughput:  1371.2 MB/s  Total: 2124.32 GB
[ 1586.7s] IOs:    556979155  IOPS:   351030  Throughput:  1371.2 MB/s  Total: 2124.71 GB
[ 1587.3s] IOs:    557080018  IOPS:   350964  Throughput:  1371.0 MB/s  Total: 2125.09 GB
[ 1587.6s] IOs:    557180376  IOPS:   350955  Throughput:  1370.9 MB/s  Total: 2125.47 GB
[ 1588.1s] IOs:    557280797  IOPS:   350911  Throughput:  1370.7 MB/s  Total: 2125.86 GB
[ 1588.4s] IOs:    557380959  IOPS:   350905  Throughput:  1370.7 MB/s  Total: 2126.24 GB
[ 1588.7s] IOs:    557481822  IOPS:   350900  Throughput:  1370.7 MB/s  Total: 2126.62 GB
[ 1589.1s] IOs:    557582608  IOPS:   350874  Throughput:  1370.6 MB/s  Total: 2127.01 GB
[ 1589.4s] IOs:    557683048  IOPS:   350867  Throughput:  1370.6 MB/s  Total: 2127.39 GB
[ 1589.9s] IOs:    557783627  IOPS:   350837  Throughput:  1370.5 MB/s  Total: 2127.78 GB
[ 1590.1s] IOs:    557884302  IOPS:   350848  Throughput:  1370.5 MB/s  Total: 2128.16 GB
[ 1590.3s] IOs:    557985263  IOPS:   350862  Throughput:  1370.6 MB/s  Total: 2128.54 GB
[ 1590.9s] IOs:    558086161  IOPS:   350803  Throughput:  1370.3 MB/s  Total: 2128.93 GB
[ 1591.1s] IOs:    558186732  IOPS:   350815  Throughput:  1370.4 MB/s  Total: 2129.31 GB
[ 1591.4s] IOs:    558287134  IOPS:   350824  Throughput:  1370.4 MB/s  Total: 2129.70 GB
[ 1591.8s] IOs:    558387906  IOPS:   350796  Throughput:  1370.3 MB/s  Total: 2130.08 GB
[ 1592.1s] IOs:    558488735  IOPS:   350780  Throughput:  1370.2 MB/s  Total: 2130.47 GB
[ 1592.6s] IOs:    558589181  IOPS:   350748  Throughput:  1370.1 MB/s  Total: 2130.85 GB
[ 1593.0s] IOs:    558690096  IOPS:   350725  Throughput:  1370.0 MB/s  Total: 2131.23 GB
[ 1593.2s] IOs:    558790493  IOPS:   350734  Throughput:  1370.1 MB/s  Total: 2131.62 GB
[ 1593.6s] IOs:    558891024  IOPS:   350711  Throughput:  1370.0 MB/s  Total: 2132.00 GB
[ 1593.8s] IOs:    558991198  IOPS:   350725  Throughput:  1370.0 MB/s  Total: 2132.38 GB
[ 1594.2s] IOs:    559092116  IOPS:   350705  Throughput:  1369.9 MB/s  Total: 2132.77 GB
[ 1594.5s] IOs:    559193096  IOPS:   350693  Throughput:  1369.9 MB/s  Total: 2133.15 GB
[ 1595.0s] IOs:    559294048  IOPS:   350654  Throughput:  1369.7 MB/s  Total: 2133.54 GB
[ 1595.2s] IOs:    559394414  IOPS:   350668  Throughput:  1369.8 MB/s  Total: 2133.92 GB
[ 1595.9s] IOs:    559494977  IOPS:   350581  Throughput:  1369.5 MB/s  Total: 2134.30 GB
[ 1596.4s] IOs:    559595691  IOPS:   350542  Throughput:  1369.3 MB/s  Total: 2134.69 GB
[ 1596.8s] IOs:    559696525  IOPS:   350515  Throughput:  1369.2 MB/s  Total: 2135.07 GB
[ 1597.3s] IOs:    559797479  IOPS:   350465  Throughput:  1369.0 MB/s  Total: 2135.46 GB
[Reader] Parsed 76000000 lines, distributed 559861611 writes, unique 659.86 GB, skipped 0
[ 1597.8s] IOs:    559898259  IOPS:   350416  Throughput:  1368.8 MB/s  Total: 2135.84 GB
[ 1598.2s] IOs:    559998968  IOPS:   350401  Throughput:  1368.8 MB/s  Total: 2136.23 GB
[ 1598.8s] IOs:    560099013  IOPS:   350326  Throughput:  1368.5 MB/s  Total: 2136.61 GB
[ 1599.2s] IOs:    560199682  IOPS:   350308  Throughput:  1368.4 MB/s  Total: 2136.99 GB
[ 1599.8s] IOs:    560300483  IOPS:   350222  Throughput:  1368.1 MB/s  Total: 2137.38 GB
[ 1600.2s] IOs:    560400952  IOPS:   350208  Throughput:  1368.0 MB/s  Total: 2137.76 GB
[ 1600.7s] IOs:    560501634  IOPS:   350155  Throughput:  1367.8 MB/s  Total: 2138.14 GB
[ 1601.3s] IOs:    560602391  IOPS:   350089  Throughput:  1367.5 MB/s  Total: 2138.53 GB
[ 1601.6s] IOs:    560703313  IOPS:   350080  Throughput:  1367.5 MB/s  Total: 2138.91 GB
[ 1602.3s] IOs:    560804045  IOPS:   349997  Throughput:  1367.2 MB/s  Total: 2139.30 GB
[ 1602.6s] IOs:    560904295  IOPS:   350000  Throughput:  1367.2 MB/s  Total: 2139.68 GB
[ 1602.8s] IOs:    561004768  IOPS:   350014  Throughput:  1367.2 MB/s  Total: 2140.06 GB
[ 1603.4s] IOs:    561105693  IOPS:   349954  Throughput:  1367.0 MB/s  Total: 2140.45 GB
[ 1603.7s] IOs:    561205767  IOPS:   349944  Throughput:  1367.0 MB/s  Total: 2140.83 GB
[ 1604.1s] IOs:    561306391  IOPS:   349914  Throughput:  1366.9 MB/s  Total: 2141.21 GB
[ 1604.4s] IOs:    561406661  IOPS:   349924  Throughput:  1366.9 MB/s  Total: 2141.60 GB
[ 1604.8s] IOs:    561507201  IOPS:   349893  Throughput:  1366.8 MB/s  Total: 2141.98 GB
[ 1605.2s] IOs:    561608034  IOPS:   349875  Throughput:  1366.7 MB/s  Total: 2142.36 GB
[ 1605.8s] IOs:    561708728  IOPS:   349807  Throughput:  1366.4 MB/s  Total: 2142.75 GB
[ 1606.0s] IOs:    561809644  IOPS:   349818  Throughput:  1366.5 MB/s  Total: 2143.13 GB
[ 1606.3s] IOs:    561909969  IOPS:   349822  Throughput:  1366.5 MB/s  Total: 2143.52 GB
[ 1606.7s] IOs:    562010359  IOPS:   349800  Throughput:  1366.4 MB/s  Total: 2143.90 GB
[ 1607.1s] IOs:    562111088  IOPS:   349773  Throughput:  1366.3 MB/s  Total: 2144.28 GB
[ 1607.4s] IOs:    562211920  IOPS:   349774  Throughput:  1366.3 MB/s  Total: 2144.67 GB
[ 1607.7s] IOs:    562312672  IOPS:   349766  Throughput:  1366.3 MB/s  Total: 2145.05 GB
[ 1608.1s] IOs:    562412935  IOPS:   349735  Throughput:  1366.2 MB/s  Total: 2145.44 GB
[ 1608.4s] IOs:    562513499  IOPS:   349739  Throughput:  1366.2 MB/s  Total: 2145.82 GB
[ 1608.7s] IOs:    562614264  IOPS:   349741  Throughput:  1366.2 MB/s  Total: 2146.20 GB
[ 1608.9s] IOs:    562714308  IOPS:   349753  Throughput:  1366.2 MB/s  Total: 2146.58 GB
[ 1609.3s] IOs:    562815162  IOPS:   349732  Throughput:  1366.1 MB/s  Total: 2146.97 GB
[ 1609.6s] IOs:    562915693  IOPS:   349733  Throughput:  1366.1 MB/s  Total: 2147.35 GB
[ 1609.8s] IOs:    563016180  IOPS:   349734  Throughput:  1366.1 MB/s  Total: 2147.74 GB
[ 1610.1s] IOs:    563116710  IOPS:   349739  Throughput:  1366.2 MB/s  Total: 2148.12 GB
[ 1610.4s] IOs:    563217563  IOPS:   349729  Throughput:  1366.1 MB/s  Total: 2148.50 GB
[ 1610.7s] IOs:    563318453  IOPS:   349739  Throughput:  1366.2 MB/s  Total: 2148.89 GB
[ 1610.9s] IOs:    563419015  IOPS:   349751  Throughput:  1366.2 MB/s  Total: 2149.27 GB
[ 1611.4s] IOs:    563519575  IOPS:   349699  Throughput:  1366.0 MB/s  Total: 2149.66 GB
[ 1611.8s] IOs:    563620000  IOPS:   349692  Throughput:  1366.0 MB/s  Total: 2150.04 GB
[ 1612.2s] IOs:    563720769  IOPS:   349659  Throughput:  1365.9 MB/s  Total: 2150.42 GB
[ 1612.6s] IOs:    563821430  IOPS:   349636  Throughput:  1365.8 MB/s  Total: 2150.81 GB
[ 1612.8s] IOs:    563921951  IOPS:   349650  Throughput:  1365.8 MB/s  Total: 2151.19 GB
[ 1613.3s] IOs:    564022596  IOPS:   349606  Throughput:  1365.6 MB/s  Total: 2151.58 GB
[ 1613.7s] IOs:    564123034  IOPS:   349575  Throughput:  1365.5 MB/s  Total: 2151.96 GB
[ 1614.1s] IOs:    564223931  IOPS:   349568  Throughput:  1365.5 MB/s  Total: 2152.34 GB
[ 1614.4s] IOs:    564324711  IOPS:   349567  Throughput:  1365.5 MB/s  Total: 2152.73 GB
[ 1614.7s] IOs:    564425572  IOPS:   349561  Throughput:  1365.5 MB/s  Total: 2153.11 GB
[ 1614.9s] IOs:    564525987  IOPS:   349571  Throughput:  1365.5 MB/s  Total: 2153.50 GB
[ 1615.4s] IOs:    564626244  IOPS:   349534  Throughput:  1365.4 MB/s  Total: 2153.88 GB
[ 1616.3s] IOs:    564727007  IOPS:   349395  Throughput:  1364.8 MB/s  Total: 2154.26 GB
[ 1616.6s] IOs:    564827434  IOPS:   349390  Throughput:  1364.8 MB/s  Total: 2154.65 GB
[ 1617.0s] IOs:    564928074  IOPS:   349363  Throughput:  1364.7 MB/s  Total: 2155.03 GB
[ 1617.3s] IOs:    565028508  IOPS:   349355  Throughput:  1364.7 MB/s  Total: 2155.41 GB
[ 1617.6s] IOs:    565128626  IOPS:   349353  Throughput:  1364.7 MB/s  Total: 2155.79 GB
[ 1618.0s] IOs:    565229284  IOPS:   349332  Throughput:  1364.6 MB/s  Total: 2156.18 GB
[ 1618.3s] IOs:    565329805  IOPS:   349340  Throughput:  1364.6 MB/s  Total: 2156.56 GB
[ 1618.7s] IOs:    565430505  IOPS:   349320  Throughput:  1364.5 MB/s  Total: 2156.95 GB
[ 1618.9s] IOs:    565531117  IOPS:   349322  Throughput:  1364.5 MB/s  Total: 2157.33 GB
[ 1619.2s] IOs:    565631466  IOPS:   349329  Throughput:  1364.6 MB/s  Total: 2157.71 GB
[ 1619.5s] IOs:    565731803  IOPS:   349328  Throughput:  1364.6 MB/s  Total: 2158.10 GB
[ 1619.8s] IOs:    565832525  IOPS:   349325  Throughput:  1364.5 MB/s  Total: 2158.48 GB
[ 1620.1s] IOs:    565933377  IOPS:   349330  Throughput:  1364.6 MB/s  Total: 2158.86 GB
[ 1620.4s] IOs:    566033591  IOPS:   349324  Throughput:  1364.5 MB/s  Total: 2159.25 GB
[ 1620.7s] IOs:    566133638  IOPS:   349319  Throughput:  1364.5 MB/s  Total: 2159.63 GB
[ 1624.6s] IOs:    566233715  IOPS:   348544  Throughput:  1361.5 MB/s  Total: 2160.01 GB
[ 1624.9s] IOs:    566334570  IOPS:   348538  Throughput:  1361.5 MB/s  Total: 2160.39 GB
[ 1625.2s] IOs:    566434960  IOPS:   348530  Throughput:  1361.4 MB/s  Total: 2160.78 GB
[ 1625.6s] IOs:    566535621  IOPS:   348513  Throughput:  1361.4 MB/s  Total: 2161.16 GB
[ 1625.8s] IOs:    566635969  IOPS:   348526  Throughput:  1361.4 MB/s  Total: 2161.54 GB
[ 1626.2s] IOs:    566736508  IOPS:   348508  Throughput:  1361.4 MB/s  Total: 2161.93 GB
[ 1626.4s] IOs:    566837281  IOPS:   348518  Throughput:  1361.4 MB/s  Total: 2162.31 GB
[ 1626.8s] IOs:    566937838  IOPS:   348508  Throughput:  1361.4 MB/s  Total: 2162.70 GB
[ 1627.1s] IOs:    567038676  IOPS:   348497  Throughput:  1361.3 MB/s  Total: 2163.08 GB
[ 1627.4s] IOs:    567139331  IOPS:   348496  Throughput:  1361.3 MB/s  Total: 2163.46 GB
[ 1627.7s] IOs:    567239615  IOPS:   348498  Throughput:  1361.3 MB/s  Total: 2163.85 GB
[ 1628.0s] IOs:    567340305  IOPS:   348494  Throughput:  1361.3 MB/s  Total: 2164.23 GB
[ 1628.3s] IOs:    567441058  IOPS:   348484  Throughput:  1361.3 MB/s  Total: 2164.62 GB
[ 1628.8s] IOs:    567541903  IOPS:   348439  Throughput:  1361.1 MB/s  Total: 2165.00 GB
[ 1629.2s] IOs:    567642344  IOPS:   348414  Throughput:  1361.0 MB/s  Total: 2165.38 GB
[ 1629.7s] IOs:    567743083  IOPS:   348378  Throughput:  1360.9 MB/s  Total: 2165.77 GB
[ 1629.9s] IOs:    567843760  IOPS:   348384  Throughput:  1360.9 MB/s  Total: 2166.15 GB
[ 1630.6s] IOs:    567944771  IOPS:   348306  Throughput:  1360.6 MB/s  Total: 2166.54 GB
[ 1631.2s] IOs:    568045593  IOPS:   348235  Throughput:  1360.3 MB/s  Total: 2166.92 GB
[ 1631.7s] IOs:    568146281  IOPS:   348186  Throughput:  1360.1 MB/s  Total: 2167.31 GB
[ 1632.3s] IOs:    568246978  IOPS:   348133  Throughput:  1359.9 MB/s  Total: 2167.69 GB
[ 1633.0s] IOs:    568347700  IOPS:   348044  Throughput:  1359.5 MB/s  Total: 2168.07 GB
[ 1633.2s] IOs:    568448478  IOPS:   348049  Throughput:  1359.6 MB/s  Total: 2168.46 GB
[ 1634.0s] IOs:    568548580  IOPS:   347957  Throughput:  1359.2 MB/s  Total: 2168.84 GB
[ 1634.3s] IOs:    568649112  IOPS:   347940  Throughput:  1359.1 MB/s  Total: 2169.22 GB
[ 1634.9s] IOs:    568749679  IOPS:   347887  Throughput:  1358.9 MB/s  Total: 2169.61 GB
[ 1635.3s] IOs:    568850495  IOPS:   347849  Throughput:  1358.8 MB/s  Total: 2169.99 GB
[ 1635.9s] IOs:    568950891  IOPS:   347799  Throughput:  1358.6 MB/s  Total: 2170.38 GB
[ 1636.4s] IOs:    569051701  IOPS:   347741  Throughput:  1358.4 MB/s  Total: 2170.76 GB
[ 1636.7s] IOs:    569152560  IOPS:   347739  Throughput:  1358.4 MB/s  Total: 2171.14 GB
[ 1637.2s] IOs:    569252885  IOPS:   347702  Throughput:  1358.2 MB/s  Total: 2171.53 GB
[ 1637.6s] IOs:    569353254  IOPS:   347670  Throughput:  1358.1 MB/s  Total: 2171.91 GB
[ 1637.9s] IOs:    569454039  IOPS:   347669  Throughput:  1358.1 MB/s  Total: 2172.29 GB
[ 1638.4s] IOs:    569554670  IOPS:   347623  Throughput:  1357.9 MB/s  Total: 2172.68 GB
[Reader] Parsed 77000000 lines, distributed 569644611 writes, unique 665.27 GB, skipped 0
[ 1638.8s] IOs:    569654671  IOPS:   347613  Throughput:  1357.9 MB/s  Total: 2173.06 GB
[ 1639.3s] IOs:    569754983  IOPS:   347556  Throughput:  1357.6 MB/s  Total: 2173.44 GB
[ 1639.7s] IOs:    569855639  IOPS:   347542  Throughput:  1357.6 MB/s  Total: 2173.83 GB
[ 1640.0s] IOs:    569956414  IOPS:   347536  Throughput:  1357.6 MB/s  Total: 2174.21 GB
[ 1640.3s] IOs:    570057274  IOPS:   347523  Throughput:  1357.5 MB/s  Total: 2174.60 GB
[ 1640.7s] IOs:    570158274  IOPS:   347514  Throughput:  1357.5 MB/s  Total: 2174.98 GB
[ 1640.9s] IOs:    570258756  IOPS:   347527  Throughput:  1357.5 MB/s  Total: 2175.36 GB
[ 1641.4s] IOs:    570359551  IOPS:   347474  Throughput:  1357.3 MB/s  Total: 2175.75 GB
[ 1641.9s] IOs:    570460195  IOPS:   347448  Throughput:  1357.2 MB/s  Total: 2176.13 GB
[ 1642.4s] IOs:    570560819  IOPS:   347402  Throughput:  1357.0 MB/s  Total: 2176.52 GB
[ 1642.8s] IOs:    570661608  IOPS:   347363  Throughput:  1356.9 MB/s  Total: 2176.90 GB
[ 1643.2s] IOs:    570762303  IOPS:   347340  Throughput:  1356.8 MB/s  Total: 2177.29 GB
[ 1643.6s] IOs:    570862620  IOPS:   347315  Throughput:  1356.7 MB/s  Total: 2177.67 GB
[ 1644.0s] IOs:    570963346  IOPS:   347296  Throughput:  1356.6 MB/s  Total: 2178.05 GB
[ 1644.3s] IOs:    571064112  IOPS:   347301  Throughput:  1356.6 MB/s  Total: 2178.44 GB
[ 1644.8s] IOs:    571164144  IOPS:   347251  Throughput:  1356.4 MB/s  Total: 2178.82 GB
[ 1645.1s] IOs:    571264835  IOPS:   347243  Throughput:  1356.4 MB/s  Total: 2179.20 GB
[ 1645.5s] IOs:    571365303  IOPS:   347235  Throughput:  1356.4 MB/s  Total: 2179.59 GB
[ 1645.8s] IOs:    571465886  IOPS:   347229  Throughput:  1356.4 MB/s  Total: 2179.97 GB
[ 1646.2s] IOs:    571566477  IOPS:   347211  Throughput:  1356.3 MB/s  Total: 2180.35 GB
[ 1646.5s] IOs:    571667262  IOPS:   347195  Throughput:  1356.2 MB/s  Total: 2180.74 GB
[ 1646.8s] IOs:    571767878  IOPS:   347209  Throughput:  1356.3 MB/s  Total: 2181.12 GB
[ 1647.0s] IOs:    571868461  IOPS:   347212  Throughput:  1356.3 MB/s  Total: 2181.51 GB
[ 1647.4s] IOs:    571968874  IOPS:   347197  Throughput:  1356.2 MB/s  Total: 2181.89 GB
[ 1647.7s] IOs:    572069342  IOPS:   347197  Throughput:  1356.2 MB/s  Total: 2182.27 GB
[ 1647.9s] IOs:    572170072  IOPS:   347211  Throughput:  1356.3 MB/s  Total: 2182.66 GB
[ 1648.2s] IOs:    572270745  IOPS:   347205  Throughput:  1356.3 MB/s  Total: 2183.04 GB
[ 1648.5s] IOs:    572370976  IOPS:   347215  Throughput:  1356.3 MB/s  Total: 2183.42 GB
[ 1648.8s] IOs:    572471366  IOPS:   347210  Throughput:  1356.3 MB/s  Total: 2183.80 GB
[ 1649.3s] IOs:    572571973  IOPS:   347159  Throughput:  1356.1 MB/s  Total: 2184.19 GB
[ 1649.7s] IOs:    572672752  IOPS:   347144  Throughput:  1356.0 MB/s  Total: 2184.57 GB
[ 1649.9s] IOs:    572773563  IOPS:   347152  Throughput:  1356.1 MB/s  Total: 2184.96 GB
[ 1650.4s] IOs:    572874019  IOPS:   347111  Throughput:  1355.9 MB/s  Total: 2185.34 GB
[ 1650.8s] IOs:    572974411  IOPS:   347099  Throughput:  1355.9 MB/s  Total: 2185.72 GB
[ 1651.2s] IOs:    573075067  IOPS:   347062  Throughput:  1355.7 MB/s  Total: 2186.11 GB
[ 1651.5s] IOs:    573175849  IOPS:   347054  Throughput:  1355.7 MB/s  Total: 2186.49 GB
[ 1651.8s] IOs:    573276437  IOPS:   347061  Throughput:  1355.7 MB/s  Total: 2186.88 GB
[ 1652.1s] IOs:    573377136  IOPS:   347049  Throughput:  1355.7 MB/s  Total: 2187.26 GB
[ 1652.4s] IOs:    573477819  IOPS:   347050  Throughput:  1355.7 MB/s  Total: 2187.64 GB
[ 1652.8s] IOs:    573578546  IOPS:   347038  Throughput:  1355.6 MB/s  Total: 2188.03 GB
[ 1653.0s] IOs:    573679270  IOPS:   347047  Throughput:  1355.7 MB/s  Total: 2188.41 GB
[ 1653.4s] IOs:    573780108  IOPS:   347037  Throughput:  1355.6 MB/s  Total: 2188.80 GB
[ 1653.8s] IOs:    573880878  IOPS:   347000  Throughput:  1355.5 MB/s  Total: 2189.18 GB
[ 1654.5s] IOs:    573981571  IOPS:   346918  Throughput:  1355.1 MB/s  Total: 2189.57 GB
[ 1654.9s] IOs:    574082174  IOPS:   346900  Throughput:  1355.1 MB/s  Total: 2189.95 GB
[ 1661.0s] IOs:    574182588  IOPS:   345677  Throughput:  1350.3 MB/s  Total: 2190.33 GB
[ 1661.6s] IOs:    574283233  IOPS:   345623  Throughput:  1350.1 MB/s  Total: 2190.72 GB
[ 1662.1s] IOs:    574384016  IOPS:   345585  Throughput:  1349.9 MB/s  Total: 2191.10 GB
[ 1662.5s] IOs:    574484578  IOPS:   345555  Throughput:  1349.8 MB/s  Total: 2191.48 GB
[ 1663.0s] IOs:    574585237  IOPS:   345514  Throughput:  1349.7 MB/s  Total: 2191.87 GB
[ 1663.9s] IOs:    574686070  IOPS:   345394  Throughput:  1349.2 MB/s  Total: 2192.25 GB
[ 1665.0s] IOs:    574787042  IOPS:   345226  Throughput:  1348.5 MB/s  Total: 2192.64 GB
[ 1665.9s] IOs:    574887897  IOPS:   345084  Throughput:  1348.0 MB/s  Total: 2193.02 GB
[ 1666.5s] IOs:    574988583  IOPS:   345025  Throughput:  1347.8 MB/s  Total: 2193.41 GB
[ 1667.4s] IOs:    575089408  IOPS:   344893  Throughput:  1347.2 MB/s  Total: 2193.79 GB
[ 1668.1s] IOs:    575189934  IOPS:   344822  Throughput:  1347.0 MB/s  Total: 2194.18 GB
[ 1668.8s] IOs:    575290684  IOPS:   344725  Throughput:  1346.6 MB/s  Total: 2194.56 GB
[ 1669.4s] IOs:    575391531  IOPS:   344666  Throughput:  1346.4 MB/s  Total: 2194.94 GB
[ 1670.0s] IOs:    575492309  IOPS:   344606  Throughput:  1346.1 MB/s  Total: 2195.33 GB
[ 1670.5s] IOs:    575592668  IOPS:   344558  Throughput:  1345.9 MB/s  Total: 2195.71 GB
[ 1671.0s] IOs:    575693505  IOPS:   344512  Throughput:  1345.8 MB/s  Total: 2196.10 GB
[ 1671.7s] IOs:    575794208  IOPS:   344430  Throughput:  1345.4 MB/s  Total: 2196.48 GB
[ 1672.1s] IOs:    575894973  IOPS:   344417  Throughput:  1345.4 MB/s  Total: 2196.86 GB
[ 1672.8s] IOs:    575995755  IOPS:   344333  Throughput:  1345.0 MB/s  Total: 2197.25 GB
[ 1673.1s] IOs:    576096214  IOPS:   344332  Throughput:  1345.0 MB/s  Total: 2197.63 GB
[ 1673.7s] IOs:    576196924  IOPS:   344263  Throughput:  1344.8 MB/s  Total: 2198.02 GB
[ 1674.0s] IOs:    576297455  IOPS:   344256  Throughput:  1344.8 MB/s  Total: 2198.40 GB
[ 1674.6s] IOs:    576398115  IOPS:   344194  Throughput:  1344.5 MB/s  Total: 2198.78 GB
[ 1675.5s] IOs:    576499070  IOPS:   344079  Throughput:  1344.1 MB/s  Total: 2199.17 GB
[ 1676.1s] IOs:    576599852  IOPS:   344013  Throughput:  1343.8 MB/s  Total: 2199.55 GB
[ 1676.6s] IOs:    576700854  IOPS:   343971  Throughput:  1343.6 MB/s  Total: 2199.94 GB
[ 1677.2s] IOs:    576800894  IOPS:   343905  Throughput:  1343.4 MB/s  Total: 2200.32 GB
[ 1677.7s] IOs:    576901760  IOPS:   343861  Throughput:  1343.2 MB/s  Total: 2200.71 GB
[ 1678.4s] IOs:    577002399  IOPS:   343772  Throughput:  1342.9 MB/s  Total: 2201.09 GB
[ 1679.0s] IOs:    577103285  IOPS:   343710  Throughput:  1342.6 MB/s  Total: 2201.47 GB
[ 1679.4s] IOs:    577203340  IOPS:   343704  Throughput:  1342.6 MB/s  Total: 2201.86 GB
[ 1679.7s] IOs:    577303978  IOPS:   343698  Throughput:  1342.6 MB/s  Total: 2202.24 GB
[ 1680.3s] IOs:    577404634  IOPS:   343638  Throughput:  1342.3 MB/s  Total: 2202.62 GB
[ 1680.7s] IOs:    577504738  IOPS:   343603  Throughput:  1342.2 MB/s  Total: 2203.01 GB
[ 1681.1s] IOs:    577605296  IOPS:   343587  Throughput:  1342.1 MB/s  Total: 2203.39 GB
[ 1681.7s] IOs:    577705744  IOPS:   343533  Throughput:  1341.9 MB/s  Total: 2203.77 GB
[ 1682.1s] IOs:    577806139  IOPS:   343502  Throughput:  1341.8 MB/s  Total: 2204.16 GB
[ 1682.7s] IOs:    577906876  IOPS:   343435  Throughput:  1341.5 MB/s  Total: 2204.54 GB
[ 1683.1s] IOs:    578007376  IOPS:   343426  Throughput:  1341.5 MB/s  Total: 2204.92 GB
[ 1683.6s] IOs:    578108411  IOPS:   343382  Throughput:  1341.3 MB/s  Total: 2205.31 GB
[ 1684.0s] IOs:    578209070  IOPS:   343347  Throughput:  1341.2 MB/s  Total: 2205.69 GB
[ 1684.5s] IOs:    578309866  IOPS:   343321  Throughput:  1341.1 MB/s  Total: 2206.08 GB
[ 1684.7s] IOs:    578409885  IOPS:   343325  Throughput:  1341.1 MB/s  Total: 2206.46 GB
[ 1685.2s] IOs:    578510464  IOPS:   343289  Throughput:  1341.0 MB/s  Total: 2206.84 GB
[ 1685.6s] IOs:    578610948  IOPS:   343273  Throughput:  1340.9 MB/s  Total: 2207.23 GB
[ 1686.0s] IOs:    578711935  IOPS:   343247  Throughput:  1340.8 MB/s  Total: 2207.61 GB
[ 1686.4s] IOs:    578812589  IOPS:   343228  Throughput:  1340.7 MB/s  Total: 2207.99 GB
[ 1686.6s] IOs:    578913501  IOPS:   343242  Throughput:  1340.8 MB/s  Total: 2208.38 GB
[ 1687.1s] IOs:    579014345  IOPS:   343205  Throughput:  1340.6 MB/s  Total: 2208.76 GB
[ 1687.3s] IOs:    579114780  IOPS:   343219  Throughput:  1340.7 MB/s  Total: 2209.15 GB
[ 1687.6s] IOs:    579215224  IOPS:   343208  Throughput:  1340.7 MB/s  Total: 2209.53 GB
[ 1688.2s] IOs:    579315244  IOPS:   343163  Throughput:  1340.5 MB/s  Total: 2209.91 GB
[ 1689.1s] IOs:    579415936  IOPS:   343042  Throughput:  1340.0 MB/s  Total: 2210.30 GB
[ 1689.6s] IOs:    579516633  IOPS:   342982  Throughput:  1339.8 MB/s  Total: 2210.68 GB
[ 1690.4s] IOs:    579617610  IOPS:   342889  Throughput:  1339.4 MB/s  Total: 2211.07 GB
[ 1690.7s] IOs:    579718332  IOPS:   342896  Throughput:  1339.4 MB/s  Total: 2211.45 GB
[ 1690.9s] IOs:    579818758  IOPS:   342907  Throughput:  1339.5 MB/s  Total: 2211.83 GB
[ 1691.2s] IOs:    579919159  IOPS:   342911  Throughput:  1339.5 MB/s  Total: 2212.22 GB
[ 1691.5s] IOs:    580019651  IOPS:   342906  Throughput:  1339.5 MB/s  Total: 2212.60 GB
[ 1691.7s] IOs:    580120231  IOPS:   342915  Throughput:  1339.5 MB/s  Total: 2212.98 GB
[ 1692.1s] IOs:    580220504  IOPS:   342909  Throughput:  1339.5 MB/s  Total: 2213.37 GB
[ 1692.3s] IOs:    580320813  IOPS:   342917  Throughput:  1339.5 MB/s  Total: 2213.75 GB
[ 1692.6s] IOs:    580420900  IOPS:   342922  Throughput:  1339.5 MB/s  Total: 2214.13 GB
[ 1692.8s] IOs:    580521327  IOPS:   342937  Throughput:  1339.6 MB/s  Total: 2214.51 GB
[ 1693.1s] IOs:    580621889  IOPS:   342942  Throughput:  1339.6 MB/s  Total: 2214.90 GB
[ 1693.3s] IOs:    580722736  IOPS:   342957  Throughput:  1339.7 MB/s  Total: 2215.28 GB
[Reader] Parsed 78000000 lines, distributed 580766403 writes, unique 671.80 GB, skipped 0
[ 1693.6s] IOs:    580823369  IOPS:   342943  Throughput:  1339.6 MB/s  Total: 2215.67 GB
[ 1693.9s] IOs:    580924254  IOPS:   342952  Throughput:  1339.7 MB/s  Total: 2216.05 GB
[ 1694.1s] IOs:    581024880  IOPS:   342968  Throughput:  1339.7 MB/s  Total: 2216.43 GB
[ 1694.4s] IOs:    581125367  IOPS:   342968  Throughput:  1339.7 MB/s  Total: 2216.82 GB
[ 1694.6s] IOs:    581226010  IOPS:   342984  Throughput:  1339.8 MB/s  Total: 2217.20 GB
[ 1695.0s] IOs:    581326269  IOPS:   342969  Throughput:  1339.7 MB/s  Total: 2217.58 GB
[ 1695.3s] IOs:    581426720  IOPS:   342972  Throughput:  1339.7 MB/s  Total: 2217.97 GB
[ 1695.5s] IOs:    581527122  IOPS:   342983  Throughput:  1339.8 MB/s  Total: 2218.35 GB
[ 1695.7s] IOs:    581627773  IOPS:   342994  Throughput:  1339.8 MB/s  Total: 2218.73 GB
[ 1696.0s] IOs:    581728155  IOPS:   343003  Throughput:  1339.9 MB/s  Total: 2219.12 GB
[ 1696.2s] IOs:    581828728  IOPS:   343016  Throughput:  1339.9 MB/s  Total: 2219.50 GB
[ 1696.6s] IOs:    581928731  IOPS:   343002  Throughput:  1339.8 MB/s  Total: 2219.88 GB
[ 1696.9s] IOs:    582029532  IOPS:   343000  Throughput:  1339.8 MB/s  Total: 2220.27 GB
[ 1697.2s] IOs:    582130159  IOPS:   342997  Throughput:  1339.8 MB/s  Total: 2220.65 GB
[ 1697.5s] IOs:    582230574  IOPS:   342987  Throughput:  1339.8 MB/s  Total: 2221.03 GB
[ 1697.7s] IOs:    582331355  IOPS:   343004  Throughput:  1339.9 MB/s  Total: 2221.42 GB
[ 1698.3s] IOs:    582431450  IOPS:   342952  Throughput:  1339.7 MB/s  Total: 2221.80 GB
[ 1698.5s] IOs:    582532007  IOPS:   342966  Throughput:  1339.7 MB/s  Total: 2222.18 GB
[ 1698.7s] IOs:    582632804  IOPS:   342983  Throughput:  1339.8 MB/s  Total: 2222.57 GB
[ 1699.3s] IOs:    582733316  IOPS:   342932  Throughput:  1339.6 MB/s  Total: 2222.95 GB
[ 1699.6s] IOs:    582833610  IOPS:   342934  Throughput:  1339.6 MB/s  Total: 2223.33 GB
[ 1699.8s] IOs:    582933843  IOPS:   342948  Throughput:  1339.6 MB/s  Total: 2223.72 GB
[ 1700.1s] IOs:    583034104  IOPS:   342945  Throughput:  1339.6 MB/s  Total: 2224.10 GB
[ 1700.3s] IOs:    583134493  IOPS:   342952  Throughput:  1339.7 MB/s  Total: 2224.48 GB
[ 1700.6s] IOs:    583235109  IOPS:   342965  Throughput:  1339.7 MB/s  Total: 2224.87 GB
[ 1700.8s] IOs:    583335336  IOPS:   342978  Throughput:  1339.8 MB/s  Total: 2225.25 GB
[ 1701.0s] IOs:    583435638  IOPS:   342991  Throughput:  1339.8 MB/s  Total: 2225.63 GB
[ 1701.3s] IOs:    583535828  IOPS:   342992  Throughput:  1339.8 MB/s  Total: 2226.01 GB
[ 1701.6s] IOs:    583636501  IOPS:   342999  Throughput:  1339.8 MB/s  Total: 2226.40 GB
[ 1701.8s] IOs:    583736947  IOPS:   343004  Throughput:  1339.9 MB/s  Total: 2226.78 GB
[ 1702.1s] IOs:    583837553  IOPS:   343001  Throughput:  1339.8 MB/s  Total: 2227.16 GB
[ 1702.4s] IOs:    583938555  IOPS:   343017  Throughput:  1339.9 MB/s  Total: 2227.55 GB
[ 1702.8s] IOs:    584039289  IOPS:   342978  Throughput:  1339.8 MB/s  Total: 2227.93 GB
[ 1703.1s] IOs:    584139974  IOPS:   342984  Throughput:  1339.8 MB/s  Total: 2228.32 GB
[ 1703.4s] IOs:    584240155  IOPS:   342976  Throughput:  1339.8 MB/s  Total: 2228.70 GB
[ 1703.7s] IOs:    584340351  IOPS:   342989  Throughput:  1339.8 MB/s  Total: 2229.08 GB
[ 1703.9s] IOs:    584441163  IOPS:   343000  Throughput:  1339.8 MB/s  Total: 2229.47 GB
[ 1704.1s] IOs:    584541325  IOPS:   343014  Throughput:  1339.9 MB/s  Total: 2229.85 GB
[ 1704.4s] IOs:    584641474  IOPS:   343026  Throughput:  1339.9 MB/s  Total: 2230.23 GB
[ 1704.6s] IOs:    584741581  IOPS:   343041  Throughput:  1340.0 MB/s  Total: 2230.61 GB
[ 1704.8s] IOs:    584842544  IOPS:   343062  Throughput:  1340.1 MB/s  Total: 2231.00 GB
[ 1705.0s] IOs:    584943259  IOPS:   343082  Throughput:  1340.2 MB/s  Total: 2231.38 GB
[ 1705.2s] IOs:    585044055  IOPS:   343095  Throughput:  1340.2 MB/s  Total: 2231.77 GB
[ 1705.4s] IOs:    585144677  IOPS:   343113  Throughput:  1340.3 MB/s  Total: 2232.15 GB
[ 1705.6s] IOs:    585244999  IOPS:   343137  Throughput:  1340.4 MB/s  Total: 2232.53 GB
[ 1705.7s] IOs:    585345470  IOPS:   343162  Throughput:  1340.5 MB/s  Total: 2232.92 GB
[ 1706.0s] IOs:    585446008  IOPS:   343166  Throughput:  1340.5 MB/s  Total: 2233.30 GB
[ 1706.2s] IOs:    585546577  IOPS:   343186  Throughput:  1340.6 MB/s  Total: 2233.68 GB
[ 1706.4s] IOs:    585647255  IOPS:   343210  Throughput:  1340.7 MB/s  Total: 2234.07 GB
[ 1706.6s] IOs:    585747904  IOPS:   343219  Throughput:  1340.7 MB/s  Total: 2234.45 GB
[ 1706.8s] IOs:    585848829  IOPS:   343242  Throughput:  1340.8 MB/s  Total: 2234.84 GB
[ 1707.0s] IOs:    585949488  IOPS:   343258  Throughput:  1340.9 MB/s  Total: 2235.22 GB
[ 1707.2s] IOs:    586049813  IOPS:   343280  Throughput:  1340.9 MB/s  Total: 2235.60 GB
[ 1707.4s] IOs:    586150471  IOPS:   343303  Throughput:  1341.0 MB/s  Total: 2235.99 GB
[ 1707.6s] IOs:    586251124  IOPS:   343323  Throughput:  1341.1 MB/s  Total: 2236.37 GB
[ 1707.7s] IOs:    586351716  IOPS:   343348  Throughput:  1341.2 MB/s  Total: 2236.75 GB
[ 1707.9s] IOs:    586452561  IOPS:   343373  Throughput:  1341.3 MB/s  Total: 2237.14 GB
[ 1708.3s] IOs:    586553135  IOPS:   343357  Throughput:  1341.2 MB/s  Total: 2237.52 GB
[ 1708.5s] IOs:    586653888  IOPS:   343372  Throughput:  1341.3 MB/s  Total: 2237.91 GB
[ 1708.7s] IOs:    586754670  IOPS:   343394  Throughput:  1341.4 MB/s  Total: 2238.29 GB
[ 1709.2s] IOs:    586855420  IOPS:   343351  Throughput:  1341.2 MB/s  Total: 2238.68 GB
[ 1709.4s] IOs:    586956011  IOPS:   343375  Throughput:  1341.3 MB/s  Total: 2239.06 GB
[ 1709.6s] IOs:    587056330  IOPS:   343380  Throughput:  1341.3 MB/s  Total: 2239.44 GB
[ 1709.8s] IOs:    587156801  IOPS:   343403  Throughput:  1341.4 MB/s  Total: 2239.83 GB
[ 1710.2s] IOs:    587257753  IOPS:   343392  Throughput:  1341.4 MB/s  Total: 2240.21 GB
[ 1710.6s] IOs:    587358510  IOPS:   343371  Throughput:  1341.3 MB/s  Total: 2240.59 GB
[ 1710.8s] IOs:    587459277  IOPS:   343390  Throughput:  1341.4 MB/s  Total: 2240.98 GB
[ 1711.0s] IOs:    587559813  IOPS:   343394  Throughput:  1341.4 MB/s  Total: 2241.36 GB
[ 1711.2s] IOs:    587660307  IOPS:   343417  Throughput:  1341.5 MB/s  Total: 2241.75 GB
[ 1711.5s] IOs:    587760823  IOPS:   343410  Throughput:  1341.4 MB/s  Total: 2242.13 GB
[ 1711.7s] IOs:    587861531  IOPS:   343433  Throughput:  1341.5 MB/s  Total: 2242.51 GB
[ 1712.1s] IOs:    587962450  IOPS:   343411  Throughput:  1341.4 MB/s  Total: 2242.90 GB
[ 1712.3s] IOs:    588063365  IOPS:   343433  Throughput:  1341.5 MB/s  Total: 2243.28 GB
[ 1712.5s] IOs:    588164023  IOPS:   343454  Throughput:  1341.6 MB/s  Total: 2243.67 GB
[ 1712.8s] IOs:    588264627  IOPS:   343442  Throughput:  1341.6 MB/s  Total: 2244.05 GB
[ 1713.1s] IOs:    588365250  IOPS:   343457  Throughput:  1341.6 MB/s  Total: 2244.44 GB
[ 1713.2s] IOs:    588465925  IOPS:   343480  Throughput:  1341.7 MB/s  Total: 2244.82 GB
[ 1713.7s] IOs:    588566043  IOPS:   343448  Throughput:  1341.6 MB/s  Total: 2245.20 GB
[ 1714.0s] IOs:    588666710  IOPS:   343439  Throughput:  1341.6 MB/s  Total: 2245.59 GB
[ 1714.2s] IOs:    588766713  IOPS:   343457  Throughput:  1341.6 MB/s  Total: 2245.97 GB
[ 1714.6s] IOs:    588867313  IOPS:   343446  Throughput:  1341.6 MB/s  Total: 2246.35 GB
[ 1714.8s] IOs:    588968249  IOPS:   343467  Throughput:  1341.7 MB/s  Total: 2246.74 GB
[ 1715.1s] IOs:    589068683  IOPS:   343457  Throughput:  1341.6 MB/s  Total: 2247.12 GB
[ 1715.3s] IOs:    589169312  IOPS:   343479  Throughput:  1341.7 MB/s  Total: 2247.50 GB
[ 1715.6s] IOs:    589270076  IOPS:   343469  Throughput:  1341.7 MB/s  Total: 2247.89 GB
[ 1715.8s] IOs:    589370714  IOPS:   343490  Throughput:  1341.8 MB/s  Total: 2248.27 GB
[ 1716.1s] IOs:    589471137  IOPS:   343485  Throughput:  1341.7 MB/s  Total: 2248.65 GB
[ 1716.3s] IOs:    589571619  IOPS:   343505  Throughput:  1341.8 MB/s  Total: 2249.04 GB
[ 1716.6s] IOs:    589672265  IOPS:   343507  Throughput:  1341.8 MB/s  Total: 2249.42 GB
[ 1716.8s] IOs:    589773071  IOPS:   343529  Throughput:  1341.9 MB/s  Total: 2249.81 GB
[ 1717.1s] IOs:    589873795  IOPS:   343530  Throughput:  1341.9 MB/s  Total: 2250.19 GB
[ 1717.3s] IOs:    589974282  IOPS:   343549  Throughput:  1342.0 MB/s  Total: 2250.57 GB
[ 1717.6s] IOs:    590074539  IOPS:   343551  Throughput:  1342.0 MB/s  Total: 2250.96 GB
[ 1717.8s] IOs:    590175229  IOPS:   343573  Throughput:  1342.1 MB/s  Total: 2251.34 GB
[ 1718.0s] IOs:    590275289  IOPS:   343574  Throughput:  1342.1 MB/s  Total: 2251.72 GB
[ 1718.2s] IOs:    590375896  IOPS:   343595  Throughput:  1342.2 MB/s  Total: 2252.11 GB
[ 1718.4s] IOs:    590475956  IOPS:   343617  Throughput:  1342.3 MB/s  Total: 2252.49 GB
[ 1718.7s] IOs:    590576293  IOPS:   343623  Throughput:  1342.3 MB/s  Total: 2252.87 GB
[ 1719.0s] IOs:    590676964  IOPS:   343613  Throughput:  1342.2 MB/s  Total: 2253.25 GB
[ 1719.2s] IOs:    590777863  IOPS:   343635  Throughput:  1342.3 MB/s  Total: 2253.64 GB
[ 1719.4s] IOs:    590878604  IOPS:   343657  Throughput:  1342.4 MB/s  Total: 2254.02 GB
[ 1719.7s] IOs:    590979037  IOPS:   343646  Throughput:  1342.4 MB/s  Total: 2254.41 GB
[Reader] Parsed 79000000 lines, distributed 590984952 writes, unique 677.69 GB, skipped 0
[ 1719.9s] IOs:    591079533  IOPS:   343667  Throughput:  1342.4 MB/s  Total: 2254.79 GB
[ 1720.2s] IOs:    591180119  IOPS:   343667  Throughput:  1342.4 MB/s  Total: 2255.17 GB
[ 1720.4s] IOs:    591281149  IOPS:   343691  Throughput:  1342.5 MB/s  Total: 2255.56 GB
[ 1720.7s] IOs:    591381230  IOPS:   343685  Throughput:  1342.5 MB/s  Total: 2255.94 GB
[ 1720.9s] IOs:    591481736  IOPS:   343708  Throughput:  1342.6 MB/s  Total: 2256.32 GB
[ 1721.2s] IOs:    591581995  IOPS:   343713  Throughput:  1342.6 MB/s  Total: 2256.71 GB
[ 1721.3s] IOs:    591682163  IOPS:   343736  Throughput:  1342.7 MB/s  Total: 2257.09 GB
[ 1721.9s] IOs:    591782658  IOPS:   343690  Throughput:  1342.5 MB/s  Total: 2257.47 GB
[ 1722.0s] IOs:    591883544  IOPS:   343709  Throughput:  1342.6 MB/s  Total: 2257.86 GB
[ 1722.2s] IOs:    591984035  IOPS:   343732  Throughput:  1342.7 MB/s  Total: 2258.24 GB
[ 1722.8s] IOs:    592084581  IOPS:   343674  Throughput:  1342.5 MB/s  Total: 2258.62 GB
[ 1723.1s] IOs:    592185110  IOPS:   343684  Throughput:  1342.5 MB/s  Total: 2259.01 GB
[ 1723.2s] IOs:    592286109  IOPS:   343705  Throughput:  1342.6 MB/s  Total: 2259.39 GB
[ 1723.7s] IOs:    592386922  IOPS:   343670  Throughput:  1342.5 MB/s  Total: 2259.78 GB
[ 1723.9s] IOs:    592487559  IOPS:   343685  Throughput:  1342.5 MB/s  Total: 2260.16 GB
[ 1724.2s] IOs:    592588075  IOPS:   343690  Throughput:  1342.5 MB/s  Total: 2260.54 GB
[ 1724.6s] IOs:    592688388  IOPS:   343677  Throughput:  1342.5 MB/s  Total: 2260.93 GB
[ 1724.7s] IOs:    592789224  IOPS:   343699  Throughput:  1342.6 MB/s  Total: 2261.31 GB
[ 1725.1s] IOs:    592889737  IOPS:   343687  Throughput:  1342.5 MB/s  Total: 2261.69 GB
[ 1725.3s] IOs:    592990491  IOPS:   343707  Throughput:  1342.6 MB/s  Total: 2262.08 GB
[ 1725.6s] IOs:    593090796  IOPS:   343698  Throughput:  1342.6 MB/s  Total: 2262.46 GB
[ 1725.8s] IOs:    593190863  IOPS:   343716  Throughput:  1342.6 MB/s  Total: 2262.84 GB
[ 1726.1s] IOs:    593291541  IOPS:   343709  Throughput:  1342.6 MB/s  Total: 2263.23 GB
[ 1726.3s] IOs:    593391840  IOPS:   343731  Throughput:  1342.7 MB/s  Total: 2263.61 GB
[ 1726.7s] IOs:    593492697  IOPS:   343722  Throughput:  1342.7 MB/s  Total: 2263.99 GB
[ 1726.8s] IOs:    593592731  IOPS:   343745  Throughput:  1342.8 MB/s  Total: 2264.38 GB
[ 1727.3s] IOs:    593693169  IOPS:   343709  Throughput:  1342.6 MB/s  Total: 2264.76 GB
[ 1727.5s] IOs:    593793979  IOPS:   343727  Throughput:  1342.7 MB/s  Total: 2265.14 GB
[ 1727.7s] IOs:    593894684  IOPS:   343751  Throughput:  1342.8 MB/s  Total: 2265.53 GB
[ 1728.1s] IOs:    593995444  IOPS:   343720  Throughput:  1342.7 MB/s  Total: 2265.91 GB
[ 1728.3s] IOs:    594095846  IOPS:   343742  Throughput:  1342.7 MB/s  Total: 2266.30 GB
[ 1728.6s] IOs:    594196221  IOPS:   343742  Throughput:  1342.7 MB/s  Total: 2266.68 GB
[ 1728.8s] IOs:    594296949  IOPS:   343764  Throughput:  1342.8 MB/s  Total: 2267.06 GB
[ 1729.2s] IOs:    594397647  IOPS:   343742  Throughput:  1342.7 MB/s  Total: 2267.45 GB
[ 1729.4s] IOs:    594497887  IOPS:   343763  Throughput:  1342.8 MB/s  Total: 2267.83 GB
[ 1729.7s] IOs:    594598316  IOPS:   343761  Throughput:  1342.8 MB/s  Total: 2268.21 GB
[ 1729.9s] IOs:    594698747  IOPS:   343783  Throughput:  1342.9 MB/s  Total: 2268.60 GB
[ 1730.1s] IOs:    594799617  IOPS:   343786  Throughput:  1342.9 MB/s  Total: 2268.98 GB
[ 1730.3s] IOs:    594900458  IOPS:   343809  Throughput:  1343.0 MB/s  Total: 2269.37 GB
[ 1730.7s] IOs:    595001195  IOPS:   343790  Throughput:  1342.9 MB/s  Total: 2269.75 GB
[ 1730.9s] IOs:    595102111  IOPS:   343812  Throughput:  1343.0 MB/s  Total: 2270.13 GB
[ 1731.2s] IOs:    595202603  IOPS:   343819  Throughput:  1343.0 MB/s  Total: 2270.52 GB
[ 1731.3s] IOs:    595303197  IOPS:   343842  Throughput:  1343.1 MB/s  Total: 2270.90 GB
[ 1731.7s] IOs:    595403777  IOPS:   343827  Throughput:  1343.1 MB/s  Total: 2271.29 GB
[ 1731.9s] IOs:    595504734  IOPS:   343843  Throughput:  1343.1 MB/s  Total: 2271.67 GB
[ 1732.2s] IOs:    595604996  IOPS:   343836  Throughput:  1343.1 MB/s  Total: 2272.05 GB
[ 1732.4s] IOs:    595705637  IOPS:   343859  Throughput:  1343.2 MB/s  Total: 2272.44 GB
[ 1732.7s] IOs:    595806264  IOPS:   343851  Throughput:  1343.2 MB/s  Total: 2272.82 GB
[ 1732.9s] IOs:    595906424  IOPS:   343876  Throughput:  1343.3 MB/s  Total: 2273.20 GB
[ 1733.3s] IOs:    596006545  IOPS:   343862  Throughput:  1343.2 MB/s  Total: 2273.58 GB
[ 1733.5s] IOs:    596106550  IOPS:   343884  Throughput:  1343.3 MB/s  Total: 2273.97 GB
[ 1733.7s] IOs:    596207194  IOPS:   343889  Throughput:  1343.3 MB/s  Total: 2274.35 GB
[ 1733.9s] IOs:    596308001  IOPS:   343912  Throughput:  1343.4 MB/s  Total: 2274.73 GB
[ 1734.2s] IOs:    596408455  IOPS:   343900  Throughput:  1343.4 MB/s  Total: 2275.12 GB
[ 1734.4s] IOs:    596508545  IOPS:   343918  Throughput:  1343.4 MB/s  Total: 2275.50 GB
[ 1734.7s] IOs:    596609545  IOPS:   343926  Throughput:  1343.5 MB/s  Total: 2275.88 GB
[ 1734.9s] IOs:    596709748  IOPS:   343949  Throughput:  1343.5 MB/s  Total: 2276.27 GB
[ 1735.2s] IOs:    596810179  IOPS:   343950  Throughput:  1343.6 MB/s  Total: 2276.65 GB
[ 1735.5s] IOs:    596910750  IOPS:   343942  Throughput:  1343.5 MB/s  Total: 2277.03 GB
[ 1735.7s] IOs:    597011773  IOPS:   343964  Throughput:  1343.6 MB/s  Total: 2277.42 GB
[ 1735.9s] IOs:    597112431  IOPS:   343986  Throughput:  1343.7 MB/s  Total: 2277.80 GB
[ 1736.2s] IOs:    597213052  IOPS:   343979  Throughput:  1343.7 MB/s  Total: 2278.19 GB
[ 1736.4s] IOs:    597313639  IOPS:   344001  Throughput:  1343.8 MB/s  Total: 2278.57 GB
[ 1736.7s] IOs:    597413954  IOPS:   344002  Throughput:  1343.8 MB/s  Total: 2278.95 GB
[ 1736.8s] IOs:    597514598  IOPS:   344025  Throughput:  1343.8 MB/s  Total: 2279.34 GB
[ 1737.1s] IOs:    597615363  IOPS:   344026  Throughput:  1343.9 MB/s  Total: 2279.72 GB
[ 1737.3s] IOs:    597716300  IOPS:   344049  Throughput:  1343.9 MB/s  Total: 2280.11 GB
[ 1737.5s] IOs:    597816565  IOPS:   344072  Throughput:  1344.0 MB/s  Total: 2280.49 GB
[ 1737.7s] IOs:    597916906  IOPS:   344077  Throughput:  1344.1 MB/s  Total: 2280.87 GB
[ 1737.9s] IOs:    598017644  IOPS:   344100  Throughput:  1344.1 MB/s  Total: 2281.26 GB
[ 1738.2s] IOs:    598117822  IOPS:   344101  Throughput:  1344.1 MB/s  Total: 2281.64 GB
[ 1738.4s] IOs:    598218544  IOPS:   344123  Throughput:  1344.2 MB/s  Total: 2282.02 GB
[ 1738.7s] IOs:    598319153  IOPS:   344123  Throughput:  1344.2 MB/s  Total: 2282.41 GB
[ 1738.9s] IOs:    598419416  IOPS:   344145  Throughput:  1344.3 MB/s  Total: 2282.79 GB
[ 1739.0s] IOs:    598519714  IOPS:   344166  Throughput:  1344.4 MB/s  Total: 2283.17 GB
[ 1739.2s] IOs:    598620457  IOPS:   344185  Throughput:  1344.5 MB/s  Total: 2283.56 GB
[ 1739.4s] IOs:    598720982  IOPS:   344202  Throughput:  1344.5 MB/s  Total: 2283.94 GB
[ 1739.6s] IOs:    598821556  IOPS:   344222  Throughput:  1344.6 MB/s  Total: 2284.32 GB
[ 1739.8s] IOs:    598922151  IOPS:   344245  Throughput:  1344.7 MB/s  Total: 2284.71 GB
[ 1740.0s] IOs:    599022496  IOPS:   344269  Throughput:  1344.8 MB/s  Total: 2285.09 GB
[ 1740.2s] IOs:    599123292  IOPS:   344284  Throughput:  1344.9 MB/s  Total: 2285.47 GB
[ 1740.4s] IOs:    599223972  IOPS:   344304  Throughput:  1344.9 MB/s  Total: 2285.86 GB
[ 1740.6s] IOs:    599324737  IOPS:   344325  Throughput:  1345.0 MB/s  Total: 2286.24 GB
[ 1740.8s] IOs:    599425193  IOPS:   344348  Throughput:  1345.1 MB/s  Total: 2286.63 GB
[ 1740.9s] IOs:    599525589  IOPS:   344370  Throughput:  1345.2 MB/s  Total: 2287.01 GB
[ 1741.3s] IOs:    599626222  IOPS:   344356  Throughput:  1345.1 MB/s  Total: 2287.39 GB
[ 1741.5s] IOs:    599726893  IOPS:   344379  Throughput:  1345.2 MB/s  Total: 2287.78 GB
[ 1741.6s] IOs:    599827510  IOPS:   344403  Throughput:  1345.3 MB/s  Total: 2288.16 GB
[ 1741.9s] IOs:    599928432  IOPS:   344416  Throughput:  1345.4 MB/s  Total: 2288.55 GB
[ 1742.1s] IOs:    600029314  IOPS:   344434  Throughput:  1345.4 MB/s  Total: 2288.93 GB
[ 1742.3s] IOs:    600129801  IOPS:   344452  Throughput:  1345.5 MB/s  Total: 2289.31 GB
[ 1742.4s] IOs:    600230458  IOPS:   344476  Throughput:  1345.6 MB/s  Total: 2289.70 GB
[ 1742.7s] IOs:    600330893  IOPS:   344484  Throughput:  1345.6 MB/s  Total: 2290.08 GB
[ 1742.9s] IOs:    600431595  IOPS:   344507  Throughput:  1345.7 MB/s  Total: 2290.46 GB
[ 1743.1s] IOs:    600532617  IOPS:   344529  Throughput:  1345.8 MB/s  Total: 2290.85 GB
[ 1743.3s] IOs:    600633164  IOPS:   344540  Throughput:  1345.9 MB/s  Total: 2291.23 GB
[ 1743.5s] IOs:    600733799  IOPS:   344562  Throughput:  1345.9 MB/s  Total: 2291.62 GB
[Reader] Parsed 80000000 lines, distributed 600794591 writes, unique 682.43 GB, skipped 0
[ 1743.7s] IOs:    600834482  IOPS:   344582  Throughput:  1346.0 MB/s  Total: 2292.00 GB
[ 1743.8s] IOs:    600935126  IOPS:   344605  Throughput:  1346.1 MB/s  Total: 2292.39 GB
[ 1744.0s] IOs:    601035947  IOPS:   344630  Throughput:  1346.2 MB/s  Total: 2292.77 GB
[ 1744.2s] IOs:    601136545  IOPS:   344651  Throughput:  1346.3 MB/s  Total: 2293.15 GB
[ 1744.4s] IOs:    601236910  IOPS:   344675  Throughput:  1346.4 MB/s  Total: 2293.54 GB
[ 1744.5s] IOs:    601337679  IOPS:   344696  Throughput:  1346.5 MB/s  Total: 2293.92 GB
[ 1744.7s] IOs:    601438362  IOPS:   344715  Throughput:  1346.5 MB/s  Total: 2294.31 GB
[ 1744.9s] IOs:    601539262  IOPS:   344737  Throughput:  1346.6 MB/s  Total: 2294.69 GB
[ 1745.1s] IOs:    601639926  IOPS:   344754  Throughput:  1346.7 MB/s  Total: 2295.07 GB
[ 1745.3s] IOs:    601740690  IOPS:   344778  Throughput:  1346.8 MB/s  Total: 2295.46 GB
[ 1745.5s] IOs:    601841122  IOPS:   344802  Throughput:  1346.9 MB/s  Total: 2295.84 GB
[ 1745.7s] IOs:    601941915  IOPS:   344824  Throughput:  1347.0 MB/s  Total: 2296.23 GB
[ 1745.8s] IOs:    602042459  IOPS:   344847  Throughput:  1347.1 MB/s  Total: 2296.61 GB
[ 1746.0s] IOs:    602143065  IOPS:   344872  Throughput:  1347.2 MB/s  Total: 2296.99 GB
[ 1746.2s] IOs:    602243654  IOPS:   344894  Throughput:  1347.2 MB/s  Total: 2297.38 GB
[ 1746.7s] IOs:    602344005  IOPS:   344839  Throughput:  1347.0 MB/s  Total: 2297.76 GB
[ 1747.6s] IOs:    602444793  IOPS:   344717  Throughput:  1346.6 MB/s  Total: 2298.14 GB
[ 1748.2s] IOs:    602545505  IOPS:   344657  Throughput:  1346.3 MB/s  Total: 2298.53 GB
[ 1748.9s] IOs:    602646175  IOPS:   344593  Throughput:  1346.1 MB/s  Total: 2298.91 GB
[ 1749.3s] IOs:    602746541  IOPS:   344555  Throughput:  1345.9 MB/s  Total: 2299.30 GB
[ 1749.9s] IOs:    602847351  IOPS:   344507  Throughput:  1345.7 MB/s  Total: 2299.68 GB
[ 1750.6s] IOs:    602948144  IOPS:   344415  Throughput:  1345.4 MB/s  Total: 2300.06 GB
[ 1751.1s] IOs:    603048277  IOPS:   344373  Throughput:  1345.2 MB/s  Total: 2300.45 GB
[ 1751.7s] IOs:    603148651  IOPS:   344328  Throughput:  1345.0 MB/s  Total: 2300.83 GB
[ 1752.1s] IOs:    603249268  IOPS:   344292  Throughput:  1344.9 MB/s  Total: 2301.21 GB
[ 1752.5s] IOs:    603350161  IOPS:   344280  Throughput:  1344.8 MB/s  Total: 2301.60 GB
[ 1752.9s] IOs:    603450790  IOPS:   344263  Throughput:  1344.8 MB/s  Total: 2301.98 GB
[ 1753.4s] IOs:    603551624  IOPS:   344227  Throughput:  1344.6 MB/s  Total: 2302.37 GB
[ 1753.9s] IOs:    603652638  IOPS:   344173  Throughput:  1344.4 MB/s  Total: 2302.75 GB
[ 1754.2s] IOs:    603753252  IOPS:   344171  Throughput:  1344.4 MB/s  Total: 2303.14 GB
[ 1754.5s] IOs:    603853680  IOPS:   344181  Throughput:  1344.5 MB/s  Total: 2303.52 GB
[ 1754.9s] IOs:    603953740  IOPS:   344157  Throughput:  1344.4 MB/s  Total: 2303.90 GB
[ 1758.8s] IOs:    604054338  IOPS:   343440  Throughput:  1341.6 MB/s  Total: 2304.28 GB
[ 1759.2s] IOs:    604155121  IOPS:   343431  Throughput:  1341.5 MB/s  Total: 2304.67 GB
[ 1759.7s] IOs:    604255832  IOPS:   343378  Throughput:  1341.3 MB/s  Total: 2305.05 GB
[ 1760.1s] IOs:    604356263  IOPS:   343361  Throughput:  1341.3 MB/s  Total: 2305.44 GB
[ 1760.7s] IOs:    604456906  IOPS:   343305  Throughput:  1341.0 MB/s  Total: 2305.82 GB
[ 1761.1s] IOs:    604557719  IOPS:   343286  Throughput:  1341.0 MB/s  Total: 2306.20 GB
[ 1761.3s] IOs:    604658571  IOPS:   343302  Throughput:  1341.0 MB/s  Total: 2306.59 GB
[ 1761.9s] IOs:    604758718  IOPS:   343238  Throughput:  1340.8 MB/s  Total: 2306.97 GB
[ 1762.3s] IOs:    604859151  IOPS:   343220  Throughput:  1340.7 MB/s  Total: 2307.35 GB
[ 1762.7s] IOs:    604959773  IOPS:   343198  Throughput:  1340.6 MB/s  Total: 2307.74 GB
[ 1763.2s] IOs:    605060469  IOPS:   343169  Throughput:  1340.5 MB/s  Total: 2308.12 GB
[ 1763.4s] IOs:    605161297  IOPS:   343175  Throughput:  1340.5 MB/s  Total: 2308.51 GB
[ 1763.7s] IOs:    605262189  IOPS:   343170  Throughput:  1340.5 MB/s  Total: 2308.89 GB
[ 1764.2s] IOs:    605362585  IOPS:   343145  Throughput:  1340.4 MB/s  Total: 2309.27 GB
[ 1764.5s] IOs:    605462803  IOPS:   343140  Throughput:  1340.4 MB/s  Total: 2309.66 GB
[ 1765.7s] IOs:    605563056  IOPS:   342952  Throughput:  1339.7 MB/s  Total: 2310.04 GB
[ 1766.3s] IOs:    605663886  IOPS:   342902  Throughput:  1339.5 MB/s  Total: 2310.42 GB
[ 1766.9s] IOs:    605764640  IOPS:   342843  Throughput:  1339.2 MB/s  Total: 2310.81 GB
[ 1767.7s] IOs:    605865011  IOPS:   342749  Throughput:  1338.9 MB/s  Total: 2311.19 GB
[ 1768.2s] IOs:    605965715  IOPS:   342695  Throughput:  1338.7 MB/s  Total: 2311.58 GB
[ 1768.8s] IOs:    606066211  IOPS:   342647  Throughput:  1338.5 MB/s  Total: 2311.96 GB
[ 1769.3s] IOs:    606166880  IOPS:   342600  Throughput:  1338.3 MB/s  Total: 2312.34 GB
[ 1769.8s] IOs:    606267487  IOPS:   342563  Throughput:  1338.1 MB/s  Total: 2312.73 GB
[ 1770.3s] IOs:    606367970  IOPS:   342528  Throughput:  1338.0 MB/s  Total: 2313.11 GB
[ 1770.8s] IOs:    606468282  IOPS:   342475  Throughput:  1337.8 MB/s  Total: 2313.49 GB
[ 1771.2s] IOs:    606568957  IOPS:   342463  Throughput:  1337.7 MB/s  Total: 2313.88 GB
[ 1771.7s] IOs:    606669777  IOPS:   342426  Throughput:  1337.6 MB/s  Total: 2314.26 GB
[ 1771.9s] IOs:    606770517  IOPS:   342436  Throughput:  1337.6 MB/s  Total: 2314.65 GB
[ 1772.4s] IOs:    606871019  IOPS:   342403  Throughput:  1337.5 MB/s  Total: 2315.03 GB
[ 1772.8s] IOs:    606971533  IOPS:   342388  Throughput:  1337.5 MB/s  Total: 2315.41 GB
[ 1773.2s] IOs:    607072184  IOPS:   342354  Throughput:  1337.3 MB/s  Total: 2315.80 GB
[ 1773.5s] IOs:    607172635  IOPS:   342364  Throughput:  1337.4 MB/s  Total: 2316.18 GB
[ 1773.8s] IOs:    607273082  IOPS:   342358  Throughput:  1337.3 MB/s  Total: 2316.56 GB
[ 1774.3s] IOs:    607373719  IOPS:   342318  Throughput:  1337.2 MB/s  Total: 2316.95 GB
[ 1774.8s] IOs:    607474227  IOPS:   342282  Throughput:  1337.0 MB/s  Total: 2317.33 GB
[ 1775.2s] IOs:    607574722  IOPS:   342250  Throughput:  1336.9 MB/s  Total: 2317.71 GB
[ 1775.5s] IOs:    607675059  IOPS:   342262  Throughput:  1337.0 MB/s  Total: 2318.10 GB
[ 1776.0s] IOs:    607775734  IOPS:   342218  Throughput:  1336.8 MB/s  Total: 2318.48 GB
[ 1776.3s] IOs:    607876142  IOPS:   342210  Throughput:  1336.8 MB/s  Total: 2318.86 GB
[ 1776.8s] IOs:    607976671  IOPS:   342166  Throughput:  1336.6 MB/s  Total: 2319.25 GB
[ 1777.3s] IOs:    608077445  IOPS:   342127  Throughput:  1336.4 MB/s  Total: 2319.63 GB
[ 1777.9s] IOs:    608177984  IOPS:   342081  Throughput:  1336.3 MB/s  Total: 2320.01 GB
[ 1778.4s] IOs:    608278813  IOPS:   342041  Throughput:  1336.1 MB/s  Total: 2320.40 GB
[ 1778.8s] IOs:    608379577  IOPS:   342011  Throughput:  1336.0 MB/s  Total: 2320.78 GB
[ 1779.3s] IOs:    608480402  IOPS:   341976  Throughput:  1335.8 MB/s  Total: 2321.17 GB
[ 1779.8s] IOs:    608580934  IOPS:   341940  Throughput:  1335.7 MB/s  Total: 2321.55 GB
[ 1780.0s] IOs:    608681495  IOPS:   341950  Throughput:  1335.7 MB/s  Total: 2321.94 GB
[ 1780.4s] IOs:    608782156  IOPS:   341936  Throughput:  1335.7 MB/s  Total: 2322.32 GB
[ 1780.8s] IOs:    608882981  IOPS:   341906  Throughput:  1335.6 MB/s  Total: 2322.70 GB
[ 1781.5s] IOs:    608983911  IOPS:   341846  Throughput:  1335.3 MB/s  Total: 2323.09 GB
[ 1781.7s] IOs:    609084761  IOPS:   341856  Throughput:  1335.4 MB/s  Total: 2323.47 GB
[ 1782.0s] IOs:    609185650  IOPS:   341862  Throughput:  1335.4 MB/s  Total: 2323.86 GB
[ 1782.4s] IOs:    609285661  IOPS:   341835  Throughput:  1335.3 MB/s  Total: 2324.24 GB
[ 1782.8s] IOs:    609386491  IOPS:   341820  Throughput:  1335.2 MB/s  Total: 2324.62 GB
[ 1783.0s] IOs:    609487126  IOPS:   341826  Throughput:  1335.3 MB/s  Total: 2325.01 GB
[ 1783.4s] IOs:    609588043  IOPS:   341809  Throughput:  1335.2 MB/s  Total: 2325.39 GB
[ 1783.9s] IOs:    609688773  IOPS:   341764  Throughput:  1335.0 MB/s  Total: 2325.78 GB
[ 1784.2s] IOs:    609789532  IOPS:   341773  Throughput:  1335.0 MB/s  Total: 2326.16 GB
[ 1784.4s] IOs:    609890243  IOPS:   341789  Throughput:  1335.1 MB/s  Total: 2326.55 GB
[ 1784.8s] IOs:    609990985  IOPS:   341772  Throughput:  1335.0 MB/s  Total: 2326.93 GB
[ 1785.0s] IOs:    610091392  IOPS:   341786  Throughput:  1335.1 MB/s  Total: 2327.31 GB
[ 1785.4s] IOs:    610192042  IOPS:   341773  Throughput:  1335.1 MB/s  Total: 2327.70 GB
[ 1785.6s] IOs:    610292802  IOPS:   341787  Throughput:  1335.1 MB/s  Total: 2328.08 GB
[ 1786.2s] IOs:    610393506  IOPS:   341718  Throughput:  1334.8 MB/s  Total: 2328.47 GB
[ 1786.8s] IOs:    610494380  IOPS:   341666  Throughput:  1334.6 MB/s  Total: 2328.85 GB
[ 1787.3s] IOs:    610594949  IOPS:   341620  Throughput:  1334.5 MB/s  Total: 2329.23 GB
[ 1787.8s] IOs:    610695496  IOPS:   341590  Throughput:  1334.3 MB/s  Total: 2329.62 GB
[ 1788.4s] IOs:    610796209  IOPS:   341535  Throughput:  1334.1 MB/s  Total: 2330.00 GB
[ 1788.8s] IOs:    610896785  IOPS:   341509  Throughput:  1334.0 MB/s  Total: 2330.39 GB
[ 1789.2s] IOs:    610997722  IOPS:   341483  Throughput:  1333.9 MB/s  Total: 2330.77 GB
[ 1789.5s] IOs:    611098340  IOPS:   341482  Throughput:  1333.9 MB/s  Total: 2331.16 GB
[ 1790.1s] IOs:    611199309  IOPS:   341438  Throughput:  1333.7 MB/s  Total: 2331.54 GB
[ 1790.4s] IOs:    611299748  IOPS:   341436  Throughput:  1333.7 MB/s  Total: 2331.92 GB
[ 1790.9s] IOs:    611400597  IOPS:   341387  Throughput:  1333.5 MB/s  Total: 2332.31 GB
[ 1791.9s] IOs:    611501521  IOPS:   341259  Throughput:  1333.0 MB/s  Total: 2332.69 GB
[ 1792.9s] IOs:    611602255  IOPS:   341134  Throughput:  1332.6 MB/s  Total: 2333.08 GB
[ 1793.4s] IOs:    611702735  IOPS:   341079  Throughput:  1332.3 MB/s  Total: 2333.46 GB
[Reader] Parsed 81000000 lines, distributed 611774686 writes, unique 688.39 GB, skipped 0
[ 1794.3s] IOs:    611803161  IOPS:   340978  Throughput:  1331.9 MB/s  Total: 2333.84 GB
[ 1794.9s] IOs:    611903247  IOPS:   340904  Throughput:  1331.7 MB/s  Total: 2334.23 GB
[ 1795.4s] IOs:    612004087  IOPS:   340871  Throughput:  1331.5 MB/s  Total: 2334.61 GB
[ 1796.3s] IOs:    612105012  IOPS:   340761  Throughput:  1331.1 MB/s  Total: 2335.00 GB
[ 1796.8s] IOs:    612205601  IOPS:   340717  Throughput:  1330.9 MB/s  Total: 2335.38 GB
[ 1797.5s] IOs:    612306616  IOPS:   340651  Throughput:  1330.7 MB/s  Total: 2335.76 GB
[ 1798.0s] IOs:    612407234  IOPS:   340601  Throughput:  1330.5 MB/s  Total: 2336.15 GB
[ 1798.4s] IOs:    612507749  IOPS:   340582  Throughput:  1330.4 MB/s  Total: 2336.53 GB
[ 1799.1s] IOs:    612608572  IOPS:   340511  Throughput:  1330.1 MB/s  Total: 2336.92 GB
[ 1799.7s] IOs:    612708637  IOPS:   340455  Throughput:  1329.9 MB/s  Total: 2337.30 GB
[ 1799.9s] IOs:    612809117  IOPS:   340467  Throughput:  1329.9 MB/s  Total: 2337.68 GB
[ 1800.5s] IOs:    612910110  IOPS:   340413  Throughput:  1329.7 MB/s  Total: 2338.07 GB
[ 1800.8s] IOs:    613010565  IOPS:   340401  Throughput:  1329.7 MB/s  Total: 2338.45 GB
[ 1801.4s] IOs:    613111327  IOPS:   340349  Throughput:  1329.5 MB/s  Total: 2338.83 GB
[ 1801.7s] IOs:    613211696  IOPS:   340348  Throughput:  1329.5 MB/s  Total: 2339.22 GB
[ 1802.0s] IOs:    613312525  IOPS:   340347  Throughput:  1329.5 MB/s  Total: 2339.60 GB
[ 1802.4s] IOs:    613412785  IOPS:   340333  Throughput:  1329.4 MB/s  Total: 2339.98 GB
[ 1802.9s] IOs:    613513521  IOPS:   340298  Throughput:  1329.3 MB/s  Total: 2340.37 GB
[ 1803.1s] IOs:    613613959  IOPS:   340309  Throughput:  1329.3 MB/s  Total: 2340.75 GB
[ 1803.5s] IOs:    613714558  IOPS:   340300  Throughput:  1329.3 MB/s  Total: 2341.14 GB
[ 1804.0s] IOs:    613815189  IOPS:   340253  Throughput:  1329.1 MB/s  Total: 2341.52 GB
[ 1804.5s] IOs:    613915782  IOPS:   340214  Throughput:  1329.0 MB/s  Total: 2341.90 GB
[ 1805.1s] IOs:    614016637  IOPS:   340166  Throughput:  1328.8 MB/s  Total: 2342.29 GB
[ 1805.4s] IOs:    614117510  IOPS:   340157  Throughput:  1328.7 MB/s  Total: 2342.67 GB
[ 1805.9s] IOs:    614217531  IOPS:   340113  Throughput:  1328.6 MB/s  Total: 2343.05 GB
[ 1806.2s] IOs:    614317768  IOPS:   340123  Throughput:  1328.6 MB/s  Total: 2343.44 GB
[ 1806.5s] IOs:    614418153  IOPS:   340113  Throughput:  1328.6 MB/s  Total: 2343.82 GB
[ 1807.0s] IOs:    614518847  IOPS:   340070  Throughput:  1328.4 MB/s  Total: 2344.20 GB
[ 1807.3s] IOs:    614619708  IOPS:   340076  Throughput:  1328.4 MB/s  Total: 2344.59 GB
[ 1807.6s] IOs:    614720448  IOPS:   340082  Throughput:  1328.4 MB/s  Total: 2344.97 GB
[ 1807.9s] IOs:    614821177  IOPS:   340069  Throughput:  1328.4 MB/s  Total: 2345.36 GB
[ 1808.3s] IOs:    614921542  IOPS:   340059  Throughput:  1328.4 MB/s  Total: 2345.74 GB
[ 1808.8s] IOs:    615022356  IOPS:   340018  Throughput:  1328.2 MB/s  Total: 2346.12 GB
[ 1809.4s] IOs:    615123147  IOPS:   339951  Throughput:  1327.9 MB/s  Total: 2346.51 GB
[ 1809.8s] IOs:    615223995  IOPS:   339932  Throughput:  1327.9 MB/s  Total: 2346.89 GB
[ 1810.5s] IOs:    615324544  IOPS:   339865  Throughput:  1327.6 MB/s  Total: 2347.28 GB
[ 1810.9s] IOs:    615424861  IOPS:   339844  Throughput:  1327.5 MB/s  Total: 2347.66 GB
[ 1811.4s] IOs:    615525446  IOPS:   339804  Throughput:  1327.4 MB/s  Total: 2348.04 GB
[ 1811.8s] IOs:    615625446  IOPS:   339786  Throughput:  1327.3 MB/s  Total: 2348.42 GB
[ 1812.3s] IOs:    615726132  IOPS:   339757  Throughput:  1327.2 MB/s  Total: 2348.81 GB
[ 1812.7s] IOs:    615826876  IOPS:   339728  Throughput:  1327.1 MB/s  Total: 2349.19 GB
[ 1813.1s] IOs:    615927441  IOPS:   339716  Throughput:  1327.0 MB/s  Total: 2349.58 GB
[ 1813.4s] IOs:    616028069  IOPS:   339706  Throughput:  1327.0 MB/s  Total: 2349.96 GB
[ 1813.9s] IOs:    616128129  IOPS:   339664  Throughput:  1326.8 MB/s  Total: 2350.34 GB
[ 1814.3s] IOs:    616229035  IOPS:   339649  Throughput:  1326.8 MB/s  Total: 2350.73 GB
[ 1814.6s] IOs:    616329604  IOPS:   339655  Throughput:  1326.8 MB/s  Total: 2351.11 GB
[ 1815.0s] IOs:    616429912  IOPS:   339639  Throughput:  1326.7 MB/s  Total: 2351.49 GB
[ 1815.5s] IOs:    616530639  IOPS:   339601  Throughput:  1326.6 MB/s  Total: 2351.88 GB
[ 1815.7s] IOs:    616631235  IOPS:   339613  Throughput:  1326.6 MB/s  Total: 2352.26 GB
[ 1816.0s] IOs:    616731274  IOPS:   339606  Throughput:  1326.6 MB/s  Total: 2352.64 GB
[ 1816.4s] IOs:    616832054  IOPS:   339585  Throughput:  1326.5 MB/s  Total: 2353.03 GB
[ 1816.8s] IOs:    616932477  IOPS:   339577  Throughput:  1326.5 MB/s  Total: 2353.41 GB
[ 1817.1s] IOs:    617033055  IOPS:   339565  Throughput:  1326.4 MB/s  Total: 2353.79 GB
[ 1817.5s] IOs:    617133589  IOPS:   339558  Throughput:  1326.4 MB/s  Total: 2354.18 GB
[ 1817.8s] IOs:    617233963  IOPS:   339549  Throughput:  1326.4 MB/s  Total: 2354.56 GB
[ 1818.0s] IOs:    617334585  IOPS:   339560  Throughput:  1326.4 MB/s  Total: 2354.94 GB
[ 1818.4s] IOs:    617435300  IOPS:   339548  Throughput:  1326.4 MB/s  Total: 2355.33 GB
[ 1818.8s] IOs:    617535489  IOPS:   339535  Throughput:  1326.3 MB/s  Total: 2355.71 GB
[ 1819.0s] IOs:    617636212  IOPS:   339547  Throughput:  1326.4 MB/s  Total: 2356.10 GB
[ 1819.3s] IOs:    617736616  IOPS:   339539  Throughput:  1326.3 MB/s  Total: 2356.48 GB
[ 1819.6s] IOs:    617837001  IOPS:   339549  Throughput:  1326.4 MB/s  Total: 2356.86 GB
[ 1819.9s] IOs:    617937693  IOPS:   339540  Throughput:  1326.3 MB/s  Total: 2357.25 GB
[ 1820.2s] IOs:    618038148  IOPS:   339551  Throughput:  1326.4 MB/s  Total: 2357.63 GB
[ 1820.4s] IOs:    618138516  IOPS:   339554  Throughput:  1326.4 MB/s  Total: 2358.01 GB
[ 1820.7s] IOs:    618238792  IOPS:   339553  Throughput:  1326.4 MB/s  Total: 2358.39 GB
[ 1821.3s] IOs:    618339404  IOPS:   339500  Throughput:  1326.2 MB/s  Total: 2358.78 GB
[ 1821.8s] IOs:    618439607  IOPS:   339460  Throughput:  1326.0 MB/s  Total: 2359.16 GB
[ 1822.4s] IOs:    618540129  IOPS:   339418  Throughput:  1325.9 MB/s  Total: 2359.54 GB
[ 1822.9s] IOs:    618640429  IOPS:   339381  Throughput:  1325.7 MB/s  Total: 2359.93 GB
[ 1823.3s] IOs:    618741196  IOPS:   339344  Throughput:  1325.6 MB/s  Total: 2360.31 GB
[ 1823.9s] IOs:    618841950  IOPS:   339303  Throughput:  1325.4 MB/s  Total: 2360.69 GB
[ 1824.1s] IOs:    618942810  IOPS:   339308  Throughput:  1325.4 MB/s  Total: 2361.08 GB
[ 1824.6s] IOs:    619043377  IOPS:   339281  Throughput:  1325.3 MB/s  Total: 2361.46 GB
[ 1824.9s] IOs:    619143684  IOPS:   339270  Throughput:  1325.3 MB/s  Total: 2361.85 GB
[ 1825.4s] IOs:    619244593  IOPS:   339234  Throughput:  1325.1 MB/s  Total: 2362.23 GB
[ 1825.8s] IOs:    619345459  IOPS:   339213  Throughput:  1325.1 MB/s  Total: 2362.62 GB
[ 1826.3s] IOs:    619446184  IOPS:   339176  Throughput:  1324.9 MB/s  Total: 2363.00 GB
[ 1827.0s] IOs:    619546976  IOPS:   339115  Throughput:  1324.7 MB/s  Total: 2363.38 GB
[ 1827.4s] IOs:    619647319  IOPS:   339093  Throughput:  1324.6 MB/s  Total: 2363.77 GB
[ 1828.0s] IOs:    619748243  IOPS:   339038  Throughput:  1324.4 MB/s  Total: 2364.15 GB
[ 1828.4s] IOs:    619849258  IOPS:   339014  Throughput:  1324.3 MB/s  Total: 2364.54 GB
[ 1829.0s] IOs:    619949977  IOPS:   338964  Throughput:  1324.1 MB/s  Total: 2364.92 GB
[ 1829.3s] IOs:    620050513  IOPS:   338949  Throughput:  1324.0 MB/s  Total: 2365.30 GB
[ 1829.9s] IOs:    620151162  IOPS:   338905  Throughput:  1323.8 MB/s  Total: 2365.69 GB
[ 1830.2s] IOs:    620251912  IOPS:   338904  Throughput:  1323.8 MB/s  Total: 2366.07 GB
[ 1830.7s] IOs:    620352723  IOPS:   338859  Throughput:  1323.7 MB/s  Total: 2366.46 GB
[ 1830.9s] IOs:    620453543  IOPS:   338871  Throughput:  1323.7 MB/s  Total: 2366.84 GB
[ 1831.4s] IOs:    620554004  IOPS:   338835  Throughput:  1323.6 MB/s  Total: 2367.23 GB
[ 1831.8s] IOs:    620654407  IOPS:   338823  Throughput:  1323.5 MB/s  Total: 2367.61 GB
[ 1832.1s] IOs:    620754638  IOPS:   338827  Throughput:  1323.5 MB/s  Total: 2367.99 GB
[ 1832.4s] IOs:    620855470  IOPS:   338812  Throughput:  1323.5 MB/s  Total: 2368.38 GB
[ 1832.8s] IOs:    620956315  IOPS:   338795  Throughput:  1323.4 MB/s  Total: 2368.76 GB
[ 1833.2s] IOs:    621056907  IOPS:   338785  Throughput:  1323.4 MB/s  Total: 2369.14 GB
[ 1833.4s] IOs:    621157330  IOPS:   338797  Throughput:  1323.4 MB/s  Total: 2369.53 GB
[Reader] Parsed 82000000 lines, distributed 621205524 writes, unique 694.17 GB, skipped 0
[ 1833.8s] IOs:    621257641  IOPS:   338786  Throughput:  1323.4 MB/s  Total: 2369.91 GB
[ 1834.1s] IOs:    621358181  IOPS:   338788  Throughput:  1323.4 MB/s  Total: 2370.29 GB
[ 1834.3s] IOs:    621458931  IOPS:   338790  Throughput:  1323.4 MB/s  Total: 2370.68 GB
[ 1834.6s] IOs:    621559717  IOPS:   338796  Throughput:  1323.4 MB/s  Total: 2371.06 GB
[ 1835.1s] IOs:    621660137  IOPS:   338757  Throughput:  1323.3 MB/s  Total: 2371.45 GB
[ 1835.4s] IOs:    621760945  IOPS:   338764  Throughput:  1323.3 MB/s  Total: 2371.83 GB
[ 1836.0s] IOs:    621861885  IOPS:   338713  Throughput:  1323.1 MB/s  Total: 2372.21 GB
[ 1836.2s] IOs:    621962876  IOPS:   338719  Throughput:  1323.1 MB/s  Total: 2372.60 GB
[ 1836.5s] IOs:    622063501  IOPS:   338727  Throughput:  1323.2 MB/s  Total: 2372.98 GB
[ 1836.9s] IOs:    622164439  IOPS:   338699  Throughput:  1323.0 MB/s  Total: 2373.37 GB
[ 1837.3s] IOs:    622264736  IOPS:   338687  Throughput:  1323.0 MB/s  Total: 2373.75 GB
[ 1837.5s] IOs:    622365155  IOPS:   338701  Throughput:  1323.1 MB/s  Total: 2374.13 GB
[ 1837.9s] IOs:    622466130  IOPS:   338683  Throughput:  1323.0 MB/s  Total: 2374.52 GB
[ 1838.1s] IOs:    622566919  IOPS:   338695  Throughput:  1323.0 MB/s  Total: 2374.90 GB
[ 1838.5s] IOs:    622667640  IOPS:   338686  Throughput:  1323.0 MB/s  Total: 2375.29 GB
[ 1838.9s] IOs:    622768038  IOPS:   338669  Throughput:  1322.9 MB/s  Total: 2375.67 GB
[ 1839.1s] IOs:    622868320  IOPS:   338682  Throughput:  1323.0 MB/s  Total: 2376.05 GB
[ 1839.5s] IOs:    622969061  IOPS:   338658  Throughput:  1322.9 MB/s  Total: 2376.44 GB
[ 1839.8s] IOs:    623069881  IOPS:   338669  Throughput:  1322.9 MB/s  Total: 2376.82 GB
[ 1840.0s] IOs:    623170410  IOPS:   338683  Throughput:  1323.0 MB/s  Total: 2377.21 GB
[ 1840.5s] IOs:    623270944  IOPS:   338642  Throughput:  1322.8 MB/s  Total: 2377.59 GB
[ 1840.8s] IOs:    623371176  IOPS:   338650  Throughput:  1322.9 MB/s  Total: 2377.97 GB
[ 1841.0s] IOs:    623471953  IOPS:   338657  Throughput:  1322.9 MB/s  Total: 2378.36 GB
[ 1841.4s] IOs:    623572861  IOPS:   338644  Throughput:  1322.8 MB/s  Total: 2378.74 GB
[ 1841.7s] IOs:    623673542  IOPS:   338641  Throughput:  1322.8 MB/s  Total: 2379.13 GB
[ 1842.0s] IOs:    623774104  IOPS:   338643  Throughput:  1322.8 MB/s  Total: 2379.51 GB
[ 1842.2s] IOs:    623874218  IOPS:   338655  Throughput:  1322.9 MB/s  Total: 2379.89 GB
[ 1842.5s] IOs:    623974910  IOPS:   338658  Throughput:  1322.9 MB/s  Total: 2380.28 GB
[ 1842.8s] IOs:    624075719  IOPS:   338656  Throughput:  1322.9 MB/s  Total: 2380.66 GB
[ 1843.0s] IOs:    624176352  IOPS:   338666  Throughput:  1322.9 MB/s  Total: 2381.04 GB
[ 1843.3s] IOs:    624276731  IOPS:   338670  Throughput:  1322.9 MB/s  Total: 2381.43 GB
[ 1843.6s] IOs:    624377083  IOPS:   338674  Throughput:  1322.9 MB/s  Total: 2381.81 GB
[ 1843.8s] IOs:    624477747  IOPS:   338686  Throughput:  1323.0 MB/s  Total: 2382.19 GB
[ 1844.1s] IOs:    624578527  IOPS:   338699  Throughput:  1323.0 MB/s  Total: 2382.58 GB
[ 1844.4s] IOs:    624679392  IOPS:   338698  Throughput:  1323.0 MB/s  Total: 2382.96 GB
[ 1844.6s] IOs:    624779901  IOPS:   338712  Throughput:  1323.1 MB/s  Total: 2383.35 GB
[ 1844.9s] IOs:    624880007  IOPS:   338713  Throughput:  1323.1 MB/s  Total: 2383.73 GB
[ 1845.1s] IOs:    624980562  IOPS:   338719  Throughput:  1323.1 MB/s  Total: 2384.11 GB
[ 1845.6s] IOs:    625081317  IOPS:   338679  Throughput:  1323.0 MB/s  Total: 2384.50 GB
[ 1845.9s] IOs:    625182106  IOPS:   338692  Throughput:  1323.0 MB/s  Total: 2384.88 GB
[ 1846.4s] IOs:    625282971  IOPS:   338648  Throughput:  1322.8 MB/s  Total: 2385.27 GB
[ 1846.8s] IOs:    625383397  IOPS:   338630  Throughput:  1322.8 MB/s  Total: 2385.65 GB
[ 1847.1s] IOs:    625483874  IOPS:   338631  Throughput:  1322.8 MB/s  Total: 2386.03 GB
[ 1847.6s] IOs:    625584750  IOPS:   338598  Throughput:  1322.6 MB/s  Total: 2386.42 GB
[ 1847.9s] IOs:    625685543  IOPS:   338591  Throughput:  1322.6 MB/s  Total: 2386.80 GB
[ 1848.5s] IOs:    625786160  IOPS:   338542  Throughput:  1322.4 MB/s  Total: 2387.18 GB
[ 1848.7s] IOs:    625886568  IOPS:   338551  Throughput:  1322.5 MB/s  Total: 2387.57 GB
[ 1849.0s] IOs:    625987011  IOPS:   338561  Throughput:  1322.5 MB/s  Total: 2387.95 GB
[ 1849.3s] IOs:    626087707  IOPS:   338546  Throughput:  1322.4 MB/s  Total: 2388.34 GB
[ 1849.6s] IOs:    626188473  IOPS:   338560  Throughput:  1322.5 MB/s  Total: 2388.72 GB
[ 1850.3s] IOs:    626289299  IOPS:   338484  Throughput:  1322.2 MB/s  Total: 2389.10 GB
[ 1850.5s] IOs:    626389563  IOPS:   338497  Throughput:  1322.3 MB/s  Total: 2389.49 GB
[ 1851.1s] IOs:    626490412  IOPS:   338444  Throughput:  1322.0 MB/s  Total: 2389.87 GB
[ 1851.6s] IOs:    626591295  IOPS:   338405  Throughput:  1321.9 MB/s  Total: 2390.26 GB
[ 1852.1s] IOs:    626692205  IOPS:   338372  Throughput:  1321.8 MB/s  Total: 2390.64 GB
[ 1852.6s] IOs:    626793015  IOPS:   338339  Throughput:  1321.6 MB/s  Total: 2391.03 GB
[ 1853.0s] IOs:    626893844  IOPS:   338321  Throughput:  1321.6 MB/s  Total: 2391.41 GB
[ 1853.5s] IOs:    626994625  IOPS:   338281  Throughput:  1321.4 MB/s  Total: 2391.79 GB
[ 1853.8s] IOs:    627095353  IOPS:   338274  Throughput:  1321.4 MB/s  Total: 2392.18 GB
[ 1854.2s] IOs:    627195426  IOPS:   338265  Throughput:  1321.3 MB/s  Total: 2392.56 GB
[ 1854.5s] IOs:    627296396  IOPS:   338258  Throughput:  1321.3 MB/s  Total: 2392.95 GB
[ 1855.1s] IOs:    627397074  IOPS:   338205  Throughput:  1321.1 MB/s  Total: 2393.33 GB
[ 1855.4s] IOs:    627497653  IOPS:   338197  Throughput:  1321.1 MB/s  Total: 2393.71 GB
[ 1861.8s] IOs:    627597696  IOPS:   337100  Throughput:  1316.8 MB/s  Total: 2394.10 GB
[ 1862.4s] IOs:    627698679  IOPS:   337038  Throughput:  1316.6 MB/s  Total: 2394.48 GB
[ 1863.2s] IOs:    627798813  IOPS:   336954  Throughput:  1316.2 MB/s  Total: 2394.86 GB
[ 1863.8s] IOs:    627899618  IOPS:   336901  Throughput:  1316.0 MB/s  Total: 2395.25 GB
[ 1864.3s] IOs:    628000461  IOPS:   336860  Throughput:  1315.9 MB/s  Total: 2395.63 GB
[ 1864.8s] IOs:    628101128  IOPS:   336816  Throughput:  1315.7 MB/s  Total: 2396.02 GB
[ 1865.3s] IOs:    628201228  IOPS:   336775  Throughput:  1315.5 MB/s  Total: 2396.40 GB
[ 1865.8s] IOs:    628301362  IOPS:   336755  Throughput:  1315.4 MB/s  Total: 2396.78 GB
[ 1866.5s] IOs:    628402321  IOPS:   336681  Throughput:  1315.2 MB/s  Total: 2397.16 GB
[ 1866.7s] IOs:    628502655  IOPS:   336690  Throughput:  1315.2 MB/s  Total: 2397.55 GB
[ 1867.2s] IOs:    628603207  IOPS:   336649  Throughput:  1315.0 MB/s  Total: 2397.93 GB
[ 1867.7s] IOs:    628703892  IOPS:   336625  Throughput:  1314.9 MB/s  Total: 2398.32 GB
[ 1867.9s] IOs:    628804415  IOPS:   336631  Throughput:  1315.0 MB/s  Total: 2398.70 GB
[ 1868.3s] IOs:    628905438  IOPS:   336620  Throughput:  1314.9 MB/s  Total: 2399.08 GB
[ 1868.9s] IOs:    629006044  IOPS:   336567  Throughput:  1314.7 MB/s  Total: 2399.47 GB
[ 1869.1s] IOs:    629106049  IOPS:   336576  Throughput:  1314.7 MB/s  Total: 2399.85 GB
[ 1869.4s] IOs:    629206464  IOPS:   336574  Throughput:  1314.7 MB/s  Total: 2400.23 GB
[ 1869.8s] IOs:    629307407  IOPS:   336571  Throughput:  1314.7 MB/s  Total: 2400.62 GB
[ 1870.3s] IOs:    629407441  IOPS:   336529  Throughput:  1314.6 MB/s  Total: 2401.00 GB
[ 1870.6s] IOs:    629507918  IOPS:   336531  Throughput:  1314.6 MB/s  Total: 2401.38 GB
[ 1870.8s] IOs:    629608032  IOPS:   336540  Throughput:  1314.6 MB/s  Total: 2401.76 GB
[Reader] Parsed 83000000 lines, distributed 629680905 writes, unique 698.40 GB, skipped 0
[ 1871.2s] IOs:    629708704  IOPS:   336520  Throughput:  1314.5 MB/s  Total: 2402.15 GB
[ 1871.5s] IOs:    629809449  IOPS:   336525  Throughput:  1314.6 MB/s  Total: 2402.53 GB
[ 1871.8s] IOs:    629910188  IOPS:   336519  Throughput:  1314.5 MB/s  Total: 2402.92 GB
[ 1872.2s] IOs:    630010866  IOPS:   336516  Throughput:  1314.5 MB/s  Total: 2403.30 GB
[ 1872.4s] IOs:    630111276  IOPS:   336518  Throughput:  1314.5 MB/s  Total: 2403.68 GB
[ 1872.7s] IOs:    630211646  IOPS:   336517  Throughput:  1314.5 MB/s  Total: 2404.07 GB
[ 1873.1s] IOs:    630312304  IOPS:   336502  Throughput:  1314.5 MB/s  Total: 2404.45 GB
[ 1873.3s] IOs:    630413157  IOPS:   336519  Throughput:  1314.5 MB/s  Total: 2404.84 GB
[ 1873.8s] IOs:    630513873  IOPS:   336486  Throughput:  1314.4 MB/s  Total: 2405.22 GB
[ 1874.0s] IOs:    630614367  IOPS:   336502  Throughput:  1314.5 MB/s  Total: 2405.60 GB
[ 1874.4s] IOs:    630714623  IOPS:   336497  Throughput:  1314.4 MB/s  Total: 2405.99 GB
[ 1874.7s] IOs:    630815571  IOPS:   336491  Throughput:  1314.4 MB/s  Total: 2406.37 GB
[ 1874.9s] IOs:    630916424  IOPS:   336499  Throughput:  1314.4 MB/s  Total: 2406.76 GB
[ 1875.3s] IOs:    631017382  IOPS:   336487  Throughput:  1314.4 MB/s  Total: 2407.14 GB
[ 1875.6s] IOs:    631118033  IOPS:   336481  Throughput:  1314.4 MB/s  Total: 2407.52 GB
[ 1875.9s] IOs:    631218626  IOPS:   336496  Throughput:  1314.4 MB/s  Total: 2407.91 GB
[ 1876.2s] IOs:    631319349  IOPS:   336488  Throughput:  1314.4 MB/s  Total: 2408.29 GB
[ 1876.6s] IOs:    631420101  IOPS:   336479  Throughput:  1314.4 MB/s  Total: 2408.68 GB
[ 1876.8s] IOs:    631520856  IOPS:   336494  Throughput:  1314.4 MB/s  Total: 2409.06 GB
[ 1877.0s] IOs:    631621834  IOPS:   336508  Throughput:  1314.5 MB/s  Total: 2409.45 GB
[ 1877.3s] IOs:    631722160  IOPS:   336501  Throughput:  1314.5 MB/s  Total: 2409.83 GB
[ 1877.5s] IOs:    631822620  IOPS:   336516  Throughput:  1314.5 MB/s  Total: 2410.21 GB
[ 1877.8s] IOs:    631923117  IOPS:   336517  Throughput:  1314.5 MB/s  Total: 2410.60 GB
[ 1878.1s] IOs:    632023146  IOPS:   336517  Throughput:  1314.5 MB/s  Total: 2410.98 GB
[ 1878.3s] IOs:    632123582  IOPS:   336532  Throughput:  1314.6 MB/s  Total: 2411.36 GB
[ 1878.6s] IOs:    632224076  IOPS:   336548  Throughput:  1314.6 MB/s  Total: 2411.74 GB
[ 1883.1s] IOs:    632325032  IOPS:   335789  Throughput:  1311.7 MB/s  Total: 2412.13 GB
[ 1884.0s] IOs:    632425712  IOPS:   335676  Throughput:  1311.2 MB/s  Total: 2412.51 GB
[ 1884.6s] IOs:    632526396  IOPS:   335625  Throughput:  1311.0 MB/s  Total: 2412.90 GB
[ 1885.2s] IOs:    632627020  IOPS:   335580  Throughput:  1310.9 MB/s  Total: 2413.28 GB
[ 1886.0s] IOs:    632727781  IOPS:   335481  Throughput:  1310.5 MB/s  Total: 2413.66 GB
[ 1886.6s] IOs:    632828188  IOPS:   335435  Throughput:  1310.3 MB/s  Total: 2414.05 GB
[ 1887.1s] IOs:    632928688  IOPS:   335401  Throughput:  1310.2 MB/s  Total: 2414.43 GB
[ 1887.6s] IOs:    633029507  IOPS:   335363  Throughput:  1310.0 MB/s  Total: 2414.82 GB
[ 1888.2s] IOs:    633130465  IOPS:   335315  Throughput:  1309.8 MB/s  Total: 2415.20 GB
[ 1888.6s] IOs:    633231187  IOPS:   335299  Throughput:  1309.8 MB/s  Total: 2415.59 GB
[ 1889.2s] IOs:    633331837  IOPS:   335236  Throughput:  1309.5 MB/s  Total: 2415.97 GB
[ 1889.5s] IOs:    633432374  IOPS:   335235  Throughput:  1309.5 MB/s  Total: 2416.35 GB
[ 1890.0s] IOs:    633532822  IOPS:   335196  Throughput:  1309.4 MB/s  Total: 2416.74 GB
[ 1890.3s] IOs:    633633341  IOPS:   335206  Throughput:  1309.4 MB/s  Total: 2417.12 GB
[ 1890.8s] IOs:    633733993  IOPS:   335173  Throughput:  1309.3 MB/s  Total: 2417.50 GB
[ 1891.3s] IOs:    633834434  IOPS:   335130  Throughput:  1309.1 MB/s  Total: 2417.89 GB
[ 1891.7s] IOs:    633935081  IOPS:   335119  Throughput:  1309.1 MB/s  Total: 2418.27 GB
[ 1892.1s] IOs:    634035617  IOPS:   335098  Throughput:  1309.0 MB/s  Total: 2418.65 GB
[ 1892.3s] IOs:    634135885  IOPS:   335112  Throughput:  1309.0 MB/s  Total: 2419.04 GB
[ 1892.7s] IOs:    634236597  IOPS:   335093  Throughput:  1309.0 MB/s  Total: 2419.42 GB
[ 1893.2s] IOs:    634336793  IOPS:   335068  Throughput:  1308.9 MB/s  Total: 2419.80 GB
[ 1893.5s] IOs:    634437409  IOPS:   335061  Throughput:  1308.8 MB/s  Total: 2420.19 GB
[ 1893.7s] IOs:    634538346  IOPS:   335076  Throughput:  1308.9 MB/s  Total: 2420.57 GB
[ 1894.2s] IOs:    634639022  IOPS:   335046  Throughput:  1308.8 MB/s  Total: 2420.96 GB
[ 1894.7s] IOs:    634739761  IOPS:   335011  Throughput:  1308.6 MB/s  Total: 2421.34 GB
[ 1895.3s] IOs:    634840426  IOPS:   334959  Throughput:  1308.4 MB/s  Total: 2421.72 GB
[ 1895.8s] IOs:    634941115  IOPS:   334925  Throughput:  1308.3 MB/s  Total: 2422.11 GB
[ 1896.4s] IOs:    635041706  IOPS:   334862  Throughput:  1308.1 MB/s  Total: 2422.49 GB
[ 1896.7s] IOs:    635142337  IOPS:   334871  Throughput:  1308.1 MB/s  Total: 2422.88 GB
[ 1897.3s] IOs:    635243027  IOPS:   334821  Throughput:  1307.9 MB/s  Total: 2423.26 GB
[ 1897.8s] IOs:    635343501  IOPS:   334785  Throughput:  1307.8 MB/s  Total: 2423.64 GB
[ 1898.1s] IOs:    635444458  IOPS:   334771  Throughput:  1307.7 MB/s  Total: 2424.03 GB
[ 1898.7s] IOs:    635544984  IOPS:   334735  Throughput:  1307.6 MB/s  Total: 2424.41 GB
[ 1899.1s] IOs:    635645624  IOPS:   334716  Throughput:  1307.5 MB/s  Total: 2424.80 GB
[ 1899.3s] IOs:    635746148  IOPS:   334731  Throughput:  1307.5 MB/s  Total: 2425.18 GB
[ 1899.8s] IOs:    635846910  IOPS:   334695  Throughput:  1307.4 MB/s  Total: 2425.56 GB
[ 1900.2s] IOs:    635947521  IOPS:   334680  Throughput:  1307.3 MB/s  Total: 2425.95 GB
[ 1900.6s] IOs:    636048260  IOPS:   334654  Throughput:  1307.2 MB/s  Total: 2426.33 GB
[ 1900.9s] IOs:    636148852  IOPS:   334659  Throughput:  1307.3 MB/s  Total: 2426.72 GB
[ 1901.2s] IOs:    636249609  IOPS:   334656  Throughput:  1307.3 MB/s  Total: 2427.10 GB
[ 1901.6s] IOs:    636350377  IOPS:   334647  Throughput:  1307.2 MB/s  Total: 2427.48 GB
[ 1901.8s] IOs:    636451077  IOPS:   334657  Throughput:  1307.3 MB/s  Total: 2427.87 GB
[ 1902.2s] IOs:    636551799  IOPS:   334643  Throughput:  1307.2 MB/s  Total: 2428.25 GB
[ 1902.7s] IOs:    636652417  IOPS:   334611  Throughput:  1307.1 MB/s  Total: 2428.64 GB
[ 1902.9s] IOs:    636753116  IOPS:   334620  Throughput:  1307.1 MB/s  Total: 2429.02 GB
[ 1903.2s] IOs:    636853798  IOPS:   334629  Throughput:  1307.1 MB/s  Total: 2429.40 GB
[ 1903.5s] IOs:    636954212  IOPS:   334616  Throughput:  1307.1 MB/s  Total: 2429.79 GB
[ 1903.8s] IOs:    637054572  IOPS:   334628  Throughput:  1307.1 MB/s  Total: 2430.17 GB
[ 1904.1s] IOs:    637155290  IOPS:   334620  Throughput:  1307.1 MB/s  Total: 2430.55 GB
[ 1904.6s] IOs:    637256229  IOPS:   334596  Throughput:  1307.0 MB/s  Total: 2430.94 GB
[ 1905.1s] IOs:    637357231  IOPS:   334558  Throughput:  1306.9 MB/s  Total: 2431.32 GB
[ 1905.4s] IOs:    637457337  IOPS:   334556  Throughput:  1306.9 MB/s  Total: 2431.71 GB
[ 1905.7s] IOs:    637557944  IOPS:   334549  Throughput:  1306.8 MB/s  Total: 2432.09 GB
[ 1906.3s] IOs:    637658794  IOPS:   334499  Throughput:  1306.6 MB/s  Total: 2432.48 GB
[ 1906.6s] IOs:    637759514  IOPS:   334498  Throughput:  1306.6 MB/s  Total: 2432.86 GB
[ 1907.1s] IOs:    637860326  IOPS:   334473  Throughput:  1306.5 MB/s  Total: 2433.24 GB
[ 1907.4s] IOs:    637960827  IOPS:   334471  Throughput:  1306.5 MB/s  Total: 2433.63 GB
[ 1907.7s] IOs:    638061508  IOPS:   334463  Throughput:  1306.5 MB/s  Total: 2434.01 GB
[ 1908.1s] IOs:    638162122  IOPS:   334455  Throughput:  1306.5 MB/s  Total: 2434.40 GB
[ 1908.3s] IOs:    638262997  IOPS:   334459  Throughput:  1306.5 MB/s  Total: 2434.78 GB
[ 1908.7s] IOs:    638363740  IOPS:   334445  Throughput:  1306.4 MB/s  Total: 2435.16 GB
[ 1909.0s] IOs:    638464036  IOPS:   334444  Throughput:  1306.4 MB/s  Total: 2435.55 GB
[ 1909.3s] IOs:    638564296  IOPS:   334454  Throughput:  1306.5 MB/s  Total: 2435.93 GB
[ 1909.6s] IOs:    638664957  IOPS:   334450  Throughput:  1306.4 MB/s  Total: 2436.31 GB
[ 1909.8s] IOs:    638765812  IOPS:   334460  Throughput:  1306.5 MB/s  Total: 2436.70 GB
[ 1910.5s] IOs:    638866698  IOPS:   334404  Throughput:  1306.3 MB/s  Total: 2437.08 GB
[ 1910.8s] IOs:    638967425  IOPS:   334405  Throughput:  1306.3 MB/s  Total: 2437.47 GB
[ 1911.4s] IOs:    639068028  IOPS:   334352  Throughput:  1306.1 MB/s  Total: 2437.85 GB
[ 1911.8s] IOs:    639168547  IOPS:   334322  Throughput:  1305.9 MB/s  Total: 2438.23 GB
[ 1912.4s] IOs:    639269366  IOPS:   334285  Throughput:  1305.8 MB/s  Total: 2438.62 GB
[ 1912.7s] IOs:    639370187  IOPS:   334268  Throughput:  1305.7 MB/s  Total: 2439.00 GB
[ 1913.3s] IOs:    639470656  IOPS:   334226  Throughput:  1305.6 MB/s  Total: 2439.39 GB
[ 1913.6s] IOs:    639571009  IOPS:   334216  Throughput:  1305.5 MB/s  Total: 2439.77 GB
[ 1914.1s] IOs:    639671715  IOPS:   334182  Throughput:  1305.4 MB/s  Total: 2440.15 GB
[ 1914.6s] IOs:    639772622  IOPS:   334156  Throughput:  1305.3 MB/s  Total: 2440.54 GB
[ 1915.2s] IOs:    639873522  IOPS:   334108  Throughput:  1305.1 MB/s  Total: 2440.92 GB
[ 1915.5s] IOs:    639974008  IOPS:   334095  Throughput:  1305.1 MB/s  Total: 2441.31 GB
[ 1915.8s] IOs:    640074360  IOPS:   334107  Throughput:  1305.1 MB/s  Total: 2441.69 GB
[ 1916.4s] IOs:    640175193  IOPS:   334046  Throughput:  1304.9 MB/s  Total: 2442.07 GB
[ 1916.7s] IOs:    640276177  IOPS:   334048  Throughput:  1304.9 MB/s  Total: 2442.46 GB
[ 1917.2s] IOs:    640376276  IOPS:   334014  Throughput:  1304.7 MB/s  Total: 2442.84 GB
[Reader] Parsed 84000000 lines, distributed 640384953 writes, unique 701.37 GB, skipped 0
[ 1917.6s] IOs:    640477038  IOPS:   333998  Throughput:  1304.7 MB/s  Total: 2443.23 GB
[ 1918.0s] IOs:    640577215  IOPS:   333977  Throughput:  1304.6 MB/s  Total: 2443.61 GB
[ 1918.3s] IOs:    640677627  IOPS:   333980  Throughput:  1304.6 MB/s  Total: 2443.99 GB
[ 1918.9s] IOs:    640777645  IOPS:   333935  Throughput:  1304.4 MB/s  Total: 2444.37 GB
[ 1919.1s] IOs:    640878351  IOPS:   333948  Throughput:  1304.5 MB/s  Total: 2444.76 GB
[ 1919.4s] IOs:    640979003  IOPS:   333947  Throughput:  1304.5 MB/s  Total: 2445.14 GB
[ 1919.7s] IOs:    641079526  IOPS:   333941  Throughput:  1304.5 MB/s  Total: 2445.52 GB
[ 1920.2s] IOs:    641180056  IOPS:   333915  Throughput:  1304.4 MB/s  Total: 2445.91 GB
[ 1920.5s] IOs:    641280836  IOPS:   333910  Throughput:  1304.3 MB/s  Total: 2446.29 GB
[ 1920.8s] IOs:    641381736  IOPS:   333912  Throughput:  1304.3 MB/s  Total: 2446.68 GB
[ 1921.1s] IOs:    641482739  IOPS:   333911  Throughput:  1304.3 MB/s  Total: 2447.06 GB
[ 1921.4s] IOs:    641583339  IOPS:   333920  Throughput:  1304.4 MB/s  Total: 2447.45 GB
[ 1921.7s] IOs:    641683738  IOPS:   333909  Throughput:  1304.3 MB/s  Total: 2447.83 GB
[ 1922.0s] IOs:    641784291  IOPS:   333921  Throughput:  1304.4 MB/s  Total: 2448.21 GB
[ 1922.3s] IOs:    641884993  IOPS:   333916  Throughput:  1304.4 MB/s  Total: 2448.60 GB
[ 1922.6s] IOs:    641985506  IOPS:   333917  Throughput:  1304.4 MB/s  Total: 2448.98 GB
[ 1922.8s] IOs:    642086244  IOPS:   333930  Throughput:  1304.4 MB/s  Total: 2449.36 GB
[ 1923.3s] IOs:    642186859  IOPS:   333906  Throughput:  1304.3 MB/s  Total: 2449.75 GB
[ 1923.5s] IOs:    642287217  IOPS:   333913  Throughput:  1304.3 MB/s  Total: 2450.13 GB
[ 1923.8s] IOs:    642388074  IOPS:   333915  Throughput:  1304.4 MB/s  Total: 2450.52 GB
[ 1924.0s] IOs:    642488951  IOPS:   333926  Throughput:  1304.4 MB/s  Total: 2450.90 GB
[ 1924.3s] IOs:    642589031  IOPS:   333930  Throughput:  1304.4 MB/s  Total: 2451.28 GB
[ 1924.7s] IOs:    642689445  IOPS:   333923  Throughput:  1304.4 MB/s  Total: 2451.67 GB
[ 1924.9s] IOs:    642789817  IOPS:   333933  Throughput:  1304.4 MB/s  Total: 2452.05 GB
[ 1925.2s] IOs:    642890357  IOPS:   333930  Throughput:  1304.4 MB/s  Total: 2452.43 GB
[ 1925.4s] IOs:    642991088  IOPS:   333944  Throughput:  1304.5 MB/s  Total: 2452.82 GB
[ 1925.8s] IOs:    643091767  IOPS:   333940  Throughput:  1304.5 MB/s  Total: 2453.20 GB
[ 1926.0s] IOs:    643192327  IOPS:   333949  Throughput:  1304.5 MB/s  Total: 2453.58 GB
[ 1926.3s] IOs:    643293026  IOPS:   333951  Throughput:  1304.5 MB/s  Total: 2453.97 GB
[ 1926.6s] IOs:    643393817  IOPS:   333956  Throughput:  1304.5 MB/s  Total: 2454.35 GB
[ 1926.8s] IOs:    643494482  IOPS:   333962  Throughput:  1304.5 MB/s  Total: 2454.74 GB
[ 1927.1s] IOs:    643594960  IOPS:   333968  Throughput:  1304.6 MB/s  Total: 2455.12 GB
[ 1927.3s] IOs:    643694988  IOPS:   333981  Throughput:  1304.6 MB/s  Total: 2455.50 GB
[ 1927.8s] IOs:    643795525  IOPS:   333957  Throughput:  1304.5 MB/s  Total: 2455.89 GB
[ 1928.0s] IOs:    643896237  IOPS:   333963  Throughput:  1304.5 MB/s  Total: 2456.27 GB
[ 1928.3s] IOs:    643996939  IOPS:   333975  Throughput:  1304.6 MB/s  Total: 2456.65 GB
[ 1928.5s] IOs:    644097567  IOPS:   333988  Throughput:  1304.6 MB/s  Total: 2457.04 GB
[ 1928.8s] IOs:    644197933  IOPS:   333982  Throughput:  1304.6 MB/s  Total: 2457.42 GB
[ 1929.1s] IOs:    644298179  IOPS:   333989  Throughput:  1304.6 MB/s  Total: 2457.80 GB
[ 1929.3s] IOs:    644398696  IOPS:   333998  Throughput:  1304.7 MB/s  Total: 2458.19 GB
[ 1929.7s] IOs:    644499280  IOPS:   333989  Throughput:  1304.6 MB/s  Total: 2458.57 GB
[ 1930.0s] IOs:    644600026  IOPS:   333994  Throughput:  1304.7 MB/s  Total: 2458.95 GB
[ 1930.2s] IOs:    644700061  IOPS:   334002  Throughput:  1304.7 MB/s  Total: 2459.34 GB
[ 1930.5s] IOs:    644801044  IOPS:   334005  Throughput:  1304.7 MB/s  Total: 2459.72 GB
[ 1930.8s] IOs:    644901431  IOPS:   334004  Throughput:  1304.7 MB/s  Total: 2460.10 GB
[ 1931.1s] IOs:    645002301  IOPS:   334013  Throughput:  1304.7 MB/s  Total: 2460.49 GB
[ 1931.3s] IOs:    645103000  IOPS:   334022  Throughput:  1304.8 MB/s  Total: 2460.87 GB
[ 1931.7s] IOs:    645203569  IOPS:   334015  Throughput:  1304.7 MB/s  Total: 2461.26 GB
[ 1931.9s] IOs:    645304182  IOPS:   334022  Throughput:  1304.8 MB/s  Total: 2461.64 GB
[ 1932.4s] IOs:    645404802  IOPS:   333991  Throughput:  1304.7 MB/s  Total: 2462.02 GB
[ 1932.7s] IOs:    645504826  IOPS:   333988  Throughput:  1304.6 MB/s  Total: 2462.41 GB
[ 1933.3s] IOs:    645605672  IOPS:   333935  Throughput:  1304.4 MB/s  Total: 2462.79 GB
[ 1933.8s] IOs:    645706219  IOPS:   333904  Throughput:  1304.3 MB/s  Total: 2463.17 GB
[ 1934.3s] IOs:    645807078  IOPS:   333874  Throughput:  1304.2 MB/s  Total: 2463.56 GB
[ 1934.8s] IOs:    645908072  IOPS:   333844  Throughput:  1304.1 MB/s  Total: 2463.94 GB
[ 1935.2s] IOs:    646008866  IOPS:   333821  Throughput:  1304.0 MB/s  Total: 2464.33 GB
[ 1935.4s] IOs:    646109645  IOPS:   333833  Throughput:  1304.0 MB/s  Total: 2464.71 GB
[ 1935.9s] IOs:    646210642  IOPS:   333802  Throughput:  1303.9 MB/s  Total: 2465.10 GB
[ 1936.4s] IOs:    646311481  IOPS:   333773  Throughput:  1303.8 MB/s  Total: 2465.48 GB
[ 1936.7s] IOs:    646411647  IOPS:   333768  Throughput:  1303.8 MB/s  Total: 2465.86 GB
[ 1936.9s] IOs:    646512406  IOPS:   333780  Throughput:  1303.8 MB/s  Total: 2466.25 GB
[ 1937.6s] IOs:    646613187  IOPS:   333722  Throughput:  1303.6 MB/s  Total: 2466.63 GB
[ 1937.8s] IOs:    646713930  IOPS:   333730  Throughput:  1303.6 MB/s  Total: 2467.02 GB
[ 1938.3s] IOs:    646814900  IOPS:   333702  Throughput:  1303.5 MB/s  Total: 2467.40 GB
[ 1938.7s] IOs:    646915653  IOPS:   333682  Throughput:  1303.4 MB/s  Total: 2467.79 GB
[ 1939.0s] IOs:    647016257  IOPS:   333694  Throughput:  1303.5 MB/s  Total: 2468.17 GB
[ 1939.3s] IOs:    647117298  IOPS:   333684  Throughput:  1303.5 MB/s  Total: 2468.56 GB
[ 1939.8s] IOs:    647218011  IOPS:   333656  Throughput:  1303.3 MB/s  Total: 2468.94 GB
[ 1940.0s] IOs:    647318503  IOPS:   333668  Throughput:  1303.4 MB/s  Total: 2469.32 GB
[ 1940.7s] IOs:    647419213  IOPS:   333606  Throughput:  1303.1 MB/s  Total: 2469.71 GB
[ 1941.3s] IOs:    647519956  IOPS:   333546  Throughput:  1302.9 MB/s  Total: 2470.09 GB
[ 1941.8s] IOs:    647620024  IOPS:   333508  Throughput:  1302.8 MB/s  Total: 2470.47 GB
[ 1942.7s] IOs:    647720832  IOPS:   333417  Throughput:  1302.4 MB/s  Total: 2470.86 GB
[ 1943.2s] IOs:    647821849  IOPS:   333375  Throughput:  1302.2 MB/s  Total: 2471.24 GB
[ 1943.8s] IOs:    647922232  IOPS:   333336  Throughput:  1302.1 MB/s  Total: 2471.63 GB
[ 1944.3s] IOs:    648022896  IOPS:   333295  Throughput:  1301.9 MB/s  Total: 2472.01 GB
[ 1944.7s] IOs:    648123486  IOPS:   333271  Throughput:  1301.8 MB/s  Total: 2472.39 GB
[ 1945.5s] IOs:    648224074  IOPS:   333195  Throughput:  1301.5 MB/s  Total: 2472.78 GB
[ 1945.8s] IOs:    648324793  IOPS:   333186  Throughput:  1301.5 MB/s  Total: 2473.16 GB
[ 1946.4s] IOs:    648425368  IOPS:   333134  Throughput:  1301.3 MB/s  Total: 2473.55 GB
[ 1946.8s] IOs:    648526075  IOPS:   333123  Throughput:  1301.3 MB/s  Total: 2473.93 GB
[ 1947.3s] IOs:    648627020  IOPS:   333087  Throughput:  1301.1 MB/s  Total: 2474.32 GB
[ 1947.8s] IOs:    648727801  IOPS:   333050  Throughput:  1301.0 MB/s  Total: 2474.70 GB
[ 1948.4s] IOs:    648828646  IOPS:   333006  Throughput:  1300.8 MB/s  Total: 2475.08 GB
[ 1948.7s] IOs:    648929470  IOPS:   333012  Throughput:  1300.8 MB/s  Total: 2475.47 GB
[ 1949.0s] IOs:    649029801  IOPS:   333015  Throughput:  1300.8 MB/s  Total: 2475.85 GB
[ 1949.5s] IOs:    649129801  IOPS:   332966  Throughput:  1300.6 MB/s  Total: 2476.23 GB
[ 1949.8s] IOs:    649230274  IOPS:   332979  Throughput:  1300.7 MB/s  Total: 2476.62 GB
[ 1950.3s] IOs:    649330921  IOPS:   332934  Throughput:  1300.5 MB/s  Total: 2477.00 GB
[ 1950.6s] IOs:    649431933  IOPS:   332947  Throughput:  1300.6 MB/s  Total: 2477.39 GB
[ 1950.8s] IOs:    649532374  IOPS:   332952  Throughput:  1300.6 MB/s  Total: 2477.77 GB
[ 1951.3s] IOs:    649633059  IOPS:   332927  Throughput:  1300.5 MB/s  Total: 2478.15 GB
[ 1951.5s] IOs:    649733664  IOPS:   332938  Throughput:  1300.5 MB/s  Total: 2478.54 GB
[ 1952.2s] IOs:    649834272  IOPS:   332872  Throughput:  1300.3 MB/s  Total: 2478.92 GB
[ 1952.8s] IOs:    649935007  IOPS:   332822  Throughput:  1300.1 MB/s  Total: 2479.31 GB
[ 1953.4s] IOs:    650035583  IOPS:   332775  Throughput:  1299.9 MB/s  Total: 2479.69 GB
[ 1954.1s] IOs:    650136440  IOPS:   332698  Throughput:  1299.6 MB/s  Total: 2480.07 GB
[ 1954.7s] IOs:    650237317  IOPS:   332651  Throughput:  1299.4 MB/s  Total: 2480.46 GB
[ 1955.2s] IOs:    650338054  IOPS:   332614  Throughput:  1299.3 MB/s  Total: 2480.84 GB
[ 1955.7s] IOs:    650438794  IOPS:   332593  Throughput:  1299.2 MB/s  Total: 2481.23 GB
[ 1956.1s] IOs:    650539505  IOPS:   332562  Throughput:  1299.1 MB/s  Total: 2481.61 GB
[Reader] Parsed 85000000 lines, distributed 650631710 writes, unique 705.26 GB, skipped 0
[ 1956.4s] IOs:    650640371  IOPS:   332575  Throughput:  1299.1 MB/s  Total: 2482.00 GB
[ 1957.0s] IOs:    650741086  IOPS:   332528  Throughput:  1298.9 MB/s  Total: 2482.38 GB
[ 1957.3s] IOs:    650842118  IOPS:   332521  Throughput:  1298.9 MB/s  Total: 2482.77 GB
[ 1958.0s] IOs:    650943073  IOPS:   332454  Throughput:  1298.6 MB/s  Total: 2483.15 GB
[ 1958.2s] IOs:    651043921  IOPS:   332470  Throughput:  1298.7 MB/s  Total: 2483.54 GB
[ 1958.4s] IOs:    651144612  IOPS:   332485  Throughput:  1298.8 MB/s  Total: 2483.92 GB
[ 1959.0s] IOs:    651245422  IOPS:   332432  Throughput:  1298.6 MB/s  Total: 2484.30 GB
[ 1959.3s] IOs:    651345836  IOPS:   332444  Throughput:  1298.6 MB/s  Total: 2484.69 GB
[ 1959.8s] IOs:    651446342  IOPS:   332401  Throughput:  1298.4 MB/s  Total: 2485.07 GB
[ 1960.1s] IOs:    651546866  IOPS:   332405  Throughput:  1298.5 MB/s  Total: 2485.45 GB
[ 1960.4s] IOs:    651647193  IOPS:   332411  Throughput:  1298.5 MB/s  Total: 2485.84 GB
[ 1960.7s] IOs:    651747982  IOPS:   332400  Throughput:  1298.4 MB/s  Total: 2486.22 GB
[ 1961.0s] IOs:    651848954  IOPS:   332413  Throughput:  1298.5 MB/s  Total: 2486.61 GB
[ 1961.4s] IOs:    651949693  IOPS:   332398  Throughput:  1298.4 MB/s  Total: 2486.99 GB
[ 1961.7s] IOs:    652050401  IOPS:   332382  Throughput:  1298.4 MB/s  Total: 2487.37 GB
[ 1962.0s] IOs:    652150876  IOPS:   332388  Throughput:  1298.4 MB/s  Total: 2487.76 GB
[ 1962.3s] IOs:    652251383  IOPS:   332389  Throughput:  1298.4 MB/s  Total: 2488.14 GB
[ 1962.6s] IOs:    652352204  IOPS:   332398  Throughput:  1298.4 MB/s  Total: 2488.53 GB
[ 1962.8s] IOs:    652452885  IOPS:   332405  Throughput:  1298.5 MB/s  Total: 2488.91 GB
[ 1963.2s] IOs:    652552896  IOPS:   332399  Throughput:  1298.4 MB/s  Total: 2489.29 GB
[ 1963.4s] IOs:    652653249  IOPS:   332410  Throughput:  1298.5 MB/s  Total: 2489.67 GB
[ 1963.7s] IOs:    652753671  IOPS:   332408  Throughput:  1298.5 MB/s  Total: 2490.06 GB
[ 1963.9s] IOs:    652854531  IOPS:   332421  Throughput:  1298.5 MB/s  Total: 2490.44 GB
[ 1964.4s] IOs:    652955227  IOPS:   332390  Throughput:  1298.4 MB/s  Total: 2490.83 GB
[ 1964.7s] IOs:    653056107  IOPS:   332395  Throughput:  1298.4 MB/s  Total: 2491.21 GB
[ 1965.2s] IOs:    653156526  IOPS:   332367  Throughput:  1298.3 MB/s  Total: 2491.59 GB
[ 1965.5s] IOs:    653256917  IOPS:   332364  Throughput:  1298.3 MB/s  Total: 2491.98 GB
[ 1965.9s] IOs:    653357718  IOPS:   332353  Throughput:  1298.3 MB/s  Total: 2492.36 GB
[ 1966.3s] IOs:    653458467  IOPS:   332328  Throughput:  1298.2 MB/s  Total: 2492.75 GB
[ 1966.7s] IOs:    653559340  IOPS:   332315  Throughput:  1298.1 MB/s  Total: 2493.13 GB
[ 1966.9s] IOs:    653659721  IOPS:   332326  Throughput:  1298.1 MB/s  Total: 2493.51 GB
[ 1967.4s] IOs:    653760194  IOPS:   332305  Throughput:  1298.1 MB/s  Total: 2493.90 GB
[ 1967.7s] IOs:    653860791  IOPS:   332298  Throughput:  1298.0 MB/s  Total: 2494.28 GB
[ 1967.9s] IOs:    653961775  IOPS:   332310  Throughput:  1298.1 MB/s  Total: 2494.67 GB
[ 1968.3s] IOs:    654061889  IOPS:   332298  Throughput:  1298.0 MB/s  Total: 2495.05 GB
[ 1968.7s] IOs:    654162217  IOPS:   332286  Throughput:  1298.0 MB/s  Total: 2495.43 GB
[ 1968.9s] IOs:    654262807  IOPS:   332296  Throughput:  1298.0 MB/s  Total: 2495.81 GB
[ 1969.3s] IOs:    654363393  IOPS:   332290  Throughput:  1298.0 MB/s  Total: 2496.20 GB
[ 1969.5s] IOs:    654464125  IOPS:   332306  Throughput:  1298.1 MB/s  Total: 2496.58 GB
[ 1969.9s] IOs:    654564643  IOPS:   332278  Throughput:  1298.0 MB/s  Total: 2496.97 GB
[ 1970.2s] IOs:    654665073  IOPS:   332280  Throughput:  1298.0 MB/s  Total: 2497.35 GB
[ 1970.4s] IOs:    654765288  IOPS:   332295  Throughput:  1298.0 MB/s  Total: 2497.73 GB
[ 1970.8s] IOs:    654866137  IOPS:   332287  Throughput:  1298.0 MB/s  Total: 2498.12 GB
[ 1971.0s] IOs:    654966726  IOPS:   332300  Throughput:  1298.0 MB/s  Total: 2498.50 GB
[ 1971.6s] IOs:    655067471  IOPS:   332255  Throughput:  1297.9 MB/s  Total: 2498.88 GB
[ 1971.9s] IOs:    655168318  IOPS:   332254  Throughput:  1297.9 MB/s  Total: 2499.27 GB
[ 1972.4s] IOs:    655268972  IOPS:   332217  Throughput:  1297.7 MB/s  Total: 2499.65 GB
[ 1972.8s] IOs:    655369207  IOPS:   332204  Throughput:  1297.7 MB/s  Total: 2500.04 GB
[ 1973.3s] IOs:    655470009  IOPS:   332165  Throughput:  1297.5 MB/s  Total: 2500.42 GB
[ 1973.7s] IOs:    655570787  IOPS:   332154  Throughput:  1297.5 MB/s  Total: 2500.80 GB
[ 1973.9s] IOs:    655671155  IOPS:   332168  Throughput:  1297.5 MB/s  Total: 2501.19 GB
[ 1974.4s] IOs:    655771947  IOPS:   332136  Throughput:  1297.4 MB/s  Total: 2501.57 GB
[ 1974.8s] IOs:    655872468  IOPS:   332126  Throughput:  1297.4 MB/s  Total: 2501.95 GB
[ 1975.2s] IOs:    655973121  IOPS:   332109  Throughput:  1297.3 MB/s  Total: 2502.34 GB
[ 1975.4s] IOs:    656073998  IOPS:   332119  Throughput:  1297.3 MB/s  Total: 2502.72 GB
[ 1975.8s] IOs:    656174604  IOPS:   332099  Throughput:  1297.3 MB/s  Total: 2503.11 GB
[ 1976.2s] IOs:    656275606  IOPS:   332088  Throughput:  1297.2 MB/s  Total: 2503.49 GB
[ 1976.5s] IOs:    656376474  IOPS:   332089  Throughput:  1297.2 MB/s  Total: 2503.88 GB
[ 1976.8s] IOs:    656477282  IOPS:   332087  Throughput:  1297.2 MB/s  Total: 2504.26 GB
[ 1977.2s] IOs:    656577996  IOPS:   332069  Throughput:  1297.1 MB/s  Total: 2504.65 GB
[ 1977.5s] IOs:    656678707  IOPS:   332083  Throughput:  1297.2 MB/s  Total: 2505.03 GB
[ 1977.8s] IOs:    656779616  IOPS:   332081  Throughput:  1297.2 MB/s  Total: 2505.42 GB
[ 1978.0s] IOs:    656880074  IOPS:   332090  Throughput:  1297.2 MB/s  Total: 2505.80 GB
[ 1978.5s] IOs:    656980613  IOPS:   332059  Throughput:  1297.1 MB/s  Total: 2506.18 GB
[ 1978.8s] IOs:    657081048  IOPS:   332063  Throughput:  1297.1 MB/s  Total: 2506.57 GB
[ 1979.4s] IOs:    657181442  IOPS:   332010  Throughput:  1296.9 MB/s  Total: 2506.95 GB
[ 1979.7s] IOs:    657282323  IOPS:   332008  Throughput:  1296.9 MB/s  Total: 2507.33 GB
[ 1979.9s] IOs:    657383077  IOPS:   332021  Throughput:  1297.0 MB/s  Total: 2507.72 GB
[ 1980.5s] IOs:    657483634  IOPS:   331980  Throughput:  1296.8 MB/s  Total: 2508.10 GB
[ 1980.8s] IOs:    657584156  IOPS:   331979  Throughput:  1296.8 MB/s  Total: 2508.48 GB
[ 1981.3s] IOs:    657684677  IOPS:   331941  Throughput:  1296.6 MB/s  Total: 2508.87 GB
[ 1981.7s] IOs:    657785195  IOPS:   331931  Throughput:  1296.6 MB/s  Total: 2509.25 GB
[ 1981.9s] IOs:    657886101  IOPS:   331944  Throughput:  1296.7 MB/s  Total: 2509.64 GB
[ 1982.7s] IOs:    657986736  IOPS:   331858  Throughput:  1296.3 MB/s  Total: 2510.02 GB
[ 1983.3s] IOs:    658087668  IOPS:   331815  Throughput:  1296.2 MB/s  Total: 2510.41 GB
[ 1983.9s] IOs:    658188343  IOPS:   331770  Throughput:  1296.0 MB/s  Total: 2510.79 GB
[ 1984.4s] IOs:    658289048  IOPS:   331740  Throughput:  1295.9 MB/s  Total: 2511.17 GB
[ 1984.9s] IOs:    658389560  IOPS:   331696  Throughput:  1295.7 MB/s  Total: 2511.56 GB
[ 1985.3s] IOs:    658490225  IOPS:   331675  Throughput:  1295.6 MB/s  Total: 2511.94 GB
[ 1985.9s] IOs:    658591108  IOPS:   331628  Throughput:  1295.4 MB/s  Total: 2512.33 GB
[ 1986.3s] IOs:    658692067  IOPS:   331620  Throughput:  1295.4 MB/s  Total: 2512.71 GB
[ 1986.9s] IOs:    658792890  IOPS:   331574  Throughput:  1295.2 MB/s  Total: 2513.10 GB
[ 1987.2s] IOs:    658893566  IOPS:   331572  Throughput:  1295.2 MB/s  Total: 2513.48 GB
[ 1987.4s] IOs:    658993911  IOPS:   331586  Throughput:  1295.3 MB/s  Total: 2513.86 GB
[ 1987.9s] IOs:    659094397  IOPS:   331551  Throughput:  1295.1 MB/s  Total: 2514.25 GB
[ 1988.3s] IOs:    659194813  IOPS:   331541  Throughput:  1295.1 MB/s  Total: 2514.63 GB
[ 1988.8s] IOs:    659295456  IOPS:   331503  Throughput:  1294.9 MB/s  Total: 2515.01 GB
[ 1989.0s] IOs:    659396503  IOPS:   331517  Throughput:  1295.0 MB/s  Total: 2515.40 GB
[ 1989.7s] IOs:    659496981  IOPS:   331459  Throughput:  1294.8 MB/s  Total: 2515.78 GB
[ 1990.0s] IOs:    659597330  IOPS:   331463  Throughput:  1294.8 MB/s  Total: 2516.16 GB
[ 1990.5s] IOs:    659698051  IOPS:   331424  Throughput:  1294.6 MB/s  Total: 2516.55 GB
[ 1990.9s] IOs:    659798732  IOPS:   331413  Throughput:  1294.6 MB/s  Total: 2516.93 GB
[ 1991.4s] IOs:    659899439  IOPS:   331368  Throughput:  1294.4 MB/s  Total: 2517.32 GB
[ 1991.8s] IOs:    659999663  IOPS:   331363  Throughput:  1294.4 MB/s  Total: 2517.70 GB
[ 1992.1s] IOs:    660100475  IOPS:   331361  Throughput:  1294.4 MB/s  Total: 2518.08 GB
[ 1992.4s] IOs:    660201119  IOPS:   331356  Throughput:  1294.4 MB/s  Total: 2518.47 GB
[ 1992.9s] IOs:    660302069  IOPS:   331321  Throughput:  1294.2 MB/s  Total: 2518.85 GB
[ 1993.2s] IOs:    660402727  IOPS:   331320  Throughput:  1294.2 MB/s  Total: 2519.24 GB
[ 1993.5s] IOs:    660503165  IOPS:   331333  Throughput:  1294.3 MB/s  Total: 2519.62 GB
[ 1993.9s] IOs:    660603576  IOPS:   331319  Throughput:  1294.2 MB/s  Total: 2520.00 GB
[ 1994.2s] IOs:    660703661  IOPS:   331309  Throughput:  1294.2 MB/s  Total: 2520.38 GB
[ 1994.6s] IOs:    660804513  IOPS:   331296  Throughput:  1294.1 MB/s  Total: 2520.77 GB
[ 1994.9s] IOs:    660905202  IOPS:   331301  Throughput:  1294.1 MB/s  Total: 2521.15 GB
[ 1995.4s] IOs:    661005843  IOPS:   331264  Throughput:  1294.0 MB/s  Total: 2521.54 GB
[ 1995.7s] IOs:    661106502  IOPS:   331263  Throughput:  1294.0 MB/s  Total: 2521.92 GB
[Reader] Parsed 86000000 lines, distributed 661201200 writes, unique 708.40 GB, skipped 0
[ 1996.0s] IOs:    661207193  IOPS:   331265  Throughput:  1294.0 MB/s  Total: 2522.31 GB
[ 1996.4s] IOs:    661307916  IOPS:   331253  Throughput:  1294.0 MB/s  Total: 2522.69 GB
[ 1996.7s] IOs:    661408933  IOPS:   331249  Throughput:  1293.9 MB/s  Total: 2523.07 GB
[ 1996.9s] IOs:    661509576  IOPS:   331262  Throughput:  1294.0 MB/s  Total: 2523.46 GB
[ 1997.3s] IOs:    661610268  IOPS:   331253  Throughput:  1294.0 MB/s  Total: 2523.84 GB
[ 1997.5s] IOs:    661711112  IOPS:   331268  Throughput:  1294.0 MB/s  Total: 2524.23 GB
[ 1997.9s] IOs:    661811970  IOPS:   331246  Throughput:  1293.9 MB/s  Total: 2524.61 GB
[ 1998.2s] IOs:    661912646  IOPS:   331259  Throughput:  1294.0 MB/s  Total: 2525.00 GB
[ 1998.5s] IOs:    662012996  IOPS:   331254  Throughput:  1294.0 MB/s  Total: 2525.38 GB
[ 1998.8s] IOs:    662113547  IOPS:   331262  Throughput:  1294.0 MB/s  Total: 2525.76 GB
[ 1999.0s] IOs:    662213993  IOPS:   331272  Throughput:  1294.0 MB/s  Total: 2526.15 GB
[ 1999.3s] IOs:    662314869  IOPS:   331279  Throughput:  1294.1 MB/s  Total: 2526.53 GB
[ 1999.5s] IOs:    662415505  IOPS:   331284  Throughput:  1294.1 MB/s  Total: 2526.91 GB
[ 1999.8s] IOs:    662516256  IOPS:   331293  Throughput:  1294.1 MB/s  Total: 2527.30 GB
[ 2000.1s] IOs:    662616825  IOPS:   331299  Throughput:  1294.1 MB/s  Total: 2527.68 GB
[ 2000.3s] IOs:    662717434  IOPS:   331305  Throughput:  1294.2 MB/s  Total: 2528.07 GB
[ 2000.6s] IOs:    662818035  IOPS:   331312  Throughput:  1294.2 MB/s  Total: 2528.45 GB
[ 2000.8s] IOs:    662918636  IOPS:   331320  Throughput:  1294.2 MB/s  Total: 2528.83 GB
[ 2001.1s] IOs:    663019058  IOPS:   331329  Throughput:  1294.3 MB/s  Total: 2529.22 GB
[ 2001.3s] IOs:    663119315  IOPS:   331340  Throughput:  1294.3 MB/s  Total: 2529.60 GB
[ 2001.6s] IOs:    663219408  IOPS:   331353  Throughput:  1294.3 MB/s  Total: 2529.98 GB
[ 2001.8s] IOs:    663320344  IOPS:   331357  Throughput:  1294.4 MB/s  Total: 2530.37 GB
[ 2002.1s] IOs:    663420880  IOPS:   331370  Throughput:  1294.4 MB/s  Total: 2530.75 GB
[ 2002.3s] IOs:    663521556  IOPS:   331372  Throughput:  1294.4 MB/s  Total: 2531.13 GB
[ 2002.7s] IOs:    663621918  IOPS:   331360  Throughput:  1294.4 MB/s  Total: 2531.52 GB
[ 2002.9s] IOs:    663722745  IOPS:   331373  Throughput:  1294.4 MB/s  Total: 2531.90 GB
[ 2003.4s] IOs:    663823220  IOPS:   331351  Throughput:  1294.3 MB/s  Total: 2532.28 GB
[ 2003.8s] IOs:    663923717  IOPS:   331337  Throughput:  1294.3 MB/s  Total: 2532.67 GB
[ 2004.0s] IOs:    664024412  IOPS:   331350  Throughput:  1294.3 MB/s  Total: 2533.05 GB
[ 2004.5s] IOs:    664124976  IOPS:   331324  Throughput:  1294.2 MB/s  Total: 2533.44 GB
[ 2004.8s] IOs:    664225929  IOPS:   331323  Throughput:  1294.2 MB/s  Total: 2533.82 GB
[ 2005.0s] IOs:    664326631  IOPS:   331337  Throughput:  1294.3 MB/s  Total: 2534.20 GB
[ 2005.4s] IOs:    664427056  IOPS:   331326  Throughput:  1294.2 MB/s  Total: 2534.59 GB
[ 2005.6s] IOs:    664527593  IOPS:   331341  Throughput:  1294.3 MB/s  Total: 2534.97 GB
[ 2006.2s] IOs:    664628321  IOPS:   331286  Throughput:  1294.1 MB/s  Total: 2535.36 GB
[ 2006.5s] IOs:    664728682  IOPS:   331292  Throughput:  1294.1 MB/s  Total: 2535.74 GB
[ 2007.0s] IOs:    664829237  IOPS:   331257  Throughput:  1294.0 MB/s  Total: 2536.12 GB
[ 2007.5s] IOs:    664930066  IOPS:   331229  Throughput:  1293.9 MB/s  Total: 2536.51 GB
[ 2008.0s] IOs:    665030657  IOPS:   331198  Throughput:  1293.7 MB/s  Total: 2536.89 GB
[ 2008.5s] IOs:    665131419  IOPS:   331160  Throughput:  1293.6 MB/s  Total: 2537.28 GB
[ 2008.8s] IOs:    665231941  IOPS:   331151  Throughput:  1293.6 MB/s  Total: 2537.66 GB
[ 2009.4s] IOs:    665332526  IOPS:   331117  Throughput:  1293.4 MB/s  Total: 2538.04 GB
[ 2009.6s] IOs:    665433113  IOPS:   331130  Throughput:  1293.5 MB/s  Total: 2538.43 GB
[ 2010.0s] IOs:    665533894  IOPS:   331119  Throughput:  1293.4 MB/s  Total: 2538.81 GB
[ 2010.5s] IOs:    665634404  IOPS:   331078  Throughput:  1293.3 MB/s  Total: 2539.19 GB
[ 2010.8s] IOs:    665734903  IOPS:   331078  Throughput:  1293.3 MB/s  Total: 2539.58 GB
[ 2011.0s] IOs:    665835474  IOPS:   331091  Throughput:  1293.3 MB/s  Total: 2539.96 GB
[ 2011.5s] IOs:    665936397  IOPS:   331057  Throughput:  1293.2 MB/s  Total: 2540.35 GB
[ 2011.9s] IOs:    666036886  IOPS:   331057  Throughput:  1293.2 MB/s  Total: 2540.73 GB
[ 2012.1s] IOs:    666137376  IOPS:   331073  Throughput:  1293.3 MB/s  Total: 2541.11 GB
[ 2012.5s] IOs:    666237694  IOPS:   331048  Throughput:  1293.2 MB/s  Total: 2541.50 GB
[ 2012.8s] IOs:    666338185  IOPS:   331046  Throughput:  1293.1 MB/s  Total: 2541.88 GB
[ 2013.1s] IOs:    666438499  IOPS:   331058  Throughput:  1293.2 MB/s  Total: 2542.26 GB
[ 2013.4s] IOs:    666538724  IOPS:   331045  Throughput:  1293.1 MB/s  Total: 2542.64 GB
[ 2013.7s] IOs:    666639099  IOPS:   331060  Throughput:  1293.2 MB/s  Total: 2543.03 GB
[ 2014.0s] IOs:    666739823  IOPS:   331060  Throughput:  1293.2 MB/s  Total: 2543.41 GB
[ 2014.4s] IOs:    666840363  IOPS:   331038  Throughput:  1293.1 MB/s  Total: 2543.79 GB
[ 2014.7s] IOs:    666941072  IOPS:   331044  Throughput:  1293.1 MB/s  Total: 2544.18 GB
[ 2015.0s] IOs:    667041996  IOPS:   331040  Throughput:  1293.1 MB/s  Total: 2544.56 GB
[ 2015.4s] IOs:    667142540  IOPS:   331028  Throughput:  1293.1 MB/s  Total: 2544.95 GB
[ 2015.6s] IOs:    667242824  IOPS:   331039  Throughput:  1293.1 MB/s  Total: 2545.33 GB
[ 2016.1s] IOs:    667343452  IOPS:   331014  Throughput:  1293.0 MB/s  Total: 2545.71 GB
[ 2016.4s] IOs:    667444141  IOPS:   331015  Throughput:  1293.0 MB/s  Total: 2546.10 GB
[ 2016.6s] IOs:    667545076  IOPS:   331021  Throughput:  1293.1 MB/s  Total: 2546.48 GB
[ 2016.9s] IOs:    667645923  IOPS:   331022  Throughput:  1293.1 MB/s  Total: 2546.87 GB
[ 2017.3s] IOs:    667746528  IOPS:   331016  Throughput:  1293.0 MB/s  Total: 2547.25 GB
[ 2017.5s] IOs:    667847015  IOPS:   331027  Throughput:  1293.1 MB/s  Total: 2547.63 GB
[ 2017.8s] IOs:    667947706  IOPS:   331028  Throughput:  1293.1 MB/s  Total: 2548.02 GB
[ 2018.0s] IOs:    668047824  IOPS:   331037  Throughput:  1293.1 MB/s  Total: 2548.40 GB
[ 2018.3s] IOs:    668148382  IOPS:   331042  Throughput:  1293.1 MB/s  Total: 2548.78 GB
[ 2018.7s] IOs:    668249011  IOPS:   331030  Throughput:  1293.1 MB/s  Total: 2549.17 GB
[ 2018.9s] IOs:    668349541  IOPS:   331045  Throughput:  1293.1 MB/s  Total: 2549.55 GB
[ 2019.3s] IOs:    668450041  IOPS:   331034  Throughput:  1293.1 MB/s  Total: 2549.93 GB
[ 2019.6s] IOs:    668550470  IOPS:   331035  Throughput:  1293.1 MB/s  Total: 2550.32 GB
[ 2019.8s] IOs:    668651064  IOPS:   331042  Throughput:  1293.1 MB/s  Total: 2550.70 GB
[ 2020.1s] IOs:    668751586  IOPS:   331053  Throughput:  1293.2 MB/s  Total: 2551.08 GB
[ 2020.4s] IOs:    668852488  IOPS:   331043  Throughput:  1293.1 MB/s  Total: 2551.47 GB
[ 2020.8s] IOs:    668953231  IOPS:   331038  Throughput:  1293.1 MB/s  Total: 2551.85 GB
[ 2021.0s] IOs:    669053815  IOPS:   331052  Throughput:  1293.2 MB/s  Total: 2552.24 GB
[ 2021.3s] IOs:    669154317  IOPS:   331048  Throughput:  1293.2 MB/s  Total: 2552.62 GB
[ 2021.5s] IOs:    669254848  IOPS:   331063  Throughput:  1293.2 MB/s  Total: 2553.00 GB
[ 2021.8s] IOs:    669355489  IOPS:   331062  Throughput:  1293.2 MB/s  Total: 2553.39 GB
[ 2022.0s] IOs:    669456016  IOPS:   331083  Throughput:  1293.3 MB/s  Total: 2553.77 GB
[ 2022.4s] IOs:    669556659  IOPS:   331075  Throughput:  1293.3 MB/s  Total: 2554.16 GB
[ 2022.6s] IOs:    669656966  IOPS:   331095  Throughput:  1293.3 MB/s  Total: 2554.54 GB
[ 2022.8s] IOs:    669757363  IOPS:   331100  Throughput:  1293.4 MB/s  Total: 2554.92 GB
[ 2023.0s] IOs:    669858281  IOPS:   331120  Throughput:  1293.4 MB/s  Total: 2555.31 GB
[ 2023.3s] IOs:    669959248  IOPS:   331123  Throughput:  1293.4 MB/s  Total: 2555.69 GB
[ 2023.6s] IOs:    670060051  IOPS:   331118  Throughput:  1293.4 MB/s  Total: 2556.08 GB
[ 2023.9s] IOs:    670160486  IOPS:   331131  Throughput:  1293.5 MB/s  Total: 2556.46 GB
[ 2024.0s] IOs:    670261197  IOPS:   331153  Throughput:  1293.6 MB/s  Total: 2556.84 GB
[ 2024.5s] IOs:    670361663  IOPS:   331118  Throughput:  1293.4 MB/s  Total: 2557.23 GB
[ 2024.8s] IOs:    670461934  IOPS:   331124  Throughput:  1293.5 MB/s  Total: 2557.61 GB
[ 2025.0s] IOs:    670562190  IOPS:   331139  Throughput:  1293.5 MB/s  Total: 2557.99 GB
[ 2025.4s] IOs:    670662602  IOPS:   331130  Throughput:  1293.5 MB/s  Total: 2558.37 GB
[ 2025.5s] IOs:    670763285  IOPS:   331152  Throughput:  1293.6 MB/s  Total: 2558.76 GB
[ 2025.9s] IOs:    670863419  IOPS:   331137  Throughput:  1293.5 MB/s  Total: 2559.14 GB
[ 2026.1s] IOs:    670963853  IOPS:   331159  Throughput:  1293.6 MB/s  Total: 2559.52 GB
[ 2026.4s] IOs:    671063893  IOPS:   331161  Throughput:  1293.6 MB/s  Total: 2559.91 GB
[ 2026.6s] IOs:    671164273  IOPS:   331178  Throughput:  1293.7 MB/s  Total: 2560.29 GB
[ 2027.1s] IOs:    671264899  IOPS:   331151  Throughput:  1293.6 MB/s  Total: 2560.67 GB
[ 2027.2s] IOs:    671365558  IOPS:   331171  Throughput:  1293.6 MB/s  Total: 2561.06 GB
[ 2027.4s] IOs:    671466342  IOPS:   331190  Throughput:  1293.7 MB/s  Total: 2561.44 GB
[ 2027.8s] IOs:    671567110  IOPS:   331183  Throughput:  1293.7 MB/s  Total: 2561.83 GB
[ 2028.0s] IOs:    671667304  IOPS:   331201  Throughput:  1293.8 MB/s  Total: 2562.21 GB
[ 2028.3s] IOs:    671767975  IOPS:   331200  Throughput:  1293.8 MB/s  Total: 2562.59 GB
[ 2028.5s] IOs:    671869024  IOPS:   331210  Throughput:  1293.8 MB/s  Total: 2562.98 GB
[ 2028.9s] IOs:    671969873  IOPS:   331206  Throughput:  1293.8 MB/s  Total: 2563.36 GB
[ 2029.0s] IOs:    672070625  IOPS:   331226  Throughput:  1293.9 MB/s  Total: 2563.75 GB
[ 2029.3s] IOs:    672171535  IOPS:   331227  Throughput:  1293.9 MB/s  Total: 2564.13 GB
[ 2029.5s] IOs:    672272312  IOPS:   331246  Throughput:  1293.9 MB/s  Total: 2564.52 GB
[ 2029.8s] IOs:    672373083  IOPS:   331249  Throughput:  1293.9 MB/s  Total: 2564.90 GB
[ 2030.0s] IOs:    672473577  IOPS:   331269  Throughput:  1294.0 MB/s  Total: 2565.28 GB
[ 2030.3s] IOs:    672574605  IOPS:   331265  Throughput:  1294.0 MB/s  Total: 2565.67 GB
[ 2030.5s] IOs:    672675516  IOPS:   331285  Throughput:  1294.1 MB/s  Total: 2566.05 GB
[Reader] Parsed 87000000 lines, distributed 672731097 writes, unique 713.28 GB, skipped 0
[ 2030.7s] IOs:    672776094  IOPS:   331305  Throughput:  1294.2 MB/s  Total: 2566.44 GB
[ 2031.0s] IOs:    672876450  IOPS:   331311  Throughput:  1294.2 MB/s  Total: 2566.82 GB
[ 2031.1s] IOs:    672977191  IOPS:   331332  Throughput:  1294.3 MB/s  Total: 2567.20 GB
[ 2031.4s] IOs:    673077701  IOPS:   331343  Throughput:  1294.3 MB/s  Total: 2567.59 GB
[ 2031.5s] IOs:    673178398  IOPS:   331364  Throughput:  1294.4 MB/s  Total: 2567.97 GB
[ 2031.8s] IOs:    673279134  IOPS:   331375  Throughput:  1294.4 MB/s  Total: 2568.36 GB
[ 2032.0s] IOs:    673379829  IOPS:   331396  Throughput:  1294.5 MB/s  Total: 2568.74 GB
[ 2032.1s] IOs:    673480293  IOPS:   331415  Throughput:  1294.6 MB/s  Total: 2569.12 GB
[ 2032.4s] IOs:    673581020  IOPS:   331424  Throughput:  1294.6 MB/s  Total: 2569.51 GB
[ 2032.6s] IOs:    673681766  IOPS:   331439  Throughput:  1294.7 MB/s  Total: 2569.89 GB
[ 2033.1s] IOs:    673782648  IOPS:   331411  Throughput:  1294.6 MB/s  Total: 2570.28 GB
[ 2033.3s] IOs:    673883382  IOPS:   331430  Throughput:  1294.6 MB/s  Total: 2570.66 GB
[ 2033.5s] IOs:    673984016  IOPS:   331444  Throughput:  1294.7 MB/s  Total: 2571.04 GB
[ 2033.7s] IOs:    674084782  IOPS:   331463  Throughput:  1294.8 MB/s  Total: 2571.43 GB
[ 2033.9s] IOs:    674185396  IOPS:   331468  Throughput:  1294.8 MB/s  Total: 2571.81 GB
[ 2034.1s] IOs:    674285937  IOPS:   331489  Throughput:  1294.9 MB/s  Total: 2572.20 GB
[ 2034.4s] IOs:    674386604  IOPS:   331496  Throughput:  1294.9 MB/s  Total: 2572.58 GB
[ 2034.5s] IOs:    674487107  IOPS:   331517  Throughput:  1295.0 MB/s  Total: 2572.96 GB
[ 2034.7s] IOs:    674587567  IOPS:   331535  Throughput:  1295.1 MB/s  Total: 2573.35 GB
[ 2035.0s] IOs:    674688242  IOPS:   331542  Throughput:  1295.1 MB/s  Total: 2573.73 GB
[ 2035.2s] IOs:    674789053  IOPS:   331561  Throughput:  1295.2 MB/s  Total: 2574.12 GB
[ 2035.4s] IOs:    674889826  IOPS:   331575  Throughput:  1295.2 MB/s  Total: 2574.50 GB
[ 2035.6s] IOs:    674990820  IOPS:   331596  Throughput:  1295.3 MB/s  Total: 2574.89 GB
[ 2035.9s] IOs:    675091593  IOPS:   331601  Throughput:  1295.3 MB/s  Total: 2575.27 GB
[ 2036.0s] IOs:    675192601  IOPS:   331622  Throughput:  1295.4 MB/s  Total: 2575.66 GB
[ 2036.2s] IOs:    675292870  IOPS:   331643  Throughput:  1295.5 MB/s  Total: 2576.04 GB
[ 2036.5s] IOs:    675393693  IOPS:   331651  Throughput:  1295.5 MB/s  Total: 2576.42 GB
[ 2036.6s] IOs:    675494323  IOPS:   331672  Throughput:  1295.6 MB/s  Total: 2576.81 GB
[ 2036.9s] IOs:    675595166  IOPS:   331683  Throughput:  1295.6 MB/s  Total: 2577.19 GB
[ 2037.0s] IOs:    675695934  IOPS:   331704  Throughput:  1295.7 MB/s  Total: 2577.58 GB
[ 2037.2s] IOs:    675796658  IOPS:   331725  Throughput:  1295.8 MB/s  Total: 2577.96 GB
[ 2037.4s] IOs:    675897327  IOPS:   331741  Throughput:  1295.9 MB/s  Total: 2578.34 GB
[ 2037.7s] IOs:    675998083  IOPS:   331753  Throughput:  1295.9 MB/s  Total: 2578.73 GB
[ 2037.8s] IOs:    676098619  IOPS:   331773  Throughput:  1296.0 MB/s  Total: 2579.11 GB
[ 2038.0s] IOs:    676199152  IOPS:   331793  Throughput:  1296.1 MB/s  Total: 2579.50 GB
[ 2038.2s] IOs:    676299309  IOPS:   331814  Throughput:  1296.1 MB/s  Total: 2579.88 GB
[ 2039.2s] IOs:    676400102  IOPS:   331696  Throughput:  1295.7 MB/s  Total: 2580.26 GB
[ 2039.4s] IOs:    676500773  IOPS:   331715  Throughput:  1295.8 MB/s  Total: 2580.65 GB
[ 2039.6s] IOs:    676601307  IOPS:   331736  Throughput:  1295.8 MB/s  Total: 2581.03 GB
[ 2039.8s] IOs:    676702058  IOPS:   331757  Throughput:  1295.9 MB/s  Total: 2581.41 GB
[ 2040.0s] IOs:    676802656  IOPS:   331762  Throughput:  1295.9 MB/s  Total: 2581.80 GB
[ 2040.2s] IOs:    676903229  IOPS:   331783  Throughput:  1296.0 MB/s  Total: 2582.18 GB
[ 2040.4s] IOs:    677003577  IOPS:   331805  Throughput:  1296.1 MB/s  Total: 2582.56 GB
[ 2040.6s] IOs:    677104417  IOPS:   331810  Throughput:  1296.1 MB/s  Total: 2582.95 GB
[ 2040.8s] IOs:    677205056  IOPS:   331831  Throughput:  1296.2 MB/s  Total: 2583.33 GB
[ 2041.1s] IOs:    677305423  IOPS:   331841  Throughput:  1296.3 MB/s  Total: 2583.72 GB
[ 2041.2s] IOs:    677406226  IOPS:   331862  Throughput:  1296.3 MB/s  Total: 2584.10 GB
[ 2041.4s] IOs:    677507239  IOPS:   331884  Throughput:  1296.4 MB/s  Total: 2584.49 GB
[ 2041.6s] IOs:    677608153  IOPS:   331903  Throughput:  1296.5 MB/s  Total: 2584.87 GB
[ 2041.8s] IOs:    677708641  IOPS:   331922  Throughput:  1296.6 MB/s  Total: 2585.25 GB
[ 2041.9s] IOs:    677809244  IOPS:   331943  Throughput:  1296.7 MB/s  Total: 2585.64 GB
[ 2042.4s] IOs:    677909915  IOPS:   331911  Throughput:  1296.5 MB/s  Total: 2586.02 GB
[ 2042.6s] IOs:    678010613  IOPS:   331928  Throughput:  1296.6 MB/s  Total: 2586.41 GB
[ 2043.2s] IOs:    678111515  IOPS:   331885  Throughput:  1296.4 MB/s  Total: 2586.79 GB
[ 2043.7s] IOs:    678212004  IOPS:   331848  Throughput:  1296.3 MB/s  Total: 2587.17 GB
[ 2044.2s] IOs:    678312419  IOPS:   331819  Throughput:  1296.2 MB/s  Total: 2587.56 GB
[ 2044.6s] IOs:    678413041  IOPS:   331802  Throughput:  1296.1 MB/s  Total: 2587.94 GB
[ 2045.1s] IOs:    678513989  IOPS:   331770  Throughput:  1296.0 MB/s  Total: 2588.33 GB
[ 2045.7s] IOs:    678614718  IOPS:   331733  Throughput:  1295.8 MB/s  Total: 2588.71 GB
[ 2045.9s] IOs:    678715385  IOPS:   331742  Throughput:  1295.9 MB/s  Total: 2589.09 GB
[ 2046.2s] IOs:    678815796  IOPS:   331748  Throughput:  1295.9 MB/s  Total: 2589.48 GB
[ 2046.6s] IOs:    678916072  IOPS:   331725  Throughput:  1295.8 MB/s  Total: 2589.86 GB
[ 2046.8s] IOs:    679016361  IOPS:   331745  Throughput:  1295.9 MB/s  Total: 2590.24 GB
[ 2047.3s] IOs:    679117265  IOPS:   331719  Throughput:  1295.8 MB/s  Total: 2590.63 GB
[ 2047.6s] IOs:    679217697  IOPS:   331718  Throughput:  1295.8 MB/s  Total: 2591.01 GB
[ 2047.8s] IOs:    679318284  IOPS:   331736  Throughput:  1295.8 MB/s  Total: 2591.39 GB
[ 2048.2s] IOs:    679418820  IOPS:   331709  Throughput:  1295.7 MB/s  Total: 2591.78 GB
[ 2048.5s] IOs:    679519175  IOPS:   331713  Throughput:  1295.8 MB/s  Total: 2592.16 GB
[ 2048.7s] IOs:    679619789  IOPS:   331732  Throughput:  1295.8 MB/s  Total: 2592.54 GB
[ 2049.2s] IOs:    679720314  IOPS:   331705  Throughput:  1295.7 MB/s  Total: 2592.93 GB
[ 2049.4s] IOs:    679821234  IOPS:   331725  Throughput:  1295.8 MB/s  Total: 2593.31 GB
[ 2049.7s] IOs:    679921436  IOPS:   331721  Throughput:  1295.8 MB/s  Total: 2593.69 GB
[ 2050.0s] IOs:    680021484  IOPS:   331718  Throughput:  1295.8 MB/s  Total: 2594.08 GB
[ 2050.2s] IOs:    680121684  IOPS:   331734  Throughput:  1295.8 MB/s  Total: 2594.46 GB
[ 2050.6s] IOs:    680222260  IOPS:   331717  Throughput:  1295.8 MB/s  Total: 2594.84 GB
[ 2050.8s] IOs:    680322875  IOPS:   331733  Throughput:  1295.8 MB/s  Total: 2595.23 GB
[ 2051.1s] IOs:    680423851  IOPS:   331738  Throughput:  1295.9 MB/s  Total: 2595.61 GB
[ 2051.3s] IOs:    680524626  IOPS:   331757  Throughput:  1295.9 MB/s  Total: 2596.00 GB
[ 2051.6s] IOs:    680624657  IOPS:   331758  Throughput:  1295.9 MB/s  Total: 2596.38 GB
[ 2051.8s] IOs:    680724996  IOPS:   331769  Throughput:  1296.0 MB/s  Total: 2596.76 GB
[ 2052.0s] IOs:    680825582  IOPS:   331780  Throughput:  1296.0 MB/s  Total: 2597.14 GB
[ 2052.2s] IOs:    680926343  IOPS:   331797  Throughput:  1296.1 MB/s  Total: 2597.53 GB
[ 2052.4s] IOs:    681027049  IOPS:   331815  Throughput:  1296.2 MB/s  Total: 2597.91 GB
[ 2054.6s] IOs:    681127962  IOPS:   331506  Throughput:  1294.9 MB/s  Total: 2598.30 GB
[ 2054.8s] IOs:    681228432  IOPS:   331527  Throughput:  1295.0 MB/s  Total: 2598.68 GB
[ 2055.0s] IOs:    681329173  IOPS:   331547  Throughput:  1295.1 MB/s  Total: 2599.06 GB
[ 2055.2s] IOs:    681430093  IOPS:   331567  Throughput:  1295.2 MB/s  Total: 2599.45 GB
[ 2055.4s] IOs:    681530954  IOPS:   331576  Throughput:  1295.2 MB/s  Total: 2599.83 GB
[ 2055.6s] IOs:    681631887  IOPS:   331591  Throughput:  1295.3 MB/s  Total: 2600.22 GB
[ 2055.8s] IOs:    681732645  IOPS:   331609  Throughput:  1295.3 MB/s  Total: 2600.60 GB
[ 2056.0s] IOs:    681833284  IOPS:   331629  Throughput:  1295.4 MB/s  Total: 2600.99 GB
[ 2056.2s] IOs:    681933892  IOPS:   331647  Throughput:  1295.5 MB/s  Total: 2601.37 GB
[ 2056.4s] IOs:    682034538  IOPS:   331669  Throughput:  1295.6 MB/s  Total: 2601.76 GB
[ 2056.6s] IOs:    682134553  IOPS:   331680  Throughput:  1295.6 MB/s  Total: 2602.14 GB
[ 2056.8s] IOs:    682235005  IOPS:   331699  Throughput:  1295.7 MB/s  Total: 2602.52 GB
[ 2057.0s] IOs:    682335143  IOPS:   331720  Throughput:  1295.8 MB/s  Total: 2602.90 GB
[ 2057.1s] IOs:    682435821  IOPS:   331741  Throughput:  1295.9 MB/s  Total: 2603.29 GB
[ 2057.3s] IOs:    682536621  IOPS:   331760  Throughput:  1295.9 MB/s  Total: 2603.67 GB
[ 2067.3s] IOs:    682637596  IOPS:   330212  Throughput:  1289.9 MB/s  Total: 2604.06 GB
[ 2068.8s] IOs:    682738327  IOPS:   330025  Throughput:  1289.2 MB/s  Total: 2604.44 GB
[ 2069.8s] IOs:    682839001  IOPS:   329905  Throughput:  1288.7 MB/s  Total: 2604.82 GB
[ 2071.1s] IOs:    682940010  IOPS:   329745  Throughput:  1288.1 MB/s  Total: 2605.21 GB
[ 2072.0s] IOs:    683040888  IOPS:   329656  Throughput:  1287.7 MB/s  Total: 2605.59 GB
[ 2073.0s] IOs:    683141649  IOPS:   329548  Throughput:  1287.3 MB/s  Total: 2605.98 GB
[ 2073.9s] IOs:    683241778  IOPS:   329452  Throughput:  1286.9 MB/s  Total: 2606.36 GB
[ 2074.5s] IOs:    683342699  IOPS:   329404  Throughput:  1286.7 MB/s  Total: 2606.75 GB
[ 2075.4s] IOs:    683443732  IOPS:   329306  Throughput:  1286.4 MB/s  Total: 2607.13 GB
[ 2076.0s] IOs:    683544324  IOPS:   329262  Throughput:  1286.2 MB/s  Total: 2607.51 GB
[ 2076.5s] IOs:    683644777  IOPS:   329222  Throughput:  1286.0 MB/s  Total: 2607.90 GB
[ 2077.3s] IOs:    683745475  IOPS:   329147  Throughput:  1285.7 MB/s  Total: 2608.28 GB
[ 2077.9s] IOs:    683846437  IOPS:   329105  Throughput:  1285.6 MB/s  Total: 2608.67 GB
[ 2078.6s] IOs:    683947188  IOPS:   329044  Throughput:  1285.3 MB/s  Total: 2609.05 GB
[Reader] Parsed 88000000 lines, distributed 684044246 writes, unique 717.71 GB, skipped 0
[ 2078.9s] IOs:    684047746  IOPS:   329047  Throughput:  1285.3 MB/s  Total: 2609.44 GB
[ 2079.4s] IOs:    684148618  IOPS:   329013  Throughput:  1285.2 MB/s  Total: 2609.82 GB
[ 2079.9s] IOs:    684249240  IOPS:   328978  Throughput:  1285.1 MB/s  Total: 2610.20 GB
[ 2080.3s] IOs:    684350093  IOPS:   328964  Throughput:  1285.0 MB/s  Total: 2610.59 GB
[ 2080.8s] IOs:    684450429  IOPS:   328932  Throughput:  1284.9 MB/s  Total: 2610.97 GB
[ 2081.2s] IOs:    684551098  IOPS:   328928  Throughput:  1284.9 MB/s  Total: 2611.36 GB
[ 2081.5s] IOs:    684651573  IOPS:   328921  Throughput:  1284.8 MB/s  Total: 2611.74 GB
[ 2082.0s] IOs:    684752317  IOPS:   328893  Throughput:  1284.7 MB/s  Total: 2612.12 GB
[ 2082.5s] IOs:    684852984  IOPS:   328863  Throughput:  1284.6 MB/s  Total: 2612.51 GB
[ 2083.1s] IOs:    684953945  IOPS:   328811  Throughput:  1284.4 MB/s  Total: 2612.89 GB
[ 2083.5s] IOs:    685054433  IOPS:   328802  Throughput:  1284.4 MB/s  Total: 2613.28 GB
[ 2084.0s] IOs:    685154725  IOPS:   328768  Throughput:  1284.2 MB/s  Total: 2613.66 GB
[ 2084.3s] IOs:    685255161  IOPS:   328778  Throughput:  1284.3 MB/s  Total: 2614.04 GB
[ 2084.7s] IOs:    685356093  IOPS:   328762  Throughput:  1284.2 MB/s  Total: 2614.43 GB
[ 2085.1s] IOs:    685456876  IOPS:   328741  Throughput:  1284.1 MB/s  Total: 2614.81 GB
[ 2085.6s] IOs:    685557685  IOPS:   328718  Throughput:  1284.1 MB/s  Total: 2615.20 GB
[ 2085.8s] IOs:    685658027  IOPS:   328730  Throughput:  1284.1 MB/s  Total: 2615.58 GB
[ 2086.1s] IOs:    685758400  IOPS:   328724  Throughput:  1284.1 MB/s  Total: 2615.96 GB
[ 2086.5s] IOs:    685859289  IOPS:   328705  Throughput:  1284.0 MB/s  Total: 2616.35 GB
[ 2086.9s] IOs:    685960150  IOPS:   328695  Throughput:  1284.0 MB/s  Total: 2616.73 GB
[ 2087.2s] IOs:    686060808  IOPS:   328705  Throughput:  1284.0 MB/s  Total: 2617.11 GB
[ 2087.6s] IOs:    686161320  IOPS:   328686  Throughput:  1283.9 MB/s  Total: 2617.50 GB
[ 2088.1s] IOs:    686261703  IOPS:   328656  Throughput:  1283.8 MB/s  Total: 2617.88 GB
[ 2088.4s] IOs:    686362301  IOPS:   328658  Throughput:  1283.8 MB/s  Total: 2618.26 GB
[ 2088.6s] IOs:    686463011  IOPS:   328673  Throughput:  1283.9 MB/s  Total: 2618.65 GB
[ 2089.0s] IOs:    686563673  IOPS:   328657  Throughput:  1283.8 MB/s  Total: 2619.03 GB
[ 2089.2s] IOs:    686663975  IOPS:   328667  Throughput:  1283.9 MB/s  Total: 2619.42 GB
[ 2089.6s] IOs:    686764479  IOPS:   328663  Throughput:  1283.8 MB/s  Total: 2619.80 GB
[ 2089.8s] IOs:    686864762  IOPS:   328675  Throughput:  1283.9 MB/s  Total: 2620.18 GB
[ 2090.1s] IOs:    686965207  IOPS:   328670  Throughput:  1283.9 MB/s  Total: 2620.56 GB
[ 2090.5s] IOs:    687065620  IOPS:   328666  Throughput:  1283.8 MB/s  Total: 2620.95 GB
[ 2090.8s] IOs:    687166245  IOPS:   328666  Throughput:  1283.9 MB/s  Total: 2621.33 GB
[ 2091.2s] IOs:    687267106  IOPS:   328643  Throughput:  1283.8 MB/s  Total: 2621.72 GB
[ 2091.5s] IOs:    687367988  IOPS:   328652  Throughput:  1283.8 MB/s  Total: 2622.10 GB
[ 2091.7s] IOs:    687468632  IOPS:   328666  Throughput:  1283.9 MB/s  Total: 2622.48 GB
[ 2092.1s] IOs:    687569091  IOPS:   328658  Throughput:  1283.8 MB/s  Total: 2622.87 GB
[ 2092.3s] IOs:    687669630  IOPS:   328671  Throughput:  1283.9 MB/s  Total: 2623.25 GB
[ 2093.0s] IOs:    687770579  IOPS:   328606  Throughput:  1283.6 MB/s  Total: 2623.64 GB
[ 2093.7s] IOs:    687871316  IOPS:   328547  Throughput:  1283.4 MB/s  Total: 2624.02 GB
[ 2094.6s] IOs:    687971957  IOPS:   328456  Throughput:  1283.0 MB/s  Total: 2624.40 GB
[ 2095.1s] IOs:    688072769  IOPS:   328417  Throughput:  1282.9 MB/s  Total: 2624.79 GB
[ 2095.8s] IOs:    688173352  IOPS:   328363  Throughput:  1282.7 MB/s  Total: 2625.17 GB
[ 2096.5s] IOs:    688274060  IOPS:   328300  Throughput:  1282.4 MB/s  Total: 2625.56 GB
[ 2097.2s] IOs:    688374663  IOPS:   328231  Throughput:  1282.2 MB/s  Total: 2625.94 GB
[ 2098.0s] IOs:    688475658  IOPS:   328152  Throughput:  1281.8 MB/s  Total: 2626.33 GB
[ 2098.7s] IOs:    688576520  IOPS:   328101  Throughput:  1281.6 MB/s  Total: 2626.71 GB
[ 2099.3s] IOs:    688677023  IOPS:   328054  Throughput:  1281.5 MB/s  Total: 2627.09 GB
[ 2100.0s] IOs:    688777147  IOPS:   327984  Throughput:  1281.2 MB/s  Total: 2627.48 GB
[ 2100.6s] IOs:    688877798  IOPS:   327944  Throughput:  1281.0 MB/s  Total: 2627.86 GB
[ 2101.3s] IOs:    688978417  IOPS:   327886  Throughput:  1280.8 MB/s  Total: 2628.24 GB
[ 2101.6s] IOs:    689079176  IOPS:   327886  Throughput:  1280.8 MB/s  Total: 2628.63 GB
[ 2102.2s] IOs:    689179206  IOPS:   327832  Throughput:  1280.6 MB/s  Total: 2629.01 GB
[ 2102.7s] IOs:    689279908  IOPS:   327804  Throughput:  1280.5 MB/s  Total: 2629.39 GB
[ 2103.2s] IOs:    689380673  IOPS:   327781  Throughput:  1280.4 MB/s  Total: 2629.78 GB
[ 2103.7s] IOs:    689481346  IOPS:   327747  Throughput:  1280.3 MB/s  Total: 2630.16 GB
[ 2104.2s] IOs:    689582254  IOPS:   327715  Throughput:  1280.1 MB/s  Total: 2630.55 GB
[ 2104.6s] IOs:    689682964  IOPS:   327703  Throughput:  1280.1 MB/s  Total: 2630.93 GB
[ 2105.1s] IOs:    689783583  IOPS:   327680  Throughput:  1280.0 MB/s  Total: 2631.32 GB
[ 2105.3s] IOs:    689883976  IOPS:   327692  Throughput:  1280.0 MB/s  Total: 2631.70 GB
[ 2105.7s] IOs:    689984695  IOPS:   327671  Throughput:  1280.0 MB/s  Total: 2632.08 GB
[ 2106.1s] IOs:    690085446  IOPS:   327654  Throughput:  1279.9 MB/s  Total: 2632.47 GB
[ 2106.5s] IOs:    690186193  IOPS:   327642  Throughput:  1279.9 MB/s  Total: 2632.85 GB
[ 2106.7s] IOs:    690286615  IOPS:   327655  Throughput:  1279.9 MB/s  Total: 2633.23 GB
[ 2107.2s] IOs:    690386989  IOPS:   327630  Throughput:  1279.8 MB/s  Total: 2633.62 GB
[ 2107.5s] IOs:    690487270  IOPS:   327630  Throughput:  1279.8 MB/s  Total: 2634.00 GB
[ 2107.8s] IOs:    690588130  IOPS:   327637  Throughput:  1279.8 MB/s  Total: 2634.38 GB
[ 2108.1s] IOs:    690688887  IOPS:   327634  Throughput:  1279.8 MB/s  Total: 2634.77 GB
[ 2108.4s] IOs:    690789574  IOPS:   327642  Throughput:  1279.8 MB/s  Total: 2635.15 GB
[ 2108.8s] IOs:    690889968  IOPS:   327616  Throughput:  1279.8 MB/s  Total: 2635.54 GB
[ 2109.1s] IOs:    690990338  IOPS:   327625  Throughput:  1279.8 MB/s  Total: 2635.92 GB
[ 2109.3s] IOs:    691090904  IOPS:   327635  Throughput:  1279.8 MB/s  Total: 2636.30 GB
[ 2109.7s] IOs:    691191874  IOPS:   327633  Throughput:  1279.8 MB/s  Total: 2636.69 GB
[ 2109.9s] IOs:    691292771  IOPS:   327645  Throughput:  1279.9 MB/s  Total: 2637.07 GB
[ 2110.2s] IOs:    691393244  IOPS:   327644  Throughput:  1279.9 MB/s  Total: 2637.46 GB
[ 2110.5s] IOs:    691493570  IOPS:   327644  Throughput:  1279.9 MB/s  Total: 2637.84 GB
[ 2110.8s] IOs:    691594255  IOPS:   327645  Throughput:  1279.9 MB/s  Total: 2638.22 GB
[ 2111.0s] IOs:    691695216  IOPS:   327658  Throughput:  1279.9 MB/s  Total: 2638.61 GB
[ 2111.3s] IOs:    691796063  IOPS:   327666  Throughput:  1279.9 MB/s  Total: 2638.99 GB
[ 2111.5s] IOs:    691896666  IOPS:   327673  Throughput:  1280.0 MB/s  Total: 2639.38 GB
[ 2111.8s] IOs:    691996965  IOPS:   327686  Throughput:  1280.0 MB/s  Total: 2639.76 GB
[ 2112.0s] IOs:    692097512  IOPS:   327695  Throughput:  1280.1 MB/s  Total: 2640.14 GB
[ 2112.3s] IOs:    692198257  IOPS:   327705  Throughput:  1280.1 MB/s  Total: 2640.53 GB
[ 2112.5s] IOs:    692298273  IOPS:   327711  Throughput:  1280.1 MB/s  Total: 2640.91 GB
[ 2112.8s] IOs:    692398940  IOPS:   327720  Throughput:  1280.2 MB/s  Total: 2641.29 GB
[ 2113.0s] IOs:    692499424  IOPS:   327731  Throughput:  1280.2 MB/s  Total: 2641.68 GB
[ 2113.2s] IOs:    692600024  IOPS:   327743  Throughput:  1280.2 MB/s  Total: 2642.06 GB
[ 2113.6s] IOs:    692700712  IOPS:   327735  Throughput:  1280.2 MB/s  Total: 2642.44 GB
[ 2113.8s] IOs:    692801487  IOPS:   327744  Throughput:  1280.2 MB/s  Total: 2642.83 GB
[ 2114.1s] IOs:    692902148  IOPS:   327754  Throughput:  1280.3 MB/s  Total: 2643.21 GB
[ 2114.3s] IOs:    693002638  IOPS:   327767  Throughput:  1280.3 MB/s  Total: 2643.60 GB
[ 2114.8s] IOs:    693103053  IOPS:   327744  Throughput:  1280.2 MB/s  Total: 2643.98 GB
[ 2115.0s] IOs:    693203611  IOPS:   327755  Throughput:  1280.3 MB/s  Total: 2644.36 GB
[ 2115.2s] IOs:    693304480  IOPS:   327768  Throughput:  1280.3 MB/s  Total: 2644.75 GB
[ 2115.6s] IOs:    693405155  IOPS:   327758  Throughput:  1280.3 MB/s  Total: 2645.13 GB
[ 2115.8s] IOs:    693505473  IOPS:   327768  Throughput:  1280.3 MB/s  Total: 2645.51 GB
[ 2116.2s] IOs:    693605539  IOPS:   327757  Throughput:  1280.3 MB/s  Total: 2645.90 GB
[ 2118.7s] IOs:    693706268  IOPS:   327419  Throughput:  1279.0 MB/s  Total: 2646.28 GB
[ 2119.2s] IOs:    693807054  IOPS:   327390  Throughput:  1278.9 MB/s  Total: 2646.66 GB
[ 2119.7s] IOs:    693907900  IOPS:   327358  Throughput:  1278.7 MB/s  Total: 2647.05 GB
[ 2120.1s] IOs:    694008268  IOPS:   327342  Throughput:  1278.7 MB/s  Total: 2647.43 GB
[ 2120.7s] IOs:    694109028  IOPS:   327309  Throughput:  1278.6 MB/s  Total: 2647.82 GB
[ 2121.0s] IOs:    694209666  IOPS:   327298  Throughput:  1278.5 MB/s  Total: 2648.20 GB
[Reader] Parsed 89000000 lines, distributed 694270011 writes, unique 720.00 GB, skipped 320573
[ 2121.5s] IOs:    694310135  IOPS:   327275  Throughput:  1278.4 MB/s  Total: 2648.58 GB
[ 2121.7s] IOs:    694410883  IOPS:   327285  Throughput:  1278.5 MB/s  Total: 2648.97 GB
[ 2122.1s] IOs:    694511486  IOPS:   327269  Throughput:  1278.4 MB/s  Total: 2649.35 GB
[ 2122.8s] IOs:    694612244  IOPS:   327215  Throughput:  1278.2 MB/s  Total: 2649.74 GB
[ 2123.1s] IOs:    694712657  IOPS:   327224  Throughput:  1278.2 MB/s  Total: 2650.12 GB
[ 2123.6s] IOs:    694813461  IOPS:   327186  Throughput:  1278.1 MB/s  Total: 2650.50 GB
[ 2124.2s] IOs:    694914459  IOPS:   327145  Throughput:  1277.9 MB/s  Total: 2650.89 GB
[ 2124.6s] IOs:    695015374  IOPS:   327123  Throughput:  1277.8 MB/s  Total: 2651.27 GB
[ 2125.2s] IOs:    695115948  IOPS:   327088  Throughput:  1277.7 MB/s  Total: 2651.66 GB
[ 2129.2s] IOs:    695216326  IOPS:   326513  Throughput:  1275.4 MB/s  Total: 2652.04 GB
[ 2132.7s] IOs:    695316388  IOPS:   326027  Throughput:  1273.5 MB/s  Total: 2652.42 GB
[ 2135.2s] IOs:    695416937  IOPS:   325690  Throughput:  1272.2 MB/s  Total: 2652.81 GB
[ 2137.2s] IOs:    695517737  IOPS:   325427  Throughput:  1271.2 MB/s  Total: 2653.19 GB
[ 2139.2s] IOs:    695618707  IOPS:   325179  Throughput:  1270.2 MB/s  Total: 2653.57 GB
[ 2140.7s] IOs:    695719570  IOPS:   325004  Throughput:  1269.5 MB/s  Total: 2653.96 GB
[ 2140.9s] IOs:    695820570  IOPS:   325009  Throughput:  1269.6 MB/s  Total: 2654.34 GB
[ 2141.2s] IOs:    695921119  IOPS:   325019  Throughput:  1269.6 MB/s  Total: 2654.73 GB
[ 2141.4s] IOs:    696021621  IOPS:   325025  Throughput:  1269.6 MB/s  Total: 2655.11 GB
[ 2141.7s] IOs:    696122276  IOPS:   325037  Throughput:  1269.7 MB/s  Total: 2655.50 GB
[ 2141.9s] IOs:    696222726  IOPS:   325047  Throughput:  1269.7 MB/s  Total: 2655.88 GB
[ 2142.1s] IOs:    696323424  IOPS:   325058  Throughput:  1269.8 MB/s  Total: 2656.26 GB
[ 2142.4s] IOs:    696423843  IOPS:   325069  Throughput:  1269.8 MB/s  Total: 2656.65 GB
[ 2142.6s] IOs:    696524560  IOPS:   325081  Throughput:  1269.8 MB/s  Total: 2657.03 GB
[ 2142.9s] IOs:    696624985  IOPS:   325092  Throughput:  1269.9 MB/s  Total: 2657.41 GB
[ 2143.1s] IOs:    696725559  IOPS:   325098  Throughput:  1269.9 MB/s  Total: 2657.80 GB
[ 2143.5s] IOs:    696825843  IOPS:   325095  Throughput:  1269.9 MB/s  Total: 2658.18 GB
[ 2143.7s] IOs:    696926484  IOPS:   325108  Throughput:  1270.0 MB/s  Total: 2658.56 GB
[ 2143.9s] IOs:    697027123  IOPS:   325117  Throughput:  1270.0 MB/s  Total: 2658.95 GB
[ 2144.3s] IOs:    697127628  IOPS:   325114  Throughput:  1270.0 MB/s  Total: 2659.33 GB
[ 2144.5s] IOs:    697228101  IOPS:   325126  Throughput:  1270.0 MB/s  Total: 2659.71 GB
[ 2144.8s] IOs:    697328644  IOPS:   325125  Throughput:  1270.0 MB/s  Total: 2660.10 GB
[ 2145.0s] IOs:    697429443  IOPS:   325136  Throughput:  1270.1 MB/s  Total: 2660.48 GB
[ 2145.3s] IOs:    697530333  IOPS:   325139  Throughput:  1270.1 MB/s  Total: 2660.87 GB
[ 2145.6s] IOs:    697631065  IOPS:   325149  Throughput:  1270.1 MB/s  Total: 2661.25 GB
[ 2145.9s] IOs:    697731561  IOPS:   325148  Throughput:  1270.1 MB/s  Total: 2661.63 GB
[ 2146.1s] IOs:    697831865  IOPS:   325156  Throughput:  1270.1 MB/s  Total: 2662.02 GB
[ 2146.4s] IOs:    697932481  IOPS:   325165  Throughput:  1270.2 MB/s  Total: 2662.40 GB
[ 2146.6s] IOs:    698032522  IOPS:   325178  Throughput:  1270.2 MB/s  Total: 2662.78 GB
[ 2146.9s] IOs:    698132939  IOPS:   325186  Throughput:  1270.3 MB/s  Total: 2663.17 GB
[ 2147.1s] IOs:    698233351  IOPS:   325192  Throughput:  1270.3 MB/s  Total: 2663.55 GB
[ 2147.4s] IOs:    698333919  IOPS:   325203  Throughput:  1270.3 MB/s  Total: 2663.93 GB
[ 2147.6s] IOs:    698434511  IOPS:   325211  Throughput:  1270.4 MB/s  Total: 2664.32 GB
[ 2147.9s] IOs:    698535081  IOPS:   325219  Throughput:  1270.4 MB/s  Total: 2664.70 GB
[ 2148.3s] IOs:    698635484  IOPS:   325199  Throughput:  1270.3 MB/s  Total: 2665.08 GB
[ 2148.6s] IOs:    698735768  IOPS:   325211  Throughput:  1270.4 MB/s  Total: 2665.47 GB
[ 2148.9s] IOs:    698835792  IOPS:   325208  Throughput:  1270.3 MB/s  Total: 2665.85 GB
[ 2149.1s] IOs:    698936266  IOPS:   325221  Throughput:  1270.4 MB/s  Total: 2666.23 GB
[ 2149.4s] IOs:    699036774  IOPS:   325226  Throughput:  1270.4 MB/s  Total: 2666.61 GB
[ 2149.6s] IOs:    699137599  IOPS:   325238  Throughput:  1270.5 MB/s  Total: 2667.00 GB
[ 2149.9s] IOs:    699237962  IOPS:   325241  Throughput:  1270.5 MB/s  Total: 2667.38 GB
[ 2150.1s] IOs:    699338423  IOPS:   325255  Throughput:  1270.5 MB/s  Total: 2667.76 GB
[ 2150.4s] IOs:    699438637  IOPS:   325261  Throughput:  1270.6 MB/s  Total: 2668.15 GB
[ 2150.6s] IOs:    699539294  IOPS:   325274  Throughput:  1270.6 MB/s  Total: 2668.53 GB
[ 2150.9s] IOs:    699639810  IOPS:   325284  Throughput:  1270.6 MB/s  Total: 2668.91 GB
[ 2151.1s] IOs:    699740223  IOPS:   325296  Throughput:  1270.7 MB/s  Total: 2669.30 GB
[ 2151.3s] IOs:    699840434  IOPS:   325307  Throughput:  1270.7 MB/s  Total: 2669.68 GB
[ 2151.6s] IOs:    699940765  IOPS:   325314  Throughput:  1270.8 MB/s  Total: 2670.06 GB
[ 2151.8s] IOs:    700041393  IOPS:   325324  Throughput:  1270.8 MB/s  Total: 2670.45 GB
[ 2152.1s] IOs:    700142265  IOPS:   325333  Throughput:  1270.8 MB/s  Total: 2670.83 GB
[ 2152.4s] IOs:    700242890  IOPS:   325337  Throughput:  1270.8 MB/s  Total: 2671.21 GB
[ 2152.6s] IOs:    700343294  IOPS:   325351  Throughput:  1270.9 MB/s  Total: 2671.60 GB
[ 2152.9s] IOs:    700443651  IOPS:   325356  Throughput:  1270.9 MB/s  Total: 2671.98 GB
[ 2153.2s] IOs:    700544321  IOPS:   325349  Throughput:  1270.9 MB/s  Total: 2672.36 GB
[ 2153.4s] IOs:    700644618  IOPS:   325363  Throughput:  1270.9 MB/s  Total: 2672.75 GB
[ 2153.8s] IOs:    700744950  IOPS:   325359  Throughput:  1270.9 MB/s  Total: 2673.13 GB
[ 2154.0s] IOs:    700845841  IOPS:   325373  Throughput:  1271.0 MB/s  Total: 2673.51 GB
[ 2154.3s] IOs:    700946564  IOPS:   325371  Throughput:  1271.0 MB/s  Total: 2673.90 GB
[ 2154.5s] IOs:    701047357  IOPS:   325384  Throughput:  1271.0 MB/s  Total: 2674.28 GB
[ 2154.8s] IOs:    701148229  IOPS:   325388  Throughput:  1271.0 MB/s  Total: 2674.67 GB
[ 2155.0s] IOs:    701249090  IOPS:   325404  Throughput:  1271.1 MB/s  Total: 2675.05 GB
[ 2155.3s] IOs:    701349631  IOPS:   325406  Throughput:  1271.1 MB/s  Total: 2675.44 GB
[ 2155.5s] IOs:    701450352  IOPS:   325427  Throughput:  1271.2 MB/s  Total: 2675.82 GB
[ 2155.8s] IOs:    701550402  IOPS:   325428  Throughput:  1271.2 MB/s  Total: 2676.20 GB
[ 2156.0s] IOs:    701651067  IOPS:   325449  Throughput:  1271.3 MB/s  Total: 2676.59 GB
[ 2156.3s] IOs:    701751635  IOPS:   325436  Throughput:  1271.2 MB/s  Total: 2676.97 GB
[ 2156.5s] IOs:    701852149  IOPS:   325457  Throughput:  1271.3 MB/s  Total: 2677.35 GB
[ 2157.0s] IOs:    701952846  IOPS:   325423  Throughput:  1271.2 MB/s  Total: 2677.74 GB
[ 2157.4s] IOs:    702053499  IOPS:   325409  Throughput:  1271.1 MB/s  Total: 2678.12 GB
[ 2157.9s] IOs:    702154374  IOPS:   325391  Throughput:  1271.1 MB/s  Total: 2678.51 GB
[ 2158.1s] IOs:    702255016  IOPS:   325410  Throughput:  1271.1 MB/s  Total: 2678.89 GB
[ 2158.5s] IOs:    702355057  IOPS:   325389  Throughput:  1271.1 MB/s  Total: 2679.27 GB
[ 2158.9s] IOs:    702455691  IOPS:   325383  Throughput:  1271.0 MB/s  Total: 2679.66 GB
[ 2159.0s] IOs:    702556307  IOPS:   325403  Throughput:  1271.1 MB/s  Total: 2680.04 GB
[ 2159.5s] IOs:    702656964  IOPS:   325381  Throughput:  1271.0 MB/s  Total: 2680.42 GB
[ 2159.9s] IOs:    702757198  IOPS:   325369  Throughput:  1271.0 MB/s  Total: 2680.81 GB
[ 2160.1s] IOs:    702858092  IOPS:   325388  Throughput:  1271.0 MB/s  Total: 2681.19 GB
[ 2160.4s] IOs:    702959082  IOPS:   325388  Throughput:  1271.0 MB/s  Total: 2681.58 GB
[ 2160.6s] IOs:    703059622  IOPS:   325407  Throughput:  1271.1 MB/s  Total: 2681.96 GB
[ 2160.9s] IOs:    703160112  IOPS:   325400  Throughput:  1271.1 MB/s  Total: 2682.34 GB
[ 2161.1s] IOs:    703260462  IOPS:   325420  Throughput:  1271.2 MB/s  Total: 2682.73 GB
[ 2161.5s] IOs:    703361361  IOPS:   325397  Throughput:  1271.1 MB/s  Total: 2683.11 GB
[ 2161.8s] IOs:    703462250  IOPS:   325403  Throughput:  1271.1 MB/s  Total: 2683.50 GB
[ 2162.2s] IOs:    703562498  IOPS:   325397  Throughput:  1271.1 MB/s  Total: 2683.88 GB
[ 2162.3s] IOs:    703662659  IOPS:   325416  Throughput:  1271.2 MB/s  Total: 2684.26 GB
[ 2162.5s] IOs:    703763171  IOPS:   325436  Throughput:  1271.2 MB/s  Total: 2684.64 GB
[Reader] Parsed 90000000 lines, distributed 703774106 writes, unique 720.00 GB, skipped 2367161
[ 2162.9s] IOs:    703863313  IOPS:   325432  Throughput:  1271.2 MB/s  Total: 2685.03 GB
[ 2163.0s] IOs:    703963548  IOPS:   325452  Throughput:  1271.3 MB/s  Total: 2685.41 GB
[ 2163.3s] IOs:    704064350  IOPS:   325451  Throughput:  1271.3 MB/s  Total: 2685.79 GB
[ 2163.5s] IOs:    704164414  IOPS:   325470  Throughput:  1271.4 MB/s  Total: 2686.17 GB
[ 2163.8s] IOs:    704264769  IOPS:   325473  Throughput:  1271.4 MB/s  Total: 2686.56 GB
[ 2164.0s] IOs:    704365414  IOPS:   325489  Throughput:  1271.4 MB/s  Total: 2686.94 GB
[ 2164.2s] IOs:    704465912  IOPS:   325508  Throughput:  1271.5 MB/s  Total: 2687.32 GB
[ 2164.5s] IOs:    704566550  IOPS:   325517  Throughput:  1271.5 MB/s  Total: 2687.71 GB
[ 2164.6s] IOs:    704667498  IOPS:   325535  Throughput:  1271.6 MB/s  Total: 2688.09 GB
[ 2165.1s] IOs:    704768008  IOPS:   325516  Throughput:  1271.5 MB/s  Total: 2688.48 GB
[ 2165.3s] IOs:    704868176  IOPS:   325532  Throughput:  1271.6 MB/s  Total: 2688.86 GB
[ 2165.5s] IOs:    704968697  IOPS:   325552  Throughput:  1271.7 MB/s  Total: 2689.24 GB
[ 2165.9s] IOs:    705069362  IOPS:   325533  Throughput:  1271.6 MB/s  Total: 2689.63 GB
[ 2166.1s] IOs:    705170100  IOPS:   325549  Throughput:  1271.7 MB/s  Total: 2690.01 GB
[ 2166.4s] IOs:    705270546  IOPS:   325552  Throughput:  1271.7 MB/s  Total: 2690.39 GB
[ 2166.6s] IOs:    705371169  IOPS:   325571  Throughput:  1271.8 MB/s  Total: 2690.78 GB
[ 2166.9s] IOs:    705471743  IOPS:   325565  Throughput:  1271.7 MB/s  Total: 2691.16 GB
[ 2167.1s] IOs:    705572670  IOPS:   325585  Throughput:  1271.8 MB/s  Total: 2691.55 GB
[ 2167.4s] IOs:    705673647  IOPS:   325578  Throughput:  1271.8 MB/s  Total: 2691.93 GB
[ 2167.6s] IOs:    705773890  IOPS:   325597  Throughput:  1271.9 MB/s  Total: 2692.31 GB
[ 2167.9s] IOs:    705874335  IOPS:   325601  Throughput:  1271.9 MB/s  Total: 2692.70 GB
[ 2168.1s] IOs:    705974813  IOPS:   325620  Throughput:  1272.0 MB/s  Total: 2693.08 GB
[ 2168.4s] IOs:    706075273  IOPS:   325622  Throughput:  1272.0 MB/s  Total: 2693.46 GB
[ 2168.6s] IOs:    706176071  IOPS:   325642  Throughput:  1272.0 MB/s  Total: 2693.85 GB
[ 2168.9s] IOs:    706276973  IOPS:   325643  Throughput:  1272.0 MB/s  Total: 2694.23 GB
[ 2169.0s] IOs:    706377354  IOPS:   325662  Throughput:  1272.1 MB/s  Total: 2694.62 GB
[ 2169.3s] IOs:    706477625  IOPS:   325667  Throughput:  1272.1 MB/s  Total: 2695.00 GB
[ 2169.6s] IOs:    706578111  IOPS:   325676  Throughput:  1272.2 MB/s  Total: 2695.38 GB
[ 2169.8s] IOs:    706678665  IOPS:   325693  Throughput:  1272.2 MB/s  Total: 2695.77 GB
[ 2170.0s] IOs:    706779299  IOPS:   325710  Throughput:  1272.3 MB/s  Total: 2696.15 GB
[ 2170.1s] IOs:    706879771  IOPS:   325730  Throughput:  1272.4 MB/s  Total: 2696.53 GB
[ 2170.4s] IOs:    706980165  IOPS:   325739  Throughput:  1272.4 MB/s  Total: 2696.92 GB
[ 2170.7s] IOs:    707080227  IOPS:   325732  Throughput:  1272.4 MB/s  Total: 2697.30 GB
[ 2170.9s] IOs:    707181048  IOPS:   325750  Throughput:  1272.5 MB/s  Total: 2697.68 GB
[ 2171.1s] IOs:    707281650  IOPS:   325769  Throughput:  1272.5 MB/s  Total: 2698.07 GB
[ 2171.4s] IOs:    707382343  IOPS:   325768  Throughput:  1272.5 MB/s  Total: 2698.45 GB
[ 2171.6s] IOs:    707482792  IOPS:   325789  Throughput:  1272.6 MB/s  Total: 2698.83 GB
[ 2172.0s] IOs:    707583121  IOPS:   325782  Throughput:  1272.6 MB/s  Total: 2699.22 GB
[ 2172.1s] IOs:    707683600  IOPS:   325802  Throughput:  1272.7 MB/s  Total: 2699.60 GB
[ 2172.4s] IOs:    707784511  IOPS:   325808  Throughput:  1272.7 MB/s  Total: 2699.98 GB
[ 2172.6s] IOs:    707885104  IOPS:   325826  Throughput:  1272.8 MB/s  Total: 2700.37 GB
[ 2172.9s] IOs:    707985798  IOPS:   325832  Throughput:  1272.8 MB/s  Total: 2700.75 GB
[ 2173.0s] IOs:    708085962  IOPS:   325853  Throughput:  1272.9 MB/s  Total: 2701.13 GB
[ 2173.3s] IOs:    708186665  IOPS:   325853  Throughput:  1272.9 MB/s  Total: 2701.52 GB
[ 2173.6s] IOs:    708287582  IOPS:   325863  Throughput:  1272.9 MB/s  Total: 2701.90 GB
[ 2173.7s] IOs:    708387625  IOPS:   325883  Throughput:  1273.0 MB/s  Total: 2702.28 GB
[ 2174.0s] IOs:    708488198  IOPS:   325893  Throughput:  1273.0 MB/s  Total: 2702.67 GB
[ 2174.3s] IOs:    708588544  IOPS:   325888  Throughput:  1273.0 MB/s  Total: 2703.05 GB
[ 2174.6s] IOs:    708689226  IOPS:   325898  Throughput:  1273.0 MB/s  Total: 2703.43 GB
[ 2174.9s] IOs:    708789816  IOPS:   325901  Throughput:  1273.1 MB/s  Total: 2703.82 GB
[ 2175.0s] IOs:    708890401  IOPS:   325920  Throughput:  1273.1 MB/s  Total: 2704.20 GB
[ 2175.4s] IOs:    708990659  IOPS:   325916  Throughput:  1273.1 MB/s  Total: 2704.58 GB
[ 2175.6s] IOs:    709090931  IOPS:   325936  Throughput:  1273.2 MB/s  Total: 2704.97 GB
[ 2175.9s] IOs:    709191795  IOPS:   325934  Throughput:  1273.2 MB/s  Total: 2705.35 GB
[ 2176.1s] IOs:    709292333  IOPS:   325953  Throughput:  1273.3 MB/s  Total: 2705.74 GB
[ 2176.4s] IOs:    709393199  IOPS:   325954  Throughput:  1273.3 MB/s  Total: 2706.12 GB
[ 2176.5s] IOs:    709493876  IOPS:   325974  Throughput:  1273.3 MB/s  Total: 2706.50 GB
[ 2176.9s] IOs:    709593953  IOPS:   325972  Throughput:  1273.3 MB/s  Total: 2706.89 GB
[ 2177.0s] IOs:    709694802  IOPS:   325990  Throughput:  1273.4 MB/s  Total: 2707.27 GB
[ 2177.3s] IOs:    709795601  IOPS:   325994  Throughput:  1273.4 MB/s  Total: 2707.66 GB
[ 2177.5s] IOs:    709896339  IOPS:   326013  Throughput:  1273.5 MB/s  Total: 2708.04 GB
[ 2177.7s] IOs:    709996505  IOPS:   326031  Throughput:  1273.6 MB/s  Total: 2708.42 GB
[ 2178.0s] IOs:    710096727  IOPS:   326030  Throughput:  1273.6 MB/s  Total: 2708.80 GB
[ 2178.2s] IOs:    710197337  IOPS:   326050  Throughput:  1273.6 MB/s  Total: 2709.19 GB
[ 2178.4s] IOs:    710297341  IOPS:   326062  Throughput:  1273.7 MB/s  Total: 2709.57 GB
[ 2178.6s] IOs:    710398220  IOPS:   326082  Throughput:  1273.8 MB/s  Total: 2709.95 GB
[ 2178.8s] IOs:    710498272  IOPS:   326091  Throughput:  1273.8 MB/s  Total: 2710.34 GB
[ 2179.0s] IOs:    710598488  IOPS:   326109  Throughput:  1273.9 MB/s  Total: 2710.72 GB
[ 2179.2s] IOs:    710698696  IOPS:   326128  Throughput:  1273.9 MB/s  Total: 2711.10 GB
[ 2179.5s] IOs:    710799516  IOPS:   326126  Throughput:  1273.9 MB/s  Total: 2711.48 GB
[ 2179.7s] IOs:    710899968  IOPS:   326141  Throughput:  1274.0 MB/s  Total: 2711.87 GB
[ 2179.9s] IOs:    711000197  IOPS:   326160  Throughput:  1274.1 MB/s  Total: 2712.25 GB
[ 2180.1s] IOs:    711100275  IOPS:   326181  Throughput:  1274.1 MB/s  Total: 2712.63 GB
[ 2180.3s] IOs:    711200712  IOPS:   326200  Throughput:  1274.2 MB/s  Total: 2713.02 GB
[ 2180.5s] IOs:    711300732  IOPS:   326208  Throughput:  1274.2 MB/s  Total: 2713.40 GB
[ 2180.7s] IOs:    711400908  IOPS:   326227  Throughput:  1274.3 MB/s  Total: 2713.78 GB
[ 2180.9s] IOs:    711501349  IOPS:   326238  Throughput:  1274.4 MB/s  Total: 2714.16 GB
[ 2181.1s] IOs:    711601956  IOPS:   326258  Throughput:  1274.4 MB/s  Total: 2714.55 GB
[ 2181.3s] IOs:    711702221  IOPS:   326277  Throughput:  1274.5 MB/s  Total: 2714.93 GB
[ 2181.5s] IOs:    711802339  IOPS:   326285  Throughput:  1274.5 MB/s  Total: 2715.31 GB
[ 2181.7s] IOs:    711902779  IOPS:   326305  Throughput:  1274.6 MB/s  Total: 2715.69 GB
[ 2181.9s] IOs:    712002933  IOPS:   326320  Throughput:  1274.7 MB/s  Total: 2716.08 GB
[ 2182.1s] IOs:    712103574  IOPS:   326340  Throughput:  1274.8 MB/s  Total: 2716.46 GB
[ 2182.3s] IOs:    712203955  IOPS:   326361  Throughput:  1274.8 MB/s  Total: 2716.84 GB
[ 2182.5s] IOs:    712304110  IOPS:   326373  Throughput:  1274.9 MB/s  Total: 2717.22 GB
[ 2182.7s] IOs:    712404815  IOPS:   326393  Throughput:  1275.0 MB/s  Total: 2717.61 GB
[ 2182.8s] IOs:    712505748  IOPS:   326413  Throughput:  1275.0 MB/s  Total: 2717.99 GB
[ 2183.2s] IOs:    712606314  IOPS:   326405  Throughput:  1275.0 MB/s  Total: 2718.38 GB
[ 2183.4s] IOs:    712707289  IOPS:   326425  Throughput:  1275.1 MB/s  Total: 2718.76 GB
[ 2183.6s] IOs:    712807628  IOPS:   326443  Throughput:  1275.2 MB/s  Total: 2719.15 GB
[ 2183.7s] IOs:    712908196  IOPS:   326464  Throughput:  1275.2 MB/s  Total: 2719.53 GB
[ 2183.9s] IOs:    713008742  IOPS:   326484  Throughput:  1275.3 MB/s  Total: 2719.91 GB
[ 2184.1s] IOs:    713109650  IOPS:   326505  Throughput:  1275.4 MB/s  Total: 2720.30 GB
[Reader] Parsed 91000000 lines, distributed 713128330 writes, unique 720.00 GB, skipped 3354278
[ 2184.2s] IOs:    713210462  IOPS:   326525  Throughput:  1275.5 MB/s  Total: 2720.68 GB
[ 2184.4s] IOs:    713311332  IOPS:   326541  Throughput:  1275.6 MB/s  Total: 2721.07 GB
[ 2184.6s] IOs:    713411700  IOPS:   326561  Throughput:  1275.6 MB/s  Total: 2721.45 GB
[ 2184.8s] IOs:    713512150  IOPS:   326582  Throughput:  1275.7 MB/s  Total: 2721.83 GB
[ 2185.0s] IOs:    713612747  IOPS:   326603  Throughput:  1275.8 MB/s  Total: 2722.22 GB
[ 2185.2s] IOs:    713713583  IOPS:   326617  Throughput:  1275.8 MB/s  Total: 2722.60 GB
[ 2185.4s] IOs:    713814210  IOPS:   326636  Throughput:  1275.9 MB/s  Total: 2722.99 GB
[ 2185.5s] IOs:    713914669  IOPS:   326655  Throughput:  1276.0 MB/s  Total: 2723.37 GB
[ 2185.7s] IOs:    714015192  IOPS:   326674  Throughput:  1276.1 MB/s  Total: 2723.75 GB
[ 2186.5s] IOs:    714115838  IOPS:   326606  Throughput:  1275.8 MB/s  Total: 2724.14 GB
[ 2186.6s] IOs:    714216413  IOPS:   326627  Throughput:  1275.9 MB/s  Total: 2724.52 GB
[ 2186.9s] IOs:    714317122  IOPS:   326629  Throughput:  1275.9 MB/s  Total: 2724.90 GB
[ 2187.1s] IOs:    714417529  IOPS:   326650  Throughput:  1276.0 MB/s  Total: 2725.29 GB
[ 2187.4s] IOs:    714517896  IOPS:   326648  Throughput:  1276.0 MB/s  Total: 2725.67 GB
[ 2187.6s] IOs:    714618418  IOPS:   326669  Throughput:  1276.0 MB/s  Total: 2726.05 GB
[ 2187.9s] IOs:    714719244  IOPS:   326670  Throughput:  1276.1 MB/s  Total: 2726.44 GB
[ 2188.1s] IOs:    714820176  IOPS:   326686  Throughput:  1276.1 MB/s  Total: 2726.82 GB
[ 2188.3s] IOs:    714920933  IOPS:   326707  Throughput:  1276.2 MB/s  Total: 2727.21 GB
[ 2188.5s] IOs:    715021444  IOPS:   326714  Throughput:  1276.2 MB/s  Total: 2727.59 GB
[ 2188.7s] IOs:    715121871  IOPS:   326731  Throughput:  1276.3 MB/s  Total: 2727.97 GB
[ 2189.0s] IOs:    715222731  IOPS:   326742  Throughput:  1276.3 MB/s  Total: 2728.36 GB
[ 2189.1s] IOs:    715323514  IOPS:   326761  Throughput:  1276.4 MB/s  Total: 2728.74 GB
[ 2189.4s] IOs:    715424453  IOPS:   326772  Throughput:  1276.5 MB/s  Total: 2729.13 GB
[ 2189.6s] IOs:    715525236  IOPS:   326790  Throughput:  1276.5 MB/s  Total: 2729.51 GB
[ 2189.7s] IOs:    715625868  IOPS:   326810  Throughput:  1276.6 MB/s  Total: 2729.90 GB
[ 2190.4s] IOs:    715726256  IOPS:   326750  Throughput:  1276.4 MB/s  Total: 2730.28 GB
[ 2190.6s] IOs:    715826912  IOPS:   326770  Throughput:  1276.4 MB/s  Total: 2730.66 GB
[ 2190.8s] IOs:    715927581  IOPS:   326790  Throughput:  1276.5 MB/s  Total: 2731.05 GB
[ 2191.0s] IOs:    716028146  IOPS:   326810  Throughput:  1276.6 MB/s  Total: 2731.43 GB
[ 2191.1s] IOs:    716128726  IOPS:   326829  Throughput:  1276.7 MB/s  Total: 2731.81 GB
[ 2191.4s] IOs:    716229454  IOPS:   326843  Throughput:  1276.7 MB/s  Total: 2732.20 GB
[ 2191.5s] IOs:    716330411  IOPS:   326863  Throughput:  1276.8 MB/s  Total: 2732.58 GB
[ 2191.7s] IOs:    716431325  IOPS:   326877  Throughput:  1276.9 MB/s  Total: 2732.97 GB
[ 2191.9s] IOs:    716532264  IOPS:   326899  Throughput:  1276.9 MB/s  Total: 2733.35 GB
[ 2192.1s] IOs:    716632826  IOPS:   326918  Throughput:  1277.0 MB/s  Total: 2733.74 GB
[ 2192.3s] IOs:    716733344  IOPS:   326936  Throughput:  1277.1 MB/s  Total: 2734.12 GB
[ 2192.7s] IOs:    716833885  IOPS:   326924  Throughput:  1277.0 MB/s  Total: 2734.50 GB
[ 2192.8s] IOs:    716934591  IOPS:   326942  Throughput:  1277.1 MB/s  Total: 2734.89 GB
[ 2193.0s] IOs:    717035315  IOPS:   326962  Throughput:  1277.2 MB/s  Total: 2735.27 GB
[ 2193.4s] IOs:    717135923  IOPS:   326946  Throughput:  1277.1 MB/s  Total: 2735.66 GB
[ 2195.9s] IOs:    717236700  IOPS:   326626  Throughput:  1275.9 MB/s  Total: 2736.04 GB
[ 2196.1s] IOs:    717337129  IOPS:   326638  Throughput:  1275.9 MB/s  Total: 2736.42 GB
[ 2196.4s] IOs:    717437668  IOPS:   326646  Throughput:  1276.0 MB/s  Total: 2736.81 GB
[ 2196.6s] IOs:    717537824  IOPS:   326665  Throughput:  1276.0 MB/s  Total: 2737.19 GB
[ 2196.9s] IOs:    717638776  IOPS:   326658  Throughput:  1276.0 MB/s  Total: 2737.57 GB
[ 2197.1s] IOs:    717739101  IOPS:   326678  Throughput:  1276.1 MB/s  Total: 2737.96 GB
[ 2197.4s] IOs:    717839485  IOPS:   326679  Throughput:  1276.1 MB/s  Total: 2738.34 GB
[ 2197.6s] IOs:    717939914  IOPS:   326699  Throughput:  1276.2 MB/s  Total: 2738.72 GB
[ 2197.9s] IOs:    718040250  IOPS:   326700  Throughput:  1276.2 MB/s  Total: 2739.11 GB
[ 2198.1s] IOs:    718140482  IOPS:   326713  Throughput:  1276.2 MB/s  Total: 2739.49 GB
[ 2198.3s] IOs:    718241453  IOPS:   326727  Throughput:  1276.3 MB/s  Total: 2739.87 GB
[ 2198.5s] IOs:    718341624  IOPS:   326739  Throughput:  1276.3 MB/s  Total: 2740.26 GB
[ 2198.8s] IOs:    718441863  IOPS:   326736  Throughput:  1276.3 MB/s  Total: 2740.64 GB
[ 2199.0s] IOs:    718541975  IOPS:   326756  Throughput:  1276.4 MB/s  Total: 2741.02 GB
[ 2199.3s] IOs:    718642649  IOPS:   326753  Throughput:  1276.4 MB/s  Total: 2741.40 GB
[ 2199.6s] IOs:    718743372  IOPS:   326767  Throughput:  1276.4 MB/s  Total: 2741.79 GB
[ 2201.1s] IOs:    718844368  IOPS:   326590  Throughput:  1275.7 MB/s  Total: 2742.17 GB
[ 2201.2s] IOs:    718945179  IOPS:   326610  Throughput:  1275.8 MB/s  Total: 2742.56 GB
[ 2201.6s] IOs:    719045618  IOPS:   326599  Throughput:  1275.8 MB/s  Total: 2742.94 GB
[ 2201.8s] IOs:    719145633  IOPS:   326620  Throughput:  1275.9 MB/s  Total: 2743.32 GB
[ 2202.1s] IOs:    719246205  IOPS:   326619  Throughput:  1275.9 MB/s  Total: 2743.71 GB
[ 2202.4s] IOs:    719346695  IOPS:   326615  Throughput:  1275.8 MB/s  Total: 2744.09 GB
[ 2202.7s] IOs:    719447005  IOPS:   326619  Throughput:  1275.9 MB/s  Total: 2744.47 GB
[ 2202.9s] IOs:    719547410  IOPS:   326632  Throughput:  1275.9 MB/s  Total: 2744.86 GB
[ 2203.1s] IOs:    719647684  IOPS:   326648  Throughput:  1276.0 MB/s  Total: 2745.24 GB
[ 2203.3s] IOs:    719748631  IOPS:   326667  Throughput:  1276.0 MB/s  Total: 2745.62 GB
[ 2203.7s] IOs:    719849416  IOPS:   326650  Throughput:  1276.0 MB/s  Total: 2746.01 GB
[ 2203.9s] IOs:    719949943  IOPS:   326669  Throughput:  1276.1 MB/s  Total: 2746.39 GB
[ 2204.1s] IOs:    720050955  IOPS:   326683  Throughput:  1276.1 MB/s  Total: 2746.78 GB
[ 2204.3s] IOs:    720151640  IOPS:   326703  Throughput:  1276.2 MB/s  Total: 2747.16 GB
[ 2204.6s] IOs:    720252294  IOPS:   326705  Throughput:  1276.2 MB/s  Total: 2747.54 GB
[ 2204.8s] IOs:    720353076  IOPS:   326725  Throughput:  1276.3 MB/s  Total: 2747.93 GB
[Reader] Parsed 92000000 lines, distributed 720382961 writes, unique 720.00 GB, skipped 5004258
[ 2208.1s] IOs:    720453732  IOPS:   326279  Throughput:  1274.5 MB/s  Total: 2748.31 GB
[ 2208.3s] IOs:    720554313  IOPS:   326287  Throughput:  1274.6 MB/s  Total: 2748.70 GB
[ 2208.6s] IOs:    720654845  IOPS:   326299  Throughput:  1274.6 MB/s  Total: 2749.08 GB
[ 2208.9s] IOs:    720755536  IOPS:   326302  Throughput:  1274.6 MB/s  Total: 2749.46 GB
[ 2209.1s] IOs:    720856378  IOPS:   326316  Throughput:  1274.7 MB/s  Total: 2749.85 GB
[ 2209.4s] IOs:    720957029  IOPS:   326320  Throughput:  1274.7 MB/s  Total: 2750.23 GB
[ 2209.6s] IOs:    721057391  IOPS:   326332  Throughput:  1274.7 MB/s  Total: 2750.62 GB
[ 2209.8s] IOs:    721157833  IOPS:   326341  Throughput:  1274.8 MB/s  Total: 2751.00 GB
[ 2210.1s] IOs:    721258232  IOPS:   326351  Throughput:  1274.8 MB/s  Total: 2751.38 GB
[ 2210.3s] IOs:    721358989  IOPS:   326365  Throughput:  1274.9 MB/s  Total: 2751.77 GB
[ 2210.5s] IOs:    721459789  IOPS:   326378  Throughput:  1274.9 MB/s  Total: 2752.15 GB
[ 2210.7s] IOs:    721560481  IOPS:   326391  Throughput:  1275.0 MB/s  Total: 2752.53 GB
[ 2211.0s] IOs:    721661227  IOPS:   326396  Throughput:  1275.0 MB/s  Total: 2752.92 GB
[ 2211.2s] IOs:    721761722  IOPS:   326407  Throughput:  1275.0 MB/s  Total: 2753.30 GB
[ 2211.5s] IOs:    721862513  IOPS:   326419  Throughput:  1275.1 MB/s  Total: 2753.69 GB
[ 2219.5s] IOs:    721963265  IOPS:   325276  Throughput:  1270.6 MB/s  Total: 2754.07 GB
[ 2219.8s] IOs:    722064125  IOPS:   325289  Throughput:  1270.7 MB/s  Total: 2754.46 GB
[ 2220.1s] IOs:    722164649  IOPS:   325285  Throughput:  1270.6 MB/s  Total: 2754.84 GB
[ 2220.6s] IOs:    722265214  IOPS:   325264  Throughput:  1270.6 MB/s  Total: 2755.22 GB
[ 2220.8s] IOs:    722365899  IOPS:   325277  Throughput:  1270.6 MB/s  Total: 2755.61 GB
[ 2221.1s] IOs:    722466730  IOPS:   325268  Throughput:  1270.6 MB/s  Total: 2755.99 GB
[ 2221.5s] IOs:    722567641  IOPS:   325266  Throughput:  1270.6 MB/s  Total: 2756.38 GB
[ 2221.9s] IOs:    722668368  IOPS:   325253  Throughput:  1270.5 MB/s  Total: 2756.76 GB
[ 2222.1s] IOs:    722768402  IOPS:   325264  Throughput:  1270.6 MB/s  Total: 2757.14 GB
[ 2222.6s] IOs:    722869086  IOPS:   325240  Throughput:  1270.5 MB/s  Total: 2757.53 GB
[ 2222.8s] IOs:    722969644  IOPS:   325254  Throughput:  1270.5 MB/s  Total: 2757.91 GB
[ 2223.1s] IOs:    723069656  IOPS:   325254  Throughput:  1270.5 MB/s  Total: 2758.29 GB
[ 2223.5s] IOs:    723170366  IOPS:   325245  Throughput:  1270.5 MB/s  Total: 2758.68 GB
[ 2223.7s] IOs:    723270711  IOPS:   325259  Throughput:  1270.5 MB/s  Total: 2759.06 GB
[ 2224.0s] IOs:    723371096  IOPS:   325253  Throughput:  1270.5 MB/s  Total: 2759.44 GB
[ 2224.4s] IOs:    723471423  IOPS:   325245  Throughput:  1270.5 MB/s  Total: 2759.82 GB
[ 2224.7s] IOs:    723572003  IOPS:   325251  Throughput:  1270.5 MB/s  Total: 2760.21 GB
[ 2224.9s] IOs:    723672261  IOPS:   325254  Throughput:  1270.5 MB/s  Total: 2760.59 GB
[ 2225.2s] IOs:    723772803  IOPS:   325269  Throughput:  1270.6 MB/s  Total: 2760.97 GB
[ 2225.6s] IOs:    723872822  IOPS:   325253  Throughput:  1270.5 MB/s  Total: 2761.36 GB
[ 2225.8s] IOs:    723973302  IOPS:   325268  Throughput:  1270.6 MB/s  Total: 2761.74 GB
[ 2226.3s] IOs:    724073948  IOPS:   325237  Throughput:  1270.5 MB/s  Total: 2762.12 GB
[ 2226.5s] IOs:    724174507  IOPS:   325249  Throughput:  1270.5 MB/s  Total: 2762.51 GB
[ 2226.9s] IOs:    724275280  IOPS:   325233  Throughput:  1270.4 MB/s  Total: 2762.89 GB
[ 2227.3s] IOs:    724375840  IOPS:   325226  Throughput:  1270.4 MB/s  Total: 2763.27 GB
[ 2227.6s] IOs:    724476050  IOPS:   325234  Throughput:  1270.4 MB/s  Total: 2763.66 GB
[ 2227.9s] IOs:    724576529  IOPS:   325223  Throughput:  1270.4 MB/s  Total: 2764.04 GB
[ 2228.2s] IOs:    724677247  IOPS:   325233  Throughput:  1270.4 MB/s  Total: 2764.42 GB
[ 2228.5s] IOs:    724777969  IOPS:   325228  Throughput:  1270.4 MB/s  Total: 2764.81 GB
[ 2228.8s] IOs:    724878469  IOPS:   325237  Throughput:  1270.5 MB/s  Total: 2765.19 GB
[ 2229.1s] IOs:    724978846  IOPS:   325234  Throughput:  1270.4 MB/s  Total: 2765.57 GB
[ 2229.4s] IOs:    725079181  IOPS:   325241  Throughput:  1270.5 MB/s  Total: 2765.96 GB
[ 2229.7s] IOs:    725179896  IOPS:   325243  Throughput:  1270.5 MB/s  Total: 2766.34 GB
[ 2230.0s] IOs:    725280621  IOPS:   325245  Throughput:  1270.5 MB/s  Total: 2766.73 GB
[ 2230.2s] IOs:    725381338  IOPS:   325256  Throughput:  1270.5 MB/s  Total: 2767.11 GB
[ 2230.6s] IOs:    725481784  IOPS:   325246  Throughput:  1270.5 MB/s  Total: 2767.49 GB
[ 2230.8s] IOs:    725582664  IOPS:   325257  Throughput:  1270.5 MB/s  Total: 2767.88 GB
[ 2231.1s] IOs:    725683516  IOPS:   325257  Throughput:  1270.5 MB/s  Total: 2768.26 GB
[ 2231.3s] IOs:    725784196  IOPS:   325271  Throughput:  1270.6 MB/s  Total: 2768.65 GB
[ 2231.6s] IOs:    725885139  IOPS:   325271  Throughput:  1270.6 MB/s  Total: 2769.03 GB
[ 2231.9s] IOs:    725986136  IOPS:   325284  Throughput:  1270.6 MB/s  Total: 2769.42 GB
[ 2232.1s] IOs:    726086810  IOPS:   325287  Throughput:  1270.7 MB/s  Total: 2769.80 GB
[ 2232.4s] IOs:    726187613  IOPS:   325300  Throughput:  1270.7 MB/s  Total: 2770.19 GB
[ 2232.8s] IOs:    726288441  IOPS:   325280  Throughput:  1270.6 MB/s  Total: 2770.57 GB
[Reader] Parsed 93000000 lines, distributed 726349008 writes, unique 720.00 GB, skipped 6247786
[ 2233.0s] IOs:    726388913  IOPS:   325293  Throughput:  1270.7 MB/s  Total: 2770.95 GB
[ 2233.2s] IOs:    726489710  IOPS:   325308  Throughput:  1270.7 MB/s  Total: 2771.34 GB
[ 2233.4s] IOs:    726590703  IOPS:   325322  Throughput:  1270.8 MB/s  Total: 2771.72 GB
[ 2233.8s] IOs:    726691457  IOPS:   325322  Throughput:  1270.8 MB/s  Total: 2772.11 GB
[ 2234.0s] IOs:    726792340  IOPS:   325336  Throughput:  1270.8 MB/s  Total: 2772.49 GB
[ 2234.2s] IOs:    726893294  IOPS:   325343  Throughput:  1270.9 MB/s  Total: 2772.88 GB
[ 2234.8s] IOs:    726994170  IOPS:   325310  Throughput:  1270.7 MB/s  Total: 2773.26 GB
[ 2235.2s] IOs:    727094654  IOPS:   325292  Throughput:  1270.7 MB/s  Total: 2773.65 GB
[ 2235.4s] IOs:    727194812  IOPS:   325302  Throughput:  1270.7 MB/s  Total: 2774.03 GB
[ 2235.8s] IOs:    727295484  IOPS:   325295  Throughput:  1270.7 MB/s  Total: 2774.41 GB
[ 2236.3s] IOs:    727396153  IOPS:   325267  Throughput:  1270.6 MB/s  Total: 2774.80 GB
[ 2236.6s] IOs:    727496646  IOPS:   325268  Throughput:  1270.6 MB/s  Total: 2775.18 GB
[ 2236.8s] IOs:    727597046  IOPS:   325281  Throughput:  1270.6 MB/s  Total: 2775.56 GB
[ 2237.3s] IOs:    727697442  IOPS:   325258  Throughput:  1270.5 MB/s  Total: 2775.95 GB
[ 2237.5s] IOs:    727798037  IOPS:   325270  Throughput:  1270.6 MB/s  Total: 2776.33 GB
[ 2237.8s] IOs:    727898790  IOPS:   325275  Throughput:  1270.6 MB/s  Total: 2776.71 GB
[ 2238.1s] IOs:    727999530  IOPS:   325272  Throughput:  1270.6 MB/s  Total: 2777.10 GB
[ 2238.4s] IOs:    728100029  IOPS:   325283  Throughput:  1270.6 MB/s  Total: 2777.48 GB
[ 2238.7s] IOs:    728200205  IOPS:   325282  Throughput:  1270.6 MB/s  Total: 2777.86 GB
[ 2238.9s] IOs:    728300993  IOPS:   325291  Throughput:  1270.7 MB/s  Total: 2778.25 GB
[ 2239.4s] IOs:    728401928  IOPS:   325262  Throughput:  1270.6 MB/s  Total: 2778.63 GB
[ 2239.6s] IOs:    728502703  IOPS:   325277  Throughput:  1270.6 MB/s  Total: 2779.02 GB
[ 2239.9s] IOs:    728603535  IOPS:   325291  Throughput:  1270.7 MB/s  Total: 2779.40 GB
[ 2240.4s] IOs:    728703877  IOPS:   325260  Throughput:  1270.5 MB/s  Total: 2779.78 GB
[ 2240.7s] IOs:    728804427  IOPS:   325256  Throughput:  1270.5 MB/s  Total: 2780.17 GB
[ 2241.1s] IOs:    728905243  IOPS:   325240  Throughput:  1270.5 MB/s  Total: 2780.55 GB
[ 2241.4s] IOs:    729006241  IOPS:   325249  Throughput:  1270.5 MB/s  Total: 2780.94 GB
[ 2241.7s] IOs:    729106653  IOPS:   325245  Throughput:  1270.5 MB/s  Total: 2781.32 GB
[ 2242.0s] IOs:    729207061  IOPS:   325242  Throughput:  1270.5 MB/s  Total: 2781.70 GB
[ 2242.3s] IOs:    729307599  IOPS:   325250  Throughput:  1270.5 MB/s  Total: 2782.09 GB
[ 2242.6s] IOs:    729408344  IOPS:   325245  Throughput:  1270.5 MB/s  Total: 2782.47 GB
[ 2242.9s] IOs:    729508949  IOPS:   325259  Throughput:  1270.5 MB/s  Total: 2782.86 GB
[ 2243.2s] IOs:    729609744  IOPS:   325250  Throughput:  1270.5 MB/s  Total: 2783.24 GB
[ 2243.4s] IOs:    729710359  IOPS:   325265  Throughput:  1270.6 MB/s  Total: 2783.62 GB
[ 2243.8s] IOs:    729810862  IOPS:   325262  Throughput:  1270.6 MB/s  Total: 2784.01 GB
[ 2244.0s] IOs:    729911288  IOPS:   325275  Throughput:  1270.6 MB/s  Total: 2784.39 GB
[ 2244.4s] IOs:    730011995  IOPS:   325258  Throughput:  1270.5 MB/s  Total: 2784.77 GB
[ 2244.6s] IOs:    730112630  IOPS:   325272  Throughput:  1270.6 MB/s  Total: 2785.16 GB
[ 2244.8s] IOs:    730213052  IOPS:   325285  Throughput:  1270.6 MB/s  Total: 2785.54 GB
[ 2245.3s] IOs:    730313386  IOPS:   325266  Throughput:  1270.6 MB/s  Total: 2785.92 GB
[ 2245.5s] IOs:    730414095  IOPS:   325276  Throughput:  1270.6 MB/s  Total: 2786.31 GB
[ 2245.8s] IOs:    730514608  IOPS:   325286  Throughput:  1270.6 MB/s  Total: 2786.69 GB
[ 2246.1s] IOs:    730615455  IOPS:   325281  Throughput:  1270.6 MB/s  Total: 2787.08 GB
[ 2246.3s] IOs:    730715677  IOPS:   325291  Throughput:  1270.7 MB/s  Total: 2787.46 GB
[ 2246.7s] IOs:    730815900  IOPS:   325287  Throughput:  1270.7 MB/s  Total: 2787.84 GB
[ 2246.9s] IOs:    730916688  IOPS:   325301  Throughput:  1270.7 MB/s  Total: 2788.23 GB
[ 2247.1s] IOs:    731017316  IOPS:   325311  Throughput:  1270.7 MB/s  Total: 2788.61 GB
[ 2247.3s] IOs:    731118118  IOPS:   325325  Throughput:  1270.8 MB/s  Total: 2788.99 GB
[ 2247.6s] IOs:    731218958  IOPS:   325330  Throughput:  1270.8 MB/s  Total: 2789.38 GB
[ 2247.8s] IOs:    731319932  IOPS:   325344  Throughput:  1270.9 MB/s  Total: 2789.76 GB
[ 2248.1s] IOs:    731420652  IOPS:   325357  Throughput:  1270.9 MB/s  Total: 2790.15 GB
[ 2248.3s] IOs:    731521207  IOPS:   325368  Throughput:  1271.0 MB/s  Total: 2790.53 GB
[ 2248.5s] IOs:    731621259  IOPS:   325382  Throughput:  1271.0 MB/s  Total: 2790.91 GB
[ 2249.0s] IOs:    731721764  IOPS:   325355  Throughput:  1270.9 MB/s  Total: 2791.30 GB
[ 2249.2s] IOs:    731822549  IOPS:   325369  Throughput:  1271.0 MB/s  Total: 2791.68 GB
[ 2249.6s] IOs:    731923222  IOPS:   325351  Throughput:  1270.9 MB/s  Total: 2792.07 GB
[ 2249.9s] IOs:    732023897  IOPS:   325357  Throughput:  1270.9 MB/s  Total: 2792.45 GB
[ 2250.6s] IOs:    732124002  IOPS:   325309  Throughput:  1270.7 MB/s  Total: 2792.83 GB
[ 2250.8s] IOs:    732224733  IOPS:   325315  Throughput:  1270.8 MB/s  Total: 2793.22 GB
[ 2251.7s] IOs:    732325308  IOPS:   325231  Throughput:  1270.4 MB/s  Total: 2793.60 GB
[ 2252.2s] IOs:    732426275  IOPS:   325201  Throughput:  1270.3 MB/s  Total: 2793.98 GB
[ 2252.7s] IOs:    732527302  IOPS:   325181  Throughput:  1270.2 MB/s  Total: 2794.37 GB
[ 2253.2s] IOs:    732627307  IOPS:   325143  Throughput:  1270.1 MB/s  Total: 2794.75 GB
[ 2253.8s] IOs:    732728256  IOPS:   325104  Throughput:  1269.9 MB/s  Total: 2795.14 GB
[ 2254.1s] IOs:    732828884  IOPS:   325103  Throughput:  1269.9 MB/s  Total: 2795.52 GB
[ 2254.6s] IOs:    732929392  IOPS:   325078  Throughput:  1269.8 MB/s  Total: 2795.90 GB
[ 2255.1s] IOs:    733030015  IOPS:   325058  Throughput:  1269.8 MB/s  Total: 2796.29 GB
[ 2255.3s] IOs:    733130713  IOPS:   325071  Throughput:  1269.8 MB/s  Total: 2796.67 GB
[ 2255.8s] IOs:    733231025  IOPS:   325042  Throughput:  1269.7 MB/s  Total: 2797.05 GB
[ 2256.3s] IOs:    733331168  IOPS:   325015  Throughput:  1269.6 MB/s  Total: 2797.44 GB
[ 2256.8s] IOs:    733431856  IOPS:   324990  Throughput:  1269.5 MB/s  Total: 2797.82 GB
[Reader] Parsed 94000000 lines, distributed 733448409 writes, unique 720.00 GB, skipped 7250838
[ 2257.2s] IOs:    733532731  IOPS:   324982  Throughput:  1269.5 MB/s  Total: 2798.21 GB
[ 2257.6s] IOs:    733633657  IOPS:   324966  Throughput:  1269.4 MB/s  Total: 2798.59 GB
[ 2257.8s] IOs:    733734344  IOPS:   324979  Throughput:  1269.5 MB/s  Total: 2798.97 GB
[ 2258.3s] IOs:    733834809  IOPS:   324952  Throughput:  1269.3 MB/s  Total: 2799.36 GB
[ 2258.6s] IOs:    733935099  IOPS:   324948  Throughput:  1269.3 MB/s  Total: 2799.74 GB
[ 2258.8s] IOs:    734035904  IOPS:   324962  Throughput:  1269.4 MB/s  Total: 2800.12 GB
[ 2259.3s] IOs:    734136440  IOPS:   324939  Throughput:  1269.3 MB/s  Total: 2800.51 GB
[ 2259.5s] IOs:    734237426  IOPS:   324954  Throughput:  1269.4 MB/s  Total: 2800.89 GB
[ 2259.8s] IOs:    734337892  IOPS:   324954  Throughput:  1269.4 MB/s  Total: 2801.28 GB
[ 2260.2s] IOs:    734438320  IOPS:   324942  Throughput:  1269.3 MB/s  Total: 2801.66 GB
[ 2260.5s] IOs:    734539031  IOPS:   324946  Throughput:  1269.3 MB/s  Total: 2802.04 GB
[ 2260.8s] IOs:    734639376  IOPS:   324948  Throughput:  1269.3 MB/s  Total: 2802.43 GB
[ 2261.3s] IOs:    734739885  IOPS:   324925  Throughput:  1269.2 MB/s  Total: 2802.81 GB
[ 2261.5s] IOs:    734840589  IOPS:   324939  Throughput:  1269.3 MB/s  Total: 2803.19 GB
[ 2261.8s] IOs:    734941250  IOPS:   324941  Throughput:  1269.3 MB/s  Total: 2803.58 GB
[ 2262.1s] IOs:    735041776  IOPS:   324937  Throughput:  1269.3 MB/s  Total: 2803.96 GB
[ 2262.3s] IOs:    735142418  IOPS:   324947  Throughput:  1269.3 MB/s  Total: 2804.35 GB
[ 2262.7s] IOs:    735242995  IOPS:   324946  Throughput:  1269.3 MB/s  Total: 2804.73 GB
[ 2262.9s] IOs:    735343600  IOPS:   324960  Throughput:  1269.4 MB/s  Total: 2805.11 GB
[ 2263.2s] IOs:    735444470  IOPS:   324959  Throughput:  1269.4 MB/s  Total: 2805.50 GB
[ 2263.4s] IOs:    735544887  IOPS:   324972  Throughput:  1269.4 MB/s  Total: 2805.88 GB
[ 2263.7s] IOs:    735645356  IOPS:   324975  Throughput:  1269.4 MB/s  Total: 2806.26 GB
[ 2264.2s] IOs:    735746056  IOPS:   324947  Throughput:  1269.3 MB/s  Total: 2806.65 GB
[ 2264.7s] IOs:    735846765  IOPS:   324926  Throughput:  1269.2 MB/s  Total: 2807.03 GB
[ 2264.9s] IOs:    735947561  IOPS:   324929  Throughput:  1269.3 MB/s  Total: 2807.42 GB
[ 2265.3s] IOs:    736047931  IOPS:   324923  Throughput:  1269.2 MB/s  Total: 2807.80 GB
[ 2265.8s] IOs:    736148581  IOPS:   324891  Throughput:  1269.1 MB/s  Total: 2808.18 GB
[ 2266.2s] IOs:    736249249  IOPS:   324889  Throughput:  1269.1 MB/s  Total: 2808.57 GB
[ 2266.5s] IOs:    736349875  IOPS:   324887  Throughput:  1269.1 MB/s  Total: 2808.95 GB
[ 2266.8s] IOs:    736450538  IOPS:   324884  Throughput:  1269.1 MB/s  Total: 2809.34 GB
[ 2267.3s] IOs:    736550949  IOPS:   324852  Throughput:  1269.0 MB/s  Total: 2809.72 GB
[ 2267.6s] IOs:    736651642  IOPS:   324855  Throughput:  1269.0 MB/s  Total: 2810.10 GB
[ 2267.9s] IOs:    736752521  IOPS:   324864  Throughput:  1269.0 MB/s  Total: 2810.49 GB
[ 2268.3s] IOs:    736852524  IOPS:   324844  Throughput:  1268.9 MB/s  Total: 2810.87 GB
[ 2268.7s] IOs:    736953114  IOPS:   324842  Throughput:  1268.9 MB/s  Total: 2811.25 GB
[ 2268.9s] IOs:    737053358  IOPS:   324851  Throughput:  1268.9 MB/s  Total: 2811.64 GB
[ 2269.3s] IOs:    737154018  IOPS:   324831  Throughput:  1268.9 MB/s  Total: 2812.02 GB
[ 2269.6s] IOs:    737254567  IOPS:   324832  Throughput:  1268.9 MB/s  Total: 2812.40 GB
[ 2269.9s] IOs:    737354978  IOPS:   324845  Throughput:  1268.9 MB/s  Total: 2812.79 GB
[ 2270.3s] IOs:    737455338  IOPS:   324830  Throughput:  1268.9 MB/s  Total: 2813.17 GB
[ 2270.5s] IOs:    737556010  IOPS:   324843  Throughput:  1268.9 MB/s  Total: 2813.55 GB
[ 2270.8s] IOs:    737656664  IOPS:   324846  Throughput:  1268.9 MB/s  Total: 2813.94 GB
[ 2271.1s] IOs:    737757464  IOPS:   324844  Throughput:  1268.9 MB/s  Total: 2814.32 GB
[ 2271.3s] IOs:    737858213  IOPS:   324857  Throughput:  1269.0 MB/s  Total: 2814.71 GB
[ 2271.9s] IOs:    737959033  IOPS:   324819  Throughput:  1268.8 MB/s  Total: 2815.09 GB
[ 2272.1s] IOs:    738059479  IOPS:   324832  Throughput:  1268.9 MB/s  Total: 2815.47 GB
[ 2272.4s] IOs:    738160510  IOPS:   324841  Throughput:  1268.9 MB/s  Total: 2815.86 GB
[ 2272.7s] IOs:    738261127  IOPS:   324837  Throughput:  1268.9 MB/s  Total: 2816.24 GB
[ 2272.9s] IOs:    738361968  IOPS:   324848  Throughput:  1268.9 MB/s  Total: 2816.63 GB
[ 2273.3s] IOs:    738462310  IOPS:   324845  Throughput:  1268.9 MB/s  Total: 2817.01 GB
[ 2273.5s] IOs:    738563072  IOPS:   324857  Throughput:  1269.0 MB/s  Total: 2817.39 GB
[ 2273.8s] IOs:    738663831  IOPS:   324855  Throughput:  1269.0 MB/s  Total: 2817.78 GB
[ 2274.1s] IOs:    738764155  IOPS:   324867  Throughput:  1269.0 MB/s  Total: 2818.16 GB
[ 2274.4s] IOs:    738864645  IOPS:   324865  Throughput:  1269.0 MB/s  Total: 2818.54 GB
[ 2274.6s] IOs:    738965501  IOPS:   324874  Throughput:  1269.0 MB/s  Total: 2818.93 GB
[ 2275.1s] IOs:    739066082  IOPS:   324849  Throughput:  1268.9 MB/s  Total: 2819.31 GB
[ 2275.3s] IOs:    739166600  IOPS:   324863  Throughput:  1269.0 MB/s  Total: 2819.70 GB
[ 2275.9s] IOs:    739267449  IOPS:   324831  Throughput:  1268.9 MB/s  Total: 2820.08 GB
[ 2276.3s] IOs:    739367988  IOPS:   324811  Throughput:  1268.8 MB/s  Total: 2820.47 GB
[ 2276.7s] IOs:    739468848  IOPS:   324799  Throughput:  1268.7 MB/s  Total: 2820.85 GB
[ 2276.9s] IOs:    739569585  IOPS:   324810  Throughput:  1268.8 MB/s  Total: 2821.23 GB
[ 2277.6s] IOs:    739670303  IOPS:   324763  Throughput:  1268.6 MB/s  Total: 2821.62 GB
[ 2277.8s] IOs:    739770913  IOPS:   324773  Throughput:  1268.6 MB/s  Total: 2822.00 GB
[ 2278.3s] IOs:    739871414  IOPS:   324743  Throughput:  1268.5 MB/s  Total: 2822.39 GB
[ 2278.5s] IOs:    739972125  IOPS:   324757  Throughput:  1268.6 MB/s  Total: 2822.77 GB
[ 2278.9s] IOs:    740072827  IOPS:   324752  Throughput:  1268.6 MB/s  Total: 2823.15 GB
[ 2279.3s] IOs:    740173271  IOPS:   324732  Throughput:  1268.5 MB/s  Total: 2823.54 GB
[ 2279.6s] IOs:    740273952  IOPS:   324742  Throughput:  1268.5 MB/s  Total: 2823.92 GB
[ 2279.9s] IOs:    740374214  IOPS:   324739  Throughput:  1268.5 MB/s  Total: 2824.30 GB
[ 2280.3s] IOs:    740474526  IOPS:   324731  Throughput:  1268.5 MB/s  Total: 2824.69 GB
[ 2280.8s] IOs:    740574581  IOPS:   324704  Throughput:  1268.4 MB/s  Total: 2825.07 GB
[ 2281.0s] IOs:    740675011  IOPS:   324715  Throughput:  1268.4 MB/s  Total: 2825.45 GB
[ 2281.3s] IOs:    740775515  IOPS:   324716  Throughput:  1268.4 MB/s  Total: 2825.83 GB
[ 2281.5s] IOs:    740875673  IOPS:   324726  Throughput:  1268.5 MB/s  Total: 2826.22 GB
[ 2281.8s] IOs:    740976599  IOPS:   324733  Throughput:  1268.5 MB/s  Total: 2826.60 GB
[ 2282.0s] IOs:    741076886  IOPS:   324743  Throughput:  1268.5 MB/s  Total: 2826.98 GB
[Reader] Parsed 95000000 lines, distributed 741172337 writes, unique 720.00 GB, skipped 8687444
[ 2282.3s] IOs:    741177529  IOPS:   324746  Throughput:  1268.5 MB/s  Total: 2827.37 GB
[ 2282.6s] IOs:    741278197  IOPS:   324753  Throughput:  1268.6 MB/s  Total: 2827.75 GB
[ 2282.9s] IOs:    741378225  IOPS:   324757  Throughput:  1268.6 MB/s  Total: 2828.13 GB
[ 2283.1s] IOs:    741478979  IOPS:   324768  Throughput:  1268.6 MB/s  Total: 2828.52 GB
[ 2283.3s] IOs:    741578989  IOPS:   324779  Throughput:  1268.7 MB/s  Total: 2828.90 GB
[ 2283.6s] IOs:    741679623  IOPS:   324791  Throughput:  1268.7 MB/s  Total: 2829.28 GB
[ 2284.0s] IOs:    741780146  IOPS:   324779  Throughput:  1268.7 MB/s  Total: 2829.67 GB
[ 2284.2s] IOs:    741880621  IOPS:   324783  Throughput:  1268.7 MB/s  Total: 2830.05 GB
[ 2284.5s] IOs:    741981163  IOPS:   324790  Throughput:  1268.7 MB/s  Total: 2830.43 GB
[ 2284.7s] IOs:    742082063  IOPS:   324799  Throughput:  1268.7 MB/s  Total: 2830.82 GB
[ 2285.0s] IOs:    742182514  IOPS:   324800  Throughput:  1268.8 MB/s  Total: 2831.20 GB
[ 2285.3s] IOs:    742282912  IOPS:   324806  Throughput:  1268.8 MB/s  Total: 2831.58 GB
[ 2285.5s] IOs:    742383456  IOPS:   324817  Throughput:  1268.8 MB/s  Total: 2831.97 GB
[ 2285.8s] IOs:    742483927  IOPS:   324820  Throughput:  1268.8 MB/s  Total: 2832.35 GB
[ 2286.2s] IOs:    742584594  IOPS:   324813  Throughput:  1268.8 MB/s  Total: 2832.74 GB
[ 2286.4s] IOs:    742684997  IOPS:   324825  Throughput:  1268.8 MB/s  Total: 2833.12 GB
[ 2286.8s] IOs:    742785251  IOPS:   324821  Throughput:  1268.8 MB/s  Total: 2833.50 GB
[ 2287.0s] IOs:    742885573  IOPS:   324831  Throughput:  1268.9 MB/s  Total: 2833.88 GB
[ 2287.3s] IOs:    742986100  IOPS:   324831  Throughput:  1268.9 MB/s  Total: 2834.27 GB
[ 2287.5s] IOs:    743086778  IOPS:   324843  Throughput:  1268.9 MB/s  Total: 2834.65 GB
[ 2287.8s] IOs:    743187377  IOPS:   324846  Throughput:  1268.9 MB/s  Total: 2835.03 GB
[ 2288.0s] IOs:    743287781  IOPS:   324857  Throughput:  1269.0 MB/s  Total: 2835.42 GB
[ 2288.4s] IOs:    743388166  IOPS:   324857  Throughput:  1269.0 MB/s  Total: 2835.80 GB
[ 2288.6s] IOs:    743488546  IOPS:   324869  Throughput:  1269.0 MB/s  Total: 2836.18 GB
[ 2288.8s] IOs:    743589136  IOPS:   324878  Throughput:  1269.1 MB/s  Total: 2836.57 GB
[ 2289.1s] IOs:    743689888  IOPS:   324890  Throughput:  1269.1 MB/s  Total: 2836.95 GB
[ 2289.3s] IOs:    743790268  IOPS:   324896  Throughput:  1269.1 MB/s  Total: 2837.33 GB
[ 2289.6s] IOs:    743890591  IOPS:   324907  Throughput:  1269.2 MB/s  Total: 2837.72 GB
[ 2289.8s] IOs:    743991149  IOPS:   324920  Throughput:  1269.2 MB/s  Total: 2838.10 GB
[ 2290.0s] IOs:    744091539  IOPS:   324931  Throughput:  1269.3 MB/s  Total: 2838.48 GB
[ 2290.2s] IOs:    744192315  IOPS:   324942  Throughput:  1269.3 MB/s  Total: 2838.87 GB
[ 2290.4s] IOs:    744292537  IOPS:   324955  Throughput:  1269.4 MB/s  Total: 2839.25 GB
[ 2290.7s] IOs:    744392548  IOPS:   324962  Throughput:  1269.4 MB/s  Total: 2839.63 GB
[ 2290.9s] IOs:    744492803  IOPS:   324976  Throughput:  1269.4 MB/s  Total: 2840.01 GB
[ 2291.1s] IOs:    744593028  IOPS:   324995  Throughput:  1269.5 MB/s  Total: 2840.40 GB
[ 2291.5s] IOs:    744693315  IOPS:   324980  Throughput:  1269.5 MB/s  Total: 2840.78 GB
[ 2291.7s] IOs:    744794290  IOPS:   324997  Throughput:  1269.5 MB/s  Total: 2841.16 GB
[ 2291.9s] IOs:    744895057  IOPS:   325016  Throughput:  1269.6 MB/s  Total: 2841.55 GB
[ 2292.2s] IOs:    744995071  IOPS:   325014  Throughput:  1269.6 MB/s  Total: 2841.93 GB
[ 2292.4s] IOs:    745095801  IOPS:   325033  Throughput:  1269.7 MB/s  Total: 2842.31 GB
[ 2292.7s] IOs:    745196460  IOPS:   325032  Throughput:  1269.7 MB/s  Total: 2842.70 GB
[ 2292.9s] IOs:    745297035  IOPS:   325050  Throughput:  1269.7 MB/s  Total: 2843.08 GB
[ 2293.0s] IOs:    745397725  IOPS:   325070  Throughput:  1269.8 MB/s  Total: 2843.47 GB
[ 2293.4s] IOs:    745498603  IOPS:   325067  Throughput:  1269.8 MB/s  Total: 2843.85 GB
[ 2293.6s] IOs:    745599523  IOPS:   325084  Throughput:  1269.9 MB/s  Total: 2844.24 GB
[ 2293.8s] IOs:    745699834  IOPS:   325096  Throughput:  1269.9 MB/s  Total: 2844.62 GB
[ 2294.0s] IOs:    745800582  IOPS:   325115  Throughput:  1270.0 MB/s  Total: 2845.00 GB
[ 2294.3s] IOs:    745901129  IOPS:   325112  Throughput:  1270.0 MB/s  Total: 2845.39 GB
[ 2294.5s] IOs:    746001835  IOPS:   325130  Throughput:  1270.0 MB/s  Total: 2845.77 GB
[ 2294.7s] IOs:    746102050  IOPS:   325140  Throughput:  1270.1 MB/s  Total: 2846.15 GB
[ 2294.9s] IOs:    746202677  IOPS:   325160  Throughput:  1270.2 MB/s  Total: 2846.54 GB
[ 2295.1s] IOs:    746303171  IOPS:   325179  Throughput:  1270.2 MB/s  Total: 2846.92 GB
[ 2295.3s] IOs:    746403478  IOPS:   325185  Throughput:  1270.3 MB/s  Total: 2847.30 GB
[ 2295.5s] IOs:    746503577  IOPS:   325203  Throughput:  1270.3 MB/s  Total: 2847.69 GB
[ 2295.7s] IOs:    746603785  IOPS:   325214  Throughput:  1270.4 MB/s  Total: 2848.07 GB
[ 2295.9s] IOs:    746704425  IOPS:   325234  Throughput:  1270.4 MB/s  Total: 2848.45 GB
[ 2296.1s] IOs:    746805210  IOPS:   325252  Throughput:  1270.5 MB/s  Total: 2848.84 GB
[ 2296.3s] IOs:    746906028  IOPS:   325265  Throughput:  1270.6 MB/s  Total: 2849.22 GB
[ 2296.5s] IOs:    747006638  IOPS:   325285  Throughput:  1270.6 MB/s  Total: 2849.60 GB
[ 2296.6s] IOs:    747107406  IOPS:   325304  Throughput:  1270.7 MB/s  Total: 2849.99 GB
[ 2296.8s] IOs:    747207566  IOPS:   325320  Throughput:  1270.8 MB/s  Total: 2850.37 GB
[ 2297.0s] IOs:    747308013  IOPS:   325340  Throughput:  1270.9 MB/s  Total: 2850.75 GB
[ 2297.4s] IOs:    747408551  IOPS:   325335  Throughput:  1270.8 MB/s  Total: 2851.14 GB
[ 2297.5s] IOs:    747509061  IOPS:   325353  Throughput:  1270.9 MB/s  Total: 2851.52 GB
[ 2297.7s] IOs:    747609775  IOPS:   325371  Throughput:  1271.0 MB/s  Total: 2851.90 GB
[ 2297.9s] IOs:    747710779  IOPS:   325386  Throughput:  1271.0 MB/s  Total: 2852.29 GB
[ 2298.1s] IOs:    747811254  IOPS:   325405  Throughput:  1271.1 MB/s  Total: 2852.67 GB
[ 2298.4s] IOs:    747911483  IOPS:   325412  Throughput:  1271.1 MB/s  Total: 2853.06 GB
[ 2298.5s] IOs:    748012134  IOPS:   325430  Throughput:  1271.2 MB/s  Total: 2853.44 GB
[ 2298.8s] IOs:    748112278  IOPS:   325431  Throughput:  1271.2 MB/s  Total: 2853.82 GB
[ 2299.0s] IOs:    748212632  IOPS:   325448  Throughput:  1271.3 MB/s  Total: 2854.20 GB
[ 2299.2s] IOs:    748313088  IOPS:   325463  Throughput:  1271.3 MB/s  Total: 2854.59 GB
[ 2299.4s] IOs:    748413733  IOPS:   325481  Throughput:  1271.4 MB/s  Total: 2854.97 GB
[ 2299.6s] IOs:    748513833  IOPS:   325500  Throughput:  1271.5 MB/s  Total: 2855.35 GB
[ 2299.8s] IOs:    748614459  IOPS:   325513  Throughput:  1271.5 MB/s  Total: 2855.74 GB
[ 2300.0s] IOs:    748715426  IOPS:   325531  Throughput:  1271.6 MB/s  Total: 2856.12 GB
[ 2300.2s] IOs:    748816008  IOPS:   325546  Throughput:  1271.7 MB/s  Total: 2856.51 GB
[ 2300.4s] IOs:    748916575  IOPS:   325565  Throughput:  1271.7 MB/s  Total: 2856.89 GB
[ 2300.6s] IOs:    749016789  IOPS:   325582  Throughput:  1271.8 MB/s  Total: 2857.27 GB
[ 2300.8s] IOs:    749116875  IOPS:   325585  Throughput:  1271.8 MB/s  Total: 2857.65 GB
[ 2301.0s] IOs:    749217468  IOPS:   325602  Throughput:  1271.9 MB/s  Total: 2858.04 GB
[ 2301.2s] IOs:    749318459  IOPS:   325622  Throughput:  1272.0 MB/s  Total: 2858.42 GB
[ 2301.4s] IOs:    749419111  IOPS:   325642  Throughput:  1272.0 MB/s  Total: 2858.81 GB
[ 2301.5s] IOs:    749519711  IOPS:   325661  Throughput:  1272.1 MB/s  Total: 2859.19 GB
[ 2301.8s] IOs:    749620093  IOPS:   325672  Throughput:  1272.2 MB/s  Total: 2859.57 GB
[Reader] Parsed 96000000 lines, distributed 749676461 writes, unique 720.00 GB, skipped 10390607
[ 2301.9s] IOs:    749720606  IOPS:   325691  Throughput:  1272.2 MB/s  Total: 2859.96 GB
[ 2302.1s] IOs:    749821354  IOPS:   325709  Throughput:  1272.3 MB/s  Total: 2860.34 GB
[ 2302.3s] IOs:    749922069  IOPS:   325724  Throughput:  1272.4 MB/s  Total: 2860.73 GB
[ 2302.5s] IOs:    750022452  IOPS:   325743  Throughput:  1272.4 MB/s  Total: 2861.11 GB
[ 2302.7s] IOs:    750123021  IOPS:   325764  Throughput:  1272.5 MB/s  Total: 2861.49 GB
[ 2303.1s] IOs:    750223824  IOPS:   325741  Throughput:  1272.4 MB/s  Total: 2861.88 GB
[ 2303.3s] IOs:    750324772  IOPS:   325759  Throughput:  1272.5 MB/s  Total: 2862.26 GB
[ 2303.8s] IOs:    750425375  IOPS:   325732  Throughput:  1272.4 MB/s  Total: 2862.65 GB
[ 2304.3s] IOs:    750526000  IOPS:   325709  Throughput:  1272.3 MB/s  Total: 2863.03 GB
[ 2304.5s] IOs:    750626535  IOPS:   325726  Throughput:  1272.4 MB/s  Total: 2863.41 GB
[ 2304.9s] IOs:    750727486  IOPS:   325706  Throughput:  1272.3 MB/s  Total: 2863.80 GB
[ 2305.4s] IOs:    750828432  IOPS:   325688  Throughput:  1272.2 MB/s  Total: 2864.18 GB
[ 2305.8s] IOs:    750929019  IOPS:   325669  Throughput:  1272.1 MB/s  Total: 2864.57 GB
[ 2306.0s] IOs:    751029356  IOPS:   325686  Throughput:  1272.2 MB/s  Total: 2864.95 GB
[ 2306.4s] IOs:    751129811  IOPS:   325677  Throughput:  1272.2 MB/s  Total: 2865.33 GB
[ 2306.8s] IOs:    751229880  IOPS:   325658  Throughput:  1272.1 MB/s  Total: 2865.71 GB
[ 2307.0s] IOs:    751330557  IOPS:   325675  Throughput:  1272.2 MB/s  Total: 2866.10 GB
[ 2307.5s] IOs:    751430991  IOPS:   325648  Throughput:  1272.1 MB/s  Total: 2866.48 GB
[ 2307.7s] IOs:    751531307  IOPS:   325668  Throughput:  1272.1 MB/s  Total: 2866.86 GB
[ 2307.8s] IOs:    751631417  IOPS:   325685  Throughput:  1272.2 MB/s  Total: 2867.25 GB
[ 2308.3s] IOs:    751732180  IOPS:   325668  Throughput:  1272.1 MB/s  Total: 2867.63 GB
[ 2308.5s] IOs:    751832249  IOPS:   325679  Throughput:  1272.2 MB/s  Total: 2868.01 GB
[ 2308.7s] IOs:    751932765  IOPS:   325690  Throughput:  1272.2 MB/s  Total: 2868.40 GB
[ 2308.9s] IOs:    752033286  IOPS:   325705  Throughput:  1272.3 MB/s  Total: 2868.78 GB
[ 2309.3s] IOs:    752133794  IOPS:   325701  Throughput:  1272.3 MB/s  Total: 2869.16 GB
[ 2309.4s] IOs:    752234011  IOPS:   325721  Throughput:  1272.3 MB/s  Total: 2869.55 GB
[ 2309.8s] IOs:    752334189  IOPS:   325715  Throughput:  1272.3 MB/s  Total: 2869.93 GB
[ 2310.0s] IOs:    752434556  IOPS:   325733  Throughput:  1272.4 MB/s  Total: 2870.31 GB
[ 2310.3s] IOs:    752535368  IOPS:   325730  Throughput:  1272.4 MB/s  Total: 2870.69 GB
[ 2310.5s] IOs:    752636120  IOPS:   325749  Throughput:  1272.5 MB/s  Total: 2871.08 GB
[ 2310.8s] IOs:    752736261  IOPS:   325747  Throughput:  1272.4 MB/s  Total: 2871.46 GB
[ 2311.0s] IOs:    752836786  IOPS:   325766  Throughput:  1272.5 MB/s  Total: 2871.84 GB
[ 2311.3s] IOs:    752937231  IOPS:   325768  Throughput:  1272.5 MB/s  Total: 2872.23 GB
[ 2311.4s] IOs:    753037891  IOPS:   325788  Throughput:  1272.6 MB/s  Total: 2872.61 GB
[ 2311.7s] IOs:    753138629  IOPS:   325790  Throughput:  1272.6 MB/s  Total: 2873.00 GB
[ 2311.9s] IOs:    753239085  IOPS:   325806  Throughput:  1272.7 MB/s  Total: 2873.38 GB
[ 2312.1s] IOs:    753339404  IOPS:   325825  Throughput:  1272.8 MB/s  Total: 2873.76 GB
[ 2312.3s] IOs:    753440209  IOPS:   325834  Throughput:  1272.8 MB/s  Total: 2874.15 GB
[ 2312.8s] IOs:    753540758  IOPS:   325820  Throughput:  1272.7 MB/s  Total: 2874.53 GB
[ 2313.0s] IOs:    753641018  IOPS:   325832  Throughput:  1272.8 MB/s  Total: 2874.91 GB
[ 2313.3s] IOs:    753741858  IOPS:   325831  Throughput:  1272.8 MB/s  Total: 2875.30 GB
[ 2313.5s] IOs:    753842879  IOPS:   325849  Throughput:  1272.8 MB/s  Total: 2875.68 GB
[ 2313.9s] IOs:    753943014  IOPS:   325829  Throughput:  1272.8 MB/s  Total: 2876.06 GB
[ 2314.2s] IOs:    754043573  IOPS:   325833  Throughput:  1272.8 MB/s  Total: 2876.45 GB
[ 2314.4s] IOs:    754144152  IOPS:   325847  Throughput:  1272.8 MB/s  Total: 2876.83 GB
[ 2314.7s] IOs:    754244967  IOPS:   325846  Throughput:  1272.8 MB/s  Total: 2877.22 GB
[ 2315.0s] IOs:    754345690  IOPS:   325856  Throughput:  1272.9 MB/s  Total: 2877.60 GB
[ 2315.2s] IOs:    754446602  IOPS:   325861  Throughput:  1272.9 MB/s  Total: 2877.99 GB
[ 2315.4s] IOs:    754547120  IOPS:   325878  Throughput:  1273.0 MB/s  Total: 2878.37 GB
[ 2315.7s] IOs:    754647604  IOPS:   325879  Throughput:  1273.0 MB/s  Total: 2878.75 GB
[ 2315.9s] IOs:    754748054  IOPS:   325897  Throughput:  1273.0 MB/s  Total: 2879.14 GB
[ 2316.2s] IOs:    754848963  IOPS:   325899  Throughput:  1273.0 MB/s  Total: 2879.52 GB
[ 2316.4s] IOs:    754949091  IOPS:   325916  Throughput:  1273.1 MB/s  Total: 2879.90 GB
[ 2316.6s] IOs:    755049425  IOPS:   325932  Throughput:  1273.2 MB/s  Total: 2880.28 GB
[ 2316.8s] IOs:    755149736  IOPS:   325941  Throughput:  1273.2 MB/s  Total: 2880.67 GB
[ 2317.0s] IOs:    755250477  IOPS:   325956  Throughput:  1273.3 MB/s  Total: 2881.05 GB
[ 2317.3s] IOs:    755351076  IOPS:   325957  Throughput:  1273.3 MB/s  Total: 2881.44 GB
[ 2317.6s] IOs:    755451823  IOPS:   325967  Throughput:  1273.3 MB/s  Total: 2881.82 GB
[ 2317.8s] IOs:    755552619  IOPS:   325984  Throughput:  1273.4 MB/s  Total: 2882.20 GB
[ 2318.0s] IOs:    755653005  IOPS:   326000  Throughput:  1273.4 MB/s  Total: 2882.59 GB
[ 2318.1s] IOs:    755753056  IOPS:   326019  Throughput:  1273.5 MB/s  Total: 2882.97 GB
[ 2318.4s] IOs:    755853892  IOPS:   326028  Throughput:  1273.5 MB/s  Total: 2883.35 GB
[ 2318.6s] IOs:    755954362  IOPS:   326045  Throughput:  1273.6 MB/s  Total: 2883.74 GB
[ 2319.0s] IOs:    756055247  IOPS:   326024  Throughput:  1273.5 MB/s  Total: 2884.12 GB
[ 2319.2s] IOs:    756155315  IOPS:   326042  Throughput:  1273.6 MB/s  Total: 2884.50 GB
[ 2319.4s] IOs:    756255826  IOPS:   326060  Throughput:  1273.7 MB/s  Total: 2884.89 GB
[ 2319.8s] IOs:    756356676  IOPS:   326046  Throughput:  1273.6 MB/s  Total: 2885.27 GB
[ 2320.0s] IOs:    756457570  IOPS:   326061  Throughput:  1273.7 MB/s  Total: 2885.66 GB
[ 2320.3s] IOs:    756558531  IOPS:   326060  Throughput:  1273.7 MB/s  Total: 2886.04 GB
[ 2320.5s] IOs:    756659062  IOPS:   326079  Throughput:  1273.7 MB/s  Total: 2886.43 GB
[ 2320.8s] IOs:    756759183  IOPS:   326074  Throughput:  1273.7 MB/s  Total: 2886.81 GB
[ 2321.0s] IOs:    756859472  IOPS:   326093  Throughput:  1273.8 MB/s  Total: 2887.19 GB
[ 2321.4s] IOs:    756960486  IOPS:   326081  Throughput:  1273.8 MB/s  Total: 2887.58 GB
[ 2321.6s] IOs:    757061077  IOPS:   326099  Throughput:  1273.8 MB/s  Total: 2887.96 GB
[ 2321.9s] IOs:    757161646  IOPS:   326098  Throughput:  1273.8 MB/s  Total: 2888.34 GB
[ 2322.1s] IOs:    757262007  IOPS:   326116  Throughput:  1273.9 MB/s  Total: 2888.73 GB
[ 2322.4s] IOs:    757362853  IOPS:   326114  Throughput:  1273.9 MB/s  Total: 2889.11 GB
[ 2322.6s] IOs:    757463242  IOPS:   326129  Throughput:  1273.9 MB/s  Total: 2889.49 GB
[ 2322.9s] IOs:    757564135  IOPS:   326126  Throughput:  1273.9 MB/s  Total: 2889.88 GB
[ 2323.1s] IOs:    757664963  IOPS:   326141  Throughput:  1274.0 MB/s  Total: 2890.26 GB
[ 2323.4s] IOs:    757765243  IOPS:   326151  Throughput:  1274.0 MB/s  Total: 2890.65 GB
[ 2323.5s] IOs:    757865674  IOPS:   326169  Throughput:  1274.1 MB/s  Total: 2891.03 GB
[ 2323.8s] IOs:    757966408  IOPS:   326173  Throughput:  1274.1 MB/s  Total: 2891.41 GB
[ 2324.0s] IOs:    758066964  IOPS:   326190  Throughput:  1274.2 MB/s  Total: 2891.80 GB
[ 2324.2s] IOs:    758167348  IOPS:   326201  Throughput:  1274.2 MB/s  Total: 2892.18 GB
[ 2324.6s] IOs:    758267549  IOPS:   326198  Throughput:  1274.2 MB/s  Total: 2892.56 GB
[ 2324.7s] IOs:    758368347  IOPS:   326218  Throughput:  1274.3 MB/s  Total: 2892.95 GB
[ 2324.9s] IOs:    758468855  IOPS:   326238  Throughput:  1274.4 MB/s  Total: 2893.33 GB
[ 2325.1s] IOs:    758569515  IOPS:   326257  Throughput:  1274.4 MB/s  Total: 2893.71 GB
[ 2325.4s] IOs:    758669962  IOPS:   326256  Throughput:  1274.4 MB/s  Total: 2894.10 GB
[ 2325.6s] IOs:    758770560  IOPS:   326271  Throughput:  1274.5 MB/s  Total: 2894.48 GB
[ 2325.8s] IOs:    758871179  IOPS:   326279  Throughput:  1274.5 MB/s  Total: 2894.86 GB
[ 2326.0s] IOs:    758971617  IOPS:   326297  Throughput:  1274.6 MB/s  Total: 2895.25 GB
[ 2326.3s] IOs:    759072321  IOPS:   326301  Throughput:  1274.6 MB/s  Total: 2895.63 GB
[ 2326.5s] IOs:    759173241  IOPS:   326321  Throughput:  1274.7 MB/s  Total: 2896.02 GB
[ 2326.6s] IOs:    759274076  IOPS:   326342  Throughput:  1274.8 MB/s  Total: 2896.40 GB
[ 2327.0s] IOs:    759374880  IOPS:   326329  Throughput:  1274.7 MB/s  Total: 2896.79 GB
[ 2327.2s] IOs:    759475503  IOPS:   326348  Throughput:  1274.8 MB/s  Total: 2897.17 GB
[ 2327.4s] IOs:    759576129  IOPS:   326367  Throughput:  1274.9 MB/s  Total: 2897.55 GB
[ 2327.5s] IOs:    759676471  IOPS:   326385  Throughput:  1274.9 MB/s  Total: 2897.94 GB
[ 2327.8s] IOs:    759776997  IOPS:   326388  Throughput:  1275.0 MB/s  Total: 2898.32 GB
[Reader] Parsed 97000000 lines, distributed 759833186 writes, unique 720.00 GB, skipped 11713260
[ 2328.0s] IOs:    759877779  IOPS:   326406  Throughput:  1275.0 MB/s  Total: 2898.70 GB
[ 2328.3s] IOs:    759978281  IOPS:   326404  Throughput:  1275.0 MB/s  Total: 2899.09 GB
[ 2328.5s] IOs:    760078658  IOPS:   326422  Throughput:  1275.1 MB/s  Total: 2899.47 GB
[ 2328.8s] IOs:    760179091  IOPS:   326426  Throughput:  1275.1 MB/s  Total: 2899.85 GB
[ 2329.0s] IOs:    760279653  IOPS:   326445  Throughput:  1275.2 MB/s  Total: 2900.24 GB
[ 2329.2s] IOs:    760380041  IOPS:   326449  Throughput:  1275.2 MB/s  Total: 2900.62 GB
[ 2329.4s] IOs:    760480937  IOPS:   326468  Throughput:  1275.3 MB/s  Total: 2901.00 GB
[ 2329.6s] IOs:    760581222  IOPS:   326487  Throughput:  1275.3 MB/s  Total: 2901.39 GB
[ 2329.9s] IOs:    760681853  IOPS:   326488  Throughput:  1275.3 MB/s  Total: 2901.77 GB
[ 2330.1s] IOs:    760782725  IOPS:   326508  Throughput:  1275.4 MB/s  Total: 2902.16 GB
[ 2330.3s] IOs:    760883567  IOPS:   326523  Throughput:  1275.5 MB/s  Total: 2902.54 GB
[ 2330.4s] IOs:    760984308  IOPS:   326541  Throughput:  1275.5 MB/s  Total: 2902.92 GB
[ 2330.6s] IOs:    761084630  IOPS:   326559  Throughput:  1275.6 MB/s  Total: 2903.31 GB
[ 2330.8s] IOs:    761185207  IOPS:   326574  Throughput:  1275.7 MB/s  Total: 2903.69 GB
[ 2331.4s] IOs:    761286035  IOPS:   326539  Throughput:  1275.5 MB/s  Total: 2904.08 GB
[ 2332.3s] IOs:    761386503  IOPS:   326459  Throughput:  1275.2 MB/s  Total: 2904.46 GB
[ 2332.8s] IOs:    761486997  IOPS:   326427  Throughput:  1275.1 MB/s  Total: 2904.84 GB
[ 2333.3s] IOs:    761587866  IOPS:   326395  Throughput:  1275.0 MB/s  Total: 2905.23 GB
[ 2333.8s] IOs:    761688559  IOPS:   326366  Throughput:  1274.9 MB/s  Total: 2905.61 GB
[ 2334.3s] IOs:    761789299  IOPS:   326340  Throughput:  1274.8 MB/s  Total: 2906.00 GB
[ 2334.8s] IOs:    761890123  IOPS:   326315  Throughput:  1274.7 MB/s  Total: 2906.38 GB
[ 2335.3s] IOs:    761990677  IOPS:   326296  Throughput:  1274.6 MB/s  Total: 2906.76 GB
[ 2335.5s] IOs:    762091205  IOPS:   326304  Throughput:  1274.6 MB/s  Total: 2907.15 GB
[ 2336.0s] IOs:    762191910  IOPS:   326282  Throughput:  1274.5 MB/s  Total: 2907.53 GB
[ 2336.5s] IOs:    762292621  IOPS:   326260  Throughput:  1274.5 MB/s  Total: 2907.92 GB
[ 2336.8s] IOs:    762393216  IOPS:   326252  Throughput:  1274.4 MB/s  Total: 2908.30 GB
[ 2337.3s] IOs:    762494065  IOPS:   326232  Throughput:  1274.3 MB/s  Total: 2908.68 GB
[ 2337.5s] IOs:    762594910  IOPS:   326242  Throughput:  1274.4 MB/s  Total: 2909.07 GB
[ 2337.9s] IOs:    762695080  IOPS:   326231  Throughput:  1274.3 MB/s  Total: 2909.45 GB
[ 2338.4s] IOs:    762795209  IOPS:   326205  Throughput:  1274.2 MB/s  Total: 2909.83 GB
[ 2338.6s] IOs:    762895587  IOPS:   326216  Throughput:  1274.3 MB/s  Total: 2910.22 GB
[ 2338.9s] IOs:    762996355  IOPS:   326225  Throughput:  1274.3 MB/s  Total: 2910.60 GB
[ 2339.3s] IOs:    763096541  IOPS:   326206  Throughput:  1274.2 MB/s  Total: 2910.98 GB
[ 2339.5s] IOs:    763197152  IOPS:   326216  Throughput:  1274.3 MB/s  Total: 2911.37 GB
[ 2339.8s] IOs:    763297627  IOPS:   326217  Throughput:  1274.3 MB/s  Total: 2911.75 GB
[ 2340.1s] IOs:    763398366  IOPS:   326229  Throughput:  1274.3 MB/s  Total: 2912.13 GB
[ 2340.4s] IOs:    763499268  IOPS:   326219  Throughput:  1274.3 MB/s  Total: 2912.52 GB
[ 2340.8s] IOs:    763600031  IOPS:   326217  Throughput:  1274.3 MB/s  Total: 2912.90 GB
[ 2341.0s] IOs:    763700968  IOPS:   326232  Throughput:  1274.3 MB/s  Total: 2913.29 GB
[ 2341.5s] IOs:    763801514  IOPS:   326200  Throughput:  1274.2 MB/s  Total: 2913.67 GB
[ 2341.8s] IOs:    763902253  IOPS:   326209  Throughput:  1274.3 MB/s  Total: 2914.06 GB
[ 2342.0s] IOs:    764002632  IOPS:   326220  Throughput:  1274.3 MB/s  Total: 2914.44 GB
[ 2342.5s] IOs:    764102690  IOPS:   326197  Throughput:  1274.2 MB/s  Total: 2914.82 GB
[ 2342.8s] IOs:    764203197  IOPS:   326191  Throughput:  1274.2 MB/s  Total: 2915.20 GB
[ 2343.0s] IOs:    764303684  IOPS:   326201  Throughput:  1274.2 MB/s  Total: 2915.59 GB
[ 2343.5s] IOs:    764404479  IOPS:   326185  Throughput:  1274.2 MB/s  Total: 2915.97 GB
[ 2343.8s] IOs:    764505282  IOPS:   326181  Throughput:  1274.1 MB/s  Total: 2916.36 GB
[ 2344.0s] IOs:    764605724  IOPS:   326193  Throughput:  1274.2 MB/s  Total: 2916.74 GB
[ 2344.5s] IOs:    764706370  IOPS:   326177  Throughput:  1274.1 MB/s  Total: 2917.12 GB
[ 2344.8s] IOs:    764806754  IOPS:   326171  Throughput:  1274.1 MB/s  Total: 2917.51 GB
[ 2345.0s] IOs:    764907306  IOPS:   326183  Throughput:  1274.2 MB/s  Total: 2917.89 GB
[ 2345.4s] IOs:    765007836  IOPS:   326175  Throughput:  1274.1 MB/s  Total: 2918.27 GB
[ 2345.7s] IOs:    765108393  IOPS:   326171  Throughput:  1274.1 MB/s  Total: 2918.66 GB
[ 2346.2s] IOs:    765209187  IOPS:   326155  Throughput:  1274.0 MB/s  Total: 2919.04 GB
[ 2346.4s] IOs:    765309771  IOPS:   326166  Throughput:  1274.1 MB/s  Total: 2919.43 GB
[ 2346.8s] IOs:    765410567  IOPS:   326145  Throughput:  1274.0 MB/s  Total: 2919.81 GB
[ 2347.1s] IOs:    765511346  IOPS:   326156  Throughput:  1274.0 MB/s  Total: 2920.19 GB
[ 2347.4s] IOs:    765611923  IOPS:   326153  Throughput:  1274.0 MB/s  Total: 2920.58 GB
[ 2347.8s] IOs:    765712496  IOPS:   326140  Throughput:  1274.0 MB/s  Total: 2920.96 GB
[ 2348.0s] IOs:    765813125  IOPS:   326151  Throughput:  1274.0 MB/s  Total: 2921.35 GB
[ 2348.4s] IOs:    765913534  IOPS:   326137  Throughput:  1274.0 MB/s  Total: 2921.73 GB
[ 2352.6s] IOs:    766014114  IOPS:   325599  Throughput:  1271.9 MB/s  Total: 2922.11 GB
[ 2352.9s] IOs:    766114721  IOPS:   325611  Throughput:  1271.9 MB/s  Total: 2922.50 GB
[ 2353.3s] IOs:    766215110  IOPS:   325597  Throughput:  1271.9 MB/s  Total: 2922.88 GB
[ 2353.6s] IOs:    766315643  IOPS:   325596  Throughput:  1271.9 MB/s  Total: 2923.26 GB
[ 2353.8s] IOs:    766415741  IOPS:   325606  Throughput:  1271.9 MB/s  Total: 2923.64 GB
[ 2354.2s] IOs:    766516370  IOPS:   325589  Throughput:  1271.8 MB/s  Total: 2924.03 GB
[ 2354.5s] IOs:    766617200  IOPS:   325590  Throughput:  1271.8 MB/s  Total: 2924.41 GB
[ 2354.8s] IOs:    766717702  IOPS:   325600  Throughput:  1271.9 MB/s  Total: 2924.80 GB
[ 2355.2s] IOs:    766818246  IOPS:   325590  Throughput:  1271.8 MB/s  Total: 2925.18 GB
[ 2355.4s] IOs:    766918596  IOPS:   325600  Throughput:  1271.9 MB/s  Total: 2925.56 GB
[ 2355.6s] IOs:    767018978  IOPS:   325608  Throughput:  1271.9 MB/s  Total: 2925.95 GB
[ 2355.9s] IOs:    767119693  IOPS:   325619  Throughput:  1271.9 MB/s  Total: 2926.33 GB
[ 2356.3s] IOs:    767220647  IOPS:   325603  Throughput:  1271.9 MB/s  Total: 2926.71 GB
[ 2356.6s] IOs:    767321071  IOPS:   325612  Throughput:  1271.9 MB/s  Total: 2927.10 GB
[ 2356.8s] IOs:    767421353  IOPS:   325616  Throughput:  1271.9 MB/s  Total: 2927.48 GB
[ 2357.2s] IOs:    767522194  IOPS:   325611  Throughput:  1271.9 MB/s  Total: 2927.86 GB
[ 2357.6s] IOs:    767623118  IOPS:   325595  Throughput:  1271.9 MB/s  Total: 2928.25 GB
[ 2357.9s] IOs:    767723596  IOPS:   325603  Throughput:  1271.9 MB/s  Total: 2928.63 GB
[ 2358.2s] IOs:    767824411  IOPS:   325600  Throughput:  1271.9 MB/s  Total: 2929.02 GB
[ 2358.6s] IOs:    767924909  IOPS:   325586  Throughput:  1271.8 MB/s  Total: 2929.40 GB
[ 2358.8s] IOs:    768025651  IOPS:   325598  Throughput:  1271.9 MB/s  Total: 2929.79 GB
[ 2359.1s] IOs:    768126317  IOPS:   325595  Throughput:  1271.9 MB/s  Total: 2930.17 GB
[ 2359.4s] IOs:    768226937  IOPS:   325606  Throughput:  1271.9 MB/s  Total: 2930.55 GB
[ 2359.7s] IOs:    768327231  IOPS:   325603  Throughput:  1271.9 MB/s  Total: 2930.94 GB
[ 2360.2s] IOs:    768428226  IOPS:   325582  Throughput:  1271.8 MB/s  Total: 2931.32 GB
[ 2360.4s] IOs:    768529154  IOPS:   325595  Throughput:  1271.9 MB/s  Total: 2931.71 GB
[ 2360.6s] IOs:    768629589  IOPS:   325604  Throughput:  1271.9 MB/s  Total: 2932.09 GB
[ 2360.8s] IOs:    768730185  IOPS:   325618  Throughput:  1271.9 MB/s  Total: 2932.47 GB
[ 2361.2s] IOs:    768830843  IOPS:   325607  Throughput:  1271.9 MB/s  Total: 2932.86 GB
[ 2361.5s] IOs:    768931623  IOPS:   325608  Throughput:  1271.9 MB/s  Total: 2933.24 GB
[ 2362.0s] IOs:    769032431  IOPS:   325582  Throughput:  1271.8 MB/s  Total: 2933.63 GB
[ 2362.3s] IOs:    769132496  IOPS:   325592  Throughput:  1271.8 MB/s  Total: 2934.01 GB
[ 2363.0s] IOs:    769233256  IOPS:   325529  Throughput:  1271.6 MB/s  Total: 2934.39 GB
[ 2363.4s] IOs:    769334108  IOPS:   325522  Throughput:  1271.6 MB/s  Total: 2934.78 GB
[ 2363.7s] IOs:    769434486  IOPS:   325516  Throughput:  1271.5 MB/s  Total: 2935.16 GB
[ 2364.3s] IOs:    769535225  IOPS:   325474  Throughput:  1271.4 MB/s  Total: 2935.54 GB
[ 2364.7s] IOs:    769635409  IOPS:   325470  Throughput:  1271.4 MB/s  Total: 2935.93 GB
[Reader] Parsed 98000000 lines, distributed 769653896 writes, unique 720.00 GB, skipped 12968040
[ 2365.2s] IOs:    769736292  IOPS:   325444  Throughput:  1271.3 MB/s  Total: 2936.31 GB
[ 2365.7s] IOs:    769836936  IOPS:   325418  Throughput:  1271.2 MB/s  Total: 2936.69 GB
[ 2366.0s] IOs:    769937750  IOPS:   325414  Throughput:  1271.1 MB/s  Total: 2937.08 GB
[ 2366.3s] IOs:    770038111  IOPS:   325425  Throughput:  1271.2 MB/s  Total: 2937.46 GB
[ 2366.7s] IOs:    770138574  IOPS:   325401  Throughput:  1271.1 MB/s  Total: 2937.85 GB
[ 2367.1s] IOs:    770239182  IOPS:   325394  Throughput:  1271.1 MB/s  Total: 2938.23 GB
[ 2367.5s] IOs:    770339721  IOPS:   325378  Throughput:  1271.0 MB/s  Total: 2938.61 GB
[ 2367.9s] IOs:    770440334  IOPS:   325375  Throughput:  1271.0 MB/s  Total: 2939.00 GB
[ 2368.2s] IOs:    770540652  IOPS:   325376  Throughput:  1271.0 MB/s  Total: 2939.38 GB
[ 2368.6s] IOs:    770641541  IOPS:   325362  Throughput:  1270.9 MB/s  Total: 2939.76 GB
[ 2368.8s] IOs:    770742251  IOPS:   325368  Throughput:  1271.0 MB/s  Total: 2940.15 GB
[ 2369.1s] IOs:    770842788  IOPS:   325367  Throughput:  1271.0 MB/s  Total: 2940.53 GB
[ 2369.6s] IOs:    770943249  IOPS:   325352  Throughput:  1270.9 MB/s  Total: 2940.92 GB
[ 2369.9s] IOs:    771043511  IOPS:   325351  Throughput:  1270.9 MB/s  Total: 2941.30 GB
[ 2370.1s] IOs:    771144335  IOPS:   325358  Throughput:  1270.9 MB/s  Total: 2941.68 GB
[ 2370.4s] IOs:    771244734  IOPS:   325370  Throughput:  1271.0 MB/s  Total: 2942.07 GB
[ 2370.7s] IOs:    771345292  IOPS:   325363  Throughput:  1270.9 MB/s  Total: 2942.45 GB
[ 2371.1s] IOs:    771445803  IOPS:   325358  Throughput:  1270.9 MB/s  Total: 2942.83 GB
[ 2371.6s] IOs:    771546158  IOPS:   325331  Throughput:  1270.8 MB/s  Total: 2943.22 GB
[ 2371.9s] IOs:    771646587  IOPS:   325326  Throughput:  1270.8 MB/s  Total: 2943.60 GB
[ 2372.2s] IOs:    771746887  IOPS:   325324  Throughput:  1270.8 MB/s  Total: 2943.98 GB
[ 2372.8s] IOs:    771847883  IOPS:   325292  Throughput:  1270.7 MB/s  Total: 2944.37 GB
[ 2373.1s] IOs:    771948729  IOPS:   325294  Throughput:  1270.7 MB/s  Total: 2944.75 GB
[ 2373.3s] IOs:    772049348  IOPS:   325305  Throughput:  1270.7 MB/s  Total: 2945.13 GB
[ 2373.8s] IOs:    772149983  IOPS:   325283  Throughput:  1270.6 MB/s  Total: 2945.52 GB
[ 2374.1s] IOs:    772250598  IOPS:   325283  Throughput:  1270.6 MB/s  Total: 2945.90 GB
[ 2380.6s] IOs:    772351327  IOPS:   324440  Throughput:  1267.3 MB/s  Total: 2946.29 GB
[ 2382.0s] IOs:    772452110  IOPS:   324286  Throughput:  1266.7 MB/s  Total: 2946.67 GB
[ 2383.1s] IOs:    772552279  IOPS:   324183  Throughput:  1266.3 MB/s  Total: 2947.05 GB
[ 2384.1s] IOs:    772653303  IOPS:   324086  Throughput:  1266.0 MB/s  Total: 2947.44 GB
[ 2385.1s] IOs:    772753384  IOPS:   323986  Throughput:  1265.6 MB/s  Total: 2947.82 GB
[ 2386.2s] IOs:    772854155  IOPS:   323891  Throughput:  1265.2 MB/s  Total: 2948.20 GB
[ 2387.0s] IOs:    772954951  IOPS:   323817  Throughput:  1264.9 MB/s  Total: 2948.59 GB
[ 2387.7s] IOs:    773055941  IOPS:   323765  Throughput:  1264.7 MB/s  Total: 2948.97 GB
[ 2388.5s] IOs:    773156673  IOPS:   323700  Throughput:  1264.5 MB/s  Total: 2949.36 GB
[ 2389.0s] IOs:    773257258  IOPS:   323668  Throughput:  1264.3 MB/s  Total: 2949.74 GB
[ 2389.6s] IOs:    773357641  IOPS:   323631  Throughput:  1264.2 MB/s  Total: 2950.13 GB
[ 2390.2s] IOs:    773458578  IOPS:   323592  Throughput:  1264.0 MB/s  Total: 2950.51 GB
[ 2390.8s] IOs:    773559069  IOPS:   323563  Throughput:  1263.9 MB/s  Total: 2950.89 GB
[ 2391.3s] IOs:    773659860  IOPS:   323537  Throughput:  1263.8 MB/s  Total: 2951.28 GB
[ 2391.8s] IOs:    773760440  IOPS:   323511  Throughput:  1263.7 MB/s  Total: 2951.66 GB
[ 2392.3s] IOs:    773861221  IOPS:   323478  Throughput:  1263.6 MB/s  Total: 2952.05 GB
[ 2392.7s] IOs:    773961735  IOPS:   323467  Throughput:  1263.5 MB/s  Total: 2952.43 GB
[ 2393.5s] IOs:    774062443  IOPS:   323407  Throughput:  1263.3 MB/s  Total: 2952.81 GB
[ 2393.7s] IOs:    774162844  IOPS:   323415  Throughput:  1263.3 MB/s  Total: 2953.20 GB
[ 2394.2s] IOs:    774263356  IOPS:   323385  Throughput:  1263.2 MB/s  Total: 2953.58 GB
[ 2394.8s] IOs:    774364219  IOPS:   323356  Throughput:  1263.1 MB/s  Total: 2953.97 GB
[ 2395.1s] IOs:    774464952  IOPS:   323349  Throughput:  1263.1 MB/s  Total: 2954.35 GB
[ 2395.6s] IOs:    774565592  IOPS:   323325  Throughput:  1263.0 MB/s  Total: 2954.73 GB
[ 2395.8s] IOs:    774666126  IOPS:   323337  Throughput:  1263.0 MB/s  Total: 2955.12 GB
[ 2396.2s] IOs:    774766564  IOPS:   323330  Throughput:  1263.0 MB/s  Total: 2955.50 GB
[ 2396.6s] IOs:    774866865  IOPS:   323316  Throughput:  1263.0 MB/s  Total: 2955.88 GB
[ 2397.1s] IOs:    774967324  IOPS:   323295  Throughput:  1262.9 MB/s  Total: 2956.27 GB
[ 2397.3s] IOs:    775067835  IOPS:   323306  Throughput:  1262.9 MB/s  Total: 2956.65 GB
[ 2397.7s] IOs:    775168501  IOPS:   323300  Throughput:  1262.9 MB/s  Total: 2957.03 GB
[ 2398.2s] IOs:    775269188  IOPS:   323273  Throughput:  1262.8 MB/s  Total: 2957.42 GB
[ 2398.6s] IOs:    775370116  IOPS:   323262  Throughput:  1262.7 MB/s  Total: 2957.80 GB
[ 2398.8s] IOs:    775470690  IOPS:   323274  Throughput:  1262.8 MB/s  Total: 2958.19 GB
[ 2399.3s] IOs:    775571481  IOPS:   323253  Throughput:  1262.7 MB/s  Total: 2958.57 GB
[ 2399.6s] IOs:    775672075  IOPS:   323247  Throughput:  1262.7 MB/s  Total: 2958.95 GB
[ 2399.8s] IOs:    775772967  IOPS:   323260  Throughput:  1262.7 MB/s  Total: 2959.34 GB
[ 2400.3s] IOs:    775873587  IOPS:   323244  Throughput:  1262.7 MB/s  Total: 2959.72 GB
[ 2400.9s] IOs:    775974147  IOPS:   323207  Throughput:  1262.5 MB/s  Total: 2960.11 GB
[ 2401.1s] IOs:    776074928  IOPS:   323212  Throughput:  1262.5 MB/s  Total: 2960.49 GB
[ 2401.4s] IOs:    776175483  IOPS:   323224  Throughput:  1262.6 MB/s  Total: 2960.87 GB
[ 2401.8s] IOs:    776276045  IOPS:   323203  Throughput:  1262.5 MB/s  Total: 2961.26 GB
[ 2402.3s] IOs:    776376675  IOPS:   323183  Throughput:  1262.4 MB/s  Total: 2961.64 GB
[ 2402.7s] IOs:    776477040  IOPS:   323174  Throughput:  1262.4 MB/s  Total: 2962.02 GB
[ 2402.9s] IOs:    776577721  IOPS:   323186  Throughput:  1262.4 MB/s  Total: 2962.41 GB
[ 2403.3s] IOs:    776678565  IOPS:   323174  Throughput:  1262.4 MB/s  Total: 2962.79 GB
[ 2403.6s] IOs:    776779306  IOPS:   323168  Throughput:  1262.4 MB/s  Total: 2963.18 GB
[ 2403.9s] IOs:    776879646  IOPS:   323177  Throughput:  1262.4 MB/s  Total: 2963.56 GB
[ 2404.2s] IOs:    776980011  IOPS:   323173  Throughput:  1262.4 MB/s  Total: 2963.94 GB
[ 2404.5s] IOs:    777080471  IOPS:   323183  Throughput:  1262.4 MB/s  Total: 2964.33 GB
[ 2404.8s] IOs:    777181215  IOPS:   323180  Throughput:  1262.4 MB/s  Total: 2964.71 GB
[ 2405.2s] IOs:    777281941  IOPS:   323173  Throughput:  1262.4 MB/s  Total: 2965.10 GB
[ 2405.4s] IOs:    777382254  IOPS:   323184  Throughput:  1262.4 MB/s  Total: 2965.48 GB
[ 2405.9s] IOs:    777482519  IOPS:   323162  Throughput:  1262.4 MB/s  Total: 2965.86 GB
[ 2406.1s] IOs:    777582983  IOPS:   323173  Throughput:  1262.4 MB/s  Total: 2966.24 GB
[ 2406.3s] IOs:    777683593  IOPS:   323183  Throughput:  1262.4 MB/s  Total: 2966.63 GB
[ 2406.7s] IOs:    777784161  IOPS:   323181  Throughput:  1262.4 MB/s  Total: 2967.01 GB
[ 2406.9s] IOs:    777884689  IOPS:   323192  Throughput:  1262.5 MB/s  Total: 2967.39 GB
[ 2407.2s] IOs:    777984934  IOPS:   323191  Throughput:  1262.5 MB/s  Total: 2967.78 GB
[ 2407.4s] IOs:    778085677  IOPS:   323200  Throughput:  1262.5 MB/s  Total: 2968.16 GB
[ 2407.7s] IOs:    778185743  IOPS:   323203  Throughput:  1262.5 MB/s  Total: 2968.54 GB
[ 2408.0s] IOs:    778286717  IOPS:   323214  Throughput:  1262.6 MB/s  Total: 2968.93 GB
[ 2408.2s] IOs:    778387189  IOPS:   323219  Throughput:  1262.6 MB/s  Total: 2969.31 GB
[ 2408.5s] IOs:    778487498  IOPS:   323224  Throughput:  1262.6 MB/s  Total: 2969.69 GB
[ 2408.7s] IOs:    778587872  IOPS:   323234  Throughput:  1262.6 MB/s  Total: 2970.08 GB
[ 2409.0s] IOs:    778688359  IOPS:   323244  Throughput:  1262.7 MB/s  Total: 2970.46 GB
[ 2409.3s] IOs:    778789015  IOPS:   323245  Throughput:  1262.7 MB/s  Total: 2970.84 GB
[ 2409.5s] IOs:    778889638  IOPS:   323253  Throughput:  1262.7 MB/s  Total: 2971.23 GB
[Reader] Parsed 99000000 lines, distributed 778957289 writes, unique 720.00 GB, skipped 14540514
[ 2409.8s] IOs:    778989753  IOPS:   323264  Throughput:  1262.7 MB/s  Total: 2971.61 GB
[ 2410.0s] IOs:    779090393  IOPS:   323274  Throughput:  1262.8 MB/s  Total: 2971.99 GB
[ 2410.3s] IOs:    779191258  IOPS:   323270  Throughput:  1262.8 MB/s  Total: 2972.38 GB
[ 2410.8s] IOs:    779291890  IOPS:   323254  Throughput:  1262.7 MB/s  Total: 2972.76 GB
[ 2411.3s] IOs:    779392148  IOPS:   323228  Throughput:  1262.6 MB/s  Total: 2973.15 GB
[ 2411.6s] IOs:    779492863  IOPS:   323227  Throughput:  1262.6 MB/s  Total: 2973.53 GB
[ 2411.8s] IOs:    779593249  IOPS:   323235  Throughput:  1262.6 MB/s  Total: 2973.91 GB
[ 2412.3s] IOs:    779693717  IOPS:   323214  Throughput:  1262.6 MB/s  Total: 2974.30 GB
[ 2412.6s] IOs:    779794245  IOPS:   323215  Throughput:  1262.6 MB/s  Total: 2974.68 GB
[ 2412.8s] IOs:    779894576  IOPS:   323226  Throughput:  1262.6 MB/s  Total: 2975.06 GB
[ 2413.3s] IOs:    779995371  IOPS:   323207  Throughput:  1262.5 MB/s  Total: 2975.45 GB
[ 2413.5s] IOs:    780096207  IOPS:   323218  Throughput:  1262.6 MB/s  Total: 2975.83 GB
[ 2414.1s] IOs:    780196956  IOPS:   323185  Throughput:  1262.4 MB/s  Total: 2976.22 GB
[ 2414.7s] IOs:    780297744  IOPS:   323148  Throughput:  1262.3 MB/s  Total: 2976.60 GB
[ 2415.1s] IOs:    780398528  IOPS:   323127  Throughput:  1262.2 MB/s  Total: 2976.98 GB
[ 2415.7s] IOs:    780498967  IOPS:   323099  Throughput:  1262.1 MB/s  Total: 2977.37 GB
[ 2416.1s] IOs:    780599739  IOPS:   323076  Throughput:  1262.0 MB/s  Total: 2977.75 GB
[ 2416.4s] IOs:    780700234  IOPS:   323081  Throughput:  1262.0 MB/s  Total: 2978.14 GB
[ 2416.9s] IOs:    780801144  IOPS:   323062  Throughput:  1262.0 MB/s  Total: 2978.52 GB
[ 2417.3s] IOs:    780901981  IOPS:   323047  Throughput:  1261.9 MB/s  Total: 2978.90 GB
[ 2417.8s] IOs:    781002757  IOPS:   323026  Throughput:  1261.8 MB/s  Total: 2979.29 GB
[ 2418.3s] IOs:    781103390  IOPS:   323003  Throughput:  1261.7 MB/s  Total: 2979.67 GB
[ 2418.5s] IOs:    781203800  IOPS:   323007  Throughput:  1261.7 MB/s  Total: 2980.06 GB
[ 2418.8s] IOs:    781304536  IOPS:   323012  Throughput:  1261.8 MB/s  Total: 2980.44 GB
[ 2419.3s] IOs:    781405294  IOPS:   322988  Throughput:  1261.7 MB/s  Total: 2980.82 GB
[ 2419.7s] IOs:    781506310  IOPS:   322970  Throughput:  1261.6 MB/s  Total: 2981.21 GB
[ 2420.2s] IOs:    781606962  IOPS:   322950  Throughput:  1261.5 MB/s  Total: 2981.59 GB
[ 2420.5s] IOs:    781707400  IOPS:   322956  Throughput:  1261.5 MB/s  Total: 2981.98 GB
[ 2420.8s] IOs:    781808086  IOPS:   322958  Throughput:  1261.6 MB/s  Total: 2982.36 GB
[ 2421.2s] IOs:    781908915  IOPS:   322938  Throughput:  1261.5 MB/s  Total: 2982.75 GB
[ 2421.6s] IOs:    782009695  IOPS:   322925  Throughput:  1261.4 MB/s  Total: 2983.13 GB
[ 2421.9s] IOs:    782110127  IOPS:   322937  Throughput:  1261.5 MB/s  Total: 2983.51 GB
[ 2422.3s] IOs:    782210636  IOPS:   322918  Throughput:  1261.4 MB/s  Total: 2983.90 GB
[ 2422.7s] IOs:    782311222  IOPS:   322915  Throughput:  1261.4 MB/s  Total: 2984.28 GB
[ 2422.9s] IOs:    782411725  IOPS:   322925  Throughput:  1261.4 MB/s  Total: 2984.66 GB
[ 2423.3s] IOs:    782512523  IOPS:   322918  Throughput:  1261.4 MB/s  Total: 2985.05 GB
[ 2423.6s] IOs:    782613112  IOPS:   322912  Throughput:  1261.4 MB/s  Total: 2985.43 GB
[ 2423.9s] IOs:    782713428  IOPS:   322917  Throughput:  1261.4 MB/s  Total: 2985.81 GB
[ 2424.2s] IOs:    782814341  IOPS:   322920  Throughput:  1261.4 MB/s  Total: 2986.20 GB
[ 2424.4s] IOs:    782915244  IOPS:   322927  Throughput:  1261.4 MB/s  Total: 2986.58 GB
[ 2424.8s] IOs:    783016241  IOPS:   322925  Throughput:  1261.4 MB/s  Total: 2986.97 GB
[ 2425.0s] IOs:    783116652  IOPS:   322936  Throughput:  1261.5 MB/s  Total: 2987.35 GB
[ 2425.3s] IOs:    783217049  IOPS:   322942  Throughput:  1261.5 MB/s  Total: 2987.74 GB
[ 2425.5s] IOs:    783317436  IOPS:   322953  Throughput:  1261.5 MB/s  Total: 2988.12 GB
[ 2425.8s] IOs:    783418165  IOPS:   322959  Throughput:  1261.6 MB/s  Total: 2988.50 GB
[ 2426.0s] IOs:    783518959  IOPS:   322970  Throughput:  1261.6 MB/s  Total: 2988.89 GB
[ 2426.3s] IOs:    783619638  IOPS:   322971  Throughput:  1261.6 MB/s  Total: 2989.27 GB
[ 2426.5s] IOs:    783720007  IOPS:   322983  Throughput:  1261.7 MB/s  Total: 2989.65 GB
[ 2427.0s] IOs:    783820407  IOPS:   322956  Throughput:  1261.5 MB/s  Total: 2990.04 GB
[ 2427.2s] IOs:    783921010  IOPS:   322967  Throughput:  1261.6 MB/s  Total: 2990.42 GB
[ 2427.7s] IOs:    784021104  IOPS:   322946  Throughput:  1261.5 MB/s  Total: 2990.80 GB
[ 2428.0s] IOs:    784121809  IOPS:   322951  Throughput:  1261.5 MB/s  Total: 2991.19 GB
[ 2428.3s] IOs:    784222295  IOPS:   322948  Throughput:  1261.5 MB/s  Total: 2991.57 GB
[ 2428.8s] IOs:    784322903  IOPS:   322929  Throughput:  1261.4 MB/s  Total: 2991.95 GB
[ 2429.0s] IOs:    784423659  IOPS:   322938  Throughput:  1261.5 MB/s  Total: 2992.34 GB
[ 2429.3s] IOs:    784524613  IOPS:   322939  Throughput:  1261.5 MB/s  Total: 2992.72 GB
[ 2429.7s] IOs:    784625391  IOPS:   322933  Throughput:  1261.5 MB/s  Total: 2993.11 GB
[ 2429.9s] IOs:    784726016  IOPS:   322941  Throughput:  1261.5 MB/s  Total: 2993.49 GB
[ 2430.2s] IOs:    784826340  IOPS:   322941  Throughput:  1261.5 MB/s  Total: 2993.87 GB
[ 2430.5s] IOs:    784926970  IOPS:   322943  Throughput:  1261.5 MB/s  Total: 2994.26 GB
[ 2430.8s] IOs:    785027683  IOPS:   322948  Throughput:  1261.5 MB/s  Total: 2994.64 GB
[ 2431.1s] IOs:    785128161  IOPS:   322946  Throughput:  1261.5 MB/s  Total: 2995.03 GB
[ 2431.5s] IOs:    785228652  IOPS:   322940  Throughput:  1261.5 MB/s  Total: 2995.41 GB
[ 2431.7s] IOs:    785329393  IOPS:   322953  Throughput:  1261.5 MB/s  Total: 2995.79 GB
[ 2431.9s] IOs:    785429832  IOPS:   322965  Throughput:  1261.6 MB/s  Total: 2996.18 GB
[ 2432.3s] IOs:    785530495  IOPS:   322958  Throughput:  1261.6 MB/s  Total: 2996.56 GB
[ 2432.5s] IOs:    785631135  IOPS:   322972  Throughput:  1261.6 MB/s  Total: 2996.94 GB
[ 2432.9s] IOs:    785731992  IOPS:   322967  Throughput:  1261.6 MB/s  Total: 2997.33 GB
[ 2433.1s] IOs:    785832566  IOPS:   322979  Throughput:  1261.6 MB/s  Total: 2997.71 GB
[ 2433.4s] IOs:    785933198  IOPS:   322984  Throughput:  1261.7 MB/s  Total: 2998.10 GB
[ 2433.6s] IOs:    786033446  IOPS:   322997  Throughput:  1261.7 MB/s  Total: 2998.48 GB
[ 2433.8s] IOs:    786134222  IOPS:   323005  Throughput:  1261.7 MB/s  Total: 2998.86 GB
[ 2434.1s] IOs:    786234886  IOPS:   323004  Throughput:  1261.7 MB/s  Total: 2999.25 GB
[ 2434.4s] IOs:    786335629  IOPS:   323016  Throughput:  1261.8 MB/s  Total: 2999.63 GB
[ 2434.7s] IOs:    786436087  IOPS:   323017  Throughput:  1261.8 MB/s  Total: 3000.02 GB
[ 2434.9s] IOs:    786536852  IOPS:   323029  Throughput:  1261.8 MB/s  Total: 3000.40 GB
[ 2435.2s] IOs:    786637653  IOPS:   323034  Throughput:  1261.9 MB/s  Total: 3000.78 GB
[ 2435.4s] IOs:    786738364  IOPS:   323047  Throughput:  1261.9 MB/s  Total: 3001.17 GB
[ 2435.7s] IOs:    786838872  IOPS:   323048  Throughput:  1261.9 MB/s  Total: 3001.55 GB
[ 2435.9s] IOs:    786939608  IOPS:   323056  Throughput:  1261.9 MB/s  Total: 3001.94 GB
[ 2436.2s] IOs:    787040554  IOPS:   323064  Throughput:  1262.0 MB/s  Total: 3002.32 GB
[ 2436.4s] IOs:    787141022  IOPS:   323077  Throughput:  1262.0 MB/s  Total: 3002.70 GB
[ 2436.7s] IOs:    787241634  IOPS:   323082  Throughput:  1262.0 MB/s  Total: 3003.09 GB
[ 2437.2s] IOs:    787342370  IOPS:   323056  Throughput:  1261.9 MB/s  Total: 3003.47 GB
[ 2437.7s] IOs:    787442894  IOPS:   323028  Throughput:  1261.8 MB/s  Total: 3003.86 GB
[Reader] Parsed 100000000 lines, distributed 787481259 writes, unique 720.00 GB, skipped 16005989
[ 2438.2s] IOs:    787543902  IOPS:   323006  Throughput:  1261.7 MB/s  Total: 3004.24 GB
[ 2438.4s] IOs:    787644698  IOPS:   323014  Throughput:  1261.8 MB/s  Total: 3004.63 GB
[ 2438.9s] IOs:    787745573  IOPS:   322994  Throughput:  1261.7 MB/s  Total: 3005.01 GB
[ 2439.4s] IOs:    787846069  IOPS:   322971  Throughput:  1261.6 MB/s  Total: 3005.39 GB
[ 2439.8s] IOs:    787946270  IOPS:   322959  Throughput:  1261.6 MB/s  Total: 3005.78 GB
[ 2441.4s] IOs:    788046801  IOPS:   322787  Throughput:  1260.9 MB/s  Total: 3006.16 GB
[ 2441.9s] IOs:    788147399  IOPS:   322762  Throughput:  1260.8 MB/s  Total: 3006.54 GB
[ 2442.3s] IOs:    788248196  IOPS:   322751  Throughput:  1260.7 MB/s  Total: 3006.93 GB
[ 2442.6s] IOs:    788348572  IOPS:   322751  Throughput:  1260.7 MB/s  Total: 3007.31 GB
[ 2442.9s] IOs:    788449060  IOPS:   322748  Throughput:  1260.7 MB/s  Total: 3007.69 GB
[ 2443.4s] IOs:    788549847  IOPS:   322721  Throughput:  1260.6 MB/s  Total: 3008.08 GB
[ 2443.9s] IOs:    788650643  IOPS:   322703  Throughput:  1260.6 MB/s  Total: 3008.46 GB
[ 2444.1s] IOs:    788751399  IOPS:   322714  Throughput:  1260.6 MB/s  Total: 3008.85 GB
[ 2444.5s] IOs:    788852063  IOPS:   322707  Throughput:  1260.6 MB/s  Total: 3009.23 GB
[ 2445.0s] IOs:    788952562  IOPS:   322673  Throughput:  1260.4 MB/s  Total: 3009.62 GB
[ 2445.3s] IOs:    789052915  IOPS:   322677  Throughput:  1260.5 MB/s  Total: 3010.00 GB
[ 2445.6s] IOs:    789153719  IOPS:   322688  Throughput:  1260.5 MB/s  Total: 3010.38 GB
[ 2446.1s] IOs:    789253905  IOPS:   322660  Throughput:  1260.4 MB/s  Total: 3010.76 GB
[ 2446.3s] IOs:    789354885  IOPS:   322667  Throughput:  1260.4 MB/s  Total: 3011.15 GB
[ 2446.6s] IOs:    789455424  IOPS:   322678  Throughput:  1260.5 MB/s  Total: 3011.53 GB
[ 2446.9s] IOs:    789556051  IOPS:   322670  Throughput:  1260.4 MB/s  Total: 3011.92 GB
[ 2448.2s] IOs:    789656668  IOPS:   322550  Throughput:  1260.0 MB/s  Total: 3012.30 GB
[ 2448.6s] IOs:    789757172  IOPS:   322531  Throughput:  1259.9 MB/s  Total: 3012.68 GB
[ 2449.1s] IOs:    789857715  IOPS:   322513  Throughput:  1259.8 MB/s  Total: 3013.07 GB
[ 2449.6s] IOs:    789958508  IOPS:   322480  Throughput:  1259.7 MB/s  Total: 3013.45 GB
[ 2450.0s] IOs:    790059286  IOPS:   322477  Throughput:  1259.7 MB/s  Total: 3013.84 GB
[ 2450.4s] IOs:    790159937  IOPS:   322457  Throughput:  1259.6 MB/s  Total: 3014.22 GB
[ 2450.7s] IOs:    790260601  IOPS:   322467  Throughput:  1259.6 MB/s  Total: 3014.60 GB
[ 2451.2s] IOs:    790361380  IOPS:   322443  Throughput:  1259.5 MB/s  Total: 3014.99 GB
[ 2451.5s] IOs:    790462310  IOPS:   322441  Throughput:  1259.5 MB/s  Total: 3015.37 GB
[ 2452.0s] IOs:    790563299  IOPS:   322422  Throughput:  1259.5 MB/s  Total: 3015.76 GB
[ 2452.2s] IOs:    790663786  IOPS:   322434  Throughput:  1259.5 MB/s  Total: 3016.14 GB
[ 2452.5s] IOs:    790764677  IOPS:   322426  Throughput:  1259.5 MB/s  Total: 3016.53 GB
[ 2452.9s] IOs:    790865360  IOPS:   322415  Throughput:  1259.4 MB/s  Total: 3016.91 GB
[ 2453.2s] IOs:    790966257  IOPS:   322421  Throughput:  1259.5 MB/s  Total: 3017.30 GB
[ 2453.5s] IOs:    791067251  IOPS:   322422  Throughput:  1259.5 MB/s  Total: 3017.68 GB
[ 2453.7s] IOs:    791167964  IOPS:   322434  Throughput:  1259.5 MB/s  Total: 3018.07 GB
[ 2454.1s] IOs:    791268597  IOPS:   322431  Throughput:  1259.5 MB/s  Total: 3018.45 GB
[ 2454.6s] IOs:    791369334  IOPS:   322403  Throughput:  1259.4 MB/s  Total: 3018.83 GB
[ 2454.9s] IOs:    791469864  IOPS:   322402  Throughput:  1259.4 MB/s  Total: 3019.22 GB
[ 2455.2s] IOs:    791570792  IOPS:   322410  Throughput:  1259.4 MB/s  Total: 3019.60 GB
[ 2455.5s] IOs:    791671210  IOPS:   322403  Throughput:  1259.4 MB/s  Total: 3019.99 GB
[ 2455.9s] IOs:    791771973  IOPS:   322391  Throughput:  1259.3 MB/s  Total: 3020.37 GB
[ 2456.2s] IOs:    791872413  IOPS:   322396  Throughput:  1259.4 MB/s  Total: 3020.75 GB
[ 2456.5s] IOs:    791972776  IOPS:   322400  Throughput:  1259.4 MB/s  Total: 3021.14 GB
[ 2456.7s] IOs:    792073231  IOPS:   322412  Throughput:  1259.4 MB/s  Total: 3021.52 GB
[ 2457.1s] IOs:    792173952  IOPS:   322406  Throughput:  1259.4 MB/s  Total: 3021.90 GB
[ 2457.3s] IOs:    792274694  IOPS:   322417  Throughput:  1259.4 MB/s  Total: 3022.29 GB
[ 2457.6s] IOs:    792375471  IOPS:   322417  Throughput:  1259.4 MB/s  Total: 3022.67 GB
[ 2458.1s] IOs:    792476122  IOPS:   322400  Throughput:  1259.4 MB/s  Total: 3023.06 GB
[ 2458.3s] IOs:    792576729  IOPS:   322412  Throughput:  1259.4 MB/s  Total: 3023.44 GB
[ 2458.6s] IOs:    792676992  IOPS:   322408  Throughput:  1259.4 MB/s  Total: 3023.82 GB
[ 2458.8s] IOs:    792777516  IOPS:   322419  Throughput:  1259.4 MB/s  Total: 3024.21 GB
[ 2459.1s] IOs:    792878220  IOPS:   322426  Throughput:  1259.5 MB/s  Total: 3024.59 GB
[ 2459.3s] IOs:    792979122  IOPS:   322438  Throughput:  1259.5 MB/s  Total: 3024.98 GB
[ 2459.7s] IOs:    793079899  IOPS:   322432  Throughput:  1259.5 MB/s  Total: 3025.36 GB
[ 2459.9s] IOs:    793180518  IOPS:   322445  Throughput:  1259.6 MB/s  Total: 3025.74 GB
[ 2460.2s] IOs:    793281048  IOPS:   322447  Throughput:  1259.6 MB/s  Total: 3026.13 GB
[ 2460.5s] IOs:    793381099  IOPS:   322450  Throughput:  1259.6 MB/s  Total: 3026.51 GB
[ 2460.7s] IOs:    793481616  IOPS:   322463  Throughput:  1259.6 MB/s  Total: 3026.89 GB
[ 2460.9s] IOs:    793582127  IOPS:   322474  Throughput:  1259.7 MB/s  Total: 3027.28 GB
[ 2461.2s] IOs:    793682653  IOPS:   322480  Throughput:  1259.7 MB/s  Total: 3027.66 GB
[ 2461.5s] IOs:    793783635  IOPS:   322474  Throughput:  1259.7 MB/s  Total: 3028.04 GB
[ 2461.8s] IOs:    793884253  IOPS:   322486  Throughput:  1259.7 MB/s  Total: 3028.43 GB
[ 2462.1s] IOs:    793985006  IOPS:   322483  Throughput:  1259.7 MB/s  Total: 3028.81 GB
[ 2462.3s] IOs:    794085620  IOPS:   322493  Throughput:  1259.7 MB/s  Total: 3029.20 GB
[ 2462.6s] IOs:    794186214  IOPS:   322494  Throughput:  1259.7 MB/s  Total: 3029.58 GB
[ 2462.9s] IOs:    794286964  IOPS:   322507  Throughput:  1259.8 MB/s  Total: 3029.96 GB
[ 2463.2s] IOs:    794387823  IOPS:   322505  Throughput:  1259.8 MB/s  Total: 3030.35 GB
[ 2463.5s] IOs:    794488254  IOPS:   322507  Throughput:  1259.8 MB/s  Total: 3030.73 GB
[ 2463.7s] IOs:    794588965  IOPS:   322520  Throughput:  1259.8 MB/s  Total: 3031.12 GB
[ 2464.0s] IOs:    794689309  IOPS:   322521  Throughput:  1259.8 MB/s  Total: 3031.50 GB
[ 2464.2s] IOs:    794789921  IOPS:   322533  Throughput:  1259.9 MB/s  Total: 3031.88 GB
[ 2464.5s] IOs:    794890877  IOPS:   322538  Throughput:  1259.9 MB/s  Total: 3032.27 GB
[ 2464.8s] IOs:    794991488  IOPS:   322535  Throughput:  1259.9 MB/s  Total: 3032.65 GB
[ 2465.1s] IOs:    795092258  IOPS:   322542  Throughput:  1259.9 MB/s  Total: 3033.04 GB
[ 2465.4s] IOs:    795192558  IOPS:   322546  Throughput:  1259.9 MB/s  Total: 3033.42 GB
[ 2465.7s] IOs:    795293175  IOPS:   322548  Throughput:  1260.0 MB/s  Total: 3033.80 GB
[ 2466.0s] IOs:    795394013  IOPS:   322544  Throughput:  1259.9 MB/s  Total: 3034.19 GB
[ 2466.2s] IOs:    795495014  IOPS:   322558  Throughput:  1260.0 MB/s  Total: 3034.57 GB
[ 2466.5s] IOs:    795595869  IOPS:   322556  Throughput:  1260.0 MB/s  Total: 3034.96 GB
[ 2466.7s] IOs:    795696532  IOPS:   322569  Throughput:  1260.0 MB/s  Total: 3035.34 GB
[ 2467.1s] IOs:    795797288  IOPS:   322570  Throughput:  1260.0 MB/s  Total: 3035.73 GB
[ 2467.3s] IOs:    795898074  IOPS:   322582  Throughput:  1260.1 MB/s  Total: 3036.11 GB
[ 2467.6s] IOs:    795998159  IOPS:   322584  Throughput:  1260.1 MB/s  Total: 3036.49 GB
[ 2467.9s] IOs:    796098718  IOPS:   322576  Throughput:  1260.1 MB/s  Total: 3036.88 GB
[ 2468.2s] IOs:    796199537  IOPS:   322588  Throughput:  1260.1 MB/s  Total: 3037.26 GB
[ 2468.6s] IOs:    796300255  IOPS:   322574  Throughput:  1260.1 MB/s  Total: 3037.64 GB
[ 2468.8s] IOs:    796400946  IOPS:   322588  Throughput:  1260.1 MB/s  Total: 3038.03 GB
[ 2469.1s] IOs:    796501844  IOPS:   322588  Throughput:  1260.1 MB/s  Total: 3038.41 GB
[ 2469.3s] IOs:    796602138  IOPS:   322600  Throughput:  1260.2 MB/s  Total: 3038.80 GB
[ 2469.9s] IOs:    796702852  IOPS:   322561  Throughput:  1260.0 MB/s  Total: 3039.18 GB
[ 2470.1s] IOs:    796803262  IOPS:   322573  Throughput:  1260.1 MB/s  Total: 3039.56 GB
[ 2470.7s] IOs:    796903832  IOPS:   322545  Throughput:  1259.9 MB/s  Total: 3039.95 GB
[ 2471.2s] IOs:    797004434  IOPS:   322520  Throughput:  1259.8 MB/s  Total: 3040.33 GB
[ 2471.5s] IOs:    797105179  IOPS:   322514  Throughput:  1259.8 MB/s  Total: 3040.71 GB
[ 2471.8s] IOs:    797205618  IOPS:   322522  Throughput:  1259.9 MB/s  Total: 3041.10 GB
[ 2472.3s] IOs:    797306266  IOPS:   322496  Throughput:  1259.7 MB/s  Total: 3041.48 GB
[ 2472.6s] IOs:    797406763  IOPS:   322494  Throughput:  1259.7 MB/s  Total: 3041.87 GB
[ 2473.1s] IOs:    797507507  IOPS:   322475  Throughput:  1259.7 MB/s  Total: 3042.25 GB
[ 2473.3s] IOs:    797608356  IOPS:   322485  Throughput:  1259.7 MB/s  Total: 3042.63 GB
[ 2473.7s] IOs:    797709057  IOPS:   322479  Throughput:  1259.7 MB/s  Total: 3043.02 GB
[ 2474.2s] IOs:    797809665  IOPS:   322451  Throughput:  1259.6 MB/s  Total: 3043.40 GB
[ 2474.5s] IOs:    797909963  IOPS:   322456  Throughput:  1259.6 MB/s  Total: 3043.78 GB
[ 2474.8s] IOs:    798010179  IOPS:   322451  Throughput:  1259.6 MB/s  Total: 3044.17 GB
[ 2475.1s] IOs:    798111039  IOPS:   322460  Throughput:  1259.6 MB/s  Total: 3044.55 GB
[Reader] Parsed 101000000 lines, distributed 798169018 writes, unique 720.00 GB, skipped 18696554
[ 2475.3s] IOs:    798211946  IOPS:   322474  Throughput:  1259.7 MB/s  Total: 3044.94 GB
[ 2475.7s] IOs:    798312389  IOPS:   322458  Throughput:  1259.6 MB/s  Total: 3045.32 GB
[ 2476.0s] IOs:    798412672  IOPS:   322461  Throughput:  1259.6 MB/s  Total: 3045.70 GB
[ 2476.2s] IOs:    798513460  IOPS:   322471  Throughput:  1259.7 MB/s  Total: 3046.09 GB
[ 2476.5s] IOs:    798614316  IOPS:   322472  Throughput:  1259.7 MB/s  Total: 3046.47 GB
[ 2476.7s] IOs:    798715313  IOPS:   322485  Throughput:  1259.7 MB/s  Total: 3046.86 GB
[ 2477.1s] IOs:    798816272  IOPS:   322484  Throughput:  1259.7 MB/s  Total: 3047.24 GB
[ 2477.3s] IOs:    798916584  IOPS:   322494  Throughput:  1259.7 MB/s  Total: 3047.62 GB
[ 2477.6s] IOs:    799016870  IOPS:   322499  Throughput:  1259.8 MB/s  Total: 3048.01 GB
[ 2477.8s] IOs:    799117607  IOPS:   322510  Throughput:  1259.8 MB/s  Total: 3048.39 GB
[ 2478.3s] IOs:    799218415  IOPS:   322492  Throughput:  1259.7 MB/s  Total: 3048.78 GB
[ 2478.5s] IOs:    799319403  IOPS:   322505  Throughput:  1259.8 MB/s  Total: 3049.16 GB
[ 2478.7s] IOs:    799419584  IOPS:   322516  Throughput:  1259.8 MB/s  Total: 3049.54 GB
[ 2479.1s] IOs:    799520145  IOPS:   322505  Throughput:  1259.8 MB/s  Total: 3049.93 GB
[ 2479.3s] IOs:    799620707  IOPS:   322513  Throughput:  1259.8 MB/s  Total: 3050.31 GB
[ 2479.7s] IOs:    799721276  IOPS:   322510  Throughput:  1259.8 MB/s  Total: 3050.69 GB
[ 2480.0s] IOs:    799821891  IOPS:   322507  Throughput:  1259.8 MB/s  Total: 3051.08 GB
[ 2480.3s] IOs:    799922571  IOPS:   322515  Throughput:  1259.8 MB/s  Total: 3051.46 GB
[ 2480.6s] IOs:    800022954  IOPS:   322516  Throughput:  1259.8 MB/s  Total: 3051.85 GB
[ 2480.8s] IOs:    800123541  IOPS:   322529  Throughput:  1259.9 MB/s  Total: 3052.23 GB
[ 2481.1s] IOs:    800224240  IOPS:   322529  Throughput:  1259.9 MB/s  Total: 3052.61 GB
[ 2481.3s] IOs:    800324971  IOPS:   322541  Throughput:  1259.9 MB/s  Total: 3053.00 GB
[ 2481.6s] IOs:    800425154  IOPS:   322543  Throughput:  1259.9 MB/s  Total: 3053.38 GB
[ 2481.9s] IOs:    800525650  IOPS:   322546  Throughput:  1259.9 MB/s  Total: 3053.76 GB
[ 2483.6s] IOs:    800626244  IOPS:   322370  Throughput:  1259.3 MB/s  Total: 3054.15 GB
[ 2485.6s] IOs:    800726466  IOPS:   322143  Throughput:  1258.4 MB/s  Total: 3054.53 GB
[ 2487.6s] IOs:    800827252  IOPS:   321924  Throughput:  1257.5 MB/s  Total: 3054.91 GB
[ 2489.2s] IOs:    800928183  IOPS:   321766  Throughput:  1256.9 MB/s  Total: 3055.30 GB
[ 2490.6s] IOs:    801028970  IOPS:   321614  Throughput:  1256.3 MB/s  Total: 3055.68 GB
[ 2492.1s] IOs:    801129658  IOPS:   321469  Throughput:  1255.7 MB/s  Total: 3056.07 GB
[ 2493.2s] IOs:    801229731  IOPS:   321369  Throughput:  1255.3 MB/s  Total: 3056.45 GB
[ 2494.1s] IOs:    801330684  IOPS:   321287  Throughput:  1255.0 MB/s  Total: 3056.83 GB
[ 2501.8s] IOs:    801430982  IOPS:   320348  Throughput:  1251.4 MB/s  Total: 3057.22 GB
[ 2502.0s] IOs:    801531388  IOPS:   320358  Throughput:  1251.4 MB/s  Total: 3057.60 GB
[ 2502.2s] IOs:    801631710  IOPS:   320365  Throughput:  1251.4 MB/s  Total: 3057.98 GB
[ 2502.5s] IOs:    801732186  IOPS:   320373  Throughput:  1251.5 MB/s  Total: 3058.37 GB
[ 2502.7s] IOs:    801832757  IOPS:   320381  Throughput:  1251.5 MB/s  Total: 3058.75 GB
[ 2503.0s] IOs:    801933345  IOPS:   320391  Throughput:  1251.5 MB/s  Total: 3059.13 GB
[ 2503.3s] IOs:    802033645  IOPS:   320396  Throughput:  1251.5 MB/s  Total: 3059.52 GB
[ 2503.5s] IOs:    802134117  IOPS:   320406  Throughput:  1251.6 MB/s  Total: 3059.90 GB
[ 2503.7s] IOs:    802234721  IOPS:   320416  Throughput:  1251.6 MB/s  Total: 3060.28 GB
[ 2504.0s] IOs:    802334990  IOPS:   320423  Throughput:  1251.7 MB/s  Total: 3060.67 GB
[ 2504.2s] IOs:    802435750  IOPS:   320436  Throughput:  1251.7 MB/s  Total: 3061.05 GB
[ 2504.5s] IOs:    802536143  IOPS:   320438  Throughput:  1251.7 MB/s  Total: 3061.43 GB
[ 2504.9s] IOs:    802637005  IOPS:   320424  Throughput:  1251.7 MB/s  Total: 3061.82 GB
[ 2505.2s] IOs:    802737178  IOPS:   320427  Throughput:  1251.7 MB/s  Total: 3062.20 GB
[ 2505.5s] IOs:    802838039  IOPS:   320436  Throughput:  1251.7 MB/s  Total: 3062.58 GB
[ 2505.7s] IOs:    802938712  IOPS:   320447  Throughput:  1251.7 MB/s  Total: 3062.97 GB
[ 2505.9s] IOs:    803039273  IOPS:   320457  Throughput:  1251.8 MB/s  Total: 3063.35 GB
[ 2506.2s] IOs:    803139545  IOPS:   320466  Throughput:  1251.8 MB/s  Total: 3063.73 GB
[ 2506.4s] IOs:    803239920  IOPS:   320477  Throughput:  1251.9 MB/s  Total: 3064.12 GB
[ 2506.6s] IOs:    803340253  IOPS:   320486  Throughput:  1251.9 MB/s  Total: 3064.50 GB
[ 2506.9s] IOs:    803440929  IOPS:   320495  Throughput:  1251.9 MB/s  Total: 3064.88 GB
[ 2507.1s] IOs:    803541267  IOPS:   320504  Throughput:  1252.0 MB/s  Total: 3065.27 GB
[ 2507.4s] IOs:    803641706  IOPS:   320514  Throughput:  1252.0 MB/s  Total: 3065.65 GB
[ 2507.6s] IOs:    803741812  IOPS:   320523  Throughput:  1252.0 MB/s  Total: 3066.03 GB
[ 2507.8s] IOs:    803842333  IOPS:   320532  Throughput:  1252.1 MB/s  Total: 3066.42 GB
[ 2508.1s] IOs:    803943206  IOPS:   320542  Throughput:  1252.1 MB/s  Total: 3066.80 GB
[ 2508.3s] IOs:    804043946  IOPS:   320554  Throughput:  1252.2 MB/s  Total: 3067.18 GB
[ 2508.7s] IOs:    804144750  IOPS:   320548  Throughput:  1252.1 MB/s  Total: 3067.57 GB
[ 2508.9s] IOs:    804245346  IOPS:   320559  Throughput:  1252.2 MB/s  Total: 3067.95 GB
[ 2509.1s] IOs:    804345961  IOPS:   320571  Throughput:  1252.2 MB/s  Total: 3068.34 GB
[ 2509.3s] IOs:    804446770  IOPS:   320584  Throughput:  1252.3 MB/s  Total: 3068.72 GB
[ 2509.6s] IOs:    804547345  IOPS:   320590  Throughput:  1252.3 MB/s  Total: 3069.10 GB
[ 2509.8s] IOs:    804647882  IOPS:   320605  Throughput:  1252.4 MB/s  Total: 3069.49 GB
[ 2510.0s] IOs:    804748528  IOPS:   320613  Throughput:  1252.4 MB/s  Total: 3069.87 GB
[ 2510.2s] IOs:    804849016  IOPS:   320629  Throughput:  1252.5 MB/s  Total: 3070.26 GB
[ 2510.5s] IOs:    804949740  IOPS:   320628  Throughput:  1252.5 MB/s  Total: 3070.64 GB
[ 2510.7s] IOs:    805050603  IOPS:   320645  Throughput:  1252.5 MB/s  Total: 3071.02 GB
[ 2510.9s] IOs:    805151087  IOPS:   320661  Throughput:  1252.6 MB/s  Total: 3071.41 GB
[ 2511.1s] IOs:    805251720  IOPS:   320677  Throughput:  1252.6 MB/s  Total: 3071.79 GB
[ 2511.3s] IOs:    805352538  IOPS:   320692  Throughput:  1252.7 MB/s  Total: 3072.18 GB
[ 2511.5s] IOs:    805453147  IOPS:   320706  Throughput:  1252.8 MB/s  Total: 3072.56 GB
[ 2511.7s] IOs:    805554168  IOPS:   320723  Throughput:  1252.8 MB/s  Total: 3072.95 GB
[ 2511.9s] IOs:    805654458  IOPS:   320741  Throughput:  1252.9 MB/s  Total: 3073.33 GB
[ 2512.1s] IOs:    805755023  IOPS:   320744  Throughput:  1252.9 MB/s  Total: 3073.71 GB
[ 2512.3s] IOs:    805855542  IOPS:   320762  Throughput:  1253.0 MB/s  Total: 3074.09 GB
[ 2512.5s] IOs:    805956400  IOPS:   320775  Throughput:  1253.0 MB/s  Total: 3074.48 GB
[ 2512.7s] IOs:    806057177  IOPS:   320793  Throughput:  1253.1 MB/s  Total: 3074.86 GB
[ 2512.9s] IOs:    806157918  IOPS:   320809  Throughput:  1253.2 MB/s  Total: 3075.25 GB
[ 2513.1s] IOs:    806258462  IOPS:   320820  Throughput:  1253.2 MB/s  Total: 3075.63 GB
[ 2513.3s] IOs:    806358955  IOPS:   320838  Throughput:  1253.3 MB/s  Total: 3076.02 GB
[ 2513.5s] IOs:    806459667  IOPS:   320853  Throughput:  1253.3 MB/s  Total: 3076.40 GB
[ 2513.7s] IOs:    806560463  IOPS:   320871  Throughput:  1253.4 MB/s  Total: 3076.78 GB
[ 2513.9s] IOs:    806661004  IOPS:   320874  Throughput:  1253.4 MB/s  Total: 3077.17 GB
[ 2514.1s] IOs:    806761470  IOPS:   320891  Throughput:  1253.5 MB/s  Total: 3077.55 GB
[ 2514.3s] IOs:    806861783  IOPS:   320906  Throughput:  1253.5 MB/s  Total: 3077.93 GB
[ 2514.6s] IOs:    806962653  IOPS:   320915  Throughput:  1253.6 MB/s  Total: 3078.32 GB
[Reader] Parsed 102000000 lines, distributed 807040311 writes, unique 720.00 GB, skipped 21370962
[ 2514.8s] IOs:    807063405  IOPS:   320931  Throughput:  1253.6 MB/s  Total: 3078.70 GB
[ 2515.0s] IOs:    807164348  IOPS:   320936  Throughput:  1253.7 MB/s  Total: 3079.09 GB
[ 2515.2s] IOs:    807264868  IOPS:   320954  Throughput:  1253.7 MB/s  Total: 3079.47 GB
[ 2515.5s] IOs:    807365366  IOPS:   320959  Throughput:  1253.7 MB/s  Total: 3079.85 GB
[ 2515.6s] IOs:    807465826  IOPS:   320978  Throughput:  1253.8 MB/s  Total: 3080.24 GB
[ 2515.8s] IOs:    807566825  IOPS:   320996  Throughput:  1253.9 MB/s  Total: 3080.62 GB
[ 2516.1s] IOs:    807667635  IOPS:   321003  Throughput:  1253.9 MB/s  Total: 3081.01 GB
[ 2516.3s] IOs:    807768108  IOPS:   321020  Throughput:  1254.0 MB/s  Total: 3081.39 GB
[ 2516.5s] IOs:    807868867  IOPS:   321031  Throughput:  1254.0 MB/s  Total: 3081.78 GB
[ 2516.7s] IOs:    807969685  IOPS:   321049  Throughput:  1254.1 MB/s  Total: 3082.16 GB
[ 2516.8s] IOs:    808070449  IOPS:   321068  Throughput:  1254.2 MB/s  Total: 3082.54 GB
[ 2517.0s] IOs:    808171455  IOPS:   321080  Throughput:  1254.2 MB/s  Total: 3082.93 GB
[ 2517.2s] IOs:    808272163  IOPS:   321097  Throughput:  1254.3 MB/s  Total: 3083.31 GB
[ 2517.4s] IOs:    808372777  IOPS:   321114  Throughput:  1254.4 MB/s  Total: 3083.70 GB
[ 2517.7s] IOs:    808473410  IOPS:   321113  Throughput:  1254.3 MB/s  Total: 3084.08 GB
[ 2517.9s] IOs:    808573952  IOPS:   321131  Throughput:  1254.4 MB/s  Total: 3084.46 GB
[ 2518.1s] IOs:    808674646  IOPS:   321143  Throughput:  1254.5 MB/s  Total: 3084.85 GB
[ 2518.3s] IOs:    808775313  IOPS:   321161  Throughput:  1254.5 MB/s  Total: 3085.23 GB
[ 2518.5s] IOs:    808875837  IOPS:   321169  Throughput:  1254.6 MB/s  Total: 3085.62 GB
[ 2518.7s] IOs:    808976259  IOPS:   321184  Throughput:  1254.6 MB/s  Total: 3086.00 GB
[ 2518.9s] IOs:    809077125  IOPS:   321200  Throughput:  1254.7 MB/s  Total: 3086.38 GB
[ 2519.1s] IOs:    809177800  IOPS:   321215  Throughput:  1254.7 MB/s  Total: 3086.77 GB
[ 2519.3s] IOs:    809278720  IOPS:   321233  Throughput:  1254.8 MB/s  Total: 3087.15 GB
[ 2519.5s] IOs:    809379059  IOPS:   321251  Throughput:  1254.9 MB/s  Total: 3087.54 GB
[ 2519.7s] IOs:    809479347  IOPS:   321262  Throughput:  1254.9 MB/s  Total: 3087.92 GB
[ 2519.9s] IOs:    809580087  IOPS:   321278  Throughput:  1255.0 MB/s  Total: 3088.30 GB
[ 2520.0s] IOs:    809680631  IOPS:   321296  Throughput:  1255.1 MB/s  Total: 3088.69 GB
[ 2520.2s] IOs:    809781462  IOPS:   321314  Throughput:  1255.1 MB/s  Total: 3089.07 GB
[ 2520.4s] IOs:    809882209  IOPS:   321330  Throughput:  1255.2 MB/s  Total: 3089.46 GB
[ 2520.6s] IOs:    809982704  IOPS:   321348  Throughput:  1255.3 MB/s  Total: 3089.84 GB
[ 2520.8s] IOs:    810083224  IOPS:   321365  Throughput:  1255.3 MB/s  Total: 3090.22 GB
[ 2520.9s] IOs:    810184160  IOPS:   321382  Throughput:  1255.4 MB/s  Total: 3090.61 GB
[ 2521.1s] IOs:    810284922  IOPS:   321401  Throughput:  1255.5 MB/s  Total: 3090.99 GB
[ 2521.3s] IOs:    810385589  IOPS:   321417  Throughput:  1255.5 MB/s  Total: 3091.38 GB
[ 2521.5s] IOs:    810486112  IOPS:   321431  Throughput:  1255.6 MB/s  Total: 3091.76 GB
[ 2521.7s] IOs:    810586521  IOPS:   321448  Throughput:  1255.7 MB/s  Total: 3092.14 GB
[ 2521.8s] IOs:    810687138  IOPS:   321466  Throughput:  1255.7 MB/s  Total: 3092.53 GB
[ 2522.0s] IOs:    810787878  IOPS:   321482  Throughput:  1255.8 MB/s  Total: 3092.91 GB
[ 2522.5s] IOs:    810888567  IOPS:   321463  Throughput:  1255.7 MB/s  Total: 3093.29 GB
[ 2522.7s] IOs:    810988985  IOPS:   321481  Throughput:  1255.8 MB/s  Total: 3093.68 GB
[ 2523.2s] IOs:    811089952  IOPS:   321456  Throughput:  1255.7 MB/s  Total: 3094.06 GB
[ 2523.6s] IOs:    811190576  IOPS:   321443  Throughput:  1255.6 MB/s  Total: 3094.45 GB
[ 2523.8s] IOs:    811290766  IOPS:   321457  Throughput:  1255.7 MB/s  Total: 3094.83 GB
[ 2524.2s] IOs:    811391354  IOPS:   321440  Throughput:  1255.6 MB/s  Total: 3095.21 GB
[ 2524.6s] IOs:    811491557  IOPS:   321436  Throughput:  1255.6 MB/s  Total: 3095.59 GB
[ 2524.8s] IOs:    811591726  IOPS:   321452  Throughput:  1255.7 MB/s  Total: 3095.98 GB
[ 2525.2s] IOs:    811692599  IOPS:   321432  Throughput:  1255.6 MB/s  Total: 3096.36 GB
[ 2525.6s] IOs:    811793015  IOPS:   321430  Throughput:  1255.6 MB/s  Total: 3096.74 GB
[ 2525.8s] IOs:    811893216  IOPS:   321446  Throughput:  1255.6 MB/s  Total: 3097.13 GB
[ 2526.2s] IOs:    811994016  IOPS:   321423  Throughput:  1255.6 MB/s  Total: 3097.51 GB
[ 2526.5s] IOs:    812094750  IOPS:   321426  Throughput:  1255.6 MB/s  Total: 3097.90 GB
[ 2526.7s] IOs:    812195676  IOPS:   321443  Throughput:  1255.6 MB/s  Total: 3098.28 GB
[ 2527.1s] IOs:    812295738  IOPS:   321430  Throughput:  1255.6 MB/s  Total: 3098.66 GB
[ 2527.3s] IOs:    812396075  IOPS:   321445  Throughput:  1255.6 MB/s  Total: 3099.05 GB
[ 2527.6s] IOs:    812496914  IOPS:   321448  Throughput:  1255.7 MB/s  Total: 3099.43 GB
[ 2528.0s] IOs:    812597798  IOPS:   321439  Throughput:  1255.6 MB/s  Total: 3099.81 GB
[ 2528.2s] IOs:    812698467  IOPS:   321453  Throughput:  1255.7 MB/s  Total: 3100.20 GB
[ 2528.6s] IOs:    812799189  IOPS:   321437  Throughput:  1255.6 MB/s  Total: 3100.58 GB
[ 2528.8s] IOs:    812899780  IOPS:   321453  Throughput:  1255.7 MB/s  Total: 3100.97 GB
[ 2529.1s] IOs:    813000223  IOPS:   321455  Throughput:  1255.7 MB/s  Total: 3101.35 GB
[ 2529.3s] IOs:    813101019  IOPS:   321472  Throughput:  1255.8 MB/s  Total: 3101.73 GB
[ 2529.6s] IOs:    813201685  IOPS:   321471  Throughput:  1255.7 MB/s  Total: 3102.12 GB
[ 2529.8s] IOs:    813302200  IOPS:   321487  Throughput:  1255.8 MB/s  Total: 3102.50 GB
[ 2530.1s] IOs:    813402798  IOPS:   321486  Throughput:  1255.8 MB/s  Total: 3102.89 GB
[ 2530.4s] IOs:    813503490  IOPS:   321498  Throughput:  1255.9 MB/s  Total: 3103.27 GB
[ 2530.7s] IOs:    813604353  IOPS:   321499  Throughput:  1255.9 MB/s  Total: 3103.65 GB
[ 2530.8s] IOs:    813705135  IOPS:   321516  Throughput:  1255.9 MB/s  Total: 3104.04 GB
[ 2531.2s] IOs:    813805553  IOPS:   321516  Throughput:  1255.9 MB/s  Total: 3104.42 GB
[ 2531.3s] IOs:    813905995  IOPS:   321533  Throughput:  1256.0 MB/s  Total: 3104.80 GB
[ 2531.7s] IOs:    814006277  IOPS:   321531  Throughput:  1256.0 MB/s  Total: 3105.19 GB
[ 2531.8s] IOs:    814106870  IOPS:   321548  Throughput:  1256.0 MB/s  Total: 3105.57 GB
[ 2532.1s] IOs:    814207678  IOPS:   321549  Throughput:  1256.1 MB/s  Total: 3105.96 GB
[ 2532.3s] IOs:    814308497  IOPS:   321567  Throughput:  1256.1 MB/s  Total: 3106.34 GB
[ 2532.6s] IOs:    814409107  IOPS:   321575  Throughput:  1256.2 MB/s  Total: 3106.72 GB
[ 2532.8s] IOs:    814509370  IOPS:   321587  Throughput:  1256.2 MB/s  Total: 3107.11 GB
[ 2533.0s] IOs:    814610364  IOPS:   321604  Throughput:  1256.3 MB/s  Total: 3107.49 GB
[ 2533.2s] IOs:    814711100  IOPS:   321616  Throughput:  1256.3 MB/s  Total: 3107.88 GB
[ 2533.4s] IOs:    814811812  IOPS:   321633  Throughput:  1256.4 MB/s  Total: 3108.26 GB
[ 2533.6s] IOs:    814912522  IOPS:   321644  Throughput:  1256.4 MB/s  Total: 3108.64 GB
[ 2533.8s] IOs:    815012764  IOPS:   321661  Throughput:  1256.5 MB/s  Total: 3109.03 GB
[ 2534.1s] IOs:    815113423  IOPS:   321660  Throughput:  1256.5 MB/s  Total: 3109.41 GB
[ 2534.3s] IOs:    815214069  IOPS:   321675  Throughput:  1256.5 MB/s  Total: 3109.79 GB
[ 2534.5s] IOs:    815314601  IOPS:   321681  Throughput:  1256.6 MB/s  Total: 3110.18 GB
[ 2534.7s] IOs:    815415482  IOPS:   321699  Throughput:  1256.6 MB/s  Total: 3110.56 GB
[ 2534.9s] IOs:    815516406  IOPS:   321715  Throughput:  1256.7 MB/s  Total: 3110.95 GB
[ 2535.2s] IOs:    815616729  IOPS:   321719  Throughput:  1256.7 MB/s  Total: 3111.33 GB
[ 2535.4s] IOs:    815717215  IOPS:   321736  Throughput:  1256.8 MB/s  Total: 3111.71 GB
[ 2535.6s] IOs:    815817707  IOPS:   321744  Throughput:  1256.8 MB/s  Total: 3112.10 GB
[ 2535.8s] IOs:    815918485  IOPS:   321759  Throughput:  1256.9 MB/s  Total: 3112.48 GB
[ 2536.0s] IOs:    816019492  IOPS:   321775  Throughput:  1256.9 MB/s  Total: 3112.87 GB
[ 2536.2s] IOs:    816119974  IOPS:   321788  Throughput:  1257.0 MB/s  Total: 3113.25 GB
[Reader] Parsed 103000000 lines, distributed 816156421 writes, unique 720.00 GB, skipped 26494305
[ 2536.4s] IOs:    816220567  IOPS:   321803  Throughput:  1257.0 MB/s  Total: 3113.63 GB
[ 2536.6s] IOs:    816321240  IOPS:   321818  Throughput:  1257.1 MB/s  Total: 3114.02 GB
[ 2536.8s] IOs:    816422083  IOPS:   321835  Throughput:  1257.2 MB/s  Total: 3114.40 GB
[ 2536.9s] IOs:    816522899  IOPS:   321854  Throughput:  1257.2 MB/s  Total: 3114.79 GB
[ 2537.1s] IOs:    816623645  IOPS:   321868  Throughput:  1257.3 MB/s  Total: 3115.17 GB
[ 2537.3s] IOs:    816724141  IOPS:   321885  Throughput:  1257.4 MB/s  Total: 3115.56 GB
[ 2537.5s] IOs:    816824591  IOPS:   321903  Throughput:  1257.4 MB/s  Total: 3115.94 GB
[ 2537.7s] IOs:    816925455  IOPS:   321914  Throughput:  1257.5 MB/s  Total: 3116.32 GB
[ 2537.9s] IOs:    817025544  IOPS:   321931  Throughput:  1257.5 MB/s  Total: 3116.71 GB
[ 2538.3s] IOs:    817126173  IOPS:   321917  Throughput:  1257.5 MB/s  Total: 3117.09 GB
[ 2538.5s] IOs:    817226417  IOPS:   321930  Throughput:  1257.5 MB/s  Total: 3117.47 GB
[ 2538.7s] IOs:    817327160  IOPS:   321947  Throughput:  1257.6 MB/s  Total: 3117.86 GB
[ 2539.3s] IOs:    817427680  IOPS:   321916  Throughput:  1257.5 MB/s  Total: 3118.24 GB
[ 2539.6s] IOs:    817527868  IOPS:   321916  Throughput:  1257.5 MB/s  Total: 3118.62 GB
[ 2539.7s] IOs:    817628513  IOPS:   321933  Throughput:  1257.6 MB/s  Total: 3119.01 GB
[ 2540.2s] IOs:    817729243  IOPS:   321913  Throughput:  1257.5 MB/s  Total: 3119.39 GB
[ 2540.6s] IOs:    817830072  IOPS:   321908  Throughput:  1257.5 MB/s  Total: 3119.77 GB
[ 2540.8s] IOs:    817930712  IOPS:   321923  Throughput:  1257.5 MB/s  Total: 3120.16 GB
[ 2541.2s] IOs:    818031269  IOPS:   321910  Throughput:  1257.5 MB/s  Total: 3120.54 GB
[ 2541.5s] IOs:    818132159  IOPS:   321905  Throughput:  1257.4 MB/s  Total: 3120.93 GB
[ 2541.8s] IOs:    818233124  IOPS:   321917  Throughput:  1257.5 MB/s  Total: 3121.31 GB
[ 2542.1s] IOs:    818333949  IOPS:   321912  Throughput:  1257.5 MB/s  Total: 3121.70 GB
[ 2542.3s] IOs:    818434667  IOPS:   321929  Throughput:  1257.5 MB/s  Total: 3122.08 GB
[ 2542.7s] IOs:    818535396  IOPS:   321915  Throughput:  1257.5 MB/s  Total: 3122.46 GB
[ 2542.9s] IOs:    818636215  IOPS:   321932  Throughput:  1257.5 MB/s  Total: 3122.85 GB
[ 2543.2s] IOs:    818737212  IOPS:   321931  Throughput:  1257.5 MB/s  Total: 3123.23 GB
[ 2543.7s] IOs:    818838068  IOPS:   321914  Throughput:  1257.5 MB/s  Total: 3123.62 GB
[ 2543.8s] IOs:    818938083  IOPS:   321929  Throughput:  1257.5 MB/s  Total: 3124.00 GB
[ 2544.2s] IOs:    819038425  IOPS:   321927  Throughput:  1257.5 MB/s  Total: 3124.38 GB
[ 2544.5s] IOs:    819139126  IOPS:   321921  Throughput:  1257.5 MB/s  Total: 3124.77 GB
[ 2544.8s] IOs:    819239142  IOPS:   321922  Throughput:  1257.5 MB/s  Total: 3125.15 GB
[ 2545.1s] IOs:    819339887  IOPS:   321932  Throughput:  1257.5 MB/s  Total: 3125.53 GB
[ 2545.3s] IOs:    819440880  IOPS:   321947  Throughput:  1257.6 MB/s  Total: 3125.92 GB
[ 2545.6s] IOs:    819541275  IOPS:   321941  Throughput:  1257.6 MB/s  Total: 3126.30 GB
[ 2545.8s] IOs:    819641508  IOPS:   321958  Throughput:  1257.6 MB/s  Total: 3126.68 GB
[ 2546.1s] IOs:    819742459  IOPS:   321956  Throughput:  1257.6 MB/s  Total: 3127.07 GB
[ 2546.3s] IOs:    819843283  IOPS:   321972  Throughput:  1257.7 MB/s  Total: 3127.45 GB
[ 2546.6s] IOs:    819944030  IOPS:   321970  Throughput:  1257.7 MB/s  Total: 3127.84 GB
[ 2546.8s] IOs:    820044714  IOPS:   321985  Throughput:  1257.8 MB/s  Total: 3128.22 GB
[ 2547.2s] IOs:    820145048  IOPS:   321985  Throughput:  1257.8 MB/s  Total: 3128.61 GB
[ 2547.4s] IOs:    820245518  IOPS:   321999  Throughput:  1257.8 MB/s  Total: 3128.99 GB
[ 2547.6s] IOs:    820346088  IOPS:   322003  Throughput:  1257.8 MB/s  Total: 3129.37 GB
[ 2547.8s] IOs:    820446837  IOPS:   322019  Throughput:  1257.9 MB/s  Total: 3129.76 GB
[ 2548.1s] IOs:    820547323  IOPS:   322023  Throughput:  1257.9 MB/s  Total: 3130.14 GB
[ 2548.3s] IOs:    820647575  IOPS:   322040  Throughput:  1258.0 MB/s  Total: 3130.52 GB
[ 2548.6s] IOs:    820747932  IOPS:   322045  Throughput:  1258.0 MB/s  Total: 3130.90 GB
[ 2548.7s] IOs:    820847992  IOPS:   322060  Throughput:  1258.0 MB/s  Total: 3131.29 GB
[ 2548.9s] IOs:    820948858  IOPS:   322078  Throughput:  1258.1 MB/s  Total: 3131.67 GB
[ 2549.2s] IOs:    821049243  IOPS:   322086  Throughput:  1258.1 MB/s  Total: 3132.05 GB
[ 2549.5s] IOs:    821149698  IOPS:   322080  Throughput:  1258.1 MB/s  Total: 3132.44 GB
[ 2549.7s] IOs:    821249828  IOPS:   322092  Throughput:  1258.2 MB/s  Total: 3132.82 GB
[ 2550.1s] IOs:    821350804  IOPS:   322081  Throughput:  1258.1 MB/s  Total: 3133.20 GB
[ 2550.3s] IOs:    821451598  IOPS:   322098  Throughput:  1258.2 MB/s  Total: 3133.59 GB
[ 2550.6s] IOs:    821552124  IOPS:   322096  Throughput:  1258.2 MB/s  Total: 3133.97 GB
[ 2550.8s] IOs:    821652469  IOPS:   322113  Throughput:  1258.3 MB/s  Total: 3134.36 GB
[ 2551.3s] IOs:    821753213  IOPS:   322094  Throughput:  1258.2 MB/s  Total: 3134.74 GB
[ 2551.5s] IOs:    821853605  IOPS:   322110  Throughput:  1258.2 MB/s  Total: 3135.12 GB
[ 2551.7s] IOs:    821954115  IOPS:   322118  Throughput:  1258.3 MB/s  Total: 3135.51 GB
[ 2552.0s] IOs:    822054751  IOPS:   322117  Throughput:  1258.3 MB/s  Total: 3135.89 GB
[ 2552.2s] IOs:    822155581  IOPS:   322135  Throughput:  1258.3 MB/s  Total: 3136.27 GB
[ 2552.4s] IOs:    822256004  IOPS:   322152  Throughput:  1258.4 MB/s  Total: 3136.66 GB
[ 2552.8s] IOs:    822356160  IOPS:   322143  Throughput:  1258.4 MB/s  Total: 3137.04 GB
[ 2552.9s] IOs:    822457009  IOPS:   322160  Throughput:  1258.4 MB/s  Total: 3137.42 GB
[ 2553.2s] IOs:    822557766  IOPS:   322171  Throughput:  1258.5 MB/s  Total: 3137.81 GB
[ 2557.3s] IOs:    822658741  IOPS:   321696  Throughput:  1256.6 MB/s  Total: 3138.19 GB
[ 2557.6s] IOs:    822759334  IOPS:   321692  Throughput:  1256.6 MB/s  Total: 3138.58 GB
[ 2557.8s] IOs:    822859927  IOPS:   321705  Throughput:  1256.7 MB/s  Total: 3138.96 GB
[ 2558.3s] IOs:    822960403  IOPS:   321678  Throughput:  1256.6 MB/s  Total: 3139.34 GB
[ 2558.7s] IOs:    823061059  IOPS:   321678  Throughput:  1256.6 MB/s  Total: 3139.73 GB
[ 2558.9s] IOs:    823161714  IOPS:   321685  Throughput:  1256.6 MB/s  Total: 3140.11 GB
[ 2559.3s] IOs:    823262521  IOPS:   321679  Throughput:  1256.6 MB/s  Total: 3140.50 GB
[ 2560.0s] IOs:    823363177  IOPS:   321631  Throughput:  1256.4 MB/s  Total: 3140.88 GB
[ 2560.2s] IOs:    823463961  IOPS:   321644  Throughput:  1256.4 MB/s  Total: 3141.27 GB
[ 2560.8s] IOs:    823564507  IOPS:   321610  Throughput:  1256.3 MB/s  Total: 3141.65 GB
[ 2561.3s] IOs:    823664529  IOPS:   321581  Throughput:  1256.2 MB/s  Total: 3142.03 GB
[Reader] Parsed 104000000 lines, distributed 823680230 writes, unique 720.00 GB, skipped 30461763
[ 2561.8s] IOs:    823765297  IOPS:   321556  Throughput:  1256.1 MB/s  Total: 3142.42 GB
[ 2562.4s] IOs:    823865819  IOPS:   321526  Throughput:  1256.0 MB/s  Total: 3142.80 GB
[ 2562.8s] IOs:    823966794  IOPS:   321504  Throughput:  1255.9 MB/s  Total: 3143.18 GB
[ 2563.2s] IOs:    824067124  IOPS:   321503  Throughput:  1255.9 MB/s  Total: 3143.57 GB
[ 2563.7s] IOs:    824167851  IOPS:   321475  Throughput:  1255.8 MB/s  Total: 3143.95 GB
[ 2564.1s] IOs:    824268508  IOPS:   321469  Throughput:  1255.7 MB/s  Total: 3144.33 GB
[ 2564.3s] IOs:    824369093  IOPS:   321480  Throughput:  1255.8 MB/s  Total: 3144.72 GB
[ 2564.8s] IOs:    824469860  IOPS:   321453  Throughput:  1255.7 MB/s  Total: 3145.10 GB
[ 2565.2s] IOs:    824570644  IOPS:   321440  Throughput:  1255.6 MB/s  Total: 3145.49 GB
[ 2565.7s] IOs:    824671168  IOPS:   321427  Throughput:  1255.6 MB/s  Total: 3145.87 GB
[ 2565.9s] IOs:    824771931  IOPS:   321437  Throughput:  1255.6 MB/s  Total: 3146.26 GB
[ 2566.3s] IOs:    824872650  IOPS:   321426  Throughput:  1255.6 MB/s  Total: 3146.64 GB
[ 2566.8s] IOs:    824973587  IOPS:   321397  Throughput:  1255.5 MB/s  Total: 3147.02 GB
[ 2567.1s] IOs:    825074172  IOPS:   321399  Throughput:  1255.5 MB/s  Total: 3147.41 GB
[ 2567.7s] IOs:    825174653  IOPS:   321372  Throughput:  1255.4 MB/s  Total: 3147.79 GB
[ 2567.9s] IOs:    825275297  IOPS:   321378  Throughput:  1255.4 MB/s  Total: 3148.18 GB
[ 2568.3s] IOs:    825376052  IOPS:   321372  Throughput:  1255.4 MB/s  Total: 3148.56 GB
[ 2568.8s] IOs:    825477023  IOPS:   321352  Throughput:  1255.3 MB/s  Total: 3148.94 GB
[ 2569.2s] IOs:    825577432  IOPS:   321341  Throughput:  1255.2 MB/s  Total: 3149.33 GB
[ 2569.4s] IOs:    825678435  IOPS:   321348  Throughput:  1255.3 MB/s  Total: 3149.71 GB
[ 2569.8s] IOs:    825778786  IOPS:   321344  Throughput:  1255.3 MB/s  Total: 3150.10 GB
[ 2570.2s] IOs:    825879441  IOPS:   321332  Throughput:  1255.2 MB/s  Total: 3150.48 GB
[ 2570.4s] IOs:    825980335  IOPS:   321343  Throughput:  1255.2 MB/s  Total: 3150.86 GB
[ 2570.8s] IOs:    826080859  IOPS:   321332  Throughput:  1255.2 MB/s  Total: 3151.25 GB
[ 2571.2s] IOs:    826181296  IOPS:   321320  Throughput:  1255.2 MB/s  Total: 3151.63 GB
[ 2571.6s] IOs:    826281351  IOPS:   321310  Throughput:  1255.1 MB/s  Total: 3152.01 GB
[ 2571.9s] IOs:    826382110  IOPS:   321316  Throughput:  1255.1 MB/s  Total: 3152.40 GB
[ 2572.3s] IOs:    826483114  IOPS:   321298  Throughput:  1255.1 MB/s  Total: 3152.78 GB
[ 2572.6s] IOs:    826583715  IOPS:   321303  Throughput:  1255.1 MB/s  Total: 3153.17 GB
[ 2572.8s] IOs:    826683966  IOPS:   321313  Throughput:  1255.1 MB/s  Total: 3153.55 GB
[ 2573.2s] IOs:    826784365  IOPS:   321309  Throughput:  1255.1 MB/s  Total: 3153.93 GB
[ 2573.4s] IOs:    826885046  IOPS:   321315  Throughput:  1255.1 MB/s  Total: 3154.32 GB
[ 2573.8s] IOs:    826985888  IOPS:   321312  Throughput:  1255.1 MB/s  Total: 3154.70 GB
[ 2574.1s] IOs:    827086535  IOPS:   321316  Throughput:  1255.1 MB/s  Total: 3155.08 GB
[ 2574.3s] IOs:    827186890  IOPS:   321321  Throughput:  1255.2 MB/s  Total: 3155.47 GB
[ 2574.6s] IOs:    827287505  IOPS:   321328  Throughput:  1255.2 MB/s  Total: 3155.85 GB
[ 2579.3s] IOs:    827388464  IOPS:   320776  Throughput:  1253.0 MB/s  Total: 3156.24 GB
[ 2580.0s] IOs:    827489474  IOPS:   320729  Throughput:  1252.8 MB/s  Total: 3156.62 GB
[ 2580.9s] IOs:    827589622  IOPS:   320654  Throughput:  1252.6 MB/s  Total: 3157.00 GB
[ 2581.8s] IOs:    827690447  IOPS:   320583  Throughput:  1252.3 MB/s  Total: 3157.39 GB
[ 2582.4s] IOs:    827791222  IOPS:   320550  Throughput:  1252.1 MB/s  Total: 3157.77 GB
[ 2583.1s] IOs:    827891916  IOPS:   320506  Throughput:  1252.0 MB/s  Total: 3158.16 GB
[ 2583.8s] IOs:    827992781  IOPS:   320451  Throughput:  1251.8 MB/s  Total: 3158.54 GB
[ 2584.4s] IOs:    828093505  IOPS:   320419  Throughput:  1251.6 MB/s  Total: 3158.93 GB
[ 2585.0s] IOs:    828194114  IOPS:   320389  Throughput:  1251.5 MB/s  Total: 3159.31 GB
[ 2585.4s] IOs:    828295003  IOPS:   320372  Throughput:  1251.5 MB/s  Total: 3159.69 GB
[ 2586.0s] IOs:    828395628  IOPS:   320340  Throughput:  1251.3 MB/s  Total: 3160.08 GB
[ 2586.4s] IOs:    828496262  IOPS:   320326  Throughput:  1251.3 MB/s  Total: 3160.46 GB
[ 2587.0s] IOs:    828597068  IOPS:   320298  Throughput:  1251.2 MB/s  Total: 3160.85 GB
[ 2587.3s] IOs:    828697646  IOPS:   320289  Throughput:  1251.1 MB/s  Total: 3161.23 GB
[ 2587.8s] IOs:    828798004  IOPS:   320273  Throughput:  1251.1 MB/s  Total: 3161.61 GB
[ 2588.1s] IOs:    828898544  IOPS:   320276  Throughput:  1251.1 MB/s  Total: 3162.00 GB
[ 2588.5s] IOs:    828999465  IOPS:   320268  Throughput:  1251.0 MB/s  Total: 3162.38 GB
[ 2589.0s] IOs:    829100385  IOPS:   320242  Throughput:  1250.9 MB/s  Total: 3162.77 GB
[ 2589.4s] IOs:    829200924  IOPS:   320234  Throughput:  1250.9 MB/s  Total: 3163.15 GB
[ 2589.8s] IOs:    829301158  IOPS:   320215  Throughput:  1250.8 MB/s  Total: 3163.53 GB
[ 2590.1s] IOs:    829401869  IOPS:   320221  Throughput:  1250.9 MB/s  Total: 3163.92 GB
[ 2590.4s] IOs:    829502452  IOPS:   320219  Throughput:  1250.9 MB/s  Total: 3164.30 GB
[ 2590.9s] IOs:    829602755  IOPS:   320198  Throughput:  1250.8 MB/s  Total: 3164.68 GB
[ 2591.2s] IOs:    829703754  IOPS:   320200  Throughput:  1250.8 MB/s  Total: 3165.07 GB
[ 2591.4s] IOs:    829804544  IOPS:   320211  Throughput:  1250.8 MB/s  Total: 3165.45 GB
[ 2591.8s] IOs:    829905464  IOPS:   320201  Throughput:  1250.8 MB/s  Total: 3165.84 GB
[ 2592.1s] IOs:    830006014  IOPS:   320208  Throughput:  1250.8 MB/s  Total: 3166.22 GB
[ 2592.4s] IOs:    830106541  IOPS:   320210  Throughput:  1250.8 MB/s  Total: 3166.61 GB
[ 2592.6s] IOs:    830207406  IOPS:   320222  Throughput:  1250.9 MB/s  Total: 3166.99 GB
[ 2593.1s] IOs:    830308234  IOPS:   320193  Throughput:  1250.8 MB/s  Total: 3167.37 GB
[ 2593.4s] IOs:    830408439  IOPS:   320204  Throughput:  1250.8 MB/s  Total: 3167.76 GB
[ 2596.8s] IOs:    830509057  IOPS:   319820  Throughput:  1249.3 MB/s  Total: 3168.14 GB
[ 2597.2s] IOs:    830609864  IOPS:   319812  Throughput:  1249.3 MB/s  Total: 3168.53 GB
[ 2597.7s] IOs:    830710641  IOPS:   319788  Throughput:  1249.2 MB/s  Total: 3168.91 GB
[ 2598.0s] IOs:    830811080  IOPS:   319788  Throughput:  1249.2 MB/s  Total: 3169.29 GB
[ 2598.4s] IOs:    830911777  IOPS:   319781  Throughput:  1249.1 MB/s  Total: 3169.68 GB
[ 2598.8s] IOs:    831012578  IOPS:   319765  Throughput:  1249.1 MB/s  Total: 3170.06 GB
[ 2599.3s] IOs:    831113479  IOPS:   319741  Throughput:  1249.0 MB/s  Total: 3170.45 GB
[ 2599.6s] IOs:    831213538  IOPS:   319744  Throughput:  1249.0 MB/s  Total: 3170.83 GB
[ 2599.9s] IOs:    831314047  IOPS:   319755  Throughput:  1249.0 MB/s  Total: 3171.21 GB
[ 2600.3s] IOs:    831414583  IOPS:   319734  Throughput:  1249.0 MB/s  Total: 3171.59 GB
[ 2600.6s] IOs:    831514769  IOPS:   319736  Throughput:  1249.0 MB/s  Total: 3171.98 GB
[ 2600.9s] IOs:    831615454  IOPS:   319746  Throughput:  1249.0 MB/s  Total: 3172.36 GB
[ 2601.2s] IOs:    831715645  IOPS:   319738  Throughput:  1249.0 MB/s  Total: 3172.74 GB
[ 2601.6s] IOs:    831816576  IOPS:   319732  Throughput:  1249.0 MB/s  Total: 3173.13 GB
[ 2601.8s] IOs:    831917090  IOPS:   319744  Throughput:  1249.0 MB/s  Total: 3173.51 GB
[ 2602.3s] IOs:    832017522  IOPS:   319726  Throughput:  1248.9 MB/s  Total: 3173.89 GB
[ 2604.4s] IOs:    832117717  IOPS:   319500  Throughput:  1248.0 MB/s  Total: 3174.28 GB
[ 2605.0s] IOs:    832218148  IOPS:   319467  Throughput:  1247.9 MB/s  Total: 3174.66 GB
[ 2605.6s] IOs:    832318783  IOPS:   319434  Throughput:  1247.8 MB/s  Total: 3175.04 GB
[ 2606.5s] IOs:    832419325  IOPS:   319363  Throughput:  1247.5 MB/s  Total: 3175.43 GB
[Reader] Parsed 105000000 lines, distributed 832457648 writes, unique 720.00 GB, skipped 34525990
[ 2607.0s] IOs:    832519912  IOPS:   319337  Throughput:  1247.4 MB/s  Total: 3175.81 GB
[ 2607.5s] IOs:    832620585  IOPS:   319312  Throughput:  1247.3 MB/s  Total: 3176.20 GB
[ 2608.1s] IOs:    832721471  IOPS:   319286  Throughput:  1247.2 MB/s  Total: 3176.58 GB
[ 2608.6s] IOs:    832822429  IOPS:   319261  Throughput:  1247.1 MB/s  Total: 3176.97 GB
[ 2609.2s] IOs:    832923268  IOPS:   319229  Throughput:  1247.0 MB/s  Total: 3177.35 GB
[ 2609.6s] IOs:    833023883  IOPS:   319219  Throughput:  1246.9 MB/s  Total: 3177.73 GB
[ 2610.1s] IOs:    833124571  IOPS:   319193  Throughput:  1246.8 MB/s  Total: 3178.12 GB
[ 2610.5s] IOs:    833225543  IOPS:   319180  Throughput:  1246.8 MB/s  Total: 3178.50 GB
[ 2611.0s] IOs:    833326468  IOPS:   319158  Throughput:  1246.7 MB/s  Total: 3178.89 GB
[ 2611.2s] IOs:    833427129  IOPS:   319168  Throughput:  1246.7 MB/s  Total: 3179.27 GB
[ 2611.8s] IOs:    833527618  IOPS:   319143  Throughput:  1246.7 MB/s  Total: 3179.66 GB
[ 2612.1s] IOs:    833628571  IOPS:   319147  Throughput:  1246.7 MB/s  Total: 3180.04 GB
[ 2612.5s] IOs:    833729487  IOPS:   319130  Throughput:  1246.6 MB/s  Total: 3180.43 GB
[ 2612.7s] IOs:    833829720  IOPS:   319142  Throughput:  1246.7 MB/s  Total: 3180.81 GB
[ 2613.2s] IOs:    833930398  IOPS:   319117  Throughput:  1246.6 MB/s  Total: 3181.19 GB
[ 2613.5s] IOs:    834030820  IOPS:   319119  Throughput:  1246.6 MB/s  Total: 3181.58 GB
[ 2614.0s] IOs:    834131403  IOPS:   319107  Throughput:  1246.5 MB/s  Total: 3181.96 GB
[ 2614.3s] IOs:    834232055  IOPS:   319101  Throughput:  1246.5 MB/s  Total: 3182.34 GB
[ 2614.5s] IOs:    834332874  IOPS:   319114  Throughput:  1246.5 MB/s  Total: 3182.73 GB
[ 2614.7s] IOs:    834433357  IOPS:   319126  Throughput:  1246.6 MB/s  Total: 3183.11 GB
[ 2615.2s] IOs:    834534054  IOPS:   319106  Throughput:  1246.5 MB/s  Total: 3183.49 GB
[ 2615.5s] IOs:    834634828  IOPS:   319114  Throughput:  1246.5 MB/s  Total: 3183.88 GB
[ 2615.8s] IOs:    834735360  IOPS:   319113  Throughput:  1246.5 MB/s  Total: 3184.26 GB
[ 2616.0s] IOs:    834836093  IOPS:   319125  Throughput:  1246.6 MB/s  Total: 3184.65 GB
[ 2616.3s] IOs:    834936783  IOPS:   319132  Throughput:  1246.6 MB/s  Total: 3185.03 GB
[ 2616.6s] IOs:    835037182  IOPS:   319137  Throughput:  1246.6 MB/s  Total: 3185.41 GB
[ 2616.8s] IOs:    835137634  IOPS:   319145  Throughput:  1246.7 MB/s  Total: 3185.80 GB
[ 2617.1s] IOs:    835238289  IOPS:   319148  Throughput:  1246.7 MB/s  Total: 3186.18 GB
[ 2617.3s] IOs:    835339212  IOPS:   319160  Throughput:  1246.7 MB/s  Total: 3186.57 GB
[ 2617.5s] IOs:    835440044  IOPS:   319169  Throughput:  1246.8 MB/s  Total: 3186.95 GB
[ 2617.8s] IOs:    835540683  IOPS:   319180  Throughput:  1246.8 MB/s  Total: 3187.33 GB
[ 2618.1s] IOs:    835641501  IOPS:   319183  Throughput:  1246.8 MB/s  Total: 3187.72 GB
[ 2618.3s] IOs:    835742041  IOPS:   319192  Throughput:  1246.8 MB/s  Total: 3188.10 GB
[ 2618.6s] IOs:    835842464  IOPS:   319190  Throughput:  1246.8 MB/s  Total: 3188.49 GB
[ 2618.8s] IOs:    835943201  IOPS:   319203  Throughput:  1246.9 MB/s  Total: 3188.87 GB
[ 2619.2s] IOs:    836043958  IOPS:   319198  Throughput:  1246.9 MB/s  Total: 3189.25 GB
[ 2619.4s] IOs:    836144442  IOPS:   319211  Throughput:  1246.9 MB/s  Total: 3189.64 GB
[ 2619.7s] IOs:    836244899  IOPS:   319218  Throughput:  1246.9 MB/s  Total: 3190.02 GB
[ 2619.9s] IOs:    836345345  IOPS:   319230  Throughput:  1247.0 MB/s  Total: 3190.40 GB
[ 2620.1s] IOs:    836446245  IOPS:   319240  Throughput:  1247.0 MB/s  Total: 3190.79 GB
[ 2620.4s] IOs:    836546978  IOPS:   319248  Throughput:  1247.1 MB/s  Total: 3191.17 GB
[ 2620.6s] IOs:    836647750  IOPS:   319261  Throughput:  1247.1 MB/s  Total: 3191.56 GB
[ 2620.9s] IOs:    836748273  IOPS:   319255  Throughput:  1247.1 MB/s  Total: 3191.94 GB
[ 2621.2s] IOs:    836849026  IOPS:   319260  Throughput:  1247.1 MB/s  Total: 3192.33 GB
[ 2621.5s] IOs:    836949601  IOPS:   319265  Throughput:  1247.1 MB/s  Total: 3192.71 GB
[ 2621.8s] IOs:    837050181  IOPS:   319266  Throughput:  1247.1 MB/s  Total: 3193.09 GB
[ 2622.1s] IOs:    837150290  IOPS:   319271  Throughput:  1247.2 MB/s  Total: 3193.47 GB
[ 2622.3s] IOs:    837250556  IOPS:   319280  Throughput:  1247.2 MB/s  Total: 3193.86 GB
[ 2622.6s] IOs:    837350935  IOPS:   319279  Throughput:  1247.2 MB/s  Total: 3194.24 GB
[ 2622.8s] IOs:    837451518  IOPS:   319291  Throughput:  1247.2 MB/s  Total: 3194.62 GB
[ 2623.2s] IOs:    837552021  IOPS:   319291  Throughput:  1247.2 MB/s  Total: 3195.01 GB
[ 2623.4s] IOs:    837652583  IOPS:   319303  Throughput:  1247.3 MB/s  Total: 3195.39 GB
[ 2623.7s] IOs:    837752800  IOPS:   319306  Throughput:  1247.3 MB/s  Total: 3195.77 GB
[ 2623.9s] IOs:    837853457  IOPS:   319318  Throughput:  1247.3 MB/s  Total: 3196.16 GB
[ 2624.2s] IOs:    837954102  IOPS:   319321  Throughput:  1247.3 MB/s  Total: 3196.54 GB
[ 2624.5s] IOs:    838054905  IOPS:   319323  Throughput:  1247.4 MB/s  Total: 3196.93 GB
[ 2624.7s] IOs:    838155416  IOPS:   319334  Throughput:  1247.4 MB/s  Total: 3197.31 GB
[ 2625.0s] IOs:    838255903  IOPS:   319339  Throughput:  1247.4 MB/s  Total: 3197.69 GB
[ 2625.2s] IOs:    838356516  IOPS:   319352  Throughput:  1247.5 MB/s  Total: 3198.08 GB
[ 2625.4s] IOs:    838456938  IOPS:   319363  Throughput:  1247.5 MB/s  Total: 3198.46 GB
[ 2625.9s] IOs:    838557477  IOPS:   319346  Throughput:  1247.4 MB/s  Total: 3198.84 GB
[ 2626.2s] IOs:    838658378  IOPS:   319348  Throughput:  1247.5 MB/s  Total: 3199.23 GB
[ 2626.6s] IOs:    838759117  IOPS:   319336  Throughput:  1247.4 MB/s  Total: 3199.61 GB
[ 2626.8s] IOs:    838859864  IOPS:   319347  Throughput:  1247.4 MB/s  Total: 3200.00 GB
[ 2627.2s] IOs:    838960371  IOPS:   319337  Throughput:  1247.4 MB/s  Total: 3200.38 GB
[ 2627.7s] IOs:    839060884  IOPS:   319318  Throughput:  1247.3 MB/s  Total: 3200.76 GB
[ 2628.0s] IOs:    839161564  IOPS:   319319  Throughput:  1247.3 MB/s  Total: 3201.15 GB
[ 2628.2s] IOs:    839262275  IOPS:   319332  Throughput:  1247.4 MB/s  Total: 3201.53 GB
[ 2628.6s] IOs:    839363008  IOPS:   319323  Throughput:  1247.4 MB/s  Total: 3201.92 GB
[ 2628.8s] IOs:    839463675  IOPS:   319337  Throughput:  1247.4 MB/s  Total: 3202.30 GB
[ 2629.1s] IOs:    839564172  IOPS:   319330  Throughput:  1247.4 MB/s  Total: 3202.68 GB
[ 2629.5s] IOs:    839664814  IOPS:   319328  Throughput:  1247.4 MB/s  Total: 3203.07 GB
[ 2629.7s] IOs:    839765652  IOPS:   319339  Throughput:  1247.4 MB/s  Total: 3203.45 GB
[ 2630.0s] IOs:    839866622  IOPS:   319339  Throughput:  1247.4 MB/s  Total: 3203.84 GB
[ 2630.2s] IOs:    839967399  IOPS:   319350  Throughput:  1247.5 MB/s  Total: 3204.22 GB
[ 2630.5s] IOs:    840067788  IOPS:   319351  Throughput:  1247.5 MB/s  Total: 3204.60 GB
[ 2630.7s] IOs:    840168355  IOPS:   319365  Throughput:  1247.5 MB/s  Total: 3204.99 GB
[ 2631.1s] IOs:    840269048  IOPS:   319361  Throughput:  1247.5 MB/s  Total: 3205.37 GB
[ 2631.3s] IOs:    840369854  IOPS:   319373  Throughput:  1247.5 MB/s  Total: 3205.76 GB
[ 2631.8s] IOs:    840470604  IOPS:   319352  Throughput:  1247.5 MB/s  Total: 3206.14 GB
[ 2632.1s] IOs:    840571022  IOPS:   319354  Throughput:  1247.5 MB/s  Total: 3206.52 GB
[ 2632.3s] IOs:    840671403  IOPS:   319366  Throughput:  1247.5 MB/s  Total: 3206.91 GB
[ 2632.7s] IOs:    840772183  IOPS:   319359  Throughput:  1247.5 MB/s  Total: 3207.29 GB
[ 2632.9s] IOs:    840872850  IOPS:   319371  Throughput:  1247.5 MB/s  Total: 3207.68 GB
[ 2633.3s] IOs:    840973638  IOPS:   319366  Throughput:  1247.5 MB/s  Total: 3208.06 GB
[ 2633.6s] IOs:    841073980  IOPS:   319368  Throughput:  1247.5 MB/s  Total: 3208.44 GB
[ 2633.8s] IOs:    841174758  IOPS:   319379  Throughput:  1247.6 MB/s  Total: 3208.83 GB
[ 2634.1s] IOs:    841275598  IOPS:   319378  Throughput:  1247.6 MB/s  Total: 3209.21 GB
[ 2634.3s] IOs:    841376491  IOPS:   319390  Throughput:  1247.6 MB/s  Total: 3209.60 GB
[Reader] Parsed 106000000 lines, distributed 841444491 writes, unique 720.00 GB, skipped 36922464
[ 2634.6s] IOs:    841476693  IOPS:   319397  Throughput:  1247.6 MB/s  Total: 3209.98 GB
[ 2634.8s] IOs:    841577427  IOPS:   319410  Throughput:  1247.7 MB/s  Total: 3210.36 GB
[ 2635.0s] IOs:    841677789  IOPS:   319416  Throughput:  1247.7 MB/s  Total: 3210.75 GB
[ 2635.2s] IOs:    841778184  IOPS:   319433  Throughput:  1247.8 MB/s  Total: 3211.13 GB
[ 2635.5s] IOs:    841878791  IOPS:   319433  Throughput:  1247.8 MB/s  Total: 3211.51 GB
[ 2635.7s] IOs:    841979226  IOPS:   319449  Throughput:  1247.8 MB/s  Total: 3211.90 GB
[ 2635.9s] IOs:    842079762  IOPS:   319460  Throughput:  1247.9 MB/s  Total: 3212.28 GB
[ 2636.2s] IOs:    842180425  IOPS:   319465  Throughput:  1247.9 MB/s  Total: 3212.66 GB
[ 2636.4s] IOs:    842281401  IOPS:   319481  Throughput:  1248.0 MB/s  Total: 3213.05 GB
[ 2636.7s] IOs:    842382406  IOPS:   319487  Throughput:  1248.0 MB/s  Total: 3213.43 GB
[ 2636.9s] IOs:    842482990  IOPS:   319503  Throughput:  1248.1 MB/s  Total: 3213.82 GB
[ 2637.1s] IOs:    842583565  IOPS:   319510  Throughput:  1248.1 MB/s  Total: 3214.20 GB
[ 2637.3s] IOs:    842684219  IOPS:   319526  Throughput:  1248.1 MB/s  Total: 3214.59 GB
[ 2637.6s] IOs:    842785012  IOPS:   319525  Throughput:  1248.1 MB/s  Total: 3214.97 GB
[ 2637.8s] IOs:    842885069  IOPS:   319540  Throughput:  1248.2 MB/s  Total: 3215.35 GB
[ 2638.1s] IOs:    842985803  IOPS:   319542  Throughput:  1248.2 MB/s  Total: 3215.74 GB
[ 2640.2s] IOs:    843086091  IOPS:   319324  Throughput:  1247.4 MB/s  Total: 3216.12 GB
[ 2640.7s] IOs:    843186434  IOPS:   319304  Throughput:  1247.3 MB/s  Total: 3216.50 GB
[ 2640.9s] IOs:    843287263  IOPS:   319319  Throughput:  1247.3 MB/s  Total: 3216.89 GB
[ 2641.4s] IOs:    843387735  IOPS:   319296  Throughput:  1247.2 MB/s  Total: 3217.27 GB
[ 2641.8s] IOs:    843488124  IOPS:   319283  Throughput:  1247.2 MB/s  Total: 3217.65 GB
[ 2642.3s] IOs:    843588664  IOPS:   319259  Throughput:  1247.1 MB/s  Total: 3218.04 GB
[ 2642.6s] IOs:    843689238  IOPS:   319261  Throughput:  1247.1 MB/s  Total: 3218.42 GB
[ 2642.8s] IOs:    843789894  IOPS:   319274  Throughput:  1247.2 MB/s  Total: 3218.80 GB
[ 2643.4s] IOs:    843890711  IOPS:   319243  Throughput:  1247.0 MB/s  Total: 3219.19 GB
[ 2643.6s] IOs:    843991492  IOPS:   319254  Throughput:  1247.1 MB/s  Total: 3219.57 GB
[ 2643.9s] IOs:    844091588  IOPS:   319265  Throughput:  1247.1 MB/s  Total: 3219.95 GB
[ 2644.2s] IOs:    844192324  IOPS:   319259  Throughput:  1247.1 MB/s  Total: 3220.34 GB
[ 2644.5s] IOs:    844293056  IOPS:   319269  Throughput:  1247.1 MB/s  Total: 3220.72 GB
[ 2644.8s] IOs:    844393939  IOPS:   319266  Throughput:  1247.1 MB/s  Total: 3221.11 GB
[ 2645.1s] IOs:    844494328  IOPS:   319263  Throughput:  1247.1 MB/s  Total: 3221.49 GB
[ 2645.4s] IOs:    844594748  IOPS:   319275  Throughput:  1247.2 MB/s  Total: 3221.87 GB
[ 2645.7s] IOs:    844695309  IOPS:   319276  Throughput:  1247.2 MB/s  Total: 3222.26 GB
[ 2645.9s] IOs:    844795830  IOPS:   319285  Throughput:  1247.2 MB/s  Total: 3222.64 GB
[ 2646.2s] IOs:    844896106  IOPS:   319284  Throughput:  1247.2 MB/s  Total: 3223.02 GB
[ 2646.4s] IOs:    844996559  IOPS:   319297  Throughput:  1247.3 MB/s  Total: 3223.41 GB
[ 2646.7s] IOs:    845096762  IOPS:   319297  Throughput:  1247.3 MB/s  Total: 3223.79 GB
[ 2647.0s] IOs:    845197683  IOPS:   319309  Throughput:  1247.3 MB/s  Total: 3224.17 GB
[ 2647.2s] IOs:    845298285  IOPS:   319312  Throughput:  1247.3 MB/s  Total: 3224.56 GB
[ 2647.5s] IOs:    845399045  IOPS:   319324  Throughput:  1247.4 MB/s  Total: 3224.94 GB
[ 2647.8s] IOs:    845499344  IOPS:   319327  Throughput:  1247.4 MB/s  Total: 3225.32 GB
[ 2648.0s] IOs:    845599974  IOPS:   319339  Throughput:  1247.4 MB/s  Total: 3225.71 GB
[ 2648.2s] IOs:    845700667  IOPS:   319346  Throughput:  1247.4 MB/s  Total: 3226.09 GB
[ 2648.7s] IOs:    845801422  IOPS:   319329  Throughput:  1247.4 MB/s  Total: 3226.48 GB
[ 2649.2s] IOs:    845902271  IOPS:   319309  Throughput:  1247.3 MB/s  Total: 3226.86 GB
[ 2649.4s] IOs:    846003031  IOPS:   319313  Throughput:  1247.3 MB/s  Total: 3227.25 GB
[ 2649.8s] IOs:    846103691  IOPS:   319310  Throughput:  1247.3 MB/s  Total: 3227.63 GB
[ 2650.3s] IOs:    846204485  IOPS:   319289  Throughput:  1247.2 MB/s  Total: 3228.01 GB
[ 2650.5s] IOs:    846305080  IOPS:   319299  Throughput:  1247.3 MB/s  Total: 3228.40 GB
[ 2650.8s] IOs:    846405617  IOPS:   319298  Throughput:  1247.3 MB/s  Total: 3228.78 GB
[ 2651.3s] IOs:    846506463  IOPS:   319281  Throughput:  1247.2 MB/s  Total: 3229.17 GB
[ 2651.7s] IOs:    846606836  IOPS:   319272  Throughput:  1247.2 MB/s  Total: 3229.55 GB
[ 2651.9s] IOs:    846707326  IOPS:   319279  Throughput:  1247.2 MB/s  Total: 3229.93 GB
[ 2652.3s] IOs:    846807462  IOPS:   319275  Throughput:  1247.2 MB/s  Total: 3230.31 GB
[ 2652.8s] IOs:    846907969  IOPS:   319253  Throughput:  1247.1 MB/s  Total: 3230.70 GB
[ 2653.0s] IOs:    847008625  IOPS:   319264  Throughput:  1247.1 MB/s  Total: 3231.08 GB
[ 2653.2s] IOs:    847108913  IOPS:   319274  Throughput:  1247.2 MB/s  Total: 3231.46 GB
[ 2653.5s] IOs:    847209259  IOPS:   319286  Throughput:  1247.2 MB/s  Total: 3231.85 GB
[ 2653.8s] IOs:    847309665  IOPS:   319282  Throughput:  1247.2 MB/s  Total: 3232.23 GB
[ 2654.0s] IOs:    847410243  IOPS:   319295  Throughput:  1247.2 MB/s  Total: 3232.61 GB
[ 2654.3s] IOs:    847511013  IOPS:   319293  Throughput:  1247.2 MB/s  Total: 3233.00 GB
[ 2654.6s] IOs:    847611298  IOPS:   319303  Throughput:  1247.3 MB/s  Total: 3233.38 GB
[ 2654.8s] IOs:    847711856  IOPS:   319309  Throughput:  1247.3 MB/s  Total: 3233.76 GB
[ 2655.6s] IOs:    847812541  IOPS:   319254  Throughput:  1247.1 MB/s  Total: 3234.15 GB
[ 2655.9s] IOs:    847913224  IOPS:   319261  Throughput:  1247.1 MB/s  Total: 3234.53 GB
[ 2656.1s] IOs:    848013883  IOPS:   319270  Throughput:  1247.1 MB/s  Total: 3234.92 GB
[ 2656.5s] IOs:    848114775  IOPS:   319265  Throughput:  1247.1 MB/s  Total: 3235.30 GB
[ 2656.7s] IOs:    848215395  IOPS:   319275  Throughput:  1247.2 MB/s  Total: 3235.68 GB
[ 2657.1s] IOs:    848316361  IOPS:   319266  Throughput:  1247.1 MB/s  Total: 3236.07 GB
[ 2657.3s] IOs:    848417320  IOPS:   319277  Throughput:  1247.2 MB/s  Total: 3236.46 GB
[ 2657.5s] IOs:    848518164  IOPS:   319289  Throughput:  1247.2 MB/s  Total: 3236.84 GB
[ 2657.7s] IOs:    848618674  IOPS:   319301  Throughput:  1247.3 MB/s  Total: 3237.22 GB
[ 2658.0s] IOs:    848719064  IOPS:   319305  Throughput:  1247.3 MB/s  Total: 3237.61 GB
[ 2658.3s] IOs:    848819355  IOPS:   319314  Throughput:  1247.3 MB/s  Total: 3237.99 GB
[ 2658.5s] IOs:    848919884  IOPS:   319322  Throughput:  1247.4 MB/s  Total: 3238.37 GB
[ 2658.7s] IOs:    849020777  IOPS:   319335  Throughput:  1247.4 MB/s  Total: 3238.76 GB
[ 2659.0s] IOs:    849121385  IOPS:   319343  Throughput:  1247.4 MB/s  Total: 3239.14 GB
[ 2659.2s] IOs:    849221400  IOPS:   319355  Throughput:  1247.5 MB/s  Total: 3239.52 GB
[ 2659.4s] IOs:    849322264  IOPS:   319371  Throughput:  1247.5 MB/s  Total: 3239.91 GB
[ 2659.6s] IOs:    849422513  IOPS:   319380  Throughput:  1247.6 MB/s  Total: 3240.29 GB
[ 2659.9s] IOs:    849523014  IOPS:   319377  Throughput:  1247.6 MB/s  Total: 3240.67 GB
[ 2660.2s] IOs:    849623615  IOPS:   319387  Throughput:  1247.6 MB/s  Total: 3241.06 GB
[ 2660.5s] IOs:    849723833  IOPS:   319390  Throughput:  1247.6 MB/s  Total: 3241.44 GB
[ 2660.7s] IOs:    849824049  IOPS:   319397  Throughput:  1247.6 MB/s  Total: 3241.82 GB
[ 2661.0s] IOs:    849924087  IOPS:   319406  Throughput:  1247.7 MB/s  Total: 3242.20 GB
[ 2661.1s] IOs:    850024429  IOPS:   319423  Throughput:  1247.7 MB/s  Total: 3242.59 GB
[ 2661.3s] IOs:    850125016  IOPS:   319440  Throughput:  1247.8 MB/s  Total: 3242.97 GB
[ 2661.6s] IOs:    850225685  IOPS:   319440  Throughput:  1247.8 MB/s  Total: 3243.35 GB
[ 2661.8s] IOs:    850325979  IOPS:   319457  Throughput:  1247.9 MB/s  Total: 3243.74 GB
[ 2662.1s] IOs:    850425984  IOPS:   319461  Throughput:  1247.9 MB/s  Total: 3244.12 GB
[ 2662.2s] IOs:    850526328  IOPS:   319478  Throughput:  1248.0 MB/s  Total: 3244.50 GB
[ 2662.6s] IOs:    850626936  IOPS:   319468  Throughput:  1247.9 MB/s  Total: 3244.88 GB
[Reader] Parsed 107000000 lines, distributed 850702998 writes, unique 720.00 GB, skipped 39725072
[ 2662.8s] IOs:    850727199  IOPS:   319485  Throughput:  1248.0 MB/s  Total: 3245.27 GB
[ 2663.0s] IOs:    850827628  IOPS:   319501  Throughput:  1248.1 MB/s  Total: 3245.65 GB
[ 2663.2s] IOs:    850928098  IOPS:   319513  Throughput:  1248.1 MB/s  Total: 3246.03 GB
[ 2663.4s] IOs:    851028616  IOPS:   319521  Throughput:  1248.1 MB/s  Total: 3246.42 GB
[ 2663.6s] IOs:    851129238  IOPS:   319535  Throughput:  1248.2 MB/s  Total: 3246.80 GB
[ 2663.8s] IOs:    851230101  IOPS:   319553  Throughput:  1248.3 MB/s  Total: 3247.19 GB
[ 2664.1s] IOs:    851330750  IOPS:   319554  Throughput:  1248.3 MB/s  Total: 3247.57 GB
[ 2664.3s] IOs:    851431524  IOPS:   319570  Throughput:  1248.3 MB/s  Total: 3247.95 GB
[ 2664.6s] IOs:    851532234  IOPS:   319571  Throughput:  1248.3 MB/s  Total: 3248.34 GB
[ 2664.8s] IOs:    851632948  IOPS:   319588  Throughput:  1248.4 MB/s  Total: 3248.72 GB
[ 2665.0s] IOs:    851733526  IOPS:   319599  Throughput:  1248.4 MB/s  Total: 3249.11 GB
[ 2665.2s] IOs:    851834349  IOPS:   319616  Throughput:  1248.5 MB/s  Total: 3249.49 GB
[ 2665.4s] IOs:    851935199  IOPS:   319629  Throughput:  1248.6 MB/s  Total: 3249.87 GB
[ 2665.6s] IOs:    852035623  IOPS:   319636  Throughput:  1248.6 MB/s  Total: 3250.26 GB
[ 2665.9s] IOs:    852136113  IOPS:   319639  Throughput:  1248.6 MB/s  Total: 3250.64 GB
[ 2666.1s] IOs:    852236870  IOPS:   319655  Throughput:  1248.7 MB/s  Total: 3251.03 GB
[ 2666.3s] IOs:    852337658  IOPS:   319673  Throughput:  1248.7 MB/s  Total: 3251.41 GB
[ 2666.6s] IOs:    852438151  IOPS:   319672  Throughput:  1248.7 MB/s  Total: 3251.79 GB
[ 2666.8s] IOs:    852538915  IOPS:   319688  Throughput:  1248.8 MB/s  Total: 3252.18 GB
[ 2667.1s] IOs:    852639123  IOPS:   319691  Throughput:  1248.8 MB/s  Total: 3252.56 GB
[ 2667.2s] IOs:    852739901  IOPS:   319709  Throughput:  1248.9 MB/s  Total: 3252.94 GB
[ 2667.6s] IOs:    852840601  IOPS:   319708  Throughput:  1248.9 MB/s  Total: 3253.33 GB
[ 2667.7s] IOs:    852941434  IOPS:   319724  Throughput:  1248.9 MB/s  Total: 3253.71 GB
[ 2668.2s] IOs:    853041650  IOPS:   319711  Throughput:  1248.9 MB/s  Total: 3254.10 GB
[ 2668.3s] IOs:    853142157  IOPS:   319727  Throughput:  1248.9 MB/s  Total: 3254.48 GB
[ 2668.5s] IOs:    853242460  IOPS:   319743  Throughput:  1249.0 MB/s  Total: 3254.86 GB
[ 2668.7s] IOs:    853342622  IOPS:   319755  Throughput:  1249.0 MB/s  Total: 3255.24 GB
[ 2669.0s] IOs:    853443233  IOPS:   319763  Throughput:  1249.1 MB/s  Total: 3255.63 GB
[ 2669.2s] IOs:    853544054  IOPS:   319779  Throughput:  1249.1 MB/s  Total: 3256.01 GB
[ 2669.4s] IOs:    853644383  IOPS:   319795  Throughput:  1249.2 MB/s  Total: 3256.39 GB
[ 2669.6s] IOs:    853744798  IOPS:   319800  Throughput:  1249.2 MB/s  Total: 3256.78 GB
[ 2669.8s] IOs:    853844840  IOPS:   319816  Throughput:  1249.3 MB/s  Total: 3257.16 GB
[ 2670.0s] IOs:    853945583  IOPS:   319825  Throughput:  1249.3 MB/s  Total: 3257.54 GB
[ 2670.2s] IOs:    854046531  IOPS:   319840  Throughput:  1249.4 MB/s  Total: 3257.93 GB
[ 2673.0s] IOs:    854146550  IOPS:   319547  Throughput:  1248.2 MB/s  Total: 3258.31 GB
[ 2673.3s] IOs:    854247123  IOPS:   319552  Throughput:  1248.2 MB/s  Total: 3258.69 GB
[ 2673.4s] IOs:    854347561  IOPS:   319569  Throughput:  1248.3 MB/s  Total: 3259.08 GB
[ 2673.8s] IOs:    854448146  IOPS:   319564  Throughput:  1248.3 MB/s  Total: 3259.46 GB
[ 2674.0s] IOs:    854548589  IOPS:   319581  Throughput:  1248.4 MB/s  Total: 3259.84 GB
[ 2674.3s] IOs:    854649287  IOPS:   319580  Throughput:  1248.4 MB/s  Total: 3260.23 GB
[ 2674.5s] IOs:    854750034  IOPS:   319597  Throughput:  1248.4 MB/s  Total: 3260.61 GB
[ 2674.9s] IOs:    854850656  IOPS:   319582  Throughput:  1248.4 MB/s  Total: 3261.00 GB
[ 2675.2s] IOs:    854951449  IOPS:   319583  Throughput:  1248.4 MB/s  Total: 3261.38 GB
[ 2675.4s] IOs:    855052103  IOPS:   319599  Throughput:  1248.4 MB/s  Total: 3261.76 GB
[ 2675.9s] IOs:    855152836  IOPS:   319576  Throughput:  1248.3 MB/s  Total: 3262.15 GB
[ 2676.1s] IOs:    855253326  IOPS:   319589  Throughput:  1248.4 MB/s  Total: 3262.53 GB
[ 2676.4s] IOs:    855354071  IOPS:   319590  Throughput:  1248.4 MB/s  Total: 3262.92 GB
[ 2676.9s] IOs:    855454848  IOPS:   319567  Throughput:  1248.3 MB/s  Total: 3263.30 GB
[ 2677.1s] IOs:    855555477  IOPS:   319584  Throughput:  1248.4 MB/s  Total: 3263.69 GB
[ 2677.4s] IOs:    855655580  IOPS:   319585  Throughput:  1248.4 MB/s  Total: 3264.07 GB
[ 2677.8s] IOs:    855756095  IOPS:   319577  Throughput:  1248.3 MB/s  Total: 3264.45 GB
[ 2678.1s] IOs:    855856516  IOPS:   319570  Throughput:  1248.3 MB/s  Total: 3264.83 GB
[ 2678.3s] IOs:    855956818  IOPS:   319585  Throughput:  1248.4 MB/s  Total: 3265.22 GB
[ 2678.5s] IOs:    856057204  IOPS:   319601  Throughput:  1248.4 MB/s  Total: 3265.60 GB
[ 2679.0s] IOs:    856157828  IOPS:   319586  Throughput:  1248.4 MB/s  Total: 3265.98 GB
[ 2679.1s] IOs:    856257870  IOPS:   319603  Throughput:  1248.4 MB/s  Total: 3266.36 GB
[ 2679.5s] IOs:    856358504  IOPS:   319601  Throughput:  1248.4 MB/s  Total: 3266.75 GB
[ 2679.8s] IOs:    856459256  IOPS:   319600  Throughput:  1248.4 MB/s  Total: 3267.13 GB
[ 2680.0s] IOs:    856559686  IOPS:   319614  Throughput:  1248.5 MB/s  Total: 3267.52 GB
[ 2680.3s] IOs:    856660087  IOPS:   319615  Throughput:  1248.5 MB/s  Total: 3267.90 GB
[ 2680.5s] IOs:    856760740  IOPS:   319630  Throughput:  1248.6 MB/s  Total: 3268.28 GB
[ 2680.8s] IOs:    856861502  IOPS:   319631  Throughput:  1248.6 MB/s  Total: 3268.67 GB
[ 2681.0s] IOs:    856962265  IOPS:   319643  Throughput:  1248.6 MB/s  Total: 3269.05 GB
[ 2681.3s] IOs:    857062972  IOPS:   319643  Throughput:  1248.6 MB/s  Total: 3269.44 GB
[ 2681.5s] IOs:    857163305  IOPS:   319659  Throughput:  1248.7 MB/s  Total: 3269.82 GB
[ 2681.8s] IOs:    857264043  IOPS:   319660  Throughput:  1248.7 MB/s  Total: 3270.20 GB
[ 2682.0s] IOs:    857364654  IOPS:   319677  Throughput:  1248.7 MB/s  Total: 3270.59 GB
[ 2682.3s] IOs:    857465407  IOPS:   319675  Throughput:  1248.7 MB/s  Total: 3270.97 GB
[ 2682.5s] IOs:    857565939  IOPS:   319691  Throughput:  1248.8 MB/s  Total: 3271.35 GB
[ 2682.7s] IOs:    857666628  IOPS:   319707  Throughput:  1248.9 MB/s  Total: 3271.74 GB
[ 2683.0s] IOs:    857767173  IOPS:   319700  Throughput:  1248.8 MB/s  Total: 3272.12 GB
[ 2683.2s] IOs:    857867280  IOPS:   319717  Throughput:  1248.9 MB/s  Total: 3272.50 GB
[ 2683.4s] IOs:    857967732  IOPS:   319726  Throughput:  1248.9 MB/s  Total: 3272.89 GB
[ 2683.6s] IOs:    858068475  IOPS:   319743  Throughput:  1249.0 MB/s  Total: 3273.27 GB
[ 2683.9s] IOs:    858168819  IOPS:   319749  Throughput:  1249.0 MB/s  Total: 3273.65 GB
[ 2684.1s] IOs:    858269637  IOPS:   319765  Throughput:  1249.1 MB/s  Total: 3274.04 GB
[ 2684.5s] IOs:    858370394  IOPS:   319746  Throughput:  1249.0 MB/s  Total: 3274.42 GB
[ 2684.8s] IOs:    858471077  IOPS:   319751  Throughput:  1249.0 MB/s  Total: 3274.81 GB
[ 2685.0s] IOs:    858571868  IOPS:   319765  Throughput:  1249.1 MB/s  Total: 3275.19 GB
[ 2685.3s] IOs:    858672427  IOPS:   319762  Throughput:  1249.1 MB/s  Total: 3275.58 GB
[ 2685.5s] IOs:    858773088  IOPS:   319776  Throughput:  1249.1 MB/s  Total: 3275.96 GB
[ 2685.9s] IOs:    858873698  IOPS:   319775  Throughput:  1249.1 MB/s  Total: 3276.34 GB
[Reader] Parsed 108000000 lines, distributed 858938010 writes, unique 720.00 GB, skipped 41708110
[ 2686.0s] IOs:    858974677  IOPS:   319791  Throughput:  1249.2 MB/s  Total: 3276.73 GB
[ 2686.4s] IOs:    859075023  IOPS:   319783  Throughput:  1249.2 MB/s  Total: 3277.11 GB
[ 2686.6s] IOs:    859175594  IOPS:   319799  Throughput:  1249.2 MB/s  Total: 3277.49 GB
[ 2686.9s] IOs:    859276301  IOPS:   319800  Throughput:  1249.2 MB/s  Total: 3277.88 GB
[ 2687.1s] IOs:    859377060  IOPS:   319817  Throughput:  1249.3 MB/s  Total: 3278.26 GB
[ 2687.4s] IOs:    859477720  IOPS:   319815  Throughput:  1249.3 MB/s  Total: 3278.65 GB
[ 2687.6s] IOs:    859578143  IOPS:   319830  Throughput:  1249.3 MB/s  Total: 3279.03 GB
[ 2687.9s] IOs:    859678205  IOPS:   319830  Throughput:  1249.3 MB/s  Total: 3279.41 GB
[ 2688.1s] IOs:    859778990  IOPS:   319846  Throughput:  1249.4 MB/s  Total: 3279.80 GB
[ 2688.4s] IOs:    859879585  IOPS:   319853  Throughput:  1249.4 MB/s  Total: 3280.18 GB
[ 2688.5s] IOs:    859980099  IOPS:   319869  Throughput:  1249.5 MB/s  Total: 3280.56 GB
[ 2688.8s] IOs:    860080629  IOPS:   319875  Throughput:  1249.5 MB/s  Total: 3280.95 GB
[ 2689.0s] IOs:    860181408  IOPS:   319887  Throughput:  1249.6 MB/s  Total: 3281.33 GB
[ 2689.2s] IOs:    860282024  IOPS:   319903  Throughput:  1249.6 MB/s  Total: 3281.72 GB
[ 2689.9s] IOs:    860382994  IOPS:   319859  Throughput:  1249.4 MB/s  Total: 3282.10 GB
[ 2690.9s] IOs:    860483683  IOPS:   319775  Throughput:  1249.1 MB/s  Total: 3282.48 GB
[ 2691.9s] IOs:    860584498  IOPS:   319693  Throughput:  1248.8 MB/s  Total: 3282.87 GB
[ 2692.9s] IOs:    860685393  IOPS:   319613  Throughput:  1248.5 MB/s  Total: 3283.25 GB
[ 2693.8s] IOs:    860786095  IOPS:   319543  Throughput:  1248.2 MB/s  Total: 3283.64 GB
[ 2694.4s] IOs:    860886741  IOPS:   319508  Throughput:  1248.1 MB/s  Total: 3284.02 GB
[ 2695.0s] IOs:    860987479  IOPS:   319474  Throughput:  1247.9 MB/s  Total: 3284.41 GB
[ 2695.9s] IOs:    861088122  IOPS:   319408  Throughput:  1247.7 MB/s  Total: 3284.79 GB
[ 2696.5s] IOs:    861189091  IOPS:   319378  Throughput:  1247.6 MB/s  Total: 3285.18 GB
[ 2697.0s] IOs:    861289316  IOPS:   319356  Throughput:  1247.5 MB/s  Total: 3285.56 GB
[ 2697.6s] IOs:    861389870  IOPS:   319323  Throughput:  1247.4 MB/s  Total: 3285.94 GB
[ 2698.1s] IOs:    861490750  IOPS:   319300  Throughput:  1247.3 MB/s  Total: 3286.33 GB
[ 2698.7s] IOs:    861591665  IOPS:   319259  Throughput:  1247.1 MB/s  Total: 3286.71 GB
[ 2699.0s] IOs:    861692270  IOPS:   319259  Throughput:  1247.1 MB/s  Total: 3287.10 GB
[ 2699.6s] IOs:    861792811  IOPS:   319234  Throughput:  1247.0 MB/s  Total: 3287.48 GB
[ 2700.0s] IOs:    861893137  IOPS:   319221  Throughput:  1247.0 MB/s  Total: 3287.86 GB
[ 2700.6s] IOs:    861993932  IOPS:   319189  Throughput:  1246.8 MB/s  Total: 3288.25 GB
[ 2700.9s] IOs:    862094773  IOPS:   319188  Throughput:  1246.8 MB/s  Total: 3288.63 GB
[ 2701.4s] IOs:    862195699  IOPS:   319166  Throughput:  1246.7 MB/s  Total: 3289.02 GB
[ 2701.7s] IOs:    862296051  IOPS:   319174  Throughput:  1246.8 MB/s  Total: 3289.40 GB
[ 2702.1s] IOs:    862396459  IOPS:   319160  Throughput:  1246.7 MB/s  Total: 3289.78 GB
[ 2702.9s] IOs:    862497249  IOPS:   319105  Throughput:  1246.5 MB/s  Total: 3290.17 GB
[ 2703.4s] IOs:    862598087  IOPS:   319073  Throughput:  1246.4 MB/s  Total: 3290.55 GB
[ 2704.3s] IOs:    862698890  IOPS:   319007  Throughput:  1246.1 MB/s  Total: 3290.94 GB
[ 2705.0s] IOs:    862799728  IOPS:   318969  Throughput:  1246.0 MB/s  Total: 3291.32 GB
[ 2705.5s] IOs:    862900419  IOPS:   318938  Throughput:  1245.9 MB/s  Total: 3291.70 GB
[ 2706.1s] IOs:    863001077  IOPS:   318912  Throughput:  1245.8 MB/s  Total: 3292.09 GB
[ 2706.6s] IOs:    863101911  IOPS:   318892  Throughput:  1245.7 MB/s  Total: 3292.47 GB
[ 2707.1s] IOs:    863202442  IOPS:   318868  Throughput:  1245.6 MB/s  Total: 3292.86 GB
[ 2707.6s] IOs:    863303196  IOPS:   318843  Throughput:  1245.5 MB/s  Total: 3293.24 GB
[ 2708.0s] IOs:    863403665  IOPS:   318830  Throughput:  1245.4 MB/s  Total: 3293.62 GB
[ 2708.7s] IOs:    863504135  IOPS:   318792  Throughput:  1245.3 MB/s  Total: 3294.01 GB
[ 2709.2s] IOs:    863604235  IOPS:   318771  Throughput:  1245.2 MB/s  Total: 3294.39 GB
[ 2709.5s] IOs:    863704875  IOPS:   318774  Throughput:  1245.2 MB/s  Total: 3294.77 GB
[ 2710.0s] IOs:    863805820  IOPS:   318752  Throughput:  1245.1 MB/s  Total: 3295.16 GB
[ 2710.4s] IOs:    863906105  IOPS:   318738  Throughput:  1245.1 MB/s  Total: 3295.54 GB
[ 2710.9s] IOs:    864006422  IOPS:   318720  Throughput:  1245.0 MB/s  Total: 3295.92 GB
[ 2711.1s] IOs:    864107316  IOPS:   318729  Throughput:  1245.0 MB/s  Total: 3296.31 GB
[ 2711.6s] IOs:    864208169  IOPS:   318711  Throughput:  1245.0 MB/s  Total: 3296.69 GB
[ 2711.9s] IOs:    864309082  IOPS:   318708  Throughput:  1245.0 MB/s  Total: 3297.08 GB
[ 2712.3s] IOs:    864409520  IOPS:   318697  Throughput:  1244.9 MB/s  Total: 3297.46 GB
[ 2712.6s] IOs:    864510006  IOPS:   318707  Throughput:  1245.0 MB/s  Total: 3297.84 GB
[ 2713.0s] IOs:    864610692  IOPS:   318692  Throughput:  1244.9 MB/s  Total: 3298.23 GB
[ 2713.3s] IOs:    864711558  IOPS:   318697  Throughput:  1244.9 MB/s  Total: 3298.61 GB
[ 2713.5s] IOs:    864812277  IOPS:   318703  Throughput:  1244.9 MB/s  Total: 3299.00 GB
[ 2713.9s] IOs:    864912964  IOPS:   318697  Throughput:  1244.9 MB/s  Total: 3299.38 GB
[ 2714.1s] IOs:    865013804  IOPS:   318706  Throughput:  1244.9 MB/s  Total: 3299.77 GB
[ 2714.5s] IOs:    865114385  IOPS:   318703  Throughput:  1244.9 MB/s  Total: 3300.15 GB
[ 2714.7s] IOs:    865214992  IOPS:   318715  Throughput:  1245.0 MB/s  Total: 3300.53 GB
[ 2715.0s] IOs:    865315630  IOPS:   318712  Throughput:  1245.0 MB/s  Total: 3300.92 GB
[ 2715.4s] IOs:    865416284  IOPS:   318708  Throughput:  1245.0 MB/s  Total: 3301.30 GB
[ 2715.6s] IOs:    865516726  IOPS:   318720  Throughput:  1245.0 MB/s  Total: 3301.68 GB
[ 2715.9s] IOs:    865617447  IOPS:   318717  Throughput:  1245.0 MB/s  Total: 3302.07 GB
[ 2716.2s] IOs:    865718103  IOPS:   318728  Throughput:  1245.0 MB/s  Total: 3302.45 GB
[ 2716.5s] IOs:    865818662  IOPS:   318728  Throughput:  1245.0 MB/s  Total: 3302.84 GB
[ 2716.8s] IOs:    865919109  IOPS:   318730  Throughput:  1245.0 MB/s  Total: 3303.22 GB
[ 2717.1s] IOs:    866019686  IOPS:   318727  Throughput:  1245.0 MB/s  Total: 3303.60 GB
[ 2717.4s] IOs:    866120418  IOPS:   318734  Throughput:  1245.1 MB/s  Total: 3303.99 GB
[ 2717.6s] IOs:    866221060  IOPS:   318742  Throughput:  1245.1 MB/s  Total: 3304.37 GB
[ 2717.9s] IOs:    866321389  IOPS:   318748  Throughput:  1245.1 MB/s  Total: 3304.75 GB
[ 2718.2s] IOs:    866422350  IOPS:   318754  Throughput:  1245.1 MB/s  Total: 3305.14 GB
[ 2718.4s] IOs:    866522890  IOPS:   318764  Throughput:  1245.2 MB/s  Total: 3305.52 GB
[ 2718.6s] IOs:    866623769  IOPS:   318775  Throughput:  1245.2 MB/s  Total: 3305.91 GB
[ 2718.8s] IOs:    866724290  IOPS:   318785  Throughput:  1245.3 MB/s  Total: 3306.29 GB
[ 2719.1s] IOs:    866824920  IOPS:   318794  Throughput:  1245.3 MB/s  Total: 3306.67 GB
[ 2719.5s] IOs:    866925613  IOPS:   318780  Throughput:  1245.2 MB/s  Total: 3307.06 GB
[Reader] Parsed 109000000 lines, distributed 866931680 writes, unique 720.00 GB, skipped 44074294
[ 2719.9s] IOs:    867025978  IOPS:   318772  Throughput:  1245.2 MB/s  Total: 3307.44 GB
[ 2720.1s] IOs:    867126627  IOPS:   318780  Throughput:  1245.2 MB/s  Total: 3307.83 GB
[ 2720.5s] IOs:    867227058  IOPS:   318776  Throughput:  1245.2 MB/s  Total: 3308.21 GB
[ 2720.7s] IOs:    867327359  IOPS:   318786  Throughput:  1245.3 MB/s  Total: 3308.59 GB
[ 2721.1s] IOs:    867427843  IOPS:   318777  Throughput:  1245.2 MB/s  Total: 3308.97 GB
[ 2721.4s] IOs:    867528624  IOPS:   318778  Throughput:  1245.2 MB/s  Total: 3309.36 GB
[ 2721.7s] IOs:    867628967  IOPS:   318784  Throughput:  1245.2 MB/s  Total: 3309.74 GB
[ 2722.0s] IOs:    867729385  IOPS:   318787  Throughput:  1245.3 MB/s  Total: 3310.12 GB
[ 2722.2s] IOs:    867830171  IOPS:   318796  Throughput:  1245.3 MB/s  Total: 3310.51 GB
[ 2722.5s] IOs:    867931050  IOPS:   318798  Throughput:  1245.3 MB/s  Total: 3310.89 GB
[ 2722.8s] IOs:    868031545  IOPS:   318805  Throughput:  1245.3 MB/s  Total: 3311.28 GB
[ 2723.0s] IOs:    868131976  IOPS:   318814  Throughput:  1245.4 MB/s  Total: 3311.66 GB
[ 2723.2s] IOs:    868232424  IOPS:   318824  Throughput:  1245.4 MB/s  Total: 3312.04 GB
[ 2723.5s] IOs:    868333147  IOPS:   318830  Throughput:  1245.4 MB/s  Total: 3312.43 GB
[ 2723.8s] IOs:    868433973  IOPS:   318833  Throughput:  1245.4 MB/s  Total: 3312.81 GB
[ 2724.0s] IOs:    868534735  IOPS:   318843  Throughput:  1245.5 MB/s  Total: 3313.20 GB
[ 2724.3s] IOs:    868635033  IOPS:   318851  Throughput:  1245.5 MB/s  Total: 3313.58 GB
[ 2724.5s] IOs:    868735392  IOPS:   318856  Throughput:  1245.5 MB/s  Total: 3313.96 GB
[ 2724.8s] IOs:    868836010  IOPS:   318865  Throughput:  1245.6 MB/s  Total: 3314.35 GB
[ 2725.0s] IOs:    868936947  IOPS:   318875  Throughput:  1245.6 MB/s  Total: 3314.73 GB
[ 2725.4s] IOs:    869037758  IOPS:   318866  Throughput:  1245.6 MB/s  Total: 3315.12 GB
[ 2725.6s] IOs:    869138487  IOPS:   318875  Throughput:  1245.6 MB/s  Total: 3315.50 GB
[ 2726.0s] IOs:    869238935  IOPS:   318869  Throughput:  1245.6 MB/s  Total: 3315.88 GB
[ 2726.4s] IOs:    869339574  IOPS:   318861  Throughput:  1245.6 MB/s  Total: 3316.27 GB
[ 2726.7s] IOs:    869440237  IOPS:   318863  Throughput:  1245.6 MB/s  Total: 3316.65 GB
[ 2726.9s] IOs:    869540886  IOPS:   318870  Throughput:  1245.6 MB/s  Total: 3317.04 GB
[ 2727.2s] IOs:    869641278  IOPS:   318882  Throughput:  1245.6 MB/s  Total: 3317.42 GB
[ 2727.5s] IOs:    869742024  IOPS:   318876  Throughput:  1245.6 MB/s  Total: 3317.80 GB
[ 2727.7s] IOs:    869842279  IOPS:   318888  Throughput:  1245.7 MB/s  Total: 3318.18 GB
[ 2728.2s] IOs:    869943031  IOPS:   318866  Throughput:  1245.6 MB/s  Total: 3318.57 GB
[ 2728.5s] IOs:    870043669  IOPS:   318877  Throughput:  1245.6 MB/s  Total: 3318.95 GB
[ 2728.7s] IOs:    870144246  IOPS:   318886  Throughput:  1245.6 MB/s  Total: 3319.34 GB
[ 2729.0s] IOs:    870245122  IOPS:   318882  Throughput:  1245.6 MB/s  Total: 3319.72 GB
[ 2729.4s] IOs:    870345730  IOPS:   318876  Throughput:  1245.6 MB/s  Total: 3320.11 GB
[ 2729.6s] IOs:    870446379  IOPS:   318888  Throughput:  1245.7 MB/s  Total: 3320.49 GB
[ 2730.0s] IOs:    870546666  IOPS:   318883  Throughput:  1245.6 MB/s  Total: 3320.87 GB
[ 2730.2s] IOs:    870647347  IOPS:   318895  Throughput:  1245.7 MB/s  Total: 3321.26 GB
[ 2730.5s] IOs:    870747969  IOPS:   318893  Throughput:  1245.7 MB/s  Total: 3321.64 GB
[ 2730.8s] IOs:    870848040  IOPS:   318902  Throughput:  1245.7 MB/s  Total: 3322.02 GB
[ 2731.1s] IOs:    870948842  IOPS:   318905  Throughput:  1245.7 MB/s  Total: 3322.41 GB
[ 2731.4s] IOs:    871049700  IOPS:   318903  Throughput:  1245.7 MB/s  Total: 3322.79 GB
[ 2731.6s] IOs:    871150489  IOPS:   318915  Throughput:  1245.8 MB/s  Total: 3323.18 GB
[ 2731.9s] IOs:    871251304  IOPS:   318914  Throughput:  1245.8 MB/s  Total: 3323.56 GB
[ 2732.1s] IOs:    871352012  IOPS:   318926  Throughput:  1245.8 MB/s  Total: 3323.94 GB
[ 2732.4s] IOs:    871452461  IOPS:   318928  Throughput:  1245.8 MB/s  Total: 3324.33 GB
[ 2732.7s] IOs:    871552936  IOPS:   318939  Throughput:  1245.9 MB/s  Total: 3324.71 GB
[ 2733.0s] IOs:    871653437  IOPS:   318940  Throughput:  1245.9 MB/s  Total: 3325.09 GB
[ 2733.2s] IOs:    871754321  IOPS:   318952  Throughput:  1245.9 MB/s  Total: 3325.48 GB
[ 2733.5s] IOs:    871854678  IOPS:   318951  Throughput:  1245.9 MB/s  Total: 3325.86 GB
[ 2733.7s] IOs:    871955497  IOPS:   318963  Throughput:  1245.9 MB/s  Total: 3326.25 GB
[ 2734.0s] IOs:    872056041  IOPS:   318965  Throughput:  1246.0 MB/s  Total: 3326.63 GB
[ 2734.2s] IOs:    872156545  IOPS:   318978  Throughput:  1246.0 MB/s  Total: 3327.01 GB
[ 2734.5s] IOs:    872257165  IOPS:   318982  Throughput:  1246.0 MB/s  Total: 3327.40 GB
[ 2735.0s] IOs:    872357924  IOPS:   318961  Throughput:  1245.9 MB/s  Total: 3327.78 GB
[ 2735.3s] IOs:    872458597  IOPS:   318963  Throughput:  1246.0 MB/s  Total: 3328.17 GB
[ 2735.6s] IOs:    872558640  IOPS:   318964  Throughput:  1246.0 MB/s  Total: 3328.55 GB
[ 2736.2s] IOs:    872659553  IOPS:   318937  Throughput:  1245.8 MB/s  Total: 3328.93 GB
[ 2736.4s] IOs:    872759864  IOPS:   318940  Throughput:  1245.9 MB/s  Total: 3329.31 GB
[ 2736.7s] IOs:    872860109  IOPS:   318942  Throughput:  1245.9 MB/s  Total: 3329.70 GB
[ 2737.1s] IOs:    872960733  IOPS:   318935  Throughput:  1245.8 MB/s  Total: 3330.08 GB
[ 2737.5s] IOs:    873061457  IOPS:   318931  Throughput:  1245.8 MB/s  Total: 3330.47 GB
[ 2737.7s] IOs:    873162476  IOPS:   318939  Throughput:  1245.9 MB/s  Total: 3330.85 GB
[ 2738.1s] IOs:    873263160  IOPS:   318932  Throughput:  1245.8 MB/s  Total: 3331.23 GB
[ 2738.5s] IOs:    873363470  IOPS:   318923  Throughput:  1245.8 MB/s  Total: 3331.62 GB
[ 2738.7s] IOs:    873463818  IOPS:   318933  Throughput:  1245.8 MB/s  Total: 3332.00 GB
[ 2739.1s] IOs:    873564640  IOPS:   318925  Throughput:  1245.8 MB/s  Total: 3332.38 GB
[ 2739.4s] IOs:    873665437  IOPS:   318926  Throughput:  1245.8 MB/s  Total: 3332.77 GB
[ 2739.8s] IOs:    873766041  IOPS:   318921  Throughput:  1245.8 MB/s  Total: 3333.15 GB
[ 2740.0s] IOs:    873866165  IOPS:   318933  Throughput:  1245.8 MB/s  Total: 3333.53 GB
[ 2740.2s] IOs:    873967116  IOPS:   318940  Throughput:  1245.9 MB/s  Total: 3333.92 GB
[ 2740.5s] IOs:    874067869  IOPS:   318942  Throughput:  1245.9 MB/s  Total: 3334.30 GB
[ 2740.8s] IOs:    874168607  IOPS:   318950  Throughput:  1245.9 MB/s  Total: 3334.69 GB
[ 2741.1s] IOs:    874269419  IOPS:   318952  Throughput:  1245.9 MB/s  Total: 3335.07 GB
[ 2741.3s] IOs:    874370242  IOPS:   318960  Throughput:  1245.9 MB/s  Total: 3335.46 GB
[ 2741.7s] IOs:    874470592  IOPS:   318952  Throughput:  1245.9 MB/s  Total: 3335.84 GB
[ 2741.9s] IOs:    874571091  IOPS:   318963  Throughput:  1245.9 MB/s  Total: 3336.22 GB
[ 2742.1s] IOs:    874671561  IOPS:   318974  Throughput:  1246.0 MB/s  Total: 3336.61 GB
[ 2742.5s] IOs:    874771935  IOPS:   318972  Throughput:  1246.0 MB/s  Total: 3336.99 GB
[ 2742.7s] IOs:    874872675  IOPS:   318983  Throughput:  1246.0 MB/s  Total: 3337.37 GB
[ 2743.0s] IOs:    874973172  IOPS:   318983  Throughput:  1246.0 MB/s  Total: 3337.76 GB
[ 2743.2s] IOs:    875073402  IOPS:   318992  Throughput:  1246.1 MB/s  Total: 3338.14 GB
[ 2743.5s] IOs:    875173906  IOPS:   318997  Throughput:  1246.1 MB/s  Total: 3338.52 GB
[ 2743.7s] IOs:    875274585  IOPS:   319008  Throughput:  1246.1 MB/s  Total: 3338.91 GB
[Reader] Parsed 110000000 lines, distributed 875280177 writes, unique 720.00 GB, skipped 46080972
[ 2744.0s] IOs:    875375073  IOPS:   319013  Throughput:  1246.1 MB/s  Total: 3339.29 GB
[ 2744.2s] IOs:    875476011  IOPS:   319022  Throughput:  1246.2 MB/s  Total: 3339.68 GB
[ 2744.7s] IOs:    875576872  IOPS:   319008  Throughput:  1246.1 MB/s  Total: 3340.06 GB
[ 2744.9s] IOs:    875677582  IOPS:   319014  Throughput:  1246.1 MB/s  Total: 3340.44 GB
[ 2745.4s] IOs:    875778271  IOPS:   318994  Throughput:  1246.1 MB/s  Total: 3340.83 GB
[ 2745.7s] IOs:    875878929  IOPS:   318998  Throughput:  1246.1 MB/s  Total: 3341.21 GB
[ 2746.1s] IOs:    875979302  IOPS:   318987  Throughput:  1246.0 MB/s  Total: 3341.60 GB
[ 2746.5s] IOs:    876079876  IOPS:   318979  Throughput:  1246.0 MB/s  Total: 3341.98 GB
[ 2747.0s] IOs:    876180671  IOPS:   318956  Throughput:  1245.9 MB/s  Total: 3342.36 GB
[ 2747.2s] IOs:    876281341  IOPS:   318968  Throughput:  1246.0 MB/s  Total: 3342.75 GB
[ 2747.6s] IOs:    876382173  IOPS:   318962  Throughput:  1245.9 MB/s  Total: 3343.13 GB
[ 2748.1s] IOs:    876482775  IOPS:   318938  Throughput:  1245.8 MB/s  Total: 3343.52 GB
[ 2748.4s] IOs:    876583228  IOPS:   318939  Throughput:  1245.9 MB/s  Total: 3343.90 GB
[ 2748.7s] IOs:    876683934  IOPS:   318950  Throughput:  1245.9 MB/s  Total: 3344.28 GB
[ 2749.1s] IOs:    876784564  IOPS:   318939  Throughput:  1245.9 MB/s  Total: 3344.67 GB
[ 2749.4s] IOs:    876885006  IOPS:   318934  Throughput:  1245.8 MB/s  Total: 3345.05 GB
[ 2749.9s] IOs:    876985304  IOPS:   318914  Throughput:  1245.8 MB/s  Total: 3345.43 GB
[ 2750.1s] IOs:    877085559  IOPS:   318925  Throughput:  1245.8 MB/s  Total: 3345.82 GB
[ 2750.7s] IOs:    877186250  IOPS:   318901  Throughput:  1245.7 MB/s  Total: 3346.20 GB
[ 2751.0s] IOs:    877286851  IOPS:   318892  Throughput:  1245.7 MB/s  Total: 3346.58 GB
[ 2751.5s] IOs:    877387484  IOPS:   318871  Throughput:  1245.6 MB/s  Total: 3346.97 GB
[ 2751.8s] IOs:    877487759  IOPS:   318881  Throughput:  1245.6 MB/s  Total: 3347.35 GB
[ 2752.1s] IOs:    877588453  IOPS:   318879  Throughput:  1245.6 MB/s  Total: 3347.73 GB
[ 2752.6s] IOs:    877688865  IOPS:   318862  Throughput:  1245.6 MB/s  Total: 3348.12 GB
[ 2752.9s] IOs:    877789453  IOPS:   318860  Throughput:  1245.5 MB/s  Total: 3348.50 GB
[ 2753.1s] IOs:    877890018  IOPS:   318871  Throughput:  1245.6 MB/s  Total: 3348.88 GB
[ 2753.6s] IOs:    877990738  IOPS:   318856  Throughput:  1245.5 MB/s  Total: 3349.27 GB
[ 2753.9s] IOs:    878090935  IOPS:   318852  Throughput:  1245.5 MB/s  Total: 3349.65 GB
[ 2754.3s] IOs:    878191147  IOPS:   318847  Throughput:  1245.5 MB/s  Total: 3350.03 GB
[ 2754.5s] IOs:    878292055  IOPS:   318858  Throughput:  1245.5 MB/s  Total: 3350.42 GB
[ 2754.7s] IOs:    878392480  IOPS:   318867  Throughput:  1245.6 MB/s  Total: 3350.80 GB
[ 2755.1s] IOs:    878493217  IOPS:   318865  Throughput:  1245.6 MB/s  Total: 3351.19 GB
[ 2755.4s] IOs:    878593673  IOPS:   318860  Throughput:  1245.5 MB/s  Total: 3351.57 GB
[ 2755.7s] IOs:    878694012  IOPS:   318870  Throughput:  1245.6 MB/s  Total: 3351.95 GB
[ 2756.0s] IOs:    878794843  IOPS:   318870  Throughput:  1245.6 MB/s  Total: 3352.34 GB
[ 2756.2s] IOs:    878895667  IOPS:   318882  Throughput:  1245.6 MB/s  Total: 3352.72 GB
[ 2756.7s] IOs:    878996508  IOPS:   318864  Throughput:  1245.6 MB/s  Total: 3353.11 GB
[ 2756.9s] IOs:    879096838  IOPS:   318873  Throughput:  1245.6 MB/s  Total: 3353.49 GB
[ 2757.1s] IOs:    879196997  IOPS:   318882  Throughput:  1245.6 MB/s  Total: 3353.87 GB
[ 2757.5s] IOs:    879297559  IOPS:   318872  Throughput:  1245.6 MB/s  Total: 3354.25 GB
[ 2757.9s] IOs:    879398233  IOPS:   318865  Throughput:  1245.6 MB/s  Total: 3354.64 GB
[ 2758.2s] IOs:    879499091  IOPS:   318871  Throughput:  1245.6 MB/s  Total: 3355.02 GB
[ 2758.5s] IOs:    879599455  IOPS:   318866  Throughput:  1245.6 MB/s  Total: 3355.41 GB
[ 2758.8s] IOs:    879700120  IOPS:   318873  Throughput:  1245.6 MB/s  Total: 3355.79 GB
[ 2759.1s] IOs:    879800730  IOPS:   318871  Throughput:  1245.6 MB/s  Total: 3356.17 GB
[ 2759.5s] IOs:    879901350  IOPS:   318867  Throughput:  1245.6 MB/s  Total: 3356.56 GB
[ 2759.7s] IOs:    880002144  IOPS:   318879  Throughput:  1245.6 MB/s  Total: 3356.94 GB
[ 2760.0s] IOs:    880102595  IOPS:   318875  Throughput:  1245.6 MB/s  Total: 3357.32 GB
[ 2760.2s] IOs:    880203102  IOPS:   318886  Throughput:  1245.6 MB/s  Total: 3357.71 GB
[ 2760.6s] IOs:    880303412  IOPS:   318878  Throughput:  1245.6 MB/s  Total: 3358.09 GB
[ 2761.0s] IOs:    880403976  IOPS:   318876  Throughput:  1245.6 MB/s  Total: 3358.47 GB
[ 2761.2s] IOs:    880504853  IOPS:   318889  Throughput:  1245.7 MB/s  Total: 3358.86 GB
[ 2761.6s] IOs:    880605588  IOPS:   318870  Throughput:  1245.6 MB/s  Total: 3359.24 GB
[ 2762.0s] IOs:    880706167  IOPS:   318869  Throughput:  1245.6 MB/s  Total: 3359.63 GB
[ 2762.2s] IOs:    880806500  IOPS:   318881  Throughput:  1245.6 MB/s  Total: 3360.01 GB
[ 2762.6s] IOs:    880907073  IOPS:   318873  Throughput:  1245.6 MB/s  Total: 3360.39 GB
[ 2762.9s] IOs:    881007688  IOPS:   318865  Throughput:  1245.6 MB/s  Total: 3360.78 GB
[ 2763.2s] IOs:    881108451  IOPS:   318875  Throughput:  1245.6 MB/s  Total: 3361.16 GB
[ 2763.5s] IOs:    881209208  IOPS:   318872  Throughput:  1245.6 MB/s  Total: 3361.55 GB
[ 2763.7s] IOs:    881309846  IOPS:   318884  Throughput:  1245.6 MB/s  Total: 3361.93 GB
[ 2764.2s] IOs:    881410392  IOPS:   318862  Throughput:  1245.6 MB/s  Total: 3362.31 GB
[ 2764.5s] IOs:    881511222  IOPS:   318873  Throughput:  1245.6 MB/s  Total: 3362.70 GB
[ 2764.7s] IOs:    881612187  IOPS:   318884  Throughput:  1245.6 MB/s  Total: 3363.08 GB
[ 2765.0s] IOs:    881712999  IOPS:   318878  Throughput:  1245.6 MB/s  Total: 3363.47 GB
[ 2765.3s] IOs:    881813409  IOPS:   318886  Throughput:  1245.6 MB/s  Total: 3363.85 GB
[ 2765.6s] IOs:    881914268  IOPS:   318888  Throughput:  1245.7 MB/s  Total: 3364.24 GB
[ 2765.9s] IOs:    882015042  IOPS:   318886  Throughput:  1245.6 MB/s  Total: 3364.62 GB
[ 2766.3s] IOs:    882115087  IOPS:   318880  Throughput:  1245.6 MB/s  Total: 3365.00 GB
[ 2766.5s] IOs:    882215827  IOPS:   318890  Throughput:  1245.7 MB/s  Total: 3365.39 GB
[ 2766.8s] IOs:    882316674  IOPS:   318899  Throughput:  1245.7 MB/s  Total: 3365.77 GB
[ 2767.1s] IOs:    882416693  IOPS:   318890  Throughput:  1245.7 MB/s  Total: 3366.15 GB
[ 2767.5s] IOs:    882516948  IOPS:   318889  Throughput:  1245.7 MB/s  Total: 3366.53 GB
[ 2767.7s] IOs:    882617543  IOPS:   318897  Throughput:  1245.7 MB/s  Total: 3366.92 GB
[ 2768.1s] IOs:    882718271  IOPS:   318895  Throughput:  1245.7 MB/s  Total: 3367.30 GB
[ 2768.4s] IOs:    882818751  IOPS:   318892  Throughput:  1245.7 MB/s  Total: 3367.69 GB
[ 2768.6s] IOs:    882919275  IOPS:   318903  Throughput:  1245.7 MB/s  Total: 3368.07 GB
[ 2768.9s] IOs:    883019867  IOPS:   318901  Throughput:  1245.7 MB/s  Total: 3368.45 GB
[ 2769.2s] IOs:    883120674  IOPS:   318914  Throughput:  1245.8 MB/s  Total: 3368.84 GB
[ 2769.5s] IOs:    883221410  IOPS:   318914  Throughput:  1245.8 MB/s  Total: 3369.22 GB
[ 2769.6s] IOs:    883321835  IOPS:   318931  Throughput:  1245.8 MB/s  Total: 3369.61 GB
[ 2770.0s] IOs:    883422061  IOPS:   318928  Throughput:  1245.8 MB/s  Total: 3369.99 GB
[ 2770.1s] IOs:    883522126  IOPS:   318944  Throughput:  1245.9 MB/s  Total: 3370.37 GB
[ 2770.5s] IOs:    883622613  IOPS:   318945  Throughput:  1245.9 MB/s  Total: 3370.75 GB
[Reader] Parsed 111000000 lines, distributed 883684371 writes, unique 720.00 GB, skipped 48566934
[ 2770.9s] IOs:    883723227  IOPS:   318929  Throughput:  1245.8 MB/s  Total: 3371.14 GB
[ 2771.1s] IOs:    883823739  IOPS:   318944  Throughput:  1245.9 MB/s  Total: 3371.52 GB
[ 2771.7s] IOs:    883924546  IOPS:   318914  Throughput:  1245.8 MB/s  Total: 3371.90 GB
[ 2772.0s] IOs:    884025206  IOPS:   318918  Throughput:  1245.8 MB/s  Total: 3372.29 GB
[ 2772.1s] IOs:    884125721  IOPS:   318934  Throughput:  1245.8 MB/s  Total: 3372.67 GB
[ 2772.6s] IOs:    884226214  IOPS:   318912  Throughput:  1245.7 MB/s  Total: 3373.06 GB
[ 2773.0s] IOs:    884327043  IOPS:   318902  Throughput:  1245.7 MB/s  Total: 3373.44 GB
[ 2773.4s] IOs:    884427992  IOPS:   318894  Throughput:  1245.7 MB/s  Total: 3373.83 GB
[ 2773.6s] IOs:    884528321  IOPS:   318907  Throughput:  1245.7 MB/s  Total: 3374.21 GB
[ 2774.1s] IOs:    884628614  IOPS:   318894  Throughput:  1245.7 MB/s  Total: 3374.59 GB
[ 2774.2s] IOs:    884728737  IOPS:   318909  Throughput:  1245.7 MB/s  Total: 3374.97 GB
[ 2774.5s] IOs:    884829678  IOPS:   318909  Throughput:  1245.7 MB/s  Total: 3375.36 GB
[ 2774.9s] IOs:    884930315  IOPS:   318900  Throughput:  1245.7 MB/s  Total: 3375.74 GB
[ 2775.1s] IOs:    885031059  IOPS:   318916  Throughput:  1245.8 MB/s  Total: 3376.13 GB
[ 2775.5s] IOs:    885131944  IOPS:   318913  Throughput:  1245.8 MB/s  Total: 3376.51 GB
[ 2775.6s] IOs:    885232350  IOPS:   318928  Throughput:  1245.8 MB/s  Total: 3376.89 GB
[ 2776.1s] IOs:    885333030  IOPS:   318914  Throughput:  1245.8 MB/s  Total: 3377.28 GB
[ 2776.3s] IOs:    885433776  IOPS:   318927  Throughput:  1245.8 MB/s  Total: 3377.66 GB
[ 2782.0s] IOs:    885533806  IOPS:   318312  Throughput:  1243.4 MB/s  Total: 3378.04 GB
[ 2783.4s] IOs:    885633940  IOPS:   318179  Throughput:  1242.9 MB/s  Total: 3378.43 GB
[ 2784.6s] IOs:    885734042  IOPS:   318086  Throughput:  1242.5 MB/s  Total: 3378.81 GB
[ 2785.6s] IOs:    885834847  IOPS:   318005  Throughput:  1242.2 MB/s  Total: 3379.19 GB
[ 2786.5s] IOs:    885935697  IOPS:   317934  Throughput:  1241.9 MB/s  Total: 3379.58 GB
[ 2787.6s] IOs:    886036257  IOPS:   317852  Throughput:  1241.6 MB/s  Total: 3379.96 GB
[ 2788.6s] IOs:    886136986  IOPS:   317777  Throughput:  1241.3 MB/s  Total: 3380.34 GB
[ 2789.2s] IOs:    886237890  IOPS:   317740  Throughput:  1241.2 MB/s  Total: 3380.73 GB
[ 2790.0s] IOs:    886338250  IOPS:   317681  Throughput:  1240.9 MB/s  Total: 3381.11 GB
[ 2790.7s] IOs:    886438978  IOPS:   317645  Throughput:  1240.8 MB/s  Total: 3381.50 GB
[ 2791.3s] IOs:    886539747  IOPS:   317611  Throughput:  1240.7 MB/s  Total: 3381.88 GB
[ 2791.7s] IOs:    886640542  IOPS:   317598  Throughput:  1240.6 MB/s  Total: 3382.27 GB
[ 2792.6s] IOs:    886741421  IOPS:   317537  Throughput:  1240.4 MB/s  Total: 3382.65 GB
[ 2793.0s] IOs:    886842206  IOPS:   317520  Throughput:  1240.3 MB/s  Total: 3383.03 GB
[ 2793.6s] IOs:    886942675  IOPS:   317487  Throughput:  1240.2 MB/s  Total: 3383.42 GB
[ 2794.0s] IOs:    887042731  IOPS:   317482  Throughput:  1240.2 MB/s  Total: 3383.80 GB
[ 2794.5s] IOs:    887143403  IOPS:   317463  Throughput:  1240.1 MB/s  Total: 3384.18 GB
[ 2794.8s] IOs:    887244186  IOPS:   317464  Throughput:  1240.1 MB/s  Total: 3384.57 GB
[ 2795.4s] IOs:    887344634  IOPS:   317434  Throughput:  1240.0 MB/s  Total: 3384.95 GB
[ 2795.7s] IOs:    887445299  IOPS:   317430  Throughput:  1240.0 MB/s  Total: 3385.34 GB
[ 2796.3s] IOs:    887546145  IOPS:   317400  Throughput:  1239.8 MB/s  Total: 3385.72 GB
[ 2796.6s] IOs:    887646480  IOPS:   317403  Throughput:  1239.9 MB/s  Total: 3386.10 GB
[ 2797.1s] IOs:    887746487  IOPS:   317385  Throughput:  1239.8 MB/s  Total: 3386.48 GB
[ 2797.3s] IOs:    887846991  IOPS:   317389  Throughput:  1239.8 MB/s  Total: 3386.87 GB
[ 2797.7s] IOs:    887947432  IOPS:   317386  Throughput:  1239.8 MB/s  Total: 3387.25 GB
[ 2798.1s] IOs:    888047803  IOPS:   317372  Throughput:  1239.7 MB/s  Total: 3387.63 GB
[ 2798.5s] IOs:    888148150  IOPS:   317366  Throughput:  1239.7 MB/s  Total: 3388.02 GB
[ 2798.7s] IOs:    888248967  IOPS:   317376  Throughput:  1239.8 MB/s  Total: 3388.40 GB
[ 2799.1s] IOs:    888349812  IOPS:   317369  Throughput:  1239.7 MB/s  Total: 3388.79 GB
[ 2799.5s] IOs:    888450309  IOPS:   317364  Throughput:  1239.7 MB/s  Total: 3389.17 GB
[ 2799.7s] IOs:    888550548  IOPS:   317369  Throughput:  1239.7 MB/s  Total: 3389.55 GB
[ 2800.0s] IOs:    888651303  IOPS:   317371  Throughput:  1239.7 MB/s  Total: 3389.94 GB
[ 2800.3s] IOs:    888751842  IOPS:   317381  Throughput:  1239.8 MB/s  Total: 3390.32 GB
[ 2800.8s] IOs:    888852476  IOPS:   317355  Throughput:  1239.7 MB/s  Total: 3390.70 GB
[ 2801.0s] IOs:    888952879  IOPS:   317367  Throughput:  1239.7 MB/s  Total: 3391.09 GB
[ 2801.3s] IOs:    889053129  IOPS:   317374  Throughput:  1239.7 MB/s  Total: 3391.47 GB
[ 2801.8s] IOs:    889153793  IOPS:   317356  Throughput:  1239.7 MB/s  Total: 3391.85 GB
[ 2802.1s] IOs:    889254599  IOPS:   317356  Throughput:  1239.7 MB/s  Total: 3392.24 GB
[ 2802.3s] IOs:    889355311  IOPS:   317365  Throughput:  1239.7 MB/s  Total: 3392.62 GB
[ 2802.7s] IOs:    889456062  IOPS:   317352  Throughput:  1239.7 MB/s  Total: 3393.01 GB
[ 2803.2s] IOs:    889556397  IOPS:   317333  Throughput:  1239.6 MB/s  Total: 3393.39 GB
[ 2803.5s] IOs:    889656814  IOPS:   317340  Throughput:  1239.6 MB/s  Total: 3393.77 GB
[ 2803.7s] IOs:    889757147  IOPS:   317346  Throughput:  1239.6 MB/s  Total: 3394.15 GB
[ 2804.2s] IOs:    889857883  IOPS:   317327  Throughput:  1239.6 MB/s  Total: 3394.54 GB
[ 2804.5s] IOs:    889958615  IOPS:   317329  Throughput:  1239.6 MB/s  Total: 3394.92 GB
[ 2804.8s] IOs:    890058869  IOPS:   317334  Throughput:  1239.6 MB/s  Total: 3395.31 GB
[ 2805.1s] IOs:    890159219  IOPS:   317331  Throughput:  1239.6 MB/s  Total: 3395.69 GB
[ 2805.5s] IOs:    890259662  IOPS:   317327  Throughput:  1239.6 MB/s  Total: 3396.07 GB
[ 2805.7s] IOs:    890360590  IOPS:   317337  Throughput:  1239.6 MB/s  Total: 3396.46 GB
[ 2806.1s] IOs:    890461329  IOPS:   317328  Throughput:  1239.6 MB/s  Total: 3396.84 GB
[ 2806.5s] IOs:    890561878  IOPS:   317325  Throughput:  1239.5 MB/s  Total: 3397.22 GB
[ 2806.7s] IOs:    890661982  IOPS:   317331  Throughput:  1239.6 MB/s  Total: 3397.61 GB
[ 2807.1s] IOs:    890762337  IOPS:   317328  Throughput:  1239.6 MB/s  Total: 3397.99 GB
[ 2807.3s] IOs:    890863130  IOPS:   317339  Throughput:  1239.6 MB/s  Total: 3398.37 GB
[ 2807.8s] IOs:    890963947  IOPS:   317319  Throughput:  1239.5 MB/s  Total: 3398.76 GB
[ 2808.0s] IOs:    891064739  IOPS:   317330  Throughput:  1239.6 MB/s  Total: 3399.14 GB
[ 2808.2s] IOs:    891165188  IOPS:   317341  Throughput:  1239.6 MB/s  Total: 3399.53 GB
[ 2808.7s] IOs:    891265878  IOPS:   317328  Throughput:  1239.6 MB/s  Total: 3399.91 GB
[ 2809.0s] IOs:    891366557  IOPS:   317326  Throughput:  1239.6 MB/s  Total: 3400.29 GB
[ 2809.2s] IOs:    891467093  IOPS:   317337  Throughput:  1239.6 MB/s  Total: 3400.68 GB
[ 2809.6s] IOs:    891567737  IOPS:   317332  Throughput:  1239.6 MB/s  Total: 3401.06 GB
[ 2809.8s] IOs:    891668451  IOPS:   317343  Throughput:  1239.6 MB/s  Total: 3401.45 GB
[ 2810.1s] IOs:    891768609  IOPS:   317340  Throughput:  1239.6 MB/s  Total: 3401.83 GB
[ 2810.5s] IOs:    891869257  IOPS:   317335  Throughput:  1239.6 MB/s  Total: 3402.21 GB
[ 2810.7s] IOs:    891969754  IOPS:   317347  Throughput:  1239.6 MB/s  Total: 3402.59 GB
[ 2811.1s] IOs:    892070414  IOPS:   317344  Throughput:  1239.6 MB/s  Total: 3402.98 GB
[ 2811.3s] IOs:    892171257  IOPS:   317356  Throughput:  1239.7 MB/s  Total: 3403.36 GB
[ 2811.6s] IOs:    892272100  IOPS:   317350  Throughput:  1239.6 MB/s  Total: 3403.75 GB
[ 2811.9s] IOs:    892372968  IOPS:   317361  Throughput:  1239.7 MB/s  Total: 3404.13 GB
[ 2812.4s] IOs:    892472984  IOPS:   317338  Throughput:  1239.6 MB/s  Total: 3404.51 GB
[ 2812.6s] IOs:    892573687  IOPS:   317348  Throughput:  1239.6 MB/s  Total: 3404.90 GB
[ 2813.2s] IOs:    892674197  IOPS:   317314  Throughput:  1239.5 MB/s  Total: 3405.28 GB
[ 2813.5s] IOs:    892774216  IOPS:   317313  Throughput:  1239.5 MB/s  Total: 3405.66 GB
[ 2814.0s] IOs:    892874569  IOPS:   317298  Throughput:  1239.4 MB/s  Total: 3406.05 GB
[ 2814.3s] IOs:    892974606  IOPS:   317304  Throughput:  1239.5 MB/s  Total: 3406.43 GB
[ 2814.7s] IOs:    893075561  IOPS:   317294  Throughput:  1239.4 MB/s  Total: 3406.81 GB
[Reader] Parsed 112000000 lines, distributed 893111606 writes, unique 720.00 GB, skipped 51075503
[ 2815.1s] IOs:    893176341  IOPS:   317281  Throughput:  1239.4 MB/s  Total: 3407.20 GB
[ 2815.4s] IOs:    893276428  IOPS:   317286  Throughput:  1239.4 MB/s  Total: 3407.58 GB
[ 2815.7s] IOs:    893376886  IOPS:   317285  Throughput:  1239.4 MB/s  Total: 3407.96 GB
[ 2816.1s] IOs:    893477506  IOPS:   317274  Throughput:  1239.4 MB/s  Total: 3408.35 GB
[ 2816.5s] IOs:    893578306  IOPS:   317268  Throughput:  1239.3 MB/s  Total: 3408.73 GB
[ 2816.7s] IOs:    893679072  IOPS:   317277  Throughput:  1239.4 MB/s  Total: 3409.12 GB
[ 2817.4s] IOs:    893779761  IOPS:   317231  Throughput:  1239.2 MB/s  Total: 3409.50 GB
[ 2818.0s] IOs:    893880145  IOPS:   317200  Throughput:  1239.1 MB/s  Total: 3409.88 GB
[ 2818.6s] IOs:    893980159  IOPS:   317172  Throughput:  1239.0 MB/s  Total: 3410.26 GB
[ 2819.1s] IOs:    894081172  IOPS:   317148  Throughput:  1238.9 MB/s  Total: 3410.65 GB
[ 2819.7s] IOs:    894181926  IOPS:   317123  Throughput:  1238.8 MB/s  Total: 3411.03 GB
[ 2820.2s] IOs:    894282768  IOPS:   317094  Throughput:  1238.6 MB/s  Total: 3411.42 GB
[ 2820.8s] IOs:    894383487  IOPS:   317070  Throughput:  1238.6 MB/s  Total: 3411.80 GB
[ 2821.4s] IOs:    894484056  IOPS:   317040  Throughput:  1238.4 MB/s  Total: 3412.19 GB
[ 2821.7s] IOs:    894584637  IOPS:   317039  Throughput:  1238.4 MB/s  Total: 3412.57 GB
[ 2822.2s] IOs:    894685247  IOPS:   317015  Throughput:  1238.3 MB/s  Total: 3412.95 GB
[ 2822.7s] IOs:    894785746  IOPS:   316998  Throughput:  1238.3 MB/s  Total: 3413.34 GB
[ 2823.2s] IOs:    894886364  IOPS:   316980  Throughput:  1238.2 MB/s  Total: 3413.72 GB
[ 2823.6s] IOs:    894987058  IOPS:   316967  Throughput:  1238.2 MB/s  Total: 3414.10 GB
[ 2824.0s] IOs:    895087697  IOPS:   316960  Throughput:  1238.1 MB/s  Total: 3414.49 GB
[ 2824.3s] IOs:    895188505  IOPS:   316960  Throughput:  1238.1 MB/s  Total: 3414.87 GB
[ 2824.7s] IOs:    895289187  IOPS:   316948  Throughput:  1238.1 MB/s  Total: 3415.26 GB
[ 2825.2s] IOs:    895389659  IOPS:   316927  Throughput:  1238.0 MB/s  Total: 3415.64 GB
[ 2825.5s] IOs:    895490283  IOPS:   316928  Throughput:  1238.0 MB/s  Total: 3416.02 GB
[ 2825.8s] IOs:    895590867  IOPS:   316936  Throughput:  1238.0 MB/s  Total: 3416.41 GB
[ 2826.2s] IOs:    895691640  IOPS:   316928  Throughput:  1238.0 MB/s  Total: 3416.79 GB
[ 2826.6s] IOs:    895792399  IOPS:   316919  Throughput:  1238.0 MB/s  Total: 3417.18 GB
[ 2826.8s] IOs:    895892479  IOPS:   316928  Throughput:  1238.0 MB/s  Total: 3417.56 GB
[ 2827.1s] IOs:    895993146  IOPS:   316926  Throughput:  1238.0 MB/s  Total: 3417.94 GB
[ 2827.4s] IOs:    896093592  IOPS:   316936  Throughput:  1238.0 MB/s  Total: 3418.33 GB
[ 2827.7s] IOs:    896193856  IOPS:   316932  Throughput:  1238.0 MB/s  Total: 3418.71 GB
[ 2828.0s] IOs:    896294445  IOPS:   316930  Throughput:  1238.0 MB/s  Total: 3419.09 GB
[ 2828.3s] IOs:    896394715  IOPS:   316940  Throughput:  1238.0 MB/s  Total: 3419.47 GB
[ 2828.6s] IOs:    896495759  IOPS:   316941  Throughput:  1238.1 MB/s  Total: 3419.86 GB
[ 2828.8s] IOs:    896596453  IOPS:   316949  Throughput:  1238.1 MB/s  Total: 3420.24 GB
[ 2829.3s] IOs:    896697163  IOPS:   316933  Throughput:  1238.0 MB/s  Total: 3420.63 GB
[ 2829.5s] IOs:    896798085  IOPS:   316944  Throughput:  1238.1 MB/s  Total: 3421.01 GB
[ 2829.7s] IOs:    896898689  IOPS:   316956  Throughput:  1238.1 MB/s  Total: 3421.40 GB
[ 2830.1s] IOs:    896999356  IOPS:   316950  Throughput:  1238.1 MB/s  Total: 3421.78 GB
[ 2830.3s] IOs:    897099834  IOPS:   316962  Throughput:  1238.1 MB/s  Total: 3422.16 GB
[ 2830.7s] IOs:    897200396  IOPS:   316959  Throughput:  1238.1 MB/s  Total: 3422.55 GB
[ 2830.9s] IOs:    897301292  IOPS:   316971  Throughput:  1238.2 MB/s  Total: 3422.93 GB
[ 2831.2s] IOs:    897401777  IOPS:   316969  Throughput:  1238.2 MB/s  Total: 3423.32 GB
[ 2831.5s] IOs:    897502362  IOPS:   316969  Throughput:  1238.2 MB/s  Total: 3423.70 GB
[ 2831.7s] IOs:    897603009  IOPS:   316980  Throughput:  1238.2 MB/s  Total: 3424.08 GB
[ 2832.1s] IOs:    897703889  IOPS:   316978  Throughput:  1238.2 MB/s  Total: 3424.47 GB
[ 2832.3s] IOs:    897804913  IOPS:   316991  Throughput:  1238.2 MB/s  Total: 3424.85 GB
[ 2832.6s] IOs:    897905604  IOPS:   316986  Throughput:  1238.2 MB/s  Total: 3425.24 GB
[ 2832.9s] IOs:    898006094  IOPS:   316991  Throughput:  1238.2 MB/s  Total: 3425.62 GB
[ 2833.1s] IOs:    898106507  IOPS:   317001  Throughput:  1238.3 MB/s  Total: 3426.00 GB
[ 2833.3s] IOs:    898207197  IOPS:   317014  Throughput:  1238.3 MB/s  Total: 3426.39 GB
[ 2833.6s] IOs:    898307538  IOPS:   317016  Throughput:  1238.3 MB/s  Total: 3426.77 GB
[ 2833.8s] IOs:    898408024  IOPS:   317028  Throughput:  1238.4 MB/s  Total: 3427.15 GB
[ 2834.2s] IOs:    898508317  IOPS:   317028  Throughput:  1238.4 MB/s  Total: 3427.54 GB
[ 2834.4s] IOs:    898608551  IOPS:   317040  Throughput:  1238.4 MB/s  Total: 3427.92 GB
[ 2834.8s] IOs:    898709104  IOPS:   317025  Throughput:  1238.4 MB/s  Total: 3428.30 GB
[ 2835.0s] IOs:    898809605  IOPS:   317037  Throughput:  1238.4 MB/s  Total: 3428.69 GB
[ 2835.2s] IOs:    898910465  IOPS:   317049  Throughput:  1238.5 MB/s  Total: 3429.07 GB
[ 2835.6s] IOs:    899011413  IOPS:   317045  Throughput:  1238.5 MB/s  Total: 3429.46 GB
[ 2835.9s] IOs:    899111917  IOPS:   317043  Throughput:  1238.4 MB/s  Total: 3429.84 GB
[ 2836.2s] IOs:    899212451  IOPS:   317051  Throughput:  1238.5 MB/s  Total: 3430.22 GB
[ 2836.4s] IOs:    899313134  IOPS:   317063  Throughput:  1238.5 MB/s  Total: 3430.61 GB
[ 2837.0s] IOs:    899413816  IOPS:   317034  Throughput:  1238.4 MB/s  Total: 3430.99 GB
[ 2837.3s] IOs:    899514776  IOPS:   317037  Throughput:  1238.4 MB/s  Total: 3431.38 GB
[ 2837.7s] IOs:    899615336  IOPS:   317022  Throughput:  1238.4 MB/s  Total: 3431.76 GB
[ 2838.2s] IOs:    899715976  IOPS:   317006  Throughput:  1238.3 MB/s  Total: 3432.14 GB
[ 2838.6s] IOs:    899816721  IOPS:   316997  Throughput:  1238.3 MB/s  Total: 3432.53 GB
[ 2838.9s] IOs:    899916759  IOPS:   316998  Throughput:  1238.3 MB/s  Total: 3432.91 GB
[ 2839.2s] IOs:    900017568  IOPS:   316993  Throughput:  1238.3 MB/s  Total: 3433.29 GB
[ 2839.7s] IOs:    900118246  IOPS:   316977  Throughput:  1238.2 MB/s  Total: 3433.68 GB
[ 2840.1s] IOs:    900218678  IOPS:   316970  Throughput:  1238.2 MB/s  Total: 3434.06 GB
[ 2840.3s] IOs:    900319571  IOPS:   316979  Throughput:  1238.2 MB/s  Total: 3434.45 GB
[ 2840.8s] IOs:    900420273  IOPS:   316955  Throughput:  1238.1 MB/s  Total: 3434.83 GB
[ 2841.1s] IOs:    900520829  IOPS:   316965  Throughput:  1238.1 MB/s  Total: 3435.21 GB
[ 2841.3s] IOs:    900620896  IOPS:   316971  Throughput:  1238.2 MB/s  Total: 3435.60 GB
[ 2841.8s] IOs:    900721711  IOPS:   316954  Throughput:  1238.1 MB/s  Total: 3435.98 GB
[Reader] Parsed 113000000 lines, distributed 900776614 writes, unique 720.00 GB, skipped 53343793
[ 2842.0s] IOs:    900822290  IOPS:   316965  Throughput:  1238.1 MB/s  Total: 3436.36 GB
[ 2842.3s] IOs:    900922890  IOPS:   316972  Throughput:  1238.2 MB/s  Total: 3436.75 GB
[ 2842.6s] IOs:    901023925  IOPS:   316973  Throughput:  1238.2 MB/s  Total: 3437.13 GB
[ 2842.8s] IOs:    901124601  IOPS:   316984  Throughput:  1238.2 MB/s  Total: 3437.52 GB
[ 2843.1s] IOs:    901225079  IOPS:   316982  Throughput:  1238.2 MB/s  Total: 3437.90 GB
[ 2843.4s] IOs:    901325943  IOPS:   316991  Throughput:  1238.2 MB/s  Total: 3438.29 GB
[ 2843.7s] IOs:    901426647  IOPS:   316994  Throughput:  1238.3 MB/s  Total: 3438.67 GB
[ 2843.9s] IOs:    901527266  IOPS:   317007  Throughput:  1238.3 MB/s  Total: 3439.05 GB
[ 2844.3s] IOs:    901627740  IOPS:   316992  Throughput:  1238.2 MB/s  Total: 3439.44 GB
[ 2844.5s] IOs:    901728430  IOPS:   317003  Throughput:  1238.3 MB/s  Total: 3439.82 GB
[ 2844.8s] IOs:    901828893  IOPS:   317012  Throughput:  1238.3 MB/s  Total: 3440.20 GB
[ 2845.1s] IOs:    901929640  IOPS:   317015  Throughput:  1238.3 MB/s  Total: 3440.59 GB
[ 2845.3s] IOs:    902030499  IOPS:   317022  Throughput:  1238.4 MB/s  Total: 3440.97 GB
[ 2845.6s] IOs:    902131446  IOPS:   317030  Throughput:  1238.4 MB/s  Total: 3441.36 GB
[ 2845.8s] IOs:    902232035  IOPS:   317041  Throughput:  1238.4 MB/s  Total: 3441.74 GB
[ 2846.0s] IOs:    902332774  IOPS:   317053  Throughput:  1238.5 MB/s  Total: 3442.13 GB
[ 2846.3s] IOs:    902433128  IOPS:   317055  Throughput:  1238.5 MB/s  Total: 3442.51 GB
[ 2846.5s] IOs:    902533869  IOPS:   317067  Throughput:  1238.5 MB/s  Total: 3442.89 GB
[ 2846.7s] IOs:    902634134  IOPS:   317076  Throughput:  1238.6 MB/s  Total: 3443.28 GB
[ 2847.0s] IOs:    902734624  IOPS:   317087  Throughput:  1238.6 MB/s  Total: 3443.66 GB
[ 2847.3s] IOs:    902835349  IOPS:   317085  Throughput:  1238.6 MB/s  Total: 3444.04 GB
[ 2847.5s] IOs:    902936343  IOPS:   317094  Throughput:  1238.6 MB/s  Total: 3444.43 GB
[ 2847.7s] IOs:    903037077  IOPS:   317106  Throughput:  1238.7 MB/s  Total: 3444.81 GB
[ 2848.1s] IOs:    903137789  IOPS:   317100  Throughput:  1238.7 MB/s  Total: 3445.20 GB
[ 2848.3s] IOs:    903238685  IOPS:   317111  Throughput:  1238.7 MB/s  Total: 3445.58 GB
[ 2848.6s] IOs:    903339357  IOPS:   317114  Throughput:  1238.7 MB/s  Total: 3445.97 GB
[ 2849.0s] IOs:    903440042  IOPS:   317105  Throughput:  1238.7 MB/s  Total: 3446.35 GB
[ 2849.3s] IOs:    903540604  IOPS:   317114  Throughput:  1238.7 MB/s  Total: 3446.73 GB
[ 2849.7s] IOs:    903641351  IOPS:   317103  Throughput:  1238.7 MB/s  Total: 3447.12 GB
[ 2849.9s] IOs:    903741769  IOPS:   317113  Throughput:  1238.7 MB/s  Total: 3447.50 GB
[ 2850.3s] IOs:    903842052  IOPS:   317108  Throughput:  1238.7 MB/s  Total: 3447.88 GB
[ 2850.6s] IOs:    903942596  IOPS:   317107  Throughput:  1238.7 MB/s  Total: 3448.27 GB
[ 2850.9s] IOs:    904043436  IOPS:   317105  Throughput:  1238.7 MB/s  Total: 3448.65 GB
[ 2851.2s] IOs:    904144197  IOPS:   317113  Throughput:  1238.7 MB/s  Total: 3449.04 GB
[ 2851.4s] IOs:    904244432  IOPS:   317119  Throughput:  1238.7 MB/s  Total: 3449.42 GB
[ 2851.7s] IOs:    904344661  IOPS:   317126  Throughput:  1238.8 MB/s  Total: 3449.80 GB
[ 2851.9s] IOs:    904444993  IOPS:   317133  Throughput:  1238.8 MB/s  Total: 3450.18 GB
[ 2852.2s] IOs:    904545672  IOPS:   317138  Throughput:  1238.8 MB/s  Total: 3450.57 GB
[ 2852.4s] IOs:    904646391  IOPS:   317148  Throughput:  1238.9 MB/s  Total: 3450.95 GB
[ 2852.8s] IOs:    904746769  IOPS:   317148  Throughput:  1238.9 MB/s  Total: 3451.34 GB
[ 2853.0s] IOs:    904847104  IOPS:   317157  Throughput:  1238.9 MB/s  Total: 3451.72 GB
[ 2853.4s] IOs:    904947410  IOPS:   317144  Throughput:  1238.8 MB/s  Total: 3452.10 GB
[ 2853.6s] IOs:    905048016  IOPS:   317155  Throughput:  1238.9 MB/s  Total: 3452.48 GB
[ 2853.9s] IOs:    905148651  IOPS:   317161  Throughput:  1238.9 MB/s  Total: 3452.87 GB
[ 2854.2s] IOs:    905249522  IOPS:   317162  Throughput:  1238.9 MB/s  Total: 3453.25 GB
[ 2854.4s] IOs:    905349934  IOPS:   317173  Throughput:  1239.0 MB/s  Total: 3453.64 GB
[ 2854.8s] IOs:    905450441  IOPS:   317169  Throughput:  1238.9 MB/s  Total: 3454.02 GB
[ 2855.1s] IOs:    905551152  IOPS:   317169  Throughput:  1238.9 MB/s  Total: 3454.40 GB
[ 2855.3s] IOs:    905651624  IOPS:   317181  Throughput:  1239.0 MB/s  Total: 3454.79 GB
[ 2855.6s] IOs:    905752329  IOPS:   317181  Throughput:  1239.0 MB/s  Total: 3455.17 GB
[ 2856.0s] IOs:    905852943  IOPS:   317177  Throughput:  1239.0 MB/s  Total: 3455.55 GB
[ 2856.2s] IOs:    905953651  IOPS:   317189  Throughput:  1239.0 MB/s  Total: 3455.94 GB
[ 2856.4s] IOs:    906054049  IOPS:   317200  Throughput:  1239.1 MB/s  Total: 3456.32 GB
[ 2856.8s] IOs:    906154920  IOPS:   317197  Throughput:  1239.1 MB/s  Total: 3456.71 GB
[ 2857.1s] IOs:    906255874  IOPS:   317190  Throughput:  1239.0 MB/s  Total: 3457.09 GB
[ 2857.3s] IOs:    906356543  IOPS:   317202  Throughput:  1239.1 MB/s  Total: 3457.48 GB
[ 2857.7s] IOs:    906457138  IOPS:   317202  Throughput:  1239.1 MB/s  Total: 3457.86 GB
[ 2857.9s] IOs:    906558063  IOPS:   317213  Throughput:  1239.1 MB/s  Total: 3458.24 GB
[ 2858.2s] IOs:    906658930  IOPS:   317214  Throughput:  1239.1 MB/s  Total: 3458.63 GB
[ 2858.4s] IOs:    906759675  IOPS:   317223  Throughput:  1239.2 MB/s  Total: 3459.01 GB
[ 2858.8s] IOs:    906860022  IOPS:   317212  Throughput:  1239.1 MB/s  Total: 3459.40 GB
[ 2859.1s] IOs:    906960201  IOPS:   317224  Throughput:  1239.2 MB/s  Total: 3459.78 GB
[ 2859.3s] IOs:    907060988  IOPS:   317231  Throughput:  1239.2 MB/s  Total: 3460.16 GB
[ 2859.6s] IOs:    907161533  IOPS:   317235  Throughput:  1239.2 MB/s  Total: 3460.55 GB
[ 2859.8s] IOs:    907262128  IOPS:   317244  Throughput:  1239.2 MB/s  Total: 3460.93 GB
[ 2860.1s] IOs:    907362562  IOPS:   317248  Throughput:  1239.2 MB/s  Total: 3461.31 GB
[ 2860.3s] IOs:    907463150  IOPS:   317258  Throughput:  1239.3 MB/s  Total: 3461.70 GB
[ 2860.6s] IOs:    907563935  IOPS:   317263  Throughput:  1239.3 MB/s  Total: 3462.08 GB
[ 2860.8s] IOs:    907663986  IOPS:   317275  Throughput:  1239.4 MB/s  Total: 3462.46 GB
[ 2861.1s] IOs:    907765017  IOPS:   317276  Throughput:  1239.4 MB/s  Total: 3462.85 GB
[ 2861.3s] IOs:    907865578  IOPS:   317287  Throughput:  1239.4 MB/s  Total: 3463.23 GB
[ 2861.6s] IOs:    907966289  IOPS:   317291  Throughput:  1239.4 MB/s  Total: 3463.62 GB
[ 2861.9s] IOs:    908066847  IOPS:   317300  Throughput:  1239.5 MB/s  Total: 3464.00 GB
[ 2862.2s] IOs:    908167667  IOPS:   317295  Throughput:  1239.4 MB/s  Total: 3464.38 GB
[ 2862.5s] IOs:    908268459  IOPS:   317297  Throughput:  1239.4 MB/s  Total: 3464.77 GB
[ 2862.7s] IOs:    908369060  IOPS:   317308  Throughput:  1239.5 MB/s  Total: 3465.15 GB
[ 2863.2s] IOs:    908469388  IOPS:   317293  Throughput:  1239.4 MB/s  Total: 3465.54 GB
[ 2863.4s] IOs:    908570099  IOPS:   317305  Throughput:  1239.5 MB/s  Total: 3465.92 GB
[ 2863.8s] IOs:    908671017  IOPS:   317296  Throughput:  1239.4 MB/s  Total: 3466.30 GB
[ 2864.2s] IOs:    908771896  IOPS:   317285  Throughput:  1239.4 MB/s  Total: 3466.69 GB
[ 2864.4s] IOs:    908872650  IOPS:   317297  Throughput:  1239.4 MB/s  Total: 3467.07 GB
[ 2864.7s] IOs:    908972893  IOPS:   317298  Throughput:  1239.4 MB/s  Total: 3467.46 GB
[ 2865.1s] IOs:    909073480  IOPS:   317294  Throughput:  1239.4 MB/s  Total: 3467.84 GB
[ 2865.4s] IOs:    909174172  IOPS:   317293  Throughput:  1239.4 MB/s  Total: 3468.22 GB
[ 2865.6s] IOs:    909274270  IOPS:   317303  Throughput:  1239.5 MB/s  Total: 3468.61 GB
[Reader] Parsed 114000000 lines, distributed 909284740 writes, unique 720.00 GB, skipped 55561363
[ 2865.8s] IOs:    909374986  IOPS:   317315  Throughput:  1239.5 MB/s  Total: 3468.99 GB
[ 2866.2s] IOs:    909475761  IOPS:   317315  Throughput:  1239.5 MB/s  Total: 3469.37 GB
[ 2866.4s] IOs:    909576436  IOPS:   317322  Throughput:  1239.5 MB/s  Total: 3469.76 GB
[ 2866.8s] IOs:    909677353  IOPS:   317318  Throughput:  1239.5 MB/s  Total: 3470.14 GB
[ 2867.0s] IOs:    909777502  IOPS:   317326  Throughput:  1239.6 MB/s  Total: 3470.53 GB
[ 2867.2s] IOs:    909878309  IOPS:   317335  Throughput:  1239.6 MB/s  Total: 3470.91 GB
[ 2867.5s] IOs:    909978982  IOPS:   317346  Throughput:  1239.6 MB/s  Total: 3471.29 GB
[ 2867.8s] IOs:    910079357  IOPS:   317345  Throughput:  1239.6 MB/s  Total: 3471.68 GB
[ 2868.1s] IOs:    910180127  IOPS:   317346  Throughput:  1239.6 MB/s  Total: 3472.06 GB
[ 2868.3s] IOs:    910281042  IOPS:   317358  Throughput:  1239.7 MB/s  Total: 3472.45 GB
[ 2868.7s] IOs:    910381533  IOPS:   317353  Throughput:  1239.7 MB/s  Total: 3472.83 GB
[ 2868.9s] IOs:    910482031  IOPS:   317363  Throughput:  1239.7 MB/s  Total: 3473.21 GB
[ 2869.2s] IOs:    910582598  IOPS:   317368  Throughput:  1239.7 MB/s  Total: 3473.60 GB
[ 2869.4s] IOs:    910682998  IOPS:   317378  Throughput:  1239.8 MB/s  Total: 3473.98 GB
[ 2869.7s] IOs:    910783453  IOPS:   317383  Throughput:  1239.8 MB/s  Total: 3474.36 GB
[ 2869.9s] IOs:    910884099  IOPS:   317394  Throughput:  1239.8 MB/s  Total: 3474.75 GB
[ 2870.2s] IOs:    910984782  IOPS:   317398  Throughput:  1239.8 MB/s  Total: 3475.13 GB
[ 2870.4s] IOs:    911085833  IOPS:   317409  Throughput:  1239.9 MB/s  Total: 3475.52 GB
[ 2870.7s] IOs:    911186621  IOPS:   317413  Throughput:  1239.9 MB/s  Total: 3475.90 GB
[ 2870.9s] IOs:    911287188  IOPS:   317427  Throughput:  1239.9 MB/s  Total: 3476.28 GB
[ 2871.1s] IOs:    911387963  IOPS:   317433  Throughput:  1240.0 MB/s  Total: 3476.67 GB
[ 2871.3s] IOs:    911488696  IOPS:   317443  Throughput:  1240.0 MB/s  Total: 3477.05 GB
[ 2871.8s] IOs:    911589280  IOPS:   317432  Throughput:  1240.0 MB/s  Total: 3477.44 GB
[ 2872.0s] IOs:    911689953  IOPS:   317442  Throughput:  1240.0 MB/s  Total: 3477.82 GB
[ 2872.3s] IOs:    911790780  IOPS:   317443  Throughput:  1240.0 MB/s  Total: 3478.21 GB
[ 2872.5s] IOs:    911891088  IOPS:   317456  Throughput:  1240.1 MB/s  Total: 3478.59 GB
[ 2872.8s] IOs:    911991580  IOPS:   317454  Throughput:  1240.1 MB/s  Total: 3478.97 GB
[ 2873.0s] IOs:    912092218  IOPS:   317466  Throughput:  1240.1 MB/s  Total: 3479.36 GB
[ 2873.3s] IOs:    912193153  IOPS:   317475  Throughput:  1240.1 MB/s  Total: 3479.74 GB
[ 2873.5s] IOs:    912293903  IOPS:   317489  Throughput:  1240.2 MB/s  Total: 3480.13 GB
[ 2873.8s] IOs:    912394445  IOPS:   317491  Throughput:  1240.2 MB/s  Total: 3480.51 GB
[ 2873.9s] IOs:    912494622  IOPS:   317507  Throughput:  1240.3 MB/s  Total: 3480.89 GB
[ 2874.3s] IOs:    912595137  IOPS:   317503  Throughput:  1240.2 MB/s  Total: 3481.27 GB
[ 2874.5s] IOs:    912695743  IOPS:   317519  Throughput:  1240.3 MB/s  Total: 3481.66 GB
[ 2874.8s] IOs:    912796504  IOPS:   317521  Throughput:  1240.3 MB/s  Total: 3482.04 GB
[ 2875.0s] IOs:    912896533  IOPS:   317532  Throughput:  1240.4 MB/s  Total: 3482.42 GB
[ 2875.2s] IOs:    912997225  IOPS:   317540  Throughput:  1240.4 MB/s  Total: 3482.81 GB
[ 2875.4s] IOs:    913098078  IOPS:   317555  Throughput:  1240.4 MB/s  Total: 3483.19 GB
[ 2875.7s] IOs:    913198885  IOPS:   317560  Throughput:  1240.5 MB/s  Total: 3483.58 GB
[ 2875.8s] IOs:    913299565  IOPS:   317576  Throughput:  1240.5 MB/s  Total: 3483.96 GB
[ 2876.0s] IOs:    913399915  IOPS:   317591  Throughput:  1240.6 MB/s  Total: 3484.34 GB
[ 2876.3s] IOs:    913500499  IOPS:   317597  Throughput:  1240.6 MB/s  Total: 3484.73 GB
[ 2876.5s] IOs:    913600903  IOPS:   317611  Throughput:  1240.7 MB/s  Total: 3485.11 GB
[ 2876.7s] IOs:    913701794  IOPS:   317622  Throughput:  1240.7 MB/s  Total: 3485.50 GB
[ 2876.9s] IOs:    913802403  IOPS:   317637  Throughput:  1240.8 MB/s  Total: 3485.88 GB
[ 2877.1s] IOs:    913903097  IOPS:   317652  Throughput:  1240.8 MB/s  Total: 3486.26 GB
[ 2877.5s] IOs:    914003582  IOPS:   317638  Throughput:  1240.8 MB/s  Total: 3486.65 GB
[ 2877.8s] IOs:    914104493  IOPS:   317644  Throughput:  1240.8 MB/s  Total: 3487.03 GB
[ 2878.3s] IOs:    914205412  IOPS:   317614  Throughput:  1240.7 MB/s  Total: 3487.42 GB
[ 2878.8s] IOs:    914305498  IOPS:   317601  Throughput:  1240.6 MB/s  Total: 3487.80 GB
[ 2879.3s] IOs:    914406217  IOPS:   317581  Throughput:  1240.6 MB/s  Total: 3488.18 GB
[ 2879.8s] IOs:    914506801  IOPS:   317559  Throughput:  1240.5 MB/s  Total: 3488.57 GB
[ 2880.2s] IOs:    914607266  IOPS:   317547  Throughput:  1240.4 MB/s  Total: 3488.95 GB
[ 2880.4s] IOs:    914708105  IOPS:   317560  Throughput:  1240.5 MB/s  Total: 3489.33 GB
[ 2880.8s] IOs:    914808790  IOPS:   317549  Throughput:  1240.4 MB/s  Total: 3489.72 GB
[ 2881.3s] IOs:    914909646  IOPS:   317533  Throughput:  1240.4 MB/s  Total: 3490.10 GB
[ 2881.7s] IOs:    915010170  IOPS:   317527  Throughput:  1240.3 MB/s  Total: 3490.49 GB
[ 2881.9s] IOs:    915110840  IOPS:   317540  Throughput:  1240.4 MB/s  Total: 3490.87 GB
[ 2882.5s] IOs:    915211520  IOPS:   317510  Throughput:  1240.3 MB/s  Total: 3491.25 GB
[ 2882.7s] IOs:    915311921  IOPS:   317521  Throughput:  1240.3 MB/s  Total: 3491.64 GB
[ 2882.9s] IOs:    915412617  IOPS:   317536  Throughput:  1240.4 MB/s  Total: 3492.02 GB
[ 2883.3s] IOs:    915512970  IOPS:   317521  Throughput:  1240.3 MB/s  Total: 3492.40 GB
[ 2883.5s] IOs:    915613666  IOPS:   317536  Throughput:  1240.4 MB/s  Total: 3492.79 GB
[ 2883.9s] IOs:    915713736  IOPS:   317531  Throughput:  1240.4 MB/s  Total: 3493.17 GB
[ 2884.3s] IOs:    915814299  IOPS:   317517  Throughput:  1240.3 MB/s  Total: 3493.55 GB
[ 2884.5s] IOs:    915914961  IOPS:   317533  Throughput:  1240.4 MB/s  Total: 3493.94 GB
[ 2885.0s] IOs:    916015676  IOPS:   317508  Throughput:  1240.3 MB/s  Total: 3494.32 GB
[ 2885.2s] IOs:    916116329  IOPS:   317523  Throughput:  1240.3 MB/s  Total: 3494.71 GB
[ 2885.4s] IOs:    916216794  IOPS:   317538  Throughput:  1240.4 MB/s  Total: 3495.09 GB
[ 2885.8s] IOs:    916317488  IOPS:   317521  Throughput:  1240.3 MB/s  Total: 3495.47 GB
[ 2886.0s] IOs:    916417908  IOPS:   317536  Throughput:  1240.4 MB/s  Total: 3495.86 GB
[ 2886.3s] IOs:    916518674  IOPS:   317537  Throughput:  1240.4 MB/s  Total: 3496.24 GB
[ 2886.7s] IOs:    916619037  IOPS:   317534  Throughput:  1240.4 MB/s  Total: 3496.62 GB
[ 2886.9s] IOs:    916719265  IOPS:   317545  Throughput:  1240.4 MB/s  Total: 3497.01 GB
[ 2887.2s] IOs:    916820015  IOPS:   317546  Throughput:  1240.4 MB/s  Total: 3497.39 GB
[ 2887.4s] IOs:    916920654  IOPS:   317560  Throughput:  1240.5 MB/s  Total: 3497.77 GB
[ 2887.7s] IOs:    917021264  IOPS:   317559  Throughput:  1240.5 MB/s  Total: 3498.16 GB
[ 2887.9s] IOs:    917121831  IOPS:   317574  Throughput:  1240.5 MB/s  Total: 3498.54 GB
[ 2888.2s] IOs:    917222322  IOPS:   317571  Throughput:  1240.5 MB/s  Total: 3498.93 GB
[Reader] Parsed 115000000 lines, distributed 917268711 writes, unique 720.00 GB, skipped 57047055
[ 2888.4s] IOs:    917322830  IOPS:   317586  Throughput:  1240.6 MB/s  Total: 3499.31 GB
[ 2888.8s] IOs:    917423234  IOPS:   317584  Throughput:  1240.6 MB/s  Total: 3499.69 GB
[ 2888.9s] IOs:    917523987  IOPS:   317599  Throughput:  1240.6 MB/s  Total: 3500.08 GB
[ 2889.4s] IOs:    917624471  IOPS:   317583  Throughput:  1240.6 MB/s  Total: 3500.46 GB
[ 2889.6s] IOs:    917725012  IOPS:   317599  Throughput:  1240.6 MB/s  Total: 3500.84 GB
[ 2889.8s] IOs:    917825281  IOPS:   317611  Throughput:  1240.7 MB/s  Total: 3501.23 GB
[ 2890.0s] IOs:    917925294  IOPS:   317626  Throughput:  1240.7 MB/s  Total: 3501.61 GB
[ 2890.3s] IOs:    918025793  IOPS:   317626  Throughput:  1240.7 MB/s  Total: 3501.99 GB
[ 2890.4s] IOs:    918126376  IOPS:   317642  Throughput:  1240.8 MB/s  Total: 3502.37 GB
[ 2890.7s] IOs:    918227016  IOPS:   317644  Throughput:  1240.8 MB/s  Total: 3502.76 GB
[ 2890.9s] IOs:    918327457  IOPS:   317659  Throughput:  1240.9 MB/s  Total: 3503.14 GB
[ 2891.2s] IOs:    918427520  IOPS:   317663  Throughput:  1240.9 MB/s  Total: 3503.52 GB
[ 2891.4s] IOs:    918527577  IOPS:   317678  Throughput:  1240.9 MB/s  Total: 3503.90 GB
[ 2891.6s] IOs:    918627968  IOPS:   317693  Throughput:  1241.0 MB/s  Total: 3504.29 GB
[ 2891.8s] IOs:    918728398  IOPS:   317697  Throughput:  1241.0 MB/s  Total: 3504.67 GB
[ 2892.1s] IOs:    918828821  IOPS:   317708  Throughput:  1241.0 MB/s  Total: 3505.05 GB
[ 2892.3s] IOs:    918929542  IOPS:   317718  Throughput:  1241.1 MB/s  Total: 3505.44 GB
[ 2892.5s] IOs:    919029976  IOPS:   317734  Throughput:  1241.1 MB/s  Total: 3505.82 GB
[ 2892.8s] IOs:    919130922  IOPS:   317736  Throughput:  1241.2 MB/s  Total: 3506.21 GB
[ 2892.9s] IOs:    919231350  IOPS:   317752  Throughput:  1241.2 MB/s  Total: 3506.59 GB
[ 2893.1s] IOs:    919331774  IOPS:   317766  Throughput:  1241.3 MB/s  Total: 3506.97 GB
[ 2893.4s] IOs:    919432326  IOPS:   317772  Throughput:  1241.3 MB/s  Total: 3507.36 GB
[ 2893.5s] IOs:    919532971  IOPS:   317788  Throughput:  1241.4 MB/s  Total: 3507.74 GB
[ 2893.8s] IOs:    919633913  IOPS:   317794  Throughput:  1241.4 MB/s  Total: 3508.12 GB
[ 2894.0s] IOs:    919734185  IOPS:   317809  Throughput:  1241.4 MB/s  Total: 3508.51 GB
[ 2894.2s] IOs:    919834412  IOPS:   317825  Throughput:  1241.5 MB/s  Total: 3508.89 GB
[ 2894.4s] IOs:    919934727  IOPS:   317835  Throughput:  1241.5 MB/s  Total: 3509.27 GB
[ 2894.6s] IOs:    920035703  IOPS:   317849  Throughput:  1241.6 MB/s  Total: 3509.66 GB
[ 2894.8s] IOs:    920136284  IOPS:   317863  Throughput:  1241.7 MB/s  Total: 3510.04 GB
[ 2894.9s] IOs:    920236570  IOPS:   317879  Throughput:  1241.7 MB/s  Total: 3510.42 GB
[ 2895.1s] IOs:    920337249  IOPS:   317894  Throughput:  1241.8 MB/s  Total: 3510.81 GB
[ 2895.3s] IOs:    920437394  IOPS:   317908  Throughput:  1241.8 MB/s  Total: 3511.19 GB
[ 2895.5s] IOs:    920538220  IOPS:   317923  Throughput:  1241.9 MB/s  Total: 3511.57 GB
[ 2895.8s] IOs:    920638740  IOPS:   317925  Throughput:  1241.9 MB/s  Total: 3511.96 GB
[ 2895.9s] IOs:    920739154  IOPS:   317941  Throughput:  1242.0 MB/s  Total: 3512.34 GB
[ 2896.2s] IOs:    920839266  IOPS:   317945  Throughput:  1242.0 MB/s  Total: 3512.72 GB
[ 2896.4s] IOs:    920939490  IOPS:   317961  Throughput:  1242.0 MB/s  Total: 3513.11 GB
[ 2896.6s] IOs:    921039802  IOPS:   317970  Throughput:  1242.1 MB/s  Total: 3513.49 GB
[ 2896.8s] IOs:    921140713  IOPS:   317982  Throughput:  1242.1 MB/s  Total: 3513.87 GB
[ 2897.0s] IOs:    921240851  IOPS:   317998  Throughput:  1242.2 MB/s  Total: 3514.25 GB
[ 2897.2s] IOs:    921340991  IOPS:   318007  Throughput:  1242.2 MB/s  Total: 3514.64 GB
[ 2897.4s] IOs:    921441312  IOPS:   318023  Throughput:  1242.3 MB/s  Total: 3515.02 GB
[ 2897.6s] IOs:    921542090  IOPS:   318039  Throughput:  1242.3 MB/s  Total: 3515.40 GB
[ 2897.8s] IOs:    921642902  IOPS:   318048  Throughput:  1242.4 MB/s  Total: 3515.79 GB
[ 2898.1s] IOs:    921743064  IOPS:   318046  Throughput:  1242.4 MB/s  Total: 3516.17 GB
[ 2898.3s] IOs:    921843280  IOPS:   318061  Throughput:  1242.4 MB/s  Total: 3516.55 GB
[ 2898.5s] IOs:    921944210  IOPS:   318074  Throughput:  1242.5 MB/s  Total: 3516.94 GB
[ 2898.9s] IOs:    922044831  IOPS:   318070  Throughput:  1242.5 MB/s  Total: 3517.32 GB
[ 2899.1s] IOs:    922145154  IOPS:   318080  Throughput:  1242.5 MB/s  Total: 3517.70 GB
[ 2899.4s] IOs:    922245565  IOPS:   318084  Throughput:  1242.5 MB/s  Total: 3518.09 GB
[ 2899.6s] IOs:    922345857  IOPS:   318098  Throughput:  1242.6 MB/s  Total: 3518.47 GB
[ 2899.9s] IOs:    922446581  IOPS:   318098  Throughput:  1242.6 MB/s  Total: 3518.85 GB
[ 2900.1s] IOs:    922547541  IOPS:   318112  Throughput:  1242.6 MB/s  Total: 3519.24 GB
[ 2900.4s] IOs:    922648265  IOPS:   318113  Throughput:  1242.6 MB/s  Total: 3519.62 GB
[ 2900.6s] IOs:    922748531  IOPS:   318128  Throughput:  1242.7 MB/s  Total: 3520.01 GB
[ 2900.8s] IOs:    922848763  IOPS:   318130  Throughput:  1242.7 MB/s  Total: 3520.39 GB
[ 2901.0s] IOs:    922948841  IOPS:   318146  Throughput:  1242.8 MB/s  Total: 3520.77 GB
[ 2901.3s] IOs:    923049409  IOPS:   318151  Throughput:  1242.8 MB/s  Total: 3521.15 GB
[ 2901.5s] IOs:    923150168  IOPS:   318166  Throughput:  1242.8 MB/s  Total: 3521.54 GB
[ 2901.7s] IOs:    923250956  IOPS:   318173  Throughput:  1242.9 MB/s  Total: 3521.92 GB
[ 2904.3s] IOs:    923350986  IOPS:   317923  Throughput:  1241.9 MB/s  Total: 3522.30 GB
[ 2905.9s] IOs:    923451158  IOPS:   317789  Throughput:  1241.4 MB/s  Total: 3522.69 GB
[ 2906.9s] IOs:    923552170  IOPS:   317705  Throughput:  1241.0 MB/s  Total: 3523.07 GB
[ 2908.4s] IOs:    923652650  IOPS:   317580  Throughput:  1240.5 MB/s  Total: 3523.46 GB
[ 2909.5s] IOs:    923753439  IOPS:   317501  Throughput:  1240.2 MB/s  Total: 3523.84 GB
[ 2910.5s] IOs:    923854075  IOPS:   317419  Throughput:  1239.9 MB/s  Total: 3524.22 GB
[ 2911.4s] IOs:    923954978  IOPS:   317356  Throughput:  1239.7 MB/s  Total: 3524.61 GB
[ 2912.3s] IOs:    924055008  IOPS:   317290  Throughput:  1239.4 MB/s  Total: 3524.99 GB
[ 2913.0s] IOs:    924155609  IOPS:   317251  Throughput:  1239.3 MB/s  Total: 3525.37 GB
[ 2913.5s] IOs:    924255988  IOPS:   317231  Throughput:  1239.2 MB/s  Total: 3525.76 GB
[ 2914.4s] IOs:    924356852  IOPS:   317167  Throughput:  1238.9 MB/s  Total: 3526.14 GB
[ 2915.0s] IOs:    924457695  IOPS:   317141  Throughput:  1238.8 MB/s  Total: 3526.53 GB
[ 2915.5s] IOs:    924558497  IOPS:   317117  Throughput:  1238.7 MB/s  Total: 3526.91 GB
[ 2916.1s] IOs:    924659430  IOPS:   317089  Throughput:  1238.6 MB/s  Total: 3527.30 GB
[Reader] Parsed 116000000 lines, distributed 924717181 writes, unique 720.00 GB, skipped 58654503
[ 2916.6s] IOs:    924760302  IOPS:   317063  Throughput:  1238.5 MB/s  Total: 3527.68 GB
[ 2917.1s] IOs:    924861084  IOPS:   317047  Throughput:  1238.5 MB/s  Total: 3528.07 GB
[ 2917.6s] IOs:    924962005  IOPS:   317032  Throughput:  1238.4 MB/s  Total: 3528.45 GB
[ 2918.1s] IOs:    925062468  IOPS:   317010  Throughput:  1238.3 MB/s  Total: 3528.83 GB
[ 2918.6s] IOs:    925163292  IOPS:   316984  Throughput:  1238.2 MB/s  Total: 3529.22 GB
[ 2919.1s] IOs:    925263766  IOPS:   316973  Throughput:  1238.2 MB/s  Total: 3529.60 GB
[ 2919.5s] IOs:    925364301  IOPS:   316955  Throughput:  1238.1 MB/s  Total: 3529.98 GB
[ 2920.1s] IOs:    925465127  IOPS:   316934  Throughput:  1238.0 MB/s  Total: 3530.37 GB
[ 2920.7s] IOs:    925565813  IOPS:   316895  Throughput:  1237.9 MB/s  Total: 3530.75 GB
[ 2921.0s] IOs:    925666380  IOPS:   316903  Throughput:  1237.9 MB/s  Total: 3531.14 GB
[ 2921.5s] IOs:    925767302  IOPS:   316879  Throughput:  1237.8 MB/s  Total: 3531.52 GB
[ 2922.0s] IOs:    925867924  IOPS:   316856  Throughput:  1237.7 MB/s  Total: 3531.91 GB
[ 2922.5s] IOs:    925968337  IOPS:   316837  Throughput:  1237.6 MB/s  Total: 3532.29 GB
[ 2923.3s] IOs:    926068841  IOPS:   316794  Throughput:  1237.5 MB/s  Total: 3532.67 GB
[ 2923.5s] IOs:    926169466  IOPS:   316804  Throughput:  1237.5 MB/s  Total: 3533.06 GB
[ 2924.1s] IOs:    926270107  IOPS:   316773  Throughput:  1237.4 MB/s  Total: 3533.44 GB
[ 2924.5s] IOs:    926371097  IOPS:   316757  Throughput:  1237.3 MB/s  Total: 3533.83 GB
[ 2925.0s] IOs:    926471616  IOPS:   316740  Throughput:  1237.3 MB/s  Total: 3534.21 GB
[ 2925.5s] IOs:    926572305  IOPS:   316719  Throughput:  1237.2 MB/s  Total: 3534.59 GB
[ 2925.9s] IOs:    926672741  IOPS:   316710  Throughput:  1237.1 MB/s  Total: 3534.98 GB
[ 2926.4s] IOs:    926773019  IOPS:   316692  Throughput:  1237.1 MB/s  Total: 3535.36 GB
[ 2927.0s] IOs:    926873626  IOPS:   316662  Throughput:  1237.0 MB/s  Total: 3535.74 GB
[ 2927.2s] IOs:    926974232  IOPS:   316671  Throughput:  1237.0 MB/s  Total: 3536.13 GB
[ 2927.5s] IOs:    927075048  IOPS:   316676  Throughput:  1237.0 MB/s  Total: 3536.51 GB
[ 2928.0s] IOs:    927175743  IOPS:   316657  Throughput:  1236.9 MB/s  Total: 3536.89 GB
[ 2928.4s] IOs:    927276436  IOPS:   316648  Throughput:  1236.9 MB/s  Total: 3537.28 GB
[ 2928.6s] IOs:    927377285  IOPS:   316659  Throughput:  1236.9 MB/s  Total: 3537.66 GB
[ 2929.0s] IOs:    927477932  IOPS:   316654  Throughput:  1236.9 MB/s  Total: 3538.05 GB
[ 2929.6s] IOs:    927578878  IOPS:   316628  Throughput:  1236.8 MB/s  Total: 3538.43 GB
[ 2929.9s] IOs:    927679699  IOPS:   316627  Throughput:  1236.8 MB/s  Total: 3538.82 GB
[ 2930.1s] IOs:    927780183  IOPS:   316636  Throughput:  1236.9 MB/s  Total: 3539.20 GB
[ 2930.4s] IOs:    927880346  IOPS:   316641  Throughput:  1236.9 MB/s  Total: 3539.58 GB
[ 2930.7s] IOs:    927980579  IOPS:   316646  Throughput:  1236.9 MB/s  Total: 3539.96 GB
[ 2930.9s] IOs:    928080891  IOPS:   316654  Throughput:  1236.9 MB/s  Total: 3540.35 GB
[ 2931.1s] IOs:    928181402  IOPS:   316665  Throughput:  1237.0 MB/s  Total: 3540.73 GB
[ 2931.4s] IOs:    928281911  IOPS:   316667  Throughput:  1237.0 MB/s  Total: 3541.11 GB
[ 2931.7s] IOs:    928382723  IOPS:   316674  Throughput:  1237.0 MB/s  Total: 3541.50 GB
[ 2931.9s] IOs:    928483438  IOPS:   316680  Throughput:  1237.0 MB/s  Total: 3541.88 GB
[ 2932.2s] IOs:    928583704  IOPS:   316687  Throughput:  1237.1 MB/s  Total: 3542.27 GB
[ 2932.4s] IOs:    928684008  IOPS:   316697  Throughput:  1237.1 MB/s  Total: 3542.65 GB
[ 2932.7s] IOs:    928784472  IOPS:   316700  Throughput:  1237.1 MB/s  Total: 3543.03 GB
[ 2932.9s] IOs:    928884774  IOPS:   316710  Throughput:  1237.1 MB/s  Total: 3543.41 GB
[ 2933.3s] IOs:    928985811  IOPS:   316706  Throughput:  1237.1 MB/s  Total: 3543.80 GB
[ 2933.5s] IOs:    929086552  IOPS:   316715  Throughput:  1237.2 MB/s  Total: 3544.18 GB
[ 2933.8s] IOs:    929187008  IOPS:   316720  Throughput:  1237.2 MB/s  Total: 3544.57 GB
[ 2934.0s] IOs:    929287758  IOPS:   316728  Throughput:  1237.2 MB/s  Total: 3544.95 GB
[ 2934.3s] IOs:    929388156  IOPS:   316730  Throughput:  1237.2 MB/s  Total: 3545.33 GB
[ 2934.6s] IOs:    929488858  IOPS:   316738  Throughput:  1237.3 MB/s  Total: 3545.72 GB
[ 2934.9s] IOs:    929589033  IOPS:   316741  Throughput:  1237.3 MB/s  Total: 3546.10 GB
[ 2935.1s] IOs:    929689474  IOPS:   316752  Throughput:  1237.3 MB/s  Total: 3546.48 GB
[ 2935.4s] IOs:    929790126  IOPS:   316750  Throughput:  1237.3 MB/s  Total: 3546.87 GB
[ 2935.6s] IOs:    929890617  IOPS:   316761  Throughput:  1237.3 MB/s  Total: 3547.25 GB
[ 2935.9s] IOs:    929991149  IOPS:   316761  Throughput:  1237.3 MB/s  Total: 3547.63 GB
[ 2936.2s] IOs:    930092010  IOPS:   316772  Throughput:  1237.4 MB/s  Total: 3548.02 GB
[ 2936.4s] IOs:    930192497  IOPS:   316775  Throughput:  1237.4 MB/s  Total: 3548.40 GB
[ 2936.7s] IOs:    930293130  IOPS:   316782  Throughput:  1237.4 MB/s  Total: 3548.79 GB
[ 2936.9s] IOs:    930393808  IOPS:   316790  Throughput:  1237.5 MB/s  Total: 3549.17 GB
[ 2937.2s] IOs:    930494606  IOPS:   316798  Throughput:  1237.5 MB/s  Total: 3549.56 GB
[ 2937.4s] IOs:    930595115  IOPS:   316808  Throughput:  1237.5 MB/s  Total: 3549.94 GB
[ 2937.6s] IOs:    930695790  IOPS:   316817  Throughput:  1237.6 MB/s  Total: 3550.32 GB
[ 2938.0s] IOs:    930796535  IOPS:   316809  Throughput:  1237.5 MB/s  Total: 3550.71 GB
[ 2938.3s] IOs:    930896993  IOPS:   316819  Throughput:  1237.6 MB/s  Total: 3551.09 GB
[ 2938.5s] IOs:    930997281  IOPS:   316828  Throughput:  1237.6 MB/s  Total: 3551.47 GB
[ 2938.7s] IOs:    931097393  IOPS:   316835  Throughput:  1237.6 MB/s  Total: 3551.85 GB
[ 2939.0s] IOs:    931198213  IOPS:   316843  Throughput:  1237.7 MB/s  Total: 3552.24 GB
[ 2939.2s] IOs:    931299108  IOPS:   316850  Throughput:  1237.7 MB/s  Total: 3552.62 GB
[ 2939.5s] IOs:    931400001  IOPS:   316854  Throughput:  1237.7 MB/s  Total: 3553.01 GB
[ 2939.8s] IOs:    931500490  IOPS:   316863  Throughput:  1237.7 MB/s  Total: 3553.39 GB
[ 2940.1s] IOs:    931600966  IOPS:   316864  Throughput:  1237.7 MB/s  Total: 3553.78 GB
[ 2940.3s] IOs:    931701773  IOPS:   316876  Throughput:  1237.8 MB/s  Total: 3554.16 GB
[ 2940.7s] IOs:    931802777  IOPS:   316869  Throughput:  1237.8 MB/s  Total: 3554.55 GB
[ 2940.9s] IOs:    931903154  IOPS:   316873  Throughput:  1237.8 MB/s  Total: 3554.93 GB
[ 2941.1s] IOs:    932003296  IOPS:   316885  Throughput:  1237.8 MB/s  Total: 3555.31 GB
[ 2941.3s] IOs:    932103321  IOPS:   316897  Throughput:  1237.9 MB/s  Total: 3555.69 GB
[ 2941.6s] IOs:    932204235  IOPS:   316908  Throughput:  1237.9 MB/s  Total: 3556.08 GB
[ 2941.8s] IOs:    932305180  IOPS:   316922  Throughput:  1238.0 MB/s  Total: 3556.46 GB
[ 2941.9s] IOs:    932405957  IOPS:   316936  Throughput:  1238.0 MB/s  Total: 3556.85 GB
[ 2942.1s] IOs:    932506739  IOPS:   316951  Throughput:  1238.1 MB/s  Total: 3557.23 GB
[ 2942.3s] IOs:    932607025  IOPS:   316964  Throughput:  1238.1 MB/s  Total: 3557.61 GB
[ 2942.6s] IOs:    932707532  IOPS:   316972  Throughput:  1238.2 MB/s  Total: 3558.00 GB
[ 2942.7s] IOs:    932808071  IOPS:   316986  Throughput:  1238.2 MB/s  Total: 3558.38 GB
[ 2942.9s] IOs:    932908664  IOPS:   317000  Throughput:  1238.3 MB/s  Total: 3558.76 GB
[ 2943.1s] IOs:    933009155  IOPS:   317015  Throughput:  1238.3 MB/s  Total: 3559.15 GB
[ 2943.4s] IOs:    933110080  IOPS:   317019  Throughput:  1238.4 MB/s  Total: 3559.53 GB
[ 2943.6s] IOs:    933210737  IOPS:   317030  Throughput:  1238.4 MB/s  Total: 3559.92 GB
[ 2943.8s] IOs:    933311374  IOPS:   317042  Throughput:  1238.4 MB/s  Total: 3560.30 GB
[ 2944.0s] IOs:    933411978  IOPS:   317054  Throughput:  1238.5 MB/s  Total: 3560.68 GB
[ 2944.2s] IOs:    933512424  IOPS:   317070  Throughput:  1238.6 MB/s  Total: 3561.07 GB
[ 2944.4s] IOs:    933613316  IOPS:   317076  Throughput:  1238.6 MB/s  Total: 3561.45 GB
[ 2944.6s] IOs:    933714032  IOPS:   317089  Throughput:  1238.6 MB/s  Total: 3561.84 GB
[ 2944.8s] IOs:    933814862  IOPS:   317104  Throughput:  1238.7 MB/s  Total: 3562.22 GB
[ 2945.0s] IOs:    933915456  IOPS:   317117  Throughput:  1238.7 MB/s  Total: 3562.60 GB
[ 2945.2s] IOs:    934016091  IOPS:   317132  Throughput:  1238.8 MB/s  Total: 3562.99 GB
[ 2945.4s] IOs:    934117053  IOPS:   317145  Throughput:  1238.8 MB/s  Total: 3563.37 GB
[Reader] Parsed 117000000 lines, distributed 934149361 writes, unique 720.00 GB, skipped 61137908
[ 2945.6s] IOs:    934217700  IOPS:   317159  Throughput:  1238.9 MB/s  Total: 3563.76 GB
[ 2945.8s] IOs:    934318548  IOPS:   317174  Throughput:  1239.0 MB/s  Total: 3564.14 GB
[ 2946.0s] IOs:    934419207  IOPS:   317187  Throughput:  1239.0 MB/s  Total: 3564.53 GB
[ 2946.2s] IOs:    934519647  IOPS:   317198  Throughput:  1239.1 MB/s  Total: 3564.91 GB
[ 2946.4s] IOs:    934620401  IOPS:   317213  Throughput:  1239.1 MB/s  Total: 3565.29 GB
[ 2946.5s] IOs:    934721010  IOPS:   317227  Throughput:  1239.2 MB/s  Total: 3565.68 GB
[ 2946.7s] IOs:    934821992  IOPS:   317240  Throughput:  1239.2 MB/s  Total: 3566.06 GB
[ 2946.9s] IOs:    934922422  IOPS:   317255  Throughput:  1239.3 MB/s  Total: 3566.45 GB
[ 2947.1s] IOs:    935022894  IOPS:   317269  Throughput:  1239.3 MB/s  Total: 3566.83 GB
[ 2947.3s] IOs:    935123620  IOPS:   317282  Throughput:  1239.4 MB/s  Total: 3567.21 GB
[ 2947.5s] IOs:    935224294  IOPS:   317297  Throughput:  1239.4 MB/s  Total: 3567.60 GB
[ 2947.6s] IOs:    935324881  IOPS:   317312  Throughput:  1239.5 MB/s  Total: 3567.98 GB
[ 2947.8s] IOs:    935425273  IOPS:   317327  Throughput:  1239.6 MB/s  Total: 3568.36 GB
[ 2948.0s] IOs:    935525829  IOPS:   317341  Throughput:  1239.6 MB/s  Total: 3568.75 GB
[ 2948.2s] IOs:    935626129  IOPS:   317356  Throughput:  1239.7 MB/s  Total: 3569.13 GB
[ 2948.4s] IOs:    935727056  IOPS:   317367  Throughput:  1239.7 MB/s  Total: 3569.52 GB
[ 2948.6s] IOs:    935827114  IOPS:   317382  Throughput:  1239.8 MB/s  Total: 3569.90 GB
[ 2948.8s] IOs:    935927918  IOPS:   317395  Throughput:  1239.8 MB/s  Total: 3570.28 GB
[ 2949.0s] IOs:    936028305  IOPS:   317410  Throughput:  1239.9 MB/s  Total: 3570.66 GB
[ 2949.1s] IOs:    936128945  IOPS:   317425  Throughput:  1239.9 MB/s  Total: 3571.05 GB
[ 2949.3s] IOs:    936229655  IOPS:   317440  Throughput:  1240.0 MB/s  Total: 3571.43 GB
[ 2949.8s] IOs:    936330348  IOPS:   317426  Throughput:  1239.9 MB/s  Total: 3571.82 GB
[ 2950.0s] IOs:    936430919  IOPS:   317438  Throughput:  1240.0 MB/s  Total: 3572.20 GB
[ 2950.4s] IOs:    936531452  IOPS:   317425  Throughput:  1239.9 MB/s  Total: 3572.58 GB
[ 2950.7s] IOs:    936631830  IOPS:   317432  Throughput:  1240.0 MB/s  Total: 3572.97 GB
[ 2951.0s] IOs:    936732545  IOPS:   317433  Throughput:  1240.0 MB/s  Total: 3573.35 GB
[ 2951.2s] IOs:    936833078  IOPS:   317445  Throughput:  1240.0 MB/s  Total: 3573.73 GB
[ 2951.6s] IOs:    936933904  IOPS:   317432  Throughput:  1240.0 MB/s  Total: 3574.12 GB
[ 2951.9s] IOs:    937034471  IOPS:   317433  Throughput:  1240.0 MB/s  Total: 3574.50 GB
[ 2952.1s] IOs:    937134767  IOPS:   317448  Throughput:  1240.0 MB/s  Total: 3574.89 GB
[ 2952.5s] IOs:    937235384  IOPS:   317441  Throughput:  1240.0 MB/s  Total: 3575.27 GB
[ 2952.7s] IOs:    937335506  IOPS:   317455  Throughput:  1240.1 MB/s  Total: 3575.65 GB
[ 2953.0s] IOs:    937436386  IOPS:   317456  Throughput:  1240.1 MB/s  Total: 3576.04 GB
[ 2953.2s] IOs:    937536570  IOPS:   317470  Throughput:  1240.1 MB/s  Total: 3576.42 GB
[ 2953.5s] IOs:    937637376  IOPS:   317469  Throughput:  1240.1 MB/s  Total: 3576.80 GB
[ 2953.7s] IOs:    937738279  IOPS:   317484  Throughput:  1240.2 MB/s  Total: 3577.19 GB
[ 2954.0s] IOs:    937839173  IOPS:   317478  Throughput:  1240.1 MB/s  Total: 3577.57 GB
[ 2954.2s] IOs:    937939865  IOPS:   317491  Throughput:  1240.2 MB/s  Total: 3577.96 GB
[ 2954.5s] IOs:    938040142  IOPS:   317495  Throughput:  1240.2 MB/s  Total: 3578.34 GB
[ 2954.7s] IOs:    938140264  IOPS:   317510  Throughput:  1240.3 MB/s  Total: 3578.72 GB
[ 2955.2s] IOs:    938240856  IOPS:   317485  Throughput:  1240.2 MB/s  Total: 3579.10 GB
[ 2955.4s] IOs:    938341095  IOPS:   317497  Throughput:  1240.2 MB/s  Total: 3579.49 GB
[ 2955.6s] IOs:    938441744  IOPS:   317510  Throughput:  1240.3 MB/s  Total: 3579.87 GB
[ 2956.1s] IOs:    938542180  IOPS:   317495  Throughput:  1240.2 MB/s  Total: 3580.25 GB
[ 2956.5s] IOs:    938642750  IOPS:   317483  Throughput:  1240.2 MB/s  Total: 3580.64 GB
[ 2956.9s] IOs:    938742852  IOPS:   317479  Throughput:  1240.2 MB/s  Total: 3581.02 GB
[ 2957.1s] IOs:    938843361  IOPS:   317485  Throughput:  1240.2 MB/s  Total: 3581.40 GB
[ 2957.4s] IOs:    938944074  IOPS:   317486  Throughput:  1240.2 MB/s  Total: 3581.79 GB
[ 2957.6s] IOs:    939044697  IOPS:   317500  Throughput:  1240.2 MB/s  Total: 3582.17 GB
[ 2958.0s] IOs:    939145270  IOPS:   317489  Throughput:  1240.2 MB/s  Total: 3582.55 GB
[ 2958.4s] IOs:    939245505  IOPS:   317486  Throughput:  1240.2 MB/s  Total: 3582.94 GB
[ 2958.6s] IOs:    939346230  IOPS:   317500  Throughput:  1240.2 MB/s  Total: 3583.32 GB
[ 2959.0s] IOs:    939447077  IOPS:   317490  Throughput:  1240.2 MB/s  Total: 3583.71 GB
[ 2959.2s] IOs:    939547919  IOPS:   317502  Throughput:  1240.2 MB/s  Total: 3584.09 GB
[ 2959.5s] IOs:    939648376  IOPS:   317503  Throughput:  1240.2 MB/s  Total: 3584.47 GB
[ 2959.8s] IOs:    939748807  IOPS:   317503  Throughput:  1240.2 MB/s  Total: 3584.86 GB
[ 2960.0s] IOs:    939849120  IOPS:   317512  Throughput:  1240.3 MB/s  Total: 3585.24 GB
[ 2960.2s] IOs:    939949523  IOPS:   317528  Throughput:  1240.3 MB/s  Total: 3585.62 GB
[ 2960.5s] IOs:    940050084  IOPS:   317528  Throughput:  1240.3 MB/s  Total: 3586.01 GB
[ 2960.7s] IOs:    940150651  IOPS:   317543  Throughput:  1240.4 MB/s  Total: 3586.39 GB
[ 2961.0s] IOs:    940250981  IOPS:   317543  Throughput:  1240.4 MB/s  Total: 3586.77 GB
[ 2961.2s] IOs:    940351164  IOPS:   317558  Throughput:  1240.5 MB/s  Total: 3587.16 GB
[ 2961.5s] IOs:    940452127  IOPS:   317555  Throughput:  1240.5 MB/s  Total: 3587.54 GB
[ 2961.7s] IOs:    940552888  IOPS:   317571  Throughput:  1240.5 MB/s  Total: 3587.92 GB
[ 2961.9s] IOs:    940653377  IOPS:   317580  Throughput:  1240.5 MB/s  Total: 3588.31 GB
[ 2962.1s] IOs:    940753822  IOPS:   317594  Throughput:  1240.6 MB/s  Total: 3588.69 GB
[ 2962.4s] IOs:    940854359  IOPS:   317597  Throughput:  1240.6 MB/s  Total: 3589.07 GB
[ 2962.6s] IOs:    940955243  IOPS:   317613  Throughput:  1240.7 MB/s  Total: 3589.46 GB
[ 2962.9s] IOs:    941056197  IOPS:   317614  Throughput:  1240.7 MB/s  Total: 3589.84 GB
[ 2963.1s] IOs:    941156496  IOPS:   317629  Throughput:  1240.7 MB/s  Total: 3590.23 GB
[ 2963.2s] IOs:    941257387  IOPS:   317645  Throughput:  1240.8 MB/s  Total: 3590.61 GB
[ 2963.6s] IOs:    941358060  IOPS:   317643  Throughput:  1240.8 MB/s  Total: 3591.00 GB
[ 2963.8s] IOs:    941458832  IOPS:   317658  Throughput:  1240.9 MB/s  Total: 3591.38 GB
[ 2964.0s] IOs:    941559470  IOPS:   317669  Throughput:  1240.9 MB/s  Total: 3591.76 GB
[ 2964.1s] IOs:    941659558  IOPS:   317684  Throughput:  1241.0 MB/s  Total: 3592.15 GB
[ 2964.4s] IOs:    941760242  IOPS:   317693  Throughput:  1241.0 MB/s  Total: 3592.53 GB
[ 2964.5s] IOs:    941860969  IOPS:   317709  Throughput:  1241.0 MB/s  Total: 3592.91 GB
[ 2964.7s] IOs:    941961108  IOPS:   317721  Throughput:  1241.1 MB/s  Total: 3593.30 GB
[ 2964.9s] IOs:    942062085  IOPS:   317734  Throughput:  1241.1 MB/s  Total: 3593.68 GB
[ 2965.1s] IOs:    942163021  IOPS:   317748  Throughput:  1241.2 MB/s  Total: 3594.07 GB
[ 2965.3s] IOs:    942263744  IOPS:   317764  Throughput:  1241.3 MB/s  Total: 3594.45 GB
[ 2965.5s] IOs:    942364484  IOPS:   317778  Throughput:  1241.3 MB/s  Total: 3594.84 GB
[ 2965.7s] IOs:    942464787  IOPS:   317793  Throughput:  1241.4 MB/s  Total: 3595.22 GB
[ 2966.0s] IOs:    942565038  IOPS:   317789  Throughput:  1241.4 MB/s  Total: 3595.60 GB
[ 2966.2s] IOs:    942665670  IOPS:   317804  Throughput:  1241.4 MB/s  Total: 3595.98 GB
[ 2966.5s] IOs:    942766214  IOPS:   317800  Throughput:  1241.4 MB/s  Total: 3596.37 GB
[ 2966.7s] IOs:    942866960  IOPS:   317814  Throughput:  1241.5 MB/s  Total: 3596.75 GB
[ 2966.9s] IOs:    942967699  IOPS:   317825  Throughput:  1241.5 MB/s  Total: 3597.14 GB
[ 2967.2s] IOs:    943068559  IOPS:   317835  Throughput:  1241.5 MB/s  Total: 3597.52 GB
[ 2967.4s] IOs:    943169057  IOPS:   317849  Throughput:  1241.6 MB/s  Total: 3597.90 GB
[ 2967.6s] IOs:    943269555  IOPS:   317859  Throughput:  1241.6 MB/s  Total: 3598.29 GB
[ 2967.8s] IOs:    943370003  IOPS:   317873  Throughput:  1241.7 MB/s  Total: 3598.67 GB
[ 2968.0s] IOs:    943470603  IOPS:   317883  Throughput:  1241.7 MB/s  Total: 3599.05 GB
[ 2968.2s] IOs:    943571342  IOPS:   317897  Throughput:  1241.8 MB/s  Total: 3599.44 GB
[ 2968.3s] IOs:    943671387  IOPS:   317911  Throughput:  1241.8 MB/s  Total: 3599.82 GB
[ 2968.6s] IOs:    943771992  IOPS:   317922  Throughput:  1241.9 MB/s  Total: 3600.20 GB
[ 2968.7s] IOs:    943872587  IOPS:   317937  Throughput:  1241.9 MB/s  Total: 3600.59 GB
[ 2968.9s] IOs:    943973225  IOPS:   317951  Throughput:  1242.0 MB/s  Total: 3600.97 GB
[ 2969.1s] IOs:    944073822  IOPS:   317966  Throughput:  1242.1 MB/s  Total: 3601.36 GB
[Reader] Parsed 118000000 lines, distributed 944141858 writes, unique 720.00 GB, skipped 63086054
[ 2969.3s] IOs:    944174350  IOPS:   317980  Throughput:  1242.1 MB/s  Total: 3601.74 GB
[ 2969.5s] IOs:    944275116  IOPS:   317989  Throughput:  1242.1 MB/s  Total: 3602.12 GB
[ 2969.7s] IOs:    944376000  IOPS:   318003  Throughput:  1242.2 MB/s  Total: 3602.51 GB
[ 2969.9s] IOs:    944476455  IOPS:   318018  Throughput:  1242.3 MB/s  Total: 3602.89 GB
[ 2970.1s] IOs:    944576969  IOPS:   318033  Throughput:  1242.3 MB/s  Total: 3603.28 GB
[ 2970.2s] IOs:    944677438  IOPS:   318048  Throughput:  1242.4 MB/s  Total: 3603.66 GB
[ 2970.4s] IOs:    944777785  IOPS:   318062  Throughput:  1242.4 MB/s  Total: 3604.04 GB
[ 2970.6s] IOs:    944878353  IOPS:   318076  Throughput:  1242.5 MB/s  Total: 3604.42 GB
[ 2970.8s] IOs:    944978641  IOPS:   318091  Throughput:  1242.5 MB/s  Total: 3604.81 GB
[ 2971.0s] IOs:    945079192  IOPS:   318104  Throughput:  1242.6 MB/s  Total: 3605.19 GB
[ 2971.2s] IOs:    945180024  IOPS:   318119  Throughput:  1242.7 MB/s  Total: 3605.58 GB
[ 2971.3s] IOs:    945280128  IOPS:   318133  Throughput:  1242.7 MB/s  Total: 3605.96 GB
[ 2978.5s] IOs:    945380840  IOPS:   317403  Throughput:  1239.9 MB/s  Total: 3606.34 GB
[ 2978.7s] IOs:    945481635  IOPS:   317414  Throughput:  1239.9 MB/s  Total: 3606.73 GB
[ 2978.9s] IOs:    945582152  IOPS:   317425  Throughput:  1239.9 MB/s  Total: 3607.11 GB
[ 2979.1s] IOs:    945682666  IOPS:   317436  Throughput:  1240.0 MB/s  Total: 3607.49 GB
[ 2979.4s] IOs:    945782711  IOPS:   317442  Throughput:  1240.0 MB/s  Total: 3607.87 GB
[ 2979.6s] IOs:    945883469  IOPS:   317453  Throughput:  1240.1 MB/s  Total: 3608.26 GB
[ 2979.9s] IOs:    945984109  IOPS:   317460  Throughput:  1240.1 MB/s  Total: 3608.64 GB
[ 2980.1s] IOs:    946084880  IOPS:   317471  Throughput:  1240.1 MB/s  Total: 3609.03 GB
[ 2980.3s] IOs:    946185428  IOPS:   317479  Throughput:  1240.2 MB/s  Total: 3609.41 GB
[ 2980.6s] IOs:    946286007  IOPS:   317482  Throughput:  1240.2 MB/s  Total: 3609.79 GB
[ 2980.8s] IOs:    946386569  IOPS:   317490  Throughput:  1240.2 MB/s  Total: 3610.18 GB
[ 2981.1s] IOs:    946487377  IOPS:   317501  Throughput:  1240.2 MB/s  Total: 3610.56 GB
[ 2981.5s] IOs:    946588330  IOPS:   317488  Throughput:  1240.2 MB/s  Total: 3610.95 GB
[ 2981.7s] IOs:    946689030  IOPS:   317498  Throughput:  1240.2 MB/s  Total: 3611.33 GB
[ 2981.9s] IOs:    946789299  IOPS:   317508  Throughput:  1240.3 MB/s  Total: 3611.71 GB
[ 2985.6s] IOs:    946890344  IOPS:   317158  Throughput:  1238.9 MB/s  Total: 3612.10 GB
[ 2987.1s] IOs:    946990758  IOPS:   317025  Throughput:  1238.4 MB/s  Total: 3612.48 GB
[ 2988.5s] IOs:    947090965  IOPS:   316908  Throughput:  1237.9 MB/s  Total: 3612.87 GB
[ 2989.6s] IOs:    947191009  IOPS:   316834  Throughput:  1237.6 MB/s  Total: 3613.25 GB
[ 2990.6s] IOs:    947291968  IOPS:   316757  Throughput:  1237.3 MB/s  Total: 3613.63 GB
[ 2991.5s] IOs:    947392785  IOPS:   316690  Throughput:  1237.1 MB/s  Total: 3614.02 GB
[ 2992.5s] IOs:    947493077  IOPS:   316622  Throughput:  1236.8 MB/s  Total: 3614.40 GB
[ 2993.1s] IOs:    947593978  IOPS:   316594  Throughput:  1236.7 MB/s  Total: 3614.78 GB
[ 2994.0s] IOs:    947694984  IOPS:   316528  Throughput:  1236.4 MB/s  Total: 3615.17 GB
[ 2994.6s] IOs:    947795507  IOPS:   316505  Throughput:  1236.3 MB/s  Total: 3615.55 GB
[ 2995.1s] IOs:    947896213  IOPS:   316478  Throughput:  1236.2 MB/s  Total: 3615.94 GB
[ 2996.0s] IOs:    947996894  IOPS:   316425  Throughput:  1236.0 MB/s  Total: 3616.32 GB
[ 2996.5s] IOs:    948097811  IOPS:   316401  Throughput:  1235.9 MB/s  Total: 3616.71 GB
[ 2997.1s] IOs:    948198753  IOPS:   316369  Throughput:  1235.8 MB/s  Total: 3617.09 GB
[ 2997.6s] IOs:    948299472  IOPS:   316352  Throughput:  1235.7 MB/s  Total: 3617.48 GB
[ 2998.1s] IOs:    948400183  IOPS:   316333  Throughput:  1235.7 MB/s  Total: 3617.86 GB
[ 2998.5s] IOs:    948500821  IOPS:   316326  Throughput:  1235.7 MB/s  Total: 3618.24 GB
[ 2999.0s] IOs:    948601467  IOPS:   316304  Throughput:  1235.6 MB/s  Total: 3618.63 GB
[ 2999.7s] IOs:    948702313  IOPS:   316268  Throughput:  1235.4 MB/s  Total: 3619.01 GB
[ 2999.9s] IOs:    948802827  IOPS:   316276  Throughput:  1235.5 MB/s  Total: 3619.40 GB
[ 3000.2s] IOs:    948903145  IOPS:   316283  Throughput:  1235.5 MB/s  Total: 3619.78 GB
[ 3000.7s] IOs:    949003780  IOPS:   316257  Throughput:  1235.4 MB/s  Total: 3620.16 GB
[ 3001.1s] IOs:    949104470  IOPS:   316254  Throughput:  1235.4 MB/s  Total: 3620.55 GB
[ 3001.6s] IOs:    949205183  IOPS:   316229  Throughput:  1235.3 MB/s  Total: 3620.93 GB
[ 3001.9s] IOs:    949305744  IOPS:   316238  Throughput:  1235.3 MB/s  Total: 3621.31 GB
[ 3002.2s] IOs:    949406222  IOPS:   316238  Throughput:  1235.3 MB/s  Total: 3621.70 GB
[ 3002.6s] IOs:    949506987  IOPS:   316225  Throughput:  1235.3 MB/s  Total: 3622.08 GB
[ 3002.9s] IOs:    949607106  IOPS:   316233  Throughput:  1235.3 MB/s  Total: 3622.46 GB
[ 3003.2s] IOs:    949707152  IOPS:   316234  Throughput:  1235.3 MB/s  Total: 3622.85 GB
[ 3003.6s] IOs:    949808166  IOPS:   316226  Throughput:  1235.3 MB/s  Total: 3623.23 GB
[ 3003.8s] IOs:    949908656  IOPS:   316234  Throughput:  1235.3 MB/s  Total: 3623.61 GB
[ 3004.1s] IOs:    950009117  IOPS:   316235  Throughput:  1235.3 MB/s  Total: 3624.00 GB
[ 3004.5s] IOs:    950109983  IOPS:   316234  Throughput:  1235.3 MB/s  Total: 3624.38 GB
[ 3004.9s] IOs:    950210986  IOPS:   316219  Throughput:  1235.2 MB/s  Total: 3624.77 GB
[ 3005.2s] IOs:    950311770  IOPS:   316221  Throughput:  1235.2 MB/s  Total: 3625.15 GB
[ 3005.6s] IOs:    950411980  IOPS:   316214  Throughput:  1235.2 MB/s  Total: 3625.53 GB
[ 3006.1s] IOs:    950512579  IOPS:   316197  Throughput:  1235.1 MB/s  Total: 3625.92 GB
[ 3006.3s] IOs:    950613251  IOPS:   316207  Throughput:  1235.2 MB/s  Total: 3626.30 GB
[ 3006.7s] IOs:    950714211  IOPS:   316200  Throughput:  1235.2 MB/s  Total: 3626.69 GB
[ 3007.2s] IOs:    950814234  IOPS:   316182  Throughput:  1235.1 MB/s  Total: 3627.07 GB
[ 3007.5s] IOs:    950914688  IOPS:   316184  Throughput:  1235.1 MB/s  Total: 3627.45 GB
[ 3007.7s] IOs:    951014941  IOPS:   316194  Throughput:  1235.1 MB/s  Total: 3627.83 GB
[ 3008.1s] IOs:    951115532  IOPS:   316186  Throughput:  1235.1 MB/s  Total: 3628.22 GB
[ 3008.3s] IOs:    951216200  IOPS:   316193  Throughput:  1235.1 MB/s  Total: 3628.60 GB
[ 3008.6s] IOs:    951316776  IOPS:   316194  Throughput:  1235.1 MB/s  Total: 3628.99 GB
[ 3009.0s] IOs:    951417462  IOPS:   316192  Throughput:  1235.1 MB/s  Total: 3629.37 GB
[ 3009.4s] IOs:    951517658  IOPS:   316181  Throughput:  1235.1 MB/s  Total: 3629.75 GB
[ 3009.6s] IOs:    951618108  IOPS:   316190  Throughput:  1235.1 MB/s  Total: 3630.13 GB
[ 3010.1s] IOs:    951718125  IOPS:   316173  Throughput:  1235.1 MB/s  Total: 3630.52 GB
[ 3010.5s] IOs:    951818891  IOPS:   316168  Throughput:  1235.0 MB/s  Total: 3630.90 GB
[ 3010.7s] IOs:    951919362  IOPS:   316177  Throughput:  1235.1 MB/s  Total: 3631.28 GB
[ 3011.2s] IOs:    952020052  IOPS:   316164  Throughput:  1235.0 MB/s  Total: 3631.67 GB
[ 3011.5s] IOs:    952120399  IOPS:   316159  Throughput:  1235.0 MB/s  Total: 3632.05 GB
[ 3011.8s] IOs:    952221249  IOPS:   316167  Throughput:  1235.0 MB/s  Total: 3632.44 GB
[ 3012.1s] IOs:    952321861  IOPS:   316162  Throughput:  1235.0 MB/s  Total: 3632.82 GB
[ 3012.5s] IOs:    952422443  IOPS:   316157  Throughput:  1235.0 MB/s  Total: 3633.20 GB
[ 3012.7s] IOs:    952523392  IOPS:   316166  Throughput:  1235.0 MB/s  Total: 3633.59 GB
[ 3013.1s] IOs:    952623717  IOPS:   316164  Throughput:  1235.0 MB/s  Total: 3633.97 GB
[ 3013.3s] IOs:    952724498  IOPS:   316174  Throughput:  1235.1 MB/s  Total: 3634.36 GB
[ 3013.8s] IOs:    952825461  IOPS:   316151  Throughput:  1235.0 MB/s  Total: 3634.74 GB
[ 3014.1s] IOs:    952926125  IOPS:   316161  Throughput:  1235.0 MB/s  Total: 3635.12 GB
[ 3014.5s] IOs:    953026480  IOPS:   316152  Throughput:  1235.0 MB/s  Total: 3635.51 GB
[ 3014.8s] IOs:    953126826  IOPS:   316146  Throughput:  1234.9 MB/s  Total: 3635.89 GB
[ 3015.1s] IOs:    953227446  IOPS:   316152  Throughput:  1235.0 MB/s  Total: 3636.27 GB
[ 3015.5s] IOs:    953328170  IOPS:   316140  Throughput:  1234.9 MB/s  Total: 3636.66 GB
[ 3015.8s] IOs:    953428841  IOPS:   316149  Throughput:  1235.0 MB/s  Total: 3637.04 GB
[ 3016.1s] IOs:    953529316  IOPS:   316143  Throughput:  1234.9 MB/s  Total: 3637.43 GB
[ 3016.6s] IOs:    953629766  IOPS:   316132  Throughput:  1234.9 MB/s  Total: 3637.81 GB
[ 3016.8s] IOs:    953730301  IOPS:   316141  Throughput:  1234.9 MB/s  Total: 3638.19 GB
[ 3017.1s] IOs:    953831190  IOPS:   316139  Throughput:  1234.9 MB/s  Total: 3638.58 GB
[ 3017.5s] IOs:    953931920  IOPS:   316136  Throughput:  1234.9 MB/s  Total: 3638.96 GB
[ 3017.7s] IOs:    954032634  IOPS:   316142  Throughput:  1234.9 MB/s  Total: 3639.35 GB
[ 3018.0s] IOs:    954133102  IOPS:   316144  Throughput:  1234.9 MB/s  Total: 3639.73 GB
[ 3018.3s] IOs:    954233457  IOPS:   316154  Throughput:  1235.0 MB/s  Total: 3640.11 GB
[ 3018.7s] IOs:    954334200  IOPS:   316141  Throughput:  1234.9 MB/s  Total: 3640.50 GB
[ 3018.9s] IOs:    954434939  IOPS:   316152  Throughput:  1235.0 MB/s  Total: 3640.88 GB
[Reader] Parsed 119000000 lines, distributed 954536092 writes, unique 720.00 GB, skipped 64845145
[ 3019.2s] IOs:    954535400  IOPS:   316159  Throughput:  1235.0 MB/s  Total: 3641.26 GB
[ 3019.4s] IOs:    954636342  IOPS:   316170  Throughput:  1235.0 MB/s  Total: 3641.65 GB
[ 3019.7s] IOs:    954737029  IOPS:   316173  Throughput:  1235.0 MB/s  Total: 3642.03 GB
[ 3020.0s] IOs:    954837756  IOPS:   316175  Throughput:  1235.1 MB/s  Total: 3642.42 GB
[ 3020.2s] IOs:    954938641  IOPS:   316182  Throughput:  1235.1 MB/s  Total: 3642.80 GB
[ 3020.5s] IOs:    955039409  IOPS:   316186  Throughput:  1235.1 MB/s  Total: 3643.19 GB
[ 3020.7s] IOs:    955140028  IOPS:   316195  Throughput:  1235.1 MB/s  Total: 3643.57 GB
[ 3021.0s] IOs:    955240415  IOPS:   316198  Throughput:  1235.1 MB/s  Total: 3643.95 GB
[ 3021.2s] IOs:    955341061  IOPS:   316209  Throughput:  1235.2 MB/s  Total: 3644.34 GB
[ 3021.5s] IOs:    955441086  IOPS:   316213  Throughput:  1235.2 MB/s  Total: 3644.72 GB
[ 3021.7s] IOs:    955541767  IOPS:   316222  Throughput:  1235.2 MB/s  Total: 3645.10 GB
[ 3022.1s] IOs:    955642195  IOPS:   316221  Throughput:  1235.2 MB/s  Total: 3645.49 GB
[ 3022.3s] IOs:    955742786  IOPS:   316231  Throughput:  1235.3 MB/s  Total: 3645.87 GB
[ 3022.6s] IOs:    955843643  IOPS:   316229  Throughput:  1235.3 MB/s  Total: 3646.25 GB
[ 3022.9s] IOs:    955944304  IOPS:   316230  Throughput:  1235.3 MB/s  Total: 3646.64 GB
[ 3023.2s] IOs:    956044484  IOPS:   316237  Throughput:  1235.3 MB/s  Total: 3647.02 GB
[ 3023.5s] IOs:    956145169  IOPS:   316240  Throughput:  1235.3 MB/s  Total: 3647.40 GB
[ 3023.7s] IOs:    956245959  IOPS:   316252  Throughput:  1235.4 MB/s  Total: 3647.79 GB
[ 3024.0s] IOs:    956346218  IOPS:   316254  Throughput:  1235.4 MB/s  Total: 3648.17 GB
[ 3024.2s] IOs:    956446951  IOPS:   316265  Throughput:  1235.4 MB/s  Total: 3648.56 GB
[ 3024.5s] IOs:    956547891  IOPS:   316266  Throughput:  1235.4 MB/s  Total: 3648.94 GB
[ 3024.7s] IOs:    956648303  IOPS:   316277  Throughput:  1235.5 MB/s  Total: 3649.32 GB
[ 3025.1s] IOs:    956748910  IOPS:   316274  Throughput:  1235.4 MB/s  Total: 3649.71 GB
[ 3025.3s] IOs:    956849895  IOPS:   316285  Throughput:  1235.5 MB/s  Total: 3650.09 GB
[ 3025.5s] IOs:    956950685  IOPS:   316296  Throughput:  1235.5 MB/s  Total: 3650.48 GB
[ 3025.7s] IOs:    957051165  IOPS:   316308  Throughput:  1235.6 MB/s  Total: 3650.86 GB
[ 3025.9s] IOs:    957151936  IOPS:   316316  Throughput:  1235.6 MB/s  Total: 3651.24 GB
[ 3026.2s] IOs:    957252748  IOPS:   316325  Throughput:  1235.6 MB/s  Total: 3651.63 GB
[ 3026.4s] IOs:    957353712  IOPS:   316336  Throughput:  1235.7 MB/s  Total: 3652.01 GB
[ 3026.6s] IOs:    957454587  IOPS:   316345  Throughput:  1235.7 MB/s  Total: 3652.40 GB
[ 3026.9s] IOs:    957555351  IOPS:   316345  Throughput:  1235.7 MB/s  Total: 3652.78 GB
[ 3027.2s] IOs:    957655957  IOPS:   316355  Throughput:  1235.8 MB/s  Total: 3653.17 GB
[ 3027.5s] IOs:    957756681  IOPS:   316355  Throughput:  1235.8 MB/s  Total: 3653.55 GB
[ 3027.7s] IOs:    957857459  IOPS:   316367  Throughput:  1235.8 MB/s  Total: 3653.94 GB
[ 3028.1s] IOs:    957958489  IOPS:   316356  Throughput:  1235.8 MB/s  Total: 3654.32 GB
[ 3028.4s] IOs:    958059281  IOPS:   316360  Throughput:  1235.8 MB/s  Total: 3654.71 GB
[ 3028.6s] IOs:    958159899  IOPS:   316371  Throughput:  1235.8 MB/s  Total: 3655.09 GB
[ 3029.0s] IOs:    958260840  IOPS:   316364  Throughput:  1235.8 MB/s  Total: 3655.48 GB
[ 3029.2s] IOs:    958361692  IOPS:   316374  Throughput:  1235.8 MB/s  Total: 3655.86 GB
[ 3029.6s] IOs:    958462616  IOPS:   316368  Throughput:  1235.8 MB/s  Total: 3656.24 GB
[ 3029.8s] IOs:    958563318  IOPS:   316380  Throughput:  1235.9 MB/s  Total: 3656.63 GB
[ 3030.2s] IOs:    958663908  IOPS:   316374  Throughput:  1235.8 MB/s  Total: 3657.01 GB
[ 3030.5s] IOs:    958764525  IOPS:   316374  Throughput:  1235.8 MB/s  Total: 3657.40 GB
[ 3030.7s] IOs:    958865349  IOPS:   316384  Throughput:  1235.9 MB/s  Total: 3657.78 GB
[ 3031.0s] IOs:    958966016  IOPS:   316386  Throughput:  1235.9 MB/s  Total: 3658.17 GB
[ 3031.2s] IOs:    959066969  IOPS:   316396  Throughput:  1235.9 MB/s  Total: 3658.55 GB
[ 3031.5s] IOs:    959167491  IOPS:   316399  Throughput:  1235.9 MB/s  Total: 3658.93 GB
[ 3031.9s] IOs:    959268149  IOPS:   316388  Throughput:  1235.9 MB/s  Total: 3659.32 GB
[ 3032.1s] IOs:    959368674  IOPS:   316400  Throughput:  1235.9 MB/s  Total: 3659.70 GB
[ 3032.6s] IOs:    959469677  IOPS:   316382  Throughput:  1235.9 MB/s  Total: 3660.09 GB
[ 3032.9s] IOs:    959570312  IOPS:   316391  Throughput:  1235.9 MB/s  Total: 3660.47 GB
[ 3033.1s] IOs:    959670642  IOPS:   316394  Throughput:  1235.9 MB/s  Total: 3660.85 GB
[ 3033.7s] IOs:    959771358  IOPS:   316372  Throughput:  1235.8 MB/s  Total: 3661.24 GB
[ 3033.9s] IOs:    959872115  IOPS:   316382  Throughput:  1235.9 MB/s  Total: 3661.62 GB
[ 3034.2s] IOs:    959972708  IOPS:   316389  Throughput:  1235.9 MB/s  Total: 3662.01 GB
[ 3034.5s] IOs:    960073708  IOPS:   316383  Throughput:  1235.9 MB/s  Total: 3662.39 GB
[ 3034.7s] IOs:    960174239  IOPS:   316394  Throughput:  1235.9 MB/s  Total: 3662.77 GB
[ 3035.3s] IOs:    960274991  IOPS:   316371  Throughput:  1235.8 MB/s  Total: 3663.16 GB
[ 3035.5s] IOs:    960375619  IOPS:   316382  Throughput:  1235.9 MB/s  Total: 3663.54 GB
[ 3035.7s] IOs:    960476150  IOPS:   316392  Throughput:  1235.9 MB/s  Total: 3663.93 GB
[ 3036.1s] IOs:    960576784  IOPS:   316386  Throughput:  1235.9 MB/s  Total: 3664.31 GB
[ 3036.3s] IOs:    960677475  IOPS:   316396  Throughput:  1235.9 MB/s  Total: 3664.69 GB
[ 3036.7s] IOs:    960778072  IOPS:   316388  Throughput:  1235.9 MB/s  Total: 3665.08 GB
[ 3037.0s] IOs:    960879029  IOPS:   316390  Throughput:  1235.9 MB/s  Total: 3665.46 GB
[ 3037.2s] IOs:    960979735  IOPS:   316399  Throughput:  1235.9 MB/s  Total: 3665.85 GB
[ 3037.5s] IOs:    961080440  IOPS:   316401  Throughput:  1235.9 MB/s  Total: 3666.23 GB
[ 3037.8s] IOs:    961181021  IOPS:   316410  Throughput:  1236.0 MB/s  Total: 3666.61 GB
[ 3038.1s] IOs:    961281659  IOPS:   316408  Throughput:  1236.0 MB/s  Total: 3667.00 GB
[ 3038.3s] IOs:    961382328  IOPS:   316417  Throughput:  1236.0 MB/s  Total: 3667.38 GB
[ 3038.7s] IOs:    961482764  IOPS:   316417  Throughput:  1236.0 MB/s  Total: 3667.77 GB
[ 3038.9s] IOs:    961583634  IOPS:   316427  Throughput:  1236.0 MB/s  Total: 3668.15 GB
[ 3039.2s] IOs:    961684371  IOPS:   316431  Throughput:  1236.1 MB/s  Total: 3668.53 GB
[ 3039.4s] IOs:    961784745  IOPS:   316443  Throughput:  1236.1 MB/s  Total: 3668.92 GB
[ 3039.6s] IOs:    961885277  IOPS:   316448  Throughput:  1236.1 MB/s  Total: 3669.30 GB
[ 3040.0s] IOs:    961985964  IOPS:   316448  Throughput:  1236.1 MB/s  Total: 3669.69 GB
[ 3040.1s] IOs:    962086558  IOPS:   316463  Throughput:  1236.2 MB/s  Total: 3670.07 GB
[ 3040.3s] IOs:    962187428  IOPS:   316477  Throughput:  1236.2 MB/s  Total: 3670.45 GB
[ 3040.6s] IOs:    962288094  IOPS:   316475  Throughput:  1236.2 MB/s  Total: 3670.84 GB
[ 3040.8s] IOs:    962388678  IOPS:   316490  Throughput:  1236.3 MB/s  Total: 3671.22 GB
[ 3041.1s] IOs:    962489143  IOPS:   316492  Throughput:  1236.3 MB/s  Total: 3671.60 GB
[ 3041.3s] IOs:    962589708  IOPS:   316508  Throughput:  1236.4 MB/s  Total: 3671.99 GB
[ 3041.5s] IOs:    962690612  IOPS:   316517  Throughput:  1236.4 MB/s  Total: 3672.37 GB
[ 3041.7s] IOs:    962791257  IOPS:   316532  Throughput:  1236.5 MB/s  Total: 3672.76 GB
[ 3042.0s] IOs:    962892089  IOPS:   316535  Throughput:  1236.5 MB/s  Total: 3673.14 GB
[ 3042.4s] IOs:    962992778  IOPS:   316523  Throughput:  1236.4 MB/s  Total: 3673.53 GB
[ 3042.6s] IOs:    963093502  IOPS:   316536  Throughput:  1236.5 MB/s  Total: 3673.91 GB
[ 3043.1s] IOs:    963194324  IOPS:   316518  Throughput:  1236.4 MB/s  Total: 3674.29 GB
[ 3043.3s] IOs:    963294603  IOPS:   316532  Throughput:  1236.5 MB/s  Total: 3674.68 GB
[ 3043.6s] IOs:    963394833  IOPS:   316528  Throughput:  1236.4 MB/s  Total: 3675.06 GB
[ 3044.1s] IOs:    963494952  IOPS:   316516  Throughput:  1236.4 MB/s  Total: 3675.44 GB
[ 3044.3s] IOs:    963595134  IOPS:   316530  Throughput:  1236.4 MB/s  Total: 3675.82 GB
[ 3044.6s] IOs:    963695708  IOPS:   316527  Throughput:  1236.4 MB/s  Total: 3676.21 GB
[ 3044.8s] IOs:    963796096  IOPS:   316540  Throughput:  1236.5 MB/s  Total: 3676.59 GB
[ 3045.2s] IOs:    963896536  IOPS:   316529  Throughput:  1236.4 MB/s  Total: 3676.97 GB
[ 3045.5s] IOs:    963997026  IOPS:   316530  Throughput:  1236.4 MB/s  Total: 3677.36 GB
[ 3045.7s] IOs:    964097519  IOPS:   316545  Throughput:  1236.5 MB/s  Total: 3677.74 GB
[ 3046.0s] IOs:    964198083  IOPS:   316543  Throughput:  1236.5 MB/s  Total: 3678.12 GB
[ 3046.2s] IOs:    964298461  IOPS:   316557  Throughput:  1236.6 MB/s  Total: 3678.51 GB
[ 3046.6s] IOs:    964398942  IOPS:   316547  Throughput:  1236.5 MB/s  Total: 3678.89 GB
[ 3046.8s] IOs:    964499719  IOPS:   316561  Throughput:  1236.6 MB/s  Total: 3679.27 GB
[ 3047.1s] IOs:    964600333  IOPS:   316564  Throughput:  1236.6 MB/s  Total: 3679.66 GB
[ 3047.3s] IOs:    964700755  IOPS:   316578  Throughput:  1236.6 MB/s  Total: 3680.04 GB
[ 3047.6s] IOs:    964800942  IOPS:   316578  Throughput:  1236.6 MB/s  Total: 3680.42 GB
[ 3047.8s] IOs:    964901148  IOPS:   316593  Throughput:  1236.7 MB/s  Total: 3680.81 GB
[ 3048.2s] IOs:    965001853  IOPS:   316580  Throughput:  1236.6 MB/s  Total: 3681.19 GB
[Reader] Parsed 120000000 lines, distributed 965082555 writes, unique 720.00 GB, skipped 67197571
[ 3048.4s] IOs:    965102557  IOPS:   316594  Throughput:  1236.7 MB/s  Total: 3681.57 GB
[ 3048.6s] IOs:    965203568  IOPS:   316604  Throughput:  1236.7 MB/s  Total: 3681.96 GB
[ 3048.8s] IOs:    965304553  IOPS:   316619  Throughput:  1236.8 MB/s  Total: 3682.34 GB
[ 3049.1s] IOs:    965404951  IOPS:   316625  Throughput:  1236.8 MB/s  Total: 3682.73 GB
[ 3049.2s] IOs:    965505448  IOPS:   316639  Throughput:  1236.9 MB/s  Total: 3683.11 GB
[ 3049.5s] IOs:    965605913  IOPS:   316644  Throughput:  1236.9 MB/s  Total: 3683.49 GB
[ 3049.7s] IOs:    965706322  IOPS:   316657  Throughput:  1236.9 MB/s  Total: 3683.88 GB
[ 3052.3s] IOs:    965806843  IOPS:   316424  Throughput:  1236.0 MB/s  Total: 3684.26 GB
[ 3052.6s] IOs:    965907681  IOPS:   316423  Throughput:  1236.0 MB/s  Total: 3684.65 GB
[ 3052.8s] IOs:    966008317  IOPS:   316438  Throughput:  1236.1 MB/s  Total: 3685.03 GB
[ 3053.2s] IOs:    966108615  IOPS:   316425  Throughput:  1236.0 MB/s  Total: 3685.41 GB
[ 3053.4s] IOs:    966209506  IOPS:   316440  Throughput:  1236.1 MB/s  Total: 3685.80 GB
[ 3053.7s] IOs:    966309685  IOPS:   316437  Throughput:  1236.1 MB/s  Total: 3686.18 GB
[ 3054.1s] IOs:    966410367  IOPS:   316435  Throughput:  1236.1 MB/s  Total: 3686.56 GB
[ 3054.2s] IOs:    966511141  IOPS:   316450  Throughput:  1236.1 MB/s  Total: 3686.95 GB
[ 3054.6s] IOs:    966611610  IOPS:   316446  Throughput:  1236.1 MB/s  Total: 3687.33 GB
[ 3054.8s] IOs:    966711939  IOPS:   316461  Throughput:  1236.2 MB/s  Total: 3687.71 GB
[ 3055.2s] IOs:    966812442  IOPS:   316451  Throughput:  1236.1 MB/s  Total: 3688.10 GB
[ 3055.4s] IOs:    966912673  IOPS:   316465  Throughput:  1236.2 MB/s  Total: 3688.48 GB
[ 3055.7s] IOs:    967012909  IOPS:   316466  Throughput:  1236.2 MB/s  Total: 3688.86 GB
[ 3055.8s] IOs:    967113542  IOPS:   316480  Throughput:  1236.2 MB/s  Total: 3689.25 GB
[ 3056.2s] IOs:    967214505  IOPS:   316479  Throughput:  1236.2 MB/s  Total: 3689.63 GB
[ 3059.0s] IOs:    967315190  IOPS:   316219  Throughput:  1235.2 MB/s  Total: 3690.01 GB
[ 3059.3s] IOs:    967416008  IOPS:   316224  Throughput:  1235.2 MB/s  Total: 3690.40 GB
[ 3059.5s] IOs:    967516681  IOPS:   316232  Throughput:  1235.3 MB/s  Total: 3690.78 GB
[ 3059.7s] IOs:    967617550  IOPS:   316245  Throughput:  1235.3 MB/s  Total: 3691.17 GB
[ 3060.1s] IOs:    967718484  IOPS:   316238  Throughput:  1235.3 MB/s  Total: 3691.55 GB
[ 3060.3s] IOs:    967819230  IOPS:   316250  Throughput:  1235.4 MB/s  Total: 3691.94 GB
[ 3060.6s] IOs:    967919273  IOPS:   316253  Throughput:  1235.4 MB/s  Total: 3692.32 GB
[ 3060.8s] IOs:    968020045  IOPS:   316266  Throughput:  1235.4 MB/s  Total: 3692.70 GB
[ 3061.1s] IOs:    968120473  IOPS:   316266  Throughput:  1235.4 MB/s  Total: 3693.09 GB
[ 3061.3s] IOs:    968221021  IOPS:   316277  Throughput:  1235.5 MB/s  Total: 3693.47 GB
[ 3061.8s] IOs:    968321638  IOPS:   316262  Throughput:  1235.4 MB/s  Total: 3693.85 GB
[ 3062.0s] IOs:    968422116  IOPS:   316272  Throughput:  1235.4 MB/s  Total: 3694.24 GB
[ 3062.2s] IOs:    968522878  IOPS:   316283  Throughput:  1235.5 MB/s  Total: 3694.62 GB
[ 3062.7s] IOs:    968623592  IOPS:   316270  Throughput:  1235.4 MB/s  Total: 3695.01 GB
[ 3063.0s] IOs:    968724326  IOPS:   316265  Throughput:  1235.4 MB/s  Total: 3695.39 GB
[ 3063.3s] IOs:    968824923  IOPS:   316273  Throughput:  1235.4 MB/s  Total: 3695.77 GB
[ 3066.4s] IOs:    968925858  IOPS:   315984  Throughput:  1234.3 MB/s  Total: 3696.16 GB
[ 3068.4s] IOs:    969026197  IOPS:   315812  Throughput:  1233.6 MB/s  Total: 3696.54 GB
[ 3069.9s] IOs:    969126664  IOPS:   315688  Throughput:  1233.2 MB/s  Total: 3696.92 GB
[ 3071.4s] IOs:    969226838  IOPS:   315569  Throughput:  1232.7 MB/s  Total: 3697.31 GB
[ 3072.4s] IOs:    969326958  IOPS:   315491  Throughput:  1232.4 MB/s  Total: 3697.69 GB
[ 3073.5s] IOs:    969427519  IOPS:   315417  Throughput:  1232.1 MB/s  Total: 3698.07 GB
[ 3074.5s] IOs:    969528372  IOPS:   315350  Throughput:  1231.8 MB/s  Total: 3698.46 GB
[ 3075.4s] IOs:    969629151  IOPS:   315282  Throughput:  1231.6 MB/s  Total: 3698.84 GB
[ 3076.4s] IOs:    969730015  IOPS:   315218  Throughput:  1231.3 MB/s  Total: 3699.23 GB
[ 3076.9s] IOs:    969830733  IOPS:   315192  Throughput:  1231.2 MB/s  Total: 3699.61 GB
[ 3077.9s] IOs:    969931456  IOPS:   315126  Throughput:  1231.0 MB/s  Total: 3699.99 GB
[ 3078.4s] IOs:    970032404  IOPS:   315105  Throughput:  1230.9 MB/s  Total: 3700.38 GB
[ 3079.0s] IOs:    970132903  IOPS:   315077  Throughput:  1230.8 MB/s  Total: 3700.76 GB
[ 3079.8s] IOs:    970233690  IOPS:   315031  Throughput:  1230.6 MB/s  Total: 3701.15 GB
[ 3080.4s] IOs:    970333997  IOPS:   315007  Throughput:  1230.5 MB/s  Total: 3701.53 GB
[ 3080.9s] IOs:    970434520  IOPS:   314987  Throughput:  1230.4 MB/s  Total: 3701.91 GB
[ 3081.4s] IOs:    970535233  IOPS:   314964  Throughput:  1230.3 MB/s  Total: 3702.30 GB
[ 3081.9s] IOs:    970635902  IOPS:   314948  Throughput:  1230.3 MB/s  Total: 3702.68 GB
[ 3082.4s] IOs:    970736914  IOPS:   314929  Throughput:  1230.2 MB/s  Total: 3703.07 GB
[ 3082.9s] IOs:    970837392  IOPS:   314912  Throughput:  1230.1 MB/s  Total: 3703.45 GB
[ 3083.3s] IOs:    970937985  IOPS:   314900  Throughput:  1230.1 MB/s  Total: 3703.83 GB
[ 3083.5s] IOs:    971038789  IOPS:   314910  Throughput:  1230.1 MB/s  Total: 3704.22 GB
[ 3084.2s] IOs:    971139662  IOPS:   314880  Throughput:  1230.0 MB/s  Total: 3704.60 GB
[ 3084.5s] IOs:    971240177  IOPS:   314877  Throughput:  1230.0 MB/s  Total: 3704.99 GB
[ 3084.8s] IOs:    971340643  IOPS:   314883  Throughput:  1230.0 MB/s  Total: 3705.37 GB
[ 3085.0s] IOs:    971441032  IOPS:   314889  Throughput:  1230.0 MB/s  Total: 3705.75 GB
[ 3085.3s] IOs:    971541443  IOPS:   314898  Throughput:  1230.1 MB/s  Total: 3706.14 GB
[ 3085.5s] IOs:    971642032  IOPS:   314906  Throughput:  1230.1 MB/s  Total: 3706.52 GB
[ 3085.7s] IOs:    971742774  IOPS:   314915  Throughput:  1230.1 MB/s  Total: 3706.90 GB
[ 3086.0s] IOs:    971843395  IOPS:   314923  Throughput:  1230.2 MB/s  Total: 3707.29 GB
[ 3086.2s] IOs:    971943715  IOPS:   314931  Throughput:  1230.2 MB/s  Total: 3707.67 GB
[ 3086.5s] IOs:    972044061  IOPS:   314937  Throughput:  1230.2 MB/s  Total: 3708.05 GB
[ 3086.7s] IOs:    972144108  IOPS:   314949  Throughput:  1230.3 MB/s  Total: 3708.44 GB
[ 3086.9s] IOs:    972244723  IOPS:   314959  Throughput:  1230.3 MB/s  Total: 3708.82 GB
[ 3087.1s] IOs:    972345386  IOPS:   314971  Throughput:  1230.4 MB/s  Total: 3709.20 GB
[ 3087.6s] IOs:    972446137  IOPS:   314957  Throughput:  1230.3 MB/s  Total: 3709.59 GB
[ 3087.8s] IOs:    972546561  IOPS:   314966  Throughput:  1230.3 MB/s  Total: 3709.97 GB
[ 3088.0s] IOs:    972647137  IOPS:   314973  Throughput:  1230.4 MB/s  Total: 3710.35 GB
[ 3088.3s] IOs:    972747818  IOPS:   314981  Throughput:  1230.4 MB/s  Total: 3710.74 GB
[ 3088.5s] IOs:    972848493  IOPS:   314990  Throughput:  1230.4 MB/s  Total: 3711.12 GB
[ 3088.8s] IOs:    972949039  IOPS:   314996  Throughput:  1230.5 MB/s  Total: 3711.51 GB
[ 3089.0s] IOs:    973049379  IOPS:   315002  Throughput:  1230.5 MB/s  Total: 3711.89 GB
[ 3089.3s] IOs:    973149817  IOPS:   315008  Throughput:  1230.5 MB/s  Total: 3712.27 GB
[ 3089.5s] IOs:    973250126  IOPS:   315014  Throughput:  1230.5 MB/s  Total: 3712.65 GB
[ 3089.8s] IOs:    973350687  IOPS:   315023  Throughput:  1230.6 MB/s  Total: 3713.04 GB
[ 3090.0s] IOs:    973451064  IOPS:   315031  Throughput:  1230.6 MB/s  Total: 3713.42 GB
[ 3090.3s] IOs:    973551477  IOPS:   315039  Throughput:  1230.6 MB/s  Total: 3713.80 GB
[ 3090.5s] IOs:    973652419  IOPS:   315043  Throughput:  1230.6 MB/s  Total: 3714.19 GB
[ 3090.8s] IOs:    973753192  IOPS:   315052  Throughput:  1230.7 MB/s  Total: 3714.57 GB
[ 3091.0s] IOs:    973853841  IOPS:   315062  Throughput:  1230.7 MB/s  Total: 3714.96 GB
[ 3091.3s] IOs:    973954268  IOPS:   315062  Throughput:  1230.7 MB/s  Total: 3715.34 GB
[ 3091.5s] IOs:    974054922  IOPS:   315072  Throughput:  1230.8 MB/s  Total: 3715.72 GB
[ 3091.8s] IOs:    974155828  IOPS:   315075  Throughput:  1230.8 MB/s  Total: 3716.11 GB
[ 3092.1s] IOs:    974256231  IOPS:   315083  Throughput:  1230.8 MB/s  Total: 3716.49 GB
[ 3092.3s] IOs:    974356944  IOPS:   315090  Throughput:  1230.8 MB/s  Total: 3716.88 GB
[ 3092.5s] IOs:    974457540  IOPS:   315100  Throughput:  1230.9 MB/s  Total: 3717.26 GB
[ 3092.7s] IOs:    974558348  IOPS:   315115  Throughput:  1230.9 MB/s  Total: 3717.65 GB
[ 3093.0s] IOs:    974659131  IOPS:   315119  Throughput:  1230.9 MB/s  Total: 3718.03 GB
[ 3093.2s] IOs:    974759262  IOPS:   315133  Throughput:  1231.0 MB/s  Total: 3718.41 GB
[ 3093.4s] IOs:    974859626  IOPS:   315140  Throughput:  1231.0 MB/s  Total: 3718.79 GB
[ 3093.6s] IOs:    974960479  IOPS:   315153  Throughput:  1231.1 MB/s  Total: 3719.18 GB
[ 3093.9s] IOs:    975061465  IOPS:   315160  Throughput:  1231.1 MB/s  Total: 3719.56 GB
[ 3094.1s] IOs:    975162449  IOPS:   315173  Throughput:  1231.1 MB/s  Total: 3719.95 GB
[ 3094.2s] IOs:    975263491  IOPS:   315186  Throughput:  1231.2 MB/s  Total: 3720.33 GB
[ 3094.5s] IOs:    975363808  IOPS:   315197  Throughput:  1231.2 MB/s  Total: 3720.72 GB
[Reader] Parsed 121000000 lines, distributed 975375676 writes, unique 720.00 GB, skipped 70145707
[ 3094.7s] IOs:    975464238  IOPS:   315208  Throughput:  1231.3 MB/s  Total: 3721.10 GB
[ 3094.9s] IOs:    975565258  IOPS:   315218  Throughput:  1231.3 MB/s  Total: 3721.49 GB
[ 3095.1s] IOs:    975665258  IOPS:   315231  Throughput:  1231.4 MB/s  Total: 3721.87 GB
[ 3095.3s] IOs:    975766031  IOPS:   315240  Throughput:  1231.4 MB/s  Total: 3722.25 GB
[ 3095.5s] IOs:    975866708  IOPS:   315253  Throughput:  1231.5 MB/s  Total: 3722.64 GB
[ 3095.7s] IOs:    975966754  IOPS:   315268  Throughput:  1231.5 MB/s  Total: 3723.02 GB
[ 3095.9s] IOs:    976067668  IOPS:   315279  Throughput:  1231.6 MB/s  Total: 3723.40 GB
[ 3096.1s] IOs:    976168645  IOPS:   315291  Throughput:  1231.6 MB/s  Total: 3723.79 GB
[ 3096.3s] IOs:    976269208  IOPS:   315305  Throughput:  1231.7 MB/s  Total: 3724.17 GB
[ 3096.5s] IOs:    976369841  IOPS:   315315  Throughput:  1231.7 MB/s  Total: 3724.56 GB
[ 3096.7s] IOs:    976470688  IOPS:   315330  Throughput:  1231.8 MB/s  Total: 3724.94 GB
[ 3096.9s] IOs:    976571298  IOPS:   315340  Throughput:  1231.8 MB/s  Total: 3725.32 GB
[ 3097.2s] IOs:    976671973  IOPS:   315339  Throughput:  1231.8 MB/s  Total: 3725.71 GB
[ 3097.4s] IOs:    976772423  IOPS:   315350  Throughput:  1231.8 MB/s  Total: 3726.09 GB
[ 3097.6s] IOs:    976873099  IOPS:   315365  Throughput:  1231.9 MB/s  Total: 3726.48 GB
[ 3098.0s] IOs:    976973623  IOPS:   315359  Throughput:  1231.9 MB/s  Total: 3726.86 GB
[ 3098.3s] IOs:    977073945  IOPS:   315363  Throughput:  1231.9 MB/s  Total: 3727.24 GB
[ 3098.5s] IOs:    977174613  IOPS:   315370  Throughput:  1231.9 MB/s  Total: 3727.63 GB
[ 3098.8s] IOs:    977275240  IOPS:   315369  Throughput:  1231.9 MB/s  Total: 3728.01 GB
[ 3099.0s] IOs:    977375469  IOPS:   315384  Throughput:  1232.0 MB/s  Total: 3728.39 GB
[ 3099.5s] IOs:    977476328  IOPS:   315366  Throughput:  1231.9 MB/s  Total: 3728.78 GB
[ 3099.7s] IOs:    977577095  IOPS:   315378  Throughput:  1231.9 MB/s  Total: 3729.16 GB
[ 3099.9s] IOs:    977677703  IOPS:   315391  Throughput:  1232.0 MB/s  Total: 3729.54 GB
[ 3100.1s] IOs:    977778307  IOPS:   315405  Throughput:  1232.0 MB/s  Total: 3729.93 GB
[ 3100.3s] IOs:    977879139  IOPS:   315418  Throughput:  1232.1 MB/s  Total: 3730.31 GB
[ 3100.4s] IOs:    977979952  IOPS:   315432  Throughput:  1232.2 MB/s  Total: 3730.70 GB
[ 3100.7s] IOs:    978080859  IOPS:   315442  Throughput:  1232.2 MB/s  Total: 3731.08 GB
[ 3100.9s] IOs:    978181392  IOPS:   315456  Throughput:  1232.2 MB/s  Total: 3731.47 GB
[ 3101.0s] IOs:    978281904  IOPS:   315468  Throughput:  1232.3 MB/s  Total: 3731.85 GB
[ 3101.2s] IOs:    978382379  IOPS:   315481  Throughput:  1232.3 MB/s  Total: 3732.23 GB
[ 3101.4s] IOs:    978482387  IOPS:   315493  Throughput:  1232.4 MB/s  Total: 3732.61 GB
[ 3101.6s] IOs:    978583050  IOPS:   315508  Throughput:  1232.5 MB/s  Total: 3733.00 GB
[ 3101.9s] IOs:    978683355  IOPS:   315509  Throughput:  1232.5 MB/s  Total: 3733.38 GB
[ 3102.1s] IOs:    978784166  IOPS:   315523  Throughput:  1232.5 MB/s  Total: 3733.77 GB
[ 3102.3s] IOs:    978884882  IOPS:   315539  Throughput:  1232.6 MB/s  Total: 3734.15 GB
[ 3102.5s] IOs:    978985640  IOPS:   315549  Throughput:  1232.6 MB/s  Total: 3734.53 GB
[ 3102.7s] IOs:    979086411  IOPS:   315563  Throughput:  1232.7 MB/s  Total: 3734.92 GB
[ 3103.0s] IOs:    979186939  IOPS:   315565  Throughput:  1232.7 MB/s  Total: 3735.30 GB
[ 3103.2s] IOs:    979287530  IOPS:   315578  Throughput:  1232.7 MB/s  Total: 3735.69 GB
[ 3103.3s] IOs:    979388088  IOPS:   315591  Throughput:  1232.8 MB/s  Total: 3736.07 GB
[ 3103.5s] IOs:    979489042  IOPS:   315605  Throughput:  1232.8 MB/s  Total: 3736.45 GB
[ 3103.7s] IOs:    979589829  IOPS:   315617  Throughput:  1232.9 MB/s  Total: 3736.84 GB
[ 3103.9s] IOs:    979690620  IOPS:   315628  Throughput:  1232.9 MB/s  Total: 3737.22 GB
[ 3104.1s] IOs:    979791237  IOPS:   315640  Throughput:  1233.0 MB/s  Total: 3737.61 GB
[ 3104.3s] IOs:    979891712  IOPS:   315654  Throughput:  1233.0 MB/s  Total: 3737.99 GB
[ 3104.5s] IOs:    979992479  IOPS:   315666  Throughput:  1233.1 MB/s  Total: 3738.37 GB
[ 3104.7s] IOs:    980092521  IOPS:   315681  Throughput:  1233.1 MB/s  Total: 3738.76 GB
[ 3104.9s] IOs:    980193137  IOPS:   315696  Throughput:  1233.2 MB/s  Total: 3739.14 GB
[ 3105.0s] IOs:    980293712  IOPS:   315711  Throughput:  1233.2 MB/s  Total: 3739.52 GB
[ 3105.2s] IOs:    980394167  IOPS:   315725  Throughput:  1233.3 MB/s  Total: 3739.91 GB
[ 3105.4s] IOs:    980494543  IOPS:   315736  Throughput:  1233.3 MB/s  Total: 3740.29 GB
[ 3105.6s] IOs:    980595254  IOPS:   315751  Throughput:  1233.4 MB/s  Total: 3740.67 GB
[ 3105.8s] IOs:    980696193  IOPS:   315766  Throughput:  1233.5 MB/s  Total: 3741.06 GB
[ 3106.0s] IOs:    980796936  IOPS:   315778  Throughput:  1233.5 MB/s  Total: 3741.44 GB
[ 3106.2s] IOs:    980897397  IOPS:   315791  Throughput:  1233.6 MB/s  Total: 3741.83 GB
[ 3106.3s] IOs:    980998105  IOPS:   315807  Throughput:  1233.6 MB/s  Total: 3742.21 GB
[ 3106.5s] IOs:    981098947  IOPS:   315822  Throughput:  1233.7 MB/s  Total: 3742.60 GB
[ 3106.8s] IOs:    981199911  IOPS:   315820  Throughput:  1233.7 MB/s  Total: 3742.98 GB
[ 3107.0s] IOs:    981300642  IOPS:   315834  Throughput:  1233.7 MB/s  Total: 3743.36 GB
[ 3107.2s] IOs:    981401395  IOPS:   315847  Throughput:  1233.8 MB/s  Total: 3743.75 GB
[ 3107.4s] IOs:    981502268  IOPS:   315859  Throughput:  1233.8 MB/s  Total: 3744.13 GB
[ 3107.6s] IOs:    981603122  IOPS:   315874  Throughput:  1233.9 MB/s  Total: 3744.52 GB
[ 3107.8s] IOs:    981703771  IOPS:   315889  Throughput:  1233.9 MB/s  Total: 3744.90 GB
[ 3108.0s] IOs:    981804278  IOPS:   315898  Throughput:  1234.0 MB/s  Total: 3745.29 GB
[ 3108.1s] IOs:    981904735  IOPS:   315913  Throughput:  1234.0 MB/s  Total: 3745.67 GB
[ 3108.4s] IOs:    982005596  IOPS:   315923  Throughput:  1234.1 MB/s  Total: 3746.05 GB
[ 3108.6s] IOs:    982106267  IOPS:   315937  Throughput:  1234.1 MB/s  Total: 3746.44 GB
[ 3108.7s] IOs:    982206975  IOPS:   315952  Throughput:  1234.2 MB/s  Total: 3746.82 GB
[ 3108.9s] IOs:    982307645  IOPS:   315965  Throughput:  1234.2 MB/s  Total: 3747.21 GB
[ 3109.2s] IOs:    982408304  IOPS:   315967  Throughput:  1234.2 MB/s  Total: 3747.59 GB
[ 3109.4s] IOs:    982509003  IOPS:   315980  Throughput:  1234.3 MB/s  Total: 3747.97 GB
[ 3109.6s] IOs:    982609984  IOPS:   315993  Throughput:  1234.3 MB/s  Total: 3748.36 GB
[ 3109.8s] IOs:    982710960  IOPS:   316007  Throughput:  1234.4 MB/s  Total: 3748.74 GB
[ 3110.0s] IOs:    982811800  IOPS:   316017  Throughput:  1234.4 MB/s  Total: 3749.13 GB
[ 3110.2s] IOs:    982912601  IOPS:   316028  Throughput:  1234.5 MB/s  Total: 3749.51 GB
[ 3110.4s] IOs:    983013054  IOPS:   316041  Throughput:  1234.5 MB/s  Total: 3749.90 GB
[ 3110.6s] IOs:    983113488  IOPS:   316053  Throughput:  1234.6 MB/s  Total: 3750.28 GB
[ 3110.8s] IOs:    983214191  IOPS:   316068  Throughput:  1234.6 MB/s  Total: 3750.66 GB
[ 3111.0s] IOs:    983314726  IOPS:   316078  Throughput:  1234.7 MB/s  Total: 3751.05 GB
[ 3111.2s] IOs:    983415281  IOPS:   316093  Throughput:  1234.7 MB/s  Total: 3751.43 GB
[ 3111.4s] IOs:    983515939  IOPS:   316097  Throughput:  1234.8 MB/s  Total: 3751.82 GB
[ 3111.6s] IOs:    983616484  IOPS:   316111  Throughput:  1234.8 MB/s  Total: 3752.20 GB
[ 3111.9s] IOs:    983717149  IOPS:   316119  Throughput:  1234.8 MB/s  Total: 3752.58 GB
[ 3112.0s] IOs:    983817181  IOPS:   316133  Throughput:  1234.9 MB/s  Total: 3752.96 GB
[ 3112.3s] IOs:    983917797  IOPS:   316134  Throughput:  1234.9 MB/s  Total: 3753.35 GB
[ 3112.5s] IOs:    984018495  IOPS:   316147  Throughput:  1234.9 MB/s  Total: 3753.73 GB
[ 3112.7s] IOs:    984118999  IOPS:   316160  Throughput:  1235.0 MB/s  Total: 3754.12 GB
[ 3112.9s] IOs:    984219016  IOPS:   316174  Throughput:  1235.1 MB/s  Total: 3754.50 GB
[ 3113.1s] IOs:    984319966  IOPS:   316187  Throughput:  1235.1 MB/s  Total: 3754.88 GB
[ 3113.3s] IOs:    984420557  IOPS:   316194  Throughput:  1235.1 MB/s  Total: 3755.27 GB
[ 3113.5s] IOs:    984520954  IOPS:   316206  Throughput:  1235.2 MB/s  Total: 3755.65 GB
[ 3113.8s] IOs:    984621499  IOPS:   316211  Throughput:  1235.2 MB/s  Total: 3756.03 GB
[ 3114.0s] IOs:    984721722  IOPS:   316226  Throughput:  1235.3 MB/s  Total: 3756.42 GB
[ 3114.2s] IOs:    984822236  IOPS:   316238  Throughput:  1235.3 MB/s  Total: 3756.80 GB
[ 3114.5s] IOs:    984922712  IOPS:   316241  Throughput:  1235.3 MB/s  Total: 3757.18 GB
[ 3114.7s] IOs:    985023644  IOPS:   316252  Throughput:  1235.4 MB/s  Total: 3757.57 GB
[ 3114.9s] IOs:    985124451  IOPS:   316259  Throughput:  1235.4 MB/s  Total: 3757.95 GB
[ 3115.1s] IOs:    985225365  IOPS:   316274  Throughput:  1235.4 MB/s  Total: 3758.34 GB
[ 3115.4s] IOs:    985325693  IOPS:   316279  Throughput:  1235.5 MB/s  Total: 3758.72 GB
[Reader] Parsed 122000000 lines, distributed 985425934 writes, unique 720.00 GB, skipped 72461516
[ 3115.6s] IOs:    985426310  IOPS:   316292  Throughput:  1235.5 MB/s  Total: 3759.10 GB
[ 3115.7s] IOs:    985527173  IOPS:   316306  Throughput:  1235.6 MB/s  Total: 3759.49 GB
[ 3116.0s] IOs:    985628063  IOPS:   316313  Throughput:  1235.6 MB/s  Total: 3759.87 GB
[ 3116.2s] IOs:    985728235  IOPS:   316327  Throughput:  1235.7 MB/s  Total: 3760.25 GB
[ 3116.4s] IOs:    985828639  IOPS:   316339  Throughput:  1235.7 MB/s  Total: 3760.64 GB
[ 3116.6s] IOs:    985929488  IOPS:   316353  Throughput:  1235.8 MB/s  Total: 3761.02 GB
[ 3116.7s] IOs:    986030373  IOPS:   316367  Throughput:  1235.8 MB/s  Total: 3761.41 GB
[ 3116.9s] IOs:    986131207  IOPS:   316380  Throughput:  1235.9 MB/s  Total: 3761.79 GB
[ 3117.1s] IOs:    986231930  IOPS:   316394  Throughput:  1235.9 MB/s  Total: 3762.18 GB
[ 3117.3s] IOs:    986332090  IOPS:   316408  Throughput:  1236.0 MB/s  Total: 3762.56 GB
[ 3117.5s] IOs:    986432350  IOPS:   316422  Throughput:  1236.0 MB/s  Total: 3762.94 GB
[ 3117.6s] IOs:    986532706  IOPS:   316435  Throughput:  1236.1 MB/s  Total: 3763.32 GB
[ 3117.8s] IOs:    986633443  IOPS:   316448  Throughput:  1236.1 MB/s  Total: 3763.71 GB
[ 3118.0s] IOs:    986733977  IOPS:   316462  Throughput:  1236.2 MB/s  Total: 3764.09 GB
[ 3118.2s] IOs:    986834201  IOPS:   316473  Throughput:  1236.2 MB/s  Total: 3764.47 GB
[ 3118.4s] IOs:    986934684  IOPS:   316486  Throughput:  1236.3 MB/s  Total: 3764.86 GB
[ 3118.6s] IOs:    987035385  IOPS:   316500  Throughput:  1236.3 MB/s  Total: 3765.24 GB
[ 3118.8s] IOs:    987136356  IOPS:   316514  Throughput:  1236.4 MB/s  Total: 3765.63 GB
[ 3119.0s] IOs:    987236841  IOPS:   316528  Throughput:  1236.4 MB/s  Total: 3766.01 GB
[ 3119.1s] IOs:    987337256  IOPS:   316541  Throughput:  1236.5 MB/s  Total: 3766.39 GB
[ 3119.3s] IOs:    987438006  IOPS:   316556  Throughput:  1236.5 MB/s  Total: 3766.78 GB
[ 3119.5s] IOs:    987538213  IOPS:   316568  Throughput:  1236.6 MB/s  Total: 3767.16 GB
[ 3119.7s] IOs:    987638338  IOPS:   316583  Throughput:  1236.7 MB/s  Total: 3767.54 GB
[ 3119.9s] IOs:    987738510  IOPS:   316596  Throughput:  1236.7 MB/s  Total: 3767.92 GB
[ 3120.1s] IOs:    987839323  IOPS:   316610  Throughput:  1236.8 MB/s  Total: 3768.31 GB
[ 3120.2s] IOs:    987939855  IOPS:   316624  Throughput:  1236.8 MB/s  Total: 3768.69 GB
[ 3120.5s] IOs:    988040594  IOPS:   316633  Throughput:  1236.8 MB/s  Total: 3769.08 GB
[ 3120.7s] IOs:    988140767  IOPS:   316645  Throughput:  1236.9 MB/s  Total: 3769.46 GB
[ 3121.0s] IOs:    988241278  IOPS:   316640  Throughput:  1236.9 MB/s  Total: 3769.84 GB
[ 3121.2s] IOs:    988341461  IOPS:   316655  Throughput:  1236.9 MB/s  Total: 3770.22 GB
[ 3121.4s] IOs:    988441906  IOPS:   316662  Throughput:  1237.0 MB/s  Total: 3770.61 GB
[ 3121.6s] IOs:    988542279  IOPS:   316677  Throughput:  1237.0 MB/s  Total: 3770.99 GB
[ 3121.8s] IOs:    988643206  IOPS:   316690  Throughput:  1237.1 MB/s  Total: 3771.37 GB
[ 3122.0s] IOs:    988744033  IOPS:   316699  Throughput:  1237.1 MB/s  Total: 3771.76 GB
[ 3122.2s] IOs:    988844177  IOPS:   316713  Throughput:  1237.2 MB/s  Total: 3772.14 GB
[ 3122.4s] IOs:    988944705  IOPS:   316726  Throughput:  1237.2 MB/s  Total: 3772.52 GB
[ 3122.6s] IOs:    989045214  IOPS:   316738  Throughput:  1237.3 MB/s  Total: 3772.91 GB
[ 3122.8s] IOs:    989145540  IOPS:   316749  Throughput:  1237.3 MB/s  Total: 3773.29 GB
[ 3123.0s] IOs:    989246512  IOPS:   316762  Throughput:  1237.4 MB/s  Total: 3773.68 GB
[ 3123.2s] IOs:    989346599  IOPS:   316776  Throughput:  1237.4 MB/s  Total: 3774.06 GB
[ 3123.3s] IOs:    989447299  IOPS:   316791  Throughput:  1237.5 MB/s  Total: 3774.44 GB
[ 3123.5s] IOs:    989547834  IOPS:   316805  Throughput:  1237.5 MB/s  Total: 3774.83 GB
[ 3123.7s] IOs:    989648021  IOPS:   316819  Throughput:  1237.6 MB/s  Total: 3775.21 GB
[ 3123.9s] IOs:    989748682  IOPS:   316834  Throughput:  1237.6 MB/s  Total: 3775.59 GB
[ 3124.2s] IOs:    989848789  IOPS:   316832  Throughput:  1237.6 MB/s  Total: 3775.97 GB
[ 3124.4s] IOs:    989949288  IOPS:   316847  Throughput:  1237.7 MB/s  Total: 3776.36 GB
[ 3124.6s] IOs:    990049783  IOPS:   316861  Throughput:  1237.7 MB/s  Total: 3776.74 GB
[ 3124.7s] IOs:    990150383  IOPS:   316875  Throughput:  1237.8 MB/s  Total: 3777.12 GB
[ 3125.0s] IOs:    990250730  IOPS:   316880  Throughput:  1237.8 MB/s  Total: 3777.51 GB
[ 3125.2s] IOs:    990351699  IOPS:   316894  Throughput:  1237.9 MB/s  Total: 3777.89 GB
[ 3125.3s] IOs:    990452146  IOPS:   316909  Throughput:  1237.9 MB/s  Total: 3778.28 GB
[ 3125.6s] IOs:    990552635  IOPS:   316915  Throughput:  1237.9 MB/s  Total: 3778.66 GB
[ 3125.8s] IOs:    990652920  IOPS:   316929  Throughput:  1238.0 MB/s  Total: 3779.04 GB
[ 3126.0s] IOs:    990753555  IOPS:   316940  Throughput:  1238.0 MB/s  Total: 3779.42 GB
[ 3126.2s] IOs:    990854324  IOPS:   316954  Throughput:  1238.1 MB/s  Total: 3779.81 GB
[ 3126.4s] IOs:    990954985  IOPS:   316968  Throughput:  1238.2 MB/s  Total: 3780.19 GB
[ 3126.6s] IOs:    991055309  IOPS:   316977  Throughput:  1238.2 MB/s  Total: 3780.58 GB
[ 3126.8s] IOs:    991155881  IOPS:   316992  Throughput:  1238.3 MB/s  Total: 3780.96 GB
[ 3127.1s] IOs:    991256519  IOPS:   316989  Throughput:  1238.2 MB/s  Total: 3781.34 GB
[ 3127.3s] IOs:    991357034  IOPS:   317000  Throughput:  1238.3 MB/s  Total: 3781.73 GB
[ 3127.6s] IOs:    991457762  IOPS:   317005  Throughput:  1238.3 MB/s  Total: 3782.11 GB
[ 3127.8s] IOs:    991558376  IOPS:   317019  Throughput:  1238.4 MB/s  Total: 3782.50 GB
[ 3128.0s] IOs:    991658589  IOPS:   317024  Throughput:  1238.4 MB/s  Total: 3782.88 GB
[ 3128.2s] IOs:    991758942  IOPS:   317036  Throughput:  1238.4 MB/s  Total: 3783.26 GB
[ 3128.4s] IOs:    991859700  IOPS:   317050  Throughput:  1238.5 MB/s  Total: 3783.64 GB
[ 3128.6s] IOs:    991960411  IOPS:   317057  Throughput:  1238.5 MB/s  Total: 3784.03 GB
[ 3128.8s] IOs:    992060965  IOPS:   317071  Throughput:  1238.6 MB/s  Total: 3784.41 GB
[ 3129.1s] IOs:    992161538  IOPS:   317079  Throughput:  1238.6 MB/s  Total: 3784.80 GB
[ 3129.3s] IOs:    992262564  IOPS:   317093  Throughput:  1238.6 MB/s  Total: 3785.18 GB
[ 3129.4s] IOs:    992363394  IOPS:   317107  Throughput:  1238.7 MB/s  Total: 3785.57 GB
[ 3129.7s] IOs:    992464350  IOPS:   317116  Throughput:  1238.7 MB/s  Total: 3785.95 GB
[ 3129.9s] IOs:    992564762  IOPS:   317127  Throughput:  1238.8 MB/s  Total: 3786.33 GB
[ 3130.1s] IOs:    992665246  IOPS:   317140  Throughput:  1238.8 MB/s  Total: 3786.72 GB
[ 3130.2s] IOs:    992765481  IOPS:   317153  Throughput:  1238.9 MB/s  Total: 3787.10 GB
[ 3130.5s] IOs:    992865502  IOPS:   317161  Throughput:  1238.9 MB/s  Total: 3787.48 GB
[ 3130.7s] IOs:    992965554  IOPS:   317175  Throughput:  1239.0 MB/s  Total: 3787.86 GB
[ 3130.8s] IOs:    993066398  IOPS:   317188  Throughput:  1239.0 MB/s  Total: 3788.25 GB
[ 3131.1s] IOs:    993166974  IOPS:   317198  Throughput:  1239.1 MB/s  Total: 3788.63 GB
[ 3131.3s] IOs:    993267589  IOPS:   317211  Throughput:  1239.1 MB/s  Total: 3789.02 GB
[ 3131.4s] IOs:    993368305  IOPS:   317224  Throughput:  1239.2 MB/s  Total: 3789.40 GB
[ 3131.6s] IOs:    993469152  IOPS:   317237  Throughput:  1239.2 MB/s  Total: 3789.78 GB
[ 3131.8s] IOs:    993569952  IOPS:   317251  Throughput:  1239.3 MB/s  Total: 3790.17 GB
[ 3132.0s] IOs:    993670342  IOPS:   317261  Throughput:  1239.3 MB/s  Total: 3790.55 GB
[ 3132.2s] IOs:    993770778  IOPS:   317272  Throughput:  1239.3 MB/s  Total: 3790.93 GB
[ 3132.4s] IOs:    993871547  IOPS:   317285  Throughput:  1239.4 MB/s  Total: 3791.32 GB
[ 3132.6s] IOs:    993972464  IOPS:   317298  Throughput:  1239.4 MB/s  Total: 3791.70 GB
[ 3133.3s] IOs:    994072890  IOPS:   317263  Throughput:  1239.3 MB/s  Total: 3792.09 GB
[ 3133.5s] IOs:    994173684  IOPS:   317277  Throughput:  1239.4 MB/s  Total: 3792.47 GB
[ 3133.9s] IOs:    994274248  IOPS:   317269  Throughput:  1239.3 MB/s  Total: 3792.86 GB
[ 3134.2s] IOs:    994374531  IOPS:   317265  Throughput:  1239.3 MB/s  Total: 3793.24 GB
[ 3134.5s] IOs:    994474607  IOPS:   317269  Throughput:  1239.3 MB/s  Total: 3793.62 GB
[ 3134.8s] IOs:    994574708  IOPS:   317268  Throughput:  1239.3 MB/s  Total: 3794.00 GB
[ 3135.3s] IOs:    994674946  IOPS:   317251  Throughput:  1239.3 MB/s  Total: 3794.38 GB
[ 3135.5s] IOs:    994775649  IOPS:   317264  Throughput:  1239.3 MB/s  Total: 3794.77 GB
[ 3135.8s] IOs:    994876041  IOPS:   317263  Throughput:  1239.3 MB/s  Total: 3795.15 GB
[ 3136.2s] IOs:    994976173  IOPS:   317253  Throughput:  1239.3 MB/s  Total: 3795.53 GB
[ 3136.4s] IOs:    995077148  IOPS:   317265  Throughput:  1239.3 MB/s  Total: 3795.92 GB
[ 3136.8s] IOs:    995177535  IOPS:   317261  Throughput:  1239.3 MB/s  Total: 3796.30 GB
[ 3137.0s] IOs:    995277965  IOPS:   317275  Throughput:  1239.4 MB/s  Total: 3796.68 GB
[ 3137.3s] IOs:    995378526  IOPS:   317269  Throughput:  1239.3 MB/s  Total: 3797.07 GB
[ 3137.5s] IOs:    995479516  IOPS:   317283  Throughput:  1239.4 MB/s  Total: 3797.45 GB
[ 3137.9s] IOs:    995580508  IOPS:   317280  Throughput:  1239.4 MB/s  Total: 3797.84 GB
[ 3138.1s] IOs:    995681161  IOPS:   317291  Throughput:  1239.4 MB/s  Total: 3798.22 GB
[ 3138.3s] IOs:    995781772  IOPS:   317295  Throughput:  1239.4 MB/s  Total: 3798.61 GB
[ 3138.7s] IOs:    995882339  IOPS:   317292  Throughput:  1239.4 MB/s  Total: 3798.99 GB
[ 3138.9s] IOs:    995983193  IOPS:   317306  Throughput:  1239.5 MB/s  Total: 3799.37 GB
[ 3139.2s] IOs:    996083940  IOPS:   317304  Throughput:  1239.5 MB/s  Total: 3799.76 GB
[ 3139.4s] IOs:    996184495  IOPS:   317317  Throughput:  1239.5 MB/s  Total: 3800.14 GB
[ 3139.7s] IOs:    996285088  IOPS:   317318  Throughput:  1239.5 MB/s  Total: 3800.53 GB
[ 3139.9s] IOs:    996385742  IOPS:   317331  Throughput:  1239.6 MB/s  Total: 3800.91 GB
[ 3140.1s] IOs:    996486347  IOPS:   317346  Throughput:  1239.6 MB/s  Total: 3801.29 GB
[ 3140.4s] IOs:    996586596  IOPS:   317348  Throughput:  1239.6 MB/s  Total: 3801.68 GB
[ 3140.5s] IOs:    996687182  IOPS:   317362  Throughput:  1239.7 MB/s  Total: 3802.06 GB
[ 3140.8s] IOs:    996788111  IOPS:   317366  Throughput:  1239.7 MB/s  Total: 3802.44 GB
[ 3141.0s] IOs:    996888123  IOPS:   317380  Throughput:  1239.8 MB/s  Total: 3802.83 GB
[ 3141.3s] IOs:    996988704  IOPS:   317378  Throughput:  1239.8 MB/s  Total: 3803.21 GB
[ 3141.5s] IOs:    997088969  IOPS:   317390  Throughput:  1239.8 MB/s  Total: 3803.59 GB
[ 3141.7s] IOs:    997189550  IOPS:   317404  Throughput:  1239.9 MB/s  Total: 3803.98 GB
[ 3141.9s] IOs:    997290495  IOPS:   317419  Throughput:  1239.9 MB/s  Total: 3804.36 GB
[ 3142.0s] IOs:    997391078  IOPS:   317434  Throughput:  1240.0 MB/s  Total: 3804.75 GB
[ 3142.3s] IOs:    997492102  IOPS:   317440  Throughput:  1240.0 MB/s  Total: 3805.13 GB
[ 3142.5s] IOs:    997592573  IOPS:   317454  Throughput:  1240.1 MB/s  Total: 3805.51 GB
[ 3142.8s] IOs:    997693159  IOPS:   317457  Throughput:  1240.1 MB/s  Total: 3805.90 GB
[Reader] Parsed 123000000 lines, distributed 997719165 writes, unique 720.00 GB, skipped 74879933
[ 3142.9s] IOs:    997793755  IOPS:   317471  Throughput:  1240.1 MB/s  Total: 3806.28 GB
[ 3143.1s] IOs:    997894640  IOPS:   317485  Throughput:  1240.2 MB/s  Total: 3806.67 GB
[ 3143.6s] IOs:    997995318  IOPS:   317470  Throughput:  1240.1 MB/s  Total: 3807.05 GB
[ 3143.8s] IOs:    998095771  IOPS:   317484  Throughput:  1240.2 MB/s  Total: 3807.43 GB
[ 3143.9s] IOs:    998196207  IOPS:   317498  Throughput:  1240.2 MB/s  Total: 3807.82 GB
[ 3144.4s] IOs:    998296779  IOPS:   317487  Throughput:  1240.2 MB/s  Total: 3808.20 GB
[ 3144.5s] IOs:    998397392  IOPS:   317502  Throughput:  1240.2 MB/s  Total: 3808.58 GB
[ 3144.8s] IOs:    998498281  IOPS:   317504  Throughput:  1240.2 MB/s  Total: 3808.97 GB
[ 3145.1s] IOs:    998599233  IOPS:   317514  Throughput:  1240.3 MB/s  Total: 3809.35 GB
[ 3145.3s] IOs:    998699889  IOPS:   317516  Throughput:  1240.3 MB/s  Total: 3809.74 GB
[ 3145.7s] IOs:    998800597  IOPS:   317516  Throughput:  1240.3 MB/s  Total: 3810.12 GB
[ 3145.9s] IOs:    998901225  IOPS:   317529  Throughput:  1240.3 MB/s  Total: 3810.51 GB
[ 3146.0s] IOs:    999001905  IOPS:   317543  Throughput:  1240.4 MB/s  Total: 3810.89 GB
[ 3146.3s] IOs:    999102909  IOPS:   317545  Throughput:  1240.4 MB/s  Total: 3811.28 GB
[ 3146.5s] IOs:    999203393  IOPS:   317558  Throughput:  1240.5 MB/s  Total: 3811.66 GB
[ 3146.8s] IOs:    999304275  IOPS:   317560  Throughput:  1240.5 MB/s  Total: 3812.04 GB
[ 3147.0s] IOs:    999404936  IOPS:   317574  Throughput:  1240.5 MB/s  Total: 3812.43 GB
[ 3147.3s] IOs:    999505451  IOPS:   317578  Throughput:  1240.5 MB/s  Total: 3812.81 GB
[ 3147.4s] IOs:    999606195  IOPS:   317593  Throughput:  1240.6 MB/s  Total: 3813.20 GB
[ 3147.6s] IOs:    999706519  IOPS:   317607  Throughput:  1240.7 MB/s  Total: 3813.58 GB
[ 3148.2s] IOs:    999807358  IOPS:   317584  Throughput:  1240.6 MB/s  Total: 3813.96 GB
[ 3148.4s] IOs:    999908053  IOPS:   317597  Throughput:  1240.6 MB/s  Total: 3814.35 GB
[ 3148.9s] IOs:   1000008564  IOPS:   317577  Throughput:  1240.5 MB/s  Total: 3814.73 GB
[ 3149.3s] IOs:   1000109281  IOPS:   317568  Throughput:  1240.5 MB/s  Total: 3815.11 GB
[ 3149.5s] IOs:   1000209692  IOPS:   317581  Throughput:  1240.5 MB/s  Total: 3815.50 GB
[ 3149.9s] IOs:   1000310267  IOPS:   317568  Throughput:  1240.5 MB/s  Total: 3815.88 GB
[ 3150.3s] IOs:   1000411305  IOPS:   317560  Throughput:  1240.5 MB/s  Total: 3816.27 GB
[ 3150.5s] IOs:   1000512120  IOPS:   317574  Throughput:  1240.5 MB/s  Total: 3816.65 GB
[ 3151.0s] IOs:   1000612688  IOPS:   317557  Throughput:  1240.5 MB/s  Total: 3817.03 GB
[ 3151.3s] IOs:   1000713484  IOPS:   317554  Throughput:  1240.4 MB/s  Total: 3817.42 GB
[ 3151.7s] IOs:   1000814468  IOPS:   317544  Throughput:  1240.4 MB/s  Total: 3817.80 GB
[ 3152.0s] IOs:   1000915411  IOPS:   317549  Throughput:  1240.4 MB/s  Total: 3818.19 GB
[ 3152.3s] IOs:   1001016039  IOPS:   317551  Throughput:  1240.4 MB/s  Total: 3818.57 GB
[ 3152.5s] IOs:   1001116768  IOPS:   317565  Throughput:  1240.5 MB/s  Total: 3818.96 GB
[ 3153.1s] IOs:   1001217083  IOPS:   317537  Throughput:  1240.4 MB/s  Total: 3819.34 GB
[ 3153.2s] IOs:   1001317681  IOPS:   317551  Throughput:  1240.4 MB/s  Total: 3819.72 GB
[ 3153.4s] IOs:   1001418642  IOPS:   317565  Throughput:  1240.5 MB/s  Total: 3820.11 GB
[ 3153.8s] IOs:   1001519138  IOPS:   317556  Throughput:  1240.5 MB/s  Total: 3820.49 GB
[ 3154.0s] IOs:   1001619794  IOPS:   317570  Throughput:  1240.5 MB/s  Total: 3820.88 GB
[ 3154.3s] IOs:   1001720764  IOPS:   317574  Throughput:  1240.5 MB/s  Total: 3821.26 GB
[ 3154.5s] IOs:   1001821378  IOPS:   317585  Throughput:  1240.6 MB/s  Total: 3821.65 GB
[ 3159.4s] IOs:   1001922403  IOPS:   317125  Throughput:  1238.8 MB/s  Total: 3822.03 GB
[ 3161.9s] IOs:   1002023074  IOPS:   316906  Throughput:  1237.9 MB/s  Total: 3822.41 GB
[ 3164.3s] IOs:   1002123288  IOPS:   316693  Throughput:  1237.1 MB/s  Total: 3822.80 GB
[ 3166.0s] IOs:   1002223400  IOPS:   316563  Throughput:  1236.6 MB/s  Total: 3823.18 GB
[ 3167.5s] IOs:   1002323433  IOPS:   316439  Throughput:  1236.1 MB/s  Total: 3823.56 GB
[ 3168.9s] IOs:   1002424272  IOPS:   316329  Throughput:  1235.7 MB/s  Total: 3823.95 GB
[ 3170.0s] IOs:   1002524439  IOPS:   316254  Throughput:  1235.4 MB/s  Total: 3824.33 GB
[ 3171.0s] IOs:   1002624987  IOPS:   316182  Throughput:  1235.1 MB/s  Total: 3824.71 GB
[ 3172.0s] IOs:   1002725154  IOPS:   316116  Throughput:  1234.8 MB/s  Total: 3825.09 GB
[ 3172.9s] IOs:   1002825941  IOPS:   316055  Throughput:  1234.6 MB/s  Total: 3825.48 GB
[ 3173.6s] IOs:   1002926582  IOPS:   316025  Throughput:  1234.5 MB/s  Total: 3825.86 GB
[ 3174.5s] IOs:   1003027415  IOPS:   315966  Throughput:  1234.2 MB/s  Total: 3826.25 GB
[ 3175.1s] IOs:   1003128367  IOPS:   315940  Throughput:  1234.1 MB/s  Total: 3826.63 GB
[ 3175.9s] IOs:   1003229352  IOPS:   315889  Throughput:  1233.9 MB/s  Total: 3827.02 GB
[ 3176.5s] IOs:   1003330161  IOPS:   315862  Throughput:  1233.8 MB/s  Total: 3827.40 GB
[ 3177.1s] IOs:   1003430636  IOPS:   315837  Throughput:  1233.7 MB/s  Total: 3827.78 GB
[ 3177.7s] IOs:   1003531426  IOPS:   315801  Throughput:  1233.6 MB/s  Total: 3828.17 GB
[ 3178.0s] IOs:   1003632204  IOPS:   315807  Throughput:  1233.6 MB/s  Total: 3828.55 GB
[ 3178.6s] IOs:   1003732890  IOPS:   315780  Throughput:  1233.5 MB/s  Total: 3828.94 GB
[ 3179.2s] IOs:   1003833479  IOPS:   315755  Throughput:  1233.4 MB/s  Total: 3829.32 GB
[ 3179.6s] IOs:   1003934153  IOPS:   315738  Throughput:  1233.4 MB/s  Total: 3829.70 GB
[ 3180.0s] IOs:   1004034750  IOPS:   315732  Throughput:  1233.3 MB/s  Total: 3830.09 GB
[ 3180.5s] IOs:   1004135522  IOPS:   315713  Throughput:  1233.3 MB/s  Total: 3830.47 GB
[ 3180.9s] IOs:   1004236339  IOPS:   315712  Throughput:  1233.2 MB/s  Total: 3830.86 GB
[ 3181.2s] IOs:   1004336652  IOPS:   315713  Throughput:  1233.3 MB/s  Total: 3831.24 GB
[ 3181.6s] IOs:   1004436853  IOPS:   315698  Throughput:  1233.2 MB/s  Total: 3831.62 GB
[ 3182.1s] IOs:   1004537758  IOPS:   315687  Throughput:  1233.2 MB/s  Total: 3832.01 GB
[ 3182.4s] IOs:   1004638433  IOPS:   315681  Throughput:  1233.1 MB/s  Total: 3832.39 GB
[ 3182.7s] IOs:   1004739090  IOPS:   315683  Throughput:  1233.1 MB/s  Total: 3832.78 GB
[ 3183.1s] IOs:   1004839414  IOPS:   315684  Throughput:  1233.1 MB/s  Total: 3833.16 GB
[ 3183.3s] IOs:   1004939726  IOPS:   315687  Throughput:  1233.2 MB/s  Total: 3833.54 GB
[ 3183.9s] IOs:   1005040196  IOPS:   315659  Throughput:  1233.0 MB/s  Total: 3833.92 GB
[ 3184.4s] IOs:   1005140582  IOPS:   315648  Throughput:  1233.0 MB/s  Total: 3834.31 GB
[ 3184.7s] IOs:   1005241318  IOPS:   315651  Throughput:  1233.0 MB/s  Total: 3834.69 GB
[ 3185.2s] IOs:   1005342210  IOPS:   315627  Throughput:  1232.9 MB/s  Total: 3835.08 GB
[ 3185.7s] IOs:   1005442689  IOPS:   315610  Throughput:  1232.9 MB/s  Total: 3835.46 GB
[ 3186.2s] IOs:   1005543275  IOPS:   315594  Throughput:  1232.8 MB/s  Total: 3835.84 GB
[ 3186.6s] IOs:   1005643927  IOPS:   315581  Throughput:  1232.7 MB/s  Total: 3836.23 GB
[ 3187.1s] IOs:   1005744681  IOPS:   315567  Throughput:  1232.7 MB/s  Total: 3836.61 GB
[ 3187.5s] IOs:   1005845522  IOPS:   315560  Throughput:  1232.7 MB/s  Total: 3837.00 GB
[ 3187.8s] IOs:   1005945862  IOPS:   315563  Throughput:  1232.7 MB/s  Total: 3837.38 GB
[ 3188.4s] IOs:   1006046473  IOPS:   315535  Throughput:  1232.6 MB/s  Total: 3837.76 GB
[ 3188.6s] IOs:   1006147215  IOPS:   315544  Throughput:  1232.6 MB/s  Total: 3838.15 GB
[ 3189.1s] IOs:   1006247414  IOPS:   315523  Throughput:  1232.5 MB/s  Total: 3838.53 GB
[ 3189.5s] IOs:   1006348113  IOPS:   315521  Throughput:  1232.5 MB/s  Total: 3838.91 GB
[ 3189.7s] IOs:   1006448662  IOPS:   315529  Throughput:  1232.5 MB/s  Total: 3839.30 GB
[ 3190.2s] IOs:   1006549269  IOPS:   315509  Throughput:  1232.5 MB/s  Total: 3839.68 GB
[ 3190.5s] IOs:   1006649731  IOPS:   315511  Throughput:  1232.5 MB/s  Total: 3840.06 GB
[ 3190.8s] IOs:   1006749776  IOPS:   315518  Throughput:  1232.5 MB/s  Total: 3840.45 GB
[ 3191.1s] IOs:   1006850696  IOPS:   315514  Throughput:  1232.5 MB/s  Total: 3840.83 GB
[ 3191.6s] IOs:   1006951334  IOPS:   315501  Throughput:  1232.4 MB/s  Total: 3841.21 GB
[ 3191.8s] IOs:   1007051618  IOPS:   315510  Throughput:  1232.5 MB/s  Total: 3841.60 GB
[ 3192.2s] IOs:   1007152057  IOPS:   315508  Throughput:  1232.5 MB/s  Total: 3841.98 GB
[ 3192.6s] IOs:   1007252653  IOPS:   315494  Throughput:  1232.4 MB/s  Total: 3842.36 GB
[ 3193.1s] IOs:   1007353273  IOPS:   315482  Throughput:  1232.4 MB/s  Total: 3842.75 GB
[ 3193.3s] IOs:   1007453876  IOPS:   315491  Throughput:  1232.4 MB/s  Total: 3843.13 GB
[ 3193.7s] IOs:   1007554437  IOPS:   315479  Throughput:  1232.3 MB/s  Total: 3843.52 GB
[ 3194.1s] IOs:   1007654950  IOPS:   315473  Throughput:  1232.3 MB/s  Total: 3843.90 GB
[Reader] Parsed 124000000 lines, distributed 1007738796 writes, unique 720.00 GB, skipped 76865802
[ 3194.5s] IOs:   1007755748  IOPS:   315470  Throughput:  1232.3 MB/s  Total: 3844.28 GB
[ 3194.7s] IOs:   1007856416  IOPS:   315478  Throughput:  1232.3 MB/s  Total: 3844.67 GB
[ 3195.1s] IOs:   1007957144  IOPS:   315473  Throughput:  1232.3 MB/s  Total: 3845.05 GB
[ 3195.3s] IOs:   1008057600  IOPS:   315482  Throughput:  1232.4 MB/s  Total: 3845.43 GB
[ 3195.6s] IOs:   1008157779  IOPS:   315480  Throughput:  1232.3 MB/s  Total: 3845.82 GB
[ 3196.0s] IOs:   1008258293  IOPS:   315479  Throughput:  1232.3 MB/s  Total: 3846.20 GB
[ 3196.2s] IOs:   1008358787  IOPS:   315487  Throughput:  1232.4 MB/s  Total: 3846.58 GB
[ 3196.5s] IOs:   1008459488  IOPS:   315485  Throughput:  1232.4 MB/s  Total: 3846.97 GB
[ 3196.8s] IOs:   1008559941  IOPS:   315490  Throughput:  1232.4 MB/s  Total: 3847.35 GB
[ 3197.1s] IOs:   1008660381  IOPS:   315489  Throughput:  1232.4 MB/s  Total: 3847.73 GB
[ 3197.5s] IOs:   1008760599  IOPS:   315481  Throughput:  1232.3 MB/s  Total: 3848.12 GB
[ 3197.8s] IOs:   1008861008  IOPS:   315491  Throughput:  1232.4 MB/s  Total: 3848.50 GB
[ 3198.1s] IOs:   1008961572  IOPS:   315484  Throughput:  1232.4 MB/s  Total: 3848.88 GB
[ 3198.5s] IOs:   1009062117  IOPS:   315483  Throughput:  1232.4 MB/s  Total: 3849.27 GB
[ 3198.7s] IOs:   1009162793  IOPS:   315493  Throughput:  1232.4 MB/s  Total: 3849.65 GB
[ 3199.0s] IOs:   1009263609  IOPS:   315490  Throughput:  1232.4 MB/s  Total: 3850.04 GB
[ 3199.5s] IOs:   1009364320  IOPS:   315478  Throughput:  1232.3 MB/s  Total: 3850.42 GB
[ 3199.7s] IOs:   1009464550  IOPS:   315486  Throughput:  1232.4 MB/s  Total: 3850.80 GB
[ 3200.2s] IOs:   1009565199  IOPS:   315473  Throughput:  1232.3 MB/s  Total: 3851.19 GB
[ 3200.5s] IOs:   1009666123  IOPS:   315469  Throughput:  1232.3 MB/s  Total: 3851.57 GB
[ 3200.8s] IOs:   1009766432  IOPS:   315471  Throughput:  1232.3 MB/s  Total: 3851.95 GB
[ 3201.1s] IOs:   1009867107  IOPS:   315471  Throughput:  1232.3 MB/s  Total: 3852.34 GB
[ 3201.6s] IOs:   1009967827  IOPS:   315460  Throughput:  1232.3 MB/s  Total: 3852.72 GB
[ 3201.8s] IOs:   1010068646  IOPS:   315469  Throughput:  1232.3 MB/s  Total: 3853.11 GB
[ 3202.2s] IOs:   1010169157  IOPS:   315464  Throughput:  1232.3 MB/s  Total: 3853.49 GB
[ 3202.6s] IOs:   1010269448  IOPS:   315456  Throughput:  1232.3 MB/s  Total: 3853.87 GB
[ 3202.8s] IOs:   1010370220  IOPS:   315466  Throughput:  1232.3 MB/s  Total: 3854.26 GB
[ 3203.1s] IOs:   1010471087  IOPS:   315465  Throughput:  1232.3 MB/s  Total: 3854.64 GB
[ 3203.4s] IOs:   1010571730  IOPS:   315471  Throughput:  1232.3 MB/s  Total: 3855.03 GB
[ 3203.9s] IOs:   1010672491  IOPS:   315452  Throughput:  1232.2 MB/s  Total: 3855.41 GB
[ 3204.2s] IOs:   1010772808  IOPS:   315455  Throughput:  1232.2 MB/s  Total: 3855.79 GB
[ 3204.7s] IOs:   1010873447  IOPS:   315438  Throughput:  1232.2 MB/s  Total: 3856.18 GB
[ 3205.0s] IOs:   1010973534  IOPS:   315433  Throughput:  1232.2 MB/s  Total: 3856.56 GB
[ 3205.3s] IOs:   1011074169  IOPS:   315441  Throughput:  1232.2 MB/s  Total: 3856.94 GB
[ 3205.7s] IOs:   1011174678  IOPS:   315427  Throughput:  1232.1 MB/s  Total: 3857.33 GB
[ 3206.1s] IOs:   1011274940  IOPS:   315424  Throughput:  1232.1 MB/s  Total: 3857.71 GB
[ 3206.3s] IOs:   1011375293  IOPS:   315433  Throughput:  1232.2 MB/s  Total: 3858.09 GB
[ 3206.7s] IOs:   1011476130  IOPS:   315424  Throughput:  1232.1 MB/s  Total: 3858.48 GB
[ 3207.1s] IOs:   1011576895  IOPS:   315419  Throughput:  1232.1 MB/s  Total: 3858.86 GB
[ 3207.5s] IOs:   1011677738  IOPS:   315412  Throughput:  1232.1 MB/s  Total: 3859.24 GB
[ 3207.7s] IOs:   1011778134  IOPS:   315422  Throughput:  1232.1 MB/s  Total: 3859.63 GB
[ 3208.3s] IOs:   1011878512  IOPS:   315396  Throughput:  1232.0 MB/s  Total: 3860.01 GB
[ 3208.5s] IOs:   1011979013  IOPS:   315402  Throughput:  1232.0 MB/s  Total: 3860.39 GB
[ 3208.8s] IOs:   1012079686  IOPS:   315411  Throughput:  1232.1 MB/s  Total: 3860.78 GB
[ 3209.2s] IOs:   1012180563  IOPS:   315403  Throughput:  1232.0 MB/s  Total: 3861.16 GB
[ 3209.6s] IOs:   1012280809  IOPS:   315389  Throughput:  1232.0 MB/s  Total: 3861.54 GB
[ 3209.9s] IOs:   1012381218  IOPS:   315398  Throughput:  1232.0 MB/s  Total: 3861.93 GB
[ 3210.2s] IOs:   1012482004  IOPS:   315399  Throughput:  1232.0 MB/s  Total: 3862.31 GB
[ 3210.5s] IOs:   1012582694  IOPS:   315395  Throughput:  1232.0 MB/s  Total: 3862.70 GB
[ 3210.8s] IOs:   1012683177  IOPS:   315403  Throughput:  1232.0 MB/s  Total: 3863.08 GB
[ 3211.1s] IOs:   1012783500  IOPS:   315400  Throughput:  1232.0 MB/s  Total: 3863.46 GB
[ 3211.3s] IOs:   1012884017  IOPS:   315409  Throughput:  1232.1 MB/s  Total: 3863.85 GB
[ 3211.7s] IOs:   1012984732  IOPS:   315404  Throughput:  1232.0 MB/s  Total: 3864.23 GB
[ 3211.9s] IOs:   1013085416  IOPS:   315412  Throughput:  1232.1 MB/s  Total: 3864.61 GB
[ 3212.2s] IOs:   1013186291  IOPS:   315419  Throughput:  1232.1 MB/s  Total: 3865.00 GB
[ 3212.5s] IOs:   1013286842  IOPS:   315416  Throughput:  1232.1 MB/s  Total: 3865.38 GB
[ 3212.8s] IOs:   1013387221  IOPS:   315425  Throughput:  1232.1 MB/s  Total: 3865.77 GB
[ 3213.3s] IOs:   1013488225  IOPS:   315409  Throughput:  1232.1 MB/s  Total: 3866.15 GB
[ 3213.5s] IOs:   1013588881  IOPS:   315413  Throughput:  1232.1 MB/s  Total: 3866.53 GB
[ 3213.8s] IOs:   1013689401  IOPS:   315419  Throughput:  1232.1 MB/s  Total: 3866.92 GB
[ 3214.2s] IOs:   1013789591  IOPS:   315408  Throughput:  1232.1 MB/s  Total: 3867.30 GB
[ 3214.6s] IOs:   1013889878  IOPS:   315404  Throughput:  1232.0 MB/s  Total: 3867.68 GB
[ 3214.8s] IOs:   1013990299  IOPS:   315411  Throughput:  1232.1 MB/s  Total: 3868.07 GB
[ 3215.2s] IOs:   1014091065  IOPS:   315406  Throughput:  1232.1 MB/s  Total: 3868.45 GB
[ 3215.5s] IOs:   1014191544  IOPS:   315402  Throughput:  1232.0 MB/s  Total: 3868.83 GB
[ 3215.8s] IOs:   1014292178  IOPS:   315406  Throughput:  1232.1 MB/s  Total: 3869.22 GB
[ 3216.1s] IOs:   1014392417  IOPS:   315408  Throughput:  1232.1 MB/s  Total: 3869.60 GB
[ 3216.4s] IOs:   1014492649  IOPS:   315414  Throughput:  1232.1 MB/s  Total: 3869.98 GB
[ 3216.7s] IOs:   1014593129  IOPS:   315413  Throughput:  1232.1 MB/s  Total: 3870.37 GB
[ 3217.0s] IOs:   1014694052  IOPS:   315413  Throughput:  1232.1 MB/s  Total: 3870.75 GB
[ 3217.3s] IOs:   1014794900  IOPS:   315418  Throughput:  1232.1 MB/s  Total: 3871.14 GB
[ 3217.7s] IOs:   1014895612  IOPS:   315406  Throughput:  1232.1 MB/s  Total: 3871.52 GB
[ 3218.0s] IOs:   1014996235  IOPS:   315416  Throughput:  1232.1 MB/s  Total: 3871.90 GB
[ 3218.2s] IOs:   1015097096  IOPS:   315426  Throughput:  1232.1 MB/s  Total: 3872.29 GB
[ 3218.5s] IOs:   1015197699  IOPS:   315422  Throughput:  1232.1 MB/s  Total: 3872.67 GB
[ 3218.8s] IOs:   1015298516  IOPS:   315430  Throughput:  1232.1 MB/s  Total: 3873.06 GB
[ 3219.1s] IOs:   1015399480  IOPS:   315429  Throughput:  1232.1 MB/s  Total: 3873.44 GB
[ 3219.4s] IOs:   1015500404  IOPS:   315435  Throughput:  1232.2 MB/s  Total: 3873.83 GB
[ 3219.6s] IOs:   1015601332  IOPS:   315440  Throughput:  1232.2 MB/s  Total: 3874.21 GB
[ 3219.9s] IOs:   1015702045  IOPS:   315450  Throughput:  1232.2 MB/s  Total: 3874.60 GB
[ 3220.2s] IOs:   1015802733  IOPS:   315450  Throughput:  1232.2 MB/s  Total: 3874.98 GB
[ 3220.4s] IOs:   1015903366  IOPS:   315458  Throughput:  1232.3 MB/s  Total: 3875.36 GB
[ 3220.7s] IOs:   1016003861  IOPS:   315464  Throughput:  1232.3 MB/s  Total: 3875.75 GB
[ 3221.1s] IOs:   1016104455  IOPS:   315456  Throughput:  1232.2 MB/s  Total: 3876.13 GB
[ 3221.3s] IOs:   1016205134  IOPS:   315465  Throughput:  1232.3 MB/s  Total: 3876.51 GB
[ 3221.8s] IOs:   1016305918  IOPS:   315449  Throughput:  1232.2 MB/s  Total: 3876.90 GB
[ 3222.1s] IOs:   1016406306  IOPS:   315448  Throughput:  1232.2 MB/s  Total: 3877.28 GB
[ 3222.4s] IOs:   1016506640  IOPS:   315454  Throughput:  1232.2 MB/s  Total: 3877.67 GB
[ 3222.7s] IOs:   1016607109  IOPS:   315451  Throughput:  1232.2 MB/s  Total: 3878.05 GB
[ 3223.1s] IOs:   1016707797  IOPS:   315446  Throughput:  1232.2 MB/s  Total: 3878.43 GB
[ 3223.3s] IOs:   1016808665  IOPS:   315454  Throughput:  1232.2 MB/s  Total: 3878.82 GB
[ 3223.7s] IOs:   1016909342  IOPS:   315452  Throughput:  1232.2 MB/s  Total: 3879.20 GB
[ 3223.9s] IOs:   1017009672  IOPS:   315461  Throughput:  1232.3 MB/s  Total: 3879.58 GB
[ 3224.2s] IOs:   1017110177  IOPS:   315460  Throughput:  1232.3 MB/s  Total: 3879.97 GB
[ 3224.5s] IOs:   1017211088  IOPS:   315467  Throughput:  1232.3 MB/s  Total: 3880.35 GB
[ 3224.8s] IOs:   1017311800  IOPS:   315467  Throughput:  1232.3 MB/s  Total: 3880.74 GB
[ 3225.2s] IOs:   1017412298  IOPS:   315461  Throughput:  1232.3 MB/s  Total: 3881.12 GB
[ 3225.4s] IOs:   1017513143  IOPS:   315466  Throughput:  1232.3 MB/s  Total: 3881.50 GB
[ 3225.8s] IOs:   1017613888  IOPS:   315466  Throughput:  1232.3 MB/s  Total: 3881.89 GB
[ 3226.1s] IOs:   1017714790  IOPS:   315464  Throughput:  1232.3 MB/s  Total: 3882.27 GB
[ 3226.3s] IOs:   1017815363  IOPS:   315475  Throughput:  1232.3 MB/s  Total: 3882.66 GB
[Reader] Parsed 125000000 lines, distributed 1017840316 writes, unique 720.00 GB, skipped 79074790
[ 3226.8s] IOs:   1017916066  IOPS:   315456  Throughput:  1232.3 MB/s  Total: 3883.04 GB
[ 3227.1s] IOs:   1018016766  IOPS:   315461  Throughput:  1232.3 MB/s  Total: 3883.43 GB
[ 3227.3s] IOs:   1018116805  IOPS:   315471  Throughput:  1232.3 MB/s  Total: 3883.81 GB
[ 3227.7s] IOs:   1018217541  IOPS:   315461  Throughput:  1232.3 MB/s  Total: 3884.19 GB
[ 3228.0s] IOs:   1018318265  IOPS:   315467  Throughput:  1232.3 MB/s  Total: 3884.58 GB
[ 3228.2s] IOs:   1018418883  IOPS:   315471  Throughput:  1232.3 MB/s  Total: 3884.96 GB
[ 3228.7s] IOs:   1018519838  IOPS:   315460  Throughput:  1232.3 MB/s  Total: 3885.34 GB
[ 3228.9s] IOs:   1018620499  IOPS:   315467  Throughput:  1232.3 MB/s  Total: 3885.73 GB
[ 3229.2s] IOs:   1018721165  IOPS:   315470  Throughput:  1232.3 MB/s  Total: 3886.11 GB
[ 3229.4s] IOs:   1018821720  IOPS:   315479  Throughput:  1232.3 MB/s  Total: 3886.50 GB
[ 3229.8s] IOs:   1018922593  IOPS:   315479  Throughput:  1232.3 MB/s  Total: 3886.88 GB
[ 3230.0s] IOs:   1019023310  IOPS:   315487  Throughput:  1232.4 MB/s  Total: 3887.27 GB
[ 3230.3s] IOs:   1019123758  IOPS:   315489  Throughput:  1232.4 MB/s  Total: 3887.65 GB
[ 3230.5s] IOs:   1019224055  IOPS:   315497  Throughput:  1232.4 MB/s  Total: 3888.03 GB
[ 3230.8s] IOs:   1019325056  IOPS:   315503  Throughput:  1232.4 MB/s  Total: 3888.42 GB
[ 3231.0s] IOs:   1019425534  IOPS:   315510  Throughput:  1232.5 MB/s  Total: 3888.80 GB
[ 3231.3s] IOs:   1019526255  IOPS:   315514  Throughput:  1232.5 MB/s  Total: 3889.18 GB
[ 3231.6s] IOs:   1019626784  IOPS:   315522  Throughput:  1232.5 MB/s  Total: 3889.57 GB
[ 3231.8s] IOs:   1019727327  IOPS:   315526  Throughput:  1232.5 MB/s  Total: 3889.95 GB
[ 3232.1s] IOs:   1019828053  IOPS:   315534  Throughput:  1232.6 MB/s  Total: 3890.34 GB
[ 3232.4s] IOs:   1019928784  IOPS:   315537  Throughput:  1232.6 MB/s  Total: 3890.72 GB
[ 3232.6s] IOs:   1020029476  IOPS:   315546  Throughput:  1232.6 MB/s  Total: 3891.10 GB
[ 3232.8s] IOs:   1020129730  IOPS:   315556  Throughput:  1232.6 MB/s  Total: 3891.49 GB
[ 3233.1s] IOs:   1020230224  IOPS:   315561  Throughput:  1232.7 MB/s  Total: 3891.87 GB
[ 3233.3s] IOs:   1020330890  IOPS:   315570  Throughput:  1232.7 MB/s  Total: 3892.25 GB
[ 3233.5s] IOs:   1020431444  IOPS:   315578  Throughput:  1232.7 MB/s  Total: 3892.64 GB
[ 3233.8s] IOs:   1020532173  IOPS:   315587  Throughput:  1232.8 MB/s  Total: 3893.02 GB
[ 3234.0s] IOs:   1020632560  IOPS:   315594  Throughput:  1232.8 MB/s  Total: 3893.40 GB
[ 3234.4s] IOs:   1020733162  IOPS:   315591  Throughput:  1232.8 MB/s  Total: 3893.79 GB
[ 3234.6s] IOs:   1020833889  IOPS:   315601  Throughput:  1232.8 MB/s  Total: 3894.17 GB
[ 3234.8s] IOs:   1020934594  IOPS:   315611  Throughput:  1232.9 MB/s  Total: 3894.56 GB
[ 3235.1s] IOs:   1021035389  IOPS:   315612  Throughput:  1232.9 MB/s  Total: 3894.94 GB
[ 3235.3s] IOs:   1021136282  IOPS:   315619  Throughput:  1232.9 MB/s  Total: 3895.33 GB
[ 3235.6s] IOs:   1021237013  IOPS:   315630  Throughput:  1232.9 MB/s  Total: 3895.71 GB
[ 3235.8s] IOs:   1021337887  IOPS:   315636  Throughput:  1233.0 MB/s  Total: 3896.09 GB
[ 3236.0s] IOs:   1021438589  IOPS:   315648  Throughput:  1233.0 MB/s  Total: 3896.48 GB
[ 3236.3s] IOs:   1021539361  IOPS:   315650  Throughput:  1233.0 MB/s  Total: 3896.86 GB
[ 3236.6s] IOs:   1021639679  IOPS:   315652  Throughput:  1233.0 MB/s  Total: 3897.25 GB
[ 3236.8s] IOs:   1021740437  IOPS:   315666  Throughput:  1233.1 MB/s  Total: 3897.63 GB
[ 3237.0s] IOs:   1021840705  IOPS:   315680  Throughput:  1233.1 MB/s  Total: 3898.01 GB
[ 3237.2s] IOs:   1021941518  IOPS:   315682  Throughput:  1233.1 MB/s  Total: 3898.40 GB
[ 3237.4s] IOs:   1022042227  IOPS:   315696  Throughput:  1233.2 MB/s  Total: 3898.78 GB
[ 3237.7s] IOs:   1022143034  IOPS:   315700  Throughput:  1233.2 MB/s  Total: 3899.17 GB
[ 3237.9s] IOs:   1022243918  IOPS:   315714  Throughput:  1233.3 MB/s  Total: 3899.55 GB
[ 3238.1s] IOs:   1022344445  IOPS:   315727  Throughput:  1233.3 MB/s  Total: 3899.93 GB
[ 3238.3s] IOs:   1022444992  IOPS:   315731  Throughput:  1233.3 MB/s  Total: 3900.32 GB
[ 3238.5s] IOs:   1022545046  IOPS:   315745  Throughput:  1233.4 MB/s  Total: 3900.70 GB
[ 3238.8s] IOs:   1022645796  IOPS:   315747  Throughput:  1233.4 MB/s  Total: 3901.08 GB
[ 3239.0s] IOs:   1022746370  IOPS:   315757  Throughput:  1233.4 MB/s  Total: 3901.47 GB
[ 3239.2s] IOs:   1022846757  IOPS:   315767  Throughput:  1233.5 MB/s  Total: 3901.85 GB
[ 3239.4s] IOs:   1022947724  IOPS:   315781  Throughput:  1233.5 MB/s  Total: 3902.24 GB
[ 3239.6s] IOs:   1023048675  IOPS:   315796  Throughput:  1233.6 MB/s  Total: 3902.62 GB
[ 3239.8s] IOs:   1023149452  IOPS:   315802  Throughput:  1233.6 MB/s  Total: 3903.01 GB
[ 3240.0s] IOs:   1023250026  IOPS:   315816  Throughput:  1233.7 MB/s  Total: 3903.39 GB
[ 3240.3s] IOs:   1023350570  IOPS:   315816  Throughput:  1233.7 MB/s  Total: 3903.77 GB
[ 3240.5s] IOs:   1023450614  IOPS:   315830  Throughput:  1233.7 MB/s  Total: 3904.15 GB
[ 3240.8s] IOs:   1023550701  IOPS:   315834  Throughput:  1233.7 MB/s  Total: 3904.54 GB
[ 3241.0s] IOs:   1023651193  IOPS:   315846  Throughput:  1233.8 MB/s  Total: 3904.92 GB
[ 3241.2s] IOs:   1023751347  IOPS:   315860  Throughput:  1233.8 MB/s  Total: 3905.30 GB
[ 3241.4s] IOs:   1023851945  IOPS:   315869  Throughput:  1233.9 MB/s  Total: 3905.69 GB
[ 3241.6s] IOs:   1023952943  IOPS:   315882  Throughput:  1233.9 MB/s  Total: 3906.07 GB
[ 3241.8s] IOs:   1024053324  IOPS:   315892  Throughput:  1234.0 MB/s  Total: 3906.45 GB
[ 3242.0s] IOs:   1024153677  IOPS:   315906  Throughput:  1234.0 MB/s  Total: 3906.84 GB
[ 3242.1s] IOs:   1024253994  IOPS:   315919  Throughput:  1234.1 MB/s  Total: 3907.22 GB
[ 3242.4s] IOs:   1024354862  IOPS:   315926  Throughput:  1234.1 MB/s  Total: 3907.60 GB
[ 3242.6s] IOs:   1024455681  IOPS:   315941  Throughput:  1234.1 MB/s  Total: 3907.99 GB
[ 3242.8s] IOs:   1024556085  IOPS:   315949  Throughput:  1234.2 MB/s  Total: 3908.37 GB
[ 3243.0s] IOs:   1024656246  IOPS:   315962  Throughput:  1234.2 MB/s  Total: 3908.75 GB
[ 3243.2s] IOs:   1024756894  IOPS:   315975  Throughput:  1234.3 MB/s  Total: 3909.14 GB
[ 3243.3s] IOs:   1024857157  IOPS:   315988  Throughput:  1234.3 MB/s  Total: 3909.52 GB
[ 3243.5s] IOs:   1024958147  IOPS:   316003  Throughput:  1234.4 MB/s  Total: 3909.91 GB
[ 3243.7s] IOs:   1025058646  IOPS:   316017  Throughput:  1234.4 MB/s  Total: 3910.29 GB
[ 3244.0s] IOs:   1025159143  IOPS:   316012  Throughput:  1234.4 MB/s  Total: 3910.67 GB
[ 3244.2s] IOs:   1025259690  IOPS:   316025  Throughput:  1234.5 MB/s  Total: 3911.06 GB
[ 3244.4s] IOs:   1025360196  IOPS:   316038  Throughput:  1234.5 MB/s  Total: 3911.44 GB
[ 3244.6s] IOs:   1025460877  IOPS:   316050  Throughput:  1234.6 MB/s  Total: 3911.82 GB
[ 3244.9s] IOs:   1025561772  IOPS:   316051  Throughput:  1234.6 MB/s  Total: 3912.21 GB
[ 3245.1s] IOs:   1025661878  IOPS:   316064  Throughput:  1234.6 MB/s  Total: 3912.59 GB
[ 3245.4s] IOs:   1025762533  IOPS:   316065  Throughput:  1234.6 MB/s  Total: 3912.97 GB
[ 3245.6s] IOs:   1025863077  IOPS:   316077  Throughput:  1234.7 MB/s  Total: 3913.36 GB
[ 3245.9s] IOs:   1025963357  IOPS:   316077  Throughput:  1234.7 MB/s  Total: 3913.74 GB
[ 3246.1s] IOs:   1026064124  IOPS:   316088  Throughput:  1234.7 MB/s  Total: 3914.12 GB
[ 3246.4s] IOs:   1026164475  IOPS:   316091  Throughput:  1234.7 MB/s  Total: 3914.51 GB
[ 3246.6s] IOs:   1026265406  IOPS:   316102  Throughput:  1234.8 MB/s  Total: 3914.89 GB
[ 3246.9s] IOs:   1026366017  IOPS:   316103  Throughput:  1234.8 MB/s  Total: 3915.28 GB
[ 3247.1s] IOs:   1026466479  IOPS:   316115  Throughput:  1234.8 MB/s  Total: 3915.66 GB
[ 3247.4s] IOs:   1026566880  IOPS:   316123  Throughput:  1234.9 MB/s  Total: 3916.04 GB
[ 3247.5s] IOs:   1026667224  IOPS:   316136  Throughput:  1234.9 MB/s  Total: 3916.42 GB
[ 3247.8s] IOs:   1026767724  IOPS:   316144  Throughput:  1234.9 MB/s  Total: 3916.81 GB
[ 3248.0s] IOs:   1026868253  IOPS:   316158  Throughput:  1235.0 MB/s  Total: 3917.19 GB
[ 3248.1s] IOs:   1026968730  IOPS:   316172  Throughput:  1235.0 MB/s  Total: 3917.57 GB
[ 3248.6s] IOs:   1027069518  IOPS:   316155  Throughput:  1235.0 MB/s  Total: 3917.96 GB
[ 3248.8s] IOs:   1027169816  IOPS:   316166  Throughput:  1235.0 MB/s  Total: 3918.34 GB
[ 3249.3s] IOs:   1027270731  IOPS:   316148  Throughput:  1235.0 MB/s  Total: 3918.73 GB
[ 3249.5s] IOs:   1027371286  IOPS:   316161  Throughput:  1235.0 MB/s  Total: 3919.11 GB
[ 3250.0s] IOs:   1027472122  IOPS:   316141  Throughput:  1234.9 MB/s  Total: 3919.50 GB
[ 3250.4s] IOs:   1027572648  IOPS:   316140  Throughput:  1234.9 MB/s  Total: 3919.88 GB
[ 3250.9s] IOs:   1027673511  IOPS:   316122  Throughput:  1234.9 MB/s  Total: 3920.26 GB
[ 3251.1s] IOs:   1027774106  IOPS:   316134  Throughput:  1234.9 MB/s  Total: 3920.65 GB
[ 3251.4s] IOs:   1027874405  IOPS:   316132  Throughput:  1234.9 MB/s  Total: 3921.03 GB
[ 3251.9s] IOs:   1027975373  IOPS:   316115  Throughput:  1234.8 MB/s  Total: 3921.41 GB
[ 3252.1s] IOs:   1028075672  IOPS:   316128  Throughput:  1234.9 MB/s  Total: 3921.80 GB
[ 3252.4s] IOs:   1028176077  IOPS:   316127  Throughput:  1234.9 MB/s  Total: 3922.18 GB
[ 3252.6s] IOs:   1028276398  IOPS:   316141  Throughput:  1234.9 MB/s  Total: 3922.56 GB
[ 3253.2s] IOs:   1028376906  IOPS:   316111  Throughput:  1234.8 MB/s  Total: 3922.95 GB
[ 3253.4s] IOs:   1028477496  IOPS:   316123  Throughput:  1234.9 MB/s  Total: 3923.33 GB
[ 3254.0s] IOs:   1028577756  IOPS:   316101  Throughput:  1234.8 MB/s  Total: 3923.71 GB
[ 3254.4s] IOs:   1028678146  IOPS:   316092  Throughput:  1234.7 MB/s  Total: 3924.10 GB
[ 3254.8s] IOs:   1028778966  IOPS:   316084  Throughput:  1234.7 MB/s  Total: 3924.48 GB
[ 3255.0s] IOs:   1028879527  IOPS:   316092  Throughput:  1234.7 MB/s  Total: 3924.86 GB
[ 3255.4s] IOs:   1028980042  IOPS:   316081  Throughput:  1234.7 MB/s  Total: 3925.25 GB
[ 3255.9s] IOs:   1029080839  IOPS:   316066  Throughput:  1234.6 MB/s  Total: 3925.63 GB
[ 3256.3s] IOs:   1029181537  IOPS:   316060  Throughput:  1234.6 MB/s  Total: 3926.02 GB
[ 3256.5s] IOs:   1029282492  IOPS:   316070  Throughput:  1234.6 MB/s  Total: 3926.40 GB
[ 3257.0s] IOs:   1029383180  IOPS:   316056  Throughput:  1234.6 MB/s  Total: 3926.79 GB
[ 3257.3s] IOs:   1029484198  IOPS:   316056  Throughput:  1234.6 MB/s  Total: 3927.17 GB
[ 3257.8s] IOs:   1029584897  IOPS:   316041  Throughput:  1234.5 MB/s  Total: 3927.55 GB
[ 3257.9s] IOs:   1029685321  IOPS:   316054  Throughput:  1234.6 MB/s  Total: 3927.94 GB
[ 3258.5s] IOs:   1029786041  IOPS:   316035  Throughput:  1234.5 MB/s  Total: 3928.32 GB
[ 3258.9s] IOs:   1029886979  IOPS:   316021  Throughput:  1234.5 MB/s  Total: 3928.71 GB
[ 3259.4s] IOs:   1029987143  IOPS:   316008  Throughput:  1234.4 MB/s  Total: 3929.09 GB
[ 3259.6s] IOs:   1030087220  IOPS:   316021  Throughput:  1234.5 MB/s  Total: 3929.47 GB
[ 3260.0s] IOs:   1030187814  IOPS:   316011  Throughput:  1234.4 MB/s  Total: 3929.85 GB
[Reader] Parsed 126000000 lines, distributed 1030243976 writes, unique 720.00 GB, skipped 81033833
[ 3262.0s] IOs:   1030288203  IOPS:   315842  Throughput:  1233.8 MB/s  Total: 3930.24 GB
[ 3262.4s] IOs:   1030388522  IOPS:   315835  Throughput:  1233.7 MB/s  Total: 3930.62 GB
[ 3262.6s] IOs:   1030489171  IOPS:   315844  Throughput:  1233.8 MB/s  Total: 3931.00 GB
[ 3263.1s] IOs:   1030589725  IOPS:   315827  Throughput:  1233.7 MB/s  Total: 3931.39 GB
[ 3263.4s] IOs:   1030690456  IOPS:   315832  Throughput:  1233.7 MB/s  Total: 3931.77 GB
[ 3263.7s] IOs:   1030791031  IOPS:   315839  Throughput:  1233.7 MB/s  Total: 3932.16 GB
[ 3264.0s] IOs:   1030891695  IOPS:   315838  Throughput:  1233.7 MB/s  Total: 3932.54 GB
[ 3264.2s] IOs:   1030992295  IOPS:   315847  Throughput:  1233.8 MB/s  Total: 3932.92 GB
[ 3264.5s] IOs:   1031092817  IOPS:   315846  Throughput:  1233.8 MB/s  Total: 3933.31 GB
[ 3264.9s] IOs:   1031193290  IOPS:   315844  Throughput:  1233.8 MB/s  Total: 3933.69 GB
[ 3265.1s] IOs:   1031293935  IOPS:   315853  Throughput:  1233.8 MB/s  Total: 3934.07 GB
[ 3265.4s] IOs:   1031394636  IOPS:   315855  Throughput:  1233.8 MB/s  Total: 3934.46 GB
[ 3265.7s] IOs:   1031495110  IOPS:   315860  Throughput:  1233.8 MB/s  Total: 3934.84 GB
[ 3265.9s] IOs:   1031595625  IOPS:   315865  Throughput:  1233.8 MB/s  Total: 3935.23 GB
[ 3266.2s] IOs:   1031696255  IOPS:   315873  Throughput:  1233.9 MB/s  Total: 3935.61 GB
[ 3266.6s] IOs:   1031796945  IOPS:   315860  Throughput:  1233.8 MB/s  Total: 3935.99 GB
[ 3266.9s] IOs:   1031897568  IOPS:   315869  Throughput:  1233.9 MB/s  Total: 3936.38 GB
[ 3267.1s] IOs:   1031998271  IOPS:   315876  Throughput:  1233.9 MB/s  Total: 3936.76 GB
[ 3267.5s] IOs:   1032098932  IOPS:   315865  Throughput:  1233.8 MB/s  Total: 3937.14 GB
[ 3267.9s] IOs:   1032199457  IOPS:   315859  Throughput:  1233.8 MB/s  Total: 3937.53 GB
[ 3268.2s] IOs:   1032300104  IOPS:   315864  Throughput:  1233.8 MB/s  Total: 3937.91 GB
[ 3268.5s] IOs:   1032401077  IOPS:   315860  Throughput:  1233.8 MB/s  Total: 3938.30 GB
[ 3268.8s] IOs:   1032501775  IOPS:   315867  Throughput:  1233.9 MB/s  Total: 3938.68 GB
[ 3269.1s] IOs:   1032602438  IOPS:   315864  Throughput:  1233.8 MB/s  Total: 3939.07 GB
[ 3269.5s] IOs:   1032702831  IOPS:   315862  Throughput:  1233.8 MB/s  Total: 3939.45 GB
[ 3269.7s] IOs:   1032803758  IOPS:   315871  Throughput:  1233.9 MB/s  Total: 3939.83 GB
[ 3270.0s] IOs:   1032904250  IOPS:   315871  Throughput:  1233.9 MB/s  Total: 3940.22 GB
[ 3270.3s] IOs:   1033004720  IOPS:   315879  Throughput:  1233.9 MB/s  Total: 3940.60 GB
[ 3270.6s] IOs:   1033105193  IOPS:   315881  Throughput:  1233.9 MB/s  Total: 3940.98 GB
[ 3270.8s] IOs:   1033205971  IOPS:   315890  Throughput:  1233.9 MB/s  Total: 3941.37 GB
[ 3271.1s] IOs:   1033306499  IOPS:   315892  Throughput:  1234.0 MB/s  Total: 3941.75 GB
[ 3271.8s] IOs:   1033407139  IOPS:   315850  Throughput:  1233.8 MB/s  Total: 3942.14 GB
[ 3272.1s] IOs:   1033507958  IOPS:   315856  Throughput:  1233.8 MB/s  Total: 3942.52 GB
[ 3272.4s] IOs:   1033608803  IOPS:   315856  Throughput:  1233.8 MB/s  Total: 3942.90 GB
[ 3272.8s] IOs:   1033708835  IOPS:   315852  Throughput:  1233.8 MB/s  Total: 3943.29 GB
[ 3273.0s] IOs:   1033809644  IOPS:   315863  Throughput:  1233.8 MB/s  Total: 3943.67 GB
[ 3273.3s] IOs:   1033909719  IOPS:   315857  Throughput:  1233.8 MB/s  Total: 3944.05 GB
[ 3273.6s] IOs:   1034010609  IOPS:   315867  Throughput:  1233.9 MB/s  Total: 3944.44 GB
[ 3274.1s] IOs:   1034111449  IOPS:   315845  Throughput:  1233.8 MB/s  Total: 3944.82 GB
[ 3274.3s] IOs:   1034212297  IOPS:   315856  Throughput:  1233.8 MB/s  Total: 3945.21 GB
[ 3274.5s] IOs:   1034313073  IOPS:   315867  Throughput:  1233.9 MB/s  Total: 3945.59 GB
[ 3275.0s] IOs:   1034413798  IOPS:   315854  Throughput:  1233.8 MB/s  Total: 3945.98 GB
[ 3275.2s] IOs:   1034514499  IOPS:   315862  Throughput:  1233.8 MB/s  Total: 3946.36 GB
[ 3275.5s] IOs:   1034615403  IOPS:   315867  Throughput:  1233.9 MB/s  Total: 3946.74 GB
[ 3276.0s] IOs:   1034715444  IOPS:   315848  Throughput:  1233.8 MB/s  Total: 3947.13 GB
[ 3276.2s] IOs:   1034815828  IOPS:   315857  Throughput:  1233.8 MB/s  Total: 3947.51 GB
[ 3276.5s] IOs:   1034916752  IOPS:   315864  Throughput:  1233.8 MB/s  Total: 3947.89 GB
[ 3276.8s] IOs:   1035017697  IOPS:   315860  Throughput:  1233.8 MB/s  Total: 3948.28 GB
[ 3277.1s] IOs:   1035118141  IOPS:   315869  Throughput:  1233.9 MB/s  Total: 3948.66 GB
[ 3277.5s] IOs:   1035218760  IOPS:   315859  Throughput:  1233.8 MB/s  Total: 3949.05 GB
[ 3277.8s] IOs:   1035319449  IOPS:   315857  Throughput:  1233.8 MB/s  Total: 3949.43 GB
[ 3278.1s] IOs:   1035420067  IOPS:   315865  Throughput:  1233.8 MB/s  Total: 3949.81 GB
[ 3278.4s] IOs:   1035520541  IOPS:   315862  Throughput:  1233.8 MB/s  Total: 3950.20 GB
[ 3278.6s] IOs:   1035621084  IOPS:   315870  Throughput:  1233.9 MB/s  Total: 3950.58 GB
[ 3279.0s] IOs:   1035721716  IOPS:   315870  Throughput:  1233.9 MB/s  Total: 3950.96 GB
[ 3279.2s] IOs:   1035822323  IOPS:   315878  Throughput:  1233.9 MB/s  Total: 3951.35 GB
[ 3279.5s] IOs:   1035923358  IOPS:   315877  Throughput:  1233.9 MB/s  Total: 3951.73 GB
[ 3279.8s] IOs:   1036024185  IOPS:   315880  Throughput:  1233.9 MB/s  Total: 3952.12 GB
[ 3280.0s] IOs:   1036124365  IOPS:   315889  Throughput:  1233.9 MB/s  Total: 3952.50 GB
[ 3280.3s] IOs:   1036224776  IOPS:   315893  Throughput:  1234.0 MB/s  Total: 3952.88 GB
[ 3280.5s] IOs:   1036325371  IOPS:   315904  Throughput:  1234.0 MB/s  Total: 3953.27 GB
[ 3280.9s] IOs:   1036426008  IOPS:   315893  Throughput:  1234.0 MB/s  Total: 3953.65 GB
[ 3284.3s] IOs:   1036526038  IOPS:   315601  Throughput:  1232.8 MB/s  Total: 3954.03 GB
[ 3284.8s] IOs:   1036626972  IOPS:   315586  Throughput:  1232.8 MB/s  Total: 3954.42 GB
[ 3285.3s] IOs:   1036727880  IOPS:   315569  Throughput:  1232.7 MB/s  Total: 3954.80 GB
[ 3285.7s] IOs:   1036828596  IOPS:   315555  Throughput:  1232.6 MB/s  Total: 3955.19 GB
[ 3286.0s] IOs:   1036929046  IOPS:   315559  Throughput:  1232.7 MB/s  Total: 3955.57 GB
[ 3286.4s] IOs:   1037029401  IOPS:   315548  Throughput:  1232.6 MB/s  Total: 3955.95 GB
[ 3286.9s] IOs:   1037130262  IOPS:   315533  Throughput:  1232.5 MB/s  Total: 3956.34 GB
[ 3287.5s] IOs:   1037230998  IOPS:   315511  Throughput:  1232.5 MB/s  Total: 3956.72 GB
[ 3287.8s] IOs:   1037331702  IOPS:   315514  Throughput:  1232.5 MB/s  Total: 3957.11 GB
[ 3288.0s] IOs:   1037432182  IOPS:   315523  Throughput:  1232.5 MB/s  Total: 3957.49 GB
[ 3288.6s] IOs:   1037532689  IOPS:   315493  Throughput:  1232.4 MB/s  Total: 3957.87 GB
[ 3288.8s] IOs:   1037633500  IOPS:   315503  Throughput:  1232.4 MB/s  Total: 3958.26 GB
[ 3289.3s] IOs:   1037734299  IOPS:   315489  Throughput:  1232.4 MB/s  Total: 3958.64 GB
[ 3289.5s] IOs:   1037834654  IOPS:   315496  Throughput:  1232.4 MB/s  Total: 3959.03 GB
[ 3289.9s] IOs:   1037935551  IOPS:   315492  Throughput:  1232.4 MB/s  Total: 3959.41 GB
[ 3290.3s] IOs:   1038036097  IOPS:   315479  Throughput:  1232.3 MB/s  Total: 3959.79 GB
[ 3290.6s] IOs:   1038136749  IOPS:   315489  Throughput:  1232.4 MB/s  Total: 3960.18 GB
[ 3290.9s] IOs:   1038237419  IOPS:   315489  Throughput:  1232.4 MB/s  Total: 3960.56 GB
[ 3291.4s] IOs:   1038337488  IOPS:   315473  Throughput:  1232.3 MB/s  Total: 3960.94 GB
[ 3291.6s] IOs:   1038438468  IOPS:   315479  Throughput:  1232.3 MB/s  Total: 3961.33 GB
[ 3291.9s] IOs:   1038539164  IOPS:   315484  Throughput:  1232.4 MB/s  Total: 3961.71 GB
[ 3292.3s] IOs:   1038639976  IOPS:   315479  Throughput:  1232.3 MB/s  Total: 3962.10 GB
[ 3292.5s] IOs:   1038740845  IOPS:   315490  Throughput:  1232.4 MB/s  Total: 3962.48 GB
[ 3292.9s] IOs:   1038841453  IOPS:   315483  Throughput:  1232.4 MB/s  Total: 3962.87 GB
[ 3293.3s] IOs:   1038941983  IOPS:   315470  Throughput:  1232.3 MB/s  Total: 3963.25 GB
[ 3293.9s] IOs:   1039042551  IOPS:   315447  Throughput:  1232.2 MB/s  Total: 3963.63 GB
[ 3294.2s] IOs:   1039142836  IOPS:   315441  Throughput:  1232.2 MB/s  Total: 3964.02 GB
[ 3294.5s] IOs:   1039243466  IOPS:   315447  Throughput:  1232.2 MB/s  Total: 3964.40 GB
[ 3295.0s] IOs:   1039344375  IOPS:   315435  Throughput:  1232.2 MB/s  Total: 3964.78 GB
[ 3295.4s] IOs:   1039445302  IOPS:   315423  Throughput:  1232.1 MB/s  Total: 3965.17 GB
[ 3295.8s] IOs:   1039545561  IOPS:   315415  Throughput:  1232.1 MB/s  Total: 3965.55 GB
[ 3296.1s] IOs:   1039645796  IOPS:   315421  Throughput:  1232.1 MB/s  Total: 3965.93 GB
[ 3296.4s] IOs:   1039746490  IOPS:   315418  Throughput:  1232.1 MB/s  Total: 3966.32 GB
[ 3296.9s] IOs:   1039846497  IOPS:   315400  Throughput:  1232.0 MB/s  Total: 3966.70 GB
[ 3297.1s] IOs:   1039947043  IOPS:   315409  Throughput:  1232.1 MB/s  Total: 3967.08 GB
[ 3297.5s] IOs:   1040047829  IOPS:   315406  Throughput:  1232.1 MB/s  Total: 3967.47 GB
[ 3297.8s] IOs:   1040148558  IOPS:   315403  Throughput:  1232.0 MB/s  Total: 3967.85 GB
[ 3298.1s] IOs:   1040249317  IOPS:   315412  Throughput:  1232.1 MB/s  Total: 3968.24 GB
[ 3298.4s] IOs:   1040350262  IOPS:   315410  Throughput:  1232.1 MB/s  Total: 3968.62 GB
[ 3298.9s] IOs:   1040451129  IOPS:   315398  Throughput:  1232.0 MB/s  Total: 3969.01 GB
[Reader] Parsed 127000000 lines, distributed 1040506494 writes, unique 720.00 GB, skipped 83368847
[ 3299.2s] IOs:   1040551781  IOPS:   315392  Throughput:  1232.0 MB/s  Total: 3969.39 GB
[ 3299.5s] IOs:   1040652148  IOPS:   315401  Throughput:  1232.0 MB/s  Total: 3969.77 GB
[ 3299.8s] IOs:   1040752769  IOPS:   315396  Throughput:  1232.0 MB/s  Total: 3970.16 GB
[ 3300.1s] IOs:   1040853386  IOPS:   315404  Throughput:  1232.0 MB/s  Total: 3970.54 GB
[ 3300.4s] IOs:   1040954332  IOPS:   315398  Throughput:  1232.0 MB/s  Total: 3970.93 GB
[ 3300.8s] IOs:   1041054799  IOPS:   315399  Throughput:  1232.0 MB/s  Total: 3971.31 GB
[ 3301.0s] IOs:   1041155247  IOPS:   315408  Throughput:  1232.1 MB/s  Total: 3971.69 GB
[ 3301.4s] IOs:   1041255828  IOPS:   315402  Throughput:  1232.0 MB/s  Total: 3972.08 GB
[ 3301.6s] IOs:   1041356543  IOPS:   315411  Throughput:  1232.1 MB/s  Total: 3972.46 GB
[ 3301.8s] IOs:   1041457313  IOPS:   315418  Throughput:  1232.1 MB/s  Total: 3972.84 GB
[ 3302.1s] IOs:   1041557921  IOPS:   315423  Throughput:  1232.1 MB/s  Total: 3973.23 GB
[ 3302.4s] IOs:   1041658411  IOPS:   315426  Throughput:  1232.1 MB/s  Total: 3973.61 GB
[ 3302.6s] IOs:   1041758964  IOPS:   315435  Throughput:  1232.2 MB/s  Total: 3974.00 GB
[ 3302.9s] IOs:   1041859653  IOPS:   315436  Throughput:  1232.2 MB/s  Total: 3974.38 GB
[ 3303.1s] IOs:   1041960632  IOPS:   315445  Throughput:  1232.2 MB/s  Total: 3974.76 GB
[ 3303.6s] IOs:   1042060693  IOPS:   315434  Throughput:  1232.2 MB/s  Total: 3975.15 GB
[ 3303.8s] IOs:   1042161460  IOPS:   315443  Throughput:  1232.2 MB/s  Total: 3975.53 GB
[ 3304.0s] IOs:   1042262274  IOPS:   315453  Throughput:  1232.2 MB/s  Total: 3975.92 GB
[ 3304.5s] IOs:   1042362908  IOPS:   315434  Throughput:  1232.2 MB/s  Total: 3976.30 GB
[ 3304.9s] IOs:   1042463542  IOPS:   315427  Throughput:  1232.1 MB/s  Total: 3976.68 GB
[ 3305.4s] IOs:   1042564157  IOPS:   315408  Throughput:  1232.1 MB/s  Total: 3977.07 GB
[ 3305.8s] IOs:   1042664821  IOPS:   315401  Throughput:  1232.0 MB/s  Total: 3977.45 GB
[ 3306.1s] IOs:   1042765410  IOPS:   315409  Throughput:  1232.1 MB/s  Total: 3977.83 GB
[ 3306.5s] IOs:   1042865889  IOPS:   315394  Throughput:  1232.0 MB/s  Total: 3978.22 GB
[ 3306.9s] IOs:   1042966337  IOPS:   315391  Throughput:  1232.0 MB/s  Total: 3978.60 GB
[ 3307.4s] IOs:   1043066858  IOPS:   315375  Throughput:  1231.9 MB/s  Total: 3978.98 GB
[ 3307.7s] IOs:   1043167515  IOPS:   315379  Throughput:  1232.0 MB/s  Total: 3979.37 GB
[ 3308.0s] IOs:   1043267973  IOPS:   315376  Throughput:  1231.9 MB/s  Total: 3979.75 GB
[ 3308.4s] IOs:   1043368300  IOPS:   315366  Throughput:  1231.9 MB/s  Total: 3980.13 GB
[ 3308.8s] IOs:   1043468807  IOPS:   315363  Throughput:  1231.9 MB/s  Total: 3980.52 GB
[ 3309.0s] IOs:   1043569035  IOPS:   315372  Throughput:  1231.9 MB/s  Total: 3980.90 GB
[ 3309.5s] IOs:   1043669477  IOPS:   315357  Throughput:  1231.9 MB/s  Total: 3981.28 GB
[ 3309.7s] IOs:   1043770062  IOPS:   315366  Throughput:  1231.9 MB/s  Total: 3981.67 GB
[ 3310.2s] IOs:   1043870593  IOPS:   315352  Throughput:  1231.8 MB/s  Total: 3982.05 GB
[ 3310.5s] IOs:   1043970906  IOPS:   315353  Throughput:  1231.8 MB/s  Total: 3982.43 GB
[ 3311.0s] IOs:   1044071703  IOPS:   315339  Throughput:  1231.8 MB/s  Total: 3982.82 GB
[ 3311.4s] IOs:   1044172478  IOPS:   315323  Throughput:  1231.7 MB/s  Total: 3983.20 GB
[ 3311.8s] IOs:   1044273403  IOPS:   315320  Throughput:  1231.7 MB/s  Total: 3983.59 GB
[ 3312.2s] IOs:   1044373416  IOPS:   315310  Throughput:  1231.7 MB/s  Total: 3983.97 GB
[ 3312.5s] IOs:   1044474298  IOPS:   315313  Throughput:  1231.7 MB/s  Total: 3984.35 GB
[ 3312.9s] IOs:   1044575188  IOPS:   315302  Throughput:  1231.6 MB/s  Total: 3984.74 GB
[ 3313.3s] IOs:   1044675938  IOPS:   315294  Throughput:  1231.6 MB/s  Total: 3985.12 GB
[ 3313.6s] IOs:   1044776583  IOPS:   315296  Throughput:  1231.6 MB/s  Total: 3985.51 GB
[ 3314.0s] IOs:   1044876804  IOPS:   315296  Throughput:  1231.6 MB/s  Total: 3985.89 GB
[ 3314.3s] IOs:   1044977431  IOPS:   315292  Throughput:  1231.6 MB/s  Total: 3986.27 GB
[ 3314.6s] IOs:   1045078440  IOPS:   315297  Throughput:  1231.6 MB/s  Total: 3986.66 GB
[ 3314.9s] IOs:   1045179222  IOPS:   315295  Throughput:  1231.6 MB/s  Total: 3987.04 GB
[ 3315.1s] IOs:   1045279432  IOPS:   315305  Throughput:  1231.7 MB/s  Total: 3987.42 GB
[ 3315.5s] IOs:   1045379687  IOPS:   315304  Throughput:  1231.7 MB/s  Total: 3987.81 GB
[ 3315.7s] IOs:   1045480039  IOPS:   315312  Throughput:  1231.7 MB/s  Total: 3988.19 GB
[ 3316.0s] IOs:   1045580544  IOPS:   315312  Throughput:  1231.7 MB/s  Total: 3988.57 GB
[ 3316.5s] IOs:   1045681454  IOPS:   315293  Throughput:  1231.6 MB/s  Total: 3988.96 GB
[ 3316.8s] IOs:   1045781903  IOPS:   315301  Throughput:  1231.6 MB/s  Total: 3989.34 GB
[ 3317.0s] IOs:   1045882303  IOPS:   315306  Throughput:  1231.7 MB/s  Total: 3989.72 GB
[ 3317.3s] IOs:   1045982662  IOPS:   315315  Throughput:  1231.7 MB/s  Total: 3990.11 GB
[ 3317.6s] IOs:   1046083375  IOPS:   315313  Throughput:  1231.7 MB/s  Total: 3990.49 GB
[ 3317.9s] IOs:   1046184186  IOPS:   315314  Throughput:  1231.7 MB/s  Total: 3990.88 GB
[ 3318.2s] IOs:   1046284661  IOPS:   315316  Throughput:  1231.7 MB/s  Total: 3991.26 GB
[ 3318.5s] IOs:   1046385149  IOPS:   315318  Throughput:  1231.7 MB/s  Total: 3991.64 GB
[ 3318.7s] IOs:   1046485633  IOPS:   315326  Throughput:  1231.7 MB/s  Total: 3992.03 GB
[ 3319.0s] IOs:   1046586468  IOPS:   315332  Throughput:  1231.8 MB/s  Total: 3992.41 GB
[ 3319.2s] IOs:   1046687073  IOPS:   315341  Throughput:  1231.8 MB/s  Total: 3992.79 GB
[ 3319.5s] IOs:   1046787891  IOPS:   315344  Throughput:  1231.8 MB/s  Total: 3993.18 GB
[ 3319.7s] IOs:   1046888164  IOPS:   315353  Throughput:  1231.8 MB/s  Total: 3993.56 GB
[ 3320.0s] IOs:   1046988439  IOPS:   315359  Throughput:  1231.9 MB/s  Total: 3993.94 GB
[ 3320.2s] IOs:   1047089071  IOPS:   315368  Throughput:  1231.9 MB/s  Total: 3994.33 GB
[ 3320.5s] IOs:   1047190044  IOPS:   315374  Throughput:  1231.9 MB/s  Total: 3994.71 GB
[ 3320.7s] IOs:   1047290559  IOPS:   315378  Throughput:  1231.9 MB/s  Total: 3995.10 GB
[ 3321.0s] IOs:   1047390879  IOPS:   315387  Throughput:  1232.0 MB/s  Total: 3995.48 GB
[ 3321.2s] IOs:   1047491176  IOPS:   315392  Throughput:  1232.0 MB/s  Total: 3995.86 GB
[ 3321.5s] IOs:   1047591586  IOPS:   315400  Throughput:  1232.0 MB/s  Total: 3996.24 GB
[ 3321.7s] IOs:   1047692281  IOPS:   315409  Throughput:  1232.1 MB/s  Total: 3996.63 GB
[ 3322.2s] IOs:   1047792336  IOPS:   315393  Throughput:  1232.0 MB/s  Total: 3997.01 GB
[ 3322.5s] IOs:   1047892706  IOPS:   315392  Throughput:  1232.0 MB/s  Total: 3997.39 GB
[ 3322.7s] IOs:   1047992774  IOPS:   315400  Throughput:  1232.0 MB/s  Total: 3997.78 GB
[ 3323.1s] IOs:   1048093238  IOPS:   315397  Throughput:  1232.0 MB/s  Total: 3998.16 GB
[ 3323.4s] IOs:   1048194007  IOPS:   315403  Throughput:  1232.0 MB/s  Total: 3998.54 GB
[ 3323.7s] IOs:   1048294685  IOPS:   315404  Throughput:  1232.0 MB/s  Total: 3998.93 GB
[ 3324.0s] IOs:   1048395103  IOPS:   315403  Throughput:  1232.0 MB/s  Total: 3999.31 GB
[ 3324.3s] IOs:   1048495366  IOPS:   315404  Throughput:  1232.0 MB/s  Total: 3999.69 GB
[ 3324.5s] IOs:   1048595778  IOPS:   315410  Throughput:  1232.1 MB/s  Total: 4000.08 GB
[ 3324.9s] IOs:   1048696470  IOPS:   315412  Throughput:  1232.1 MB/s  Total: 4000.46 GB
[ 3325.1s] IOs:   1048797458  IOPS:   315419  Throughput:  1232.1 MB/s  Total: 4000.84 GB
[ 3325.3s] IOs:   1048898095  IOPS:   315428  Throughput:  1232.1 MB/s  Total: 4001.23 GB
[ 3325.7s] IOs:   1048998488  IOPS:   315425  Throughput:  1232.1 MB/s  Total: 4001.61 GB
[ 3325.9s] IOs:   1049098876  IOPS:   315432  Throughput:  1232.2 MB/s  Total: 4001.99 GB
[ 3326.2s] IOs:   1049199571  IOPS:   315437  Throughput:  1232.2 MB/s  Total: 4002.38 GB
[ 3326.5s] IOs:   1049300387  IOPS:   315439  Throughput:  1232.2 MB/s  Total: 4002.76 GB
[ 3326.7s] IOs:   1049400843  IOPS:   315446  Throughput:  1232.2 MB/s  Total: 4003.15 GB
[ 3327.0s] IOs:   1049501399  IOPS:   315449  Throughput:  1232.2 MB/s  Total: 4003.53 GB
[ 3327.2s] IOs:   1049601633  IOPS:   315457  Throughput:  1232.3 MB/s  Total: 4003.91 GB
[ 3327.5s] IOs:   1049702571  IOPS:   315460  Throughput:  1232.3 MB/s  Total: 4004.30 GB
[ 3328.0s] IOs:   1049803587  IOPS:   315449  Throughput:  1232.2 MB/s  Total: 4004.68 GB
[ 3328.2s] IOs:   1049904031  IOPS:   315459  Throughput:  1232.3 MB/s  Total: 4005.07 GB
[ 3328.7s] IOs:   1050004807  IOPS:   315441  Throughput:  1232.2 MB/s  Total: 4005.45 GB
[ 3329.0s] IOs:   1050105544  IOPS:   315438  Throughput:  1232.2 MB/s  Total: 4005.83 GB
[ 3329.3s] IOs:   1050206153  IOPS:   315447  Throughput:  1232.2 MB/s  Total: 4006.22 GB
[ 3330.0s] IOs:   1050307065  IOPS:   315411  Throughput:  1232.1 MB/s  Total: 4006.60 GB
[ 3330.5s] IOs:   1050407848  IOPS:   315389  Throughput:  1232.0 MB/s  Total: 4006.99 GB
[ 3331.0s] IOs:   1050508626  IOPS:   315369  Throughput:  1231.9 MB/s  Total: 4007.37 GB
[ 3331.6s] IOs:   1050609324  IOPS:   315350  Throughput:  1231.8 MB/s  Total: 4007.76 GB
[ 3332.0s] IOs:   1050709855  IOPS:   315341  Throughput:  1231.8 MB/s  Total: 4008.14 GB
[ 3332.5s] IOs:   1050810609  IOPS:   315325  Throughput:  1231.7 MB/s  Total: 4008.52 GB
[ 3333.0s] IOs:   1050910754  IOPS:   315304  Throughput:  1231.7 MB/s  Total: 4008.91 GB
[ 3333.6s] IOs:   1051011514  IOPS:   315279  Throughput:  1231.6 MB/s  Total: 4009.29 GB
[ 3334.0s] IOs:   1051111930  IOPS:   315269  Throughput:  1231.5 MB/s  Total: 4009.67 GB
[ 3334.6s] IOs:   1051212428  IOPS:   315245  Throughput:  1231.4 MB/s  Total: 4010.06 GB
[ 3335.1s] IOs:   1051313378  IOPS:   315227  Throughput:  1231.4 MB/s  Total: 4010.44 GB
[ 3335.3s] IOs:   1051414228  IOPS:   315234  Throughput:  1231.4 MB/s  Total: 4010.83 GB
[ 3335.7s] IOs:   1051515155  IOPS:   315230  Throughput:  1231.4 MB/s  Total: 4011.21 GB
[ 3336.2s] IOs:   1051615578  IOPS:   315214  Throughput:  1231.3 MB/s  Total: 4011.60 GB
[Reader] Parsed 128000000 lines, distributed 1051621148 writes, unique 720.00 GB, skipped 85962122
[ 3336.7s] IOs:   1051715947  IOPS:   315199  Throughput:  1231.2 MB/s  Total: 4011.98 GB
[ 3337.3s] IOs:   1051816721  IOPS:   315174  Throughput:  1231.1 MB/s  Total: 4012.36 GB
[ 3337.6s] IOs:   1051917356  IOPS:   315170  Throughput:  1231.1 MB/s  Total: 4012.75 GB
[ 3338.2s] IOs:   1052018132  IOPS:   315146  Throughput:  1231.0 MB/s  Total: 4013.13 GB
[ 3338.7s] IOs:   1052118404  IOPS:   315126  Throughput:  1231.0 MB/s  Total: 4013.51 GB
[ 3339.1s] IOs:   1052218616  IOPS:   315117  Throughput:  1230.9 MB/s  Total: 4013.90 GB
[ 3339.6s] IOs:   1052319181  IOPS:   315107  Throughput:  1230.9 MB/s  Total: 4014.28 GB
[ 3340.1s] IOs:   1052419631  IOPS:   315085  Throughput:  1230.8 MB/s  Total: 4014.66 GB
[ 3340.5s] IOs:   1052520417  IOPS:   315079  Throughput:  1230.8 MB/s  Total: 4015.05 GB
[ 3340.8s] IOs:   1052620734  IOPS:   315084  Throughput:  1230.8 MB/s  Total: 4015.43 GB
[ 3341.4s] IOs:   1052721121  IOPS:   315054  Throughput:  1230.7 MB/s  Total: 4015.81 GB
[ 3341.6s] IOs:   1052821741  IOPS:   315064  Throughput:  1230.7 MB/s  Total: 4016.20 GB
[ 3342.2s] IOs:   1052922427  IOPS:   315040  Throughput:  1230.6 MB/s  Total: 4016.58 GB
[ 3342.5s] IOs:   1053023278  IOPS:   315042  Throughput:  1230.6 MB/s  Total: 4016.97 GB
[ 3342.7s] IOs:   1053123835  IOPS:   315051  Throughput:  1230.7 MB/s  Total: 4017.35 GB
[ 3343.2s] IOs:   1053224638  IOPS:   315039  Throughput:  1230.6 MB/s  Total: 4017.73 GB
[ 3343.5s] IOs:   1053324963  IOPS:   315036  Throughput:  1230.6 MB/s  Total: 4018.12 GB
[ 3343.8s] IOs:   1053425720  IOPS:   315043  Throughput:  1230.6 MB/s  Total: 4018.50 GB
[ 3344.3s] IOs:   1053526750  IOPS:   315023  Throughput:  1230.6 MB/s  Total: 4018.89 GB
[ 3344.5s] IOs:   1053627322  IOPS:   315030  Throughput:  1230.6 MB/s  Total: 4019.27 GB
[ 3344.8s] IOs:   1053727822  IOPS:   315039  Throughput:  1230.6 MB/s  Total: 4019.65 GB
[ 3345.2s] IOs:   1053828443  IOPS:   315024  Throughput:  1230.6 MB/s  Total: 4020.04 GB
[ 3345.5s] IOs:   1053929308  IOPS:   315027  Throughput:  1230.6 MB/s  Total: 4020.42 GB
[ 3345.8s] IOs:   1054030121  IOPS:   315035  Throughput:  1230.6 MB/s  Total: 4020.81 GB
[ 3346.1s] IOs:   1054130630  IOPS:   315028  Throughput:  1230.6 MB/s  Total: 4021.19 GB
[ 3346.6s] IOs:   1054231127  IOPS:   315020  Throughput:  1230.5 MB/s  Total: 4021.57 GB
[ 3346.8s] IOs:   1054331542  IOPS:   315029  Throughput:  1230.6 MB/s  Total: 4021.96 GB
[ 3347.1s] IOs:   1054432455  IOPS:   315026  Throughput:  1230.6 MB/s  Total: 4022.34 GB
[ 3347.4s] IOs:   1054533157  IOPS:   315035  Throughput:  1230.6 MB/s  Total: 4022.72 GB
[ 3347.7s] IOs:   1054633985  IOPS:   315034  Throughput:  1230.6 MB/s  Total: 4023.11 GB
[ 3348.0s] IOs:   1054734335  IOPS:   315034  Throughput:  1230.6 MB/s  Total: 4023.49 GB
[ 3348.5s] IOs:   1054834862  IOPS:   315021  Throughput:  1230.6 MB/s  Total: 4023.88 GB
[ 3348.7s] IOs:   1054935660  IOPS:   315027  Throughput:  1230.6 MB/s  Total: 4024.26 GB
[ 3349.2s] IOs:   1055035797  IOPS:   315016  Throughput:  1230.5 MB/s  Total: 4024.64 GB
[ 3349.6s] IOs:   1055135834  IOPS:   315001  Throughput:  1230.5 MB/s  Total: 4025.02 GB
[ 3349.9s] IOs:   1055236245  IOPS:   315007  Throughput:  1230.5 MB/s  Total: 4025.41 GB
[ 3350.2s] IOs:   1055336754  IOPS:   315006  Throughput:  1230.5 MB/s  Total: 4025.79 GB
[ 3350.6s] IOs:   1055437660  IOPS:   315003  Throughput:  1230.5 MB/s  Total: 4026.18 GB
[ 3351.0s] IOs:   1055538319  IOPS:   314994  Throughput:  1230.4 MB/s  Total: 4026.56 GB
[ 3351.2s] IOs:   1055639248  IOPS:   315000  Throughput:  1230.5 MB/s  Total: 4026.94 GB
[ 3351.6s] IOs:   1055739770  IOPS:   314997  Throughput:  1230.5 MB/s  Total: 4027.33 GB
[ 3352.0s] IOs:   1055839990  IOPS:   314991  Throughput:  1230.4 MB/s  Total: 4027.71 GB
[ 3352.2s] IOs:   1055940484  IOPS:   315000  Throughput:  1230.5 MB/s  Total: 4028.09 GB
[ 3352.6s] IOs:   1056041421  IOPS:   314996  Throughput:  1230.5 MB/s  Total: 4028.48 GB
[ 3352.8s] IOs:   1056142031  IOPS:   315005  Throughput:  1230.5 MB/s  Total: 4028.86 GB
[ 3353.1s] IOs:   1056242721  IOPS:   315003  Throughput:  1230.5 MB/s  Total: 4029.25 GB
[ 3353.6s] IOs:   1056343280  IOPS:   314988  Throughput:  1230.4 MB/s  Total: 4029.63 GB
[ 3353.8s] IOs:   1056443785  IOPS:   314996  Throughput:  1230.5 MB/s  Total: 4030.01 GB
[ 3354.1s] IOs:   1056544686  IOPS:   315000  Throughput:  1230.5 MB/s  Total: 4030.40 GB
[ 3354.3s] IOs:   1056645381  IOPS:   315008  Throughput:  1230.5 MB/s  Total: 4030.78 GB
[ 3354.8s] IOs:   1056745857  IOPS:   314999  Throughput:  1230.5 MB/s  Total: 4031.17 GB
[ 3355.0s] IOs:   1056846380  IOPS:   315005  Throughput:  1230.5 MB/s  Total: 4031.55 GB
[ 3355.2s] IOs:   1056946595  IOPS:   315013  Throughput:  1230.5 MB/s  Total: 4031.93 GB
[ 3357.4s] IOs:   1057047470  IOPS:   314836  Throughput:  1229.8 MB/s  Total: 4032.32 GB
[ 3357.8s] IOs:   1057148078  IOPS:   314834  Throughput:  1229.8 MB/s  Total: 4032.70 GB
[ 3358.2s] IOs:   1057248811  IOPS:   314826  Throughput:  1229.8 MB/s  Total: 4033.08 GB
[ 3358.5s] IOs:   1057349459  IOPS:   314825  Throughput:  1229.8 MB/s  Total: 4033.47 GB
[ 3358.8s] IOs:   1057449729  IOPS:   314829  Throughput:  1229.8 MB/s  Total: 4033.85 GB
[ 3359.0s] IOs:   1057550277  IOPS:   314837  Throughput:  1229.8 MB/s  Total: 4034.23 GB
[ 3359.4s] IOs:   1057650820  IOPS:   314833  Throughput:  1229.8 MB/s  Total: 4034.62 GB
[ 3359.7s] IOs:   1057751303  IOPS:   314830  Throughput:  1229.8 MB/s  Total: 4035.00 GB
[ 3360.0s] IOs:   1057851487  IOPS:   314838  Throughput:  1229.8 MB/s  Total: 4035.38 GB
[ 3360.3s] IOs:   1057951576  IOPS:   314835  Throughput:  1229.8 MB/s  Total: 4035.76 GB
[ 3360.6s] IOs:   1058051851  IOPS:   314843  Throughput:  1229.9 MB/s  Total: 4036.15 GB
[ 3360.8s] IOs:   1058152641  IOPS:   314848  Throughput:  1229.9 MB/s  Total: 4036.53 GB
[ 3361.1s] IOs:   1058253359  IOPS:   314856  Throughput:  1229.9 MB/s  Total: 4036.92 GB
[ 3361.3s] IOs:   1058353863  IOPS:   314860  Throughput:  1229.9 MB/s  Total: 4037.30 GB
[ 3361.6s] IOs:   1058454324  IOPS:   314867  Throughput:  1230.0 MB/s  Total: 4037.68 GB
[ 3362.1s] IOs:   1058554898  IOPS:   314850  Throughput:  1229.9 MB/s  Total: 4038.07 GB
[ 3362.3s] IOs:   1058655677  IOPS:   314860  Throughput:  1229.9 MB/s  Total: 4038.45 GB
[ 3362.8s] IOs:   1058756083  IOPS:   314839  Throughput:  1229.8 MB/s  Total: 4038.83 GB
[ 3363.1s] IOs:   1058856683  IOPS:   314848  Throughput:  1229.9 MB/s  Total: 4039.22 GB
[ 3363.5s] IOs:   1058957189  IOPS:   314835  Throughput:  1229.8 MB/s  Total: 4039.60 GB
[ 3363.8s] IOs:   1059057995  IOPS:   314837  Throughput:  1229.8 MB/s  Total: 4039.99 GB
[ 3364.4s] IOs:   1059158880  IOPS:   314812  Throughput:  1229.7 MB/s  Total: 4040.37 GB
[ 3364.6s] IOs:   1059259446  IOPS:   314822  Throughput:  1229.8 MB/s  Total: 4040.75 GB
[ 3364.9s] IOs:   1059360347  IOPS:   314831  Throughput:  1229.8 MB/s  Total: 4041.14 GB
[ 3365.3s] IOs:   1059461164  IOPS:   314821  Throughput:  1229.8 MB/s  Total: 4041.52 GB
[ 3365.5s] IOs:   1059561932  IOPS:   314829  Throughput:  1229.8 MB/s  Total: 4041.91 GB
[ 3365.8s] IOs:   1059662577  IOPS:   314831  Throughput:  1229.8 MB/s  Total: 4042.29 GB
[ 3366.0s] IOs:   1059763327  IOPS:   314841  Throughput:  1229.8 MB/s  Total: 4042.68 GB
[ 3366.4s] IOs:   1059864094  IOPS:   314834  Throughput:  1229.8 MB/s  Total: 4043.06 GB
[ 3366.7s] IOs:   1059964589  IOPS:   314834  Throughput:  1229.8 MB/s  Total: 4043.44 GB
[ 3367.0s] IOs:   1060064966  IOPS:   314841  Throughput:  1229.8 MB/s  Total: 4043.83 GB
[ 3367.3s] IOs:   1060165361  IOPS:   314843  Throughput:  1229.9 MB/s  Total: 4044.21 GB
[ 3367.5s] IOs:   1060266042  IOPS:   314851  Throughput:  1229.9 MB/s  Total: 4044.59 GB
[ 3367.8s] IOs:   1060366678  IOPS:   314851  Throughput:  1229.9 MB/s  Total: 4044.98 GB
[ 3368.1s] IOs:   1060467008  IOPS:   314856  Throughput:  1229.9 MB/s  Total: 4045.36 GB
[ 3368.4s] IOs:   1060567174  IOPS:   314860  Throughput:  1229.9 MB/s  Total: 4045.74 GB
[ 3368.6s] IOs:   1060667393  IOPS:   314868  Throughput:  1230.0 MB/s  Total: 4046.13 GB
[ 3368.9s] IOs:   1060767991  IOPS:   314868  Throughput:  1230.0 MB/s  Total: 4046.51 GB
[ 3369.2s] IOs:   1060868848  IOPS:   314877  Throughput:  1230.0 MB/s  Total: 4046.89 GB
[ 3369.4s] IOs:   1060969554  IOPS:   314884  Throughput:  1230.0 MB/s  Total: 4047.28 GB
[ 3369.6s] IOs:   1061069835  IOPS:   314892  Throughput:  1230.0 MB/s  Total: 4047.66 GB
[ 3369.9s] IOs:   1061170182  IOPS:   314899  Throughput:  1230.1 MB/s  Total: 4048.04 GB
[ 3370.1s] IOs:   1061270670  IOPS:   314905  Throughput:  1230.1 MB/s  Total: 4048.43 GB
[ 3370.4s] IOs:   1061371424  IOPS:   314913  Throughput:  1230.1 MB/s  Total: 4048.81 GB
[ 3370.6s] IOs:   1061471665  IOPS:   314922  Throughput:  1230.2 MB/s  Total: 4049.19 GB
[ 3371.1s] IOs:   1061572184  IOPS:   314906  Throughput:  1230.1 MB/s  Total: 4049.58 GB
[ 3371.3s] IOs:   1061672264  IOPS:   314912  Throughput:  1230.1 MB/s  Total: 4049.96 GB
[ 3371.8s] IOs:   1061772766  IOPS:   314898  Throughput:  1230.1 MB/s  Total: 4050.34 GB
[ 3372.0s] IOs:   1061873598  IOPS:   314906  Throughput:  1230.1 MB/s  Total: 4050.73 GB
[ 3372.5s] IOs:   1061974419  IOPS:   314891  Throughput:  1230.0 MB/s  Total: 4051.11 GB
[ 3372.9s] IOs:   1062074828  IOPS:   314887  Throughput:  1230.0 MB/s  Total: 4051.49 GB
[ 3373.4s] IOs:   1062175230  IOPS:   314866  Throughput:  1229.9 MB/s  Total: 4051.88 GB
[ 3373.7s] IOs:   1062275724  IOPS:   314869  Throughput:  1230.0 MB/s  Total: 4052.26 GB
[ 3373.9s] IOs:   1062376484  IOPS:   314878  Throughput:  1230.0 MB/s  Total: 4052.64 GB
[ 3374.4s] IOs:   1062477235  IOPS:   314865  Throughput:  1229.9 MB/s  Total: 4053.03 GB
[ 3374.7s] IOs:   1062577698  IOPS:   314864  Throughput:  1229.9 MB/s  Total: 4053.41 GB
[ 3375.2s] IOs:   1062678255  IOPS:   314852  Throughput:  1229.9 MB/s  Total: 4053.80 GB
[ 3375.4s] IOs:   1062778920  IOPS:   314860  Throughput:  1229.9 MB/s  Total: 4054.18 GB
[Reader] Parsed 129000000 lines, distributed 1062798195 writes, unique 720.00 GB, skipped 88616797
[ 3375.9s] IOs:   1062879602  IOPS:   314840  Throughput:  1229.8 MB/s  Total: 4054.56 GB
[ 3376.3s] IOs:   1062980072  IOPS:   314838  Throughput:  1229.8 MB/s  Total: 4054.95 GB
[ 3376.5s] IOs:   1063080139  IOPS:   314847  Throughput:  1229.9 MB/s  Total: 4055.33 GB
[ 3377.0s] IOs:   1063180868  IOPS:   314834  Throughput:  1229.8 MB/s  Total: 4055.71 GB
[ 3377.3s] IOs:   1063281162  IOPS:   314828  Throughput:  1229.8 MB/s  Total: 4056.10 GB
[ 3377.6s] IOs:   1063381176  IOPS:   314836  Throughput:  1229.8 MB/s  Total: 4056.48 GB
[ 3377.9s] IOs:   1063482106  IOPS:   314834  Throughput:  1229.8 MB/s  Total: 4056.86 GB
[ 3378.3s] IOs:   1063582947  IOPS:   314824  Throughput:  1229.8 MB/s  Total: 4057.25 GB
[ 3378.6s] IOs:   1063683102  IOPS:   314832  Throughput:  1229.8 MB/s  Total: 4057.63 GB
[ 3378.9s] IOs:   1063783570  IOPS:   314830  Throughput:  1229.8 MB/s  Total: 4058.01 GB
[ 3379.3s] IOs:   1063884390  IOPS:   314826  Throughput:  1229.8 MB/s  Total: 4058.40 GB
[ 3379.5s] IOs:   1063985039  IOPS:   314833  Throughput:  1229.8 MB/s  Total: 4058.78 GB
[ 3380.1s] IOs:   1064085899  IOPS:   314811  Throughput:  1229.7 MB/s  Total: 4059.17 GB
[ 3380.4s] IOs:   1064186387  IOPS:   314815  Throughput:  1229.7 MB/s  Total: 4059.55 GB
[ 3380.9s] IOs:   1064287014  IOPS:   314790  Throughput:  1229.6 MB/s  Total: 4059.93 GB
[ 3381.3s] IOs:   1064387749  IOPS:   314786  Throughput:  1229.6 MB/s  Total: 4060.32 GB
[ 3381.8s] IOs:   1064488540  IOPS:   314770  Throughput:  1229.6 MB/s  Total: 4060.70 GB
[ 3382.2s] IOs:   1064588864  IOPS:   314761  Throughput:  1229.5 MB/s  Total: 4061.08 GB
[ 3382.6s] IOs:   1064689648  IOPS:   314759  Throughput:  1229.5 MB/s  Total: 4061.47 GB
[ 3382.9s] IOs:   1064789947  IOPS:   314760  Throughput:  1229.5 MB/s  Total: 4061.85 GB
[ 3383.3s] IOs:   1064890746  IOPS:   314748  Throughput:  1229.5 MB/s  Total: 4062.24 GB
[ 3383.7s] IOs:   1064991673  IOPS:   314741  Throughput:  1229.5 MB/s  Total: 4062.62 GB
[ 3384.1s] IOs:   1065092432  IOPS:   314739  Throughput:  1229.4 MB/s  Total: 4063.01 GB
[ 3384.6s] IOs:   1065192953  IOPS:   314721  Throughput:  1229.4 MB/s  Total: 4063.39 GB
[ 3384.8s] IOs:   1065293351  IOPS:   314727  Throughput:  1229.4 MB/s  Total: 4063.77 GB
[ 3385.3s] IOs:   1065394158  IOPS:   314713  Throughput:  1229.3 MB/s  Total: 4064.16 GB
[ 3385.6s] IOs:   1065495099  IOPS:   314715  Throughput:  1229.4 MB/s  Total: 4064.54 GB
[ 3385.9s] IOs:   1065595905  IOPS:   314714  Throughput:  1229.4 MB/s  Total: 4064.93 GB
[ 3386.4s] IOs:   1065696801  IOPS:   314697  Throughput:  1229.3 MB/s  Total: 4065.31 GB
[ 3386.8s] IOs:   1065797278  IOPS:   314693  Throughput:  1229.3 MB/s  Total: 4065.69 GB
[ 3387.0s] IOs:   1065897537  IOPS:   314701  Throughput:  1229.3 MB/s  Total: 4066.08 GB
[ 3387.4s] IOs:   1065998416  IOPS:   314698  Throughput:  1229.3 MB/s  Total: 4066.46 GB
[ 3387.7s] IOs:   1066099113  IOPS:   314696  Throughput:  1229.3 MB/s  Total: 4066.85 GB
[ 3387.9s] IOs:   1066199666  IOPS:   314704  Throughput:  1229.3 MB/s  Total: 4067.23 GB
[ 3388.3s] IOs:   1066299841  IOPS:   314702  Throughput:  1229.3 MB/s  Total: 4067.61 GB
[ 3388.5s] IOs:   1066400310  IOPS:   314709  Throughput:  1229.3 MB/s  Total: 4067.99 GB
[ 3389.1s] IOs:   1066501094  IOPS:   314686  Throughput:  1229.2 MB/s  Total: 4068.38 GB
[ 3389.3s] IOs:   1066601920  IOPS:   314694  Throughput:  1229.3 MB/s  Total: 4068.76 GB
[ 3389.8s] IOs:   1066702789  IOPS:   314677  Throughput:  1229.2 MB/s  Total: 4069.15 GB
[ 3390.4s] IOs:   1066803490  IOPS:   314657  Throughput:  1229.1 MB/s  Total: 4069.53 GB
[ 3390.7s] IOs:   1066903959  IOPS:   314655  Throughput:  1229.1 MB/s  Total: 4069.92 GB
[ 3391.0s] IOs:   1067004642  IOPS:   314662  Throughput:  1229.1 MB/s  Total: 4070.30 GB
[ 3391.4s] IOs:   1067105344  IOPS:   314647  Throughput:  1229.1 MB/s  Total: 4070.68 GB
[ 3391.8s] IOs:   1067206150  IOPS:   314643  Throughput:  1229.1 MB/s  Total: 4071.07 GB
[ 3392.0s] IOs:   1067306812  IOPS:   314650  Throughput:  1229.1 MB/s  Total: 4071.45 GB
[ 3392.5s] IOs:   1067407179  IOPS:   314639  Throughput:  1229.1 MB/s  Total: 4071.84 GB
[ 3392.8s] IOs:   1067507696  IOPS:   314638  Throughput:  1229.1 MB/s  Total: 4072.22 GB
[ 3393.1s] IOs:   1067608185  IOPS:   314644  Throughput:  1229.1 MB/s  Total: 4072.60 GB
[ 3393.5s] IOs:   1067708722  IOPS:   314633  Throughput:  1229.0 MB/s  Total: 4072.99 GB
[ 3393.8s] IOs:   1067809587  IOPS:   314639  Throughput:  1229.1 MB/s  Total: 4073.37 GB
[ 3394.0s] IOs:   1067910505  IOPS:   314648  Throughput:  1229.1 MB/s  Total: 4073.76 GB
[ 3394.3s] IOs:   1068011484  IOPS:   314645  Throughput:  1229.1 MB/s  Total: 4074.14 GB
[ 3394.5s] IOs:   1068112370  IOPS:   314656  Throughput:  1229.1 MB/s  Total: 4074.53 GB
[ 3394.9s] IOs:   1068212896  IOPS:   314650  Throughput:  1229.1 MB/s  Total: 4074.91 GB
[ 3395.2s] IOs:   1068313846  IOPS:   314652  Throughput:  1229.1 MB/s  Total: 4075.29 GB
[ 3395.5s] IOs:   1068414377  IOPS:   314660  Throughput:  1229.1 MB/s  Total: 4075.68 GB
[ 3395.8s] IOs:   1068514930  IOPS:   314661  Throughput:  1229.1 MB/s  Total: 4076.06 GB
[ 3396.0s] IOs:   1068615780  IOPS:   314671  Throughput:  1229.2 MB/s  Total: 4076.45 GB
[ 3396.3s] IOs:   1068716578  IOPS:   314671  Throughput:  1229.2 MB/s  Total: 4076.83 GB
[ 3396.5s] IOs:   1068817057  IOPS:   314681  Throughput:  1229.2 MB/s  Total: 4077.21 GB
[ 3396.8s] IOs:   1068917579  IOPS:   314680  Throughput:  1229.2 MB/s  Total: 4077.60 GB
[ 3397.1s] IOs:   1069018275  IOPS:   314682  Throughput:  1229.2 MB/s  Total: 4077.98 GB
[ 3397.4s] IOs:   1069119242  IOPS:   314692  Throughput:  1229.3 MB/s  Total: 4078.37 GB
[ 3397.6s] IOs:   1069219739  IOPS:   314702  Throughput:  1229.3 MB/s  Total: 4078.75 GB
[ 3398.0s] IOs:   1069320597  IOPS:   314690  Throughput:  1229.3 MB/s  Total: 4079.13 GB
[ 3398.2s] IOs:   1069421182  IOPS:   314700  Throughput:  1229.3 MB/s  Total: 4079.52 GB
[ 3398.5s] IOs:   1069521817  IOPS:   314708  Throughput:  1229.3 MB/s  Total: 4079.90 GB
[ 3398.8s] IOs:   1069622847  IOPS:   314709  Throughput:  1229.3 MB/s  Total: 4080.29 GB
[ 3399.0s] IOs:   1069723286  IOPS:   314719  Throughput:  1229.4 MB/s  Total: 4080.67 GB
[ 3399.3s] IOs:   1069823966  IOPS:   314716  Throughput:  1229.4 MB/s  Total: 4081.05 GB
[ 3399.6s] IOs:   1069924538  IOPS:   314723  Throughput:  1229.4 MB/s  Total: 4081.44 GB
[ 3399.9s] IOs:   1070025231  IOPS:   314724  Throughput:  1229.4 MB/s  Total: 4081.82 GB
[ 3400.1s] IOs:   1070125973  IOPS:   314735  Throughput:  1229.4 MB/s  Total: 4082.21 GB
[ 3400.4s] IOs:   1070226906  IOPS:   314737  Throughput:  1229.4 MB/s  Total: 4082.59 GB
[ 3400.6s] IOs:   1070327710  IOPS:   314748  Throughput:  1229.5 MB/s  Total: 4082.98 GB
[ 3400.9s] IOs:   1070428166  IOPS:   314748  Throughput:  1229.5 MB/s  Total: 4083.36 GB
[ 3401.1s] IOs:   1070528677  IOPS:   314759  Throughput:  1229.5 MB/s  Total: 4083.74 GB
[ 3401.5s] IOs:   1070628981  IOPS:   314752  Throughput:  1229.5 MB/s  Total: 4084.13 GB
[ 3401.7s] IOs:   1070729483  IOPS:   314761  Throughput:  1229.5 MB/s  Total: 4084.51 GB
[ 3401.9s] IOs:   1070830132  IOPS:   314772  Throughput:  1229.6 MB/s  Total: 4084.89 GB
[ 3402.3s] IOs:   1070930767  IOPS:   314771  Throughput:  1229.6 MB/s  Total: 4085.28 GB
[ 3402.5s] IOs:   1071031071  IOPS:   314779  Throughput:  1229.6 MB/s  Total: 4085.66 GB
[ 3402.8s] IOs:   1071131392  IOPS:   314781  Throughput:  1229.6 MB/s  Total: 4086.04 GB
[ 3403.0s] IOs:   1071232327  IOPS:   314790  Throughput:  1229.6 MB/s  Total: 4086.43 GB
[ 3403.3s] IOs:   1071332780  IOPS:   314795  Throughput:  1229.7 MB/s  Total: 4086.81 GB
[ 3403.5s] IOs:   1071433354  IOPS:   314804  Throughput:  1229.7 MB/s  Total: 4087.19 GB
[ 3403.8s] IOs:   1071534180  IOPS:   314806  Throughput:  1229.7 MB/s  Total: 4087.58 GB
[ 3404.0s] IOs:   1071635177  IOPS:   314817  Throughput:  1229.8 MB/s  Total: 4087.96 GB
[ 3404.4s] IOs:   1071735610  IOPS:   314813  Throughput:  1229.7 MB/s  Total: 4088.35 GB
[ 3404.8s] IOs:   1071836152  IOPS:   314801  Throughput:  1229.7 MB/s  Total: 4088.73 GB
[ 3405.3s] IOs:   1071937059  IOPS:   314782  Throughput:  1229.6 MB/s  Total: 4089.12 GB
[ 3405.9s] IOs:   1072037854  IOPS:   314764  Throughput:  1229.5 MB/s  Total: 4089.50 GB
[ 3406.3s] IOs:   1072138611  IOPS:   314748  Throughput:  1229.5 MB/s  Total: 4089.88 GB
[ 3406.7s] IOs:   1072239461  IOPS:   314742  Throughput:  1229.5 MB/s  Total: 4090.27 GB
[ 3407.0s] IOs:   1072339988  IOPS:   314748  Throughput:  1229.5 MB/s  Total: 4090.65 GB
[ 3407.4s] IOs:   1072440448  IOPS:   314737  Throughput:  1229.4 MB/s  Total: 4091.04 GB
[ 3407.8s] IOs:   1072541322  IOPS:   314728  Throughput:  1229.4 MB/s  Total: 4091.42 GB
[ 3408.3s] IOs:   1072642125  IOPS:   314714  Throughput:  1229.4 MB/s  Total: 4091.80 GB
[ 3409.4s] IOs:   1072742741  IOPS:   314639  Throughput:  1229.1 MB/s  Total: 4092.19 GB
[ 3410.4s] IOs:   1072842744  IOPS:   314582  Throughput:  1228.8 MB/s  Total: 4092.57 GB
[ 3410.9s] IOs:   1072942968  IOPS:   314559  Throughput:  1228.7 MB/s  Total: 4092.95 GB
[ 3411.5s] IOs:   1073043502  IOPS:   314535  Throughput:  1228.7 MB/s  Total: 4093.34 GB
[ 3412.2s] IOs:   1073143989  IOPS:   314506  Throughput:  1228.5 MB/s  Total: 4093.72 GB
[ 3412.8s] IOs:   1073244549  IOPS:   314473  Throughput:  1228.4 MB/s  Total: 4094.10 GB
[ 3413.4s] IOs:   1073345577  IOPS:   314450  Throughput:  1228.3 MB/s  Total: 4094.49 GB
[ 3413.9s] IOs:   1073446409  IOPS:   314432  Throughput:  1228.2 MB/s  Total: 4094.87 GB
[ 3414.3s] IOs:   1073546820  IOPS:   314424  Throughput:  1228.2 MB/s  Total: 4095.26 GB
[ 3414.8s] IOs:   1073647366  IOPS:   314406  Throughput:  1228.1 MB/s  Total: 4095.64 GB
[Reader] Parsed 130000000 lines, distributed 1073690430 writes, unique 720.00 GB, skipped 91204848

============================================================
  Final Results (Saturated Replay)
============================================================
  Total IOs:       1073742078
  Total Data:      4096.00 GB (4.0000 TB)
  Elapsed Time:    3415.18 seconds
  Average IOPS:    314403
  Average BW:      1228.1 MB/s
============================================================

[Limit] 4.0 TB reached, exiting...
