nohup: ignoring input
Auto-detect: NVMe-oF device found
============================================================
  High-Performance Trace Replay (C++ / libaio)
============================================================
  Device:      /dev/nvme0n1
  Device size: 720.00 GB (188743680 LBAs)
  Trace:       ../../alibaba_trace/alibaba_dwpd1.trace
  Threads:     4
  QD/thread:   64
  Max write:   4.0 TB
============================================================

Replay started...

[    0.2s] IOs:       100324  IOPS:   440642  Throughput:  1721.3 MB/s  Total:    0.38 GB
[    0.5s] IOs:       200630  IOPS:   421990  Throughput:  1648.4 MB/s  Total:    0.77 GB
[    0.7s] IOs:       301074  IOPS:   429949  Throughput:  1679.5 MB/s  Total:    1.15 GB
[    0.9s] IOs:       401356  IOPS:   435266  Throughput:  1700.3 MB/s  Total:    1.53 GB
[    1.1s] IOs:       501510  IOPS:   436115  Throughput:  1703.6 MB/s  Total:    1.91 GB
[    1.4s] IOs:       601531  IOPS:   443128  Throughput:  1731.0 MB/s  Total:    2.29 GB
[    1.6s] IOs:       701833  IOPS:   442735  Throughput:  1729.4 MB/s  Total:    2.68 GB
[    1.8s] IOs:       801910  IOPS:   436990  Throughput:  1707.0 MB/s  Total:    3.06 GB
[    2.1s] IOs:       902925  IOPS:   440132  Throughput:  1719.3 MB/s  Total:    3.44 GB
[    2.2s] IOs:      1003742  IOPS:   448625  Throughput:  1752.4 MB/s  Total:    3.83 GB
[    2.4s] IOs:      1104491  IOPS:   455568  Throughput:  1779.6 MB/s  Total:    4.21 GB
[    2.6s] IOs:      1205451  IOPS:   459707  Throughput:  1795.7 MB/s  Total:    4.60 GB
[    2.8s] IOs:      1306333  IOPS:   464705  Throughput:  1815.3 MB/s  Total:    4.98 GB
[    3.0s] IOs:      1407002  IOPS:   468339  Throughput:  1829.5 MB/s  Total:    5.37 GB
[    3.2s] IOs:      1507463  IOPS:   468886  Throughput:  1831.6 MB/s  Total:    5.75 GB
[    3.4s] IOs:      1608367  IOPS:   468514  Throughput:  1830.1 MB/s  Total:    6.14 GB
[    3.7s] IOs:      1708449  IOPS:   461317  Throughput:  1802.0 MB/s  Total:    6.52 GB
[    3.9s] IOs:      1808507  IOPS:   465554  Throughput:  1818.6 MB/s  Total:    6.90 GB
[    4.1s] IOs:      1909322  IOPS:   468818  Throughput:  1831.3 MB/s  Total:    7.28 GB
[    4.3s] IOs:      2010067  IOPS:   469108  Throughput:  1832.5 MB/s  Total:    7.67 GB
[    4.5s] IOs:      2110614  IOPS:   471301  Throughput:  1841.0 MB/s  Total:    8.05 GB
[    4.7s] IOs:      2211629  IOPS:   471911  Throughput:  1843.4 MB/s  Total:    8.44 GB
[    4.9s] IOs:      2312448  IOPS:   474272  Throughput:  1852.6 MB/s  Total:    8.82 GB
[    5.1s] IOs:      2412541  IOPS:   477109  Throughput:  1863.7 MB/s  Total:    9.20 GB
[    5.3s] IOs:      2513322  IOPS:   478591  Throughput:  1869.5 MB/s  Total:    9.59 GB
[    5.5s] IOs:      2614225  IOPS:   477308  Throughput:  1864.5 MB/s  Total:    9.97 GB
[    5.7s] IOs:      2715082  IOPS:   479026  Throughput:  1871.2 MB/s  Total:   10.36 GB
[    5.8s] IOs:      2815176  IOPS:   481573  Throughput:  1881.1 MB/s  Total:   10.74 GB
[    6.0s] IOs:      2915941  IOPS:   482863  Throughput:  1886.2 MB/s  Total:   11.12 GB
[    6.2s] IOs:      3016905  IOPS:   484707  Throughput:  1893.4 MB/s  Total:   11.51 GB
[    6.4s] IOs:      3117681  IOPS:   486567  Throughput:  1900.7 MB/s  Total:   11.89 GB
[    6.6s] IOs:      3217689  IOPS:   487673  Throughput:  1905.0 MB/s  Total:   12.27 GB
[    6.8s] IOs:      3318466  IOPS:   489022  Throughput:  1910.2 MB/s  Total:   12.66 GB
[    7.0s] IOs:      3418538  IOPS:   489714  Throughput:  1912.9 MB/s  Total:   13.04 GB
[    7.2s] IOs:      3519368  IOPS:   491321  Throughput:  1919.2 MB/s  Total:   13.43 GB
[    7.4s] IOs:      3619960  IOPS:   491624  Throughput:  1920.4 MB/s  Total:   13.81 GB
[    7.6s] IOs:      3720953  IOPS:   492513  Throughput:  1923.9 MB/s  Total:   14.19 GB
[    7.7s] IOs:      3821856  IOPS:   493916  Throughput:  1929.4 MB/s  Total:   14.58 GB
[    7.9s] IOs:      3922808  IOPS:   494872  Throughput:  1933.1 MB/s  Total:   14.96 GB
[    8.1s] IOs:      4023772  IOPS:   495864  Throughput:  1937.0 MB/s  Total:   15.35 GB
[    8.3s] IOs:      4124664  IOPS:   497118  Throughput:  1941.9 MB/s  Total:   15.73 GB
[    8.5s] IOs:      4225430  IOPS:   497325  Throughput:  1942.7 MB/s  Total:   16.12 GB
[    8.7s] IOs:      4326097  IOPS:   497715  Throughput:  1944.2 MB/s  Total:   16.50 GB
[    9.1s] IOs:      4426214  IOPS:   485109  Throughput:  1895.0 MB/s  Total:   16.88 GB
[    9.3s] IOs:      4527194  IOPS:   486198  Throughput:  1899.2 MB/s  Total:   17.27 GB
[    9.5s] IOs:      4627788  IOPS:   487105  Throughput:  1902.8 MB/s  Total:   17.65 GB
[    9.7s] IOs:      4728434  IOPS:   486721  Throughput:  1901.3 MB/s  Total:   18.04 GB
[    9.9s] IOs:      4829066  IOPS:   487597  Throughput:  1904.7 MB/s  Total:   18.42 GB
[   10.1s] IOs:      4929868  IOPS:   487938  Throughput:  1906.0 MB/s  Total:   18.81 GB
[   10.3s] IOs:      5030764  IOPS:   488903  Throughput:  1909.8 MB/s  Total:   19.19 GB
[   10.5s] IOs:      5131630  IOPS:   489918  Throughput:  1913.7 MB/s  Total:   19.58 GB
[   10.7s] IOs:      5232409  IOPS:   490719  Throughput:  1916.9 MB/s  Total:   19.96 GB
[   10.8s] IOs:      5332478  IOPS:   491943  Throughput:  1921.7 MB/s  Total:   20.34 GB
[   11.0s] IOs:      5433197  IOPS:   492846  Throughput:  1925.2 MB/s  Total:   20.73 GB
[   11.2s] IOs:      5534197  IOPS:   493483  Throughput:  1927.7 MB/s  Total:   21.11 GB
[   11.4s] IOs:      5635134  IOPS:   494242  Throughput:  1930.6 MB/s  Total:   21.50 GB
[   11.6s] IOs:      5735690  IOPS:   494891  Throughput:  1933.2 MB/s  Total:   21.88 GB
[   11.8s] IOs:      5835714  IOPS:   494878  Throughput:  1933.1 MB/s  Total:   22.26 GB
[   12.0s] IOs:      5936616  IOPS:   495332  Throughput:  1934.9 MB/s  Total:   22.65 GB
[   12.2s] IOs:      6037467  IOPS:   496167  Throughput:  1938.2 MB/s  Total:   23.03 GB
[   12.4s] IOs:      6138498  IOPS:   496823  Throughput:  1940.7 MB/s  Total:   23.42 GB
[   12.5s] IOs:      6239390  IOPS:   497314  Throughput:  1942.6 MB/s  Total:   23.80 GB
[   12.7s] IOs:      6340081  IOPS:   497714  Throughput:  1944.2 MB/s  Total:   24.19 GB
[   13.0s] IOs:      6441085  IOPS:   497184  Throughput:  1942.1 MB/s  Total:   24.57 GB
[   13.1s] IOs:      6541887  IOPS:   497876  Throughput:  1944.8 MB/s  Total:   24.96 GB
[   13.4s] IOs:      6642665  IOPS:   497021  Throughput:  1941.5 MB/s  Total:   25.34 GB
[   13.6s] IOs:      6743543  IOPS:   497479  Throughput:  1943.3 MB/s  Total:   25.72 GB
[   13.8s] IOs:      6844318  IOPS:   497514  Throughput:  1943.4 MB/s  Total:   26.11 GB
[   14.0s] IOs:      6944939  IOPS:   497478  Throughput:  1943.3 MB/s  Total:   26.49 GB
[   14.2s] IOs:      7045963  IOPS:   497783  Throughput:  1944.5 MB/s  Total:   26.88 GB
[   14.3s] IOs:      7146813  IOPS:   498519  Throughput:  1947.3 MB/s  Total:   27.26 GB
[Reader] Parsed 1000000 lines, distributed 7247812 writes, unique 16.93 GB, skipped 0
[   14.5s] IOs:      7247683  IOPS:   498997  Throughput:  1949.2 MB/s  Total:   27.65 GB
[   14.7s] IOs:      7348466  IOPS:   499404  Throughput:  1950.8 MB/s  Total:   28.03 GB
[   14.9s] IOs:      7448573  IOPS:   500033  Throughput:  1953.3 MB/s  Total:   28.41 GB
[   15.1s] IOs:      7549341  IOPS:   500360  Throughput:  1954.5 MB/s  Total:   28.80 GB
[   15.3s] IOs:      7649442  IOPS:   500903  Throughput:  1956.7 MB/s  Total:   29.18 GB
[   15.5s] IOs:      7750371  IOPS:   501307  Throughput:  1958.2 MB/s  Total:   29.57 GB
[   15.6s] IOs:      7851198  IOPS:   501902  Throughput:  1960.6 MB/s  Total:   29.95 GB
[   15.8s] IOs:      7952122  IOPS:   502179  Throughput:  1961.6 MB/s  Total:   30.33 GB
[   16.0s] IOs:      8052931  IOPS:   502732  Throughput:  1963.8 MB/s  Total:   30.72 GB
[   16.2s] IOs:      8153875  IOPS:   502955  Throughput:  1964.7 MB/s  Total:   31.10 GB
[   16.4s] IOs:      8254584  IOPS:   503346  Throughput:  1966.2 MB/s  Total:   31.49 GB
[   16.6s] IOs:      8355407  IOPS:   503477  Throughput:  1966.7 MB/s  Total:   31.87 GB
[   16.8s] IOs:      8456329  IOPS:   503617  Throughput:  1967.3 MB/s  Total:   32.26 GB
[   17.0s] IOs:      8557312  IOPS:   504017  Throughput:  1968.8 MB/s  Total:   32.64 GB
[   17.2s] IOs:      8658317  IOPS:   504507  Throughput:  1970.7 MB/s  Total:   33.03 GB
[   17.4s] IOs:      8759107  IOPS:   504421  Throughput:  1970.4 MB/s  Total:   33.41 GB
[   17.6s] IOs:      8859940  IOPS:   504559  Throughput:  1970.9 MB/s  Total:   33.80 GB
[   17.7s] IOs:      8960637  IOPS:   504872  Throughput:  1972.2 MB/s  Total:   34.18 GB
[   17.9s] IOs:      9060654  IOPS:   505010  Throughput:  1972.7 MB/s  Total:   34.56 GB
[   18.1s] IOs:      9161593  IOPS:   504923  Throughput:  1972.4 MB/s  Total:   34.95 GB
[   18.3s] IOs:      9262561  IOPS:   505006  Throughput:  1972.7 MB/s  Total:   35.33 GB
[   18.5s] IOs:      9363497  IOPS:   505222  Throughput:  1973.5 MB/s  Total:   35.72 GB
[   18.7s] IOs:      9464239  IOPS:   505184  Throughput:  1973.4 MB/s  Total:   36.10 GB
[   18.9s] IOs:      9564927  IOPS:   505211  Throughput:  1973.5 MB/s  Total:   36.49 GB
[   19.1s] IOs:      9665822  IOPS:   505203  Throughput:  1973.5 MB/s  Total:   36.87 GB
[   19.3s] IOs:      9765971  IOPS:   505401  Throughput:  1974.2 MB/s  Total:   37.25 GB
[   19.5s] IOs:      9866921  IOPS:   505133  Throughput:  1973.2 MB/s  Total:   37.64 GB
[   19.7s] IOs:      9967702  IOPS:   505169  Throughput:  1973.3 MB/s  Total:   38.02 GB
[   19.9s] IOs:     10068711  IOPS:   505456  Throughput:  1974.4 MB/s  Total:   38.41 GB
[   20.1s] IOs:     10168723  IOPS:   505303  Throughput:  1973.8 MB/s  Total:   38.79 GB
[   20.3s] IOs:     10269460  IOPS:   505426  Throughput:  1974.3 MB/s  Total:   39.17 GB
[   20.5s] IOs:     10370172  IOPS:   505606  Throughput:  1975.0 MB/s  Total:   39.56 GB
[   20.7s] IOs:     10470919  IOPS:   505597  Throughput:  1975.0 MB/s  Total:   39.94 GB
[   21.4s] IOs:     10571854  IOPS:   493924  Throughput:  1929.4 MB/s  Total:   40.33 GB
[   21.6s] IOs:     10671882  IOPS:   494272  Throughput:  1930.8 MB/s  Total:   40.71 GB
[   21.8s] IOs:     10772810  IOPS:   494554  Throughput:  1931.9 MB/s  Total:   41.10 GB
[   22.0s] IOs:     10873624  IOPS:   495005  Throughput:  1933.6 MB/s  Total:   41.48 GB
[   22.1s] IOs:     10973628  IOPS:   495443  Throughput:  1935.3 MB/s  Total:   41.86 GB
[   22.3s] IOs:     11074620  IOPS:   495611  Throughput:  1936.0 MB/s  Total:   42.25 GB
[   22.5s] IOs:     11175468  IOPS:   495807  Throughput:  1936.7 MB/s  Total:   42.63 GB
[   22.7s] IOs:     11276307  IOPS:   496165  Throughput:  1938.1 MB/s  Total:   43.02 GB
[   22.9s] IOs:     11377166  IOPS:   496511  Throughput:  1939.5 MB/s  Total:   43.40 GB
[   23.1s] IOs:     11478058  IOPS:   496809  Throughput:  1940.7 MB/s  Total:   43.79 GB
[   23.3s] IOs:     11578555  IOPS:   497134  Throughput:  1941.9 MB/s  Total:   44.17 GB
[   23.5s] IOs:     11678602  IOPS:   497466  Throughput:  1943.2 MB/s  Total:   44.55 GB
[   23.7s] IOs:     11779408  IOPS:   497508  Throughput:  1943.4 MB/s  Total:   44.93 GB
[   23.9s] IOs:     11880313  IOPS:   497666  Throughput:  1944.0 MB/s  Total:   45.32 GB
[   24.1s] IOs:     11981019  IOPS:   497761  Throughput:  1944.4 MB/s  Total:   45.70 GB
[   24.3s] IOs:     12081890  IOPS:   498137  Throughput:  1945.8 MB/s  Total:   46.09 GB
[   24.4s] IOs:     12182036  IOPS:   498505  Throughput:  1947.3 MB/s  Total:   46.47 GB
[   24.6s] IOs:     12282968  IOPS:   498731  Throughput:  1948.2 MB/s  Total:   46.86 GB
[   24.8s] IOs:     12383976  IOPS:   499142  Throughput:  1949.8 MB/s  Total:   47.24 GB
[   25.0s] IOs:     12484714  IOPS:   499301  Throughput:  1950.4 MB/s  Total:   47.63 GB
[   25.2s] IOs:     12585393  IOPS:   499482  Throughput:  1951.1 MB/s  Total:   48.01 GB
[   25.4s] IOs:     12686311  IOPS:   499212  Throughput:  1950.0 MB/s  Total:   48.39 GB
[   25.6s] IOs:     12786346  IOPS:   499138  Throughput:  1949.8 MB/s  Total:   48.78 GB
[   25.8s] IOs:     12887291  IOPS:   499468  Throughput:  1951.0 MB/s  Total:   49.16 GB
[   26.0s] IOs:     12988259  IOPS:   499633  Throughput:  1951.7 MB/s  Total:   49.55 GB
[   26.2s] IOs:     13089111  IOPS:   500021  Throughput:  1953.2 MB/s  Total:   49.93 GB
[   26.4s] IOs:     13189176  IOPS:   500290  Throughput:  1954.3 MB/s  Total:   50.31 GB
[   26.5s] IOs:     13290014  IOPS:   500641  Throughput:  1955.6 MB/s  Total:   50.70 GB
[   26.7s] IOs:     13390135  IOPS:   500980  Throughput:  1957.0 MB/s  Total:   51.08 GB
[   26.9s] IOs:     13490947  IOPS:   501060  Throughput:  1957.3 MB/s  Total:   51.46 GB
[Reader] Parsed 2000000 lines, distributed 13582919 writes, unique 27.39 GB, skipped 0
[   27.1s] IOs:     13591848  IOPS:   500854  Throughput:  1956.5 MB/s  Total:   51.85 GB
[   27.3s] IOs:     13692656  IOPS:   501007  Throughput:  1957.1 MB/s  Total:   52.23 GB
[   27.5s] IOs:     13793511  IOPS:   500958  Throughput:  1956.9 MB/s  Total:   52.62 GB
[   27.7s] IOs:     13894408  IOPS:   501160  Throughput:  1957.7 MB/s  Total:   53.00 GB
[   27.9s] IOs:     13995351  IOPS:   501201  Throughput:  1957.8 MB/s  Total:   53.39 GB
[   28.1s] IOs:     14096206  IOPS:   501509  Throughput:  1959.0 MB/s  Total:   53.77 GB
[   28.3s] IOs:     14196881  IOPS:   500940  Throughput:  1956.8 MB/s  Total:   54.16 GB
[   28.5s] IOs:     14297011  IOPS:   501206  Throughput:  1957.8 MB/s  Total:   54.54 GB
[   28.7s] IOs:     14397054  IOPS:   501455  Throughput:  1958.8 MB/s  Total:   54.92 GB
[   28.9s] IOs:     14497860  IOPS:   501623  Throughput:  1959.5 MB/s  Total:   55.30 GB
[   29.1s] IOs:     14598795  IOPS:   501911  Throughput:  1960.6 MB/s  Total:   55.69 GB
[   29.3s] IOs:     14699681  IOPS:   502060  Throughput:  1961.2 MB/s  Total:   56.07 GB
[   29.5s] IOs:     14799719  IOPS:   502314  Throughput:  1962.2 MB/s  Total:   56.46 GB
[   29.7s] IOs:     14900519  IOPS:   502166  Throughput:  1961.6 MB/s  Total:   56.84 GB
[   29.9s] IOs:     15001356  IOPS:   502357  Throughput:  1962.3 MB/s  Total:   57.23 GB
[   30.1s] IOs:     15102043  IOPS:   502561  Throughput:  1963.1 MB/s  Total:   57.61 GB
[   30.2s] IOs:     15202745  IOPS:   502723  Throughput:  1963.8 MB/s  Total:   57.99 GB
[   30.4s] IOs:     15303693  IOPS:   502916  Throughput:  1964.5 MB/s  Total:   58.38 GB
[   30.6s] IOs:     15404523  IOPS:   503144  Throughput:  1965.4 MB/s  Total:   58.76 GB
[   30.8s] IOs:     15505399  IOPS:   503252  Throughput:  1965.8 MB/s  Total:   59.15 GB
[   31.0s] IOs:     15606369  IOPS:   503535  Throughput:  1966.9 MB/s  Total:   59.53 GB
[   31.2s] IOs:     15706434  IOPS:   503801  Throughput:  1968.0 MB/s  Total:   59.92 GB
[   31.4s] IOs:     15807438  IOPS:   503602  Throughput:  1967.2 MB/s  Total:   60.30 GB
[   31.6s] IOs:     15908369  IOPS:   503411  Throughput:  1966.4 MB/s  Total:   60.69 GB
[   31.8s] IOs:     16009000  IOPS:   503631  Throughput:  1967.3 MB/s  Total:   61.07 GB
[   32.0s] IOs:     16109887  IOPS:   503717  Throughput:  1967.6 MB/s  Total:   61.45 GB
[   32.2s] IOs:     16210788  IOPS:   503437  Throughput:  1966.6 MB/s  Total:   61.84 GB
[   32.4s] IOs:     16311757  IOPS:   503638  Throughput:  1967.3 MB/s  Total:   62.22 GB
[   32.6s] IOs:     16412407  IOPS:   503932  Throughput:  1968.5 MB/s  Total:   62.61 GB
[   32.8s] IOs:     16512555  IOPS:   504093  Throughput:  1969.1 MB/s  Total:   62.99 GB
[   32.9s] IOs:     16613559  IOPS:   504345  Throughput:  1970.1 MB/s  Total:   63.38 GB
[   33.1s] IOs:     16714310  IOPS:   504584  Throughput:  1971.0 MB/s  Total:   63.76 GB
[   33.3s] IOs:     16815120  IOPS:   504828  Throughput:  1972.0 MB/s  Total:   64.14 GB
[   33.5s] IOs:     16915224  IOPS:   505086  Throughput:  1973.0 MB/s  Total:   64.53 GB
[   33.7s] IOs:     17015258  IOPS:   505274  Throughput:  1973.7 MB/s  Total:   64.91 GB
[   33.9s] IOs:     17116150  IOPS:   505414  Throughput:  1974.3 MB/s  Total:   65.29 GB
[   34.1s] IOs:     17217028  IOPS:   505317  Throughput:  1973.9 MB/s  Total:   65.68 GB
[   34.3s] IOs:     17317767  IOPS:   505474  Throughput:  1974.5 MB/s  Total:   66.06 GB
[   34.4s] IOs:     17418559  IOPS:   505628  Throughput:  1975.1 MB/s  Total:   66.45 GB
[   34.6s] IOs:     17519465  IOPS:   505806  Throughput:  1975.8 MB/s  Total:   66.83 GB
[   34.8s] IOs:     17619555  IOPS:   505993  Throughput:  1976.5 MB/s  Total:   67.21 GB
[   35.0s] IOs:     17720449  IOPS:   505987  Throughput:  1976.5 MB/s  Total:   67.60 GB
[   35.2s] IOs:     17821152  IOPS:   505996  Throughput:  1976.5 MB/s  Total:   67.98 GB
[   35.4s] IOs:     17921987  IOPS:   506244  Throughput:  1977.5 MB/s  Total:   68.37 GB
[   35.6s] IOs:     18022811  IOPS:   506367  Throughput:  1978.0 MB/s  Total:   68.75 GB
[   35.8s] IOs:     18123669  IOPS:   506618  Throughput:  1979.0 MB/s  Total:   69.14 GB
[   36.0s] IOs:     18224507  IOPS:   506629  Throughput:  1979.0 MB/s  Total:   69.52 GB
[   36.2s] IOs:     18325428  IOPS:   506735  Throughput:  1979.4 MB/s  Total:   69.91 GB
[   36.4s] IOs:     18426192  IOPS:   506820  Throughput:  1979.8 MB/s  Total:   70.29 GB
[   36.5s] IOs:     18527151  IOPS:   507012  Throughput:  1980.5 MB/s  Total:   70.68 GB
[   36.7s] IOs:     18628051  IOPS:   507071  Throughput:  1980.7 MB/s  Total:   71.06 GB
[   36.9s] IOs:     18729076  IOPS:   507165  Throughput:  1981.1 MB/s  Total:   71.45 GB
[   37.1s] IOs:     18830056  IOPS:   507357  Throughput:  1981.9 MB/s  Total:   71.83 GB
[   37.3s] IOs:     18930986  IOPS:   507169  Throughput:  1981.1 MB/s  Total:   72.22 GB
[   37.5s] IOs:     19031597  IOPS:   507187  Throughput:  1981.2 MB/s  Total:   72.60 GB
[   37.7s] IOs:     19131607  IOPS:   507359  Throughput:  1981.9 MB/s  Total:   72.98 GB
[   37.9s] IOs:     19231817  IOPS:   507600  Throughput:  1982.8 MB/s  Total:   73.36 GB
[   38.1s] IOs:     19332610  IOPS:   507734  Throughput:  1983.3 MB/s  Total:   73.75 GB
[   38.3s] IOs:     19433223  IOPS:   507949  Throughput:  1984.2 MB/s  Total:   74.13 GB
[   38.5s] IOs:     19534184  IOPS:   507900  Throughput:  1984.0 MB/s  Total:   74.52 GB
[   38.6s] IOs:     19635160  IOPS:   508081  Throughput:  1984.7 MB/s  Total:   74.90 GB
[   38.8s] IOs:     19735188  IOPS:   508296  Throughput:  1985.5 MB/s  Total:   75.28 GB
[   39.0s] IOs:     19836035  IOPS:   508155  Throughput:  1985.0 MB/s  Total:   75.67 GB
[   39.2s] IOs:     19936113  IOPS:   508330  Throughput:  1985.7 MB/s  Total:   76.05 GB
[   39.4s] IOs:     20037129  IOPS:   508291  Throughput:  1985.5 MB/s  Total:   76.44 GB
[   39.6s] IOs:     20138141  IOPS:   508474  Throughput:  1986.2 MB/s  Total:   76.82 GB
[   39.8s] IOs:     20238647  IOPS:   508476  Throughput:  1986.2 MB/s  Total:   77.20 GB
[   40.0s] IOs:     20339493  IOPS:   508565  Throughput:  1986.6 MB/s  Total:   77.59 GB
[   40.2s] IOs:     20440134  IOPS:   508621  Throughput:  1986.8 MB/s  Total:   77.97 GB
[   40.4s] IOs:     20541126  IOPS:   508665  Throughput:  1987.0 MB/s  Total:   78.36 GB
[   40.6s] IOs:     20641876  IOPS:   508588  Throughput:  1986.7 MB/s  Total:   78.74 GB
[   40.8s] IOs:     20741905  IOPS:   508734  Throughput:  1987.2 MB/s  Total:   79.12 GB
[   41.0s] IOs:     20842574  IOPS:   508864  Throughput:  1987.7 MB/s  Total:   79.51 GB
[   41.1s] IOs:     20943186  IOPS:   508979  Throughput:  1988.2 MB/s  Total:   79.89 GB
[   41.3s] IOs:     21044060  IOPS:   509128  Throughput:  1988.8 MB/s  Total:   80.28 GB
[   41.5s] IOs:     21144131  IOPS:   509282  Throughput:  1989.4 MB/s  Total:   80.66 GB
[   41.7s] IOs:     21245042  IOPS:   509410  Throughput:  1989.9 MB/s  Total:   81.04 GB
[   41.9s] IOs:     21345713  IOPS:   509561  Throughput:  1990.5 MB/s  Total:   81.43 GB
[   42.1s] IOs:     21446533  IOPS:   509696  Throughput:  1991.0 MB/s  Total:   81.81 GB
[   42.3s] IOs:     21547352  IOPS:   509769  Throughput:  1991.3 MB/s  Total:   82.20 GB
[   42.5s] IOs:     21647392  IOPS:   509818  Throughput:  1991.5 MB/s  Total:   82.58 GB
[   42.6s] IOs:     21748376  IOPS:   509962  Throughput:  1992.0 MB/s  Total:   82.96 GB
[   42.9s] IOs:     21849336  IOPS:   509903  Throughput:  1991.8 MB/s  Total:   83.35 GB
[   43.0s] IOs:     21950293  IOPS:   510060  Throughput:  1992.4 MB/s  Total:   83.73 GB
[   43.2s] IOs:     22051084  IOPS:   509984  Throughput:  1992.1 MB/s  Total:   84.12 GB
[   43.4s] IOs:     22151218  IOPS:   510074  Throughput:  1992.5 MB/s  Total:   84.50 GB
[   43.6s] IOs:     22251244  IOPS:   510065  Throughput:  1992.4 MB/s  Total:   84.88 GB
[   43.8s] IOs:     22352042  IOPS:   510197  Throughput:  1993.0 MB/s  Total:   85.27 GB
[   44.0s] IOs:     22452717  IOPS:   510209  Throughput:  1993.0 MB/s  Total:   85.65 GB
[   44.2s] IOs:     22553342  IOPS:   510246  Throughput:  1993.1 MB/s  Total:   86.03 GB
[   45.3s] IOs:     22653472  IOPS:   499546  Throughput:  1951.4 MB/s  Total:   86.42 GB
[   45.5s] IOs:     22753531  IOPS:   499598  Throughput:  1951.6 MB/s  Total:   86.80 GB
[   45.7s] IOs:     22854433  IOPS:   499740  Throughput:  1952.1 MB/s  Total:   87.18 GB
[   45.9s] IOs:     22954965  IOPS:   499687  Throughput:  1951.9 MB/s  Total:   87.57 GB
[Reader] Parsed 3000000 lines, distributed 22966980 writes, unique 46.77 GB, skipped 0
[   46.1s] IOs:     23055796  IOPS:   499779  Throughput:  1952.3 MB/s  Total:   87.95 GB
[   46.3s] IOs:     23155978  IOPS:   499908  Throughput:  1952.8 MB/s  Total:   88.33 GB
[   46.5s] IOs:     23257003  IOPS:   500020  Throughput:  1953.2 MB/s  Total:   88.72 GB
[   46.7s] IOs:     23357760  IOPS:   500049  Throughput:  1953.3 MB/s  Total:   89.10 GB
[   46.9s] IOs:     23458314  IOPS:   500143  Throughput:  1953.7 MB/s  Total:   89.49 GB
[   47.1s] IOs:     23558979  IOPS:   500365  Throughput:  1954.6 MB/s  Total:   89.87 GB
[   47.3s] IOs:     23659633  IOPS:   500257  Throughput:  1954.1 MB/s  Total:   90.25 GB
[   47.5s] IOs:     23760536  IOPS:   500335  Throughput:  1954.4 MB/s  Total:   90.64 GB
[   47.7s] IOs:     23860559  IOPS:   500514  Throughput:  1955.1 MB/s  Total:   91.02 GB
[   47.9s] IOs:     23961339  IOPS:   500673  Throughput:  1955.8 MB/s  Total:   91.41 GB
[   48.0s] IOs:     24062090  IOPS:   500812  Throughput:  1956.3 MB/s  Total:   91.79 GB
[   48.2s] IOs:     24162719  IOPS:   500936  Throughput:  1956.8 MB/s  Total:   92.17 GB
[   48.4s] IOs:     24262822  IOPS:   501060  Throughput:  1957.3 MB/s  Total:   92.56 GB
[   48.6s] IOs:     24362863  IOPS:   501133  Throughput:  1957.5 MB/s  Total:   92.94 GB
[   48.8s] IOs:     24463769  IOPS:   501273  Throughput:  1958.1 MB/s  Total:   93.32 GB
[   49.0s] IOs:     24564583  IOPS:   501349  Throughput:  1958.4 MB/s  Total:   93.71 GB
[   49.2s] IOs:     24665458  IOPS:   501508  Throughput:  1959.0 MB/s  Total:   94.09 GB
[   49.4s] IOs:     24766259  IOPS:   501584  Throughput:  1959.3 MB/s  Total:   94.48 GB
[   49.6s] IOs:     24867202  IOPS:   501665  Throughput:  1959.6 MB/s  Total:   94.86 GB
[   49.8s] IOs:     24968075  IOPS:   501758  Throughput:  1960.0 MB/s  Total:   95.25 GB
[   49.9s] IOs:     25068839  IOPS:   501888  Throughput:  1960.5 MB/s  Total:   95.63 GB
[   50.2s] IOs:     25168923  IOPS:   501817  Throughput:  1960.2 MB/s  Total:   96.01 GB
[   50.3s] IOs:     25269914  IOPS:   501972  Throughput:  1960.8 MB/s  Total:   96.40 GB
[   50.5s] IOs:     25369995  IOPS:   502020  Throughput:  1961.0 MB/s  Total:   96.78 GB
[   50.7s] IOs:     25470984  IOPS:   502046  Throughput:  1961.1 MB/s  Total:   97.16 GB
[   50.9s] IOs:     25571680  IOPS:   501917  Throughput:  1960.6 MB/s  Total:   97.55 GB
[   51.1s] IOs:     25672393  IOPS:   502029  Throughput:  1961.1 MB/s  Total:   97.93 GB
[   51.3s] IOs:     25773273  IOPS:   502121  Throughput:  1961.4 MB/s  Total:   98.32 GB
[   51.5s] IOs:     25874270  IOPS:   502168  Throughput:  1961.6 MB/s  Total:   98.70 GB
[   51.7s] IOs:     25975268  IOPS:   502260  Throughput:  1962.0 MB/s  Total:   99.09 GB
[   51.9s] IOs:     26076240  IOPS:   502271  Throughput:  1962.0 MB/s  Total:   99.47 GB
[   52.1s] IOs:     26177192  IOPS:   502433  Throughput:  1962.6 MB/s  Total:   99.86 GB
[   52.3s] IOs:     26277924  IOPS:   502618  Throughput:  1963.4 MB/s  Total:  100.24 GB
[   52.5s] IOs:     26378791  IOPS:   502622  Throughput:  1963.4 MB/s  Total:  100.63 GB
[   52.7s] IOs:     26479829  IOPS:   502672  Throughput:  1963.6 MB/s  Total:  101.01 GB
[   52.9s] IOs:     26580639  IOPS:   502728  Throughput:  1963.8 MB/s  Total:  101.40 GB
[   53.1s] IOs:     26681395  IOPS:   502850  Throughput:  1964.3 MB/s  Total:  101.78 GB
[   53.3s] IOs:     26781973  IOPS:   502837  Throughput:  1964.2 MB/s  Total:  102.17 GB
[   53.4s] IOs:     26882791  IOPS:   502996  Throughput:  1964.8 MB/s  Total:  102.55 GB
[   53.6s] IOs:     26982876  IOPS:   503133  Throughput:  1965.4 MB/s  Total:  102.93 GB
[   53.8s] IOs:     27083586  IOPS:   503240  Throughput:  1965.8 MB/s  Total:  103.32 GB
[   54.0s] IOs:     27184309  IOPS:   503179  Throughput:  1965.5 MB/s  Total:  103.70 GB
[   54.2s] IOs:     27285087  IOPS:   503269  Throughput:  1965.9 MB/s  Total:  104.08 GB
[   54.4s] IOs:     27386039  IOPS:   503342  Throughput:  1966.2 MB/s  Total:  104.47 GB
[   54.6s] IOs:     27486925  IOPS:   503448  Throughput:  1966.6 MB/s  Total:  104.85 GB
[   54.8s] IOs:     27587654  IOPS:   503547  Throughput:  1967.0 MB/s  Total:  105.24 GB
[   55.0s] IOs:     27688448  IOPS:   503552  Throughput:  1967.0 MB/s  Total:  105.62 GB
[   55.2s] IOs:     27789161  IOPS:   503536  Throughput:  1966.9 MB/s  Total:  106.01 GB
[   55.4s] IOs:     27889978  IOPS:   503722  Throughput:  1967.7 MB/s  Total:  106.39 GB
[   55.6s] IOs:     27991023  IOPS:   503797  Throughput:  1968.0 MB/s  Total:  106.78 GB
[   55.7s] IOs:     28091992  IOPS:   503914  Throughput:  1968.4 MB/s  Total:  107.16 GB
[   55.9s] IOs:     28192867  IOPS:   504013  Throughput:  1968.8 MB/s  Total:  107.55 GB
[   56.1s] IOs:     28293635  IOPS:   504109  Throughput:  1969.2 MB/s  Total:  107.93 GB
[   56.4s] IOs:     28394607  IOPS:   503897  Throughput:  1968.3 MB/s  Total:  108.32 GB
[   56.5s] IOs:     28494834  IOPS:   503902  Throughput:  1968.4 MB/s  Total:  108.70 GB
[   56.7s] IOs:     28595535  IOPS:   504070  Throughput:  1969.0 MB/s  Total:  109.08 GB
[   56.9s] IOs:     28696395  IOPS:   504204  Throughput:  1969.5 MB/s  Total:  109.47 GB
[   57.1s] IOs:     28797353  IOPS:   504163  Throughput:  1969.4 MB/s  Total:  109.85 GB
[   57.3s] IOs:     28898270  IOPS:   504255  Throughput:  1969.7 MB/s  Total:  110.24 GB
[   57.5s] IOs:     28998317  IOPS:   504265  Throughput:  1969.8 MB/s  Total:  110.62 GB
[   57.7s] IOs:     29099074  IOPS:   504318  Throughput:  1970.0 MB/s  Total:  111.00 GB
[   57.9s] IOs:     29199780  IOPS:   504382  Throughput:  1970.2 MB/s  Total:  111.39 GB
[   58.1s] IOs:     29300596  IOPS:   504425  Throughput:  1970.4 MB/s  Total:  111.77 GB
[   58.3s] IOs:     29400709  IOPS:   504421  Throughput:  1970.4 MB/s  Total:  112.15 GB
[   58.5s] IOs:     29501552  IOPS:   504549  Throughput:  1970.9 MB/s  Total:  112.54 GB
[   58.7s] IOs:     29602497  IOPS:   504696  Throughput:  1971.5 MB/s  Total:  112.92 GB
[   58.8s] IOs:     29702611  IOPS:   504726  Throughput:  1971.6 MB/s  Total:  113.31 GB
[   59.0s] IOs:     29803082  IOPS:   504821  Throughput:  1972.0 MB/s  Total:  113.69 GB
[   59.2s] IOs:     29904016  IOPS:   504819  Throughput:  1971.9 MB/s  Total:  114.07 GB
[   59.4s] IOs:     30005018  IOPS:   504911  Throughput:  1972.3 MB/s  Total:  114.46 GB
[   59.6s] IOs:     30106037  IOPS:   505044  Throughput:  1972.8 MB/s  Total:  114.85 GB
[   59.8s] IOs:     30206943  IOPS:   505103  Throughput:  1973.1 MB/s  Total:  115.23 GB
[   60.0s] IOs:     30307423  IOPS:   505272  Throughput:  1973.7 MB/s  Total:  115.61 GB
[   60.2s] IOs:     30408245  IOPS:   505344  Throughput:  1974.0 MB/s  Total:  116.00 GB
[   60.4s] IOs:     30509169  IOPS:   505247  Throughput:  1973.6 MB/s  Total:  116.38 GB
[   60.6s] IOs:     30610089  IOPS:   505279  Throughput:  1973.7 MB/s  Total:  116.77 GB
[   60.8s] IOs:     30711138  IOPS:   505403  Throughput:  1974.2 MB/s  Total:  117.15 GB
[   60.9s] IOs:     30811184  IOPS:   505525  Throughput:  1974.7 MB/s  Total:  117.54 GB
[   61.1s] IOs:     30912060  IOPS:   505661  Throughput:  1975.2 MB/s  Total:  117.92 GB
[   61.3s] IOs:     31012735  IOPS:   505565  Throughput:  1974.9 MB/s  Total:  118.30 GB
[   61.5s] IOs:     31113657  IOPS:   505616  Throughput:  1975.1 MB/s  Total:  118.69 GB
[   61.7s] IOs:     31214676  IOPS:   505738  Throughput:  1975.5 MB/s  Total:  119.07 GB
[   61.9s] IOs:     31315553  IOPS:   505773  Throughput:  1975.7 MB/s  Total:  119.46 GB
[   62.1s] IOs:     31416461  IOPS:   505889  Throughput:  1976.1 MB/s  Total:  119.84 GB
[Reader] Parsed 4000000 lines, distributed 31458108 writes, unique 63.07 GB, skipped 0
[   62.3s] IOs:     31517270  IOPS:   505881  Throughput:  1976.1 MB/s  Total:  120.23 GB
[   62.5s] IOs:     31617983  IOPS:   505816  Throughput:  1975.8 MB/s  Total:  120.61 GB
[   62.7s] IOs:     31718905  IOPS:   505854  Throughput:  1976.0 MB/s  Total:  121.00 GB
[   62.9s] IOs:     31819933  IOPS:   505879  Throughput:  1976.1 MB/s  Total:  121.38 GB
[   63.1s] IOs:     31920911  IOPS:   505834  Throughput:  1975.9 MB/s  Total:  121.77 GB
[   63.3s] IOs:     32021865  IOPS:   505682  Throughput:  1975.3 MB/s  Total:  122.15 GB
[   63.5s] IOs:     32122765  IOPS:   505624  Throughput:  1975.1 MB/s  Total:  122.54 GB
[   63.7s] IOs:     32223725  IOPS:   505702  Throughput:  1975.4 MB/s  Total:  122.92 GB
[   63.9s] IOs:     32324536  IOPS:   505783  Throughput:  1975.7 MB/s  Total:  123.31 GB
[   64.1s] IOs:     32424851  IOPS:   505622  Throughput:  1975.1 MB/s  Total:  123.69 GB
[   64.4s] IOs:     32525615  IOPS:   505238  Throughput:  1973.6 MB/s  Total:  124.08 GB
[   64.6s] IOs:     32626566  IOPS:   505239  Throughput:  1973.6 MB/s  Total:  124.46 GB
[   64.8s] IOs:     32727450  IOPS:   505318  Throughput:  1973.9 MB/s  Total:  124.85 GB
[   65.0s] IOs:     32828454  IOPS:   505185  Throughput:  1973.4 MB/s  Total:  125.23 GB
[   65.2s] IOs:     32928494  IOPS:   505014  Throughput:  1972.7 MB/s  Total:  125.61 GB
[   65.4s] IOs:     33029161  IOPS:   504996  Throughput:  1972.6 MB/s  Total:  126.00 GB
[   65.6s] IOs:     33130019  IOPS:   505053  Throughput:  1972.9 MB/s  Total:  126.38 GB
[   65.8s] IOs:     33230878  IOPS:   505073  Throughput:  1972.9 MB/s  Total:  126.77 GB
[   66.0s] IOs:     33331509  IOPS:   505115  Throughput:  1973.1 MB/s  Total:  127.15 GB
[   66.2s] IOs:     33432185  IOPS:   505123  Throughput:  1973.1 MB/s  Total:  127.53 GB
[   66.4s] IOs:     33532873  IOPS:   505033  Throughput:  1972.8 MB/s  Total:  127.92 GB
[   66.6s] IOs:     33633833  IOPS:   504928  Throughput:  1972.4 MB/s  Total:  128.30 GB
[   66.8s] IOs:     33734664  IOPS:   504890  Throughput:  1972.2 MB/s  Total:  128.69 GB
[   67.0s] IOs:     33835462  IOPS:   504654  Throughput:  1971.3 MB/s  Total:  129.07 GB
[   67.3s] IOs:     33936292  IOPS:   504584  Throughput:  1971.0 MB/s  Total:  129.46 GB
[   67.5s] IOs:     34037029  IOPS:   504522  Throughput:  1970.8 MB/s  Total:  129.84 GB
[   67.7s] IOs:     34137877  IOPS:   504269  Throughput:  1969.8 MB/s  Total:  130.23 GB
[   67.9s] IOs:     34237984  IOPS:   504116  Throughput:  1969.2 MB/s  Total:  130.61 GB
[   68.2s] IOs:     34338961  IOPS:   503829  Throughput:  1968.1 MB/s  Total:  130.99 GB
[   68.4s] IOs:     34439886  IOPS:   503757  Throughput:  1967.8 MB/s  Total:  131.38 GB
[   68.6s] IOs:     34540789  IOPS:   503858  Throughput:  1968.2 MB/s  Total:  131.76 GB
[   68.8s] IOs:     34641791  IOPS:   503757  Throughput:  1967.8 MB/s  Total:  132.15 GB
[   69.0s] IOs:     34742666  IOPS:   503770  Throughput:  1967.9 MB/s  Total:  132.53 GB
[   69.2s] IOs:     34843477  IOPS:   503851  Throughput:  1968.2 MB/s  Total:  132.92 GB
[   69.4s] IOs:     34944293  IOPS:   503605  Throughput:  1967.2 MB/s  Total:  133.30 GB
[   69.6s] IOs:     35045115  IOPS:   503564  Throughput:  1967.0 MB/s  Total:  133.69 GB
[   69.8s] IOs:     35145135  IOPS:   503685  Throughput:  1967.5 MB/s  Total:  134.07 GB
[   70.0s] IOs:     35245152  IOPS:   503776  Throughput:  1967.9 MB/s  Total:  134.45 GB
[   70.2s] IOs:     35345942  IOPS:   503848  Throughput:  1968.2 MB/s  Total:  134.83 GB
[   70.4s] IOs:     35446801  IOPS:   503846  Throughput:  1968.1 MB/s  Total:  135.22 GB
[   70.5s] IOs:     35547698  IOPS:   503949  Throughput:  1968.6 MB/s  Total:  135.60 GB
[   70.7s] IOs:     35648467  IOPS:   503967  Throughput:  1968.6 MB/s  Total:  135.99 GB
[   70.9s] IOs:     35748505  IOPS:   504026  Throughput:  1968.8 MB/s  Total:  136.37 GB
[   71.1s] IOs:     35848616  IOPS:   504175  Throughput:  1969.4 MB/s  Total:  136.75 GB
[   71.3s] IOs:     35949353  IOPS:   504251  Throughput:  1969.7 MB/s  Total:  137.14 GB
[   71.5s] IOs:     36050151  IOPS:   504301  Throughput:  1969.9 MB/s  Total:  137.52 GB
[   71.7s] IOs:     36150835  IOPS:   504373  Throughput:  1970.2 MB/s  Total:  137.90 GB
[   71.9s] IOs:     36251826  IOPS:   504295  Throughput:  1969.9 MB/s  Total:  138.29 GB
[   72.1s] IOs:     36351921  IOPS:   504346  Throughput:  1970.1 MB/s  Total:  138.67 GB
[   72.3s] IOs:     36452096  IOPS:   504466  Throughput:  1970.6 MB/s  Total:  139.05 GB
[   72.5s] IOs:     36553103  IOPS:   504507  Throughput:  1970.7 MB/s  Total:  139.44 GB
[   72.6s] IOs:     36653747  IOPS:   504605  Throughput:  1971.1 MB/s  Total:  139.82 GB
[   72.8s] IOs:     36754503  IOPS:   504727  Throughput:  1971.6 MB/s  Total:  140.21 GB
[   73.0s] IOs:     36855297  IOPS:   504684  Throughput:  1971.4 MB/s  Total:  140.59 GB
[   73.2s] IOs:     36956249  IOPS:   504773  Throughput:  1971.8 MB/s  Total:  140.98 GB
[   73.4s] IOs:     37056971  IOPS:   504823  Throughput:  1972.0 MB/s  Total:  141.36 GB
[   73.6s] IOs:     37157719  IOPS:   504746  Throughput:  1971.7 MB/s  Total:  141.75 GB
[   73.8s] IOs:     37258327  IOPS:   504731  Throughput:  1971.6 MB/s  Total:  142.13 GB
[   74.0s] IOs:     37359110  IOPS:   504809  Throughput:  1971.9 MB/s  Total:  142.51 GB
[   74.2s] IOs:     37459889  IOPS:   504865  Throughput:  1972.1 MB/s  Total:  142.90 GB
[   74.4s] IOs:     37560674  IOPS:   504825  Throughput:  1972.0 MB/s  Total:  143.28 GB
[   74.6s] IOs:     37661495  IOPS:   504889  Throughput:  1972.2 MB/s  Total:  143.67 GB
[   74.8s] IOs:     37762509  IOPS:   504908  Throughput:  1972.3 MB/s  Total:  144.05 GB
[   75.0s] IOs:     37863426  IOPS:   504993  Throughput:  1972.6 MB/s  Total:  144.44 GB
[   75.2s] IOs:     37964298  IOPS:   505088  Throughput:  1973.0 MB/s  Total:  144.82 GB
[   75.4s] IOs:     38065056  IOPS:   505063  Throughput:  1972.9 MB/s  Total:  145.21 GB
[   75.6s] IOs:     38165496  IOPS:   505100  Throughput:  1973.0 MB/s  Total:  145.59 GB
[   75.8s] IOs:     38266331  IOPS:   505144  Throughput:  1973.2 MB/s  Total:  145.97 GB
[   75.9s] IOs:     38367291  IOPS:   505238  Throughput:  1973.6 MB/s  Total:  146.36 GB
[   76.1s] IOs:     38468121  IOPS:   505341  Throughput:  1974.0 MB/s  Total:  146.74 GB
[   76.3s] IOs:     38568985  IOPS:   505420  Throughput:  1974.3 MB/s  Total:  147.13 GB
[   76.5s] IOs:     38669655  IOPS:   505473  Throughput:  1974.5 MB/s  Total:  147.51 GB
[   76.7s] IOs:     38770530  IOPS:   505569  Throughput:  1974.9 MB/s  Total:  147.90 GB
[   76.9s] IOs:     38870593  IOPS:   505626  Throughput:  1975.1 MB/s  Total:  148.28 GB
[   77.1s] IOs:     38971457  IOPS:   505686  Throughput:  1975.3 MB/s  Total:  148.66 GB
[   77.3s] IOs:     39072178  IOPS:   505780  Throughput:  1975.7 MB/s  Total:  149.05 GB
[   77.4s] IOs:     39173047  IOPS:   505885  Throughput:  1976.1 MB/s  Total:  149.43 GB
[   77.6s] IOs:     39273576  IOPS:   505886  Throughput:  1976.1 MB/s  Total:  149.82 GB
[   77.8s] IOs:     39374457  IOPS:   505949  Throughput:  1976.4 MB/s  Total:  150.20 GB
[   78.0s] IOs:     39475282  IOPS:   505945  Throughput:  1976.3 MB/s  Total:  150.59 GB
[   78.2s] IOs:     39575352  IOPS:   505805  Throughput:  1975.8 MB/s  Total:  150.97 GB
[Reader] Parsed 5000000 lines, distributed 39636248 writes, unique 79.74 GB, skipped 0
[   78.5s] IOs:     39676126  IOPS:   505747  Throughput:  1975.6 MB/s  Total:  151.35 GB
[   78.7s] IOs:     39776639  IOPS:   505619  Throughput:  1975.1 MB/s  Total:  151.74 GB
[   78.9s] IOs:     39877265  IOPS:   505427  Throughput:  1974.3 MB/s  Total:  152.12 GB
[   79.1s] IOs:     39977842  IOPS:   505293  Throughput:  1973.8 MB/s  Total:  152.50 GB
[   79.3s] IOs:     40078751  IOPS:   505126  Throughput:  1973.1 MB/s  Total:  152.89 GB
[   79.6s] IOs:     40179512  IOPS:   504922  Throughput:  1972.4 MB/s  Total:  153.27 GB
[   79.8s] IOs:     40280397  IOPS:   504852  Throughput:  1972.1 MB/s  Total:  153.66 GB
[   80.0s] IOs:     40381060  IOPS:   504896  Throughput:  1972.3 MB/s  Total:  154.04 GB
[   80.2s] IOs:     40481891  IOPS:   504883  Throughput:  1972.2 MB/s  Total:  154.43 GB
[   80.4s] IOs:     40582880  IOPS:   504867  Throughput:  1972.1 MB/s  Total:  154.81 GB
[   80.6s] IOs:     40683428  IOPS:   504856  Throughput:  1972.1 MB/s  Total:  155.19 GB
[   80.8s] IOs:     40784222  IOPS:   504745  Throughput:  1971.7 MB/s  Total:  155.58 GB
[   81.0s] IOs:     40884975  IOPS:   504484  Throughput:  1970.6 MB/s  Total:  155.96 GB
[   81.3s] IOs:     40985766  IOPS:   504178  Throughput:  1969.4 MB/s  Total:  156.35 GB
[   81.5s] IOs:     41086558  IOPS:   504238  Throughput:  1969.7 MB/s  Total:  156.73 GB
[   81.7s] IOs:     41187356  IOPS:   504244  Throughput:  1969.7 MB/s  Total:  157.12 GB
[   81.9s] IOs:     41288094  IOPS:   504208  Throughput:  1969.6 MB/s  Total:  157.50 GB
[   82.1s] IOs:     41389044  IOPS:   504309  Throughput:  1970.0 MB/s  Total:  157.89 GB
[   82.3s] IOs:     41489865  IOPS:   504347  Throughput:  1970.1 MB/s  Total:  158.27 GB
[   82.5s] IOs:     41590019  IOPS:   504355  Throughput:  1970.1 MB/s  Total:  158.65 GB
[   82.7s] IOs:     41690842  IOPS:   504322  Throughput:  1970.0 MB/s  Total:  159.04 GB
[   82.9s] IOs:     41791850  IOPS:   504332  Throughput:  1970.0 MB/s  Total:  159.42 GB
[   83.1s] IOs:     41892676  IOPS:   504261  Throughput:  1969.8 MB/s  Total:  159.81 GB
[   83.3s] IOs:     41993643  IOPS:   504085  Throughput:  1969.1 MB/s  Total:  160.19 GB
[   83.5s] IOs:     42094472  IOPS:   504125  Throughput:  1969.2 MB/s  Total:  160.58 GB
[   83.7s] IOs:     42195398  IOPS:   504126  Throughput:  1969.2 MB/s  Total:  160.96 GB
[   83.9s] IOs:     42296233  IOPS:   504063  Throughput:  1969.0 MB/s  Total:  161.35 GB
[   84.1s] IOs:     42396879  IOPS:   504057  Throughput:  1969.0 MB/s  Total:  161.73 GB
[   84.4s] IOs:     42497494  IOPS:   503659  Throughput:  1967.4 MB/s  Total:  162.12 GB
[   84.6s] IOs:     42598526  IOPS:   503729  Throughput:  1967.7 MB/s  Total:  162.50 GB
[   84.8s] IOs:     42698530  IOPS:   503731  Throughput:  1967.7 MB/s  Total:  162.88 GB
[   85.0s] IOs:     42799491  IOPS:   503626  Throughput:  1967.3 MB/s  Total:  163.27 GB
[   85.2s] IOs:     42900396  IOPS:   503512  Throughput:  1966.8 MB/s  Total:  163.65 GB
[   85.4s] IOs:     43001314  IOPS:   503540  Throughput:  1967.0 MB/s  Total:  164.04 GB
[   85.6s] IOs:     43102359  IOPS:   503498  Throughput:  1966.8 MB/s  Total:  164.42 GB
[   85.8s] IOs:     43203357  IOPS:   503567  Throughput:  1967.1 MB/s  Total:  164.81 GB
[   86.0s] IOs:     43304162  IOPS:   503645  Throughput:  1967.4 MB/s  Total:  165.19 GB
[   86.2s] IOs:     43404633  IOPS:   503719  Throughput:  1967.7 MB/s  Total:  165.58 GB
[   86.4s] IOs:     43505354  IOPS:   503716  Throughput:  1967.6 MB/s  Total:  165.96 GB
[   86.6s] IOs:     43606321  IOPS:   503781  Throughput:  1967.9 MB/s  Total:  166.34 GB
[   86.7s] IOs:     43706408  IOPS:   503887  Throughput:  1968.3 MB/s  Total:  166.73 GB
[   86.9s] IOs:     43807365  IOPS:   503920  Throughput:  1968.4 MB/s  Total:  167.11 GB
[   87.1s] IOs:     43907380  IOPS:   503940  Throughput:  1968.5 MB/s  Total:  167.49 GB
[   87.3s] IOs:     44008227  IOPS:   503990  Throughput:  1968.7 MB/s  Total:  167.88 GB
[   87.5s] IOs:     44108936  IOPS:   504034  Throughput:  1968.9 MB/s  Total:  168.26 GB
[   87.7s] IOs:     44209599  IOPS:   504087  Throughput:  1969.1 MB/s  Total:  168.65 GB
[   87.9s] IOs:     44309658  IOPS:   504143  Throughput:  1969.3 MB/s  Total:  169.03 GB
[   88.1s] IOs:     44410488  IOPS:   504163  Throughput:  1969.4 MB/s  Total:  169.41 GB
[   88.3s] IOs:     44511224  IOPS:   504221  Throughput:  1969.6 MB/s  Total:  169.80 GB
[   88.5s] IOs:     44611959  IOPS:   504247  Throughput:  1969.7 MB/s  Total:  170.18 GB
[   88.7s] IOs:     44711976  IOPS:   504330  Throughput:  1970.0 MB/s  Total:  170.56 GB
[   88.8s] IOs:     44812887  IOPS:   504381  Throughput:  1970.2 MB/s  Total:  170.95 GB
[   89.0s] IOs:     44913322  IOPS:   504433  Throughput:  1970.4 MB/s  Total:  171.33 GB
[   89.2s] IOs:     45014089  IOPS:   504500  Throughput:  1970.7 MB/s  Total:  171.72 GB
[   89.4s] IOs:     45114938  IOPS:   504567  Throughput:  1971.0 MB/s  Total:  172.10 GB
[   89.6s] IOs:     45215005  IOPS:   504667  Throughput:  1971.4 MB/s  Total:  172.48 GB
[   89.8s] IOs:     45315120  IOPS:   504733  Throughput:  1971.6 MB/s  Total:  172.86 GB
[   90.0s] IOs:     45415975  IOPS:   504817  Throughput:  1971.9 MB/s  Total:  173.25 GB
[   90.2s] IOs:     45516494  IOPS:   504815  Throughput:  1971.9 MB/s  Total:  173.63 GB
[   90.4s] IOs:     45617243  IOPS:   504867  Throughput:  1972.1 MB/s  Total:  174.02 GB
[   90.6s] IOs:     45718069  IOPS:   504766  Throughput:  1971.7 MB/s  Total:  174.40 GB
[   90.8s] IOs:     45818902  IOPS:   504788  Throughput:  1971.8 MB/s  Total:  174.79 GB
[   91.0s] IOs:     45919727  IOPS:   504679  Throughput:  1971.4 MB/s  Total:  175.17 GB
[   91.2s] IOs:     46020630  IOPS:   504633  Throughput:  1971.2 MB/s  Total:  175.55 GB
[   91.4s] IOs:     46121356  IOPS:   504705  Throughput:  1971.5 MB/s  Total:  175.94 GB
[   91.6s] IOs:     46222380  IOPS:   504791  Throughput:  1971.8 MB/s  Total:  176.32 GB
[   91.8s] IOs:     46323391  IOPS:   504815  Throughput:  1971.9 MB/s  Total:  176.71 GB
[   91.9s] IOs:     46424171  IOPS:   504886  Throughput:  1972.2 MB/s  Total:  177.09 GB
[   92.1s] IOs:     46524716  IOPS:   504939  Throughput:  1972.4 MB/s  Total:  177.48 GB
[   92.3s] IOs:     46625479  IOPS:   504982  Throughput:  1972.6 MB/s  Total:  177.86 GB
[   92.5s] IOs:     46726403  IOPS:   505060  Throughput:  1972.9 MB/s  Total:  178.25 GB
[   92.7s] IOs:     46826632  IOPS:   505142  Throughput:  1973.2 MB/s  Total:  178.63 GB
[   92.9s] IOs:     46927570  IOPS:   505221  Throughput:  1973.5 MB/s  Total:  179.01 GB
[   93.1s] IOs:     47027572  IOPS:   505312  Throughput:  1973.9 MB/s  Total:  179.40 GB
[   93.3s] IOs:     47128279  IOPS:   505382  Throughput:  1974.1 MB/s  Total:  179.78 GB
[   93.4s] IOs:     47228369  IOPS:   505407  Throughput:  1974.2 MB/s  Total:  180.16 GB
[   95.5s] IOs:     47329192  IOPS:   495558  Throughput:  1935.8 MB/s  Total:  180.55 GB
[   95.8s] IOs:     47430095  IOPS:   494992  Throughput:  1933.6 MB/s  Total:  180.93 GB
[   96.0s] IOs:     47531102  IOPS:   495059  Throughput:  1933.8 MB/s  Total:  181.32 GB
[   96.2s] IOs:     47631880  IOPS:   495138  Throughput:  1934.1 MB/s  Total:  181.70 GB
[Reader] Parsed 6000000 lines, distributed 47666999 writes, unique 94.22 GB, skipped 0
[   96.4s] IOs:     47732411  IOPS:   495204  Throughput:  1934.4 MB/s  Total:  182.08 GB
[   96.6s] IOs:     47832418  IOPS:   495164  Throughput:  1934.2 MB/s  Total:  182.47 GB
[   96.8s] IOs:     47932637  IOPS:   495203  Throughput:  1934.4 MB/s  Total:  182.85 GB
[   97.0s] IOs:     48033440  IOPS:   495284  Throughput:  1934.7 MB/s  Total:  183.23 GB
[   97.2s] IOs:     48134142  IOPS:   495387  Throughput:  1935.1 MB/s  Total:  183.62 GB
[   97.4s] IOs:     48234142  IOPS:   495459  Throughput:  1935.4 MB/s  Total:  184.00 GB
[   97.5s] IOs:     48334810  IOPS:   495538  Throughput:  1935.7 MB/s  Total:  184.38 GB
[   97.7s] IOs:     48434905  IOPS:   495657  Throughput:  1936.2 MB/s  Total:  184.76 GB
[   97.9s] IOs:     48535180  IOPS:   495697  Throughput:  1936.3 MB/s  Total:  185.15 GB
[   98.1s] IOs:     48636052  IOPS:   495688  Throughput:  1936.3 MB/s  Total:  185.53 GB
[   98.3s] IOs:     48736799  IOPS:   495804  Throughput:  1936.7 MB/s  Total:  185.92 GB
[   98.5s] IOs:     48837791  IOPS:   495849  Throughput:  1936.9 MB/s  Total:  186.30 GB
[   98.7s] IOs:     48938449  IOPS:   495832  Throughput:  1936.8 MB/s  Total:  186.69 GB
[   98.9s] IOs:     49039436  IOPS:   495941  Throughput:  1937.3 MB/s  Total:  187.07 GB
[   99.1s] IOs:     49140251  IOPS:   496025  Throughput:  1937.6 MB/s  Total:  187.46 GB
[   99.3s] IOs:     49241293  IOPS:   496107  Throughput:  1937.9 MB/s  Total:  187.84 GB
[   99.5s] IOs:     49342141  IOPS:   496047  Throughput:  1937.7 MB/s  Total:  188.23 GB
[   99.7s] IOs:     49443111  IOPS:   496112  Throughput:  1937.9 MB/s  Total:  188.61 GB
[   99.8s] IOs:     49544025  IOPS:   496186  Throughput:  1938.2 MB/s  Total:  189.00 GB
[  100.0s] IOs:     49644656  IOPS:   496278  Throughput:  1938.6 MB/s  Total:  189.38 GB
[  100.2s] IOs:     49745338  IOPS:   496343  Throughput:  1938.8 MB/s  Total:  189.76 GB
[  100.4s] IOs:     49846197  IOPS:   496434  Throughput:  1939.2 MB/s  Total:  190.15 GB
[  100.6s] IOs:     49946983  IOPS:   496525  Throughput:  1939.6 MB/s  Total:  190.53 GB
[  100.8s] IOs:     50048019  IOPS:   496632  Throughput:  1940.0 MB/s  Total:  190.92 GB
[  101.0s] IOs:     50148783  IOPS:   496645  Throughput:  1940.0 MB/s  Total:  191.30 GB
[  101.2s] IOs:     50249656  IOPS:   496723  Throughput:  1940.3 MB/s  Total:  191.69 GB
[  101.4s] IOs:     50350469  IOPS:   496726  Throughput:  1940.3 MB/s  Total:  192.07 GB
[  101.6s] IOs:     50450604  IOPS:   496761  Throughput:  1940.5 MB/s  Total:  192.45 GB
[  101.8s] IOs:     50551574  IOPS:   496666  Throughput:  1940.1 MB/s  Total:  192.84 GB
[  102.0s] IOs:     50652322  IOPS:   496732  Throughput:  1940.4 MB/s  Total:  193.22 GB
[  102.2s] IOs:     50753144  IOPS:   496802  Throughput:  1940.6 MB/s  Total:  193.61 GB
[  102.4s] IOs:     50853692  IOPS:   496849  Throughput:  1940.8 MB/s  Total:  193.99 GB
[  102.5s] IOs:     50954605  IOPS:   496941  Throughput:  1941.2 MB/s  Total:  194.38 GB
[  102.7s] IOs:     51055571  IOPS:   497044  Throughput:  1941.6 MB/s  Total:  194.76 GB
[  102.9s] IOs:     51156332  IOPS:   497068  Throughput:  1941.7 MB/s  Total:  195.15 GB
[  103.1s] IOs:     51257335  IOPS:   497130  Throughput:  1941.9 MB/s  Total:  195.53 GB
[  103.3s] IOs:     51358266  IOPS:   497179  Throughput:  1942.1 MB/s  Total:  195.92 GB
[  103.5s] IOs:     51458310  IOPS:   497233  Throughput:  1942.3 MB/s  Total:  196.30 GB
[  103.7s] IOs:     51558475  IOPS:   497313  Throughput:  1942.6 MB/s  Total:  196.68 GB
[  103.9s] IOs:     51659496  IOPS:   497348  Throughput:  1942.8 MB/s  Total:  197.07 GB
[  104.1s] IOs:     51760178  IOPS:   497437  Throughput:  1943.1 MB/s  Total:  197.45 GB
[  104.2s] IOs:     51860969  IOPS:   497528  Throughput:  1943.5 MB/s  Total:  197.83 GB
[  104.5s] IOs:     51961770  IOPS:   497460  Throughput:  1943.2 MB/s  Total:  198.22 GB
[  104.6s] IOs:     52062636  IOPS:   497506  Throughput:  1943.4 MB/s  Total:  198.60 GB
[  104.8s] IOs:     52162664  IOPS:   497602  Throughput:  1943.8 MB/s  Total:  198.98 GB
[  105.0s] IOs:     52263575  IOPS:   497646  Throughput:  1943.9 MB/s  Total:  199.37 GB
[  105.2s] IOs:     52363636  IOPS:   497744  Throughput:  1944.3 MB/s  Total:  199.75 GB
[  105.4s] IOs:     52464351  IOPS:   497773  Throughput:  1944.4 MB/s  Total:  200.14 GB
[  105.6s] IOs:     52565299  IOPS:   497854  Throughput:  1944.7 MB/s  Total:  200.52 GB
[  105.8s] IOs:     52665962  IOPS:   497894  Throughput:  1944.9 MB/s  Total:  200.90 GB
[  106.0s] IOs:     52766656  IOPS:   497871  Throughput:  1944.8 MB/s  Total:  201.29 GB
[  106.2s] IOs:     52867216  IOPS:   497976  Throughput:  1945.2 MB/s  Total:  201.67 GB
[  106.4s] IOs:     52967903  IOPS:   498030  Throughput:  1945.4 MB/s  Total:  202.06 GB
[  106.5s] IOs:     53067918  IOPS:   498113  Throughput:  1945.8 MB/s  Total:  202.44 GB
[  106.7s] IOs:     53167971  IOPS:   498201  Throughput:  1946.1 MB/s  Total:  202.82 GB
[  107.0s] IOs:     53268770  IOPS:   498006  Throughput:  1945.3 MB/s  Total:  203.20 GB
[  107.2s] IOs:     53369550  IOPS:   497987  Throughput:  1945.3 MB/s  Total:  203.59 GB
[  107.4s] IOs:     53470426  IOPS:   497980  Throughput:  1945.2 MB/s  Total:  203.97 GB
[  107.6s] IOs:     53571299  IOPS:   498000  Throughput:  1945.3 MB/s  Total:  204.36 GB
[  107.8s] IOs:     53672254  IOPS:   498049  Throughput:  1945.5 MB/s  Total:  204.74 GB
[  107.9s] IOs:     53773155  IOPS:   498133  Throughput:  1945.8 MB/s  Total:  205.13 GB
[  108.1s] IOs:     53873907  IOPS:   498145  Throughput:  1945.9 MB/s  Total:  205.51 GB
[  108.3s] IOs:     53974851  IOPS:   498221  Throughput:  1946.2 MB/s  Total:  205.90 GB
[  108.5s] IOs:     54075792  IOPS:   498301  Throughput:  1946.5 MB/s  Total:  206.28 GB
[  108.7s] IOs:     54176553  IOPS:   498371  Throughput:  1946.8 MB/s  Total:  206.67 GB
[  108.9s] IOs:     54277504  IOPS:   498367  Throughput:  1946.7 MB/s  Total:  207.05 GB
[  109.1s] IOs:     54378233  IOPS:   498407  Throughput:  1946.9 MB/s  Total:  207.44 GB
[  109.3s] IOs:     54479185  IOPS:   498486  Throughput:  1947.2 MB/s  Total:  207.82 GB
[  109.5s] IOs:     54580003  IOPS:   498530  Throughput:  1947.4 MB/s  Total:  208.21 GB
[  109.7s] IOs:     54680809  IOPS:   498606  Throughput:  1947.7 MB/s  Total:  208.59 GB
[  109.9s] IOs:     54780878  IOPS:   498662  Throughput:  1947.9 MB/s  Total:  208.97 GB
[  110.0s] IOs:     54881482  IOPS:   498741  Throughput:  1948.2 MB/s  Total:  209.36 GB
[  110.2s] IOs:     54982335  IOPS:   498824  Throughput:  1948.5 MB/s  Total:  209.74 GB
[  110.4s] IOs:     55083036  IOPS:   498846  Throughput:  1948.6 MB/s  Total:  210.13 GB
[  110.6s] IOs:     55183074  IOPS:   498866  Throughput:  1948.7 MB/s  Total:  210.51 GB
[  110.8s] IOs:     55283947  IOPS:   498954  Throughput:  1949.0 MB/s  Total:  210.89 GB
[  111.0s] IOs:     55384905  IOPS:   498951  Throughput:  1949.0 MB/s  Total:  211.28 GB
[  111.2s] IOs:     55485748  IOPS:   498925  Throughput:  1948.9 MB/s  Total:  211.66 GB
[  111.4s] IOs:     55586619  IOPS:   498993  Throughput:  1949.2 MB/s  Total:  212.05 GB
[  111.6s] IOs:     55686755  IOPS:   499060  Throughput:  1949.5 MB/s  Total:  212.43 GB
[  111.8s] IOs:     55787757  IOPS:   499126  Throughput:  1949.7 MB/s  Total:  212.81 GB
[  112.0s] IOs:     55887803  IOPS:   499206  Throughput:  1950.0 MB/s  Total:  213.20 GB
[  112.1s] IOs:     55988654  IOPS:   499267  Throughput:  1950.3 MB/s  Total:  213.58 GB
[  112.3s] IOs:     56089704  IOPS:   499314  Throughput:  1950.4 MB/s  Total:  213.97 GB
[  112.5s] IOs:     56190652  IOPS:   499357  Throughput:  1950.6 MB/s  Total:  214.35 GB
[  112.7s] IOs:     56291437  IOPS:   499422  Throughput:  1950.9 MB/s  Total:  214.73 GB
[  112.9s] IOs:     56392368  IOPS:   499509  Throughput:  1951.2 MB/s  Total:  215.12 GB
[  113.1s] IOs:     56493148  IOPS:   499597  Throughput:  1951.6 MB/s  Total:  215.50 GB
[  113.3s] IOs:     56593907  IOPS:   499648  Throughput:  1951.8 MB/s  Total:  215.89 GB
[  113.5s] IOs:     56694856  IOPS:   499661  Throughput:  1951.8 MB/s  Total:  216.27 GB
[  113.7s] IOs:     56795777  IOPS:   499682  Throughput:  1951.9 MB/s  Total:  216.66 GB
[  113.8s] IOs:     56896612  IOPS:   499757  Throughput:  1952.2 MB/s  Total:  217.04 GB
[  114.0s] IOs:     56996684  IOPS:   499856  Throughput:  1952.6 MB/s  Total:  217.43 GB
[Reader] Parsed 7000000 lines, distributed 57082966 writes, unique 112.61 GB, skipped 0
[  114.2s] IOs:     57097275  IOPS:   499897  Throughput:  1952.7 MB/s  Total:  217.81 GB
[  114.4s] IOs:     57198251  IOPS:   499980  Throughput:  1953.0 MB/s  Total:  218.19 GB
[  114.6s] IOs:     57298334  IOPS:   500024  Throughput:  1953.2 MB/s  Total:  218.58 GB
[  114.8s] IOs:     57399274  IOPS:   500118  Throughput:  1953.6 MB/s  Total:  218.96 GB
[  115.0s] IOs:     57500176  IOPS:   500184  Throughput:  1953.8 MB/s  Total:  219.35 GB
[  115.1s] IOs:     57600963  IOPS:   500258  Throughput:  1954.1 MB/s  Total:  219.73 GB
[  115.3s] IOs:     57701838  IOPS:   500315  Throughput:  1954.4 MB/s  Total:  220.12 GB
[  115.5s] IOs:     57801839  IOPS:   500383  Throughput:  1954.6 MB/s  Total:  220.50 GB
[  115.7s] IOs:     57901929  IOPS:   500433  Throughput:  1954.8 MB/s  Total:  220.88 GB
[  115.9s] IOs:     58002721  IOPS:   500500  Throughput:  1955.1 MB/s  Total:  221.26 GB
[  116.1s] IOs:     58103584  IOPS:   500586  Throughput:  1955.4 MB/s  Total:  221.65 GB
[  116.3s] IOs:     58204566  IOPS:   500599  Throughput:  1955.5 MB/s  Total:  222.03 GB
[  116.4s] IOs:     58305448  IOPS:   500695  Throughput:  1955.8 MB/s  Total:  222.42 GB
[  116.6s] IOs:     58406278  IOPS:   500713  Throughput:  1955.9 MB/s  Total:  222.80 GB
[  116.8s] IOs:     58506295  IOPS:   500736  Throughput:  1956.0 MB/s  Total:  223.18 GB
[  117.0s] IOs:     58607071  IOPS:   500808  Throughput:  1956.3 MB/s  Total:  223.57 GB
[  117.2s] IOs:     58707886  IOPS:   500823  Throughput:  1956.3 MB/s  Total:  223.95 GB
[  117.4s] IOs:     58807918  IOPS:   500904  Throughput:  1956.7 MB/s  Total:  224.33 GB
[  117.6s] IOs:     58907996  IOPS:   500932  Throughput:  1956.8 MB/s  Total:  224.72 GB
[  117.8s] IOs:     59008729  IOPS:   500976  Throughput:  1956.9 MB/s  Total:  225.10 GB
[  118.0s] IOs:     59109614  IOPS:   500967  Throughput:  1956.9 MB/s  Total:  225.49 GB
[  118.2s] IOs:     59210381  IOPS:   501056  Throughput:  1957.3 MB/s  Total:  225.87 GB
[  118.4s] IOs:     59310933  IOPS:   501129  Throughput:  1957.5 MB/s  Total:  226.25 GB
[  118.5s] IOs:     59410962  IOPS:   501181  Throughput:  1957.7 MB/s  Total:  226.63 GB
[  118.7s] IOs:     59511856  IOPS:   501261  Throughput:  1958.1 MB/s  Total:  227.02 GB
[  118.9s] IOs:     59612449  IOPS:   501305  Throughput:  1958.2 MB/s  Total:  227.40 GB
[  119.1s] IOs:     59713191  IOPS:   501350  Throughput:  1958.4 MB/s  Total:  227.79 GB
[  119.3s] IOs:     59814014  IOPS:   501356  Throughput:  1958.4 MB/s  Total:  228.17 GB
[  119.5s] IOs:     59914724  IOPS:   501416  Throughput:  1958.7 MB/s  Total:  228.56 GB
[  119.7s] IOs:     60015576  IOPS:   501477  Throughput:  1958.9 MB/s  Total:  228.94 GB
[  119.9s] IOs:     60116287  IOPS:   501531  Throughput:  1959.1 MB/s  Total:  229.33 GB
[  120.1s] IOs:     60216961  IOPS:   501591  Throughput:  1959.3 MB/s  Total:  229.71 GB
[  120.2s] IOs:     60317738  IOPS:   501627  Throughput:  1959.5 MB/s  Total:  230.09 GB
[  120.4s] IOs:     60418763  IOPS:   501688  Throughput:  1959.7 MB/s  Total:  230.48 GB
[  120.6s] IOs:     60519683  IOPS:   501633  Throughput:  1959.5 MB/s  Total:  230.86 GB
[  120.8s] IOs:     60619761  IOPS:   501724  Throughput:  1959.9 MB/s  Total:  231.25 GB
[  121.0s] IOs:     60720521  IOPS:   501775  Throughput:  1960.1 MB/s  Total:  231.63 GB
[  121.2s] IOs:     60821283  IOPS:   501810  Throughput:  1960.2 MB/s  Total:  232.01 GB
[  121.4s] IOs:     60922287  IOPS:   501859  Throughput:  1960.4 MB/s  Total:  232.40 GB
[  121.6s] IOs:     61023213  IOPS:   501924  Throughput:  1960.6 MB/s  Total:  232.79 GB
[  121.8s] IOs:     61123986  IOPS:   501975  Throughput:  1960.8 MB/s  Total:  233.17 GB
[  122.0s] IOs:     61224741  IOPS:   502014  Throughput:  1961.0 MB/s  Total:  233.55 GB
[  122.1s] IOs:     61325476  IOPS:   502075  Throughput:  1961.2 MB/s  Total:  233.94 GB
[  122.4s] IOs:     61425607  IOPS:   501953  Throughput:  1960.8 MB/s  Total:  234.32 GB
[  122.6s] IOs:     61525676  IOPS:   502006  Throughput:  1961.0 MB/s  Total:  234.70 GB
[  122.7s] IOs:     61626541  IOPS:   502069  Throughput:  1961.2 MB/s  Total:  235.09 GB
[  122.9s] IOs:     61727493  IOPS:   502121  Throughput:  1961.4 MB/s  Total:  235.47 GB
[  123.1s] IOs:     61828135  IOPS:   502155  Throughput:  1961.5 MB/s  Total:  235.86 GB
[  123.3s] IOs:     61928973  IOPS:   502238  Throughput:  1961.9 MB/s  Total:  236.24 GB
[  123.5s] IOs:     62029948  IOPS:   502309  Throughput:  1962.1 MB/s  Total:  236.63 GB
[  123.7s] IOs:     62130914  IOPS:   502262  Throughput:  1962.0 MB/s  Total:  237.01 GB
[  123.9s] IOs:     62231756  IOPS:   502302  Throughput:  1962.1 MB/s  Total:  237.40 GB
[  124.1s] IOs:     62332811  IOPS:   502339  Throughput:  1962.3 MB/s  Total:  237.78 GB
[  124.3s] IOs:     62433708  IOPS:   502401  Throughput:  1962.5 MB/s  Total:  238.17 GB
[  124.5s] IOs:     62534467  IOPS:   502447  Throughput:  1962.7 MB/s  Total:  238.55 GB
[  124.7s] IOs:     62634506  IOPS:   502471  Throughput:  1962.8 MB/s  Total:  238.93 GB
[  124.8s] IOs:     62735531  IOPS:   502515  Throughput:  1962.9 MB/s  Total:  239.32 GB
[  125.0s] IOs:     62836298  IOPS:   502589  Throughput:  1963.2 MB/s  Total:  239.70 GB
[  125.2s] IOs:     62937049  IOPS:   502625  Throughput:  1963.4 MB/s  Total:  240.09 GB
[  125.4s] IOs:     63037805  IOPS:   502688  Throughput:  1963.6 MB/s  Total:  240.47 GB
[  125.6s] IOs:     63138677  IOPS:   502772  Throughput:  1964.0 MB/s  Total:  240.85 GB
[  125.8s] IOs:     63239513  IOPS:   502801  Throughput:  1964.1 MB/s  Total:  241.24 GB
[  126.0s] IOs:     63340395  IOPS:   502838  Throughput:  1964.2 MB/s  Total:  241.62 GB
[  126.2s] IOs:     63440457  IOPS:   502850  Throughput:  1964.3 MB/s  Total:  242.01 GB
[  126.4s] IOs:     63541416  IOPS:   502893  Throughput:  1964.4 MB/s  Total:  242.39 GB
[  126.5s] IOs:     63641519  IOPS:   502953  Throughput:  1964.7 MB/s  Total:  242.77 GB
[  126.7s] IOs:     63742438  IOPS:   502956  Throughput:  1964.7 MB/s  Total:  243.16 GB
[  126.9s] IOs:     63843096  IOPS:   502917  Throughput:  1964.5 MB/s  Total:  243.54 GB
[  127.2s] IOs:     63944035  IOPS:   502901  Throughput:  1964.5 MB/s  Total:  243.93 GB
[  127.3s] IOs:     64045074  IOPS:   502930  Throughput:  1964.6 MB/s  Total:  244.31 GB
[  127.5s] IOs:     64145919  IOPS:   502981  Throughput:  1964.8 MB/s  Total:  244.70 GB
[  127.7s] IOs:     64246768  IOPS:   503025  Throughput:  1964.9 MB/s  Total:  245.08 GB
[  127.9s] IOs:     64347548  IOPS:   503049  Throughput:  1965.0 MB/s  Total:  245.47 GB
[  128.1s] IOs:     64448232  IOPS:   503110  Throughput:  1965.3 MB/s  Total:  245.85 GB
[Reader] Parsed 8000000 lines, distributed 64468039 writes, unique 124.43 GB, skipped 0
[  128.3s] IOs:     64548822  IOPS:   503137  Throughput:  1965.4 MB/s  Total:  246.23 GB
[  128.5s] IOs:     64648964  IOPS:   503215  Throughput:  1965.7 MB/s  Total:  246.62 GB
[  128.7s] IOs:     64749871  IOPS:   503213  Throughput:  1965.7 MB/s  Total:  247.00 GB
[  128.9s] IOs:     64850581  IOPS:   503289  Throughput:  1966.0 MB/s  Total:  247.39 GB
[  129.0s] IOs:     64951175  IOPS:   503330  Throughput:  1966.1 MB/s  Total:  247.77 GB
[  129.2s] IOs:     65051917  IOPS:   503408  Throughput:  1966.4 MB/s  Total:  248.15 GB
[  129.4s] IOs:     65152083  IOPS:   503407  Throughput:  1966.4 MB/s  Total:  248.54 GB
[  129.6s] IOs:     65252202  IOPS:   503455  Throughput:  1966.6 MB/s  Total:  248.92 GB
[  129.8s] IOs:     65353178  IOPS:   503470  Throughput:  1966.7 MB/s  Total:  249.30 GB
[  130.0s] IOs:     65453926  IOPS:   503519  Throughput:  1966.9 MB/s  Total:  249.69 GB
[  130.2s] IOs:     65554593  IOPS:   503585  Throughput:  1967.1 MB/s  Total:  250.07 GB
[  130.4s] IOs:     65654708  IOPS:   503631  Throughput:  1967.3 MB/s  Total:  250.45 GB
[  130.6s] IOs:     65755633  IOPS:   503651  Throughput:  1967.4 MB/s  Total:  250.84 GB
[  130.7s] IOs:     65856416  IOPS:   503707  Throughput:  1967.6 MB/s  Total:  251.22 GB
[  130.9s] IOs:     65957266  IOPS:   503707  Throughput:  1967.6 MB/s  Total:  251.61 GB
[  131.1s] IOs:     66057959  IOPS:   503769  Throughput:  1967.8 MB/s  Total:  251.99 GB
[  131.3s] IOs:     66157990  IOPS:   503780  Throughput:  1967.9 MB/s  Total:  252.37 GB
[  131.5s] IOs:     66259021  IOPS:   503793  Throughput:  1967.9 MB/s  Total:  252.76 GB
[  131.7s] IOs:     66359732  IOPS:   503841  Throughput:  1968.1 MB/s  Total:  253.14 GB
[  131.9s] IOs:     66460211  IOPS:   503879  Throughput:  1968.3 MB/s  Total:  253.53 GB
[  132.1s] IOs:     66560939  IOPS:   503926  Throughput:  1968.5 MB/s  Total:  253.91 GB
[  132.3s] IOs:     66661685  IOPS:   503968  Throughput:  1968.6 MB/s  Total:  254.29 GB
[  132.5s] IOs:     66762702  IOPS:   504014  Throughput:  1968.8 MB/s  Total:  254.68 GB
[  132.7s] IOs:     66863646  IOPS:   504035  Throughput:  1968.9 MB/s  Total:  255.06 GB
[  132.8s] IOs:     66964285  IOPS:   504078  Throughput:  1969.1 MB/s  Total:  255.45 GB
[  133.1s] IOs:     67065253  IOPS:   503998  Throughput:  1968.7 MB/s  Total:  255.83 GB
[  133.3s] IOs:     67166235  IOPS:   504019  Throughput:  1968.8 MB/s  Total:  256.22 GB
[  133.5s] IOs:     67267084  IOPS:   504039  Throughput:  1968.9 MB/s  Total:  256.60 GB
[  133.6s] IOs:     67367243  IOPS:   504092  Throughput:  1969.1 MB/s  Total:  256.99 GB
[  133.8s] IOs:     67467961  IOPS:   504135  Throughput:  1969.3 MB/s  Total:  257.37 GB
[  134.0s] IOs:     67568720  IOPS:   504174  Throughput:  1969.4 MB/s  Total:  257.75 GB
[  134.2s] IOs:     67669313  IOPS:   504150  Throughput:  1969.3 MB/s  Total:  258.14 GB
[  134.4s] IOs:     67769989  IOPS:   504207  Throughput:  1969.6 MB/s  Total:  258.52 GB
[  134.6s] IOs:     67871004  IOPS:   504245  Throughput:  1969.7 MB/s  Total:  258.91 GB
[  134.8s] IOs:     67971047  IOPS:   504289  Throughput:  1969.9 MB/s  Total:  259.29 GB
[  135.0s] IOs:     68071673  IOPS:   504281  Throughput:  1969.8 MB/s  Total:  259.67 GB
[  135.2s] IOs:     68172295  IOPS:   504325  Throughput:  1970.0 MB/s  Total:  260.06 GB
[  135.4s] IOs:     68273229  IOPS:   504351  Throughput:  1970.1 MB/s  Total:  260.44 GB
[  135.6s] IOs:     68374155  IOPS:   504385  Throughput:  1970.3 MB/s  Total:  260.83 GB
[  135.8s] IOs:     68474886  IOPS:   504400  Throughput:  1970.3 MB/s  Total:  261.21 GB
[  135.9s] IOs:     68575881  IOPS:   504465  Throughput:  1970.6 MB/s  Total:  261.60 GB
[  136.1s] IOs:     68676618  IOPS:   504513  Throughput:  1970.8 MB/s  Total:  261.98 GB
[  136.3s] IOs:     68777382  IOPS:   504562  Throughput:  1970.9 MB/s  Total:  262.36 GB
[  136.5s] IOs:     68878264  IOPS:   504624  Throughput:  1971.2 MB/s  Total:  262.75 GB
[  136.7s] IOs:     68979185  IOPS:   504649  Throughput:  1971.3 MB/s  Total:  263.13 GB
[  136.9s] IOs:     69079865  IOPS:   504688  Throughput:  1971.4 MB/s  Total:  263.52 GB
[  137.1s] IOs:     69180591  IOPS:   504727  Throughput:  1971.6 MB/s  Total:  263.90 GB
[  137.3s] IOs:     69281312  IOPS:   504734  Throughput:  1971.6 MB/s  Total:  264.29 GB
[  137.4s] IOs:     69381564  IOPS:   504798  Throughput:  1971.9 MB/s  Total:  264.67 GB
[  137.6s] IOs:     69482451  IOPS:   504857  Throughput:  1972.1 MB/s  Total:  265.05 GB
[  137.8s] IOs:     69583359  IOPS:   504899  Throughput:  1972.3 MB/s  Total:  265.44 GB
[  138.0s] IOs:     69683949  IOPS:   504948  Throughput:  1972.5 MB/s  Total:  265.82 GB
[  138.2s] IOs:     69784836  IOPS:   504985  Throughput:  1972.6 MB/s  Total:  266.21 GB
[  138.4s] IOs:     69885806  IOPS:   505009  Throughput:  1972.7 MB/s  Total:  266.59 GB
[  138.6s] IOs:     69986590  IOPS:   505031  Throughput:  1972.8 MB/s  Total:  266.98 GB
[  138.8s] IOs:     70087123  IOPS:   505020  Throughput:  1972.7 MB/s  Total:  267.36 GB
[  139.0s] IOs:     70187699  IOPS:   505069  Throughput:  1972.9 MB/s  Total:  267.74 GB
[  139.2s] IOs:     70288516  IOPS:   505120  Throughput:  1973.1 MB/s  Total:  268.13 GB
[  139.4s] IOs:     70388624  IOPS:   505106  Throughput:  1973.1 MB/s  Total:  268.51 GB
[  139.6s] IOs:     70488674  IOPS:   505091  Throughput:  1973.0 MB/s  Total:  268.89 GB
[  139.8s] IOs:     70589496  IOPS:   505065  Throughput:  1972.9 MB/s  Total:  269.28 GB
[  139.9s] IOs:     70690208  IOPS:   505117  Throughput:  1973.1 MB/s  Total:  269.66 GB
[Reader] Parsed 9000000 lines, distributed 70763893 writes, unique 133.26 GB, skipped 0
[  140.1s] IOs:     70791036  IOPS:   505132  Throughput:  1973.2 MB/s  Total:  270.05 GB
[  140.3s] IOs:     70891905  IOPS:   505189  Throughput:  1973.4 MB/s  Total:  270.43 GB
[  140.5s] IOs:     70992825  IOPS:   505256  Throughput:  1973.7 MB/s  Total:  270.82 GB
[  140.7s] IOs:     71093571  IOPS:   505319  Throughput:  1973.9 MB/s  Total:  271.20 GB
[  140.9s] IOs:     71194369  IOPS:   505362  Throughput:  1974.1 MB/s  Total:  271.58 GB
[  141.1s] IOs:     71295277  IOPS:   505397  Throughput:  1974.2 MB/s  Total:  271.97 GB
[  141.3s] IOs:     71396204  IOPS:   505451  Throughput:  1974.4 MB/s  Total:  272.35 GB
[  141.4s] IOs:     71497037  IOPS:   505476  Throughput:  1974.5 MB/s  Total:  272.74 GB
[  141.6s] IOs:     71598031  IOPS:   505541  Throughput:  1974.8 MB/s  Total:  273.12 GB
[  141.8s] IOs:     71698830  IOPS:   505585  Throughput:  1974.9 MB/s  Total:  273.51 GB
[  142.0s] IOs:     71799477  IOPS:   505625  Throughput:  1975.1 MB/s  Total:  273.89 GB
[  142.2s] IOs:     71899515  IOPS:   505667  Throughput:  1975.3 MB/s  Total:  274.27 GB
[  142.4s] IOs:     72000535  IOPS:   505705  Throughput:  1975.4 MB/s  Total:  274.66 GB
[  142.6s] IOs:     72101474  IOPS:   505748  Throughput:  1975.6 MB/s  Total:  275.05 GB
[  142.8s] IOs:     72202214  IOPS:   505782  Throughput:  1975.7 MB/s  Total:  275.43 GB
[  142.9s] IOs:     72302315  IOPS:   505842  Throughput:  1975.9 MB/s  Total:  275.81 GB
[  143.2s] IOs:     72403026  IOPS:   505771  Throughput:  1975.7 MB/s  Total:  276.20 GB
[  143.3s] IOs:     72503875  IOPS:   505798  Throughput:  1975.8 MB/s  Total:  276.58 GB
[  143.5s] IOs:     72603999  IOPS:   505867  Throughput:  1976.0 MB/s  Total:  276.96 GB
[  143.7s] IOs:     72704844  IOPS:   505920  Throughput:  1976.2 MB/s  Total:  277.35 GB
[  143.9s] IOs:     72805327  IOPS:   505942  Throughput:  1976.3 MB/s  Total:  277.73 GB
[  144.1s] IOs:     72906064  IOPS:   506005  Throughput:  1976.6 MB/s  Total:  278.11 GB
[  144.3s] IOs:     73006936  IOPS:   506032  Throughput:  1976.7 MB/s  Total:  278.50 GB
[  144.5s] IOs:     73107878  IOPS:   506079  Throughput:  1976.9 MB/s  Total:  278.88 GB
[  144.6s] IOs:     73208711  IOPS:   506111  Throughput:  1977.0 MB/s  Total:  279.27 GB
[  144.9s] IOs:     73309377  IOPS:   506104  Throughput:  1977.0 MB/s  Total:  279.65 GB
[  145.0s] IOs:     73410215  IOPS:   506157  Throughput:  1977.2 MB/s  Total:  280.04 GB
[  145.2s] IOs:     73510262  IOPS:   506192  Throughput:  1977.3 MB/s  Total:  280.42 GB
[  145.4s] IOs:     73611152  IOPS:   506216  Throughput:  1977.4 MB/s  Total:  280.80 GB
[  145.6s] IOs:     73711357  IOPS:   506278  Throughput:  1977.6 MB/s  Total:  281.19 GB
[  145.8s] IOs:     73812128  IOPS:   506295  Throughput:  1977.7 MB/s  Total:  281.57 GB
[  146.0s] IOs:     73912739  IOPS:   506342  Throughput:  1977.9 MB/s  Total:  281.95 GB
[  146.2s] IOs:     74013641  IOPS:   506351  Throughput:  1977.9 MB/s  Total:  282.34 GB
[  146.3s] IOs:     74113822  IOPS:   506422  Throughput:  1978.2 MB/s  Total:  282.72 GB
[  146.5s] IOs:     74214672  IOPS:   506468  Throughput:  1978.4 MB/s  Total:  283.11 GB
[  146.7s] IOs:     74315322  IOPS:   506527  Throughput:  1978.6 MB/s  Total:  283.49 GB
[  146.9s] IOs:     74416122  IOPS:   506569  Throughput:  1978.8 MB/s  Total:  283.87 GB
[  147.1s] IOs:     74516881  IOPS:   506614  Throughput:  1979.0 MB/s  Total:  284.26 GB
[  147.3s] IOs:     74617778  IOPS:   506661  Throughput:  1979.1 MB/s  Total:  284.64 GB
[  147.5s] IOs:     74718413  IOPS:   506714  Throughput:  1979.3 MB/s  Total:  285.03 GB
[  147.6s] IOs:     74818987  IOPS:   506755  Throughput:  1979.5 MB/s  Total:  285.41 GB
[  147.8s] IOs:     74919005  IOPS:   506775  Throughput:  1979.6 MB/s  Total:  285.79 GB
[  148.0s] IOs:     75019946  IOPS:   506820  Throughput:  1979.8 MB/s  Total:  286.18 GB
[  148.2s] IOs:     75120910  IOPS:   506879  Throughput:  1980.0 MB/s  Total:  286.56 GB
[  148.4s] IOs:     75221889  IOPS:   506935  Throughput:  1980.2 MB/s  Total:  286.95 GB
[  148.6s] IOs:     75321903  IOPS:   506933  Throughput:  1980.2 MB/s  Total:  287.33 GB
[  148.8s] IOs:     75422661  IOPS:   506967  Throughput:  1980.3 MB/s  Total:  287.71 GB
[  149.0s] IOs:     75523135  IOPS:   507005  Throughput:  1980.5 MB/s  Total:  288.10 GB
[  149.1s] IOs:     75623687  IOPS:   507032  Throughput:  1980.6 MB/s  Total:  288.48 GB
[  149.3s] IOs:     75724664  IOPS:   507066  Throughput:  1980.7 MB/s  Total:  288.87 GB
[  149.5s] IOs:     75825619  IOPS:   507112  Throughput:  1980.9 MB/s  Total:  289.25 GB
[  149.7s] IOs:     75926541  IOPS:   507074  Throughput:  1980.8 MB/s  Total:  289.64 GB
[  149.9s] IOs:     76026686  IOPS:   507024  Throughput:  1980.6 MB/s  Total:  290.02 GB
[  150.1s] IOs:     76126729  IOPS:   507070  Throughput:  1980.7 MB/s  Total:  290.40 GB
[  150.3s] IOs:     76226741  IOPS:   507085  Throughput:  1980.8 MB/s  Total:  290.78 GB
[  150.5s] IOs:     76327725  IOPS:   507124  Throughput:  1981.0 MB/s  Total:  291.17 GB
[  150.7s] IOs:     76428432  IOPS:   507167  Throughput:  1981.1 MB/s  Total:  291.55 GB
[Reader] Parsed 10000000 lines, distributed 76469859 writes, unique 138.68 GB, skipped 0
[  150.9s] IOs:     76529244  IOPS:   507186  Throughput:  1981.2 MB/s  Total:  291.94 GB
[  151.1s] IOs:     76629364  IOPS:   507214  Throughput:  1981.3 MB/s  Total:  292.32 GB
[  151.3s] IOs:     76729599  IOPS:   507282  Throughput:  1981.6 MB/s  Total:  292.70 GB
[  151.4s] IOs:     76830439  IOPS:   507319  Throughput:  1981.7 MB/s  Total:  293.08 GB
[  151.6s] IOs:     76931227  IOPS:   507338  Throughput:  1981.8 MB/s  Total:  293.47 GB
[  151.8s] IOs:     77032193  IOPS:   507317  Throughput:  1981.7 MB/s  Total:  293.85 GB
[  152.0s] IOs:     77132927  IOPS:   507313  Throughput:  1981.7 MB/s  Total:  294.24 GB
[  152.2s] IOs:     77233853  IOPS:   507362  Throughput:  1981.9 MB/s  Total:  294.62 GB
[  152.4s] IOs:     77333874  IOPS:   507371  Throughput:  1981.9 MB/s  Total:  295.01 GB
[  152.6s] IOs:     77434576  IOPS:   507412  Throughput:  1982.1 MB/s  Total:  295.39 GB
[  152.8s] IOs:     77535317  IOPS:   507454  Throughput:  1982.2 MB/s  Total:  295.77 GB
[  153.0s] IOs:     77636059  IOPS:   507507  Throughput:  1982.4 MB/s  Total:  296.16 GB
[  153.2s] IOs:     77736685  IOPS:   507468  Throughput:  1982.3 MB/s  Total:  296.54 GB
[  153.4s] IOs:     77837517  IOPS:   507520  Throughput:  1982.5 MB/s  Total:  296.93 GB
[  153.6s] IOs:     77937524  IOPS:   507557  Throughput:  1982.6 MB/s  Total:  297.31 GB
[  153.7s] IOs:     78038371  IOPS:   507593  Throughput:  1982.8 MB/s  Total:  297.69 GB
[  153.9s] IOs:     78139250  IOPS:   507651  Throughput:  1983.0 MB/s  Total:  298.08 GB
[  154.1s] IOs:     78240020  IOPS:   507620  Throughput:  1982.9 MB/s  Total:  298.46 GB
[  154.3s] IOs:     78340904  IOPS:   507662  Throughput:  1983.1 MB/s  Total:  298.85 GB
[  154.5s] IOs:     78441779  IOPS:   507677  Throughput:  1983.1 MB/s  Total:  299.23 GB
[  154.7s] IOs:     78542549  IOPS:   507713  Throughput:  1983.3 MB/s  Total:  299.62 GB
[  154.9s] IOs:     78643269  IOPS:   507709  Throughput:  1983.2 MB/s  Total:  300.00 GB
[  155.1s] IOs:     78744083  IOPS:   507761  Throughput:  1983.4 MB/s  Total:  300.38 GB
[  155.3s] IOs:     78845008  IOPS:   507791  Throughput:  1983.6 MB/s  Total:  300.77 GB
[  155.5s] IOs:     78945105  IOPS:   507807  Throughput:  1983.6 MB/s  Total:  301.15 GB
[  155.7s] IOs:     79045697  IOPS:   507798  Throughput:  1983.6 MB/s  Total:  301.54 GB
[  155.8s] IOs:     79146564  IOPS:   507839  Throughput:  1983.7 MB/s  Total:  301.92 GB
[  156.0s] IOs:     79247274  IOPS:   507888  Throughput:  1983.9 MB/s  Total:  302.30 GB
[  156.2s] IOs:     79348238  IOPS:   507944  Throughput:  1984.2 MB/s  Total:  302.69 GB
[  156.4s] IOs:     79449183  IOPS:   507993  Throughput:  1984.3 MB/s  Total:  303.07 GB
[  156.6s] IOs:     79549852  IOPS:   508036  Throughput:  1984.5 MB/s  Total:  303.46 GB
[  156.8s] IOs:     79650686  IOPS:   508073  Throughput:  1984.7 MB/s  Total:  303.84 GB
[  157.0s] IOs:     79751429  IOPS:   508112  Throughput:  1984.8 MB/s  Total:  304.23 GB
[  157.2s] IOs:     79852236  IOPS:   508101  Throughput:  1984.8 MB/s  Total:  304.61 GB
[  157.4s] IOs:     79953089  IOPS:   508072  Throughput:  1984.7 MB/s  Total:  305.00 GB
[  157.6s] IOs:     80054043  IOPS:   508107  Throughput:  1984.8 MB/s  Total:  305.38 GB
[  157.7s] IOs:     80154673  IOPS:   508147  Throughput:  1984.9 MB/s  Total:  305.77 GB
[  157.9s] IOs:     80255310  IOPS:   508160  Throughput:  1985.0 MB/s  Total:  306.15 GB
[  158.1s] IOs:     80356141  IOPS:   508144  Throughput:  1984.9 MB/s  Total:  306.53 GB
[  158.3s] IOs:     80456250  IOPS:   508187  Throughput:  1985.1 MB/s  Total:  306.92 GB
[  158.5s] IOs:     80556310  IOPS:   508218  Throughput:  1985.2 MB/s  Total:  307.30 GB
[  158.7s] IOs:     80657185  IOPS:   508266  Throughput:  1985.4 MB/s  Total:  307.68 GB
[  158.9s] IOs:     80757982  IOPS:   508297  Throughput:  1985.5 MB/s  Total:  308.07 GB
[  159.1s] IOs:     80858971  IOPS:   508343  Throughput:  1985.7 MB/s  Total:  308.45 GB
[  159.3s] IOs:     80959837  IOPS:   508343  Throughput:  1985.7 MB/s  Total:  308.84 GB
[  159.5s] IOs:     81059867  IOPS:   508309  Throughput:  1985.6 MB/s  Total:  309.22 GB
[  159.7s] IOs:     81160506  IOPS:   508332  Throughput:  1985.7 MB/s  Total:  309.60 GB
[  159.8s] IOs:     81261163  IOPS:   508380  Throughput:  1985.9 MB/s  Total:  309.99 GB
[  160.0s] IOs:     81362184  IOPS:   508444  Throughput:  1986.1 MB/s  Total:  310.37 GB
[  160.2s] IOs:     81463160  IOPS:   508449  Throughput:  1986.1 MB/s  Total:  310.76 GB
[  160.4s] IOs:     81563924  IOPS:   508513  Throughput:  1986.4 MB/s  Total:  311.14 GB
[  160.6s] IOs:     81664665  IOPS:   508552  Throughput:  1986.5 MB/s  Total:  311.53 GB
[  160.8s] IOs:     81765498  IOPS:   508582  Throughput:  1986.6 MB/s  Total:  311.91 GB
[  161.0s] IOs:     81865518  IOPS:   508593  Throughput:  1986.7 MB/s  Total:  312.29 GB
[  161.1s] IOs:     81966426  IOPS:   508638  Throughput:  1986.9 MB/s  Total:  312.68 GB
[  161.3s] IOs:     82067472  IOPS:   508673  Throughput:  1987.0 MB/s  Total:  313.06 GB
[  161.5s] IOs:     82168449  IOPS:   508727  Throughput:  1987.2 MB/s  Total:  313.45 GB
[  161.7s] IOs:     82269413  IOPS:   508748  Throughput:  1987.3 MB/s  Total:  313.83 GB
[  161.9s] IOs:     82370290  IOPS:   508783  Throughput:  1987.4 MB/s  Total:  314.22 GB
[  162.1s] IOs:     82470976  IOPS:   508822  Throughput:  1987.6 MB/s  Total:  314.60 GB
[  162.3s] IOs:     82571965  IOPS:   508843  Throughput:  1987.7 MB/s  Total:  314.99 GB
[Reader] Parsed 11000000 lines, distributed 82660198 writes, unique 145.54 GB, skipped 0
[  162.5s] IOs:     82672571  IOPS:   508877  Throughput:  1987.8 MB/s  Total:  315.37 GB
[  162.7s] IOs:     82773334  IOPS:   508890  Throughput:  1987.8 MB/s  Total:  315.76 GB
[  162.8s] IOs:     82874089  IOPS:   508908  Throughput:  1987.9 MB/s  Total:  316.14 GB
[  163.0s] IOs:     82974105  IOPS:   508942  Throughput:  1988.1 MB/s  Total:  316.52 GB
[  163.2s] IOs:     83075107  IOPS:   508958  Throughput:  1988.1 MB/s  Total:  316.91 GB
[  163.4s] IOs:     83176117  IOPS:   508975  Throughput:  1988.2 MB/s  Total:  317.29 GB
[  163.6s] IOs:     83276944  IOPS:   509000  Throughput:  1988.3 MB/s  Total:  317.68 GB
[  163.8s] IOs:     83377905  IOPS:   508991  Throughput:  1988.2 MB/s  Total:  318.06 GB
[  164.0s] IOs:     83478668  IOPS:   509029  Throughput:  1988.4 MB/s  Total:  318.45 GB
[  164.2s] IOs:     83579680  IOPS:   509078  Throughput:  1988.6 MB/s  Total:  318.83 GB
[  164.4s] IOs:     83680506  IOPS:   509119  Throughput:  1988.7 MB/s  Total:  319.22 GB
[  164.6s] IOs:     83781195  IOPS:   509138  Throughput:  1988.8 MB/s  Total:  319.60 GB
[  164.7s] IOs:     83882031  IOPS:   509153  Throughput:  1988.9 MB/s  Total:  319.98 GB
[  164.9s] IOs:     83982806  IOPS:   509195  Throughput:  1989.0 MB/s  Total:  320.37 GB
[  165.1s] IOs:     84082835  IOPS:   509229  Throughput:  1989.2 MB/s  Total:  320.75 GB
[  165.3s] IOs:     84183806  IOPS:   509235  Throughput:  1989.2 MB/s  Total:  321.14 GB
[  165.5s] IOs:     84284507  IOPS:   509285  Throughput:  1989.4 MB/s  Total:  321.52 GB
[  165.7s] IOs:     84385364  IOPS:   509309  Throughput:  1989.5 MB/s  Total:  321.90 GB
[  165.9s] IOs:     84486264  IOPS:   509330  Throughput:  1989.6 MB/s  Total:  322.29 GB
[  166.1s] IOs:     84587179  IOPS:   509369  Throughput:  1989.7 MB/s  Total:  322.67 GB
[  166.3s] IOs:     84687883  IOPS:   509369  Throughput:  1989.7 MB/s  Total:  323.06 GB
[  166.5s] IOs:     84788485  IOPS:   509386  Throughput:  1989.8 MB/s  Total:  323.44 GB
[  166.6s] IOs:     84889069  IOPS:   509403  Throughput:  1989.9 MB/s  Total:  323.83 GB
[  166.8s] IOs:     84989962  IOPS:   509399  Throughput:  1989.8 MB/s  Total:  324.21 GB
[  167.0s] IOs:     85090636  IOPS:   509426  Throughput:  1989.9 MB/s  Total:  324.60 GB
[  167.2s] IOs:     85191646  IOPS:   509456  Throughput:  1990.1 MB/s  Total:  324.98 GB
[  167.4s] IOs:     85292405  IOPS:   509492  Throughput:  1990.2 MB/s  Total:  325.36 GB
[  167.6s] IOs:     85393333  IOPS:   509523  Throughput:  1990.3 MB/s  Total:  325.75 GB
[  167.8s] IOs:     85493961  IOPS:   509557  Throughput:  1990.5 MB/s  Total:  326.13 GB
[  168.0s] IOs:     85594644  IOPS:   509598  Throughput:  1990.6 MB/s  Total:  326.52 GB
[  168.2s] IOs:     85695336  IOPS:   509597  Throughput:  1990.6 MB/s  Total:  326.90 GB
[  168.4s] IOs:     85796158  IOPS:   509601  Throughput:  1990.6 MB/s  Total:  327.29 GB
[  168.5s] IOs:     85896881  IOPS:   509629  Throughput:  1990.7 MB/s  Total:  327.67 GB
[  168.7s] IOs:     85996934  IOPS:   509668  Throughput:  1990.9 MB/s  Total:  328.05 GB
[  168.9s] IOs:     86097874  IOPS:   509690  Throughput:  1991.0 MB/s  Total:  328.44 GB
[  169.1s] IOs:     86198584  IOPS:   509721  Throughput:  1991.1 MB/s  Total:  328.82 GB
[  169.3s] IOs:     86299480  IOPS:   509751  Throughput:  1991.2 MB/s  Total:  329.21 GB
[  169.5s] IOs:     86400260  IOPS:   509792  Throughput:  1991.4 MB/s  Total:  329.59 GB
[  169.7s] IOs:     86500883  IOPS:   509825  Throughput:  1991.5 MB/s  Total:  329.97 GB
[  169.9s] IOs:     86601760  IOPS:   509788  Throughput:  1991.4 MB/s  Total:  330.36 GB
[  170.1s] IOs:     86701824  IOPS:   509782  Throughput:  1991.3 MB/s  Total:  330.74 GB
[  170.3s] IOs:     86802805  IOPS:   509829  Throughput:  1991.5 MB/s  Total:  331.13 GB
[  170.4s] IOs:     86903545  IOPS:   509858  Throughput:  1991.6 MB/s  Total:  331.51 GB
[  170.6s] IOs:     87003999  IOPS:   509884  Throughput:  1991.7 MB/s  Total:  331.89 GB
[  170.8s] IOs:     87104645  IOPS:   509931  Throughput:  1991.9 MB/s  Total:  332.28 GB
[  171.0s] IOs:     87205426  IOPS:   509950  Throughput:  1992.0 MB/s  Total:  332.66 GB
[  171.2s] IOs:     87306113  IOPS:   509979  Throughput:  1992.1 MB/s  Total:  333.05 GB
[  171.4s] IOs:     87407114  IOPS:   509991  Throughput:  1992.2 MB/s  Total:  333.43 GB
[  171.6s] IOs:     87507799  IOPS:   509981  Throughput:  1992.1 MB/s  Total:  333.82 GB
[  171.8s] IOs:     87608658  IOPS:   510028  Throughput:  1992.3 MB/s  Total:  334.20 GB
[  172.0s] IOs:     87709496  IOPS:   510048  Throughput:  1992.4 MB/s  Total:  334.59 GB
[  172.2s] IOs:     87809800  IOPS:   510061  Throughput:  1992.4 MB/s  Total:  334.97 GB
[  172.3s] IOs:     87910677  IOPS:   510077  Throughput:  1992.5 MB/s  Total:  335.35 GB
[  172.5s] IOs:     88011677  IOPS:   510110  Throughput:  1992.6 MB/s  Total:  335.74 GB
[  172.7s] IOs:     88112663  IOPS:   510077  Throughput:  1992.5 MB/s  Total:  336.12 GB
[  172.9s] IOs:     88213559  IOPS:   510106  Throughput:  1992.6 MB/s  Total:  336.51 GB
[  173.1s] IOs:     88314474  IOPS:   510149  Throughput:  1992.8 MB/s  Total:  336.89 GB
[  173.3s] IOs:     88414489  IOPS:   510159  Throughput:  1992.8 MB/s  Total:  337.27 GB
[  173.5s] IOs:     88515183  IOPS:   510178  Throughput:  1992.9 MB/s  Total:  337.66 GB
[  173.7s] IOs:     88616021  IOPS:   510196  Throughput:  1993.0 MB/s  Total:  338.04 GB
[  173.9s] IOs:     88716036  IOPS:   510224  Throughput:  1993.1 MB/s  Total:  338.42 GB
[Reader] Parsed 12000000 lines, distributed 88782580 writes, unique 151.55 GB, skipped 0
[  174.1s] IOs:     88816983  IOPS:   510282  Throughput:  1993.3 MB/s  Total:  338.81 GB
[  174.2s] IOs:     88917575  IOPS:   510327  Throughput:  1993.5 MB/s  Total:  339.19 GB
[  174.4s] IOs:     89018445  IOPS:   510346  Throughput:  1993.5 MB/s  Total:  339.58 GB
[  174.6s] IOs:     89119404  IOPS:   510379  Throughput:  1993.7 MB/s  Total:  339.96 GB
[  174.8s] IOs:     89220367  IOPS:   510425  Throughput:  1993.8 MB/s  Total:  340.35 GB
[  175.0s] IOs:     89321278  IOPS:   510456  Throughput:  1994.0 MB/s  Total:  340.73 GB
[  175.2s] IOs:     89422216  IOPS:   510462  Throughput:  1994.0 MB/s  Total:  341.12 GB
[  175.4s] IOs:     89522898  IOPS:   510476  Throughput:  1994.0 MB/s  Total:  341.50 GB
[  175.6s] IOs:     89623835  IOPS:   510439  Throughput:  1993.9 MB/s  Total:  341.89 GB
[  175.8s] IOs:     89724103  IOPS:   510424  Throughput:  1993.8 MB/s  Total:  342.27 GB
[  176.0s] IOs:     89824113  IOPS:   510433  Throughput:  1993.9 MB/s  Total:  342.65 GB
[  176.2s] IOs:     89924907  IOPS:   510479  Throughput:  1994.1 MB/s  Total:  343.04 GB
[  176.4s] IOs:     90025677  IOPS:   510484  Throughput:  1994.1 MB/s  Total:  343.42 GB
[  176.5s] IOs:     90126570  IOPS:   510520  Throughput:  1994.2 MB/s  Total:  343.81 GB
[  176.7s] IOs:     90227604  IOPS:   510559  Throughput:  1994.4 MB/s  Total:  344.19 GB
[  176.9s] IOs:     90328581  IOPS:   510602  Throughput:  1994.5 MB/s  Total:  344.58 GB
[  177.1s] IOs:     90429428  IOPS:   510634  Throughput:  1994.7 MB/s  Total:  344.96 GB
[  177.3s] IOs:     90530137  IOPS:   510674  Throughput:  1994.8 MB/s  Total:  345.35 GB
[  177.5s] IOs:     90631034  IOPS:   510688  Throughput:  1994.9 MB/s  Total:  345.73 GB
[  177.7s] IOs:     90731853  IOPS:   510700  Throughput:  1994.9 MB/s  Total:  346.11 GB
[  177.9s] IOs:     90832824  IOPS:   510645  Throughput:  1994.7 MB/s  Total:  346.50 GB
[  178.1s] IOs:     90933573  IOPS:   510631  Throughput:  1994.7 MB/s  Total:  346.88 GB
[  178.3s] IOs:     91034395  IOPS:   510669  Throughput:  1994.8 MB/s  Total:  347.27 GB
[  178.5s] IOs:     91134806  IOPS:   510695  Throughput:  1994.9 MB/s  Total:  347.65 GB
[  178.6s] IOs:     91235593  IOPS:   510710  Throughput:  1995.0 MB/s  Total:  348.04 GB
[  178.8s] IOs:     91335755  IOPS:   510717  Throughput:  1995.0 MB/s  Total:  348.42 GB
[  179.0s] IOs:     91435799  IOPS:   510754  Throughput:  1995.1 MB/s  Total:  348.80 GB
[  179.2s] IOs:     91536764  IOPS:   510808  Throughput:  1995.3 MB/s  Total:  349.19 GB
[  179.4s] IOs:     91637568  IOPS:   510833  Throughput:  1995.4 MB/s  Total:  349.57 GB
[  179.6s] IOs:     91738373  IOPS:   510842  Throughput:  1995.5 MB/s  Total:  349.95 GB
[  179.8s] IOs:     91839185  IOPS:   510886  Throughput:  1995.6 MB/s  Total:  350.34 GB
[  180.0s] IOs:     91940182  IOPS:   510868  Throughput:  1995.6 MB/s  Total:  350.72 GB
[  180.1s] IOs:     92040978  IOPS:   510915  Throughput:  1995.8 MB/s  Total:  351.11 GB
[  180.3s] IOs:     92141704  IOPS:   510930  Throughput:  1995.8 MB/s  Total:  351.49 GB
[  180.5s] IOs:     92242603  IOPS:   510938  Throughput:  1995.9 MB/s  Total:  351.88 GB
[  180.7s] IOs:     92343625  IOPS:   510959  Throughput:  1995.9 MB/s  Total:  352.26 GB
[  180.9s] IOs:     92444423  IOPS:   510979  Throughput:  1996.0 MB/s  Total:  352.65 GB
[  181.1s] IOs:     92545307  IOPS:   511019  Throughput:  1996.2 MB/s  Total:  353.03 GB
[  181.3s] IOs:     92646129  IOPS:   511053  Throughput:  1996.3 MB/s  Total:  353.42 GB
[  181.5s] IOs:     92747077  IOPS:   511081  Throughput:  1996.4 MB/s  Total:  353.80 GB
[  181.7s] IOs:     92847806  IOPS:   511091  Throughput:  1996.4 MB/s  Total:  354.19 GB
[  181.8s] IOs:     92948728  IOPS:   511131  Throughput:  1996.6 MB/s  Total:  354.57 GB
[  182.0s] IOs:     93049666  IOPS:   511170  Throughput:  1996.8 MB/s  Total:  354.96 GB
[  182.2s] IOs:     93150484  IOPS:   511195  Throughput:  1996.9 MB/s  Total:  355.34 GB
[  182.4s] IOs:     93251186  IOPS:   511223  Throughput:  1997.0 MB/s  Total:  355.73 GB
[  182.6s] IOs:     93351257  IOPS:   511263  Throughput:  1997.1 MB/s  Total:  356.11 GB
[  182.8s] IOs:     93451282  IOPS:   511292  Throughput:  1997.2 MB/s  Total:  356.49 GB
[  183.0s] IOs:     93552172  IOPS:   511307  Throughput:  1997.3 MB/s  Total:  356.87 GB
[  183.2s] IOs:     93652809  IOPS:   511342  Throughput:  1997.4 MB/s  Total:  357.26 GB
[  183.3s] IOs:     93752919  IOPS:   511375  Throughput:  1997.6 MB/s  Total:  357.64 GB
[  183.5s] IOs:     93853753  IOPS:   511348  Throughput:  1997.5 MB/s  Total:  358.02 GB
[  183.8s] IOs:     93954676  IOPS:   511306  Throughput:  1997.3 MB/s  Total:  358.41 GB
[  184.0s] IOs:     94055681  IOPS:   511309  Throughput:  1997.3 MB/s  Total:  358.79 GB
[  184.1s] IOs:     94156680  IOPS:   511332  Throughput:  1997.4 MB/s  Total:  359.18 GB
[  184.3s] IOs:     94257594  IOPS:   511368  Throughput:  1997.5 MB/s  Total:  359.56 GB
[  184.5s] IOs:     94358587  IOPS:   511389  Throughput:  1997.6 MB/s  Total:  359.95 GB
[  184.7s] IOs:     94459581  IOPS:   511391  Throughput:  1997.6 MB/s  Total:  360.33 GB
[  184.9s] IOs:     94560409  IOPS:   511437  Throughput:  1997.8 MB/s  Total:  360.72 GB
[Reader] Parsed 13000000 lines, distributed 94653738 writes, unique 157.30 GB, skipped 0
[  185.1s] IOs:     94661386  IOPS:   511467  Throughput:  1997.9 MB/s  Total:  361.10 GB
[  185.3s] IOs:     94762239  IOPS:   511491  Throughput:  1998.0 MB/s  Total:  361.49 GB
[  185.5s] IOs:     94863040  IOPS:   511491  Throughput:  1998.0 MB/s  Total:  361.87 GB
[  185.7s] IOs:     94963731  IOPS:   511513  Throughput:  1998.1 MB/s  Total:  362.26 GB
[  185.8s] IOs:     95063761  IOPS:   511547  Throughput:  1998.2 MB/s  Total:  362.64 GB
[  186.0s] IOs:     95164592  IOPS:   511551  Throughput:  1998.2 MB/s  Total:  363.02 GB
[  186.2s] IOs:     95264743  IOPS:   511542  Throughput:  1998.2 MB/s  Total:  363.41 GB
[  186.4s] IOs:     95364751  IOPS:   511570  Throughput:  1998.3 MB/s  Total:  363.79 GB
[  186.6s] IOs:     95465564  IOPS:   511569  Throughput:  1998.3 MB/s  Total:  364.17 GB
[  186.8s] IOs:     95566450  IOPS:   511591  Throughput:  1998.4 MB/s  Total:  364.56 GB
[  187.0s] IOs:     95667411  IOPS:   511631  Throughput:  1998.6 MB/s  Total:  364.94 GB
[  187.2s] IOs:     95768401  IOPS:   511629  Throughput:  1998.6 MB/s  Total:  365.33 GB
[  187.4s] IOs:     95869253  IOPS:   511654  Throughput:  1998.6 MB/s  Total:  365.71 GB
[  187.6s] IOs:     95969352  IOPS:   511654  Throughput:  1998.6 MB/s  Total:  366.09 GB
[  187.7s] IOs:     96070285  IOPS:   511693  Throughput:  1998.8 MB/s  Total:  366.48 GB
[  187.9s] IOs:     96170423  IOPS:   511730  Throughput:  1998.9 MB/s  Total:  366.86 GB
[  188.1s] IOs:     96270444  IOPS:   511765  Throughput:  1999.1 MB/s  Total:  367.24 GB
[  188.3s] IOs:     96371230  IOPS:   511786  Throughput:  1999.2 MB/s  Total:  367.63 GB
[  188.5s] IOs:     96471745  IOPS:   511801  Throughput:  1999.2 MB/s  Total:  368.01 GB
[  188.7s] IOs:     96572373  IOPS:   511810  Throughput:  1999.3 MB/s  Total:  368.39 GB
[  188.9s] IOs:     96673287  IOPS:   511859  Throughput:  1999.4 MB/s  Total:  368.78 GB
[  189.1s] IOs:     96774080  IOPS:   511874  Throughput:  1999.5 MB/s  Total:  369.16 GB
[  189.3s] IOs:     96874965  IOPS:   511886  Throughput:  1999.6 MB/s  Total:  369.55 GB
[  189.4s] IOs:     96975586  IOPS:   511920  Throughput:  1999.7 MB/s  Total:  369.93 GB
[  189.6s] IOs:     97076245  IOPS:   511955  Throughput:  1999.8 MB/s  Total:  370.32 GB
[  189.8s] IOs:     97176948  IOPS:   511971  Throughput:  1999.9 MB/s  Total:  370.70 GB
[  190.0s] IOs:     97277777  IOPS:   511922  Throughput:  1999.7 MB/s  Total:  371.09 GB
[  190.2s] IOs:     97378417  IOPS:   511881  Throughput:  1999.5 MB/s  Total:  371.47 GB
[  190.4s] IOs:     97479099  IOPS:   511898  Throughput:  1999.6 MB/s  Total:  371.85 GB
[  190.6s] IOs:     97580148  IOPS:   511879  Throughput:  1999.5 MB/s  Total:  372.24 GB
[  190.8s] IOs:     97680922  IOPS:   511894  Throughput:  1999.6 MB/s  Total:  372.62 GB
[  191.0s] IOs:     97781097  IOPS:   511902  Throughput:  1999.6 MB/s  Total:  373.01 GB
[  191.2s] IOs:     97881809  IOPS:   511917  Throughput:  1999.7 MB/s  Total:  373.39 GB
[  191.4s] IOs:     97982690  IOPS:   511940  Throughput:  1999.8 MB/s  Total:  373.77 GB
[  191.6s] IOs:     98083673  IOPS:   511969  Throughput:  1999.9 MB/s  Total:  374.16 GB
[  191.8s] IOs:     98184709  IOPS:   511979  Throughput:  1999.9 MB/s  Total:  374.54 GB
[  192.0s] IOs:     98285431  IOPS:   512014  Throughput:  2000.1 MB/s  Total:  374.93 GB
[  192.1s] IOs:     98385491  IOPS:   512048  Throughput:  2000.2 MB/s  Total:  375.31 GB
[  192.3s] IOs:     98486230  IOPS:   512019  Throughput:  2000.1 MB/s  Total:  375.70 GB
[  192.5s] IOs:     98587248  IOPS:   512049  Throughput:  2000.2 MB/s  Total:  376.08 GB
[  192.7s] IOs:     98688114  IOPS:   512061  Throughput:  2000.2 MB/s  Total:  376.47 GB
[  192.9s] IOs:     98788928  IOPS:   512055  Throughput:  2000.2 MB/s  Total:  376.85 GB
[  193.1s] IOs:     98889014  IOPS:   512082  Throughput:  2000.3 MB/s  Total:  377.23 GB
[  193.3s] IOs:     98989881  IOPS:   512085  Throughput:  2000.3 MB/s  Total:  377.62 GB
[  193.5s] IOs:     99090734  IOPS:   512091  Throughput:  2000.4 MB/s  Total:  378.00 GB
[  193.7s] IOs:     99191689  IOPS:   512109  Throughput:  2000.4 MB/s  Total:  378.39 GB
[  193.9s] IOs:     99292644  IOPS:   512150  Throughput:  2000.6 MB/s  Total:  378.77 GB
[  194.1s] IOs:     99393584  IOPS:   512180  Throughput:  2000.7 MB/s  Total:  379.16 GB
[  194.2s] IOs:     99494493  IOPS:   512216  Throughput:  2000.8 MB/s  Total:  379.54 GB
[  194.4s] IOs:     99595205  IOPS:   512237  Throughput:  2000.9 MB/s  Total:  379.93 GB
[  194.6s] IOs:     99695252  IOPS:   512272  Throughput:  2001.1 MB/s  Total:  380.31 GB
[  194.8s] IOs:     99795322  IOPS:   512300  Throughput:  2001.2 MB/s  Total:  380.69 GB
[  195.0s] IOs:     99896209  IOPS:   512286  Throughput:  2001.1 MB/s  Total:  381.07 GB
[  195.2s] IOs:     99996898  IOPS:   512285  Throughput:  2001.1 MB/s  Total:  381.46 GB
[  195.4s] IOs:    100097777  IOPS:   512329  Throughput:  2001.3 MB/s  Total:  381.84 GB
[  195.6s] IOs:    100198551  IOPS:   512338  Throughput:  2001.3 MB/s  Total:  382.23 GB
[  195.8s] IOs:    100298583  IOPS:   512364  Throughput:  2001.4 MB/s  Total:  382.61 GB
[  195.9s] IOs:    100399550  IOPS:   512393  Throughput:  2001.5 MB/s  Total:  382.99 GB
[  196.1s] IOs:    100500254  IOPS:   512420  Throughput:  2001.6 MB/s  Total:  383.38 GB
[  196.3s] IOs:    100601028  IOPS:   512421  Throughput:  2001.6 MB/s  Total:  383.76 GB
[  196.5s] IOs:    100701702  IOPS:   512425  Throughput:  2001.7 MB/s  Total:  384.15 GB
[  196.7s] IOs:    100802666  IOPS:   512456  Throughput:  2001.8 MB/s  Total:  384.53 GB
[  196.9s] IOs:    100903515  IOPS:   512470  Throughput:  2001.8 MB/s  Total:  384.92 GB
[  197.1s] IOs:    101004267  IOPS:   512496  Throughput:  2001.9 MB/s  Total:  385.30 GB
[  197.3s] IOs:    101105106  IOPS:   512528  Throughput:  2002.1 MB/s  Total:  385.69 GB
[  197.5s] IOs:    101205714  IOPS:   512548  Throughput:  2002.1 MB/s  Total:  386.07 GB
[  197.6s] IOs:    101306692  IOPS:   512577  Throughput:  2002.3 MB/s  Total:  386.45 GB
[  197.8s] IOs:    101407387  IOPS:   512586  Throughput:  2002.3 MB/s  Total:  386.84 GB
[  198.0s] IOs:    101508218  IOPS:   512612  Throughput:  2002.4 MB/s  Total:  387.22 GB
[  198.2s] IOs:    101608995  IOPS:   512653  Throughput:  2002.6 MB/s  Total:  387.61 GB
[  198.4s] IOs:    101709504  IOPS:   512616  Throughput:  2002.4 MB/s  Total:  387.99 GB
[  198.6s] IOs:    101810267  IOPS:   512650  Throughput:  2002.5 MB/s  Total:  388.38 GB
[  198.8s] IOs:    101910310  IOPS:   512692  Throughput:  2002.7 MB/s  Total:  388.76 GB
[  199.0s] IOs:    102011069  IOPS:   512727  Throughput:  2002.8 MB/s  Total:  389.14 GB
[  199.1s] IOs:    102111678  IOPS:   512755  Throughput:  2002.9 MB/s  Total:  389.53 GB
[  199.3s] IOs:    102212580  IOPS:   512775  Throughput:  2003.0 MB/s  Total:  389.91 GB
[Reader] Parsed 14000000 lines, distributed 102242011 writes, unique 169.23 GB, skipped 0
[  199.5s] IOs:    102312589  IOPS:   512774  Throughput:  2003.0 MB/s  Total:  390.29 GB
[  199.7s] IOs:    102413611  IOPS:   512794  Throughput:  2003.1 MB/s  Total:  390.68 GB
[  199.9s] IOs:    102514590  IOPS:   512837  Throughput:  2003.3 MB/s  Total:  391.06 GB
[  200.1s] IOs:    102615471  IOPS:   512859  Throughput:  2003.4 MB/s  Total:  391.45 GB
[  200.3s] IOs:    102716324  IOPS:   512862  Throughput:  2003.4 MB/s  Total:  391.83 GB
[  200.5s] IOs:    102817322  IOPS:   512878  Throughput:  2003.4 MB/s  Total:  392.22 GB
[  200.7s] IOs:    102917501  IOPS:   512916  Throughput:  2003.6 MB/s  Total:  392.60 GB
[  200.8s] IOs:    103018462  IOPS:   512948  Throughput:  2003.7 MB/s  Total:  392.98 GB
[  201.0s] IOs:    103119116  IOPS:   512974  Throughput:  2003.8 MB/s  Total:  393.37 GB
[  201.2s] IOs:    103219935  IOPS:   512979  Throughput:  2003.8 MB/s  Total:  393.75 GB
[  201.4s] IOs:    103320735  IOPS:   512999  Throughput:  2003.9 MB/s  Total:  394.14 GB
[  201.6s] IOs:    103421593  IOPS:   513019  Throughput:  2004.0 MB/s  Total:  394.52 GB
[  201.8s] IOs:    103521663  IOPS:   513048  Throughput:  2004.1 MB/s  Total:  394.90 GB
[  202.0s] IOs:    103622569  IOPS:   513082  Throughput:  2004.2 MB/s  Total:  395.29 GB
[  202.1s] IOs:    103723233  IOPS:   513115  Throughput:  2004.4 MB/s  Total:  395.67 GB
[  202.3s] IOs:    103824243  IOPS:   513123  Throughput:  2004.4 MB/s  Total:  396.06 GB
[  202.5s] IOs:    103924273  IOPS:   513158  Throughput:  2004.5 MB/s  Total:  396.44 GB
[  202.7s] IOs:    104025037  IOPS:   513178  Throughput:  2004.6 MB/s  Total:  396.82 GB
[  202.9s] IOs:    104126060  IOPS:   513193  Throughput:  2004.7 MB/s  Total:  397.21 GB
[  203.1s] IOs:    104226847  IOPS:   513226  Throughput:  2004.8 MB/s  Total:  397.59 GB
[  203.3s] IOs:    104327730  IOPS:   513245  Throughput:  2004.9 MB/s  Total:  397.98 GB
[  203.5s] IOs:    104428719  IOPS:   513255  Throughput:  2004.9 MB/s  Total:  398.36 GB
[  203.6s] IOs:    104529741  IOPS:   513290  Throughput:  2005.0 MB/s  Total:  398.75 GB
[  203.8s] IOs:    104630603  IOPS:   513316  Throughput:  2005.1 MB/s  Total:  399.13 GB
[  204.0s] IOs:    104730624  IOPS:   513348  Throughput:  2005.3 MB/s  Total:  399.52 GB
[  204.2s] IOs:    104831447  IOPS:   513376  Throughput:  2005.4 MB/s  Total:  399.90 GB
[  204.4s] IOs:    104932388  IOPS:   513409  Throughput:  2005.5 MB/s  Total:  400.29 GB
[  204.6s] IOs:    105032547  IOPS:   513436  Throughput:  2005.6 MB/s  Total:  400.67 GB
[  204.8s] IOs:    105133552  IOPS:   513452  Throughput:  2005.7 MB/s  Total:  401.05 GB
[  205.0s] IOs:    105233702  IOPS:   513446  Throughput:  2005.6 MB/s  Total:  401.43 GB
[  205.1s] IOs:    105334509  IOPS:   513461  Throughput:  2005.7 MB/s  Total:  401.82 GB
[  205.3s] IOs:    105435178  IOPS:   513460  Throughput:  2005.7 MB/s  Total:  402.20 GB
[  205.5s] IOs:    105536017  IOPS:   513479  Throughput:  2005.8 MB/s  Total:  402.59 GB
[  205.7s] IOs:    105636034  IOPS:   513515  Throughput:  2005.9 MB/s  Total:  402.97 GB
[  205.9s] IOs:    105736966  IOPS:   513524  Throughput:  2006.0 MB/s  Total:  403.35 GB
[  206.1s] IOs:    105837835  IOPS:   513538  Throughput:  2006.0 MB/s  Total:  403.74 GB
[  206.3s] IOs:    105938704  IOPS:   513573  Throughput:  2006.1 MB/s  Total:  404.12 GB
[  206.5s] IOs:    106039614  IOPS:   513605  Throughput:  2006.3 MB/s  Total:  404.51 GB
[  206.6s] IOs:    106140506  IOPS:   513631  Throughput:  2006.4 MB/s  Total:  404.89 GB
[  206.8s] IOs:    106241270  IOPS:   513645  Throughput:  2006.4 MB/s  Total:  405.28 GB
[  207.0s] IOs:    106342131  IOPS:   513656  Throughput:  2006.5 MB/s  Total:  405.66 GB
[  207.2s] IOs:    106443044  IOPS:   513695  Throughput:  2006.6 MB/s  Total:  406.05 GB
[  207.4s] IOs:    106543791  IOPS:   513742  Throughput:  2006.8 MB/s  Total:  406.43 GB
[  207.6s] IOs:    106644800  IOPS:   513769  Throughput:  2006.9 MB/s  Total:  406.82 GB
[  207.8s] IOs:    106745652  IOPS:   513783  Throughput:  2007.0 MB/s  Total:  407.20 GB
[  207.9s] IOs:    106846432  IOPS:   513810  Throughput:  2007.1 MB/s  Total:  407.59 GB
[  208.1s] IOs:    106947422  IOPS:   513812  Throughput:  2007.1 MB/s  Total:  407.97 GB
[  208.3s] IOs:    107048291  IOPS:   513791  Throughput:  2007.0 MB/s  Total:  408.36 GB
[  208.5s] IOs:    107149318  IOPS:   513830  Throughput:  2007.1 MB/s  Total:  408.74 GB
[  208.7s] IOs:    107250095  IOPS:   513856  Throughput:  2007.3 MB/s  Total:  409.13 GB
[Reader] Parsed 15000000 lines, distributed 107301776 writes, unique 173.77 GB, skipped 0
[  208.9s] IOs:    107350820  IOPS:   513836  Throughput:  2007.2 MB/s  Total:  409.51 GB
[  209.1s] IOs:    107451747  IOPS:   513869  Throughput:  2007.3 MB/s  Total:  409.90 GB
[  209.3s] IOs:    107551765  IOPS:   513908  Throughput:  2007.5 MB/s  Total:  410.28 GB
[  209.5s] IOs:    107652677  IOPS:   513924  Throughput:  2007.5 MB/s  Total:  410.66 GB
[  209.7s] IOs:    107753674  IOPS:   513959  Throughput:  2007.7 MB/s  Total:  411.05 GB
[  209.8s] IOs:    107854443  IOPS:   513986  Throughput:  2007.8 MB/s  Total:  411.43 GB
[  210.0s] IOs:    107955085  IOPS:   514024  Throughput:  2007.9 MB/s  Total:  411.82 GB
[  210.2s] IOs:    108055816  IOPS:   514050  Throughput:  2008.0 MB/s  Total:  412.20 GB
[  210.4s] IOs:    108155907  IOPS:   514087  Throughput:  2008.2 MB/s  Total:  412.58 GB
[  210.6s] IOs:    108256783  IOPS:   514119  Throughput:  2008.3 MB/s  Total:  412.97 GB
[  210.8s] IOs:    108357416  IOPS:   514134  Throughput:  2008.3 MB/s  Total:  413.35 GB
[  210.9s] IOs:    108458269  IOPS:   514157  Throughput:  2008.4 MB/s  Total:  413.74 GB
[  211.1s] IOs:    108559275  IOPS:   514164  Throughput:  2008.5 MB/s  Total:  414.12 GB
[  211.3s] IOs:    108660024  IOPS:   514192  Throughput:  2008.6 MB/s  Total:  414.51 GB
[  211.5s] IOs:    108760066  IOPS:   514205  Throughput:  2008.6 MB/s  Total:  414.89 GB
[  211.7s] IOs:    108860779  IOPS:   514225  Throughput:  2008.7 MB/s  Total:  415.27 GB
[  211.9s] IOs:    108961393  IOPS:   514242  Throughput:  2008.8 MB/s  Total:  415.65 GB
[  212.1s] IOs:    109062336  IOPS:   514271  Throughput:  2008.9 MB/s  Total:  416.04 GB
[  212.3s] IOs:    109163347  IOPS:   514295  Throughput:  2009.0 MB/s  Total:  416.43 GB
[  212.4s] IOs:    109263475  IOPS:   514331  Throughput:  2009.1 MB/s  Total:  416.81 GB
[  212.6s] IOs:    109364298  IOPS:   514372  Throughput:  2009.3 MB/s  Total:  417.19 GB
[  212.8s] IOs:    109465124  IOPS:   514382  Throughput:  2009.3 MB/s  Total:  417.58 GB
[  213.0s] IOs:    109565822  IOPS:   514411  Throughput:  2009.4 MB/s  Total:  417.96 GB
[  213.2s] IOs:    109666628  IOPS:   514432  Throughput:  2009.5 MB/s  Total:  418.34 GB
[  213.4s] IOs:    109767582  IOPS:   514454  Throughput:  2009.6 MB/s  Total:  418.73 GB
[  213.5s] IOs:    109867704  IOPS:   514483  Throughput:  2009.7 MB/s  Total:  419.11 GB
[  213.7s] IOs:    109968385  IOPS:   514503  Throughput:  2009.8 MB/s  Total:  419.50 GB
[  213.9s] IOs:    110069059  IOPS:   514538  Throughput:  2009.9 MB/s  Total:  419.88 GB
[  214.1s] IOs:    110169912  IOPS:   514548  Throughput:  2010.0 MB/s  Total:  420.26 GB
[  214.3s] IOs:    110270934  IOPS:   514543  Throughput:  2009.9 MB/s  Total:  420.65 GB
[  214.5s] IOs:    110371932  IOPS:   514580  Throughput:  2010.1 MB/s  Total:  421.04 GB
[  214.7s] IOs:    110472723  IOPS:   514606  Throughput:  2010.2 MB/s  Total:  421.42 GB
[  214.9s] IOs:    110573431  IOPS:   514625  Throughput:  2010.3 MB/s  Total:  421.80 GB
[  215.0s] IOs:    110674235  IOPS:   514652  Throughput:  2010.4 MB/s  Total:  422.19 GB
[  215.2s] IOs:    110775121  IOPS:   514684  Throughput:  2010.5 MB/s  Total:  422.57 GB
[  215.4s] IOs:    110875186  IOPS:   514694  Throughput:  2010.5 MB/s  Total:  422.96 GB
[  215.6s] IOs:    110975939  IOPS:   514717  Throughput:  2010.6 MB/s  Total:  423.34 GB
[  215.8s] IOs:    111076801  IOPS:   514716  Throughput:  2010.6 MB/s  Total:  423.72 GB
[  216.0s] IOs:    111177694  IOPS:   514677  Throughput:  2010.5 MB/s  Total:  424.11 GB
[  216.2s] IOs:    111278720  IOPS:   514639  Throughput:  2010.3 MB/s  Total:  424.49 GB
[  216.4s] IOs:    111379612  IOPS:   514669  Throughput:  2010.4 MB/s  Total:  424.88 GB
[  216.6s] IOs:    111480481  IOPS:   514703  Throughput:  2010.6 MB/s  Total:  425.26 GB
[  216.8s] IOs:    111581186  IOPS:   514730  Throughput:  2010.7 MB/s  Total:  425.65 GB
[  217.0s] IOs:    111681255  IOPS:   514725  Throughput:  2010.6 MB/s  Total:  426.03 GB
[  217.2s] IOs:    111782129  IOPS:   514748  Throughput:  2010.7 MB/s  Total:  426.41 GB
[  217.3s] IOs:    111882978  IOPS:   514776  Throughput:  2010.8 MB/s  Total:  426.80 GB
[  217.5s] IOs:    111983957  IOPS:   514779  Throughput:  2010.9 MB/s  Total:  427.18 GB
[  217.7s] IOs:    112084578  IOPS:   514765  Throughput:  2010.8 MB/s  Total:  427.57 GB
[Reader] Parsed 16000000 lines, distributed 112145704 writes, unique 176.69 GB, skipped 0
[  217.9s] IOs:    112185328  IOPS:   514737  Throughput:  2010.7 MB/s  Total:  427.95 GB
[  218.1s] IOs:    112286204  IOPS:   514769  Throughput:  2010.8 MB/s  Total:  428.34 GB
[  218.3s] IOs:    112387136  IOPS:   514774  Throughput:  2010.8 MB/s  Total:  428.72 GB
[  218.5s] IOs:    112487997  IOPS:   514798  Throughput:  2010.9 MB/s  Total:  429.11 GB
[  218.7s] IOs:    112588683  IOPS:   514836  Throughput:  2011.1 MB/s  Total:  429.49 GB
[  218.9s] IOs:    112689446  IOPS:   514842  Throughput:  2011.1 MB/s  Total:  429.88 GB
[  219.1s] IOs:    112790283  IOPS:   514852  Throughput:  2011.1 MB/s  Total:  430.26 GB
[  219.3s] IOs:    112891289  IOPS:   514881  Throughput:  2011.3 MB/s  Total:  430.65 GB
[  219.4s] IOs:    112992190  IOPS:   514906  Throughput:  2011.4 MB/s  Total:  431.03 GB
[  219.6s] IOs:    113092960  IOPS:   514911  Throughput:  2011.4 MB/s  Total:  431.42 GB
[  219.8s] IOs:    113193744  IOPS:   514932  Throughput:  2011.5 MB/s  Total:  431.80 GB
[  220.0s] IOs:    113294629  IOPS:   514919  Throughput:  2011.4 MB/s  Total:  432.18 GB
[  220.2s] IOs:    113394683  IOPS:   514953  Throughput:  2011.5 MB/s  Total:  432.57 GB
[  220.4s] IOs:    113494852  IOPS:   514961  Throughput:  2011.6 MB/s  Total:  432.95 GB
[  220.6s] IOs:    113595626  IOPS:   514997  Throughput:  2011.7 MB/s  Total:  433.33 GB
[  220.8s] IOs:    113696327  IOPS:   515026  Throughput:  2011.8 MB/s  Total:  433.72 GB
[  220.9s] IOs:    113797139  IOPS:   515047  Throughput:  2011.9 MB/s  Total:  434.10 GB
[  221.1s] IOs:    113897250  IOPS:   515073  Throughput:  2012.0 MB/s  Total:  434.48 GB
[  221.3s] IOs:    113998195  IOPS:   515101  Throughput:  2012.1 MB/s  Total:  434.87 GB
[  221.5s] IOs:    114098947  IOPS:   515120  Throughput:  2012.2 MB/s  Total:  435.25 GB
[  221.7s] IOs:    114199820  IOPS:   515149  Throughput:  2012.3 MB/s  Total:  435.64 GB
[  221.9s] IOs:    114300769  IOPS:   515161  Throughput:  2012.3 MB/s  Total:  436.02 GB
[  222.1s] IOs:    114401654  IOPS:   515190  Throughput:  2012.5 MB/s  Total:  436.41 GB
[  222.2s] IOs:    114502295  IOPS:   515212  Throughput:  2012.5 MB/s  Total:  436.79 GB
[  222.4s] IOs:    114603062  IOPS:   515239  Throughput:  2012.7 MB/s  Total:  437.18 GB
[  222.6s] IOs:    114704008  IOPS:   515241  Throughput:  2012.7 MB/s  Total:  437.56 GB
[  222.8s] IOs:    114804708  IOPS:   515227  Throughput:  2012.6 MB/s  Total:  437.95 GB
[  223.0s] IOs:    114905527  IOPS:   515209  Throughput:  2012.5 MB/s  Total:  438.33 GB
[  223.2s] IOs:    115006487  IOPS:   515215  Throughput:  2012.6 MB/s  Total:  438.71 GB
[  223.4s] IOs:    115106572  IOPS:   515245  Throughput:  2012.7 MB/s  Total:  439.10 GB
[  223.6s] IOs:    115207326  IOPS:   515271  Throughput:  2012.8 MB/s  Total:  439.48 GB
[  223.8s] IOs:    115308055  IOPS:   515300  Throughput:  2012.9 MB/s  Total:  439.87 GB
[  224.0s] IOs:    115409028  IOPS:   515288  Throughput:  2012.8 MB/s  Total:  440.25 GB
[  224.2s] IOs:    115509118  IOPS:   515305  Throughput:  2012.9 MB/s  Total:  440.63 GB
[  224.3s] IOs:    115610034  IOPS:   515326  Throughput:  2013.0 MB/s  Total:  441.02 GB
[  224.5s] IOs:    115710842  IOPS:   515316  Throughput:  2013.0 MB/s  Total:  441.40 GB
[  224.7s] IOs:    115811626  IOPS:   515346  Throughput:  2013.1 MB/s  Total:  441.79 GB
[  224.9s] IOs:    115912495  IOPS:   515359  Throughput:  2013.1 MB/s  Total:  442.17 GB
[  225.1s] IOs:    116012585  IOPS:   515385  Throughput:  2013.2 MB/s  Total:  442.55 GB
[  225.3s] IOs:    116113469  IOPS:   515404  Throughput:  2013.3 MB/s  Total:  442.94 GB
[  225.5s] IOs:    116214323  IOPS:   515392  Throughput:  2013.3 MB/s  Total:  443.32 GB
[  225.7s] IOs:    116315170  IOPS:   515404  Throughput:  2013.3 MB/s  Total:  443.71 GB
[  225.9s] IOs:    116415955  IOPS:   515396  Throughput:  2013.3 MB/s  Total:  444.09 GB
[  226.1s] IOs:    116516738  IOPS:   515429  Throughput:  2013.4 MB/s  Total:  444.48 GB
[  226.2s] IOs:    116617600  IOPS:   515447  Throughput:  2013.5 MB/s  Total:  444.86 GB
[  226.4s] IOs:    116718402  IOPS:   515453  Throughput:  2013.5 MB/s  Total:  445.25 GB
[  226.6s] IOs:    116819385  IOPS:   515478  Throughput:  2013.6 MB/s  Total:  445.63 GB
[  226.8s] IOs:    116920092  IOPS:   515487  Throughput:  2013.6 MB/s  Total:  446.01 GB
[Reader] Parsed 17000000 lines, distributed 116962176 writes, unique 179.97 GB, skipped 0
[  227.0s] IOs:    117020800  IOPS:   515475  Throughput:  2013.6 MB/s  Total:  446.40 GB
[  227.2s] IOs:    117121691  IOPS:   515505  Throughput:  2013.7 MB/s  Total:  446.78 GB
[  227.4s] IOs:    117222371  IOPS:   515529  Throughput:  2013.8 MB/s  Total:  447.17 GB
[  227.6s] IOs:    117323088  IOPS:   515535  Throughput:  2013.8 MB/s  Total:  447.55 GB
[  227.8s] IOs:    117423916  IOPS:   515542  Throughput:  2013.8 MB/s  Total:  447.94 GB
[  227.9s] IOs:    117524840  IOPS:   515576  Throughput:  2014.0 MB/s  Total:  448.32 GB
[  228.2s] IOs:    117625608  IOPS:   515553  Throughput:  2013.9 MB/s  Total:  448.71 GB
[  228.4s] IOs:    117726364  IOPS:   515542  Throughput:  2013.8 MB/s  Total:  449.09 GB
[  228.5s] IOs:    117827194  IOPS:   515564  Throughput:  2013.9 MB/s  Total:  449.48 GB
[  228.7s] IOs:    117927861  IOPS:   515584  Throughput:  2014.0 MB/s  Total:  449.86 GB
[  228.9s] IOs:    118028626  IOPS:   515583  Throughput:  2014.0 MB/s  Total:  450.24 GB
[  229.1s] IOs:    118128654  IOPS:   515594  Throughput:  2014.0 MB/s  Total:  450.63 GB
[  229.3s] IOs:    118229553  IOPS:   515583  Throughput:  2014.0 MB/s  Total:  451.01 GB
[  229.5s] IOs:    118329571  IOPS:   515586  Throughput:  2014.0 MB/s  Total:  451.39 GB
[  229.7s] IOs:    118430448  IOPS:   515588  Throughput:  2014.0 MB/s  Total:  451.78 GB
[  229.9s] IOs:    118531129  IOPS:   515609  Throughput:  2014.1 MB/s  Total:  452.16 GB
[  230.1s] IOs:    118632028  IOPS:   515639  Throughput:  2014.2 MB/s  Total:  452.55 GB
[  230.3s] IOs:    118732106  IOPS:   515640  Throughput:  2014.2 MB/s  Total:  452.93 GB
[  230.4s] IOs:    118832953  IOPS:   515660  Throughput:  2014.3 MB/s  Total:  453.31 GB
[  230.6s] IOs:    118933709  IOPS:   515678  Throughput:  2014.4 MB/s  Total:  453.70 GB
[  230.8s] IOs:    119034632  IOPS:   515682  Throughput:  2014.4 MB/s  Total:  454.08 GB
[  231.0s] IOs:    119135641  IOPS:   515697  Throughput:  2014.4 MB/s  Total:  454.47 GB
[  231.2s] IOs:    119236487  IOPS:   515710  Throughput:  2014.5 MB/s  Total:  454.85 GB
[  231.4s] IOs:    119336526  IOPS:   515742  Throughput:  2014.6 MB/s  Total:  455.23 GB
[  231.6s] IOs:    119437373  IOPS:   515765  Throughput:  2014.7 MB/s  Total:  455.62 GB
[  231.8s] IOs:    119538147  IOPS:   515774  Throughput:  2014.7 MB/s  Total:  456.00 GB
[  232.0s] IOs:    119639023  IOPS:   515790  Throughput:  2014.8 MB/s  Total:  456.39 GB
[  232.1s] IOs:    119739953  IOPS:   515815  Throughput:  2014.9 MB/s  Total:  456.77 GB
[  232.3s] IOs:    119840761  IOPS:   515842  Throughput:  2015.0 MB/s  Total:  457.16 GB
[  232.5s] IOs:    119941623  IOPS:   515824  Throughput:  2014.9 MB/s  Total:  457.54 GB
[  232.7s] IOs:    120042239  IOPS:   515843  Throughput:  2015.0 MB/s  Total:  457.92 GB
[  232.9s] IOs:    120143135  IOPS:   515850  Throughput:  2015.0 MB/s  Total:  458.31 GB
[  233.1s] IOs:    120244144  IOPS:   515860  Throughput:  2015.1 MB/s  Total:  458.70 GB
[  233.3s] IOs:    120345150  IOPS:   515887  Throughput:  2015.2 MB/s  Total:  459.08 GB
[  233.5s] IOs:    120445704  IOPS:   515904  Throughput:  2015.3 MB/s  Total:  459.46 GB
[  233.7s] IOs:    120546496  IOPS:   515912  Throughput:  2015.3 MB/s  Total:  459.85 GB
[  233.8s] IOs:    120647238  IOPS:   515942  Throughput:  2015.4 MB/s  Total:  460.23 GB
[  234.0s] IOs:    120748226  IOPS:   515964  Throughput:  2015.5 MB/s  Total:  460.62 GB
[  234.2s] IOs:    120849073  IOPS:   515965  Throughput:  2015.5 MB/s  Total:  461.00 GB
[  234.4s] IOs:    120950023  IOPS:   515985  Throughput:  2015.6 MB/s  Total:  461.39 GB
[  234.6s] IOs:    121050695  IOPS:   516022  Throughput:  2015.7 MB/s  Total:  461.77 GB
[  234.8s] IOs:    121151669  IOPS:   516021  Throughput:  2015.7 MB/s  Total:  462.16 GB
[  235.0s] IOs:    121251702  IOPS:   516049  Throughput:  2015.8 MB/s  Total:  462.54 GB
[  235.2s] IOs:    121352512  IOPS:   516050  Throughput:  2015.8 MB/s  Total:  462.92 GB
[  235.4s] IOs:    121452538  IOPS:   516047  Throughput:  2015.8 MB/s  Total:  463.30 GB
[  235.5s] IOs:    121553392  IOPS:   516060  Throughput:  2015.9 MB/s  Total:  463.69 GB
[  235.7s] IOs:    121653966  IOPS:   516030  Throughput:  2015.7 MB/s  Total:  464.07 GB
[  235.9s] IOs:    121754974  IOPS:   516053  Throughput:  2015.8 MB/s  Total:  464.46 GB
[  236.1s] IOs:    121855768  IOPS:   516075  Throughput:  2015.9 MB/s  Total:  464.84 GB
[Reader] Parsed 18000000 lines, distributed 121863241 writes, unique 183.96 GB, skipped 0
[  236.3s] IOs:    121956509  IOPS:   516096  Throughput:  2016.0 MB/s  Total:  465.23 GB
[  236.5s] IOs:    122057127  IOPS:   516107  Throughput:  2016.0 MB/s  Total:  465.61 GB
[  236.7s] IOs:    122157835  IOPS:   516103  Throughput:  2016.0 MB/s  Total:  466.00 GB
[  236.9s] IOs:    122258844  IOPS:   516127  Throughput:  2016.1 MB/s  Total:  466.38 GB
[  237.1s] IOs:    122359141  IOPS:   516161  Throughput:  2016.3 MB/s  Total:  466.76 GB
[  237.2s] IOs:    122460102  IOPS:   516180  Throughput:  2016.3 MB/s  Total:  467.15 GB
[  237.4s] IOs:    122560923  IOPS:   516210  Throughput:  2016.4 MB/s  Total:  467.53 GB
[  237.6s] IOs:    122661638  IOPS:   516225  Throughput:  2016.5 MB/s  Total:  467.92 GB
[  237.8s] IOs:    122761698  IOPS:   516237  Throughput:  2016.6 MB/s  Total:  468.30 GB
[  238.0s] IOs:    122862647  IOPS:   516266  Throughput:  2016.7 MB/s  Total:  468.68 GB
[  238.2s] IOs:    122963625  IOPS:   516292  Throughput:  2016.8 MB/s  Total:  469.07 GB
[  238.4s] IOs:    123064275  IOPS:   516297  Throughput:  2016.8 MB/s  Total:  469.45 GB
[  238.5s] IOs:    123164281  IOPS:   516310  Throughput:  2016.8 MB/s  Total:  469.83 GB
[  238.7s] IOs:    123265103  IOPS:   516339  Throughput:  2016.9 MB/s  Total:  470.22 GB
[  238.9s] IOs:    123366107  IOPS:   516365  Throughput:  2017.1 MB/s  Total:  470.60 GB
[  239.1s] IOs:    123466971  IOPS:   516377  Throughput:  2017.1 MB/s  Total:  470.99 GB
[  239.3s] IOs:    123567780  IOPS:   516397  Throughput:  2017.2 MB/s  Total:  471.37 GB
[  239.5s] IOs:    123668773  IOPS:   516425  Throughput:  2017.3 MB/s  Total:  471.76 GB
[  239.7s] IOs:    123769732  IOPS:   516419  Throughput:  2017.3 MB/s  Total:  472.14 GB
[  239.9s] IOs:    123870624  IOPS:   516443  Throughput:  2017.4 MB/s  Total:  472.53 GB
[  240.0s] IOs:    123971565  IOPS:   516444  Throughput:  2017.4 MB/s  Total:  472.91 GB
[  240.2s] IOs:    124072366  IOPS:   516471  Throughput:  2017.5 MB/s  Total:  473.30 GB
[  240.4s] IOs:    124173015  IOPS:   516480  Throughput:  2017.5 MB/s  Total:  473.68 GB
[  240.6s] IOs:    124274021  IOPS:   516483  Throughput:  2017.5 MB/s  Total:  474.07 GB
[  240.8s] IOs:    124374095  IOPS:   516509  Throughput:  2017.6 MB/s  Total:  474.45 GB
[  241.0s] IOs:    124475003  IOPS:   516526  Throughput:  2017.7 MB/s  Total:  474.83 GB
[  241.2s] IOs:    124575909  IOPS:   516556  Throughput:  2017.8 MB/s  Total:  475.22 GB
[  241.4s] IOs:    124676514  IOPS:   516540  Throughput:  2017.7 MB/s  Total:  475.60 GB
[  241.6s] IOs:    124777418  IOPS:   516541  Throughput:  2017.7 MB/s  Total:  475.99 GB
[  241.8s] IOs:    124877426  IOPS:   516556  Throughput:  2017.8 MB/s  Total:  476.37 GB
[  241.9s] IOs:    124977530  IOPS:   516578  Throughput:  2017.9 MB/s  Total:  476.75 GB
[  242.1s] IOs:    125077579  IOPS:   516599  Throughput:  2018.0 MB/s  Total:  477.13 GB
[  242.3s] IOs:    125178338  IOPS:   516622  Throughput:  2018.1 MB/s  Total:  477.52 GB
[  242.5s] IOs:    125279059  IOPS:   516649  Throughput:  2018.2 MB/s  Total:  477.90 GB
[  242.7s] IOs:    125379903  IOPS:   516660  Throughput:  2018.2 MB/s  Total:  478.29 GB
[  242.9s] IOs:    125479959  IOPS:   516685  Throughput:  2018.3 MB/s  Total:  478.67 GB
[  243.0s] IOs:    125580161  IOPS:   516710  Throughput:  2018.4 MB/s  Total:  479.05 GB
[  243.2s] IOs:    125680769  IOPS:   516733  Throughput:  2018.5 MB/s  Total:  479.43 GB
[  243.4s] IOs:    125781439  IOPS:   516738  Throughput:  2018.5 MB/s  Total:  479.82 GB
[  243.6s] IOs:    125882292  IOPS:   516739  Throughput:  2018.5 MB/s  Total:  480.20 GB
[  243.8s] IOs:    125983200  IOPS:   516765  Throughput:  2018.6 MB/s  Total:  480.59 GB
[Reader] Parsed 19000000 lines, distributed 125993803 writes, unique 185.66 GB, skipped 0
[  244.0s] IOs:    126083429  IOPS:   516778  Throughput:  2018.7 MB/s  Total:  480.97 GB
[  244.2s] IOs:    126184399  IOPS:   516797  Throughput:  2018.7 MB/s  Total:  481.36 GB
[  244.4s] IOs:    126285047  IOPS:   516815  Throughput:  2018.8 MB/s  Total:  481.74 GB
[  244.5s] IOs:    126386012  IOPS:   516829  Throughput:  2018.9 MB/s  Total:  482.12 GB
[  244.7s] IOs:    126486885  IOPS:   516845  Throughput:  2018.9 MB/s  Total:  482.51 GB
[  244.9s] IOs:    126587022  IOPS:   516854  Throughput:  2019.0 MB/s  Total:  482.89 GB
[  245.1s] IOs:    126687693  IOPS:   516877  Throughput:  2019.1 MB/s  Total:  483.28 GB
[  245.3s] IOs:    126788555  IOPS:   516896  Throughput:  2019.1 MB/s  Total:  483.66 GB
[  245.5s] IOs:    126889420  IOPS:   516910  Throughput:  2019.2 MB/s  Total:  484.04 GB
[  245.7s] IOs:    126990342  IOPS:   516910  Throughput:  2019.2 MB/s  Total:  484.43 GB
[  245.9s] IOs:    127090464  IOPS:   516909  Throughput:  2019.2 MB/s  Total:  484.81 GB
[  246.0s] IOs:    127191253  IOPS:   516937  Throughput:  2019.3 MB/s  Total:  485.20 GB
[  246.2s] IOs:    127291842  IOPS:   516947  Throughput:  2019.3 MB/s  Total:  485.58 GB
[  246.4s] IOs:    127392673  IOPS:   516959  Throughput:  2019.4 MB/s  Total:  485.96 GB
[  246.6s] IOs:    127493347  IOPS:   516962  Throughput:  2019.4 MB/s  Total:  486.35 GB
[  246.8s] IOs:    127594306  IOPS:   516981  Throughput:  2019.5 MB/s  Total:  486.73 GB
[  247.0s] IOs:    127695096  IOPS:   516992  Throughput:  2019.5 MB/s  Total:  487.12 GB
[  247.2s] IOs:    127795968  IOPS:   517010  Throughput:  2019.6 MB/s  Total:  487.50 GB
[  247.4s] IOs:    127896818  IOPS:   517039  Throughput:  2019.7 MB/s  Total:  487.89 GB
[  247.6s] IOs:    127997658  IOPS:   517029  Throughput:  2019.6 MB/s  Total:  488.27 GB
[  247.7s] IOs:    128098506  IOPS:   517050  Throughput:  2019.7 MB/s  Total:  488.66 GB
[  247.9s] IOs:    128198538  IOPS:   517062  Throughput:  2019.8 MB/s  Total:  489.04 GB
[  248.1s] IOs:    128299468  IOPS:   517079  Throughput:  2019.8 MB/s  Total:  489.42 GB
[  248.3s] IOs:    128400249  IOPS:   517086  Throughput:  2019.9 MB/s  Total:  489.81 GB
[  248.5s] IOs:    128500910  IOPS:   517076  Throughput:  2019.8 MB/s  Total:  490.19 GB
[  248.7s] IOs:    128601743  IOPS:   517090  Throughput:  2019.9 MB/s  Total:  490.58 GB
[  248.9s] IOs:    128702560  IOPS:   517097  Throughput:  2019.9 MB/s  Total:  490.96 GB
[  249.1s] IOs:    128803575  IOPS:   517114  Throughput:  2020.0 MB/s  Total:  491.35 GB
[  249.3s] IOs:    128904086  IOPS:   517141  Throughput:  2020.1 MB/s  Total:  491.73 GB
[  249.5s] IOs:    129004941  IOPS:   517125  Throughput:  2020.0 MB/s  Total:  492.11 GB
[  249.7s] IOs:    129105779  IOPS:   517098  Throughput:  2019.9 MB/s  Total:  492.50 GB
[  249.9s] IOs:    129205823  IOPS:   517108  Throughput:  2020.0 MB/s  Total:  492.88 GB
[  250.1s] IOs:    129306645  IOPS:   517120  Throughput:  2020.0 MB/s  Total:  493.27 GB
[  250.2s] IOs:    129407468  IOPS:   517134  Throughput:  2020.1 MB/s  Total:  493.65 GB
[  250.4s] IOs:    129508381  IOPS:   517144  Throughput:  2020.1 MB/s  Total:  494.04 GB
[  250.6s] IOs:    129608395  IOPS:   517146  Throughput:  2020.1 MB/s  Total:  494.42 GB
[  250.8s] IOs:    129708434  IOPS:   517118  Throughput:  2020.0 MB/s  Total:  494.80 GB
[  251.0s] IOs:    129809397  IOPS:   517146  Throughput:  2020.1 MB/s  Total:  495.18 GB
[  251.2s] IOs:    129910082  IOPS:   517141  Throughput:  2020.1 MB/s  Total:  495.57 GB
[  251.4s] IOs:    130010756  IOPS:   517172  Throughput:  2020.2 MB/s  Total:  495.95 GB
[  251.6s] IOs:    130110783  IOPS:   517196  Throughput:  2020.3 MB/s  Total:  496.33 GB
[  251.8s] IOs:    130210808  IOPS:   517213  Throughput:  2020.4 MB/s  Total:  496.71 GB
[  251.9s] IOs:    130310829  IOPS:   517221  Throughput:  2020.4 MB/s  Total:  497.10 GB
[  252.1s] IOs:    130411596  IOPS:   517227  Throughput:  2020.4 MB/s  Total:  497.48 GB
[  252.3s] IOs:    130512357  IOPS:   517253  Throughput:  2020.5 MB/s  Total:  497.87 GB
[  252.5s] IOs:    130612995  IOPS:   517253  Throughput:  2020.5 MB/s  Total:  498.25 GB
[  252.7s] IOs:    130712999  IOPS:   517279  Throughput:  2020.6 MB/s  Total:  498.63 GB
[Reader] Parsed 20000000 lines, distributed 130735448 writes, unique 188.18 GB, skipped 0
[  252.9s] IOs:    130813974  IOPS:   517299  Throughput:  2020.7 MB/s  Total:  499.02 GB
[  253.1s] IOs:    130914564  IOPS:   517307  Throughput:  2020.7 MB/s  Total:  499.40 GB
[  253.3s] IOs:    131015231  IOPS:   517318  Throughput:  2020.8 MB/s  Total:  499.78 GB
[  253.5s] IOs:    131115908  IOPS:   517322  Throughput:  2020.8 MB/s  Total:  500.17 GB
[  253.6s] IOs:    131216070  IOPS:   517348  Throughput:  2020.9 MB/s  Total:  500.55 GB
[  253.8s] IOs:    131316119  IOPS:   517372  Throughput:  2021.0 MB/s  Total:  500.93 GB
[  254.0s] IOs:    131416634  IOPS:   517388  Throughput:  2021.0 MB/s  Total:  501.31 GB
[  254.2s] IOs:    131517383  IOPS:   517385  Throughput:  2021.0 MB/s  Total:  501.70 GB
[  254.4s] IOs:    131618118  IOPS:   517385  Throughput:  2021.0 MB/s  Total:  502.08 GB
[  254.6s] IOs:    131718128  IOPS:   517397  Throughput:  2021.1 MB/s  Total:  502.46 GB
[  254.8s] IOs:    131819082  IOPS:   517407  Throughput:  2021.1 MB/s  Total:  502.85 GB
[  255.0s] IOs:    131919932  IOPS:   517409  Throughput:  2021.1 MB/s  Total:  503.23 GB
[  255.2s] IOs:    132020671  IOPS:   517423  Throughput:  2021.2 MB/s  Total:  503.62 GB
[  255.3s] IOs:    132121369  IOPS:   517421  Throughput:  2021.2 MB/s  Total:  504.00 GB
[  255.6s] IOs:    132222328  IOPS:   517384  Throughput:  2021.0 MB/s  Total:  504.39 GB
[  255.7s] IOs:    132322357  IOPS:   517415  Throughput:  2021.2 MB/s  Total:  504.77 GB
[  255.9s] IOs:    132423183  IOPS:   517417  Throughput:  2021.2 MB/s  Total:  505.15 GB
[  256.1s] IOs:    132524000  IOPS:   517440  Throughput:  2021.3 MB/s  Total:  505.54 GB
[  256.3s] IOs:    132624831  IOPS:   517441  Throughput:  2021.3 MB/s  Total:  505.92 GB
[  256.5s] IOs:    132725852  IOPS:   517466  Throughput:  2021.4 MB/s  Total:  506.31 GB
[  256.7s] IOs:    132826780  IOPS:   517487  Throughput:  2021.4 MB/s  Total:  506.69 GB
[  256.9s] IOs:    132927791  IOPS:   517514  Throughput:  2021.5 MB/s  Total:  507.08 GB
[  257.1s] IOs:    133028557  IOPS:   517517  Throughput:  2021.6 MB/s  Total:  507.46 GB
[  257.2s] IOs:    133129300  IOPS:   517536  Throughput:  2021.6 MB/s  Total:  507.85 GB
[  257.4s] IOs:    133230074  IOPS:   517544  Throughput:  2021.7 MB/s  Total:  508.23 GB
[  257.6s] IOs:    133330967  IOPS:   517546  Throughput:  2021.7 MB/s  Total:  508.62 GB
[  257.8s] IOs:    133431810  IOPS:   517561  Throughput:  2021.7 MB/s  Total:  509.00 GB
[  258.0s] IOs:    133532626  IOPS:   517579  Throughput:  2021.8 MB/s  Total:  509.39 GB
[  258.2s] IOs:    133633426  IOPS:   517606  Throughput:  2021.9 MB/s  Total:  509.77 GB
[  258.4s] IOs:    133734077  IOPS:   517595  Throughput:  2021.9 MB/s  Total:  510.16 GB
[  258.6s] IOs:    133834933  IOPS:   517600  Throughput:  2021.9 MB/s  Total:  510.54 GB
[  258.8s] IOs:    133935030  IOPS:   517613  Throughput:  2021.9 MB/s  Total:  510.92 GB
[  258.9s] IOs:    134035947  IOPS:   517637  Throughput:  2022.0 MB/s  Total:  511.31 GB
[  259.1s] IOs:    134136780  IOPS:   517657  Throughput:  2022.1 MB/s  Total:  511.69 GB
[  259.3s] IOs:    134237530  IOPS:   517670  Throughput:  2022.1 MB/s  Total:  512.08 GB
[  259.5s] IOs:    134338335  IOPS:   517675  Throughput:  2022.2 MB/s  Total:  512.46 GB
[  259.7s] IOs:    134439342  IOPS:   517676  Throughput:  2022.2 MB/s  Total:  512.85 GB
[  259.9s] IOs:    134540218  IOPS:   517658  Throughput:  2022.1 MB/s  Total:  513.23 GB
[  260.1s] IOs:    134641134  IOPS:   517672  Throughput:  2022.2 MB/s  Total:  513.62 GB
[  260.3s] IOs:    134741974  IOPS:   517677  Throughput:  2022.2 MB/s  Total:  514.00 GB
[  260.5s] IOs:    134842824  IOPS:   517697  Throughput:  2022.3 MB/s  Total:  514.38 GB
[  264.5s] IOs:    134942830  IOPS:   510120  Throughput:  1992.7 MB/s  Total:  514.77 GB
[  264.7s] IOs:    135042917  IOPS:   510114  Throughput:  1992.6 MB/s  Total:  515.15 GB
[  264.9s] IOs:    135143763  IOPS:   510101  Throughput:  1992.6 MB/s  Total:  515.53 GB
[  265.1s] IOs:    135244072  IOPS:   510112  Throughput:  1992.6 MB/s  Total:  515.92 GB
[  265.3s] IOs:    135344468  IOPS:   510064  Throughput:  1992.4 MB/s  Total:  516.30 GB
[  265.6s] IOs:    135445478  IOPS:   509980  Throughput:  1992.1 MB/s  Total:  516.68 GB
[  265.8s] IOs:    135545528  IOPS:   509934  Throughput:  1991.9 MB/s  Total:  517.07 GB
[Reader] Parsed 21000000 lines, distributed 135556497 writes, unique 191.16 GB, skipped 0
[  266.0s] IOs:    135646478  IOPS:   509900  Throughput:  1991.8 MB/s  Total:  517.45 GB
[  266.2s] IOs:    135746637  IOPS:   509848  Throughput:  1991.6 MB/s  Total:  517.83 GB
[  266.5s] IOs:    135846892  IOPS:   509772  Throughput:  1991.3 MB/s  Total:  518.21 GB
[  266.7s] IOs:    135947097  IOPS:   509745  Throughput:  1991.2 MB/s  Total:  518.60 GB
[  266.9s] IOs:    136047183  IOPS:   509754  Throughput:  1991.2 MB/s  Total:  518.98 GB
[  267.1s] IOs:    136148113  IOPS:   509728  Throughput:  1991.1 MB/s  Total:  519.36 GB
[  267.3s] IOs:    136248974  IOPS:   509724  Throughput:  1991.1 MB/s  Total:  519.75 GB
[  267.5s] IOs:    136349934  IOPS:   509670  Throughput:  1990.9 MB/s  Total:  520.13 GB
[  267.7s] IOs:    136450956  IOPS:   509622  Throughput:  1990.7 MB/s  Total:  520.52 GB
[  268.0s] IOs:    136550976  IOPS:   509574  Throughput:  1990.5 MB/s  Total:  520.90 GB
[  268.2s] IOs:    136651955  IOPS:   509586  Throughput:  1990.6 MB/s  Total:  521.29 GB
[  268.4s] IOs:    136752931  IOPS:   509508  Throughput:  1990.3 MB/s  Total:  521.67 GB
[  268.7s] IOs:    136853469  IOPS:   509356  Throughput:  1989.7 MB/s  Total:  522.05 GB
[  268.9s] IOs:    136954306  IOPS:   509315  Throughput:  1989.5 MB/s  Total:  522.44 GB
[  269.1s] IOs:    137054927  IOPS:   509300  Throughput:  1989.5 MB/s  Total:  522.82 GB
[  269.4s] IOs:    137155652  IOPS:   509068  Throughput:  1988.5 MB/s  Total:  523.21 GB
[  269.6s] IOs:    137256524  IOPS:   509044  Throughput:  1988.5 MB/s  Total:  523.59 GB
[  269.9s] IOs:    137357294  IOPS:   508907  Throughput:  1987.9 MB/s  Total:  523.98 GB
[  270.1s] IOs:    137457629  IOPS:   508893  Throughput:  1987.9 MB/s  Total:  524.36 GB
[  270.5s] IOs:    137558290  IOPS:   508607  Throughput:  1986.7 MB/s  Total:  524.74 GB
[  270.7s] IOs:    137658952  IOPS:   508579  Throughput:  1986.6 MB/s  Total:  525.13 GB
[  270.9s] IOs:    137759930  IOPS:   508543  Throughput:  1986.5 MB/s  Total:  525.51 GB
[  271.1s] IOs:    137860884  IOPS:   508476  Throughput:  1986.2 MB/s  Total:  525.90 GB
[  271.3s] IOs:    137961639  IOPS:   508465  Throughput:  1986.2 MB/s  Total:  526.28 GB
[  271.5s] IOs:    138062106  IOPS:   508468  Throughput:  1986.2 MB/s  Total:  526.67 GB
[  271.8s] IOs:    138162920  IOPS:   508346  Throughput:  1985.7 MB/s  Total:  527.05 GB
[  272.0s] IOs:    138263393  IOPS:   508344  Throughput:  1985.7 MB/s  Total:  527.43 GB
[  272.2s] IOs:    138364297  IOPS:   508375  Throughput:  1985.8 MB/s  Total:  527.82 GB
[  272.4s] IOs:    138465096  IOPS:   508320  Throughput:  1985.6 MB/s  Total:  528.20 GB
[  272.6s] IOs:    138565635  IOPS:   508309  Throughput:  1985.6 MB/s  Total:  528.59 GB
[  272.8s] IOs:    138666371  IOPS:   508294  Throughput:  1985.5 MB/s  Total:  528.97 GB
[  273.0s] IOs:    138767055  IOPS:   508276  Throughput:  1985.5 MB/s  Total:  529.35 GB
[  273.3s] IOs:    138867929  IOPS:   508183  Throughput:  1985.1 MB/s  Total:  529.74 GB
[  273.5s] IOs:    138968488  IOPS:   508185  Throughput:  1985.1 MB/s  Total:  530.12 GB
[  273.7s] IOs:    139069515  IOPS:   508161  Throughput:  1985.0 MB/s  Total:  530.51 GB
[  273.9s] IOs:    139170116  IOPS:   508090  Throughput:  1984.7 MB/s  Total:  530.89 GB
[  274.1s] IOs:    139271029  IOPS:   508064  Throughput:  1984.6 MB/s  Total:  531.28 GB
[  274.3s] IOs:    139372069  IOPS:   508054  Throughput:  1984.6 MB/s  Total:  531.66 GB
[  274.7s] IOs:    139472547  IOPS:   507708  Throughput:  1983.2 MB/s  Total:  532.05 GB
[  274.9s] IOs:    139572833  IOPS:   507709  Throughput:  1983.2 MB/s  Total:  532.43 GB
[  275.3s] IOs:    139673617  IOPS:   507312  Throughput:  1981.7 MB/s  Total:  532.81 GB
[  275.5s] IOs:    139774267  IOPS:   507266  Throughput:  1981.5 MB/s  Total:  533.20 GB
[  275.8s] IOs:    139874351  IOPS:   507122  Throughput:  1980.9 MB/s  Total:  533.58 GB
[  276.1s] IOs:    139974399  IOPS:   507045  Throughput:  1980.6 MB/s  Total:  533.96 GB
[  276.4s] IOs:    140075249  IOPS:   506858  Throughput:  1979.9 MB/s  Total:  534.34 GB
[  276.6s] IOs:    140175488  IOPS:   506872  Throughput:  1980.0 MB/s  Total:  534.73 GB
[  276.9s] IOs:    140275852  IOPS:   506533  Throughput:  1978.6 MB/s  Total:  535.11 GB
[  277.3s] IOs:    140375903  IOPS:   506275  Throughput:  1977.6 MB/s  Total:  535.49 GB
[  277.5s] IOs:    140476240  IOPS:   506263  Throughput:  1977.6 MB/s  Total:  535.87 GB
[  277.8s] IOs:    140576534  IOPS:   505994  Throughput:  1976.5 MB/s  Total:  536.26 GB
[  278.0s] IOs:    140677048  IOPS:   505980  Throughput:  1976.5 MB/s  Total:  536.64 GB
[Reader] Parsed 22000000 lines, distributed 140706870 writes, unique 196.03 GB, skipped 0
[  278.4s] IOs:    140777416  IOPS:   505630  Throughput:  1975.1 MB/s  Total:  537.02 GB
[  278.6s] IOs:    140877503  IOPS:   505623  Throughput:  1975.1 MB/s  Total:  537.41 GB
[  278.8s] IOs:    140977736  IOPS:   505655  Throughput:  1975.2 MB/s  Total:  537.79 GB
[  279.0s] IOs:    141078180  IOPS:   505672  Throughput:  1975.3 MB/s  Total:  538.17 GB
[  279.3s] IOs:    141178574  IOPS:   505481  Throughput:  1974.5 MB/s  Total:  538.55 GB
[  279.5s] IOs:    141279159  IOPS:   505488  Throughput:  1974.6 MB/s  Total:  538.94 GB
[  279.8s] IOs:    141379350  IOPS:   505252  Throughput:  1973.6 MB/s  Total:  539.32 GB
[  280.0s] IOs:    141480123  IOPS:   505247  Throughput:  1973.6 MB/s  Total:  539.70 GB
[  280.2s] IOs:    141580695  IOPS:   505269  Throughput:  1973.7 MB/s  Total:  540.09 GB
[  280.4s] IOs:    141681096  IOPS:   505286  Throughput:  1973.8 MB/s  Total:  540.47 GB
[  280.6s] IOs:    141781672  IOPS:   505332  Throughput:  1974.0 MB/s  Total:  540.85 GB
[  280.8s] IOs:    141881842  IOPS:   505205  Throughput:  1973.5 MB/s  Total:  541.24 GB
[  281.0s] IOs:    141982256  IOPS:   505211  Throughput:  1973.5 MB/s  Total:  541.62 GB
[  281.4s] IOs:    142082695  IOPS:   504920  Throughput:  1972.3 MB/s  Total:  542.00 GB
[  281.6s] IOs:    142183107  IOPS:   504946  Throughput:  1972.4 MB/s  Total:  542.39 GB
[  281.9s] IOs:    142283721  IOPS:   504816  Throughput:  1971.9 MB/s  Total:  542.77 GB
[  282.0s] IOs:    142384574  IOPS:   504832  Throughput:  1972.0 MB/s  Total:  543.15 GB
[  282.3s] IOs:    142484803  IOPS:   504714  Throughput:  1971.5 MB/s  Total:  543.54 GB
[  282.6s] IOs:    142584945  IOPS:   504534  Throughput:  1970.8 MB/s  Total:  543.92 GB
[  282.8s] IOs:    142685902  IOPS:   504519  Throughput:  1970.8 MB/s  Total:  544.30 GB
[  283.0s] IOs:    142786917  IOPS:   504465  Throughput:  1970.6 MB/s  Total:  544.69 GB
[  283.3s] IOs:    142887036  IOPS:   504440  Throughput:  1970.5 MB/s  Total:  545.07 GB
[  283.5s] IOs:    142987845  IOPS:   504402  Throughput:  1970.3 MB/s  Total:  545.46 GB
[  283.7s] IOs:    143088669  IOPS:   504358  Throughput:  1970.1 MB/s  Total:  545.84 GB
[  284.0s] IOs:    143189455  IOPS:   504239  Throughput:  1969.7 MB/s  Total:  546.22 GB
[  284.2s] IOs:    143290157  IOPS:   504265  Throughput:  1969.8 MB/s  Total:  546.61 GB
[  284.4s] IOs:    143390545  IOPS:   504269  Throughput:  1969.8 MB/s  Total:  546.99 GB
[  284.6s] IOs:    143490567  IOPS:   504250  Throughput:  1969.7 MB/s  Total:  547.37 GB
[  284.8s] IOs:    143590735  IOPS:   504102  Throughput:  1969.2 MB/s  Total:  547.76 GB
[  285.0s] IOs:    143691119  IOPS:   504107  Throughput:  1969.2 MB/s  Total:  548.14 GB
[  285.3s] IOs:    143791830  IOPS:   504075  Throughput:  1969.0 MB/s  Total:  548.52 GB
[  285.5s] IOs:    143892325  IOPS:   504077  Throughput:  1969.1 MB/s  Total:  548.91 GB
[  285.7s] IOs:    143992771  IOPS:   504069  Throughput:  1969.0 MB/s  Total:  549.29 GB
[  285.9s] IOs:    144093252  IOPS:   504026  Throughput:  1968.9 MB/s  Total:  549.67 GB
[  286.1s] IOs:    144193764  IOPS:   504045  Throughput:  1968.9 MB/s  Total:  550.06 GB
[  286.3s] IOs:    144294301  IOPS:   504035  Throughput:  1968.9 MB/s  Total:  550.44 GB
[  286.6s] IOs:    144394576  IOPS:   503800  Throughput:  1968.0 MB/s  Total:  550.82 GB
[  286.8s] IOs:    144495320  IOPS:   503813  Throughput:  1968.0 MB/s  Total:  551.21 GB
[  287.0s] IOs:    144595377  IOPS:   503784  Throughput:  1967.9 MB/s  Total:  551.59 GB
[  287.3s] IOs:    144695604  IOPS:   503627  Throughput:  1967.3 MB/s  Total:  551.97 GB
[  287.6s] IOs:    144796084  IOPS:   503401  Throughput:  1966.4 MB/s  Total:  552.35 GB
[  287.8s] IOs:    144896658  IOPS:   503391  Throughput:  1966.4 MB/s  Total:  552.74 GB
[  288.0s] IOs:    144997181  IOPS:   503408  Throughput:  1966.4 MB/s  Total:  553.12 GB
[  288.3s] IOs:    145097340  IOPS:   503214  Throughput:  1965.7 MB/s  Total:  553.50 GB
[  288.5s] IOs:    145197872  IOPS:   503212  Throughput:  1965.7 MB/s  Total:  553.89 GB
[  288.8s] IOs:    145298207  IOPS:   503096  Throughput:  1965.2 MB/s  Total:  554.27 GB
[  289.0s] IOs:    145398911  IOPS:   503105  Throughput:  1965.3 MB/s  Total:  554.65 GB
[  289.3s] IOs:    145499448  IOPS:   502897  Throughput:  1964.4 MB/s  Total:  555.04 GB
[  289.7s] IOs:    145600391  IOPS:   502650  Throughput:  1963.5 MB/s  Total:  555.42 GB
[  289.9s] IOs:    145701294  IOPS:   502617  Throughput:  1963.3 MB/s  Total:  555.81 GB
[  290.1s] IOs:    145801458  IOPS:   502594  Throughput:  1963.3 MB/s  Total:  556.19 GB
[Reader] Parsed 23000000 lines, distributed 145822939 writes, unique 201.29 GB, skipped 0
[  290.3s] IOs:    145901650  IOPS:   502535  Throughput:  1963.0 MB/s  Total:  556.57 GB
[  290.6s] IOs:    146001656  IOPS:   502498  Throughput:  1962.9 MB/s  Total:  556.95 GB
[  290.8s] IOs:    146102442  IOPS:   502456  Throughput:  1962.7 MB/s  Total:  557.34 GB
[  291.0s] IOs:    146202487  IOPS:   502445  Throughput:  1962.7 MB/s  Total:  557.72 GB
[  291.2s] IOs:    146303436  IOPS:   502378  Throughput:  1962.4 MB/s  Total:  558.10 GB
[  291.4s] IOs:    146404126  IOPS:   502390  Throughput:  1962.5 MB/s  Total:  558.49 GB
[  291.6s] IOs:    146504585  IOPS:   502403  Throughput:  1962.5 MB/s  Total:  558.87 GB
[  292.0s] IOs:    146605076  IOPS:   502141  Throughput:  1961.5 MB/s  Total:  559.25 GB
[  292.2s] IOs:    146705379  IOPS:   502140  Throughput:  1961.5 MB/s  Total:  559.64 GB
[  292.4s] IOs:    146805658  IOPS:   502085  Throughput:  1961.3 MB/s  Total:  560.02 GB
[  292.6s] IOs:    146906278  IOPS:   502097  Throughput:  1961.3 MB/s  Total:  560.40 GB
[  292.9s] IOs:    147006584  IOPS:   501862  Throughput:  1960.4 MB/s  Total:  560.79 GB
[  293.1s] IOs:    147107143  IOPS:   501877  Throughput:  1960.5 MB/s  Total:  561.17 GB
[  293.3s] IOs:    147207660  IOPS:   501866  Throughput:  1960.4 MB/s  Total:  561.55 GB
[  293.5s] IOs:    147308327  IOPS:   501846  Throughput:  1960.3 MB/s  Total:  561.94 GB
[  293.8s] IOs:    147409098  IOPS:   501723  Throughput:  1959.9 MB/s  Total:  562.32 GB
[  294.0s] IOs:    147509511  IOPS:   501724  Throughput:  1959.9 MB/s  Total:  562.70 GB
[  294.3s] IOs:    147610113  IOPS:   501590  Throughput:  1959.3 MB/s  Total:  563.09 GB
[  294.5s] IOs:    147710612  IOPS:   501578  Throughput:  1959.3 MB/s  Total:  563.47 GB
[  294.7s] IOs:    147810658  IOPS:   501568  Throughput:  1959.3 MB/s  Total:  563.85 GB
[  295.0s] IOs:    147911119  IOPS:   501439  Throughput:  1958.7 MB/s  Total:  564.24 GB
[  295.2s] IOs:    148011680  IOPS:   501445  Throughput:  1958.8 MB/s  Total:  564.62 GB
[  295.4s] IOs:    148112175  IOPS:   501434  Throughput:  1958.7 MB/s  Total:  565.00 GB
[  295.6s] IOs:    148212441  IOPS:   501411  Throughput:  1958.6 MB/s  Total:  565.39 GB
[  295.9s] IOs:    148312829  IOPS:   501148  Throughput:  1957.6 MB/s  Total:  565.77 GB
[  296.2s] IOs:    148413471  IOPS:   501140  Throughput:  1957.6 MB/s  Total:  566.15 GB
[  296.4s] IOs:    148513787  IOPS:   501023  Throughput:  1957.1 MB/s  Total:  566.54 GB
[  296.6s] IOs:    148613992  IOPS:   501065  Throughput:  1957.3 MB/s  Total:  566.92 GB
[  296.9s] IOs:    148714496  IOPS:   500945  Throughput:  1956.8 MB/s  Total:  567.30 GB
[  297.0s] IOs:    148815412  IOPS:   500987  Throughput:  1957.0 MB/s  Total:  567.69 GB
[  297.4s] IOs:    148915764  IOPS:   500808  Throughput:  1956.3 MB/s  Total:  568.07 GB
[  297.5s] IOs:    149016391  IOPS:   500813  Throughput:  1956.3 MB/s  Total:  568.45 GB
[  297.7s] IOs:    149116916  IOPS:   500856  Throughput:  1956.5 MB/s  Total:  568.84 GB
[  297.9s] IOs:    149217453  IOPS:   500849  Throughput:  1956.4 MB/s  Total:  569.22 GB
[  298.1s] IOs:    149317762  IOPS:   500886  Throughput:  1956.6 MB/s  Total:  569.60 GB
[  298.5s] IOs:    149418146  IOPS:   500532  Throughput:  1955.2 MB/s  Total:  569.98 GB
[  298.7s] IOs:    149518782  IOPS:   500514  Throughput:  1955.1 MB/s  Total:  570.37 GB
[  298.9s] IOs:    149619599  IOPS:   500571  Throughput:  1955.4 MB/s  Total:  570.75 GB
[  299.1s] IOs:    149720200  IOPS:   500620  Throughput:  1955.5 MB/s  Total:  571.14 GB
[  299.5s] IOs:    149820425  IOPS:   500220  Throughput:  1954.0 MB/s  Total:  571.52 GB
[  299.7s] IOs:    149920628  IOPS:   500255  Throughput:  1954.1 MB/s  Total:  571.90 GB
[  300.0s] IOs:    150020769  IOPS:   500127  Throughput:  1953.6 MB/s  Total:  572.28 GB
[  300.1s] IOs:    150121678  IOPS:   500170  Throughput:  1953.8 MB/s  Total:  572.67 GB
[  300.5s] IOs:    150222090  IOPS:   499890  Throughput:  1952.7 MB/s  Total:  573.05 GB
[  300.7s] IOs:    150322376  IOPS:   499940  Throughput:  1952.9 MB/s  Total:  573.43 GB
[  300.9s] IOs:    150423340  IOPS:   499879  Throughput:  1952.7 MB/s  Total:  573.82 GB
[Reader] Parsed 24000000 lines, distributed 150469247 writes, unique 203.30 GB, skipped 0
[  301.2s] IOs:    150524266  IOPS:   499727  Throughput:  1952.1 MB/s  Total:  574.20 GB
[  301.4s] IOs:    150624311  IOPS:   499747  Throughput:  1952.1 MB/s  Total:  574.59 GB
[  301.6s] IOs:    150724655  IOPS:   499783  Throughput:  1952.3 MB/s  Total:  574.97 GB
[  302.0s] IOs:    150824680  IOPS:   499424  Throughput:  1950.9 MB/s  Total:  575.35 GB
[  302.2s] IOs:    150925318  IOPS:   499453  Throughput:  1951.0 MB/s  Total:  575.73 GB
[  302.4s] IOs:    151025788  IOPS:   499458  Throughput:  1951.0 MB/s  Total:  576.12 GB
[  302.6s] IOs:    151126006  IOPS:   499455  Throughput:  1951.0 MB/s  Total:  576.50 GB
[  302.9s] IOs:    151226956  IOPS:   499285  Throughput:  1950.3 MB/s  Total:  576.89 GB
[  303.1s] IOs:    151327778  IOPS:   499306  Throughput:  1950.4 MB/s  Total:  577.27 GB
[  303.4s] IOs:    151428362  IOPS:   499099  Throughput:  1949.6 MB/s  Total:  577.65 GB
[  303.6s] IOs:    151529329  IOPS:   499114  Throughput:  1949.7 MB/s  Total:  578.04 GB
[  303.8s] IOs:    151630059  IOPS:   499123  Throughput:  1949.7 MB/s  Total:  578.42 GB
[  304.0s] IOs:    151730852  IOPS:   499150  Throughput:  1949.8 MB/s  Total:  578.81 GB
[  304.2s] IOs:    151831732  IOPS:   499126  Throughput:  1949.7 MB/s  Total:  579.19 GB
[  304.4s] IOs:    151932495  IOPS:   499117  Throughput:  1949.7 MB/s  Total:  579.58 GB
[  304.6s] IOs:    152033307  IOPS:   499147  Throughput:  1949.8 MB/s  Total:  579.96 GB
[  304.8s] IOs:    152134058  IOPS:   499164  Throughput:  1949.9 MB/s  Total:  580.35 GB
[  305.0s] IOs:    152235016  IOPS:   499196  Throughput:  1950.0 MB/s  Total:  580.73 GB
[  305.1s] IOs:    152335837  IOPS:   499218  Throughput:  1950.1 MB/s  Total:  581.12 GB
[  305.3s] IOs:    152436388  IOPS:   499249  Throughput:  1950.2 MB/s  Total:  581.50 GB
[  305.6s] IOs:    152537405  IOPS:   499219  Throughput:  1950.1 MB/s  Total:  581.88 GB
[  305.8s] IOs:    152638159  IOPS:   499225  Throughput:  1950.1 MB/s  Total:  582.27 GB
[  306.0s] IOs:    152738680  IOPS:   499215  Throughput:  1950.1 MB/s  Total:  582.65 GB
[  306.1s] IOs:    152839378  IOPS:   499269  Throughput:  1950.3 MB/s  Total:  583.04 GB
[  306.4s] IOs:    152939710  IOPS:   499187  Throughput:  1949.9 MB/s  Total:  583.42 GB
[  306.6s] IOs:    153040156  IOPS:   499230  Throughput:  1950.1 MB/s  Total:  583.80 GB
[  306.7s] IOs:    153141101  IOPS:   499277  Throughput:  1950.3 MB/s  Total:  584.19 GB
[  307.0s] IOs:    153241600  IOPS:   499221  Throughput:  1950.1 MB/s  Total:  584.57 GB
[  307.1s] IOs:    153342161  IOPS:   499262  Throughput:  1950.2 MB/s  Total:  584.95 GB
[  307.3s] IOs:    153443136  IOPS:   499261  Throughput:  1950.2 MB/s  Total:  585.34 GB
[  307.5s] IOs:    153543136  IOPS:   499292  Throughput:  1950.4 MB/s  Total:  585.72 GB
[  307.8s] IOs:    153643663  IOPS:   499157  Throughput:  1949.8 MB/s  Total:  586.10 GB
[  308.0s] IOs:    153744485  IOPS:   499119  Throughput:  1949.7 MB/s  Total:  586.49 GB
[  308.2s] IOs:    153844512  IOPS:   499152  Throughput:  1949.8 MB/s  Total:  586.87 GB
[  308.4s] IOs:    153945331  IOPS:   499165  Throughput:  1949.9 MB/s  Total:  587.25 GB
[  308.6s] IOs:    154046017  IOPS:   499199  Throughput:  1950.0 MB/s  Total:  587.64 GB
[  308.8s] IOs:    154146603  IOPS:   499200  Throughput:  1950.0 MB/s  Total:  588.02 GB
[  309.0s] IOs:    154246855  IOPS:   499213  Throughput:  1950.1 MB/s  Total:  588.41 GB
[  309.2s] IOs:    154347607  IOPS:   499258  Throughput:  1950.2 MB/s  Total:  588.79 GB
[  309.4s] IOs:    154448254  IOPS:   499168  Throughput:  1949.9 MB/s  Total:  589.17 GB
[  309.6s] IOs:    154548506  IOPS:   499208  Throughput:  1950.0 MB/s  Total:  589.56 GB
[  309.8s] IOs:    154648670  IOPS:   499258  Throughput:  1950.2 MB/s  Total:  589.94 GB
[  310.0s] IOs:    154749694  IOPS:   499248  Throughput:  1950.2 MB/s  Total:  590.32 GB
[  310.2s] IOs:    154850147  IOPS:   499142  Throughput:  1949.8 MB/s  Total:  590.71 GB
[  310.4s] IOs:    154950334  IOPS:   499170  Throughput:  1949.9 MB/s  Total:  591.09 GB
[  310.6s] IOs:    155051123  IOPS:   499152  Throughput:  1949.8 MB/s  Total:  591.47 GB
[  310.8s] IOs:    155152007  IOPS:   499166  Throughput:  1949.9 MB/s  Total:  591.86 GB
[  311.0s] IOs:    155252922  IOPS:   499198  Throughput:  1950.0 MB/s  Total:  592.24 GB
[  311.2s] IOs:    155353910  IOPS:   499225  Throughput:  1950.1 MB/s  Total:  592.63 GB
[  311.4s] IOs:    155454838  IOPS:   499250  Throughput:  1950.2 MB/s  Total:  593.01 GB
[  311.6s] IOs:    155555536  IOPS:   499275  Throughput:  1950.3 MB/s  Total:  593.40 GB
[  311.8s] IOs:    155656504  IOPS:   499287  Throughput:  1950.3 MB/s  Total:  593.78 GB
[  312.0s] IOs:    155756858  IOPS:   499275  Throughput:  1950.3 MB/s  Total:  594.17 GB
[  312.1s] IOs:    155857126  IOPS:   499307  Throughput:  1950.4 MB/s  Total:  594.55 GB
[  312.3s] IOs:    155957383  IOPS:   499333  Throughput:  1950.5 MB/s  Total:  594.93 GB
[  312.5s] IOs:    156058333  IOPS:   499356  Throughput:  1950.6 MB/s  Total:  595.32 GB
[  312.7s] IOs:    156158843  IOPS:   499379  Throughput:  1950.7 MB/s  Total:  595.70 GB
[Reader] Parsed 25000000 lines, distributed 156179461 writes, unique 209.21 GB, skipped 0
[  312.9s] IOs:    156259714  IOPS:   499330  Throughput:  1950.5 MB/s  Total:  596.08 GB
[  313.2s] IOs:    156360601  IOPS:   499163  Throughput:  1949.9 MB/s  Total:  596.47 GB
[  313.4s] IOs:    156461498  IOPS:   499189  Throughput:  1950.0 MB/s  Total:  596.85 GB
[  313.6s] IOs:    156562270  IOPS:   499220  Throughput:  1950.1 MB/s  Total:  597.24 GB
[  313.8s] IOs:    156663068  IOPS:   499251  Throughput:  1950.2 MB/s  Total:  597.62 GB
[  314.0s] IOs:    156763724  IOPS:   499246  Throughput:  1950.2 MB/s  Total:  598.01 GB
[  314.2s] IOs:    156864664  IOPS:   499272  Throughput:  1950.3 MB/s  Total:  598.39 GB
[  314.4s] IOs:    156964673  IOPS:   499292  Throughput:  1950.4 MB/s  Total:  598.77 GB
[  314.6s] IOs:    157065364  IOPS:   499322  Throughput:  1950.5 MB/s  Total:  599.16 GB
[  314.7s] IOs:    157166017  IOPS:   499338  Throughput:  1950.5 MB/s  Total:  599.54 GB
[  315.0s] IOs:    157266515  IOPS:   499314  Throughput:  1950.4 MB/s  Total:  599.92 GB
[  315.2s] IOs:    157367522  IOPS:   499319  Throughput:  1950.5 MB/s  Total:  600.31 GB
[  315.3s] IOs:    157468134  IOPS:   499367  Throughput:  1950.7 MB/s  Total:  600.69 GB
[  315.5s] IOs:    157568430  IOPS:   499420  Throughput:  1950.9 MB/s  Total:  601.08 GB
[  315.7s] IOs:    157668903  IOPS:   499461  Throughput:  1951.0 MB/s  Total:  601.46 GB
[  316.0s] IOs:    157769105  IOPS:   499290  Throughput:  1950.4 MB/s  Total:  601.84 GB
[  316.2s] IOs:    157869629  IOPS:   499340  Throughput:  1950.5 MB/s  Total:  602.22 GB
[  316.3s] IOs:    157970554  IOPS:   499360  Throughput:  1950.6 MB/s  Total:  602.61 GB
[  316.6s] IOs:    158070935  IOPS:   499237  Throughput:  1950.1 MB/s  Total:  602.99 GB
[  316.8s] IOs:    158171558  IOPS:   499253  Throughput:  1950.2 MB/s  Total:  603.38 GB
[  317.0s] IOs:    158271942  IOPS:   499272  Throughput:  1950.3 MB/s  Total:  603.76 GB
[  317.2s] IOs:    158372668  IOPS:   499297  Throughput:  1950.4 MB/s  Total:  604.14 GB
[  317.4s] IOs:    158473514  IOPS:   499328  Throughput:  1950.5 MB/s  Total:  604.53 GB
[  317.6s] IOs:    158574423  IOPS:   499352  Throughput:  1950.6 MB/s  Total:  604.91 GB
[  317.7s] IOs:    158675234  IOPS:   499382  Throughput:  1950.7 MB/s  Total:  605.30 GB
[  317.9s] IOs:    158775886  IOPS:   499392  Throughput:  1950.7 MB/s  Total:  605.68 GB
[  318.1s] IOs:    158876613  IOPS:   499383  Throughput:  1950.7 MB/s  Total:  606.07 GB
[  318.3s] IOs:    158976923  IOPS:   499425  Throughput:  1950.9 MB/s  Total:  606.45 GB
[  318.5s] IOs:    159077291  IOPS:   499410  Throughput:  1950.8 MB/s  Total:  606.83 GB
[  318.7s] IOs:    159177700  IOPS:   499451  Throughput:  1951.0 MB/s  Total:  607.21 GB
[  318.9s] IOs:    159278144  IOPS:   499445  Throughput:  1951.0 MB/s  Total:  607.60 GB
[  319.1s] IOs:    159378318  IOPS:   499491  Throughput:  1951.1 MB/s  Total:  607.98 GB
[  319.4s] IOs:    159478780  IOPS:   499340  Throughput:  1950.5 MB/s  Total:  608.36 GB
[  319.6s] IOs:    159579145  IOPS:   499387  Throughput:  1950.7 MB/s  Total:  608.75 GB
[  319.8s] IOs:    159679210  IOPS:   499302  Throughput:  1950.4 MB/s  Total:  609.13 GB
[  320.0s] IOs:    159779778  IOPS:   499338  Throughput:  1950.5 MB/s  Total:  609.51 GB
[  320.2s] IOs:    159879941  IOPS:   499319  Throughput:  1950.5 MB/s  Total:  609.89 GB
[  320.4s] IOs:    159980313  IOPS:   499283  Throughput:  1950.3 MB/s  Total:  610.28 GB
[  320.6s] IOs:    160080770  IOPS:   499324  Throughput:  1950.5 MB/s  Total:  610.66 GB
[  320.8s] IOs:    160181215  IOPS:   499320  Throughput:  1950.5 MB/s  Total:  611.04 GB
[  321.0s] IOs:    160281591  IOPS:   499354  Throughput:  1950.6 MB/s  Total:  611.43 GB
[  321.3s] IOs:    160382398  IOPS:   499215  Throughput:  1950.1 MB/s  Total:  611.81 GB
[  321.5s] IOs:    160483234  IOPS:   499205  Throughput:  1950.0 MB/s  Total:  612.19 GB
[  321.7s] IOs:    160583642  IOPS:   499235  Throughput:  1950.1 MB/s  Total:  612.58 GB
[  321.9s] IOs:    160684119  IOPS:   499175  Throughput:  1949.9 MB/s  Total:  612.96 GB
[  322.1s] IOs:    160784564  IOPS:   499209  Throughput:  1950.0 MB/s  Total:  613.34 GB
[  322.4s] IOs:    160884896  IOPS:   498988  Throughput:  1949.2 MB/s  Total:  613.73 GB
[  322.6s] IOs:    160985446  IOPS:   499030  Throughput:  1949.3 MB/s  Total:  614.11 GB
[  322.8s] IOs:    161086100  IOPS:   498993  Throughput:  1949.2 MB/s  Total:  614.49 GB
[  323.0s] IOs:    161186587  IOPS:   499036  Throughput:  1949.4 MB/s  Total:  614.88 GB
[  323.2s] IOs:    161286606  IOPS:   499023  Throughput:  1949.3 MB/s  Total:  615.26 GB
[  323.5s] IOs:    161387314  IOPS:   498824  Throughput:  1948.5 MB/s  Total:  615.64 GB
[  323.7s] IOs:    161487430  IOPS:   498844  Throughput:  1948.6 MB/s  Total:  616.03 GB
[  323.9s] IOs:    161588273  IOPS:   498816  Throughput:  1948.5 MB/s  Total:  616.41 GB
[  324.1s] IOs:    161688999  IOPS:   498823  Throughput:  1948.5 MB/s  Total:  616.79 GB
[  324.3s] IOs:    161790003  IOPS:   498851  Throughput:  1948.6 MB/s  Total:  617.18 GB
[  324.5s] IOs:    161890714  IOPS:   498872  Throughput:  1948.7 MB/s  Total:  617.56 GB
[  324.7s] IOs:    161991466  IOPS:   498865  Throughput:  1948.7 MB/s  Total:  617.95 GB
[  324.9s] IOs:    162091962  IOPS:   498857  Throughput:  1948.7 MB/s  Total:  618.33 GB
[  325.1s] IOs:    162192609  IOPS:   498899  Throughput:  1948.8 MB/s  Total:  618.72 GB
[  325.4s] IOs:    162293165  IOPS:   498713  Throughput:  1948.1 MB/s  Total:  619.10 GB
[  325.6s] IOs:    162393196  IOPS:   498749  Throughput:  1948.2 MB/s  Total:  619.48 GB
[  325.9s] IOs:    162493780  IOPS:   498623  Throughput:  1947.7 MB/s  Total:  619.86 GB
[  326.1s] IOs:    162594498  IOPS:   498653  Throughput:  1947.9 MB/s  Total:  620.25 GB
[Reader] Parsed 26000000 lines, distributed 162670153 writes, unique 217.98 GB, skipped 0
[  326.3s] IOs:    162695181  IOPS:   498613  Throughput:  1947.7 MB/s  Total:  620.63 GB
[  326.5s] IOs:    162796191  IOPS:   498628  Throughput:  1947.8 MB/s  Total:  621.02 GB
[  326.7s] IOs:    162897070  IOPS:   498662  Throughput:  1947.9 MB/s  Total:  621.40 GB
[  326.9s] IOs:    162997731  IOPS:   498676  Throughput:  1948.0 MB/s  Total:  621.79 GB
[  327.0s] IOs:    163098757  IOPS:   498698  Throughput:  1948.0 MB/s  Total:  622.17 GB
[  327.2s] IOs:    163199328  IOPS:   498721  Throughput:  1948.1 MB/s  Total:  622.56 GB
[  327.4s] IOs:    163300318  IOPS:   498736  Throughput:  1948.2 MB/s  Total:  622.94 GB
[  327.6s] IOs:    163401248  IOPS:   498772  Throughput:  1948.3 MB/s  Total:  623.33 GB
[  327.8s] IOs:    163502158  IOPS:   498790  Throughput:  1948.4 MB/s  Total:  623.71 GB
[  328.0s] IOs:    163602698  IOPS:   498774  Throughput:  1948.3 MB/s  Total:  624.09 GB
[  328.2s] IOs:    163702955  IOPS:   498822  Throughput:  1948.5 MB/s  Total:  624.48 GB
[  328.4s] IOs:    163803190  IOPS:   498853  Throughput:  1948.6 MB/s  Total:  624.86 GB
[  328.5s] IOs:    163903514  IOPS:   498892  Throughput:  1948.8 MB/s  Total:  625.24 GB
[  328.7s] IOs:    164003792  IOPS:   498911  Throughput:  1948.9 MB/s  Total:  625.62 GB
[  329.0s] IOs:    164104251  IOPS:   498818  Throughput:  1948.5 MB/s  Total:  626.01 GB
[  329.2s] IOs:    164204660  IOPS:   498867  Throughput:  1948.7 MB/s  Total:  626.39 GB
[  329.4s] IOs:    164305507  IOPS:   498744  Throughput:  1948.2 MB/s  Total:  626.78 GB
[  329.6s] IOs:    164406285  IOPS:   498771  Throughput:  1948.3 MB/s  Total:  627.16 GB
[  329.8s] IOs:    164507049  IOPS:   498803  Throughput:  1948.5 MB/s  Total:  627.54 GB
[  330.0s] IOs:    164607954  IOPS:   498824  Throughput:  1948.5 MB/s  Total:  627.93 GB
[  330.2s] IOs:    164708766  IOPS:   498843  Throughput:  1948.6 MB/s  Total:  628.31 GB
[  330.4s] IOs:    164809681  IOPS:   498865  Throughput:  1948.7 MB/s  Total:  628.70 GB
[  330.6s] IOs:    164910635  IOPS:   498870  Throughput:  1948.7 MB/s  Total:  629.08 GB
[  330.8s] IOs:    165011316  IOPS:   498884  Throughput:  1948.8 MB/s  Total:  629.47 GB
[  330.9s] IOs:    165112154  IOPS:   498905  Throughput:  1948.8 MB/s  Total:  629.85 GB
[  331.2s] IOs:    165212953  IOPS:   498901  Throughput:  1948.8 MB/s  Total:  630.24 GB
[  331.3s] IOs:    165313338  IOPS:   498938  Throughput:  1949.0 MB/s  Total:  630.62 GB
[  331.5s] IOs:    165414289  IOPS:   498982  Throughput:  1949.1 MB/s  Total:  631.01 GB
[  331.8s] IOs:    165515006  IOPS:   498898  Throughput:  1948.8 MB/s  Total:  631.39 GB
[  331.9s] IOs:    165615518  IOPS:   498941  Throughput:  1949.0 MB/s  Total:  631.77 GB
[  332.1s] IOs:    165715782  IOPS:   498989  Throughput:  1949.2 MB/s  Total:  632.16 GB
[  332.4s] IOs:    165816306  IOPS:   498916  Throughput:  1948.9 MB/s  Total:  632.54 GB
[  332.5s] IOs:    165916608  IOPS:   498959  Throughput:  1949.1 MB/s  Total:  632.92 GB
[  332.7s] IOs:    166017262  IOPS:   499006  Throughput:  1949.2 MB/s  Total:  633.31 GB
[  333.0s] IOs:    166117771  IOPS:   498878  Throughput:  1948.7 MB/s  Total:  633.69 GB
[  333.2s] IOs:    166218670  IOPS:   498898  Throughput:  1948.8 MB/s  Total:  634.07 GB
[  333.4s] IOs:    166319557  IOPS:   498923  Throughput:  1948.9 MB/s  Total:  634.46 GB
[  333.6s] IOs:    166419616  IOPS:   498927  Throughput:  1948.9 MB/s  Total:  634.84 GB
[  333.8s] IOs:    166520516  IOPS:   498925  Throughput:  1948.9 MB/s  Total:  635.23 GB
[  334.0s] IOs:    166621301  IOPS:   498935  Throughput:  1949.0 MB/s  Total:  635.61 GB
[  334.2s] IOs:    166722234  IOPS:   498905  Throughput:  1948.8 MB/s  Total:  635.99 GB
[  334.4s] IOs:    166822398  IOPS:   498904  Throughput:  1948.8 MB/s  Total:  636.38 GB
[  334.5s] IOs:    166922807  IOPS:   498952  Throughput:  1949.0 MB/s  Total:  636.76 GB
[  334.7s] IOs:    167023325  IOPS:   498994  Throughput:  1949.2 MB/s  Total:  637.14 GB
[  335.0s] IOs:    167124197  IOPS:   498859  Throughput:  1948.7 MB/s  Total:  637.53 GB
[  335.2s] IOs:    167225166  IOPS:   498900  Throughput:  1948.8 MB/s  Total:  637.91 GB
[  335.4s] IOs:    167325653  IOPS:   498834  Throughput:  1948.6 MB/s  Total:  638.30 GB
[  335.6s] IOs:    167425800  IOPS:   498877  Throughput:  1948.7 MB/s  Total:  638.68 GB
[  335.8s] IOs:    167526695  IOPS:   498916  Throughput:  1948.9 MB/s  Total:  639.06 GB
[  336.0s] IOs:    167626927  IOPS:   498850  Throughput:  1948.6 MB/s  Total:  639.45 GB
[  336.2s] IOs:    167726927  IOPS:   498887  Throughput:  1948.8 MB/s  Total:  639.83 GB
[  336.5s] IOs:    167827053  IOPS:   498673  Throughput:  1947.9 MB/s  Total:  640.21 GB
[  336.7s] IOs:    167927327  IOPS:   498721  Throughput:  1948.1 MB/s  Total:  640.59 GB
[  336.9s] IOs:    168027702  IOPS:   498677  Throughput:  1948.0 MB/s  Total:  640.97 GB
[  337.1s] IOs:    168128669  IOPS:   498712  Throughput:  1948.1 MB/s  Total:  641.36 GB
[  337.4s] IOs:    168229689  IOPS:   498548  Throughput:  1947.5 MB/s  Total:  641.75 GB
[  337.6s] IOs:    168330354  IOPS:   498546  Throughput:  1947.4 MB/s  Total:  642.13 GB
[  337.8s] IOs:    168430867  IOPS:   498592  Throughput:  1947.6 MB/s  Total:  642.51 GB
[  338.0s] IOs:    168531132  IOPS:   498640  Throughput:  1947.8 MB/s  Total:  642.90 GB
[  338.2s] IOs:    168631313  IOPS:   498681  Throughput:  1948.0 MB/s  Total:  643.28 GB
[  338.4s] IOs:    168732245  IOPS:   498632  Throughput:  1947.8 MB/s  Total:  643.66 GB
[  338.6s] IOs:    168832328  IOPS:   498675  Throughput:  1947.9 MB/s  Total:  644.04 GB
[  338.8s] IOs:    168932664  IOPS:   498680  Throughput:  1948.0 MB/s  Total:  644.43 GB
[  339.0s] IOs:    169033122  IOPS:   498561  Throughput:  1947.5 MB/s  Total:  644.81 GB
[  339.2s] IOs:    169133936  IOPS:   498576  Throughput:  1947.6 MB/s  Total:  645.19 GB
[  339.4s] IOs:    169234488  IOPS:   498592  Throughput:  1947.6 MB/s  Total:  645.58 GB
[  339.6s] IOs:    169335416  IOPS:   498610  Throughput:  1947.7 MB/s  Total:  645.96 GB
[  339.8s] IOs:    169436416  IOPS:   498610  Throughput:  1947.7 MB/s  Total:  646.35 GB
[  340.0s] IOs:    169537183  IOPS:   498638  Throughput:  1947.8 MB/s  Total:  646.73 GB
[Reader] Parsed 27000000 lines, distributed 169615830 writes, unique 227.25 GB, skipped 0
[  340.2s] IOs:    169637920  IOPS:   498657  Throughput:  1947.9 MB/s  Total:  647.12 GB
[  340.4s] IOs:    169738817  IOPS:   498680  Throughput:  1948.0 MB/s  Total:  647.50 GB
[  340.6s] IOs:    169839370  IOPS:   498693  Throughput:  1948.0 MB/s  Total:  647.89 GB
[  340.8s] IOs:    169939816  IOPS:   498674  Throughput:  1947.9 MB/s  Total:  648.27 GB
[  341.0s] IOs:    170040454  IOPS:   498704  Throughput:  1948.1 MB/s  Total:  648.65 GB
[  341.1s] IOs:    170140847  IOPS:   498755  Throughput:  1948.3 MB/s  Total:  649.04 GB
[  341.4s] IOs:    170241164  IOPS:   498668  Throughput:  1947.9 MB/s  Total:  649.42 GB
[  341.6s] IOs:    170341459  IOPS:   498667  Throughput:  1947.9 MB/s  Total:  649.80 GB
[  341.8s] IOs:    170441918  IOPS:   498715  Throughput:  1948.1 MB/s  Total:  650.18 GB
[  342.0s] IOs:    170542516  IOPS:   498700  Throughput:  1948.0 MB/s  Total:  650.57 GB
[  342.1s] IOs:    170642736  IOPS:   498753  Throughput:  1948.3 MB/s  Total:  650.95 GB
[  342.3s] IOs:    170743036  IOPS:   498779  Throughput:  1948.4 MB/s  Total:  651.33 GB
[  342.6s] IOs:    170843131  IOPS:   498697  Throughput:  1948.0 MB/s  Total:  651.71 GB
[  342.7s] IOs:    170943624  IOPS:   498743  Throughput:  1948.2 MB/s  Total:  652.10 GB
[  342.9s] IOs:    171044107  IOPS:   498791  Throughput:  1948.4 MB/s  Total:  652.48 GB
[  343.1s] IOs:    171144803  IOPS:   498843  Throughput:  1948.6 MB/s  Total:  652.87 GB
[  343.3s] IOs:    171245079  IOPS:   498883  Throughput:  1948.8 MB/s  Total:  653.25 GB
[  343.5s] IOs:    171345584  IOPS:   498752  Throughput:  1948.3 MB/s  Total:  653.63 GB
[  343.8s] IOs:    171446287  IOPS:   498682  Throughput:  1948.0 MB/s  Total:  654.02 GB
[  344.0s] IOs:    171546737  IOPS:   498703  Throughput:  1948.1 MB/s  Total:  654.40 GB
[  344.2s] IOs:    171647014  IOPS:   498749  Throughput:  1948.2 MB/s  Total:  654.78 GB
[  344.6s] IOs:    171747313  IOPS:   498392  Throughput:  1946.8 MB/s  Total:  655.16 GB
[  344.9s] IOs:    171847571  IOPS:   498234  Throughput:  1946.2 MB/s  Total:  655.55 GB
[  345.1s] IOs:    171947778  IOPS:   498256  Throughput:  1946.3 MB/s  Total:  655.93 GB
[  345.4s] IOs:    172047816  IOPS:   498054  Throughput:  1945.5 MB/s  Total:  656.31 GB
[  345.6s] IOs:    172147833  IOPS:   498104  Throughput:  1945.7 MB/s  Total:  656.69 GB
[  346.0s] IOs:    172248710  IOPS:   497796  Throughput:  1944.5 MB/s  Total:  657.08 GB
[  346.2s] IOs:    172349041  IOPS:   497813  Throughput:  1944.6 MB/s  Total:  657.46 GB
[  346.5s] IOs:    172449626  IOPS:   497714  Throughput:  1944.2 MB/s  Total:  657.84 GB
[  346.8s] IOs:    172549821  IOPS:   497598  Throughput:  1943.7 MB/s  Total:  658.23 GB
[  346.9s] IOs:    172650728  IOPS:   497625  Throughput:  1943.8 MB/s  Total:  658.61 GB
[  347.1s] IOs:    172751697  IOPS:   497655  Throughput:  1944.0 MB/s  Total:  659.00 GB
[  347.3s] IOs:    172852633  IOPS:   497655  Throughput:  1944.0 MB/s  Total:  659.38 GB
[  347.6s] IOs:    172953636  IOPS:   497635  Throughput:  1943.9 MB/s  Total:  659.77 GB
[  347.8s] IOs:    173053968  IOPS:   497633  Throughput:  1943.9 MB/s  Total:  660.15 GB
[  347.9s] IOs:    173154837  IOPS:   497667  Throughput:  1944.0 MB/s  Total:  660.53 GB
[  348.1s] IOs:    173255124  IOPS:   497699  Throughput:  1944.1 MB/s  Total:  660.92 GB
[  348.3s] IOs:    173355282  IOPS:   497738  Throughput:  1944.3 MB/s  Total:  661.30 GB
[  348.6s] IOs:    173455635  IOPS:   497646  Throughput:  1943.9 MB/s  Total:  661.68 GB
[  348.7s] IOs:    173555707  IOPS:   497666  Throughput:  1944.0 MB/s  Total:  662.06 GB
[  349.0s] IOs:    173655913  IOPS:   497618  Throughput:  1943.8 MB/s  Total:  662.44 GB
[  349.2s] IOs:    173756472  IOPS:   497626  Throughput:  1943.9 MB/s  Total:  662.83 GB
[  349.3s] IOs:    173857169  IOPS:   497676  Throughput:  1944.0 MB/s  Total:  663.21 GB
[  349.5s] IOs:    173957589  IOPS:   497663  Throughput:  1944.0 MB/s  Total:  663.60 GB
[  349.7s] IOs:    174057741  IOPS:   497710  Throughput:  1944.2 MB/s  Total:  663.98 GB
[  349.9s] IOs:    174158526  IOPS:   497698  Throughput:  1944.1 MB/s  Total:  664.36 GB
[  350.2s] IOs:    174258990  IOPS:   497552  Throughput:  1943.6 MB/s  Total:  664.75 GB
[  350.4s] IOs:    174359697  IOPS:   497580  Throughput:  1943.7 MB/s  Total:  665.13 GB
[  350.6s] IOs:    174460530  IOPS:   497603  Throughput:  1943.8 MB/s  Total:  665.51 GB
[  350.8s] IOs:    174561160  IOPS:   497629  Throughput:  1943.9 MB/s  Total:  665.90 GB
[  351.0s] IOs:    174661588  IOPS:   497549  Throughput:  1943.6 MB/s  Total:  666.28 GB
[  351.2s] IOs:    174761676  IOPS:   497567  Throughput:  1943.6 MB/s  Total:  666.66 GB
[  351.4s] IOs:    174862252  IOPS:   497546  Throughput:  1943.5 MB/s  Total:  667.05 GB
[  351.8s] IOs:    174962334  IOPS:   497377  Throughput:  1942.9 MB/s  Total:  667.43 GB
[  351.9s] IOs:    175062493  IOPS:   497415  Throughput:  1943.0 MB/s  Total:  667.81 GB
[  352.1s] IOs:    175162764  IOPS:   497462  Throughput:  1943.2 MB/s  Total:  668.19 GB
[  352.4s] IOs:    175263207  IOPS:   497312  Throughput:  1942.6 MB/s  Total:  668.58 GB
[  352.6s] IOs:    175363756  IOPS:   497328  Throughput:  1942.7 MB/s  Total:  668.96 GB
[  352.9s] IOs:    175464127  IOPS:   497232  Throughput:  1942.3 MB/s  Total:  669.34 GB
[  353.2s] IOs:    175564693  IOPS:   497106  Throughput:  1941.8 MB/s  Total:  669.73 GB
[  353.4s] IOs:    175665504  IOPS:   497115  Throughput:  1941.9 MB/s  Total:  670.11 GB
[  353.6s] IOs:    175766367  IOPS:   497133  Throughput:  1941.9 MB/s  Total:  670.50 GB
[Reader] Parsed 28000000 lines, distributed 175781112 writes, unique 232.33 GB, skipped 0
[  353.7s] IOs:    175867294  IOPS:   497160  Throughput:  1942.0 MB/s  Total:  670.88 GB
[  353.9s] IOs:    175968124  IOPS:   497186  Throughput:  1942.1 MB/s  Total:  671.27 GB
[  354.1s] IOs:    176068160  IOPS:   497203  Throughput:  1942.2 MB/s  Total:  671.65 GB
[  354.4s] IOs:    176168944  IOPS:   497132  Throughput:  1941.9 MB/s  Total:  672.03 GB
[  354.5s] IOs:    176269670  IOPS:   497166  Throughput:  1942.1 MB/s  Total:  672.42 GB
[  354.7s] IOs:    176370349  IOPS:   497210  Throughput:  1942.2 MB/s  Total:  672.80 GB
[  355.0s] IOs:    176470585  IOPS:   497073  Throughput:  1941.7 MB/s  Total:  673.18 GB
[  355.2s] IOs:    176570614  IOPS:   497110  Throughput:  1941.8 MB/s  Total:  673.56 GB
[  355.5s] IOs:    176671317  IOPS:   496921  Throughput:  1941.1 MB/s  Total:  673.95 GB
[  355.8s] IOs:    176771593  IOPS:   496825  Throughput:  1940.7 MB/s  Total:  674.33 GB
[  356.0s] IOs:    176872489  IOPS:   496840  Throughput:  1940.8 MB/s  Total:  674.72 GB
[  356.2s] IOs:    176973447  IOPS:   496848  Throughput:  1940.8 MB/s  Total:  675.10 GB
[  356.4s] IOs:    177074348  IOPS:   496842  Throughput:  1940.8 MB/s  Total:  675.49 GB
[  356.6s] IOs:    177175127  IOPS:   496867  Throughput:  1940.9 MB/s  Total:  675.87 GB
[  356.8s] IOs:    177275165  IOPS:   496893  Throughput:  1941.0 MB/s  Total:  676.25 GB
[  357.0s] IOs:    177375947  IOPS:   496918  Throughput:  1941.1 MB/s  Total:  676.64 GB
[  357.2s] IOs:    177476820  IOPS:   496908  Throughput:  1941.0 MB/s  Total:  677.02 GB
[  357.4s] IOs:    177577458  IOPS:   496914  Throughput:  1941.1 MB/s  Total:  677.40 GB
[  357.5s] IOs:    177678191  IOPS:   496948  Throughput:  1941.2 MB/s  Total:  677.79 GB
[  357.7s] IOs:    177778762  IOPS:   496954  Throughput:  1941.2 MB/s  Total:  678.17 GB
[  357.9s] IOs:    177879159  IOPS:   496975  Throughput:  1941.3 MB/s  Total:  678.56 GB
[  358.1s] IOs:    177979566  IOPS:   497017  Throughput:  1941.5 MB/s  Total:  678.94 GB
[  358.3s] IOs:    178079994  IOPS:   497048  Throughput:  1941.6 MB/s  Total:  679.32 GB
[  358.5s] IOs:    178180948  IOPS:   496996  Throughput:  1941.4 MB/s  Total:  679.71 GB
[  358.8s] IOs:    178281635  IOPS:   496879  Throughput:  1940.9 MB/s  Total:  680.09 GB
[  359.0s] IOs:    178382294  IOPS:   496898  Throughput:  1941.0 MB/s  Total:  680.47 GB
[  359.2s] IOs:    178483147  IOPS:   496916  Throughput:  1941.1 MB/s  Total:  680.86 GB
[  359.4s] IOs:    178583972  IOPS:   496901  Throughput:  1941.0 MB/s  Total:  681.24 GB
[  359.6s] IOs:    178684668  IOPS:   496914  Throughput:  1941.1 MB/s  Total:  681.63 GB
[  359.8s] IOs:    178785440  IOPS:   496934  Throughput:  1941.1 MB/s  Total:  682.01 GB
[  360.0s] IOs:    178885521  IOPS:   496918  Throughput:  1941.1 MB/s  Total:  682.39 GB
[  360.2s] IOs:    178985628  IOPS:   496944  Throughput:  1941.2 MB/s  Total:  682.78 GB
[  360.4s] IOs:    179086358  IOPS:   496976  Throughput:  1941.3 MB/s  Total:  683.16 GB
[  360.5s] IOs:    179186773  IOPS:   496992  Throughput:  1941.4 MB/s  Total:  683.54 GB
[  360.7s] IOs:    179287302  IOPS:   497020  Throughput:  1941.5 MB/s  Total:  683.93 GB
[  361.0s] IOs:    179387664  IOPS:   496961  Throughput:  1941.3 MB/s  Total:  684.31 GB
[  361.1s] IOs:    179488231  IOPS:   497002  Throughput:  1941.4 MB/s  Total:  684.69 GB
[  361.4s] IOs:    179588686  IOPS:   496883  Throughput:  1940.9 MB/s  Total:  685.08 GB
[  361.6s] IOs:    179688934  IOPS:   496920  Throughput:  1941.1 MB/s  Total:  685.46 GB
[  361.8s] IOs:    179789258  IOPS:   496934  Throughput:  1941.1 MB/s  Total:  685.84 GB
[  362.2s] IOs:    179889570  IOPS:   496673  Throughput:  1940.1 MB/s  Total:  686.22 GB
[  362.4s] IOs:    179990392  IOPS:   496670  Throughput:  1940.1 MB/s  Total:  686.61 GB
[  362.6s] IOs:    180091344  IOPS:   496699  Throughput:  1940.2 MB/s  Total:  686.99 GB
[  362.8s] IOs:    180192156  IOPS:   496670  Throughput:  1940.1 MB/s  Total:  687.38 GB
[  363.0s] IOs:    180292751  IOPS:   496683  Throughput:  1940.2 MB/s  Total:  687.76 GB
[  363.2s] IOs:    180393663  IOPS:   496707  Throughput:  1940.3 MB/s  Total:  688.15 GB
[  363.4s] IOs:    180494395  IOPS:   496737  Throughput:  1940.4 MB/s  Total:  688.53 GB
[  363.6s] IOs:    180595086  IOPS:   496737  Throughput:  1940.4 MB/s  Total:  688.92 GB
[  363.8s] IOs:    180696037  IOPS:   496745  Throughput:  1940.4 MB/s  Total:  689.30 GB
[  364.0s] IOs:    180796694  IOPS:   496758  Throughput:  1940.5 MB/s  Total:  689.68 GB
[  364.2s] IOs:    180897435  IOPS:   496762  Throughput:  1940.5 MB/s  Total:  690.07 GB
[  364.4s] IOs:    180998103  IOPS:   496762  Throughput:  1940.5 MB/s  Total:  690.45 GB
[  364.5s] IOs:    181098328  IOPS:   496795  Throughput:  1940.6 MB/s  Total:  690.84 GB
[  364.7s] IOs:    181198844  IOPS:   496827  Throughput:  1940.7 MB/s  Total:  691.22 GB
[  365.0s] IOs:    181299813  IOPS:   496717  Throughput:  1940.3 MB/s  Total:  691.60 GB
[  365.2s] IOs:    181399945  IOPS:   496739  Throughput:  1940.4 MB/s  Total:  691.99 GB
[  365.5s] IOs:    181500520  IOPS:   496605  Throughput:  1939.9 MB/s  Total:  692.37 GB
[  365.7s] IOs:    181601430  IOPS:   496621  Throughput:  1939.9 MB/s  Total:  692.75 GB
[  365.9s] IOs:    181702297  IOPS:   496649  Throughput:  1940.0 MB/s  Total:  693.14 GB
[  366.0s] IOs:    181802979  IOPS:   496674  Throughput:  1940.1 MB/s  Total:  693.52 GB
[  366.2s] IOs:    181903687  IOPS:   496687  Throughput:  1940.2 MB/s  Total:  693.91 GB
[  366.4s] IOs:    182004514  IOPS:   496691  Throughput:  1940.2 MB/s  Total:  694.29 GB
[  366.6s] IOs:    182105431  IOPS:   496705  Throughput:  1940.3 MB/s  Total:  694.68 GB
[  366.8s] IOs:    182205452  IOPS:   496723  Throughput:  1940.3 MB/s  Total:  695.06 GB
[  367.0s] IOs:    182306323  IOPS:   496749  Throughput:  1940.4 MB/s  Total:  695.44 GB
[Reader] Parsed 29000000 lines, distributed 182341345 writes, unique 239.70 GB, skipped 0
[  367.2s] IOs:    182407277  IOPS:   496775  Throughput:  1940.5 MB/s  Total:  695.83 GB
[  367.4s] IOs:    182508033  IOPS:   496767  Throughput:  1940.5 MB/s  Total:  696.21 GB
[  367.6s] IOs:    182608528  IOPS:   496810  Throughput:  1940.7 MB/s  Total:  696.60 GB
[  367.8s] IOs:    182709398  IOPS:   496817  Throughput:  1940.7 MB/s  Total:  696.98 GB
[  368.0s] IOs:    182810036  IOPS:   496791  Throughput:  1940.6 MB/s  Total:  697.36 GB
[  368.2s] IOs:    182910483  IOPS:   496760  Throughput:  1940.5 MB/s  Total:  697.75 GB
[  368.4s] IOs:    183011083  IOPS:   496800  Throughput:  1940.6 MB/s  Total:  698.13 GB
[  368.6s] IOs:    183111570  IOPS:   496843  Throughput:  1940.8 MB/s  Total:  698.52 GB
[  368.7s] IOs:    183212210  IOPS:   496872  Throughput:  1940.9 MB/s  Total:  698.90 GB
[  368.9s] IOs:    183312455  IOPS:   496915  Throughput:  1941.1 MB/s  Total:  699.28 GB
[  369.1s] IOs:    183413006  IOPS:   496916  Throughput:  1941.1 MB/s  Total:  699.67 GB
[  369.3s] IOs:    183513675  IOPS:   496952  Throughput:  1941.2 MB/s  Total:  700.05 GB
[  369.5s] IOs:    183614094  IOPS:   496982  Throughput:  1941.3 MB/s  Total:  700.43 GB
[  369.6s] IOs:    183714831  IOPS:   497033  Throughput:  1941.5 MB/s  Total:  700.82 GB
[  369.9s] IOs:    183815711  IOPS:   496929  Throughput:  1941.1 MB/s  Total:  701.20 GB
[  370.1s] IOs:    183916274  IOPS:   496933  Throughput:  1941.1 MB/s  Total:  701.58 GB
[  370.3s] IOs:    184016843  IOPS:   496954  Throughput:  1941.2 MB/s  Total:  701.97 GB
[  370.5s] IOs:    184117212  IOPS:   496910  Throughput:  1941.1 MB/s  Total:  702.35 GB
[  370.7s] IOs:    184217802  IOPS:   496950  Throughput:  1941.2 MB/s  Total:  702.74 GB
[  371.0s] IOs:    184317951  IOPS:   496844  Throughput:  1940.8 MB/s  Total:  703.12 GB
[  371.2s] IOs:    184418955  IOPS:   496860  Throughput:  1940.9 MB/s  Total:  703.50 GB
[  371.3s] IOs:    184519070  IOPS:   496896  Throughput:  1941.0 MB/s  Total:  703.88 GB
[  371.7s] IOs:    184619458  IOPS:   496702  Throughput:  1940.2 MB/s  Total:  704.27 GB
[  371.9s] IOs:    184720253  IOPS:   496712  Throughput:  1940.3 MB/s  Total:  704.65 GB
[  372.1s] IOs:    184821103  IOPS:   496739  Throughput:  1940.4 MB/s  Total:  705.04 GB
[  372.3s] IOs:    184921143  IOPS:   496753  Throughput:  1940.4 MB/s  Total:  705.42 GB
[  372.4s] IOs:    185021815  IOPS:   496780  Throughput:  1940.5 MB/s  Total:  705.80 GB
[  372.6s] IOs:    185122593  IOPS:   496799  Throughput:  1940.6 MB/s  Total:  706.19 GB
[  372.8s] IOs:    185223468  IOPS:   496827  Throughput:  1940.7 MB/s  Total:  706.57 GB
[  373.0s] IOs:    185324483  IOPS:   496855  Throughput:  1940.8 MB/s  Total:  706.96 GB
[  373.2s] IOs:    185425272  IOPS:   496840  Throughput:  1940.8 MB/s  Total:  707.34 GB
[  373.4s] IOs:    185525972  IOPS:   496858  Throughput:  1940.8 MB/s  Total:  707.73 GB
[  373.6s] IOs:    185626617  IOPS:   496865  Throughput:  1940.9 MB/s  Total:  708.11 GB
[  373.8s] IOs:    185726920  IOPS:   496907  Throughput:  1941.0 MB/s  Total:  708.49 GB
[  373.9s] IOs:    185827033  IOPS:   496940  Throughput:  1941.2 MB/s  Total:  708.87 GB
[  374.1s] IOs:    185927590  IOPS:   496957  Throughput:  1941.2 MB/s  Total:  709.26 GB
[  374.3s] IOs:    186027950  IOPS:   497002  Throughput:  1941.4 MB/s  Total:  709.64 GB
[  374.6s] IOs:    186128376  IOPS:   496922  Throughput:  1941.1 MB/s  Total:  710.02 GB
[  374.9s] IOs:    186229009  IOPS:   496805  Throughput:  1940.6 MB/s  Total:  710.41 GB
[  375.0s] IOs:    186329050  IOPS:   496832  Throughput:  1940.8 MB/s  Total:  710.79 GB
[  375.2s] IOs:    186429824  IOPS:   496844  Throughput:  1940.8 MB/s  Total:  711.17 GB
[  375.4s] IOs:    186530627  IOPS:   496872  Throughput:  1940.9 MB/s  Total:  711.56 GB
[  375.6s] IOs:    186631391  IOPS:   496896  Throughput:  1941.0 MB/s  Total:  711.94 GB
[  375.8s] IOs:    186732194  IOPS:   496882  Throughput:  1940.9 MB/s  Total:  712.33 GB
[  376.0s] IOs:    186833161  IOPS:   496887  Throughput:  1941.0 MB/s  Total:  712.71 GB
[  376.2s] IOs:    186933928  IOPS:   496873  Throughput:  1940.9 MB/s  Total:  713.10 GB
[  376.4s] IOs:    187034647  IOPS:   496902  Throughput:  1941.0 MB/s  Total:  713.48 GB
[  376.6s] IOs:    187135265  IOPS:   496923  Throughput:  1941.1 MB/s  Total:  713.86 GB
[  376.8s] IOs:    187235797  IOPS:   496926  Throughput:  1941.1 MB/s  Total:  714.25 GB
[  377.0s] IOs:    187336012  IOPS:   496968  Throughput:  1941.3 MB/s  Total:  714.63 GB
[Reader] Parsed 30000000 lines, distributed 187347289 writes, unique 242.85 GB, skipped 0
[  377.1s] IOs:    187436369  IOPS:   497003  Throughput:  1941.4 MB/s  Total:  715.01 GB
[  377.3s] IOs:    187536573  IOPS:   497039  Throughput:  1941.6 MB/s  Total:  715.40 GB
[  377.5s] IOs:    187636661  IOPS:   496994  Throughput:  1941.4 MB/s  Total:  715.78 GB
[  377.7s] IOs:    187736782  IOPS:   497028  Throughput:  1941.5 MB/s  Total:  716.16 GB
[  377.9s] IOs:    187837039  IOPS:   497067  Throughput:  1941.7 MB/s  Total:  716.54 GB
[  378.1s] IOs:    187937745  IOPS:   497064  Throughput:  1941.7 MB/s  Total:  716.93 GB
[  378.3s] IOs:    188038023  IOPS:   497068  Throughput:  1941.7 MB/s  Total:  717.31 GB
[  378.5s] IOs:    188138641  IOPS:   497107  Throughput:  1941.8 MB/s  Total:  717.69 GB
[  378.6s] IOs:    188238873  IOPS:   497138  Throughput:  1941.9 MB/s  Total:  718.07 GB
[  378.8s] IOs:    188339405  IOPS:   497181  Throughput:  1942.1 MB/s  Total:  718.46 GB
[  379.0s] IOs:    188439719  IOPS:   497191  Throughput:  1942.2 MB/s  Total:  718.84 GB
[  379.3s] IOs:    188540035  IOPS:   497074  Throughput:  1941.7 MB/s  Total:  719.22 GB
[  379.5s] IOs:    188640858  IOPS:   497105  Throughput:  1941.8 MB/s  Total:  719.61 GB
[  379.7s] IOs:    188740926  IOPS:   497129  Throughput:  1941.9 MB/s  Total:  719.99 GB
[  379.8s] IOs:    188841142  IOPS:   497158  Throughput:  1942.0 MB/s  Total:  720.37 GB
[  380.1s] IOs:    188942153  IOPS:   497072  Throughput:  1941.7 MB/s  Total:  720.76 GB
[  380.3s] IOs:    189042734  IOPS:   497113  Throughput:  1941.8 MB/s  Total:  721.14 GB
[  380.6s] IOs:    189143048  IOPS:   496985  Throughput:  1941.3 MB/s  Total:  721.52 GB
[  380.8s] IOs:    189243161  IOPS:   497016  Throughput:  1941.5 MB/s  Total:  721.91 GB
[  381.0s] IOs:    189343465  IOPS:   496936  Throughput:  1941.2 MB/s  Total:  722.29 GB
[  381.2s] IOs:    189444412  IOPS:   496977  Throughput:  1941.3 MB/s  Total:  722.67 GB
[  381.5s] IOs:    189544844  IOPS:   496847  Throughput:  1940.8 MB/s  Total:  723.06 GB
[  381.7s] IOs:    189645765  IOPS:   496883  Throughput:  1941.0 MB/s  Total:  723.44 GB
[  381.9s] IOs:    189746498  IOPS:   496912  Throughput:  1941.1 MB/s  Total:  723.83 GB
[  382.2s] IOs:    189846624  IOPS:   496756  Throughput:  1940.5 MB/s  Total:  724.21 GB
[  382.5s] IOs:    189946897  IOPS:   496633  Throughput:  1940.0 MB/s  Total:  724.59 GB
[  382.7s] IOs:    190047042  IOPS:   496639  Throughput:  1940.0 MB/s  Total:  724.97 GB
[  383.0s] IOs:    190148049  IOPS:   496483  Throughput:  1939.4 MB/s  Total:  725.36 GB
[  383.2s] IOs:    190248275  IOPS:   496511  Throughput:  1939.5 MB/s  Total:  725.74 GB
[  383.4s] IOs:    190348547  IOPS:   496508  Throughput:  1939.5 MB/s  Total:  726.12 GB
[  383.6s] IOs:    190448995  IOPS:   496419  Throughput:  1939.1 MB/s  Total:  726.51 GB
[  383.8s] IOs:    190549592  IOPS:   496434  Throughput:  1939.2 MB/s  Total:  726.89 GB
[  384.1s] IOs:    190649841  IOPS:   496308  Throughput:  1938.7 MB/s  Total:  727.27 GB
[  384.3s] IOs:    190750375  IOPS:   496330  Throughput:  1938.8 MB/s  Total:  727.65 GB
[  384.6s] IOs:    190850479  IOPS:   496188  Throughput:  1938.2 MB/s  Total:  728.04 GB
[  384.8s] IOs:    190950848  IOPS:   496219  Throughput:  1938.4 MB/s  Total:  728.42 GB
[  385.1s] IOs:    191051347  IOPS:   496111  Throughput:  1937.9 MB/s  Total:  728.80 GB
[  385.3s] IOs:    191151819  IOPS:   496156  Throughput:  1938.1 MB/s  Total:  729.19 GB
[  385.6s] IOs:    191252081  IOPS:   495960  Throughput:  1937.3 MB/s  Total:  729.57 GB
[  385.8s] IOs:    191352649  IOPS:   495968  Throughput:  1937.4 MB/s  Total:  729.95 GB
[  386.0s] IOs:    191453440  IOPS:   495997  Throughput:  1937.5 MB/s  Total:  730.34 GB
[  386.2s] IOs:    191553928  IOPS:   496031  Throughput:  1937.6 MB/s  Total:  730.72 GB
[  386.3s] IOs:    191654354  IOPS:   496071  Throughput:  1937.8 MB/s  Total:  731.10 GB
[  386.6s] IOs:    191754449  IOPS:   495989  Throughput:  1937.5 MB/s  Total:  731.49 GB
[  386.8s] IOs:    191855403  IOPS:   496023  Throughput:  1937.6 MB/s  Total:  731.87 GB
[  387.0s] IOs:    191955718  IOPS:   495976  Throughput:  1937.4 MB/s  Total:  732.25 GB
[  387.2s] IOs:    192056389  IOPS:   496021  Throughput:  1937.6 MB/s  Total:  732.64 GB
[  387.4s] IOs:    192156430  IOPS:   496048  Throughput:  1937.7 MB/s  Total:  733.02 GB
[  387.8s] IOs:    192256493  IOPS:   495770  Throughput:  1936.6 MB/s  Total:  733.40 GB
[  388.0s] IOs:    192357337  IOPS:   495752  Throughput:  1936.5 MB/s  Total:  733.79 GB
[  388.2s] IOs:    192457686  IOPS:   495763  Throughput:  1936.6 MB/s  Total:  734.17 GB
[  388.5s] IOs:    192557869  IOPS:   495595  Throughput:  1935.9 MB/s  Total:  734.55 GB
[  388.7s] IOs:    192658385  IOPS:   495630  Throughput:  1936.1 MB/s  Total:  734.93 GB
[  389.1s] IOs:    192758842  IOPS:   495459  Throughput:  1935.4 MB/s  Total:  735.32 GB
[  389.2s] IOs:    192859160  IOPS:   495474  Throughput:  1935.4 MB/s  Total:  735.70 GB
[  389.7s] IOs:    192959496  IOPS:   495184  Throughput:  1934.3 MB/s  Total:  736.08 GB
[  389.8s] IOs:    193060195  IOPS:   495222  Throughput:  1934.5 MB/s  Total:  736.47 GB
[  390.0s] IOs:    193160411  IOPS:   495242  Throughput:  1934.5 MB/s  Total:  736.85 GB
[  390.2s] IOs:    193260512  IOPS:   495278  Throughput:  1934.7 MB/s  Total:  737.23 GB
[Reader] Parsed 31000000 lines, distributed 193295961 writes, unique 247.75 GB, skipped 0
[  390.5s] IOs:    193361421  IOPS:   495184  Throughput:  1934.3 MB/s  Total:  737.62 GB
[  390.7s] IOs:    193462334  IOPS:   495212  Throughput:  1934.4 MB/s  Total:  738.00 GB
[  390.8s] IOs:    193562640  IOPS:   495252  Throughput:  1934.6 MB/s  Total:  738.38 GB
[  391.1s] IOs:    193663343  IOPS:   495156  Throughput:  1934.2 MB/s  Total:  738.77 GB
[  391.3s] IOs:    193764059  IOPS:   495164  Throughput:  1934.2 MB/s  Total:  739.15 GB
[  391.6s] IOs:    193865007  IOPS:   495094  Throughput:  1934.0 MB/s  Total:  739.54 GB
[  391.9s] IOs:    193965028  IOPS:   494943  Throughput:  1933.4 MB/s  Total:  739.92 GB
[  392.1s] IOs:    194065624  IOPS:   494978  Throughput:  1933.5 MB/s  Total:  740.30 GB
[  392.2s] IOs:    194166164  IOPS:   495024  Throughput:  1933.7 MB/s  Total:  740.69 GB
[  392.6s] IOs:    194266451  IOPS:   494871  Throughput:  1933.1 MB/s  Total:  741.07 GB
[  392.8s] IOs:    194366685  IOPS:   494863  Throughput:  1933.1 MB/s  Total:  741.45 GB
[  393.0s] IOs:    194466688  IOPS:   494780  Throughput:  1932.7 MB/s  Total:  741.83 GB
[  393.2s] IOs:    194567053  IOPS:   494822  Throughput:  1932.9 MB/s  Total:  742.21 GB
[  393.5s] IOs:    194667470  IOPS:   494731  Throughput:  1932.5 MB/s  Total:  742.60 GB
[  393.6s] IOs:    194768010  IOPS:   494777  Throughput:  1932.7 MB/s  Total:  742.98 GB
[  393.8s] IOs:    194868011  IOPS:   494809  Throughput:  1932.8 MB/s  Total:  743.36 GB
[  394.1s] IOs:    194968247  IOPS:   494696  Throughput:  1932.4 MB/s  Total:  743.74 GB
[  394.3s] IOs:    195068755  IOPS:   494722  Throughput:  1932.5 MB/s  Total:  744.13 GB
[  394.5s] IOs:    195169296  IOPS:   494729  Throughput:  1932.5 MB/s  Total:  744.51 GB
[  394.8s] IOs:    195269753  IOPS:   494607  Throughput:  1932.1 MB/s  Total:  744.89 GB
[  395.0s] IOs:    195370080  IOPS:   494641  Throughput:  1932.2 MB/s  Total:  745.28 GB
[  395.2s] IOs:    195471056  IOPS:   494629  Throughput:  1932.1 MB/s  Total:  745.66 GB
[  395.4s] IOs:    195571406  IOPS:   494670  Throughput:  1932.3 MB/s  Total:  746.05 GB
[  395.6s] IOs:    195672202  IOPS:   494611  Throughput:  1932.1 MB/s  Total:  746.43 GB
[  395.8s] IOs:    195772809  IOPS:   494653  Throughput:  1932.2 MB/s  Total:  746.81 GB
[  396.1s] IOs:    195873031  IOPS:   494560  Throughput:  1931.9 MB/s  Total:  747.20 GB
[  396.2s] IOs:    195973545  IOPS:   494582  Throughput:  1932.0 MB/s  Total:  747.58 GB
[  396.4s] IOs:    196073662  IOPS:   494624  Throughput:  1932.1 MB/s  Total:  747.96 GB
[  396.6s] IOs:    196174241  IOPS:   494587  Throughput:  1932.0 MB/s  Total:  748.35 GB
[  396.8s] IOs:    196275081  IOPS:   494629  Throughput:  1932.1 MB/s  Total:  748.73 GB
[  397.0s] IOs:    196375714  IOPS:   494592  Throughput:  1932.0 MB/s  Total:  749.11 GB
[  397.2s] IOs:    196475916  IOPS:   494621  Throughput:  1932.1 MB/s  Total:  749.50 GB
[  397.4s] IOs:    196576669  IOPS:   494610  Throughput:  1932.1 MB/s  Total:  749.88 GB
[  397.6s] IOs:    196676880  IOPS:   494625  Throughput:  1932.1 MB/s  Total:  750.26 GB
[  397.9s] IOs:    196777535  IOPS:   494509  Throughput:  1931.7 MB/s  Total:  750.65 GB
[  398.1s] IOs:    196878222  IOPS:   494549  Throughput:  1931.8 MB/s  Total:  751.03 GB
[  398.3s] IOs:    196979107  IOPS:   494583  Throughput:  1932.0 MB/s  Total:  751.42 GB
[  398.6s] IOs:    197079363  IOPS:   494464  Throughput:  1931.5 MB/s  Total:  751.80 GB
[  398.7s] IOs:    197179616  IOPS:   494499  Throughput:  1931.6 MB/s  Total:  752.18 GB
[  399.0s] IOs:    197280112  IOPS:   494423  Throughput:  1931.3 MB/s  Total:  752.56 GB
[  399.2s] IOs:    197380767  IOPS:   494462  Throughput:  1931.5 MB/s  Total:  752.95 GB
[  399.4s] IOs:    197481127  IOPS:   494495  Throughput:  1931.6 MB/s  Total:  753.33 GB
[  399.6s] IOs:    197581153  IOPS:   494431  Throughput:  1931.4 MB/s  Total:  753.71 GB
[  399.8s] IOs:    197681350  IOPS:   494418  Throughput:  1931.3 MB/s  Total:  754.09 GB
[  400.0s] IOs:    197782151  IOPS:   494428  Throughput:  1931.4 MB/s  Total:  754.48 GB
[  400.2s] IOs:    197882821  IOPS:   494471  Throughput:  1931.5 MB/s  Total:  754.86 GB
[  400.4s] IOs:    197983141  IOPS:   494479  Throughput:  1931.6 MB/s  Total:  755.25 GB
[  400.6s] IOs:    198083518  IOPS:   494501  Throughput:  1931.6 MB/s  Total:  755.63 GB
[  400.9s] IOs:    198184281  IOPS:   494390  Throughput:  1931.2 MB/s  Total:  756.01 GB
[  401.0s] IOs:    198284688  IOPS:   494431  Throughput:  1931.4 MB/s  Total:  756.40 GB
[  401.2s] IOs:    198385562  IOPS:   494469  Throughput:  1931.5 MB/s  Total:  756.78 GB
[  401.5s] IOs:    198486401  IOPS:   494386  Throughput:  1931.2 MB/s  Total:  757.17 GB
[  401.8s] IOs:    198586565  IOPS:   494261  Throughput:  1930.7 MB/s  Total:  757.55 GB
[  402.0s] IOs:    198686582  IOPS:   494294  Throughput:  1930.8 MB/s  Total:  757.93 GB
[  402.2s] IOs:    198786741  IOPS:   494291  Throughput:  1930.8 MB/s  Total:  758.31 GB
[Reader] Parsed 32000000 lines, distributed 198814470 writes, unique 248.90 GB, skipped 0
[  402.3s] IOs:    198886953  IOPS:   494332  Throughput:  1931.0 MB/s  Total:  758.69 GB
[  402.6s] IOs:    198987481  IOPS:   494226  Throughput:  1930.6 MB/s  Total:  759.08 GB
[  402.9s] IOs:    199087657  IOPS:   494143  Throughput:  1930.2 MB/s  Total:  759.46 GB
[  403.1s] IOs:    199188315  IOPS:   494174  Throughput:  1930.4 MB/s  Total:  759.84 GB
[  403.2s] IOs:    199288629  IOPS:   494219  Throughput:  1930.5 MB/s  Total:  760.23 GB
[  403.5s] IOs:    199389406  IOPS:   494091  Throughput:  1930.0 MB/s  Total:  760.61 GB
[  403.7s] IOs:    199489988  IOPS:   494141  Throughput:  1930.2 MB/s  Total:  760.99 GB
[  403.9s] IOs:    199590129  IOPS:   494165  Throughput:  1930.3 MB/s  Total:  761.38 GB
[  404.2s] IOs:    199691018  IOPS:   494074  Throughput:  1930.0 MB/s  Total:  761.76 GB
[  404.5s] IOs:    199791475  IOPS:   493973  Throughput:  1929.6 MB/s  Total:  762.14 GB
[  404.7s] IOs:    199891763  IOPS:   493978  Throughput:  1929.6 MB/s  Total:  762.53 GB
[  404.8s] IOs:    199992247  IOPS:   494017  Throughput:  1929.8 MB/s  Total:  762.91 GB
[  405.1s] IOs:    200093138  IOPS:   493908  Throughput:  1929.3 MB/s  Total:  763.29 GB
[  405.3s] IOs:    200193197  IOPS:   493923  Throughput:  1929.4 MB/s  Total:  763.68 GB
[  405.5s] IOs:    200293449  IOPS:   493888  Throughput:  1929.3 MB/s  Total:  764.06 GB
[  405.7s] IOs:    200393671  IOPS:   493927  Throughput:  1929.4 MB/s  Total:  764.44 GB
[  405.9s] IOs:    200494228  IOPS:   493965  Throughput:  1929.6 MB/s  Total:  764.82 GB
[  406.2s] IOs:    200594992  IOPS:   493844  Throughput:  1929.1 MB/s  Total:  765.21 GB
[  406.4s] IOs:    200695650  IOPS:   493866  Throughput:  1929.2 MB/s  Total:  765.59 GB
[  406.6s] IOs:    200796286  IOPS:   493886  Throughput:  1929.2 MB/s  Total:  765.98 GB
[  406.7s] IOs:    200897309  IOPS:   493909  Throughput:  1929.3 MB/s  Total:  766.36 GB
[  407.0s] IOs:    200998227  IOPS:   493913  Throughput:  1929.3 MB/s  Total:  766.75 GB
[  407.2s] IOs:    201099079  IOPS:   493867  Throughput:  1929.2 MB/s  Total:  767.13 GB
[  407.4s] IOs:    201199794  IOPS:   493879  Throughput:  1929.2 MB/s  Total:  767.52 GB
[  407.6s] IOs:    201300564  IOPS:   493900  Throughput:  1929.3 MB/s  Total:  767.90 GB
[  407.8s] IOs:    201401205  IOPS:   493904  Throughput:  1929.3 MB/s  Total:  768.28 GB
[  408.0s] IOs:    201501829  IOPS:   493895  Throughput:  1929.3 MB/s  Total:  768.67 GB
[  408.2s] IOs:    201602313  IOPS:   493938  Throughput:  1929.4 MB/s  Total:  769.05 GB
[  408.3s] IOs:    201702521  IOPS:   493970  Throughput:  1929.6 MB/s  Total:  769.43 GB
[  408.6s] IOs:    201802552  IOPS:   493885  Throughput:  1929.2 MB/s  Total:  769.82 GB
[  408.8s] IOs:    201903550  IOPS:   493902  Throughput:  1929.3 MB/s  Total:  770.20 GB
[  409.0s] IOs:    202004354  IOPS:   493878  Throughput:  1929.2 MB/s  Total:  770.59 GB
[  409.2s] IOs:    202104890  IOPS:   493923  Throughput:  1929.4 MB/s  Total:  770.97 GB
[  409.4s] IOs:    202205213  IOPS:   493959  Throughput:  1929.5 MB/s  Total:  771.35 GB
[  409.6s] IOs:    202305216  IOPS:   493915  Throughput:  1929.4 MB/s  Total:  771.73 GB
[  409.8s] IOs:    202405723  IOPS:   493945  Throughput:  1929.5 MB/s  Total:  772.12 GB
[  409.9s] IOs:    202506384  IOPS:   493987  Throughput:  1929.6 MB/s  Total:  772.50 GB
[  410.1s] IOs:    202606873  IOPS:   494000  Throughput:  1929.7 MB/s  Total:  772.88 GB
[  410.3s] IOs:    202707097  IOPS:   494040  Throughput:  1929.8 MB/s  Total:  773.27 GB
[  410.5s] IOs:    202807261  IOPS:   494061  Throughput:  1929.9 MB/s  Total:  773.65 GB
[  410.7s] IOs:    202907268  IOPS:   494094  Throughput:  1930.1 MB/s  Total:  774.03 GB
[  410.8s] IOs:    203007436  IOPS:   494136  Throughput:  1930.2 MB/s  Total:  774.41 GB
[  411.1s] IOs:    203107809  IOPS:   494019  Throughput:  1929.8 MB/s  Total:  774.79 GB
[  411.3s] IOs:    203208156  IOPS:   494054  Throughput:  1929.9 MB/s  Total:  775.18 GB
[  411.6s] IOs:    203308987  IOPS:   493910  Throughput:  1929.3 MB/s  Total:  775.56 GB
[  411.8s] IOs:    203409218  IOPS:   493916  Throughput:  1929.4 MB/s  Total:  775.94 GB
[  412.1s] IOs:    203509675  IOPS:   493854  Throughput:  1929.1 MB/s  Total:  776.33 GB
[  412.3s] IOs:    203610461  IOPS:   493896  Throughput:  1929.3 MB/s  Total:  776.71 GB
[  412.6s] IOs:    203710888  IOPS:   493772  Throughput:  1928.8 MB/s  Total:  777.10 GB
[  412.7s] IOs:    203810990  IOPS:   493805  Throughput:  1928.9 MB/s  Total:  777.48 GB
[  413.1s] IOs:    203911954  IOPS:   493651  Throughput:  1928.3 MB/s  Total:  777.86 GB
[  413.2s] IOs:    204012258  IOPS:   493686  Throughput:  1928.5 MB/s  Total:  778.25 GB
[Reader] Parsed 33000000 lines, distributed 204088805 writes, unique 250.04 GB, skipped 0
[  413.6s] IOs:    204112786  IOPS:   493524  Throughput:  1927.8 MB/s  Total:  778.63 GB
[  413.8s] IOs:    204213076  IOPS:   493565  Throughput:  1928.0 MB/s  Total:  779.01 GB
[  414.1s] IOs:    204313350  IOPS:   493450  Throughput:  1927.5 MB/s  Total:  779.39 GB
[  414.2s] IOs:    204413549  IOPS:   493456  Throughput:  1927.6 MB/s  Total:  779.78 GB
[  414.5s] IOs:    204513925  IOPS:   493375  Throughput:  1927.2 MB/s  Total:  780.16 GB
[  414.7s] IOs:    204614209  IOPS:   493413  Throughput:  1927.4 MB/s  Total:  780.54 GB
[  415.0s] IOs:    204714525  IOPS:   493281  Throughput:  1926.9 MB/s  Total:  780.92 GB
[  415.2s] IOs:    204814793  IOPS:   493300  Throughput:  1927.0 MB/s  Total:  781.31 GB
[  415.5s] IOs:    204914822  IOPS:   493162  Throughput:  1926.4 MB/s  Total:  781.69 GB
[  415.7s] IOs:    205014888  IOPS:   493197  Throughput:  1926.6 MB/s  Total:  782.07 GB
[  416.0s] IOs:    205115412  IOPS:   493064  Throughput:  1926.0 MB/s  Total:  782.45 GB
[  416.2s] IOs:    205216089  IOPS:   493105  Throughput:  1926.2 MB/s  Total:  782.84 GB
[  416.3s] IOs:    205316555  IOPS:   493144  Throughput:  1926.3 MB/s  Total:  783.22 GB
[  416.7s] IOs:    205416821  IOPS:   492976  Throughput:  1925.7 MB/s  Total:  783.60 GB
[  416.9s] IOs:    205517006  IOPS:   493010  Throughput:  1925.8 MB/s  Total:  783.99 GB
[  417.1s] IOs:    205617558  IOPS:   492971  Throughput:  1925.7 MB/s  Total:  784.37 GB
[  417.3s] IOs:    205717956  IOPS:   493011  Throughput:  1925.8 MB/s  Total:  784.75 GB
[  417.5s] IOs:    205818543  IOPS:   492936  Throughput:  1925.5 MB/s  Total:  785.14 GB
[  417.7s] IOs:    205918730  IOPS:   492966  Throughput:  1925.6 MB/s  Total:  785.52 GB
[  417.9s] IOs:    206019677  IOPS:   493003  Throughput:  1925.8 MB/s  Total:  785.90 GB
[  418.1s] IOs:    206120261  IOPS:   492954  Throughput:  1925.6 MB/s  Total:  786.29 GB
[  418.3s] IOs:    206221122  IOPS:   492998  Throughput:  1925.8 MB/s  Total:  786.67 GB
[  418.7s] IOs:    206321256  IOPS:   492744  Throughput:  1924.8 MB/s  Total:  787.05 GB
[  418.9s] IOs:    206421342  IOPS:   492766  Throughput:  1924.9 MB/s  Total:  787.43 GB
[  419.1s] IOs:    206521718  IOPS:   492757  Throughput:  1924.8 MB/s  Total:  787.82 GB
[  419.3s] IOs:    206621718  IOPS:   492790  Throughput:  1925.0 MB/s  Total:  788.20 GB
[  419.6s] IOs:    206722263  IOPS:   492681  Throughput:  1924.5 MB/s  Total:  788.58 GB
[  419.8s] IOs:    206822883  IOPS:   492724  Throughput:  1924.7 MB/s  Total:  788.97 GB
[  420.1s] IOs:    206923231  IOPS:   492579  Throughput:  1924.1 MB/s  Total:  789.35 GB
[  420.3s] IOs:    207023610  IOPS:   492615  Throughput:  1924.3 MB/s  Total:  789.73 GB
[  420.6s] IOs:    207124020  IOPS:   492485  Throughput:  1923.8 MB/s  Total:  790.12 GB
[  420.7s] IOs:    207224602  IOPS:   492531  Throughput:  1923.9 MB/s  Total:  790.50 GB
[  421.0s] IOs:    207325343  IOPS:   492444  Throughput:  1923.6 MB/s  Total:  790.88 GB
[  421.2s] IOs:    207426211  IOPS:   492480  Throughput:  1923.8 MB/s  Total:  791.27 GB
[  421.5s] IOs:    207526418  IOPS:   492337  Throughput:  1923.2 MB/s  Total:  791.65 GB
[  421.7s] IOs:    207627409  IOPS:   492335  Throughput:  1923.2 MB/s  Total:  792.04 GB
[  421.9s] IOs:    207728134  IOPS:   492375  Throughput:  1923.3 MB/s  Total:  792.42 GB
[  422.2s] IOs:    207828783  IOPS:   492251  Throughput:  1922.9 MB/s  Total:  792.80 GB
[  422.4s] IOs:    207929197  IOPS:   492288  Throughput:  1923.0 MB/s  Total:  793.19 GB
[  422.7s] IOs:    208029323  IOPS:   492180  Throughput:  1922.6 MB/s  Total:  793.57 GB
[  422.8s] IOs:    208130265  IOPS:   492213  Throughput:  1922.7 MB/s  Total:  793.95 GB
[  423.2s] IOs:    208230481  IOPS:   492087  Throughput:  1922.2 MB/s  Total:  794.34 GB
[  423.3s] IOs:    208330493  IOPS:   492121  Throughput:  1922.3 MB/s  Total:  794.72 GB
[Reader] Parsed 34000000 lines, distributed 208365565 writes, unique 251.39 GB, skipped 0
[  423.7s] IOs:    208430963  IOPS:   491946  Throughput:  1921.7 MB/s  Total:  795.10 GB
[  423.9s] IOs:    208531672  IOPS:   491932  Throughput:  1921.6 MB/s  Total:  795.49 GB
[  424.2s] IOs:    208632490  IOPS:   491881  Throughput:  1921.4 MB/s  Total:  795.87 GB
[  424.3s] IOs:    208732936  IOPS:   491917  Throughput:  1921.5 MB/s  Total:  796.25 GB
[  424.6s] IOs:    208833403  IOPS:   491797  Throughput:  1921.1 MB/s  Total:  796.64 GB
[  424.9s] IOs:    208933729  IOPS:   491720  Throughput:  1920.8 MB/s  Total:  797.02 GB
[  425.1s] IOs:    209034587  IOPS:   491737  Throughput:  1920.8 MB/s  Total:  797.40 GB
[  425.3s] IOs:    209135588  IOPS:   491762  Throughput:  1920.9 MB/s  Total:  797.79 GB
[  425.5s] IOs:    209236343  IOPS:   491712  Throughput:  1920.7 MB/s  Total:  798.17 GB
[  425.7s] IOs:    209336801  IOPS:   491750  Throughput:  1920.9 MB/s  Total:  798.56 GB
[  425.9s] IOs:    209437109  IOPS:   491781  Throughput:  1921.0 MB/s  Total:  798.94 GB
[  426.2s] IOs:    209537633  IOPS:   491635  Throughput:  1920.4 MB/s  Total:  799.32 GB
[  426.4s] IOs:    209637651  IOPS:   491669  Throughput:  1920.6 MB/s  Total:  799.70 GB
[  426.6s] IOs:    209737870  IOPS:   491616  Throughput:  1920.4 MB/s  Total:  800.09 GB
[  426.8s] IOs:    209837993  IOPS:   491659  Throughput:  1920.5 MB/s  Total:  800.47 GB
[  427.0s] IOs:    209938374  IOPS:   491639  Throughput:  1920.5 MB/s  Total:  800.85 GB
[  427.2s] IOs:    210038757  IOPS:   491658  Throughput:  1920.5 MB/s  Total:  801.23 GB
[  427.4s] IOs:    210138982  IOPS:   491655  Throughput:  1920.5 MB/s  Total:  801.62 GB
[  427.6s] IOs:    210239241  IOPS:   491690  Throughput:  1920.7 MB/s  Total:  802.00 GB
[  427.9s] IOs:    210339835  IOPS:   491611  Throughput:  1920.4 MB/s  Total:  802.38 GB
[  428.1s] IOs:    210440814  IOPS:   491598  Throughput:  1920.3 MB/s  Total:  802.77 GB
[  428.3s] IOs:    210541663  IOPS:   491623  Throughput:  1920.4 MB/s  Total:  803.15 GB
[  428.4s] IOs:    210642566  IOPS:   491644  Throughput:  1920.5 MB/s  Total:  803.54 GB
[  428.6s] IOs:    210743465  IOPS:   491655  Throughput:  1920.5 MB/s  Total:  803.92 GB
[  428.8s] IOs:    210844197  IOPS:   491670  Throughput:  1920.6 MB/s  Total:  804.31 GB
[  429.0s] IOs:    210944541  IOPS:   491707  Throughput:  1920.7 MB/s  Total:  804.69 GB
[  429.2s] IOs:    211045066  IOPS:   491709  Throughput:  1920.7 MB/s  Total:  805.07 GB
[  429.4s] IOs:    211145403  IOPS:   491747  Throughput:  1920.9 MB/s  Total:  805.46 GB
[  429.6s] IOs:    211246199  IOPS:   491750  Throughput:  1920.9 MB/s  Total:  805.84 GB
[  429.8s] IOs:    211346733  IOPS:   491774  Throughput:  1921.0 MB/s  Total:  806.22 GB
[  429.9s] IOs:    211447101  IOPS:   491812  Throughput:  1921.1 MB/s  Total:  806.61 GB
[  430.1s] IOs:    211547251  IOPS:   491806  Throughput:  1921.1 MB/s  Total:  806.99 GB
[  430.3s] IOs:    211647285  IOPS:   491841  Throughput:  1921.3 MB/s  Total:  807.37 GB
[  430.5s] IOs:    211747654  IOPS:   491881  Throughput:  1921.4 MB/s  Total:  807.75 GB
[  430.7s] IOs:    211848113  IOPS:   491907  Throughput:  1921.5 MB/s  Total:  808.14 GB
[  430.8s] IOs:    211948787  IOPS:   491946  Throughput:  1921.7 MB/s  Total:  808.52 GB
[  431.0s] IOs:    212049566  IOPS:   491986  Throughput:  1921.8 MB/s  Total:  808.90 GB
[  431.4s] IOs:    212150050  IOPS:   491806  Throughput:  1921.1 MB/s  Total:  809.29 GB
[  431.6s] IOs:    212250906  IOPS:   491826  Throughput:  1921.2 MB/s  Total:  809.67 GB
[  431.8s] IOs:    212351413  IOPS:   491831  Throughput:  1921.2 MB/s  Total:  810.06 GB
[  432.1s] IOs:    212451692  IOPS:   491693  Throughput:  1920.7 MB/s  Total:  810.44 GB
[  432.2s] IOs:    212552184  IOPS:   491737  Throughput:  1920.8 MB/s  Total:  810.82 GB
[  432.7s] IOs:    212652963  IOPS:   491480  Throughput:  1919.8 MB/s  Total:  811.21 GB
[  432.9s] IOs:    212753211  IOPS:   491513  Throughput:  1920.0 MB/s  Total:  811.59 GB
[  433.2s] IOs:    212853353  IOPS:   491297  Throughput:  1919.1 MB/s  Total:  811.97 GB
[  433.4s] IOs:    212954059  IOPS:   491302  Throughput:  1919.1 MB/s  Total:  812.36 GB
[  433.6s] IOs:    213054812  IOPS:   491330  Throughput:  1919.3 MB/s  Total:  812.74 GB
[Reader] Parsed 35000000 lines, distributed 213065415 writes, unique 253.55 GB, skipped 0
[  433.8s] IOs:    213154873  IOPS:   491349  Throughput:  1919.3 MB/s  Total:  813.12 GB
[  434.0s] IOs:    213255442  IOPS:   491362  Throughput:  1919.4 MB/s  Total:  813.50 GB
[  434.3s] IOs:    213356232  IOPS:   491315  Throughput:  1919.2 MB/s  Total:  813.89 GB
[  434.4s] IOs:    213456279  IOPS:   491341  Throughput:  1919.3 MB/s  Total:  814.27 GB
[  434.6s] IOs:    213557271  IOPS:   491368  Throughput:  1919.4 MB/s  Total:  814.66 GB
[  434.8s] IOs:    213658195  IOPS:   491393  Throughput:  1919.5 MB/s  Total:  815.04 GB
[  435.0s] IOs:    213758944  IOPS:   491413  Throughput:  1919.6 MB/s  Total:  815.43 GB
[  435.2s] IOs:    213859579  IOPS:   491427  Throughput:  1919.6 MB/s  Total:  815.81 GB
[  435.4s] IOs:    213959966  IOPS:   491431  Throughput:  1919.7 MB/s  Total:  816.19 GB
[  435.6s] IOs:    214060396  IOPS:   491462  Throughput:  1919.8 MB/s  Total:  816.58 GB
[  435.7s] IOs:    214161099  IOPS:   491498  Throughput:  1919.9 MB/s  Total:  816.96 GB
[  435.9s] IOs:    214261693  IOPS:   491535  Throughput:  1920.1 MB/s  Total:  817.34 GB
[  436.1s] IOs:    214361766  IOPS:   491499  Throughput:  1919.9 MB/s  Total:  817.73 GB
[  436.3s] IOs:    214462643  IOPS:   491531  Throughput:  1920.0 MB/s  Total:  818.11 GB
[  436.6s] IOs:    214562858  IOPS:   491438  Throughput:  1919.7 MB/s  Total:  818.49 GB
[  436.8s] IOs:    214663834  IOPS:   491433  Throughput:  1919.7 MB/s  Total:  818.88 GB
[  437.0s] IOs:    214763873  IOPS:   491419  Throughput:  1919.6 MB/s  Total:  819.26 GB
[  437.2s] IOs:    214864573  IOPS:   491440  Throughput:  1919.7 MB/s  Total:  819.64 GB
[  437.5s] IOs:    214964946  IOPS:   491350  Throughput:  1919.3 MB/s  Total:  820.03 GB
[  437.7s] IOs:    215065946  IOPS:   491369  Throughput:  1919.4 MB/s  Total:  820.41 GB
[  437.9s] IOs:    215166086  IOPS:   491397  Throughput:  1919.5 MB/s  Total:  820.79 GB
[  438.1s] IOs:    215266999  IOPS:   491421  Throughput:  1919.6 MB/s  Total:  821.18 GB
[  438.2s] IOs:    215367921  IOPS:   491443  Throughput:  1919.7 MB/s  Total:  821.56 GB
[  438.4s] IOs:    215468659  IOPS:   491466  Throughput:  1919.8 MB/s  Total:  821.95 GB
[  438.6s] IOs:    215568664  IOPS:   491469  Throughput:  1919.8 MB/s  Total:  822.33 GB
[  438.8s] IOs:    215669033  IOPS:   491514  Throughput:  1920.0 MB/s  Total:  822.71 GB
[  439.0s] IOs:    215769715  IOPS:   491469  Throughput:  1919.8 MB/s  Total:  823.10 GB
[  439.2s] IOs:    215869992  IOPS:   491500  Throughput:  1919.9 MB/s  Total:  823.48 GB
[  439.4s] IOs:    215970157  IOPS:   491489  Throughput:  1919.9 MB/s  Total:  823.86 GB
[  439.6s] IOs:    216070899  IOPS:   491510  Throughput:  1920.0 MB/s  Total:  824.25 GB
[  439.8s] IOs:    216171365  IOPS:   491545  Throughput:  1920.1 MB/s  Total:  824.63 GB
[  439.9s] IOs:    216271755  IOPS:   491588  Throughput:  1920.3 MB/s  Total:  825.01 GB
[  440.2s] IOs:    216372753  IOPS:   491496  Throughput:  1919.9 MB/s  Total:  825.40 GB
[  440.4s] IOs:    216473602  IOPS:   491515  Throughput:  1920.0 MB/s  Total:  825.78 GB
[  440.6s] IOs:    216574415  IOPS:   491534  Throughput:  1920.1 MB/s  Total:  826.17 GB
[  440.8s] IOs:    216675193  IOPS:   491547  Throughput:  1920.1 MB/s  Total:  826.55 GB
[  441.0s] IOs:    216776028  IOPS:   491566  Throughput:  1920.2 MB/s  Total:  826.93 GB
[  441.2s] IOs:    216876791  IOPS:   491588  Throughput:  1920.3 MB/s  Total:  827.32 GB
[  441.4s] IOs:    216977773  IOPS:   491608  Throughput:  1920.3 MB/s  Total:  827.70 GB
[  441.6s] IOs:    217078321  IOPS:   491611  Throughput:  1920.4 MB/s  Total:  828.09 GB
[  441.7s] IOs:    217178832  IOPS:   491645  Throughput:  1920.5 MB/s  Total:  828.47 GB
[  442.0s] IOs:    217279213  IOPS:   491626  Throughput:  1920.4 MB/s  Total:  828.85 GB
[  442.2s] IOs:    217379601  IOPS:   491629  Throughput:  1920.4 MB/s  Total:  829.24 GB
[  442.3s] IOs:    217479651  IOPS:   491653  Throughput:  1920.5 MB/s  Total:  829.62 GB
[  442.6s] IOs:    217580071  IOPS:   491632  Throughput:  1920.4 MB/s  Total:  830.00 GB
[  442.7s] IOs:    217680157  IOPS:   491666  Throughput:  1920.6 MB/s  Total:  830.38 GB
[Reader] Parsed 36000000 lines, distributed 217708430 writes, unique 255.58 GB, skipped 0
[  442.9s] IOs:    217781109  IOPS:   491707  Throughput:  1920.7 MB/s  Total:  830.77 GB
[  443.1s] IOs:    217881640  IOPS:   491700  Throughput:  1920.7 MB/s  Total:  831.15 GB
[  443.3s] IOs:    217982102  IOPS:   491731  Throughput:  1920.8 MB/s  Total:  831.54 GB
[  443.5s] IOs:    218082385  IOPS:   491765  Throughput:  1921.0 MB/s  Total:  831.92 GB
[  443.7s] IOs:    218182593  IOPS:   491684  Throughput:  1920.6 MB/s  Total:  832.30 GB
[  443.9s] IOs:    218283363  IOPS:   491704  Throughput:  1920.7 MB/s  Total:  832.68 GB
[  444.1s] IOs:    218383402  IOPS:   491732  Throughput:  1920.8 MB/s  Total:  833.07 GB
[  444.3s] IOs:    218483646  IOPS:   491716  Throughput:  1920.8 MB/s  Total:  833.45 GB
[  444.5s] IOs:    218584469  IOPS:   491735  Throughput:  1920.8 MB/s  Total:  833.83 GB
[  444.7s] IOs:    218684932  IOPS:   491751  Throughput:  1920.9 MB/s  Total:  834.22 GB
[  444.9s] IOs:    218785270  IOPS:   491787  Throughput:  1921.0 MB/s  Total:  834.60 GB
[  445.1s] IOs:    218885610  IOPS:   491784  Throughput:  1921.0 MB/s  Total:  834.98 GB
[  445.3s] IOs:    218986111  IOPS:   491822  Throughput:  1921.2 MB/s  Total:  835.37 GB
[  445.4s] IOs:    219087074  IOPS:   491845  Throughput:  1921.3 MB/s  Total:  835.75 GB
[  445.8s] IOs:    219187425  IOPS:   491714  Throughput:  1920.8 MB/s  Total:  836.13 GB
[  445.9s] IOs:    219288278  IOPS:   491735  Throughput:  1920.8 MB/s  Total:  836.52 GB
[  446.1s] IOs:    219389156  IOPS:   491759  Throughput:  1920.9 MB/s  Total:  836.90 GB
[  446.3s] IOs:    219489842  IOPS:   491773  Throughput:  1921.0 MB/s  Total:  837.29 GB
[  446.5s] IOs:    219590660  IOPS:   491785  Throughput:  1921.0 MB/s  Total:  837.67 GB
[  446.7s] IOs:    219691566  IOPS:   491806  Throughput:  1921.1 MB/s  Total:  838.06 GB
[  446.9s] IOs:    219792501  IOPS:   491832  Throughput:  1921.2 MB/s  Total:  838.44 GB
[  447.1s] IOs:    219892536  IOPS:   491812  Throughput:  1921.1 MB/s  Total:  838.82 GB
[  447.3s] IOs:    219993469  IOPS:   491833  Throughput:  1921.2 MB/s  Total:  839.21 GB
[  447.5s] IOs:    220094185  IOPS:   491848  Throughput:  1921.3 MB/s  Total:  839.59 GB
[  447.7s] IOs:    220194819  IOPS:   491873  Throughput:  1921.4 MB/s  Total:  839.98 GB
[  447.9s] IOs:    220295340  IOPS:   491891  Throughput:  1921.4 MB/s  Total:  840.36 GB
[  448.0s] IOs:    220395832  IOPS:   491904  Throughput:  1921.5 MB/s  Total:  840.74 GB
[  448.2s] IOs:    220496531  IOPS:   491940  Throughput:  1921.6 MB/s  Total:  841.13 GB
[  448.4s] IOs:    220597115  IOPS:   491976  Throughput:  1921.8 MB/s  Total:  841.51 GB
[  448.6s] IOs:    220697537  IOPS:   491928  Throughput:  1921.6 MB/s  Total:  841.89 GB
[  448.9s] IOs:    220798168  IOPS:   491857  Throughput:  1921.3 MB/s  Total:  842.28 GB
[  449.1s] IOs:    220899073  IOPS:   491879  Throughput:  1921.4 MB/s  Total:  842.66 GB
[  449.3s] IOs:    220999108  IOPS:   491894  Throughput:  1921.5 MB/s  Total:  843.04 GB
[  449.5s] IOs:    221099873  IOPS:   491906  Throughput:  1921.5 MB/s  Total:  843.43 GB
[  449.7s] IOs:    221200333  IOPS:   491893  Throughput:  1921.5 MB/s  Total:  843.81 GB
[  449.9s] IOs:    221301129  IOPS:   491920  Throughput:  1921.6 MB/s  Total:  844.20 GB
[  450.1s] IOs:    221401130  IOPS:   491946  Throughput:  1921.7 MB/s  Total:  844.58 GB
[  450.2s] IOs:    221501216  IOPS:   491968  Throughput:  1921.8 MB/s  Total:  844.96 GB
[  450.4s] IOs:    221601988  IOPS:   491992  Throughput:  1921.8 MB/s  Total:  845.34 GB
[  450.6s] IOs:    221702834  IOPS:   491984  Throughput:  1921.8 MB/s  Total:  845.73 GB
[  450.8s] IOs:    221803569  IOPS:   491998  Throughput:  1921.9 MB/s  Total:  846.11 GB
[  451.0s] IOs:    221903867  IOPS:   492034  Throughput:  1922.0 MB/s  Total:  846.50 GB
[  451.2s] IOs:    222004192  IOPS:   492067  Throughput:  1922.1 MB/s  Total:  846.88 GB
[  451.4s] IOs:    222104238  IOPS:   492070  Throughput:  1922.2 MB/s  Total:  847.26 GB
[  451.6s] IOs:    222204608  IOPS:   492000  Throughput:  1921.9 MB/s  Total:  847.64 GB
[Reader] Parsed 37000000 lines, distributed 222280904 writes, unique 258.42 GB, skipped 0
[  451.8s] IOs:    222305522  IOPS:   492020  Throughput:  1922.0 MB/s  Total:  848.03 GB
[  452.0s] IOs:    222405579  IOPS:   492044  Throughput:  1922.0 MB/s  Total:  848.41 GB
[  452.2s] IOs:    222506322  IOPS:   492049  Throughput:  1922.1 MB/s  Total:  848.79 GB
[  452.4s] IOs:    222607255  IOPS:   492068  Throughput:  1922.1 MB/s  Total:  849.18 GB
[  452.6s] IOs:    222708152  IOPS:   492056  Throughput:  1922.1 MB/s  Total:  849.56 GB
[  452.8s] IOs:    222808823  IOPS:   492077  Throughput:  1922.2 MB/s  Total:  849.95 GB
[  453.0s] IOs:    222909831  IOPS:   492095  Throughput:  1922.2 MB/s  Total:  850.33 GB
[  453.2s] IOs:    223010789  IOPS:   492124  Throughput:  1922.4 MB/s  Total:  850.72 GB
[  453.3s] IOs:    223111679  IOPS:   492145  Throughput:  1922.4 MB/s  Total:  851.10 GB
[  453.5s] IOs:    223212223  IOPS:   492162  Throughput:  1922.5 MB/s  Total:  851.49 GB
[  453.7s] IOs:    223313173  IOPS:   492188  Throughput:  1922.6 MB/s  Total:  851.87 GB
[  453.9s] IOs:    223413880  IOPS:   492197  Throughput:  1922.6 MB/s  Total:  852.26 GB
[  454.1s] IOs:    223514368  IOPS:   492236  Throughput:  1922.8 MB/s  Total:  852.64 GB
[  454.3s] IOs:    223615104  IOPS:   492268  Throughput:  1922.9 MB/s  Total:  853.02 GB
[  454.4s] IOs:    223715462  IOPS:   492296  Throughput:  1923.0 MB/s  Total:  853.41 GB
[  454.7s] IOs:    223815950  IOPS:   492263  Throughput:  1922.9 MB/s  Total:  853.79 GB
[  454.8s] IOs:    223916061  IOPS:   492293  Throughput:  1923.0 MB/s  Total:  854.17 GB
[  455.1s] IOs:    224016616  IOPS:   492282  Throughput:  1923.0 MB/s  Total:  854.56 GB
[  455.3s] IOs:    224117112  IOPS:   492275  Throughput:  1922.9 MB/s  Total:  854.94 GB
[  455.5s] IOs:    224217516  IOPS:   492204  Throughput:  1922.7 MB/s  Total:  855.32 GB
[  455.7s] IOs:    224318487  IOPS:   492227  Throughput:  1922.8 MB/s  Total:  855.71 GB
[  455.9s] IOs:    224419289  IOPS:   492242  Throughput:  1922.8 MB/s  Total:  856.09 GB
[  456.1s] IOs:    224519328  IOPS:   492264  Throughput:  1922.9 MB/s  Total:  856.47 GB
[  456.3s] IOs:    224620281  IOPS:   492292  Throughput:  1923.0 MB/s  Total:  856.86 GB
[  456.5s] IOs:    224721017  IOPS:   492315  Throughput:  1923.1 MB/s  Total:  857.24 GB
[  456.6s] IOs:    224821733  IOPS:   492332  Throughput:  1923.2 MB/s  Total:  857.63 GB
[  456.9s] IOs:    224922527  IOPS:   492314  Throughput:  1923.1 MB/s  Total:  858.01 GB
[  457.0s] IOs:    225022964  IOPS:   492348  Throughput:  1923.2 MB/s  Total:  858.39 GB
[  457.2s] IOs:    225123874  IOPS:   492382  Throughput:  1923.4 MB/s  Total:  858.78 GB
[  457.4s] IOs:    225224051  IOPS:   492404  Throughput:  1923.5 MB/s  Total:  859.16 GB
[  457.7s] IOs:    225324911  IOPS:   492322  Throughput:  1923.1 MB/s  Total:  859.55 GB
[  457.9s] IOs:    225425789  IOPS:   492342  Throughput:  1923.2 MB/s  Total:  859.93 GB
[  458.0s] IOs:    225525986  IOPS:   492362  Throughput:  1923.3 MB/s  Total:  860.31 GB
[  458.2s] IOs:    225626832  IOPS:   492399  Throughput:  1923.4 MB/s  Total:  860.70 GB
[  458.4s] IOs:    225727610  IOPS:   492427  Throughput:  1923.5 MB/s  Total:  861.08 GB
[  458.6s] IOs:    225828612  IOPS:   492410  Throughput:  1923.5 MB/s  Total:  861.47 GB
[  458.8s] IOs:    225928939  IOPS:   492439  Throughput:  1923.6 MB/s  Total:  861.85 GB
[  459.0s] IOs:    226029395  IOPS:   492474  Throughput:  1923.7 MB/s  Total:  862.23 GB
[  459.1s] IOs:    226129996  IOPS:   492502  Throughput:  1923.8 MB/s  Total:  862.62 GB
[  459.3s] IOs:    226230475  IOPS:   492528  Throughput:  1923.9 MB/s  Total:  863.00 GB
[  459.5s] IOs:    226330941  IOPS:   492543  Throughput:  1924.0 MB/s  Total:  863.38 GB
[  459.7s] IOs:    226431084  IOPS:   492535  Throughput:  1924.0 MB/s  Total:  863.77 GB
[  460.1s] IOs:    226531561  IOPS:   492392  Throughput:  1923.4 MB/s  Total:  864.15 GB
[  460.2s] IOs:    226632276  IOPS:   492426  Throughput:  1923.5 MB/s  Total:  864.53 GB
[  460.6s] IOs:    226732643  IOPS:   492223  Throughput:  1922.7 MB/s  Total:  864.92 GB
[  460.8s] IOs:    226833327  IOPS:   492250  Throughput:  1922.9 MB/s  Total:  865.30 GB
[  461.1s] IOs:    226933420  IOPS:   492136  Throughput:  1922.4 MB/s  Total:  865.68 GB
[Reader] Parsed 38000000 lines, distributed 227002198 writes, unique 261.81 GB, skipped 0
[  461.3s] IOs:    227033763  IOPS:   492120  Throughput:  1922.3 MB/s  Total:  866.07 GB
[  461.6s] IOs:    227134430  IOPS:   492019  Throughput:  1921.9 MB/s  Total:  866.45 GB
[  461.8s] IOs:    227235010  IOPS:   492057  Throughput:  1922.1 MB/s  Total:  866.83 GB
[  462.1s] IOs:    227335491  IOPS:   491984  Throughput:  1921.8 MB/s  Total:  867.22 GB
[  462.3s] IOs:    227435825  IOPS:   491984  Throughput:  1921.8 MB/s  Total:  867.60 GB
[  462.5s] IOs:    227536073  IOPS:   492014  Throughput:  1921.9 MB/s  Total:  867.98 GB
[  462.7s] IOs:    227636736  IOPS:   491950  Throughput:  1921.7 MB/s  Total:  868.37 GB
[  463.0s] IOs:    227737093  IOPS:   491825  Throughput:  1921.2 MB/s  Total:  868.75 GB
[  463.2s] IOs:    227837401  IOPS:   491849  Throughput:  1921.3 MB/s  Total:  869.13 GB
[  463.4s] IOs:    227938151  IOPS:   491882  Throughput:  1921.4 MB/s  Total:  869.52 GB
[  463.7s] IOs:    228038252  IOPS:   491759  Throughput:  1920.9 MB/s  Total:  869.90 GB
[  463.9s] IOs:    228139232  IOPS:   491771  Throughput:  1921.0 MB/s  Total:  870.28 GB
[  464.2s] IOs:    228239622  IOPS:   491687  Throughput:  1920.7 MB/s  Total:  870.67 GB
[  464.4s] IOs:    228340088  IOPS:   491724  Throughput:  1920.8 MB/s  Total:  871.05 GB
[  464.7s] IOs:    228440343  IOPS:   491542  Throughput:  1920.1 MB/s  Total:  871.43 GB
[  464.9s] IOs:    228541209  IOPS:   491562  Throughput:  1920.2 MB/s  Total:  871.82 GB
[  465.2s] IOs:    228641429  IOPS:   491502  Throughput:  1919.9 MB/s  Total:  872.20 GB
[  465.4s] IOs:    228741756  IOPS:   491522  Throughput:  1920.0 MB/s  Total:  872.58 GB
[  465.7s] IOs:    228842474  IOPS:   491442  Throughput:  1919.7 MB/s  Total:  872.96 GB
[  466.0s] IOs:    228943455  IOPS:   491347  Throughput:  1919.3 MB/s  Total:  873.35 GB
[  466.1s] IOs:    229043746  IOPS:   491364  Throughput:  1919.4 MB/s  Total:  873.73 GB
[  466.3s] IOs:    229144358  IOPS:   491383  Throughput:  1919.5 MB/s  Total:  874.12 GB
[  466.6s] IOs:    229244808  IOPS:   491325  Throughput:  1919.2 MB/s  Total:  874.50 GB
[  466.8s] IOs:    229345366  IOPS:   491361  Throughput:  1919.4 MB/s  Total:  874.88 GB
[  466.9s] IOs:    229445948  IOPS:   491390  Throughput:  1919.5 MB/s  Total:  875.27 GB
[  467.2s] IOs:    229546320  IOPS:   491321  Throughput:  1919.2 MB/s  Total:  875.65 GB
[  467.5s] IOs:    229647249  IOPS:   491226  Throughput:  1918.9 MB/s  Total:  876.03 GB
[  467.7s] IOs:    229747281  IOPS:   491263  Throughput:  1919.0 MB/s  Total:  876.42 GB
[  467.8s] IOs:    229847978  IOPS:   491299  Throughput:  1919.1 MB/s  Total:  876.80 GB
[  468.2s] IOs:    229948136  IOPS:   491163  Throughput:  1918.6 MB/s  Total:  877.18 GB
[  468.4s] IOs:    230048345  IOPS:   491184  Throughput:  1918.7 MB/s  Total:  877.56 GB
[  468.6s] IOs:    230148433  IOPS:   491182  Throughput:  1918.7 MB/s  Total:  877.95 GB
[  468.7s] IOs:    230248895  IOPS:   491222  Throughput:  1918.8 MB/s  Total:  878.33 GB
[  468.9s] IOs:    230349781  IOPS:   491262  Throughput:  1919.0 MB/s  Total:  878.71 GB
[  469.2s] IOs:    230450037  IOPS:   491165  Throughput:  1918.6 MB/s  Total:  879.10 GB
[  469.4s] IOs:    230550322  IOPS:   491167  Throughput:  1918.6 MB/s  Total:  879.48 GB
[  469.6s] IOs:    230650419  IOPS:   491151  Throughput:  1918.6 MB/s  Total:  879.86 GB
[  469.8s] IOs:    230751072  IOPS:   491186  Throughput:  1918.7 MB/s  Total:  880.25 GB
[  470.0s] IOs:    230851786  IOPS:   491202  Throughput:  1918.8 MB/s  Total:  880.63 GB
[  470.2s] IOs:    230952480  IOPS:   491195  Throughput:  1918.7 MB/s  Total:  881.01 GB
[  470.4s] IOs:    231052557  IOPS:   491213  Throughput:  1918.8 MB/s  Total:  881.40 GB
[  470.6s] IOs:    231152842  IOPS:   491219  Throughput:  1918.8 MB/s  Total:  881.78 GB
[  470.7s] IOs:    231253304  IOPS:   491249  Throughput:  1918.9 MB/s  Total:  882.16 GB
[  470.9s] IOs:    231353626  IOPS:   491270  Throughput:  1919.0 MB/s  Total:  882.54 GB
[  471.1s] IOs:    231454031  IOPS:   491297  Throughput:  1919.1 MB/s  Total:  882.93 GB
[  471.3s] IOs:    231554140  IOPS:   491333  Throughput:  1919.3 MB/s  Total:  883.31 GB
[  471.4s] IOs:    231654677  IOPS:   491367  Throughput:  1919.4 MB/s  Total:  883.69 GB
[Reader] Parsed 39000000 lines, distributed 231697726 writes, unique 264.44 GB, skipped 0
[  471.7s] IOs:    231754733  IOPS:   491358  Throughput:  1919.4 MB/s  Total:  884.07 GB
[  472.0s] IOs:    231855156  IOPS:   491260  Throughput:  1919.0 MB/s  Total:  884.46 GB
[  472.1s] IOs:    231955856  IOPS:   491294  Throughput:  1919.1 MB/s  Total:  884.84 GB
[  472.4s] IOs:    232056549  IOPS:   491278  Throughput:  1919.1 MB/s  Total:  885.23 GB
[  472.6s] IOs:    232156651  IOPS:   491256  Throughput:  1919.0 MB/s  Total:  885.61 GB
[  472.7s] IOs:    232257301  IOPS:   491290  Throughput:  1919.1 MB/s  Total:  885.99 GB
[  472.9s] IOs:    232357824  IOPS:   491326  Throughput:  1919.2 MB/s  Total:  886.37 GB
[  473.2s] IOs:    232458385  IOPS:   491266  Throughput:  1919.0 MB/s  Total:  886.76 GB
[  473.3s] IOs:    232558616  IOPS:   491308  Throughput:  1919.2 MB/s  Total:  887.14 GB
[  473.6s] IOs:    232659452  IOPS:   491274  Throughput:  1919.0 MB/s  Total:  887.53 GB
[  473.8s] IOs:    232760035  IOPS:   491276  Throughput:  1919.0 MB/s  Total:  887.91 GB
[  474.0s] IOs:    232860831  IOPS:   491283  Throughput:  1919.1 MB/s  Total:  888.29 GB
[  474.2s] IOs:    232961064  IOPS:   491323  Throughput:  1919.2 MB/s  Total:  888.68 GB
[  474.3s] IOs:    233061746  IOPS:   491352  Throughput:  1919.3 MB/s  Total:  889.06 GB
[  474.6s] IOs:    233162348  IOPS:   491284  Throughput:  1919.1 MB/s  Total:  889.44 GB
[  474.8s] IOs:    233263084  IOPS:   491316  Throughput:  1919.2 MB/s  Total:  889.83 GB
[  474.9s] IOs:    233363517  IOPS:   491345  Throughput:  1919.3 MB/s  Total:  890.21 GB
[  475.1s] IOs:    233464263  IOPS:   491355  Throughput:  1919.4 MB/s  Total:  890.60 GB
[  475.4s] IOs:    233564878  IOPS:   491266  Throughput:  1919.0 MB/s  Total:  890.98 GB
[  475.6s] IOs:    233665133  IOPS:   491285  Throughput:  1919.1 MB/s  Total:  891.36 GB
[  475.8s] IOs:    233765372  IOPS:   491312  Throughput:  1919.2 MB/s  Total:  891.74 GB
[  476.1s] IOs:    233865928  IOPS:   491209  Throughput:  1918.8 MB/s  Total:  892.13 GB
[  476.3s] IOs:    233966526  IOPS:   491200  Throughput:  1918.8 MB/s  Total:  892.51 GB
[  476.5s] IOs:    234067022  IOPS:   491225  Throughput:  1918.8 MB/s  Total:  892.89 GB
[  476.7s] IOs:    234167599  IOPS:   491242  Throughput:  1918.9 MB/s  Total:  893.28 GB
[  476.9s] IOs:    234268565  IOPS:   491271  Throughput:  1919.0 MB/s  Total:  893.66 GB
[  477.1s] IOs:    234368697  IOPS:   491241  Throughput:  1918.9 MB/s  Total:  894.05 GB
[  477.3s] IOs:    234469217  IOPS:   491277  Throughput:  1919.1 MB/s  Total:  894.43 GB
[  477.4s] IOs:    234569770  IOPS:   491307  Throughput:  1919.2 MB/s  Total:  894.81 GB
[  477.7s] IOs:    234670174  IOPS:   491269  Throughput:  1919.0 MB/s  Total:  895.20 GB
[  477.8s] IOs:    234770335  IOPS:   491306  Throughput:  1919.2 MB/s  Total:  895.58 GB
[  478.1s] IOs:    234870649  IOPS:   491291  Throughput:  1919.1 MB/s  Total:  895.96 GB
[  478.3s] IOs:    234970980  IOPS:   491291  Throughput:  1919.1 MB/s  Total:  896.34 GB
[  478.4s] IOs:    235071740  IOPS:   491330  Throughput:  1919.3 MB/s  Total:  896.73 GB
[  478.6s] IOs:    235172246  IOPS:   491344  Throughput:  1919.3 MB/s  Total:  897.11 GB
[  478.8s] IOs:    235272567  IOPS:   491380  Throughput:  1919.5 MB/s  Total:  897.49 GB
[  479.0s] IOs:    235373534  IOPS:   491415  Throughput:  1919.6 MB/s  Total:  897.88 GB
[  479.3s] IOs:    235473885  IOPS:   491323  Throughput:  1919.2 MB/s  Total:  898.26 GB
[  479.4s] IOs:    235574428  IOPS:   491350  Throughput:  1919.3 MB/s  Total:  898.65 GB
[  479.6s] IOs:    235675052  IOPS:   491356  Throughput:  1919.4 MB/s  Total:  899.03 GB
[  479.8s] IOs:    235775350  IOPS:   491388  Throughput:  1919.5 MB/s  Total:  899.41 GB
[  480.0s] IOs:    235875434  IOPS:   491410  Throughput:  1919.6 MB/s  Total:  899.79 GB
[  480.2s] IOs:    235975934  IOPS:   491418  Throughput:  1919.6 MB/s  Total:  900.18 GB
[  480.4s] IOs:    236076731  IOPS:   491454  Throughput:  1919.7 MB/s  Total:  900.56 GB
[  480.6s] IOs:    236177075  IOPS:   491449  Throughput:  1919.7 MB/s  Total:  900.94 GB
[  480.8s] IOs:    236277157  IOPS:   491454  Throughput:  1919.7 MB/s  Total:  901.33 GB
[  480.9s] IOs:    236378001  IOPS:   491483  Throughput:  1919.9 MB/s  Total:  901.71 GB
[  481.1s] IOs:    236478610  IOPS:   491497  Throughput:  1919.9 MB/s  Total:  902.09 GB
[Reader] Parsed 40000000 lines, distributed 236518928 writes, unique 268.02 GB, skipped 0
[  481.3s] IOs:    236579327  IOPS:   491526  Throughput:  1920.0 MB/s  Total:  902.48 GB
[  481.5s] IOs:    236680058  IOPS:   491558  Throughput:  1920.2 MB/s  Total:  902.86 GB
[  481.7s] IOs:    236780335  IOPS:   491572  Throughput:  1920.2 MB/s  Total:  903.25 GB
[  481.9s] IOs:    236880550  IOPS:   491601  Throughput:  1920.3 MB/s  Total:  903.63 GB
[  482.0s] IOs:    236981345  IOPS:   491632  Throughput:  1920.4 MB/s  Total:  904.01 GB
[  482.2s] IOs:    237081716  IOPS:   491669  Throughput:  1920.6 MB/s  Total:  904.39 GB
[  482.5s] IOs:    237182116  IOPS:   491586  Throughput:  1920.3 MB/s  Total:  904.78 GB
[  482.7s] IOs:    237282246  IOPS:   491571  Throughput:  1920.2 MB/s  Total:  905.16 GB
[  482.9s] IOs:    237383079  IOPS:   491589  Throughput:  1920.3 MB/s  Total:  905.54 GB
[  483.3s] IOs:    237483962  IOPS:   491330  Throughput:  1919.3 MB/s  Total:  905.93 GB
[  483.5s] IOs:    237584462  IOPS:   491342  Throughput:  1919.3 MB/s  Total:  906.31 GB
[  483.7s] IOs:    237684876  IOPS:   491360  Throughput:  1919.4 MB/s  Total:  906.70 GB
[  483.9s] IOs:    237785508  IOPS:   491399  Throughput:  1919.5 MB/s  Total:  907.08 GB
[  484.4s] IOs:    237885728  IOPS:   491108  Throughput:  1918.4 MB/s  Total:  907.46 GB
[  484.7s] IOs:    237985771  IOPS:   491042  Throughput:  1918.1 MB/s  Total:  907.84 GB
[  484.8s] IOs:    238085914  IOPS:   491076  Throughput:  1918.3 MB/s  Total:  908.23 GB
[  485.3s] IOs:    238186578  IOPS:   490832  Throughput:  1917.3 MB/s  Total:  908.61 GB
[  485.5s] IOs:    238286964  IOPS:   490808  Throughput:  1917.2 MB/s  Total:  908.99 GB
[  485.7s] IOs:    238387079  IOPS:   490818  Throughput:  1917.3 MB/s  Total:  909.37 GB
[  485.9s] IOs:    238487544  IOPS:   490845  Throughput:  1917.4 MB/s  Total:  909.76 GB
[  486.2s] IOs:    238588108  IOPS:   490726  Throughput:  1916.9 MB/s  Total:  910.14 GB
[  486.5s] IOs:    238688714  IOPS:   490628  Throughput:  1916.5 MB/s  Total:  910.53 GB
[  486.7s] IOs:    238789259  IOPS:   490654  Throughput:  1916.6 MB/s  Total:  910.91 GB
[  486.9s] IOs:    238889279  IOPS:   490677  Throughput:  1916.7 MB/s  Total:  911.29 GB
[  487.1s] IOs:    238989538  IOPS:   490588  Throughput:  1916.4 MB/s  Total:  911.67 GB
[  487.4s] IOs:    239089544  IOPS:   490552  Throughput:  1916.2 MB/s  Total:  912.05 GB
[  487.6s] IOs:    239189951  IOPS:   490578  Throughput:  1916.3 MB/s  Total:  912.44 GB
[  487.8s] IOs:    239290363  IOPS:   490541  Throughput:  1916.2 MB/s  Total:  912.82 GB
[  488.0s] IOs:    239390804  IOPS:   490571  Throughput:  1916.3 MB/s  Total:  913.20 GB
[  488.2s] IOs:    239491749  IOPS:   490519  Throughput:  1916.1 MB/s  Total:  913.59 GB
[  488.4s] IOs:    239592734  IOPS:   490532  Throughput:  1916.1 MB/s  Total:  913.97 GB
[  488.7s] IOs:    239693088  IOPS:   490486  Throughput:  1916.0 MB/s  Total:  914.36 GB
[  488.9s] IOs:    239793414  IOPS:   490511  Throughput:  1916.1 MB/s  Total:  914.74 GB
[  489.1s] IOs:    239894134  IOPS:   490463  Throughput:  1915.9 MB/s  Total:  915.12 GB
[  489.3s] IOs:    239994270  IOPS:   490478  Throughput:  1915.9 MB/s  Total:  915.51 GB
[  489.6s] IOs:    240094689  IOPS:   490400  Throughput:  1915.6 MB/s  Total:  915.89 GB
[  489.8s] IOs:    240195018  IOPS:   490433  Throughput:  1915.8 MB/s  Total:  916.27 GB
[  489.9s] IOs:    240295873  IOPS:   490452  Throughput:  1915.8 MB/s  Total:  916.66 GB
[  490.2s] IOs:    240396310  IOPS:   490364  Throughput:  1915.5 MB/s  Total:  917.04 GB
[  490.4s] IOs:    240496527  IOPS:   490393  Throughput:  1915.6 MB/s  Total:  917.42 GB
[  490.7s] IOs:    240596678  IOPS:   490358  Throughput:  1915.5 MB/s  Total:  917.80 GB
[  490.8s] IOs:    240696833  IOPS:   490379  Throughput:  1915.5 MB/s  Total:  918.19 GB
[  491.0s] IOs:    240797811  IOPS:   490407  Throughput:  1915.7 MB/s  Total:  918.57 GB
[  491.3s] IOs:    240897980  IOPS:   490306  Throughput:  1915.3 MB/s  Total:  918.95 GB
[  491.5s] IOs:    240998856  IOPS:   490325  Throughput:  1915.3 MB/s  Total:  919.34 GB
[  491.7s] IOs:    241099676  IOPS:   490350  Throughput:  1915.4 MB/s  Total:  919.72 GB
[  491.9s] IOs:    241199681  IOPS:   490386  Throughput:  1915.6 MB/s  Total:  920.10 GB
[  492.0s] IOs:    241300087  IOPS:   490424  Throughput:  1915.7 MB/s  Total:  920.49 GB
[Reader] Parsed 41000000 lines, distributed 241394582 writes, unique 270.94 GB, skipped 0
[  492.4s] IOs:    241400508  IOPS:   490255  Throughput:  1915.1 MB/s  Total:  920.87 GB
[  492.7s] IOs:    241501442  IOPS:   490155  Throughput:  1914.7 MB/s  Total:  921.25 GB
[  492.9s] IOs:    241602441  IOPS:   490187  Throughput:  1914.8 MB/s  Total:  921.64 GB
[  493.5s] IOs:    241702884  IOPS:   489747  Throughput:  1913.1 MB/s  Total:  922.02 GB
[  493.7s] IOs:    241803796  IOPS:   489783  Throughput:  1913.2 MB/s  Total:  922.41 GB
[  493.9s] IOs:    241904396  IOPS:   489816  Throughput:  1913.3 MB/s  Total:  922.79 GB
[  494.3s] IOs:    242004798  IOPS:   489551  Throughput:  1912.3 MB/s  Total:  923.18 GB
[  494.7s] IOs:    242104986  IOPS:   489366  Throughput:  1911.6 MB/s  Total:  923.56 GB
[  494.9s] IOs:    242205375  IOPS:   489386  Throughput:  1911.7 MB/s  Total:  923.94 GB
[  495.2s] IOs:    242305613  IOPS:   489277  Throughput:  1911.2 MB/s  Total:  924.32 GB
[  495.7s] IOs:    242406096  IOPS:   489042  Throughput:  1910.3 MB/s  Total:  924.71 GB
[  495.9s] IOs:    242506388  IOPS:   489034  Throughput:  1910.3 MB/s  Total:  925.09 GB
[  496.2s] IOs:    242606413  IOPS:   488937  Throughput:  1909.9 MB/s  Total:  925.47 GB
[  496.4s] IOs:    242707422  IOPS:   488964  Throughput:  1910.0 MB/s  Total:  925.86 GB
[  496.8s] IOs:    242808100  IOPS:   488717  Throughput:  1909.1 MB/s  Total:  926.24 GB
[  497.0s] IOs:    242908550  IOPS:   488743  Throughput:  1909.2 MB/s  Total:  926.62 GB
[  497.3s] IOs:    243009064  IOPS:   488660  Throughput:  1908.8 MB/s  Total:  927.01 GB
[  497.5s] IOs:    243109126  IOPS:   488692  Throughput:  1909.0 MB/s  Total:  927.39 GB
[  497.8s] IOs:    243209208  IOPS:   488589  Throughput:  1908.5 MB/s  Total:  927.77 GB
[  498.0s] IOs:    243309747  IOPS:   488585  Throughput:  1908.5 MB/s  Total:  928.15 GB
[  498.3s] IOs:    243410359  IOPS:   488511  Throughput:  1908.2 MB/s  Total:  928.54 GB
[  498.4s] IOs:    243510777  IOPS:   488546  Throughput:  1908.4 MB/s  Total:  928.92 GB
[  498.8s] IOs:    243611240  IOPS:   488434  Throughput:  1907.9 MB/s  Total:  929.30 GB
[  498.9s] IOs:    243712209  IOPS:   488457  Throughput:  1908.0 MB/s  Total:  929.69 GB
[  499.2s] IOs:    243812423  IOPS:   488389  Throughput:  1907.8 MB/s  Total:  930.07 GB
[  499.4s] IOs:    243912932  IOPS:   488418  Throughput:  1907.9 MB/s  Total:  930.45 GB
[  499.7s] IOs:    244013316  IOPS:   488289  Throughput:  1907.4 MB/s  Total:  930.84 GB
[  499.9s] IOs:    244113320  IOPS:   488315  Throughput:  1907.5 MB/s  Total:  931.22 GB
[  500.1s] IOs:    244214176  IOPS:   488302  Throughput:  1907.4 MB/s  Total:  931.60 GB
[  500.3s] IOs:    244314907  IOPS:   488289  Throughput:  1907.4 MB/s  Total:  931.99 GB
[  500.7s] IOs:    244415532  IOPS:   488178  Throughput:  1906.9 MB/s  Total:  932.37 GB
[  500.9s] IOs:    244515961  IOPS:   488191  Throughput:  1907.0 MB/s  Total:  932.75 GB
[  501.0s] IOs:    244616525  IOPS:   488221  Throughput:  1907.1 MB/s  Total:  933.14 GB
[  501.3s] IOs:    244717462  IOPS:   488135  Throughput:  1906.8 MB/s  Total:  933.52 GB
[  501.5s] IOs:    244818237  IOPS:   488154  Throughput:  1906.9 MB/s  Total:  933.91 GB
[  501.8s] IOs:    244918758  IOPS:   488095  Throughput:  1906.6 MB/s  Total:  934.29 GB
[  502.0s] IOs:    245019108  IOPS:   488118  Throughput:  1906.7 MB/s  Total:  934.67 GB
[  502.2s] IOs:    245119705  IOPS:   488050  Throughput:  1906.4 MB/s  Total:  935.06 GB
[  502.4s] IOs:    245220310  IOPS:   488073  Throughput:  1906.5 MB/s  Total:  935.44 GB
[  502.6s] IOs:    245320419  IOPS:   488103  Throughput:  1906.7 MB/s  Total:  935.82 GB
[  502.8s] IOs:    245420966  IOPS:   488071  Throughput:  1906.5 MB/s  Total:  936.21 GB
[  503.1s] IOs:    245521105  IOPS:   488040  Throughput:  1906.4 MB/s  Total:  936.59 GB
[  503.3s] IOs:    245621432  IOPS:   488069  Throughput:  1906.5 MB/s  Total:  936.97 GB
[  503.4s] IOs:    245721932  IOPS:   488094  Throughput:  1906.6 MB/s  Total:  937.35 GB
[  503.7s] IOs:    245822719  IOPS:   488030  Throughput:  1906.4 MB/s  Total:  937.74 GB
[  503.9s] IOs:    245923491  IOPS:   488060  Throughput:  1906.5 MB/s  Total:  938.12 GB
[  504.1s] IOs:    246023982  IOPS:   488082  Throughput:  1906.6 MB/s  Total:  938.51 GB
[  504.4s] IOs:    246124507  IOPS:   487992  Throughput:  1906.2 MB/s  Total:  938.89 GB
[  504.5s] IOs:    246225393  IOPS:   488013  Throughput:  1906.3 MB/s  Total:  939.28 GB
[  504.7s] IOs:    246325462  IOPS:   488034  Throughput:  1906.4 MB/s  Total:  939.66 GB
[  504.9s] IOs:    246425511  IOPS:   488058  Throughput:  1906.5 MB/s  Total:  940.04 GB
[Reader] Parsed 42000000 lines, distributed 246523875 writes, unique 273.75 GB, skipped 0
[  505.1s] IOs:    246525701  IOPS:   488087  Throughput:  1906.6 MB/s  Total:  940.42 GB
[  505.3s] IOs:    246626232  IOPS:   488084  Throughput:  1906.6 MB/s  Total:  940.80 GB
[  505.5s] IOs:    246726838  IOPS:   488083  Throughput:  1906.6 MB/s  Total:  941.19 GB
[  505.7s] IOs:    246827512  IOPS:   488107  Throughput:  1906.7 MB/s  Total:  941.57 GB
[  505.9s] IOs:    246928425  IOPS:   488109  Throughput:  1906.7 MB/s  Total:  941.96 GB
[  506.2s] IOs:    247028570  IOPS:   487999  Throughput:  1906.2 MB/s  Total:  942.34 GB
[  506.4s] IOs:    247128616  IOPS:   488033  Throughput:  1906.4 MB/s  Total:  942.72 GB
[  506.7s] IOs:    247228951  IOPS:   487884  Throughput:  1905.8 MB/s  Total:  943.10 GB
[  506.9s] IOs:    247329296  IOPS:   487919  Throughput:  1905.9 MB/s  Total:  943.49 GB
[  507.2s] IOs:    247429700  IOPS:   487826  Throughput:  1905.6 MB/s  Total:  943.87 GB
[  507.4s] IOs:    247529967  IOPS:   487862  Throughput:  1905.7 MB/s  Total:  944.25 GB
[  507.7s] IOs:    247630958  IOPS:   487766  Throughput:  1905.3 MB/s  Total:  944.64 GB
[  507.9s] IOs:    247731790  IOPS:   487803  Throughput:  1905.5 MB/s  Total:  945.02 GB
[  508.1s] IOs:    247831997  IOPS:   487807  Throughput:  1905.5 MB/s  Total:  945.40 GB
[  508.3s] IOs:    247932318  IOPS:   487757  Throughput:  1905.3 MB/s  Total:  945.79 GB
[  508.5s] IOs:    248032913  IOPS:   487793  Throughput:  1905.4 MB/s  Total:  946.17 GB
[  508.9s] IOs:    248133386  IOPS:   487577  Throughput:  1904.6 MB/s  Total:  946.55 GB
[  509.1s] IOs:    248233933  IOPS:   487611  Throughput:  1904.7 MB/s  Total:  946.94 GB
[  509.3s] IOs:    248334860  IOPS:   487638  Throughput:  1904.8 MB/s  Total:  947.32 GB
[  509.4s] IOs:    248435251  IOPS:   487663  Throughput:  1904.9 MB/s  Total:  947.71 GB
[  509.7s] IOs:    248535598  IOPS:   487579  Throughput:  1904.6 MB/s  Total:  948.09 GB
[  509.9s] IOs:    248636212  IOPS:   487614  Throughput:  1904.7 MB/s  Total:  948.47 GB
[  510.2s] IOs:    248736873  IOPS:   487542  Throughput:  1904.5 MB/s  Total:  948.86 GB
[  510.4s] IOs:    248837122  IOPS:   487542  Throughput:  1904.5 MB/s  Total:  949.24 GB
[  510.6s] IOs:    248937479  IOPS:   487577  Throughput:  1904.6 MB/s  Total:  949.62 GB
[  510.8s] IOs:    249037715  IOPS:   487506  Throughput:  1904.3 MB/s  Total:  950.00 GB
[  511.0s] IOs:    249138142  IOPS:   487539  Throughput:  1904.4 MB/s  Total:  950.39 GB
[  511.3s] IOs:    249238411  IOPS:   487463  Throughput:  1904.2 MB/s  Total:  950.77 GB
[  511.5s] IOs:    249338641  IOPS:   487497  Throughput:  1904.3 MB/s  Total:  951.15 GB
[  511.7s] IOs:    249438848  IOPS:   487442  Throughput:  1904.1 MB/s  Total:  951.53 GB
[  511.9s] IOs:    249539209  IOPS:   487474  Throughput:  1904.2 MB/s  Total:  951.92 GB
[  512.1s] IOs:    249639771  IOPS:   487509  Throughput:  1904.3 MB/s  Total:  952.30 GB
[  512.4s] IOs:    249740128  IOPS:   487385  Throughput:  1903.8 MB/s  Total:  952.68 GB
[  512.6s] IOs:    249840483  IOPS:   487410  Throughput:  1903.9 MB/s  Total:  953.07 GB
[  512.8s] IOs:    249940615  IOPS:   487408  Throughput:  1903.9 MB/s  Total:  953.45 GB
[  513.0s] IOs:    250040739  IOPS:   487435  Throughput:  1904.0 MB/s  Total:  953.83 GB
[  513.3s] IOs:    250141284  IOPS:   487345  Throughput:  1903.7 MB/s  Total:  954.21 GB
[  513.5s] IOs:    250241632  IOPS:   487335  Throughput:  1903.7 MB/s  Total:  954.60 GB
[  513.7s] IOs:    250342081  IOPS:   487315  Throughput:  1903.6 MB/s  Total:  954.98 GB
[  514.0s] IOs:    250443035  IOPS:   487207  Throughput:  1903.2 MB/s  Total:  955.36 GB
[  514.2s] IOs:    250543244  IOPS:   487239  Throughput:  1903.3 MB/s  Total:  955.75 GB
[  514.4s] IOs:    250644273  IOPS:   487275  Throughput:  1903.4 MB/s  Total:  956.13 GB
[  514.7s] IOs:    250744489  IOPS:   487181  Throughput:  1903.1 MB/s  Total:  956.51 GB
[  514.9s] IOs:    250844552  IOPS:   487196  Throughput:  1903.1 MB/s  Total:  956.90 GB
[  515.1s] IOs:    250945377  IOPS:   487190  Throughput:  1903.1 MB/s  Total:  957.28 GB
[  515.5s] IOs:    251046405  IOPS:   487037  Throughput:  1902.5 MB/s  Total:  957.67 GB
[  515.6s] IOs:    251147339  IOPS:   487067  Throughput:  1902.6 MB/s  Total:  958.05 GB
[  515.8s] IOs:    251247769  IOPS:   487075  Throughput:  1902.6 MB/s  Total:  958.43 GB
[  516.0s] IOs:    251348280  IOPS:   487112  Throughput:  1902.8 MB/s  Total:  958.82 GB
[  516.3s] IOs:    251448821  IOPS:   487052  Throughput:  1902.5 MB/s  Total:  959.20 GB
[  516.4s] IOs:    251549198  IOPS:   487087  Throughput:  1902.7 MB/s  Total:  959.58 GB
[  516.6s] IOs:    251649457  IOPS:   487120  Throughput:  1902.8 MB/s  Total:  959.97 GB
[  516.9s] IOs:    251750158  IOPS:   487085  Throughput:  1902.7 MB/s  Total:  960.35 GB
[  517.0s] IOs:    251850948  IOPS:   487118  Throughput:  1902.8 MB/s  Total:  960.74 GB
[  517.3s] IOs:    251951669  IOPS:   487057  Throughput:  1902.6 MB/s  Total:  961.12 GB
[  517.5s] IOs:    252052561  IOPS:   487061  Throughput:  1902.6 MB/s  Total:  961.50 GB
[  517.7s] IOs:    252153317  IOPS:   487093  Throughput:  1902.7 MB/s  Total:  961.89 GB
[Reader] Parsed 43000000 lines, distributed 252161573 writes, unique 278.70 GB, skipped 0
[  517.9s] IOs:    252253699  IOPS:   487082  Throughput:  1902.7 MB/s  Total:  962.27 GB
[  518.1s] IOs:    252354700  IOPS:   487120  Throughput:  1902.8 MB/s  Total:  962.66 GB
[  518.4s] IOs:    252455026  IOPS:   487008  Throughput:  1902.4 MB/s  Total:  963.04 GB
[  518.6s] IOs:    252555529  IOPS:   487034  Throughput:  1902.5 MB/s  Total:  963.42 GB
[  518.7s] IOs:    252655818  IOPS:   487059  Throughput:  1902.6 MB/s  Total:  963.81 GB
[  518.9s] IOs:    252756202  IOPS:   487090  Throughput:  1902.7 MB/s  Total:  964.19 GB
[  519.1s] IOs:    252856814  IOPS:   487124  Throughput:  1902.8 MB/s  Total:  964.57 GB
[  519.5s] IOs:    252957638  IOPS:   486948  Throughput:  1902.1 MB/s  Total:  964.96 GB
[  519.7s] IOs:    253058461  IOPS:   486944  Throughput:  1902.1 MB/s  Total:  965.34 GB
[  519.9s] IOs:    253159346  IOPS:   486940  Throughput:  1902.1 MB/s  Total:  965.73 GB
[  520.1s] IOs:    253260338  IOPS:   486957  Throughput:  1902.2 MB/s  Total:  966.11 GB
[  520.4s] IOs:    253360781  IOPS:   486855  Throughput:  1901.8 MB/s  Total:  966.49 GB
[  520.7s] IOs:    253461086  IOPS:   486796  Throughput:  1901.5 MB/s  Total:  966.88 GB
[  520.9s] IOs:    253562053  IOPS:   486755  Throughput:  1901.4 MB/s  Total:  967.26 GB
[  521.1s] IOs:    253662653  IOPS:   486765  Throughput:  1901.4 MB/s  Total:  967.65 GB
[  521.4s] IOs:    253763444  IOPS:   486679  Throughput:  1901.1 MB/s  Total:  968.03 GB
[  521.7s] IOs:    253863795  IOPS:   486592  Throughput:  1900.8 MB/s  Total:  968.41 GB
[  521.9s] IOs:    253964142  IOPS:   486621  Throughput:  1900.9 MB/s  Total:  968.80 GB
[  522.1s] IOs:    254064222  IOPS:   486639  Throughput:  1900.9 MB/s  Total:  969.18 GB
[  522.4s] IOs:    254165170  IOPS:   486523  Throughput:  1900.5 MB/s  Total:  969.56 GB
[  522.6s] IOs:    254265209  IOPS:   486547  Throughput:  1900.6 MB/s  Total:  969.94 GB
[  522.8s] IOs:    254365697  IOPS:   486525  Throughput:  1900.5 MB/s  Total:  970.33 GB
[  523.0s] IOs:    254466130  IOPS:   486549  Throughput:  1900.6 MB/s  Total:  970.71 GB
[  523.3s] IOs:    254566656  IOPS:   486421  Throughput:  1900.1 MB/s  Total:  971.09 GB
[  523.5s] IOs:    254667485  IOPS:   486443  Throughput:  1900.2 MB/s  Total:  971.48 GB
[  523.8s] IOs:    254768128  IOPS:   486339  Throughput:  1899.8 MB/s  Total:  971.86 GB
[  524.0s] IOs:    254868220  IOPS:   486363  Throughput:  1899.9 MB/s  Total:  972.25 GB
[  524.4s] IOs:    254968620  IOPS:   486251  Throughput:  1899.4 MB/s  Total:  972.63 GB
[  524.5s] IOs:    255068917  IOPS:   486276  Throughput:  1899.5 MB/s  Total:  973.01 GB
[  524.9s] IOs:    255169500  IOPS:   486174  Throughput:  1899.1 MB/s  Total:  973.39 GB
[  525.1s] IOs:    255270370  IOPS:   486173  Throughput:  1899.1 MB/s  Total:  973.78 GB
[  525.3s] IOs:    255370885  IOPS:   486098  Throughput:  1898.8 MB/s  Total:  974.16 GB
[  525.6s] IOs:    255471546  IOPS:   486097  Throughput:  1898.8 MB/s  Total:  974.55 GB
[  525.8s] IOs:    255571791  IOPS:   486046  Throughput:  1898.6 MB/s  Total:  974.93 GB
[  526.0s] IOs:    255672455  IOPS:   486074  Throughput:  1898.7 MB/s  Total:  975.31 GB
[  526.3s] IOs:    255772501  IOPS:   486010  Throughput:  1898.5 MB/s  Total:  975.69 GB
[  526.4s] IOs:    255873501  IOPS:   486037  Throughput:  1898.6 MB/s  Total:  976.08 GB
[  526.6s] IOs:    255973837  IOPS:   486055  Throughput:  1898.7 MB/s  Total:  976.46 GB
[  526.9s] IOs:    256074484  IOPS:   486014  Throughput:  1898.5 MB/s  Total:  976.85 GB
[  527.1s] IOs:    256175196  IOPS:   486040  Throughput:  1898.6 MB/s  Total:  977.23 GB
[  527.3s] IOs:    256275954  IOPS:   486012  Throughput:  1898.5 MB/s  Total:  977.62 GB
[  527.5s] IOs:    256375983  IOPS:   486033  Throughput:  1898.6 MB/s  Total:  978.00 GB
[  527.8s] IOs:    256476369  IOPS:   485980  Throughput:  1898.4 MB/s  Total:  978.38 GB
[  527.9s] IOs:    256576717  IOPS:   486009  Throughput:  1898.5 MB/s  Total:  978.76 GB
[  528.3s] IOs:    256677437  IOPS:   485880  Throughput:  1898.0 MB/s  Total:  979.15 GB
[  528.5s] IOs:    256778265  IOPS:   485899  Throughput:  1898.0 MB/s  Total:  979.53 GB
[  528.8s] IOs:    256878979  IOPS:   485799  Throughput:  1897.7 MB/s  Total:  979.92 GB
[  529.0s] IOs:    256979760  IOPS:   485802  Throughput:  1897.7 MB/s  Total:  980.30 GB
[  529.3s] IOs:    257080402  IOPS:   485731  Throughput:  1897.4 MB/s  Total:  980.68 GB
[  529.4s] IOs:    257181124  IOPS:   485752  Throughput:  1897.5 MB/s  Total:  981.07 GB
[  529.6s] IOs:    257281988  IOPS:   485771  Throughput:  1897.5 MB/s  Total:  981.45 GB
[  529.9s] IOs:    257382005  IOPS:   485694  Throughput:  1897.2 MB/s  Total:  981.83 GB
[  530.1s] IOs:    257482882  IOPS:   485715  Throughput:  1897.3 MB/s  Total:  982.22 GB
[  530.4s] IOs:    257583067  IOPS:   485659  Throughput:  1897.1 MB/s  Total:  982.60 GB
[  530.6s] IOs:    257683146  IOPS:   485674  Throughput:  1897.2 MB/s  Total:  982.98 GB
[Reader] Parsed 44000000 lines, distributed 257705376 writes, unique 284.85 GB, skipped 0
[  530.8s] IOs:    257783172  IOPS:   485659  Throughput:  1897.1 MB/s  Total:  983.36 GB
[  531.0s] IOs:    257883612  IOPS:   485680  Throughput:  1897.2 MB/s  Total:  983.75 GB
[  531.2s] IOs:    257983687  IOPS:   485704  Throughput:  1897.3 MB/s  Total:  984.13 GB
[  531.4s] IOs:    258084051  IOPS:   485692  Throughput:  1897.2 MB/s  Total:  984.51 GB
[  531.5s] IOs:    258184633  IOPS:   485722  Throughput:  1897.4 MB/s  Total:  984.90 GB
[  531.8s] IOs:    258285498  IOPS:   485679  Throughput:  1897.2 MB/s  Total:  985.28 GB
[  532.0s] IOs:    258386481  IOPS:   485694  Throughput:  1897.2 MB/s  Total:  985.67 GB
[  532.2s] IOs:    258487359  IOPS:   485720  Throughput:  1897.3 MB/s  Total:  986.05 GB
[  532.4s] IOs:    258588056  IOPS:   485711  Throughput:  1897.3 MB/s  Total:  986.44 GB
[  532.6s] IOs:    258688603  IOPS:   485739  Throughput:  1897.4 MB/s  Total:  986.82 GB
[  532.8s] IOs:    258789408  IOPS:   485727  Throughput:  1897.4 MB/s  Total:  987.20 GB
[  533.0s] IOs:    258890460  IOPS:   485739  Throughput:  1897.4 MB/s  Total:  987.59 GB
[  533.2s] IOs:    258991233  IOPS:   485765  Throughput:  1897.5 MB/s  Total:  987.97 GB
[  533.3s] IOs:    259092002  IOPS:   485791  Throughput:  1897.6 MB/s  Total:  988.36 GB
[  533.5s] IOs:    259192488  IOPS:   485812  Throughput:  1897.7 MB/s  Total:  988.74 GB
[  533.7s] IOs:    259293071  IOPS:   485842  Throughput:  1897.8 MB/s  Total:  989.12 GB
[  534.0s] IOs:    259393166  IOPS:   485733  Throughput:  1897.4 MB/s  Total:  989.51 GB
[  534.2s] IOs:    259493966  IOPS:   485748  Throughput:  1897.5 MB/s  Total:  989.89 GB
[  534.4s] IOs:    259594316  IOPS:   485765  Throughput:  1897.5 MB/s  Total:  990.27 GB
[  534.6s] IOs:    259694644  IOPS:   485797  Throughput:  1897.6 MB/s  Total:  990.66 GB
[  534.9s] IOs:    259795253  IOPS:   485707  Throughput:  1897.3 MB/s  Total:  991.04 GB
[  535.2s] IOs:    259895638  IOPS:   485615  Throughput:  1896.9 MB/s  Total:  991.42 GB
[  535.4s] IOs:    259996086  IOPS:   485612  Throughput:  1896.9 MB/s  Total:  991.81 GB
[  535.6s] IOs:    260096276  IOPS:   485640  Throughput:  1897.0 MB/s  Total:  992.19 GB
[  535.9s] IOs:    260196903  IOPS:   485522  Throughput:  1896.6 MB/s  Total:  992.57 GB
[  536.2s] IOs:    260297402  IOPS:   485441  Throughput:  1896.3 MB/s  Total:  992.96 GB
[  536.4s] IOs:    260398342  IOPS:   485458  Throughput:  1896.3 MB/s  Total:  993.34 GB
[  536.6s] IOs:    260498577  IOPS:   485479  Throughput:  1896.4 MB/s  Total:  993.72 GB
[  536.9s] IOs:    260598857  IOPS:   485383  Throughput:  1896.0 MB/s  Total:  994.11 GB
[  537.1s] IOs:    260699436  IOPS:   485406  Throughput:  1896.1 MB/s  Total:  994.49 GB
[  537.5s] IOs:    260799856  IOPS:   485244  Throughput:  1895.5 MB/s  Total:  994.87 GB
[  537.7s] IOs:    260900693  IOPS:   485229  Throughput:  1895.4 MB/s  Total:  995.26 GB
[  537.9s] IOs:    261000833  IOPS:   485225  Throughput:  1895.4 MB/s  Total:  995.64 GB
[  538.2s] IOs:    261101845  IOPS:   485095  Throughput:  1894.9 MB/s  Total:  996.02 GB
[  538.4s] IOs:    261202133  IOPS:   485101  Throughput:  1894.9 MB/s  Total:  996.41 GB
[  538.9s] IOs:    261302678  IOPS:   484901  Throughput:  1894.1 MB/s  Total:  996.79 GB
[  539.2s] IOs:    261402871  IOPS:   484841  Throughput:  1893.9 MB/s  Total:  997.17 GB
[  539.3s] IOs:    261503830  IOPS:   484864  Throughput:  1894.0 MB/s  Total:  997.56 GB
[  539.5s] IOs:    261604062  IOPS:   484863  Throughput:  1894.0 MB/s  Total:  997.94 GB
[  539.9s] IOs:    261704232  IOPS:   484745  Throughput:  1893.5 MB/s  Total:  998.32 GB
[  540.1s] IOs:    261804956  IOPS:   484754  Throughput:  1893.6 MB/s  Total:  998.71 GB
[  540.4s] IOs:    261905239  IOPS:   484680  Throughput:  1893.3 MB/s  Total:  999.09 GB
[  540.6s] IOs:    262006047  IOPS:   484675  Throughput:  1893.3 MB/s  Total:  999.47 GB
[  540.8s] IOs:    262106305  IOPS:   484625  Throughput:  1893.1 MB/s  Total:  999.86 GB
[  541.0s] IOs:    262206482  IOPS:   484631  Throughput:  1893.1 MB/s  Total: 1000.24 GB
[  541.4s] IOs:    262307068  IOPS:   484481  Throughput:  1892.5 MB/s  Total: 1000.62 GB
[  541.6s] IOs:    262407814  IOPS:   484505  Throughput:  1892.6 MB/s  Total: 1001.01 GB
[  541.9s] IOs:    262508249  IOPS:   484441  Throughput:  1892.3 MB/s  Total: 1001.39 GB
[  542.1s] IOs:    262608992  IOPS:   484460  Throughput:  1892.4 MB/s  Total: 1001.77 GB
[  542.3s] IOs:    262709447  IOPS:   484407  Throughput:  1892.2 MB/s  Total: 1002.16 GB
[  542.5s] IOs:    262809972  IOPS:   484443  Throughput:  1892.4 MB/s  Total: 1002.54 GB
[  542.9s] IOs:    262910517  IOPS:   484297  Throughput:  1891.8 MB/s  Total: 1002.92 GB
[  543.1s] IOs:    263010915  IOPS:   484297  Throughput:  1891.8 MB/s  Total: 1003.31 GB
[  543.3s] IOs:    263110958  IOPS:   484275  Throughput:  1891.7 MB/s  Total: 1003.69 GB
[  543.5s] IOs:    263211105  IOPS:   484301  Throughput:  1891.8 MB/s  Total: 1004.07 GB
[  543.7s] IOs:    263311490  IOPS:   484335  Throughput:  1891.9 MB/s  Total: 1004.45 GB
[Reader] Parsed 45000000 lines, distributed 263390655 writes, unique 293.05 GB, skipped 0
[  543.9s] IOs:    263411926  IOPS:   484283  Throughput:  1891.7 MB/s  Total: 1004.84 GB
[  544.1s] IOs:    263512255  IOPS:   484311  Throughput:  1891.8 MB/s  Total: 1005.22 GB
[  544.4s] IOs:    263612613  IOPS:   484270  Throughput:  1891.7 MB/s  Total: 1005.60 GB
[  544.6s] IOs:    263713096  IOPS:   484210  Throughput:  1891.4 MB/s  Total: 1005.99 GB
[  544.8s] IOs:    263813901  IOPS:   484208  Throughput:  1891.4 MB/s  Total: 1006.37 GB
[  545.0s] IOs:    263914744  IOPS:   484228  Throughput:  1891.5 MB/s  Total: 1006.75 GB
[  545.2s] IOs:    264015642  IOPS:   484246  Throughput:  1891.6 MB/s  Total: 1007.14 GB
[  545.4s] IOs:    264116442  IOPS:   484264  Throughput:  1891.7 MB/s  Total: 1007.52 GB
[  545.6s] IOs:    264216999  IOPS:   484285  Throughput:  1891.7 MB/s  Total: 1007.91 GB
[  545.9s] IOs:    264317166  IOPS:   484181  Throughput:  1891.3 MB/s  Total: 1008.29 GB
[  546.1s] IOs:    264417613  IOPS:   484209  Throughput:  1891.4 MB/s  Total: 1008.67 GB
[  546.3s] IOs:    264517874  IOPS:   484183  Throughput:  1891.3 MB/s  Total: 1009.06 GB
[  546.5s] IOs:    264618661  IOPS:   484200  Throughput:  1891.4 MB/s  Total: 1009.44 GB
[  546.8s] IOs:    264718771  IOPS:   484148  Throughput:  1891.2 MB/s  Total: 1009.82 GB
[  547.0s] IOs:    264819455  IOPS:   484166  Throughput:  1891.3 MB/s  Total: 1010.21 GB
[  547.2s] IOs:    264920178  IOPS:   484121  Throughput:  1891.1 MB/s  Total: 1010.59 GB
[  547.4s] IOs:    265021172  IOPS:   484146  Throughput:  1891.2 MB/s  Total: 1010.98 GB
[  547.6s] IOs:    265121656  IOPS:   484142  Throughput:  1891.2 MB/s  Total: 1011.36 GB
[  547.8s] IOs:    265222068  IOPS:   484160  Throughput:  1891.3 MB/s  Total: 1011.74 GB
[  548.0s] IOs:    265322791  IOPS:   484180  Throughput:  1891.3 MB/s  Total: 1012.13 GB
[  548.2s] IOs:    265423662  IOPS:   484195  Throughput:  1891.4 MB/s  Total: 1012.51 GB
[  548.4s] IOs:    265524644  IOPS:   484182  Throughput:  1891.3 MB/s  Total: 1012.90 GB
[  548.6s] IOs:    265625388  IOPS:   484197  Throughput:  1891.4 MB/s  Total: 1013.28 GB
[  548.8s] IOs:    265726311  IOPS:   484218  Throughput:  1891.5 MB/s  Total: 1013.67 GB
[  549.0s] IOs:    265827212  IOPS:   484206  Throughput:  1891.4 MB/s  Total: 1014.05 GB
[  549.2s] IOs:    265927534  IOPS:   484236  Throughput:  1891.5 MB/s  Total: 1014.43 GB
[  549.3s] IOs:    266027705  IOPS:   484266  Throughput:  1891.7 MB/s  Total: 1014.82 GB
[  549.5s] IOs:    266127821  IOPS:   484283  Throughput:  1891.7 MB/s  Total: 1015.20 GB
[  549.7s] IOs:    266228064  IOPS:   484306  Throughput:  1891.8 MB/s  Total: 1015.58 GB
[  549.9s] IOs:    266328127  IOPS:   484283  Throughput:  1891.7 MB/s  Total: 1015.96 GB
[  550.1s] IOs:    266429116  IOPS:   484308  Throughput:  1891.8 MB/s  Total: 1016.35 GB
[  550.4s] IOs:    266529804  IOPS:   484225  Throughput:  1891.5 MB/s  Total: 1016.73 GB
[  550.6s] IOs:    266630732  IOPS:   484242  Throughput:  1891.6 MB/s  Total: 1017.12 GB
[  550.8s] IOs:    266731492  IOPS:   484250  Throughput:  1891.6 MB/s  Total: 1017.50 GB
[  551.0s] IOs:    266832192  IOPS:   484235  Throughput:  1891.5 MB/s  Total: 1017.88 GB
[  551.2s] IOs:    266932898  IOPS:   484246  Throughput:  1891.6 MB/s  Total: 1018.27 GB
[  551.4s] IOs:    267032898  IOPS:   484270  Throughput:  1891.7 MB/s  Total: 1018.65 GB
[  551.6s] IOs:    267133785  IOPS:   484282  Throughput:  1891.7 MB/s  Total: 1019.03 GB
[  551.8s] IOs:    267234433  IOPS:   484301  Throughput:  1891.8 MB/s  Total: 1019.42 GB
[  552.0s] IOs:    267335460  IOPS:   484320  Throughput:  1891.9 MB/s  Total: 1019.80 GB
[  552.2s] IOs:    267436016  IOPS:   484296  Throughput:  1891.8 MB/s  Total: 1020.19 GB
[  552.4s] IOs:    267536583  IOPS:   484307  Throughput:  1891.8 MB/s  Total: 1020.57 GB
[  552.6s] IOs:    267636904  IOPS:   484331  Throughput:  1891.9 MB/s  Total: 1020.95 GB
[  552.8s] IOs:    267737061  IOPS:   484304  Throughput:  1891.8 MB/s  Total: 1021.34 GB
[  553.0s] IOs:    267837156  IOPS:   484330  Throughput:  1891.9 MB/s  Total: 1021.72 GB
[  553.2s] IOs:    267937394  IOPS:   484357  Throughput:  1892.0 MB/s  Total: 1022.10 GB
[  553.4s] IOs:    268037850  IOPS:   484330  Throughput:  1891.9 MB/s  Total: 1022.48 GB
[  553.6s] IOs:    268138495  IOPS:   484327  Throughput:  1891.9 MB/s  Total: 1022.87 GB
[  553.9s] IOs:    268238769  IOPS:   484267  Throughput:  1891.7 MB/s  Total: 1023.25 GB
[  554.1s] IOs:    268339477  IOPS:   484276  Throughput:  1891.7 MB/s  Total: 1023.63 GB
[  554.3s] IOs:    268440390  IOPS:   484301  Throughput:  1891.8 MB/s  Total: 1024.02 GB
[  554.5s] IOs:    268540432  IOPS:   484321  Throughput:  1891.9 MB/s  Total: 1024.40 GB
[  554.6s] IOs:    268641173  IOPS:   484344  Throughput:  1892.0 MB/s  Total: 1024.78 GB
[  554.8s] IOs:    268741712  IOPS:   484361  Throughput:  1892.0 MB/s  Total: 1025.17 GB
[  555.0s] IOs:    268842366  IOPS:   484380  Throughput:  1892.1 MB/s  Total: 1025.55 GB
[Reader] Parsed 46000000 lines, distributed 268923043 writes, unique 299.31 GB, skipped 0
[  555.2s] IOs:    268943069  IOPS:   484403  Throughput:  1892.2 MB/s  Total: 1025.94 GB
[  555.4s] IOs:    269043451  IOPS:   484420  Throughput:  1892.3 MB/s  Total: 1026.32 GB
[  555.6s] IOs:    269143860  IOPS:   484451  Throughput:  1892.4 MB/s  Total: 1026.70 GB
[  555.8s] IOs:    269244408  IOPS:   484419  Throughput:  1892.3 MB/s  Total: 1027.09 GB
[  556.0s] IOs:    269345232  IOPS:   484444  Throughput:  1892.4 MB/s  Total: 1027.47 GB
[  556.2s] IOs:    269446254  IOPS:   484434  Throughput:  1892.3 MB/s  Total: 1027.86 GB
[  556.5s] IOs:    269546427  IOPS:   484377  Throughput:  1892.1 MB/s  Total: 1028.24 GB
[  556.7s] IOs:    269647306  IOPS:   484374  Throughput:  1892.1 MB/s  Total: 1028.62 GB
[  556.9s] IOs:    269748299  IOPS:   484377  Throughput:  1892.1 MB/s  Total: 1029.01 GB
[  557.1s] IOs:    269848406  IOPS:   484388  Throughput:  1892.1 MB/s  Total: 1029.39 GB
[  557.3s] IOs:    269949019  IOPS:   484401  Throughput:  1892.2 MB/s  Total: 1029.77 GB
[  557.5s] IOs:    270049902  IOPS:   484411  Throughput:  1892.2 MB/s  Total: 1030.16 GB
[  557.7s] IOs:    270150736  IOPS:   484428  Throughput:  1892.3 MB/s  Total: 1030.54 GB
[  557.9s] IOs:    270251567  IOPS:   484435  Throughput:  1892.3 MB/s  Total: 1030.93 GB
[  558.1s] IOs:    270352301  IOPS:   484452  Throughput:  1892.4 MB/s  Total: 1031.31 GB
[  558.3s] IOs:    270453049  IOPS:   484463  Throughput:  1892.4 MB/s  Total: 1031.70 GB
[  558.5s] IOs:    270553875  IOPS:   484460  Throughput:  1892.4 MB/s  Total: 1032.08 GB
[  558.6s] IOs:    270654320  IOPS:   484492  Throughput:  1892.5 MB/s  Total: 1032.46 GB
[  558.8s] IOs:    270754948  IOPS:   484521  Throughput:  1892.7 MB/s  Total: 1032.85 GB
[  559.0s] IOs:    270855457  IOPS:   484522  Throughput:  1892.7 MB/s  Total: 1033.23 GB
[  559.2s] IOs:    270955868  IOPS:   484554  Throughput:  1892.8 MB/s  Total: 1033.61 GB
[  559.4s] IOs:    271056368  IOPS:   484555  Throughput:  1892.8 MB/s  Total: 1034.00 GB
[  559.6s] IOs:    271156425  IOPS:   484580  Throughput:  1892.9 MB/s  Total: 1034.38 GB
[  559.7s] IOs:    271257159  IOPS:   484610  Throughput:  1893.0 MB/s  Total: 1034.76 GB
[  559.9s] IOs:    271357656  IOPS:   484619  Throughput:  1893.0 MB/s  Total: 1035.15 GB
[  560.1s] IOs:    271457851  IOPS:   484654  Throughput:  1893.2 MB/s  Total: 1035.53 GB
[  560.3s] IOs:    271558266  IOPS:   484662  Throughput:  1893.2 MB/s  Total: 1035.91 GB
[  560.5s] IOs:    271658711  IOPS:   484690  Throughput:  1893.3 MB/s  Total: 1036.30 GB
[  560.7s] IOs:    271759191  IOPS:   484635  Throughput:  1893.1 MB/s  Total: 1036.68 GB
[  560.9s] IOs:    271859760  IOPS:   484663  Throughput:  1893.2 MB/s  Total: 1037.06 GB
[  561.2s] IOs:    271960700  IOPS:   484648  Throughput:  1893.2 MB/s  Total: 1037.45 GB
[  561.3s] IOs:    272060787  IOPS:   484658  Throughput:  1893.2 MB/s  Total: 1037.83 GB
[  561.5s] IOs:    272160878  IOPS:   484682  Throughput:  1893.3 MB/s  Total: 1038.21 GB
[  561.7s] IOs:    272261480  IOPS:   484716  Throughput:  1893.4 MB/s  Total: 1038.60 GB
[  562.2s] IOs:    272362107  IOPS:   484464  Throughput:  1892.4 MB/s  Total: 1038.98 GB
[  562.4s] IOs:    272462918  IOPS:   484468  Throughput:  1892.5 MB/s  Total: 1039.36 GB
[  562.9s] IOs:    272563641  IOPS:   484214  Throughput:  1891.5 MB/s  Total: 1039.75 GB
[  563.1s] IOs:    272664293  IOPS:   484213  Throughput:  1891.5 MB/s  Total: 1040.13 GB
[  563.5s] IOs:    272764711  IOPS:   484096  Throughput:  1891.0 MB/s  Total: 1040.51 GB
[  564.0s] IOs:    272865321  IOPS:   483774  Throughput:  1889.7 MB/s  Total: 1040.90 GB
[  564.3s] IOs:    272965777  IOPS:   483738  Throughput:  1889.6 MB/s  Total: 1041.28 GB
[  564.5s] IOs:    273066676  IOPS:   483748  Throughput:  1889.6 MB/s  Total: 1041.67 GB
[  564.9s] IOs:    273167451  IOPS:   483544  Throughput:  1888.8 MB/s  Total: 1042.05 GB
[  565.1s] IOs:    273268064  IOPS:   483574  Throughput:  1889.0 MB/s  Total: 1042.43 GB
[  565.4s] IOs:    273368506  IOPS:   483476  Throughput:  1888.6 MB/s  Total: 1042.82 GB
[  565.6s] IOs:    273469254  IOPS:   483504  Throughput:  1888.7 MB/s  Total: 1043.20 GB
[  566.0s] IOs:    273569855  IOPS:   483298  Throughput:  1887.9 MB/s  Total: 1043.59 GB
[  566.4s] IOs:    273670722  IOPS:   483156  Throughput:  1887.3 MB/s  Total: 1043.97 GB
[  566.6s] IOs:    273771571  IOPS:   483156  Throughput:  1887.3 MB/s  Total: 1044.36 GB
[  566.8s] IOs:    273872181  IOPS:   483150  Throughput:  1887.3 MB/s  Total: 1044.74 GB
[  567.1s] IOs:    273973001  IOPS:   483079  Throughput:  1887.0 MB/s  Total: 1045.12 GB
[  567.4s] IOs:    274073312  IOPS:   483059  Throughput:  1886.9 MB/s  Total: 1045.51 GB
[  567.5s] IOs:    274173865  IOPS:   483084  Throughput:  1887.0 MB/s  Total: 1045.89 GB
[  567.9s] IOs:    274274250  IOPS:   482988  Throughput:  1886.7 MB/s  Total: 1046.27 GB
[  568.0s] IOs:    274375016  IOPS:   483012  Throughput:  1886.8 MB/s  Total: 1046.66 GB
[  568.4s] IOs:    274475709  IOPS:   482910  Throughput:  1886.4 MB/s  Total: 1047.04 GB
[  568.6s] IOs:    274575730  IOPS:   482936  Throughput:  1886.5 MB/s  Total: 1047.42 GB
[  569.0s] IOs:    274675841  IOPS:   482728  Throughput:  1885.7 MB/s  Total: 1047.81 GB
[  569.3s] IOs:    274776301  IOPS:   482667  Throughput:  1885.4 MB/s  Total: 1048.19 GB
[  569.5s] IOs:    274876826  IOPS:   482694  Throughput:  1885.5 MB/s  Total: 1048.57 GB
[  570.1s] IOs:    274977604  IOPS:   482363  Throughput:  1884.2 MB/s  Total: 1048.96 GB
[  570.4s] IOs:    275078341  IOPS:   482294  Throughput:  1884.0 MB/s  Total: 1049.34 GB
[  570.6s] IOs:    275179313  IOPS:   482299  Throughput:  1884.0 MB/s  Total: 1049.73 GB
[  571.0s] IOs:    275280072  IOPS:   482065  Throughput:  1883.1 MB/s  Total: 1050.11 GB
[  571.4s] IOs:    275380300  IOPS:   481966  Throughput:  1882.7 MB/s  Total: 1050.49 GB
[  571.6s] IOs:    275480748  IOPS:   481974  Throughput:  1882.7 MB/s  Total: 1050.88 GB
[  572.1s] IOs:    275581736  IOPS:   481712  Throughput:  1881.7 MB/s  Total: 1051.26 GB
[  572.4s] IOs:    275682392  IOPS:   481632  Throughput:  1881.4 MB/s  Total: 1051.64 GB
[  572.6s] IOs:    275782860  IOPS:   481637  Throughput:  1881.4 MB/s  Total: 1052.03 GB
[Reader] Parsed 47000000 lines, distributed 275844999 writes, unique 310.99 GB, skipped 0
[  573.3s] IOs:    275883743  IOPS:   481257  Throughput:  1879.9 MB/s  Total: 1052.41 GB
[  573.5s] IOs:    275984239  IOPS:   481255  Throughput:  1879.9 MB/s  Total: 1052.80 GB
[  574.0s] IOs:    276084596  IOPS:   480973  Throughput:  1878.8 MB/s  Total: 1053.18 GB
[  574.5s] IOs:    276184835  IOPS:   480724  Throughput:  1877.8 MB/s  Total: 1053.56 GB
[  574.9s] IOs:    276285069  IOPS:   480555  Throughput:  1877.2 MB/s  Total: 1053.94 GB
[  575.4s] IOs:    276385430  IOPS:   480364  Throughput:  1876.4 MB/s  Total: 1054.33 GB
[  575.7s] IOs:    276485859  IOPS:   480260  Throughput:  1876.0 MB/s  Total: 1054.71 GB
[  576.0s] IOs:    276586353  IOPS:   480205  Throughput:  1875.8 MB/s  Total: 1055.09 GB
[  576.3s] IOs:    276687014  IOPS:   480141  Throughput:  1875.6 MB/s  Total: 1055.48 GB
[  576.5s] IOs:    276787631  IOPS:   480115  Throughput:  1875.4 MB/s  Total: 1055.86 GB
[  576.7s] IOs:    276888472  IOPS:   480129  Throughput:  1875.5 MB/s  Total: 1056.25 GB
[  577.0s] IOs:    276989126  IOPS:   480082  Throughput:  1875.3 MB/s  Total: 1056.63 GB
[  577.1s] IOs:    277089487  IOPS:   480115  Throughput:  1875.4 MB/s  Total: 1057.01 GB
[  577.4s] IOs:    277189562  IOPS:   480047  Throughput:  1875.2 MB/s  Total: 1057.39 GB
[  577.6s] IOs:    277289642  IOPS:   480076  Throughput:  1875.3 MB/s  Total: 1057.78 GB
[  577.9s] IOs:    277390153  IOPS:   479986  Throughput:  1874.9 MB/s  Total: 1058.16 GB
[  578.1s] IOs:    277490467  IOPS:   480018  Throughput:  1875.1 MB/s  Total: 1058.54 GB
[  578.4s] IOs:    277590548  IOPS:   479968  Throughput:  1874.9 MB/s  Total: 1058.92 GB
[  578.6s] IOs:    277691322  IOPS:   479908  Throughput:  1874.6 MB/s  Total: 1059.31 GB
[  578.8s] IOs:    277792211  IOPS:   479925  Throughput:  1874.7 MB/s  Total: 1059.69 GB
[  579.1s] IOs:    277893170  IOPS:   479907  Throughput:  1874.6 MB/s  Total: 1060.08 GB
[  579.3s] IOs:    277994088  IOPS:   479905  Throughput:  1874.6 MB/s  Total: 1060.46 GB
[  579.5s] IOs:    278094941  IOPS:   479920  Throughput:  1874.7 MB/s  Total: 1060.85 GB
[  579.7s] IOs:    278195772  IOPS:   479935  Throughput:  1874.7 MB/s  Total: 1061.23 GB
[  579.9s] IOs:    278296515  IOPS:   479943  Throughput:  1874.8 MB/s  Total: 1061.62 GB
[  580.1s] IOs:    278397183  IOPS:   479936  Throughput:  1874.7 MB/s  Total: 1062.00 GB
[  580.3s] IOs:    278498065  IOPS:   479958  Throughput:  1874.8 MB/s  Total: 1062.39 GB
[  580.4s] IOs:    278598962  IOPS:   479983  Throughput:  1874.9 MB/s  Total: 1062.77 GB
[  580.6s] IOs:    278699596  IOPS:   480015  Throughput:  1875.1 MB/s  Total: 1063.15 GB
[  580.9s] IOs:    278799973  IOPS:   479964  Throughput:  1874.9 MB/s  Total: 1063.54 GB
[  581.1s] IOs:    278900131  IOPS:   479988  Throughput:  1875.0 MB/s  Total: 1063.92 GB
[  581.2s] IOs:    279000901  IOPS:   480017  Throughput:  1875.1 MB/s  Total: 1064.30 GB
[  581.5s] IOs:    279101390  IOPS:   479956  Throughput:  1874.8 MB/s  Total: 1064.69 GB
[  581.7s] IOs:    279201973  IOPS:   479957  Throughput:  1874.8 MB/s  Total: 1065.07 GB
[  581.9s] IOs:    279302354  IOPS:   479990  Throughput:  1875.0 MB/s  Total: 1065.45 GB
[  582.1s] IOs:    279402866  IOPS:   480018  Throughput:  1875.1 MB/s  Total: 1065.84 GB
[  582.3s] IOs:    279503514  IOPS:   479993  Throughput:  1875.0 MB/s  Total: 1066.22 GB
[  582.5s] IOs:    279604180  IOPS:   480026  Throughput:  1875.1 MB/s  Total: 1066.61 GB
[  582.7s] IOs:    279704942  IOPS:   479977  Throughput:  1874.9 MB/s  Total: 1066.99 GB
[  582.9s] IOs:    279805729  IOPS:   479997  Throughput:  1875.0 MB/s  Total: 1067.37 GB
[  583.1s] IOs:    279906338  IOPS:   480016  Throughput:  1875.1 MB/s  Total: 1067.76 GB
[  583.3s] IOs:    280006896  IOPS:   480004  Throughput:  1875.0 MB/s  Total: 1068.14 GB
[  583.5s] IOs:    280107059  IOPS:   480010  Throughput:  1875.0 MB/s  Total: 1068.52 GB
[  583.7s] IOs:    280207437  IOPS:   480040  Throughput:  1875.2 MB/s  Total: 1068.91 GB
[  584.0s] IOs:    280307938  IOPS:   479984  Throughput:  1874.9 MB/s  Total: 1069.29 GB
[  584.2s] IOs:    280408188  IOPS:   479991  Throughput:  1875.0 MB/s  Total: 1069.67 GB
[  584.4s] IOs:    280508370  IOPS:   480008  Throughput:  1875.0 MB/s  Total: 1070.05 GB
[  584.6s] IOs:    280608818  IOPS:   480042  Throughput:  1875.2 MB/s  Total: 1070.44 GB
[  584.8s] IOs:    280709390  IOPS:   479997  Throughput:  1875.0 MB/s  Total: 1070.82 GB
[  585.0s] IOs:    280810373  IOPS:   480026  Throughput:  1875.1 MB/s  Total: 1071.21 GB
[  585.2s] IOs:    280911248  IOPS:   480051  Throughput:  1875.2 MB/s  Total: 1071.59 GB
[  585.4s] IOs:    281011296  IOPS:   480022  Throughput:  1875.1 MB/s  Total: 1071.97 GB
[  585.6s] IOs:    281111843  IOPS:   480042  Throughput:  1875.2 MB/s  Total: 1072.36 GB
[  585.8s] IOs:    281212233  IOPS:   480050  Throughput:  1875.2 MB/s  Total: 1072.74 GB
[  586.0s] IOs:    281312792  IOPS:   480082  Throughput:  1875.3 MB/s  Total: 1073.12 GB
[  586.1s] IOs:    281412851  IOPS:   480111  Throughput:  1875.4 MB/s  Total: 1073.50 GB
[  586.5s] IOs:    281513497  IOPS:   479974  Throughput:  1874.9 MB/s  Total: 1073.89 GB
[  586.8s] IOs:    281614065  IOPS:   479890  Throughput:  1874.6 MB/s  Total: 1074.27 GB
[  587.0s] IOs:    281714328  IOPS:   479913  Throughput:  1874.7 MB/s  Total: 1074.65 GB
[Reader] Parsed 48000000 lines, distributed 281763319 writes, unique 317.36 GB, skipped 0
[  587.4s] IOs:    281815162  IOPS:   479737  Throughput:  1874.0 MB/s  Total: 1075.04 GB
[  587.6s] IOs:    281916010  IOPS:   479751  Throughput:  1874.0 MB/s  Total: 1075.42 GB
[  588.0s] IOs:    282016027  IOPS:   479650  Throughput:  1873.6 MB/s  Total: 1075.81 GB
[  588.1s] IOs:    282116859  IOPS:   479686  Throughput:  1873.8 MB/s  Total: 1076.19 GB
[  588.4s] IOs:    282217268  IOPS:   479616  Throughput:  1873.5 MB/s  Total: 1076.57 GB
[  588.6s] IOs:    282317459  IOPS:   479640  Throughput:  1873.6 MB/s  Total: 1076.96 GB
[  588.9s] IOs:    282417520  IOPS:   479550  Throughput:  1873.2 MB/s  Total: 1077.34 GB
[  589.1s] IOs:    282518327  IOPS:   479576  Throughput:  1873.3 MB/s  Total: 1077.72 GB
[  589.4s] IOs:    282619009  IOPS:   479499  Throughput:  1873.0 MB/s  Total: 1078.11 GB
[  589.6s] IOs:    282719472  IOPS:   479530  Throughput:  1873.2 MB/s  Total: 1078.49 GB
[  589.9s] IOs:    282820133  IOPS:   479462  Throughput:  1872.9 MB/s  Total: 1078.87 GB
[  590.1s] IOs:    282921156  IOPS:   479480  Throughput:  1873.0 MB/s  Total: 1079.26 GB
[  590.2s] IOs:    283021888  IOPS:   479503  Throughput:  1873.1 MB/s  Total: 1079.64 GB
[  590.5s] IOs:    283122777  IOPS:   479461  Throughput:  1872.9 MB/s  Total: 1080.03 GB
[  590.7s] IOs:    283223318  IOPS:   479480  Throughput:  1873.0 MB/s  Total: 1080.41 GB
[  590.9s] IOs:    283323679  IOPS:   479461  Throughput:  1872.9 MB/s  Total: 1080.79 GB
[  591.1s] IOs:    283423941  IOPS:   479477  Throughput:  1873.0 MB/s  Total: 1081.18 GB
[  591.4s] IOs:    283524815  IOPS:   479447  Throughput:  1872.8 MB/s  Total: 1081.56 GB
[  591.6s] IOs:    283625766  IOPS:   479462  Throughput:  1872.9 MB/s  Total: 1081.95 GB
[  591.9s] IOs:    283726122  IOPS:   479361  Throughput:  1872.5 MB/s  Total: 1082.33 GB
[  592.1s] IOs:    283826468  IOPS:   479384  Throughput:  1872.6 MB/s  Total: 1082.71 GB
[  592.2s] IOs:    283927030  IOPS:   479407  Throughput:  1872.7 MB/s  Total: 1083.10 GB
[  592.5s] IOs:    284027827  IOPS:   479359  Throughput:  1872.5 MB/s  Total: 1083.48 GB
[  592.7s] IOs:    284128733  IOPS:   479377  Throughput:  1872.6 MB/s  Total: 1083.87 GB
[  592.9s] IOs:    284229143  IOPS:   479350  Throughput:  1872.5 MB/s  Total: 1084.25 GB
[  593.1s] IOs:    284329895  IOPS:   479376  Throughput:  1872.6 MB/s  Total: 1084.63 GB
[  593.5s] IOs:    284430463  IOPS:   479279  Throughput:  1872.2 MB/s  Total: 1085.02 GB
[  593.7s] IOs:    284531318  IOPS:   479280  Throughput:  1872.2 MB/s  Total: 1085.40 GB
[  593.9s] IOs:    284632162  IOPS:   479289  Throughput:  1872.2 MB/s  Total: 1085.79 GB
[  594.1s] IOs:    284732941  IOPS:   479254  Throughput:  1872.1 MB/s  Total: 1086.17 GB
[  594.3s] IOs:    284833778  IOPS:   479279  Throughput:  1872.2 MB/s  Total: 1086.55 GB
[  594.5s] IOs:    284933950  IOPS:   479300  Throughput:  1872.3 MB/s  Total: 1086.94 GB
[  594.7s] IOs:    285034567  IOPS:   479291  Throughput:  1872.2 MB/s  Total: 1087.32 GB
[  594.9s] IOs:    285135329  IOPS:   479261  Throughput:  1872.1 MB/s  Total: 1087.70 GB
[  595.1s] IOs:    285235992  IOPS:   479275  Throughput:  1872.2 MB/s  Total: 1088.09 GB
[  595.4s] IOs:    285336138  IOPS:   479242  Throughput:  1872.0 MB/s  Total: 1088.47 GB
[  595.6s] IOs:    285436490  IOPS:   479235  Throughput:  1872.0 MB/s  Total: 1088.85 GB
[  595.8s] IOs:    285537173  IOPS:   479261  Throughput:  1872.1 MB/s  Total: 1089.24 GB
[  596.0s] IOs:    285637954  IOPS:   479261  Throughput:  1872.1 MB/s  Total: 1089.62 GB
[  596.2s] IOs:    285738608  IOPS:   479291  Throughput:  1872.2 MB/s  Total: 1090.01 GB
[  596.4s] IOs:    285839158  IOPS:   479282  Throughput:  1872.2 MB/s  Total: 1090.39 GB
[  596.6s] IOs:    285939726  IOPS:   479293  Throughput:  1872.2 MB/s  Total: 1090.77 GB
[  596.8s] IOs:    286040061  IOPS:   479319  Throughput:  1872.3 MB/s  Total: 1091.16 GB
[  597.0s] IOs:    286141051  IOPS:   479279  Throughput:  1872.2 MB/s  Total: 1091.54 GB
[  597.2s] IOs:    286241693  IOPS:   479281  Throughput:  1872.2 MB/s  Total: 1091.93 GB
[  597.4s] IOs:    286341991  IOPS:   479301  Throughput:  1872.3 MB/s  Total: 1092.31 GB
[  597.6s] IOs:    286442438  IOPS:   479320  Throughput:  1872.3 MB/s  Total: 1092.69 GB
[  597.9s] IOs:    286543005  IOPS:   479262  Throughput:  1872.1 MB/s  Total: 1093.07 GB
[  598.1s] IOs:    286643860  IOPS:   479279  Throughput:  1872.2 MB/s  Total: 1093.46 GB
[  598.3s] IOs:    286744450  IOPS:   479304  Throughput:  1872.3 MB/s  Total: 1093.84 GB
[  598.5s] IOs:    286844907  IOPS:   479250  Throughput:  1872.1 MB/s  Total: 1094.23 GB
[  598.7s] IOs:    286945366  IOPS:   479276  Throughput:  1872.2 MB/s  Total: 1094.61 GB
[  599.0s] IOs:    287045731  IOPS:   479237  Throughput:  1872.0 MB/s  Total: 1094.99 GB
[  599.2s] IOs:    287146536  IOPS:   479236  Throughput:  1872.0 MB/s  Total: 1095.38 GB
[  599.5s] IOs:    287247011  IOPS:   479168  Throughput:  1871.7 MB/s  Total: 1095.76 GB
[  599.7s] IOs:    287347240  IOPS:   479170  Throughput:  1871.8 MB/s  Total: 1096.14 GB
[Reader] Parsed 49000000 lines, distributed 287365892 writes, unique 322.53 GB, skipped 0
[  600.0s] IOs:    287448017  IOPS:   479094  Throughput:  1871.5 MB/s  Total: 1096.53 GB
[  600.2s] IOs:    287548612  IOPS:   479118  Throughput:  1871.6 MB/s  Total: 1096.91 GB
[  600.5s] IOs:    287648776  IOPS:   479030  Throughput:  1871.2 MB/s  Total: 1097.29 GB
[  600.7s] IOs:    287749631  IOPS:   479050  Throughput:  1871.3 MB/s  Total: 1097.68 GB
[  601.0s] IOs:    287849920  IOPS:   478973  Throughput:  1871.0 MB/s  Total: 1098.06 GB
[  601.1s] IOs:    287950399  IOPS:   479003  Throughput:  1871.1 MB/s  Total: 1098.44 GB
[  601.5s] IOs:    288050925  IOPS:   478854  Throughput:  1870.5 MB/s  Total: 1098.83 GB
[  601.7s] IOs:    288151903  IOPS:   478873  Throughput:  1870.6 MB/s  Total: 1099.21 GB
[  601.9s] IOs:    288252881  IOPS:   478901  Throughput:  1870.7 MB/s  Total: 1099.60 GB
[  602.1s] IOs:    288352937  IOPS:   478901  Throughput:  1870.7 MB/s  Total: 1099.98 GB
[  602.3s] IOs:    288453828  IOPS:   478917  Throughput:  1870.8 MB/s  Total: 1100.36 GB
[  602.6s] IOs:    288554269  IOPS:   478882  Throughput:  1870.6 MB/s  Total: 1100.75 GB
[  602.7s] IOs:    288654769  IOPS:   478914  Throughput:  1870.8 MB/s  Total: 1101.13 GB
[  603.0s] IOs:    288754957  IOPS:   478840  Throughput:  1870.5 MB/s  Total: 1101.51 GB
[  603.2s] IOs:    288855053  IOPS:   478857  Throughput:  1870.5 MB/s  Total: 1101.89 GB
[  603.4s] IOs:    288955179  IOPS:   478864  Throughput:  1870.6 MB/s  Total: 1102.28 GB
[  603.7s] IOs:    289055498  IOPS:   478800  Throughput:  1870.3 MB/s  Total: 1102.66 GB
[  603.9s] IOs:    289155973  IOPS:   478832  Throughput:  1870.4 MB/s  Total: 1103.04 GB
[  604.1s] IOs:    289256638  IOPS:   478859  Throughput:  1870.5 MB/s  Total: 1103.43 GB
[  604.3s] IOs:    289356642  IOPS:   478855  Throughput:  1870.5 MB/s  Total: 1103.81 GB
[  604.5s] IOs:    289456817  IOPS:   478833  Throughput:  1870.4 MB/s  Total: 1104.19 GB
[  604.7s] IOs:    289557467  IOPS:   478868  Throughput:  1870.6 MB/s  Total: 1104.57 GB
[  604.9s] IOs:    289657916  IOPS:   478837  Throughput:  1870.5 MB/s  Total: 1104.96 GB
[  605.2s] IOs:    289758242  IOPS:   478764  Throughput:  1870.2 MB/s  Total: 1105.34 GB
[  605.4s] IOs:    289858417  IOPS:   478787  Throughput:  1870.3 MB/s  Total: 1105.72 GB
[  605.6s] IOs:    289958692  IOPS:   478819  Throughput:  1870.4 MB/s  Total: 1106.10 GB
[  605.7s] IOs:    290058829  IOPS:   478847  Throughput:  1870.5 MB/s  Total: 1106.49 GB
[  606.0s] IOs:    290159331  IOPS:   478781  Throughput:  1870.2 MB/s  Total: 1106.87 GB
[  606.2s] IOs:    290259969  IOPS:   478808  Throughput:  1870.3 MB/s  Total: 1107.25 GB
[  606.5s] IOs:    290360217  IOPS:   478747  Throughput:  1870.1 MB/s  Total: 1107.64 GB
[  606.7s] IOs:    290460274  IOPS:   478736  Throughput:  1870.1 MB/s  Total: 1108.02 GB
[  606.9s] IOs:    290560715  IOPS:   478760  Throughput:  1870.2 MB/s  Total: 1108.40 GB
[  607.1s] IOs:    290661423  IOPS:   478781  Throughput:  1870.2 MB/s  Total: 1108.79 GB
[  607.5s] IOs:    290762203  IOPS:   478656  Throughput:  1869.7 MB/s  Total: 1109.17 GB
[  607.6s] IOs:    290862646  IOPS:   478671  Throughput:  1869.8 MB/s  Total: 1109.55 GB
[  608.0s] IOs:    290963182  IOPS:   478557  Throughput:  1869.4 MB/s  Total: 1109.94 GB
[  608.2s] IOs:    291064100  IOPS:   478576  Throughput:  1869.4 MB/s  Total: 1110.32 GB
[  608.5s] IOs:    291164830  IOPS:   478485  Throughput:  1869.1 MB/s  Total: 1110.71 GB
[  608.7s] IOs:    291265328  IOPS:   478511  Throughput:  1869.2 MB/s  Total: 1111.09 GB
[  609.1s] IOs:    291366191  IOPS:   478371  Throughput:  1868.6 MB/s  Total: 1111.47 GB
[  609.3s] IOs:    291467181  IOPS:   478361  Throughput:  1868.6 MB/s  Total: 1111.86 GB
[  609.6s] IOs:    291567863  IOPS:   478306  Throughput:  1868.4 MB/s  Total: 1112.24 GB
[  609.8s] IOs:    291668007  IOPS:   478318  Throughput:  1868.4 MB/s  Total: 1112.63 GB
[  610.1s] IOs:    291768681  IOPS:   478257  Throughput:  1868.2 MB/s  Total: 1113.01 GB
[  610.2s] IOs:    291868777  IOPS:   478283  Throughput:  1868.3 MB/s  Total: 1113.39 GB
[  610.6s] IOs:    291969377  IOPS:   478204  Throughput:  1868.0 MB/s  Total: 1113.77 GB
[  610.8s] IOs:    292070222  IOPS:   478215  Throughput:  1868.0 MB/s  Total: 1114.16 GB
[  611.0s] IOs:    292170980  IOPS:   478154  Throughput:  1867.8 MB/s  Total: 1114.54 GB
[  611.2s] IOs:    292271343  IOPS:   478178  Throughput:  1867.9 MB/s  Total: 1114.93 GB
[  611.5s] IOs:    292372008  IOPS:   478153  Throughput:  1867.8 MB/s  Total: 1115.31 GB
[  611.6s] IOs:    292472660  IOPS:   478176  Throughput:  1867.9 MB/s  Total: 1115.69 GB
[  611.8s] IOs:    292573340  IOPS:   478201  Throughput:  1868.0 MB/s  Total: 1116.08 GB
[  612.3s] IOs:    292673900  IOPS:   477997  Throughput:  1867.2 MB/s  Total: 1116.46 GB
[  612.5s] IOs:    292774710  IOPS:   478010  Throughput:  1867.2 MB/s  Total: 1116.85 GB
[  612.7s] IOs:    292875291  IOPS:   478035  Throughput:  1867.3 MB/s  Total: 1117.23 GB
[  613.1s] IOs:    292975325  IOPS:   477845  Throughput:  1866.6 MB/s  Total: 1117.61 GB
[  613.4s] IOs:    293076188  IOPS:   477760  Throughput:  1866.3 MB/s  Total: 1118.00 GB
[  613.6s] IOs:    293176712  IOPS:   477773  Throughput:  1866.3 MB/s  Total: 1118.38 GB
[  614.0s] IOs:    293277580  IOPS:   477670  Throughput:  1865.9 MB/s  Total: 1118.77 GB
[  614.2s] IOs:    293378217  IOPS:   477681  Throughput:  1865.9 MB/s  Total: 1119.15 GB
[  614.5s] IOs:    293478858  IOPS:   477583  Throughput:  1865.6 MB/s  Total: 1119.53 GB
[  614.7s] IOs:    293579294  IOPS:   477598  Throughput:  1865.6 MB/s  Total: 1119.92 GB
[Reader] Parsed 50000000 lines, distributed 293660310 writes, unique 329.98 GB, skipped 0
[  615.1s] IOs:    293679683  IOPS:   477486  Throughput:  1865.2 MB/s  Total: 1120.30 GB
[  615.2s] IOs:    293780105  IOPS:   477516  Throughput:  1865.3 MB/s  Total: 1120.68 GB
[  615.5s] IOs:    293880421  IOPS:   477439  Throughput:  1865.0 MB/s  Total: 1121.06 GB
[  615.7s] IOs:    293981188  IOPS:   477451  Throughput:  1865.0 MB/s  Total: 1121.45 GB
[  616.0s] IOs:    294082104  IOPS:   477407  Throughput:  1864.9 MB/s  Total: 1121.83 GB
[  616.2s] IOs:    294183014  IOPS:   477431  Throughput:  1865.0 MB/s  Total: 1122.22 GB
[  616.5s] IOs:    294283566  IOPS:   477342  Throughput:  1864.6 MB/s  Total: 1122.60 GB
[  616.7s] IOs:    294383741  IOPS:   477369  Throughput:  1864.7 MB/s  Total: 1122.98 GB
[  616.9s] IOs:    294484739  IOPS:   477326  Throughput:  1864.6 MB/s  Total: 1123.37 GB
[  617.1s] IOs:    294585580  IOPS:   477337  Throughput:  1864.6 MB/s  Total: 1123.75 GB
[  617.6s] IOs:    294686051  IOPS:   477182  Throughput:  1864.0 MB/s  Total: 1124.14 GB
[  617.8s] IOs:    294786889  IOPS:   477130  Throughput:  1863.8 MB/s  Total: 1124.52 GB
[  618.0s] IOs:    294887486  IOPS:   477154  Throughput:  1863.9 MB/s  Total: 1124.91 GB
[  618.4s] IOs:    294987799  IOPS:   477008  Throughput:  1863.3 MB/s  Total: 1125.29 GB
[  618.6s] IOs:    295087993  IOPS:   476996  Throughput:  1863.3 MB/s  Total: 1125.67 GB
[  619.0s] IOs:    295188154  IOPS:   476901  Throughput:  1862.9 MB/s  Total: 1126.05 GB
[  619.1s] IOs:    295288565  IOPS:   476929  Throughput:  1863.0 MB/s  Total: 1126.44 GB
[  619.6s] IOs:    295388773  IOPS:   476752  Throughput:  1862.3 MB/s  Total: 1126.82 GB
[  619.8s] IOs:    295489080  IOPS:   476771  Throughput:  1862.4 MB/s  Total: 1127.20 GB
[  620.0s] IOs:    295589244  IOPS:   476724  Throughput:  1862.2 MB/s  Total: 1127.58 GB
[  620.4s] IOs:    295689397  IOPS:   476602  Throughput:  1861.7 MB/s  Total: 1127.97 GB
[  620.6s] IOs:    295789929  IOPS:   476634  Throughput:  1861.9 MB/s  Total: 1128.35 GB
[  621.0s] IOs:    295890721  IOPS:   476483  Throughput:  1861.3 MB/s  Total: 1128.73 GB
[  621.2s] IOs:    295991488  IOPS:   476486  Throughput:  1861.3 MB/s  Total: 1129.12 GB
[  621.5s] IOs:    296091856  IOPS:   476413  Throughput:  1861.0 MB/s  Total: 1129.50 GB
[  621.7s] IOs:    296192049  IOPS:   476439  Throughput:  1861.1 MB/s  Total: 1129.88 GB
[  622.1s] IOs:    296292538  IOPS:   476273  Throughput:  1860.4 MB/s  Total: 1130.27 GB
[  622.3s] IOs:    296392964  IOPS:   476289  Throughput:  1860.5 MB/s  Total: 1130.65 GB
[  622.6s] IOs:    296493449  IOPS:   476203  Throughput:  1860.2 MB/s  Total: 1131.03 GB
[  623.0s] IOs:    296593492  IOPS:   476070  Throughput:  1859.6 MB/s  Total: 1131.41 GB
[  623.2s] IOs:    296693915  IOPS:   476070  Throughput:  1859.6 MB/s  Total: 1131.80 GB
[  623.7s] IOs:    296794462  IOPS:   475884  Throughput:  1858.9 MB/s  Total: 1132.18 GB
[  624.0s] IOs:    296895346  IOPS:   475803  Throughput:  1858.6 MB/s  Total: 1132.57 GB
[  624.2s] IOs:    296995572  IOPS:   475823  Throughput:  1858.7 MB/s  Total: 1132.95 GB
[  624.6s] IOs:    297095998  IOPS:   475652  Throughput:  1858.0 MB/s  Total: 1133.33 GB
[  624.9s] IOs:    297196179  IOPS:   475578  Throughput:  1857.7 MB/s  Total: 1133.71 GB
[  625.1s] IOs:    297296706  IOPS:   475575  Throughput:  1857.7 MB/s  Total: 1134.10 GB
[  625.7s] IOs:    297397595  IOPS:   475304  Throughput:  1856.7 MB/s  Total: 1134.48 GB
[  626.0s] IOs:    297498041  IOPS:   475267  Throughput:  1856.5 MB/s  Total: 1134.86 GB
[  626.4s] IOs:    297598637  IOPS:   475056  Throughput:  1855.7 MB/s  Total: 1135.25 GB
[  626.8s] IOs:    297699535  IOPS:   474980  Throughput:  1855.4 MB/s  Total: 1135.63 GB
[  627.1s] IOs:    297800441  IOPS:   474887  Throughput:  1855.0 MB/s  Total: 1136.02 GB
[  627.6s] IOs:    297901279  IOPS:   474635  Throughput:  1854.0 MB/s  Total: 1136.40 GB
[  628.0s] IOs:    298001771  IOPS:   474528  Throughput:  1853.6 MB/s  Total: 1136.79 GB
[  628.2s] IOs:    298102500  IOPS:   474525  Throughput:  1853.6 MB/s  Total: 1137.17 GB
[  628.7s] IOs:    298203522  IOPS:   474339  Throughput:  1852.9 MB/s  Total: 1137.56 GB
[  629.1s] IOs:    298304350  IOPS:   474186  Throughput:  1852.3 MB/s  Total: 1137.94 GB
[  629.4s] IOs:    298404834  IOPS:   474079  Throughput:  1851.9 MB/s  Total: 1138.32 GB
[  629.7s] IOs:    298505147  IOPS:   474070  Throughput:  1851.8 MB/s  Total: 1138.71 GB
[  630.2s] IOs:    298605900  IOPS:   473820  Throughput:  1850.9 MB/s  Total: 1139.09 GB
[  630.4s] IOs:    298706792  IOPS:   473848  Throughput:  1851.0 MB/s  Total: 1139.48 GB
[  630.6s] IOs:    298806865  IOPS:   473858  Throughput:  1851.0 MB/s  Total: 1139.86 GB
[  631.0s] IOs:    298907217  IOPS:   473700  Throughput:  1850.4 MB/s  Total: 1140.24 GB
[  631.2s] IOs:    299007676  IOPS:   473699  Throughput:  1850.4 MB/s  Total: 1140.62 GB
[  631.6s] IOs:    299108309  IOPS:   473551  Throughput:  1849.8 MB/s  Total: 1141.01 GB
[  631.8s] IOs:    299209178  IOPS:   473562  Throughput:  1849.9 MB/s  Total: 1141.39 GB
[  632.2s] IOs:    299309715  IOPS:   473472  Throughput:  1849.5 MB/s  Total: 1141.78 GB
[  632.4s] IOs:    299410003  IOPS:   473469  Throughput:  1849.5 MB/s  Total: 1142.16 GB
[  632.7s] IOs:    299510270  IOPS:   473406  Throughput:  1849.2 MB/s  Total: 1142.54 GB
[  632.8s] IOs:    299610504  IOPS:   473431  Throughput:  1849.3 MB/s  Total: 1142.92 GB
[  633.2s] IOs:    299711287  IOPS:   473336  Throughput:  1849.0 MB/s  Total: 1143.31 GB
[  633.4s] IOs:    299811350  IOPS:   473340  Throughput:  1849.0 MB/s  Total: 1143.69 GB
[Reader] Parsed 51000000 lines, distributed 299865487 writes, unique 336.87 GB, skipped 0
[  633.7s] IOs:    299912230  IOPS:   473287  Throughput:  1848.8 MB/s  Total: 1144.07 GB
[  633.9s] IOs:    300012619  IOPS:   473305  Throughput:  1848.8 MB/s  Total: 1144.46 GB
[  634.2s] IOs:    300113102  IOPS:   473220  Throughput:  1848.5 MB/s  Total: 1144.84 GB
[  634.4s] IOs:    300213641  IOPS:   473245  Throughput:  1848.6 MB/s  Total: 1145.22 GB
[  634.6s] IOs:    300314343  IOPS:   473221  Throughput:  1848.5 MB/s  Total: 1145.61 GB
[  634.8s] IOs:    300414898  IOPS:   473249  Throughput:  1848.6 MB/s  Total: 1145.99 GB
[  635.1s] IOs:    300515510  IOPS:   473212  Throughput:  1848.5 MB/s  Total: 1146.38 GB
[  635.2s] IOs:    300615917  IOPS:   473236  Throughput:  1848.6 MB/s  Total: 1146.76 GB
[  635.5s] IOs:    300716360  IOPS:   473183  Throughput:  1848.4 MB/s  Total: 1147.14 GB
[  635.7s] IOs:    300817057  IOPS:   473201  Throughput:  1848.4 MB/s  Total: 1147.53 GB
[  635.9s] IOs:    300917650  IOPS:   473223  Throughput:  1848.5 MB/s  Total: 1147.91 GB
[  636.2s] IOs:    301018159  IOPS:   473174  Throughput:  1848.3 MB/s  Total: 1148.29 GB
[  636.3s] IOs:    301118839  IOPS:   473199  Throughput:  1848.4 MB/s  Total: 1148.68 GB
[  636.6s] IOs:    301218895  IOPS:   473196  Throughput:  1848.4 MB/s  Total: 1149.06 GB
[  636.9s] IOs:    301319760  IOPS:   473128  Throughput:  1848.2 MB/s  Total: 1149.44 GB
[  637.0s] IOs:    301420495  IOPS:   473152  Throughput:  1848.3 MB/s  Total: 1149.83 GB
[  637.2s] IOs:    301520901  IOPS:   473181  Throughput:  1848.4 MB/s  Total: 1150.21 GB
[  637.5s] IOs:    301621112  IOPS:   473125  Throughput:  1848.1 MB/s  Total: 1150.59 GB
[  637.7s] IOs:    301721717  IOPS:   473155  Throughput:  1848.3 MB/s  Total: 1150.98 GB
[  637.9s] IOs:    301822583  IOPS:   473186  Throughput:  1848.4 MB/s  Total: 1151.36 GB
[  638.1s] IOs:    301922631  IOPS:   473135  Throughput:  1848.2 MB/s  Total: 1151.74 GB
[  638.3s] IOs:    302022860  IOPS:   473160  Throughput:  1848.3 MB/s  Total: 1152.13 GB
[  638.7s] IOs:    302123272  IOPS:   473050  Throughput:  1847.9 MB/s  Total: 1152.51 GB
[  638.9s] IOs:    302223689  IOPS:   473067  Throughput:  1847.9 MB/s  Total: 1152.89 GB
[  639.0s] IOs:    302324525  IOPS:   473090  Throughput:  1848.0 MB/s  Total: 1153.28 GB
[  639.2s] IOs:    302425518  IOPS:   473117  Throughput:  1848.1 MB/s  Total: 1153.66 GB
[  639.5s] IOs:    302525541  IOPS:   473060  Throughput:  1847.9 MB/s  Total: 1154.04 GB
[  639.7s] IOs:    302626020  IOPS:   473070  Throughput:  1847.9 MB/s  Total: 1154.43 GB
[  639.9s] IOs:    302726283  IOPS:   473067  Throughput:  1847.9 MB/s  Total: 1154.81 GB
[  640.1s] IOs:    302826413  IOPS:   473064  Throughput:  1847.9 MB/s  Total: 1155.19 GB
[  640.3s] IOs:    302927320  IOPS:   473092  Throughput:  1848.0 MB/s  Total: 1155.58 GB
[  640.6s] IOs:    303027552  IOPS:   473036  Throughput:  1847.8 MB/s  Total: 1155.96 GB
[  640.8s] IOs:    303128359  IOPS:   473052  Throughput:  1847.9 MB/s  Total: 1156.34 GB
[  641.0s] IOs:    303228953  IOPS:   473026  Throughput:  1847.8 MB/s  Total: 1156.73 GB
[  641.2s] IOs:    303329758  IOPS:   473047  Throughput:  1847.8 MB/s  Total: 1157.11 GB
[  641.4s] IOs:    303430498  IOPS:   473050  Throughput:  1847.9 MB/s  Total: 1157.50 GB
[  641.6s] IOs:    303530663  IOPS:   473056  Throughput:  1847.9 MB/s  Total: 1157.88 GB
[  641.8s] IOs:    303631329  IOPS:   473081  Throughput:  1848.0 MB/s  Total: 1158.26 GB
[  642.0s] IOs:    303731983  IOPS:   473075  Throughput:  1847.9 MB/s  Total: 1158.65 GB
[  642.2s] IOs:    303832510  IOPS:   473082  Throughput:  1848.0 MB/s  Total: 1159.03 GB
[  642.4s] IOs:    303932874  IOPS:   473102  Throughput:  1848.1 MB/s  Total: 1159.41 GB
[  642.6s] IOs:    304033896  IOPS:   473095  Throughput:  1848.0 MB/s  Total: 1159.80 GB
[  642.8s] IOs:    304134120  IOPS:   473128  Throughput:  1848.2 MB/s  Total: 1160.18 GB
[  643.0s] IOs:    304234588  IOPS:   473120  Throughput:  1848.1 MB/s  Total: 1160.56 GB
[  643.4s] IOs:    304335142  IOPS:   472997  Throughput:  1847.6 MB/s  Total: 1160.95 GB
[  643.6s] IOs:    304436050  IOPS:   473010  Throughput:  1847.7 MB/s  Total: 1161.33 GB
[  643.8s] IOs:    304536697  IOPS:   473033  Throughput:  1847.8 MB/s  Total: 1161.72 GB
[  644.3s] IOs:    304637427  IOPS:   472852  Throughput:  1847.1 MB/s  Total: 1162.10 GB
[  644.5s] IOs:    304737754  IOPS:   472800  Throughput:  1846.9 MB/s  Total: 1162.48 GB
[  644.7s] IOs:    304838129  IOPS:   472811  Throughput:  1846.9 MB/s  Total: 1162.87 GB
[  645.1s] IOs:    304938642  IOPS:   472721  Throughput:  1846.6 MB/s  Total: 1163.25 GB
[  645.3s] IOs:    305039222  IOPS:   472720  Throughput:  1846.6 MB/s  Total: 1163.63 GB
[  645.6s] IOs:    305139921  IOPS:   472632  Throughput:  1846.2 MB/s  Total: 1164.02 GB
[  645.9s] IOs:    305240758  IOPS:   472616  Throughput:  1846.2 MB/s  Total: 1164.40 GB
[  646.1s] IOs:    305341257  IOPS:   472605  Throughput:  1846.1 MB/s  Total: 1164.78 GB
[  646.3s] IOs:    305441680  IOPS:   472633  Throughput:  1846.2 MB/s  Total: 1165.17 GB
[  646.6s] IOs:    305542552  IOPS:   472526  Throughput:  1845.8 MB/s  Total: 1165.55 GB
[  646.8s] IOs:    305643246  IOPS:   472545  Throughput:  1845.9 MB/s  Total: 1165.94 GB
[  647.1s] IOs:    305744021  IOPS:   472481  Throughput:  1845.6 MB/s  Total: 1166.32 GB
[  647.3s] IOs:    305844560  IOPS:   472493  Throughput:  1845.7 MB/s  Total: 1166.70 GB
[Reader] Parsed 52000000 lines, distributed 305855306 writes, unique 343.94 GB, skipped 0
[  647.6s] IOs:    305944793  IOPS:   472438  Throughput:  1845.5 MB/s  Total: 1167.09 GB
[  647.8s] IOs:    306045660  IOPS:   472456  Throughput:  1845.5 MB/s  Total: 1167.47 GB
[  648.1s] IOs:    306146237  IOPS:   472363  Throughput:  1845.2 MB/s  Total: 1167.86 GB
[  648.3s] IOs:    306246589  IOPS:   472387  Throughput:  1845.3 MB/s  Total: 1168.24 GB
[  648.5s] IOs:    306346990  IOPS:   472414  Throughput:  1845.4 MB/s  Total: 1168.62 GB
[  648.7s] IOs:    306447297  IOPS:   472423  Throughput:  1845.4 MB/s  Total: 1169.00 GB
[  648.8s] IOs:    306547339  IOPS:   472451  Throughput:  1845.5 MB/s  Total: 1169.39 GB
[  649.1s] IOs:    306647622  IOPS:   472415  Throughput:  1845.4 MB/s  Total: 1169.77 GB
[  649.3s] IOs:    306747895  IOPS:   472440  Throughput:  1845.5 MB/s  Total: 1170.15 GB
[  649.5s] IOs:    306848230  IOPS:   472464  Throughput:  1845.6 MB/s  Total: 1170.53 GB
[  649.7s] IOs:    306948508  IOPS:   472476  Throughput:  1845.6 MB/s  Total: 1170.92 GB
[  649.9s] IOs:    307048809  IOPS:   472480  Throughput:  1845.6 MB/s  Total: 1171.30 GB
[  650.2s] IOs:    307149731  IOPS:   472423  Throughput:  1845.4 MB/s  Total: 1171.68 GB
[  650.4s] IOs:    307249839  IOPS:   472437  Throughput:  1845.5 MB/s  Total: 1172.07 GB
[  650.7s] IOs:    307350415  IOPS:   472367  Throughput:  1845.2 MB/s  Total: 1172.45 GB
[  650.8s] IOs:    307450964  IOPS:   472395  Throughput:  1845.3 MB/s  Total: 1172.83 GB
[  651.1s] IOs:    307551435  IOPS:   472362  Throughput:  1845.2 MB/s  Total: 1173.22 GB
[  651.3s] IOs:    307651486  IOPS:   472387  Throughput:  1845.3 MB/s  Total: 1173.60 GB
[  651.6s] IOs:    307751731  IOPS:   472311  Throughput:  1845.0 MB/s  Total: 1173.98 GB
[  651.8s] IOs:    307852127  IOPS:   472334  Throughput:  1845.1 MB/s  Total: 1174.36 GB
[  652.1s] IOs:    307952713  IOPS:   472219  Throughput:  1844.6 MB/s  Total: 1174.75 GB
[  652.3s] IOs:    308053328  IOPS:   472244  Throughput:  1844.7 MB/s  Total: 1175.13 GB
[  652.8s] IOs:    308154269  IOPS:   472018  Throughput:  1843.8 MB/s  Total: 1175.52 GB
[  653.1s] IOs:    308255264  IOPS:   472008  Throughput:  1843.8 MB/s  Total: 1175.90 GB
[  653.3s] IOs:    308355572  IOPS:   472011  Throughput:  1843.8 MB/s  Total: 1176.28 GB
[  653.6s] IOs:    308456018  IOPS:   471927  Throughput:  1843.5 MB/s  Total: 1176.67 GB
[  653.8s] IOs:    308556301  IOPS:   471953  Throughput:  1843.6 MB/s  Total: 1177.05 GB
[  654.3s] IOs:    308657001  IOPS:   471763  Throughput:  1842.8 MB/s  Total: 1177.43 GB
[  654.5s] IOs:    308757673  IOPS:   471771  Throughput:  1842.9 MB/s  Total: 1177.82 GB
[  654.7s] IOs:    308858060  IOPS:   471746  Throughput:  1842.8 MB/s  Total: 1178.20 GB
[  654.9s] IOs:    308958489  IOPS:   471778  Throughput:  1842.9 MB/s  Total: 1178.58 GB
[  655.3s] IOs:    309059169  IOPS:   471662  Throughput:  1842.4 MB/s  Total: 1178.97 GB
[  655.5s] IOs:    309159993  IOPS:   471664  Throughput:  1842.4 MB/s  Total: 1179.35 GB
[  655.8s] IOs:    309260993  IOPS:   471612  Throughput:  1842.2 MB/s  Total: 1179.74 GB
[  656.0s] IOs:    309361502  IOPS:   471613  Throughput:  1842.2 MB/s  Total: 1180.12 GB
[  656.2s] IOs:    309461675  IOPS:   471596  Throughput:  1842.2 MB/s  Total: 1180.50 GB
[  656.4s] IOs:    309562007  IOPS:   471622  Throughput:  1842.3 MB/s  Total: 1180.89 GB
[  656.9s] IOs:    309662261  IOPS:   471430  Throughput:  1841.5 MB/s  Total: 1181.27 GB
[  657.0s] IOs:    309762291  IOPS:   471455  Throughput:  1841.6 MB/s  Total: 1181.65 GB
[  657.2s] IOs:    309862639  IOPS:   471476  Throughput:  1841.7 MB/s  Total: 1182.03 GB
[  657.6s] IOs:    309962946  IOPS:   471387  Throughput:  1841.4 MB/s  Total: 1182.41 GB
[  657.7s] IOs:    310063744  IOPS:   471407  Throughput:  1841.4 MB/s  Total: 1182.80 GB
[  658.2s] IOs:    310164150  IOPS:   471245  Throughput:  1840.8 MB/s  Total: 1183.18 GB
[  658.5s] IOs:    310264456  IOPS:   471162  Throughput:  1840.5 MB/s  Total: 1183.56 GB
[  658.7s] IOs:    310365140  IOPS:   471180  Throughput:  1840.5 MB/s  Total: 1183.95 GB
[  659.2s] IOs:    310465814  IOPS:   470980  Throughput:  1839.8 MB/s  Total: 1184.33 GB
[  659.4s] IOs:    310566526  IOPS:   470956  Throughput:  1839.7 MB/s  Total: 1184.72 GB
[  659.7s] IOs:    310667390  IOPS:   470892  Throughput:  1839.4 MB/s  Total: 1185.10 GB
[  660.1s] IOs:    310767799  IOPS:   470822  Throughput:  1839.1 MB/s  Total: 1185.49 GB
[  660.2s] IOs:    310868478  IOPS:   470838  Throughput:  1839.2 MB/s  Total: 1185.87 GB
[  660.6s] IOs:    310969127  IOPS:   470736  Throughput:  1838.8 MB/s  Total: 1186.25 GB
[  660.8s] IOs:    311069400  IOPS:   470764  Throughput:  1838.9 MB/s  Total: 1186.64 GB
[  661.1s] IOs:    311169891  IOPS:   470655  Throughput:  1838.5 MB/s  Total: 1187.02 GB
[  661.3s] IOs:    311270465  IOPS:   470677  Throughput:  1838.6 MB/s  Total: 1187.40 GB
[  661.6s] IOs:    311370813  IOPS:   470609  Throughput:  1838.3 MB/s  Total: 1187.79 GB
[  661.8s] IOs:    311471437  IOPS:   470618  Throughput:  1838.4 MB/s  Total: 1188.17 GB
[  662.2s] IOs:    311572320  IOPS:   470531  Throughput:  1838.0 MB/s  Total: 1188.55 GB
[  662.3s] IOs:    311673013  IOPS:   470559  Throughput:  1838.1 MB/s  Total: 1188.94 GB
[  662.7s] IOs:    311773410  IOPS:   470486  Throughput:  1837.8 MB/s  Total: 1189.32 GB
[  662.8s] IOs:    311874238  IOPS:   470512  Throughput:  1837.9 MB/s  Total: 1189.71 GB
[  663.3s] IOs:    311975101  IOPS:   470372  Throughput:  1837.4 MB/s  Total: 1190.09 GB
[  663.4s] IOs:    312075533  IOPS:   470395  Throughput:  1837.5 MB/s  Total: 1190.47 GB
[  663.6s] IOs:    312176020  IOPS:   470416  Throughput:  1837.6 MB/s  Total: 1190.86 GB
[  663.8s] IOs:    312276925  IOPS:   470419  Throughput:  1837.6 MB/s  Total: 1191.24 GB
[  664.1s] IOs:    312377024  IOPS:   470396  Throughput:  1837.5 MB/s  Total: 1191.62 GB
[  664.2s] IOs:    312477140  IOPS:   470423  Throughput:  1837.6 MB/s  Total: 1192.01 GB
[  664.4s] IOs:    312577562  IOPS:   470434  Throughput:  1837.6 MB/s  Total: 1192.39 GB
[Reader] Parsed 53000000 lines, distributed 312635281 writes, unique 353.05 GB, skipped 0
[  664.7s] IOs:    312678409  IOPS:   470419  Throughput:  1837.6 MB/s  Total: 1192.77 GB
[  664.9s] IOs:    312778767  IOPS:   470432  Throughput:  1837.6 MB/s  Total: 1193.16 GB
[  665.2s] IOs:    312879812  IOPS:   470380  Throughput:  1837.4 MB/s  Total: 1193.54 GB
[  665.3s] IOs:    312979975  IOPS:   470410  Throughput:  1837.5 MB/s  Total: 1193.92 GB
[  665.7s] IOs:    313080327  IOPS:   470334  Throughput:  1837.2 MB/s  Total: 1194.31 GB
[  665.8s] IOs:    313180549  IOPS:   470361  Throughput:  1837.3 MB/s  Total: 1194.69 GB
[  666.1s] IOs:    313280843  IOPS:   470300  Throughput:  1837.1 MB/s  Total: 1195.07 GB
[  666.3s] IOs:    313381088  IOPS:   470330  Throughput:  1837.2 MB/s  Total: 1195.45 GB
[  666.6s] IOs:    313481370  IOPS:   470255  Throughput:  1836.9 MB/s  Total: 1195.84 GB
[  666.8s] IOs:    313581642  IOPS:   470280  Throughput:  1837.0 MB/s  Total: 1196.22 GB
[  667.1s] IOs:    313682287  IOPS:   470247  Throughput:  1836.9 MB/s  Total: 1196.60 GB
[  667.2s] IOs:    313782578  IOPS:   470279  Throughput:  1837.0 MB/s  Total: 1196.99 GB
[  667.4s] IOs:    313882760  IOPS:   470304  Throughput:  1837.1 MB/s  Total: 1197.37 GB
[  667.7s] IOs:    313983640  IOPS:   470256  Throughput:  1836.9 MB/s  Total: 1197.75 GB
[  667.9s] IOs:    314084003  IOPS:   470284  Throughput:  1837.0 MB/s  Total: 1198.14 GB
[  668.1s] IOs:    314184641  IOPS:   470258  Throughput:  1836.9 MB/s  Total: 1198.52 GB
[  668.3s] IOs:    314285090  IOPS:   470290  Throughput:  1837.1 MB/s  Total: 1198.90 GB
[  668.6s] IOs:    314385282  IOPS:   470202  Throughput:  1836.7 MB/s  Total: 1199.28 GB
[  668.8s] IOs:    314485391  IOPS:   470224  Throughput:  1836.8 MB/s  Total: 1199.67 GB
[  669.1s] IOs:    314585556  IOPS:   470179  Throughput:  1836.6 MB/s  Total: 1200.05 GB
[  669.3s] IOs:    314685976  IOPS:   470203  Throughput:  1836.7 MB/s  Total: 1200.43 GB
[  669.7s] IOs:    314786377  IOPS:   470059  Throughput:  1836.2 MB/s  Total: 1200.81 GB
[  669.9s] IOs:    314886608  IOPS:   470020  Throughput:  1836.0 MB/s  Total: 1201.20 GB
[  670.1s] IOs:    314986796  IOPS:   470047  Throughput:  1836.1 MB/s  Total: 1201.58 GB
[  670.3s] IOs:    315087788  IOPS:   470068  Throughput:  1836.2 MB/s  Total: 1201.96 GB
[  670.7s] IOs:    315188251  IOPS:   469924  Throughput:  1835.6 MB/s  Total: 1202.35 GB
[  670.9s] IOs:    315288893  IOPS:   469948  Throughput:  1835.7 MB/s  Total: 1202.73 GB
[  671.2s] IOs:    315389408  IOPS:   469915  Throughput:  1835.6 MB/s  Total: 1203.12 GB
[  671.5s] IOs:    315489874  IOPS:   469802  Throughput:  1835.2 MB/s  Total: 1203.50 GB
[  671.7s] IOs:    315589923  IOPS:   469827  Throughput:  1835.3 MB/s  Total: 1203.88 GB
[  672.1s] IOs:    315690775  IOPS:   469722  Throughput:  1834.8 MB/s  Total: 1204.26 GB
[  672.3s] IOs:    315791758  IOPS:   469733  Throughput:  1834.9 MB/s  Total: 1204.65 GB
[  672.6s] IOs:    315892242  IOPS:   469656  Throughput:  1834.6 MB/s  Total: 1205.03 GB
[  672.8s] IOs:    315993214  IOPS:   469661  Throughput:  1834.6 MB/s  Total: 1205.42 GB
[  673.1s] IOs:    316093874  IOPS:   469600  Throughput:  1834.4 MB/s  Total: 1205.80 GB
[  673.3s] IOs:    316194571  IOPS:   469617  Throughput:  1834.4 MB/s  Total: 1206.19 GB
[  673.6s] IOs:    316294882  IOPS:   469554  Throughput:  1834.2 MB/s  Total: 1206.57 GB
[  673.8s] IOs:    316395577  IOPS:   469555  Throughput:  1834.2 MB/s  Total: 1206.95 GB
[  674.1s] IOs:    316496011  IOPS:   469501  Throughput:  1834.0 MB/s  Total: 1207.34 GB
[  674.3s] IOs:    316596835  IOPS:   469521  Throughput:  1834.1 MB/s  Total: 1207.72 GB
[  674.6s] IOs:    316697698  IOPS:   469450  Throughput:  1833.8 MB/s  Total: 1208.11 GB
[  674.8s] IOs:    316798299  IOPS:   469476  Throughput:  1833.9 MB/s  Total: 1208.49 GB
[  675.1s] IOs:    316898784  IOPS:   469423  Throughput:  1833.7 MB/s  Total: 1208.87 GB
[  675.3s] IOs:    316999612  IOPS:   469423  Throughput:  1833.7 MB/s  Total: 1209.26 GB
[  675.5s] IOs:    317100387  IOPS:   469446  Throughput:  1833.8 MB/s  Total: 1209.64 GB
[  675.7s] IOs:    317201187  IOPS:   469431  Throughput:  1833.7 MB/s  Total: 1210.03 GB
[  675.9s] IOs:    317301301  IOPS:   469455  Throughput:  1833.8 MB/s  Total: 1210.41 GB
[  676.2s] IOs:    317401840  IOPS:   469425  Throughput:  1833.7 MB/s  Total: 1210.79 GB
[  676.4s] IOs:    317502573  IOPS:   469427  Throughput:  1833.7 MB/s  Total: 1211.18 GB
[  676.6s] IOs:    317602702  IOPS:   469438  Throughput:  1833.7 MB/s  Total: 1211.56 GB
[  676.8s] IOs:    317703542  IOPS:   469446  Throughput:  1833.8 MB/s  Total: 1211.94 GB
[  677.2s] IOs:    317804233  IOPS:   469322  Throughput:  1833.3 MB/s  Total: 1212.33 GB
[  677.3s] IOs:    317904985  IOPS:   469346  Throughput:  1833.4 MB/s  Total: 1212.71 GB
[  677.8s] IOs:    318005580  IOPS:   469183  Throughput:  1832.7 MB/s  Total: 1213.10 GB
[  678.1s] IOs:    318105734  IOPS:   469091  Throughput:  1832.4 MB/s  Total: 1213.48 GB
[  678.3s] IOs:    318206569  IOPS:   469115  Throughput:  1832.5 MB/s  Total: 1213.86 GB
[  678.8s] IOs:    318307294  IOPS:   468918  Throughput:  1831.7 MB/s  Total: 1214.25 GB
[  679.0s] IOs:    318407612  IOPS:   468942  Throughput:  1831.8 MB/s  Total: 1214.63 GB
[  679.3s] IOs:    318507776  IOPS:   468861  Throughput:  1831.5 MB/s  Total: 1215.01 GB
[  679.5s] IOs:    318608407  IOPS:   468880  Throughput:  1831.6 MB/s  Total: 1215.39 GB
[  679.8s] IOs:    318709031  IOPS:   468827  Throughput:  1831.4 MB/s  Total: 1215.78 GB
[  680.1s] IOs:    318809748  IOPS:   468785  Throughput:  1831.2 MB/s  Total: 1216.16 GB
[  680.3s] IOs:    318910221  IOPS:   468795  Throughput:  1831.2 MB/s  Total: 1216.55 GB
[  680.5s] IOs:    319010376  IOPS:   468811  Throughput:  1831.3 MB/s  Total: 1216.93 GB
[  680.7s] IOs:    319111194  IOPS:   468767  Throughput:  1831.1 MB/s  Total: 1217.31 GB
[  680.9s] IOs:    319211984  IOPS:   468791  Throughput:  1831.2 MB/s  Total: 1217.70 GB
[  681.2s] IOs:    319312885  IOPS:   468725  Throughput:  1831.0 MB/s  Total: 1218.08 GB
[  681.4s] IOs:    319413703  IOPS:   468751  Throughput:  1831.1 MB/s  Total: 1218.47 GB
[  681.7s] IOs:    319514248  IOPS:   468709  Throughput:  1830.9 MB/s  Total: 1218.85 GB
[  681.9s] IOs:    319614563  IOPS:   468691  Throughput:  1830.8 MB/s  Total: 1219.23 GB
[  682.1s] IOs:    319715045  IOPS:   468695  Throughput:  1830.8 MB/s  Total: 1219.62 GB
[  682.5s] IOs:    319815978  IOPS:   468606  Throughput:  1830.5 MB/s  Total: 1220.00 GB
[  682.7s] IOs:    319916821  IOPS:   468628  Throughput:  1830.6 MB/s  Total: 1220.39 GB
[  682.9s] IOs:    320017796  IOPS:   468647  Throughput:  1830.7 MB/s  Total: 1220.77 GB
[  683.2s] IOs:    320118389  IOPS:   468566  Throughput:  1830.3 MB/s  Total: 1221.15 GB
[  683.4s] IOs:    320218986  IOPS:   468578  Throughput:  1830.4 MB/s  Total: 1221.54 GB
[Reader] Parsed 54000000 lines, distributed 320293031 writes, unique 362.64 GB, skipped 0
[  683.7s] IOs:    320319676  IOPS:   468520  Throughput:  1830.2 MB/s  Total: 1221.92 GB
[  683.9s] IOs:    320420096  IOPS:   468547  Throughput:  1830.3 MB/s  Total: 1222.31 GB
[  684.2s] IOs:    320520540  IOPS:   468472  Throughput:  1830.0 MB/s  Total: 1222.69 GB
[  684.4s] IOs:    320621221  IOPS:   468466  Throughput:  1829.9 MB/s  Total: 1223.07 GB
[  684.7s] IOs:    320721765  IOPS:   468445  Throughput:  1829.9 MB/s  Total: 1223.46 GB
[  684.8s] IOs:    320822261  IOPS:   468462  Throughput:  1829.9 MB/s  Total: 1223.84 GB
[  685.0s] IOs:    320922542  IOPS:   468478  Throughput:  1830.0 MB/s  Total: 1224.22 GB
[  685.3s] IOs:    321023159  IOPS:   468469  Throughput:  1830.0 MB/s  Total: 1224.61 GB
[  685.4s] IOs:    321123659  IOPS:   468493  Throughput:  1830.1 MB/s  Total: 1224.99 GB
[  685.7s] IOs:    321224192  IOPS:   468432  Throughput:  1829.8 MB/s  Total: 1225.37 GB
[  685.9s] IOs:    321324886  IOPS:   468452  Throughput:  1829.9 MB/s  Total: 1225.76 GB
[  686.1s] IOs:    321425581  IOPS:   468454  Throughput:  1829.9 MB/s  Total: 1226.14 GB
[  686.3s] IOs:    321526016  IOPS:   468477  Throughput:  1830.0 MB/s  Total: 1226.52 GB
[  686.5s] IOs:    321626346  IOPS:   468499  Throughput:  1830.1 MB/s  Total: 1226.91 GB
[  686.7s] IOs:    321726937  IOPS:   468488  Throughput:  1830.0 MB/s  Total: 1227.29 GB
[  686.9s] IOs:    321827799  IOPS:   468496  Throughput:  1830.1 MB/s  Total: 1227.68 GB
[  687.2s] IOs:    321928365  IOPS:   468497  Throughput:  1830.1 MB/s  Total: 1228.06 GB
[  687.4s] IOs:    322028750  IOPS:   468506  Throughput:  1830.1 MB/s  Total: 1228.44 GB
[  687.5s] IOs:    322129250  IOPS:   468533  Throughput:  1830.2 MB/s  Total: 1228.83 GB
[  687.7s] IOs:    322229962  IOPS:   468543  Throughput:  1830.2 MB/s  Total: 1229.21 GB
[  687.9s] IOs:    322330682  IOPS:   468569  Throughput:  1830.3 MB/s  Total: 1229.59 GB
[  688.3s] IOs:    322430870  IOPS:   468419  Throughput:  1829.8 MB/s  Total: 1229.98 GB
[  693.8s] IOs:    322531469  IOPS:   464849  Throughput:  1815.8 MB/s  Total: 1230.36 GB
[  695.5s] IOs:    322632315  IOPS:   463868  Throughput:  1812.0 MB/s  Total: 1230.74 GB
[  697.0s] IOs:    322733310  IOPS:   463018  Throughput:  1808.7 MB/s  Total: 1231.13 GB
[  698.1s] IOs:    322833342  IOPS:   462418  Throughput:  1806.3 MB/s  Total: 1231.51 GB
[  699.5s] IOs:    322934362  IOPS:   461673  Throughput:  1803.4 MB/s  Total: 1231.90 GB
[  700.6s] IOs:    323035150  IOPS:   461083  Throughput:  1801.1 MB/s  Total: 1232.28 GB
[  701.6s] IOs:    323135978  IOPS:   460599  Throughput:  1799.2 MB/s  Total: 1232.67 GB
[  702.6s] IOs:    323236697  IOPS:   460091  Throughput:  1797.2 MB/s  Total: 1233.05 GB
[  703.2s] IOs:    323336844  IOPS:   459809  Throughput:  1796.1 MB/s  Total: 1233.43 GB
[  704.2s] IOs:    323437714  IOPS:   459276  Throughput:  1794.0 MB/s  Total: 1233.82 GB
[  704.8s] IOs:    323538469  IOPS:   459030  Throughput:  1793.1 MB/s  Total: 1234.20 GB
[  705.7s] IOs:    323639278  IOPS:   458615  Throughput:  1791.5 MB/s  Total: 1234.59 GB
[  706.3s] IOs:    323739331  IOPS:   458391  Throughput:  1790.6 MB/s  Total: 1234.97 GB
[  706.8s] IOs:    323840250  IOPS:   458200  Throughput:  1789.8 MB/s  Total: 1235.35 GB
[  707.4s] IOs:    323940875  IOPS:   457904  Throughput:  1788.7 MB/s  Total: 1235.74 GB
[  708.2s] IOs:    324041753  IOPS:   457539  Throughput:  1787.3 MB/s  Total: 1236.12 GB
[  708.8s] IOs:    324142689  IOPS:   457284  Throughput:  1786.3 MB/s  Total: 1236.51 GB
[  709.4s] IOs:    324242852  IOPS:   457084  Throughput:  1785.5 MB/s  Total: 1236.89 GB
[  709.9s] IOs:    324343437  IOPS:   456916  Throughput:  1784.8 MB/s  Total: 1237.27 GB
[  710.5s] IOs:    324444345  IOPS:   456671  Throughput:  1783.9 MB/s  Total: 1237.66 GB
[  711.0s] IOs:    324545169  IOPS:   456487  Throughput:  1783.2 MB/s  Total: 1238.04 GB
[  711.4s] IOs:    324646014  IOPS:   456323  Throughput:  1782.5 MB/s  Total: 1238.43 GB
[  712.2s] IOs:    324746015  IOPS:   455961  Throughput:  1781.1 MB/s  Total: 1238.81 GB
[  713.3s] IOs:    324846932  IOPS:   455444  Throughput:  1779.1 MB/s  Total: 1239.19 GB
[  713.9s] IOs:    324947651  IOPS:   455192  Throughput:  1778.1 MB/s  Total: 1239.58 GB
[  714.7s] IOs:    325048483  IOPS:   454795  Throughput:  1776.5 MB/s  Total: 1239.96 GB
[  715.4s] IOs:    325149370  IOPS:   454502  Throughput:  1775.4 MB/s  Total: 1240.35 GB
[  715.9s] IOs:    325250021  IOPS:   454310  Throughput:  1774.6 MB/s  Total: 1240.73 GB
[  716.6s] IOs:    325350635  IOPS:   453989  Throughput:  1773.4 MB/s  Total: 1241.11 GB
[  717.2s] IOs:    325450935  IOPS:   453760  Throughput:  1772.5 MB/s  Total: 1241.50 GB
[  717.7s] IOs:    325551634  IOPS:   453594  Throughput:  1771.9 MB/s  Total: 1241.88 GB
[  718.2s] IOs:    325652019  IOPS:   453409  Throughput:  1771.1 MB/s  Total: 1242.26 GB
[  718.8s] IOs:    325752806  IOPS:   453190  Throughput:  1770.3 MB/s  Total: 1242.65 GB
[  719.3s] IOs:    325853611  IOPS:   453009  Throughput:  1769.6 MB/s  Total: 1243.03 GB
[  719.8s] IOs:    325954095  IOPS:   452811  Throughput:  1768.8 MB/s  Total: 1243.42 GB
[  720.2s] IOs:    326054594  IOPS:   452714  Throughput:  1768.4 MB/s  Total: 1243.80 GB
[  720.7s] IOs:    326155252  IOPS:   452538  Throughput:  1767.7 MB/s  Total: 1244.18 GB
[  721.1s] IOs:    326256040  IOPS:   452459  Throughput:  1767.4 MB/s  Total: 1244.57 GB
[  721.4s] IOs:    326356871  IOPS:   452384  Throughput:  1767.1 MB/s  Total: 1244.95 GB
[  722.0s] IOs:    326457679  IOPS:   452127  Throughput:  1766.1 MB/s  Total: 1245.34 GB
[  722.3s] IOs:    326558003  IOPS:   452098  Throughput:  1766.0 MB/s  Total: 1245.72 GB
[  723.0s] IOs:    326658410  IOPS:   451823  Throughput:  1764.9 MB/s  Total: 1246.10 GB
[  723.3s] IOs:    326758853  IOPS:   451758  Throughput:  1764.7 MB/s  Total: 1246.49 GB
[  723.9s] IOs:    326859705  IOPS:   451524  Throughput:  1763.8 MB/s  Total: 1246.87 GB
[  724.4s] IOs:    326959756  IOPS:   451369  Throughput:  1763.2 MB/s  Total: 1247.25 GB
[  724.6s] IOs:    327060223  IOPS:   451362  Throughput:  1763.1 MB/s  Total: 1247.64 GB
[  725.0s] IOs:    327160842  IOPS:   451229  Throughput:  1762.6 MB/s  Total: 1248.02 GB
[  725.3s] IOs:    327261409  IOPS:   451185  Throughput:  1762.4 MB/s  Total: 1248.40 GB
[  725.8s] IOs:    327361882  IOPS:   451044  Throughput:  1761.9 MB/s  Total: 1248.79 GB
[  726.2s] IOs:    327462627  IOPS:   450942  Throughput:  1761.5 MB/s  Total: 1249.17 GB
[  726.7s] IOs:    327563083  IOPS:   450751  Throughput:  1760.7 MB/s  Total: 1249.55 GB
[  727.1s] IOs:    327663797  IOPS:   450654  Throughput:  1760.4 MB/s  Total: 1249.94 GB
[  727.5s] IOs:    327764483  IOPS:   450537  Throughput:  1759.9 MB/s  Total: 1250.32 GB
[  727.9s] IOs:    327865194  IOPS:   450429  Throughput:  1759.5 MB/s  Total: 1250.71 GB
[  728.3s] IOs:    327965658  IOPS:   450291  Throughput:  1758.9 MB/s  Total: 1251.09 GB
[  728.7s] IOs:    328065935  IOPS:   450207  Throughput:  1758.6 MB/s  Total: 1251.47 GB
[  729.0s] IOs:    328166374  IOPS:   450140  Throughput:  1758.4 MB/s  Total: 1251.86 GB
[  729.5s] IOs:    328266978  IOPS:   449989  Throughput:  1757.8 MB/s  Total: 1252.24 GB
[  729.8s] IOs:    328366986  IOPS:   449947  Throughput:  1757.6 MB/s  Total: 1252.62 GB
[  730.2s] IOs:    328467873  IOPS:   449826  Throughput:  1757.1 MB/s  Total: 1253.01 GB
[  730.8s] IOs:    328568701  IOPS:   449584  Throughput:  1756.2 MB/s  Total: 1253.39 GB
[  731.2s] IOs:    328668740  IOPS:   449506  Throughput:  1755.9 MB/s  Total: 1253.77 GB
[Reader] Parsed 55000000 lines, distributed 328713225 writes, unique 373.89 GB, skipped 0
[  731.6s] IOs:    328768773  IOPS:   449413  Throughput:  1755.5 MB/s  Total: 1254.15 GB
[  732.0s] IOs:    328869329  IOPS:   449277  Throughput:  1755.0 MB/s  Total: 1254.54 GB
[  732.4s] IOs:    328970120  IOPS:   449151  Throughput:  1754.5 MB/s  Total: 1254.92 GB
[  733.0s] IOs:    329070583  IOPS:   448955  Throughput:  1753.7 MB/s  Total: 1255.30 GB
[  733.3s] IOs:    329171164  IOPS:   448868  Throughput:  1753.4 MB/s  Total: 1255.69 GB
[  733.9s] IOs:    329271693  IOPS:   448632  Throughput:  1752.5 MB/s  Total: 1256.07 GB
[  734.4s] IOs:    329371706  IOPS:   448509  Throughput:  1752.0 MB/s  Total: 1256.45 GB
[  734.7s] IOs:    329472610  IOPS:   448430  Throughput:  1751.7 MB/s  Total: 1256.84 GB
[  735.0s] IOs:    329572880  IOPS:   448382  Throughput:  1751.5 MB/s  Total: 1257.22 GB
[  735.4s] IOs:    329673023  IOPS:   448312  Throughput:  1751.2 MB/s  Total: 1257.60 GB
[  735.7s] IOs:    329773253  IOPS:   448221  Throughput:  1750.9 MB/s  Total: 1257.99 GB
[  736.0s] IOs:    329873598  IOPS:   448173  Throughput:  1750.7 MB/s  Total: 1258.37 GB
[  736.5s] IOs:    329973622  IOPS:   448025  Throughput:  1750.1 MB/s  Total: 1258.75 GB
[  736.8s] IOs:    330073787  IOPS:   447963  Throughput:  1749.9 MB/s  Total: 1259.13 GB
[  737.2s] IOs:    330174062  IOPS:   447870  Throughput:  1749.5 MB/s  Total: 1259.51 GB
[  737.5s] IOs:    330274157  IOPS:   447812  Throughput:  1749.3 MB/s  Total: 1259.90 GB
[  737.9s] IOs:    330374939  IOPS:   447711  Throughput:  1748.9 MB/s  Total: 1260.28 GB
[  738.2s] IOs:    330475476  IOPS:   447650  Throughput:  1748.6 MB/s  Total: 1260.66 GB
[  738.5s] IOs:    330576246  IOPS:   447606  Throughput:  1748.5 MB/s  Total: 1261.05 GB
[  738.9s] IOs:    330676724  IOPS:   447496  Throughput:  1748.0 MB/s  Total: 1261.43 GB
[  739.4s] IOs:    330777181  IOPS:   447357  Throughput:  1747.5 MB/s  Total: 1261.81 GB
[  739.7s] IOs:    330877787  IOPS:   447334  Throughput:  1747.4 MB/s  Total: 1262.20 GB
[  740.3s] IOs:    330977848  IOPS:   447091  Throughput:  1746.5 MB/s  Total: 1262.58 GB
[  740.9s] IOs:    331078845  IOPS:   446836  Throughput:  1745.5 MB/s  Total: 1262.97 GB
[  741.4s] IOs:    331179764  IOPS:   446700  Throughput:  1744.9 MB/s  Total: 1263.35 GB
[  741.9s] IOs:    331280158  IOPS:   446520  Throughput:  1744.2 MB/s  Total: 1263.73 GB
[  742.6s] IOs:    331380814  IOPS:   446250  Throughput:  1743.2 MB/s  Total: 1264.12 GB
[  743.0s] IOs:    331481542  IOPS:   446135  Throughput:  1742.7 MB/s  Total: 1264.50 GB
[  743.4s] IOs:    331582145  IOPS:   446046  Throughput:  1742.4 MB/s  Total: 1264.89 GB
[  744.0s] IOs:    331682956  IOPS:   445792  Throughput:  1741.4 MB/s  Total: 1265.27 GB
[  744.9s] IOs:    331783500  IOPS:   445420  Throughput:  1739.9 MB/s  Total: 1265.65 GB
[  745.5s] IOs:    331883631  IOPS:   445164  Throughput:  1738.9 MB/s  Total: 1266.04 GB
[  746.4s] IOs:    331984375  IOPS:   444761  Throughput:  1737.3 MB/s  Total: 1266.42 GB
[  747.3s] IOs:    332085163  IOPS:   444354  Throughput:  1735.8 MB/s  Total: 1266.80 GB
[  747.9s] IOs:    332186201  IOPS:   444133  Throughput:  1734.9 MB/s  Total: 1267.19 GB
[  748.9s] IOs:    332287116  IOPS:   443717  Throughput:  1733.3 MB/s  Total: 1267.57 GB
[  749.1s] IOs:    332387584  IOPS:   443698  Throughput:  1733.2 MB/s  Total: 1267.96 GB
[  749.4s] IOs:    332487999  IOPS:   443672  Throughput:  1733.1 MB/s  Total: 1268.34 GB
[  749.7s] IOs:    332588413  IOPS:   443642  Throughput:  1733.0 MB/s  Total: 1268.72 GB
[  750.0s] IOs:    332688549  IOPS:   443584  Throughput:  1732.8 MB/s  Total: 1269.11 GB
[  750.3s] IOs:    332789075  IOPS:   443560  Throughput:  1732.7 MB/s  Total: 1269.49 GB
[  750.5s] IOs:    332889225  IOPS:   443536  Throughput:  1732.6 MB/s  Total: 1269.87 GB
[  750.8s] IOs:    332989537  IOPS:   443529  Throughput:  1732.5 MB/s  Total: 1270.25 GB
[  751.1s] IOs:    333089838  IOPS:   443488  Throughput:  1732.4 MB/s  Total: 1270.64 GB
[  751.3s] IOs:    333189998  IOPS:   443471  Throughput:  1732.3 MB/s  Total: 1271.02 GB
[  751.6s] IOs:    333290164  IOPS:   443418  Throughput:  1732.1 MB/s  Total: 1271.40 GB
[  751.9s] IOs:    333391048  IOPS:   443407  Throughput:  1732.1 MB/s  Total: 1271.79 GB
[  752.1s] IOs:    333491977  IOPS:   443388  Throughput:  1732.0 MB/s  Total: 1272.17 GB
[  752.4s] IOs:    333592857  IOPS:   443359  Throughput:  1731.9 MB/s  Total: 1272.56 GB
[  752.8s] IOs:    333693601  IOPS:   443248  Throughput:  1731.4 MB/s  Total: 1272.94 GB
[  753.1s] IOs:    333794394  IOPS:   443208  Throughput:  1731.3 MB/s  Total: 1273.32 GB
[  753.3s] IOs:    333894720  IOPS:   443215  Throughput:  1731.3 MB/s  Total: 1273.71 GB
[  753.7s] IOs:    333995581  IOPS:   443150  Throughput:  1731.1 MB/s  Total: 1274.09 GB
[  753.9s] IOs:    334096410  IOPS:   443130  Throughput:  1731.0 MB/s  Total: 1274.48 GB
[  754.2s] IOs:    334197354  IOPS:   443138  Throughput:  1731.0 MB/s  Total: 1274.86 GB
[  754.5s] IOs:    334298032  IOPS:   443089  Throughput:  1730.8 MB/s  Total: 1275.25 GB
[  754.7s] IOs:    334398905  IOPS:   443068  Throughput:  1730.7 MB/s  Total: 1275.63 GB
[  755.1s] IOs:    334499625  IOPS:   442963  Throughput:  1730.3 MB/s  Total: 1276.01 GB
[  755.4s] IOs:    334600151  IOPS:   442973  Throughput:  1730.4 MB/s  Total: 1276.40 GB
[  755.8s] IOs:    334700906  IOPS:   442871  Throughput:  1730.0 MB/s  Total: 1276.78 GB
[  756.1s] IOs:    334801554  IOPS:   442817  Throughput:  1729.8 MB/s  Total: 1277.17 GB
[  756.3s] IOs:    334902147  IOPS:   442801  Throughput:  1729.7 MB/s  Total: 1277.55 GB
[  756.6s] IOs:    335002879  IOPS:   442789  Throughput:  1729.6 MB/s  Total: 1277.93 GB
[  756.9s] IOs:    335103608  IOPS:   442723  Throughput:  1729.4 MB/s  Total: 1278.32 GB
[  757.5s] IOs:    335204585  IOPS:   442538  Throughput:  1728.7 MB/s  Total: 1278.70 GB
[  757.7s] IOs:    335305145  IOPS:   442531  Throughput:  1728.6 MB/s  Total: 1279.09 GB
[  757.9s] IOs:    335405881  IOPS:   442539  Throughput:  1728.7 MB/s  Total: 1279.47 GB
[  758.4s] IOs:    335506601  IOPS:   442362  Throughput:  1728.0 MB/s  Total: 1279.86 GB
[  758.7s] IOs:    335607207  IOPS:   442371  Throughput:  1728.0 MB/s  Total: 1280.24 GB
[  759.1s] IOs:    335707928  IOPS:   442272  Throughput:  1727.6 MB/s  Total: 1280.62 GB
[  759.3s] IOs:    335808470  IOPS:   442239  Throughput:  1727.5 MB/s  Total: 1281.01 GB
[  759.6s] IOs:    335909097  IOPS:   442229  Throughput:  1727.5 MB/s  Total: 1281.39 GB
[  760.0s] IOs:    336009501  IOPS:   442144  Throughput:  1727.1 MB/s  Total: 1281.77 GB
[  760.3s] IOs:    336110156  IOPS:   442070  Throughput:  1726.8 MB/s  Total: 1282.16 GB
[  760.6s] IOs:    336210676  IOPS:   442059  Throughput:  1726.8 MB/s  Total: 1282.54 GB
[  761.0s] IOs:    336311399  IOPS:   441924  Throughput:  1726.3 MB/s  Total: 1282.93 GB
[  761.3s] IOs:    336411727  IOPS:   441865  Throughput:  1726.0 MB/s  Total: 1283.31 GB
[  761.6s] IOs:    336512520  IOPS:   441863  Throughput:  1726.0 MB/s  Total: 1283.69 GB
[  762.0s] IOs:    336612957  IOPS:   441739  Throughput:  1725.5 MB/s  Total: 1284.08 GB
[  762.5s] IOs:    336713636  IOPS:   441578  Throughput:  1724.9 MB/s  Total: 1284.46 GB
[  762.8s] IOs:    336814192  IOPS:   441571  Throughput:  1724.9 MB/s  Total: 1284.84 GB
[Reader] Parsed 56000000 lines, distributed 336836159 writes, unique 386.60 GB, skipped 0
[  763.0s] IOs:    336915085  IOPS:   441574  Throughput:  1724.9 MB/s  Total: 1285.23 GB
[  771.9s] IOs:    337015694  IOPS:   436580  Throughput:  1705.4 MB/s  Total: 1285.61 GB
[  772.3s] IOs:    337115815  IOPS:   436514  Throughput:  1705.1 MB/s  Total: 1285.99 GB
[  772.5s] IOs:    337216239  IOPS:   436509  Throughput:  1705.1 MB/s  Total: 1286.38 GB
[  772.8s] IOs:    337316346  IOPS:   436497  Throughput:  1705.1 MB/s  Total: 1286.76 GB
[  773.0s] IOs:    337416782  IOPS:   436490  Throughput:  1705.0 MB/s  Total: 1287.14 GB
[  773.3s] IOs:    337517168  IOPS:   436473  Throughput:  1705.0 MB/s  Total: 1287.53 GB
[  773.6s] IOs:    337617300  IOPS:   436441  Throughput:  1704.8 MB/s  Total: 1287.91 GB
[  773.8s] IOs:    337717648  IOPS:   436434  Throughput:  1704.8 MB/s  Total: 1288.29 GB
[  774.1s] IOs:    337817851  IOPS:   436416  Throughput:  1704.8 MB/s  Total: 1288.67 GB
[  774.3s] IOs:    337918180  IOPS:   436395  Throughput:  1704.7 MB/s  Total: 1289.06 GB
[  774.6s] IOs:    338018648  IOPS:   436386  Throughput:  1704.6 MB/s  Total: 1289.44 GB
[  774.8s] IOs:    338118993  IOPS:   436391  Throughput:  1704.7 MB/s  Total: 1289.82 GB
[  775.1s] IOs:    338219735  IOPS:   436378  Throughput:  1704.6 MB/s  Total: 1290.21 GB
[  775.3s] IOs:    338320431  IOPS:   436374  Throughput:  1704.6 MB/s  Total: 1290.59 GB
[  775.6s] IOs:    338420454  IOPS:   436306  Throughput:  1704.3 MB/s  Total: 1290.97 GB
[  775.9s] IOs:    338521165  IOPS:   436278  Throughput:  1704.2 MB/s  Total: 1291.36 GB
[  776.2s] IOs:    338621879  IOPS:   436270  Throughput:  1704.2 MB/s  Total: 1291.74 GB
[  776.5s] IOs:    338722164  IOPS:   436225  Throughput:  1704.0 MB/s  Total: 1292.12 GB
[  776.7s] IOs:    338822787  IOPS:   436213  Throughput:  1704.0 MB/s  Total: 1292.51 GB
[  777.2s] IOs:    338923263  IOPS:   436091  Throughput:  1703.5 MB/s  Total: 1292.89 GB
[  777.4s] IOs:    339023990  IOPS:   436104  Throughput:  1703.5 MB/s  Total: 1293.27 GB
[  777.6s] IOs:    339124275  IOPS:   436093  Throughput:  1703.5 MB/s  Total: 1293.66 GB
[  778.0s] IOs:    339225074  IOPS:   436032  Throughput:  1703.2 MB/s  Total: 1294.04 GB
[  778.3s] IOs:    339325751  IOPS:   436005  Throughput:  1703.1 MB/s  Total: 1294.43 GB
[  778.5s] IOs:    339426362  IOPS:   435982  Throughput:  1703.1 MB/s  Total: 1294.81 GB
[  778.7s] IOs:    339526910  IOPS:   435996  Throughput:  1703.1 MB/s  Total: 1295.19 GB
[  779.1s] IOs:    339627923  IOPS:   435937  Throughput:  1702.9 MB/s  Total: 1295.58 GB
[  779.3s] IOs:    339728118  IOPS:   435927  Throughput:  1702.8 MB/s  Total: 1295.96 GB
[  779.6s] IOs:    339828578  IOPS:   435884  Throughput:  1702.7 MB/s  Total: 1296.34 GB
[  779.8s] IOs:    339929206  IOPS:   435898  Throughput:  1702.7 MB/s  Total: 1296.73 GB
[  780.1s] IOs:    340029670  IOPS:   435859  Throughput:  1702.6 MB/s  Total: 1297.11 GB
[  780.4s] IOs:    340130169  IOPS:   435861  Throughput:  1702.6 MB/s  Total: 1297.49 GB
[  780.7s] IOs:    340230862  IOPS:   435824  Throughput:  1702.4 MB/s  Total: 1297.88 GB
[  780.9s] IOs:    340331645  IOPS:   435837  Throughput:  1702.5 MB/s  Total: 1298.26 GB
[  781.1s] IOs:    340432531  IOPS:   435810  Throughput:  1702.4 MB/s  Total: 1298.65 GB
[  781.3s] IOs:    340533000  IOPS:   435833  Throughput:  1702.5 MB/s  Total: 1299.03 GB
[  781.7s] IOs:    340634016  IOPS:   435739  Throughput:  1702.1 MB/s  Total: 1299.42 GB
[  782.0s] IOs:    340735011  IOPS:   435741  Throughput:  1702.1 MB/s  Total: 1299.80 GB
[  782.2s] IOs:    340835952  IOPS:   435762  Throughput:  1702.2 MB/s  Total: 1300.19 GB
[  782.3s] IOs:    340936811  IOPS:   435787  Throughput:  1702.3 MB/s  Total: 1300.57 GB
[  782.6s] IOs:    341036838  IOPS:   435798  Throughput:  1702.3 MB/s  Total: 1300.95 GB
[  782.7s] IOs:    341137635  IOPS:   435824  Throughput:  1702.4 MB/s  Total: 1301.34 GB
[  782.9s] IOs:    341238442  IOPS:   435845  Throughput:  1702.5 MB/s  Total: 1301.72 GB
[  783.2s] IOs:    341339038  IOPS:   435841  Throughput:  1702.5 MB/s  Total: 1302.11 GB
[  783.4s] IOs:    341439394  IOPS:   435856  Throughput:  1702.6 MB/s  Total: 1302.49 GB
[  783.6s] IOs:    341539853  IOPS:   435887  Throughput:  1702.7 MB/s  Total: 1302.87 GB
[  783.7s] IOs:    341639970  IOPS:   435916  Throughput:  1702.8 MB/s  Total: 1303.25 GB
[  784.0s] IOs:    341740334  IOPS:   435890  Throughput:  1702.7 MB/s  Total: 1303.64 GB
[  784.2s] IOs:    341840769  IOPS:   435922  Throughput:  1702.8 MB/s  Total: 1304.02 GB
[  784.3s] IOs:    341941193  IOPS:   435956  Throughput:  1703.0 MB/s  Total: 1304.40 GB
[  784.6s] IOs:    342041683  IOPS:   435933  Throughput:  1702.9 MB/s  Total: 1304.79 GB
[  784.8s] IOs:    342142170  IOPS:   435960  Throughput:  1703.0 MB/s  Total: 1305.17 GB
[  785.0s] IOs:    342243095  IOPS:   435960  Throughput:  1703.0 MB/s  Total: 1305.55 GB
[  785.2s] IOs:    342343164  IOPS:   435981  Throughput:  1703.1 MB/s  Total: 1305.94 GB
[  785.4s] IOs:    342443622  IOPS:   436016  Throughput:  1703.2 MB/s  Total: 1306.32 GB
[  785.7s] IOs:    342544398  IOPS:   435960  Throughput:  1703.0 MB/s  Total: 1306.70 GB
[  785.9s] IOs:    342644602  IOPS:   435995  Throughput:  1703.1 MB/s  Total: 1307.09 GB
[  786.1s] IOs:    342745034  IOPS:   436022  Throughput:  1703.2 MB/s  Total: 1307.47 GB
[  786.3s] IOs:    342845401  IOPS:   436050  Throughput:  1703.3 MB/s  Total: 1307.85 GB
[  786.5s] IOs:    342945557  IOPS:   436029  Throughput:  1703.2 MB/s  Total: 1308.23 GB
[  786.7s] IOs:    343045855  IOPS:   436061  Throughput:  1703.4 MB/s  Total: 1308.62 GB
[  787.0s] IOs:    343146498  IOPS:   436026  Throughput:  1703.2 MB/s  Total: 1309.00 GB
[  787.2s] IOs:    343246683  IOPS:   436030  Throughput:  1703.2 MB/s  Total: 1309.38 GB
[  787.4s] IOs:    343347638  IOPS:   436064  Throughput:  1703.4 MB/s  Total: 1309.77 GB
[  787.6s] IOs:    343447823  IOPS:   436063  Throughput:  1703.4 MB/s  Total: 1310.15 GB
[  787.8s] IOs:    343548810  IOPS:   436093  Throughput:  1703.5 MB/s  Total: 1310.53 GB
[  788.0s] IOs:    343649428  IOPS:   436079  Throughput:  1703.4 MB/s  Total: 1310.92 GB
[  788.2s] IOs:    343749784  IOPS:   436115  Throughput:  1703.6 MB/s  Total: 1311.30 GB
[  788.5s] IOs:    343850051  IOPS:   436069  Throughput:  1703.4 MB/s  Total: 1311.68 GB
[  788.7s] IOs:    343951037  IOPS:   436093  Throughput:  1703.5 MB/s  Total: 1312.07 GB
[  788.9s] IOs:    344051371  IOPS:   436124  Throughput:  1703.6 MB/s  Total: 1312.45 GB
[  789.2s] IOs:    344151843  IOPS:   436096  Throughput:  1703.5 MB/s  Total: 1312.84 GB
[  789.4s] IOs:    344252430  IOPS:   436106  Throughput:  1703.5 MB/s  Total: 1313.22 GB
[  789.6s] IOs:    344352534  IOPS:   436108  Throughput:  1703.5 MB/s  Total: 1313.60 GB
[  789.8s] IOs:    344452762  IOPS:   436138  Throughput:  1703.7 MB/s  Total: 1313.98 GB
[  790.0s] IOs:    344553222  IOPS:   436152  Throughput:  1703.7 MB/s  Total: 1314.37 GB
[  790.2s] IOs:    344653832  IOPS:   436181  Throughput:  1703.8 MB/s  Total: 1314.75 GB
[  790.3s] IOs:    344754152  IOPS:   436211  Throughput:  1704.0 MB/s  Total: 1315.13 GB
[  790.8s] IOs:    344854318  IOPS:   436104  Throughput:  1703.5 MB/s  Total: 1315.51 GB
[  791.0s] IOs:    344955199  IOPS:   436112  Throughput:  1703.6 MB/s  Total: 1315.90 GB
[  791.2s] IOs:    345056054  IOPS:   436140  Throughput:  1703.7 MB/s  Total: 1316.28 GB
[  791.6s] IOs:    345156924  IOPS:   436028  Throughput:  1703.2 MB/s  Total: 1316.67 GB
[  791.8s] IOs:    345257500  IOPS:   436047  Throughput:  1703.3 MB/s  Total: 1317.05 GB
[  792.0s] IOs:    345357845  IOPS:   436038  Throughput:  1703.3 MB/s  Total: 1317.44 GB
[  792.2s] IOs:    345458504  IOPS:   436069  Throughput:  1703.4 MB/s  Total: 1317.82 GB
[  792.5s] IOs:    345559228  IOPS:   436012  Throughput:  1703.2 MB/s  Total: 1318.20 GB
[  792.8s] IOs:    345659908  IOPS:   436024  Throughput:  1703.2 MB/s  Total: 1318.59 GB
[  793.2s] IOs:    345759919  IOPS:   435892  Throughput:  1702.7 MB/s  Total: 1318.97 GB
[  793.4s] IOs:    345860572  IOPS:   435906  Throughput:  1702.8 MB/s  Total: 1319.35 GB
[  793.6s] IOs:    345961338  IOPS:   435937  Throughput:  1702.9 MB/s  Total: 1319.74 GB
[  794.1s] IOs:    346061964  IOPS:   435815  Throughput:  1702.4 MB/s  Total: 1320.12 GB
[  794.2s] IOs:    346162633  IOPS:   435841  Throughput:  1702.5 MB/s  Total: 1320.51 GB
[  794.7s] IOs:    346263351  IOPS:   435729  Throughput:  1702.1 MB/s  Total: 1320.89 GB
[  795.2s] IOs:    346364119  IOPS:   435546  Throughput:  1701.4 MB/s  Total: 1321.27 GB
[  795.5s] IOs:    346464983  IOPS:   435549  Throughput:  1701.4 MB/s  Total: 1321.66 GB
[Reader] Parsed 57000000 lines, distributed 346471071 writes, unique 399.96 GB, skipped 0
[  795.6s] IOs:    346565299  IOPS:   435580  Throughput:  1701.5 MB/s  Total: 1322.04 GB
[  795.8s] IOs:    346666233  IOPS:   435610  Throughput:  1701.6 MB/s  Total: 1322.43 GB
[  796.3s] IOs:    346767218  IOPS:   435489  Throughput:  1701.1 MB/s  Total: 1322.81 GB
[  796.6s] IOs:    346867797  IOPS:   435448  Throughput:  1701.0 MB/s  Total: 1323.20 GB
[  796.8s] IOs:    346968455  IOPS:   435460  Throughput:  1701.0 MB/s  Total: 1323.58 GB
[  797.1s] IOs:    347069019  IOPS:   435389  Throughput:  1700.7 MB/s  Total: 1323.96 GB
[  797.3s] IOs:    347169609  IOPS:   435419  Throughput:  1700.9 MB/s  Total: 1324.35 GB
[  797.6s] IOs:    347270128  IOPS:   435376  Throughput:  1700.7 MB/s  Total: 1324.73 GB
[  797.8s] IOs:    347370669  IOPS:   435401  Throughput:  1700.8 MB/s  Total: 1325.11 GB
[  798.2s] IOs:    347471382  IOPS:   435335  Throughput:  1700.5 MB/s  Total: 1325.50 GB
[  798.3s] IOs:    347571921  IOPS:   435366  Throughput:  1700.6 MB/s  Total: 1325.88 GB
[  798.6s] IOs:    347672615  IOPS:   435331  Throughput:  1700.5 MB/s  Total: 1326.27 GB
[  798.8s] IOs:    347773363  IOPS:   435350  Throughput:  1700.6 MB/s  Total: 1326.65 GB
[  799.1s] IOs:    347874163  IOPS:   435326  Throughput:  1700.5 MB/s  Total: 1327.03 GB
[  799.3s] IOs:    347974896  IOPS:   435328  Throughput:  1700.5 MB/s  Total: 1327.42 GB
[  799.6s] IOs:    348075354  IOPS:   435320  Throughput:  1700.5 MB/s  Total: 1327.80 GB
[  799.8s] IOs:    348176327  IOPS:   435346  Throughput:  1700.6 MB/s  Total: 1328.19 GB
[  800.4s] IOs:    348277334  IOPS:   435152  Throughput:  1699.8 MB/s  Total: 1328.57 GB
[  800.5s] IOs:    348377742  IOPS:   435175  Throughput:  1699.9 MB/s  Total: 1328.96 GB
[  800.9s] IOs:    348478507  IOPS:   435129  Throughput:  1699.7 MB/s  Total: 1329.34 GB
[  801.2s] IOs:    348579132  IOPS:   435072  Throughput:  1699.5 MB/s  Total: 1329.72 GB
[  801.4s] IOs:    348679732  IOPS:   435072  Throughput:  1699.5 MB/s  Total: 1330.11 GB
[  801.7s] IOs:    348780098  IOPS:   435039  Throughput:  1699.4 MB/s  Total: 1330.49 GB
[  801.9s] IOs:    348880753  IOPS:   435069  Throughput:  1699.5 MB/s  Total: 1330.87 GB
[  802.2s] IOs:    348981431  IOPS:   435014  Throughput:  1699.3 MB/s  Total: 1331.26 GB
[  802.5s] IOs:    349082235  IOPS:   435007  Throughput:  1699.2 MB/s  Total: 1331.64 GB
[  802.7s] IOs:    349182823  IOPS:   434999  Throughput:  1699.2 MB/s  Total: 1332.03 GB
[  802.9s] IOs:    349283386  IOPS:   435013  Throughput:  1699.3 MB/s  Total: 1332.41 GB
[  803.1s] IOs:    349383986  IOPS:   435029  Throughput:  1699.3 MB/s  Total: 1332.79 GB
[  803.4s] IOs:    349484540  IOPS:   435023  Throughput:  1699.3 MB/s  Total: 1333.18 GB
[  803.6s] IOs:    349584641  IOPS:   435035  Throughput:  1699.4 MB/s  Total: 1333.56 GB
[  803.9s] IOs:    349685631  IOPS:   434995  Throughput:  1699.2 MB/s  Total: 1333.94 GB
[  804.1s] IOs:    349786522  IOPS:   435020  Throughput:  1699.3 MB/s  Total: 1334.33 GB
[  804.3s] IOs:    349887339  IOPS:   435004  Throughput:  1699.2 MB/s  Total: 1334.71 GB
[  804.5s] IOs:    349987975  IOPS:   435033  Throughput:  1699.3 MB/s  Total: 1335.10 GB
[  804.8s] IOs:    350088493  IOPS:   435003  Throughput:  1699.2 MB/s  Total: 1335.48 GB
[  805.0s] IOs:    350189302  IOPS:   435027  Throughput:  1699.3 MB/s  Total: 1335.87 GB
[  805.2s] IOs:    350290001  IOPS:   435035  Throughput:  1699.4 MB/s  Total: 1336.25 GB
[  805.4s] IOs:    350390628  IOPS:   435050  Throughput:  1699.4 MB/s  Total: 1336.63 GB
[  805.6s] IOs:    350491508  IOPS:   435080  Throughput:  1699.5 MB/s  Total: 1337.02 GB
[  805.8s] IOs:    350592246  IOPS:   435084  Throughput:  1699.5 MB/s  Total: 1337.40 GB
[  806.0s] IOs:    350693169  IOPS:   435105  Throughput:  1699.6 MB/s  Total: 1337.79 GB
[  806.2s] IOs:    350793548  IOPS:   435111  Throughput:  1699.7 MB/s  Total: 1338.17 GB
[  806.6s] IOs:    350894179  IOPS:   435049  Throughput:  1699.4 MB/s  Total: 1338.56 GB
[  806.7s] IOs:    350994654  IOPS:   435079  Throughput:  1699.5 MB/s  Total: 1338.94 GB
[  807.0s] IOs:    351095137  IOPS:   435089  Throughput:  1699.6 MB/s  Total: 1339.32 GB
[  807.2s] IOs:    351195718  IOPS:   435054  Throughput:  1699.4 MB/s  Total: 1339.71 GB
[  807.4s] IOs:    351296338  IOPS:   435081  Throughput:  1699.5 MB/s  Total: 1340.09 GB
[  807.7s] IOs:    351397140  IOPS:   435035  Throughput:  1699.4 MB/s  Total: 1340.47 GB
[  807.9s] IOs:    351497660  IOPS:   435052  Throughput:  1699.4 MB/s  Total: 1340.86 GB
[  808.2s] IOs:    351598391  IOPS:   435030  Throughput:  1699.3 MB/s  Total: 1341.24 GB
[  808.4s] IOs:    351698782  IOPS:   435042  Throughput:  1699.4 MB/s  Total: 1341.62 GB
[  808.6s] IOs:    351799374  IOPS:   435072  Throughput:  1699.5 MB/s  Total: 1342.01 GB
[  808.9s] IOs:    351899951  IOPS:   435050  Throughput:  1699.4 MB/s  Total: 1342.39 GB
[  809.0s] IOs:    352000889  IOPS:   435082  Throughput:  1699.5 MB/s  Total: 1342.78 GB
[  809.3s] IOs:    352101528  IOPS:   435076  Throughput:  1699.5 MB/s  Total: 1343.16 GB
[  809.5s] IOs:    352201997  IOPS:   435101  Throughput:  1699.6 MB/s  Total: 1343.54 GB
[  809.7s] IOs:    352302883  IOPS:   435126  Throughput:  1699.7 MB/s  Total: 1343.93 GB
[  809.9s] IOs:    352403431  IOPS:   435111  Throughput:  1699.7 MB/s  Total: 1344.31 GB
[  810.1s] IOs:    352503882  IOPS:   435130  Throughput:  1699.7 MB/s  Total: 1344.70 GB
[  810.3s] IOs:    352604633  IOPS:   435160  Throughput:  1699.8 MB/s  Total: 1345.08 GB
[  810.5s] IOs:    352705133  IOPS:   435189  Throughput:  1700.0 MB/s  Total: 1345.46 GB
[  810.7s] IOs:    352805702  IOPS:   435171  Throughput:  1699.9 MB/s  Total: 1345.85 GB
[  810.9s] IOs:    352906236  IOPS:   435203  Throughput:  1700.0 MB/s  Total: 1346.23 GB
[  811.6s] IOs:    353007169  IOPS:   434963  Throughput:  1699.1 MB/s  Total: 1346.62 GB
[  811.8s] IOs:    353107783  IOPS:   434966  Throughput:  1699.1 MB/s  Total: 1347.00 GB
[  812.0s] IOs:    353208576  IOPS:   434995  Throughput:  1699.2 MB/s  Total: 1347.38 GB
[  812.6s] IOs:    353309218  IOPS:   434801  Throughput:  1698.4 MB/s  Total: 1347.77 GB
[  812.9s] IOs:    353409681  IOPS:   434776  Throughput:  1698.3 MB/s  Total: 1348.15 GB
[  813.3s] IOs:    353510126  IOPS:   434669  Throughput:  1697.9 MB/s  Total: 1348.53 GB
[  813.5s] IOs:    353610372  IOPS:   434669  Throughput:  1697.9 MB/s  Total: 1348.92 GB
[  813.9s] IOs:    353711347  IOPS:   434578  Throughput:  1697.6 MB/s  Total: 1349.30 GB
[  814.1s] IOs:    353812245  IOPS:   434592  Throughput:  1697.6 MB/s  Total: 1349.69 GB
[  814.5s] IOs:    353912924  IOPS:   434493  Throughput:  1697.2 MB/s  Total: 1350.07 GB
[  814.8s] IOs:    354013828  IOPS:   434460  Throughput:  1697.1 MB/s  Total: 1350.46 GB
[  815.0s] IOs:    354114329  IOPS:   434481  Throughput:  1697.2 MB/s  Total: 1350.84 GB
[  815.6s] IOs:    354214834  IOPS:   434324  Throughput:  1696.6 MB/s  Total: 1351.22 GB
[  815.8s] IOs:    354315629  IOPS:   434317  Throughput:  1696.6 MB/s  Total: 1351.61 GB
[  816.0s] IOs:    354416326  IOPS:   434338  Throughput:  1696.6 MB/s  Total: 1351.99 GB
[  816.4s] IOs:    354517054  IOPS:   434249  Throughput:  1696.3 MB/s  Total: 1352.38 GB
[  816.6s] IOs:    354617855  IOPS:   434276  Throughput:  1696.4 MB/s  Total: 1352.76 GB
[  816.9s] IOs:    354718389  IOPS:   434202  Throughput:  1696.1 MB/s  Total: 1353.14 GB
[  817.1s] IOs:    354819129  IOPS:   434228  Throughput:  1696.2 MB/s  Total: 1353.53 GB
[  817.5s] IOs:    354920129  IOPS:   434170  Throughput:  1696.0 MB/s  Total: 1353.91 GB
[  817.6s] IOs:    355020373  IOPS:   434198  Throughput:  1696.1 MB/s  Total: 1354.30 GB
[  818.0s] IOs:    355120845  IOPS:   434154  Throughput:  1695.9 MB/s  Total: 1354.68 GB
[  818.1s] IOs:    355221208  IOPS:   434183  Throughput:  1696.0 MB/s  Total: 1355.06 GB
[  818.4s] IOs:    355321951  IOPS:   434146  Throughput:  1695.9 MB/s  Total: 1355.45 GB
[  818.6s] IOs:    355422463  IOPS:   434177  Throughput:  1696.0 MB/s  Total: 1355.83 GB
[  819.0s] IOs:    355522803  IOPS:   434113  Throughput:  1695.8 MB/s  Total: 1356.21 GB
[  819.1s] IOs:    355623127  IOPS:   434141  Throughput:  1695.9 MB/s  Total: 1356.59 GB
[  819.5s] IOs:    355723741  IOPS:   434089  Throughput:  1695.7 MB/s  Total: 1356.98 GB
[  819.7s] IOs:    355824048  IOPS:   434111  Throughput:  1695.7 MB/s  Total: 1357.36 GB
[  820.0s] IOs:    355924318  IOPS:   434077  Throughput:  1695.6 MB/s  Total: 1357.74 GB
[  820.1s] IOs:    356024942  IOPS:   434101  Throughput:  1695.7 MB/s  Total: 1358.13 GB
[  820.5s] IOs:    356125374  IOPS:   434060  Throughput:  1695.5 MB/s  Total: 1358.51 GB
[Reader] Parsed 58000000 lines, distributed 356160429 writes, unique 417.44 GB, skipped 0
[  820.6s] IOs:    356225974  IOPS:   434090  Throughput:  1695.7 MB/s  Total: 1358.89 GB
[  820.9s] IOs:    356325974  IOPS:   434041  Throughput:  1695.5 MB/s  Total: 1359.28 GB
[  821.1s] IOs:    356426668  IOPS:   434064  Throughput:  1695.6 MB/s  Total: 1359.66 GB
[  821.4s] IOs:    356526705  IOPS:   434035  Throughput:  1695.5 MB/s  Total: 1360.04 GB
[  821.6s] IOs:    356627291  IOPS:   434064  Throughput:  1695.6 MB/s  Total: 1360.43 GB
[  821.9s] IOs:    356728183  IOPS:   434050  Throughput:  1695.5 MB/s  Total: 1360.81 GB
[  822.3s] IOs:    356829117  IOPS:   433939  Throughput:  1695.1 MB/s  Total: 1361.20 GB
[  822.5s] IOs:    356929702  IOPS:   433963  Throughput:  1695.2 MB/s  Total: 1361.58 GB
[  823.1s] IOs:    357030273  IOPS:   433786  Throughput:  1694.5 MB/s  Total: 1361.96 GB
[  823.4s] IOs:    357130673  IOPS:   433706  Throughput:  1694.2 MB/s  Total: 1362.35 GB
[  823.9s] IOs:    357231353  IOPS:   433568  Throughput:  1693.6 MB/s  Total: 1362.73 GB
[  824.4s] IOs:    357331955  IOPS:   433459  Throughput:  1693.2 MB/s  Total: 1363.11 GB
[  824.6s] IOs:    357432998  IOPS:   433465  Throughput:  1693.2 MB/s  Total: 1363.50 GB
[  825.0s] IOs:    357533093  IOPS:   433364  Throughput:  1692.8 MB/s  Total: 1363.88 GB
[  825.4s] IOs:    357633857  IOPS:   433272  Throughput:  1692.5 MB/s  Total: 1364.26 GB
[  825.8s] IOs:    357733919  IOPS:   433179  Throughput:  1692.1 MB/s  Total: 1364.65 GB
[  826.1s] IOs:    357834240  IOPS:   433164  Throughput:  1692.0 MB/s  Total: 1365.03 GB
[  826.4s] IOs:    357934946  IOPS:   433135  Throughput:  1691.9 MB/s  Total: 1365.41 GB
[  826.6s] IOs:    358035821  IOPS:   433162  Throughput:  1692.0 MB/s  Total: 1365.80 GB
[  827.3s] IOs:    358136767  IOPS:   432923  Throughput:  1691.1 MB/s  Total: 1366.18 GB
[  827.5s] IOs:    358237557  IOPS:   432938  Throughput:  1691.2 MB/s  Total: 1366.57 GB
[  827.9s] IOs:    358338243  IOPS:   432804  Throughput:  1690.6 MB/s  Total: 1366.95 GB
[  828.5s] IOs:    358438866  IOPS:   432660  Throughput:  1690.1 MB/s  Total: 1367.34 GB
[  828.8s] IOs:    358539575  IOPS:   432593  Throughput:  1689.8 MB/s  Total: 1367.72 GB
[  829.0s] IOs:    358640311  IOPS:   432618  Throughput:  1689.9 MB/s  Total: 1368.10 GB
[  829.5s] IOs:    358741206  IOPS:   432456  Throughput:  1689.3 MB/s  Total: 1368.49 GB
[  829.9s] IOs:    358841776  IOPS:   432406  Throughput:  1689.1 MB/s  Total: 1368.87 GB
[  830.4s] IOs:    358942448  IOPS:   432276  Throughput:  1688.6 MB/s  Total: 1369.26 GB
[  830.6s] IOs:    359043023  IOPS:   432274  Throughput:  1688.6 MB/s  Total: 1369.64 GB
[  830.9s] IOs:    359143898  IOPS:   432213  Throughput:  1688.3 MB/s  Total: 1370.03 GB
[  831.4s] IOs:    359244413  IOPS:   432114  Throughput:  1687.9 MB/s  Total: 1370.41 GB
[  831.6s] IOs:    359344817  IOPS:   432135  Throughput:  1688.0 MB/s  Total: 1370.79 GB
[  832.1s] IOs:    359445236  IOPS:   431982  Throughput:  1687.4 MB/s  Total: 1371.17 GB
[  832.3s] IOs:    359545322  IOPS:   431998  Throughput:  1687.5 MB/s  Total: 1371.56 GB
[  832.5s] IOs:    359646056  IOPS:   432029  Throughput:  1687.6 MB/s  Total: 1371.94 GB
[  832.9s] IOs:    359746561  IOPS:   431904  Throughput:  1687.1 MB/s  Total: 1372.32 GB
[  833.1s] IOs:    359847097  IOPS:   431928  Throughput:  1687.2 MB/s  Total: 1372.71 GB
[  833.4s] IOs:    359948066  IOPS:   431912  Throughput:  1687.2 MB/s  Total: 1373.09 GB
[  833.6s] IOs:    360048108  IOPS:   431929  Throughput:  1687.2 MB/s  Total: 1373.47 GB
[  833.9s] IOs:    360148407  IOPS:   431896  Throughput:  1687.1 MB/s  Total: 1373.86 GB
[  834.1s] IOs:    360248855  IOPS:   431923  Throughput:  1687.2 MB/s  Total: 1374.24 GB
[  834.4s] IOs:    360349652  IOPS:   431866  Throughput:  1687.0 MB/s  Total: 1374.62 GB
[  834.6s] IOs:    360449999  IOPS:   431901  Throughput:  1687.1 MB/s  Total: 1375.01 GB
[  834.9s] IOs:    360550875  IOPS:   431849  Throughput:  1686.9 MB/s  Total: 1375.39 GB
[  835.1s] IOs:    360651291  IOPS:   431876  Throughput:  1687.0 MB/s  Total: 1375.78 GB
[  835.5s] IOs:    360751445  IOPS:   431803  Throughput:  1686.7 MB/s  Total: 1376.16 GB
[  835.6s] IOs:    360852307  IOPS:   431834  Throughput:  1686.9 MB/s  Total: 1376.54 GB
[  835.9s] IOs:    360952924  IOPS:   431821  Throughput:  1686.8 MB/s  Total: 1376.93 GB
[  836.1s] IOs:    361053453  IOPS:   431831  Throughput:  1686.8 MB/s  Total: 1377.31 GB
[  836.4s] IOs:    361154325  IOPS:   431819  Throughput:  1686.8 MB/s  Total: 1377.69 GB
[  836.5s] IOs:    361254711  IOPS:   431845  Throughput:  1686.9 MB/s  Total: 1378.08 GB
[  836.8s] IOs:    361354941  IOPS:   431832  Throughput:  1686.8 MB/s  Total: 1378.46 GB
[  837.0s] IOs:    361455373  IOPS:   431865  Throughput:  1687.0 MB/s  Total: 1378.84 GB
[  837.2s] IOs:    361555627  IOPS:   431884  Throughput:  1687.0 MB/s  Total: 1379.23 GB
[  837.5s] IOs:    361655644  IOPS:   431849  Throughput:  1686.9 MB/s  Total: 1379.61 GB
[  837.7s] IOs:    361756418  IOPS:   431869  Throughput:  1687.0 MB/s  Total: 1379.99 GB
[  838.0s] IOs:    361856949  IOPS:   431827  Throughput:  1686.8 MB/s  Total: 1380.37 GB
[  838.1s] IOs:    361957568  IOPS:   431861  Throughput:  1687.0 MB/s  Total: 1380.76 GB
[  838.4s] IOs:    362057632  IOPS:   431868  Throughput:  1687.0 MB/s  Total: 1381.14 GB
[  838.5s] IOs:    362158513  IOPS:   431890  Throughput:  1687.1 MB/s  Total: 1381.53 GB
[  838.7s] IOs:    362258561  IOPS:   431910  Throughput:  1687.1 MB/s  Total: 1381.91 GB
[  839.0s] IOs:    362359294  IOPS:   431907  Throughput:  1687.1 MB/s  Total: 1382.29 GB
[  839.1s] IOs:    362459656  IOPS:   431940  Throughput:  1687.3 MB/s  Total: 1382.67 GB
[  839.4s] IOs:    362560224  IOPS:   431933  Throughput:  1687.2 MB/s  Total: 1383.06 GB
[  839.6s] IOs:    362660484  IOPS:   431960  Throughput:  1687.3 MB/s  Total: 1383.44 GB
[  839.8s] IOs:    362760593  IOPS:   431967  Throughput:  1687.4 MB/s  Total: 1383.82 GB
[  840.0s] IOs:    362861138  IOPS:   431991  Throughput:  1687.5 MB/s  Total: 1384.21 GB
[  840.3s] IOs:    362961541  IOPS:   431933  Throughput:  1687.2 MB/s  Total: 1384.59 GB
[  840.5s] IOs:    363062162  IOPS:   431959  Throughput:  1687.3 MB/s  Total: 1384.97 GB
[  840.8s] IOs:    363162584  IOPS:   431906  Throughput:  1687.1 MB/s  Total: 1385.36 GB
[  841.0s] IOs:    363263506  IOPS:   431928  Throughput:  1687.2 MB/s  Total: 1385.74 GB
[  841.4s] IOs:    363364060  IOPS:   431872  Throughput:  1687.0 MB/s  Total: 1386.12 GB
[  841.6s] IOs:    363464722  IOPS:   431884  Throughput:  1687.0 MB/s  Total: 1386.51 GB
[  841.9s] IOs:    363565130  IOPS:   431860  Throughput:  1687.0 MB/s  Total: 1386.89 GB
[  842.0s] IOs:    363665618  IOPS:   431890  Throughput:  1687.1 MB/s  Total: 1387.27 GB
[  842.4s] IOs:    363766453  IOPS:   431829  Throughput:  1686.8 MB/s  Total: 1387.66 GB
[  842.6s] IOs:    363867345  IOPS:   431850  Throughput:  1686.9 MB/s  Total: 1388.04 GB
[  842.8s] IOs:    363967988  IOPS:   431831  Throughput:  1686.8 MB/s  Total: 1388.43 GB
[  843.0s] IOs:    364068367  IOPS:   431855  Throughput:  1686.9 MB/s  Total: 1388.81 GB
[  843.3s] IOs:    364169175  IOPS:   431835  Throughput:  1686.9 MB/s  Total: 1389.20 GB
[  843.5s] IOs:    364269962  IOPS:   431846  Throughput:  1686.9 MB/s  Total: 1389.58 GB
[  843.7s] IOs:    364370943  IOPS:   431863  Throughput:  1687.0 MB/s  Total: 1389.96 GB
[  844.0s] IOs:    364471595  IOPS:   431856  Throughput:  1686.9 MB/s  Total: 1390.35 GB
[  844.2s] IOs:    364572125  IOPS:   431877  Throughput:  1687.0 MB/s  Total: 1390.73 GB
[  844.4s] IOs:    364672396  IOPS:   431894  Throughput:  1687.1 MB/s  Total: 1391.11 GB
[  844.6s] IOs:    364773121  IOPS:   431913  Throughput:  1687.2 MB/s  Total: 1391.50 GB
[  844.7s] IOs:    364874092  IOPS:   431940  Throughput:  1687.3 MB/s  Total: 1391.88 GB
[  845.2s] IOs:    364974849  IOPS:   431825  Throughput:  1686.8 MB/s  Total: 1392.27 GB
[Reader] Parsed 59000000 lines, distributed 365010173 writes, unique 429.60 GB, skipped 0
[  845.4s] IOs:    365075698  IOPS:   431846  Throughput:  1686.9 MB/s  Total: 1392.65 GB
[  845.9s] IOs:    365176212  IOPS:   431713  Throughput:  1686.4 MB/s  Total: 1393.04 GB
[  846.1s] IOs:    365277141  IOPS:   431716  Throughput:  1686.4 MB/s  Total: 1393.42 GB
[  846.5s] IOs:    365377790  IOPS:   431642  Throughput:  1686.1 MB/s  Total: 1393.81 GB
[  846.8s] IOs:    365478549  IOPS:   431577  Throughput:  1685.8 MB/s  Total: 1394.19 GB
[  847.0s] IOs:    365578999  IOPS:   431599  Throughput:  1685.9 MB/s  Total: 1394.57 GB
[  847.5s] IOs:    365679462  IOPS:   431471  Throughput:  1685.4 MB/s  Total: 1394.96 GB
[  847.8s] IOs:    365780290  IOPS:   431435  Throughput:  1685.3 MB/s  Total: 1395.34 GB
[  848.1s] IOs:    365880449  IOPS:   431430  Throughput:  1685.3 MB/s  Total: 1395.72 GB
[  848.4s] IOs:    365981365  IOPS:   431372  Throughput:  1685.0 MB/s  Total: 1396.11 GB
[  848.6s] IOs:    366081771  IOPS:   431397  Throughput:  1685.1 MB/s  Total: 1396.49 GB
[  848.9s] IOs:    366182560  IOPS:   431342  Throughput:  1684.9 MB/s  Total: 1396.88 GB
[  849.2s] IOs:    366283394  IOPS:   431347  Throughput:  1684.9 MB/s  Total: 1397.26 GB
[  849.5s] IOs:    366383732  IOPS:   431318  Throughput:  1684.8 MB/s  Total: 1397.64 GB
[  854.2s] IOs:    366484140  IOPS:   429041  Throughput:  1675.9 MB/s  Total: 1398.03 GB
[  854.5s] IOs:    366584737  IOPS:   429012  Throughput:  1675.8 MB/s  Total: 1398.41 GB
[  854.7s] IOs:    366685303  IOPS:   429018  Throughput:  1675.9 MB/s  Total: 1398.79 GB
[  855.0s] IOs:    366785928  IOPS:   429011  Throughput:  1675.8 MB/s  Total: 1399.18 GB
[  855.2s] IOs:    366886865  IOPS:   428989  Throughput:  1675.7 MB/s  Total: 1399.56 GB
[  855.5s] IOs:    366987859  IOPS:   428996  Throughput:  1675.8 MB/s  Total: 1399.95 GB
[  855.9s] IOs:    367088177  IOPS:   428915  Throughput:  1675.4 MB/s  Total: 1400.33 GB
[  856.1s] IOs:    367188831  IOPS:   428924  Throughput:  1675.5 MB/s  Total: 1400.71 GB
[  856.3s] IOs:    367289299  IOPS:   428932  Throughput:  1675.5 MB/s  Total: 1401.10 GB
[  856.5s] IOs:    367389864  IOPS:   428924  Throughput:  1675.5 MB/s  Total: 1401.48 GB
[  856.9s] IOs:    367490266  IOPS:   428877  Throughput:  1675.3 MB/s  Total: 1401.86 GB
[  857.1s] IOs:    367590795  IOPS:   428887  Throughput:  1675.3 MB/s  Total: 1402.25 GB
[  857.5s] IOs:    367691513  IOPS:   428775  Throughput:  1674.9 MB/s  Total: 1402.63 GB
[  857.8s] IOs:    367792159  IOPS:   428742  Throughput:  1674.8 MB/s  Total: 1403.02 GB
[  858.1s] IOs:    367892746  IOPS:   428753  Throughput:  1674.8 MB/s  Total: 1403.40 GB
[  858.4s] IOs:    367992766  IOPS:   428675  Throughput:  1674.5 MB/s  Total: 1403.78 GB
[  858.7s] IOs:    368093495  IOPS:   428644  Throughput:  1674.4 MB/s  Total: 1404.17 GB
[  859.0s] IOs:    368194299  IOPS:   428655  Throughput:  1674.4 MB/s  Total: 1404.55 GB
[  859.5s] IOs:    368295278  IOPS:   428487  Throughput:  1673.8 MB/s  Total: 1404.93 GB
[  859.8s] IOs:    368395816  IOPS:   428483  Throughput:  1673.8 MB/s  Total: 1405.32 GB
[  860.0s] IOs:    368496419  IOPS:   428491  Throughput:  1673.8 MB/s  Total: 1405.70 GB
[  860.5s] IOs:    368597361  IOPS:   428366  Throughput:  1673.3 MB/s  Total: 1406.09 GB
[  860.8s] IOs:    368698194  IOPS:   428318  Throughput:  1673.1 MB/s  Total: 1406.47 GB
[  861.0s] IOs:    368798961  IOPS:   428318  Throughput:  1673.1 MB/s  Total: 1406.86 GB
[  861.4s] IOs:    368899771  IOPS:   428252  Throughput:  1672.9 MB/s  Total: 1407.24 GB
[  861.8s] IOs:    369000166  IOPS:   428158  Throughput:  1672.5 MB/s  Total: 1407.62 GB
[  862.1s] IOs:    369100588  IOPS:   428161  Throughput:  1672.5 MB/s  Total: 1408.01 GB
[  862.4s] IOs:    369200913  IOPS:   428132  Throughput:  1672.4 MB/s  Total: 1408.39 GB
[  862.6s] IOs:    369301399  IOPS:   428114  Throughput:  1672.3 MB/s  Total: 1408.77 GB
[  862.9s] IOs:    369401936  IOPS:   428082  Throughput:  1672.2 MB/s  Total: 1409.16 GB
[  863.2s] IOs:    369502330  IOPS:   428082  Throughput:  1672.2 MB/s  Total: 1409.54 GB
[  863.4s] IOs:    369603054  IOPS:   428059  Throughput:  1672.1 MB/s  Total: 1409.92 GB
[  863.7s] IOs:    369703770  IOPS:   428056  Throughput:  1672.1 MB/s  Total: 1410.31 GB
[  864.7s] IOs:    369804304  IOPS:   427652  Throughput:  1670.5 MB/s  Total: 1410.69 GB
[  865.5s] IOs:    369905252  IOPS:   427369  Throughput:  1669.4 MB/s  Total: 1411.08 GB
[  866.5s] IOs:    370006069  IOPS:   427035  Throughput:  1668.1 MB/s  Total: 1411.46 GB
[  867.4s] IOs:    370106904  IOPS:   426695  Throughput:  1666.8 MB/s  Total: 1411.85 GB
[  868.5s] IOs:    370207728  IOPS:   426283  Throughput:  1665.2 MB/s  Total: 1412.23 GB
[  869.2s] IOs:    370308706  IOPS:   426035  Throughput:  1664.2 MB/s  Total: 1412.62 GB
[  869.8s] IOs:    370409366  IOPS:   425863  Throughput:  1663.5 MB/s  Total: 1413.00 GB
[  870.3s] IOs:    370510120  IOPS:   425715  Throughput:  1662.9 MB/s  Total: 1413.38 GB
[  871.1s] IOs:    370610808  IOPS:   425457  Throughput:  1661.9 MB/s  Total: 1413.77 GB
[  871.6s] IOs:    370711401  IOPS:   425302  Throughput:  1661.3 MB/s  Total: 1414.15 GB
[  872.3s] IOs:    370812363  IOPS:   425074  Throughput:  1660.4 MB/s  Total: 1414.54 GB
[  872.7s] IOs:    370913207  IOPS:   425032  Throughput:  1660.3 MB/s  Total: 1414.92 GB
[  873.2s] IOs:    371013542  IOPS:   424908  Throughput:  1659.8 MB/s  Total: 1415.30 GB
[  873.6s] IOs:    371114104  IOPS:   424811  Throughput:  1659.4 MB/s  Total: 1415.69 GB
[  874.0s] IOs:    371214546  IOPS:   424736  Throughput:  1659.1 MB/s  Total: 1416.07 GB
[  874.3s] IOs:    371314954  IOPS:   424692  Throughput:  1659.0 MB/s  Total: 1416.45 GB
[  875.1s] IOs:    371415599  IOPS:   424406  Throughput:  1657.8 MB/s  Total: 1416.84 GB
[  876.1s] IOs:    371516215  IOPS:   424041  Throughput:  1656.4 MB/s  Total: 1417.22 GB
[  876.9s] IOs:    371617038  IOPS:   423805  Throughput:  1655.5 MB/s  Total: 1417.61 GB
[  877.7s] IOs:    371717586  IOPS:   423502  Throughput:  1654.3 MB/s  Total: 1417.99 GB
[  878.2s] IOs:    371818531  IOPS:   423390  Throughput:  1653.9 MB/s  Total: 1418.38 GB
[  878.9s] IOs:    371919188  IOPS:   423146  Throughput:  1652.9 MB/s  Total: 1418.76 GB
[  879.7s] IOs:    372019998  IOPS:   422892  Throughput:  1651.9 MB/s  Total: 1419.14 GB
[  880.3s] IOs:    372120758  IOPS:   422739  Throughput:  1651.3 MB/s  Total: 1419.53 GB
[  880.8s] IOs:    372221449  IOPS:   422613  Throughput:  1650.8 MB/s  Total: 1419.91 GB
[  881.4s] IOs:    372322068  IOPS:   422408  Throughput:  1650.0 MB/s  Total: 1420.30 GB
[  881.8s] IOs:    372422569  IOPS:   422359  Throughput:  1649.8 MB/s  Total: 1420.68 GB
[  882.5s] IOs:    372523301  IOPS:   422130  Throughput:  1648.9 MB/s  Total: 1421.06 GB
[  882.8s] IOs:    372623704  IOPS:   422081  Throughput:  1648.8 MB/s  Total: 1421.45 GB
[  883.4s] IOs:    372724361  IOPS:   421910  Throughput:  1648.1 MB/s  Total: 1421.83 GB
[  883.9s] IOs:    372824580  IOPS:   421782  Throughput:  1647.6 MB/s  Total: 1422.21 GB
[  884.3s] IOs:    372925178  IOPS:   421734  Throughput:  1647.4 MB/s  Total: 1422.60 GB
[  884.9s] IOs:    373025394  IOPS:   421542  Throughput:  1646.6 MB/s  Total: 1422.98 GB
[  885.2s] IOs:    373126333  IOPS:   421497  Throughput:  1646.5 MB/s  Total: 1423.36 GB
[  885.8s] IOs:    373226900  IOPS:   421363  Throughput:  1645.9 MB/s  Total: 1423.75 GB
[  886.1s] IOs:    373327721  IOPS:   421295  Throughput:  1645.7 MB/s  Total: 1424.13 GB
[  886.4s] IOs:    373428090  IOPS:   421295  Throughput:  1645.7 MB/s  Total: 1424.52 GB
[  886.9s] IOs:    373528994  IOPS:   421139  Throughput:  1645.1 MB/s  Total: 1424.90 GB
[  887.2s] IOs:    373629549  IOPS:   421115  Throughput:  1645.0 MB/s  Total: 1425.28 GB
[  887.6s] IOs:    373729974  IOPS:   421066  Throughput:  1644.8 MB/s  Total: 1425.67 GB
[  888.0s] IOs:    373830503  IOPS:   420958  Throughput:  1644.4 MB/s  Total: 1426.05 GB
[  888.3s] IOs:    373931381  IOPS:   420950  Throughput:  1644.3 MB/s  Total: 1426.44 GB
[  888.7s] IOs:    374032313  IOPS:   420853  Throughput:  1644.0 MB/s  Total: 1426.82 GB
[  889.0s] IOs:    374133127  IOPS:   420831  Throughput:  1643.9 MB/s  Total: 1427.20 GB
[  889.4s] IOs:    374233774  IOPS:   420792  Throughput:  1643.7 MB/s  Total: 1427.59 GB
[  889.7s] IOs:    374334438  IOPS:   420734  Throughput:  1643.5 MB/s  Total: 1427.97 GB
[  890.0s] IOs:    374435203  IOPS:   420721  Throughput:  1643.4 MB/s  Total: 1428.36 GB
[  890.4s] IOs:    374535924  IOPS:   420628  Throughput:  1643.1 MB/s  Total: 1428.74 GB
[  890.7s] IOs:    374636561  IOPS:   420617  Throughput:  1643.0 MB/s  Total: 1429.13 GB
[  890.9s] IOs:    374736991  IOPS:   420612  Throughput:  1643.0 MB/s  Total: 1429.51 GB
[  891.3s] IOs:    374837700  IOPS:   420556  Throughput:  1642.8 MB/s  Total: 1429.89 GB
[  891.6s] IOs:    374938621  IOPS:   420525  Throughput:  1642.7 MB/s  Total: 1430.28 GB
[  892.1s] IOs:    375039530  IOPS:   420408  Throughput:  1642.2 MB/s  Total: 1430.66 GB
[  892.4s] IOs:    375140199  IOPS:   420367  Throughput:  1642.1 MB/s  Total: 1431.05 GB
[  892.9s] IOs:    375240531  IOPS:   420267  Throughput:  1641.7 MB/s  Total: 1431.43 GB
[Reader] Parsed 60000000 lines, distributed 375340565 writes, unique 447.19 GB, skipped 0
[  893.2s] IOs:    375340728  IOPS:   420215  Throughput:  1641.5 MB/s  Total: 1431.81 GB
[  893.4s] IOs:    375441331  IOPS:   420220  Throughput:  1641.5 MB/s  Total: 1432.20 GB
[  893.9s] IOs:    375542078  IOPS:   420106  Throughput:  1641.0 MB/s  Total: 1432.58 GB
[  894.3s] IOs:    375642779  IOPS:   420063  Throughput:  1640.9 MB/s  Total: 1432.96 GB
[  894.6s] IOs:    375743678  IOPS:   420030  Throughput:  1640.7 MB/s  Total: 1433.35 GB
[  895.0s] IOs:    375843680  IOPS:   419932  Throughput:  1640.4 MB/s  Total: 1433.73 GB
[  895.3s] IOs:    375944449  IOPS:   419906  Throughput:  1640.3 MB/s  Total: 1434.11 GB
[  895.7s] IOs:    376045117  IOPS:   419830  Throughput:  1640.0 MB/s  Total: 1434.50 GB
[  896.3s] IOs:    376145782  IOPS:   419655  Throughput:  1639.3 MB/s  Total: 1434.88 GB
[  896.6s] IOs:    376246659  IOPS:   419632  Throughput:  1639.2 MB/s  Total: 1435.27 GB
[  896.9s] IOs:    376347367  IOPS:   419618  Throughput:  1639.1 MB/s  Total: 1435.65 GB
[  897.3s] IOs:    376447978  IOPS:   419519  Throughput:  1638.7 MB/s  Total: 1436.04 GB
[  897.8s] IOs:    376548838  IOPS:   419433  Throughput:  1638.4 MB/s  Total: 1436.42 GB
[  898.1s] IOs:    376649673  IOPS:   419367  Throughput:  1638.2 MB/s  Total: 1436.80 GB
[  898.4s] IOs:    376750111  IOPS:   419367  Throughput:  1638.2 MB/s  Total: 1437.19 GB
[  898.9s] IOs:    376850914  IOPS:   419240  Throughput:  1637.7 MB/s  Total: 1437.57 GB
[  899.2s] IOs:    376951336  IOPS:   419197  Throughput:  1637.5 MB/s  Total: 1437.96 GB
[  899.5s] IOs:    377051972  IOPS:   419160  Throughput:  1637.3 MB/s  Total: 1438.34 GB
[  899.9s] IOs:    377152616  IOPS:   419109  Throughput:  1637.1 MB/s  Total: 1438.72 GB
[  900.2s] IOs:    377253445  IOPS:   419067  Throughput:  1637.0 MB/s  Total: 1439.11 GB
[  900.5s] IOs:    377354016  IOPS:   419034  Throughput:  1636.9 MB/s  Total: 1439.49 GB
[  900.8s] IOs:    377454773  IOPS:   419016  Throughput:  1636.8 MB/s  Total: 1439.88 GB
[  901.1s] IOs:    377554837  IOPS:   419004  Throughput:  1636.7 MB/s  Total: 1440.26 GB
[  901.6s] IOs:    377655801  IOPS:   418876  Throughput:  1636.2 MB/s  Total: 1440.64 GB
[  901.9s] IOs:    377756489  IOPS:   418828  Throughput:  1636.0 MB/s  Total: 1441.03 GB
[  902.5s] IOs:    377857081  IOPS:   418662  Throughput:  1635.4 MB/s  Total: 1441.41 GB
[  902.8s] IOs:    377957592  IOPS:   418658  Throughput:  1635.4 MB/s  Total: 1441.79 GB
[  903.3s] IOs:    378058261  IOPS:   418550  Throughput:  1635.0 MB/s  Total: 1442.18 GB
[  903.5s] IOs:    378158882  IOPS:   418528  Throughput:  1634.9 MB/s  Total: 1442.56 GB
[  903.9s] IOs:    378259605  IOPS:   418470  Throughput:  1634.7 MB/s  Total: 1442.95 GB
[  904.4s] IOs:    378360211  IOPS:   418360  Throughput:  1634.2 MB/s  Total: 1443.33 GB
[  904.7s] IOs:    378460887  IOPS:   418328  Throughput:  1634.1 MB/s  Total: 1443.71 GB
[  905.0s] IOs:    378561786  IOPS:   418306  Throughput:  1634.0 MB/s  Total: 1444.10 GB
[  905.3s] IOs:    378662512  IOPS:   418252  Throughput:  1633.8 MB/s  Total: 1444.48 GB
[  905.6s] IOs:    378763401  IOPS:   418225  Throughput:  1633.7 MB/s  Total: 1444.87 GB
[  906.0s] IOs:    378864002  IOPS:   418166  Throughput:  1633.5 MB/s  Total: 1445.25 GB
[  906.3s] IOs:    378964483  IOPS:   418165  Throughput:  1633.5 MB/s  Total: 1445.63 GB
[  906.5s] IOs:    379064967  IOPS:   418156  Throughput:  1633.4 MB/s  Total: 1446.02 GB
[  906.8s] IOs:    379165698  IOPS:   418123  Throughput:  1633.3 MB/s  Total: 1446.40 GB
[  907.1s] IOs:    379266268  IOPS:   418113  Throughput:  1633.3 MB/s  Total: 1446.79 GB
[  907.4s] IOs:    379366902  IOPS:   418076  Throughput:  1633.1 MB/s  Total: 1447.17 GB
[  907.7s] IOs:    379467214  IOPS:   418035  Throughput:  1632.9 MB/s  Total: 1447.55 GB
[  908.0s] IOs:    379567889  IOPS:   418032  Throughput:  1632.9 MB/s  Total: 1447.94 GB
[  908.3s] IOs:    379668691  IOPS:   417994  Throughput:  1632.8 MB/s  Total: 1448.32 GB
[  909.0s] IOs:    379769655  IOPS:   417810  Throughput:  1632.1 MB/s  Total: 1448.71 GB
[  909.3s] IOs:    379870422  IOPS:   417783  Throughput:  1632.0 MB/s  Total: 1449.09 GB
[  909.7s] IOs:    379971115  IOPS:   417681  Throughput:  1631.6 MB/s  Total: 1449.47 GB
[  910.1s] IOs:    380071882  IOPS:   417624  Throughput:  1631.3 MB/s  Total: 1449.86 GB
[  910.5s] IOs:    380172307  IOPS:   417559  Throughput:  1631.1 MB/s  Total: 1450.24 GB
[  910.9s] IOs:    380273140  IOPS:   417491  Throughput:  1630.8 MB/s  Total: 1450.63 GB
[  911.2s] IOs:    380373533  IOPS:   417421  Throughput:  1630.5 MB/s  Total: 1451.01 GB
[  911.6s] IOs:    380474025  IOPS:   417391  Throughput:  1630.4 MB/s  Total: 1451.39 GB
[  911.9s] IOs:    380574468  IOPS:   417341  Throughput:  1630.2 MB/s  Total: 1451.78 GB
[  912.3s] IOs:    380675458  IOPS:   417283  Throughput:  1630.0 MB/s  Total: 1452.16 GB
[  912.5s] IOs:    380776443  IOPS:   417289  Throughput:  1630.0 MB/s  Total: 1452.55 GB
[  914.1s] IOs:    380877228  IOPS:   416686  Throughput:  1627.7 MB/s  Total: 1452.93 GB
[  914.8s] IOs:    380978006  IOPS:   416450  Throughput:  1626.8 MB/s  Total: 1453.32 GB
[  915.4s] IOs:    381078691  IOPS:   416313  Throughput:  1626.2 MB/s  Total: 1453.70 GB
[  916.0s] IOs:    381179268  IOPS:   416134  Throughput:  1625.5 MB/s  Total: 1454.08 GB
[  916.9s] IOs:    381280189  IOPS:   415836  Throughput:  1624.4 MB/s  Total: 1454.47 GB
[  917.4s] IOs:    381380772  IOPS:   415710  Throughput:  1623.9 MB/s  Total: 1454.85 GB
[  917.8s] IOs:    381481389  IOPS:   415626  Throughput:  1623.5 MB/s  Total: 1455.24 GB
[  918.6s] IOs:    381582255  IOPS:   415412  Throughput:  1622.7 MB/s  Total: 1455.62 GB
[  919.4s] IOs:    381682526  IOPS:   415139  Throughput:  1621.6 MB/s  Total: 1456.00 GB
[  919.9s] IOs:    381783129  IOPS:   415038  Throughput:  1621.2 MB/s  Total: 1456.39 GB
[  920.5s] IOs:    381883957  IOPS:   414880  Throughput:  1620.6 MB/s  Total: 1456.77 GB
[  920.9s] IOs:    381984654  IOPS:   414813  Throughput:  1620.4 MB/s  Total: 1457.16 GB
[  921.5s] IOs:    382085199  IOPS:   414640  Throughput:  1619.7 MB/s  Total: 1457.54 GB
[  921.9s] IOs:    382185835  IOPS:   414570  Throughput:  1619.4 MB/s  Total: 1457.92 GB
[  922.6s] IOs:    382286589  IOPS:   414362  Throughput:  1618.6 MB/s  Total: 1458.31 GB
[  922.9s] IOs:    382387167  IOPS:   414315  Throughput:  1618.4 MB/s  Total: 1458.69 GB
[  923.4s] IOs:    382488071  IOPS:   414211  Throughput:  1618.0 MB/s  Total: 1459.08 GB
[  924.0s] IOs:    382588903  IOPS:   414038  Throughput:  1617.3 MB/s  Total: 1459.46 GB
[  924.3s] IOs:    382689120  IOPS:   414029  Throughput:  1617.3 MB/s  Total: 1459.84 GB
[  924.5s] IOs:    382789752  IOPS:   414031  Throughput:  1617.3 MB/s  Total: 1460.23 GB
[  925.1s] IOs:    382890686  IOPS:   413878  Throughput:  1616.7 MB/s  Total: 1460.61 GB
[  925.5s] IOs:    382991331  IOPS:   413818  Throughput:  1616.5 MB/s  Total: 1461.00 GB
[  925.9s] IOs:    383092304  IOPS:   413758  Throughput:  1616.2 MB/s  Total: 1461.38 GB
[  926.3s] IOs:    383193132  IOPS:   413674  Throughput:  1615.9 MB/s  Total: 1461.77 GB
[  926.6s] IOs:    383293563  IOPS:   413660  Throughput:  1615.9 MB/s  Total: 1462.15 GB
[  927.2s] IOs:    383393658  IOPS:   413490  Throughput:  1615.2 MB/s  Total: 1462.53 GB
[  927.5s] IOs:    383494066  IOPS:   413453  Throughput:  1615.0 MB/s  Total: 1462.91 GB
[  927.8s] IOs:    383594581  IOPS:   413455  Throughput:  1615.1 MB/s  Total: 1463.30 GB
[  928.1s] IOs:    383694832  IOPS:   413428  Throughput:  1615.0 MB/s  Total: 1463.68 GB
[  928.5s] IOs:    383795812  IOPS:   413363  Throughput:  1614.7 MB/s  Total: 1464.06 GB
[  928.7s] IOs:    383896422  IOPS:   413356  Throughput:  1614.7 MB/s  Total: 1464.45 GB
[  929.0s] IOs:    383997298  IOPS:   413343  Throughput:  1614.6 MB/s  Total: 1464.83 GB
[  929.4s] IOs:    384097811  IOPS:   413292  Throughput:  1614.4 MB/s  Total: 1465.22 GB
[  929.6s] IOs:    384198156  IOPS:   413301  Throughput:  1614.5 MB/s  Total: 1465.60 GB
[  930.0s] IOs:    384298929  IOPS:   413244  Throughput:  1614.2 MB/s  Total: 1465.98 GB
[  930.3s] IOs:    384399477  IOPS:   413196  Throughput:  1614.0 MB/s  Total: 1466.37 GB
[  930.5s] IOs:    384499878  IOPS:   413202  Throughput:  1614.1 MB/s  Total: 1466.75 GB
[  930.9s] IOs:    384600634  IOPS:   413144  Throughput:  1613.8 MB/s  Total: 1467.13 GB
[  931.2s] IOs:    384701024  IOPS:   413119  Throughput:  1613.7 MB/s  Total: 1467.52 GB
[  931.5s] IOs:    384801868  IOPS:   413109  Throughput:  1613.7 MB/s  Total: 1467.90 GB
[  931.9s] IOs:    384902421  IOPS:   413034  Throughput:  1613.4 MB/s  Total: 1468.29 GB
[  932.2s] IOs:    385003076  IOPS:   412996  Throughput:  1613.3 MB/s  Total: 1468.67 GB
[  932.6s] IOs:    385103752  IOPS:   412938  Throughput:  1613.0 MB/s  Total: 1469.05 GB
[  932.8s] IOs:    385204552  IOPS:   412935  Throughput:  1613.0 MB/s  Total: 1469.44 GB
[  933.3s] IOs:    385304696  IOPS:   412839  Throughput:  1612.7 MB/s  Total: 1469.82 GB
[  933.6s] IOs:    385405000  IOPS:   412826  Throughput:  1612.6 MB/s  Total: 1470.20 GB
[  934.1s] IOs:    385505754  IOPS:   412712  Throughput:  1612.2 MB/s  Total: 1470.59 GB
[  934.5s] IOs:    385606764  IOPS:   412629  Throughput:  1611.8 MB/s  Total: 1470.97 GB
[  934.9s] IOs:    385707478  IOPS:   412564  Throughput:  1611.6 MB/s  Total: 1471.36 GB
[  935.3s] IOs:    385808180  IOPS:   412480  Throughput:  1611.2 MB/s  Total: 1471.74 GB
[  935.7s] IOs:    385908949  IOPS:   412448  Throughput:  1611.1 MB/s  Total: 1472.13 GB
[  936.1s] IOs:    386009641  IOPS:   412380  Throughput:  1610.9 MB/s  Total: 1472.51 GB
[  936.4s] IOs:    386110153  IOPS:   412344  Throughput:  1610.7 MB/s  Total: 1472.89 GB
[  936.7s] IOs:    386210804  IOPS:   412324  Throughput:  1610.6 MB/s  Total: 1473.28 GB
[  937.0s] IOs:    386311478  IOPS:   412290  Throughput:  1610.5 MB/s  Total: 1473.66 GB
[  937.4s] IOs:    386411795  IOPS:   412233  Throughput:  1610.3 MB/s  Total: 1474.04 GB
[  937.6s] IOs:    386512290  IOPS:   412241  Throughput:  1610.3 MB/s  Total: 1474.43 GB
[  937.9s] IOs:    386612872  IOPS:   412194  Throughput:  1610.1 MB/s  Total: 1474.81 GB
[  938.6s] IOs:    386713067  IOPS:   412003  Throughput:  1609.4 MB/s  Total: 1475.19 GB
[  938.9s] IOs:    386813242  IOPS:   411995  Throughput:  1609.4 MB/s  Total: 1475.58 GB
[  939.1s] IOs:    386913319  IOPS:   411983  Throughput:  1609.3 MB/s  Total: 1475.96 GB
[  939.5s] IOs:    387014021  IOPS:   411919  Throughput:  1609.1 MB/s  Total: 1476.34 GB
[  939.8s] IOs:    387114733  IOPS:   411926  Throughput:  1609.1 MB/s  Total: 1476.73 GB
[  940.1s] IOs:    387215246  IOPS:   411888  Throughput:  1608.9 MB/s  Total: 1477.11 GB
[  940.5s] IOs:    387315824  IOPS:   411808  Throughput:  1608.6 MB/s  Total: 1477.49 GB
[  940.8s] IOs:    387416611  IOPS:   411791  Throughput:  1608.6 MB/s  Total: 1477.88 GB
[Reader] Parsed 61000000 lines, distributed 387455755 writes, unique 469.38 GB, skipped 0
[  941.1s] IOs:    387517200  IOPS:   411789  Throughput:  1608.6 MB/s  Total: 1478.26 GB
[  941.4s] IOs:    387617812  IOPS:   411751  Throughput:  1608.4 MB/s  Total: 1478.64 GB
[  941.6s] IOs:    387718247  IOPS:   411757  Throughput:  1608.4 MB/s  Total: 1479.03 GB
[  942.0s] IOs:    387818764  IOPS:   411704  Throughput:  1608.2 MB/s  Total: 1479.41 GB
[  942.2s] IOs:    387919640  IOPS:   411714  Throughput:  1608.3 MB/s  Total: 1479.80 GB
[  942.5s] IOs:    388020052  IOPS:   411701  Throughput:  1608.2 MB/s  Total: 1480.18 GB
[  942.7s] IOs:    388120681  IOPS:   411708  Throughput:  1608.2 MB/s  Total: 1480.56 GB
[  943.0s] IOs:    388221412  IOPS:   411691  Throughput:  1608.2 MB/s  Total: 1480.95 GB
[  943.2s] IOs:    388322214  IOPS:   411699  Throughput:  1608.2 MB/s  Total: 1481.33 GB
[  943.4s] IOs:    388422884  IOPS:   411706  Throughput:  1608.2 MB/s  Total: 1481.72 GB
[  943.7s] IOs:    388523460  IOPS:   411720  Throughput:  1608.3 MB/s  Total: 1482.10 GB
[  944.3s] IOs:    388623467  IOPS:   411563  Throughput:  1607.7 MB/s  Total: 1482.48 GB
[  944.5s] IOs:    388723993  IOPS:   411557  Throughput:  1607.6 MB/s  Total: 1482.86 GB
[  945.2s] IOs:    388824719  IOPS:   411379  Throughput:  1606.9 MB/s  Total: 1483.25 GB
[  945.5s] IOs:    388925704  IOPS:   411358  Throughput:  1606.9 MB/s  Total: 1483.63 GB
[  945.9s] IOs:    389026610  IOPS:   411266  Throughput:  1606.5 MB/s  Total: 1484.02 GB
[  946.2s] IOs:    389127560  IOPS:   411244  Throughput:  1606.4 MB/s  Total: 1484.40 GB
[  946.7s] IOs:    389227954  IOPS:   411151  Throughput:  1606.1 MB/s  Total: 1484.79 GB
[  947.2s] IOs:    389328731  IOPS:   411051  Throughput:  1605.7 MB/s  Total: 1485.17 GB
[  947.4s] IOs:    389429379  IOPS:   411041  Throughput:  1605.6 MB/s  Total: 1485.56 GB
[  947.7s] IOs:    389529824  IOPS:   411038  Throughput:  1605.6 MB/s  Total: 1485.94 GB
[  948.1s] IOs:    389630302  IOPS:   410980  Throughput:  1605.4 MB/s  Total: 1486.32 GB
[  948.4s] IOs:    389731148  IOPS:   410920  Throughput:  1605.2 MB/s  Total: 1486.71 GB
[  948.7s] IOs:    389831930  IOPS:   410920  Throughput:  1605.2 MB/s  Total: 1487.09 GB
[  949.3s] IOs:    389932590  IOPS:   410740  Throughput:  1604.5 MB/s  Total: 1487.47 GB
[  949.7s] IOs:    390033196  IOPS:   410700  Throughput:  1604.3 MB/s  Total: 1487.86 GB
[  950.5s] IOs:    390133843  IOPS:   410470  Throughput:  1603.4 MB/s  Total: 1488.24 GB
[  951.0s] IOs:    390234670  IOPS:   410331  Throughput:  1602.9 MB/s  Total: 1488.63 GB
[  951.5s] IOs:    390335351  IOPS:   410227  Throughput:  1602.5 MB/s  Total: 1489.01 GB
[  952.1s] IOs:    390435520  IOPS:   410071  Throughput:  1601.8 MB/s  Total: 1489.39 GB
[  952.5s] IOs:    390535834  IOPS:   409992  Throughput:  1601.5 MB/s  Total: 1489.78 GB
[  953.1s] IOs:    390636154  IOPS:   409862  Throughput:  1601.0 MB/s  Total: 1490.16 GB
[  953.5s] IOs:    390736902  IOPS:   409796  Throughput:  1600.8 MB/s  Total: 1490.54 GB
[  954.1s] IOs:    390837672  IOPS:   409632  Throughput:  1600.1 MB/s  Total: 1490.93 GB
[  954.4s] IOs:    390938248  IOPS:   409615  Throughput:  1600.1 MB/s  Total: 1491.31 GB
[  954.7s] IOs:    391038983  IOPS:   409605  Throughput:  1600.0 MB/s  Total: 1491.70 GB
[  955.2s] IOs:    391139914  IOPS:   409499  Throughput:  1599.6 MB/s  Total: 1492.08 GB
[  955.5s] IOs:    391240641  IOPS:   409454  Throughput:  1599.4 MB/s  Total: 1492.46 GB
[  956.0s] IOs:    391341305  IOPS:   409360  Throughput:  1599.1 MB/s  Total: 1492.85 GB
[  956.2s] IOs:    391442093  IOPS:   409370  Throughput:  1599.1 MB/s  Total: 1493.23 GB
[  956.7s] IOs:    391542905  IOPS:   409250  Throughput:  1598.6 MB/s  Total: 1493.62 GB
[  957.0s] IOs:    391643146  IOPS:   409245  Throughput:  1598.6 MB/s  Total: 1494.00 GB
[  957.2s] IOs:    391743663  IOPS:   409239  Throughput:  1598.6 MB/s  Total: 1494.38 GB
[  957.5s] IOs:    391844154  IOPS:   409215  Throughput:  1598.5 MB/s  Total: 1494.77 GB
[  958.1s] IOs:    391944649  IOPS:   409086  Throughput:  1598.0 MB/s  Total: 1495.15 GB
[  958.3s] IOs:    392045413  IOPS:   409098  Throughput:  1598.0 MB/s  Total: 1495.53 GB
[  958.6s] IOs:    392146227  IOPS:   409073  Throughput:  1597.9 MB/s  Total: 1495.92 GB
[  958.9s] IOs:    392246931  IOPS:   409053  Throughput:  1597.9 MB/s  Total: 1496.30 GB
[  959.1s] IOs:    392347343  IOPS:   409065  Throughput:  1597.9 MB/s  Total: 1496.69 GB
[  959.5s] IOs:    392447995  IOPS:   409021  Throughput:  1597.7 MB/s  Total: 1497.07 GB
[  959.8s] IOs:    392548789  IOPS:   409003  Throughput:  1597.7 MB/s  Total: 1497.45 GB
[  960.2s] IOs:    392649180  IOPS:   408932  Throughput:  1597.4 MB/s  Total: 1497.84 GB
[  960.4s] IOs:    392749998  IOPS:   408936  Throughput:  1597.4 MB/s  Total: 1498.22 GB
[  960.7s] IOs:    392850437  IOPS:   408917  Throughput:  1597.3 MB/s  Total: 1498.61 GB
[  960.9s] IOs:    392951240  IOPS:   408927  Throughput:  1597.4 MB/s  Total: 1498.99 GB
[  961.2s] IOs:    393051840  IOPS:   408926  Throughput:  1597.4 MB/s  Total: 1499.37 GB
[  961.5s] IOs:    393152364  IOPS:   408913  Throughput:  1597.3 MB/s  Total: 1499.76 GB
[  961.7s] IOs:    393252748  IOPS:   408911  Throughput:  1597.3 MB/s  Total: 1500.14 GB
[  961.9s] IOs:    393353581  IOPS:   408919  Throughput:  1597.3 MB/s  Total: 1500.52 GB
[  962.2s] IOs:    393454288  IOPS:   408913  Throughput:  1597.3 MB/s  Total: 1500.91 GB
[  962.5s] IOs:    393554989  IOPS:   408869  Throughput:  1597.1 MB/s  Total: 1501.29 GB
[  962.8s] IOs:    393655982  IOPS:   408868  Throughput:  1597.1 MB/s  Total: 1501.68 GB
[  963.4s] IOs:    393756600  IOPS:   408719  Throughput:  1596.6 MB/s  Total: 1502.06 GB
[  963.6s] IOs:    393857492  IOPS:   408735  Throughput:  1596.6 MB/s  Total: 1502.45 GB
[  964.2s] IOs:    393958375  IOPS:   408587  Throughput:  1596.0 MB/s  Total: 1502.83 GB
[  964.6s] IOs:    394058722  IOPS:   408508  Throughput:  1595.7 MB/s  Total: 1503.21 GB
[  965.0s] IOs:    394159393  IOPS:   408461  Throughput:  1595.6 MB/s  Total: 1503.60 GB
[  965.2s] IOs:    394259966  IOPS:   408460  Throughput:  1595.5 MB/s  Total: 1503.98 GB
[  965.8s] IOs:    394360828  IOPS:   408334  Throughput:  1595.1 MB/s  Total: 1504.37 GB
[  966.1s] IOs:    394461186  IOPS:   408314  Throughput:  1595.0 MB/s  Total: 1504.75 GB
[  966.4s] IOs:    394562038  IOPS:   408279  Throughput:  1594.8 MB/s  Total: 1505.13 GB
[  966.8s] IOs:    394662257  IOPS:   408233  Throughput:  1594.7 MB/s  Total: 1505.52 GB
[  967.1s] IOs:    394762387  IOPS:   408177  Throughput:  1594.4 MB/s  Total: 1505.90 GB
[  967.6s] IOs:    394862404  IOPS:   408081  Throughput:  1594.1 MB/s  Total: 1506.28 GB
[  967.9s] IOs:    394963222  IOPS:   408077  Throughput:  1594.1 MB/s  Total: 1506.67 GB
[  968.2s] IOs:    395064086  IOPS:   408040  Throughput:  1593.9 MB/s  Total: 1507.05 GB
[  968.8s] IOs:    395164661  IOPS:   407902  Throughput:  1593.4 MB/s  Total: 1507.43 GB
[  969.1s] IOs:    395265459  IOPS:   407873  Throughput:  1593.3 MB/s  Total: 1507.82 GB
[  969.7s] IOs:    395365461  IOPS:   407737  Throughput:  1592.7 MB/s  Total: 1508.20 GB
[  970.0s] IOs:    395466161  IOPS:   407691  Throughput:  1592.5 MB/s  Total: 1508.58 GB
[  970.4s] IOs:    395566840  IOPS:   407623  Throughput:  1592.3 MB/s  Total: 1508.97 GB
[  970.8s] IOs:    395667316  IOPS:   407568  Throughput:  1592.1 MB/s  Total: 1509.35 GB
[  971.1s] IOs:    395767971  IOPS:   407533  Throughput:  1591.9 MB/s  Total: 1509.73 GB
[  971.5s] IOs:    395868725  IOPS:   407465  Throughput:  1591.7 MB/s  Total: 1510.12 GB
[  971.9s] IOs:    395969462  IOPS:   407424  Throughput:  1591.5 MB/s  Total: 1510.50 GB
[  972.3s] IOs:    396070370  IOPS:   407367  Throughput:  1591.3 MB/s  Total: 1510.89 GB
[  972.5s] IOs:    396170893  IOPS:   407355  Throughput:  1591.2 MB/s  Total: 1511.27 GB
[  972.8s] IOs:    396271390  IOPS:   407353  Throughput:  1591.2 MB/s  Total: 1511.66 GB
[  973.1s] IOs:    396371906  IOPS:   407314  Throughput:  1591.1 MB/s  Total: 1512.04 GB
[  973.4s] IOs:    396472458  IOPS:   407312  Throughput:  1591.1 MB/s  Total: 1512.42 GB
[  973.7s] IOs:    396573262  IOPS:   407264  Throughput:  1590.9 MB/s  Total: 1512.81 GB
[  974.1s] IOs:    396673777  IOPS:   407231  Throughput:  1590.7 MB/s  Total: 1513.19 GB
[  974.4s] IOs:    396774388  IOPS:   407206  Throughput:  1590.6 MB/s  Total: 1513.57 GB
[  974.7s] IOs:    396874863  IOPS:   407197  Throughput:  1590.6 MB/s  Total: 1513.96 GB
[  975.2s] IOs:    396975459  IOPS:   407081  Throughput:  1590.2 MB/s  Total: 1514.34 GB
[  975.4s] IOs:    397076291  IOPS:   407080  Throughput:  1590.2 MB/s  Total: 1514.73 GB
[  975.7s] IOs:    397177118  IOPS:   407063  Throughput:  1590.1 MB/s  Total: 1515.11 GB
[  976.0s] IOs:    397277651  IOPS:   407029  Throughput:  1590.0 MB/s  Total: 1515.49 GB
[  976.4s] IOs:    397378337  IOPS:   406982  Throughput:  1589.8 MB/s  Total: 1515.88 GB
[  976.7s] IOs:    397478941  IOPS:   406973  Throughput:  1589.7 MB/s  Total: 1516.26 GB
[  977.0s] IOs:    397579793  IOPS:   406923  Throughput:  1589.5 MB/s  Total: 1516.65 GB
[  977.3s] IOs:    397680600  IOPS:   406918  Throughput:  1589.5 MB/s  Total: 1517.03 GB
[  977.6s] IOs:    397781217  IOPS:   406888  Throughput:  1589.4 MB/s  Total: 1517.41 GB
[  977.9s] IOs:    397882182  IOPS:   406889  Throughput:  1589.4 MB/s  Total: 1517.80 GB
[  978.3s] IOs:    397982729  IOPS:   406795  Throughput:  1589.0 MB/s  Total: 1518.18 GB
[  978.5s] IOs:    398083414  IOPS:   406812  Throughput:  1589.1 MB/s  Total: 1518.57 GB
[Reader] Parsed 62000000 lines, distributed 398087206 writes, unique 485.94 GB, skipped 0
[  978.8s] IOs:    398183819  IOPS:   406798  Throughput:  1589.1 MB/s  Total: 1518.95 GB
[  979.2s] IOs:    398284512  IOPS:   406758  Throughput:  1588.9 MB/s  Total: 1519.33 GB
[  979.4s] IOs:    398385456  IOPS:   406747  Throughput:  1588.9 MB/s  Total: 1519.72 GB
[  979.8s] IOs:    398486261  IOPS:   406720  Throughput:  1588.7 MB/s  Total: 1520.10 GB
[  980.1s] IOs:    398586939  IOPS:   406691  Throughput:  1588.6 MB/s  Total: 1520.49 GB
[  980.3s] IOs:    398687832  IOPS:   406695  Throughput:  1588.7 MB/s  Total: 1520.87 GB
[  980.6s] IOs:    398788324  IOPS:   406671  Throughput:  1588.6 MB/s  Total: 1521.26 GB
[  980.9s] IOs:    398888591  IOPS:   406654  Throughput:  1588.5 MB/s  Total: 1521.64 GB
[  981.1s] IOs:    398988775  IOPS:   406656  Throughput:  1588.5 MB/s  Total: 1522.02 GB
[  981.5s] IOs:    399088847  IOPS:   406620  Throughput:  1588.4 MB/s  Total: 1522.40 GB
[  981.7s] IOs:    399189427  IOPS:   406628  Throughput:  1588.4 MB/s  Total: 1522.79 GB
[  982.1s] IOs:    399290113  IOPS:   406569  Throughput:  1588.2 MB/s  Total: 1523.17 GB
[  982.3s] IOs:    399390855  IOPS:   406568  Throughput:  1588.2 MB/s  Total: 1523.56 GB
[  982.6s] IOs:    399491509  IOPS:   406560  Throughput:  1588.1 MB/s  Total: 1523.94 GB
[  982.8s] IOs:    399592167  IOPS:   406571  Throughput:  1588.2 MB/s  Total: 1524.32 GB
[  983.1s] IOs:    399692674  IOPS:   406557  Throughput:  1588.1 MB/s  Total: 1524.71 GB
[  983.4s] IOs:    399793263  IOPS:   406558  Throughput:  1588.1 MB/s  Total: 1525.09 GB
[  983.7s] IOs:    399894008  IOPS:   406538  Throughput:  1588.0 MB/s  Total: 1525.47 GB
[  983.9s] IOs:    399994975  IOPS:   406545  Throughput:  1588.1 MB/s  Total: 1525.86 GB
[  984.2s] IOs:    400095488  IOPS:   406524  Throughput:  1588.0 MB/s  Total: 1526.24 GB
[  984.6s] IOs:    400195975  IOPS:   406472  Throughput:  1587.8 MB/s  Total: 1526.63 GB
[  984.8s] IOs:    400296642  IOPS:   406461  Throughput:  1587.7 MB/s  Total: 1527.01 GB
[  985.1s] IOs:    400397486  IOPS:   406443  Throughput:  1587.7 MB/s  Total: 1527.40 GB
[  985.4s] IOs:    400498078  IOPS:   406448  Throughput:  1587.7 MB/s  Total: 1527.78 GB
[  985.8s] IOs:    400598464  IOPS:   406354  Throughput:  1587.3 MB/s  Total: 1528.16 GB
[  986.1s] IOs:    400699219  IOPS:   406350  Throughput:  1587.3 MB/s  Total: 1528.55 GB
[  986.3s] IOs:    400799830  IOPS:   406361  Throughput:  1587.3 MB/s  Total: 1528.93 GB
[  986.7s] IOs:    400900432  IOPS:   406311  Throughput:  1587.2 MB/s  Total: 1529.31 GB
[  987.1s] IOs:    401000987  IOPS:   406244  Throughput:  1586.9 MB/s  Total: 1529.70 GB
[  987.4s] IOs:    401101457  IOPS:   406238  Throughput:  1586.9 MB/s  Total: 1530.08 GB
[  987.6s] IOs:    401201968  IOPS:   406231  Throughput:  1586.8 MB/s  Total: 1530.46 GB
[  987.9s] IOs:    401302353  IOPS:   406232  Throughput:  1586.8 MB/s  Total: 1530.85 GB
[  988.2s] IOs:    401403108  IOPS:   406201  Throughput:  1586.7 MB/s  Total: 1531.23 GB
[  988.5s] IOs:    401503731  IOPS:   406157  Throughput:  1586.6 MB/s  Total: 1531.62 GB
[  989.1s] IOs:    401604555  IOPS:   406015  Throughput:  1586.0 MB/s  Total: 1532.00 GB
[  989.8s] IOs:    401705565  IOPS:   405854  Throughput:  1585.4 MB/s  Total: 1532.39 GB
[  990.4s] IOs:    401806117  IOPS:   405688  Throughput:  1584.7 MB/s  Total: 1532.77 GB
[  990.8s] IOs:    401906840  IOPS:   405659  Throughput:  1584.6 MB/s  Total: 1533.15 GB
[  991.4s] IOs:    402007506  IOPS:   405515  Throughput:  1584.0 MB/s  Total: 1533.54 GB
[  992.0s] IOs:    402108437  IOPS:   405356  Throughput:  1583.4 MB/s  Total: 1533.92 GB
[  992.2s] IOs:    402209389  IOPS:   405351  Throughput:  1583.4 MB/s  Total: 1534.31 GB
[  992.8s] IOs:    402310192  IOPS:   405219  Throughput:  1582.9 MB/s  Total: 1534.69 GB
[  993.7s] IOs:    402410202  IOPS:   404967  Throughput:  1581.9 MB/s  Total: 1535.07 GB
[  994.1s] IOs:    402510672  IOPS:   404887  Throughput:  1581.6 MB/s  Total: 1535.46 GB
[  994.9s] IOs:    402610856  IOPS:   404691  Throughput:  1580.8 MB/s  Total: 1535.84 GB
[  995.1s] IOs:    402711143  IOPS:   404675  Throughput:  1580.8 MB/s  Total: 1536.22 GB
[  995.8s] IOs:    402811735  IOPS:   404521  Throughput:  1580.2 MB/s  Total: 1536.60 GB
[  996.4s] IOs:    402912629  IOPS:   404378  Throughput:  1579.6 MB/s  Total: 1536.99 GB
[  996.8s] IOs:    403013226  IOPS:   404315  Throughput:  1579.4 MB/s  Total: 1537.37 GB
[  997.3s] IOs:    403114064  IOPS:   404186  Throughput:  1578.9 MB/s  Total: 1537.76 GB
[  997.8s] IOs:    403214277  IOPS:   404123  Throughput:  1578.6 MB/s  Total: 1538.14 GB
[  998.5s] IOs:    403315168  IOPS:   403930  Throughput:  1577.9 MB/s  Total: 1538.53 GB
[  998.7s] IOs:    403415681  IOPS:   403948  Throughput:  1577.9 MB/s  Total: 1538.91 GB
[  999.2s] IOs:    403516203  IOPS:   403835  Throughput:  1577.5 MB/s  Total: 1539.29 GB
[  999.7s] IOs:    403616642  IOPS:   403719  Throughput:  1577.0 MB/s  Total: 1539.68 GB
[ 1000.1s] IOs:    403717096  IOPS:   403660  Throughput:  1576.8 MB/s  Total: 1540.06 GB
[ 1000.4s] IOs:    403817771  IOPS:   403672  Throughput:  1576.8 MB/s  Total: 1540.44 GB
[ 1001.3s] IOs:    403917804  IOPS:   403400  Throughput:  1575.8 MB/s  Total: 1540.82 GB
[ 1001.6s] IOs:    404017840  IOPS:   403389  Throughput:  1575.7 MB/s  Total: 1541.21 GB
[ 1001.8s] IOs:    404118088  IOPS:   403379  Throughput:  1575.7 MB/s  Total: 1541.59 GB
[ 1002.2s] IOs:    404219072  IOPS:   403343  Throughput:  1575.6 MB/s  Total: 1541.97 GB
[ 1002.6s] IOs:    404319814  IOPS:   403263  Throughput:  1575.2 MB/s  Total: 1542.36 GB
[ 1002.9s] IOs:    404420445  IOPS:   403243  Throughput:  1575.2 MB/s  Total: 1542.74 GB
[ 1003.3s] IOs:    404521212  IOPS:   403192  Throughput:  1575.0 MB/s  Total: 1543.13 GB
[ 1003.8s] IOs:    404622003  IOPS:   403088  Throughput:  1574.6 MB/s  Total: 1543.51 GB
[ 1004.1s] IOs:    404722742  IOPS:   403071  Throughput:  1574.5 MB/s  Total: 1543.89 GB
[ 1004.4s] IOs:    404822774  IOPS:   403066  Throughput:  1574.5 MB/s  Total: 1544.28 GB
[ 1004.8s] IOs:    404923523  IOPS:   402997  Throughput:  1574.2 MB/s  Total: 1544.66 GB
[ 1005.2s] IOs:    405024118  IOPS:   402947  Throughput:  1574.0 MB/s  Total: 1545.04 GB
[ 1005.4s] IOs:    405124710  IOPS:   402957  Throughput:  1574.1 MB/s  Total: 1545.43 GB
[ 1005.7s] IOs:    405225279  IOPS:   402917  Throughput:  1573.9 MB/s  Total: 1545.81 GB
[ 1006.1s] IOs:    405326039  IOPS:   402868  Throughput:  1573.7 MB/s  Total: 1546.20 GB
[ 1006.3s] IOs:    405426822  IOPS:   402872  Throughput:  1573.7 MB/s  Total: 1546.58 GB
[ 1006.7s] IOs:    405527355  IOPS:   402834  Throughput:  1573.6 MB/s  Total: 1546.96 GB
[ 1006.9s] IOs:    405628069  IOPS:   402844  Throughput:  1573.6 MB/s  Total: 1547.35 GB
[ 1007.2s] IOs:    405728861  IOPS:   402822  Throughput:  1573.5 MB/s  Total: 1547.73 GB
[ 1007.4s] IOs:    405829639  IOPS:   402836  Throughput:  1573.6 MB/s  Total: 1548.12 GB
[ 1007.8s] IOs:    405930119  IOPS:   402792  Throughput:  1573.4 MB/s  Total: 1548.50 GB
[ 1008.1s] IOs:    406031037  IOPS:   402784  Throughput:  1573.4 MB/s  Total: 1548.89 GB
[ 1008.3s] IOs:    406131535  IOPS:   402788  Throughput:  1573.4 MB/s  Total: 1549.27 GB
[ 1008.6s] IOs:    406232218  IOPS:   402773  Throughput:  1573.3 MB/s  Total: 1549.65 GB
[ 1008.8s] IOs:    406332781  IOPS:   402786  Throughput:  1573.4 MB/s  Total: 1550.04 GB
[ 1009.1s] IOs:    406433697  IOPS:   402772  Throughput:  1573.3 MB/s  Total: 1550.42 GB
[ 1009.3s] IOs:    406534390  IOPS:   402791  Throughput:  1573.4 MB/s  Total: 1550.81 GB
[ 1009.6s] IOs:    406635220  IOPS:   402774  Throughput:  1573.3 MB/s  Total: 1551.19 GB
[ 1009.9s] IOs:    406735775  IOPS:   402729  Throughput:  1573.2 MB/s  Total: 1551.57 GB
[ 1010.2s] IOs:    406836465  IOPS:   402748  Throughput:  1573.2 MB/s  Total: 1551.96 GB
[ 1010.3s] IOs:    406936478  IOPS:   402778  Throughput:  1573.4 MB/s  Total: 1552.34 GB
[ 1010.9s] IOs:    407037276  IOPS:   402632  Throughput:  1572.8 MB/s  Total: 1552.72 GB
[ 1011.1s] IOs:    407138092  IOPS:   402663  Throughput:  1572.9 MB/s  Total: 1553.11 GB
[ 1011.3s] IOs:    407238580  IOPS:   402682  Throughput:  1573.0 MB/s  Total: 1553.49 GB
[ 1012.0s] IOs:    407339303  IOPS:   402526  Throughput:  1572.4 MB/s  Total: 1553.88 GB
[ 1012.1s] IOs:    407439934  IOPS:   402552  Throughput:  1572.5 MB/s  Total: 1554.26 GB
[ 1012.7s] IOs:    407540908  IOPS:   402441  Throughput:  1572.0 MB/s  Total: 1554.65 GB
[ 1012.9s] IOs:    407641700  IOPS:   402468  Throughput:  1572.1 MB/s  Total: 1555.03 GB
[ 1013.2s] IOs:    407742088  IOPS:   402434  Throughput:  1572.0 MB/s  Total: 1555.41 GB
[ 1013.7s] IOs:    407842815  IOPS:   402328  Throughput:  1571.6 MB/s  Total: 1555.80 GB
[ 1014.2s] IOs:    407943344  IOPS:   402227  Throughput:  1571.2 MB/s  Total: 1556.18 GB
[ 1014.7s] IOs:    408044119  IOPS:   402123  Throughput:  1570.8 MB/s  Total: 1556.56 GB
[ 1015.1s] IOs:    408145050  IOPS:   402058  Throughput:  1570.5 MB/s  Total: 1556.95 GB
[ 1015.4s] IOs:    408245672  IOPS:   402059  Throughput:  1570.5 MB/s  Total: 1557.33 GB
[Reader] Parsed 63000000 lines, distributed 408305086 writes, unique 501.40 GB, skipped 0
[ 1015.9s] IOs:    408346317  IOPS:   401967  Throughput:  1570.2 MB/s  Total: 1557.72 GB
[ 1016.2s] IOs:    408446875  IOPS:   401935  Throughput:  1570.1 MB/s  Total: 1558.10 GB
[ 1016.8s] IOs:    408547570  IOPS:   401796  Throughput:  1569.5 MB/s  Total: 1558.49 GB
[ 1017.0s] IOs:    408648369  IOPS:   401800  Throughput:  1569.5 MB/s  Total: 1558.87 GB
[ 1017.3s] IOs:    408748908  IOPS:   401817  Throughput:  1569.6 MB/s  Total: 1559.25 GB
[ 1017.7s] IOs:    408849416  IOPS:   401724  Throughput:  1569.2 MB/s  Total: 1559.64 GB
[ 1017.9s] IOs:    408949798  IOPS:   401751  Throughput:  1569.3 MB/s  Total: 1560.02 GB
[ 1018.3s] IOs:    409050731  IOPS:   401700  Throughput:  1569.1 MB/s  Total: 1560.40 GB
[ 1020.4s] IOs:    409151335  IOPS:   400978  Throughput:  1566.3 MB/s  Total: 1560.79 GB
[ 1020.6s] IOs:    409252040  IOPS:   401001  Throughput:  1566.4 MB/s  Total: 1561.17 GB
[ 1020.8s] IOs:    409353004  IOPS:   401026  Throughput:  1566.5 MB/s  Total: 1561.56 GB
[ 1021.2s] IOs:    409453964  IOPS:   400936  Throughput:  1566.2 MB/s  Total: 1561.94 GB
[ 1021.8s] IOs:    409554500  IOPS:   400826  Throughput:  1565.7 MB/s  Total: 1562.33 GB
[ 1022.0s] IOs:    409655517  IOPS:   400856  Throughput:  1565.8 MB/s  Total: 1562.71 GB
[ 1022.2s] IOs:    409755946  IOPS:   400848  Throughput:  1565.8 MB/s  Total: 1563.09 GB
[ 1022.6s] IOs:    409856743  IOPS:   400782  Throughput:  1565.6 MB/s  Total: 1563.48 GB
[ 1022.8s] IOs:    409957272  IOPS:   400799  Throughput:  1565.6 MB/s  Total: 1563.86 GB
[ 1023.1s] IOs:    410057950  IOPS:   400780  Throughput:  1565.5 MB/s  Total: 1564.25 GB
[ 1023.3s] IOs:    410158312  IOPS:   400801  Throughput:  1565.6 MB/s  Total: 1564.63 GB
[ 1023.7s] IOs:    410258944  IOPS:   400743  Throughput:  1565.4 MB/s  Total: 1565.01 GB
[ 1024.0s] IOs:    410359290  IOPS:   400724  Throughput:  1565.3 MB/s  Total: 1565.40 GB
[ 1024.2s] IOs:    410459792  IOPS:   400749  Throughput:  1565.4 MB/s  Total: 1565.78 GB
[ 1024.6s] IOs:    410560580  IOPS:   400721  Throughput:  1565.3 MB/s  Total: 1566.16 GB
[ 1024.8s] IOs:    410661254  IOPS:   400738  Throughput:  1565.4 MB/s  Total: 1566.55 GB
[ 1025.1s] IOs:    410761694  IOPS:   400710  Throughput:  1565.3 MB/s  Total: 1566.93 GB
[ 1025.3s] IOs:    410862599  IOPS:   400734  Throughput:  1565.4 MB/s  Total: 1567.32 GB
[ 1025.6s] IOs:    410963338  IOPS:   400700  Throughput:  1565.2 MB/s  Total: 1567.70 GB
[ 1026.0s] IOs:    411064255  IOPS:   400652  Throughput:  1565.0 MB/s  Total: 1568.09 GB
[ 1026.2s] IOs:    411165041  IOPS:   400683  Throughput:  1565.2 MB/s  Total: 1568.47 GB
[ 1026.5s] IOs:    411265054  IOPS:   400630  Throughput:  1565.0 MB/s  Total: 1568.85 GB
[ 1026.9s] IOs:    411365625  IOPS:   400601  Throughput:  1564.8 MB/s  Total: 1569.24 GB
[ 1027.1s] IOs:    411466113  IOPS:   400610  Throughput:  1564.9 MB/s  Total: 1569.62 GB
[ 1027.3s] IOs:    411566594  IOPS:   400639  Throughput:  1565.0 MB/s  Total: 1570.00 GB
[ 1027.6s] IOs:    411667077  IOPS:   400611  Throughput:  1564.9 MB/s  Total: 1570.39 GB
[ 1027.8s] IOs:    411767844  IOPS:   400632  Throughput:  1565.0 MB/s  Total: 1570.77 GB
[ 1028.1s] IOs:    411868517  IOPS:   400610  Throughput:  1564.9 MB/s  Total: 1571.15 GB
[ 1028.3s] IOs:    411969364  IOPS:   400632  Throughput:  1565.0 MB/s  Total: 1571.54 GB
[ 1028.6s] IOs:    412070281  IOPS:   400613  Throughput:  1564.9 MB/s  Total: 1571.92 GB
[ 1028.8s] IOs:    412171173  IOPS:   400641  Throughput:  1565.0 MB/s  Total: 1572.31 GB
[ 1029.1s] IOs:    412271897  IOPS:   400631  Throughput:  1565.0 MB/s  Total: 1572.69 GB
[ 1029.3s] IOs:    412372283  IOPS:   400649  Throughput:  1565.0 MB/s  Total: 1573.08 GB
[ 1029.6s] IOs:    412472824  IOPS:   400630  Throughput:  1565.0 MB/s  Total: 1573.46 GB
[ 1029.7s] IOs:    412573420  IOPS:   400656  Throughput:  1565.1 MB/s  Total: 1573.84 GB
[ 1029.9s] IOs:    412673985  IOPS:   400688  Throughput:  1565.2 MB/s  Total: 1574.23 GB
[ 1030.5s] IOs:    412774875  IOPS:   400566  Throughput:  1564.7 MB/s  Total: 1574.61 GB
[ 1030.7s] IOs:    412875723  IOPS:   400571  Throughput:  1564.7 MB/s  Total: 1575.00 GB
[ 1031.4s] IOs:    412976534  IOPS:   400420  Throughput:  1564.1 MB/s  Total: 1575.38 GB
[ 1031.6s] IOs:    413077071  IOPS:   400406  Throughput:  1564.1 MB/s  Total: 1575.76 GB
[ 1032.3s] IOs:    413177785  IOPS:   400239  Throughput:  1563.4 MB/s  Total: 1576.15 GB
[ 1032.6s] IOs:    413278434  IOPS:   400249  Throughput:  1563.5 MB/s  Total: 1576.53 GB
[ 1032.7s] IOs:    413378922  IOPS:   400278  Throughput:  1563.6 MB/s  Total: 1576.92 GB
[ 1033.3s] IOs:    413479475  IOPS:   400163  Throughput:  1563.1 MB/s  Total: 1577.30 GB
[ 1033.6s] IOs:    413580465  IOPS:   400129  Throughput:  1563.0 MB/s  Total: 1577.68 GB
[ 1033.8s] IOs:    413681161  IOPS:   400157  Throughput:  1563.1 MB/s  Total: 1578.07 GB
[ 1034.3s] IOs:    413781627  IOPS:   400067  Throughput:  1562.8 MB/s  Total: 1578.45 GB
[ 1034.6s] IOs:    413882206  IOPS:   400033  Throughput:  1562.6 MB/s  Total: 1578.84 GB
[ 1034.8s] IOs:    413982932  IOPS:   400060  Throughput:  1562.7 MB/s  Total: 1579.22 GB
[ 1035.3s] IOs:    414083842  IOPS:   399966  Throughput:  1562.4 MB/s  Total: 1579.60 GB
[ 1035.8s] IOs:    414184496  IOPS:   399873  Throughput:  1562.0 MB/s  Total: 1579.99 GB
[ 1036.1s] IOs:    414284920  IOPS:   399846  Throughput:  1561.9 MB/s  Total: 1580.37 GB
[ 1036.3s] IOs:    414385519  IOPS:   399869  Throughput:  1562.0 MB/s  Total: 1580.76 GB
[ 1036.8s] IOs:    414485676  IOPS:   399792  Throughput:  1561.7 MB/s  Total: 1581.14 GB
[ 1037.0s] IOs:    414586259  IOPS:   399812  Throughput:  1561.8 MB/s  Total: 1581.52 GB
[ 1037.3s] IOs:    414686849  IOPS:   399785  Throughput:  1561.7 MB/s  Total: 1581.90 GB
[ 1037.5s] IOs:    414787665  IOPS:   399799  Throughput:  1561.7 MB/s  Total: 1582.29 GB
[ 1037.8s] IOs:    414888240  IOPS:   399772  Throughput:  1561.6 MB/s  Total: 1582.67 GB
[ 1038.1s] IOs:    414989023  IOPS:   399746  Throughput:  1561.5 MB/s  Total: 1583.06 GB
[ 1038.3s] IOs:    415089850  IOPS:   399769  Throughput:  1561.6 MB/s  Total: 1583.44 GB
[ 1038.6s] IOs:    415190490  IOPS:   399743  Throughput:  1561.5 MB/s  Total: 1583.83 GB
[ 1038.8s] IOs:    415291331  IOPS:   399769  Throughput:  1561.6 MB/s  Total: 1584.21 GB
[ 1039.1s] IOs:    415392047  IOPS:   399748  Throughput:  1561.5 MB/s  Total: 1584.59 GB
[ 1039.4s] IOs:    415492788  IOPS:   399761  Throughput:  1561.6 MB/s  Total: 1584.98 GB
[ 1039.6s] IOs:    415593748  IOPS:   399744  Throughput:  1561.5 MB/s  Total: 1585.36 GB
[ 1039.8s] IOs:    415694602  IOPS:   399765  Throughput:  1561.6 MB/s  Total: 1585.75 GB
[ 1040.2s] IOs:    415795232  IOPS:   399735  Throughput:  1561.5 MB/s  Total: 1586.13 GB
[ 1040.5s] IOs:    415895528  IOPS:   399716  Throughput:  1561.4 MB/s  Total: 1586.52 GB
[ 1040.7s] IOs:    415996020  IOPS:   399736  Throughput:  1561.5 MB/s  Total: 1586.90 GB
[ 1040.8s] IOs:    416096237  IOPS:   399770  Throughput:  1561.6 MB/s  Total: 1587.28 GB
[ 1041.1s] IOs:    416196263  IOPS:   399753  Throughput:  1561.5 MB/s  Total: 1587.66 GB
[ 1041.3s] IOs:    416296750  IOPS:   399782  Throughput:  1561.6 MB/s  Total: 1588.05 GB
[ 1041.5s] IOs:    416397500  IOPS:   399813  Throughput:  1561.8 MB/s  Total: 1588.43 GB
[ 1041.8s] IOs:    416497941  IOPS:   399775  Throughput:  1561.6 MB/s  Total: 1588.81 GB
[ 1042.0s] IOs:    416598370  IOPS:   399803  Throughput:  1561.7 MB/s  Total: 1589.20 GB
[ 1042.3s] IOs:    416698772  IOPS:   399806  Throughput:  1561.7 MB/s  Total: 1589.58 GB
[ 1042.4s] IOs:    416798831  IOPS:   399836  Throughput:  1561.9 MB/s  Total: 1589.96 GB
[ 1042.7s] IOs:    416899100  IOPS:   399839  Throughput:  1561.9 MB/s  Total: 1590.34 GB
[ 1042.8s] IOs:    416999629  IOPS:   399869  Throughput:  1562.0 MB/s  Total: 1590.73 GB
[ 1043.1s] IOs:    417100051  IOPS:   399858  Throughput:  1561.9 MB/s  Total: 1591.11 GB
[ 1043.3s] IOs:    417200346  IOPS:   399882  Throughput:  1562.0 MB/s  Total: 1591.49 GB
[ 1043.5s] IOs:    417301284  IOPS:   399910  Throughput:  1562.2 MB/s  Total: 1591.88 GB
[ 1043.8s] IOs:    417401956  IOPS:   399878  Throughput:  1562.0 MB/s  Total: 1592.26 GB
[ 1044.0s] IOs:    417502546  IOPS:   399906  Throughput:  1562.1 MB/s  Total: 1592.65 GB
[ 1044.3s] IOs:    417602810  IOPS:   399903  Throughput:  1562.1 MB/s  Total: 1593.03 GB
[ 1044.4s] IOs:    417703639  IOPS:   399927  Throughput:  1562.2 MB/s  Total: 1593.41 GB
[ 1044.6s] IOs:    417804501  IOPS:   399951  Throughput:  1562.3 MB/s  Total: 1593.80 GB
[ 1044.9s] IOs:    417905114  IOPS:   399963  Throughput:  1562.4 MB/s  Total: 1594.18 GB
[ 1045.0s] IOs:    418005437  IOPS:   399990  Throughput:  1562.5 MB/s  Total: 1594.56 GB
[ 1045.2s] IOs:    418105925  IOPS:   400009  Throughput:  1562.5 MB/s  Total: 1594.95 GB
[ 1045.5s] IOs:    418206568  IOPS:   400009  Throughput:  1562.5 MB/s  Total: 1595.33 GB
[ 1045.7s] IOs:    418307528  IOPS:   400031  Throughput:  1562.6 MB/s  Total: 1595.72 GB
[ 1045.9s] IOs:    418408178  IOPS:   400055  Throughput:  1562.7 MB/s  Total: 1596.10 GB
[ 1046.1s] IOs:    418508904  IOPS:   400081  Throughput:  1562.8 MB/s  Total: 1596.48 GB
[Reader] Parsed 64000000 lines, distributed 418580580 writes, unique 517.84 GB, skipped 0
[ 1046.3s] IOs:    418609088  IOPS:   400089  Throughput:  1562.8 MB/s  Total: 1596.87 GB
[ 1046.5s] IOs:    418709807  IOPS:   400116  Throughput:  1563.0 MB/s  Total: 1597.25 GB
[ 1046.8s] IOs:    418810505  IOPS:   400099  Throughput:  1562.9 MB/s  Total: 1597.64 GB
[ 1047.0s] IOs:    418911346  IOPS:   400118  Throughput:  1563.0 MB/s  Total: 1598.02 GB
[ 1047.2s] IOs:    419011796  IOPS:   400144  Throughput:  1563.1 MB/s  Total: 1598.40 GB
[ 1047.3s] IOs:    419112210  IOPS:   400165  Throughput:  1563.1 MB/s  Total: 1598.79 GB
[ 1047.6s] IOs:    419212953  IOPS:   400182  Throughput:  1563.2 MB/s  Total: 1599.17 GB
[ 1047.8s] IOs:    419313031  IOPS:   400191  Throughput:  1563.2 MB/s  Total: 1599.55 GB
[ 1048.0s] IOs:    419413853  IOPS:   400215  Throughput:  1563.3 MB/s  Total: 1599.94 GB
[ 1048.1s] IOs:    419514348  IOPS:   400243  Throughput:  1563.5 MB/s  Total: 1600.32 GB
[ 1048.3s] IOs:    419614849  IOPS:   400271  Throughput:  1563.6 MB/s  Total: 1600.70 GB
[ 1048.5s] IOs:    419715371  IOPS:   400296  Throughput:  1563.7 MB/s  Total: 1601.09 GB
[ 1048.7s] IOs:    419815910  IOPS:   400321  Throughput:  1563.8 MB/s  Total: 1601.47 GB
[ 1048.9s] IOs:    419916832  IOPS:   400340  Throughput:  1563.8 MB/s  Total: 1601.86 GB
[ 1049.8s] IOs:    420017239  IOPS:   400089  Throughput:  1562.8 MB/s  Total: 1602.24 GB
[ 1050.1s] IOs:    420117911  IOPS:   400069  Throughput:  1562.8 MB/s  Total: 1602.62 GB
[ 1050.3s] IOs:    420218538  IOPS:   400097  Throughput:  1562.9 MB/s  Total: 1603.01 GB
[ 1050.8s] IOs:    420319228  IOPS:   399999  Throughput:  1562.5 MB/s  Total: 1603.39 GB
[ 1051.0s] IOs:    420419720  IOPS:   400027  Throughput:  1562.6 MB/s  Total: 1603.77 GB
[ 1051.3s] IOs:    420520544  IOPS:   400015  Throughput:  1562.6 MB/s  Total: 1604.16 GB
[ 1051.5s] IOs:    420621489  IOPS:   400030  Throughput:  1562.6 MB/s  Total: 1604.54 GB
[ 1051.7s] IOs:    420722137  IOPS:   400028  Throughput:  1562.6 MB/s  Total: 1604.93 GB
[ 1051.9s] IOs:    420822453  IOPS:   400055  Throughput:  1562.7 MB/s  Total: 1605.31 GB
[ 1052.2s] IOs:    420923016  IOPS:   400025  Throughput:  1562.6 MB/s  Total: 1605.69 GB
[ 1052.4s] IOs:    421023681  IOPS:   400047  Throughput:  1562.7 MB/s  Total: 1606.08 GB
[ 1052.7s] IOs:    421124628  IOPS:   400029  Throughput:  1562.6 MB/s  Total: 1606.46 GB
[ 1052.9s] IOs:    421224944  IOPS:   400057  Throughput:  1562.7 MB/s  Total: 1606.85 GB
[ 1053.3s] IOs:    421325584  IOPS:   400022  Throughput:  1562.6 MB/s  Total: 1607.23 GB
[ 1053.4s] IOs:    421425860  IOPS:   400053  Throughput:  1562.7 MB/s  Total: 1607.61 GB
[ 1053.9s] IOs:    421526329  IOPS:   399955  Throughput:  1562.3 MB/s  Total: 1608.00 GB
[ 1058.1s] IOs:    421626881  IOPS:   398480  Throughput:  1556.6 MB/s  Total: 1608.38 GB
[ 1059.7s] IOs:    421727511  IOPS:   397962  Throughput:  1554.5 MB/s  Total: 1608.76 GB
[ 1060.7s] IOs:    421828498  IOPS:   397704  Throughput:  1553.5 MB/s  Total: 1609.15 GB
[ 1061.6s] IOs:    421929041  IOPS:   397434  Throughput:  1552.5 MB/s  Total: 1609.53 GB
[ 1062.7s] IOs:    422029693  IOPS:   397135  Throughput:  1551.3 MB/s  Total: 1609.92 GB
[ 1063.7s] IOs:    422130501  IOPS:   396866  Throughput:  1550.3 MB/s  Total: 1610.30 GB
[ 1064.6s] IOs:    422231480  IOPS:   396609  Throughput:  1549.3 MB/s  Total: 1610.69 GB
[ 1065.8s] IOs:    422332306  IOPS:   396264  Throughput:  1547.9 MB/s  Total: 1611.07 GB
[ 1066.7s] IOs:    422433264  IOPS:   396010  Throughput:  1546.9 MB/s  Total: 1611.46 GB
[ 1067.5s] IOs:    422534029  IOPS:   395804  Throughput:  1546.1 MB/s  Total: 1611.84 GB
[ 1068.2s] IOs:    422634817  IOPS:   395638  Throughput:  1545.5 MB/s  Total: 1612.22 GB
[ 1069.1s] IOs:    422735542  IOPS:   395399  Throughput:  1544.5 MB/s  Total: 1612.61 GB
[ 1069.6s] IOs:    422835563  IOPS:   395312  Throughput:  1544.2 MB/s  Total: 1612.99 GB
[ 1070.3s] IOs:    422936322  IOPS:   395163  Throughput:  1543.6 MB/s  Total: 1613.37 GB
[ 1070.7s] IOs:    423037105  IOPS:   395109  Throughput:  1543.4 MB/s  Total: 1613.76 GB
[ 1071.5s] IOs:    423137689  IOPS:   394893  Throughput:  1542.6 MB/s  Total: 1614.14 GB
[ 1072.1s] IOs:    423238306  IOPS:   394773  Throughput:  1542.1 MB/s  Total: 1614.53 GB
[ 1072.7s] IOs:    423339099  IOPS:   394648  Throughput:  1541.6 MB/s  Total: 1614.91 GB
[ 1073.1s] IOs:    423440105  IOPS:   394578  Throughput:  1541.3 MB/s  Total: 1615.30 GB
[ 1073.7s] IOs:    423540747  IOPS:   394473  Throughput:  1540.9 MB/s  Total: 1615.68 GB
[ 1074.2s] IOs:    423641635  IOPS:   394395  Throughput:  1540.6 MB/s  Total: 1616.06 GB
[ 1074.6s] IOs:    423742491  IOPS:   394320  Throughput:  1540.3 MB/s  Total: 1616.45 GB
[ 1075.1s] IOs:    423843170  IOPS:   394222  Throughput:  1539.9 MB/s  Total: 1616.83 GB
[ 1075.6s] IOs:    423943759  IOPS:   394138  Throughput:  1539.6 MB/s  Total: 1617.22 GB
[ 1076.1s] IOs:    424044416  IOPS:   394044  Throughput:  1539.2 MB/s  Total: 1617.60 GB
[ 1076.4s] IOs:    424145042  IOPS:   394041  Throughput:  1539.2 MB/s  Total: 1617.98 GB
[ 1076.9s] IOs:    424246018  IOPS:   393968  Throughput:  1538.9 MB/s  Total: 1618.37 GB
[ 1077.3s] IOs:    424346432  IOPS:   393890  Throughput:  1538.6 MB/s  Total: 1618.75 GB
[ 1077.7s] IOs:    424447252  IOPS:   393840  Throughput:  1538.4 MB/s  Total: 1619.14 GB
[ 1078.1s] IOs:    424547526  IOPS:   393801  Throughput:  1538.3 MB/s  Total: 1619.52 GB
[ 1078.4s] IOs:    424648351  IOPS:   393764  Throughput:  1538.1 MB/s  Total: 1619.90 GB
[ 1078.7s] IOs:    424749149  IOPS:   393745  Throughput:  1538.1 MB/s  Total: 1620.29 GB
[ 1079.3s] IOs:    424849512  IOPS:   393650  Throughput:  1537.7 MB/s  Total: 1620.67 GB
[ 1079.5s] IOs:    424949990  IOPS:   393645  Throughput:  1537.7 MB/s  Total: 1621.06 GB
[ 1079.8s] IOs:    425050316  IOPS:   393649  Throughput:  1537.7 MB/s  Total: 1621.44 GB
[ 1080.1s] IOs:    425150919  IOPS:   393604  Throughput:  1537.5 MB/s  Total: 1621.82 GB
[ 1080.4s] IOs:    425251281  IOPS:   393606  Throughput:  1537.5 MB/s  Total: 1622.20 GB
[ 1080.9s] IOs:    425351785  IOPS:   393509  Throughput:  1537.1 MB/s  Total: 1622.59 GB
[ 1081.4s] IOs:    425452215  IOPS:   393444  Throughput:  1536.9 MB/s  Total: 1622.97 GB
[ 1081.6s] IOs:    425552994  IOPS:   393445  Throughput:  1536.9 MB/s  Total: 1623.36 GB
[ 1081.9s] IOs:    425653610  IOPS:   393419  Throughput:  1536.8 MB/s  Total: 1623.74 GB
[ 1082.3s] IOs:    425754296  IOPS:   393395  Throughput:  1536.7 MB/s  Total: 1624.12 GB
[ 1082.7s] IOs:    425855017  IOPS:   393338  Throughput:  1536.5 MB/s  Total: 1624.51 GB
[ 1083.1s] IOs:    425955536  IOPS:   393264  Throughput:  1536.2 MB/s  Total: 1624.89 GB
[ 1083.8s] IOs:    426056177  IOPS:   393115  Throughput:  1535.6 MB/s  Total: 1625.28 GB
[ 1084.7s] IOs:    426157151  IOPS:   392872  Throughput:  1534.7 MB/s  Total: 1625.66 GB
[ 1085.5s] IOs:    426258116  IOPS:   392667  Throughput:  1533.9 MB/s  Total: 1626.05 GB
[ 1086.2s] IOs:    426358754  IOPS:   392526  Throughput:  1533.3 MB/s  Total: 1626.43 GB
[ 1087.1s] IOs:    426458786  IOPS:   392304  Throughput:  1532.4 MB/s  Total: 1626.81 GB
[ 1087.7s] IOs:    426559529  IOPS:   392165  Throughput:  1531.9 MB/s  Total: 1627.20 GB
[ 1088.6s] IOs:    426660542  IOPS:   391951  Throughput:  1531.1 MB/s  Total: 1627.58 GB
[ 1089.2s] IOs:    426760545  IOPS:   391814  Throughput:  1530.5 MB/s  Total: 1627.96 GB
[ 1089.9s] IOs:    426860965  IOPS:   391669  Throughput:  1530.0 MB/s  Total: 1628.35 GB
[ 1090.4s] IOs:    426961761  IOPS:   391578  Throughput:  1529.6 MB/s  Total: 1628.73 GB
[ 1090.8s] IOs:    427062487  IOPS:   391496  Throughput:  1529.3 MB/s  Total: 1629.11 GB
[ 1091.8s] IOs:    427162523  IOPS:   391253  Throughput:  1528.3 MB/s  Total: 1629.50 GB
[ 1092.4s] IOs:    427263506  IOPS:   391134  Throughput:  1527.9 MB/s  Total: 1629.88 GB
[ 1093.2s] IOs:    427363666  IOPS:   390933  Throughput:  1527.1 MB/s  Total: 1630.26 GB
[ 1093.8s] IOs:    427464600  IOPS:   390820  Throughput:  1526.6 MB/s  Total: 1630.65 GB
[ 1094.3s] IOs:    427565287  IOPS:   390716  Throughput:  1526.2 MB/s  Total: 1631.03 GB
[ 1094.8s] IOs:    427665784  IOPS:   390619  Throughput:  1525.9 MB/s  Total: 1631.42 GB
[ 1095.6s] IOs:    427766790  IOPS:   390457  Throughput:  1525.2 MB/s  Total: 1631.80 GB
[ 1096.1s] IOs:    427867551  IOPS:   390351  Throughput:  1524.8 MB/s  Total: 1632.19 GB
[ 1096.7s] IOs:    427968450  IOPS:   390245  Throughput:  1524.4 MB/s  Total: 1632.57 GB
[ 1097.1s] IOs:    428069385  IOPS:   390177  Throughput:  1524.1 MB/s  Total: 1632.96 GB
[ 1097.8s] IOs:    428169838  IOPS:   390038  Throughput:  1523.6 MB/s  Total: 1633.34 GB
[ 1098.2s] IOs:    428270344  IOPS:   389982  Throughput:  1523.4 MB/s  Total: 1633.72 GB
[ 1098.8s] IOs:    428370776  IOPS:   389856  Throughput:  1522.9 MB/s  Total: 1634.10 GB
[ 1099.2s] IOs:    428471525  IOPS:   389811  Throughput:  1522.7 MB/s  Total: 1634.49 GB
[ 1099.7s] IOs:    428571833  IOPS:   389723  Throughput:  1522.4 MB/s  Total: 1634.87 GB
[ 1100.4s] IOs:    428672690  IOPS:   389562  Throughput:  1521.7 MB/s  Total: 1635.26 GB
[ 1100.8s] IOs:    428773340  IOPS:   389527  Throughput:  1521.6 MB/s  Total: 1635.64 GB
[ 1101.6s] IOs:    428874086  IOPS:   389314  Throughput:  1520.8 MB/s  Total: 1636.02 GB
[ 1102.2s] IOs:    428974784  IOPS:   389190  Throughput:  1520.3 MB/s  Total: 1636.41 GB
[ 1102.8s] IOs:    429075273  IOPS:   389074  Throughput:  1519.8 MB/s  Total: 1636.79 GB
[ 1103.1s] IOs:    429175843  IOPS:   389055  Throughput:  1519.7 MB/s  Total: 1637.18 GB
[ 1103.6s] IOs:    429276710  IOPS:   388963  Throughput:  1519.4 MB/s  Total: 1637.56 GB
[ 1104.0s] IOs:    429377368  IOPS:   388921  Throughput:  1519.2 MB/s  Total: 1637.94 GB
[ 1104.3s] IOs:    429478374  IOPS:   388899  Throughput:  1519.1 MB/s  Total: 1638.33 GB
[ 1104.8s] IOs:    429579135  IOPS:   388814  Throughput:  1518.8 MB/s  Total: 1638.71 GB
[ 1105.3s] IOs:    429680104  IOPS:   388735  Throughput:  1518.5 MB/s  Total: 1639.10 GB
[ 1105.8s] IOs:    429780109  IOPS:   388648  Throughput:  1518.2 MB/s  Total: 1639.48 GB
[ 1106.2s] IOs:    429880937  IOPS:   388624  Throughput:  1518.1 MB/s  Total: 1639.87 GB
[ 1106.8s] IOs:    429981884  IOPS:   388487  Throughput:  1517.5 MB/s  Total: 1640.25 GB
[ 1107.6s] IOs:    430082715  IOPS:   388298  Throughput:  1516.8 MB/s  Total: 1640.64 GB
[ 1108.2s] IOs:    430183742  IOPS:   388181  Throughput:  1516.3 MB/s  Total: 1641.02 GB
[ 1108.7s] IOs:    430284686  IOPS:   388095  Throughput:  1516.0 MB/s  Total: 1641.41 GB
[ 1109.3s] IOs:    430385148  IOPS:   387978  Throughput:  1515.5 MB/s  Total: 1641.79 GB
[ 1109.8s] IOs:    430486126  IOPS:   387908  Throughput:  1515.3 MB/s  Total: 1642.17 GB
[Reader] Parsed 65000000 lines, distributed 430513452 writes, unique 539.18 GB, skipped 0
[ 1110.3s] IOs:    430587049  IOPS:   387806  Throughput:  1514.9 MB/s  Total: 1642.56 GB
[ 1110.6s] IOs:    430687947  IOPS:   387780  Throughput:  1514.8 MB/s  Total: 1642.94 GB
[ 1110.9s] IOs:    430788407  IOPS:   387786  Throughput:  1514.8 MB/s  Total: 1643.33 GB
[ 1111.1s] IOs:    430888815  IOPS:   387791  Throughput:  1514.8 MB/s  Total: 1643.71 GB
[ 1111.5s] IOs:    430989205  IOPS:   387744  Throughput:  1514.6 MB/s  Total: 1644.09 GB
[ 1112.0s] IOs:    431089989  IOPS:   387681  Throughput:  1514.4 MB/s  Total: 1644.48 GB
[ 1112.3s] IOs:    431190779  IOPS:   387649  Throughput:  1514.3 MB/s  Total: 1644.86 GB
[ 1112.8s] IOs:    431291654  IOPS:   387579  Throughput:  1514.0 MB/s  Total: 1645.25 GB
[ 1113.2s] IOs:    431392582  IOPS:   387523  Throughput:  1513.8 MB/s  Total: 1645.63 GB
[ 1113.5s] IOs:    431493185  IOPS:   387503  Throughput:  1513.7 MB/s  Total: 1646.02 GB
[ 1113.9s] IOs:    431593520  IOPS:   387464  Throughput:  1513.5 MB/s  Total: 1646.40 GB
[ 1114.2s] IOs:    431694335  IOPS:   387446  Throughput:  1513.5 MB/s  Total: 1646.78 GB
[ 1114.4s] IOs:    431795235  IOPS:   387457  Throughput:  1513.5 MB/s  Total: 1647.17 GB
[ 1114.9s] IOs:    431895759  IOPS:   387370  Throughput:  1513.2 MB/s  Total: 1647.55 GB
[ 1115.2s] IOs:    431996249  IOPS:   387376  Throughput:  1513.2 MB/s  Total: 1647.93 GB
[ 1115.6s] IOs:    432096949  IOPS:   387311  Throughput:  1512.9 MB/s  Total: 1648.32 GB
[ 1115.9s] IOs:    432196999  IOPS:   387310  Throughput:  1512.9 MB/s  Total: 1648.70 GB
[ 1116.3s] IOs:    432297618  IOPS:   387264  Throughput:  1512.7 MB/s  Total: 1649.08 GB
[ 1116.8s] IOs:    432398042  IOPS:   387186  Throughput:  1512.4 MB/s  Total: 1649.47 GB
[ 1117.1s] IOs:    432498661  IOPS:   387179  Throughput:  1512.4 MB/s  Total: 1649.85 GB
[ 1117.3s] IOs:    432598879  IOPS:   387167  Throughput:  1512.4 MB/s  Total: 1650.23 GB
[ 1117.9s] IOs:    432699732  IOPS:   387069  Throughput:  1512.0 MB/s  Total: 1650.62 GB
[ 1118.2s] IOs:    432800459  IOPS:   387066  Throughput:  1512.0 MB/s  Total: 1651.00 GB
[ 1118.4s] IOs:    432901144  IOPS:   387073  Throughput:  1512.0 MB/s  Total: 1651.39 GB
[ 1118.9s] IOs:    433001828  IOPS:   387006  Throughput:  1511.7 MB/s  Total: 1651.77 GB
[ 1119.3s] IOs:    433102321  IOPS:   386931  Throughput:  1511.4 MB/s  Total: 1652.15 GB
[ 1119.6s] IOs:    433203149  IOPS:   386914  Throughput:  1511.4 MB/s  Total: 1652.54 GB
[ 1119.9s] IOs:    433303150  IOPS:   386924  Throughput:  1511.4 MB/s  Total: 1652.92 GB
[ 1120.3s] IOs:    433403805  IOPS:   386879  Throughput:  1511.2 MB/s  Total: 1653.30 GB
[ 1120.6s] IOs:    433504134  IOPS:   386842  Throughput:  1511.1 MB/s  Total: 1653.69 GB
[ 1121.0s] IOs:    433604708  IOPS:   386814  Throughput:  1511.0 MB/s  Total: 1654.07 GB
[ 1121.2s] IOs:    433705600  IOPS:   386815  Throughput:  1511.0 MB/s  Total: 1654.46 GB
[ 1121.4s] IOs:    433805687  IOPS:   386826  Throughput:  1511.0 MB/s  Total: 1654.84 GB
[ 1121.8s] IOs:    433906391  IOPS:   386805  Throughput:  1511.0 MB/s  Total: 1655.22 GB
[ 1122.0s] IOs:    434006809  IOPS:   386814  Throughput:  1511.0 MB/s  Total: 1655.60 GB
[ 1122.3s] IOs:    434107356  IOPS:   386792  Throughput:  1510.9 MB/s  Total: 1655.99 GB
[ 1122.7s] IOs:    434207905  IOPS:   386761  Throughput:  1510.8 MB/s  Total: 1656.37 GB
[ 1122.9s] IOs:    434308327  IOPS:   386762  Throughput:  1510.8 MB/s  Total: 1656.75 GB
[ 1123.3s] IOs:    434408927  IOPS:   386730  Throughput:  1510.7 MB/s  Total: 1657.14 GB
[ 1123.5s] IOs:    434509606  IOPS:   386743  Throughput:  1510.7 MB/s  Total: 1657.52 GB
[ 1123.9s] IOs:    434610114  IOPS:   386712  Throughput:  1510.6 MB/s  Total: 1657.91 GB
[ 1124.1s] IOs:    434710853  IOPS:   386703  Throughput:  1510.6 MB/s  Total: 1658.29 GB
[ 1124.5s] IOs:    434811623  IOPS:   386681  Throughput:  1510.5 MB/s  Total: 1658.67 GB
[ 1124.7s] IOs:    434911841  IOPS:   386689  Throughput:  1510.5 MB/s  Total: 1659.06 GB
[ 1124.9s] IOs:    435012650  IOPS:   386700  Throughput:  1510.5 MB/s  Total: 1659.44 GB
[ 1125.3s] IOs:    435113099  IOPS:   386650  Throughput:  1510.4 MB/s  Total: 1659.82 GB
[ 1125.6s] IOs:    435213945  IOPS:   386665  Throughput:  1510.4 MB/s  Total: 1660.21 GB
[ 1125.8s] IOs:    435314535  IOPS:   386665  Throughput:  1510.4 MB/s  Total: 1660.59 GB
[ 1126.0s] IOs:    435415323  IOPS:   386679  Throughput:  1510.5 MB/s  Total: 1660.98 GB
[ 1126.3s] IOs:    435515791  IOPS:   386670  Throughput:  1510.4 MB/s  Total: 1661.36 GB
[ 1126.6s] IOs:    435616639  IOPS:   386676  Throughput:  1510.5 MB/s  Total: 1661.75 GB
[ 1127.1s] IOs:    435717150  IOPS:   386581  Throughput:  1510.1 MB/s  Total: 1662.13 GB
[ 1127.7s] IOs:    435817962  IOPS:   386480  Throughput:  1509.7 MB/s  Total: 1662.51 GB
[ 1128.2s] IOs:    435918610  IOPS:   386399  Throughput:  1509.4 MB/s  Total: 1662.90 GB
[ 1128.7s] IOs:    436019323  IOPS:   386310  Throughput:  1509.0 MB/s  Total: 1663.28 GB
[ 1129.2s] IOs:    436120089  IOPS:   386233  Throughput:  1508.7 MB/s  Total: 1663.67 GB
[ 1129.6s] IOs:    436220694  IOPS:   386167  Throughput:  1508.5 MB/s  Total: 1664.05 GB
[ 1130.1s] IOs:    436321404  IOPS:   386096  Throughput:  1508.2 MB/s  Total: 1664.43 GB
[ 1130.3s] IOs:    436422222  IOPS:   386098  Throughput:  1508.2 MB/s  Total: 1664.82 GB
[ 1130.8s] IOs:    436522659  IOPS:   386035  Throughput:  1507.9 MB/s  Total: 1665.20 GB
[ 1131.2s] IOs:    436623174  IOPS:   385971  Throughput:  1507.7 MB/s  Total: 1665.59 GB
[ 1131.6s] IOs:    436723789  IOPS:   385923  Throughput:  1507.5 MB/s  Total: 1665.97 GB
[ 1131.9s] IOs:    436824341  IOPS:   385934  Throughput:  1507.6 MB/s  Total: 1666.35 GB
[ 1132.4s] IOs:    436925038  IOPS:   385857  Throughput:  1507.3 MB/s  Total: 1666.74 GB
[ 1132.7s] IOs:    437025754  IOPS:   385839  Throughput:  1507.2 MB/s  Total: 1667.12 GB
[ 1132.9s] IOs:    437126252  IOPS:   385852  Throughput:  1507.2 MB/s  Total: 1667.50 GB
[ 1133.3s] IOs:    437226822  IOPS:   385787  Throughput:  1507.0 MB/s  Total: 1667.89 GB
[ 1133.6s] IOs:    437327708  IOPS:   385776  Throughput:  1506.9 MB/s  Total: 1668.27 GB
[ 1134.0s] IOs:    437428560  IOPS:   385754  Throughput:  1506.9 MB/s  Total: 1668.66 GB
[ 1134.4s] IOs:    437529241  IOPS:   385690  Throughput:  1506.6 MB/s  Total: 1669.04 GB
[ 1134.8s] IOs:    437629920  IOPS:   385647  Throughput:  1506.4 MB/s  Total: 1669.43 GB
[ 1135.3s] IOs:    437730697  IOPS:   385552  Throughput:  1506.1 MB/s  Total: 1669.81 GB
[ 1135.7s] IOs:    437831334  IOPS:   385523  Throughput:  1505.9 MB/s  Total: 1670.19 GB
[ 1135.9s] IOs:    437931970  IOPS:   385534  Throughput:  1506.0 MB/s  Total: 1670.58 GB
[ 1136.3s] IOs:    438032633  IOPS:   385476  Throughput:  1505.8 MB/s  Total: 1670.96 GB
[ 1136.7s] IOs:    438133246  IOPS:   385434  Throughput:  1505.6 MB/s  Total: 1671.35 GB
[ 1137.0s] IOs:    438233746  IOPS:   385443  Throughput:  1505.6 MB/s  Total: 1671.73 GB
[ 1137.3s] IOs:    438334156  IOPS:   385406  Throughput:  1505.5 MB/s  Total: 1672.11 GB
[ 1137.7s] IOs:    438434997  IOPS:   385378  Throughput:  1505.4 MB/s  Total: 1672.50 GB
[ 1137.9s] IOs:    438535625  IOPS:   385385  Throughput:  1505.4 MB/s  Total: 1672.88 GB
[ 1138.4s] IOs:    438636479  IOPS:   385320  Throughput:  1505.2 MB/s  Total: 1673.27 GB
[ 1138.6s] IOs:    438737176  IOPS:   385338  Throughput:  1505.2 MB/s  Total: 1673.65 GB
[ 1138.8s] IOs:    438837619  IOPS:   385354  Throughput:  1505.3 MB/s  Total: 1674.03 GB
[ 1139.0s] IOs:    438938336  IOPS:   385370  Throughput:  1505.4 MB/s  Total: 1674.42 GB
[ 1139.4s] IOs:    439038936  IOPS:   385330  Throughput:  1505.2 MB/s  Total: 1674.80 GB
[ 1139.7s] IOs:    439139026  IOPS:   385322  Throughput:  1505.2 MB/s  Total: 1675.18 GB
[ 1140.0s] IOs:    439239472  IOPS:   385305  Throughput:  1505.1 MB/s  Total: 1675.57 GB
[ 1140.2s] IOs:    439339852  IOPS:   385310  Throughput:  1505.1 MB/s  Total: 1675.95 GB
[ 1140.5s] IOs:    439440455  IOPS:   385307  Throughput:  1505.1 MB/s  Total: 1676.33 GB
[ 1140.7s] IOs:    439541146  IOPS:   385320  Throughput:  1505.2 MB/s  Total: 1676.72 GB
[ 1141.1s] IOs:    439641684  IOPS:   385281  Throughput:  1505.0 MB/s  Total: 1677.10 GB
[ 1141.4s] IOs:    439742073  IOPS:   385268  Throughput:  1505.0 MB/s  Total: 1677.48 GB
[ 1141.7s] IOs:    439842630  IOPS:   385254  Throughput:  1504.9 MB/s  Total: 1677.87 GB
[ 1142.0s] IOs:    439942945  IOPS:   385244  Throughput:  1504.9 MB/s  Total: 1678.25 GB
[ 1142.3s] IOs:    440043323  IOPS:   385240  Throughput:  1504.8 MB/s  Total: 1678.63 GB
[ 1142.5s] IOs:    440144177  IOPS:   385244  Throughput:  1504.9 MB/s  Total: 1679.02 GB
[ 1142.8s] IOs:    440244684  IOPS:   385222  Throughput:  1504.8 MB/s  Total: 1679.40 GB
[ 1143.1s] IOs:    440344877  IOPS:   385232  Throughput:  1504.8 MB/s  Total: 1679.78 GB
[ 1143.4s] IOs:    440445646  IOPS:   385203  Throughput:  1504.7 MB/s  Total: 1680.17 GB
[ 1143.6s] IOs:    440546267  IOPS:   385216  Throughput:  1504.7 MB/s  Total: 1680.55 GB
[ 1143.9s] IOs:    440646825  IOPS:   385230  Throughput:  1504.8 MB/s  Total: 1680.93 GB
[ 1144.2s] IOs:    440747680  IOPS:   385209  Throughput:  1504.7 MB/s  Total: 1681.32 GB
[ 1144.5s] IOs:    440848272  IOPS:   385204  Throughput:  1504.7 MB/s  Total: 1681.70 GB
[ 1144.7s] IOs:    440949107  IOPS:   385208  Throughput:  1504.7 MB/s  Total: 1682.09 GB
[ 1144.9s] IOs:    441049685  IOPS:   385220  Throughput:  1504.8 MB/s  Total: 1682.47 GB
[Reader] Parsed 66000000 lines, distributed 441074337 writes, unique 550.18 GB, skipped 0
[ 1145.3s] IOs:    441150076  IOPS:   385186  Throughput:  1504.6 MB/s  Total: 1682.85 GB
[ 1145.5s] IOs:    441250587  IOPS:   385187  Throughput:  1504.6 MB/s  Total: 1683.24 GB
[ 1146.2s] IOs:    441351480  IOPS:   385062  Throughput:  1504.1 MB/s  Total: 1683.62 GB
[ 1146.7s] IOs:    441452019  IOPS:   384964  Throughput:  1503.8 MB/s  Total: 1684.01 GB
[ 1147.3s] IOs:    441552923  IOPS:   384875  Throughput:  1503.4 MB/s  Total: 1684.39 GB
[ 1147.8s] IOs:    441653736  IOPS:   384772  Throughput:  1503.0 MB/s  Total: 1684.78 GB
[ 1148.3s] IOs:    441754262  IOPS:   384716  Throughput:  1502.8 MB/s  Total: 1685.16 GB
[ 1148.8s] IOs:    441854601  IOPS:   384639  Throughput:  1502.5 MB/s  Total: 1685.54 GB
[ 1149.0s] IOs:    441954899  IOPS:   384640  Throughput:  1502.5 MB/s  Total: 1685.92 GB
[ 1149.5s] IOs:    442055581  IOPS:   384578  Throughput:  1502.3 MB/s  Total: 1686.31 GB
[ 1149.9s] IOs:    442156351  IOPS:   384515  Throughput:  1502.0 MB/s  Total: 1686.69 GB
[ 1150.5s] IOs:    442257266  IOPS:   384407  Throughput:  1501.6 MB/s  Total: 1687.08 GB
[ 1150.9s] IOs:    442357880  IOPS:   384346  Throughput:  1501.4 MB/s  Total: 1687.46 GB
[ 1151.2s] IOs:    442458430  IOPS:   384334  Throughput:  1501.3 MB/s  Total: 1687.84 GB
[ 1151.5s] IOs:    442559239  IOPS:   384338  Throughput:  1501.3 MB/s  Total: 1688.23 GB
[ 1152.0s] IOs:    442659834  IOPS:   384249  Throughput:  1501.0 MB/s  Total: 1688.61 GB
[ 1152.3s] IOs:    442760253  IOPS:   384244  Throughput:  1501.0 MB/s  Total: 1689.00 GB
[ 1152.8s] IOs:    442860689  IOPS:   384173  Throughput:  1500.7 MB/s  Total: 1689.38 GB
[ 1153.0s] IOs:    442961194  IOPS:   384171  Throughput:  1500.7 MB/s  Total: 1689.76 GB
[ 1153.3s] IOs:    443061894  IOPS:   384168  Throughput:  1500.7 MB/s  Total: 1690.15 GB
[ 1153.5s] IOs:    443162362  IOPS:   384181  Throughput:  1500.7 MB/s  Total: 1690.53 GB
[ 1154.3s] IOs:    443263014  IOPS:   384015  Throughput:  1500.1 MB/s  Total: 1690.91 GB
[ 1155.3s] IOs:    443363572  IOPS:   383779  Throughput:  1499.1 MB/s  Total: 1691.30 GB
[ 1155.9s] IOs:    443464412  IOPS:   383651  Throughput:  1498.6 MB/s  Total: 1691.68 GB
[ 1156.4s] IOs:    443564951  IOPS:   383582  Throughput:  1498.4 MB/s  Total: 1692.07 GB
[ 1157.2s] IOs:    443664970  IOPS:   383383  Throughput:  1497.6 MB/s  Total: 1692.45 GB
[ 1157.8s] IOs:    443765207  IOPS:   383290  Throughput:  1497.2 MB/s  Total: 1692.83 GB
[ 1158.4s] IOs:    443866009  IOPS:   383166  Throughput:  1496.7 MB/s  Total: 1693.21 GB
[ 1158.9s] IOs:    443966542  IOPS:   383088  Throughput:  1496.4 MB/s  Total: 1693.60 GB
[ 1159.5s] IOs:    444067154  IOPS:   382988  Throughput:  1496.0 MB/s  Total: 1693.98 GB
[ 1159.9s] IOs:    444167902  IOPS:   382930  Throughput:  1495.8 MB/s  Total: 1694.37 GB
[ 1160.7s] IOs:    444268478  IOPS:   382764  Throughput:  1495.2 MB/s  Total: 1694.75 GB
[ 1161.3s] IOs:    444369371  IOPS:   382643  Throughput:  1494.7 MB/s  Total: 1695.13 GB
[ 1161.8s] IOs:    444470118  IOPS:   382576  Throughput:  1494.4 MB/s  Total: 1695.52 GB
[ 1162.3s] IOs:    444570669  IOPS:   382484  Throughput:  1494.1 MB/s  Total: 1695.90 GB
[ 1162.8s] IOs:    444671536  IOPS:   382414  Throughput:  1493.8 MB/s  Total: 1696.29 GB
[ 1163.2s] IOs:    444772302  IOPS:   382354  Throughput:  1493.6 MB/s  Total: 1696.67 GB
[ 1163.7s] IOs:    444873050  IOPS:   382296  Throughput:  1493.3 MB/s  Total: 1697.06 GB
[ 1164.0s] IOs:    444973260  IOPS:   382271  Throughput:  1493.2 MB/s  Total: 1697.44 GB
[ 1164.4s] IOs:    445073621  IOPS:   382227  Throughput:  1493.1 MB/s  Total: 1697.82 GB
[ 1165.0s] IOs:    445174265  IOPS:   382113  Throughput:  1492.6 MB/s  Total: 1698.21 GB
[ 1165.3s] IOs:    445275021  IOPS:   382127  Throughput:  1492.7 MB/s  Total: 1698.59 GB
[ 1165.5s] IOs:    445375654  IOPS:   382141  Throughput:  1492.7 MB/s  Total: 1698.97 GB
[ 1166.0s] IOs:    445475855  IOPS:   382060  Throughput:  1492.4 MB/s  Total: 1699.36 GB
[ 1166.3s] IOs:    445576494  IOPS:   382028  Throughput:  1492.3 MB/s  Total: 1699.74 GB
[ 1166.8s] IOs:    445677470  IOPS:   381975  Throughput:  1492.1 MB/s  Total: 1700.12 GB
[ 1167.1s] IOs:    445778314  IOPS:   381965  Throughput:  1492.1 MB/s  Total: 1700.51 GB
[ 1167.4s] IOs:    445879120  IOPS:   381954  Throughput:  1492.0 MB/s  Total: 1700.89 GB
[ 1167.7s] IOs:    445979866  IOPS:   381932  Throughput:  1491.9 MB/s  Total: 1701.28 GB
[ 1168.0s] IOs:    446079868  IOPS:   381932  Throughput:  1491.9 MB/s  Total: 1701.66 GB
[ 1168.3s] IOs:    446180557  IOPS:   381919  Throughput:  1491.9 MB/s  Total: 1702.04 GB
[ 1168.8s] IOs:    446281343  IOPS:   381840  Throughput:  1491.6 MB/s  Total: 1702.43 GB
[ 1169.1s] IOs:    446381927  IOPS:   381823  Throughput:  1491.5 MB/s  Total: 1702.81 GB
[ 1169.4s] IOs:    446482456  IOPS:   381802  Throughput:  1491.4 MB/s  Total: 1703.20 GB
[ 1169.9s] IOs:    446582939  IOPS:   381713  Throughput:  1491.1 MB/s  Total: 1703.58 GB
[ 1170.3s] IOs:    446683231  IOPS:   381698  Throughput:  1491.0 MB/s  Total: 1703.96 GB
[ 1170.5s] IOs:    446783770  IOPS:   381709  Throughput:  1491.0 MB/s  Total: 1704.34 GB
[ 1171.0s] IOs:    446884674  IOPS:   381617  Throughput:  1490.7 MB/s  Total: 1704.73 GB
[ 1171.4s] IOs:    446985541  IOPS:   381571  Throughput:  1490.5 MB/s  Total: 1705.11 GB
[ 1171.7s] IOs:    447086135  IOPS:   381558  Throughput:  1490.5 MB/s  Total: 1705.50 GB
[ 1172.0s] IOs:    447187008  IOPS:   381553  Throughput:  1490.4 MB/s  Total: 1705.88 GB
[ 1172.5s] IOs:    447287833  IOPS:   381469  Throughput:  1490.1 MB/s  Total: 1706.27 GB
[ 1172.8s] IOs:    447388509  IOPS:   381478  Throughput:  1490.1 MB/s  Total: 1706.65 GB
[ 1173.1s] IOs:    447489092  IOPS:   381466  Throughput:  1490.1 MB/s  Total: 1707.04 GB
[ 1173.7s] IOs:    447589757  IOPS:   381336  Throughput:  1489.6 MB/s  Total: 1707.42 GB
[ 1174.3s] IOs:    447690595  IOPS:   381226  Throughput:  1489.2 MB/s  Total: 1707.80 GB
[ 1174.9s] IOs:    447791353  IOPS:   381127  Throughput:  1488.8 MB/s  Total: 1708.19 GB
[ 1175.4s] IOs:    447892143  IOPS:   381043  Throughput:  1488.4 MB/s  Total: 1708.57 GB
[ 1175.9s] IOs:    447992662  IOPS:   380974  Throughput:  1488.2 MB/s  Total: 1708.96 GB
[ 1176.4s] IOs:    448093137  IOPS:   380895  Throughput:  1487.9 MB/s  Total: 1709.34 GB
[ 1176.9s] IOs:    448193832  IOPS:   380812  Throughput:  1487.5 MB/s  Total: 1709.72 GB
[ 1177.4s] IOs:    448294391  IOPS:   380760  Throughput:  1487.3 MB/s  Total: 1710.11 GB
[ 1177.9s] IOs:    448395009  IOPS:   380669  Throughput:  1487.0 MB/s  Total: 1710.49 GB
[ 1178.3s] IOs:    448495736  IOPS:   380627  Throughput:  1486.8 MB/s  Total: 1710.88 GB
[ 1178.5s] IOs:    448596584  IOPS:   380637  Throughput:  1486.9 MB/s  Total: 1711.26 GB
[ 1179.0s] IOs:    448697102  IOPS:   380571  Throughput:  1486.6 MB/s  Total: 1711.64 GB
[ 1179.4s] IOs:    448797723  IOPS:   380541  Throughput:  1486.5 MB/s  Total: 1712.03 GB
[ 1179.8s] IOs:    448898468  IOPS:   380483  Throughput:  1486.3 MB/s  Total: 1712.41 GB
[ 1180.1s] IOs:    448999061  IOPS:   380466  Throughput:  1486.2 MB/s  Total: 1712.80 GB
[ 1180.4s] IOs:    449099641  IOPS:   380456  Throughput:  1486.2 MB/s  Total: 1713.18 GB
[ 1180.9s] IOs:    449200131  IOPS:   380404  Throughput:  1486.0 MB/s  Total: 1713.56 GB
[ 1181.1s] IOs:    449300719  IOPS:   380416  Throughput:  1486.0 MB/s  Total: 1713.95 GB
[ 1181.4s] IOs:    449401577  IOPS:   380388  Throughput:  1485.9 MB/s  Total: 1714.33 GB
[ 1181.7s] IOs:    449501995  IOPS:   380374  Throughput:  1485.8 MB/s  Total: 1714.71 GB
[ 1182.0s] IOs:    449602698  IOPS:   380379  Throughput:  1485.9 MB/s  Total: 1715.10 GB
[ 1182.5s] IOs:    449703675  IOPS:   380301  Throughput:  1485.6 MB/s  Total: 1715.48 GB
[ 1182.7s] IOs:    449804055  IOPS:   380309  Throughput:  1485.6 MB/s  Total: 1715.87 GB
[ 1183.0s] IOs:    449904941  IOPS:   380294  Throughput:  1485.5 MB/s  Total: 1716.25 GB
[ 1183.4s] IOs:    450005585  IOPS:   380279  Throughput:  1485.5 MB/s  Total: 1716.64 GB
[ 1183.6s] IOs:    450106593  IOPS:   380283  Throughput:  1485.5 MB/s  Total: 1717.02 GB
[ 1184.0s] IOs:    450207269  IOPS:   380258  Throughput:  1485.4 MB/s  Total: 1717.40 GB
[ 1184.3s] IOs:    450307596  IOPS:   380229  Throughput:  1485.3 MB/s  Total: 1717.79 GB
[ 1184.6s] IOs:    450408436  IOPS:   380225  Throughput:  1485.3 MB/s  Total: 1718.17 GB
[ 1184.9s] IOs:    450509110  IOPS:   380218  Throughput:  1485.2 MB/s  Total: 1718.56 GB
[ 1185.1s] IOs:    450609686  IOPS:   380216  Throughput:  1485.2 MB/s  Total: 1718.94 GB
[ 1185.5s] IOs:    450710431  IOPS:   380202  Throughput:  1485.2 MB/s  Total: 1719.32 GB
[ 1185.7s] IOs:    450811054  IOPS:   380215  Throughput:  1485.2 MB/s  Total: 1719.71 GB
[ 1185.9s] IOs:    450911693  IOPS:   380215  Throughput:  1485.2 MB/s  Total: 1720.09 GB
[ 1186.2s] IOs:    451012396  IOPS:   380227  Throughput:  1485.3 MB/s  Total: 1720.48 GB
[ 1186.4s] IOs:    451112821  IOPS:   380224  Throughput:  1485.2 MB/s  Total: 1720.86 GB
[ 1186.7s] IOs:    451213368  IOPS:   380234  Throughput:  1485.3 MB/s  Total: 1721.24 GB
[ 1186.9s] IOs:    451313958  IOPS:   380240  Throughput:  1485.3 MB/s  Total: 1721.63 GB
[ 1187.2s] IOs:    451414569  IOPS:   380249  Throughput:  1485.3 MB/s  Total: 1722.01 GB
[ 1187.6s] IOs:    451515289  IOPS:   380207  Throughput:  1485.2 MB/s  Total: 1722.39 GB
[ 1187.9s] IOs:    451616088  IOPS:   380174  Throughput:  1485.1 MB/s  Total: 1722.78 GB
[ 1188.5s] IOs:    451716710  IOPS:   380063  Throughput:  1484.6 MB/s  Total: 1723.16 GB
[ 1189.1s] IOs:    451817163  IOPS:   379967  Throughput:  1484.2 MB/s  Total: 1723.55 GB
[ 1189.8s] IOs:    451917723  IOPS:   379822  Throughput:  1483.7 MB/s  Total: 1723.93 GB
[ 1190.3s] IOs:    452018284  IOPS:   379750  Throughput:  1483.4 MB/s  Total: 1724.31 GB
[ 1190.5s] IOs:    452119148  IOPS:   379758  Throughput:  1483.4 MB/s  Total: 1724.70 GB
[ 1191.4s] IOs:    452219481  IOPS:   379577  Throughput:  1482.7 MB/s  Total: 1725.08 GB
[ 1191.6s] IOs:    452319785  IOPS:   379578  Throughput:  1482.7 MB/s  Total: 1725.46 GB
[ 1191.9s] IOs:    452420058  IOPS:   379567  Throughput:  1482.7 MB/s  Total: 1725.85 GB
[ 1192.2s] IOs:    452520709  IOPS:   379576  Throughput:  1482.7 MB/s  Total: 1726.23 GB
[ 1192.5s] IOs:    452620938  IOPS:   379570  Throughput:  1482.7 MB/s  Total: 1726.61 GB
[ 1192.7s] IOs:    452721790  IOPS:   379574  Throughput:  1482.7 MB/s  Total: 1727.00 GB
[ 1193.1s] IOs:    452822099  IOPS:   379529  Throughput:  1482.5 MB/s  Total: 1727.38 GB
[ 1193.4s] IOs:    452922309  IOPS:   379537  Throughput:  1482.6 MB/s  Total: 1727.76 GB
[ 1193.6s] IOs:    453023234  IOPS:   379543  Throughput:  1482.6 MB/s  Total: 1728.15 GB
[ 1193.9s] IOs:    453123789  IOPS:   379529  Throughput:  1482.5 MB/s  Total: 1728.53 GB
[ 1194.1s] IOs:    453224756  IOPS:   379541  Throughput:  1482.6 MB/s  Total: 1728.92 GB
[ 1194.7s] IOs:    453325509  IOPS:   379449  Throughput:  1482.2 MB/s  Total: 1729.30 GB
[ 1194.9s] IOs:    453425936  IOPS:   379453  Throughput:  1482.2 MB/s  Total: 1729.68 GB
[Reader] Parsed 67000000 lines, distributed 453475977 writes, unique 564.48 GB, skipped 0
[ 1195.4s] IOs:    453526398  IOPS:   379402  Throughput:  1482.0 MB/s  Total: 1730.07 GB
[ 1195.7s] IOs:    453626827  IOPS:   379396  Throughput:  1482.0 MB/s  Total: 1730.45 GB
[ 1196.1s] IOs:    453727420  IOPS:   379338  Throughput:  1481.8 MB/s  Total: 1730.83 GB
[ 1196.4s] IOs:    453828077  IOPS:   379313  Throughput:  1481.7 MB/s  Total: 1731.22 GB
[ 1196.7s] IOs:    453928496  IOPS:   379327  Throughput:  1481.7 MB/s  Total: 1731.60 GB
[ 1197.1s] IOs:    454029076  IOPS:   379271  Throughput:  1481.5 MB/s  Total: 1731.98 GB
[ 1197.4s] IOs:    454129780  IOPS:   379263  Throughput:  1481.5 MB/s  Total: 1732.37 GB
[ 1197.9s] IOs:    454230346  IOPS:   379180  Throughput:  1481.2 MB/s  Total: 1732.75 GB
[ 1198.2s] IOs:    454330649  IOPS:   379178  Throughput:  1481.2 MB/s  Total: 1733.13 GB
[ 1198.5s] IOs:    454431125  IOPS:   379170  Throughput:  1481.1 MB/s  Total: 1733.52 GB
[ 1198.7s] IOs:    454531508  IOPS:   379180  Throughput:  1481.2 MB/s  Total: 1733.90 GB
[ 1199.0s] IOs:    454632130  IOPS:   379172  Throughput:  1481.1 MB/s  Total: 1734.28 GB
[ 1199.4s] IOs:    454732450  IOPS:   379145  Throughput:  1481.0 MB/s  Total: 1734.67 GB
[ 1199.7s] IOs:    454832724  IOPS:   379137  Throughput:  1481.0 MB/s  Total: 1735.05 GB
[ 1199.9s] IOs:    454933126  IOPS:   379135  Throughput:  1481.0 MB/s  Total: 1735.43 GB
[ 1200.1s] IOs:    455033702  IOPS:   379150  Throughput:  1481.1 MB/s  Total: 1735.82 GB
[ 1200.5s] IOs:    455134594  IOPS:   379114  Throughput:  1480.9 MB/s  Total: 1736.20 GB
[ 1200.8s] IOs:    455235103  IOPS:   379104  Throughput:  1480.9 MB/s  Total: 1736.58 GB
[ 1201.2s] IOs:    455335224  IOPS:   379080  Throughput:  1480.8 MB/s  Total: 1736.97 GB
[ 1201.4s] IOs:    455435719  IOPS:   379074  Throughput:  1480.8 MB/s  Total: 1737.35 GB
[ 1201.7s] IOs:    455536547  IOPS:   379088  Throughput:  1480.8 MB/s  Total: 1737.73 GB
[ 1202.1s] IOs:    455637247  IOPS:   379036  Throughput:  1480.6 MB/s  Total: 1738.12 GB
[ 1202.4s] IOs:    455737784  IOPS:   379020  Throughput:  1480.5 MB/s  Total: 1738.50 GB
[ 1202.7s] IOs:    455838186  IOPS:   379018  Throughput:  1480.5 MB/s  Total: 1738.88 GB
[ 1203.0s] IOs:    455938851  IOPS:   379004  Throughput:  1480.5 MB/s  Total: 1739.27 GB
[ 1203.5s] IOs:    456038937  IOPS:   378930  Throughput:  1480.2 MB/s  Total: 1739.65 GB
[ 1203.9s] IOs:    456139274  IOPS:   378878  Throughput:  1480.0 MB/s  Total: 1740.03 GB
[ 1204.2s] IOs:    456240095  IOPS:   378865  Throughput:  1479.9 MB/s  Total: 1740.42 GB
[ 1204.6s] IOs:    456340825  IOPS:   378825  Throughput:  1479.8 MB/s  Total: 1740.80 GB
[ 1205.1s] IOs:    456441377  IOPS:   378768  Throughput:  1479.6 MB/s  Total: 1741.19 GB
[ 1205.4s] IOs:    456541936  IOPS:   378741  Throughput:  1479.5 MB/s  Total: 1741.57 GB
[ 1205.6s] IOs:    456642492  IOPS:   378754  Throughput:  1479.5 MB/s  Total: 1741.95 GB
[ 1206.0s] IOs:    456743218  IOPS:   378712  Throughput:  1479.3 MB/s  Total: 1742.34 GB
[ 1206.4s] IOs:    456844079  IOPS:   378688  Throughput:  1479.2 MB/s  Total: 1742.72 GB
[ 1206.6s] IOs:    456944881  IOPS:   378700  Throughput:  1479.3 MB/s  Total: 1743.11 GB
[ 1207.0s] IOs:    457045572  IOPS:   378672  Throughput:  1479.2 MB/s  Total: 1743.49 GB
[ 1207.2s] IOs:    457146302  IOPS:   378682  Throughput:  1479.2 MB/s  Total: 1743.87 GB
[ 1207.6s] IOs:    457247054  IOPS:   378656  Throughput:  1479.1 MB/s  Total: 1744.26 GB
[ 1207.8s] IOs:    457347856  IOPS:   378660  Throughput:  1479.1 MB/s  Total: 1744.64 GB
[ 1208.3s] IOs:    457448685  IOPS:   378601  Throughput:  1478.9 MB/s  Total: 1745.03 GB
[ 1208.5s] IOs:    457549018  IOPS:   378605  Throughput:  1478.9 MB/s  Total: 1745.41 GB
[ 1208.8s] IOs:    457649865  IOPS:   378593  Throughput:  1478.9 MB/s  Total: 1745.80 GB
[ 1209.5s] IOs:    457750570  IOPS:   378457  Throughput:  1478.3 MB/s  Total: 1746.18 GB
[ 1210.2s] IOs:    457851381  IOPS:   378322  Throughput:  1477.8 MB/s  Total: 1746.56 GB
[ 1211.0s] IOs:    457952329  IOPS:   378174  Throughput:  1477.2 MB/s  Total: 1746.95 GB
[ 1211.6s] IOs:    458052928  IOPS:   378067  Throughput:  1476.8 MB/s  Total: 1747.33 GB
[ 1212.1s] IOs:    458153795  IOPS:   377969  Throughput:  1476.4 MB/s  Total: 1747.72 GB
[ 1212.6s] IOs:    458254536  IOPS:   377903  Throughput:  1476.2 MB/s  Total: 1748.10 GB
[ 1213.3s] IOs:    458355422  IOPS:   377789  Throughput:  1475.7 MB/s  Total: 1748.49 GB
[ 1213.6s] IOs:    458456134  IOPS:   377757  Throughput:  1475.6 MB/s  Total: 1748.87 GB
[ 1214.1s] IOs:    458556986  IOPS:   377687  Throughput:  1475.3 MB/s  Total: 1749.26 GB
[ 1214.7s] IOs:    458658004  IOPS:   377594  Throughput:  1475.0 MB/s  Total: 1749.64 GB
[ 1215.1s] IOs:    458758698  IOPS:   377554  Throughput:  1474.8 MB/s  Total: 1750.03 GB
[ 1215.9s] IOs:    458859483  IOPS:   377391  Throughput:  1474.2 MB/s  Total: 1750.41 GB
[ 1216.8s] IOs:    458960236  IOPS:   377190  Throughput:  1473.4 MB/s  Total: 1750.79 GB
[ 1217.6s] IOs:    459061065  IOPS:   377006  Throughput:  1472.7 MB/s  Total: 1751.18 GB
[ 1218.5s] IOs:    459161985  IOPS:   376840  Throughput:  1472.0 MB/s  Total: 1751.56 GB
[ 1219.1s] IOs:    459262883  IOPS:   376711  Throughput:  1471.5 MB/s  Total: 1751.95 GB
[ 1219.9s] IOs:    459363566  IOPS:   376562  Throughput:  1470.9 MB/s  Total: 1752.33 GB
[ 1220.9s] IOs:    459464439  IOPS:   376343  Throughput:  1470.1 MB/s  Total: 1752.72 GB
[ 1221.6s] IOs:    459565024  IOPS:   376201  Throughput:  1469.5 MB/s  Total: 1753.10 GB
[ 1222.5s] IOs:    459665435  IOPS:   376000  Throughput:  1468.7 MB/s  Total: 1753.48 GB
[ 1223.4s] IOs:    459765973  IOPS:   375806  Throughput:  1468.0 MB/s  Total: 1753.87 GB
[ 1224.1s] IOs:    459866873  IOPS:   375680  Throughput:  1467.5 MB/s  Total: 1754.25 GB
[ 1224.9s] IOs:    459967452  IOPS:   375512  Throughput:  1466.8 MB/s  Total: 1754.64 GB
[ 1225.5s] IOs:    460068025  IOPS:   375399  Throughput:  1466.4 MB/s  Total: 1755.02 GB
[ 1226.5s] IOs:    460168765  IOPS:   375188  Throughput:  1465.6 MB/s  Total: 1755.40 GB
[ 1227.4s] IOs:    460269279  IOPS:   374980  Throughput:  1464.8 MB/s  Total: 1755.79 GB
[ 1228.2s] IOs:    460370088  IOPS:   374839  Throughput:  1464.2 MB/s  Total: 1756.17 GB
[ 1229.3s] IOs:    460470949  IOPS:   374588  Throughput:  1463.2 MB/s  Total: 1756.56 GB
[ 1230.0s] IOs:    460571691  IOPS:   374442  Throughput:  1462.7 MB/s  Total: 1756.94 GB
[ 1230.9s] IOs:    460672581  IOPS:   374250  Throughput:  1461.9 MB/s  Total: 1757.33 GB
[ 1232.0s] IOs:    460773472  IOPS:   374008  Throughput:  1461.0 MB/s  Total: 1757.71 GB
[ 1234.1s] IOs:    460873499  IOPS:   373437  Throughput:  1458.7 MB/s  Total: 1758.09 GB
[ 1236.0s] IOs:    460973629  IOPS:   372964  Throughput:  1456.9 MB/s  Total: 1758.47 GB
[ 1237.5s] IOs:    461073760  IOPS:   372575  Throughput:  1455.4 MB/s  Total: 1758.86 GB
[ 1238.9s] IOs:    461174721  IOPS:   372256  Throughput:  1454.1 MB/s  Total: 1759.24 GB
[ 1239.9s] IOs:    461275313  IOPS:   372015  Throughput:  1453.2 MB/s  Total: 1759.63 GB
[ 1241.0s] IOs:    461375938  IOPS:   371771  Throughput:  1452.2 MB/s  Total: 1760.01 GB
[ 1242.1s] IOs:    461476591  IOPS:   371538  Throughput:  1451.3 MB/s  Total: 1760.39 GB
[ 1242.6s] IOs:    461577296  IOPS:   371450  Throughput:  1451.0 MB/s  Total: 1760.78 GB
[ 1243.6s] IOs:    461678093  IOPS:   371250  Throughput:  1450.2 MB/s  Total: 1761.16 GB
[ 1244.2s] IOs:    461778701  IOPS:   371133  Throughput:  1449.7 MB/s  Total: 1761.55 GB
[ 1245.0s] IOs:    461879091  IOPS:   370998  Throughput:  1449.2 MB/s  Total: 1761.93 GB
[ 1245.6s] IOs:    461979984  IOPS:   370881  Throughput:  1448.8 MB/s  Total: 1762.31 GB
[ 1246.6s] IOs:    462080806  IOPS:   370672  Throughput:  1447.9 MB/s  Total: 1762.70 GB
[ 1247.5s] IOs:    462181612  IOPS:   370473  Throughput:  1447.2 MB/s  Total: 1763.08 GB
[ 1248.5s] IOs:    462282183  IOPS:   370266  Throughput:  1446.4 MB/s  Total: 1763.47 GB
[ 1249.2s] IOs:    462382819  IOPS:   370149  Throughput:  1445.9 MB/s  Total: 1763.85 GB
[ 1250.1s] IOs:    462483402  IOPS:   369969  Throughput:  1445.2 MB/s  Total: 1764.23 GB
[ 1251.0s] IOs:    462583789  IOPS:   369773  Throughput:  1444.4 MB/s  Total: 1764.62 GB
[ 1252.1s] IOs:    462684483  IOPS:   369516  Throughput:  1443.4 MB/s  Total: 1765.00 GB
[ 1253.1s] IOs:    462784485  IOPS:   369313  Throughput:  1442.6 MB/s  Total: 1765.38 GB
[ 1254.0s] IOs:    462885441  IOPS:   369123  Throughput:  1441.9 MB/s  Total: 1765.77 GB
[ 1254.6s] IOs:    462985967  IOPS:   369022  Throughput:  1441.5 MB/s  Total: 1766.15 GB
[ 1258.4s] IOs:    463086337  IOPS:   368003  Throughput:  1437.5 MB/s  Total: 1766.53 GB
[ 1258.7s] IOs:    463186569  IOPS:   368000  Throughput:  1437.5 MB/s  Total: 1766.92 GB
[ 1258.9s] IOs:    463287518  IOPS:   367998  Throughput:  1437.5 MB/s  Total: 1767.30 GB
[ 1259.2s] IOs:    463387778  IOPS:   367998  Throughput:  1437.5 MB/s  Total: 1767.68 GB
[ 1259.5s] IOs:    463488122  IOPS:   367981  Throughput:  1437.4 MB/s  Total: 1768.07 GB
[ 1259.9s] IOs:    463589016  IOPS:   367962  Throughput:  1437.4 MB/s  Total: 1768.45 GB
[ 1260.2s] IOs:    463689408  IOPS:   367949  Throughput:  1437.3 MB/s  Total: 1768.83 GB
[ 1260.5s] IOs:    463789978  IOPS:   367936  Throughput:  1437.2 MB/s  Total: 1769.22 GB
[ 1260.8s] IOs:    463890538  IOPS:   367942  Throughput:  1437.3 MB/s  Total: 1769.60 GB
[ 1261.0s] IOs:    463991019  IOPS:   367948  Throughput:  1437.3 MB/s  Total: 1769.99 GB
[ 1261.3s] IOs:    464091567  IOPS:   367954  Throughput:  1437.3 MB/s  Total: 1770.37 GB
[ 1261.6s] IOs:    464192178  IOPS:   367939  Throughput:  1437.3 MB/s  Total: 1770.75 GB
[ 1261.8s] IOs:    464292686  IOPS:   367950  Throughput:  1437.3 MB/s  Total: 1771.14 GB
[ 1262.1s] IOs:    464393199  IOPS:   367942  Throughput:  1437.3 MB/s  Total: 1771.52 GB
[ 1262.4s] IOs:    464493625  IOPS:   367957  Throughput:  1437.3 MB/s  Total: 1771.90 GB
[ 1262.7s] IOs:    464593993  IOPS:   367938  Throughput:  1437.3 MB/s  Total: 1772.29 GB
[ 1263.0s] IOs:    464694578  IOPS:   367928  Throughput:  1437.2 MB/s  Total: 1772.67 GB
[ 1263.3s] IOs:    464795476  IOPS:   367932  Throughput:  1437.2 MB/s  Total: 1773.05 GB
[ 1263.6s] IOs:    464895920  IOPS:   367919  Throughput:  1437.2 MB/s  Total: 1773.44 GB
[ 1263.8s] IOs:    464996147  IOPS:   367929  Throughput:  1437.2 MB/s  Total: 1773.82 GB
[ 1264.1s] IOs:    465096544  IOPS:   367914  Throughput:  1437.2 MB/s  Total: 1774.20 GB
[ 1264.4s] IOs:    465197260  IOPS:   367929  Throughput:  1437.2 MB/s  Total: 1774.59 GB
[ 1264.7s] IOs:    465297872  IOPS:   367924  Throughput:  1437.2 MB/s  Total: 1774.97 GB
[ 1264.9s] IOs:    465398679  IOPS:   367932  Throughput:  1437.2 MB/s  Total: 1775.36 GB
[ 1265.2s] IOs:    465499391  IOPS:   367931  Throughput:  1437.2 MB/s  Total: 1775.74 GB
[ 1265.4s] IOs:    465599986  IOPS:   367942  Throughput:  1437.3 MB/s  Total: 1776.12 GB
[ 1265.8s] IOs:    465700792  IOPS:   367900  Throughput:  1437.1 MB/s  Total: 1776.51 GB
[Reader] Parsed 68000000 lines, distributed 465773570 writes, unique 580.90 GB, skipped 0
[ 1266.5s] IOs:    465801415  IOPS:   367799  Throughput:  1436.7 MB/s  Total: 1776.89 GB
[ 1266.8s] IOs:    465901986  IOPS:   367787  Throughput:  1436.7 MB/s  Total: 1777.28 GB
[ 1267.4s] IOs:    466002467  IOPS:   367694  Throughput:  1436.3 MB/s  Total: 1777.66 GB
[ 1267.8s] IOs:    466102798  IOPS:   367648  Throughput:  1436.1 MB/s  Total: 1778.04 GB
[ 1268.3s] IOs:    466203255  IOPS:   367572  Throughput:  1435.8 MB/s  Total: 1778.42 GB
[ 1268.7s] IOs:    466303766  IOPS:   367550  Throughput:  1435.7 MB/s  Total: 1778.81 GB
[ 1268.9s] IOs:    466404372  IOPS:   367559  Throughput:  1435.8 MB/s  Total: 1779.19 GB
[ 1269.4s] IOs:    466504892  IOPS:   367501  Throughput:  1435.6 MB/s  Total: 1779.57 GB
[ 1269.8s] IOs:    466605355  IOPS:   367460  Throughput:  1435.4 MB/s  Total: 1779.96 GB
[ 1270.3s] IOs:    466706263  IOPS:   367399  Throughput:  1435.2 MB/s  Total: 1780.34 GB
[ 1270.6s] IOs:    466806788  IOPS:   367400  Throughput:  1435.2 MB/s  Total: 1780.73 GB
[ 1270.9s] IOs:    466907271  IOPS:   367394  Throughput:  1435.1 MB/s  Total: 1781.11 GB
[ 1271.3s] IOs:    467007642  IOPS:   367360  Throughput:  1435.0 MB/s  Total: 1781.49 GB
[ 1271.5s] IOs:    467107968  IOPS:   367368  Throughput:  1435.0 MB/s  Total: 1781.88 GB
[ 1271.8s] IOs:    467208499  IOPS:   367349  Throughput:  1435.0 MB/s  Total: 1782.26 GB
[ 1272.2s] IOs:    467309139  IOPS:   367330  Throughput:  1434.9 MB/s  Total: 1782.64 GB
[ 1272.4s] IOs:    467409980  IOPS:   367335  Throughput:  1434.9 MB/s  Total: 1783.03 GB
[ 1272.7s] IOs:    467510697  IOPS:   367324  Throughput:  1434.9 MB/s  Total: 1783.41 GB
[ 1273.0s] IOs:    467611119  IOPS:   367338  Throughput:  1434.9 MB/s  Total: 1783.79 GB
[ 1273.3s] IOs:    467711575  IOPS:   367318  Throughput:  1434.8 MB/s  Total: 1784.18 GB
[ 1273.5s] IOs:    467812253  IOPS:   367332  Throughput:  1434.9 MB/s  Total: 1784.56 GB
[ 1273.9s] IOs:    467913007  IOPS:   367314  Throughput:  1434.8 MB/s  Total: 1784.95 GB
[ 1274.1s] IOs:    468013657  IOPS:   367332  Throughput:  1434.9 MB/s  Total: 1785.33 GB
[ 1274.4s] IOs:    468114419  IOPS:   367322  Throughput:  1434.9 MB/s  Total: 1785.71 GB
[ 1274.6s] IOs:    468214973  IOPS:   367337  Throughput:  1434.9 MB/s  Total: 1786.10 GB
[ 1274.9s] IOs:    468315182  IOPS:   367342  Throughput:  1434.9 MB/s  Total: 1786.48 GB
[ 1275.1s] IOs:    468415480  IOPS:   367357  Throughput:  1435.0 MB/s  Total: 1786.86 GB
[ 1275.3s] IOs:    468515989  IOPS:   367365  Throughput:  1435.0 MB/s  Total: 1787.25 GB
[ 1275.6s] IOs:    468616518  IOPS:   367379  Throughput:  1435.1 MB/s  Total: 1787.63 GB
[ 1275.8s] IOs:    468717043  IOPS:   367380  Throughput:  1435.1 MB/s  Total: 1788.01 GB
[ 1276.1s] IOs:    468817843  IOPS:   367388  Throughput:  1435.1 MB/s  Total: 1788.40 GB
[ 1276.7s] IOs:    468918802  IOPS:   367301  Throughput:  1434.8 MB/s  Total: 1788.78 GB
[ 1277.3s] IOs:    469019397  IOPS:   367194  Throughput:  1434.4 MB/s  Total: 1789.17 GB
[ 1277.8s] IOs:    469120158  IOPS:   367128  Throughput:  1434.1 MB/s  Total: 1789.55 GB
[ 1278.5s] IOs:    469220647  IOPS:   367019  Throughput:  1433.7 MB/s  Total: 1789.93 GB
[ 1278.8s] IOs:    469321613  IOPS:   366993  Throughput:  1433.6 MB/s  Total: 1790.32 GB
[ 1279.5s] IOs:    469422164  IOPS:   366886  Throughput:  1433.2 MB/s  Total: 1790.70 GB
[ 1280.0s] IOs:    469522775  IOPS:   366818  Throughput:  1432.9 MB/s  Total: 1791.09 GB
[ 1280.4s] IOs:    469623343  IOPS:   366781  Throughput:  1432.7 MB/s  Total: 1791.47 GB
[ 1280.9s] IOs:    469723970  IOPS:   366702  Throughput:  1432.4 MB/s  Total: 1791.85 GB
[ 1281.4s] IOs:    469824253  IOPS:   366656  Throughput:  1432.2 MB/s  Total: 1792.24 GB
[ 1281.6s] IOs:    469924866  IOPS:   366662  Throughput:  1432.3 MB/s  Total: 1792.62 GB
[ 1281.9s] IOs:    470025202  IOPS:   366673  Throughput:  1432.3 MB/s  Total: 1793.00 GB
[ 1282.1s] IOs:    470125687  IOPS:   366679  Throughput:  1432.3 MB/s  Total: 1793.39 GB
[ 1282.3s] IOs:    470225999  IOPS:   366694  Throughput:  1432.4 MB/s  Total: 1793.77 GB
[ 1282.6s] IOs:    470326940  IOPS:   366690  Throughput:  1432.4 MB/s  Total: 1794.15 GB
[ 1282.9s] IOs:    470427715  IOPS:   366695  Throughput:  1432.4 MB/s  Total: 1794.54 GB
[ 1283.2s] IOs:    470528653  IOPS:   366694  Throughput:  1432.4 MB/s  Total: 1794.92 GB
[ 1283.4s] IOs:    470629348  IOPS:   366702  Throughput:  1432.4 MB/s  Total: 1795.31 GB
[ 1283.7s] IOs:    470730176  IOPS:   366705  Throughput:  1432.4 MB/s  Total: 1795.69 GB
[ 1284.0s] IOs:    470830554  IOPS:   366699  Throughput:  1432.4 MB/s  Total: 1796.08 GB
[ 1284.2s] IOs:    470931481  IOPS:   366710  Throughput:  1432.5 MB/s  Total: 1796.46 GB
[ 1284.4s] IOs:    471032447  IOPS:   366721  Throughput:  1432.5 MB/s  Total: 1796.85 GB
[ 1284.7s] IOs:    471133383  IOPS:   366728  Throughput:  1432.5 MB/s  Total: 1797.23 GB
[ 1285.0s] IOs:    471233684  IOPS:   366730  Throughput:  1432.5 MB/s  Total: 1797.61 GB
[ 1285.2s] IOs:    471334471  IOPS:   366744  Throughput:  1432.6 MB/s  Total: 1798.00 GB
[ 1285.4s] IOs:    471435271  IOPS:   366759  Throughput:  1432.7 MB/s  Total: 1798.38 GB
[ 1285.7s] IOs:    471535923  IOPS:   366762  Throughput:  1432.7 MB/s  Total: 1798.77 GB
[ 1285.9s] IOs:    471636271  IOPS:   366764  Throughput:  1432.7 MB/s  Total: 1799.15 GB
[ 1286.2s] IOs:    471737001  IOPS:   366773  Throughput:  1432.7 MB/s  Total: 1799.53 GB
[ 1286.5s] IOs:    471837749  IOPS:   366758  Throughput:  1432.7 MB/s  Total: 1799.92 GB
[ 1286.8s] IOs:    471938483  IOPS:   366766  Throughput:  1432.7 MB/s  Total: 1800.30 GB
[ 1287.0s] IOs:    472039077  IOPS:   366776  Throughput:  1432.7 MB/s  Total: 1800.69 GB
[ 1287.4s] IOs:    472139888  IOPS:   366741  Throughput:  1432.6 MB/s  Total: 1801.07 GB
[ 1287.7s] IOs:    472240436  IOPS:   366734  Throughput:  1432.6 MB/s  Total: 1801.45 GB
[ 1287.9s] IOs:    472341346  IOPS:   366760  Throughput:  1432.7 MB/s  Total: 1801.84 GB
[ 1288.3s] IOs:    472441816  IOPS:   366713  Throughput:  1432.5 MB/s  Total: 1802.22 GB
[ 1288.8s] IOs:    472542500  IOPS:   366654  Throughput:  1432.2 MB/s  Total: 1802.61 GB
[ 1289.4s] IOs:    472643257  IOPS:   366566  Throughput:  1431.9 MB/s  Total: 1802.99 GB
[ 1289.8s] IOs:    472744079  IOPS:   366529  Throughput:  1431.8 MB/s  Total: 1803.38 GB
[ 1290.3s] IOs:    472844812  IOPS:   366454  Throughput:  1431.5 MB/s  Total: 1803.76 GB
[ 1290.8s] IOs:    472945404  IOPS:   366405  Throughput:  1431.3 MB/s  Total: 1804.14 GB
[ 1291.2s] IOs:    473045864  IOPS:   366370  Throughput:  1431.1 MB/s  Total: 1804.53 GB
[ 1291.4s] IOs:    473146098  IOPS:   366376  Throughput:  1431.2 MB/s  Total: 1804.91 GB
[ 1291.9s] IOs:    473246147  IOPS:   366315  Throughput:  1430.9 MB/s  Total: 1805.29 GB
[ 1292.2s] IOs:    473346621  IOPS:   366298  Throughput:  1430.9 MB/s  Total: 1805.67 GB
[ 1292.7s] IOs:    473447445  IOPS:   366235  Throughput:  1430.6 MB/s  Total: 1806.06 GB
[ 1293.2s] IOs:    473548031  IOPS:   366173  Throughput:  1430.4 MB/s  Total: 1806.44 GB
[ 1293.8s] IOs:    473648457  IOPS:   366079  Throughput:  1430.0 MB/s  Total: 1806.83 GB
[ 1294.4s] IOs:    473749113  IOPS:   365994  Throughput:  1429.7 MB/s  Total: 1807.21 GB
[ 1294.9s] IOs:    473850124  IOPS:   365943  Throughput:  1429.5 MB/s  Total: 1807.59 GB
[ 1295.4s] IOs:    473950809  IOPS:   365868  Throughput:  1429.2 MB/s  Total: 1807.98 GB
[ 1295.9s] IOs:    474051290  IOPS:   365812  Throughput:  1429.0 MB/s  Total: 1808.36 GB
[ 1296.4s] IOs:    474152092  IOPS:   365740  Throughput:  1428.7 MB/s  Total: 1808.75 GB
[ 1297.0s] IOs:    474252571  IOPS:   365650  Throughput:  1428.3 MB/s  Total: 1809.13 GB
[ 1297.4s] IOs:    474353345  IOPS:   365613  Throughput:  1428.2 MB/s  Total: 1809.51 GB
[ 1298.0s] IOs:    474454123  IOPS:   365541  Throughput:  1427.9 MB/s  Total: 1809.90 GB
[ 1298.3s] IOs:    474554846  IOPS:   365514  Throughput:  1427.8 MB/s  Total: 1810.28 GB
[ 1298.8s] IOs:    474655673  IOPS:   365449  Throughput:  1427.5 MB/s  Total: 1810.67 GB
[ 1299.1s] IOs:    474756130  IOPS:   365450  Throughput:  1427.5 MB/s  Total: 1811.05 GB
[ 1299.5s] IOs:    474856736  IOPS:   365425  Throughput:  1427.4 MB/s  Total: 1811.43 GB
[ 1299.8s] IOs:    474957126  IOPS:   365398  Throughput:  1427.3 MB/s  Total: 1811.82 GB
[ 1300.1s] IOs:    475057533  IOPS:   365401  Throughput:  1427.3 MB/s  Total: 1812.20 GB
[ 1300.5s] IOs:    475158285  IOPS:   365366  Throughput:  1427.2 MB/s  Total: 1812.59 GB
[ 1300.8s] IOs:    475258973  IOPS:   365346  Throughput:  1427.1 MB/s  Total: 1812.97 GB
[ 1301.2s] IOs:    475359445  IOPS:   365312  Throughput:  1427.0 MB/s  Total: 1813.35 GB
[ 1301.6s] IOs:    475460040  IOPS:   365280  Throughput:  1426.9 MB/s  Total: 1813.74 GB
[ 1301.9s] IOs:    475560589  IOPS:   365274  Throughput:  1426.9 MB/s  Total: 1814.12 GB
[ 1302.3s] IOs:    475661022  IOPS:   365253  Throughput:  1426.8 MB/s  Total: 1814.50 GB
[ 1302.5s] IOs:    475761515  IOPS:   365269  Throughput:  1426.8 MB/s  Total: 1814.89 GB
[ 1303.1s] IOs:    475862339  IOPS:   365189  Throughput:  1426.5 MB/s  Total: 1815.27 GB
[ 1303.3s] IOs:    475963039  IOPS:   365199  Throughput:  1426.6 MB/s  Total: 1815.65 GB
[Reader] Parsed 69000000 lines, distributed 475991591 writes, unique 592.03 GB, skipped 0
[ 1303.5s] IOs:    476063741  IOPS:   365208  Throughput:  1426.6 MB/s  Total: 1816.04 GB
[ 1303.9s] IOs:    476164625  IOPS:   365171  Throughput:  1426.4 MB/s  Total: 1816.42 GB
[ 1304.3s] IOs:    476265181  IOPS:   365145  Throughput:  1426.3 MB/s  Total: 1816.81 GB
[ 1304.6s] IOs:    476365690  IOPS:   365148  Throughput:  1426.4 MB/s  Total: 1817.19 GB
[ 1304.9s] IOs:    476466349  IOPS:   365129  Throughput:  1426.3 MB/s  Total: 1817.57 GB
[ 1305.2s] IOs:    476566866  IOPS:   365118  Throughput:  1426.2 MB/s  Total: 1817.96 GB
[ 1305.5s] IOs:    476667417  IOPS:   365134  Throughput:  1426.3 MB/s  Total: 1818.34 GB
[ 1305.8s] IOs:    476767866  IOPS:   365105  Throughput:  1426.2 MB/s  Total: 1818.73 GB
[ 1306.0s] IOs:    476868378  IOPS:   365123  Throughput:  1426.3 MB/s  Total: 1819.11 GB
[ 1306.4s] IOs:    476969263  IOPS:   365114  Throughput:  1426.2 MB/s  Total: 1819.49 GB
[ 1306.6s] IOs:    477070037  IOPS:   365132  Throughput:  1426.3 MB/s  Total: 1819.88 GB
[ 1307.2s] IOs:    477170806  IOPS:   365044  Throughput:  1426.0 MB/s  Total: 1820.26 GB
[ 1307.4s] IOs:    477271658  IOPS:   365061  Throughput:  1426.0 MB/s  Total: 1820.65 GB
[ 1308.0s] IOs:    477372238  IOPS:   364976  Throughput:  1425.7 MB/s  Total: 1821.03 GB
[ 1308.2s] IOs:    477473041  IOPS:   364972  Throughput:  1425.7 MB/s  Total: 1821.42 GB
[ 1308.5s] IOs:    477573778  IOPS:   364991  Throughput:  1425.7 MB/s  Total: 1821.80 GB
[ 1309.0s] IOs:    477674801  IOPS:   364924  Throughput:  1425.5 MB/s  Total: 1822.18 GB
[ 1309.3s] IOs:    477775428  IOPS:   364905  Throughput:  1425.4 MB/s  Total: 1822.57 GB
[ 1309.6s] IOs:    477876083  IOPS:   364906  Throughput:  1425.4 MB/s  Total: 1822.95 GB
[ 1309.9s] IOs:    477976703  IOPS:   364887  Throughput:  1425.3 MB/s  Total: 1823.34 GB
[ 1310.3s] IOs:    478077534  IOPS:   364875  Throughput:  1425.3 MB/s  Total: 1823.72 GB
[ 1310.6s] IOs:    478178075  IOPS:   364865  Throughput:  1425.3 MB/s  Total: 1824.10 GB
[ 1310.9s] IOs:    478278840  IOPS:   364857  Throughput:  1425.2 MB/s  Total: 1824.49 GB
[ 1311.1s] IOs:    478379514  IOPS:   364868  Throughput:  1425.3 MB/s  Total: 1824.87 GB
[ 1311.7s] IOs:    478479531  IOPS:   364789  Throughput:  1425.0 MB/s  Total: 1825.25 GB
[ 1311.9s] IOs:    478580113  IOPS:   364804  Throughput:  1425.0 MB/s  Total: 1825.64 GB
[ 1312.4s] IOs:    478680293  IOPS:   364733  Throughput:  1424.7 MB/s  Total: 1826.02 GB
[ 1312.8s] IOs:    478780883  IOPS:   364694  Throughput:  1424.6 MB/s  Total: 1826.40 GB
[ 1313.1s] IOs:    478881517  IOPS:   364704  Throughput:  1424.6 MB/s  Total: 1826.79 GB
[ 1313.5s] IOs:    478982074  IOPS:   364651  Throughput:  1424.4 MB/s  Total: 1827.17 GB
[ 1313.9s] IOs:    479082517  IOPS:   364638  Throughput:  1424.4 MB/s  Total: 1827.55 GB
[ 1314.3s] IOs:    479183241  IOPS:   364602  Throughput:  1424.2 MB/s  Total: 1827.94 GB
[ 1314.6s] IOs:    479283599  IOPS:   364578  Throughput:  1424.1 MB/s  Total: 1828.32 GB
[ 1314.9s] IOs:    479384104  IOPS:   364592  Throughput:  1424.2 MB/s  Total: 1828.71 GB
[ 1315.1s] IOs:    479484661  IOPS:   364613  Throughput:  1424.3 MB/s  Total: 1829.09 GB
[ 1315.7s] IOs:    479585378  IOPS:   364508  Throughput:  1423.9 MB/s  Total: 1829.47 GB
[ 1315.9s] IOs:    479686056  IOPS:   364526  Throughput:  1423.9 MB/s  Total: 1829.86 GB
[ 1316.5s] IOs:    479786886  IOPS:   364452  Throughput:  1423.6 MB/s  Total: 1830.24 GB
[ 1316.9s] IOs:    479887608  IOPS:   364399  Throughput:  1423.4 MB/s  Total: 1830.63 GB
[ 1317.4s] IOs:    479988392  IOPS:   364359  Throughput:  1423.3 MB/s  Total: 1831.01 GB
[ 1317.9s] IOs:    480089181  IOPS:   364287  Throughput:  1423.0 MB/s  Total: 1831.39 GB
[ 1318.1s] IOs:    480190156  IOPS:   364299  Throughput:  1423.0 MB/s  Total: 1831.78 GB
[ 1318.5s] IOs:    480290809  IOPS:   364274  Throughput:  1422.9 MB/s  Total: 1832.16 GB
[ 1318.9s] IOs:    480391563  IOPS:   364233  Throughput:  1422.8 MB/s  Total: 1832.55 GB
[ 1319.3s] IOs:    480492253  IOPS:   364202  Throughput:  1422.7 MB/s  Total: 1832.93 GB
[ 1319.6s] IOs:    480592977  IOPS:   364194  Throughput:  1422.6 MB/s  Total: 1833.32 GB
[ 1320.1s] IOs:    480693756  IOPS:   364124  Throughput:  1422.4 MB/s  Total: 1833.70 GB
[ 1320.3s] IOs:    480794670  IOPS:   364147  Throughput:  1422.4 MB/s  Total: 1834.09 GB
[ 1320.8s] IOs:    480895177  IOPS:   364083  Throughput:  1422.2 MB/s  Total: 1834.47 GB
[ 1321.1s] IOs:    480995861  IOPS:   364092  Throughput:  1422.2 MB/s  Total: 1834.85 GB
[ 1321.4s] IOs:    481096480  IOPS:   364068  Throughput:  1422.1 MB/s  Total: 1835.24 GB
[ 1321.9s] IOs:    481196600  IOPS:   364009  Throughput:  1421.9 MB/s  Total: 1835.62 GB
[ 1322.2s] IOs:    481297572  IOPS:   364017  Throughput:  1421.9 MB/s  Total: 1836.00 GB
[ 1322.5s] IOs:    481398329  IOPS:   364016  Throughput:  1421.9 MB/s  Total: 1836.39 GB
[ 1323.0s] IOs:    481498896  IOPS:   363937  Throughput:  1421.6 MB/s  Total: 1836.77 GB
[ 1323.3s] IOs:    481599535  IOPS:   363940  Throughput:  1421.6 MB/s  Total: 1837.16 GB
[ 1323.5s] IOs:    481700332  IOPS:   363958  Throughput:  1421.7 MB/s  Total: 1837.54 GB
[ 1323.9s] IOs:    481801092  IOPS:   363921  Throughput:  1421.6 MB/s  Total: 1837.93 GB
[ 1324.3s] IOs:    481901832  IOPS:   363898  Throughput:  1421.5 MB/s  Total: 1838.31 GB
[ 1324.6s] IOs:    482002117  IOPS:   363873  Throughput:  1421.4 MB/s  Total: 1838.69 GB
[ 1324.9s] IOs:    482102539  IOPS:   363889  Throughput:  1421.4 MB/s  Total: 1839.08 GB
[ 1325.1s] IOs:    482203094  IOPS:   363901  Throughput:  1421.5 MB/s  Total: 1839.46 GB
[ 1325.5s] IOs:    482303982  IOPS:   363878  Throughput:  1421.4 MB/s  Total: 1839.84 GB
[ 1325.8s] IOs:    482404388  IOPS:   363870  Throughput:  1421.4 MB/s  Total: 1840.23 GB
[ 1326.0s] IOs:    482504467  IOPS:   363882  Throughput:  1421.4 MB/s  Total: 1840.61 GB
[ 1326.4s] IOs:    482605392  IOPS:   363858  Throughput:  1421.3 MB/s  Total: 1840.99 GB
[ 1326.5s] IOs:    482706202  IOPS:   363881  Throughput:  1421.4 MB/s  Total: 1841.38 GB
[ 1326.8s] IOs:    482806631  IOPS:   363890  Throughput:  1421.4 MB/s  Total: 1841.76 GB
[ 1327.0s] IOs:    482907350  IOPS:   363909  Throughput:  1421.5 MB/s  Total: 1842.15 GB
[ 1327.4s] IOs:    483007911  IOPS:   363882  Throughput:  1421.4 MB/s  Total: 1842.53 GB
[ 1327.6s] IOs:    483108651  IOPS:   363899  Throughput:  1421.5 MB/s  Total: 1842.91 GB
[ 1327.8s] IOs:    483209353  IOPS:   363914  Throughput:  1421.5 MB/s  Total: 1843.30 GB
[ 1328.0s] IOs:    483309475  IOPS:   363940  Throughput:  1421.6 MB/s  Total: 1843.68 GB
[ 1328.3s] IOs:    483410260  IOPS:   363935  Throughput:  1421.6 MB/s  Total: 1844.06 GB
[ 1328.5s] IOs:    483511044  IOPS:   363960  Throughput:  1421.7 MB/s  Total: 1844.45 GB
[ 1328.8s] IOs:    483611107  IOPS:   363957  Throughput:  1421.7 MB/s  Total: 1844.83 GB
[ 1329.0s] IOs:    483711884  IOPS:   363965  Throughput:  1421.7 MB/s  Total: 1845.21 GB
[ 1329.2s] IOs:    483812804  IOPS:   363991  Throughput:  1421.8 MB/s  Total: 1845.60 GB
[ 1329.7s] IOs:    483913084  IOPS:   363939  Throughput:  1421.6 MB/s  Total: 1845.98 GB
[ 1329.8s] IOs:    484013482  IOPS:   363963  Throughput:  1421.7 MB/s  Total: 1846.36 GB
[ 1330.1s] IOs:    484114043  IOPS:   363981  Throughput:  1421.8 MB/s  Total: 1846.75 GB
[ 1330.5s] IOs:    484214686  IOPS:   363927  Throughput:  1421.6 MB/s  Total: 1847.13 GB
[ 1330.8s] IOs:    484315309  IOPS:   363925  Throughput:  1421.6 MB/s  Total: 1847.52 GB
[ 1331.0s] IOs:    484416120  IOPS:   363950  Throughput:  1421.7 MB/s  Total: 1847.90 GB
[ 1331.4s] IOs:    484516887  IOPS:   363923  Throughput:  1421.6 MB/s  Total: 1848.29 GB
[ 1331.8s] IOs:    484616985  IOPS:   363890  Throughput:  1421.4 MB/s  Total: 1848.67 GB
[ 1332.0s] IOs:    484717948  IOPS:   363900  Throughput:  1421.5 MB/s  Total: 1849.05 GB
[ 1332.3s] IOs:    484818736  IOPS:   363891  Throughput:  1421.4 MB/s  Total: 1849.44 GB
[ 1332.5s] IOs:    484919457  IOPS:   363914  Throughput:  1421.5 MB/s  Total: 1849.82 GB
[ 1333.0s] IOs:    485020363  IOPS:   363867  Throughput:  1421.4 MB/s  Total: 1850.21 GB
[ 1333.2s] IOs:    485120507  IOPS:   363886  Throughput:  1421.4 MB/s  Total: 1850.59 GB
[ 1333.4s] IOs:    485221063  IOPS:   363900  Throughput:  1421.5 MB/s  Total: 1850.97 GB
[ 1333.6s] IOs:    485321863  IOPS:   363923  Throughput:  1421.6 MB/s  Total: 1851.36 GB
[ 1333.9s] IOs:    485422489  IOPS:   363911  Throughput:  1421.5 MB/s  Total: 1851.74 GB
[ 1334.2s] IOs:    485522769  IOPS:   363895  Throughput:  1421.5 MB/s  Total: 1852.12 GB
[ 1334.4s] IOs:    485623366  IOPS:   363921  Throughput:  1421.6 MB/s  Total: 1852.51 GB
[ 1334.6s] IOs:    485723814  IOPS:   363946  Throughput:  1421.7 MB/s  Total: 1852.89 GB
[ 1334.9s] IOs:    485824298  IOPS:   363938  Throughput:  1421.6 MB/s  Total: 1853.27 GB
[ 1335.1s] IOs:    485924300  IOPS:   363965  Throughput:  1421.7 MB/s  Total: 1853.65 GB
[ 1335.4s] IOs:    486025213  IOPS:   363955  Throughput:  1421.7 MB/s  Total: 1854.04 GB
[ 1335.6s] IOs:    486125548  IOPS:   363981  Throughput:  1421.8 MB/s  Total: 1854.42 GB
[ 1335.9s] IOs:    486226055  IOPS:   363969  Throughput:  1421.8 MB/s  Total: 1854.81 GB
[ 1336.1s] IOs:    486326674  IOPS:   363993  Throughput:  1421.8 MB/s  Total: 1855.19 GB
[ 1336.3s] IOs:    486427581  IOPS:   363999  Throughput:  1421.9 MB/s  Total: 1855.57 GB
[ 1336.5s] IOs:    486528315  IOPS:   364024  Throughput:  1422.0 MB/s  Total: 1855.96 GB
[ 1336.8s] IOs:    486628916  IOPS:   364026  Throughput:  1422.0 MB/s  Total: 1856.34 GB
[Reader] Parsed 70000000 lines, distributed 486671528 writes, unique 604.51 GB, skipped 0
[ 1337.0s] IOs:    486729619  IOPS:   364053  Throughput:  1422.1 MB/s  Total: 1856.73 GB
[ 1337.2s] IOs:    486829964  IOPS:   364075  Throughput:  1422.2 MB/s  Total: 1857.11 GB
[ 1337.5s] IOs:    486930735  IOPS:   364070  Throughput:  1422.1 MB/s  Total: 1857.49 GB
[ 1337.6s] IOs:    487031586  IOPS:   364096  Throughput:  1422.2 MB/s  Total: 1857.88 GB
[ 1337.8s] IOs:    487132051  IOPS:   364119  Throughput:  1422.3 MB/s  Total: 1858.26 GB
[ 1338.0s] IOs:    487232618  IOPS:   364144  Throughput:  1422.4 MB/s  Total: 1858.64 GB
[ 1338.2s] IOs:    487333075  IOPS:   364162  Throughput:  1422.5 MB/s  Total: 1859.03 GB
[ 1338.4s] IOs:    487433979  IOPS:   364187  Throughput:  1422.6 MB/s  Total: 1859.41 GB
[ 1338.6s] IOs:    487533999  IOPS:   364213  Throughput:  1422.7 MB/s  Total: 1859.79 GB
[ 1338.8s] IOs:    487634662  IOPS:   364235  Throughput:  1422.8 MB/s  Total: 1860.18 GB
[ 1339.0s] IOs:    487734921  IOPS:   364258  Throughput:  1422.9 MB/s  Total: 1860.56 GB
[ 1339.2s] IOs:    487835520  IOPS:   364279  Throughput:  1423.0 MB/s  Total: 1860.94 GB
[ 1339.4s] IOs:    487936093  IOPS:   364293  Throughput:  1423.0 MB/s  Total: 1861.33 GB
[ 1339.7s] IOs:    488036581  IOPS:   364283  Throughput:  1423.0 MB/s  Total: 1861.71 GB
[ 1339.9s] IOs:    488137220  IOPS:   364308  Throughput:  1423.1 MB/s  Total: 1862.10 GB
[ 1340.1s] IOs:    488237818  IOPS:   364334  Throughput:  1423.2 MB/s  Total: 1862.48 GB
[ 1340.4s] IOs:    488338373  IOPS:   364315  Throughput:  1423.1 MB/s  Total: 1862.86 GB
[ 1340.6s] IOs:    488439123  IOPS:   364341  Throughput:  1423.2 MB/s  Total: 1863.25 GB
[ 1340.9s] IOs:    488539519  IOPS:   364328  Throughput:  1423.2 MB/s  Total: 1863.63 GB
[ 1341.1s] IOs:    488640159  IOPS:   364353  Throughput:  1423.3 MB/s  Total: 1864.01 GB
[ 1341.4s] IOs:    488740923  IOPS:   364338  Throughput:  1423.2 MB/s  Total: 1864.40 GB
[ 1341.6s] IOs:    488841649  IOPS:   364361  Throughput:  1423.3 MB/s  Total: 1864.78 GB
[ 1341.8s] IOs:    488942575  IOPS:   364380  Throughput:  1423.4 MB/s  Total: 1865.17 GB
[ 1342.1s] IOs:    489043196  IOPS:   364397  Throughput:  1423.4 MB/s  Total: 1865.55 GB
[ 1342.3s] IOs:    489143224  IOPS:   364415  Throughput:  1423.5 MB/s  Total: 1865.93 GB
[ 1342.5s] IOs:    489243809  IOPS:   364440  Throughput:  1423.6 MB/s  Total: 1866.32 GB
[ 1342.6s] IOs:    489344829  IOPS:   364467  Throughput:  1423.7 MB/s  Total: 1866.70 GB
[ 1342.9s] IOs:    489445656  IOPS:   364470  Throughput:  1423.7 MB/s  Total: 1867.09 GB
[ 1343.1s] IOs:    489546016  IOPS:   364496  Throughput:  1423.8 MB/s  Total: 1867.47 GB
[ 1343.3s] IOs:    489646315  IOPS:   364511  Throughput:  1423.9 MB/s  Total: 1867.85 GB
[ 1343.5s] IOs:    489747005  IOPS:   364538  Throughput:  1424.0 MB/s  Total: 1868.24 GB
[ 1343.7s] IOs:    489847563  IOPS:   364560  Throughput:  1424.1 MB/s  Total: 1868.62 GB
[ 1343.9s] IOs:    489948190  IOPS:   364570  Throughput:  1424.1 MB/s  Total: 1869.00 GB
[ 1344.1s] IOs:    490048447  IOPS:   364597  Throughput:  1424.2 MB/s  Total: 1869.39 GB
[ 1344.3s] IOs:    490148917  IOPS:   364616  Throughput:  1424.3 MB/s  Total: 1869.77 GB
[ 1344.5s] IOs:    490249816  IOPS:   364644  Throughput:  1424.4 MB/s  Total: 1870.15 GB
[ 1344.8s] IOs:    490350270  IOPS:   364614  Throughput:  1424.3 MB/s  Total: 1870.54 GB
[ 1345.0s] IOs:    490450993  IOPS:   364640  Throughput:  1424.4 MB/s  Total: 1870.92 GB
[ 1345.4s] IOs:    490551690  IOPS:   364616  Throughput:  1424.3 MB/s  Total: 1871.31 GB
[ 1345.6s] IOs:    490652117  IOPS:   364644  Throughput:  1424.4 MB/s  Total: 1871.69 GB
[ 1345.9s] IOs:    490752864  IOPS:   364616  Throughput:  1424.3 MB/s  Total: 1872.07 GB
[ 1346.1s] IOs:    490853424  IOPS:   364639  Throughput:  1424.4 MB/s  Total: 1872.46 GB
[ 1346.4s] IOs:    490953837  IOPS:   364629  Throughput:  1424.3 MB/s  Total: 1872.84 GB
[ 1346.8s] IOs:    491054510  IOPS:   364613  Throughput:  1424.3 MB/s  Total: 1873.22 GB
[ 1347.0s] IOs:    491155013  IOPS:   364639  Throughput:  1424.4 MB/s  Total: 1873.61 GB
[ 1347.3s] IOs:    491255989  IOPS:   364624  Throughput:  1424.3 MB/s  Total: 1873.99 GB
[ 1347.5s] IOs:    491356778  IOPS:   364646  Throughput:  1424.4 MB/s  Total: 1874.38 GB
[ 1347.8s] IOs:    491456881  IOPS:   364640  Throughput:  1424.4 MB/s  Total: 1874.76 GB
[ 1348.1s] IOs:    491557607  IOPS:   364630  Throughput:  1424.3 MB/s  Total: 1875.14 GB
[ 1348.3s] IOs:    491658091  IOPS:   364656  Throughput:  1424.4 MB/s  Total: 1875.53 GB
[ 1348.5s] IOs:    491758622  IOPS:   364683  Throughput:  1424.5 MB/s  Total: 1875.91 GB
[ 1348.7s] IOs:    491859237  IOPS:   364696  Throughput:  1424.6 MB/s  Total: 1876.29 GB
[ 1349.0s] IOs:    491960133  IOPS:   364695  Throughput:  1424.6 MB/s  Total: 1876.68 GB
[ 1349.1s] IOs:    492060960  IOPS:   364724  Throughput:  1424.7 MB/s  Total: 1877.06 GB
[ 1349.7s] IOs:    492161460  IOPS:   364641  Throughput:  1424.4 MB/s  Total: 1877.45 GB
[ 1349.9s] IOs:    492261668  IOPS:   364663  Throughput:  1424.5 MB/s  Total: 1877.83 GB
[ 1350.7s] IOs:    492362533  IOPS:   364531  Throughput:  1424.0 MB/s  Total: 1878.21 GB
[ 1350.9s] IOs:    492463286  IOPS:   364551  Throughput:  1424.0 MB/s  Total: 1878.60 GB
[ 1351.4s] IOs:    492564232  IOPS:   364484  Throughput:  1423.8 MB/s  Total: 1878.98 GB
[ 1351.9s] IOs:    492664780  IOPS:   364415  Throughput:  1423.5 MB/s  Total: 1879.37 GB
[ 1352.3s] IOs:    492765312  IOPS:   364384  Throughput:  1423.4 MB/s  Total: 1879.75 GB
[ 1352.8s] IOs:    492865892  IOPS:   364337  Throughput:  1423.2 MB/s  Total: 1880.13 GB
[ 1353.1s] IOs:    492966201  IOPS:   364324  Throughput:  1423.1 MB/s  Total: 1880.52 GB
[ 1353.4s] IOs:    493066999  IOPS:   364311  Throughput:  1423.1 MB/s  Total: 1880.90 GB
[ 1353.9s] IOs:    493167666  IOPS:   364257  Throughput:  1422.9 MB/s  Total: 1881.29 GB
[ 1354.1s] IOs:    493268141  IOPS:   364280  Throughput:  1423.0 MB/s  Total: 1881.67 GB
[ 1354.6s] IOs:    493368694  IOPS:   364230  Throughput:  1422.8 MB/s  Total: 1882.05 GB
[ 1354.9s] IOs:    493468757  IOPS:   364221  Throughput:  1422.7 MB/s  Total: 1882.43 GB
[ 1355.0s] IOs:    493569540  IOPS:   364249  Throughput:  1422.8 MB/s  Total: 1882.82 GB
[ 1355.5s] IOs:    493670319  IOPS:   364188  Throughput:  1422.6 MB/s  Total: 1883.20 GB
[ 1355.8s] IOs:    493770882  IOPS:   364181  Throughput:  1422.6 MB/s  Total: 1883.59 GB
[ 1356.1s] IOs:    493871463  IOPS:   364197  Throughput:  1422.6 MB/s  Total: 1883.97 GB
[ 1356.5s] IOs:    493971921  IOPS:   364147  Throughput:  1422.5 MB/s  Total: 1884.35 GB
[ 1356.7s] IOs:    494072657  IOPS:   364163  Throughput:  1422.5 MB/s  Total: 1884.74 GB
[ 1357.0s] IOs:    494173192  IOPS:   364164  Throughput:  1422.5 MB/s  Total: 1885.12 GB
[ 1357.4s] IOs:    494273663  IOPS:   364143  Throughput:  1422.4 MB/s  Total: 1885.50 GB
[ 1357.5s] IOs:    494374243  IOPS:   364168  Throughput:  1422.5 MB/s  Total: 1885.89 GB
[ 1357.9s] IOs:    494474600  IOPS:   364150  Throughput:  1422.5 MB/s  Total: 1886.27 GB
[ 1358.1s] IOs:    494575222  IOPS:   364179  Throughput:  1422.6 MB/s  Total: 1886.65 GB
[ 1358.4s] IOs:    494676039  IOPS:   364166  Throughput:  1422.5 MB/s  Total: 1887.04 GB
[ 1358.6s] IOs:    494776624  IOPS:   364193  Throughput:  1422.6 MB/s  Total: 1887.42 GB
[ 1359.0s] IOs:    494876928  IOPS:   364160  Throughput:  1422.5 MB/s  Total: 1887.81 GB
[ 1359.3s] IOs:    494977642  IOPS:   364129  Throughput:  1422.4 MB/s  Total: 1888.19 GB
[ 1359.6s] IOs:    495078376  IOPS:   364131  Throughput:  1422.4 MB/s  Total: 1888.57 GB
[ 1359.9s] IOs:    495179152  IOPS:   364118  Throughput:  1422.3 MB/s  Total: 1888.96 GB
[ 1360.5s] IOs:    495279842  IOPS:   364050  Throughput:  1422.1 MB/s  Total: 1889.34 GB
[ 1360.7s] IOs:    495380357  IOPS:   364071  Throughput:  1422.2 MB/s  Total: 1889.73 GB
[ 1360.9s] IOs:    495480838  IOPS:   364074  Throughput:  1422.2 MB/s  Total: 1890.11 GB
[ 1361.3s] IOs:    495581783  IOPS:   364041  Throughput:  1422.0 MB/s  Total: 1890.49 GB
[ 1361.6s] IOs:    495682442  IOPS:   364037  Throughput:  1422.0 MB/s  Total: 1890.88 GB
[ 1361.9s] IOs:    495783048  IOPS:   364025  Throughput:  1422.0 MB/s  Total: 1891.26 GB
[ 1362.3s] IOs:    495883559  IOPS:   364010  Throughput:  1421.9 MB/s  Total: 1891.65 GB
[ 1362.5s] IOs:    495984152  IOPS:   364033  Throughput:  1422.0 MB/s  Total: 1892.03 GB
[ 1362.8s] IOs:    496084619  IOPS:   364010  Throughput:  1421.9 MB/s  Total: 1892.41 GB
[ 1363.0s] IOs:    496185500  IOPS:   364036  Throughput:  1422.0 MB/s  Total: 1892.80 GB
[ 1363.7s] IOs:    496286208  IOPS:   363924  Throughput:  1421.6 MB/s  Total: 1893.18 GB
[ 1363.9s] IOs:    496386556  IOPS:   363949  Throughput:  1421.7 MB/s  Total: 1893.56 GB
[ 1364.6s] IOs:    496487376  IOPS:   363845  Throughput:  1421.3 MB/s  Total: 1893.95 GB
[ 1365.0s] IOs:    496588303  IOPS:   363798  Throughput:  1421.1 MB/s  Total: 1894.33 GB
[ 1365.5s] IOs:    496688407  IOPS:   363751  Throughput:  1420.9 MB/s  Total: 1894.72 GB
[ 1366.0s] IOs:    496789010  IOPS:   363692  Throughput:  1420.7 MB/s  Total: 1895.10 GB
[ 1366.4s] IOs:    496889675  IOPS:   363643  Throughput:  1420.5 MB/s  Total: 1895.48 GB
[ 1366.8s] IOs:    496990209  IOPS:   363605  Throughput:  1420.3 MB/s  Total: 1895.87 GB
[ 1367.1s] IOs:    497090596  IOPS:   363615  Throughput:  1420.4 MB/s  Total: 1896.25 GB
[ 1367.5s] IOs:    497191128  IOPS:   363568  Throughput:  1420.2 MB/s  Total: 1896.63 GB
[ 1368.0s] IOs:    497291833  IOPS:   363516  Throughput:  1420.0 MB/s  Total: 1897.02 GB
[ 1368.4s] IOs:    497392533  IOPS:   363484  Throughput:  1419.9 MB/s  Total: 1897.40 GB
[ 1369.0s] IOs:    497493002  IOPS:   363409  Throughput:  1419.6 MB/s  Total: 1897.79 GB
[ 1369.3s] IOs:    497593611  IOPS:   363386  Throughput:  1419.5 MB/s  Total: 1898.17 GB
[ 1369.5s] IOs:    497694389  IOPS:   363401  Throughput:  1419.5 MB/s  Total: 1898.55 GB
[ 1370.0s] IOs:    497795279  IOPS:   363350  Throughput:  1419.3 MB/s  Total: 1898.94 GB
[ 1370.4s] IOs:    497896009  IOPS:   363317  Throughput:  1419.2 MB/s  Total: 1899.32 GB
[ 1370.9s] IOs:    497996642  IOPS:   363271  Throughput:  1419.0 MB/s  Total: 1899.71 GB
[ 1371.2s] IOs:    498097232  IOPS:   363269  Throughput:  1419.0 MB/s  Total: 1900.09 GB
[ 1371.4s] IOs:    498198042  IOPS:   363272  Throughput:  1419.0 MB/s  Total: 1900.47 GB
[ 1371.9s] IOs:    498298782  IOPS:   363219  Throughput:  1418.8 MB/s  Total: 1900.86 GB
[ 1372.1s] IOs:    498399444  IOPS:   363227  Throughput:  1418.9 MB/s  Total: 1901.24 GB
[ 1372.4s] IOs:    498499631  IOPS:   363227  Throughput:  1418.9 MB/s  Total: 1901.63 GB
[ 1372.6s] IOs:    498600184  IOPS:   363252  Throughput:  1419.0 MB/s  Total: 1902.01 GB
[ 1373.1s] IOs:    498700746  IOPS:   363197  Throughput:  1418.7 MB/s  Total: 1902.39 GB
[ 1373.4s] IOs:    498801604  IOPS:   363199  Throughput:  1418.7 MB/s  Total: 1902.78 GB
[ 1373.6s] IOs:    498902524  IOPS:   363217  Throughput:  1418.8 MB/s  Total: 1903.16 GB
[ 1373.9s] IOs:    499003052  IOPS:   363199  Throughput:  1418.7 MB/s  Total: 1903.55 GB
[ 1374.1s] IOs:    499103504  IOPS:   363225  Throughput:  1418.8 MB/s  Total: 1903.93 GB
[ 1374.4s] IOs:    499204140  IOPS:   363212  Throughput:  1418.8 MB/s  Total: 1904.31 GB
[ 1374.6s] IOs:    499304971  IOPS:   363237  Throughput:  1418.9 MB/s  Total: 1904.70 GB
[Reader] Parsed 71000000 lines, distributed 499309631 writes, unique 615.95 GB, skipped 0
[ 1375.0s] IOs:    499404974  IOPS:   363206  Throughput:  1418.8 MB/s  Total: 1905.08 GB
[ 1375.2s] IOs:    499505111  IOPS:   363234  Throughput:  1418.9 MB/s  Total: 1905.46 GB
[ 1375.5s] IOs:    499605537  IOPS:   363222  Throughput:  1418.8 MB/s  Total: 1905.84 GB
[ 1375.7s] IOs:    499706136  IOPS:   363241  Throughput:  1418.9 MB/s  Total: 1906.23 GB
[ 1375.9s] IOs:    499806754  IOPS:   363249  Throughput:  1418.9 MB/s  Total: 1906.61 GB
[ 1376.1s] IOs:    499907262  IOPS:   363273  Throughput:  1419.0 MB/s  Total: 1906.99 GB
[ 1376.4s] IOs:    500007713  IOPS:   363271  Throughput:  1419.0 MB/s  Total: 1907.38 GB
[ 1376.6s] IOs:    500108352  IOPS:   363300  Throughput:  1419.1 MB/s  Total: 1907.76 GB
[ 1376.9s] IOs:    500208958  IOPS:   363298  Throughput:  1419.1 MB/s  Total: 1908.15 GB
[ 1377.0s] IOs:    500309589  IOPS:   363327  Throughput:  1419.2 MB/s  Total: 1908.53 GB
[ 1377.5s] IOs:    500410086  IOPS:   363276  Throughput:  1419.0 MB/s  Total: 1908.91 GB
[ 1377.7s] IOs:    500510866  IOPS:   363292  Throughput:  1419.1 MB/s  Total: 1909.30 GB
[ 1377.9s] IOs:    500611326  IOPS:   363314  Throughput:  1419.2 MB/s  Total: 1909.68 GB
[ 1378.1s] IOs:    500711750  IOPS:   363339  Throughput:  1419.3 MB/s  Total: 1910.06 GB
[ 1378.6s] IOs:    500812373  IOPS:   363282  Throughput:  1419.1 MB/s  Total: 1910.45 GB
[ 1378.7s] IOs:    500913265  IOPS:   363312  Throughput:  1419.2 MB/s  Total: 1910.83 GB
[ 1379.0s] IOs:    501013776  IOPS:   363325  Throughput:  1419.2 MB/s  Total: 1911.22 GB
[ 1379.1s] IOs:    501114232  IOPS:   363352  Throughput:  1419.3 MB/s  Total: 1911.60 GB
[ 1379.5s] IOs:    501214474  IOPS:   363334  Throughput:  1419.3 MB/s  Total: 1911.98 GB
[ 1379.7s] IOs:    501315433  IOPS:   363355  Throughput:  1419.4 MB/s  Total: 1912.37 GB
[ 1380.0s] IOs:    501416134  IOPS:   363353  Throughput:  1419.3 MB/s  Total: 1912.75 GB
[ 1380.1s] IOs:    501516871  IOPS:   363379  Throughput:  1419.4 MB/s  Total: 1913.14 GB
[ 1380.5s] IOs:    501617327  IOPS:   363370  Throughput:  1419.4 MB/s  Total: 1913.52 GB
[ 1380.6s] IOs:    501717799  IOPS:   363396  Throughput:  1419.5 MB/s  Total: 1913.90 GB
[ 1380.9s] IOs:    501818438  IOPS:   363399  Throughput:  1419.5 MB/s  Total: 1914.29 GB
[ 1381.1s] IOs:    501919072  IOPS:   363421  Throughput:  1419.6 MB/s  Total: 1914.67 GB
[ 1381.4s] IOs:    502019972  IOPS:   363419  Throughput:  1419.6 MB/s  Total: 1915.05 GB
[ 1381.6s] IOs:    502120173  IOPS:   363447  Throughput:  1419.7 MB/s  Total: 1915.44 GB
[ 1382.0s] IOs:    502220898  IOPS:   363410  Throughput:  1419.6 MB/s  Total: 1915.82 GB
[ 1382.2s] IOs:    502321502  IOPS:   363432  Throughput:  1419.7 MB/s  Total: 1916.20 GB
[ 1382.4s] IOs:    502422152  IOPS:   363447  Throughput:  1419.7 MB/s  Total: 1916.59 GB
[ 1382.6s] IOs:    502522989  IOPS:   363466  Throughput:  1419.8 MB/s  Total: 1916.97 GB
[ 1382.9s] IOs:    502623368  IOPS:   363468  Throughput:  1419.8 MB/s  Total: 1917.36 GB
[ 1383.0s] IOs:    502723909  IOPS:   363490  Throughput:  1419.9 MB/s  Total: 1917.74 GB
[ 1383.2s] IOs:    502824569  IOPS:   363516  Throughput:  1420.0 MB/s  Total: 1918.12 GB
[ 1383.5s] IOs:    502924902  IOPS:   363521  Throughput:  1420.0 MB/s  Total: 1918.51 GB
[ 1383.7s] IOs:    503025474  IOPS:   363547  Throughput:  1420.1 MB/s  Total: 1918.89 GB
[ 1383.9s] IOs:    503126365  IOPS:   363555  Throughput:  1420.1 MB/s  Total: 1919.27 GB
[ 1384.1s] IOs:    503226981  IOPS:   363583  Throughput:  1420.2 MB/s  Total: 1919.66 GB
[ 1384.3s] IOs:    503327149  IOPS:   363606  Throughput:  1420.3 MB/s  Total: 1920.04 GB
[ 1384.5s] IOs:    503427987  IOPS:   363620  Throughput:  1420.4 MB/s  Total: 1920.43 GB
[ 1384.7s] IOs:    503528762  IOPS:   363646  Throughput:  1420.5 MB/s  Total: 1920.81 GB
[ 1384.9s] IOs:    503629171  IOPS:   363653  Throughput:  1420.5 MB/s  Total: 1921.19 GB
[ 1385.1s] IOs:    503730141  IOPS:   363680  Throughput:  1420.6 MB/s  Total: 1921.58 GB
[ 1385.3s] IOs:    503831041  IOPS:   363707  Throughput:  1420.7 MB/s  Total: 1921.96 GB
[ 1385.5s] IOs:    503931883  IOPS:   363715  Throughput:  1420.8 MB/s  Total: 1922.35 GB
[ 1385.7s] IOs:    504032830  IOPS:   363741  Throughput:  1420.9 MB/s  Total: 1922.73 GB
[ 1385.9s] IOs:    504133395  IOPS:   363756  Throughput:  1420.9 MB/s  Total: 1923.12 GB
[ 1386.1s] IOs:    504233961  IOPS:   363781  Throughput:  1421.0 MB/s  Total: 1923.50 GB
[ 1386.6s] IOs:    504334342  IOPS:   363722  Throughput:  1420.8 MB/s  Total: 1923.88 GB
[ 1386.8s] IOs:    504434430  IOPS:   363741  Throughput:  1420.9 MB/s  Total: 1924.26 GB
[ 1387.1s] IOs:    504535341  IOPS:   363737  Throughput:  1420.8 MB/s  Total: 1924.65 GB
[ 1387.3s] IOs:    504635826  IOPS:   363755  Throughput:  1420.9 MB/s  Total: 1925.03 GB
[ 1387.6s] IOs:    504735864  IOPS:   363758  Throughput:  1420.9 MB/s  Total: 1925.41 GB
[ 1387.7s] IOs:    504836662  IOPS:   363783  Throughput:  1421.0 MB/s  Total: 1925.80 GB
[ 1399.9s] IOs:    504937446  IOPS:   360692  Throughput:  1409.0 MB/s  Total: 1926.18 GB
[ 1400.1s] IOs:    505037937  IOPS:   360710  Throughput:  1409.0 MB/s  Total: 1926.57 GB
[ 1400.4s] IOs:    505138485  IOPS:   360698  Throughput:  1409.0 MB/s  Total: 1926.95 GB
[ 1400.7s] IOs:    505239357  IOPS:   360716  Throughput:  1409.0 MB/s  Total: 1927.34 GB
[ 1400.9s] IOs:    505340406  IOPS:   360734  Throughput:  1409.1 MB/s  Total: 1927.72 GB
[ 1401.1s] IOs:    505440881  IOPS:   360751  Throughput:  1409.2 MB/s  Total: 1928.10 GB
[ 1401.4s] IOs:    505541719  IOPS:   360746  Throughput:  1409.2 MB/s  Total: 1928.49 GB
[ 1401.6s] IOs:    505642189  IOPS:   360763  Throughput:  1409.2 MB/s  Total: 1928.87 GB
[ 1401.9s] IOs:    505742782  IOPS:   360758  Throughput:  1409.2 MB/s  Total: 1929.26 GB
[ 1402.1s] IOs:    505843356  IOPS:   360774  Throughput:  1409.3 MB/s  Total: 1929.64 GB
[ 1402.4s] IOs:    505944076  IOPS:   360783  Throughput:  1409.3 MB/s  Total: 1930.02 GB
[ 1402.6s] IOs:    506044551  IOPS:   360797  Throughput:  1409.4 MB/s  Total: 1930.41 GB
[ 1402.8s] IOs:    506145398  IOPS:   360801  Throughput:  1409.4 MB/s  Total: 1930.79 GB
[ 1403.0s] IOs:    506246143  IOPS:   360820  Throughput:  1409.5 MB/s  Total: 1931.18 GB
[ 1403.5s] IOs:    506346800  IOPS:   360765  Throughput:  1409.2 MB/s  Total: 1931.56 GB
[ 1403.8s] IOs:    506447431  IOPS:   360773  Throughput:  1409.3 MB/s  Total: 1931.94 GB
[ 1418.7s] IOs:    506548329  IOPS:   357041  Throughput:  1394.7 MB/s  Total: 1932.33 GB
[ 1419.0s] IOs:    506649241  IOPS:   357051  Throughput:  1394.7 MB/s  Total: 1932.71 GB
[ 1419.4s] IOs:    506750220  IOPS:   357022  Throughput:  1394.6 MB/s  Total: 1933.10 GB
[ 1419.6s] IOs:    506850747  IOPS:   357035  Throughput:  1394.7 MB/s  Total: 1933.48 GB
[ 1420.2s] IOs:    506951204  IOPS:   356952  Throughput:  1394.3 MB/s  Total: 1933.87 GB
[ 1420.5s] IOs:    507052138  IOPS:   356965  Throughput:  1394.4 MB/s  Total: 1934.25 GB
[ 1421.0s] IOs:    507153122  IOPS:   356896  Throughput:  1394.1 MB/s  Total: 1934.64 GB
[ 1421.3s] IOs:    507253883  IOPS:   356891  Throughput:  1394.1 MB/s  Total: 1935.02 GB
[ 1421.6s] IOs:    507354752  IOPS:   356902  Throughput:  1394.1 MB/s  Total: 1935.40 GB
[ 1422.0s] IOs:    507455430  IOPS:   356856  Throughput:  1394.0 MB/s  Total: 1935.79 GB
[ 1422.4s] IOs:    507556140  IOPS:   356839  Throughput:  1393.9 MB/s  Total: 1936.17 GB
[ 1422.6s] IOs:    507657018  IOPS:   356852  Throughput:  1394.0 MB/s  Total: 1936.56 GB
[ 1423.0s] IOs:    507757708  IOPS:   356825  Throughput:  1393.8 MB/s  Total: 1936.94 GB
[ 1423.4s] IOs:    507858298  IOPS:   356785  Throughput:  1393.7 MB/s  Total: 1937.33 GB
[ 1423.7s] IOs:    507958775  IOPS:   356794  Throughput:  1393.7 MB/s  Total: 1937.71 GB
[ 1430.8s] IOs:    508059755  IOPS:   355096  Throughput:  1387.1 MB/s  Total: 1938.09 GB
[ 1431.1s] IOs:    508160575  IOPS:   355076  Throughput:  1387.0 MB/s  Total: 1938.48 GB
[ 1431.8s] IOs:    508261596  IOPS:   354981  Throughput:  1386.6 MB/s  Total: 1938.86 GB
[ 1432.2s] IOs:    508362274  IOPS:   354940  Throughput:  1386.5 MB/s  Total: 1939.25 GB
[ 1433.1s] IOs:    508463305  IOPS:   354811  Throughput:  1386.0 MB/s  Total: 1939.63 GB
[ 1433.6s] IOs:    508564292  IOPS:   354750  Throughput:  1385.7 MB/s  Total: 1940.02 GB
[ 1434.1s] IOs:    508665215  IOPS:   354699  Throughput:  1385.5 MB/s  Total: 1940.40 GB
[ 1434.5s] IOs:    508765513  IOPS:   354659  Throughput:  1385.4 MB/s  Total: 1940.79 GB
[ 1435.2s] IOs:    508866190  IOPS:   354561  Throughput:  1385.0 MB/s  Total: 1941.17 GB
[ 1435.7s] IOs:    508966998  IOPS:   354500  Throughput:  1384.8 MB/s  Total: 1941.56 GB
[ 1436.2s] IOs:    509067626  IOPS:   354463  Throughput:  1384.6 MB/s  Total: 1941.94 GB
[ 1436.7s] IOs:    509167675  IOPS:   354413  Throughput:  1384.4 MB/s  Total: 1942.32 GB
[ 1437.1s] IOs:    509267708  IOPS:   354382  Throughput:  1384.3 MB/s  Total: 1942.70 GB
[ 1437.4s] IOs:    509368702  IOPS:   354361  Throughput:  1384.2 MB/s  Total: 1943.09 GB
[ 1437.8s] IOs:    509469129  IOPS:   354340  Throughput:  1384.1 MB/s  Total: 1943.47 GB
[ 1438.3s] IOs:    509570000  IOPS:   354289  Throughput:  1383.9 MB/s  Total: 1943.86 GB
[ 1443.7s] IOs:    509670531  IOPS:   353039  Throughput:  1379.1 MB/s  Total: 1944.24 GB
[ 1444.3s] IOs:    509771386  IOPS:   352962  Throughput:  1378.8 MB/s  Total: 1944.62 GB
[ 1444.8s] IOs:    509872066  IOPS:   352902  Throughput:  1378.5 MB/s  Total: 1945.01 GB
[ 1445.2s] IOs:    509972664  IOPS:   352865  Throughput:  1378.4 MB/s  Total: 1945.39 GB
[ 1445.8s] IOs:    510073271  IOPS:   352803  Throughput:  1378.1 MB/s  Total: 1945.78 GB
[ 1446.4s] IOs:    510173886  IOPS:   352728  Throughput:  1377.8 MB/s  Total: 1946.16 GB
[ 1446.7s] IOs:    510274858  IOPS:   352725  Throughput:  1377.8 MB/s  Total: 1946.54 GB
[ 1447.3s] IOs:    510375806  IOPS:   352638  Throughput:  1377.5 MB/s  Total: 1946.93 GB
[ 1447.8s] IOs:    510476233  IOPS:   352585  Throughput:  1377.3 MB/s  Total: 1947.31 GB
[ 1448.5s] IOs:    510576939  IOPS:   352489  Throughput:  1376.9 MB/s  Total: 1947.70 GB
[ 1449.0s] IOs:    510677769  IOPS:   352434  Throughput:  1376.7 MB/s  Total: 1948.08 GB
[ 1449.4s] IOs:    510778766  IOPS:   352419  Throughput:  1376.6 MB/s  Total: 1948.47 GB
[ 1449.8s] IOs:    510879683  IOPS:   352389  Throughput:  1376.5 MB/s  Total: 1948.85 GB
[Reader] Parsed 72000000 lines, distributed 510944624 writes, unique 626.06 GB, skipped 0
[ 1450.3s] IOs:    510980421  IOPS:   352330  Throughput:  1376.3 MB/s  Total: 1949.24 GB
[ 1450.7s] IOs:    511081005  IOPS:   352300  Throughput:  1376.2 MB/s  Total: 1949.62 GB
[ 1454.8s] IOs:    511181614  IOPS:   351372  Throughput:  1372.5 MB/s  Total: 1950.00 GB
[ 1455.8s] IOs:    511282452  IOPS:   351196  Throughput:  1371.9 MB/s  Total: 1950.39 GB
[ 1456.5s] IOs:    511382492  IOPS:   351101  Throughput:  1371.5 MB/s  Total: 1950.77 GB
[ 1457.5s] IOs:    511483490  IOPS:   350933  Throughput:  1370.8 MB/s  Total: 1951.15 GB
[ 1458.4s] IOs:    511584206  IOPS:   350791  Throughput:  1370.3 MB/s  Total: 1951.54 GB
[ 1459.0s] IOs:    511684836  IOPS:   350702  Throughput:  1369.9 MB/s  Total: 1951.92 GB
[ 1459.7s] IOs:    511785410  IOPS:   350614  Throughput:  1369.6 MB/s  Total: 1952.31 GB
[ 1460.5s] IOs:    511886427  IOPS:   350499  Throughput:  1369.1 MB/s  Total: 1952.69 GB
[ 1461.1s] IOs:    511987141  IOPS:   350403  Throughput:  1368.8 MB/s  Total: 1953.08 GB
[ 1461.5s] IOs:    512087609  IOPS:   350388  Throughput:  1368.7 MB/s  Total: 1953.46 GB
[ 1462.1s] IOs:    512188433  IOPS:   350318  Throughput:  1368.4 MB/s  Total: 1953.84 GB
[ 1462.6s] IOs:    512289444  IOPS:   350266  Throughput:  1368.2 MB/s  Total: 1954.23 GB
[ 1463.2s] IOs:    512390416  IOPS:   350191  Throughput:  1367.9 MB/s  Total: 1954.61 GB
[ 1463.5s] IOs:    512491179  IOPS:   350187  Throughput:  1367.9 MB/s  Total: 1955.00 GB
[ 1464.0s] IOs:    512591964  IOPS:   350127  Throughput:  1367.7 MB/s  Total: 1955.38 GB
[ 1464.4s] IOs:    512692726  IOPS:   350095  Throughput:  1367.6 MB/s  Total: 1955.77 GB
[ 1467.4s] IOs:    512793403  IOPS:   349448  Throughput:  1365.0 MB/s  Total: 1956.15 GB
[ 1467.9s] IOs:    512894328  IOPS:   349404  Throughput:  1364.9 MB/s  Total: 1956.54 GB
[ 1468.4s] IOs:    512995055  IOPS:   349358  Throughput:  1364.7 MB/s  Total: 1956.92 GB
[ 1468.8s] IOs:    513095888  IOPS:   349320  Throughput:  1364.5 MB/s  Total: 1957.31 GB
[ 1469.1s] IOs:    513196565  IOPS:   349324  Throughput:  1364.5 MB/s  Total: 1957.69 GB
[ 1469.6s] IOs:    513297297  IOPS:   349283  Throughput:  1364.4 MB/s  Total: 1958.07 GB
[ 1469.9s] IOs:    513398115  IOPS:   349267  Throughput:  1364.3 MB/s  Total: 1958.46 GB
[ 1470.4s] IOs:    513498952  IOPS:   349219  Throughput:  1364.1 MB/s  Total: 1958.84 GB
[ 1470.7s] IOs:    513599734  IOPS:   349212  Throughput:  1364.1 MB/s  Total: 1959.23 GB
[ 1471.0s] IOs:    513700330  IOPS:   349209  Throughput:  1364.1 MB/s  Total: 1959.61 GB
[ 1471.4s] IOs:    513801188  IOPS:   349192  Throughput:  1364.0 MB/s  Total: 1960.00 GB
[ 1471.7s] IOs:    513901205  IOPS:   349199  Throughput:  1364.1 MB/s  Total: 1960.38 GB
[ 1472.2s] IOs:    514002228  IOPS:   349141  Throughput:  1363.8 MB/s  Total: 1960.76 GB
[ 1472.5s] IOs:    514102844  IOPS:   349141  Throughput:  1363.8 MB/s  Total: 1961.15 GB
[ 1473.0s] IOs:    514203478  IOPS:   349075  Throughput:  1363.6 MB/s  Total: 1961.53 GB
[ 1473.4s] IOs:    514303914  IOPS:   349051  Throughput:  1363.5 MB/s  Total: 1961.91 GB
[ 1479.1s] IOs:    514404621  IOPS:   347775  Throughput:  1358.5 MB/s  Total: 1962.30 GB
[ 1479.9s] IOs:    514505302  IOPS:   347658  Throughput:  1358.0 MB/s  Total: 1962.68 GB
[ 1480.6s] IOs:    514605864  IOPS:   347570  Throughput:  1357.7 MB/s  Total: 1963.07 GB
[ 1481.0s] IOs:    514706370  IOPS:   347537  Throughput:  1357.6 MB/s  Total: 1963.45 GB
[ 1481.5s] IOs:    514806944  IOPS:   347480  Throughput:  1357.3 MB/s  Total: 1963.83 GB
[ 1482.4s] IOs:    514907928  IOPS:   347350  Throughput:  1356.8 MB/s  Total: 1964.22 GB
[ 1483.0s] IOs:    515007977  IOPS:   347279  Throughput:  1356.6 MB/s  Total: 1964.60 GB
[ 1483.4s] IOs:    515108163  IOPS:   347241  Throughput:  1356.4 MB/s  Total: 1964.98 GB
[ 1484.0s] IOs:    515208672  IOPS:   347170  Throughput:  1356.1 MB/s  Total: 1965.37 GB
[ 1484.4s] IOs:    515309306  IOPS:   347143  Throughput:  1356.0 MB/s  Total: 1965.75 GB
[ 1485.0s] IOs:    515409938  IOPS:   347074  Throughput:  1355.8 MB/s  Total: 1966.13 GB
[ 1485.4s] IOs:    515510941  IOPS:   347056  Throughput:  1355.7 MB/s  Total: 1966.52 GB
[ 1485.9s] IOs:    515611874  IOPS:   347006  Throughput:  1355.5 MB/s  Total: 1966.90 GB
[ 1486.4s] IOs:    515712422  IOPS:   346957  Throughput:  1355.3 MB/s  Total: 1967.29 GB
[ 1486.7s] IOs:    515813088  IOPS:   346950  Throughput:  1355.3 MB/s  Total: 1967.67 GB
[ 1487.2s] IOs:    515913736  IOPS:   346899  Throughput:  1355.1 MB/s  Total: 1968.05 GB
[ 1487.6s] IOs:    516014476  IOPS:   346885  Throughput:  1355.0 MB/s  Total: 1968.44 GB
[ 1488.1s] IOs:    516114604  IOPS:   346818  Throughput:  1354.8 MB/s  Total: 1968.82 GB
[ 1488.5s] IOs:    516215192  IOPS:   346793  Throughput:  1354.7 MB/s  Total: 1969.20 GB
[ 1489.1s] IOs:    516315605  IOPS:   346739  Throughput:  1354.4 MB/s  Total: 1969.59 GB
[ 1489.4s] IOs:    516415983  IOPS:   346724  Throughput:  1354.4 MB/s  Total: 1969.97 GB
[ 1489.8s] IOs:    516516651  IOPS:   346713  Throughput:  1354.3 MB/s  Total: 1970.35 GB
[ 1490.2s] IOs:    516617231  IOPS:   346679  Throughput:  1354.2 MB/s  Total: 1970.74 GB
[ 1490.5s] IOs:    516717808  IOPS:   346678  Throughput:  1354.2 MB/s  Total: 1971.12 GB
[ 1490.9s] IOs:    516818427  IOPS:   346652  Throughput:  1354.1 MB/s  Total: 1971.51 GB
[ 1491.2s] IOs:    516918882  IOPS:   346638  Throughput:  1354.1 MB/s  Total: 1971.89 GB
[ 1491.6s] IOs:    517019637  IOPS:   346618  Throughput:  1354.0 MB/s  Total: 1972.27 GB
[ 1491.9s] IOs:    517120533  IOPS:   346620  Throughput:  1354.0 MB/s  Total: 1972.66 GB
[ 1492.1s] IOs:    517220596  IOPS:   346639  Throughput:  1354.1 MB/s  Total: 1973.04 GB
[ 1492.7s] IOs:    517321407  IOPS:   346557  Throughput:  1353.7 MB/s  Total: 1973.42 GB
[ 1493.5s] IOs:    517421964  IOPS:   346441  Throughput:  1353.3 MB/s  Total: 1973.81 GB
[ 1494.2s] IOs:    517522603  IOPS:   346363  Throughput:  1353.0 MB/s  Total: 1974.19 GB
[ 1495.1s] IOs:    517623570  IOPS:   346224  Throughput:  1352.4 MB/s  Total: 1974.58 GB
[ 1495.9s] IOs:    517724319  IOPS:   346102  Throughput:  1352.0 MB/s  Total: 1974.96 GB
[ 1496.5s] IOs:    517824839  IOPS:   346033  Throughput:  1351.7 MB/s  Total: 1975.34 GB
[ 1497.1s] IOs:    517925637  IOPS:   345950  Throughput:  1351.4 MB/s  Total: 1975.73 GB
[ 1497.8s] IOs:    518026172  IOPS:   345865  Throughput:  1351.0 MB/s  Total: 1976.11 GB
[ 1498.2s] IOs:    518127105  IOPS:   345838  Throughput:  1350.9 MB/s  Total: 1976.50 GB
[ 1498.7s] IOs:    518227862  IOPS:   345776  Throughput:  1350.7 MB/s  Total: 1976.88 GB
[ 1499.2s] IOs:    518328543  IOPS:   345739  Throughput:  1350.5 MB/s  Total: 1977.27 GB
[ 1499.8s] IOs:    518429539  IOPS:   345671  Throughput:  1350.3 MB/s  Total: 1977.65 GB
[ 1500.2s] IOs:    518529956  IOPS:   345633  Throughput:  1350.1 MB/s  Total: 1978.03 GB
[ 1500.8s] IOs:    518630858  IOPS:   345577  Throughput:  1349.9 MB/s  Total: 1978.42 GB
[ 1501.1s] IOs:    518731675  IOPS:   345566  Throughput:  1349.9 MB/s  Total: 1978.80 GB
[ 1501.6s] IOs:    518832554  IOPS:   345509  Throughput:  1349.6 MB/s  Total: 1979.19 GB
[ 1502.0s] IOs:    518933191  IOPS:   345503  Throughput:  1349.6 MB/s  Total: 1979.57 GB
[ 1502.2s] IOs:    519033375  IOPS:   345509  Throughput:  1349.6 MB/s  Total: 1979.96 GB
[ 1502.6s] IOs:    519134014  IOPS:   345480  Throughput:  1349.5 MB/s  Total: 1980.34 GB
[ 1503.2s] IOs:    519234116  IOPS:   345428  Throughput:  1349.3 MB/s  Total: 1980.72 GB
[ 1503.5s] IOs:    519334537  IOPS:   345423  Throughput:  1349.3 MB/s  Total: 1981.10 GB
[ 1503.8s] IOs:    519435270  IOPS:   345413  Throughput:  1349.3 MB/s  Total: 1981.49 GB
[ 1504.1s] IOs:    519535611  IOPS:   345408  Throughput:  1349.2 MB/s  Total: 1981.87 GB
[ 1504.8s] IOs:    519636225  IOPS:   345318  Throughput:  1348.9 MB/s  Total: 1982.25 GB
[ 1505.1s] IOs:    519737098  IOPS:   345319  Throughput:  1348.9 MB/s  Total: 1982.64 GB
[ 1506.0s] IOs:    519838018  IOPS:   345176  Throughput:  1348.3 MB/s  Total: 1983.02 GB
[ 1506.5s] IOs:    519938845  IOPS:   345138  Throughput:  1348.2 MB/s  Total: 1983.41 GB
[ 1507.2s] IOs:    520039231  IOPS:   345043  Throughput:  1347.8 MB/s  Total: 1983.79 GB
[ 1507.7s] IOs:    520139989  IOPS:   344995  Throughput:  1347.6 MB/s  Total: 1984.18 GB
[ 1508.0s] IOs:    520240835  IOPS:   344982  Throughput:  1347.6 MB/s  Total: 1984.56 GB
[ 1508.6s] IOs:    520341723  IOPS:   344927  Throughput:  1347.4 MB/s  Total: 1984.95 GB
[ 1509.0s] IOs:    520442133  IOPS:   344899  Throughput:  1347.3 MB/s  Total: 1985.33 GB
[ 1509.5s] IOs:    520542764  IOPS:   344842  Throughput:  1347.0 MB/s  Total: 1985.71 GB
[ 1509.8s] IOs:    520643270  IOPS:   344835  Throughput:  1347.0 MB/s  Total: 1986.10 GB
[ 1510.1s] IOs:    520743917  IOPS:   344835  Throughput:  1347.0 MB/s  Total: 1986.48 GB
[ 1510.7s] IOs:    520844811  IOPS:   344780  Throughput:  1346.8 MB/s  Total: 1986.87 GB
[ 1511.1s] IOs:    520945771  IOPS:   344740  Throughput:  1346.6 MB/s  Total: 1987.25 GB
[ 1511.5s] IOs:    521046224  IOPS:   344725  Throughput:  1346.6 MB/s  Total: 1987.63 GB
[ 1511.7s] IOs:    521146933  IOPS:   344736  Throughput:  1346.6 MB/s  Total: 1988.02 GB
[ 1512.5s] IOs:    521247695  IOPS:   344636  Throughput:  1346.2 MB/s  Total: 1988.40 GB
[ 1513.0s] IOs:    521348486  IOPS:   344570  Throughput:  1346.0 MB/s  Total: 1988.79 GB
[ 1513.6s] IOs:    521449322  IOPS:   344518  Throughput:  1345.8 MB/s  Total: 1989.17 GB
[ 1514.1s] IOs:    521549864  IOPS:   344469  Throughput:  1345.6 MB/s  Total: 1989.55 GB
[Reader] Parsed 73000000 lines, distributed 521574443 writes, unique 635.57 GB, skipped 0
[ 1514.6s] IOs:    521650223  IOPS:   344425  Throughput:  1345.4 MB/s  Total: 1989.94 GB
[ 1515.1s] IOs:    521751220  IOPS:   344379  Throughput:  1345.2 MB/s  Total: 1990.32 GB
[ 1515.4s] IOs:    521851720  IOPS:   344355  Throughput:  1345.1 MB/s  Total: 1990.71 GB
[ 1515.9s] IOs:    521952208  IOPS:   344319  Throughput:  1345.0 MB/s  Total: 1991.09 GB
[ 1516.2s] IOs:    522052604  IOPS:   344318  Throughput:  1345.0 MB/s  Total: 1991.47 GB
[ 1516.8s] IOs:    522153166  IOPS:   344253  Throughput:  1344.7 MB/s  Total: 1991.86 GB
[ 1517.1s] IOs:    522253837  IOPS:   344242  Throughput:  1344.7 MB/s  Total: 1992.24 GB
[ 1517.7s] IOs:    522354566  IOPS:   344171  Throughput:  1344.4 MB/s  Total: 1992.62 GB
[ 1518.4s] IOs:    522455063  IOPS:   344075  Throughput:  1344.0 MB/s  Total: 1993.01 GB
[ 1518.9s] IOs:    522555722  IOPS:   344028  Throughput:  1343.9 MB/s  Total: 1993.39 GB
[ 1519.4s] IOs:    522656033  IOPS:   343984  Throughput:  1343.7 MB/s  Total: 1993.77 GB
[ 1519.7s] IOs:    522756310  IOPS:   343987  Throughput:  1343.7 MB/s  Total: 1994.16 GB
[ 1520.4s] IOs:    522857026  IOPS:   343900  Throughput:  1343.4 MB/s  Total: 1994.54 GB
[ 1520.6s] IOs:    522957792  IOPS:   343916  Throughput:  1343.4 MB/s  Total: 1994.93 GB
[ 1521.2s] IOs:    523058504  IOPS:   343839  Throughput:  1343.1 MB/s  Total: 1995.31 GB
[ 1521.5s] IOs:    523159202  IOPS:   343844  Throughput:  1343.1 MB/s  Total: 1995.69 GB
[ 1522.0s] IOs:    523259810  IOPS:   343806  Throughput:  1343.0 MB/s  Total: 1996.08 GB
[ 1522.3s] IOs:    523360517  IOPS:   343803  Throughput:  1343.0 MB/s  Total: 1996.46 GB
[ 1522.6s] IOs:    523461050  IOPS:   343799  Throughput:  1343.0 MB/s  Total: 1996.85 GB
[ 1523.1s] IOs:    523561695  IOPS:   343755  Throughput:  1342.8 MB/s  Total: 1997.23 GB
[ 1523.3s] IOs:    523662374  IOPS:   343764  Throughput:  1342.8 MB/s  Total: 1997.61 GB
[ 1523.6s] IOs:    523762995  IOPS:   343766  Throughput:  1342.8 MB/s  Total: 1998.00 GB
[ 1524.0s] IOs:    523863677  IOPS:   343750  Throughput:  1342.8 MB/s  Total: 1998.38 GB
[ 1524.4s] IOs:    523964446  IOPS:   343719  Throughput:  1342.7 MB/s  Total: 1998.77 GB
[ 1524.6s] IOs:    524065004  IOPS:   343730  Throughput:  1342.7 MB/s  Total: 1999.15 GB
[ 1525.1s] IOs:    524165963  IOPS:   343687  Throughput:  1342.5 MB/s  Total: 1999.53 GB
[ 1525.7s] IOs:    524266963  IOPS:   343622  Throughput:  1342.3 MB/s  Total: 1999.92 GB
[ 1526.1s] IOs:    524367015  IOPS:   343599  Throughput:  1342.2 MB/s  Total: 2000.30 GB
[ 1526.3s] IOs:    524467712  IOPS:   343613  Throughput:  1342.2 MB/s  Total: 2000.69 GB
[ 1526.8s] IOs:    524568360  IOPS:   343563  Throughput:  1342.0 MB/s  Total: 2001.07 GB
[ 1527.2s] IOs:    524669058  IOPS:   343554  Throughput:  1342.0 MB/s  Total: 2001.45 GB
[ 1527.6s] IOs:    524769784  IOPS:   343529  Throughput:  1341.9 MB/s  Total: 2001.84 GB
[ 1528.0s] IOs:    524870645  IOPS:   343500  Throughput:  1341.8 MB/s  Total: 2002.22 GB
[ 1528.3s] IOs:    524970703  IOPS:   343509  Throughput:  1341.8 MB/s  Total: 2002.60 GB
[ 1528.8s] IOs:    525071496  IOPS:   343463  Throughput:  1341.7 MB/s  Total: 2002.99 GB
[ 1529.0s] IOs:    525171963  IOPS:   343477  Throughput:  1341.7 MB/s  Total: 2003.37 GB
[ 1529.3s] IOs:    525272748  IOPS:   343470  Throughput:  1341.7 MB/s  Total: 2003.76 GB
[ 1529.7s] IOs:    525373499  IOPS:   343453  Throughput:  1341.6 MB/s  Total: 2004.14 GB
[ 1529.9s] IOs:    525474255  IOPS:   343465  Throughput:  1341.7 MB/s  Total: 2004.53 GB
[ 1530.3s] IOs:    525575046  IOPS:   343440  Throughput:  1341.6 MB/s  Total: 2004.91 GB
[ 1530.7s] IOs:    525675538  IOPS:   343428  Throughput:  1341.5 MB/s  Total: 2005.29 GB
[ 1531.1s] IOs:    525776276  IOPS:   343405  Throughput:  1341.4 MB/s  Total: 2005.68 GB
[ 1531.3s] IOs:    525876972  IOPS:   343421  Throughput:  1341.5 MB/s  Total: 2006.06 GB
[ 1531.8s] IOs:    525977526  IOPS:   343375  Throughput:  1341.3 MB/s  Total: 2006.45 GB
[ 1532.1s] IOs:    526078301  IOPS:   343379  Throughput:  1341.3 MB/s  Total: 2006.83 GB
[ 1532.3s] IOs:    526178819  IOPS:   343381  Throughput:  1341.3 MB/s  Total: 2007.21 GB
[ 1532.7s] IOs:    526279670  IOPS:   343375  Throughput:  1341.3 MB/s  Total: 2007.60 GB
[ 1532.9s] IOs:    526380323  IOPS:   343390  Throughput:  1341.4 MB/s  Total: 2007.98 GB
[ 1533.3s] IOs:    526480984  IOPS:   343367  Throughput:  1341.3 MB/s  Total: 2008.37 GB
[ 1533.6s] IOs:    526581706  IOPS:   343365  Throughput:  1341.3 MB/s  Total: 2008.75 GB
[ 1533.8s] IOs:    526682307  IOPS:   343382  Throughput:  1341.3 MB/s  Total: 2009.13 GB
[ 1534.1s] IOs:    526783211  IOPS:   343375  Throughput:  1341.3 MB/s  Total: 2009.52 GB
[ 1534.4s] IOs:    526883648  IOPS:   343371  Throughput:  1341.3 MB/s  Total: 2009.90 GB
[ 1534.7s] IOs:    526984113  IOPS:   343385  Throughput:  1341.3 MB/s  Total: 2010.28 GB
[ 1535.2s] IOs:    527084674  IOPS:   343340  Throughput:  1341.2 MB/s  Total: 2010.67 GB
[ 1535.6s] IOs:    527185591  IOPS:   343313  Throughput:  1341.1 MB/s  Total: 2011.05 GB
[ 1535.9s] IOs:    527286342  IOPS:   343309  Throughput:  1341.1 MB/s  Total: 2011.44 GB
[ 1536.3s] IOs:    527386950  IOPS:   343279  Throughput:  1340.9 MB/s  Total: 2011.82 GB
[ 1536.8s] IOs:    527487362  IOPS:   343237  Throughput:  1340.8 MB/s  Total: 2012.20 GB
[ 1537.3s] IOs:    527587837  IOPS:   343195  Throughput:  1340.6 MB/s  Total: 2012.59 GB
[ 1537.6s] IOs:    527688556  IOPS:   343180  Throughput:  1340.5 MB/s  Total: 2012.97 GB
[ 1538.0s] IOs:    527789457  IOPS:   343172  Throughput:  1340.5 MB/s  Total: 2013.36 GB
[ 1538.3s] IOs:    527890358  IOPS:   343163  Throughput:  1340.5 MB/s  Total: 2013.74 GB
[ 1538.7s] IOs:    527991275  IOPS:   343150  Throughput:  1340.4 MB/s  Total: 2014.13 GB
[ 1539.1s] IOs:    528092140  IOPS:   343115  Throughput:  1340.3 MB/s  Total: 2014.51 GB
[ 1539.3s] IOs:    528192910  IOPS:   343128  Throughput:  1340.3 MB/s  Total: 2014.90 GB
[ 1539.9s] IOs:    528293784  IOPS:   343072  Throughput:  1340.1 MB/s  Total: 2015.28 GB
[ 1540.2s] IOs:    528394517  IOPS:   343061  Throughput:  1340.1 MB/s  Total: 2015.67 GB
[ 1540.6s] IOs:    528495210  IOPS:   343045  Throughput:  1340.0 MB/s  Total: 2016.05 GB
[ 1540.9s] IOs:    528595894  IOPS:   343053  Throughput:  1340.1 MB/s  Total: 2016.43 GB
[ 1541.4s] IOs:    528696436  IOPS:   342997  Throughput:  1339.8 MB/s  Total: 2016.82 GB
[ 1541.7s] IOs:    528797195  IOPS:   342996  Throughput:  1339.8 MB/s  Total: 2017.20 GB
[ 1542.1s] IOs:    528897580  IOPS:   342967  Throughput:  1339.7 MB/s  Total: 2017.58 GB
[ 1542.5s] IOs:    528998373  IOPS:   342946  Throughput:  1339.6 MB/s  Total: 2017.97 GB
[ 1542.8s] IOs:    529098955  IOPS:   342957  Throughput:  1339.7 MB/s  Total: 2018.35 GB
[ 1543.2s] IOs:    529199771  IOPS:   342934  Throughput:  1339.6 MB/s  Total: 2018.74 GB
[ 1543.6s] IOs:    529300358  IOPS:   342895  Throughput:  1339.4 MB/s  Total: 2019.12 GB
[ 1543.9s] IOs:    529400968  IOPS:   342888  Throughput:  1339.4 MB/s  Total: 2019.50 GB
[ 1544.3s] IOs:    529501551  IOPS:   342872  Throughput:  1339.3 MB/s  Total: 2019.89 GB
[ 1545.1s] IOs:    529602470  IOPS:   342767  Throughput:  1338.9 MB/s  Total: 2020.27 GB
[ 1545.7s] IOs:    529703186  IOPS:   342686  Throughput:  1338.6 MB/s  Total: 2020.66 GB
[ 1546.4s] IOs:    529803780  IOPS:   342615  Throughput:  1338.3 MB/s  Total: 2021.04 GB
[ 1546.9s] IOs:    529904757  IOPS:   342553  Throughput:  1338.1 MB/s  Total: 2021.43 GB
[ 1547.7s] IOs:    530005629  IOPS:   342456  Throughput:  1337.7 MB/s  Total: 2021.81 GB
[ 1548.2s] IOs:    530106394  IOPS:   342398  Throughput:  1337.5 MB/s  Total: 2022.20 GB
[ 1548.7s] IOs:    530206782  IOPS:   342362  Throughput:  1337.4 MB/s  Total: 2022.58 GB
[ 1549.3s] IOs:    530307735  IOPS:   342291  Throughput:  1337.1 MB/s  Total: 2022.96 GB
[ 1549.6s] IOs:    530408481  IOPS:   342278  Throughput:  1337.0 MB/s  Total: 2023.35 GB
[ 1550.2s] IOs:    530509266  IOPS:   342219  Throughput:  1336.8 MB/s  Total: 2023.73 GB
[ 1550.5s] IOs:    530609763  IOPS:   342212  Throughput:  1336.8 MB/s  Total: 2024.12 GB
[ 1550.9s] IOs:    530710383  IOPS:   342204  Throughput:  1336.7 MB/s  Total: 2024.50 GB
[ 1551.4s] IOs:    530811288  IOPS:   342140  Throughput:  1336.5 MB/s  Total: 2024.88 GB
[ 1552.0s] IOs:    530912200  IOPS:   342086  Throughput:  1336.3 MB/s  Total: 2025.27 GB
[ 1552.2s] IOs:    531012944  IOPS:   342102  Throughput:  1336.3 MB/s  Total: 2025.65 GB
[ 1552.8s] IOs:    531113550  IOPS:   342030  Throughput:  1336.1 MB/s  Total: 2026.04 GB
[ 1553.2s] IOs:    531214151  IOPS:   342007  Throughput:  1336.0 MB/s  Total: 2026.42 GB
[ 1553.8s] IOs:    531315071  IOPS:   341956  Throughput:  1335.8 MB/s  Total: 2026.81 GB
[ 1554.1s] IOs:    531415505  IOPS:   341941  Throughput:  1335.7 MB/s  Total: 2027.19 GB
[ 1554.5s] IOs:    531515901  IOPS:   341931  Throughput:  1335.7 MB/s  Total: 2027.57 GB
[ 1554.8s] IOs:    531616464  IOPS:   341915  Throughput:  1335.6 MB/s  Total: 2027.96 GB
[ 1555.4s] IOs:    531717318  IOPS:   341852  Throughput:  1335.4 MB/s  Total: 2028.34 GB
[ 1556.0s] IOs:    531817848  IOPS:   341794  Throughput:  1335.1 MB/s  Total: 2028.72 GB
[ 1556.3s] IOs:    531918746  IOPS:   341780  Throughput:  1335.1 MB/s  Total: 2029.11 GB
[ 1556.8s] IOs:    532019426  IOPS:   341736  Throughput:  1334.9 MB/s  Total: 2029.49 GB
[ 1557.2s] IOs:    532120016  IOPS:   341714  Throughput:  1334.8 MB/s  Total: 2029.88 GB
[ 1557.5s] IOs:    532220572  IOPS:   341706  Throughput:  1334.8 MB/s  Total: 2030.26 GB
[ 1557.9s] IOs:    532321055  IOPS:   341697  Throughput:  1334.8 MB/s  Total: 2030.64 GB
[ 1558.6s] IOs:    532421902  IOPS:   341613  Throughput:  1334.4 MB/s  Total: 2031.03 GB
[ 1558.8s] IOs:    532522569  IOPS:   341625  Throughput:  1334.5 MB/s  Total: 2031.41 GB
[ 1559.4s] IOs:    532623214  IOPS:   341552  Throughput:  1334.2 MB/s  Total: 2031.80 GB
[ 1560.0s] IOs:    532723657  IOPS:   341481  Throughput:  1333.9 MB/s  Total: 2032.18 GB
[ 1560.3s] IOs:    532824305  IOPS:   341492  Throughput:  1334.0 MB/s  Total: 2032.56 GB
[ 1561.0s] IOs:    532925337  IOPS:   341404  Throughput:  1333.6 MB/s  Total: 2032.95 GB
[ 1561.4s] IOs:    533025950  IOPS:   341383  Throughput:  1333.5 MB/s  Total: 2033.33 GB
[ 1561.9s] IOs:    533126302  IOPS:   341323  Throughput:  1333.3 MB/s  Total: 2033.72 GB
[ 1562.3s] IOs:    533226879  IOPS:   341308  Throughput:  1333.2 MB/s  Total: 2034.10 GB
[ 1562.9s] IOs:    533327617  IOPS:   341243  Throughput:  1333.0 MB/s  Total: 2034.48 GB
[ 1563.3s] IOs:    533428422  IOPS:   341226  Throughput:  1332.9 MB/s  Total: 2034.87 GB
[Reader] Parsed 74000000 lines, distributed 533475996 writes, unique 648.72 GB, skipped 0
[ 1563.8s] IOs:    533529272  IOPS:   341176  Throughput:  1332.7 MB/s  Total: 2035.25 GB
[ 1564.4s] IOs:    533629851  IOPS:   341115  Throughput:  1332.5 MB/s  Total: 2035.64 GB
[ 1564.6s] IOs:    533730060  IOPS:   341120  Throughput:  1332.5 MB/s  Total: 2036.02 GB
[ 1564.9s] IOs:    533830753  IOPS:   341122  Throughput:  1332.5 MB/s  Total: 2036.40 GB
[ 1565.5s] IOs:    533931457  IOPS:   341054  Throughput:  1332.2 MB/s  Total: 2036.79 GB
[ 1565.8s] IOs:    534032274  IOPS:   341062  Throughput:  1332.3 MB/s  Total: 2037.17 GB
[ 1566.1s] IOs:    534132685  IOPS:   341055  Throughput:  1332.2 MB/s  Total: 2037.55 GB
[ 1566.4s] IOs:    534232970  IOPS:   341052  Throughput:  1332.2 MB/s  Total: 2037.94 GB
[ 1566.9s] IOs:    534333544  IOPS:   341015  Throughput:  1332.1 MB/s  Total: 2038.32 GB
[ 1567.1s] IOs:    534434196  IOPS:   341030  Throughput:  1332.1 MB/s  Total: 2038.70 GB
[ 1567.4s] IOs:    534534943  IOPS:   341026  Throughput:  1332.1 MB/s  Total: 2039.09 GB
[ 1567.8s] IOs:    534635221  IOPS:   341014  Throughput:  1332.1 MB/s  Total: 2039.47 GB
[ 1568.0s] IOs:    534735543  IOPS:   341029  Throughput:  1332.1 MB/s  Total: 2039.85 GB
[ 1568.4s] IOs:    534836346  IOPS:   341010  Throughput:  1332.1 MB/s  Total: 2040.24 GB
[ 1568.9s] IOs:    534937142  IOPS:   340968  Throughput:  1331.9 MB/s  Total: 2040.62 GB
[ 1569.1s] IOs:    535037847  IOPS:   340984  Throughput:  1332.0 MB/s  Total: 2041.01 GB
[ 1569.4s] IOs:    535138660  IOPS:   340973  Throughput:  1331.9 MB/s  Total: 2041.39 GB
[ 1569.8s] IOs:    535239282  IOPS:   340953  Throughput:  1331.8 MB/s  Total: 2041.78 GB
[ 1570.2s] IOs:    535339726  IOPS:   340931  Throughput:  1331.8 MB/s  Total: 2042.16 GB
[ 1570.5s] IOs:    535440689  IOPS:   340931  Throughput:  1331.8 MB/s  Total: 2042.54 GB
[ 1570.8s] IOs:    535541490  IOPS:   340930  Throughput:  1331.8 MB/s  Total: 2042.93 GB
[ 1571.1s] IOs:    535642249  IOPS:   340936  Throughput:  1331.8 MB/s  Total: 2043.31 GB
[ 1571.5s] IOs:    535742683  IOPS:   340917  Throughput:  1331.7 MB/s  Total: 2043.70 GB
[ 1571.7s] IOs:    535843249  IOPS:   340923  Throughput:  1331.7 MB/s  Total: 2044.08 GB
[ 1572.0s] IOs:    535944078  IOPS:   340933  Throughput:  1331.8 MB/s  Total: 2044.46 GB
[ 1572.3s] IOs:    536044781  IOPS:   340933  Throughput:  1331.8 MB/s  Total: 2044.85 GB
[ 1572.5s] IOs:    536145616  IOPS:   340948  Throughput:  1331.8 MB/s  Total: 2045.23 GB
[ 1572.8s] IOs:    536246179  IOPS:   340943  Throughput:  1331.8 MB/s  Total: 2045.62 GB
[ 1573.1s] IOs:    536346760  IOPS:   340948  Throughput:  1331.8 MB/s  Total: 2046.00 GB
[ 1573.4s] IOs:    536447377  IOPS:   340939  Throughput:  1331.8 MB/s  Total: 2046.38 GB
[ 1573.9s] IOs:    536548355  IOPS:   340907  Throughput:  1331.7 MB/s  Total: 2046.77 GB
[ 1574.2s] IOs:    536648862  IOPS:   340894  Throughput:  1331.6 MB/s  Total: 2047.15 GB
[ 1574.5s] IOs:    536749368  IOPS:   340905  Throughput:  1331.7 MB/s  Total: 2047.54 GB
[ 1574.9s] IOs:    536849678  IOPS:   340874  Throughput:  1331.5 MB/s  Total: 2047.92 GB
[ 1575.2s] IOs:    536950344  IOPS:   340874  Throughput:  1331.5 MB/s  Total: 2048.30 GB
[ 1575.5s] IOs:    537051181  IOPS:   340873  Throughput:  1331.5 MB/s  Total: 2048.69 GB
[ 1575.8s] IOs:    537152091  IOPS:   340877  Throughput:  1331.6 MB/s  Total: 2049.07 GB
[ 1576.1s] IOs:    537252443  IOPS:   340880  Throughput:  1331.6 MB/s  Total: 2049.46 GB
[ 1576.4s] IOs:    537352765  IOPS:   340876  Throughput:  1331.5 MB/s  Total: 2049.84 GB
[ 1576.6s] IOs:    537453391  IOPS:   340889  Throughput:  1331.6 MB/s  Total: 2050.22 GB
[ 1576.9s] IOs:    537554004  IOPS:   340896  Throughput:  1331.6 MB/s  Total: 2050.61 GB
[ 1577.1s] IOs:    537654866  IOPS:   340906  Throughput:  1331.7 MB/s  Total: 2050.99 GB
[ 1577.4s] IOs:    537755544  IOPS:   340912  Throughput:  1331.7 MB/s  Total: 2051.37 GB
[ 1577.6s] IOs:    537856193  IOPS:   340923  Throughput:  1331.7 MB/s  Total: 2051.76 GB
[ 1577.9s] IOs:    537956875  IOPS:   340927  Throughput:  1331.7 MB/s  Total: 2052.14 GB
[ 1578.2s] IOs:    538057636  IOPS:   340933  Throughput:  1331.8 MB/s  Total: 2052.53 GB
[ 1578.5s] IOs:    538158224  IOPS:   340937  Throughput:  1331.8 MB/s  Total: 2052.91 GB
[ 1578.8s] IOs:    538258774  IOPS:   340937  Throughput:  1331.8 MB/s  Total: 2053.29 GB
[ 1579.3s] IOs:    538359249  IOPS:   340893  Throughput:  1331.6 MB/s  Total: 2053.68 GB
[ 1579.8s] IOs:    538459498  IOPS:   340838  Throughput:  1331.4 MB/s  Total: 2054.06 GB
[ 1580.2s] IOs:    538559546  IOPS:   340808  Throughput:  1331.3 MB/s  Total: 2054.44 GB
[ 1580.5s] IOs:    538660429  IOPS:   340807  Throughput:  1331.3 MB/s  Total: 2054.83 GB
[ 1581.0s] IOs:    538761127  IOPS:   340780  Throughput:  1331.2 MB/s  Total: 2055.21 GB
[ 1581.5s] IOs:    538861798  IOPS:   340735  Throughput:  1331.0 MB/s  Total: 2055.59 GB
[ 1581.8s] IOs:    538962312  IOPS:   340721  Throughput:  1330.9 MB/s  Total: 2055.98 GB
[ 1582.3s] IOs:    539063124  IOPS:   340683  Throughput:  1330.8 MB/s  Total: 2056.36 GB
[ 1582.5s] IOs:    539163239  IOPS:   340693  Throughput:  1330.8 MB/s  Total: 2056.74 GB
[ 1582.9s] IOs:    539264256  IOPS:   340682  Throughput:  1330.8 MB/s  Total: 2057.13 GB
[ 1583.3s] IOs:    539364717  IOPS:   340661  Throughput:  1330.7 MB/s  Total: 2057.51 GB
[ 1583.5s] IOs:    539465283  IOPS:   340674  Throughput:  1330.8 MB/s  Total: 2057.90 GB
[ 1584.2s] IOs:    539566295  IOPS:   340598  Throughput:  1330.5 MB/s  Total: 2058.28 GB
[ 1584.4s] IOs:    539667048  IOPS:   340603  Throughput:  1330.5 MB/s  Total: 2058.67 GB
[ 1585.2s] IOs:    539767983  IOPS:   340495  Throughput:  1330.1 MB/s  Total: 2059.05 GB
[ 1585.7s] IOs:    539868593  IOPS:   340451  Throughput:  1329.9 MB/s  Total: 2059.44 GB
[ 1586.1s] IOs:    539969164  IOPS:   340443  Throughput:  1329.9 MB/s  Total: 2059.82 GB
[ 1586.6s] IOs:    540069795  IOPS:   340404  Throughput:  1329.7 MB/s  Total: 2060.20 GB
[ 1586.9s] IOs:    540170583  IOPS:   340385  Throughput:  1329.6 MB/s  Total: 2060.59 GB
[ 1587.5s] IOs:    540271516  IOPS:   340333  Throughput:  1329.4 MB/s  Total: 2060.97 GB
[ 1588.0s] IOs:    540372507  IOPS:   340291  Throughput:  1329.3 MB/s  Total: 2061.36 GB
[ 1588.3s] IOs:    540473268  IOPS:   340285  Throughput:  1329.2 MB/s  Total: 2061.74 GB
[ 1588.6s] IOs:    540573788  IOPS:   340294  Throughput:  1329.3 MB/s  Total: 2062.13 GB
[ 1589.1s] IOs:    540674605  IOPS:   340240  Throughput:  1329.1 MB/s  Total: 2062.51 GB
[ 1589.4s] IOs:    540775490  IOPS:   340230  Throughput:  1329.0 MB/s  Total: 2062.89 GB
[ 1589.8s] IOs:    540876355  IOPS:   340214  Throughput:  1329.0 MB/s  Total: 2063.28 GB
[ 1590.1s] IOs:    540976863  IOPS:   340219  Throughput:  1329.0 MB/s  Total: 2063.66 GB
[ 1590.5s] IOs:    541077260  IOPS:   340201  Throughput:  1328.9 MB/s  Total: 2064.05 GB
[ 1590.8s] IOs:    541178000  IOPS:   340202  Throughput:  1328.9 MB/s  Total: 2064.43 GB
[ 1591.0s] IOs:    541278902  IOPS:   340211  Throughput:  1329.0 MB/s  Total: 2064.82 GB
[ 1591.4s] IOs:    541379489  IOPS:   340189  Throughput:  1328.9 MB/s  Total: 2065.20 GB
[ 1591.6s] IOs:    541479805  IOPS:   340203  Throughput:  1328.9 MB/s  Total: 2065.58 GB
[ 1592.0s] IOs:    541580228  IOPS:   340195  Throughput:  1328.9 MB/s  Total: 2065.96 GB
[ 1592.3s] IOs:    541681225  IOPS:   340185  Throughput:  1328.8 MB/s  Total: 2066.35 GB
[ 1592.5s] IOs:    541782225  IOPS:   340198  Throughput:  1328.9 MB/s  Total: 2066.74 GB
[ 1592.9s] IOs:    541882291  IOPS:   340194  Throughput:  1328.9 MB/s  Total: 2067.12 GB
[ 1593.1s] IOs:    541982664  IOPS:   340209  Throughput:  1328.9 MB/s  Total: 2067.50 GB
[ 1593.4s] IOs:    542083214  IOPS:   340196  Throughput:  1328.9 MB/s  Total: 2067.88 GB
[ 1593.7s] IOs:    542184015  IOPS:   340208  Throughput:  1328.9 MB/s  Total: 2068.27 GB
[ 1594.2s] IOs:    542284911  IOPS:   340160  Throughput:  1328.7 MB/s  Total: 2068.65 GB
[ 1594.5s] IOs:    542385789  IOPS:   340152  Throughput:  1328.7 MB/s  Total: 2069.04 GB
[ 1595.1s] IOs:    542486463  IOPS:   340101  Throughput:  1328.5 MB/s  Total: 2069.42 GB
[ 1595.4s] IOs:    542587042  IOPS:   340096  Throughput:  1328.5 MB/s  Total: 2069.81 GB
[ 1595.7s] IOs:    542687586  IOPS:   340095  Throughput:  1328.5 MB/s  Total: 2070.19 GB
[ 1596.1s] IOs:    542787998  IOPS:   340072  Throughput:  1328.4 MB/s  Total: 2070.57 GB
[ 1596.5s] IOs:    542888567  IOPS:   340051  Throughput:  1328.3 MB/s  Total: 2070.96 GB
[ 1596.7s] IOs:    542989014  IOPS:   340059  Throughput:  1328.4 MB/s  Total: 2071.34 GB
[ 1597.2s] IOs:    543089388  IOPS:   340030  Throughput:  1328.2 MB/s  Total: 2071.72 GB
[ 1597.5s] IOs:    543189977  IOPS:   340016  Throughput:  1328.2 MB/s  Total: 2072.11 GB
[ 1597.8s] IOs:    543291000  IOPS:   340023  Throughput:  1328.2 MB/s  Total: 2072.49 GB
[ 1598.2s] IOs:    543391741  IOPS:   340005  Throughput:  1328.1 MB/s  Total: 2072.87 GB
[ 1598.8s] IOs:    543492741  IOPS:   339943  Throughput:  1327.9 MB/s  Total: 2073.26 GB
[ 1599.0s] IOs:    543592990  IOPS:   339949  Throughput:  1327.9 MB/s  Total: 2073.64 GB
[ 1599.6s] IOs:    543693918  IOPS:   339887  Throughput:  1327.7 MB/s  Total: 2074.03 GB
[ 1600.1s] IOs:    543794907  IOPS:   339847  Throughput:  1327.5 MB/s  Total: 2074.41 GB
[ 1600.6s] IOs:    543894935  IOPS:   339808  Throughput:  1327.4 MB/s  Total: 2074.79 GB
[ 1601.1s] IOs:    543995904  IOPS:   339761  Throughput:  1327.2 MB/s  Total: 2075.18 GB
[ 1601.5s] IOs:    544096342  IOPS:   339746  Throughput:  1327.1 MB/s  Total: 2075.56 GB
[ 1601.7s] IOs:    544196798  IOPS:   339756  Throughput:  1327.2 MB/s  Total: 2075.95 GB
[ 1609.7s] IOs:    544296823  IOPS:   338135  Throughput:  1320.8 MB/s  Total: 2076.33 GB
[ 1612.3s] IOs:    544397737  IOPS:   337657  Throughput:  1319.0 MB/s  Total: 2076.71 GB
[ 1614.3s] IOs:    544497777  IOPS:   337289  Throughput:  1317.5 MB/s  Total: 2077.09 GB
[ 1616.2s] IOs:    544598006  IOPS:   336955  Throughput:  1316.2 MB/s  Total: 2077.48 GB
[ 1617.9s] IOs:    544698524  IOPS:   336664  Throughput:  1315.1 MB/s  Total: 2077.86 GB
[ 1618.8s] IOs:    544799243  IOPS:   336539  Throughput:  1314.6 MB/s  Total: 2078.24 GB
[ 1620.3s] IOs:    544899388  IOPS:   336293  Throughput:  1313.6 MB/s  Total: 2078.63 GB
[ 1621.4s] IOs:    545000395  IOPS:   336134  Throughput:  1313.0 MB/s  Total: 2079.01 GB
[ 1622.3s] IOs:    545101026  IOPS:   336002  Throughput:  1312.5 MB/s  Total: 2079.40 GB
[ 1622.9s] IOs:    545201086  IOPS:   335936  Throughput:  1312.3 MB/s  Total: 2079.78 GB
[ 1624.1s] IOs:    545301510  IOPS:   335764  Throughput:  1311.6 MB/s  Total: 2080.16 GB
[ 1624.8s] IOs:    545401566  IOPS:   335679  Throughput:  1311.2 MB/s  Total: 2080.54 GB
[ 1625.4s] IOs:    545502406  IOPS:   335607  Throughput:  1311.0 MB/s  Total: 2080.93 GB
[ 1626.0s] IOs:    545602999  IOPS:   335546  Throughput:  1310.7 MB/s  Total: 2081.31 GB
[Reader] Parsed 75000000 lines, distributed 545651523 writes, unique 652.84 GB, skipped 0
[ 1626.5s] IOs:    545703733  IOPS:   335511  Throughput:  1310.6 MB/s  Total: 2081.69 GB
[ 1627.3s] IOs:    545804376  IOPS:   335406  Throughput:  1310.2 MB/s  Total: 2082.08 GB
[ 1627.9s] IOs:    545905201  IOPS:   335343  Throughput:  1309.9 MB/s  Total: 2082.46 GB
[ 1628.6s] IOs:    546006187  IOPS:   335263  Throughput:  1309.6 MB/s  Total: 2082.85 GB
[ 1628.9s] IOs:    546106635  IOPS:   335256  Throughput:  1309.6 MB/s  Total: 2083.23 GB
[ 1629.5s] IOs:    546207096  IOPS:   335199  Throughput:  1309.4 MB/s  Total: 2083.61 GB
[ 1630.0s] IOs:    546307565  IOPS:   335161  Throughput:  1309.2 MB/s  Total: 2084.00 GB
[ 1630.5s] IOs:    546408459  IOPS:   335108  Throughput:  1309.0 MB/s  Total: 2084.38 GB
[ 1630.9s] IOs:    546509430  IOPS:   335104  Throughput:  1309.0 MB/s  Total: 2084.77 GB
[ 1631.4s] IOs:    546610100  IOPS:   335048  Throughput:  1308.8 MB/s  Total: 2085.15 GB
[ 1631.8s] IOs:    546710788  IOPS:   335040  Throughput:  1308.7 MB/s  Total: 2085.54 GB
[ 1632.0s] IOs:    546811114  IOPS:   335054  Throughput:  1308.8 MB/s  Total: 2085.92 GB
[ 1632.7s] IOs:    546912103  IOPS:   334969  Throughput:  1308.5 MB/s  Total: 2086.30 GB
[ 1633.0s] IOs:    547012742  IOPS:   334977  Throughput:  1308.5 MB/s  Total: 2086.69 GB
[ 1633.5s] IOs:    547113507  IOPS:   334931  Throughput:  1308.3 MB/s  Total: 2087.07 GB
[ 1634.0s] IOs:    547214316  IOPS:   334887  Throughput:  1308.2 MB/s  Total: 2087.46 GB
[ 1634.5s] IOs:    547315097  IOPS:   334859  Throughput:  1308.0 MB/s  Total: 2087.84 GB
[ 1635.0s] IOs:    547415842  IOPS:   334817  Throughput:  1307.9 MB/s  Total: 2088.23 GB
[ 1635.4s] IOs:    547516501  IOPS:   334780  Throughput:  1307.7 MB/s  Total: 2088.61 GB
[ 1635.9s] IOs:    547617317  IOPS:   334758  Throughput:  1307.6 MB/s  Total: 2088.99 GB
[ 1636.3s] IOs:    547717958  IOPS:   334723  Throughput:  1307.5 MB/s  Total: 2089.38 GB
[ 1636.9s] IOs:    547818863  IOPS:   334660  Throughput:  1307.3 MB/s  Total: 2089.76 GB
[ 1637.4s] IOs:    547919306  IOPS:   334618  Throughput:  1307.1 MB/s  Total: 2090.15 GB
[ 1638.0s] IOs:    548019818  IOPS:   334575  Throughput:  1306.9 MB/s  Total: 2090.53 GB
[ 1638.5s] IOs:    548120677  IOPS:   334523  Throughput:  1306.7 MB/s  Total: 2090.91 GB
[ 1639.0s] IOs:    548221314  IOPS:   334489  Throughput:  1306.6 MB/s  Total: 2091.30 GB
[ 1639.4s] IOs:    548321900  IOPS:   334465  Throughput:  1306.5 MB/s  Total: 2091.68 GB
[ 1639.8s] IOs:    548422541  IOPS:   334438  Throughput:  1306.4 MB/s  Total: 2092.07 GB
[ 1640.1s] IOs:    548523374  IOPS:   334454  Throughput:  1306.5 MB/s  Total: 2092.45 GB
[ 1640.6s] IOs:    548624121  IOPS:   334410  Throughput:  1306.3 MB/s  Total: 2092.83 GB
[ 1641.1s] IOs:    548724730  IOPS:   334371  Throughput:  1306.1 MB/s  Total: 2093.22 GB
[ 1641.4s] IOs:    548825270  IOPS:   334367  Throughput:  1306.1 MB/s  Total: 2093.60 GB
[ 1641.8s] IOs:    548926114  IOPS:   334340  Throughput:  1306.0 MB/s  Total: 2093.99 GB
[ 1642.1s] IOs:    549026877  IOPS:   334344  Throughput:  1306.0 MB/s  Total: 2094.37 GB
[ 1642.5s] IOs:    549127680  IOPS:   334328  Throughput:  1306.0 MB/s  Total: 2094.76 GB
[ 1642.9s] IOs:    549228360  IOPS:   334306  Throughput:  1305.9 MB/s  Total: 2095.14 GB
[ 1643.2s] IOs:    549328607  IOPS:   334306  Throughput:  1305.9 MB/s  Total: 2095.52 GB
[ 1643.5s] IOs:    549428850  IOPS:   334310  Throughput:  1305.9 MB/s  Total: 2095.90 GB
[ 1644.2s] IOs:    549529414  IOPS:   334230  Throughput:  1305.6 MB/s  Total: 2096.29 GB
[ 1644.4s] IOs:    549629880  IOPS:   334238  Throughput:  1305.6 MB/s  Total: 2096.67 GB
[ 1645.4s] IOs:    549730625  IOPS:   334107  Throughput:  1305.1 MB/s  Total: 2097.06 GB
[ 1646.0s] IOs:    549831100  IOPS:   334034  Throughput:  1304.8 MB/s  Total: 2097.44 GB
[ 1646.4s] IOs:    549932025  IOPS:   334023  Throughput:  1304.8 MB/s  Total: 2097.82 GB
[ 1647.0s] IOs:    550032403  IOPS:   333963  Throughput:  1304.5 MB/s  Total: 2098.21 GB
[ 1647.6s] IOs:    550132810  IOPS:   333905  Throughput:  1304.3 MB/s  Total: 2098.59 GB
[ 1648.0s] IOs:    550233659  IOPS:   333885  Throughput:  1304.2 MB/s  Total: 2098.97 GB
[ 1648.6s] IOs:    550334690  IOPS:   333814  Throughput:  1304.0 MB/s  Total: 2099.36 GB
[ 1649.1s] IOs:    550435417  IOPS:   333788  Throughput:  1303.9 MB/s  Total: 2099.74 GB
[ 1649.8s] IOs:    550536393  IOPS:   333700  Throughput:  1303.5 MB/s  Total: 2100.13 GB
[ 1650.3s] IOs:    550637231  IOPS:   333651  Throughput:  1303.3 MB/s  Total: 2100.51 GB
[ 1650.9s] IOs:    550738041  IOPS:   333598  Throughput:  1303.1 MB/s  Total: 2100.90 GB
[ 1651.3s] IOs:    550838654  IOPS:   333569  Throughput:  1303.0 MB/s  Total: 2101.28 GB
[ 1651.8s] IOs:    550939095  IOPS:   333537  Throughput:  1302.9 MB/s  Total: 2101.67 GB
[ 1652.3s] IOs:    551039838  IOPS:   333499  Throughput:  1302.7 MB/s  Total: 2102.05 GB
[ 1652.6s] IOs:    551140736  IOPS:   333493  Throughput:  1302.7 MB/s  Total: 2102.44 GB
[ 1653.1s] IOs:    551241579  IOPS:   333450  Throughput:  1302.5 MB/s  Total: 2102.82 GB
[ 1653.5s] IOs:    551342240  IOPS:   333443  Throughput:  1302.5 MB/s  Total: 2103.20 GB
[ 1654.0s] IOs:    551443009  IOPS:   333393  Throughput:  1302.3 MB/s  Total: 2103.59 GB
[ 1654.4s] IOs:    551543297  IOPS:   333381  Throughput:  1302.3 MB/s  Total: 2103.97 GB
[ 1654.9s] IOs:    551644295  IOPS:   333346  Throughput:  1302.1 MB/s  Total: 2104.36 GB
[ 1655.1s] IOs:    551744309  IOPS:   333356  Throughput:  1302.2 MB/s  Total: 2104.74 GB
[ 1655.5s] IOs:    551845000  IOPS:   333340  Throughput:  1302.1 MB/s  Total: 2105.12 GB
[ 1656.0s] IOs:    551945650  IOPS:   333303  Throughput:  1302.0 MB/s  Total: 2105.51 GB
[ 1656.3s] IOs:    552046032  IOPS:   333299  Throughput:  1301.9 MB/s  Total: 2105.89 GB
[ 1656.9s] IOs:    552146940  IOPS:   333241  Throughput:  1301.7 MB/s  Total: 2106.27 GB
[ 1657.5s] IOs:    552247079  IOPS:   333186  Throughput:  1301.5 MB/s  Total: 2106.66 GB
[ 1658.0s] IOs:    552348031  IOPS:   333142  Throughput:  1301.3 MB/s  Total: 2107.04 GB
[ 1658.5s] IOs:    552448778  IOPS:   333099  Throughput:  1301.2 MB/s  Total: 2107.42 GB
[ 1659.0s] IOs:    552549616  IOPS:   333064  Throughput:  1301.0 MB/s  Total: 2107.81 GB
[ 1659.6s] IOs:    552650112  IOPS:   332997  Throughput:  1300.8 MB/s  Total: 2108.19 GB
[ 1659.9s] IOs:    552750730  IOPS:   333005  Throughput:  1300.8 MB/s  Total: 2108.58 GB
[ 1660.4s] IOs:    552851532  IOPS:   332969  Throughput:  1300.7 MB/s  Total: 2108.96 GB
[ 1660.6s] IOs:    552952007  IOPS:   332976  Throughput:  1300.7 MB/s  Total: 2109.34 GB
[ 1661.1s] IOs:    553052452  IOPS:   332936  Throughput:  1300.5 MB/s  Total: 2109.73 GB
[ 1661.5s] IOs:    553152980  IOPS:   332923  Throughput:  1300.5 MB/s  Total: 2110.11 GB
[ 1662.0s] IOs:    553253849  IOPS:   332876  Throughput:  1300.3 MB/s  Total: 2110.50 GB
[ 1662.4s] IOs:    553354656  IOPS:   332867  Throughput:  1300.3 MB/s  Total: 2110.88 GB
[ 1662.7s] IOs:    553455203  IOPS:   332871  Throughput:  1300.3 MB/s  Total: 2111.26 GB
[ 1663.0s] IOs:    553555694  IOPS:   332858  Throughput:  1300.2 MB/s  Total: 2111.65 GB
[ 1663.5s] IOs:    553656042  IOPS:   332835  Throughput:  1300.1 MB/s  Total: 2112.03 GB
[ 1663.8s] IOs:    553756700  IOPS:   332831  Throughput:  1300.1 MB/s  Total: 2112.41 GB
[ 1664.0s] IOs:    553857452  IOPS:   332842  Throughput:  1300.2 MB/s  Total: 2112.80 GB
[ 1664.4s] IOs:    553958253  IOPS:   332827  Throughput:  1300.1 MB/s  Total: 2113.18 GB
[ 1664.7s] IOs:    554058693  IOPS:   332831  Throughput:  1300.1 MB/s  Total: 2113.57 GB
[ 1665.0s] IOs:    554159120  IOPS:   332822  Throughput:  1300.1 MB/s  Total: 2113.95 GB
[ 1665.5s] IOs:    554259859  IOPS:   332780  Throughput:  1299.9 MB/s  Total: 2114.33 GB
[ 1666.0s] IOs:    554360897  IOPS:   332758  Throughput:  1299.8 MB/s  Total: 2114.72 GB
[ 1666.5s] IOs:    554461755  IOPS:   332717  Throughput:  1299.7 MB/s  Total: 2115.10 GB
[ 1666.7s] IOs:    554562150  IOPS:   332731  Throughput:  1299.7 MB/s  Total: 2115.49 GB
[ 1667.1s] IOs:    554662228  IOPS:   332716  Throughput:  1299.7 MB/s  Total: 2115.87 GB
[ 1667.5s] IOs:    554762602  IOPS:   332684  Throughput:  1299.5 MB/s  Total: 2116.25 GB
[ 1667.9s] IOs:    554863446  IOPS:   332680  Throughput:  1299.5 MB/s  Total: 2116.64 GB
[ 1668.1s] IOs:    554964371  IOPS:   332686  Throughput:  1299.6 MB/s  Total: 2117.02 GB
[ 1668.5s] IOs:    555064563  IOPS:   332676  Throughput:  1299.5 MB/s  Total: 2117.40 GB
[ 1668.7s] IOs:    555165055  IOPS:   332691  Throughput:  1299.6 MB/s  Total: 2117.79 GB
[ 1669.1s] IOs:    555265682  IOPS:   332673  Throughput:  1299.5 MB/s  Total: 2118.17 GB
[ 1669.5s] IOs:    555366375  IOPS:   332663  Throughput:  1299.5 MB/s  Total: 2118.55 GB
[ 1669.8s] IOs:    555467178  IOPS:   332655  Throughput:  1299.4 MB/s  Total: 2118.94 GB
[ 1670.1s] IOs:    555567903  IOPS:   332655  Throughput:  1299.4 MB/s  Total: 2119.32 GB
[ 1670.4s] IOs:    555668249  IOPS:   332648  Throughput:  1299.4 MB/s  Total: 2119.71 GB
[ 1670.7s] IOs:    555768586  IOPS:   332661  Throughput:  1299.5 MB/s  Total: 2120.09 GB
[ 1671.0s] IOs:    555869302  IOPS:   332656  Throughput:  1299.4 MB/s  Total: 2120.47 GB
[ 1671.4s] IOs:    555969853  IOPS:   332646  Throughput:  1299.4 MB/s  Total: 2120.86 GB
[ 1671.6s] IOs:    556070504  IOPS:   332657  Throughput:  1299.4 MB/s  Total: 2121.24 GB
[ 1671.9s] IOs:    556170868  IOPS:   332655  Throughput:  1299.4 MB/s  Total: 2121.62 GB
[ 1672.2s] IOs:    556271473  IOPS:   332668  Throughput:  1299.5 MB/s  Total: 2122.01 GB
[ 1672.4s] IOs:    556372097  IOPS:   332669  Throughput:  1299.5 MB/s  Total: 2122.39 GB
[ 1672.9s] IOs:    556472663  IOPS:   332639  Throughput:  1299.4 MB/s  Total: 2122.77 GB
[ 1673.2s] IOs:    556572970  IOPS:   332642  Throughput:  1299.4 MB/s  Total: 2123.16 GB
[ 1673.6s] IOs:    556673584  IOPS:   332628  Throughput:  1299.3 MB/s  Total: 2123.54 GB
[ 1674.1s] IOs:    556773929  IOPS:   332579  Throughput:  1299.1 MB/s  Total: 2123.92 GB
[ 1674.4s] IOs:    556874542  IOPS:   332584  Throughput:  1299.2 MB/s  Total: 2124.31 GB
[ 1674.6s] IOs:    556974834  IOPS:   332596  Throughput:  1299.2 MB/s  Total: 2124.69 GB
[ 1675.0s] IOs:    557075305  IOPS:   332584  Throughput:  1299.2 MB/s  Total: 2125.07 GB
[ 1675.3s] IOs:    557176027  IOPS:   332586  Throughput:  1299.2 MB/s  Total: 2125.46 GB
[ 1675.6s] IOs:    557276765  IOPS:   332577  Throughput:  1299.1 MB/s  Total: 2125.84 GB
[ 1675.9s] IOs:    557377507  IOPS:   332592  Throughput:  1299.2 MB/s  Total: 2126.23 GB
[ 1676.2s] IOs:    557478084  IOPS:   332593  Throughput:  1299.2 MB/s  Total: 2126.61 GB
[ 1676.5s] IOs:    557578693  IOPS:   332586  Throughput:  1299.2 MB/s  Total: 2126.99 GB
[ 1676.7s] IOs:    557679452  IOPS:   332601  Throughput:  1299.2 MB/s  Total: 2127.38 GB
[ 1677.0s] IOs:    557780048  IOPS:   332601  Throughput:  1299.2 MB/s  Total: 2127.76 GB
[ 1677.3s] IOs:    557880650  IOPS:   332603  Throughput:  1299.2 MB/s  Total: 2128.15 GB
[ 1677.6s] IOs:    557981074  IOPS:   332613  Throughput:  1299.3 MB/s  Total: 2128.53 GB
[ 1677.9s] IOs:    558081907  IOPS:   332612  Throughput:  1299.3 MB/s  Total: 2128.91 GB
[ 1678.1s] IOs:    558182421  IOPS:   332627  Throughput:  1299.3 MB/s  Total: 2129.30 GB
[ 1678.6s] IOs:    558282665  IOPS:   332583  Throughput:  1299.2 MB/s  Total: 2129.68 GB
[ 1678.9s] IOs:    558383397  IOPS:   332590  Throughput:  1299.2 MB/s  Total: 2130.06 GB
[ 1679.1s] IOs:    558483633  IOPS:   332600  Throughput:  1299.2 MB/s  Total: 2130.45 GB
[ 1679.4s] IOs:    558584562  IOPS:   332614  Throughput:  1299.3 MB/s  Total: 2130.83 GB
[ 1679.7s] IOs:    558685240  IOPS:   332607  Throughput:  1299.2 MB/s  Total: 2131.22 GB
[ 1680.0s] IOs:    558785832  IOPS:   332620  Throughput:  1299.3 MB/s  Total: 2131.60 GB
[ 1680.3s] IOs:    558886619  IOPS:   332619  Throughput:  1299.3 MB/s  Total: 2131.98 GB
[ 1680.5s] IOs:    558987302  IOPS:   332625  Throughput:  1299.3 MB/s  Total: 2132.37 GB
[ 1680.8s] IOs:    559088030  IOPS:   332624  Throughput:  1299.3 MB/s  Total: 2132.75 GB
[ 1681.1s] IOs:    559188675  IOPS:   332623  Throughput:  1299.3 MB/s  Total: 2133.14 GB
[ 1681.4s] IOs:    559289057  IOPS:   332635  Throughput:  1299.4 MB/s  Total: 2133.52 GB
[ 1681.7s] IOs:    559389599  IOPS:   332637  Throughput:  1299.4 MB/s  Total: 2133.90 GB
[ 1682.0s] IOs:    559490068  IOPS:   332641  Throughput:  1299.4 MB/s  Total: 2134.29 GB
[ 1682.3s] IOs:    559591051  IOPS:   332635  Throughput:  1299.4 MB/s  Total: 2134.67 GB
[ 1682.5s] IOs:    559691785  IOPS:   332648  Throughput:  1299.4 MB/s  Total: 2135.05 GB
[ 1682.8s] IOs:    559792240  IOPS:   332659  Throughput:  1299.5 MB/s  Total: 2135.44 GB
[Reader] Parsed 76000000 lines, distributed 559861611 writes, unique 659.86 GB, skipped 0
[ 1683.1s] IOs:    559892929  IOPS:   332662  Throughput:  1299.5 MB/s  Total: 2135.82 GB
[ 1683.3s] IOs:    559993489  IOPS:   332674  Throughput:  1299.5 MB/s  Total: 2136.21 GB
[ 1683.6s] IOs:    560094080  IOPS:   332683  Throughput:  1299.5 MB/s  Total: 2136.59 GB
[ 1683.8s] IOs:    560194775  IOPS:   332692  Throughput:  1299.6 MB/s  Total: 2136.97 GB
[ 1684.1s] IOs:    560295319  IOPS:   332693  Throughput:  1299.6 MB/s  Total: 2137.36 GB
[ 1684.4s] IOs:    560395764  IOPS:   332700  Throughput:  1299.6 MB/s  Total: 2137.74 GB
[ 1684.9s] IOs:    560496406  IOPS:   332667  Throughput:  1299.5 MB/s  Total: 2138.12 GB
[ 1685.3s] IOs:    560596836  IOPS:   332649  Throughput:  1299.4 MB/s  Total: 2138.51 GB
[ 1685.7s] IOs:    560697480  IOPS:   332618  Throughput:  1299.3 MB/s  Total: 2138.89 GB
[ 1686.0s] IOs:    560798226  IOPS:   332617  Throughput:  1299.3 MB/s  Total: 2139.28 GB
[ 1686.3s] IOs:    560898835  IOPS:   332624  Throughput:  1299.3 MB/s  Total: 2139.66 GB
[ 1686.7s] IOs:    560999776  IOPS:   332596  Throughput:  1299.2 MB/s  Total: 2140.04 GB
[ 1686.9s] IOs:    561100244  IOPS:   332613  Throughput:  1299.3 MB/s  Total: 2140.43 GB
[ 1687.3s] IOs:    561200849  IOPS:   332603  Throughput:  1299.2 MB/s  Total: 2140.81 GB
[ 1687.7s] IOs:    561301423  IOPS:   332591  Throughput:  1299.2 MB/s  Total: 2141.20 GB
[ 1687.9s] IOs:    561401844  IOPS:   332607  Throughput:  1299.2 MB/s  Total: 2141.58 GB
[ 1688.2s] IOs:    561501974  IOPS:   332600  Throughput:  1299.2 MB/s  Total: 2141.96 GB
[ 1688.7s] IOs:    561602813  IOPS:   332559  Throughput:  1299.1 MB/s  Total: 2142.34 GB
[ 1689.2s] IOs:    561703508  IOPS:   332527  Throughput:  1298.9 MB/s  Total: 2142.73 GB
[ 1689.6s] IOs:    561804321  IOPS:   332502  Throughput:  1298.8 MB/s  Total: 2143.11 GB
[ 1689.9s] IOs:    561905259  IOPS:   332508  Throughput:  1298.9 MB/s  Total: 2143.50 GB
[ 1690.6s] IOs:    562005976  IOPS:   332432  Throughput:  1298.6 MB/s  Total: 2143.88 GB
[ 1691.3s] IOs:    562106614  IOPS:   332360  Throughput:  1298.3 MB/s  Total: 2144.27 GB
[ 1691.7s] IOs:    562207519  IOPS:   332336  Throughput:  1298.2 MB/s  Total: 2144.65 GB
[ 1692.2s] IOs:    562308343  IOPS:   332287  Throughput:  1298.0 MB/s  Total: 2145.04 GB
[ 1692.8s] IOs:    562408803  IOPS:   332234  Throughput:  1297.8 MB/s  Total: 2145.42 GB
[ 1693.2s] IOs:    562509263  IOPS:   332208  Throughput:  1297.7 MB/s  Total: 2145.80 GB
[ 1693.7s] IOs:    562609775  IOPS:   332172  Throughput:  1297.5 MB/s  Total: 2146.19 GB
[ 1694.4s] IOs:    562710651  IOPS:   332097  Throughput:  1297.3 MB/s  Total: 2146.57 GB
[ 1694.7s] IOs:    562811297  IOPS:   332107  Throughput:  1297.3 MB/s  Total: 2146.95 GB
[ 1695.1s] IOs:    562911851  IOPS:   332079  Throughput:  1297.2 MB/s  Total: 2147.34 GB
[ 1695.5s] IOs:    563012556  IOPS:   332067  Throughput:  1297.1 MB/s  Total: 2147.72 GB
[ 1695.8s] IOs:    563113209  IOPS:   332070  Throughput:  1297.1 MB/s  Total: 2148.11 GB
[ 1696.3s] IOs:    563213880  IOPS:   332022  Throughput:  1297.0 MB/s  Total: 2148.49 GB
[ 1696.7s] IOs:    563314236  IOPS:   332015  Throughput:  1296.9 MB/s  Total: 2148.87 GB
[ 1696.9s] IOs:    563414836  IOPS:   332034  Throughput:  1297.0 MB/s  Total: 2149.26 GB
[ 1697.6s] IOs:    563515628  IOPS:   331952  Throughput:  1296.7 MB/s  Total: 2149.64 GB
[ 1697.8s] IOs:    563615988  IOPS:   331967  Throughput:  1296.7 MB/s  Total: 2150.02 GB
[ 1698.4s] IOs:    563716913  IOPS:   331905  Throughput:  1296.5 MB/s  Total: 2150.41 GB
[ 1698.8s] IOs:    563817377  IOPS:   331893  Throughput:  1296.5 MB/s  Total: 2150.79 GB
[ 1699.3s] IOs:    563918206  IOPS:   331850  Throughput:  1296.3 MB/s  Total: 2151.18 GB
[ 1699.8s] IOs:    564018679  IOPS:   331816  Throughput:  1296.2 MB/s  Total: 2151.56 GB
[ 1700.3s] IOs:    564119435  IOPS:   331783  Throughput:  1296.0 MB/s  Total: 2151.94 GB
[ 1700.6s] IOs:    564220169  IOPS:   331772  Throughput:  1296.0 MB/s  Total: 2152.33 GB
[ 1700.9s] IOs:    564320988  IOPS:   331784  Throughput:  1296.0 MB/s  Total: 2152.71 GB
[ 1701.4s] IOs:    564421793  IOPS:   331739  Throughput:  1295.9 MB/s  Total: 2153.10 GB
[ 1701.9s] IOs:    564522254  IOPS:   331701  Throughput:  1295.7 MB/s  Total: 2153.48 GB
[ 1702.2s] IOs:    564622701  IOPS:   331705  Throughput:  1295.7 MB/s  Total: 2153.86 GB
[ 1702.8s] IOs:    564723307  IOPS:   331652  Throughput:  1295.5 MB/s  Total: 2154.25 GB
[ 1703.3s] IOs:    564823644  IOPS:   331615  Throughput:  1295.4 MB/s  Total: 2154.63 GB
[ 1703.8s] IOs:    564924370  IOPS:   331573  Throughput:  1295.2 MB/s  Total: 2155.02 GB
[ 1704.2s] IOs:    565024731  IOPS:   331550  Throughput:  1295.1 MB/s  Total: 2155.40 GB
[ 1704.7s] IOs:    565125260  IOPS:   331512  Throughput:  1295.0 MB/s  Total: 2155.78 GB
[ 1704.9s] IOs:    565225841  IOPS:   331525  Throughput:  1295.0 MB/s  Total: 2156.17 GB
[ 1705.4s] IOs:    565326133  IOPS:   331489  Throughput:  1294.9 MB/s  Total: 2156.55 GB
[ 1705.8s] IOs:    565426842  IOPS:   331480  Throughput:  1294.8 MB/s  Total: 2156.93 GB
[ 1706.3s] IOs:    565527413  IOPS:   331436  Throughput:  1294.7 MB/s  Total: 2157.32 GB
[ 1706.7s] IOs:    565627864  IOPS:   331423  Throughput:  1294.6 MB/s  Total: 2157.70 GB
[ 1706.9s] IOs:    565728222  IOPS:   331432  Throughput:  1294.7 MB/s  Total: 2158.08 GB
[ 1707.3s] IOs:    565829036  IOPS:   331420  Throughput:  1294.6 MB/s  Total: 2158.47 GB
[ 1707.7s] IOs:    565929839  IOPS:   331399  Throughput:  1294.5 MB/s  Total: 2158.85 GB
[ 1707.9s] IOs:    566030192  IOPS:   331417  Throughput:  1294.6 MB/s  Total: 2159.23 GB
[ 1708.2s] IOs:    566130886  IOPS:   331416  Throughput:  1294.6 MB/s  Total: 2159.62 GB
[ 1708.5s] IOs:    566231268  IOPS:   331427  Throughput:  1294.6 MB/s  Total: 2160.00 GB
[ 1708.8s] IOs:    566332059  IOPS:   331423  Throughput:  1294.6 MB/s  Total: 2160.39 GB
[ 1709.2s] IOs:    566432663  IOPS:   331400  Throughput:  1294.5 MB/s  Total: 2160.77 GB
[ 1709.5s] IOs:    566533122  IOPS:   331409  Throughput:  1294.6 MB/s  Total: 2161.15 GB
[ 1709.7s] IOs:    566633665  IOPS:   331414  Throughput:  1294.6 MB/s  Total: 2161.54 GB
[ 1710.0s] IOs:    566734292  IOPS:   331430  Throughput:  1294.6 MB/s  Total: 2161.92 GB
[ 1710.3s] IOs:    566834684  IOPS:   331420  Throughput:  1294.6 MB/s  Total: 2162.30 GB
[ 1710.6s] IOs:    566935073  IOPS:   331419  Throughput:  1294.6 MB/s  Total: 2162.69 GB
[ 1710.9s] IOs:    567035499  IOPS:   331419  Throughput:  1294.6 MB/s  Total: 2163.07 GB
[ 1711.1s] IOs:    567135912  IOPS:   331437  Throughput:  1294.7 MB/s  Total: 2163.45 GB
[ 1711.4s] IOs:    567235919  IOPS:   331450  Throughput:  1294.7 MB/s  Total: 2163.83 GB
[ 1711.6s] IOs:    567336877  IOPS:   331457  Throughput:  1294.8 MB/s  Total: 2164.22 GB
[ 1711.9s] IOs:    567437297  IOPS:   331470  Throughput:  1294.8 MB/s  Total: 2164.60 GB
[ 1712.1s] IOs:    567537867  IOPS:   331481  Throughput:  1294.8 MB/s  Total: 2164.99 GB
[ 1712.4s] IOs:    567638601  IOPS:   331480  Throughput:  1294.8 MB/s  Total: 2165.37 GB
[ 1713.0s] IOs:    567739336  IOPS:   331429  Throughput:  1294.6 MB/s  Total: 2165.75 GB
[ 1713.3s] IOs:    567839730  IOPS:   331421  Throughput:  1294.6 MB/s  Total: 2166.14 GB
[ 1713.8s] IOs:    567940587  IOPS:   331400  Throughput:  1294.5 MB/s  Total: 2166.52 GB
[ 1714.0s] IOs:    568041359  IOPS:   331413  Throughput:  1294.6 MB/s  Total: 2166.91 GB
[ 1714.5s] IOs:    568142014  IOPS:   331375  Throughput:  1294.4 MB/s  Total: 2167.29 GB
[ 1714.8s] IOs:    568242259  IOPS:   331369  Throughput:  1294.4 MB/s  Total: 2167.67 GB
[ 1715.1s] IOs:    568342682  IOPS:   331385  Throughput:  1294.5 MB/s  Total: 2168.06 GB
[ 1715.5s] IOs:    568443682  IOPS:   331349  Throughput:  1294.3 MB/s  Total: 2168.44 GB
[ 1715.8s] IOs:    568544471  IOPS:   331351  Throughput:  1294.3 MB/s  Total: 2168.83 GB
[ 1716.1s] IOs:    568645261  IOPS:   331365  Throughput:  1294.4 MB/s  Total: 2169.21 GB
[ 1716.5s] IOs:    568745611  IOPS:   331343  Throughput:  1294.3 MB/s  Total: 2169.59 GB
[ 1716.8s] IOs:    568846001  IOPS:   331345  Throughput:  1294.3 MB/s  Total: 2169.98 GB
[ 1717.0s] IOs:    568946633  IOPS:   331359  Throughput:  1294.4 MB/s  Total: 2170.36 GB
[ 1717.4s] IOs:    569046646  IOPS:   331339  Throughput:  1294.3 MB/s  Total: 2170.74 GB
[ 1717.6s] IOs:    569147323  IOPS:   331353  Throughput:  1294.3 MB/s  Total: 2171.12 GB
[ 1718.1s] IOs:    569247787  IOPS:   331323  Throughput:  1294.2 MB/s  Total: 2171.51 GB
[ 1718.3s] IOs:    569348130  IOPS:   331335  Throughput:  1294.3 MB/s  Total: 2171.89 GB
[ 1718.8s] IOs:    569448764  IOPS:   331306  Throughput:  1294.2 MB/s  Total: 2172.27 GB
[ 1719.3s] IOs:    569549440  IOPS:   331277  Throughput:  1294.0 MB/s  Total: 2172.66 GB
[Reader] Parsed 77000000 lines, distributed 569644611 writes, unique 665.27 GB, skipped 0
[ 1719.6s] IOs:    569650293  IOPS:   331273  Throughput:  1294.0 MB/s  Total: 2173.04 GB
[ 1719.9s] IOs:    569750664  IOPS:   331268  Throughput:  1294.0 MB/s  Total: 2173.43 GB
[ 1720.4s] IOs:    569851233  IOPS:   331235  Throughput:  1293.9 MB/s  Total: 2173.81 GB
[ 1720.8s] IOs:    569951927  IOPS:   331222  Throughput:  1293.8 MB/s  Total: 2174.19 GB
[ 1721.0s] IOs:    570052626  IOPS:   331236  Throughput:  1293.9 MB/s  Total: 2174.58 GB
[ 1721.4s] IOs:    570153391  IOPS:   331220  Throughput:  1293.8 MB/s  Total: 2174.96 GB
[ 1722.0s] IOs:    570254141  IOPS:   331165  Throughput:  1293.6 MB/s  Total: 2175.35 GB
[ 1722.3s] IOs:    570354581  IOPS:   331160  Throughput:  1293.6 MB/s  Total: 2175.73 GB
[ 1722.8s] IOs:    570455287  IOPS:   331116  Throughput:  1293.4 MB/s  Total: 2176.11 GB
[ 1723.3s] IOs:    570555880  IOPS:   331077  Throughput:  1293.3 MB/s  Total: 2176.50 GB
[ 1723.9s] IOs:    570656322  IOPS:   331032  Throughput:  1293.1 MB/s  Total: 2176.88 GB
[ 1724.4s] IOs:    570757136  IOPS:   330991  Throughput:  1292.9 MB/s  Total: 2177.27 GB
[ 1724.7s] IOs:    570857530  IOPS:   330980  Throughput:  1292.9 MB/s  Total: 2177.65 GB
[ 1725.0s] IOs:    570958113  IOPS:   330996  Throughput:  1293.0 MB/s  Total: 2178.03 GB
[ 1725.6s] IOs:    571058129  IOPS:   330929  Throughput:  1292.7 MB/s  Total: 2178.41 GB
[ 1725.9s] IOs:    571158987  IOPS:   330934  Throughput:  1292.7 MB/s  Total: 2178.80 GB
[ 1726.4s] IOs:    571259677  IOPS:   330894  Throughput:  1292.6 MB/s  Total: 2179.18 GB
[ 1727.1s] IOs:    571360220  IOPS:   330824  Throughput:  1292.3 MB/s  Total: 2179.57 GB
[ 1727.4s] IOs:    571460873  IOPS:   330825  Throughput:  1292.3 MB/s  Total: 2179.95 GB
[ 1728.0s] IOs:    571561715  IOPS:   330771  Throughput:  1292.1 MB/s  Total: 2180.33 GB
[ 1728.5s] IOs:    571661716  IOPS:   330723  Throughput:  1291.9 MB/s  Total: 2180.72 GB
[ 1729.0s] IOs:    571762627  IOPS:   330691  Throughput:  1291.8 MB/s  Total: 2181.10 GB
[ 1729.6s] IOs:    571863298  IOPS:   330636  Throughput:  1291.5 MB/s  Total: 2181.49 GB
[ 1730.0s] IOs:    571963834  IOPS:   330617  Throughput:  1291.5 MB/s  Total: 2181.87 GB
[ 1730.6s] IOs:    572064551  IOPS:   330563  Throughput:  1291.3 MB/s  Total: 2182.25 GB
[ 1730.9s] IOs:    572165472  IOPS:   330551  Throughput:  1291.2 MB/s  Total: 2182.64 GB
[ 1731.5s] IOs:    572266218  IOPS:   330512  Throughput:  1291.1 MB/s  Total: 2183.02 GB
[ 1731.8s] IOs:    572366780  IOPS:   330502  Throughput:  1291.0 MB/s  Total: 2183.41 GB
[ 1732.3s] IOs:    572467190  IOPS:   330463  Throughput:  1290.9 MB/s  Total: 2183.79 GB
[ 1732.6s] IOs:    572567781  IOPS:   330468  Throughput:  1290.9 MB/s  Total: 2184.17 GB
[ 1732.9s] IOs:    572668534  IOPS:   330472  Throughput:  1290.9 MB/s  Total: 2184.56 GB
[ 1733.4s] IOs:    572768989  IOPS:   330435  Throughput:  1290.8 MB/s  Total: 2184.94 GB
[ 1733.6s] IOs:    572869576  IOPS:   330451  Throughput:  1290.8 MB/s  Total: 2185.32 GB
[ 1734.2s] IOs:    572970066  IOPS:   330390  Throughput:  1290.6 MB/s  Total: 2185.71 GB
[ 1734.5s] IOs:    573070838  IOPS:   330391  Throughput:  1290.6 MB/s  Total: 2186.09 GB
[ 1735.1s] IOs:    573171680  IOPS:   330343  Throughput:  1290.4 MB/s  Total: 2186.48 GB
[ 1735.5s] IOs:    573272355  IOPS:   330318  Throughput:  1290.3 MB/s  Total: 2186.86 GB
[ 1736.0s] IOs:    573373230  IOPS:   330291  Throughput:  1290.2 MB/s  Total: 2187.25 GB
[ 1736.4s] IOs:    573473826  IOPS:   330265  Throughput:  1290.1 MB/s  Total: 2187.63 GB
[ 1736.9s] IOs:    573574858  IOPS:   330230  Throughput:  1290.0 MB/s  Total: 2188.01 GB
[ 1737.1s] IOs:    573675597  IOPS:   330244  Throughput:  1290.0 MB/s  Total: 2188.40 GB
[ 1737.5s] IOs:    573776171  IOPS:   330239  Throughput:  1290.0 MB/s  Total: 2188.78 GB
[ 1738.3s] IOs:    573876196  IOPS:   330141  Throughput:  1289.6 MB/s  Total: 2189.16 GB
[ 1739.5s] IOs:    573976208  IOPS:   329974  Throughput:  1289.0 MB/s  Total: 2189.55 GB
[ 1740.4s] IOs:    574076711  IOPS:   329845  Throughput:  1288.5 MB/s  Total: 2189.93 GB
[ 1741.3s] IOs:    574177642  IOPS:   329731  Throughput:  1288.0 MB/s  Total: 2190.31 GB
[ 1742.0s] IOs:    574278593  IOPS:   329670  Throughput:  1287.8 MB/s  Total: 2190.70 GB
[ 1743.0s] IOs:    574379544  IOPS:   329542  Throughput:  1287.3 MB/s  Total: 2191.08 GB
[ 1743.9s] IOs:    574480374  IOPS:   329431  Throughput:  1286.8 MB/s  Total: 2191.47 GB
[ 1744.4s] IOs:    574581226  IOPS:   329380  Throughput:  1286.6 MB/s  Total: 2191.85 GB
[ 1745.1s] IOs:    574681852  IOPS:   329320  Throughput:  1286.4 MB/s  Total: 2192.24 GB
[ 1745.8s] IOs:    574782594  IOPS:   329241  Throughput:  1286.1 MB/s  Total: 2192.62 GB
[ 1746.3s] IOs:    574883407  IOPS:   329199  Throughput:  1285.9 MB/s  Total: 2193.01 GB
[ 1746.9s] IOs:    574984094  IOPS:   329143  Throughput:  1285.7 MB/s  Total: 2193.39 GB
[ 1747.4s] IOs:    575084796  IOPS:   329101  Throughput:  1285.6 MB/s  Total: 2193.77 GB
[ 1747.9s] IOs:    575184887  IOPS:   329076  Throughput:  1285.5 MB/s  Total: 2194.16 GB
[ 1748.3s] IOs:    575285409  IOPS:   329049  Throughput:  1285.3 MB/s  Total: 2194.54 GB
[ 1748.9s] IOs:    575386024  IOPS:   328990  Throughput:  1285.1 MB/s  Total: 2194.92 GB
[ 1749.3s] IOs:    575486796  IOPS:   328981  Throughput:  1285.1 MB/s  Total: 2195.31 GB
[ 1749.8s] IOs:    575587105  IOPS:   328948  Throughput:  1285.0 MB/s  Total: 2195.69 GB
[ 1750.5s] IOs:    575687807  IOPS:   328878  Throughput:  1284.7 MB/s  Total: 2196.07 GB
[ 1750.9s] IOs:    575788392  IOPS:   328852  Throughput:  1284.6 MB/s  Total: 2196.46 GB
[ 1751.6s] IOs:    575889342  IOPS:   328784  Throughput:  1284.3 MB/s  Total: 2196.84 GB
[ 1752.0s] IOs:    575989750  IOPS:   328770  Throughput:  1284.3 MB/s  Total: 2197.23 GB
[ 1752.6s] IOs:    576090338  IOPS:   328698  Throughput:  1284.0 MB/s  Total: 2197.61 GB
[ 1753.0s] IOs:    576190799  IOPS:   328690  Throughput:  1283.9 MB/s  Total: 2197.99 GB
[ 1753.7s] IOs:    576291650  IOPS:   328622  Throughput:  1283.7 MB/s  Total: 2198.38 GB
[ 1754.0s] IOs:    576392651  IOPS:   328620  Throughput:  1283.7 MB/s  Total: 2198.76 GB
[ 1754.6s] IOs:    576493069  IOPS:   328559  Throughput:  1283.4 MB/s  Total: 2199.15 GB
[ 1754.9s] IOs:    576593463  IOPS:   328557  Throughput:  1283.4 MB/s  Total: 2199.53 GB
[ 1755.5s] IOs:    576694146  IOPS:   328511  Throughput:  1283.2 MB/s  Total: 2199.91 GB
[ 1755.8s] IOs:    576794807  IOPS:   328502  Throughput:  1283.2 MB/s  Total: 2200.30 GB
[ 1756.0s] IOs:    576895292  IOPS:   328519  Throughput:  1283.3 MB/s  Total: 2200.68 GB
[ 1756.6s] IOs:    576996082  IOPS:   328476  Throughput:  1283.1 MB/s  Total: 2201.07 GB
[ 1756.9s] IOs:    577096308  IOPS:   328468  Throughput:  1283.1 MB/s  Total: 2201.45 GB
[ 1757.3s] IOs:    577197090  IOPS:   328456  Throughput:  1283.0 MB/s  Total: 2201.83 GB
[ 1757.6s] IOs:    577297503  IOPS:   328465  Throughput:  1283.1 MB/s  Total: 2202.22 GB
[ 1758.1s] IOs:    577398181  IOPS:   328419  Throughput:  1282.9 MB/s  Total: 2202.60 GB
[ 1758.4s] IOs:    577499068  IOPS:   328416  Throughput:  1282.9 MB/s  Total: 2202.98 GB
[ 1759.3s] IOs:    577599952  IOPS:   328316  Throughput:  1282.5 MB/s  Total: 2203.37 GB
[ 1759.9s] IOs:    577700812  IOPS:   328254  Throughput:  1282.2 MB/s  Total: 2203.75 GB
[ 1760.3s] IOs:    577801567  IOPS:   328241  Throughput:  1282.2 MB/s  Total: 2204.14 GB
[ 1760.9s] IOs:    577902454  IOPS:   328192  Throughput:  1282.0 MB/s  Total: 2204.52 GB
[ 1761.3s] IOs:    578003363  IOPS:   328163  Throughput:  1281.9 MB/s  Total: 2204.91 GB
[ 1761.6s] IOs:    578103854  IOPS:   328175  Throughput:  1281.9 MB/s  Total: 2205.29 GB
[ 1761.8s] IOs:    578204080  IOPS:   328183  Throughput:  1282.0 MB/s  Total: 2205.67 GB
[ 1762.1s] IOs:    578304326  IOPS:   328188  Throughput:  1282.0 MB/s  Total: 2206.06 GB
[ 1762.4s] IOs:    578404793  IOPS:   328192  Throughput:  1282.0 MB/s  Total: 2206.44 GB
[ 1762.7s] IOs:    578505221  IOPS:   328202  Throughput:  1282.0 MB/s  Total: 2206.82 GB
[ 1762.9s] IOs:    578605409  IOPS:   328208  Throughput:  1282.1 MB/s  Total: 2207.20 GB
[ 1763.2s] IOs:    578705788  IOPS:   328214  Throughput:  1282.1 MB/s  Total: 2207.59 GB
[ 1763.5s] IOs:    578806043  IOPS:   328222  Throughput:  1282.1 MB/s  Total: 2207.97 GB
[ 1763.7s] IOs:    578906776  IOPS:   328230  Throughput:  1282.1 MB/s  Total: 2208.35 GB
[ 1763.9s] IOs:    579007394  IOPS:   328249  Throughput:  1282.2 MB/s  Total: 2208.74 GB
[ 1764.1s] IOs:    579108346  IOPS:   328268  Throughput:  1282.3 MB/s  Total: 2209.12 GB
[ 1764.5s] IOs:    579209015  IOPS:   328264  Throughput:  1282.3 MB/s  Total: 2209.51 GB
[ 1764.7s] IOs:    579309750  IOPS:   328277  Throughput:  1282.3 MB/s  Total: 2209.89 GB
[ 1765.1s] IOs:    579410614  IOPS:   328262  Throughput:  1282.3 MB/s  Total: 2210.28 GB
[ 1765.4s] IOs:    579511526  IOPS:   328255  Throughput:  1282.2 MB/s  Total: 2210.66 GB
[ 1765.7s] IOs:    579611986  IOPS:   328264  Throughput:  1282.3 MB/s  Total: 2211.04 GB
[ 1765.9s] IOs:    579712834  IOPS:   328278  Throughput:  1282.3 MB/s  Total: 2211.43 GB
[ 1766.2s] IOs:    579813150  IOPS:   328288  Throughput:  1282.4 MB/s  Total: 2211.81 GB
[ 1766.4s] IOs:    579913992  IOPS:   328298  Throughput:  1282.4 MB/s  Total: 2212.20 GB
[ 1766.7s] IOs:    580014540  IOPS:   328302  Throughput:  1282.4 MB/s  Total: 2212.58 GB
[ 1767.0s] IOs:    580114871  IOPS:   328313  Throughput:  1282.5 MB/s  Total: 2212.96 GB
[ 1767.2s] IOs:    580215080  IOPS:   328322  Throughput:  1282.5 MB/s  Total: 2213.34 GB
[ 1767.4s] IOs:    580315292  IOPS:   328336  Throughput:  1282.6 MB/s  Total: 2213.73 GB
[ 1767.7s] IOs:    580416159  IOPS:   328342  Throughput:  1282.6 MB/s  Total: 2214.11 GB
[ 1767.9s] IOs:    580516186  IOPS:   328358  Throughput:  1282.6 MB/s  Total: 2214.49 GB
[ 1768.2s] IOs:    580616879  IOPS:   328373  Throughput:  1282.7 MB/s  Total: 2214.88 GB
[ 1768.5s] IOs:    580717805  IOPS:   328376  Throughput:  1282.7 MB/s  Total: 2215.26 GB
[Reader] Parsed 78000000 lines, distributed 580766403 writes, unique 671.80 GB, skipped 0
[ 1768.7s] IOs:    580818571  IOPS:   328391  Throughput:  1282.8 MB/s  Total: 2215.65 GB
[ 1768.9s] IOs:    580919553  IOPS:   328399  Throughput:  1282.8 MB/s  Total: 2216.03 GB
[ 1769.2s] IOs:    581019996  IOPS:   328417  Throughput:  1282.9 MB/s  Total: 2216.42 GB
[ 1769.4s] IOs:    581120093  IOPS:   328425  Throughput:  1282.9 MB/s  Total: 2216.80 GB
[ 1769.6s] IOs:    581220762  IOPS:   328442  Throughput:  1283.0 MB/s  Total: 2217.18 GB
[ 1770.0s] IOs:    581321345  IOPS:   328427  Throughput:  1282.9 MB/s  Total: 2217.56 GB
[ 1770.2s] IOs:    581421607  IOPS:   328442  Throughput:  1283.0 MB/s  Total: 2217.95 GB
[ 1770.5s] IOs:    581521973  IOPS:   328456  Throughput:  1283.0 MB/s  Total: 2218.33 GB
[ 1770.7s] IOs:    581622586  IOPS:   328471  Throughput:  1283.1 MB/s  Total: 2218.71 GB
[ 1770.9s] IOs:    581722662  IOPS:   328484  Throughput:  1283.1 MB/s  Total: 2219.10 GB
[ 1771.1s] IOs:    581822701  IOPS:   328501  Throughput:  1283.2 MB/s  Total: 2219.48 GB
[ 1771.4s] IOs:    581922736  IOPS:   328517  Throughput:  1283.3 MB/s  Total: 2219.86 GB
[ 1771.6s] IOs:    582023702  IOPS:   328527  Throughput:  1283.3 MB/s  Total: 2220.24 GB
[ 1771.8s] IOs:    582123706  IOPS:   328546  Throughput:  1283.4 MB/s  Total: 2220.63 GB
[ 1772.0s] IOs:    582224446  IOPS:   328570  Throughput:  1283.5 MB/s  Total: 2221.01 GB
[ 1772.2s] IOs:    582325068  IOPS:   328593  Throughput:  1283.6 MB/s  Total: 2221.39 GB
[ 1772.5s] IOs:    582425284  IOPS:   328586  Throughput:  1283.5 MB/s  Total: 2221.78 GB
[ 1772.7s] IOs:    582525810  IOPS:   328608  Throughput:  1283.6 MB/s  Total: 2222.16 GB
[ 1772.9s] IOs:    582626537  IOPS:   328626  Throughput:  1283.7 MB/s  Total: 2222.54 GB
[ 1773.1s] IOs:    582727203  IOPS:   328651  Throughput:  1283.8 MB/s  Total: 2222.93 GB
[ 1773.3s] IOs:    582827583  IOPS:   328674  Throughput:  1283.9 MB/s  Total: 2223.31 GB
[ 1773.5s] IOs:    582927828  IOPS:   328682  Throughput:  1283.9 MB/s  Total: 2223.69 GB
[ 1773.7s] IOs:    583028291  IOPS:   328703  Throughput:  1284.0 MB/s  Total: 2224.08 GB
[ 1773.9s] IOs:    583129151  IOPS:   328720  Throughput:  1284.1 MB/s  Total: 2224.46 GB
[ 1774.1s] IOs:    583229667  IOPS:   328747  Throughput:  1284.2 MB/s  Total: 2224.84 GB
[ 1774.4s] IOs:    583330511  IOPS:   328743  Throughput:  1284.2 MB/s  Total: 2225.23 GB
[ 1774.6s] IOs:    583431139  IOPS:   328764  Throughput:  1284.2 MB/s  Total: 2225.61 GB
[ 1774.9s] IOs:    583531876  IOPS:   328775  Throughput:  1284.3 MB/s  Total: 2226.00 GB
[ 1775.0s] IOs:    583632621  IOPS:   328798  Throughput:  1284.4 MB/s  Total: 2226.38 GB
[ 1775.2s] IOs:    583733489  IOPS:   328823  Throughput:  1284.5 MB/s  Total: 2226.77 GB
[ 1775.5s] IOs:    583833825  IOPS:   328819  Throughput:  1284.5 MB/s  Total: 2227.15 GB
[ 1775.7s] IOs:    583934473  IOPS:   328842  Throughput:  1284.5 MB/s  Total: 2227.53 GB
[ 1775.9s] IOs:    584034984  IOPS:   328858  Throughput:  1284.6 MB/s  Total: 2227.92 GB
[ 1776.1s] IOs:    584135816  IOPS:   328881  Throughput:  1284.7 MB/s  Total: 2228.30 GB
[ 1776.4s] IOs:    584236621  IOPS:   328893  Throughput:  1284.7 MB/s  Total: 2228.69 GB
[ 1776.6s] IOs:    584337328  IOPS:   328917  Throughput:  1284.8 MB/s  Total: 2229.07 GB
[ 1776.7s] IOs:    584437976  IOPS:   328941  Throughput:  1284.9 MB/s  Total: 2229.45 GB
[ 1777.0s] IOs:    584538546  IOPS:   328954  Throughput:  1285.0 MB/s  Total: 2229.84 GB
[ 1777.1s] IOs:    584639200  IOPS:   328977  Throughput:  1285.1 MB/s  Total: 2230.22 GB
[ 1777.3s] IOs:    584739789  IOPS:   329001  Throughput:  1285.2 MB/s  Total: 2230.61 GB
[ 1777.5s] IOs:    584840613  IOPS:   329022  Throughput:  1285.2 MB/s  Total: 2230.99 GB
[ 1777.7s] IOs:    584941181  IOPS:   329038  Throughput:  1285.3 MB/s  Total: 2231.37 GB
[ 1777.9s] IOs:    585041618  IOPS:   329060  Throughput:  1285.4 MB/s  Total: 2231.76 GB
[ 1778.1s] IOs:    585142244  IOPS:   329079  Throughput:  1285.5 MB/s  Total: 2232.14 GB
[ 1778.3s] IOs:    585243253  IOPS:   329103  Throughput:  1285.6 MB/s  Total: 2232.53 GB
[ 1778.5s] IOs:    585344037  IOPS:   329128  Throughput:  1285.7 MB/s  Total: 2232.91 GB
[ 1778.7s] IOs:    585444613  IOPS:   329149  Throughput:  1285.7 MB/s  Total: 2233.29 GB
[ 1778.9s] IOs:    585544895  IOPS:   329164  Throughput:  1285.8 MB/s  Total: 2233.68 GB
[ 1779.4s] IOs:    585645791  IOPS:   329122  Throughput:  1285.6 MB/s  Total: 2234.06 GB
[ 1779.6s] IOs:    585746410  IOPS:   329145  Throughput:  1285.7 MB/s  Total: 2234.45 GB
[ 1780.1s] IOs:    585847262  IOPS:   329105  Throughput:  1285.6 MB/s  Total: 2234.83 GB
[ 1780.6s] IOs:    585948124  IOPS:   329068  Throughput:  1285.4 MB/s  Total: 2235.21 GB
[ 1781.0s] IOs:    586048867  IOPS:   329062  Throughput:  1285.4 MB/s  Total: 2235.60 GB
[ 1781.6s] IOs:    586149816  IOPS:   329009  Throughput:  1285.2 MB/s  Total: 2235.98 GB
[ 1781.8s] IOs:    586250210  IOPS:   329027  Throughput:  1285.3 MB/s  Total: 2236.37 GB
[ 1782.0s] IOs:    586350469  IOPS:   329034  Throughput:  1285.3 MB/s  Total: 2236.75 GB
[ 1782.5s] IOs:    586451017  IOPS:   329000  Throughput:  1285.2 MB/s  Total: 2237.13 GB
[ 1782.9s] IOs:    586551820  IOPS:   328993  Throughput:  1285.1 MB/s  Total: 2237.52 GB
[ 1783.1s] IOs:    586652665  IOPS:   329015  Throughput:  1285.2 MB/s  Total: 2237.90 GB
[ 1783.5s] IOs:    586753519  IOPS:   328986  Throughput:  1285.1 MB/s  Total: 2238.29 GB
[ 1783.7s] IOs:    586854049  IOPS:   329009  Throughput:  1285.2 MB/s  Total: 2238.67 GB
[ 1784.0s] IOs:    586954716  IOPS:   329003  Throughput:  1285.2 MB/s  Total: 2239.05 GB
[ 1784.6s] IOs:    587055540  IOPS:   328955  Throughput:  1285.0 MB/s  Total: 2239.44 GB
[ 1784.8s] IOs:    587156264  IOPS:   328973  Throughput:  1285.1 MB/s  Total: 2239.82 GB
[ 1785.0s] IOs:    587256924  IOPS:   328996  Throughput:  1285.1 MB/s  Total: 2240.21 GB
[ 1785.4s] IOs:    587357677  IOPS:   328979  Throughput:  1285.1 MB/s  Total: 2240.59 GB
[ 1785.6s] IOs:    587458140  IOPS:   328998  Throughput:  1285.1 MB/s  Total: 2240.97 GB
[ 1785.9s] IOs:    587558793  IOPS:   328994  Throughput:  1285.1 MB/s  Total: 2241.36 GB
[ 1786.1s] IOs:    587659020  IOPS:   329009  Throughput:  1285.2 MB/s  Total: 2241.74 GB
[ 1786.4s] IOs:    587759649  IOPS:   329014  Throughput:  1285.2 MB/s  Total: 2242.13 GB
[ 1786.6s] IOs:    587860618  IOPS:   329039  Throughput:  1285.3 MB/s  Total: 2242.51 GB
[ 1786.9s] IOs:    587961150  IOPS:   329034  Throughput:  1285.3 MB/s  Total: 2242.89 GB
[ 1787.1s] IOs:    588061541  IOPS:   329056  Throughput:  1285.4 MB/s  Total: 2243.28 GB
[ 1787.4s] IOs:    588161814  IOPS:   329056  Throughput:  1285.4 MB/s  Total: 2243.66 GB
[ 1787.6s] IOs:    588262299  IOPS:   329080  Throughput:  1285.5 MB/s  Total: 2244.04 GB
[ 1787.9s] IOs:    588363111  IOPS:   329084  Throughput:  1285.5 MB/s  Total: 2244.43 GB
[ 1788.1s] IOs:    588463988  IOPS:   329106  Throughput:  1285.6 MB/s  Total: 2244.81 GB
[ 1788.3s] IOs:    588564625  IOPS:   329129  Throughput:  1285.7 MB/s  Total: 2245.20 GB
[ 1788.6s] IOs:    588665261  IOPS:   329121  Throughput:  1285.6 MB/s  Total: 2245.58 GB
[ 1789.1s] IOs:    588766303  IOPS:   329081  Throughput:  1285.5 MB/s  Total: 2245.97 GB
[ 1789.7s] IOs:    588866955  IOPS:   329037  Throughput:  1285.3 MB/s  Total: 2246.35 GB
[ 1790.1s] IOs:    588967404  IOPS:   329016  Throughput:  1285.2 MB/s  Total: 2246.73 GB
[ 1790.6s] IOs:    589068243  IOPS:   328977  Throughput:  1285.1 MB/s  Total: 2247.12 GB
[ 1790.9s] IOs:    589168913  IOPS:   328971  Throughput:  1285.0 MB/s  Total: 2247.50 GB
[ 1791.4s] IOs:    589269758  IOPS:   328945  Throughput:  1284.9 MB/s  Total: 2247.89 GB
[ 1791.7s] IOs:    589370030  IOPS:   328941  Throughput:  1284.9 MB/s  Total: 2248.27 GB
[ 1792.0s] IOs:    589470445  IOPS:   328945  Throughput:  1284.9 MB/s  Total: 2248.65 GB
[ 1792.4s] IOs:    589571088  IOPS:   328923  Throughput:  1284.9 MB/s  Total: 2249.04 GB
[ 1792.6s] IOs:    589671826  IOPS:   328947  Throughput:  1284.9 MB/s  Total: 2249.42 GB
[ 1793.1s] IOs:    589772739  IOPS:   328919  Throughput:  1284.8 MB/s  Total: 2249.80 GB
[ 1793.4s] IOs:    589873235  IOPS:   328913  Throughput:  1284.8 MB/s  Total: 2250.19 GB
[ 1793.6s] IOs:    589974082  IOPS:   328935  Throughput:  1284.9 MB/s  Total: 2250.57 GB
[ 1794.2s] IOs:    590074787  IOPS:   328882  Throughput:  1284.7 MB/s  Total: 2250.96 GB
[ 1794.4s] IOs:    590175700  IOPS:   328906  Throughput:  1284.8 MB/s  Total: 2251.34 GB
[ 1794.6s] IOs:    590276467  IOPS:   328921  Throughput:  1284.8 MB/s  Total: 2251.73 GB
[ 1795.1s] IOs:    590376987  IOPS:   328883  Throughput:  1284.7 MB/s  Total: 2252.11 GB
[ 1795.3s] IOs:    590477848  IOPS:   328904  Throughput:  1284.8 MB/s  Total: 2252.49 GB
[ 1795.5s] IOs:    590578700  IOPS:   328919  Throughput:  1284.8 MB/s  Total: 2252.88 GB
[ 1795.7s] IOs:    590679342  IOPS:   328934  Throughput:  1284.9 MB/s  Total: 2253.26 GB
[ 1796.1s] IOs:    590780106  IOPS:   328932  Throughput:  1284.9 MB/s  Total: 2253.65 GB
[ 1796.2s] IOs:    590880423  IOPS:   328955  Throughput:  1285.0 MB/s  Total: 2254.03 GB
[ 1796.5s] IOs:    590981064  IOPS:   328954  Throughput:  1285.0 MB/s  Total: 2254.41 GB
[Reader] Parsed 79000000 lines, distributed 590984952 writes, unique 677.69 GB, skipped 0
[ 1796.7s] IOs:    591081821  IOPS:   328976  Throughput:  1285.1 MB/s  Total: 2254.80 GB
[ 1797.1s] IOs:    591182328  IOPS:   328974  Throughput:  1285.1 MB/s  Total: 2255.18 GB
[ 1797.2s] IOs:    591282841  IOPS:   328997  Throughput:  1285.1 MB/s  Total: 2255.57 GB
[ 1797.6s] IOs:    591383471  IOPS:   328991  Throughput:  1285.1 MB/s  Total: 2255.95 GB
[ 1798.0s] IOs:    591483754  IOPS:   328974  Throughput:  1285.1 MB/s  Total: 2256.33 GB
[ 1798.1s] IOs:    591584474  IOPS:   328997  Throughput:  1285.1 MB/s  Total: 2256.72 GB
[ 1798.6s] IOs:    591685347  IOPS:   328964  Throughput:  1285.0 MB/s  Total: 2257.10 GB
[ 1798.9s] IOs:    591786154  IOPS:   328968  Throughput:  1285.0 MB/s  Total: 2257.49 GB
[ 1799.1s] IOs:    591886603  IOPS:   328989  Throughput:  1285.1 MB/s  Total: 2257.87 GB
[ 1799.6s] IOs:    591987435  IOPS:   328961  Throughput:  1285.0 MB/s  Total: 2258.25 GB
[ 1799.8s] IOs:    592088139  IOPS:   328981  Throughput:  1285.1 MB/s  Total: 2258.64 GB
[ 1800.1s] IOs:    592188161  IOPS:   328984  Throughput:  1285.1 MB/s  Total: 2259.02 GB
[ 1800.2s] IOs:    592288714  IOPS:   329006  Throughput:  1285.2 MB/s  Total: 2259.40 GB
[ 1800.5s] IOs:    592389322  IOPS:   329006  Throughput:  1285.2 MB/s  Total: 2259.79 GB
[ 1800.7s] IOs:    592489811  IOPS:   329030  Throughput:  1285.3 MB/s  Total: 2260.17 GB
[ 1801.1s] IOs:    592590803  IOPS:   329025  Throughput:  1285.3 MB/s  Total: 2260.55 GB
[ 1801.2s] IOs:    592691643  IOPS:   329049  Throughput:  1285.3 MB/s  Total: 2260.94 GB
[ 1801.5s] IOs:    592792321  IOPS:   329047  Throughput:  1285.3 MB/s  Total: 2261.32 GB
[ 1801.7s] IOs:    592892889  IOPS:   329067  Throughput:  1285.4 MB/s  Total: 2261.71 GB
[ 1802.3s] IOs:    592993703  IOPS:   329027  Throughput:  1285.3 MB/s  Total: 2262.09 GB
[ 1802.4s] IOs:    593094399  IOPS:   329051  Throughput:  1285.4 MB/s  Total: 2262.48 GB
[ 1802.6s] IOs:    593195186  IOPS:   329075  Throughput:  1285.5 MB/s  Total: 2262.86 GB
[ 1803.0s] IOs:    593295191  IOPS:   329060  Throughput:  1285.4 MB/s  Total: 2263.24 GB
[ 1803.2s] IOs:    593395720  IOPS:   329080  Throughput:  1285.5 MB/s  Total: 2263.63 GB
[ 1803.5s] IOs:    593496433  IOPS:   329082  Throughput:  1285.5 MB/s  Total: 2264.01 GB
[ 1803.7s] IOs:    593596704  IOPS:   329103  Throughput:  1285.6 MB/s  Total: 2264.39 GB
[ 1804.0s] IOs:    593697460  IOPS:   329102  Throughput:  1285.6 MB/s  Total: 2264.78 GB
[ 1804.2s] IOs:    593798212  IOPS:   329119  Throughput:  1285.6 MB/s  Total: 2265.16 GB
[ 1804.5s] IOs:    593898843  IOPS:   329125  Throughput:  1285.6 MB/s  Total: 2265.54 GB
[ 1804.7s] IOs:    593999394  IOPS:   329145  Throughput:  1285.7 MB/s  Total: 2265.93 GB
[ 1804.8s] IOs:    594100016  IOPS:   329170  Throughput:  1285.8 MB/s  Total: 2266.31 GB
[ 1805.1s] IOs:    594200888  IOPS:   329176  Throughput:  1285.8 MB/s  Total: 2266.70 GB
[ 1805.3s] IOs:    594301386  IOPS:   329199  Throughput:  1285.9 MB/s  Total: 2267.08 GB
[ 1805.6s] IOs:    594402019  IOPS:   329204  Throughput:  1286.0 MB/s  Total: 2267.46 GB
[ 1805.8s] IOs:    594502608  IOPS:   329227  Throughput:  1286.0 MB/s  Total: 2267.85 GB
[ 1806.0s] IOs:    594603301  IOPS:   329233  Throughput:  1286.1 MB/s  Total: 2268.23 GB
[ 1806.2s] IOs:    594704246  IOPS:   329257  Throughput:  1286.2 MB/s  Total: 2268.62 GB
[ 1806.4s] IOs:    594805039  IOPS:   329282  Throughput:  1286.3 MB/s  Total: 2269.00 GB
[ 1807.0s] IOs:    594905526  IOPS:   329231  Throughput:  1286.1 MB/s  Total: 2269.38 GB
[ 1807.5s] IOs:    595006340  IOPS:   329183  Throughput:  1285.9 MB/s  Total: 2269.77 GB
[ 1808.0s] IOs:    595107284  IOPS:   329154  Throughput:  1285.8 MB/s  Total: 2270.15 GB
[ 1808.5s] IOs:    595207949  IOPS:   329122  Throughput:  1285.6 MB/s  Total: 2270.54 GB
[ 1808.7s] IOs:    595308260  IOPS:   329137  Throughput:  1285.7 MB/s  Total: 2270.92 GB
[ 1809.2s] IOs:    595409081  IOPS:   329100  Throughput:  1285.5 MB/s  Total: 2271.31 GB
[ 1809.7s] IOs:    595509745  IOPS:   329070  Throughput:  1285.4 MB/s  Total: 2271.69 GB
[ 1810.2s] IOs:    595610568  IOPS:   329039  Throughput:  1285.3 MB/s  Total: 2272.07 GB
[ 1810.6s] IOs:    595711044  IOPS:   329016  Throughput:  1285.2 MB/s  Total: 2272.46 GB
[ 1811.0s] IOs:    595811585  IOPS:   329003  Throughput:  1285.2 MB/s  Total: 2272.84 GB
[ 1811.3s] IOs:    595912368  IOPS:   328994  Throughput:  1285.1 MB/s  Total: 2273.23 GB
[ 1811.6s] IOs:    596013221  IOPS:   328993  Throughput:  1285.1 MB/s  Total: 2273.61 GB
[ 1812.1s] IOs:    596113779  IOPS:   328966  Throughput:  1285.0 MB/s  Total: 2273.99 GB
[ 1812.3s] IOs:    596214568  IOPS:   328987  Throughput:  1285.1 MB/s  Total: 2274.38 GB
[ 1812.6s] IOs:    596315570  IOPS:   328986  Throughput:  1285.1 MB/s  Total: 2274.76 GB
[ 1813.1s] IOs:    596416562  IOPS:   328953  Throughput:  1285.0 MB/s  Total: 2275.15 GB
[ 1813.3s] IOs:    596516921  IOPS:   328975  Throughput:  1285.1 MB/s  Total: 2275.53 GB
[ 1813.6s] IOs:    596617268  IOPS:   328973  Throughput:  1285.1 MB/s  Total: 2275.91 GB
[ 1814.0s] IOs:    596718177  IOPS:   328955  Throughput:  1285.0 MB/s  Total: 2276.30 GB
[ 1814.2s] IOs:    596818841  IOPS:   328968  Throughput:  1285.0 MB/s  Total: 2276.68 GB
[ 1814.5s] IOs:    596919423  IOPS:   328968  Throughput:  1285.0 MB/s  Total: 2277.07 GB
[ 1814.7s] IOs:    597020364  IOPS:   328990  Throughput:  1285.1 MB/s  Total: 2277.45 GB
[ 1815.2s] IOs:    597120792  IOPS:   328964  Throughput:  1285.0 MB/s  Total: 2277.84 GB
[ 1816.1s] IOs:    597221399  IOPS:   328841  Throughput:  1284.5 MB/s  Total: 2278.22 GB
[ 1816.6s] IOs:    597322015  IOPS:   328809  Throughput:  1284.4 MB/s  Total: 2278.60 GB
[ 1817.2s] IOs:    597422625  IOPS:   328765  Throughput:  1284.2 MB/s  Total: 2278.99 GB
[ 1818.0s] IOs:    597523516  IOPS:   328666  Throughput:  1283.9 MB/s  Total: 2279.37 GB
[ 1818.6s] IOs:    597624026  IOPS:   328625  Throughput:  1283.7 MB/s  Total: 2279.75 GB
[ 1819.1s] IOs:    597724935  IOPS:   328590  Throughput:  1283.6 MB/s  Total: 2280.14 GB
[ 1819.6s] IOs:    597825559  IOPS:   328543  Throughput:  1283.4 MB/s  Total: 2280.52 GB
[ 1820.2s] IOs:    597926057  IOPS:   328497  Throughput:  1283.2 MB/s  Total: 2280.91 GB
[ 1820.6s] IOs:    598026486  IOPS:   328469  Throughput:  1283.1 MB/s  Total: 2281.29 GB
[ 1821.1s] IOs:    598127165  IOPS:   328437  Throughput:  1283.0 MB/s  Total: 2281.67 GB
[ 1821.6s] IOs:    598227588  IOPS:   328405  Throughput:  1282.8 MB/s  Total: 2282.06 GB
[ 1822.0s] IOs:    598328328  IOPS:   328387  Throughput:  1282.8 MB/s  Total: 2282.44 GB
[ 1822.3s] IOs:    598428930  IOPS:   328391  Throughput:  1282.8 MB/s  Total: 2282.83 GB
[ 1822.7s] IOs:    598529914  IOPS:   328370  Throughput:  1282.7 MB/s  Total: 2283.21 GB
[ 1823.2s] IOs:    598630532  IOPS:   328336  Throughput:  1282.6 MB/s  Total: 2283.59 GB
[ 1823.7s] IOs:    598731232  IOPS:   328307  Throughput:  1282.4 MB/s  Total: 2283.98 GB
[ 1824.1s] IOs:    598832106  IOPS:   328289  Throughput:  1282.4 MB/s  Total: 2284.36 GB
[ 1824.5s] IOs:    598932778  IOPS:   328264  Throughput:  1282.3 MB/s  Total: 2284.75 GB
[ 1824.8s] IOs:    599033366  IOPS:   328278  Throughput:  1282.3 MB/s  Total: 2285.13 GB
[ 1825.3s] IOs:    599134030  IOPS:   328246  Throughput:  1282.2 MB/s  Total: 2285.51 GB
[ 1825.6s] IOs:    599234751  IOPS:   328237  Throughput:  1282.2 MB/s  Total: 2285.90 GB
[ 1825.9s] IOs:    599335396  IOPS:   328247  Throughput:  1282.2 MB/s  Total: 2286.28 GB
[ 1826.2s] IOs:    599435848  IOPS:   328239  Throughput:  1282.2 MB/s  Total: 2286.67 GB
[ 1826.7s] IOs:    599536422  IOPS:   328210  Throughput:  1282.1 MB/s  Total: 2287.05 GB
[ 1827.0s] IOs:    599636946  IOPS:   328207  Throughput:  1282.1 MB/s  Total: 2287.43 GB
[ 1827.3s] IOs:    599737915  IOPS:   328210  Throughput:  1282.1 MB/s  Total: 2287.82 GB
[ 1827.6s] IOs:    599838565  IOPS:   328209  Throughput:  1282.1 MB/s  Total: 2288.20 GB
[ 1827.8s] IOs:    599939235  IOPS:   328225  Throughput:  1282.1 MB/s  Total: 2288.59 GB
[ 1828.3s] IOs:    600039962  IOPS:   328198  Throughput:  1282.0 MB/s  Total: 2288.97 GB
[ 1828.5s] IOs:    600140388  IOPS:   328207  Throughput:  1282.1 MB/s  Total: 2289.35 GB
[ 1828.7s] IOs:    600241095  IOPS:   328225  Throughput:  1282.1 MB/s  Total: 2289.74 GB
[ 1829.1s] IOs:    600341487  IOPS:   328216  Throughput:  1282.1 MB/s  Total: 2290.12 GB
[ 1829.3s] IOs:    600442231  IOPS:   328234  Throughput:  1282.2 MB/s  Total: 2290.51 GB
[ 1829.7s] IOs:    600542863  IOPS:   328228  Throughput:  1282.1 MB/s  Total: 2290.89 GB
[ 1829.9s] IOs:    600643704  IOPS:   328247  Throughput:  1282.2 MB/s  Total: 2291.27 GB
[ 1830.2s] IOs:    600744642  IOPS:   328244  Throughput:  1282.2 MB/s  Total: 2291.66 GB
[Reader] Parsed 80000000 lines, distributed 600794591 writes, unique 682.43 GB, skipped 0
[ 1830.4s] IOs:    600845097  IOPS:   328258  Throughput:  1282.3 MB/s  Total: 2292.04 GB
[ 1830.7s] IOs:    600945861  IOPS:   328254  Throughput:  1282.2 MB/s  Total: 2292.43 GB
[ 1831.0s] IOs:    601046352  IOPS:   328270  Throughput:  1282.3 MB/s  Total: 2292.81 GB
[ 1831.2s] IOs:    601147157  IOPS:   328288  Throughput:  1282.4 MB/s  Total: 2293.19 GB
[ 1831.4s] IOs:    601247881  IOPS:   328305  Throughput:  1282.4 MB/s  Total: 2293.58 GB
[ 1831.7s] IOs:    601348608  IOPS:   328304  Throughput:  1282.4 MB/s  Total: 2293.96 GB
[ 1831.9s] IOs:    601449077  IOPS:   328321  Throughput:  1282.5 MB/s  Total: 2294.35 GB
[ 1832.2s] IOs:    601550017  IOPS:   328317  Throughput:  1282.5 MB/s  Total: 2294.73 GB
[ 1832.5s] IOs:    601650763  IOPS:   328324  Throughput:  1282.5 MB/s  Total: 2295.12 GB
[ 1832.7s] IOs:    601751321  IOPS:   328338  Throughput:  1282.6 MB/s  Total: 2295.50 GB
[ 1833.0s] IOs:    601852055  IOPS:   328342  Throughput:  1282.6 MB/s  Total: 2295.88 GB
[ 1833.2s] IOs:    601952556  IOPS:   328363  Throughput:  1282.7 MB/s  Total: 2296.27 GB
[ 1833.5s] IOs:    602052937  IOPS:   328362  Throughput:  1282.7 MB/s  Total: 2296.65 GB
[ 1833.7s] IOs:    602152999  IOPS:   328386  Throughput:  1282.8 MB/s  Total: 2297.03 GB
[ 1834.0s] IOs:    602253761  IOPS:   328387  Throughput:  1282.8 MB/s  Total: 2297.42 GB
[ 1834.2s] IOs:    602354286  IOPS:   328400  Throughput:  1282.8 MB/s  Total: 2297.80 GB
[ 1834.4s] IOs:    602454566  IOPS:   328423  Throughput:  1282.9 MB/s  Total: 2298.18 GB
[ 1834.6s] IOs:    602555093  IOPS:   328437  Throughput:  1283.0 MB/s  Total: 2298.57 GB
[ 1834.8s] IOs:    602655775  IOPS:   328459  Throughput:  1283.0 MB/s  Total: 2298.95 GB
[ 1835.1s] IOs:    602756368  IOPS:   328456  Throughput:  1283.0 MB/s  Total: 2299.33 GB
[ 1835.3s] IOs:    602857160  IOPS:   328479  Throughput:  1283.1 MB/s  Total: 2299.72 GB
[ 1835.6s] IOs:    602957374  IOPS:   328485  Throughput:  1283.1 MB/s  Total: 2300.10 GB
[ 1835.7s] IOs:    603057840  IOPS:   328510  Throughput:  1283.2 MB/s  Total: 2300.48 GB
[ 1836.0s] IOs:    603158317  IOPS:   328517  Throughput:  1283.3 MB/s  Total: 2300.87 GB
[ 1836.2s] IOs:    603258658  IOPS:   328540  Throughput:  1283.4 MB/s  Total: 2301.25 GB
[ 1836.4s] IOs:    603359650  IOPS:   328558  Throughput:  1283.4 MB/s  Total: 2301.63 GB
[ 1836.6s] IOs:    603459855  IOPS:   328573  Throughput:  1283.5 MB/s  Total: 2302.02 GB
[ 1836.8s] IOs:    603560594  IOPS:   328597  Throughput:  1283.6 MB/s  Total: 2302.40 GB
[ 1837.0s] IOs:    603661373  IOPS:   328612  Throughput:  1283.6 MB/s  Total: 2302.79 GB
[ 1837.2s] IOs:    603761794  IOPS:   328627  Throughput:  1283.7 MB/s  Total: 2303.17 GB
[ 1837.4s] IOs:    603862108  IOPS:   328650  Throughput:  1283.8 MB/s  Total: 2303.55 GB
[ 1837.7s] IOs:    603962130  IOPS:   328644  Throughput:  1283.8 MB/s  Total: 2303.93 GB
[ 1837.9s] IOs:    604063015  IOPS:   328668  Throughput:  1283.9 MB/s  Total: 2304.32 GB
[ 1838.1s] IOs:    604163052  IOPS:   328688  Throughput:  1283.9 MB/s  Total: 2304.70 GB
[ 1838.3s] IOs:    604263932  IOPS:   328711  Throughput:  1284.0 MB/s  Total: 2305.08 GB
[ 1838.5s] IOs:    604364381  IOPS:   328734  Throughput:  1284.1 MB/s  Total: 2305.47 GB
[ 1838.7s] IOs:    604465067  IOPS:   328739  Throughput:  1284.1 MB/s  Total: 2305.85 GB
[ 1838.9s] IOs:    604565624  IOPS:   328761  Throughput:  1284.2 MB/s  Total: 2306.23 GB
[ 1839.2s] IOs:    604666510  IOPS:   328771  Throughput:  1284.3 MB/s  Total: 2306.62 GB
[ 1839.3s] IOs:    604767211  IOPS:   328794  Throughput:  1284.4 MB/s  Total: 2307.00 GB
[ 1839.5s] IOs:    604867593  IOPS:   328818  Throughput:  1284.4 MB/s  Total: 2307.39 GB
[ 1839.7s] IOs:    604968244  IOPS:   328839  Throughput:  1284.5 MB/s  Total: 2307.77 GB
[ 1839.9s] IOs:    605069216  IOPS:   328862  Throughput:  1284.6 MB/s  Total: 2308.16 GB
[ 1840.1s] IOs:    605170075  IOPS:   328882  Throughput:  1284.7 MB/s  Total: 2308.54 GB
[ 1840.3s] IOs:    605270820  IOPS:   328903  Throughput:  1284.8 MB/s  Total: 2308.92 GB
[ 1840.4s] IOs:    605371521  IOPS:   328926  Throughput:  1284.9 MB/s  Total: 2309.31 GB
[ 1840.6s] IOs:    605472205  IOPS:   328950  Throughput:  1285.0 MB/s  Total: 2309.69 GB
[ 1840.8s] IOs:    605572867  IOPS:   328970  Throughput:  1285.0 MB/s  Total: 2310.08 GB
[ 1841.0s] IOs:    605673444  IOPS:   328994  Throughput:  1285.1 MB/s  Total: 2310.46 GB
[ 1841.4s] IOs:    605774038  IOPS:   328973  Throughput:  1285.1 MB/s  Total: 2310.84 GB
[ 1841.6s] IOs:    605874993  IOPS:   328998  Throughput:  1285.1 MB/s  Total: 2311.23 GB
[ 1841.8s] IOs:    605975584  IOPS:   329020  Throughput:  1285.2 MB/s  Total: 2311.61 GB
[ 1842.3s] IOs:    606076126  IOPS:   328984  Throughput:  1285.1 MB/s  Total: 2312.00 GB
[ 1842.5s] IOs:    606176827  IOPS:   329004  Throughput:  1285.2 MB/s  Total: 2312.38 GB
[ 1842.8s] IOs:    606277456  IOPS:   329004  Throughput:  1285.2 MB/s  Total: 2312.76 GB
[ 1843.2s] IOs:    606377903  IOPS:   328986  Throughput:  1285.1 MB/s  Total: 2313.15 GB
[ 1843.4s] IOs:    606478052  IOPS:   329008  Throughput:  1285.2 MB/s  Total: 2313.53 GB
[ 1843.7s] IOs:    606578587  IOPS:   329008  Throughput:  1285.2 MB/s  Total: 2313.91 GB
[ 1843.8s] IOs:    606678661  IOPS:   329030  Throughput:  1285.3 MB/s  Total: 2314.30 GB
[ 1844.2s] IOs:    606779406  IOPS:   329024  Throughput:  1285.2 MB/s  Total: 2314.68 GB
[ 1844.3s] IOs:    606879926  IOPS:   329048  Throughput:  1285.3 MB/s  Total: 2315.06 GB
[ 1844.7s] IOs:    606980667  IOPS:   329042  Throughput:  1285.3 MB/s  Total: 2315.45 GB
[ 1844.9s] IOs:    607081128  IOPS:   329066  Throughput:  1285.4 MB/s  Total: 2315.83 GB
[ 1845.2s] IOs:    607181813  IOPS:   329064  Throughput:  1285.4 MB/s  Total: 2316.21 GB
[ 1845.3s] IOs:    607282474  IOPS:   329088  Throughput:  1285.5 MB/s  Total: 2316.60 GB
[ 1845.8s] IOs:    607383276  IOPS:   329054  Throughput:  1285.4 MB/s  Total: 2316.98 GB
[ 1846.2s] IOs:    607484129  IOPS:   329053  Throughput:  1285.4 MB/s  Total: 2317.37 GB
[ 1846.4s] IOs:    607585118  IOPS:   329069  Throughput:  1285.4 MB/s  Total: 2317.75 GB
[ 1846.7s] IOs:    607685706  IOPS:   329067  Throughput:  1285.4 MB/s  Total: 2318.14 GB
[ 1846.9s] IOs:    607786088  IOPS:   329086  Throughput:  1285.5 MB/s  Total: 2318.52 GB
[ 1847.3s] IOs:    607886327  IOPS:   329075  Throughput:  1285.4 MB/s  Total: 2318.90 GB
[ 1847.4s] IOs:    607986827  IOPS:   329097  Throughput:  1285.5 MB/s  Total: 2319.29 GB
[ 1847.7s] IOs:    608087658  IOPS:   329100  Throughput:  1285.5 MB/s  Total: 2319.67 GB
[ 1847.9s] IOs:    608187663  IOPS:   329122  Throughput:  1285.6 MB/s  Total: 2320.05 GB
[ 1848.2s] IOs:    608288227  IOPS:   329118  Throughput:  1285.6 MB/s  Total: 2320.44 GB
[ 1848.4s] IOs:    608389021  IOPS:   329139  Throughput:  1285.7 MB/s  Total: 2320.82 GB
[ 1848.7s] IOs:    608489728  IOPS:   329144  Throughput:  1285.7 MB/s  Total: 2321.20 GB
[ 1848.9s] IOs:    608590748  IOPS:   329166  Throughput:  1285.8 MB/s  Total: 2321.59 GB
[ 1849.2s] IOs:    608691593  IOPS:   329172  Throughput:  1285.8 MB/s  Total: 2321.97 GB
[ 1852.3s] IOs:    608791654  IOPS:   328671  Throughput:  1283.9 MB/s  Total: 2322.36 GB
[ 1853.4s] IOs:    608891770  IOPS:   328519  Throughput:  1283.3 MB/s  Total: 2322.74 GB
[ 1854.8s] IOs:    608992538  IOPS:   328327  Throughput:  1282.5 MB/s  Total: 2323.12 GB
[ 1855.9s] IOs:    609093429  IOPS:   328190  Throughput:  1282.0 MB/s  Total: 2323.51 GB
[ 1856.9s] IOs:    609194291  IOPS:   328064  Throughput:  1281.5 MB/s  Total: 2323.89 GB
[ 1857.9s] IOs:    609294360  IOPS:   327940  Throughput:  1281.0 MB/s  Total: 2324.27 GB
[ 1858.8s] IOs:    609394989  IOPS:   327846  Throughput:  1280.6 MB/s  Total: 2324.66 GB
[ 1859.6s] IOs:    609495766  IOPS:   327758  Throughput:  1280.3 MB/s  Total: 2325.04 GB
[ 1860.3s] IOs:    609596465  IOPS:   327690  Throughput:  1280.0 MB/s  Total: 2325.43 GB
[ 1860.9s] IOs:    609697181  IOPS:   327638  Throughput:  1279.8 MB/s  Total: 2325.81 GB
[ 1861.5s] IOs:    609797839  IOPS:   327591  Throughput:  1279.7 MB/s  Total: 2326.19 GB
[ 1862.2s] IOs:    609898778  IOPS:   327510  Throughput:  1279.3 MB/s  Total: 2326.58 GB
[ 1862.5s] IOs:    609999727  IOPS:   327517  Throughput:  1279.4 MB/s  Total: 2326.96 GB
[ 1863.1s] IOs:    610100447  IOPS:   327458  Throughput:  1279.1 MB/s  Total: 2327.35 GB
[ 1863.8s] IOs:    610201028  IOPS:   327400  Throughput:  1278.9 MB/s  Total: 2327.73 GB
[ 1864.0s] IOs:    610301501  IOPS:   327414  Throughput:  1279.0 MB/s  Total: 2328.12 GB
[ 1864.6s] IOs:    610402317  IOPS:   327361  Throughput:  1278.8 MB/s  Total: 2328.50 GB
[ 1865.1s] IOs:    610503077  IOPS:   327334  Throughput:  1278.6 MB/s  Total: 2328.88 GB
[ 1865.6s] IOs:    610603829  IOPS:   327300  Throughput:  1278.5 MB/s  Total: 2329.27 GB
[ 1866.0s] IOs:    610704393  IOPS:   327271  Throughput:  1278.4 MB/s  Total: 2329.65 GB
[ 1866.7s] IOs:    610805218  IOPS:   327208  Throughput:  1278.2 MB/s  Total: 2330.04 GB
[ 1867.0s] IOs:    610905952  IOPS:   327221  Throughput:  1278.2 MB/s  Total: 2330.42 GB
[ 1867.5s] IOs:    611006745  IOPS:   327180  Throughput:  1278.0 MB/s  Total: 2330.81 GB
[ 1867.9s] IOs:    611107490  IOPS:   327168  Throughput:  1278.0 MB/s  Total: 2331.19 GB
[ 1868.1s] IOs:    611208151  IOPS:   327183  Throughput:  1278.1 MB/s  Total: 2331.57 GB
[ 1868.7s] IOs:    611308606  IOPS:   327139  Throughput:  1277.9 MB/s  Total: 2331.96 GB
[ 1869.0s] IOs:    611409433  IOPS:   327133  Throughput:  1277.9 MB/s  Total: 2332.34 GB
[ 1869.4s] IOs:    611509530  IOPS:   327112  Throughput:  1277.8 MB/s  Total: 2332.72 GB
[ 1869.7s] IOs:    611610481  IOPS:   327112  Throughput:  1277.8 MB/s  Total: 2333.11 GB
[ 1870.0s] IOs:    611710805  IOPS:   327110  Throughput:  1277.8 MB/s  Total: 2333.49 GB
[Reader] Parsed 81000000 lines, distributed 611774686 writes, unique 688.39 GB, skipped 0
[ 1870.4s] IOs:    611811116  IOPS:   327109  Throughput:  1277.8 MB/s  Total: 2333.87 GB
[ 1875.6s] IOs:    611911859  IOPS:   326247  Throughput:  1274.4 MB/s  Total: 2334.26 GB
[ 1876.3s] IOs:    612012759  IOPS:   326189  Throughput:  1274.2 MB/s  Total: 2334.64 GB
[ 1877.1s] IOs:    612113619  IOPS:   326090  Throughput:  1273.8 MB/s  Total: 2335.03 GB
[ 1877.7s] IOs:    612214449  IOPS:   326047  Throughput:  1273.6 MB/s  Total: 2335.41 GB
[ 1878.2s] IOs:    612315137  IOPS:   326006  Throughput:  1273.5 MB/s  Total: 2335.80 GB
[ 1879.0s] IOs:    612416038  IOPS:   325923  Throughput:  1273.1 MB/s  Total: 2336.18 GB
[ 1879.6s] IOs:    612516784  IOPS:   325873  Throughput:  1272.9 MB/s  Total: 2336.57 GB
[ 1880.1s] IOs:    612617763  IOPS:   325846  Throughput:  1272.8 MB/s  Total: 2336.95 GB
[ 1880.7s] IOs:    612718235  IOPS:   325800  Throughput:  1272.7 MB/s  Total: 2337.33 GB
[ 1881.1s] IOs:    612818853  IOPS:   325773  Throughput:  1272.6 MB/s  Total: 2337.72 GB
[ 1881.6s] IOs:    612919439  IOPS:   325746  Throughput:  1272.4 MB/s  Total: 2338.10 GB
[ 1881.8s] IOs:    613020284  IOPS:   325755  Throughput:  1272.5 MB/s  Total: 2338.49 GB
[ 1882.5s] IOs:    613121206  IOPS:   325701  Throughput:  1272.3 MB/s  Total: 2338.87 GB
[ 1882.8s] IOs:    613221844  IOPS:   325702  Throughput:  1272.3 MB/s  Total: 2339.26 GB
[ 1883.4s] IOs:    613322416  IOPS:   325652  Throughput:  1272.1 MB/s  Total: 2339.64 GB
[ 1883.6s] IOs:    613423064  IOPS:   325661  Throughput:  1272.1 MB/s  Total: 2340.02 GB
[ 1883.9s] IOs:    613524083  IOPS:   325672  Throughput:  1272.2 MB/s  Total: 2340.41 GB
[ 1884.3s] IOs:    613625018  IOPS:   325651  Throughput:  1272.1 MB/s  Total: 2340.79 GB
[ 1884.8s] IOs:    613725847  IOPS:   325618  Throughput:  1271.9 MB/s  Total: 2341.18 GB
[ 1885.1s] IOs:    613826171  IOPS:   325612  Throughput:  1271.9 MB/s  Total: 2341.56 GB
[ 1885.6s] IOs:    613926725  IOPS:   325593  Throughput:  1271.8 MB/s  Total: 2341.94 GB
[ 1885.9s] IOs:    614026875  IOPS:   325588  Throughput:  1271.8 MB/s  Total: 2342.33 GB
[ 1886.2s] IOs:    614127626  IOPS:   325593  Throughput:  1271.8 MB/s  Total: 2342.71 GB
[ 1886.6s] IOs:    614228462  IOPS:   325569  Throughput:  1271.8 MB/s  Total: 2343.10 GB
[ 1886.9s] IOs:    614329055  IOPS:   325578  Throughput:  1271.8 MB/s  Total: 2343.48 GB
[ 1887.2s] IOs:    614429299  IOPS:   325585  Throughput:  1271.8 MB/s  Total: 2343.86 GB
[ 1887.4s] IOs:    614530005  IOPS:   325591  Throughput:  1271.8 MB/s  Total: 2344.25 GB
[ 1887.8s] IOs:    614630787  IOPS:   325573  Throughput:  1271.8 MB/s  Total: 2344.63 GB
[ 1888.1s] IOs:    614731619  IOPS:   325585  Throughput:  1271.8 MB/s  Total: 2345.02 GB
[ 1888.3s] IOs:    614832341  IOPS:   325596  Throughput:  1271.9 MB/s  Total: 2345.40 GB
[ 1888.7s] IOs:    614933282  IOPS:   325586  Throughput:  1271.8 MB/s  Total: 2345.78 GB
[ 1888.9s] IOs:    615033304  IOPS:   325597  Throughput:  1271.9 MB/s  Total: 2346.17 GB
[ 1889.2s] IOs:    615134107  IOPS:   325607  Throughput:  1271.9 MB/s  Total: 2346.55 GB
[ 1889.6s] IOs:    615234835  IOPS:   325587  Throughput:  1271.8 MB/s  Total: 2346.93 GB
[ 1889.9s] IOs:    615335768  IOPS:   325595  Throughput:  1271.9 MB/s  Total: 2347.32 GB
[ 1890.4s] IOs:    615436175  IOPS:   325563  Throughput:  1271.7 MB/s  Total: 2347.70 GB
[ 1890.6s] IOs:    615536848  IOPS:   325569  Throughput:  1271.8 MB/s  Total: 2348.09 GB
[ 1890.9s] IOs:    615637398  IOPS:   325576  Throughput:  1271.8 MB/s  Total: 2348.47 GB
[ 1891.3s] IOs:    615738269  IOPS:   325562  Throughput:  1271.7 MB/s  Total: 2348.86 GB
[ 1891.6s] IOs:    615838714  IOPS:   325562  Throughput:  1271.7 MB/s  Total: 2349.24 GB
[ 1891.8s] IOs:    615939530  IOPS:   325575  Throughput:  1271.8 MB/s  Total: 2349.62 GB
[ 1892.2s] IOs:    616040274  IOPS:   325566  Throughput:  1271.7 MB/s  Total: 2350.01 GB
[ 1892.7s] IOs:    616141177  IOPS:   325529  Throughput:  1271.6 MB/s  Total: 2350.39 GB
[ 1893.3s] IOs:    616242043  IOPS:   325488  Throughput:  1271.4 MB/s  Total: 2350.78 GB
[ 1893.7s] IOs:    616342513  IOPS:   325463  Throughput:  1271.3 MB/s  Total: 2351.16 GB
[ 1894.1s] IOs:    616443212  IOPS:   325453  Throughput:  1271.3 MB/s  Total: 2351.54 GB
[ 1894.3s] IOs:    616543659  IOPS:   325468  Throughput:  1271.4 MB/s  Total: 2351.93 GB
[ 1894.9s] IOs:    616644578  IOPS:   325430  Throughput:  1271.2 MB/s  Total: 2352.31 GB
[ 1895.6s] IOs:    616745129  IOPS:   325363  Throughput:  1270.9 MB/s  Total: 2352.70 GB
[ 1896.2s] IOs:    616845841  IOPS:   325310  Throughput:  1270.7 MB/s  Total: 2353.08 GB
[ 1896.7s] IOs:    616945916  IOPS:   325268  Throughput:  1270.6 MB/s  Total: 2353.46 GB
[ 1897.3s] IOs:    617045931  IOPS:   325227  Throughput:  1270.4 MB/s  Total: 2353.84 GB
[ 1898.1s] IOs:    617146729  IOPS:   325142  Throughput:  1270.1 MB/s  Total: 2354.23 GB
[ 1898.7s] IOs:    617247478  IOPS:   325091  Throughput:  1269.9 MB/s  Total: 2354.61 GB
[ 1899.2s] IOs:    617348451  IOPS:   325065  Throughput:  1269.8 MB/s  Total: 2355.00 GB
[ 1899.6s] IOs:    617449007  IOPS:   325033  Throughput:  1269.7 MB/s  Total: 2355.38 GB
[ 1900.2s] IOs:    617549476  IOPS:   324999  Throughput:  1269.5 MB/s  Total: 2355.76 GB
[ 1900.6s] IOs:    617650052  IOPS:   324980  Throughput:  1269.5 MB/s  Total: 2356.15 GB
[ 1901.0s] IOs:    617750954  IOPS:   324966  Throughput:  1269.4 MB/s  Total: 2356.53 GB
[ 1901.3s] IOs:    617851885  IOPS:   324969  Throughput:  1269.4 MB/s  Total: 2356.92 GB
[ 1901.9s] IOs:    617952713  IOPS:   324909  Throughput:  1269.2 MB/s  Total: 2357.30 GB
[ 1902.2s] IOs:    618053370  IOPS:   324913  Throughput:  1269.2 MB/s  Total: 2357.69 GB
[ 1902.6s] IOs:    618153945  IOPS:   324899  Throughput:  1269.1 MB/s  Total: 2358.07 GB
[ 1902.8s] IOs:    618254740  IOPS:   324915  Throughput:  1269.2 MB/s  Total: 2358.45 GB
[ 1903.4s] IOs:    618355592  IOPS:   324876  Throughput:  1269.0 MB/s  Total: 2358.84 GB
[ 1903.8s] IOs:    618456408  IOPS:   324859  Throughput:  1269.0 MB/s  Total: 2359.22 GB
[ 1904.4s] IOs:    618557286  IOPS:   324807  Throughput:  1268.8 MB/s  Total: 2359.61 GB
[ 1904.6s] IOs:    618657938  IOPS:   324816  Throughput:  1268.8 MB/s  Total: 2359.99 GB
[ 1905.2s] IOs:    618758706  IOPS:   324770  Throughput:  1268.6 MB/s  Total: 2360.38 GB
[ 1905.7s] IOs:    618859401  IOPS:   324747  Throughput:  1268.5 MB/s  Total: 2360.76 GB
[ 1905.9s] IOs:    618960223  IOPS:   324760  Throughput:  1268.6 MB/s  Total: 2361.15 GB
[ 1906.4s] IOs:    619060852  IOPS:   324724  Throughput:  1268.5 MB/s  Total: 2361.53 GB
[ 1906.8s] IOs:    619160967  IOPS:   324712  Throughput:  1268.4 MB/s  Total: 2361.91 GB
[ 1907.2s] IOs:    619261544  IOPS:   324693  Throughput:  1268.3 MB/s  Total: 2362.30 GB
[ 1907.6s] IOs:    619362195  IOPS:   324682  Throughput:  1268.3 MB/s  Total: 2362.68 GB
[ 1907.9s] IOs:    619462846  IOPS:   324689  Throughput:  1268.3 MB/s  Total: 2363.06 GB
[ 1908.2s] IOs:    619563556  IOPS:   324677  Throughput:  1268.3 MB/s  Total: 2363.45 GB
[ 1908.6s] IOs:    619663969  IOPS:   324664  Throughput:  1268.2 MB/s  Total: 2363.83 GB
[ 1908.9s] IOs:    619764949  IOPS:   324677  Throughput:  1268.3 MB/s  Total: 2364.22 GB
[ 1909.3s] IOs:    619865583  IOPS:   324653  Throughput:  1268.2 MB/s  Total: 2364.60 GB
[ 1909.7s] IOs:    619966301  IOPS:   324649  Throughput:  1268.2 MB/s  Total: 2364.98 GB
[ 1909.9s] IOs:    620067045  IOPS:   324665  Throughput:  1268.2 MB/s  Total: 2365.37 GB
[ 1910.3s] IOs:    620167195  IOPS:   324644  Throughput:  1268.1 MB/s  Total: 2365.75 GB
[ 1910.6s] IOs:    620268130  IOPS:   324638  Throughput:  1268.1 MB/s  Total: 2366.14 GB
[ 1910.9s] IOs:    620368571  IOPS:   324653  Throughput:  1268.2 MB/s  Total: 2366.52 GB
[ 1911.2s] IOs:    620469302  IOPS:   324649  Throughput:  1268.2 MB/s  Total: 2366.90 GB
[ 1911.4s] IOs:    620569865  IOPS:   324665  Throughput:  1268.2 MB/s  Total: 2367.29 GB
[ 1911.8s] IOs:    620670349  IOPS:   324659  Throughput:  1268.2 MB/s  Total: 2367.67 GB
[ 1912.1s] IOs:    620771203  IOPS:   324657  Throughput:  1268.2 MB/s  Total: 2368.05 GB
[ 1912.4s] IOs:    620871799  IOPS:   324663  Throughput:  1268.2 MB/s  Total: 2368.44 GB
[ 1912.6s] IOs:    620972813  IOPS:   324674  Throughput:  1268.3 MB/s  Total: 2368.82 GB
[ 1912.8s] IOs:    621073733  IOPS:   324691  Throughput:  1268.3 MB/s  Total: 2369.21 GB
[ 1913.1s] IOs:    621174729  IOPS:   324695  Throughput:  1268.3 MB/s  Total: 2369.59 GB
[Reader] Parsed 82000000 lines, distributed 621205524 writes, unique 694.17 GB, skipped 0
[ 1913.3s] IOs:    621275330  IOPS:   324710  Throughput:  1268.4 MB/s  Total: 2369.98 GB
[ 1913.6s] IOs:    621376049  IOPS:   324719  Throughput:  1268.4 MB/s  Total: 2370.36 GB
[ 1913.8s] IOs:    621476524  IOPS:   324736  Throughput:  1268.5 MB/s  Total: 2370.74 GB
[ 1914.1s] IOs:    621577432  IOPS:   324740  Throughput:  1268.5 MB/s  Total: 2371.13 GB
[ 1914.3s] IOs:    621678016  IOPS:   324748  Throughput:  1268.5 MB/s  Total: 2371.51 GB
[ 1914.6s] IOs:    621778518  IOPS:   324763  Throughput:  1268.6 MB/s  Total: 2371.90 GB
[ 1915.0s] IOs:    621879149  IOPS:   324736  Throughput:  1268.5 MB/s  Total: 2372.28 GB
[ 1915.3s] IOs:    621979906  IOPS:   324751  Throughput:  1268.6 MB/s  Total: 2372.67 GB
[ 1915.8s] IOs:    622080591  IOPS:   324707  Throughput:  1268.4 MB/s  Total: 2373.05 GB
[ 1916.1s] IOs:    622181306  IOPS:   324706  Throughput:  1268.4 MB/s  Total: 2373.43 GB
[ 1916.4s] IOs:    622282016  IOPS:   324712  Throughput:  1268.4 MB/s  Total: 2373.82 GB
[ 1916.8s] IOs:    622382788  IOPS:   324700  Throughput:  1268.4 MB/s  Total: 2374.20 GB
[ 1917.2s] IOs:    622482820  IOPS:   324679  Throughput:  1268.3 MB/s  Total: 2374.58 GB
[ 1917.5s] IOs:    622583536  IOPS:   324688  Throughput:  1268.3 MB/s  Total: 2374.97 GB
[ 1917.8s] IOs:    622684217  IOPS:   324684  Throughput:  1268.3 MB/s  Total: 2375.35 GB
[ 1918.2s] IOs:    622784835  IOPS:   324669  Throughput:  1268.2 MB/s  Total: 2375.74 GB
[ 1918.5s] IOs:    622885577  IOPS:   324678  Throughput:  1268.3 MB/s  Total: 2376.12 GB
[ 1918.8s] IOs:    622986378  IOPS:   324673  Throughput:  1268.3 MB/s  Total: 2376.50 GB
[ 1919.1s] IOs:    623087064  IOPS:   324671  Throughput:  1268.2 MB/s  Total: 2376.89 GB
[ 1919.4s] IOs:    623187519  IOPS:   324685  Throughput:  1268.3 MB/s  Total: 2377.27 GB
[ 1919.9s] IOs:    623288038  IOPS:   324646  Throughput:  1268.2 MB/s  Total: 2377.66 GB
[ 1920.2s] IOs:    623388801  IOPS:   324646  Throughput:  1268.1 MB/s  Total: 2378.04 GB
[ 1920.6s] IOs:    623489695  IOPS:   324635  Throughput:  1268.1 MB/s  Total: 2378.42 GB
[ 1920.9s] IOs:    623590183  IOPS:   324638  Throughput:  1268.1 MB/s  Total: 2378.81 GB
[ 1921.3s] IOs:    623690910  IOPS:   324618  Throughput:  1268.0 MB/s  Total: 2379.19 GB
[ 1921.6s] IOs:    623791427  IOPS:   324617  Throughput:  1268.0 MB/s  Total: 2379.58 GB
[ 1921.8s] IOs:    623892109  IOPS:   324631  Throughput:  1268.1 MB/s  Total: 2379.96 GB
[ 1922.3s] IOs:    623992182  IOPS:   324614  Throughput:  1268.0 MB/s  Total: 2380.34 GB
[ 1922.6s] IOs:    624093190  IOPS:   324609  Throughput:  1268.0 MB/s  Total: 2380.73 GB
[ 1922.9s] IOs:    624194025  IOPS:   324604  Throughput:  1268.0 MB/s  Total: 2381.11 GB
[ 1923.2s] IOs:    624294309  IOPS:   324613  Throughput:  1268.0 MB/s  Total: 2381.49 GB
[ 1923.4s] IOs:    624395017  IOPS:   324624  Throughput:  1268.1 MB/s  Total: 2381.88 GB
[ 1923.7s] IOs:    624495670  IOPS:   324629  Throughput:  1268.1 MB/s  Total: 2382.26 GB
[ 1924.0s] IOs:    624596203  IOPS:   324630  Throughput:  1268.1 MB/s  Total: 2382.65 GB
[ 1924.3s] IOs:    624696730  IOPS:   324632  Throughput:  1268.1 MB/s  Total: 2383.03 GB
[ 1924.6s] IOs:    624796817  IOPS:   324632  Throughput:  1268.1 MB/s  Total: 2383.41 GB
[ 1924.9s] IOs:    624897044  IOPS:   324647  Throughput:  1268.2 MB/s  Total: 2383.79 GB
[ 1925.2s] IOs:    624997540  IOPS:   324646  Throughput:  1268.1 MB/s  Total: 2384.18 GB
[ 1925.4s] IOs:    625098154  IOPS:   324660  Throughput:  1268.2 MB/s  Total: 2384.56 GB
[ 1925.7s] IOs:    625198565  IOPS:   324654  Throughput:  1268.2 MB/s  Total: 2384.94 GB
[ 1926.0s] IOs:    625299140  IOPS:   324660  Throughput:  1268.2 MB/s  Total: 2385.33 GB
[ 1926.2s] IOs:    625399921  IOPS:   324675  Throughput:  1268.3 MB/s  Total: 2385.71 GB
[ 1926.5s] IOs:    625500391  IOPS:   324685  Throughput:  1268.3 MB/s  Total: 2386.09 GB
[ 1926.9s] IOs:    625600812  IOPS:   324663  Throughput:  1268.2 MB/s  Total: 2386.48 GB
[ 1927.7s] IOs:    625701621  IOPS:   324586  Throughput:  1267.9 MB/s  Total: 2386.86 GB
[ 1928.3s] IOs:    625801708  IOPS:   324534  Throughput:  1267.7 MB/s  Total: 2387.24 GB
[ 1928.7s] IOs:    625902320  IOPS:   324523  Throughput:  1267.7 MB/s  Total: 2387.63 GB
[ 1929.2s] IOs:    626003252  IOPS:   324481  Throughput:  1267.5 MB/s  Total: 2388.01 GB
[ 1929.9s] IOs:    626103920  IOPS:   324418  Throughput:  1267.3 MB/s  Total: 2388.40 GB
[ 1930.2s] IOs:    626204545  IOPS:   324422  Throughput:  1267.3 MB/s  Total: 2388.78 GB
[ 1930.9s] IOs:    626305146  IOPS:   324360  Throughput:  1267.0 MB/s  Total: 2389.16 GB
[ 1931.4s] IOs:    626405657  IOPS:   324319  Throughput:  1266.9 MB/s  Total: 2389.55 GB
[ 1931.9s] IOs:    626505992  IOPS:   324291  Throughput:  1266.8 MB/s  Total: 2389.93 GB
[ 1932.5s] IOs:    626606011  IOPS:   324252  Throughput:  1266.6 MB/s  Total: 2390.31 GB
[ 1932.9s] IOs:    626706869  IOPS:   324233  Throughput:  1266.5 MB/s  Total: 2390.70 GB
[ 1933.5s] IOs:    626807756  IOPS:   324191  Throughput:  1266.4 MB/s  Total: 2391.08 GB
[ 1933.8s] IOs:    626908282  IOPS:   324176  Throughput:  1266.3 MB/s  Total: 2391.47 GB
[ 1934.5s] IOs:    627009163  IOPS:   324127  Throughput:  1266.1 MB/s  Total: 2391.85 GB
[ 1935.0s] IOs:    627109825  IOPS:   324084  Throughput:  1266.0 MB/s  Total: 2392.23 GB
[ 1935.2s] IOs:    627210468  IOPS:   324100  Throughput:  1266.0 MB/s  Total: 2392.62 GB
[ 1935.7s] IOs:    627310945  IOPS:   324068  Throughput:  1265.9 MB/s  Total: 2393.00 GB
[ 1936.2s] IOs:    627411539  IOPS:   324036  Throughput:  1265.8 MB/s  Total: 2393.39 GB
[ 1936.5s] IOs:    627512061  IOPS:   324036  Throughput:  1265.8 MB/s  Total: 2393.77 GB
[ 1937.0s] IOs:    627612671  IOPS:   324019  Throughput:  1265.7 MB/s  Total: 2394.15 GB
[ 1937.3s] IOs:    627713187  IOPS:   324010  Throughput:  1265.7 MB/s  Total: 2394.54 GB
[ 1937.7s] IOs:    627814002  IOPS:   323997  Throughput:  1265.6 MB/s  Total: 2394.92 GB
[ 1938.2s] IOs:    627914631  IOPS:   323973  Throughput:  1265.5 MB/s  Total: 2395.30 GB
[ 1938.5s] IOs:    628015304  IOPS:   323967  Throughput:  1265.5 MB/s  Total: 2395.69 GB
[ 1939.1s] IOs:    628115869  IOPS:   323917  Throughput:  1265.3 MB/s  Total: 2396.07 GB
[ 1939.7s] IOs:    628216519  IOPS:   323869  Throughput:  1265.1 MB/s  Total: 2396.46 GB
[ 1940.3s] IOs:    628317223  IOPS:   323817  Throughput:  1264.9 MB/s  Total: 2396.84 GB
[ 1940.8s] IOs:    628417689  IOPS:   323798  Throughput:  1264.8 MB/s  Total: 2397.22 GB
[ 1941.6s] IOs:    628518178  IOPS:   323719  Throughput:  1264.5 MB/s  Total: 2397.61 GB
[ 1941.8s] IOs:    628618974  IOPS:   323724  Throughput:  1264.5 MB/s  Total: 2397.99 GB
[ 1942.7s] IOs:    628719822  IOPS:   323631  Throughput:  1264.2 MB/s  Total: 2398.38 GB
[ 1943.4s] IOs:    628820225  IOPS:   323569  Throughput:  1263.9 MB/s  Total: 2398.76 GB
[ 1943.8s] IOs:    628920874  IOPS:   323555  Throughput:  1263.9 MB/s  Total: 2399.14 GB
[ 1944.4s] IOs:    629021614  IOPS:   323503  Throughput:  1263.7 MB/s  Total: 2399.53 GB
[ 1945.0s] IOs:    629122206  IOPS:   323462  Throughput:  1263.5 MB/s  Total: 2399.91 GB
[ 1945.4s] IOs:    629222798  IOPS:   323436  Throughput:  1263.4 MB/s  Total: 2400.29 GB
[ 1945.9s] IOs:    629323753  IOPS:   323405  Throughput:  1263.3 MB/s  Total: 2400.68 GB
[ 1946.6s] IOs:    629424745  IOPS:   323343  Throughput:  1263.1 MB/s  Total: 2401.06 GB
[ 1946.9s] IOs:    629525298  IOPS:   323340  Throughput:  1263.0 MB/s  Total: 2401.45 GB
[ 1947.6s] IOs:    629625748  IOPS:   323284  Throughput:  1262.8 MB/s  Total: 2401.83 GB
[Reader] Parsed 83000000 lines, distributed 629680905 writes, unique 698.40 GB, skipped 0
[ 1947.8s] IOs:    629726113  IOPS:   323297  Throughput:  1262.9 MB/s  Total: 2402.21 GB
[ 1948.3s] IOs:    629826168  IOPS:   323265  Throughput:  1262.8 MB/s  Total: 2402.60 GB
[ 1948.8s] IOs:    629927055  IOPS:   323234  Throughput:  1262.6 MB/s  Total: 2402.98 GB
[ 1949.0s] IOs:    630027417  IOPS:   323249  Throughput:  1262.7 MB/s  Total: 2403.36 GB
[ 1949.4s] IOs:    630127906  IOPS:   323239  Throughput:  1262.7 MB/s  Total: 2403.75 GB
[ 1949.9s] IOs:    630228641  IOPS:   323218  Throughput:  1262.6 MB/s  Total: 2404.13 GB
[ 1950.2s] IOs:    630329523  IOPS:   323207  Throughput:  1262.5 MB/s  Total: 2404.52 GB
[ 1950.5s] IOs:    630430372  IOPS:   323210  Throughput:  1262.5 MB/s  Total: 2404.90 GB
[ 1950.9s] IOs:    630531172  IOPS:   323204  Throughput:  1262.5 MB/s  Total: 2405.29 GB
[ 1951.4s] IOs:    630631958  IOPS:   323167  Throughput:  1262.4 MB/s  Total: 2405.67 GB
[ 1951.7s] IOs:    630732640  IOPS:   323171  Throughput:  1262.4 MB/s  Total: 2406.05 GB
[ 1951.9s] IOs:    630833326  IOPS:   323185  Throughput:  1262.4 MB/s  Total: 2406.44 GB
[ 1952.4s] IOs:    630934322  IOPS:   323152  Throughput:  1262.3 MB/s  Total: 2406.82 GB
[ 1952.8s] IOs:    631035119  IOPS:   323146  Throughput:  1262.3 MB/s  Total: 2407.21 GB
[ 1953.3s] IOs:    631135853  IOPS:   323109  Throughput:  1262.1 MB/s  Total: 2407.59 GB
[ 1953.8s] IOs:    631236454  IOPS:   323082  Throughput:  1262.0 MB/s  Total: 2407.98 GB
[ 1954.1s] IOs:    631337185  IOPS:   323082  Throughput:  1262.0 MB/s  Total: 2408.36 GB
[ 1954.4s] IOs:    631437966  IOPS:   323081  Throughput:  1262.0 MB/s  Total: 2408.74 GB
[ 1955.0s] IOs:    631538154  IOPS:   323044  Throughput:  1261.9 MB/s  Total: 2409.13 GB
[ 1955.3s] IOs:    631638794  IOPS:   323036  Throughput:  1261.9 MB/s  Total: 2409.51 GB
[ 1955.8s] IOs:    631739729  IOPS:   323004  Throughput:  1261.7 MB/s  Total: 2409.90 GB
[ 1956.1s] IOs:    631840480  IOPS:   323010  Throughput:  1261.8 MB/s  Total: 2410.28 GB
[ 1956.4s] IOs:    631941332  IOPS:   323006  Throughput:  1261.7 MB/s  Total: 2410.66 GB
[ 1956.9s] IOs:    632042226  IOPS:   322988  Throughput:  1261.7 MB/s  Total: 2411.05 GB
[ 1957.1s] IOs:    632142426  IOPS:   322998  Throughput:  1261.7 MB/s  Total: 2411.43 GB
[ 1957.4s] IOs:    632242940  IOPS:   323001  Throughput:  1261.7 MB/s  Total: 2411.82 GB
[ 1957.8s] IOs:    632343537  IOPS:   322986  Throughput:  1261.7 MB/s  Total: 2412.20 GB
[ 1958.2s] IOs:    632444174  IOPS:   322975  Throughput:  1261.6 MB/s  Total: 2412.58 GB
[ 1958.4s] IOs:    632545001  IOPS:   322990  Throughput:  1261.7 MB/s  Total: 2412.97 GB
[ 1958.8s] IOs:    632645537  IOPS:   322968  Throughput:  1261.6 MB/s  Total: 2413.35 GB
[ 1959.1s] IOs:    632745816  IOPS:   322981  Throughput:  1261.6 MB/s  Total: 2413.73 GB
[ 1959.4s] IOs:    632846343  IOPS:   322978  Throughput:  1261.6 MB/s  Total: 2414.12 GB
[ 1959.8s] IOs:    632946858  IOPS:   322964  Throughput:  1261.6 MB/s  Total: 2414.50 GB
[ 1960.1s] IOs:    633047420  IOPS:   322974  Throughput:  1261.6 MB/s  Total: 2414.88 GB
[ 1960.3s] IOs:    633148063  IOPS:   322978  Throughput:  1261.6 MB/s  Total: 2415.27 GB
[ 1960.6s] IOs:    633248583  IOPS:   322993  Throughput:  1261.7 MB/s  Total: 2415.65 GB
[ 1960.9s] IOs:    633349271  IOPS:   322988  Throughput:  1261.7 MB/s  Total: 2416.04 GB
[ 1961.2s] IOs:    633449741  IOPS:   322990  Throughput:  1261.7 MB/s  Total: 2416.42 GB
[ 1961.7s] IOs:    633549842  IOPS:   322953  Throughput:  1261.5 MB/s  Total: 2416.80 GB
[ 1962.4s] IOs:    633650454  IOPS:   322903  Throughput:  1261.3 MB/s  Total: 2417.18 GB
[ 1962.9s] IOs:    633750908  IOPS:   322871  Throughput:  1261.2 MB/s  Total: 2417.57 GB
[ 1963.4s] IOs:    633851538  IOPS:   322839  Throughput:  1261.1 MB/s  Total: 2417.95 GB
[ 1964.1s] IOs:    633952157  IOPS:   322776  Throughput:  1260.8 MB/s  Total: 2418.34 GB
[ 1964.3s] IOs:    634052163  IOPS:   322786  Throughput:  1260.9 MB/s  Total: 2418.72 GB
[ 1964.9s] IOs:    634153088  IOPS:   322738  Throughput:  1260.7 MB/s  Total: 2419.10 GB
[ 1965.4s] IOs:    634253625  IOPS:   322714  Throughput:  1260.6 MB/s  Total: 2419.49 GB
[ 1965.9s] IOs:    634354280  IOPS:   322679  Throughput:  1260.5 MB/s  Total: 2419.87 GB
[ 1966.3s] IOs:    634455105  IOPS:   322665  Throughput:  1260.4 MB/s  Total: 2420.25 GB
[ 1966.8s] IOs:    634556120  IOPS:   322640  Throughput:  1260.3 MB/s  Total: 2420.64 GB
[ 1967.0s] IOs:    634656821  IOPS:   322653  Throughput:  1260.4 MB/s  Total: 2421.02 GB
[ 1967.5s] IOs:    634757516  IOPS:   322624  Throughput:  1260.2 MB/s  Total: 2421.41 GB
[ 1967.8s] IOs:    634858488  IOPS:   322616  Throughput:  1260.2 MB/s  Total: 2421.79 GB
[ 1968.5s] IOs:    634959051  IOPS:   322555  Throughput:  1260.0 MB/s  Total: 2422.18 GB
[ 1968.7s] IOs:    635059464  IOPS:   322570  Throughput:  1260.0 MB/s  Total: 2422.56 GB
[ 1969.3s] IOs:    635159960  IOPS:   322529  Throughput:  1259.9 MB/s  Total: 2422.94 GB
[ 1969.7s] IOs:    635260314  IOPS:   322515  Throughput:  1259.8 MB/s  Total: 2423.33 GB
[ 1969.9s] IOs:    635361065  IOPS:   322528  Throughput:  1259.9 MB/s  Total: 2423.71 GB
[ 1970.5s] IOs:    635461589  IOPS:   322480  Throughput:  1259.7 MB/s  Total: 2424.09 GB
[ 1970.8s] IOs:    635562375  IOPS:   322485  Throughput:  1259.7 MB/s  Total: 2424.48 GB
[ 1971.6s] IOs:    635662918  IOPS:   322414  Throughput:  1259.4 MB/s  Total: 2424.86 GB
[ 1971.8s] IOs:    635763233  IOPS:   322422  Throughput:  1259.5 MB/s  Total: 2425.24 GB
[ 1972.5s] IOs:    635863594  IOPS:   322371  Throughput:  1259.3 MB/s  Total: 2425.63 GB
[ 1973.0s] IOs:    635964228  IOPS:   322337  Throughput:  1259.1 MB/s  Total: 2426.01 GB
[ 1973.5s] IOs:    636065077  IOPS:   322299  Throughput:  1259.0 MB/s  Total: 2426.40 GB
[ 1973.9s] IOs:    636165980  IOPS:   322281  Throughput:  1258.9 MB/s  Total: 2426.78 GB
[ 1974.5s] IOs:    636266739  IOPS:   322236  Throughput:  1258.7 MB/s  Total: 2427.16 GB
[ 1974.9s] IOs:    636366994  IOPS:   322232  Throughput:  1258.7 MB/s  Total: 2427.55 GB
[ 1975.6s] IOs:    636467671  IOPS:   322160  Throughput:  1258.4 MB/s  Total: 2427.93 GB
[ 1975.9s] IOs:    636568416  IOPS:   322161  Throughput:  1258.4 MB/s  Total: 2428.32 GB
[ 1976.4s] IOs:    636668884  IOPS:   322128  Throughput:  1258.3 MB/s  Total: 2428.70 GB
[ 1977.2s] IOs:    636769549  IOPS:   322054  Throughput:  1258.0 MB/s  Total: 2429.08 GB
[ 1977.6s] IOs:    636869923  IOPS:   322048  Throughput:  1258.0 MB/s  Total: 2429.47 GB
[ 1978.1s] IOs:    636970303  IOPS:   322016  Throughput:  1257.9 MB/s  Total: 2429.85 GB
[ 1978.5s] IOs:    637070935  IOPS:   322005  Throughput:  1257.8 MB/s  Total: 2430.23 GB
[ 1979.0s] IOs:    637171610  IOPS:   321967  Throughput:  1257.7 MB/s  Total: 2430.62 GB
[ 1979.5s] IOs:    637272236  IOPS:   321932  Throughput:  1257.5 MB/s  Total: 2431.00 GB
[ 1980.2s] IOs:    637372850  IOPS:   321873  Throughput:  1257.3 MB/s  Total: 2431.38 GB
[ 1980.8s] IOs:    637473415  IOPS:   321818  Throughput:  1257.1 MB/s  Total: 2431.77 GB
[ 1981.4s] IOs:    637574063  IOPS:   321776  Throughput:  1256.9 MB/s  Total: 2432.15 GB
[ 1982.0s] IOs:    637674540  IOPS:   321728  Throughput:  1256.7 MB/s  Total: 2432.54 GB
[ 1982.8s] IOs:    637775346  IOPS:   321662  Throughput:  1256.5 MB/s  Total: 2432.92 GB
[ 1983.3s] IOs:    637876176  IOPS:   321626  Throughput:  1256.4 MB/s  Total: 2433.30 GB
[ 1983.8s] IOs:    637976653  IOPS:   321587  Throughput:  1256.2 MB/s  Total: 2433.69 GB
[ 1984.5s] IOs:    638077240  IOPS:   321530  Throughput:  1256.0 MB/s  Total: 2434.07 GB
[ 1984.8s] IOs:    638178232  IOPS:   321532  Throughput:  1256.0 MB/s  Total: 2434.46 GB
[ 1985.4s] IOs:    638278933  IOPS:   321482  Throughput:  1255.8 MB/s  Total: 2434.84 GB
[ 1986.0s] IOs:    638379338  IOPS:   321432  Throughput:  1255.6 MB/s  Total: 2435.22 GB
[ 1986.5s] IOs:    638479832  IOPS:   321411  Throughput:  1255.5 MB/s  Total: 2435.61 GB
[ 1987.0s] IOs:    638580695  IOPS:   321384  Throughput:  1255.4 MB/s  Total: 2435.99 GB
[ 1987.5s] IOs:    638681399  IOPS:   321354  Throughput:  1255.3 MB/s  Total: 2436.38 GB
[ 1988.0s] IOs:    638782299  IOPS:   321324  Throughput:  1255.2 MB/s  Total: 2436.76 GB
[ 1988.7s] IOs:    638883146  IOPS:   321251  Throughput:  1254.9 MB/s  Total: 2437.15 GB
[ 1989.3s] IOs:    638983652  IOPS:   321207  Throughput:  1254.7 MB/s  Total: 2437.53 GB
[ 1989.9s] IOs:    639084525  IOPS:   321162  Throughput:  1254.5 MB/s  Total: 2437.91 GB
[ 1990.5s] IOs:    639185101  IOPS:   321125  Throughput:  1254.4 MB/s  Total: 2438.30 GB
[ 1990.9s] IOs:    639285105  IOPS:   321098  Throughput:  1254.3 MB/s  Total: 2438.68 GB
[ 1991.5s] IOs:    639385910  IOPS:   321054  Throughput:  1254.1 MB/s  Total: 2439.06 GB
[ 1992.0s] IOs:    639486299  IOPS:   321032  Throughput:  1254.0 MB/s  Total: 2439.45 GB
[ 1992.7s] IOs:    639586589  IOPS:   320969  Throughput:  1253.8 MB/s  Total: 2439.83 GB
[ 1993.0s] IOs:    639687031  IOPS:   320973  Throughput:  1253.8 MB/s  Total: 2440.21 GB
[ 1993.2s] IOs:    639787562  IOPS:   320980  Throughput:  1253.8 MB/s  Total: 2440.60 GB
[ 1993.5s] IOs:    639887903  IOPS:   320981  Throughput:  1253.8 MB/s  Total: 2440.98 GB
[ 1993.8s] IOs:    639988237  IOPS:   320991  Throughput:  1253.9 MB/s  Total: 2441.36 GB
[ 1994.0s] IOs:    640088521  IOPS:   321003  Throughput:  1253.9 MB/s  Total: 2441.74 GB
[ 1994.3s] IOs:    640188720  IOPS:   321009  Throughput:  1253.9 MB/s  Total: 2442.13 GB
[ 1994.5s] IOs:    640289751  IOPS:   321024  Throughput:  1254.0 MB/s  Total: 2442.51 GB
[Reader] Parsed 84000000 lines, distributed 640384953 writes, unique 701.37 GB, skipped 0
[ 1994.9s] IOs:    640390656  IOPS:   321022  Throughput:  1254.0 MB/s  Total: 2442.90 GB
[ 1995.1s] IOs:    640491371  IOPS:   321038  Throughput:  1254.1 MB/s  Total: 2443.28 GB
[ 1995.4s] IOs:    640591505  IOPS:   321039  Throughput:  1254.1 MB/s  Total: 2443.66 GB
[ 1995.6s] IOs:    640692320  IOPS:   321047  Throughput:  1254.1 MB/s  Total: 2444.05 GB
[ 1995.9s] IOs:    640792937  IOPS:   321060  Throughput:  1254.1 MB/s  Total: 2444.43 GB
[ 1996.1s] IOs:    640893354  IOPS:   321069  Throughput:  1254.2 MB/s  Total: 2444.81 GB
[ 1996.4s] IOs:    640993909  IOPS:   321081  Throughput:  1254.2 MB/s  Total: 2445.20 GB
[ 1996.6s] IOs:    641094583  IOPS:   321094  Throughput:  1254.3 MB/s  Total: 2445.58 GB
[ 1996.8s] IOs:    641195053  IOPS:   321109  Throughput:  1254.3 MB/s  Total: 2445.97 GB
[ 1997.0s] IOs:    641295626  IOPS:   321123  Throughput:  1254.4 MB/s  Total: 2446.35 GB
[ 1997.3s] IOs:    641396106  IOPS:   321137  Throughput:  1254.4 MB/s  Total: 2446.73 GB
[ 1997.5s] IOs:    641496568  IOPS:   321153  Throughput:  1254.5 MB/s  Total: 2447.12 GB
[ 1997.7s] IOs:    641597410  IOPS:   321167  Throughput:  1254.6 MB/s  Total: 2447.50 GB
[ 1998.3s] IOs:    641698198  IOPS:   321130  Throughput:  1254.4 MB/s  Total: 2447.88 GB
[ 1998.8s] IOs:    641799161  IOPS:   321089  Throughput:  1254.3 MB/s  Total: 2448.27 GB
[ 1999.4s] IOs:    641899616  IOPS:   321048  Throughput:  1254.1 MB/s  Total: 2448.65 GB
[ 1999.9s] IOs:    641999861  IOPS:   321011  Throughput:  1253.9 MB/s  Total: 2449.04 GB
[ 2000.4s] IOs:    642100318  IOPS:   320979  Throughput:  1253.8 MB/s  Total: 2449.42 GB
[ 2001.0s] IOs:    642200877  IOPS:   320945  Throughput:  1253.7 MB/s  Total: 2449.80 GB
[ 2001.4s] IOs:    642301390  IOPS:   320925  Throughput:  1253.6 MB/s  Total: 2450.19 GB
[ 2002.0s] IOs:    642401661  IOPS:   320885  Throughput:  1253.5 MB/s  Total: 2450.57 GB
[ 2002.2s] IOs:    642502281  IOPS:   320894  Throughput:  1253.5 MB/s  Total: 2450.95 GB
[ 2002.5s] IOs:    642603013  IOPS:   320907  Throughput:  1253.5 MB/s  Total: 2451.34 GB
[ 2002.7s] IOs:    642703403  IOPS:   320919  Throughput:  1253.6 MB/s  Total: 2451.72 GB
[ 2002.9s] IOs:    642803896  IOPS:   320931  Throughput:  1253.6 MB/s  Total: 2452.10 GB
[ 2003.2s] IOs:    642904537  IOPS:   320944  Throughput:  1253.7 MB/s  Total: 2452.49 GB
[ 2003.4s] IOs:    643005109  IOPS:   320951  Throughput:  1253.7 MB/s  Total: 2452.87 GB
[ 2003.7s] IOs:    643105597  IOPS:   320961  Throughput:  1253.8 MB/s  Total: 2453.25 GB
[ 2003.9s] IOs:    643205876  IOPS:   320969  Throughput:  1253.8 MB/s  Total: 2453.64 GB
[ 2004.2s] IOs:    643306395  IOPS:   320974  Throughput:  1253.8 MB/s  Total: 2454.02 GB
[ 2004.5s] IOs:    643406871  IOPS:   320989  Throughput:  1253.9 MB/s  Total: 2454.40 GB
[ 2004.8s] IOs:    643507584  IOPS:   320983  Throughput:  1253.8 MB/s  Total: 2454.79 GB
[ 2005.0s] IOs:    643608264  IOPS:   320998  Throughput:  1253.9 MB/s  Total: 2455.17 GB
[ 2005.3s] IOs:    643709189  IOPS:   320996  Throughput:  1253.9 MB/s  Total: 2455.56 GB
[ 2005.6s] IOs:    643809713  IOPS:   321007  Throughput:  1253.9 MB/s  Total: 2455.94 GB
[ 2005.9s] IOs:    643910391  IOPS:   321012  Throughput:  1254.0 MB/s  Total: 2456.32 GB
[ 2006.1s] IOs:    644011237  IOPS:   321023  Throughput:  1254.0 MB/s  Total: 2456.71 GB
[ 2006.4s] IOs:    644111741  IOPS:   321030  Throughput:  1254.0 MB/s  Total: 2457.09 GB
[ 2006.6s] IOs:    644212305  IOPS:   321045  Throughput:  1254.1 MB/s  Total: 2457.47 GB
[ 2006.9s] IOs:    644312915  IOPS:   321053  Throughput:  1254.1 MB/s  Total: 2457.86 GB
[ 2007.1s] IOs:    644413582  IOPS:   321070  Throughput:  1254.2 MB/s  Total: 2458.24 GB
[ 2007.5s] IOs:    644514449  IOPS:   321046  Throughput:  1254.1 MB/s  Total: 2458.63 GB
[ 2007.8s] IOs:    644614759  IOPS:   321048  Throughput:  1254.1 MB/s  Total: 2459.01 GB
[ 2008.2s] IOs:    644714814  IOPS:   321044  Throughput:  1254.1 MB/s  Total: 2459.39 GB
[ 2008.5s] IOs:    644815019  IOPS:   321046  Throughput:  1254.1 MB/s  Total: 2459.77 GB
[ 2008.8s] IOs:    644915918  IOPS:   321046  Throughput:  1254.1 MB/s  Total: 2460.16 GB
[ 2009.0s] IOs:    645016853  IOPS:   321057  Throughput:  1254.1 MB/s  Total: 2460.54 GB
[ 2009.5s] IOs:    645117634  IOPS:   321030  Throughput:  1254.0 MB/s  Total: 2460.93 GB
[ 2009.8s] IOs:    645217706  IOPS:   321032  Throughput:  1254.0 MB/s  Total: 2461.31 GB
[ 2010.0s] IOs:    645318653  IOPS:   321049  Throughput:  1254.1 MB/s  Total: 2461.70 GB
[ 2010.5s] IOs:    645419483  IOPS:   321027  Throughput:  1254.0 MB/s  Total: 2462.08 GB
[ 2010.8s] IOs:    645519502  IOPS:   321030  Throughput:  1254.0 MB/s  Total: 2462.46 GB
[ 2011.0s] IOs:    645620191  IOPS:   321047  Throughput:  1254.1 MB/s  Total: 2462.85 GB
[ 2011.6s] IOs:    645721139  IOPS:   321001  Throughput:  1253.9 MB/s  Total: 2463.23 GB
[ 2011.8s] IOs:    645821553  IOPS:   321014  Throughput:  1254.0 MB/s  Total: 2463.61 GB
[ 2012.1s] IOs:    645921969  IOPS:   321024  Throughput:  1254.0 MB/s  Total: 2464.00 GB
[ 2012.3s] IOs:    646022658  IOPS:   321036  Throughput:  1254.0 MB/s  Total: 2464.38 GB
[ 2012.5s] IOs:    646123356  IOPS:   321049  Throughput:  1254.1 MB/s  Total: 2464.76 GB
[ 2012.8s] IOs:    646223829  IOPS:   321063  Throughput:  1254.2 MB/s  Total: 2465.15 GB
[ 2013.0s] IOs:    646323974  IOPS:   321069  Throughput:  1254.2 MB/s  Total: 2465.53 GB
[ 2013.3s] IOs:    646424225  IOPS:   321077  Throughput:  1254.2 MB/s  Total: 2465.91 GB
[ 2013.6s] IOs:    646525023  IOPS:   321082  Throughput:  1254.2 MB/s  Total: 2466.30 GB
[ 2013.8s] IOs:    646625845  IOPS:   321093  Throughput:  1254.3 MB/s  Total: 2466.68 GB
[ 2014.0s] IOs:    646726558  IOPS:   321109  Throughput:  1254.3 MB/s  Total: 2467.07 GB
[ 2014.4s] IOs:    646827341  IOPS:   321100  Throughput:  1254.3 MB/s  Total: 2467.45 GB
[ 2014.6s] IOs:    646928260  IOPS:   321115  Throughput:  1254.4 MB/s  Total: 2467.84 GB
[ 2014.9s] IOs:    647028988  IOPS:   321122  Throughput:  1254.4 MB/s  Total: 2468.22 GB
[ 2015.1s] IOs:    647129910  IOPS:   321134  Throughput:  1254.4 MB/s  Total: 2468.60 GB
[ 2015.4s] IOs:    647230531  IOPS:   321138  Throughput:  1254.4 MB/s  Total: 2468.99 GB
[ 2015.6s] IOs:    647331196  IOPS:   321154  Throughput:  1254.5 MB/s  Total: 2469.37 GB
[ 2016.0s] IOs:    647431219  IOPS:   321154  Throughput:  1254.5 MB/s  Total: 2469.75 GB
[ 2016.2s] IOs:    647531721  IOPS:   321169  Throughput:  1254.6 MB/s  Total: 2470.14 GB
[ 2016.4s] IOs:    647632624  IOPS:   321186  Throughput:  1254.6 MB/s  Total: 2470.52 GB
[ 2016.8s] IOs:    647732861  IOPS:   321174  Throughput:  1254.6 MB/s  Total: 2470.90 GB
[ 2017.0s] IOs:    647833450  IOPS:   321186  Throughput:  1254.6 MB/s  Total: 2471.29 GB
[ 2017.3s] IOs:    647933921  IOPS:   321193  Throughput:  1254.7 MB/s  Total: 2471.67 GB
[ 2017.6s] IOs:    648034085  IOPS:   321187  Throughput:  1254.6 MB/s  Total: 2472.05 GB
[ 2017.9s] IOs:    648134566  IOPS:   321196  Throughput:  1254.7 MB/s  Total: 2472.44 GB
[ 2018.3s] IOs:    648235152  IOPS:   321173  Throughput:  1254.6 MB/s  Total: 2472.82 GB
[ 2018.6s] IOs:    648335735  IOPS:   321187  Throughput:  1254.6 MB/s  Total: 2473.20 GB
[ 2019.0s] IOs:    648436250  IOPS:   321175  Throughput:  1254.6 MB/s  Total: 2473.59 GB
[ 2019.3s] IOs:    648536650  IOPS:   321172  Throughput:  1254.6 MB/s  Total: 2473.97 GB
[ 2019.5s] IOs:    648637340  IOPS:   321186  Throughput:  1254.6 MB/s  Total: 2474.36 GB
[ 2019.8s] IOs:    648737968  IOPS:   321182  Throughput:  1254.6 MB/s  Total: 2474.74 GB
[ 2020.1s] IOs:    648838436  IOPS:   321194  Throughput:  1254.7 MB/s  Total: 2475.12 GB
[ 2020.4s] IOs:    648938870  IOPS:   321193  Throughput:  1254.7 MB/s  Total: 2475.51 GB
[ 2020.7s] IOs:    649038903  IOPS:   321199  Throughput:  1254.7 MB/s  Total: 2475.89 GB
[ 2020.9s] IOs:    649139669  IOPS:   321207  Throughput:  1254.7 MB/s  Total: 2476.27 GB
[ 2021.2s] IOs:    649240273  IOPS:   321222  Throughput:  1254.8 MB/s  Total: 2476.66 GB
[ 2021.4s] IOs:    649340906  IOPS:   321226  Throughput:  1254.8 MB/s  Total: 2477.04 GB
[ 2021.7s] IOs:    649441526  IOPS:   321240  Throughput:  1254.8 MB/s  Total: 2477.42 GB
[ 2021.9s] IOs:    649542159  IOPS:   321249  Throughput:  1254.9 MB/s  Total: 2477.81 GB
[ 2022.1s] IOs:    649642480  IOPS:   321266  Throughput:  1254.9 MB/s  Total: 2478.19 GB
[ 2022.4s] IOs:    649742977  IOPS:   321267  Throughput:  1255.0 MB/s  Total: 2478.57 GB
[ 2022.6s] IOs:    649843892  IOPS:   321289  Throughput:  1255.0 MB/s  Total: 2478.96 GB
[ 2022.9s] IOs:    649943906  IOPS:   321290  Throughput:  1255.0 MB/s  Total: 2479.34 GB
[ 2023.1s] IOs:    650044752  IOPS:   321305  Throughput:  1255.1 MB/s  Total: 2479.72 GB
[ 2023.6s] IOs:    650145555  IOPS:   321275  Throughput:  1255.0 MB/s  Total: 2480.11 GB
[ 2023.8s] IOs:    650246304  IOPS:   321297  Throughput:  1255.1 MB/s  Total: 2480.49 GB
[ 2024.4s] IOs:    650346891  IOPS:   321259  Throughput:  1254.9 MB/s  Total: 2480.88 GB
[ 2024.6s] IOs:    650447788  IOPS:   321276  Throughput:  1255.0 MB/s  Total: 2481.26 GB
[ 2024.9s] IOs:    650548319  IOPS:   321279  Throughput:  1255.0 MB/s  Total: 2481.64 GB
[Reader] Parsed 85000000 lines, distributed 650631710 writes, unique 705.26 GB, skipped 0
[ 2025.4s] IOs:    650648738  IOPS:   321252  Throughput:  1254.9 MB/s  Total: 2482.03 GB
[ 2025.5s] IOs:    650749153  IOPS:   321272  Throughput:  1255.0 MB/s  Total: 2482.41 GB
[ 2025.9s] IOs:    650849919  IOPS:   321269  Throughput:  1255.0 MB/s  Total: 2482.80 GB
[ 2026.3s] IOs:    650950128  IOPS:   321257  Throughput:  1254.9 MB/s  Total: 2483.18 GB
[ 2026.7s] IOs:    651050478  IOPS:   321239  Throughput:  1254.8 MB/s  Total: 2483.56 GB
[ 2026.9s] IOs:    651151248  IOPS:   321261  Throughput:  1254.9 MB/s  Total: 2483.94 GB
[ 2027.4s] IOs:    651251972  IOPS:   321220  Throughput:  1254.8 MB/s  Total: 2484.33 GB
[ 2027.6s] IOs:    651352551  IOPS:   321240  Throughput:  1254.8 MB/s  Total: 2484.71 GB
[ 2027.9s] IOs:    651453062  IOPS:   321246  Throughput:  1254.9 MB/s  Total: 2485.10 GB
[ 2028.4s] IOs:    651553080  IOPS:   321215  Throughput:  1254.7 MB/s  Total: 2485.48 GB
[ 2028.6s] IOs:    651653761  IOPS:   321237  Throughput:  1254.8 MB/s  Total: 2485.86 GB
[ 2028.9s] IOs:    651753764  IOPS:   321233  Throughput:  1254.8 MB/s  Total: 2486.24 GB
[ 2029.3s] IOs:    651854641  IOPS:   321221  Throughput:  1254.8 MB/s  Total: 2486.63 GB
[ 2029.5s] IOs:    651955065  IOPS:   321242  Throughput:  1254.8 MB/s  Total: 2487.01 GB
[ 2029.9s] IOs:    652055595  IOPS:   321222  Throughput:  1254.8 MB/s  Total: 2487.39 GB
[ 2030.1s] IOs:    652156066  IOPS:   321243  Throughput:  1254.9 MB/s  Total: 2487.78 GB
[ 2030.4s] IOs:    652256916  IOPS:   321248  Throughput:  1254.9 MB/s  Total: 2488.16 GB
[ 2030.6s] IOs:    652357401  IOPS:   321269  Throughput:  1255.0 MB/s  Total: 2488.55 GB
[ 2030.9s] IOs:    652458368  IOPS:   321263  Throughput:  1254.9 MB/s  Total: 2488.93 GB
[ 2031.2s] IOs:    652559015  IOPS:   321262  Throughput:  1254.9 MB/s  Total: 2489.32 GB
[ 2031.4s] IOs:    652659654  IOPS:   321280  Throughput:  1255.0 MB/s  Total: 2489.70 GB
[ 2031.6s] IOs:    652759932  IOPS:   321299  Throughput:  1255.1 MB/s  Total: 2490.08 GB
[ 2031.9s] IOs:    652860482  IOPS:   321302  Throughput:  1255.1 MB/s  Total: 2490.47 GB
[ 2032.4s] IOs:    652961005  IOPS:   321276  Throughput:  1255.0 MB/s  Total: 2490.85 GB
[ 2032.6s] IOs:    653061322  IOPS:   321297  Throughput:  1255.1 MB/s  Total: 2491.23 GB
[ 2032.9s] IOs:    653162096  IOPS:   321301  Throughput:  1255.1 MB/s  Total: 2491.62 GB
[ 2033.2s] IOs:    653263060  IOPS:   321290  Throughput:  1255.0 MB/s  Total: 2492.00 GB
[ 2033.5s] IOs:    653363664  IOPS:   321302  Throughput:  1255.1 MB/s  Total: 2492.38 GB
[ 2033.8s] IOs:    653464077  IOPS:   321306  Throughput:  1255.1 MB/s  Total: 2492.77 GB
[ 2034.0s] IOs:    653564914  IOPS:   321326  Throughput:  1255.2 MB/s  Total: 2493.15 GB
[ 2034.3s] IOs:    653664948  IOPS:   321316  Throughput:  1255.1 MB/s  Total: 2493.53 GB
[ 2034.5s] IOs:    653765825  IOPS:   321337  Throughput:  1255.2 MB/s  Total: 2493.92 GB
[ 2034.8s] IOs:    653866472  IOPS:   321343  Throughput:  1255.2 MB/s  Total: 2494.30 GB
[ 2035.0s] IOs:    653966708  IOPS:   321362  Throughput:  1255.3 MB/s  Total: 2494.69 GB
[ 2035.3s] IOs:    654067210  IOPS:   321360  Throughput:  1255.3 MB/s  Total: 2495.07 GB
[ 2035.5s] IOs:    654167791  IOPS:   321380  Throughput:  1255.4 MB/s  Total: 2495.45 GB
[ 2035.7s] IOs:    654268592  IOPS:   321391  Throughput:  1255.4 MB/s  Total: 2495.84 GB
[ 2035.9s] IOs:    654368910  IOPS:   321410  Throughput:  1255.5 MB/s  Total: 2496.22 GB
[ 2036.1s] IOs:    654469378  IOPS:   321430  Throughput:  1255.6 MB/s  Total: 2496.60 GB
[ 2036.4s] IOs:    654570061  IOPS:   321440  Throughput:  1255.6 MB/s  Total: 2496.99 GB
[ 2036.5s] IOs:    654670449  IOPS:   321461  Throughput:  1255.7 MB/s  Total: 2497.37 GB
[ 2036.8s] IOs:    654771261  IOPS:   321466  Throughput:  1255.7 MB/s  Total: 2497.75 GB
[ 2037.0s] IOs:    654871971  IOPS:   321486  Throughput:  1255.8 MB/s  Total: 2498.14 GB
[ 2037.3s] IOs:    654972323  IOPS:   321495  Throughput:  1255.8 MB/s  Total: 2498.52 GB
[ 2037.5s] IOs:    655072847  IOPS:   321516  Throughput:  1255.9 MB/s  Total: 2498.90 GB
[ 2037.6s] IOs:    655173211  IOPS:   321536  Throughput:  1256.0 MB/s  Total: 2499.29 GB
[ 2037.9s] IOs:    655273794  IOPS:   321547  Throughput:  1256.0 MB/s  Total: 2499.67 GB
[ 2038.1s] IOs:    655374630  IOPS:   321569  Throughput:  1256.1 MB/s  Total: 2500.06 GB
[ 2038.3s] IOs:    655474876  IOPS:   321580  Throughput:  1256.2 MB/s  Total: 2500.44 GB
[ 2038.7s] IOs:    655575530  IOPS:   321568  Throughput:  1256.1 MB/s  Total: 2500.82 GB
[ 2038.9s] IOs:    655676548  IOPS:   321589  Throughput:  1256.2 MB/s  Total: 2501.21 GB
[ 2039.3s] IOs:    655777365  IOPS:   321573  Throughput:  1256.1 MB/s  Total: 2501.59 GB
[ 2039.5s] IOs:    655877646  IOPS:   321594  Throughput:  1256.2 MB/s  Total: 2501.97 GB
[ 2039.9s] IOs:    655977668  IOPS:   321580  Throughput:  1256.2 MB/s  Total: 2502.36 GB
[ 2040.0s] IOs:    656078023  IOPS:   321602  Throughput:  1256.3 MB/s  Total: 2502.74 GB
[ 2040.5s] IOs:    656178503  IOPS:   321583  Throughput:  1256.2 MB/s  Total: 2503.12 GB
[ 2040.8s] IOs:    656279492  IOPS:   321585  Throughput:  1256.2 MB/s  Total: 2503.51 GB
[ 2040.9s] IOs:    656379987  IOPS:   321606  Throughput:  1256.3 MB/s  Total: 2503.89 GB
[ 2041.3s] IOs:    656480390  IOPS:   321594  Throughput:  1256.2 MB/s  Total: 2504.27 GB
[ 2041.5s] IOs:    656580852  IOPS:   321615  Throughput:  1256.3 MB/s  Total: 2504.66 GB
[ 2042.0s] IOs:    656681435  IOPS:   321580  Throughput:  1256.2 MB/s  Total: 2505.04 GB
[ 2042.2s] IOs:    656782258  IOPS:   321602  Throughput:  1256.3 MB/s  Total: 2505.43 GB
[ 2042.4s] IOs:    656882476  IOPS:   321625  Throughput:  1256.3 MB/s  Total: 2505.81 GB
[ 2042.8s] IOs:    656983431  IOPS:   321613  Throughput:  1256.3 MB/s  Total: 2506.19 GB
[ 2043.0s] IOs:    657084014  IOPS:   321631  Throughput:  1256.4 MB/s  Total: 2506.58 GB
[ 2043.3s] IOs:    657184789  IOPS:   321633  Throughput:  1256.4 MB/s  Total: 2506.96 GB
[ 2043.5s] IOs:    657285490  IOPS:   321655  Throughput:  1256.5 MB/s  Total: 2507.35 GB
[ 2043.8s] IOs:    657386339  IOPS:   321652  Throughput:  1256.5 MB/s  Total: 2507.73 GB
[ 2044.0s] IOs:    657486853  IOPS:   321671  Throughput:  1256.5 MB/s  Total: 2508.11 GB
[ 2044.3s] IOs:    657587358  IOPS:   321674  Throughput:  1256.5 MB/s  Total: 2508.50 GB
[ 2044.4s] IOs:    657688181  IOPS:   321696  Throughput:  1256.6 MB/s  Total: 2508.88 GB
[ 2044.8s] IOs:    657788332  IOPS:   321693  Throughput:  1256.6 MB/s  Total: 2509.26 GB
[ 2045.0s] IOs:    657888681  IOPS:   321709  Throughput:  1256.7 MB/s  Total: 2509.65 GB
[ 2045.3s] IOs:    657989501  IOPS:   321715  Throughput:  1256.7 MB/s  Total: 2510.03 GB
[ 2045.5s] IOs:    658090199  IOPS:   321732  Throughput:  1256.8 MB/s  Total: 2510.41 GB
[ 2045.6s] IOs:    658191146  IOPS:   321754  Throughput:  1256.9 MB/s  Total: 2510.80 GB
[ 2045.9s] IOs:    658291975  IOPS:   321762  Throughput:  1256.9 MB/s  Total: 2511.18 GB
[ 2046.1s] IOs:    658392498  IOPS:   321783  Throughput:  1257.0 MB/s  Total: 2511.57 GB
[ 2046.4s] IOs:    658492805  IOPS:   321788  Throughput:  1257.0 MB/s  Total: 2511.95 GB
[ 2046.5s] IOs:    658593326  IOPS:   321810  Throughput:  1257.1 MB/s  Total: 2512.33 GB
[ 2046.8s] IOs:    658694278  IOPS:   321812  Throughput:  1257.1 MB/s  Total: 2512.72 GB
[ 2047.0s] IOs:    658794650  IOPS:   321833  Throughput:  1257.2 MB/s  Total: 2513.10 GB
[ 2047.2s] IOs:    658895183  IOPS:   321855  Throughput:  1257.2 MB/s  Total: 2513.49 GB
[ 2047.4s] IOs:    658995481  IOPS:   321875  Throughput:  1257.3 MB/s  Total: 2513.87 GB
[ 2047.5s] IOs:    659096313  IOPS:   321897  Throughput:  1257.4 MB/s  Total: 2514.25 GB
[ 2047.8s] IOs:    659197009  IOPS:   321912  Throughput:  1257.5 MB/s  Total: 2514.64 GB
[ 2047.9s] IOs:    659297798  IOPS:   321932  Throughput:  1257.5 MB/s  Total: 2515.02 GB
[ 2048.1s] IOs:    659398394  IOPS:   321950  Throughput:  1257.6 MB/s  Total: 2515.41 GB
[ 2048.3s] IOs:    659499204  IOPS:   321967  Throughput:  1257.7 MB/s  Total: 2515.79 GB
[ 2048.6s] IOs:    659599915  IOPS:   321982  Throughput:  1257.7 MB/s  Total: 2516.17 GB
[ 2048.7s] IOs:    659700618  IOPS:   322004  Throughput:  1257.8 MB/s  Total: 2516.56 GB
[ 2048.9s] IOs:    659801204  IOPS:   322023  Throughput:  1257.9 MB/s  Total: 2516.94 GB
[ 2049.1s] IOs:    659901863  IOPS:   322042  Throughput:  1258.0 MB/s  Total: 2517.33 GB
[ 2049.3s] IOs:    660002552  IOPS:   322064  Throughput:  1258.1 MB/s  Total: 2517.71 GB
[ 2049.8s] IOs:    660103174  IOPS:   322038  Throughput:  1258.0 MB/s  Total: 2518.09 GB
[ 2050.0s] IOs:    660204017  IOPS:   322058  Throughput:  1258.0 MB/s  Total: 2518.48 GB
[ 2050.5s] IOs:    660304741  IOPS:   322019  Throughput:  1257.9 MB/s  Total: 2518.86 GB
[ 2050.9s] IOs:    660405363  IOPS:   322008  Throughput:  1257.8 MB/s  Total: 2519.25 GB
[ 2051.4s] IOs:    660505373  IOPS:   321985  Throughput:  1257.8 MB/s  Total: 2519.63 GB
[ 2053.9s] IOs:    660605884  IOPS:   321630  Throughput:  1256.4 MB/s  Total: 2520.01 GB
[ 2054.2s] IOs:    660706427  IOPS:   321638  Throughput:  1256.4 MB/s  Total: 2520.40 GB
[ 2054.7s] IOs:    660807351  IOPS:   321612  Throughput:  1256.3 MB/s  Total: 2520.78 GB
[ 2055.0s] IOs:    660908068  IOPS:   321615  Throughput:  1256.3 MB/s  Total: 2521.16 GB
[ 2055.2s] IOs:    661008942  IOPS:   321631  Throughput:  1256.4 MB/s  Total: 2521.55 GB
[ 2055.6s] IOs:    661109346  IOPS:   321610  Throughput:  1256.3 MB/s  Total: 2521.93 GB
[Reader] Parsed 86000000 lines, distributed 661201200 writes, unique 708.40 GB, skipped 0
[ 2056.0s] IOs:    661209715  IOPS:   321607  Throughput:  1256.3 MB/s  Total: 2522.31 GB
[ 2056.3s] IOs:    661310491  IOPS:   321608  Throughput:  1256.3 MB/s  Total: 2522.70 GB
[ 2056.5s] IOs:    661411189  IOPS:   321613  Throughput:  1256.3 MB/s  Total: 2523.08 GB
[ 2057.0s] IOs:    661511563  IOPS:   321594  Throughput:  1256.2 MB/s  Total: 2523.47 GB
[ 2057.2s] IOs:    661612028  IOPS:   321607  Throughput:  1256.3 MB/s  Total: 2523.85 GB
[ 2057.6s] IOs:    661712551  IOPS:   321601  Throughput:  1256.3 MB/s  Total: 2524.23 GB
[ 2057.9s] IOs:    661812826  IOPS:   321594  Throughput:  1256.2 MB/s  Total: 2524.62 GB
[ 2058.1s] IOs:    661913580  IOPS:   321610  Throughput:  1256.3 MB/s  Total: 2525.00 GB
[ 2058.5s] IOs:    662014083  IOPS:   321603  Throughput:  1256.3 MB/s  Total: 2525.38 GB
[ 2058.7s] IOs:    662114849  IOPS:   321611  Throughput:  1256.3 MB/s  Total: 2525.77 GB
[ 2059.1s] IOs:    662215516  IOPS:   321610  Throughput:  1256.3 MB/s  Total: 2526.15 GB
[ 2059.3s] IOs:    662316441  IOPS:   321622  Throughput:  1256.3 MB/s  Total: 2526.54 GB
[ 2059.6s] IOs:    662417140  IOPS:   321630  Throughput:  1256.4 MB/s  Total: 2526.92 GB
[ 2059.8s] IOs:    662517666  IOPS:   321639  Throughput:  1256.4 MB/s  Total: 2527.30 GB
[ 2060.2s] IOs:    662617946  IOPS:   321634  Throughput:  1256.4 MB/s  Total: 2527.69 GB
[ 2060.4s] IOs:    662718054  IOPS:   321642  Throughput:  1256.4 MB/s  Total: 2528.07 GB
[ 2060.6s] IOs:    662818591  IOPS:   321656  Throughput:  1256.5 MB/s  Total: 2528.45 GB
[ 2060.9s] IOs:    662919366  IOPS:   321660  Throughput:  1256.5 MB/s  Total: 2528.84 GB
[ 2062.0s] IOs:    663019986  IOPS:   321541  Throughput:  1256.0 MB/s  Total: 2529.22 GB
[ 2063.0s] IOs:    663120796  IOPS:   321439  Throughput:  1255.6 MB/s  Total: 2529.61 GB
[ 2063.6s] IOs:    663221618  IOPS:   321393  Throughput:  1255.4 MB/s  Total: 2529.99 GB
[ 2064.6s] IOs:    663321738  IOPS:   321283  Throughput:  1255.0 MB/s  Total: 2530.37 GB
[ 2065.7s] IOs:    663422694  IOPS:   321165  Throughput:  1254.6 MB/s  Total: 2530.76 GB
[ 2066.0s] IOs:    663523575  IOPS:   321157  Throughput:  1254.5 MB/s  Total: 2531.14 GB
[ 2066.7s] IOs:    663624087  IOPS:   321110  Throughput:  1254.3 MB/s  Total: 2531.52 GB
[ 2067.4s] IOs:    663724661  IOPS:   321035  Throughput:  1254.0 MB/s  Total: 2531.91 GB
[ 2070.5s] IOs:    663824863  IOPS:   320615  Throughput:  1252.4 MB/s  Total: 2532.29 GB
[ 2072.2s] IOs:    663925106  IOPS:   320391  Throughput:  1251.5 MB/s  Total: 2532.67 GB
[ 2073.5s] IOs:    664025111  IOPS:   320241  Throughput:  1250.9 MB/s  Total: 2533.05 GB
[ 2074.6s] IOs:    664125951  IOPS:   320123  Throughput:  1250.5 MB/s  Total: 2533.44 GB
[ 2075.7s] IOs:    664226888  IOPS:   320008  Throughput:  1250.0 MB/s  Total: 2533.82 GB
[ 2077.0s] IOs:    664327901  IOPS:   319853  Throughput:  1249.4 MB/s  Total: 2534.21 GB
[ 2077.7s] IOs:    664428106  IOPS:   319796  Throughput:  1249.2 MB/s  Total: 2534.59 GB
[ 2078.6s] IOs:    664528273  IOPS:   319697  Throughput:  1248.8 MB/s  Total: 2534.97 GB
[ 2079.5s] IOs:    664628657  IOPS:   319611  Throughput:  1248.5 MB/s  Total: 2535.36 GB
[ 2080.1s] IOs:    664729612  IOPS:   319562  Throughput:  1248.3 MB/s  Total: 2535.74 GB
[ 2080.8s] IOs:    664830544  IOPS:   319512  Throughput:  1248.1 MB/s  Total: 2536.13 GB
[ 2081.5s] IOs:    664931268  IOPS:   319444  Throughput:  1247.8 MB/s  Total: 2536.51 GB
[ 2082.1s] IOs:    665031911  IOPS:   319406  Throughput:  1247.7 MB/s  Total: 2536.90 GB
[ 2082.9s] IOs:    665132363  IOPS:   319323  Throughput:  1247.4 MB/s  Total: 2537.28 GB
[ 2083.6s] IOs:    665232921  IOPS:   319270  Throughput:  1247.1 MB/s  Total: 2537.66 GB
[ 2084.2s] IOs:    665333671  IOPS:   319234  Throughput:  1247.0 MB/s  Total: 2538.05 GB
[ 2085.1s] IOs:    665434182  IOPS:   319133  Throughput:  1246.6 MB/s  Total: 2538.43 GB
[ 2085.7s] IOs:    665535213  IOPS:   319100  Throughput:  1246.5 MB/s  Total: 2538.82 GB
[ 2086.7s] IOs:    665636182  IOPS:   318984  Throughput:  1246.0 MB/s  Total: 2539.20 GB
[ 2087.1s] IOs:    665737026  IOPS:   318978  Throughput:  1246.0 MB/s  Total: 2539.59 GB
[ 2087.7s] IOs:    665837254  IOPS:   318935  Throughput:  1245.8 MB/s  Total: 2539.97 GB
[ 2088.3s] IOs:    665937820  IOPS:   318896  Throughput:  1245.7 MB/s  Total: 2540.35 GB
[ 2088.8s] IOs:    666038390  IOPS:   318865  Throughput:  1245.6 MB/s  Total: 2540.73 GB
[ 2089.5s] IOs:    666139319  IOPS:   318804  Throughput:  1245.3 MB/s  Total: 2541.12 GB
[ 2089.8s] IOs:    666239717  IOPS:   318803  Throughput:  1245.3 MB/s  Total: 2541.50 GB
[ 2090.3s] IOs:    666340344  IOPS:   318783  Throughput:  1245.2 MB/s  Total: 2541.89 GB
[ 2091.1s] IOs:    666441324  IOPS:   318702  Throughput:  1244.9 MB/s  Total: 2542.27 GB
[ 2091.6s] IOs:    666542158  IOPS:   318671  Throughput:  1244.8 MB/s  Total: 2542.66 GB
[ 2092.2s] IOs:    666642688  IOPS:   318636  Throughput:  1244.7 MB/s  Total: 2543.04 GB
[ 2092.7s] IOs:    666743232  IOPS:   318611  Throughput:  1244.6 MB/s  Total: 2543.42 GB
[ 2093.2s] IOs:    666843859  IOPS:   318578  Throughput:  1244.4 MB/s  Total: 2543.81 GB
[ 2093.6s] IOs:    666944631  IOPS:   318562  Throughput:  1244.4 MB/s  Total: 2544.19 GB
[ 2094.2s] IOs:    667045118  IOPS:   318523  Throughput:  1244.2 MB/s  Total: 2544.58 GB
[ 2094.7s] IOs:    667145405  IOPS:   318494  Throughput:  1244.1 MB/s  Total: 2544.96 GB
[ 2095.1s] IOs:    667246003  IOPS:   318475  Throughput:  1244.0 MB/s  Total: 2545.34 GB
[ 2095.7s] IOs:    667346414  IOPS:   318438  Throughput:  1243.9 MB/s  Total: 2545.72 GB
[ 2096.0s] IOs:    667446669  IOPS:   318436  Throughput:  1243.9 MB/s  Total: 2546.11 GB
[ 2096.2s] IOs:    667547082  IOPS:   318449  Throughput:  1243.9 MB/s  Total: 2546.49 GB
[ 2096.7s] IOs:    667647742  IOPS:   318422  Throughput:  1243.8 MB/s  Total: 2546.87 GB
[ 2098.1s] IOs:    667748357  IOPS:   318267  Throughput:  1243.2 MB/s  Total: 2547.26 GB
[ 2099.2s] IOs:    667849168  IOPS:   318145  Throughput:  1242.8 MB/s  Total: 2547.64 GB
[ 2100.6s] IOs:    667949921  IOPS:   317975  Throughput:  1242.1 MB/s  Total: 2548.03 GB
[ 2101.9s] IOs:    668050668  IOPS:   317838  Throughput:  1241.6 MB/s  Total: 2548.41 GB
[ 2102.8s] IOs:    668151700  IOPS:   317750  Throughput:  1241.2 MB/s  Total: 2548.80 GB
[ 2103.8s] IOs:    668252450  IOPS:   317638  Throughput:  1240.8 MB/s  Total: 2549.18 GB
[ 2104.7s] IOs:    668353088  IOPS:   317560  Throughput:  1240.5 MB/s  Total: 2549.56 GB
[ 2105.2s] IOs:    668453927  IOPS:   317520  Throughput:  1240.3 MB/s  Total: 2549.95 GB
[ 2106.2s] IOs:    668553931  IOPS:   317425  Throughput:  1239.9 MB/s  Total: 2550.33 GB
[ 2106.8s] IOs:    668654506  IOPS:   317372  Throughput:  1239.7 MB/s  Total: 2550.71 GB
[ 2107.6s] IOs:    668755404  IOPS:   317301  Throughput:  1239.5 MB/s  Total: 2551.10 GB
[ 2108.3s] IOs:    668855855  IOPS:   317252  Throughput:  1239.3 MB/s  Total: 2551.48 GB
[ 2109.1s] IOs:    668956728  IOPS:   317182  Throughput:  1239.0 MB/s  Total: 2551.87 GB
[ 2109.6s] IOs:    669057559  IOPS:   317142  Throughput:  1238.8 MB/s  Total: 2552.25 GB
[ 2110.2s] IOs:    669158525  IOPS:   317109  Throughput:  1238.7 MB/s  Total: 2552.64 GB
[ 2110.7s] IOs:    669259463  IOPS:   317077  Throughput:  1238.6 MB/s  Total: 2553.02 GB
[ 2111.3s] IOs:    669359988  IOPS:   317032  Throughput:  1238.4 MB/s  Total: 2553.41 GB
[ 2111.7s] IOs:    669460936  IOPS:   317028  Throughput:  1238.4 MB/s  Total: 2553.79 GB
[ 2112.2s] IOs:    669561355  IOPS:   317000  Throughput:  1238.3 MB/s  Total: 2554.17 GB
[ 2112.7s] IOs:    669662081  IOPS:   316973  Throughput:  1238.2 MB/s  Total: 2554.56 GB
[ 2113.4s] IOs:    669762878  IOPS:   316916  Throughput:  1238.0 MB/s  Total: 2554.94 GB
[ 2113.7s] IOs:    669863316  IOPS:   316922  Throughput:  1238.0 MB/s  Total: 2555.33 GB
[ 2113.9s] IOs:    669963769  IOPS:   316933  Throughput:  1238.0 MB/s  Total: 2555.71 GB
[ 2114.2s] IOs:    670064214  IOPS:   316932  Throughput:  1238.0 MB/s  Total: 2556.09 GB
[ 2114.5s] IOs:    670164274  IOPS:   316944  Throughput:  1238.1 MB/s  Total: 2556.47 GB
[ 2114.7s] IOs:    670264365  IOPS:   316958  Throughput:  1238.1 MB/s  Total: 2556.86 GB
[ 2115.0s] IOs:    670364998  IOPS:   316954  Throughput:  1238.1 MB/s  Total: 2557.24 GB
[ 2115.2s] IOs:    670465623  IOPS:   316968  Throughput:  1238.2 MB/s  Total: 2557.62 GB
[ 2115.6s] IOs:    670566371  IOPS:   316966  Throughput:  1238.1 MB/s  Total: 2558.01 GB
[ 2115.8s] IOs:    670666456  IOPS:   316973  Throughput:  1238.2 MB/s  Total: 2558.39 GB
[ 2116.2s] IOs:    670767470  IOPS:   316972  Throughput:  1238.2 MB/s  Total: 2558.77 GB
[ 2116.4s] IOs:    670868125  IOPS:   316986  Throughput:  1238.2 MB/s  Total: 2559.16 GB
[ 2116.6s] IOs:    670968550  IOPS:   316999  Throughput:  1238.3 MB/s  Total: 2559.54 GB
[ 2116.9s] IOs:    671068832  IOPS:   317013  Throughput:  1238.3 MB/s  Total: 2559.92 GB
[ 2117.2s] IOs:    671169666  IOPS:   317013  Throughput:  1238.3 MB/s  Total: 2560.31 GB
[ 2117.5s] IOs:    671270444  IOPS:   317005  Throughput:  1238.3 MB/s  Total: 2560.69 GB
[ 2117.8s] IOs:    671371309  IOPS:   317014  Throughput:  1238.3 MB/s  Total: 2561.08 GB
[ 2118.2s] IOs:    671471963  IOPS:   317004  Throughput:  1238.3 MB/s  Total: 2561.46 GB
[ 2118.6s] IOs:    671572728  IOPS:   316991  Throughput:  1238.2 MB/s  Total: 2561.85 GB
[ 2118.9s] IOs:    671673583  IOPS:   316999  Throughput:  1238.3 MB/s  Total: 2562.23 GB
[ 2119.5s] IOs:    671773781  IOPS:   316954  Throughput:  1238.1 MB/s  Total: 2562.61 GB
[ 2120.0s] IOs:    671874630  IOPS:   316919  Throughput:  1238.0 MB/s  Total: 2563.00 GB
[ 2120.7s] IOs:    671975478  IOPS:   316871  Throughput:  1237.8 MB/s  Total: 2563.38 GB
[ 2121.1s] IOs:    672076273  IOPS:   316858  Throughput:  1237.7 MB/s  Total: 2563.77 GB
[ 2121.6s] IOs:    672176926  IOPS:   316825  Throughput:  1237.6 MB/s  Total: 2564.15 GB
[ 2122.1s] IOs:    672277856  IOPS:   316793  Throughput:  1237.5 MB/s  Total: 2564.54 GB
[ 2122.5s] IOs:    672378618  IOPS:   316780  Throughput:  1237.4 MB/s  Total: 2564.92 GB
[ 2122.8s] IOs:    672479126  IOPS:   316793  Throughput:  1237.5 MB/s  Total: 2565.30 GB
[ 2123.3s] IOs:    672579755  IOPS:   316757  Throughput:  1237.3 MB/s  Total: 2565.69 GB
[ 2123.9s] IOs:    672680574  IOPS:   316713  Throughput:  1237.2 MB/s  Total: 2566.07 GB
[Reader] Parsed 87000000 lines, distributed 672731097 writes, unique 713.28 GB, skipped 0
[ 2124.3s] IOs:    672781286  IOPS:   316712  Throughput:  1237.2 MB/s  Total: 2566.46 GB
[ 2124.8s] IOs:    672882169  IOPS:   316675  Throughput:  1237.0 MB/s  Total: 2566.84 GB
[ 2125.4s] IOs:    672982780  IOPS:   316638  Throughput:  1236.9 MB/s  Total: 2567.23 GB
[ 2125.8s] IOs:    673083033  IOPS:   316632  Throughput:  1236.8 MB/s  Total: 2567.61 GB
[ 2126.3s] IOs:    673183750  IOPS:   316595  Throughput:  1236.7 MB/s  Total: 2567.99 GB
[ 2126.7s] IOs:    673284575  IOPS:   316579  Throughput:  1236.6 MB/s  Total: 2568.38 GB
[ 2127.3s] IOs:    673384647  IOPS:   316548  Throughput:  1236.5 MB/s  Total: 2568.76 GB
[ 2127.7s] IOs:    673485343  IOPS:   316534  Throughput:  1236.5 MB/s  Total: 2569.14 GB
[ 2128.3s] IOs:    673585762  IOPS:   316489  Throughput:  1236.3 MB/s  Total: 2569.53 GB
[ 2128.6s] IOs:    673686664  IOPS:   316495  Throughput:  1236.3 MB/s  Total: 2569.91 GB
[ 2129.1s] IOs:    673787100  IOPS:   316466  Throughput:  1236.2 MB/s  Total: 2570.29 GB
[ 2129.5s] IOs:    673887392  IOPS:   316450  Throughput:  1236.1 MB/s  Total: 2570.68 GB
[ 2129.7s] IOs:    673987941  IOPS:   316464  Throughput:  1236.2 MB/s  Total: 2571.06 GB
[ 2130.4s] IOs:    674088048  IOPS:   316408  Throughput:  1236.0 MB/s  Total: 2571.44 GB
[ 2130.7s] IOs:    674188920  IOPS:   316420  Throughput:  1236.0 MB/s  Total: 2571.83 GB
[ 2131.2s] IOs:    674289799  IOPS:   316388  Throughput:  1235.9 MB/s  Total: 2572.21 GB
[ 2131.6s] IOs:    674390604  IOPS:   316381  Throughput:  1235.9 MB/s  Total: 2572.60 GB
[ 2131.8s] IOs:    674491468  IOPS:   316393  Throughput:  1235.9 MB/s  Total: 2572.98 GB
[ 2132.3s] IOs:    674592193  IOPS:   316362  Throughput:  1235.8 MB/s  Total: 2573.36 GB
[ 2132.7s] IOs:    674692516  IOPS:   316352  Throughput:  1235.7 MB/s  Total: 2573.75 GB
[ 2133.0s] IOs:    674793277  IOPS:   316357  Throughput:  1235.8 MB/s  Total: 2574.13 GB
[ 2133.3s] IOs:    674894014  IOPS:   316355  Throughput:  1235.8 MB/s  Total: 2574.52 GB
[ 2133.7s] IOs:    674994889  IOPS:   316353  Throughput:  1235.8 MB/s  Total: 2574.90 GB
[ 2134.1s] IOs:    675095600  IOPS:   316338  Throughput:  1235.7 MB/s  Total: 2575.29 GB
[ 2134.3s] IOs:    675196218  IOPS:   316349  Throughput:  1235.7 MB/s  Total: 2575.67 GB
[ 2134.8s] IOs:    675296845  IOPS:   316331  Throughput:  1235.7 MB/s  Total: 2576.05 GB
[ 2135.1s] IOs:    675397668  IOPS:   316327  Throughput:  1235.7 MB/s  Total: 2576.44 GB
[ 2135.6s] IOs:    675498398  IOPS:   316307  Throughput:  1235.6 MB/s  Total: 2576.82 GB
[ 2135.9s] IOs:    675599096  IOPS:   316301  Throughput:  1235.5 MB/s  Total: 2577.21 GB
[ 2136.2s] IOs:    675699960  IOPS:   316308  Throughput:  1235.6 MB/s  Total: 2577.59 GB
[ 2136.7s] IOs:    675800593  IOPS:   316277  Throughput:  1235.5 MB/s  Total: 2577.97 GB
[ 2137.0s] IOs:    675901293  IOPS:   316292  Throughput:  1235.5 MB/s  Total: 2578.36 GB
[ 2137.4s] IOs:    676001821  IOPS:   316267  Throughput:  1235.4 MB/s  Total: 2578.74 GB
[ 2137.7s] IOs:    676102315  IOPS:   316273  Throughput:  1235.4 MB/s  Total: 2579.13 GB
[ 2138.1s] IOs:    676202971  IOPS:   316264  Throughput:  1235.4 MB/s  Total: 2579.51 GB
[ 2138.3s] IOs:    676303454  IOPS:   316276  Throughput:  1235.5 MB/s  Total: 2579.89 GB
[ 2138.8s] IOs:    676404139  IOPS:   316259  Throughput:  1235.4 MB/s  Total: 2580.28 GB
[ 2139.2s] IOs:    676504720  IOPS:   316239  Throughput:  1235.3 MB/s  Total: 2580.66 GB
[ 2139.5s] IOs:    676605401  IOPS:   316251  Throughput:  1235.4 MB/s  Total: 2581.04 GB
[ 2140.1s] IOs:    676705924  IOPS:   316210  Throughput:  1235.2 MB/s  Total: 2581.43 GB
[ 2140.3s] IOs:    676806495  IOPS:   316221  Throughput:  1235.2 MB/s  Total: 2581.81 GB
[ 2140.8s] IOs:    676907433  IOPS:   316187  Throughput:  1235.1 MB/s  Total: 2582.20 GB
[ 2141.3s] IOs:    677007914  IOPS:   316163  Throughput:  1235.0 MB/s  Total: 2582.58 GB
[ 2141.9s] IOs:    677108542  IOPS:   316128  Throughput:  1234.9 MB/s  Total: 2582.96 GB
[ 2142.2s] IOs:    677208993  IOPS:   316125  Throughput:  1234.9 MB/s  Total: 2583.35 GB
[ 2142.8s] IOs:    677309589  IOPS:   316092  Throughput:  1234.7 MB/s  Total: 2583.73 GB
[ 2143.1s] IOs:    677410310  IOPS:   316086  Throughput:  1234.7 MB/s  Total: 2584.12 GB
[ 2143.3s] IOs:    677510376  IOPS:   316100  Throughput:  1234.8 MB/s  Total: 2584.50 GB
[ 2144.2s] IOs:    677610768  IOPS:   316022  Throughput:  1234.5 MB/s  Total: 2584.88 GB
[ 2144.5s] IOs:    677711018  IOPS:   316030  Throughput:  1234.5 MB/s  Total: 2585.26 GB
[ 2144.7s] IOs:    677811345  IOPS:   316037  Throughput:  1234.5 MB/s  Total: 2585.65 GB
[ 2145.0s] IOs:    677911609  IOPS:   316046  Throughput:  1234.6 MB/s  Total: 2586.03 GB
[ 2145.2s] IOs:    678012165  IOPS:   316059  Throughput:  1234.6 MB/s  Total: 2586.41 GB
[ 2145.5s] IOs:    678112973  IOPS:   316069  Throughput:  1234.6 MB/s  Total: 2586.80 GB
[ 2145.7s] IOs:    678213382  IOPS:   316073  Throughput:  1234.7 MB/s  Total: 2587.18 GB
[ 2146.0s] IOs:    678313931  IOPS:   316088  Throughput:  1234.7 MB/s  Total: 2587.56 GB
[ 2146.3s] IOs:    678414354  IOPS:   316092  Throughput:  1234.7 MB/s  Total: 2587.95 GB
[ 2146.5s] IOs:    678514846  IOPS:   316107  Throughput:  1234.8 MB/s  Total: 2588.33 GB
[ 2146.7s] IOs:    678615664  IOPS:   316113  Throughput:  1234.8 MB/s  Total: 2588.71 GB
[ 2147.0s] IOs:    678716099  IOPS:   316127  Throughput:  1234.9 MB/s  Total: 2589.10 GB
[ 2147.3s] IOs:    678816655  IOPS:   316128  Throughput:  1234.9 MB/s  Total: 2589.48 GB
[ 2147.5s] IOs:    678917441  IOPS:   316143  Throughput:  1234.9 MB/s  Total: 2589.86 GB
[ 2147.8s] IOs:    679018051  IOPS:   316144  Throughput:  1234.9 MB/s  Total: 2590.25 GB
[ 2148.0s] IOs:    679118413  IOPS:   316158  Throughput:  1235.0 MB/s  Total: 2590.63 GB
[ 2148.3s] IOs:    679218960  IOPS:   316167  Throughput:  1235.0 MB/s  Total: 2591.01 GB
[ 2148.5s] IOs:    679319352  IOPS:   316177  Throughput:  1235.1 MB/s  Total: 2591.40 GB
[ 2148.8s] IOs:    679420181  IOPS:   316188  Throughput:  1235.1 MB/s  Total: 2591.78 GB
[ 2149.0s] IOs:    679520955  IOPS:   316197  Throughput:  1235.1 MB/s  Total: 2592.17 GB
[ 2149.5s] IOs:    679621674  IOPS:   316173  Throughput:  1235.0 MB/s  Total: 2592.55 GB
[ 2149.8s] IOs:    679721994  IOPS:   316186  Throughput:  1235.1 MB/s  Total: 2592.93 GB
[ 2150.3s] IOs:    679822584  IOPS:   316154  Throughput:  1235.0 MB/s  Total: 2593.32 GB
[ 2150.7s] IOs:    679923129  IOPS:   316134  Throughput:  1234.9 MB/s  Total: 2593.70 GB
[ 2151.2s] IOs:    680023220  IOPS:   316114  Throughput:  1234.8 MB/s  Total: 2594.08 GB
[ 2151.5s] IOs:    680123973  IOPS:   316123  Throughput:  1234.9 MB/s  Total: 2594.47 GB
[ 2151.8s] IOs:    680224744  IOPS:   316122  Throughput:  1234.8 MB/s  Total: 2594.85 GB
[ 2152.3s] IOs:    680325358  IOPS:   316098  Throughput:  1234.8 MB/s  Total: 2595.24 GB
[ 2152.6s] IOs:    680425850  IOPS:   316096  Throughput:  1234.8 MB/s  Total: 2595.62 GB
[ 2152.8s] IOs:    680526762  IOPS:   316106  Throughput:  1234.8 MB/s  Total: 2596.00 GB
[ 2153.2s] IOs:    680627110  IOPS:   316099  Throughput:  1234.8 MB/s  Total: 2596.39 GB
[ 2153.7s] IOs:    680727497  IOPS:   316069  Throughput:  1234.6 MB/s  Total: 2596.77 GB
[ 2154.0s] IOs:    680828085  IOPS:   316080  Throughput:  1234.7 MB/s  Total: 2597.15 GB
[ 2154.2s] IOs:    680928537  IOPS:   316088  Throughput:  1234.7 MB/s  Total: 2597.54 GB
[ 2154.5s] IOs:    681028831  IOPS:   316092  Throughput:  1234.7 MB/s  Total: 2597.92 GB
[ 2154.8s] IOs:    681129797  IOPS:   316103  Throughput:  1234.8 MB/s  Total: 2598.30 GB
[ 2155.0s] IOs:    681230777  IOPS:   316118  Throughput:  1234.8 MB/s  Total: 2598.69 GB
[ 2155.3s] IOs:    681331332  IOPS:   316122  Throughput:  1234.9 MB/s  Total: 2599.07 GB
[ 2155.6s] IOs:    681431923  IOPS:   316121  Throughput:  1234.8 MB/s  Total: 2599.46 GB
[ 2155.8s] IOs:    681532770  IOPS:   316137  Throughput:  1234.9 MB/s  Total: 2599.84 GB
[ 2156.1s] IOs:    681633512  IOPS:   316136  Throughput:  1234.9 MB/s  Total: 2600.23 GB
[ 2156.4s] IOs:    681734167  IOPS:   316147  Throughput:  1234.9 MB/s  Total: 2600.61 GB
[ 2156.6s] IOs:    681834807  IOPS:   316156  Throughput:  1235.0 MB/s  Total: 2600.99 GB
[ 2157.0s] IOs:    681934855  IOPS:   316150  Throughput:  1235.0 MB/s  Total: 2601.38 GB
[ 2157.2s] IOs:    682035222  IOPS:   316161  Throughput:  1235.0 MB/s  Total: 2601.76 GB
[ 2157.5s] IOs:    682135483  IOPS:   316165  Throughput:  1235.0 MB/s  Total: 2602.14 GB
[ 2157.8s] IOs:    682235906  IOPS:   316176  Throughput:  1235.1 MB/s  Total: 2602.52 GB
[ 2158.1s] IOs:    682336620  IOPS:   316178  Throughput:  1235.1 MB/s  Total: 2602.91 GB
[ 2158.3s] IOs:    682436890  IOPS:   316186  Throughput:  1235.1 MB/s  Total: 2603.29 GB
[ 2158.6s] IOs:    682537441  IOPS:   316198  Throughput:  1235.1 MB/s  Total: 2603.67 GB
[ 2158.8s] IOs:    682637683  IOPS:   316207  Throughput:  1235.2 MB/s  Total: 2604.06 GB
[ 2159.1s] IOs:    682738441  IOPS:   316211  Throughput:  1235.2 MB/s  Total: 2604.44 GB
[ 2159.3s] IOs:    682839056  IOPS:   316225  Throughput:  1235.3 MB/s  Total: 2604.82 GB
[ 2159.7s] IOs:    682939825  IOPS:   316222  Throughput:  1235.2 MB/s  Total: 2605.21 GB
[ 2159.9s] IOs:    683040698  IOPS:   316236  Throughput:  1235.3 MB/s  Total: 2605.59 GB
[ 2160.2s] IOs:    683141419  IOPS:   316234  Throughput:  1235.3 MB/s  Total: 2605.98 GB
[ 2160.5s] IOs:    683241479  IOPS:   316239  Throughput:  1235.3 MB/s  Total: 2606.36 GB
[ 2160.8s] IOs:    683342300  IOPS:   316251  Throughput:  1235.4 MB/s  Total: 2606.74 GB
[ 2161.0s] IOs:    683443046  IOPS:   316259  Throughput:  1235.4 MB/s  Total: 2607.13 GB
[ 2161.3s] IOs:    683543575  IOPS:   316268  Throughput:  1235.4 MB/s  Total: 2607.51 GB
[ 2161.7s] IOs:    683644139  IOPS:   316259  Throughput:  1235.4 MB/s  Total: 2607.90 GB
[ 2161.9s] IOs:    683744639  IOPS:   316265  Throughput:  1235.4 MB/s  Total: 2608.28 GB
[ 2162.2s] IOs:    683845193  IOPS:   316274  Throughput:  1235.4 MB/s  Total: 2608.66 GB
[ 2162.5s] IOs:    683945522  IOPS:   316282  Throughput:  1235.5 MB/s  Total: 2609.05 GB
[Reader] Parsed 88000000 lines, distributed 684044246 writes, unique 717.71 GB, skipped 0
[ 2162.7s] IOs:    684045858  IOPS:   316292  Throughput:  1235.5 MB/s  Total: 2609.43 GB
[ 2162.9s] IOs:    684146329  IOPS:   316304  Throughput:  1235.6 MB/s  Total: 2609.81 GB
[ 2163.2s] IOs:    684246546  IOPS:   316316  Throughput:  1235.6 MB/s  Total: 2610.19 GB
[ 2163.4s] IOs:    684347145  IOPS:   316331  Throughput:  1235.7 MB/s  Total: 2610.58 GB
[ 2163.7s] IOs:    684448064  IOPS:   316329  Throughput:  1235.7 MB/s  Total: 2610.96 GB
[ 2163.9s] IOs:    684548930  IOPS:   316343  Throughput:  1235.7 MB/s  Total: 2611.35 GB
[ 2164.2s] IOs:    684649430  IOPS:   316351  Throughput:  1235.7 MB/s  Total: 2611.73 GB
[ 2164.4s] IOs:    684750022  IOPS:   316365  Throughput:  1235.8 MB/s  Total: 2612.11 GB
[ 2164.7s] IOs:    684850835  IOPS:   316374  Throughput:  1235.8 MB/s  Total: 2612.50 GB
[ 2164.9s] IOs:    684951720  IOPS:   316388  Throughput:  1235.9 MB/s  Total: 2612.88 GB
[ 2165.1s] IOs:    685052142  IOPS:   316400  Throughput:  1235.9 MB/s  Total: 2613.27 GB
[ 2165.5s] IOs:    685152649  IOPS:   316389  Throughput:  1235.9 MB/s  Total: 2613.65 GB
[ 2165.8s] IOs:    685253489  IOPS:   316400  Throughput:  1235.9 MB/s  Total: 2614.03 GB
[ 2166.0s] IOs:    685354440  IOPS:   316415  Throughput:  1236.0 MB/s  Total: 2614.42 GB
[ 2166.2s] IOs:    685455249  IOPS:   316434  Throughput:  1236.1 MB/s  Total: 2614.80 GB
[ 2166.4s] IOs:    685556168  IOPS:   316451  Throughput:  1236.1 MB/s  Total: 2615.19 GB
[ 2166.6s] IOs:    685656791  IOPS:   316470  Throughput:  1236.2 MB/s  Total: 2615.57 GB
[ 2166.8s] IOs:    685757352  IOPS:   316489  Throughput:  1236.3 MB/s  Total: 2615.96 GB
[ 2167.0s] IOs:    685857361  IOPS:   316505  Throughput:  1236.3 MB/s  Total: 2616.34 GB
[ 2167.1s] IOs:    685957438  IOPS:   316525  Throughput:  1236.4 MB/s  Total: 2616.72 GB
[ 2167.3s] IOs:    686058336  IOPS:   316547  Throughput:  1236.5 MB/s  Total: 2617.10 GB
[ 2167.6s] IOs:    686159067  IOPS:   316556  Throughput:  1236.5 MB/s  Total: 2617.49 GB
[ 2167.8s] IOs:    686259632  IOPS:   316566  Throughput:  1236.6 MB/s  Total: 2617.87 GB
[ 2168.0s] IOs:    686360215  IOPS:   316587  Throughput:  1236.7 MB/s  Total: 2618.26 GB
[ 2168.2s] IOs:    686461040  IOPS:   316608  Throughput:  1236.8 MB/s  Total: 2618.64 GB
[ 2168.3s] IOs:    686561663  IOPS:   316630  Throughput:  1236.8 MB/s  Total: 2619.02 GB
[ 2168.5s] IOs:    686662129  IOPS:   316652  Throughput:  1236.9 MB/s  Total: 2619.41 GB
[ 2168.7s] IOs:    686762706  IOPS:   316664  Throughput:  1237.0 MB/s  Total: 2619.79 GB
[ 2169.1s] IOs:    686863675  IOPS:   316659  Throughput:  1236.9 MB/s  Total: 2620.18 GB
[ 2169.3s] IOs:    686964557  IOPS:   316677  Throughput:  1237.0 MB/s  Total: 2620.56 GB
[ 2169.5s] IOs:    687064632  IOPS:   316696  Throughput:  1237.1 MB/s  Total: 2620.94 GB
[ 2169.7s] IOs:    687165332  IOPS:   316715  Throughput:  1237.2 MB/s  Total: 2621.33 GB
[ 2169.9s] IOs:    687265927  IOPS:   316734  Throughput:  1237.2 MB/s  Total: 2621.71 GB
[ 2170.1s] IOs:    687366367  IOPS:   316738  Throughput:  1237.3 MB/s  Total: 2622.09 GB
[ 2170.3s] IOs:    687466993  IOPS:   316755  Throughput:  1237.3 MB/s  Total: 2622.48 GB
[ 2170.7s] IOs:    687567587  IOPS:   316755  Throughput:  1237.3 MB/s  Total: 2622.86 GB
[ 2170.9s] IOs:    687668162  IOPS:   316771  Throughput:  1237.4 MB/s  Total: 2623.25 GB
[ 2171.0s] IOs:    687768823  IOPS:   316791  Throughput:  1237.5 MB/s  Total: 2623.63 GB
[ 2171.3s] IOs:    687869548  IOPS:   316807  Throughput:  1237.5 MB/s  Total: 2624.01 GB
[ 2171.4s] IOs:    687970319  IOPS:   316827  Throughput:  1237.6 MB/s  Total: 2624.40 GB
[ 2171.7s] IOs:    688070883  IOPS:   316832  Throughput:  1237.6 MB/s  Total: 2624.78 GB
[ 2171.9s] IOs:    688171563  IOPS:   316847  Throughput:  1237.7 MB/s  Total: 2625.17 GB
[ 2172.1s] IOs:    688272561  IOPS:   316867  Throughput:  1237.8 MB/s  Total: 2625.55 GB
[ 2172.3s] IOs:    688373396  IOPS:   316885  Throughput:  1237.8 MB/s  Total: 2625.94 GB
[ 2172.5s] IOs:    688473788  IOPS:   316903  Throughput:  1237.9 MB/s  Total: 2626.32 GB
[ 2172.7s] IOs:    688574407  IOPS:   316922  Throughput:  1238.0 MB/s  Total: 2626.70 GB
[ 2172.9s] IOs:    688675117  IOPS:   316942  Throughput:  1238.1 MB/s  Total: 2627.09 GB
[ 2173.1s] IOs:    688775694  IOPS:   316961  Throughput:  1238.1 MB/s  Total: 2627.47 GB
[ 2173.3s] IOs:    688876434  IOPS:   316979  Throughput:  1238.2 MB/s  Total: 2627.86 GB
[ 2173.4s] IOs:    688977158  IOPS:   316998  Throughput:  1238.3 MB/s  Total: 2628.24 GB
[ 2173.6s] IOs:    689077594  IOPS:   317019  Throughput:  1238.4 MB/s  Total: 2628.62 GB
[ 2173.8s] IOs:    689178247  IOPS:   317039  Throughput:  1238.4 MB/s  Total: 2629.01 GB
[ 2174.0s] IOs:    689279182  IOPS:   317056  Throughput:  1238.5 MB/s  Total: 2629.39 GB
[ 2174.2s] IOs:    689379952  IOPS:   317068  Throughput:  1238.5 MB/s  Total: 2629.78 GB
[ 2174.4s] IOs:    689480628  IOPS:   317088  Throughput:  1238.6 MB/s  Total: 2630.16 GB
[ 2174.6s] IOs:    689581052  IOPS:   317106  Throughput:  1238.7 MB/s  Total: 2630.54 GB
[ 2174.8s] IOs:    689681326  IOPS:   317125  Throughput:  1238.8 MB/s  Total: 2630.93 GB
[ 2175.0s] IOs:    689782147  IOPS:   317144  Throughput:  1238.8 MB/s  Total: 2631.31 GB
[ 2175.2s] IOs:    689883048  IOPS:   317159  Throughput:  1238.9 MB/s  Total: 2631.69 GB
[ 2175.4s] IOs:    689984005  IOPS:   317175  Throughput:  1239.0 MB/s  Total: 2632.08 GB
[ 2175.6s] IOs:    690084236  IOPS:   317195  Throughput:  1239.0 MB/s  Total: 2632.46 GB
[ 2175.8s] IOs:    690184641  IOPS:   317216  Throughput:  1239.1 MB/s  Total: 2632.85 GB
[ 2175.9s] IOs:    690285108  IOPS:   317236  Throughput:  1239.2 MB/s  Total: 2633.23 GB
[ 2176.1s] IOs:    690385979  IOPS:   317252  Throughput:  1239.3 MB/s  Total: 2633.61 GB
[ 2176.3s] IOs:    690486169  IOPS:   317271  Throughput:  1239.3 MB/s  Total: 2634.00 GB
[ 2176.6s] IOs:    690586549  IOPS:   317285  Throughput:  1239.4 MB/s  Total: 2634.38 GB
[ 2176.9s] IOs:    690686719  IOPS:   317283  Throughput:  1239.4 MB/s  Total: 2634.76 GB
[ 2177.1s] IOs:    690787217  IOPS:   317303  Throughput:  1239.5 MB/s  Total: 2635.14 GB
[ 2177.2s] IOs:    690887825  IOPS:   317323  Throughput:  1239.5 MB/s  Total: 2635.53 GB
[ 2177.4s] IOs:    690988215  IOPS:   317343  Throughput:  1239.6 MB/s  Total: 2635.91 GB
[ 2177.7s] IOs:    691088932  IOPS:   317345  Throughput:  1239.6 MB/s  Total: 2636.30 GB
[ 2177.9s] IOs:    691189828  IOPS:   317367  Throughput:  1239.7 MB/s  Total: 2636.68 GB
[ 2178.2s] IOs:    691290498  IOPS:   317369  Throughput:  1239.7 MB/s  Total: 2637.06 GB
[ 2178.4s] IOs:    691391263  IOPS:   317390  Throughput:  1239.8 MB/s  Total: 2637.45 GB
[ 2178.6s] IOs:    691491648  IOPS:   317395  Throughput:  1239.8 MB/s  Total: 2637.83 GB
[ 2178.8s] IOs:    691591805  IOPS:   317416  Throughput:  1239.9 MB/s  Total: 2638.21 GB
[ 2179.0s] IOs:    691692612  IOPS:   317438  Throughput:  1240.0 MB/s  Total: 2638.60 GB
[ 2179.3s] IOs:    691793547  IOPS:   317443  Throughput:  1240.0 MB/s  Total: 2638.98 GB
[ 2179.4s] IOs:    691894360  IOPS:   317463  Throughput:  1240.1 MB/s  Total: 2639.37 GB
[ 2179.7s] IOs:    691995111  IOPS:   317477  Throughput:  1240.1 MB/s  Total: 2639.75 GB
[ 2179.9s] IOs:    692095685  IOPS:   317491  Throughput:  1240.2 MB/s  Total: 2640.14 GB
[ 2180.1s] IOs:    692196207  IOPS:   317512  Throughput:  1240.3 MB/s  Total: 2640.52 GB
[ 2180.5s] IOs:    692296806  IOPS:   317494  Throughput:  1240.2 MB/s  Total: 2640.90 GB
[ 2180.7s] IOs:    692397471  IOPS:   317514  Throughput:  1240.3 MB/s  Total: 2641.29 GB
[ 2181.1s] IOs:    692497927  IOPS:   317493  Throughput:  1240.2 MB/s  Total: 2641.67 GB
[ 2181.3s] IOs:    692598330  IOPS:   317511  Throughput:  1240.3 MB/s  Total: 2642.05 GB
[ 2181.8s] IOs:    692698679  IOPS:   317488  Throughput:  1240.2 MB/s  Total: 2642.44 GB
[ 2182.1s] IOs:    692799330  IOPS:   317488  Throughput:  1240.2 MB/s  Total: 2642.82 GB
[ 2182.5s] IOs:    692899630  IOPS:   317483  Throughput:  1240.2 MB/s  Total: 2643.20 GB
[ 2182.7s] IOs:    692999983  IOPS:   317490  Throughput:  1240.2 MB/s  Total: 2643.59 GB
[ 2182.9s] IOs:    693100639  IOPS:   317510  Throughput:  1240.3 MB/s  Total: 2643.97 GB
[ 2183.3s] IOs:    693200681  IOPS:   317507  Throughput:  1240.3 MB/s  Total: 2644.35 GB
[ 2183.7s] IOs:    693300776  IOPS:   317492  Throughput:  1240.2 MB/s  Total: 2644.73 GB
[ 2183.9s] IOs:    693401476  IOPS:   317510  Throughput:  1240.3 MB/s  Total: 2645.12 GB
[ 2184.2s] IOs:    693502130  IOPS:   317514  Throughput:  1240.3 MB/s  Total: 2645.50 GB
[ 2184.3s] IOs:    693602827  IOPS:   317535  Throughput:  1240.4 MB/s  Total: 2645.88 GB
[ 2184.7s] IOs:    693702856  IOPS:   317532  Throughput:  1240.4 MB/s  Total: 2646.27 GB
[ 2184.8s] IOs:    693803403  IOPS:   317553  Throughput:  1240.4 MB/s  Total: 2646.65 GB
[ 2185.2s] IOs:    693903606  IOPS:   317552  Throughput:  1240.4 MB/s  Total: 2647.03 GB
[ 2185.3s] IOs:    694004058  IOPS:   317572  Throughput:  1240.5 MB/s  Total: 2647.42 GB
[ 2185.6s] IOs:    694105068  IOPS:   317575  Throughput:  1240.5 MB/s  Total: 2647.80 GB
[ 2185.8s] IOs:    694205986  IOPS:   317596  Throughput:  1240.6 MB/s  Total: 2648.19 GB
[Reader] Parsed 89000000 lines, distributed 694270011 writes, unique 720.00 GB, skipped 320573
[ 2186.1s] IOs:    694306270  IOPS:   317600  Throughput:  1240.6 MB/s  Total: 2648.57 GB
[ 2186.3s] IOs:    694406838  IOPS:   317615  Throughput:  1240.7 MB/s  Total: 2648.95 GB
[ 2186.5s] IOs:    694506930  IOPS:   317636  Throughput:  1240.8 MB/s  Total: 2649.33 GB
[ 2186.7s] IOs:    694607951  IOPS:   317648  Throughput:  1240.8 MB/s  Total: 2649.72 GB
[ 2186.9s] IOs:    694708045  IOPS:   317667  Throughput:  1240.9 MB/s  Total: 2650.10 GB
[ 2187.2s] IOs:    694808740  IOPS:   317667  Throughput:  1240.9 MB/s  Total: 2650.49 GB
[ 2187.4s] IOs:    694909569  IOPS:   317687  Throughput:  1241.0 MB/s  Total: 2650.87 GB
[ 2187.6s] IOs:    695009935  IOPS:   317707  Throughput:  1241.0 MB/s  Total: 2651.25 GB
[ 2187.7s] IOs:    695109969  IOPS:   317728  Throughput:  1241.1 MB/s  Total: 2651.63 GB
[ 2187.9s] IOs:    695210536  IOPS:   317747  Throughput:  1241.2 MB/s  Total: 2652.02 GB
[ 2188.2s] IOs:    695311041  IOPS:   317760  Throughput:  1241.2 MB/s  Total: 2652.40 GB
[ 2188.4s] IOs:    695411667  IOPS:   317779  Throughput:  1241.3 MB/s  Total: 2652.78 GB
[ 2188.6s] IOs:    695511875  IOPS:   317788  Throughput:  1241.4 MB/s  Total: 2653.17 GB
[ 2188.8s] IOs:    695612701  IOPS:   317804  Throughput:  1241.4 MB/s  Total: 2653.55 GB
[ 2189.0s] IOs:    695713329  IOPS:   317822  Throughput:  1241.5 MB/s  Total: 2653.94 GB
[ 2189.2s] IOs:    695813334  IOPS:   317840  Throughput:  1241.6 MB/s  Total: 2654.32 GB
[ 2189.4s] IOs:    695913561  IOPS:   317860  Throughput:  1241.6 MB/s  Total: 2654.70 GB
[ 2189.5s] IOs:    696013943  IOPS:   317881  Throughput:  1241.7 MB/s  Total: 2655.08 GB
[ 2189.8s] IOs:    696113987  IOPS:   317895  Throughput:  1241.8 MB/s  Total: 2655.46 GB
[ 2190.1s] IOs:    696214766  IOPS:   317895  Throughput:  1241.8 MB/s  Total: 2655.85 GB
[ 2190.3s] IOs:    696315136  IOPS:   317915  Throughput:  1241.9 MB/s  Total: 2656.23 GB
[ 2190.4s] IOs:    696415642  IOPS:   317936  Throughput:  1241.9 MB/s  Total: 2656.61 GB
[ 2190.7s] IOs:    696516172  IOPS:   317938  Throughput:  1241.9 MB/s  Total: 2657.00 GB
[ 2190.9s] IOs:    696616585  IOPS:   317955  Throughput:  1242.0 MB/s  Total: 2657.38 GB
[ 2191.2s] IOs:    696716681  IOPS:   317958  Throughput:  1242.0 MB/s  Total: 2657.76 GB
[ 2191.4s] IOs:    696816844  IOPS:   317979  Throughput:  1242.1 MB/s  Total: 2658.15 GB
[ 2191.6s] IOs:    696917445  IOPS:   317991  Throughput:  1242.2 MB/s  Total: 2658.53 GB
[ 2191.8s] IOs:    697017687  IOPS:   318011  Throughput:  1242.2 MB/s  Total: 2658.91 GB
[ 2192.0s] IOs:    697118443  IOPS:   318031  Throughput:  1242.3 MB/s  Total: 2659.30 GB
[ 2192.3s] IOs:    697218826  IOPS:   318028  Throughput:  1242.3 MB/s  Total: 2659.68 GB
[ 2192.5s] IOs:    697319571  IOPS:   318049  Throughput:  1242.4 MB/s  Total: 2660.06 GB
[ 2192.7s] IOs:    697420477  IOPS:   318065  Throughput:  1242.4 MB/s  Total: 2660.45 GB
[ 2192.9s] IOs:    697521024  IOPS:   318086  Throughput:  1242.5 MB/s  Total: 2660.83 GB
[ 2193.1s] IOs:    697621540  IOPS:   318096  Throughput:  1242.6 MB/s  Total: 2661.21 GB
[ 2193.6s] IOs:    697722543  IOPS:   318074  Throughput:  1242.5 MB/s  Total: 2661.60 GB
[ 2193.8s] IOs:    697823121  IOPS:   318093  Throughput:  1242.6 MB/s  Total: 2661.98 GB
[ 2194.3s] IOs:    697923867  IOPS:   318063  Throughput:  1242.4 MB/s  Total: 2662.37 GB
[ 2194.7s] IOs:    698024554  IOPS:   318045  Throughput:  1242.4 MB/s  Total: 2662.75 GB
[ 2194.9s] IOs:    698125099  IOPS:   318065  Throughput:  1242.4 MB/s  Total: 2663.14 GB
[ 2195.4s] IOs:    698225929  IOPS:   318043  Throughput:  1242.4 MB/s  Total: 2663.52 GB
[ 2195.7s] IOs:    698326435  IOPS:   318042  Throughput:  1242.4 MB/s  Total: 2663.90 GB
[ 2196.1s] IOs:    698426610  IOPS:   318028  Throughput:  1242.3 MB/s  Total: 2664.29 GB
[ 2196.4s] IOs:    698527059  IOPS:   318034  Throughput:  1242.3 MB/s  Total: 2664.67 GB
[ 2196.7s] IOs:    698628022  IOPS:   318033  Throughput:  1242.3 MB/s  Total: 2665.05 GB
[ 2197.2s] IOs:    698728719  IOPS:   318013  Throughput:  1242.2 MB/s  Total: 2665.44 GB
[ 2197.4s] IOs:    698829250  IOPS:   318028  Throughput:  1242.3 MB/s  Total: 2665.82 GB
[ 2197.7s] IOs:    698929902  IOPS:   318026  Throughput:  1242.3 MB/s  Total: 2666.21 GB
[ 2197.9s] IOs:    699030777  IOPS:   318046  Throughput:  1242.4 MB/s  Total: 2666.59 GB
[ 2198.3s] IOs:    699131477  IOPS:   318029  Throughput:  1242.3 MB/s  Total: 2666.97 GB
[ 2198.7s] IOs:    699232022  IOPS:   318024  Throughput:  1242.3 MB/s  Total: 2667.36 GB
[ 2198.8s] IOs:    699332382  IOPS:   318045  Throughput:  1242.4 MB/s  Total: 2667.74 GB
[ 2199.3s] IOs:    699433308  IOPS:   318030  Throughput:  1242.3 MB/s  Total: 2668.13 GB
[ 2199.5s] IOs:    699533966  IOPS:   318046  Throughput:  1242.4 MB/s  Total: 2668.51 GB
[ 2199.7s] IOs:    699634638  IOPS:   318052  Throughput:  1242.4 MB/s  Total: 2668.89 GB
[ 2199.9s] IOs:    699735141  IOPS:   318073  Throughput:  1242.5 MB/s  Total: 2669.28 GB
[ 2200.6s] IOs:    699835789  IOPS:   318015  Throughput:  1242.2 MB/s  Total: 2669.66 GB
[ 2200.9s] IOs:    699936615  IOPS:   318024  Throughput:  1242.3 MB/s  Total: 2670.05 GB
[ 2201.4s] IOs:    700037128  IOPS:   317996  Throughput:  1242.2 MB/s  Total: 2670.43 GB
[ 2201.9s] IOs:    700137648  IOPS:   317973  Throughput:  1242.1 MB/s  Total: 2670.81 GB
[ 2202.4s] IOs:    700237747  IOPS:   317946  Throughput:  1242.0 MB/s  Total: 2671.20 GB
[ 2202.9s] IOs:    700338405  IOPS:   317915  Throughput:  1241.9 MB/s  Total: 2671.58 GB
[ 2203.4s] IOs:    700438693  IOPS:   317884  Throughput:  1241.7 MB/s  Total: 2671.96 GB
[ 2203.8s] IOs:    700539039  IOPS:   317885  Throughput:  1241.7 MB/s  Total: 2672.34 GB
[ 2204.3s] IOs:    700639827  IOPS:   317849  Throughput:  1241.6 MB/s  Total: 2672.73 GB
[ 2204.6s] IOs:    700740359  IOPS:   317860  Throughput:  1241.6 MB/s  Total: 2673.11 GB
[ 2204.8s] IOs:    700840786  IOPS:   317864  Throughput:  1241.7 MB/s  Total: 2673.50 GB
[ 2205.3s] IOs:    700941462  IOPS:   317841  Throughput:  1241.6 MB/s  Total: 2673.88 GB
[ 2205.8s] IOs:    701042093  IOPS:   317819  Throughput:  1241.5 MB/s  Total: 2674.26 GB
[ 2206.3s] IOs:    701143039  IOPS:   317795  Throughput:  1241.4 MB/s  Total: 2674.65 GB
[ 2206.7s] IOs:    701243643  IOPS:   317772  Throughput:  1241.3 MB/s  Total: 2675.03 GB
[ 2207.2s] IOs:    701344109  IOPS:   317754  Throughput:  1241.2 MB/s  Total: 2675.42 GB
[ 2207.4s] IOs:    701444488  IOPS:   317766  Throughput:  1241.3 MB/s  Total: 2675.80 GB
[ 2207.9s] IOs:    701545400  IOPS:   317748  Throughput:  1241.2 MB/s  Total: 2676.18 GB
[ 2208.3s] IOs:    701646362  IOPS:   317738  Throughput:  1241.2 MB/s  Total: 2676.57 GB
[ 2208.8s] IOs:    701747181  IOPS:   317709  Throughput:  1241.0 MB/s  Total: 2676.95 GB
[ 2209.0s] IOs:    701847768  IOPS:   317720  Throughput:  1241.1 MB/s  Total: 2677.34 GB
[ 2209.4s] IOs:    701948041  IOPS:   317709  Throughput:  1241.0 MB/s  Total: 2677.72 GB
[ 2209.8s] IOs:    702048376  IOPS:   317702  Throughput:  1241.0 MB/s  Total: 2678.10 GB
[ 2210.4s] IOs:    702148931  IOPS:   317661  Throughput:  1240.9 MB/s  Total: 2678.49 GB
[ 2210.6s] IOs:    702249667  IOPS:   317671  Throughput:  1240.9 MB/s  Total: 2678.87 GB
[ 2210.9s] IOs:    702350122  IOPS:   317681  Throughput:  1240.9 MB/s  Total: 2679.25 GB
[ 2211.3s] IOs:    702450668  IOPS:   317662  Throughput:  1240.9 MB/s  Total: 2679.64 GB
[ 2211.7s] IOs:    702551010  IOPS:   317651  Throughput:  1240.8 MB/s  Total: 2680.02 GB
[ 2212.0s] IOs:    702651620  IOPS:   317659  Throughput:  1240.9 MB/s  Total: 2680.40 GB
[ 2212.4s] IOs:    702752382  IOPS:   317643  Throughput:  1240.8 MB/s  Total: 2680.79 GB
[ 2212.7s] IOs:    702853044  IOPS:   317639  Throughput:  1240.8 MB/s  Total: 2681.17 GB
[ 2213.0s] IOs:    702953459  IOPS:   317644  Throughput:  1240.8 MB/s  Total: 2681.55 GB
[ 2213.4s] IOs:    703053781  IOPS:   317640  Throughput:  1240.8 MB/s  Total: 2681.94 GB
[ 2213.7s] IOs:    703154509  IOPS:   317635  Throughput:  1240.8 MB/s  Total: 2682.32 GB
[ 2214.0s] IOs:    703255266  IOPS:   317645  Throughput:  1240.8 MB/s  Total: 2682.71 GB
[ 2214.3s] IOs:    703356022  IOPS:   317641  Throughput:  1240.8 MB/s  Total: 2683.09 GB
[ 2214.8s] IOs:    703456386  IOPS:   317611  Throughput:  1240.7 MB/s  Total: 2683.47 GB
[ 2215.1s] IOs:    703556939  IOPS:   317619  Throughput:  1240.7 MB/s  Total: 2683.86 GB
[ 2215.3s] IOs:    703657436  IOPS:   317632  Throughput:  1240.8 MB/s  Total: 2684.24 GB
[ 2215.8s] IOs:    703758268  IOPS:   317605  Throughput:  1240.6 MB/s  Total: 2684.62 GB
[Reader] Parsed 90000000 lines, distributed 703774106 writes, unique 720.00 GB, skipped 2367161
[ 2216.1s] IOs:    703859083  IOPS:   317617  Throughput:  1240.7 MB/s  Total: 2685.01 GB
[ 2216.4s] IOs:    703959627  IOPS:   317613  Throughput:  1240.7 MB/s  Total: 2685.39 GB
[ 2216.7s] IOs:    704060098  IOPS:   317615  Throughput:  1240.7 MB/s  Total: 2685.78 GB
[ 2216.9s] IOs:    704160751  IOPS:   317628  Throughput:  1240.7 MB/s  Total: 2686.16 GB
[ 2217.3s] IOs:    704261397  IOPS:   317623  Throughput:  1240.7 MB/s  Total: 2686.54 GB
[ 2217.6s] IOs:    704361754  IOPS:   317629  Throughput:  1240.7 MB/s  Total: 2686.93 GB
[ 2217.9s] IOs:    704462203  IOPS:   317630  Throughput:  1240.7 MB/s  Total: 2687.31 GB
[ 2218.2s] IOs:    704562682  IOPS:   317634  Throughput:  1240.8 MB/s  Total: 2687.69 GB
[ 2218.4s] IOs:    704663010  IOPS:   317642  Throughput:  1240.8 MB/s  Total: 2688.08 GB
[ 2218.7s] IOs:    704763333  IOPS:   317651  Throughput:  1240.8 MB/s  Total: 2688.46 GB
[ 2218.9s] IOs:    704863737  IOPS:   317662  Throughput:  1240.9 MB/s  Total: 2688.84 GB
[ 2219.3s] IOs:    704964295  IOPS:   317652  Throughput:  1240.8 MB/s  Total: 2689.23 GB
[ 2219.7s] IOs:    705064365  IOPS:   317635  Throughput:  1240.8 MB/s  Total: 2689.61 GB
[ 2220.0s] IOs:    705164584  IOPS:   317648  Throughput:  1240.8 MB/s  Total: 2689.99 GB
[ 2220.3s] IOs:    705265217  IOPS:   317647  Throughput:  1240.8 MB/s  Total: 2690.37 GB
[ 2220.6s] IOs:    705365638  IOPS:   317639  Throughput:  1240.8 MB/s  Total: 2690.76 GB
[ 2220.9s] IOs:    705466301  IOPS:   317656  Throughput:  1240.8 MB/s  Total: 2691.14 GB
[ 2221.2s] IOs:    705566724  IOPS:   317649  Throughput:  1240.8 MB/s  Total: 2691.52 GB
[ 2221.4s] IOs:    705667407  IOPS:   317662  Throughput:  1240.9 MB/s  Total: 2691.91 GB
[ 2221.7s] IOs:    705768167  IOPS:   317664  Throughput:  1240.9 MB/s  Total: 2692.29 GB
[ 2222.0s] IOs:    705868780  IOPS:   317674  Throughput:  1240.9 MB/s  Total: 2692.68 GB
[ 2222.5s] IOs:    705969318  IOPS:   317644  Throughput:  1240.8 MB/s  Total: 2693.06 GB
[ 2222.8s] IOs:    706069779  IOPS:   317653  Throughput:  1240.8 MB/s  Total: 2693.44 GB
[ 2223.3s] IOs:    706170370  IOPS:   317621  Throughput:  1240.7 MB/s  Total: 2693.83 GB
[ 2223.8s] IOs:    706270953  IOPS:   317603  Throughput:  1240.6 MB/s  Total: 2694.21 GB
[ 2224.2s] IOs:    706371614  IOPS:   317579  Throughput:  1240.5 MB/s  Total: 2694.59 GB
[ 2224.7s] IOs:    706472550  IOPS:   317556  Throughput:  1240.5 MB/s  Total: 2694.98 GB
[ 2225.0s] IOs:    706573407  IOPS:   317566  Throughput:  1240.5 MB/s  Total: 2695.36 GB
[ 2225.4s] IOs:    706673699  IOPS:   317550  Throughput:  1240.4 MB/s  Total: 2695.75 GB
[ 2225.8s] IOs:    706774267  IOPS:   317538  Throughput:  1240.4 MB/s  Total: 2696.13 GB
[ 2226.4s] IOs:    706874779  IOPS:   317498  Throughput:  1240.2 MB/s  Total: 2696.51 GB
[ 2226.6s] IOs:    706975457  IOPS:   317511  Throughput:  1240.3 MB/s  Total: 2696.90 GB
[ 2226.8s] IOs:    707076348  IOPS:   317524  Throughput:  1240.3 MB/s  Total: 2697.28 GB
[ 2227.3s] IOs:    707177104  IOPS:   317498  Throughput:  1240.2 MB/s  Total: 2697.67 GB
[ 2227.6s] IOs:    707277130  IOPS:   317513  Throughput:  1240.3 MB/s  Total: 2698.05 GB
[ 2227.9s] IOs:    707377645  IOPS:   317516  Throughput:  1240.3 MB/s  Total: 2698.43 GB
[ 2228.4s] IOs:    707478649  IOPS:   317486  Throughput:  1240.2 MB/s  Total: 2698.82 GB
[ 2228.6s] IOs:    707579393  IOPS:   317502  Throughput:  1240.2 MB/s  Total: 2699.20 GB
[ 2228.8s] IOs:    707680011  IOPS:   317517  Throughput:  1240.3 MB/s  Total: 2699.59 GB
[ 2229.2s] IOs:    707780855  IOPS:   317511  Throughput:  1240.3 MB/s  Total: 2699.97 GB
[ 2229.4s] IOs:    707881594  IOPS:   317515  Throughput:  1240.3 MB/s  Total: 2700.35 GB
[ 2229.7s] IOs:    707982337  IOPS:   317523  Throughput:  1240.3 MB/s  Total: 2700.74 GB
[ 2230.0s] IOs:    708083087  IOPS:   317532  Throughput:  1240.4 MB/s  Total: 2701.12 GB
[ 2230.3s] IOs:    708183771  IOPS:   317530  Throughput:  1240.4 MB/s  Total: 2701.51 GB
[ 2230.5s] IOs:    708284400  IOPS:   317546  Throughput:  1240.4 MB/s  Total: 2701.89 GB
[ 2231.1s] IOs:    708385299  IOPS:   317509  Throughput:  1240.3 MB/s  Total: 2702.28 GB
[ 2231.3s] IOs:    708486013  IOPS:   317523  Throughput:  1240.3 MB/s  Total: 2702.66 GB
[ 2231.7s] IOs:    708587039  IOPS:   317503  Throughput:  1240.2 MB/s  Total: 2703.05 GB
[ 2232.0s] IOs:    708687455  IOPS:   317516  Throughput:  1240.3 MB/s  Total: 2703.43 GB
[ 2232.4s] IOs:    708787787  IOPS:   317503  Throughput:  1240.2 MB/s  Total: 2703.81 GB
[ 2232.7s] IOs:    708888392  IOPS:   317499  Throughput:  1240.2 MB/s  Total: 2704.19 GB
[ 2233.0s] IOs:    708988948  IOPS:   317509  Throughput:  1240.3 MB/s  Total: 2704.58 GB
[ 2233.4s] IOs:    709089403  IOPS:   317500  Throughput:  1240.2 MB/s  Total: 2704.96 GB
[ 2233.6s] IOs:    709189946  IOPS:   317509  Throughput:  1240.3 MB/s  Total: 2705.34 GB
[ 2234.0s] IOs:    709290395  IOPS:   317499  Throughput:  1240.2 MB/s  Total: 2705.73 GB
[ 2234.2s] IOs:    709391007  IOPS:   317509  Throughput:  1240.3 MB/s  Total: 2706.11 GB
[ 2234.5s] IOs:    709491679  IOPS:   317517  Throughput:  1240.3 MB/s  Total: 2706.50 GB
[ 2234.8s] IOs:    709592376  IOPS:   317516  Throughput:  1240.3 MB/s  Total: 2706.88 GB
[ 2235.1s] IOs:    709692844  IOPS:   317526  Throughput:  1240.3 MB/s  Total: 2707.26 GB
[ 2235.4s] IOs:    709793200  IOPS:   317530  Throughput:  1240.4 MB/s  Total: 2707.65 GB
[ 2235.6s] IOs:    709893539  IOPS:   317540  Throughput:  1240.4 MB/s  Total: 2708.03 GB
[ 2235.9s] IOs:    709994312  IOPS:   317546  Throughput:  1240.4 MB/s  Total: 2708.41 GB
[ 2236.4s] IOs:    710095035  IOPS:   317524  Throughput:  1240.3 MB/s  Total: 2708.80 GB
[ 2236.6s] IOs:    710195646  IOPS:   317528  Throughput:  1240.3 MB/s  Total: 2709.18 GB
[ 2236.9s] IOs:    710296068  IOPS:   317538  Throughput:  1240.4 MB/s  Total: 2709.56 GB
[ 2237.1s] IOs:    710396609  IOPS:   317551  Throughput:  1240.4 MB/s  Total: 2709.95 GB
[ 2237.4s] IOs:    710497394  IOPS:   317551  Throughput:  1240.4 MB/s  Total: 2710.33 GB
[ 2237.7s] IOs:    710597941  IOPS:   317559  Throughput:  1240.5 MB/s  Total: 2710.72 GB
[ 2238.0s] IOs:    710698667  IOPS:   317566  Throughput:  1240.5 MB/s  Total: 2711.10 GB
[ 2238.2s] IOs:    710799187  IOPS:   317578  Throughput:  1240.5 MB/s  Total: 2711.48 GB
[ 2238.5s] IOs:    710899671  IOPS:   317580  Throughput:  1240.5 MB/s  Total: 2711.87 GB
[ 2238.7s] IOs:    711000387  IOPS:   317592  Throughput:  1240.6 MB/s  Total: 2712.25 GB
[ 2238.9s] IOs:    711101164  IOPS:   317606  Throughput:  1240.6 MB/s  Total: 2712.64 GB
[ 2239.2s] IOs:    711201811  IOPS:   317615  Throughput:  1240.7 MB/s  Total: 2713.02 GB
[ 2239.5s] IOs:    711302142  IOPS:   317619  Throughput:  1240.7 MB/s  Total: 2713.40 GB
[ 2239.7s] IOs:    711402680  IOPS:   317629  Throughput:  1240.7 MB/s  Total: 2713.79 GB
[ 2240.0s] IOs:    711503232  IOPS:   317641  Throughput:  1240.8 MB/s  Total: 2714.17 GB
[ 2240.2s] IOs:    711603898  IOPS:   317654  Throughput:  1240.8 MB/s  Total: 2714.55 GB
[ 2240.4s] IOs:    711704464  IOPS:   317667  Throughput:  1240.9 MB/s  Total: 2714.94 GB
[ 2240.7s] IOs:    711805160  IOPS:   317678  Throughput:  1240.9 MB/s  Total: 2715.32 GB
[ 2240.9s] IOs:    711905949  IOPS:   317689  Throughput:  1241.0 MB/s  Total: 2715.71 GB
[ 2241.1s] IOs:    712006733  IOPS:   317702  Throughput:  1241.0 MB/s  Total: 2716.09 GB
[ 2241.3s] IOs:    712106895  IOPS:   317722  Throughput:  1241.1 MB/s  Total: 2716.47 GB
[ 2241.5s] IOs:    712207304  IOPS:   317736  Throughput:  1241.2 MB/s  Total: 2716.86 GB
[ 2241.7s] IOs:    712308030  IOPS:   317756  Throughput:  1241.2 MB/s  Total: 2717.24 GB
[ 2241.9s] IOs:    712408588  IOPS:   317771  Throughput:  1241.3 MB/s  Total: 2717.62 GB
[ 2242.3s] IOs:    712509567  IOPS:   317763  Throughput:  1241.3 MB/s  Total: 2718.01 GB
[ 2242.5s] IOs:    712610451  IOPS:   317776  Throughput:  1241.3 MB/s  Total: 2718.39 GB
[ 2242.8s] IOs:    712711173  IOPS:   317781  Throughput:  1241.3 MB/s  Total: 2718.78 GB
[ 2243.0s] IOs:    712811996  IOPS:   317801  Throughput:  1241.4 MB/s  Total: 2719.16 GB
[ 2243.3s] IOs:    712912664  IOPS:   317799  Throughput:  1241.4 MB/s  Total: 2719.55 GB
[ 2243.5s] IOs:    713013300  IOPS:   317819  Throughput:  1241.5 MB/s  Total: 2719.93 GB
[ 2243.8s] IOs:    713114208  IOPS:   317821  Throughput:  1241.5 MB/s  Total: 2720.31 GB
[Reader] Parsed 91000000 lines, distributed 713128330 writes, unique 720.00 GB, skipped 3354278
[ 2243.9s] IOs:    713215133  IOPS:   317842  Throughput:  1241.6 MB/s  Total: 2720.70 GB
[ 2244.1s] IOs:    713316109  IOPS:   317862  Throughput:  1241.6 MB/s  Total: 2721.09 GB
[ 2244.4s] IOs:    713416578  IOPS:   317864  Throughput:  1241.7 MB/s  Total: 2721.47 GB
[ 2244.9s] IOs:    713516647  IOPS:   317845  Throughput:  1241.6 MB/s  Total: 2721.85 GB
[ 2245.1s] IOs:    713617043  IOPS:   317859  Throughput:  1241.6 MB/s  Total: 2722.23 GB
[ 2245.4s] IOs:    713717629  IOPS:   317856  Throughput:  1241.6 MB/s  Total: 2722.62 GB
[ 2245.8s] IOs:    713818279  IOPS:   317840  Throughput:  1241.6 MB/s  Total: 2723.00 GB
[ 2246.0s] IOs:    713918981  IOPS:   317857  Throughput:  1241.6 MB/s  Total: 2723.38 GB
[ 2246.4s] IOs:    714019681  IOPS:   317857  Throughput:  1241.6 MB/s  Total: 2723.77 GB
[ 2249.2s] IOs:    714120536  IOPS:   317495  Throughput:  1240.2 MB/s  Total: 2724.15 GB
[ 2249.6s] IOs:    714221400  IOPS:   317487  Throughput:  1240.2 MB/s  Total: 2724.54 GB
[ 2249.8s] IOs:    714322239  IOPS:   317498  Throughput:  1240.2 MB/s  Total: 2724.92 GB
[ 2250.3s] IOs:    714423171  IOPS:   317473  Throughput:  1240.1 MB/s  Total: 2725.31 GB
[ 2250.7s] IOs:    714523664  IOPS:   317465  Throughput:  1240.1 MB/s  Total: 2725.69 GB
[ 2251.2s] IOs:    714624482  IOPS:   317439  Throughput:  1240.0 MB/s  Total: 2726.08 GB
[ 2251.4s] IOs:    714725293  IOPS:   317451  Throughput:  1240.0 MB/s  Total: 2726.46 GB
[ 2251.8s] IOs:    714825873  IOPS:   317450  Throughput:  1240.0 MB/s  Total: 2726.84 GB
[ 2252.2s] IOs:    714926647  IOPS:   317433  Throughput:  1240.0 MB/s  Total: 2727.23 GB
[ 2252.4s] IOs:    715027146  IOPS:   317446  Throughput:  1240.0 MB/s  Total: 2727.61 GB
[ 2252.7s] IOs:    715127521  IOPS:   317448  Throughput:  1240.0 MB/s  Total: 2727.99 GB
[ 2253.1s] IOs:    715227970  IOPS:   317442  Throughput:  1240.0 MB/s  Total: 2728.38 GB
[ 2253.3s] IOs:    715328560  IOPS:   317453  Throughput:  1240.1 MB/s  Total: 2728.76 GB
[ 2253.9s] IOs:    715429327  IOPS:   317422  Throughput:  1239.9 MB/s  Total: 2729.15 GB
[ 2254.1s] IOs:    715529826  IOPS:   317432  Throughput:  1240.0 MB/s  Total: 2729.53 GB
[ 2254.6s] IOs:    715630657  IOPS:   317409  Throughput:  1239.9 MB/s  Total: 2729.91 GB
[ 2258.8s] IOs:    715730721  IOPS:   316857  Throughput:  1237.7 MB/s  Total: 2730.30 GB
[ 2260.2s] IOs:    715830918  IOPS:   316716  Throughput:  1237.2 MB/s  Total: 2730.68 GB
[ 2261.2s] IOs:    715931765  IOPS:   316611  Throughput:  1236.8 MB/s  Total: 2731.06 GB
[ 2262.4s] IOs:    716032558  IOPS:   316489  Throughput:  1236.3 MB/s  Total: 2731.45 GB
[ 2263.3s] IOs:    716133039  IOPS:   316414  Throughput:  1236.0 MB/s  Total: 2731.83 GB
[ 2264.2s] IOs:    716233837  IOPS:   316325  Throughput:  1235.6 MB/s  Total: 2732.22 GB
[ 2264.9s] IOs:    716334860  IOPS:   316278  Throughput:  1235.5 MB/s  Total: 2732.60 GB
[ 2265.8s] IOs:    716435113  IOPS:   316197  Throughput:  1235.1 MB/s  Total: 2732.98 GB
[ 2266.3s] IOs:    716535520  IOPS:   316166  Throughput:  1235.0 MB/s  Total: 2733.37 GB
[ 2267.2s] IOs:    716636295  IOPS:   316089  Throughput:  1234.7 MB/s  Total: 2733.75 GB
[ 2267.8s] IOs:    716737145  IOPS:   316045  Throughput:  1234.6 MB/s  Total: 2734.14 GB
[ 2268.4s] IOs:    716837945  IOPS:   316010  Throughput:  1234.4 MB/s  Total: 2734.52 GB
[ 2268.8s] IOs:    716938766  IOPS:   315995  Throughput:  1234.4 MB/s  Total: 2734.90 GB
[ 2269.4s] IOs:    717039542  IOPS:   315954  Throughput:  1234.2 MB/s  Total: 2735.29 GB
[ 2269.8s] IOs:    717139754  IOPS:   315946  Throughput:  1234.2 MB/s  Total: 2735.67 GB
[ 2270.4s] IOs:    717240039  IOPS:   315916  Throughput:  1234.0 MB/s  Total: 2736.05 GB
[ 2270.8s] IOs:    717340973  IOPS:   315894  Throughput:  1234.0 MB/s  Total: 2736.44 GB
[ 2271.3s] IOs:    717441687  IOPS:   315868  Throughput:  1233.9 MB/s  Total: 2736.82 GB
[ 2271.8s] IOs:    717541705  IOPS:   315842  Throughput:  1233.8 MB/s  Total: 2737.20 GB
[ 2272.2s] IOs:    717641960  IOPS:   315831  Throughput:  1233.7 MB/s  Total: 2737.59 GB
[ 2272.7s] IOs:    717742241  IOPS:   315811  Throughput:  1233.6 MB/s  Total: 2737.97 GB
[ 2273.0s] IOs:    717842822  IOPS:   315816  Throughput:  1233.7 MB/s  Total: 2738.35 GB
[ 2273.4s] IOs:    717943370  IOPS:   315802  Throughput:  1233.6 MB/s  Total: 2738.74 GB
[ 2273.9s] IOs:    718044182  IOPS:   315779  Throughput:  1233.5 MB/s  Total: 2739.12 GB
[ 2274.2s] IOs:    718144455  IOPS:   315778  Throughput:  1233.5 MB/s  Total: 2739.50 GB
[ 2274.4s] IOs:    718244831  IOPS:   315791  Throughput:  1233.6 MB/s  Total: 2739.89 GB
[ 2274.9s] IOs:    718345574  IOPS:   315775  Throughput:  1233.5 MB/s  Total: 2740.27 GB
[ 2275.4s] IOs:    718446487  IOPS:   315749  Throughput:  1233.4 MB/s  Total: 2740.66 GB
[ 2275.6s] IOs:    718547085  IOPS:   315760  Throughput:  1233.4 MB/s  Total: 2741.04 GB
[ 2275.8s] IOs:    718647825  IOPS:   315774  Throughput:  1233.5 MB/s  Total: 2741.42 GB
[ 2276.2s] IOs:    718748538  IOPS:   315768  Throughput:  1233.5 MB/s  Total: 2741.81 GB
[ 2276.5s] IOs:    718849063  IOPS:   315774  Throughput:  1233.5 MB/s  Total: 2742.19 GB
[ 2276.8s] IOs:    718949792  IOPS:   315776  Throughput:  1233.5 MB/s  Total: 2742.58 GB
[ 2277.0s] IOs:    719050174  IOPS:   315788  Throughput:  1233.5 MB/s  Total: 2742.96 GB
[ 2277.4s] IOs:    719150747  IOPS:   315783  Throughput:  1233.5 MB/s  Total: 2743.34 GB
[ 2277.7s] IOs:    719251212  IOPS:   315778  Throughput:  1233.5 MB/s  Total: 2743.73 GB
[ 2277.9s] IOs:    719351924  IOPS:   315792  Throughput:  1233.6 MB/s  Total: 2744.11 GB
[ 2278.3s] IOs:    719452542  IOPS:   315790  Throughput:  1233.6 MB/s  Total: 2744.49 GB
[ 2278.7s] IOs:    719553225  IOPS:   315773  Throughput:  1233.5 MB/s  Total: 2744.88 GB
[ 2279.0s] IOs:    719653613  IOPS:   315782  Throughput:  1233.5 MB/s  Total: 2745.26 GB
[ 2279.4s] IOs:    719754104  IOPS:   315766  Throughput:  1233.5 MB/s  Total: 2745.64 GB
[ 2279.7s] IOs:    719854794  IOPS:   315761  Throughput:  1233.4 MB/s  Total: 2746.03 GB
[ 2280.0s] IOs:    719955434  IOPS:   315773  Throughput:  1233.5 MB/s  Total: 2746.41 GB
[ 2280.5s] IOs:    720056115  IOPS:   315751  Throughput:  1233.4 MB/s  Total: 2746.80 GB
[ 2280.8s] IOs:    720156638  IOPS:   315748  Throughput:  1233.4 MB/s  Total: 2747.18 GB
[ 2281.0s] IOs:    720257274  IOPS:   315761  Throughput:  1233.4 MB/s  Total: 2747.56 GB
[ 2281.3s] IOs:    720357699  IOPS:   315762  Throughput:  1233.4 MB/s  Total: 2747.95 GB
[Reader] Parsed 92000000 lines, distributed 720382961 writes, unique 720.00 GB, skipped 5004258
[ 2281.6s] IOs:    720458177  IOPS:   315767  Throughput:  1233.5 MB/s  Total: 2748.33 GB
[ 2281.9s] IOs:    720558475  IOPS:   315772  Throughput:  1233.5 MB/s  Total: 2748.71 GB
[ 2282.2s] IOs:    720658946  IOPS:   315767  Throughput:  1233.5 MB/s  Total: 2749.10 GB
[ 2282.5s] IOs:    720759565  IOPS:   315777  Throughput:  1233.5 MB/s  Total: 2749.48 GB
[ 2283.0s] IOs:    720859967  IOPS:   315755  Throughput:  1233.4 MB/s  Total: 2749.86 GB
[ 2283.3s] IOs:    720960705  IOPS:   315750  Throughput:  1233.4 MB/s  Total: 2750.25 GB
[ 2283.5s] IOs:    721060968  IOPS:   315764  Throughput:  1233.5 MB/s  Total: 2750.63 GB
[ 2283.9s] IOs:    721161791  IOPS:   315753  Throughput:  1233.4 MB/s  Total: 2751.01 GB
[ 2284.3s] IOs:    721262240  IOPS:   315750  Throughput:  1233.4 MB/s  Total: 2751.40 GB
[ 2284.5s] IOs:    721363046  IOPS:   315764  Throughput:  1233.5 MB/s  Total: 2751.78 GB
[ 2284.9s] IOs:    721463900  IOPS:   315750  Throughput:  1233.4 MB/s  Total: 2752.17 GB
[ 2285.1s] IOs:    721564190  IOPS:   315765  Throughput:  1233.5 MB/s  Total: 2752.55 GB
[ 2285.4s] IOs:    721665075  IOPS:   315776  Throughput:  1233.5 MB/s  Total: 2752.93 GB
[ 2285.6s] IOs:    721765272  IOPS:   315789  Throughput:  1233.5 MB/s  Total: 2753.32 GB
[ 2286.1s] IOs:    721866172  IOPS:   315765  Throughput:  1233.5 MB/s  Total: 2753.70 GB
[ 2286.3s] IOs:    721966648  IOPS:   315775  Throughput:  1233.5 MB/s  Total: 2754.08 GB
[ 2286.8s] IOs:    722067334  IOPS:   315758  Throughput:  1233.4 MB/s  Total: 2754.47 GB
[ 2287.1s] IOs:    722168032  IOPS:   315763  Throughput:  1233.5 MB/s  Total: 2754.85 GB
[ 2287.4s] IOs:    722268253  IOPS:   315757  Throughput:  1233.4 MB/s  Total: 2755.23 GB
[ 2287.9s] IOs:    722368914  IOPS:   315738  Throughput:  1233.4 MB/s  Total: 2755.62 GB
[ 2288.3s] IOs:    722469426  IOPS:   315730  Throughput:  1233.3 MB/s  Total: 2756.00 GB
[ 2288.5s] IOs:    722569811  IOPS:   315744  Throughput:  1233.4 MB/s  Total: 2756.39 GB
[ 2288.9s] IOs:    722670475  IOPS:   315729  Throughput:  1233.3 MB/s  Total: 2756.77 GB
[ 2289.2s] IOs:    722770871  IOPS:   315725  Throughput:  1233.3 MB/s  Total: 2757.15 GB
[ 2289.5s] IOs:    722871215  IOPS:   315729  Throughput:  1233.3 MB/s  Total: 2757.53 GB
[ 2289.8s] IOs:    722971805  IOPS:   315732  Throughput:  1233.3 MB/s  Total: 2757.92 GB
[ 2290.3s] IOs:    723072395  IOPS:   315710  Throughput:  1233.2 MB/s  Total: 2758.30 GB
[ 2290.8s] IOs:    723173110  IOPS:   315682  Throughput:  1233.1 MB/s  Total: 2758.69 GB
[ 2291.1s] IOs:    723274028  IOPS:   315694  Throughput:  1233.2 MB/s  Total: 2759.07 GB
[ 2291.4s] IOs:    723374634  IOPS:   315687  Throughput:  1233.2 MB/s  Total: 2759.46 GB
[ 2291.9s] IOs:    723475065  IOPS:   315663  Throughput:  1233.1 MB/s  Total: 2759.84 GB
[ 2292.3s] IOs:    723575545  IOPS:   315656  Throughput:  1233.0 MB/s  Total: 2760.22 GB
[ 2292.5s] IOs:    723676313  IOPS:   315671  Throughput:  1233.1 MB/s  Total: 2760.61 GB
[ 2293.0s] IOs:    723776915  IOPS:   315644  Throughput:  1233.0 MB/s  Total: 2760.99 GB
[ 2293.4s] IOs:    723877737  IOPS:   315640  Throughput:  1233.0 MB/s  Total: 2761.37 GB
[ 2293.8s] IOs:    723978271  IOPS:   315621  Throughput:  1232.9 MB/s  Total: 2761.76 GB
[ 2294.0s] IOs:    724079097  IOPS:   315634  Throughput:  1232.9 MB/s  Total: 2762.14 GB
[ 2294.4s] IOs:    724180074  IOPS:   315633  Throughput:  1232.9 MB/s  Total: 2762.53 GB
[ 2294.8s] IOs:    724281071  IOPS:   315623  Throughput:  1232.9 MB/s  Total: 2762.91 GB
[ 2295.0s] IOs:    724381846  IOPS:   315630  Throughput:  1232.9 MB/s  Total: 2763.30 GB
[ 2295.3s] IOs:    724482161  IOPS:   315632  Throughput:  1232.9 MB/s  Total: 2763.68 GB
[ 2295.7s] IOs:    724582810  IOPS:   315630  Throughput:  1232.9 MB/s  Total: 2764.06 GB
[ 2295.9s] IOs:    724683214  IOPS:   315641  Throughput:  1233.0 MB/s  Total: 2764.45 GB
[ 2296.3s] IOs:    724783935  IOPS:   315637  Throughput:  1233.0 MB/s  Total: 2764.83 GB
[ 2296.5s] IOs:    724884509  IOPS:   315648  Throughput:  1233.0 MB/s  Total: 2765.21 GB
[ 2296.8s] IOs:    724985103  IOPS:   315648  Throughput:  1233.0 MB/s  Total: 2765.60 GB
[ 2297.0s] IOs:    725085911  IOPS:   315662  Throughput:  1233.1 MB/s  Total: 2765.98 GB
[ 2297.3s] IOs:    725186399  IOPS:   315665  Throughput:  1233.1 MB/s  Total: 2766.37 GB
[ 2297.6s] IOs:    725287296  IOPS:   315676  Throughput:  1233.1 MB/s  Total: 2766.75 GB
[ 2297.9s] IOs:    725388010  IOPS:   315678  Throughput:  1233.1 MB/s  Total: 2767.14 GB
[ 2298.2s] IOs:    725488497  IOPS:   315675  Throughput:  1233.1 MB/s  Total: 2767.52 GB
[ 2298.5s] IOs:    725589259  IOPS:   315685  Throughput:  1233.1 MB/s  Total: 2767.90 GB
[ 2298.7s] IOs:    725689270  IOPS:   315689  Throughput:  1233.2 MB/s  Total: 2768.28 GB
[ 2299.0s] IOs:    725790251  IOPS:   315704  Throughput:  1233.2 MB/s  Total: 2768.67 GB
[ 2299.3s] IOs:    725891023  IOPS:   315706  Throughput:  1233.2 MB/s  Total: 2769.05 GB
[ 2299.5s] IOs:    725991633  IOPS:   315720  Throughput:  1233.3 MB/s  Total: 2769.44 GB
[ 2299.8s] IOs:    726092160  IOPS:   315726  Throughput:  1233.3 MB/s  Total: 2769.82 GB
[ 2300.0s] IOs:    726193049  IOPS:   315740  Throughput:  1233.4 MB/s  Total: 2770.21 GB
[ 2300.2s] IOs:    726293085  IOPS:   315754  Throughput:  1233.4 MB/s  Total: 2770.59 GB
[Reader] Parsed 93000000 lines, distributed 726349008 writes, unique 720.00 GB, skipped 6247786
[ 2300.5s] IOs:    726393455  IOPS:   315759  Throughput:  1233.4 MB/s  Total: 2770.97 GB
[ 2300.7s] IOs:    726494017  IOPS:   315772  Throughput:  1233.5 MB/s  Total: 2771.35 GB
[ 2301.1s] IOs:    726594715  IOPS:   315763  Throughput:  1233.4 MB/s  Total: 2771.74 GB
[ 2301.4s] IOs:    726695207  IOPS:   315765  Throughput:  1233.5 MB/s  Total: 2772.12 GB
[ 2301.8s] IOs:    726795824  IOPS:   315752  Throughput:  1233.4 MB/s  Total: 2772.51 GB
[ 2302.0s] IOs:    726896581  IOPS:   315765  Throughput:  1233.5 MB/s  Total: 2772.89 GB
[ 2302.5s] IOs:    726997371  IOPS:   315744  Throughput:  1233.4 MB/s  Total: 2773.27 GB
[ 2302.8s] IOs:    727097712  IOPS:   315739  Throughput:  1233.4 MB/s  Total: 2773.66 GB
[ 2303.3s] IOs:    727198223  IOPS:   315725  Throughput:  1233.3 MB/s  Total: 2774.04 GB
[ 2303.5s] IOs:    727298869  IOPS:   315736  Throughput:  1233.3 MB/s  Total: 2774.43 GB
[ 2303.9s] IOs:    727399664  IOPS:   315724  Throughput:  1233.3 MB/s  Total: 2774.81 GB
[ 2304.2s] IOs:    727500129  IOPS:   315732  Throughput:  1233.3 MB/s  Total: 2775.19 GB
[ 2304.5s] IOs:    727600588  IOPS:   315736  Throughput:  1233.3 MB/s  Total: 2775.58 GB
[ 2305.0s] IOs:    727701105  IOPS:   315709  Throughput:  1233.2 MB/s  Total: 2775.96 GB
[ 2305.2s] IOs:    727801722  IOPS:   315723  Throughput:  1233.3 MB/s  Total: 2776.34 GB
[ 2305.4s] IOs:    727902127  IOPS:   315736  Throughput:  1233.3 MB/s  Total: 2776.73 GB
[ 2305.8s] IOs:    728002921  IOPS:   315732  Throughput:  1233.3 MB/s  Total: 2777.11 GB
[ 2306.0s] IOs:    728103311  IOPS:   315745  Throughput:  1233.4 MB/s  Total: 2777.49 GB
[ 2306.3s] IOs:    728203834  IOPS:   315743  Throughput:  1233.4 MB/s  Total: 2777.88 GB
[ 2306.5s] IOs:    728304667  IOPS:   315759  Throughput:  1233.4 MB/s  Total: 2778.26 GB
[ 2306.9s] IOs:    728405120  IOPS:   315752  Throughput:  1233.4 MB/s  Total: 2778.65 GB
[ 2307.1s] IOs:    728505617  IOPS:   315763  Throughput:  1233.5 MB/s  Total: 2779.03 GB
[ 2307.4s] IOs:    728606479  IOPS:   315768  Throughput:  1233.5 MB/s  Total: 2779.41 GB
[ 2307.6s] IOs:    728706958  IOPS:   315781  Throughput:  1233.5 MB/s  Total: 2779.80 GB
[ 2307.9s] IOs:    728807801  IOPS:   315782  Throughput:  1233.5 MB/s  Total: 2780.18 GB
[ 2308.4s] IOs:    728908605  IOPS:   315757  Throughput:  1233.4 MB/s  Total: 2780.57 GB
[ 2308.7s] IOs:    729009204  IOPS:   315766  Throughput:  1233.5 MB/s  Total: 2780.95 GB
[ 2309.0s] IOs:    729109680  IOPS:   315773  Throughput:  1233.5 MB/s  Total: 2781.33 GB
[ 2309.2s] IOs:    729209925  IOPS:   315785  Throughput:  1233.5 MB/s  Total: 2781.72 GB
[ 2309.5s] IOs:    729310591  IOPS:   315786  Throughput:  1233.5 MB/s  Total: 2782.10 GB
[ 2309.8s] IOs:    729411203  IOPS:   315795  Throughput:  1233.6 MB/s  Total: 2782.48 GB
[ 2310.0s] IOs:    729511954  IOPS:   315803  Throughput:  1233.6 MB/s  Total: 2782.87 GB
[ 2310.3s] IOs:    729612529  IOPS:   315807  Throughput:  1233.6 MB/s  Total: 2783.25 GB
[ 2310.5s] IOs:    729712792  IOPS:   315820  Throughput:  1233.7 MB/s  Total: 2783.63 GB
[ 2310.8s] IOs:    729813098  IOPS:   315828  Throughput:  1233.7 MB/s  Total: 2784.02 GB
[ 2311.0s] IOs:    729913901  IOPS:   315841  Throughput:  1233.8 MB/s  Total: 2784.40 GB
[ 2311.3s] IOs:    730014527  IOPS:   315845  Throughput:  1233.8 MB/s  Total: 2784.78 GB
[ 2311.5s] IOs:    730115054  IOPS:   315859  Throughput:  1233.8 MB/s  Total: 2785.17 GB
[ 2311.7s] IOs:    730215450  IOPS:   315872  Throughput:  1233.9 MB/s  Total: 2785.55 GB
[ 2312.0s] IOs:    730315690  IOPS:   315878  Throughput:  1233.9 MB/s  Total: 2785.93 GB
[ 2312.3s] IOs:    730416210  IOPS:   315887  Throughput:  1233.9 MB/s  Total: 2786.32 GB
[ 2312.5s] IOs:    730516946  IOPS:   315899  Throughput:  1234.0 MB/s  Total: 2786.70 GB
[ 2312.7s] IOs:    730617718  IOPS:   315913  Throughput:  1234.0 MB/s  Total: 2787.09 GB
[ 2313.0s] IOs:    730717939  IOPS:   315922  Throughput:  1234.1 MB/s  Total: 2787.47 GB
[ 2313.2s] IOs:    730818502  IOPS:   315933  Throughput:  1234.1 MB/s  Total: 2787.85 GB
[ 2313.6s] IOs:    730918995  IOPS:   315923  Throughput:  1234.1 MB/s  Total: 2788.23 GB
[ 2313.9s] IOs:    731019591  IOPS:   315931  Throughput:  1234.1 MB/s  Total: 2788.62 GB
[ 2314.1s] IOs:    731120538  IOPS:   315939  Throughput:  1234.1 MB/s  Total: 2789.00 GB
[ 2314.6s] IOs:    731221442  IOPS:   315915  Throughput:  1234.0 MB/s  Total: 2789.39 GB
[ 2314.9s] IOs:    731322359  IOPS:   315919  Throughput:  1234.1 MB/s  Total: 2789.77 GB
[ 2315.1s] IOs:    731422882  IOPS:   315932  Throughput:  1234.1 MB/s  Total: 2790.16 GB
[ 2315.6s] IOs:    731523548  IOPS:   315911  Throughput:  1234.0 MB/s  Total: 2790.54 GB
[ 2315.9s] IOs:    731624398  IOPS:   315910  Throughput:  1234.0 MB/s  Total: 2790.93 GB
[ 2316.2s] IOs:    731725184  IOPS:   315923  Throughput:  1234.1 MB/s  Total: 2791.31 GB
[ 2316.5s] IOs:    731825631  IOPS:   315913  Throughput:  1234.0 MB/s  Total: 2791.69 GB
[ 2316.9s] IOs:    731926192  IOPS:   315908  Throughput:  1234.0 MB/s  Total: 2792.08 GB
[ 2317.4s] IOs:    732026939  IOPS:   315883  Throughput:  1233.9 MB/s  Total: 2792.46 GB
[ 2317.9s] IOs:    732127581  IOPS:   315856  Throughput:  1233.8 MB/s  Total: 2792.85 GB
[ 2318.3s] IOs:    732228154  IOPS:   315844  Throughput:  1233.8 MB/s  Total: 2793.23 GB
[ 2318.5s] IOs:    732328324  IOPS:   315858  Throughput:  1233.8 MB/s  Total: 2793.61 GB
[ 2319.1s] IOs:    732428854  IOPS:   315825  Throughput:  1233.7 MB/s  Total: 2793.99 GB
[ 2319.4s] IOs:    732529331  IOPS:   315823  Throughput:  1233.7 MB/s  Total: 2794.38 GB
[ 2319.9s] IOs:    732629941  IOPS:   315804  Throughput:  1233.6 MB/s  Total: 2794.76 GB
[ 2320.1s] IOs:    732730736  IOPS:   315813  Throughput:  1233.6 MB/s  Total: 2795.15 GB
[ 2320.5s] IOs:    732831347  IOPS:   315807  Throughput:  1233.6 MB/s  Total: 2795.53 GB
[ 2320.9s] IOs:    732931912  IOPS:   315790  Throughput:  1233.6 MB/s  Total: 2795.91 GB
[ 2321.2s] IOs:    733032479  IOPS:   315803  Throughput:  1233.6 MB/s  Total: 2796.30 GB
[ 2321.7s] IOs:    733133203  IOPS:   315773  Throughput:  1233.5 MB/s  Total: 2796.68 GB
[ 2321.9s] IOs:    733233632  IOPS:   315787  Throughput:  1233.5 MB/s  Total: 2797.06 GB
[ 2322.4s] IOs:    733334032  IOPS:   315769  Throughput:  1233.5 MB/s  Total: 2797.45 GB
[ 2322.6s] IOs:    733434541  IOPS:   315780  Throughput:  1233.5 MB/s  Total: 2797.83 GB
[Reader] Parsed 94000000 lines, distributed 733448409 writes, unique 720.00 GB, skipped 7250838
[ 2323.0s] IOs:    733535372  IOPS:   315770  Throughput:  1233.5 MB/s  Total: 2798.22 GB
[ 2323.4s] IOs:    733635450  IOPS:   315761  Throughput:  1233.4 MB/s  Total: 2798.60 GB
[ 2323.6s] IOs:    733735452  IOPS:   315777  Throughput:  1233.5 MB/s  Total: 2798.98 GB
[ 2324.1s] IOs:    733836090  IOPS:   315755  Throughput:  1233.4 MB/s  Total: 2799.36 GB
[ 2324.5s] IOs:    733936640  IOPS:   315740  Throughput:  1233.4 MB/s  Total: 2799.75 GB
[ 2324.9s] IOs:    734037134  IOPS:   315723  Throughput:  1233.3 MB/s  Total: 2800.13 GB
[ 2325.2s] IOs:    734137458  IOPS:   315733  Throughput:  1233.3 MB/s  Total: 2800.51 GB
[ 2325.7s] IOs:    734238381  IOPS:   315705  Throughput:  1233.2 MB/s  Total: 2800.90 GB
[ 2325.9s] IOs:    734339022  IOPS:   315717  Throughput:  1233.3 MB/s  Total: 2801.28 GB
[ 2326.2s] IOs:    734439412  IOPS:   315731  Throughput:  1233.3 MB/s  Total: 2801.66 GB
[ 2326.6s] IOs:    734539982  IOPS:   315715  Throughput:  1233.3 MB/s  Total: 2802.05 GB
[ 2326.9s] IOs:    734640554  IOPS:   315717  Throughput:  1233.3 MB/s  Total: 2802.43 GB
[ 2327.1s] IOs:    734741113  IOPS:   315732  Throughput:  1233.3 MB/s  Total: 2802.81 GB
[ 2327.7s] IOs:    734841828  IOPS:   315691  Throughput:  1233.2 MB/s  Total: 2803.20 GB
[ 2328.0s] IOs:    734942210  IOPS:   315694  Throughput:  1233.2 MB/s  Total: 2803.58 GB
[ 2328.5s] IOs:    735042817  IOPS:   315672  Throughput:  1233.1 MB/s  Total: 2803.97 GB
[ 2329.0s] IOs:    735143420  IOPS:   315649  Throughput:  1233.0 MB/s  Total: 2804.35 GB
[ 2329.2s] IOs:    735244079  IOPS:   315659  Throughput:  1233.0 MB/s  Total: 2804.73 GB
[ 2329.6s] IOs:    735344728  IOPS:   315649  Throughput:  1233.0 MB/s  Total: 2805.12 GB
[ 2330.1s] IOs:    735445329  IOPS:   315629  Throughput:  1232.9 MB/s  Total: 2805.50 GB
[ 2330.5s] IOs:    735545845  IOPS:   315622  Throughput:  1232.9 MB/s  Total: 2805.88 GB
[ 2330.7s] IOs:    735646616  IOPS:   315634  Throughput:  1232.9 MB/s  Total: 2806.27 GB
[ 2331.1s] IOs:    735747205  IOPS:   315620  Throughput:  1232.9 MB/s  Total: 2806.65 GB
[ 2331.5s] IOs:    735847895  IOPS:   315613  Throughput:  1232.9 MB/s  Total: 2807.04 GB
[ 2331.8s] IOs:    735948385  IOPS:   315615  Throughput:  1232.9 MB/s  Total: 2807.42 GB
[ 2332.1s] IOs:    736048816  IOPS:   315616  Throughput:  1232.9 MB/s  Total: 2807.80 GB
[ 2332.6s] IOs:    736149459  IOPS:   315596  Throughput:  1232.8 MB/s  Total: 2808.19 GB
[ 2332.8s] IOs:    736249660  IOPS:   315608  Throughput:  1232.8 MB/s  Total: 2808.57 GB
[ 2333.1s] IOs:    736350257  IOPS:   315616  Throughput:  1232.9 MB/s  Total: 2808.95 GB
[ 2333.4s] IOs:    736450773  IOPS:   315611  Throughput:  1232.9 MB/s  Total: 2809.34 GB
[ 2333.7s] IOs:    736551145  IOPS:   315622  Throughput:  1232.9 MB/s  Total: 2809.72 GB
[ 2334.0s] IOs:    736651684  IOPS:   315619  Throughput:  1232.9 MB/s  Total: 2810.10 GB
[ 2334.2s] IOs:    736752183  IOPS:   315632  Throughput:  1232.9 MB/s  Total: 2810.49 GB
[ 2334.5s] IOs:    736852767  IOPS:   315634  Throughput:  1232.9 MB/s  Total: 2810.87 GB
[ 2334.8s] IOs:    736953257  IOPS:   315643  Throughput:  1233.0 MB/s  Total: 2811.25 GB
[ 2335.1s] IOs:    737053606  IOPS:   315648  Throughput:  1233.0 MB/s  Total: 2811.64 GB
[ 2335.3s] IOs:    737154228  IOPS:   315661  Throughput:  1233.0 MB/s  Total: 2812.02 GB
[ 2335.6s] IOs:    737254808  IOPS:   315666  Throughput:  1233.1 MB/s  Total: 2812.40 GB
[ 2335.8s] IOs:    737355418  IOPS:   315676  Throughput:  1233.1 MB/s  Total: 2812.79 GB
[ 2336.0s] IOs:    737455956  IOPS:   315686  Throughput:  1233.1 MB/s  Total: 2813.17 GB
[ 2336.3s] IOs:    737556423  IOPS:   315697  Throughput:  1233.2 MB/s  Total: 2813.55 GB
[ 2336.5s] IOs:    737656838  IOPS:   315710  Throughput:  1233.2 MB/s  Total: 2813.94 GB
[ 2336.7s] IOs:    737757246  IOPS:   315725  Throughput:  1233.3 MB/s  Total: 2814.32 GB
[ 2336.9s] IOs:    737857649  IOPS:   315735  Throughput:  1233.3 MB/s  Total: 2814.70 GB
[ 2337.2s] IOs:    737957979  IOPS:   315745  Throughput:  1233.4 MB/s  Total: 2815.09 GB
[ 2337.5s] IOs:    738058435  IOPS:   315747  Throughput:  1233.4 MB/s  Total: 2815.47 GB
[ 2337.7s] IOs:    738158994  IOPS:   315766  Throughput:  1233.5 MB/s  Total: 2815.85 GB
[ 2338.1s] IOs:    738259399  IOPS:   315748  Throughput:  1233.4 MB/s  Total: 2816.24 GB
[ 2338.4s] IOs:    738360249  IOPS:   315754  Throughput:  1233.4 MB/s  Total: 2816.62 GB
[ 2338.6s] IOs:    738460865  IOPS:   315774  Throughput:  1233.5 MB/s  Total: 2817.00 GB
[ 2338.9s] IOs:    738561038  IOPS:   315770  Throughput:  1233.5 MB/s  Total: 2817.39 GB
[ 2339.1s] IOs:    738661873  IOPS:   315788  Throughput:  1233.5 MB/s  Total: 2817.77 GB
[ 2339.4s] IOs:    738762769  IOPS:   315789  Throughput:  1233.6 MB/s  Total: 2818.16 GB
[ 2339.6s] IOs:    738863446  IOPS:   315809  Throughput:  1233.6 MB/s  Total: 2818.54 GB
[ 2339.8s] IOs:    738964423  IOPS:   315829  Throughput:  1233.7 MB/s  Total: 2818.93 GB
[ 2340.1s] IOs:    739064905  IOPS:   315828  Throughput:  1233.7 MB/s  Total: 2819.31 GB
[ 2340.5s] IOs:    739165824  IOPS:   315818  Throughput:  1233.7 MB/s  Total: 2819.69 GB
[ 2340.7s] IOs:    739266067  IOPS:   315836  Throughput:  1233.7 MB/s  Total: 2820.08 GB
[ 2341.2s] IOs:    739366416  IOPS:   315809  Throughput:  1233.6 MB/s  Total: 2820.46 GB
[ 2341.4s] IOs:    739466927  IOPS:   315819  Throughput:  1233.7 MB/s  Total: 2820.84 GB
[ 2341.6s] IOs:    739567196  IOPS:   315838  Throughput:  1233.7 MB/s  Total: 2821.22 GB
[ 2342.0s] IOs:    739668094  IOPS:   315823  Throughput:  1233.7 MB/s  Total: 2821.61 GB
[ 2342.2s] IOs:    739768800  IOPS:   315842  Throughput:  1233.8 MB/s  Total: 2821.99 GB
[ 2342.7s] IOs:    739869533  IOPS:   315814  Throughput:  1233.6 MB/s  Total: 2822.38 GB
[ 2342.9s] IOs:    739970083  IOPS:   315832  Throughput:  1233.7 MB/s  Total: 2822.76 GB
[ 2343.1s] IOs:    740070595  IOPS:   315852  Throughput:  1233.8 MB/s  Total: 2823.15 GB
[ 2343.5s] IOs:    740171144  IOPS:   315840  Throughput:  1233.7 MB/s  Total: 2823.53 GB
[ 2343.7s] IOs:    740271895  IOPS:   315858  Throughput:  1233.8 MB/s  Total: 2823.91 GB
[ 2344.0s] IOs:    740372459  IOPS:   315859  Throughput:  1233.8 MB/s  Total: 2824.30 GB
[ 2344.2s] IOs:    740473042  IOPS:   315875  Throughput:  1233.9 MB/s  Total: 2824.68 GB
[ 2344.5s] IOs:    740573491  IOPS:   315870  Throughput:  1233.9 MB/s  Total: 2825.06 GB
[ 2344.7s] IOs:    740674358  IOPS:   315889  Throughput:  1233.9 MB/s  Total: 2825.45 GB
[ 2345.0s] IOs:    740775063  IOPS:   315891  Throughput:  1233.9 MB/s  Total: 2825.83 GB
[ 2345.2s] IOs:    740875373  IOPS:   315908  Throughput:  1234.0 MB/s  Total: 2826.22 GB
[ 2345.5s] IOs:    740975912  IOPS:   315915  Throughput:  1234.0 MB/s  Total: 2826.60 GB
[ 2345.7s] IOs:    741076445  IOPS:   315933  Throughput:  1234.1 MB/s  Total: 2826.98 GB
[Reader] Parsed 95000000 lines, distributed 741172337 writes, unique 720.00 GB, skipped 8687444
[ 2346.0s] IOs:    741177153  IOPS:   315933  Throughput:  1234.1 MB/s  Total: 2827.37 GB
[ 2346.2s] IOs:    741278061  IOPS:   315951  Throughput:  1234.2 MB/s  Total: 2827.75 GB
[ 2346.5s] IOs:    741378619  IOPS:   315954  Throughput:  1234.2 MB/s  Total: 2828.13 GB
[ 2346.7s] IOs:    741479654  IOPS:   315973  Throughput:  1234.3 MB/s  Total: 2828.52 GB
[ 2346.9s] IOs:    741580330  IOPS:   315977  Throughput:  1234.3 MB/s  Total: 2828.90 GB
[ 2347.1s] IOs:    741680975  IOPS:   315995  Throughput:  1234.4 MB/s  Total: 2829.29 GB
[ 2347.3s] IOs:    741781600  IOPS:   316013  Throughput:  1234.4 MB/s  Total: 2829.67 GB
[ 2347.6s] IOs:    741882444  IOPS:   316022  Throughput:  1234.5 MB/s  Total: 2830.06 GB
[ 2347.7s] IOs:    741982775  IOPS:   316041  Throughput:  1234.5 MB/s  Total: 2830.44 GB
[ 2348.0s] IOs:    742083067  IOPS:   316051  Throughput:  1234.6 MB/s  Total: 2830.82 GB
[ 2348.2s] IOs:    742183505  IOPS:   316069  Throughput:  1234.6 MB/s  Total: 2831.21 GB
[ 2348.4s] IOs:    742284010  IOPS:   316087  Throughput:  1234.7 MB/s  Total: 2831.59 GB
[ 2348.7s] IOs:    742384568  IOPS:   316087  Throughput:  1234.7 MB/s  Total: 2831.97 GB
[ 2348.9s] IOs:    742485204  IOPS:   316102  Throughput:  1234.8 MB/s  Total: 2832.36 GB
[ 2349.1s] IOs:    742586037  IOPS:   316121  Throughput:  1234.8 MB/s  Total: 2832.74 GB
[ 2349.2s] IOs:    742686870  IOPS:   316141  Throughput:  1234.9 MB/s  Total: 2833.13 GB
[ 2349.5s] IOs:    742787347  IOPS:   316143  Throughput:  1234.9 MB/s  Total: 2833.51 GB
[ 2349.7s] IOs:    742888011  IOPS:   316163  Throughput:  1235.0 MB/s  Total: 2833.89 GB
[ 2350.0s] IOs:    742988706  IOPS:   316170  Throughput:  1235.0 MB/s  Total: 2834.28 GB
[ 2350.1s] IOs:    743089370  IOPS:   316189  Throughput:  1235.1 MB/s  Total: 2834.66 GB
[ 2350.3s] IOs:    743189866  IOPS:   316208  Throughput:  1235.2 MB/s  Total: 2835.04 GB
[ 2350.6s] IOs:    743290425  IOPS:   316218  Throughput:  1235.2 MB/s  Total: 2835.43 GB
[ 2350.7s] IOs:    743390996  IOPS:   316238  Throughput:  1235.3 MB/s  Total: 2835.81 GB
[ 2351.0s] IOs:    743491663  IOPS:   316249  Throughput:  1235.3 MB/s  Total: 2836.20 GB
[ 2351.1s] IOs:    743592242  IOPS:   316270  Throughput:  1235.4 MB/s  Total: 2836.58 GB
[ 2351.3s] IOs:    743692830  IOPS:   316289  Throughput:  1235.5 MB/s  Total: 2836.96 GB
[ 2351.5s] IOs:    743793553  IOPS:   316303  Throughput:  1235.6 MB/s  Total: 2837.35 GB
[ 2351.7s] IOs:    743894431  IOPS:   316322  Throughput:  1235.6 MB/s  Total: 2837.73 GB
[ 2352.5s] IOs:    743994952  IOPS:   316251  Throughput:  1235.4 MB/s  Total: 2838.12 GB
[ 2352.7s] IOs:    744095193  IOPS:   316266  Throughput:  1235.4 MB/s  Total: 2838.50 GB
[ 2352.9s] IOs:    744195366  IOPS:   316285  Throughput:  1235.5 MB/s  Total: 2838.88 GB
[ 2353.1s] IOs:    744296237  IOPS:   316304  Throughput:  1235.6 MB/s  Total: 2839.26 GB
[ 2353.4s] IOs:    744397107  IOPS:   316308  Throughput:  1235.6 MB/s  Total: 2839.65 GB
[ 2353.6s] IOs:    744497536  IOPS:   316325  Throughput:  1235.6 MB/s  Total: 2840.03 GB
[ 2353.7s] IOs:    744597930  IOPS:   316345  Throughput:  1235.7 MB/s  Total: 2840.42 GB
[ 2354.1s] IOs:    744698108  IOPS:   316347  Throughput:  1235.7 MB/s  Total: 2840.80 GB
[ 2354.2s] IOs:    744798320  IOPS:   316367  Throughput:  1235.8 MB/s  Total: 2841.18 GB
[ 2354.5s] IOs:    744899051  IOPS:   316379  Throughput:  1235.9 MB/s  Total: 2841.56 GB
[ 2354.6s] IOs:    744999944  IOPS:   316398  Throughput:  1235.9 MB/s  Total: 2841.95 GB
[ 2354.8s] IOs:    745100338  IOPS:   316413  Throughput:  1236.0 MB/s  Total: 2842.33 GB
[ 2355.0s] IOs:    745200791  IOPS:   316428  Throughput:  1236.0 MB/s  Total: 2842.72 GB
[ 2355.3s] IOs:    745300943  IOPS:   316430  Throughput:  1236.1 MB/s  Total: 2843.10 GB
[ 2355.5s] IOs:    745401275  IOPS:   316449  Throughput:  1236.1 MB/s  Total: 2843.48 GB
[ 2355.7s] IOs:    745501994  IOPS:   316468  Throughput:  1236.2 MB/s  Total: 2843.86 GB
[ 2357.6s] IOs:    745602153  IOPS:   316249  Throughput:  1235.3 MB/s  Total: 2844.25 GB
[ 2357.8s] IOs:    745702461  IOPS:   316268  Throughput:  1235.4 MB/s  Total: 2844.63 GB
[ 2358.0s] IOs:    745803140  IOPS:   316283  Throughput:  1235.5 MB/s  Total: 2845.01 GB
[ 2358.2s] IOs:    745903540  IOPS:   316298  Throughput:  1235.5 MB/s  Total: 2845.40 GB
[ 2358.5s] IOs:    746004466  IOPS:   316310  Throughput:  1235.6 MB/s  Total: 2845.78 GB
[ 2358.6s] IOs:    746104963  IOPS:   316329  Throughput:  1235.7 MB/s  Total: 2846.16 GB
[ 2358.8s] IOs:    746205700  IOPS:   316348  Throughput:  1235.7 MB/s  Total: 2846.55 GB
[ 2359.1s] IOs:    746306235  IOPS:   316351  Throughput:  1235.7 MB/s  Total: 2846.93 GB
[ 2359.3s] IOs:    746406734  IOPS:   316369  Throughput:  1235.8 MB/s  Total: 2847.32 GB
[ 2359.5s] IOs:    746507445  IOPS:   316387  Throughput:  1235.9 MB/s  Total: 2847.70 GB
[ 2359.7s] IOs:    746607989  IOPS:   316404  Throughput:  1236.0 MB/s  Total: 2848.08 GB
[ 2359.8s] IOs:    746708427  IOPS:   316424  Throughput:  1236.0 MB/s  Total: 2848.47 GB
[ 2360.2s] IOs:    746808746  IOPS:   316422  Throughput:  1236.0 MB/s  Total: 2848.85 GB
[ 2360.4s] IOs:    746909671  IOPS:   316437  Throughput:  1236.1 MB/s  Total: 2849.23 GB
[ 2360.6s] IOs:    747010579  IOPS:   316455  Throughput:  1236.2 MB/s  Total: 2849.62 GB
[ 2362.7s] IOs:    747111438  IOPS:   316205  Throughput:  1235.2 MB/s  Total: 2850.00 GB
[ 2363.0s] IOs:    747211854  IOPS:   316216  Throughput:  1235.2 MB/s  Total: 2850.39 GB
[ 2363.3s] IOs:    747312426  IOPS:   316219  Throughput:  1235.2 MB/s  Total: 2850.77 GB
[ 2363.5s] IOs:    747412678  IOPS:   316238  Throughput:  1235.3 MB/s  Total: 2851.15 GB
[ 2363.9s] IOs:    747512858  IOPS:   316217  Throughput:  1235.2 MB/s  Total: 2851.54 GB
[ 2364.1s] IOs:    747613847  IOPS:   316236  Throughput:  1235.3 MB/s  Total: 2851.92 GB
[ 2364.3s] IOs:    747714129  IOPS:   316249  Throughput:  1235.3 MB/s  Total: 2852.30 GB
[ 2364.5s] IOs:    747814623  IOPS:   316268  Throughput:  1235.4 MB/s  Total: 2852.69 GB
[ 2364.8s] IOs:    747915098  IOPS:   316264  Throughput:  1235.4 MB/s  Total: 2853.07 GB
[ 2365.0s] IOs:    748015523  IOPS:   316283  Throughput:  1235.5 MB/s  Total: 2853.45 GB
[ 2365.3s] IOs:    748116027  IOPS:   316282  Throughput:  1235.5 MB/s  Total: 2853.84 GB
[ 2365.5s] IOs:    748216143  IOPS:   316301  Throughput:  1235.6 MB/s  Total: 2854.22 GB
[ 2365.8s] IOs:    748316616  IOPS:   316306  Throughput:  1235.6 MB/s  Total: 2854.60 GB
[ 2366.0s] IOs:    748417215  IOPS:   316325  Throughput:  1235.6 MB/s  Total: 2854.99 GB
[ 2366.3s] IOs:    748517311  IOPS:   316327  Throughput:  1235.7 MB/s  Total: 2855.37 GB
[ 2366.5s] IOs:    748617773  IOPS:   316340  Throughput:  1235.7 MB/s  Total: 2855.75 GB
[ 2366.7s] IOs:    748717973  IOPS:   316350  Throughput:  1235.7 MB/s  Total: 2856.13 GB
[ 2366.9s] IOs:    748818461  IOPS:   316369  Throughput:  1235.8 MB/s  Total: 2856.52 GB
[ 2367.1s] IOs:    748919086  IOPS:   316388  Throughput:  1235.9 MB/s  Total: 2856.90 GB
[ 2367.4s] IOs:    749019090  IOPS:   316388  Throughput:  1235.9 MB/s  Total: 2857.28 GB
[ 2367.6s] IOs:    749119564  IOPS:   316405  Throughput:  1236.0 MB/s  Total: 2857.66 GB
[ 2368.0s] IOs:    749220217  IOPS:   316394  Throughput:  1235.9 MB/s  Total: 2858.05 GB
[ 2368.2s] IOs:    749320617  IOPS:   316411  Throughput:  1236.0 MB/s  Total: 2858.43 GB
[ 2368.4s] IOs:    749420767  IOPS:   316430  Throughput:  1236.1 MB/s  Total: 2858.81 GB
[ 2368.6s] IOs:    749521716  IOPS:   316447  Throughput:  1236.1 MB/s  Total: 2859.20 GB
[ 2368.9s] IOs:    749622289  IOPS:   316446  Throughput:  1236.1 MB/s  Total: 2859.58 GB
[Reader] Parsed 96000000 lines, distributed 749676461 writes, unique 720.00 GB, skipped 10390607
[ 2369.1s] IOs:    749722925  IOPS:   316460  Throughput:  1236.2 MB/s  Total: 2859.97 GB
[ 2369.3s] IOs:    749823017  IOPS:   316471  Throughput:  1236.2 MB/s  Total: 2860.35 GB
[ 2369.5s] IOs:    749923345  IOPS:   316489  Throughput:  1236.3 MB/s  Total: 2860.73 GB
[ 2369.8s] IOs:    750024012  IOPS:   316495  Throughput:  1236.3 MB/s  Total: 2861.11 GB
[ 2370.0s] IOs:    750124696  IOPS:   316514  Throughput:  1236.4 MB/s  Total: 2861.50 GB
[ 2370.1s] IOs:    750225508  IOPS:   316533  Throughput:  1236.5 MB/s  Total: 2861.88 GB
[ 2373.4s] IOs:    750326163  IOPS:   316138  Throughput:  1234.9 MB/s  Total: 2862.27 GB
[ 2375.0s] IOs:    750426741  IOPS:   315970  Throughput:  1234.3 MB/s  Total: 2862.65 GB
[ 2376.5s] IOs:    750527714  IOPS:   315806  Throughput:  1233.6 MB/s  Total: 2863.04 GB
[ 2378.0s] IOs:    750628556  IOPS:   315657  Throughput:  1233.0 MB/s  Total: 2863.42 GB
[ 2379.0s] IOs:    750728626  IOPS:   315561  Throughput:  1232.7 MB/s  Total: 2863.80 GB
[ 2380.0s] IOs:    750829574  IOPS:   315468  Throughput:  1232.3 MB/s  Total: 2864.19 GB
[ 2381.1s] IOs:    750930524  IOPS:   315376  Throughput:  1231.9 MB/s  Total: 2864.57 GB
[ 2382.0s] IOs:    751031289  IOPS:   315290  Throughput:  1231.6 MB/s  Total: 2864.96 GB
[ 2383.0s] IOs:    751132168  IOPS:   315207  Throughput:  1231.3 MB/s  Total: 2865.34 GB
[ 2383.6s] IOs:    751232719  IOPS:   315168  Throughput:  1231.1 MB/s  Total: 2865.73 GB
[ 2384.5s] IOs:    751333217  IOPS:   315094  Throughput:  1230.8 MB/s  Total: 2866.11 GB
[ 2385.0s] IOs:    751434240  IOPS:   315062  Throughput:  1230.7 MB/s  Total: 2866.49 GB
[ 2385.6s] IOs:    751534962  IOPS:   315029  Throughput:  1230.6 MB/s  Total: 2866.88 GB
[ 2386.1s] IOs:    751635473  IOPS:   315006  Throughput:  1230.5 MB/s  Total: 2867.26 GB
[ 2386.7s] IOs:    751735889  IOPS:   314970  Throughput:  1230.4 MB/s  Total: 2867.64 GB
[ 2387.2s] IOs:    751836389  IOPS:   314942  Throughput:  1230.2 MB/s  Total: 2868.03 GB
[ 2387.7s] IOs:    751936487  IOPS:   314926  Throughput:  1230.2 MB/s  Total: 2868.41 GB
[ 2388.2s] IOs:    752037081  IOPS:   314898  Throughput:  1230.1 MB/s  Total: 2868.79 GB
[ 2388.7s] IOs:    752137924  IOPS:   314868  Throughput:  1230.0 MB/s  Total: 2869.18 GB
[ 2389.2s] IOs:    752238568  IOPS:   314846  Throughput:  1229.9 MB/s  Total: 2869.56 GB
[ 2389.7s] IOs:    752339150  IOPS:   314819  Throughput:  1229.8 MB/s  Total: 2869.95 GB
[ 2390.1s] IOs:    752439849  IOPS:   314811  Throughput:  1229.7 MB/s  Total: 2870.33 GB
[ 2390.8s] IOs:    752540497  IOPS:   314772  Throughput:  1229.6 MB/s  Total: 2870.71 GB
[ 2391.1s] IOs:    752640973  IOPS:   314765  Throughput:  1229.5 MB/s  Total: 2871.10 GB
[ 2391.5s] IOs:    752741642  IOPS:   314760  Throughput:  1229.5 MB/s  Total: 2871.48 GB
[ 2391.7s] IOs:    752842616  IOPS:   314774  Throughput:  1229.6 MB/s  Total: 2871.87 GB
[ 2392.2s] IOs:    752943335  IOPS:   314749  Throughput:  1229.5 MB/s  Total: 2872.25 GB
[ 2392.6s] IOs:    753044267  IOPS:   314739  Throughput:  1229.5 MB/s  Total: 2872.64 GB
[ 2393.1s] IOs:    753145178  IOPS:   314720  Throughput:  1229.4 MB/s  Total: 2873.02 GB
[ 2393.7s] IOs:    753245691  IOPS:   314682  Throughput:  1229.2 MB/s  Total: 2873.40 GB
[ 2394.2s] IOs:    753346300  IOPS:   314654  Throughput:  1229.1 MB/s  Total: 2873.79 GB
[ 2394.9s] IOs:    753447136  IOPS:   314607  Throughput:  1228.9 MB/s  Total: 2874.17 GB
[ 2395.1s] IOs:    753548031  IOPS:   314615  Throughput:  1229.0 MB/s  Total: 2874.56 GB
[ 2395.7s] IOs:    753648576  IOPS:   314587  Throughput:  1228.9 MB/s  Total: 2874.94 GB
[ 2396.2s] IOs:    753748699  IOPS:   314563  Throughput:  1228.8 MB/s  Total: 2875.32 GB
[ 2396.6s] IOs:    753848715  IOPS:   314553  Throughput:  1228.7 MB/s  Total: 2875.70 GB
[ 2397.3s] IOs:    753949410  IOPS:   314501  Throughput:  1228.5 MB/s  Total: 2876.09 GB
[ 2397.6s] IOs:    754049983  IOPS:   314503  Throughput:  1228.5 MB/s  Total: 2876.47 GB
[ 2398.3s] IOs:    754150618  IOPS:   314457  Throughput:  1228.3 MB/s  Total: 2876.86 GB
[ 2398.6s] IOs:    754251143  IOPS:   314457  Throughput:  1228.3 MB/s  Total: 2877.24 GB
[ 2399.1s] IOs:    754351828  IOPS:   314428  Throughput:  1228.2 MB/s  Total: 2877.62 GB
[ 2399.6s] IOs:    754452261  IOPS:   314408  Throughput:  1228.2 MB/s  Total: 2878.01 GB
[ 2400.2s] IOs:    754552958  IOPS:   314370  Throughput:  1228.0 MB/s  Total: 2878.39 GB
[ 2400.5s] IOs:    754653619  IOPS:   314378  Throughput:  1228.0 MB/s  Total: 2878.78 GB
[ 2400.7s] IOs:    754754178  IOPS:   314390  Throughput:  1228.1 MB/s  Total: 2879.16 GB
[ 2400.9s] IOs:    754854629  IOPS:   314400  Throughput:  1228.1 MB/s  Total: 2879.54 GB
[ 2401.2s] IOs:    754955176  IOPS:   314411  Throughput:  1228.2 MB/s  Total: 2879.93 GB
[ 2401.4s] IOs:    755055755  IOPS:   314420  Throughput:  1228.2 MB/s  Total: 2880.31 GB
[ 2401.6s] IOs:    755156594  IOPS:   314433  Throughput:  1228.3 MB/s  Total: 2880.69 GB
[ 2401.9s] IOs:    755257071  IOPS:   314447  Throughput:  1228.3 MB/s  Total: 2881.08 GB
[ 2402.1s] IOs:    755357570  IOPS:   314453  Throughput:  1228.3 MB/s  Total: 2881.46 GB
[ 2402.3s] IOs:    755458083  IOPS:   314467  Throughput:  1228.4 MB/s  Total: 2881.84 GB
[ 2402.6s] IOs:    755558761  IOPS:   314475  Throughput:  1228.4 MB/s  Total: 2882.23 GB
[ 2402.8s] IOs:    755659509  IOPS:   314488  Throughput:  1228.5 MB/s  Total: 2882.61 GB
[ 2403.1s] IOs:    755760011  IOPS:   314496  Throughput:  1228.5 MB/s  Total: 2883.00 GB
[ 2403.3s] IOs:    755860581  IOPS:   314508  Throughput:  1228.5 MB/s  Total: 2883.38 GB
[ 2403.5s] IOs:    755960988  IOPS:   314521  Throughput:  1228.6 MB/s  Total: 2883.76 GB
[ 2403.8s] IOs:    756061457  IOPS:   314532  Throughput:  1228.6 MB/s  Total: 2884.15 GB
[ 2404.0s] IOs:    756162123  IOPS:   314545  Throughput:  1228.7 MB/s  Total: 2884.53 GB
[ 2404.2s] IOs:    756262861  IOPS:   314557  Throughput:  1228.7 MB/s  Total: 2884.91 GB
[ 2404.4s] IOs:    756363096  IOPS:   314570  Throughput:  1228.8 MB/s  Total: 2885.30 GB
[ 2404.9s] IOs:    756463754  IOPS:   314548  Throughput:  1228.7 MB/s  Total: 2885.68 GB
[ 2405.2s] IOs:    756564083  IOPS:   314550  Throughput:  1228.7 MB/s  Total: 2886.06 GB
[ 2405.4s] IOs:    756664541  IOPS:   314563  Throughput:  1228.8 MB/s  Total: 2886.45 GB
[ 2405.8s] IOs:    756765448  IOPS:   314564  Throughput:  1228.8 MB/s  Total: 2886.83 GB
[ 2406.0s] IOs:    756866005  IOPS:   314576  Throughput:  1228.8 MB/s  Total: 2887.21 GB
[ 2406.3s] IOs:    756966611  IOPS:   314575  Throughput:  1228.8 MB/s  Total: 2887.60 GB
[ 2406.5s] IOs:    757066889  IOPS:   314588  Throughput:  1228.9 MB/s  Total: 2887.98 GB
[ 2406.9s] IOs:    757167835  IOPS:   314588  Throughput:  1228.9 MB/s  Total: 2888.37 GB
[ 2407.1s] IOs:    757268519  IOPS:   314597  Throughput:  1228.9 MB/s  Total: 2888.75 GB
[ 2407.4s] IOs:    757369130  IOPS:   314607  Throughput:  1228.9 MB/s  Total: 2889.13 GB
[ 2407.6s] IOs:    757469654  IOPS:   314618  Throughput:  1229.0 MB/s  Total: 2889.52 GB
[ 2407.9s] IOs:    757570418  IOPS:   314625  Throughput:  1229.0 MB/s  Total: 2889.90 GB
[ 2408.1s] IOs:    757671174  IOPS:   314638  Throughput:  1229.1 MB/s  Total: 2890.29 GB
[ 2408.5s] IOs:    757771792  IOPS:   314623  Throughput:  1229.0 MB/s  Total: 2890.67 GB
[ 2408.8s] IOs:    757872202  IOPS:   314623  Throughput:  1229.0 MB/s  Total: 2891.05 GB
[ 2409.1s] IOs:    757972435  IOPS:   314635  Throughput:  1229.0 MB/s  Total: 2891.44 GB
[ 2409.3s] IOs:    758072788  IOPS:   314647  Throughput:  1229.1 MB/s  Total: 2891.82 GB
[ 2409.5s] IOs:    758172820  IOPS:   314655  Throughput:  1229.1 MB/s  Total: 2892.20 GB
[ 2409.8s] IOs:    758273535  IOPS:   314668  Throughput:  1229.2 MB/s  Total: 2892.58 GB
[ 2410.0s] IOs:    758374398  IOPS:   314682  Throughput:  1229.2 MB/s  Total: 2892.97 GB
[ 2410.3s] IOs:    758475305  IOPS:   314686  Throughput:  1229.2 MB/s  Total: 2893.35 GB
[ 2410.5s] IOs:    758575858  IOPS:   314698  Throughput:  1229.3 MB/s  Total: 2893.74 GB
[ 2410.8s] IOs:    758676719  IOPS:   314701  Throughput:  1229.3 MB/s  Total: 2894.12 GB
[ 2411.0s] IOs:    758776999  IOPS:   314713  Throughput:  1229.3 MB/s  Total: 2894.50 GB
[ 2411.3s] IOs:    758877744  IOPS:   314722  Throughput:  1229.4 MB/s  Total: 2894.89 GB
[ 2411.5s] IOs:    758978473  IOPS:   314734  Throughput:  1229.4 MB/s  Total: 2895.27 GB
[ 2411.8s] IOs:    759079152  IOPS:   314741  Throughput:  1229.5 MB/s  Total: 2895.66 GB
[ 2412.0s] IOs:    759179764  IOPS:   314754  Throughput:  1229.5 MB/s  Total: 2896.04 GB
[ 2412.2s] IOs:    759280489  IOPS:   314762  Throughput:  1229.5 MB/s  Total: 2896.43 GB
[ 2412.5s] IOs:    759380790  IOPS:   314775  Throughput:  1229.6 MB/s  Total: 2896.81 GB
[ 2419.9s] IOs:    759480885  IOPS:   313848  Throughput:  1226.0 MB/s  Total: 2897.19 GB
[ 2420.2s] IOs:    759580963  IOPS:   313856  Throughput:  1226.0 MB/s  Total: 2897.57 GB
[ 2420.4s] IOs:    759681367  IOPS:   313868  Throughput:  1226.0 MB/s  Total: 2897.95 GB
[ 2420.8s] IOs:    759781571  IOPS:   313858  Throughput:  1226.0 MB/s  Total: 2898.34 GB
[Reader] Parsed 97000000 lines, distributed 759833186 writes, unique 720.00 GB, skipped 11713260
[ 2421.2s] IOs:    759882066  IOPS:   313848  Throughput:  1226.0 MB/s  Total: 2898.72 GB
[ 2421.4s] IOs:    759982641  IOPS:   313860  Throughput:  1226.0 MB/s  Total: 2899.10 GB
[ 2421.8s] IOs:    760083585  IOPS:   313855  Throughput:  1226.0 MB/s  Total: 2899.49 GB
[ 2422.1s] IOs:    760184127  IOPS:   313848  Throughput:  1226.0 MB/s  Total: 2899.87 GB
[ 2422.4s] IOs:    760284998  IOPS:   313856  Throughput:  1226.0 MB/s  Total: 2900.26 GB
[ 2422.8s] IOs:    760385397  IOPS:   313852  Throughput:  1226.0 MB/s  Total: 2900.64 GB
[ 2423.0s] IOs:    760485985  IOPS:   313865  Throughput:  1226.0 MB/s  Total: 2901.02 GB
[ 2423.3s] IOs:    760586700  IOPS:   313865  Throughput:  1226.0 MB/s  Total: 2901.41 GB
[ 2423.6s] IOs:    760687338  IOPS:   313868  Throughput:  1226.0 MB/s  Total: 2901.79 GB
[ 2423.8s] IOs:    760787832  IOPS:   313880  Throughput:  1226.1 MB/s  Total: 2902.18 GB
[ 2424.2s] IOs:    760888773  IOPS:   313871  Throughput:  1226.1 MB/s  Total: 2902.56 GB
[ 2424.4s] IOs:    760989292  IOPS:   313882  Throughput:  1226.1 MB/s  Total: 2902.94 GB
[ 2424.7s] IOs:    761089635  IOPS:   313895  Throughput:  1226.2 MB/s  Total: 2903.33 GB
[ 2424.9s] IOs:    761190264  IOPS:   313907  Throughput:  1226.2 MB/s  Total: 2903.71 GB
[ 2425.1s] IOs:    761291139  IOPS:   313918  Throughput:  1226.2 MB/s  Total: 2904.10 GB
[ 2425.4s] IOs:    761391816  IOPS:   313930  Throughput:  1226.3 MB/s  Total: 2904.48 GB
[ 2425.6s] IOs:    761492513  IOPS:   313938  Throughput:  1226.3 MB/s  Total: 2904.86 GB
[ 2425.8s] IOs:    761593062  IOPS:   313951  Throughput:  1226.4 MB/s  Total: 2905.25 GB
[ 2426.1s] IOs:    761694078  IOPS:   313959  Throughput:  1226.4 MB/s  Total: 2905.63 GB
[ 2426.3s] IOs:    761794936  IOPS:   313975  Throughput:  1226.5 MB/s  Total: 2906.02 GB
[ 2426.5s] IOs:    761895735  IOPS:   313988  Throughput:  1226.5 MB/s  Total: 2906.40 GB
[ 2426.8s] IOs:    761995938  IOPS:   313995  Throughput:  1226.5 MB/s  Total: 2906.78 GB
[ 2427.0s] IOs:    762096574  IOPS:   314008  Throughput:  1226.6 MB/s  Total: 2907.17 GB
[ 2427.2s] IOs:    762197469  IOPS:   314022  Throughput:  1226.6 MB/s  Total: 2907.55 GB
[ 2427.4s] IOs:    762298063  IOPS:   314036  Throughput:  1226.7 MB/s  Total: 2907.94 GB
[ 2427.7s] IOs:    762398632  IOPS:   314046  Throughput:  1226.7 MB/s  Total: 2908.32 GB
[ 2427.8s] IOs:    762499349  IOPS:   314065  Throughput:  1226.8 MB/s  Total: 2908.70 GB
[ 2428.1s] IOs:    762600200  IOPS:   314073  Throughput:  1226.8 MB/s  Total: 2909.09 GB
[ 2428.3s] IOs:    762700700  IOPS:   314090  Throughput:  1226.9 MB/s  Total: 2909.47 GB
[ 2428.5s] IOs:    762801100  IOPS:   314108  Throughput:  1227.0 MB/s  Total: 2909.86 GB
[ 2428.7s] IOs:    762901683  IOPS:   314120  Throughput:  1227.0 MB/s  Total: 2910.24 GB
[ 2429.0s] IOs:    763002090  IOPS:   314120  Throughput:  1227.0 MB/s  Total: 2910.62 GB
[ 2429.2s] IOs:    763102403  IOPS:   314138  Throughput:  1227.1 MB/s  Total: 2911.00 GB
[ 2429.4s] IOs:    763202916  IOPS:   314157  Throughput:  1227.2 MB/s  Total: 2911.39 GB
[ 2429.7s] IOs:    763303552  IOPS:   314156  Throughput:  1227.2 MB/s  Total: 2911.77 GB
[ 2429.9s] IOs:    763404269  IOPS:   314176  Throughput:  1227.3 MB/s  Total: 2912.16 GB
[ 2430.2s] IOs:    763504986  IOPS:   314178  Throughput:  1227.3 MB/s  Total: 2912.54 GB
[ 2430.4s] IOs:    763605745  IOPS:   314192  Throughput:  1227.3 MB/s  Total: 2912.92 GB
[ 2430.6s] IOs:    763706656  IOPS:   314201  Throughput:  1227.3 MB/s  Total: 2913.31 GB
[ 2430.8s] IOs:    763807163  IOPS:   314219  Throughput:  1227.4 MB/s  Total: 2913.69 GB
[ 2431.0s] IOs:    763907763  IOPS:   314237  Throughput:  1227.5 MB/s  Total: 2914.08 GB
[ 2431.4s] IOs:    764008375  IOPS:   314226  Throughput:  1227.4 MB/s  Total: 2914.46 GB
[ 2431.6s] IOs:    764109353  IOPS:   314242  Throughput:  1227.5 MB/s  Total: 2914.85 GB
[ 2431.8s] IOs:    764210180  IOPS:   314259  Throughput:  1227.6 MB/s  Total: 2915.23 GB
[ 2432.0s] IOs:    764310613  IOPS:   314275  Throughput:  1227.6 MB/s  Total: 2915.61 GB
[ 2432.2s] IOs:    764411089  IOPS:   314283  Throughput:  1227.7 MB/s  Total: 2916.00 GB
[ 2432.4s] IOs:    764511856  IOPS:   314301  Throughput:  1227.7 MB/s  Total: 2916.38 GB
[ 2432.6s] IOs:    764612549  IOPS:   314319  Throughput:  1227.8 MB/s  Total: 2916.77 GB
[ 2432.8s] IOs:    764712951  IOPS:   314337  Throughput:  1227.9 MB/s  Total: 2917.15 GB
[ 2433.0s] IOs:    764813644  IOPS:   314355  Throughput:  1228.0 MB/s  Total: 2917.53 GB
[ 2433.2s] IOs:    764914431  IOPS:   314360  Throughput:  1228.0 MB/s  Total: 2917.92 GB
[ 2433.5s] IOs:    765014826  IOPS:   314374  Throughput:  1228.0 MB/s  Total: 2918.30 GB
[ 2433.7s] IOs:    765115423  IOPS:   314384  Throughput:  1228.1 MB/s  Total: 2918.68 GB
[ 2433.9s] IOs:    765215538  IOPS:   314403  Throughput:  1228.1 MB/s  Total: 2919.07 GB
[ 2434.1s] IOs:    765315776  IOPS:   314416  Throughput:  1228.2 MB/s  Total: 2919.45 GB
[ 2434.3s] IOs:    765416408  IOPS:   314435  Throughput:  1228.3 MB/s  Total: 2919.83 GB
[ 2434.4s] IOs:    765517136  IOPS:   314453  Throughput:  1228.3 MB/s  Total: 2920.22 GB
[ 2434.7s] IOs:    765617747  IOPS:   314461  Throughput:  1228.4 MB/s  Total: 2920.60 GB
[ 2434.9s] IOs:    765718191  IOPS:   314480  Throughput:  1228.4 MB/s  Total: 2920.98 GB
[ 2435.1s] IOs:    765819096  IOPS:   314497  Throughput:  1228.5 MB/s  Total: 2921.37 GB
[ 2435.2s] IOs:    765919990  IOPS:   314514  Throughput:  1228.6 MB/s  Total: 2921.75 GB
[ 2435.4s] IOs:    766020416  IOPS:   314531  Throughput:  1228.6 MB/s  Total: 2922.14 GB
[ 2435.6s] IOs:    766121073  IOPS:   314548  Throughput:  1228.7 MB/s  Total: 2922.52 GB
[ 2435.8s] IOs:    766221096  IOPS:   314562  Throughput:  1228.8 MB/s  Total: 2922.90 GB
[ 2436.0s] IOs:    766321112  IOPS:   314579  Throughput:  1228.8 MB/s  Total: 2923.28 GB
[ 2436.2s] IOs:    766421737  IOPS:   314597  Throughput:  1228.9 MB/s  Total: 2923.67 GB
[ 2436.4s] IOs:    766521926  IOPS:   314612  Throughput:  1229.0 MB/s  Total: 2924.05 GB
[ 2436.6s] IOs:    766622301  IOPS:   314629  Throughput:  1229.0 MB/s  Total: 2924.43 GB
[ 2436.8s] IOs:    766722991  IOPS:   314647  Throughput:  1229.1 MB/s  Total: 2924.82 GB
[ 2437.0s] IOs:    766823501  IOPS:   314663  Throughput:  1229.2 MB/s  Total: 2925.20 GB
[ 2437.2s] IOs:    766924123  IOPS:   314680  Throughput:  1229.2 MB/s  Total: 2925.58 GB
[ 2437.3s] IOs:    767024987  IOPS:   314698  Throughput:  1229.3 MB/s  Total: 2925.97 GB
[ 2437.5s] IOs:    767125439  IOPS:   314716  Throughput:  1229.4 MB/s  Total: 2926.35 GB
[ 2437.7s] IOs:    767225465  IOPS:   314733  Throughput:  1229.4 MB/s  Total: 2926.73 GB
[ 2437.9s] IOs:    767325828  IOPS:   314747  Throughput:  1229.5 MB/s  Total: 2927.12 GB
[ 2438.1s] IOs:    767426638  IOPS:   314764  Throughput:  1229.5 MB/s  Total: 2927.50 GB
[ 2438.3s] IOs:    767527470  IOPS:   314781  Throughput:  1229.6 MB/s  Total: 2927.88 GB
[ 2438.5s] IOs:    767628295  IOPS:   314800  Throughput:  1229.7 MB/s  Total: 2928.27 GB
[ 2438.7s] IOs:    767728660  IOPS:   314816  Throughput:  1229.8 MB/s  Total: 2928.65 GB
[ 2438.8s] IOs:    767828728  IOPS:   314833  Throughput:  1229.8 MB/s  Total: 2929.03 GB
[ 2439.0s] IOs:    767929649  IOPS:   314851  Throughput:  1229.9 MB/s  Total: 2929.42 GB
[ 2439.4s] IOs:    768030222  IOPS:   314845  Throughput:  1229.9 MB/s  Total: 2929.80 GB
[ 2439.6s] IOs:    768130799  IOPS:   314864  Throughput:  1229.9 MB/s  Total: 2930.19 GB
[ 2439.7s] IOs:    768231503  IOPS:   314882  Throughput:  1230.0 MB/s  Total: 2930.57 GB
[ 2439.9s] IOs:    768332149  IOPS:   314901  Throughput:  1230.1 MB/s  Total: 2930.95 GB
[ 2440.2s] IOs:    768432679  IOPS:   314903  Throughput:  1230.1 MB/s  Total: 2931.34 GB
[ 2440.4s] IOs:    768533280  IOPS:   314920  Throughput:  1230.2 MB/s  Total: 2931.72 GB
[ 2440.7s] IOs:    768634085  IOPS:   314924  Throughput:  1230.2 MB/s  Total: 2932.11 GB
[ 2440.9s] IOs:    768734963  IOPS:   314938  Throughput:  1230.2 MB/s  Total: 2932.49 GB
[ 2441.2s] IOs:    768835274  IOPS:   314945  Throughput:  1230.3 MB/s  Total: 2932.87 GB
[ 2441.4s] IOs:    768935632  IOPS:   314963  Throughput:  1230.3 MB/s  Total: 2933.26 GB
[ 2441.6s] IOs:    769036097  IOPS:   314974  Throughput:  1230.4 MB/s  Total: 2933.64 GB
[ 2441.8s] IOs:    769136884  IOPS:   314992  Throughput:  1230.4 MB/s  Total: 2934.02 GB
[ 2441.9s] IOs:    769237623  IOPS:   315011  Throughput:  1230.5 MB/s  Total: 2934.41 GB
[ 2442.2s] IOs:    769338548  IOPS:   315021  Throughput:  1230.6 MB/s  Total: 2934.79 GB
[ 2442.4s] IOs:    769439236  IOPS:   315040  Throughput:  1230.6 MB/s  Total: 2935.18 GB
[ 2442.6s] IOs:    769539664  IOPS:   315044  Throughput:  1230.6 MB/s  Total: 2935.56 GB
[ 2442.8s] IOs:    769640163  IOPS:   315063  Throughput:  1230.7 MB/s  Total: 2935.94 GB
[Reader] Parsed 98000000 lines, distributed 769653896 writes, unique 720.00 GB, skipped 12968040
[ 2443.0s] IOs:    769740646  IOPS:   315081  Throughput:  1230.8 MB/s  Total: 2936.33 GB
[ 2443.2s] IOs:    769840766  IOPS:   315093  Throughput:  1230.8 MB/s  Total: 2936.71 GB
[ 2443.4s] IOs:    769941716  IOPS:   315112  Throughput:  1230.9 MB/s  Total: 2937.09 GB
[ 2443.6s] IOs:    770042473  IOPS:   315128  Throughput:  1231.0 MB/s  Total: 2937.48 GB
[ 2444.1s] IOs:    770142632  IOPS:   315109  Throughput:  1230.9 MB/s  Total: 2937.86 GB
[ 2444.3s] IOs:    770243062  IOPS:   315124  Throughput:  1231.0 MB/s  Total: 2938.24 GB
[ 2444.7s] IOs:    770343659  IOPS:   315102  Throughput:  1230.9 MB/s  Total: 2938.63 GB
[ 2445.2s] IOs:    770444426  IOPS:   315089  Throughput:  1230.8 MB/s  Total: 2939.01 GB
[ 2445.3s] IOs:    770544896  IOPS:   315107  Throughput:  1230.9 MB/s  Total: 2939.40 GB
[ 2445.8s] IOs:    770645410  IOPS:   315089  Throughput:  1230.8 MB/s  Total: 2939.78 GB
[ 2446.1s] IOs:    770746211  IOPS:   315086  Throughput:  1230.8 MB/s  Total: 2940.16 GB
[ 2446.3s] IOs:    770846671  IOPS:   315103  Throughput:  1230.9 MB/s  Total: 2940.55 GB
[ 2446.8s] IOs:    770947044  IOPS:   315084  Throughput:  1230.8 MB/s  Total: 2940.93 GB
[ 2447.3s] IOs:    771047653  IOPS:   315063  Throughput:  1230.7 MB/s  Total: 2941.31 GB
[ 2447.5s] IOs:    771148514  IOPS:   315081  Throughput:  1230.8 MB/s  Total: 2941.70 GB
[ 2447.8s] IOs:    771249268  IOPS:   315083  Throughput:  1230.8 MB/s  Total: 2942.08 GB
[ 2448.2s] IOs:    771350013  IOPS:   315067  Throughput:  1230.7 MB/s  Total: 2942.47 GB
[ 2448.4s] IOs:    771450763  IOPS:   315085  Throughput:  1230.8 MB/s  Total: 2942.85 GB
[ 2448.7s] IOs:    771551454  IOPS:   315086  Throughput:  1230.8 MB/s  Total: 2943.24 GB
[ 2448.9s] IOs:    771652276  IOPS:   315104  Throughput:  1230.9 MB/s  Total: 2943.62 GB
[ 2449.5s] IOs:    771753126  IOPS:   315071  Throughput:  1230.7 MB/s  Total: 2944.00 GB
[ 2449.7s] IOs:    771853493  IOPS:   315084  Throughput:  1230.8 MB/s  Total: 2944.39 GB
[ 2450.1s] IOs:    771953861  IOPS:   315072  Throughput:  1230.8 MB/s  Total: 2944.77 GB
[ 2450.3s] IOs:    772054462  IOPS:   315082  Throughput:  1230.8 MB/s  Total: 2945.15 GB
[ 2450.7s] IOs:    772155057  IOPS:   315079  Throughput:  1230.8 MB/s  Total: 2945.54 GB
[ 2450.9s] IOs:    772255783  IOPS:   315096  Throughput:  1230.8 MB/s  Total: 2945.92 GB
[ 2451.3s] IOs:    772356498  IOPS:   315081  Throughput:  1230.8 MB/s  Total: 2946.31 GB
[ 2451.6s] IOs:    772457011  IOPS:   315081  Throughput:  1230.8 MB/s  Total: 2946.69 GB
[ 2451.8s] IOs:    772557891  IOPS:   315099  Throughput:  1230.9 MB/s  Total: 2947.07 GB
[ 2452.2s] IOs:    772657942  IOPS:   315082  Throughput:  1230.8 MB/s  Total: 2947.46 GB
[ 2452.4s] IOs:    772757950  IOPS:   315099  Throughput:  1230.9 MB/s  Total: 2947.84 GB
[ 2452.7s] IOs:    772858567  IOPS:   315101  Throughput:  1230.9 MB/s  Total: 2948.22 GB
[ 2453.1s] IOs:    772959102  IOPS:   315096  Throughput:  1230.8 MB/s  Total: 2948.60 GB
[ 2453.3s] IOs:    773059434  IOPS:   315114  Throughput:  1230.9 MB/s  Total: 2948.99 GB
[ 2453.6s] IOs:    773160087  IOPS:   315110  Throughput:  1230.9 MB/s  Total: 2949.37 GB
[ 2453.8s] IOs:    773260834  IOPS:   315127  Throughput:  1231.0 MB/s  Total: 2949.76 GB
[ 2454.1s] IOs:    773361307  IOPS:   315127  Throughput:  1231.0 MB/s  Total: 2950.14 GB
[ 2454.5s] IOs:    773461641  IOPS:   315120  Throughput:  1230.9 MB/s  Total: 2950.52 GB
[ 2454.7s] IOs:    773562132  IOPS:   315138  Throughput:  1231.0 MB/s  Total: 2950.91 GB
[ 2454.9s] IOs:    773662621  IOPS:   315156  Throughput:  1231.1 MB/s  Total: 2951.29 GB
[ 2455.2s] IOs:    773762684  IOPS:   315148  Throughput:  1231.0 MB/s  Total: 2951.67 GB
[ 2455.4s] IOs:    773863581  IOPS:   315165  Throughput:  1231.1 MB/s  Total: 2952.06 GB
[ 2455.8s] IOs:    773963681  IOPS:   315160  Throughput:  1231.1 MB/s  Total: 2952.44 GB
[ 2456.1s] IOs:    774064068  IOPS:   315161  Throughput:  1231.1 MB/s  Total: 2952.82 GB
[ 2456.3s] IOs:    774164494  IOPS:   315178  Throughput:  1231.2 MB/s  Total: 2953.20 GB
[ 2456.6s] IOs:    774264964  IOPS:   315176  Throughput:  1231.2 MB/s  Total: 2953.59 GB
[ 2456.8s] IOs:    774365739  IOPS:   315192  Throughput:  1231.2 MB/s  Total: 2953.97 GB
[ 2457.1s] IOs:    774465962  IOPS:   315193  Throughput:  1231.2 MB/s  Total: 2954.35 GB
[ 2457.3s] IOs:    774566910  IOPS:   315210  Throughput:  1231.3 MB/s  Total: 2954.74 GB
[ 2457.6s] IOs:    774667525  IOPS:   315212  Throughput:  1231.3 MB/s  Total: 2955.12 GB
[ 2457.8s] IOs:    774768050  IOPS:   315229  Throughput:  1231.4 MB/s  Total: 2955.51 GB
[ 2458.0s] IOs:    774868763  IOPS:   315246  Throughput:  1231.4 MB/s  Total: 2955.89 GB
[ 2458.3s] IOs:    774969599  IOPS:   315249  Throughput:  1231.4 MB/s  Total: 2956.27 GB
[ 2458.5s] IOs:    775069800  IOPS:   315261  Throughput:  1231.5 MB/s  Total: 2956.66 GB
[ 2458.7s] IOs:    775170255  IOPS:   315276  Throughput:  1231.5 MB/s  Total: 2957.04 GB
[ 2458.9s] IOs:    775270291  IOPS:   315293  Throughput:  1231.6 MB/s  Total: 2957.42 GB
[ 2459.1s] IOs:    775370798  IOPS:   315303  Throughput:  1231.7 MB/s  Total: 2957.80 GB
[ 2459.3s] IOs:    775471327  IOPS:   315319  Throughput:  1231.7 MB/s  Total: 2958.19 GB
[ 2459.5s] IOs:    775571410  IOPS:   315336  Throughput:  1231.8 MB/s  Total: 2958.57 GB
[ 2459.7s] IOs:    775672120  IOPS:   315350  Throughput:  1231.8 MB/s  Total: 2958.95 GB
[ 2460.1s] IOs:    775772794  IOPS:   315343  Throughput:  1231.8 MB/s  Total: 2959.34 GB
[ 2460.3s] IOs:    775873451  IOPS:   315361  Throughput:  1231.9 MB/s  Total: 2959.72 GB
[ 2460.6s] IOs:    775974009  IOPS:   315356  Throughput:  1231.9 MB/s  Total: 2960.11 GB
[ 2460.8s] IOs:    776074143  IOPS:   315375  Throughput:  1231.9 MB/s  Total: 2960.49 GB
[ 2461.1s] IOs:    776174483  IOPS:   315371  Throughput:  1231.9 MB/s  Total: 2960.87 GB
[ 2461.3s] IOs:    776275111  IOPS:   315390  Throughput:  1232.0 MB/s  Total: 2961.25 GB
[ 2461.7s] IOs:    776375149  IOPS:   315388  Throughput:  1232.0 MB/s  Total: 2961.64 GB
[ 2461.8s] IOs:    776475873  IOPS:   315406  Throughput:  1232.1 MB/s  Total: 2962.02 GB
[ 2462.1s] IOs:    776576321  IOPS:   315408  Throughput:  1232.1 MB/s  Total: 2962.40 GB
[ 2462.3s] IOs:    776676516  IOPS:   315424  Throughput:  1232.1 MB/s  Total: 2962.79 GB
[ 2462.6s] IOs:    776776882  IOPS:   315430  Throughput:  1232.1 MB/s  Total: 2963.17 GB
[ 2462.8s] IOs:    776877306  IOPS:   315446  Throughput:  1232.2 MB/s  Total: 2963.55 GB
[ 2463.0s] IOs:    776978170  IOPS:   315464  Throughput:  1232.3 MB/s  Total: 2963.94 GB
[ 2468.8s] IOs:    777079149  IOPS:   314759  Throughput:  1229.5 MB/s  Total: 2964.32 GB
[ 2469.0s] IOs:    777180028  IOPS:   314769  Throughput:  1229.6 MB/s  Total: 2964.71 GB
[ 2469.3s] IOs:    777280642  IOPS:   314784  Throughput:  1229.6 MB/s  Total: 2965.09 GB
[ 2469.6s] IOs:    777381154  IOPS:   314776  Throughput:  1229.6 MB/s  Total: 2965.47 GB
[ 2469.9s] IOs:    777481607  IOPS:   314789  Throughput:  1229.6 MB/s  Total: 2965.86 GB
[ 2470.2s] IOs:    777581871  IOPS:   314788  Throughput:  1229.6 MB/s  Total: 2966.24 GB
[ 2470.4s] IOs:    777682377  IOPS:   314803  Throughput:  1229.7 MB/s  Total: 2966.62 GB
[ 2470.7s] IOs:    777782844  IOPS:   314806  Throughput:  1229.7 MB/s  Total: 2967.01 GB
[ 2470.9s] IOs:    777883551  IOPS:   314819  Throughput:  1229.8 MB/s  Total: 2967.39 GB
[ 2471.2s] IOs:    777984012  IOPS:   314818  Throughput:  1229.8 MB/s  Total: 2967.77 GB
[ 2471.4s] IOs:    778084760  IOPS:   314832  Throughput:  1229.8 MB/s  Total: 2968.16 GB
[ 2471.8s] IOs:    778185408  IOPS:   314829  Throughput:  1229.8 MB/s  Total: 2968.54 GB
[ 2472.0s] IOs:    778286067  IOPS:   314841  Throughput:  1229.8 MB/s  Total: 2968.93 GB
[ 2472.2s] IOs:    778386374  IOPS:   314853  Throughput:  1229.9 MB/s  Total: 2969.31 GB
[ 2472.4s] IOs:    778486612  IOPS:   314867  Throughput:  1229.9 MB/s  Total: 2969.69 GB
[ 2473.8s] IOs:    778587342  IOPS:   314729  Throughput:  1229.4 MB/s  Total: 2970.08 GB
[ 2474.7s] IOs:    778687810  IOPS:   314658  Throughput:  1229.1 MB/s  Total: 2970.46 GB
[ 2475.3s] IOs:    778788698  IOPS:   314620  Throughput:  1229.0 MB/s  Total: 2970.84 GB
[ 2475.9s] IOs:    778889161  IOPS:   314582  Throughput:  1228.8 MB/s  Total: 2971.23 GB
[Reader] Parsed 99000000 lines, distributed 778957289 writes, unique 720.00 GB, skipped 14540514
[ 2477.0s] IOs:    778989976  IOPS:   314495  Throughput:  1228.5 MB/s  Total: 2971.61 GB
[ 2477.3s] IOs:    779090544  IOPS:   314488  Throughput:  1228.5 MB/s  Total: 2971.99 GB
[ 2477.9s] IOs:    779191248  IOPS:   314458  Throughput:  1228.4 MB/s  Total: 2972.38 GB
[ 2478.5s] IOs:    779292020  IOPS:   314421  Throughput:  1228.2 MB/s  Total: 2972.76 GB
[ 2479.0s] IOs:    779392693  IOPS:   314400  Throughput:  1228.1 MB/s  Total: 2973.15 GB
[ 2479.5s] IOs:    779493007  IOPS:   314381  Throughput:  1228.1 MB/s  Total: 2973.53 GB
[ 2480.1s] IOs:    779593826  IOPS:   314344  Throughput:  1227.9 MB/s  Total: 2973.91 GB
[ 2480.4s] IOs:    779694152  IOPS:   314341  Throughput:  1227.9 MB/s  Total: 2974.30 GB
[ 2481.0s] IOs:    779794889  IOPS:   314302  Throughput:  1227.7 MB/s  Total: 2974.68 GB
[ 2481.4s] IOs:    779895749  IOPS:   314300  Throughput:  1227.7 MB/s  Total: 2975.07 GB
[ 2481.9s] IOs:    779996425  IOPS:   314271  Throughput:  1227.6 MB/s  Total: 2975.45 GB
[ 2482.3s] IOs:    780096731  IOPS:   314270  Throughput:  1227.6 MB/s  Total: 2975.83 GB
[ 2482.5s] IOs:    780197394  IOPS:   314279  Throughput:  1227.7 MB/s  Total: 2976.22 GB
[ 2483.1s] IOs:    780298392  IOPS:   314250  Throughput:  1227.5 MB/s  Total: 2976.60 GB
[ 2483.4s] IOs:    780399058  IOPS:   314249  Throughput:  1227.5 MB/s  Total: 2976.99 GB
[ 2483.8s] IOs:    780499790  IOPS:   314233  Throughput:  1227.5 MB/s  Total: 2977.37 GB
[ 2484.1s] IOs:    780600107  IOPS:   314240  Throughput:  1227.5 MB/s  Total: 2977.75 GB
[ 2484.4s] IOs:    780700617  IOPS:   314240  Throughput:  1227.5 MB/s  Total: 2978.14 GB
[ 2484.8s] IOs:    780801469  IOPS:   314225  Throughput:  1227.4 MB/s  Total: 2978.52 GB
[ 2485.1s] IOs:    780902158  IOPS:   314234  Throughput:  1227.5 MB/s  Total: 2978.91 GB
[ 2485.4s] IOs:    781003019  IOPS:   314236  Throughput:  1227.5 MB/s  Total: 2979.29 GB
[ 2485.9s] IOs:    781103782  IOPS:   314214  Throughput:  1227.4 MB/s  Total: 2979.67 GB
[ 2486.3s] IOs:    781204421  IOPS:   314199  Throughput:  1227.3 MB/s  Total: 2980.06 GB
[ 2486.7s] IOs:    781305029  IOPS:   314190  Throughput:  1227.3 MB/s  Total: 2980.44 GB
[ 2487.1s] IOs:    781405878  IOPS:   314180  Throughput:  1227.3 MB/s  Total: 2980.83 GB
[ 2487.4s] IOs:    781506196  IOPS:   314192  Throughput:  1227.3 MB/s  Total: 2981.21 GB
[ 2487.8s] IOs:    781606739  IOPS:   314180  Throughput:  1227.3 MB/s  Total: 2981.59 GB
[ 2488.0s] IOs:    781707209  IOPS:   314191  Throughput:  1227.3 MB/s  Total: 2981.98 GB
[ 2488.3s] IOs:    781807938  IOPS:   314188  Throughput:  1227.3 MB/s  Total: 2982.36 GB
[ 2488.8s] IOs:    781907955  IOPS:   314175  Throughput:  1227.2 MB/s  Total: 2982.74 GB
[ 2489.0s] IOs:    782007958  IOPS:   314185  Throughput:  1227.3 MB/s  Total: 2983.12 GB
[ 2489.3s] IOs:    782108235  IOPS:   314182  Throughput:  1227.3 MB/s  Total: 2983.51 GB
[ 2489.6s] IOs:    782208582  IOPS:   314193  Throughput:  1227.3 MB/s  Total: 2983.89 GB
[ 2490.0s] IOs:    782309373  IOPS:   314186  Throughput:  1227.3 MB/s  Total: 2984.27 GB
[ 2490.3s] IOs:    782410007  IOPS:   314187  Throughput:  1227.3 MB/s  Total: 2984.66 GB
[ 2490.5s] IOs:    782510108  IOPS:   314198  Throughput:  1227.3 MB/s  Total: 2985.04 GB
[ 2491.0s] IOs:    782610584  IOPS:   314179  Throughput:  1227.3 MB/s  Total: 2985.42 GB
[ 2491.2s] IOs:    782711475  IOPS:   314192  Throughput:  1227.3 MB/s  Total: 2985.81 GB
[ 2491.4s] IOs:    782812198  IOPS:   314206  Throughput:  1227.4 MB/s  Total: 2986.19 GB
[ 2491.9s] IOs:    782912787  IOPS:   314186  Throughput:  1227.3 MB/s  Total: 2986.58 GB
[ 2492.2s] IOs:    783013352  IOPS:   314191  Throughput:  1227.3 MB/s  Total: 2986.96 GB
[ 2492.4s] IOs:    783114052  IOPS:   314204  Throughput:  1227.4 MB/s  Total: 2987.34 GB
[ 2492.8s] IOs:    783214798  IOPS:   314191  Throughput:  1227.3 MB/s  Total: 2987.73 GB
[ 2493.1s] IOs:    783315041  IOPS:   314194  Throughput:  1227.3 MB/s  Total: 2988.11 GB
[ 2493.4s] IOs:    783415575  IOPS:   314201  Throughput:  1227.3 MB/s  Total: 2988.49 GB
[ 2493.7s] IOs:    783516359  IOPS:   314193  Throughput:  1227.3 MB/s  Total: 2988.88 GB
[ 2494.2s] IOs:    783616653  IOPS:   314170  Throughput:  1227.2 MB/s  Total: 2989.26 GB
[ 2494.7s] IOs:    783716683  IOPS:   314149  Throughput:  1227.1 MB/s  Total: 2989.64 GB
[ 2495.0s] IOs:    783817289  IOPS:   314157  Throughput:  1227.2 MB/s  Total: 2990.03 GB
[ 2495.6s] IOs:    783918279  IOPS:   314124  Throughput:  1227.0 MB/s  Total: 2990.41 GB
[ 2495.9s] IOs:    784019227  IOPS:   314118  Throughput:  1227.0 MB/s  Total: 2990.80 GB
[ 2496.5s] IOs:    784119306  IOPS:   314085  Throughput:  1226.9 MB/s  Total: 2991.18 GB
[ 2496.8s] IOs:    784219956  IOPS:   314091  Throughput:  1226.9 MB/s  Total: 2991.56 GB
[ 2497.2s] IOs:    784320718  IOPS:   314078  Throughput:  1226.9 MB/s  Total: 2991.95 GB
[ 2497.5s] IOs:    784421666  IOPS:   314082  Throughput:  1226.9 MB/s  Total: 2992.33 GB
[ 2497.9s] IOs:    784522357  IOPS:   314078  Throughput:  1226.9 MB/s  Total: 2992.72 GB
[ 2498.3s] IOs:    784623192  IOPS:   314069  Throughput:  1226.8 MB/s  Total: 2993.10 GB
[ 2498.5s] IOs:    784723554  IOPS:   314080  Throughput:  1226.9 MB/s  Total: 2993.48 GB
[ 2499.1s] IOs:    784824226  IOPS:   314049  Throughput:  1226.8 MB/s  Total: 2993.87 GB
[ 2502.8s] IOs:    784924899  IOPS:   313615  Throughput:  1225.1 MB/s  Total: 2994.25 GB
[ 2503.3s] IOs:    785025862  IOPS:   313597  Throughput:  1225.0 MB/s  Total: 2994.64 GB
[ 2503.9s] IOs:    785126529  IOPS:   313563  Throughput:  1224.9 MB/s  Total: 2995.02 GB
[ 2504.3s] IOs:    785226915  IOPS:   313553  Throughput:  1224.8 MB/s  Total: 2995.40 GB
[ 2504.7s] IOs:    785327368  IOPS:   313538  Throughput:  1224.8 MB/s  Total: 2995.79 GB
[ 2505.2s] IOs:    785427939  IOPS:   313522  Throughput:  1224.7 MB/s  Total: 2996.17 GB
[ 2505.5s] IOs:    785528775  IOPS:   313519  Throughput:  1224.7 MB/s  Total: 2996.55 GB
[ 2505.9s] IOs:    785629524  IOPS:   313517  Throughput:  1224.7 MB/s  Total: 2996.94 GB
[ 2506.3s] IOs:    785729903  IOPS:   313498  Throughput:  1224.6 MB/s  Total: 2997.32 GB
[ 2506.7s] IOs:    785830689  IOPS:   313498  Throughput:  1224.6 MB/s  Total: 2997.71 GB
[ 2506.9s] IOs:    785931529  IOPS:   313504  Throughput:  1224.6 MB/s  Total: 2998.09 GB
[ 2507.3s] IOs:    786031575  IOPS:   313501  Throughput:  1224.6 MB/s  Total: 2998.47 GB
[ 2507.7s] IOs:    786132544  IOPS:   313484  Throughput:  1224.5 MB/s  Total: 2998.86 GB
[ 2508.3s] IOs:    786233577  IOPS:   313459  Throughput:  1224.4 MB/s  Total: 2999.24 GB
[ 2508.5s] IOs:    786333989  IOPS:   313466  Throughput:  1224.5 MB/s  Total: 2999.63 GB
[ 2517.7s] IOs:    786434343  IOPS:   312365  Throughput:  1220.2 MB/s  Total: 3000.01 GB
[ 2518.2s] IOs:    786535134  IOPS:   312344  Throughput:  1220.1 MB/s  Total: 3000.39 GB
[ 2518.7s] IOs:    786635649  IOPS:   312318  Throughput:  1220.0 MB/s  Total: 3000.78 GB
[ 2519.2s] IOs:    786736294  IOPS:   312293  Throughput:  1219.9 MB/s  Total: 3001.16 GB
[ 2519.7s] IOs:    786836992  IOPS:   312270  Throughput:  1219.8 MB/s  Total: 3001.54 GB
[ 2520.2s] IOs:    786937843  IOPS:   312251  Throughput:  1219.7 MB/s  Total: 3001.93 GB
[ 2520.7s] IOs:    787038840  IOPS:   312226  Throughput:  1219.6 MB/s  Total: 3002.31 GB
[ 2521.7s] IOs:    787139152  IOPS:   312147  Throughput:  1219.3 MB/s  Total: 3002.70 GB
[ 2522.4s] IOs:    787240131  IOPS:   312103  Throughput:  1219.2 MB/s  Total: 3003.08 GB
[ 2522.8s] IOs:    787340654  IOPS:   312091  Throughput:  1219.1 MB/s  Total: 3003.47 GB
[ 2523.4s] IOs:    787441238  IOPS:   312060  Throughput:  1219.0 MB/s  Total: 3003.85 GB
[Reader] Parsed 100000000 lines, distributed 787481259 writes, unique 720.00 GB, skipped 16005989
[ 2524.1s] IOs:    787541319  IOPS:   312004  Throughput:  1218.8 MB/s  Total: 3004.23 GB
[ 2524.7s] IOs:    787642245  IOPS:   311979  Throughput:  1218.7 MB/s  Total: 3004.62 GB
[ 2525.1s] IOs:    787743189  IOPS:   311961  Throughput:  1218.6 MB/s  Total: 3005.00 GB
[ 2525.6s] IOs:    787843631  IOPS:   311937  Throughput:  1218.5 MB/s  Total: 3005.38 GB
[ 2525.9s] IOs:    787944070  IOPS:   311944  Throughput:  1218.5 MB/s  Total: 3005.77 GB
[ 2526.4s] IOs:    788044705  IOPS:   311922  Throughput:  1218.4 MB/s  Total: 3006.15 GB
[ 2526.9s] IOs:    788145538  IOPS:   311898  Throughput:  1218.4 MB/s  Total: 3006.54 GB
[ 2527.3s] IOs:    788246400  IOPS:   311895  Throughput:  1218.3 MB/s  Total: 3006.92 GB
[ 2528.0s] IOs:    788347271  IOPS:   311843  Throughput:  1218.1 MB/s  Total: 3007.31 GB
[ 2528.3s] IOs:    788447585  IOPS:   311854  Throughput:  1218.2 MB/s  Total: 3007.69 GB
[ 2528.9s] IOs:    788548352  IOPS:   311818  Throughput:  1218.0 MB/s  Total: 3008.07 GB
[ 2529.3s] IOs:    788649098  IOPS:   311810  Throughput:  1218.0 MB/s  Total: 3008.46 GB
[ 2529.8s] IOs:    788749273  IOPS:   311785  Throughput:  1217.9 MB/s  Total: 3008.84 GB
[ 2530.2s] IOs:    788849370  IOPS:   311768  Throughput:  1217.8 MB/s  Total: 3009.22 GB
[ 2530.7s] IOs:    788950037  IOPS:   311752  Throughput:  1217.8 MB/s  Total: 3009.61 GB
[ 2530.9s] IOs:    789050181  IOPS:   311764  Throughput:  1217.8 MB/s  Total: 3009.99 GB
[ 2531.4s] IOs:    789150305  IOPS:   311744  Throughput:  1217.7 MB/s  Total: 3010.37 GB
[ 2531.8s] IOs:    789251196  IOPS:   311738  Throughput:  1217.7 MB/s  Total: 3010.75 GB
[ 2532.4s] IOs:    789351303  IOPS:   311703  Throughput:  1217.6 MB/s  Total: 3011.14 GB
[ 2532.6s] IOs:    789451878  IOPS:   311715  Throughput:  1217.6 MB/s  Total: 3011.52 GB
[ 2532.8s] IOs:    789552413  IOPS:   311726  Throughput:  1217.7 MB/s  Total: 3011.90 GB
[ 2533.3s] IOs:    789653141  IOPS:   311711  Throughput:  1217.6 MB/s  Total: 3012.29 GB
[ 2533.5s] IOs:    789754096  IOPS:   311723  Throughput:  1217.7 MB/s  Total: 3012.67 GB
[ 2533.9s] IOs:    789855039  IOPS:   311718  Throughput:  1217.6 MB/s  Total: 3013.06 GB
[ 2534.3s] IOs:    789955603  IOPS:   311712  Throughput:  1217.6 MB/s  Total: 3013.44 GB
[ 2534.5s] IOs:    790056217  IOPS:   311721  Throughput:  1217.7 MB/s  Total: 3013.83 GB
[ 2534.8s] IOs:    790156798  IOPS:   311718  Throughput:  1217.6 MB/s  Total: 3014.21 GB
[ 2535.2s] IOs:    790257591  IOPS:   311713  Throughput:  1217.6 MB/s  Total: 3014.59 GB
[ 2535.4s] IOs:    790358413  IOPS:   311724  Throughput:  1217.7 MB/s  Total: 3014.98 GB
[ 2535.8s] IOs:    790458805  IOPS:   311724  Throughput:  1217.7 MB/s  Total: 3015.36 GB
[ 2536.0s] IOs:    790559123  IOPS:   311733  Throughput:  1217.7 MB/s  Total: 3015.74 GB
[ 2536.3s] IOs:    790659844  IOPS:   311736  Throughput:  1217.7 MB/s  Total: 3016.13 GB
[ 2536.6s] IOs:    790760572  IOPS:   311743  Throughput:  1217.7 MB/s  Total: 3016.51 GB
[ 2536.9s] IOs:    790861339  IOPS:   311745  Throughput:  1217.8 MB/s  Total: 3016.90 GB
[ 2537.1s] IOs:    790962057  IOPS:   311757  Throughput:  1217.8 MB/s  Total: 3017.28 GB
[ 2537.4s] IOs:    791062408  IOPS:   311765  Throughput:  1217.8 MB/s  Total: 3017.66 GB
[ 2537.8s] IOs:    791163023  IOPS:   311751  Throughput:  1217.8 MB/s  Total: 3018.05 GB
[ 2538.1s] IOs:    791263120  IOPS:   311759  Throughput:  1217.8 MB/s  Total: 3018.43 GB
[ 2538.3s] IOs:    791363655  IOPS:   311764  Throughput:  1217.8 MB/s  Total: 3018.81 GB
[ 2538.6s] IOs:    791464042  IOPS:   311776  Throughput:  1217.9 MB/s  Total: 3019.20 GB
[ 2538.9s] IOs:    791564471  IOPS:   311777  Throughput:  1217.9 MB/s  Total: 3019.58 GB
[ 2539.1s] IOs:    791665027  IOPS:   311791  Throughput:  1217.9 MB/s  Total: 3019.96 GB
[ 2539.4s] IOs:    791765618  IOPS:   311798  Throughput:  1218.0 MB/s  Total: 3020.35 GB
[ 2539.6s] IOs:    791866297  IOPS:   311810  Throughput:  1218.0 MB/s  Total: 3020.73 GB
[ 2539.9s] IOs:    791966761  IOPS:   311816  Throughput:  1218.0 MB/s  Total: 3021.11 GB
[ 2540.3s] IOs:    792067315  IOPS:   311799  Throughput:  1218.0 MB/s  Total: 3021.50 GB
[ 2540.5s] IOs:    792167837  IOPS:   311811  Throughput:  1218.0 MB/s  Total: 3021.88 GB
[ 2541.0s] IOs:    792268745  IOPS:   311793  Throughput:  1217.9 MB/s  Total: 3022.27 GB
[ 2541.4s] IOs:    792368905  IOPS:   311787  Throughput:  1217.9 MB/s  Total: 3022.65 GB
[ 2541.8s] IOs:    792469201  IOPS:   311772  Throughput:  1217.9 MB/s  Total: 3023.03 GB
[ 2542.1s] IOs:    792569916  IOPS:   311778  Throughput:  1217.9 MB/s  Total: 3023.41 GB
[ 2542.4s] IOs:    792670416  IOPS:   311777  Throughput:  1217.9 MB/s  Total: 3023.80 GB
[ 2544.8s] IOs:    792771307  IOPS:   311526  Throughput:  1216.9 MB/s  Total: 3024.18 GB
[ 2545.1s] IOs:    792871820  IOPS:   311526  Throughput:  1216.9 MB/s  Total: 3024.57 GB
[ 2545.3s] IOs:    792972665  IOPS:   311538  Throughput:  1216.9 MB/s  Total: 3024.95 GB
[ 2545.8s] IOs:    793073163  IOPS:   311519  Throughput:  1216.9 MB/s  Total: 3025.33 GB
[ 2546.2s] IOs:    793173733  IOPS:   311513  Throughput:  1216.8 MB/s  Total: 3025.72 GB
[ 2546.6s] IOs:    793274309  IOPS:   311504  Throughput:  1216.8 MB/s  Total: 3026.10 GB
[ 2546.9s] IOs:    793375263  IOPS:   311509  Throughput:  1216.8 MB/s  Total: 3026.49 GB
[ 2547.2s] IOs:    793475918  IOPS:   311509  Throughput:  1216.8 MB/s  Total: 3026.87 GB
[ 2547.6s] IOs:    793576672  IOPS:   311503  Throughput:  1216.8 MB/s  Total: 3027.25 GB
[ 2547.8s] IOs:    793677085  IOPS:   311515  Throughput:  1216.9 MB/s  Total: 3027.64 GB
[ 2548.1s] IOs:    793777673  IOPS:   311512  Throughput:  1216.8 MB/s  Total: 3028.02 GB
[ 2548.4s] IOs:    793877719  IOPS:   311523  Throughput:  1216.9 MB/s  Total: 3028.40 GB
[ 2548.7s] IOs:    793978570  IOPS:   311523  Throughput:  1216.9 MB/s  Total: 3028.79 GB
[ 2548.9s] IOs:    794079354  IOPS:   311534  Throughput:  1216.9 MB/s  Total: 3029.17 GB
[ 2549.5s] IOs:    794180322  IOPS:   311505  Throughput:  1216.8 MB/s  Total: 3029.56 GB
[ 2549.7s] IOs:    794280811  IOPS:   311516  Throughput:  1216.9 MB/s  Total: 3029.94 GB
[ 2553.5s] IOs:    794381491  IOPS:   311096  Throughput:  1215.2 MB/s  Total: 3030.32 GB
[ 2554.3s] IOs:    794482188  IOPS:   311042  Throughput:  1215.0 MB/s  Total: 3030.71 GB
[ 2554.8s] IOs:    794583061  IOPS:   311012  Throughput:  1214.9 MB/s  Total: 3031.09 GB
[ 2555.3s] IOs:    794683688  IOPS:   310996  Throughput:  1214.8 MB/s  Total: 3031.48 GB
[ 2555.9s] IOs:    794784485  IOPS:   310961  Throughput:  1214.7 MB/s  Total: 3031.86 GB
[ 2556.3s] IOs:    794885262  IOPS:   310955  Throughput:  1214.7 MB/s  Total: 3032.25 GB
[ 2556.8s] IOs:    794985901  IOPS:   310931  Throughput:  1214.6 MB/s  Total: 3032.63 GB
[ 2557.3s] IOs:    795086324  IOPS:   310905  Throughput:  1214.5 MB/s  Total: 3033.01 GB
[ 2557.7s] IOs:    795186597  IOPS:   310895  Throughput:  1214.4 MB/s  Total: 3033.40 GB
[ 2558.0s] IOs:    795287343  IOPS:   310896  Throughput:  1214.4 MB/s  Total: 3033.78 GB
[ 2558.4s] IOs:    795387645  IOPS:   310887  Throughput:  1214.4 MB/s  Total: 3034.16 GB
[ 2559.0s] IOs:    795487984  IOPS:   310861  Throughput:  1214.3 MB/s  Total: 3034.55 GB
[ 2559.3s] IOs:    795588506  IOPS:   310859  Throughput:  1214.3 MB/s  Total: 3034.93 GB
[ 2559.9s] IOs:    795688860  IOPS:   310827  Throughput:  1214.2 MB/s  Total: 3035.31 GB
[ 2560.2s] IOs:    795789556  IOPS:   310833  Throughput:  1214.2 MB/s  Total: 3035.70 GB
[ 2560.4s] IOs:    795890062  IOPS:   310843  Throughput:  1214.2 MB/s  Total: 3036.08 GB
[ 2560.9s] IOs:    795990820  IOPS:   310824  Throughput:  1214.2 MB/s  Total: 3036.46 GB
[ 2561.3s] IOs:    796091604  IOPS:   310814  Throughput:  1214.1 MB/s  Total: 3036.85 GB
[ 2561.6s] IOs:    796192272  IOPS:   310821  Throughput:  1214.1 MB/s  Total: 3037.23 GB
[ 2561.9s] IOs:    796292531  IOPS:   310820  Throughput:  1214.1 MB/s  Total: 3037.61 GB
[ 2562.3s] IOs:    796392706  IOPS:   310807  Throughput:  1214.1 MB/s  Total: 3038.00 GB
[ 2562.6s] IOs:    796493411  IOPS:   310819  Throughput:  1214.1 MB/s  Total: 3038.38 GB
[ 2563.0s] IOs:    796594113  IOPS:   310809  Throughput:  1214.1 MB/s  Total: 3038.77 GB
[ 2563.3s] IOs:    796694830  IOPS:   310810  Throughput:  1214.1 MB/s  Total: 3039.15 GB
[ 2563.6s] IOs:    796795209  IOPS:   310808  Throughput:  1214.1 MB/s  Total: 3039.53 GB
[ 2564.0s] IOs:    796895583  IOPS:   310797  Throughput:  1214.1 MB/s  Total: 3039.92 GB
[ 2564.4s] IOs:    796996549  IOPS:   310793  Throughput:  1214.0 MB/s  Total: 3040.30 GB
[ 2565.0s] IOs:    797096632  IOPS:   310763  Throughput:  1213.9 MB/s  Total: 3040.68 GB
[ 2565.4s] IOs:    797197614  IOPS:   310749  Throughput:  1213.9 MB/s  Total: 3041.07 GB
[ 2565.9s] IOs:    797298126  IOPS:   310725  Throughput:  1213.8 MB/s  Total: 3041.45 GB
[ 2566.3s] IOs:    797398344  IOPS:   310718  Throughput:  1213.7 MB/s  Total: 3041.83 GB
[ 2568.8s] IOs:    797499221  IOPS:   310454  Throughput:  1212.7 MB/s  Total: 3042.22 GB
[ 2569.5s] IOs:    797600011  IOPS:   310412  Throughput:  1212.5 MB/s  Total: 3042.60 GB
[ 2570.5s] IOs:    797700848  IOPS:   310333  Throughput:  1212.2 MB/s  Total: 3042.99 GB
[ 2570.9s] IOs:    797801234  IOPS:   310316  Throughput:  1212.2 MB/s  Total: 3043.37 GB
[ 2571.5s] IOs:    797901646  IOPS:   310284  Throughput:  1212.0 MB/s  Total: 3043.75 GB
[ 2572.1s] IOs:    798002468  IOPS:   310252  Throughput:  1211.9 MB/s  Total: 3044.14 GB
[ 2572.9s] IOs:    798103491  IOPS:   310200  Throughput:  1211.7 MB/s  Total: 3044.52 GB
[Reader] Parsed 101000000 lines, distributed 798169018 writes, unique 720.00 GB, skipped 18696554
[ 2573.4s] IOs:    798203681  IOPS:   310178  Throughput:  1211.6 MB/s  Total: 3044.91 GB
[ 2573.9s] IOs:    798304405  IOPS:   310153  Throughput:  1211.5 MB/s  Total: 3045.29 GB
[ 2574.4s] IOs:    798405088  IOPS:   310133  Throughput:  1211.5 MB/s  Total: 3045.67 GB
[ 2574.9s] IOs:    798505507  IOPS:   310114  Throughput:  1211.4 MB/s  Total: 3046.06 GB
[ 2575.3s] IOs:    798605581  IOPS:   310099  Throughput:  1211.3 MB/s  Total: 3046.44 GB
[ 2575.5s] IOs:    798705667  IOPS:   310114  Throughput:  1211.4 MB/s  Total: 3046.82 GB
[ 2576.1s] IOs:    798806428  IOPS:   310081  Throughput:  1211.3 MB/s  Total: 3047.20 GB
[ 2576.5s] IOs:    798906868  IOPS:   310076  Throughput:  1211.2 MB/s  Total: 3047.59 GB
[ 2577.0s] IOs:    799007272  IOPS:   310057  Throughput:  1211.2 MB/s  Total: 3047.97 GB
[ 2577.3s] IOs:    799107982  IOPS:   310054  Throughput:  1211.1 MB/s  Total: 3048.36 GB
[ 2577.5s] IOs:    799208675  IOPS:   310066  Throughput:  1211.2 MB/s  Total: 3048.74 GB
[ 2578.1s] IOs:    799308677  IOPS:   310042  Throughput:  1211.1 MB/s  Total: 3049.12 GB
[ 2578.5s] IOs:    799409132  IOPS:   310035  Throughput:  1211.1 MB/s  Total: 3049.50 GB
[ 2578.7s] IOs:    799509955  IOPS:   310045  Throughput:  1211.1 MB/s  Total: 3049.89 GB
[ 2579.1s] IOs:    799610884  IOPS:   310036  Throughput:  1211.1 MB/s  Total: 3050.27 GB
[ 2579.4s] IOs:    799711626  IOPS:   310035  Throughput:  1211.1 MB/s  Total: 3050.66 GB
[ 2579.7s] IOs:    799812340  IOPS:   310047  Throughput:  1211.1 MB/s  Total: 3051.04 GB
[ 2580.3s] IOs:    799913051  IOPS:   310006  Throughput:  1211.0 MB/s  Total: 3051.43 GB
[ 2580.8s] IOs:    800013100  IOPS:   309983  Throughput:  1210.9 MB/s  Total: 3051.81 GB
[ 2581.1s] IOs:    800113815  IOPS:   309987  Throughput:  1210.9 MB/s  Total: 3052.19 GB
[ 2581.8s] IOs:    800214412  IOPS:   309949  Throughput:  1210.7 MB/s  Total: 3052.58 GB
[ 2582.0s] IOs:    800314980  IOPS:   309958  Throughput:  1210.8 MB/s  Total: 3052.96 GB
[ 2582.6s] IOs:    800415576  IOPS:   309923  Throughput:  1210.6 MB/s  Total: 3053.34 GB
[ 2583.0s] IOs:    800516169  IOPS:   309922  Throughput:  1210.6 MB/s  Total: 3053.73 GB
[ 2583.6s] IOs:    800616794  IOPS:   309890  Throughput:  1210.5 MB/s  Total: 3054.11 GB
[ 2584.0s] IOs:    800717807  IOPS:   309878  Throughput:  1210.5 MB/s  Total: 3054.50 GB
[ 2584.5s] IOs:    800818673  IOPS:   309852  Throughput:  1210.4 MB/s  Total: 3054.88 GB
[ 2584.9s] IOs:    800919459  IOPS:   309840  Throughput:  1210.3 MB/s  Total: 3055.27 GB
[ 2585.4s] IOs:    801019710  IOPS:   309826  Throughput:  1210.3 MB/s  Total: 3055.65 GB
[ 2585.7s] IOs:    801120251  IOPS:   309831  Throughput:  1210.3 MB/s  Total: 3056.03 GB
[ 2586.1s] IOs:    801221024  IOPS:   309818  Throughput:  1210.2 MB/s  Total: 3056.42 GB
[ 2586.6s] IOs:    801321130  IOPS:   309801  Throughput:  1210.2 MB/s  Total: 3056.80 GB
[ 2586.9s] IOs:    801421902  IOPS:   309797  Throughput:  1210.1 MB/s  Total: 3057.18 GB
[ 2587.2s] IOs:    801522226  IOPS:   309807  Throughput:  1210.2 MB/s  Total: 3057.56 GB
[ 2587.6s] IOs:    801622774  IOPS:   309789  Throughput:  1210.1 MB/s  Total: 3057.95 GB
[ 2588.0s] IOs:    801723483  IOPS:   309790  Throughput:  1210.1 MB/s  Total: 3058.33 GB
[ 2588.2s] IOs:    801823500  IOPS:   309797  Throughput:  1210.1 MB/s  Total: 3058.71 GB
[ 2588.6s] IOs:    801923524  IOPS:   309795  Throughput:  1210.1 MB/s  Total: 3059.10 GB
[ 2589.0s] IOs:    802024198  IOPS:   309778  Throughput:  1210.1 MB/s  Total: 3059.48 GB
[ 2589.3s] IOs:    802124387  IOPS:   309787  Throughput:  1210.1 MB/s  Total: 3059.86 GB
[ 2589.6s] IOs:    802224946  IOPS:   309792  Throughput:  1210.1 MB/s  Total: 3060.25 GB
[ 2589.9s] IOs:    802325668  IOPS:   309791  Throughput:  1210.1 MB/s  Total: 3060.63 GB
[ 2590.1s] IOs:    802426361  IOPS:   309800  Throughput:  1210.2 MB/s  Total: 3061.01 GB
[ 2590.5s] IOs:    802526799  IOPS:   309797  Throughput:  1210.1 MB/s  Total: 3061.40 GB
[ 2590.8s] IOs:    802627283  IOPS:   309805  Throughput:  1210.2 MB/s  Total: 3061.78 GB
[ 2591.1s] IOs:    802727854  IOPS:   309807  Throughput:  1210.2 MB/s  Total: 3062.16 GB
[ 2591.4s] IOs:    802828505  IOPS:   309806  Throughput:  1210.2 MB/s  Total: 3062.55 GB
[ 2591.6s] IOs:    802929000  IOPS:   309817  Throughput:  1210.2 MB/s  Total: 3062.93 GB
[ 2591.9s] IOs:    803029623  IOPS:   309819  Throughput:  1210.2 MB/s  Total: 3063.31 GB
[ 2592.2s] IOs:    803129726  IOPS:   309831  Throughput:  1210.3 MB/s  Total: 3063.70 GB
[ 2592.5s] IOs:    803230115  IOPS:   309831  Throughput:  1210.3 MB/s  Total: 3064.08 GB
[ 2592.8s] IOs:    803330763  IOPS:   309837  Throughput:  1210.3 MB/s  Total: 3064.46 GB
[ 2593.0s] IOs:    803431369  IOPS:   309842  Throughput:  1210.3 MB/s  Total: 3064.85 GB
[ 2593.3s] IOs:    803531928  IOPS:   309850  Throughput:  1210.4 MB/s  Total: 3065.23 GB
[ 2593.8s] IOs:    803632529  IOPS:   309834  Throughput:  1210.3 MB/s  Total: 3065.61 GB
[ 2596.0s] IOs:    803733163  IOPS:   309603  Throughput:  1209.4 MB/s  Total: 3066.00 GB
[ 2597.1s] IOs:    803834058  IOPS:   309516  Throughput:  1209.0 MB/s  Total: 3066.38 GB
[ 2598.2s] IOs:    803934899  IOPS:   309415  Throughput:  1208.7 MB/s  Total: 3066.77 GB
[ 2599.1s] IOs:    804035806  IOPS:   309355  Throughput:  1208.4 MB/s  Total: 3067.15 GB
[ 2599.7s] IOs:    804136300  IOPS:   309322  Throughput:  1208.3 MB/s  Total: 3067.54 GB
[ 2600.7s] IOs:    804237060  IOPS:   309237  Throughput:  1208.0 MB/s  Total: 3067.92 GB
[ 2601.5s] IOs:    804337577  IOPS:   309180  Throughput:  1207.7 MB/s  Total: 3068.30 GB
[ 2602.1s] IOs:    804438194  IOPS:   309147  Throughput:  1207.6 MB/s  Total: 3068.69 GB
[ 2602.7s] IOs:    804538972  IOPS:   309116  Throughput:  1207.5 MB/s  Total: 3069.07 GB
[ 2603.2s] IOs:    804639622  IOPS:   309095  Throughput:  1207.4 MB/s  Total: 3069.46 GB
[ 2604.2s] IOs:    804740501  IOPS:   309017  Throughput:  1207.1 MB/s  Total: 3069.84 GB
[ 2604.5s] IOs:    804841111  IOPS:   309014  Throughput:  1207.1 MB/s  Total: 3070.23 GB
[ 2605.1s] IOs:    804941395  IOPS:   308990  Throughput:  1207.0 MB/s  Total: 3070.61 GB
[ 2605.6s] IOs:    805041916  IOPS:   308966  Throughput:  1206.9 MB/s  Total: 3070.99 GB
[ 2606.1s] IOs:    805142625  IOPS:   308950  Throughput:  1206.8 MB/s  Total: 3071.38 GB
[ 2606.3s] IOs:    805242773  IOPS:   308959  Throughput:  1206.9 MB/s  Total: 3071.76 GB
[ 2606.8s] IOs:    805343310  IOPS:   308944  Throughput:  1206.8 MB/s  Total: 3072.14 GB
[ 2607.3s] IOs:    805443790  IOPS:   308920  Throughput:  1206.7 MB/s  Total: 3072.52 GB
[ 2607.7s] IOs:    805544374  IOPS:   308913  Throughput:  1206.7 MB/s  Total: 3072.91 GB
[ 2608.2s] IOs:    805644969  IOPS:   308894  Throughput:  1206.6 MB/s  Total: 3073.29 GB
[ 2608.6s] IOs:    805745878  IOPS:   308881  Throughput:  1206.6 MB/s  Total: 3073.68 GB
[ 2609.0s] IOs:    805846344  IOPS:   308869  Throughput:  1206.5 MB/s  Total: 3074.06 GB
[ 2609.3s] IOs:    805946729  IOPS:   308873  Throughput:  1206.5 MB/s  Total: 3074.44 GB
[ 2609.7s] IOs:    806047624  IOPS:   308870  Throughput:  1206.5 MB/s  Total: 3074.83 GB
[ 2610.2s] IOs:    806147999  IOPS:   308848  Throughput:  1206.4 MB/s  Total: 3075.21 GB
[ 2610.4s] IOs:    806248435  IOPS:   308860  Throughput:  1206.5 MB/s  Total: 3075.59 GB
[ 2610.7s] IOs:    806349139  IOPS:   308864  Throughput:  1206.5 MB/s  Total: 3075.98 GB
[ 2611.1s] IOs:    806449969  IOPS:   308857  Throughput:  1206.5 MB/s  Total: 3076.36 GB
[ 2611.3s] IOs:    806550424  IOPS:   308871  Throughput:  1206.5 MB/s  Total: 3076.75 GB
[ 2611.7s] IOs:    806651051  IOPS:   308856  Throughput:  1206.5 MB/s  Total: 3077.13 GB
[ 2612.0s] IOs:    806751747  IOPS:   308862  Throughput:  1206.5 MB/s  Total: 3077.51 GB
[ 2612.2s] IOs:    806852398  IOPS:   308875  Throughput:  1206.5 MB/s  Total: 3077.90 GB
[ 2612.6s] IOs:    806952920  IOPS:   308874  Throughput:  1206.5 MB/s  Total: 3078.28 GB
[Reader] Parsed 102000000 lines, distributed 807040311 writes, unique 720.00 GB, skipped 21370962
[ 2612.8s] IOs:    807053842  IOPS:   308887  Throughput:  1206.6 MB/s  Total: 3078.67 GB
[ 2613.1s] IOs:    807154501  IOPS:   308884  Throughput:  1206.6 MB/s  Total: 3079.05 GB
[ 2613.4s] IOs:    807255092  IOPS:   308896  Throughput:  1206.6 MB/s  Total: 3079.43 GB
[ 2613.7s] IOs:    807355830  IOPS:   308896  Throughput:  1206.6 MB/s  Total: 3079.82 GB
[ 2614.1s] IOs:    807456112  IOPS:   308886  Throughput:  1206.6 MB/s  Total: 3080.20 GB
[ 2614.3s] IOs:    807556807  IOPS:   308900  Throughput:  1206.6 MB/s  Total: 3080.58 GB
[ 2614.8s] IOs:    807657575  IOPS:   308883  Throughput:  1206.6 MB/s  Total: 3080.97 GB
[ 2615.1s] IOs:    807758420  IOPS:   308884  Throughput:  1206.6 MB/s  Total: 3081.35 GB
[ 2615.3s] IOs:    807859021  IOPS:   308893  Throughput:  1206.6 MB/s  Total: 3081.74 GB
[ 2615.7s] IOs:    807959864  IOPS:   308892  Throughput:  1206.6 MB/s  Total: 3082.12 GB
[ 2616.0s] IOs:    808060862  IOPS:   308890  Throughput:  1206.6 MB/s  Total: 3082.51 GB
[ 2616.3s] IOs:    808161674  IOPS:   308900  Throughput:  1206.6 MB/s  Total: 3082.89 GB
[ 2616.8s] IOs:    808262605  IOPS:   308879  Throughput:  1206.6 MB/s  Total: 3083.28 GB
[ 2617.0s] IOs:    808363199  IOPS:   308890  Throughput:  1206.6 MB/s  Total: 3083.66 GB
[ 2617.3s] IOs:    808463802  IOPS:   308894  Throughput:  1206.6 MB/s  Total: 3084.04 GB
[ 2617.6s] IOs:    808563845  IOPS:   308890  Throughput:  1206.6 MB/s  Total: 3084.43 GB
[ 2618.1s] IOs:    808663919  IOPS:   308876  Throughput:  1206.5 MB/s  Total: 3084.81 GB
[ 2618.3s] IOs:    808764686  IOPS:   308883  Throughput:  1206.6 MB/s  Total: 3085.19 GB
[ 2618.7s] IOs:    808865224  IOPS:   308880  Throughput:  1206.6 MB/s  Total: 3085.58 GB
[ 2619.2s] IOs:    808965809  IOPS:   308862  Throughput:  1206.5 MB/s  Total: 3085.96 GB
[ 2619.4s] IOs:    809066662  IOPS:   308874  Throughput:  1206.5 MB/s  Total: 3086.34 GB
[ 2619.7s] IOs:    809166756  IOPS:   308877  Throughput:  1206.5 MB/s  Total: 3086.73 GB
[ 2620.1s] IOs:    809267608  IOPS:   308872  Throughput:  1206.5 MB/s  Total: 3087.11 GB
[ 2620.4s] IOs:    809367993  IOPS:   308876  Throughput:  1206.5 MB/s  Total: 3087.49 GB
[ 2620.6s] IOs:    809468045  IOPS:   308881  Throughput:  1206.6 MB/s  Total: 3087.88 GB
[ 2620.9s] IOs:    809568904  IOPS:   308892  Throughput:  1206.6 MB/s  Total: 3088.26 GB
[ 2621.3s] IOs:    809669651  IOPS:   308884  Throughput:  1206.6 MB/s  Total: 3088.64 GB
[ 2621.5s] IOs:    809770530  IOPS:   308896  Throughput:  1206.6 MB/s  Total: 3089.03 GB
[ 2622.0s] IOs:    809871443  IOPS:   308881  Throughput:  1206.6 MB/s  Total: 3089.41 GB
[ 2622.2s] IOs:    809971741  IOPS:   308889  Throughput:  1206.6 MB/s  Total: 3089.80 GB
[ 2622.7s] IOs:    810072207  IOPS:   308868  Throughput:  1206.5 MB/s  Total: 3090.18 GB
[ 2623.1s] IOs:    810173139  IOPS:   308866  Throughput:  1206.5 MB/s  Total: 3090.57 GB
[ 2623.4s] IOs:    810273686  IOPS:   308870  Throughput:  1206.5 MB/s  Total: 3090.95 GB
[ 2623.8s] IOs:    810374565  IOPS:   308861  Throughput:  1206.5 MB/s  Total: 3091.33 GB
[ 2624.2s] IOs:    810475272  IOPS:   308849  Throughput:  1206.4 MB/s  Total: 3091.72 GB
[ 2624.6s] IOs:    810575775  IOPS:   308839  Throughput:  1206.4 MB/s  Total: 3092.10 GB
[ 2624.8s] IOs:    810676677  IOPS:   308851  Throughput:  1206.4 MB/s  Total: 3092.49 GB
[ 2625.2s] IOs:    810776738  IOPS:   308845  Throughput:  1206.4 MB/s  Total: 3092.87 GB
[ 2625.6s] IOs:    810877102  IOPS:   308841  Throughput:  1206.4 MB/s  Total: 3093.25 GB
[ 2625.9s] IOs:    810977415  IOPS:   308833  Throughput:  1206.4 MB/s  Total: 3093.63 GB
[ 2626.2s] IOs:    811077986  IOPS:   308836  Throughput:  1206.4 MB/s  Total: 3094.02 GB
[ 2626.7s] IOs:    811178117  IOPS:   308819  Throughput:  1206.3 MB/s  Total: 3094.40 GB
[ 2627.1s] IOs:    811279084  IOPS:   308815  Throughput:  1206.3 MB/s  Total: 3094.78 GB
[ 2627.3s] IOs:    811379881  IOPS:   308822  Throughput:  1206.3 MB/s  Total: 3095.17 GB
[ 2627.7s] IOs:    811480400  IOPS:   308816  Throughput:  1206.3 MB/s  Total: 3095.55 GB
[ 2628.1s] IOs:    811581141  IOPS:   308809  Throughput:  1206.3 MB/s  Total: 3095.94 GB
[ 2628.3s] IOs:    811682044  IOPS:   308820  Throughput:  1206.3 MB/s  Total: 3096.32 GB
[ 2628.7s] IOs:    811782824  IOPS:   308816  Throughput:  1206.3 MB/s  Total: 3096.71 GB
[ 2629.2s] IOs:    811883050  IOPS:   308797  Throughput:  1206.2 MB/s  Total: 3097.09 GB
[ 2629.4s] IOs:    811983311  IOPS:   308806  Throughput:  1206.3 MB/s  Total: 3097.47 GB
[ 2629.7s] IOs:    812083623  IOPS:   308815  Throughput:  1206.3 MB/s  Total: 3097.85 GB
[ 2630.0s] IOs:    812184406  IOPS:   308812  Throughput:  1206.3 MB/s  Total: 3098.24 GB
[ 2630.3s] IOs:    812285355  IOPS:   308822  Throughput:  1206.3 MB/s  Total: 3098.62 GB
[ 2630.6s] IOs:    812385975  IOPS:   308821  Throughput:  1206.3 MB/s  Total: 3099.01 GB
[ 2630.9s] IOs:    812486765  IOPS:   308827  Throughput:  1206.4 MB/s  Total: 3099.39 GB
[ 2631.2s] IOs:    812587217  IOPS:   308824  Throughput:  1206.3 MB/s  Total: 3099.77 GB
[ 2631.5s] IOs:    812687964  IOPS:   308834  Throughput:  1206.4 MB/s  Total: 3100.16 GB
[ 2631.8s] IOs:    812788876  IOPS:   308837  Throughput:  1206.4 MB/s  Total: 3100.54 GB
[ 2632.0s] IOs:    812889657  IOPS:   308851  Throughput:  1206.4 MB/s  Total: 3100.93 GB
[ 2632.3s] IOs:    812990501  IOPS:   308855  Throughput:  1206.5 MB/s  Total: 3101.31 GB
[ 2632.5s] IOs:    813090735  IOPS:   308867  Throughput:  1206.5 MB/s  Total: 3101.70 GB
[ 2632.8s] IOs:    813191264  IOPS:   308873  Throughput:  1206.5 MB/s  Total: 3102.08 GB
[ 2633.0s] IOs:    813292045  IOPS:   308880  Throughput:  1206.6 MB/s  Total: 3102.46 GB
[ 2633.4s] IOs:    813392813  IOPS:   308881  Throughput:  1206.6 MB/s  Total: 3102.85 GB
[ 2633.6s] IOs:    813493622  IOPS:   308894  Throughput:  1206.6 MB/s  Total: 3103.23 GB
[ 2633.9s] IOs:    813594250  IOPS:   308893  Throughput:  1206.6 MB/s  Total: 3103.62 GB
[ 2634.1s] IOs:    813694639  IOPS:   308905  Throughput:  1206.7 MB/s  Total: 3104.00 GB
[ 2634.3s] IOs:    813795142  IOPS:   308918  Throughput:  1206.7 MB/s  Total: 3104.38 GB
[ 2634.7s] IOs:    813895209  IOPS:   308917  Throughput:  1206.7 MB/s  Total: 3104.76 GB
[ 2634.9s] IOs:    813995859  IOPS:   308931  Throughput:  1206.8 MB/s  Total: 3105.15 GB
[ 2635.2s] IOs:    814096479  IOPS:   308932  Throughput:  1206.8 MB/s  Total: 3105.53 GB
[ 2635.4s] IOs:    814197191  IOPS:   308945  Throughput:  1206.8 MB/s  Total: 3105.92 GB
[ 2635.7s] IOs:    814298169  IOPS:   308950  Throughput:  1206.8 MB/s  Total: 3106.30 GB
[ 2635.9s] IOs:    814399084  IOPS:   308959  Throughput:  1206.9 MB/s  Total: 3106.69 GB
[ 2636.2s] IOs:    814499962  IOPS:   308969  Throughput:  1206.9 MB/s  Total: 3107.07 GB
[ 2636.4s] IOs:    814600691  IOPS:   308981  Throughput:  1207.0 MB/s  Total: 3107.46 GB
[ 2636.7s] IOs:    814701018  IOPS:   308986  Throughput:  1207.0 MB/s  Total: 3107.84 GB
[ 2636.9s] IOs:    814801710  IOPS:   308994  Throughput:  1207.0 MB/s  Total: 3108.22 GB
[ 2637.4s] IOs:    814902542  IOPS:   308984  Throughput:  1207.0 MB/s  Total: 3108.61 GB
[ 2637.7s] IOs:    815003279  IOPS:   308984  Throughput:  1207.0 MB/s  Total: 3108.99 GB
[ 2637.9s] IOs:    815103970  IOPS:   308995  Throughput:  1207.0 MB/s  Total: 3109.37 GB
[ 2638.3s] IOs:    815204459  IOPS:   308991  Throughput:  1207.0 MB/s  Total: 3109.76 GB
[ 2638.5s] IOs:    815305264  IOPS:   308999  Throughput:  1207.0 MB/s  Total: 3110.14 GB
[ 2638.8s] IOs:    815406049  IOPS:   309003  Throughput:  1207.0 MB/s  Total: 3110.53 GB
[ 2639.1s] IOs:    815506809  IOPS:   309014  Throughput:  1207.1 MB/s  Total: 3110.91 GB
[ 2639.4s] IOs:    815607343  IOPS:   309018  Throughput:  1207.1 MB/s  Total: 3111.30 GB
[ 2639.6s] IOs:    815707721  IOPS:   309022  Throughput:  1207.1 MB/s  Total: 3111.68 GB
[ 2639.9s] IOs:    815808068  IOPS:   309034  Throughput:  1207.2 MB/s  Total: 3112.06 GB
[ 2640.1s] IOs:    815908880  IOPS:   309043  Throughput:  1207.2 MB/s  Total: 3112.45 GB
[ 2640.4s] IOs:    816009468  IOPS:   309051  Throughput:  1207.2 MB/s  Total: 3112.83 GB
[ 2640.6s] IOs:    816110071  IOPS:   309063  Throughput:  1207.3 MB/s  Total: 3113.21 GB
[Reader] Parsed 103000000 lines, distributed 816156421 writes, unique 720.00 GB, skipped 26494305
[ 2640.8s] IOs:    816210749  IOPS:   309075  Throughput:  1207.3 MB/s  Total: 3113.60 GB
[ 2641.1s] IOs:    816311421  IOPS:   309082  Throughput:  1207.3 MB/s  Total: 3113.98 GB
[ 2641.3s] IOs:    816412196  IOPS:   309093  Throughput:  1207.4 MB/s  Total: 3114.37 GB
[ 2641.5s] IOs:    816513065  IOPS:   309106  Throughput:  1207.4 MB/s  Total: 3114.75 GB
[ 2642.0s] IOs:    816613384  IOPS:   309083  Throughput:  1207.4 MB/s  Total: 3115.13 GB
[ 2642.3s] IOs:    816714254  IOPS:   309097  Throughput:  1207.4 MB/s  Total: 3115.52 GB
[ 2642.7s] IOs:    816814277  IOPS:   309083  Throughput:  1207.4 MB/s  Total: 3115.90 GB
[ 2642.9s] IOs:    816914718  IOPS:   309097  Throughput:  1207.4 MB/s  Total: 3116.28 GB
[ 2643.3s] IOs:    817014961  IOPS:   309089  Throughput:  1207.4 MB/s  Total: 3116.66 GB
[ 2643.7s] IOs:    817115593  IOPS:   309077  Throughput:  1207.3 MB/s  Total: 3117.05 GB
[ 2644.0s] IOs:    817215865  IOPS:   309087  Throughput:  1207.4 MB/s  Total: 3117.43 GB
[ 2644.3s] IOs:    817315899  IOPS:   309091  Throughput:  1207.4 MB/s  Total: 3117.81 GB
[ 2644.5s] IOs:    817416503  IOPS:   309105  Throughput:  1207.4 MB/s  Total: 3118.20 GB
[ 2644.8s] IOs:    817517120  IOPS:   309101  Throughput:  1207.4 MB/s  Total: 3118.58 GB
[ 2645.2s] IOs:    817618000  IOPS:   309095  Throughput:  1207.4 MB/s  Total: 3118.97 GB
[ 2645.4s] IOs:    817718912  IOPS:   309111  Throughput:  1207.5 MB/s  Total: 3119.35 GB
[ 2645.7s] IOs:    817819397  IOPS:   309115  Throughput:  1207.5 MB/s  Total: 3119.73 GB
[ 2645.9s] IOs:    817919802  IOPS:   309129  Throughput:  1207.5 MB/s  Total: 3120.12 GB
[ 2646.2s] IOs:    818019894  IOPS:   309132  Throughput:  1207.5 MB/s  Total: 3120.50 GB
[ 2646.4s] IOs:    818119905  IOPS:   309146  Throughput:  1207.6 MB/s  Total: 3120.88 GB
[ 2646.7s] IOs:    818220522  IOPS:   309144  Throughput:  1207.6 MB/s  Total: 3121.26 GB
[ 2647.1s] IOs:    818320932  IOPS:   309143  Throughput:  1207.6 MB/s  Total: 3121.65 GB
[ 2647.3s] IOs:    818421518  IOPS:   309152  Throughput:  1207.6 MB/s  Total: 3122.03 GB
[ 2647.5s] IOs:    818522120  IOPS:   309171  Throughput:  1207.7 MB/s  Total: 3122.41 GB
[ 2647.8s] IOs:    818622369  IOPS:   309174  Throughput:  1207.7 MB/s  Total: 3122.80 GB
[ 2647.9s] IOs:    818722649  IOPS:   309192  Throughput:  1207.8 MB/s  Total: 3123.18 GB
[ 2648.3s] IOs:    818823230  IOPS:   309190  Throughput:  1207.8 MB/s  Total: 3123.56 GB
[ 2648.5s] IOs:    818923340  IOPS:   309207  Throughput:  1207.8 MB/s  Total: 3123.94 GB
[ 2648.8s] IOs:    819023887  IOPS:   309209  Throughput:  1207.8 MB/s  Total: 3124.33 GB
[ 2648.9s] IOs:    819124612  IOPS:   309227  Throughput:  1207.9 MB/s  Total: 3124.71 GB
[ 2649.2s] IOs:    819224699  IOPS:   309230  Throughput:  1207.9 MB/s  Total: 3125.09 GB
[ 2649.4s] IOs:    819325057  IOPS:   309247  Throughput:  1208.0 MB/s  Total: 3125.48 GB
[ 2649.7s] IOs:    819425124  IOPS:   309249  Throughput:  1208.0 MB/s  Total: 3125.86 GB
[ 2649.9s] IOs:    819525646  IOPS:   309266  Throughput:  1208.1 MB/s  Total: 3126.24 GB
[ 2650.1s] IOs:    819626131  IOPS:   309284  Throughput:  1208.1 MB/s  Total: 3126.63 GB
[ 2650.6s] IOs:    819726771  IOPS:   309266  Throughput:  1208.1 MB/s  Total: 3127.01 GB
[ 2650.7s] IOs:    819827159  IOPS:   309283  Throughput:  1208.1 MB/s  Total: 3127.39 GB
[ 2651.2s] IOs:    819927975  IOPS:   309271  Throughput:  1208.1 MB/s  Total: 3127.78 GB
[ 2651.4s] IOs:    820028067  IOPS:   309277  Throughput:  1208.1 MB/s  Total: 3128.16 GB
[ 2651.7s] IOs:    820128768  IOPS:   309281  Throughput:  1208.1 MB/s  Total: 3128.54 GB
[ 2651.9s] IOs:    820229502  IOPS:   309297  Throughput:  1208.2 MB/s  Total: 3128.93 GB
[ 2652.3s] IOs:    820329554  IOPS:   309286  Throughput:  1208.1 MB/s  Total: 3129.31 GB
[ 2652.7s] IOs:    820430471  IOPS:   309285  Throughput:  1208.1 MB/s  Total: 3129.69 GB
[ 2652.8s] IOs:    820531311  IOPS:   309303  Throughput:  1208.2 MB/s  Total: 3130.08 GB
[ 2653.3s] IOs:    820631615  IOPS:   309289  Throughput:  1208.2 MB/s  Total: 3130.46 GB
[ 2653.5s] IOs:    820732487  IOPS:   309306  Throughput:  1208.2 MB/s  Total: 3130.85 GB
[ 2653.7s] IOs:    820833030  IOPS:   309314  Throughput:  1208.3 MB/s  Total: 3131.23 GB
[ 2653.9s] IOs:    820933810  IOPS:   309331  Throughput:  1208.3 MB/s  Total: 3131.61 GB
[ 2654.2s] IOs:    821034349  IOPS:   309332  Throughput:  1208.3 MB/s  Total: 3132.00 GB
[ 2654.4s] IOs:    821135213  IOPS:   309348  Throughput:  1208.4 MB/s  Total: 3132.38 GB
[ 2654.7s] IOs:    821236075  IOPS:   309351  Throughput:  1208.4 MB/s  Total: 3132.77 GB
[ 2654.9s] IOs:    821336663  IOPS:   309369  Throughput:  1208.5 MB/s  Total: 3133.15 GB
[ 2655.2s] IOs:    821437194  IOPS:   309368  Throughput:  1208.5 MB/s  Total: 3133.53 GB
[ 2655.4s] IOs:    821537880  IOPS:   309385  Throughput:  1208.5 MB/s  Total: 3133.92 GB
[ 2655.7s] IOs:    821638681  IOPS:   309387  Throughput:  1208.5 MB/s  Total: 3134.30 GB
[ 2656.1s] IOs:    821738804  IOPS:   309376  Throughput:  1208.5 MB/s  Total: 3134.68 GB
[ 2656.3s] IOs:    821839439  IOPS:   309392  Throughput:  1208.6 MB/s  Total: 3135.07 GB
[ 2656.8s] IOs:    821940136  IOPS:   309372  Throughput:  1208.5 MB/s  Total: 3135.45 GB
[ 2657.0s] IOs:    822040822  IOPS:   309388  Throughput:  1208.5 MB/s  Total: 3135.84 GB
[ 2657.3s] IOs:    822141327  IOPS:   309390  Throughput:  1208.6 MB/s  Total: 3136.22 GB
[ 2657.7s] IOs:    822241882  IOPS:   309379  Throughput:  1208.5 MB/s  Total: 3136.60 GB
[ 2657.9s] IOs:    822342249  IOPS:   309392  Throughput:  1208.6 MB/s  Total: 3136.99 GB
[ 2658.2s] IOs:    822443000  IOPS:   309395  Throughput:  1208.6 MB/s  Total: 3137.37 GB
[ 2658.4s] IOs:    822543701  IOPS:   309412  Throughput:  1208.6 MB/s  Total: 3137.76 GB
[ 2661.0s] IOs:    822644512  IOPS:   309148  Throughput:  1207.6 MB/s  Total: 3138.14 GB
[ 2662.1s] IOs:    822745329  IOPS:   309059  Throughput:  1207.3 MB/s  Total: 3138.52 GB
[ 2663.5s] IOs:    822846019  IOPS:   308930  Throughput:  1206.8 MB/s  Total: 3138.91 GB
[ 2664.6s] IOs:    822946938  IOPS:   308844  Throughput:  1206.4 MB/s  Total: 3139.29 GB
[ 2665.6s] IOs:    823046951  IOPS:   308766  Throughput:  1206.1 MB/s  Total: 3139.67 GB
[ 2666.6s] IOs:    823147041  IOPS:   308691  Throughput:  1205.8 MB/s  Total: 3140.06 GB
[ 2667.2s] IOs:    823248001  IOPS:   308651  Throughput:  1205.7 MB/s  Total: 3140.44 GB
[ 2668.1s] IOs:    823348964  IOPS:   308594  Throughput:  1205.4 MB/s  Total: 3140.83 GB
[ 2668.6s] IOs:    823449015  IOPS:   308565  Throughput:  1205.3 MB/s  Total: 3141.21 GB
[ 2669.5s] IOs:    823549987  IOPS:   308503  Throughput:  1205.1 MB/s  Total: 3141.59 GB
[ 2670.1s] IOs:    823650402  IOPS:   308474  Throughput:  1205.0 MB/s  Total: 3141.98 GB
[Reader] Parsed 104000000 lines, distributed 823680230 writes, unique 720.00 GB, skipped 30461763
[ 2670.7s] IOs:    823751273  IOPS:   308444  Throughput:  1204.9 MB/s  Total: 3142.36 GB
[ 2671.2s] IOs:    823851329  IOPS:   308420  Throughput:  1204.8 MB/s  Total: 3142.74 GB
[ 2671.7s] IOs:    823952198  IOPS:   308402  Throughput:  1204.7 MB/s  Total: 3143.13 GB
[ 2672.3s] IOs:    824052208  IOPS:   308373  Throughput:  1204.6 MB/s  Total: 3143.51 GB
[ 2672.6s] IOs:    824152488  IOPS:   308367  Throughput:  1204.6 MB/s  Total: 3143.89 GB
[ 2673.2s] IOs:    824253272  IOPS:   308345  Throughput:  1204.5 MB/s  Total: 3144.28 GB
[ 2673.8s] IOs:    824353679  IOPS:   308312  Throughput:  1204.3 MB/s  Total: 3144.66 GB
[ 2674.1s] IOs:    824454147  IOPS:   308312  Throughput:  1204.3 MB/s  Total: 3145.04 GB
[ 2674.6s] IOs:    824555063  IOPS:   308291  Throughput:  1204.3 MB/s  Total: 3145.43 GB
[ 2675.1s] IOs:    824655845  IOPS:   308270  Throughput:  1204.2 MB/s  Total: 3145.81 GB
[ 2675.3s] IOs:    824756647  IOPS:   308281  Throughput:  1204.2 MB/s  Total: 3146.20 GB
[ 2675.7s] IOs:    824857230  IOPS:   308276  Throughput:  1204.2 MB/s  Total: 3146.58 GB
[ 2676.2s] IOs:    824958055  IOPS:   308255  Throughput:  1204.1 MB/s  Total: 3146.97 GB
[ 2676.7s] IOs:    825058454  IOPS:   308240  Throughput:  1204.1 MB/s  Total: 3147.35 GB
[ 2677.2s] IOs:    825158909  IOPS:   308213  Throughput:  1204.0 MB/s  Total: 3147.73 GB
[ 2677.7s] IOs:    825259604  IOPS:   308196  Throughput:  1203.9 MB/s  Total: 3148.12 GB
[ 2678.2s] IOs:    825360561  IOPS:   308178  Throughput:  1203.8 MB/s  Total: 3148.50 GB
[ 2678.7s] IOs:    825460703  IOPS:   308161  Throughput:  1203.8 MB/s  Total: 3148.88 GB
[ 2679.1s] IOs:    825561431  IOPS:   308149  Throughput:  1203.7 MB/s  Total: 3149.27 GB
[ 2679.5s] IOs:    825661964  IOPS:   308141  Throughput:  1203.7 MB/s  Total: 3149.65 GB
[ 2679.8s] IOs:    825762792  IOPS:   308142  Throughput:  1203.7 MB/s  Total: 3150.04 GB
[ 2680.2s] IOs:    825863588  IOPS:   308136  Throughput:  1203.7 MB/s  Total: 3150.42 GB
[ 2680.7s] IOs:    825963694  IOPS:   308119  Throughput:  1203.6 MB/s  Total: 3150.80 GB
[ 2681.0s] IOs:    826064457  IOPS:   308115  Throughput:  1203.6 MB/s  Total: 3151.19 GB
[ 2681.4s] IOs:    826164824  IOPS:   308111  Throughput:  1203.6 MB/s  Total: 3151.57 GB
[ 2681.7s] IOs:    826265541  IOPS:   308118  Throughput:  1203.6 MB/s  Total: 3151.95 GB
[ 2682.1s] IOs:    826366341  IOPS:   308105  Throughput:  1203.5 MB/s  Total: 3152.34 GB
[ 2682.3s] IOs:    826467077  IOPS:   308119  Throughput:  1203.6 MB/s  Total: 3152.72 GB
[ 2682.7s] IOs:    826567891  IOPS:   308107  Throughput:  1203.5 MB/s  Total: 3153.11 GB
[ 2683.1s] IOs:    826668696  IOPS:   308105  Throughput:  1203.5 MB/s  Total: 3153.49 GB
[ 2683.3s] IOs:    826769141  IOPS:   308118  Throughput:  1203.6 MB/s  Total: 3153.87 GB
[ 2683.7s] IOs:    826869917  IOPS:   308103  Throughput:  1203.5 MB/s  Total: 3154.26 GB
[ 2684.1s] IOs:    826970848  IOPS:   308098  Throughput:  1203.5 MB/s  Total: 3154.64 GB
[ 2684.5s] IOs:    827071766  IOPS:   308095  Throughput:  1203.5 MB/s  Total: 3155.03 GB
[ 2684.7s] IOs:    827172382  IOPS:   308102  Throughput:  1203.5 MB/s  Total: 3155.41 GB
[ 2685.1s] IOs:    827273050  IOPS:   308099  Throughput:  1203.5 MB/s  Total: 3155.80 GB
[ 2685.3s] IOs:    827373820  IOPS:   308111  Throughput:  1203.6 MB/s  Total: 3156.18 GB
[ 2685.6s] IOs:    827474589  IOPS:   308114  Throughput:  1203.6 MB/s  Total: 3156.57 GB
[ 2686.1s] IOs:    827575133  IOPS:   308092  Throughput:  1203.5 MB/s  Total: 3156.95 GB
[ 2686.4s] IOs:    827675746  IOPS:   308093  Throughput:  1203.5 MB/s  Total: 3157.33 GB
[ 2686.7s] IOs:    827775776  IOPS:   308104  Throughput:  1203.5 MB/s  Total: 3157.71 GB
[ 2687.2s] IOs:    827876288  IOPS:   308083  Throughput:  1203.4 MB/s  Total: 3158.10 GB
[ 2687.6s] IOs:    827977007  IOPS:   308078  Throughput:  1203.4 MB/s  Total: 3158.48 GB
[ 2687.8s] IOs:    828077038  IOPS:   308088  Throughput:  1203.5 MB/s  Total: 3158.86 GB
[ 2688.3s] IOs:    828177795  IOPS:   308069  Throughput:  1203.4 MB/s  Total: 3159.25 GB
[ 2688.6s] IOs:    828278295  IOPS:   308068  Throughput:  1203.4 MB/s  Total: 3159.63 GB
[ 2688.9s] IOs:    828378674  IOPS:   308077  Throughput:  1203.4 MB/s  Total: 3160.01 GB
[ 2689.2s] IOs:    828479591  IOPS:   308075  Throughput:  1203.4 MB/s  Total: 3160.40 GB
[ 2689.6s] IOs:    828580441  IOPS:   308068  Throughput:  1203.4 MB/s  Total: 3160.78 GB
[ 2689.9s] IOs:    828681322  IOPS:   308076  Throughput:  1203.4 MB/s  Total: 3161.17 GB
[ 2690.2s] IOs:    828781797  IOPS:   308077  Throughput:  1203.4 MB/s  Total: 3161.55 GB
[ 2690.5s] IOs:    828882448  IOPS:   308078  Throughput:  1203.4 MB/s  Total: 3161.94 GB
[ 2690.7s] IOs:    828983380  IOPS:   308088  Throughput:  1203.5 MB/s  Total: 3162.32 GB
[ 2691.1s] IOs:    829084180  IOPS:   308084  Throughput:  1203.5 MB/s  Total: 3162.71 GB
[ 2691.3s] IOs:    829184819  IOPS:   308095  Throughput:  1203.5 MB/s  Total: 3163.09 GB
[ 2691.7s] IOs:    829285371  IOPS:   308089  Throughput:  1203.5 MB/s  Total: 3163.47 GB
[ 2692.3s] IOs:    829386013  IOPS:   308062  Throughput:  1203.4 MB/s  Total: 3163.86 GB
[ 2692.6s] IOs:    829486614  IOPS:   308067  Throughput:  1203.4 MB/s  Total: 3164.24 GB
[ 2692.8s] IOs:    829587212  IOPS:   308081  Throughput:  1203.4 MB/s  Total: 3164.62 GB
[ 2693.2s] IOs:    829687690  IOPS:   308066  Throughput:  1203.4 MB/s  Total: 3165.01 GB
[ 2693.6s] IOs:    829788132  IOPS:   308063  Throughput:  1203.4 MB/s  Total: 3165.39 GB
[ 2693.8s] IOs:    829888702  IOPS:   308076  Throughput:  1203.4 MB/s  Total: 3165.77 GB
[ 2694.2s] IOs:    829989637  IOPS:   308068  Throughput:  1203.4 MB/s  Total: 3166.16 GB
[ 2694.5s] IOs:    830090320  IOPS:   308067  Throughput:  1203.4 MB/s  Total: 3166.54 GB
[ 2694.8s] IOs:    830191026  IOPS:   308073  Throughput:  1203.4 MB/s  Total: 3166.93 GB
[ 2695.1s] IOs:    830291719  IOPS:   308079  Throughput:  1203.4 MB/s  Total: 3167.31 GB
[ 2695.3s] IOs:    830392625  IOPS:   308091  Throughput:  1203.5 MB/s  Total: 3167.70 GB
[ 2695.6s] IOs:    830493138  IOPS:   308087  Throughput:  1203.5 MB/s  Total: 3168.08 GB
[ 2695.9s] IOs:    830593848  IOPS:   308098  Throughput:  1203.5 MB/s  Total: 3168.46 GB
[ 2696.1s] IOs:    830694307  IOPS:   308107  Throughput:  1203.5 MB/s  Total: 3168.85 GB
[ 2696.5s] IOs:    830794883  IOPS:   308100  Throughput:  1203.5 MB/s  Total: 3169.23 GB
[ 2696.7s] IOs:    830895461  IOPS:   308110  Throughput:  1203.6 MB/s  Total: 3169.61 GB
[ 2697.1s] IOs:    830995774  IOPS:   308110  Throughput:  1203.6 MB/s  Total: 3170.00 GB
[ 2697.3s] IOs:    831096458  IOPS:   308116  Throughput:  1203.6 MB/s  Total: 3170.38 GB
[ 2697.6s] IOs:    831196985  IOPS:   308121  Throughput:  1203.6 MB/s  Total: 3170.76 GB
[ 2697.9s] IOs:    831297560  IOPS:   308133  Throughput:  1203.6 MB/s  Total: 3171.15 GB
[ 2698.2s] IOs:    831398024  IOPS:   308133  Throughput:  1203.6 MB/s  Total: 3171.53 GB
[ 2698.4s] IOs:    831498840  IOPS:   308144  Throughput:  1203.7 MB/s  Total: 3171.92 GB
[ 2698.7s] IOs:    831599421  IOPS:   308149  Throughput:  1203.7 MB/s  Total: 3172.30 GB
[ 2699.1s] IOs:    831700088  IOPS:   308144  Throughput:  1203.7 MB/s  Total: 3172.68 GB
[ 2699.3s] IOs:    831800876  IOPS:   308156  Throughput:  1203.7 MB/s  Total: 3173.07 GB
[ 2699.6s] IOs:    831901268  IOPS:   308158  Throughput:  1203.7 MB/s  Total: 3173.45 GB
[ 2699.8s] IOs:    832001651  IOPS:   308170  Throughput:  1203.8 MB/s  Total: 3173.83 GB
[ 2700.1s] IOs:    832102554  IOPS:   308175  Throughput:  1203.8 MB/s  Total: 3174.22 GB
[ 2700.4s] IOs:    832203436  IOPS:   308179  Throughput:  1203.8 MB/s  Total: 3174.60 GB
[ 2700.6s] IOs:    832304185  IOPS:   308188  Throughput:  1203.9 MB/s  Total: 3174.99 GB
[ 2700.9s] IOs:    832404805  IOPS:   308199  Throughput:  1203.9 MB/s  Total: 3175.37 GB
[Reader] Parsed 105000000 lines, distributed 832457648 writes, unique 720.00 GB, skipped 34525990
[ 2701.1s] IOs:    832505435  IOPS:   308205  Throughput:  1203.9 MB/s  Total: 3175.76 GB
[ 2701.4s] IOs:    832606347  IOPS:   308214  Throughput:  1204.0 MB/s  Total: 3176.14 GB
[ 2701.7s] IOs:    832707238  IOPS:   308218  Throughput:  1204.0 MB/s  Total: 3176.53 GB
[ 2701.9s] IOs:    832807750  IOPS:   308229  Throughput:  1204.0 MB/s  Total: 3176.91 GB
[ 2702.1s] IOs:    832908445  IOPS:   308242  Throughput:  1204.1 MB/s  Total: 3177.29 GB
[ 2702.6s] IOs:    833009067  IOPS:   308226  Throughput:  1204.0 MB/s  Total: 3177.68 GB
[ 2702.8s] IOs:    833109677  IOPS:   308238  Throughput:  1204.1 MB/s  Total: 3178.06 GB
[ 2703.3s] IOs:    833210411  IOPS:   308219  Throughput:  1204.0 MB/s  Total: 3178.45 GB
[ 2703.6s] IOs:    833310906  IOPS:   308219  Throughput:  1204.0 MB/s  Total: 3178.83 GB
[ 2703.9s] IOs:    833411641  IOPS:   308230  Throughput:  1204.0 MB/s  Total: 3179.21 GB
[ 2704.4s] IOs:    833512327  IOPS:   308212  Throughput:  1204.0 MB/s  Total: 3179.60 GB
[ 2704.6s] IOs:    833613230  IOPS:   308219  Throughput:  1204.0 MB/s  Total: 3179.98 GB
[ 2704.9s] IOs:    833713831  IOPS:   308228  Throughput:  1204.0 MB/s  Total: 3180.37 GB
[ 2705.2s] IOs:    833814298  IOPS:   308227  Throughput:  1204.0 MB/s  Total: 3180.75 GB
[ 2705.6s] IOs:    833914764  IOPS:   308219  Throughput:  1204.0 MB/s  Total: 3181.13 GB
[ 2705.8s] IOs:    834015324  IOPS:   308228  Throughput:  1204.0 MB/s  Total: 3181.52 GB
[ 2706.1s] IOs:    834115836  IOPS:   308231  Throughput:  1204.0 MB/s  Total: 3181.90 GB
[ 2706.4s] IOs:    834216479  IOPS:   308241  Throughput:  1204.1 MB/s  Total: 3182.28 GB
[ 2706.7s] IOs:    834317217  IOPS:   308237  Throughput:  1204.1 MB/s  Total: 3182.67 GB
[ 2707.0s] IOs:    834418240  IOPS:   308240  Throughput:  1204.1 MB/s  Total: 3183.05 GB
[ 2707.3s] IOs:    834518880  IOPS:   308252  Throughput:  1204.1 MB/s  Total: 3183.44 GB
[ 2707.6s] IOs:    834619608  IOPS:   308251  Throughput:  1204.1 MB/s  Total: 3183.82 GB
[ 2707.8s] IOs:    834720520  IOPS:   308267  Throughput:  1204.2 MB/s  Total: 3184.21 GB
[ 2708.2s] IOs:    834820910  IOPS:   308261  Throughput:  1204.1 MB/s  Total: 3184.59 GB
[ 2708.4s] IOs:    834921345  IOPS:   308275  Throughput:  1204.2 MB/s  Total: 3184.97 GB
[ 2708.7s] IOs:    835022180  IOPS:   308274  Throughput:  1204.2 MB/s  Total: 3185.36 GB
[ 2708.9s] IOs:    835122546  IOPS:   308285  Throughput:  1204.2 MB/s  Total: 3185.74 GB
[ 2709.2s] IOs:    835222593  IOPS:   308295  Throughput:  1204.3 MB/s  Total: 3186.12 GB
[ 2709.3s] IOs:    835323185  IOPS:   308311  Throughput:  1204.3 MB/s  Total: 3186.51 GB
[ 2709.7s] IOs:    835423585  IOPS:   308312  Throughput:  1204.3 MB/s  Total: 3186.89 GB
[ 2709.9s] IOs:    835523706  IOPS:   308325  Throughput:  1204.4 MB/s  Total: 3187.27 GB
[ 2710.2s] IOs:    835624725  IOPS:   308329  Throughput:  1204.4 MB/s  Total: 3187.66 GB
[ 2710.5s] IOs:    835724944  IOPS:   308327  Throughput:  1204.4 MB/s  Total: 3188.04 GB
[ 2710.7s] IOs:    835825814  IOPS:   308340  Throughput:  1204.5 MB/s  Total: 3188.42 GB
[ 2711.1s] IOs:    835926768  IOPS:   308338  Throughput:  1204.4 MB/s  Total: 3188.81 GB
[ 2711.3s] IOs:    836027323  IOPS:   308350  Throughput:  1204.5 MB/s  Total: 3189.19 GB
[ 2711.6s] IOs:    836128112  IOPS:   308352  Throughput:  1204.5 MB/s  Total: 3189.58 GB
[ 2711.8s] IOs:    836228524  IOPS:   308370  Throughput:  1204.6 MB/s  Total: 3189.96 GB
[ 2712.1s] IOs:    836328786  IOPS:   308365  Throughput:  1204.6 MB/s  Total: 3190.34 GB
[ 2712.3s] IOs:    836429093  IOPS:   308382  Throughput:  1204.6 MB/s  Total: 3190.72 GB
[ 2712.6s] IOs:    836529664  IOPS:   308386  Throughput:  1204.6 MB/s  Total: 3191.11 GB
[ 2712.8s] IOs:    836629785  IOPS:   308403  Throughput:  1204.7 MB/s  Total: 3191.49 GB
[ 2713.1s] IOs:    836729792  IOPS:   308406  Throughput:  1204.7 MB/s  Total: 3191.87 GB
[ 2713.3s] IOs:    836830312  IOPS:   308423  Throughput:  1204.8 MB/s  Total: 3192.25 GB
[ 2713.5s] IOs:    836930699  IOPS:   308428  Throughput:  1204.8 MB/s  Total: 3192.64 GB
[ 2713.9s] IOs:    837030780  IOPS:   308425  Throughput:  1204.8 MB/s  Total: 3193.02 GB
[ 2714.1s] IOs:    837131065  IOPS:   308442  Throughput:  1204.8 MB/s  Total: 3193.40 GB
[ 2714.3s] IOs:    837231670  IOPS:   308457  Throughput:  1204.9 MB/s  Total: 3193.79 GB
[ 2714.6s] IOs:    837332261  IOPS:   308458  Throughput:  1204.9 MB/s  Total: 3194.17 GB
[ 2714.8s] IOs:    837432688  IOPS:   308469  Throughput:  1205.0 MB/s  Total: 3194.55 GB
[ 2715.1s] IOs:    837533284  IOPS:   308475  Throughput:  1205.0 MB/s  Total: 3194.94 GB
[ 2715.3s] IOs:    837633854  IOPS:   308491  Throughput:  1205.0 MB/s  Total: 3195.32 GB
[ 2715.6s] IOs:    837733995  IOPS:   308495  Throughput:  1205.1 MB/s  Total: 3195.70 GB
[ 2715.7s] IOs:    837834919  IOPS:   308512  Throughput:  1205.1 MB/s  Total: 3196.09 GB
[ 2715.9s] IOs:    837935604  IOPS:   308529  Throughput:  1205.2 MB/s  Total: 3196.47 GB
[ 2716.2s] IOs:    838036127  IOPS:   308535  Throughput:  1205.2 MB/s  Total: 3196.85 GB
[ 2716.4s] IOs:    838136178  IOPS:   308550  Throughput:  1205.3 MB/s  Total: 3197.24 GB
[ 2716.6s] IOs:    838236991  IOPS:   308558  Throughput:  1205.3 MB/s  Total: 3197.62 GB
[ 2716.8s] IOs:    838337858  IOPS:   308574  Throughput:  1205.4 MB/s  Total: 3198.01 GB
[ 2717.0s] IOs:    838438484  IOPS:   308586  Throughput:  1205.4 MB/s  Total: 3198.39 GB
[ 2717.2s] IOs:    838538806  IOPS:   308602  Throughput:  1205.5 MB/s  Total: 3198.77 GB
[ 2717.4s] IOs:    838639559  IOPS:   308615  Throughput:  1205.5 MB/s  Total: 3199.16 GB
[ 2717.7s] IOs:    838740351  IOPS:   308626  Throughput:  1205.6 MB/s  Total: 3199.54 GB
[ 2717.8s] IOs:    838841246  IOPS:   308643  Throughput:  1205.6 MB/s  Total: 3199.93 GB
[ 2718.1s] IOs:    838941805  IOPS:   308653  Throughput:  1205.7 MB/s  Total: 3200.31 GB
[ 2718.2s] IOs:    839042136  IOPS:   308670  Throughput:  1205.7 MB/s  Total: 3200.69 GB
[ 2718.4s] IOs:    839142534  IOPS:   308686  Throughput:  1205.8 MB/s  Total: 3201.07 GB
[ 2718.6s] IOs:    839243360  IOPS:   308699  Throughput:  1205.9 MB/s  Total: 3201.46 GB
[ 2718.8s] IOs:    839344202  IOPS:   308716  Throughput:  1205.9 MB/s  Total: 3201.84 GB
[ 2719.0s] IOs:    839444649  IOPS:   308733  Throughput:  1206.0 MB/s  Total: 3202.23 GB
[ 2719.3s] IOs:    839544978  IOPS:   308733  Throughput:  1206.0 MB/s  Total: 3202.61 GB
[ 2719.5s] IOs:    839645414  IOPS:   308751  Throughput:  1206.1 MB/s  Total: 3202.99 GB
[ 2719.7s] IOs:    839745631  IOPS:   308765  Throughput:  1206.1 MB/s  Total: 3203.38 GB
[ 2719.9s] IOs:    839845816  IOPS:   308782  Throughput:  1206.2 MB/s  Total: 3203.76 GB
[ 2720.1s] IOs:    839945824  IOPS:   308790  Throughput:  1206.2 MB/s  Total: 3204.14 GB
[ 2720.3s] IOs:    840046544  IOPS:   308806  Throughput:  1206.3 MB/s  Total: 3204.52 GB
[ 2720.6s] IOs:    840146945  IOPS:   308815  Throughput:  1206.3 MB/s  Total: 3204.91 GB
[ 2720.7s] IOs:    840247943  IOPS:   308832  Throughput:  1206.4 MB/s  Total: 3205.29 GB
[ 2720.9s] IOs:    840348832  IOPS:   308848  Throughput:  1206.4 MB/s  Total: 3205.68 GB
[ 2721.2s] IOs:    840449567  IOPS:   308854  Throughput:  1206.5 MB/s  Total: 3206.06 GB
[ 2721.4s] IOs:    840549789  IOPS:   308872  Throughput:  1206.5 MB/s  Total: 3206.44 GB
[ 2721.6s] IOs:    840650156  IOPS:   308879  Throughput:  1206.6 MB/s  Total: 3206.83 GB
[ 2721.8s] IOs:    840750575  IOPS:   308897  Throughput:  1206.6 MB/s  Total: 3207.21 GB
[ 2722.0s] IOs:    840850683  IOPS:   308905  Throughput:  1206.7 MB/s  Total: 3207.59 GB
[ 2722.2s] IOs:    840951452  IOPS:   308920  Throughput:  1206.7 MB/s  Total: 3207.98 GB
[ 2722.4s] IOs:    841051637  IOPS:   308937  Throughput:  1206.8 MB/s  Total: 3208.36 GB
[ 2722.7s] IOs:    841151711  IOPS:   308937  Throughput:  1206.8 MB/s  Total: 3208.74 GB
[ 2722.9s] IOs:    841252186  IOPS:   308953  Throughput:  1206.8 MB/s  Total: 3209.12 GB
[ 2723.2s] IOs:    841353030  IOPS:   308963  Throughput:  1206.9 MB/s  Total: 3209.51 GB
[Reader] Parsed 106000000 lines, distributed 841444491 writes, unique 720.00 GB, skipped 36922464
[ 2723.3s] IOs:    841453545  IOPS:   308979  Throughput:  1206.9 MB/s  Total: 3209.89 GB
[ 2723.5s] IOs:    841554326  IOPS:   308996  Throughput:  1207.0 MB/s  Total: 3210.27 GB
[ 2723.7s] IOs:    841654491  IOPS:   309009  Throughput:  1207.1 MB/s  Total: 3210.66 GB
[ 2723.9s] IOs:    841754744  IOPS:   309025  Throughput:  1207.1 MB/s  Total: 3211.04 GB
[ 2724.2s] IOs:    841855116  IOPS:   309034  Throughput:  1207.2 MB/s  Total: 3211.42 GB
[ 2724.3s] IOs:    841955988  IOPS:   309051  Throughput:  1207.2 MB/s  Total: 3211.81 GB
[ 2724.6s] IOs:    842056662  IOPS:   309062  Throughput:  1207.3 MB/s  Total: 3212.19 GB
[ 2724.7s] IOs:    842156940  IOPS:   309079  Throughput:  1207.3 MB/s  Total: 3212.57 GB
[ 2724.9s] IOs:    842257620  IOPS:   309095  Throughput:  1207.4 MB/s  Total: 3212.96 GB
[ 2725.1s] IOs:    842358235  IOPS:   309109  Throughput:  1207.5 MB/s  Total: 3213.34 GB
[ 2725.3s] IOs:    842458712  IOPS:   309125  Throughput:  1207.5 MB/s  Total: 3213.72 GB
[ 2725.5s] IOs:    842559474  IOPS:   309139  Throughput:  1207.6 MB/s  Total: 3214.11 GB
[ 2725.7s] IOs:    842659969  IOPS:   309156  Throughput:  1207.6 MB/s  Total: 3214.49 GB
[ 2725.9s] IOs:    842760166  IOPS:   309172  Throughput:  1207.7 MB/s  Total: 3214.87 GB
[ 2726.0s] IOs:    842860971  IOPS:   309189  Throughput:  1207.8 MB/s  Total: 3215.26 GB
[ 2726.2s] IOs:    842961858  IOPS:   309205  Throughput:  1207.8 MB/s  Total: 3215.64 GB
[ 2731.4s] IOs:    843062075  IOPS:   308654  Throughput:  1205.7 MB/s  Total: 3216.03 GB
[ 2731.6s] IOs:    843162899  IOPS:   308665  Throughput:  1205.7 MB/s  Total: 3216.41 GB
[ 2732.0s] IOs:    843263401  IOPS:   308663  Throughput:  1205.7 MB/s  Total: 3216.79 GB
[ 2732.2s] IOs:    843363630  IOPS:   308673  Throughput:  1205.8 MB/s  Total: 3217.18 GB
[ 2732.6s] IOs:    843463902  IOPS:   308673  Throughput:  1205.8 MB/s  Total: 3217.56 GB
[ 2732.9s] IOs:    843564599  IOPS:   308672  Throughput:  1205.8 MB/s  Total: 3217.94 GB
[ 2733.1s] IOs:    843665281  IOPS:   308683  Throughput:  1205.8 MB/s  Total: 3218.33 GB
[ 2733.4s] IOs:    843765665  IOPS:   308686  Throughput:  1205.8 MB/s  Total: 3218.71 GB
[ 2733.6s] IOs:    843866106  IOPS:   308697  Throughput:  1205.8 MB/s  Total: 3219.09 GB
[ 2733.9s] IOs:    843966936  IOPS:   308701  Throughput:  1205.9 MB/s  Total: 3219.48 GB
[ 2734.2s] IOs:    844067609  IOPS:   308712  Throughput:  1205.9 MB/s  Total: 3219.86 GB
[ 2734.7s] IOs:    844168180  IOPS:   308691  Throughput:  1205.8 MB/s  Total: 3220.25 GB
[ 2734.9s] IOs:    844268188  IOPS:   308699  Throughput:  1205.9 MB/s  Total: 3220.63 GB
[ 2735.5s] IOs:    844368218  IOPS:   308671  Throughput:  1205.7 MB/s  Total: 3221.01 GB
[ 2736.0s] IOs:    844468805  IOPS:   308652  Throughput:  1205.7 MB/s  Total: 3221.39 GB
[ 2736.4s] IOs:    844569261  IOPS:   308643  Throughput:  1205.6 MB/s  Total: 3221.78 GB
[ 2741.0s] IOs:    844669700  IOPS:   308162  Throughput:  1203.8 MB/s  Total: 3222.16 GB
[ 2741.8s] IOs:    844769707  IOPS:   308108  Throughput:  1203.5 MB/s  Total: 3222.54 GB
[ 2742.4s] IOs:    844870574  IOPS:   308079  Throughput:  1203.4 MB/s  Total: 3222.93 GB
[ 2742.9s] IOs:    844970993  IOPS:   308055  Throughput:  1203.3 MB/s  Total: 3223.31 GB
[ 2743.5s] IOs:    845071430  IOPS:   308028  Throughput:  1203.2 MB/s  Total: 3223.69 GB
[ 2744.1s] IOs:    845172191  IOPS:   308001  Throughput:  1203.1 MB/s  Total: 3224.08 GB
[ 2744.6s] IOs:    845272223  IOPS:   307978  Throughput:  1203.0 MB/s  Total: 3224.46 GB
[ 2745.1s] IOs:    845373046  IOPS:   307962  Throughput:  1203.0 MB/s  Total: 3224.84 GB
[ 2745.6s] IOs:    845473601  IOPS:   307937  Throughput:  1202.9 MB/s  Total: 3225.23 GB
[ 2746.0s] IOs:    845574005  IOPS:   307929  Throughput:  1202.8 MB/s  Total: 3225.61 GB
[ 2746.5s] IOs:    845674640  IOPS:   307905  Throughput:  1202.8 MB/s  Total: 3225.99 GB
[ 2746.9s] IOs:    845775254  IOPS:   307897  Throughput:  1202.7 MB/s  Total: 3226.38 GB
[ 2747.4s] IOs:    845875256  IOPS:   307882  Throughput:  1202.7 MB/s  Total: 3226.76 GB
[ 2747.9s] IOs:    845975986  IOPS:   307862  Throughput:  1202.6 MB/s  Total: 3227.14 GB
[ 2748.5s] IOs:    846076299  IOPS:   307834  Throughput:  1202.5 MB/s  Total: 3227.52 GB
[ 2749.0s] IOs:    846176645  IOPS:   307813  Throughput:  1202.4 MB/s  Total: 3227.91 GB
[ 2752.3s] IOs:    846277234  IOPS:   307477  Throughput:  1201.1 MB/s  Total: 3228.29 GB
[ 2753.0s] IOs:    846377898  IOPS:   307442  Throughput:  1200.9 MB/s  Total: 3228.68 GB
[ 2753.8s] IOs:    846478609  IOPS:   307384  Throughput:  1200.7 MB/s  Total: 3229.06 GB
[ 2754.5s] IOs:    846579052  IOPS:   307348  Throughput:  1200.6 MB/s  Total: 3229.44 GB
[ 2755.0s] IOs:    846679853  IOPS:   307328  Throughput:  1200.5 MB/s  Total: 3229.83 GB
[ 2755.5s] IOs:    846780464  IOPS:   307307  Throughput:  1200.4 MB/s  Total: 3230.21 GB
[ 2756.0s] IOs:    846881218  IOPS:   307282  Throughput:  1200.3 MB/s  Total: 3230.60 GB
[ 2756.7s] IOs:    846982052  IOPS:   307242  Throughput:  1200.2 MB/s  Total: 3230.98 GB
[ 2757.0s] IOs:    847082577  IOPS:   307251  Throughput:  1200.2 MB/s  Total: 3231.36 GB
[ 2757.5s] IOs:    847183176  IOPS:   307224  Throughput:  1200.1 MB/s  Total: 3231.75 GB
[ 2758.0s] IOs:    847283700  IOPS:   307207  Throughput:  1200.0 MB/s  Total: 3232.13 GB
[ 2758.6s] IOs:    847384589  IOPS:   307179  Throughput:  1199.9 MB/s  Total: 3232.52 GB
[ 2758.9s] IOs:    847485533  IOPS:   307184  Throughput:  1199.9 MB/s  Total: 3232.90 GB
[ 2759.4s] IOs:    847585974  IOPS:   307162  Throughput:  1199.9 MB/s  Total: 3233.28 GB
[ 2759.8s] IOs:    847686385  IOPS:   307151  Throughput:  1199.8 MB/s  Total: 3233.67 GB
[ 2760.4s] IOs:    847787328  IOPS:   307125  Throughput:  1199.7 MB/s  Total: 3234.05 GB
[ 2760.8s] IOs:    847887969  IOPS:   307115  Throughput:  1199.7 MB/s  Total: 3234.44 GB
[ 2761.3s] IOs:    847988921  IOPS:   307097  Throughput:  1199.6 MB/s  Total: 3234.82 GB
[ 2761.5s] IOs:    848089637  IOPS:   307107  Throughput:  1199.6 MB/s  Total: 3235.21 GB
[ 2762.2s] IOs:    848190440  IOPS:   307075  Throughput:  1199.5 MB/s  Total: 3235.59 GB
[ 2762.4s] IOs:    848290817  IOPS:   307080  Throughput:  1199.5 MB/s  Total: 3235.97 GB
[ 2763.0s] IOs:    848391604  IOPS:   307056  Throughput:  1199.4 MB/s  Total: 3236.36 GB
[ 2763.3s] IOs:    848492140  IOPS:   307054  Throughput:  1199.4 MB/s  Total: 3236.74 GB
[ 2763.6s] IOs:    848592577  IOPS:   307062  Throughput:  1199.5 MB/s  Total: 3237.12 GB
[ 2764.0s] IOs:    848693397  IOPS:   307050  Throughput:  1199.4 MB/s  Total: 3237.51 GB
[ 2764.5s] IOs:    848794107  IOPS:   307037  Throughput:  1199.4 MB/s  Total: 3237.89 GB
[ 2764.9s] IOs:    848894877  IOPS:   307024  Throughput:  1199.3 MB/s  Total: 3238.28 GB
[ 2765.3s] IOs:    848995873  IOPS:   307014  Throughput:  1199.3 MB/s  Total: 3238.66 GB
[ 2765.6s] IOs:    849096747  IOPS:   307019  Throughput:  1199.3 MB/s  Total: 3239.05 GB
[ 2766.0s] IOs:    849197192  IOPS:   307016  Throughput:  1199.3 MB/s  Total: 3239.43 GB
[ 2766.3s] IOs:    849297465  IOPS:   307011  Throughput:  1199.3 MB/s  Total: 3239.81 GB
[ 2766.6s] IOs:    849398205  IOPS:   307022  Throughput:  1199.3 MB/s  Total: 3240.20 GB
[ 2767.0s] IOs:    849498772  IOPS:   307014  Throughput:  1199.3 MB/s  Total: 3240.58 GB
[ 2767.3s] IOs:    849599713  IOPS:   307010  Throughput:  1199.3 MB/s  Total: 3240.97 GB
[ 2767.6s] IOs:    849700385  IOPS:   307016  Throughput:  1199.3 MB/s  Total: 3241.35 GB
[ 2768.0s] IOs:    849800949  IOPS:   307014  Throughput:  1199.3 MB/s  Total: 3241.73 GB
[ 2768.4s] IOs:    849901655  IOPS:   307004  Throughput:  1199.2 MB/s  Total: 3242.12 GB
[ 2768.6s] IOs:    850002566  IOPS:   307015  Throughput:  1199.3 MB/s  Total: 3242.50 GB
[ 2768.9s] IOs:    850103328  IOPS:   307020  Throughput:  1199.3 MB/s  Total: 3242.89 GB
[ 2769.1s] IOs:    850203743  IOPS:   307031  Throughput:  1199.3 MB/s  Total: 3243.27 GB
[ 2769.6s] IOs:    850304289  IOPS:   307014  Throughput:  1199.3 MB/s  Total: 3243.65 GB
[ 2769.9s] IOs:    850404884  IOPS:   307019  Throughput:  1199.3 MB/s  Total: 3244.04 GB
[ 2770.1s] IOs:    850505033  IOPS:   307030  Throughput:  1199.3 MB/s  Total: 3244.42 GB
[ 2770.4s] IOs:    850606046  IOPS:   307030  Throughput:  1199.3 MB/s  Total: 3244.80 GB
[Reader] Parsed 107000000 lines, distributed 850702998 writes, unique 720.00 GB, skipped 39725072
[ 2770.7s] IOs:    850706766  IOPS:   307035  Throughput:  1199.4 MB/s  Total: 3245.19 GB
[ 2771.0s] IOs:    850807111  IOPS:   307043  Throughput:  1199.4 MB/s  Total: 3245.57 GB
[ 2771.2s] IOs:    850907419  IOPS:   307053  Throughput:  1199.4 MB/s  Total: 3245.95 GB
[ 2771.5s] IOs:    851008191  IOPS:   307059  Throughput:  1199.5 MB/s  Total: 3246.34 GB
[ 2771.7s] IOs:    851109096  IOPS:   307068  Throughput:  1199.5 MB/s  Total: 3246.72 GB
[ 2772.0s] IOs:    851209974  IOPS:   307073  Throughput:  1199.5 MB/s  Total: 3247.11 GB
[ 2772.2s] IOs:    851310264  IOPS:   307083  Throughput:  1199.5 MB/s  Total: 3247.49 GB
[ 2772.6s] IOs:    851410812  IOPS:   307085  Throughput:  1199.6 MB/s  Total: 3247.87 GB
[ 2772.8s] IOs:    851511336  IOPS:   307096  Throughput:  1199.6 MB/s  Total: 3248.26 GB
[ 2773.0s] IOs:    851612018  IOPS:   307107  Throughput:  1199.6 MB/s  Total: 3248.64 GB
[ 2773.3s] IOs:    851712893  IOPS:   307115  Throughput:  1199.7 MB/s  Total: 3249.03 GB
[ 2773.5s] IOs:    851813234  IOPS:   307126  Throughput:  1199.7 MB/s  Total: 3249.41 GB
[ 2773.7s] IOs:    851913492  IOPS:   307138  Throughput:  1199.8 MB/s  Total: 3249.79 GB
[ 2774.0s] IOs:    852013856  IOPS:   307144  Throughput:  1199.8 MB/s  Total: 3250.17 GB
[ 2774.2s] IOs:    852114690  IOPS:   307155  Throughput:  1199.8 MB/s  Total: 3250.56 GB
[ 2774.4s] IOs:    852215299  IOPS:   307167  Throughput:  1199.9 MB/s  Total: 3250.94 GB
[ 2774.7s] IOs:    852315867  IOPS:   307178  Throughput:  1199.9 MB/s  Total: 3251.33 GB
[ 2775.1s] IOs:    852416462  IOPS:   307169  Throughput:  1199.9 MB/s  Total: 3251.71 GB
[ 2775.3s] IOs:    852517166  IOPS:   307182  Throughput:  1199.9 MB/s  Total: 3252.09 GB
[ 2775.5s] IOs:    852618115  IOPS:   307195  Throughput:  1200.0 MB/s  Total: 3252.48 GB
[ 2775.7s] IOs:    852719094  IOPS:   307209  Throughput:  1200.0 MB/s  Total: 3252.87 GB
[ 2776.1s] IOs:    852819658  IOPS:   307199  Throughput:  1200.0 MB/s  Total: 3253.25 GB
[ 2776.4s] IOs:    852920026  IOPS:   307202  Throughput:  1200.0 MB/s  Total: 3253.63 GB
[ 2776.7s] IOs:    853020568  IOPS:   307212  Throughput:  1200.0 MB/s  Total: 3254.02 GB
[ 2777.0s] IOs:    853121273  IOPS:   307211  Throughput:  1200.0 MB/s  Total: 3254.40 GB
[ 2777.2s] IOs:    853222240  IOPS:   307225  Throughput:  1200.1 MB/s  Total: 3254.78 GB
[ 2777.5s] IOs:    853323208  IOPS:   307231  Throughput:  1200.1 MB/s  Total: 3255.17 GB
[ 2777.7s] IOs:    853423694  IOPS:   307241  Throughput:  1200.2 MB/s  Total: 3255.55 GB
[ 2778.0s] IOs:    853524140  IOPS:   307248  Throughput:  1200.2 MB/s  Total: 3255.94 GB
[ 2778.2s] IOs:    853624802  IOPS:   307261  Throughput:  1200.2 MB/s  Total: 3256.32 GB
[ 2778.6s] IOs:    853725274  IOPS:   307251  Throughput:  1200.2 MB/s  Total: 3256.70 GB
[ 2778.8s] IOs:    853825684  IOPS:   307265  Throughput:  1200.3 MB/s  Total: 3257.09 GB
[ 2779.0s] IOs:    853925785  IOPS:   307279  Throughput:  1200.3 MB/s  Total: 3257.47 GB
[ 2779.2s] IOs:    854025948  IOPS:   307294  Throughput:  1200.4 MB/s  Total: 3257.85 GB
[ 2779.5s] IOs:    854126315  IOPS:   307291  Throughput:  1200.4 MB/s  Total: 3258.23 GB
[ 2779.7s] IOs:    854226798  IOPS:   307306  Throughput:  1200.4 MB/s  Total: 3258.62 GB
[ 2780.0s] IOs:    854327637  IOPS:   307307  Throughput:  1200.4 MB/s  Total: 3259.00 GB
[ 2780.4s] IOs:    854428189  IOPS:   307305  Throughput:  1200.4 MB/s  Total: 3259.38 GB
[ 2780.6s] IOs:    854528352  IOPS:   307319  Throughput:  1200.5 MB/s  Total: 3259.77 GB
[ 2780.9s] IOs:    854628657  IOPS:   307321  Throughput:  1200.5 MB/s  Total: 3260.15 GB
[ 2781.1s] IOs:    854729191  IOPS:   307333  Throughput:  1200.5 MB/s  Total: 3260.53 GB
[ 2781.4s] IOs:    854829845  IOPS:   307337  Throughput:  1200.5 MB/s  Total: 3260.92 GB
[ 2781.6s] IOs:    854930666  IOPS:   307352  Throughput:  1200.6 MB/s  Total: 3261.30 GB
[ 2781.9s] IOs:    855031311  IOPS:   307355  Throughput:  1200.6 MB/s  Total: 3261.69 GB
[ 2782.1s] IOs:    855132006  IOPS:   307372  Throughput:  1200.7 MB/s  Total: 3262.07 GB
[ 2782.4s] IOs:    855232279  IOPS:   307376  Throughput:  1200.7 MB/s  Total: 3262.45 GB
[ 2782.6s] IOs:    855333255  IOPS:   307392  Throughput:  1200.7 MB/s  Total: 3262.84 GB
[ 2782.8s] IOs:    855433482  IOPS:   307405  Throughput:  1200.8 MB/s  Total: 3263.22 GB
[ 2783.0s] IOs:    855534042  IOPS:   307414  Throughput:  1200.8 MB/s  Total: 3263.60 GB
[ 2783.2s] IOs:    855634783  IOPS:   307431  Throughput:  1200.9 MB/s  Total: 3263.99 GB
[ 2784.5s] IOs:    855735378  IOPS:   307316  Throughput:  1200.5 MB/s  Total: 3264.37 GB
[ 2784.9s] IOs:    855836043  IOPS:   307318  Throughput:  1200.5 MB/s  Total: 3264.76 GB
[ 2785.0s] IOs:    855936722  IOPS:   307334  Throughput:  1200.5 MB/s  Total: 3265.14 GB
[ 2785.4s] IOs:    856037293  IOPS:   307327  Throughput:  1200.5 MB/s  Total: 3265.52 GB
[ 2785.6s] IOs:    856138138  IOPS:   307343  Throughput:  1200.6 MB/s  Total: 3265.91 GB
[ 2785.9s] IOs:    856238708  IOPS:   307351  Throughput:  1200.6 MB/s  Total: 3266.29 GB
[ 2786.1s] IOs:    856339655  IOPS:   307361  Throughput:  1200.6 MB/s  Total: 3266.68 GB
[ 2786.4s] IOs:    856440395  IOPS:   307370  Throughput:  1200.7 MB/s  Total: 3267.06 GB
[ 2786.5s] IOs:    856541163  IOPS:   307385  Throughput:  1200.7 MB/s  Total: 3267.45 GB
[ 2786.7s] IOs:    856641851  IOPS:   307400  Throughput:  1200.8 MB/s  Total: 3267.83 GB
[ 2787.0s] IOs:    856742531  IOPS:   307406  Throughput:  1200.8 MB/s  Total: 3268.21 GB
[ 2787.2s] IOs:    856842715  IOPS:   307423  Throughput:  1200.9 MB/s  Total: 3268.60 GB
[ 2787.5s] IOs:    856942988  IOPS:   307428  Throughput:  1200.9 MB/s  Total: 3268.98 GB
[ 2787.7s] IOs:    857043803  IOPS:   307443  Throughput:  1200.9 MB/s  Total: 3269.36 GB
[ 2787.9s] IOs:    857144700  IOPS:   307457  Throughput:  1201.0 MB/s  Total: 3269.75 GB
[ 2799.8s] IOs:    857245651  IOPS:   306183  Throughput:  1196.0 MB/s  Total: 3270.13 GB
[ 2800.2s] IOs:    857345985  IOPS:   306169  Throughput:  1196.0 MB/s  Total: 3270.52 GB
[ 2800.8s] IOs:    857446649  IOPS:   306140  Throughput:  1195.9 MB/s  Total: 3270.90 GB
[ 2801.4s] IOs:    857547368  IOPS:   306119  Throughput:  1195.8 MB/s  Total: 3271.28 GB
[ 2801.8s] IOs:    857648046  IOPS:   306104  Throughput:  1195.7 MB/s  Total: 3271.67 GB
[ 2802.4s] IOs:    857748819  IOPS:   306081  Throughput:  1195.6 MB/s  Total: 3272.05 GB
[ 2802.8s] IOs:    857848979  IOPS:   306064  Throughput:  1195.6 MB/s  Total: 3272.43 GB
[ 2803.4s] IOs:    857949686  IOPS:   306037  Throughput:  1195.5 MB/s  Total: 3272.82 GB
[ 2803.8s] IOs:    858050434  IOPS:   306034  Throughput:  1195.4 MB/s  Total: 3273.20 GB
[ 2804.3s] IOs:    858150843  IOPS:   306012  Throughput:  1195.4 MB/s  Total: 3273.59 GB
[ 2804.7s] IOs:    858251520  IOPS:   306002  Throughput:  1195.3 MB/s  Total: 3273.97 GB
[ 2805.2s] IOs:    858352321  IOPS:   305990  Throughput:  1195.3 MB/s  Total: 3274.35 GB
[ 2805.4s] IOs:    858453002  IOPS:   306000  Throughput:  1195.3 MB/s  Total: 3274.74 GB
[ 2805.8s] IOs:    858553813  IOPS:   305994  Throughput:  1195.3 MB/s  Total: 3275.12 GB
[ 2806.2s] IOs:    858654221  IOPS:   305985  Throughput:  1195.3 MB/s  Total: 3275.51 GB
[ 2806.4s] IOs:    858755066  IOPS:   305997  Throughput:  1195.3 MB/s  Total: 3275.89 GB
[ 2806.9s] IOs:    858855573  IOPS:   305977  Throughput:  1195.2 MB/s  Total: 3276.27 GB
[Reader] Parsed 108000000 lines, distributed 858938010 writes, unique 720.00 GB, skipped 41708110
[ 2807.2s] IOs:    858956285  IOPS:   305983  Throughput:  1195.2 MB/s  Total: 3276.66 GB
[ 2807.6s] IOs:    859056807  IOPS:   305975  Throughput:  1195.2 MB/s  Total: 3277.04 GB
[ 2807.8s] IOs:    859157579  IOPS:   305986  Throughput:  1195.3 MB/s  Total: 3277.43 GB
[ 2808.3s] IOs:    859258387  IOPS:   305970  Throughput:  1195.2 MB/s  Total: 3277.81 GB
[ 2808.5s] IOs:    859359045  IOPS:   305982  Throughput:  1195.2 MB/s  Total: 3278.19 GB
[ 2809.0s] IOs:    859459910  IOPS:   305966  Throughput:  1195.2 MB/s  Total: 3278.58 GB
[ 2809.3s] IOs:    859560628  IOPS:   305969  Throughput:  1195.2 MB/s  Total: 3278.96 GB
[ 2809.8s] IOs:    859661118  IOPS:   305956  Throughput:  1195.1 MB/s  Total: 3279.35 GB
[ 2810.1s] IOs:    859761603  IOPS:   305949  Throughput:  1195.1 MB/s  Total: 3279.73 GB
[ 2810.4s] IOs:    859861977  IOPS:   305957  Throughput:  1195.1 MB/s  Total: 3280.11 GB
[ 2810.9s] IOs:    859961984  IOPS:   305942  Throughput:  1195.1 MB/s  Total: 3280.49 GB
[ 2811.2s] IOs:    860062742  IOPS:   305942  Throughput:  1195.1 MB/s  Total: 3280.88 GB
[ 2811.4s] IOs:    860163242  IOPS:   305953  Throughput:  1195.1 MB/s  Total: 3281.26 GB
[ 2811.9s] IOs:    860263792  IOPS:   305942  Throughput:  1195.1 MB/s  Total: 3281.65 GB
[ 2812.2s] IOs:    860364132  IOPS:   305942  Throughput:  1195.1 MB/s  Total: 3282.03 GB
[ 2812.4s] IOs:    860464886  IOPS:   305953  Throughput:  1195.1 MB/s  Total: 3282.41 GB
[ 2812.8s] IOs:    860565498  IOPS:   305949  Throughput:  1195.1 MB/s  Total: 3282.80 GB
[ 2813.2s] IOs:    860666299  IOPS:   305936  Throughput:  1195.1 MB/s  Total: 3283.18 GB
[ 2813.7s] IOs:    860766884  IOPS:   305921  Throughput:  1195.0 MB/s  Total: 3283.57 GB
[ 2813.9s] IOs:    860867569  IOPS:   305931  Throughput:  1195.0 MB/s  Total: 3283.95 GB
[ 2814.4s] IOs:    860967581  IOPS:   305911  Throughput:  1195.0 MB/s  Total: 3284.33 GB
[ 2814.7s] IOs:    861068543  IOPS:   305916  Throughput:  1195.0 MB/s  Total: 3284.72 GB
[ 2815.1s] IOs:    861169483  IOPS:   305906  Throughput:  1194.9 MB/s  Total: 3285.10 GB
[ 2815.4s] IOs:    861269870  IOPS:   305916  Throughput:  1195.0 MB/s  Total: 3285.48 GB
[ 2815.7s] IOs:    861370151  IOPS:   305913  Throughput:  1195.0 MB/s  Total: 3285.87 GB
[ 2816.0s] IOs:    861470918  IOPS:   305920  Throughput:  1195.0 MB/s  Total: 3286.25 GB
[ 2816.4s] IOs:    861571772  IOPS:   305917  Throughput:  1195.0 MB/s  Total: 3286.64 GB
[ 2816.7s] IOs:    861672642  IOPS:   305920  Throughput:  1195.0 MB/s  Total: 3287.02 GB
[ 2816.9s] IOs:    861772942  IOPS:   305927  Throughput:  1195.0 MB/s  Total: 3287.40 GB
[ 2817.3s] IOs:    861873270  IOPS:   305927  Throughput:  1195.0 MB/s  Total: 3287.79 GB
[ 2823.8s] IOs:    861973654  IOPS:   305249  Throughput:  1192.4 MB/s  Total: 3288.17 GB
[ 2824.3s] IOs:    862074223  IOPS:   305234  Throughput:  1192.3 MB/s  Total: 3288.55 GB
[ 2824.8s] IOs:    862174881  IOPS:   305214  Throughput:  1192.2 MB/s  Total: 3288.94 GB
[ 2825.1s] IOs:    862275617  IOPS:   305220  Throughput:  1192.3 MB/s  Total: 3289.32 GB
[ 2825.6s] IOs:    862376317  IOPS:   305203  Throughput:  1192.2 MB/s  Total: 3289.70 GB
[ 2825.9s] IOs:    862476768  IOPS:   305209  Throughput:  1192.2 MB/s  Total: 3290.09 GB
[ 2826.3s] IOs:    862577682  IOPS:   305193  Throughput:  1192.2 MB/s  Total: 3290.47 GB
[ 2826.6s] IOs:    862678412  IOPS:   305195  Throughput:  1192.2 MB/s  Total: 3290.86 GB
[ 2826.9s] IOs:    862779024  IOPS:   305200  Throughput:  1192.2 MB/s  Total: 3291.24 GB
[ 2827.4s] IOs:    862879737  IOPS:   305187  Throughput:  1192.1 MB/s  Total: 3291.62 GB
[ 2827.7s] IOs:    862980269  IOPS:   305192  Throughput:  1192.2 MB/s  Total: 3292.01 GB
[ 2827.9s] IOs:    863081023  IOPS:   305200  Throughput:  1192.2 MB/s  Total: 3292.39 GB
[ 2828.3s] IOs:    863181579  IOPS:   305196  Throughput:  1192.2 MB/s  Total: 3292.78 GB
[ 2828.5s] IOs:    863282018  IOPS:   305208  Throughput:  1192.2 MB/s  Total: 3293.16 GB
[ 2828.9s] IOs:    863382371  IOPS:   305203  Throughput:  1192.2 MB/s  Total: 3293.54 GB
[ 2829.1s] IOs:    863482686  IOPS:   305210  Throughput:  1192.2 MB/s  Total: 3293.93 GB
[ 2829.7s] IOs:    863583218  IOPS:   305181  Throughput:  1192.1 MB/s  Total: 3294.31 GB
[ 2830.4s] IOs:    863683664  IOPS:   305141  Throughput:  1192.0 MB/s  Total: 3294.69 GB
[ 2830.9s] IOs:    863784424  IOPS:   305123  Throughput:  1191.9 MB/s  Total: 3295.08 GB
[ 2831.7s] IOs:    863885051  IOPS:   305073  Throughput:  1191.7 MB/s  Total: 3295.46 GB
[ 2832.3s] IOs:    863985578  IOPS:   305044  Throughput:  1191.6 MB/s  Total: 3295.84 GB
[ 2832.8s] IOs:    864086217  IOPS:   305024  Throughput:  1191.5 MB/s  Total: 3296.23 GB
[ 2833.3s] IOs:    864186942  IOPS:   305006  Throughput:  1191.4 MB/s  Total: 3296.61 GB
[ 2833.8s] IOs:    864287785  IOPS:   304988  Throughput:  1191.4 MB/s  Total: 3297.00 GB
[ 2834.4s] IOs:    864388230  IOPS:   304960  Throughput:  1191.2 MB/s  Total: 3297.38 GB
[ 2835.2s] IOs:    864488769  IOPS:   304911  Throughput:  1191.1 MB/s  Total: 3297.76 GB
[ 2836.0s] IOs:    864589526  IOPS:   304859  Throughput:  1190.9 MB/s  Total: 3298.15 GB
[ 2836.3s] IOs:    864690349  IOPS:   304868  Throughput:  1190.9 MB/s  Total: 3298.53 GB
[ 2837.0s] IOs:    864791112  IOPS:   304822  Throughput:  1190.7 MB/s  Total: 3298.92 GB
[ 2837.3s] IOs:    864891147  IOPS:   304828  Throughput:  1190.7 MB/s  Total: 3299.30 GB
[ 2837.8s] IOs:    864991841  IOPS:   304806  Throughput:  1190.6 MB/s  Total: 3299.68 GB
[ 2838.4s] IOs:    865092301  IOPS:   304777  Throughput:  1190.5 MB/s  Total: 3300.07 GB
[ 2838.8s] IOs:    865192836  IOPS:   304778  Throughput:  1190.5 MB/s  Total: 3300.45 GB
[ 2839.3s] IOs:    865293570  IOPS:   304757  Throughput:  1190.5 MB/s  Total: 3300.83 GB
[ 2839.7s] IOs:    865394414  IOPS:   304744  Throughput:  1190.4 MB/s  Total: 3301.22 GB
[ 2840.0s] IOs:    865495153  IOPS:   304752  Throughput:  1190.4 MB/s  Total: 3301.60 GB
[ 2840.5s] IOs:    865595597  IOPS:   304732  Throughput:  1190.4 MB/s  Total: 3301.99 GB
[ 2840.9s] IOs:    865695995  IOPS:   304731  Throughput:  1190.4 MB/s  Total: 3302.37 GB
[ 2841.3s] IOs:    865796015  IOPS:   304714  Throughput:  1190.3 MB/s  Total: 3302.75 GB
[ 2841.7s] IOs:    865896496  IOPS:   304709  Throughput:  1190.3 MB/s  Total: 3303.13 GB
[ 2841.9s] IOs:    865996927  IOPS:   304721  Throughput:  1190.3 MB/s  Total: 3303.52 GB
[ 2842.5s] IOs:    866097382  IOPS:   304695  Throughput:  1190.2 MB/s  Total: 3303.90 GB
[ 2842.7s] IOs:    866197957  IOPS:   304706  Throughput:  1190.3 MB/s  Total: 3304.28 GB
[ 2843.0s] IOs:    866298622  IOPS:   304718  Throughput:  1190.3 MB/s  Total: 3304.67 GB
[ 2843.4s] IOs:    866399272  IOPS:   304705  Throughput:  1190.3 MB/s  Total: 3305.05 GB
[ 2843.7s] IOs:    866499787  IOPS:   304713  Throughput:  1190.3 MB/s  Total: 3305.43 GB
[ 2843.9s] IOs:    866599815  IOPS:   304722  Throughput:  1190.3 MB/s  Total: 3305.82 GB
[ 2844.2s] IOs:    866699998  IOPS:   304720  Throughput:  1190.3 MB/s  Total: 3306.20 GB
[ 2844.5s] IOs:    866800807  IOPS:   304733  Throughput:  1190.4 MB/s  Total: 3306.58 GB
[ 2844.9s] IOs:    866901206  IOPS:   304722  Throughput:  1190.3 MB/s  Total: 3306.97 GB
[Reader] Parsed 109000000 lines, distributed 866931680 writes, unique 720.00 GB, skipped 44074294
[ 2845.1s] IOs:    867001207  IOPS:   304732  Throughput:  1190.4 MB/s  Total: 3307.35 GB
[ 2845.4s] IOs:    867101554  IOPS:   304736  Throughput:  1190.4 MB/s  Total: 3307.73 GB
[ 2845.7s] IOs:    867202214  IOPS:   304746  Throughput:  1190.4 MB/s  Total: 3308.11 GB
[ 2846.0s] IOs:    867303057  IOPS:   304747  Throughput:  1190.4 MB/s  Total: 3308.50 GB
[ 2846.3s] IOs:    867403917  IOPS:   304751  Throughput:  1190.4 MB/s  Total: 3308.88 GB
[ 2846.5s] IOs:    867504836  IOPS:   304763  Throughput:  1190.5 MB/s  Total: 3309.27 GB
[ 2846.8s] IOs:    867605236  IOPS:   304768  Throughput:  1190.5 MB/s  Total: 3309.65 GB
[ 2847.0s] IOs:    867705548  IOPS:   304776  Throughput:  1190.5 MB/s  Total: 3310.03 GB
[ 2847.3s] IOs:    867806391  IOPS:   304787  Throughput:  1190.6 MB/s  Total: 3310.42 GB
[ 2847.5s] IOs:    867907273  IOPS:   304797  Throughput:  1190.6 MB/s  Total: 3310.80 GB
[ 2847.7s] IOs:    868007696  IOPS:   304807  Throughput:  1190.7 MB/s  Total: 3311.19 GB
[ 2848.0s] IOs:    868108278  IOPS:   304811  Throughput:  1190.7 MB/s  Total: 3311.57 GB
[ 2848.2s] IOs:    868208413  IOPS:   304822  Throughput:  1190.7 MB/s  Total: 3311.95 GB
[ 2848.5s] IOs:    868309192  IOPS:   304833  Throughput:  1190.8 MB/s  Total: 3312.34 GB
[ 2848.7s] IOs:    868409953  IOPS:   304839  Throughput:  1190.8 MB/s  Total: 3312.72 GB
[ 2849.0s] IOs:    868510740  IOPS:   304850  Throughput:  1190.8 MB/s  Total: 3313.11 GB
[ 2849.3s] IOs:    868611229  IOPS:   304854  Throughput:  1190.8 MB/s  Total: 3313.49 GB
[ 2849.5s] IOs:    868711694  IOPS:   304860  Throughput:  1190.9 MB/s  Total: 3313.87 GB
[ 2849.8s] IOs:    868812334  IOPS:   304869  Throughput:  1190.9 MB/s  Total: 3314.26 GB
[ 2850.0s] IOs:    868913216  IOPS:   304878  Throughput:  1190.9 MB/s  Total: 3314.64 GB
[ 2850.3s] IOs:    869013238  IOPS:   304889  Throughput:  1191.0 MB/s  Total: 3315.02 GB
[ 2850.7s] IOs:    869114100  IOPS:   304879  Throughput:  1190.9 MB/s  Total: 3315.41 GB
[ 2850.9s] IOs:    869214764  IOPS:   304891  Throughput:  1191.0 MB/s  Total: 3315.79 GB
[ 2851.4s] IOs:    869315402  IOPS:   304876  Throughput:  1190.9 MB/s  Total: 3316.18 GB
[ 2851.6s] IOs:    869416219  IOPS:   304889  Throughput:  1191.0 MB/s  Total: 3316.56 GB
[ 2851.9s] IOs:    869517066  IOPS:   304886  Throughput:  1191.0 MB/s  Total: 3316.94 GB
[ 2852.4s] IOs:    869617967  IOPS:   304871  Throughput:  1190.9 MB/s  Total: 3317.33 GB
[ 2852.6s] IOs:    869718444  IOPS:   304883  Throughput:  1190.9 MB/s  Total: 3317.71 GB
[ 2853.1s] IOs:    869819255  IOPS:   304869  Throughput:  1190.9 MB/s  Total: 3318.10 GB
[ 2853.3s] IOs:    869919999  IOPS:   304882  Throughput:  1190.9 MB/s  Total: 3318.48 GB
[ 2853.6s] IOs:    870020416  IOPS:   304888  Throughput:  1191.0 MB/s  Total: 3318.86 GB
[ 2854.1s] IOs:    870121072  IOPS:   304869  Throughput:  1190.9 MB/s  Total: 3319.25 GB
[ 2854.3s] IOs:    870221487  IOPS:   304880  Throughput:  1190.9 MB/s  Total: 3319.63 GB
[ 2854.6s] IOs:    870322108  IOPS:   304889  Throughput:  1191.0 MB/s  Total: 3320.02 GB
[ 2855.0s] IOs:    870423020  IOPS:   304875  Throughput:  1190.9 MB/s  Total: 3320.40 GB
[ 2855.3s] IOs:    870523802  IOPS:   304879  Throughput:  1190.9 MB/s  Total: 3320.78 GB
[ 2855.5s] IOs:    870624551  IOPS:   304890  Throughput:  1191.0 MB/s  Total: 3321.17 GB
[ 2855.9s] IOs:    870724937  IOPS:   304887  Throughput:  1191.0 MB/s  Total: 3321.55 GB
[ 2856.1s] IOs:    870825198  IOPS:   304898  Throughput:  1191.0 MB/s  Total: 3321.93 GB
[ 2856.5s] IOs:    870925884  IOPS:   304895  Throughput:  1191.0 MB/s  Total: 3322.32 GB
[ 2856.8s] IOs:    871026576  IOPS:   304895  Throughput:  1191.0 MB/s  Total: 3322.70 GB
[ 2857.0s] IOs:    871127154  IOPS:   304906  Throughput:  1191.0 MB/s  Total: 3323.09 GB
[ 2857.3s] IOs:    871227445  IOPS:   304912  Throughput:  1191.1 MB/s  Total: 3323.47 GB
[ 2857.6s] IOs:    871328009  IOPS:   304919  Throughput:  1191.1 MB/s  Total: 3323.85 GB
[ 2857.9s] IOs:    871428894  IOPS:   304923  Throughput:  1191.1 MB/s  Total: 3324.24 GB
[ 2858.4s] IOs:    871529705  IOPS:   304901  Throughput:  1191.0 MB/s  Total: 3324.62 GB
[ 2858.8s] IOs:    871630484  IOPS:   304895  Throughput:  1191.0 MB/s  Total: 3325.01 GB
[ 2859.0s] IOs:    871730787  IOPS:   304903  Throughput:  1191.0 MB/s  Total: 3325.39 GB
[ 2859.6s] IOs:    871831483  IOPS:   304882  Throughput:  1190.9 MB/s  Total: 3325.77 GB
[ 2859.9s] IOs:    871932195  IOPS:   304879  Throughput:  1190.9 MB/s  Total: 3326.16 GB
[ 2860.4s] IOs:    872033049  IOPS:   304862  Throughput:  1190.9 MB/s  Total: 3326.54 GB
[ 2860.8s] IOs:    872133812  IOPS:   304859  Throughput:  1190.9 MB/s  Total: 3326.93 GB
[ 2861.0s] IOs:    872234409  IOPS:   304869  Throughput:  1190.9 MB/s  Total: 3327.31 GB
[ 2861.5s] IOs:    872334874  IOPS:   304852  Throughput:  1190.8 MB/s  Total: 3327.69 GB
[ 2861.8s] IOs:    872435476  IOPS:   304856  Throughput:  1190.8 MB/s  Total: 3328.08 GB
[ 2862.0s] IOs:    872536466  IOPS:   304866  Throughput:  1190.9 MB/s  Total: 3328.46 GB
[ 2862.5s] IOs:    872637397  IOPS:   304849  Throughput:  1190.8 MB/s  Total: 3328.85 GB
[ 2862.8s] IOs:    872737456  IOPS:   304858  Throughput:  1190.9 MB/s  Total: 3329.23 GB
[ 2863.0s] IOs:    872838194  IOPS:   304870  Throughput:  1190.9 MB/s  Total: 3329.61 GB
[ 2863.4s] IOs:    872938895  IOPS:   304866  Throughput:  1190.9 MB/s  Total: 3330.00 GB
[ 2863.6s] IOs:    873039341  IOPS:   304879  Throughput:  1190.9 MB/s  Total: 3330.38 GB
[ 2863.9s] IOs:    873140164  IOPS:   304877  Throughput:  1190.9 MB/s  Total: 3330.77 GB
[ 2864.1s] IOs:    873241086  IOPS:   304888  Throughput:  1191.0 MB/s  Total: 3331.15 GB
[ 2864.5s] IOs:    873341956  IOPS:   304886  Throughput:  1191.0 MB/s  Total: 3331.54 GB
[ 2864.8s] IOs:    873442558  IOPS:   304884  Throughput:  1191.0 MB/s  Total: 3331.92 GB
[ 2865.2s] IOs:    873543254  IOPS:   304884  Throughput:  1191.0 MB/s  Total: 3332.30 GB
[ 2865.4s] IOs:    873643961  IOPS:   304896  Throughput:  1191.0 MB/s  Total: 3332.69 GB
[ 2865.6s] IOs:    873744108  IOPS:   304908  Throughput:  1191.0 MB/s  Total: 3333.07 GB
[ 2865.9s] IOs:    873844664  IOPS:   304910  Throughput:  1191.1 MB/s  Total: 3333.45 GB
[ 2866.1s] IOs:    873945566  IOPS:   304923  Throughput:  1191.1 MB/s  Total: 3333.84 GB
[ 2866.5s] IOs:    874046499  IOPS:   304922  Throughput:  1191.1 MB/s  Total: 3334.22 GB
[ 2866.7s] IOs:    874147208  IOPS:   304934  Throughput:  1191.1 MB/s  Total: 3334.61 GB
[ 2866.9s] IOs:    874247815  IOPS:   304943  Throughput:  1191.2 MB/s  Total: 3334.99 GB
[ 2867.2s] IOs:    874348725  IOPS:   304951  Throughput:  1191.2 MB/s  Total: 3335.38 GB
[ 2867.4s] IOs:    874449257  IOPS:   304963  Throughput:  1191.3 MB/s  Total: 3335.76 GB
[ 2867.6s] IOs:    874549958  IOPS:   304974  Throughput:  1191.3 MB/s  Total: 3336.14 GB
[ 2867.8s] IOs:    874650725  IOPS:   304985  Throughput:  1191.3 MB/s  Total: 3336.53 GB
[ 2868.2s] IOs:    874751318  IOPS:   304983  Throughput:  1191.3 MB/s  Total: 3336.91 GB
[ 2868.4s] IOs:    874851835  IOPS:   304994  Throughput:  1191.4 MB/s  Total: 3337.29 GB
[ 2868.6s] IOs:    874952316  IOPS:   305006  Throughput:  1191.4 MB/s  Total: 3337.68 GB
[ 2869.0s] IOs:    875052921  IOPS:   305006  Throughput:  1191.4 MB/s  Total: 3338.06 GB
[ 2869.3s] IOs:    875153910  IOPS:   305008  Throughput:  1191.4 MB/s  Total: 3338.45 GB
[ 2869.5s] IOs:    875254418  IOPS:   305020  Throughput:  1191.5 MB/s  Total: 3338.83 GB
[Reader] Parsed 110000000 lines, distributed 875280177 writes, unique 720.00 GB, skipped 46080972
[ 2869.8s] IOs:    875355317  IOPS:   305024  Throughput:  1191.5 MB/s  Total: 3339.22 GB
[ 2870.0s] IOs:    875455884  IOPS:   305035  Throughput:  1191.5 MB/s  Total: 3339.60 GB
[ 2870.3s] IOs:    875555889  IOPS:   305041  Throughput:  1191.6 MB/s  Total: 3339.98 GB
[ 2870.5s] IOs:    875656722  IOPS:   305050  Throughput:  1191.6 MB/s  Total: 3340.37 GB
[ 2870.7s] IOs:    875757611  IOPS:   305064  Throughput:  1191.7 MB/s  Total: 3340.75 GB
[ 2871.0s] IOs:    875858276  IOPS:   305073  Throughput:  1191.7 MB/s  Total: 3341.13 GB
[ 2871.3s] IOs:    875959043  IOPS:   305069  Throughput:  1191.7 MB/s  Total: 3341.52 GB
[ 2871.6s] IOs:    876059107  IOPS:   305077  Throughput:  1191.7 MB/s  Total: 3341.90 GB
[ 2871.9s] IOs:    876159254  IOPS:   305085  Throughput:  1191.7 MB/s  Total: 3342.28 GB
[ 2872.1s] IOs:    876259732  IOPS:   305099  Throughput:  1191.8 MB/s  Total: 3342.67 GB
[ 2872.4s] IOs:    876360062  IOPS:   305098  Throughput:  1191.8 MB/s  Total: 3343.05 GB
[ 2872.6s] IOs:    876460073  IOPS:   305112  Throughput:  1191.8 MB/s  Total: 3343.43 GB
[ 2872.9s] IOs:    876560317  IOPS:   305115  Throughput:  1191.9 MB/s  Total: 3343.81 GB
[ 2873.1s] IOs:    876660766  IOPS:   305128  Throughput:  1191.9 MB/s  Total: 3344.20 GB
[ 2873.4s] IOs:    876761047  IOPS:   305134  Throughput:  1191.9 MB/s  Total: 3344.58 GB
[ 2873.5s] IOs:    876861595  IOPS:   305151  Throughput:  1192.0 MB/s  Total: 3344.96 GB
[ 2873.8s] IOs:    876961633  IOPS:   305153  Throughput:  1192.0 MB/s  Total: 3345.34 GB
[ 2874.0s] IOs:    877062636  IOPS:   305168  Throughput:  1192.1 MB/s  Total: 3345.73 GB
[ 2874.2s] IOs:    877162916  IOPS:   305185  Throughput:  1192.1 MB/s  Total: 3346.11 GB
[ 2874.6s] IOs:    877263484  IOPS:   305179  Throughput:  1192.1 MB/s  Total: 3346.49 GB
[ 2874.8s] IOs:    877363988  IOPS:   305196  Throughput:  1192.2 MB/s  Total: 3346.88 GB
[ 2874.9s] IOs:    877464766  IOPS:   305213  Throughput:  1192.2 MB/s  Total: 3347.26 GB
[ 2875.1s] IOs:    877565395  IOPS:   305228  Throughput:  1192.3 MB/s  Total: 3347.65 GB
[ 2875.4s] IOs:    877666153  IOPS:   305235  Throughput:  1192.3 MB/s  Total: 3348.03 GB
[ 2875.6s] IOs:    877766692  IOPS:   305249  Throughput:  1192.4 MB/s  Total: 3348.41 GB
[ 2875.7s] IOs:    877867071  IOPS:   305266  Throughput:  1192.4 MB/s  Total: 3348.80 GB
[ 2876.0s] IOs:    877967361  IOPS:   305278  Throughput:  1192.5 MB/s  Total: 3349.18 GB
[ 2876.1s] IOs:    878067587  IOPS:   305295  Throughput:  1192.6 MB/s  Total: 3349.56 GB
[ 2876.4s] IOs:    878168164  IOPS:   305301  Throughput:  1192.6 MB/s  Total: 3349.95 GB
[ 2876.6s] IOs:    878268694  IOPS:   305317  Throughput:  1192.6 MB/s  Total: 3350.33 GB
[ 2876.8s] IOs:    878368713  IOPS:   305333  Throughput:  1192.7 MB/s  Total: 3350.71 GB
[ 2877.0s] IOs:    878468923  IOPS:   305342  Throughput:  1192.7 MB/s  Total: 3351.09 GB
[ 2877.2s] IOs:    878569740  IOPS:   305358  Throughput:  1192.8 MB/s  Total: 3351.48 GB
[ 2877.4s] IOs:    878669822  IOPS:   305370  Throughput:  1192.8 MB/s  Total: 3351.86 GB
[ 2877.6s] IOs:    878770286  IOPS:   305387  Throughput:  1192.9 MB/s  Total: 3352.24 GB
[ 2878.0s] IOs:    878870910  IOPS:   305379  Throughput:  1192.9 MB/s  Total: 3352.63 GB
[ 2878.2s] IOs:    878971358  IOPS:   305392  Throughput:  1192.9 MB/s  Total: 3353.01 GB
[ 2878.4s] IOs:    879072360  IOPS:   305408  Throughput:  1193.0 MB/s  Total: 3353.39 GB
[ 2878.6s] IOs:    879173360  IOPS:   305421  Throughput:  1193.0 MB/s  Total: 3353.78 GB
[ 2878.7s] IOs:    879274063  IOPS:   305437  Throughput:  1193.1 MB/s  Total: 3354.16 GB
[ 2879.0s] IOs:    879374302  IOPS:   305446  Throughput:  1193.1 MB/s  Total: 3354.55 GB
[ 2879.2s] IOs:    879474431  IOPS:   305461  Throughput:  1193.2 MB/s  Total: 3354.93 GB
[ 2879.4s] IOs:    879575322  IOPS:   305469  Throughput:  1193.2 MB/s  Total: 3355.31 GB
[ 2879.6s] IOs:    879675356  IOPS:   305484  Throughput:  1193.3 MB/s  Total: 3355.70 GB
[ 2879.8s] IOs:    879776262  IOPS:   305500  Throughput:  1193.4 MB/s  Total: 3356.08 GB
[ 2880.0s] IOs:    879876328  IOPS:   305508  Throughput:  1193.4 MB/s  Total: 3356.46 GB
[ 2880.2s] IOs:    879976451  IOPS:   305524  Throughput:  1193.5 MB/s  Total: 3356.84 GB
[ 2880.4s] IOs:    880076952  IOPS:   305536  Throughput:  1193.5 MB/s  Total: 3357.23 GB
[ 2880.6s] IOs:    880177829  IOPS:   305551  Throughput:  1193.6 MB/s  Total: 3357.61 GB
[ 2880.8s] IOs:    880277865  IOPS:   305566  Throughput:  1193.6 MB/s  Total: 3357.99 GB
[ 2881.0s] IOs:    880378629  IOPS:   305582  Throughput:  1193.7 MB/s  Total: 3358.38 GB
[ 2881.2s] IOs:    880479258  IOPS:   305597  Throughput:  1193.7 MB/s  Total: 3358.76 GB
[ 2881.4s] IOs:    880580044  IOPS:   305612  Throughput:  1193.8 MB/s  Total: 3359.15 GB
[ 2881.5s] IOs:    880680998  IOPS:   305628  Throughput:  1193.9 MB/s  Total: 3359.53 GB
[ 2881.7s] IOs:    880781647  IOPS:   305645  Throughput:  1193.9 MB/s  Total: 3359.92 GB
[ 2881.9s] IOs:    880882530  IOPS:   305660  Throughput:  1194.0 MB/s  Total: 3360.30 GB
[ 2882.1s] IOs:    880983220  IOPS:   305676  Throughput:  1194.0 MB/s  Total: 3360.68 GB
[ 2882.3s] IOs:    881083818  IOPS:   305693  Throughput:  1194.1 MB/s  Total: 3361.07 GB
[ 2882.5s] IOs:    881184649  IOPS:   305701  Throughput:  1194.1 MB/s  Total: 3361.45 GB
[ 2882.7s] IOs:    881285318  IOPS:   305717  Throughput:  1194.2 MB/s  Total: 3361.84 GB
[ 2882.9s] IOs:    881385974  IOPS:   305732  Throughput:  1194.3 MB/s  Total: 3362.22 GB
[ 2883.1s] IOs:    881486493  IOPS:   305747  Throughput:  1194.3 MB/s  Total: 3362.60 GB
[ 2883.2s] IOs:    881586584  IOPS:   305764  Throughput:  1194.4 MB/s  Total: 3362.99 GB
[ 2883.4s] IOs:    881687444  IOPS:   305778  Throughput:  1194.4 MB/s  Total: 3363.37 GB
[ 2883.6s] IOs:    881788402  IOPS:   305794  Throughput:  1194.5 MB/s  Total: 3363.76 GB
[ 2883.8s] IOs:    881889076  IOPS:   305810  Throughput:  1194.6 MB/s  Total: 3364.14 GB
[ 2884.0s] IOs:    881989596  IOPS:   305825  Throughput:  1194.6 MB/s  Total: 3364.52 GB
[ 2884.1s] IOs:    882090621  IOPS:   305842  Throughput:  1194.7 MB/s  Total: 3364.91 GB
[ 2884.3s] IOs:    882191374  IOPS:   305858  Throughput:  1194.8 MB/s  Total: 3365.29 GB
[ 2884.5s] IOs:    882292017  IOPS:   305874  Throughput:  1194.8 MB/s  Total: 3365.68 GB
[ 2889.6s] IOs:    882392671  IOPS:   305373  Throughput:  1192.9 MB/s  Total: 3366.06 GB
[ 2895.1s] IOs:    882492755  IOPS:   304826  Throughput:  1190.7 MB/s  Total: 3366.44 GB
[ 2898.7s] IOs:    882593588  IOPS:   304482  Throughput:  1189.4 MB/s  Total: 3366.83 GB
[ 2901.1s] IOs:    882694608  IOPS:   304257  Throughput:  1188.5 MB/s  Total: 3367.21 GB
[ 2903.2s] IOs:    882794679  IOPS:   304077  Throughput:  1187.8 MB/s  Total: 3367.59 GB
[ 2905.1s] IOs:    882895571  IOPS:   303909  Throughput:  1187.1 MB/s  Total: 3367.98 GB
[ 2906.7s] IOs:    882996364  IOPS:   303775  Throughput:  1186.6 MB/s  Total: 3368.36 GB
[ 2907.7s] IOs:    883096603  IOPS:   303705  Throughput:  1186.3 MB/s  Total: 3368.75 GB
[ 2909.1s] IOs:    883197630  IOPS:   303595  Throughput:  1185.9 MB/s  Total: 3369.13 GB
[ 2910.3s] IOs:    883297730  IOPS:   303513  Throughput:  1185.6 MB/s  Total: 3369.51 GB
[ 2910.5s] IOs:    883398366  IOPS:   303523  Throughput:  1185.6 MB/s  Total: 3369.90 GB
[ 2910.7s] IOs:    883499018  IOPS:   303533  Throughput:  1185.7 MB/s  Total: 3370.28 GB
[ 2911.0s] IOs:    883599747  IOPS:   303540  Throughput:  1185.7 MB/s  Total: 3370.67 GB
[Reader] Parsed 111000000 lines, distributed 883684371 writes, unique 720.00 GB, skipped 48566934
[ 2911.2s] IOs:    883700312  IOPS:   303549  Throughput:  1185.7 MB/s  Total: 3371.05 GB
[ 2911.5s] IOs:    883800528  IOPS:   303557  Throughput:  1185.8 MB/s  Total: 3371.43 GB
[ 2911.7s] IOs:    883901270  IOPS:   303565  Throughput:  1185.8 MB/s  Total: 3371.82 GB
[ 2912.1s] IOs:    884002169  IOPS:   303565  Throughput:  1185.8 MB/s  Total: 3372.20 GB
[ 2912.5s] IOs:    884102632  IOPS:   303558  Throughput:  1185.8 MB/s  Total: 3372.58 GB
[ 2912.7s] IOs:    884203342  IOPS:   303569  Throughput:  1185.8 MB/s  Total: 3372.97 GB
[ 2912.9s] IOs:    884303952  IOPS:   303580  Throughput:  1185.9 MB/s  Total: 3373.35 GB
[ 2913.3s] IOs:    884404480  IOPS:   303574  Throughput:  1185.8 MB/s  Total: 3373.74 GB
[ 2913.6s] IOs:    884505051  IOPS:   303573  Throughput:  1185.8 MB/s  Total: 3374.12 GB
[ 2913.9s] IOs:    884605809  IOPS:   303583  Throughput:  1185.9 MB/s  Total: 3374.50 GB
[ 2914.3s] IOs:    884706024  IOPS:   303577  Throughput:  1185.8 MB/s  Total: 3374.89 GB
[ 2914.5s] IOs:    884806654  IOPS:   303585  Throughput:  1185.9 MB/s  Total: 3375.27 GB
[ 2914.8s] IOs:    884907108  IOPS:   303592  Throughput:  1185.9 MB/s  Total: 3375.65 GB
[ 2915.0s] IOs:    885007458  IOPS:   303602  Throughput:  1185.9 MB/s  Total: 3376.04 GB
[ 2915.3s] IOs:    885108232  IOPS:   303610  Throughput:  1186.0 MB/s  Total: 3376.42 GB
[ 2915.5s] IOs:    885209088  IOPS:   303619  Throughput:  1186.0 MB/s  Total: 3376.80 GB
[ 2915.8s] IOs:    885309755  IOPS:   303622  Throughput:  1186.0 MB/s  Total: 3377.19 GB
[ 2916.2s] IOs:    885410398  IOPS:   303614  Throughput:  1186.0 MB/s  Total: 3377.57 GB
[ 2916.5s] IOs:    885510962  IOPS:   303624  Throughput:  1186.0 MB/s  Total: 3377.96 GB
[ 2916.8s] IOs:    885611783  IOPS:   303627  Throughput:  1186.0 MB/s  Total: 3378.34 GB
[ 2917.3s] IOs:    885711803  IOPS:   303611  Throughput:  1186.0 MB/s  Total: 3378.72 GB
[ 2917.5s] IOs:    885812619  IOPS:   303623  Throughput:  1186.0 MB/s  Total: 3379.11 GB
[ 2917.8s] IOs:    885913366  IOPS:   303625  Throughput:  1186.0 MB/s  Total: 3379.49 GB
[ 2918.2s] IOs:    886013715  IOPS:   303616  Throughput:  1186.0 MB/s  Total: 3379.87 GB
[ 2918.6s] IOs:    886114489  IOPS:   303610  Throughput:  1186.0 MB/s  Total: 3380.26 GB
[ 2918.9s] IOs:    886215241  IOPS:   303613  Throughput:  1186.0 MB/s  Total: 3380.64 GB
[ 2919.3s] IOs:    886316093  IOPS:   303611  Throughput:  1186.0 MB/s  Total: 3381.03 GB
[ 2919.8s] IOs:    886416840  IOPS:   303590  Throughput:  1185.9 MB/s  Total: 3381.41 GB
[ 2920.0s] IOs:    886517496  IOPS:   303601  Throughput:  1185.9 MB/s  Total: 3381.80 GB
[ 2920.3s] IOs:    886618266  IOPS:   303601  Throughput:  1185.9 MB/s  Total: 3382.18 GB
[ 2920.7s] IOs:    886719187  IOPS:   303596  Throughput:  1185.9 MB/s  Total: 3382.57 GB
[ 2920.9s] IOs:    886819834  IOPS:   303608  Throughput:  1186.0 MB/s  Total: 3382.95 GB
[ 2921.3s] IOs:    886920499  IOPS:   303606  Throughput:  1186.0 MB/s  Total: 3383.33 GB
[ 2921.7s] IOs:    887021308  IOPS:   303599  Throughput:  1185.9 MB/s  Total: 3383.72 GB
[ 2922.0s] IOs:    887121330  IOPS:   303605  Throughput:  1186.0 MB/s  Total: 3384.10 GB
[ 2922.3s] IOs:    887222024  IOPS:   303607  Throughput:  1186.0 MB/s  Total: 3384.48 GB
[ 2922.7s] IOs:    887322676  IOPS:   303594  Throughput:  1185.9 MB/s  Total: 3384.87 GB
[ 2922.9s] IOs:    887423206  IOPS:   303605  Throughput:  1186.0 MB/s  Total: 3385.25 GB
[ 2923.2s] IOs:    887523491  IOPS:   303611  Throughput:  1186.0 MB/s  Total: 3385.63 GB
[ 2923.5s] IOs:    887624431  IOPS:   303617  Throughput:  1186.0 MB/s  Total: 3386.02 GB
[ 2923.8s] IOs:    887725129  IOPS:   303622  Throughput:  1186.0 MB/s  Total: 3386.40 GB
[ 2924.1s] IOs:    887825949  IOPS:   303622  Throughput:  1186.0 MB/s  Total: 3386.79 GB
[ 2924.5s] IOs:    887926343  IOPS:   303619  Throughput:  1186.0 MB/s  Total: 3387.17 GB
[ 2924.8s] IOs:    888026690  IOPS:   303625  Throughput:  1186.0 MB/s  Total: 3387.55 GB
[ 2925.0s] IOs:    888126854  IOPS:   303635  Throughput:  1186.1 MB/s  Total: 3387.94 GB
[ 2925.3s] IOs:    888227533  IOPS:   303634  Throughput:  1186.1 MB/s  Total: 3388.32 GB
[ 2925.7s] IOs:    888328352  IOPS:   303627  Throughput:  1186.0 MB/s  Total: 3388.70 GB
[ 2926.0s] IOs:    888429053  IOPS:   303638  Throughput:  1186.1 MB/s  Total: 3389.09 GB
[ 2926.2s] IOs:    888529538  IOPS:   303641  Throughput:  1186.1 MB/s  Total: 3389.47 GB
[ 2926.5s] IOs:    888629958  IOPS:   303649  Throughput:  1186.1 MB/s  Total: 3389.85 GB
[ 2926.8s] IOs:    888730465  IOPS:   303654  Throughput:  1186.1 MB/s  Total: 3390.24 GB
[ 2927.0s] IOs:    888831351  IOPS:   303662  Throughput:  1186.2 MB/s  Total: 3390.62 GB
[ 2927.3s] IOs:    888931436  IOPS:   303669  Throughput:  1186.2 MB/s  Total: 3391.00 GB
[ 2927.6s] IOs:    889031892  IOPS:   303671  Throughput:  1186.2 MB/s  Total: 3391.39 GB
[ 2927.9s] IOs:    889132197  IOPS:   303680  Throughput:  1186.2 MB/s  Total: 3391.77 GB
[ 2928.1s] IOs:    889232933  IOPS:   303686  Throughput:  1186.3 MB/s  Total: 3392.15 GB
[ 2928.4s] IOs:    889333493  IOPS:   303696  Throughput:  1186.3 MB/s  Total: 3392.54 GB
[ 2928.6s] IOs:    889433864  IOPS:   303702  Throughput:  1186.3 MB/s  Total: 3392.92 GB
[ 2928.9s] IOs:    889534537  IOPS:   303711  Throughput:  1186.4 MB/s  Total: 3393.30 GB
[ 2929.3s] IOs:    889634904  IOPS:   303701  Throughput:  1186.3 MB/s  Total: 3393.69 GB
[ 2929.5s] IOs:    889735168  IOPS:   303713  Throughput:  1186.4 MB/s  Total: 3394.07 GB
[ 2929.8s] IOs:    889835828  IOPS:   303716  Throughput:  1186.4 MB/s  Total: 3394.45 GB
[ 2930.2s] IOs:    889936470  IOPS:   303711  Throughput:  1186.4 MB/s  Total: 3394.84 GB
[ 2930.5s] IOs:    890036872  IOPS:   303716  Throughput:  1186.4 MB/s  Total: 3395.22 GB
[ 2930.7s] IOs:    890137359  IOPS:   303726  Throughput:  1186.4 MB/s  Total: 3395.60 GB
[ 2930.9s] IOs:    890237668  IOPS:   303738  Throughput:  1186.5 MB/s  Total: 3395.99 GB
[ 2931.2s] IOs:    890338137  IOPS:   303741  Throughput:  1186.5 MB/s  Total: 3396.37 GB
[ 2931.5s] IOs:    890438651  IOPS:   303752  Throughput:  1186.5 MB/s  Total: 3396.75 GB
[ 2931.8s] IOs:    890539270  IOPS:   303752  Throughput:  1186.5 MB/s  Total: 3397.14 GB
[ 2932.0s] IOs:    890640024  IOPS:   303761  Throughput:  1186.6 MB/s  Total: 3397.52 GB
[ 2932.3s] IOs:    890740596  IOPS:   303766  Throughput:  1186.6 MB/s  Total: 3397.91 GB
[ 2932.6s] IOs:    890840923  IOPS:   303776  Throughput:  1186.6 MB/s  Total: 3398.29 GB
[ 2932.9s] IOs:    890941607  IOPS:   303779  Throughput:  1186.6 MB/s  Total: 3398.67 GB
[ 2933.1s] IOs:    891041871  IOPS:   303790  Throughput:  1186.7 MB/s  Total: 3399.05 GB
[ 2933.3s] IOs:    891142725  IOPS:   303801  Throughput:  1186.7 MB/s  Total: 3399.44 GB
[ 2933.6s] IOs:    891243288  IOPS:   303801  Throughput:  1186.7 MB/s  Total: 3399.82 GB
[ 2933.8s] IOs:    891344002  IOPS:   303815  Throughput:  1186.8 MB/s  Total: 3400.21 GB
[ 2934.2s] IOs:    891445002  IOPS:   303815  Throughput:  1186.8 MB/s  Total: 3400.59 GB
[ 2934.3s] IOs:    891545867  IOPS:   303832  Throughput:  1186.8 MB/s  Total: 3400.98 GB
[ 2934.7s] IOs:    891646485  IOPS:   303824  Throughput:  1186.8 MB/s  Total: 3401.36 GB
[ 2934.9s] IOs:    891747191  IOPS:   303840  Throughput:  1186.9 MB/s  Total: 3401.75 GB
[ 2935.2s] IOs:    891847623  IOPS:   303847  Throughput:  1186.9 MB/s  Total: 3402.13 GB
[ 2935.4s] IOs:    891948163  IOPS:   303859  Throughput:  1186.9 MB/s  Total: 3402.51 GB
[ 2935.7s] IOs:    892048526  IOPS:   303863  Throughput:  1187.0 MB/s  Total: 3402.90 GB
[ 2935.9s] IOs:    892149242  IOPS:   303879  Throughput:  1187.0 MB/s  Total: 3403.28 GB
[ 2936.2s] IOs:    892249827  IOPS:   303881  Throughput:  1187.0 MB/s  Total: 3403.66 GB
[ 2936.4s] IOs:    892350443  IOPS:   303897  Throughput:  1187.1 MB/s  Total: 3404.05 GB
[ 2936.6s] IOs:    892450457  IOPS:   303902  Throughput:  1187.1 MB/s  Total: 3404.43 GB
[ 2936.8s] IOs:    892551181  IOPS:   303919  Throughput:  1187.2 MB/s  Total: 3404.81 GB
[ 2937.0s] IOs:    892652034  IOPS:   303936  Throughput:  1187.2 MB/s  Total: 3405.20 GB
[ 2937.5s] IOs:    892752695  IOPS:   303917  Throughput:  1187.2 MB/s  Total: 3405.58 GB
[ 2937.7s] IOs:    892853725  IOPS:   303930  Throughput:  1187.2 MB/s  Total: 3405.97 GB
[ 2937.9s] IOs:    892954127  IOPS:   303946  Throughput:  1187.3 MB/s  Total: 3406.35 GB
[ 2938.3s] IOs:    893054911  IOPS:   303934  Throughput:  1187.2 MB/s  Total: 3406.73 GB
[Reader] Parsed 112000000 lines, distributed 893111606 writes, unique 720.00 GB, skipped 51075503
[ 2938.7s] IOs:    893155535  IOPS:   303933  Throughput:  1187.2 MB/s  Total: 3407.12 GB
[ 2938.9s] IOs:    893256329  IOPS:   303946  Throughput:  1187.3 MB/s  Total: 3407.50 GB
[ 2939.2s] IOs:    893357005  IOPS:   303943  Throughput:  1187.3 MB/s  Total: 3407.89 GB
[ 2939.4s] IOs:    893457677  IOPS:   303959  Throughput:  1187.3 MB/s  Total: 3408.27 GB
[ 2939.7s] IOs:    893558598  IOPS:   303958  Throughput:  1187.3 MB/s  Total: 3408.66 GB
[ 2939.9s] IOs:    893658891  IOPS:   303974  Throughput:  1187.4 MB/s  Total: 3409.04 GB
[ 2940.4s] IOs:    893758963  IOPS:   303960  Throughput:  1187.3 MB/s  Total: 3409.42 GB
[ 2940.6s] IOs:    893858973  IOPS:   303967  Throughput:  1187.4 MB/s  Total: 3409.80 GB
[ 2940.8s] IOs:    893959783  IOPS:   303982  Throughput:  1187.4 MB/s  Total: 3410.19 GB
[ 2941.2s] IOs:    894060224  IOPS:   303982  Throughput:  1187.4 MB/s  Total: 3410.57 GB
[ 2941.3s] IOs:    894160639  IOPS:   303997  Throughput:  1187.5 MB/s  Total: 3410.95 GB
[ 2941.7s] IOs:    894261141  IOPS:   303998  Throughput:  1187.5 MB/s  Total: 3411.34 GB
[ 2941.9s] IOs:    894361531  IOPS:   304012  Throughput:  1187.5 MB/s  Total: 3411.72 GB
[ 2942.2s] IOs:    894462152  IOPS:   304016  Throughput:  1187.6 MB/s  Total: 3412.10 GB
[ 2942.3s] IOs:    894562550  IOPS:   304033  Throughput:  1187.6 MB/s  Total: 3412.49 GB
[ 2942.5s] IOs:    894662766  IOPS:   304048  Throughput:  1187.7 MB/s  Total: 3412.87 GB
[ 2943.1s] IOs:    894763287  IOPS:   304024  Throughput:  1187.6 MB/s  Total: 3413.25 GB
[ 2943.3s] IOs:    894864028  IOPS:   304038  Throughput:  1187.6 MB/s  Total: 3413.64 GB
[ 2943.7s] IOs:    894964710  IOPS:   304025  Throughput:  1187.6 MB/s  Total: 3414.02 GB
[ 2943.9s] IOs:    895065476  IOPS:   304037  Throughput:  1187.6 MB/s  Total: 3414.40 GB
[ 2944.3s] IOs:    895165873  IOPS:   304037  Throughput:  1187.6 MB/s  Total: 3414.79 GB
[ 2944.8s] IOs:    895266539  IOPS:   304019  Throughput:  1187.6 MB/s  Total: 3415.17 GB
[ 2945.0s] IOs:    895367037  IOPS:   304031  Throughput:  1187.6 MB/s  Total: 3415.55 GB
[ 2945.3s] IOs:    895467795  IOPS:   304036  Throughput:  1187.6 MB/s  Total: 3415.94 GB
[ 2945.7s] IOs:    895568475  IOPS:   304029  Throughput:  1187.6 MB/s  Total: 3416.32 GB
[ 2945.9s] IOs:    895669106  IOPS:   304040  Throughput:  1187.7 MB/s  Total: 3416.71 GB
[ 2946.2s] IOs:    895769410  IOPS:   304040  Throughput:  1187.7 MB/s  Total: 3417.09 GB
[ 2946.4s] IOs:    895870102  IOPS:   304056  Throughput:  1187.7 MB/s  Total: 3417.47 GB
[ 2946.8s] IOs:    895971042  IOPS:   304045  Throughput:  1187.7 MB/s  Total: 3417.86 GB
[ 2947.0s] IOs:    896071493  IOPS:   304060  Throughput:  1187.7 MB/s  Total: 3418.24 GB
[ 2947.3s] IOs:    896172078  IOPS:   304065  Throughput:  1187.8 MB/s  Total: 3418.63 GB
[ 2947.5s] IOs:    896272796  IOPS:   304081  Throughput:  1187.8 MB/s  Total: 3419.01 GB
[ 2947.8s] IOs:    896373415  IOPS:   304080  Throughput:  1187.8 MB/s  Total: 3419.39 GB
[ 2948.0s] IOs:    896474062  IOPS:   304096  Throughput:  1187.9 MB/s  Total: 3419.78 GB
[ 2948.5s] IOs:    896574878  IOPS:   304080  Throughput:  1187.8 MB/s  Total: 3420.16 GB
[ 2948.7s] IOs:    896675702  IOPS:   304096  Throughput:  1187.9 MB/s  Total: 3420.55 GB
[ 2948.8s] IOs:    896776354  IOPS:   304111  Throughput:  1187.9 MB/s  Total: 3420.93 GB
[ 2949.2s] IOs:    896877075  IOPS:   304109  Throughput:  1187.9 MB/s  Total: 3421.31 GB
[ 2949.4s] IOs:    896977572  IOPS:   304121  Throughput:  1188.0 MB/s  Total: 3421.70 GB
[ 2949.7s] IOs:    897078154  IOPS:   304126  Throughput:  1188.0 MB/s  Total: 3422.08 GB
[ 2949.9s] IOs:    897179077  IOPS:   304141  Throughput:  1188.1 MB/s  Total: 3422.47 GB
[ 2950.2s] IOs:    897279986  IOPS:   304144  Throughput:  1188.1 MB/s  Total: 3422.85 GB
[ 2950.4s] IOs:    897380880  IOPS:   304154  Throughput:  1188.1 MB/s  Total: 3423.24 GB
[ 2950.6s] IOs:    897481251  IOPS:   304165  Throughput:  1188.1 MB/s  Total: 3423.62 GB
[ 2950.8s] IOs:    897581979  IOPS:   304178  Throughput:  1188.2 MB/s  Total: 3424.00 GB
[ 2951.0s] IOs:    897682849  IOPS:   304194  Throughput:  1188.3 MB/s  Total: 3424.39 GB
[ 2951.3s] IOs:    897783716  IOPS:   304201  Throughput:  1188.3 MB/s  Total: 3424.77 GB
[ 2951.7s] IOs:    897884522  IOPS:   304192  Throughput:  1188.3 MB/s  Total: 3425.16 GB
[ 2951.9s] IOs:    897985319  IOPS:   304209  Throughput:  1188.3 MB/s  Total: 3425.54 GB
[ 2952.4s] IOs:    898085522  IOPS:   304190  Throughput:  1188.2 MB/s  Total: 3425.92 GB
[ 2952.7s] IOs:    898186354  IOPS:   304194  Throughput:  1188.3 MB/s  Total: 3426.31 GB
[ 2952.9s] IOs:    898286923  IOPS:   304210  Throughput:  1188.3 MB/s  Total: 3426.69 GB
[ 2953.3s] IOs:    898386984  IOPS:   304197  Throughput:  1188.3 MB/s  Total: 3427.07 GB
[ 2953.5s] IOs:    898487614  IOPS:   304213  Throughput:  1188.3 MB/s  Total: 3427.46 GB
[ 2953.9s] IOs:    898588372  IOPS:   304208  Throughput:  1188.3 MB/s  Total: 3427.84 GB
[ 2954.2s] IOs:    898688896  IOPS:   304205  Throughput:  1188.3 MB/s  Total: 3428.23 GB
[ 2954.4s] IOs:    898789451  IOPS:   304221  Throughput:  1188.4 MB/s  Total: 3428.61 GB
[ 2954.8s] IOs:    898890137  IOPS:   304217  Throughput:  1188.3 MB/s  Total: 3428.99 GB
[ 2955.0s] IOs:    898990992  IOPS:   304232  Throughput:  1188.4 MB/s  Total: 3429.38 GB
[ 2955.3s] IOs:    899091876  IOPS:   304233  Throughput:  1188.4 MB/s  Total: 3429.76 GB
[ 2955.5s] IOs:    899192635  IOPS:   304249  Throughput:  1188.5 MB/s  Total: 3430.15 GB
[ 2955.8s] IOs:    899293033  IOPS:   304246  Throughput:  1188.5 MB/s  Total: 3430.53 GB
[ 2956.0s] IOs:    899393556  IOPS:   304262  Throughput:  1188.5 MB/s  Total: 3430.91 GB
[ 2956.3s] IOs:    899494400  IOPS:   304261  Throughput:  1188.5 MB/s  Total: 3431.30 GB
[ 2956.7s] IOs:    899595099  IOPS:   304255  Throughput:  1188.5 MB/s  Total: 3431.68 GB
[ 2956.9s] IOs:    899695830  IOPS:   304270  Throughput:  1188.6 MB/s  Total: 3432.07 GB
[ 2957.4s] IOs:    899796606  IOPS:   304253  Throughput:  1188.5 MB/s  Total: 3432.45 GB
[ 2957.7s] IOs:    899897157  IOPS:   304251  Throughput:  1188.5 MB/s  Total: 3432.84 GB
[ 2957.9s] IOs:    899997697  IOPS:   304266  Throughput:  1188.5 MB/s  Total: 3433.22 GB
[ 2958.4s] IOs:    900098597  IOPS:   304251  Throughput:  1188.5 MB/s  Total: 3433.60 GB
[ 2958.8s] IOs:    900199464  IOPS:   304249  Throughput:  1188.5 MB/s  Total: 3433.99 GB
[ 2958.9s] IOs:    900300176  IOPS:   304265  Throughput:  1188.5 MB/s  Total: 3434.37 GB
[ 2959.4s] IOs:    900400820  IOPS:   304251  Throughput:  1188.5 MB/s  Total: 3434.76 GB
[ 2959.7s] IOs:    900501605  IOPS:   304254  Throughput:  1188.5 MB/s  Total: 3435.14 GB
[ 2959.9s] IOs:    900602526  IOPS:   304270  Throughput:  1188.6 MB/s  Total: 3435.53 GB
[ 2960.3s] IOs:    900703131  IOPS:   304262  Throughput:  1188.5 MB/s  Total: 3435.91 GB
[Reader] Parsed 113000000 lines, distributed 900776614 writes, unique 720.00 GB, skipped 53343793
[ 2960.5s] IOs:    900803502  IOPS:   304277  Throughput:  1188.6 MB/s  Total: 3436.29 GB
[ 2960.8s] IOs:    900904046  IOPS:   304280  Throughput:  1188.6 MB/s  Total: 3436.68 GB
[ 2960.9s] IOs:    901004462  IOPS:   304297  Throughput:  1188.7 MB/s  Total: 3437.06 GB
[ 2961.5s] IOs:    901105162  IOPS:   304275  Throughput:  1188.6 MB/s  Total: 3437.44 GB
[ 2961.7s] IOs:    901205957  IOPS:   304291  Throughput:  1188.6 MB/s  Total: 3437.83 GB
[ 2961.8s] IOs:    901306543  IOPS:   304305  Throughput:  1188.7 MB/s  Total: 3438.21 GB
[ 2962.2s] IOs:    901407424  IOPS:   304302  Throughput:  1188.7 MB/s  Total: 3438.60 GB
[ 2962.4s] IOs:    901508263  IOPS:   304313  Throughput:  1188.7 MB/s  Total: 3438.98 GB
[ 2962.8s] IOs:    901608747  IOPS:   304313  Throughput:  1188.7 MB/s  Total: 3439.36 GB
[ 2962.9s] IOs:    901709275  IOPS:   304329  Throughput:  1188.8 MB/s  Total: 3439.75 GB
[ 2963.4s] IOs:    901809889  IOPS:   304315  Throughput:  1188.7 MB/s  Total: 3440.13 GB
[ 2963.6s] IOs:    901910837  IOPS:   304331  Throughput:  1188.8 MB/s  Total: 3440.52 GB
[ 2963.8s] IOs:    902011538  IOPS:   304339  Throughput:  1188.8 MB/s  Total: 3440.90 GB
[ 2964.0s] IOs:    902112237  IOPS:   304354  Throughput:  1188.9 MB/s  Total: 3441.29 GB
[ 2964.5s] IOs:    902212998  IOPS:   304342  Throughput:  1188.8 MB/s  Total: 3441.67 GB
[ 2964.6s] IOs:    902313061  IOPS:   304358  Throughput:  1188.9 MB/s  Total: 3442.05 GB
[ 2964.9s] IOs:    902413365  IOPS:   304368  Throughput:  1188.9 MB/s  Total: 3442.43 GB
[ 2965.0s] IOs:    902513456  IOPS:   304384  Throughput:  1189.0 MB/s  Total: 3442.82 GB
[ 2965.4s] IOs:    902614439  IOPS:   304386  Throughput:  1189.0 MB/s  Total: 3443.20 GB
[ 2965.5s] IOs:    902714510  IOPS:   304402  Throughput:  1189.1 MB/s  Total: 3443.58 GB
[ 2965.8s] IOs:    902815272  IOPS:   304408  Throughput:  1189.1 MB/s  Total: 3443.97 GB
[ 2966.0s] IOs:    902915606  IOPS:   304423  Throughput:  1189.2 MB/s  Total: 3444.35 GB
[ 2966.2s] IOs:    903016146  IOPS:   304430  Throughput:  1189.2 MB/s  Total: 3444.73 GB
[ 2966.4s] IOs:    903116582  IOPS:   304447  Throughput:  1189.2 MB/s  Total: 3445.12 GB
[ 2966.6s] IOs:    903217101  IOPS:   304462  Throughput:  1189.3 MB/s  Total: 3445.50 GB
[ 2966.9s] IOs:    903317668  IOPS:   304468  Throughput:  1189.3 MB/s  Total: 3445.88 GB
[ 2967.1s] IOs:    903418634  IOPS:   304483  Throughput:  1189.4 MB/s  Total: 3446.27 GB
[ 2967.3s] IOs:    903519086  IOPS:   304491  Throughput:  1189.4 MB/s  Total: 3446.65 GB
[ 2967.5s] IOs:    903619268  IOPS:   304507  Throughput:  1189.5 MB/s  Total: 3447.03 GB
[ 2967.7s] IOs:    903720029  IOPS:   304522  Throughput:  1189.5 MB/s  Total: 3447.42 GB
[ 2967.9s] IOs:    903820119  IOPS:   304531  Throughput:  1189.6 MB/s  Total: 3447.80 GB
[ 2968.1s] IOs:    903920795  IOPS:   304547  Throughput:  1189.6 MB/s  Total: 3448.18 GB
[ 2968.3s] IOs:    904021772  IOPS:   304559  Throughput:  1189.7 MB/s  Total: 3448.57 GB
[ 2968.5s] IOs:    904122513  IOPS:   304574  Throughput:  1189.7 MB/s  Total: 3448.95 GB
[ 2968.7s] IOs:    904223318  IOPS:   304589  Throughput:  1189.8 MB/s  Total: 3449.34 GB
[ 2968.9s] IOs:    904324110  IOPS:   304601  Throughput:  1189.8 MB/s  Total: 3449.72 GB
[ 2973.8s] IOs:    904424818  IOPS:   304135  Throughput:  1188.0 MB/s  Total: 3450.11 GB
[ 2974.0s] IOs:    904525306  IOPS:   304146  Throughput:  1188.1 MB/s  Total: 3450.49 GB
[ 2974.2s] IOs:    904625921  IOPS:   304153  Throughput:  1188.1 MB/s  Total: 3450.87 GB
[ 2974.6s] IOs:    904726483  IOPS:   304150  Throughput:  1188.1 MB/s  Total: 3451.26 GB
[ 2974.8s] IOs:    904826827  IOPS:   304163  Throughput:  1188.1 MB/s  Total: 3451.64 GB
[ 2975.2s] IOs:    904927318  IOPS:   304161  Throughput:  1188.1 MB/s  Total: 3452.02 GB
[ 2975.4s] IOs:    905027944  IOPS:   304172  Throughput:  1188.2 MB/s  Total: 3452.41 GB
[ 2975.9s] IOs:    905128684  IOPS:   304148  Throughput:  1188.1 MB/s  Total: 3452.79 GB
[ 2976.2s] IOs:    905229397  IOPS:   304158  Throughput:  1188.1 MB/s  Total: 3453.18 GB
[ 2976.7s] IOs:    905330030  IOPS:   304139  Throughput:  1188.0 MB/s  Total: 3453.56 GB
[ 2977.2s] IOs:    905430711  IOPS:   304126  Throughput:  1188.0 MB/s  Total: 3453.94 GB
[ 2977.4s] IOs:    905531730  IOPS:   304135  Throughput:  1188.0 MB/s  Total: 3454.33 GB
[ 2977.8s] IOs:    905632600  IOPS:   304125  Throughput:  1188.0 MB/s  Total: 3454.71 GB
[ 2978.3s] IOs:    905733301  IOPS:   304115  Throughput:  1187.9 MB/s  Total: 3455.10 GB
[ 2978.6s] IOs:    905834077  IOPS:   304109  Throughput:  1187.9 MB/s  Total: 3455.48 GB
[ 2978.9s] IOs:    905934306  IOPS:   304115  Throughput:  1187.9 MB/s  Total: 3455.87 GB
[ 2986.2s] IOs:    906035170  IOPS:   303408  Throughput:  1185.2 MB/s  Total: 3456.25 GB
[ 2989.8s] IOs:    906135393  IOPS:   303077  Throughput:  1183.9 MB/s  Total: 3456.63 GB
[ 2992.7s] IOs:    906236341  IOPS:   302815  Throughput:  1182.9 MB/s  Total: 3457.02 GB
[ 2994.8s] IOs:    906336864  IOPS:   302638  Throughput:  1182.2 MB/s  Total: 3457.40 GB
[ 2996.7s] IOs:    906437146  IOPS:   302474  Throughput:  1181.5 MB/s  Total: 3457.78 GB
[ 2998.3s] IOs:    906537845  IOPS:   302350  Throughput:  1181.1 MB/s  Total: 3458.17 GB
[ 2999.5s] IOs:    906638777  IOPS:   302263  Throughput:  1180.7 MB/s  Total: 3458.55 GB
[ 3000.8s] IOs:    906739584  IOPS:   302169  Throughput:  1180.3 MB/s  Total: 3458.94 GB
[ 3001.8s] IOs:    906840592  IOPS:   302100  Throughput:  1180.1 MB/s  Total: 3459.32 GB
[ 3002.8s] IOs:    906941321  IOPS:   302029  Throughput:  1179.8 MB/s  Total: 3459.71 GB
[ 3003.7s] IOs:    907041786  IOPS:   301971  Throughput:  1179.6 MB/s  Total: 3460.09 GB
[ 3004.4s] IOs:    907141849  IOPS:   301939  Throughput:  1179.4 MB/s  Total: 3460.47 GB
[ 3005.3s] IOs:    907242091  IOPS:   301883  Throughput:  1179.2 MB/s  Total: 3460.85 GB
[ 3005.9s] IOs:    907342847  IOPS:   301854  Throughput:  1179.1 MB/s  Total: 3461.24 GB
[ 3006.4s] IOs:    907443573  IOPS:   301832  Throughput:  1179.0 MB/s  Total: 3461.62 GB
[ 3007.3s] IOs:    907544166  IOPS:   301784  Throughput:  1178.8 MB/s  Total: 3462.01 GB
[ 3007.9s] IOs:    907644956  IOPS:   301749  Throughput:  1178.7 MB/s  Total: 3462.39 GB
[ 3008.3s] IOs:    907745818  IOPS:   301746  Throughput:  1178.7 MB/s  Total: 3462.78 GB
[ 3008.9s] IOs:    907846564  IOPS:   301722  Throughput:  1178.6 MB/s  Total: 3463.16 GB
[ 3009.4s] IOs:    907946907  IOPS:   301699  Throughput:  1178.5 MB/s  Total: 3463.54 GB
[ 3010.0s] IOs:    908047844  IOPS:   301682  Throughput:  1178.4 MB/s  Total: 3463.93 GB
[ 3010.5s] IOs:    908148207  IOPS:   301658  Throughput:  1178.4 MB/s  Total: 3464.31 GB
[ 3010.9s] IOs:    908248757  IOPS:   301653  Throughput:  1178.3 MB/s  Total: 3464.69 GB
[ 3011.4s] IOs:    908349501  IOPS:   301636  Throughput:  1178.3 MB/s  Total: 3465.08 GB
[ 3012.0s] IOs:    908449878  IOPS:   301611  Throughput:  1178.2 MB/s  Total: 3465.46 GB
[ 3012.3s] IOs:    908550385  IOPS:   301615  Throughput:  1178.2 MB/s  Total: 3465.84 GB
[ 3012.5s] IOs:    908651235  IOPS:   301626  Throughput:  1178.2 MB/s  Total: 3466.23 GB
[ 3013.0s] IOs:    908751515  IOPS:   301611  Throughput:  1178.2 MB/s  Total: 3466.61 GB
[ 3013.6s] IOs:    908851559  IOPS:   301586  Throughput:  1178.1 MB/s  Total: 3466.99 GB
[ 3013.8s] IOs:    908951897  IOPS:   301596  Throughput:  1178.1 MB/s  Total: 3467.38 GB
[ 3014.0s] IOs:    909052545  IOPS:   301605  Throughput:  1178.1 MB/s  Total: 3467.76 GB
[ 3014.5s] IOs:    909153085  IOPS:   301589  Throughput:  1178.1 MB/s  Total: 3468.14 GB
[ 3014.8s] IOs:    909253682  IOPS:   301596  Throughput:  1178.1 MB/s  Total: 3468.53 GB
[Reader] Parsed 114000000 lines, distributed 909284740 writes, unique 720.00 GB, skipped 55561363
[ 3015.0s] IOs:    909353835  IOPS:   301606  Throughput:  1178.1 MB/s  Total: 3468.91 GB
[ 3015.5s] IOs:    909454292  IOPS:   301595  Throughput:  1178.1 MB/s  Total: 3469.29 GB
[ 3015.8s] IOs:    909554814  IOPS:   301596  Throughput:  1178.1 MB/s  Total: 3469.68 GB
[ 3016.0s] IOs:    909655333  IOPS:   301605  Throughput:  1178.1 MB/s  Total: 3470.06 GB
[ 3016.4s] IOs:    909756201  IOPS:   301603  Throughput:  1178.1 MB/s  Total: 3470.44 GB
[ 3016.6s] IOs:    909857068  IOPS:   301614  Throughput:  1178.2 MB/s  Total: 3470.83 GB
[ 3017.0s] IOs:    909957449  IOPS:   301609  Throughput:  1178.2 MB/s  Total: 3471.21 GB
[ 3017.4s] IOs:    910057837  IOPS:   301606  Throughput:  1178.1 MB/s  Total: 3471.60 GB
[ 3017.8s] IOs:    910158436  IOPS:   301595  Throughput:  1178.1 MB/s  Total: 3471.98 GB
[ 3018.1s] IOs:    910259366  IOPS:   301603  Throughput:  1178.1 MB/s  Total: 3472.36 GB
[ 3018.5s] IOs:    910360350  IOPS:   301592  Throughput:  1178.1 MB/s  Total: 3472.75 GB
[ 3019.0s] IOs:    910461181  IOPS:   301576  Throughput:  1178.0 MB/s  Total: 3473.13 GB
[ 3019.3s] IOs:    910561438  IOPS:   301576  Throughput:  1178.0 MB/s  Total: 3473.52 GB
[ 3019.6s] IOs:    910661891  IOPS:   301587  Throughput:  1178.1 MB/s  Total: 3473.90 GB
[ 3020.0s] IOs:    910761896  IOPS:   301575  Throughput:  1178.0 MB/s  Total: 3474.28 GB
[ 3020.4s] IOs:    910862706  IOPS:   301573  Throughput:  1178.0 MB/s  Total: 3474.67 GB
[ 3020.8s] IOs:    910963704  IOPS:   301564  Throughput:  1178.0 MB/s  Total: 3475.05 GB
[ 3021.1s] IOs:    911064416  IOPS:   301571  Throughput:  1178.0 MB/s  Total: 3475.43 GB
[ 3021.4s] IOs:    911164758  IOPS:   301569  Throughput:  1178.0 MB/s  Total: 3475.82 GB
[ 3021.8s] IOs:    911265506  IOPS:   301565  Throughput:  1178.0 MB/s  Total: 3476.20 GB
[ 3022.2s] IOs:    911366171  IOPS:   301562  Throughput:  1178.0 MB/s  Total: 3476.59 GB
[ 3022.4s] IOs:    911467188  IOPS:   301573  Throughput:  1178.0 MB/s  Total: 3476.97 GB
[ 3022.6s] IOs:    911567861  IOPS:   301583  Throughput:  1178.1 MB/s  Total: 3477.36 GB
[ 3023.0s] IOs:    911668533  IOPS:   301577  Throughput:  1178.0 MB/s  Total: 3477.74 GB
[ 3023.4s] IOs:    911769102  IOPS:   301575  Throughput:  1178.0 MB/s  Total: 3478.12 GB
[ 3023.6s] IOs:    911869976  IOPS:   301587  Throughput:  1178.1 MB/s  Total: 3478.51 GB
[ 3024.2s] IOs:    911970660  IOPS:   301561  Throughput:  1178.0 MB/s  Total: 3478.89 GB
[ 3024.4s] IOs:    912071209  IOPS:   301569  Throughput:  1178.0 MB/s  Total: 3479.28 GB
[ 3024.8s] IOs:    912171714  IOPS:   301563  Throughput:  1178.0 MB/s  Total: 3479.66 GB
[ 3025.1s] IOs:    912272067  IOPS:   301564  Throughput:  1178.0 MB/s  Total: 3480.04 GB
[ 3025.4s] IOs:    912372695  IOPS:   301573  Throughput:  1178.0 MB/s  Total: 3480.43 GB
[ 3025.6s] IOs:    912473627  IOPS:   301583  Throughput:  1178.1 MB/s  Total: 3480.81 GB
[ 3025.9s] IOs:    912574404  IOPS:   301583  Throughput:  1178.1 MB/s  Total: 3481.20 GB
[ 3026.3s] IOs:    912675090  IOPS:   301581  Throughput:  1178.1 MB/s  Total: 3481.58 GB
[ 3026.5s] IOs:    912776046  IOPS:   301590  Throughput:  1178.1 MB/s  Total: 3481.96 GB
[ 3026.8s] IOs:    912876638  IOPS:   301594  Throughput:  1178.1 MB/s  Total: 3482.35 GB
[ 3027.1s] IOs:    912977442  IOPS:   301606  Throughput:  1178.1 MB/s  Total: 3482.73 GB
[ 3027.4s] IOs:    913078007  IOPS:   301607  Throughput:  1178.2 MB/s  Total: 3483.12 GB
[ 3027.6s] IOs:    913178394  IOPS:   301619  Throughput:  1178.2 MB/s  Total: 3483.50 GB
[ 3027.9s] IOs:    913278595  IOPS:   301623  Throughput:  1178.2 MB/s  Total: 3483.88 GB
[ 3028.2s] IOs:    913379338  IOPS:   301623  Throughput:  1178.2 MB/s  Total: 3484.27 GB
[ 3028.4s] IOs:    913480307  IOPS:   301635  Throughput:  1178.3 MB/s  Total: 3484.65 GB
[ 3028.6s] IOs:    913581056  IOPS:   301647  Throughput:  1178.3 MB/s  Total: 3485.04 GB
[ 3029.2s] IOs:    913681855  IOPS:   301628  Throughput:  1178.2 MB/s  Total: 3485.42 GB
[ 3029.4s] IOs:    913782285  IOPS:   301637  Throughput:  1178.3 MB/s  Total: 3485.80 GB
[ 3029.8s] IOs:    913882748  IOPS:   301632  Throughput:  1178.2 MB/s  Total: 3486.19 GB
[ 3030.0s] IOs:    913983650  IOPS:   301642  Throughput:  1178.3 MB/s  Total: 3486.57 GB
[ 3030.5s] IOs:    914084434  IOPS:   301626  Throughput:  1178.2 MB/s  Total: 3486.96 GB
[ 3030.8s] IOs:    914185126  IOPS:   301630  Throughput:  1178.2 MB/s  Total: 3487.34 GB
[ 3031.1s] IOs:    914285681  IOPS:   301638  Throughput:  1178.3 MB/s  Total: 3487.72 GB
[ 3031.4s] IOs:    914386154  IOPS:   301636  Throughput:  1178.3 MB/s  Total: 3488.11 GB
[ 3031.7s] IOs:    914486812  IOPS:   301643  Throughput:  1178.3 MB/s  Total: 3488.49 GB
[ 3032.0s] IOs:    914587506  IOPS:   301642  Throughput:  1178.3 MB/s  Total: 3488.87 GB
[ 3032.3s] IOs:    914688094  IOPS:   301644  Throughput:  1178.3 MB/s  Total: 3489.26 GB
[ 3032.6s] IOs:    914788345  IOPS:   301651  Throughput:  1178.3 MB/s  Total: 3489.64 GB
[ 3032.9s] IOs:    914889178  IOPS:   301655  Throughput:  1178.3 MB/s  Total: 3490.03 GB
[ 3033.1s] IOs:    914989921  IOPS:   301666  Throughput:  1178.4 MB/s  Total: 3490.41 GB
[ 3033.4s] IOs:    915090867  IOPS:   301670  Throughput:  1178.4 MB/s  Total: 3490.79 GB
[ 3033.8s] IOs:    915191469  IOPS:   301669  Throughput:  1178.4 MB/s  Total: 3491.18 GB
[ 3034.0s] IOs:    915291907  IOPS:   301680  Throughput:  1178.4 MB/s  Total: 3491.56 GB
[ 3034.3s] IOs:    915392219  IOPS:   301678  Throughput:  1178.4 MB/s  Total: 3491.94 GB
[ 3034.6s] IOs:    915492731  IOPS:   301689  Throughput:  1178.5 MB/s  Total: 3492.33 GB
[ 3034.9s] IOs:    915593585  IOPS:   301692  Throughput:  1178.5 MB/s  Total: 3492.71 GB
[ 3035.1s] IOs:    915694293  IOPS:   301704  Throughput:  1178.5 MB/s  Total: 3493.10 GB
[ 3035.5s] IOs:    915794891  IOPS:   301696  Throughput:  1178.5 MB/s  Total: 3493.48 GB
[ 3035.7s] IOs:    915895359  IOPS:   301707  Throughput:  1178.5 MB/s  Total: 3493.86 GB
[ 3036.0s] IOs:    915996094  IOPS:   301715  Throughput:  1178.6 MB/s  Total: 3494.25 GB
[ 3036.3s] IOs:    916096448  IOPS:   301715  Throughput:  1178.6 MB/s  Total: 3494.63 GB
[ 3036.5s] IOs:    916196509  IOPS:   301728  Throughput:  1178.6 MB/s  Total: 3495.01 GB
[ 3036.8s] IOs:    916297410  IOPS:   301730  Throughput:  1178.6 MB/s  Total: 3495.40 GB
[ 3037.0s] IOs:    916397629  IOPS:   301741  Throughput:  1178.7 MB/s  Total: 3495.78 GB
[ 3037.3s] IOs:    916498458  IOPS:   301745  Throughput:  1178.7 MB/s  Total: 3496.16 GB
[ 3037.5s] IOs:    916599280  IOPS:   301758  Throughput:  1178.7 MB/s  Total: 3496.55 GB
[ 3037.8s] IOs:    916699706  IOPS:   301764  Throughput:  1178.8 MB/s  Total: 3496.93 GB
[ 3038.0s] IOs:    916800385  IOPS:   301773  Throughput:  1178.8 MB/s  Total: 3497.32 GB
[ 3038.3s] IOs:    916900948  IOPS:   301783  Throughput:  1178.8 MB/s  Total: 3497.70 GB
[ 3038.5s] IOs:    917001437  IOPS:   301794  Throughput:  1178.9 MB/s  Total: 3498.08 GB
[ 3038.7s] IOs:    917102402  IOPS:   301808  Throughput:  1178.9 MB/s  Total: 3498.47 GB
[ 3038.9s] IOs:    917202935  IOPS:   301817  Throughput:  1179.0 MB/s  Total: 3498.85 GB
[Reader] Parsed 115000000 lines, distributed 917268711 writes, unique 720.00 GB, skipped 57047055
[ 3039.1s] IOs:    917303324  IOPS:   301830  Throughput:  1179.0 MB/s  Total: 3499.23 GB
[ 3039.4s] IOs:    917403336  IOPS:   301837  Throughput:  1179.0 MB/s  Total: 3499.62 GB
[ 3039.8s] IOs:    917503475  IOPS:   301832  Throughput:  1179.0 MB/s  Total: 3500.00 GB
[ 3040.0s] IOs:    917604321  IOPS:   301846  Throughput:  1179.1 MB/s  Total: 3500.38 GB
[ 3040.5s] IOs:    917704710  IOPS:   301829  Throughput:  1179.0 MB/s  Total: 3500.77 GB
[ 3040.7s] IOs:    917805270  IOPS:   301845  Throughput:  1179.1 MB/s  Total: 3501.15 GB
[ 3040.9s] IOs:    917905469  IOPS:   301851  Throughput:  1179.1 MB/s  Total: 3501.53 GB
[ 3041.1s] IOs:    918005826  IOPS:   301867  Throughput:  1179.2 MB/s  Total: 3501.91 GB
[ 3041.4s] IOs:    918105839  IOPS:   301869  Throughput:  1179.2 MB/s  Total: 3502.30 GB
[ 3041.6s] IOs:    918206205  IOPS:   301885  Throughput:  1179.2 MB/s  Total: 3502.68 GB
[ 3041.9s] IOs:    918306589  IOPS:   301884  Throughput:  1179.2 MB/s  Total: 3503.06 GB
[ 3042.1s] IOs:    918407284  IOPS:   301900  Throughput:  1179.3 MB/s  Total: 3503.45 GB
[ 3042.4s] IOs:    918507407  IOPS:   301902  Throughput:  1179.3 MB/s  Total: 3503.83 GB
[ 3042.7s] IOs:    918607966  IOPS:   301906  Throughput:  1179.3 MB/s  Total: 3504.21 GB
[ 3042.9s] IOs:    918708475  IOPS:   301922  Throughput:  1179.4 MB/s  Total: 3504.59 GB
[ 3043.0s] IOs:    918808958  IOPS:   301937  Throughput:  1179.4 MB/s  Total: 3504.98 GB
[ 3043.3s] IOs:    918909948  IOPS:   301942  Throughput:  1179.5 MB/s  Total: 3505.36 GB
[ 3043.5s] IOs:    919010294  IOPS:   301958  Throughput:  1179.5 MB/s  Total: 3505.75 GB
[ 3043.7s] IOs:    919110866  IOPS:   301970  Throughput:  1179.6 MB/s  Total: 3506.13 GB
[ 3043.9s] IOs:    919211467  IOPS:   301981  Throughput:  1179.6 MB/s  Total: 3506.51 GB
[ 3044.1s] IOs:    919312456  IOPS:   301997  Throughput:  1179.7 MB/s  Total: 3506.90 GB
[ 3044.4s] IOs:    919413146  IOPS:   301999  Throughput:  1179.7 MB/s  Total: 3507.28 GB
[ 3044.6s] IOs:    919513923  IOPS:   302016  Throughput:  1179.7 MB/s  Total: 3507.67 GB
[ 3044.8s] IOs:    919614899  IOPS:   302031  Throughput:  1179.8 MB/s  Total: 3508.05 GB
[ 3045.1s] IOs:    919715589  IOPS:   302035  Throughput:  1179.8 MB/s  Total: 3508.44 GB
[ 3045.2s] IOs:    919816369  IOPS:   302052  Throughput:  1179.9 MB/s  Total: 3508.82 GB
[ 3045.4s] IOs:    919917177  IOPS:   302068  Throughput:  1180.0 MB/s  Total: 3509.21 GB
[ 3045.6s] IOs:    920017931  IOPS:   302085  Throughput:  1180.0 MB/s  Total: 3509.59 GB
[ 3045.8s] IOs:    920118539  IOPS:   302091  Throughput:  1180.0 MB/s  Total: 3509.97 GB
[ 3046.0s] IOs:    920219294  IOPS:   302106  Throughput:  1180.1 MB/s  Total: 3510.36 GB
[ 3046.2s] IOs:    920320097  IOPS:   302123  Throughput:  1180.2 MB/s  Total: 3510.74 GB
[ 3046.4s] IOs:    920421074  IOPS:   302131  Throughput:  1180.2 MB/s  Total: 3511.13 GB
[ 3046.8s] IOs:    920521739  IOPS:   302131  Throughput:  1180.2 MB/s  Total: 3511.51 GB
[ 3047.0s] IOs:    920622464  IOPS:   302142  Throughput:  1180.2 MB/s  Total: 3511.90 GB
[ 3047.2s] IOs:    920722880  IOPS:   302157  Throughput:  1180.3 MB/s  Total: 3512.28 GB
[ 3047.4s] IOs:    920823662  IOPS:   302162  Throughput:  1180.3 MB/s  Total: 3512.66 GB
[ 3047.6s] IOs:    920924484  IOPS:   302178  Throughput:  1180.4 MB/s  Total: 3513.05 GB
[ 3048.0s] IOs:    921024574  IOPS:   302177  Throughput:  1180.4 MB/s  Total: 3513.43 GB
[ 3048.2s] IOs:    921124802  IOPS:   302191  Throughput:  1180.4 MB/s  Total: 3513.81 GB
[ 3048.4s] IOs:    921225791  IOPS:   302200  Throughput:  1180.5 MB/s  Total: 3514.20 GB
[ 3048.6s] IOs:    921326735  IOPS:   302215  Throughput:  1180.5 MB/s  Total: 3514.58 GB
[ 3048.8s] IOs:    921427480  IOPS:   302222  Throughput:  1180.6 MB/s  Total: 3514.97 GB
[ 3049.0s] IOs:    921528194  IOPS:   302237  Throughput:  1180.6 MB/s  Total: 3515.35 GB
[ 3049.2s] IOs:    921628917  IOPS:   302253  Throughput:  1180.7 MB/s  Total: 3515.74 GB
[ 3049.5s] IOs:    921729631  IOPS:   302260  Throughput:  1180.7 MB/s  Total: 3516.12 GB
[ 3049.7s] IOs:    921829978  IOPS:   302271  Throughput:  1180.7 MB/s  Total: 3516.50 GB
[ 3049.9s] IOs:    921930347  IOPS:   302286  Throughput:  1180.8 MB/s  Total: 3516.89 GB
[ 3050.0s] IOs:    922031092  IOPS:   302301  Throughput:  1180.9 MB/s  Total: 3517.27 GB
[ 3050.3s] IOs:    922131782  IOPS:   302310  Throughput:  1180.9 MB/s  Total: 3517.65 GB
[ 3050.5s] IOs:    922232715  IOPS:   302324  Throughput:  1181.0 MB/s  Total: 3518.04 GB
[ 3050.7s] IOs:    922333374  IOPS:   302338  Throughput:  1181.0 MB/s  Total: 3518.42 GB
[ 3050.9s] IOs:    922433543  IOPS:   302349  Throughput:  1181.0 MB/s  Total: 3518.80 GB
[ 3051.1s] IOs:    922534055  IOPS:   302364  Throughput:  1181.1 MB/s  Total: 3519.19 GB
[ 3051.3s] IOs:    922634651  IOPS:   302379  Throughput:  1181.2 MB/s  Total: 3519.57 GB
[ 3051.4s] IOs:    922735355  IOPS:   302394  Throughput:  1181.2 MB/s  Total: 3519.96 GB
[ 3051.6s] IOs:    922835872  IOPS:   302409  Throughput:  1181.3 MB/s  Total: 3520.34 GB
[ 3051.8s] IOs:    922936633  IOPS:   302423  Throughput:  1181.3 MB/s  Total: 3520.72 GB
[ 3052.0s] IOs:    923037090  IOPS:   302434  Throughput:  1181.4 MB/s  Total: 3521.11 GB
[ 3052.2s] IOs:    923138031  IOPS:   302449  Throughput:  1181.4 MB/s  Total: 3521.49 GB
[ 3052.4s] IOs:    923238995  IOPS:   302465  Throughput:  1181.5 MB/s  Total: 3521.88 GB
[ 3052.6s] IOs:    923339662  IOPS:   302479  Throughput:  1181.6 MB/s  Total: 3522.26 GB
[ 3052.8s] IOs:    923440229  IOPS:   302494  Throughput:  1181.6 MB/s  Total: 3522.64 GB
[ 3053.2s] IOs:    923540648  IOPS:   302480  Throughput:  1181.6 MB/s  Total: 3523.03 GB
[ 3053.5s] IOs:    923641244  IOPS:   302489  Throughput:  1181.6 MB/s  Total: 3523.41 GB
[ 3054.0s] IOs:    923741819  IOPS:   302469  Throughput:  1181.5 MB/s  Total: 3523.80 GB
[ 3054.5s] IOs:    923842405  IOPS:   302455  Throughput:  1181.5 MB/s  Total: 3524.18 GB
[ 3055.0s] IOs:    923943067  IOPS:   302439  Throughput:  1181.4 MB/s  Total: 3524.56 GB
[ 3055.4s] IOs:    924043411  IOPS:   302433  Throughput:  1181.4 MB/s  Total: 3524.95 GB
[ 3055.8s] IOs:    924144046  IOPS:   302418  Throughput:  1181.3 MB/s  Total: 3525.33 GB
[ 3056.1s] IOs:    924244615  IOPS:   302430  Throughput:  1181.4 MB/s  Total: 3525.71 GB
[ 3056.5s] IOs:    924345289  IOPS:   302418  Throughput:  1181.3 MB/s  Total: 3526.10 GB
[ 3056.9s] IOs:    924445973  IOPS:   302417  Throughput:  1181.3 MB/s  Total: 3526.48 GB
[ 3057.0s] IOs:    924546253  IOPS:   302432  Throughput:  1181.4 MB/s  Total: 3526.86 GB
[ 3057.5s] IOs:    924646894  IOPS:   302419  Throughput:  1181.3 MB/s  Total: 3527.25 GB
[Reader] Parsed 116000000 lines, distributed 924717181 writes, unique 720.00 GB, skipped 58654503
[ 3057.9s] IOs:    924747599  IOPS:   302414  Throughput:  1181.3 MB/s  Total: 3527.63 GB
[ 3058.1s] IOs:    924848507  IOPS:   302425  Throughput:  1181.3 MB/s  Total: 3528.02 GB
[ 3058.6s] IOs:    924949402  IOPS:   302409  Throughput:  1181.3 MB/s  Total: 3528.40 GB
[ 3058.9s] IOs:    925050421  IOPS:   302417  Throughput:  1181.3 MB/s  Total: 3528.79 GB
[ 3059.0s] IOs:    925151211  IOPS:   302434  Throughput:  1181.4 MB/s  Total: 3529.17 GB
[ 3059.5s] IOs:    925251940  IOPS:   302417  Throughput:  1181.3 MB/s  Total: 3529.56 GB
[ 3059.7s] IOs:    925352476  IOPS:   302432  Throughput:  1181.4 MB/s  Total: 3529.94 GB
[ 3060.0s] IOs:    925453151  IOPS:   302437  Throughput:  1181.4 MB/s  Total: 3530.32 GB
[ 3060.4s] IOs:    925554170  IOPS:   302434  Throughput:  1181.4 MB/s  Total: 3530.71 GB
[ 3060.6s] IOs:    925654938  IOPS:   302443  Throughput:  1181.4 MB/s  Total: 3531.09 GB
[ 3060.9s] IOs:    925755462  IOPS:   302450  Throughput:  1181.4 MB/s  Total: 3531.48 GB
[ 3061.0s] IOs:    925856005  IOPS:   302465  Throughput:  1181.5 MB/s  Total: 3531.86 GB
[ 3061.4s] IOs:    925956584  IOPS:   302466  Throughput:  1181.5 MB/s  Total: 3532.24 GB
[ 3061.5s] IOs:    926057398  IOPS:   302481  Throughput:  1181.6 MB/s  Total: 3532.63 GB
[ 3061.9s] IOs:    926157860  IOPS:   302477  Throughput:  1181.6 MB/s  Total: 3533.01 GB
[ 3062.1s] IOs:    926258608  IOPS:   302488  Throughput:  1181.6 MB/s  Total: 3533.40 GB
[ 3062.4s] IOs:    926359146  IOPS:   302490  Throughput:  1181.6 MB/s  Total: 3533.78 GB
[ 3062.6s] IOs:    926459515  IOPS:   302504  Throughput:  1181.7 MB/s  Total: 3534.16 GB
[ 3063.0s] IOs:    926560000  IOPS:   302505  Throughput:  1181.7 MB/s  Total: 3534.55 GB
[ 3063.2s] IOs:    926660507  IOPS:   302519  Throughput:  1181.7 MB/s  Total: 3534.93 GB
[ 3063.7s] IOs:    926760890  IOPS:   302498  Throughput:  1181.6 MB/s  Total: 3535.31 GB
[ 3063.9s] IOs:    926860922  IOPS:   302513  Throughput:  1181.7 MB/s  Total: 3535.69 GB
[ 3064.0s] IOs:    926961901  IOPS:   302529  Throughput:  1181.8 MB/s  Total: 3536.08 GB
[ 3064.4s] IOs:    927062286  IOPS:   302524  Throughput:  1181.7 MB/s  Total: 3536.46 GB
[ 3064.6s] IOs:    927162804  IOPS:   302540  Throughput:  1181.8 MB/s  Total: 3536.85 GB
[ 3064.9s] IOs:    927262825  IOPS:   302541  Throughput:  1181.8 MB/s  Total: 3537.23 GB
[ 3065.1s] IOs:    927362937  IOPS:   302556  Throughput:  1181.9 MB/s  Total: 3537.61 GB
[ 3065.5s] IOs:    927463672  IOPS:   302545  Throughput:  1181.8 MB/s  Total: 3537.99 GB
[ 3065.7s] IOs:    927564358  IOPS:   302561  Throughput:  1181.9 MB/s  Total: 3538.38 GB
[ 3065.9s] IOs:    927664942  IOPS:   302574  Throughput:  1181.9 MB/s  Total: 3538.76 GB
[ 3066.1s] IOs:    927765443  IOPS:   302591  Throughput:  1182.0 MB/s  Total: 3539.14 GB
[ 3066.4s] IOs:    927865444  IOPS:   302594  Throughput:  1182.0 MB/s  Total: 3539.53 GB
[ 3066.5s] IOs:    927966322  IOPS:   302609  Throughput:  1182.1 MB/s  Total: 3539.91 GB
[ 3066.7s] IOs:    928066333  IOPS:   302623  Throughput:  1182.1 MB/s  Total: 3540.29 GB
[ 3067.0s] IOs:    928167165  IOPS:   302631  Throughput:  1182.2 MB/s  Total: 3540.68 GB
[ 3067.2s] IOs:    928268193  IOPS:   302643  Throughput:  1182.2 MB/s  Total: 3541.06 GB
[ 3067.5s] IOs:    928368880  IOPS:   302650  Throughput:  1182.2 MB/s  Total: 3541.45 GB
[ 3067.7s] IOs:    928469220  IOPS:   302664  Throughput:  1182.3 MB/s  Total: 3541.83 GB
[ 3068.0s] IOs:    928569586  IOPS:   302660  Throughput:  1182.3 MB/s  Total: 3542.21 GB
[ 3068.2s] IOs:    928670356  IOPS:   302676  Throughput:  1182.3 MB/s  Total: 3542.60 GB
[ 3068.4s] IOs:    928770887  IOPS:   302691  Throughput:  1182.4 MB/s  Total: 3542.98 GB
[ 3068.6s] IOs:    928871679  IOPS:   302705  Throughput:  1182.4 MB/s  Total: 3543.36 GB
[ 3068.8s] IOs:    928972246  IOPS:   302712  Throughput:  1182.5 MB/s  Total: 3543.75 GB
[ 3069.0s] IOs:    929073045  IOPS:   302727  Throughput:  1182.5 MB/s  Total: 3544.13 GB
[ 3069.2s] IOs:    929173805  IOPS:   302743  Throughput:  1182.6 MB/s  Total: 3544.52 GB
[ 3069.4s] IOs:    929274454  IOPS:   302751  Throughput:  1182.6 MB/s  Total: 3544.90 GB
[ 3069.6s] IOs:    929375336  IOPS:   302766  Throughput:  1182.7 MB/s  Total: 3545.29 GB
[ 3069.9s] IOs:    929476250  IOPS:   302775  Throughput:  1182.7 MB/s  Total: 3545.67 GB
[ 3070.0s] IOs:    929577093  IOPS:   302789  Throughput:  1182.8 MB/s  Total: 3546.06 GB
[ 3070.2s] IOs:    929678083  IOPS:   302802  Throughput:  1182.8 MB/s  Total: 3546.44 GB
[ 3070.6s] IOs:    929778978  IOPS:   302805  Throughput:  1182.8 MB/s  Total: 3546.83 GB
[ 3070.7s] IOs:    929879687  IOPS:   302821  Throughput:  1182.9 MB/s  Total: 3547.21 GB
[ 3071.0s] IOs:    929980488  IOPS:   302827  Throughput:  1182.9 MB/s  Total: 3547.59 GB
[ 3071.2s] IOs:    930080811  IOPS:   302841  Throughput:  1183.0 MB/s  Total: 3547.98 GB
[ 3071.4s] IOs:    930181730  IOPS:   302850  Throughput:  1183.0 MB/s  Total: 3548.36 GB
[ 3071.6s] IOs:    930282524  IOPS:   302866  Throughput:  1183.1 MB/s  Total: 3548.75 GB
[ 3071.8s] IOs:    930383018  IOPS:   302880  Throughput:  1183.1 MB/s  Total: 3549.13 GB
[ 3072.0s] IOs:    930483614  IOPS:   302891  Throughput:  1183.2 MB/s  Total: 3549.51 GB
[ 3072.2s] IOs:    930584075  IOPS:   302906  Throughput:  1183.2 MB/s  Total: 3549.90 GB
[ 3072.4s] IOs:    930684970  IOPS:   302918  Throughput:  1183.3 MB/s  Total: 3550.28 GB
[ 3072.6s] IOs:    930785751  IOPS:   302935  Throughput:  1183.3 MB/s  Total: 3550.67 GB
[ 3072.8s] IOs:    930886375  IOPS:   302949  Throughput:  1183.4 MB/s  Total: 3551.05 GB
[ 3072.9s] IOs:    930986652  IOPS:   302964  Throughput:  1183.5 MB/s  Total: 3551.43 GB
[ 3073.1s] IOs:    931087138  IOPS:   302980  Throughput:  1183.5 MB/s  Total: 3551.82 GB
[ 3073.4s] IOs:    931187764  IOPS:   302979  Throughput:  1183.5 MB/s  Total: 3552.20 GB
[ 3073.6s] IOs:    931288480  IOPS:   302991  Throughput:  1183.6 MB/s  Total: 3552.58 GB
[ 3074.0s] IOs:    931389345  IOPS:   302992  Throughput:  1183.6 MB/s  Total: 3552.97 GB
[ 3074.1s] IOs:    931490087  IOPS:   303008  Throughput:  1183.6 MB/s  Total: 3553.35 GB
[ 3074.5s] IOs:    931590458  IOPS:   303007  Throughput:  1183.6 MB/s  Total: 3553.74 GB
[ 3074.7s] IOs:    931690670  IOPS:   303022  Throughput:  1183.7 MB/s  Total: 3554.12 GB
[ 3075.0s] IOs:    931791441  IOPS:   303025  Throughput:  1183.7 MB/s  Total: 3554.50 GB
[ 3075.1s] IOs:    931891922  IOPS:   303040  Throughput:  1183.8 MB/s  Total: 3554.89 GB
[ 3075.4s] IOs:    931992763  IOPS:   303043  Throughput:  1183.8 MB/s  Total: 3555.27 GB
[ 3075.6s] IOs:    932093468  IOPS:   303059  Throughput:  1183.8 MB/s  Total: 3555.65 GB
[ 3075.9s] IOs:    932194069  IOPS:   303060  Throughput:  1183.8 MB/s  Total: 3556.04 GB
[ 3076.1s] IOs:    932294648  IOPS:   303074  Throughput:  1183.9 MB/s  Total: 3556.42 GB
[ 3076.3s] IOs:    932395023  IOPS:   303090  Throughput:  1183.9 MB/s  Total: 3556.80 GB
[ 3076.6s] IOs:    932495223  IOPS:   303092  Throughput:  1184.0 MB/s  Total: 3557.19 GB
[ 3076.8s] IOs:    932595454  IOPS:   303106  Throughput:  1184.0 MB/s  Total: 3557.57 GB
[ 3077.0s] IOs:    932695657  IOPS:   303121  Throughput:  1184.1 MB/s  Total: 3557.95 GB
[ 3077.2s] IOs:    932795781  IOPS:   303136  Throughput:  1184.1 MB/s  Total: 3558.33 GB
[ 3077.4s] IOs:    932896125  IOPS:   303144  Throughput:  1184.2 MB/s  Total: 3558.72 GB
[ 3077.6s] IOs:    932996426  IOPS:   303160  Throughput:  1184.2 MB/s  Total: 3559.10 GB
[ 3077.8s] IOs:    933097014  IOPS:   303174  Throughput:  1184.3 MB/s  Total: 3559.48 GB
[ 3078.0s] IOs:    933197786  IOPS:   303179  Throughput:  1184.3 MB/s  Total: 3559.87 GB
[ 3078.2s] IOs:    933298220  IOPS:   303192  Throughput:  1184.3 MB/s  Total: 3560.25 GB
[ 3078.6s] IOs:    933399030  IOPS:   303185  Throughput:  1184.3 MB/s  Total: 3560.63 GB
[ 3078.8s] IOs:    933499381  IOPS:   303200  Throughput:  1184.4 MB/s  Total: 3561.02 GB
[ 3079.0s] IOs:    933599816  IOPS:   303214  Throughput:  1184.4 MB/s  Total: 3561.40 GB
[ 3079.2s] IOs:    933699878  IOPS:   303229  Throughput:  1184.5 MB/s  Total: 3561.78 GB
[ 3079.5s] IOs:    933800511  IOPS:   303228  Throughput:  1184.5 MB/s  Total: 3562.17 GB
[ 3079.7s] IOs:    933901143  IOPS:   303242  Throughput:  1184.5 MB/s  Total: 3562.55 GB
[ 3080.0s] IOs:    934001684  IOPS:   303243  Throughput:  1184.5 MB/s  Total: 3562.93 GB
[ 3080.2s] IOs:    934101733  IOPS:   303257  Throughput:  1184.6 MB/s  Total: 3563.32 GB
[Reader] Parsed 117000000 lines, distributed 934149361 writes, unique 720.00 GB, skipped 61137908
[ 3080.5s] IOs:    934202676  IOPS:   303261  Throughput:  1184.6 MB/s  Total: 3563.70 GB
[ 3080.7s] IOs:    934303050  IOPS:   303275  Throughput:  1184.7 MB/s  Total: 3564.08 GB
[ 3081.0s] IOs:    934403685  IOPS:   303276  Throughput:  1184.7 MB/s  Total: 3564.47 GB
[ 3081.2s] IOs:    934503856  IOPS:   303290  Throughput:  1184.7 MB/s  Total: 3564.85 GB
[ 3081.5s] IOs:    934604195  IOPS:   303296  Throughput:  1184.8 MB/s  Total: 3565.23 GB
[ 3081.7s] IOs:    934704990  IOPS:   303312  Throughput:  1184.8 MB/s  Total: 3565.62 GB
[ 3082.0s] IOs:    934805647  IOPS:   303316  Throughput:  1184.8 MB/s  Total: 3566.00 GB
[ 3082.1s] IOs:    934906188  IOPS:   303331  Throughput:  1184.9 MB/s  Total: 3566.38 GB
[ 3082.4s] IOs:    935006667  IOPS:   303336  Throughput:  1184.9 MB/s  Total: 3566.77 GB
[ 3082.6s] IOs:    935106997  IOPS:   303351  Throughput:  1185.0 MB/s  Total: 3567.15 GB
[ 3082.8s] IOs:    935207598  IOPS:   303366  Throughput:  1185.0 MB/s  Total: 3567.53 GB
[ 3083.0s] IOs:    935307678  IOPS:   303374  Throughput:  1185.1 MB/s  Total: 3567.92 GB
[ 3083.3s] IOs:    935408067  IOPS:   303376  Throughput:  1185.1 MB/s  Total: 3568.30 GB
[ 3083.5s] IOs:    935508853  IOPS:   303391  Throughput:  1185.1 MB/s  Total: 3568.68 GB
[ 3083.7s] IOs:    935609156  IOPS:   303404  Throughput:  1185.2 MB/s  Total: 3569.07 GB
[ 3084.0s] IOs:    935709360  IOPS:   303409  Throughput:  1185.2 MB/s  Total: 3569.45 GB
[ 3084.2s] IOs:    935810061  IOPS:   303424  Throughput:  1185.2 MB/s  Total: 3569.83 GB
[ 3084.4s] IOs:    935910936  IOPS:   303430  Throughput:  1185.3 MB/s  Total: 3570.22 GB
[ 3084.6s] IOs:    936011480  IOPS:   303445  Throughput:  1185.3 MB/s  Total: 3570.60 GB
[ 3084.9s] IOs:    936112098  IOPS:   303448  Throughput:  1185.3 MB/s  Total: 3570.98 GB
[ 3085.1s] IOs:    936213064  IOPS:   303464  Throughput:  1185.4 MB/s  Total: 3571.37 GB
[ 3085.3s] IOs:    936313364  IOPS:   303480  Throughput:  1185.5 MB/s  Total: 3571.75 GB
[ 3085.5s] IOs:    936414288  IOPS:   303484  Throughput:  1185.5 MB/s  Total: 3572.14 GB
[ 3085.7s] IOs:    936514970  IOPS:   303500  Throughput:  1185.5 MB/s  Total: 3572.52 GB
[ 3086.0s] IOs:    936615472  IOPS:   303503  Throughput:  1185.6 MB/s  Total: 3572.90 GB
[ 3086.3s] IOs:    936715879  IOPS:   303503  Throughput:  1185.6 MB/s  Total: 3573.29 GB
[ 3086.5s] IOs:    936816554  IOPS:   303519  Throughput:  1185.6 MB/s  Total: 3573.67 GB
[ 3086.7s] IOs:    936917186  IOPS:   303533  Throughput:  1185.7 MB/s  Total: 3574.06 GB
[ 3087.0s] IOs:    937017701  IOPS:   303532  Throughput:  1185.7 MB/s  Total: 3574.44 GB
[ 3087.2s] IOs:    937118358  IOPS:   303548  Throughput:  1185.7 MB/s  Total: 3574.82 GB
[ 3087.5s] IOs:    937219062  IOPS:   303549  Throughput:  1185.7 MB/s  Total: 3575.21 GB
[ 3087.7s] IOs:    937319232  IOPS:   303564  Throughput:  1185.8 MB/s  Total: 3575.59 GB
[ 3088.0s] IOs:    937419773  IOPS:   303566  Throughput:  1185.8 MB/s  Total: 3575.97 GB
[ 3088.2s] IOs:    937520747  IOPS:   303581  Throughput:  1185.9 MB/s  Total: 3576.36 GB
[ 3088.5s] IOs:    937621249  IOPS:   303585  Throughput:  1185.9 MB/s  Total: 3576.74 GB
[ 3088.7s] IOs:    937721698  IOPS:   303600  Throughput:  1185.9 MB/s  Total: 3577.12 GB
[ 3089.2s] IOs:    937822558  IOPS:   303586  Throughput:  1185.9 MB/s  Total: 3577.51 GB
[ 3089.4s] IOs:    937923478  IOPS:   303597  Throughput:  1185.9 MB/s  Total: 3577.89 GB
[ 3089.6s] IOs:    938024036  IOPS:   303608  Throughput:  1186.0 MB/s  Total: 3578.28 GB
[ 3089.8s] IOs:    938124709  IOPS:   303623  Throughput:  1186.0 MB/s  Total: 3578.66 GB
[ 3090.0s] IOs:    938225106  IOPS:   303631  Throughput:  1186.1 MB/s  Total: 3579.04 GB
[ 3090.2s] IOs:    938326126  IOPS:   303645  Throughput:  1186.1 MB/s  Total: 3579.43 GB
[ 3090.5s] IOs:    938427142  IOPS:   303651  Throughput:  1186.1 MB/s  Total: 3579.82 GB
[ 3090.7s] IOs:    938527846  IOPS:   303666  Throughput:  1186.2 MB/s  Total: 3580.20 GB
[ 3090.8s] IOs:    938628844  IOPS:   303681  Throughput:  1186.3 MB/s  Total: 3580.58 GB
[ 3091.1s] IOs:    938729331  IOPS:   303689  Throughput:  1186.3 MB/s  Total: 3580.97 GB
[ 3091.3s] IOs:    938829929  IOPS:   303703  Throughput:  1186.3 MB/s  Total: 3581.35 GB
[ 3091.5s] IOs:    938930914  IOPS:   303714  Throughput:  1186.4 MB/s  Total: 3581.74 GB
[ 3091.7s] IOs:    939031514  IOPS:   303727  Throughput:  1186.4 MB/s  Total: 3582.12 GB
[ 3091.9s] IOs:    939132453  IOPS:   303742  Throughput:  1186.5 MB/s  Total: 3582.51 GB
[ 3092.1s] IOs:    939232470  IOPS:   303753  Throughput:  1186.5 MB/s  Total: 3582.89 GB
[ 3092.3s] IOs:    939333064  IOPS:   303768  Throughput:  1186.6 MB/s  Total: 3583.27 GB
[ 3092.5s] IOs:    939433687  IOPS:   303778  Throughput:  1186.6 MB/s  Total: 3583.66 GB
[ 3092.7s] IOs:    939533711  IOPS:   303793  Throughput:  1186.7 MB/s  Total: 3584.04 GB
[ 3092.9s] IOs:    939633824  IOPS:   303808  Throughput:  1186.8 MB/s  Total: 3584.42 GB
[ 3093.1s] IOs:    939733865  IOPS:   303819  Throughput:  1186.8 MB/s  Total: 3584.80 GB
[ 3093.3s] IOs:    939834507  IOPS:   303834  Throughput:  1186.9 MB/s  Total: 3585.18 GB
[ 3093.4s] IOs:    939935070  IOPS:   303849  Throughput:  1186.9 MB/s  Total: 3585.57 GB
[ 3093.6s] IOs:    940035914  IOPS:   303862  Throughput:  1187.0 MB/s  Total: 3585.95 GB
[ 3093.8s] IOs:    940136466  IOPS:   303878  Throughput:  1187.0 MB/s  Total: 3586.34 GB
[ 3094.0s] IOs:    940237413  IOPS:   303892  Throughput:  1187.1 MB/s  Total: 3586.72 GB
[ 3094.2s] IOs:    940338121  IOPS:   303908  Throughput:  1187.1 MB/s  Total: 3587.11 GB
[ 3094.4s] IOs:    940439102  IOPS:   303919  Throughput:  1187.2 MB/s  Total: 3587.49 GB
[ 3094.6s] IOs:    940539990  IOPS:   303934  Throughput:  1187.2 MB/s  Total: 3587.88 GB
[ 3094.7s] IOs:    940640422  IOPS:   303948  Throughput:  1187.3 MB/s  Total: 3588.26 GB
[ 3094.9s] IOs:    940740602  IOPS:   303964  Throughput:  1187.4 MB/s  Total: 3588.64 GB
[ 3095.1s] IOs:    940841129  IOPS:   303977  Throughput:  1187.4 MB/s  Total: 3589.02 GB
[ 3095.3s] IOs:    940941714  IOPS:   303992  Throughput:  1187.5 MB/s  Total: 3589.41 GB
[ 3095.5s] IOs:    941042297  IOPS:   304004  Throughput:  1187.5 MB/s  Total: 3589.79 GB
[ 3095.7s] IOs:    941142745  IOPS:   304019  Throughput:  1187.6 MB/s  Total: 3590.17 GB
[ 3095.8s] IOs:    941242911  IOPS:   304034  Throughput:  1187.6 MB/s  Total: 3590.56 GB
[ 3096.3s] IOs:    941343678  IOPS:   304022  Throughput:  1187.6 MB/s  Total: 3590.94 GB
[ 3096.5s] IOs:    941443986  IOPS:   304037  Throughput:  1187.6 MB/s  Total: 3591.32 GB
[ 3096.7s] IOs:    941544451  IOPS:   304049  Throughput:  1187.7 MB/s  Total: 3591.71 GB
[ 3097.1s] IOs:    941645345  IOPS:   304042  Throughput:  1187.7 MB/s  Total: 3592.09 GB
[ 3097.3s] IOs:    941745393  IOPS:   304057  Throughput:  1187.7 MB/s  Total: 3592.47 GB
[ 3097.6s] IOs:    941845801  IOPS:   304059  Throughput:  1187.7 MB/s  Total: 3592.86 GB
[ 3097.8s] IOs:    941946173  IOPS:   304074  Throughput:  1187.8 MB/s  Total: 3593.24 GB
[ 3098.1s] IOs:    942047119  IOPS:   304072  Throughput:  1187.8 MB/s  Total: 3593.62 GB
[ 3104.2s] IOs:    942147327  IOPS:   303508  Throughput:  1185.6 MB/s  Total: 3594.01 GB
[ 3104.4s] IOs:    942248275  IOPS:   303516  Throughput:  1185.6 MB/s  Total: 3594.39 GB
[ 3104.7s] IOs:    942348403  IOPS:   303518  Throughput:  1185.6 MB/s  Total: 3594.77 GB
[ 3105.0s] IOs:    942448787  IOPS:   303530  Throughput:  1185.7 MB/s  Total: 3595.16 GB
[ 3105.3s] IOs:    942549538  IOPS:   303527  Throughput:  1185.7 MB/s  Total: 3595.54 GB
[ 3105.5s] IOs:    942649904  IOPS:   303538  Throughput:  1185.7 MB/s  Total: 3595.92 GB
[ 3105.8s] IOs:    942750749  IOPS:   303544  Throughput:  1185.7 MB/s  Total: 3596.31 GB
[ 3106.1s] IOs:    942851162  IOPS:   303552  Throughput:  1185.8 MB/s  Total: 3596.69 GB
[ 3106.3s] IOs:    942951706  IOPS:   303560  Throughput:  1185.8 MB/s  Total: 3597.08 GB
[ 3106.5s] IOs:    943052332  IOPS:   303570  Throughput:  1185.8 MB/s  Total: 3597.46 GB
[ 3106.8s] IOs:    943153097  IOPS:   303577  Throughput:  1185.8 MB/s  Total: 3597.84 GB
[ 3107.0s] IOs:    943253706  IOPS:   303588  Throughput:  1185.9 MB/s  Total: 3598.23 GB
[ 3107.4s] IOs:    943354071  IOPS:   303582  Throughput:  1185.9 MB/s  Total: 3598.61 GB
[ 3107.6s] IOs:    943454778  IOPS:   303594  Throughput:  1185.9 MB/s  Total: 3598.99 GB
[ 3107.9s] IOs:    943555269  IOPS:   303603  Throughput:  1185.9 MB/s  Total: 3599.38 GB
[ 3108.1s] IOs:    943655617  IOPS:   303611  Throughput:  1186.0 MB/s  Total: 3599.76 GB
[ 3108.4s] IOs:    943756394  IOPS:   303619  Throughput:  1186.0 MB/s  Total: 3600.14 GB
[ 3108.6s] IOs:    943857116  IOPS:   303628  Throughput:  1186.0 MB/s  Total: 3600.53 GB
[ 3108.8s] IOs:    943957952  IOPS:   303636  Throughput:  1186.1 MB/s  Total: 3600.91 GB
[ 3109.1s] IOs:    944058746  IOPS:   303647  Throughput:  1186.1 MB/s  Total: 3601.30 GB
[Reader] Parsed 118000000 lines, distributed 944141858 writes, unique 720.00 GB, skipped 63086054
[ 3109.4s] IOs:    944159337  IOPS:   303650  Throughput:  1186.1 MB/s  Total: 3601.68 GB
[ 3109.6s] IOs:    944259725  IOPS:   303661  Throughput:  1186.2 MB/s  Total: 3602.06 GB
[ 3109.9s] IOs:    944360420  IOPS:   303667  Throughput:  1186.2 MB/s  Total: 3602.45 GB
[ 3110.1s] IOs:    944460461  IOPS:   303678  Throughput:  1186.2 MB/s  Total: 3602.83 GB
[ 3110.4s] IOs:    944561426  IOPS:   303677  Throughput:  1186.2 MB/s  Total: 3603.22 GB
[ 3110.7s] IOs:    944662055  IOPS:   303680  Throughput:  1186.2 MB/s  Total: 3603.60 GB
[ 3110.9s] IOs:    944762752  IOPS:   303690  Throughput:  1186.3 MB/s  Total: 3603.98 GB
[ 3111.2s] IOs:    944863613  IOPS:   303695  Throughput:  1186.3 MB/s  Total: 3604.37 GB
[ 3111.5s] IOs:    944964259  IOPS:   303703  Throughput:  1186.3 MB/s  Total: 3604.75 GB
[ 3111.7s] IOs:    945064987  IOPS:   303711  Throughput:  1186.4 MB/s  Total: 3605.14 GB
[ 3112.0s] IOs:    945165613  IOPS:   303717  Throughput:  1186.4 MB/s  Total: 3605.52 GB
[ 3112.2s] IOs:    945266365  IOPS:   303727  Throughput:  1186.4 MB/s  Total: 3605.91 GB
[ 3112.4s] IOs:    945367035  IOPS:   303738  Throughput:  1186.5 MB/s  Total: 3606.29 GB
[ 3112.9s] IOs:    945467748  IOPS:   303723  Throughput:  1186.4 MB/s  Total: 3606.67 GB
[ 3113.2s] IOs:    945568094  IOPS:   303728  Throughput:  1186.4 MB/s  Total: 3607.06 GB
[ 3113.4s] IOs:    945668553  IOPS:   303738  Throughput:  1186.5 MB/s  Total: 3607.44 GB
[ 3113.7s] IOs:    945769025  IOPS:   303749  Throughput:  1186.5 MB/s  Total: 3607.82 GB
[ 3114.0s] IOs:    945869527  IOPS:   303747  Throughput:  1186.5 MB/s  Total: 3608.21 GB
[ 3114.3s] IOs:    945970205  IOPS:   303750  Throughput:  1186.5 MB/s  Total: 3608.59 GB
[ 3114.5s] IOs:    946070788  IOPS:   303760  Throughput:  1186.6 MB/s  Total: 3608.97 GB
[ 3114.8s] IOs:    946171226  IOPS:   303763  Throughput:  1186.6 MB/s  Total: 3609.36 GB
[ 3115.1s] IOs:    946271549  IOPS:   303770  Throughput:  1186.6 MB/s  Total: 3609.74 GB
[ 3115.3s] IOs:    946371884  IOPS:   303778  Throughput:  1186.6 MB/s  Total: 3610.12 GB
[ 3115.6s] IOs:    946472426  IOPS:   303788  Throughput:  1186.7 MB/s  Total: 3610.51 GB
[ 3115.8s] IOs:    946572955  IOPS:   303794  Throughput:  1186.7 MB/s  Total: 3610.89 GB
[ 3116.1s] IOs:    946673659  IOPS:   303803  Throughput:  1186.7 MB/s  Total: 3611.27 GB
[ 3116.3s] IOs:    946773896  IOPS:   303811  Throughput:  1186.8 MB/s  Total: 3611.66 GB
[ 3116.6s] IOs:    946874230  IOPS:   303820  Throughput:  1186.8 MB/s  Total: 3612.04 GB
[ 3116.8s] IOs:    946975139  IOPS:   303829  Throughput:  1186.8 MB/s  Total: 3612.42 GB
[ 3117.1s] IOs:    947075835  IOPS:   303836  Throughput:  1186.9 MB/s  Total: 3612.81 GB
[ 3117.3s] IOs:    947176804  IOPS:   303844  Throughput:  1186.9 MB/s  Total: 3613.19 GB
[ 3117.5s] IOs:    947276949  IOPS:   303853  Throughput:  1186.9 MB/s  Total: 3613.57 GB
[ 3117.8s] IOs:    947377203  IOPS:   303860  Throughput:  1187.0 MB/s  Total: 3613.96 GB
[ 3118.0s] IOs:    947477436  IOPS:   303871  Throughput:  1187.0 MB/s  Total: 3614.34 GB
[ 3118.2s] IOs:    947577839  IOPS:   303882  Throughput:  1187.0 MB/s  Total: 3614.72 GB
[ 3118.9s] IOs:    947678431  IOPS:   303853  Throughput:  1186.9 MB/s  Total: 3615.11 GB
[ 3119.4s] IOs:    947778836  IOPS:   303830  Throughput:  1186.8 MB/s  Total: 3615.49 GB
[ 3119.9s] IOs:    947879658  IOPS:   303814  Throughput:  1186.8 MB/s  Total: 3615.87 GB
[ 3120.4s] IOs:    947980365  IOPS:   303798  Throughput:  1186.7 MB/s  Total: 3616.26 GB
[ 3121.0s] IOs:    948080960  IOPS:   303777  Throughput:  1186.6 MB/s  Total: 3616.64 GB
[ 3121.4s] IOs:    948181630  IOPS:   303764  Throughput:  1186.6 MB/s  Total: 3617.03 GB
[ 3122.0s] IOs:    948282368  IOPS:   303743  Throughput:  1186.5 MB/s  Total: 3617.41 GB
[ 3122.3s] IOs:    948383010  IOPS:   303740  Throughput:  1186.5 MB/s  Total: 3617.79 GB
[ 3125.2s] IOs:    948483740  IOPS:   303495  Throughput:  1185.5 MB/s  Total: 3618.18 GB
[ 3125.7s] IOs:    948584272  IOPS:   303482  Throughput:  1185.5 MB/s  Total: 3618.56 GB
[ 3126.2s] IOs:    948684899  IOPS:   303462  Throughput:  1185.4 MB/s  Total: 3618.95 GB
[ 3126.8s] IOs:    948785307  IOPS:   303440  Throughput:  1185.3 MB/s  Total: 3619.33 GB
[ 3127.5s] IOs:    948885883  IOPS:   303402  Throughput:  1185.2 MB/s  Total: 3619.71 GB
[ 3127.7s] IOs:    948986120  IOPS:   303413  Throughput:  1185.2 MB/s  Total: 3620.09 GB
[ 3128.3s] IOs:    949086669  IOPS:   303388  Throughput:  1185.1 MB/s  Total: 3620.48 GB
[ 3128.8s] IOs:    949187125  IOPS:   303371  Throughput:  1185.0 MB/s  Total: 3620.86 GB
[ 3129.4s] IOs:    949287721  IOPS:   303341  Throughput:  1184.9 MB/s  Total: 3621.25 GB
[ 3129.8s] IOs:    949388215  IOPS:   303342  Throughput:  1184.9 MB/s  Total: 3621.63 GB
[ 3130.2s] IOs:    949488925  IOPS:   303333  Throughput:  1184.9 MB/s  Total: 3622.01 GB
[ 3130.6s] IOs:    949589808  IOPS:   303321  Throughput:  1184.8 MB/s  Total: 3622.40 GB
[ 3131.1s] IOs:    949690596  IOPS:   303312  Throughput:  1184.8 MB/s  Total: 3622.78 GB
[ 3131.3s] IOs:    949791438  IOPS:   303320  Throughput:  1184.8 MB/s  Total: 3623.17 GB
[ 3131.7s] IOs:    949891907  IOPS:   303315  Throughput:  1184.8 MB/s  Total: 3623.55 GB
[ 3132.2s] IOs:    949992374  IOPS:   303304  Throughput:  1184.8 MB/s  Total: 3623.93 GB
[ 3132.4s] IOs:    950093207  IOPS:   303310  Throughput:  1184.8 MB/s  Total: 3624.32 GB
[ 3132.7s] IOs:    950193928  IOPS:   303311  Throughput:  1184.8 MB/s  Total: 3624.70 GB
[ 3133.2s] IOs:    950294552  IOPS:   303301  Throughput:  1184.8 MB/s  Total: 3625.09 GB
[ 3133.5s] IOs:    950395044  IOPS:   303299  Throughput:  1184.8 MB/s  Total: 3625.47 GB
[ 3133.8s] IOs:    950495670  IOPS:   303309  Throughput:  1184.8 MB/s  Total: 3625.85 GB
[ 3134.1s] IOs:    950596231  IOPS:   303304  Throughput:  1184.8 MB/s  Total: 3626.24 GB
[ 3134.4s] IOs:    950696834  IOPS:   303313  Throughput:  1184.8 MB/s  Total: 3626.62 GB
[ 3134.7s] IOs:    950797387  IOPS:   303313  Throughput:  1184.8 MB/s  Total: 3627.00 GB
[ 3135.3s] IOs:    950898051  IOPS:   303287  Throughput:  1184.7 MB/s  Total: 3627.39 GB
[ 3135.5s] IOs:    950998440  IOPS:   303296  Throughput:  1184.7 MB/s  Total: 3627.77 GB
[ 3135.8s] IOs:    951098981  IOPS:   303303  Throughput:  1184.8 MB/s  Total: 3628.15 GB
[ 3136.3s] IOs:    951200026  IOPS:   303288  Throughput:  1184.7 MB/s  Total: 3628.54 GB
[ 3136.8s] IOs:    951300995  IOPS:   303272  Throughput:  1184.7 MB/s  Total: 3628.93 GB
[ 3137.1s] IOs:    951401572  IOPS:   303271  Throughput:  1184.7 MB/s  Total: 3629.31 GB
[ 3137.4s] IOs:    951502248  IOPS:   303280  Throughput:  1184.7 MB/s  Total: 3629.69 GB
[ 3137.8s] IOs:    951603033  IOPS:   303267  Throughput:  1184.6 MB/s  Total: 3630.08 GB
[ 3138.2s] IOs:    951703793  IOPS:   303266  Throughput:  1184.6 MB/s  Total: 3630.46 GB
[ 3138.6s] IOs:    951804730  IOPS:   303255  Throughput:  1184.6 MB/s  Total: 3630.85 GB
[ 3138.9s] IOs:    951905624  IOPS:   303263  Throughput:  1184.6 MB/s  Total: 3631.23 GB
[ 3139.2s] IOs:    952005901  IOPS:   303263  Throughput:  1184.6 MB/s  Total: 3631.61 GB
[ 3139.6s] IOs:    952106532  IOPS:   303258  Throughput:  1184.6 MB/s  Total: 3632.00 GB
[ 3139.9s] IOs:    952207231  IOPS:   303263  Throughput:  1184.6 MB/s  Total: 3632.38 GB
[ 3140.2s] IOs:    952307655  IOPS:   303266  Throughput:  1184.6 MB/s  Total: 3632.77 GB
[ 3140.4s] IOs:    952408311  IOPS:   303277  Throughput:  1184.7 MB/s  Total: 3633.15 GB
[ 3140.8s] IOs:    952508920  IOPS:   303266  Throughput:  1184.6 MB/s  Total: 3633.53 GB
[ 3141.1s] IOs:    952609540  IOPS:   303269  Throughput:  1184.6 MB/s  Total: 3633.92 GB
[ 3141.4s] IOs:    952710177  IOPS:   303280  Throughput:  1184.7 MB/s  Total: 3634.30 GB
[ 3141.6s] IOs:    952811083  IOPS:   303285  Throughput:  1184.7 MB/s  Total: 3634.69 GB
[ 3141.9s] IOs:    952911862  IOPS:   303295  Throughput:  1184.7 MB/s  Total: 3635.07 GB
[ 3142.3s] IOs:    953012536  IOPS:   303282  Throughput:  1184.7 MB/s  Total: 3635.45 GB
[ 3142.6s] IOs:    953113027  IOPS:   303286  Throughput:  1184.7 MB/s  Total: 3635.84 GB
[ 3142.9s] IOs:    953213758  IOPS:   303291  Throughput:  1184.7 MB/s  Total: 3636.22 GB
[ 3143.2s] IOs:    953314494  IOPS:   303293  Throughput:  1184.7 MB/s  Total: 3636.61 GB
[ 3143.6s] IOs:    953415297  IOPS:   303291  Throughput:  1184.7 MB/s  Total: 3636.99 GB
[ 3143.8s] IOs:    953515481  IOPS:   303300  Throughput:  1184.8 MB/s  Total: 3637.37 GB
[ 3144.1s] IOs:    953615780  IOPS:   303299  Throughput:  1184.8 MB/s  Total: 3637.76 GB
[ 3144.4s] IOs:    953716478  IOPS:   303310  Throughput:  1184.8 MB/s  Total: 3638.14 GB
[ 3144.7s] IOs:    953817453  IOPS:   303309  Throughput:  1184.8 MB/s  Total: 3638.52 GB
[ 3144.9s] IOs:    953918243  IOPS:   303320  Throughput:  1184.8 MB/s  Total: 3638.91 GB
[ 3145.2s] IOs:    954019020  IOPS:   303321  Throughput:  1184.8 MB/s  Total: 3639.29 GB
[ 3145.5s] IOs:    954119406  IOPS:   303331  Throughput:  1184.9 MB/s  Total: 3639.68 GB
[ 3145.8s] IOs:    954219788  IOPS:   303330  Throughput:  1184.9 MB/s  Total: 3640.06 GB
[ 3146.0s] IOs:    954320769  IOPS:   303340  Throughput:  1184.9 MB/s  Total: 3640.44 GB
[ 3146.3s] IOs:    954421717  IOPS:   303350  Throughput:  1185.0 MB/s  Total: 3640.83 GB
[ 3146.5s] IOs:    954522542  IOPS:   303359  Throughput:  1185.0 MB/s  Total: 3641.21 GB
[Reader] Parsed 119000000 lines, distributed 954536092 writes, unique 720.00 GB, skipped 64845145
[ 3146.9s] IOs:    954623088  IOPS:   303349  Throughput:  1185.0 MB/s  Total: 3641.60 GB
[ 3147.2s] IOs:    954723708  IOPS:   303360  Throughput:  1185.0 MB/s  Total: 3641.98 GB
[ 3147.4s] IOs:    954824276  IOPS:   303370  Throughput:  1185.0 MB/s  Total: 3642.37 GB
[ 3147.8s] IOs:    954924325  IOPS:   303366  Throughput:  1185.0 MB/s  Total: 3642.75 GB
[ 3148.2s] IOs:    955025284  IOPS:   303359  Throughput:  1185.0 MB/s  Total: 3643.13 GB
[ 3148.4s] IOs:    955125576  IOPS:   303370  Throughput:  1185.0 MB/s  Total: 3643.51 GB
[ 3148.7s] IOs:    955225917  IOPS:   303370  Throughput:  1185.0 MB/s  Total: 3643.90 GB
[ 3148.9s] IOs:    955326464  IOPS:   303381  Throughput:  1185.1 MB/s  Total: 3644.28 GB
[ 3149.3s] IOs:    955427268  IOPS:   303376  Throughput:  1185.1 MB/s  Total: 3644.67 GB
[ 3149.7s] IOs:    955528244  IOPS:   303370  Throughput:  1185.0 MB/s  Total: 3645.05 GB
[ 3150.0s] IOs:    955628428  IOPS:   303379  Throughput:  1185.1 MB/s  Total: 3645.43 GB
[ 3150.2s] IOs:    955728594  IOPS:   303382  Throughput:  1185.1 MB/s  Total: 3645.82 GB
[ 3150.5s] IOs:    955828878  IOPS:   303393  Throughput:  1185.1 MB/s  Total: 3646.20 GB
[ 3150.8s] IOs:    955929808  IOPS:   303393  Throughput:  1185.1 MB/s  Total: 3646.58 GB
[ 3151.1s] IOs:    956030519  IOPS:   303396  Throughput:  1185.1 MB/s  Total: 3646.97 GB
[ 3151.3s] IOs:    956130990  IOPS:   303406  Throughput:  1185.2 MB/s  Total: 3647.35 GB
[ 3151.6s] IOs:    956231509  IOPS:   303411  Throughput:  1185.2 MB/s  Total: 3647.73 GB
[ 3151.9s] IOs:    956331999  IOPS:   303419  Throughput:  1185.2 MB/s  Total: 3648.12 GB
[ 3152.1s] IOs:    956432595  IOPS:   303429  Throughput:  1185.3 MB/s  Total: 3648.50 GB
[ 3152.3s] IOs:    956533270  IOPS:   303438  Throughput:  1185.3 MB/s  Total: 3648.88 GB
[ 3152.5s] IOs:    956633739  IOPS:   303448  Throughput:  1185.3 MB/s  Total: 3649.27 GB
[ 3152.8s] IOs:    956734459  IOPS:   303454  Throughput:  1185.4 MB/s  Total: 3649.65 GB
[ 3153.1s] IOs:    956834916  IOPS:   303462  Throughput:  1185.4 MB/s  Total: 3650.04 GB
[ 3153.3s] IOs:    956935783  IOPS:   303470  Throughput:  1185.4 MB/s  Total: 3650.42 GB
[ 3153.5s] IOs:    957036338  IOPS:   303481  Throughput:  1185.5 MB/s  Total: 3650.80 GB
[ 3153.8s] IOs:    957136905  IOPS:   303491  Throughput:  1185.5 MB/s  Total: 3651.19 GB
[ 3154.0s] IOs:    957237416  IOPS:   303498  Throughput:  1185.5 MB/s  Total: 3651.57 GB
[ 3154.2s] IOs:    957337886  IOPS:   303509  Throughput:  1185.6 MB/s  Total: 3651.95 GB
[ 3154.6s] IOs:    957438207  IOPS:   303509  Throughput:  1185.6 MB/s  Total: 3652.34 GB
[ 3154.8s] IOs:    957538676  IOPS:   303521  Throughput:  1185.6 MB/s  Total: 3652.72 GB
[ 3155.0s] IOs:    957639211  IOPS:   303534  Throughput:  1185.7 MB/s  Total: 3653.10 GB
[ 3155.3s] IOs:    957739739  IOPS:   303535  Throughput:  1185.7 MB/s  Total: 3653.49 GB
[ 3155.5s] IOs:    957840429  IOPS:   303545  Throughput:  1185.7 MB/s  Total: 3653.87 GB
[ 3155.8s] IOs:    957940986  IOPS:   303552  Throughput:  1185.7 MB/s  Total: 3654.25 GB
[ 3155.9s] IOs:    958041578  IOPS:   303567  Throughput:  1185.8 MB/s  Total: 3654.64 GB
[ 3156.5s] IOs:    958142485  IOPS:   303546  Throughput:  1185.7 MB/s  Total: 3655.02 GB
[ 3156.7s] IOs:    958243281  IOPS:   303558  Throughput:  1185.8 MB/s  Total: 3655.41 GB
[ 3156.9s] IOs:    958343456  IOPS:   303573  Throughput:  1185.8 MB/s  Total: 3655.79 GB
[ 3157.3s] IOs:    958444309  IOPS:   303563  Throughput:  1185.8 MB/s  Total: 3656.17 GB
[ 3157.6s] IOs:    958544566  IOPS:   303564  Throughput:  1185.8 MB/s  Total: 3656.56 GB
[ 3157.8s] IOs:    958645244  IOPS:   303579  Throughput:  1185.9 MB/s  Total: 3656.94 GB
[ 3158.2s] IOs:    958745937  IOPS:   303570  Throughput:  1185.8 MB/s  Total: 3657.33 GB
[ 3158.4s] IOs:    958846023  IOPS:   303584  Throughput:  1185.9 MB/s  Total: 3657.71 GB
[ 3158.7s] IOs:    958946610  IOPS:   303589  Throughput:  1185.9 MB/s  Total: 3658.09 GB
[ 3158.9s] IOs:    959046987  IOPS:   303604  Throughput:  1186.0 MB/s  Total: 3658.47 GB
[ 3159.2s] IOs:    959147413  IOPS:   303603  Throughput:  1185.9 MB/s  Total: 3658.86 GB
[ 3159.4s] IOs:    959248099  IOPS:   303617  Throughput:  1186.0 MB/s  Total: 3659.24 GB
[ 3159.7s] IOs:    959348946  IOPS:   303620  Throughput:  1186.0 MB/s  Total: 3659.63 GB
[ 3161.6s] IOs:    959449593  IOPS:   303471  Throughput:  1185.4 MB/s  Total: 3660.01 GB
[ 3161.9s] IOs:    959549820  IOPS:   303476  Throughput:  1185.5 MB/s  Total: 3660.39 GB
[ 3162.2s] IOs:    959650413  IOPS:   303477  Throughput:  1185.5 MB/s  Total: 3660.78 GB
[ 3162.6s] IOs:    959750975  IOPS:   303469  Throughput:  1185.4 MB/s  Total: 3661.16 GB
[ 3162.8s] IOs:    959851412  IOPS:   303479  Throughput:  1185.5 MB/s  Total: 3661.54 GB
[ 3163.1s] IOs:    959951431  IOPS:   303480  Throughput:  1185.5 MB/s  Total: 3661.92 GB
[ 3163.3s] IOs:    960051646  IOPS:   303495  Throughput:  1185.5 MB/s  Total: 3662.31 GB
[ 3163.8s] IOs:    960152232  IOPS:   303479  Throughput:  1185.5 MB/s  Total: 3662.69 GB
[ 3164.2s] IOs:    960252805  IOPS:   303474  Throughput:  1185.4 MB/s  Total: 3663.07 GB
[ 3164.8s] IOs:    960352806  IOPS:   303453  Throughput:  1185.4 MB/s  Total: 3663.46 GB
[ 3165.2s] IOs:    960453256  IOPS:   303445  Throughput:  1185.3 MB/s  Total: 3663.84 GB
[ 3165.6s] IOs:    960553826  IOPS:   303431  Throughput:  1185.3 MB/s  Total: 3664.22 GB
[ 3165.9s] IOs:    960654611  IOPS:   303443  Throughput:  1185.3 MB/s  Total: 3664.61 GB
[ 3166.2s] IOs:    960755182  IOPS:   303436  Throughput:  1185.3 MB/s  Total: 3664.99 GB
[ 3166.7s] IOs:    960855825  IOPS:   303427  Throughput:  1185.3 MB/s  Total: 3665.37 GB
[ 3166.9s] IOs:    960956376  IOPS:   303442  Throughput:  1185.3 MB/s  Total: 3665.76 GB
[ 3167.9s] IOs:    961057183  IOPS:   303371  Throughput:  1185.0 MB/s  Total: 3666.14 GB
[ 3169.0s] IOs:    961158088  IOPS:   303303  Throughput:  1184.8 MB/s  Total: 3666.53 GB
[ 3169.4s] IOs:    961259071  IOPS:   303291  Throughput:  1184.7 MB/s  Total: 3666.91 GB
[ 3170.3s] IOs:    961360024  IOPS:   303237  Throughput:  1184.5 MB/s  Total: 3667.30 GB
[ 3170.9s] IOs:    961461027  IOPS:   303215  Throughput:  1184.4 MB/s  Total: 3667.68 GB
[ 3171.5s] IOs:    961561530  IOPS:   303191  Throughput:  1184.3 MB/s  Total: 3668.07 GB
[ 3172.0s] IOs:    961661677  IOPS:   303174  Throughput:  1184.3 MB/s  Total: 3668.45 GB
[ 3172.6s] IOs:    961762357  IOPS:   303149  Throughput:  1184.2 MB/s  Total: 3668.83 GB
[ 3173.3s] IOs:    961863177  IOPS:   303114  Throughput:  1184.0 MB/s  Total: 3669.22 GB
[ 3173.5s] IOs:    961963282  IOPS:   303123  Throughput:  1184.1 MB/s  Total: 3669.60 GB
[ 3174.1s] IOs:    962064033  IOPS:   303099  Throughput:  1184.0 MB/s  Total: 3669.98 GB
[ 3174.6s] IOs:    962164858  IOPS:   303086  Throughput:  1183.9 MB/s  Total: 3670.37 GB
[ 3175.1s] IOs:    962264949  IOPS:   303070  Throughput:  1183.9 MB/s  Total: 3670.75 GB
[ 3175.5s] IOs:    962365864  IOPS:   303063  Throughput:  1183.8 MB/s  Total: 3671.13 GB
[ 3175.9s] IOs:    962466505  IOPS:   303049  Throughput:  1183.8 MB/s  Total: 3671.52 GB
[ 3176.3s] IOs:    962566660  IOPS:   303045  Throughput:  1183.8 MB/s  Total: 3671.90 GB
[ 3176.6s] IOs:    962667511  IOPS:   303052  Throughput:  1183.8 MB/s  Total: 3672.29 GB
[ 3177.1s] IOs:    962767546  IOPS:   303036  Throughput:  1183.7 MB/s  Total: 3672.67 GB
[ 3177.4s] IOs:    962868563  IOPS:   303036  Throughput:  1183.7 MB/s  Total: 3673.05 GB
[ 3178.0s] IOs:    962969112  IOPS:   303010  Throughput:  1183.6 MB/s  Total: 3673.44 GB
[ 3178.2s] IOs:    963069754  IOPS:   303020  Throughput:  1183.7 MB/s  Total: 3673.82 GB
[ 3178.5s] IOs:    963170647  IOPS:   303028  Throughput:  1183.7 MB/s  Total: 3674.20 GB
[ 3178.9s] IOs:    963271308  IOPS:   303023  Throughput:  1183.7 MB/s  Total: 3674.59 GB
[ 3179.1s] IOs:    963372065  IOPS:   303034  Throughput:  1183.7 MB/s  Total: 3674.97 GB
[ 3179.5s] IOs:    963472451  IOPS:   303028  Throughput:  1183.7 MB/s  Total: 3675.36 GB
[ 3179.8s] IOs:    963572953  IOPS:   303027  Throughput:  1183.7 MB/s  Total: 3675.74 GB
[ 3180.0s] IOs:    963673905  IOPS:   303039  Throughput:  1183.7 MB/s  Total: 3676.12 GB
[ 3180.4s] IOs:    963774562  IOPS:   303037  Throughput:  1183.7 MB/s  Total: 3676.51 GB
[ 3180.6s] IOs:    963875483  IOPS:   303049  Throughput:  1183.8 MB/s  Total: 3676.89 GB
[ 3181.0s] IOs:    963976103  IOPS:   303038  Throughput:  1183.7 MB/s  Total: 3677.28 GB
[ 3181.3s] IOs:    964076184  IOPS:   303042  Throughput:  1183.8 MB/s  Total: 3677.66 GB
[ 3181.6s] IOs:    964176634  IOPS:   303051  Throughput:  1183.8 MB/s  Total: 3678.04 GB
[ 3181.9s] IOs:    964276766  IOPS:   303047  Throughput:  1183.8 MB/s  Total: 3678.42 GB
[ 3182.4s] IOs:    964376778  IOPS:   303035  Throughput:  1183.7 MB/s  Total: 3678.81 GB
[ 3182.6s] IOs:    964477508  IOPS:   303045  Throughput:  1183.8 MB/s  Total: 3679.19 GB
[ 3182.9s] IOs:    964578392  IOPS:   303046  Throughput:  1183.8 MB/s  Total: 3679.57 GB
[ 3183.3s] IOs:    964678738  IOPS:   303043  Throughput:  1183.8 MB/s  Total: 3679.96 GB
[ 3183.5s] IOs:    964779621  IOPS:   303053  Throughput:  1183.8 MB/s  Total: 3680.34 GB
[ 3183.9s] IOs:    964879806  IOPS:   303046  Throughput:  1183.8 MB/s  Total: 3680.72 GB
[ 3184.2s] IOs:    964980782  IOPS:   303053  Throughput:  1183.8 MB/s  Total: 3681.11 GB
[Reader] Parsed 120000000 lines, distributed 965082555 writes, unique 720.00 GB, skipped 67197571
[ 3184.4s] IOs:    965081084  IOPS:   303062  Throughput:  1183.8 MB/s  Total: 3681.49 GB
[ 3184.7s] IOs:    965181385  IOPS:   303072  Throughput:  1183.9 MB/s  Total: 3681.87 GB
[ 3185.2s] IOs:    965281836  IOPS:   303057  Throughput:  1183.8 MB/s  Total: 3682.26 GB
[ 3185.4s] IOs:    965382414  IOPS:   303068  Throughput:  1183.9 MB/s  Total: 3682.64 GB
[ 3185.6s] IOs:    965483188  IOPS:   303080  Throughput:  1183.9 MB/s  Total: 3683.03 GB
[ 3186.0s] IOs:    965583852  IOPS:   303070  Throughput:  1183.9 MB/s  Total: 3683.41 GB
[ 3186.3s] IOs:    965684463  IOPS:   303071  Throughput:  1183.9 MB/s  Total: 3683.79 GB
[ 3186.6s] IOs:    965785286  IOPS:   303081  Throughput:  1183.9 MB/s  Total: 3684.18 GB
[ 3186.9s] IOs:    965886063  IOPS:   303080  Throughput:  1183.9 MB/s  Total: 3684.56 GB
[ 3187.1s] IOs:    965986922  IOPS:   303089  Throughput:  1183.9 MB/s  Total: 3684.95 GB
[ 3187.5s] IOs:    966087525  IOPS:   303087  Throughput:  1183.9 MB/s  Total: 3685.33 GB
[ 3188.0s] IOs:    966188324  IOPS:   303070  Throughput:  1183.9 MB/s  Total: 3685.72 GB
[ 3188.2s] IOs:    966288805  IOPS:   303079  Throughput:  1183.9 MB/s  Total: 3686.10 GB
[ 3188.5s] IOs:    966389812  IOPS:   303091  Throughput:  1183.9 MB/s  Total: 3686.48 GB
[ 3188.9s] IOs:    966490395  IOPS:   303082  Throughput:  1183.9 MB/s  Total: 3686.87 GB
[ 3189.1s] IOs:    966590929  IOPS:   303093  Throughput:  1184.0 MB/s  Total: 3687.25 GB
[ 3189.4s] IOs:    966691433  IOPS:   303091  Throughput:  1183.9 MB/s  Total: 3687.64 GB
[ 3189.8s] IOs:    966791855  IOPS:   303089  Throughput:  1183.9 MB/s  Total: 3688.02 GB
[ 3190.0s] IOs:    966892813  IOPS:   303097  Throughput:  1184.0 MB/s  Total: 3688.40 GB
[ 3190.3s] IOs:    966992857  IOPS:   303099  Throughput:  1184.0 MB/s  Total: 3688.79 GB
[ 3190.6s] IOs:    967093724  IOPS:   303111  Throughput:  1184.0 MB/s  Total: 3689.17 GB
[ 3191.0s] IOs:    967194427  IOPS:   303100  Throughput:  1184.0 MB/s  Total: 3689.55 GB
[ 3191.2s] IOs:    967294939  IOPS:   303110  Throughput:  1184.0 MB/s  Total: 3689.94 GB
[ 3191.5s] IOs:    967395582  IOPS:   303120  Throughput:  1184.1 MB/s  Total: 3690.32 GB
[ 3191.8s] IOs:    967496467  IOPS:   303120  Throughput:  1184.1 MB/s  Total: 3690.71 GB
[ 3192.0s] IOs:    967597182  IOPS:   303129  Throughput:  1184.1 MB/s  Total: 3691.09 GB
[ 3192.3s] IOs:    967697656  IOPS:   303131  Throughput:  1184.1 MB/s  Total: 3691.47 GB
[ 3192.6s] IOs:    967797976  IOPS:   303137  Throughput:  1184.1 MB/s  Total: 3691.86 GB
[ 3192.9s] IOs:    967898814  IOPS:   303142  Throughput:  1184.1 MB/s  Total: 3692.24 GB
[ 3193.1s] IOs:    967999536  IOPS:   303149  Throughput:  1184.2 MB/s  Total: 3692.63 GB
[ 3193.4s] IOs:    968100289  IOPS:   303156  Throughput:  1184.2 MB/s  Total: 3693.01 GB
[ 3193.7s] IOs:    968200692  IOPS:   303163  Throughput:  1184.2 MB/s  Total: 3693.39 GB
[ 3193.9s] IOs:    968301016  IOPS:   303172  Throughput:  1184.3 MB/s  Total: 3693.78 GB
[ 3194.1s] IOs:    968401486  IOPS:   303180  Throughput:  1184.3 MB/s  Total: 3694.16 GB
[ 3194.4s] IOs:    968502290  IOPS:   303188  Throughput:  1184.3 MB/s  Total: 3694.54 GB
[ 3194.6s] IOs:    968602979  IOPS:   303198  Throughput:  1184.4 MB/s  Total: 3694.93 GB
[ 3194.9s] IOs:    968703450  IOPS:   303206  Throughput:  1184.4 MB/s  Total: 3695.31 GB
[ 3195.1s] IOs:    968803621  IOPS:   303216  Throughput:  1184.4 MB/s  Total: 3695.69 GB
[ 3195.6s] IOs:    968904131  IOPS:   303196  Throughput:  1184.4 MB/s  Total: 3696.08 GB
[ 3195.9s] IOs:    969004637  IOPS:   303206  Throughput:  1184.4 MB/s  Total: 3696.46 GB
[ 3196.1s] IOs:    969105627  IOPS:   303218  Throughput:  1184.4 MB/s  Total: 3696.84 GB
[ 3196.3s] IOs:    969205754  IOPS:   303229  Throughput:  1184.5 MB/s  Total: 3697.23 GB
[ 3196.6s] IOs:    969305918  IOPS:   303232  Throughput:  1184.5 MB/s  Total: 3697.61 GB
[ 3196.8s] IOs:    969406458  IOPS:   303243  Throughput:  1184.5 MB/s  Total: 3697.99 GB
[ 3197.1s] IOs:    969506518  IOPS:   303250  Throughput:  1184.6 MB/s  Total: 3698.37 GB
[ 3197.3s] IOs:    969607053  IOPS:   303262  Throughput:  1184.6 MB/s  Total: 3698.76 GB
[ 3197.6s] IOs:    969707551  IOPS:   303262  Throughput:  1184.6 MB/s  Total: 3699.14 GB
[ 3197.8s] IOs:    969808325  IOPS:   303274  Throughput:  1184.7 MB/s  Total: 3699.53 GB
[ 3198.1s] IOs:    969909003  IOPS:   303276  Throughput:  1184.7 MB/s  Total: 3699.91 GB
[ 3198.3s] IOs:    970009634  IOPS:   303287  Throughput:  1184.7 MB/s  Total: 3700.29 GB
[ 3198.6s] IOs:    970110177  IOPS:   303292  Throughput:  1184.7 MB/s  Total: 3700.68 GB
[ 3199.0s] IOs:    970210934  IOPS:   303290  Throughput:  1184.7 MB/s  Total: 3701.06 GB
[ 3199.2s] IOs:    970311263  IOPS:   303301  Throughput:  1184.8 MB/s  Total: 3701.44 GB
[ 3199.5s] IOs:    970411610  IOPS:   303305  Throughput:  1184.8 MB/s  Total: 3701.83 GB
[ 3199.7s] IOs:    970512222  IOPS:   303312  Throughput:  1184.8 MB/s  Total: 3702.21 GB
[ 3200.0s] IOs:    970612795  IOPS:   303314  Throughput:  1184.8 MB/s  Total: 3702.59 GB
[ 3200.2s] IOs:    970713507  IOPS:   303326  Throughput:  1184.9 MB/s  Total: 3702.98 GB
[ 3200.6s] IOs:    970814434  IOPS:   303326  Throughput:  1184.9 MB/s  Total: 3703.36 GB
[ 3200.8s] IOs:    970914927  IOPS:   303336  Throughput:  1184.9 MB/s  Total: 3703.75 GB
[ 3201.1s] IOs:    971015632  IOPS:   303338  Throughput:  1184.9 MB/s  Total: 3704.13 GB
[ 3201.3s] IOs:    971116256  IOPS:   303350  Throughput:  1185.0 MB/s  Total: 3704.51 GB
[ 3201.6s] IOs:    971217068  IOPS:   303351  Throughput:  1185.0 MB/s  Total: 3704.90 GB
[ 3201.8s] IOs:    971317632  IOPS:   303362  Throughput:  1185.0 MB/s  Total: 3705.28 GB
[ 3202.2s] IOs:    971418341  IOPS:   303355  Throughput:  1185.0 MB/s  Total: 3705.67 GB
[ 3202.5s] IOs:    971519297  IOPS:   303366  Throughput:  1185.0 MB/s  Total: 3706.05 GB
[ 3202.7s] IOs:    971620044  IOPS:   303371  Throughput:  1185.0 MB/s  Total: 3706.44 GB
[ 3202.9s] IOs:    971720740  IOPS:   303383  Throughput:  1185.1 MB/s  Total: 3706.82 GB
[ 3203.2s] IOs:    971821681  IOPS:   303387  Throughput:  1185.1 MB/s  Total: 3707.21 GB
[ 3203.5s] IOs:    971922349  IOPS:   303398  Throughput:  1185.1 MB/s  Total: 3707.59 GB
[ 3203.7s] IOs:    972022976  IOPS:   303403  Throughput:  1185.2 MB/s  Total: 3707.97 GB
[ 3204.2s] IOs:    972123173  IOPS:   303392  Throughput:  1185.1 MB/s  Total: 3708.36 GB
[ 3204.5s] IOs:    972223849  IOPS:   303398  Throughput:  1185.1 MB/s  Total: 3708.74 GB
[ 3204.7s] IOs:    972324443  IOPS:   303402  Throughput:  1185.2 MB/s  Total: 3709.12 GB
[ 3205.0s] IOs:    972424692  IOPS:   303412  Throughput:  1185.2 MB/s  Total: 3709.51 GB
[ 3205.3s] IOs:    972525124  IOPS:   303410  Throughput:  1185.2 MB/s  Total: 3709.89 GB
[ 3205.6s] IOs:    972625777  IOPS:   303410  Throughput:  1185.2 MB/s  Total: 3710.27 GB
[ 3205.9s] IOs:    972726626  IOPS:   303420  Throughput:  1185.2 MB/s  Total: 3710.66 GB
[ 3206.2s] IOs:    972827470  IOPS:   303422  Throughput:  1185.2 MB/s  Total: 3711.04 GB
[ 3206.4s] IOs:    972927822  IOPS:   303432  Throughput:  1185.3 MB/s  Total: 3711.43 GB
[ 3206.7s] IOs:    973028428  IOPS:   303435  Throughput:  1185.3 MB/s  Total: 3711.81 GB
[ 3206.9s] IOs:    973128918  IOPS:   303445  Throughput:  1185.3 MB/s  Total: 3712.19 GB
[ 3207.2s] IOs:    973229638  IOPS:   303448  Throughput:  1185.3 MB/s  Total: 3712.58 GB
[ 3207.5s] IOs:    973330353  IOPS:   303457  Throughput:  1185.4 MB/s  Total: 3712.96 GB
[ 3207.7s] IOs:    973430784  IOPS:   303467  Throughput:  1185.4 MB/s  Total: 3713.34 GB
[ 3207.9s] IOs:    973531344  IOPS:   303477  Throughput:  1185.5 MB/s  Total: 3713.73 GB
[ 3214.7s] IOs:    973631574  IOPS:   302873  Throughput:  1183.1 MB/s  Total: 3714.11 GB
[ 3219.2s] IOs:    973732060  IOPS:   302480  Throughput:  1181.6 MB/s  Total: 3714.49 GB
[ 3222.6s] IOs:    973832369  IOPS:   302187  Throughput:  1180.4 MB/s  Total: 3714.88 GB
[ 3224.7s] IOs:    973933308  IOPS:   302019  Throughput:  1179.8 MB/s  Total: 3715.26 GB
[ 3226.7s] IOs:    974034038  IOPS:   301866  Throughput:  1179.2 MB/s  Total: 3715.64 GB
[ 3228.8s] IOs:    974135044  IOPS:   301702  Throughput:  1178.5 MB/s  Total: 3716.03 GB
[ 3229.8s] IOs:    974235540  IOPS:   301640  Throughput:  1178.3 MB/s  Total: 3716.41 GB
[ 3231.2s] IOs:    974335807  IOPS:   301538  Throughput:  1177.9 MB/s  Total: 3716.80 GB
[ 3232.3s] IOs:    974436217  IOPS:   301471  Throughput:  1177.6 MB/s  Total: 3717.18 GB
[ 3233.3s] IOs:    974537175  IOPS:   301409  Throughput:  1177.4 MB/s  Total: 3717.56 GB
[ 3234.4s] IOs:    974637868  IOPS:   301334  Throughput:  1177.1 MB/s  Total: 3717.95 GB
[ 3234.7s] IOs:    974738751  IOPS:   301343  Throughput:  1177.1 MB/s  Total: 3718.33 GB
[ 3234.9s] IOs:    974839253  IOPS:   301352  Throughput:  1177.2 MB/s  Total: 3718.72 GB
[ 3235.1s] IOs:    974939846  IOPS:   301361  Throughput:  1177.2 MB/s  Total: 3719.10 GB
[ 3235.4s] IOs:    975040422  IOPS:   301369  Throughput:  1177.2 MB/s  Total: 3719.48 GB
[ 3235.6s] IOs:    975140935  IOPS:   301378  Throughput:  1177.3 MB/s  Total: 3719.87 GB
[ 3235.8s] IOs:    975241696  IOPS:   301387  Throughput:  1177.3 MB/s  Total: 3720.25 GB
[ 3236.1s] IOs:    975342423  IOPS:   301395  Throughput:  1177.3 MB/s  Total: 3720.64 GB
[Reader] Parsed 121000000 lines, distributed 975375676 writes, unique 720.00 GB, skipped 70145707
[ 3236.3s] IOs:    975443144  IOPS:   301406  Throughput:  1177.4 MB/s  Total: 3721.02 GB
[ 3236.6s] IOs:    975543580  IOPS:   301414  Throughput:  1177.4 MB/s  Total: 3721.40 GB
[ 3236.8s] IOs:    975644098  IOPS:   301421  Throughput:  1177.4 MB/s  Total: 3721.79 GB
[ 3237.0s] IOs:    975744399  IOPS:   301432  Throughput:  1177.5 MB/s  Total: 3722.17 GB
[ 3237.3s] IOs:    975845095  IOPS:   301439  Throughput:  1177.5 MB/s  Total: 3722.55 GB
[ 3237.5s] IOs:    975945816  IOPS:   301449  Throughput:  1177.5 MB/s  Total: 3722.94 GB
[ 3237.8s] IOs:    976046592  IOPS:   301457  Throughput:  1177.6 MB/s  Total: 3723.32 GB
[ 3238.0s] IOs:    976147038  IOPS:   301465  Throughput:  1177.6 MB/s  Total: 3723.71 GB
[ 3238.2s] IOs:    976247297  IOPS:   301475  Throughput:  1177.6 MB/s  Total: 3724.09 GB
[ 3238.5s] IOs:    976348015  IOPS:   301486  Throughput:  1177.7 MB/s  Total: 3724.47 GB
[ 3238.8s] IOs:    976448163  IOPS:   301485  Throughput:  1177.7 MB/s  Total: 3724.85 GB
[ 3239.1s] IOs:    976548611  IOPS:   301490  Throughput:  1177.7 MB/s  Total: 3725.24 GB
[ 3239.4s] IOs:    976648946  IOPS:   301491  Throughput:  1177.7 MB/s  Total: 3725.62 GB
[ 3239.7s] IOs:    976749098  IOPS:   301496  Throughput:  1177.7 MB/s  Total: 3726.00 GB
[ 3239.9s] IOs:    976849919  IOPS:   301505  Throughput:  1177.8 MB/s  Total: 3726.39 GB
[ 3240.3s] IOs:    976950668  IOPS:   301499  Throughput:  1177.7 MB/s  Total: 3726.77 GB
[ 3240.6s] IOs:    977051463  IOPS:   301504  Throughput:  1177.8 MB/s  Total: 3727.16 GB
[ 3240.8s] IOs:    977151968  IOPS:   301511  Throughput:  1177.8 MB/s  Total: 3727.54 GB
[ 3241.1s] IOs:    977252482  IOPS:   301521  Throughput:  1177.8 MB/s  Total: 3727.92 GB
[ 3241.4s] IOs:    977353226  IOPS:   301522  Throughput:  1177.8 MB/s  Total: 3728.31 GB
[ 3241.7s] IOs:    977453880  IOPS:   301524  Throughput:  1177.8 MB/s  Total: 3728.69 GB
[ 3241.9s] IOs:    977554638  IOPS:   301533  Throughput:  1177.9 MB/s  Total: 3729.08 GB
[ 3242.2s] IOs:    977655000  IOPS:   301539  Throughput:  1177.9 MB/s  Total: 3729.46 GB
[ 3242.5s] IOs:    977755303  IOPS:   301546  Throughput:  1177.9 MB/s  Total: 3729.84 GB
[ 3242.7s] IOs:    977856040  IOPS:   301555  Throughput:  1177.9 MB/s  Total: 3730.22 GB
[ 3242.9s] IOs:    977956893  IOPS:   301566  Throughput:  1178.0 MB/s  Total: 3730.61 GB
[ 3243.2s] IOs:    978057694  IOPS:   301574  Throughput:  1178.0 MB/s  Total: 3730.99 GB
[ 3243.4s] IOs:    978157902  IOPS:   301583  Throughput:  1178.1 MB/s  Total: 3731.38 GB
[ 3243.6s] IOs:    978258458  IOPS:   301595  Throughput:  1178.1 MB/s  Total: 3731.76 GB
[ 3243.8s] IOs:    978359163  IOPS:   301604  Throughput:  1178.1 MB/s  Total: 3732.14 GB
[ 3244.1s] IOs:    978459771  IOPS:   301615  Throughput:  1178.2 MB/s  Total: 3732.53 GB
[ 3244.3s] IOs:    978560352  IOPS:   301628  Throughput:  1178.2 MB/s  Total: 3732.91 GB
[ 3244.7s] IOs:    978661018  IOPS:   301622  Throughput:  1178.2 MB/s  Total: 3733.30 GB
[ 3244.9s] IOs:    978761972  IOPS:   301634  Throughput:  1178.3 MB/s  Total: 3733.68 GB
[ 3245.3s] IOs:    978862349  IOPS:   301628  Throughput:  1178.2 MB/s  Total: 3734.06 GB
[ 3245.4s] IOs:    978963032  IOPS:   301642  Throughput:  1178.3 MB/s  Total: 3734.45 GB
[ 3245.8s] IOs:    979063185  IOPS:   301640  Throughput:  1178.3 MB/s  Total: 3734.83 GB
[ 3246.0s] IOs:    979163690  IOPS:   301654  Throughput:  1178.3 MB/s  Total: 3735.21 GB
[ 3246.3s] IOs:    979264423  IOPS:   301654  Throughput:  1178.3 MB/s  Total: 3735.60 GB
[ 3246.5s] IOs:    979365190  IOPS:   301669  Throughput:  1178.4 MB/s  Total: 3735.98 GB
[ 3246.8s] IOs:    979465366  IOPS:   301667  Throughput:  1178.4 MB/s  Total: 3736.36 GB
[ 3247.0s] IOs:    979565982  IOPS:   301682  Throughput:  1178.4 MB/s  Total: 3736.75 GB
[ 3247.3s] IOs:    979666461  IOPS:   301683  Throughput:  1178.5 MB/s  Total: 3737.13 GB
[ 3247.5s] IOs:    979766524  IOPS:   301697  Throughput:  1178.5 MB/s  Total: 3737.51 GB
[ 3247.9s] IOs:    979867193  IOPS:   301697  Throughput:  1178.5 MB/s  Total: 3737.90 GB
[ 3248.0s] IOs:    979967932  IOPS:   301711  Throughput:  1178.6 MB/s  Total: 3738.28 GB
[ 3248.3s] IOs:    980068891  IOPS:   301718  Throughput:  1178.6 MB/s  Total: 3738.67 GB
[ 3248.5s] IOs:    980169691  IOPS:   301732  Throughput:  1178.6 MB/s  Total: 3739.05 GB
[ 3248.8s] IOs:    980270491  IOPS:   301733  Throughput:  1178.6 MB/s  Total: 3739.44 GB
[ 3249.0s] IOs:    980370634  IOPS:   301747  Throughput:  1178.7 MB/s  Total: 3739.82 GB
[ 3249.4s] IOs:    980470652  IOPS:   301736  Throughput:  1178.7 MB/s  Total: 3740.20 GB
[ 3249.6s] IOs:    980570951  IOPS:   301751  Throughput:  1178.7 MB/s  Total: 3740.58 GB
[ 3249.9s] IOs:    980671371  IOPS:   301757  Throughput:  1178.7 MB/s  Total: 3740.96 GB
[ 3250.1s] IOs:    980772320  IOPS:   301771  Throughput:  1178.8 MB/s  Total: 3741.35 GB
[ 3250.4s] IOs:    980873330  IOPS:   301770  Throughput:  1178.8 MB/s  Total: 3741.73 GB
[ 3250.6s] IOs:    980974190  IOPS:   301781  Throughput:  1178.8 MB/s  Total: 3742.12 GB
[ 3250.9s] IOs:    981074686  IOPS:   301789  Throughput:  1178.9 MB/s  Total: 3742.50 GB
[ 3251.0s] IOs:    981175167  IOPS:   301803  Throughput:  1178.9 MB/s  Total: 3742.89 GB
[ 3251.3s] IOs:    981275195  IOPS:   301808  Throughput:  1178.9 MB/s  Total: 3743.27 GB
[ 3251.5s] IOs:    981375396  IOPS:   301822  Throughput:  1179.0 MB/s  Total: 3743.65 GB
[ 3251.8s] IOs:    981475473  IOPS:   301827  Throughput:  1179.0 MB/s  Total: 3744.03 GB
[ 3252.0s] IOs:    981576191  IOPS:   301840  Throughput:  1179.1 MB/s  Total: 3744.42 GB
[ 3252.2s] IOs:    981676555  IOPS:   301849  Throughput:  1179.1 MB/s  Total: 3744.80 GB
[ 3252.4s] IOs:    981777301  IOPS:   301864  Throughput:  1179.2 MB/s  Total: 3745.18 GB
[ 3252.6s] IOs:    981878091  IOPS:   301878  Throughput:  1179.2 MB/s  Total: 3745.57 GB
[ 3252.9s] IOs:    981978896  IOPS:   301881  Throughput:  1179.2 MB/s  Total: 3745.95 GB
[ 3253.1s] IOs:    982079222  IOPS:   301892  Throughput:  1179.3 MB/s  Total: 3746.33 GB
[ 3253.3s] IOs:    982179772  IOPS:   301905  Throughput:  1179.3 MB/s  Total: 3746.72 GB
[ 3253.5s] IOs:    982280095  IOPS:   301917  Throughput:  1179.4 MB/s  Total: 3747.10 GB
[ 3253.7s] IOs:    982381009  IOPS:   301930  Throughput:  1179.4 MB/s  Total: 3747.49 GB
[ 3253.9s] IOs:    982481068  IOPS:   301944  Throughput:  1179.5 MB/s  Total: 3747.87 GB
[ 3254.0s] IOs:    982581496  IOPS:   301958  Throughput:  1179.5 MB/s  Total: 3748.25 GB
[ 3254.2s] IOs:    982681601  IOPS:   301969  Throughput:  1179.6 MB/s  Total: 3748.63 GB
[ 3254.4s] IOs:    982782465  IOPS:   301983  Throughput:  1179.6 MB/s  Total: 3749.02 GB
[ 3254.6s] IOs:    982883295  IOPS:   301998  Throughput:  1179.7 MB/s  Total: 3749.40 GB
[ 3254.9s] IOs:    982983859  IOPS:   302000  Throughput:  1179.7 MB/s  Total: 3749.79 GB
[ 3255.1s] IOs:    983084555  IOPS:   302015  Throughput:  1179.7 MB/s  Total: 3750.17 GB
[ 3255.3s] IOs:    983185013  IOPS:   302023  Throughput:  1179.8 MB/s  Total: 3750.55 GB
[ 3255.5s] IOs:    983285458  IOPS:   302038  Throughput:  1179.8 MB/s  Total: 3750.94 GB
[ 3255.7s] IOs:    983385967  IOPS:   302051  Throughput:  1179.9 MB/s  Total: 3751.32 GB
[ 3255.9s] IOs:    983486048  IOPS:   302061  Throughput:  1179.9 MB/s  Total: 3751.70 GB
[ 3256.1s] IOs:    983586574  IOPS:   302075  Throughput:  1180.0 MB/s  Total: 3752.09 GB
[ 3256.3s] IOs:    983687310  IOPS:   302085  Throughput:  1180.0 MB/s  Total: 3752.47 GB
[ 3256.6s] IOs:    983787957  IOPS:   302090  Throughput:  1180.0 MB/s  Total: 3752.85 GB
[ 3256.8s] IOs:    983888463  IOPS:   302105  Throughput:  1180.1 MB/s  Total: 3753.24 GB
[ 3257.0s] IOs:    983989020  IOPS:   302119  Throughput:  1180.2 MB/s  Total: 3753.62 GB
[ 3257.1s] IOs:    984089394  IOPS:   302134  Throughput:  1180.2 MB/s  Total: 3754.00 GB
[ 3257.4s] IOs:    984190032  IOPS:   302143  Throughput:  1180.2 MB/s  Total: 3754.39 GB
[ 3257.5s] IOs:    984290747  IOPS:   302158  Throughput:  1180.3 MB/s  Total: 3754.77 GB
[ 3257.8s] IOs:    984391582  IOPS:   302166  Throughput:  1180.3 MB/s  Total: 3755.16 GB
[ 3258.0s] IOs:    984492114  IOPS:   302178  Throughput:  1180.4 MB/s  Total: 3755.54 GB
[ 3258.2s] IOs:    984592488  IOPS:   302192  Throughput:  1180.4 MB/s  Total: 3755.92 GB
[ 3258.3s] IOs:    984693349  IOPS:   302207  Throughput:  1180.5 MB/s  Total: 3756.31 GB
[ 3258.5s] IOs:    984794079  IOPS:   302221  Throughput:  1180.6 MB/s  Total: 3756.69 GB
[ 3258.7s] IOs:    984894136  IOPS:   302236  Throughput:  1180.6 MB/s  Total: 3757.07 GB
[ 3259.0s] IOs:    984995080  IOPS:   302241  Throughput:  1180.6 MB/s  Total: 3757.46 GB
[ 3259.1s] IOs:    985095391  IOPS:   302255  Throughput:  1180.7 MB/s  Total: 3757.84 GB
[ 3259.3s] IOs:    985196199  IOPS:   302270  Throughput:  1180.7 MB/s  Total: 3758.23 GB
[ 3259.5s] IOs:    985296917  IOPS:   302284  Throughput:  1180.8 MB/s  Total: 3758.61 GB
[ 3259.7s] IOs:    985397942  IOPS:   302298  Throughput:  1180.9 MB/s  Total: 3758.99 GB
[Reader] Parsed 122000000 lines, distributed 985425934 writes, unique 720.00 GB, skipped 72461516
[ 3259.9s] IOs:    985498470  IOPS:   302311  Throughput:  1180.9 MB/s  Total: 3759.38 GB
[ 3260.1s] IOs:    985598720  IOPS:   302325  Throughput:  1181.0 MB/s  Total: 3759.76 GB
[ 3260.2s] IOs:    985699261  IOPS:   302339  Throughput:  1181.0 MB/s  Total: 3760.14 GB
[ 3260.4s] IOs:    985799934  IOPS:   302354  Throughput:  1181.1 MB/s  Total: 3760.53 GB
[ 3260.6s] IOs:    985900640  IOPS:   302369  Throughput:  1181.1 MB/s  Total: 3760.91 GB
[ 3261.0s] IOs:    986001544  IOPS:   302361  Throughput:  1181.1 MB/s  Total: 3761.30 GB
[ 3261.2s] IOs:    986102124  IOPS:   302375  Throughput:  1181.2 MB/s  Total: 3761.68 GB
[ 3261.4s] IOs:    986202670  IOPS:   302384  Throughput:  1181.2 MB/s  Total: 3762.06 GB
[ 3261.6s] IOs:    986303087  IOPS:   302398  Throughput:  1181.2 MB/s  Total: 3762.45 GB
[ 3261.9s] IOs:    986403421  IOPS:   302406  Throughput:  1181.3 MB/s  Total: 3762.83 GB
[ 3262.0s] IOs:    986503883  IOPS:   302420  Throughput:  1181.3 MB/s  Total: 3763.21 GB
[ 3262.2s] IOs:    986604625  IOPS:   302434  Throughput:  1181.4 MB/s  Total: 3763.60 GB
[ 3262.5s] IOs:    986705262  IOPS:   302439  Throughput:  1181.4 MB/s  Total: 3763.98 GB
[ 3262.7s] IOs:    986805708  IOPS:   302453  Throughput:  1181.5 MB/s  Total: 3764.37 GB
[ 3262.9s] IOs:    986906162  IOPS:   302459  Throughput:  1181.5 MB/s  Total: 3764.75 GB
[ 3263.1s] IOs:    987006856  IOPS:   302473  Throughput:  1181.5 MB/s  Total: 3765.13 GB
[ 3263.3s] IOs:    987107036  IOPS:   302487  Throughput:  1181.6 MB/s  Total: 3765.51 GB
[ 3263.5s] IOs:    987207727  IOPS:   302499  Throughput:  1181.6 MB/s  Total: 3765.90 GB
[ 3263.7s] IOs:    987308229  IOPS:   302513  Throughput:  1181.7 MB/s  Total: 3766.28 GB
[ 3263.9s] IOs:    987408928  IOPS:   302525  Throughput:  1181.7 MB/s  Total: 3766.67 GB
[ 3264.1s] IOs:    987509185  IOPS:   302539  Throughput:  1181.8 MB/s  Total: 3767.05 GB
[ 3264.3s] IOs:    987609984  IOPS:   302549  Throughput:  1181.8 MB/s  Total: 3767.43 GB
[ 3264.5s] IOs:    987710959  IOPS:   302563  Throughput:  1181.9 MB/s  Total: 3767.82 GB
[ 3264.7s] IOs:    987811798  IOPS:   302577  Throughput:  1181.9 MB/s  Total: 3768.20 GB
[ 3264.8s] IOs:    987911800  IOPS:   302591  Throughput:  1182.0 MB/s  Total: 3768.58 GB
[ 3265.0s] IOs:    988012508  IOPS:   302605  Throughput:  1182.0 MB/s  Total: 3768.97 GB
[ 3265.2s] IOs:    988113245  IOPS:   302618  Throughput:  1182.1 MB/s  Total: 3769.35 GB
[ 3265.4s] IOs:    988214006  IOPS:   302630  Throughput:  1182.1 MB/s  Total: 3769.74 GB
[ 3265.6s] IOs:    988315025  IOPS:   302643  Throughput:  1182.2 MB/s  Total: 3770.12 GB
[ 3265.8s] IOs:    988415108  IOPS:   302656  Throughput:  1182.3 MB/s  Total: 3770.50 GB
[ 3266.0s] IOs:    988515204  IOPS:   302670  Throughput:  1182.3 MB/s  Total: 3770.89 GB
[ 3266.2s] IOs:    988615801  IOPS:   302683  Throughput:  1182.4 MB/s  Total: 3771.27 GB
[ 3266.4s] IOs:    988716076  IOPS:   302697  Throughput:  1182.4 MB/s  Total: 3771.65 GB
[ 3266.6s] IOs:    988816645  IOPS:   302708  Throughput:  1182.5 MB/s  Total: 3772.04 GB
[ 3266.8s] IOs:    988917086  IOPS:   302721  Throughput:  1182.5 MB/s  Total: 3772.42 GB
[ 3266.9s] IOs:    989017354  IOPS:   302735  Throughput:  1182.6 MB/s  Total: 3772.80 GB
[ 3267.3s] IOs:    989118069  IOPS:   302728  Throughput:  1182.5 MB/s  Total: 3773.19 GB
[ 3267.5s] IOs:    989218961  IOPS:   302742  Throughput:  1182.6 MB/s  Total: 3773.57 GB
[ 3268.0s] IOs:    989319805  IOPS:   302733  Throughput:  1182.6 MB/s  Total: 3773.96 GB
[ 3268.2s] IOs:    989420325  IOPS:   302746  Throughput:  1182.6 MB/s  Total: 3774.34 GB
[ 3268.5s] IOs:    989520719  IOPS:   302745  Throughput:  1182.6 MB/s  Total: 3774.72 GB
[ 3268.9s] IOs:    989621370  IOPS:   302736  Throughput:  1182.6 MB/s  Total: 3775.11 GB
[ 3269.1s] IOs:    989721998  IOPS:   302750  Throughput:  1182.6 MB/s  Total: 3775.49 GB
[ 3269.5s] IOs:    989822291  IOPS:   302744  Throughput:  1182.6 MB/s  Total: 3775.87 GB
[ 3269.7s] IOs:    989922917  IOPS:   302759  Throughput:  1182.7 MB/s  Total: 3776.26 GB
[ 3270.0s] IOs:    990023111  IOPS:   302758  Throughput:  1182.6 MB/s  Total: 3776.64 GB
[ 3270.2s] IOs:    990124062  IOPS:   302773  Throughput:  1182.7 MB/s  Total: 3777.02 GB
[ 3270.5s] IOs:    990225051  IOPS:   302772  Throughput:  1182.7 MB/s  Total: 3777.41 GB
[ 3270.9s] IOs:    990325939  IOPS:   302773  Throughput:  1182.7 MB/s  Total: 3777.79 GB
[ 3271.1s] IOs:    990426774  IOPS:   302785  Throughput:  1182.8 MB/s  Total: 3778.18 GB
[ 3271.2s] IOs:    990527241  IOPS:   302799  Throughput:  1182.8 MB/s  Total: 3778.56 GB
[ 3271.5s] IOs:    990627825  IOPS:   302802  Throughput:  1182.8 MB/s  Total: 3778.95 GB
[ 3271.7s] IOs:    990728612  IOPS:   302817  Throughput:  1182.9 MB/s  Total: 3779.33 GB
[ 3272.0s] IOs:    990828891  IOPS:   302819  Throughput:  1182.9 MB/s  Total: 3779.71 GB
[ 3273.0s] IOs:    990929885  IOPS:   302758  Throughput:  1182.6 MB/s  Total: 3780.10 GB
[ 3273.2s] IOs:    991030599  IOPS:   302773  Throughput:  1182.7 MB/s  Total: 3780.48 GB
[ 3273.5s] IOs:    991131213  IOPS:   302776  Throughput:  1182.7 MB/s  Total: 3780.87 GB
[ 3273.7s] IOs:    991231907  IOPS:   302791  Throughput:  1182.8 MB/s  Total: 3781.25 GB
[ 3274.1s] IOs:    991332562  IOPS:   302781  Throughput:  1182.7 MB/s  Total: 3781.63 GB
[ 3274.3s] IOs:    991432853  IOPS:   302795  Throughput:  1182.8 MB/s  Total: 3782.02 GB
[ 3274.5s] IOs:    991533358  IOPS:   302800  Throughput:  1182.8 MB/s  Total: 3782.40 GB
[ 3274.7s] IOs:    991634094  IOPS:   302815  Throughput:  1182.9 MB/s  Total: 3782.78 GB
[ 3275.3s] IOs:    991734344  IOPS:   302791  Throughput:  1182.8 MB/s  Total: 3783.17 GB
[ 3275.5s] IOs:    991834894  IOPS:   302805  Throughput:  1182.8 MB/s  Total: 3783.55 GB
[ 3275.9s] IOs:    991934971  IOPS:   302795  Throughput:  1182.8 MB/s  Total: 3783.93 GB
[ 3276.2s] IOs:    992035379  IOPS:   302802  Throughput:  1182.8 MB/s  Total: 3784.31 GB
[ 3276.5s] IOs:    992135837  IOPS:   302805  Throughput:  1182.8 MB/s  Total: 3784.70 GB
[ 3276.7s] IOs:    992236694  IOPS:   302819  Throughput:  1182.9 MB/s  Total: 3785.08 GB
[ 3277.2s] IOs:    992337648  IOPS:   302804  Throughput:  1182.8 MB/s  Total: 3785.47 GB
[ 3277.5s] IOs:    992438587  IOPS:   302808  Throughput:  1182.8 MB/s  Total: 3785.85 GB
[ 3277.6s] IOs:    992539006  IOPS:   302822  Throughput:  1182.9 MB/s  Total: 3786.24 GB
[ 3278.1s] IOs:    992639814  IOPS:   302810  Throughput:  1182.9 MB/s  Total: 3786.62 GB
[ 3278.4s] IOs:    992740550  IOPS:   302812  Throughput:  1182.9 MB/s  Total: 3787.00 GB
[ 3278.6s] IOs:    992840817  IOPS:   302825  Throughput:  1182.9 MB/s  Total: 3787.39 GB
[ 3279.0s] IOs:    992941439  IOPS:   302817  Throughput:  1182.9 MB/s  Total: 3787.77 GB
[ 3279.2s] IOs:    993041800  IOPS:   302831  Throughput:  1182.9 MB/s  Total: 3788.15 GB
[ 3279.5s] IOs:    993142226  IOPS:   302834  Throughput:  1182.9 MB/s  Total: 3788.54 GB
[ 3279.8s] IOs:    993243254  IOPS:   302837  Throughput:  1183.0 MB/s  Total: 3788.92 GB
[ 3280.0s] IOs:    993343348  IOPS:   302846  Throughput:  1183.0 MB/s  Total: 3789.30 GB
[ 3280.2s] IOs:    993443671  IOPS:   302861  Throughput:  1183.1 MB/s  Total: 3789.69 GB
[ 3280.6s] IOs:    993543835  IOPS:   302855  Throughput:  1183.0 MB/s  Total: 3790.07 GB
[ 3280.8s] IOs:    993644242  IOPS:   302870  Throughput:  1183.1 MB/s  Total: 3790.45 GB
[ 3281.0s] IOs:    993744701  IOPS:   302876  Throughput:  1183.1 MB/s  Total: 3790.84 GB
[ 3281.2s] IOs:    993844832  IOPS:   302890  Throughput:  1183.2 MB/s  Total: 3791.22 GB
[ 3281.5s] IOs:    993945076  IOPS:   302895  Throughput:  1183.2 MB/s  Total: 3791.60 GB
[ 3281.7s] IOs:    994045583  IOPS:   302909  Throughput:  1183.2 MB/s  Total: 3791.98 GB
[ 3281.9s] IOs:    994146257  IOPS:   302914  Throughput:  1183.3 MB/s  Total: 3792.37 GB
[ 3282.1s] IOs:    994246879  IOPS:   302928  Throughput:  1183.3 MB/s  Total: 3792.75 GB
[ 3282.4s] IOs:    994347113  IOPS:   302931  Throughput:  1183.3 MB/s  Total: 3793.13 GB
[ 3282.7s] IOs:    994447272  IOPS:   302934  Throughput:  1183.3 MB/s  Total: 3793.52 GB
[ 3282.9s] IOs:    994547796  IOPS:   302947  Throughput:  1183.4 MB/s  Total: 3793.90 GB
[ 3283.1s] IOs:    994648257  IOPS:   302962  Throughput:  1183.4 MB/s  Total: 3794.28 GB
[ 3283.2s] IOs:    994749231  IOPS:   302977  Throughput:  1183.5 MB/s  Total: 3794.67 GB
[ 3283.5s] IOs:    994849888  IOPS:   302980  Throughput:  1183.5 MB/s  Total: 3795.05 GB
[ 3283.7s] IOs:    994950712  IOPS:   302995  Throughput:  1183.6 MB/s  Total: 3795.44 GB
[ 3284.0s] IOs:    995051245  IOPS:   302999  Throughput:  1183.6 MB/s  Total: 3795.82 GB
[ 3284.2s] IOs:    995152116  IOPS:   303014  Throughput:  1183.6 MB/s  Total: 3796.20 GB
[ 3284.4s] IOs:    995252677  IOPS:   303021  Throughput:  1183.7 MB/s  Total: 3796.59 GB
[ 3284.6s] IOs:    995353579  IOPS:   303036  Throughput:  1183.7 MB/s  Total: 3796.97 GB
[ 3284.8s] IOs:    995454343  IOPS:   303050  Throughput:  1183.8 MB/s  Total: 3797.36 GB
[ 3285.3s] IOs:    995554863  IOPS:   303033  Throughput:  1183.7 MB/s  Total: 3797.74 GB
[ 3285.5s] IOs:    995655677  IOPS:   303046  Throughput:  1183.8 MB/s  Total: 3798.12 GB
[ 3286.0s] IOs:    995756310  IOPS:   303030  Throughput:  1183.7 MB/s  Total: 3798.51 GB
[ 3286.5s] IOs:    995856439  IOPS:   303018  Throughput:  1183.7 MB/s  Total: 3798.89 GB
[ 3286.7s] IOs:    995957328  IOPS:   303030  Throughput:  1183.7 MB/s  Total: 3799.28 GB
[ 3287.1s] IOs:    996058251  IOPS:   303017  Throughput:  1183.7 MB/s  Total: 3799.66 GB
[ 3287.6s] IOs:    996159051  IOPS:   303007  Throughput:  1183.6 MB/s  Total: 3800.05 GB
[ 3288.0s] IOs:    996259613  IOPS:   303000  Throughput:  1183.6 MB/s  Total: 3800.43 GB
[ 3288.2s] IOs:    996360006  IOPS:   303013  Throughput:  1183.6 MB/s  Total: 3800.81 GB
[ 3288.6s] IOs:    996461030  IOPS:   303008  Throughput:  1183.6 MB/s  Total: 3801.20 GB
[ 3289.0s] IOs:    996561784  IOPS:   303000  Throughput:  1183.6 MB/s  Total: 3801.58 GB
[ 3289.2s] IOs:    996662817  IOPS:   303012  Throughput:  1183.6 MB/s  Total: 3801.97 GB
[ 3289.5s] IOs:    996763060  IOPS:   303011  Throughput:  1183.6 MB/s  Total: 3802.35 GB
[ 3289.9s] IOs:    996864096  IOPS:   303007  Throughput:  1183.6 MB/s  Total: 3802.73 GB
[ 3290.4s] IOs:    996964981  IOPS:   302995  Throughput:  1183.6 MB/s  Total: 3803.12 GB
[ 3290.6s] IOs:    997065520  IOPS:   303005  Throughput:  1183.6 MB/s  Total: 3803.50 GB
[ 3291.1s] IOs:    997166035  IOPS:   302992  Throughput:  1183.6 MB/s  Total: 3803.89 GB
[ 3291.5s] IOs:    997267028  IOPS:   302985  Throughput:  1183.5 MB/s  Total: 3804.27 GB
[ 3291.7s] IOs:    997367558  IOPS:   302999  Throughput:  1183.6 MB/s  Total: 3804.66 GB
[ 3292.1s] IOs:    997468036  IOPS:   302986  Throughput:  1183.5 MB/s  Total: 3805.04 GB
[ 3292.6s] IOs:    997568904  IOPS:   302976  Throughput:  1183.5 MB/s  Total: 3805.42 GB
[ 3293.0s] IOs:    997669468  IOPS:   302969  Throughput:  1183.5 MB/s  Total: 3805.81 GB
[Reader] Parsed 123000000 lines, distributed 997719165 writes, unique 720.00 GB, skipped 74879933
[ 3293.2s] IOs:    997770234  IOPS:   302982  Throughput:  1183.5 MB/s  Total: 3806.19 GB
[ 3293.6s] IOs:    997871002  IOPS:   302975  Throughput:  1183.5 MB/s  Total: 3806.58 GB
[ 3293.9s] IOs:    997971218  IOPS:   302972  Throughput:  1183.5 MB/s  Total: 3806.96 GB
[ 3294.1s] IOs:    998071970  IOPS:   302987  Throughput:  1183.5 MB/s  Total: 3807.34 GB
[ 3294.6s] IOs:    998172871  IOPS:   302976  Throughput:  1183.5 MB/s  Total: 3807.73 GB
[ 3294.7s] IOs:    998273110  IOPS:   302990  Throughput:  1183.6 MB/s  Total: 3808.11 GB
[ 3295.1s] IOs:    998373741  IOPS:   302991  Throughput:  1183.6 MB/s  Total: 3808.49 GB
[ 3295.5s] IOs:    998474382  IOPS:   302982  Throughput:  1183.5 MB/s  Total: 3808.88 GB
[ 3295.7s] IOs:    998575087  IOPS:   302994  Throughput:  1183.6 MB/s  Total: 3809.26 GB
[ 3295.9s] IOs:    998675544  IOPS:   303002  Throughput:  1183.6 MB/s  Total: 3809.64 GB
[ 3296.1s] IOs:    998776007  IOPS:   303016  Throughput:  1183.7 MB/s  Total: 3810.03 GB
[ 3296.5s] IOs:    998876633  IOPS:   303013  Throughput:  1183.6 MB/s  Total: 3810.41 GB
[ 3296.7s] IOs:    998976706  IOPS:   303028  Throughput:  1183.7 MB/s  Total: 3810.79 GB
[ 3297.0s] IOs:    999077387  IOPS:   303029  Throughput:  1183.7 MB/s  Total: 3811.18 GB
[ 3297.1s] IOs:    999177811  IOPS:   303043  Throughput:  1183.8 MB/s  Total: 3811.56 GB
[ 3297.5s] IOs:    999277915  IOPS:   303043  Throughput:  1183.8 MB/s  Total: 3811.94 GB
[ 3297.7s] IOs:    999378112  IOPS:   303057  Throughput:  1183.8 MB/s  Total: 3812.32 GB
[ 3298.0s] IOs:    999478789  IOPS:   303059  Throughput:  1183.8 MB/s  Total: 3812.71 GB
[ 3298.1s] IOs:    999579787  IOPS:   303073  Throughput:  1183.9 MB/s  Total: 3813.09 GB
[ 3298.4s] IOs:    999680118  IOPS:   303077  Throughput:  1183.9 MB/s  Total: 3813.48 GB
[ 3298.6s] IOs:    999781127  IOPS:   303092  Throughput:  1184.0 MB/s  Total: 3813.86 GB
[ 3298.8s] IOs:    999881549  IOPS:   303108  Throughput:  1184.0 MB/s  Total: 3814.25 GB
[ 3299.1s] IOs:    999981694  IOPS:   303107  Throughput:  1184.0 MB/s  Total: 3814.63 GB
[ 3299.3s] IOs:   1000082184  IOPS:   303122  Throughput:  1184.1 MB/s  Total: 3815.01 GB
[ 3299.5s] IOs:   1000182987  IOPS:   303132  Throughput:  1184.1 MB/s  Total: 3815.40 GB
[ 3299.7s] IOs:   1000283333  IOPS:   303146  Throughput:  1184.2 MB/s  Total: 3815.78 GB
[ 3299.9s] IOs:   1000384336  IOPS:   303156  Throughput:  1184.2 MB/s  Total: 3816.16 GB
[ 3300.1s] IOs:   1000484641  IOPS:   303170  Throughput:  1184.3 MB/s  Total: 3816.55 GB
[ 3300.4s] IOs:   1000585117  IOPS:   303173  Throughput:  1184.3 MB/s  Total: 3816.93 GB
[ 3300.6s] IOs:   1000685224  IOPS:   303186  Throughput:  1184.3 MB/s  Total: 3817.31 GB
[ 3300.7s] IOs:   1000785352  IOPS:   303200  Throughput:  1184.4 MB/s  Total: 3817.69 GB
[ 3301.0s] IOs:   1000885747  IOPS:   303204  Throughput:  1184.4 MB/s  Total: 3818.08 GB
[ 3301.2s] IOs:   1000986279  IOPS:   303218  Throughput:  1184.4 MB/s  Total: 3818.46 GB
[ 3301.5s] IOs:   1001087005  IOPS:   303226  Throughput:  1184.5 MB/s  Total: 3818.84 GB
[ 3301.6s] IOs:   1001187365  IOPS:   303241  Throughput:  1184.5 MB/s  Total: 3819.23 GB
[ 3301.8s] IOs:   1001288129  IOPS:   303255  Throughput:  1184.6 MB/s  Total: 3819.61 GB
[ 3302.1s] IOs:   1001388858  IOPS:   303263  Throughput:  1184.6 MB/s  Total: 3820.00 GB
[ 3302.2s] IOs:   1001489443  IOPS:   303277  Throughput:  1184.7 MB/s  Total: 3820.38 GB
[ 3302.4s] IOs:   1001589934  IOPS:   303288  Throughput:  1184.7 MB/s  Total: 3820.76 GB
[ 3302.6s] IOs:   1001690204  IOPS:   303302  Throughput:  1184.8 MB/s  Total: 3821.14 GB
[ 3302.8s] IOs:   1001790458  IOPS:   303313  Throughput:  1184.8 MB/s  Total: 3821.53 GB
[ 3303.0s] IOs:   1001890489  IOPS:   303327  Throughput:  1184.9 MB/s  Total: 3821.91 GB
[ 3304.0s] IOs:   1001990511  IOPS:   303267  Throughput:  1184.6 MB/s  Total: 3822.29 GB
[ 3304.5s] IOs:   1002091272  IOPS:   303253  Throughput:  1184.6 MB/s  Total: 3822.67 GB
[ 3305.0s] IOs:   1002191785  IOPS:   303239  Throughput:  1184.5 MB/s  Total: 3823.06 GB
[ 3305.5s] IOs:   1002292559  IOPS:   303222  Throughput:  1184.5 MB/s  Total: 3823.44 GB
[ 3306.0s] IOs:   1002393009  IOPS:   303207  Throughput:  1184.4 MB/s  Total: 3823.83 GB
[ 3306.5s] IOs:   1002493706  IOPS:   303190  Throughput:  1184.3 MB/s  Total: 3824.21 GB
[ 3307.0s] IOs:   1002594521  IOPS:   303178  Throughput:  1184.3 MB/s  Total: 3824.59 GB
[ 3307.5s] IOs:   1002695272  IOPS:   303162  Throughput:  1184.2 MB/s  Total: 3824.98 GB
[ 3307.8s] IOs:   1002795949  IOPS:   303160  Throughput:  1184.2 MB/s  Total: 3825.36 GB
[ 3308.0s] IOs:   1002896972  IOPS:   303170  Throughput:  1184.3 MB/s  Total: 3825.75 GB
[ 3308.6s] IOs:   1002997609  IOPS:   303153  Throughput:  1184.2 MB/s  Total: 3826.13 GB
[ 3308.9s] IOs:   1003098337  IOPS:   303153  Throughput:  1184.2 MB/s  Total: 3826.52 GB
[ 3309.3s] IOs:   1003199028  IOPS:   303144  Throughput:  1184.2 MB/s  Total: 3826.90 GB
[ 3309.6s] IOs:   1003299575  IOPS:   303151  Throughput:  1184.2 MB/s  Total: 3827.28 GB
[ 3309.9s] IOs:   1003400351  IOPS:   303151  Throughput:  1184.2 MB/s  Total: 3827.67 GB
[ 3310.4s] IOs:   1003501234  IOPS:   303140  Throughput:  1184.1 MB/s  Total: 3828.05 GB
[ 3310.6s] IOs:   1003601918  IOPS:   303144  Throughput:  1184.2 MB/s  Total: 3828.44 GB
[ 3310.9s] IOs:   1003702528  IOPS:   303155  Throughput:  1184.2 MB/s  Total: 3828.82 GB
[ 3311.1s] IOs:   1003803065  IOPS:   303166  Throughput:  1184.2 MB/s  Total: 3829.20 GB
[ 3311.5s] IOs:   1003903717  IOPS:   303160  Throughput:  1184.2 MB/s  Total: 3829.59 GB
[ 3311.8s] IOs:   1004004356  IOPS:   303156  Throughput:  1184.2 MB/s  Total: 3829.97 GB
[ 3312.1s] IOs:   1004104941  IOPS:   303166  Throughput:  1184.2 MB/s  Total: 3830.36 GB
[ 3312.5s] IOs:   1004205441  IOPS:   303156  Throughput:  1184.2 MB/s  Total: 3830.74 GB
[ 3312.9s] IOs:   1004305941  IOPS:   303154  Throughput:  1184.2 MB/s  Total: 3831.12 GB
[ 3313.1s] IOs:   1004406601  IOPS:   303165  Throughput:  1184.2 MB/s  Total: 3831.51 GB
[ 3313.6s] IOs:   1004507415  IOPS:   303149  Throughput:  1184.2 MB/s  Total: 3831.89 GB
[ 3313.8s] IOs:   1004608008  IOPS:   303156  Throughput:  1184.2 MB/s  Total: 3832.28 GB
[ 3314.0s] IOs:   1004708117  IOPS:   303168  Throughput:  1184.3 MB/s  Total: 3832.66 GB
[ 3314.4s] IOs:   1004808567  IOPS:   303163  Throughput:  1184.2 MB/s  Total: 3833.04 GB
[ 3314.6s] IOs:   1004909518  IOPS:   303174  Throughput:  1184.3 MB/s  Total: 3833.43 GB
[ 3315.0s] IOs:   1005010220  IOPS:   303174  Throughput:  1184.3 MB/s  Total: 3833.81 GB
[ 3315.3s] IOs:   1005110806  IOPS:   303175  Throughput:  1184.3 MB/s  Total: 3834.19 GB
[ 3315.5s] IOs:   1005211022  IOPS:   303182  Throughput:  1184.3 MB/s  Total: 3834.58 GB
[ 3315.9s] IOs:   1005311514  IOPS:   303183  Throughput:  1184.3 MB/s  Total: 3834.96 GB
[ 3316.1s] IOs:   1005412139  IOPS:   303193  Throughput:  1184.3 MB/s  Total: 3835.34 GB
[ 3316.4s] IOs:   1005512764  IOPS:   303196  Throughput:  1184.4 MB/s  Total: 3835.73 GB
[ 3316.6s] IOs:   1005613405  IOPS:   303207  Throughput:  1184.4 MB/s  Total: 3836.11 GB
[ 3316.9s] IOs:   1005713930  IOPS:   303211  Throughput:  1184.4 MB/s  Total: 3836.49 GB
[ 3317.2s] IOs:   1005814487  IOPS:   303211  Throughput:  1184.4 MB/s  Total: 3836.88 GB
[ 3317.4s] IOs:   1005915137  IOPS:   303224  Throughput:  1184.5 MB/s  Total: 3837.26 GB
[ 3317.6s] IOs:   1006015903  IOPS:   303236  Throughput:  1184.5 MB/s  Total: 3837.65 GB
[ 3317.9s] IOs:   1006116564  IOPS:   303236  Throughput:  1184.5 MB/s  Total: 3838.03 GB
[ 3318.3s] IOs:   1006216999  IOPS:   303236  Throughput:  1184.5 MB/s  Total: 3838.41 GB
[ 3318.5s] IOs:   1006317725  IOPS:   303248  Throughput:  1184.6 MB/s  Total: 3838.80 GB
[ 3318.8s] IOs:   1006418023  IOPS:   303249  Throughput:  1184.6 MB/s  Total: 3839.18 GB
[ 3319.0s] IOs:   1006518906  IOPS:   303262  Throughput:  1184.6 MB/s  Total: 3839.56 GB
[ 3319.3s] IOs:   1006619938  IOPS:   303264  Throughput:  1184.6 MB/s  Total: 3839.95 GB
[ 3319.5s] IOs:   1006720227  IOPS:   303278  Throughput:  1184.7 MB/s  Total: 3840.33 GB
[ 3319.6s] IOs:   1006820764  IOPS:   303291  Throughput:  1184.7 MB/s  Total: 3840.72 GB
[ 3320.0s] IOs:   1006921098  IOPS:   303294  Throughput:  1184.7 MB/s  Total: 3841.10 GB
[ 3320.1s] IOs:   1007021220  IOPS:   303308  Throughput:  1184.8 MB/s  Total: 3841.48 GB
[ 3320.5s] IOs:   1007121306  IOPS:   303304  Throughput:  1184.8 MB/s  Total: 3841.86 GB
[ 3320.7s] IOs:   1007222014  IOPS:   303318  Throughput:  1184.8 MB/s  Total: 3842.25 GB
[ 3320.9s] IOs:   1007322899  IOPS:   303324  Throughput:  1184.9 MB/s  Total: 3842.63 GB
[ 3321.2s] IOs:   1007423411  IOPS:   303333  Throughput:  1184.9 MB/s  Total: 3843.02 GB
[ 3321.4s] IOs:   1007524255  IOPS:   303344  Throughput:  1184.9 MB/s  Total: 3843.40 GB
[ 3321.6s] IOs:   1007624800  IOPS:   303358  Throughput:  1185.0 MB/s  Total: 3843.78 GB
[ 3321.8s] IOs:   1007725792  IOPS:   303364  Throughput:  1185.0 MB/s  Total: 3844.17 GB
[Reader] Parsed 124000000 lines, distributed 1007738796 writes, unique 720.00 GB, skipped 76865802
[ 3322.0s] IOs:   1007826211  IOPS:   303378  Throughput:  1185.1 MB/s  Total: 3844.55 GB
[ 3322.2s] IOs:   1007927074  IOPS:   303391  Throughput:  1185.1 MB/s  Total: 3844.94 GB
[ 3322.4s] IOs:   1008027099  IOPS:   303400  Throughput:  1185.2 MB/s  Total: 3845.32 GB
[ 3322.6s] IOs:   1008127633  IOPS:   303414  Throughput:  1185.2 MB/s  Total: 3845.70 GB
[ 3322.8s] IOs:   1008228470  IOPS:   303423  Throughput:  1185.2 MB/s  Total: 3846.09 GB
[ 3323.0s] IOs:   1008328891  IOPS:   303437  Throughput:  1185.3 MB/s  Total: 3846.47 GB
[ 3323.2s] IOs:   1008429051  IOPS:   303450  Throughput:  1185.4 MB/s  Total: 3846.85 GB
[ 3323.5s] IOs:   1008529623  IOPS:   303458  Throughput:  1185.4 MB/s  Total: 3847.24 GB
[ 3323.6s] IOs:   1008630580  IOPS:   303473  Throughput:  1185.4 MB/s  Total: 3847.62 GB
[ 3323.8s] IOs:   1008731504  IOPS:   303486  Throughput:  1185.5 MB/s  Total: 3848.01 GB
[ 3324.0s] IOs:   1008831953  IOPS:   303499  Throughput:  1185.5 MB/s  Total: 3848.39 GB
[ 3324.2s] IOs:   1008932699  IOPS:   303513  Throughput:  1185.6 MB/s  Total: 3848.77 GB
[ 3324.6s] IOs:   1009033166  IOPS:   303503  Throughput:  1185.6 MB/s  Total: 3849.16 GB
[ 3324.8s] IOs:   1009133878  IOPS:   303514  Throughput:  1185.6 MB/s  Total: 3849.54 GB
[ 3325.3s] IOs:   1009233938  IOPS:   303503  Throughput:  1185.6 MB/s  Total: 3849.92 GB
[ 3325.5s] IOs:   1009334304  IOPS:   303513  Throughput:  1185.6 MB/s  Total: 3850.30 GB
[ 3325.9s] IOs:   1009434853  IOPS:   303504  Throughput:  1185.6 MB/s  Total: 3850.69 GB
[ 3326.3s] IOs:   1009535427  IOPS:   303497  Throughput:  1185.5 MB/s  Total: 3851.07 GB
[ 3326.5s] IOs:   1009636066  IOPS:   303511  Throughput:  1185.6 MB/s  Total: 3851.46 GB
[ 3326.9s] IOs:   1009736677  IOPS:   303506  Throughput:  1185.6 MB/s  Total: 3851.84 GB
[ 3329.4s] IOs:   1009837615  IOPS:   303309  Throughput:  1184.8 MB/s  Total: 3852.22 GB
[ 3329.9s] IOs:   1009938381  IOPS:   303298  Throughput:  1184.8 MB/s  Total: 3852.61 GB
[ 3330.4s] IOs:   1010039049  IOPS:   303280  Throughput:  1184.7 MB/s  Total: 3852.99 GB
[ 3330.8s] IOs:   1010139193  IOPS:   303271  Throughput:  1184.7 MB/s  Total: 3853.38 GB
[ 3331.1s] IOs:   1010239685  IOPS:   303278  Throughput:  1184.7 MB/s  Total: 3853.76 GB
[ 3331.5s] IOs:   1010340310  IOPS:   303270  Throughput:  1184.6 MB/s  Total: 3854.14 GB
[ 3332.1s] IOs:   1010441178  IOPS:   303245  Throughput:  1184.6 MB/s  Total: 3854.53 GB
[ 3332.3s] IOs:   1010541646  IOPS:   303257  Throughput:  1184.6 MB/s  Total: 3854.91 GB
[ 3332.5s] IOs:   1010642187  IOPS:   303266  Throughput:  1184.6 MB/s  Total: 3855.29 GB
[ 3333.0s] IOs:   1010743114  IOPS:   303253  Throughput:  1184.6 MB/s  Total: 3855.68 GB
[ 3333.4s] IOs:   1010843741  IOPS:   303251  Throughput:  1184.6 MB/s  Total: 3856.06 GB
[ 3333.6s] IOs:   1010943953  IOPS:   303262  Throughput:  1184.6 MB/s  Total: 3856.45 GB
[ 3334.0s] IOs:   1011044160  IOPS:   303255  Throughput:  1184.6 MB/s  Total: 3856.83 GB
[ 3334.3s] IOs:   1011144680  IOPS:   303257  Throughput:  1184.6 MB/s  Total: 3857.21 GB
[ 3334.5s] IOs:   1011245592  IOPS:   303267  Throughput:  1184.6 MB/s  Total: 3857.60 GB
[ 3334.9s] IOs:   1011346245  IOPS:   303266  Throughput:  1184.6 MB/s  Total: 3857.98 GB
[ 3337.1s] IOs:   1011446427  IOPS:   303091  Throughput:  1184.0 MB/s  Total: 3858.36 GB
[ 3338.2s] IOs:   1011547200  IOPS:   303021  Throughput:  1183.7 MB/s  Total: 3858.75 GB
[ 3338.6s] IOs:   1011648184  IOPS:   303013  Throughput:  1183.6 MB/s  Total: 3859.13 GB
[ 3339.5s] IOs:   1011748819  IOPS:   302964  Throughput:  1183.5 MB/s  Total: 3859.52 GB
[ 3340.1s] IOs:   1011849675  IOPS:   302942  Throughput:  1183.4 MB/s  Total: 3859.90 GB
[ 3340.6s] IOs:   1011950682  IOPS:   302923  Throughput:  1183.3 MB/s  Total: 3860.29 GB
[ 3341.2s] IOs:   1012050726  IOPS:   302904  Throughput:  1183.2 MB/s  Total: 3860.67 GB
[ 3341.7s] IOs:   1012151517  IOPS:   302886  Throughput:  1183.1 MB/s  Total: 3861.05 GB
[ 3342.2s] IOs:   1012252279  IOPS:   302870  Throughput:  1183.1 MB/s  Total: 3861.44 GB
[ 3342.8s] IOs:   1012352938  IOPS:   302850  Throughput:  1183.0 MB/s  Total: 3861.82 GB
[ 3343.3s] IOs:   1012453894  IOPS:   302835  Throughput:  1182.9 MB/s  Total: 3862.21 GB
[ 3343.7s] IOs:   1012553904  IOPS:   302824  Throughput:  1182.9 MB/s  Total: 3862.59 GB
[ 3344.1s] IOs:   1012654846  IOPS:   302814  Throughput:  1182.9 MB/s  Total: 3862.97 GB
[ 3344.7s] IOs:   1012755572  IOPS:   302798  Throughput:  1182.8 MB/s  Total: 3863.36 GB
[ 3345.0s] IOs:   1012856103  IOPS:   302797  Throughput:  1182.8 MB/s  Total: 3863.74 GB
[ 3346.5s] IOs:   1012956714  IOPS:   302688  Throughput:  1182.4 MB/s  Total: 3864.12 GB
[ 3347.1s] IOs:   1013056925  IOPS:   302671  Throughput:  1182.3 MB/s  Total: 3864.51 GB
[ 3347.7s] IOs:   1013157575  IOPS:   302640  Throughput:  1182.2 MB/s  Total: 3864.89 GB
[ 3348.1s] IOs:   1013258292  IOPS:   302638  Throughput:  1182.2 MB/s  Total: 3865.27 GB
[ 3348.6s] IOs:   1013359043  IOPS:   302619  Throughput:  1182.1 MB/s  Total: 3865.66 GB
[ 3349.2s] IOs:   1013459831  IOPS:   302602  Throughput:  1182.0 MB/s  Total: 3866.04 GB
[ 3349.6s] IOs:   1013560618  IOPS:   302595  Throughput:  1182.0 MB/s  Total: 3866.43 GB
[ 3350.1s] IOs:   1013661192  IOPS:   302573  Throughput:  1181.9 MB/s  Total: 3866.81 GB
[ 3350.6s] IOs:   1013761878  IOPS:   302561  Throughput:  1181.9 MB/s  Total: 3867.19 GB
[ 3351.1s] IOs:   1013862703  IOPS:   302550  Throughput:  1181.8 MB/s  Total: 3867.58 GB
[ 3351.5s] IOs:   1013963357  IOPS:   302541  Throughput:  1181.8 MB/s  Total: 3867.96 GB
[ 3351.7s] IOs:   1014063930  IOPS:   302548  Throughput:  1181.8 MB/s  Total: 3868.35 GB
[ 3352.2s] IOs:   1014164347  IOPS:   302539  Throughput:  1181.8 MB/s  Total: 3868.73 GB
[ 3352.6s] IOs:   1014264953  IOPS:   302531  Throughput:  1181.8 MB/s  Total: 3869.11 GB
[ 3353.1s] IOs:   1014365392  IOPS:   302513  Throughput:  1181.7 MB/s  Total: 3869.50 GB
[ 3353.6s] IOs:   1014465832  IOPS:   302503  Throughput:  1181.7 MB/s  Total: 3869.88 GB
[ 3354.0s] IOs:   1014566557  IOPS:   302495  Throughput:  1181.6 MB/s  Total: 3870.26 GB
[ 3354.5s] IOs:   1014666995  IOPS:   302475  Throughput:  1181.5 MB/s  Total: 3870.65 GB
[ 3355.0s] IOs:   1014767115  IOPS:   302468  Throughput:  1181.5 MB/s  Total: 3871.03 GB
[ 3355.2s] IOs:   1014867634  IOPS:   302474  Throughput:  1181.5 MB/s  Total: 3871.41 GB
[ 3355.8s] IOs:   1014968324  IOPS:   302456  Throughput:  1181.5 MB/s  Total: 3871.80 GB
[ 3356.1s] IOs:   1015068800  IOPS:   302458  Throughput:  1181.5 MB/s  Total: 3872.18 GB
[ 3356.6s] IOs:   1015169613  IOPS:   302441  Throughput:  1181.4 MB/s  Total: 3872.56 GB
[ 3356.9s] IOs:   1015270080  IOPS:   302439  Throughput:  1181.4 MB/s  Total: 3872.95 GB
[ 3357.2s] IOs:   1015370466  IOPS:   302449  Throughput:  1181.4 MB/s  Total: 3873.33 GB
[ 3357.7s] IOs:   1015471089  IOPS:   302433  Throughput:  1181.4 MB/s  Total: 3873.71 GB
[ 3358.0s] IOs:   1015571550  IOPS:   302433  Throughput:  1181.4 MB/s  Total: 3874.10 GB
[ 3358.2s] IOs:   1015671905  IOPS:   302443  Throughput:  1181.4 MB/s  Total: 3874.48 GB
[ 3359.0s] IOs:   1015772630  IOPS:   302405  Throughput:  1181.3 MB/s  Total: 3874.87 GB
[ 3359.7s] IOs:   1015873441  IOPS:   302374  Throughput:  1181.1 MB/s  Total: 3875.25 GB
[ 3360.2s] IOs:   1015973716  IOPS:   302357  Throughput:  1181.1 MB/s  Total: 3875.63 GB
[ 3361.0s] IOs:   1016074413  IOPS:   302316  Throughput:  1180.9 MB/s  Total: 3876.02 GB
[ 3361.5s] IOs:   1016175154  IOPS:   302299  Throughput:  1180.9 MB/s  Total: 3876.40 GB
[ 3362.1s] IOs:   1016276055  IOPS:   302275  Throughput:  1180.8 MB/s  Total: 3876.79 GB
[ 3362.7s] IOs:   1016376781  IOPS:   302248  Throughput:  1180.7 MB/s  Total: 3877.17 GB
[ 3363.0s] IOs:   1016477174  IOPS:   302250  Throughput:  1180.7 MB/s  Total: 3877.55 GB
[ 3363.7s] IOs:   1016577680  IOPS:   302224  Throughput:  1180.6 MB/s  Total: 3877.94 GB
[ 3364.0s] IOs:   1016678307  IOPS:   302219  Throughput:  1180.5 MB/s  Total: 3878.32 GB
[ 3364.6s] IOs:   1016778456  IOPS:   302203  Throughput:  1180.5 MB/s  Total: 3878.70 GB
[ 3365.1s] IOs:   1016879388  IOPS:   302187  Throughput:  1180.4 MB/s  Total: 3879.09 GB
[ 3365.4s] IOs:   1016980192  IOPS:   302183  Throughput:  1180.4 MB/s  Total: 3879.47 GB
[ 3365.7s] IOs:   1017080745  IOPS:   302188  Throughput:  1180.4 MB/s  Total: 3879.86 GB
[ 3366.2s] IOs:   1017181427  IOPS:   302176  Throughput:  1180.4 MB/s  Total: 3880.24 GB
[ 3366.5s] IOs:   1017282230  IOPS:   302174  Throughput:  1180.4 MB/s  Total: 3880.62 GB
[ 3367.0s] IOs:   1017383215  IOPS:   302164  Throughput:  1180.3 MB/s  Total: 3881.01 GB
[ 3367.2s] IOs:   1017483852  IOPS:   302173  Throughput:  1180.4 MB/s  Total: 3881.39 GB
[ 3367.6s] IOs:   1017584557  IOPS:   302170  Throughput:  1180.4 MB/s  Total: 3881.78 GB
[ 3368.0s] IOs:   1017685196  IOPS:   302161  Throughput:  1180.3 MB/s  Total: 3882.16 GB
[ 3368.4s] IOs:   1017786073  IOPS:   302160  Throughput:  1180.3 MB/s  Total: 3882.55 GB
[Reader] Parsed 125000000 lines, distributed 1017840316 writes, unique 720.00 GB, skipped 79074790
[ 3368.6s] IOs:   1017886543  IOPS:   302170  Throughput:  1180.4 MB/s  Total: 3882.93 GB
[ 3369.0s] IOs:   1017987471  IOPS:   302160  Throughput:  1180.3 MB/s  Total: 3883.31 GB
[ 3369.2s] IOs:   1018088329  IOPS:   302171  Throughput:  1180.4 MB/s  Total: 3883.70 GB
[ 3369.6s] IOs:   1018188792  IOPS:   302169  Throughput:  1180.3 MB/s  Total: 3884.08 GB
[ 3369.9s] IOs:   1018289403  IOPS:   302170  Throughput:  1180.4 MB/s  Total: 3884.47 GB
[ 3370.1s] IOs:   1018390354  IOPS:   302180  Throughput:  1180.4 MB/s  Total: 3884.85 GB
[ 3370.5s] IOs:   1018491049  IOPS:   302180  Throughput:  1180.4 MB/s  Total: 3885.24 GB
[ 3370.9s] IOs:   1018591927  IOPS:   302172  Throughput:  1180.4 MB/s  Total: 3885.62 GB
[ 3371.1s] IOs:   1018692925  IOPS:   302183  Throughput:  1180.4 MB/s  Total: 3886.01 GB
[ 3371.6s] IOs:   1018793618  IOPS:   302170  Throughput:  1180.4 MB/s  Total: 3886.39 GB
[ 3371.8s] IOs:   1018894391  IOPS:   302180  Throughput:  1180.4 MB/s  Total: 3886.77 GB
[ 3372.1s] IOs:   1018994761  IOPS:   302181  Throughput:  1180.4 MB/s  Total: 3887.16 GB
[ 3372.5s] IOs:   1019095183  IOPS:   302177  Throughput:  1180.4 MB/s  Total: 3887.54 GB
[ 3372.7s] IOs:   1019195933  IOPS:   302188  Throughput:  1180.4 MB/s  Total: 3887.92 GB
[ 3373.2s] IOs:   1019296869  IOPS:   302171  Throughput:  1180.4 MB/s  Total: 3888.31 GB
[ 3373.5s] IOs:   1019397790  IOPS:   302182  Throughput:  1180.4 MB/s  Total: 3888.69 GB
[ 3373.7s] IOs:   1019498473  IOPS:   302194  Throughput:  1180.4 MB/s  Total: 3889.08 GB
[ 3374.2s] IOs:   1019598502  IOPS:   302172  Throughput:  1180.4 MB/s  Total: 3889.46 GB
[ 3374.5s] IOs:   1019698841  IOPS:   302179  Throughput:  1180.4 MB/s  Total: 3889.84 GB
[ 3375.0s] IOs:   1019799370  IOPS:   302167  Throughput:  1180.3 MB/s  Total: 3890.23 GB
[ 3375.2s] IOs:   1019900026  IOPS:   302170  Throughput:  1180.4 MB/s  Total: 3890.61 GB
[ 3375.6s] IOs:   1020000587  IOPS:   302171  Throughput:  1180.4 MB/s  Total: 3890.99 GB
[ 3376.0s] IOs:   1020100984  IOPS:   302160  Throughput:  1180.3 MB/s  Total: 3891.38 GB
[ 3376.3s] IOs:   1020201429  IOPS:   302166  Throughput:  1180.3 MB/s  Total: 3891.76 GB
[ 3376.6s] IOs:   1020301901  IOPS:   302167  Throughput:  1180.3 MB/s  Total: 3892.14 GB
[ 3377.0s] IOs:   1020402596  IOPS:   302164  Throughput:  1180.3 MB/s  Total: 3892.53 GB
[ 3377.2s] IOs:   1020503158  IOPS:   302173  Throughput:  1180.4 MB/s  Total: 3892.91 GB
[ 3377.7s] IOs:   1020603759  IOPS:   302162  Throughput:  1180.3 MB/s  Total: 3893.29 GB
[ 3378.0s] IOs:   1020704107  IOPS:   302165  Throughput:  1180.3 MB/s  Total: 3893.68 GB
[ 3378.4s] IOs:   1020804655  IOPS:   302152  Throughput:  1180.3 MB/s  Total: 3894.06 GB
[ 3378.8s] IOs:   1020905212  IOPS:   302154  Throughput:  1180.3 MB/s  Total: 3894.44 GB
[ 3379.2s] IOs:   1021005969  IOPS:   302144  Throughput:  1180.3 MB/s  Total: 3894.83 GB
[ 3379.6s] IOs:   1021106482  IOPS:   302135  Throughput:  1180.2 MB/s  Total: 3895.21 GB
[ 3380.1s] IOs:   1021206892  IOPS:   302127  Throughput:  1180.2 MB/s  Total: 3895.60 GB
[ 3380.4s] IOs:   1021307519  IOPS:   302123  Throughput:  1180.2 MB/s  Total: 3895.98 GB
[ 3380.7s] IOs:   1021407591  IOPS:   302131  Throughput:  1180.2 MB/s  Total: 3896.36 GB
[ 3381.1s] IOs:   1021508230  IOPS:   302125  Throughput:  1180.2 MB/s  Total: 3896.74 GB
[ 3381.5s] IOs:   1021608910  IOPS:   302121  Throughput:  1180.2 MB/s  Total: 3897.13 GB
[ 3381.7s] IOs:   1021708963  IOPS:   302131  Throughput:  1180.2 MB/s  Total: 3897.51 GB
[ 3382.0s] IOs:   1021809043  IOPS:   302127  Throughput:  1180.2 MB/s  Total: 3897.89 GB
[ 3382.4s] IOs:   1021909664  IOPS:   302126  Throughput:  1180.2 MB/s  Total: 3898.28 GB
[ 3382.6s] IOs:   1022010498  IOPS:   302134  Throughput:  1180.2 MB/s  Total: 3898.66 GB
[ 3383.0s] IOs:   1022111384  IOPS:   302135  Throughput:  1180.2 MB/s  Total: 3899.05 GB
[ 3383.2s] IOs:   1022211755  IOPS:   302145  Throughput:  1180.3 MB/s  Total: 3899.43 GB
[ 3383.5s] IOs:   1022312448  IOPS:   302146  Throughput:  1180.3 MB/s  Total: 3899.81 GB
[ 3383.8s] IOs:   1022412481  IOPS:   302146  Throughput:  1180.3 MB/s  Total: 3900.19 GB
[ 3384.0s] IOs:   1022513215  IOPS:   302157  Throughput:  1180.3 MB/s  Total: 3900.58 GB
[ 3384.3s] IOs:   1022614006  IOPS:   302167  Throughput:  1180.3 MB/s  Total: 3900.96 GB
[ 3384.6s] IOs:   1022714307  IOPS:   302166  Throughput:  1180.3 MB/s  Total: 3901.35 GB
[ 3385.0s] IOs:   1022814596  IOPS:   302160  Throughput:  1180.3 MB/s  Total: 3901.73 GB
[ 3385.2s] IOs:   1022915018  IOPS:   302169  Throughput:  1180.3 MB/s  Total: 3902.11 GB
[ 3385.5s] IOs:   1023015703  IOPS:   302178  Throughput:  1180.4 MB/s  Total: 3902.50 GB
[ 3385.7s] IOs:   1023116221  IOPS:   302186  Throughput:  1180.4 MB/s  Total: 3902.88 GB
[ 3386.0s] IOs:   1023216496  IOPS:   302195  Throughput:  1180.4 MB/s  Total: 3903.26 GB
[ 3386.2s] IOs:   1023316576  IOPS:   302203  Throughput:  1180.5 MB/s  Total: 3903.64 GB
[ 3386.4s] IOs:   1023416616  IOPS:   302212  Throughput:  1180.5 MB/s  Total: 3904.02 GB
[ 3386.6s] IOs:   1023516808  IOPS:   302221  Throughput:  1180.6 MB/s  Total: 3904.41 GB
[ 3386.9s] IOs:   1023616937  IOPS:   302229  Throughput:  1180.6 MB/s  Total: 3904.79 GB
[ 3387.1s] IOs:   1023717060  IOPS:   302237  Throughput:  1180.6 MB/s  Total: 3905.17 GB
[ 3387.4s] IOs:   1023817956  IOPS:   302246  Throughput:  1180.6 MB/s  Total: 3905.56 GB
[ 3387.6s] IOs:   1023918465  IOPS:   302258  Throughput:  1180.7 MB/s  Total: 3905.94 GB
[ 3387.8s] IOs:   1024019460  IOPS:   302271  Throughput:  1180.7 MB/s  Total: 3906.32 GB
[ 3388.0s] IOs:   1024120037  IOPS:   302278  Throughput:  1180.8 MB/s  Total: 3906.71 GB
[ 3388.2s] IOs:   1024220828  IOPS:   302292  Throughput:  1180.8 MB/s  Total: 3907.09 GB
[ 3388.6s] IOs:   1024321824  IOPS:   302282  Throughput:  1180.8 MB/s  Total: 3907.48 GB
[ 3388.9s] IOs:   1024422495  IOPS:   302292  Throughput:  1180.8 MB/s  Total: 3907.86 GB
[ 3389.0s] IOs:   1024523380  IOPS:   302305  Throughput:  1180.9 MB/s  Total: 3908.25 GB
[ 3389.2s] IOs:   1024624207  IOPS:   302318  Throughput:  1180.9 MB/s  Total: 3908.63 GB
[ 3389.4s] IOs:   1024725154  IOPS:   302331  Throughput:  1181.0 MB/s  Total: 3909.02 GB
[ 3389.6s] IOs:   1024825993  IOPS:   302344  Throughput:  1181.0 MB/s  Total: 3909.40 GB
[ 3389.8s] IOs:   1024926661  IOPS:   302357  Throughput:  1181.1 MB/s  Total: 3909.78 GB
[ 3390.0s] IOs:   1025027386  IOPS:   302370  Throughput:  1181.1 MB/s  Total: 3910.17 GB
[ 3390.2s] IOs:   1025128113  IOPS:   302383  Throughput:  1181.2 MB/s  Total: 3910.55 GB
[ 3390.3s] IOs:   1025229087  IOPS:   302396  Throughput:  1181.2 MB/s  Total: 3910.94 GB
[ 3390.5s] IOs:   1025329526  IOPS:   302409  Throughput:  1181.3 MB/s  Total: 3911.32 GB
[ 3390.7s] IOs:   1025430070  IOPS:   302421  Throughput:  1181.3 MB/s  Total: 3911.71 GB
[ 3390.9s] IOs:   1025530534  IOPS:   302434  Throughput:  1181.4 MB/s  Total: 3912.09 GB
[ 3391.1s] IOs:   1025631396  IOPS:   302449  Throughput:  1181.4 MB/s  Total: 3912.47 GB
[ 3391.3s] IOs:   1025732226  IOPS:   302464  Throughput:  1181.5 MB/s  Total: 3912.86 GB
[ 3391.5s] IOs:   1025832649  IOPS:   302470  Throughput:  1181.5 MB/s  Total: 3913.24 GB
[ 3391.8s] IOs:   1025932952  IOPS:   302471  Throughput:  1181.5 MB/s  Total: 3913.62 GB
[ 3392.0s] IOs:   1026033548  IOPS:   302484  Throughput:  1181.6 MB/s  Total: 3914.01 GB
[ 3392.2s] IOs:   1026134469  IOPS:   302497  Throughput:  1181.6 MB/s  Total: 3914.39 GB
[ 3392.4s] IOs:   1026235483  IOPS:   302511  Throughput:  1181.7 MB/s  Total: 3914.78 GB
[ 3392.6s] IOs:   1026336156  IOPS:   302523  Throughput:  1181.7 MB/s  Total: 3915.16 GB
[ 3392.8s] IOs:   1026436919  IOPS:   302536  Throughput:  1181.8 MB/s  Total: 3915.55 GB
[ 3393.0s] IOs:   1026537407  IOPS:   302548  Throughput:  1181.8 MB/s  Total: 3915.93 GB
[ 3393.2s] IOs:   1026638283  IOPS:   302562  Throughput:  1181.9 MB/s  Total: 3916.31 GB
[ 3393.3s] IOs:   1026739177  IOPS:   302575  Throughput:  1181.9 MB/s  Total: 3916.70 GB
[ 3393.5s] IOs:   1026839955  IOPS:   302588  Throughput:  1182.0 MB/s  Total: 3917.08 GB
[ 3393.7s] IOs:   1026940502  IOPS:   302601  Throughput:  1182.0 MB/s  Total: 3917.47 GB
[ 3393.9s] IOs:   1027041199  IOPS:   302614  Throughput:  1182.1 MB/s  Total: 3917.85 GB
[ 3394.1s] IOs:   1027141957  IOPS:   302627  Throughput:  1182.1 MB/s  Total: 3918.24 GB
[ 3394.3s] IOs:   1027242489  IOPS:   302642  Throughput:  1182.2 MB/s  Total: 3918.62 GB
[ 3394.4s] IOs:   1027343080  IOPS:   302656  Throughput:  1182.3 MB/s  Total: 3919.00 GB
[ 3394.6s] IOs:   1027443636  IOPS:   302671  Throughput:  1182.3 MB/s  Total: 3919.39 GB
[ 3394.8s] IOs:   1027544335  IOPS:   302682  Throughput:  1182.4 MB/s  Total: 3919.77 GB
[ 3395.0s] IOs:   1027644840  IOPS:   302696  Throughput:  1182.4 MB/s  Total: 3920.15 GB
[ 3395.3s] IOs:   1027745635  IOPS:   302701  Throughput:  1182.4 MB/s  Total: 3920.54 GB
[ 3395.4s] IOs:   1027846327  IOPS:   302714  Throughput:  1182.5 MB/s  Total: 3920.92 GB
[ 3395.6s] IOs:   1027947045  IOPS:   302727  Throughput:  1182.5 MB/s  Total: 3921.31 GB
[ 3395.8s] IOs:   1028047391  IOPS:   302740  Throughput:  1182.6 MB/s  Total: 3921.69 GB
[ 3396.0s] IOs:   1028147847  IOPS:   302753  Throughput:  1182.6 MB/s  Total: 3922.07 GB
[ 3396.2s] IOs:   1028248810  IOPS:   302766  Throughput:  1182.7 MB/s  Total: 3922.46 GB
[ 3396.4s] IOs:   1028349496  IOPS:   302779  Throughput:  1182.7 MB/s  Total: 3922.84 GB
[ 3396.6s] IOs:   1028450255  IOPS:   302791  Throughput:  1182.8 MB/s  Total: 3923.23 GB
[ 3396.8s] IOs:   1028550881  IOPS:   302804  Throughput:  1182.8 MB/s  Total: 3923.61 GB
[ 3396.9s] IOs:   1028651187  IOPS:   302816  Throughput:  1182.9 MB/s  Total: 3923.99 GB
[ 3397.1s] IOs:   1028751201  IOPS:   302830  Throughput:  1182.9 MB/s  Total: 3924.37 GB
[ 3397.3s] IOs:   1028851735  IOPS:   302845  Throughput:  1183.0 MB/s  Total: 3924.76 GB
[ 3397.5s] IOs:   1028952538  IOPS:   302857  Throughput:  1183.0 MB/s  Total: 3925.14 GB
[ 3397.7s] IOs:   1029052943  IOPS:   302868  Throughput:  1183.1 MB/s  Total: 3925.53 GB
[ 3397.9s] IOs:   1029153699  IOPS:   302882  Throughput:  1183.1 MB/s  Total: 3925.91 GB
[ 3398.0s] IOs:   1029254180  IOPS:   302896  Throughput:  1183.2 MB/s  Total: 3926.29 GB
[ 3398.2s] IOs:   1029354637  IOPS:   302910  Throughput:  1183.2 MB/s  Total: 3926.68 GB
[ 3398.4s] IOs:   1029455462  IOPS:   302925  Throughput:  1183.3 MB/s  Total: 3927.06 GB
[ 3398.6s] IOs:   1029555882  IOPS:   302936  Throughput:  1183.3 MB/s  Total: 3927.44 GB
[ 3398.8s] IOs:   1029656562  IOPS:   302950  Throughput:  1183.4 MB/s  Total: 3927.83 GB
[ 3399.1s] IOs:   1029757477  IOPS:   302953  Throughput:  1183.4 MB/s  Total: 3928.21 GB
[ 3399.3s] IOs:   1029858427  IOPS:   302965  Throughput:  1183.5 MB/s  Total: 3928.60 GB
[ 3399.5s] IOs:   1029959230  IOPS:   302977  Throughput:  1183.5 MB/s  Total: 3928.98 GB
[ 3399.7s] IOs:   1030059847  IOPS:   302990  Throughput:  1183.6 MB/s  Total: 3929.37 GB
[ 3399.8s] IOs:   1030160430  IOPS:   303003  Throughput:  1183.6 MB/s  Total: 3929.75 GB
[Reader] Parsed 126000000 lines, distributed 1030243976 writes, unique 720.00 GB, skipped 81033833
[ 3400.0s] IOs:   1030260641  IOPS:   303015  Throughput:  1183.7 MB/s  Total: 3930.13 GB
[ 3400.2s] IOs:   1030361541  IOPS:   303029  Throughput:  1183.7 MB/s  Total: 3930.52 GB
[ 3400.4s] IOs:   1030462243  IOPS:   303044  Throughput:  1183.8 MB/s  Total: 3930.90 GB
[ 3400.6s] IOs:   1030562978  IOPS:   303057  Throughput:  1183.8 MB/s  Total: 3931.29 GB
[ 3400.8s] IOs:   1030663167  IOPS:   303069  Throughput:  1183.9 MB/s  Total: 3931.67 GB
[ 3400.9s] IOs:   1030763803  IOPS:   303082  Throughput:  1183.9 MB/s  Total: 3932.05 GB
[ 3401.1s] IOs:   1030864585  IOPS:   303096  Throughput:  1184.0 MB/s  Total: 3932.44 GB
[ 3401.3s] IOs:   1030964696  IOPS:   303111  Throughput:  1184.0 MB/s  Total: 3932.82 GB
[ 3401.5s] IOs:   1031065366  IOPS:   303122  Throughput:  1184.1 MB/s  Total: 3933.20 GB
[ 3401.8s] IOs:   1031165706  IOPS:   303122  Throughput:  1184.1 MB/s  Total: 3933.58 GB
[ 3402.0s] IOs:   1031266087  IOPS:   303134  Throughput:  1184.1 MB/s  Total: 3933.97 GB
[ 3402.2s] IOs:   1031366955  IOPS:   303148  Throughput:  1184.2 MB/s  Total: 3934.35 GB
[ 3402.4s] IOs:   1031467950  IOPS:   303161  Throughput:  1184.2 MB/s  Total: 3934.74 GB
[ 3402.6s] IOs:   1031568915  IOPS:   303173  Throughput:  1184.3 MB/s  Total: 3935.12 GB
[ 3402.8s] IOs:   1031669703  IOPS:   303186  Throughput:  1184.3 MB/s  Total: 3935.51 GB
[ 3403.0s] IOs:   1031770452  IOPS:   303199  Throughput:  1184.4 MB/s  Total: 3935.89 GB
[ 3403.1s] IOs:   1031871166  IOPS:   303211  Throughput:  1184.4 MB/s  Total: 3936.28 GB
[ 3403.3s] IOs:   1031971722  IOPS:   303226  Throughput:  1184.5 MB/s  Total: 3936.66 GB
[ 3403.5s] IOs:   1032072540  IOPS:   303239  Throughput:  1184.5 MB/s  Total: 3937.04 GB
[ 3403.7s] IOs:   1032173154  IOPS:   303253  Throughput:  1184.6 MB/s  Total: 3937.43 GB
[ 3403.9s] IOs:   1032273606  IOPS:   303264  Throughput:  1184.6 MB/s  Total: 3937.81 GB
[ 3404.1s] IOs:   1032374138  IOPS:   303278  Throughput:  1184.7 MB/s  Total: 3938.19 GB
[ 3404.2s] IOs:   1032474888  IOPS:   303291  Throughput:  1184.7 MB/s  Total: 3938.58 GB
[ 3404.4s] IOs:   1032575711  IOPS:   303305  Throughput:  1184.8 MB/s  Total: 3938.96 GB
[ 3404.6s] IOs:   1032676470  IOPS:   303318  Throughput:  1184.8 MB/s  Total: 3939.35 GB
[ 3404.8s] IOs:   1032777024  IOPS:   303332  Throughput:  1184.9 MB/s  Total: 3939.73 GB
[ 3404.9s] IOs:   1032877638  IOPS:   303346  Throughput:  1184.9 MB/s  Total: 3940.12 GB
[ 3405.1s] IOs:   1032978557  IOPS:   303360  Throughput:  1185.0 MB/s  Total: 3940.50 GB
[ 3405.3s] IOs:   1033078612  IOPS:   303375  Throughput:  1185.1 MB/s  Total: 3940.88 GB
[ 3405.5s] IOs:   1033179467  IOPS:   303388  Throughput:  1185.1 MB/s  Total: 3941.27 GB
[ 3405.6s] IOs:   1033279847  IOPS:   303402  Throughput:  1185.2 MB/s  Total: 3941.65 GB
[ 3405.8s] IOs:   1033380414  IOPS:   303416  Throughput:  1185.2 MB/s  Total: 3942.03 GB
[ 3406.0s] IOs:   1033481119  IOPS:   303430  Throughput:  1185.3 MB/s  Total: 3942.42 GB
[ 3406.2s] IOs:   1033581787  IOPS:   303444  Throughput:  1185.3 MB/s  Total: 3942.80 GB
[ 3406.5s] IOs:   1033682474  IOPS:   303446  Throughput:  1185.3 MB/s  Total: 3943.19 GB
[ 3406.7s] IOs:   1033782618  IOPS:   303457  Throughput:  1185.4 MB/s  Total: 3943.57 GB
[ 3407.0s] IOs:   1033883142  IOPS:   303462  Throughput:  1185.4 MB/s  Total: 3943.95 GB
[ 3407.1s] IOs:   1033984107  IOPS:   303476  Throughput:  1185.5 MB/s  Total: 3944.34 GB
[ 3407.3s] IOs:   1034084920  IOPS:   303490  Throughput:  1185.5 MB/s  Total: 3944.72 GB
[ 3407.6s] IOs:   1034185374  IOPS:   303494  Throughput:  1185.5 MB/s  Total: 3945.10 GB
[ 3407.8s] IOs:   1034285940  IOPS:   303509  Throughput:  1185.6 MB/s  Total: 3945.49 GB
[ 3408.0s] IOs:   1034386461  IOPS:   303515  Throughput:  1185.6 MB/s  Total: 3945.87 GB
[ 3408.3s] IOs:   1034487376  IOPS:   303518  Throughput:  1185.6 MB/s  Total: 3946.26 GB
[ 3408.5s] IOs:   1034588319  IOPS:   303531  Throughput:  1185.7 MB/s  Total: 3946.64 GB
[ 3408.7s] IOs:   1034688899  IOPS:   303544  Throughput:  1185.7 MB/s  Total: 3947.02 GB
[ 3408.9s] IOs:   1034789478  IOPS:   303556  Throughput:  1185.8 MB/s  Total: 3947.41 GB
[ 3409.1s] IOs:   1034890042  IOPS:   303568  Throughput:  1185.8 MB/s  Total: 3947.79 GB
[ 3409.3s] IOs:   1034990582  IOPS:   303580  Throughput:  1185.9 MB/s  Total: 3948.18 GB
[ 3409.5s] IOs:   1035091274  IOPS:   303594  Throughput:  1185.9 MB/s  Total: 3948.56 GB
[ 3409.6s] IOs:   1035191769  IOPS:   303609  Throughput:  1186.0 MB/s  Total: 3948.94 GB
[ 3409.8s] IOs:   1035292226  IOPS:   303623  Throughput:  1186.0 MB/s  Total: 3949.33 GB
[ 3410.0s] IOs:   1035392668  IOPS:   303631  Throughput:  1186.1 MB/s  Total: 3949.71 GB
[ 3410.2s] IOs:   1035493331  IOPS:   303646  Throughput:  1186.1 MB/s  Total: 3950.09 GB
[ 3410.4s] IOs:   1035593897  IOPS:   303660  Throughput:  1186.2 MB/s  Total: 3950.48 GB
[ 3410.6s] IOs:   1035694393  IOPS:   303671  Throughput:  1186.2 MB/s  Total: 3950.86 GB
[ 3410.8s] IOs:   1035794885  IOPS:   303684  Throughput:  1186.3 MB/s  Total: 3951.24 GB
[ 3411.1s] IOs:   1035895430  IOPS:   303687  Throughput:  1186.3 MB/s  Total: 3951.63 GB
[ 3411.3s] IOs:   1035995783  IOPS:   303697  Throughput:  1186.3 MB/s  Total: 3952.01 GB
[ 3411.5s] IOs:   1036096661  IOPS:   303709  Throughput:  1186.4 MB/s  Total: 3952.40 GB
[ 3411.7s] IOs:   1036197550  IOPS:   303722  Throughput:  1186.4 MB/s  Total: 3952.78 GB
[ 3411.8s] IOs:   1036298315  IOPS:   303735  Throughput:  1186.5 MB/s  Total: 3953.16 GB
[ 3412.0s] IOs:   1036398596  IOPS:   303748  Throughput:  1186.5 MB/s  Total: 3953.55 GB
[ 3412.2s] IOs:   1036499240  IOPS:   303761  Throughput:  1186.6 MB/s  Total: 3953.93 GB
[ 3412.4s] IOs:   1036599860  IOPS:   303773  Throughput:  1186.6 MB/s  Total: 3954.31 GB
[ 3412.6s] IOs:   1036700675  IOPS:   303786  Throughput:  1186.7 MB/s  Total: 3954.70 GB
[ 3412.8s] IOs:   1036801330  IOPS:   303801  Throughput:  1186.7 MB/s  Total: 3955.08 GB
[ 3412.9s] IOs:   1036901481  IOPS:   303815  Throughput:  1186.8 MB/s  Total: 3955.47 GB
[ 3413.2s] IOs:   1037001590  IOPS:   303821  Throughput:  1186.8 MB/s  Total: 3955.85 GB
[ 3413.4s] IOs:   1037102357  IOPS:   303835  Throughput:  1186.9 MB/s  Total: 3956.23 GB
[ 3413.6s] IOs:   1037202995  IOPS:   303848  Throughput:  1186.9 MB/s  Total: 3956.62 GB
[ 3413.7s] IOs:   1037303577  IOPS:   303862  Throughput:  1187.0 MB/s  Total: 3957.00 GB
[ 3414.0s] IOs:   1037403910  IOPS:   303865  Throughput:  1187.0 MB/s  Total: 3957.38 GB
[ 3414.2s] IOs:   1037504332  IOPS:   303876  Throughput:  1187.0 MB/s  Total: 3957.76 GB
[ 3414.4s] IOs:   1037604952  IOPS:   303889  Throughput:  1187.1 MB/s  Total: 3958.15 GB
[ 3414.6s] IOs:   1037705880  IOPS:   303902  Throughput:  1187.1 MB/s  Total: 3958.53 GB
[ 3414.8s] IOs:   1037806795  IOPS:   303915  Throughput:  1187.2 MB/s  Total: 3958.92 GB
[ 3415.0s] IOs:   1037907642  IOPS:   303927  Throughput:  1187.2 MB/s  Total: 3959.30 GB
[ 3415.2s] IOs:   1038008304  IOPS:   303940  Throughput:  1187.3 MB/s  Total: 3959.69 GB
[ 3415.4s] IOs:   1038109147  IOPS:   303952  Throughput:  1187.3 MB/s  Total: 3960.07 GB
[ 3415.5s] IOs:   1038209945  IOPS:   303967  Throughput:  1187.4 MB/s  Total: 3960.46 GB
[ 3415.7s] IOs:   1038310685  IOPS:   303982  Throughput:  1187.4 MB/s  Total: 3960.84 GB
[ 3415.9s] IOs:   1038411201  IOPS:   303996  Throughput:  1187.5 MB/s  Total: 3961.22 GB
[ 3416.2s] IOs:   1038511806  IOPS:   304000  Throughput:  1187.5 MB/s  Total: 3961.61 GB
[ 3416.3s] IOs:   1038612333  IOPS:   304015  Throughput:  1187.6 MB/s  Total: 3961.99 GB
[ 3416.6s] IOs:   1038712707  IOPS:   304020  Throughput:  1187.6 MB/s  Total: 3962.37 GB
[ 3416.8s] IOs:   1038813609  IOPS:   304033  Throughput:  1187.6 MB/s  Total: 3962.76 GB
[ 3417.0s] IOs:   1038914460  IOPS:   304046  Throughput:  1187.7 MB/s  Total: 3963.14 GB
[ 3417.2s] IOs:   1039015128  IOPS:   304059  Throughput:  1187.7 MB/s  Total: 3963.53 GB
[ 3417.3s] IOs:   1039115647  IOPS:   304071  Throughput:  1187.8 MB/s  Total: 3963.91 GB
[ 3417.5s] IOs:   1039216157  IOPS:   304083  Throughput:  1187.8 MB/s  Total: 3964.30 GB
[ 3417.7s] IOs:   1039316756  IOPS:   304096  Throughput:  1187.9 MB/s  Total: 3964.68 GB
[ 3417.9s] IOs:   1039417712  IOPS:   304108  Throughput:  1187.9 MB/s  Total: 3965.06 GB
[ 3418.1s] IOs:   1039518273  IOPS:   304122  Throughput:  1188.0 MB/s  Total: 3965.45 GB
[ 3418.3s] IOs:   1039618983  IOPS:   304134  Throughput:  1188.0 MB/s  Total: 3965.83 GB
[ 3418.5s] IOs:   1039719640  IOPS:   304146  Throughput:  1188.1 MB/s  Total: 3966.22 GB
[ 3418.7s] IOs:   1039820181  IOPS:   304161  Throughput:  1188.1 MB/s  Total: 3966.60 GB
[ 3418.8s] IOs:   1039921149  IOPS:   304175  Throughput:  1188.2 MB/s  Total: 3966.98 GB
[ 3419.1s] IOs:   1040021705  IOPS:   304183  Throughput:  1188.2 MB/s  Total: 3967.37 GB
[ 3419.3s] IOs:   1040122210  IOPS:   304194  Throughput:  1188.3 MB/s  Total: 3967.75 GB
[ 3419.4s] IOs:   1040222979  IOPS:   304209  Throughput:  1188.3 MB/s  Total: 3968.14 GB
[ 3419.6s] IOs:   1040323747  IOPS:   304221  Throughput:  1188.4 MB/s  Total: 3968.52 GB
[ 3419.8s] IOs:   1040424392  IOPS:   304234  Throughput:  1188.4 MB/s  Total: 3968.90 GB
[Reader] Parsed 127000000 lines, distributed 1040506494 writes, unique 720.00 GB, skipped 83368847
[ 3420.0s] IOs:   1040524924  IOPS:   304248  Throughput:  1188.5 MB/s  Total: 3969.29 GB
[ 3420.2s] IOs:   1040625390  IOPS:   304262  Throughput:  1188.5 MB/s  Total: 3969.67 GB
[ 3420.3s] IOs:   1040725874  IOPS:   304275  Throughput:  1188.6 MB/s  Total: 3970.05 GB
[ 3420.5s] IOs:   1040826671  IOPS:   304290  Throughput:  1188.6 MB/s  Total: 3970.44 GB
[ 3420.7s] IOs:   1040927505  IOPS:   304304  Throughput:  1188.7 MB/s  Total: 3970.82 GB
[ 3421.0s] IOs:   1041028195  IOPS:   304307  Throughput:  1188.7 MB/s  Total: 3971.21 GB
[ 3421.2s] IOs:   1041129039  IOPS:   304319  Throughput:  1188.7 MB/s  Total: 3971.59 GB
[ 3421.4s] IOs:   1041229835  IOPS:   304330  Throughput:  1188.8 MB/s  Total: 3971.98 GB
[ 3421.6s] IOs:   1041329851  IOPS:   304338  Throughput:  1188.8 MB/s  Total: 3972.36 GB
[ 3421.8s] IOs:   1041430472  IOPS:   304352  Throughput:  1188.9 MB/s  Total: 3972.74 GB
[ 3422.1s] IOs:   1041531302  IOPS:   304354  Throughput:  1188.9 MB/s  Total: 3973.13 GB
[ 3422.3s] IOs:   1041631867  IOPS:   304366  Throughput:  1188.9 MB/s  Total: 3973.51 GB
[ 3422.6s] IOs:   1041732516  IOPS:   304372  Throughput:  1189.0 MB/s  Total: 3973.89 GB
[ 3422.7s] IOs:   1041833153  IOPS:   304386  Throughput:  1189.0 MB/s  Total: 3974.28 GB
[ 3422.9s] IOs:   1041934028  IOPS:   304399  Throughput:  1189.1 MB/s  Total: 3974.66 GB
[ 3423.2s] IOs:   1042034821  IOPS:   304406  Throughput:  1189.1 MB/s  Total: 3975.05 GB
[ 3423.5s] IOs:   1042135498  IOPS:   304409  Throughput:  1189.1 MB/s  Total: 3975.43 GB
[ 3423.7s] IOs:   1042236074  IOPS:   304422  Throughput:  1189.1 MB/s  Total: 3975.82 GB
[ 3423.8s] IOs:   1042336492  IOPS:   304435  Throughput:  1189.2 MB/s  Total: 3976.20 GB
[ 3424.0s] IOs:   1042437402  IOPS:   304448  Throughput:  1189.3 MB/s  Total: 3976.58 GB
[ 3424.2s] IOs:   1042538049  IOPS:   304461  Throughput:  1189.3 MB/s  Total: 3976.97 GB
[ 3424.4s] IOs:   1042638317  IOPS:   304473  Throughput:  1189.3 MB/s  Total: 3977.35 GB
[ 3424.6s] IOs:   1042738799  IOPS:   304486  Throughput:  1189.4 MB/s  Total: 3977.73 GB
[ 3424.8s] IOs:   1042839600  IOPS:   304498  Throughput:  1189.4 MB/s  Total: 3978.12 GB
[ 3425.0s] IOs:   1042940270  IOPS:   304512  Throughput:  1189.5 MB/s  Total: 3978.50 GB
[ 3425.1s] IOs:   1043040901  IOPS:   304526  Throughput:  1189.6 MB/s  Total: 3978.89 GB
[ 3425.3s] IOs:   1043141443  IOPS:   304540  Throughput:  1189.6 MB/s  Total: 3979.27 GB
[ 3425.5s] IOs:   1043241872  IOPS:   304551  Throughput:  1189.7 MB/s  Total: 3979.65 GB
[ 3425.7s] IOs:   1043342429  IOPS:   304563  Throughput:  1189.7 MB/s  Total: 3980.04 GB
[ 3425.9s] IOs:   1043443078  IOPS:   304578  Throughput:  1189.8 MB/s  Total: 3980.42 GB
[ 3426.1s] IOs:   1043543915  IOPS:   304588  Throughput:  1189.8 MB/s  Total: 3980.80 GB
[ 3426.3s] IOs:   1043644700  IOPS:   304602  Throughput:  1189.9 MB/s  Total: 3981.19 GB
[ 3426.4s] IOs:   1043745318  IOPS:   304616  Throughput:  1189.9 MB/s  Total: 3981.57 GB
[ 3426.6s] IOs:   1043845795  IOPS:   304630  Throughput:  1190.0 MB/s  Total: 3981.96 GB
[ 3426.8s] IOs:   1043946173  IOPS:   304644  Throughput:  1190.0 MB/s  Total: 3982.34 GB
[ 3427.0s] IOs:   1044046951  IOPS:   304656  Throughput:  1190.1 MB/s  Total: 3982.72 GB
[ 3427.1s] IOs:   1044147424  IOPS:   304670  Throughput:  1190.1 MB/s  Total: 3983.11 GB
[ 3427.3s] IOs:   1044247977  IOPS:   304683  Throughput:  1190.2 MB/s  Total: 3983.49 GB
[ 3427.5s] IOs:   1044348378  IOPS:   304698  Throughput:  1190.2 MB/s  Total: 3983.87 GB
[ 3427.8s] IOs:   1044448789  IOPS:   304699  Throughput:  1190.2 MB/s  Total: 3984.26 GB
[ 3428.0s] IOs:   1044549466  IOPS:   304714  Throughput:  1190.3 MB/s  Total: 3984.64 GB
[ 3428.1s] IOs:   1044650252  IOPS:   304728  Throughput:  1190.3 MB/s  Total: 3985.02 GB
[ 3428.3s] IOs:   1044751089  IOPS:   304742  Throughput:  1190.4 MB/s  Total: 3985.41 GB
[ 3428.5s] IOs:   1044851730  IOPS:   304750  Throughput:  1190.4 MB/s  Total: 3985.79 GB
[ 3428.7s] IOs:   1044952029  IOPS:   304764  Throughput:  1190.5 MB/s  Total: 3986.18 GB
[ 3428.9s] IOs:   1045052904  IOPS:   304779  Throughput:  1190.5 MB/s  Total: 3986.56 GB
[ 3429.1s] IOs:   1045153783  IOPS:   304787  Throughput:  1190.6 MB/s  Total: 3986.95 GB
[ 3429.3s] IOs:   1045254250  IOPS:   304801  Throughput:  1190.6 MB/s  Total: 3987.33 GB
[ 3429.6s] IOs:   1045354879  IOPS:   304804  Throughput:  1190.6 MB/s  Total: 3987.71 GB
[ 3429.8s] IOs:   1045455278  IOPS:   304817  Throughput:  1190.7 MB/s  Total: 3988.10 GB
[ 3430.0s] IOs:   1045556105  IOPS:   304830  Throughput:  1190.7 MB/s  Total: 3988.48 GB
[ 3430.2s] IOs:   1045656964  IOPS:   304842  Throughput:  1190.8 MB/s  Total: 3988.86 GB
[ 3430.4s] IOs:   1045757657  IOPS:   304853  Throughput:  1190.8 MB/s  Total: 3989.25 GB
[ 3430.6s] IOs:   1045858250  IOPS:   304865  Throughput:  1190.9 MB/s  Total: 3989.63 GB
[ 3430.8s] IOs:   1045958909  IOPS:   304877  Throughput:  1190.9 MB/s  Total: 3990.02 GB
[ 3430.9s] IOs:   1046059709  IOPS:   304892  Throughput:  1191.0 MB/s  Total: 3990.40 GB
[ 3431.1s] IOs:   1046160474  IOPS:   304904  Throughput:  1191.0 MB/s  Total: 3990.79 GB
[ 3431.3s] IOs:   1046261266  IOPS:   304919  Throughput:  1191.1 MB/s  Total: 3991.17 GB
[ 3431.5s] IOs:   1046361799  IOPS:   304929  Throughput:  1191.1 MB/s  Total: 3991.55 GB
[ 3431.7s] IOs:   1046461950  IOPS:   304940  Throughput:  1191.2 MB/s  Total: 3991.94 GB
[ 3431.9s] IOs:   1046562657  IOPS:   304954  Throughput:  1191.2 MB/s  Total: 3992.32 GB
[ 3432.1s] IOs:   1046663460  IOPS:   304965  Throughput:  1191.3 MB/s  Total: 3992.70 GB
[ 3432.2s] IOs:   1046764274  IOPS:   304979  Throughput:  1191.3 MB/s  Total: 3993.09 GB
[ 3432.4s] IOs:   1046864998  IOPS:   304993  Throughput:  1191.4 MB/s  Total: 3993.47 GB
[ 3432.6s] IOs:   1046965572  IOPS:   305006  Throughput:  1191.4 MB/s  Total: 3993.86 GB
[ 3432.9s] IOs:   1047066490  IOPS:   305009  Throughput:  1191.4 MB/s  Total: 3994.24 GB
[ 3433.1s] IOs:   1047167400  IOPS:   305022  Throughput:  1191.5 MB/s  Total: 3994.63 GB
[ 3433.3s] IOs:   1047268159  IOPS:   305035  Throughput:  1191.5 MB/s  Total: 3995.01 GB
[ 3433.5s] IOs:   1047368638  IOPS:   305047  Throughput:  1191.6 MB/s  Total: 3995.39 GB
[ 3433.7s] IOs:   1047469029  IOPS:   305060  Throughput:  1191.6 MB/s  Total: 3995.78 GB
[ 3433.8s] IOs:   1047569761  IOPS:   305072  Throughput:  1191.7 MB/s  Total: 3996.16 GB
[ 3434.0s] IOs:   1047670321  IOPS:   305087  Throughput:  1191.7 MB/s  Total: 3996.55 GB
[ 3434.2s] IOs:   1047771154  IOPS:   305100  Throughput:  1191.8 MB/s  Total: 3996.93 GB
[ 3434.4s] IOs:   1047872065  IOPS:   305114  Throughput:  1191.9 MB/s  Total: 3997.31 GB
[ 3434.6s] IOs:   1047972512  IOPS:   305124  Throughput:  1191.9 MB/s  Total: 3997.70 GB
[ 3434.7s] IOs:   1048072966  IOPS:   305138  Throughput:  1191.9 MB/s  Total: 3998.08 GB
[ 3434.9s] IOs:   1048173389  IOPS:   305152  Throughput:  1192.0 MB/s  Total: 3998.46 GB
[ 3435.1s] IOs:   1048274140  IOPS:   305164  Throughput:  1192.0 MB/s  Total: 3998.85 GB
[ 3435.3s] IOs:   1048374647  IOPS:   305178  Throughput:  1192.1 MB/s  Total: 3999.23 GB
[ 3435.6s] IOs:   1048475181  IOPS:   305180  Throughput:  1192.1 MB/s  Total: 3999.62 GB
[ 3435.8s] IOs:   1048575611  IOPS:   305192  Throughput:  1192.2 MB/s  Total: 4000.00 GB
[ 3436.0s] IOs:   1048676621  IOPS:   305204  Throughput:  1192.2 MB/s  Total: 4000.38 GB
[ 3436.2s] IOs:   1048777578  IOPS:   305216  Throughput:  1192.3 MB/s  Total: 4000.77 GB
[ 3436.4s] IOs:   1048878386  IOPS:   305229  Throughput:  1192.3 MB/s  Total: 4001.15 GB
[ 3436.6s] IOs:   1048978728  IOPS:   305241  Throughput:  1192.3 MB/s  Total: 4001.54 GB
[ 3436.7s] IOs:   1049079210  IOPS:   305254  Throughput:  1192.4 MB/s  Total: 4001.92 GB
[ 3436.9s] IOs:   1049179694  IOPS:   305266  Throughput:  1192.4 MB/s  Total: 4002.30 GB
[ 3437.1s] IOs:   1049280410  IOPS:   305280  Throughput:  1192.5 MB/s  Total: 4002.69 GB
[ 3437.3s] IOs:   1049381167  IOPS:   305294  Throughput:  1192.6 MB/s  Total: 4003.07 GB
[ 3437.5s] IOs:   1049481740  IOPS:   305306  Throughput:  1192.6 MB/s  Total: 4003.46 GB
[ 3437.7s] IOs:   1049582012  IOPS:   305316  Throughput:  1192.6 MB/s  Total: 4003.84 GB
[ 3437.9s] IOs:   1049682696  IOPS:   305330  Throughput:  1192.7 MB/s  Total: 4004.22 GB
[ 3438.1s] IOs:   1049783684  IOPS:   305341  Throughput:  1192.7 MB/s  Total: 4004.61 GB
[ 3438.3s] IOs:   1049884135  IOPS:   305354  Throughput:  1192.8 MB/s  Total: 4004.99 GB
[ 3438.5s] IOs:   1049984596  IOPS:   305358  Throughput:  1192.8 MB/s  Total: 4005.37 GB
[ 3438.7s] IOs:   1050085193  IOPS:   305370  Throughput:  1192.9 MB/s  Total: 4005.76 GB
[ 3438.9s] IOs:   1050186021  IOPS:   305383  Throughput:  1192.9 MB/s  Total: 4006.14 GB
[ 3439.1s] IOs:   1050286857  IOPS:   305395  Throughput:  1193.0 MB/s  Total: 4006.53 GB
[ 3439.3s] IOs:   1050387548  IOPS:   305408  Throughput:  1193.0 MB/s  Total: 4006.91 GB
[ 3439.5s] IOs:   1050488178  IOPS:   305420  Throughput:  1193.0 MB/s  Total: 4007.29 GB
[ 3439.7s] IOs:   1050588710  IOPS:   305433  Throughput:  1193.1 MB/s  Total: 4007.68 GB
[ 3439.9s] IOs:   1050689121  IOPS:   305444  Throughput:  1193.1 MB/s  Total: 4008.06 GB
[ 3440.0s] IOs:   1050789987  IOPS:   305458  Throughput:  1193.2 MB/s  Total: 4008.45 GB
[ 3440.2s] IOs:   1050890511  IOPS:   305472  Throughput:  1193.2 MB/s  Total: 4008.83 GB
[ 3440.4s] IOs:   1050991219  IOPS:   305486  Throughput:  1193.3 MB/s  Total: 4009.21 GB
[ 3440.7s] IOs:   1051091734  IOPS:   305490  Throughput:  1193.3 MB/s  Total: 4009.60 GB
[ 3440.9s] IOs:   1051192211  IOPS:   305503  Throughput:  1193.4 MB/s  Total: 4009.98 GB
[ 3441.0s] IOs:   1051292968  IOPS:   305518  Throughput:  1193.4 MB/s  Total: 4010.36 GB
[ 3441.2s] IOs:   1051393456  IOPS:   305531  Throughput:  1193.5 MB/s  Total: 4010.75 GB
[ 3441.4s] IOs:   1051494213  IOPS:   305545  Throughput:  1193.5 MB/s  Total: 4011.13 GB
[ 3441.7s] IOs:   1051594558  IOPS:   305547  Throughput:  1193.5 MB/s  Total: 4011.51 GB
[Reader] Parsed 128000000 lines, distributed 1051621148 writes, unique 720.00 GB, skipped 85962122
[ 3441.9s] IOs:   1051695205  IOPS:   305558  Throughput:  1193.6 MB/s  Total: 4011.90 GB
[ 3442.1s] IOs:   1051796154  IOPS:   305570  Throughput:  1193.6 MB/s  Total: 4012.28 GB
[ 3442.3s] IOs:   1051896998  IOPS:   305583  Throughput:  1193.7 MB/s  Total: 4012.67 GB
[ 3442.5s] IOs:   1051997881  IOPS:   305596  Throughput:  1193.7 MB/s  Total: 4013.05 GB
[ 3442.6s] IOs:   1052098462  IOPS:   305608  Throughput:  1193.8 MB/s  Total: 4013.44 GB
[ 3442.8s] IOs:   1052199249  IOPS:   305621  Throughput:  1193.8 MB/s  Total: 4013.82 GB
[ 3443.0s] IOs:   1052299973  IOPS:   305633  Throughput:  1193.9 MB/s  Total: 4014.21 GB
[ 3443.2s] IOs:   1052400763  IOPS:   305647  Throughput:  1193.9 MB/s  Total: 4014.59 GB
[ 3443.4s] IOs:   1052501450  IOPS:   305659  Throughput:  1194.0 MB/s  Total: 4014.97 GB
[ 3443.7s] IOs:   1052601953  IOPS:   305663  Throughput:  1194.0 MB/s  Total: 4015.36 GB
[ 3443.9s] IOs:   1052702341  IOPS:   305675  Throughput:  1194.0 MB/s  Total: 4015.74 GB
[ 3444.0s] IOs:   1052802905  IOPS:   305688  Throughput:  1194.1 MB/s  Total: 4016.12 GB
[ 3444.2s] IOs:   1052903544  IOPS:   305703  Throughput:  1194.2 MB/s  Total: 4016.51 GB
[ 3444.4s] IOs:   1053004380  IOPS:   305716  Throughput:  1194.2 MB/s  Total: 4016.89 GB
[ 3444.6s] IOs:   1053105136  IOPS:   305723  Throughput:  1194.2 MB/s  Total: 4017.28 GB
[ 3444.8s] IOs:   1053205832  IOPS:   305736  Throughput:  1194.3 MB/s  Total: 4017.66 GB
[ 3445.0s] IOs:   1053306239  IOPS:   305750  Throughput:  1194.3 MB/s  Total: 4018.04 GB
[ 3445.3s] IOs:   1053407016  IOPS:   305753  Throughput:  1194.3 MB/s  Total: 4018.43 GB
[ 3445.5s] IOs:   1053507653  IOPS:   305765  Throughput:  1194.4 MB/s  Total: 4018.81 GB
[ 3445.7s] IOs:   1053608326  IOPS:   305777  Throughput:  1194.4 MB/s  Total: 4019.20 GB
[ 3445.9s] IOs:   1053709298  IOPS:   305790  Throughput:  1194.5 MB/s  Total: 4019.58 GB
[ 3446.0s] IOs:   1053810025  IOPS:   305802  Throughput:  1194.5 MB/s  Total: 4019.97 GB
[ 3446.2s] IOs:   1053910567  IOPS:   305815  Throughput:  1194.6 MB/s  Total: 4020.35 GB
[ 3446.4s] IOs:   1054011265  IOPS:   305828  Throughput:  1194.6 MB/s  Total: 4020.73 GB
[ 3446.7s] IOs:   1054112139  IOPS:   305836  Throughput:  1194.7 MB/s  Total: 4021.12 GB
[ 3446.9s] IOs:   1054212843  IOPS:   305847  Throughput:  1194.7 MB/s  Total: 4021.50 GB
[ 3447.0s] IOs:   1054313524  IOPS:   305860  Throughput:  1194.8 MB/s  Total: 4021.89 GB
[ 3447.2s] IOs:   1054414123  IOPS:   305872  Throughput:  1194.8 MB/s  Total: 4022.27 GB
[ 3447.4s] IOs:   1054514826  IOPS:   305886  Throughput:  1194.9 MB/s  Total: 4022.65 GB
[ 3447.6s] IOs:   1054615435  IOPS:   305897  Throughput:  1194.9 MB/s  Total: 4023.04 GB
[ 3447.8s] IOs:   1054715822  IOPS:   305910  Throughput:  1195.0 MB/s  Total: 4023.42 GB
[ 3448.0s] IOs:   1054816387  IOPS:   305924  Throughput:  1195.0 MB/s  Total: 4023.81 GB
[ 3448.1s] IOs:   1054917055  IOPS:   305937  Throughput:  1195.1 MB/s  Total: 4024.19 GB
[ 3448.3s] IOs:   1055017654  IOPS:   305952  Throughput:  1195.1 MB/s  Total: 4024.57 GB
[ 3448.6s] IOs:   1055117654  IOPS:   305953  Throughput:  1195.1 MB/s  Total: 4024.95 GB
[ 3448.8s] IOs:   1055218289  IOPS:   305966  Throughput:  1195.2 MB/s  Total: 4025.34 GB
[ 3449.0s] IOs:   1055319042  IOPS:   305979  Throughput:  1195.2 MB/s  Total: 4025.72 GB
[ 3449.2s] IOs:   1055419889  IOPS:   305991  Throughput:  1195.3 MB/s  Total: 4026.11 GB
[ 3449.4s] IOs:   1055520605  IOPS:   306003  Throughput:  1195.3 MB/s  Total: 4026.49 GB
[ 3449.6s] IOs:   1055621100  IOPS:   306017  Throughput:  1195.4 MB/s  Total: 4026.87 GB
[ 3449.7s] IOs:   1055721876  IOPS:   306030  Throughput:  1195.4 MB/s  Total: 4027.26 GB
[ 3449.9s] IOs:   1055822281  IOPS:   306041  Throughput:  1195.5 MB/s  Total: 4027.64 GB
[ 3450.1s] IOs:   1055922900  IOPS:   306053  Throughput:  1195.5 MB/s  Total: 4028.03 GB
[ 3450.3s] IOs:   1056023445  IOPS:   306064  Throughput:  1195.6 MB/s  Total: 4028.41 GB
[ 3450.5s] IOs:   1056123972  IOPS:   306078  Throughput:  1195.6 MB/s  Total: 4028.79 GB
[ 3450.7s] IOs:   1056224498  IOPS:   306092  Throughput:  1195.7 MB/s  Total: 4029.18 GB
[ 3450.9s] IOs:   1056325015  IOPS:   306106  Throughput:  1195.7 MB/s  Total: 4029.56 GB
[ 3451.2s] IOs:   1056425550  IOPS:   306108  Throughput:  1195.7 MB/s  Total: 4029.94 GB
[ 3451.3s] IOs:   1056526339  IOPS:   306121  Throughput:  1195.8 MB/s  Total: 4030.33 GB
[ 3451.5s] IOs:   1056626539  IOPS:   306133  Throughput:  1195.8 MB/s  Total: 4030.71 GB
[ 3451.7s] IOs:   1056727497  IOPS:   306147  Throughput:  1195.9 MB/s  Total: 4031.10 GB
[ 3451.9s] IOs:   1056828419  IOPS:   306159  Throughput:  1195.9 MB/s  Total: 4031.48 GB
[ 3452.1s] IOs:   1056929137  IOPS:   306172  Throughput:  1196.0 MB/s  Total: 4031.86 GB
[ 3452.3s] IOs:   1057029868  IOPS:   306184  Throughput:  1196.0 MB/s  Total: 4032.25 GB
[ 3452.4s] IOs:   1057130484  IOPS:   306198  Throughput:  1196.1 MB/s  Total: 4032.63 GB
[ 3452.6s] IOs:   1057230969  IOPS:   306213  Throughput:  1196.1 MB/s  Total: 4033.02 GB
[ 3452.8s] IOs:   1057331654  IOPS:   306227  Throughput:  1196.2 MB/s  Total: 4033.40 GB
[ 3453.0s] IOs:   1057432035  IOPS:   306238  Throughput:  1196.2 MB/s  Total: 4033.78 GB
[ 3453.3s] IOs:   1057532965  IOPS:   306242  Throughput:  1196.3 MB/s  Total: 4034.17 GB
[ 3453.4s] IOs:   1057633743  IOPS:   306254  Throughput:  1196.3 MB/s  Total: 4034.55 GB
[ 3453.6s] IOs:   1057733791  IOPS:   306267  Throughput:  1196.4 MB/s  Total: 4034.93 GB
[ 3453.8s] IOs:   1057834581  IOPS:   306280  Throughput:  1196.4 MB/s  Total: 4035.32 GB
[ 3454.0s] IOs:   1057935148  IOPS:   306291  Throughput:  1196.4 MB/s  Total: 4035.70 GB
[ 3454.2s] IOs:   1058035849  IOPS:   306303  Throughput:  1196.5 MB/s  Total: 4036.09 GB
[ 3454.4s] IOs:   1058136665  IOPS:   306315  Throughput:  1196.5 MB/s  Total: 4036.47 GB
[ 3454.6s] IOs:   1058237523  IOPS:   306328  Throughput:  1196.6 MB/s  Total: 4036.86 GB
[ 3454.8s] IOs:   1058338249  IOPS:   306341  Throughput:  1196.6 MB/s  Total: 4037.24 GB
[ 3455.0s] IOs:   1058438666  IOPS:   306353  Throughput:  1196.7 MB/s  Total: 4037.62 GB
[ 3455.2s] IOs:   1058539389  IOPS:   306364  Throughput:  1196.7 MB/s  Total: 4038.01 GB
[ 3455.3s] IOs:   1058639911  IOPS:   306378  Throughput:  1196.8 MB/s  Total: 4038.39 GB
[ 3455.5s] IOs:   1058740741  IOPS:   306392  Throughput:  1196.8 MB/s  Total: 4038.78 GB
[ 3455.8s] IOs:   1058841611  IOPS:   306398  Throughput:  1196.9 MB/s  Total: 4039.16 GB
[ 3456.0s] IOs:   1058941634  IOPS:   306408  Throughput:  1196.9 MB/s  Total: 4039.54 GB
[ 3456.2s] IOs:   1059042215  IOPS:   306420  Throughput:  1197.0 MB/s  Total: 4039.93 GB
[ 3456.4s] IOs:   1059142961  IOPS:   306432  Throughput:  1197.0 MB/s  Total: 4040.31 GB
[ 3456.6s] IOs:   1059243775  IOPS:   306445  Throughput:  1197.1 MB/s  Total: 4040.69 GB
[ 3456.7s] IOs:   1059344746  IOPS:   306458  Throughput:  1197.1 MB/s  Total: 4041.08 GB
[ 3456.9s] IOs:   1059445077  IOPS:   306472  Throughput:  1197.2 MB/s  Total: 4041.46 GB
[ 3457.1s] IOs:   1059545593  IOPS:   306485  Throughput:  1197.2 MB/s  Total: 4041.85 GB
[ 3457.3s] IOs:   1059646288  IOPS:   306499  Throughput:  1197.3 MB/s  Total: 4042.23 GB
[ 3457.6s] IOs:   1059747225  IOPS:   306501  Throughput:  1197.3 MB/s  Total: 4042.61 GB
[ 3457.7s] IOs:   1059848058  IOPS:   306514  Throughput:  1197.3 MB/s  Total: 4043.00 GB
[ 3457.9s] IOs:   1059948866  IOPS:   306526  Throughput:  1197.4 MB/s  Total: 4043.38 GB
[ 3458.1s] IOs:   1060049648  IOPS:   306538  Throughput:  1197.4 MB/s  Total: 4043.77 GB
[ 3458.3s] IOs:   1060150278  IOPS:   306550  Throughput:  1197.5 MB/s  Total: 4044.15 GB
[ 3458.5s] IOs:   1060250970  IOPS:   306564  Throughput:  1197.5 MB/s  Total: 4044.54 GB
[ 3458.7s] IOs:   1060351590  IOPS:   306577  Throughput:  1197.6 MB/s  Total: 4044.92 GB
[ 3458.8s] IOs:   1060452161  IOPS:   306591  Throughput:  1197.6 MB/s  Total: 4045.30 GB
[ 3459.1s] IOs:   1060552661  IOPS:   306602  Throughput:  1197.7 MB/s  Total: 4045.69 GB
[ 3459.2s] IOs:   1060653010  IOPS:   306614  Throughput:  1197.7 MB/s  Total: 4046.07 GB
[ 3459.4s] IOs:   1060753491  IOPS:   306628  Throughput:  1197.8 MB/s  Total: 4046.45 GB
[ 3459.6s] IOs:   1060853519  IOPS:   306643  Throughput:  1197.8 MB/s  Total: 4046.84 GB
[ 3459.8s] IOs:   1060954174  IOPS:   306653  Throughput:  1197.9 MB/s  Total: 4047.22 GB
[ 3460.0s] IOs:   1061054648  IOPS:   306667  Throughput:  1197.9 MB/s  Total: 4047.60 GB
[ 3460.3s] IOs:   1061155504  IOPS:   306670  Throughput:  1197.9 MB/s  Total: 4047.99 GB
[ 3460.4s] IOs:   1061256263  IOPS:   306682  Throughput:  1198.0 MB/s  Total: 4048.37 GB
[ 3460.6s] IOs:   1061357052  IOPS:   306695  Throughput:  1198.0 MB/s  Total: 4048.76 GB
[ 3460.8s] IOs:   1061457869  IOPS:   306708  Throughput:  1198.1 MB/s  Total: 4049.14 GB
[ 3461.0s] IOs:   1061558201  IOPS:   306720  Throughput:  1198.1 MB/s  Total: 4049.52 GB
[ 3461.2s] IOs:   1061658906  IOPS:   306733  Throughput:  1198.2 MB/s  Total: 4049.91 GB
[ 3461.4s] IOs:   1061759469  IOPS:   306744  Throughput:  1198.2 MB/s  Total: 4050.29 GB
[ 3461.6s] IOs:   1061860171  IOPS:   306758  Throughput:  1198.3 MB/s  Total: 4050.68 GB
[ 3461.7s] IOs:   1061960777  IOPS:   306772  Throughput:  1198.3 MB/s  Total: 4051.06 GB
[ 3461.9s] IOs:   1062061130  IOPS:   306785  Throughput:  1198.4 MB/s  Total: 4051.44 GB
[ 3462.1s] IOs:   1062161615  IOPS:   306796  Throughput:  1198.4 MB/s  Total: 4051.83 GB
[ 3462.3s] IOs:   1062261874  IOPS:   306806  Throughput:  1198.5 MB/s  Total: 4052.21 GB
[ 3462.5s] IOs:   1062362405  IOPS:   306819  Throughput:  1198.5 MB/s  Total: 4052.59 GB
[ 3462.7s] IOs:   1062462893  IOPS:   306832  Throughput:  1198.6 MB/s  Total: 4052.97 GB
[ 3462.8s] IOs:   1062563730  IOPS:   306847  Throughput:  1198.6 MB/s  Total: 4053.36 GB
[ 3463.0s] IOs:   1062664341  IOPS:   306860  Throughput:  1198.7 MB/s  Total: 4053.74 GB
[ 3463.2s] IOs:   1062764983  IOPS:   306873  Throughput:  1198.7 MB/s  Total: 4054.13 GB
[Reader] Parsed 129000000 lines, distributed 1062798195 writes, unique 720.00 GB, skipped 88616797
[ 3463.4s] IOs:   1062865895  IOPS:   306887  Throughput:  1198.8 MB/s  Total: 4054.51 GB
[ 3463.6s] IOs:   1062966751  IOPS:   306901  Throughput:  1198.8 MB/s  Total: 4054.90 GB
[ 3463.7s] IOs:   1063067424  IOPS:   306914  Throughput:  1198.9 MB/s  Total: 4055.28 GB
[ 3463.9s] IOs:   1063168112  IOPS:   306928  Throughput:  1198.9 MB/s  Total: 4055.66 GB
[ 3464.1s] IOs:   1063268731  IOPS:   306942  Throughput:  1199.0 MB/s  Total: 4056.05 GB
[ 3464.2s] IOs:   1063369323  IOPS:   306955  Throughput:  1199.0 MB/s  Total: 4056.43 GB
[ 3464.4s] IOs:   1063469894  IOPS:   306968  Throughput:  1199.1 MB/s  Total: 4056.82 GB
[ 3464.6s] IOs:   1063570731  IOPS:   306982  Throughput:  1199.1 MB/s  Total: 4057.20 GB
[ 3464.8s] IOs:   1063670743  IOPS:   306989  Throughput:  1199.2 MB/s  Total: 4057.58 GB
[ 3465.0s] IOs:   1063771522  IOPS:   307003  Throughput:  1199.2 MB/s  Total: 4057.97 GB
[ 3465.5s] IOs:   1063872462  IOPS:   306990  Throughput:  1199.2 MB/s  Total: 4058.35 GB
[ 3465.7s] IOs:   1063972683  IOPS:   307003  Throughput:  1199.2 MB/s  Total: 4058.73 GB
[ 3465.9s] IOs:   1064073033  IOPS:   307015  Throughput:  1199.3 MB/s  Total: 4059.12 GB
[ 3466.4s] IOs:   1064173739  IOPS:   306996  Throughput:  1199.2 MB/s  Total: 4059.50 GB
[ 3466.9s] IOs:   1064274546  IOPS:   306985  Throughput:  1199.2 MB/s  Total: 4059.89 GB
[ 3467.3s] IOs:   1064375311  IOPS:   306979  Throughput:  1199.1 MB/s  Total: 4060.27 GB
[ 3467.4s] IOs:   1064476109  IOPS:   306992  Throughput:  1199.2 MB/s  Total: 4060.65 GB
[ 3468.0s] IOs:   1064576708  IOPS:   306972  Throughput:  1199.1 MB/s  Total: 4061.04 GB
[ 3468.3s] IOs:   1064676794  IOPS:   306978  Throughput:  1199.1 MB/s  Total: 4061.42 GB
[ 3468.4s] IOs:   1064776823  IOPS:   306991  Throughput:  1199.2 MB/s  Total: 4061.80 GB
[ 3468.9s] IOs:   1064877307  IOPS:   306977  Throughput:  1199.1 MB/s  Total: 4062.18 GB
[ 3469.2s] IOs:   1064977528  IOPS:   306979  Throughput:  1199.1 MB/s  Total: 4062.57 GB
[ 3469.4s] IOs:   1065077957  IOPS:   306992  Throughput:  1199.2 MB/s  Total: 4062.95 GB
[ 3469.9s] IOs:   1065178544  IOPS:   306980  Throughput:  1199.1 MB/s  Total: 4063.33 GB
[ 3470.2s] IOs:   1065279007  IOPS:   306977  Throughput:  1199.1 MB/s  Total: 4063.72 GB
[ 3470.4s] IOs:   1065379602  IOPS:   306991  Throughput:  1199.2 MB/s  Total: 4064.10 GB
[ 3470.9s] IOs:   1065480184  IOPS:   306978  Throughput:  1199.1 MB/s  Total: 4064.48 GB
[ 3471.1s] IOs:   1065580592  IOPS:   306988  Throughput:  1199.2 MB/s  Total: 4064.87 GB
[ 3471.3s] IOs:   1065680654  IOPS:   306998  Throughput:  1199.2 MB/s  Total: 4065.25 GB
[ 3471.5s] IOs:   1065781305  IOPS:   307012  Throughput:  1199.3 MB/s  Total: 4065.63 GB
[ 3471.9s] IOs:   1065881556  IOPS:   307004  Throughput:  1199.2 MB/s  Total: 4066.02 GB
[ 3472.1s] IOs:   1065981725  IOPS:   307018  Throughput:  1199.3 MB/s  Total: 4066.40 GB
[ 3472.3s] IOs:   1066082244  IOPS:   307023  Throughput:  1199.3 MB/s  Total: 4066.78 GB
[ 3472.5s] IOs:   1066182418  IOPS:   307036  Throughput:  1199.4 MB/s  Total: 4067.16 GB
[ 3472.8s] IOs:   1066283077  IOPS:   307036  Throughput:  1199.4 MB/s  Total: 4067.55 GB
[ 3473.0s] IOs:   1066383932  IOPS:   307049  Throughput:  1199.4 MB/s  Total: 4067.93 GB
[ 3473.3s] IOs:   1066484210  IOPS:   307049  Throughput:  1199.4 MB/s  Total: 4068.31 GB
[ 3473.5s] IOs:   1066584397  IOPS:   307063  Throughput:  1199.5 MB/s  Total: 4068.70 GB
[ 3473.8s] IOs:   1066684878  IOPS:   307066  Throughput:  1199.5 MB/s  Total: 4069.08 GB
[ 3474.0s] IOs:   1066785360  IOPS:   307079  Throughput:  1199.5 MB/s  Total: 4069.46 GB
[ 3474.3s] IOs:   1066886029  IOPS:   307082  Throughput:  1199.5 MB/s  Total: 4069.85 GB
[ 3474.4s] IOs:   1066986150  IOPS:   307095  Throughput:  1199.6 MB/s  Total: 4070.23 GB
[ 3474.7s] IOs:   1067086733  IOPS:   307100  Throughput:  1199.6 MB/s  Total: 4070.61 GB
[ 3474.9s] IOs:   1067187319  IOPS:   307114  Throughput:  1199.7 MB/s  Total: 4071.00 GB
[ 3475.1s] IOs:   1067287490  IOPS:   307127  Throughput:  1199.7 MB/s  Total: 4071.38 GB
[ 3475.4s] IOs:   1067388150  IOPS:   307130  Throughput:  1199.7 MB/s  Total: 4071.76 GB
[ 3475.5s] IOs:   1067488686  IOPS:   307142  Throughput:  1199.8 MB/s  Total: 4072.15 GB
[ 3475.7s] IOs:   1067589649  IOPS:   307154  Throughput:  1199.8 MB/s  Total: 4072.53 GB
[ 3475.9s] IOs:   1067690267  IOPS:   307165  Throughput:  1199.9 MB/s  Total: 4072.92 GB
[ 3476.1s] IOs:   1067790670  IOPS:   307179  Throughput:  1199.9 MB/s  Total: 4073.30 GB
[ 3476.3s] IOs:   1067890861  IOPS:   307190  Throughput:  1200.0 MB/s  Total: 4073.68 GB
[ 3476.5s] IOs:   1067991386  IOPS:   307202  Throughput:  1200.0 MB/s  Total: 4074.06 GB
[ 3476.8s] IOs:   1068092028  IOPS:   307205  Throughput:  1200.0 MB/s  Total: 4074.45 GB
[ 3477.0s] IOs:   1068192442  IOPS:   307218  Throughput:  1200.1 MB/s  Total: 4074.83 GB
[ 3477.2s] IOs:   1068293257  IOPS:   307231  Throughput:  1200.1 MB/s  Total: 4075.22 GB
[ 3477.4s] IOs:   1068394106  IOPS:   307242  Throughput:  1200.2 MB/s  Total: 4075.60 GB
[ 3477.6s] IOs:   1068494159  IOPS:   307254  Throughput:  1200.2 MB/s  Total: 4075.98 GB
[ 3477.7s] IOs:   1068594924  IOPS:   307268  Throughput:  1200.3 MB/s  Total: 4076.37 GB
[ 3477.9s] IOs:   1068695704  IOPS:   307282  Throughput:  1200.3 MB/s  Total: 4076.75 GB
[ 3478.1s] IOs:   1068796374  IOPS:   307292  Throughput:  1200.4 MB/s  Total: 4077.13 GB
[ 3478.3s] IOs:   1068896552  IOPS:   307306  Throughput:  1200.4 MB/s  Total: 4077.52 GB
[ 3478.5s] IOs:   1068997425  IOPS:   307319  Throughput:  1200.5 MB/s  Total: 4077.90 GB
[ 3478.6s] IOs:   1069097648  IOPS:   307332  Throughput:  1200.5 MB/s  Total: 4078.28 GB
[ 3478.8s] IOs:   1069197941  IOPS:   307344  Throughput:  1200.6 MB/s  Total: 4078.67 GB
[ 3479.0s] IOs:   1069298708  IOPS:   307358  Throughput:  1200.6 MB/s  Total: 4079.05 GB
[ 3479.2s] IOs:   1069399579  IOPS:   307371  Throughput:  1200.7 MB/s  Total: 4079.44 GB
[ 3479.4s] IOs:   1069499714  IOPS:   307384  Throughput:  1200.7 MB/s  Total: 4079.82 GB
[ 3479.5s] IOs:   1069600053  IOPS:   307398  Throughput:  1200.8 MB/s  Total: 4080.20 GB
[ 3479.7s] IOs:   1069700678  IOPS:   307411  Throughput:  1200.8 MB/s  Total: 4080.58 GB
[ 3479.9s] IOs:   1069801044  IOPS:   307425  Throughput:  1200.9 MB/s  Total: 4080.97 GB
[ 3480.2s] IOs:   1069901183  IOPS:   307424  Throughput:  1200.9 MB/s  Total: 4081.35 GB
[ 3480.5s] IOs:   1070001627  IOPS:   307432  Throughput:  1200.9 MB/s  Total: 4081.73 GB
[ 3480.6s] IOs:   1070102285  IOPS:   307445  Throughput:  1201.0 MB/s  Total: 4082.12 GB
[ 3480.9s] IOs:   1070202801  IOPS:   307448  Throughput:  1201.0 MB/s  Total: 4082.50 GB
[ 3481.1s] IOs:   1070303639  IOPS:   307459  Throughput:  1201.0 MB/s  Total: 4082.88 GB
[ 3481.5s] IOs:   1070404233  IOPS:   307459  Throughput:  1201.0 MB/s  Total: 4083.27 GB
[ 3481.6s] IOs:   1070504899  IOPS:   307472  Throughput:  1201.1 MB/s  Total: 4083.65 GB
[ 3481.9s] IOs:   1070605703  IOPS:   307477  Throughput:  1201.1 MB/s  Total: 4084.04 GB
[ 3482.1s] IOs:   1070706055  IOPS:   307489  Throughput:  1201.1 MB/s  Total: 4084.42 GB
[ 3482.4s] IOs:   1070806859  IOPS:   307491  Throughput:  1201.1 MB/s  Total: 4084.80 GB
[ 3482.6s] IOs:   1070907051  IOPS:   307505  Throughput:  1201.2 MB/s  Total: 4085.19 GB
[ 3482.8s] IOs:   1071007868  IOPS:   307510  Throughput:  1201.2 MB/s  Total: 4085.57 GB
[ 3483.0s] IOs:   1071108531  IOPS:   307522  Throughput:  1201.3 MB/s  Total: 4085.95 GB
[ 3483.2s] IOs:   1071208885  IOPS:   307535  Throughput:  1201.3 MB/s  Total: 4086.34 GB
[ 3483.4s] IOs:   1071309268  IOPS:   307547  Throughput:  1201.4 MB/s  Total: 4086.72 GB
[ 3483.6s] IOs:   1071410096  IOPS:   307561  Throughput:  1201.4 MB/s  Total: 4087.11 GB
[ 3483.8s] IOs:   1071510869  IOPS:   307566  Throughput:  1201.4 MB/s  Total: 4087.49 GB
[ 3484.0s] IOs:   1071611777  IOPS:   307578  Throughput:  1201.5 MB/s  Total: 4087.87 GB
[ 3484.3s] IOs:   1071711896  IOPS:   307587  Throughput:  1201.5 MB/s  Total: 4088.26 GB
[ 3484.4s] IOs:   1071812408  IOPS:   307600  Throughput:  1201.6 MB/s  Total: 4088.64 GB
[ 3484.6s] IOs:   1071913144  IOPS:   307613  Throughput:  1201.6 MB/s  Total: 4089.02 GB
[ 3484.8s] IOs:   1072013160  IOPS:   307622  Throughput:  1201.7 MB/s  Total: 4089.41 GB
[ 3485.0s] IOs:   1072113669  IOPS:   307635  Throughput:  1201.7 MB/s  Total: 4089.79 GB
[ 3485.4s] IOs:   1072214139  IOPS:   307634  Throughput:  1201.7 MB/s  Total: 4090.17 GB
[ 3485.5s] IOs:   1072314498  IOPS:   307647  Throughput:  1201.7 MB/s  Total: 4090.56 GB
[ 3485.8s] IOs:   1072415003  IOPS:   307650  Throughput:  1201.8 MB/s  Total: 4090.94 GB
[ 3486.0s] IOs:   1072515085  IOPS:   307661  Throughput:  1201.8 MB/s  Total: 4091.32 GB
[ 3486.2s] IOs:   1072615133  IOPS:   307675  Throughput:  1201.9 MB/s  Total: 4091.70 GB
[ 3486.5s] IOs:   1072715837  IOPS:   307676  Throughput:  1201.9 MB/s  Total: 4092.09 GB
[ 3486.7s] IOs:   1072816428  IOPS:   307689  Throughput:  1201.9 MB/s  Total: 4092.47 GB
[ 3486.9s] IOs:   1072916721  IOPS:   307698  Throughput:  1201.9 MB/s  Total: 4092.85 GB
[ 3487.1s] IOs:   1073017151  IOPS:   307712  Throughput:  1202.0 MB/s  Total: 4093.24 GB
[ 3487.3s] IOs:   1073117698  IOPS:   307718  Throughput:  1202.0 MB/s  Total: 4093.62 GB
[ 3487.5s] IOs:   1073217734  IOPS:   307730  Throughput:  1202.1 MB/s  Total: 4094.00 GB
[ 3487.7s] IOs:   1073318361  IOPS:   307740  Throughput:  1202.1 MB/s  Total: 4094.38 GB
[ 3488.0s] IOs:   1073418977  IOPS:   307750  Throughput:  1202.1 MB/s  Total: 4094.77 GB
[ 3488.1s] IOs:   1073519974  IOPS:   307763  Throughput:  1202.2 MB/s  Total: 4095.15 GB
[ 3488.5s] IOs:   1073620226  IOPS:   307760  Throughput:  1202.2 MB/s  Total: 4095.54 GB
[Reader] Parsed 130000000 lines, distributed 1073690430 writes, unique 720.00 GB, skipped 91204848
[ 3488.7s] IOs:   1073720393  IOPS:   307773  Throughput:  1202.2 MB/s  Total: 4095.92 GB

============================================================
  Final Results (Saturated Replay)
============================================================
  Total IOs:       1073742690
  Total Data:      4096.00 GB (4.0000 TB)
  Elapsed Time:    3488.72 seconds
  Average IOPS:    307776
  Average BW:      1202.2 MB/s
============================================================

[Limit] 4.0 TB reached, exiting...
