nohup: ignoring input
Auto-detect: NVMe-oF device found
============================================================
  High-Performance Trace Replay (C++ / libaio)
============================================================
  Device:      /dev/nvme0n1
  Device size: 720.00 GB (188743680 LBAs)
  Trace:       ../../alibaba_trace/alibaba_dwpd1.trace
  Threads:     4
  QD/thread:   64
  Max write:   4.0 TB
============================================================

Replay started...

[    0.2s] IOs:       100288  IOPS:   416463  Throughput:  1626.8 MB/s  Total:    0.38 GB
[    0.5s] IOs:       200356  IOPS:   420456  Throughput:  1642.4 MB/s  Total:    0.76 GB
[    0.7s] IOs:       300427  IOPS:   407640  Throughput:  1592.3 MB/s  Total:    1.15 GB
[    1.0s] IOs:       401280  IOPS:   414675  Throughput:  1619.8 MB/s  Total:    1.53 GB
[    1.3s] IOs:       501310  IOPS:   396551  Throughput:  1549.0 MB/s  Total:    1.91 GB
[    1.5s] IOs:       601367  IOPS:   406355  Throughput:  1587.3 MB/s  Total:    2.29 GB
[    1.7s] IOs:       701409  IOPS:   415841  Throughput:  1624.4 MB/s  Total:    2.68 GB
[    2.0s] IOs:       802105  IOPS:   399330  Throughput:  1559.9 MB/s  Total:    3.06 GB
[    2.3s] IOs:       902676  IOPS:   397381  Throughput:  1552.3 MB/s  Total:    3.44 GB
[    2.5s] IOs:      1003529  IOPS:   405317  Throughput:  1583.3 MB/s  Total:    3.83 GB
[    2.7s] IOs:      1104523  IOPS:   410729  Throughput:  1604.4 MB/s  Total:    4.21 GB
[    2.9s] IOs:      1204544  IOPS:   415579  Throughput:  1623.4 MB/s  Total:    4.59 GB
[    3.1s] IOs:      1305546  IOPS:   418124  Throughput:  1633.3 MB/s  Total:    4.98 GB
[    3.3s] IOs:      1406093  IOPS:   421078  Throughput:  1644.8 MB/s  Total:    5.36 GB
[    3.6s] IOs:      1507010  IOPS:   422949  Throughput:  1652.1 MB/s  Total:    5.75 GB
[    3.8s] IOs:      1607923  IOPS:   428429  Throughput:  1673.5 MB/s  Total:    6.13 GB
[    4.0s] IOs:      1708726  IOPS:   423336  Throughput:  1653.7 MB/s  Total:    6.52 GB
[    4.2s] IOs:      1809615  IOPS:   426010  Throughput:  1664.1 MB/s  Total:    6.90 GB
[    4.5s] IOs:      1910305  IOPS:   427609  Throughput:  1670.3 MB/s  Total:    7.29 GB
[    4.7s] IOs:      2011203  IOPS:   428665  Throughput:  1674.5 MB/s  Total:    7.67 GB
[    4.9s] IOs:      2111681  IOPS:   429688  Throughput:  1678.5 MB/s  Total:    8.06 GB
[    5.1s] IOs:      2212538  IOPS:   432238  Throughput:  1688.4 MB/s  Total:    8.44 GB
[    5.3s] IOs:      2313310  IOPS:   433169  Throughput:  1692.1 MB/s  Total:    8.82 GB
[    5.5s] IOs:      2413712  IOPS:   434961  Throughput:  1699.1 MB/s  Total:    9.21 GB
[    5.8s] IOs:      2514372  IOPS:   435363  Throughput:  1700.6 MB/s  Total:    9.59 GB
[    6.0s] IOs:      2614748  IOPS:   437528  Throughput:  1709.1 MB/s  Total:    9.97 GB
[    6.2s] IOs:      2715450  IOPS:   438691  Throughput:  1713.6 MB/s  Total:   10.36 GB
[    6.4s] IOs:      2816375  IOPS:   440416  Throughput:  1720.4 MB/s  Total:   10.74 GB
[    6.6s] IOs:      2917188  IOPS:   441518  Throughput:  1724.7 MB/s  Total:   11.13 GB
[    6.8s] IOs:      3017970  IOPS:   442067  Throughput:  1726.8 MB/s  Total:   11.51 GB
[    7.0s] IOs:      3118723  IOPS:   443398  Throughput:  1732.0 MB/s  Total:   11.90 GB
[    7.2s] IOs:      3218980  IOPS:   445435  Throughput:  1740.0 MB/s  Total:   12.28 GB
[    7.4s] IOs:      3319970  IOPS:   446691  Throughput:  1744.9 MB/s  Total:   12.66 GB
[    7.6s] IOs:      3420681  IOPS:   448551  Throughput:  1752.2 MB/s  Total:   13.05 GB
[    7.8s] IOs:      3520982  IOPS:   450379  Throughput:  1759.3 MB/s  Total:   13.43 GB
[    8.0s] IOs:      3621900  IOPS:   452544  Throughput:  1767.8 MB/s  Total:   13.82 GB
[    8.2s] IOs:      3722086  IOPS:   453370  Throughput:  1771.0 MB/s  Total:   14.20 GB
[    8.4s] IOs:      3822652  IOPS:   454978  Throughput:  1777.3 MB/s  Total:   14.58 GB
[    8.6s] IOs:      3923462  IOPS:   456674  Throughput:  1783.9 MB/s  Total:   14.97 GB
[    8.8s] IOs:      4024127  IOPS:   457999  Throughput:  1789.1 MB/s  Total:   15.35 GB
[    9.0s] IOs:      4124687  IOPS:   459519  Throughput:  1795.0 MB/s  Total:   15.73 GB
[    9.2s] IOs:      4225653  IOPS:   459976  Throughput:  1796.8 MB/s  Total:   16.12 GB
[    9.4s] IOs:      4326273  IOPS:   461439  Throughput:  1802.5 MB/s  Total:   16.50 GB
[    9.9s] IOs:      4427261  IOPS:   448844  Throughput:  1753.3 MB/s  Total:   16.89 GB
[   10.1s] IOs:      4527704  IOPS:   450268  Throughput:  1758.9 MB/s  Total:   17.27 GB
[   10.2s] IOs:      4628057  IOPS:   451712  Throughput:  1764.5 MB/s  Total:   17.65 GB
[   10.5s] IOs:      4728663  IOPS:   452479  Throughput:  1767.5 MB/s  Total:   18.04 GB
[   10.6s] IOs:      4829535  IOPS:   453656  Throughput:  1772.1 MB/s  Total:   18.42 GB
[   10.8s] IOs:      4930344  IOPS:   454636  Throughput:  1775.9 MB/s  Total:   18.81 GB
[   11.1s] IOs:      5030910  IOPS:   454264  Throughput:  1774.5 MB/s  Total:   19.19 GB
[   11.3s] IOs:      5131413  IOPS:   455420  Throughput:  1779.0 MB/s  Total:   19.57 GB
[   11.5s] IOs:      5231955  IOPS:   455626  Throughput:  1779.8 MB/s  Total:   19.96 GB
[   11.7s] IOs:      5332131  IOPS:   456751  Throughput:  1784.2 MB/s  Total:   20.34 GB
[   11.9s] IOs:      5432650  IOPS:   457397  Throughput:  1786.7 MB/s  Total:   20.72 GB
[   12.1s] IOs:      5533258  IOPS:   457759  Throughput:  1788.1 MB/s  Total:   21.11 GB
[   12.3s] IOs:      5633763  IOPS:   458411  Throughput:  1790.7 MB/s  Total:   21.49 GB
[   12.5s] IOs:      5734323  IOPS:   459193  Throughput:  1793.7 MB/s  Total:   21.87 GB
[   12.7s] IOs:      5834826  IOPS:   459548  Throughput:  1795.1 MB/s  Total:   22.26 GB
[   12.9s] IOs:      5935214  IOPS:   460448  Throughput:  1798.6 MB/s  Total:   22.64 GB
[   13.1s] IOs:      6036060  IOPS:   460931  Throughput:  1800.5 MB/s  Total:   23.03 GB
[   13.3s] IOs:      6136770  IOPS:   461776  Throughput:  1803.8 MB/s  Total:   23.41 GB
[   13.5s] IOs:      6237163  IOPS:   462294  Throughput:  1805.8 MB/s  Total:   23.79 GB
[   13.7s] IOs:      6337819  IOPS:   463086  Throughput:  1808.9 MB/s  Total:   24.18 GB
[   13.9s] IOs:      6438379  IOPS:   463542  Throughput:  1810.7 MB/s  Total:   24.56 GB
[   14.1s] IOs:      6539095  IOPS:   464072  Throughput:  1812.8 MB/s  Total:   24.94 GB
[   14.3s] IOs:      6639967  IOPS:   464939  Throughput:  1816.2 MB/s  Total:   25.33 GB
[   14.5s] IOs:      6740020  IOPS:   465834  Throughput:  1819.7 MB/s  Total:   25.71 GB
[   14.7s] IOs:      6840804  IOPS:   466573  Throughput:  1822.5 MB/s  Total:   26.10 GB
[   14.9s] IOs:      6941371  IOPS:   467389  Throughput:  1825.7 MB/s  Total:   26.48 GB
[   15.1s] IOs:      7042147  IOPS:   467851  Throughput:  1827.5 MB/s  Total:   26.86 GB
[   15.3s] IOs:      7142219  IOPS:   468029  Throughput:  1828.2 MB/s  Total:   27.25 GB
[   15.5s] IOs:      7242409  IOPS:   467634  Throughput:  1826.7 MB/s  Total:   27.63 GB
[Reader] Parsed 1000000 lines, distributed 7247812 writes, unique 16.93 GB, skipped 0
[   15.7s] IOs:      7342460  IOPS:   467480  Throughput:  1826.1 MB/s  Total:   28.01 GB
[   15.9s] IOs:      7443220  IOPS:   467949  Throughput:  1827.9 MB/s  Total:   28.39 GB
[   16.1s] IOs:      7543558  IOPS:   468747  Throughput:  1831.0 MB/s  Total:   28.78 GB
[   16.3s] IOs:      7644243  IOPS:   469358  Throughput:  1833.4 MB/s  Total:   29.16 GB
[   16.5s] IOs:      7745124  IOPS:   469948  Throughput:  1835.7 MB/s  Total:   29.55 GB
[   16.7s] IOs:      7845947  IOPS:   470226  Throughput:  1836.8 MB/s  Total:   29.93 GB
[   16.9s] IOs:      7946526  IOPS:   470013  Throughput:  1836.0 MB/s  Total:   30.31 GB
[   17.1s] IOs:      8046964  IOPS:   470376  Throughput:  1837.4 MB/s  Total:   30.70 GB
[   17.3s] IOs:      8147413  IOPS:   470937  Throughput:  1839.6 MB/s  Total:   31.08 GB
[   17.5s] IOs:      8248017  IOPS:   471432  Throughput:  1841.5 MB/s  Total:   31.46 GB
[   17.7s] IOs:      8348446  IOPS:   471493  Throughput:  1841.8 MB/s  Total:   31.85 GB
[   17.9s] IOs:      8448743  IOPS:   472022  Throughput:  1843.8 MB/s  Total:   32.23 GB
[   18.1s] IOs:      8549317  IOPS:   472595  Throughput:  1846.1 MB/s  Total:   32.61 GB
[   18.3s] IOs:      8650087  IOPS:   473182  Throughput:  1848.4 MB/s  Total:   33.00 GB
[   18.5s] IOs:      8750444  IOPS:   472576  Throughput:  1846.0 MB/s  Total:   33.38 GB
[   18.7s] IOs:      8850818  IOPS:   473096  Throughput:  1848.0 MB/s  Total:   33.76 GB
[   18.9s] IOs:      8951644  IOPS:   473476  Throughput:  1849.5 MB/s  Total:   34.15 GB
[   19.1s] IOs:      9052315  IOPS:   473863  Throughput:  1851.0 MB/s  Total:   34.53 GB
[   19.3s] IOs:      9152902  IOPS:   474304  Throughput:  1852.7 MB/s  Total:   34.92 GB
[   19.5s] IOs:      9253874  IOPS:   474372  Throughput:  1853.0 MB/s  Total:   35.30 GB
[   19.7s] IOs:      9354812  IOPS:   474747  Throughput:  1854.5 MB/s  Total:   35.69 GB
[   19.9s] IOs:      9455267  IOPS:   474885  Throughput:  1855.0 MB/s  Total:   36.07 GB
[   20.1s] IOs:      9556035  IOPS:   475121  Throughput:  1855.9 MB/s  Total:   36.45 GB
[   20.3s] IOs:      9656797  IOPS:   475404  Throughput:  1857.0 MB/s  Total:   36.84 GB
[   20.5s] IOs:      9757473  IOPS:   475970  Throughput:  1859.3 MB/s  Total:   37.22 GB
[   20.7s] IOs:      9857519  IOPS:   476402  Throughput:  1860.9 MB/s  Total:   37.60 GB
[   21.0s] IOs:      9957799  IOPS:   475238  Throughput:  1856.4 MB/s  Total:   37.99 GB
[   21.2s] IOs:     10058161  IOPS:   475292  Throughput:  1856.6 MB/s  Total:   38.37 GB
[   21.3s] IOs:     10158942  IOPS:   475930  Throughput:  1859.1 MB/s  Total:   38.75 GB
[   21.5s] IOs:     10258990  IOPS:   476266  Throughput:  1860.4 MB/s  Total:   39.13 GB
[   21.7s] IOs:     10359090  IOPS:   476629  Throughput:  1861.8 MB/s  Total:   39.52 GB
[   21.9s] IOs:     10460017  IOPS:   476658  Throughput:  1861.9 MB/s  Total:   39.90 GB
[   22.7s] IOs:     10560427  IOPS:   465984  Throughput:  1820.3 MB/s  Total:   40.28 GB
[   22.9s] IOs:     10661082  IOPS:   466052  Throughput:  1820.5 MB/s  Total:   40.67 GB
[   23.1s] IOs:     10761262  IOPS:   466437  Throughput:  1822.0 MB/s  Total:   41.05 GB
[   23.3s] IOs:     10861711  IOPS:   466829  Throughput:  1823.6 MB/s  Total:   41.43 GB
[   23.5s] IOs:     10961923  IOPS:   467123  Throughput:  1824.7 MB/s  Total:   41.82 GB
[   23.7s] IOs:     11062024  IOPS:   467386  Throughput:  1825.7 MB/s  Total:   42.20 GB
[   23.9s] IOs:     11162600  IOPS:   467804  Throughput:  1827.4 MB/s  Total:   42.58 GB
[   24.1s] IOs:     11263072  IOPS:   468289  Throughput:  1829.3 MB/s  Total:   42.97 GB
[   24.3s] IOs:     11363207  IOPS:   468545  Throughput:  1830.3 MB/s  Total:   43.35 GB
[   24.5s] IOs:     11464143  IOPS:   468642  Throughput:  1830.6 MB/s  Total:   43.73 GB
[   24.7s] IOs:     11564332  IOPS:   468985  Throughput:  1832.0 MB/s  Total:   44.11 GB
[   24.8s] IOs:     11665114  IOPS:   469542  Throughput:  1834.1 MB/s  Total:   44.50 GB
[   25.1s] IOs:     11765679  IOPS:   469346  Throughput:  1833.4 MB/s  Total:   44.88 GB
[   25.3s] IOs:     11866295  IOPS:   469507  Throughput:  1834.0 MB/s  Total:   45.27 GB
[   25.5s] IOs:     11967124  IOPS:   470049  Throughput:  1836.1 MB/s  Total:   45.65 GB
[   25.7s] IOs:     12067419  IOPS:   470315  Throughput:  1837.2 MB/s  Total:   46.03 GB
[   25.8s] IOs:     12167677  IOPS:   470748  Throughput:  1838.9 MB/s  Total:   46.42 GB
[   26.1s] IOs:     12268156  IOPS:   470938  Throughput:  1839.6 MB/s  Total:   46.80 GB
[   26.3s] IOs:     12368157  IOPS:   470859  Throughput:  1839.3 MB/s  Total:   47.18 GB
[   26.5s] IOs:     12468363  IOPS:   471180  Throughput:  1840.5 MB/s  Total:   47.56 GB
[   26.7s] IOs:     12569229  IOPS:   471228  Throughput:  1840.7 MB/s  Total:   47.95 GB
[   26.9s] IOs:     12669606  IOPS:   471361  Throughput:  1841.3 MB/s  Total:   48.33 GB
[   27.1s] IOs:     12770258  IOPS:   470954  Throughput:  1839.7 MB/s  Total:   48.71 GB
[   27.3s] IOs:     12870554  IOPS:   471218  Throughput:  1840.7 MB/s  Total:   49.10 GB
[   27.5s] IOs:     12971260  IOPS:   471268  Throughput:  1840.9 MB/s  Total:   49.48 GB
[   27.7s] IOs:     13072158  IOPS:   471691  Throughput:  1842.5 MB/s  Total:   49.87 GB
[   27.9s] IOs:     13173075  IOPS:   471413  Throughput:  1841.5 MB/s  Total:   50.25 GB
[   28.1s] IOs:     13273471  IOPS:   471752  Throughput:  1842.8 MB/s  Total:   50.63 GB
[   28.3s] IOs:     13374110  IOPS:   471826  Throughput:  1843.1 MB/s  Total:   51.02 GB
[   28.5s] IOs:     13474222  IOPS:   472005  Throughput:  1843.8 MB/s  Total:   51.40 GB
[   28.8s] IOs:     13574574  IOPS:   472073  Throughput:  1844.0 MB/s  Total:   51.78 GB
[Reader] Parsed 2000000 lines, distributed 13582919 writes, unique 27.39 GB, skipped 0
[   29.0s] IOs:     13674983  IOPS:   472176  Throughput:  1844.4 MB/s  Total:   52.17 GB
[   29.2s] IOs:     13775441  IOPS:   472310  Throughput:  1845.0 MB/s  Total:   52.55 GB
[   29.4s] IOs:     13876273  IOPS:   472617  Throughput:  1846.2 MB/s  Total:   52.93 GB
[   29.6s] IOs:     13976899  IOPS:   472648  Throughput:  1846.3 MB/s  Total:   53.32 GB
[   29.8s] IOs:     14077593  IOPS:   472837  Throughput:  1847.0 MB/s  Total:   53.70 GB
[   30.0s] IOs:     14178378  IOPS:   473067  Throughput:  1847.9 MB/s  Total:   54.09 GB
[   30.2s] IOs:     14279258  IOPS:   473263  Throughput:  1848.7 MB/s  Total:   54.47 GB
[   30.4s] IOs:     14379398  IOPS:   473285  Throughput:  1848.8 MB/s  Total:   54.85 GB
[   30.6s] IOs:     14480205  IOPS:   473327  Throughput:  1848.9 MB/s  Total:   55.24 GB
[   30.8s] IOs:     14581153  IOPS:   473414  Throughput:  1849.3 MB/s  Total:   55.62 GB
[   31.0s] IOs:     14681351  IOPS:   473574  Throughput:  1849.9 MB/s  Total:   56.00 GB
[   31.2s] IOs:     14782162  IOPS:   473587  Throughput:  1849.9 MB/s  Total:   56.39 GB
[   31.4s] IOs:     14882577  IOPS:   473962  Throughput:  1851.4 MB/s  Total:   56.77 GB
[   31.6s] IOs:     14982903  IOPS:   474015  Throughput:  1851.6 MB/s  Total:   57.16 GB
[   31.8s] IOs:     15083385  IOPS:   473870  Throughput:  1851.1 MB/s  Total:   57.54 GB
[   32.0s] IOs:     15183850  IOPS:   474172  Throughput:  1852.2 MB/s  Total:   57.92 GB
[   32.2s] IOs:     15284354  IOPS:   474334  Throughput:  1852.9 MB/s  Total:   58.31 GB
[   32.4s] IOs:     15384712  IOPS:   474658  Throughput:  1854.1 MB/s  Total:   58.69 GB
[   32.6s] IOs:     15484993  IOPS:   474809  Throughput:  1854.7 MB/s  Total:   59.07 GB
[   32.8s] IOs:     15585289  IOPS:   475022  Throughput:  1855.6 MB/s  Total:   59.45 GB
[   33.0s] IOs:     15685970  IOPS:   475204  Throughput:  1856.3 MB/s  Total:   59.84 GB
[   33.2s] IOs:     15786177  IOPS:   475160  Throughput:  1856.1 MB/s  Total:   60.22 GB
[   33.4s] IOs:     15887049  IOPS:   475429  Throughput:  1857.1 MB/s  Total:   60.60 GB
[   33.6s] IOs:     15987557  IOPS:   475522  Throughput:  1857.5 MB/s  Total:   60.99 GB
[   33.8s] IOs:     16087807  IOPS:   475668  Throughput:  1858.1 MB/s  Total:   61.37 GB
[   34.0s] IOs:     16188039  IOPS:   475660  Throughput:  1858.0 MB/s  Total:   61.75 GB
[   34.2s] IOs:     16288953  IOPS:   475979  Throughput:  1859.3 MB/s  Total:   62.14 GB
[   34.4s] IOs:     16389371  IOPS:   476308  Throughput:  1860.6 MB/s  Total:   62.52 GB
[   34.6s] IOs:     16490169  IOPS:   476409  Throughput:  1861.0 MB/s  Total:   62.91 GB
[   34.8s] IOs:     16590179  IOPS:   476347  Throughput:  1860.7 MB/s  Total:   63.29 GB
[   35.0s] IOs:     16690223  IOPS:   476425  Throughput:  1861.0 MB/s  Total:   63.67 GB
[   35.2s] IOs:     16790842  IOPS:   476443  Throughput:  1861.1 MB/s  Total:   64.05 GB
[   35.4s] IOs:     16891344  IOPS:   476698  Throughput:  1862.1 MB/s  Total:   64.44 GB
[   35.6s] IOs:     16991960  IOPS:   476951  Throughput:  1863.1 MB/s  Total:   64.82 GB
[   35.8s] IOs:     17092624  IOPS:   476958  Throughput:  1863.1 MB/s  Total:   65.20 GB
[   36.0s] IOs:     17193031  IOPS:   477139  Throughput:  1863.8 MB/s  Total:   65.59 GB
[   36.2s] IOs:     17293354  IOPS:   477200  Throughput:  1864.1 MB/s  Total:   65.97 GB
[   36.4s] IOs:     17393761  IOPS:   477310  Throughput:  1864.5 MB/s  Total:   66.35 GB
[   36.6s] IOs:     17494101  IOPS:   477610  Throughput:  1865.7 MB/s  Total:   66.73 GB
[   36.8s] IOs:     17594524  IOPS:   477778  Throughput:  1866.3 MB/s  Total:   67.12 GB
[   37.0s] IOs:     17695102  IOPS:   477787  Throughput:  1866.4 MB/s  Total:   67.50 GB
[   37.3s] IOs:     17795500  IOPS:   477445  Throughput:  1865.0 MB/s  Total:   67.88 GB
[   37.5s] IOs:     17895716  IOPS:   477508  Throughput:  1865.3 MB/s  Total:   68.27 GB
[   37.7s] IOs:     17996167  IOPS:   477825  Throughput:  1866.5 MB/s  Total:   68.65 GB
[   37.9s] IOs:     18096884  IOPS:   478063  Throughput:  1867.4 MB/s  Total:   69.03 GB
[   38.0s] IOs:     18197476  IOPS:   478392  Throughput:  1868.7 MB/s  Total:   69.42 GB
[   38.2s] IOs:     18298530  IOPS:   478428  Throughput:  1868.9 MB/s  Total:   69.80 GB
[   38.4s] IOs:     18399115  IOPS:   478603  Throughput:  1869.5 MB/s  Total:   70.19 GB
[   38.6s] IOs:     18499645  IOPS:   478869  Throughput:  1870.6 MB/s  Total:   70.57 GB
[   38.8s] IOs:     18600036  IOPS:   479128  Throughput:  1871.6 MB/s  Total:   70.95 GB
[   39.0s] IOs:     18700708  IOPS:   479224  Throughput:  1872.0 MB/s  Total:   71.34 GB
[   39.2s] IOs:     18801154  IOPS:   479202  Throughput:  1871.9 MB/s  Total:   71.72 GB
[   39.5s] IOs:     18901783  IOPS:   479070  Throughput:  1871.4 MB/s  Total:   72.10 GB
[   39.7s] IOs:     19002316  IOPS:   479079  Throughput:  1871.4 MB/s  Total:   72.49 GB
[   39.9s] IOs:     19103146  IOPS:   479226  Throughput:  1872.0 MB/s  Total:   72.87 GB
[   40.1s] IOs:     19203611  IOPS:   479406  Throughput:  1872.7 MB/s  Total:   73.26 GB
[   40.3s] IOs:     19304541  IOPS:   479464  Throughput:  1872.9 MB/s  Total:   73.64 GB
[   40.5s] IOs:     19404858  IOPS:   479086  Throughput:  1871.4 MB/s  Total:   74.02 GB
[   40.7s] IOs:     19505529  IOPS:   479313  Throughput:  1872.3 MB/s  Total:   74.41 GB
[   40.9s] IOs:     19605953  IOPS:   479558  Throughput:  1873.3 MB/s  Total:   74.79 GB
[   41.1s] IOs:     19706410  IOPS:   479629  Throughput:  1873.6 MB/s  Total:   75.17 GB
[   41.3s] IOs:     19806979  IOPS:   479693  Throughput:  1873.8 MB/s  Total:   75.56 GB
[   41.5s] IOs:     19907088  IOPS:   479770  Throughput:  1874.1 MB/s  Total:   75.94 GB
[   41.7s] IOs:     20007585  IOPS:   480032  Throughput:  1875.1 MB/s  Total:   76.32 GB
[   41.9s] IOs:     20107888  IOPS:   480248  Throughput:  1876.0 MB/s  Total:   76.71 GB
[   42.1s] IOs:     20208225  IOPS:   480455  Throughput:  1876.8 MB/s  Total:   77.09 GB
[   42.3s] IOs:     20308381  IOPS:   480573  Throughput:  1877.2 MB/s  Total:   77.47 GB
[   42.5s] IOs:     20408985  IOPS:   480524  Throughput:  1877.0 MB/s  Total:   77.85 GB
[   42.7s] IOs:     20509601  IOPS:   480492  Throughput:  1876.9 MB/s  Total:   78.24 GB
[   42.9s] IOs:     20610015  IOPS:   480669  Throughput:  1877.6 MB/s  Total:   78.62 GB
[   43.1s] IOs:     20710379  IOPS:   480853  Throughput:  1878.3 MB/s  Total:   79.00 GB
[   43.3s] IOs:     20811165  IOPS:   481054  Throughput:  1879.1 MB/s  Total:   79.39 GB
[   43.5s] IOs:     20911858  IOPS:   481080  Throughput:  1879.2 MB/s  Total:   79.77 GB
[   43.7s] IOs:     21012565  IOPS:   481259  Throughput:  1879.9 MB/s  Total:   80.16 GB
[   43.8s] IOs:     21113141  IOPS:   481490  Throughput:  1880.8 MB/s  Total:   80.54 GB
[   44.1s] IOs:     21214128  IOPS:   481589  Throughput:  1881.2 MB/s  Total:   80.93 GB
[   44.2s] IOs:     21315094  IOPS:   481712  Throughput:  1881.7 MB/s  Total:   81.31 GB
[   44.4s] IOs:     21415413  IOPS:   481902  Throughput:  1882.4 MB/s  Total:   81.69 GB
[   44.6s] IOs:     21516359  IOPS:   482096  Throughput:  1883.2 MB/s  Total:   82.08 GB
[   44.8s] IOs:     21616947  IOPS:   482275  Throughput:  1883.9 MB/s  Total:   82.46 GB
[   45.0s] IOs:     21717416  IOPS:   482466  Throughput:  1884.6 MB/s  Total:   82.85 GB
[   45.2s] IOs:     21818038  IOPS:   482580  Throughput:  1885.1 MB/s  Total:   83.23 GB
[   45.4s] IOs:     21918551  IOPS:   482655  Throughput:  1885.4 MB/s  Total:   83.61 GB
[   45.6s] IOs:     22018793  IOPS:   482745  Throughput:  1885.7 MB/s  Total:   84.00 GB
[   45.8s] IOs:     22119340  IOPS:   482791  Throughput:  1885.9 MB/s  Total:   84.38 GB
[   46.0s] IOs:     22219748  IOPS:   483013  Throughput:  1886.8 MB/s  Total:   84.76 GB
[   46.2s] IOs:     22319909  IOPS:   483145  Throughput:  1887.3 MB/s  Total:   85.14 GB
[   46.4s] IOs:     22420374  IOPS:   483311  Throughput:  1887.9 MB/s  Total:   85.53 GB
[   46.6s] IOs:     22520699  IOPS:   483349  Throughput:  1888.1 MB/s  Total:   85.91 GB
[   47.8s] IOs:     22621481  IOPS:   473345  Throughput:  1849.0 MB/s  Total:   86.29 GB
[   48.0s] IOs:     22722157  IOPS:   473388  Throughput:  1849.2 MB/s  Total:   86.68 GB
[   48.2s] IOs:     22822798  IOPS:   473629  Throughput:  1850.1 MB/s  Total:   87.06 GB
[   48.4s] IOs:     22922983  IOPS:   473610  Throughput:  1850.0 MB/s  Total:   87.44 GB
[Reader] Parsed 3000000 lines, distributed 22966980 writes, unique 46.77 GB, skipped 0
[   48.6s] IOs:     23023219  IOPS:   473581  Throughput:  1849.9 MB/s  Total:   87.83 GB
[   48.8s] IOs:     23123881  IOPS:   473637  Throughput:  1850.1 MB/s  Total:   88.21 GB
[   49.0s] IOs:     23224185  IOPS:   473730  Throughput:  1850.5 MB/s  Total:   88.59 GB
[   49.2s] IOs:     23324967  IOPS:   473938  Throughput:  1851.3 MB/s  Total:   88.98 GB
[   49.4s] IOs:     23425245  IOPS:   474127  Throughput:  1852.1 MB/s  Total:   89.36 GB
[   49.6s] IOs:     23525764  IOPS:   474067  Throughput:  1851.8 MB/s  Total:   89.74 GB
[   49.9s] IOs:     23626286  IOPS:   473865  Throughput:  1851.0 MB/s  Total:   90.13 GB
[   50.1s] IOs:     23726968  IOPS:   473981  Throughput:  1851.5 MB/s  Total:   90.51 GB
[   50.2s] IOs:     23827793  IOPS:   474215  Throughput:  1852.4 MB/s  Total:   90.90 GB
[   50.4s] IOs:     23928125  IOPS:   474392  Throughput:  1853.1 MB/s  Total:   91.28 GB
[   50.6s] IOs:     24028266  IOPS:   474528  Throughput:  1853.6 MB/s  Total:   91.66 GB
[   50.8s] IOs:     24128329  IOPS:   474737  Throughput:  1854.4 MB/s  Total:   92.04 GB
[   51.1s] IOs:     24229033  IOPS:   474592  Throughput:  1853.9 MB/s  Total:   92.43 GB
[   51.3s] IOs:     24329523  IOPS:   474690  Throughput:  1854.3 MB/s  Total:   92.81 GB
[   51.5s] IOs:     24430485  IOPS:   474780  Throughput:  1854.6 MB/s  Total:   93.19 GB
[   51.7s] IOs:     24531494  IOPS:   474696  Throughput:  1854.3 MB/s  Total:   93.58 GB
[   51.9s] IOs:     24631657  IOPS:   474688  Throughput:  1854.3 MB/s  Total:   93.96 GB
[   52.1s] IOs:     24732282  IOPS:   474931  Throughput:  1855.2 MB/s  Total:   94.35 GB
[   52.3s] IOs:     24832685  IOPS:   475061  Throughput:  1855.7 MB/s  Total:   94.73 GB
[   52.5s] IOs:     24932920  IOPS:   475211  Throughput:  1856.3 MB/s  Total:   95.11 GB
[   52.7s] IOs:     25033488  IOPS:   475361  Throughput:  1856.9 MB/s  Total:   95.50 GB
[   52.9s] IOs:     25133765  IOPS:   475365  Throughput:  1856.9 MB/s  Total:   95.88 GB
[   53.1s] IOs:     25233852  IOPS:   475450  Throughput:  1857.2 MB/s  Total:   96.26 GB
[   53.3s] IOs:     25334562  IOPS:   475648  Throughput:  1858.0 MB/s  Total:   96.64 GB
[   53.5s] IOs:     25435141  IOPS:   475774  Throughput:  1858.5 MB/s  Total:   97.03 GB
[   53.7s] IOs:     25535331  IOPS:   475691  Throughput:  1858.2 MB/s  Total:   97.41 GB
[   53.9s] IOs:     25636127  IOPS:   475840  Throughput:  1858.7 MB/s  Total:   97.79 GB
[   54.1s] IOs:     25736390  IOPS:   475766  Throughput:  1858.5 MB/s  Total:   98.18 GB
[   54.3s] IOs:     25836952  IOPS:   475950  Throughput:  1859.2 MB/s  Total:   98.56 GB
[   54.5s] IOs:     25937198  IOPS:   476104  Throughput:  1859.8 MB/s  Total:   98.94 GB
[   54.7s] IOs:     26038132  IOPS:   476244  Throughput:  1860.3 MB/s  Total:   99.33 GB
[   54.9s] IOs:     26138442  IOPS:   476358  Throughput:  1860.8 MB/s  Total:   99.71 GB
[   55.1s] IOs:     26238764  IOPS:   476463  Throughput:  1861.2 MB/s  Total:  100.09 GB
[   55.3s] IOs:     26339179  IOPS:   476375  Throughput:  1860.8 MB/s  Total:  100.48 GB
[   55.5s] IOs:     26439739  IOPS:   476462  Throughput:  1861.2 MB/s  Total:  100.86 GB
[   55.7s] IOs:     26540071  IOPS:   476417  Throughput:  1861.0 MB/s  Total:  101.24 GB
[   55.9s] IOs:     26640203  IOPS:   476323  Throughput:  1860.6 MB/s  Total:  101.62 GB
[   56.1s] IOs:     26740398  IOPS:   476390  Throughput:  1860.9 MB/s  Total:  102.01 GB
[   56.3s] IOs:     26840762  IOPS:   476569  Throughput:  1861.6 MB/s  Total:  102.39 GB
[   56.5s] IOs:     26941383  IOPS:   476645  Throughput:  1861.9 MB/s  Total:  102.77 GB
[   56.7s] IOs:     27041648  IOPS:   476787  Throughput:  1862.4 MB/s  Total:  103.16 GB
[   56.9s] IOs:     27142271  IOPS:   476923  Throughput:  1863.0 MB/s  Total:  103.54 GB
[   57.1s] IOs:     27242517  IOPS:   476862  Throughput:  1862.7 MB/s  Total:  103.92 GB
[   57.3s] IOs:     27343002  IOPS:   476971  Throughput:  1863.2 MB/s  Total:  104.31 GB
[   57.5s] IOs:     27443662  IOPS:   477113  Throughput:  1863.7 MB/s  Total:  104.69 GB
[   57.7s] IOs:     27544093  IOPS:   477325  Throughput:  1864.6 MB/s  Total:  105.07 GB
[   57.9s] IOs:     27644256  IOPS:   477389  Throughput:  1864.8 MB/s  Total:  105.45 GB
[   58.1s] IOs:     27744756  IOPS:   477463  Throughput:  1865.1 MB/s  Total:  105.84 GB
[   58.3s] IOs:     27845609  IOPS:   477538  Throughput:  1865.4 MB/s  Total:  106.22 GB
[   58.5s] IOs:     27946287  IOPS:   477604  Throughput:  1865.6 MB/s  Total:  106.61 GB
[   58.7s] IOs:     28046753  IOPS:   477732  Throughput:  1866.1 MB/s  Total:  106.99 GB
[   58.9s] IOs:     28147157  IOPS:   477658  Throughput:  1865.9 MB/s  Total:  107.37 GB
[   59.1s] IOs:     28247919  IOPS:   477783  Throughput:  1866.3 MB/s  Total:  107.76 GB
[   59.4s] IOs:     28348586  IOPS:   477641  Throughput:  1865.8 MB/s  Total:  108.14 GB
[   59.5s] IOs:     28449075  IOPS:   477741  Throughput:  1866.2 MB/s  Total:  108.52 GB
[   59.8s] IOs:     28549572  IOPS:   477781  Throughput:  1866.3 MB/s  Total:  108.91 GB
[   59.9s] IOs:     28649708  IOPS:   477936  Throughput:  1866.9 MB/s  Total:  109.29 GB
[   60.1s] IOs:     28750221  IOPS:   478064  Throughput:  1867.4 MB/s  Total:  109.67 GB
[   60.4s] IOs:     28850889  IOPS:   477973  Throughput:  1867.1 MB/s  Total:  110.06 GB
[   60.5s] IOs:     28951492  IOPS:   478144  Throughput:  1867.8 MB/s  Total:  110.44 GB
[   60.8s] IOs:     29051687  IOPS:   478175  Throughput:  1867.9 MB/s  Total:  110.82 GB
[   61.0s] IOs:     29151860  IOPS:   478263  Throughput:  1868.2 MB/s  Total:  111.21 GB
[   61.2s] IOs:     29252870  IOPS:   478336  Throughput:  1868.5 MB/s  Total:  111.59 GB
[   61.4s] IOs:     29353707  IOPS:   478258  Throughput:  1868.2 MB/s  Total:  111.98 GB
[   61.6s] IOs:     29454489  IOPS:   478364  Throughput:  1868.6 MB/s  Total:  112.36 GB
[   61.8s] IOs:     29554954  IOPS:   478475  Throughput:  1869.0 MB/s  Total:  112.74 GB
[   62.0s] IOs:     29655814  IOPS:   478471  Throughput:  1869.0 MB/s  Total:  113.13 GB
[   62.2s] IOs:     29755889  IOPS:   478563  Throughput:  1869.4 MB/s  Total:  113.51 GB
[   62.4s] IOs:     29855903  IOPS:   478720  Throughput:  1870.0 MB/s  Total:  113.89 GB
[   62.6s] IOs:     29956487  IOPS:   478778  Throughput:  1870.2 MB/s  Total:  114.27 GB
[   62.8s] IOs:     30057034  IOPS:   478921  Throughput:  1870.8 MB/s  Total:  114.66 GB
[   63.0s] IOs:     30157398  IOPS:   478915  Throughput:  1870.8 MB/s  Total:  115.04 GB
[   63.2s] IOs:     30258350  IOPS:   479099  Throughput:  1871.5 MB/s  Total:  115.43 GB
[   63.3s] IOs:     30359099  IOPS:   479283  Throughput:  1872.2 MB/s  Total:  115.81 GB
[   63.5s] IOs:     30459952  IOPS:   479335  Throughput:  1872.4 MB/s  Total:  116.20 GB
[   63.7s] IOs:     30560298  IOPS:   479481  Throughput:  1873.0 MB/s  Total:  116.58 GB
[   63.9s] IOs:     30660973  IOPS:   479556  Throughput:  1873.3 MB/s  Total:  116.96 GB
[   64.1s] IOs:     30761713  IOPS:   479718  Throughput:  1873.9 MB/s  Total:  117.35 GB
[   64.3s] IOs:     30861919  IOPS:   479816  Throughput:  1874.3 MB/s  Total:  117.73 GB
[   64.5s] IOs:     30962242  IOPS:   479932  Throughput:  1874.7 MB/s  Total:  118.11 GB
[   64.7s] IOs:     31062586  IOPS:   480077  Throughput:  1875.3 MB/s  Total:  118.49 GB
[   64.9s] IOs:     31163233  IOPS:   480235  Throughput:  1875.9 MB/s  Total:  118.88 GB
[   65.1s] IOs:     31263497  IOPS:   480238  Throughput:  1875.9 MB/s  Total:  119.26 GB
[   65.3s] IOs:     31363631  IOPS:   480239  Throughput:  1875.9 MB/s  Total:  119.64 GB
[Reader] Parsed 4000000 lines, distributed 31458108 writes, unique 63.07 GB, skipped 0
[   65.5s] IOs:     31464582  IOPS:   480162  Throughput:  1875.6 MB/s  Total:  120.03 GB
[   65.7s] IOs:     31565218  IOPS:   480141  Throughput:  1875.5 MB/s  Total:  120.41 GB
[   66.0s] IOs:     31665913  IOPS:   479990  Throughput:  1875.0 MB/s  Total:  120.80 GB
[   66.2s] IOs:     31766826  IOPS:   479968  Throughput:  1874.9 MB/s  Total:  121.18 GB
[   66.4s] IOs:     31867298  IOPS:   480035  Throughput:  1875.1 MB/s  Total:  121.56 GB
[   66.6s] IOs:     31967456  IOPS:   480092  Throughput:  1875.4 MB/s  Total:  121.95 GB
[   66.8s] IOs:     32067875  IOPS:   480123  Throughput:  1875.5 MB/s  Total:  122.33 GB
[   67.0s] IOs:     32168505  IOPS:   480146  Throughput:  1875.6 MB/s  Total:  122.71 GB
[   67.2s] IOs:     32268776  IOPS:   480297  Throughput:  1876.2 MB/s  Total:  123.10 GB
[   67.4s] IOs:     32369183  IOPS:   480283  Throughput:  1876.1 MB/s  Total:  123.48 GB
[   67.6s] IOs:     32469612  IOPS:   480403  Throughput:  1876.6 MB/s  Total:  123.86 GB
[   67.8s] IOs:     32570098  IOPS:   480430  Throughput:  1876.7 MB/s  Total:  124.25 GB
[   68.0s] IOs:     32670657  IOPS:   480539  Throughput:  1877.1 MB/s  Total:  124.63 GB
[   68.2s] IOs:     32771241  IOPS:   480547  Throughput:  1877.1 MB/s  Total:  125.01 GB
[   68.4s] IOs:     32871454  IOPS:   480615  Throughput:  1877.4 MB/s  Total:  125.39 GB
[   68.6s] IOs:     32972036  IOPS:   480481  Throughput:  1876.9 MB/s  Total:  125.78 GB
[   68.9s] IOs:     33072960  IOPS:   480300  Throughput:  1876.2 MB/s  Total:  126.16 GB
[   69.1s] IOs:     33173268  IOPS:   480377  Throughput:  1876.5 MB/s  Total:  126.55 GB
[   69.2s] IOs:     33274030  IOPS:   480555  Throughput:  1877.2 MB/s  Total:  126.93 GB
[   69.4s] IOs:     33374273  IOPS:   480629  Throughput:  1877.5 MB/s  Total:  127.31 GB
[   69.6s] IOs:     33474502  IOPS:   480655  Throughput:  1877.6 MB/s  Total:  127.70 GB
[   69.9s] IOs:     33575202  IOPS:   480672  Throughput:  1877.6 MB/s  Total:  128.08 GB
[   70.1s] IOs:     33676139  IOPS:   480722  Throughput:  1877.8 MB/s  Total:  128.46 GB
[   70.3s] IOs:     33776878  IOPS:   480800  Throughput:  1878.1 MB/s  Total:  128.85 GB
[   70.5s] IOs:     33877904  IOPS:   480829  Throughput:  1878.2 MB/s  Total:  129.23 GB
[   70.7s] IOs:     33978862  IOPS:   480857  Throughput:  1878.3 MB/s  Total:  129.62 GB
[   70.9s] IOs:     34079815  IOPS:   480817  Throughput:  1878.2 MB/s  Total:  130.00 GB
[   71.1s] IOs:     34180548  IOPS:   480886  Throughput:  1878.5 MB/s  Total:  130.39 GB
[   71.3s] IOs:     34281212  IOPS:   480993  Throughput:  1878.9 MB/s  Total:  130.77 GB
[   71.5s] IOs:     34381874  IOPS:   480993  Throughput:  1878.9 MB/s  Total:  131.16 GB
[   71.7s] IOs:     34482864  IOPS:   481045  Throughput:  1879.1 MB/s  Total:  131.54 GB
[   71.9s] IOs:     34583801  IOPS:   481128  Throughput:  1879.4 MB/s  Total:  131.93 GB
[   72.1s] IOs:     34684101  IOPS:   481156  Throughput:  1879.5 MB/s  Total:  132.31 GB
[   72.3s] IOs:     34785131  IOPS:   481318  Throughput:  1880.1 MB/s  Total:  132.69 GB
[   72.5s] IOs:     34885664  IOPS:   481476  Throughput:  1880.8 MB/s  Total:  133.08 GB
[   72.7s] IOs:     34985857  IOPS:   481530  Throughput:  1881.0 MB/s  Total:  133.46 GB
[   72.9s] IOs:     35086538  IOPS:   481474  Throughput:  1880.8 MB/s  Total:  133.84 GB
[   73.1s] IOs:     35186700  IOPS:   481419  Throughput:  1880.5 MB/s  Total:  134.23 GB
[   73.3s] IOs:     35287383  IOPS:   481408  Throughput:  1880.5 MB/s  Total:  134.61 GB
[   73.5s] IOs:     35388084  IOPS:   481338  Throughput:  1880.2 MB/s  Total:  134.99 GB
[   73.7s] IOs:     35488588  IOPS:   481330  Throughput:  1880.2 MB/s  Total:  135.38 GB
[   73.9s] IOs:     35588748  IOPS:   481330  Throughput:  1880.2 MB/s  Total:  135.76 GB
[   74.1s] IOs:     35689391  IOPS:   481425  Throughput:  1880.6 MB/s  Total:  136.14 GB
[   74.3s] IOs:     35790095  IOPS:   481582  Throughput:  1881.2 MB/s  Total:  136.53 GB
[   74.5s] IOs:     35890968  IOPS:   481609  Throughput:  1881.3 MB/s  Total:  136.91 GB
[   74.7s] IOs:     35991598  IOPS:   481632  Throughput:  1881.4 MB/s  Total:  137.30 GB
[   74.9s] IOs:     36092611  IOPS:   481600  Throughput:  1881.2 MB/s  Total:  137.68 GB
[   75.1s] IOs:     36193547  IOPS:   481627  Throughput:  1881.4 MB/s  Total:  138.07 GB
[   75.4s] IOs:     36293904  IOPS:   481668  Throughput:  1881.5 MB/s  Total:  138.45 GB
[   75.6s] IOs:     36394576  IOPS:   481692  Throughput:  1881.6 MB/s  Total:  138.83 GB
[   75.8s] IOs:     36494878  IOPS:   481551  Throughput:  1881.1 MB/s  Total:  139.22 GB
[   76.0s] IOs:     36595370  IOPS:   481559  Throughput:  1881.1 MB/s  Total:  139.60 GB
[   76.2s] IOs:     36695774  IOPS:   481448  Throughput:  1880.7 MB/s  Total:  139.98 GB
[   76.4s] IOs:     36796443  IOPS:   481374  Throughput:  1880.4 MB/s  Total:  140.37 GB
[   76.7s] IOs:     36896452  IOPS:   481281  Throughput:  1880.0 MB/s  Total:  140.75 GB
[   76.9s] IOs:     36997065  IOPS:   481345  Throughput:  1880.3 MB/s  Total:  141.13 GB
[   77.1s] IOs:     37097076  IOPS:   481348  Throughput:  1880.3 MB/s  Total:  141.51 GB
[   77.3s] IOs:     37198071  IOPS:   481148  Throughput:  1879.5 MB/s  Total:  141.90 GB
[   77.5s] IOs:     37298412  IOPS:   481109  Throughput:  1879.3 MB/s  Total:  142.28 GB
[   77.8s] IOs:     37398472  IOPS:   480959  Throughput:  1878.7 MB/s  Total:  142.66 GB
[   78.0s] IOs:     37499066  IOPS:   480946  Throughput:  1878.7 MB/s  Total:  143.05 GB
[   78.2s] IOs:     37599985  IOPS:   481001  Throughput:  1878.9 MB/s  Total:  143.43 GB
[   78.4s] IOs:     37700263  IOPS:   480877  Throughput:  1878.4 MB/s  Total:  143.82 GB
[   78.7s] IOs:     37800797  IOPS:   480561  Throughput:  1877.2 MB/s  Total:  144.20 GB
[   78.9s] IOs:     37901431  IOPS:   480459  Throughput:  1876.8 MB/s  Total:  144.58 GB
[   79.1s] IOs:     38001993  IOPS:   480441  Throughput:  1876.7 MB/s  Total:  144.97 GB
[   79.3s] IOs:     38102548  IOPS:   480370  Throughput:  1876.4 MB/s  Total:  145.35 GB
[   79.5s] IOs:     38202589  IOPS:   480330  Throughput:  1876.3 MB/s  Total:  145.73 GB
[   79.7s] IOs:     38303002  IOPS:   480329  Throughput:  1876.3 MB/s  Total:  146.11 GB
[   80.0s] IOs:     38403547  IOPS:   480301  Throughput:  1876.2 MB/s  Total:  146.50 GB
[   80.2s] IOs:     38504339  IOPS:   480385  Throughput:  1876.5 MB/s  Total:  146.88 GB
[   80.4s] IOs:     38605264  IOPS:   480379  Throughput:  1876.5 MB/s  Total:  147.27 GB
[   80.6s] IOs:     38705567  IOPS:   480217  Throughput:  1875.8 MB/s  Total:  147.65 GB
[   80.8s] IOs:     38806314  IOPS:   480207  Throughput:  1875.8 MB/s  Total:  148.03 GB
[   81.0s] IOs:     38906979  IOPS:   480265  Throughput:  1876.0 MB/s  Total:  148.42 GB
[   81.2s] IOs:     39007383  IOPS:   480277  Throughput:  1876.1 MB/s  Total:  148.80 GB
[   81.4s] IOs:     39107745  IOPS:   480274  Throughput:  1876.1 MB/s  Total:  149.18 GB
[   81.7s] IOs:     39208534  IOPS:   480133  Throughput:  1875.5 MB/s  Total:  149.57 GB
[   81.9s] IOs:     39308670  IOPS:   480166  Throughput:  1875.7 MB/s  Total:  149.95 GB
[   82.1s] IOs:     39409152  IOPS:   479956  Throughput:  1874.8 MB/s  Total:  150.33 GB
[   82.3s] IOs:     39510187  IOPS:   480051  Throughput:  1875.2 MB/s  Total:  150.72 GB
[   82.5s] IOs:     39610578  IOPS:   480121  Throughput:  1875.5 MB/s  Total:  151.10 GB
[Reader] Parsed 5000000 lines, distributed 39636248 writes, unique 79.74 GB, skipped 0
[   82.7s] IOs:     39711471  IOPS:   480184  Throughput:  1875.7 MB/s  Total:  151.49 GB
[   82.9s] IOs:     39812258  IOPS:   480308  Throughput:  1876.2 MB/s  Total:  151.87 GB
[   83.1s] IOs:     39912885  IOPS:   480438  Throughput:  1876.7 MB/s  Total:  152.26 GB
[   83.3s] IOs:     40013312  IOPS:   480484  Throughput:  1876.9 MB/s  Total:  152.64 GB
[   83.5s] IOs:     40113736  IOPS:   480540  Throughput:  1877.1 MB/s  Total:  153.02 GB
[   83.7s] IOs:     40213808  IOPS:   480484  Throughput:  1876.9 MB/s  Total:  153.40 GB
[   83.9s] IOs:     40314392  IOPS:   480437  Throughput:  1876.7 MB/s  Total:  153.79 GB
[   84.1s] IOs:     40415113  IOPS:   480523  Throughput:  1877.0 MB/s  Total:  154.17 GB
[   84.3s] IOs:     40515496  IOPS:   480596  Throughput:  1877.3 MB/s  Total:  154.55 GB
[   84.5s] IOs:     40616024  IOPS:   480715  Throughput:  1877.8 MB/s  Total:  154.94 GB
[   84.7s] IOs:     40716827  IOPS:   480738  Throughput:  1877.9 MB/s  Total:  155.32 GB
[   84.9s] IOs:     40817179  IOPS:   480825  Throughput:  1878.2 MB/s  Total:  155.71 GB
[   85.1s] IOs:     40917341  IOPS:   480734  Throughput:  1877.9 MB/s  Total:  156.09 GB
[   85.3s] IOs:     41017729  IOPS:   480806  Throughput:  1878.1 MB/s  Total:  156.47 GB
[   85.5s] IOs:     41118439  IOPS:   480919  Throughput:  1878.6 MB/s  Total:  156.85 GB
[   85.7s] IOs:     41218562  IOPS:   480945  Throughput:  1878.7 MB/s  Total:  157.24 GB
[   85.9s] IOs:     41319326  IOPS:   480866  Throughput:  1878.4 MB/s  Total:  157.62 GB
[   86.1s] IOs:     41419485  IOPS:   480885  Throughput:  1878.5 MB/s  Total:  158.00 GB
[   86.3s] IOs:     41520215  IOPS:   481002  Throughput:  1878.9 MB/s  Total:  158.39 GB
[   86.5s] IOs:     41620929  IOPS:   481092  Throughput:  1879.3 MB/s  Total:  158.77 GB
[   86.7s] IOs:     41721356  IOPS:   481141  Throughput:  1879.5 MB/s  Total:  159.15 GB
[   86.9s] IOs:     41822244  IOPS:   481110  Throughput:  1879.3 MB/s  Total:  159.54 GB
[   87.1s] IOs:     41922383  IOPS:   481257  Throughput:  1879.9 MB/s  Total:  159.92 GB
[   87.3s] IOs:     42022956  IOPS:   481332  Throughput:  1880.2 MB/s  Total:  160.30 GB
[   87.5s] IOs:     42123413  IOPS:   481381  Throughput:  1880.4 MB/s  Total:  160.69 GB
[   87.7s] IOs:     42223766  IOPS:   481460  Throughput:  1880.7 MB/s  Total:  161.07 GB
[   87.9s] IOs:     42324444  IOPS:   481461  Throughput:  1880.7 MB/s  Total:  161.45 GB
[   88.1s] IOs:     42424727  IOPS:   481496  Throughput:  1880.8 MB/s  Total:  161.84 GB
[   88.3s] IOs:     42524870  IOPS:   481509  Throughput:  1880.9 MB/s  Total:  162.22 GB
[   88.5s] IOs:     42625509  IOPS:   481527  Throughput:  1881.0 MB/s  Total:  162.60 GB
[   88.7s] IOs:     42726475  IOPS:   481570  Throughput:  1881.1 MB/s  Total:  162.99 GB
[   88.9s] IOs:     42827064  IOPS:   481583  Throughput:  1881.2 MB/s  Total:  163.37 GB
[   89.1s] IOs:     42927728  IOPS:   481649  Throughput:  1881.4 MB/s  Total:  163.76 GB
[   89.3s] IOs:     43027955  IOPS:   481777  Throughput:  1881.9 MB/s  Total:  164.14 GB
[   89.5s] IOs:     43128526  IOPS:   481861  Throughput:  1882.3 MB/s  Total:  164.52 GB
[   89.7s] IOs:     43228762  IOPS:   481914  Throughput:  1882.5 MB/s  Total:  164.90 GB
[   89.9s] IOs:     43329521  IOPS:   481968  Throughput:  1882.7 MB/s  Total:  165.29 GB
[   90.1s] IOs:     43430158  IOPS:   482067  Throughput:  1883.1 MB/s  Total:  165.67 GB
[   90.3s] IOs:     43530497  IOPS:   482137  Throughput:  1883.3 MB/s  Total:  166.06 GB
[   90.5s] IOs:     43631250  IOPS:   482225  Throughput:  1883.7 MB/s  Total:  166.44 GB
[   90.7s] IOs:     43731912  IOPS:   482282  Throughput:  1883.9 MB/s  Total:  166.82 GB
[   90.9s] IOs:     43832283  IOPS:   482362  Throughput:  1884.2 MB/s  Total:  167.21 GB
[   91.1s] IOs:     43932563  IOPS:   482390  Throughput:  1884.3 MB/s  Total:  167.59 GB
[   91.3s] IOs:     44032593  IOPS:   482468  Throughput:  1884.6 MB/s  Total:  167.97 GB
[   91.5s] IOs:     44133258  IOPS:   482507  Throughput:  1884.8 MB/s  Total:  168.36 GB
[   91.7s] IOs:     44234066  IOPS:   482641  Throughput:  1885.3 MB/s  Total:  168.74 GB
[   91.8s] IOs:     44334474  IOPS:   482756  Throughput:  1885.8 MB/s  Total:  169.12 GB
[   92.0s] IOs:     44434882  IOPS:   482797  Throughput:  1885.9 MB/s  Total:  169.51 GB
[   92.3s] IOs:     44535162  IOPS:   482650  Throughput:  1885.4 MB/s  Total:  169.89 GB
[   92.5s] IOs:     44635663  IOPS:   482756  Throughput:  1885.8 MB/s  Total:  170.27 GB
[   92.6s] IOs:     44735976  IOPS:   482868  Throughput:  1886.2 MB/s  Total:  170.65 GB
[   92.8s] IOs:     44836384  IOPS:   482959  Throughput:  1886.6 MB/s  Total:  171.04 GB
[   93.0s] IOs:     44936443  IOPS:   483021  Throughput:  1886.8 MB/s  Total:  171.42 GB
[   93.2s] IOs:     45037177  IOPS:   483114  Throughput:  1887.2 MB/s  Total:  171.80 GB
[   93.4s] IOs:     45137300  IOPS:   483066  Throughput:  1887.0 MB/s  Total:  172.19 GB
[   93.6s] IOs:     45237985  IOPS:   483151  Throughput:  1887.3 MB/s  Total:  172.57 GB
[   93.8s] IOs:     45338526  IOPS:   483183  Throughput:  1887.4 MB/s  Total:  172.95 GB
[   94.0s] IOs:     45438621  IOPS:   483274  Throughput:  1887.8 MB/s  Total:  173.33 GB
[   94.2s] IOs:     45539602  IOPS:   483305  Throughput:  1887.9 MB/s  Total:  173.72 GB
[   94.4s] IOs:     45640499  IOPS:   483321  Throughput:  1888.0 MB/s  Total:  174.10 GB
[   94.6s] IOs:     45741076  IOPS:   483434  Throughput:  1888.4 MB/s  Total:  174.49 GB
[   94.8s] IOs:     45841879  IOPS:   483513  Throughput:  1888.7 MB/s  Total:  174.87 GB
[   95.0s] IOs:     45942303  IOPS:   483555  Throughput:  1888.9 MB/s  Total:  175.26 GB
[   95.2s] IOs:     46042556  IOPS:   483586  Throughput:  1889.0 MB/s  Total:  175.64 GB
[   95.4s] IOs:     46142915  IOPS:   483658  Throughput:  1889.3 MB/s  Total:  176.02 GB
[   95.6s] IOs:     46243394  IOPS:   483761  Throughput:  1889.7 MB/s  Total:  176.40 GB
[   95.8s] IOs:     46343701  IOPS:   483841  Throughput:  1890.0 MB/s  Total:  176.79 GB
[   96.0s] IOs:     46444430  IOPS:   483819  Throughput:  1889.9 MB/s  Total:  177.17 GB
[   96.2s] IOs:     46545111  IOPS:   483822  Throughput:  1889.9 MB/s  Total:  177.56 GB
[   96.4s] IOs:     46645965  IOPS:   483846  Throughput:  1890.0 MB/s  Total:  177.94 GB
[   96.6s] IOs:     46746211  IOPS:   483901  Throughput:  1890.2 MB/s  Total:  178.32 GB
[   96.8s] IOs:     46846672  IOPS:   483999  Throughput:  1890.6 MB/s  Total:  178.71 GB
[   97.0s] IOs:     46947057  IOPS:   484070  Throughput:  1890.9 MB/s  Total:  179.09 GB
[   97.2s] IOs:     47047405  IOPS:   484093  Throughput:  1891.0 MB/s  Total:  179.47 GB
[   97.4s] IOs:     47148203  IOPS:   483972  Throughput:  1890.5 MB/s  Total:  179.86 GB
[   97.6s] IOs:     47249140  IOPS:   484022  Throughput:  1890.7 MB/s  Total:  180.24 GB
[   99.7s] IOs:     47350056  IOPS:   474947  Throughput:  1855.3 MB/s  Total:  180.63 GB
[   99.9s] IOs:     47450187  IOPS:   475066  Throughput:  1855.7 MB/s  Total:  181.01 GB
[  100.1s] IOs:     47551107  IOPS:   475103  Throughput:  1855.9 MB/s  Total:  181.39 GB
[  100.3s] IOs:     47651362  IOPS:   475161  Throughput:  1856.1 MB/s  Total:  181.78 GB
[Reader] Parsed 6000000 lines, distributed 47666999 writes, unique 94.22 GB, skipped 0
[  100.5s] IOs:     47751399  IOPS:   475194  Throughput:  1856.2 MB/s  Total:  182.16 GB
[  100.7s] IOs:     47852022  IOPS:   475241  Throughput:  1856.4 MB/s  Total:  182.54 GB
[  100.9s] IOs:     47952516  IOPS:   475285  Throughput:  1856.6 MB/s  Total:  182.92 GB
[  101.1s] IOs:     48053053  IOPS:   475254  Throughput:  1856.5 MB/s  Total:  183.31 GB
[  101.3s] IOs:     48153531  IOPS:   475267  Throughput:  1856.5 MB/s  Total:  183.69 GB
[  101.5s] IOs:     48253842  IOPS:   475303  Throughput:  1856.7 MB/s  Total:  184.07 GB
[  101.8s] IOs:     48354469  IOPS:   475041  Throughput:  1855.6 MB/s  Total:  184.46 GB
[  102.0s] IOs:     48455256  IOPS:   474960  Throughput:  1855.3 MB/s  Total:  184.84 GB
[  102.2s] IOs:     48555890  IOPS:   474992  Throughput:  1855.4 MB/s  Total:  185.23 GB
[  102.4s] IOs:     48656172  IOPS:   474936  Throughput:  1855.2 MB/s  Total:  185.61 GB
[  102.6s] IOs:     48756721  IOPS:   475009  Throughput:  1855.5 MB/s  Total:  185.99 GB
[  102.9s] IOs:     48857215  IOPS:   474993  Throughput:  1855.4 MB/s  Total:  186.38 GB
[  103.1s] IOs:     48958176  IOPS:   475018  Throughput:  1855.5 MB/s  Total:  186.76 GB
[  103.3s] IOs:     49058556  IOPS:   475123  Throughput:  1855.9 MB/s  Total:  187.14 GB
[  103.5s] IOs:     49159185  IOPS:   475045  Throughput:  1855.6 MB/s  Total:  187.53 GB
[  103.7s] IOs:     49259188  IOPS:   474994  Throughput:  1855.4 MB/s  Total:  187.91 GB
[  103.9s] IOs:     49359929  IOPS:   474915  Throughput:  1855.1 MB/s  Total:  188.29 GB
[  104.1s] IOs:     49460615  IOPS:   474937  Throughput:  1855.2 MB/s  Total:  188.68 GB
[  104.4s] IOs:     49561441  IOPS:   474886  Throughput:  1855.0 MB/s  Total:  189.06 GB
[  104.6s] IOs:     49661740  IOPS:   474841  Throughput:  1854.8 MB/s  Total:  189.44 GB
[  104.8s] IOs:     49761881  IOPS:   474791  Throughput:  1854.7 MB/s  Total:  189.83 GB
[  105.0s] IOs:     49861967  IOPS:   474816  Throughput:  1854.7 MB/s  Total:  190.21 GB
[  105.2s] IOs:     49962865  IOPS:   474878  Throughput:  1855.0 MB/s  Total:  190.59 GB
[  105.4s] IOs:     50063560  IOPS:   474802  Throughput:  1854.7 MB/s  Total:  190.98 GB
[  105.7s] IOs:     50164089  IOPS:   474778  Throughput:  1854.6 MB/s  Total:  191.36 GB
[  105.9s] IOs:     50264700  IOPS:   474740  Throughput:  1854.5 MB/s  Total:  191.74 GB
[  106.1s] IOs:     50365632  IOPS:   474725  Throughput:  1854.4 MB/s  Total:  192.13 GB
[  106.3s] IOs:     50466143  IOPS:   474822  Throughput:  1854.8 MB/s  Total:  192.51 GB
[  106.5s] IOs:     50566616  IOPS:   474829  Throughput:  1854.8 MB/s  Total:  192.90 GB
[  106.7s] IOs:     50666874  IOPS:   474709  Throughput:  1854.3 MB/s  Total:  193.28 GB
[  106.9s] IOs:     50767184  IOPS:   474692  Throughput:  1854.3 MB/s  Total:  193.66 GB
[  107.2s] IOs:     50867606  IOPS:   474711  Throughput:  1854.3 MB/s  Total:  194.04 GB
[  107.4s] IOs:     50968314  IOPS:   474743  Throughput:  1854.5 MB/s  Total:  194.43 GB
[  107.6s] IOs:     51069022  IOPS:   474820  Throughput:  1854.8 MB/s  Total:  194.81 GB
[  107.8s] IOs:     51169950  IOPS:   474680  Throughput:  1854.2 MB/s  Total:  195.20 GB
[  108.0s] IOs:     51270304  IOPS:   474591  Throughput:  1853.9 MB/s  Total:  195.58 GB
[  108.3s] IOs:     51370484  IOPS:   474495  Throughput:  1853.5 MB/s  Total:  195.96 GB
[  108.5s] IOs:     51471099  IOPS:   474532  Throughput:  1853.6 MB/s  Total:  196.35 GB
[  108.7s] IOs:     51571617  IOPS:   474639  Throughput:  1854.1 MB/s  Total:  196.73 GB
[  108.9s] IOs:     51672175  IOPS:   474681  Throughput:  1854.2 MB/s  Total:  197.11 GB
[  109.0s] IOs:     51772658  IOPS:   474767  Throughput:  1854.6 MB/s  Total:  197.50 GB
[  109.3s] IOs:     51873526  IOPS:   474755  Throughput:  1854.5 MB/s  Total:  197.88 GB
[  109.5s] IOs:     51974535  IOPS:   474729  Throughput:  1854.4 MB/s  Total:  198.27 GB
[  109.7s] IOs:     52075149  IOPS:   474773  Throughput:  1854.6 MB/s  Total:  198.65 GB
[  109.9s] IOs:     52175550  IOPS:   474849  Throughput:  1854.9 MB/s  Total:  199.03 GB
[  110.1s] IOs:     52275645  IOPS:   474887  Throughput:  1855.0 MB/s  Total:  199.42 GB
[  110.3s] IOs:     52376027  IOPS:   474961  Throughput:  1855.3 MB/s  Total:  199.80 GB
[  110.5s] IOs:     52476326  IOPS:   475018  Throughput:  1855.5 MB/s  Total:  200.18 GB
[  110.7s] IOs:     52577004  IOPS:   475133  Throughput:  1856.0 MB/s  Total:  200.57 GB
[  110.9s] IOs:     52677819  IOPS:   475197  Throughput:  1856.2 MB/s  Total:  200.95 GB
[  111.0s] IOs:     52778151  IOPS:   475282  Throughput:  1856.6 MB/s  Total:  201.33 GB
[  111.3s] IOs:     52878204  IOPS:   475239  Throughput:  1856.4 MB/s  Total:  201.71 GB
[  111.5s] IOs:     52978286  IOPS:   475234  Throughput:  1856.4 MB/s  Total:  202.10 GB
[  111.7s] IOs:     53078478  IOPS:   475289  Throughput:  1856.6 MB/s  Total:  202.48 GB
[  111.9s] IOs:     53178956  IOPS:   475363  Throughput:  1856.9 MB/s  Total:  202.86 GB
[  112.1s] IOs:     53279443  IOPS:   475414  Throughput:  1857.1 MB/s  Total:  203.24 GB
[  112.3s] IOs:     53379544  IOPS:   475423  Throughput:  1857.1 MB/s  Total:  203.63 GB
[  112.5s] IOs:     53480448  IOPS:   475435  Throughput:  1857.2 MB/s  Total:  204.01 GB
[  112.7s] IOs:     53581118  IOPS:   475483  Throughput:  1857.4 MB/s  Total:  204.40 GB
[  112.9s] IOs:     53681626  IOPS:   475564  Throughput:  1857.7 MB/s  Total:  204.78 GB
[  113.1s] IOs:     53781701  IOPS:   475609  Throughput:  1857.8 MB/s  Total:  205.16 GB
[  113.3s] IOs:     53881871  IOPS:   475689  Throughput:  1858.2 MB/s  Total:  205.54 GB
[  113.5s] IOs:     53982544  IOPS:   475633  Throughput:  1857.9 MB/s  Total:  205.93 GB
[  113.7s] IOs:     54082726  IOPS:   475660  Throughput:  1858.0 MB/s  Total:  206.31 GB
[  113.9s] IOs:     54183133  IOPS:   475701  Throughput:  1858.2 MB/s  Total:  206.69 GB
[  114.1s] IOs:     54283772  IOPS:   475738  Throughput:  1858.4 MB/s  Total:  207.08 GB
[  114.3s] IOs:     54383938  IOPS:   475759  Throughput:  1858.4 MB/s  Total:  207.46 GB
[  114.5s] IOs:     54484747  IOPS:   475804  Throughput:  1858.6 MB/s  Total:  207.84 GB
[  114.7s] IOs:     54584911  IOPS:   475822  Throughput:  1858.7 MB/s  Total:  208.22 GB
[  114.9s] IOs:     54685504  IOPS:   475886  Throughput:  1858.9 MB/s  Total:  208.61 GB
[  115.1s] IOs:     54786016  IOPS:   475934  Throughput:  1859.1 MB/s  Total:  208.99 GB
[  115.3s] IOs:     54886509  IOPS:   475987  Throughput:  1859.3 MB/s  Total:  209.38 GB
[  115.5s] IOs:     54987247  IOPS:   476006  Throughput:  1859.4 MB/s  Total:  209.76 GB
[  115.7s] IOs:     55088248  IOPS:   476052  Throughput:  1859.6 MB/s  Total:  210.14 GB
[  115.9s] IOs:     55188995  IOPS:   476136  Throughput:  1859.9 MB/s  Total:  210.53 GB
[  116.1s] IOs:     55289651  IOPS:   476172  Throughput:  1860.0 MB/s  Total:  210.91 GB
[  116.3s] IOs:     55390141  IOPS:   476230  Throughput:  1860.3 MB/s  Total:  211.30 GB
[  116.5s] IOs:     55490422  IOPS:   476303  Throughput:  1860.6 MB/s  Total:  211.68 GB
[  116.7s] IOs:     55590582  IOPS:   476337  Throughput:  1860.7 MB/s  Total:  212.06 GB
[  116.9s] IOs:     55691338  IOPS:   476329  Throughput:  1860.7 MB/s  Total:  212.45 GB
[  117.1s] IOs:     55792166  IOPS:   476403  Throughput:  1860.9 MB/s  Total:  212.83 GB
[  117.3s] IOs:     55893066  IOPS:   476415  Throughput:  1861.0 MB/s  Total:  213.22 GB
[  117.5s] IOs:     55993250  IOPS:   476402  Throughput:  1860.9 MB/s  Total:  213.60 GB
[  117.8s] IOs:     56093724  IOPS:   476379  Throughput:  1860.9 MB/s  Total:  213.98 GB
[  117.9s] IOs:     56194176  IOPS:   476458  Throughput:  1861.2 MB/s  Total:  214.36 GB
[  118.1s] IOs:     56295016  IOPS:   476546  Throughput:  1861.5 MB/s  Total:  214.75 GB
[  118.3s] IOs:     56395930  IOPS:   476627  Throughput:  1861.8 MB/s  Total:  215.13 GB
[  118.5s] IOs:     56496668  IOPS:   476618  Throughput:  1861.8 MB/s  Total:  215.52 GB
[  118.7s] IOs:     56596752  IOPS:   476653  Throughput:  1861.9 MB/s  Total:  215.90 GB
[  118.9s] IOs:     56696839  IOPS:   476651  Throughput:  1861.9 MB/s  Total:  216.28 GB
[  119.1s] IOs:     56797096  IOPS:   476726  Throughput:  1862.2 MB/s  Total:  216.66 GB
[  119.3s] IOs:     56897728  IOPS:   476752  Throughput:  1862.3 MB/s  Total:  217.05 GB
[  119.6s] IOs:     56998160  IOPS:   476772  Throughput:  1862.4 MB/s  Total:  217.43 GB
[Reader] Parsed 7000000 lines, distributed 57082966 writes, unique 112.61 GB, skipped 0
[  119.7s] IOs:     57098215  IOPS:   476839  Throughput:  1862.7 MB/s  Total:  217.81 GB
[  119.9s] IOs:     57198889  IOPS:   476868  Throughput:  1862.8 MB/s  Total:  218.20 GB
[  120.1s] IOs:     57299233  IOPS:   476949  Throughput:  1863.1 MB/s  Total:  218.58 GB
[  120.4s] IOs:     57399699  IOPS:   476939  Throughput:  1863.0 MB/s  Total:  218.96 GB
[  120.5s] IOs:     57500620  IOPS:   476995  Throughput:  1863.3 MB/s  Total:  219.35 GB
[  120.8s] IOs:     57601544  IOPS:   477007  Throughput:  1863.3 MB/s  Total:  219.73 GB
[  121.0s] IOs:     57701923  IOPS:   477062  Throughput:  1863.5 MB/s  Total:  220.12 GB
[  121.1s] IOs:     57802397  IOPS:   477121  Throughput:  1863.8 MB/s  Total:  220.50 GB
[  121.3s] IOs:     57903065  IOPS:   477204  Throughput:  1864.1 MB/s  Total:  220.88 GB
[  121.6s] IOs:     58003929  IOPS:   477194  Throughput:  1864.0 MB/s  Total:  221.27 GB
[  121.8s] IOs:     58104680  IOPS:   477226  Throughput:  1864.2 MB/s  Total:  221.65 GB
[  122.0s] IOs:     58205418  IOPS:   477242  Throughput:  1864.2 MB/s  Total:  222.04 GB
[  122.2s] IOs:     58305962  IOPS:   477325  Throughput:  1864.6 MB/s  Total:  222.42 GB
[  122.4s] IOs:     58406811  IOPS:   477326  Throughput:  1864.6 MB/s  Total:  222.80 GB
[  122.6s] IOs:     58507537  IOPS:   477398  Throughput:  1864.8 MB/s  Total:  223.19 GB
[  122.8s] IOs:     58607958  IOPS:   477392  Throughput:  1864.8 MB/s  Total:  223.57 GB
[  123.0s] IOs:     58708827  IOPS:   477383  Throughput:  1864.8 MB/s  Total:  223.96 GB
[  123.2s] IOs:     58808989  IOPS:   477463  Throughput:  1865.1 MB/s  Total:  224.34 GB
[  123.4s] IOs:     58909736  IOPS:   477545  Throughput:  1865.4 MB/s  Total:  224.72 GB
[  123.6s] IOs:     59010289  IOPS:   477561  Throughput:  1865.5 MB/s  Total:  225.11 GB
[  123.8s] IOs:     59111090  IOPS:   477638  Throughput:  1865.8 MB/s  Total:  225.49 GB
[  124.0s] IOs:     59211485  IOPS:   477675  Throughput:  1865.9 MB/s  Total:  225.87 GB
[  124.1s] IOs:     59312334  IOPS:   477748  Throughput:  1866.2 MB/s  Total:  226.26 GB
[  124.3s] IOs:     59413121  IOPS:   477827  Throughput:  1866.5 MB/s  Total:  226.64 GB
[  124.5s] IOs:     59513353  IOPS:   477908  Throughput:  1866.8 MB/s  Total:  227.03 GB
[  124.7s] IOs:     59613984  IOPS:   477908  Throughput:  1866.8 MB/s  Total:  227.41 GB
[  124.9s] IOs:     59714419  IOPS:   477978  Throughput:  1867.1 MB/s  Total:  227.79 GB
[  125.1s] IOs:     59814610  IOPS:   477981  Throughput:  1867.1 MB/s  Total:  228.17 GB
[  125.3s] IOs:     59915215  IOPS:   478069  Throughput:  1867.5 MB/s  Total:  228.56 GB
[  125.5s] IOs:     60015788  IOPS:   478156  Throughput:  1867.8 MB/s  Total:  228.94 GB
[  125.7s] IOs:     60116640  IOPS:   478221  Throughput:  1868.0 MB/s  Total:  229.33 GB
[  125.9s] IOs:     60216972  IOPS:   478278  Throughput:  1868.3 MB/s  Total:  229.71 GB
[  126.1s] IOs:     60317021  IOPS:   478365  Throughput:  1868.6 MB/s  Total:  230.09 GB
[  126.3s] IOs:     60417466  IOPS:   478407  Throughput:  1868.8 MB/s  Total:  230.47 GB
[  126.5s] IOs:     60517961  IOPS:   478470  Throughput:  1869.0 MB/s  Total:  230.86 GB
[  126.7s] IOs:     60618610  IOPS:   478546  Throughput:  1869.3 MB/s  Total:  231.24 GB
[  126.9s] IOs:     60719584  IOPS:   478638  Throughput:  1869.7 MB/s  Total:  231.63 GB
[  127.1s] IOs:     60820508  IOPS:   478675  Throughput:  1869.8 MB/s  Total:  232.01 GB
[  127.3s] IOs:     60921032  IOPS:   478726  Throughput:  1870.0 MB/s  Total:  232.40 GB
[  127.5s] IOs:     61021553  IOPS:   478784  Throughput:  1870.2 MB/s  Total:  232.78 GB
[  127.7s] IOs:     61121815  IOPS:   478803  Throughput:  1870.3 MB/s  Total:  233.16 GB
[  127.9s] IOs:     61222055  IOPS:   478831  Throughput:  1870.4 MB/s  Total:  233.54 GB
[  128.1s] IOs:     61322861  IOPS:   478878  Throughput:  1870.6 MB/s  Total:  233.93 GB
[  128.3s] IOs:     61423258  IOPS:   478886  Throughput:  1870.6 MB/s  Total:  234.31 GB
[  128.5s] IOs:     61523625  IOPS:   478946  Throughput:  1870.9 MB/s  Total:  234.69 GB
[  128.7s] IOs:     61623943  IOPS:   478962  Throughput:  1870.9 MB/s  Total:  235.08 GB
[  128.9s] IOs:     61724063  IOPS:   478970  Throughput:  1871.0 MB/s  Total:  235.46 GB
[  129.1s] IOs:     61824857  IOPS:   478940  Throughput:  1870.9 MB/s  Total:  235.84 GB
[  129.3s] IOs:     61924952  IOPS:   478904  Throughput:  1870.7 MB/s  Total:  236.22 GB
[  129.5s] IOs:     62025450  IOPS:   478933  Throughput:  1870.8 MB/s  Total:  236.61 GB
[  129.7s] IOs:     62125974  IOPS:   479000  Throughput:  1871.1 MB/s  Total:  236.99 GB
[  129.9s] IOs:     62226199  IOPS:   478942  Throughput:  1870.9 MB/s  Total:  237.37 GB
[  130.1s] IOs:     62326231  IOPS:   478981  Throughput:  1871.0 MB/s  Total:  237.76 GB
[  130.3s] IOs:     62426433  IOPS:   479021  Throughput:  1871.2 MB/s  Total:  238.14 GB
[  130.5s] IOs:     62526795  IOPS:   479082  Throughput:  1871.4 MB/s  Total:  238.52 GB
[  130.7s] IOs:     62627699  IOPS:   479116  Throughput:  1871.5 MB/s  Total:  238.91 GB
[  130.9s] IOs:     62727877  IOPS:   479125  Throughput:  1871.6 MB/s  Total:  239.29 GB
[  131.1s] IOs:     62827897  IOPS:   479147  Throughput:  1871.7 MB/s  Total:  239.67 GB
[  131.3s] IOs:     62928784  IOPS:   479126  Throughput:  1871.6 MB/s  Total:  240.05 GB
[  131.5s] IOs:     63029496  IOPS:   479190  Throughput:  1871.8 MB/s  Total:  240.44 GB
[  131.7s] IOs:     63129939  IOPS:   479207  Throughput:  1871.9 MB/s  Total:  240.82 GB
[  131.9s] IOs:     63230506  IOPS:   479251  Throughput:  1872.1 MB/s  Total:  241.21 GB
[  132.1s] IOs:     63330851  IOPS:   479291  Throughput:  1872.2 MB/s  Total:  241.59 GB
[  132.3s] IOs:     63431702  IOPS:   479296  Throughput:  1872.2 MB/s  Total:  241.97 GB
[  132.5s] IOs:     63532076  IOPS:   479377  Throughput:  1872.6 MB/s  Total:  242.36 GB
[  132.7s] IOs:     63632889  IOPS:   479415  Throughput:  1872.7 MB/s  Total:  242.74 GB
[  132.9s] IOs:     63733529  IOPS:   479485  Throughput:  1873.0 MB/s  Total:  243.12 GB
[  133.1s] IOs:     63834398  IOPS:   479538  Throughput:  1873.2 MB/s  Total:  243.51 GB
[  133.3s] IOs:     63935078  IOPS:   479607  Throughput:  1873.5 MB/s  Total:  243.89 GB
[  133.5s] IOs:     64035316  IOPS:   479642  Throughput:  1873.6 MB/s  Total:  244.28 GB
[  133.7s] IOs:     64135863  IOPS:   479719  Throughput:  1873.9 MB/s  Total:  244.66 GB
[  133.9s] IOs:     64236371  IOPS:   479730  Throughput:  1873.9 MB/s  Total:  245.04 GB
[  134.1s] IOs:     64336581  IOPS:   479735  Throughput:  1874.0 MB/s  Total:  245.42 GB
[  134.3s] IOs:     64436635  IOPS:   479676  Throughput:  1873.7 MB/s  Total:  245.81 GB
[Reader] Parsed 8000000 lines, distributed 64468039 writes, unique 124.43 GB, skipped 0
[  134.5s] IOs:     64537360  IOPS:   479703  Throughput:  1873.8 MB/s  Total:  246.19 GB
[  134.7s] IOs:     64638249  IOPS:   479782  Throughput:  1874.1 MB/s  Total:  246.58 GB
[  134.9s] IOs:     64738912  IOPS:   479857  Throughput:  1874.4 MB/s  Total:  246.96 GB
[  135.1s] IOs:     64839551  IOPS:   479793  Throughput:  1874.2 MB/s  Total:  247.34 GB
[  135.4s] IOs:     64940347  IOPS:   479740  Throughput:  1874.0 MB/s  Total:  247.73 GB
[  135.6s] IOs:     65040792  IOPS:   479770  Throughput:  1874.1 MB/s  Total:  248.11 GB
[  135.8s] IOs:     65141019  IOPS:   479780  Throughput:  1874.1 MB/s  Total:  248.49 GB
[  136.0s] IOs:     65241378  IOPS:   479835  Throughput:  1874.4 MB/s  Total:  248.88 GB
[  136.2s] IOs:     65341615  IOPS:   479762  Throughput:  1874.1 MB/s  Total:  249.26 GB
[  136.4s] IOs:     65441622  IOPS:   479730  Throughput:  1873.9 MB/s  Total:  249.64 GB
[  136.6s] IOs:     65542570  IOPS:   479706  Throughput:  1873.9 MB/s  Total:  250.03 GB
[  136.8s] IOs:     65643301  IOPS:   479758  Throughput:  1874.1 MB/s  Total:  250.41 GB
[  137.0s] IOs:     65743863  IOPS:   479789  Throughput:  1874.2 MB/s  Total:  250.79 GB
[  137.2s] IOs:     65843886  IOPS:   479834  Throughput:  1874.4 MB/s  Total:  251.17 GB
[  137.4s] IOs:     65944847  IOPS:   479908  Throughput:  1874.6 MB/s  Total:  251.56 GB
[  137.6s] IOs:     66044904  IOPS:   479950  Throughput:  1874.8 MB/s  Total:  251.94 GB
[  137.8s] IOs:     66145132  IOPS:   479934  Throughput:  1874.7 MB/s  Total:  252.32 GB
[  138.0s] IOs:     66245836  IOPS:   479978  Throughput:  1874.9 MB/s  Total:  252.71 GB
[  138.2s] IOs:     66345998  IOPS:   480018  Throughput:  1875.1 MB/s  Total:  253.09 GB
[  138.4s] IOs:     66446496  IOPS:   480061  Throughput:  1875.2 MB/s  Total:  253.47 GB
[  138.6s] IOs:     66546999  IOPS:   480064  Throughput:  1875.3 MB/s  Total:  253.86 GB
[  138.8s] IOs:     66647712  IOPS:   480123  Throughput:  1875.5 MB/s  Total:  254.24 GB
[  139.0s] IOs:     66747945  IOPS:   480178  Throughput:  1875.7 MB/s  Total:  254.62 GB
[  139.2s] IOs:     66848778  IOPS:   480227  Throughput:  1875.9 MB/s  Total:  255.01 GB
[  139.4s] IOs:     66948836  IOPS:   480169  Throughput:  1875.7 MB/s  Total:  255.39 GB
[  139.6s] IOs:     67049850  IOPS:   480204  Throughput:  1875.8 MB/s  Total:  255.77 GB
[  139.8s] IOs:     67150483  IOPS:   480248  Throughput:  1876.0 MB/s  Total:  256.16 GB
[  140.0s] IOs:     67251099  IOPS:   480266  Throughput:  1876.0 MB/s  Total:  256.54 GB
[  140.2s] IOs:     67351919  IOPS:   480253  Throughput:  1876.0 MB/s  Total:  256.93 GB
[  140.4s] IOs:     67452281  IOPS:   480282  Throughput:  1876.1 MB/s  Total:  257.31 GB
[  140.6s] IOs:     67552354  IOPS:   480291  Throughput:  1876.1 MB/s  Total:  257.69 GB
[  140.9s] IOs:     67652744  IOPS:   480288  Throughput:  1876.1 MB/s  Total:  258.07 GB
[  141.1s] IOs:     67753404  IOPS:   480317  Throughput:  1876.2 MB/s  Total:  258.46 GB
[  141.3s] IOs:     67853689  IOPS:   480360  Throughput:  1876.4 MB/s  Total:  258.84 GB
[  141.5s] IOs:     67954578  IOPS:   480364  Throughput:  1876.4 MB/s  Total:  259.23 GB
[  141.7s] IOs:     68055499  IOPS:   480391  Throughput:  1876.5 MB/s  Total:  259.61 GB
[  141.9s] IOs:     68155848  IOPS:   480402  Throughput:  1876.6 MB/s  Total:  259.99 GB
[  142.1s] IOs:     68256168  IOPS:   480473  Throughput:  1876.8 MB/s  Total:  260.38 GB
[  142.3s] IOs:     68356837  IOPS:   480508  Throughput:  1877.0 MB/s  Total:  260.76 GB
[  142.4s] IOs:     68456944  IOPS:   480572  Throughput:  1877.2 MB/s  Total:  261.14 GB
[  142.7s] IOs:     68556995  IOPS:   480592  Throughput:  1877.3 MB/s  Total:  261.52 GB
[  142.9s] IOs:     68657012  IOPS:   480593  Throughput:  1877.3 MB/s  Total:  261.91 GB
[  143.1s] IOs:     68757048  IOPS:   480619  Throughput:  1877.4 MB/s  Total:  262.29 GB
[  143.3s] IOs:     68857761  IOPS:   480501  Throughput:  1877.0 MB/s  Total:  262.67 GB
[  143.5s] IOs:     68958209  IOPS:   480529  Throughput:  1877.1 MB/s  Total:  263.05 GB
[  143.7s] IOs:     69058410  IOPS:   480561  Throughput:  1877.2 MB/s  Total:  263.44 GB
[  143.9s] IOs:     69159213  IOPS:   480581  Throughput:  1877.3 MB/s  Total:  263.82 GB
[  144.1s] IOs:     69259270  IOPS:   480583  Throughput:  1877.3 MB/s  Total:  264.20 GB
[  144.3s] IOs:     69359846  IOPS:   480636  Throughput:  1877.5 MB/s  Total:  264.59 GB
[  144.5s] IOs:     69460310  IOPS:   480701  Throughput:  1877.7 MB/s  Total:  264.97 GB
[  144.7s] IOs:     69560752  IOPS:   480691  Throughput:  1877.7 MB/s  Total:  265.35 GB
[  144.9s] IOs:     69661079  IOPS:   480690  Throughput:  1877.7 MB/s  Total:  265.74 GB
[  145.1s] IOs:     69761742  IOPS:   480732  Throughput:  1877.9 MB/s  Total:  266.12 GB
[  145.3s] IOs:     69862450  IOPS:   480796  Throughput:  1878.1 MB/s  Total:  266.50 GB
[  145.5s] IOs:     69963024  IOPS:   480841  Throughput:  1878.3 MB/s  Total:  266.89 GB
[  145.7s] IOs:     70063718  IOPS:   480883  Throughput:  1878.5 MB/s  Total:  267.27 GB
[  145.9s] IOs:     70164639  IOPS:   480899  Throughput:  1878.5 MB/s  Total:  267.66 GB
[  146.1s] IOs:     70265582  IOPS:   480933  Throughput:  1878.6 MB/s  Total:  268.04 GB
[  146.3s] IOs:     70365893  IOPS:   480983  Throughput:  1878.8 MB/s  Total:  268.42 GB
[  146.5s] IOs:     70466862  IOPS:   481057  Throughput:  1879.1 MB/s  Total:  268.81 GB
[  146.7s] IOs:     70567863  IOPS:   481118  Throughput:  1879.4 MB/s  Total:  269.20 GB
[  146.9s] IOs:     70668675  IOPS:   481101  Throughput:  1879.3 MB/s  Total:  269.58 GB
[Reader] Parsed 9000000 lines, distributed 70763893 writes, unique 133.26 GB, skipped 0
[  147.1s] IOs:     70769265  IOPS:   481158  Throughput:  1879.5 MB/s  Total:  269.96 GB
[  147.3s] IOs:     70869635  IOPS:   481131  Throughput:  1879.4 MB/s  Total:  270.35 GB
[  147.5s] IOs:     70969951  IOPS:   481137  Throughput:  1879.4 MB/s  Total:  270.73 GB
[  147.7s] IOs:     71070273  IOPS:   481182  Throughput:  1879.6 MB/s  Total:  271.11 GB
[  147.9s] IOs:     71170366  IOPS:   481219  Throughput:  1879.8 MB/s  Total:  271.49 GB
[  148.1s] IOs:     71270817  IOPS:   481222  Throughput:  1879.8 MB/s  Total:  271.88 GB
[  148.3s] IOs:     71371627  IOPS:   481270  Throughput:  1880.0 MB/s  Total:  272.26 GB
[  148.5s] IOs:     71472217  IOPS:   481276  Throughput:  1880.0 MB/s  Total:  272.64 GB
[  148.7s] IOs:     71572285  IOPS:   481344  Throughput:  1880.2 MB/s  Total:  273.03 GB
[  148.9s] IOs:     71673099  IOPS:   481349  Throughput:  1880.3 MB/s  Total:  273.41 GB
[  149.1s] IOs:     71773524  IOPS:   481379  Throughput:  1880.4 MB/s  Total:  273.79 GB
[  149.3s] IOs:     71873677  IOPS:   481374  Throughput:  1880.4 MB/s  Total:  274.18 GB
[  149.5s] IOs:     71974119  IOPS:   481431  Throughput:  1880.6 MB/s  Total:  274.56 GB
[  149.7s] IOs:     72074875  IOPS:   481495  Throughput:  1880.8 MB/s  Total:  274.94 GB
[  149.9s] IOs:     72174914  IOPS:   481550  Throughput:  1881.1 MB/s  Total:  275.33 GB
[  150.1s] IOs:     72275407  IOPS:   481599  Throughput:  1881.2 MB/s  Total:  275.71 GB
[  150.3s] IOs:     72376419  IOPS:   481605  Throughput:  1881.3 MB/s  Total:  276.09 GB
[  150.5s] IOs:     72477058  IOPS:   481678  Throughput:  1881.6 MB/s  Total:  276.48 GB
[  150.7s] IOs:     72577476  IOPS:   481734  Throughput:  1881.8 MB/s  Total:  276.86 GB
[  150.9s] IOs:     72678346  IOPS:   481747  Throughput:  1881.8 MB/s  Total:  277.25 GB
[  151.1s] IOs:     72778842  IOPS:   481765  Throughput:  1881.9 MB/s  Total:  277.63 GB
[  151.3s] IOs:     72878993  IOPS:   481769  Throughput:  1881.9 MB/s  Total:  278.01 GB
[  151.5s] IOs:     72979437  IOPS:   481836  Throughput:  1882.2 MB/s  Total:  278.39 GB
[  151.7s] IOs:     73079873  IOPS:   481897  Throughput:  1882.4 MB/s  Total:  278.78 GB
[  151.8s] IOs:     73179927  IOPS:   481958  Throughput:  1882.6 MB/s  Total:  279.16 GB
[  152.0s] IOs:     73280731  IOPS:   482008  Throughput:  1882.8 MB/s  Total:  279.54 GB
[  152.2s] IOs:     73380974  IOPS:   482052  Throughput:  1883.0 MB/s  Total:  279.93 GB
[  152.4s] IOs:     73481510  IOPS:   482106  Throughput:  1883.2 MB/s  Total:  280.31 GB
[  152.6s] IOs:     73581929  IOPS:   482115  Throughput:  1883.3 MB/s  Total:  280.69 GB
[  152.8s] IOs:     73682596  IOPS:   482145  Throughput:  1883.4 MB/s  Total:  281.08 GB
[  153.0s] IOs:     73783382  IOPS:   482184  Throughput:  1883.5 MB/s  Total:  281.46 GB
[  153.2s] IOs:     73883473  IOPS:   482117  Throughput:  1883.3 MB/s  Total:  281.84 GB
[  153.5s] IOs:     73984349  IOPS:   482131  Throughput:  1883.3 MB/s  Total:  282.23 GB
[  153.6s] IOs:     74084947  IOPS:   482194  Throughput:  1883.6 MB/s  Total:  282.61 GB
[  153.8s] IOs:     74185388  IOPS:   482259  Throughput:  1883.8 MB/s  Total:  282.99 GB
[  154.0s] IOs:     74286371  IOPS:   482230  Throughput:  1883.7 MB/s  Total:  283.38 GB
[  154.3s] IOs:     74386932  IOPS:   482231  Throughput:  1883.7 MB/s  Total:  283.76 GB
[  154.4s] IOs:     74487206  IOPS:   482311  Throughput:  1884.0 MB/s  Total:  284.15 GB
[  154.6s] IOs:     74587761  IOPS:   482380  Throughput:  1884.3 MB/s  Total:  284.53 GB
[  154.8s] IOs:     74688373  IOPS:   482408  Throughput:  1884.4 MB/s  Total:  284.91 GB
[  155.0s] IOs:     74788667  IOPS:   482455  Throughput:  1884.6 MB/s  Total:  285.30 GB
[  155.2s] IOs:     74888696  IOPS:   482476  Throughput:  1884.7 MB/s  Total:  285.68 GB
[  155.4s] IOs:     74989471  IOPS:   482534  Throughput:  1884.9 MB/s  Total:  286.06 GB
[  155.6s] IOs:     75089733  IOPS:   482601  Throughput:  1885.2 MB/s  Total:  286.44 GB
[  155.8s] IOs:     75190467  IOPS:   482600  Throughput:  1885.2 MB/s  Total:  286.83 GB
[  156.0s] IOs:     75291307  IOPS:   482634  Throughput:  1885.3 MB/s  Total:  287.21 GB
[  156.3s] IOs:     75391850  IOPS:   482459  Throughput:  1884.6 MB/s  Total:  287.60 GB
[  156.5s] IOs:     75492693  IOPS:   482372  Throughput:  1884.3 MB/s  Total:  287.98 GB
[  156.7s] IOs:     75593220  IOPS:   482397  Throughput:  1884.4 MB/s  Total:  288.37 GB
[  156.9s] IOs:     75693943  IOPS:   482474  Throughput:  1884.7 MB/s  Total:  288.75 GB
[  157.1s] IOs:     75794090  IOPS:   482476  Throughput:  1884.7 MB/s  Total:  289.13 GB
[  157.3s] IOs:     75894588  IOPS:   482512  Throughput:  1884.8 MB/s  Total:  289.51 GB
[  157.5s] IOs:     75994986  IOPS:   482561  Throughput:  1885.0 MB/s  Total:  289.90 GB
[  157.7s] IOs:     76095331  IOPS:   482561  Throughput:  1885.0 MB/s  Total:  290.28 GB
[  157.9s] IOs:     76195837  IOPS:   482556  Throughput:  1885.0 MB/s  Total:  290.66 GB
[  158.1s] IOs:     76296773  IOPS:   482623  Throughput:  1885.2 MB/s  Total:  291.05 GB
[  158.3s] IOs:     76397333  IOPS:   482610  Throughput:  1885.2 MB/s  Total:  291.43 GB
[Reader] Parsed 10000000 lines, distributed 76469859 writes, unique 138.68 GB, skipped 0
[  158.5s] IOs:     76497945  IOPS:   482638  Throughput:  1885.3 MB/s  Total:  291.82 GB
[  158.7s] IOs:     76598481  IOPS:   482689  Throughput:  1885.5 MB/s  Total:  292.20 GB
[  158.9s] IOs:     76698729  IOPS:   482727  Throughput:  1885.7 MB/s  Total:  292.58 GB
[  159.1s] IOs:     76799083  IOPS:   482772  Throughput:  1885.8 MB/s  Total:  292.97 GB
[  159.3s] IOs:     76899423  IOPS:   482771  Throughput:  1885.8 MB/s  Total:  293.35 GB
[  159.5s] IOs:     77000220  IOPS:   482824  Throughput:  1886.0 MB/s  Total:  293.73 GB
[  159.7s] IOs:     77100674  IOPS:   482849  Throughput:  1886.1 MB/s  Total:  294.12 GB
[  159.9s] IOs:     77201317  IOPS:   482894  Throughput:  1886.3 MB/s  Total:  294.50 GB
[  160.1s] IOs:     77301857  IOPS:   482910  Throughput:  1886.4 MB/s  Total:  294.88 GB
[  160.3s] IOs:     77402228  IOPS:   482959  Throughput:  1886.6 MB/s  Total:  295.27 GB
[  160.5s] IOs:     77503038  IOPS:   483009  Throughput:  1886.8 MB/s  Total:  295.65 GB
[  160.7s] IOs:     77603215  IOPS:   482978  Throughput:  1886.6 MB/s  Total:  296.03 GB
[  160.9s] IOs:     77704130  IOPS:   482923  Throughput:  1886.4 MB/s  Total:  296.42 GB
[  161.1s] IOs:     77804730  IOPS:   482914  Throughput:  1886.4 MB/s  Total:  296.80 GB
[  161.3s] IOs:     77904755  IOPS:   482922  Throughput:  1886.4 MB/s  Total:  297.18 GB
[  161.5s] IOs:     78005599  IOPS:   482897  Throughput:  1886.3 MB/s  Total:  297.57 GB
[  161.7s] IOs:     78106466  IOPS:   482905  Throughput:  1886.3 MB/s  Total:  297.95 GB
[  161.9s] IOs:     78206755  IOPS:   482948  Throughput:  1886.5 MB/s  Total:  298.34 GB
[  162.1s] IOs:     78307071  IOPS:   482996  Throughput:  1886.7 MB/s  Total:  298.72 GB
[  162.3s] IOs:     78407821  IOPS:   483042  Throughput:  1886.9 MB/s  Total:  299.10 GB
[  162.5s] IOs:     78508615  IOPS:   483083  Throughput:  1887.0 MB/s  Total:  299.49 GB
[  162.7s] IOs:     78609373  IOPS:   483091  Throughput:  1887.1 MB/s  Total:  299.87 GB
[  162.9s] IOs:     78709843  IOPS:   483110  Throughput:  1887.1 MB/s  Total:  300.25 GB
[  163.1s] IOs:     78810275  IOPS:   483156  Throughput:  1887.3 MB/s  Total:  300.64 GB
[  163.3s] IOs:     78910934  IOPS:   483193  Throughput:  1887.5 MB/s  Total:  301.02 GB
[  163.5s] IOs:     79011231  IOPS:   483248  Throughput:  1887.7 MB/s  Total:  301.40 GB
[  163.7s] IOs:     79111249  IOPS:   483271  Throughput:  1887.8 MB/s  Total:  301.79 GB
[  163.9s] IOs:     79212015  IOPS:   483283  Throughput:  1887.8 MB/s  Total:  302.17 GB
[  164.1s] IOs:     79312510  IOPS:   483328  Throughput:  1888.0 MB/s  Total:  302.55 GB
[  164.3s] IOs:     79413075  IOPS:   483383  Throughput:  1888.2 MB/s  Total:  302.94 GB
[  164.5s] IOs:     79514034  IOPS:   483399  Throughput:  1888.3 MB/s  Total:  303.32 GB
[  164.7s] IOs:     79614350  IOPS:   483404  Throughput:  1888.3 MB/s  Total:  303.70 GB
[  164.9s] IOs:     79714541  IOPS:   483446  Throughput:  1888.5 MB/s  Total:  304.09 GB
[  165.1s] IOs:     79815077  IOPS:   483498  Throughput:  1888.7 MB/s  Total:  304.47 GB
[  165.3s] IOs:     79915582  IOPS:   483533  Throughput:  1888.8 MB/s  Total:  304.85 GB
[  165.5s] IOs:     80015976  IOPS:   483569  Throughput:  1888.9 MB/s  Total:  305.24 GB
[  165.7s] IOs:     80116509  IOPS:   483607  Throughput:  1889.1 MB/s  Total:  305.62 GB
[  165.9s] IOs:     80217531  IOPS:   483607  Throughput:  1889.1 MB/s  Total:  306.01 GB
[  166.1s] IOs:     80318186  IOPS:   483667  Throughput:  1889.3 MB/s  Total:  306.39 GB
[  166.3s] IOs:     80418765  IOPS:   483717  Throughput:  1889.5 MB/s  Total:  306.77 GB
[  166.5s] IOs:     80519634  IOPS:   483699  Throughput:  1889.5 MB/s  Total:  307.16 GB
[  166.7s] IOs:     80619987  IOPS:   483730  Throughput:  1889.6 MB/s  Total:  307.54 GB
[  166.9s] IOs:     80720074  IOPS:   483779  Throughput:  1889.8 MB/s  Total:  307.92 GB
[  167.1s] IOs:     80820473  IOPS:   483807  Throughput:  1889.9 MB/s  Total:  308.31 GB
[  167.2s] IOs:     80921257  IOPS:   483841  Throughput:  1890.0 MB/s  Total:  308.69 GB
[  167.4s] IOs:     81021855  IOPS:   483875  Throughput:  1890.1 MB/s  Total:  309.07 GB
[  167.7s] IOs:     81122070  IOPS:   483844  Throughput:  1890.0 MB/s  Total:  309.46 GB
[  167.9s] IOs:     81222501  IOPS:   483868  Throughput:  1890.1 MB/s  Total:  309.84 GB
[  168.0s] IOs:     81323109  IOPS:   483923  Throughput:  1890.3 MB/s  Total:  310.22 GB
[  168.2s] IOs:     81423715  IOPS:   483968  Throughput:  1890.5 MB/s  Total:  310.61 GB
[  168.4s] IOs:     81524420  IOPS:   484029  Throughput:  1890.7 MB/s  Total:  310.99 GB
[  168.6s] IOs:     81624536  IOPS:   484068  Throughput:  1890.9 MB/s  Total:  311.37 GB
[  168.8s] IOs:     81724752  IOPS:   484104  Throughput:  1891.0 MB/s  Total:  311.76 GB
[  169.0s] IOs:     81825162  IOPS:   484075  Throughput:  1890.9 MB/s  Total:  312.14 GB
[  169.2s] IOs:     81925414  IOPS:   484078  Throughput:  1890.9 MB/s  Total:  312.52 GB
[  169.4s] IOs:     82026401  IOPS:   484131  Throughput:  1891.1 MB/s  Total:  312.91 GB
[  169.6s] IOs:     82126513  IOPS:   484152  Throughput:  1891.2 MB/s  Total:  313.29 GB
[  169.8s] IOs:     82226926  IOPS:   484136  Throughput:  1891.2 MB/s  Total:  313.67 GB
[  170.0s] IOs:     82326994  IOPS:   484152  Throughput:  1891.2 MB/s  Total:  314.05 GB
[  170.2s] IOs:     82427498  IOPS:   484185  Throughput:  1891.3 MB/s  Total:  314.44 GB
[  170.4s] IOs:     82528028  IOPS:   484217  Throughput:  1891.5 MB/s  Total:  314.82 GB
[  170.6s] IOs:     82628559  IOPS:   484233  Throughput:  1891.5 MB/s  Total:  315.20 GB
[Reader] Parsed 11000000 lines, distributed 82660198 writes, unique 145.54 GB, skipped 0
[  170.8s] IOs:     82728997  IOPS:   484228  Throughput:  1891.5 MB/s  Total:  315.59 GB
[  171.1s] IOs:     82829775  IOPS:   484229  Throughput:  1891.5 MB/s  Total:  315.97 GB
[  171.3s] IOs:     82930276  IOPS:   484261  Throughput:  1891.6 MB/s  Total:  316.35 GB
[  171.4s] IOs:     83030890  IOPS:   484308  Throughput:  1891.8 MB/s  Total:  316.74 GB
[  171.6s] IOs:     83131202  IOPS:   484342  Throughput:  1892.0 MB/s  Total:  317.12 GB
[  171.8s] IOs:     83231589  IOPS:   484363  Throughput:  1892.0 MB/s  Total:  317.50 GB
[  172.0s] IOs:     83331958  IOPS:   484385  Throughput:  1892.1 MB/s  Total:  317.89 GB
[  172.2s] IOs:     83432059  IOPS:   484394  Throughput:  1892.2 MB/s  Total:  318.27 GB
[  172.4s] IOs:     83532444  IOPS:   484432  Throughput:  1892.3 MB/s  Total:  318.65 GB
[  172.6s] IOs:     83633105  IOPS:   484447  Throughput:  1892.4 MB/s  Total:  319.03 GB
[  172.8s] IOs:     83733572  IOPS:   484485  Throughput:  1892.5 MB/s  Total:  319.42 GB
[  173.0s] IOs:     83834147  IOPS:   484489  Throughput:  1892.5 MB/s  Total:  319.80 GB
[  173.2s] IOs:     83934785  IOPS:   484520  Throughput:  1892.7 MB/s  Total:  320.19 GB
[  173.4s] IOs:     84035247  IOPS:   484565  Throughput:  1892.8 MB/s  Total:  320.57 GB
[  173.6s] IOs:     84135698  IOPS:   484609  Throughput:  1893.0 MB/s  Total:  320.95 GB
[  173.8s] IOs:     84236418  IOPS:   484621  Throughput:  1893.0 MB/s  Total:  321.34 GB
[  174.0s] IOs:     84336809  IOPS:   484642  Throughput:  1893.1 MB/s  Total:  321.72 GB
[  174.2s] IOs:     84437189  IOPS:   484665  Throughput:  1893.2 MB/s  Total:  322.10 GB
[  174.4s] IOs:     84537935  IOPS:   484705  Throughput:  1893.4 MB/s  Total:  322.49 GB
[  174.6s] IOs:     84638595  IOPS:   484750  Throughput:  1893.6 MB/s  Total:  322.87 GB
[  174.8s] IOs:     84739069  IOPS:   484780  Throughput:  1893.7 MB/s  Total:  323.25 GB
[  175.0s] IOs:     84839792  IOPS:   484807  Throughput:  1893.8 MB/s  Total:  323.64 GB
[  175.2s] IOs:     84940234  IOPS:   484833  Throughput:  1893.9 MB/s  Total:  324.02 GB
[  175.4s] IOs:     85040836  IOPS:   484894  Throughput:  1894.1 MB/s  Total:  324.41 GB
[  175.6s] IOs:     85141558  IOPS:   484924  Throughput:  1894.2 MB/s  Total:  324.79 GB
[  175.8s] IOs:     85242407  IOPS:   484960  Throughput:  1894.4 MB/s  Total:  325.17 GB
[  176.0s] IOs:     85342682  IOPS:   484924  Throughput:  1894.2 MB/s  Total:  325.56 GB
[  176.2s] IOs:     85443215  IOPS:   484929  Throughput:  1894.3 MB/s  Total:  325.94 GB
[  176.4s] IOs:     85543481  IOPS:   484949  Throughput:  1894.3 MB/s  Total:  326.32 GB
[  176.6s] IOs:     85643973  IOPS:   484996  Throughput:  1894.5 MB/s  Total:  326.71 GB
[  176.8s] IOs:     85744412  IOPS:   485023  Throughput:  1894.6 MB/s  Total:  327.09 GB
[  177.0s] IOs:     85845266  IOPS:   485051  Throughput:  1894.7 MB/s  Total:  327.47 GB
[  177.2s] IOs:     85945972  IOPS:   485086  Throughput:  1894.9 MB/s  Total:  327.86 GB
[  177.4s] IOs:     86046636  IOPS:   485110  Throughput:  1895.0 MB/s  Total:  328.24 GB
[  177.6s] IOs:     86147183  IOPS:   485133  Throughput:  1895.1 MB/s  Total:  328.63 GB
[  177.8s] IOs:     86247418  IOPS:   485173  Throughput:  1895.2 MB/s  Total:  329.01 GB
[  178.0s] IOs:     86348080  IOPS:   485219  Throughput:  1895.4 MB/s  Total:  329.39 GB
[  178.2s] IOs:     86448816  IOPS:   485202  Throughput:  1895.3 MB/s  Total:  329.78 GB
[  178.4s] IOs:     86549102  IOPS:   485202  Throughput:  1895.3 MB/s  Total:  330.16 GB
[  178.6s] IOs:     86650072  IOPS:   485239  Throughput:  1895.5 MB/s  Total:  330.54 GB
[  178.8s] IOs:     86750810  IOPS:   485201  Throughput:  1895.3 MB/s  Total:  330.93 GB
[  179.0s] IOs:     86851792  IOPS:   485227  Throughput:  1895.4 MB/s  Total:  331.31 GB
[  179.2s] IOs:     86952311  IOPS:   485211  Throughput:  1895.4 MB/s  Total:  331.70 GB
[  179.4s] IOs:     87053286  IOPS:   485239  Throughput:  1895.5 MB/s  Total:  332.08 GB
[  179.6s] IOs:     87153797  IOPS:   485279  Throughput:  1895.6 MB/s  Total:  332.47 GB
[  179.8s] IOs:     87254050  IOPS:   485291  Throughput:  1895.7 MB/s  Total:  332.85 GB
[  180.0s] IOs:     87354214  IOPS:   485320  Throughput:  1895.8 MB/s  Total:  333.23 GB
[  180.2s] IOs:     87454814  IOPS:   485324  Throughput:  1895.8 MB/s  Total:  333.61 GB
[  180.4s] IOs:     87555356  IOPS:   485337  Throughput:  1895.8 MB/s  Total:  334.00 GB
[  180.6s] IOs:     87655782  IOPS:   485382  Throughput:  1896.0 MB/s  Total:  334.38 GB
[  180.8s] IOs:     87756371  IOPS:   485412  Throughput:  1896.1 MB/s  Total:  334.76 GB
[  181.0s] IOs:     87857055  IOPS:   485408  Throughput:  1896.1 MB/s  Total:  335.15 GB
[  181.2s] IOs:     87957579  IOPS:   485414  Throughput:  1896.2 MB/s  Total:  335.53 GB
[  181.4s] IOs:     88057990  IOPS:   485439  Throughput:  1896.2 MB/s  Total:  335.91 GB
[  181.6s] IOs:     88158277  IOPS:   485442  Throughput:  1896.3 MB/s  Total:  336.30 GB
[  181.8s] IOs:     88259003  IOPS:   485492  Throughput:  1896.5 MB/s  Total:  336.68 GB
[  182.0s] IOs:     88359444  IOPS:   485528  Throughput:  1896.6 MB/s  Total:  337.06 GB
[  182.2s] IOs:     88460060  IOPS:   485540  Throughput:  1896.6 MB/s  Total:  337.45 GB
[  182.4s] IOs:     88560460  IOPS:   485575  Throughput:  1896.8 MB/s  Total:  337.83 GB
[  182.6s] IOs:     88660467  IOPS:   485583  Throughput:  1896.8 MB/s  Total:  338.21 GB
[  182.8s] IOs:     88761096  IOPS:   485630  Throughput:  1897.0 MB/s  Total:  338.60 GB
[Reader] Parsed 12000000 lines, distributed 88782580 writes, unique 151.55 GB, skipped 0
[  183.0s] IOs:     88861364  IOPS:   485680  Throughput:  1897.2 MB/s  Total:  338.98 GB
[  183.2s] IOs:     88961412  IOPS:   485680  Throughput:  1897.2 MB/s  Total:  339.36 GB
[  183.4s] IOs:     89062167  IOPS:   485665  Throughput:  1897.1 MB/s  Total:  339.75 GB
[  183.6s] IOs:     89162319  IOPS:   485696  Throughput:  1897.2 MB/s  Total:  340.13 GB
[  183.8s] IOs:     89263282  IOPS:   485739  Throughput:  1897.4 MB/s  Total:  340.51 GB
[  184.0s] IOs:     89363398  IOPS:   485785  Throughput:  1897.6 MB/s  Total:  340.89 GB
[  184.2s] IOs:     89463635  IOPS:   485779  Throughput:  1897.6 MB/s  Total:  341.28 GB
[  184.4s] IOs:     89564019  IOPS:   485809  Throughput:  1897.7 MB/s  Total:  341.66 GB
[  184.6s] IOs:     89664281  IOPS:   485802  Throughput:  1897.7 MB/s  Total:  342.04 GB
[  184.8s] IOs:     89765111  IOPS:   485831  Throughput:  1897.8 MB/s  Total:  342.43 GB
[  185.0s] IOs:     89865951  IOPS:   485879  Throughput:  1898.0 MB/s  Total:  342.81 GB
[  185.2s] IOs:     89966523  IOPS:   485890  Throughput:  1898.0 MB/s  Total:  343.20 GB
[  185.4s] IOs:     90067465  IOPS:   485887  Throughput:  1898.0 MB/s  Total:  343.58 GB
[  185.6s] IOs:     90168118  IOPS:   485886  Throughput:  1898.0 MB/s  Total:  343.96 GB
[  185.8s] IOs:     90268466  IOPS:   485937  Throughput:  1898.2 MB/s  Total:  344.35 GB
[  186.0s] IOs:     90368779  IOPS:   485976  Throughput:  1898.3 MB/s  Total:  344.73 GB
[  186.1s] IOs:     90469349  IOPS:   486010  Throughput:  1898.5 MB/s  Total:  345.11 GB
[  186.4s] IOs:     90570060  IOPS:   486012  Throughput:  1898.5 MB/s  Total:  345.50 GB
[  186.5s] IOs:     90670417  IOPS:   486039  Throughput:  1898.6 MB/s  Total:  345.88 GB
[  186.7s] IOs:     90770637  IOPS:   486062  Throughput:  1898.7 MB/s  Total:  346.26 GB
[  186.9s] IOs:     90871181  IOPS:   486106  Throughput:  1898.9 MB/s  Total:  346.65 GB
[  187.1s] IOs:     90971542  IOPS:   486117  Throughput:  1898.9 MB/s  Total:  347.03 GB
[  187.3s] IOs:     91072014  IOPS:   486121  Throughput:  1898.9 MB/s  Total:  347.41 GB
[  187.6s] IOs:     91172802  IOPS:   486099  Throughput:  1898.8 MB/s  Total:  347.80 GB
[  187.8s] IOs:     91273674  IOPS:   486078  Throughput:  1898.7 MB/s  Total:  348.18 GB
[  188.0s] IOs:     91374166  IOPS:   486124  Throughput:  1898.9 MB/s  Total:  348.56 GB
[  188.2s] IOs:     91474548  IOPS:   486164  Throughput:  1899.1 MB/s  Total:  348.95 GB
[  188.4s] IOs:     91574815  IOPS:   486149  Throughput:  1899.0 MB/s  Total:  349.33 GB
[  188.6s] IOs:     91674860  IOPS:   486156  Throughput:  1899.0 MB/s  Total:  349.71 GB
[  188.8s] IOs:     91775194  IOPS:   486166  Throughput:  1899.1 MB/s  Total:  350.09 GB
[  189.0s] IOs:     91875733  IOPS:   486203  Throughput:  1899.2 MB/s  Total:  350.48 GB
[  189.2s] IOs:     91976083  IOPS:   486249  Throughput:  1899.4 MB/s  Total:  350.86 GB
[  189.4s] IOs:     92076679  IOPS:   486256  Throughput:  1899.4 MB/s  Total:  351.24 GB
[  189.6s] IOs:     92177325  IOPS:   486263  Throughput:  1899.5 MB/s  Total:  351.63 GB
[  189.8s] IOs:     92277348  IOPS:   486198  Throughput:  1899.2 MB/s  Total:  352.01 GB
[  190.0s] IOs:     92377904  IOPS:   486207  Throughput:  1899.2 MB/s  Total:  352.39 GB
[  190.2s] IOs:     92478119  IOPS:   486192  Throughput:  1899.2 MB/s  Total:  352.78 GB
[  190.4s] IOs:     92579067  IOPS:   486220  Throughput:  1899.3 MB/s  Total:  353.16 GB
[  190.6s] IOs:     92679509  IOPS:   486242  Throughput:  1899.4 MB/s  Total:  353.54 GB
[  190.8s] IOs:     92779911  IOPS:   486269  Throughput:  1899.5 MB/s  Total:  353.93 GB
[  191.0s] IOs:     92880305  IOPS:   486299  Throughput:  1899.6 MB/s  Total:  354.31 GB
[  191.2s] IOs:     92980776  IOPS:   486339  Throughput:  1899.8 MB/s  Total:  354.69 GB
[  191.4s] IOs:     93081532  IOPS:   486376  Throughput:  1899.9 MB/s  Total:  355.08 GB
[  191.6s] IOs:     93182073  IOPS:   486398  Throughput:  1900.0 MB/s  Total:  355.46 GB
[  191.8s] IOs:     93282617  IOPS:   486415  Throughput:  1900.1 MB/s  Total:  355.84 GB
[  192.0s] IOs:     93382631  IOPS:   486435  Throughput:  1900.1 MB/s  Total:  356.23 GB
[  192.2s] IOs:     93483151  IOPS:   486459  Throughput:  1900.2 MB/s  Total:  356.61 GB
[  192.4s] IOs:     93583544  IOPS:   486513  Throughput:  1900.4 MB/s  Total:  356.99 GB
[  192.6s] IOs:     93683775  IOPS:   486506  Throughput:  1900.4 MB/s  Total:  357.38 GB
[  192.7s] IOs:     93783908  IOPS:   486564  Throughput:  1900.6 MB/s  Total:  357.76 GB
[  192.9s] IOs:     93884333  IOPS:   486578  Throughput:  1900.7 MB/s  Total:  358.14 GB
[  193.2s] IOs:     93984930  IOPS:   486586  Throughput:  1900.7 MB/s  Total:  358.52 GB
[  193.3s] IOs:     94085803  IOPS:   486637  Throughput:  1900.9 MB/s  Total:  358.91 GB
[  193.6s] IOs:     94186492  IOPS:   486619  Throughput:  1900.9 MB/s  Total:  359.29 GB
[  193.8s] IOs:     94286991  IOPS:   486637  Throughput:  1900.9 MB/s  Total:  359.68 GB
[  194.0s] IOs:     94387194  IOPS:   486586  Throughput:  1900.7 MB/s  Total:  360.06 GB
[  194.2s] IOs:     94488003  IOPS:   486627  Throughput:  1900.9 MB/s  Total:  360.44 GB
[  194.4s] IOs:     94588650  IOPS:   486654  Throughput:  1901.0 MB/s  Total:  360.83 GB
[Reader] Parsed 13000000 lines, distributed 94653738 writes, unique 157.30 GB, skipped 0
[  194.6s] IOs:     94689363  IOPS:   486689  Throughput:  1901.1 MB/s  Total:  361.21 GB
[  194.8s] IOs:     94790100  IOPS:   486712  Throughput:  1901.2 MB/s  Total:  361.60 GB
[  195.0s] IOs:     94890695  IOPS:   486740  Throughput:  1901.3 MB/s  Total:  361.98 GB
[  195.1s] IOs:     94991227  IOPS:   486788  Throughput:  1901.5 MB/s  Total:  362.36 GB
[  195.3s] IOs:     95091664  IOPS:   486792  Throughput:  1901.5 MB/s  Total:  362.75 GB
[  195.6s] IOs:     95192029  IOPS:   486784  Throughput:  1901.5 MB/s  Total:  363.13 GB
[  195.8s] IOs:     95292366  IOPS:   486804  Throughput:  1901.6 MB/s  Total:  363.51 GB
[  195.9s] IOs:     95392530  IOPS:   486845  Throughput:  1901.7 MB/s  Total:  363.89 GB
[  196.1s] IOs:     95493098  IOPS:   486882  Throughput:  1901.9 MB/s  Total:  364.28 GB
[  196.3s] IOs:     95593902  IOPS:   486932  Throughput:  1902.1 MB/s  Total:  364.66 GB
[  196.5s] IOs:     95694228  IOPS:   486986  Throughput:  1902.3 MB/s  Total:  365.04 GB
[  196.7s] IOs:     95794859  IOPS:   486981  Throughput:  1902.3 MB/s  Total:  365.43 GB
[  196.9s] IOs:     95895387  IOPS:   486986  Throughput:  1902.3 MB/s  Total:  365.81 GB
[  197.1s] IOs:     95995808  IOPS:   486998  Throughput:  1902.3 MB/s  Total:  366.19 GB
[  197.3s] IOs:     96096409  IOPS:   487041  Throughput:  1902.5 MB/s  Total:  366.58 GB
[  197.5s] IOs:     96196798  IOPS:   487086  Throughput:  1902.7 MB/s  Total:  366.96 GB
[  197.7s] IOs:     96296972  IOPS:   487126  Throughput:  1902.8 MB/s  Total:  367.34 GB
[  197.9s] IOs:     96397749  IOPS:   487094  Throughput:  1902.7 MB/s  Total:  367.73 GB
[  198.1s] IOs:     96497911  IOPS:   487077  Throughput:  1902.6 MB/s  Total:  368.11 GB
[  198.3s] IOs:     96598520  IOPS:   487105  Throughput:  1902.8 MB/s  Total:  368.49 GB
[  198.5s] IOs:     96699109  IOPS:   487055  Throughput:  1902.6 MB/s  Total:  368.88 GB
[  198.7s] IOs:     96799394  IOPS:   487087  Throughput:  1902.7 MB/s  Total:  369.26 GB
[  198.9s] IOs:     96899973  IOPS:   487083  Throughput:  1902.7 MB/s  Total:  369.64 GB
[  199.1s] IOs:     97000821  IOPS:   487097  Throughput:  1902.7 MB/s  Total:  370.03 GB
[  199.3s] IOs:     97101580  IOPS:   487126  Throughput:  1902.8 MB/s  Total:  370.41 GB
[  199.5s] IOs:     97202160  IOPS:   487160  Throughput:  1903.0 MB/s  Total:  370.80 GB
[  199.7s] IOs:     97302315  IOPS:   487175  Throughput:  1903.0 MB/s  Total:  371.18 GB
[  199.9s] IOs:     97402322  IOPS:   487204  Throughput:  1903.1 MB/s  Total:  371.56 GB
[  200.1s] IOs:     97502816  IOPS:   487218  Throughput:  1903.2 MB/s  Total:  371.94 GB
[  200.3s] IOs:     97603584  IOPS:   487223  Throughput:  1903.2 MB/s  Total:  372.33 GB
[  200.5s] IOs:     97704153  IOPS:   487259  Throughput:  1903.4 MB/s  Total:  372.71 GB
[  200.7s] IOs:     97804618  IOPS:   487292  Throughput:  1903.5 MB/s  Total:  373.10 GB
[  200.9s] IOs:     97904731  IOPS:   487307  Throughput:  1903.5 MB/s  Total:  373.48 GB
[  201.1s] IOs:     98004808  IOPS:   487348  Throughput:  1903.7 MB/s  Total:  373.86 GB
[  201.3s] IOs:     98105468  IOPS:   487345  Throughput:  1903.7 MB/s  Total:  374.24 GB
[  201.5s] IOs:     98206385  IOPS:   487388  Throughput:  1903.9 MB/s  Total:  374.63 GB
[  201.7s] IOs:     98306958  IOPS:   487409  Throughput:  1903.9 MB/s  Total:  375.01 GB
[  201.9s] IOs:     98407909  IOPS:   487456  Throughput:  1904.1 MB/s  Total:  375.40 GB
[  202.1s] IOs:     98508357  IOPS:   487481  Throughput:  1904.2 MB/s  Total:  375.78 GB
[  202.3s] IOs:     98609088  IOPS:   487501  Throughput:  1904.3 MB/s  Total:  376.16 GB
[  202.5s] IOs:     98710057  IOPS:   487469  Throughput:  1904.2 MB/s  Total:  376.55 GB
[  202.7s] IOs:     98810609  IOPS:   487500  Throughput:  1904.3 MB/s  Total:  376.93 GB
[  202.9s] IOs:     98910704  IOPS:   487539  Throughput:  1904.5 MB/s  Total:  377.31 GB
[  203.1s] IOs:     99011016  IOPS:   487524  Throughput:  1904.4 MB/s  Total:  377.70 GB
[  203.3s] IOs:     99111243  IOPS:   487503  Throughput:  1904.3 MB/s  Total:  378.08 GB
[  203.5s] IOs:     99211808  IOPS:   487543  Throughput:  1904.5 MB/s  Total:  378.46 GB
[  203.7s] IOs:     99312551  IOPS:   487565  Throughput:  1904.6 MB/s  Total:  378.85 GB
[  203.9s] IOs:     99412671  IOPS:   487615  Throughput:  1904.7 MB/s  Total:  379.23 GB
[  204.1s] IOs:     99513549  IOPS:   487643  Throughput:  1904.9 MB/s  Total:  379.61 GB
[  204.3s] IOs:     99613606  IOPS:   487634  Throughput:  1904.8 MB/s  Total:  380.00 GB
[  204.5s] IOs:     99714150  IOPS:   487679  Throughput:  1905.0 MB/s  Total:  380.38 GB
[  204.7s] IOs:     99814604  IOPS:   487708  Throughput:  1905.1 MB/s  Total:  380.76 GB
[  204.9s] IOs:     99915247  IOPS:   487634  Throughput:  1904.8 MB/s  Total:  381.15 GB
[  205.1s] IOs:    100015828  IOPS:   487633  Throughput:  1904.8 MB/s  Total:  381.53 GB
[  205.3s] IOs:    100115888  IOPS:   487606  Throughput:  1904.7 MB/s  Total:  381.91 GB
[  205.5s] IOs:    100216511  IOPS:   487564  Throughput:  1904.5 MB/s  Total:  382.30 GB
[  205.8s] IOs:    100317459  IOPS:   487557  Throughput:  1904.5 MB/s  Total:  382.68 GB
[  205.9s] IOs:    100418205  IOPS:   487590  Throughput:  1904.6 MB/s  Total:  383.07 GB
[  206.2s] IOs:    100519127  IOPS:   487566  Throughput:  1904.6 MB/s  Total:  383.45 GB
[  206.4s] IOs:    100619443  IOPS:   487548  Throughput:  1904.5 MB/s  Total:  383.83 GB
[  206.6s] IOs:    100719958  IOPS:   487513  Throughput:  1904.3 MB/s  Total:  384.22 GB
[  206.8s] IOs:    100820679  IOPS:   487531  Throughput:  1904.4 MB/s  Total:  384.60 GB
[  207.0s] IOs:    100921302  IOPS:   487561  Throughput:  1904.5 MB/s  Total:  384.98 GB
[  207.2s] IOs:    101021447  IOPS:   487565  Throughput:  1904.6 MB/s  Total:  385.37 GB
[  207.4s] IOs:    101122036  IOPS:   487542  Throughput:  1904.5 MB/s  Total:  385.75 GB
[  207.6s] IOs:    101222824  IOPS:   487536  Throughput:  1904.4 MB/s  Total:  386.13 GB
[  207.8s] IOs:    101323359  IOPS:   487574  Throughput:  1904.6 MB/s  Total:  386.52 GB
[  208.0s] IOs:    101423695  IOPS:   487564  Throughput:  1904.5 MB/s  Total:  386.90 GB
[  208.2s] IOs:    101524683  IOPS:   487602  Throughput:  1904.7 MB/s  Total:  387.29 GB
[  208.4s] IOs:    101624686  IOPS:   487581  Throughput:  1904.6 MB/s  Total:  387.67 GB
[  208.6s] IOs:    101724991  IOPS:   487590  Throughput:  1904.6 MB/s  Total:  388.05 GB
[  208.8s] IOs:    101825385  IOPS:   487632  Throughput:  1904.8 MB/s  Total:  388.43 GB
[  209.0s] IOs:    101925988  IOPS:   487665  Throughput:  1904.9 MB/s  Total:  388.82 GB
[  209.2s] IOs:    102026657  IOPS:   487697  Throughput:  1905.1 MB/s  Total:  389.20 GB
[  209.4s] IOs:    102127222  IOPS:   487689  Throughput:  1905.0 MB/s  Total:  389.58 GB
[  209.6s] IOs:    102227257  IOPS:   487662  Throughput:  1904.9 MB/s  Total:  389.97 GB
[Reader] Parsed 14000000 lines, distributed 102242011 writes, unique 169.23 GB, skipped 0
[  209.8s] IOs:    102327882  IOPS:   487679  Throughput:  1905.0 MB/s  Total:  390.35 GB
[  210.0s] IOs:    102428360  IOPS:   487715  Throughput:  1905.1 MB/s  Total:  390.73 GB
[  210.2s] IOs:    102528592  IOPS:   487757  Throughput:  1905.3 MB/s  Total:  391.12 GB
[  210.4s] IOs:    102629098  IOPS:   487776  Throughput:  1905.4 MB/s  Total:  391.50 GB
[  210.6s] IOs:    102729794  IOPS:   487786  Throughput:  1905.4 MB/s  Total:  391.88 GB
[  210.8s] IOs:    102830821  IOPS:   487801  Throughput:  1905.5 MB/s  Total:  392.27 GB
[  211.0s] IOs:    102931446  IOPS:   487839  Throughput:  1905.6 MB/s  Total:  392.65 GB
[  211.2s] IOs:    103032138  IOPS:   487859  Throughput:  1905.7 MB/s  Total:  393.04 GB
[  211.4s] IOs:    103132455  IOPS:   487843  Throughput:  1905.6 MB/s  Total:  393.42 GB
[  211.6s] IOs:    103233173  IOPS:   487866  Throughput:  1905.7 MB/s  Total:  393.80 GB
[  211.8s] IOs:    103334172  IOPS:   487878  Throughput:  1905.8 MB/s  Total:  394.19 GB
[  212.0s] IOs:    103434598  IOPS:   487938  Throughput:  1906.0 MB/s  Total:  394.57 GB
[  212.2s] IOs:    103535008  IOPS:   487975  Throughput:  1906.2 MB/s  Total:  394.95 GB
[  212.4s] IOs:    103635213  IOPS:   488007  Throughput:  1906.3 MB/s  Total:  395.34 GB
[  212.6s] IOs:    103735912  IOPS:   487951  Throughput:  1906.1 MB/s  Total:  395.72 GB
[  212.8s] IOs:    103836369  IOPS:   487966  Throughput:  1906.1 MB/s  Total:  396.10 GB
[  213.0s] IOs:    103936709  IOPS:   488015  Throughput:  1906.3 MB/s  Total:  396.49 GB
[  213.2s] IOs:    104037141  IOPS:   487995  Throughput:  1906.2 MB/s  Total:  396.87 GB
[  213.4s] IOs:    104137276  IOPS:   488011  Throughput:  1906.3 MB/s  Total:  397.25 GB
[  213.6s] IOs:    104238042  IOPS:   488001  Throughput:  1906.3 MB/s  Total:  397.64 GB
[  213.8s] IOs:    104338519  IOPS:   488017  Throughput:  1906.3 MB/s  Total:  398.02 GB
[  214.0s] IOs:    104439134  IOPS:   488035  Throughput:  1906.4 MB/s  Total:  398.40 GB
[  214.2s] IOs:    104539615  IOPS:   488073  Throughput:  1906.5 MB/s  Total:  398.79 GB
[  214.4s] IOs:    104639696  IOPS:   488095  Throughput:  1906.6 MB/s  Total:  399.17 GB
[  214.6s] IOs:    104740033  IOPS:   488125  Throughput:  1906.7 MB/s  Total:  399.55 GB
[  214.8s] IOs:    104840408  IOPS:   488133  Throughput:  1906.8 MB/s  Total:  399.93 GB
[  215.0s] IOs:    104941436  IOPS:   488173  Throughput:  1906.9 MB/s  Total:  400.32 GB
[  215.2s] IOs:    105041847  IOPS:   488205  Throughput:  1907.0 MB/s  Total:  400.70 GB
[  215.4s] IOs:    105142521  IOPS:   488235  Throughput:  1907.2 MB/s  Total:  401.09 GB
[  215.6s] IOs:    105243009  IOPS:   488194  Throughput:  1907.0 MB/s  Total:  401.47 GB
[  215.8s] IOs:    105343451  IOPS:   488195  Throughput:  1907.0 MB/s  Total:  401.85 GB
[  216.0s] IOs:    105444261  IOPS:   488210  Throughput:  1907.1 MB/s  Total:  402.24 GB
[  216.2s] IOs:    105544841  IOPS:   488251  Throughput:  1907.2 MB/s  Total:  402.62 GB
[  216.4s] IOs:    105645411  IOPS:   488268  Throughput:  1907.3 MB/s  Total:  403.01 GB
[  216.6s] IOs:    105746134  IOPS:   488293  Throughput:  1907.4 MB/s  Total:  403.39 GB
[  216.8s] IOs:    105846253  IOPS:   488325  Throughput:  1907.5 MB/s  Total:  403.77 GB
[  217.0s] IOs:    105946390  IOPS:   488340  Throughput:  1907.6 MB/s  Total:  404.15 GB
[  217.1s] IOs:    106047049  IOPS:   488377  Throughput:  1907.7 MB/s  Total:  404.54 GB
[  217.3s] IOs:    106147307  IOPS:   488403  Throughput:  1907.8 MB/s  Total:  404.92 GB
[  217.5s] IOs:    106247396  IOPS:   488424  Throughput:  1907.9 MB/s  Total:  405.30 GB
[  217.7s] IOs:    106347687  IOPS:   488460  Throughput:  1908.0 MB/s  Total:  405.68 GB
[  217.9s] IOs:    106447971  IOPS:   488430  Throughput:  1907.9 MB/s  Total:  406.07 GB
[  218.1s] IOs:    106548540  IOPS:   488451  Throughput:  1908.0 MB/s  Total:  406.45 GB
[  218.3s] IOs:    106649131  IOPS:   488488  Throughput:  1908.2 MB/s  Total:  406.83 GB
[  218.5s] IOs:    106749587  IOPS:   488525  Throughput:  1908.3 MB/s  Total:  407.22 GB
[  218.7s] IOs:    106849747  IOPS:   488554  Throughput:  1908.4 MB/s  Total:  407.60 GB
[  218.9s] IOs:    106950105  IOPS:   488548  Throughput:  1908.4 MB/s  Total:  407.98 GB
[  219.1s] IOs:    107050612  IOPS:   488561  Throughput:  1908.4 MB/s  Total:  408.37 GB
[  219.3s] IOs:    107151051  IOPS:   488553  Throughput:  1908.4 MB/s  Total:  408.75 GB
[  219.5s] IOs:    107251237  IOPS:   488595  Throughput:  1908.6 MB/s  Total:  409.13 GB
[Reader] Parsed 15000000 lines, distributed 107301776 writes, unique 173.77 GB, skipped 0
[  219.7s] IOs:    107352222  IOPS:   488593  Throughput:  1908.6 MB/s  Total:  409.52 GB
[  219.9s] IOs:    107453029  IOPS:   488581  Throughput:  1908.5 MB/s  Total:  409.90 GB
[  220.1s] IOs:    107553040  IOPS:   488588  Throughput:  1908.5 MB/s  Total:  410.28 GB
[  220.3s] IOs:    107653338  IOPS:   488570  Throughput:  1908.5 MB/s  Total:  410.66 GB
[  220.5s] IOs:    107753848  IOPS:   488617  Throughput:  1908.7 MB/s  Total:  411.05 GB
[  220.8s] IOs:    107853849  IOPS:   488568  Throughput:  1908.5 MB/s  Total:  411.43 GB
[  220.9s] IOs:    107954331  IOPS:   488596  Throughput:  1908.6 MB/s  Total:  411.81 GB
[  221.1s] IOs:    108054983  IOPS:   488609  Throughput:  1908.6 MB/s  Total:  412.20 GB
[  221.3s] IOs:    108155306  IOPS:   488646  Throughput:  1908.8 MB/s  Total:  412.58 GB
[  221.5s] IOs:    108255913  IOPS:   488667  Throughput:  1908.9 MB/s  Total:  412.96 GB
[  221.7s] IOs:    108356308  IOPS:   488677  Throughput:  1908.9 MB/s  Total:  413.35 GB
[  221.9s] IOs:    108456894  IOPS:   488664  Throughput:  1908.8 MB/s  Total:  413.73 GB
[  222.1s] IOs:    108557786  IOPS:   488681  Throughput:  1908.9 MB/s  Total:  414.12 GB
[  222.3s] IOs:    108658585  IOPS:   488724  Throughput:  1909.1 MB/s  Total:  414.50 GB
[  222.5s] IOs:    108759407  IOPS:   488753  Throughput:  1909.2 MB/s  Total:  414.88 GB
[  222.7s] IOs:    108859491  IOPS:   488791  Throughput:  1909.3 MB/s  Total:  415.27 GB
[  222.9s] IOs:    108960042  IOPS:   488780  Throughput:  1909.3 MB/s  Total:  415.65 GB
[  223.1s] IOs:    109060215  IOPS:   488742  Throughput:  1909.1 MB/s  Total:  416.03 GB
[  223.4s] IOs:    109161030  IOPS:   488729  Throughput:  1909.1 MB/s  Total:  416.42 GB
[  223.5s] IOs:    109261708  IOPS:   488763  Throughput:  1909.2 MB/s  Total:  416.80 GB
[  223.7s] IOs:    109362446  IOPS:   488783  Throughput:  1909.3 MB/s  Total:  417.18 GB
[  223.9s] IOs:    109462921  IOPS:   488804  Throughput:  1909.4 MB/s  Total:  417.57 GB
[  224.2s] IOs:    109563560  IOPS:   488698  Throughput:  1909.0 MB/s  Total:  417.95 GB
[  224.4s] IOs:    109663696  IOPS:   488735  Throughput:  1909.1 MB/s  Total:  418.33 GB
[  224.6s] IOs:    109764128  IOPS:   488767  Throughput:  1909.2 MB/s  Total:  418.72 GB
[  224.8s] IOs:    109864218  IOPS:   488782  Throughput:  1909.3 MB/s  Total:  419.10 GB
[  225.0s] IOs:    109964616  IOPS:   488804  Throughput:  1909.4 MB/s  Total:  419.48 GB
[  225.2s] IOs:    110064939  IOPS:   488825  Throughput:  1909.5 MB/s  Total:  419.86 GB
[  225.4s] IOs:    110165774  IOPS:   488844  Throughput:  1909.5 MB/s  Total:  420.25 GB
[  225.5s] IOs:    110266376  IOPS:   488882  Throughput:  1909.7 MB/s  Total:  420.63 GB
[  225.7s] IOs:    110366532  IOPS:   488912  Throughput:  1909.8 MB/s  Total:  421.01 GB
[  226.0s] IOs:    110467271  IOPS:   488895  Throughput:  1909.7 MB/s  Total:  421.40 GB
[  226.1s] IOs:    110567504  IOPS:   488917  Throughput:  1909.8 MB/s  Total:  421.78 GB
[  226.3s] IOs:    110667914  IOPS:   488950  Throughput:  1910.0 MB/s  Total:  422.16 GB
[  226.5s] IOs:    110768241  IOPS:   488986  Throughput:  1910.1 MB/s  Total:  422.55 GB
[  226.7s] IOs:    110868825  IOPS:   489027  Throughput:  1910.3 MB/s  Total:  422.93 GB
[  226.9s] IOs:    110969214  IOPS:   489018  Throughput:  1910.2 MB/s  Total:  423.31 GB
[  227.1s] IOs:    111069650  IOPS:   489043  Throughput:  1910.3 MB/s  Total:  423.70 GB
[  227.3s] IOs:    111170369  IOPS:   489068  Throughput:  1910.4 MB/s  Total:  424.08 GB
[  227.5s] IOs:    111270925  IOPS:   489104  Throughput:  1910.6 MB/s  Total:  424.46 GB
[  227.7s] IOs:    111371077  IOPS:   489151  Throughput:  1910.7 MB/s  Total:  424.85 GB
[  227.9s] IOs:    111471585  IOPS:   489188  Throughput:  1910.9 MB/s  Total:  425.23 GB
[  228.1s] IOs:    111572382  IOPS:   489180  Throughput:  1910.9 MB/s  Total:  425.61 GB
[  228.3s] IOs:    111673262  IOPS:   489164  Throughput:  1910.8 MB/s  Total:  426.00 GB
[  228.5s] IOs:    111773821  IOPS:   489188  Throughput:  1910.9 MB/s  Total:  426.38 GB
[  228.7s] IOs:    111874730  IOPS:   489215  Throughput:  1911.0 MB/s  Total:  426.77 GB
[  228.9s] IOs:    111975594  IOPS:   489232  Throughput:  1911.1 MB/s  Total:  427.15 GB
[  229.1s] IOs:    112076513  IOPS:   489227  Throughput:  1911.0 MB/s  Total:  427.54 GB
[Reader] Parsed 16000000 lines, distributed 112145704 writes, unique 176.69 GB, skipped 0
[  229.3s] IOs:    112176871  IOPS:   489185  Throughput:  1910.9 MB/s  Total:  427.92 GB
[  229.5s] IOs:    112277329  IOPS:   489147  Throughput:  1910.7 MB/s  Total:  428.30 GB
[  229.7s] IOs:    112377747  IOPS:   489193  Throughput:  1910.9 MB/s  Total:  428.69 GB
[  229.9s] IOs:    112478154  IOPS:   489220  Throughput:  1911.0 MB/s  Total:  429.07 GB
[  230.1s] IOs:    112578459  IOPS:   489224  Throughput:  1911.0 MB/s  Total:  429.45 GB
[  230.3s] IOs:    112679211  IOPS:   489198  Throughput:  1910.9 MB/s  Total:  429.84 GB
[  230.5s] IOs:    112780077  IOPS:   489211  Throughput:  1911.0 MB/s  Total:  430.22 GB
[  230.7s] IOs:    112880613  IOPS:   489209  Throughput:  1911.0 MB/s  Total:  430.61 GB
[  230.9s] IOs:    112981151  IOPS:   489224  Throughput:  1911.0 MB/s  Total:  430.99 GB
[  231.1s] IOs:    113081270  IOPS:   489214  Throughput:  1911.0 MB/s  Total:  431.37 GB
[  231.4s] IOs:    113181546  IOPS:   489198  Throughput:  1910.9 MB/s  Total:  431.75 GB
[  231.6s] IOs:    113282061  IOPS:   489185  Throughput:  1910.9 MB/s  Total:  432.14 GB
[  231.8s] IOs:    113382619  IOPS:   489235  Throughput:  1911.1 MB/s  Total:  432.52 GB
[  231.9s] IOs:    113483350  IOPS:   489265  Throughput:  1911.2 MB/s  Total:  432.90 GB
[  232.2s] IOs:    113583451  IOPS:   489264  Throughput:  1911.2 MB/s  Total:  433.29 GB
[  232.3s] IOs:    113683939  IOPS:   489285  Throughput:  1911.3 MB/s  Total:  433.67 GB
[  232.5s] IOs:    113784679  IOPS:   489318  Throughput:  1911.4 MB/s  Total:  434.05 GB
[  232.7s] IOs:    113884899  IOPS:   489342  Throughput:  1911.5 MB/s  Total:  434.44 GB
[  232.9s] IOs:    113985316  IOPS:   489379  Throughput:  1911.6 MB/s  Total:  434.82 GB
[  233.1s] IOs:    114086155  IOPS:   489418  Throughput:  1911.8 MB/s  Total:  435.20 GB
[  233.3s] IOs:    114186458  IOPS:   489449  Throughput:  1911.9 MB/s  Total:  435.59 GB
[  233.5s] IOs:    114287044  IOPS:   489460  Throughput:  1912.0 MB/s  Total:  435.97 GB
[  233.7s] IOs:    114387635  IOPS:   489464  Throughput:  1912.0 MB/s  Total:  436.35 GB
[  233.9s] IOs:    114487985  IOPS:   489502  Throughput:  1912.1 MB/s  Total:  436.74 GB
[  234.1s] IOs:    114588153  IOPS:   489534  Throughput:  1912.2 MB/s  Total:  437.12 GB
[  234.3s] IOs:    114688253  IOPS:   489525  Throughput:  1912.2 MB/s  Total:  437.50 GB
[  234.5s] IOs:    114788702  IOPS:   489524  Throughput:  1912.2 MB/s  Total:  437.88 GB
[  234.7s] IOs:    114889229  IOPS:   489524  Throughput:  1912.2 MB/s  Total:  438.27 GB
[  234.9s] IOs:    114989728  IOPS:   489536  Throughput:  1912.2 MB/s  Total:  438.65 GB
[  235.1s] IOs:    115089974  IOPS:   489538  Throughput:  1912.3 MB/s  Total:  439.03 GB
[  235.3s] IOs:    115191001  IOPS:   489550  Throughput:  1912.3 MB/s  Total:  439.42 GB
[  235.5s] IOs:    115291725  IOPS:   489549  Throughput:  1912.3 MB/s  Total:  439.80 GB
[  235.7s] IOs:    115392228  IOPS:   489561  Throughput:  1912.3 MB/s  Total:  440.19 GB
[  235.9s] IOs:    115492746  IOPS:   489584  Throughput:  1912.4 MB/s  Total:  440.57 GB
[  236.1s] IOs:    115593384  IOPS:   489616  Throughput:  1912.6 MB/s  Total:  440.95 GB
[  236.3s] IOs:    115694076  IOPS:   489645  Throughput:  1912.7 MB/s  Total:  441.34 GB
[  236.5s] IOs:    115794856  IOPS:   489645  Throughput:  1912.7 MB/s  Total:  441.72 GB
[  236.7s] IOs:    115895831  IOPS:   489666  Throughput:  1912.8 MB/s  Total:  442.11 GB
[  236.9s] IOs:    115996522  IOPS:   489683  Throughput:  1912.8 MB/s  Total:  442.49 GB
[  237.1s] IOs:    116096920  IOPS:   489724  Throughput:  1913.0 MB/s  Total:  442.87 GB
[  237.3s] IOs:    116197406  IOPS:   489730  Throughput:  1913.0 MB/s  Total:  443.26 GB
[  237.5s] IOs:    116298171  IOPS:   489710  Throughput:  1912.9 MB/s  Total:  443.64 GB
[  237.7s] IOs:    116398358  IOPS:   489707  Throughput:  1912.9 MB/s  Total:  444.02 GB
[  237.9s] IOs:    116498774  IOPS:   489737  Throughput:  1913.0 MB/s  Total:  444.41 GB
[  238.1s] IOs:    116599393  IOPS:   489762  Throughput:  1913.1 MB/s  Total:  444.79 GB
[  238.3s] IOs:    116700162  IOPS:   489805  Throughput:  1913.3 MB/s  Total:  445.18 GB
[  238.5s] IOs:    116800597  IOPS:   489820  Throughput:  1913.4 MB/s  Total:  445.56 GB
[  238.7s] IOs:    116901413  IOPS:   489751  Throughput:  1913.1 MB/s  Total:  445.94 GB
[Reader] Parsed 17000000 lines, distributed 116962176 writes, unique 179.97 GB, skipped 0
[  238.9s] IOs:    117001416  IOPS:   489783  Throughput:  1913.2 MB/s  Total:  446.32 GB
[  239.1s] IOs:    117102124  IOPS:   489809  Throughput:  1913.3 MB/s  Total:  446.71 GB
[  239.3s] IOs:    117203099  IOPS:   489846  Throughput:  1913.5 MB/s  Total:  447.09 GB
[  239.5s] IOs:    117303578  IOPS:   489802  Throughput:  1913.3 MB/s  Total:  447.48 GB
[  239.7s] IOs:    117404266  IOPS:   489811  Throughput:  1913.3 MB/s  Total:  447.86 GB
[  239.9s] IOs:    117504341  IOPS:   489849  Throughput:  1913.5 MB/s  Total:  448.24 GB
[  240.1s] IOs:    117604785  IOPS:   489856  Throughput:  1913.5 MB/s  Total:  448.63 GB
[  240.3s] IOs:    117705143  IOPS:   489882  Throughput:  1913.6 MB/s  Total:  449.01 GB
[  240.5s] IOs:    117805596  IOPS:   489881  Throughput:  1913.6 MB/s  Total:  449.39 GB
[  240.7s] IOs:    117906013  IOPS:   489905  Throughput:  1913.7 MB/s  Total:  449.78 GB
[  240.9s] IOs:    118006656  IOPS:   489918  Throughput:  1913.7 MB/s  Total:  450.16 GB
[  241.1s] IOs:    118107218  IOPS:   489941  Throughput:  1913.8 MB/s  Total:  450.54 GB
[  241.2s] IOs:    118207308  IOPS:   489981  Throughput:  1914.0 MB/s  Total:  450.93 GB
[  241.4s] IOs:    118307909  IOPS:   490012  Throughput:  1914.1 MB/s  Total:  451.31 GB
[  241.6s] IOs:    118408050  IOPS:   490021  Throughput:  1914.1 MB/s  Total:  451.69 GB
[  241.9s] IOs:    118508192  IOPS:   490005  Throughput:  1914.1 MB/s  Total:  452.07 GB
[  242.0s] IOs:    118608557  IOPS:   490042  Throughput:  1914.2 MB/s  Total:  452.46 GB
[  242.2s] IOs:    118708822  IOPS:   490082  Throughput:  1914.4 MB/s  Total:  452.84 GB
[  242.4s] IOs:    118808990  IOPS:   490108  Throughput:  1914.5 MB/s  Total:  453.22 GB
[  242.6s] IOs:    118909320  IOPS:   490133  Throughput:  1914.6 MB/s  Total:  453.60 GB
[  242.8s] IOs:    119009728  IOPS:   490150  Throughput:  1914.7 MB/s  Total:  453.99 GB
[  243.0s] IOs:    119110461  IOPS:   490166  Throughput:  1914.7 MB/s  Total:  454.37 GB
[  243.2s] IOs:    119211121  IOPS:   490197  Throughput:  1914.8 MB/s  Total:  454.75 GB
[  243.4s] IOs:    119311121  IOPS:   490175  Throughput:  1914.7 MB/s  Total:  455.14 GB
[  243.6s] IOs:    119411971  IOPS:   490201  Throughput:  1914.8 MB/s  Total:  455.52 GB
[  243.8s] IOs:    119512252  IOPS:   490203  Throughput:  1914.9 MB/s  Total:  455.90 GB
[  244.0s] IOs:    119612345  IOPS:   490224  Throughput:  1914.9 MB/s  Total:  456.28 GB
[  244.2s] IOs:    119713145  IOPS:   490250  Throughput:  1915.0 MB/s  Total:  456.67 GB
[  244.4s] IOs:    119813476  IOPS:   490282  Throughput:  1915.2 MB/s  Total:  457.05 GB
[  244.6s] IOs:    119914221  IOPS:   490279  Throughput:  1915.2 MB/s  Total:  457.44 GB
[  244.8s] IOs:    120014573  IOPS:   490296  Throughput:  1915.2 MB/s  Total:  457.82 GB
[  245.0s] IOs:    120115071  IOPS:   490336  Throughput:  1915.4 MB/s  Total:  458.20 GB
[  245.2s] IOs:    120215366  IOPS:   490359  Throughput:  1915.5 MB/s  Total:  458.59 GB
[  245.3s] IOs:    120315910  IOPS:   490385  Throughput:  1915.6 MB/s  Total:  458.97 GB
[  245.5s] IOs:    120416046  IOPS:   490405  Throughput:  1915.6 MB/s  Total:  459.35 GB
[  245.8s] IOs:    120516287  IOPS:   490388  Throughput:  1915.6 MB/s  Total:  459.73 GB
[  245.9s] IOs:    120616291  IOPS:   490419  Throughput:  1915.7 MB/s  Total:  460.11 GB
[  246.1s] IOs:    120716569  IOPS:   490444  Throughput:  1915.8 MB/s  Total:  460.50 GB
[  246.3s] IOs:    120817000  IOPS:   490490  Throughput:  1916.0 MB/s  Total:  460.88 GB
[  246.5s] IOs:    120917833  IOPS:   490506  Throughput:  1916.0 MB/s  Total:  461.26 GB
[  246.7s] IOs:    121018353  IOPS:   490464  Throughput:  1915.9 MB/s  Total:  461.65 GB
[  247.0s] IOs:    121118805  IOPS:   490453  Throughput:  1915.8 MB/s  Total:  462.03 GB
[  247.1s] IOs:    121219097  IOPS:   490493  Throughput:  1916.0 MB/s  Total:  462.41 GB
[  247.4s] IOs:    121319456  IOPS:   490466  Throughput:  1915.9 MB/s  Total:  462.80 GB
[  247.5s] IOs:    121420216  IOPS:   490502  Throughput:  1916.0 MB/s  Total:  463.18 GB
[  247.7s] IOs:    121520722  IOPS:   490521  Throughput:  1916.1 MB/s  Total:  463.56 GB
[  247.9s] IOs:    121621640  IOPS:   490559  Throughput:  1916.2 MB/s  Total:  463.95 GB
[  248.1s] IOs:    121721834  IOPS:   490587  Throughput:  1916.4 MB/s  Total:  464.33 GB
[  248.3s] IOs:    121822348  IOPS:   490622  Throughput:  1916.5 MB/s  Total:  464.72 GB
[Reader] Parsed 18000000 lines, distributed 121863241 writes, unique 183.96 GB, skipped 0
[  248.5s] IOs:    121923223  IOPS:   490632  Throughput:  1916.5 MB/s  Total:  465.10 GB
[  248.7s] IOs:    122024035  IOPS:   490636  Throughput:  1916.5 MB/s  Total:  465.48 GB
[  248.9s] IOs:    122124712  IOPS:   490619  Throughput:  1916.5 MB/s  Total:  465.87 GB
[  249.1s] IOs:    122225716  IOPS:   490647  Throughput:  1916.6 MB/s  Total:  466.25 GB
[  249.3s] IOs:    122326300  IOPS:   490672  Throughput:  1916.7 MB/s  Total:  466.64 GB
[  249.5s] IOs:    122426432  IOPS:   490699  Throughput:  1916.8 MB/s  Total:  467.02 GB
[  249.7s] IOs:    122526495  IOPS:   490693  Throughput:  1916.8 MB/s  Total:  467.40 GB
[  249.9s] IOs:    122626988  IOPS:   490696  Throughput:  1916.8 MB/s  Total:  467.78 GB
[  250.1s] IOs:    122727159  IOPS:   490726  Throughput:  1916.9 MB/s  Total:  468.17 GB
[  250.3s] IOs:    122827609  IOPS:   490708  Throughput:  1916.8 MB/s  Total:  468.55 GB
[  250.5s] IOs:    122927883  IOPS:   490745  Throughput:  1917.0 MB/s  Total:  468.93 GB
[  250.7s] IOs:    123028745  IOPS:   490763  Throughput:  1917.0 MB/s  Total:  469.32 GB
[  250.9s] IOs:    123129510  IOPS:   490752  Throughput:  1917.0 MB/s  Total:  469.70 GB
[  251.1s] IOs:    123230292  IOPS:   490771  Throughput:  1917.1 MB/s  Total:  470.09 GB
[  251.3s] IOs:    123331059  IOPS:   490801  Throughput:  1917.2 MB/s  Total:  470.47 GB
[  251.5s] IOs:    123431624  IOPS:   490838  Throughput:  1917.3 MB/s  Total:  470.85 GB
[  251.7s] IOs:    123532216  IOPS:   490819  Throughput:  1917.3 MB/s  Total:  471.24 GB
[  251.9s] IOs:    123632319  IOPS:   490773  Throughput:  1917.1 MB/s  Total:  471.62 GB
[  252.1s] IOs:    123732929  IOPS:   490753  Throughput:  1917.0 MB/s  Total:  472.00 GB
[  252.3s] IOs:    123833360  IOPS:   490787  Throughput:  1917.1 MB/s  Total:  472.39 GB
[  252.5s] IOs:    123933832  IOPS:   490820  Throughput:  1917.3 MB/s  Total:  472.77 GB
[  252.7s] IOs:    124034778  IOPS:   490825  Throughput:  1917.3 MB/s  Total:  473.16 GB
[  252.9s] IOs:    124135502  IOPS:   490846  Throughput:  1917.4 MB/s  Total:  473.54 GB
[  253.1s] IOs:    124235820  IOPS:   490860  Throughput:  1917.4 MB/s  Total:  473.92 GB
[  253.3s] IOs:    124336174  IOPS:   490886  Throughput:  1917.5 MB/s  Total:  474.30 GB
[  253.5s] IOs:    124437036  IOPS:   490907  Throughput:  1917.6 MB/s  Total:  474.69 GB
[  253.7s] IOs:    124537179  IOPS:   490928  Throughput:  1917.7 MB/s  Total:  475.07 GB
[  253.9s] IOs:    124637962  IOPS:   490914  Throughput:  1917.6 MB/s  Total:  475.46 GB
[  254.1s] IOs:    124738550  IOPS:   490905  Throughput:  1917.6 MB/s  Total:  475.84 GB
[  254.3s] IOs:    124839347  IOPS:   490905  Throughput:  1917.6 MB/s  Total:  476.22 GB
[  254.5s] IOs:    124939724  IOPS:   490936  Throughput:  1917.7 MB/s  Total:  476.61 GB
[  254.7s] IOs:    125040016  IOPS:   490964  Throughput:  1917.8 MB/s  Total:  476.99 GB
[  254.9s] IOs:    125140809  IOPS:   490979  Throughput:  1917.9 MB/s  Total:  477.37 GB
[  255.1s] IOs:    125241366  IOPS:   490975  Throughput:  1917.9 MB/s  Total:  477.76 GB
[  255.3s] IOs:    125341563  IOPS:   491007  Throughput:  1918.0 MB/s  Total:  478.14 GB
[  255.5s] IOs:    125442395  IOPS:   491042  Throughput:  1918.1 MB/s  Total:  478.52 GB
[  255.6s] IOs:    125543056  IOPS:   491081  Throughput:  1918.3 MB/s  Total:  478.91 GB
[  255.8s] IOs:    125643541  IOPS:   491098  Throughput:  1918.4 MB/s  Total:  479.29 GB
[  256.1s] IOs:    125744072  IOPS:   491091  Throughput:  1918.3 MB/s  Total:  479.68 GB
[  256.2s] IOs:    125844683  IOPS:   491111  Throughput:  1918.4 MB/s  Total:  480.06 GB
[  256.4s] IOs:    125945152  IOPS:   491133  Throughput:  1918.5 MB/s  Total:  480.44 GB
[Reader] Parsed 19000000 lines, distributed 125993803 writes, unique 185.66 GB, skipped 0
[  256.6s] IOs:    126045427  IOPS:   491160  Throughput:  1918.6 MB/s  Total:  480.83 GB
[  256.8s] IOs:    126146203  IOPS:   491164  Throughput:  1918.6 MB/s  Total:  481.21 GB
[  257.0s] IOs:    126246878  IOPS:   491165  Throughput:  1918.6 MB/s  Total:  481.59 GB
[  257.2s] IOs:    126347174  IOPS:   491196  Throughput:  1918.7 MB/s  Total:  481.98 GB
[  257.4s] IOs:    126447738  IOPS:   491226  Throughput:  1918.9 MB/s  Total:  482.36 GB
[  257.6s] IOs:    126548233  IOPS:   491259  Throughput:  1919.0 MB/s  Total:  482.74 GB
[  257.8s] IOs:    126649129  IOPS:   491290  Throughput:  1919.1 MB/s  Total:  483.13 GB
[  258.0s] IOs:    126749848  IOPS:   491287  Throughput:  1919.1 MB/s  Total:  483.51 GB
[  258.2s] IOs:    126850073  IOPS:   491303  Throughput:  1919.2 MB/s  Total:  483.89 GB
[  258.4s] IOs:    126950787  IOPS:   491330  Throughput:  1919.3 MB/s  Total:  484.28 GB
[  258.6s] IOs:    127051095  IOPS:   491348  Throughput:  1919.3 MB/s  Total:  484.66 GB
[  258.8s] IOs:    127151308  IOPS:   491342  Throughput:  1919.3 MB/s  Total:  485.04 GB
[  259.0s] IOs:    127251617  IOPS:   491363  Throughput:  1919.4 MB/s  Total:  485.43 GB
[  259.2s] IOs:    127352199  IOPS:   491349  Throughput:  1919.3 MB/s  Total:  485.81 GB
[  259.4s] IOs:    127452832  IOPS:   491357  Throughput:  1919.4 MB/s  Total:  486.19 GB
[  259.6s] IOs:    127552887  IOPS:   491379  Throughput:  1919.4 MB/s  Total:  486.58 GB
[  259.8s] IOs:    127653263  IOPS:   491407  Throughput:  1919.6 MB/s  Total:  486.96 GB
[  260.0s] IOs:    127753432  IOPS:   491430  Throughput:  1919.6 MB/s  Total:  487.34 GB
[  260.2s] IOs:    127854103  IOPS:   491436  Throughput:  1919.7 MB/s  Total:  487.72 GB
[  260.4s] IOs:    127954415  IOPS:   491445  Throughput:  1919.7 MB/s  Total:  488.11 GB
[  260.6s] IOs:    128054748  IOPS:   491474  Throughput:  1919.8 MB/s  Total:  488.49 GB
[  260.8s] IOs:    128155163  IOPS:   491484  Throughput:  1919.9 MB/s  Total:  488.87 GB
[  260.9s] IOs:    128255419  IOPS:   491520  Throughput:  1920.0 MB/s  Total:  489.26 GB
[  261.1s] IOs:    128356127  IOPS:   491522  Throughput:  1920.0 MB/s  Total:  489.64 GB
[  261.4s] IOs:    128456853  IOPS:   491502  Throughput:  1919.9 MB/s  Total:  490.02 GB
[  261.5s] IOs:    128557235  IOPS:   491535  Throughput:  1920.1 MB/s  Total:  490.41 GB
[  261.7s] IOs:    128658119  IOPS:   491547  Throughput:  1920.1 MB/s  Total:  490.79 GB
[  261.9s] IOs:    128758424  IOPS:   491564  Throughput:  1920.2 MB/s  Total:  491.17 GB
[  262.1s] IOs:    128859175  IOPS:   491577  Throughput:  1920.2 MB/s  Total:  491.56 GB
[  262.3s] IOs:    128959589  IOPS:   491601  Throughput:  1920.3 MB/s  Total:  491.94 GB
[  262.5s] IOs:    129059822  IOPS:   491605  Throughput:  1920.3 MB/s  Total:  492.32 GB
[  262.7s] IOs:    129160771  IOPS:   491637  Throughput:  1920.5 MB/s  Total:  492.71 GB
[  262.9s] IOs:    129261006  IOPS:   491662  Throughput:  1920.6 MB/s  Total:  493.09 GB
[  263.1s] IOs:    129361566  IOPS:   491646  Throughput:  1920.5 MB/s  Total:  493.48 GB
[  263.3s] IOs:    129462282  IOPS:   491639  Throughput:  1920.5 MB/s  Total:  493.86 GB
[  263.5s] IOs:    129563265  IOPS:   491631  Throughput:  1920.4 MB/s  Total:  494.24 GB
[  263.7s] IOs:    129663532  IOPS:   491636  Throughput:  1920.5 MB/s  Total:  494.63 GB
[  263.9s] IOs:    129763898  IOPS:   491643  Throughput:  1920.5 MB/s  Total:  495.01 GB
[  264.1s] IOs:    129864867  IOPS:   491636  Throughput:  1920.5 MB/s  Total:  495.40 GB
[  264.3s] IOs:    129965651  IOPS:   491657  Throughput:  1920.5 MB/s  Total:  495.78 GB
[  264.5s] IOs:    130065945  IOPS:   491666  Throughput:  1920.6 MB/s  Total:  496.16 GB
[  264.7s] IOs:    130166381  IOPS:   491688  Throughput:  1920.7 MB/s  Total:  496.55 GB
[  264.9s] IOs:    130266706  IOPS:   491712  Throughput:  1920.8 MB/s  Total:  496.93 GB
[  265.1s] IOs:    130366924  IOPS:   491740  Throughput:  1920.9 MB/s  Total:  497.31 GB
[  265.3s] IOs:    130467920  IOPS:   491748  Throughput:  1920.9 MB/s  Total:  497.70 GB
[  265.5s] IOs:    130568921  IOPS:   491758  Throughput:  1920.9 MB/s  Total:  498.08 GB
[  265.7s] IOs:    130669212  IOPS:   491785  Throughput:  1921.0 MB/s  Total:  498.46 GB
[Reader] Parsed 20000000 lines, distributed 130735448 writes, unique 188.18 GB, skipped 0
[  265.9s] IOs:    130769763  IOPS:   491794  Throughput:  1921.1 MB/s  Total:  498.85 GB
[  266.1s] IOs:    130870244  IOPS:   491807  Throughput:  1921.1 MB/s  Total:  499.23 GB
[  266.3s] IOs:    130970702  IOPS:   491840  Throughput:  1921.2 MB/s  Total:  499.61 GB
[  266.5s] IOs:    131071168  IOPS:   491861  Throughput:  1921.3 MB/s  Total:  500.00 GB
[  266.7s] IOs:    131171650  IOPS:   491890  Throughput:  1921.4 MB/s  Total:  500.38 GB
[  266.9s] IOs:    131271759  IOPS:   491925  Throughput:  1921.6 MB/s  Total:  500.76 GB
[  267.1s] IOs:    131372683  IOPS:   491930  Throughput:  1921.6 MB/s  Total:  501.15 GB
[  267.3s] IOs:    131472979  IOPS:   491926  Throughput:  1921.6 MB/s  Total:  501.53 GB
[  267.5s] IOs:    131573344  IOPS:   491930  Throughput:  1921.6 MB/s  Total:  501.91 GB
[  267.7s] IOs:    131673495  IOPS:   491948  Throughput:  1921.7 MB/s  Total:  502.29 GB
[  267.9s] IOs:    131773982  IOPS:   491961  Throughput:  1921.7 MB/s  Total:  502.68 GB
[  268.0s] IOs:    131874136  IOPS:   491984  Throughput:  1921.8 MB/s  Total:  503.06 GB
[  268.2s] IOs:    131974794  IOPS:   492004  Throughput:  1921.9 MB/s  Total:  503.44 GB
[  268.4s] IOs:    132074994  IOPS:   492033  Throughput:  1922.0 MB/s  Total:  503.83 GB
[  268.6s] IOs:    132175690  IOPS:   492051  Throughput:  1922.1 MB/s  Total:  504.21 GB
[  268.8s] IOs:    132275998  IOPS:   492062  Throughput:  1922.1 MB/s  Total:  504.59 GB
[  269.0s] IOs:    132376808  IOPS:   492070  Throughput:  1922.1 MB/s  Total:  504.98 GB
[  269.2s] IOs:    132476948  IOPS:   492068  Throughput:  1922.1 MB/s  Total:  505.36 GB
[  269.4s] IOs:    132577343  IOPS:   492069  Throughput:  1922.1 MB/s  Total:  505.74 GB
[  269.6s] IOs:    132677488  IOPS:   492082  Throughput:  1922.2 MB/s  Total:  506.12 GB
[  269.8s] IOs:    132777769  IOPS:   492090  Throughput:  1922.2 MB/s  Total:  506.51 GB
[  270.0s] IOs:    132878223  IOPS:   492119  Throughput:  1922.3 MB/s  Total:  506.89 GB
[  270.2s] IOs:    132978362  IOPS:   492129  Throughput:  1922.4 MB/s  Total:  507.27 GB
[  270.4s] IOs:    133078634  IOPS:   492141  Throughput:  1922.4 MB/s  Total:  507.65 GB
[  270.6s] IOs:    133179608  IOPS:   492144  Throughput:  1922.4 MB/s  Total:  508.04 GB
[  270.8s] IOs:    133279819  IOPS:   492167  Throughput:  1922.5 MB/s  Total:  508.42 GB
[  271.0s] IOs:    133380424  IOPS:   492184  Throughput:  1922.6 MB/s  Total:  508.81 GB
[  271.2s] IOs:    133481344  IOPS:   492195  Throughput:  1922.6 MB/s  Total:  509.19 GB
[  271.4s] IOs:    133582212  IOPS:   492173  Throughput:  1922.5 MB/s  Total:  509.58 GB
[  271.6s] IOs:    133682618  IOPS:   492189  Throughput:  1922.6 MB/s  Total:  509.96 GB
[  271.8s] IOs:    133783030  IOPS:   492212  Throughput:  1922.7 MB/s  Total:  510.34 GB
[  272.0s] IOs:    133883691  IOPS:   492228  Throughput:  1922.8 MB/s  Total:  510.73 GB
[  272.2s] IOs:    133983799  IOPS:   492245  Throughput:  1922.8 MB/s  Total:  511.11 GB
[  272.4s] IOs:    134084616  IOPS:   492232  Throughput:  1922.8 MB/s  Total:  511.49 GB
[  272.6s] IOs:    134184851  IOPS:   492257  Throughput:  1922.9 MB/s  Total:  511.87 GB
[  272.8s] IOs:    134285571  IOPS:   492276  Throughput:  1923.0 MB/s  Total:  512.26 GB
[  273.0s] IOs:    134386030  IOPS:   492293  Throughput:  1923.0 MB/s  Total:  512.64 GB
[  273.2s] IOs:    134486313  IOPS:   492331  Throughput:  1923.2 MB/s  Total:  513.02 GB
[  273.4s] IOs:    134586393  IOPS:   492337  Throughput:  1923.2 MB/s  Total:  513.41 GB
[  273.6s] IOs:    134686746  IOPS:   492355  Throughput:  1923.3 MB/s  Total:  513.79 GB
[  273.8s] IOs:    134787492  IOPS:   492373  Throughput:  1923.3 MB/s  Total:  514.17 GB
[  277.9s] IOs:    134888063  IOPS:   485425  Throughput:  1896.2 MB/s  Total:  514.56 GB
[  278.2s] IOs:    134988869  IOPS:   485288  Throughput:  1895.7 MB/s  Total:  514.94 GB
[  278.4s] IOs:    135089290  IOPS:   485202  Throughput:  1895.3 MB/s  Total:  515.32 GB
[  278.7s] IOs:    135189867  IOPS:   485152  Throughput:  1895.1 MB/s  Total:  515.71 GB
[  278.9s] IOs:    135290694  IOPS:   485115  Throughput:  1895.0 MB/s  Total:  516.09 GB
[  279.1s] IOs:    135391447  IOPS:   485075  Throughput:  1894.8 MB/s  Total:  516.48 GB
[  279.3s] IOs:    135492273  IOPS:   485029  Throughput:  1894.6 MB/s  Total:  516.86 GB
[Reader] Parsed 21000000 lines, distributed 135556497 writes, unique 191.16 GB, skipped 0
[  279.6s] IOs:    135592692  IOPS:   485010  Throughput:  1894.6 MB/s  Total:  517.25 GB
[  279.8s] IOs:    135693382  IOPS:   484999  Throughput:  1894.5 MB/s  Total:  517.63 GB
[  280.0s] IOs:    135794383  IOPS:   484926  Throughput:  1894.2 MB/s  Total:  518.01 GB
[  280.3s] IOs:    135895173  IOPS:   484893  Throughput:  1894.1 MB/s  Total:  518.40 GB
[  280.5s] IOs:    135996085  IOPS:   484870  Throughput:  1894.0 MB/s  Total:  518.78 GB
[  280.7s] IOs:    136096552  IOPS:   484813  Throughput:  1893.8 MB/s  Total:  519.17 GB
[  280.9s] IOs:    136196845  IOPS:   484795  Throughput:  1893.7 MB/s  Total:  519.55 GB
[  281.2s] IOs:    136297278  IOPS:   484770  Throughput:  1893.6 MB/s  Total:  519.93 GB
[  281.4s] IOs:    136397651  IOPS:   484704  Throughput:  1893.4 MB/s  Total:  520.32 GB
[  281.7s] IOs:    136498531  IOPS:   484621  Throughput:  1893.1 MB/s  Total:  520.70 GB
[  281.9s] IOs:    136599041  IOPS:   484626  Throughput:  1893.1 MB/s  Total:  521.08 GB
[  282.1s] IOs:    136699359  IOPS:   484554  Throughput:  1892.8 MB/s  Total:  521.47 GB
[  282.3s] IOs:    136799423  IOPS:   484540  Throughput:  1892.7 MB/s  Total:  521.85 GB
[  282.6s] IOs:    136899792  IOPS:   484398  Throughput:  1892.2 MB/s  Total:  522.23 GB
[  282.8s] IOs:    137000228  IOPS:   484395  Throughput:  1892.2 MB/s  Total:  522.61 GB
[  283.0s] IOs:    137101043  IOPS:   484380  Throughput:  1892.1 MB/s  Total:  523.00 GB
[  283.3s] IOs:    137201359  IOPS:   484343  Throughput:  1892.0 MB/s  Total:  523.38 GB
[  283.6s] IOs:    137301974  IOPS:   484199  Throughput:  1891.4 MB/s  Total:  523.77 GB
[  283.8s] IOs:    137402948  IOPS:   484191  Throughput:  1891.4 MB/s  Total:  524.15 GB
[  284.1s] IOs:    137503508  IOPS:   484038  Throughput:  1890.8 MB/s  Total:  524.53 GB
[  284.3s] IOs:    137604341  IOPS:   484015  Throughput:  1890.7 MB/s  Total:  524.92 GB
[  284.5s] IOs:    137704519  IOPS:   483964  Throughput:  1890.5 MB/s  Total:  525.30 GB
[  284.8s] IOs:    137804749  IOPS:   483934  Throughput:  1890.4 MB/s  Total:  525.68 GB
[  285.0s] IOs:    137905504  IOPS:   483857  Throughput:  1890.1 MB/s  Total:  526.07 GB
[  285.2s] IOs:    138006248  IOPS:   483868  Throughput:  1890.1 MB/s  Total:  526.45 GB
[  285.5s] IOs:    138106748  IOPS:   483815  Throughput:  1889.9 MB/s  Total:  526.84 GB
[  285.6s] IOs:    138207110  IOPS:   483834  Throughput:  1890.0 MB/s  Total:  527.22 GB
[  285.9s] IOs:    138307546  IOPS:   483805  Throughput:  1889.9 MB/s  Total:  527.60 GB
[  286.1s] IOs:    138407629  IOPS:   483812  Throughput:  1889.9 MB/s  Total:  527.98 GB
[  286.3s] IOs:    138507922  IOPS:   483803  Throughput:  1889.9 MB/s  Total:  528.37 GB
[  286.5s] IOs:    138607944  IOPS:   483794  Throughput:  1889.8 MB/s  Total:  528.75 GB
[  286.7s] IOs:    138708736  IOPS:   483793  Throughput:  1889.8 MB/s  Total:  529.13 GB
[  287.0s] IOs:    138809249  IOPS:   483740  Throughput:  1889.6 MB/s  Total:  529.52 GB
[  287.2s] IOs:    138909424  IOPS:   483711  Throughput:  1889.5 MB/s  Total:  529.90 GB
[  287.4s] IOs:    139009716  IOPS:   483690  Throughput:  1889.4 MB/s  Total:  530.28 GB
[  287.6s] IOs:    139110505  IOPS:   483671  Throughput:  1889.3 MB/s  Total:  530.66 GB
[  287.8s] IOs:    139211033  IOPS:   483700  Throughput:  1889.5 MB/s  Total:  531.05 GB
[  288.0s] IOs:    139311474  IOPS:   483676  Throughput:  1889.4 MB/s  Total:  531.43 GB
[  288.2s] IOs:    139411833  IOPS:   483682  Throughput:  1889.4 MB/s  Total:  531.81 GB
[  288.4s] IOs:    139512298  IOPS:   483702  Throughput:  1889.5 MB/s  Total:  532.20 GB
[  288.6s] IOs:    139612846  IOPS:   483743  Throughput:  1889.6 MB/s  Total:  532.58 GB
[  288.8s] IOs:    139712942  IOPS:   483767  Throughput:  1889.7 MB/s  Total:  532.96 GB
[  289.0s] IOs:    139813099  IOPS:   483725  Throughput:  1889.6 MB/s  Total:  533.34 GB
[  289.3s] IOs:    139913655  IOPS:   483693  Throughput:  1889.4 MB/s  Total:  533.73 GB
[  289.5s] IOs:    140014648  IOPS:   483679  Throughput:  1889.4 MB/s  Total:  534.11 GB
[  289.7s] IOs:    140115169  IOPS:   483695  Throughput:  1889.4 MB/s  Total:  534.50 GB
[  289.9s] IOs:    140215699  IOPS:   483629  Throughput:  1889.2 MB/s  Total:  534.88 GB
[  290.1s] IOs:    140315885  IOPS:   483648  Throughput:  1889.3 MB/s  Total:  535.26 GB
[  290.4s] IOs:    140416318  IOPS:   483519  Throughput:  1888.7 MB/s  Total:  535.65 GB
[  290.6s] IOs:    140517251  IOPS:   483474  Throughput:  1888.6 MB/s  Total:  536.03 GB
[  290.8s] IOs:    140617771  IOPS:   483505  Throughput:  1888.7 MB/s  Total:  536.41 GB
[Reader] Parsed 22000000 lines, distributed 140706870 writes, unique 196.03 GB, skipped 0
[  291.1s] IOs:    140718099  IOPS:   483475  Throughput:  1888.6 MB/s  Total:  536.80 GB
[  291.3s] IOs:    140818994  IOPS:   483485  Throughput:  1888.6 MB/s  Total:  537.18 GB
[  291.6s] IOs:    140919143  IOPS:   483237  Throughput:  1887.6 MB/s  Total:  537.56 GB
[  291.9s] IOs:    141019613  IOPS:   483176  Throughput:  1887.4 MB/s  Total:  537.95 GB
[  292.1s] IOs:    141119759  IOPS:   483177  Throughput:  1887.4 MB/s  Total:  538.33 GB
[  292.4s] IOs:    141219941  IOPS:   482958  Throughput:  1886.6 MB/s  Total:  538.71 GB
[  292.6s] IOs:    141320163  IOPS:   482974  Throughput:  1886.6 MB/s  Total:  539.09 GB
[  293.0s] IOs:    141420800  IOPS:   482746  Throughput:  1885.7 MB/s  Total:  539.48 GB
[  293.2s] IOs:    141521137  IOPS:   482665  Throughput:  1885.4 MB/s  Total:  539.86 GB
[  293.5s] IOs:    141621227  IOPS:   482559  Throughput:  1885.0 MB/s  Total:  540.24 GB
[  293.8s] IOs:    141722167  IOPS:   482368  Throughput:  1884.2 MB/s  Total:  540.63 GB
[  294.0s] IOs:    141822566  IOPS:   482318  Throughput:  1884.1 MB/s  Total:  541.01 GB
[  294.4s] IOs:    141923212  IOPS:   482009  Throughput:  1882.8 MB/s  Total:  541.39 GB
[  294.7s] IOs:    142023609  IOPS:   481937  Throughput:  1882.6 MB/s  Total:  541.78 GB
[  295.0s] IOs:    142124410  IOPS:   481791  Throughput:  1882.0 MB/s  Total:  542.16 GB
[  295.2s] IOs:    142224785  IOPS:   481795  Throughput:  1882.0 MB/s  Total:  542.54 GB
[  295.6s] IOs:    142325042  IOPS:   481552  Throughput:  1881.1 MB/s  Total:  542.93 GB
[  295.8s] IOs:    142425788  IOPS:   481536  Throughput:  1881.0 MB/s  Total:  543.31 GB
[  296.1s] IOs:    142526211  IOPS:   481295  Throughput:  1880.1 MB/s  Total:  543.69 GB
[  296.4s] IOs:    142626972  IOPS:   481155  Throughput:  1879.5 MB/s  Total:  544.08 GB
[  296.7s] IOs:    142727132  IOPS:   480982  Throughput:  1878.8 MB/s  Total:  544.46 GB
[  297.0s] IOs:    142827302  IOPS:   480935  Throughput:  1878.7 MB/s  Total:  544.84 GB
[  297.2s] IOs:    142927369  IOPS:   480913  Throughput:  1878.6 MB/s  Total:  545.22 GB
[  297.6s] IOs:    143027868  IOPS:   480646  Throughput:  1877.5 MB/s  Total:  545.61 GB
[  297.9s] IOs:    143127872  IOPS:   480392  Throughput:  1876.5 MB/s  Total:  545.99 GB
[  298.2s] IOs:    143227876  IOPS:   480353  Throughput:  1876.4 MB/s  Total:  546.37 GB
[  298.7s] IOs:    143327990  IOPS:   479908  Throughput:  1874.6 MB/s  Total:  546.75 GB
[  299.0s] IOs:    143428408  IOPS:   479766  Throughput:  1874.1 MB/s  Total:  547.14 GB
[  299.3s] IOs:    143528437  IOPS:   479551  Throughput:  1873.2 MB/s  Total:  547.52 GB
[  299.5s] IOs:    143628808  IOPS:   479579  Throughput:  1873.4 MB/s  Total:  547.90 GB
[  299.7s] IOs:    143728978  IOPS:   479605  Throughput:  1873.5 MB/s  Total:  548.28 GB
[  299.9s] IOs:    143829704  IOPS:   479616  Throughput:  1873.5 MB/s  Total:  548.67 GB
[  300.1s] IOs:    143930247  IOPS:   479624  Throughput:  1873.5 MB/s  Total:  549.05 GB
[  300.3s] IOs:    144030774  IOPS:   479643  Throughput:  1873.6 MB/s  Total:  549.43 GB
[  300.5s] IOs:    144131416  IOPS:   479677  Throughput:  1873.7 MB/s  Total:  549.82 GB
[  300.7s] IOs:    144232029  IOPS:   479697  Throughput:  1873.8 MB/s  Total:  550.20 GB
[  300.9s] IOs:    144332846  IOPS:   479725  Throughput:  1873.9 MB/s  Total:  550.59 GB
[  301.1s] IOs:    144433733  IOPS:   479745  Throughput:  1874.0 MB/s  Total:  550.97 GB
[  301.3s] IOs:    144533933  IOPS:   479743  Throughput:  1874.0 MB/s  Total:  551.35 GB
[  301.5s] IOs:    144634481  IOPS:   479759  Throughput:  1874.1 MB/s  Total:  551.74 GB
[  301.7s] IOs:    144734979  IOPS:   479761  Throughput:  1874.1 MB/s  Total:  552.12 GB
[  301.9s] IOs:    144835516  IOPS:   479787  Throughput:  1874.2 MB/s  Total:  552.50 GB
[  302.1s] IOs:    144935874  IOPS:   479787  Throughput:  1874.2 MB/s  Total:  552.89 GB
[  302.3s] IOs:    145036595  IOPS:   479746  Throughput:  1874.0 MB/s  Total:  553.27 GB
[  302.7s] IOs:    145137440  IOPS:   479487  Throughput:  1873.0 MB/s  Total:  553.66 GB
[  302.9s] IOs:    145238256  IOPS:   479507  Throughput:  1873.1 MB/s  Total:  554.04 GB
[  303.1s] IOs:    145338676  IOPS:   479534  Throughput:  1873.2 MB/s  Total:  554.42 GB
[  303.3s] IOs:    145439029  IOPS:   479549  Throughput:  1873.2 MB/s  Total:  554.81 GB
[  303.5s] IOs:    145539047  IOPS:   479565  Throughput:  1873.3 MB/s  Total:  555.19 GB
[  303.7s] IOs:    145639400  IOPS:   479594  Throughput:  1873.4 MB/s  Total:  555.57 GB
[  303.9s] IOs:    145740098  IOPS:   479608  Throughput:  1873.5 MB/s  Total:  555.95 GB
[Reader] Parsed 23000000 lines, distributed 145822939 writes, unique 201.29 GB, skipped 0
[  304.1s] IOs:    145840119  IOPS:   479636  Throughput:  1873.6 MB/s  Total:  556.34 GB
[  304.3s] IOs:    145940627  IOPS:   479645  Throughput:  1873.6 MB/s  Total:  556.72 GB
[  304.5s] IOs:    146040831  IOPS:   479662  Throughput:  1873.7 MB/s  Total:  557.10 GB
[  304.7s] IOs:    146141285  IOPS:   479682  Throughput:  1873.8 MB/s  Total:  557.48 GB
[  304.9s] IOs:    146241911  IOPS:   479688  Throughput:  1873.8 MB/s  Total:  557.87 GB
[  305.1s] IOs:    146342746  IOPS:   479668  Throughput:  1873.7 MB/s  Total:  558.25 GB
[  305.3s] IOs:    146442884  IOPS:   479713  Throughput:  1873.9 MB/s  Total:  558.64 GB
[  305.5s] IOs:    146543401  IOPS:   479626  Throughput:  1873.5 MB/s  Total:  559.02 GB
[  305.8s] IOs:    146644044  IOPS:   479536  Throughput:  1873.2 MB/s  Total:  559.40 GB
[  306.0s] IOs:    146744385  IOPS:   479501  Throughput:  1873.1 MB/s  Total:  559.79 GB
[  306.4s] IOs:    146844586  IOPS:   479287  Throughput:  1872.2 MB/s  Total:  560.17 GB
[  306.6s] IOs:    146944733  IOPS:   479254  Throughput:  1872.1 MB/s  Total:  560.55 GB
[  306.8s] IOs:    147045717  IOPS:   479269  Throughput:  1872.1 MB/s  Total:  560.93 GB
[  307.4s] IOs:    147146330  IOPS:   478709  Throughput:  1870.0 MB/s  Total:  561.32 GB
[  307.6s] IOs:    147246832  IOPS:   478717  Throughput:  1870.0 MB/s  Total:  561.70 GB
[  307.8s] IOs:    147347168  IOPS:   478724  Throughput:  1870.0 MB/s  Total:  562.08 GB
[  308.0s] IOs:    147447716  IOPS:   478729  Throughput:  1870.0 MB/s  Total:  562.47 GB
[  308.2s] IOs:    147548190  IOPS:   478749  Throughput:  1870.1 MB/s  Total:  562.85 GB
[  308.4s] IOs:    147648635  IOPS:   478727  Throughput:  1870.0 MB/s  Total:  563.23 GB
[  308.6s] IOs:    147749342  IOPS:   478730  Throughput:  1870.0 MB/s  Total:  563.62 GB
[  308.9s] IOs:    147850160  IOPS:   478659  Throughput:  1869.8 MB/s  Total:  564.00 GB
[  309.1s] IOs:    147951039  IOPS:   478672  Throughput:  1869.8 MB/s  Total:  564.39 GB
[  309.3s] IOs:    148051164  IOPS:   478678  Throughput:  1869.8 MB/s  Total:  564.77 GB
[  309.6s] IOs:    148151187  IOPS:   478545  Throughput:  1869.3 MB/s  Total:  565.15 GB
[  309.9s] IOs:    148251626  IOPS:   478339  Throughput:  1868.5 MB/s  Total:  565.54 GB
[  310.1s] IOs:    148352049  IOPS:   478344  Throughput:  1868.5 MB/s  Total:  565.92 GB
[  310.3s] IOs:    148452179  IOPS:   478347  Throughput:  1868.5 MB/s  Total:  566.30 GB
[  310.5s] IOs:    148552725  IOPS:   478368  Throughput:  1868.6 MB/s  Total:  566.68 GB
[  310.7s] IOs:    148653221  IOPS:   478398  Throughput:  1868.7 MB/s  Total:  567.07 GB
[  310.9s] IOs:    148754068  IOPS:   478410  Throughput:  1868.8 MB/s  Total:  567.45 GB
[  311.1s] IOs:    148854635  IOPS:   478416  Throughput:  1868.8 MB/s  Total:  567.84 GB
[  311.3s] IOs:    148955163  IOPS:   478448  Throughput:  1868.9 MB/s  Total:  568.22 GB
[  311.5s] IOs:    149055576  IOPS:   478468  Throughput:  1869.0 MB/s  Total:  568.60 GB
[  311.7s] IOs:    149155828  IOPS:   478499  Throughput:  1869.1 MB/s  Total:  568.98 GB
[  311.9s] IOs:    149256719  IOPS:   478511  Throughput:  1869.2 MB/s  Total:  569.37 GB
[  312.1s] IOs:    149357321  IOPS:   478527  Throughput:  1869.2 MB/s  Total:  569.75 GB
[  312.3s] IOs:    149457682  IOPS:   478528  Throughput:  1869.3 MB/s  Total:  570.14 GB
[  312.5s] IOs:    149558572  IOPS:   478574  Throughput:  1869.4 MB/s  Total:  570.52 GB
[  312.7s] IOs:    149659015  IOPS:   478608  Throughput:  1869.6 MB/s  Total:  570.90 GB
[  312.9s] IOs:    149759524  IOPS:   478609  Throughput:  1869.6 MB/s  Total:  571.29 GB
[  313.2s] IOs:    149859900  IOPS:   478554  Throughput:  1869.3 MB/s  Total:  571.67 GB
[  313.4s] IOs:    149960452  IOPS:   478524  Throughput:  1869.2 MB/s  Total:  572.05 GB
[  313.7s] IOs:    150061123  IOPS:   478411  Throughput:  1868.8 MB/s  Total:  572.44 GB
[  313.9s] IOs:    150161640  IOPS:   478394  Throughput:  1868.7 MB/s  Total:  572.82 GB
[  314.1s] IOs:    150262272  IOPS:   478420  Throughput:  1868.8 MB/s  Total:  573.21 GB
[  314.3s] IOs:    150362396  IOPS:   478404  Throughput:  1868.8 MB/s  Total:  573.59 GB
[  314.5s] IOs:    150463061  IOPS:   478413  Throughput:  1868.8 MB/s  Total:  573.97 GB
[Reader] Parsed 24000000 lines, distributed 150469247 writes, unique 203.30 GB, skipped 0
[  314.7s] IOs:    150563779  IOPS:   478433  Throughput:  1868.9 MB/s  Total:  574.36 GB
[  314.9s] IOs:    150664364  IOPS:   478461  Throughput:  1869.0 MB/s  Total:  574.74 GB
[  315.1s] IOs:    150765278  IOPS:   478488  Throughput:  1869.1 MB/s  Total:  575.12 GB
[  315.3s] IOs:    150865548  IOPS:   478450  Throughput:  1868.9 MB/s  Total:  575.51 GB
[  315.5s] IOs:    150965904  IOPS:   478474  Throughput:  1869.0 MB/s  Total:  575.89 GB
[  315.7s] IOs:    151066073  IOPS:   478445  Throughput:  1868.9 MB/s  Total:  576.27 GB
[  315.9s] IOs:    151166523  IOPS:   478466  Throughput:  1869.0 MB/s  Total:  576.65 GB
[  316.1s] IOs:    151266695  IOPS:   478471  Throughput:  1869.0 MB/s  Total:  577.04 GB
[  316.4s] IOs:    151367100  IOPS:   478432  Throughput:  1868.9 MB/s  Total:  577.42 GB
[  316.6s] IOs:    151467705  IOPS:   478424  Throughput:  1868.8 MB/s  Total:  577.80 GB
[  317.0s] IOs:    151567854  IOPS:   478170  Throughput:  1867.9 MB/s  Total:  578.19 GB
[  317.2s] IOs:    151668321  IOPS:   478152  Throughput:  1867.8 MB/s  Total:  578.57 GB
[  317.4s] IOs:    151768776  IOPS:   478172  Throughput:  1867.9 MB/s  Total:  578.95 GB
[  317.6s] IOs:    151868827  IOPS:   478204  Throughput:  1868.0 MB/s  Total:  579.33 GB
[  317.8s] IOs:    151969503  IOPS:   478184  Throughput:  1867.9 MB/s  Total:  579.72 GB
[  318.0s] IOs:    152070284  IOPS:   478208  Throughput:  1868.0 MB/s  Total:  580.10 GB
[  318.2s] IOs:    152170645  IOPS:   478242  Throughput:  1868.1 MB/s  Total:  580.48 GB
[  318.4s] IOs:    152271039  IOPS:   478269  Throughput:  1868.2 MB/s  Total:  580.87 GB
[  318.6s] IOs:    152371493  IOPS:   478289  Throughput:  1868.3 MB/s  Total:  581.25 GB
[  318.8s] IOs:    152471920  IOPS:   478309  Throughput:  1868.4 MB/s  Total:  581.63 GB
[  319.0s] IOs:    152572779  IOPS:   478318  Throughput:  1868.4 MB/s  Total:  582.02 GB
[  319.2s] IOs:    152673124  IOPS:   478356  Throughput:  1868.6 MB/s  Total:  582.40 GB
[  319.3s] IOs:    152773885  IOPS:   478394  Throughput:  1868.7 MB/s  Total:  582.79 GB
[  319.6s] IOs:    152874201  IOPS:   478335  Throughput:  1868.5 MB/s  Total:  583.17 GB
[  319.8s] IOs:    152974247  IOPS:   478348  Throughput:  1868.5 MB/s  Total:  583.55 GB
[  320.2s] IOs:    153075123  IOPS:   478120  Throughput:  1867.7 MB/s  Total:  583.94 GB
[  320.4s] IOs:    153175441  IOPS:   478131  Throughput:  1867.7 MB/s  Total:  584.32 GB
[  320.5s] IOs:    153275582  IOPS:   478166  Throughput:  1867.8 MB/s  Total:  584.70 GB
[  320.7s] IOs:    153375801  IOPS:   478200  Throughput:  1868.0 MB/s  Total:  585.08 GB
[  320.9s] IOs:    153476503  IOPS:   478219  Throughput:  1868.0 MB/s  Total:  585.47 GB
[  321.1s] IOs:    153577085  IOPS:   478241  Throughput:  1868.1 MB/s  Total:  585.85 GB
[  321.3s] IOs:    153677138  IOPS:   478248  Throughput:  1868.2 MB/s  Total:  586.23 GB
[  321.5s] IOs:    153777536  IOPS:   478281  Throughput:  1868.3 MB/s  Total:  586.61 GB
[  321.7s] IOs:    153878152  IOPS:   478317  Throughput:  1868.4 MB/s  Total:  587.00 GB
[  321.9s] IOs:    153979138  IOPS:   478330  Throughput:  1868.5 MB/s  Total:  587.38 GB
[  322.1s] IOs:    154079678  IOPS:   478308  Throughput:  1868.4 MB/s  Total:  587.77 GB
[  322.3s] IOs:    154180415  IOPS:   478311  Throughput:  1868.4 MB/s  Total:  588.15 GB
[  322.5s] IOs:    154280915  IOPS:   478339  Throughput:  1868.5 MB/s  Total:  588.53 GB
[  322.7s] IOs:    154381758  IOPS:   478374  Throughput:  1868.6 MB/s  Total:  588.92 GB
[  323.0s] IOs:    154482447  IOPS:   478330  Throughput:  1868.5 MB/s  Total:  589.30 GB
[  323.2s] IOs:    154582705  IOPS:   478297  Throughput:  1868.3 MB/s  Total:  589.69 GB
[  323.4s] IOs:    154683159  IOPS:   478298  Throughput:  1868.4 MB/s  Total:  590.07 GB
[  323.7s] IOs:    154783751  IOPS:   478208  Throughput:  1868.0 MB/s  Total:  590.45 GB
[  323.9s] IOs:    154884016  IOPS:   478234  Throughput:  1868.1 MB/s  Total:  590.84 GB
[  324.1s] IOs:    154984436  IOPS:   478255  Throughput:  1868.2 MB/s  Total:  591.22 GB
[  324.3s] IOs:    155085065  IOPS:   478245  Throughput:  1868.1 MB/s  Total:  591.60 GB
[  324.5s] IOs:    155185507  IOPS:   478252  Throughput:  1868.2 MB/s  Total:  591.99 GB
[  324.7s] IOs:    155285945  IOPS:   478280  Throughput:  1868.3 MB/s  Total:  592.37 GB
[  324.9s] IOs:    155386549  IOPS:   478289  Throughput:  1868.3 MB/s  Total:  592.75 GB
[  325.1s] IOs:    155486790  IOPS:   478305  Throughput:  1868.4 MB/s  Total:  593.14 GB
[  325.3s] IOs:    155587688  IOPS:   478319  Throughput:  1868.4 MB/s  Total:  593.52 GB
[  325.5s] IOs:    155687906  IOPS:   478318  Throughput:  1868.4 MB/s  Total:  593.90 GB
[  325.7s] IOs:    155788877  IOPS:   478319  Throughput:  1868.4 MB/s  Total:  594.29 GB
[  325.9s] IOs:    155889547  IOPS:   478297  Throughput:  1868.3 MB/s  Total:  594.67 GB
[  326.1s] IOs:    155990486  IOPS:   478320  Throughput:  1868.4 MB/s  Total:  595.06 GB
[  326.3s] IOs:    156091117  IOPS:   478299  Throughput:  1868.4 MB/s  Total:  595.44 GB
[Reader] Parsed 25000000 lines, distributed 156179461 writes, unique 209.21 GB, skipped 0
[  326.6s] IOs:    156191652  IOPS:   478266  Throughput:  1868.2 MB/s  Total:  595.82 GB
[  326.9s] IOs:    156292163  IOPS:   478116  Throughput:  1867.6 MB/s  Total:  596.21 GB
[  327.1s] IOs:    156392784  IOPS:   478103  Throughput:  1867.6 MB/s  Total:  596.59 GB
[  327.3s] IOs:    156493501  IOPS:   478128  Throughput:  1867.7 MB/s  Total:  596.98 GB
[  327.6s] IOs:    156594308  IOPS:   477932  Throughput:  1866.9 MB/s  Total:  597.36 GB
[  327.9s] IOs:    156694940  IOPS:   477876  Throughput:  1866.7 MB/s  Total:  597.74 GB
[  328.3s] IOs:    156795606  IOPS:   477622  Throughput:  1865.7 MB/s  Total:  598.13 GB
[  328.5s] IOs:    156896445  IOPS:   477578  Throughput:  1865.5 MB/s  Total:  598.51 GB
[  328.7s] IOs:    156996656  IOPS:   477592  Throughput:  1865.6 MB/s  Total:  598.89 GB
[  329.2s] IOs:    157097358  IOPS:   477229  Throughput:  1864.2 MB/s  Total:  599.28 GB
[  329.4s] IOs:    157197420  IOPS:   477230  Throughput:  1864.2 MB/s  Total:  599.66 GB
[  329.8s] IOs:    157298295  IOPS:   476924  Throughput:  1863.0 MB/s  Total:  600.05 GB
[  330.0s] IOs:    157398615  IOPS:   476961  Throughput:  1863.1 MB/s  Total:  600.43 GB
[  330.2s] IOs:    157499254  IOPS:   476975  Throughput:  1863.2 MB/s  Total:  600.81 GB
[  330.4s] IOs:    157599978  IOPS:   476938  Throughput:  1863.0 MB/s  Total:  601.20 GB
[  330.7s] IOs:    157700819  IOPS:   476927  Throughput:  1863.0 MB/s  Total:  601.58 GB
[  330.9s] IOs:    157801732  IOPS:   476938  Throughput:  1863.0 MB/s  Total:  601.97 GB
[  331.1s] IOs:    157901822  IOPS:   476944  Throughput:  1863.1 MB/s  Total:  602.35 GB
[  331.3s] IOs:    158002364  IOPS:   476945  Throughput:  1863.1 MB/s  Total:  602.73 GB
[  331.5s] IOs:    158102646  IOPS:   476917  Throughput:  1863.0 MB/s  Total:  603.11 GB
[  331.7s] IOs:    158203379  IOPS:   476909  Throughput:  1862.9 MB/s  Total:  603.50 GB
[  332.0s] IOs:    158303705  IOPS:   476889  Throughput:  1862.8 MB/s  Total:  603.88 GB
[  332.2s] IOs:    158404561  IOPS:   476767  Throughput:  1862.4 MB/s  Total:  604.27 GB
[  332.5s] IOs:    158505049  IOPS:   476753  Throughput:  1862.3 MB/s  Total:  604.65 GB
[  332.6s] IOs:    158605121  IOPS:   476795  Throughput:  1862.5 MB/s  Total:  605.03 GB
[  332.8s] IOs:    158705316  IOPS:   476824  Throughput:  1862.6 MB/s  Total:  605.41 GB
[  333.0s] IOs:    158805821  IOPS:   476858  Throughput:  1862.7 MB/s  Total:  605.80 GB
[  333.2s] IOs:    158906386  IOPS:   476892  Throughput:  1862.9 MB/s  Total:  606.18 GB
[  333.4s] IOs:    159006855  IOPS:   476913  Throughput:  1862.9 MB/s  Total:  606.56 GB
[  333.6s] IOs:    159107317  IOPS:   476924  Throughput:  1863.0 MB/s  Total:  606.95 GB
[  333.8s] IOs:    159207411  IOPS:   476940  Throughput:  1863.0 MB/s  Total:  607.33 GB
[  334.0s] IOs:    159307831  IOPS:   476954  Throughput:  1863.1 MB/s  Total:  607.71 GB
[  334.2s] IOs:    159408148  IOPS:   476988  Throughput:  1863.2 MB/s  Total:  608.09 GB
[  334.4s] IOs:    159508557  IOPS:   476975  Throughput:  1863.2 MB/s  Total:  608.48 GB
[  334.6s] IOs:    159609573  IOPS:   477019  Throughput:  1863.4 MB/s  Total:  608.86 GB
[  334.8s] IOs:    159710169  IOPS:   477040  Throughput:  1863.4 MB/s  Total:  609.25 GB
[  335.0s] IOs:    159810221  IOPS:   477058  Throughput:  1863.5 MB/s  Total:  609.63 GB
[  335.2s] IOs:    159910300  IOPS:   477063  Throughput:  1863.5 MB/s  Total:  610.01 GB
[  335.4s] IOs:    160011060  IOPS:   477090  Throughput:  1863.6 MB/s  Total:  610.39 GB
[  335.6s] IOs:    160111344  IOPS:   477107  Throughput:  1863.7 MB/s  Total:  610.78 GB
[  335.8s] IOs:    160211945  IOPS:   477128  Throughput:  1863.8 MB/s  Total:  611.16 GB
[  336.0s] IOs:    160312425  IOPS:   477151  Throughput:  1863.9 MB/s  Total:  611.54 GB
[  336.2s] IOs:    160413300  IOPS:   477111  Throughput:  1863.7 MB/s  Total:  611.93 GB
[  336.4s] IOs:    160513941  IOPS:   477122  Throughput:  1863.8 MB/s  Total:  612.31 GB
[  336.6s] IOs:    160614856  IOPS:   477135  Throughput:  1863.8 MB/s  Total:  612.70 GB
[  336.8s] IOs:    160714969  IOPS:   477148  Throughput:  1863.9 MB/s  Total:  613.08 GB
[  337.1s] IOs:    160815810  IOPS:   477069  Throughput:  1863.6 MB/s  Total:  613.46 GB
[  337.3s] IOs:    160916111  IOPS:   477100  Throughput:  1863.7 MB/s  Total:  613.85 GB
[  337.5s] IOs:    161017085  IOPS:   477033  Throughput:  1863.4 MB/s  Total:  614.23 GB
[  337.8s] IOs:    161117448  IOPS:   477024  Throughput:  1863.4 MB/s  Total:  614.61 GB
[  338.0s] IOs:    161217992  IOPS:   477023  Throughput:  1863.4 MB/s  Total:  615.00 GB
[  338.3s] IOs:    161318137  IOPS:   476851  Throughput:  1862.7 MB/s  Total:  615.38 GB
[  338.5s] IOs:    161418368  IOPS:   476842  Throughput:  1862.7 MB/s  Total:  615.76 GB
[  338.7s] IOs:    161519044  IOPS:   476863  Throughput:  1862.7 MB/s  Total:  616.15 GB
[  339.2s] IOs:    161619799  IOPS:   476540  Throughput:  1861.5 MB/s  Total:  616.53 GB
[  339.4s] IOs:    161719850  IOPS:   476535  Throughput:  1861.5 MB/s  Total:  616.91 GB
[  339.6s] IOs:    161820385  IOPS:   476477  Throughput:  1861.2 MB/s  Total:  617.30 GB
[  339.8s] IOs:    161920874  IOPS:   476513  Throughput:  1861.4 MB/s  Total:  617.68 GB
[  340.1s] IOs:    162020964  IOPS:   476427  Throughput:  1861.0 MB/s  Total:  618.06 GB
[  340.3s] IOs:    162121718  IOPS:   476434  Throughput:  1861.1 MB/s  Total:  618.45 GB
[  340.6s] IOs:    162222369  IOPS:   476257  Throughput:  1860.4 MB/s  Total:  618.83 GB
[  340.8s] IOs:    162322841  IOPS:   476267  Throughput:  1860.4 MB/s  Total:  619.21 GB
[  341.0s] IOs:    162423337  IOPS:   476274  Throughput:  1860.4 MB/s  Total:  619.60 GB
[  341.2s] IOs:    162523533  IOPS:   476296  Throughput:  1860.5 MB/s  Total:  619.98 GB
[  341.4s] IOs:    162624478  IOPS:   476296  Throughput:  1860.5 MB/s  Total:  620.36 GB
[Reader] Parsed 26000000 lines, distributed 162670153 writes, unique 217.98 GB, skipped 0
[  341.7s] IOs:    162725287  IOPS:   476280  Throughput:  1860.5 MB/s  Total:  620.75 GB
[  341.8s] IOs:    162826227  IOPS:   476324  Throughput:  1860.6 MB/s  Total:  621.13 GB
[  342.2s] IOs:    162927177  IOPS:   476175  Throughput:  1860.1 MB/s  Total:  621.52 GB
[  342.4s] IOs:    163027982  IOPS:   476155  Throughput:  1860.0 MB/s  Total:  621.90 GB
[  342.6s] IOs:    163128718  IOPS:   476158  Throughput:  1860.0 MB/s  Total:  622.29 GB
[  342.9s] IOs:    163228850  IOPS:   476006  Throughput:  1859.4 MB/s  Total:  622.67 GB
[  343.1s] IOs:    163329705  IOPS:   476013  Throughput:  1859.4 MB/s  Total:  623.05 GB
[  343.3s] IOs:    163430358  IOPS:   476040  Throughput:  1859.5 MB/s  Total:  623.44 GB
[  343.5s] IOs:    163530821  IOPS:   476068  Throughput:  1859.6 MB/s  Total:  623.82 GB
[  343.7s] IOs:    163631587  IOPS:   476089  Throughput:  1859.7 MB/s  Total:  624.20 GB
[  343.9s] IOs:    163732195  IOPS:   476106  Throughput:  1859.8 MB/s  Total:  624.59 GB
[  344.1s] IOs:    163832836  IOPS:   476134  Throughput:  1859.9 MB/s  Total:  624.97 GB
[  344.3s] IOs:    163933225  IOPS:   476167  Throughput:  1860.0 MB/s  Total:  625.36 GB
[  344.5s] IOs:    164033905  IOPS:   476191  Throughput:  1860.1 MB/s  Total:  625.74 GB
[  344.7s] IOs:    164133953  IOPS:   476225  Throughput:  1860.3 MB/s  Total:  626.12 GB
[  344.9s] IOs:    164234560  IOPS:   476247  Throughput:  1860.3 MB/s  Total:  626.51 GB
[  345.0s] IOs:    164335011  IOPS:   476270  Throughput:  1860.4 MB/s  Total:  626.89 GB
[  345.2s] IOs:    164435577  IOPS:   476281  Throughput:  1860.5 MB/s  Total:  627.27 GB
[  345.5s] IOs:    164535594  IOPS:   476282  Throughput:  1860.5 MB/s  Total:  627.65 GB
[  345.7s] IOs:    164636488  IOPS:   476301  Throughput:  1860.5 MB/s  Total:  628.04 GB
[  345.9s] IOs:    164736712  IOPS:   476305  Throughput:  1860.6 MB/s  Total:  628.42 GB
[  346.1s] IOs:    164837137  IOPS:   476252  Throughput:  1860.4 MB/s  Total:  628.80 GB
[  346.3s] IOs:    164937905  IOPS:   476265  Throughput:  1860.4 MB/s  Total:  629.19 GB
[  346.5s] IOs:    165038809  IOPS:   476251  Throughput:  1860.4 MB/s  Total:  629.57 GB
[  346.8s] IOs:    165139639  IOPS:   476124  Throughput:  1859.9 MB/s  Total:  629.96 GB
[  347.0s] IOs:    165240122  IOPS:   476136  Throughput:  1859.9 MB/s  Total:  630.34 GB
[  347.2s] IOs:    165340588  IOPS:   476164  Throughput:  1860.0 MB/s  Total:  630.72 GB
[  347.4s] IOs:    165440777  IOPS:   476168  Throughput:  1860.0 MB/s  Total:  631.11 GB
[  347.6s] IOs:    165541272  IOPS:   476189  Throughput:  1860.1 MB/s  Total:  631.49 GB
[  347.8s] IOs:    165641570  IOPS:   476206  Throughput:  1860.2 MB/s  Total:  631.87 GB
[  348.1s] IOs:    165741803  IOPS:   476188  Throughput:  1860.1 MB/s  Total:  632.25 GB
[  348.3s] IOs:    165842435  IOPS:   476197  Throughput:  1860.1 MB/s  Total:  632.64 GB
[  348.5s] IOs:    165942536  IOPS:   476230  Throughput:  1860.3 MB/s  Total:  633.02 GB
[  348.7s] IOs:    166042544  IOPS:   476121  Throughput:  1859.8 MB/s  Total:  633.40 GB
[  348.9s] IOs:    166142657  IOPS:   476161  Throughput:  1860.0 MB/s  Total:  633.78 GB
[  349.1s] IOs:    166243550  IOPS:   476168  Throughput:  1860.0 MB/s  Total:  634.17 GB
[  349.3s] IOs:    166343962  IOPS:   476193  Throughput:  1860.1 MB/s  Total:  634.55 GB
[  349.5s] IOs:    166444127  IOPS:   476223  Throughput:  1860.2 MB/s  Total:  634.93 GB
[  349.7s] IOs:    166544922  IOPS:   476243  Throughput:  1860.3 MB/s  Total:  635.32 GB
[  349.9s] IOs:    166645880  IOPS:   476226  Throughput:  1860.3 MB/s  Total:  635.70 GB
[  350.1s] IOs:    166746853  IOPS:   476254  Throughput:  1860.4 MB/s  Total:  636.09 GB
[  350.3s] IOs:    166846900  IOPS:   476287  Throughput:  1860.5 MB/s  Total:  636.47 GB
[  350.5s] IOs:    166947689  IOPS:   476324  Throughput:  1860.6 MB/s  Total:  636.85 GB
[  350.7s] IOs:    167048018  IOPS:   476338  Throughput:  1860.7 MB/s  Total:  637.24 GB
[  350.9s] IOs:    167148522  IOPS:   476361  Throughput:  1860.8 MB/s  Total:  637.62 GB
[  351.1s] IOs:    167249308  IOPS:   476322  Throughput:  1860.6 MB/s  Total:  638.01 GB
[  351.3s] IOs:    167350160  IOPS:   476351  Throughput:  1860.7 MB/s  Total:  638.39 GB
[  351.5s] IOs:    167451166  IOPS:   476382  Throughput:  1860.9 MB/s  Total:  638.78 GB
[  351.7s] IOs:    167551724  IOPS:   476392  Throughput:  1860.9 MB/s  Total:  639.16 GB
[  351.9s] IOs:    167652200  IOPS:   476425  Throughput:  1861.0 MB/s  Total:  639.54 GB
[  352.1s] IOs:    167752329  IOPS:   476455  Throughput:  1861.2 MB/s  Total:  639.92 GB
[  352.3s] IOs:    167853322  IOPS:   476467  Throughput:  1861.2 MB/s  Total:  640.31 GB
[  352.5s] IOs:    167954222  IOPS:   476500  Throughput:  1861.3 MB/s  Total:  640.69 GB
[  352.7s] IOs:    168054598  IOPS:   476531  Throughput:  1861.4 MB/s  Total:  641.08 GB
[  352.9s] IOs:    168154948  IOPS:   476544  Throughput:  1861.5 MB/s  Total:  641.46 GB
[  353.1s] IOs:    168255485  IOPS:   476545  Throughput:  1861.5 MB/s  Total:  641.84 GB
[  353.3s] IOs:    168355513  IOPS:   476544  Throughput:  1861.5 MB/s  Total:  642.23 GB
[  353.6s] IOs:    168455769  IOPS:   476380  Throughput:  1860.9 MB/s  Total:  642.61 GB
[  353.8s] IOs:    168555943  IOPS:   476393  Throughput:  1860.9 MB/s  Total:  642.99 GB
[  354.2s] IOs:    168656693  IOPS:   476154  Throughput:  1860.0 MB/s  Total:  643.37 GB
[  354.4s] IOs:    168757249  IOPS:   476132  Throughput:  1859.9 MB/s  Total:  643.76 GB
[  354.8s] IOs:    168857740  IOPS:   475909  Throughput:  1859.0 MB/s  Total:  644.14 GB
[  355.0s] IOs:    168958327  IOPS:   475929  Throughput:  1859.1 MB/s  Total:  644.52 GB
[  355.2s] IOs:    169058529  IOPS:   475954  Throughput:  1859.2 MB/s  Total:  644.91 GB
[  355.4s] IOs:    169159071  IOPS:   475992  Throughput:  1859.3 MB/s  Total:  645.29 GB
[  355.6s] IOs:    169259439  IOPS:   476028  Throughput:  1859.5 MB/s  Total:  645.67 GB
[  355.8s] IOs:    169359736  IOPS:   476053  Throughput:  1859.6 MB/s  Total:  646.06 GB
[  356.0s] IOs:    169459997  IOPS:   476063  Throughput:  1859.6 MB/s  Total:  646.44 GB
[  356.2s] IOs:    169560166  IOPS:   476066  Throughput:  1859.6 MB/s  Total:  646.82 GB
[Reader] Parsed 27000000 lines, distributed 169615830 writes, unique 227.25 GB, skipped 0
[  356.4s] IOs:    169660970  IOPS:   476069  Throughput:  1859.6 MB/s  Total:  647.21 GB
[  356.6s] IOs:    169761420  IOPS:   476088  Throughput:  1859.7 MB/s  Total:  647.59 GB
[  356.8s] IOs:    169861681  IOPS:   476114  Throughput:  1859.8 MB/s  Total:  647.97 GB
[  357.0s] IOs:    169962109  IOPS:   476137  Throughput:  1859.9 MB/s  Total:  648.35 GB
[  357.2s] IOs:    170062653  IOPS:   476125  Throughput:  1859.9 MB/s  Total:  648.74 GB
[  357.4s] IOs:    170163390  IOPS:   476159  Throughput:  1860.0 MB/s  Total:  649.12 GB
[  357.6s] IOs:    170263579  IOPS:   476182  Throughput:  1860.1 MB/s  Total:  649.50 GB
[  357.8s] IOs:    170364132  IOPS:   476201  Throughput:  1860.2 MB/s  Total:  649.89 GB
[  358.0s] IOs:    170464915  IOPS:   476210  Throughput:  1860.2 MB/s  Total:  650.27 GB
[  358.2s] IOs:    170565631  IOPS:   476149  Throughput:  1860.0 MB/s  Total:  650.66 GB
[  358.4s] IOs:    170665754  IOPS:   476146  Throughput:  1859.9 MB/s  Total:  651.04 GB
[  358.7s] IOs:    170765969  IOPS:   476116  Throughput:  1859.8 MB/s  Total:  651.42 GB
[  358.9s] IOs:    170866630  IOPS:   476139  Throughput:  1859.9 MB/s  Total:  651.80 GB
[  359.2s] IOs:    170966824  IOPS:   476014  Throughput:  1859.4 MB/s  Total:  652.19 GB
[  359.4s] IOs:    171066847  IOPS:   476035  Throughput:  1859.5 MB/s  Total:  652.57 GB
[  359.7s] IOs:    171167381  IOPS:   475843  Throughput:  1858.8 MB/s  Total:  652.95 GB
[  360.0s] IOs:    171267580  IOPS:   475685  Throughput:  1858.1 MB/s  Total:  653.33 GB
[  360.3s] IOs:    171368555  IOPS:   475669  Throughput:  1858.1 MB/s  Total:  653.72 GB
[  360.5s] IOs:    171469246  IOPS:   475677  Throughput:  1858.1 MB/s  Total:  654.10 GB
[  360.7s] IOs:    171569867  IOPS:   475700  Throughput:  1858.2 MB/s  Total:  654.49 GB
[  360.9s] IOs:    171670357  IOPS:   475729  Throughput:  1858.3 MB/s  Total:  654.87 GB
[  361.1s] IOs:    171770913  IOPS:   475749  Throughput:  1858.4 MB/s  Total:  655.25 GB
[  361.2s] IOs:    171871770  IOPS:   475781  Throughput:  1858.5 MB/s  Total:  655.64 GB
[  361.4s] IOs:    171972700  IOPS:   475794  Throughput:  1858.6 MB/s  Total:  656.02 GB
[  361.6s] IOs:    172073612  IOPS:   475821  Throughput:  1858.7 MB/s  Total:  656.41 GB
[  361.8s] IOs:    172174075  IOPS:   475846  Throughput:  1858.8 MB/s  Total:  656.79 GB
[  362.0s] IOs:    172274973  IOPS:   475860  Throughput:  1858.8 MB/s  Total:  657.18 GB
[  362.2s] IOs:    172375241  IOPS:   475898  Throughput:  1859.0 MB/s  Total:  657.56 GB
[  362.4s] IOs:    172475290  IOPS:   475924  Throughput:  1859.1 MB/s  Total:  657.94 GB
[  362.6s] IOs:    172575506  IOPS:   475964  Throughput:  1859.2 MB/s  Total:  658.32 GB
[  362.8s] IOs:    172675870  IOPS:   475996  Throughput:  1859.4 MB/s  Total:  658.71 GB
[  363.0s] IOs:    172775871  IOPS:   476021  Throughput:  1859.5 MB/s  Total:  659.09 GB
[  363.2s] IOs:    172876376  IOPS:   475955  Throughput:  1859.2 MB/s  Total:  659.47 GB
[  363.4s] IOs:    172977018  IOPS:   475958  Throughput:  1859.2 MB/s  Total:  659.85 GB
[  363.7s] IOs:    173077593  IOPS:   475941  Throughput:  1859.1 MB/s  Total:  660.24 GB
[  363.9s] IOs:    173178166  IOPS:   475934  Throughput:  1859.1 MB/s  Total:  660.62 GB
[  364.1s] IOs:    173278427  IOPS:   475877  Throughput:  1858.9 MB/s  Total:  661.00 GB
[  364.3s] IOs:    173379300  IOPS:   475880  Throughput:  1858.9 MB/s  Total:  661.39 GB
[  364.6s] IOs:    173480246  IOPS:   475748  Throughput:  1858.4 MB/s  Total:  661.77 GB
[  365.0s] IOs:    173580846  IOPS:   475594  Throughput:  1857.8 MB/s  Total:  662.16 GB
[  365.2s] IOs:    173681103  IOPS:   475540  Throughput:  1857.6 MB/s  Total:  662.54 GB
[  365.6s] IOs:    173781543  IOPS:   475281  Throughput:  1856.6 MB/s  Total:  662.92 GB
[  365.9s] IOs:    173882067  IOPS:   475202  Throughput:  1856.3 MB/s  Total:  663.31 GB
[  366.2s] IOs:    173982098  IOPS:   475068  Throughput:  1855.7 MB/s  Total:  663.69 GB
[  366.4s] IOs:    174082818  IOPS:   475065  Throughput:  1855.7 MB/s  Total:  664.07 GB
[  366.6s] IOs:    174183518  IOPS:   475102  Throughput:  1855.9 MB/s  Total:  664.46 GB
[  366.8s] IOs:    174283968  IOPS:   475125  Throughput:  1856.0 MB/s  Total:  664.84 GB
[  367.1s] IOs:    174384866  IOPS:   475080  Throughput:  1855.8 MB/s  Total:  665.23 GB
[  367.3s] IOs:    174485733  IOPS:   475085  Throughput:  1855.8 MB/s  Total:  665.61 GB
[  367.5s] IOs:    174586140  IOPS:   475107  Throughput:  1855.9 MB/s  Total:  665.99 GB
[  367.6s] IOs:    174686163  IOPS:   475150  Throughput:  1856.1 MB/s  Total:  666.37 GB
[  367.8s] IOs:    174786490  IOPS:   475191  Throughput:  1856.2 MB/s  Total:  666.76 GB
[  368.0s] IOs:    174887370  IOPS:   475219  Throughput:  1856.3 MB/s  Total:  667.14 GB
[  368.2s] IOs:    174987528  IOPS:   475255  Throughput:  1856.5 MB/s  Total:  667.52 GB
[  368.4s] IOs:    175088106  IOPS:   475282  Throughput:  1856.6 MB/s  Total:  667.91 GB
[  368.6s] IOs:    175188613  IOPS:   475315  Throughput:  1856.7 MB/s  Total:  668.29 GB
[  368.8s] IOs:    175289267  IOPS:   475326  Throughput:  1856.7 MB/s  Total:  668.68 GB
[  369.0s] IOs:    175390046  IOPS:   475323  Throughput:  1856.7 MB/s  Total:  669.06 GB
[  369.2s] IOs:    175490665  IOPS:   475295  Throughput:  1856.6 MB/s  Total:  669.44 GB
[  369.4s] IOs:    175591302  IOPS:   475288  Throughput:  1856.6 MB/s  Total:  669.83 GB
[  369.7s] IOs:    175692113  IOPS:   475180  Throughput:  1856.2 MB/s  Total:  670.21 GB
[Reader] Parsed 28000000 lines, distributed 175781112 writes, unique 232.33 GB, skipped 0
[  369.9s] IOs:    175792653  IOPS:   475216  Throughput:  1856.3 MB/s  Total:  670.60 GB
[  370.1s] IOs:    175892870  IOPS:   475257  Throughput:  1856.5 MB/s  Total:  670.98 GB
[  370.3s] IOs:    175993083  IOPS:   475280  Throughput:  1856.6 MB/s  Total:  671.36 GB
[  370.5s] IOs:    176093639  IOPS:   475304  Throughput:  1856.7 MB/s  Total:  671.74 GB
[  370.7s] IOs:    176194258  IOPS:   475322  Throughput:  1856.7 MB/s  Total:  672.13 GB
[  370.9s] IOs:    176294388  IOPS:   475342  Throughput:  1856.8 MB/s  Total:  672.51 GB
[  371.1s] IOs:    176394706  IOPS:   475355  Throughput:  1856.9 MB/s  Total:  672.89 GB
[  371.3s] IOs:    176495178  IOPS:   475367  Throughput:  1856.9 MB/s  Total:  673.28 GB
[  371.5s] IOs:    176595528  IOPS:   475384  Throughput:  1857.0 MB/s  Total:  673.66 GB
[  371.7s] IOs:    176695534  IOPS:   475414  Throughput:  1857.1 MB/s  Total:  674.04 GB
[  371.9s] IOs:    176796075  IOPS:   475389  Throughput:  1857.0 MB/s  Total:  674.42 GB
[  372.1s] IOs:    176896389  IOPS:   475370  Throughput:  1856.9 MB/s  Total:  674.81 GB
[  372.3s] IOs:    176996590  IOPS:   475408  Throughput:  1857.1 MB/s  Total:  675.19 GB
[  372.6s] IOs:    177096900  IOPS:   475288  Throughput:  1856.6 MB/s  Total:  675.57 GB
[  372.8s] IOs:    177197221  IOPS:   475252  Throughput:  1856.5 MB/s  Total:  675.95 GB
[  373.1s] IOs:    177297975  IOPS:   475153  Throughput:  1856.1 MB/s  Total:  676.34 GB
[  373.3s] IOs:    177398562  IOPS:   475174  Throughput:  1856.1 MB/s  Total:  676.72 GB
[  373.5s] IOs:    177499461  IOPS:   475184  Throughput:  1856.2 MB/s  Total:  677.11 GB
[  373.7s] IOs:    177599940  IOPS:   475209  Throughput:  1856.3 MB/s  Total:  677.49 GB
[  373.9s] IOs:    177700309  IOPS:   475235  Throughput:  1856.4 MB/s  Total:  677.87 GB
[  374.1s] IOs:    177800329  IOPS:   475264  Throughput:  1856.5 MB/s  Total:  678.25 GB
[  374.3s] IOs:    177900937  IOPS:   475299  Throughput:  1856.6 MB/s  Total:  678.64 GB
[  374.5s] IOs:    178001528  IOPS:   475325  Throughput:  1856.7 MB/s  Total:  679.02 GB
[  374.7s] IOs:    178102149  IOPS:   475334  Throughput:  1856.8 MB/s  Total:  679.41 GB
[  374.9s] IOs:    178202597  IOPS:   475328  Throughput:  1856.7 MB/s  Total:  679.79 GB
[  375.1s] IOs:    178303155  IOPS:   475337  Throughput:  1856.8 MB/s  Total:  680.17 GB
[  375.3s] IOs:    178403175  IOPS:   475364  Throughput:  1856.9 MB/s  Total:  680.55 GB
[  375.5s] IOs:    178503528  IOPS:   475322  Throughput:  1856.7 MB/s  Total:  680.94 GB
[  375.7s] IOs:    178604364  IOPS:   475338  Throughput:  1856.8 MB/s  Total:  681.32 GB
[  376.0s] IOs:    178705039  IOPS:   475335  Throughput:  1856.8 MB/s  Total:  681.71 GB
[  376.2s] IOs:    178805737  IOPS:   475247  Throughput:  1856.4 MB/s  Total:  682.09 GB
[  376.6s] IOs:    178906200  IOPS:   475115  Throughput:  1855.9 MB/s  Total:  682.47 GB
[  376.7s] IOs:    179007169  IOPS:   475140  Throughput:  1856.0 MB/s  Total:  682.86 GB
[  376.9s] IOs:    179107699  IOPS:   475168  Throughput:  1856.1 MB/s  Total:  683.24 GB
[  377.1s] IOs:    179208050  IOPS:   475202  Throughput:  1856.3 MB/s  Total:  683.62 GB
[  377.3s] IOs:    179308893  IOPS:   475232  Throughput:  1856.4 MB/s  Total:  684.01 GB
[  377.5s] IOs:    179409758  IOPS:   475231  Throughput:  1856.4 MB/s  Total:  684.39 GB
[  377.7s] IOs:    179510112  IOPS:   475235  Throughput:  1856.4 MB/s  Total:  684.78 GB
[  377.9s] IOs:    179610804  IOPS:   475233  Throughput:  1856.4 MB/s  Total:  685.16 GB
[  378.2s] IOs:    179711703  IOPS:   475192  Throughput:  1856.2 MB/s  Total:  685.55 GB
[  378.4s] IOs:    179812043  IOPS:   475213  Throughput:  1856.3 MB/s  Total:  685.93 GB
[  378.6s] IOs:    179912551  IOPS:   475243  Throughput:  1856.4 MB/s  Total:  686.31 GB
[  378.8s] IOs:    180012735  IOPS:   475266  Throughput:  1856.5 MB/s  Total:  686.69 GB
[  379.0s] IOs:    180113467  IOPS:   475268  Throughput:  1856.5 MB/s  Total:  687.08 GB
[  379.2s] IOs:    180214091  IOPS:   475251  Throughput:  1856.5 MB/s  Total:  687.46 GB
[  379.5s] IOs:    180314965  IOPS:   475145  Throughput:  1856.0 MB/s  Total:  687.85 GB
[  379.7s] IOs:    180415461  IOPS:   475161  Throughput:  1856.1 MB/s  Total:  688.23 GB
[  379.9s] IOs:    180515747  IOPS:   475178  Throughput:  1856.2 MB/s  Total:  688.61 GB
[  380.1s] IOs:    180616338  IOPS:   475209  Throughput:  1856.3 MB/s  Total:  689.00 GB
[  380.3s] IOs:    180717327  IOPS:   475237  Throughput:  1856.4 MB/s  Total:  689.38 GB
[  380.5s] IOs:    180817348  IOPS:   475267  Throughput:  1856.5 MB/s  Total:  689.76 GB
[  380.6s] IOs:    180917566  IOPS:   475293  Throughput:  1856.6 MB/s  Total:  690.15 GB
[  380.8s] IOs:    181017802  IOPS:   475307  Throughput:  1856.7 MB/s  Total:  690.53 GB
[  381.0s] IOs:    181118085  IOPS:   475321  Throughput:  1856.7 MB/s  Total:  690.91 GB
[  381.3s] IOs:    181218450  IOPS:   475297  Throughput:  1856.6 MB/s  Total:  691.29 GB
[  381.5s] IOs:    181318495  IOPS:   475315  Throughput:  1856.7 MB/s  Total:  691.68 GB
[  381.7s] IOs:    181419241  IOPS:   475327  Throughput:  1856.7 MB/s  Total:  692.06 GB
[  381.9s] IOs:    181519597  IOPS:   475305  Throughput:  1856.7 MB/s  Total:  692.44 GB
[  382.1s] IOs:    181619670  IOPS:   475335  Throughput:  1856.8 MB/s  Total:  692.82 GB
[  382.3s] IOs:    181719890  IOPS:   475349  Throughput:  1856.8 MB/s  Total:  693.21 GB
[  382.5s] IOs:    181820139  IOPS:   475376  Throughput:  1856.9 MB/s  Total:  693.59 GB
[  382.8s] IOs:    181920781  IOPS:   475282  Throughput:  1856.6 MB/s  Total:  693.97 GB
[  383.0s] IOs:    182021772  IOPS:   475313  Throughput:  1856.7 MB/s  Total:  694.36 GB
[  383.3s] IOs:    182122642  IOPS:   475183  Throughput:  1856.2 MB/s  Total:  694.74 GB
[  383.5s] IOs:    182223050  IOPS:   475204  Throughput:  1856.3 MB/s  Total:  695.13 GB
[  383.7s] IOs:    182323549  IOPS:   475183  Throughput:  1856.2 MB/s  Total:  695.51 GB
[Reader] Parsed 29000000 lines, distributed 182341345 writes, unique 239.70 GB, skipped 0
[  383.9s] IOs:    182423618  IOPS:   475187  Throughput:  1856.2 MB/s  Total:  695.89 GB
[  384.1s] IOs:    182523799  IOPS:   475200  Throughput:  1856.3 MB/s  Total:  696.27 GB
[  384.5s] IOs:    182624154  IOPS:   474981  Throughput:  1855.4 MB/s  Total:  696.66 GB
[  384.7s] IOs:    182724671  IOPS:   474962  Throughput:  1855.3 MB/s  Total:  697.04 GB
[  384.9s] IOs:    182824832  IOPS:   474937  Throughput:  1855.2 MB/s  Total:  697.42 GB
[  385.3s] IOs:    182924858  IOPS:   474744  Throughput:  1854.5 MB/s  Total:  697.80 GB
[  385.7s] IOs:    183025010  IOPS:   474498  Throughput:  1853.5 MB/s  Total:  698.19 GB
[  386.0s] IOs:    183125793  IOPS:   474479  Throughput:  1853.4 MB/s  Total:  698.57 GB
[  386.3s] IOs:    183226550  IOPS:   474360  Throughput:  1853.0 MB/s  Total:  698.95 GB
[  386.5s] IOs:    183326941  IOPS:   474371  Throughput:  1853.0 MB/s  Total:  699.34 GB
[  386.7s] IOs:    183427893  IOPS:   474373  Throughput:  1853.0 MB/s  Total:  699.72 GB
[  386.9s] IOs:    183528124  IOPS:   474333  Throughput:  1852.9 MB/s  Total:  700.10 GB
[  387.1s] IOs:    183628243  IOPS:   474369  Throughput:  1853.0 MB/s  Total:  700.49 GB
[  387.3s] IOs:    183729176  IOPS:   474402  Throughput:  1853.1 MB/s  Total:  700.87 GB
[  387.5s] IOs:    183829993  IOPS:   474435  Throughput:  1853.3 MB/s  Total:  701.26 GB
[  387.7s] IOs:    183930776  IOPS:   474454  Throughput:  1853.3 MB/s  Total:  701.64 GB
[  387.9s] IOs:    184031343  IOPS:   474464  Throughput:  1853.4 MB/s  Total:  702.02 GB
[  388.1s] IOs:    184132182  IOPS:   474475  Throughput:  1853.4 MB/s  Total:  702.41 GB
[  388.3s] IOs:    184232889  IOPS:   474497  Throughput:  1853.5 MB/s  Total:  702.79 GB
[  388.5s] IOs:    184333198  IOPS:   474530  Throughput:  1853.6 MB/s  Total:  703.18 GB
[  388.6s] IOs:    184434068  IOPS:   474566  Throughput:  1853.8 MB/s  Total:  703.56 GB
[  388.8s] IOs:    184534232  IOPS:   474589  Throughput:  1853.9 MB/s  Total:  703.94 GB
[  389.0s] IOs:    184635066  IOPS:   474613  Throughput:  1854.0 MB/s  Total:  704.33 GB
[  389.2s] IOs:    184735515  IOPS:   474617  Throughput:  1854.0 MB/s  Total:  704.71 GB
[  389.4s] IOs:    184836231  IOPS:   474617  Throughput:  1854.0 MB/s  Total:  705.09 GB
[  389.7s] IOs:    184937153  IOPS:   474616  Throughput:  1854.0 MB/s  Total:  705.48 GB
[  389.9s] IOs:    185037572  IOPS:   474584  Throughput:  1853.8 MB/s  Total:  705.86 GB
[  390.1s] IOs:    185138165  IOPS:   474581  Throughput:  1853.8 MB/s  Total:  706.25 GB
[  390.3s] IOs:    185238700  IOPS:   474597  Throughput:  1853.9 MB/s  Total:  706.63 GB
[  390.5s] IOs:    185339390  IOPS:   474605  Throughput:  1853.9 MB/s  Total:  707.01 GB
[  390.9s] IOs:    185440013  IOPS:   474417  Throughput:  1853.2 MB/s  Total:  707.40 GB
[  391.1s] IOs:    185540315  IOPS:   474437  Throughput:  1853.3 MB/s  Total:  707.78 GB
[  391.3s] IOs:    185640613  IOPS:   474458  Throughput:  1853.4 MB/s  Total:  708.16 GB
[  391.5s] IOs:    185741502  IOPS:   474477  Throughput:  1853.4 MB/s  Total:  708.55 GB
[  391.7s] IOs:    185842116  IOPS:   474503  Throughput:  1853.5 MB/s  Total:  708.93 GB
[  391.8s] IOs:    185942442  IOPS:   474537  Throughput:  1853.7 MB/s  Total:  709.31 GB
[  392.0s] IOs:    186042563  IOPS:   474546  Throughput:  1853.7 MB/s  Total:  709.70 GB
[  392.2s] IOs:    186143032  IOPS:   474568  Throughput:  1853.8 MB/s  Total:  710.08 GB
[  392.4s] IOs:    186243414  IOPS:   474582  Throughput:  1853.8 MB/s  Total:  710.46 GB
[  392.6s] IOs:    186343999  IOPS:   474605  Throughput:  1853.9 MB/s  Total:  710.85 GB
[  392.8s] IOs:    186444514  IOPS:   474599  Throughput:  1853.9 MB/s  Total:  711.23 GB
[  393.0s] IOs:    186545188  IOPS:   474631  Throughput:  1854.0 MB/s  Total:  711.61 GB
[  393.2s] IOs:    186646187  IOPS:   474666  Throughput:  1854.2 MB/s  Total:  712.00 GB
[  393.4s] IOs:    186746988  IOPS:   474688  Throughput:  1854.2 MB/s  Total:  712.38 GB
[  393.6s] IOs:    186847929  IOPS:   474682  Throughput:  1854.2 MB/s  Total:  712.77 GB
[  393.8s] IOs:    186948335  IOPS:   474698  Throughput:  1854.3 MB/s  Total:  713.15 GB
[  394.1s] IOs:    187048993  IOPS:   474671  Throughput:  1854.2 MB/s  Total:  713.54 GB
[  394.4s] IOs:    187149948  IOPS:   474547  Throughput:  1853.7 MB/s  Total:  713.92 GB
[  394.6s] IOs:    187250893  IOPS:   474559  Throughput:  1853.7 MB/s  Total:  714.31 GB
[Reader] Parsed 30000000 lines, distributed 187347289 writes, unique 242.85 GB, skipped 0
[  394.8s] IOs:    187351722  IOPS:   474591  Throughput:  1853.9 MB/s  Total:  714.69 GB
[  395.0s] IOs:    187452424  IOPS:   474578  Throughput:  1853.8 MB/s  Total:  715.07 GB
[  395.2s] IOs:    187552939  IOPS:   474592  Throughput:  1853.9 MB/s  Total:  715.46 GB
[  395.4s] IOs:    187653152  IOPS:   474613  Throughput:  1854.0 MB/s  Total:  715.84 GB
[  395.6s] IOs:    187753903  IOPS:   474622  Throughput:  1854.0 MB/s  Total:  716.22 GB
[  395.8s] IOs:    187854689  IOPS:   474601  Throughput:  1853.9 MB/s  Total:  716.61 GB
[  396.0s] IOs:    187955535  IOPS:   474600  Throughput:  1853.9 MB/s  Total:  716.99 GB
[  396.3s] IOs:    188055953  IOPS:   474500  Throughput:  1853.5 MB/s  Total:  717.38 GB
[  396.5s] IOs:    188156122  IOPS:   474503  Throughput:  1853.5 MB/s  Total:  717.76 GB
[  396.7s] IOs:    188256692  IOPS:   474509  Throughput:  1853.6 MB/s  Total:  718.14 GB
[  397.0s] IOs:    188357390  IOPS:   474510  Throughput:  1853.6 MB/s  Total:  718.53 GB
[  397.1s] IOs:    188458085  IOPS:   474530  Throughput:  1853.6 MB/s  Total:  718.91 GB
[  397.3s] IOs:    188558492  IOPS:   474559  Throughput:  1853.7 MB/s  Total:  719.29 GB
[  397.5s] IOs:    188659141  IOPS:   474571  Throughput:  1853.8 MB/s  Total:  719.68 GB
[  397.7s] IOs:    188760058  IOPS:   474600  Throughput:  1853.9 MB/s  Total:  720.06 GB
[  397.9s] IOs:    188860848  IOPS:   474613  Throughput:  1854.0 MB/s  Total:  720.45 GB
[  398.1s] IOs:    188961304  IOPS:   474622  Throughput:  1854.0 MB/s  Total:  720.83 GB
[  398.3s] IOs:    189061737  IOPS:   474633  Throughput:  1854.0 MB/s  Total:  721.21 GB
[  398.7s] IOs:    189161787  IOPS:   474503  Throughput:  1853.5 MB/s  Total:  721.59 GB
[  398.8s] IOs:    189261952  IOPS:   474526  Throughput:  1853.6 MB/s  Total:  721.98 GB
[  399.1s] IOs:    189362776  IOPS:   474526  Throughput:  1853.6 MB/s  Total:  722.36 GB
[  399.2s] IOs:    189463325  IOPS:   474549  Throughput:  1853.7 MB/s  Total:  722.75 GB
[  399.5s] IOs:    189564261  IOPS:   474562  Throughput:  1853.8 MB/s  Total:  723.13 GB
[  399.7s] IOs:    189665084  IOPS:   474578  Throughput:  1853.8 MB/s  Total:  723.51 GB
[  399.9s] IOs:    189765535  IOPS:   474581  Throughput:  1853.8 MB/s  Total:  723.90 GB
[  400.1s] IOs:    189866177  IOPS:   474588  Throughput:  1853.9 MB/s  Total:  724.28 GB
[  400.3s] IOs:    189966233  IOPS:   474602  Throughput:  1853.9 MB/s  Total:  724.66 GB
[  400.5s] IOs:    190066672  IOPS:   474625  Throughput:  1854.0 MB/s  Total:  725.05 GB
[  400.7s] IOs:    190167321  IOPS:   474640  Throughput:  1854.1 MB/s  Total:  725.43 GB
[  400.9s] IOs:    190268178  IOPS:   474628  Throughput:  1854.0 MB/s  Total:  725.82 GB
[  401.1s] IOs:    190368847  IOPS:   474661  Throughput:  1854.1 MB/s  Total:  726.20 GB
[  401.3s] IOs:    190469832  IOPS:   474682  Throughput:  1854.2 MB/s  Total:  726.58 GB
[  401.4s] IOs:    190570549  IOPS:   474709  Throughput:  1854.3 MB/s  Total:  726.97 GB
[  401.6s] IOs:    190670859  IOPS:   474730  Throughput:  1854.4 MB/s  Total:  727.35 GB
[  401.8s] IOs:    190771367  IOPS:   474763  Throughput:  1854.5 MB/s  Total:  727.74 GB
[  402.0s] IOs:    190871824  IOPS:   474772  Throughput:  1854.6 MB/s  Total:  728.12 GB
[  402.3s] IOs:    190971984  IOPS:   474749  Throughput:  1854.5 MB/s  Total:  728.50 GB
[  402.5s] IOs:    191072413  IOPS:   474745  Throughput:  1854.5 MB/s  Total:  728.88 GB
[  402.7s] IOs:    191172677  IOPS:   474748  Throughput:  1854.5 MB/s  Total:  729.27 GB
[  402.9s] IOs:    191272779  IOPS:   474752  Throughput:  1854.5 MB/s  Total:  729.65 GB
[  403.1s] IOs:    191373343  IOPS:   474722  Throughput:  1854.4 MB/s  Total:  730.03 GB
[  403.4s] IOs:    191473991  IOPS:   474611  Throughput:  1853.9 MB/s  Total:  730.42 GB
[  403.6s] IOs:    191574807  IOPS:   474610  Throughput:  1853.9 MB/s  Total:  730.80 GB
[  403.8s] IOs:    191675135  IOPS:   474635  Throughput:  1854.0 MB/s  Total:  731.18 GB
[  404.0s] IOs:    191776006  IOPS:   474650  Throughput:  1854.1 MB/s  Total:  731.57 GB
[  404.2s] IOs:    191876656  IOPS:   474677  Throughput:  1854.2 MB/s  Total:  731.95 GB
[  404.4s] IOs:    191976864  IOPS:   474707  Throughput:  1854.3 MB/s  Total:  732.33 GB
[  404.6s] IOs:    192076934  IOPS:   474720  Throughput:  1854.4 MB/s  Total:  732.72 GB
[  404.8s] IOs:    192177388  IOPS:   474729  Throughput:  1854.4 MB/s  Total:  733.10 GB
[  405.0s] IOs:    192277824  IOPS:   474745  Throughput:  1854.5 MB/s  Total:  733.48 GB
[  405.2s] IOs:    192377923  IOPS:   474735  Throughput:  1854.4 MB/s  Total:  733.86 GB
[  405.4s] IOs:    192478147  IOPS:   474729  Throughput:  1854.4 MB/s  Total:  734.25 GB
[  405.6s] IOs:    192578809  IOPS:   474749  Throughput:  1854.5 MB/s  Total:  734.63 GB
[  405.9s] IOs:    192678906  IOPS:   474732  Throughput:  1854.4 MB/s  Total:  735.01 GB
[  406.2s] IOs:    192779275  IOPS:   474609  Throughput:  1853.9 MB/s  Total:  735.39 GB
[  406.4s] IOs:    192879358  IOPS:   474643  Throughput:  1854.1 MB/s  Total:  735.78 GB
[  406.6s] IOs:    192979801  IOPS:   474669  Throughput:  1854.2 MB/s  Total:  736.16 GB
[  406.8s] IOs:    193079892  IOPS:   474671  Throughput:  1854.2 MB/s  Total:  736.54 GB
[  407.0s] IOs:    193180633  IOPS:   474680  Throughput:  1854.2 MB/s  Total:  736.93 GB
[  407.2s] IOs:    193280867  IOPS:   474702  Throughput:  1854.3 MB/s  Total:  737.31 GB
[Reader] Parsed 31000000 lines, distributed 193295961 writes, unique 247.75 GB, skipped 0
[  407.4s] IOs:    193381308  IOPS:   474715  Throughput:  1854.4 MB/s  Total:  737.69 GB
[  407.5s] IOs:    193481395  IOPS:   474748  Throughput:  1854.5 MB/s  Total:  738.07 GB
[  407.7s] IOs:    193581770  IOPS:   474770  Throughput:  1854.6 MB/s  Total:  738.46 GB
[  407.9s] IOs:    193682648  IOPS:   474802  Throughput:  1854.7 MB/s  Total:  738.84 GB
[  408.1s] IOs:    193783216  IOPS:   474820  Throughput:  1854.8 MB/s  Total:  739.22 GB
[  408.4s] IOs:    193883314  IOPS:   474789  Throughput:  1854.6 MB/s  Total:  739.61 GB
[  408.6s] IOs:    193983499  IOPS:   474803  Throughput:  1854.7 MB/s  Total:  739.99 GB
[  408.8s] IOs:    194084286  IOPS:   474816  Throughput:  1854.7 MB/s  Total:  740.37 GB
[  408.9s] IOs:    194184776  IOPS:   474838  Throughput:  1854.8 MB/s  Total:  740.76 GB
[  409.1s] IOs:    194285431  IOPS:   474864  Throughput:  1854.9 MB/s  Total:  741.14 GB
[  409.3s] IOs:    194385976  IOPS:   474892  Throughput:  1855.0 MB/s  Total:  741.52 GB
[  409.5s] IOs:    194486476  IOPS:   474921  Throughput:  1855.2 MB/s  Total:  741.91 GB
[  409.7s] IOs:    194587160  IOPS:   474904  Throughput:  1855.1 MB/s  Total:  742.29 GB
[  409.9s] IOs:    194687688  IOPS:   474918  Throughput:  1855.1 MB/s  Total:  742.67 GB
[  410.1s] IOs:    194788147  IOPS:   474924  Throughput:  1855.2 MB/s  Total:  743.06 GB
[  410.4s] IOs:    194888705  IOPS:   474890  Throughput:  1855.0 MB/s  Total:  743.44 GB
[  410.6s] IOs:    194989397  IOPS:   474894  Throughput:  1855.1 MB/s  Total:  743.83 GB
[  410.8s] IOs:    195090371  IOPS:   474888  Throughput:  1855.0 MB/s  Total:  744.21 GB
[  411.0s] IOs:    195191302  IOPS:   474880  Throughput:  1855.0 MB/s  Total:  744.60 GB
[  412.1s] IOs:    195291720  IOPS:   473838  Throughput:  1850.9 MB/s  Total:  744.98 GB
[  412.8s] IOs:    195392024  IOPS:   473342  Throughput:  1849.0 MB/s  Total:  745.36 GB
[  413.0s] IOs:    195492386  IOPS:   473305  Throughput:  1848.8 MB/s  Total:  745.74 GB
[  413.2s] IOs:    195593345  IOPS:   473313  Throughput:  1848.9 MB/s  Total:  746.13 GB
[  413.4s] IOs:    195693629  IOPS:   473332  Throughput:  1849.0 MB/s  Total:  746.51 GB
[  413.6s] IOs:    195794091  IOPS:   473365  Throughput:  1849.1 MB/s  Total:  746.90 GB
[  413.8s] IOs:    195894178  IOPS:   473390  Throughput:  1849.2 MB/s  Total:  747.28 GB
[  414.0s] IOs:    195994893  IOPS:   473400  Throughput:  1849.2 MB/s  Total:  747.66 GB
[  414.2s] IOs:    196095262  IOPS:   473427  Throughput:  1849.3 MB/s  Total:  748.04 GB
[  414.4s] IOs:    196196147  IOPS:   473453  Throughput:  1849.4 MB/s  Total:  748.43 GB
[  414.6s] IOs:    196297065  IOPS:   473477  Throughput:  1849.5 MB/s  Total:  748.81 GB
[  414.8s] IOs:    196397380  IOPS:   473462  Throughput:  1849.5 MB/s  Total:  749.20 GB
[  415.0s] IOs:    196498032  IOPS:   473491  Throughput:  1849.6 MB/s  Total:  749.58 GB
[  415.2s] IOs:    196598343  IOPS:   473517  Throughput:  1849.7 MB/s  Total:  749.96 GB
[  415.4s] IOs:    196699076  IOPS:   473540  Throughput:  1849.8 MB/s  Total:  750.35 GB
[  415.6s] IOs:    196800063  IOPS:   473532  Throughput:  1849.7 MB/s  Total:  750.73 GB
[  415.8s] IOs:    196900899  IOPS:   473564  Throughput:  1849.9 MB/s  Total:  751.12 GB
[  416.0s] IOs:    197001275  IOPS:   473589  Throughput:  1850.0 MB/s  Total:  751.50 GB
[  416.2s] IOs:    197102018  IOPS:   473607  Throughput:  1850.0 MB/s  Total:  751.88 GB
[  416.4s] IOs:    197202331  IOPS:   473634  Throughput:  1850.1 MB/s  Total:  752.27 GB
[  416.6s] IOs:    197302936  IOPS:   473650  Throughput:  1850.2 MB/s  Total:  752.65 GB
[  416.8s] IOs:    197403345  IOPS:   473652  Throughput:  1850.2 MB/s  Total:  753.03 GB
[  417.0s] IOs:    197504094  IOPS:   473662  Throughput:  1850.2 MB/s  Total:  753.42 GB
[  417.2s] IOs:    197604551  IOPS:   473624  Throughput:  1850.1 MB/s  Total:  753.80 GB
[  417.4s] IOs:    197705397  IOPS:   473609  Throughput:  1850.0 MB/s  Total:  754.19 GB
[  418.0s] IOs:    197805407  IOPS:   473240  Throughput:  1848.6 MB/s  Total:  754.57 GB
[  418.2s] IOs:    197905595  IOPS:   473232  Throughput:  1848.6 MB/s  Total:  754.95 GB
[  418.4s] IOs:    198005667  IOPS:   473258  Throughput:  1848.7 MB/s  Total:  755.33 GB
[  418.9s] IOs:    198106654  IOPS:   472930  Throughput:  1847.4 MB/s  Total:  755.72 GB
[  419.4s] IOs:    198207583  IOPS:   472590  Throughput:  1846.1 MB/s  Total:  756.10 GB
[  419.7s] IOs:    198308103  IOPS:   472535  Throughput:  1845.8 MB/s  Total:  756.49 GB
[  419.9s] IOs:    198408403  IOPS:   472542  Throughput:  1845.9 MB/s  Total:  756.87 GB
[  420.2s] IOs:    198508653  IOPS:   472425  Throughput:  1845.4 MB/s  Total:  757.25 GB
[  420.4s] IOs:    198608919  IOPS:   472418  Throughput:  1845.4 MB/s  Total:  757.63 GB
[  420.6s] IOs:    198709539  IOPS:   472441  Throughput:  1845.5 MB/s  Total:  758.02 GB
[  420.8s] IOs:    198809753  IOPS:   472461  Throughput:  1845.6 MB/s  Total:  758.40 GB
[Reader] Parsed 32000000 lines, distributed 198814470 writes, unique 248.90 GB, skipped 0
[  421.0s] IOs:    198909973  IOPS:   472489  Throughput:  1845.7 MB/s  Total:  758.78 GB
[  421.2s] IOs:    199010445  IOPS:   472509  Throughput:  1845.7 MB/s  Total:  759.16 GB
[  421.4s] IOs:    199110782  IOPS:   472500  Throughput:  1845.7 MB/s  Total:  759.55 GB
[  421.6s] IOs:    199211525  IOPS:   472520  Throughput:  1845.8 MB/s  Total:  759.93 GB
[  421.8s] IOs:    199312334  IOPS:   472483  Throughput:  1845.6 MB/s  Total:  760.32 GB
[  422.1s] IOs:    199413029  IOPS:   472483  Throughput:  1845.6 MB/s  Total:  760.70 GB
[  422.2s] IOs:    199513993  IOPS:   472504  Throughput:  1845.7 MB/s  Total:  761.09 GB
[  422.5s] IOs:    199614005  IOPS:   472435  Throughput:  1845.4 MB/s  Total:  761.47 GB
[  422.7s] IOs:    199714347  IOPS:   472457  Throughput:  1845.5 MB/s  Total:  761.85 GB
[  422.9s] IOs:    199814900  IOPS:   472483  Throughput:  1845.6 MB/s  Total:  762.23 GB
[  423.1s] IOs:    199915668  IOPS:   472465  Throughput:  1845.6 MB/s  Total:  762.62 GB
[  423.3s] IOs:    200016178  IOPS:   472485  Throughput:  1845.6 MB/s  Total:  763.00 GB
[  423.5s] IOs:    200116701  IOPS:   472484  Throughput:  1845.6 MB/s  Total:  763.38 GB
[  423.8s] IOs:    200217661  IOPS:   472454  Throughput:  1845.5 MB/s  Total:  763.77 GB
[  424.1s] IOs:    200317701  IOPS:   472324  Throughput:  1845.0 MB/s  Total:  764.15 GB
[  424.3s] IOs:    200418276  IOPS:   472329  Throughput:  1845.0 MB/s  Total:  764.54 GB
[  424.5s] IOs:    200518464  IOPS:   472349  Throughput:  1845.1 MB/s  Total:  764.92 GB
[  424.7s] IOs:    200619482  IOPS:   472368  Throughput:  1845.2 MB/s  Total:  765.30 GB
[  424.9s] IOs:    200720451  IOPS:   472395  Throughput:  1845.3 MB/s  Total:  765.69 GB
[  425.1s] IOs:    200820597  IOPS:   472420  Throughput:  1845.4 MB/s  Total:  766.07 GB
[  425.3s] IOs:    200921394  IOPS:   472442  Throughput:  1845.5 MB/s  Total:  766.45 GB
[  425.5s] IOs:    201022181  IOPS:   472468  Throughput:  1845.6 MB/s  Total:  766.84 GB
[  425.7s] IOs:    201122364  IOPS:   472489  Throughput:  1845.7 MB/s  Total:  767.22 GB
[  425.8s] IOs:    201222614  IOPS:   472527  Throughput:  1845.8 MB/s  Total:  767.60 GB
[  426.0s] IOs:    201323427  IOPS:   472554  Throughput:  1845.9 MB/s  Total:  767.99 GB
[  426.3s] IOs:    201423472  IOPS:   472543  Throughput:  1845.9 MB/s  Total:  768.37 GB
[  426.4s] IOs:    201523710  IOPS:   472563  Throughput:  1846.0 MB/s  Total:  768.75 GB
[  426.6s] IOs:    201623987  IOPS:   472589  Throughput:  1846.1 MB/s  Total:  769.13 GB
[  426.9s] IOs:    201724572  IOPS:   472586  Throughput:  1846.0 MB/s  Total:  769.52 GB
[  427.0s] IOs:    201825508  IOPS:   472606  Throughput:  1846.1 MB/s  Total:  769.90 GB
[  427.2s] IOs:    201926175  IOPS:   472624  Throughput:  1846.2 MB/s  Total:  770.29 GB
[  427.5s] IOs:    202027079  IOPS:   472582  Throughput:  1846.0 MB/s  Total:  770.67 GB
[  427.7s] IOs:    202127412  IOPS:   472601  Throughput:  1846.1 MB/s  Total:  771.05 GB
[  427.9s] IOs:    202227546  IOPS:   472615  Throughput:  1846.2 MB/s  Total:  771.44 GB
[  428.1s] IOs:    202327803  IOPS:   472639  Throughput:  1846.2 MB/s  Total:  771.82 GB
[  428.3s] IOs:    202428580  IOPS:   472663  Throughput:  1846.3 MB/s  Total:  772.20 GB
[  428.5s] IOs:    202529048  IOPS:   472689  Throughput:  1846.4 MB/s  Total:  772.59 GB
[  428.7s] IOs:    202629921  IOPS:   472680  Throughput:  1846.4 MB/s  Total:  772.97 GB
[  428.9s] IOs:    202730358  IOPS:   472694  Throughput:  1846.5 MB/s  Total:  773.35 GB
[  429.1s] IOs:    202831147  IOPS:   472717  Throughput:  1846.6 MB/s  Total:  773.74 GB
[  429.5s] IOs:    202931832  IOPS:   472435  Throughput:  1845.4 MB/s  Total:  774.12 GB
[  429.9s] IOs:    203032314  IOPS:   472292  Throughput:  1844.9 MB/s  Total:  774.51 GB
[  430.4s] IOs:    203133088  IOPS:   471949  Throughput:  1843.6 MB/s  Total:  774.89 GB
[  430.9s] IOs:    203233378  IOPS:   471635  Throughput:  1842.3 MB/s  Total:  775.27 GB
[  431.6s] IOs:    203333653  IOPS:   471167  Throughput:  1840.5 MB/s  Total:  775.66 GB
[  431.9s] IOs:    203434182  IOPS:   470983  Throughput:  1839.8 MB/s  Total:  776.04 GB
[  432.2s] IOs:    203535200  IOPS:   470981  Throughput:  1839.8 MB/s  Total:  776.43 GB
[  432.4s] IOs:    203635994  IOPS:   470988  Throughput:  1839.8 MB/s  Total:  776.81 GB
[  432.6s] IOs:    203736439  IOPS:   471005  Throughput:  1839.9 MB/s  Total:  777.19 GB
[  432.7s] IOs:    203836621  IOPS:   471029  Throughput:  1840.0 MB/s  Total:  777.58 GB
[  432.9s] IOs:    203936654  IOPS:   471054  Throughput:  1840.1 MB/s  Total:  777.96 GB
[  433.1s] IOs:    204037106  IOPS:   471071  Throughput:  1840.1 MB/s  Total:  778.34 GB
[Reader] Parsed 33000000 lines, distributed 204088805 writes, unique 250.04 GB, skipped 0
[  433.3s] IOs:    204137778  IOPS:   471098  Throughput:  1840.2 MB/s  Total:  778.72 GB
[  433.5s] IOs:    204238289  IOPS:   471116  Throughput:  1840.3 MB/s  Total:  779.11 GB
[  433.8s] IOs:    204339069  IOPS:   471077  Throughput:  1840.1 MB/s  Total:  779.49 GB
[  434.0s] IOs:    204439450  IOPS:   471095  Throughput:  1840.2 MB/s  Total:  779.87 GB
[  434.2s] IOs:    204540028  IOPS:   471106  Throughput:  1840.3 MB/s  Total:  780.26 GB
[  434.4s] IOs:    204640119  IOPS:   471126  Throughput:  1840.3 MB/s  Total:  780.64 GB
[  434.6s] IOs:    204740497  IOPS:   471119  Throughput:  1840.3 MB/s  Total:  781.02 GB
[  434.8s] IOs:    204840515  IOPS:   471152  Throughput:  1840.4 MB/s  Total:  781.40 GB
[  435.0s] IOs:    204941258  IOPS:   471180  Throughput:  1840.5 MB/s  Total:  781.79 GB
[  435.2s] IOs:    205042130  IOPS:   471180  Throughput:  1840.5 MB/s  Total:  782.17 GB
[  435.4s] IOs:    205142563  IOPS:   471207  Throughput:  1840.7 MB/s  Total:  782.56 GB
[  435.5s] IOs:    205243402  IOPS:   471229  Throughput:  1840.7 MB/s  Total:  782.94 GB
[  435.8s] IOs:    205343923  IOPS:   471209  Throughput:  1840.7 MB/s  Total:  783.32 GB
[  436.0s] IOs:    205444657  IOPS:   471208  Throughput:  1840.7 MB/s  Total:  783.71 GB
[  436.3s] IOs:    205545030  IOPS:   471096  Throughput:  1840.2 MB/s  Total:  784.09 GB
[  436.5s] IOs:    205645388  IOPS:   471122  Throughput:  1840.3 MB/s  Total:  784.47 GB
[  436.7s] IOs:    205746135  IOPS:   471135  Throughput:  1840.4 MB/s  Total:  784.86 GB
[  436.9s] IOs:    205846746  IOPS:   471135  Throughput:  1840.4 MB/s  Total:  785.24 GB
[  437.1s] IOs:    205947344  IOPS:   471144  Throughput:  1840.4 MB/s  Total:  785.63 GB
[  437.3s] IOs:    206047579  IOPS:   471159  Throughput:  1840.5 MB/s  Total:  786.01 GB
[  437.5s] IOs:    206147734  IOPS:   471177  Throughput:  1840.5 MB/s  Total:  786.39 GB
[  438.0s] IOs:    206248150  IOPS:   470839  Throughput:  1839.2 MB/s  Total:  786.77 GB
[  438.4s] IOs:    206348752  IOPS:   470696  Throughput:  1838.7 MB/s  Total:  787.16 GB
[  438.6s] IOs:    206449672  IOPS:   470705  Throughput:  1838.7 MB/s  Total:  787.54 GB
[  438.8s] IOs:    206550423  IOPS:   470722  Throughput:  1838.8 MB/s  Total:  787.93 GB
[  439.0s] IOs:    206651318  IOPS:   470721  Throughput:  1838.8 MB/s  Total:  788.31 GB
[  439.2s] IOs:    206751871  IOPS:   470745  Throughput:  1838.8 MB/s  Total:  788.70 GB
[  439.4s] IOs:    206852516  IOPS:   470776  Throughput:  1839.0 MB/s  Total:  789.08 GB
[  439.6s] IOs:    206952520  IOPS:   470804  Throughput:  1839.1 MB/s  Total:  789.46 GB
[  439.8s] IOs:    207052570  IOPS:   470834  Throughput:  1839.2 MB/s  Total:  789.84 GB
[  440.0s] IOs:    207153544  IOPS:   470845  Throughput:  1839.2 MB/s  Total:  790.23 GB
[  440.5s] IOs:    207253767  IOPS:   470517  Throughput:  1838.0 MB/s  Total:  790.61 GB
[  440.9s] IOs:    207354136  IOPS:   470302  Throughput:  1837.1 MB/s  Total:  790.99 GB
[  441.1s] IOs:    207454321  IOPS:   470323  Throughput:  1837.2 MB/s  Total:  791.38 GB
[  441.4s] IOs:    207554970  IOPS:   470185  Throughput:  1836.7 MB/s  Total:  791.76 GB
[  441.9s] IOs:    207655422  IOPS:   469923  Throughput:  1835.6 MB/s  Total:  792.14 GB
[  442.1s] IOs:    207756121  IOPS:   469924  Throughput:  1835.6 MB/s  Total:  792.53 GB
[  442.5s] IOs:    207856589  IOPS:   469781  Throughput:  1835.1 MB/s  Total:  792.91 GB
[  443.1s] IOs:    207957575  IOPS:   469354  Throughput:  1833.4 MB/s  Total:  793.30 GB
[  443.4s] IOs:    208058007  IOPS:   469192  Throughput:  1832.8 MB/s  Total:  793.68 GB
[  444.0s] IOs:    208158462  IOPS:   468878  Throughput:  1831.6 MB/s  Total:  794.06 GB
[  444.3s] IOs:    208258735  IOPS:   468710  Throughput:  1830.9 MB/s  Total:  794.44 GB
[  444.5s] IOs:    208358856  IOPS:   468744  Throughput:  1831.0 MB/s  Total:  794.83 GB
[Reader] Parsed 34000000 lines, distributed 208365565 writes, unique 251.39 GB, skipped 0
[  444.8s] IOs:    208459482  IOPS:   468664  Throughput:  1830.7 MB/s  Total:  795.21 GB
[  445.0s] IOs:    208560082  IOPS:   468625  Throughput:  1830.6 MB/s  Total:  795.59 GB
[  445.3s] IOs:    208660566  IOPS:   468600  Throughput:  1830.5 MB/s  Total:  795.98 GB
[  445.6s] IOs:    208761323  IOPS:   468537  Throughput:  1830.2 MB/s  Total:  796.36 GB
[  445.8s] IOs:    208862066  IOPS:   468548  Throughput:  1830.3 MB/s  Total:  796.75 GB
[  446.0s] IOs:    208962936  IOPS:   468556  Throughput:  1830.3 MB/s  Total:  797.13 GB
[  446.2s] IOs:    209063889  IOPS:   468569  Throughput:  1830.3 MB/s  Total:  797.52 GB
[  446.5s] IOs:    209164858  IOPS:   468427  Throughput:  1829.8 MB/s  Total:  797.90 GB
[  446.7s] IOs:    209265518  IOPS:   468448  Throughput:  1829.9 MB/s  Total:  798.28 GB
[  446.9s] IOs:    209366167  IOPS:   468465  Throughput:  1829.9 MB/s  Total:  798.67 GB
[  447.1s] IOs:    209467080  IOPS:   468475  Throughput:  1830.0 MB/s  Total:  799.05 GB
[  447.4s] IOs:    209567890  IOPS:   468419  Throughput:  1829.8 MB/s  Total:  799.44 GB
[  447.6s] IOs:    209668671  IOPS:   468425  Throughput:  1829.8 MB/s  Total:  799.82 GB
[  448.0s] IOs:    209769053  IOPS:   468283  Throughput:  1829.2 MB/s  Total:  800.21 GB
[  448.2s] IOs:    209869656  IOPS:   468278  Throughput:  1829.2 MB/s  Total:  800.59 GB
[  448.4s] IOs:    209970121  IOPS:   468302  Throughput:  1829.3 MB/s  Total:  800.97 GB
[  448.6s] IOs:    210071057  IOPS:   468301  Throughput:  1829.3 MB/s  Total:  801.36 GB
[  448.8s] IOs:    210171363  IOPS:   468323  Throughput:  1829.4 MB/s  Total:  801.74 GB
[  449.0s] IOs:    210271925  IOPS:   468350  Throughput:  1829.5 MB/s  Total:  802.12 GB
[  449.2s] IOs:    210372805  IOPS:   468370  Throughput:  1829.6 MB/s  Total:  802.51 GB
[  449.3s] IOs:    210473460  IOPS:   468400  Throughput:  1829.7 MB/s  Total:  802.89 GB
[  449.5s] IOs:    210573508  IOPS:   468415  Throughput:  1829.7 MB/s  Total:  803.27 GB
[  449.8s] IOs:    210674229  IOPS:   468423  Throughput:  1829.8 MB/s  Total:  803.66 GB
[  450.0s] IOs:    210774763  IOPS:   468437  Throughput:  1829.8 MB/s  Total:  804.04 GB
[  450.2s] IOs:    210875216  IOPS:   468450  Throughput:  1829.9 MB/s  Total:  804.43 GB
[  450.4s] IOs:    210975314  IOPS:   468445  Throughput:  1829.9 MB/s  Total:  804.81 GB
[  450.6s] IOs:    211075982  IOPS:   468468  Throughput:  1830.0 MB/s  Total:  805.19 GB
[  450.8s] IOs:    211176857  IOPS:   468479  Throughput:  1830.0 MB/s  Total:  805.58 GB
[  451.0s] IOs:    211277137  IOPS:   468513  Throughput:  1830.1 MB/s  Total:  805.96 GB
[  451.1s] IOs:    211377456  IOPS:   468535  Throughput:  1830.2 MB/s  Total:  806.34 GB
[  451.8s] IOs:    211477706  IOPS:   468093  Throughput:  1828.5 MB/s  Total:  806.72 GB
[  452.1s] IOs:    211578459  IOPS:   467995  Throughput:  1828.1 MB/s  Total:  807.11 GB
[  452.3s] IOs:    211678682  IOPS:   468022  Throughput:  1828.2 MB/s  Total:  807.49 GB
[  452.5s] IOs:    211779352  IOPS:   467999  Throughput:  1828.1 MB/s  Total:  807.87 GB
[  452.8s] IOs:    211880188  IOPS:   467932  Throughput:  1827.9 MB/s  Total:  808.26 GB
[  453.0s] IOs:    211981102  IOPS:   467927  Throughput:  1827.8 MB/s  Total:  808.64 GB
[  453.3s] IOs:    212081889  IOPS:   467820  Throughput:  1827.4 MB/s  Total:  809.03 GB
[  454.0s] IOs:    212182012  IOPS:   467409  Throughput:  1825.8 MB/s  Total:  809.41 GB
[  454.4s] IOs:    212282731  IOPS:   467174  Throughput:  1824.9 MB/s  Total:  809.79 GB
[  454.7s] IOs:    212383019  IOPS:   467075  Throughput:  1824.5 MB/s  Total:  810.18 GB
[  454.9s] IOs:    212483541  IOPS:   467100  Throughput:  1824.6 MB/s  Total:  810.56 GB
[  455.1s] IOs:    212584119  IOPS:   467114  Throughput:  1824.7 MB/s  Total:  810.94 GB
[  455.3s] IOs:    212684649  IOPS:   467118  Throughput:  1824.7 MB/s  Total:  811.33 GB
[  455.5s] IOs:    212784892  IOPS:   467136  Throughput:  1824.8 MB/s  Total:  811.71 GB
[  455.7s] IOs:    212885332  IOPS:   467167  Throughput:  1824.9 MB/s  Total:  812.09 GB
[  455.9s] IOs:    212986272  IOPS:   467188  Throughput:  1825.0 MB/s  Total:  812.48 GB
[Reader] Parsed 35000000 lines, distributed 213065415 writes, unique 253.55 GB, skipped 0
[  456.1s] IOs:    213087285  IOPS:   467200  Throughput:  1825.0 MB/s  Total:  812.86 GB
[  456.3s] IOs:    213187465  IOPS:   467204  Throughput:  1825.0 MB/s  Total:  813.25 GB
[  456.5s] IOs:    213288488  IOPS:   467231  Throughput:  1825.1 MB/s  Total:  813.63 GB
[  456.7s] IOs:    213388834  IOPS:   467245  Throughput:  1825.2 MB/s  Total:  814.01 GB
[  456.9s] IOs:    213489768  IOPS:   467280  Throughput:  1825.3 MB/s  Total:  814.40 GB
[  457.1s] IOs:    213590098  IOPS:   467297  Throughput:  1825.4 MB/s  Total:  814.78 GB
[  457.3s] IOs:    213690672  IOPS:   467316  Throughput:  1825.5 MB/s  Total:  815.17 GB
[  457.5s] IOs:    213791198  IOPS:   467329  Throughput:  1825.5 MB/s  Total:  815.55 GB
[  457.7s] IOs:    213891959  IOPS:   467312  Throughput:  1825.4 MB/s  Total:  815.93 GB
[  458.0s] IOs:    213992035  IOPS:   467198  Throughput:  1825.0 MB/s  Total:  816.31 GB
[  458.2s] IOs:    214092572  IOPS:   467230  Throughput:  1825.1 MB/s  Total:  816.70 GB
[  458.4s] IOs:    214193506  IOPS:   467261  Throughput:  1825.2 MB/s  Total:  817.08 GB
[  458.6s] IOs:    214294048  IOPS:   467254  Throughput:  1825.2 MB/s  Total:  817.47 GB
[  459.0s] IOs:    214394988  IOPS:   467122  Throughput:  1824.7 MB/s  Total:  817.85 GB
[  459.2s] IOs:    214495559  IOPS:   467138  Throughput:  1824.8 MB/s  Total:  818.24 GB
[  459.6s] IOs:    214595934  IOPS:   466880  Throughput:  1823.8 MB/s  Total:  818.62 GB
[  459.9s] IOs:    214696440  IOPS:   466794  Throughput:  1823.4 MB/s  Total:  819.00 GB
[  460.1s] IOs:    214797384  IOPS:   466831  Throughput:  1823.6 MB/s  Total:  819.39 GB
[  460.3s] IOs:    214898067  IOPS:   466863  Throughput:  1823.7 MB/s  Total:  819.77 GB
[  460.5s] IOs:    214998354  IOPS:   466890  Throughput:  1823.8 MB/s  Total:  820.15 GB
[  460.7s] IOs:    215099038  IOPS:   466900  Throughput:  1823.8 MB/s  Total:  820.54 GB
[  460.9s] IOs:    215199339  IOPS:   466923  Throughput:  1823.9 MB/s  Total:  820.92 GB
[  461.1s] IOs:    215299630  IOPS:   466941  Throughput:  1824.0 MB/s  Total:  821.30 GB
[  461.3s] IOs:    215400203  IOPS:   466974  Throughput:  1824.1 MB/s  Total:  821.69 GB
[  461.5s] IOs:    215500882  IOPS:   467008  Throughput:  1824.2 MB/s  Total:  822.07 GB
[  461.6s] IOs:    215601192  IOPS:   467042  Throughput:  1824.4 MB/s  Total:  822.45 GB
[  462.1s] IOs:    215701866  IOPS:   466747  Throughput:  1823.2 MB/s  Total:  822.84 GB
[  462.5s] IOs:    215802340  IOPS:   466607  Throughput:  1822.7 MB/s  Total:  823.22 GB
[  462.7s] IOs:    215902848  IOPS:   466624  Throughput:  1822.7 MB/s  Total:  823.60 GB
[  463.1s] IOs:    216002966  IOPS:   466457  Throughput:  1822.1 MB/s  Total:  823.99 GB
[  463.3s] IOs:    216103859  IOPS:   466472  Throughput:  1822.2 MB/s  Total:  824.37 GB
[  463.5s] IOs:    216204493  IOPS:   466503  Throughput:  1822.3 MB/s  Total:  824.75 GB
[  463.7s] IOs:    216304943  IOPS:   466518  Throughput:  1822.3 MB/s  Total:  825.14 GB
[  463.9s] IOs:    216405616  IOPS:   466517  Throughput:  1822.3 MB/s  Total:  825.52 GB
[  464.1s] IOs:    216506426  IOPS:   466529  Throughput:  1822.4 MB/s  Total:  825.91 GB
[  464.3s] IOs:    216607343  IOPS:   466545  Throughput:  1822.4 MB/s  Total:  826.29 GB
[  464.5s] IOs:    216707876  IOPS:   466568  Throughput:  1822.5 MB/s  Total:  826.67 GB
[  464.9s] IOs:    216808612  IOPS:   466335  Throughput:  1821.6 MB/s  Total:  827.06 GB
[  465.1s] IOs:    216909101  IOPS:   466335  Throughput:  1821.6 MB/s  Total:  827.44 GB
[  465.3s] IOs:    217009391  IOPS:   466365  Throughput:  1821.7 MB/s  Total:  827.83 GB
[  465.5s] IOs:    217109533  IOPS:   466369  Throughput:  1821.8 MB/s  Total:  828.21 GB
[  465.7s] IOs:    217210108  IOPS:   466378  Throughput:  1821.8 MB/s  Total:  828.59 GB
[  465.9s] IOs:    217310620  IOPS:   466389  Throughput:  1821.8 MB/s  Total:  828.97 GB
[  466.1s] IOs:    217411531  IOPS:   466404  Throughput:  1821.9 MB/s  Total:  829.36 GB
[  466.3s] IOs:    217512137  IOPS:   466432  Throughput:  1822.0 MB/s  Total:  829.74 GB
[  466.5s] IOs:    217612595  IOPS:   466461  Throughput:  1822.1 MB/s  Total:  830.13 GB
[Reader] Parsed 36000000 lines, distributed 217708430 writes, unique 255.58 GB, skipped 0
[  466.7s] IOs:    217713415  IOPS:   466478  Throughput:  1822.2 MB/s  Total:  830.51 GB
[  466.9s] IOs:    217813898  IOPS:   466509  Throughput:  1822.3 MB/s  Total:  830.89 GB
[  467.1s] IOs:    217914305  IOPS:   466521  Throughput:  1822.3 MB/s  Total:  831.28 GB
[  467.7s] IOs:    218014491  IOPS:   466145  Throughput:  1820.9 MB/s  Total:  831.66 GB
[  468.0s] IOs:    218115232  IOPS:   466086  Throughput:  1820.6 MB/s  Total:  832.04 GB
[  468.6s] IOs:    218216013  IOPS:   465703  Throughput:  1819.2 MB/s  Total:  832.43 GB
[  468.8s] IOs:    218316039  IOPS:   465727  Throughput:  1819.2 MB/s  Total:  832.81 GB
[  469.0s] IOs:    218416780  IOPS:   465727  Throughput:  1819.2 MB/s  Total:  833.19 GB
[  469.2s] IOs:    218517190  IOPS:   465751  Throughput:  1819.3 MB/s  Total:  833.58 GB
[  469.4s] IOs:    218618045  IOPS:   465778  Throughput:  1819.4 MB/s  Total:  833.96 GB
[  469.6s] IOs:    218718666  IOPS:   465797  Throughput:  1819.5 MB/s  Total:  834.35 GB
[  469.8s] IOs:    218818799  IOPS:   465817  Throughput:  1819.6 MB/s  Total:  834.73 GB
[  469.9s] IOs:    218919772  IOPS:   465837  Throughput:  1819.7 MB/s  Total:  835.11 GB
[  470.3s] IOs:    219019946  IOPS:   465683  Throughput:  1819.1 MB/s  Total:  835.49 GB
[  470.6s] IOs:    219120174  IOPS:   465580  Throughput:  1818.7 MB/s  Total:  835.88 GB
[  470.8s] IOs:    219220772  IOPS:   465612  Throughput:  1818.8 MB/s  Total:  836.26 GB
[  471.0s] IOs:    219321402  IOPS:   465630  Throughput:  1818.9 MB/s  Total:  836.64 GB
[  471.2s] IOs:    219421926  IOPS:   465642  Throughput:  1818.9 MB/s  Total:  837.03 GB
[  471.4s] IOs:    219522835  IOPS:   465638  Throughput:  1818.9 MB/s  Total:  837.41 GB
[  471.6s] IOs:    219623530  IOPS:   465661  Throughput:  1819.0 MB/s  Total:  837.80 GB
[  471.8s] IOs:    219724093  IOPS:   465693  Throughput:  1819.1 MB/s  Total:  838.18 GB
[  472.0s] IOs:    219824175  IOPS:   465724  Throughput:  1819.2 MB/s  Total:  838.56 GB
[  472.2s] IOs:    219925050  IOPS:   465731  Throughput:  1819.3 MB/s  Total:  838.95 GB
[  472.4s] IOs:    220025847  IOPS:   465743  Throughput:  1819.3 MB/s  Total:  839.33 GB
[  472.6s] IOs:    220126591  IOPS:   465739  Throughput:  1819.3 MB/s  Total:  839.72 GB
[  473.2s] IOs:    220226735  IOPS:   465351  Throughput:  1817.8 MB/s  Total:  840.10 GB
[  473.7s] IOs:    220327072  IOPS:   465090  Throughput:  1816.8 MB/s  Total:  840.48 GB
[  474.4s] IOs:    220427984  IOPS:   464684  Throughput:  1815.2 MB/s  Total:  840.87 GB
[  474.9s] IOs:    220528677  IOPS:   464347  Throughput:  1813.9 MB/s  Total:  841.25 GB
[  475.4s] IOs:    220628937  IOPS:   464042  Throughput:  1812.7 MB/s  Total:  841.63 GB
[  475.9s] IOs:    220729146  IOPS:   463772  Throughput:  1811.6 MB/s  Total:  842.01 GB
[  476.4s] IOs:    220830179  IOPS:   463536  Throughput:  1810.7 MB/s  Total:  842.40 GB
[  476.7s] IOs:    220930551  IOPS:   463437  Throughput:  1810.3 MB/s  Total:  842.78 GB
[  476.9s] IOs:    221031420  IOPS:   463433  Throughput:  1810.3 MB/s  Total:  843.17 GB
[  477.1s] IOs:    221131778  IOPS:   463456  Throughput:  1810.4 MB/s  Total:  843.55 GB
[  477.3s] IOs:    221231800  IOPS:   463481  Throughput:  1810.5 MB/s  Total:  843.93 GB
[  477.5s] IOs:    221332341  IOPS:   463503  Throughput:  1810.6 MB/s  Total:  844.32 GB
[  477.7s] IOs:    221433006  IOPS:   463529  Throughput:  1810.7 MB/s  Total:  844.70 GB
[  477.9s] IOs:    221533720  IOPS:   463541  Throughput:  1810.7 MB/s  Total:  845.08 GB
[  478.1s] IOs:    221634315  IOPS:   463559  Throughput:  1810.8 MB/s  Total:  845.47 GB
[  478.3s] IOs:    221735284  IOPS:   463549  Throughput:  1810.7 MB/s  Total:  845.85 GB
[  478.6s] IOs:    221835626  IOPS:   463536  Throughput:  1810.7 MB/s  Total:  846.24 GB
[  478.8s] IOs:    221936490  IOPS:   463564  Throughput:  1810.8 MB/s  Total:  846.62 GB
[  479.0s] IOs:    222036583  IOPS:   463587  Throughput:  1810.9 MB/s  Total:  847.00 GB
[  479.2s] IOs:    222137501  IOPS:   463585  Throughput:  1810.9 MB/s  Total:  847.39 GB
[  479.4s] IOs:    222238215  IOPS:   463605  Throughput:  1811.0 MB/s  Total:  847.77 GB
[Reader] Parsed 37000000 lines, distributed 222280904 writes, unique 258.42 GB, skipped 0
[  479.6s] IOs:    222338778  IOPS:   463619  Throughput:  1811.0 MB/s  Total:  848.16 GB
[  479.8s] IOs:    222438783  IOPS:   463632  Throughput:  1811.1 MB/s  Total:  848.54 GB
[  480.0s] IOs:    222538862  IOPS:   463645  Throughput:  1811.1 MB/s  Total:  848.92 GB
[  480.2s] IOs:    222639596  IOPS:   463625  Throughput:  1811.0 MB/s  Total:  849.30 GB
[  480.5s] IOs:    222740177  IOPS:   463545  Throughput:  1810.7 MB/s  Total:  849.69 GB
[  480.7s] IOs:    222840466  IOPS:   463576  Throughput:  1810.8 MB/s  Total:  850.07 GB
[  480.9s] IOs:    222940749  IOPS:   463597  Throughput:  1810.9 MB/s  Total:  850.45 GB
[  481.1s] IOs:    223041378  IOPS:   463621  Throughput:  1811.0 MB/s  Total:  850.84 GB
[  481.3s] IOs:    223141724  IOPS:   463644  Throughput:  1811.1 MB/s  Total:  851.22 GB
[  481.5s] IOs:    223242017  IOPS:   463665  Throughput:  1811.2 MB/s  Total:  851.60 GB
[  481.7s] IOs:    223342469  IOPS:   463694  Throughput:  1811.3 MB/s  Total:  851.98 GB
[  481.8s] IOs:    223442945  IOPS:   463723  Throughput:  1811.4 MB/s  Total:  852.37 GB
[  482.0s] IOs:    223543753  IOPS:   463744  Throughput:  1811.5 MB/s  Total:  852.75 GB
[  482.6s] IOs:    223644243  IOPS:   463434  Throughput:  1810.3 MB/s  Total:  853.14 GB
[  482.8s] IOs:    223744488  IOPS:   463410  Throughput:  1810.2 MB/s  Total:  853.52 GB
[  483.0s] IOs:    223844879  IOPS:   463431  Throughput:  1810.3 MB/s  Total:  853.90 GB
[  483.2s] IOs:    223945465  IOPS:   463443  Throughput:  1810.3 MB/s  Total:  854.28 GB
[  483.4s] IOs:    224046276  IOPS:   463475  Throughput:  1810.4 MB/s  Total:  854.67 GB
[  483.6s] IOs:    224146888  IOPS:   463501  Throughput:  1810.5 MB/s  Total:  855.05 GB
[  483.8s] IOs:    224247512  IOPS:   463526  Throughput:  1810.7 MB/s  Total:  855.44 GB
[  484.0s] IOs:    224347708  IOPS:   463547  Throughput:  1810.7 MB/s  Total:  855.82 GB
[  484.2s] IOs:    224447994  IOPS:   463581  Throughput:  1810.9 MB/s  Total:  856.20 GB
[  484.4s] IOs:    224548724  IOPS:   463607  Throughput:  1811.0 MB/s  Total:  856.59 GB
[  484.6s] IOs:    224649008  IOPS:   463612  Throughput:  1811.0 MB/s  Total:  856.97 GB
[  484.8s] IOs:    224749538  IOPS:   463628  Throughput:  1811.0 MB/s  Total:  857.35 GB
[  485.4s] IOs:    224849639  IOPS:   463263  Throughput:  1809.6 MB/s  Total:  857.73 GB
[  486.1s] IOs:    224949721  IOPS:   462720  Throughput:  1807.5 MB/s  Total:  858.12 GB
[  486.4s] IOs:    225049882  IOPS:   462662  Throughput:  1807.3 MB/s  Total:  858.50 GB
[  486.9s] IOs:    225149926  IOPS:   462406  Throughput:  1806.3 MB/s  Total:  858.88 GB
[  487.3s] IOs:    225250926  IOPS:   462210  Throughput:  1805.5 MB/s  Total:  859.26 GB
[  487.7s] IOs:    225351099  IOPS:   462079  Throughput:  1805.0 MB/s  Total:  859.65 GB
[  488.0s] IOs:    225452084  IOPS:   462025  Throughput:  1804.8 MB/s  Total:  860.03 GB
[  488.2s] IOs:    225552955  IOPS:   462014  Throughput:  1804.7 MB/s  Total:  860.42 GB
[  488.4s] IOs:    225653741  IOPS:   462021  Throughput:  1804.8 MB/s  Total:  860.80 GB
[  488.6s] IOs:    225753912  IOPS:   462056  Throughput:  1804.9 MB/s  Total:  861.18 GB
[  488.8s] IOs:    225854021  IOPS:   462082  Throughput:  1805.0 MB/s  Total:  861.56 GB
[  489.0s] IOs:    225954945  IOPS:   462089  Throughput:  1805.0 MB/s  Total:  861.95 GB
[  489.2s] IOs:    226055839  IOPS:   462106  Throughput:  1805.1 MB/s  Total:  862.33 GB
[  489.4s] IOs:    226156789  IOPS:   462103  Throughput:  1805.1 MB/s  Total:  862.72 GB
[  489.6s] IOs:    226257349  IOPS:   462115  Throughput:  1805.1 MB/s  Total:  863.10 GB
[  489.8s] IOs:    226357737  IOPS:   462126  Throughput:  1805.2 MB/s  Total:  863.49 GB
[  490.0s] IOs:    226458414  IOPS:   462127  Throughput:  1805.2 MB/s  Total:  863.87 GB
[  490.2s] IOs:    226558773  IOPS:   462153  Throughput:  1805.3 MB/s  Total:  864.25 GB
[  490.4s] IOs:    226659030  IOPS:   462164  Throughput:  1805.3 MB/s  Total:  864.64 GB
[  490.6s] IOs:    226759213  IOPS:   462188  Throughput:  1805.4 MB/s  Total:  865.02 GB
[  490.8s] IOs:    226860196  IOPS:   462211  Throughput:  1805.5 MB/s  Total:  865.40 GB
[  491.0s] IOs:    226960927  IOPS:   462222  Throughput:  1805.6 MB/s  Total:  865.79 GB
[Reader] Parsed 38000000 lines, distributed 227002198 writes, unique 261.81 GB, skipped 0
[  491.2s] IOs:    227061150  IOPS:   462248  Throughput:  1805.7 MB/s  Total:  866.17 GB
[  491.7s] IOs:    227161373  IOPS:   462027  Throughput:  1804.8 MB/s  Total:  866.55 GB
[  492.1s] IOs:    227261433  IOPS:   461849  Throughput:  1804.1 MB/s  Total:  866.93 GB
[  492.5s] IOs:    227361927  IOPS:   461603  Throughput:  1803.1 MB/s  Total:  867.32 GB
[  492.7s] IOs:    227462489  IOPS:   461635  Throughput:  1803.3 MB/s  Total:  867.70 GB
[  492.9s] IOs:    227562720  IOPS:   461650  Throughput:  1803.3 MB/s  Total:  868.08 GB
[  493.2s] IOs:    227662738  IOPS:   461639  Throughput:  1803.3 MB/s  Total:  868.46 GB
[  493.4s] IOs:    227762860  IOPS:   461644  Throughput:  1803.3 MB/s  Total:  868.85 GB
[  493.6s] IOs:    227863472  IOPS:   461673  Throughput:  1803.4 MB/s  Total:  869.23 GB
[  493.7s] IOs:    227964467  IOPS:   461706  Throughput:  1803.5 MB/s  Total:  869.62 GB
[  493.9s] IOs:    228064697  IOPS:   461730  Throughput:  1803.6 MB/s  Total:  870.00 GB
[  494.1s] IOs:    228165196  IOPS:   461742  Throughput:  1803.7 MB/s  Total:  870.38 GB
[  494.7s] IOs:    228265626  IOPS:   461396  Throughput:  1802.3 MB/s  Total:  870.76 GB
[  494.9s] IOs:    228366490  IOPS:   461402  Throughput:  1802.4 MB/s  Total:  871.15 GB
[  495.2s] IOs:    228467380  IOPS:   461410  Throughput:  1802.4 MB/s  Total:  871.53 GB
[  495.3s] IOs:    228567840  IOPS:   461435  Throughput:  1802.5 MB/s  Total:  871.92 GB
[  495.6s] IOs:    228668078  IOPS:   461442  Throughput:  1802.5 MB/s  Total:  872.30 GB
[  495.8s] IOs:    228768859  IOPS:   461457  Throughput:  1802.6 MB/s  Total:  872.68 GB
[  495.9s] IOs:    228869250  IOPS:   461483  Throughput:  1802.7 MB/s  Total:  873.07 GB
[  496.1s] IOs:    228969809  IOPS:   461500  Throughput:  1802.7 MB/s  Total:  873.45 GB
[  496.3s] IOs:    229070382  IOPS:   461525  Throughput:  1802.8 MB/s  Total:  873.83 GB
[  496.5s] IOs:    229171283  IOPS:   461528  Throughput:  1802.8 MB/s  Total:  874.22 GB
[  496.8s] IOs:    229271833  IOPS:   461535  Throughput:  1802.9 MB/s  Total:  874.60 GB
[  498.1s] IOs:    229372479  IOPS:   460522  Throughput:  1798.9 MB/s  Total:  874.99 GB
[  498.3s] IOs:    229473483  IOPS:   460531  Throughput:  1798.9 MB/s  Total:  875.37 GB
[  498.5s] IOs:    229573915  IOPS:   460543  Throughput:  1799.0 MB/s  Total:  875.75 GB
[  498.7s] IOs:    229674383  IOPS:   460570  Throughput:  1799.1 MB/s  Total:  876.14 GB
[  498.9s] IOs:    229775033  IOPS:   460588  Throughput:  1799.2 MB/s  Total:  876.52 GB
[  499.1s] IOs:    229875978  IOPS:   460599  Throughput:  1799.2 MB/s  Total:  876.91 GB
[  499.3s] IOs:    229976674  IOPS:   460578  Throughput:  1799.1 MB/s  Total:  877.29 GB
[  499.5s] IOs:    230077669  IOPS:   460588  Throughput:  1799.2 MB/s  Total:  877.68 GB
[  499.7s] IOs:    230177962  IOPS:   460608  Throughput:  1799.3 MB/s  Total:  878.06 GB
[  499.9s] IOs:    230278749  IOPS:   460637  Throughput:  1799.4 MB/s  Total:  878.44 GB
[  501.1s] IOs:    230379564  IOPS:   459713  Throughput:  1795.8 MB/s  Total:  878.83 GB
[  501.4s] IOs:    230479777  IOPS:   459677  Throughput:  1795.6 MB/s  Total:  879.21 GB
[  501.6s] IOs:    230580587  IOPS:   459703  Throughput:  1795.7 MB/s  Total:  879.60 GB
[  501.8s] IOs:    230681575  IOPS:   459712  Throughput:  1795.8 MB/s  Total:  879.98 GB
[  502.0s] IOs:    230782294  IOPS:   459719  Throughput:  1795.8 MB/s  Total:  880.36 GB
[  502.2s] IOs:    230882468  IOPS:   459737  Throughput:  1795.8 MB/s  Total:  880.75 GB
[  502.4s] IOs:    230983448  IOPS:   459744  Throughput:  1795.9 MB/s  Total:  881.13 GB
[  502.6s] IOs:    231084007  IOPS:   459776  Throughput:  1796.0 MB/s  Total:  881.52 GB
[  502.8s] IOs:    231184371  IOPS:   459793  Throughput:  1796.1 MB/s  Total:  881.90 GB
[  503.0s] IOs:    231285167  IOPS:   459814  Throughput:  1796.1 MB/s  Total:  882.28 GB
[  503.3s] IOs:    231385796  IOPS:   459692  Throughput:  1795.7 MB/s  Total:  882.67 GB
[  503.9s] IOs:    231486791  IOPS:   459409  Throughput:  1794.6 MB/s  Total:  883.05 GB
[  504.6s] IOs:    231587246  IOPS:   458970  Throughput:  1792.9 MB/s  Total:  883.44 GB
[  504.8s] IOs:    231687895  IOPS:   458993  Throughput:  1792.9 MB/s  Total:  883.82 GB
[Reader] Parsed 39000000 lines, distributed 231697726 writes, unique 264.44 GB, skipped 0
[  505.0s] IOs:    231788343  IOPS:   459023  Throughput:  1793.1 MB/s  Total:  884.20 GB
[  505.2s] IOs:    231888548  IOPS:   459040  Throughput:  1793.1 MB/s  Total:  884.58 GB
[  505.4s] IOs:    231988730  IOPS:   459064  Throughput:  1793.2 MB/s  Total:  884.97 GB
[  505.5s] IOs:    232089231  IOPS:   459085  Throughput:  1793.3 MB/s  Total:  885.35 GB
[  505.7s] IOs:    232189767  IOPS:   459109  Throughput:  1793.4 MB/s  Total:  885.73 GB
[  505.9s] IOs:    232290406  IOPS:   459123  Throughput:  1793.4 MB/s  Total:  886.12 GB
[  506.3s] IOs:    232391434  IOPS:   458985  Throughput:  1792.9 MB/s  Total:  886.50 GB
[  506.8s] IOs:    232491831  IOPS:   458789  Throughput:  1792.1 MB/s  Total:  886.89 GB
[  506.9s] IOs:    232592622  IOPS:   458821  Throughput:  1792.3 MB/s  Total:  887.27 GB
[  507.1s] IOs:    232692660  IOPS:   458853  Throughput:  1792.4 MB/s  Total:  887.65 GB
[  507.3s] IOs:    232792783  IOPS:   458877  Throughput:  1792.5 MB/s  Total:  888.03 GB
[  507.5s] IOs:    232892947  IOPS:   458885  Throughput:  1792.5 MB/s  Total:  888.42 GB
[  507.7s] IOs:    232992979  IOPS:   458900  Throughput:  1792.6 MB/s  Total:  888.80 GB
[  507.9s] IOs:    233093848  IOPS:   458927  Throughput:  1792.7 MB/s  Total:  889.18 GB
[  508.1s] IOs:    233194571  IOPS:   458953  Throughput:  1792.8 MB/s  Total:  889.57 GB
[  508.3s] IOs:    233295305  IOPS:   458984  Throughput:  1792.9 MB/s  Total:  889.95 GB
[  508.5s] IOs:    233396135  IOPS:   459013  Throughput:  1793.0 MB/s  Total:  890.34 GB
[  508.9s] IOs:    233496523  IOPS:   458793  Throughput:  1792.2 MB/s  Total:  890.72 GB
[  509.4s] IOs:    233597421  IOPS:   458599  Throughput:  1791.4 MB/s  Total:  891.10 GB
[  509.6s] IOs:    233697879  IOPS:   458617  Throughput:  1791.5 MB/s  Total:  891.49 GB
[  509.8s] IOs:    233798358  IOPS:   458631  Throughput:  1791.5 MB/s  Total:  891.87 GB
[  510.0s] IOs:    233898716  IOPS:   458612  Throughput:  1791.5 MB/s  Total:  892.25 GB
[  510.3s] IOs:    233999517  IOPS:   458583  Throughput:  1791.3 MB/s  Total:  892.64 GB
[  510.5s] IOs:    234100399  IOPS:   458595  Throughput:  1791.4 MB/s  Total:  893.02 GB
[  510.8s] IOs:    234201126  IOPS:   458510  Throughput:  1791.1 MB/s  Total:  893.41 GB
[  511.0s] IOs:    234301954  IOPS:   458493  Throughput:  1791.0 MB/s  Total:  893.79 GB
[  512.0s] IOs:    234402913  IOPS:   457791  Throughput:  1788.2 MB/s  Total:  894.18 GB
[  512.4s] IOs:    234503823  IOPS:   457697  Throughput:  1787.9 MB/s  Total:  894.56 GB
[  512.7s] IOs:    234604344  IOPS:   457583  Throughput:  1787.4 MB/s  Total:  894.94 GB
[  513.1s] IOs:    234704351  IOPS:   457430  Throughput:  1786.8 MB/s  Total:  895.33 GB
[  513.3s] IOs:    234805200  IOPS:   457460  Throughput:  1787.0 MB/s  Total:  895.71 GB
[  513.5s] IOs:    234905904  IOPS:   457486  Throughput:  1787.1 MB/s  Total:  896.09 GB
[  513.7s] IOs:    235006064  IOPS:   457504  Throughput:  1787.1 MB/s  Total:  896.48 GB
[  513.9s] IOs:    235106280  IOPS:   457481  Throughput:  1787.0 MB/s  Total:  896.86 GB
[  514.1s] IOs:    235206958  IOPS:   457498  Throughput:  1787.1 MB/s  Total:  897.24 GB
[  514.3s] IOs:    235307902  IOPS:   457500  Throughput:  1787.1 MB/s  Total:  897.63 GB
[  514.5s] IOs:    235408137  IOPS:   457508  Throughput:  1787.1 MB/s  Total:  898.01 GB
[  514.7s] IOs:    235508384  IOPS:   457545  Throughput:  1787.3 MB/s  Total:  898.39 GB
[  515.0s] IOs:    235608875  IOPS:   457537  Throughput:  1787.3 MB/s  Total:  898.78 GB
[  515.2s] IOs:    235709639  IOPS:   457540  Throughput:  1787.3 MB/s  Total:  899.16 GB
[  515.4s] IOs:    235810339  IOPS:   457522  Throughput:  1787.2 MB/s  Total:  899.55 GB
[  515.7s] IOs:    235911069  IOPS:   457459  Throughput:  1786.9 MB/s  Total:  899.93 GB
[  515.9s] IOs:    236011686  IOPS:   457459  Throughput:  1786.9 MB/s  Total:  900.31 GB
[  516.2s] IOs:    236112602  IOPS:   457445  Throughput:  1786.9 MB/s  Total:  900.70 GB
[  516.4s] IOs:    236213521  IOPS:   457399  Throughput:  1786.7 MB/s  Total:  901.08 GB
[  516.8s] IOs:    236314476  IOPS:   457257  Throughput:  1786.2 MB/s  Total:  901.47 GB
[  517.2s] IOs:    236414814  IOPS:   457146  Throughput:  1785.7 MB/s  Total:  901.85 GB
[  517.4s] IOs:    236514819  IOPS:   457157  Throughput:  1785.8 MB/s  Total:  902.23 GB
[Reader] Parsed 40000000 lines, distributed 236518928 writes, unique 268.02 GB, skipped 0
[  517.6s] IOs:    236615536  IOPS:   457136  Throughput:  1785.7 MB/s  Total:  902.62 GB
[  518.0s] IOs:    236716170  IOPS:   457012  Throughput:  1785.2 MB/s  Total:  903.00 GB
[  518.3s] IOs:    236816583  IOPS:   456918  Throughput:  1784.8 MB/s  Total:  903.38 GB
[  518.5s] IOs:    236917068  IOPS:   456901  Throughput:  1784.8 MB/s  Total:  903.77 GB
[  518.9s] IOs:    237017102  IOPS:   456801  Throughput:  1784.4 MB/s  Total:  904.15 GB
[  519.2s] IOs:    237117846  IOPS:   456733  Throughput:  1784.1 MB/s  Total:  904.53 GB
[  519.4s] IOs:    237218461  IOPS:   456732  Throughput:  1784.1 MB/s  Total:  904.92 GB
[  519.6s] IOs:    237319015  IOPS:   456738  Throughput:  1784.1 MB/s  Total:  905.30 GB
[  519.9s] IOs:    237419795  IOPS:   456647  Throughput:  1783.8 MB/s  Total:  905.68 GB
[  520.1s] IOs:    237520458  IOPS:   456651  Throughput:  1783.8 MB/s  Total:  906.07 GB
[  520.3s] IOs:    237620507  IOPS:   456656  Throughput:  1783.8 MB/s  Total:  906.45 GB
[  520.5s] IOs:    237721094  IOPS:   456675  Throughput:  1783.9 MB/s  Total:  906.83 GB
[  520.7s] IOs:    237822088  IOPS:   456708  Throughput:  1784.0 MB/s  Total:  907.22 GB
[  520.9s] IOs:    237922571  IOPS:   456725  Throughput:  1784.1 MB/s  Total:  907.60 GB
[  521.1s] IOs:    238022782  IOPS:   456751  Throughput:  1784.2 MB/s  Total:  907.98 GB
[  521.3s] IOs:    238123040  IOPS:   456757  Throughput:  1784.2 MB/s  Total:  908.37 GB
[  521.5s] IOs:    238223547  IOPS:   456769  Throughput:  1784.3 MB/s  Total:  908.75 GB
[  521.7s] IOs:    238324006  IOPS:   456791  Throughput:  1784.3 MB/s  Total:  909.13 GB
[  522.0s] IOs:    238424892  IOPS:   456788  Throughput:  1784.3 MB/s  Total:  909.52 GB
[  522.2s] IOs:    238525777  IOPS:   456757  Throughput:  1784.2 MB/s  Total:  909.90 GB
[  522.4s] IOs:    238626686  IOPS:   456748  Throughput:  1784.2 MB/s  Total:  910.29 GB
[  522.8s] IOs:    238727445  IOPS:   456668  Throughput:  1783.9 MB/s  Total:  910.67 GB
[  523.0s] IOs:    238828296  IOPS:   456659  Throughput:  1783.8 MB/s  Total:  911.06 GB
[  523.2s] IOs:    238928983  IOPS:   456679  Throughput:  1783.9 MB/s  Total:  911.44 GB
[  523.4s] IOs:    239029166  IOPS:   456690  Throughput:  1783.9 MB/s  Total:  911.82 GB
[  523.6s] IOs:    239129925  IOPS:   456699  Throughput:  1784.0 MB/s  Total:  912.21 GB
[  523.8s] IOs:    239230627  IOPS:   456706  Throughput:  1784.0 MB/s  Total:  912.59 GB
[  524.0s] IOs:    239331033  IOPS:   456735  Throughput:  1784.1 MB/s  Total:  912.98 GB
[  524.2s] IOs:    239431356  IOPS:   456767  Throughput:  1784.2 MB/s  Total:  913.36 GB
[  524.4s] IOs:    239531690  IOPS:   456792  Throughput:  1784.3 MB/s  Total:  913.74 GB
[  524.6s] IOs:    239632576  IOPS:   456818  Throughput:  1784.4 MB/s  Total:  914.13 GB
[  524.8s] IOs:    239733284  IOPS:   456837  Throughput:  1784.5 MB/s  Total:  914.51 GB
[  525.0s] IOs:    239833833  IOPS:   456843  Throughput:  1784.5 MB/s  Total:  914.89 GB
[  525.2s] IOs:    239934217  IOPS:   456846  Throughput:  1784.6 MB/s  Total:  915.28 GB
[  525.7s] IOs:    240034345  IOPS:   456596  Throughput:  1783.6 MB/s  Total:  915.66 GB
[  526.0s] IOs:    240134860  IOPS:   456541  Throughput:  1783.4 MB/s  Total:  916.04 GB
[  526.2s] IOs:    240235061  IOPS:   456567  Throughput:  1783.5 MB/s  Total:  916.42 GB
[  526.4s] IOs:    240336010  IOPS:   456574  Throughput:  1783.5 MB/s  Total:  916.81 GB
[  526.6s] IOs:    240436623  IOPS:   456581  Throughput:  1783.5 MB/s  Total:  917.19 GB
[  526.8s] IOs:    240537057  IOPS:   456599  Throughput:  1783.6 MB/s  Total:  917.58 GB
[  527.0s] IOs:    240637743  IOPS:   456586  Throughput:  1783.5 MB/s  Total:  917.96 GB
[  527.3s] IOs:    240738546  IOPS:   456582  Throughput:  1783.5 MB/s  Total:  918.34 GB
[  527.7s] IOs:    240838725  IOPS:   456431  Throughput:  1782.9 MB/s  Total:  918.73 GB
[  528.1s] IOs:    240939683  IOPS:   456201  Throughput:  1782.0 MB/s  Total:  919.11 GB
[  528.5s] IOs:    241040155  IOPS:   456066  Throughput:  1781.5 MB/s  Total:  919.50 GB
[  528.8s] IOs:    241140407  IOPS:   456052  Throughput:  1781.5 MB/s  Total:  919.88 GB
[  529.0s] IOs:    241240822  IOPS:   456070  Throughput:  1781.5 MB/s  Total:  920.26 GB
[  529.2s] IOs:    241341520  IOPS:   456091  Throughput:  1781.6 MB/s  Total:  920.64 GB
[Reader] Parsed 41000000 lines, distributed 241394582 writes, unique 270.94 GB, skipped 0
[  529.3s] IOs:    241442048  IOPS:   456112  Throughput:  1781.7 MB/s  Total:  921.03 GB
[  529.6s] IOs:    241542215  IOPS:   456125  Throughput:  1781.7 MB/s  Total:  921.41 GB
[  529.7s] IOs:    241642320  IOPS:   456147  Throughput:  1781.8 MB/s  Total:  921.79 GB
[  529.9s] IOs:    241742979  IOPS:   456172  Throughput:  1781.9 MB/s  Total:  922.18 GB
[  530.1s] IOs:    241843210  IOPS:   456193  Throughput:  1782.0 MB/s  Total:  922.56 GB
[  530.3s] IOs:    241943790  IOPS:   456203  Throughput:  1782.0 MB/s  Total:  922.94 GB
[  530.6s] IOs:    242044606  IOPS:   456199  Throughput:  1782.0 MB/s  Total:  923.33 GB
[  531.2s] IOs:    242144798  IOPS:   455831  Throughput:  1780.6 MB/s  Total:  923.71 GB
[  531.4s] IOs:    242245015  IOPS:   455828  Throughput:  1780.6 MB/s  Total:  924.09 GB
[  531.6s] IOs:    242345916  IOPS:   455853  Throughput:  1780.7 MB/s  Total:  924.48 GB
[  531.8s] IOs:    242446148  IOPS:   455879  Throughput:  1780.8 MB/s  Total:  924.86 GB
[  532.0s] IOs:    242546572  IOPS:   455911  Throughput:  1780.9 MB/s  Total:  925.24 GB
[  532.2s] IOs:    242647325  IOPS:   455918  Throughput:  1780.9 MB/s  Total:  925.63 GB
[  532.4s] IOs:    242747948  IOPS:   455924  Throughput:  1781.0 MB/s  Total:  926.01 GB
[  532.6s] IOs:    242848347  IOPS:   455950  Throughput:  1781.1 MB/s  Total:  926.39 GB
[  532.8s] IOs:    242948445  IOPS:   455971  Throughput:  1781.1 MB/s  Total:  926.77 GB
[  533.1s] IOs:    243049079  IOPS:   455951  Throughput:  1781.1 MB/s  Total:  927.16 GB
[  533.6s] IOs:    243149763  IOPS:   455711  Throughput:  1780.1 MB/s  Total:  927.54 GB
[  534.2s] IOs:    243250472  IOPS:   455397  Throughput:  1778.9 MB/s  Total:  927.93 GB
[  534.5s] IOs:    243351252  IOPS:   455254  Throughput:  1778.3 MB/s  Total:  928.31 GB
[  535.1s] IOs:    243451645  IOPS:   454982  Throughput:  1777.3 MB/s  Total:  928.69 GB
[  535.8s] IOs:    243552088  IOPS:   454596  Throughput:  1775.8 MB/s  Total:  929.08 GB
[  536.1s] IOs:    243652960  IOPS:   454453  Throughput:  1775.2 MB/s  Total:  929.46 GB
[  536.4s] IOs:    243753491  IOPS:   454432  Throughput:  1775.1 MB/s  Total:  929.85 GB
[  536.6s] IOs:    243854373  IOPS:   454449  Throughput:  1775.2 MB/s  Total:  930.23 GB
[  536.8s] IOs:    243954728  IOPS:   454473  Throughput:  1775.3 MB/s  Total:  930.61 GB
[  537.0s] IOs:    244055638  IOPS:   454502  Throughput:  1775.4 MB/s  Total:  931.00 GB
[  537.2s] IOs:    244155959  IOPS:   454515  Throughput:  1775.5 MB/s  Total:  931.38 GB
[  537.4s] IOs:    244256592  IOPS:   454531  Throughput:  1775.5 MB/s  Total:  931.76 GB
[  537.6s] IOs:    244357259  IOPS:   454541  Throughput:  1775.6 MB/s  Total:  932.15 GB
[  537.8s] IOs:    244457441  IOPS:   454558  Throughput:  1775.6 MB/s  Total:  932.53 GB
[  538.0s] IOs:    244557804  IOPS:   454576  Throughput:  1775.7 MB/s  Total:  932.91 GB
[  538.2s] IOs:    244658836  IOPS:   454594  Throughput:  1775.8 MB/s  Total:  933.30 GB
[  538.4s] IOs:    244759156  IOPS:   454618  Throughput:  1775.8 MB/s  Total:  933.68 GB
[  538.6s] IOs:    244859979  IOPS:   454649  Throughput:  1776.0 MB/s  Total:  934.07 GB
[  538.8s] IOs:    244960464  IOPS:   454677  Throughput:  1776.1 MB/s  Total:  934.45 GB
[  538.9s] IOs:    245060464  IOPS:   454703  Throughput:  1776.2 MB/s  Total:  934.83 GB
[  539.1s] IOs:    245161286  IOPS:   454719  Throughput:  1776.2 MB/s  Total:  935.22 GB
[  539.8s] IOs:    245262015  IOPS:   454366  Throughput:  1774.9 MB/s  Total:  935.60 GB
[  540.0s] IOs:    245362816  IOPS:   454358  Throughput:  1774.8 MB/s  Total:  935.98 GB
[  540.7s] IOs:    245463154  IOPS:   454002  Throughput:  1773.4 MB/s  Total:  936.37 GB
[  541.4s] IOs:    245564137  IOPS:   453582  Throughput:  1771.8 MB/s  Total:  936.75 GB
[  541.9s] IOs:    245664707  IOPS:   453316  Throughput:  1770.8 MB/s  Total:  937.14 GB
[  542.3s] IOs:    245765447  IOPS:   453208  Throughput:  1770.3 MB/s  Total:  937.52 GB
[  542.6s] IOs:    245866064  IOPS:   453164  Throughput:  1770.2 MB/s  Total:  937.90 GB
[  542.8s] IOs:    245967047  IOPS:   453176  Throughput:  1770.2 MB/s  Total:  938.29 GB
[  543.0s] IOs:    246067555  IOPS:   453192  Throughput:  1770.3 MB/s  Total:  938.67 GB
[  543.2s] IOs:    246167664  IOPS:   453218  Throughput:  1770.4 MB/s  Total:  939.06 GB
[  543.3s] IOs:    246267879  IOPS:   453251  Throughput:  1770.5 MB/s  Total:  939.44 GB
[  543.5s] IOs:    246368715  IOPS:   453278  Throughput:  1770.6 MB/s  Total:  939.82 GB
[  543.7s] IOs:    246469717  IOPS:   453308  Throughput:  1770.7 MB/s  Total:  940.21 GB
[Reader] Parsed 42000000 lines, distributed 246523875 writes, unique 273.75 GB, skipped 0
[  543.9s] IOs:    246569822  IOPS:   453331  Throughput:  1770.8 MB/s  Total:  940.59 GB
[  544.1s] IOs:    246670376  IOPS:   453346  Throughput:  1770.9 MB/s  Total:  940.97 GB
[  544.3s] IOs:    246770849  IOPS:   453365  Throughput:  1771.0 MB/s  Total:  941.36 GB
[  544.5s] IOs:    246871331  IOPS:   453375  Throughput:  1771.0 MB/s  Total:  941.74 GB
[  544.7s] IOs:    246971778  IOPS:   453404  Throughput:  1771.1 MB/s  Total:  942.12 GB
[  544.9s] IOs:    247072520  IOPS:   453436  Throughput:  1771.2 MB/s  Total:  942.51 GB
[  545.1s] IOs:    247173472  IOPS:   453468  Throughput:  1771.4 MB/s  Total:  942.89 GB
[  545.3s] IOs:    247273667  IOPS:   453499  Throughput:  1771.5 MB/s  Total:  943.27 GB
[  545.6s] IOs:    247374195  IOPS:   453359  Throughput:  1770.9 MB/s  Total:  943.66 GB
[  546.1s] IOs:    247474825  IOPS:   453130  Throughput:  1770.0 MB/s  Total:  944.04 GB
[  546.4s] IOs:    247574859  IOPS:   453136  Throughput:  1770.1 MB/s  Total:  944.42 GB
[  546.6s] IOs:    247675399  IOPS:   453132  Throughput:  1770.0 MB/s  Total:  944.81 GB
[  546.8s] IOs:    247775418  IOPS:   453122  Throughput:  1770.0 MB/s  Total:  945.19 GB
[  547.2s] IOs:    247875775  IOPS:   453010  Throughput:  1769.6 MB/s  Total:  945.57 GB
[  547.4s] IOs:    247975957  IOPS:   453042  Throughput:  1769.7 MB/s  Total:  945.95 GB
[  547.5s] IOs:    248076136  IOPS:   453067  Throughput:  1769.8 MB/s  Total:  946.34 GB
[  547.8s] IOs:    248176581  IOPS:   453080  Throughput:  1769.8 MB/s  Total:  946.72 GB
[  548.0s] IOs:    248277138  IOPS:   453092  Throughput:  1769.9 MB/s  Total:  947.10 GB
[  548.5s] IOs:    248377478  IOPS:   452858  Throughput:  1769.0 MB/s  Total:  947.48 GB
[  548.8s] IOs:    248477832  IOPS:   452744  Throughput:  1768.5 MB/s  Total:  947.87 GB
[  549.0s] IOs:    248577926  IOPS:   452766  Throughput:  1768.6 MB/s  Total:  948.25 GB
[  549.2s] IOs:    248678602  IOPS:   452787  Throughput:  1768.7 MB/s  Total:  948.63 GB
[  549.4s] IOs:    248778962  IOPS:   452818  Throughput:  1768.8 MB/s  Total:  949.02 GB
[  549.6s] IOs:    248879712  IOPS:   452836  Throughput:  1768.9 MB/s  Total:  949.40 GB
[  549.8s] IOs:    248980508  IOPS:   452855  Throughput:  1769.0 MB/s  Total:  949.79 GB
[  550.0s] IOs:    249080790  IOPS:   452870  Throughput:  1769.0 MB/s  Total:  950.17 GB
[  550.2s] IOs:    249181702  IOPS:   452876  Throughput:  1769.0 MB/s  Total:  950.55 GB
[  550.4s] IOs:    249282159  IOPS:   452901  Throughput:  1769.1 MB/s  Total:  950.94 GB
[  550.6s] IOs:    249382385  IOPS:   452923  Throughput:  1769.2 MB/s  Total:  951.32 GB
[  551.1s] IOs:    249483285  IOPS:   452665  Throughput:  1768.2 MB/s  Total:  951.70 GB
[  551.5s] IOs:    249583874  IOPS:   452539  Throughput:  1767.7 MB/s  Total:  952.09 GB
[  551.7s] IOs:    249684508  IOPS:   452558  Throughput:  1767.8 MB/s  Total:  952.47 GB
[  551.9s] IOs:    249784558  IOPS:   452564  Throughput:  1767.8 MB/s  Total:  952.85 GB
[  552.1s] IOs:    249885452  IOPS:   452590  Throughput:  1767.9 MB/s  Total:  953.24 GB
[  552.4s] IOs:    249985889  IOPS:   452584  Throughput:  1767.9 MB/s  Total:  953.62 GB
[  552.6s] IOs:    250086430  IOPS:   452602  Throughput:  1768.0 MB/s  Total:  954.00 GB
[  552.8s] IOs:    250187169  IOPS:   452622  Throughput:  1768.1 MB/s  Total:  954.39 GB
[  553.2s] IOs:    250288094  IOPS:   452411  Throughput:  1767.2 MB/s  Total:  954.77 GB
[  553.8s] IOs:    250388703  IOPS:   452159  Throughput:  1766.2 MB/s  Total:  955.16 GB
[  554.1s] IOs:    250488739  IOPS:   452094  Throughput:  1766.0 MB/s  Total:  955.54 GB
[  554.7s] IOs:    250589371  IOPS:   451792  Throughput:  1764.8 MB/s  Total:  955.92 GB
[  555.2s] IOs:    250689467  IOPS:   451500  Throughput:  1763.7 MB/s  Total:  956.30 GB
[  555.7s] IOs:    250789724  IOPS:   451305  Throughput:  1762.9 MB/s  Total:  956.69 GB
[  556.2s] IOs:    250889962  IOPS:   451111  Throughput:  1762.2 MB/s  Total:  957.07 GB
[  556.7s] IOs:    250990149  IOPS:   450860  Throughput:  1761.2 MB/s  Total:  957.45 GB
[  557.0s] IOs:    251090916  IOPS:   450784  Throughput:  1760.9 MB/s  Total:  957.84 GB
[  557.5s] IOs:    251191115  IOPS:   450532  Throughput:  1759.9 MB/s  Total:  958.22 GB
[  557.9s] IOs:    251292138  IOPS:   450455  Throughput:  1759.6 MB/s  Total:  958.60 GB
[  558.1s] IOs:    251392773  IOPS:   450460  Throughput:  1759.6 MB/s  Total:  958.99 GB
[  558.3s] IOs:    251492897  IOPS:   450483  Throughput:  1759.7 MB/s  Total:  959.37 GB
[  558.5s] IOs:    251592907  IOPS:   450486  Throughput:  1759.7 MB/s  Total:  959.75 GB
[  558.7s] IOs:    251693218  IOPS:   450495  Throughput:  1759.7 MB/s  Total:  960.13 GB
[  558.9s] IOs:    251794136  IOPS:   450513  Throughput:  1759.8 MB/s  Total:  960.52 GB
[  559.1s] IOs:    251894265  IOPS:   450530  Throughput:  1759.9 MB/s  Total:  960.90 GB
[  559.3s] IOs:    251995041  IOPS:   450517  Throughput:  1759.8 MB/s  Total:  961.28 GB
[  559.5s] IOs:    252095689  IOPS:   450540  Throughput:  1759.9 MB/s  Total:  961.67 GB
[Reader] Parsed 43000000 lines, distributed 252161573 writes, unique 278.70 GB, skipped 0
[  559.7s] IOs:    252196075  IOPS:   450570  Throughput:  1760.0 MB/s  Total:  962.05 GB
[  559.9s] IOs:    252296990  IOPS:   450596  Throughput:  1760.1 MB/s  Total:  962.44 GB
[  560.1s] IOs:    252397145  IOPS:   450627  Throughput:  1760.3 MB/s  Total:  962.82 GB
[  560.3s] IOs:    252497962  IOPS:   450650  Throughput:  1760.4 MB/s  Total:  963.20 GB
[  560.5s] IOs:    252598648  IOPS:   450668  Throughput:  1760.4 MB/s  Total:  963.59 GB
[  560.7s] IOs:    252699083  IOPS:   450684  Throughput:  1760.5 MB/s  Total:  963.97 GB
[  560.9s] IOs:    252799804  IOPS:   450707  Throughput:  1760.6 MB/s  Total:  964.35 GB
[  561.1s] IOs:    252900028  IOPS:   450717  Throughput:  1760.6 MB/s  Total:  964.74 GB
[  561.4s] IOs:    253000452  IOPS:   450635  Throughput:  1760.3 MB/s  Total:  965.12 GB
[  561.6s] IOs:    253101339  IOPS:   450668  Throughput:  1760.4 MB/s  Total:  965.50 GB
[  561.8s] IOs:    253202172  IOPS:   450698  Throughput:  1760.5 MB/s  Total:  965.89 GB
[  562.0s] IOs:    253302684  IOPS:   450688  Throughput:  1760.5 MB/s  Total:  966.27 GB
[  562.2s] IOs:    253403407  IOPS:   450707  Throughput:  1760.6 MB/s  Total:  966.66 GB
[  562.9s] IOs:    253503707  IOPS:   450384  Throughput:  1759.3 MB/s  Total:  967.04 GB
[  563.1s] IOs:    253604305  IOPS:   450396  Throughput:  1759.4 MB/s  Total:  967.42 GB
[  563.3s] IOs:    253704445  IOPS:   450423  Throughput:  1759.5 MB/s  Total:  967.81 GB
[  563.4s] IOs:    253805285  IOPS:   450456  Throughput:  1759.6 MB/s  Total:  968.19 GB
[  563.6s] IOs:    253905307  IOPS:   450481  Throughput:  1759.7 MB/s  Total:  968.57 GB
[  563.8s] IOs:    254006022  IOPS:   450491  Throughput:  1759.7 MB/s  Total:  968.96 GB
[  564.1s] IOs:    254106952  IOPS:   450484  Throughput:  1759.7 MB/s  Total:  969.34 GB
[  564.3s] IOs:    254207697  IOPS:   450492  Throughput:  1759.7 MB/s  Total:  969.73 GB
[  564.5s] IOs:    254308406  IOPS:   450496  Throughput:  1759.8 MB/s  Total:  970.11 GB
[  565.0s] IOs:    254409331  IOPS:   450303  Throughput:  1759.0 MB/s  Total:  970.49 GB
[  565.4s] IOs:    254509959  IOPS:   450153  Throughput:  1758.4 MB/s  Total:  970.88 GB
[  565.6s] IOs:    254610728  IOPS:   450178  Throughput:  1758.5 MB/s  Total:  971.26 GB
[  566.1s] IOs:    254711141  IOPS:   449967  Throughput:  1757.7 MB/s  Total:  971.65 GB
[  566.5s] IOs:    254811908  IOPS:   449817  Throughput:  1757.1 MB/s  Total:  972.03 GB
[  566.8s] IOs:    254912280  IOPS:   449759  Throughput:  1756.9 MB/s  Total:  972.41 GB
[  567.0s] IOs:    255013190  IOPS:   449779  Throughput:  1756.9 MB/s  Total:  972.80 GB
[  567.2s] IOs:    255114041  IOPS:   449791  Throughput:  1757.0 MB/s  Total:  973.18 GB
[  567.4s] IOs:    255214911  IOPS:   449784  Throughput:  1757.0 MB/s  Total:  973.57 GB
[  567.6s] IOs:    255315231  IOPS:   449805  Throughput:  1757.1 MB/s  Total:  973.95 GB
[  567.8s] IOs:    255415791  IOPS:   449833  Throughput:  1757.2 MB/s  Total:  974.33 GB
[  568.0s] IOs:    255516723  IOPS:   449856  Throughput:  1757.2 MB/s  Total:  974.72 GB
[  568.2s] IOs:    255617307  IOPS:   449874  Throughput:  1757.3 MB/s  Total:  975.10 GB
[  568.4s] IOs:    255717877  IOPS:   449867  Throughput:  1757.3 MB/s  Total:  975.49 GB
[  568.8s] IOs:    255817879  IOPS:   449768  Throughput:  1756.9 MB/s  Total:  975.87 GB
[  569.0s] IOs:    255918798  IOPS:   449791  Throughput:  1757.0 MB/s  Total:  976.25 GB
[  569.2s] IOs:    256019129  IOPS:   449812  Throughput:  1757.1 MB/s  Total:  976.64 GB
[  569.4s] IOs:    256119408  IOPS:   449830  Throughput:  1757.1 MB/s  Total:  977.02 GB
[  569.6s] IOs:    256219410  IOPS:   449837  Throughput:  1757.2 MB/s  Total:  977.40 GB
[  569.8s] IOs:    256320255  IOPS:   449860  Throughput:  1757.3 MB/s  Total:  977.78 GB
[  570.0s] IOs:    256420691  IOPS:   449873  Throughput:  1757.3 MB/s  Total:  978.17 GB
[  570.2s] IOs:    256521025  IOPS:   449897  Throughput:  1757.4 MB/s  Total:  978.55 GB
[  570.4s] IOs:    256622043  IOPS:   449929  Throughput:  1757.5 MB/s  Total:  978.94 GB
[  570.8s] IOs:    256722749  IOPS:   449749  Throughput:  1756.8 MB/s  Total:  979.32 GB
[  571.2s] IOs:    256823149  IOPS:   449619  Throughput:  1756.3 MB/s  Total:  979.70 GB
[  571.4s] IOs:    256923905  IOPS:   449634  Throughput:  1756.4 MB/s  Total:  980.09 GB
[  571.6s] IOs:    257023939  IOPS:   449661  Throughput:  1756.5 MB/s  Total:  980.47 GB
[  571.8s] IOs:    257124706  IOPS:   449664  Throughput:  1756.5 MB/s  Total:  980.85 GB
[  572.0s] IOs:    257225196  IOPS:   449660  Throughput:  1756.5 MB/s  Total:  981.24 GB
[  572.3s] IOs:    257325719  IOPS:   449657  Throughput:  1756.5 MB/s  Total:  981.62 GB
[  572.5s] IOs:    257426196  IOPS:   449641  Throughput:  1756.4 MB/s  Total:  982.00 GB
[  572.7s] IOs:    257526726  IOPS:   449647  Throughput:  1756.4 MB/s  Total:  982.39 GB
[  573.4s] IOs:    257627210  IOPS:   449334  Throughput:  1755.2 MB/s  Total:  982.77 GB
[Reader] Parsed 44000000 lines, distributed 257705376 writes, unique 284.85 GB, skipped 0
[  574.0s] IOs:    257727960  IOPS:   449031  Throughput:  1754.0 MB/s  Total:  983.15 GB
[  574.6s] IOs:    257828557  IOPS:   448726  Throughput:  1752.8 MB/s  Total:  983.54 GB
[  575.2s] IOs:    257928699  IOPS:   448388  Throughput:  1751.5 MB/s  Total:  983.92 GB
[  575.6s] IOs:    258029186  IOPS:   448310  Throughput:  1751.2 MB/s  Total:  984.30 GB
[  576.2s] IOs:    258129846  IOPS:   447980  Throughput:  1749.9 MB/s  Total:  984.69 GB
[  576.7s] IOs:    258229894  IOPS:   447769  Throughput:  1749.1 MB/s  Total:  985.07 GB
[  577.4s] IOs:    258330873  IOPS:   447423  Throughput:  1747.7 MB/s  Total:  985.45 GB
[  577.6s] IOs:    258431269  IOPS:   447399  Throughput:  1747.7 MB/s  Total:  985.84 GB
[  578.3s] IOs:    258532015  IOPS:   447092  Throughput:  1746.5 MB/s  Total:  986.22 GB
[  578.6s] IOs:    258632622  IOPS:   446989  Throughput:  1746.1 MB/s  Total:  986.61 GB
[  579.1s] IOs:    258733384  IOPS:   446761  Throughput:  1745.2 MB/s  Total:  986.99 GB
[  579.6s] IOs:    258833758  IOPS:   446543  Throughput:  1744.3 MB/s  Total:  987.37 GB
[  579.9s] IOs:    258934280  IOPS:   446511  Throughput:  1744.2 MB/s  Total:  987.76 GB
[  580.3s] IOs:    259034306  IOPS:   446367  Throughput:  1743.6 MB/s  Total:  988.14 GB
[  580.6s] IOs:    259134691  IOPS:   446337  Throughput:  1743.5 MB/s  Total:  988.52 GB
[  581.1s] IOs:    259235423  IOPS:   446104  Throughput:  1742.6 MB/s  Total:  988.90 GB
[  581.4s] IOs:    259336065  IOPS:   446021  Throughput:  1742.3 MB/s  Total:  989.29 GB
[  581.7s] IOs:    259436803  IOPS:   446008  Throughput:  1742.2 MB/s  Total:  989.67 GB
[  582.0s] IOs:    259536855  IOPS:   445968  Throughput:  1742.1 MB/s  Total:  990.05 GB
[  582.2s] IOs:    259637805  IOPS:   445922  Throughput:  1741.9 MB/s  Total:  990.44 GB
[  582.5s] IOs:    259738366  IOPS:   445899  Throughput:  1741.8 MB/s  Total:  990.82 GB
[  582.7s] IOs:    259838924  IOPS:   445897  Throughput:  1741.8 MB/s  Total:  991.21 GB
[  583.0s] IOs:    259939244  IOPS:   445849  Throughput:  1741.6 MB/s  Total:  991.59 GB
[  583.3s] IOs:    260040011  IOPS:   445810  Throughput:  1741.4 MB/s  Total:  991.97 GB
[  583.6s] IOs:    260140347  IOPS:   445760  Throughput:  1741.3 MB/s  Total:  992.36 GB
[  583.9s] IOs:    260240963  IOPS:   445706  Throughput:  1741.0 MB/s  Total:  992.74 GB
[  584.2s] IOs:    260341877  IOPS:   445639  Throughput:  1740.8 MB/s  Total:  993.13 GB
[  584.4s] IOs:    260442658  IOPS:   445623  Throughput:  1740.7 MB/s  Total:  993.51 GB
[  584.7s] IOs:    260543353  IOPS:   445579  Throughput:  1740.5 MB/s  Total:  993.89 GB
[  585.0s] IOs:    260643967  IOPS:   445557  Throughput:  1740.5 MB/s  Total:  994.28 GB
[  585.3s] IOs:    260744767  IOPS:   445526  Throughput:  1740.3 MB/s  Total:  994.66 GB
[  585.6s] IOs:    260844993  IOPS:   445418  Throughput:  1739.9 MB/s  Total:  995.04 GB
[  585.9s] IOs:    260945572  IOPS:   445338  Throughput:  1739.6 MB/s  Total:  995.43 GB
[  586.3s] IOs:    261046124  IOPS:   445249  Throughput:  1739.3 MB/s  Total:  995.81 GB
[  586.6s] IOs:    261146693  IOPS:   445154  Throughput:  1738.9 MB/s  Total:  996.20 GB
[  586.9s] IOs:    261247492  IOPS:   445094  Throughput:  1738.6 MB/s  Total:  996.58 GB
[  587.2s] IOs:    261347897  IOPS:   445092  Throughput:  1738.6 MB/s  Total:  996.96 GB
[  587.6s] IOs:    261448294  IOPS:   444979  Throughput:  1738.2 MB/s  Total:  997.35 GB
[  587.8s] IOs:    261548508  IOPS:   444937  Throughput:  1738.0 MB/s  Total:  997.73 GB
[  588.6s] IOs:    261648882  IOPS:   444532  Throughput:  1736.5 MB/s  Total:  998.11 GB
[  589.8s] IOs:    261749605  IOPS:   443811  Throughput:  1733.6 MB/s  Total:  998.50 GB
[  590.7s] IOs:    261850151  IOPS:   443299  Throughput:  1731.6 MB/s  Total:  998.88 GB
[  591.2s] IOs:    261951076  IOPS:   443081  Throughput:  1730.8 MB/s  Total:  999.26 GB
[  591.6s] IOs:    262051629  IOPS:   442920  Throughput:  1730.2 MB/s  Total:  999.65 GB
[  592.1s] IOs:    262152235  IOPS:   442766  Throughput:  1729.6 MB/s  Total: 1000.03 GB
[  592.4s] IOs:    262253171  IOPS:   442728  Throughput:  1729.4 MB/s  Total: 1000.42 GB
[  592.7s] IOs:    262353775  IOPS:   442673  Throughput:  1729.2 MB/s  Total: 1000.80 GB
[  593.1s] IOs:    262454491  IOPS:   442546  Throughput:  1728.7 MB/s  Total: 1001.18 GB
[  593.3s] IOs:    262555507  IOPS:   442542  Throughput:  1728.7 MB/s  Total: 1001.57 GB
[  593.5s] IOs:    262655536  IOPS:   442525  Throughput:  1728.6 MB/s  Total: 1001.95 GB
[  593.8s] IOs:    262755999  IOPS:   442478  Throughput:  1728.4 MB/s  Total: 1002.33 GB
[  594.1s] IOs:    262856977  IOPS:   442470  Throughput:  1728.4 MB/s  Total: 1002.72 GB
[  594.3s] IOs:    262956985  IOPS:   442477  Throughput:  1728.4 MB/s  Total: 1003.10 GB
[  594.5s] IOs:    263058003  IOPS:   442474  Throughput:  1728.4 MB/s  Total: 1003.49 GB
[  594.8s] IOs:    263158942  IOPS:   442405  Throughput:  1728.1 MB/s  Total: 1003.87 GB
[  595.1s] IOs:    263259688  IOPS:   442400  Throughput:  1728.1 MB/s  Total: 1004.26 GB
[  595.3s] IOs:    263360377  IOPS:   442386  Throughput:  1728.1 MB/s  Total: 1004.64 GB
[Reader] Parsed 45000000 lines, distributed 263390655 writes, unique 293.05 GB, skipped 0
[  595.6s] IOs:    263461039  IOPS:   442349  Throughput:  1727.9 MB/s  Total: 1005.02 GB
[  595.9s] IOs:    263561983  IOPS:   442326  Throughput:  1727.8 MB/s  Total: 1005.41 GB
[  596.3s] IOs:    263662490  IOPS:   442130  Throughput:  1727.1 MB/s  Total: 1005.79 GB
[  596.9s] IOs:    263762751  IOPS:   441924  Throughput:  1726.3 MB/s  Total: 1006.18 GB
[  597.1s] IOs:    263863644  IOPS:   441906  Throughput:  1726.2 MB/s  Total: 1006.56 GB
[  597.4s] IOs:    263964077  IOPS:   441886  Throughput:  1726.1 MB/s  Total: 1006.94 GB
[  597.7s] IOs:    264064811  IOPS:   441837  Throughput:  1725.9 MB/s  Total: 1007.33 GB
[  597.9s] IOs:    264165485  IOPS:   441789  Throughput:  1725.7 MB/s  Total: 1007.71 GB
[  598.2s] IOs:    264265573  IOPS:   441787  Throughput:  1725.7 MB/s  Total: 1008.09 GB
[  598.4s] IOs:    264366190  IOPS:   441789  Throughput:  1725.7 MB/s  Total: 1008.48 GB
[  598.9s] IOs:    264467149  IOPS:   441568  Throughput:  1724.9 MB/s  Total: 1008.86 GB
[  599.6s] IOs:    264567167  IOPS:   441239  Throughput:  1723.6 MB/s  Total: 1009.24 GB
[  600.3s] IOs:    264668027  IOPS:   440902  Throughput:  1722.3 MB/s  Total: 1009.63 GB
[  600.9s] IOs:    264768210  IOPS:   440628  Throughput:  1721.2 MB/s  Total: 1010.01 GB
[  601.5s] IOs:    264868398  IOPS:   440315  Throughput:  1720.0 MB/s  Total: 1010.39 GB
[  601.9s] IOs:    264968874  IOPS:   440219  Throughput:  1719.6 MB/s  Total: 1010.78 GB
[  602.5s] IOs:    265069553  IOPS:   439939  Throughput:  1718.5 MB/s  Total: 1011.16 GB
[  603.1s] IOs:    265170305  IOPS:   439701  Throughput:  1717.6 MB/s  Total: 1011.54 GB
[  603.6s] IOs:    265270777  IOPS:   439483  Throughput:  1716.7 MB/s  Total: 1011.93 GB
[  604.1s] IOs:    265371011  IOPS:   439256  Throughput:  1715.8 MB/s  Total: 1012.31 GB
[  604.5s] IOs:    265471938  IOPS:   439194  Throughput:  1715.6 MB/s  Total: 1012.70 GB
[  604.8s] IOs:    265572768  IOPS:   439117  Throughput:  1715.3 MB/s  Total: 1013.08 GB
[  605.1s] IOs:    265673105  IOPS:   439078  Throughput:  1715.1 MB/s  Total: 1013.46 GB
[  605.3s] IOs:    265773766  IOPS:   439048  Throughput:  1715.0 MB/s  Total: 1013.85 GB
[  605.6s] IOs:    265874655  IOPS:   439039  Throughput:  1715.0 MB/s  Total: 1014.23 GB
[  605.9s] IOs:    265975428  IOPS:   438999  Throughput:  1714.8 MB/s  Total: 1014.62 GB
[  606.1s] IOs:    266075922  IOPS:   438979  Throughput:  1714.8 MB/s  Total: 1015.00 GB
[  606.5s] IOs:    266175927  IOPS:   438893  Throughput:  1714.4 MB/s  Total: 1015.38 GB
[  606.8s] IOs:    266276913  IOPS:   438819  Throughput:  1714.1 MB/s  Total: 1015.77 GB
[  607.1s] IOs:    266377627  IOPS:   438806  Throughput:  1714.1 MB/s  Total: 1016.15 GB
[  607.3s] IOs:    266477816  IOPS:   438801  Throughput:  1714.1 MB/s  Total: 1016.53 GB
[  607.5s] IOs:    266577903  IOPS:   438780  Throughput:  1714.0 MB/s  Total: 1016.91 GB
[  607.8s] IOs:    266678634  IOPS:   438769  Throughput:  1713.9 MB/s  Total: 1017.30 GB
[  608.0s] IOs:    266779617  IOPS:   438764  Throughput:  1713.9 MB/s  Total: 1017.68 GB
[  608.3s] IOs:    266880353  IOPS:   438744  Throughput:  1713.8 MB/s  Total: 1018.07 GB
[  608.6s] IOs:    266981233  IOPS:   438711  Throughput:  1713.7 MB/s  Total: 1018.45 GB
[  608.8s] IOs:    267082071  IOPS:   438706  Throughput:  1713.7 MB/s  Total: 1018.84 GB
[  609.2s] IOs:    267182857  IOPS:   438610  Throughput:  1713.3 MB/s  Total: 1019.22 GB
[  609.4s] IOs:    267283334  IOPS:   438590  Throughput:  1713.2 MB/s  Total: 1019.61 GB
[  610.0s] IOs:    267383962  IOPS:   438341  Throughput:  1712.3 MB/s  Total: 1019.99 GB
[  610.8s] IOs:    267484060  IOPS:   437904  Throughput:  1710.6 MB/s  Total: 1020.37 GB
[  611.2s] IOs:    267584974  IOPS:   437782  Throughput:  1710.1 MB/s  Total: 1020.76 GB
[  611.5s] IOs:    267685168  IOPS:   437734  Throughput:  1709.9 MB/s  Total: 1021.14 GB
[  612.2s] IOs:    267786129  IOPS:   437431  Throughput:  1708.7 MB/s  Total: 1021.52 GB
[  612.5s] IOs:    267886451  IOPS:   437366  Throughput:  1708.5 MB/s  Total: 1021.91 GB
[  613.8s] IOs:    267986801  IOPS:   436636  Throughput:  1705.6 MB/s  Total: 1022.29 GB
[  614.2s] IOs:    268087718  IOPS:   436498  Throughput:  1705.1 MB/s  Total: 1022.67 GB
[  614.5s] IOs:    268188736  IOPS:   436435  Throughput:  1704.8 MB/s  Total: 1023.06 GB
[  614.8s] IOs:    268288813  IOPS:   436417  Throughput:  1704.8 MB/s  Total: 1023.44 GB
[  615.0s] IOs:    268389659  IOPS:   436397  Throughput:  1704.7 MB/s  Total: 1023.83 GB
[  615.3s] IOs:    268490476  IOPS:   436368  Throughput:  1704.6 MB/s  Total: 1024.21 GB
[  615.6s] IOs:    268590874  IOPS:   436283  Throughput:  1704.2 MB/s  Total: 1024.59 GB
[  615.9s] IOs:    268691586  IOPS:   436241  Throughput:  1704.1 MB/s  Total: 1024.98 GB
[  616.2s] IOs:    268792157  IOPS:   436232  Throughput:  1704.0 MB/s  Total: 1025.36 GB
[  616.4s] IOs:    268893138  IOPS:   436218  Throughput:  1704.0 MB/s  Total: 1025.75 GB
[Reader] Parsed 46000000 lines, distributed 268923043 writes, unique 299.31 GB, skipped 0
[  616.7s] IOs:    268994136  IOPS:   436191  Throughput:  1703.9 MB/s  Total: 1026.13 GB
[  616.9s] IOs:    269095143  IOPS:   436181  Throughput:  1703.8 MB/s  Total: 1026.52 GB
[  617.2s] IOs:    269195397  IOPS:   436165  Throughput:  1703.8 MB/s  Total: 1026.90 GB
[  617.5s] IOs:    269296216  IOPS:   436135  Throughput:  1703.7 MB/s  Total: 1027.28 GB
[  617.7s] IOs:    269397012  IOPS:   436095  Throughput:  1703.5 MB/s  Total: 1027.67 GB
[  618.0s] IOs:    269497557  IOPS:   436071  Throughput:  1703.4 MB/s  Total: 1028.05 GB
[  618.4s] IOs:    269597562  IOPS:   435974  Throughput:  1703.0 MB/s  Total: 1028.43 GB
[  618.6s] IOs:    269698495  IOPS:   435957  Throughput:  1703.0 MB/s  Total: 1028.82 GB
[  619.0s] IOs:    269798557  IOPS:   435893  Throughput:  1702.7 MB/s  Total: 1029.20 GB
[  619.5s] IOs:    269899277  IOPS:   435698  Throughput:  1701.9 MB/s  Total: 1029.58 GB
[  619.7s] IOs:    269999967  IOPS:   435678  Throughput:  1701.9 MB/s  Total: 1029.97 GB
[  620.0s] IOs:    270100024  IOPS:   435621  Throughput:  1701.6 MB/s  Total: 1030.35 GB
[  620.4s] IOs:    270200839  IOPS:   435553  Throughput:  1701.4 MB/s  Total: 1030.73 GB
[  620.7s] IOs:    270301637  IOPS:   435461  Throughput:  1701.0 MB/s  Total: 1031.12 GB
[  621.3s] IOs:    270402124  IOPS:   435219  Throughput:  1700.1 MB/s  Total: 1031.50 GB
[  621.9s] IOs:    270503003  IOPS:   434984  Throughput:  1699.2 MB/s  Total: 1031.89 GB
[  622.2s] IOs:    270603999  IOPS:   434949  Throughput:  1699.0 MB/s  Total: 1032.27 GB
[  622.5s] IOs:    270704901  IOPS:   434868  Throughput:  1698.7 MB/s  Total: 1032.66 GB
[  622.7s] IOs:    270805145  IOPS:   434858  Throughput:  1698.7 MB/s  Total: 1033.04 GB
[  623.1s] IOs:    270905984  IOPS:   434799  Throughput:  1698.4 MB/s  Total: 1033.42 GB
[  623.5s] IOs:    271006012  IOPS:   434683  Throughput:  1698.0 MB/s  Total: 1033.81 GB
[  623.9s] IOs:    271106917  IOPS:   434553  Throughput:  1697.5 MB/s  Total: 1034.19 GB
[  624.3s] IOs:    271207676  IOPS:   434390  Throughput:  1696.8 MB/s  Total: 1034.58 GB
[  624.6s] IOs:    271308603  IOPS:   434381  Throughput:  1696.8 MB/s  Total: 1034.96 GB
[  625.4s] IOs:    271408845  IOPS:   433951  Throughput:  1695.1 MB/s  Total: 1035.34 GB
[  625.8s] IOs:    271509628  IOPS:   433829  Throughput:  1694.6 MB/s  Total: 1035.73 GB
[  626.2s] IOs:    271610335  IOPS:   433709  Throughput:  1694.2 MB/s  Total: 1036.11 GB
[  626.5s] IOs:    271710971  IOPS:   433675  Throughput:  1694.0 MB/s  Total: 1036.50 GB
[  627.1s] IOs:    271811524  IOPS:   433441  Throughput:  1693.1 MB/s  Total: 1036.88 GB
[  627.4s] IOs:    271912095  IOPS:   433405  Throughput:  1693.0 MB/s  Total: 1037.26 GB
[  628.3s] IOs:    272012129  IOPS:   432908  Throughput:  1691.0 MB/s  Total: 1037.64 GB
[  628.9s] IOs:    272112704  IOPS:   432652  Throughput:  1690.0 MB/s  Total: 1038.03 GB
[  629.7s] IOs:    272213245  IOPS:   432309  Throughput:  1688.7 MB/s  Total: 1038.41 GB
[  630.0s] IOs:    272313269  IOPS:   432234  Throughput:  1688.4 MB/s  Total: 1038.79 GB
[  630.4s] IOs:    272413833  IOPS:   432117  Throughput:  1688.0 MB/s  Total: 1039.18 GB
[  630.7s] IOs:    272514209  IOPS:   432051  Throughput:  1687.7 MB/s  Total: 1039.56 GB
[  631.0s] IOs:    272614933  IOPS:   432004  Throughput:  1687.5 MB/s  Total: 1039.94 GB
[  631.4s] IOs:    272715697  IOPS:   431888  Throughput:  1687.1 MB/s  Total: 1040.33 GB
[  631.9s] IOs:    272816299  IOPS:   431738  Throughput:  1686.5 MB/s  Total: 1040.71 GB
[  632.3s] IOs:    272916967  IOPS:   431630  Throughput:  1686.1 MB/s  Total: 1041.10 GB
[  632.6s] IOs:    273017274  IOPS:   431577  Throughput:  1685.8 MB/s  Total: 1041.48 GB
[  633.2s] IOs:    273117672  IOPS:   431361  Throughput:  1685.0 MB/s  Total: 1041.86 GB
[  633.4s] IOs:    273218159  IOPS:   431360  Throughput:  1685.0 MB/s  Total: 1042.24 GB
[  633.9s] IOs:    273318382  IOPS:   431182  Throughput:  1684.3 MB/s  Total: 1042.63 GB
[  634.3s] IOs:    273418388  IOPS:   431055  Throughput:  1683.8 MB/s  Total: 1043.01 GB
[  634.7s] IOs:    273519022  IOPS:   430971  Throughput:  1683.5 MB/s  Total: 1043.39 GB
[  635.2s] IOs:    273619993  IOPS:   430746  Throughput:  1682.6 MB/s  Total: 1043.78 GB
[  635.6s] IOs:    273720950  IOPS:   430682  Throughput:  1682.4 MB/s  Total: 1044.16 GB
[  636.3s] IOs:    273821134  IOPS:   430345  Throughput:  1681.0 MB/s  Total: 1044.54 GB
[  636.5s] IOs:    273922042  IOPS:   430327  Throughput:  1681.0 MB/s  Total: 1044.93 GB
[  637.2s] IOs:    274022789  IOPS:   430041  Throughput:  1679.8 MB/s  Total: 1045.31 GB
[  637.7s] IOs:    274123461  IOPS:   429884  Throughput:  1679.2 MB/s  Total: 1045.70 GB
[  638.1s] IOs:    274224233  IOPS:   429763  Throughput:  1678.8 MB/s  Total: 1046.08 GB
[  638.7s] IOs:    274324656  IOPS:   429537  Throughput:  1677.9 MB/s  Total: 1046.47 GB
[  639.1s] IOs:    274425147  IOPS:   429391  Throughput:  1677.3 MB/s  Total: 1046.85 GB
[  639.5s] IOs:    274525683  IOPS:   429269  Throughput:  1676.8 MB/s  Total: 1047.23 GB
[  640.1s] IOs:    274626005  IOPS:   429068  Throughput:  1676.0 MB/s  Total: 1047.62 GB
[  640.6s] IOs:    274726559  IOPS:   428882  Throughput:  1675.3 MB/s  Total: 1048.00 GB
[  640.9s] IOs:    274827309  IOPS:   428801  Throughput:  1675.0 MB/s  Total: 1048.38 GB
[  641.2s] IOs:    274928308  IOPS:   428784  Throughput:  1674.9 MB/s  Total: 1048.77 GB
[  641.6s] IOs:    275028336  IOPS:   428676  Throughput:  1674.5 MB/s  Total: 1049.15 GB
[  641.8s] IOs:    275129320  IOPS:   428666  Throughput:  1674.5 MB/s  Total: 1049.54 GB
[  642.1s] IOs:    275230137  IOPS:   428640  Throughput:  1674.4 MB/s  Total: 1049.92 GB
[  642.3s] IOs:    275330908  IOPS:   428632  Throughput:  1674.3 MB/s  Total: 1050.30 GB
[  642.6s] IOs:    275431610  IOPS:   428625  Throughput:  1674.3 MB/s  Total: 1050.69 GB
[  642.8s] IOs:    275532177  IOPS:   428621  Throughput:  1674.3 MB/s  Total: 1051.07 GB
[  643.2s] IOs:    275633027  IOPS:   428545  Throughput:  1674.0 MB/s  Total: 1051.46 GB
[  643.5s] IOs:    275734029  IOPS:   428521  Throughput:  1673.9 MB/s  Total: 1051.84 GB
[  643.8s] IOs:    275834788  IOPS:   428462  Throughput:  1673.7 MB/s  Total: 1052.23 GB
[Reader] Parsed 47000000 lines, distributed 275844999 writes, unique 310.99 GB, skipped 0
[  644.2s] IOs:    275934953  IOPS:   428364  Throughput:  1673.3 MB/s  Total: 1052.61 GB
[  644.4s] IOs:    276035942  IOPS:   428362  Throughput:  1673.3 MB/s  Total: 1052.99 GB
[  644.6s] IOs:    276136613  IOPS:   428357  Throughput:  1673.3 MB/s  Total: 1053.38 GB
[  644.9s] IOs:    276237525  IOPS:   428356  Throughput:  1673.3 MB/s  Total: 1053.76 GB
[  645.2s] IOs:    276338455  IOPS:   428313  Throughput:  1673.1 MB/s  Total: 1054.15 GB
[  645.5s] IOs:    276439023  IOPS:   428247  Throughput:  1672.8 MB/s  Total: 1054.53 GB
[  645.8s] IOs:    276539693  IOPS:   428191  Throughput:  1672.6 MB/s  Total: 1054.92 GB
[  646.1s] IOs:    276640284  IOPS:   428140  Throughput:  1672.4 MB/s  Total: 1055.30 GB
[  646.5s] IOs:    276740708  IOPS:   428088  Throughput:  1672.2 MB/s  Total: 1055.68 GB
[  646.7s] IOs:    276841680  IOPS:   428098  Throughput:  1672.3 MB/s  Total: 1056.07 GB
[  647.4s] IOs:    276941795  IOPS:   427792  Throughput:  1671.1 MB/s  Total: 1056.45 GB
[  648.0s] IOs:    277042591  IOPS:   427523  Throughput:  1670.0 MB/s  Total: 1056.83 GB
[  648.6s] IOs:    277142725  IOPS:   427323  Throughput:  1669.2 MB/s  Total: 1057.22 GB
[  649.2s] IOs:    277243011  IOPS:   427082  Throughput:  1668.3 MB/s  Total: 1057.60 GB
[  649.6s] IOs:    277343490  IOPS:   426956  Throughput:  1667.8 MB/s  Total: 1057.98 GB
[  650.2s] IOs:    277444223  IOPS:   426702  Throughput:  1666.8 MB/s  Total: 1058.37 GB
[  650.6s] IOs:    277545186  IOPS:   426609  Throughput:  1666.4 MB/s  Total: 1058.75 GB
[  651.3s] IOs:    277645186  IOPS:   426306  Throughput:  1665.3 MB/s  Total: 1059.13 GB
[  651.6s] IOs:    277745730  IOPS:   426262  Throughput:  1665.1 MB/s  Total: 1059.52 GB
[  652.0s] IOs:    277846099  IOPS:   426135  Throughput:  1664.6 MB/s  Total: 1059.90 GB
[  652.3s] IOs:    277946666  IOPS:   426087  Throughput:  1664.4 MB/s  Total: 1060.28 GB
[  652.6s] IOs:    278047673  IOPS:   426054  Throughput:  1664.3 MB/s  Total: 1060.67 GB
[  652.9s] IOs:    278148617  IOPS:   426016  Throughput:  1664.1 MB/s  Total: 1061.05 GB
[  653.2s] IOs:    278249554  IOPS:   425998  Throughput:  1664.1 MB/s  Total: 1061.44 GB
[  653.5s] IOs:    278349611  IOPS:   425944  Throughput:  1663.8 MB/s  Total: 1061.82 GB
[  653.8s] IOs:    278450580  IOPS:   425917  Throughput:  1663.7 MB/s  Total: 1062.20 GB
[  654.0s] IOs:    278551469  IOPS:   425892  Throughput:  1663.6 MB/s  Total: 1062.59 GB
[  654.3s] IOs:    278652314  IOPS:   425891  Throughput:  1663.6 MB/s  Total: 1062.97 GB
[  654.5s] IOs:    278753234  IOPS:   425873  Throughput:  1663.6 MB/s  Total: 1063.36 GB
[  654.8s] IOs:    278853937  IOPS:   425874  Throughput:  1663.6 MB/s  Total: 1063.74 GB
[  655.0s] IOs:    278954811  IOPS:   425875  Throughput:  1663.6 MB/s  Total: 1064.13 GB
[  655.3s] IOs:    279054824  IOPS:   425863  Throughput:  1663.5 MB/s  Total: 1064.51 GB
[  655.5s] IOs:    279155046  IOPS:   425855  Throughput:  1663.5 MB/s  Total: 1064.89 GB
[  655.8s] IOs:    279256060  IOPS:   425811  Throughput:  1663.3 MB/s  Total: 1065.28 GB
[  656.1s] IOs:    279356979  IOPS:   425807  Throughput:  1663.3 MB/s  Total: 1065.66 GB
[  656.3s] IOs:    279457838  IOPS:   425783  Throughput:  1663.2 MB/s  Total: 1066.05 GB
[  656.6s] IOs:    279558732  IOPS:   425754  Throughput:  1663.1 MB/s  Total: 1066.43 GB
[  656.9s] IOs:    279658863  IOPS:   425718  Throughput:  1663.0 MB/s  Total: 1066.81 GB
[  657.2s] IOs:    279759565  IOPS:   425709  Throughput:  1662.9 MB/s  Total: 1067.20 GB
[  657.7s] IOs:    279860023  IOPS:   425514  Throughput:  1662.2 MB/s  Total: 1067.58 GB
[  658.3s] IOs:    279960383  IOPS:   425280  Throughput:  1661.3 MB/s  Total: 1067.96 GB
[  659.1s] IOs:    280060831  IOPS:   424903  Throughput:  1659.8 MB/s  Total: 1068.35 GB
[  659.6s] IOs:    280161120  IOPS:   424746  Throughput:  1659.2 MB/s  Total: 1068.73 GB
[  660.1s] IOs:    280262023  IOPS:   424565  Throughput:  1658.5 MB/s  Total: 1069.11 GB
[  660.4s] IOs:    280362553  IOPS:   424513  Throughput:  1658.3 MB/s  Total: 1069.50 GB
[  660.7s] IOs:    280462662  IOPS:   424514  Throughput:  1658.3 MB/s  Total: 1069.88 GB
[  660.9s] IOs:    280562760  IOPS:   424507  Throughput:  1658.2 MB/s  Total: 1070.26 GB
[  661.2s] IOs:    280663145  IOPS:   424502  Throughput:  1658.2 MB/s  Total: 1070.64 GB
[  661.4s] IOs:    280763189  IOPS:   424504  Throughput:  1658.2 MB/s  Total: 1071.03 GB
[  661.7s] IOs:    280864046  IOPS:   424484  Throughput:  1658.1 MB/s  Total: 1071.41 GB
[  661.9s] IOs:    280964828  IOPS:   424469  Throughput:  1658.1 MB/s  Total: 1071.80 GB
[  662.1s] IOs:    281065586  IOPS:   424480  Throughput:  1658.1 MB/s  Total: 1072.18 GB
[  662.5s] IOs:    281166064  IOPS:   424419  Throughput:  1657.9 MB/s  Total: 1072.56 GB
[  662.7s] IOs:    281266776  IOPS:   424419  Throughput:  1657.9 MB/s  Total: 1072.95 GB
[  663.1s] IOs:    281367328  IOPS:   424330  Throughput:  1657.5 MB/s  Total: 1073.33 GB
[  663.4s] IOs:    281467569  IOPS:   424302  Throughput:  1657.4 MB/s  Total: 1073.71 GB
[  664.0s] IOs:    281568447  IOPS:   424055  Throughput:  1656.5 MB/s  Total: 1074.10 GB
[  664.6s] IOs:    281668733  IOPS:   423832  Throughput:  1655.6 MB/s  Total: 1074.48 GB
[Reader] Parsed 48000000 lines, distributed 281763319 writes, unique 317.36 GB, skipped 0
[  665.2s] IOs:    281769736  IOPS:   423579  Throughput:  1654.6 MB/s  Total: 1074.87 GB
[  666.0s] IOs:    281870052  IOPS:   423258  Throughput:  1653.4 MB/s  Total: 1075.25 GB
[  666.6s] IOs:    281970953  IOPS:   422974  Throughput:  1652.2 MB/s  Total: 1075.63 GB
[  667.2s] IOs:    282071025  IOPS:   422800  Throughput:  1651.6 MB/s  Total: 1076.02 GB
[  667.7s] IOs:    282171724  IOPS:   422634  Throughput:  1650.9 MB/s  Total: 1076.40 GB
[  668.6s] IOs:    282272225  IOPS:   422190  Throughput:  1649.2 MB/s  Total: 1076.78 GB
[  668.8s] IOs:    282372409  IOPS:   422183  Throughput:  1649.2 MB/s  Total: 1077.17 GB
[  669.1s] IOs:    282473329  IOPS:   422174  Throughput:  1649.1 MB/s  Total: 1077.55 GB
[  669.3s] IOs:    282574093  IOPS:   422169  Throughput:  1649.1 MB/s  Total: 1077.93 GB
[  669.6s] IOs:    282675011  IOPS:   422143  Throughput:  1649.0 MB/s  Total: 1078.32 GB
[  669.9s] IOs:    282775852  IOPS:   422146  Throughput:  1649.0 MB/s  Total: 1078.70 GB
[  670.1s] IOs:    282876801  IOPS:   422149  Throughput:  1649.0 MB/s  Total: 1079.09 GB
[  670.3s] IOs:    282977761  IOPS:   422147  Throughput:  1649.0 MB/s  Total: 1079.47 GB
[  670.6s] IOs:    283078733  IOPS:   422102  Throughput:  1648.8 MB/s  Total: 1079.86 GB
[  670.9s] IOs:    283179489  IOPS:   422094  Throughput:  1648.8 MB/s  Total: 1080.24 GB
[  671.2s] IOs:    283280229  IOPS:   422044  Throughput:  1648.6 MB/s  Total: 1080.63 GB
[  671.4s] IOs:    283381054  IOPS:   422046  Throughput:  1648.6 MB/s  Total: 1081.01 GB
[  671.7s] IOs:    283481759  IOPS:   422044  Throughput:  1648.6 MB/s  Total: 1081.40 GB
[  672.0s] IOs:    283582560  IOPS:   421989  Throughput:  1648.4 MB/s  Total: 1081.78 GB
[  672.3s] IOs:    283682688  IOPS:   421978  Throughput:  1648.4 MB/s  Total: 1082.16 GB
[  672.5s] IOs:    283783560  IOPS:   421972  Throughput:  1648.3 MB/s  Total: 1082.55 GB
[  672.8s] IOs:    283883603  IOPS:   421916  Throughput:  1648.1 MB/s  Total: 1082.93 GB
[  673.1s] IOs:    283983620  IOPS:   421915  Throughput:  1648.1 MB/s  Total: 1083.31 GB
[  673.3s] IOs:    284084440  IOPS:   421906  Throughput:  1648.1 MB/s  Total: 1083.70 GB
[  673.6s] IOs:    284185144  IOPS:   421888  Throughput:  1648.0 MB/s  Total: 1084.08 GB
[  673.9s] IOs:    284285827  IOPS:   421870  Throughput:  1647.9 MB/s  Total: 1084.46 GB
[  674.1s] IOs:    284386288  IOPS:   421849  Throughput:  1647.8 MB/s  Total: 1084.85 GB
[  674.5s] IOs:    284487134  IOPS:   421796  Throughput:  1647.6 MB/s  Total: 1085.23 GB
[  674.7s] IOs:    284587613  IOPS:   421796  Throughput:  1647.6 MB/s  Total: 1085.62 GB
[  675.1s] IOs:    284687966  IOPS:   421704  Throughput:  1647.3 MB/s  Total: 1086.00 GB
[  675.3s] IOs:    284787976  IOPS:   421709  Throughput:  1647.3 MB/s  Total: 1086.38 GB
[  675.5s] IOs:    284888226  IOPS:   421714  Throughput:  1647.3 MB/s  Total: 1086.76 GB
[  675.8s] IOs:    284988520  IOPS:   421702  Throughput:  1647.3 MB/s  Total: 1087.14 GB
[  676.1s] IOs:    285088886  IOPS:   421692  Throughput:  1647.2 MB/s  Total: 1087.53 GB
[  676.3s] IOs:    285189876  IOPS:   421698  Throughput:  1647.3 MB/s  Total: 1087.91 GB
[  676.5s] IOs:    285290696  IOPS:   421686  Throughput:  1647.2 MB/s  Total: 1088.30 GB
[  677.0s] IOs:    285390812  IOPS:   421572  Throughput:  1646.8 MB/s  Total: 1088.68 GB
[  677.3s] IOs:    285491384  IOPS:   421491  Throughput:  1646.4 MB/s  Total: 1089.06 GB
[  677.6s] IOs:    285592327  IOPS:   421454  Throughput:  1646.3 MB/s  Total: 1089.45 GB
[  678.0s] IOs:    285692956  IOPS:   421371  Throughput:  1646.0 MB/s  Total: 1089.83 GB
[  678.3s] IOs:    285793759  IOPS:   421366  Throughput:  1646.0 MB/s  Total: 1090.22 GB
[  678.6s] IOs:    285894018  IOPS:   421321  Throughput:  1645.8 MB/s  Total: 1090.60 GB
[  678.8s] IOs:    285994040  IOPS:   421333  Throughput:  1645.8 MB/s  Total: 1090.98 GB
[  679.1s] IOs:    286094150  IOPS:   421255  Throughput:  1645.5 MB/s  Total: 1091.36 GB
[  679.4s] IOs:    286194727  IOPS:   421226  Throughput:  1645.4 MB/s  Total: 1091.75 GB
[  679.7s] IOs:    286294941  IOPS:   421236  Throughput:  1645.5 MB/s  Total: 1092.13 GB
[  680.3s] IOs:    286395281  IOPS:   420996  Throughput:  1644.5 MB/s  Total: 1092.51 GB
[  680.8s] IOs:    286495359  IOPS:   420821  Throughput:  1643.8 MB/s  Total: 1092.89 GB
[  681.2s] IOs:    286595744  IOPS:   420699  Throughput:  1643.4 MB/s  Total: 1093.28 GB
[  681.5s] IOs:    286696267  IOPS:   420693  Throughput:  1643.3 MB/s  Total: 1093.66 GB
[  681.7s] IOs:    286797021  IOPS:   420678  Throughput:  1643.3 MB/s  Total: 1094.04 GB
[  682.0s] IOs:    286897535  IOPS:   420678  Throughput:  1643.3 MB/s  Total: 1094.43 GB
[  682.2s] IOs:    286998261  IOPS:   420671  Throughput:  1643.2 MB/s  Total: 1094.81 GB
[  682.5s] IOs:    287098623  IOPS:   420638  Throughput:  1643.1 MB/s  Total: 1095.19 GB
[  682.8s] IOs:    287198713  IOPS:   420635  Throughput:  1643.1 MB/s  Total: 1095.58 GB
[  683.1s] IOs:    287299089  IOPS:   420560  Throughput:  1642.8 MB/s  Total: 1095.96 GB
[Reader] Parsed 49000000 lines, distributed 287365892 writes, unique 322.53 GB, skipped 0
[  683.4s] IOs:    287399987  IOPS:   420563  Throughput:  1642.8 MB/s  Total: 1096.34 GB
[  683.6s] IOs:    287500820  IOPS:   420548  Throughput:  1642.8 MB/s  Total: 1096.73 GB
[  683.9s] IOs:    287601690  IOPS:   420514  Throughput:  1642.6 MB/s  Total: 1097.11 GB
[  684.2s] IOs:    287702309  IOPS:   420520  Throughput:  1642.7 MB/s  Total: 1097.50 GB
[  684.4s] IOs:    287802908  IOPS:   420529  Throughput:  1642.7 MB/s  Total: 1097.88 GB
[  684.6s] IOs:    287902940  IOPS:   420540  Throughput:  1642.7 MB/s  Total: 1098.26 GB
[  684.8s] IOs:    288003067  IOPS:   420547  Throughput:  1642.8 MB/s  Total: 1098.64 GB
[  685.1s] IOs:    288103948  IOPS:   420542  Throughput:  1642.7 MB/s  Total: 1099.03 GB
[  685.3s] IOs:    288204472  IOPS:   420557  Throughput:  1642.8 MB/s  Total: 1099.41 GB
[  685.5s] IOs:    288304875  IOPS:   420579  Throughput:  1642.9 MB/s  Total: 1099.80 GB
[  685.7s] IOs:    288405616  IOPS:   420604  Throughput:  1643.0 MB/s  Total: 1100.18 GB
[  685.9s] IOs:    288505877  IOPS:   420625  Throughput:  1643.1 MB/s  Total: 1100.56 GB
[  686.1s] IOs:    288606045  IOPS:   420650  Throughput:  1643.2 MB/s  Total: 1100.94 GB
[  686.8s] IOs:    288707058  IOPS:   420378  Throughput:  1642.1 MB/s  Total: 1101.33 GB
[  687.0s] IOs:    288807601  IOPS:   420374  Throughput:  1642.1 MB/s  Total: 1101.71 GB
[  687.8s] IOs:    288908553  IOPS:   420019  Throughput:  1640.7 MB/s  Total: 1102.10 GB
[  688.1s] IOs:    289009396  IOPS:   420016  Throughput:  1640.7 MB/s  Total: 1102.48 GB
[  688.3s] IOs:    289110393  IOPS:   420044  Throughput:  1640.8 MB/s  Total: 1102.87 GB
[  688.5s] IOs:    289211001  IOPS:   420063  Throughput:  1640.9 MB/s  Total: 1103.25 GB
[  688.7s] IOs:    289311810  IOPS:   420097  Throughput:  1641.0 MB/s  Total: 1103.64 GB
[  688.9s] IOs:    289412088  IOPS:   420116  Throughput:  1641.1 MB/s  Total: 1104.02 GB
[  689.1s] IOs:    289512126  IOPS:   420135  Throughput:  1641.2 MB/s  Total: 1104.40 GB
[  689.3s] IOs:    289612491  IOPS:   420161  Throughput:  1641.3 MB/s  Total: 1104.78 GB
[  690.0s] IOs:    289712604  IOPS:   419883  Throughput:  1640.2 MB/s  Total: 1105.17 GB
[  690.3s] IOs:    289812783  IOPS:   419829  Throughput:  1640.0 MB/s  Total: 1105.55 GB
[  690.5s] IOs:    289913677  IOPS:   419837  Throughput:  1640.0 MB/s  Total: 1105.93 GB
[  690.8s] IOs:    290014555  IOPS:   419854  Throughput:  1640.1 MB/s  Total: 1106.32 GB
[  691.1s] IOs:    290114760  IOPS:   419760  Throughput:  1639.7 MB/s  Total: 1106.70 GB
[  691.3s] IOs:    290215082  IOPS:   419786  Throughput:  1639.8 MB/s  Total: 1107.08 GB
[  691.5s] IOs:    290315273  IOPS:   419818  Throughput:  1639.9 MB/s  Total: 1107.46 GB
[  691.7s] IOs:    290415745  IOPS:   419847  Throughput:  1640.0 MB/s  Total: 1107.85 GB
[  692.0s] IOs:    290516663  IOPS:   419844  Throughput:  1640.0 MB/s  Total: 1108.23 GB
[  692.5s] IOs:    290616812  IOPS:   419649  Throughput:  1639.3 MB/s  Total: 1108.62 GB
[  693.0s] IOs:    290716869  IOPS:   419493  Throughput:  1638.6 MB/s  Total: 1109.00 GB
[  693.2s] IOs:    290817837  IOPS:   419518  Throughput:  1638.7 MB/s  Total: 1109.38 GB
[  693.4s] IOs:    290918074  IOPS:   419551  Throughput:  1638.9 MB/s  Total: 1109.76 GB
[  693.6s] IOs:    291018849  IOPS:   419576  Throughput:  1639.0 MB/s  Total: 1110.15 GB
[  693.8s] IOs:    291119223  IOPS:   419597  Throughput:  1639.0 MB/s  Total: 1110.53 GB
[  694.0s] IOs:    291220146  IOPS:   419624  Throughput:  1639.2 MB/s  Total: 1110.92 GB
[  694.2s] IOs:    291320392  IOPS:   419655  Throughput:  1639.3 MB/s  Total: 1111.30 GB
[  694.4s] IOs:    291420864  IOPS:   419673  Throughput:  1639.3 MB/s  Total: 1111.68 GB
[  694.6s] IOs:    291520989  IOPS:   419684  Throughput:  1639.4 MB/s  Total: 1112.06 GB
[  695.4s] IOs:    291621455  IOPS:   419373  Throughput:  1638.2 MB/s  Total: 1112.45 GB
[  695.7s] IOs:    291722053  IOPS:   419340  Throughput:  1638.0 MB/s  Total: 1112.83 GB
[  695.9s] IOs:    291823006  IOPS:   419355  Throughput:  1638.1 MB/s  Total: 1113.22 GB
[  696.1s] IOs:    291923491  IOPS:   419381  Throughput:  1638.2 MB/s  Total: 1113.60 GB
[  696.3s] IOs:    292024416  IOPS:   419397  Throughput:  1638.3 MB/s  Total: 1113.98 GB
[  696.6s] IOs:    292125202  IOPS:   419383  Throughput:  1638.2 MB/s  Total: 1114.37 GB
[  696.9s] IOs:    292226076  IOPS:   419319  Throughput:  1638.0 MB/s  Total: 1114.75 GB
[  697.3s] IOs:    292327040  IOPS:   419200  Throughput:  1637.5 MB/s  Total: 1115.14 GB
[  698.0s] IOs:    292427634  IOPS:   418950  Throughput:  1636.5 MB/s  Total: 1115.52 GB
[  698.6s] IOs:    292528460  IOPS:   418728  Throughput:  1635.7 MB/s  Total: 1115.91 GB
[  699.2s] IOs:    292629175  IOPS:   418526  Throughput:  1634.9 MB/s  Total: 1116.29 GB
[  701.3s] IOs:    292729655  IOPS:   417431  Throughput:  1630.6 MB/s  Total: 1116.68 GB
[  701.6s] IOs:    292830350  IOPS:   417395  Throughput:  1630.4 MB/s  Total: 1117.06 GB
[  701.9s] IOs:    292931047  IOPS:   417360  Throughput:  1630.3 MB/s  Total: 1117.44 GB
[  702.1s] IOs:    293031940  IOPS:   417350  Throughput:  1630.3 MB/s  Total: 1117.83 GB
[  702.4s] IOs:    293132721  IOPS:   417333  Throughput:  1630.2 MB/s  Total: 1118.21 GB
[  702.7s] IOs:    293233728  IOPS:   417319  Throughput:  1630.2 MB/s  Total: 1118.60 GB
[  702.9s] IOs:    293333779  IOPS:   417313  Throughput:  1630.1 MB/s  Total: 1118.98 GB
[  703.2s] IOs:    293434290  IOPS:   417256  Throughput:  1629.9 MB/s  Total: 1119.36 GB
[  703.5s] IOs:    293534760  IOPS:   417256  Throughput:  1629.9 MB/s  Total: 1119.75 GB
[  703.8s] IOs:    293634954  IOPS:   417228  Throughput:  1629.8 MB/s  Total: 1120.13 GB
[Reader] Parsed 50000000 lines, distributed 293660310 writes, unique 329.98 GB, skipped 0
[  704.1s] IOs:    293735513  IOPS:   417200  Throughput:  1629.7 MB/s  Total: 1120.51 GB
[  704.3s] IOs:    293835783  IOPS:   417183  Throughput:  1629.6 MB/s  Total: 1120.89 GB
[  704.6s] IOs:    293935868  IOPS:   417189  Throughput:  1629.6 MB/s  Total: 1121.28 GB
[  704.9s] IOs:    294036323  IOPS:   417139  Throughput:  1629.4 MB/s  Total: 1121.66 GB
[  705.2s] IOs:    294136690  IOPS:   417074  Throughput:  1629.2 MB/s  Total: 1122.04 GB
[  705.5s] IOs:    294237560  IOPS:   417065  Throughput:  1629.2 MB/s  Total: 1122.43 GB
[  705.8s] IOs:    294338481  IOPS:   417047  Throughput:  1629.1 MB/s  Total: 1122.81 GB
[  706.1s] IOs:    294439200  IOPS:   417000  Throughput:  1628.9 MB/s  Total: 1123.20 GB
[  706.4s] IOs:    294540135  IOPS:   416970  Throughput:  1628.8 MB/s  Total: 1123.58 GB
[  706.7s] IOs:    294641103  IOPS:   416945  Throughput:  1628.7 MB/s  Total: 1123.97 GB
[  707.0s] IOs:    294741870  IOPS:   416889  Throughput:  1628.5 MB/s  Total: 1124.35 GB
[  707.3s] IOs:    294842478  IOPS:   416872  Throughput:  1628.4 MB/s  Total: 1124.73 GB
[  707.6s] IOs:    294943017  IOPS:   416847  Throughput:  1628.3 MB/s  Total: 1125.12 GB
[  707.8s] IOs:    295043450  IOPS:   416836  Throughput:  1628.3 MB/s  Total: 1125.50 GB
[  708.1s] IOs:    295144346  IOPS:   416811  Throughput:  1628.2 MB/s  Total: 1125.89 GB
[  708.4s] IOs:    295244594  IOPS:   416792  Throughput:  1628.1 MB/s  Total: 1126.27 GB
[  708.6s] IOs:    295344732  IOPS:   416793  Throughput:  1628.1 MB/s  Total: 1126.65 GB
[  708.9s] IOs:    295445141  IOPS:   416778  Throughput:  1628.0 MB/s  Total: 1127.03 GB
[  709.2s] IOs:    295545566  IOPS:   416760  Throughput:  1628.0 MB/s  Total: 1127.42 GB
[  709.4s] IOs:    295645949  IOPS:   416770  Throughput:  1628.0 MB/s  Total: 1127.80 GB
[  709.7s] IOs:    295746971  IOPS:   416714  Throughput:  1627.8 MB/s  Total: 1128.19 GB
[  710.7s] IOs:    295847451  IOPS:   416293  Throughput:  1626.1 MB/s  Total: 1128.57 GB
[  711.3s] IOs:    295947497  IOPS:   416053  Throughput:  1625.2 MB/s  Total: 1128.95 GB
[  711.8s] IOs:    296047703  IOPS:   415919  Throughput:  1624.7 MB/s  Total: 1129.33 GB
[  712.4s] IOs:    296148273  IOPS:   415717  Throughput:  1623.9 MB/s  Total: 1129.72 GB
[  713.2s] IOs:    296248309  IOPS:   415384  Throughput:  1622.6 MB/s  Total: 1130.10 GB
[  713.7s] IOs:    296348385  IOPS:   415236  Throughput:  1622.0 MB/s  Total: 1130.48 GB
[  714.3s] IOs:    296449159  IOPS:   415006  Throughput:  1621.1 MB/s  Total: 1130.86 GB
[  714.8s] IOs:    296549594  IOPS:   414886  Throughput:  1620.6 MB/s  Total: 1131.25 GB
[  715.4s] IOs:    296650527  IOPS:   414635  Throughput:  1619.7 MB/s  Total: 1131.63 GB
[  715.8s] IOs:    296751250  IOPS:   414587  Throughput:  1619.5 MB/s  Total: 1132.02 GB
[  716.1s] IOs:    296851404  IOPS:   414519  Throughput:  1619.2 MB/s  Total: 1132.40 GB
[  716.4s] IOs:    296951452  IOPS:   414483  Throughput:  1619.1 MB/s  Total: 1132.78 GB
[  716.7s] IOs:    297052484  IOPS:   414460  Throughput:  1619.0 MB/s  Total: 1133.17 GB
[  717.1s] IOs:    297152538  IOPS:   414381  Throughput:  1618.7 MB/s  Total: 1133.55 GB
[  717.3s] IOs:    297252683  IOPS:   414385  Throughput:  1618.7 MB/s  Total: 1133.93 GB
[  717.6s] IOs:    297353042  IOPS:   414359  Throughput:  1618.6 MB/s  Total: 1134.31 GB
[  717.9s] IOs:    297453745  IOPS:   414355  Throughput:  1618.6 MB/s  Total: 1134.70 GB
[  718.1s] IOs:    297554281  IOPS:   414341  Throughput:  1618.5 MB/s  Total: 1135.08 GB
[  718.4s] IOs:    297655043  IOPS:   414320  Throughput:  1618.4 MB/s  Total: 1135.46 GB
[  718.7s] IOs:    297755888  IOPS:   414286  Throughput:  1618.3 MB/s  Total: 1135.85 GB
[  719.0s] IOs:    297856795  IOPS:   414283  Throughput:  1618.3 MB/s  Total: 1136.23 GB
[  719.3s] IOs:    297956938  IOPS:   414249  Throughput:  1618.2 MB/s  Total: 1136.62 GB
[  719.6s] IOs:    298057774  IOPS:   414225  Throughput:  1618.1 MB/s  Total: 1137.00 GB
[  719.9s] IOs:    298157962  IOPS:   414152  Throughput:  1617.8 MB/s  Total: 1137.38 GB
[  720.3s] IOs:    298258685  IOPS:   414104  Throughput:  1617.6 MB/s  Total: 1137.77 GB
[  720.5s] IOs:    298359583  IOPS:   414096  Throughput:  1617.6 MB/s  Total: 1138.15 GB
[  720.8s] IOs:    298460188  IOPS:   414088  Throughput:  1617.5 MB/s  Total: 1138.54 GB
[  721.0s] IOs:    298560542  IOPS:   414083  Throughput:  1617.5 MB/s  Total: 1138.92 GB
[  726.6s] IOs:    298661325  IOPS:   411037  Throughput:  1605.6 MB/s  Total: 1139.30 GB
[  726.8s] IOs:    298762230  IOPS:   411042  Throughput:  1605.6 MB/s  Total: 1139.69 GB
[  727.1s] IOs:    298863219  IOPS:   411031  Throughput:  1605.6 MB/s  Total: 1140.07 GB
[  727.3s] IOs:    298964191  IOPS:   411033  Throughput:  1605.6 MB/s  Total: 1140.46 GB
[  727.6s] IOs:    299064822  IOPS:   411038  Throughput:  1605.6 MB/s  Total: 1140.84 GB
[  727.8s] IOs:    299165669  IOPS:   411041  Throughput:  1605.6 MB/s  Total: 1141.23 GB
[  728.3s] IOs:    299266528  IOPS:   410926  Throughput:  1605.2 MB/s  Total: 1141.61 GB
[  728.5s] IOs:    299366935  IOPS:   410908  Throughput:  1605.1 MB/s  Total: 1141.99 GB
[  729.1s] IOs:    299467687  IOPS:   410731  Throughput:  1604.4 MB/s  Total: 1142.38 GB
[  729.6s] IOs:    299568181  IOPS:   410606  Throughput:  1603.9 MB/s  Total: 1142.76 GB
[  730.1s] IOs:    299668484  IOPS:   410458  Throughput:  1603.4 MB/s  Total: 1143.14 GB
[  730.5s] IOs:    299768880  IOPS:   410334  Throughput:  1602.9 MB/s  Total: 1143.53 GB
[Reader] Parsed 51000000 lines, distributed 299865487 writes, unique 336.87 GB, skipped 0
[  731.0s] IOs:    299869300  IOPS:   410227  Throughput:  1602.5 MB/s  Total: 1143.91 GB
[  731.3s] IOs:    299969501  IOPS:   410205  Throughput:  1602.4 MB/s  Total: 1144.29 GB
[  731.7s] IOs:    300070475  IOPS:   410125  Throughput:  1602.1 MB/s  Total: 1144.68 GB
[  732.1s] IOs:    300170962  IOPS:   410034  Throughput:  1601.7 MB/s  Total: 1145.06 GB
[  732.4s] IOs:    300271026  IOPS:   409969  Throughput:  1601.4 MB/s  Total: 1145.44 GB
[  732.7s] IOs:    300371552  IOPS:   409965  Throughput:  1601.4 MB/s  Total: 1145.83 GB
[  733.0s] IOs:    300472305  IOPS:   409894  Throughput:  1601.1 MB/s  Total: 1146.21 GB
[  733.4s] IOs:    300572471  IOPS:   409824  Throughput:  1600.9 MB/s  Total: 1146.59 GB
[  733.8s] IOs:    300672927  IOPS:   409771  Throughput:  1600.7 MB/s  Total: 1146.98 GB
[  734.1s] IOs:    300773706  IOPS:   409724  Throughput:  1600.5 MB/s  Total: 1147.36 GB
[  734.4s] IOs:    300874694  IOPS:   409705  Throughput:  1600.4 MB/s  Total: 1147.75 GB
[  734.6s] IOs:    300975458  IOPS:   409713  Throughput:  1600.4 MB/s  Total: 1148.13 GB
[  734.9s] IOs:    301076237  IOPS:   409666  Throughput:  1600.3 MB/s  Total: 1148.51 GB
[  735.2s] IOs:    301176953  IOPS:   409655  Throughput:  1600.2 MB/s  Total: 1148.90 GB
[  735.5s] IOs:    301277521  IOPS:   409650  Throughput:  1600.2 MB/s  Total: 1149.28 GB
[  735.7s] IOs:    301378197  IOPS:   409651  Throughput:  1600.2 MB/s  Total: 1149.67 GB
[  736.1s] IOs:    301478634  IOPS:   409584  Throughput:  1599.9 MB/s  Total: 1150.05 GB
[  736.4s] IOs:    301579273  IOPS:   409535  Throughput:  1599.7 MB/s  Total: 1150.43 GB
[  736.7s] IOs:    301680241  IOPS:   409521  Throughput:  1599.7 MB/s  Total: 1150.82 GB
[  737.1s] IOs:    301780394  IOPS:   409398  Throughput:  1599.2 MB/s  Total: 1151.20 GB
[  737.5s] IOs:    301881087  IOPS:   409344  Throughput:  1599.0 MB/s  Total: 1151.58 GB
[  737.7s] IOs:    301981687  IOPS:   409355  Throughput:  1599.0 MB/s  Total: 1151.97 GB
[  738.2s] IOs:    302082490  IOPS:   409198  Throughput:  1598.4 MB/s  Total: 1152.35 GB
[  738.5s] IOs:    302182490  IOPS:   409175  Throughput:  1598.3 MB/s  Total: 1152.73 GB
[  738.9s] IOs:    302282854  IOPS:   409095  Throughput:  1598.0 MB/s  Total: 1153.12 GB
[  739.3s] IOs:    302383481  IOPS:   409002  Throughput:  1597.7 MB/s  Total: 1153.50 GB
[  739.6s] IOs:    302484217  IOPS:   408989  Throughput:  1597.6 MB/s  Total: 1153.89 GB
[  739.8s] IOs:    302584225  IOPS:   408994  Throughput:  1597.6 MB/s  Total: 1154.27 GB
[  740.1s] IOs:    302684834  IOPS:   408970  Throughput:  1597.5 MB/s  Total: 1154.65 GB
[  740.4s] IOs:    302785588  IOPS:   408975  Throughput:  1597.6 MB/s  Total: 1155.04 GB
[  740.6s] IOs:    302885803  IOPS:   408991  Throughput:  1597.6 MB/s  Total: 1155.42 GB
[  740.9s] IOs:    302986778  IOPS:   408919  Throughput:  1597.3 MB/s  Total: 1155.80 GB
[  741.2s] IOs:    303087072  IOPS:   408932  Throughput:  1597.4 MB/s  Total: 1156.19 GB
[  741.7s] IOs:    303187102  IOPS:   408797  Throughput:  1596.9 MB/s  Total: 1156.57 GB
[  741.9s] IOs:    303288130  IOPS:   408800  Throughput:  1596.9 MB/s  Total: 1156.95 GB
[  742.1s] IOs:    303389030  IOPS:   408806  Throughput:  1596.9 MB/s  Total: 1157.34 GB
[  742.4s] IOs:    303489184  IOPS:   408787  Throughput:  1596.8 MB/s  Total: 1157.72 GB
[  742.7s] IOs:    303590150  IOPS:   408785  Throughput:  1596.8 MB/s  Total: 1158.10 GB
[  743.0s] IOs:    303691014  IOPS:   408720  Throughput:  1596.6 MB/s  Total: 1158.49 GB
[  743.7s] IOs:    303791866  IOPS:   408482  Throughput:  1595.6 MB/s  Total: 1158.87 GB
[  744.1s] IOs:    303892625  IOPS:   408429  Throughput:  1595.4 MB/s  Total: 1159.26 GB
[  744.3s] IOs:    303993421  IOPS:   408439  Throughput:  1595.5 MB/s  Total: 1159.64 GB
[  744.5s] IOs:    304094063  IOPS:   408446  Throughput:  1595.5 MB/s  Total: 1160.03 GB
[  744.8s] IOs:    304194796  IOPS:   408416  Throughput:  1595.4 MB/s  Total: 1160.41 GB
[  745.1s] IOs:    304295490  IOPS:   408370  Throughput:  1595.2 MB/s  Total: 1160.80 GB
[  745.4s] IOs:    304395672  IOPS:   408360  Throughput:  1595.2 MB/s  Total: 1161.18 GB
[  745.6s] IOs:    304495764  IOPS:   408369  Throughput:  1595.2 MB/s  Total: 1161.56 GB
[  746.2s] IOs:    304596789  IOPS:   408213  Throughput:  1594.6 MB/s  Total: 1161.94 GB
[  746.8s] IOs:    304696952  IOPS:   408013  Throughput:  1593.8 MB/s  Total: 1162.33 GB
[  747.4s] IOs:    304797473  IOPS:   407800  Throughput:  1593.0 MB/s  Total: 1162.71 GB
[  747.7s] IOs:    304898168  IOPS:   407765  Throughput:  1592.8 MB/s  Total: 1163.09 GB
[  748.0s] IOs:    304999067  IOPS:   407767  Throughput:  1592.8 MB/s  Total: 1163.48 GB
[  748.2s] IOs:    305099866  IOPS:   407774  Throughput:  1592.9 MB/s  Total: 1163.86 GB
[  748.5s] IOs:    305199878  IOPS:   407758  Throughput:  1592.8 MB/s  Total: 1164.25 GB
[  748.7s] IOs:    305299941  IOPS:   407765  Throughput:  1592.8 MB/s  Total: 1164.63 GB
[  749.3s] IOs:    305400419  IOPS:   407569  Throughput:  1592.1 MB/s  Total: 1165.01 GB
[  749.7s] IOs:    305500747  IOPS:   407474  Throughput:  1591.7 MB/s  Total: 1165.39 GB
[  750.0s] IOs:    305601498  IOPS:   407477  Throughput:  1591.7 MB/s  Total: 1165.78 GB
[  750.2s] IOs:    305702278  IOPS:   407479  Throughput:  1591.7 MB/s  Total: 1166.16 GB
[  750.5s] IOs:    305803047  IOPS:   407484  Throughput:  1591.7 MB/s  Total: 1166.55 GB
[Reader] Parsed 52000000 lines, distributed 305855306 writes, unique 343.94 GB, skipped 0
[  750.7s] IOs:    305903792  IOPS:   407482  Throughput:  1591.7 MB/s  Total: 1166.93 GB
[  751.0s] IOs:    306004821  IOPS:   407473  Throughput:  1591.7 MB/s  Total: 1167.32 GB
[  751.2s] IOs:    306105807  IOPS:   407475  Throughput:  1591.7 MB/s  Total: 1167.70 GB
[  751.5s] IOs:    306206818  IOPS:   407479  Throughput:  1591.7 MB/s  Total: 1168.09 GB
[  751.7s] IOs:    306307627  IOPS:   407459  Throughput:  1591.6 MB/s  Total: 1168.47 GB
[  752.6s] IOs:    306408037  IOPS:   407106  Throughput:  1590.3 MB/s  Total: 1168.85 GB
[  753.0s] IOs:    306508841  IOPS:   407076  Throughput:  1590.1 MB/s  Total: 1169.24 GB
[  753.2s] IOs:    306609592  IOPS:   407071  Throughput:  1590.1 MB/s  Total: 1169.62 GB
[  753.5s] IOs:    306710001  IOPS:   407065  Throughput:  1590.1 MB/s  Total: 1170.01 GB
[  753.8s] IOs:    306810075  IOPS:   406997  Throughput:  1589.8 MB/s  Total: 1170.39 GB
[  754.2s] IOs:    306910143  IOPS:   406922  Throughput:  1589.5 MB/s  Total: 1170.77 GB
[  754.7s] IOs:    307010300  IOPS:   406784  Throughput:  1589.0 MB/s  Total: 1171.15 GB
[  755.3s] IOs:    307110918  IOPS:   406586  Throughput:  1588.2 MB/s  Total: 1171.54 GB
[  755.7s] IOs:    307211192  IOPS:   406533  Throughput:  1588.0 MB/s  Total: 1171.92 GB
[  756.3s] IOs:    307311408  IOPS:   406330  Throughput:  1587.2 MB/s  Total: 1172.30 GB
[  756.8s] IOs:    307412153  IOPS:   406217  Throughput:  1586.8 MB/s  Total: 1172.68 GB
[  757.4s] IOs:    307512533  IOPS:   405997  Throughput:  1585.9 MB/s  Total: 1173.07 GB
[  758.1s] IOs:    307613326  IOPS:   405751  Throughput:  1585.0 MB/s  Total: 1173.45 GB
[  759.0s] IOs:    307714351  IOPS:   405441  Throughput:  1583.8 MB/s  Total: 1173.84 GB
[  759.2s] IOs:    307815111  IOPS:   405421  Throughput:  1583.7 MB/s  Total: 1174.22 GB
[  759.5s] IOs:    307915928  IOPS:   405420  Throughput:  1583.7 MB/s  Total: 1174.61 GB
[  759.7s] IOs:    308016008  IOPS:   405427  Throughput:  1583.7 MB/s  Total: 1174.99 GB
[  760.0s] IOs:    308116258  IOPS:   405429  Throughput:  1583.7 MB/s  Total: 1175.37 GB
[  760.3s] IOs:    308217052  IOPS:   405393  Throughput:  1583.6 MB/s  Total: 1175.75 GB
[  760.6s] IOs:    308317935  IOPS:   405384  Throughput:  1583.5 MB/s  Total: 1176.14 GB
[  760.8s] IOs:    308418492  IOPS:   405387  Throughput:  1583.5 MB/s  Total: 1176.52 GB
[  761.1s] IOs:    308518991  IOPS:   405378  Throughput:  1583.5 MB/s  Total: 1176.91 GB
[  761.4s] IOs:    308619029  IOPS:   405354  Throughput:  1583.4 MB/s  Total: 1177.29 GB
[  761.6s] IOs:    308719061  IOPS:   405354  Throughput:  1583.4 MB/s  Total: 1177.67 GB
[  761.9s] IOs:    308819851  IOPS:   405344  Throughput:  1583.4 MB/s  Total: 1178.05 GB
[  762.1s] IOs:    308920589  IOPS:   405349  Throughput:  1583.4 MB/s  Total: 1178.44 GB
[  762.3s] IOs:    309020741  IOPS:   405357  Throughput:  1583.4 MB/s  Total: 1178.82 GB
[  762.7s] IOs:    309120862  IOPS:   405321  Throughput:  1583.3 MB/s  Total: 1179.20 GB
[  762.9s] IOs:    309221704  IOPS:   405326  Throughput:  1583.3 MB/s  Total: 1179.59 GB
[  763.2s] IOs:    309322605  IOPS:   405319  Throughput:  1583.3 MB/s  Total: 1179.97 GB
[  763.4s] IOs:    309423527  IOPS:   405322  Throughput:  1583.3 MB/s  Total: 1180.36 GB
[  763.7s] IOs:    309524246  IOPS:   405307  Throughput:  1583.2 MB/s  Total: 1180.74 GB
[  763.9s] IOs:    309624919  IOPS:   405311  Throughput:  1583.2 MB/s  Total: 1181.13 GB
[  764.6s] IOs:    309725025  IOPS:   405085  Throughput:  1582.4 MB/s  Total: 1181.51 GB
[  765.4s] IOs:    309825641  IOPS:   404774  Throughput:  1581.1 MB/s  Total: 1181.89 GB
[  766.3s] IOs:    309926107  IOPS:   404444  Throughput:  1579.9 MB/s  Total: 1182.27 GB
[  767.9s] IOs:    310026802  IOPS:   403728  Throughput:  1577.1 MB/s  Total: 1182.66 GB
[  768.6s] IOs:    310127483  IOPS:   403486  Throughput:  1576.1 MB/s  Total: 1183.04 GB
[  769.5s] IOs:    310228216  IOPS:   403144  Throughput:  1574.8 MB/s  Total: 1183.43 GB
[  770.5s] IOs:    310328654  IOPS:   402758  Throughput:  1573.3 MB/s  Total: 1183.81 GB
[  771.5s] IOs:    310428842  IOPS:   402383  Throughput:  1571.8 MB/s  Total: 1184.19 GB
[  772.3s] IOs:    310529717  IOPS:   402078  Throughput:  1570.6 MB/s  Total: 1184.58 GB
[  772.6s] IOs:    310630471  IOPS:   402048  Throughput:  1570.5 MB/s  Total: 1184.96 GB
[  772.9s] IOs:    310731330  IOPS:   402043  Throughput:  1570.5 MB/s  Total: 1185.35 GB
[  773.1s] IOs:    310831882  IOPS:   402036  Throughput:  1570.5 MB/s  Total: 1185.73 GB
[  773.4s] IOs:    310931928  IOPS:   402032  Throughput:  1570.4 MB/s  Total: 1186.11 GB
[  773.6s] IOs:    311032643  IOPS:   402042  Throughput:  1570.5 MB/s  Total: 1186.50 GB
[  773.9s] IOs:    311132770  IOPS:   402023  Throughput:  1570.4 MB/s  Total: 1186.88 GB
[  774.2s] IOs:    311233688  IOPS:   402016  Throughput:  1570.4 MB/s  Total: 1187.26 GB
[  774.4s] IOs:    311333824  IOPS:   402019  Throughput:  1570.4 MB/s  Total: 1187.64 GB
[  774.8s] IOs:    311434748  IOPS:   401956  Throughput:  1570.1 MB/s  Total: 1188.03 GB
[  775.1s] IOs:    311535741  IOPS:   401947  Throughput:  1570.1 MB/s  Total: 1188.41 GB
[  775.5s] IOs:    311636736  IOPS:   401876  Throughput:  1569.8 MB/s  Total: 1188.80 GB
[  775.8s] IOs:    311737457  IOPS:   401838  Throughput:  1569.7 MB/s  Total: 1189.18 GB
[  776.1s] IOs:    311838115  IOPS:   401826  Throughput:  1569.6 MB/s  Total: 1189.57 GB
[  776.3s] IOs:    311938913  IOPS:   401817  Throughput:  1569.6 MB/s  Total: 1189.95 GB
[  776.6s] IOs:    312039392  IOPS:   401819  Throughput:  1569.6 MB/s  Total: 1190.34 GB
[  776.8s] IOs:    312140320  IOPS:   401806  Throughput:  1569.6 MB/s  Total: 1190.72 GB
[  777.1s] IOs:    312240330  IOPS:   401801  Throughput:  1569.5 MB/s  Total: 1191.10 GB
[  777.3s] IOs:    312341346  IOPS:   401810  Throughput:  1569.6 MB/s  Total: 1191.49 GB
[  777.6s] IOs:    312442177  IOPS:   401809  Throughput:  1569.6 MB/s  Total: 1191.87 GB
[  777.8s] IOs:    312542962  IOPS:   401812  Throughput:  1569.6 MB/s  Total: 1192.26 GB
[Reader] Parsed 53000000 lines, distributed 312635281 writes, unique 353.05 GB, skipped 0
[  778.1s] IOs:    312643883  IOPS:   401783  Throughput:  1569.5 MB/s  Total: 1192.64 GB
[  778.4s] IOs:    312744886  IOPS:   401773  Throughput:  1569.4 MB/s  Total: 1193.03 GB
[  778.7s] IOs:    312845805  IOPS:   401777  Throughput:  1569.4 MB/s  Total: 1193.41 GB
[  779.3s] IOs:    312946091  IOPS:   401561  Throughput:  1568.6 MB/s  Total: 1193.79 GB
[  779.8s] IOs:    313046169  IOPS:   401454  Throughput:  1568.2 MB/s  Total: 1194.18 GB
[  780.2s] IOs:    313147145  IOPS:   401391  Throughput:  1567.9 MB/s  Total: 1194.56 GB
[  780.5s] IOs:    313247757  IOPS:   401345  Throughput:  1567.8 MB/s  Total: 1194.95 GB
[  781.1s] IOs:    313348154  IOPS:   401175  Throughput:  1567.1 MB/s  Total: 1195.33 GB
[  781.4s] IOs:    313448452  IOPS:   401148  Throughput:  1567.0 MB/s  Total: 1195.71 GB
[  781.6s] IOs:    313548566  IOPS:   401156  Throughput:  1567.0 MB/s  Total: 1196.09 GB
[  782.5s] IOs:    313649085  IOPS:   400851  Throughput:  1565.8 MB/s  Total: 1196.48 GB
[  783.0s] IOs:    313749865  IOPS:   400687  Throughput:  1565.2 MB/s  Total: 1196.86 GB
[  783.9s] IOs:    313850440  IOPS:   400389  Throughput:  1564.0 MB/s  Total: 1197.24 GB
[  784.5s] IOs:    313951401  IOPS:   400184  Throughput:  1563.2 MB/s  Total: 1197.63 GB
[  785.0s] IOs:    314051498  IOPS:   400057  Throughput:  1562.7 MB/s  Total: 1198.01 GB
[  785.6s] IOs:    314152380  IOPS:   399894  Throughput:  1562.1 MB/s  Total: 1198.40 GB
[  786.1s] IOs:    314253334  IOPS:   399752  Throughput:  1561.5 MB/s  Total: 1198.78 GB
[  786.7s] IOs:    314353666  IOPS:   399563  Throughput:  1560.8 MB/s  Total: 1199.16 GB
[  787.0s] IOs:    314454495  IOPS:   399550  Throughput:  1560.7 MB/s  Total: 1199.55 GB
[  787.3s] IOs:    314555232  IOPS:   399528  Throughput:  1560.7 MB/s  Total: 1199.93 GB
[  787.6s] IOs:    314656111  IOPS:   399498  Throughput:  1560.5 MB/s  Total: 1200.32 GB
[  787.9s] IOs:    314757022  IOPS:   399494  Throughput:  1560.5 MB/s  Total: 1200.70 GB
[  788.1s] IOs:    314857981  IOPS:   399492  Throughput:  1560.5 MB/s  Total: 1201.09 GB
[  788.4s] IOs:    314958486  IOPS:   399501  Throughput:  1560.5 MB/s  Total: 1201.47 GB
[  788.7s] IOs:    315059269  IOPS:   399483  Throughput:  1560.5 MB/s  Total: 1201.86 GB
[  788.9s] IOs:    315159317  IOPS:   399491  Throughput:  1560.5 MB/s  Total: 1202.24 GB
[  789.2s] IOs:    315260312  IOPS:   399487  Throughput:  1560.5 MB/s  Total: 1202.62 GB
[  789.4s] IOs:    315360374  IOPS:   399489  Throughput:  1560.5 MB/s  Total: 1203.00 GB
[  789.7s] IOs:    315460649  IOPS:   399472  Throughput:  1560.4 MB/s  Total: 1203.39 GB
[  789.9s] IOs:    315561527  IOPS:   399479  Throughput:  1560.5 MB/s  Total: 1203.77 GB
[  790.2s] IOs:    315662489  IOPS:   399461  Throughput:  1560.4 MB/s  Total: 1204.16 GB
[  790.5s] IOs:    315763299  IOPS:   399447  Throughput:  1560.3 MB/s  Total: 1204.54 GB
[  790.8s] IOs:    315864066  IOPS:   399440  Throughput:  1560.3 MB/s  Total: 1204.93 GB
[  791.0s] IOs:    315964326  IOPS:   399434  Throughput:  1560.3 MB/s  Total: 1205.31 GB
[  791.3s] IOs:    316065123  IOPS:   399445  Throughput:  1560.3 MB/s  Total: 1205.69 GB
[  791.6s] IOs:    316166006  IOPS:   399394  Throughput:  1560.1 MB/s  Total: 1206.08 GB
[  791.9s] IOs:    316266621  IOPS:   399391  Throughput:  1560.1 MB/s  Total: 1206.46 GB
[  792.1s] IOs:    316367060  IOPS:   399383  Throughput:  1560.1 MB/s  Total: 1206.84 GB
[  792.8s] IOs:    316467190  IOPS:   399202  Throughput:  1559.4 MB/s  Total: 1207.23 GB
[  793.3s] IOs:    316567306  IOPS:   399043  Throughput:  1558.8 MB/s  Total: 1207.61 GB
[  793.6s] IOs:    316668327  IOPS:   399019  Throughput:  1558.7 MB/s  Total: 1207.99 GB
[  794.1s] IOs:    316768674  IOPS:   398882  Throughput:  1558.1 MB/s  Total: 1208.38 GB
[  794.7s] IOs:    316869127  IOPS:   398703  Throughput:  1557.4 MB/s  Total: 1208.76 GB
[  796.1s] IOs:    316969248  IOPS:   398169  Throughput:  1555.3 MB/s  Total: 1209.14 GB
[  797.1s] IOs:    317070043  IOPS:   397765  Throughput:  1553.8 MB/s  Total: 1209.53 GB
[  798.5s] IOs:    317170797  IOPS:   397219  Throughput:  1551.6 MB/s  Total: 1209.91 GB
[  799.5s] IOs:    317270998  IOPS:   396845  Throughput:  1550.2 MB/s  Total: 1210.29 GB
[  799.9s] IOs:    317371957  IOPS:   396784  Throughput:  1549.9 MB/s  Total: 1210.68 GB
[  800.1s] IOs:    317472659  IOPS:   396771  Throughput:  1549.9 MB/s  Total: 1211.06 GB
[  800.4s] IOs:    317573255  IOPS:   396782  Throughput:  1549.9 MB/s  Total: 1211.45 GB
[  800.6s] IOs:    317674069  IOPS:   396771  Throughput:  1549.9 MB/s  Total: 1211.83 GB
[  800.9s] IOs:    317774707  IOPS:   396754  Throughput:  1549.8 MB/s  Total: 1212.21 GB
[  801.2s] IOs:    317875740  IOPS:   396750  Throughput:  1549.8 MB/s  Total: 1212.60 GB
[  801.5s] IOs:    317976578  IOPS:   396728  Throughput:  1549.7 MB/s  Total: 1212.98 GB
[  801.8s] IOs:    318077303  IOPS:   396713  Throughput:  1549.7 MB/s  Total: 1213.37 GB
[  802.1s] IOs:    318177395  IOPS:   396702  Throughput:  1549.6 MB/s  Total: 1213.75 GB
[  802.4s] IOs:    318278304  IOPS:   396636  Throughput:  1549.4 MB/s  Total: 1214.14 GB
[  802.7s] IOs:    318379069  IOPS:   396625  Throughput:  1549.3 MB/s  Total: 1214.52 GB
[  803.0s] IOs:    318480012  IOPS:   396595  Throughput:  1549.2 MB/s  Total: 1214.90 GB
[  803.3s] IOs:    318580962  IOPS:   396591  Throughput:  1549.2 MB/s  Total: 1215.29 GB
[  803.6s] IOs:    318681870  IOPS:   396591  Throughput:  1549.2 MB/s  Total: 1215.67 GB
[  803.8s] IOs:    318781899  IOPS:   396570  Throughput:  1549.1 MB/s  Total: 1216.06 GB
[  804.1s] IOs:    318882538  IOPS:   396549  Throughput:  1549.0 MB/s  Total: 1216.44 GB
[  804.4s] IOs:    318983365  IOPS:   396525  Throughput:  1548.9 MB/s  Total: 1216.82 GB
[  804.7s] IOs:    319083948  IOPS:   396533  Throughput:  1549.0 MB/s  Total: 1217.21 GB
[  805.1s] IOs:    319184557  IOPS:   396443  Throughput:  1548.6 MB/s  Total: 1217.59 GB
[  805.4s] IOs:    319285106  IOPS:   396427  Throughput:  1548.5 MB/s  Total: 1217.98 GB
[  806.6s] IOs:    319385930  IOPS:   395958  Throughput:  1546.7 MB/s  Total: 1218.36 GB
[  807.2s] IOs:    319486219  IOPS:   395790  Throughput:  1546.1 MB/s  Total: 1218.74 GB
[  807.8s] IOs:    319586427  IOPS:   395608  Throughput:  1545.3 MB/s  Total: 1219.13 GB
[  808.2s] IOs:    319687035  IOPS:   395531  Throughput:  1545.0 MB/s  Total: 1219.51 GB
[  808.6s] IOs:    319787964  IOPS:   395494  Throughput:  1544.9 MB/s  Total: 1219.89 GB
[  808.8s] IOs:    319888611  IOPS:   395492  Throughput:  1544.9 MB/s  Total: 1220.28 GB
[  809.4s] IOs:    319989492  IOPS:   395350  Throughput:  1544.3 MB/s  Total: 1220.66 GB
[  809.7s] IOs:    320090310  IOPS:   395307  Throughput:  1544.2 MB/s  Total: 1221.05 GB
[  810.3s] IOs:    320190565  IOPS:   395155  Throughput:  1543.6 MB/s  Total: 1221.43 GB
[Reader] Parsed 54000000 lines, distributed 320293031 writes, unique 362.64 GB, skipped 0
[  810.6s] IOs:    320290609  IOPS:   395127  Throughput:  1543.5 MB/s  Total: 1221.81 GB
[  811.1s] IOs:    320390699  IOPS:   394990  Throughput:  1542.9 MB/s  Total: 1222.19 GB
[  811.5s] IOs:    320490879  IOPS:   394939  Throughput:  1542.7 MB/s  Total: 1222.58 GB
[  812.0s] IOs:    320591449  IOPS:   394821  Throughput:  1542.3 MB/s  Total: 1222.96 GB
[  812.3s] IOs:    320692169  IOPS:   394791  Throughput:  1542.2 MB/s  Total: 1223.34 GB
[  812.6s] IOs:    320792185  IOPS:   394773  Throughput:  1542.1 MB/s  Total: 1223.73 GB
[  812.8s] IOs:    320893075  IOPS:   394783  Throughput:  1542.1 MB/s  Total: 1224.11 GB
[  813.1s] IOs:    320993549  IOPS:   394769  Throughput:  1542.1 MB/s  Total: 1224.49 GB
[  813.4s] IOs:    321094294  IOPS:   394767  Throughput:  1542.1 MB/s  Total: 1224.88 GB
[  813.6s] IOs:    321194353  IOPS:   394763  Throughput:  1542.0 MB/s  Total: 1225.26 GB
[  813.9s] IOs:    321295239  IOPS:   394763  Throughput:  1542.0 MB/s  Total: 1225.64 GB
[  814.1s] IOs:    321395902  IOPS:   394770  Throughput:  1542.1 MB/s  Total: 1226.03 GB
[  814.4s] IOs:    321496710  IOPS:   394754  Throughput:  1542.0 MB/s  Total: 1226.41 GB
[  814.6s] IOs:    321596771  IOPS:   394768  Throughput:  1542.1 MB/s  Total: 1226.79 GB
[  814.9s] IOs:    321696984  IOPS:   394788  Throughput:  1542.1 MB/s  Total: 1227.18 GB
[  815.2s] IOs:    321796993  IOPS:   394754  Throughput:  1542.0 MB/s  Total: 1227.56 GB
[  815.4s] IOs:    321897561  IOPS:   394770  Throughput:  1542.1 MB/s  Total: 1227.94 GB
[  816.3s] IOs:    321997904  IOPS:   394460  Throughput:  1540.9 MB/s  Total: 1228.32 GB
[  817.1s] IOs:    322098399  IOPS:   394202  Throughput:  1539.9 MB/s  Total: 1228.71 GB
[  818.1s] IOs:    322198545  IOPS:   393839  Throughput:  1538.4 MB/s  Total: 1229.09 GB
[  818.8s] IOs:    322298978  IOPS:   393605  Throughput:  1537.5 MB/s  Total: 1229.47 GB
[  819.5s] IOs:    322399811  IOPS:   393419  Throughput:  1536.8 MB/s  Total: 1229.86 GB
[  820.1s] IOs:    322500067  IOPS:   393257  Throughput:  1536.2 MB/s  Total: 1230.24 GB
[  820.7s] IOs:    322600362  IOPS:   393101  Throughput:  1535.6 MB/s  Total: 1230.62 GB
[  821.2s] IOs:    322700870  IOPS:   392960  Throughput:  1535.0 MB/s  Total: 1231.01 GB
[  822.1s] IOs:    322800974  IOPS:   392634  Throughput:  1533.7 MB/s  Total: 1231.39 GB
[  823.0s] IOs:    322901984  IOPS:   392337  Throughput:  1532.6 MB/s  Total: 1231.77 GB
[  823.6s] IOs:    323002752  IOPS:   392200  Throughput:  1532.0 MB/s  Total: 1232.16 GB
[  823.8s] IOs:    323102816  IOPS:   392211  Throughput:  1532.1 MB/s  Total: 1232.54 GB
[  824.1s] IOs:    323202837  IOPS:   392192  Throughput:  1532.0 MB/s  Total: 1232.92 GB
[  824.6s] IOs:    323303226  IOPS:   392054  Throughput:  1531.5 MB/s  Total: 1233.30 GB
[  825.3s] IOs:    323403462  IOPS:   391882  Throughput:  1530.8 MB/s  Total: 1233.69 GB
[  825.7s] IOs:    323504266  IOPS:   391791  Throughput:  1530.4 MB/s  Total: 1234.07 GB
[  826.6s] IOs:    323605134  IOPS:   391500  Throughput:  1529.3 MB/s  Total: 1234.46 GB
[  827.2s] IOs:    323706093  IOPS:   391344  Throughput:  1528.7 MB/s  Total: 1234.84 GB
[  828.1s] IOs:    323806800  IOPS:   391003  Throughput:  1527.4 MB/s  Total: 1235.22 GB
[  829.2s] IOs:    323906923  IOPS:   390642  Throughput:  1525.9 MB/s  Total: 1235.61 GB
[  830.1s] IOs:    324007659  IOPS:   390318  Throughput:  1524.7 MB/s  Total: 1235.99 GB
[  830.3s] IOs:    324107727  IOPS:   390327  Throughput:  1524.7 MB/s  Total: 1236.37 GB
[  830.6s] IOs:    324208508  IOPS:   390311  Throughput:  1524.7 MB/s  Total: 1236.76 GB
[  830.9s] IOs:    324309227  IOPS:   390317  Throughput:  1524.7 MB/s  Total: 1237.14 GB
[  831.2s] IOs:    324410212  IOPS:   390297  Throughput:  1524.6 MB/s  Total: 1237.53 GB
[  831.5s] IOs:    324510971  IOPS:   390255  Throughput:  1524.4 MB/s  Total: 1237.91 GB
[  831.9s] IOs:    324611974  IOPS:   390205  Throughput:  1524.2 MB/s  Total: 1238.30 GB
[  832.2s] IOs:    324712010  IOPS:   390208  Throughput:  1524.2 MB/s  Total: 1238.68 GB
[  832.4s] IOs:    324812746  IOPS:   390195  Throughput:  1524.2 MB/s  Total: 1239.06 GB
[  832.8s] IOs:    324912891  IOPS:   390165  Throughput:  1524.1 MB/s  Total: 1239.44 GB
[  833.1s] IOs:    325013476  IOPS:   390139  Throughput:  1524.0 MB/s  Total: 1239.83 GB
[  833.3s] IOs:    325113507  IOPS:   390140  Throughput:  1524.0 MB/s  Total: 1240.21 GB
[  833.6s] IOs:    325214057  IOPS:   390109  Throughput:  1523.9 MB/s  Total: 1240.59 GB
[  833.9s] IOs:    325314423  IOPS:   390098  Throughput:  1523.8 MB/s  Total: 1240.98 GB
[  834.4s] IOs:    325414867  IOPS:   389993  Throughput:  1523.4 MB/s  Total: 1241.36 GB
[  835.2s] IOs:    325515578  IOPS:   389759  Throughput:  1522.5 MB/s  Total: 1241.74 GB
[  836.1s] IOs:    325615857  IOPS:   389435  Throughput:  1521.2 MB/s  Total: 1242.13 GB
[  836.7s] IOs:    325716398  IOPS:   389281  Throughput:  1520.6 MB/s  Total: 1242.51 GB
[  837.3s] IOs:    325817006  IOPS:   389120  Throughput:  1520.0 MB/s  Total: 1242.89 GB
[  838.1s] IOs:    325917198  IOPS:   388895  Throughput:  1519.1 MB/s  Total: 1243.28 GB
[  838.8s] IOs:    326018166  IOPS:   388681  Throughput:  1518.3 MB/s  Total: 1243.66 GB
[  839.2s] IOs:    326118169  IOPS:   388610  Throughput:  1518.0 MB/s  Total: 1244.04 GB
[  839.8s] IOs:    326218476  IOPS:   388463  Throughput:  1517.4 MB/s  Total: 1244.42 GB
[  840.4s] IOs:    326319257  IOPS:   388298  Throughput:  1516.8 MB/s  Total: 1244.81 GB
[  841.0s] IOs:    326420075  IOPS:   388126  Throughput:  1516.1 MB/s  Total: 1245.19 GB
[  841.5s] IOs:    326520800  IOPS:   388026  Throughput:  1515.7 MB/s  Total: 1245.58 GB
[  842.0s] IOs:    326621706  IOPS:   387922  Throughput:  1515.3 MB/s  Total: 1245.96 GB
[  842.3s] IOs:    326722489  IOPS:   387906  Throughput:  1515.3 MB/s  Total: 1246.35 GB
[  842.6s] IOs:    326823409  IOPS:   387894  Throughput:  1515.2 MB/s  Total: 1246.73 GB
[  842.9s] IOs:    326924280  IOPS:   387874  Throughput:  1515.1 MB/s  Total: 1247.12 GB
[  843.3s] IOs:    327024985  IOPS:   387797  Throughput:  1514.8 MB/s  Total: 1247.50 GB
[  843.6s] IOs:    327125849  IOPS:   387783  Throughput:  1514.8 MB/s  Total: 1247.89 GB
[  843.8s] IOs:    327226769  IOPS:   387779  Throughput:  1514.8 MB/s  Total: 1248.27 GB
[  844.3s] IOs:    327327506  IOPS:   387690  Throughput:  1514.4 MB/s  Total: 1248.66 GB
[  844.6s] IOs:    327428028  IOPS:   387690  Throughput:  1514.4 MB/s  Total: 1249.04 GB
[  844.8s] IOs:    327528364  IOPS:   387697  Throughput:  1514.4 MB/s  Total: 1249.42 GB
[  845.2s] IOs:    327628844  IOPS:   387624  Throughput:  1514.2 MB/s  Total: 1249.80 GB
[  845.6s] IOs:    327729076  IOPS:   387586  Throughput:  1514.0 MB/s  Total: 1250.19 GB
[  845.8s] IOs:    327829995  IOPS:   387598  Throughput:  1514.1 MB/s  Total: 1250.57 GB
[  846.2s] IOs:    327930728  IOPS:   387546  Throughput:  1513.9 MB/s  Total: 1250.96 GB
[  846.5s] IOs:    328031291  IOPS:   387511  Throughput:  1513.7 MB/s  Total: 1251.34 GB
[  846.8s] IOs:    328131624  IOPS:   387514  Throughput:  1513.7 MB/s  Total: 1251.72 GB
[  847.1s] IOs:    328232126  IOPS:   387493  Throughput:  1513.6 MB/s  Total: 1252.11 GB
[  847.7s] IOs:    328333073  IOPS:   387323  Throughput:  1513.0 MB/s  Total: 1252.49 GB
[  848.3s] IOs:    328433078  IOPS:   387187  Throughput:  1512.5 MB/s  Total: 1252.87 GB
[  849.1s] IOs:    328533907  IOPS:   386914  Throughput:  1511.4 MB/s  Total: 1253.26 GB
[  849.8s] IOs:    328634836  IOPS:   386730  Throughput:  1510.7 MB/s  Total: 1253.64 GB
[Reader] Parsed 55000000 lines, distributed 328713225 writes, unique 373.89 GB, skipped 0
[  850.5s] IOs:    328735462  IOPS:   386505  Throughput:  1509.8 MB/s  Total: 1254.03 GB
[  851.1s] IOs:    328836428  IOPS:   386353  Throughput:  1509.2 MB/s  Total: 1254.41 GB
[  851.7s] IOs:    328937059  IOPS:   386207  Throughput:  1508.6 MB/s  Total: 1254.80 GB
[  852.2s] IOs:    329037264  IOPS:   386125  Throughput:  1508.3 MB/s  Total: 1255.18 GB
[  852.7s] IOs:    329137964  IOPS:   385985  Throughput:  1507.8 MB/s  Total: 1255.56 GB
[  853.2s] IOs:    329238443  IOPS:   385872  Throughput:  1507.3 MB/s  Total: 1255.94 GB
[  853.9s] IOs:    329338995  IOPS:   385701  Throughput:  1506.6 MB/s  Total: 1256.33 GB
[  854.2s] IOs:    329439235  IOPS:   385657  Throughput:  1506.5 MB/s  Total: 1256.71 GB
[  854.7s] IOs:    329539361  IOPS:   385549  Throughput:  1506.0 MB/s  Total: 1257.09 GB
[  855.4s] IOs:    329639515  IOPS:   385362  Throughput:  1505.3 MB/s  Total: 1257.47 GB
[  855.7s] IOs:    329740348  IOPS:   385357  Throughput:  1505.3 MB/s  Total: 1257.86 GB
[  856.2s] IOs:    329840849  IOPS:   385219  Throughput:  1504.8 MB/s  Total: 1258.24 GB
[  856.7s] IOs:    329941116  IOPS:   385115  Throughput:  1504.4 MB/s  Total: 1258.63 GB
[  857.3s] IOs:    330041434  IOPS:   384985  Throughput:  1503.8 MB/s  Total: 1259.01 GB
[  857.6s] IOs:    330141531  IOPS:   384945  Throughput:  1503.7 MB/s  Total: 1259.39 GB
[  858.2s] IOs:    330241642  IOPS:   384807  Throughput:  1503.2 MB/s  Total: 1259.77 GB
[  858.5s] IOs:    330341929  IOPS:   384808  Throughput:  1503.2 MB/s  Total: 1260.15 GB
[  858.8s] IOs:    330441981  IOPS:   384772  Throughput:  1503.0 MB/s  Total: 1260.54 GB
[  859.3s] IOs:    330542328  IOPS:   384652  Throughput:  1502.5 MB/s  Total: 1260.92 GB
[  859.6s] IOs:    330642991  IOPS:   384632  Throughput:  1502.5 MB/s  Total: 1261.30 GB
[  859.9s] IOs:    330743402  IOPS:   384630  Throughput:  1502.5 MB/s  Total: 1261.69 GB
[  860.2s] IOs:    330844069  IOPS:   384606  Throughput:  1502.4 MB/s  Total: 1262.07 GB
[  860.5s] IOs:    330944155  IOPS:   384613  Throughput:  1502.4 MB/s  Total: 1262.45 GB
[  860.7s] IOs:    331045177  IOPS:   384608  Throughput:  1502.4 MB/s  Total: 1262.84 GB
[  861.1s] IOs:    331146123  IOPS:   384580  Throughput:  1502.3 MB/s  Total: 1263.22 GB
[  861.6s] IOs:    331246440  IOPS:   384462  Throughput:  1501.8 MB/s  Total: 1263.60 GB
[  861.8s] IOs:    331346729  IOPS:   384462  Throughput:  1501.8 MB/s  Total: 1263.99 GB
[  862.1s] IOs:    331447518  IOPS:   384464  Throughput:  1501.8 MB/s  Total: 1264.37 GB
[  862.4s] IOs:    331547536  IOPS:   384440  Throughput:  1501.7 MB/s  Total: 1264.75 GB
[  862.7s] IOs:    331648135  IOPS:   384426  Throughput:  1501.7 MB/s  Total: 1265.14 GB
[  862.9s] IOs:    331749036  IOPS:   384436  Throughput:  1501.7 MB/s  Total: 1265.52 GB
[  863.3s] IOs:    331849673  IOPS:   384381  Throughput:  1501.5 MB/s  Total: 1265.91 GB
[  863.6s] IOs:    331950343  IOPS:   384381  Throughput:  1501.5 MB/s  Total: 1266.29 GB
[  863.9s] IOs:    332050958  IOPS:   384385  Throughput:  1501.5 MB/s  Total: 1266.67 GB
[  864.4s] IOs:    332151404  IOPS:   384237  Throughput:  1500.9 MB/s  Total: 1267.06 GB
[  865.2s] IOs:    332251612  IOPS:   384011  Throughput:  1500.0 MB/s  Total: 1267.44 GB
[  866.7s] IOs:    332351683  IOPS:   383449  Throughput:  1497.8 MB/s  Total: 1267.82 GB
[  868.2s] IOs:    332452368  IOPS:   382905  Throughput:  1495.7 MB/s  Total: 1268.21 GB
[  869.5s] IOs:    332553387  IOPS:   382486  Throughput:  1494.1 MB/s  Total: 1268.59 GB
[  870.4s] IOs:    332653429  IOPS:   382193  Throughput:  1492.9 MB/s  Total: 1268.97 GB
[  871.4s] IOs:    332753972  IOPS:   381867  Throughput:  1491.7 MB/s  Total: 1269.36 GB
[  872.4s] IOs:    332854796  IOPS:   381545  Throughput:  1490.4 MB/s  Total: 1269.74 GB
[  873.1s] IOs:    332955665  IOPS:   381340  Throughput:  1489.6 MB/s  Total: 1270.13 GB
[  873.4s] IOs:    333056349  IOPS:   381349  Throughput:  1489.6 MB/s  Total: 1270.51 GB
[  873.6s] IOs:    333157067  IOPS:   381358  Throughput:  1489.7 MB/s  Total: 1270.89 GB
[  873.9s] IOs:    333257075  IOPS:   381336  Throughput:  1489.6 MB/s  Total: 1271.27 GB
[  874.2s] IOs:    333357865  IOPS:   381319  Throughput:  1489.5 MB/s  Total: 1271.66 GB
[  874.5s] IOs:    333458390  IOPS:   381322  Throughput:  1489.5 MB/s  Total: 1272.04 GB
[  874.7s] IOs:    333559291  IOPS:   381329  Throughput:  1489.6 MB/s  Total: 1272.43 GB
[  875.0s] IOs:    333659475  IOPS:   381342  Throughput:  1489.6 MB/s  Total: 1272.81 GB
[  875.2s] IOs:    333759837  IOPS:   381343  Throughput:  1489.6 MB/s  Total: 1273.19 GB
[  875.5s] IOs:    333860735  IOPS:   381349  Throughput:  1489.6 MB/s  Total: 1273.58 GB
[  876.0s] IOs:    333960751  IOPS:   381251  Throughput:  1489.3 MB/s  Total: 1273.96 GB
[  876.2s] IOs:    334061577  IOPS:   381250  Throughput:  1489.3 MB/s  Total: 1274.34 GB
[  876.5s] IOs:    334162333  IOPS:   381251  Throughput:  1489.3 MB/s  Total: 1274.73 GB
[  876.9s] IOs:    334263038  IOPS:   381189  Throughput:  1489.0 MB/s  Total: 1275.11 GB
[  877.2s] IOs:    334363480  IOPS:   381164  Throughput:  1488.9 MB/s  Total: 1275.50 GB
[  877.5s] IOs:    334463985  IOPS:   381160  Throughput:  1488.9 MB/s  Total: 1275.88 GB
[  877.9s] IOs:    334564703  IOPS:   381111  Throughput:  1488.7 MB/s  Total: 1276.26 GB
[  878.3s] IOs:    334665614  IOPS:   381051  Throughput:  1488.5 MB/s  Total: 1276.65 GB
[  878.5s] IOs:    334766274  IOPS:   381064  Throughput:  1488.5 MB/s  Total: 1277.03 GB
[  879.0s] IOs:    334866850  IOPS:   380980  Throughput:  1488.2 MB/s  Total: 1277.42 GB
[  879.5s] IOs:    334967594  IOPS:   380862  Throughput:  1487.7 MB/s  Total: 1277.80 GB
[  880.2s] IOs:    335067999  IOPS:   380667  Throughput:  1487.0 MB/s  Total: 1278.18 GB
[  880.9s] IOs:    335168740  IOPS:   380483  Throughput:  1486.3 MB/s  Total: 1278.57 GB
[  881.5s] IOs:    335269174  IOPS:   380339  Throughput:  1485.7 MB/s  Total: 1278.95 GB
[  882.2s] IOs:    335370147  IOPS:   380140  Throughput:  1484.9 MB/s  Total: 1279.34 GB
[  882.5s] IOs:    335470156  IOPS:   380139  Throughput:  1484.9 MB/s  Total: 1279.72 GB
[  882.7s] IOs:    335571019  IOPS:   380146  Throughput:  1484.9 MB/s  Total: 1280.10 GB
[  883.0s] IOs:    335671638  IOPS:   380154  Throughput:  1485.0 MB/s  Total: 1280.49 GB
[  883.3s] IOs:    335772635  IOPS:   380154  Throughput:  1485.0 MB/s  Total: 1280.87 GB
[  883.7s] IOs:    335873355  IOPS:   380096  Throughput:  1484.7 MB/s  Total: 1281.26 GB
[  883.9s] IOs:    335974302  IOPS:   380095  Throughput:  1484.7 MB/s  Total: 1281.64 GB
[  884.2s] IOs:    336074994  IOPS:   380095  Throughput:  1484.7 MB/s  Total: 1282.02 GB
[  884.4s] IOs:    336175115  IOPS:   380102  Throughput:  1484.8 MB/s  Total: 1282.41 GB
[  884.7s] IOs:    336276052  IOPS:   380102  Throughput:  1484.8 MB/s  Total: 1282.79 GB
[  885.0s] IOs:    336376666  IOPS:   380088  Throughput:  1484.7 MB/s  Total: 1283.18 GB
[  885.3s] IOs:    336477078  IOPS:   380093  Throughput:  1484.7 MB/s  Total: 1283.56 GB
[  885.5s] IOs:    336578006  IOPS:   380082  Throughput:  1484.7 MB/s  Total: 1283.94 GB
[  885.8s] IOs:    336678927  IOPS:   380096  Throughput:  1484.8 MB/s  Total: 1284.33 GB
[  886.0s] IOs:    336779225  IOPS:   380096  Throughput:  1484.8 MB/s  Total: 1284.71 GB
[Reader] Parsed 56000000 lines, distributed 336836159 writes, unique 386.60 GB, skipped 0
[  886.7s] IOs:    336879654  IOPS:   379906  Throughput:  1484.0 MB/s  Total: 1285.09 GB
[  887.4s] IOs:    336980144  IOPS:   379739  Throughput:  1483.4 MB/s  Total: 1285.48 GB
[  897.4s] IOs:    337081038  IOPS:   375604  Throughput:  1467.2 MB/s  Total: 1285.86 GB
[  897.7s] IOs:    337181225  IOPS:   375601  Throughput:  1467.2 MB/s  Total: 1286.24 GB
[  898.0s] IOs:    337281759  IOPS:   375596  Throughput:  1467.2 MB/s  Total: 1286.63 GB
[  898.5s] IOs:    337382226  IOPS:   375495  Throughput:  1466.8 MB/s  Total: 1287.01 GB
[  899.1s] IOs:    337482250  IOPS:   375361  Throughput:  1466.3 MB/s  Total: 1287.39 GB
[  899.3s] IOs:    337583169  IOPS:   375371  Throughput:  1466.3 MB/s  Total: 1287.78 GB
[  899.6s] IOs:    337683876  IOPS:   375377  Throughput:  1466.3 MB/s  Total: 1288.16 GB
[  899.9s] IOs:    337784758  IOPS:   375364  Throughput:  1466.3 MB/s  Total: 1288.55 GB
[  900.1s] IOs:    337884930  IOPS:   375379  Throughput:  1466.3 MB/s  Total: 1288.93 GB
[  900.4s] IOs:    337985861  IOPS:   375383  Throughput:  1466.3 MB/s  Total: 1289.31 GB
[  900.6s] IOs:    338085868  IOPS:   375386  Throughput:  1466.4 MB/s  Total: 1289.70 GB
[  900.9s] IOs:    338186681  IOPS:   375395  Throughput:  1466.4 MB/s  Total: 1290.08 GB
[  901.2s] IOs:    338287519  IOPS:   375395  Throughput:  1466.4 MB/s  Total: 1290.46 GB
[  902.0s] IOs:    338388174  IOPS:   375165  Throughput:  1465.5 MB/s  Total: 1290.85 GB
[  902.3s] IOs:    338488992  IOPS:   375120  Throughput:  1465.3 MB/s  Total: 1291.23 GB
[  902.6s] IOs:    338589055  IOPS:   375122  Throughput:  1465.3 MB/s  Total: 1291.61 GB
[  902.8s] IOs:    338689290  IOPS:   375135  Throughput:  1465.4 MB/s  Total: 1292.00 GB
[  903.1s] IOs:    338790129  IOPS:   375141  Throughput:  1465.4 MB/s  Total: 1292.38 GB
[  903.4s] IOs:    338890673  IOPS:   375148  Throughput:  1465.4 MB/s  Total: 1292.77 GB
[  903.6s] IOs:    338991226  IOPS:   375158  Throughput:  1465.5 MB/s  Total: 1293.15 GB
[  903.8s] IOs:    339091807  IOPS:   375166  Throughput:  1465.5 MB/s  Total: 1293.53 GB
[  904.5s] IOs:    339192121  IOPS:   374985  Throughput:  1464.8 MB/s  Total: 1293.92 GB
[  905.0s] IOs:    339292358  IOPS:   374890  Throughput:  1464.4 MB/s  Total: 1294.30 GB
[  906.5s] IOs:    339393162  IOPS:   374381  Throughput:  1462.4 MB/s  Total: 1294.68 GB
[  907.9s] IOs:    339493243  IOPS:   373948  Throughput:  1460.7 MB/s  Total: 1295.06 GB
[  908.9s] IOs:    339593389  IOPS:   373614  Throughput:  1459.4 MB/s  Total: 1295.45 GB
[  910.0s] IOs:    339693472  IOPS:   373294  Throughput:  1458.2 MB/s  Total: 1295.83 GB
[  910.7s] IOs:    339793938  IOPS:   373100  Throughput:  1457.4 MB/s  Total: 1296.21 GB
[  911.5s] IOs:    339894688  IOPS:   372896  Throughput:  1456.6 MB/s  Total: 1296.60 GB
[  912.1s] IOs:    339995216  IOPS:   372764  Throughput:  1456.1 MB/s  Total: 1296.98 GB
[  913.2s] IOs:    340095743  IOPS:   372424  Throughput:  1454.8 MB/s  Total: 1297.36 GB
[  914.0s] IOs:    340196258  IOPS:   372188  Throughput:  1453.9 MB/s  Total: 1297.75 GB
[  915.0s] IOs:    340296579  IOPS:   371921  Throughput:  1452.8 MB/s  Total: 1298.13 GB
[  916.1s] IOs:    340397133  IOPS:   371557  Throughput:  1451.4 MB/s  Total: 1298.51 GB
[  916.9s] IOs:    340497166  IOPS:   371370  Throughput:  1450.7 MB/s  Total: 1298.89 GB
[  917.5s] IOs:    340598063  IOPS:   371206  Throughput:  1450.0 MB/s  Total: 1299.28 GB
[  918.4s] IOs:    340698623  IOPS:   370952  Throughput:  1449.0 MB/s  Total: 1299.66 GB
[  919.6s] IOs:    340799133  IOPS:   370593  Throughput:  1447.6 MB/s  Total: 1300.05 GB
[  920.5s] IOs:    340900110  IOPS:   370332  Throughput:  1446.6 MB/s  Total: 1300.43 GB
[  921.5s] IOs:    341000964  IOPS:   370048  Throughput:  1445.5 MB/s  Total: 1300.82 GB
[  922.5s] IOs:    341101008  IOPS:   369775  Throughput:  1444.4 MB/s  Total: 1301.20 GB
[  923.0s] IOs:    341201999  IOPS:   369647  Throughput:  1443.9 MB/s  Total: 1301.58 GB
[  924.1s] IOs:    341302993  IOPS:   369347  Throughput:  1442.8 MB/s  Total: 1301.97 GB
[  924.4s] IOs:    341403836  IOPS:   369344  Throughput:  1442.8 MB/s  Total: 1302.35 GB
[  924.6s] IOs:    341504731  IOPS:   369342  Throughput:  1442.7 MB/s  Total: 1302.74 GB
[  924.9s] IOs:    341605339  IOPS:   369356  Throughput:  1442.8 MB/s  Total: 1303.12 GB
[  925.1s] IOs:    341706172  IOPS:   369369  Throughput:  1442.8 MB/s  Total: 1303.51 GB
[  925.4s] IOs:    341806180  IOPS:   369372  Throughput:  1442.9 MB/s  Total: 1303.89 GB
[  925.6s] IOs:    341906849  IOPS:   369386  Throughput:  1442.9 MB/s  Total: 1304.27 GB
[  925.9s] IOs:    342007732  IOPS:   369394  Throughput:  1442.9 MB/s  Total: 1304.66 GB
[  926.2s] IOs:    342108383  IOPS:   369368  Throughput:  1442.8 MB/s  Total: 1305.04 GB
[  926.5s] IOs:    342208976  IOPS:   369372  Throughput:  1442.9 MB/s  Total: 1305.42 GB
[  926.7s] IOs:    342309684  IOPS:   369371  Throughput:  1442.9 MB/s  Total: 1305.81 GB
[  927.1s] IOs:    342410100  IOPS:   369347  Throughput:  1442.8 MB/s  Total: 1306.19 GB
[  927.5s] IOs:    342511042  IOPS:   369295  Throughput:  1442.6 MB/s  Total: 1306.58 GB
[  927.8s] IOs:    342611748  IOPS:   369273  Throughput:  1442.5 MB/s  Total: 1306.96 GB
[  928.4s] IOs:    342712525  IOPS:   369160  Throughput:  1442.0 MB/s  Total: 1307.34 GB
[  929.1s] IOs:    342813036  IOPS:   368988  Throughput:  1441.4 MB/s  Total: 1307.73 GB
[  930.0s] IOs:    342913655  IOPS:   368730  Throughput:  1440.4 MB/s  Total: 1308.11 GB
[  931.0s] IOs:    343014584  IOPS:   368454  Throughput:  1439.3 MB/s  Total: 1308.50 GB
[  931.6s] IOs:    343114752  IOPS:   368293  Throughput:  1438.6 MB/s  Total: 1308.88 GB
[  932.9s] IOs:    343215110  IOPS:   367894  Throughput:  1437.1 MB/s  Total: 1309.26 GB
[  933.6s] IOs:    343315136  IOPS:   367728  Throughput:  1436.4 MB/s  Total: 1309.64 GB
[  934.6s] IOs:    343415502  IOPS:   367439  Throughput:  1435.3 MB/s  Total: 1310.03 GB
[  935.5s] IOs:    343515761  IOPS:   367196  Throughput:  1434.4 MB/s  Total: 1310.41 GB
[  935.9s] IOs:    343615798  IOPS:   367162  Throughput:  1434.2 MB/s  Total: 1310.79 GB
[  936.1s] IOs:    343716734  IOPS:   367166  Throughput:  1434.2 MB/s  Total: 1311.18 GB
[  936.4s] IOs:    343817650  IOPS:   367171  Throughput:  1434.3 MB/s  Total: 1311.56 GB
[  936.6s] IOs:    343918437  IOPS:   367180  Throughput:  1434.3 MB/s  Total: 1311.94 GB
[  936.9s] IOs:    344019295  IOPS:   367184  Throughput:  1434.3 MB/s  Total: 1312.33 GB
[  937.2s] IOs:    344119527  IOPS:   367189  Throughput:  1434.3 MB/s  Total: 1312.71 GB
[  937.4s] IOs:    344219601  IOPS:   367192  Throughput:  1434.3 MB/s  Total: 1313.09 GB
[  937.8s] IOs:    344320509  IOPS:   367168  Throughput:  1434.2 MB/s  Total: 1313.48 GB
[  938.1s] IOs:    344420706  IOPS:   367155  Throughput:  1434.2 MB/s  Total: 1313.86 GB
[  938.4s] IOs:    344521018  IOPS:   367139  Throughput:  1434.1 MB/s  Total: 1314.24 GB
[  938.7s] IOs:    344621592  IOPS:   367133  Throughput:  1434.1 MB/s  Total: 1314.63 GB
[  939.0s] IOs:    344722422  IOPS:   367119  Throughput:  1434.1 MB/s  Total: 1315.01 GB
[  939.3s] IOs:    344823346  IOPS:   367126  Throughput:  1434.1 MB/s  Total: 1315.40 GB
[  939.8s] IOs:    344923963  IOPS:   367035  Throughput:  1433.7 MB/s  Total: 1315.78 GB
[  940.1s] IOs:    345024661  IOPS:   367015  Throughput:  1433.7 MB/s  Total: 1316.16 GB
[  940.6s] IOs:    345125158  IOPS:   366910  Throughput:  1433.2 MB/s  Total: 1316.55 GB
[  940.9s] IOs:    345225729  IOPS:   366903  Throughput:  1433.2 MB/s  Total: 1316.93 GB
[  941.2s] IOs:    345326284  IOPS:   366913  Throughput:  1433.3 MB/s  Total: 1317.32 GB
[  942.0s] IOs:    345426855  IOPS:   366686  Throughput:  1432.4 MB/s  Total: 1317.70 GB
[  942.7s] IOs:    345527633  IOPS:   366510  Throughput:  1431.7 MB/s  Total: 1318.08 GB
[  943.8s] IOs:    345628343  IOPS:   366209  Throughput:  1430.5 MB/s  Total: 1318.47 GB
[  944.2s] IOs:    345728644  IOPS:   366166  Throughput:  1430.3 MB/s  Total: 1318.85 GB
[  945.0s] IOs:    345829321  IOPS:   365939  Throughput:  1429.5 MB/s  Total: 1319.23 GB
[  945.6s] IOs:    345930179  IOPS:   365815  Throughput:  1429.0 MB/s  Total: 1319.62 GB
[  946.2s] IOs:    346031025  IOPS:   365718  Throughput:  1428.6 MB/s  Total: 1320.00 GB
[  946.7s] IOs:    346131708  IOPS:   365636  Throughput:  1428.3 MB/s  Total: 1320.39 GB
[  947.3s] IOs:    346232350  IOPS:   365502  Throughput:  1427.7 MB/s  Total: 1320.77 GB
[  947.7s] IOs:    346333348  IOPS:   365462  Throughput:  1427.6 MB/s  Total: 1321.16 GB
[  948.5s] IOs:    346434084  IOPS:   365258  Throughput:  1426.8 MB/s  Total: 1321.54 GB
[Reader] Parsed 57000000 lines, distributed 346471071 writes, unique 399.96 GB, skipped 0
[  949.0s] IOs:    346534790  IOPS:   365169  Throughput:  1426.4 MB/s  Total: 1321.93 GB
[  949.4s] IOs:    346635139  IOPS:   365092  Throughput:  1426.1 MB/s  Total: 1322.31 GB
[  949.7s] IOs:    346735685  IOPS:   365100  Throughput:  1426.2 MB/s  Total: 1322.69 GB
[  950.2s] IOs:    346836434  IOPS:   364996  Throughput:  1425.8 MB/s  Total: 1323.08 GB
[  950.7s] IOs:    346936915  IOPS:   364930  Throughput:  1425.5 MB/s  Total: 1323.46 GB
[  951.2s] IOs:    347037638  IOPS:   364841  Throughput:  1425.2 MB/s  Total: 1323.84 GB
[  951.5s] IOs:    347138252  IOPS:   364818  Throughput:  1425.1 MB/s  Total: 1324.23 GB
[  951.8s] IOs:    347238533  IOPS:   364833  Throughput:  1425.1 MB/s  Total: 1324.61 GB
[  952.6s] IOs:    347339076  IOPS:   364608  Throughput:  1424.3 MB/s  Total: 1324.99 GB
[  953.2s] IOs:    347439867  IOPS:   364498  Throughput:  1423.8 MB/s  Total: 1325.38 GB
[  954.0s] IOs:    347540864  IOPS:   364309  Throughput:  1423.1 MB/s  Total: 1325.76 GB
[  954.6s] IOs:    347641517  IOPS:   364164  Throughput:  1422.5 MB/s  Total: 1326.15 GB
[  955.8s] IOs:    347741703  IOPS:   363840  Throughput:  1421.3 MB/s  Total: 1326.53 GB
[  956.1s] IOs:    347842612  IOPS:   363817  Throughput:  1421.2 MB/s  Total: 1326.91 GB
[  956.3s] IOs:    347942860  IOPS:   363826  Throughput:  1421.2 MB/s  Total: 1327.30 GB
[  956.6s] IOs:    348043721  IOPS:   363831  Throughput:  1421.2 MB/s  Total: 1327.68 GB
[  956.9s] IOs:    348144589  IOPS:   363821  Throughput:  1421.2 MB/s  Total: 1328.07 GB
[  957.2s] IOs:    348245393  IOPS:   363805  Throughput:  1421.1 MB/s  Total: 1328.45 GB
[  957.5s] IOs:    348345858  IOPS:   363806  Throughput:  1421.1 MB/s  Total: 1328.83 GB
[  957.8s] IOs:    348446549  IOPS:   363794  Throughput:  1421.1 MB/s  Total: 1329.22 GB
[  958.1s] IOs:    348547196  IOPS:   363796  Throughput:  1421.1 MB/s  Total: 1329.60 GB
[  959.0s] IOs:    348648164  IOPS:   363552  Throughput:  1420.1 MB/s  Total: 1329.99 GB
[  959.9s] IOs:    348748763  IOPS:   363317  Throughput:  1419.2 MB/s  Total: 1330.37 GB
[  960.6s] IOs:    348849774  IOPS:   363151  Throughput:  1418.6 MB/s  Total: 1330.76 GB
[  961.5s] IOs:    348950211  IOPS:   362925  Throughput:  1417.7 MB/s  Total: 1331.14 GB
[  962.3s] IOs:    349050608  IOPS:   362735  Throughput:  1416.9 MB/s  Total: 1331.52 GB
[  963.0s] IOs:    349151306  IOPS:   362555  Throughput:  1416.2 MB/s  Total: 1331.91 GB
[  963.9s] IOs:    349252080  IOPS:   362327  Throughput:  1415.3 MB/s  Total: 1332.29 GB
[  964.6s] IOs:    349352844  IOPS:   362173  Throughput:  1414.7 MB/s  Total: 1332.68 GB
[  965.2s] IOs:    349453496  IOPS:   362052  Throughput:  1414.3 MB/s  Total: 1333.06 GB
[  966.0s] IOs:    349554104  IOPS:   361866  Throughput:  1413.5 MB/s  Total: 1333.44 GB
[  966.6s] IOs:    349654681  IOPS:   361743  Throughput:  1413.1 MB/s  Total: 1333.83 GB
[  967.1s] IOs:    349754714  IOPS:   361660  Throughput:  1412.7 MB/s  Total: 1334.21 GB
[  967.9s] IOs:    349855442  IOPS:   361473  Throughput:  1412.0 MB/s  Total: 1334.59 GB
[  968.4s] IOs:    349955490  IOPS:   361356  Throughput:  1411.5 MB/s  Total: 1334.97 GB
[  969.1s] IOs:    350055912  IOPS:   361232  Throughput:  1411.1 MB/s  Total: 1335.36 GB
[  969.8s] IOs:    350156906  IOPS:   361065  Throughput:  1410.4 MB/s  Total: 1335.74 GB
[  970.5s] IOs:    350257925  IOPS:   360922  Throughput:  1409.8 MB/s  Total: 1336.13 GB
[  971.0s] IOs:    350358033  IOPS:   360834  Throughput:  1409.5 MB/s  Total: 1336.51 GB
[  971.6s] IOs:    350458733  IOPS:   360708  Throughput:  1409.0 MB/s  Total: 1336.89 GB
[  972.0s] IOs:    350559607  IOPS:   360651  Throughput:  1408.8 MB/s  Total: 1337.28 GB
[  972.6s] IOs:    350659614  IOPS:   360549  Throughput:  1408.4 MB/s  Total: 1337.66 GB
[  973.1s] IOs:    350760372  IOPS:   360454  Throughput:  1408.0 MB/s  Total: 1338.04 GB
[  973.5s] IOs:    350861338  IOPS:   360399  Throughput:  1407.8 MB/s  Total: 1338.43 GB
[  974.0s] IOs:    350962158  IOPS:   360342  Throughput:  1407.6 MB/s  Total: 1338.81 GB
[  974.4s] IOs:    351062566  IOPS:   360279  Throughput:  1407.3 MB/s  Total: 1339.20 GB
[  974.8s] IOs:    351163287  IOPS:   360246  Throughput:  1407.2 MB/s  Total: 1339.58 GB
[  975.2s] IOs:    351264220  IOPS:   360212  Throughput:  1407.1 MB/s  Total: 1339.97 GB
[  975.5s] IOs:    351364884  IOPS:   360179  Throughput:  1406.9 MB/s  Total: 1340.35 GB
[  976.0s] IOs:    351464905  IOPS:   360104  Throughput:  1406.7 MB/s  Total: 1340.73 GB
[  976.4s] IOs:    351565139  IOPS:   360044  Throughput:  1406.4 MB/s  Total: 1341.11 GB
[  977.0s] IOs:    351665810  IOPS:   359933  Throughput:  1406.0 MB/s  Total: 1341.50 GB
[  977.8s] IOs:    351766424  IOPS:   359771  Throughput:  1405.4 MB/s  Total: 1341.88 GB
[  979.1s] IOs:    351866943  IOPS:   359382  Throughput:  1403.8 MB/s  Total: 1342.27 GB
[  980.5s] IOs:    351967523  IOPS:   358954  Throughput:  1402.2 MB/s  Total: 1342.65 GB
[  981.6s] IOs:    352068212  IOPS:   358683  Throughput:  1401.1 MB/s  Total: 1343.03 GB
[  983.0s] IOs:    352168995  IOPS:   358263  Throughput:  1399.5 MB/s  Total: 1343.42 GB
[  984.0s] IOs:    352269982  IOPS:   358012  Throughput:  1398.5 MB/s  Total: 1343.80 GB
[  985.0s] IOs:    352370701  IOPS:   357753  Throughput:  1397.5 MB/s  Total: 1344.19 GB
[  985.9s] IOs:    352470875  IOPS:   357506  Throughput:  1396.5 MB/s  Total: 1344.57 GB
[  986.7s] IOs:    352571319  IOPS:   357338  Throughput:  1395.9 MB/s  Total: 1344.95 GB
[  987.6s] IOs:    352671638  IOPS:   357115  Throughput:  1395.0 MB/s  Total: 1345.34 GB
[  988.4s] IOs:    352772526  IOPS:   356906  Throughput:  1394.2 MB/s  Total: 1345.72 GB
[  989.6s] IOs:    352873142  IOPS:   356590  Throughput:  1392.9 MB/s  Total: 1346.10 GB
[  991.0s] IOs:    352973250  IOPS:   356186  Throughput:  1391.4 MB/s  Total: 1346.49 GB
[  992.0s] IOs:    353074215  IOPS:   355914  Throughput:  1390.3 MB/s  Total: 1346.87 GB
[  993.0s] IOs:    353174937  IOPS:   355655  Throughput:  1389.3 MB/s  Total: 1347.26 GB
[  994.0s] IOs:    353275856  IOPS:   355413  Throughput:  1388.3 MB/s  Total: 1347.64 GB
[  994.6s] IOs:    353375892  IOPS:   355283  Throughput:  1387.8 MB/s  Total: 1348.02 GB
[  995.3s] IOs:    353475952  IOPS:   355135  Throughput:  1387.2 MB/s  Total: 1348.40 GB
[  995.7s] IOs:    353576775  IOPS:   355106  Throughput:  1387.1 MB/s  Total: 1348.79 GB
[  995.9s] IOs:    353677661  IOPS:   355124  Throughput:  1387.2 MB/s  Total: 1349.17 GB
[  996.3s] IOs:    353778132  IOPS:   355104  Throughput:  1387.1 MB/s  Total: 1349.56 GB
[  996.6s] IOs:    353878795  IOPS:   355073  Throughput:  1387.0 MB/s  Total: 1349.94 GB
[  996.9s] IOs:    353979441  IOPS:   355087  Throughput:  1387.1 MB/s  Total: 1350.32 GB
[  997.1s] IOs:    354080395  IOPS:   355096  Throughput:  1387.1 MB/s  Total: 1350.71 GB
[  997.4s] IOs:    354181344  IOPS:   355113  Throughput:  1387.2 MB/s  Total: 1351.09 GB
[  997.7s] IOs:    354282184  IOPS:   355113  Throughput:  1387.2 MB/s  Total: 1351.48 GB
[  998.0s] IOs:    354382209  IOPS:   355097  Throughput:  1387.1 MB/s  Total: 1351.86 GB
[  998.3s] IOs:    354482789  IOPS:   355090  Throughput:  1387.1 MB/s  Total: 1352.24 GB
[  998.5s] IOs:    354583753  IOPS:   355106  Throughput:  1387.1 MB/s  Total: 1352.63 GB
[  998.9s] IOs:    354684325  IOPS:   355080  Throughput:  1387.0 MB/s  Total: 1353.01 GB
[  999.2s] IOs:    354784771  IOPS:   355080  Throughput:  1387.0 MB/s  Total: 1353.40 GB
[  999.5s] IOs:    354885458  IOPS:   355063  Throughput:  1387.0 MB/s  Total: 1353.78 GB
[ 1000.2s] IOs:    354985795  IOPS:   354917  Throughput:  1386.4 MB/s  Total: 1354.16 GB
[ 1000.7s] IOs:    355086139  IOPS:   354830  Throughput:  1386.1 MB/s  Total: 1354.55 GB
[ 1001.6s] IOs:    355186966  IOPS:   354620  Throughput:  1385.2 MB/s  Total: 1354.93 GB
[ 1002.1s] IOs:    355287817  IOPS:   354544  Throughput:  1384.9 MB/s  Total: 1355.32 GB
[ 1002.9s] IOs:    355388100  IOPS:   354370  Throughput:  1384.3 MB/s  Total: 1355.70 GB
[ 1004.6s] IOs:    355488263  IOPS:   353862  Throughput:  1382.3 MB/s  Total: 1356.08 GB
[ 1007.0s] IOs:    355589198  IOPS:   353109  Throughput:  1379.3 MB/s  Total: 1356.47 GB
[ 1009.0s] IOs:    355689379  IOPS:   352520  Throughput:  1377.0 MB/s  Total: 1356.85 GB
[ 1010.6s] IOs:    355789767  IOPS:   352063  Throughput:  1375.2 MB/s  Total: 1357.23 GB
[ 1011.7s] IOs:    355890652  IOPS:   351773  Throughput:  1374.1 MB/s  Total: 1357.62 GB
[ 1013.1s] IOs:    355991469  IOPS:   351398  Throughput:  1372.6 MB/s  Total: 1358.00 GB
[ 1014.0s] IOs:    356092347  IOPS:   351162  Throughput:  1371.7 MB/s  Total: 1358.38 GB
[Reader] Parsed 58000000 lines, distributed 356160429 writes, unique 417.44 GB, skipped 0
[ 1015.0s] IOs:    356193292  IOPS:   350916  Throughput:  1370.8 MB/s  Total: 1358.77 GB
[ 1015.5s] IOs:    356294107  IOPS:   350857  Throughput:  1370.5 MB/s  Total: 1359.15 GB
[ 1015.8s] IOs:    356394905  IOPS:   350866  Throughput:  1370.6 MB/s  Total: 1359.54 GB
[ 1016.0s] IOs:    356495697  IOPS:   350871  Throughput:  1370.6 MB/s  Total: 1359.92 GB
[ 1016.4s] IOs:    356596295  IOPS:   350851  Throughput:  1370.5 MB/s  Total: 1360.31 GB
[ 1016.7s] IOs:    356696645  IOPS:   350845  Throughput:  1370.5 MB/s  Total: 1360.69 GB
[ 1017.1s] IOs:    356797300  IOPS:   350783  Throughput:  1370.2 MB/s  Total: 1361.07 GB
[ 1017.8s] IOs:    356898197  IOPS:   350672  Throughput:  1369.8 MB/s  Total: 1361.46 GB
[ 1019.0s] IOs:    356998989  IOPS:   350334  Throughput:  1368.5 MB/s  Total: 1361.84 GB
[ 1020.2s] IOs:    357099935  IOPS:   350023  Throughput:  1367.3 MB/s  Total: 1362.23 GB
[ 1021.2s] IOs:    357200926  IOPS:   349788  Throughput:  1366.4 MB/s  Total: 1362.61 GB
[ 1022.3s] IOs:    357301663  IOPS:   349492  Throughput:  1365.2 MB/s  Total: 1363.00 GB
[ 1023.2s] IOs:    357402182  IOPS:   349306  Throughput:  1364.5 MB/s  Total: 1363.38 GB
[ 1024.1s] IOs:    357502769  IOPS:   349090  Throughput:  1363.6 MB/s  Total: 1363.76 GB
[ 1025.0s] IOs:    357603000  IOPS:   348887  Throughput:  1362.8 MB/s  Total: 1364.15 GB
[ 1025.6s] IOs:    357703281  IOPS:   348758  Throughput:  1362.3 MB/s  Total: 1364.53 GB
[ 1026.2s] IOs:    357803820  IOPS:   348670  Throughput:  1362.0 MB/s  Total: 1364.91 GB
[ 1027.0s] IOs:    357904368  IOPS:   348491  Throughput:  1361.3 MB/s  Total: 1365.30 GB
[ 1027.5s] IOs:    358004553  IOPS:   348429  Throughput:  1361.1 MB/s  Total: 1365.68 GB
[ 1027.7s] IOs:    358105301  IOPS:   348436  Throughput:  1361.1 MB/s  Total: 1366.06 GB
[ 1028.3s] IOs:    358205674  IOPS:   348350  Throughput:  1360.7 MB/s  Total: 1366.45 GB
[ 1029.1s] IOs:    358306321  IOPS:   348173  Throughput:  1360.1 MB/s  Total: 1366.83 GB
[ 1029.7s] IOs:    358407300  IOPS:   348054  Throughput:  1359.6 MB/s  Total: 1367.22 GB
[ 1030.6s] IOs:    358508161  IOPS:   347851  Throughput:  1358.8 MB/s  Total: 1367.60 GB
[ 1031.2s] IOs:    358608793  IOPS:   347747  Throughput:  1358.4 MB/s  Total: 1367.98 GB
[ 1031.8s] IOs:    358708934  IOPS:   347639  Throughput:  1358.0 MB/s  Total: 1368.37 GB
[ 1032.6s] IOs:    358809702  IOPS:   347471  Throughput:  1357.3 MB/s  Total: 1368.75 GB
[ 1033.2s] IOs:    358910568  IOPS:   347383  Throughput:  1357.0 MB/s  Total: 1369.14 GB
[ 1033.9s] IOs:    359011219  IOPS:   347242  Throughput:  1356.4 MB/s  Total: 1369.52 GB
[ 1034.5s] IOs:    359111493  IOPS:   347139  Throughput:  1356.0 MB/s  Total: 1369.90 GB
[ 1035.1s] IOs:    359211978  IOPS:   347023  Throughput:  1355.6 MB/s  Total: 1370.28 GB
[ 1035.6s] IOs:    359312627  IOPS:   346945  Throughput:  1355.3 MB/s  Total: 1370.67 GB
[ 1036.3s] IOs:    359413321  IOPS:   346829  Throughput:  1354.8 MB/s  Total: 1371.05 GB
[ 1036.7s] IOs:    359513766  IOPS:   346780  Throughput:  1354.6 MB/s  Total: 1371.44 GB
[ 1037.3s] IOs:    359614770  IOPS:   346685  Throughput:  1354.2 MB/s  Total: 1371.82 GB
[ 1038.1s] IOs:    359715599  IOPS:   346524  Throughput:  1353.6 MB/s  Total: 1372.21 GB
[ 1038.6s] IOs:    359816134  IOPS:   346432  Throughput:  1353.3 MB/s  Total: 1372.59 GB
[ 1039.5s] IOs:    359916798  IOPS:   346231  Throughput:  1352.5 MB/s  Total: 1372.97 GB
[ 1040.1s] IOs:    360017558  IOPS:   346143  Throughput:  1352.1 MB/s  Total: 1373.36 GB
[ 1041.1s] IOs:    360118253  IOPS:   345898  Throughput:  1351.2 MB/s  Total: 1373.74 GB
[ 1042.6s] IOs:    360218327  IOPS:   345512  Throughput:  1349.7 MB/s  Total: 1374.12 GB
[ 1043.7s] IOs:    360319060  IOPS:   345237  Throughput:  1348.6 MB/s  Total: 1374.51 GB
[ 1044.8s] IOs:    360419489  IOPS:   344973  Throughput:  1347.6 MB/s  Total: 1374.89 GB
[ 1045.7s] IOs:    360520175  IOPS:   344770  Throughput:  1346.8 MB/s  Total: 1375.28 GB
[ 1046.9s] IOs:    360621034  IOPS:   344467  Throughput:  1345.6 MB/s  Total: 1375.66 GB
[ 1047.7s] IOs:    360721829  IOPS:   344301  Throughput:  1344.9 MB/s  Total: 1376.04 GB
[ 1048.3s] IOs:    360822679  IOPS:   344184  Throughput:  1344.5 MB/s  Total: 1376.43 GB
[ 1049.5s] IOs:    360923623  IOPS:   343915  Throughput:  1343.4 MB/s  Total: 1376.81 GB
[ 1050.2s] IOs:    361024327  IOPS:   343762  Throughput:  1342.8 MB/s  Total: 1377.20 GB
[ 1051.2s] IOs:    361124360  IOPS:   343530  Throughput:  1341.9 MB/s  Total: 1377.58 GB
[ 1052.2s] IOs:    361225008  IOPS:   343304  Throughput:  1341.0 MB/s  Total: 1377.96 GB
[ 1053.0s] IOs:    361325688  IOPS:   343128  Throughput:  1340.3 MB/s  Total: 1378.35 GB
[ 1053.8s] IOs:    361426149  IOPS:   342972  Throughput:  1339.7 MB/s  Total: 1378.73 GB
[ 1054.4s] IOs:    361527096  IOPS:   342868  Throughput:  1339.3 MB/s  Total: 1379.12 GB
[ 1055.1s] IOs:    361627562  IOPS:   342729  Throughput:  1338.8 MB/s  Total: 1379.50 GB
[ 1055.7s] IOs:    361728353  IOPS:   342648  Throughput:  1338.5 MB/s  Total: 1379.88 GB
[ 1056.3s] IOs:    361828933  IOPS:   342535  Throughput:  1338.0 MB/s  Total: 1380.27 GB
[ 1056.8s] IOs:    361929452  IOPS:   342488  Throughput:  1337.8 MB/s  Total: 1380.65 GB
[ 1057.5s] IOs:    362030269  IOPS:   342334  Throughput:  1337.2 MB/s  Total: 1381.04 GB
[ 1058.2s] IOs:    362131047  IOPS:   342203  Throughput:  1336.7 MB/s  Total: 1381.42 GB
[ 1058.6s] IOs:    362232050  IOPS:   342182  Throughput:  1336.7 MB/s  Total: 1381.81 GB
[ 1059.2s] IOs:    362332783  IOPS:   342070  Throughput:  1336.2 MB/s  Total: 1382.19 GB
[ 1059.7s] IOs:    362433697  IOPS:   342019  Throughput:  1336.0 MB/s  Total: 1382.57 GB
[ 1060.3s] IOs:    362534175  IOPS:   341924  Throughput:  1335.6 MB/s  Total: 1382.96 GB
[ 1060.6s] IOs:    362634794  IOPS:   341902  Throughput:  1335.6 MB/s  Total: 1383.34 GB
[ 1061.2s] IOs:    362734994  IOPS:   341829  Throughput:  1335.3 MB/s  Total: 1383.72 GB
[ 1061.5s] IOs:    362835561  IOPS:   341803  Throughput:  1335.2 MB/s  Total: 1384.11 GB
[ 1061.8s] IOs:    362936118  IOPS:   341825  Throughput:  1335.3 MB/s  Total: 1384.49 GB
[ 1062.3s] IOs:    363036798  IOPS:   341737  Throughput:  1334.9 MB/s  Total: 1384.88 GB
[ 1062.6s] IOs:    363137688  IOPS:   341733  Throughput:  1334.9 MB/s  Total: 1385.26 GB
[ 1063.1s] IOs:    363238336  IOPS:   341683  Throughput:  1334.7 MB/s  Total: 1385.64 GB
[ 1063.6s] IOs:    363339103  IOPS:   341616  Throughput:  1334.4 MB/s  Total: 1386.03 GB
[ 1064.1s] IOs:    363440026  IOPS:   341534  Throughput:  1334.1 MB/s  Total: 1386.41 GB
[ 1064.7s] IOs:    363540721  IOPS:   341455  Throughput:  1333.8 MB/s  Total: 1386.80 GB
[ 1065.2s] IOs:    363641491  IOPS:   341393  Throughput:  1333.6 MB/s  Total: 1387.18 GB
[ 1065.7s] IOs:    363742221  IOPS:   341322  Throughput:  1333.3 MB/s  Total: 1387.57 GB
[ 1066.4s] IOs:    363842439  IOPS:   341192  Throughput:  1332.8 MB/s  Total: 1387.95 GB
[ 1066.6s] IOs:    363943002  IOPS:   341214  Throughput:  1332.9 MB/s  Total: 1388.33 GB
[ 1067.2s] IOs:    364043720  IOPS:   341132  Throughput:  1332.5 MB/s  Total: 1388.72 GB
[ 1067.8s] IOs:    364144243  IOPS:   341028  Throughput:  1332.1 MB/s  Total: 1389.10 GB
[ 1068.1s] IOs:    364244285  IOPS:   341029  Throughput:  1332.1 MB/s  Total: 1389.48 GB
[ 1068.6s] IOs:    364344954  IOPS:   340958  Throughput:  1331.9 MB/s  Total: 1389.87 GB
[ 1069.0s] IOs:    364445072  IOPS:   340908  Throughput:  1331.7 MB/s  Total: 1390.25 GB
[ 1069.3s] IOs:    364545655  IOPS:   340929  Throughput:  1331.8 MB/s  Total: 1390.63 GB
[ 1069.8s] IOs:    364646370  IOPS:   340843  Throughput:  1331.4 MB/s  Total: 1391.02 GB
[ 1070.4s] IOs:    364746588  IOPS:   340764  Throughput:  1331.1 MB/s  Total: 1391.40 GB
[ 1070.9s] IOs:    364846976  IOPS:   340681  Throughput:  1330.8 MB/s  Total: 1391.78 GB
[ 1071.6s] IOs:    364947456  IOPS:   340569  Throughput:  1330.3 MB/s  Total: 1392.16 GB
[Reader] Parsed 59000000 lines, distributed 365010173 writes, unique 429.60 GB, skipped 0
[ 1071.9s] IOs:    365048175  IOPS:   340577  Throughput:  1330.4 MB/s  Total: 1392.55 GB
[ 1072.5s] IOs:    365149140  IOPS:   340468  Throughput:  1330.0 MB/s  Total: 1392.93 GB
[ 1073.1s] IOs:    365249477  IOPS:   340368  Throughput:  1329.6 MB/s  Total: 1393.32 GB
[ 1073.4s] IOs:    365350406  IOPS:   340366  Throughput:  1329.6 MB/s  Total: 1393.70 GB
[ 1073.9s] IOs:    365451405  IOPS:   340289  Throughput:  1329.3 MB/s  Total: 1394.09 GB
[ 1074.4s] IOs:    365552005  IOPS:   340237  Throughput:  1329.1 MB/s  Total: 1394.47 GB
[ 1074.8s] IOs:    365652685  IOPS:   340196  Throughput:  1328.9 MB/s  Total: 1394.85 GB
[ 1075.3s] IOs:    365753703  IOPS:   340151  Throughput:  1328.7 MB/s  Total: 1395.24 GB
[ 1075.7s] IOs:    365854551  IOPS:   340117  Throughput:  1328.6 MB/s  Total: 1395.62 GB
[ 1076.0s] IOs:    365955021  IOPS:   340092  Throughput:  1328.5 MB/s  Total: 1396.01 GB
[ 1076.6s] IOs:    366055377  IOPS:   339996  Throughput:  1328.1 MB/s  Total: 1396.39 GB
[ 1077.2s] IOs:    366155968  IOPS:   339906  Throughput:  1327.8 MB/s  Total: 1396.77 GB
[ 1078.3s] IOs:    366256620  IOPS:   339661  Throughput:  1326.8 MB/s  Total: 1397.16 GB
[ 1079.5s] IOs:    366356823  IOPS:   339362  Throughput:  1325.6 MB/s  Total: 1397.54 GB
[ 1080.4s] IOs:    366457390  IOPS:   339180  Throughput:  1324.9 MB/s  Total: 1397.92 GB
[ 1081.3s] IOs:    366558305  IOPS:   338991  Throughput:  1324.2 MB/s  Total: 1398.31 GB
[ 1082.3s] IOs:    366659027  IOPS:   338783  Throughput:  1323.4 MB/s  Total: 1398.69 GB
[ 1082.9s] IOs:    366759848  IOPS:   338693  Throughput:  1323.0 MB/s  Total: 1399.08 GB
[ 1083.8s] IOs:    366860673  IOPS:   338485  Throughput:  1322.2 MB/s  Total: 1399.46 GB
[ 1084.4s] IOs:    366961517  IOPS:   338403  Throughput:  1321.9 MB/s  Total: 1399.85 GB
[ 1085.0s] IOs:    367062448  IOPS:   338321  Throughput:  1321.6 MB/s  Total: 1400.23 GB
[ 1085.7s] IOs:    367163208  IOPS:   338189  Throughput:  1321.0 MB/s  Total: 1400.62 GB
[ 1086.3s] IOs:    367263992  IOPS:   338081  Throughput:  1320.6 MB/s  Total: 1401.00 GB
[ 1086.8s] IOs:    367364490  IOPS:   338020  Throughput:  1320.4 MB/s  Total: 1401.38 GB
[ 1087.3s] IOs:    367464748  IOPS:   337974  Throughput:  1320.2 MB/s  Total: 1401.77 GB
[ 1087.8s] IOs:    367565734  IOPS:   337914  Throughput:  1320.0 MB/s  Total: 1402.15 GB
[ 1088.2s] IOs:    367666135  IOPS:   337864  Throughput:  1319.8 MB/s  Total: 1402.53 GB
[ 1088.5s] IOs:    367766568  IOPS:   337876  Throughput:  1319.8 MB/s  Total: 1402.92 GB
[ 1088.7s] IOs:    367867284  IOPS:   337891  Throughput:  1319.9 MB/s  Total: 1403.30 GB
[ 1089.0s] IOs:    367967759  IOPS:   337893  Throughput:  1319.9 MB/s  Total: 1403.69 GB
[ 1089.3s] IOs:    368068011  IOPS:   337897  Throughput:  1319.9 MB/s  Total: 1404.07 GB
[ 1089.5s] IOs:    368168114  IOPS:   337919  Throughput:  1320.0 MB/s  Total: 1404.45 GB
[ 1089.9s] IOs:    368268621  IOPS:   337888  Throughput:  1319.9 MB/s  Total: 1404.83 GB
[ 1090.3s] IOs:    368369038  IOPS:   337867  Throughput:  1319.8 MB/s  Total: 1405.22 GB
[ 1090.5s] IOs:    368469778  IOPS:   337877  Throughput:  1319.8 MB/s  Total: 1405.60 GB
[ 1090.9s] IOs:    368570188  IOPS:   337874  Throughput:  1319.8 MB/s  Total: 1405.98 GB
[ 1091.2s] IOs:    368670700  IOPS:   337854  Throughput:  1319.7 MB/s  Total: 1406.37 GB
[ 1091.4s] IOs:    368771241  IOPS:   337875  Throughput:  1319.8 MB/s  Total: 1406.75 GB
[ 1091.8s] IOs:    368871700  IOPS:   337852  Throughput:  1319.7 MB/s  Total: 1407.13 GB
[ 1092.1s] IOs:    368972348  IOPS:   337870  Throughput:  1319.8 MB/s  Total: 1407.52 GB
[ 1093.0s] IOs:    369072819  IOPS:   337682  Throughput:  1319.1 MB/s  Total: 1407.90 GB
[ 1093.8s] IOs:    369173322  IOPS:   337500  Throughput:  1318.4 MB/s  Total: 1408.28 GB
[ 1094.4s] IOs:    369274071  IOPS:   337431  Throughput:  1318.1 MB/s  Total: 1408.67 GB
[ 1095.4s] IOs:    369374840  IOPS:   337219  Throughput:  1317.3 MB/s  Total: 1409.05 GB
[ 1096.2s] IOs:    369475665  IOPS:   337054  Throughput:  1316.6 MB/s  Total: 1409.44 GB
[ 1097.5s] IOs:    369576202  IOPS:   336738  Throughput:  1315.4 MB/s  Total: 1409.82 GB
[ 1098.3s] IOs:    369676713  IOPS:   336579  Throughput:  1314.8 MB/s  Total: 1410.20 GB
[ 1099.3s] IOs:    369777247  IOPS:   336381  Throughput:  1314.0 MB/s  Total: 1410.59 GB
[ 1100.2s] IOs:    369877674  IOPS:   336190  Throughput:  1313.2 MB/s  Total: 1410.97 GB
[ 1101.1s] IOs:    369978245  IOPS:   336022  Throughput:  1312.6 MB/s  Total: 1411.35 GB
[ 1101.8s] IOs:    370078362  IOPS:   335897  Throughput:  1312.1 MB/s  Total: 1411.74 GB
[ 1102.6s] IOs:    370178463  IOPS:   335721  Throughput:  1311.4 MB/s  Total: 1412.12 GB
[ 1103.3s] IOs:    370279107  IOPS:   335603  Throughput:  1310.9 MB/s  Total: 1412.50 GB
[ 1104.1s] IOs:    370379652  IOPS:   335464  Throughput:  1310.4 MB/s  Total: 1412.89 GB
[ 1104.8s] IOs:    370480213  IOPS:   335344  Throughput:  1309.9 MB/s  Total: 1413.27 GB
[ 1105.5s] IOs:    370581090  IOPS:   335219  Throughput:  1309.4 MB/s  Total: 1413.65 GB
[ 1106.1s] IOs:    370681712  IOPS:   335125  Throughput:  1309.1 MB/s  Total: 1414.04 GB
[ 1106.4s] IOs:    370782535  IOPS:   335123  Throughput:  1309.1 MB/s  Total: 1414.42 GB
[ 1107.1s] IOs:    370883300  IOPS:   335006  Throughput:  1308.6 MB/s  Total: 1414.81 GB
[ 1107.5s] IOs:    370984072  IOPS:   334989  Throughput:  1308.6 MB/s  Total: 1415.19 GB
[ 1108.2s] IOs:    371084959  IOPS:   334867  Throughput:  1308.1 MB/s  Total: 1415.58 GB
[ 1108.4s] IOs:    371185421  IOPS:   334887  Throughput:  1308.2 MB/s  Total: 1415.96 GB
[ 1109.1s] IOs:    371286109  IOPS:   334770  Throughput:  1307.7 MB/s  Total: 1416.34 GB
[ 1109.4s] IOs:    371386406  IOPS:   334772  Throughput:  1307.7 MB/s  Total: 1416.73 GB
[ 1110.1s] IOs:    371486888  IOPS:   334642  Throughput:  1307.2 MB/s  Total: 1417.11 GB
[ 1111.3s] IOs:    371587246  IOPS:   334372  Throughput:  1306.1 MB/s  Total: 1417.49 GB
[ 1112.9s] IOs:    371688029  IOPS:   333977  Throughput:  1304.6 MB/s  Total: 1417.88 GB
[ 1114.3s] IOs:    371788032  IOPS:   333658  Throughput:  1303.4 MB/s  Total: 1418.26 GB
[ 1115.3s] IOs:    371888961  IOPS:   333436  Throughput:  1302.5 MB/s  Total: 1418.64 GB
[ 1116.3s] IOs:    371989915  IOPS:   333221  Throughput:  1301.6 MB/s  Total: 1419.03 GB
[ 1117.5s] IOs:    372090876  IOPS:   332969  Throughput:  1300.7 MB/s  Total: 1419.41 GB
[ 1118.5s] IOs:    372191804  IOPS:   332757  Throughput:  1299.8 MB/s  Total: 1419.80 GB
[ 1119.3s] IOs:    372292616  IOPS:   332614  Throughput:  1299.3 MB/s  Total: 1420.18 GB
[ 1119.9s] IOs:    372393261  IOPS:   332532  Throughput:  1299.0 MB/s  Total: 1420.57 GB
[ 1120.8s] IOs:    372494144  IOPS:   332340  Throughput:  1298.2 MB/s  Total: 1420.95 GB
[ 1122.0s] IOs:    372594993  IOPS:   332074  Throughput:  1297.2 MB/s  Total: 1421.34 GB
[ 1122.9s] IOs:    372695724  IOPS:   331898  Throughput:  1296.5 MB/s  Total: 1421.72 GB
[ 1123.9s] IOs:    372796280  IOPS:   331696  Throughput:  1295.7 MB/s  Total: 1422.10 GB
[ 1124.5s] IOs:    372897046  IOPS:   331608  Throughput:  1295.3 MB/s  Total: 1422.49 GB
[ 1125.3s] IOs:    372997787  IOPS:   331465  Throughput:  1294.8 MB/s  Total: 1422.87 GB
[ 1126.1s] IOs:    373098099  IOPS:   331329  Throughput:  1294.3 MB/s  Total: 1423.26 GB
[ 1126.9s] IOs:    373198950  IOPS:   331184  Throughput:  1293.7 MB/s  Total: 1423.64 GB
[ 1127.5s] IOs:    373299639  IOPS:   331076  Throughput:  1293.3 MB/s  Total: 1424.03 GB
[ 1128.3s] IOs:    373400241  IOPS:   330950  Throughput:  1292.8 MB/s  Total: 1424.41 GB
[ 1128.8s] IOs:    373500924  IOPS:   330871  Throughput:  1292.5 MB/s  Total: 1424.79 GB
[ 1129.4s] IOs:    373601377  IOPS:   330809  Throughput:  1292.2 MB/s  Total: 1425.18 GB
[ 1130.1s] IOs:    373702059  IOPS:   330693  Throughput:  1291.8 MB/s  Total: 1425.56 GB
[ 1130.6s] IOs:    373803003  IOPS:   330610  Throughput:  1291.4 MB/s  Total: 1425.95 GB
[ 1131.1s] IOs:    373903489  IOPS:   330573  Throughput:  1291.3 MB/s  Total: 1426.33 GB
[ 1131.9s] IOs:    374004169  IOPS:   330413  Throughput:  1290.7 MB/s  Total: 1426.71 GB
[ 1132.4s] IOs:    374104608  IOPS:   330368  Throughput:  1290.5 MB/s  Total: 1427.10 GB
[ 1133.2s] IOs:    374205569  IOPS:   330233  Throughput:  1290.0 MB/s  Total: 1427.48 GB
[ 1133.9s] IOs:    374306064  IOPS:   330108  Throughput:  1289.5 MB/s  Total: 1427.86 GB
[ 1134.9s] IOs:    374406832  IOPS:   329912  Throughput:  1288.7 MB/s  Total: 1428.25 GB
[ 1136.0s] IOs:    374507096  IOPS:   329681  Throughput:  1287.8 MB/s  Total: 1428.63 GB
[ 1137.0s] IOs:    374608002  IOPS:   329481  Throughput:  1287.0 MB/s  Total: 1429.02 GB
[ 1138.0s] IOs:    374708773  IOPS:   329278  Throughput:  1286.2 MB/s  Total: 1429.40 GB
[ 1138.9s] IOs:    374808860  IOPS:   329092  Throughput:  1285.5 MB/s  Total: 1429.78 GB
[ 1139.5s] IOs:    374909525  IOPS:   329008  Throughput:  1285.2 MB/s  Total: 1430.17 GB
[ 1140.4s] IOs:    375010204  IOPS:   328845  Throughput:  1284.5 MB/s  Total: 1430.55 GB
[ 1141.2s] IOs:    375110964  IOPS:   328701  Throughput:  1284.0 MB/s  Total: 1430.93 GB
[ 1142.2s] IOs:    375211747  IOPS:   328496  Throughput:  1283.2 MB/s  Total: 1431.32 GB
[ 1143.4s] IOs:    375312267  IOPS:   328245  Throughput:  1282.2 MB/s  Total: 1431.70 GB
[Reader] Parsed 60000000 lines, distributed 375340565 writes, unique 447.19 GB, skipped 0
[ 1144.8s] IOs:    375413057  IOPS:   327934  Throughput:  1281.0 MB/s  Total: 1432.09 GB
[ 1145.9s] IOs:    375513940  IOPS:   327714  Throughput:  1280.1 MB/s  Total: 1432.47 GB
[ 1146.8s] IOs:    375614783  IOPS:   327523  Throughput:  1279.4 MB/s  Total: 1432.86 GB
[ 1147.8s] IOs:    375715602  IOPS:   327338  Throughput:  1278.7 MB/s  Total: 1433.24 GB
[ 1148.5s] IOs:    375816512  IOPS:   327219  Throughput:  1278.2 MB/s  Total: 1433.63 GB
[ 1149.4s] IOs:    375916656  IOPS:   327061  Throughput:  1277.6 MB/s  Total: 1434.01 GB
[ 1150.3s] IOs:    376016940  IOPS:   326897  Throughput:  1276.9 MB/s  Total: 1434.39 GB
[ 1151.1s] IOs:    376117567  IOPS:   326758  Throughput:  1276.4 MB/s  Total: 1434.77 GB
[ 1151.9s] IOs:    376218429  IOPS:   326596  Throughput:  1275.8 MB/s  Total: 1435.16 GB
[ 1152.9s] IOs:    376318832  IOPS:   326397  Throughput:  1275.0 MB/s  Total: 1435.54 GB
[ 1153.5s] IOs:    376419703  IOPS:   326321  Throughput:  1274.7 MB/s  Total: 1435.93 GB
[ 1154.5s] IOs:    376520315  IOPS:   326133  Throughput:  1274.0 MB/s  Total: 1436.31 GB
[ 1154.9s] IOs:    376620947  IOPS:   326095  Throughput:  1273.8 MB/s  Total: 1436.69 GB
[ 1155.5s] IOs:    376721441  IOPS:   326015  Throughput:  1273.5 MB/s  Total: 1437.08 GB
[ 1156.1s] IOs:    376822005  IOPS:   325930  Throughput:  1273.2 MB/s  Total: 1437.46 GB
[ 1156.5s] IOs:    376922329  IOPS:   325906  Throughput:  1273.1 MB/s  Total: 1437.84 GB
[ 1157.3s] IOs:    377022627  IOPS:   325779  Throughput:  1272.6 MB/s  Total: 1438.23 GB
[ 1157.8s] IOs:    377123264  IOPS:   325722  Throughput:  1272.4 MB/s  Total: 1438.61 GB
[ 1158.3s] IOs:    377224224  IOPS:   325675  Throughput:  1272.2 MB/s  Total: 1439.00 GB
[ 1158.6s] IOs:    377324879  IOPS:   325671  Throughput:  1272.2 MB/s  Total: 1439.38 GB
[ 1159.3s] IOs:    377425707  IOPS:   325561  Throughput:  1271.7 MB/s  Total: 1439.76 GB
[ 1159.9s] IOs:    377526268  IOPS:   325488  Throughput:  1271.4 MB/s  Total: 1440.15 GB
[ 1160.6s] IOs:    377626392  IOPS:   325385  Throughput:  1271.0 MB/s  Total: 1440.53 GB
[ 1160.9s] IOs:    377727036  IOPS:   325374  Throughput:  1271.0 MB/s  Total: 1440.91 GB
[ 1161.5s] IOs:    377827709  IOPS:   325292  Throughput:  1270.7 MB/s  Total: 1441.30 GB
[ 1162.0s] IOs:    377928185  IOPS:   325234  Throughput:  1270.4 MB/s  Total: 1441.68 GB
[ 1162.6s] IOs:    378029165  IOPS:   325157  Throughput:  1270.1 MB/s  Total: 1442.07 GB
[ 1163.1s] IOs:    378129291  IOPS:   325107  Throughput:  1269.9 MB/s  Total: 1442.45 GB
[ 1163.6s] IOs:    378230070  IOPS:   325054  Throughput:  1269.7 MB/s  Total: 1442.83 GB
[ 1164.2s] IOs:    378330751  IOPS:   324983  Throughput:  1269.5 MB/s  Total: 1443.22 GB
[ 1164.6s] IOs:    378431633  IOPS:   324933  Throughput:  1269.3 MB/s  Total: 1443.60 GB
[ 1165.2s] IOs:    378532493  IOPS:   324877  Throughput:  1269.1 MB/s  Total: 1443.99 GB
[ 1165.6s] IOs:    378633192  IOPS:   324827  Throughput:  1268.9 MB/s  Total: 1444.37 GB
[ 1166.2s] IOs:    378733794  IOPS:   324767  Throughput:  1268.6 MB/s  Total: 1444.75 GB
[ 1166.6s] IOs:    378834327  IOPS:   324747  Throughput:  1268.5 MB/s  Total: 1445.14 GB
[ 1167.1s] IOs:    378935184  IOPS:   324673  Throughput:  1268.3 MB/s  Total: 1445.52 GB
[ 1167.4s] IOs:    379036137  IOPS:   324680  Throughput:  1268.3 MB/s  Total: 1445.91 GB
[ 1167.9s] IOs:    379136706  IOPS:   324642  Throughput:  1268.1 MB/s  Total: 1446.29 GB
[ 1168.2s] IOs:    379237444  IOPS:   324635  Throughput:  1268.1 MB/s  Total: 1446.68 GB
[ 1168.6s] IOs:    379338340  IOPS:   324617  Throughput:  1268.0 MB/s  Total: 1447.06 GB
[ 1168.9s] IOs:    379439161  IOPS:   324615  Throughput:  1268.0 MB/s  Total: 1447.45 GB
[ 1169.2s] IOs:    379539600  IOPS:   324623  Throughput:  1268.1 MB/s  Total: 1447.83 GB
[ 1169.5s] IOs:    379639813  IOPS:   324617  Throughput:  1268.0 MB/s  Total: 1448.21 GB
[ 1169.9s] IOs:    379740762  IOPS:   324594  Throughput:  1267.9 MB/s  Total: 1448.60 GB
[ 1170.2s] IOs:    379841424  IOPS:   324595  Throughput:  1267.9 MB/s  Total: 1448.98 GB
[ 1170.8s] IOs:    379941700  IOPS:   324504  Throughput:  1267.6 MB/s  Total: 1449.36 GB
[ 1171.4s] IOs:    380042321  IOPS:   324423  Throughput:  1267.3 MB/s  Total: 1449.75 GB
[ 1172.1s] IOs:    380142649  IOPS:   324325  Throughput:  1266.9 MB/s  Total: 1450.13 GB
[ 1172.7s] IOs:    380243582  IOPS:   324258  Throughput:  1266.6 MB/s  Total: 1450.51 GB
[ 1173.3s] IOs:    380344257  IOPS:   324153  Throughput:  1266.2 MB/s  Total: 1450.90 GB
[ 1173.9s] IOs:    380444727  IOPS:   324081  Throughput:  1265.9 MB/s  Total: 1451.28 GB
[ 1174.4s] IOs:    380545171  IOPS:   324045  Throughput:  1265.8 MB/s  Total: 1451.66 GB
[ 1175.0s] IOs:    380646105  IOPS:   323966  Throughput:  1265.5 MB/s  Total: 1452.05 GB
[ 1175.5s] IOs:    380746718  IOPS:   323905  Throughput:  1265.3 MB/s  Total: 1452.43 GB
[ 1176.2s] IOs:    380847323  IOPS:   323799  Throughput:  1264.8 MB/s  Total: 1452.82 GB
[ 1176.9s] IOs:    380948034  IOPS:   323683  Throughput:  1264.4 MB/s  Total: 1453.20 GB
[ 1177.5s] IOs:    381048461  IOPS:   323611  Throughput:  1264.1 MB/s  Total: 1453.58 GB
[ 1177.9s] IOs:    381149029  IOPS:   323576  Throughput:  1264.0 MB/s  Total: 1453.97 GB
[ 1178.6s] IOs:    381249916  IOPS:   323472  Throughput:  1263.6 MB/s  Total: 1454.35 GB
[ 1179.0s] IOs:    381350525  IOPS:   323463  Throughput:  1263.5 MB/s  Total: 1454.74 GB
[ 1179.5s] IOs:    381451491  IOPS:   323396  Throughput:  1263.3 MB/s  Total: 1455.12 GB
[ 1179.9s] IOs:    381552032  IOPS:   323373  Throughput:  1263.2 MB/s  Total: 1455.51 GB
[ 1180.7s] IOs:    381652634  IOPS:   323247  Throughput:  1262.7 MB/s  Total: 1455.89 GB
[ 1181.0s] IOs:    381752979  IOPS:   323244  Throughput:  1262.7 MB/s  Total: 1456.27 GB
[ 1181.5s] IOs:    381853826  IOPS:   323183  Throughput:  1262.4 MB/s  Total: 1456.66 GB
[ 1182.2s] IOs:    381954615  IOPS:   323095  Throughput:  1262.1 MB/s  Total: 1457.04 GB
[ 1182.6s] IOs:    382055093  IOPS:   323073  Throughput:  1262.0 MB/s  Total: 1457.42 GB
[ 1183.1s] IOs:    382155234  IOPS:   323019  Throughput:  1261.8 MB/s  Total: 1457.81 GB
[ 1183.6s] IOs:    382255993  IOPS:   322970  Throughput:  1261.6 MB/s  Total: 1458.19 GB
[ 1184.1s] IOs:    382356507  IOPS:   322917  Throughput:  1261.4 MB/s  Total: 1458.57 GB
[ 1184.8s] IOs:    382456978  IOPS:   322813  Throughput:  1261.0 MB/s  Total: 1458.96 GB
[ 1185.0s] IOs:    382557080  IOPS:   322825  Throughput:  1261.0 MB/s  Total: 1459.34 GB
[ 1185.7s] IOs:    382657740  IOPS:   322737  Throughput:  1260.7 MB/s  Total: 1459.72 GB
[ 1186.1s] IOs:    382758419  IOPS:   322692  Throughput:  1260.5 MB/s  Total: 1460.11 GB
[ 1186.6s] IOs:    382858953  IOPS:   322647  Throughput:  1260.3 MB/s  Total: 1460.49 GB
[ 1187.2s] IOs:    382959714  IOPS:   322566  Throughput:  1260.0 MB/s  Total: 1460.88 GB
[ 1187.6s] IOs:    383060404  IOPS:   322551  Throughput:  1260.0 MB/s  Total: 1461.26 GB
[ 1188.2s] IOs:    383161256  IOPS:   322472  Throughput:  1259.7 MB/s  Total: 1461.64 GB
[ 1188.5s] IOs:    383261968  IOPS:   322465  Throughput:  1259.6 MB/s  Total: 1462.03 GB
[ 1189.1s] IOs:    383362725  IOPS:   322394  Throughput:  1259.4 MB/s  Total: 1462.41 GB
[ 1189.4s] IOs:    383463352  IOPS:   322392  Throughput:  1259.3 MB/s  Total: 1462.80 GB
[ 1189.7s] IOs:    383564243  IOPS:   322398  Throughput:  1259.4 MB/s  Total: 1463.18 GB
[ 1190.1s] IOs:    383664326  IOPS:   322383  Throughput:  1259.3 MB/s  Total: 1463.56 GB
[ 1190.6s] IOs:    383764639  IOPS:   322329  Throughput:  1259.1 MB/s  Total: 1463.95 GB
[ 1191.0s] IOs:    383865331  IOPS:   322315  Throughput:  1259.0 MB/s  Total: 1464.33 GB
[ 1191.4s] IOs:    383966326  IOPS:   322273  Throughput:  1258.9 MB/s  Total: 1464.72 GB
[ 1191.7s] IOs:    384066877  IOPS:   322279  Throughput:  1258.9 MB/s  Total: 1465.10 GB
[ 1192.1s] IOs:    384167526  IOPS:   322267  Throughput:  1258.9 MB/s  Total: 1465.48 GB
[ 1192.7s] IOs:    384267873  IOPS:   322190  Throughput:  1258.6 MB/s  Total: 1465.87 GB
[ 1193.0s] IOs:    384368271  IOPS:   322194  Throughput:  1258.6 MB/s  Total: 1466.25 GB
[ 1193.3s] IOs:    384468733  IOPS:   322201  Throughput:  1258.6 MB/s  Total: 1466.63 GB
[ 1193.7s] IOs:    384569721  IOPS:   322158  Throughput:  1258.4 MB/s  Total: 1467.02 GB
[ 1194.0s] IOs:    384670121  IOPS:   322164  Throughput:  1258.5 MB/s  Total: 1467.40 GB
[ 1194.4s] IOs:    384770743  IOPS:   322138  Throughput:  1258.4 MB/s  Total: 1467.78 GB
[ 1194.7s] IOs:    384871552  IOPS:   322148  Throughput:  1258.4 MB/s  Total: 1468.17 GB
[ 1195.1s] IOs:    384972179  IOPS:   322129  Throughput:  1258.3 MB/s  Total: 1468.55 GB
[ 1195.4s] IOs:    385072908  IOPS:   322138  Throughput:  1258.4 MB/s  Total: 1468.94 GB
[ 1195.6s] IOs:    385173324  IOPS:   322149  Throughput:  1258.4 MB/s  Total: 1469.32 GB
[ 1196.2s] IOs:    385274051  IOPS:   322089  Throughput:  1258.2 MB/s  Total: 1469.70 GB
[ 1196.5s] IOs:    385374910  IOPS:   322079  Throughput:  1258.1 MB/s  Total: 1470.09 GB
[ 1196.8s] IOs:    385475644  IOPS:   322101  Throughput:  1258.2 MB/s  Total: 1470.47 GB
[ 1197.7s] IOs:    385575846  IOPS:   321924  Throughput:  1257.5 MB/s  Total: 1470.86 GB
[ 1198.8s] IOs:    385676740  IOPS:   321714  Throughput:  1256.7 MB/s  Total: 1471.24 GB
[ 1199.7s] IOs:    385777604  IOPS:   321569  Throughput:  1256.1 MB/s  Total: 1471.62 GB
[ 1200.6s] IOs:    385877647  IOPS:   321416  Throughput:  1255.5 MB/s  Total: 1472.01 GB
[ 1201.3s] IOs:    385978419  IOPS:   321290  Throughput:  1255.0 MB/s  Total: 1472.39 GB
[ 1201.7s] IOs:    386079311  IOPS:   321287  Throughput:  1255.0 MB/s  Total: 1472.78 GB
[ 1202.7s] IOs:    386179596  IOPS:   321085  Throughput:  1254.2 MB/s  Total: 1473.16 GB
[ 1203.1s] IOs:    386280548  IOPS:   321064  Throughput:  1254.2 MB/s  Total: 1473.54 GB
[ 1203.7s] IOs:    386381515  IOPS:   320986  Throughput:  1253.9 MB/s  Total: 1473.93 GB
[ 1204.3s] IOs:    386482135  IOPS:   320931  Throughput:  1253.6 MB/s  Total: 1474.31 GB
[ 1204.8s] IOs:    386583140  IOPS:   320866  Throughput:  1253.4 MB/s  Total: 1474.70 GB
[ 1205.3s] IOs:    386683813  IOPS:   320813  Throughput:  1253.2 MB/s  Total: 1475.08 GB
[ 1205.7s] IOs:    386784481  IOPS:   320797  Throughput:  1253.1 MB/s  Total: 1475.47 GB
[ 1206.3s] IOs:    386884600  IOPS:   320725  Throughput:  1252.8 MB/s  Total: 1475.85 GB
[ 1206.7s] IOs:    386985374  IOPS:   320698  Throughput:  1252.7 MB/s  Total: 1476.23 GB
[ 1207.2s] IOs:    387085866  IOPS:   320658  Throughput:  1252.6 MB/s  Total: 1476.62 GB
[ 1207.6s] IOs:    387185878  IOPS:   320636  Throughput:  1252.5 MB/s  Total: 1477.00 GB
[ 1208.0s] IOs:    387286450  IOPS:   320612  Throughput:  1252.4 MB/s  Total: 1477.38 GB
[ 1208.3s] IOs:    387387275  IOPS:   320594  Throughput:  1252.3 MB/s  Total: 1477.77 GB
[Reader] Parsed 61000000 lines, distributed 387455755 writes, unique 469.38 GB, skipped 0
[ 1208.6s] IOs:    387487560  IOPS:   320601  Throughput:  1252.3 MB/s  Total: 1478.15 GB
[ 1209.1s] IOs:    387587929  IOPS:   320552  Throughput:  1252.2 MB/s  Total: 1478.53 GB
[ 1209.4s] IOs:    387688535  IOPS:   320570  Throughput:  1252.2 MB/s  Total: 1478.91 GB
[ 1209.6s] IOs:    387789088  IOPS:   320581  Throughput:  1252.3 MB/s  Total: 1479.30 GB
[ 1210.0s] IOs:    387889746  IOPS:   320566  Throughput:  1252.2 MB/s  Total: 1479.68 GB
[ 1210.4s] IOs:    387990391  IOPS:   320556  Throughput:  1252.2 MB/s  Total: 1480.07 GB
[ 1210.6s] IOs:    388090889  IOPS:   320568  Throughput:  1252.2 MB/s  Total: 1480.45 GB
[ 1211.7s] IOs:    388191321  IOPS:   320382  Throughput:  1251.5 MB/s  Total: 1480.83 GB
[ 1211.9s] IOs:    388291961  IOPS:   320398  Throughput:  1251.6 MB/s  Total: 1481.22 GB
[ 1212.5s] IOs:    388392056  IOPS:   320316  Throughput:  1251.2 MB/s  Total: 1481.60 GB
[ 1213.4s] IOs:    388492772  IOPS:   320175  Throughput:  1250.7 MB/s  Total: 1481.98 GB
[ 1213.9s] IOs:    388593701  IOPS:   320128  Throughput:  1250.5 MB/s  Total: 1482.37 GB
[ 1214.4s] IOs:    388694484  IOPS:   320083  Throughput:  1250.3 MB/s  Total: 1482.75 GB
[ 1214.9s] IOs:    388795316  IOPS:   320029  Throughput:  1250.1 MB/s  Total: 1483.14 GB
[ 1215.6s] IOs:    388895810  IOPS:   319917  Throughput:  1249.7 MB/s  Total: 1483.52 GB
[ 1215.9s] IOs:    388996494  IOPS:   319929  Throughput:  1249.7 MB/s  Total: 1483.90 GB
[ 1216.6s] IOs:    389097111  IOPS:   319812  Throughput:  1249.3 MB/s  Total: 1484.29 GB
[ 1217.0s] IOs:    389197994  IOPS:   319792  Throughput:  1249.2 MB/s  Total: 1484.67 GB
[ 1217.8s] IOs:    389298998  IOPS:   319668  Throughput:  1248.7 MB/s  Total: 1485.06 GB
[ 1218.4s] IOs:    389399892  IOPS:   319611  Throughput:  1248.5 MB/s  Total: 1485.44 GB
[ 1218.8s] IOs:    389500434  IOPS:   319576  Throughput:  1248.3 MB/s  Total: 1485.83 GB
[ 1219.3s] IOs:    389600973  IOPS:   319534  Throughput:  1248.2 MB/s  Total: 1486.21 GB
[ 1219.6s] IOs:    389701531  IOPS:   319531  Throughput:  1248.2 MB/s  Total: 1486.59 GB
[ 1220.3s] IOs:    389802066  IOPS:   319430  Throughput:  1247.8 MB/s  Total: 1486.98 GB
[ 1220.9s] IOs:    389902420  IOPS:   319359  Throughput:  1247.5 MB/s  Total: 1487.36 GB
[ 1221.4s] IOs:    390002889  IOPS:   319318  Throughput:  1247.3 MB/s  Total: 1487.74 GB
[ 1221.9s] IOs:    390103822  IOPS:   319257  Throughput:  1247.1 MB/s  Total: 1488.13 GB
[ 1222.5s] IOs:    390204454  IOPS:   319175  Throughput:  1246.8 MB/s  Total: 1488.51 GB
[ 1223.0s] IOs:    390305132  IOPS:   319135  Throughput:  1246.6 MB/s  Total: 1488.90 GB
[ 1223.4s] IOs:    390405577  IOPS:   319117  Throughput:  1246.6 MB/s  Total: 1489.28 GB
[ 1224.0s] IOs:    390506557  IOPS:   319046  Throughput:  1246.3 MB/s  Total: 1489.66 GB
[ 1224.3s] IOs:    390607520  IOPS:   319034  Throughput:  1246.2 MB/s  Total: 1490.05 GB
[ 1225.1s] IOs:    390707935  IOPS:   318918  Throughput:  1245.8 MB/s  Total: 1490.43 GB
[ 1225.4s] IOs:    390808260  IOPS:   318934  Throughput:  1245.8 MB/s  Total: 1490.82 GB
[ 1226.0s] IOs:    390908629  IOPS:   318846  Throughput:  1245.5 MB/s  Total: 1491.20 GB
[ 1226.5s] IOs:    391009578  IOPS:   318789  Throughput:  1245.3 MB/s  Total: 1491.58 GB
[ 1227.3s] IOs:    391109930  IOPS:   318678  Throughput:  1244.8 MB/s  Total: 1491.97 GB
[ 1227.9s] IOs:    391210863  IOPS:   318607  Throughput:  1244.6 MB/s  Total: 1492.35 GB
[ 1228.4s] IOs:    391311605  IOPS:   318550  Throughput:  1244.3 MB/s  Total: 1492.74 GB
[ 1228.9s] IOs:    391412205  IOPS:   318494  Throughput:  1244.1 MB/s  Total: 1493.12 GB
[ 1229.4s] IOs:    391512665  IOPS:   318453  Throughput:  1244.0 MB/s  Total: 1493.50 GB
[ 1229.8s] IOs:    391613265  IOPS:   318435  Throughput:  1243.9 MB/s  Total: 1493.89 GB
[ 1230.3s] IOs:    391714141  IOPS:   318390  Throughput:  1243.7 MB/s  Total: 1494.27 GB
[ 1231.1s] IOs:    391814844  IOPS:   318268  Throughput:  1243.2 MB/s  Total: 1494.66 GB
[ 1231.4s] IOs:    391915752  IOPS:   318269  Throughput:  1243.2 MB/s  Total: 1495.04 GB
[ 1232.3s] IOs:    392015946  IOPS:   318117  Throughput:  1242.6 MB/s  Total: 1495.42 GB
[ 1232.9s] IOs:    392116774  IOPS:   318036  Throughput:  1242.3 MB/s  Total: 1495.81 GB
[ 1233.5s] IOs:    392217507  IOPS:   317981  Throughput:  1242.1 MB/s  Total: 1496.19 GB
[ 1234.0s] IOs:    392317911  IOPS:   317925  Throughput:  1241.9 MB/s  Total: 1496.57 GB
[ 1234.6s] IOs:    392418637  IOPS:   317854  Throughput:  1241.6 MB/s  Total: 1496.96 GB
[ 1235.1s] IOs:    392519178  IOPS:   317801  Throughput:  1241.4 MB/s  Total: 1497.34 GB
[ 1235.4s] IOs:    392619879  IOPS:   317804  Throughput:  1241.4 MB/s  Total: 1497.73 GB
[ 1236.1s] IOs:    392720374  IOPS:   317715  Throughput:  1241.1 MB/s  Total: 1498.11 GB
[ 1236.4s] IOs:    392821039  IOPS:   317713  Throughput:  1241.1 MB/s  Total: 1498.49 GB
[ 1236.9s] IOs:    392921423  IOPS:   317674  Throughput:  1240.9 MB/s  Total: 1498.88 GB
[ 1237.2s] IOs:    393021865  IOPS:   317671  Throughput:  1240.9 MB/s  Total: 1499.26 GB
[ 1237.7s] IOs:    393122297  IOPS:   317633  Throughput:  1240.8 MB/s  Total: 1499.64 GB
[ 1238.0s] IOs:    393222555  IOPS:   317617  Throughput:  1240.7 MB/s  Total: 1500.03 GB
[ 1238.4s] IOs:    393323161  IOPS:   317601  Throughput:  1240.6 MB/s  Total: 1500.41 GB
[ 1238.9s] IOs:    393423982  IOPS:   317569  Throughput:  1240.5 MB/s  Total: 1500.79 GB
[ 1239.1s] IOs:    393524622  IOPS:   317577  Throughput:  1240.5 MB/s  Total: 1501.18 GB
[ 1239.5s] IOs:    393625435  IOPS:   317567  Throughput:  1240.5 MB/s  Total: 1501.56 GB
[ 1240.1s] IOs:    393726218  IOPS:   317503  Throughput:  1240.2 MB/s  Total: 1501.95 GB
[ 1240.4s] IOs:    393826930  IOPS:   317510  Throughput:  1240.3 MB/s  Total: 1502.33 GB
[ 1240.6s] IOs:    393927411  IOPS:   317522  Throughput:  1240.3 MB/s  Total: 1502.71 GB
[ 1241.1s] IOs:    394028113  IOPS:   317490  Throughput:  1240.2 MB/s  Total: 1503.10 GB
[ 1241.5s] IOs:    394128637  IOPS:   317450  Throughput:  1240.0 MB/s  Total: 1503.48 GB
[ 1241.9s] IOs:    394228702  IOPS:   317436  Throughput:  1240.0 MB/s  Total: 1503.86 GB
[ 1242.3s] IOs:    394329202  IOPS:   317420  Throughput:  1239.9 MB/s  Total: 1504.25 GB
[ 1242.5s] IOs:    394430219  IOPS:   317440  Throughput:  1240.0 MB/s  Total: 1504.63 GB
[ 1243.1s] IOs:    394530800  IOPS:   317385  Throughput:  1239.8 MB/s  Total: 1505.02 GB
[ 1243.4s] IOs:    394631366  IOPS:   317378  Throughput:  1239.8 MB/s  Total: 1505.40 GB
[ 1243.7s] IOs:    394732095  IOPS:   317393  Throughput:  1239.8 MB/s  Total: 1505.78 GB
[ 1244.2s] IOs:    394832621  IOPS:   317341  Throughput:  1239.6 MB/s  Total: 1506.17 GB
[ 1244.5s] IOs:    394933123  IOPS:   317351  Throughput:  1239.7 MB/s  Total: 1506.55 GB
[ 1245.1s] IOs:    395033870  IOPS:   317258  Throughput:  1239.3 MB/s  Total: 1506.93 GB
[ 1245.4s] IOs:    395134386  IOPS:   317281  Throughput:  1239.4 MB/s  Total: 1507.32 GB
[ 1246.0s] IOs:    395234958  IOPS:   317213  Throughput:  1239.1 MB/s  Total: 1507.70 GB
[ 1246.3s] IOs:    395335634  IOPS:   317207  Throughput:  1239.1 MB/s  Total: 1508.09 GB
[ 1246.6s] IOs:    395436315  IOPS:   317212  Throughput:  1239.1 MB/s  Total: 1508.47 GB
[ 1247.0s] IOs:    395537276  IOPS:   317181  Throughput:  1239.0 MB/s  Total: 1508.85 GB
[ 1247.4s] IOs:    395637801  IOPS:   317171  Throughput:  1238.9 MB/s  Total: 1509.24 GB
[ 1247.8s] IOs:    395738617  IOPS:   317148  Throughput:  1238.9 MB/s  Total: 1509.62 GB
[ 1248.1s] IOs:    395839369  IOPS:   317152  Throughput:  1238.9 MB/s  Total: 1510.01 GB
[ 1248.5s] IOs:    395939872  IOPS:   317135  Throughput:  1238.8 MB/s  Total: 1510.39 GB
[ 1248.9s] IOs:    396040484  IOPS:   317121  Throughput:  1238.8 MB/s  Total: 1510.77 GB
[ 1249.2s] IOs:    396140922  IOPS:   317120  Throughput:  1238.8 MB/s  Total: 1511.16 GB
[ 1249.7s] IOs:    396241837  IOPS:   317069  Throughput:  1238.5 MB/s  Total: 1511.54 GB
[ 1250.0s] IOs:    396342603  IOPS:   317074  Throughput:  1238.6 MB/s  Total: 1511.93 GB
[ 1250.6s] IOs:    396443296  IOPS:   317014  Throughput:  1238.3 MB/s  Total: 1512.31 GB
[ 1250.9s] IOs:    396544114  IOPS:   317002  Throughput:  1238.3 MB/s  Total: 1512.70 GB
[ 1251.3s] IOs:    396645029  IOPS:   316983  Throughput:  1238.2 MB/s  Total: 1513.08 GB
[ 1251.7s] IOs:    396745725  IOPS:   316959  Throughput:  1238.1 MB/s  Total: 1513.46 GB
[ 1252.1s] IOs:    396846410  IOPS:   316956  Throughput:  1238.1 MB/s  Total: 1513.85 GB
[ 1252.5s] IOs:    396947043  IOPS:   316922  Throughput:  1238.0 MB/s  Total: 1514.23 GB
[ 1252.8s] IOs:    397047729  IOPS:   316919  Throughput:  1238.0 MB/s  Total: 1514.62 GB
[ 1253.2s] IOs:    397148409  IOPS:   316917  Throughput:  1238.0 MB/s  Total: 1515.00 GB
[ 1253.5s] IOs:    397249054  IOPS:   316921  Throughput:  1238.0 MB/s  Total: 1515.38 GB
[ 1253.8s] IOs:    397349532  IOPS:   316904  Throughput:  1237.9 MB/s  Total: 1515.77 GB
[ 1254.1s] IOs:    397449850  IOPS:   316925  Throughput:  1238.0 MB/s  Total: 1516.15 GB
[ 1254.5s] IOs:    397550626  IOPS:   316904  Throughput:  1237.9 MB/s  Total: 1516.54 GB
[ 1254.7s] IOs:    397651152  IOPS:   316925  Throughput:  1238.0 MB/s  Total: 1516.92 GB
[ 1255.1s] IOs:    397751571  IOPS:   316904  Throughput:  1237.9 MB/s  Total: 1517.30 GB
[ 1255.4s] IOs:    397852118  IOPS:   316907  Throughput:  1237.9 MB/s  Total: 1517.69 GB
[ 1255.7s] IOs:    397952522  IOPS:   316907  Throughput:  1237.9 MB/s  Total: 1518.07 GB
[ 1256.0s] IOs:    398053019  IOPS:   316919  Throughput:  1238.0 MB/s  Total: 1518.45 GB
[Reader] Parsed 62000000 lines, distributed 398087206 writes, unique 485.94 GB, skipped 0
[ 1256.4s] IOs:    398153851  IOPS:   316908  Throughput:  1237.9 MB/s  Total: 1518.84 GB
[ 1256.7s] IOs:    398254719  IOPS:   316910  Throughput:  1237.9 MB/s  Total: 1519.22 GB
[ 1257.0s] IOs:    398355554  IOPS:   316906  Throughput:  1237.9 MB/s  Total: 1519.61 GB
[ 1257.3s] IOs:    398456253  IOPS:   316902  Throughput:  1237.9 MB/s  Total: 1519.99 GB
[ 1257.6s] IOs:    398557105  IOPS:   316925  Throughput:  1238.0 MB/s  Total: 1520.37 GB
[ 1257.9s] IOs:    398657517  IOPS:   316913  Throughput:  1237.9 MB/s  Total: 1520.76 GB
[ 1258.3s] IOs:    398757939  IOPS:   316896  Throughput:  1237.9 MB/s  Total: 1521.14 GB
[ 1258.6s] IOs:    398858826  IOPS:   316914  Throughput:  1237.9 MB/s  Total: 1521.53 GB
[ 1258.9s] IOs:    398959351  IOPS:   316900  Throughput:  1237.9 MB/s  Total: 1521.91 GB
[ 1259.2s] IOs:    399060098  IOPS:   316925  Throughput:  1238.0 MB/s  Total: 1522.29 GB
[ 1259.5s] IOs:    399160316  IOPS:   316913  Throughput:  1237.9 MB/s  Total: 1522.68 GB
[ 1260.1s] IOs:    399260551  IOPS:   316843  Throughput:  1237.7 MB/s  Total: 1523.06 GB
[ 1260.4s] IOs:    399361202  IOPS:   316855  Throughput:  1237.7 MB/s  Total: 1523.44 GB
[ 1261.1s] IOs:    399461555  IOPS:   316760  Throughput:  1237.3 MB/s  Total: 1523.82 GB
[ 1261.4s] IOs:    399562049  IOPS:   316765  Throughput:  1237.4 MB/s  Total: 1524.21 GB
[ 1262.0s] IOs:    399662631  IOPS:   316701  Throughput:  1237.1 MB/s  Total: 1524.59 GB
[ 1262.3s] IOs:    399762702  IOPS:   316684  Throughput:  1237.0 MB/s  Total: 1524.97 GB
[ 1262.6s] IOs:    399863465  IOPS:   316700  Throughput:  1237.1 MB/s  Total: 1525.36 GB
[ 1263.2s] IOs:    399964357  IOPS:   316618  Throughput:  1236.8 MB/s  Total: 1525.74 GB
[ 1263.5s] IOs:    400065346  IOPS:   316629  Throughput:  1236.8 MB/s  Total: 1526.13 GB
[ 1263.9s] IOs:    400166326  IOPS:   316601  Throughput:  1236.7 MB/s  Total: 1526.51 GB
[ 1264.3s] IOs:    400266733  IOPS:   316597  Throughput:  1236.7 MB/s  Total: 1526.90 GB
[ 1264.7s] IOs:    400367616  IOPS:   316561  Throughput:  1236.6 MB/s  Total: 1527.28 GB
[ 1265.2s] IOs:    400467960  IOPS:   316524  Throughput:  1236.4 MB/s  Total: 1527.66 GB
[ 1265.5s] IOs:    400568558  IOPS:   316525  Throughput:  1236.4 MB/s  Total: 1528.05 GB
[ 1266.0s] IOs:    400669198  IOPS:   316479  Throughput:  1236.2 MB/s  Total: 1528.43 GB
[ 1266.3s] IOs:    400769600  IOPS:   316501  Throughput:  1236.3 MB/s  Total: 1528.81 GB
[ 1267.1s] IOs:    400870289  IOPS:   316374  Throughput:  1235.8 MB/s  Total: 1529.20 GB
[ 1267.6s] IOs:    400971130  IOPS:   316320  Throughput:  1235.6 MB/s  Total: 1529.58 GB
[ 1268.5s] IOs:    401071825  IOPS:   316169  Throughput:  1235.0 MB/s  Total: 1529.97 GB
[ 1269.0s] IOs:    401172569  IOPS:   316120  Throughput:  1234.8 MB/s  Total: 1530.35 GB
[ 1269.7s] IOs:    401273278  IOPS:   316036  Throughput:  1234.5 MB/s  Total: 1530.74 GB
[ 1270.2s] IOs:    401374066  IOPS:   316003  Throughput:  1234.4 MB/s  Total: 1531.12 GB
[ 1270.6s] IOs:    401474522  IOPS:   315971  Throughput:  1234.3 MB/s  Total: 1531.50 GB
[ 1271.5s] IOs:    401575240  IOPS:   315821  Throughput:  1233.7 MB/s  Total: 1531.89 GB
[ 1272.1s] IOs:    401675267  IOPS:   315760  Throughput:  1233.4 MB/s  Total: 1532.27 GB
[ 1273.2s] IOs:    401776156  IOPS:   315576  Throughput:  1232.7 MB/s  Total: 1532.65 GB
[ 1274.0s] IOs:    401876791  IOPS:   315449  Throughput:  1232.2 MB/s  Total: 1533.04 GB
[ 1274.6s] IOs:    401977658  IOPS:   315386  Throughput:  1232.0 MB/s  Total: 1533.42 GB
[ 1275.4s] IOs:    402078066  IOPS:   315253  Throughput:  1231.5 MB/s  Total: 1533.81 GB
[ 1276.0s] IOs:    402179076  IOPS:   315192  Throughput:  1231.2 MB/s  Total: 1534.19 GB
[ 1276.7s] IOs:    402279650  IOPS:   315101  Throughput:  1230.9 MB/s  Total: 1534.58 GB
[ 1277.1s] IOs:    402380283  IOPS:   315062  Throughput:  1230.7 MB/s  Total: 1534.96 GB
[ 1277.9s] IOs:    402480861  IOPS:   314947  Throughput:  1230.3 MB/s  Total: 1535.34 GB
[ 1278.7s] IOs:    402581396  IOPS:   314848  Throughput:  1229.9 MB/s  Total: 1535.73 GB
[ 1279.5s] IOs:    402682376  IOPS:   314724  Throughput:  1229.4 MB/s  Total: 1536.11 GB
[ 1280.1s] IOs:    402783103  IOPS:   314641  Throughput:  1229.1 MB/s  Total: 1536.50 GB
[ 1281.0s] IOs:    402884049  IOPS:   314517  Throughput:  1228.6 MB/s  Total: 1536.88 GB
[ 1281.8s] IOs:    402984838  IOPS:   314398  Throughput:  1228.1 MB/s  Total: 1537.27 GB
[ 1282.5s] IOs:    403085526  IOPS:   314289  Throughput:  1227.7 MB/s  Total: 1537.65 GB
[ 1283.5s] IOs:    403186230  IOPS:   314124  Throughput:  1227.0 MB/s  Total: 1538.03 GB
[ 1284.2s] IOs:    403286848  IOPS:   314036  Throughput:  1226.7 MB/s  Total: 1538.42 GB
[ 1285.1s] IOs:    403387503  IOPS:   313902  Throughput:  1226.2 MB/s  Total: 1538.80 GB
[ 1285.8s] IOs:    403488176  IOPS:   313800  Throughput:  1225.8 MB/s  Total: 1539.19 GB
[ 1286.4s] IOs:    403588660  IOPS:   313734  Throughput:  1225.5 MB/s  Total: 1539.57 GB
[ 1286.9s] IOs:    403689350  IOPS:   313682  Throughput:  1225.3 MB/s  Total: 1539.95 GB
[ 1287.6s] IOs:    403790099  IOPS:   313600  Throughput:  1225.0 MB/s  Total: 1540.34 GB
[ 1288.1s] IOs:    403890491  IOPS:   313558  Throughput:  1224.8 MB/s  Total: 1540.72 GB
[ 1288.5s] IOs:    403990986  IOPS:   313527  Throughput:  1224.7 MB/s  Total: 1541.10 GB
[ 1289.1s] IOs:    404091615  IOPS:   313478  Throughput:  1224.5 MB/s  Total: 1541.49 GB
[ 1289.6s] IOs:    404192297  IOPS:   313423  Throughput:  1224.3 MB/s  Total: 1541.87 GB
[ 1290.1s] IOs:    404292310  IOPS:   313376  Throughput:  1224.1 MB/s  Total: 1542.25 GB
[ 1290.5s] IOs:    404392819  IOPS:   313351  Throughput:  1224.0 MB/s  Total: 1542.64 GB
[ 1291.2s] IOs:    404492983  IOPS:   313271  Throughput:  1223.7 MB/s  Total: 1543.02 GB
[ 1291.6s] IOs:    404593166  IOPS:   313261  Throughput:  1223.7 MB/s  Total: 1543.40 GB
[ 1292.3s] IOs:    404693895  IOPS:   313162  Throughput:  1223.3 MB/s  Total: 1543.78 GB
[ 1292.6s] IOs:    404794635  IOPS:   313171  Throughput:  1223.3 MB/s  Total: 1544.17 GB
[ 1293.3s] IOs:    404895159  IOPS:   313077  Throughput:  1223.0 MB/s  Total: 1544.55 GB
[ 1293.5s] IOs:    404995774  IOPS:   313100  Throughput:  1223.0 MB/s  Total: 1544.94 GB
[ 1294.1s] IOs:    405096593  IOPS:   313041  Throughput:  1222.8 MB/s  Total: 1545.32 GB
[ 1294.5s] IOs:    405197292  IOPS:   313021  Throughput:  1222.7 MB/s  Total: 1545.71 GB
[ 1294.9s] IOs:    405297969  IOPS:   312985  Throughput:  1222.6 MB/s  Total: 1546.09 GB
[ 1295.2s] IOs:    405398640  IOPS:   312999  Throughput:  1222.7 MB/s  Total: 1546.47 GB
[ 1295.7s] IOs:    405499211  IOPS:   312952  Throughput:  1222.5 MB/s  Total: 1546.86 GB
[ 1296.2s] IOs:    405599820  IOPS:   312922  Throughput:  1222.4 MB/s  Total: 1547.24 GB
[ 1296.5s] IOs:    405700028  IOPS:   312918  Throughput:  1222.3 MB/s  Total: 1547.62 GB
[ 1296.9s] IOs:    405800617  IOPS:   312898  Throughput:  1222.3 MB/s  Total: 1548.01 GB
[ 1297.3s] IOs:    405900764  IOPS:   312876  Throughput:  1222.2 MB/s  Total: 1548.39 GB
[ 1297.8s] IOs:    406001339  IOPS:   312834  Throughput:  1222.0 MB/s  Total: 1548.77 GB
[ 1298.1s] IOs:    406101930  IOPS:   312832  Throughput:  1222.0 MB/s  Total: 1549.16 GB
[ 1298.6s] IOs:    406202453  IOPS:   312789  Throughput:  1221.8 MB/s  Total: 1549.54 GB
[ 1299.0s] IOs:    406303237  IOPS:   312774  Throughput:  1221.8 MB/s  Total: 1549.92 GB
[ 1299.8s] IOs:    406404112  IOPS:   312671  Throughput:  1221.4 MB/s  Total: 1550.31 GB
[ 1300.1s] IOs:    406504342  IOPS:   312660  Throughput:  1221.3 MB/s  Total: 1550.69 GB
[ 1300.9s] IOs:    406604900  IOPS:   312566  Throughput:  1221.0 MB/s  Total: 1551.07 GB
[ 1301.2s] IOs:    406705617  IOPS:   312556  Throughput:  1220.9 MB/s  Total: 1551.46 GB
[ 1301.8s] IOs:    406806304  IOPS:   312505  Throughput:  1220.7 MB/s  Total: 1551.84 GB
[ 1302.2s] IOs:    406906383  IOPS:   312483  Throughput:  1220.6 MB/s  Total: 1552.22 GB
[ 1302.7s] IOs:    407007304  IOPS:   312428  Throughput:  1220.4 MB/s  Total: 1552.61 GB
[ 1303.1s] IOs:    407107725  IOPS:   312424  Throughput:  1220.4 MB/s  Total: 1552.99 GB
[ 1303.4s] IOs:    407208376  IOPS:   312428  Throughput:  1220.4 MB/s  Total: 1553.38 GB
[ 1304.1s] IOs:    407308669  IOPS:   312320  Throughput:  1220.0 MB/s  Total: 1553.76 GB
[ 1305.0s] IOs:    407409583  IOPS:   312198  Throughput:  1219.5 MB/s  Total: 1554.14 GB
[ 1305.8s] IOs:    407510307  IOPS:   312084  Throughput:  1219.1 MB/s  Total: 1554.53 GB
[ 1306.3s] IOs:    407610324  IOPS:   312029  Throughput:  1218.9 MB/s  Total: 1554.91 GB
[ 1306.8s] IOs:    407710963  IOPS:   311981  Throughput:  1218.7 MB/s  Total: 1555.29 GB
[ 1307.6s] IOs:    407811722  IOPS:   311882  Throughput:  1218.3 MB/s  Total: 1555.68 GB
[ 1308.3s] IOs:    407912342  IOPS:   311799  Throughput:  1218.0 MB/s  Total: 1556.06 GB
[ 1308.6s] IOs:    408013153  IOPS:   311782  Throughput:  1217.9 MB/s  Total: 1556.45 GB
[ 1309.4s] IOs:    408113853  IOPS:   311673  Throughput:  1217.5 MB/s  Total: 1556.83 GB
[ 1309.8s] IOs:    408214862  IOPS:   311659  Throughput:  1217.4 MB/s  Total: 1557.22 GB
[Reader] Parsed 63000000 lines, distributed 408305086 writes, unique 501.40 GB, skipped 0
[ 1310.5s] IOs:    408315721  IOPS:   311573  Throughput:  1217.1 MB/s  Total: 1557.60 GB
[ 1311.0s] IOs:    408416053  IOPS:   311534  Throughput:  1216.9 MB/s  Total: 1557.98 GB
[ 1311.7s] IOs:    408516626  IOPS:   311443  Throughput:  1216.6 MB/s  Total: 1558.37 GB
[ 1312.2s] IOs:    408617587  IOPS:   311410  Throughput:  1216.4 MB/s  Total: 1558.75 GB
[ 1312.8s] IOs:    408717997  IOPS:   311342  Throughput:  1216.2 MB/s  Total: 1559.14 GB
[ 1313.2s] IOs:    408818288  IOPS:   311324  Throughput:  1216.1 MB/s  Total: 1559.52 GB
[ 1313.9s] IOs:    408918903  IOPS:   311231  Throughput:  1215.7 MB/s  Total: 1559.90 GB
[ 1314.2s] IOs:    409019875  IOPS:   311241  Throughput:  1215.8 MB/s  Total: 1560.29 GB
[ 1315.0s] IOs:    409120724  IOPS:   311129  Throughput:  1215.3 MB/s  Total: 1560.67 GB
[ 1315.7s] IOs:    409221702  IOPS:   311026  Throughput:  1214.9 MB/s  Total: 1561.06 GB
[ 1316.3s] IOs:    409322464  IOPS:   310961  Throughput:  1214.7 MB/s  Total: 1561.44 GB
[ 1317.1s] IOs:    409423094  IOPS:   310857  Throughput:  1214.3 MB/s  Total: 1561.83 GB
[ 1317.7s] IOs:    409523701  IOPS:   310792  Throughput:  1214.0 MB/s  Total: 1562.21 GB
[ 1318.2s] IOs:    409624672  IOPS:   310755  Throughput:  1213.9 MB/s  Total: 1562.59 GB
[ 1318.8s] IOs:    409725624  IOPS:   310680  Throughput:  1213.6 MB/s  Total: 1562.98 GB
[ 1319.3s] IOs:    409825910  IOPS:   310632  Throughput:  1213.4 MB/s  Total: 1563.36 GB
[ 1320.0s] IOs:    409926410  IOPS:   310558  Throughput:  1213.1 MB/s  Total: 1563.75 GB
[ 1320.3s] IOs:    410027142  IOPS:   310566  Throughput:  1213.1 MB/s  Total: 1564.13 GB
[ 1321.1s] IOs:    410127889  IOPS:   310451  Throughput:  1212.7 MB/s  Total: 1564.51 GB
[ 1321.8s] IOs:    410228229  IOPS:   310359  Throughput:  1212.3 MB/s  Total: 1564.90 GB
[ 1322.8s] IOs:    410328826  IOPS:   310191  Throughput:  1211.7 MB/s  Total: 1565.28 GB
[ 1323.8s] IOs:    410429802  IOPS:   310043  Throughput:  1211.1 MB/s  Total: 1565.67 GB
[ 1325.1s] IOs:    410530657  IOPS:   309814  Throughput:  1210.2 MB/s  Total: 1566.05 GB
[ 1326.2s] IOs:    410631100  IOPS:   309638  Throughput:  1209.5 MB/s  Total: 1566.43 GB
[ 1327.1s] IOs:    410731562  IOPS:   309503  Throughput:  1209.0 MB/s  Total: 1566.82 GB
[ 1327.8s] IOs:    410832234  IOPS:   309398  Throughput:  1208.6 MB/s  Total: 1567.20 GB
[ 1328.7s] IOs:    410932588  IOPS:   309284  Throughput:  1208.1 MB/s  Total: 1567.58 GB
[ 1330.2s] IOs:    411033065  IOPS:   308997  Throughput:  1207.0 MB/s  Total: 1567.97 GB
[ 1330.9s] IOs:    411133629  IOPS:   308905  Throughput:  1206.7 MB/s  Total: 1568.35 GB
[ 1331.6s] IOs:    411234150  IOPS:   308822  Throughput:  1206.3 MB/s  Total: 1568.73 GB
[ 1332.0s] IOs:    411334661  IOPS:   308809  Throughput:  1206.3 MB/s  Total: 1569.12 GB
[ 1332.6s] IOs:    411434902  IOPS:   308738  Throughput:  1206.0 MB/s  Total: 1569.50 GB
[ 1333.2s] IOs:    411535568  IOPS:   308688  Throughput:  1205.8 MB/s  Total: 1569.88 GB
[ 1333.7s] IOs:    411636237  IOPS:   308646  Throughput:  1205.6 MB/s  Total: 1570.27 GB
[ 1334.4s] IOs:    411737059  IOPS:   308554  Throughput:  1205.3 MB/s  Total: 1570.65 GB
[ 1335.0s] IOs:    411837499  IOPS:   308486  Throughput:  1205.0 MB/s  Total: 1571.04 GB
[ 1335.5s] IOs:    411937690  IOPS:   308445  Throughput:  1204.9 MB/s  Total: 1571.42 GB
[ 1336.5s] IOs:    412038032  IOPS:   308296  Throughput:  1204.3 MB/s  Total: 1571.80 GB
[ 1338.0s] IOs:    412138940  IOPS:   308026  Throughput:  1203.2 MB/s  Total: 1572.19 GB
[ 1339.0s] IOs:    412239873  IOPS:   307865  Throughput:  1202.6 MB/s  Total: 1572.57 GB
[ 1340.3s] IOs:    412340735  IOPS:   307657  Throughput:  1201.8 MB/s  Total: 1572.96 GB
[ 1341.1s] IOs:    412441634  IOPS:   307529  Throughput:  1201.3 MB/s  Total: 1573.34 GB
[ 1342.2s] IOs:    412542358  IOPS:   307368  Throughput:  1200.7 MB/s  Total: 1573.72 GB
[ 1343.0s] IOs:    412643124  IOPS:   307252  Throughput:  1200.2 MB/s  Total: 1574.11 GB
[ 1344.0s] IOs:    412744052  IOPS:   307106  Throughput:  1199.6 MB/s  Total: 1574.49 GB
[ 1344.6s] IOs:    412844937  IOPS:   307039  Throughput:  1199.4 MB/s  Total: 1574.88 GB
[ 1345.1s] IOs:    412945682  IOPS:   306990  Throughput:  1199.2 MB/s  Total: 1575.26 GB
[ 1346.1s] IOs:    413046558  IOPS:   306855  Throughput:  1198.7 MB/s  Total: 1575.65 GB
[ 1346.6s] IOs:    413147136  IOPS:   306805  Throughput:  1198.5 MB/s  Total: 1576.03 GB
[ 1347.1s] IOs:    413247660  IOPS:   306777  Throughput:  1198.3 MB/s  Total: 1576.41 GB
[ 1347.7s] IOs:    413348339  IOPS:   306710  Throughput:  1198.1 MB/s  Total: 1576.80 GB
[ 1348.4s] IOs:    413449149  IOPS:   306628  Throughput:  1197.8 MB/s  Total: 1577.18 GB
[ 1348.6s] IOs:    413549746  IOPS:   306643  Throughput:  1197.8 MB/s  Total: 1577.57 GB
[ 1349.3s] IOs:    413650564  IOPS:   306559  Throughput:  1197.5 MB/s  Total: 1577.95 GB
[ 1349.6s] IOs:    413751526  IOPS:   306565  Throughput:  1197.5 MB/s  Total: 1578.34 GB
[ 1350.2s] IOs:    413851555  IOPS:   306505  Throughput:  1197.3 MB/s  Total: 1578.72 GB
[ 1350.6s] IOs:    413952231  IOPS:   306498  Throughput:  1197.3 MB/s  Total: 1579.10 GB
[ 1351.0s] IOs:    414053112  IOPS:   306475  Throughput:  1197.2 MB/s  Total: 1579.49 GB
[ 1351.5s] IOs:    414154043  IOPS:   306447  Throughput:  1197.1 MB/s  Total: 1579.87 GB
[ 1351.7s] IOs:    414255004  IOPS:   306468  Throughput:  1197.1 MB/s  Total: 1580.26 GB
[ 1352.1s] IOs:    414355602  IOPS:   306456  Throughput:  1197.1 MB/s  Total: 1580.64 GB
[ 1352.5s] IOs:    414456362  IOPS:   306436  Throughput:  1197.0 MB/s  Total: 1581.03 GB
[ 1352.7s] IOs:    414557003  IOPS:   306456  Throughput:  1197.1 MB/s  Total: 1581.41 GB
[ 1353.2s] IOs:    414657304  IOPS:   306437  Throughput:  1197.0 MB/s  Total: 1581.79 GB
[ 1353.6s] IOs:    414758050  IOPS:   306414  Throughput:  1196.9 MB/s  Total: 1582.18 GB
[ 1354.3s] IOs:    414858690  IOPS:   306320  Throughput:  1196.6 MB/s  Total: 1582.56 GB
[ 1354.6s] IOs:    414959223  IOPS:   306336  Throughput:  1196.6 MB/s  Total: 1582.94 GB
[ 1355.2s] IOs:    415059996  IOPS:   306262  Throughput:  1196.3 MB/s  Total: 1583.33 GB
[ 1355.9s] IOs:    415160425  IOPS:   306179  Throughput:  1196.0 MB/s  Total: 1583.71 GB
[ 1356.4s] IOs:    415260839  IOPS:   306143  Throughput:  1195.9 MB/s  Total: 1584.09 GB
[ 1356.9s] IOs:    415361656  IOPS:   306100  Throughput:  1195.7 MB/s  Total: 1584.48 GB
[ 1357.4s] IOs:    415462444  IOPS:   306069  Throughput:  1195.6 MB/s  Total: 1584.86 GB
[ 1357.9s] IOs:    415563236  IOPS:   306029  Throughput:  1195.4 MB/s  Total: 1585.25 GB
[ 1359.1s] IOs:    415663796  IOPS:   305848  Throughput:  1194.7 MB/s  Total: 1585.63 GB
[ 1360.1s] IOs:    415764677  IOPS:   305682  Throughput:  1194.1 MB/s  Total: 1586.02 GB
[ 1361.0s] IOs:    415865573  IOPS:   305552  Throughput:  1193.6 MB/s  Total: 1586.40 GB
[ 1362.1s] IOs:    415966060  IOPS:   305380  Throughput:  1192.9 MB/s  Total: 1586.78 GB
[ 1363.1s] IOs:    416066512  IOPS:   305242  Throughput:  1192.4 MB/s  Total: 1587.17 GB
[ 1363.4s] IOs:    416167479  IOPS:   305233  Throughput:  1192.3 MB/s  Total: 1587.55 GB
[ 1363.8s] IOs:    416268281  IOPS:   305236  Throughput:  1192.3 MB/s  Total: 1587.94 GB
[ 1364.3s] IOs:    416369031  IOPS:   305192  Throughput:  1192.2 MB/s  Total: 1588.32 GB
[ 1364.7s] IOs:    416469933  IOPS:   305166  Throughput:  1192.1 MB/s  Total: 1588.71 GB
[ 1365.2s] IOs:    416570845  IOPS:   305134  Throughput:  1191.9 MB/s  Total: 1589.09 GB
[ 1365.7s] IOs:    416671689  IOPS:   305103  Throughput:  1191.8 MB/s  Total: 1589.48 GB
[ 1366.1s] IOs:    416772332  IOPS:   305080  Throughput:  1191.7 MB/s  Total: 1589.86 GB
[ 1366.6s] IOs:    416873156  IOPS:   305043  Throughput:  1191.6 MB/s  Total: 1590.24 GB
[ 1367.1s] IOs:    416973622  IOPS:   305017  Throughput:  1191.5 MB/s  Total: 1590.63 GB
[ 1367.3s] IOs:    417074137  IOPS:   305039  Throughput:  1191.6 MB/s  Total: 1591.01 GB
[ 1367.9s] IOs:    417174872  IOPS:   304982  Throughput:  1191.3 MB/s  Total: 1591.40 GB
[ 1368.2s] IOs:    417275230  IOPS:   304975  Throughput:  1191.3 MB/s  Total: 1591.78 GB
[ 1368.6s] IOs:    417376067  IOPS:   304955  Throughput:  1191.2 MB/s  Total: 1592.16 GB
[ 1369.1s] IOs:    417476727  IOPS:   304926  Throughput:  1191.1 MB/s  Total: 1592.55 GB
[ 1369.5s] IOs:    417577395  IOPS:   304905  Throughput:  1191.0 MB/s  Total: 1592.93 GB
[ 1370.1s] IOs:    417677967  IOPS:   304846  Throughput:  1190.8 MB/s  Total: 1593.31 GB
[ 1370.6s] IOs:    417778545  IOPS:   304812  Throughput:  1190.7 MB/s  Total: 1593.70 GB
[ 1371.3s] IOs:    417879419  IOPS:   304741  Throughput:  1190.4 MB/s  Total: 1594.08 GB
[ 1372.2s] IOs:    417980422  IOPS:   304613  Throughput:  1189.9 MB/s  Total: 1594.47 GB
[ 1373.1s] IOs:    418080927  IOPS:   304476  Throughput:  1189.4 MB/s  Total: 1594.85 GB
[ 1373.7s] IOs:    418181631  IOPS:   304411  Throughput:  1189.1 MB/s  Total: 1595.24 GB
[ 1374.6s] IOs:    418282263  IOPS:   304290  Throughput:  1188.6 MB/s  Total: 1595.62 GB
[ 1375.2s] IOs:    418382940  IOPS:   304241  Throughput:  1188.4 MB/s  Total: 1596.00 GB
[ 1375.7s] IOs:    418483760  IOPS:   304188  Throughput:  1188.2 MB/s  Total: 1596.39 GB
[Reader] Parsed 64000000 lines, distributed 418580580 writes, unique 517.84 GB, skipped 0
[ 1376.0s] IOs:    418584638  IOPS:   304196  Throughput:  1188.3 MB/s  Total: 1596.77 GB
[ 1376.5s] IOs:    418685235  IOPS:   304162  Throughput:  1188.1 MB/s  Total: 1597.16 GB
[ 1376.8s] IOs:    418785589  IOPS:   304169  Throughput:  1188.2 MB/s  Total: 1597.54 GB
[ 1377.4s] IOs:    418886285  IOPS:   304125  Throughput:  1188.0 MB/s  Total: 1597.92 GB
[ 1377.8s] IOs:    418986990  IOPS:   304104  Throughput:  1187.9 MB/s  Total: 1598.31 GB
[ 1378.5s] IOs:    419087282  IOPS:   304023  Throughput:  1187.6 MB/s  Total: 1598.69 GB
[ 1379.2s] IOs:    419187787  IOPS:   303932  Throughput:  1187.2 MB/s  Total: 1599.07 GB
[ 1380.1s] IOs:    419288538  IOPS:   303813  Throughput:  1186.8 MB/s  Total: 1599.46 GB
[ 1380.8s] IOs:    419389320  IOPS:   303734  Throughput:  1186.5 MB/s  Total: 1599.84 GB
[ 1381.7s] IOs:    419489922  IOPS:   303608  Throughput:  1186.0 MB/s  Total: 1600.23 GB
[ 1382.6s] IOs:    419590425  IOPS:   303482  Throughput:  1185.5 MB/s  Total: 1600.61 GB
[ 1383.3s] IOs:    419691301  IOPS:   303396  Throughput:  1185.1 MB/s  Total: 1601.00 GB
[ 1384.1s] IOs:    419792024  IOPS:   303291  Throughput:  1184.7 MB/s  Total: 1601.38 GB
[ 1384.9s] IOs:    419892500  IOPS:   303199  Throughput:  1184.4 MB/s  Total: 1601.76 GB
[ 1385.3s] IOs:    419993040  IOPS:   303188  Throughput:  1184.3 MB/s  Total: 1602.15 GB
[ 1386.4s] IOs:    420093711  IOPS:   303020  Throughput:  1183.7 MB/s  Total: 1602.53 GB
[ 1387.0s] IOs:    420194366  IOPS:   302950  Throughput:  1183.4 MB/s  Total: 1602.91 GB
[ 1387.6s] IOs:    420295175  IOPS:   302884  Throughput:  1183.1 MB/s  Total: 1603.30 GB
[ 1388.3s] IOs:    420395605  IOPS:   302813  Throughput:  1182.9 MB/s  Total: 1603.68 GB
[ 1388.9s] IOs:    420496260  IOPS:   302757  Throughput:  1182.6 MB/s  Total: 1604.07 GB
[ 1389.3s] IOs:    420597099  IOPS:   302739  Throughput:  1182.6 MB/s  Total: 1604.45 GB
[ 1389.9s] IOs:    420697958  IOPS:   302688  Throughput:  1182.4 MB/s  Total: 1604.84 GB
[ 1390.4s] IOs:    420797987  IOPS:   302637  Throughput:  1182.2 MB/s  Total: 1605.22 GB
[ 1390.9s] IOs:    420898726  IOPS:   302616  Throughput:  1182.1 MB/s  Total: 1605.60 GB
[ 1391.6s] IOs:    420999303  IOPS:   302533  Throughput:  1181.8 MB/s  Total: 1605.98 GB
[ 1391.9s] IOs:    421099907  IOPS:   302541  Throughput:  1181.8 MB/s  Total: 1606.37 GB
[ 1392.5s] IOs:    421200822  IOPS:   302476  Throughput:  1181.5 MB/s  Total: 1606.75 GB
[ 1392.8s] IOs:    421301541  IOPS:   302480  Throughput:  1181.6 MB/s  Total: 1607.14 GB
[ 1393.3s] IOs:    421402078  IOPS:   302445  Throughput:  1181.4 MB/s  Total: 1607.52 GB
[ 1393.6s] IOs:    421502387  IOPS:   302458  Throughput:  1181.5 MB/s  Total: 1607.90 GB
[ 1394.0s] IOs:    421602573  IOPS:   302435  Throughput:  1181.4 MB/s  Total: 1608.29 GB
[ 1394.4s] IOs:    421703484  IOPS:   302424  Throughput:  1181.3 MB/s  Total: 1608.67 GB
[ 1394.8s] IOs:    421804099  IOPS:   302410  Throughput:  1181.3 MB/s  Total: 1609.05 GB
[ 1395.1s] IOs:    421904928  IOPS:   302425  Throughput:  1181.3 MB/s  Total: 1609.44 GB
[ 1395.5s] IOs:    422005344  IOPS:   302414  Throughput:  1181.3 MB/s  Total: 1609.82 GB
[ 1396.2s] IOs:    422105953  IOPS:   302318  Throughput:  1180.9 MB/s  Total: 1610.21 GB
[ 1396.8s] IOs:    422206675  IOPS:   302261  Throughput:  1180.7 MB/s  Total: 1610.59 GB
[ 1397.3s] IOs:    422307355  IOPS:   302228  Throughput:  1180.6 MB/s  Total: 1610.97 GB
[ 1397.9s] IOs:    422408071  IOPS:   302181  Throughput:  1180.4 MB/s  Total: 1611.36 GB
[ 1398.3s] IOs:    422508814  IOPS:   302161  Throughput:  1180.3 MB/s  Total: 1611.74 GB
[ 1398.8s] IOs:    422609270  IOPS:   302126  Throughput:  1180.2 MB/s  Total: 1612.13 GB
[ 1399.3s] IOs:    422709947  IOPS:   302091  Throughput:  1180.0 MB/s  Total: 1612.51 GB
[ 1399.7s] IOs:    422810734  IOPS:   302066  Throughput:  1179.9 MB/s  Total: 1612.89 GB
[ 1400.1s] IOs:    422911272  IOPS:   302055  Throughput:  1179.9 MB/s  Total: 1613.28 GB
[ 1400.4s] IOs:    423011844  IOPS:   302056  Throughput:  1179.9 MB/s  Total: 1613.66 GB
[ 1401.0s] IOs:    423112378  IOPS:   302014  Throughput:  1179.7 MB/s  Total: 1614.05 GB
[ 1401.4s] IOs:    423212794  IOPS:   301984  Throughput:  1179.6 MB/s  Total: 1614.43 GB
[ 1402.1s] IOs:    423313156  IOPS:   301919  Throughput:  1179.4 MB/s  Total: 1614.81 GB
[ 1402.4s] IOs:    423413724  IOPS:   301924  Throughput:  1179.4 MB/s  Total: 1615.20 GB
[ 1402.8s] IOs:    423514755  IOPS:   301912  Throughput:  1179.3 MB/s  Total: 1615.58 GB
[ 1403.2s] IOs:    423615642  IOPS:   301895  Throughput:  1179.3 MB/s  Total: 1615.97 GB
[ 1403.5s] IOs:    423716411  IOPS:   301900  Throughput:  1179.3 MB/s  Total: 1616.35 GB
[ 1403.9s] IOs:    423817027  IOPS:   301891  Throughput:  1179.3 MB/s  Total: 1616.73 GB
[ 1404.3s] IOs:    423917713  IOPS:   301876  Throughput:  1179.2 MB/s  Total: 1617.12 GB
[ 1404.6s] IOs:    424018502  IOPS:   301886  Throughput:  1179.2 MB/s  Total: 1617.50 GB
[ 1405.0s] IOs:    424119092  IOPS:   301861  Throughput:  1179.1 MB/s  Total: 1617.89 GB
[ 1405.3s] IOs:    424219355  IOPS:   301871  Throughput:  1179.2 MB/s  Total: 1618.27 GB
[ 1405.9s] IOs:    424320212  IOPS:   301822  Throughput:  1179.0 MB/s  Total: 1618.65 GB
[ 1406.5s] IOs:    424420593  IOPS:   301759  Throughput:  1178.7 MB/s  Total: 1619.04 GB
[ 1407.2s] IOs:    424521092  IOPS:   301684  Throughput:  1178.5 MB/s  Total: 1619.42 GB
[ 1407.7s] IOs:    424621613  IOPS:   301632  Throughput:  1178.2 MB/s  Total: 1619.80 GB
[ 1408.3s] IOs:    424722631  IOPS:   301576  Throughput:  1178.0 MB/s  Total: 1620.19 GB
[ 1409.0s] IOs:    424823095  IOPS:   301507  Throughput:  1177.8 MB/s  Total: 1620.57 GB
[ 1409.5s] IOs:    424923995  IOPS:   301463  Throughput:  1177.6 MB/s  Total: 1620.96 GB
[ 1410.3s] IOs:    425024525  IOPS:   301367  Throughput:  1177.2 MB/s  Total: 1621.34 GB
[ 1410.8s] IOs:    425125349  IOPS:   301331  Throughput:  1177.1 MB/s  Total: 1621.72 GB
[ 1411.4s] IOs:    425226158  IOPS:   301271  Throughput:  1176.8 MB/s  Total: 1622.11 GB
[ 1411.9s] IOs:    425326664  IOPS:   301247  Throughput:  1176.7 MB/s  Total: 1622.49 GB
[ 1412.3s] IOs:    425427592  IOPS:   301224  Throughput:  1176.7 MB/s  Total: 1622.88 GB
[ 1412.9s] IOs:    425528135  IOPS:   301183  Throughput:  1176.5 MB/s  Total: 1623.26 GB
[ 1413.1s] IOs:    425629066  IOPS:   301193  Throughput:  1176.5 MB/s  Total: 1623.65 GB
[ 1413.5s] IOs:    425729956  IOPS:   301189  Throughput:  1176.5 MB/s  Total: 1624.03 GB
[ 1414.0s] IOs:    425830291  IOPS:   301144  Throughput:  1176.3 MB/s  Total: 1624.41 GB
[ 1414.4s] IOs:    425931169  IOPS:   301144  Throughput:  1176.3 MB/s  Total: 1624.80 GB
[ 1414.9s] IOs:    426031945  IOPS:   301108  Throughput:  1176.2 MB/s  Total: 1625.18 GB
[ 1415.5s] IOs:    426132718  IOPS:   301042  Throughput:  1175.9 MB/s  Total: 1625.57 GB
[ 1416.1s] IOs:    426233278  IOPS:   300999  Throughput:  1175.8 MB/s  Total: 1625.95 GB
[ 1416.4s] IOs:    426333914  IOPS:   301004  Throughput:  1175.8 MB/s  Total: 1626.33 GB
[ 1417.0s] IOs:    426434471  IOPS:   300952  Throughput:  1175.6 MB/s  Total: 1626.72 GB
[ 1417.3s] IOs:    426535330  IOPS:   300946  Throughput:  1175.6 MB/s  Total: 1627.10 GB
[ 1417.6s] IOs:    426635743  IOPS:   300958  Throughput:  1175.6 MB/s  Total: 1627.49 GB
[ 1418.1s] IOs:    426736561  IOPS:   300926  Throughput:  1175.5 MB/s  Total: 1627.87 GB
[ 1418.5s] IOs:    426837141  IOPS:   300917  Throughput:  1175.5 MB/s  Total: 1628.25 GB
[ 1418.9s] IOs:    426937728  IOPS:   300899  Throughput:  1175.4 MB/s  Total: 1628.64 GB
[ 1419.1s] IOs:    427038451  IOPS:   300916  Throughput:  1175.5 MB/s  Total: 1629.02 GB
[ 1419.5s] IOs:    427138927  IOPS:   300906  Throughput:  1175.4 MB/s  Total: 1629.41 GB
[ 1420.0s] IOs:    427239752  IOPS:   300882  Throughput:  1175.3 MB/s  Total: 1629.79 GB
[ 1420.4s] IOs:    427340382  IOPS:   300866  Throughput:  1175.3 MB/s  Total: 1630.17 GB
[ 1420.8s] IOs:    427440488  IOPS:   300842  Throughput:  1175.2 MB/s  Total: 1630.56 GB
[ 1421.1s] IOs:    427540520  IOPS:   300842  Throughput:  1175.2 MB/s  Total: 1630.94 GB
[ 1421.4s] IOs:    427641484  IOPS:   300851  Throughput:  1175.2 MB/s  Total: 1631.32 GB
[ 1422.0s] IOs:    427742383  IOPS:   300801  Throughput:  1175.0 MB/s  Total: 1631.71 GB
[ 1422.3s] IOs:    427842980  IOPS:   300809  Throughput:  1175.0 MB/s  Total: 1632.09 GB
[ 1422.6s] IOs:    427943764  IOPS:   300828  Throughput:  1175.1 MB/s  Total: 1632.48 GB
[ 1423.1s] IOs:    428044524  IOPS:   300789  Throughput:  1175.0 MB/s  Total: 1632.86 GB
[ 1423.4s] IOs:    428145247  IOPS:   300784  Throughput:  1174.9 MB/s  Total: 1633.24 GB
[ 1423.8s] IOs:    428245927  IOPS:   300771  Throughput:  1174.9 MB/s  Total: 1633.63 GB
[ 1424.1s] IOs:    428346577  IOPS:   300793  Throughput:  1175.0 MB/s  Total: 1634.01 GB
[ 1424.5s] IOs:    428447136  IOPS:   300767  Throughput:  1174.9 MB/s  Total: 1634.40 GB
[ 1425.0s] IOs:    428547666  IOPS:   300739  Throughput:  1174.8 MB/s  Total: 1634.78 GB
[ 1425.3s] IOs:    428648257  IOPS:   300734  Throughput:  1174.7 MB/s  Total: 1635.16 GB
[ 1425.6s] IOs:    428749043  IOPS:   300755  Throughput:  1174.8 MB/s  Total: 1635.55 GB
[ 1426.2s] IOs:    428849172  IOPS:   300697  Throughput:  1174.6 MB/s  Total: 1635.93 GB
[ 1426.4s] IOs:    428950029  IOPS:   300715  Throughput:  1174.7 MB/s  Total: 1636.31 GB
[ 1426.9s] IOs:    429050768  IOPS:   300686  Throughput:  1174.6 MB/s  Total: 1636.70 GB
[ 1427.3s] IOs:    429151724  IOPS:   300663  Throughput:  1174.5 MB/s  Total: 1637.08 GB
[ 1427.9s] IOs:    429252105  IOPS:   300615  Throughput:  1174.3 MB/s  Total: 1637.47 GB
[ 1428.4s] IOs:    429352586  IOPS:   300575  Throughput:  1174.1 MB/s  Total: 1637.85 GB
[ 1428.8s] IOs:    429453045  IOPS:   300564  Throughput:  1174.1 MB/s  Total: 1638.23 GB
[ 1429.4s] IOs:    429553725  IOPS:   300511  Throughput:  1173.9 MB/s  Total: 1638.62 GB
[ 1429.8s] IOs:    429654378  IOPS:   300508  Throughput:  1173.9 MB/s  Total: 1639.00 GB
[ 1430.0s] IOs:    429754876  IOPS:   300522  Throughput:  1173.9 MB/s  Total: 1639.38 GB
[ 1430.7s] IOs:    429855821  IOPS:   300452  Throughput:  1173.6 MB/s  Total: 1639.77 GB
[ 1430.9s] IOs:    429956514  IOPS:   300473  Throughput:  1173.7 MB/s  Total: 1640.15 GB
[ 1431.9s] IOs:    430057451  IOPS:   300343  Throughput:  1173.2 MB/s  Total: 1640.54 GB
[ 1432.5s] IOs:    430158207  IOPS:   300283  Throughput:  1173.0 MB/s  Total: 1640.92 GB
[ 1433.3s] IOs:    430259104  IOPS:   300188  Throughput:  1172.6 MB/s  Total: 1641.31 GB
[ 1434.0s] IOs:    430359864  IOPS:   300120  Throughput:  1172.3 MB/s  Total: 1641.69 GB
[ 1434.6s] IOs:    430460279  IOPS:   300055  Throughput:  1172.1 MB/s  Total: 1642.08 GB
[Reader] Parsed 65000000 lines, distributed 430513452 writes, unique 539.18 GB, skipped 0
[ 1435.0s] IOs:    430560814  IOPS:   300053  Throughput:  1172.1 MB/s  Total: 1642.46 GB
[ 1435.6s] IOs:    430661495  IOPS:   299997  Throughput:  1171.9 MB/s  Total: 1642.84 GB
[ 1436.3s] IOs:    430762252  IOPS:   299913  Throughput:  1171.5 MB/s  Total: 1643.23 GB
[ 1436.8s] IOs:    430863139  IOPS:   299879  Throughput:  1171.4 MB/s  Total: 1643.61 GB
[ 1437.1s] IOs:    430963702  IOPS:   299886  Throughput:  1171.4 MB/s  Total: 1644.00 GB
[ 1437.7s] IOs:    431064368  IOPS:   299823  Throughput:  1171.2 MB/s  Total: 1644.38 GB
[ 1438.0s] IOs:    431164920  IOPS:   299832  Throughput:  1171.2 MB/s  Total: 1644.76 GB
[ 1438.5s] IOs:    431265259  IOPS:   299799  Throughput:  1171.1 MB/s  Total: 1645.15 GB
[ 1439.0s] IOs:    431366238  IOPS:   299761  Throughput:  1170.9 MB/s  Total: 1645.53 GB
[ 1439.5s] IOs:    431467066  IOPS:   299741  Throughput:  1170.9 MB/s  Total: 1645.92 GB
[ 1439.8s] IOs:    431567522  IOPS:   299748  Throughput:  1170.9 MB/s  Total: 1646.30 GB
[ 1440.1s] IOs:    431668054  IOPS:   299745  Throughput:  1170.9 MB/s  Total: 1646.68 GB
[ 1440.6s] IOs:    431768216  IOPS:   299722  Throughput:  1170.8 MB/s  Total: 1647.07 GB
[ 1440.8s] IOs:    431868959  IOPS:   299739  Throughput:  1170.9 MB/s  Total: 1647.45 GB
[ 1441.1s] IOs:    431969288  IOPS:   299748  Throughput:  1170.9 MB/s  Total: 1647.83 GB
[ 1441.4s] IOs:    432069760  IOPS:   299751  Throughput:  1170.9 MB/s  Total: 1648.22 GB
[ 1441.7s] IOs:    432170366  IOPS:   299774  Throughput:  1171.0 MB/s  Total: 1648.60 GB
[ 1442.1s] IOs:    432271037  IOPS:   299756  Throughput:  1170.9 MB/s  Total: 1648.98 GB
[ 1442.5s] IOs:    432371655  IOPS:   299745  Throughput:  1170.9 MB/s  Total: 1649.37 GB
[ 1442.7s] IOs:    432472194  IOPS:   299768  Throughput:  1171.0 MB/s  Total: 1649.75 GB
[ 1443.0s] IOs:    432572796  IOPS:   299765  Throughput:  1171.0 MB/s  Total: 1650.13 GB
[ 1443.3s] IOs:    432673497  IOPS:   299772  Throughput:  1171.0 MB/s  Total: 1650.52 GB
[ 1443.6s] IOs:    432774307  IOPS:   299792  Throughput:  1171.1 MB/s  Total: 1650.90 GB
[ 1443.9s] IOs:    432875199  IOPS:   299796  Throughput:  1171.1 MB/s  Total: 1651.29 GB
[ 1444.1s] IOs:    432976054  IOPS:   299820  Throughput:  1171.2 MB/s  Total: 1651.67 GB
[ 1444.4s] IOs:    433076713  IOPS:   299824  Throughput:  1171.2 MB/s  Total: 1652.06 GB
[ 1444.7s] IOs:    433177349  IOPS:   299839  Throughput:  1171.2 MB/s  Total: 1652.44 GB
[ 1445.0s] IOs:    433277613  IOPS:   299847  Throughput:  1171.3 MB/s  Total: 1652.82 GB
[ 1445.3s] IOs:    433378078  IOPS:   299857  Throughput:  1171.3 MB/s  Total: 1653.21 GB
[ 1445.8s] IOs:    433478437  IOPS:   299810  Throughput:  1171.1 MB/s  Total: 1653.59 GB
[ 1446.4s] IOs:    433579041  IOPS:   299769  Throughput:  1171.0 MB/s  Total: 1653.97 GB
[ 1447.0s] IOs:    433679613  IOPS:   299716  Throughput:  1170.8 MB/s  Total: 1654.36 GB
[ 1447.3s] IOs:    433780187  IOPS:   299710  Throughput:  1170.7 MB/s  Total: 1654.74 GB
[ 1447.9s] IOs:    433880934  IOPS:   299664  Throughput:  1170.6 MB/s  Total: 1655.12 GB
[ 1448.1s] IOs:    433981714  IOPS:   299686  Throughput:  1170.6 MB/s  Total: 1655.51 GB
[ 1448.6s] IOs:    434082434  IOPS:   299651  Throughput:  1170.5 MB/s  Total: 1655.89 GB
[ 1449.1s] IOs:    434182600  IOPS:   299629  Throughput:  1170.4 MB/s  Total: 1656.28 GB
[ 1449.5s] IOs:    434283467  IOPS:   299605  Throughput:  1170.3 MB/s  Total: 1656.66 GB
[ 1450.0s] IOs:    434384020  IOPS:   299580  Throughput:  1170.2 MB/s  Total: 1657.04 GB
[ 1450.4s] IOs:    434484419  IOPS:   299555  Throughput:  1170.1 MB/s  Total: 1657.43 GB
[ 1453.6s] IOs:    434584960  IOPS:   298966  Throughput:  1167.8 MB/s  Total: 1657.81 GB
[ 1461.2s] IOs:    434685715  IOPS:   297489  Throughput:  1162.1 MB/s  Total: 1658.19 GB
[ 1462.5s] IOs:    434785896  IOPS:   297295  Throughput:  1161.3 MB/s  Total: 1658.58 GB
[ 1462.8s] IOs:    434886585  IOPS:   297304  Throughput:  1161.3 MB/s  Total: 1658.96 GB
[ 1463.0s] IOs:    434987546  IOPS:   297324  Throughput:  1161.4 MB/s  Total: 1659.35 GB
[ 1463.3s] IOs:    435088258  IOPS:   297344  Throughput:  1161.5 MB/s  Total: 1659.73 GB
[ 1463.5s] IOs:    435188372  IOPS:   297364  Throughput:  1161.6 MB/s  Total: 1660.11 GB
[ 1463.7s] IOs:    435288913  IOPS:   297385  Throughput:  1161.7 MB/s  Total: 1660.50 GB
[ 1464.0s] IOs:    435388967  IOPS:   297405  Throughput:  1161.7 MB/s  Total: 1660.88 GB
[ 1464.2s] IOs:    435489822  IOPS:   297425  Throughput:  1161.8 MB/s  Total: 1661.26 GB
[ 1464.5s] IOs:    435589837  IOPS:   297441  Throughput:  1161.9 MB/s  Total: 1661.64 GB
[ 1464.7s] IOs:    435690720  IOPS:   297453  Throughput:  1161.9 MB/s  Total: 1662.03 GB
[ 1465.0s] IOs:    435790791  IOPS:   297471  Throughput:  1162.0 MB/s  Total: 1662.41 GB
[ 1465.3s] IOs:    435891455  IOPS:   297482  Throughput:  1162.0 MB/s  Total: 1662.79 GB
[ 1465.5s] IOs:    435991816  IOPS:   297501  Throughput:  1162.1 MB/s  Total: 1663.18 GB
[ 1466.0s] IOs:    436091882  IOPS:   297476  Throughput:  1162.0 MB/s  Total: 1663.56 GB
[ 1466.2s] IOs:    436192546  IOPS:   297491  Throughput:  1162.1 MB/s  Total: 1663.94 GB
[ 1466.8s] IOs:    436293117  IOPS:   297455  Throughput:  1161.9 MB/s  Total: 1664.33 GB
[ 1467.2s] IOs:    436393673  IOPS:   297440  Throughput:  1161.9 MB/s  Total: 1664.71 GB
[ 1467.4s] IOs:    436494490  IOPS:   297461  Throughput:  1162.0 MB/s  Total: 1665.09 GB
[ 1468.0s] IOs:    436594873  IOPS:   297412  Throughput:  1161.8 MB/s  Total: 1665.48 GB
[ 1468.4s] IOs:    436695667  IOPS:   297405  Throughput:  1161.7 MB/s  Total: 1665.86 GB
[ 1468.7s] IOs:    436796593  IOPS:   297401  Throughput:  1161.7 MB/s  Total: 1666.25 GB
[ 1469.0s] IOs:    436897431  IOPS:   297417  Throughput:  1161.8 MB/s  Total: 1666.63 GB
[ 1469.4s] IOs:    436998202  IOPS:   297397  Throughput:  1161.7 MB/s  Total: 1667.02 GB
[ 1469.8s] IOs:    437098713  IOPS:   297390  Throughput:  1161.7 MB/s  Total: 1667.40 GB
[ 1470.1s] IOs:    437199565  IOPS:   297395  Throughput:  1161.7 MB/s  Total: 1667.78 GB
[ 1470.4s] IOs:    437299881  IOPS:   297407  Throughput:  1161.7 MB/s  Total: 1668.17 GB
[ 1470.7s] IOs:    437400809  IOPS:   297409  Throughput:  1161.8 MB/s  Total: 1668.55 GB
[ 1471.0s] IOs:    437501573  IOPS:   297423  Throughput:  1161.8 MB/s  Total: 1668.94 GB
[ 1471.5s] IOs:    437602041  IOPS:   297381  Throughput:  1161.6 MB/s  Total: 1669.32 GB
[ 1471.8s] IOs:    437702324  IOPS:   297396  Throughput:  1161.7 MB/s  Total: 1669.70 GB
[ 1472.4s] IOs:    437802621  IOPS:   297348  Throughput:  1161.5 MB/s  Total: 1670.08 GB
[ 1472.7s] IOs:    437903417  IOPS:   297357  Throughput:  1161.6 MB/s  Total: 1670.47 GB
[ 1473.0s] IOs:    438004141  IOPS:   297365  Throughput:  1161.6 MB/s  Total: 1670.85 GB
[ 1473.4s] IOs:    438104842  IOPS:   297345  Throughput:  1161.5 MB/s  Total: 1671.24 GB
[ 1473.7s] IOs:    438205285  IOPS:   297344  Throughput:  1161.5 MB/s  Total: 1671.62 GB
[ 1474.2s] IOs:    438305702  IOPS:   297324  Throughput:  1161.4 MB/s  Total: 1672.00 GB
[ 1474.4s] IOs:    438406108  IOPS:   297343  Throughput:  1161.5 MB/s  Total: 1672.39 GB
[ 1474.9s] IOs:    438506780  IOPS:   297304  Throughput:  1161.3 MB/s  Total: 1672.77 GB
[ 1475.3s] IOs:    438606934  IOPS:   297301  Throughput:  1161.3 MB/s  Total: 1673.15 GB
[ 1475.7s] IOs:    438707955  IOPS:   297298  Throughput:  1161.3 MB/s  Total: 1673.54 GB
[ 1475.9s] IOs:    438808566  IOPS:   297312  Throughput:  1161.4 MB/s  Total: 1673.92 GB
[ 1476.7s] IOs:    438909091  IOPS:   297228  Throughput:  1161.0 MB/s  Total: 1674.31 GB
[ 1477.4s] IOs:    439009768  IOPS:   297143  Throughput:  1160.7 MB/s  Total: 1674.69 GB
[ 1478.4s] IOs:    439110743  IOPS:   297025  Throughput:  1160.3 MB/s  Total: 1675.07 GB
[ 1479.2s] IOs:    439211414  IOPS:   296932  Throughput:  1159.9 MB/s  Total: 1675.46 GB
[ 1479.9s] IOs:    439312216  IOPS:   296856  Throughput:  1159.6 MB/s  Total: 1675.84 GB
[ 1480.4s] IOs:    439413004  IOPS:   296824  Throughput:  1159.5 MB/s  Total: 1676.23 GB
[ 1481.2s] IOs:    439513083  IOPS:   296736  Throughput:  1159.1 MB/s  Total: 1676.61 GB
[ 1481.7s] IOs:    439613261  IOPS:   296691  Throughput:  1159.0 MB/s  Total: 1676.99 GB
[ 1482.2s] IOs:    439714232  IOPS:   296653  Throughput:  1158.8 MB/s  Total: 1677.38 GB
[ 1482.8s] IOs:    439815128  IOPS:   296618  Throughput:  1158.7 MB/s  Total: 1677.76 GB
[ 1483.4s] IOs:    439915342  IOPS:   296561  Throughput:  1158.4 MB/s  Total: 1678.14 GB
[ 1483.7s] IOs:    440016209  IOPS:   296563  Throughput:  1158.5 MB/s  Total: 1678.53 GB
[ 1484.2s] IOs:    440117178  IOPS:   296528  Throughput:  1158.3 MB/s  Total: 1678.91 GB
[ 1484.7s] IOs:    440217852  IOPS:   296510  Throughput:  1158.2 MB/s  Total: 1679.30 GB
[ 1484.9s] IOs:    440318519  IOPS:   296525  Throughput:  1158.3 MB/s  Total: 1679.68 GB
[ 1485.6s] IOs:    440419321  IOPS:   296462  Throughput:  1158.1 MB/s  Total: 1680.07 GB
[ 1485.9s] IOs:    440519784  IOPS:   296475  Throughput:  1158.1 MB/s  Total: 1680.45 GB
[ 1486.4s] IOs:    440620610  IOPS:   296431  Throughput:  1157.9 MB/s  Total: 1680.83 GB
[ 1486.8s] IOs:    440721590  IOPS:   296415  Throughput:  1157.9 MB/s  Total: 1681.22 GB
[ 1487.2s] IOs:    440821881  IOPS:   296415  Throughput:  1157.9 MB/s  Total: 1681.60 GB
[ 1487.4s] IOs:    440922448  IOPS:   296436  Throughput:  1158.0 MB/s  Total: 1681.99 GB
[ 1487.9s] IOs:    441022731  IOPS:   296397  Throughput:  1157.8 MB/s  Total: 1682.37 GB
[Reader] Parsed 66000000 lines, distributed 441074337 writes, unique 550.18 GB, skipped 0
[ 1488.2s] IOs:    441123391  IOPS:   296409  Throughput:  1157.8 MB/s  Total: 1682.75 GB
[ 1488.5s] IOs:    441224218  IOPS:   296429  Throughput:  1157.9 MB/s  Total: 1683.14 GB
[ 1488.9s] IOs:    441325063  IOPS:   296415  Throughput:  1157.9 MB/s  Total: 1683.52 GB
[ 1489.2s] IOs:    441425863  IOPS:   296415  Throughput:  1157.9 MB/s  Total: 1683.91 GB
[ 1489.5s] IOs:    441526099  IOPS:   296425  Throughput:  1157.9 MB/s  Total: 1684.29 GB
[ 1489.9s] IOs:    441626579  IOPS:   296409  Throughput:  1157.8 MB/s  Total: 1684.67 GB
[ 1490.4s] IOs:    441726931  IOPS:   296377  Throughput:  1157.7 MB/s  Total: 1685.05 GB
[ 1490.7s] IOs:    441827570  IOPS:   296394  Throughput:  1157.8 MB/s  Total: 1685.44 GB
[ 1490.9s] IOs:    441927648  IOPS:   296413  Throughput:  1157.9 MB/s  Total: 1685.82 GB
[ 1491.3s] IOs:    442027826  IOPS:   296409  Throughput:  1157.8 MB/s  Total: 1686.20 GB
[ 1491.8s] IOs:    442128262  IOPS:   296369  Throughput:  1157.7 MB/s  Total: 1686.59 GB
[ 1492.5s] IOs:    442228331  IOPS:   296295  Throughput:  1157.4 MB/s  Total: 1686.97 GB
[ 1492.9s] IOs:    442328449  IOPS:   296281  Throughput:  1157.3 MB/s  Total: 1687.35 GB
[ 1493.5s] IOs:    442429048  IOPS:   296231  Throughput:  1157.2 MB/s  Total: 1687.73 GB
[ 1494.3s] IOs:    442529646  IOPS:   296139  Throughput:  1156.8 MB/s  Total: 1688.12 GB
[ 1494.8s] IOs:    442630494  IOPS:   296122  Throughput:  1156.7 MB/s  Total: 1688.50 GB
[ 1495.3s] IOs:    442731324  IOPS:   296086  Throughput:  1156.6 MB/s  Total: 1688.89 GB
[ 1495.7s] IOs:    442832233  IOPS:   296061  Throughput:  1156.5 MB/s  Total: 1689.27 GB
[ 1496.0s] IOs:    442933033  IOPS:   296072  Throughput:  1156.5 MB/s  Total: 1689.66 GB
[ 1497.4s] IOs:    443033728  IOPS:   295872  Throughput:  1155.7 MB/s  Total: 1690.04 GB
[ 1498.8s] IOs:    443134474  IOPS:   295656  Throughput:  1154.9 MB/s  Total: 1690.42 GB
[ 1499.9s] IOs:    443235445  IOPS:   295513  Throughput:  1154.3 MB/s  Total: 1690.81 GB
[ 1500.9s] IOs:    443336316  IOPS:   295379  Throughput:  1153.8 MB/s  Total: 1691.19 GB
[ 1501.9s] IOs:    443437050  IOPS:   295256  Throughput:  1153.3 MB/s  Total: 1691.58 GB
[ 1502.8s] IOs:    443537681  IOPS:   295147  Throughput:  1152.9 MB/s  Total: 1691.96 GB
[ 1503.4s] IOs:    443638301  IOPS:   295085  Throughput:  1152.7 MB/s  Total: 1692.35 GB
[ 1504.3s] IOs:    443738997  IOPS:   294984  Throughput:  1152.3 MB/s  Total: 1692.73 GB
[ 1504.9s] IOs:    443839760  IOPS:   294928  Throughput:  1152.1 MB/s  Total: 1693.11 GB
[ 1505.5s] IOs:    443940369  IOPS:   294880  Throughput:  1151.9 MB/s  Total: 1693.50 GB
[ 1506.0s] IOs:    444041254  IOPS:   294849  Throughput:  1151.8 MB/s  Total: 1693.88 GB
[ 1506.8s] IOs:    444142041  IOPS:   294756  Throughput:  1151.4 MB/s  Total: 1694.27 GB
[ 1507.4s] IOs:    444242684  IOPS:   294703  Throughput:  1151.2 MB/s  Total: 1694.65 GB
[ 1508.0s] IOs:    444343432  IOPS:   294658  Throughput:  1151.0 MB/s  Total: 1695.04 GB
[ 1508.4s] IOs:    444443639  IOPS:   294650  Throughput:  1151.0 MB/s  Total: 1695.42 GB
[ 1509.1s] IOs:    444544176  IOPS:   294578  Throughput:  1150.7 MB/s  Total: 1695.80 GB
[ 1509.4s] IOs:    444644582  IOPS:   294591  Throughput:  1150.7 MB/s  Total: 1696.18 GB
[ 1509.9s] IOs:    444745470  IOPS:   294561  Throughput:  1150.6 MB/s  Total: 1696.57 GB
[ 1510.4s] IOs:    444845792  IOPS:   294522  Throughput:  1150.5 MB/s  Total: 1696.95 GB
[ 1510.8s] IOs:    444946554  IOPS:   294514  Throughput:  1150.4 MB/s  Total: 1697.34 GB
[ 1511.1s] IOs:    445047223  IOPS:   294515  Throughput:  1150.4 MB/s  Total: 1697.72 GB
[ 1511.5s] IOs:    445147620  IOPS:   294516  Throughput:  1150.5 MB/s  Total: 1698.10 GB
[ 1511.9s] IOs:    445248240  IOPS:   294491  Throughput:  1150.4 MB/s  Total: 1698.49 GB
[ 1512.3s] IOs:    445349224  IOPS:   294480  Throughput:  1150.3 MB/s  Total: 1698.87 GB
[ 1512.6s] IOs:    445449816  IOPS:   294496  Throughput:  1150.4 MB/s  Total: 1699.26 GB
[ 1513.0s] IOs:    445550613  IOPS:   294490  Throughput:  1150.4 MB/s  Total: 1699.64 GB
[ 1513.4s] IOs:    445651392  IOPS:   294474  Throughput:  1150.3 MB/s  Total: 1700.03 GB
[ 1513.6s] IOs:    445751696  IOPS:   294492  Throughput:  1150.4 MB/s  Total: 1700.41 GB
[ 1513.9s] IOs:    445852583  IOPS:   294501  Throughput:  1150.4 MB/s  Total: 1700.79 GB
[ 1514.6s] IOs:    445953310  IOPS:   294427  Throughput:  1150.1 MB/s  Total: 1701.18 GB
[ 1515.0s] IOs:    446053751  IOPS:   294434  Throughput:  1150.1 MB/s  Total: 1701.56 GB
[ 1515.5s] IOs:    446154504  IOPS:   294395  Throughput:  1150.0 MB/s  Total: 1701.94 GB
[ 1515.8s] IOs:    446255001  IOPS:   294397  Throughput:  1150.0 MB/s  Total: 1702.33 GB
[ 1516.1s] IOs:    446355502  IOPS:   294420  Throughput:  1150.1 MB/s  Total: 1702.71 GB
[ 1516.6s] IOs:    446456085  IOPS:   294384  Throughput:  1149.9 MB/s  Total: 1703.09 GB
[ 1516.9s] IOs:    446556806  IOPS:   294378  Throughput:  1149.9 MB/s  Total: 1703.48 GB
[ 1517.5s] IOs:    446657445  IOPS:   294340  Throughput:  1149.8 MB/s  Total: 1703.86 GB
[ 1517.8s] IOs:    446758168  IOPS:   294349  Throughput:  1149.8 MB/s  Total: 1704.25 GB
[ 1518.0s] IOs:    446858870  IOPS:   294372  Throughput:  1149.9 MB/s  Total: 1704.63 GB
[ 1518.9s] IOs:    446959251  IOPS:   294271  Throughput:  1149.5 MB/s  Total: 1705.01 GB
[ 1519.2s] IOs:    447060057  IOPS:   294278  Throughput:  1149.5 MB/s  Total: 1705.40 GB
[ 1519.4s] IOs:    447160837  IOPS:   294293  Throughput:  1149.6 MB/s  Total: 1705.78 GB
[ 1519.7s] IOs:    447261859  IOPS:   294303  Throughput:  1149.6 MB/s  Total: 1706.17 GB
[ 1520.0s] IOs:    447362736  IOPS:   294318  Throughput:  1149.7 MB/s  Total: 1706.55 GB
[ 1520.3s] IOs:    447463393  IOPS:   294334  Throughput:  1149.7 MB/s  Total: 1706.94 GB
[ 1520.5s] IOs:    447564165  IOPS:   294355  Throughput:  1149.8 MB/s  Total: 1707.32 GB
[ 1520.8s] IOs:    447664850  IOPS:   294367  Throughput:  1149.9 MB/s  Total: 1707.71 GB
[ 1521.0s] IOs:    447765149  IOPS:   294385  Throughput:  1149.9 MB/s  Total: 1708.09 GB
[ 1521.3s] IOs:    447865700  IOPS:   294391  Throughput:  1150.0 MB/s  Total: 1708.47 GB
[ 1521.5s] IOs:    447966544  IOPS:   294415  Throughput:  1150.1 MB/s  Total: 1708.86 GB
[ 1521.9s] IOs:    448067163  IOPS:   294418  Throughput:  1150.1 MB/s  Total: 1709.24 GB
[ 1522.1s] IOs:    448167868  IOPS:   294436  Throughput:  1150.1 MB/s  Total: 1709.62 GB
[ 1522.4s] IOs:    448268215  IOPS:   294453  Throughput:  1150.2 MB/s  Total: 1710.01 GB
[ 1522.7s] IOs:    448368245  IOPS:   294463  Throughput:  1150.2 MB/s  Total: 1710.39 GB
[ 1523.0s] IOs:    448469053  IOPS:   294474  Throughput:  1150.3 MB/s  Total: 1710.77 GB
[ 1523.2s] IOs:    448569497  IOPS:   294492  Throughput:  1150.4 MB/s  Total: 1711.16 GB
[ 1523.4s] IOs:    448669846  IOPS:   294516  Throughput:  1150.5 MB/s  Total: 1711.54 GB
[ 1523.6s] IOs:    448770692  IOPS:   294539  Throughput:  1150.5 MB/s  Total: 1711.92 GB
[ 1524.1s] IOs:    448871441  IOPS:   294519  Throughput:  1150.5 MB/s  Total: 1712.31 GB
[ 1524.3s] IOs:    448972112  IOPS:   294543  Throughput:  1150.6 MB/s  Total: 1712.69 GB
[ 1524.5s] IOs:    449072793  IOPS:   294562  Throughput:  1150.6 MB/s  Total: 1713.08 GB
[ 1524.9s] IOs:    449173149  IOPS:   294562  Throughput:  1150.6 MB/s  Total: 1713.46 GB
[ 1525.4s] IOs:    449273852  IOPS:   294534  Throughput:  1150.5 MB/s  Total: 1713.84 GB
[ 1525.7s] IOs:    449374372  IOPS:   294541  Throughput:  1150.5 MB/s  Total: 1714.23 GB
[ 1526.0s] IOs:    449475139  IOPS:   294547  Throughput:  1150.6 MB/s  Total: 1714.61 GB
[ 1526.3s] IOs:    449575985  IOPS:   294559  Throughput:  1150.6 MB/s  Total: 1715.00 GB
[ 1526.5s] IOs:    449676672  IOPS:   294578  Throughput:  1150.7 MB/s  Total: 1715.38 GB
[ 1526.9s] IOs:    449777205  IOPS:   294578  Throughput:  1150.7 MB/s  Total: 1715.76 GB
[ 1527.1s] IOs:    449877998  IOPS:   294602  Throughput:  1150.8 MB/s  Total: 1716.15 GB
[ 1527.5s] IOs:    449978729  IOPS:   294593  Throughput:  1150.8 MB/s  Total: 1716.53 GB
[ 1527.7s] IOs:    450079557  IOPS:   294611  Throughput:  1150.8 MB/s  Total: 1716.92 GB
[ 1528.0s] IOs:    450180388  IOPS:   294624  Throughput:  1150.9 MB/s  Total: 1717.30 GB
[ 1528.2s] IOs:    450280866  IOPS:   294644  Throughput:  1151.0 MB/s  Total: 1717.69 GB
[ 1528.5s] IOs:    450381357  IOPS:   294650  Throughput:  1151.0 MB/s  Total: 1718.07 GB
[ 1528.7s] IOs:    450481534  IOPS:   294675  Throughput:  1151.1 MB/s  Total: 1718.45 GB
[ 1529.0s] IOs:    450582009  IOPS:   294685  Throughput:  1151.1 MB/s  Total: 1718.83 GB
[ 1529.3s] IOs:    450682170  IOPS:   294700  Throughput:  1151.2 MB/s  Total: 1719.22 GB
[ 1529.6s] IOs:    450782655  IOPS:   294716  Throughput:  1151.2 MB/s  Total: 1719.60 GB
[ 1529.8s] IOs:    450883203  IOPS:   294739  Throughput:  1151.3 MB/s  Total: 1719.98 GB
[ 1530.0s] IOs:    450983888  IOPS:   294761  Throughput:  1151.4 MB/s  Total: 1720.37 GB
[ 1530.2s] IOs:    451084512  IOPS:   294783  Throughput:  1151.5 MB/s  Total: 1720.75 GB
[ 1530.5s] IOs:    451185238  IOPS:   294798  Throughput:  1151.6 MB/s  Total: 1721.14 GB
[ 1530.7s] IOs:    451285477  IOPS:   294820  Throughput:  1151.6 MB/s  Total: 1721.52 GB
[ 1530.9s] IOs:    451385826  IOPS:   294841  Throughput:  1151.7 MB/s  Total: 1721.90 GB
[ 1531.1s] IOs:    451486860  IOPS:   294871  Throughput:  1151.8 MB/s  Total: 1722.29 GB
[ 1531.4s] IOs:    451587604  IOPS:   294892  Throughput:  1151.9 MB/s  Total: 1722.67 GB
[ 1531.6s] IOs:    451687740  IOPS:   294918  Throughput:  1152.0 MB/s  Total: 1723.05 GB
[ 1531.9s] IOs:    451788653  IOPS:   294929  Throughput:  1152.1 MB/s  Total: 1723.44 GB
[ 1532.1s] IOs:    451889313  IOPS:   294953  Throughput:  1152.2 MB/s  Total: 1723.82 GB
[ 1532.3s] IOs:    451989515  IOPS:   294966  Throughput:  1152.2 MB/s  Total: 1724.20 GB
[ 1532.8s] IOs:    452089969  IOPS:   294948  Throughput:  1152.1 MB/s  Total: 1724.59 GB
[ 1533.0s] IOs:    452190398  IOPS:   294974  Throughput:  1152.2 MB/s  Total: 1724.97 GB
[ 1533.5s] IOs:    452290805  IOPS:   294934  Throughput:  1152.1 MB/s  Total: 1725.35 GB
[ 1534.0s] IOs:    452391144  IOPS:   294912  Throughput:  1152.0 MB/s  Total: 1725.74 GB
[ 1534.4s] IOs:    452492068  IOPS:   294902  Throughput:  1152.0 MB/s  Total: 1726.12 GB
[ 1534.6s] IOs:    452592320  IOPS:   294924  Throughput:  1152.0 MB/s  Total: 1726.50 GB
[ 1535.0s] IOs:    452692919  IOPS:   294911  Throughput:  1152.0 MB/s  Total: 1726.89 GB
[ 1535.5s] IOs:    452793425  IOPS:   294889  Throughput:  1151.9 MB/s  Total: 1727.27 GB
[ 1535.8s] IOs:    452893583  IOPS:   294883  Throughput:  1151.9 MB/s  Total: 1727.65 GB
[ 1536.1s] IOs:    452993869  IOPS:   294906  Throughput:  1152.0 MB/s  Total: 1728.03 GB
[ 1536.4s] IOs:    453094508  IOPS:   294908  Throughput:  1152.0 MB/s  Total: 1728.42 GB
[ 1536.6s] IOs:    453195392  IOPS:   294935  Throughput:  1152.1 MB/s  Total: 1728.80 GB
[ 1537.0s] IOs:    453295915  IOPS:   294919  Throughput:  1152.0 MB/s  Total: 1729.19 GB
[ 1537.4s] IOs:    453396478  IOPS:   294920  Throughput:  1152.0 MB/s  Total: 1729.57 GB
[Reader] Parsed 67000000 lines, distributed 453475977 writes, unique 564.48 GB, skipped 0
[ 1537.6s] IOs:    453496962  IOPS:   294946  Throughput:  1152.1 MB/s  Total: 1729.95 GB
[ 1538.0s] IOs:    453597825  IOPS:   294933  Throughput:  1152.1 MB/s  Total: 1730.34 GB
[ 1538.3s] IOs:    453698385  IOPS:   294936  Throughput:  1152.1 MB/s  Total: 1730.72 GB
[ 1538.5s] IOs:    453799310  IOPS:   294961  Throughput:  1152.2 MB/s  Total: 1731.11 GB
[ 1538.8s] IOs:    453899440  IOPS:   294963  Throughput:  1152.2 MB/s  Total: 1731.49 GB
[ 1539.3s] IOs:    454000075  IOPS:   294940  Throughput:  1152.1 MB/s  Total: 1731.87 GB
[ 1539.5s] IOs:    454100203  IOPS:   294959  Throughput:  1152.2 MB/s  Total: 1732.25 GB
[ 1540.1s] IOs:    454200638  IOPS:   294926  Throughput:  1152.1 MB/s  Total: 1732.64 GB
[ 1540.4s] IOs:    454301258  IOPS:   294917  Throughput:  1152.0 MB/s  Total: 1733.02 GB
[ 1540.8s] IOs:    454402108  IOPS:   294905  Throughput:  1152.0 MB/s  Total: 1733.41 GB
[ 1541.1s] IOs:    454502705  IOPS:   294930  Throughput:  1152.1 MB/s  Total: 1733.79 GB
[ 1541.5s] IOs:    454603515  IOPS:   294916  Throughput:  1152.0 MB/s  Total: 1734.17 GB
[ 1541.9s] IOs:    454703569  IOPS:   294901  Throughput:  1152.0 MB/s  Total: 1734.56 GB
[ 1542.1s] IOs:    454803580  IOPS:   294920  Throughput:  1152.0 MB/s  Total: 1734.94 GB
[ 1542.4s] IOs:    454903819  IOPS:   294927  Throughput:  1152.1 MB/s  Total: 1735.32 GB
[ 1542.7s] IOs:    455004508  IOPS:   294949  Throughput:  1152.1 MB/s  Total: 1735.70 GB
[ 1543.0s] IOs:    455104942  IOPS:   294947  Throughput:  1152.1 MB/s  Total: 1736.09 GB
[ 1543.3s] IOs:    455205604  IOPS:   294951  Throughput:  1152.2 MB/s  Total: 1736.47 GB
[ 1543.6s] IOs:    455305817  IOPS:   294969  Throughput:  1152.2 MB/s  Total: 1736.85 GB
[ 1544.0s] IOs:    455406052  IOPS:   294954  Throughput:  1152.2 MB/s  Total: 1737.24 GB
[ 1544.2s] IOs:    455506142  IOPS:   294976  Throughput:  1152.2 MB/s  Total: 1737.62 GB
[ 1544.5s] IOs:    455606764  IOPS:   294986  Throughput:  1152.3 MB/s  Total: 1738.00 GB
[ 1544.7s] IOs:    455707456  IOPS:   295010  Throughput:  1152.4 MB/s  Total: 1738.39 GB
[ 1545.0s] IOs:    455808130  IOPS:   295023  Throughput:  1152.4 MB/s  Total: 1738.77 GB
[ 1545.3s] IOs:    455908723  IOPS:   295029  Throughput:  1152.5 MB/s  Total: 1739.15 GB
[ 1545.8s] IOs:    456009484  IOPS:   294991  Throughput:  1152.3 MB/s  Total: 1739.54 GB
[ 1546.4s] IOs:    456109689  IOPS:   294944  Throughput:  1152.1 MB/s  Total: 1739.92 GB
[ 1547.0s] IOs:    456210185  IOPS:   294902  Throughput:  1152.0 MB/s  Total: 1740.30 GB
[ 1547.5s] IOs:    456311154  IOPS:   294862  Throughput:  1151.8 MB/s  Total: 1740.69 GB
[ 1548.1s] IOs:    456411553  IOPS:   294829  Throughput:  1151.7 MB/s  Total: 1741.07 GB
[ 1548.5s] IOs:    456512116  IOPS:   294818  Throughput:  1151.6 MB/s  Total: 1741.46 GB
[ 1548.9s] IOs:    456612593  IOPS:   294789  Throughput:  1151.5 MB/s  Total: 1741.84 GB
[ 1549.4s] IOs:    456713466  IOPS:   294764  Throughput:  1151.4 MB/s  Total: 1742.22 GB
[ 1549.9s] IOs:    456813636  IOPS:   294738  Throughput:  1151.3 MB/s  Total: 1742.61 GB
[ 1550.4s] IOs:    456914506  IOPS:   294706  Throughput:  1151.2 MB/s  Total: 1742.99 GB
[ 1551.5s] IOs:    457015389  IOPS:   294568  Throughput:  1150.7 MB/s  Total: 1743.38 GB
[ 1552.5s] IOs:    457116300  IOPS:   294440  Throughput:  1150.2 MB/s  Total: 1743.76 GB
[ 1552.7s] IOs:    457216788  IOPS:   294460  Throughput:  1150.2 MB/s  Total: 1744.14 GB
[ 1553.0s] IOs:    457317603  IOPS:   294481  Throughput:  1150.3 MB/s  Total: 1744.53 GB
[ 1553.3s] IOs:    457417996  IOPS:   294478  Throughput:  1150.3 MB/s  Total: 1744.91 GB
[ 1553.6s] IOs:    457518966  IOPS:   294496  Throughput:  1150.4 MB/s  Total: 1745.30 GB
[ 1554.2s] IOs:    457619271  IOPS:   294439  Throughput:  1150.2 MB/s  Total: 1745.68 GB
[ 1554.5s] IOs:    457719870  IOPS:   294457  Throughput:  1150.2 MB/s  Total: 1746.06 GB
[ 1554.7s] IOs:    457820423  IOPS:   294472  Throughput:  1150.3 MB/s  Total: 1746.45 GB
[ 1555.0s] IOs:    457921281  IOPS:   294482  Throughput:  1150.3 MB/s  Total: 1746.83 GB
[ 1555.3s] IOs:    458021957  IOPS:   294486  Throughput:  1150.3 MB/s  Total: 1747.22 GB
[ 1555.6s] IOs:    458122590  IOPS:   294502  Throughput:  1150.4 MB/s  Total: 1747.60 GB
[ 1555.9s] IOs:    458223145  IOPS:   294516  Throughput:  1150.5 MB/s  Total: 1747.98 GB
[ 1556.1s] IOs:    458323602  IOPS:   294532  Throughput:  1150.5 MB/s  Total: 1748.37 GB
[ 1556.3s] IOs:    458424290  IOPS:   294554  Throughput:  1150.6 MB/s  Total: 1748.75 GB
[ 1556.6s] IOs:    458524867  IOPS:   294568  Throughput:  1150.7 MB/s  Total: 1749.13 GB
[ 1556.9s] IOs:    458625622  IOPS:   294581  Throughput:  1150.7 MB/s  Total: 1749.52 GB
[ 1557.1s] IOs:    458726592  IOPS:   294599  Throughput:  1150.8 MB/s  Total: 1749.90 GB
[ 1557.4s] IOs:    458827484  IOPS:   294613  Throughput:  1150.8 MB/s  Total: 1750.29 GB
[ 1557.6s] IOs:    458928329  IOPS:   294633  Throughput:  1150.9 MB/s  Total: 1750.67 GB
[ 1557.9s] IOs:    459029307  IOPS:   294647  Throughput:  1151.0 MB/s  Total: 1751.06 GB
[ 1558.3s] IOs:    459129785  IOPS:   294644  Throughput:  1151.0 MB/s  Total: 1751.44 GB
[ 1558.4s] IOs:    459230231  IOPS:   294672  Throughput:  1151.1 MB/s  Total: 1751.82 GB
[ 1558.8s] IOs:    459330625  IOPS:   294665  Throughput:  1151.0 MB/s  Total: 1752.21 GB
[ 1559.1s] IOs:    459431291  IOPS:   294682  Throughput:  1151.1 MB/s  Total: 1752.59 GB
[ 1559.4s] IOs:    459531678  IOPS:   294684  Throughput:  1151.1 MB/s  Total: 1752.97 GB
[ 1559.6s] IOs:    459631705  IOPS:   294708  Throughput:  1151.2 MB/s  Total: 1753.36 GB
[ 1559.9s] IOs:    459732604  IOPS:   294711  Throughput:  1151.2 MB/s  Total: 1753.74 GB
[ 1560.1s] IOs:    459832997  IOPS:   294738  Throughput:  1151.3 MB/s  Total: 1754.12 GB
[ 1560.5s] IOs:    459933029  IOPS:   294741  Throughput:  1151.3 MB/s  Total: 1754.51 GB
[ 1560.7s] IOs:    460033986  IOPS:   294767  Throughput:  1151.4 MB/s  Total: 1754.89 GB
[ 1561.0s] IOs:    460134927  IOPS:   294773  Throughput:  1151.5 MB/s  Total: 1755.28 GB
[ 1561.2s] IOs:    460235476  IOPS:   294799  Throughput:  1151.6 MB/s  Total: 1755.66 GB
[ 1561.5s] IOs:    460335845  IOPS:   294813  Throughput:  1151.6 MB/s  Total: 1756.04 GB
[ 1561.7s] IOs:    460436780  IOPS:   294839  Throughput:  1151.7 MB/s  Total: 1756.43 GB
[ 1561.9s] IOs:    460537178  IOPS:   294853  Throughput:  1151.8 MB/s  Total: 1756.81 GB
[ 1562.2s] IOs:    460638130  IOPS:   294873  Throughput:  1151.8 MB/s  Total: 1757.20 GB
[ 1562.4s] IOs:    460738285  IOPS:   294899  Throughput:  1151.9 MB/s  Total: 1757.58 GB
[ 1562.6s] IOs:    460839251  IOPS:   294923  Throughput:  1152.0 MB/s  Total: 1757.96 GB
[ 1562.8s] IOs:    460939696  IOPS:   294952  Throughput:  1152.2 MB/s  Total: 1758.35 GB
[ 1563.0s] IOs:    461039889  IOPS:   294977  Throughput:  1152.3 MB/s  Total: 1758.73 GB
[ 1563.2s] IOs:    461140656  IOPS:   294999  Throughput:  1152.3 MB/s  Total: 1759.11 GB
[ 1563.4s] IOs:    461241235  IOPS:   295019  Throughput:  1152.4 MB/s  Total: 1759.50 GB
[ 1563.7s] IOs:    461341939  IOPS:   295040  Throughput:  1152.5 MB/s  Total: 1759.88 GB
[ 1563.9s] IOs:    461442255  IOPS:   295059  Throughput:  1152.6 MB/s  Total: 1760.26 GB
[ 1564.1s] IOs:    461543275  IOPS:   295088  Throughput:  1152.7 MB/s  Total: 1760.65 GB
[ 1564.3s] IOs:    461643499  IOPS:   295104  Throughput:  1152.7 MB/s  Total: 1761.03 GB
[ 1564.6s] IOs:    461743900  IOPS:   295119  Throughput:  1152.8 MB/s  Total: 1761.41 GB
[ 1564.8s] IOs:    461844521  IOPS:   295145  Throughput:  1152.9 MB/s  Total: 1761.80 GB
[ 1565.0s] IOs:    461945047  IOPS:   295170  Throughput:  1153.0 MB/s  Total: 1762.18 GB
[ 1565.2s] IOs:    462045332  IOPS:   295196  Throughput:  1153.1 MB/s  Total: 1762.56 GB
[ 1565.4s] IOs:    462145512  IOPS:   295219  Throughput:  1153.2 MB/s  Total: 1762.95 GB
[ 1565.6s] IOs:    462245747  IOPS:   295248  Throughput:  1153.3 MB/s  Total: 1763.33 GB
[ 1565.9s] IOs:    462345951  IOPS:   295262  Throughput:  1153.4 MB/s  Total: 1763.71 GB
[ 1566.1s] IOs:    462446272  IOPS:   295281  Throughput:  1153.4 MB/s  Total: 1764.09 GB
[ 1566.4s] IOs:    462546574  IOPS:   295301  Throughput:  1153.5 MB/s  Total: 1764.48 GB
[ 1566.6s] IOs:    462646711  IOPS:   295321  Throughput:  1153.6 MB/s  Total: 1764.86 GB
[ 1566.8s] IOs:    462747019  IOPS:   295336  Throughput:  1153.7 MB/s  Total: 1765.24 GB
[ 1567.0s] IOs:    462847091  IOPS:   295365  Throughput:  1153.8 MB/s  Total: 1765.62 GB
[ 1567.4s] IOs:    462947669  IOPS:   295366  Throughput:  1153.8 MB/s  Total: 1766.01 GB
[ 1567.6s] IOs:    463048217  IOPS:   295390  Throughput:  1153.9 MB/s  Total: 1766.39 GB
[ 1567.9s] IOs:    463148820  IOPS:   295402  Throughput:  1153.9 MB/s  Total: 1766.77 GB
[ 1568.2s] IOs:    463249128  IOPS:   295398  Throughput:  1153.9 MB/s  Total: 1767.16 GB
[ 1568.4s] IOs:    463349410  IOPS:   295427  Throughput:  1154.0 MB/s  Total: 1767.54 GB
[ 1568.6s] IOs:    463449619  IOPS:   295456  Throughput:  1154.1 MB/s  Total: 1767.92 GB
[ 1569.1s] IOs:    463549749  IOPS:   295433  Throughput:  1154.0 MB/s  Total: 1768.30 GB
[ 1569.3s] IOs:    463650678  IOPS:   295449  Throughput:  1154.1 MB/s  Total: 1768.69 GB
[ 1569.6s] IOs:    463750901  IOPS:   295464  Throughput:  1154.2 MB/s  Total: 1769.07 GB
[ 1569.8s] IOs:    463851635  IOPS:   295480  Throughput:  1154.2 MB/s  Total: 1769.45 GB
[ 1570.0s] IOs:    463951846  IOPS:   295510  Throughput:  1154.3 MB/s  Total: 1769.84 GB
[ 1570.3s] IOs:    464052171  IOPS:   295514  Throughput:  1154.4 MB/s  Total: 1770.22 GB
[ 1570.5s] IOs:    464152465  IOPS:   295542  Throughput:  1154.5 MB/s  Total: 1770.60 GB
[ 1570.7s] IOs:    464252685  IOPS:   295566  Throughput:  1154.6 MB/s  Total: 1770.98 GB
[ 1571.0s] IOs:    464353459  IOPS:   295576  Throughput:  1154.6 MB/s  Total: 1771.37 GB
[ 1571.2s] IOs:    464453996  IOPS:   295602  Throughput:  1154.7 MB/s  Total: 1771.75 GB
[ 1571.5s] IOs:    464554748  IOPS:   295615  Throughput:  1154.7 MB/s  Total: 1772.14 GB
[ 1571.7s] IOs:    464655583  IOPS:   295644  Throughput:  1154.9 MB/s  Total: 1772.52 GB
[ 1571.9s] IOs:    464756282  IOPS:   295659  Throughput:  1154.9 MB/s  Total: 1772.90 GB
[ 1572.1s] IOs:    464856918  IOPS:   295684  Throughput:  1155.0 MB/s  Total: 1773.29 GB
[ 1572.4s] IOs:    464957861  IOPS:   295702  Throughput:  1155.1 MB/s  Total: 1773.67 GB
[ 1572.6s] IOs:    465058290  IOPS:   295731  Throughput:  1155.2 MB/s  Total: 1774.06 GB
[ 1572.9s] IOs:    465158986  IOPS:   295738  Throughput:  1155.2 MB/s  Total: 1774.44 GB
[ 1573.1s] IOs:    465259289  IOPS:   295767  Throughput:  1155.3 MB/s  Total: 1774.82 GB
[ 1573.3s] IOs:    465359573  IOPS:   295785  Throughput:  1155.4 MB/s  Total: 1775.21 GB
[ 1573.5s] IOs:    465459946  IOPS:   295810  Throughput:  1155.5 MB/s  Total: 1775.59 GB
[ 1573.7s] IOs:    465560395  IOPS:   295837  Throughput:  1155.6 MB/s  Total: 1775.97 GB
[ 1574.0s] IOs:    465660838  IOPS:   295854  Throughput:  1155.7 MB/s  Total: 1776.36 GB
[ 1574.2s] IOs:    465760859  IOPS:   295876  Throughput:  1155.8 MB/s  Total: 1776.74 GB
[Reader] Parsed 68000000 lines, distributed 465773570 writes, unique 580.90 GB, skipped 0
[ 1574.4s] IOs:    465861741  IOPS:   295900  Throughput:  1155.9 MB/s  Total: 1777.12 GB
[ 1574.6s] IOs:    465961955  IOPS:   295925  Throughput:  1156.0 MB/s  Total: 1777.50 GB
[ 1574.8s] IOs:    466062190  IOPS:   295951  Throughput:  1156.1 MB/s  Total: 1777.89 GB
[ 1575.0s] IOs:    466162805  IOPS:   295975  Throughput:  1156.2 MB/s  Total: 1778.27 GB
[ 1575.2s] IOs:    466263435  IOPS:   296003  Throughput:  1156.3 MB/s  Total: 1778.65 GB
[ 1575.4s] IOs:    466364041  IOPS:   296029  Throughput:  1156.4 MB/s  Total: 1779.04 GB
[ 1575.7s] IOs:    466464441  IOPS:   296040  Throughput:  1156.4 MB/s  Total: 1779.42 GB
[ 1575.9s] IOs:    466565305  IOPS:   296054  Throughput:  1156.5 MB/s  Total: 1779.81 GB
[ 1576.2s] IOs:    466666166  IOPS:   296065  Throughput:  1156.5 MB/s  Total: 1780.19 GB
[ 1576.4s] IOs:    466766445  IOPS:   296090  Throughput:  1156.6 MB/s  Total: 1780.57 GB
[ 1576.6s] IOs:    466866676  IOPS:   296117  Throughput:  1156.7 MB/s  Total: 1780.96 GB
[ 1576.9s] IOs:    466967541  IOPS:   296121  Throughput:  1156.7 MB/s  Total: 1781.34 GB
[ 1577.2s] IOs:    467068030  IOPS:   296132  Throughput:  1156.8 MB/s  Total: 1781.72 GB
[ 1577.5s] IOs:    467168524  IOPS:   296147  Throughput:  1156.8 MB/s  Total: 1782.11 GB
[ 1577.7s] IOs:    467269180  IOPS:   296165  Throughput:  1156.9 MB/s  Total: 1782.49 GB
[ 1577.9s] IOs:    467369532  IOPS:   296188  Throughput:  1157.0 MB/s  Total: 1782.87 GB
[ 1578.1s] IOs:    467470127  IOPS:   296217  Throughput:  1157.1 MB/s  Total: 1783.26 GB
[ 1578.5s] IOs:    467570187  IOPS:   296219  Throughput:  1157.1 MB/s  Total: 1783.64 GB
[ 1578.7s] IOs:    467671164  IOPS:   296243  Throughput:  1157.2 MB/s  Total: 1784.02 GB
[ 1579.0s] IOs:    467771945  IOPS:   296247  Throughput:  1157.2 MB/s  Total: 1784.41 GB
[ 1579.2s] IOs:    467872097  IOPS:   296267  Throughput:  1157.3 MB/s  Total: 1784.79 GB
[ 1579.4s] IOs:    467972429  IOPS:   296293  Throughput:  1157.4 MB/s  Total: 1785.17 GB
[ 1584.5s] IOs:    468073024  IOPS:   295412  Throughput:  1154.0 MB/s  Total: 1785.56 GB
[ 1589.0s] IOs:    468173545  IOPS:   294632  Throughput:  1150.9 MB/s  Total: 1785.94 GB
[ 1592.1s] IOs:    468273619  IOPS:   294126  Throughput:  1148.9 MB/s  Total: 1786.32 GB
[ 1594.6s] IOs:    468373882  IOPS:   293729  Throughput:  1147.4 MB/s  Total: 1786.70 GB
[ 1596.6s] IOs:    468474613  IOPS:   293427  Throughput:  1146.2 MB/s  Total: 1787.09 GB
[ 1598.1s] IOs:    468575522  IOPS:   293211  Throughput:  1145.4 MB/s  Total: 1787.47 GB
[ 1599.8s] IOs:    468676275  IOPS:   292963  Throughput:  1144.4 MB/s  Total: 1787.86 GB
[ 1601.0s] IOs:    468777105  IOPS:   292808  Throughput:  1143.8 MB/s  Total: 1788.24 GB
[ 1602.1s] IOs:    468877158  IOPS:   292667  Throughput:  1143.2 MB/s  Total: 1788.62 GB
[ 1603.0s] IOs:    468977517  IOPS:   292556  Throughput:  1142.8 MB/s  Total: 1789.01 GB
[ 1604.0s] IOs:    469078325  IOPS:   292448  Throughput:  1142.4 MB/s  Total: 1789.39 GB
[ 1604.7s] IOs:    469179270  IOPS:   292382  Throughput:  1142.1 MB/s  Total: 1789.78 GB
[ 1605.6s] IOs:    469280250  IOPS:   292282  Throughput:  1141.7 MB/s  Total: 1790.16 GB
[ 1606.2s] IOs:    469381047  IOPS:   292226  Throughput:  1141.5 MB/s  Total: 1790.55 GB
[ 1607.0s] IOs:    469481731  IOPS:   292155  Throughput:  1141.2 MB/s  Total: 1790.93 GB
[ 1607.7s] IOs:    469582650  IOPS:   292089  Throughput:  1141.0 MB/s  Total: 1791.32 GB
[ 1608.2s] IOs:    469683269  IOPS:   292054  Throughput:  1140.8 MB/s  Total: 1791.70 GB
[ 1608.6s] IOs:    469784265  IOPS:   292040  Throughput:  1140.8 MB/s  Total: 1792.08 GB
[ 1609.2s] IOs:    469884429  IOPS:   292006  Throughput:  1140.6 MB/s  Total: 1792.47 GB
[ 1609.8s] IOs:    469984997  IOPS:   291946  Throughput:  1140.4 MB/s  Total: 1792.85 GB
[ 1610.1s] IOs:    470085596  IOPS:   291954  Throughput:  1140.4 MB/s  Total: 1793.23 GB
[ 1610.7s] IOs:    470186453  IOPS:   291919  Throughput:  1140.3 MB/s  Total: 1793.62 GB
[ 1611.2s] IOs:    470287029  IOPS:   291894  Throughput:  1140.2 MB/s  Total: 1794.00 GB
[ 1611.6s] IOs:    470387392  IOPS:   291884  Throughput:  1140.2 MB/s  Total: 1794.39 GB
[ 1612.0s] IOs:    470488145  IOPS:   291858  Throughput:  1140.1 MB/s  Total: 1794.77 GB
[ 1612.5s] IOs:    470588772  IOPS:   291835  Throughput:  1140.0 MB/s  Total: 1795.15 GB
[ 1612.9s] IOs:    470689386  IOPS:   291823  Throughput:  1139.9 MB/s  Total: 1795.54 GB
[ 1613.2s] IOs:    470790044  IOPS:   291829  Throughput:  1140.0 MB/s  Total: 1795.92 GB
[ 1613.9s] IOs:    470890499  IOPS:   291776  Throughput:  1139.8 MB/s  Total: 1796.30 GB
[ 1614.6s] IOs:    470991249  IOPS:   291712  Throughput:  1139.5 MB/s  Total: 1796.69 GB
[ 1615.1s] IOs:    471091756  IOPS:   291674  Throughput:  1139.4 MB/s  Total: 1797.07 GB
[ 1615.7s] IOs:    471191807  IOPS:   291640  Throughput:  1139.2 MB/s  Total: 1797.45 GB
[ 1616.2s] IOs:    471292404  IOPS:   291603  Throughput:  1139.1 MB/s  Total: 1797.84 GB
[ 1616.8s] IOs:    471392613  IOPS:   291563  Throughput:  1138.9 MB/s  Total: 1798.22 GB
[ 1617.2s] IOs:    471493465  IOPS:   291545  Throughput:  1138.8 MB/s  Total: 1798.60 GB
[ 1617.7s] IOs:    471594019  IOPS:   291514  Throughput:  1138.7 MB/s  Total: 1798.99 GB
[ 1618.3s] IOs:    471694866  IOPS:   291484  Throughput:  1138.6 MB/s  Total: 1799.37 GB
[ 1618.7s] IOs:    471795663  IOPS:   291460  Throughput:  1138.5 MB/s  Total: 1799.76 GB
[ 1619.1s] IOs:    471896372  IOPS:   291457  Throughput:  1138.5 MB/s  Total: 1800.14 GB
[ 1619.6s] IOs:    471996806  IOPS:   291430  Throughput:  1138.4 MB/s  Total: 1800.52 GB
[ 1620.0s] IOs:    472097363  IOPS:   291426  Throughput:  1138.4 MB/s  Total: 1800.91 GB
[ 1620.2s] IOs:    472198075  IOPS:   291443  Throughput:  1138.4 MB/s  Total: 1801.29 GB
[ 1620.6s] IOs:    472298122  IOPS:   291427  Throughput:  1138.4 MB/s  Total: 1801.67 GB
[ 1621.1s] IOs:    472398619  IOPS:   291414  Throughput:  1138.3 MB/s  Total: 1802.06 GB
[ 1621.4s] IOs:    472498858  IOPS:   291418  Throughput:  1138.3 MB/s  Total: 1802.44 GB
[ 1621.7s] IOs:    472599334  IOPS:   291429  Throughput:  1138.4 MB/s  Total: 1802.82 GB
[ 1622.2s] IOs:    472700188  IOPS:   291391  Throughput:  1138.2 MB/s  Total: 1803.21 GB
[ 1622.5s] IOs:    472800761  IOPS:   291395  Throughput:  1138.3 MB/s  Total: 1803.59 GB
[ 1622.8s] IOs:    472901548  IOPS:   291411  Throughput:  1138.3 MB/s  Total: 1803.98 GB
[ 1623.5s] IOs:    473001560  IOPS:   291340  Throughput:  1138.0 MB/s  Total: 1804.36 GB
[ 1624.2s] IOs:    473102037  IOPS:   291286  Throughput:  1137.8 MB/s  Total: 1804.74 GB
[ 1625.1s] IOs:    473202049  IOPS:   291192  Throughput:  1137.5 MB/s  Total: 1805.12 GB
[ 1625.7s] IOs:    473302638  IOPS:   291142  Throughput:  1137.3 MB/s  Total: 1805.51 GB
[ 1626.5s] IOs:    473403549  IOPS:   291064  Throughput:  1137.0 MB/s  Total: 1805.89 GB
[ 1627.1s] IOs:    473504304  IOPS:   291015  Throughput:  1136.8 MB/s  Total: 1806.28 GB
[ 1627.6s] IOs:    473605126  IOPS:   290976  Throughput:  1136.6 MB/s  Total: 1806.66 GB
[ 1628.2s] IOs:    473705880  IOPS:   290945  Throughput:  1136.5 MB/s  Total: 1807.04 GB
[ 1628.8s] IOs:    473806811  IOPS:   290889  Throughput:  1136.3 MB/s  Total: 1807.43 GB
[ 1629.1s] IOs:    473906958  IOPS:   290898  Throughput:  1136.3 MB/s  Total: 1807.81 GB
[ 1629.8s] IOs:    474007849  IOPS:   290844  Throughput:  1136.1 MB/s  Total: 1808.20 GB
[ 1630.1s] IOs:    474108293  IOPS:   290838  Throughput:  1136.1 MB/s  Total: 1808.58 GB
[ 1630.8s] IOs:    474209002  IOPS:   290786  Throughput:  1135.9 MB/s  Total: 1808.96 GB
[ 1631.1s] IOs:    474309673  IOPS:   290790  Throughput:  1135.9 MB/s  Total: 1809.35 GB
[ 1631.7s] IOs:    474410196  IOPS:   290740  Throughput:  1135.7 MB/s  Total: 1809.73 GB
[ 1632.1s] IOs:    474510894  IOPS:   290730  Throughput:  1135.7 MB/s  Total: 1810.12 GB
[ 1632.8s] IOs:    474611499  IOPS:   290680  Throughput:  1135.5 MB/s  Total: 1810.50 GB
[ 1633.1s] IOs:    474712021  IOPS:   290683  Throughput:  1135.5 MB/s  Total: 1810.88 GB
[ 1633.7s] IOs:    474812766  IOPS:   290642  Throughput:  1135.3 MB/s  Total: 1811.27 GB
[ 1634.1s] IOs:    474913479  IOPS:   290629  Throughput:  1135.3 MB/s  Total: 1811.65 GB
[ 1634.5s] IOs:    475014154  IOPS:   290622  Throughput:  1135.2 MB/s  Total: 1812.04 GB
[ 1634.7s] IOs:    475114584  IOPS:   290634  Throughput:  1135.3 MB/s  Total: 1812.42 GB
[ 1635.2s] IOs:    475215455  IOPS:   290612  Throughput:  1135.2 MB/s  Total: 1812.80 GB
[ 1635.6s] IOs:    475316293  IOPS:   290607  Throughput:  1135.2 MB/s  Total: 1813.19 GB
[ 1636.0s] IOs:    475416677  IOPS:   290600  Throughput:  1135.2 MB/s  Total: 1813.57 GB
[ 1636.2s] IOs:    475517126  IOPS:   290618  Throughput:  1135.2 MB/s  Total: 1813.95 GB
[ 1636.7s] IOs:    475617663  IOPS:   290592  Throughput:  1135.1 MB/s  Total: 1814.34 GB
[ 1637.0s] IOs:    475718061  IOPS:   290598  Throughput:  1135.1 MB/s  Total: 1814.72 GB
[ 1637.4s] IOs:    475818369  IOPS:   290588  Throughput:  1135.1 MB/s  Total: 1815.10 GB
[ 1637.8s] IOs:    475919206  IOPS:   290589  Throughput:  1135.1 MB/s  Total: 1815.49 GB
[Reader] Parsed 69000000 lines, distributed 475991591 writes, unique 592.03 GB, skipped 0
[ 1638.2s] IOs:    476019888  IOPS:   290573  Throughput:  1135.1 MB/s  Total: 1815.87 GB
[ 1638.5s] IOs:    476120475  IOPS:   290578  Throughput:  1135.1 MB/s  Total: 1816.26 GB
[ 1639.0s] IOs:    476221441  IOPS:   290548  Throughput:  1135.0 MB/s  Total: 1816.64 GB
[ 1639.6s] IOs:    476321621  IOPS:   290512  Throughput:  1134.8 MB/s  Total: 1817.02 GB
[ 1640.6s] IOs:    476422362  IOPS:   290401  Throughput:  1134.4 MB/s  Total: 1817.41 GB
[ 1641.2s] IOs:    476523248  IOPS:   290354  Throughput:  1134.2 MB/s  Total: 1817.79 GB
[ 1641.7s] IOs:    476623925  IOPS:   290317  Throughput:  1134.1 MB/s  Total: 1818.18 GB
[ 1642.2s] IOs:    476724869  IOPS:   290297  Throughput:  1134.0 MB/s  Total: 1818.56 GB
[ 1642.8s] IOs:    476825326  IOPS:   290252  Throughput:  1133.8 MB/s  Total: 1818.94 GB
[ 1643.6s] IOs:    476925667  IOPS:   290179  Throughput:  1133.5 MB/s  Total: 1819.33 GB
[ 1644.0s] IOs:    477026322  IOPS:   290159  Throughput:  1133.4 MB/s  Total: 1819.71 GB
[ 1644.4s] IOs:    477127188  IOPS:   290155  Throughput:  1133.4 MB/s  Total: 1820.10 GB
[ 1644.8s] IOs:    477227877  IOPS:   290146  Throughput:  1133.4 MB/s  Total: 1820.48 GB
[ 1645.3s] IOs:    477328766  IOPS:   290118  Throughput:  1133.3 MB/s  Total: 1820.86 GB
[ 1645.7s] IOs:    477429568  IOPS:   290107  Throughput:  1133.2 MB/s  Total: 1821.25 GB
[ 1646.2s] IOs:    477530113  IOPS:   290085  Throughput:  1133.1 MB/s  Total: 1821.63 GB
[ 1646.5s] IOs:    477630143  IOPS:   290080  Throughput:  1133.1 MB/s  Total: 1822.01 GB
[ 1646.8s] IOs:    477730939  IOPS:   290100  Throughput:  1133.2 MB/s  Total: 1822.40 GB
[ 1647.3s] IOs:    477831160  IOPS:   290076  Throughput:  1133.1 MB/s  Total: 1822.78 GB
[ 1649.6s] IOs:    477931714  IOPS:   289727  Throughput:  1131.7 MB/s  Total: 1823.16 GB
[ 1650.0s] IOs:    478032574  IOPS:   289725  Throughput:  1131.7 MB/s  Total: 1823.55 GB
[ 1650.5s] IOs:    478132944  IOPS:   289697  Throughput:  1131.6 MB/s  Total: 1823.93 GB
[ 1650.9s] IOs:    478233548  IOPS:   289688  Throughput:  1131.6 MB/s  Total: 1824.32 GB
[ 1651.3s] IOs:    478334285  IOPS:   289674  Throughput:  1131.5 MB/s  Total: 1824.70 GB
[ 1651.6s] IOs:    478434791  IOPS:   289673  Throughput:  1131.5 MB/s  Total: 1825.08 GB
[ 1652.0s] IOs:    478535238  IOPS:   289670  Throughput:  1131.5 MB/s  Total: 1825.47 GB
[ 1652.5s] IOs:    478635479  IOPS:   289640  Throughput:  1131.4 MB/s  Total: 1825.85 GB
[ 1652.9s] IOs:    478736090  IOPS:   289638  Throughput:  1131.4 MB/s  Total: 1826.23 GB
[ 1653.3s] IOs:    478836556  IOPS:   289624  Throughput:  1131.3 MB/s  Total: 1826.62 GB
[ 1653.9s] IOs:    478937582  IOPS:   289588  Throughput:  1131.2 MB/s  Total: 1827.00 GB
[ 1654.3s] IOs:    479038502  IOPS:   289564  Throughput:  1131.1 MB/s  Total: 1827.39 GB
[ 1654.8s] IOs:    479138706  IOPS:   289537  Throughput:  1131.0 MB/s  Total: 1827.77 GB
[ 1655.3s] IOs:    479239139  IOPS:   289517  Throughput:  1130.9 MB/s  Total: 1828.15 GB
[ 1655.7s] IOs:    479339725  IOPS:   289516  Throughput:  1130.9 MB/s  Total: 1828.54 GB
[ 1658.2s] IOs:    479440476  IOPS:   289128  Throughput:  1129.4 MB/s  Total: 1828.92 GB
[ 1659.8s] IOs:    479540542  IOPS:   288918  Throughput:  1128.6 MB/s  Total: 1829.30 GB
[ 1660.9s] IOs:    479641240  IOPS:   288791  Throughput:  1128.1 MB/s  Total: 1829.69 GB
[ 1662.2s] IOs:    479741778  IOPS:   288613  Throughput:  1127.4 MB/s  Total: 1830.07 GB
[ 1663.3s] IOs:    479842353  IOPS:   288495  Throughput:  1126.9 MB/s  Total: 1830.45 GB
[ 1664.3s] IOs:    479942443  IOPS:   288376  Throughput:  1126.5 MB/s  Total: 1830.84 GB
[ 1665.0s] IOs:    480043109  IOPS:   288323  Throughput:  1126.3 MB/s  Total: 1831.22 GB
[ 1665.8s] IOs:    480143699  IOPS:   288228  Throughput:  1125.9 MB/s  Total: 1831.60 GB
[ 1666.5s] IOs:    480244365  IOPS:   288172  Throughput:  1125.7 MB/s  Total: 1831.99 GB
[ 1667.4s] IOs:    480345075  IOPS:   288081  Throughput:  1125.3 MB/s  Total: 1832.37 GB
[ 1668.2s] IOs:    480445811  IOPS:   287994  Throughput:  1125.0 MB/s  Total: 1832.76 GB
[ 1668.9s] IOs:    480546224  IOPS:   287938  Throughput:  1124.8 MB/s  Total: 1833.14 GB
[ 1669.8s] IOs:    480647109  IOPS:   287839  Throughput:  1124.4 MB/s  Total: 1833.52 GB
[ 1670.6s] IOs:    480747936  IOPS:   287766  Throughput:  1124.1 MB/s  Total: 1833.91 GB
[ 1671.3s] IOs:    480848502  IOPS:   287709  Throughput:  1123.9 MB/s  Total: 1834.29 GB
[ 1672.0s] IOs:    480949438  IOPS:   287650  Throughput:  1123.6 MB/s  Total: 1834.68 GB
[ 1672.5s] IOs:    481049785  IOPS:   287618  Throughput:  1123.5 MB/s  Total: 1835.06 GB
[ 1673.2s] IOs:    481150090  IOPS:   287564  Throughput:  1123.3 MB/s  Total: 1835.44 GB
[ 1673.8s] IOs:    481250817  IOPS:   287520  Throughput:  1123.1 MB/s  Total: 1835.83 GB
[ 1674.3s] IOs:    481351207  IOPS:   287497  Throughput:  1123.0 MB/s  Total: 1836.21 GB
[ 1674.8s] IOs:    481451248  IOPS:   287463  Throughput:  1122.9 MB/s  Total: 1836.59 GB
[ 1675.3s] IOs:    481551773  IOPS:   287448  Throughput:  1122.8 MB/s  Total: 1836.97 GB
[ 1675.5s] IOs:    481652544  IOPS:   287462  Throughput:  1122.9 MB/s  Total: 1837.36 GB
[ 1676.2s] IOs:    481753228  IOPS:   287415  Throughput:  1122.7 MB/s  Total: 1837.74 GB
[ 1676.5s] IOs:    481853925  IOPS:   287420  Throughput:  1122.7 MB/s  Total: 1838.13 GB
[ 1677.1s] IOs:    481954324  IOPS:   287379  Throughput:  1122.6 MB/s  Total: 1838.51 GB
[ 1677.4s] IOs:    482054939  IOPS:   287387  Throughput:  1122.6 MB/s  Total: 1838.89 GB
[ 1678.0s] IOs:    482155786  IOPS:   287345  Throughput:  1122.4 MB/s  Total: 1839.28 GB
[ 1678.3s] IOs:    482256311  IOPS:   287340  Throughput:  1122.4 MB/s  Total: 1839.66 GB
[ 1678.8s] IOs:    482356961  IOPS:   287315  Throughput:  1122.3 MB/s  Total: 1840.05 GB
[ 1679.1s] IOs:    482457698  IOPS:   287333  Throughput:  1122.4 MB/s  Total: 1840.43 GB
[ 1679.6s] IOs:    482558607  IOPS:   287297  Throughput:  1122.3 MB/s  Total: 1840.81 GB
[ 1680.0s] IOs:    482659162  IOPS:   287297  Throughput:  1122.3 MB/s  Total: 1841.20 GB
[ 1680.4s] IOs:    482759748  IOPS:   287294  Throughput:  1122.2 MB/s  Total: 1841.58 GB
[ 1680.6s] IOs:    482860212  IOPS:   287308  Throughput:  1122.3 MB/s  Total: 1841.97 GB
[ 1681.1s] IOs:    482960779  IOPS:   287289  Throughput:  1122.2 MB/s  Total: 1842.35 GB
[ 1681.4s] IOs:    483061493  IOPS:   287296  Throughput:  1122.2 MB/s  Total: 1842.73 GB
[ 1681.7s] IOs:    483161860  IOPS:   287314  Throughput:  1122.3 MB/s  Total: 1843.12 GB
[ 1682.1s] IOs:    483262598  IOPS:   287297  Throughput:  1122.3 MB/s  Total: 1843.50 GB
[ 1682.4s] IOs:    483362813  IOPS:   287309  Throughput:  1122.3 MB/s  Total: 1843.88 GB
[ 1682.6s] IOs:    483463642  IOPS:   287326  Throughput:  1122.4 MB/s  Total: 1844.27 GB
[ 1683.0s] IOs:    483564193  IOPS:   287317  Throughput:  1122.3 MB/s  Total: 1844.65 GB
[ 1683.7s] IOs:    483664866  IOPS:   287271  Throughput:  1122.2 MB/s  Total: 1845.04 GB
[ 1684.0s] IOs:    483765586  IOPS:   287278  Throughput:  1122.2 MB/s  Total: 1845.42 GB
[ 1684.6s] IOs:    483866041  IOPS:   287235  Throughput:  1122.0 MB/s  Total: 1845.80 GB
[ 1685.0s] IOs:    483966623  IOPS:   287212  Throughput:  1121.9 MB/s  Total: 1846.19 GB
[ 1685.5s] IOs:    484066736  IOPS:   287193  Throughput:  1121.8 MB/s  Total: 1846.57 GB
[ 1685.9s] IOs:    484167351  IOPS:   287192  Throughput:  1121.8 MB/s  Total: 1846.95 GB
[ 1686.2s] IOs:    484267730  IOPS:   287192  Throughput:  1121.8 MB/s  Total: 1847.33 GB
[ 1686.7s] IOs:    484368190  IOPS:   287163  Throughput:  1121.7 MB/s  Total: 1847.72 GB
[ 1687.1s] IOs:    484468703  IOPS:   287167  Throughput:  1121.7 MB/s  Total: 1848.10 GB
[ 1687.6s] IOs:    484569077  IOPS:   287136  Throughput:  1121.6 MB/s  Total: 1848.48 GB
[ 1687.8s] IOs:    484669812  IOPS:   287155  Throughput:  1121.7 MB/s  Total: 1848.87 GB
[ 1688.1s] IOs:    484770777  IOPS:   287163  Throughput:  1121.7 MB/s  Total: 1849.25 GB
[ 1688.6s] IOs:    484871091  IOPS:   287144  Throughput:  1121.7 MB/s  Total: 1849.64 GB
[ 1689.0s] IOs:    484971196  IOPS:   287141  Throughput:  1121.6 MB/s  Total: 1850.02 GB
[ 1689.3s] IOs:    485071289  IOPS:   287151  Throughput:  1121.7 MB/s  Total: 1850.40 GB
[ 1689.6s] IOs:    485171890  IOPS:   287148  Throughput:  1121.7 MB/s  Total: 1850.78 GB
[ 1690.0s] IOs:    485272643  IOPS:   287145  Throughput:  1121.7 MB/s  Total: 1851.17 GB
[ 1690.2s] IOs:    485373605  IOPS:   287165  Throughput:  1121.7 MB/s  Total: 1851.55 GB
[ 1690.6s] IOs:    485474368  IOPS:   287162  Throughput:  1121.7 MB/s  Total: 1851.94 GB
[ 1691.0s] IOs:    485574812  IOPS:   287160  Throughput:  1121.7 MB/s  Total: 1852.32 GB
[ 1691.2s] IOs:    485675749  IOPS:   287176  Throughput:  1121.8 MB/s  Total: 1852.71 GB
[ 1691.5s] IOs:    485776070  IOPS:   287182  Throughput:  1121.8 MB/s  Total: 1853.09 GB
[ 1691.8s] IOs:    485876559  IOPS:   287203  Throughput:  1121.9 MB/s  Total: 1853.47 GB
[ 1692.1s] IOs:    485977501  IOPS:   287207  Throughput:  1121.9 MB/s  Total: 1853.86 GB
[ 1692.3s] IOs:    486078187  IOPS:   287225  Throughput:  1122.0 MB/s  Total: 1854.24 GB
[ 1692.7s] IOs:    486179018  IOPS:   287224  Throughput:  1122.0 MB/s  Total: 1854.63 GB
[ 1693.0s] IOs:    486279806  IOPS:   287233  Throughput:  1122.0 MB/s  Total: 1855.01 GB
[ 1693.2s] IOs:    486380301  IOPS:   287248  Throughput:  1122.1 MB/s  Total: 1855.39 GB
[ 1693.5s] IOs:    486480890  IOPS:   287255  Throughput:  1122.1 MB/s  Total: 1855.78 GB
[ 1694.7s] IOs:    486581480  IOPS:   287118  Throughput:  1121.6 MB/s  Total: 1856.16 GB
[Reader] Parsed 70000000 lines, distributed 486671528 writes, unique 604.51 GB, skipped 0
[ 1695.0s] IOs:    486682137  IOPS:   287133  Throughput:  1121.6 MB/s  Total: 1856.55 GB
[ 1695.3s] IOs:    486782923  IOPS:   287137  Throughput:  1121.6 MB/s  Total: 1856.93 GB
[ 1695.9s] IOs:    486883074  IOPS:   287102  Throughput:  1121.5 MB/s  Total: 1857.31 GB
[ 1696.2s] IOs:    486983796  IOPS:   287111  Throughput:  1121.5 MB/s  Total: 1857.70 GB
[ 1696.4s] IOs:    487084373  IOPS:   287123  Throughput:  1121.6 MB/s  Total: 1858.08 GB
[ 1696.8s] IOs:    487184898  IOPS:   287120  Throughput:  1121.6 MB/s  Total: 1858.46 GB
[ 1697.2s] IOs:    487285590  IOPS:   287116  Throughput:  1121.5 MB/s  Total: 1858.85 GB
[ 1697.4s] IOs:    487385629  IOPS:   287132  Throughput:  1121.6 MB/s  Total: 1859.23 GB
[ 1697.8s] IOs:    487486608  IOPS:   287135  Throughput:  1121.6 MB/s  Total: 1859.61 GB
[ 1698.0s] IOs:    487587575  IOPS:   287157  Throughput:  1121.7 MB/s  Total: 1860.00 GB
[ 1698.3s] IOs:    487688124  IOPS:   287155  Throughput:  1121.7 MB/s  Total: 1860.38 GB
[ 1698.7s] IOs:    487788699  IOPS:   287150  Throughput:  1121.7 MB/s  Total: 1860.77 GB
[ 1700.3s] IOs:    487889417  IOPS:   286939  Throughput:  1120.9 MB/s  Total: 1861.15 GB
[ 1700.8s] IOs:    487990004  IOPS:   286923  Throughput:  1120.8 MB/s  Total: 1861.53 GB
[ 1701.2s] IOs:    488090939  IOPS:   286904  Throughput:  1120.7 MB/s  Total: 1861.92 GB
[ 1701.9s] IOs:    488191829  IOPS:   286858  Throughput:  1120.5 MB/s  Total: 1862.30 GB
[ 1702.3s] IOs:    488292199  IOPS:   286850  Throughput:  1120.5 MB/s  Total: 1862.69 GB
[ 1702.9s] IOs:    488392954  IOPS:   286806  Throughput:  1120.3 MB/s  Total: 1863.07 GB
[ 1703.2s] IOs:    488493441  IOPS:   286817  Throughput:  1120.4 MB/s  Total: 1863.45 GB
[ 1703.6s] IOs:    488594365  IOPS:   286802  Throughput:  1120.3 MB/s  Total: 1863.84 GB
[ 1703.8s] IOs:    488694946  IOPS:   286823  Throughput:  1120.4 MB/s  Total: 1864.22 GB
[ 1704.5s] IOs:    488795145  IOPS:   286765  Throughput:  1120.2 MB/s  Total: 1864.61 GB
[ 1704.8s] IOs:    488896045  IOPS:   286773  Throughput:  1120.2 MB/s  Total: 1864.99 GB
[ 1705.5s] IOs:    488996152  IOPS:   286720  Throughput:  1120.0 MB/s  Total: 1865.37 GB
[ 1705.8s] IOs:    489096808  IOPS:   286721  Throughput:  1120.0 MB/s  Total: 1865.76 GB
[ 1706.2s] IOs:    489197322  IOPS:   286717  Throughput:  1120.0 MB/s  Total: 1866.14 GB
[ 1706.4s] IOs:    489297713  IOPS:   286739  Throughput:  1120.1 MB/s  Total: 1866.52 GB
[ 1707.0s] IOs:    489398628  IOPS:   286709  Throughput:  1120.0 MB/s  Total: 1866.91 GB
[ 1707.3s] IOs:    489498736  IOPS:   286712  Throughput:  1120.0 MB/s  Total: 1867.29 GB
[ 1707.7s] IOs:    489599383  IOPS:   286703  Throughput:  1119.9 MB/s  Total: 1867.67 GB
[ 1707.9s] IOs:    489700356  IOPS:   286722  Throughput:  1120.0 MB/s  Total: 1868.06 GB
[ 1708.4s] IOs:    489800809  IOPS:   286702  Throughput:  1119.9 MB/s  Total: 1868.44 GB
[ 1708.7s] IOs:    489901218  IOPS:   286711  Throughput:  1120.0 MB/s  Total: 1868.82 GB
[ 1708.9s] IOs:    490001753  IOPS:   286730  Throughput:  1120.0 MB/s  Total: 1869.21 GB
[ 1709.4s] IOs:    490102657  IOPS:   286703  Throughput:  1119.9 MB/s  Total: 1869.59 GB
[ 1709.7s] IOs:    490203210  IOPS:   286717  Throughput:  1120.0 MB/s  Total: 1869.98 GB
[ 1710.0s] IOs:    490303749  IOPS:   286725  Throughput:  1120.0 MB/s  Total: 1870.36 GB
[ 1710.4s] IOs:    490404232  IOPS:   286727  Throughput:  1120.0 MB/s  Total: 1870.74 GB
[ 1711.3s] IOs:    490505230  IOPS:   286632  Throughput:  1119.7 MB/s  Total: 1871.13 GB
[ 1711.9s] IOs:    490606130  IOPS:   286590  Throughput:  1119.5 MB/s  Total: 1871.51 GB
[ 1712.4s] IOs:    490706812  IOPS:   286568  Throughput:  1119.4 MB/s  Total: 1871.90 GB
[ 1713.0s] IOs:    490807540  IOPS:   286514  Throughput:  1119.2 MB/s  Total: 1872.28 GB
[ 1713.5s] IOs:    490908465  IOPS:   286496  Throughput:  1119.1 MB/s  Total: 1872.67 GB
[ 1714.4s] IOs:    491009338  IOPS:   286410  Throughput:  1118.8 MB/s  Total: 1873.05 GB
[ 1714.7s] IOs:    491110118  IOPS:   286413  Throughput:  1118.8 MB/s  Total: 1873.44 GB
[ 1714.9s] IOs:    491210634  IOPS:   286429  Throughput:  1118.9 MB/s  Total: 1873.82 GB
[ 1715.6s] IOs:    491311312  IOPS:   286376  Throughput:  1118.7 MB/s  Total: 1874.20 GB
[ 1715.9s] IOs:    491411749  IOPS:   286379  Throughput:  1118.7 MB/s  Total: 1874.59 GB
[ 1716.5s] IOs:    491512615  IOPS:   286340  Throughput:  1118.5 MB/s  Total: 1874.97 GB
[ 1716.8s] IOs:    491613618  IOPS:   286351  Throughput:  1118.6 MB/s  Total: 1875.36 GB
[ 1717.3s] IOs:    491714110  IOPS:   286326  Throughput:  1118.5 MB/s  Total: 1875.74 GB
[ 1717.5s] IOs:    491814383  IOPS:   286347  Throughput:  1118.5 MB/s  Total: 1876.12 GB
[ 1718.0s] IOs:    491914543  IOPS:   286337  Throughput:  1118.5 MB/s  Total: 1876.51 GB
[ 1718.4s] IOs:    492014871  IOPS:   286318  Throughput:  1118.4 MB/s  Total: 1876.89 GB
[ 1719.1s] IOs:    492115522  IOPS:   286260  Throughput:  1118.2 MB/s  Total: 1877.27 GB
[ 1720.3s] IOs:    492216426  IOPS:   286115  Throughput:  1117.6 MB/s  Total: 1877.66 GB
[ 1721.4s] IOs:    492317401  IOPS:   285992  Throughput:  1117.2 MB/s  Total: 1878.04 GB
[ 1722.5s] IOs:    492418224  IOPS:   285881  Throughput:  1116.7 MB/s  Total: 1878.43 GB
[ 1723.5s] IOs:    492518907  IOPS:   285763  Throughput:  1116.3 MB/s  Total: 1878.81 GB
[ 1724.4s] IOs:    492619437  IOPS:   285684  Throughput:  1116.0 MB/s  Total: 1879.19 GB
[ 1725.2s] IOs:    492720209  IOPS:   285595  Throughput:  1115.6 MB/s  Total: 1879.58 GB
[ 1726.0s] IOs:    492820524  IOPS:   285532  Throughput:  1115.4 MB/s  Total: 1879.96 GB
[ 1726.4s] IOs:    492921000  IOPS:   285517  Throughput:  1115.3 MB/s  Total: 1880.34 GB
[ 1727.5s] IOs:    493021576  IOPS:   285390  Throughput:  1114.8 MB/s  Total: 1880.73 GB
[ 1727.9s] IOs:    493122081  IOPS:   285396  Throughput:  1114.8 MB/s  Total: 1881.11 GB
[ 1728.6s] IOs:    493222646  IOPS:   285338  Throughput:  1114.6 MB/s  Total: 1881.50 GB
[ 1728.9s] IOs:    493323157  IOPS:   285345  Throughput:  1114.6 MB/s  Total: 1881.88 GB
[ 1729.4s] IOs:    493423925  IOPS:   285314  Throughput:  1114.5 MB/s  Total: 1882.26 GB
[ 1730.0s] IOs:    493524683  IOPS:   285279  Throughput:  1114.4 MB/s  Total: 1882.65 GB
[ 1730.5s] IOs:    493625506  IOPS:   285243  Throughput:  1114.2 MB/s  Total: 1883.03 GB
[ 1730.9s] IOs:    493725904  IOPS:   285243  Throughput:  1114.2 MB/s  Total: 1883.41 GB
[ 1731.5s] IOs:    493826540  IOPS:   285200  Throughput:  1114.1 MB/s  Total: 1883.80 GB
[ 1731.9s] IOs:    493927248  IOPS:   285199  Throughput:  1114.1 MB/s  Total: 1884.18 GB
[ 1732.4s] IOs:    494027978  IOPS:   285163  Throughput:  1113.9 MB/s  Total: 1884.57 GB
[ 1732.8s] IOs:    494128606  IOPS:   285161  Throughput:  1113.9 MB/s  Total: 1884.95 GB
[ 1733.4s] IOs:    494229140  IOPS:   285117  Throughput:  1113.7 MB/s  Total: 1885.33 GB
[ 1733.7s] IOs:    494330003  IOPS:   285125  Throughput:  1113.8 MB/s  Total: 1885.72 GB
[ 1734.0s] IOs:    494430516  IOPS:   285145  Throughput:  1113.8 MB/s  Total: 1886.10 GB
[ 1734.5s] IOs:    494530743  IOPS:   285113  Throughput:  1113.7 MB/s  Total: 1886.49 GB
[ 1734.8s] IOs:    494631321  IOPS:   285130  Throughput:  1113.8 MB/s  Total: 1886.87 GB
[ 1735.0s] IOs:    494732202  IOPS:   285147  Throughput:  1113.9 MB/s  Total: 1887.25 GB
[ 1735.4s] IOs:    494833175  IOPS:   285137  Throughput:  1113.8 MB/s  Total: 1887.64 GB
[ 1735.7s] IOs:    494933834  IOPS:   285156  Throughput:  1113.9 MB/s  Total: 1888.02 GB
[ 1736.0s] IOs:    495034217  IOPS:   285158  Throughput:  1113.9 MB/s  Total: 1888.41 GB
[ 1736.3s] IOs:    495134926  IOPS:   285163  Throughput:  1113.9 MB/s  Total: 1888.79 GB
[ 1736.6s] IOs:    495235931  IOPS:   285173  Throughput:  1114.0 MB/s  Total: 1889.18 GB
[ 1736.9s] IOs:    495336759  IOPS:   285178  Throughput:  1114.0 MB/s  Total: 1889.56 GB
[ 1737.3s] IOs:    495437451  IOPS:   285175  Throughput:  1114.0 MB/s  Total: 1889.94 GB
[ 1737.6s] IOs:    495538129  IOPS:   285193  Throughput:  1114.0 MB/s  Total: 1890.33 GB
[ 1737.9s] IOs:    495638571  IOPS:   285193  Throughput:  1114.0 MB/s  Total: 1890.71 GB
[ 1738.1s] IOs:    495738937  IOPS:   285213  Throughput:  1114.1 MB/s  Total: 1891.09 GB
[ 1738.7s] IOs:    495839642  IOPS:   285182  Throughput:  1114.0 MB/s  Total: 1891.48 GB
[ 1739.1s] IOs:    495940473  IOPS:   285165  Throughput:  1113.9 MB/s  Total: 1891.86 GB
[ 1739.5s] IOs:    496041347  IOPS:   285166  Throughput:  1113.9 MB/s  Total: 1892.25 GB
[ 1740.1s] IOs:    496142264  IOPS:   285119  Throughput:  1113.7 MB/s  Total: 1892.63 GB
[ 1740.5s] IOs:    496242929  IOPS:   285108  Throughput:  1113.7 MB/s  Total: 1893.02 GB
[ 1741.1s] IOs:    496343259  IOPS:   285076  Throughput:  1113.6 MB/s  Total: 1893.40 GB
[ 1741.6s] IOs:    496443844  IOPS:   285043  Throughput:  1113.5 MB/s  Total: 1893.78 GB
[ 1742.0s] IOs:    496544410  IOPS:   285043  Throughput:  1113.4 MB/s  Total: 1894.17 GB
[ 1742.5s] IOs:    496645073  IOPS:   285014  Throughput:  1113.3 MB/s  Total: 1894.55 GB
[ 1743.2s] IOs:    496745889  IOPS:   284964  Throughput:  1113.1 MB/s  Total: 1894.94 GB
[ 1743.9s] IOs:    496846817  IOPS:   284908  Throughput:  1112.9 MB/s  Total: 1895.32 GB
[ 1744.5s] IOs:    496947464  IOPS:   284859  Throughput:  1112.7 MB/s  Total: 1895.70 GB
[ 1744.9s] IOs:    497048047  IOPS:   284851  Throughput:  1112.7 MB/s  Total: 1896.09 GB
[ 1745.7s] IOs:    497148991  IOPS:   284791  Throughput:  1112.5 MB/s  Total: 1896.47 GB
[ 1746.3s] IOs:    497249438  IOPS:   284742  Throughput:  1112.3 MB/s  Total: 1896.86 GB
[ 1746.9s] IOs:    497350117  IOPS:   284704  Throughput:  1112.1 MB/s  Total: 1897.24 GB
[ 1747.4s] IOs:    497450883  IOPS:   284683  Throughput:  1112.0 MB/s  Total: 1897.62 GB
[ 1747.9s] IOs:    497551361  IOPS:   284659  Throughput:  1111.9 MB/s  Total: 1898.01 GB
[ 1752.0s] IOs:    497651935  IOPS:   284048  Throughput:  1109.6 MB/s  Total: 1898.39 GB
[ 1752.2s] IOs:    497752621  IOPS:   284069  Throughput:  1109.6 MB/s  Total: 1898.78 GB
[ 1753.1s] IOs:    497853565  IOPS:   283988  Throughput:  1109.3 MB/s  Total: 1899.16 GB
[ 1753.6s] IOs:    497954347  IOPS:   283954  Throughput:  1109.2 MB/s  Total: 1899.55 GB
[ 1754.2s] IOs:    498054881  IOPS:   283922  Throughput:  1109.1 MB/s  Total: 1899.93 GB
[ 1754.7s] IOs:    498155131  IOPS:   283902  Throughput:  1109.0 MB/s  Total: 1900.31 GB
[ 1755.1s] IOs:    498255746  IOPS:   283882  Throughput:  1108.9 MB/s  Total: 1900.69 GB
[ 1755.6s] IOs:    498356385  IOPS:   283869  Throughput:  1108.9 MB/s  Total: 1901.08 GB
[ 1756.1s] IOs:    498457167  IOPS:   283843  Throughput:  1108.8 MB/s  Total: 1901.46 GB
[ 1756.7s] IOs:    498557293  IOPS:   283804  Throughput:  1108.6 MB/s  Total: 1901.85 GB
[ 1757.3s] IOs:    498657343  IOPS:   283767  Throughput:  1108.5 MB/s  Total: 1902.23 GB
[ 1757.6s] IOs:    498757412  IOPS:   283773  Throughput:  1108.5 MB/s  Total: 1902.61 GB
[ 1758.0s] IOs:    498858025  IOPS:   283763  Throughput:  1108.4 MB/s  Total: 1902.99 GB
[ 1758.3s] IOs:    498958200  IOPS:   283770  Throughput:  1108.5 MB/s  Total: 1903.37 GB
[ 1758.9s] IOs:    499059107  IOPS:   283740  Throughput:  1108.4 MB/s  Total: 1903.76 GB
[ 1759.4s] IOs:    499159985  IOPS:   283717  Throughput:  1108.3 MB/s  Total: 1904.14 GB
[ 1759.8s] IOs:    499260714  IOPS:   283708  Throughput:  1108.2 MB/s  Total: 1904.53 GB
[Reader] Parsed 71000000 lines, distributed 499309631 writes, unique 615.95 GB, skipped 0
[ 1760.2s] IOs:    499361302  IOPS:   283701  Throughput:  1108.2 MB/s  Total: 1904.91 GB
[ 1760.6s] IOs:    499461792  IOPS:   283682  Throughput:  1108.1 MB/s  Total: 1905.30 GB
[ 1760.9s] IOs:    499562429  IOPS:   283696  Throughput:  1108.2 MB/s  Total: 1905.68 GB
[ 1761.2s] IOs:    499663029  IOPS:   283699  Throughput:  1108.2 MB/s  Total: 1906.06 GB
[ 1761.7s] IOs:    499763882  IOPS:   283680  Throughput:  1108.1 MB/s  Total: 1906.45 GB
[ 1761.9s] IOs:    499864242  IOPS:   283700  Throughput:  1108.2 MB/s  Total: 1906.83 GB
[ 1762.3s] IOs:    499964606  IOPS:   283702  Throughput:  1108.2 MB/s  Total: 1907.21 GB
[ 1762.6s] IOs:    500064623  IOPS:   283703  Throughput:  1108.2 MB/s  Total: 1907.60 GB
[ 1763.1s] IOs:    500164634  IOPS:   283692  Throughput:  1108.2 MB/s  Total: 1907.98 GB
[ 1763.4s] IOs:    500265386  IOPS:   283694  Throughput:  1108.2 MB/s  Total: 1908.36 GB
[ 1763.7s] IOs:    500366058  IOPS:   283695  Throughput:  1108.2 MB/s  Total: 1908.75 GB
[ 1764.1s] IOs:    500466272  IOPS:   283692  Throughput:  1108.2 MB/s  Total: 1909.13 GB
[ 1764.4s] IOs:    500566678  IOPS:   283708  Throughput:  1108.2 MB/s  Total: 1909.51 GB
[ 1764.7s] IOs:    500667534  IOPS:   283707  Throughput:  1108.2 MB/s  Total: 1909.90 GB
[ 1765.1s] IOs:    500768550  IOPS:   283705  Throughput:  1108.2 MB/s  Total: 1910.28 GB
[ 1765.4s] IOs:    500869189  IOPS:   283718  Throughput:  1108.3 MB/s  Total: 1910.66 GB
[ 1765.7s] IOs:    500970103  IOPS:   283726  Throughput:  1108.3 MB/s  Total: 1911.05 GB
[ 1765.9s] IOs:    501070851  IOPS:   283740  Throughput:  1108.4 MB/s  Total: 1911.43 GB
[ 1766.3s] IOs:    501171723  IOPS:   283735  Throughput:  1108.3 MB/s  Total: 1911.82 GB
[ 1766.6s] IOs:    501272337  IOPS:   283745  Throughput:  1108.4 MB/s  Total: 1912.20 GB
[ 1766.9s] IOs:    501373188  IOPS:   283760  Throughput:  1108.4 MB/s  Total: 1912.59 GB
[ 1767.2s] IOs:    501473974  IOPS:   283766  Throughput:  1108.5 MB/s  Total: 1912.97 GB
[ 1767.4s] IOs:    501574533  IOPS:   283786  Throughput:  1108.5 MB/s  Total: 1913.35 GB
[ 1767.7s] IOs:    501675321  IOPS:   283797  Throughput:  1108.6 MB/s  Total: 1913.74 GB
[ 1768.0s] IOs:    501776217  IOPS:   283817  Throughput:  1108.7 MB/s  Total: 1914.12 GB
[ 1768.3s] IOs:    501876661  IOPS:   283814  Throughput:  1108.6 MB/s  Total: 1914.51 GB
[ 1768.6s] IOs:    501977226  IOPS:   283832  Throughput:  1108.7 MB/s  Total: 1914.89 GB
[ 1768.8s] IOs:    502077581  IOPS:   283851  Throughput:  1108.8 MB/s  Total: 1915.27 GB
[ 1769.1s] IOs:    502177794  IOPS:   283861  Throughput:  1108.8 MB/s  Total: 1915.66 GB
[ 1769.3s] IOs:    502278489  IOPS:   283878  Throughput:  1108.9 MB/s  Total: 1916.04 GB
[ 1769.6s] IOs:    502379038  IOPS:   283893  Throughput:  1109.0 MB/s  Total: 1916.42 GB
[ 1770.1s] IOs:    502479431  IOPS:   283876  Throughput:  1108.9 MB/s  Total: 1916.81 GB
[ 1770.4s] IOs:    502580258  IOPS:   283880  Throughput:  1108.9 MB/s  Total: 1917.19 GB
[ 1770.9s] IOs:    502681001  IOPS:   283852  Throughput:  1108.8 MB/s  Total: 1917.58 GB
[ 1771.2s] IOs:    502781313  IOPS:   283861  Throughput:  1108.8 MB/s  Total: 1917.96 GB
[ 1771.8s] IOs:    502882212  IOPS:   283834  Throughput:  1108.7 MB/s  Total: 1918.34 GB
[ 1772.1s] IOs:    502982576  IOPS:   283836  Throughput:  1108.7 MB/s  Total: 1918.73 GB
[ 1772.3s] IOs:    503082778  IOPS:   283854  Throughput:  1108.8 MB/s  Total: 1919.11 GB
[ 1772.9s] IOs:    503183182  IOPS:   283827  Throughput:  1108.7 MB/s  Total: 1919.49 GB
[ 1773.2s] IOs:    503283888  IOPS:   283831  Throughput:  1108.7 MB/s  Total: 1919.88 GB
[ 1773.6s] IOs:    503384297  IOPS:   283815  Throughput:  1108.7 MB/s  Total: 1920.26 GB
[ 1774.1s] IOs:    503484421  IOPS:   283790  Throughput:  1108.6 MB/s  Total: 1920.64 GB
[ 1774.7s] IOs:    503585053  IOPS:   283755  Throughput:  1108.4 MB/s  Total: 1921.02 GB
[ 1775.2s] IOs:    503685366  IOPS:   283739  Throughput:  1108.4 MB/s  Total: 1921.41 GB
[ 1775.6s] IOs:    503785992  IOPS:   283721  Throughput:  1108.3 MB/s  Total: 1921.79 GB
[ 1775.9s] IOs:    503886073  IOPS:   283732  Throughput:  1108.3 MB/s  Total: 1922.17 GB
[ 1776.6s] IOs:    503986150  IOPS:   283688  Throughput:  1108.2 MB/s  Total: 1922.55 GB
[ 1777.2s] IOs:    504086405  IOPS:   283648  Throughput:  1108.0 MB/s  Total: 1922.94 GB
[ 1778.1s] IOs:    504186904  IOPS:   283554  Throughput:  1107.6 MB/s  Total: 1923.32 GB
[ 1778.7s] IOs:    504287716  IOPS:   283509  Throughput:  1107.5 MB/s  Total: 1923.70 GB
[ 1779.3s] IOs:    504388237  IOPS:   283480  Throughput:  1107.3 MB/s  Total: 1924.09 GB
[ 1780.2s] IOs:    504488712  IOPS:   283386  Throughput:  1107.0 MB/s  Total: 1924.47 GB
[ 1780.8s] IOs:    504589639  IOPS:   283350  Throughput:  1106.8 MB/s  Total: 1924.86 GB
[ 1781.4s] IOs:    504690559  IOPS:   283314  Throughput:  1106.7 MB/s  Total: 1925.24 GB
[ 1782.1s] IOs:    504790797  IOPS:   283262  Throughput:  1106.5 MB/s  Total: 1925.62 GB
[ 1782.3s] IOs:    504890917  IOPS:   283281  Throughput:  1106.6 MB/s  Total: 1926.01 GB
[ 1783.0s] IOs:    504990968  IOPS:   283225  Throughput:  1106.3 MB/s  Total: 1926.39 GB
[ 1783.6s] IOs:    505091899  IOPS:   283192  Throughput:  1106.2 MB/s  Total: 1926.77 GB
[ 1783.9s] IOs:    505192838  IOPS:   283194  Throughput:  1106.2 MB/s  Total: 1927.16 GB
[ 1784.4s] IOs:    505293309  IOPS:   283175  Throughput:  1106.2 MB/s  Total: 1927.54 GB
[ 1785.0s] IOs:    505393943  IOPS:   283131  Throughput:  1106.0 MB/s  Total: 1927.92 GB
[ 1785.3s] IOs:    505494488  IOPS:   283145  Throughput:  1106.0 MB/s  Total: 1928.31 GB
[ 1785.9s] IOs:    505595124  IOPS:   283109  Throughput:  1105.9 MB/s  Total: 1928.69 GB
[ 1786.3s] IOs:    505695263  IOPS:   283089  Throughput:  1105.8 MB/s  Total: 1929.07 GB
[ 1786.7s] IOs:    505796269  IOPS:   283093  Throughput:  1105.8 MB/s  Total: 1929.46 GB
[ 1787.1s] IOs:    505896331  IOPS:   283075  Throughput:  1105.8 MB/s  Total: 1929.84 GB
[ 1787.5s] IOs:    505997339  IOPS:   283082  Throughput:  1105.8 MB/s  Total: 1930.23 GB
[ 1787.8s] IOs:    506097473  IOPS:   283090  Throughput:  1105.8 MB/s  Total: 1930.61 GB
[ 1788.3s] IOs:    506197831  IOPS:   283066  Throughput:  1105.7 MB/s  Total: 1930.99 GB
[ 1788.5s] IOs:    506298114  IOPS:   283079  Throughput:  1105.8 MB/s  Total: 1931.37 GB
[ 1788.8s] IOs:    506398644  IOPS:   283097  Throughput:  1105.8 MB/s  Total: 1931.76 GB
[ 1789.4s] IOs:    506499348  IOPS:   283055  Throughput:  1105.7 MB/s  Total: 1932.14 GB
[ 1789.7s] IOs:    506600087  IOPS:   283068  Throughput:  1105.7 MB/s  Total: 1932.53 GB
[ 1790.2s] IOs:    506700577  IOPS:   283038  Throughput:  1105.6 MB/s  Total: 1932.91 GB
[ 1790.6s] IOs:    506800930  IOPS:   283030  Throughput:  1105.6 MB/s  Total: 1933.29 GB
[ 1791.0s] IOs:    506900965  IOPS:   283034  Throughput:  1105.6 MB/s  Total: 1933.67 GB
[ 1791.3s] IOs:    507001307  IOPS:   283029  Throughput:  1105.6 MB/s  Total: 1934.06 GB
[ 1791.8s] IOs:    507102069  IOPS:   283017  Throughput:  1105.5 MB/s  Total: 1934.44 GB
[ 1792.3s] IOs:    507202484  IOPS:   282988  Throughput:  1105.4 MB/s  Total: 1934.82 GB
[ 1792.8s] IOs:    507302993  IOPS:   282974  Throughput:  1105.4 MB/s  Total: 1935.21 GB
[ 1793.0s] IOs:    507403747  IOPS:   282988  Throughput:  1105.4 MB/s  Total: 1935.59 GB
[ 1793.4s] IOs:    507504616  IOPS:   282986  Throughput:  1105.4 MB/s  Total: 1935.98 GB
[ 1793.7s] IOs:    507605268  IOPS:   282987  Throughput:  1105.4 MB/s  Total: 1936.36 GB
[ 1794.1s] IOs:    507705801  IOPS:   282980  Throughput:  1105.4 MB/s  Total: 1936.74 GB
[ 1794.6s] IOs:    507806533  IOPS:   282960  Throughput:  1105.3 MB/s  Total: 1937.13 GB
[ 1795.0s] IOs:    507906807  IOPS:   282961  Throughput:  1105.3 MB/s  Total: 1937.51 GB
[ 1795.4s] IOs:    508006990  IOPS:   282951  Throughput:  1105.3 MB/s  Total: 1937.89 GB
[ 1795.9s] IOs:    508107281  IOPS:   282934  Throughput:  1105.2 MB/s  Total: 1938.28 GB
[ 1796.4s] IOs:    508207554  IOPS:   282901  Throughput:  1105.1 MB/s  Total: 1938.66 GB
[ 1796.7s] IOs:    508308571  IOPS:   282911  Throughput:  1105.1 MB/s  Total: 1939.04 GB
[ 1796.9s] IOs:    508409481  IOPS:   282934  Throughput:  1105.2 MB/s  Total: 1939.43 GB
[ 1797.5s] IOs:    508509924  IOPS:   282901  Throughput:  1105.1 MB/s  Total: 1939.81 GB
[ 1797.8s] IOs:    508610663  IOPS:   282909  Throughput:  1105.1 MB/s  Total: 1940.20 GB
[ 1798.2s] IOs:    508710903  IOPS:   282907  Throughput:  1105.1 MB/s  Total: 1940.58 GB
[ 1798.4s] IOs:    508811398  IOPS:   282922  Throughput:  1105.2 MB/s  Total: 1940.96 GB
[ 1799.1s] IOs:    508912048  IOPS:   282872  Throughput:  1105.0 MB/s  Total: 1941.35 GB
[ 1799.7s] IOs:    509012679  IOPS:   282840  Throughput:  1104.8 MB/s  Total: 1941.73 GB
[ 1800.3s] IOs:    509113696  IOPS:   282802  Throughput:  1104.7 MB/s  Total: 1942.11 GB
[ 1800.8s] IOs:    509214046  IOPS:   282778  Throughput:  1104.6 MB/s  Total: 1942.50 GB
[ 1801.3s] IOs:    509314432  IOPS:   282755  Throughput:  1104.5 MB/s  Total: 1942.88 GB
[ 1801.9s] IOs:    509414939  IOPS:   282707  Throughput:  1104.3 MB/s  Total: 1943.26 GB
[ 1802.2s] IOs:    509515729  IOPS:   282714  Throughput:  1104.4 MB/s  Total: 1943.65 GB
[ 1802.8s] IOs:    509616317  IOPS:   282679  Throughput:  1104.2 MB/s  Total: 1944.03 GB
[ 1803.4s] IOs:    509716998  IOPS:   282647  Throughput:  1104.1 MB/s  Total: 1944.42 GB
[ 1803.9s] IOs:    509817721  IOPS:   282615  Throughput:  1104.0 MB/s  Total: 1944.80 GB
[ 1804.3s] IOs:    509918247  IOPS:   282614  Throughput:  1104.0 MB/s  Total: 1945.18 GB
[ 1804.8s] IOs:    510018948  IOPS:   282583  Throughput:  1103.8 MB/s  Total: 1945.57 GB
[ 1805.3s] IOs:    510119932  IOPS:   282567  Throughput:  1103.8 MB/s  Total: 1945.95 GB
[ 1805.9s] IOs:    510220444  IOPS:   282535  Throughput:  1103.7 MB/s  Total: 1946.34 GB
[ 1806.2s] IOs:    510320618  IOPS:   282545  Throughput:  1103.7 MB/s  Total: 1946.72 GB
[ 1806.4s] IOs:    510420710  IOPS:   282565  Throughput:  1103.8 MB/s  Total: 1947.10 GB
[ 1806.9s] IOs:    510521290  IOPS:   282534  Throughput:  1103.6 MB/s  Total: 1947.48 GB
[ 1807.3s] IOs:    510622031  IOPS:   282533  Throughput:  1103.6 MB/s  Total: 1947.87 GB
[ 1807.7s] IOs:    510722674  IOPS:   282533  Throughput:  1103.6 MB/s  Total: 1948.25 GB
[ 1807.9s] IOs:    510823088  IOPS:   282548  Throughput:  1103.7 MB/s  Total: 1948.64 GB
[ 1808.4s] IOs:    510923651  IOPS:   282533  Throughput:  1103.6 MB/s  Total: 1949.02 GB
[Reader] Parsed 72000000 lines, distributed 510944624 writes, unique 626.06 GB, skipped 0
[ 1808.9s] IOs:    511023750  IOPS:   282505  Throughput:  1103.5 MB/s  Total: 1949.40 GB
[ 1809.3s] IOs:    511124382  IOPS:   282501  Throughput:  1103.5 MB/s  Total: 1949.78 GB
[ 1809.5s] IOs:    511225011  IOPS:   282520  Throughput:  1103.6 MB/s  Total: 1950.17 GB
[ 1809.9s] IOs:    511325484  IOPS:   282520  Throughput:  1103.6 MB/s  Total: 1950.55 GB
[ 1810.3s] IOs:    511426054  IOPS:   282502  Throughput:  1103.5 MB/s  Total: 1950.94 GB
[ 1810.6s] IOs:    511526693  IOPS:   282516  Throughput:  1103.6 MB/s  Total: 1951.32 GB
[ 1810.9s] IOs:    511626969  IOPS:   282522  Throughput:  1103.6 MB/s  Total: 1951.70 GB
[ 1811.4s] IOs:    511727667  IOPS:   282510  Throughput:  1103.6 MB/s  Total: 1952.09 GB
[ 1811.6s] IOs:    511827990  IOPS:   282531  Throughput:  1103.6 MB/s  Total: 1952.47 GB
[ 1811.9s] IOs:    511928521  IOPS:   282529  Throughput:  1103.6 MB/s  Total: 1952.85 GB
[ 1812.4s] IOs:    512029450  IOPS:   282518  Throughput:  1103.6 MB/s  Total: 1953.24 GB
[ 1812.8s] IOs:    512130086  IOPS:   282511  Throughput:  1103.6 MB/s  Total: 1953.62 GB
[ 1813.4s] IOs:    512230876  IOPS:   282473  Throughput:  1103.4 MB/s  Total: 1954.01 GB
[ 1813.8s] IOs:    512331625  IOPS:   282470  Throughput:  1103.4 MB/s  Total: 1954.39 GB
[ 1814.0s] IOs:    512432045  IOPS:   282491  Throughput:  1103.5 MB/s  Total: 1954.77 GB
[ 1814.5s] IOs:    512532861  IOPS:   282462  Throughput:  1103.4 MB/s  Total: 1955.16 GB
[ 1814.8s] IOs:    512633586  IOPS:   282469  Throughput:  1103.4 MB/s  Total: 1955.54 GB
[ 1815.3s] IOs:    512734100  IOPS:   282450  Throughput:  1103.3 MB/s  Total: 1955.93 GB
[ 1815.9s] IOs:    512834542  IOPS:   282421  Throughput:  1103.2 MB/s  Total: 1956.31 GB
[ 1816.2s] IOs:    512935170  IOPS:   282421  Throughput:  1103.2 MB/s  Total: 1956.69 GB
[ 1816.4s] IOs:    513035682  IOPS:   282440  Throughput:  1103.3 MB/s  Total: 1957.08 GB
[ 1816.9s] IOs:    513136495  IOPS:   282420  Throughput:  1103.2 MB/s  Total: 1957.46 GB
[ 1817.3s] IOs:    513236894  IOPS:   282420  Throughput:  1103.2 MB/s  Total: 1957.84 GB
[ 1817.7s] IOs:    513337115  IOPS:   282413  Throughput:  1103.2 MB/s  Total: 1958.23 GB
[ 1818.0s] IOs:    513437558  IOPS:   282424  Throughput:  1103.2 MB/s  Total: 1958.61 GB
[ 1818.4s] IOs:    513537922  IOPS:   282420  Throughput:  1103.2 MB/s  Total: 1958.99 GB
[ 1818.8s] IOs:    513638472  IOPS:   282408  Throughput:  1103.2 MB/s  Total: 1959.38 GB
[ 1819.1s] IOs:    513739131  IOPS:   282410  Throughput:  1103.2 MB/s  Total: 1959.76 GB
[ 1819.4s] IOs:    513839894  IOPS:   282427  Throughput:  1103.2 MB/s  Total: 1960.14 GB
[ 1819.8s] IOs:    513940200  IOPS:   282423  Throughput:  1103.2 MB/s  Total: 1960.53 GB
[ 1820.0s] IOs:    514040546  IOPS:   282439  Throughput:  1103.3 MB/s  Total: 1960.91 GB
[ 1820.3s] IOs:    514140669  IOPS:   282442  Throughput:  1103.3 MB/s  Total: 1961.29 GB
[ 1820.6s] IOs:    514240889  IOPS:   282460  Throughput:  1103.4 MB/s  Total: 1961.67 GB
[ 1820.9s] IOs:    514341766  IOPS:   282465  Throughput:  1103.4 MB/s  Total: 1962.06 GB
[ 1821.4s] IOs:    514442792  IOPS:   282446  Throughput:  1103.3 MB/s  Total: 1962.44 GB
[ 1821.8s] IOs:    514543298  IOPS:   282444  Throughput:  1103.3 MB/s  Total: 1962.83 GB
[ 1822.1s] IOs:    514644066  IOPS:   282444  Throughput:  1103.3 MB/s  Total: 1963.21 GB
[ 1822.4s] IOs:    514744795  IOPS:   282458  Throughput:  1103.3 MB/s  Total: 1963.60 GB
[ 1822.9s] IOs:    514844833  IOPS:   282428  Throughput:  1103.2 MB/s  Total: 1963.98 GB
[ 1823.3s] IOs:    514945511  IOPS:   282424  Throughput:  1103.2 MB/s  Total: 1964.36 GB
[ 1823.6s] IOs:    515045768  IOPS:   282434  Throughput:  1103.3 MB/s  Total: 1964.74 GB
[ 1823.9s] IOs:    515145947  IOPS:   282443  Throughput:  1103.3 MB/s  Total: 1965.13 GB
[ 1824.5s] IOs:    515246532  IOPS:   282398  Throughput:  1103.1 MB/s  Total: 1965.51 GB
[ 1824.9s] IOs:    515346548  IOPS:   282389  Throughput:  1103.1 MB/s  Total: 1965.89 GB
[ 1825.4s] IOs:    515447151  IOPS:   282369  Throughput:  1103.0 MB/s  Total: 1966.27 GB
[ 1825.9s] IOs:    515547239  IOPS:   282348  Throughput:  1102.9 MB/s  Total: 1966.66 GB
[ 1826.4s] IOs:    515647963  IOPS:   282334  Throughput:  1102.9 MB/s  Total: 1967.04 GB
[ 1826.9s] IOs:    515748753  IOPS:   282315  Throughput:  1102.8 MB/s  Total: 1967.43 GB
[ 1827.3s] IOs:    515848949  IOPS:   282296  Throughput:  1102.7 MB/s  Total: 1967.81 GB
[ 1827.8s] IOs:    515949545  IOPS:   282282  Throughput:  1102.7 MB/s  Total: 1968.19 GB
[ 1828.2s] IOs:    516049576  IOPS:   282269  Throughput:  1102.6 MB/s  Total: 1968.57 GB
[ 1828.8s] IOs:    516150045  IOPS:   282240  Throughput:  1102.5 MB/s  Total: 1968.96 GB
[ 1829.3s] IOs:    516250255  IOPS:   282206  Throughput:  1102.4 MB/s  Total: 1969.34 GB
[ 1829.9s] IOs:    516350758  IOPS:   282167  Throughput:  1102.2 MB/s  Total: 1969.72 GB
[ 1830.2s] IOs:    516451533  IOPS:   282178  Throughput:  1102.3 MB/s  Total: 1970.11 GB
[ 1830.8s] IOs:    516551832  IOPS:   282146  Throughput:  1102.1 MB/s  Total: 1970.49 GB
[ 1831.4s] IOs:    516652297  IOPS:   282113  Throughput:  1102.0 MB/s  Total: 1970.87 GB
[ 1831.7s] IOs:    516753146  IOPS:   282121  Throughput:  1102.0 MB/s  Total: 1971.26 GB
[ 1831.9s] IOs:    516853598  IOPS:   282142  Throughput:  1102.1 MB/s  Total: 1971.64 GB
[ 1845.1s] IOs:    516954369  IOPS:   280172  Throughput:  1094.4 MB/s  Total: 1972.02 GB
[ 1846.5s] IOs:    517055301  IOPS:   280013  Throughput:  1093.8 MB/s  Total: 1972.41 GB
[ 1847.6s] IOs:    517155302  IOPS:   279900  Throughput:  1093.4 MB/s  Total: 1972.79 GB
[ 1848.7s] IOs:    517256242  IOPS:   279798  Throughput:  1093.0 MB/s  Total: 1973.18 GB
[ 1849.6s] IOs:    517357074  IOPS:   279711  Throughput:  1092.6 MB/s  Total: 1973.56 GB
[ 1850.4s] IOs:    517457851  IOPS:   279650  Throughput:  1092.4 MB/s  Total: 1973.95 GB
[ 1851.2s] IOs:    517558423  IOPS:   279583  Throughput:  1092.1 MB/s  Total: 1974.33 GB
[ 1851.8s] IOs:    517659374  IOPS:   279547  Throughput:  1092.0 MB/s  Total: 1974.71 GB
[ 1852.7s] IOs:    517759391  IOPS:   279466  Throughput:  1091.7 MB/s  Total: 1975.10 GB
[ 1853.3s] IOs:    517859834  IOPS:   279432  Throughput:  1091.5 MB/s  Total: 1975.48 GB
[ 1853.7s] IOs:    517960761  IOPS:   279413  Throughput:  1091.5 MB/s  Total: 1975.86 GB
[ 1854.3s] IOs:    518061230  IOPS:   279378  Throughput:  1091.3 MB/s  Total: 1976.25 GB
[ 1855.1s] IOs:    518161847  IOPS:   279322  Throughput:  1091.1 MB/s  Total: 1976.63 GB
[ 1855.6s] IOs:    518262496  IOPS:   279301  Throughput:  1091.0 MB/s  Total: 1977.01 GB
[ 1855.8s] IOs:    518362808  IOPS:   279320  Throughput:  1091.1 MB/s  Total: 1977.40 GB
[ 1856.4s] IOs:    518463722  IOPS:   279285  Throughput:  1091.0 MB/s  Total: 1977.78 GB
[ 1856.8s] IOs:    518564279  IOPS:   279277  Throughput:  1090.9 MB/s  Total: 1978.17 GB
[ 1857.3s] IOs:    518664806  IOPS:   279253  Throughput:  1090.8 MB/s  Total: 1978.55 GB
[ 1857.7s] IOs:    518765613  IOPS:   279247  Throughput:  1090.8 MB/s  Total: 1978.93 GB
[ 1858.4s] IOs:    518866016  IOPS:   279202  Throughput:  1090.6 MB/s  Total: 1979.32 GB
[ 1858.7s] IOs:    518966254  IOPS:   279208  Throughput:  1090.7 MB/s  Total: 1979.70 GB
[ 1859.4s] IOs:    519066936  IOPS:   279164  Throughput:  1090.5 MB/s  Total: 1980.08 GB
[ 1860.1s] IOs:    519167717  IOPS:   279110  Throughput:  1090.3 MB/s  Total: 1980.47 GB
[ 1860.7s] IOs:    519268731  IOPS:   279071  Throughput:  1090.1 MB/s  Total: 1980.85 GB
[ 1861.2s] IOs:    519369291  IOPS:   279046  Throughput:  1090.0 MB/s  Total: 1981.24 GB
[ 1861.6s] IOs:    519469879  IOPS:   279038  Throughput:  1090.0 MB/s  Total: 1981.62 GB
[ 1862.3s] IOs:    519570736  IOPS:   278993  Throughput:  1089.8 MB/s  Total: 1982.01 GB
[ 1863.0s] IOs:    519671427  IOPS:   278938  Throughput:  1089.6 MB/s  Total: 1982.39 GB
[ 1863.7s] IOs:    519771634  IOPS:   278892  Throughput:  1089.4 MB/s  Total: 1982.77 GB
[ 1864.4s] IOs:    519872016  IOPS:   278834  Throughput:  1089.2 MB/s  Total: 1983.15 GB
[ 1865.2s] IOs:    519972799  IOPS:   278771  Throughput:  1089.0 MB/s  Total: 1983.54 GB
[ 1866.2s] IOs:    520073235  IOPS:   278683  Throughput:  1088.6 MB/s  Total: 1983.92 GB
[ 1866.7s] IOs:    520174121  IOPS:   278653  Throughput:  1088.5 MB/s  Total: 1984.31 GB
[ 1868.2s] IOs:    520275111  IOPS:   278483  Throughput:  1087.8 MB/s  Total: 1984.69 GB
[ 1870.1s] IOs:    520375253  IOPS:   278263  Throughput:  1087.0 MB/s  Total: 1985.07 GB
[ 1871.2s] IOs:    520476129  IOPS:   278148  Throughput:  1086.5 MB/s  Total: 1985.46 GB
[ 1872.7s] IOs:    520576813  IOPS:   277984  Throughput:  1085.9 MB/s  Total: 1985.84 GB
[ 1873.8s] IOs:    520676853  IOPS:   277874  Throughput:  1085.4 MB/s  Total: 1986.22 GB
[ 1874.8s] IOs:    520777500  IOPS:   277778  Throughput:  1085.1 MB/s  Total: 1986.61 GB
[ 1875.9s] IOs:    520878330  IOPS:   277674  Throughput:  1084.7 MB/s  Total: 1986.99 GB
[ 1876.8s] IOs:    520978633  IOPS:   277588  Throughput:  1084.3 MB/s  Total: 1987.38 GB
[ 1877.8s] IOs:    521079302  IOPS:   277495  Throughput:  1084.0 MB/s  Total: 1987.76 GB
[ 1878.7s] IOs:    521179971  IOPS:   277416  Throughput:  1083.7 MB/s  Total: 1988.14 GB
[ 1879.5s] IOs:    521280699  IOPS:   277357  Throughput:  1083.4 MB/s  Total: 1988.53 GB
[ 1880.4s] IOs:    521381462  IOPS:   277278  Throughput:  1083.1 MB/s  Total: 1988.91 GB
[ 1880.8s] IOs:    521481755  IOPS:   277270  Throughput:  1083.1 MB/s  Total: 1989.30 GB
[Reader] Parsed 73000000 lines, distributed 521574443 writes, unique 635.57 GB, skipped 0
[ 1881.3s] IOs:    521582394  IOPS:   277243  Throughput:  1083.0 MB/s  Total: 1989.68 GB
[ 1881.8s] IOs:    521683080  IOPS:   277223  Throughput:  1082.9 MB/s  Total: 1990.06 GB
[ 1882.6s] IOs:    521783968  IOPS:   277161  Throughput:  1082.7 MB/s  Total: 1990.45 GB
[ 1883.1s] IOs:    521884402  IOPS:   277140  Throughput:  1082.6 MB/s  Total: 1990.83 GB
[ 1883.7s] IOs:    521984902  IOPS:   277111  Throughput:  1082.5 MB/s  Total: 1991.21 GB
[ 1884.1s] IOs:    522085546  IOPS:   277102  Throughput:  1082.4 MB/s  Total: 1991.60 GB
[ 1884.4s] IOs:    522186203  IOPS:   277105  Throughput:  1082.4 MB/s  Total: 1991.98 GB
[ 1885.1s] IOs:    522286623  IOPS:   277065  Throughput:  1082.3 MB/s  Total: 1992.37 GB
[ 1885.4s] IOs:    522387213  IOPS:   277063  Throughput:  1082.3 MB/s  Total: 1992.75 GB
[ 1885.8s] IOs:    522487859  IOPS:   277065  Throughput:  1082.3 MB/s  Total: 1993.13 GB
[ 1886.5s] IOs:    522588783  IOPS:   277009  Throughput:  1082.1 MB/s  Total: 1993.52 GB
[ 1887.1s] IOs:    522689173  IOPS:   276975  Throughput:  1081.9 MB/s  Total: 1993.90 GB
[ 1887.7s] IOs:    522789792  IOPS:   276944  Throughput:  1081.8 MB/s  Total: 1994.28 GB
[ 1888.3s] IOs:    522890560  IOPS:   276908  Throughput:  1081.7 MB/s  Total: 1994.67 GB
[ 1889.0s] IOs:    522991184  IOPS:   276858  Throughput:  1081.5 MB/s  Total: 1995.05 GB
[ 1889.5s] IOs:    523092089  IOPS:   276836  Throughput:  1081.4 MB/s  Total: 1995.44 GB
[ 1889.8s] IOs:    523192505  IOPS:   276845  Throughput:  1081.4 MB/s  Total: 1995.82 GB
[ 1890.4s] IOs:    523293172  IOPS:   276815  Throughput:  1081.3 MB/s  Total: 1996.21 GB
[ 1890.9s] IOs:    523393614  IOPS:   276796  Throughput:  1081.2 MB/s  Total: 1996.59 GB
[ 1891.4s] IOs:    523494454  IOPS:   276772  Throughput:  1081.1 MB/s  Total: 1996.97 GB
[ 1891.9s] IOs:    523595204  IOPS:   276758  Throughput:  1081.1 MB/s  Total: 1997.36 GB
[ 1892.4s] IOs:    523695624  IOPS:   276738  Throughput:  1081.0 MB/s  Total: 1997.74 GB
[ 1892.8s] IOs:    523796237  IOPS:   276738  Throughput:  1081.0 MB/s  Total: 1998.12 GB
[ 1893.3s] IOs:    523896739  IOPS:   276711  Throughput:  1080.9 MB/s  Total: 1998.51 GB
[ 1893.5s] IOs:    523997307  IOPS:   276730  Throughput:  1081.0 MB/s  Total: 1998.89 GB
[ 1893.9s] IOs:    524098119  IOPS:   276730  Throughput:  1081.0 MB/s  Total: 1999.28 GB
[ 1894.3s] IOs:    524198877  IOPS:   276726  Throughput:  1081.0 MB/s  Total: 1999.66 GB
[ 1894.7s] IOs:    524299580  IOPS:   276725  Throughput:  1081.0 MB/s  Total: 2000.04 GB
[ 1895.0s] IOs:    524400063  IOPS:   276731  Throughput:  1081.0 MB/s  Total: 2000.43 GB
[ 1895.3s] IOs:    524500722  IOPS:   276742  Throughput:  1081.0 MB/s  Total: 2000.81 GB
[ 1895.9s] IOs:    524601510  IOPS:   276710  Throughput:  1080.9 MB/s  Total: 2001.20 GB
[ 1896.1s] IOs:    524701679  IOPS:   276723  Throughput:  1080.9 MB/s  Total: 2001.58 GB
[ 1896.4s] IOs:    524802154  IOPS:   276739  Throughput:  1081.0 MB/s  Total: 2001.96 GB
[ 1896.9s] IOs:    524902830  IOPS:   276714  Throughput:  1080.9 MB/s  Total: 2002.35 GB
[ 1897.4s] IOs:    525003552  IOPS:   276702  Throughput:  1080.9 MB/s  Total: 2002.73 GB
[ 1897.8s] IOs:    525104034  IOPS:   276685  Throughput:  1080.8 MB/s  Total: 2003.11 GB
[ 1898.2s] IOs:    525204366  IOPS:   276684  Throughput:  1080.8 MB/s  Total: 2003.50 GB
[ 1898.7s] IOs:    525305084  IOPS:   276668  Throughput:  1080.7 MB/s  Total: 2003.88 GB
[ 1898.9s] IOs:    525405830  IOPS:   276683  Throughput:  1080.8 MB/s  Total: 2004.26 GB
[ 1899.4s] IOs:    525506066  IOPS:   276676  Throughput:  1080.8 MB/s  Total: 2004.65 GB
[ 1899.8s] IOs:    525606491  IOPS:   276660  Throughput:  1080.7 MB/s  Total: 2005.03 GB
[ 1900.1s] IOs:    525706971  IOPS:   276672  Throughput:  1080.7 MB/s  Total: 2005.41 GB
[ 1900.4s] IOs:    525807869  IOPS:   276687  Throughput:  1080.8 MB/s  Total: 2005.80 GB
[ 1900.8s] IOs:    525908419  IOPS:   276679  Throughput:  1080.8 MB/s  Total: 2006.18 GB
[ 1901.0s] IOs:    526008713  IOPS:   276699  Throughput:  1080.9 MB/s  Total: 2006.56 GB
[ 1901.4s] IOs:    526109494  IOPS:   276689  Throughput:  1080.8 MB/s  Total: 2006.95 GB
[ 1901.7s] IOs:    526209738  IOPS:   276706  Throughput:  1080.9 MB/s  Total: 2007.33 GB
[ 1902.3s] IOs:    526310283  IOPS:   276671  Throughput:  1080.7 MB/s  Total: 2007.71 GB
[ 1903.0s] IOs:    526411204  IOPS:   276620  Throughput:  1080.5 MB/s  Total: 2008.10 GB
[ 1903.7s] IOs:    526511887  IOPS:   276574  Throughput:  1080.4 MB/s  Total: 2008.48 GB
[ 1904.3s] IOs:    526612568  IOPS:   276543  Throughput:  1080.2 MB/s  Total: 2008.87 GB
[ 1904.8s] IOs:    526713126  IOPS:   276521  Throughput:  1080.2 MB/s  Total: 2009.25 GB
[ 1905.2s] IOs:    526813485  IOPS:   276507  Throughput:  1080.1 MB/s  Total: 2009.63 GB
[ 1905.9s] IOs:    526913815  IOPS:   276468  Throughput:  1080.0 MB/s  Total: 2010.02 GB
[ 1906.2s] IOs:    527014725  IOPS:   276472  Throughput:  1080.0 MB/s  Total: 2010.40 GB
[ 1906.8s] IOs:    527115379  IOPS:   276435  Throughput:  1079.8 MB/s  Total: 2010.79 GB
[ 1907.5s] IOs:    527216171  IOPS:   276397  Throughput:  1079.7 MB/s  Total: 2011.17 GB
[ 1907.7s] IOs:    527316547  IOPS:   276413  Throughput:  1079.7 MB/s  Total: 2011.55 GB
[ 1908.3s] IOs:    527417090  IOPS:   276376  Throughput:  1079.6 MB/s  Total: 2011.94 GB
[ 1908.7s] IOs:    527517547  IOPS:   276368  Throughput:  1079.6 MB/s  Total: 2012.32 GB
[ 1909.3s] IOs:    527618128  IOPS:   276338  Throughput:  1079.4 MB/s  Total: 2012.70 GB
[ 1909.7s] IOs:    527718649  IOPS:   276335  Throughput:  1079.4 MB/s  Total: 2013.09 GB
[ 1910.2s] IOs:    527818669  IOPS:   276317  Throughput:  1079.4 MB/s  Total: 2013.47 GB
[ 1910.8s] IOs:    527919294  IOPS:   276284  Throughput:  1079.2 MB/s  Total: 2013.85 GB
[ 1911.7s] IOs:    528020176  IOPS:   276201  Throughput:  1078.9 MB/s  Total: 2014.24 GB
[ 1912.4s] IOs:    528121011  IOPS:   276154  Throughput:  1078.7 MB/s  Total: 2014.62 GB
[ 1912.8s] IOs:    528221599  IOPS:   276153  Throughput:  1078.7 MB/s  Total: 2015.01 GB
[ 1913.4s] IOs:    528322003  IOPS:   276117  Throughput:  1078.6 MB/s  Total: 2015.39 GB
[ 1914.2s] IOs:    528422818  IOPS:   276052  Throughput:  1078.3 MB/s  Total: 2015.77 GB
[ 1915.2s] IOs:    528523457  IOPS:   275958  Throughput:  1078.0 MB/s  Total: 2016.16 GB
[ 1915.9s] IOs:    528624215  IOPS:   275916  Throughput:  1077.8 MB/s  Total: 2016.54 GB
[ 1916.8s] IOs:    528725253  IOPS:   275845  Throughput:  1077.5 MB/s  Total: 2016.93 GB
[ 1917.4s] IOs:    528825978  IOPS:   275810  Throughput:  1077.4 MB/s  Total: 2017.31 GB
[ 1918.0s] IOs:    528926753  IOPS:   275775  Throughput:  1077.2 MB/s  Total: 2017.70 GB
[ 1919.0s] IOs:    529027310  IOPS:   275681  Throughput:  1076.9 MB/s  Total: 2018.08 GB
[ 1919.3s] IOs:    529127458  IOPS:   275685  Throughput:  1076.9 MB/s  Total: 2018.46 GB
[ 1920.0s] IOs:    529228074  IOPS:   275643  Throughput:  1076.7 MB/s  Total: 2018.84 GB
[ 1920.9s] IOs:    529328991  IOPS:   275565  Throughput:  1076.4 MB/s  Total: 2019.23 GB
[ 1921.4s] IOs:    529429622  IOPS:   275541  Throughput:  1076.3 MB/s  Total: 2019.61 GB
[ 1922.4s] IOs:    529530569  IOPS:   275456  Throughput:  1076.0 MB/s  Total: 2020.00 GB
[ 1923.0s] IOs:    529631202  IOPS:   275421  Throughput:  1075.9 MB/s  Total: 2020.38 GB
[ 1923.9s] IOs:    529731656  IOPS:   275346  Throughput:  1075.6 MB/s  Total: 2020.77 GB
[ 1924.4s] IOs:    529832107  IOPS:   275326  Throughput:  1075.5 MB/s  Total: 2021.15 GB
[ 1925.0s] IOs:    529932732  IOPS:   275294  Throughput:  1075.4 MB/s  Total: 2021.53 GB
[ 1925.5s] IOs:    530033375  IOPS:   275270  Throughput:  1075.3 MB/s  Total: 2021.92 GB
[ 1926.0s] IOs:    530133442  IOPS:   275247  Throughput:  1075.2 MB/s  Total: 2022.30 GB
[ 1926.7s] IOs:    530234451  IOPS:   275209  Throughput:  1075.0 MB/s  Total: 2022.68 GB
[ 1927.0s] IOs:    530335181  IOPS:   275208  Throughput:  1075.0 MB/s  Total: 2023.07 GB
[ 1927.4s] IOs:    530435747  IOPS:   275205  Throughput:  1075.0 MB/s  Total: 2023.45 GB
[ 1928.1s] IOs:    530536591  IOPS:   275167  Throughput:  1074.9 MB/s  Total: 2023.84 GB
[ 1928.4s] IOs:    530637139  IOPS:   275170  Throughput:  1074.9 MB/s  Total: 2024.22 GB
[ 1928.9s] IOs:    530737779  IOPS:   275144  Throughput:  1074.8 MB/s  Total: 2024.60 GB
[ 1929.3s] IOs:    530838163  IOPS:   275143  Throughput:  1074.8 MB/s  Total: 2024.99 GB
[ 1929.6s] IOs:    530938641  IOPS:   275160  Throughput:  1074.8 MB/s  Total: 2025.37 GB
[ 1930.2s] IOs:    531039370  IOPS:   275125  Throughput:  1074.7 MB/s  Total: 2025.75 GB
[ 1930.4s] IOs:    531139393  IOPS:   275144  Throughput:  1074.8 MB/s  Total: 2026.14 GB
[ 1931.0s] IOs:    531239414  IOPS:   275115  Throughput:  1074.7 MB/s  Total: 2026.52 GB
[ 1931.3s] IOs:    531339949  IOPS:   275115  Throughput:  1074.7 MB/s  Total: 2026.90 GB
[ 1931.8s] IOs:    531440538  IOPS:   275103  Throughput:  1074.6 MB/s  Total: 2027.28 GB
[ 1932.0s] IOs:    531541335  IOPS:   275120  Throughput:  1074.7 MB/s  Total: 2027.67 GB
[ 1932.5s] IOs:    531641821  IOPS:   275102  Throughput:  1074.6 MB/s  Total: 2028.05 GB
[ 1932.9s] IOs:    531742508  IOPS:   275101  Throughput:  1074.6 MB/s  Total: 2028.44 GB
[ 1933.4s] IOs:    531843152  IOPS:   275087  Throughput:  1074.6 MB/s  Total: 2028.82 GB
[ 1933.9s] IOs:    531943737  IOPS:   275065  Throughput:  1074.5 MB/s  Total: 2029.20 GB
[ 1934.4s] IOs:    532044104  IOPS:   275043  Throughput:  1074.4 MB/s  Total: 2029.59 GB
[ 1935.0s] IOs:    532144770  IOPS:   275014  Throughput:  1074.3 MB/s  Total: 2029.97 GB
[ 1935.3s] IOs:    532245242  IOPS:   275019  Throughput:  1074.3 MB/s  Total: 2030.35 GB
[ 1935.8s] IOs:    532345811  IOPS:   275007  Throughput:  1074.2 MB/s  Total: 2030.74 GB
[ 1936.0s] IOs:    532446529  IOPS:   275017  Throughput:  1074.3 MB/s  Total: 2031.12 GB
[ 1936.5s] IOs:    532547360  IOPS:   275000  Throughput:  1074.2 MB/s  Total: 2031.51 GB
[ 1936.9s] IOs:    532648200  IOPS:   274995  Throughput:  1074.2 MB/s  Total: 2031.89 GB
[ 1937.3s] IOs:    532748805  IOPS:   274990  Throughput:  1074.2 MB/s  Total: 2032.28 GB
[ 1937.6s] IOs:    532849490  IOPS:   275004  Throughput:  1074.2 MB/s  Total: 2032.66 GB
[ 1938.0s] IOs:    532949721  IOPS:   275000  Throughput:  1074.2 MB/s  Total: 2033.04 GB
[ 1938.4s] IOs:    533050111  IOPS:   275000  Throughput:  1074.2 MB/s  Total: 2033.42 GB
[ 1938.6s] IOs:    533150574  IOPS:   275020  Throughput:  1074.3 MB/s  Total: 2033.81 GB
[ 1939.1s] IOs:    533251505  IOPS:   274993  Throughput:  1074.2 MB/s  Total: 2034.19 GB
[ 1939.4s] IOs:    533351811  IOPS:   275013  Throughput:  1074.3 MB/s  Total: 2034.58 GB
[ 1939.6s] IOs:    533452411  IOPS:   275033  Throughput:  1074.3 MB/s  Total: 2034.96 GB
[Reader] Parsed 74000000 lines, distributed 533475996 writes, unique 648.72 GB, skipped 0
[ 1940.0s] IOs:    533552646  IOPS:   275027  Throughput:  1074.3 MB/s  Total: 2035.34 GB
[ 1940.3s] IOs:    533653001  IOPS:   275033  Throughput:  1074.3 MB/s  Total: 2035.72 GB
[ 1940.6s] IOs:    533753329  IOPS:   275048  Throughput:  1074.4 MB/s  Total: 2036.11 GB
[ 1940.9s] IOs:    533854215  IOPS:   275049  Throughput:  1074.4 MB/s  Total: 2036.49 GB
[ 1941.6s] IOs:    533954981  IOPS:   275014  Throughput:  1074.3 MB/s  Total: 2036.88 GB
[ 1942.0s] IOs:    534055682  IOPS:   274999  Throughput:  1074.2 MB/s  Total: 2037.26 GB
[ 1942.6s] IOs:    534156346  IOPS:   274969  Throughput:  1074.1 MB/s  Total: 2037.64 GB
[ 1942.9s] IOs:    534256899  IOPS:   274974  Throughput:  1074.1 MB/s  Total: 2038.03 GB
[ 1943.5s] IOs:    534357619  IOPS:   274951  Throughput:  1074.0 MB/s  Total: 2038.41 GB
[ 1943.9s] IOs:    534457633  IOPS:   274947  Throughput:  1074.0 MB/s  Total: 2038.79 GB
[ 1944.3s] IOs:    534558071  IOPS:   274934  Throughput:  1074.0 MB/s  Total: 2039.18 GB
[ 1944.6s] IOs:    534658084  IOPS:   274944  Throughput:  1074.0 MB/s  Total: 2039.56 GB
[ 1945.2s] IOs:    534758804  IOPS:   274910  Throughput:  1073.9 MB/s  Total: 2039.94 GB
[ 1945.6s] IOs:    534859086  IOPS:   274914  Throughput:  1073.9 MB/s  Total: 2040.33 GB
[ 1946.0s] IOs:    534959685  IOPS:   274901  Throughput:  1073.8 MB/s  Total: 2040.71 GB
[ 1946.3s] IOs:    535060106  IOPS:   274906  Throughput:  1073.9 MB/s  Total: 2041.09 GB
[ 1946.6s] IOs:    535160798  IOPS:   274925  Throughput:  1073.9 MB/s  Total: 2041.48 GB
[ 1947.1s] IOs:    535261523  IOPS:   274903  Throughput:  1073.8 MB/s  Total: 2041.86 GB
[ 1947.4s] IOs:    535362094  IOPS:   274916  Throughput:  1073.9 MB/s  Total: 2042.24 GB
[ 1947.6s] IOs:    535462812  IOPS:   274931  Throughput:  1074.0 MB/s  Total: 2042.63 GB
[ 1948.0s] IOs:    535562960  IOPS:   274932  Throughput:  1074.0 MB/s  Total: 2043.01 GB
[ 1948.2s] IOs:    535663273  IOPS:   274947  Throughput:  1074.0 MB/s  Total: 2043.39 GB
[ 1948.6s] IOs:    535763849  IOPS:   274947  Throughput:  1074.0 MB/s  Total: 2043.78 GB
[ 1948.9s] IOs:    535864788  IOPS:   274960  Throughput:  1074.1 MB/s  Total: 2044.16 GB
[ 1949.1s] IOs:    535965624  IOPS:   274979  Throughput:  1074.1 MB/s  Total: 2044.55 GB
[ 1949.5s] IOs:    536066122  IOPS:   274979  Throughput:  1074.1 MB/s  Total: 2044.93 GB
[ 1949.7s] IOs:    536166775  IOPS:   274999  Throughput:  1074.2 MB/s  Total: 2045.31 GB
[ 1950.0s] IOs:    536267054  IOPS:   275003  Throughput:  1074.2 MB/s  Total: 2045.70 GB
[ 1950.4s] IOs:    536367617  IOPS:   275010  Throughput:  1074.3 MB/s  Total: 2046.08 GB
[ 1950.6s] IOs:    536468001  IOPS:   275024  Throughput:  1074.3 MB/s  Total: 2046.46 GB
[ 1951.1s] IOs:    536568797  IOPS:   275003  Throughput:  1074.2 MB/s  Total: 2046.85 GB
[ 1951.4s] IOs:    536669509  IOPS:   275015  Throughput:  1074.3 MB/s  Total: 2047.23 GB
[ 1951.6s] IOs:    536770071  IOPS:   275036  Throughput:  1074.4 MB/s  Total: 2047.62 GB
[ 1952.1s] IOs:    536870230  IOPS:   275023  Throughput:  1074.3 MB/s  Total: 2048.00 GB
[ 1952.5s] IOs:    536970788  IOPS:   275010  Throughput:  1074.3 MB/s  Total: 2048.38 GB
[ 1952.8s] IOs:    537071074  IOPS:   275029  Throughput:  1074.3 MB/s  Total: 2048.76 GB
[ 1953.1s] IOs:    537171944  IOPS:   275037  Throughput:  1074.4 MB/s  Total: 2049.15 GB
[ 1953.5s] IOs:    537272558  IOPS:   275035  Throughput:  1074.4 MB/s  Total: 2049.53 GB
[ 1953.7s] IOs:    537373092  IOPS:   275053  Throughput:  1074.4 MB/s  Total: 2049.92 GB
[ 1954.1s] IOs:    537473646  IOPS:   275043  Throughput:  1074.4 MB/s  Total: 2050.30 GB
[ 1954.4s] IOs:    537573937  IOPS:   275057  Throughput:  1074.4 MB/s  Total: 2050.68 GB
[ 1954.7s] IOs:    537674471  IOPS:   275074  Throughput:  1074.5 MB/s  Total: 2051.07 GB
[ 1955.1s] IOs:    537775065  IOPS:   275057  Throughput:  1074.4 MB/s  Total: 2051.45 GB
[ 1955.7s] IOs:    537875368  IOPS:   275032  Throughput:  1074.3 MB/s  Total: 2051.83 GB
[ 1956.2s] IOs:    537975680  IOPS:   275006  Throughput:  1074.2 MB/s  Total: 2052.21 GB
[ 1956.6s] IOs:    538076302  IOPS:   275005  Throughput:  1074.2 MB/s  Total: 2052.60 GB
[ 1957.2s] IOs:    538177071  IOPS:   274976  Throughput:  1074.1 MB/s  Total: 2052.98 GB
[ 1957.5s] IOs:    538277767  IOPS:   274982  Throughput:  1074.1 MB/s  Total: 2053.37 GB
[ 1957.7s] IOs:    538378712  IOPS:   275001  Throughput:  1074.2 MB/s  Total: 2053.75 GB
[ 1958.2s] IOs:    538478911  IOPS:   274990  Throughput:  1074.2 MB/s  Total: 2054.13 GB
[ 1958.7s] IOs:    538579366  IOPS:   274969  Throughput:  1074.1 MB/s  Total: 2054.52 GB
[ 1959.0s] IOs:    538679959  IOPS:   274974  Throughput:  1074.1 MB/s  Total: 2054.90 GB
[ 1959.3s] IOs:    538780516  IOPS:   274985  Throughput:  1074.2 MB/s  Total: 2055.28 GB
[ 1959.9s] IOs:    538881093  IOPS:   274946  Throughput:  1074.0 MB/s  Total: 2055.67 GB
[ 1960.2s] IOs:    538981537  IOPS:   274966  Throughput:  1074.1 MB/s  Total: 2056.05 GB
[ 1960.8s] IOs:    539082464  IOPS:   274924  Throughput:  1073.9 MB/s  Total: 2056.44 GB
[ 1961.2s] IOs:    539183230  IOPS:   274929  Throughput:  1073.9 MB/s  Total: 2056.82 GB
[ 1961.7s] IOs:    539284065  IOPS:   274911  Throughput:  1073.9 MB/s  Total: 2057.21 GB
[ 1962.1s] IOs:    539385022  IOPS:   274900  Throughput:  1073.8 MB/s  Total: 2057.59 GB
[ 1962.6s] IOs:    539485101  IOPS:   274888  Throughput:  1073.8 MB/s  Total: 2057.97 GB
[ 1962.8s] IOs:    539585459  IOPS:   274905  Throughput:  1073.8 MB/s  Total: 2058.36 GB
[ 1963.3s] IOs:    539685834  IOPS:   274891  Throughput:  1073.8 MB/s  Total: 2058.74 GB
[ 1963.7s] IOs:    539786510  IOPS:   274888  Throughput:  1073.8 MB/s  Total: 2059.12 GB
[ 1964.0s] IOs:    539887347  IOPS:   274888  Throughput:  1073.8 MB/s  Total: 2059.51 GB
[ 1964.3s] IOs:    539988077  IOPS:   274907  Throughput:  1073.9 MB/s  Total: 2059.89 GB
[ 1964.7s] IOs:    540088606  IOPS:   274897  Throughput:  1073.8 MB/s  Total: 2060.27 GB
[ 1965.1s] IOs:    540189081  IOPS:   274894  Throughput:  1073.8 MB/s  Total: 2060.66 GB
[ 1965.3s] IOs:    540289861  IOPS:   274912  Throughput:  1073.9 MB/s  Total: 2061.04 GB
[ 1965.8s] IOs:    540390373  IOPS:   274901  Throughput:  1073.8 MB/s  Total: 2061.43 GB
[ 1966.1s] IOs:    540490643  IOPS:   274910  Throughput:  1073.9 MB/s  Total: 2061.81 GB
[ 1966.3s] IOs:    540591044  IOPS:   274928  Throughput:  1073.9 MB/s  Total: 2062.19 GB
[ 1966.8s] IOs:    540691845  IOPS:   274911  Throughput:  1073.9 MB/s  Total: 2062.58 GB
[ 1967.3s] IOs:    540792601  IOPS:   274886  Throughput:  1073.8 MB/s  Total: 2062.96 GB
[ 1967.6s] IOs:    540893174  IOPS:   274906  Throughput:  1073.9 MB/s  Total: 2063.34 GB
[ 1967.8s] IOs:    540993650  IOPS:   274927  Throughput:  1073.9 MB/s  Total: 2063.73 GB
[ 1968.3s] IOs:    541094354  IOPS:   274902  Throughput:  1073.8 MB/s  Total: 2064.11 GB
[ 1968.6s] IOs:    541194841  IOPS:   274911  Throughput:  1073.9 MB/s  Total: 2064.49 GB
[ 1969.0s] IOs:    541295355  IOPS:   274907  Throughput:  1073.9 MB/s  Total: 2064.88 GB
[ 1969.2s] IOs:    541395723  IOPS:   274926  Throughput:  1073.9 MB/s  Total: 2065.26 GB
[ 1969.7s] IOs:    541496372  IOPS:   274920  Throughput:  1073.9 MB/s  Total: 2065.64 GB
[ 1970.0s] IOs:    541596974  IOPS:   274925  Throughput:  1073.9 MB/s  Total: 2066.03 GB
[ 1970.4s] IOs:    541697634  IOPS:   274912  Throughput:  1073.9 MB/s  Total: 2066.41 GB
[ 1970.7s] IOs:    541797670  IOPS:   274921  Throughput:  1073.9 MB/s  Total: 2066.79 GB
[ 1971.2s] IOs:    541898657  IOPS:   274911  Throughput:  1073.9 MB/s  Total: 2067.18 GB
[ 1971.7s] IOs:    541999536  IOPS:   274884  Throughput:  1073.8 MB/s  Total: 2067.56 GB
[ 1972.0s] IOs:    542099625  IOPS:   274894  Throughput:  1073.8 MB/s  Total: 2067.95 GB
[ 1972.3s] IOs:    542200392  IOPS:   274910  Throughput:  1073.9 MB/s  Total: 2068.33 GB
[ 1972.9s] IOs:    542301380  IOPS:   274877  Throughput:  1073.7 MB/s  Total: 2068.72 GB
[ 1973.1s] IOs:    542402045  IOPS:   274897  Throughput:  1073.8 MB/s  Total: 2069.10 GB
[ 1973.5s] IOs:    542502455  IOPS:   274889  Throughput:  1073.8 MB/s  Total: 2069.48 GB
[ 1973.8s] IOs:    542603397  IOPS:   274904  Throughput:  1073.8 MB/s  Total: 2069.87 GB
[ 1974.3s] IOs:    542704192  IOPS:   274887  Throughput:  1073.8 MB/s  Total: 2070.25 GB
[ 1974.7s] IOs:    542804700  IOPS:   274885  Throughput:  1073.8 MB/s  Total: 2070.64 GB
[ 1975.0s] IOs:    542904889  IOPS:   274885  Throughput:  1073.8 MB/s  Total: 2071.02 GB
[ 1975.2s] IOs:    543005386  IOPS:   274905  Throughput:  1073.8 MB/s  Total: 2071.40 GB
[ 1975.6s] IOs:    543106060  IOPS:   274900  Throughput:  1073.8 MB/s  Total: 2071.79 GB
[ 1976.0s] IOs:    543206711  IOPS:   274901  Throughput:  1073.8 MB/s  Total: 2072.17 GB
[ 1976.3s] IOs:    543307322  IOPS:   274908  Throughput:  1073.9 MB/s  Total: 2072.55 GB
[ 1976.7s] IOs:    543408213  IOPS:   274909  Throughput:  1073.9 MB/s  Total: 2072.94 GB
[ 1977.2s] IOs:    543508793  IOPS:   274882  Throughput:  1073.8 MB/s  Total: 2073.32 GB
[ 1977.6s] IOs:    543609292  IOPS:   274882  Throughput:  1073.8 MB/s  Total: 2073.70 GB
[ 1978.3s] IOs:    543709663  IOPS:   274844  Throughput:  1073.6 MB/s  Total: 2074.09 GB
[ 1978.6s] IOs:    543810197  IOPS:   274841  Throughput:  1073.6 MB/s  Total: 2074.47 GB
[ 1979.2s] IOs:    543910350  IOPS:   274817  Throughput:  1073.5 MB/s  Total: 2074.85 GB
[ 1979.6s] IOs:    544011126  IOPS:   274806  Throughput:  1073.5 MB/s  Total: 2075.24 GB
[ 1980.1s] IOs:    544111895  IOPS:   274790  Throughput:  1073.4 MB/s  Total: 2075.62 GB
[ 1980.4s] IOs:    544212488  IOPS:   274806  Throughput:  1073.5 MB/s  Total: 2076.01 GB
[ 1981.0s] IOs:    544312965  IOPS:   274766  Throughput:  1073.3 MB/s  Total: 2076.39 GB
[ 1981.3s] IOs:    544413308  IOPS:   274777  Throughput:  1073.3 MB/s  Total: 2076.77 GB
[ 1982.0s] IOs:    544513869  IOPS:   274725  Throughput:  1073.1 MB/s  Total: 2077.16 GB
[ 1982.6s] IOs:    544614148  IOPS:   274701  Throughput:  1073.1 MB/s  Total: 2077.54 GB
[ 1982.8s] IOs:    544715154  IOPS:   274714  Throughput:  1073.1 MB/s  Total: 2077.92 GB
[ 1983.3s] IOs:    544815873  IOPS:   274695  Throughput:  1073.0 MB/s  Total: 2078.31 GB
[ 1983.8s] IOs:    544916155  IOPS:   274683  Throughput:  1073.0 MB/s  Total: 2078.69 GB
[ 1984.2s] IOs:    545016354  IOPS:   274680  Throughput:  1073.0 MB/s  Total: 2079.07 GB
[ 1984.8s] IOs:    545116591  IOPS:   274646  Throughput:  1072.8 MB/s  Total: 2079.45 GB
[ 1985.1s] IOs:    545217187  IOPS:   274659  Throughput:  1072.9 MB/s  Total: 2079.84 GB
[ 1985.4s] IOs:    545318123  IOPS:   274670  Throughput:  1072.9 MB/s  Total: 2080.22 GB
[ 1985.8s] IOs:    545419005  IOPS:   274660  Throughput:  1072.9 MB/s  Total: 2080.61 GB
[ 1986.1s] IOs:    545519422  IOPS:   274663  Throughput:  1072.9 MB/s  Total: 2080.99 GB
[ 1986.6s] IOs:    545619794  IOPS:   274655  Throughput:  1072.9 MB/s  Total: 2081.37 GB
[Reader] Parsed 75000000 lines, distributed 545651523 writes, unique 652.84 GB, skipped 0
[ 1986.8s] IOs:    545719814  IOPS:   274673  Throughput:  1072.9 MB/s  Total: 2081.76 GB
[ 1987.1s] IOs:    545820329  IOPS:   274676  Throughput:  1073.0 MB/s  Total: 2082.14 GB
[ 1987.4s] IOs:    545921182  IOPS:   274696  Throughput:  1073.0 MB/s  Total: 2082.52 GB
[ 1987.8s] IOs:    546021903  IOPS:   274684  Throughput:  1073.0 MB/s  Total: 2082.91 GB
[ 1988.3s] IOs:    546122518  IOPS:   274663  Throughput:  1072.9 MB/s  Total: 2083.29 GB
[ 1988.7s] IOs:    546223142  IOPS:   274667  Throughput:  1072.9 MB/s  Total: 2083.68 GB
[ 1989.2s] IOs:    546323919  IOPS:   274650  Throughput:  1072.8 MB/s  Total: 2084.06 GB
[ 1989.4s] IOs:    546424504  IOPS:   274665  Throughput:  1072.9 MB/s  Total: 2084.44 GB
[ 1989.8s] IOs:    546525112  IOPS:   274670  Throughput:  1072.9 MB/s  Total: 2084.83 GB
[ 1990.2s] IOs:    546625955  IOPS:   274660  Throughput:  1072.9 MB/s  Total: 2085.21 GB
[ 1990.4s] IOs:    546726504  IOPS:   274678  Throughput:  1073.0 MB/s  Total: 2085.60 GB
[ 1990.9s] IOs:    546827212  IOPS:   274663  Throughput:  1072.9 MB/s  Total: 2085.98 GB
[ 1991.4s] IOs:    546927868  IOPS:   274642  Throughput:  1072.8 MB/s  Total: 2086.36 GB
[ 1991.7s] IOs:    547028650  IOPS:   274655  Throughput:  1072.9 MB/s  Total: 2086.75 GB
[ 1992.2s] IOs:    547129203  IOPS:   274630  Throughput:  1072.8 MB/s  Total: 2087.13 GB
[ 1992.7s] IOs:    547230080  IOPS:   274621  Throughput:  1072.7 MB/s  Total: 2087.52 GB
[ 1992.9s] IOs:    547331003  IOPS:   274642  Throughput:  1072.8 MB/s  Total: 2087.90 GB
[ 1993.4s] IOs:    547431799  IOPS:   274628  Throughput:  1072.8 MB/s  Total: 2088.29 GB
[ 1993.7s] IOs:    547532018  IOPS:   274628  Throughput:  1072.8 MB/s  Total: 2088.67 GB
[ 1994.2s] IOs:    547632454  IOPS:   274618  Throughput:  1072.7 MB/s  Total: 2089.05 GB
[ 1994.4s] IOs:    547732902  IOPS:   274633  Throughput:  1072.8 MB/s  Total: 2089.44 GB
[ 1994.8s] IOs:    547833282  IOPS:   274633  Throughput:  1072.8 MB/s  Total: 2089.82 GB
[ 1995.1s] IOs:    547933923  IOPS:   274635  Throughput:  1072.8 MB/s  Total: 2090.20 GB
[ 1995.7s] IOs:    548034358  IOPS:   274613  Throughput:  1072.7 MB/s  Total: 2090.59 GB
[ 1996.3s] IOs:    548134747  IOPS:   274577  Throughput:  1072.6 MB/s  Total: 2090.97 GB
[ 1996.7s] IOs:    548235390  IOPS:   274575  Throughput:  1072.6 MB/s  Total: 2091.35 GB
[ 1997.3s] IOs:    548335996  IOPS:   274544  Throughput:  1072.4 MB/s  Total: 2091.74 GB
[ 1997.6s] IOs:    548436709  IOPS:   274543  Throughput:  1072.4 MB/s  Total: 2092.12 GB
[ 1998.2s] IOs:    548537234  IOPS:   274518  Throughput:  1072.3 MB/s  Total: 2092.50 GB
[ 1998.6s] IOs:    548637441  IOPS:   274511  Throughput:  1072.3 MB/s  Total: 2092.89 GB
[ 1998.8s] IOs:    548737971  IOPS:   274530  Throughput:  1072.4 MB/s  Total: 2093.27 GB
[ 1999.4s] IOs:    548838042  IOPS:   274504  Throughput:  1072.3 MB/s  Total: 2093.65 GB
[ 1999.7s] IOs:    548938731  IOPS:   274505  Throughput:  1072.3 MB/s  Total: 2094.04 GB
[ 2000.3s] IOs:    549038754  IOPS:   274484  Throughput:  1072.2 MB/s  Total: 2094.42 GB
[ 2000.6s] IOs:    549139160  IOPS:   274486  Throughput:  1072.2 MB/s  Total: 2094.80 GB
[ 2000.8s] IOs:    549239728  IOPS:   274504  Throughput:  1072.3 MB/s  Total: 2095.18 GB
[ 2001.3s] IOs:    549340478  IOPS:   274489  Throughput:  1072.2 MB/s  Total: 2095.57 GB
[ 2001.6s] IOs:    549441040  IOPS:   274495  Throughput:  1072.2 MB/s  Total: 2095.95 GB
[ 2001.9s] IOs:    549541748  IOPS:   274513  Throughput:  1072.3 MB/s  Total: 2096.34 GB
[ 2002.3s] IOs:    549642424  IOPS:   274501  Throughput:  1072.3 MB/s  Total: 2096.72 GB
[ 2002.6s] IOs:    549743265  IOPS:   274514  Throughput:  1072.3 MB/s  Total: 2097.10 GB
[ 2002.8s] IOs:    549844044  IOPS:   274533  Throughput:  1072.4 MB/s  Total: 2097.49 GB
[ 2003.2s] IOs:    549944739  IOPS:   274537  Throughput:  1072.4 MB/s  Total: 2097.87 GB
[ 2003.4s] IOs:    550045602  IOPS:   274554  Throughput:  1072.5 MB/s  Total: 2098.26 GB
[ 2003.8s] IOs:    550146208  IOPS:   274558  Throughput:  1072.5 MB/s  Total: 2098.64 GB
[ 2004.1s] IOs:    550246802  IOPS:   274562  Throughput:  1072.5 MB/s  Total: 2099.02 GB
[ 2004.3s] IOs:    550347328  IOPS:   274578  Throughput:  1072.6 MB/s  Total: 2099.41 GB
[ 2004.7s] IOs:    550447965  IOPS:   274584  Throughput:  1072.6 MB/s  Total: 2099.79 GB
[ 2004.9s] IOs:    550548894  IOPS:   274600  Throughput:  1072.7 MB/s  Total: 2100.18 GB
[ 2005.5s] IOs:    550649552  IOPS:   274568  Throughput:  1072.5 MB/s  Total: 2100.56 GB
[ 2005.8s] IOs:    550750059  IOPS:   274583  Throughput:  1072.6 MB/s  Total: 2100.94 GB
[ 2006.4s] IOs:    550850486  IOPS:   274550  Throughput:  1072.5 MB/s  Total: 2101.33 GB
[ 2006.7s] IOs:    550950709  IOPS:   274554  Throughput:  1072.5 MB/s  Total: 2101.71 GB
[ 2007.2s] IOs:    551051313  IOPS:   274537  Throughput:  1072.4 MB/s  Total: 2102.09 GB
[ 2007.6s] IOs:    551152114  IOPS:   274529  Throughput:  1072.4 MB/s  Total: 2102.48 GB
[ 2007.9s] IOs:    551252986  IOPS:   274544  Throughput:  1072.4 MB/s  Total: 2102.86 GB
[ 2008.4s] IOs:    551353899  IOPS:   274524  Throughput:  1072.4 MB/s  Total: 2103.25 GB
[ 2008.8s] IOs:    551454753  IOPS:   274526  Throughput:  1072.4 MB/s  Total: 2103.63 GB
[ 2009.3s] IOs:    551555542  IOPS:   274497  Throughput:  1072.3 MB/s  Total: 2104.02 GB
[ 2009.6s] IOs:    551655931  IOPS:   274508  Throughput:  1072.3 MB/s  Total: 2104.40 GB
[ 2009.8s] IOs:    551756166  IOPS:   274528  Throughput:  1072.4 MB/s  Total: 2104.78 GB
[ 2010.3s] IOs:    551856730  IOPS:   274508  Throughput:  1072.3 MB/s  Total: 2105.17 GB
[ 2010.6s] IOs:    551956803  IOPS:   274519  Throughput:  1072.3 MB/s  Total: 2105.55 GB
[ 2010.9s] IOs:    552057341  IOPS:   274539  Throughput:  1072.4 MB/s  Total: 2105.93 GB
[ 2011.5s] IOs:    552157790  IOPS:   274507  Throughput:  1072.3 MB/s  Total: 2106.31 GB
[ 2011.7s] IOs:    552258229  IOPS:   274519  Throughput:  1072.3 MB/s  Total: 2106.70 GB
[ 2012.2s] IOs:    552359042  IOPS:   274507  Throughput:  1072.3 MB/s  Total: 2107.08 GB
[ 2012.6s] IOs:    552459655  IOPS:   274498  Throughput:  1072.3 MB/s  Total: 2107.47 GB
[ 2012.9s] IOs:    552560202  IOPS:   274513  Throughput:  1072.3 MB/s  Total: 2107.85 GB
[ 2013.5s] IOs:    552660911  IOPS:   274484  Throughput:  1072.2 MB/s  Total: 2108.23 GB
[ 2013.8s] IOs:    552761171  IOPS:   274490  Throughput:  1072.2 MB/s  Total: 2108.62 GB
[ 2014.3s] IOs:    552861678  IOPS:   274470  Throughput:  1072.1 MB/s  Total: 2109.00 GB
[ 2014.6s] IOs:    552962414  IOPS:   274484  Throughput:  1072.2 MB/s  Total: 2109.38 GB
[ 2014.8s] IOs:    553063206  IOPS:   274497  Throughput:  1072.3 MB/s  Total: 2109.77 GB
[ 2015.2s] IOs:    553163734  IOPS:   274498  Throughput:  1072.3 MB/s  Total: 2110.15 GB
[ 2015.4s] IOs:    553264601  IOPS:   274518  Throughput:  1072.3 MB/s  Total: 2110.54 GB
[ 2015.8s] IOs:    553365226  IOPS:   274513  Throughput:  1072.3 MB/s  Total: 2110.92 GB
[ 2016.2s] IOs:    553466073  IOPS:   274515  Throughput:  1072.3 MB/s  Total: 2111.31 GB
[ 2016.5s] IOs:    553566940  IOPS:   274521  Throughput:  1072.3 MB/s  Total: 2111.69 GB
[ 2016.8s] IOs:    553667901  IOPS:   274528  Throughput:  1072.4 MB/s  Total: 2112.08 GB
[ 2017.1s] IOs:    553768367  IOPS:   274531  Throughput:  1072.4 MB/s  Total: 2112.46 GB
[ 2017.4s] IOs:    553868541  IOPS:   274548  Throughput:  1072.5 MB/s  Total: 2112.84 GB
[ 2018.1s] IOs:    553969503  IOPS:   274500  Throughput:  1072.3 MB/s  Total: 2113.23 GB
[ 2018.8s] IOs:    554070198  IOPS:   274462  Throughput:  1072.1 MB/s  Total: 2113.61 GB
[ 2019.3s] IOs:    554171011  IOPS:   274432  Throughput:  1072.0 MB/s  Total: 2113.99 GB
[ 2019.9s] IOs:    554271865  IOPS:   274411  Throughput:  1071.9 MB/s  Total: 2114.38 GB
[ 2020.7s] IOs:    554372802  IOPS:   274350  Throughput:  1071.7 MB/s  Total: 2114.76 GB
[ 2021.2s] IOs:    554473540  IOPS:   274333  Throughput:  1071.6 MB/s  Total: 2115.15 GB
[ 2021.8s] IOs:    554574206  IOPS:   274302  Throughput:  1071.5 MB/s  Total: 2115.53 GB
[ 2022.3s] IOs:    554674874  IOPS:   274275  Throughput:  1071.4 MB/s  Total: 2115.92 GB
[ 2022.8s] IOs:    554775505  IOPS:   274260  Throughput:  1071.3 MB/s  Total: 2116.30 GB
[ 2023.3s] IOs:    554875882  IOPS:   274238  Throughput:  1071.2 MB/s  Total: 2116.68 GB
[ 2023.8s] IOs:    554976742  IOPS:   274231  Throughput:  1071.2 MB/s  Total: 2117.07 GB
[ 2024.3s] IOs:    555077438  IOPS:   274209  Throughput:  1071.1 MB/s  Total: 2117.45 GB
[ 2024.7s] IOs:    555177707  IOPS:   274204  Throughput:  1071.1 MB/s  Total: 2117.83 GB
[ 2025.3s] IOs:    555278265  IOPS:   274172  Throughput:  1071.0 MB/s  Total: 2118.22 GB
[ 2025.6s] IOs:    555378486  IOPS:   274177  Throughput:  1071.0 MB/s  Total: 2118.60 GB
[ 2025.9s] IOs:    555479326  IOPS:   274191  Throughput:  1071.1 MB/s  Total: 2118.99 GB
[ 2026.5s] IOs:    555579337  IOPS:   274159  Throughput:  1070.9 MB/s  Total: 2119.37 GB
[ 2026.8s] IOs:    555679402  IOPS:   274169  Throughput:  1071.0 MB/s  Total: 2119.75 GB
[ 2027.4s] IOs:    555779739  IOPS:   274135  Throughput:  1070.8 MB/s  Total: 2120.13 GB
[ 2027.8s] IOs:    555880392  IOPS:   274135  Throughput:  1070.8 MB/s  Total: 2120.52 GB
[ 2028.3s] IOs:    555980908  IOPS:   274114  Throughput:  1070.8 MB/s  Total: 2120.90 GB
[ 2028.8s] IOs:    556081638  IOPS:   274093  Throughput:  1070.7 MB/s  Total: 2121.28 GB
[ 2029.3s] IOs:    556181713  IOPS:   274079  Throughput:  1070.6 MB/s  Total: 2121.66 GB
[ 2029.9s] IOs:    556282161  IOPS:   274048  Throughput:  1070.5 MB/s  Total: 2122.05 GB
[ 2030.2s] IOs:    556382757  IOPS:   274048  Throughput:  1070.5 MB/s  Total: 2122.43 GB
[ 2030.7s] IOs:    556483102  IOPS:   274036  Throughput:  1070.5 MB/s  Total: 2122.81 GB
[ 2031.2s] IOs:    556583919  IOPS:   274014  Throughput:  1070.4 MB/s  Total: 2123.20 GB
[ 2031.6s] IOs:    556684427  IOPS:   274017  Throughput:  1070.4 MB/s  Total: 2123.58 GB
[ 2031.9s] IOs:    556785138  IOPS:   274020  Throughput:  1070.4 MB/s  Total: 2123.97 GB
[ 2032.5s] IOs:    556885949  IOPS:   273996  Throughput:  1070.3 MB/s  Total: 2124.35 GB
[ 2032.8s] IOs:    556986567  IOPS:   274004  Throughput:  1070.3 MB/s  Total: 2124.74 GB
[ 2033.4s] IOs:    557087478  IOPS:   273970  Throughput:  1070.2 MB/s  Total: 2125.12 GB
[ 2033.8s] IOs:    557187921  IOPS:   273970  Throughput:  1070.2 MB/s  Total: 2125.50 GB
[ 2034.3s] IOs:    557288665  IOPS:   273941  Throughput:  1070.1 MB/s  Total: 2125.89 GB
[ 2034.7s] IOs:    557389486  IOPS:   273940  Throughput:  1070.1 MB/s  Total: 2126.27 GB
[ 2035.4s] IOs:    557490399  IOPS:   273900  Throughput:  1069.9 MB/s  Total: 2126.66 GB
[ 2035.7s] IOs:    557590608  IOPS:   273904  Throughput:  1069.9 MB/s  Total: 2127.04 GB
[ 2036.3s] IOs:    557691022  IOPS:   273876  Throughput:  1069.8 MB/s  Total: 2127.42 GB
[ 2036.8s] IOs:    557791405  IOPS:   273860  Throughput:  1069.8 MB/s  Total: 2127.81 GB
[ 2037.3s] IOs:    557891913  IOPS:   273840  Throughput:  1069.7 MB/s  Total: 2128.19 GB
[ 2038.0s] IOs:    557991945  IOPS:   273798  Throughput:  1069.5 MB/s  Total: 2128.57 GB
[ 2038.2s] IOs:    558092670  IOPS:   273815  Throughput:  1069.6 MB/s  Total: 2128.95 GB
[ 2038.8s] IOs:    558192751  IOPS:   273783  Throughput:  1069.5 MB/s  Total: 2129.34 GB
[ 2039.5s] IOs:    558293077  IOPS:   273744  Throughput:  1069.3 MB/s  Total: 2129.72 GB
[ 2039.8s] IOs:    558393732  IOPS:   273754  Throughput:  1069.4 MB/s  Total: 2130.10 GB
[ 2040.3s] IOs:    558494340  IOPS:   273727  Throughput:  1069.2 MB/s  Total: 2130.49 GB
[ 2040.9s] IOs:    558595310  IOPS:   273698  Throughput:  1069.1 MB/s  Total: 2130.87 GB
[ 2041.2s] IOs:    558696236  IOPS:   273705  Throughput:  1069.2 MB/s  Total: 2131.26 GB
[ 2041.7s] IOs:    558796782  IOPS:   273685  Throughput:  1069.1 MB/s  Total: 2131.64 GB
[ 2042.2s] IOs:    558897124  IOPS:   273676  Throughput:  1069.0 MB/s  Total: 2132.02 GB
[ 2042.4s] IOs:    558997892  IOPS:   273692  Throughput:  1069.1 MB/s  Total: 2132.41 GB
[ 2044.3s] IOs:    559098908  IOPS:   273491  Throughput:  1068.3 MB/s  Total: 2132.79 GB
[ 2046.3s] IOs:    559199834  IOPS:   273278  Throughput:  1067.5 MB/s  Total: 2133.18 GB
[ 2047.8s] IOs:    559299908  IOPS:   273118  Throughput:  1066.9 MB/s  Total: 2133.56 GB
[ 2049.3s] IOs:    559400712  IOPS:   272973  Throughput:  1066.3 MB/s  Total: 2133.94 GB
[ 2050.4s] IOs:    559501470  IOPS:   272874  Throughput:  1065.9 MB/s  Total: 2134.33 GB
[ 2051.6s] IOs:    559601507  IOPS:   272757  Throughput:  1065.5 MB/s  Total: 2134.71 GB
[ 2052.4s] IOs:    559701583  IOPS:   272705  Throughput:  1065.3 MB/s  Total: 2135.09 GB
[ 2053.4s] IOs:    559802591  IOPS:   272625  Throughput:  1064.9 MB/s  Total: 2135.48 GB
[Reader] Parsed 76000000 lines, distributed 559861611 writes, unique 659.86 GB, skipped 0
[ 2054.3s] IOs:    559902620  IOPS:   272549  Throughput:  1064.6 MB/s  Total: 2135.86 GB
[ 2055.2s] IOs:    560003099  IOPS:   272482  Throughput:  1064.4 MB/s  Total: 2136.24 GB
[ 2055.9s] IOs:    560103840  IOPS:   272441  Throughput:  1064.2 MB/s  Total: 2136.63 GB
[ 2056.8s] IOs:    560203848  IOPS:   272372  Throughput:  1064.0 MB/s  Total: 2137.01 GB
[ 2057.3s] IOs:    560303852  IOPS:   272345  Throughput:  1063.8 MB/s  Total: 2137.39 GB
[ 2057.8s] IOs:    560404452  IOPS:   272328  Throughput:  1063.8 MB/s  Total: 2137.77 GB
[ 2058.4s] IOs:    560505084  IOPS:   272296  Throughput:  1063.7 MB/s  Total: 2138.16 GB
[ 2059.2s] IOs:    560605772  IOPS:   272248  Throughput:  1063.5 MB/s  Total: 2138.54 GB
[ 2059.7s] IOs:    560706818  IOPS:   272231  Throughput:  1063.4 MB/s  Total: 2138.93 GB
[ 2060.4s] IOs:    560807477  IOPS:   272190  Throughput:  1063.2 MB/s  Total: 2139.31 GB
[ 2060.8s] IOs:    560908036  IOPS:   272184  Throughput:  1063.2 MB/s  Total: 2139.69 GB
[ 2061.4s] IOs:    561008849  IOPS:   272153  Throughput:  1063.1 MB/s  Total: 2140.08 GB
[ 2062.2s] IOs:    561109835  IOPS:   272088  Throughput:  1062.8 MB/s  Total: 2140.46 GB
[ 2062.9s] IOs:    561210632  IOPS:   272044  Throughput:  1062.7 MB/s  Total: 2140.85 GB
[ 2063.3s] IOs:    561311409  IOPS:   272048  Throughput:  1062.7 MB/s  Total: 2141.23 GB
[ 2063.9s] IOs:    561412105  IOPS:   272016  Throughput:  1062.6 MB/s  Total: 2141.62 GB
[ 2064.4s] IOs:    561512429  IOPS:   271999  Throughput:  1062.5 MB/s  Total: 2142.00 GB
[ 2064.9s] IOs:    561612518  IOPS:   271979  Throughput:  1062.4 MB/s  Total: 2142.38 GB
[ 2065.4s] IOs:    561713261  IOPS:   271958  Throughput:  1062.3 MB/s  Total: 2142.77 GB
[ 2066.2s] IOs:    561814305  IOPS:   271909  Throughput:  1062.1 MB/s  Total: 2143.15 GB
[ 2066.8s] IOs:    561915232  IOPS:   271879  Throughput:  1062.0 MB/s  Total: 2143.54 GB
[ 2067.2s] IOs:    562015985  IOPS:   271878  Throughput:  1062.0 MB/s  Total: 2143.92 GB
[ 2067.4s] IOs:    562116181  IOPS:   271890  Throughput:  1062.1 MB/s  Total: 2144.30 GB
[ 2068.2s] IOs:    562216839  IOPS:   271843  Throughput:  1061.9 MB/s  Total: 2144.69 GB
[ 2068.7s] IOs:    562317695  IOPS:   271819  Throughput:  1061.8 MB/s  Total: 2145.07 GB
[ 2069.3s] IOs:    562418045  IOPS:   271795  Throughput:  1061.7 MB/s  Total: 2145.45 GB
[ 2069.7s] IOs:    562518486  IOPS:   271787  Throughput:  1061.7 MB/s  Total: 2145.84 GB
[ 2070.2s] IOs:    562619195  IOPS:   271767  Throughput:  1061.6 MB/s  Total: 2146.22 GB
[ 2070.7s] IOs:    562720147  IOPS:   271751  Throughput:  1061.5 MB/s  Total: 2146.61 GB
[ 2071.0s] IOs:    562820165  IOPS:   271763  Throughput:  1061.6 MB/s  Total: 2146.99 GB
[ 2071.4s] IOs:    562920970  IOPS:   271762  Throughput:  1061.6 MB/s  Total: 2147.37 GB
[ 2072.0s] IOs:    563021760  IOPS:   271725  Throughput:  1061.4 MB/s  Total: 2147.76 GB
[ 2072.4s] IOs:    563121901  IOPS:   271728  Throughput:  1061.4 MB/s  Total: 2148.14 GB
[ 2072.8s] IOs:    563222410  IOPS:   271726  Throughput:  1061.4 MB/s  Total: 2148.52 GB
[ 2073.2s] IOs:    563323080  IOPS:   271721  Throughput:  1061.4 MB/s  Total: 2148.91 GB
[ 2073.4s] IOs:    563423795  IOPS:   271741  Throughput:  1061.5 MB/s  Total: 2149.29 GB
[ 2074.0s] IOs:    563524285  IOPS:   271715  Throughput:  1061.4 MB/s  Total: 2149.67 GB
[ 2074.2s] IOs:    563624957  IOPS:   271727  Throughput:  1061.4 MB/s  Total: 2150.06 GB
[ 2074.5s] IOs:    563725550  IOPS:   271742  Throughput:  1061.5 MB/s  Total: 2150.44 GB
[ 2074.9s] IOs:    563826453  IOPS:   271736  Throughput:  1061.5 MB/s  Total: 2150.83 GB
[ 2075.6s] IOs:    563927301  IOPS:   271696  Throughput:  1061.3 MB/s  Total: 2151.21 GB
[ 2075.9s] IOs:    564027498  IOPS:   271707  Throughput:  1061.4 MB/s  Total: 2151.59 GB
[ 2076.4s] IOs:    564128115  IOPS:   271689  Throughput:  1061.3 MB/s  Total: 2151.98 GB
[ 2076.9s] IOs:    564228986  IOPS:   271668  Throughput:  1061.2 MB/s  Total: 2152.36 GB
[ 2077.4s] IOs:    564329525  IOPS:   271655  Throughput:  1061.2 MB/s  Total: 2152.75 GB
[ 2077.9s] IOs:    564429615  IOPS:   271640  Throughput:  1061.1 MB/s  Total: 2153.13 GB
[ 2078.4s] IOs:    564530155  IOPS:   271621  Throughput:  1061.0 MB/s  Total: 2153.51 GB
[ 2078.7s] IOs:    564630860  IOPS:   271623  Throughput:  1061.0 MB/s  Total: 2153.90 GB
[ 2079.2s] IOs:    564731571  IOPS:   271608  Throughput:  1061.0 MB/s  Total: 2154.28 GB
[ 2079.5s] IOs:    564832418  IOPS:   271617  Throughput:  1061.0 MB/s  Total: 2154.66 GB
[ 2079.9s] IOs:    564932936  IOPS:   271610  Throughput:  1061.0 MB/s  Total: 2155.05 GB
[ 2080.3s] IOs:    565033376  IOPS:   271615  Throughput:  1061.0 MB/s  Total: 2155.43 GB
[ 2080.7s] IOs:    565134195  IOPS:   271602  Throughput:  1060.9 MB/s  Total: 2155.82 GB
[ 2081.0s] IOs:    565234937  IOPS:   271615  Throughput:  1061.0 MB/s  Total: 2156.20 GB
[ 2081.3s] IOs:    565335485  IOPS:   271626  Throughput:  1061.0 MB/s  Total: 2156.58 GB
[ 2081.7s] IOs:    565436428  IOPS:   271624  Throughput:  1061.0 MB/s  Total: 2156.97 GB
[ 2082.0s] IOs:    565536802  IOPS:   271635  Throughput:  1061.1 MB/s  Total: 2157.35 GB
[ 2082.3s] IOs:    565637574  IOPS:   271646  Throughput:  1061.1 MB/s  Total: 2157.74 GB
[ 2082.5s] IOs:    565738095  IOPS:   271665  Throughput:  1061.2 MB/s  Total: 2158.12 GB
[ 2082.8s] IOs:    565838545  IOPS:   271668  Throughput:  1061.2 MB/s  Total: 2158.50 GB
[ 2083.1s] IOs:    565939144  IOPS:   271678  Throughput:  1061.2 MB/s  Total: 2158.89 GB
[ 2083.4s] IOs:    566039785  IOPS:   271693  Throughput:  1061.3 MB/s  Total: 2159.27 GB
[ 2083.9s] IOs:    566140289  IOPS:   271667  Throughput:  1061.2 MB/s  Total: 2159.65 GB
[ 2084.3s] IOs:    566240467  IOPS:   271676  Throughput:  1061.2 MB/s  Total: 2160.04 GB
[ 2084.5s] IOs:    566340570  IOPS:   271691  Throughput:  1061.3 MB/s  Total: 2160.42 GB
[ 2085.3s] IOs:    566441240  IOPS:   271641  Throughput:  1061.1 MB/s  Total: 2160.80 GB
[ 2085.9s] IOs:    566541855  IOPS:   271611  Throughput:  1061.0 MB/s  Total: 2161.19 GB
[ 2086.3s] IOs:    566642083  IOPS:   271597  Throughput:  1060.9 MB/s  Total: 2161.57 GB
[ 2086.9s] IOs:    566742785  IOPS:   271567  Throughput:  1060.8 MB/s  Total: 2161.95 GB
[ 2087.3s] IOs:    566842816  IOPS:   271561  Throughput:  1060.8 MB/s  Total: 2162.33 GB
[ 2087.9s] IOs:    566943839  IOPS:   271537  Throughput:  1060.7 MB/s  Total: 2162.72 GB
[ 2088.3s] IOs:    567044521  IOPS:   271529  Throughput:  1060.7 MB/s  Total: 2163.10 GB
[ 2088.9s] IOs:    567145173  IOPS:   271508  Throughput:  1060.6 MB/s  Total: 2163.49 GB
[ 2089.1s] IOs:    567245952  IOPS:   271522  Throughput:  1060.6 MB/s  Total: 2163.87 GB
[ 2089.5s] IOs:    567346450  IOPS:   271526  Throughput:  1060.6 MB/s  Total: 2164.25 GB
[ 2090.3s] IOs:    567447079  IOPS:   271470  Throughput:  1060.4 MB/s  Total: 2164.64 GB
[ 2091.0s] IOs:    567547708  IOPS:   271429  Throughput:  1060.3 MB/s  Total: 2165.02 GB
[ 2091.9s] IOs:    567647805  IOPS:   271361  Throughput:  1060.0 MB/s  Total: 2165.40 GB
[ 2092.5s] IOs:    567748524  IOPS:   271332  Throughput:  1059.9 MB/s  Total: 2165.79 GB
[ 2093.3s] IOs:    567849346  IOPS:   271273  Throughput:  1059.7 MB/s  Total: 2166.17 GB
[ 2093.9s] IOs:    567949742  IOPS:   271246  Throughput:  1059.6 MB/s  Total: 2166.56 GB
[ 2094.4s] IOs:    568050335  IOPS:   271219  Throughput:  1059.4 MB/s  Total: 2166.94 GB
[ 2094.9s] IOs:    568151200  IOPS:   271202  Throughput:  1059.4 MB/s  Total: 2167.32 GB
[ 2095.5s] IOs:    568252059  IOPS:   271181  Throughput:  1059.3 MB/s  Total: 2167.71 GB
[ 2096.0s] IOs:    568352955  IOPS:   271160  Throughput:  1059.2 MB/s  Total: 2168.09 GB
[ 2096.4s] IOs:    568453561  IOPS:   271157  Throughput:  1059.2 MB/s  Total: 2168.48 GB
[ 2097.0s] IOs:    568554359  IOPS:   271126  Throughput:  1059.1 MB/s  Total: 2168.86 GB
[ 2097.5s] IOs:    568654994  IOPS:   271108  Throughput:  1059.0 MB/s  Total: 2169.25 GB
[ 2097.9s] IOs:    568755797  IOPS:   271109  Throughput:  1059.0 MB/s  Total: 2169.63 GB
[ 2098.5s] IOs:    568856577  IOPS:   271081  Throughput:  1058.9 MB/s  Total: 2170.02 GB
[ 2098.8s] IOs:    568957200  IOPS:   271085  Throughput:  1058.9 MB/s  Total: 2170.40 GB
[ 2099.3s] IOs:    569057869  IOPS:   271070  Throughput:  1058.9 MB/s  Total: 2170.78 GB
[ 2099.5s] IOs:    569158359  IOPS:   271087  Throughput:  1058.9 MB/s  Total: 2171.17 GB
[ 2100.0s] IOs:    569258966  IOPS:   271081  Throughput:  1058.9 MB/s  Total: 2171.55 GB
[ 2100.3s] IOs:    569359656  IOPS:   271079  Throughput:  1058.9 MB/s  Total: 2171.93 GB
[ 2100.7s] IOs:    569460525  IOPS:   271076  Throughput:  1058.9 MB/s  Total: 2172.32 GB
[ 2101.0s] IOs:    569561337  IOPS:   271089  Throughput:  1058.9 MB/s  Total: 2172.70 GB
[Reader] Parsed 77000000 lines, distributed 569644611 writes, unique 665.27 GB, skipped 0
[ 2101.5s] IOs:    569661927  IOPS:   271078  Throughput:  1058.9 MB/s  Total: 2173.09 GB
[ 2101.7s] IOs:    569762625  IOPS:   271096  Throughput:  1059.0 MB/s  Total: 2173.47 GB
[ 2102.0s] IOs:    569863035  IOPS:   271107  Throughput:  1059.0 MB/s  Total: 2173.85 GB
[ 2102.3s] IOs:    569963662  IOPS:   271113  Throughput:  1059.0 MB/s  Total: 2174.24 GB
[ 2102.5s] IOs:    570064166  IOPS:   271131  Throughput:  1059.1 MB/s  Total: 2174.62 GB
[ 2102.9s] IOs:    570164952  IOPS:   271133  Throughput:  1059.1 MB/s  Total: 2175.01 GB
[ 2103.3s] IOs:    570265778  IOPS:   271128  Throughput:  1059.1 MB/s  Total: 2175.39 GB
[ 2103.8s] IOs:    570366238  IOPS:   271118  Throughput:  1059.1 MB/s  Total: 2175.77 GB
[ 2104.2s] IOs:    570466692  IOPS:   271111  Throughput:  1059.0 MB/s  Total: 2176.16 GB
[ 2104.5s] IOs:    570567089  IOPS:   271116  Throughput:  1059.0 MB/s  Total: 2176.54 GB
[ 2105.0s] IOs:    570667770  IOPS:   271105  Throughput:  1059.0 MB/s  Total: 2176.92 GB
[ 2105.4s] IOs:    570768379  IOPS:   271092  Throughput:  1059.0 MB/s  Total: 2177.31 GB
[ 2106.0s] IOs:    570869331  IOPS:   271071  Throughput:  1058.9 MB/s  Total: 2177.69 GB
[ 2106.3s] IOs:    570970250  IOPS:   271073  Throughput:  1058.9 MB/s  Total: 2178.08 GB
[ 2106.6s] IOs:    571070893  IOPS:   271087  Throughput:  1058.9 MB/s  Total: 2178.46 GB
[ 2107.1s] IOs:    571171298  IOPS:   271071  Throughput:  1058.9 MB/s  Total: 2178.85 GB
[ 2107.4s] IOs:    571271875  IOPS:   271081  Throughput:  1058.9 MB/s  Total: 2179.23 GB
[ 2107.6s] IOs:    571372164  IOPS:   271095  Throughput:  1059.0 MB/s  Total: 2179.61 GB
[ 2108.1s] IOs:    571472254  IOPS:   271081  Throughput:  1058.9 MB/s  Total: 2179.99 GB
[ 2108.4s] IOs:    571572255  IOPS:   271096  Throughput:  1059.0 MB/s  Total: 2180.38 GB
[ 2108.6s] IOs:    571673129  IOPS:   271113  Throughput:  1059.0 MB/s  Total: 2180.76 GB
[ 2109.0s] IOs:    571773649  IOPS:   271113  Throughput:  1059.0 MB/s  Total: 2181.14 GB
[ 2109.3s] IOs:    571874113  IOPS:   271124  Throughput:  1059.1 MB/s  Total: 2181.53 GB
[ 2109.5s] IOs:    571974575  IOPS:   271139  Throughput:  1059.1 MB/s  Total: 2181.91 GB
[ 2109.8s] IOs:    572075311  IOPS:   271147  Throughput:  1059.2 MB/s  Total: 2182.29 GB
[ 2110.2s] IOs:    572175964  IOPS:   271150  Throughput:  1059.2 MB/s  Total: 2182.68 GB
[ 2110.4s] IOs:    572276230  IOPS:   271165  Throughput:  1059.2 MB/s  Total: 2183.06 GB
[ 2110.7s] IOs:    572376624  IOPS:   271183  Throughput:  1059.3 MB/s  Total: 2183.44 GB
[ 2111.0s] IOs:    572476829  IOPS:   271183  Throughput:  1059.3 MB/s  Total: 2183.83 GB
[ 2111.4s] IOs:    572577579  IOPS:   271183  Throughput:  1059.3 MB/s  Total: 2184.21 GB
[ 2111.6s] IOs:    572678176  IOPS:   271202  Throughput:  1059.4 MB/s  Total: 2184.59 GB
[ 2112.0s] IOs:    572778844  IOPS:   271200  Throughput:  1059.4 MB/s  Total: 2184.98 GB
[ 2112.2s] IOs:    572879179  IOPS:   271219  Throughput:  1059.4 MB/s  Total: 2185.36 GB
[ 2112.5s] IOs:    572979650  IOPS:   271229  Throughput:  1059.5 MB/s  Total: 2185.74 GB
[ 2112.9s] IOs:    573080307  IOPS:   271236  Throughput:  1059.5 MB/s  Total: 2186.13 GB
[ 2113.1s] IOs:    573181002  IOPS:   271255  Throughput:  1059.6 MB/s  Total: 2186.51 GB
[ 2113.4s] IOs:    573281656  IOPS:   271258  Throughput:  1059.6 MB/s  Total: 2186.90 GB
[ 2113.7s] IOs:    573381833  IOPS:   271274  Throughput:  1059.7 MB/s  Total: 2187.28 GB
[ 2114.0s] IOs:    573482482  IOPS:   271275  Throughput:  1059.7 MB/s  Total: 2187.66 GB
[ 2114.3s] IOs:    573583102  IOPS:   271286  Throughput:  1059.7 MB/s  Total: 2188.05 GB
[ 2114.5s] IOs:    573683448  IOPS:   271304  Throughput:  1059.8 MB/s  Total: 2188.43 GB
[ 2114.8s] IOs:    573784346  IOPS:   271313  Throughput:  1059.8 MB/s  Total: 2188.81 GB
[ 2115.1s] IOs:    573884797  IOPS:   271333  Throughput:  1059.9 MB/s  Total: 2189.20 GB
[ 2115.4s] IOs:    573985368  IOPS:   271338  Throughput:  1059.9 MB/s  Total: 2189.58 GB
[ 2115.7s] IOs:    574086085  IOPS:   271351  Throughput:  1060.0 MB/s  Total: 2189.96 GB
[ 2115.9s] IOs:    574186153  IOPS:   271367  Throughput:  1060.0 MB/s  Total: 2190.35 GB
[ 2116.2s] IOs:    574286638  IOPS:   271382  Throughput:  1060.1 MB/s  Total: 2190.73 GB
[ 2116.6s] IOs:    574387314  IOPS:   271368  Throughput:  1060.0 MB/s  Total: 2191.11 GB
[ 2116.9s] IOs:    574487921  IOPS:   271376  Throughput:  1060.1 MB/s  Total: 2191.50 GB
[ 2117.2s] IOs:    574588802  IOPS:   271396  Throughput:  1060.1 MB/s  Total: 2191.88 GB
[ 2118.9s] IOs:    574689501  IOPS:   271223  Throughput:  1059.5 MB/s  Total: 2192.27 GB
[ 2120.0s] IOs:    574789886  IOPS:   271127  Throughput:  1059.1 MB/s  Total: 2192.65 GB
[ 2121.5s] IOs:    574890507  IOPS:   270982  Throughput:  1058.5 MB/s  Total: 2193.03 GB
[ 2122.5s] IOs:    574991062  IOPS:   270901  Throughput:  1058.2 MB/s  Total: 2193.42 GB
[ 2123.6s] IOs:    575091408  IOPS:   270815  Throughput:  1057.9 MB/s  Total: 2193.80 GB
[ 2124.6s] IOs:    575192154  IOPS:   270726  Throughput:  1057.5 MB/s  Total: 2194.18 GB
[ 2125.5s] IOs:    575292816  IOPS:   270662  Throughput:  1057.3 MB/s  Total: 2194.57 GB
[ 2126.4s] IOs:    575393610  IOPS:   270597  Throughput:  1057.0 MB/s  Total: 2194.95 GB
[ 2127.1s] IOs:    575494503  IOPS:   270549  Throughput:  1056.8 MB/s  Total: 2195.34 GB
[ 2127.7s] IOs:    575595439  IOPS:   270523  Throughput:  1056.7 MB/s  Total: 2195.72 GB
[ 2128.5s] IOs:    575695930  IOPS:   270470  Throughput:  1056.5 MB/s  Total: 2196.11 GB
[ 2129.1s] IOs:    575796844  IOPS:   270440  Throughput:  1056.4 MB/s  Total: 2196.49 GB
[ 2129.6s] IOs:    575897426  IOPS:   270426  Throughput:  1056.4 MB/s  Total: 2196.87 GB
[ 2130.2s] IOs:    575998284  IOPS:   270391  Throughput:  1056.2 MB/s  Total: 2197.26 GB
[ 2130.6s] IOs:    576098739  IOPS:   270389  Throughput:  1056.2 MB/s  Total: 2197.64 GB
[ 2131.2s] IOs:    576199483  IOPS:   270358  Throughput:  1056.1 MB/s  Total: 2198.03 GB
[ 2131.8s] IOs:    576300219  IOPS:   270331  Throughput:  1056.0 MB/s  Total: 2198.41 GB
[ 2132.2s] IOs:    576400816  IOPS:   270329  Throughput:  1056.0 MB/s  Total: 2198.79 GB
[ 2132.8s] IOs:    576501360  IOPS:   270308  Throughput:  1055.9 MB/s  Total: 2199.18 GB
[ 2133.3s] IOs:    576602191  IOPS:   270288  Throughput:  1055.8 MB/s  Total: 2199.56 GB
[ 2133.7s] IOs:    576702984  IOPS:   270285  Throughput:  1055.8 MB/s  Total: 2199.95 GB
[ 2134.3s] IOs:    576803572  IOPS:   270249  Throughput:  1055.7 MB/s  Total: 2200.33 GB
[ 2134.7s] IOs:    576904227  IOPS:   270252  Throughput:  1055.7 MB/s  Total: 2200.71 GB
[ 2135.2s] IOs:    577004430  IOPS:   270234  Throughput:  1055.6 MB/s  Total: 2201.10 GB
[ 2135.6s] IOs:    577104623  IOPS:   270226  Throughput:  1055.6 MB/s  Total: 2201.48 GB
[ 2136.0s] IOs:    577205395  IOPS:   270227  Throughput:  1055.6 MB/s  Total: 2201.86 GB
[ 2136.2s] IOs:    577305657  IOPS:   270245  Throughput:  1055.6 MB/s  Total: 2202.25 GB
[ 2136.8s] IOs:    577406475  IOPS:   270225  Throughput:  1055.6 MB/s  Total: 2202.63 GB
[ 2137.1s] IOs:    577506653  IOPS:   270233  Throughput:  1055.6 MB/s  Total: 2203.01 GB
[ 2137.4s] IOs:    577607125  IOPS:   270236  Throughput:  1055.6 MB/s  Total: 2203.40 GB
[ 2138.1s] IOs:    577707417  IOPS:   270195  Throughput:  1055.4 MB/s  Total: 2203.78 GB
[ 2138.7s] IOs:    577807839  IOPS:   270170  Throughput:  1055.3 MB/s  Total: 2204.16 GB
[ 2139.3s] IOs:    577908664  IOPS:   270139  Throughput:  1055.2 MB/s  Total: 2204.55 GB
[ 2140.1s] IOs:    578009158  IOPS:   270081  Throughput:  1055.0 MB/s  Total: 2204.93 GB
[ 2140.7s] IOs:    578109753  IOPS:   270060  Throughput:  1054.9 MB/s  Total: 2205.31 GB
[ 2141.3s] IOs:    578210323  IOPS:   270022  Throughput:  1054.8 MB/s  Total: 2205.70 GB
[ 2141.7s] IOs:    578311312  IOPS:   270029  Throughput:  1054.8 MB/s  Total: 2206.08 GB
[ 2142.2s] IOs:    578411336  IOPS:   270004  Throughput:  1054.7 MB/s  Total: 2206.46 GB
[ 2142.7s] IOs:    578511915  IOPS:   269998  Throughput:  1054.7 MB/s  Total: 2206.85 GB
[ 2143.2s] IOs:    578612532  IOPS:   269977  Throughput:  1054.6 MB/s  Total: 2207.23 GB
[ 2143.7s] IOs:    578713430  IOPS:   269965  Throughput:  1054.5 MB/s  Total: 2207.62 GB
[ 2144.1s] IOs:    578813454  IOPS:   269953  Throughput:  1054.5 MB/s  Total: 2208.00 GB
[ 2144.7s] IOs:    578914411  IOPS:   269932  Throughput:  1054.4 MB/s  Total: 2208.38 GB
[ 2145.4s] IOs:    579015324  IOPS:   269892  Throughput:  1054.3 MB/s  Total: 2208.77 GB
[ 2146.2s] IOs:    579115493  IOPS:   269835  Throughput:  1054.0 MB/s  Total: 2209.15 GB
[ 2146.7s] IOs:    579216370  IOPS:   269818  Throughput:  1054.0 MB/s  Total: 2209.54 GB
[ 2147.4s] IOs:    579317201  IOPS:   269781  Throughput:  1053.8 MB/s  Total: 2209.92 GB
[ 2147.8s] IOs:    579417836  IOPS:   269777  Throughput:  1053.8 MB/s  Total: 2210.30 GB
[ 2148.3s] IOs:    579518347  IOPS:   269750  Throughput:  1053.7 MB/s  Total: 2210.69 GB
[ 2148.9s] IOs:    579619044  IOPS:   269726  Throughput:  1053.6 MB/s  Total: 2211.07 GB
[ 2149.2s] IOs:    579719832  IOPS:   269732  Throughput:  1053.6 MB/s  Total: 2211.46 GB
[ 2149.8s] IOs:    579820260  IOPS:   269709  Throughput:  1053.6 MB/s  Total: 2211.84 GB
[ 2150.3s] IOs:    579921264  IOPS:   269698  Throughput:  1053.5 MB/s  Total: 2212.22 GB
[ 2150.8s] IOs:    580022030  IOPS:   269683  Throughput:  1053.4 MB/s  Total: 2212.61 GB
[ 2151.4s] IOs:    580122122  IOPS:   269647  Throughput:  1053.3 MB/s  Total: 2212.99 GB
[ 2151.7s] IOs:    580222640  IOPS:   269655  Throughput:  1053.3 MB/s  Total: 2213.37 GB
[ 2152.3s] IOs:    580322795  IOPS:   269626  Throughput:  1053.2 MB/s  Total: 2213.76 GB
[ 2153.2s] IOs:    580422972  IOPS:   269562  Throughput:  1053.0 MB/s  Total: 2214.14 GB
[ 2153.7s] IOs:    580522974  IOPS:   269544  Throughput:  1052.9 MB/s  Total: 2214.52 GB
[ 2154.3s] IOs:    580623843  IOPS:   269518  Throughput:  1052.8 MB/s  Total: 2214.90 GB
[ 2155.1s] IOs:    580724438  IOPS:   269464  Throughput:  1052.6 MB/s  Total: 2215.29 GB
[Reader] Parsed 78000000 lines, distributed 580766403 writes, unique 671.80 GB, skipped 0
[ 2155.6s] IOs:    580825130  IOPS:   269445  Throughput:  1052.5 MB/s  Total: 2215.67 GB
[ 2156.2s] IOs:    580925585  IOPS:   269422  Throughput:  1052.4 MB/s  Total: 2216.06 GB
[ 2156.8s] IOs:    581026241  IOPS:   269398  Throughput:  1052.3 MB/s  Total: 2216.44 GB
[ 2157.2s] IOs:    581126837  IOPS:   269394  Throughput:  1052.3 MB/s  Total: 2216.82 GB
[ 2157.7s] IOs:    581227623  IOPS:   269375  Throughput:  1052.2 MB/s  Total: 2217.21 GB
[ 2158.3s] IOs:    581328139  IOPS:   269343  Throughput:  1052.1 MB/s  Total: 2217.59 GB
[ 2158.6s] IOs:    581428795  IOPS:   269354  Throughput:  1052.2 MB/s  Total: 2217.97 GB
[ 2158.9s] IOs:    581529003  IOPS:   269366  Throughput:  1052.2 MB/s  Total: 2218.36 GB
[ 2159.4s] IOs:    581629500  IOPS:   269348  Throughput:  1052.1 MB/s  Total: 2218.74 GB
[ 2159.8s] IOs:    581729749  IOPS:   269342  Throughput:  1052.1 MB/s  Total: 2219.12 GB
[ 2160.3s] IOs:    581830112  IOPS:   269327  Throughput:  1052.1 MB/s  Total: 2219.51 GB
[ 2160.7s] IOs:    581930563  IOPS:   269323  Throughput:  1052.0 MB/s  Total: 2219.89 GB
[ 2161.2s] IOs:    582031180  IOPS:   269310  Throughput:  1052.0 MB/s  Total: 2220.27 GB
[ 2161.6s] IOs:    582131909  IOPS:   269304  Throughput:  1052.0 MB/s  Total: 2220.66 GB
[ 2161.9s] IOs:    582232218  IOPS:   269311  Throughput:  1052.0 MB/s  Total: 2221.04 GB
[ 2162.4s] IOs:    582332967  IOPS:   269305  Throughput:  1052.0 MB/s  Total: 2221.42 GB
[ 2162.7s] IOs:    582433724  IOPS:   269303  Throughput:  1052.0 MB/s  Total: 2221.81 GB
[ 2163.1s] IOs:    582534442  IOPS:   269302  Throughput:  1052.0 MB/s  Total: 2222.19 GB
[ 2163.4s] IOs:    582635085  IOPS:   269318  Throughput:  1052.0 MB/s  Total: 2222.58 GB
[ 2163.8s] IOs:    582735664  IOPS:   269311  Throughput:  1052.0 MB/s  Total: 2222.96 GB
[ 2164.3s] IOs:    582836428  IOPS:   269292  Throughput:  1051.9 MB/s  Total: 2223.34 GB
[ 2164.5s] IOs:    582937043  IOPS:   269312  Throughput:  1052.0 MB/s  Total: 2223.73 GB
[ 2164.8s] IOs:    583037490  IOPS:   269324  Throughput:  1052.0 MB/s  Total: 2224.11 GB
[ 2165.5s] IOs:    583138168  IOPS:   269288  Throughput:  1051.9 MB/s  Total: 2224.50 GB
[ 2165.7s] IOs:    583238557  IOPS:   269306  Throughput:  1052.0 MB/s  Total: 2224.88 GB
[ 2166.2s] IOs:    583338770  IOPS:   269289  Throughput:  1051.9 MB/s  Total: 2225.26 GB
[ 2166.5s] IOs:    583439552  IOPS:   269304  Throughput:  1052.0 MB/s  Total: 2225.65 GB
[ 2166.8s] IOs:    583540213  IOPS:   269304  Throughput:  1052.0 MB/s  Total: 2226.03 GB
[ 2167.3s] IOs:    583641142  IOPS:   269293  Throughput:  1051.9 MB/s  Total: 2226.41 GB
[ 2167.7s] IOs:    583741831  IOPS:   269290  Throughput:  1051.9 MB/s  Total: 2226.80 GB
[ 2168.0s] IOs:    583842515  IOPS:   269299  Throughput:  1052.0 MB/s  Total: 2227.18 GB
[ 2168.4s] IOs:    583943279  IOPS:   269300  Throughput:  1052.0 MB/s  Total: 2227.57 GB
[ 2168.7s] IOs:    584043496  IOPS:   269305  Throughput:  1052.0 MB/s  Total: 2227.95 GB
[ 2168.9s] IOs:    584144002  IOPS:   269323  Throughput:  1052.0 MB/s  Total: 2228.33 GB
[ 2169.3s] IOs:    584244322  IOPS:   269325  Throughput:  1052.0 MB/s  Total: 2228.72 GB
[ 2169.5s] IOs:    584344668  IOPS:   269342  Throughput:  1052.1 MB/s  Total: 2229.10 GB
[ 2169.9s] IOs:    584445372  IOPS:   269345  Throughput:  1052.1 MB/s  Total: 2229.48 GB
[ 2170.2s] IOs:    584546028  IOPS:   269351  Throughput:  1052.2 MB/s  Total: 2229.87 GB
[ 2170.5s] IOs:    584646587  IOPS:   269366  Throughput:  1052.2 MB/s  Total: 2230.25 GB
[ 2170.8s] IOs:    584747275  IOPS:   269371  Throughput:  1052.2 MB/s  Total: 2230.63 GB
[ 2171.0s] IOs:    584847537  IOPS:   269389  Throughput:  1052.3 MB/s  Total: 2231.02 GB
[ 2171.5s] IOs:    584948263  IOPS:   269377  Throughput:  1052.3 MB/s  Total: 2231.40 GB
[ 2171.8s] IOs:    585048685  IOPS:   269383  Throughput:  1052.3 MB/s  Total: 2231.78 GB
[ 2172.1s] IOs:    585149406  IOPS:   269398  Throughput:  1052.3 MB/s  Total: 2232.17 GB
[ 2172.4s] IOs:    585250310  IOPS:   269402  Throughput:  1052.4 MB/s  Total: 2232.55 GB
[ 2172.7s] IOs:    585350871  IOPS:   269407  Throughput:  1052.4 MB/s  Total: 2232.94 GB
[ 2173.0s] IOs:    585451361  IOPS:   269426  Throughput:  1052.4 MB/s  Total: 2233.32 GB
[ 2173.3s] IOs:    585551767  IOPS:   269432  Throughput:  1052.5 MB/s  Total: 2233.70 GB
[ 2173.6s] IOs:    585652207  IOPS:   269441  Throughput:  1052.5 MB/s  Total: 2234.09 GB
[ 2173.8s] IOs:    585752415  IOPS:   269459  Throughput:  1052.6 MB/s  Total: 2234.47 GB
[ 2174.1s] IOs:    585853123  IOPS:   269474  Throughput:  1052.6 MB/s  Total: 2234.85 GB
[ 2174.4s] IOs:    585953434  IOPS:   269481  Throughput:  1052.7 MB/s  Total: 2235.23 GB
[ 2174.6s] IOs:    586054295  IOPS:   269500  Throughput:  1052.7 MB/s  Total: 2235.62 GB
[ 2174.9s] IOs:    586155153  IOPS:   269507  Throughput:  1052.8 MB/s  Total: 2236.00 GB
[ 2175.1s] IOs:    586255881  IOPS:   269524  Throughput:  1052.8 MB/s  Total: 2236.39 GB
[ 2175.4s] IOs:    586356655  IOPS:   269540  Throughput:  1052.9 MB/s  Total: 2236.77 GB
[ 2175.7s] IOs:    586456991  IOPS:   269554  Throughput:  1052.9 MB/s  Total: 2237.16 GB
[ 2175.9s] IOs:    586557827  IOPS:   269564  Throughput:  1053.0 MB/s  Total: 2237.54 GB
[ 2176.2s] IOs:    586658415  IOPS:   269579  Throughput:  1053.0 MB/s  Total: 2237.92 GB
[ 2176.6s] IOs:    586758593  IOPS:   269579  Throughput:  1053.0 MB/s  Total: 2238.31 GB
[ 2176.9s] IOs:    586858745  IOPS:   269589  Throughput:  1053.1 MB/s  Total: 2238.69 GB
[ 2177.2s] IOs:    586959271  IOPS:   269589  Throughput:  1053.1 MB/s  Total: 2239.07 GB
[ 2178.8s] IOs:    587060144  IOPS:   269438  Throughput:  1052.5 MB/s  Total: 2239.46 GB
[ 2179.7s] IOs:    587161122  IOPS:   269374  Throughput:  1052.2 MB/s  Total: 2239.84 GB
[ 2180.6s] IOs:    587261593  IOPS:   269314  Throughput:  1052.0 MB/s  Total: 2240.23 GB
[ 2181.3s] IOs:    587362549  IOPS:   269271  Throughput:  1051.8 MB/s  Total: 2240.61 GB
[ 2182.3s] IOs:    587462964  IOPS:   269197  Throughput:  1051.6 MB/s  Total: 2240.99 GB
[ 2183.0s] IOs:    587563551  IOPS:   269152  Throughput:  1051.4 MB/s  Total: 2241.38 GB
[ 2183.8s] IOs:    587664423  IOPS:   269105  Throughput:  1051.2 MB/s  Total: 2241.76 GB
[ 2184.5s] IOs:    587764481  IOPS:   269060  Throughput:  1051.0 MB/s  Total: 2242.14 GB
[ 2184.9s] IOs:    587865410  IOPS:   269060  Throughput:  1051.0 MB/s  Total: 2242.53 GB
[ 2185.7s] IOs:    587965728  IOPS:   269011  Throughput:  1050.8 MB/s  Total: 2242.91 GB
[ 2186.2s] IOs:    588066670  IOPS:   268987  Throughput:  1050.7 MB/s  Total: 2243.30 GB
[ 2186.8s] IOs:    588167680  IOPS:   268960  Throughput:  1050.6 MB/s  Total: 2243.68 GB
[ 2187.4s] IOs:    588268388  IOPS:   268941  Throughput:  1050.6 MB/s  Total: 2244.07 GB
[ 2187.7s] IOs:    588368862  IOPS:   268940  Throughput:  1050.5 MB/s  Total: 2244.45 GB
[ 2188.0s] IOs:    588469330  IOPS:   268957  Throughput:  1050.6 MB/s  Total: 2244.83 GB
[ 2188.6s] IOs:    588570196  IOPS:   268930  Throughput:  1050.5 MB/s  Total: 2245.22 GB
[ 2188.9s] IOs:    588670717  IOPS:   268930  Throughput:  1050.5 MB/s  Total: 2245.60 GB
[ 2189.5s] IOs:    588771031  IOPS:   268909  Throughput:  1050.4 MB/s  Total: 2245.98 GB
[ 2189.8s] IOs:    588871534  IOPS:   268911  Throughput:  1050.4 MB/s  Total: 2246.37 GB
[ 2190.2s] IOs:    588972061  IOPS:   268908  Throughput:  1050.4 MB/s  Total: 2246.75 GB
[ 2190.6s] IOs:    589072640  IOPS:   268912  Throughput:  1050.4 MB/s  Total: 2247.13 GB
[ 2190.9s] IOs:    589173464  IOPS:   268913  Throughput:  1050.4 MB/s  Total: 2247.52 GB
[ 2191.4s] IOs:    589274001  IOPS:   268906  Throughput:  1050.4 MB/s  Total: 2247.90 GB
[ 2191.7s] IOs:    589374994  IOPS:   268914  Throughput:  1050.4 MB/s  Total: 2248.29 GB
[ 2192.4s] IOs:    589475411  IOPS:   268869  Throughput:  1050.3 MB/s  Total: 2248.67 GB
[ 2192.8s] IOs:    589575829  IOPS:   268866  Throughput:  1050.3 MB/s  Total: 2249.05 GB
[ 2193.5s] IOs:    589676157  IOPS:   268823  Throughput:  1050.1 MB/s  Total: 2249.44 GB
[ 2193.9s] IOs:    589776996  IOPS:   268822  Throughput:  1050.1 MB/s  Total: 2249.82 GB
[ 2194.8s] IOs:    589877600  IOPS:   268761  Throughput:  1049.8 MB/s  Total: 2250.20 GB
[ 2195.4s] IOs:    589978007  IOPS:   268731  Throughput:  1049.7 MB/s  Total: 2250.59 GB
[ 2195.9s] IOs:    590078347  IOPS:   268717  Throughput:  1049.7 MB/s  Total: 2250.97 GB
[ 2196.5s] IOs:    590178471  IOPS:   268694  Throughput:  1049.6 MB/s  Total: 2251.35 GB
[ 2197.2s] IOs:    590278882  IOPS:   268656  Throughput:  1049.4 MB/s  Total: 2251.74 GB
[ 2197.7s] IOs:    590379234  IOPS:   268632  Throughput:  1049.3 MB/s  Total: 2252.12 GB
[ 2198.3s] IOs:    590479925  IOPS:   268613  Throughput:  1049.3 MB/s  Total: 2252.50 GB
[ 2198.8s] IOs:    590580353  IOPS:   268597  Throughput:  1049.2 MB/s  Total: 2252.89 GB
[ 2199.2s] IOs:    590681306  IOPS:   268584  Throughput:  1049.2 MB/s  Total: 2253.27 GB
[ 2199.5s] IOs:    590781775  IOPS:   268597  Throughput:  1049.2 MB/s  Total: 2253.65 GB
[ 2200.0s] IOs:    590882546  IOPS:   268577  Throughput:  1049.1 MB/s  Total: 2254.04 GB
[Reader] Parsed 79000000 lines, distributed 590984952 writes, unique 677.69 GB, skipped 0
[ 2200.4s] IOs:    590983101  IOPS:   268580  Throughput:  1049.1 MB/s  Total: 2254.42 GB
[ 2201.8s] IOs:    591084014  IOPS:   268458  Throughput:  1048.7 MB/s  Total: 2254.81 GB
[ 2203.3s] IOs:    591184023  IOPS:   268314  Throughput:  1048.1 MB/s  Total: 2255.19 GB
[ 2204.7s] IOs:    591285015  IOPS:   268188  Throughput:  1047.6 MB/s  Total: 2255.57 GB
[ 2205.9s] IOs:    591385991  IOPS:   268098  Throughput:  1047.3 MB/s  Total: 2255.96 GB
[ 2206.9s] IOs:    591486675  IOPS:   268016  Throughput:  1046.9 MB/s  Total: 2256.34 GB
[ 2208.0s] IOs:    591587177  IOPS:   267929  Throughput:  1046.6 MB/s  Total: 2256.73 GB
[ 2208.8s] IOs:    591687452  IOPS:   267876  Throughput:  1046.4 MB/s  Total: 2257.11 GB
[ 2209.9s] IOs:    591788089  IOPS:   267791  Throughput:  1046.1 MB/s  Total: 2257.49 GB
[ 2210.8s] IOs:    591889069  IOPS:   267732  Throughput:  1045.8 MB/s  Total: 2257.88 GB
[ 2211.4s] IOs:    591989773  IOPS:   267704  Throughput:  1045.7 MB/s  Total: 2258.26 GB
[ 2212.0s] IOs:    592090043  IOPS:   267671  Throughput:  1045.6 MB/s  Total: 2258.64 GB
[ 2212.9s] IOs:    592190664  IOPS:   267614  Throughput:  1045.4 MB/s  Total: 2259.03 GB
[ 2213.4s] IOs:    592291199  IOPS:   267592  Throughput:  1045.3 MB/s  Total: 2259.41 GB
[ 2213.9s] IOs:    592392141  IOPS:   267579  Throughput:  1045.2 MB/s  Total: 2259.80 GB
[ 2214.5s] IOs:    592492971  IOPS:   267556  Throughput:  1045.1 MB/s  Total: 2260.18 GB
[ 2215.4s] IOs:    592593366  IOPS:   267491  Throughput:  1044.9 MB/s  Total: 2260.56 GB
[ 2216.0s] IOs:    592693840  IOPS:   267459  Throughput:  1044.8 MB/s  Total: 2260.95 GB
[ 2216.5s] IOs:    592794464  IOPS:   267447  Throughput:  1044.7 MB/s  Total: 2261.33 GB
[ 2217.0s] IOs:    592894902  IOPS:   267425  Throughput:  1044.6 MB/s  Total: 2261.71 GB
[ 2217.6s] IOs:    592995584  IOPS:   267400  Throughput:  1044.5 MB/s  Total: 2262.10 GB
[ 2218.2s] IOs:    593095949  IOPS:   267379  Throughput:  1044.4 MB/s  Total: 2262.48 GB
[ 2218.5s] IOs:    593196925  IOPS:   267382  Throughput:  1044.5 MB/s  Total: 2262.87 GB
[ 2219.2s] IOs:    593297458  IOPS:   267352  Throughput:  1044.3 MB/s  Total: 2263.25 GB
[ 2219.6s] IOs:    593397947  IOPS:   267345  Throughput:  1044.3 MB/s  Total: 2263.63 GB
[ 2220.1s] IOs:    593498726  IOPS:   267329  Throughput:  1044.3 MB/s  Total: 2264.02 GB
[ 2220.8s] IOs:    593598820  IOPS:   267295  Throughput:  1044.1 MB/s  Total: 2264.40 GB
[ 2221.0s] IOs:    593699225  IOPS:   267308  Throughput:  1044.2 MB/s  Total: 2264.78 GB
[ 2221.8s] IOs:    593799981  IOPS:   267266  Throughput:  1044.0 MB/s  Total: 2265.17 GB
[ 2222.0s] IOs:    593900533  IOPS:   267280  Throughput:  1044.1 MB/s  Total: 2265.55 GB
[ 2222.8s] IOs:    594001088  IOPS:   267229  Throughput:  1043.9 MB/s  Total: 2265.93 GB
[ 2223.1s] IOs:    594101910  IOPS:   267236  Throughput:  1043.9 MB/s  Total: 2266.32 GB
[ 2223.7s] IOs:    594202825  IOPS:   267211  Throughput:  1043.8 MB/s  Total: 2266.70 GB
[ 2224.3s] IOs:    594303546  IOPS:   267189  Throughput:  1043.7 MB/s  Total: 2267.09 GB
[ 2224.6s] IOs:    594403853  IOPS:   267194  Throughput:  1043.7 MB/s  Total: 2267.47 GB
[ 2225.2s] IOs:    594504794  IOPS:   267166  Throughput:  1043.6 MB/s  Total: 2267.86 GB
[ 2225.6s] IOs:    594605430  IOPS:   267167  Throughput:  1043.6 MB/s  Total: 2268.24 GB
[ 2226.1s] IOs:    594706249  IOPS:   267147  Throughput:  1043.5 MB/s  Total: 2268.62 GB
[ 2226.4s] IOs:    594806608  IOPS:   267155  Throughput:  1043.6 MB/s  Total: 2269.01 GB
[ 2226.7s] IOs:    594907210  IOPS:   267173  Throughput:  1043.6 MB/s  Total: 2269.39 GB
[ 2227.2s] IOs:    595007795  IOPS:   267153  Throughput:  1043.6 MB/s  Total: 2269.77 GB
[ 2227.5s] IOs:    595108681  IOPS:   267164  Throughput:  1043.6 MB/s  Total: 2270.16 GB
[ 2228.2s] IOs:    595209427  IOPS:   267129  Throughput:  1043.5 MB/s  Total: 2270.54 GB
[ 2228.9s] IOs:    595310143  IOPS:   267088  Throughput:  1043.3 MB/s  Total: 2270.93 GB
[ 2229.7s] IOs:    595410201  IOPS:   267041  Throughput:  1043.1 MB/s  Total: 2271.31 GB
[ 2230.5s] IOs:    595510605  IOPS:   266984  Throughput:  1042.9 MB/s  Total: 2271.69 GB
[ 2231.1s] IOs:    595611527  IOPS:   266963  Throughput:  1042.8 MB/s  Total: 2272.08 GB
[ 2232.2s] IOs:    595711974  IOPS:   266871  Throughput:  1042.5 MB/s  Total: 2272.46 GB
[ 2232.5s] IOs:    595812328  IOPS:   266881  Throughput:  1042.5 MB/s  Total: 2272.84 GB
[ 2233.1s] IOs:    595912629  IOPS:   266854  Throughput:  1042.4 MB/s  Total: 2273.23 GB
[ 2233.7s] IOs:    596013100  IOPS:   266823  Throughput:  1042.3 MB/s  Total: 2273.61 GB
[ 2234.5s] IOs:    596113582  IOPS:   266781  Throughput:  1042.1 MB/s  Total: 2273.99 GB
[ 2235.0s] IOs:    596214509  IOPS:   266762  Throughput:  1042.0 MB/s  Total: 2274.38 GB
[ 2235.4s] IOs:    596315165  IOPS:   266756  Throughput:  1042.0 MB/s  Total: 2274.76 GB
[ 2236.0s] IOs:    596415697  IOPS:   266739  Throughput:  1041.9 MB/s  Total: 2275.15 GB
[ 2236.3s] IOs:    596515849  IOPS:   266747  Throughput:  1042.0 MB/s  Total: 2275.53 GB
[ 2236.7s] IOs:    596616153  IOPS:   266739  Throughput:  1041.9 MB/s  Total: 2275.91 GB
[ 2237.3s] IOs:    596716602  IOPS:   266717  Throughput:  1041.9 MB/s  Total: 2276.29 GB
[ 2237.6s] IOs:    596816860  IOPS:   266721  Throughput:  1041.9 MB/s  Total: 2276.68 GB
[ 2238.0s] IOs:    596917574  IOPS:   266720  Throughput:  1041.9 MB/s  Total: 2277.06 GB
[ 2238.4s] IOs:    597017853  IOPS:   266712  Throughput:  1041.8 MB/s  Total: 2277.44 GB
[ 2238.8s] IOs:    597118469  IOPS:   266714  Throughput:  1041.9 MB/s  Total: 2277.83 GB
[ 2239.1s] IOs:    597219408  IOPS:   266728  Throughput:  1041.9 MB/s  Total: 2278.21 GB
[ 2239.5s] IOs:    597319616  IOPS:   266723  Throughput:  1041.9 MB/s  Total: 2278.59 GB
[ 2239.8s] IOs:    597419661  IOPS:   266727  Throughput:  1041.9 MB/s  Total: 2278.98 GB
[ 2240.1s] IOs:    597519726  IOPS:   266741  Throughput:  1042.0 MB/s  Total: 2279.36 GB
[ 2240.5s] IOs:    597620052  IOPS:   266736  Throughput:  1041.9 MB/s  Total: 2279.74 GB
[ 2240.8s] IOs:    597720972  IOPS:   266746  Throughput:  1042.0 MB/s  Total: 2280.12 GB
[ 2241.1s] IOs:    597821478  IOPS:   266750  Throughput:  1042.0 MB/s  Total: 2280.51 GB
[ 2241.6s] IOs:    597922015  IOPS:   266734  Throughput:  1041.9 MB/s  Total: 2280.89 GB
[ 2241.9s] IOs:    598022887  IOPS:   266751  Throughput:  1042.0 MB/s  Total: 2281.28 GB
[ 2242.1s] IOs:    598123343  IOPS:   266769  Throughput:  1042.1 MB/s  Total: 2281.66 GB
[ 2242.5s] IOs:    598223785  IOPS:   266766  Throughput:  1042.1 MB/s  Total: 2282.04 GB
[ 2242.9s] IOs:    598324416  IOPS:   266762  Throughput:  1042.0 MB/s  Total: 2282.43 GB
[ 2243.2s] IOs:    598425020  IOPS:   266776  Throughput:  1042.1 MB/s  Total: 2282.81 GB
[ 2243.5s] IOs:    598525574  IOPS:   266777  Throughput:  1042.1 MB/s  Total: 2283.19 GB
[ 2243.9s] IOs:    598626521  IOPS:   266778  Throughput:  1042.1 MB/s  Total: 2283.58 GB
[ 2244.2s] IOs:    598726965  IOPS:   266789  Throughput:  1042.1 MB/s  Total: 2283.96 GB
[ 2244.5s] IOs:    598827300  IOPS:   266797  Throughput:  1042.2 MB/s  Total: 2284.34 GB
[ 2244.7s] IOs:    598927777  IOPS:   266815  Throughput:  1042.2 MB/s  Total: 2284.73 GB
[ 2245.1s] IOs:    599028307  IOPS:   266819  Throughput:  1042.3 MB/s  Total: 2285.11 GB
[ 2245.4s] IOs:    599128921  IOPS:   266831  Throughput:  1042.3 MB/s  Total: 2285.50 GB
[ 2245.7s] IOs:    599229032  IOPS:   266839  Throughput:  1042.3 MB/s  Total: 2285.88 GB
[ 2246.0s] IOs:    599329838  IOPS:   266845  Throughput:  1042.4 MB/s  Total: 2286.26 GB
[ 2246.3s] IOs:    599430696  IOPS:   266848  Throughput:  1042.4 MB/s  Total: 2286.65 GB
[ 2246.7s] IOs:    599530785  IOPS:   266850  Throughput:  1042.4 MB/s  Total: 2287.03 GB
[ 2247.0s] IOs:    599630859  IOPS:   266861  Throughput:  1042.4 MB/s  Total: 2287.41 GB
[ 2247.2s] IOs:    599731338  IOPS:   266879  Throughput:  1042.5 MB/s  Total: 2287.79 GB
[ 2251.9s] IOs:    599832259  IOPS:   266367  Throughput:  1040.5 MB/s  Total: 2288.18 GB
[ 2255.9s] IOs:    599932841  IOPS:   265942  Throughput:  1038.8 MB/s  Total: 2288.56 GB
[ 2258.7s] IOs:    600033446  IOPS:   265659  Throughput:  1037.7 MB/s  Total: 2288.95 GB
[ 2260.9s] IOs:    600133526  IOPS:   265445  Throughput:  1036.9 MB/s  Total: 2289.33 GB
[ 2262.7s] IOs:    600233540  IOPS:   265277  Throughput:  1036.2 MB/s  Total: 2289.71 GB
[ 2264.0s] IOs:    600334429  IOPS:   265164  Throughput:  1035.8 MB/s  Total: 2290.09 GB
[ 2265.4s] IOs:    600434443  IOPS:   265046  Throughput:  1035.3 MB/s  Total: 2290.48 GB
[ 2266.5s] IOs:    600535353  IOPS:   264965  Throughput:  1035.0 MB/s  Total: 2290.86 GB
[ 2267.5s] IOs:    600636063  IOPS:   264889  Throughput:  1034.7 MB/s  Total: 2291.24 GB
[ 2268.6s] IOs:    600736924  IOPS:   264810  Throughput:  1034.4 MB/s  Total: 2291.63 GB
[Reader] Parsed 80000000 lines, distributed 600794591 writes, unique 682.43 GB, skipped 0
[ 2269.5s] IOs:    600837020  IOPS:   264749  Throughput:  1034.2 MB/s  Total: 2292.01 GB
[ 2270.1s] IOs:    600937584  IOPS:   264717  Throughput:  1034.1 MB/s  Total: 2292.39 GB
[ 2271.1s] IOs:    601038526  IOPS:   264641  Throughput:  1033.8 MB/s  Total: 2292.78 GB
[ 2271.5s] IOs:    601138684  IOPS:   264639  Throughput:  1033.7 MB/s  Total: 2293.16 GB
[ 2272.4s] IOs:    601239448  IOPS:   264580  Throughput:  1033.5 MB/s  Total: 2293.55 GB
[ 2273.0s] IOs:    601340122  IOPS:   264553  Throughput:  1033.4 MB/s  Total: 2293.93 GB
[ 2273.5s] IOs:    601440494  IOPS:   264539  Throughput:  1033.4 MB/s  Total: 2294.31 GB
[ 2274.1s] IOs:    601541103  IOPS:   264519  Throughput:  1033.3 MB/s  Total: 2294.70 GB
[ 2274.9s] IOs:    601641570  IOPS:   264474  Throughput:  1033.1 MB/s  Total: 2295.08 GB
[ 2275.5s] IOs:    601742237  IOPS:   264446  Throughput:  1033.0 MB/s  Total: 2295.46 GB
[ 2276.2s] IOs:    601842948  IOPS:   264409  Throughput:  1032.8 MB/s  Total: 2295.85 GB
[ 2276.5s] IOs:    601943710  IOPS:   264415  Throughput:  1032.9 MB/s  Total: 2296.23 GB
[ 2277.1s] IOs:    602044395  IOPS:   264386  Throughput:  1032.8 MB/s  Total: 2296.62 GB
[ 2277.6s] IOs:    602145100  IOPS:   264372  Throughput:  1032.7 MB/s  Total: 2297.00 GB
[ 2278.4s] IOs:    602245775  IOPS:   264326  Throughput:  1032.5 MB/s  Total: 2297.39 GB
[ 2278.9s] IOs:    602346275  IOPS:   264309  Throughput:  1032.5 MB/s  Total: 2297.77 GB
[ 2279.6s] IOs:    602446777  IOPS:   264275  Throughput:  1032.3 MB/s  Total: 2298.15 GB
[ 2279.9s] IOs:    602547735  IOPS:   264286  Throughput:  1032.4 MB/s  Total: 2298.54 GB
[ 2280.4s] IOs:    602648405  IOPS:   264274  Throughput:  1032.3 MB/s  Total: 2298.92 GB
[ 2280.7s] IOs:    602749262  IOPS:   264281  Throughput:  1032.3 MB/s  Total: 2299.31 GB
[ 2281.1s] IOs:    602849829  IOPS:   264278  Throughput:  1032.3 MB/s  Total: 2299.69 GB
[ 2281.6s] IOs:    602950571  IOPS:   264269  Throughput:  1032.3 MB/s  Total: 2300.07 GB
[ 2282.1s] IOs:    603051361  IOPS:   264253  Throughput:  1032.2 MB/s  Total: 2300.46 GB
[ 2282.4s] IOs:    603151735  IOPS:   264261  Throughput:  1032.3 MB/s  Total: 2300.84 GB
[ 2282.7s] IOs:    603251967  IOPS:   264277  Throughput:  1032.3 MB/s  Total: 2301.22 GB
[ 2283.2s] IOs:    603352898  IOPS:   264262  Throughput:  1032.3 MB/s  Total: 2301.61 GB
[ 2283.5s] IOs:    603453735  IOPS:   264272  Throughput:  1032.3 MB/s  Total: 2301.99 GB
[ 2283.7s] IOs:    603554617  IOPS:   264289  Throughput:  1032.4 MB/s  Total: 2302.38 GB
[ 2284.1s] IOs:    603655180  IOPS:   264291  Throughput:  1032.4 MB/s  Total: 2302.76 GB
[ 2284.6s] IOs:    603755915  IOPS:   264275  Throughput:  1032.3 MB/s  Total: 2303.15 GB
[ 2284.9s] IOs:    603856418  IOPS:   264280  Throughput:  1032.3 MB/s  Total: 2303.53 GB
[ 2285.2s] IOs:    603957169  IOPS:   264296  Throughput:  1032.4 MB/s  Total: 2303.91 GB
[ 2285.6s] IOs:    604057810  IOPS:   264289  Throughput:  1032.4 MB/s  Total: 2304.30 GB
[ 2286.1s] IOs:    604158668  IOPS:   264279  Throughput:  1032.3 MB/s  Total: 2304.68 GB
[ 2286.4s] IOs:    604259241  IOPS:   264284  Throughput:  1032.4 MB/s  Total: 2305.07 GB
[ 2286.6s] IOs:    604359731  IOPS:   264300  Throughput:  1032.4 MB/s  Total: 2305.45 GB
[ 2287.0s] IOs:    604459991  IOPS:   264298  Throughput:  1032.4 MB/s  Total: 2305.83 GB
[ 2287.3s] IOs:    604560682  IOPS:   264315  Throughput:  1032.5 MB/s  Total: 2306.22 GB
[ 2287.8s] IOs:    604660723  IOPS:   264303  Throughput:  1032.4 MB/s  Total: 2306.60 GB
[ 2288.2s] IOs:    604761543  IOPS:   264292  Throughput:  1032.4 MB/s  Total: 2306.98 GB
[ 2288.5s] IOs:    604862300  IOPS:   264309  Throughput:  1032.5 MB/s  Total: 2307.37 GB
[ 2288.8s] IOs:    604962522  IOPS:   264318  Throughput:  1032.5 MB/s  Total: 2307.75 GB
[ 2289.1s] IOs:    605063095  IOPS:   264328  Throughput:  1032.5 MB/s  Total: 2308.13 GB
[ 2289.3s] IOs:    605163749  IOPS:   264340  Throughput:  1032.6 MB/s  Total: 2308.52 GB
[ 2289.6s] IOs:    605264241  IOPS:   264350  Throughput:  1032.6 MB/s  Total: 2308.90 GB
[ 2290.0s] IOs:    605365046  IOPS:   264355  Throughput:  1032.6 MB/s  Total: 2309.28 GB
[ 2290.2s] IOs:    605465711  IOPS:   264367  Throughput:  1032.7 MB/s  Total: 2309.67 GB
[ 2290.5s] IOs:    605566151  IOPS:   264379  Throughput:  1032.7 MB/s  Total: 2310.05 GB
[ 2290.8s] IOs:    605666495  IOPS:   264394  Throughput:  1032.8 MB/s  Total: 2310.43 GB
[ 2291.0s] IOs:    605767072  IOPS:   264409  Throughput:  1032.8 MB/s  Total: 2310.82 GB
[ 2291.3s] IOs:    605867509  IOPS:   264419  Throughput:  1032.9 MB/s  Total: 2311.20 GB
[ 2291.5s] IOs:    605968023  IOPS:   264436  Throughput:  1033.0 MB/s  Total: 2311.58 GB
[ 2291.8s] IOs:    606068492  IOPS:   264451  Throughput:  1033.0 MB/s  Total: 2311.97 GB
[ 2292.1s] IOs:    606169016  IOPS:   264463  Throughput:  1033.1 MB/s  Total: 2312.35 GB
[ 2292.3s] IOs:    606269564  IOPS:   264479  Throughput:  1033.1 MB/s  Total: 2312.73 GB
[ 2292.9s] IOs:    606370236  IOPS:   264461  Throughput:  1033.1 MB/s  Total: 2313.12 GB
[ 2293.1s] IOs:    606470535  IOPS:   264474  Throughput:  1033.1 MB/s  Total: 2313.50 GB
[ 2293.7s] IOs:    606571117  IOPS:   264453  Throughput:  1033.0 MB/s  Total: 2313.89 GB
[ 2294.2s] IOs:    606671774  IOPS:   264440  Throughput:  1033.0 MB/s  Total: 2314.27 GB
[ 2294.6s] IOs:    606772597  IOPS:   264435  Throughput:  1032.9 MB/s  Total: 2314.65 GB
[ 2295.1s] IOs:    606873327  IOPS:   264421  Throughput:  1032.9 MB/s  Total: 2315.04 GB
[ 2295.5s] IOs:    606973807  IOPS:   264422  Throughput:  1032.9 MB/s  Total: 2315.42 GB
[ 2295.8s] IOs:    607074443  IOPS:   264430  Throughput:  1032.9 MB/s  Total: 2315.81 GB
[ 2296.4s] IOs:    607174923  IOPS:   264399  Throughput:  1032.8 MB/s  Total: 2316.19 GB
[ 2296.7s] IOs:    607275561  IOPS:   264417  Throughput:  1032.9 MB/s  Total: 2316.57 GB
[ 2297.1s] IOs:    607375758  IOPS:   264405  Throughput:  1032.8 MB/s  Total: 2316.95 GB
[ 2297.7s] IOs:    607476373  IOPS:   264385  Throughput:  1032.8 MB/s  Total: 2317.34 GB
[ 2298.1s] IOs:    607576795  IOPS:   264385  Throughput:  1032.8 MB/s  Total: 2317.72 GB
[ 2298.5s] IOs:    607677646  IOPS:   264377  Throughput:  1032.7 MB/s  Total: 2318.11 GB
[ 2298.8s] IOs:    607778586  IOPS:   264387  Throughput:  1032.8 MB/s  Total: 2318.49 GB
[ 2299.2s] IOs:    607879489  IOPS:   264389  Throughput:  1032.8 MB/s  Total: 2318.88 GB
[ 2299.7s] IOs:    607980052  IOPS:   264374  Throughput:  1032.7 MB/s  Total: 2319.26 GB
[ 2300.0s] IOs:    608080884  IOPS:   264380  Throughput:  1032.7 MB/s  Total: 2319.64 GB
[ 2300.3s] IOs:    608181572  IOPS:   264393  Throughput:  1032.8 MB/s  Total: 2320.03 GB
[ 2300.7s] IOs:    608282521  IOPS:   264388  Throughput:  1032.8 MB/s  Total: 2320.41 GB
[ 2301.1s] IOs:    608383186  IOPS:   264387  Throughput:  1032.8 MB/s  Total: 2320.80 GB
[ 2301.6s] IOs:    608483803  IOPS:   264374  Throughput:  1032.7 MB/s  Total: 2321.18 GB
[ 2302.2s] IOs:    608584300  IOPS:   264345  Throughput:  1032.6 MB/s  Total: 2321.56 GB
[ 2302.8s] IOs:    608685029  IOPS:   264323  Throughput:  1032.5 MB/s  Total: 2321.95 GB
[ 2303.2s] IOs:    608785415  IOPS:   264318  Throughput:  1032.5 MB/s  Total: 2322.33 GB
[ 2303.8s] IOs:    608886361  IOPS:   264298  Throughput:  1032.4 MB/s  Total: 2322.72 GB
[ 2304.3s] IOs:    608986925  IOPS:   264288  Throughput:  1032.4 MB/s  Total: 2323.10 GB
[ 2304.7s] IOs:    609087261  IOPS:   264276  Throughput:  1032.3 MB/s  Total: 2323.48 GB
[ 2305.2s] IOs:    609187723  IOPS:   264269  Throughput:  1032.3 MB/s  Total: 2323.87 GB
[ 2305.6s] IOs:    609288502  IOPS:   264265  Throughput:  1032.3 MB/s  Total: 2324.25 GB
[ 2305.9s] IOs:    609389370  IOPS:   264279  Throughput:  1032.3 MB/s  Total: 2324.64 GB
[ 2306.3s] IOs:    609489631  IOPS:   264275  Throughput:  1032.3 MB/s  Total: 2325.02 GB
[ 2307.0s] IOs:    609590308  IOPS:   264231  Throughput:  1032.2 MB/s  Total: 2325.40 GB
[ 2307.3s] IOs:    609691049  IOPS:   264248  Throughput:  1032.2 MB/s  Total: 2325.79 GB
[ 2308.0s] IOs:    609791807  IOPS:   264203  Throughput:  1032.0 MB/s  Total: 2326.17 GB
[ 2308.4s] IOs:    609892618  IOPS:   264208  Throughput:  1032.1 MB/s  Total: 2326.56 GB
[ 2308.8s] IOs:    609993574  IOPS:   264202  Throughput:  1032.0 MB/s  Total: 2326.94 GB
[ 2309.3s] IOs:    610094317  IOPS:   264192  Throughput:  1032.0 MB/s  Total: 2327.33 GB
[ 2309.8s] IOs:    610195153  IOPS:   264174  Throughput:  1031.9 MB/s  Total: 2327.71 GB
[ 2310.3s] IOs:    610296174  IOPS:   264164  Throughput:  1031.9 MB/s  Total: 2328.10 GB
[ 2310.8s] IOs:    610396927  IOPS:   264151  Throughput:  1031.8 MB/s  Total: 2328.48 GB
[ 2311.2s] IOs:    610497693  IOPS:   264150  Throughput:  1031.8 MB/s  Total: 2328.86 GB
[ 2311.4s] IOs:    610598678  IOPS:   264168  Throughput:  1031.9 MB/s  Total: 2329.25 GB
[ 2312.0s] IOs:    610699452  IOPS:   264138  Throughput:  1031.8 MB/s  Total: 2329.63 GB
[ 2312.3s] IOs:    610799886  IOPS:   264156  Throughput:  1031.9 MB/s  Total: 2330.02 GB
[ 2312.9s] IOs:    610900427  IOPS:   264131  Throughput:  1031.8 MB/s  Total: 2330.40 GB
[ 2313.2s] IOs:    611000892  IOPS:   264134  Throughput:  1031.8 MB/s  Total: 2330.78 GB
[ 2313.5s] IOs:    611101686  IOPS:   264148  Throughput:  1031.8 MB/s  Total: 2331.17 GB
[ 2313.9s] IOs:    611202525  IOPS:   264142  Throughput:  1031.8 MB/s  Total: 2331.55 GB
[ 2314.2s] IOs:    611302688  IOPS:   264150  Throughput:  1031.8 MB/s  Total: 2331.93 GB
[ 2314.7s] IOs:    611403631  IOPS:   264142  Throughput:  1031.8 MB/s  Total: 2332.32 GB
[ 2314.9s] IOs:    611504296  IOPS:   264157  Throughput:  1031.9 MB/s  Total: 2332.70 GB
[ 2315.3s] IOs:    611605071  IOPS:   264162  Throughput:  1031.9 MB/s  Total: 2333.09 GB
[ 2315.8s] IOs:    611705857  IOPS:   264150  Throughput:  1031.8 MB/s  Total: 2333.47 GB
[Reader] Parsed 81000000 lines, distributed 611774686 writes, unique 688.39 GB, skipped 0
[ 2316.0s] IOs:    611806432  IOPS:   264162  Throughput:  1031.9 MB/s  Total: 2333.86 GB
[ 2316.3s] IOs:    611907148  IOPS:   264176  Throughput:  1031.9 MB/s  Total: 2334.24 GB
[ 2316.7s] IOs:    612008080  IOPS:   264175  Throughput:  1031.9 MB/s  Total: 2334.63 GB
[ 2316.9s] IOs:    612108828  IOPS:   264188  Throughput:  1032.0 MB/s  Total: 2335.01 GB
[ 2317.3s] IOs:    612209331  IOPS:   264185  Throughput:  1032.0 MB/s  Total: 2335.39 GB
[ 2317.6s] IOs:    612310001  IOPS:   264197  Throughput:  1032.0 MB/s  Total: 2335.78 GB
[ 2317.9s] IOs:    612410150  IOPS:   264210  Throughput:  1032.1 MB/s  Total: 2336.16 GB
[ 2318.6s] IOs:    612510256  IOPS:   264171  Throughput:  1031.9 MB/s  Total: 2336.54 GB
[ 2319.3s] IOs:    612610930  IOPS:   264134  Throughput:  1031.8 MB/s  Total: 2336.93 GB
[ 2319.8s] IOs:    612711595  IOPS:   264119  Throughput:  1031.7 MB/s  Total: 2337.31 GB
[ 2320.6s] IOs:    612812459  IOPS:   264074  Throughput:  1031.5 MB/s  Total: 2337.69 GB
[ 2321.2s] IOs:    612913020  IOPS:   264050  Throughput:  1031.4 MB/s  Total: 2338.08 GB
[ 2321.8s] IOs:    613014048  IOPS:   264031  Throughput:  1031.4 MB/s  Total: 2338.46 GB
[ 2322.2s] IOs:    613114936  IOPS:   264018  Throughput:  1031.3 MB/s  Total: 2338.85 GB
[ 2322.8s] IOs:    613215829  IOPS:   264003  Throughput:  1031.3 MB/s  Total: 2339.23 GB
[ 2323.3s] IOs:    613316364  IOPS:   263981  Throughput:  1031.2 MB/s  Total: 2339.62 GB
[ 2323.7s] IOs:    613416984  IOPS:   263988  Throughput:  1031.2 MB/s  Total: 2340.00 GB
[ 2324.2s] IOs:    613517484  IOPS:   263973  Throughput:  1031.1 MB/s  Total: 2340.38 GB
[ 2324.5s] IOs:    613618362  IOPS:   263984  Throughput:  1031.2 MB/s  Total: 2340.77 GB
[ 2324.8s] IOs:    613718445  IOPS:   263989  Throughput:  1031.2 MB/s  Total: 2341.15 GB
[ 2325.3s] IOs:    613818555  IOPS:   263974  Throughput:  1031.1 MB/s  Total: 2341.53 GB
[ 2325.7s] IOs:    613919120  IOPS:   263977  Throughput:  1031.2 MB/s  Total: 2341.92 GB
[ 2325.9s] IOs:    614019532  IOPS:   263992  Throughput:  1031.2 MB/s  Total: 2342.30 GB
[ 2326.4s] IOs:    614119985  IOPS:   263981  Throughput:  1031.2 MB/s  Total: 2342.68 GB
[ 2326.7s] IOs:    614220671  IOPS:   263989  Throughput:  1031.2 MB/s  Total: 2343.07 GB
[ 2326.9s] IOs:    614320769  IOPS:   264006  Throughput:  1031.3 MB/s  Total: 2343.45 GB
[ 2327.3s] IOs:    614421469  IOPS:   264007  Throughput:  1031.3 MB/s  Total: 2343.83 GB
[ 2327.7s] IOs:    614522112  IOPS:   264009  Throughput:  1031.3 MB/s  Total: 2344.22 GB
[ 2327.9s] IOs:    614622830  IOPS:   264020  Throughput:  1031.3 MB/s  Total: 2344.60 GB
[ 2328.4s] IOs:    614723568  IOPS:   264013  Throughput:  1031.3 MB/s  Total: 2344.98 GB
[ 2328.8s] IOs:    614824233  IOPS:   264009  Throughput:  1031.3 MB/s  Total: 2345.37 GB
[ 2329.5s] IOs:    614925037  IOPS:   263978  Throughput:  1031.2 MB/s  Total: 2345.75 GB
[ 2329.7s] IOs:    615025717  IOPS:   263991  Throughput:  1031.2 MB/s  Total: 2346.14 GB
[ 2330.2s] IOs:    615126240  IOPS:   263975  Throughput:  1031.2 MB/s  Total: 2346.52 GB
[ 2330.7s] IOs:    615227008  IOPS:   263967  Throughput:  1031.1 MB/s  Total: 2346.90 GB
[ 2331.0s] IOs:    615327408  IOPS:   263970  Throughput:  1031.1 MB/s  Total: 2347.29 GB
[ 2331.4s] IOs:    615428087  IOPS:   263978  Throughput:  1031.2 MB/s  Total: 2347.67 GB
[ 2331.9s] IOs:    615528866  IOPS:   263963  Throughput:  1031.1 MB/s  Total: 2348.06 GB
[ 2332.4s] IOs:    615629383  IOPS:   263948  Throughput:  1031.0 MB/s  Total: 2348.44 GB
[ 2332.8s] IOs:    615730235  IOPS:   263946  Throughput:  1031.0 MB/s  Total: 2348.82 GB
[ 2333.8s] IOs:    615831002  IOPS:   263874  Throughput:  1030.8 MB/s  Total: 2349.21 GB
[ 2334.3s] IOs:    615931624  IOPS:   263858  Throughput:  1030.7 MB/s  Total: 2349.59 GB
[ 2335.2s] IOs:    616032177  IOPS:   263807  Throughput:  1030.5 MB/s  Total: 2349.98 GB
[ 2335.7s] IOs:    616132863  IOPS:   263784  Throughput:  1030.4 MB/s  Total: 2350.36 GB
[ 2336.3s] IOs:    616233793  IOPS:   263769  Throughput:  1030.3 MB/s  Total: 2350.75 GB
[ 2337.0s] IOs:    616334720  IOPS:   263731  Throughput:  1030.2 MB/s  Total: 2351.13 GB
[ 2337.3s] IOs:    616435170  IOPS:   263743  Throughput:  1030.2 MB/s  Total: 2351.51 GB
[ 2337.9s] IOs:    616536041  IOPS:   263716  Throughput:  1030.1 MB/s  Total: 2351.90 GB
[ 2338.4s] IOs:    616636788  IOPS:   263706  Throughput:  1030.1 MB/s  Total: 2352.28 GB
[ 2338.9s] IOs:    616737329  IOPS:   263683  Throughput:  1030.0 MB/s  Total: 2352.67 GB
[ 2339.5s] IOs:    616837895  IOPS:   263657  Throughput:  1029.9 MB/s  Total: 2353.05 GB
[ 2339.8s] IOs:    616938093  IOPS:   263673  Throughput:  1030.0 MB/s  Total: 2353.43 GB
[ 2340.5s] IOs:    617038764  IOPS:   263636  Throughput:  1029.8 MB/s  Total: 2353.82 GB
[ 2340.9s] IOs:    617139620  IOPS:   263632  Throughput:  1029.8 MB/s  Total: 2354.20 GB
[ 2341.6s] IOs:    617240621  IOPS:   263597  Throughput:  1029.7 MB/s  Total: 2354.59 GB
[ 2341.9s] IOs:    617341196  IOPS:   263612  Throughput:  1029.7 MB/s  Total: 2354.97 GB
[ 2342.4s] IOs:    617442082  IOPS:   263591  Throughput:  1029.7 MB/s  Total: 2355.35 GB
[ 2342.9s] IOs:    617542137  IOPS:   263581  Throughput:  1029.6 MB/s  Total: 2355.74 GB
[ 2343.4s] IOs:    617642737  IOPS:   263572  Throughput:  1029.6 MB/s  Total: 2356.12 GB
[ 2343.8s] IOs:    617743377  IOPS:   263568  Throughput:  1029.6 MB/s  Total: 2356.50 GB
[ 2344.2s] IOs:    617844051  IOPS:   263560  Throughput:  1029.5 MB/s  Total: 2356.89 GB
[ 2344.5s] IOs:    617944780  IOPS:   263575  Throughput:  1029.6 MB/s  Total: 2357.27 GB
[ 2345.1s] IOs:    618045569  IOPS:   263551  Throughput:  1029.5 MB/s  Total: 2357.66 GB
[ 2345.3s] IOs:    618146464  IOPS:   263569  Throughput:  1029.6 MB/s  Total: 2358.04 GB
[ 2346.0s] IOs:    618246650  IOPS:   263528  Throughput:  1029.4 MB/s  Total: 2358.42 GB
[ 2346.3s] IOs:    618346939  IOPS:   263546  Throughput:  1029.5 MB/s  Total: 2358.81 GB
[ 2346.8s] IOs:    618447482  IOPS:   263524  Throughput:  1029.4 MB/s  Total: 2359.19 GB
[ 2347.3s] IOs:    618548202  IOPS:   263512  Throughput:  1029.3 MB/s  Total: 2359.57 GB
[ 2347.8s] IOs:    618649135  IOPS:   263499  Throughput:  1029.3 MB/s  Total: 2359.96 GB
[ 2348.2s] IOs:    618749935  IOPS:   263504  Throughput:  1029.3 MB/s  Total: 2360.34 GB
[ 2348.6s] IOs:    618850476  IOPS:   263497  Throughput:  1029.3 MB/s  Total: 2360.73 GB
[ 2349.0s] IOs:    618951411  IOPS:   263497  Throughput:  1029.3 MB/s  Total: 2361.11 GB
[ 2349.3s] IOs:    619051911  IOPS:   263500  Throughput:  1029.3 MB/s  Total: 2361.50 GB
[ 2349.7s] IOs:    619151947  IOPS:   263499  Throughput:  1029.3 MB/s  Total: 2361.88 GB
[ 2350.3s] IOs:    619252684  IOPS:   263483  Throughput:  1029.2 MB/s  Total: 2362.26 GB
[ 2350.6s] IOs:    619353419  IOPS:   263493  Throughput:  1029.3 MB/s  Total: 2362.65 GB
[ 2350.8s] IOs:    619454206  IOPS:   263506  Throughput:  1029.3 MB/s  Total: 2363.03 GB
[ 2351.3s] IOs:    619555077  IOPS:   263494  Throughput:  1029.3 MB/s  Total: 2363.42 GB
[ 2351.7s] IOs:    619655202  IOPS:   263490  Throughput:  1029.3 MB/s  Total: 2363.80 GB
[ 2352.4s] IOs:    619756021  IOPS:   263455  Throughput:  1029.1 MB/s  Total: 2364.18 GB
[ 2352.8s] IOs:    619856245  IOPS:   263458  Throughput:  1029.1 MB/s  Total: 2364.56 GB
[ 2353.4s] IOs:    619956962  IOPS:   263428  Throughput:  1029.0 MB/s  Total: 2364.95 GB
[ 2353.7s] IOs:    620057050  IOPS:   263435  Throughput:  1029.0 MB/s  Total: 2365.33 GB
[ 2354.4s] IOs:    620157642  IOPS:   263406  Throughput:  1028.9 MB/s  Total: 2365.71 GB
[ 2354.7s] IOs:    620258548  IOPS:   263416  Throughput:  1029.0 MB/s  Total: 2366.10 GB
[ 2355.1s] IOs:    620359396  IOPS:   263406  Throughput:  1028.9 MB/s  Total: 2366.48 GB
[ 2355.4s] IOs:    620459423  IOPS:   263415  Throughput:  1029.0 MB/s  Total: 2366.86 GB
[ 2355.9s] IOs:    620560423  IOPS:   263411  Throughput:  1028.9 MB/s  Total: 2367.25 GB
[ 2356.2s] IOs:    620660999  IOPS:   263416  Throughput:  1029.0 MB/s  Total: 2367.63 GB
[ 2356.6s] IOs:    620761527  IOPS:   263413  Throughput:  1029.0 MB/s  Total: 2368.02 GB
[ 2356.9s] IOs:    620862136  IOPS:   263421  Throughput:  1029.0 MB/s  Total: 2368.40 GB
[ 2357.4s] IOs:    620963009  IOPS:   263411  Throughput:  1029.0 MB/s  Total: 2368.79 GB
[ 2357.6s] IOs:    621063867  IOPS:   263426  Throughput:  1029.0 MB/s  Total: 2369.17 GB
[ 2357.9s] IOs:    621164287  IOPS:   263442  Throughput:  1029.1 MB/s  Total: 2369.55 GB
[Reader] Parsed 82000000 lines, distributed 621205524 writes, unique 694.17 GB, skipped 0
[ 2358.4s] IOs:    621264915  IOPS:   263429  Throughput:  1029.0 MB/s  Total: 2369.94 GB
[ 2358.7s] IOs:    621365306  IOPS:   263441  Throughput:  1029.1 MB/s  Total: 2370.32 GB
[ 2358.9s] IOs:    621465705  IOPS:   263456  Throughput:  1029.1 MB/s  Total: 2370.70 GB
[ 2359.3s] IOs:    621565901  IOPS:   263455  Throughput:  1029.1 MB/s  Total: 2371.09 GB
[ 2359.5s] IOs:    621666411  IOPS:   263473  Throughput:  1029.2 MB/s  Total: 2371.47 GB
[ 2359.9s] IOs:    621766788  IOPS:   263474  Throughput:  1029.2 MB/s  Total: 2371.85 GB
[ 2360.1s] IOs:    621867110  IOPS:   263487  Throughput:  1029.2 MB/s  Total: 2372.23 GB
[ 2360.4s] IOs:    621967827  IOPS:   263504  Throughput:  1029.3 MB/s  Total: 2372.62 GB
[ 2360.8s] IOs:    622068502  IOPS:   263503  Throughput:  1029.3 MB/s  Total: 2373.00 GB
[ 2361.0s] IOs:    622169350  IOPS:   263521  Throughput:  1029.4 MB/s  Total: 2373.39 GB
[ 2361.5s] IOs:    622269769  IOPS:   263502  Throughput:  1029.3 MB/s  Total: 2373.77 GB
[ 2361.8s] IOs:    622370001  IOPS:   263518  Throughput:  1029.4 MB/s  Total: 2374.15 GB
[ 2362.3s] IOs:    622470967  IOPS:   263501  Throughput:  1029.3 MB/s  Total: 2374.54 GB
[ 2362.8s] IOs:    622571668  IOPS:   263487  Throughput:  1029.2 MB/s  Total: 2374.92 GB
[ 2363.1s] IOs:    622672059  IOPS:   263493  Throughput:  1029.3 MB/s  Total: 2375.31 GB
[ 2363.4s] IOs:    622772837  IOPS:   263512  Throughput:  1029.3 MB/s  Total: 2375.69 GB
[ 2363.9s] IOs:    622873675  IOPS:   263492  Throughput:  1029.3 MB/s  Total: 2376.07 GB
[ 2364.2s] IOs:    622974221  IOPS:   263502  Throughput:  1029.3 MB/s  Total: 2376.46 GB
[ 2364.6s] IOs:    623074969  IOPS:   263499  Throughput:  1029.3 MB/s  Total: 2376.84 GB
[ 2364.9s] IOs:    623175167  IOPS:   263510  Throughput:  1029.3 MB/s  Total: 2377.22 GB
[ 2365.2s] IOs:    623275798  IOPS:   263516  Throughput:  1029.4 MB/s  Total: 2377.61 GB
[ 2365.4s] IOs:    623376327  IOPS:   263534  Throughput:  1029.4 MB/s  Total: 2377.99 GB
[ 2365.9s] IOs:    623477015  IOPS:   263525  Throughput:  1029.4 MB/s  Total: 2378.38 GB
[ 2366.2s] IOs:    623578012  IOPS:   263539  Throughput:  1029.4 MB/s  Total: 2378.76 GB
[ 2366.4s] IOs:    623678750  IOPS:   263554  Throughput:  1029.5 MB/s  Total: 2379.15 GB
[ 2366.7s] IOs:    623779511  IOPS:   263563  Throughput:  1029.5 MB/s  Total: 2379.53 GB
[ 2366.9s] IOs:    623880097  IOPS:   263581  Throughput:  1029.6 MB/s  Total: 2379.91 GB
[ 2367.3s] IOs:    623980724  IOPS:   263582  Throughput:  1029.6 MB/s  Total: 2380.30 GB
[ 2367.6s] IOs:    624081224  IOPS:   263588  Throughput:  1029.6 MB/s  Total: 2380.68 GB
[ 2367.9s] IOs:    624181840  IOPS:   263604  Throughput:  1029.7 MB/s  Total: 2381.06 GB
[ 2368.5s] IOs:    624282240  IOPS:   263580  Throughput:  1029.6 MB/s  Total: 2381.45 GB
[ 2368.8s] IOs:    624383011  IOPS:   263585  Throughput:  1029.6 MB/s  Total: 2381.83 GB
[ 2369.8s] IOs:    624483969  IOPS:   263519  Throughput:  1029.4 MB/s  Total: 2382.22 GB
[ 2370.3s] IOs:    624584716  IOPS:   263501  Throughput:  1029.3 MB/s  Total: 2382.60 GB
[ 2371.0s] IOs:    624685324  IOPS:   263473  Throughput:  1029.2 MB/s  Total: 2382.99 GB
[ 2371.6s] IOs:    624786246  IOPS:   263441  Throughput:  1029.1 MB/s  Total: 2383.37 GB
[ 2372.0s] IOs:    624886310  IOPS:   263446  Throughput:  1029.1 MB/s  Total: 2383.75 GB
[ 2372.2s] IOs:    624987270  IOPS:   263461  Throughput:  1029.1 MB/s  Total: 2384.14 GB
[ 2372.4s] IOs:    625088071  IOPS:   263478  Throughput:  1029.2 MB/s  Total: 2384.52 GB
[ 2372.7s] IOs:    625188538  IOPS:   263488  Throughput:  1029.3 MB/s  Total: 2384.91 GB
[ 2373.0s] IOs:    625289108  IOPS:   263501  Throughput:  1029.3 MB/s  Total: 2385.29 GB
[ 2373.3s] IOs:    625389756  IOPS:   263514  Throughput:  1029.4 MB/s  Total: 2385.67 GB
[ 2373.5s] IOs:    625489796  IOPS:   263531  Throughput:  1029.4 MB/s  Total: 2386.05 GB
[ 2373.8s] IOs:    625590569  IOPS:   263541  Throughput:  1029.5 MB/s  Total: 2386.44 GB
[ 2374.1s] IOs:    625690862  IOPS:   263554  Throughput:  1029.5 MB/s  Total: 2386.82 GB
[ 2374.3s] IOs:    625791331  IOPS:   263571  Throughput:  1029.6 MB/s  Total: 2387.20 GB
[ 2374.5s] IOs:    625891917  IOPS:   263587  Throughput:  1029.6 MB/s  Total: 2387.59 GB
[ 2374.8s] IOs:    625992048  IOPS:   263596  Throughput:  1029.7 MB/s  Total: 2387.97 GB
[ 2375.1s] IOs:    626092697  IOPS:   263608  Throughput:  1029.7 MB/s  Total: 2388.35 GB
[ 2375.4s] IOs:    626193542  IOPS:   263621  Throughput:  1029.8 MB/s  Total: 2388.74 GB
[ 2375.9s] IOs:    626293925  IOPS:   263604  Throughput:  1029.7 MB/s  Total: 2389.12 GB
[ 2376.3s] IOs:    626394173  IOPS:   263604  Throughput:  1029.7 MB/s  Total: 2389.50 GB
[ 2376.8s] IOs:    626494547  IOPS:   263585  Throughput:  1029.6 MB/s  Total: 2389.89 GB
[ 2377.1s] IOs:    626595029  IOPS:   263599  Throughput:  1029.7 MB/s  Total: 2390.27 GB
[ 2377.4s] IOs:    626695549  IOPS:   263603  Throughput:  1029.7 MB/s  Total: 2390.65 GB
[ 2377.8s] IOs:    626795999  IOPS:   263604  Throughput:  1029.7 MB/s  Total: 2391.04 GB
[ 2378.3s] IOs:    626896204  IOPS:   263595  Throughput:  1029.7 MB/s  Total: 2391.42 GB
[ 2378.5s] IOs:    626996751  IOPS:   263606  Throughput:  1029.7 MB/s  Total: 2391.80 GB
[ 2378.9s] IOs:    627097083  IOPS:   263611  Throughput:  1029.7 MB/s  Total: 2392.19 GB
[ 2379.2s] IOs:    627197500  IOPS:   263617  Throughput:  1029.8 MB/s  Total: 2392.57 GB
[ 2379.5s] IOs:    627297894  IOPS:   263631  Throughput:  1029.8 MB/s  Total: 2392.95 GB
[ 2379.8s] IOs:    627398544  IOPS:   263638  Throughput:  1029.8 MB/s  Total: 2393.34 GB
[ 2380.0s] IOs:    627498851  IOPS:   263654  Throughput:  1029.9 MB/s  Total: 2393.72 GB
[ 2380.3s] IOs:    627599810  IOPS:   263660  Throughput:  1029.9 MB/s  Total: 2394.10 GB
[ 2380.6s] IOs:    627700171  IOPS:   263673  Throughput:  1030.0 MB/s  Total: 2394.49 GB
[ 2380.9s] IOs:    627800611  IOPS:   263681  Throughput:  1030.0 MB/s  Total: 2394.87 GB
[ 2381.2s] IOs:    627901450  IOPS:   263693  Throughput:  1030.1 MB/s  Total: 2395.25 GB
[ 2381.5s] IOs:    628002192  IOPS:   263700  Throughput:  1030.1 MB/s  Total: 2395.64 GB
[ 2381.7s] IOs:    628102930  IOPS:   263717  Throughput:  1030.1 MB/s  Total: 2396.02 GB
[ 2382.2s] IOs:    628203703  IOPS:   263706  Throughput:  1030.1 MB/s  Total: 2396.41 GB
[ 2382.5s] IOs:    628304249  IOPS:   263711  Throughput:  1030.1 MB/s  Total: 2396.79 GB
[ 2383.0s] IOs:    628404796  IOPS:   263709  Throughput:  1030.1 MB/s  Total: 2397.17 GB
[ 2383.5s] IOs:    628505746  IOPS:   263691  Throughput:  1030.0 MB/s  Total: 2397.56 GB
[ 2383.8s] IOs:    628606351  IOPS:   263695  Throughput:  1030.1 MB/s  Total: 2397.94 GB
[ 2384.5s] IOs:    628707155  IOPS:   263666  Throughput:  1029.9 MB/s  Total: 2398.33 GB
[ 2384.8s] IOs:    628807804  IOPS:   263675  Throughput:  1030.0 MB/s  Total: 2398.71 GB
[ 2385.2s] IOs:    628908118  IOPS:   263669  Throughput:  1030.0 MB/s  Total: 2399.09 GB
[ 2385.7s] IOs:    629008700  IOPS:   263661  Throughput:  1029.9 MB/s  Total: 2399.48 GB
[ 2385.9s] IOs:    629109211  IOPS:   263677  Throughput:  1030.0 MB/s  Total: 2399.86 GB
[ 2386.4s] IOs:    629210009  IOPS:   263661  Throughput:  1029.9 MB/s  Total: 2400.25 GB
[ 2386.8s] IOs:    629310563  IOPS:   263659  Throughput:  1029.9 MB/s  Total: 2400.63 GB
[ 2387.1s] IOs:    629410989  IOPS:   263675  Throughput:  1030.0 MB/s  Total: 2401.01 GB
[ 2387.7s] IOs:    629511529  IOPS:   263650  Throughput:  1029.9 MB/s  Total: 2401.40 GB
[ 2387.9s] IOs:    629612324  IOPS:   263666  Throughput:  1029.9 MB/s  Total: 2401.78 GB
[Reader] Parsed 83000000 lines, distributed 629680905 writes, unique 698.40 GB, skipped 0
[ 2388.6s] IOs:    629713291  IOPS:   263634  Throughput:  1029.8 MB/s  Total: 2402.17 GB
[ 2388.9s] IOs:    629813738  IOPS:   263641  Throughput:  1029.8 MB/s  Total: 2402.55 GB
[ 2389.4s] IOs:    629914086  IOPS:   263623  Throughput:  1029.8 MB/s  Total: 2402.93 GB
[ 2389.8s] IOs:    630014238  IOPS:   263627  Throughput:  1029.8 MB/s  Total: 2403.31 GB
[ 2390.2s] IOs:    630114808  IOPS:   263620  Throughput:  1029.8 MB/s  Total: 2403.70 GB
[ 2390.6s] IOs:    630214901  IOPS:   263625  Throughput:  1029.8 MB/s  Total: 2404.08 GB
[ 2390.9s] IOs:    630315799  IOPS:   263631  Throughput:  1029.8 MB/s  Total: 2404.46 GB
[ 2391.4s] IOs:    630416541  IOPS:   263624  Throughput:  1029.8 MB/s  Total: 2404.85 GB
[ 2391.6s] IOs:    630517564  IOPS:   263635  Throughput:  1029.8 MB/s  Total: 2405.23 GB
[ 2391.9s] IOs:    630617824  IOPS:   263647  Throughput:  1029.9 MB/s  Total: 2405.62 GB
[ 2392.5s] IOs:    630718248  IOPS:   263619  Throughput:  1029.8 MB/s  Total: 2406.00 GB
[ 2392.8s] IOs:    630818491  IOPS:   263631  Throughput:  1029.8 MB/s  Total: 2406.38 GB
[ 2393.4s] IOs:    630919113  IOPS:   263607  Throughput:  1029.7 MB/s  Total: 2406.77 GB
[ 2393.8s] IOs:    631019757  IOPS:   263611  Throughput:  1029.7 MB/s  Total: 2407.15 GB
[ 2394.1s] IOs:    631120500  IOPS:   263619  Throughput:  1029.8 MB/s  Total: 2407.53 GB
[ 2394.5s] IOs:    631221316  IOPS:   263610  Throughput:  1029.7 MB/s  Total: 2407.92 GB
[ 2394.9s] IOs:    631322323  IOPS:   263614  Throughput:  1029.7 MB/s  Total: 2408.30 GB
[ 2395.4s] IOs:    631422898  IOPS:   263600  Throughput:  1029.7 MB/s  Total: 2408.69 GB
[ 2395.7s] IOs:    631523482  IOPS:   263604  Throughput:  1029.7 MB/s  Total: 2409.07 GB
[ 2395.9s] IOs:    631624094  IOPS:   263622  Throughput:  1029.8 MB/s  Total: 2409.45 GB
[ 2396.4s] IOs:    631725086  IOPS:   263614  Throughput:  1029.7 MB/s  Total: 2409.84 GB
[ 2396.7s] IOs:    631825982  IOPS:   263627  Throughput:  1029.8 MB/s  Total: 2410.22 GB
[ 2397.0s] IOs:    631926663  IOPS:   263638  Throughput:  1029.8 MB/s  Total: 2410.61 GB
[ 2397.2s] IOs:    632027551  IOPS:   263649  Throughput:  1029.9 MB/s  Total: 2410.99 GB
[ 2397.5s] IOs:    632128363  IOPS:   263666  Throughput:  1029.9 MB/s  Total: 2411.38 GB
[ 2397.7s] IOs:    632228979  IOPS:   263680  Throughput:  1030.0 MB/s  Total: 2411.76 GB
[ 2398.0s] IOs:    632329387  IOPS:   263693  Throughput:  1030.1 MB/s  Total: 2412.15 GB
[ 2398.2s] IOs:    632430228  IOPS:   263711  Throughput:  1030.1 MB/s  Total: 2412.53 GB
[ 2398.4s] IOs:    632530701  IOPS:   263729  Throughput:  1030.2 MB/s  Total: 2412.91 GB
[ 2398.6s] IOs:    632631347  IOPS:   263745  Throughput:  1030.3 MB/s  Total: 2413.30 GB
[ 2398.9s] IOs:    632731935  IOPS:   263757  Throughput:  1030.3 MB/s  Total: 2413.68 GB
[ 2399.1s] IOs:    632832628  IOPS:   263774  Throughput:  1030.4 MB/s  Total: 2414.06 GB
[ 2399.4s] IOs:    632932996  IOPS:   263788  Throughput:  1030.4 MB/s  Total: 2414.45 GB
[ 2399.6s] IOs:    633033567  IOPS:   263806  Throughput:  1030.5 MB/s  Total: 2414.83 GB
[ 2399.9s] IOs:    633133846  IOPS:   263818  Throughput:  1030.5 MB/s  Total: 2415.21 GB
[ 2400.1s] IOs:    633234411  IOPS:   263835  Throughput:  1030.6 MB/s  Total: 2415.60 GB
[ 2400.3s] IOs:    633334885  IOPS:   263852  Throughput:  1030.7 MB/s  Total: 2415.98 GB
[ 2400.8s] IOs:    633434974  IOPS:   263846  Throughput:  1030.6 MB/s  Total: 2416.36 GB
[ 2401.0s] IOs:    633535134  IOPS:   263862  Throughput:  1030.7 MB/s  Total: 2416.74 GB
[ 2401.5s] IOs:    633635977  IOPS:   263848  Throughput:  1030.7 MB/s  Total: 2417.13 GB
[ 2401.8s] IOs:    633736582  IOPS:   263858  Throughput:  1030.7 MB/s  Total: 2417.51 GB
[ 2402.3s] IOs:    633837130  IOPS:   263846  Throughput:  1030.6 MB/s  Total: 2417.90 GB
[ 2402.6s] IOs:    633937970  IOPS:   263859  Throughput:  1030.7 MB/s  Total: 2418.28 GB
[ 2402.8s] IOs:    634039016  IOPS:   263874  Throughput:  1030.8 MB/s  Total: 2418.67 GB
[ 2403.0s] IOs:    634139017  IOPS:   263890  Throughput:  1030.8 MB/s  Total: 2419.05 GB
[ 2403.3s] IOs:    634239886  IOPS:   263902  Throughput:  1030.9 MB/s  Total: 2419.43 GB
[ 2403.6s] IOs:    634340650  IOPS:   263911  Throughput:  1030.9 MB/s  Total: 2419.82 GB
[ 2403.9s] IOs:    634441386  IOPS:   263920  Throughput:  1030.9 MB/s  Total: 2420.20 GB
[ 2404.2s] IOs:    634541867  IOPS:   263935  Throughput:  1031.0 MB/s  Total: 2420.59 GB
[ 2404.4s] IOs:    634642336  IOPS:   263946  Throughput:  1031.0 MB/s  Total: 2420.97 GB
[ 2404.8s] IOs:    634743171  IOPS:   263950  Throughput:  1031.1 MB/s  Total: 2421.35 GB
[ 2405.1s] IOs:    634843966  IOPS:   263961  Throughput:  1031.1 MB/s  Total: 2421.74 GB
[ 2405.5s] IOs:    634944217  IOPS:   263958  Throughput:  1031.1 MB/s  Total: 2422.12 GB
[ 2405.7s] IOs:    635044846  IOPS:   263974  Throughput:  1031.2 MB/s  Total: 2422.50 GB
[ 2405.9s] IOs:    635145334  IOPS:   263991  Throughput:  1031.2 MB/s  Total: 2422.89 GB
[ 2406.3s] IOs:    635245615  IOPS:   263997  Throughput:  1031.2 MB/s  Total: 2423.27 GB
[ 2406.5s] IOs:    635346001  IOPS:   264009  Throughput:  1031.3 MB/s  Total: 2423.65 GB
[ 2406.8s] IOs:    635446613  IOPS:   264021  Throughput:  1031.3 MB/s  Total: 2424.04 GB
[ 2407.2s] IOs:    635547317  IOPS:   264022  Throughput:  1031.3 MB/s  Total: 2424.42 GB
[ 2407.4s] IOs:    635647857  IOPS:   264035  Throughput:  1031.4 MB/s  Total: 2424.80 GB
[ 2407.9s] IOs:    635748711  IOPS:   264030  Throughput:  1031.4 MB/s  Total: 2425.19 GB
[ 2408.2s] IOs:    635849272  IOPS:   264037  Throughput:  1031.4 MB/s  Total: 2425.57 GB
[ 2408.5s] IOs:    635949896  IOPS:   264041  Throughput:  1031.4 MB/s  Total: 2425.96 GB
[ 2408.8s] IOs:    636050141  IOPS:   264048  Throughput:  1031.4 MB/s  Total: 2426.34 GB
[ 2409.1s] IOs:    636150363  IOPS:   264061  Throughput:  1031.5 MB/s  Total: 2426.72 GB
[ 2409.4s] IOs:    636250716  IOPS:   264071  Throughput:  1031.5 MB/s  Total: 2427.10 GB
[ 2409.6s] IOs:    636351648  IOPS:   264087  Throughput:  1031.6 MB/s  Total: 2427.49 GB
[ 2409.9s] IOs:    636452334  IOPS:   264094  Throughput:  1031.6 MB/s  Total: 2427.87 GB
[ 2410.3s] IOs:    636553318  IOPS:   264102  Throughput:  1031.6 MB/s  Total: 2428.26 GB
[ 2410.6s] IOs:    636654134  IOPS:   264102  Throughput:  1031.6 MB/s  Total: 2428.64 GB
[ 2410.9s] IOs:    636754269  IOPS:   264116  Throughput:  1031.7 MB/s  Total: 2429.02 GB
[ 2411.5s] IOs:    636854607  IOPS:   264096  Throughput:  1031.6 MB/s  Total: 2429.41 GB
[ 2411.8s] IOs:    636954691  IOPS:   264103  Throughput:  1031.7 MB/s  Total: 2429.79 GB
[ 2412.3s] IOs:    637055147  IOPS:   264085  Throughput:  1031.6 MB/s  Total: 2430.17 GB
[ 2412.9s] IOs:    637155967  IOPS:   264064  Throughput:  1031.5 MB/s  Total: 2430.56 GB
[ 2413.3s] IOs:    637256203  IOPS:   264065  Throughput:  1031.5 MB/s  Total: 2430.94 GB
[ 2413.5s] IOs:    637357004  IOPS:   264082  Throughput:  1031.6 MB/s  Total: 2431.32 GB
[ 2414.1s] IOs:    637458005  IOPS:   264060  Throughput:  1031.5 MB/s  Total: 2431.71 GB
[ 2414.4s] IOs:    637558648  IOPS:   264062  Throughput:  1031.5 MB/s  Total: 2432.09 GB
[ 2415.0s] IOs:    637659247  IOPS:   264036  Throughput:  1031.4 MB/s  Total: 2432.48 GB
[ 2415.4s] IOs:    637759961  IOPS:   264041  Throughput:  1031.4 MB/s  Total: 2432.86 GB
[ 2415.8s] IOs:    637860114  IOPS:   264038  Throughput:  1031.4 MB/s  Total: 2433.24 GB
[ 2416.0s] IOs:    637961022  IOPS:   264055  Throughput:  1031.5 MB/s  Total: 2433.63 GB
[ 2416.7s] IOs:    638061677  IOPS:   264026  Throughput:  1031.4 MB/s  Total: 2434.01 GB
[ 2416.9s] IOs:    638161985  IOPS:   264039  Throughput:  1031.4 MB/s  Total: 2434.39 GB
[ 2417.6s] IOs:    638262366  IOPS:   264006  Throughput:  1031.3 MB/s  Total: 2434.78 GB
[ 2417.8s] IOs:    638362854  IOPS:   264022  Throughput:  1031.3 MB/s  Total: 2435.16 GB
[ 2418.5s] IOs:    638463527  IOPS:   263996  Throughput:  1031.2 MB/s  Total: 2435.55 GB
[ 2418.8s] IOs:    638563854  IOPS:   263999  Throughput:  1031.2 MB/s  Total: 2435.93 GB
[ 2419.1s] IOs:    638664225  IOPS:   264008  Throughput:  1031.3 MB/s  Total: 2436.31 GB
[ 2419.5s] IOs:    638765012  IOPS:   264005  Throughput:  1031.3 MB/s  Total: 2436.70 GB
[ 2419.9s] IOs:    638865785  IOPS:   264007  Throughput:  1031.3 MB/s  Total: 2437.08 GB
[ 2420.5s] IOs:    638966351  IOPS:   263982  Throughput:  1031.2 MB/s  Total: 2437.46 GB
[ 2420.8s] IOs:    639066697  IOPS:   263993  Throughput:  1031.2 MB/s  Total: 2437.85 GB
[ 2421.0s] IOs:    639167613  IOPS:   264007  Throughput:  1031.3 MB/s  Total: 2438.23 GB
[ 2421.5s] IOs:    639268461  IOPS:   263994  Throughput:  1031.2 MB/s  Total: 2438.62 GB
[ 2421.8s] IOs:    639368689  IOPS:   264002  Throughput:  1031.3 MB/s  Total: 2439.00 GB
[ 2422.1s] IOs:    639469267  IOPS:   264013  Throughput:  1031.3 MB/s  Total: 2439.38 GB
[ 2422.6s] IOs:    639570142  IOPS:   264003  Throughput:  1031.3 MB/s  Total: 2439.77 GB
[ 2422.8s] IOs:    639670746  IOPS:   264019  Throughput:  1031.3 MB/s  Total: 2440.15 GB
[ 2423.1s] IOs:    639771258  IOPS:   264032  Throughput:  1031.4 MB/s  Total: 2440.53 GB
[ 2423.5s] IOs:    639872084  IOPS:   264032  Throughput:  1031.4 MB/s  Total: 2440.92 GB
[ 2423.7s] IOs:    639972318  IOPS:   264044  Throughput:  1031.4 MB/s  Total: 2441.30 GB
[ 2424.1s] IOs:    640073162  IOPS:   264041  Throughput:  1031.4 MB/s  Total: 2441.69 GB
[ 2424.4s] IOs:    640174101  IOPS:   264056  Throughput:  1031.5 MB/s  Total: 2442.07 GB
[ 2424.8s] IOs:    640275005  IOPS:   264057  Throughput:  1031.5 MB/s  Total: 2442.46 GB
[ 2425.3s] IOs:    640375035  IOPS:   264040  Throughput:  1031.4 MB/s  Total: 2442.84 GB
[Reader] Parsed 84000000 lines, distributed 640384953 writes, unique 701.37 GB, skipped 0
[ 2425.9s] IOs:    640475422  IOPS:   264016  Throughput:  1031.3 MB/s  Total: 2443.22 GB
[ 2426.3s] IOs:    640576059  IOPS:   264009  Throughput:  1031.3 MB/s  Total: 2443.60 GB
[ 2426.9s] IOs:    640676904  IOPS:   263990  Throughput:  1031.2 MB/s  Total: 2443.99 GB
[ 2427.3s] IOs:    640777492  IOPS:   263988  Throughput:  1031.2 MB/s  Total: 2444.37 GB
[ 2427.9s] IOs:    640877998  IOPS:   263962  Throughput:  1031.1 MB/s  Total: 2444.76 GB
[ 2428.3s] IOs:    640978671  IOPS:   263963  Throughput:  1031.1 MB/s  Total: 2445.14 GB
[ 2428.8s] IOs:    641079153  IOPS:   263949  Throughput:  1031.1 MB/s  Total: 2445.52 GB
[ 2429.1s] IOs:    641180000  IOPS:   263956  Throughput:  1031.1 MB/s  Total: 2445.91 GB
[ 2429.5s] IOs:    641280476  IOPS:   263956  Throughput:  1031.1 MB/s  Total: 2446.29 GB
[ 2429.9s] IOs:    641381133  IOPS:   263949  Throughput:  1031.1 MB/s  Total: 2446.67 GB
[ 2430.4s] IOs:    641481317  IOPS:   263940  Throughput:  1031.0 MB/s  Total: 2447.06 GB
[ 2430.8s] IOs:    641581492  IOPS:   263939  Throughput:  1031.0 MB/s  Total: 2447.44 GB
[ 2431.2s] IOs:    641682299  IOPS:   263938  Throughput:  1031.0 MB/s  Total: 2447.82 GB
[ 2431.5s] IOs:    641782594  IOPS:   263950  Throughput:  1031.1 MB/s  Total: 2448.21 GB
[ 2431.9s] IOs:    641883059  IOPS:   263945  Throughput:  1031.0 MB/s  Total: 2448.59 GB
[ 2432.1s] IOs:    641983274  IOPS:   263959  Throughput:  1031.1 MB/s  Total: 2448.97 GB
[ 2432.7s] IOs:    642084195  IOPS:   263939  Throughput:  1031.0 MB/s  Total: 2449.36 GB
[ 2433.0s] IOs:    642185129  IOPS:   263946  Throughput:  1031.0 MB/s  Total: 2449.74 GB
[ 2433.5s] IOs:    642286106  IOPS:   263932  Throughput:  1031.0 MB/s  Total: 2450.13 GB
[ 2434.0s] IOs:    642387104  IOPS:   263925  Throughput:  1031.0 MB/s  Total: 2450.51 GB
[ 2434.4s] IOs:    642487750  IOPS:   263916  Throughput:  1030.9 MB/s  Total: 2450.90 GB
[ 2434.9s] IOs:    642588521  IOPS:   263903  Throughput:  1030.9 MB/s  Total: 2451.28 GB
[ 2435.3s] IOs:    642689001  IOPS:   263902  Throughput:  1030.9 MB/s  Total: 2451.66 GB
[ 2435.9s] IOs:    642789763  IOPS:   263884  Throughput:  1030.8 MB/s  Total: 2452.05 GB
[ 2436.1s] IOs:    642890277  IOPS:   263898  Throughput:  1030.9 MB/s  Total: 2452.43 GB
[ 2436.5s] IOs:    642990932  IOPS:   263904  Throughput:  1030.9 MB/s  Total: 2452.82 GB
[ 2436.9s] IOs:    643090977  IOPS:   263895  Throughput:  1030.8 MB/s  Total: 2453.20 GB
[ 2437.3s] IOs:    643191424  IOPS:   263895  Throughput:  1030.8 MB/s  Total: 2453.58 GB
[ 2437.7s] IOs:    643291625  IOPS:   263892  Throughput:  1030.8 MB/s  Total: 2453.96 GB
[ 2438.0s] IOs:    643391698  IOPS:   263897  Throughput:  1030.8 MB/s  Total: 2454.34 GB
[ 2438.4s] IOs:    643491955  IOPS:   263904  Throughput:  1030.9 MB/s  Total: 2454.73 GB
[ 2438.7s] IOs:    643592473  IOPS:   263903  Throughput:  1030.9 MB/s  Total: 2455.11 GB
[ 2439.0s] IOs:    643693341  IOPS:   263913  Throughput:  1030.9 MB/s  Total: 2455.50 GB
[ 2439.5s] IOs:    643793859  IOPS:   263902  Throughput:  1030.9 MB/s  Total: 2455.88 GB
[ 2439.8s] IOs:    643894560  IOPS:   263914  Throughput:  1030.9 MB/s  Total: 2456.26 GB
[ 2440.0s] IOs:    643995410  IOPS:   263932  Throughput:  1031.0 MB/s  Total: 2456.65 GB
[ 2440.5s] IOs:    644096044  IOPS:   263917  Throughput:  1030.9 MB/s  Total: 2457.03 GB
[ 2440.9s] IOs:    644196683  IOPS:   263920  Throughput:  1030.9 MB/s  Total: 2457.42 GB
[ 2441.4s] IOs:    644297548  IOPS:   263910  Throughput:  1030.9 MB/s  Total: 2457.80 GB
[ 2441.6s] IOs:    644398099  IOPS:   263926  Throughput:  1031.0 MB/s  Total: 2458.18 GB
[ 2441.9s] IOs:    644498558  IOPS:   263936  Throughput:  1031.0 MB/s  Total: 2458.57 GB
[ 2442.2s] IOs:    644598823  IOPS:   263937  Throughput:  1031.0 MB/s  Total: 2458.95 GB
[ 2442.5s] IOs:    644699706  IOPS:   263949  Throughput:  1031.1 MB/s  Total: 2459.33 GB
[ 2443.0s] IOs:    644800586  IOPS:   263934  Throughput:  1031.0 MB/s  Total: 2459.72 GB
[ 2443.3s] IOs:    644900997  IOPS:   263949  Throughput:  1031.1 MB/s  Total: 2460.10 GB
[ 2443.5s] IOs:    645001874  IOPS:   263966  Throughput:  1031.1 MB/s  Total: 2460.49 GB
[ 2443.9s] IOs:    645102409  IOPS:   263969  Throughput:  1031.1 MB/s  Total: 2460.87 GB
[ 2444.1s] IOs:    645202966  IOPS:   263987  Throughput:  1031.2 MB/s  Total: 2461.25 GB
[ 2444.4s] IOs:    645303207  IOPS:   263992  Throughput:  1031.2 MB/s  Total: 2461.64 GB
[ 2444.7s] IOs:    645403778  IOPS:   264003  Throughput:  1031.3 MB/s  Total: 2462.02 GB
[ 2445.0s] IOs:    645504148  IOPS:   264014  Throughput:  1031.3 MB/s  Total: 2462.40 GB
[ 2445.2s] IOs:    645605078  IOPS:   264031  Throughput:  1031.4 MB/s  Total: 2462.79 GB
[ 2445.5s] IOs:    645705706  IOPS:   264038  Throughput:  1031.4 MB/s  Total: 2463.17 GB
[ 2445.7s] IOs:    645805936  IOPS:   264054  Throughput:  1031.5 MB/s  Total: 2463.55 GB
[ 2446.0s] IOs:    645906243  IOPS:   264068  Throughput:  1031.5 MB/s  Total: 2463.94 GB
[ 2446.2s] IOs:    646006575  IOPS:   264083  Throughput:  1031.6 MB/s  Total: 2464.32 GB
[ 2446.5s] IOs:    646107098  IOPS:   264093  Throughput:  1031.6 MB/s  Total: 2464.70 GB
[ 2447.0s] IOs:    646207864  IOPS:   264086  Throughput:  1031.6 MB/s  Total: 2465.09 GB
[ 2447.2s] IOs:    646308869  IOPS:   264100  Throughput:  1031.6 MB/s  Total: 2465.47 GB
[ 2447.5s] IOs:    646409649  IOPS:   264107  Throughput:  1031.7 MB/s  Total: 2465.86 GB
[ 2448.0s] IOs:    646510442  IOPS:   264095  Throughput:  1031.6 MB/s  Total: 2466.24 GB
[ 2448.3s] IOs:    646610622  IOPS:   264101  Throughput:  1031.6 MB/s  Total: 2466.62 GB
[ 2448.6s] IOs:    646711136  IOPS:   264112  Throughput:  1031.7 MB/s  Total: 2467.01 GB
[ 2449.1s] IOs:    646811638  IOPS:   264100  Throughput:  1031.6 MB/s  Total: 2467.39 GB
[ 2449.6s] IOs:    646912345  IOPS:   264086  Throughput:  1031.6 MB/s  Total: 2467.77 GB
[ 2450.0s] IOs:    647013065  IOPS:   264090  Throughput:  1031.6 MB/s  Total: 2468.16 GB
[ 2450.5s] IOs:    647113492  IOPS:   264073  Throughput:  1031.5 MB/s  Total: 2468.54 GB
[ 2450.9s] IOs:    647214502  IOPS:   264076  Throughput:  1031.5 MB/s  Total: 2468.93 GB
[ 2451.1s] IOs:    647314832  IOPS:   264091  Throughput:  1031.6 MB/s  Total: 2469.31 GB
[ 2451.6s] IOs:    647415449  IOPS:   264076  Throughput:  1031.5 MB/s  Total: 2469.69 GB
[ 2451.9s] IOs:    647516157  IOPS:   264083  Throughput:  1031.6 MB/s  Total: 2470.08 GB
[ 2452.4s] IOs:    647616777  IOPS:   264080  Throughput:  1031.6 MB/s  Total: 2470.46 GB
[ 2452.6s] IOs:    647716907  IOPS:   264095  Throughput:  1031.6 MB/s  Total: 2470.84 GB
[ 2453.1s] IOs:    647817552  IOPS:   264080  Throughput:  1031.6 MB/s  Total: 2471.23 GB
[ 2453.4s] IOs:    647917665  IOPS:   264093  Throughput:  1031.6 MB/s  Total: 2471.61 GB
[ 2453.8s] IOs:    648018112  IOPS:   264092  Throughput:  1031.6 MB/s  Total: 2471.99 GB
[ 2454.0s] IOs:    648118768  IOPS:   264106  Throughput:  1031.7 MB/s  Total: 2472.38 GB
[ 2454.4s] IOs:    648219212  IOPS:   264110  Throughput:  1031.7 MB/s  Total: 2472.76 GB
[ 2454.8s] IOs:    648319839  IOPS:   264100  Throughput:  1031.6 MB/s  Total: 2473.14 GB
[ 2455.2s] IOs:    648420325  IOPS:   264099  Throughput:  1031.6 MB/s  Total: 2473.53 GB
[ 2455.8s] IOs:    648521230  IOPS:   264078  Throughput:  1031.6 MB/s  Total: 2473.91 GB
[ 2456.0s] IOs:    648621750  IOPS:   264092  Throughput:  1031.6 MB/s  Total: 2474.30 GB
[ 2456.6s] IOs:    648722452  IOPS:   264072  Throughput:  1031.5 MB/s  Total: 2474.68 GB
[ 2457.1s] IOs:    648823085  IOPS:   264065  Throughput:  1031.5 MB/s  Total: 2475.06 GB
[ 2457.4s] IOs:    648923993  IOPS:   264068  Throughput:  1031.5 MB/s  Total: 2475.45 GB
[ 2457.9s] IOs:    649024746  IOPS:   264060  Throughput:  1031.5 MB/s  Total: 2475.83 GB
[ 2458.2s] IOs:    649125715  IOPS:   264068  Throughput:  1031.5 MB/s  Total: 2476.22 GB
[ 2458.5s] IOs:    649225744  IOPS:   264073  Throughput:  1031.5 MB/s  Total: 2476.60 GB
[ 2459.0s] IOs:    649326411  IOPS:   264065  Throughput:  1031.5 MB/s  Total: 2476.98 GB
[ 2459.2s] IOs:    649426684  IOPS:   264076  Throughput:  1031.5 MB/s  Total: 2477.37 GB
[ 2459.5s] IOs:    649527254  IOPS:   264087  Throughput:  1031.6 MB/s  Total: 2477.75 GB
[ 2460.0s] IOs:    649627801  IOPS:   264072  Throughput:  1031.5 MB/s  Total: 2478.13 GB
[ 2460.3s] IOs:    649728441  IOPS:   264089  Throughput:  1031.6 MB/s  Total: 2478.52 GB
[ 2460.6s] IOs:    649829266  IOPS:   264099  Throughput:  1031.6 MB/s  Total: 2478.90 GB
[ 2460.9s] IOs:    649929968  IOPS:   264099  Throughput:  1031.6 MB/s  Total: 2479.29 GB
[ 2461.1s] IOs:    650030679  IOPS:   264117  Throughput:  1031.7 MB/s  Total: 2479.67 GB
[ 2461.5s] IOs:    650130941  IOPS:   264118  Throughput:  1031.7 MB/s  Total: 2480.05 GB
[ 2461.7s] IOs:    650231163  IOPS:   264135  Throughput:  1031.8 MB/s  Total: 2480.44 GB
[ 2462.1s] IOs:    650331412  IOPS:   264136  Throughput:  1031.8 MB/s  Total: 2480.82 GB
[ 2462.6s] IOs:    650432405  IOPS:   264123  Throughput:  1031.7 MB/s  Total: 2481.20 GB
[ 2462.9s] IOs:    650532977  IOPS:   264128  Throughput:  1031.8 MB/s  Total: 2481.59 GB
[Reader] Parsed 85000000 lines, distributed 650631710 writes, unique 705.26 GB, skipped 0
[ 2463.4s] IOs:    650634009  IOPS:   264122  Throughput:  1031.7 MB/s  Total: 2481.97 GB
[ 2463.6s] IOs:    650734325  IOPS:   264136  Throughput:  1031.8 MB/s  Total: 2482.35 GB
[ 2464.2s] IOs:    650834665  IOPS:   264117  Throughput:  1031.7 MB/s  Total: 2482.74 GB
[ 2464.5s] IOs:    650934827  IOPS:   264128  Throughput:  1031.8 MB/s  Total: 2483.12 GB
[ 2465.0s] IOs:    651035647  IOPS:   264115  Throughput:  1031.7 MB/s  Total: 2483.50 GB
[ 2465.3s] IOs:    651136178  IOPS:   264116  Throughput:  1031.7 MB/s  Total: 2483.89 GB
[ 2465.6s] IOs:    651236740  IOPS:   264132  Throughput:  1031.8 MB/s  Total: 2484.27 GB
[ 2466.1s] IOs:    651337323  IOPS:   264119  Throughput:  1031.7 MB/s  Total: 2484.65 GB
[ 2466.5s] IOs:    651437938  IOPS:   264119  Throughput:  1031.7 MB/s  Total: 2485.04 GB
[ 2466.7s] IOs:    651538942  IOPS:   264133  Throughput:  1031.8 MB/s  Total: 2485.42 GB
[ 2467.1s] IOs:    651639340  IOPS:   264133  Throughput:  1031.8 MB/s  Total: 2485.81 GB
[ 2467.6s] IOs:    651740317  IOPS:   264124  Throughput:  1031.7 MB/s  Total: 2486.19 GB
[ 2467.9s] IOs:    651840955  IOPS:   264130  Throughput:  1031.8 MB/s  Total: 2486.58 GB
[ 2468.1s] IOs:    651941495  IOPS:   264147  Throughput:  1031.8 MB/s  Total: 2486.96 GB
[ 2468.8s] IOs:    652042317  IOPS:   264113  Throughput:  1031.7 MB/s  Total: 2487.34 GB
[ 2469.4s] IOs:    652142448  IOPS:   264094  Throughput:  1031.6 MB/s  Total: 2487.73 GB
[ 2469.9s] IOs:    652242752  IOPS:   264071  Throughput:  1031.5 MB/s  Total: 2488.11 GB
[ 2470.5s] IOs:    652343364  IOPS:   264053  Throughput:  1031.5 MB/s  Total: 2488.49 GB
[ 2470.9s] IOs:    652444299  IOPS:   264047  Throughput:  1031.4 MB/s  Total: 2488.88 GB
[ 2471.5s] IOs:    652544970  IOPS:   264032  Throughput:  1031.4 MB/s  Total: 2489.26 GB
[ 2472.0s] IOs:    652645637  IOPS:   264016  Throughput:  1031.3 MB/s  Total: 2489.65 GB
[ 2473.4s] IOs:    652746575  IOPS:   263902  Throughput:  1030.9 MB/s  Total: 2490.03 GB
[ 2474.4s] IOs:    652847218  IOPS:   263837  Throughput:  1030.6 MB/s  Total: 2490.41 GB
[ 2475.5s] IOs:    652948004  IOPS:   263762  Throughput:  1030.3 MB/s  Total: 2490.80 GB
[ 2476.5s] IOs:    653048743  IOPS:   263694  Throughput:  1030.1 MB/s  Total: 2491.18 GB
[ 2477.4s] IOs:    653149689  IOPS:   263640  Throughput:  1029.8 MB/s  Total: 2491.57 GB
[ 2478.1s] IOs:    653250400  IOPS:   263611  Throughput:  1029.7 MB/s  Total: 2491.95 GB
[ 2479.0s] IOs:    653351117  IOPS:   263559  Throughput:  1029.5 MB/s  Total: 2492.34 GB
[ 2479.6s] IOs:    653451902  IOPS:   263534  Throughput:  1029.4 MB/s  Total: 2492.72 GB
[ 2480.1s] IOs:    653552626  IOPS:   263520  Throughput:  1029.4 MB/s  Total: 2493.11 GB
[ 2480.7s] IOs:    653653319  IOPS:   263498  Throughput:  1029.3 MB/s  Total: 2493.49 GB
[ 2481.5s] IOs:    653753822  IOPS:   263454  Throughput:  1029.1 MB/s  Total: 2493.87 GB
[ 2482.1s] IOs:    653854510  IOPS:   263428  Throughput:  1029.0 MB/s  Total: 2494.26 GB
[ 2482.6s] IOs:    653955062  IOPS:   263413  Throughput:  1029.0 MB/s  Total: 2494.64 GB
[ 2483.1s] IOs:    654055307  IOPS:   263398  Throughput:  1028.9 MB/s  Total: 2495.02 GB
[ 2483.6s] IOs:    654155342  IOPS:   263392  Throughput:  1028.9 MB/s  Total: 2495.40 GB
[ 2484.1s] IOs:    654255637  IOPS:   263378  Throughput:  1028.8 MB/s  Total: 2495.79 GB
[ 2484.6s] IOs:    654356497  IOPS:   263365  Throughput:  1028.8 MB/s  Total: 2496.17 GB
[ 2485.1s] IOs:    654456936  IOPS:   263351  Throughput:  1028.7 MB/s  Total: 2496.56 GB
[ 2485.5s] IOs:    654557471  IOPS:   263356  Throughput:  1028.7 MB/s  Total: 2496.94 GB
[ 2485.8s] IOs:    654658145  IOPS:   263359  Throughput:  1028.7 MB/s  Total: 2497.32 GB
[ 2486.2s] IOs:    654758869  IOPS:   263358  Throughput:  1028.7 MB/s  Total: 2497.71 GB
[ 2486.7s] IOs:    654859464  IOPS:   263347  Throughput:  1028.7 MB/s  Total: 2498.09 GB
[ 2487.2s] IOs:    654959626  IOPS:   263334  Throughput:  1028.6 MB/s  Total: 2498.47 GB
[ 2487.7s] IOs:    655060452  IOPS:   263319  Throughput:  1028.6 MB/s  Total: 2498.86 GB
[ 2488.0s] IOs:    655160819  IOPS:   263328  Throughput:  1028.6 MB/s  Total: 2499.24 GB
[ 2488.3s] IOs:    655261222  IOPS:   263340  Throughput:  1028.7 MB/s  Total: 2499.62 GB
[ 2488.8s] IOs:    655361271  IOPS:   263326  Throughput:  1028.6 MB/s  Total: 2500.00 GB
[ 2489.1s] IOs:    655461411  IOPS:   263333  Throughput:  1028.6 MB/s  Total: 2500.39 GB
[ 2489.7s] IOs:    655561528  IOPS:   263313  Throughput:  1028.6 MB/s  Total: 2500.77 GB
[ 2490.0s] IOs:    655662284  IOPS:   263322  Throughput:  1028.6 MB/s  Total: 2501.15 GB
[ 2490.3s] IOs:    655763059  IOPS:   263328  Throughput:  1028.6 MB/s  Total: 2501.54 GB
[ 2490.7s] IOs:    655863599  IOPS:   263329  Throughput:  1028.6 MB/s  Total: 2501.92 GB
[ 2491.0s] IOs:    655964616  IOPS:   263329  Throughput:  1028.6 MB/s  Total: 2502.31 GB
[ 2491.5s] IOs:    656065244  IOPS:   263323  Throughput:  1028.6 MB/s  Total: 2502.69 GB
[ 2491.8s] IOs:    656165572  IOPS:   263328  Throughput:  1028.6 MB/s  Total: 2503.07 GB
[ 2492.1s] IOs:    656265867  IOPS:   263341  Throughput:  1028.7 MB/s  Total: 2503.46 GB
[ 2492.6s] IOs:    656366423  IOPS:   263326  Throughput:  1028.6 MB/s  Total: 2503.84 GB
[ 2492.9s] IOs:    656466911  IOPS:   263329  Throughput:  1028.6 MB/s  Total: 2504.22 GB
[ 2493.2s] IOs:    656567402  IOPS:   263346  Throughput:  1028.7 MB/s  Total: 2504.61 GB
[ 2493.7s] IOs:    656667944  IOPS:   263334  Throughput:  1028.6 MB/s  Total: 2504.99 GB
[ 2494.0s] IOs:    656768439  IOPS:   263340  Throughput:  1028.7 MB/s  Total: 2505.37 GB
[ 2494.2s] IOs:    656869212  IOPS:   263357  Throughput:  1028.7 MB/s  Total: 2505.76 GB
[ 2494.6s] IOs:    656969947  IOPS:   263354  Throughput:  1028.7 MB/s  Total: 2506.14 GB
[ 2495.0s] IOs:    657070579  IOPS:   263358  Throughput:  1028.7 MB/s  Total: 2506.53 GB
[ 2495.3s] IOs:    657171045  IOPS:   263367  Throughput:  1028.8 MB/s  Total: 2506.91 GB
[ 2495.6s] IOs:    657271073  IOPS:   263371  Throughput:  1028.8 MB/s  Total: 2507.29 GB
[ 2496.0s] IOs:    657371074  IOPS:   263375  Throughput:  1028.8 MB/s  Total: 2507.67 GB
[ 2496.3s] IOs:    657472025  IOPS:   263381  Throughput:  1028.8 MB/s  Total: 2508.06 GB
[ 2496.5s] IOs:    657572130  IOPS:   263395  Throughput:  1028.9 MB/s  Total: 2508.44 GB
[ 2500.0s] IOs:    657672837  IOPS:   263064  Throughput:  1027.6 MB/s  Total: 2508.82 GB
[ 2500.6s] IOs:    657773694  IOPS:   263049  Throughput:  1027.5 MB/s  Total: 2509.21 GB
[ 2501.1s] IOs:    657874638  IOPS:   263030  Throughput:  1027.5 MB/s  Total: 2509.59 GB
[ 2501.6s] IOs:    657975320  IOPS:   263023  Throughput:  1027.4 MB/s  Total: 2509.98 GB
[ 2502.1s] IOs:    658075334  IOPS:   263011  Throughput:  1027.4 MB/s  Total: 2510.36 GB
[ 2502.5s] IOs:    658176216  IOPS:   263004  Throughput:  1027.4 MB/s  Total: 2510.74 GB
[ 2503.0s] IOs:    658276656  IOPS:   262992  Throughput:  1027.3 MB/s  Total: 2511.13 GB
[ 2503.4s] IOs:    658376858  IOPS:   262988  Throughput:  1027.3 MB/s  Total: 2511.51 GB
[ 2503.7s] IOs:    658477308  IOPS:   263001  Throughput:  1027.3 MB/s  Total: 2511.89 GB
[ 2504.1s] IOs:    658577620  IOPS:   263003  Throughput:  1027.4 MB/s  Total: 2512.27 GB
[ 2504.6s] IOs:    658678536  IOPS:   262993  Throughput:  1027.3 MB/s  Total: 2512.66 GB
[ 2505.1s] IOs:    658779523  IOPS:   262979  Throughput:  1027.3 MB/s  Total: 2513.04 GB
[ 2505.3s] IOs:    658880048  IOPS:   262991  Throughput:  1027.3 MB/s  Total: 2513.43 GB
[ 2505.6s] IOs:    658980585  IOPS:   263001  Throughput:  1027.3 MB/s  Total: 2513.81 GB
[ 2506.1s] IOs:    659081296  IOPS:   262995  Throughput:  1027.3 MB/s  Total: 2514.20 GB
[ 2506.4s] IOs:    659181385  IOPS:   262999  Throughput:  1027.3 MB/s  Total: 2514.58 GB
[ 2506.7s] IOs:    659282193  IOPS:   263011  Throughput:  1027.4 MB/s  Total: 2514.96 GB
[ 2507.0s] IOs:    659382918  IOPS:   263013  Throughput:  1027.4 MB/s  Total: 2515.35 GB
[ 2507.4s] IOs:    659483496  IOPS:   263015  Throughput:  1027.4 MB/s  Total: 2515.73 GB
[ 2507.6s] IOs:    659584145  IOPS:   263031  Throughput:  1027.5 MB/s  Total: 2516.11 GB
[ 2508.0s] IOs:    659684518  IOPS:   263034  Throughput:  1027.5 MB/s  Total: 2516.50 GB
[ 2508.4s] IOs:    659785077  IOPS:   263035  Throughput:  1027.5 MB/s  Total: 2516.88 GB
[ 2508.7s] IOs:    659885417  IOPS:   263039  Throughput:  1027.5 MB/s  Total: 2517.26 GB
[ 2509.0s] IOs:    659985503  IOPS:   263051  Throughput:  1027.5 MB/s  Total: 2517.64 GB
[ 2509.3s] IOs:    660086242  IOPS:   263061  Throughput:  1027.6 MB/s  Total: 2518.03 GB
[ 2509.6s] IOs:    660186511  IOPS:   263063  Throughput:  1027.6 MB/s  Total: 2518.41 GB
[ 2510.0s] IOs:    660287238  IOPS:   263065  Throughput:  1027.6 MB/s  Total: 2518.80 GB
[ 2510.2s] IOs:    660388166  IOPS:   263080  Throughput:  1027.7 MB/s  Total: 2519.18 GB
[ 2510.6s] IOs:    660488842  IOPS:   263080  Throughput:  1027.7 MB/s  Total: 2519.56 GB
[ 2510.9s] IOs:    660589341  IOPS:   263091  Throughput:  1027.7 MB/s  Total: 2519.95 GB
[ 2511.1s] IOs:    660690375  IOPS:   263108  Throughput:  1027.8 MB/s  Total: 2520.33 GB
[ 2511.4s] IOs:    660790672  IOPS:   263112  Throughput:  1027.8 MB/s  Total: 2520.72 GB
[ 2511.7s] IOs:    660891632  IOPS:   263121  Throughput:  1027.8 MB/s  Total: 2521.10 GB
[ 2512.2s] IOs:    660992052  IOPS:   263117  Throughput:  1027.8 MB/s  Total: 2521.48 GB
[ 2512.5s] IOs:    661092841  IOPS:   263127  Throughput:  1027.8 MB/s  Total: 2521.87 GB
[ 2512.9s] IOs:    661193194  IOPS:   263119  Throughput:  1027.8 MB/s  Total: 2522.25 GB
[Reader] Parsed 86000000 lines, distributed 661201200 writes, unique 708.40 GB, skipped 0
[ 2513.2s] IOs:    661293870  IOPS:   263123  Throughput:  1027.8 MB/s  Total: 2522.64 GB
[ 2513.6s] IOs:    661394440  IOPS:   263123  Throughput:  1027.8 MB/s  Total: 2523.02 GB
[ 2514.1s] IOs:    661494752  IOPS:   263113  Throughput:  1027.8 MB/s  Total: 2523.40 GB
[ 2514.5s] IOs:    661595149  IOPS:   263117  Throughput:  1027.8 MB/s  Total: 2523.79 GB
[ 2514.8s] IOs:    661696147  IOPS:   263121  Throughput:  1027.8 MB/s  Total: 2524.17 GB
[ 2515.2s] IOs:    661796814  IOPS:   263114  Throughput:  1027.8 MB/s  Total: 2524.55 GB
[ 2515.6s] IOs:    661897328  IOPS:   263112  Throughput:  1027.8 MB/s  Total: 2524.94 GB
[ 2516.0s] IOs:    661998220  IOPS:   263116  Throughput:  1027.8 MB/s  Total: 2525.32 GB
[ 2516.4s] IOs:    662098704  IOPS:   263116  Throughput:  1027.8 MB/s  Total: 2525.71 GB
[ 2516.7s] IOs:    662199167  IOPS:   263125  Throughput:  1027.8 MB/s  Total: 2526.09 GB
[ 2517.1s] IOs:    662299695  IOPS:   263122  Throughput:  1027.8 MB/s  Total: 2526.47 GB
[ 2517.5s] IOs:    662400344  IOPS:   263121  Throughput:  1027.8 MB/s  Total: 2526.86 GB
[ 2517.7s] IOs:    662501122  IOPS:   263133  Throughput:  1027.9 MB/s  Total: 2527.24 GB
[ 2518.1s] IOs:    662601921  IOPS:   263134  Throughput:  1027.9 MB/s  Total: 2527.63 GB
[ 2518.4s] IOs:    662702712  IOPS:   263142  Throughput:  1027.9 MB/s  Total: 2528.01 GB
[ 2518.7s] IOs:    662803478  IOPS:   263157  Throughput:  1028.0 MB/s  Total: 2528.39 GB
[ 2521.4s] IOs:    662904103  IOPS:   262914  Throughput:  1027.0 MB/s  Total: 2528.78 GB
[ 2521.6s] IOs:    663004331  IOPS:   262927  Throughput:  1027.1 MB/s  Total: 2529.16 GB
[ 2521.8s] IOs:    663104886  IOPS:   262944  Throughput:  1027.1 MB/s  Total: 2529.54 GB
[ 2522.2s] IOs:    663204946  IOPS:   262946  Throughput:  1027.1 MB/s  Total: 2529.93 GB
[ 2522.8s] IOs:    663305066  IOPS:   262927  Throughput:  1027.1 MB/s  Total: 2530.31 GB
[ 2523.3s] IOs:    663405799  IOPS:   262915  Throughput:  1027.0 MB/s  Total: 2530.69 GB
[ 2523.8s] IOs:    663506216  IOPS:   262900  Throughput:  1027.0 MB/s  Total: 2531.08 GB
[ 2524.3s] IOs:    663607131  IOPS:   262889  Throughput:  1026.9 MB/s  Total: 2531.46 GB
[ 2524.7s] IOs:    663707859  IOPS:   262885  Throughput:  1026.9 MB/s  Total: 2531.84 GB
[ 2525.0s] IOs:    663808469  IOPS:   262898  Throughput:  1026.9 MB/s  Total: 2532.23 GB
[ 2525.6s] IOs:    663909437  IOPS:   262876  Throughput:  1026.9 MB/s  Total: 2532.61 GB
[ 2525.8s] IOs:    664010228  IOPS:   262887  Throughput:  1026.9 MB/s  Total: 2533.00 GB
[ 2531.9s] IOs:    664111240  IOPS:   262295  Throughput:  1024.6 MB/s  Total: 2533.38 GB
[ 2532.2s] IOs:    664211558  IOPS:   262301  Throughput:  1024.6 MB/s  Total: 2533.77 GB
[ 2532.7s] IOs:    664312146  IOPS:   262295  Throughput:  1024.6 MB/s  Total: 2534.15 GB
[ 2532.9s] IOs:    664412232  IOPS:   262308  Throughput:  1024.6 MB/s  Total: 2534.53 GB
[ 2533.5s] IOs:    664512978  IOPS:   262292  Throughput:  1024.6 MB/s  Total: 2534.92 GB
[ 2533.8s] IOs:    664613351  IOPS:   262304  Throughput:  1024.6 MB/s  Total: 2535.30 GB
[ 2534.0s] IOs:    664713507  IOPS:   262316  Throughput:  1024.7 MB/s  Total: 2535.68 GB
[ 2534.5s] IOs:    664814328  IOPS:   262310  Throughput:  1024.6 MB/s  Total: 2536.07 GB
[ 2534.8s] IOs:    664914719  IOPS:   262318  Throughput:  1024.7 MB/s  Total: 2536.45 GB
[ 2535.0s] IOs:    665015444  IOPS:   262332  Throughput:  1024.7 MB/s  Total: 2536.83 GB
[ 2535.3s] IOs:    665116133  IOPS:   262337  Throughput:  1024.8 MB/s  Total: 2537.22 GB
[ 2535.6s] IOs:    665216935  IOPS:   262353  Throughput:  1024.8 MB/s  Total: 2537.60 GB
[ 2535.9s] IOs:    665317639  IOPS:   262361  Throughput:  1024.8 MB/s  Total: 2537.99 GB
[ 2536.2s] IOs:    665418346  IOPS:   262367  Throughput:  1024.9 MB/s  Total: 2538.37 GB
[ 2536.5s] IOs:    665519046  IOPS:   262379  Throughput:  1024.9 MB/s  Total: 2538.75 GB
[ 2536.8s] IOs:    665619291  IOPS:   262386  Throughput:  1024.9 MB/s  Total: 2539.14 GB
[ 2537.1s] IOs:    665719880  IOPS:   262398  Throughput:  1025.0 MB/s  Total: 2539.52 GB
[ 2537.4s] IOs:    665820370  IOPS:   262399  Throughput:  1025.0 MB/s  Total: 2539.90 GB
[ 2537.7s] IOs:    665921220  IOPS:   262415  Throughput:  1025.1 MB/s  Total: 2540.29 GB
[ 2538.0s] IOs:    666021959  IOPS:   262418  Throughput:  1025.1 MB/s  Total: 2540.67 GB
[ 2538.3s] IOs:    666122510  IOPS:   262431  Throughput:  1025.1 MB/s  Total: 2541.06 GB
[ 2538.5s] IOs:    666222827  IOPS:   262448  Throughput:  1025.2 MB/s  Total: 2541.44 GB
[ 2539.0s] IOs:    666323344  IOPS:   262431  Throughput:  1025.1 MB/s  Total: 2541.82 GB
[ 2550.2s] IOs:    666423419  IOPS:   261320  Throughput:  1020.8 MB/s  Total: 2542.20 GB
[ 2556.7s] IOs:    666523840  IOPS:   260695  Throughput:  1018.3 MB/s  Total: 2542.59 GB
[ 2560.3s] IOs:    666623990  IOPS:   260369  Throughput:  1017.1 MB/s  Total: 2542.97 GB
[ 2563.3s] IOs:    666724980  IOPS:   260104  Throughput:  1016.0 MB/s  Total: 2543.35 GB
[ 2565.3s] IOs:    666825941  IOPS:   259937  Throughput:  1015.4 MB/s  Total: 2543.74 GB
[ 2567.4s] IOs:    666926042  IOPS:   259771  Throughput:  1014.7 MB/s  Total: 2544.12 GB
[ 2568.9s] IOs:    667026934  IOPS:   259655  Throughput:  1014.3 MB/s  Total: 2544.51 GB
[ 2570.4s] IOs:    667127057  IOPS:   259546  Throughput:  1013.9 MB/s  Total: 2544.89 GB
[ 2571.3s] IOs:    667227531  IOPS:   259486  Throughput:  1013.6 MB/s  Total: 2545.27 GB
[ 2572.4s] IOs:    667328217  IOPS:   259418  Throughput:  1013.4 MB/s  Total: 2545.66 GB
[ 2573.5s] IOs:    667428953  IOPS:   259348  Throughput:  1013.1 MB/s  Total: 2546.04 GB
[ 2574.4s] IOs:    667529930  IOPS:   259298  Throughput:  1012.9 MB/s  Total: 2546.42 GB
[ 2575.3s] IOs:    667629934  IOPS:   259239  Throughput:  1012.7 MB/s  Total: 2546.81 GB
[ 2575.9s] IOs:    667730914  IOPS:   259227  Throughput:  1012.6 MB/s  Total: 2547.19 GB
[ 2576.8s] IOs:    667831850  IOPS:   259174  Throughput:  1012.4 MB/s  Total: 2547.58 GB
[ 2577.4s] IOs:    667932527  IOPS:   259152  Throughput:  1012.3 MB/s  Total: 2547.96 GB
[ 2578.0s] IOs:    668032887  IOPS:   259124  Throughput:  1012.2 MB/s  Total: 2548.34 GB
[ 2578.8s] IOs:    668133518  IOPS:   259091  Throughput:  1012.1 MB/s  Total: 2548.73 GB
[ 2579.4s] IOs:    668234177  IOPS:   259067  Throughput:  1012.0 MB/s  Total: 2549.11 GB
[ 2579.9s] IOs:    668334718  IOPS:   259054  Throughput:  1011.9 MB/s  Total: 2549.49 GB
[ 2580.6s] IOs:    668435260  IOPS:   259019  Throughput:  1011.8 MB/s  Total: 2549.88 GB
[ 2581.0s] IOs:    668535885  IOPS:   259022  Throughput:  1011.8 MB/s  Total: 2550.26 GB
[ 2581.6s] IOs:    668636494  IOPS:   259000  Throughput:  1011.7 MB/s  Total: 2550.65 GB
[ 2582.0s] IOs:    668737279  IOPS:   258999  Throughput:  1011.7 MB/s  Total: 2551.03 GB
[ 2582.7s] IOs:    668837901  IOPS:   258973  Throughput:  1011.6 MB/s  Total: 2551.41 GB
[ 2583.1s] IOs:    668938508  IOPS:   258965  Throughput:  1011.6 MB/s  Total: 2551.80 GB
[ 2583.7s] IOs:    669039193  IOPS:   258948  Throughput:  1011.5 MB/s  Total: 2552.18 GB
[ 2584.1s] IOs:    669139724  IOPS:   258946  Throughput:  1011.5 MB/s  Total: 2552.57 GB
[ 2584.7s] IOs:    669240414  IOPS:   258922  Throughput:  1011.4 MB/s  Total: 2552.95 GB
[ 2585.1s] IOs:    669341178  IOPS:   258924  Throughput:  1011.4 MB/s  Total: 2553.33 GB
[ 2585.6s] IOs:    669441384  IOPS:   258915  Throughput:  1011.4 MB/s  Total: 2553.72 GB
[ 2586.2s] IOs:    669541962  IOPS:   258895  Throughput:  1011.3 MB/s  Total: 2554.10 GB
[ 2586.6s] IOs:    669642362  IOPS:   258886  Throughput:  1011.3 MB/s  Total: 2554.48 GB
[ 2587.2s] IOs:    669743365  IOPS:   258866  Throughput:  1011.2 MB/s  Total: 2554.87 GB
[ 2587.7s] IOs:    669844340  IOPS:   258860  Throughput:  1011.2 MB/s  Total: 2555.25 GB
[ 2588.1s] IOs:    669944650  IOPS:   258854  Throughput:  1011.1 MB/s  Total: 2555.64 GB
[ 2588.7s] IOs:    670044942  IOPS:   258839  Throughput:  1011.1 MB/s  Total: 2556.02 GB
[ 2589.1s] IOs:    670145015  IOPS:   258833  Throughput:  1011.1 MB/s  Total: 2556.40 GB
[ 2589.6s] IOs:    670245863  IOPS:   258824  Throughput:  1011.0 MB/s  Total: 2556.79 GB
[ 2589.9s] IOs:    670345872  IOPS:   258827  Throughput:  1011.0 MB/s  Total: 2557.17 GB
[ 2590.5s] IOs:    670446219  IOPS:   258813  Throughput:  1011.0 MB/s  Total: 2557.55 GB
[ 2590.7s] IOs:    670546614  IOPS:   258827  Throughput:  1011.0 MB/s  Total: 2557.93 GB
[ 2591.3s] IOs:    670647282  IOPS:   258806  Throughput:  1011.0 MB/s  Total: 2558.32 GB
[ 2591.5s] IOs:    670748063  IOPS:   258823  Throughput:  1011.0 MB/s  Total: 2558.70 GB
[ 2592.1s] IOs:    670848977  IOPS:   258806  Throughput:  1011.0 MB/s  Total: 2559.09 GB
[ 2592.3s] IOs:    670949706  IOPS:   258823  Throughput:  1011.0 MB/s  Total: 2559.47 GB
[ 2592.6s] IOs:    671050283  IOPS:   258835  Throughput:  1011.1 MB/s  Total: 2559.85 GB
[ 2593.0s] IOs:    671150804  IOPS:   258835  Throughput:  1011.1 MB/s  Total: 2560.24 GB
[ 2593.3s] IOs:    671251340  IOPS:   258845  Throughput:  1011.1 MB/s  Total: 2560.62 GB
[ 2593.7s] IOs:    671351664  IOPS:   258842  Throughput:  1011.1 MB/s  Total: 2561.00 GB
[ 2593.9s] IOs:    671451902  IOPS:   258857  Throughput:  1011.2 MB/s  Total: 2561.39 GB
[ 2594.2s] IOs:    671552329  IOPS:   258867  Throughput:  1011.2 MB/s  Total: 2561.77 GB
[ 2594.5s] IOs:    671652653  IOPS:   258874  Throughput:  1011.2 MB/s  Total: 2562.15 GB
[ 2594.8s] IOs:    671753128  IOPS:   258888  Throughput:  1011.3 MB/s  Total: 2562.53 GB
[ 2595.1s] IOs:    671853828  IOPS:   258897  Throughput:  1011.3 MB/s  Total: 2562.92 GB
[ 2595.3s] IOs:    671954517  IOPS:   258912  Throughput:  1011.4 MB/s  Total: 2563.30 GB
[ 2595.6s] IOs:    672055108  IOPS:   258918  Throughput:  1011.4 MB/s  Total: 2563.69 GB
[ 2595.9s] IOs:    672155489  IOPS:   258929  Throughput:  1011.4 MB/s  Total: 2564.07 GB
[ 2596.6s] IOs:    672255880  IOPS:   258903  Throughput:  1011.3 MB/s  Total: 2564.45 GB
[ 2597.4s] IOs:    672356423  IOPS:   258855  Throughput:  1011.2 MB/s  Total: 2564.84 GB
[ 2598.1s] IOs:    672457136  IOPS:   258830  Throughput:  1011.1 MB/s  Total: 2565.22 GB
[ 2598.6s] IOs:    672557998  IOPS:   258818  Throughput:  1011.0 MB/s  Total: 2565.61 GB
[ 2599.5s] IOs:    672658793  IOPS:   258766  Throughput:  1010.8 MB/s  Total: 2565.99 GB
[Reader] Parsed 87000000 lines, distributed 672731097 writes, unique 713.28 GB, skipped 0
[ 2600.2s] IOs:    672759599  IOPS:   258737  Throughput:  1010.7 MB/s  Total: 2566.37 GB
[ 2600.9s] IOs:    672860355  IOPS:   258703  Throughput:  1010.6 MB/s  Total: 2566.76 GB
[ 2601.7s] IOs:    672961090  IOPS:   258666  Throughput:  1010.4 MB/s  Total: 2567.14 GB
[ 2602.6s] IOs:    673061838  IOPS:   258610  Throughput:  1010.2 MB/s  Total: 2567.53 GB
[ 2603.6s] IOs:    673162487  IOPS:   258554  Throughput:  1010.0 MB/s  Total: 2567.91 GB
[ 2604.2s] IOs:    673263272  IOPS:   258533  Throughput:  1009.9 MB/s  Total: 2568.30 GB
[ 2605.1s] IOs:    673364239  IOPS:   258477  Throughput:  1009.7 MB/s  Total: 2568.68 GB
[ 2605.7s] IOs:    673465076  IOPS:   258454  Throughput:  1009.6 MB/s  Total: 2569.07 GB
[ 2606.3s] IOs:    673565779  IOPS:   258441  Throughput:  1009.5 MB/s  Total: 2569.45 GB
[ 2607.1s] IOs:    673666474  IOPS:   258401  Throughput:  1009.4 MB/s  Total: 2569.83 GB
[ 2607.6s] IOs:    673767043  IOPS:   258382  Throughput:  1009.3 MB/s  Total: 2570.22 GB
[ 2608.1s] IOs:    673867381  IOPS:   258373  Throughput:  1009.3 MB/s  Total: 2570.60 GB
[ 2608.7s] IOs:    673968069  IOPS:   258349  Throughput:  1009.2 MB/s  Total: 2570.98 GB
[ 2609.2s] IOs:    674068844  IOPS:   258346  Throughput:  1009.2 MB/s  Total: 2571.37 GB
[ 2609.9s] IOs:    674169518  IOPS:   258313  Throughput:  1009.0 MB/s  Total: 2571.75 GB
[ 2610.3s] IOs:    674270157  IOPS:   258314  Throughput:  1009.0 MB/s  Total: 2572.14 GB
[ 2610.6s] IOs:    674370294  IOPS:   258323  Throughput:  1009.1 MB/s  Total: 2572.52 GB
[ 2610.9s] IOs:    674471117  IOPS:   258333  Throughput:  1009.1 MB/s  Total: 2572.90 GB
[ 2611.1s] IOs:    674571760  IOPS:   258344  Throughput:  1009.2 MB/s  Total: 2573.29 GB
[ 2611.6s] IOs:    674672292  IOPS:   258340  Throughput:  1009.1 MB/s  Total: 2573.67 GB
[ 2612.0s] IOs:    674772872  IOPS:   258337  Throughput:  1009.1 MB/s  Total: 2574.05 GB
[ 2612.4s] IOs:    674873354  IOPS:   258334  Throughput:  1009.1 MB/s  Total: 2574.44 GB
[ 2612.7s] IOs:    674974136  IOPS:   258342  Throughput:  1009.1 MB/s  Total: 2574.82 GB
[ 2613.3s] IOs:    675075002  IOPS:   258326  Throughput:  1009.1 MB/s  Total: 2575.21 GB
[ 2613.8s] IOs:    675175945  IOPS:   258314  Throughput:  1009.0 MB/s  Total: 2575.59 GB
[ 2614.2s] IOs:    675276763  IOPS:   258311  Throughput:  1009.0 MB/s  Total: 2575.98 GB
[ 2614.8s] IOs:    675377471  IOPS:   258293  Throughput:  1009.0 MB/s  Total: 2576.36 GB
[ 2615.1s] IOs:    675478023  IOPS:   258304  Throughput:  1009.0 MB/s  Total: 2576.74 GB
[ 2615.4s] IOs:    675578599  IOPS:   258305  Throughput:  1009.0 MB/s  Total: 2577.13 GB
[ 2615.8s] IOs:    675679390  IOPS:   258309  Throughput:  1009.0 MB/s  Total: 2577.51 GB
[ 2616.2s] IOs:    675779398  IOPS:   258301  Throughput:  1009.0 MB/s  Total: 2577.89 GB
[ 2617.0s] IOs:    675880322  IOPS:   258269  Throughput:  1008.9 MB/s  Total: 2578.28 GB
[ 2617.6s] IOs:    675980818  IOPS:   258241  Throughput:  1008.8 MB/s  Total: 2578.66 GB
[ 2618.4s] IOs:    676081612  IOPS:   258208  Throughput:  1008.6 MB/s  Total: 2579.05 GB
[ 2619.1s] IOs:    676182147  IOPS:   258169  Throughput:  1008.5 MB/s  Total: 2579.43 GB
[ 2619.7s] IOs:    676282629  IOPS:   258154  Throughput:  1008.4 MB/s  Total: 2579.81 GB
[ 2620.2s] IOs:    676383125  IOPS:   258143  Throughput:  1008.4 MB/s  Total: 2580.20 GB
[ 2620.8s] IOs:    676483798  IOPS:   258126  Throughput:  1008.3 MB/s  Total: 2580.58 GB
[ 2621.4s] IOs:    676584161  IOPS:   258105  Throughput:  1008.2 MB/s  Total: 2580.96 GB
[ 2621.6s] IOs:    676684811  IOPS:   258120  Throughput:  1008.3 MB/s  Total: 2581.35 GB
[ 2621.8s] IOs:    676785766  IOPS:   258135  Throughput:  1008.3 MB/s  Total: 2581.73 GB
[ 2622.2s] IOs:    676886432  IOPS:   258138  Throughput:  1008.3 MB/s  Total: 2582.12 GB
[ 2622.7s] IOs:    676987135  IOPS:   258127  Throughput:  1008.3 MB/s  Total: 2582.50 GB
[ 2623.0s] IOs:    677087844  IOPS:   258139  Throughput:  1008.4 MB/s  Total: 2582.89 GB
[ 2623.2s] IOs:    677188495  IOPS:   258153  Throughput:  1008.4 MB/s  Total: 2583.27 GB
[ 2623.6s] IOs:    677289431  IOPS:   258156  Throughput:  1008.4 MB/s  Total: 2583.65 GB
[ 2623.8s] IOs:    677390364  IOPS:   258171  Throughput:  1008.5 MB/s  Total: 2584.04 GB
[ 2624.1s] IOs:    677491417  IOPS:   258176  Throughput:  1008.5 MB/s  Total: 2584.42 GB
[ 2624.4s] IOs:    677592236  IOPS:   258186  Throughput:  1008.5 MB/s  Total: 2584.81 GB
[ 2624.7s] IOs:    677692681  IOPS:   258196  Throughput:  1008.6 MB/s  Total: 2585.19 GB
[ 2625.0s] IOs:    677793538  IOPS:   258212  Throughput:  1008.6 MB/s  Total: 2585.58 GB
[ 2625.3s] IOs:    677894196  IOPS:   258217  Throughput:  1008.7 MB/s  Total: 2585.96 GB
[ 2625.5s] IOs:    677994302  IOPS:   258232  Throughput:  1008.7 MB/s  Total: 2586.34 GB
[ 2625.7s] IOs:    678095263  IOPS:   258249  Throughput:  1008.8 MB/s  Total: 2586.73 GB
[ 2626.0s] IOs:    678195310  IOPS:   258262  Throughput:  1008.8 MB/s  Total: 2587.11 GB
[ 2626.3s] IOs:    678296260  IOPS:   258273  Throughput:  1008.9 MB/s  Total: 2587.49 GB
[ 2626.6s] IOs:    678396548  IOPS:   258282  Throughput:  1008.9 MB/s  Total: 2587.88 GB
[ 2626.8s] IOs:    678497168  IOPS:   258298  Throughput:  1009.0 MB/s  Total: 2588.26 GB
[ 2627.1s] IOs:    678597417  IOPS:   258307  Throughput:  1009.0 MB/s  Total: 2588.64 GB
[ 2627.4s] IOs:    678698178  IOPS:   258320  Throughput:  1009.1 MB/s  Total: 2589.03 GB
[ 2627.6s] IOs:    678798647  IOPS:   258334  Throughput:  1009.1 MB/s  Total: 2589.41 GB
[ 2627.9s] IOs:    678899118  IOPS:   258348  Throughput:  1009.2 MB/s  Total: 2589.79 GB
[ 2628.2s] IOs:    679000037  IOPS:   258350  Throughput:  1009.2 MB/s  Total: 2590.18 GB
[ 2628.6s] IOs:    679100191  IOPS:   258351  Throughput:  1009.2 MB/s  Total: 2590.56 GB
[ 2628.9s] IOs:    679200384  IOPS:   258364  Throughput:  1009.2 MB/s  Total: 2590.94 GB
[ 2629.2s] IOs:    679301134  IOPS:   258370  Throughput:  1009.3 MB/s  Total: 2591.33 GB
[ 2629.4s] IOs:    679402098  IOPS:   258384  Throughput:  1009.3 MB/s  Total: 2591.71 GB
[ 2629.7s] IOs:    679502414  IOPS:   258392  Throughput:  1009.3 MB/s  Total: 2592.10 GB
[ 2630.1s] IOs:    679603008  IOPS:   258397  Throughput:  1009.4 MB/s  Total: 2592.48 GB
[ 2630.3s] IOs:    679703492  IOPS:   258415  Throughput:  1009.4 MB/s  Total: 2592.86 GB
[ 2630.6s] IOs:    679804142  IOPS:   258422  Throughput:  1009.5 MB/s  Total: 2593.25 GB
[ 2630.8s] IOs:    679905000  IOPS:   258437  Throughput:  1009.5 MB/s  Total: 2593.63 GB
[ 2631.1s] IOs:    680005237  IOPS:   258449  Throughput:  1009.6 MB/s  Total: 2594.01 GB
[ 2631.3s] IOs:    680105821  IOPS:   258467  Throughput:  1009.6 MB/s  Total: 2594.40 GB
[ 2631.6s] IOs:    680206608  IOPS:   258478  Throughput:  1009.7 MB/s  Total: 2594.78 GB
[ 2631.8s] IOs:    680306639  IOPS:   258494  Throughput:  1009.7 MB/s  Total: 2595.16 GB
[ 2632.0s] IOs:    680407334  IOPS:   258514  Throughput:  1009.8 MB/s  Total: 2595.55 GB
[ 2632.3s] IOs:    680507955  IOPS:   258525  Throughput:  1009.9 MB/s  Total: 2595.93 GB
[ 2632.5s] IOs:    680608581  IOPS:   258544  Throughput:  1009.9 MB/s  Total: 2596.32 GB
[ 2632.7s] IOs:    680709346  IOPS:   258559  Throughput:  1010.0 MB/s  Total: 2596.70 GB
[ 2632.9s] IOs:    680809509  IOPS:   258576  Throughput:  1010.1 MB/s  Total: 2597.08 GB
[ 2633.1s] IOs:    680910217  IOPS:   258594  Throughput:  1010.1 MB/s  Total: 2597.47 GB
[ 2633.3s] IOs:    681010911  IOPS:   258612  Throughput:  1010.2 MB/s  Total: 2597.85 GB
[ 2633.6s] IOs:    681111440  IOPS:   258627  Throughput:  1010.3 MB/s  Total: 2598.23 GB
[ 2633.8s] IOs:    681211757  IOPS:   258645  Throughput:  1010.3 MB/s  Total: 2598.62 GB
[ 2634.0s] IOs:    681312630  IOPS:   258662  Throughput:  1010.4 MB/s  Total: 2599.00 GB
[ 2634.2s] IOs:    681412635  IOPS:   258681  Throughput:  1010.5 MB/s  Total: 2599.38 GB
[ 2634.7s] IOs:    681512751  IOPS:   258667  Throughput:  1010.4 MB/s  Total: 2599.76 GB
[ 2635.3s] IOs:    681613366  IOPS:   258646  Throughput:  1010.3 MB/s  Total: 2600.15 GB
[ 2635.8s] IOs:    681713880  IOPS:   258633  Throughput:  1010.3 MB/s  Total: 2600.53 GB
[ 2636.3s] IOs:    681814756  IOPS:   258630  Throughput:  1010.3 MB/s  Total: 2600.92 GB
[ 2636.7s] IOs:    681915277  IOPS:   258621  Throughput:  1010.2 MB/s  Total: 2601.30 GB
[ 2637.2s] IOs:    682015509  IOPS:   258611  Throughput:  1010.2 MB/s  Total: 2601.68 GB
[ 2637.7s] IOs:    682116303  IOPS:   258603  Throughput:  1010.2 MB/s  Total: 2602.07 GB
[ 2637.9s] IOs:    682216309  IOPS:   258622  Throughput:  1010.2 MB/s  Total: 2602.45 GB
[ 2638.3s] IOs:    682316995  IOPS:   258619  Throughput:  1010.2 MB/s  Total: 2602.83 GB
[ 2638.7s] IOs:    682417918  IOPS:   258615  Throughput:  1010.2 MB/s  Total: 2603.22 GB
[ 2639.1s] IOs:    682518624  IOPS:   258614  Throughput:  1010.2 MB/s  Total: 2603.60 GB
[ 2639.4s] IOs:    682619496  IOPS:   258624  Throughput:  1010.2 MB/s  Total: 2603.99 GB
[ 2639.7s] IOs:    682720498  IOPS:   258636  Throughput:  1010.3 MB/s  Total: 2604.37 GB
[ 2640.2s] IOs:    682821389  IOPS:   258625  Throughput:  1010.3 MB/s  Total: 2604.76 GB
[ 2640.4s] IOs:    682922411  IOPS:   258643  Throughput:  1010.3 MB/s  Total: 2605.14 GB
[ 2641.0s] IOs:    683023400  IOPS:   258622  Throughput:  1010.2 MB/s  Total: 2605.53 GB
[ 2641.3s] IOs:    683123992  IOPS:   258635  Throughput:  1010.3 MB/s  Total: 2605.91 GB
[ 2641.7s] IOs:    683224792  IOPS:   258627  Throughput:  1010.3 MB/s  Total: 2606.30 GB
[ 2642.0s] IOs:    683325730  IOPS:   258642  Throughput:  1010.3 MB/s  Total: 2606.68 GB
[ 2642.3s] IOs:    683426174  IOPS:   258653  Throughput:  1010.4 MB/s  Total: 2607.06 GB
[ 2642.5s] IOs:    683527059  IOPS:   258669  Throughput:  1010.4 MB/s  Total: 2607.45 GB
[ 2642.9s] IOs:    683627582  IOPS:   258671  Throughput:  1010.4 MB/s  Total: 2607.83 GB
[ 2643.2s] IOs:    683727733  IOPS:   258673  Throughput:  1010.4 MB/s  Total: 2608.21 GB
[ 2643.5s] IOs:    683828493  IOPS:   258684  Throughput:  1010.5 MB/s  Total: 2608.60 GB
[ 2643.7s] IOs:    683928945  IOPS:   258697  Throughput:  1010.5 MB/s  Total: 2608.98 GB
[ 2643.9s] IOs:    684029306  IOPS:   258715  Throughput:  1010.6 MB/s  Total: 2609.36 GB
[Reader] Parsed 88000000 lines, distributed 684044246 writes, unique 717.71 GB, skipped 0
[ 2644.3s] IOs:    684130079  IOPS:   258722  Throughput:  1010.6 MB/s  Total: 2609.75 GB
[ 2644.4s] IOs:    684230221  IOPS:   258742  Throughput:  1010.7 MB/s  Total: 2610.13 GB
[ 2644.8s] IOs:    684330454  IOPS:   258749  Throughput:  1010.7 MB/s  Total: 2610.51 GB
[ 2645.2s] IOs:    684431115  IOPS:   258749  Throughput:  1010.7 MB/s  Total: 2610.90 GB
[ 2645.4s] IOs:    684531701  IOPS:   258763  Throughput:  1010.8 MB/s  Total: 2611.28 GB
[ 2645.8s] IOs:    684632156  IOPS:   258764  Throughput:  1010.8 MB/s  Total: 2611.66 GB
[ 2646.0s] IOs:    684732950  IOPS:   258782  Throughput:  1010.9 MB/s  Total: 2612.05 GB
[ 2646.3s] IOs:    684833740  IOPS:   258791  Throughput:  1010.9 MB/s  Total: 2612.43 GB
[ 2646.8s] IOs:    684934141  IOPS:   258779  Throughput:  1010.9 MB/s  Total: 2612.82 GB
[ 2647.4s] IOs:    685034991  IOPS:   258760  Throughput:  1010.8 MB/s  Total: 2613.20 GB
[ 2647.8s] IOs:    685135466  IOPS:   258760  Throughput:  1010.8 MB/s  Total: 2613.58 GB
[ 2648.0s] IOs:    685235762  IOPS:   258776  Throughput:  1010.8 MB/s  Total: 2613.97 GB
[ 2648.4s] IOs:    685336068  IOPS:   258770  Throughput:  1010.8 MB/s  Total: 2614.35 GB
[ 2648.8s] IOs:    685436123  IOPS:   258773  Throughput:  1010.8 MB/s  Total: 2614.73 GB
[ 2649.3s] IOs:    685536268  IOPS:   258758  Throughput:  1010.8 MB/s  Total: 2615.11 GB
[ 2649.5s] IOs:    685636369  IOPS:   258776  Throughput:  1010.8 MB/s  Total: 2615.50 GB
[ 2649.8s] IOs:    685737214  IOPS:   258788  Throughput:  1010.9 MB/s  Total: 2615.88 GB
[ 2650.2s] IOs:    685837378  IOPS:   258786  Throughput:  1010.9 MB/s  Total: 2616.26 GB
[ 2650.4s] IOs:    685937908  IOPS:   258802  Throughput:  1010.9 MB/s  Total: 2616.65 GB
[ 2650.8s] IOs:    686038201  IOPS:   258804  Throughput:  1011.0 MB/s  Total: 2617.03 GB
[ 2651.0s] IOs:    686138418  IOPS:   258823  Throughput:  1011.0 MB/s  Total: 2617.41 GB
[ 2651.4s] IOs:    686238437  IOPS:   258819  Throughput:  1011.0 MB/s  Total: 2617.79 GB
[ 2651.7s] IOs:    686339363  IOPS:   258830  Throughput:  1011.1 MB/s  Total: 2618.18 GB
[ 2652.0s] IOs:    686439541  IOPS:   258842  Throughput:  1011.1 MB/s  Total: 2618.56 GB
[ 2652.2s] IOs:    686540439  IOPS:   258854  Throughput:  1011.1 MB/s  Total: 2618.94 GB
[ 2652.4s] IOs:    686641390  IOPS:   258871  Throughput:  1011.2 MB/s  Total: 2619.33 GB
[ 2652.7s] IOs:    686742381  IOPS:   258881  Throughput:  1011.3 MB/s  Total: 2619.71 GB
[ 2652.9s] IOs:    686842459  IOPS:   258898  Throughput:  1011.3 MB/s  Total: 2620.10 GB
[ 2653.2s] IOs:    686943057  IOPS:   258909  Throughput:  1011.4 MB/s  Total: 2620.48 GB
[ 2653.4s] IOs:    687043288  IOPS:   258928  Throughput:  1011.4 MB/s  Total: 2620.86 GB
[ 2653.7s] IOs:    687143848  IOPS:   258939  Throughput:  1011.5 MB/s  Total: 2621.25 GB
[ 2653.9s] IOs:    687244468  IOPS:   258954  Throughput:  1011.5 MB/s  Total: 2621.63 GB
[ 2654.1s] IOs:    687344717  IOPS:   258973  Throughput:  1011.6 MB/s  Total: 2622.01 GB
[ 2654.4s] IOs:    687444962  IOPS:   258985  Throughput:  1011.7 MB/s  Total: 2622.39 GB
[ 2654.6s] IOs:    687545936  IOPS:   259001  Throughput:  1011.7 MB/s  Total: 2622.78 GB
[ 2654.8s] IOs:    687646138  IOPS:   259016  Throughput:  1011.8 MB/s  Total: 2623.16 GB
[ 2655.1s] IOs:    687746988  IOPS:   259027  Throughput:  1011.8 MB/s  Total: 2623.55 GB
[ 2655.4s] IOs:    687847030  IOPS:   259042  Throughput:  1011.9 MB/s  Total: 2623.93 GB
[ 2655.7s] IOs:    687947767  IOPS:   259050  Throughput:  1011.9 MB/s  Total: 2624.31 GB
[ 2655.8s] IOs:    688048554  IOPS:   259069  Throughput:  1012.0 MB/s  Total: 2624.70 GB
[ 2656.4s] IOs:    688149429  IOPS:   259058  Throughput:  1011.9 MB/s  Total: 2625.08 GB
[ 2656.6s] IOs:    688249813  IOPS:   259074  Throughput:  1012.0 MB/s  Total: 2625.46 GB
[ 2656.8s] IOs:    688349857  IOPS:   259092  Throughput:  1012.1 MB/s  Total: 2625.85 GB
[ 2657.0s] IOs:    688450404  IOPS:   259111  Throughput:  1012.2 MB/s  Total: 2626.23 GB
[ 2657.6s] IOs:    688550704  IOPS:   259092  Throughput:  1012.1 MB/s  Total: 2626.61 GB
[ 2657.8s] IOs:    688651223  IOPS:   259110  Throughput:  1012.1 MB/s  Total: 2627.00 GB
[ 2658.0s] IOs:    688751578  IOPS:   259126  Throughput:  1012.2 MB/s  Total: 2627.38 GB
[ 2658.5s] IOs:    688851718  IOPS:   259113  Throughput:  1012.2 MB/s  Total: 2627.76 GB
[ 2658.8s] IOs:    688952061  IOPS:   259118  Throughput:  1012.2 MB/s  Total: 2628.14 GB
[ 2659.2s] IOs:    689052682  IOPS:   259120  Throughput:  1012.2 MB/s  Total: 2628.53 GB
[ 2659.4s] IOs:    689152890  IOPS:   259138  Throughput:  1012.3 MB/s  Total: 2628.91 GB
[ 2659.9s] IOs:    689253639  IOPS:   259130  Throughput:  1012.2 MB/s  Total: 2629.29 GB
[ 2660.1s] IOs:    689354208  IOPS:   259145  Throughput:  1012.3 MB/s  Total: 2629.68 GB
[ 2660.4s] IOs:    689455123  IOPS:   259155  Throughput:  1012.3 MB/s  Total: 2630.06 GB
[ 2660.7s] IOs:    689555359  IOPS:   259162  Throughput:  1012.4 MB/s  Total: 2630.44 GB
[ 2661.0s] IOs:    689655747  IOPS:   259176  Throughput:  1012.4 MB/s  Total: 2630.83 GB
[ 2661.3s] IOs:    689755763  IOPS:   259178  Throughput:  1012.4 MB/s  Total: 2631.21 GB
[ 2661.5s] IOs:    689855885  IOPS:   259196  Throughput:  1012.5 MB/s  Total: 2631.59 GB
[ 2661.9s] IOs:    689956285  IOPS:   259197  Throughput:  1012.5 MB/s  Total: 2631.97 GB
[ 2662.2s] IOs:    690056875  IOPS:   259209  Throughput:  1012.5 MB/s  Total: 2632.36 GB
[ 2662.4s] IOs:    690157676  IOPS:   259225  Throughput:  1012.6 MB/s  Total: 2632.74 GB
[ 2662.7s] IOs:    690258536  IOPS:   259233  Throughput:  1012.6 MB/s  Total: 2633.13 GB
[ 2662.9s] IOs:    690358650  IOPS:   259247  Throughput:  1012.7 MB/s  Total: 2633.51 GB
[ 2663.2s] IOs:    690459591  IOPS:   259259  Throughput:  1012.7 MB/s  Total: 2633.89 GB
[ 2663.4s] IOs:    690559875  IOPS:   259277  Throughput:  1012.8 MB/s  Total: 2634.28 GB
[ 2663.7s] IOs:    690660440  IOPS:   259287  Throughput:  1012.8 MB/s  Total: 2634.66 GB
[ 2664.0s] IOs:    690761099  IOPS:   259299  Throughput:  1012.9 MB/s  Total: 2635.04 GB
[ 2664.2s] IOs:    690861490  IOPS:   259314  Throughput:  1012.9 MB/s  Total: 2635.43 GB
[ 2664.4s] IOs:    690962412  IOPS:   259334  Throughput:  1013.0 MB/s  Total: 2635.81 GB
[ 2664.6s] IOs:    691062812  IOPS:   259348  Throughput:  1013.1 MB/s  Total: 2636.20 GB
[ 2664.8s] IOs:    691163317  IOPS:   259363  Throughput:  1013.1 MB/s  Total: 2636.58 GB
[ 2665.1s] IOs:    691264265  IOPS:   259379  Throughput:  1013.2 MB/s  Total: 2636.96 GB
[ 2665.3s] IOs:    691364569  IOPS:   259393  Throughput:  1013.3 MB/s  Total: 2637.35 GB
[ 2665.5s] IOs:    691465035  IOPS:   259412  Throughput:  1013.3 MB/s  Total: 2637.73 GB
[ 2665.7s] IOs:    691565300  IOPS:   259427  Throughput:  1013.4 MB/s  Total: 2638.11 GB
[ 2666.0s] IOs:    691665418  IOPS:   259442  Throughput:  1013.4 MB/s  Total: 2638.49 GB
[ 2666.2s] IOs:    691765995  IOPS:   259458  Throughput:  1013.5 MB/s  Total: 2638.88 GB
[ 2666.4s] IOs:    691866575  IOPS:   259475  Throughput:  1013.6 MB/s  Total: 2639.26 GB
[ 2666.7s] IOs:    691967090  IOPS:   259489  Throughput:  1013.6 MB/s  Total: 2639.64 GB
[ 2666.9s] IOs:    692067264  IOPS:   259504  Throughput:  1013.7 MB/s  Total: 2640.03 GB
[ 2667.1s] IOs:    692167471  IOPS:   259523  Throughput:  1013.8 MB/s  Total: 2640.41 GB
[ 2667.3s] IOs:    692267813  IOPS:   259534  Throughput:  1013.8 MB/s  Total: 2640.79 GB
[ 2667.5s] IOs:    692368630  IOPS:   259553  Throughput:  1013.9 MB/s  Total: 2641.18 GB
[ 2667.8s] IOs:    692468697  IOPS:   259569  Throughput:  1013.9 MB/s  Total: 2641.56 GB
[ 2668.0s] IOs:    692568770  IOPS:   259588  Throughput:  1014.0 MB/s  Total: 2641.94 GB
[ 2668.2s] IOs:    692668989  IOPS:   259606  Throughput:  1014.1 MB/s  Total: 2642.32 GB
[ 2668.4s] IOs:    692769627  IOPS:   259620  Throughput:  1014.1 MB/s  Total: 2642.71 GB
[ 2668.6s] IOs:    692869790  IOPS:   259638  Throughput:  1014.2 MB/s  Total: 2643.09 GB
[ 2668.8s] IOs:    692970490  IOPS:   259654  Throughput:  1014.3 MB/s  Total: 2643.47 GB
[ 2669.0s] IOs:    693071327  IOPS:   259670  Throughput:  1014.3 MB/s  Total: 2643.86 GB
[ 2669.3s] IOs:    693171713  IOPS:   259683  Throughput:  1014.4 MB/s  Total: 2644.24 GB
[ 2669.5s] IOs:    693272658  IOPS:   259701  Throughput:  1014.5 MB/s  Total: 2644.63 GB
[ 2669.8s] IOs:    693373633  IOPS:   259709  Throughput:  1014.5 MB/s  Total: 2645.01 GB
[ 2670.1s] IOs:    693474159  IOPS:   259719  Throughput:  1014.5 MB/s  Total: 2645.39 GB
[ 2670.3s] IOs:    693575116  IOPS:   259735  Throughput:  1014.6 MB/s  Total: 2645.78 GB
[ 2670.5s] IOs:    693675495  IOPS:   259755  Throughput:  1014.7 MB/s  Total: 2646.16 GB
[ 2670.9s] IOs:    693776256  IOPS:   259757  Throughput:  1014.7 MB/s  Total: 2646.55 GB
[ 2671.3s] IOs:    693877124  IOPS:   259755  Throughput:  1014.7 MB/s  Total: 2646.93 GB
[ 2671.6s] IOs:    693977606  IOPS:   259766  Throughput:  1014.7 MB/s  Total: 2647.31 GB
[ 2671.9s] IOs:    694078176  IOPS:   259769  Throughput:  1014.7 MB/s  Total: 2647.70 GB
[ 2672.3s] IOs:    694178658  IOPS:   259763  Throughput:  1014.7 MB/s  Total: 2648.08 GB
[Reader] Parsed 89000000 lines, distributed 694270011 writes, unique 720.00 GB, skipped 320573
[ 2672.7s] IOs:    694279268  IOPS:   259767  Throughput:  1014.7 MB/s  Total: 2648.47 GB
[ 2672.9s] IOs:    694379866  IOPS:   259782  Throughput:  1014.8 MB/s  Total: 2648.85 GB
[ 2673.3s] IOs:    694480097  IOPS:   259781  Throughput:  1014.8 MB/s  Total: 2649.23 GB
[ 2673.7s] IOs:    694580374  IOPS:   259780  Throughput:  1014.8 MB/s  Total: 2649.61 GB
[ 2674.0s] IOs:    694681127  IOPS:   259790  Throughput:  1014.8 MB/s  Total: 2650.00 GB
[ 2674.3s] IOs:    694781863  IOPS:   259802  Throughput:  1014.8 MB/s  Total: 2650.38 GB
[ 2674.5s] IOs:    694882709  IOPS:   259819  Throughput:  1014.9 MB/s  Total: 2650.77 GB
[ 2674.8s] IOs:    694983588  IOPS:   259823  Throughput:  1014.9 MB/s  Total: 2651.15 GB
[ 2675.0s] IOs:    695084314  IOPS:   259843  Throughput:  1015.0 MB/s  Total: 2651.54 GB
[ 2675.6s] IOs:    695184608  IOPS:   259820  Throughput:  1014.9 MB/s  Total: 2651.92 GB
[ 2675.9s] IOs:    695284686  IOPS:   259837  Throughput:  1015.0 MB/s  Total: 2652.30 GB
[ 2676.4s] IOs:    695385351  IOPS:   259825  Throughput:  1014.9 MB/s  Total: 2652.68 GB
[ 2676.5s] IOs:    695485663  IOPS:   259844  Throughput:  1015.0 MB/s  Total: 2653.07 GB
[ 2676.9s] IOs:    695586493  IOPS:   259849  Throughput:  1015.0 MB/s  Total: 2653.45 GB
[ 2677.4s] IOs:    695687478  IOPS:   259834  Throughput:  1015.0 MB/s  Total: 2653.84 GB
[ 2677.7s] IOs:    695787738  IOPS:   259842  Throughput:  1015.0 MB/s  Total: 2654.22 GB
[ 2678.0s] IOs:    695888082  IOPS:   259855  Throughput:  1015.1 MB/s  Total: 2654.60 GB
[ 2678.4s] IOs:    695989080  IOPS:   259854  Throughput:  1015.1 MB/s  Total: 2654.99 GB
[ 2678.7s] IOs:    696090132  IOPS:   259858  Throughput:  1015.1 MB/s  Total: 2655.37 GB
[ 2678.9s] IOs:    696190686  IOPS:   259876  Throughput:  1015.1 MB/s  Total: 2655.76 GB
[ 2679.4s] IOs:    696290889  IOPS:   259872  Throughput:  1015.1 MB/s  Total: 2656.14 GB
[ 2679.5s] IOs:    696391427  IOPS:   259891  Throughput:  1015.2 MB/s  Total: 2656.52 GB
[ 2679.9s] IOs:    696491914  IOPS:   259899  Throughput:  1015.2 MB/s  Total: 2656.91 GB
[ 2680.2s] IOs:    696592600  IOPS:   259903  Throughput:  1015.2 MB/s  Total: 2657.29 GB
[ 2680.4s] IOs:    696693243  IOPS:   259922  Throughput:  1015.3 MB/s  Total: 2657.67 GB
[ 2680.7s] IOs:    696794160  IOPS:   259928  Throughput:  1015.3 MB/s  Total: 2658.06 GB
[ 2681.0s] IOs:    696894585  IOPS:   259938  Throughput:  1015.4 MB/s  Total: 2658.44 GB
[ 2681.3s] IOs:    696995137  IOPS:   259944  Throughput:  1015.4 MB/s  Total: 2658.83 GB
[ 2681.6s] IOs:    697095441  IOPS:   259952  Throughput:  1015.4 MB/s  Total: 2659.21 GB
[ 2681.8s] IOs:    697195697  IOPS:   259969  Throughput:  1015.5 MB/s  Total: 2659.59 GB
[ 2682.2s] IOs:    697295857  IOPS:   259969  Throughput:  1015.5 MB/s  Total: 2659.97 GB
[ 2682.5s] IOs:    697396365  IOPS:   259977  Throughput:  1015.5 MB/s  Total: 2660.36 GB
[ 2684.0s] IOs:    697496407  IOPS:   259867  Throughput:  1015.1 MB/s  Total: 2660.74 GB
[ 2684.3s] IOs:    697596506  IOPS:   259882  Throughput:  1015.2 MB/s  Total: 2661.12 GB
[ 2684.5s] IOs:    697697200  IOPS:   259896  Throughput:  1015.2 MB/s  Total: 2661.50 GB
[ 2684.7s] IOs:    697798196  IOPS:   259915  Throughput:  1015.3 MB/s  Total: 2661.89 GB
[ 2685.1s] IOs:    697899085  IOPS:   259915  Throughput:  1015.3 MB/s  Total: 2662.27 GB
[ 2685.3s] IOs:    697999233  IOPS:   259933  Throughput:  1015.4 MB/s  Total: 2662.66 GB
[ 2685.6s] IOs:    698099372  IOPS:   259941  Throughput:  1015.4 MB/s  Total: 2663.04 GB
[ 2685.8s] IOs:    698199751  IOPS:   259956  Throughput:  1015.5 MB/s  Total: 2663.42 GB
[ 2686.1s] IOs:    698300050  IOPS:   259968  Throughput:  1015.5 MB/s  Total: 2663.80 GB
[ 2686.3s] IOs:    698400152  IOPS:   259987  Throughput:  1015.6 MB/s  Total: 2664.19 GB
[ 2686.6s] IOs:    698500620  IOPS:   259997  Throughput:  1015.6 MB/s  Total: 2664.57 GB
[ 2686.8s] IOs:    698601106  IOPS:   260015  Throughput:  1015.7 MB/s  Total: 2664.95 GB
[ 2687.0s] IOs:    698701759  IOPS:   260029  Throughput:  1015.7 MB/s  Total: 2665.34 GB
[ 2687.2s] IOs:    698802360  IOPS:   260047  Throughput:  1015.8 MB/s  Total: 2665.72 GB
[ 2687.5s] IOs:    698902505  IOPS:   260061  Throughput:  1015.9 MB/s  Total: 2666.10 GB
[ 2687.7s] IOs:    699003275  IOPS:   260080  Throughput:  1015.9 MB/s  Total: 2666.49 GB
[ 2687.9s] IOs:    699104067  IOPS:   260097  Throughput:  1016.0 MB/s  Total: 2666.87 GB
[ 2688.1s] IOs:    699204384  IOPS:   260114  Throughput:  1016.1 MB/s  Total: 2667.25 GB
[ 2688.3s] IOs:    699304708  IOPS:   260133  Throughput:  1016.1 MB/s  Total: 2667.64 GB
[ 2688.5s] IOs:    699404748  IOPS:   260144  Throughput:  1016.2 MB/s  Total: 2668.02 GB
[ 2688.9s] IOs:    699505632  IOPS:   260145  Throughput:  1016.2 MB/s  Total: 2668.40 GB
[ 2690.4s] IOs:    699606428  IOPS:   260035  Throughput:  1015.8 MB/s  Total: 2668.79 GB
[ 2691.0s] IOs:    699706774  IOPS:   260020  Throughput:  1015.7 MB/s  Total: 2669.17 GB
[ 2691.5s] IOs:    699807197  IOPS:   260009  Throughput:  1015.7 MB/s  Total: 2669.55 GB
[ 2692.1s] IOs:    699907812  IOPS:   259990  Throughput:  1015.6 MB/s  Total: 2669.94 GB
[ 2692.7s] IOs:    700008196  IOPS:   259965  Throughput:  1015.5 MB/s  Total: 2670.32 GB
[ 2693.0s] IOs:    700109180  IOPS:   259974  Throughput:  1015.5 MB/s  Total: 2670.70 GB
[ 2693.6s] IOs:    700209997  IOPS:   259956  Throughput:  1015.5 MB/s  Total: 2671.09 GB
[ 2694.1s] IOs:    700311001  IOPS:   259947  Throughput:  1015.4 MB/s  Total: 2671.47 GB
[ 2694.6s] IOs:    700411830  IOPS:   259935  Throughput:  1015.4 MB/s  Total: 2671.86 GB
[ 2695.0s] IOs:    700512326  IOPS:   259934  Throughput:  1015.4 MB/s  Total: 2672.24 GB
[ 2695.5s] IOs:    700612674  IOPS:   259915  Throughput:  1015.3 MB/s  Total: 2672.63 GB
[ 2695.9s] IOs:    700712803  IOPS:   259918  Throughput:  1015.3 MB/s  Total: 2673.01 GB
[ 2696.4s] IOs:    700813383  IOPS:   259907  Throughput:  1015.3 MB/s  Total: 2673.39 GB
[ 2696.7s] IOs:    700913919  IOPS:   259912  Throughput:  1015.3 MB/s  Total: 2673.77 GB
[ 2697.2s] IOs:    701014130  IOPS:   259908  Throughput:  1015.3 MB/s  Total: 2674.16 GB
[ 2697.5s] IOs:    701115073  IOPS:   259909  Throughput:  1015.3 MB/s  Total: 2674.54 GB
[ 2697.9s] IOs:    701215203  IOPS:   259913  Throughput:  1015.3 MB/s  Total: 2674.92 GB
[ 2698.4s] IOs:    701315649  IOPS:   259903  Throughput:  1015.2 MB/s  Total: 2675.31 GB
[ 2698.7s] IOs:    701416085  IOPS:   259906  Throughput:  1015.3 MB/s  Total: 2675.69 GB
[ 2699.0s] IOs:    701516893  IOPS:   259917  Throughput:  1015.3 MB/s  Total: 2676.07 GB
[ 2699.4s] IOs:    701617489  IOPS:   259913  Throughput:  1015.3 MB/s  Total: 2676.46 GB
[ 2699.7s] IOs:    701718503  IOPS:   259928  Throughput:  1015.3 MB/s  Total: 2676.84 GB
[ 2700.0s] IOs:    701818912  IOPS:   259933  Throughput:  1015.4 MB/s  Total: 2677.23 GB
[ 2700.3s] IOs:    701918971  IOPS:   259945  Throughput:  1015.4 MB/s  Total: 2677.61 GB
[ 2700.6s] IOs:    702019876  IOPS:   259949  Throughput:  1015.4 MB/s  Total: 2677.99 GB
[ 2700.9s] IOs:    702119989  IOPS:   259953  Throughput:  1015.4 MB/s  Total: 2678.38 GB
[ 2701.2s] IOs:    702220557  IOPS:   259966  Throughput:  1015.5 MB/s  Total: 2678.76 GB
[ 2701.5s] IOs:    702321096  IOPS:   259979  Throughput:  1015.5 MB/s  Total: 2679.14 GB
[ 2701.8s] IOs:    702421445  IOPS:   259981  Throughput:  1015.5 MB/s  Total: 2679.53 GB
[ 2702.1s] IOs:    702522493  IOPS:   259987  Throughput:  1015.6 MB/s  Total: 2679.91 GB
[ 2702.6s] IOs:    702622699  IOPS:   259981  Throughput:  1015.5 MB/s  Total: 2680.29 GB
[ 2703.0s] IOs:    702723579  IOPS:   259976  Throughput:  1015.5 MB/s  Total: 2680.68 GB
[ 2703.4s] IOs:    702823790  IOPS:   259975  Throughput:  1015.5 MB/s  Total: 2681.06 GB
[ 2703.8s] IOs:    702924474  IOPS:   259980  Throughput:  1015.5 MB/s  Total: 2681.44 GB
[ 2704.1s] IOs:    703024646  IOPS:   259989  Throughput:  1015.6 MB/s  Total: 2681.83 GB
[ 2704.5s] IOs:    703125329  IOPS:   259988  Throughput:  1015.6 MB/s  Total: 2682.21 GB
[ 2704.7s] IOs:    703226262  IOPS:   260002  Throughput:  1015.6 MB/s  Total: 2682.60 GB
[ 2705.2s] IOs:    703327201  IOPS:   259987  Throughput:  1015.6 MB/s  Total: 2682.98 GB
[ 2705.5s] IOs:    703427598  IOPS:   260003  Throughput:  1015.6 MB/s  Total: 2683.36 GB
[ 2705.7s] IOs:    703528298  IOPS:   260017  Throughput:  1015.7 MB/s  Total: 2683.75 GB
[ 2706.3s] IOs:    703628917  IOPS:   259997  Throughput:  1015.6 MB/s  Total: 2684.13 GB
[ 2706.7s] IOs:    703729485  IOPS:   259991  Throughput:  1015.6 MB/s  Total: 2684.51 GB
[Reader] Parsed 90000000 lines, distributed 703774106 writes, unique 720.00 GB, skipped 2367161
[ 2707.3s] IOs:    703830209  IOPS:   259973  Throughput:  1015.5 MB/s  Total: 2684.90 GB
[ 2707.6s] IOs:    703930350  IOPS:   259981  Throughput:  1015.6 MB/s  Total: 2685.28 GB
[ 2708.2s] IOs:    704030856  IOPS:   259962  Throughput:  1015.5 MB/s  Total: 2685.66 GB
[ 2708.7s] IOs:    704131025  IOPS:   259951  Throughput:  1015.4 MB/s  Total: 2686.05 GB
[ 2709.6s] IOs:    704231794  IOPS:   259907  Throughput:  1015.3 MB/s  Total: 2686.43 GB
[ 2710.2s] IOs:    704331879  IOPS:   259878  Throughput:  1015.1 MB/s  Total: 2686.81 GB
[ 2711.0s] IOs:    704432878  IOPS:   259841  Throughput:  1015.0 MB/s  Total: 2687.20 GB
[ 2712.8s] IOs:    704533390  IOPS:   259710  Throughput:  1014.5 MB/s  Total: 2687.58 GB
[ 2714.3s] IOs:    704634196  IOPS:   259599  Throughput:  1014.1 MB/s  Total: 2687.97 GB
[ 2715.7s] IOs:    704735082  IOPS:   259504  Throughput:  1013.7 MB/s  Total: 2688.35 GB
[ 2716.7s] IOs:    704835685  IOPS:   259441  Throughput:  1013.4 MB/s  Total: 2688.73 GB
[ 2717.7s] IOs:    704936465  IOPS:   259386  Throughput:  1013.2 MB/s  Total: 2689.12 GB
[ 2718.4s] IOs:    705037124  IOPS:   259358  Throughput:  1013.1 MB/s  Total: 2689.50 GB
[ 2724.0s] IOs:    705137174  IOPS:   258865  Throughput:  1011.2 MB/s  Total: 2689.88 GB
[ 2731.5s] IOs:    705237285  IOPS:   258187  Throughput:  1008.5 MB/s  Total: 2690.27 GB
[ 2736.0s] IOs:    705337534  IOPS:   257799  Throughput:  1007.0 MB/s  Total: 2690.65 GB
[ 2739.1s] IOs:    705437684  IOPS:   257542  Throughput:  1006.0 MB/s  Total: 2691.03 GB
[ 2741.5s] IOs:    705538561  IOPS:   257352  Throughput:  1005.3 MB/s  Total: 2691.42 GB
[ 2743.5s] IOs:    705639243  IOPS:   257202  Throughput:  1004.7 MB/s  Total: 2691.80 GB
[ 2745.1s] IOs:    705739352  IOPS:   257094  Throughput:  1004.3 MB/s  Total: 2692.18 GB
[ 2746.5s] IOs:    705839401  IOPS:   256992  Throughput:  1003.9 MB/s  Total: 2692.56 GB
[ 2747.6s] IOs:    705940216  IOPS:   256929  Throughput:  1003.6 MB/s  Total: 2692.95 GB
[ 2748.7s] IOs:    706041036  IOPS:   256863  Throughput:  1003.4 MB/s  Total: 2693.33 GB
[ 2749.8s] IOs:    706141121  IOPS:   256801  Throughput:  1003.1 MB/s  Total: 2693.71 GB
[ 2750.6s] IOs:    706241907  IOPS:   256757  Throughput:  1003.0 MB/s  Total: 2694.10 GB
[ 2751.6s] IOs:    706342648  IOPS:   256704  Throughput:  1002.8 MB/s  Total: 2694.48 GB
[ 2752.3s] IOs:    706443366  IOPS:   256670  Throughput:  1002.6 MB/s  Total: 2694.87 GB
[ 2752.6s] IOs:    706543990  IOPS:   256683  Throughput:  1002.7 MB/s  Total: 2695.25 GB
[ 2752.9s] IOs:    706644346  IOPS:   256690  Throughput:  1002.7 MB/s  Total: 2695.63 GB
[ 2753.3s] IOs:    706744795  IOPS:   256694  Throughput:  1002.7 MB/s  Total: 2696.02 GB
[ 2753.7s] IOs:    706845458  IOPS:   256688  Throughput:  1002.7 MB/s  Total: 2696.40 GB
[ 2754.2s] IOs:    706946210  IOPS:   256682  Throughput:  1002.7 MB/s  Total: 2696.79 GB
[ 2754.5s] IOs:    707046448  IOPS:   256685  Throughput:  1002.7 MB/s  Total: 2697.17 GB
[ 2754.8s] IOs:    707146935  IOPS:   256700  Throughput:  1002.7 MB/s  Total: 2697.55 GB
[ 2755.3s] IOs:    707247527  IOPS:   256691  Throughput:  1002.7 MB/s  Total: 2697.94 GB
[ 2755.5s] IOs:    707348011  IOPS:   256701  Throughput:  1002.7 MB/s  Total: 2698.32 GB
[ 2755.8s] IOs:    707448948  IOPS:   256716  Throughput:  1002.8 MB/s  Total: 2698.70 GB
[ 2756.2s] IOs:    707549624  IOPS:   256712  Throughput:  1002.8 MB/s  Total: 2699.09 GB
[ 2756.4s] IOs:    707650363  IOPS:   256727  Throughput:  1002.8 MB/s  Total: 2699.47 GB
[ 2756.7s] IOs:    707750854  IOPS:   256738  Throughput:  1002.9 MB/s  Total: 2699.86 GB
[ 2757.0s] IOs:    707851797  IOPS:   256743  Throughput:  1002.9 MB/s  Total: 2700.24 GB
[ 2757.3s] IOs:    707951897  IOPS:   256758  Throughput:  1003.0 MB/s  Total: 2700.62 GB
[ 2757.6s] IOs:    708052080  IOPS:   256766  Throughput:  1003.0 MB/s  Total: 2701.00 GB
[ 2757.8s] IOs:    708152469  IOPS:   256782  Throughput:  1003.1 MB/s  Total: 2701.39 GB
[ 2758.3s] IOs:    708253242  IOPS:   256768  Throughput:  1003.0 MB/s  Total: 2701.77 GB
[ 2758.6s] IOs:    708354007  IOPS:   256781  Throughput:  1003.1 MB/s  Total: 2702.16 GB
[ 2758.8s] IOs:    708454108  IOPS:   256796  Throughput:  1003.1 MB/s  Total: 2702.54 GB
[ 2759.1s] IOs:    708554206  IOPS:   256808  Throughput:  1003.2 MB/s  Total: 2702.92 GB
[ 2759.3s] IOs:    708654274  IOPS:   256822  Throughput:  1003.2 MB/s  Total: 2703.30 GB
[ 2759.6s] IOs:    708755014  IOPS:   256835  Throughput:  1003.3 MB/s  Total: 2703.69 GB
[ 2759.8s] IOs:    708855538  IOPS:   256847  Throughput:  1003.3 MB/s  Total: 2704.07 GB
[ 2760.1s] IOs:    708956190  IOPS:   256861  Throughput:  1003.4 MB/s  Total: 2704.45 GB
[ 2760.3s] IOs:    709056902  IOPS:   256876  Throughput:  1003.4 MB/s  Total: 2704.84 GB
[ 2760.5s] IOs:    709157318  IOPS:   256891  Throughput:  1003.5 MB/s  Total: 2705.22 GB
[ 2760.8s] IOs:    709258061  IOPS:   256903  Throughput:  1003.5 MB/s  Total: 2705.60 GB
[ 2761.0s] IOs:    709358795  IOPS:   256919  Throughput:  1003.6 MB/s  Total: 2705.99 GB
[ 2761.2s] IOs:    709459365  IOPS:   256935  Throughput:  1003.7 MB/s  Total: 2706.37 GB
[ 2761.5s] IOs:    709560383  IOPS:   256951  Throughput:  1003.7 MB/s  Total: 2706.76 GB
[ 2761.8s] IOs:    709660878  IOPS:   256952  Throughput:  1003.7 MB/s  Total: 2707.14 GB
[ 2762.1s] IOs:    709760895  IOPS:   256967  Throughput:  1003.8 MB/s  Total: 2707.52 GB
[ 2762.3s] IOs:    709861448  IOPS:   256978  Throughput:  1003.8 MB/s  Total: 2707.91 GB
[ 2762.7s] IOs:    709962121  IOPS:   256984  Throughput:  1003.8 MB/s  Total: 2708.29 GB
[ 2762.9s] IOs:    710062825  IOPS:   256997  Throughput:  1003.9 MB/s  Total: 2708.67 GB
[ 2763.2s] IOs:    710163703  IOPS:   257011  Throughput:  1003.9 MB/s  Total: 2709.06 GB
[ 2763.4s] IOs:    710263718  IOPS:   257026  Throughput:  1004.0 MB/s  Total: 2709.44 GB
[ 2763.7s] IOs:    710364253  IOPS:   257034  Throughput:  1004.0 MB/s  Total: 2709.82 GB
[ 2763.9s] IOs:    710464606  IOPS:   257049  Throughput:  1004.1 MB/s  Total: 2710.21 GB
[ 2764.3s] IOs:    710565070  IOPS:   257050  Throughput:  1004.1 MB/s  Total: 2710.59 GB
[ 2764.5s] IOs:    710665316  IOPS:   257065  Throughput:  1004.2 MB/s  Total: 2710.97 GB
[ 2764.9s] IOs:    710765971  IOPS:   257068  Throughput:  1004.2 MB/s  Total: 2711.36 GB
[ 2765.1s] IOs:    710866420  IOPS:   257082  Throughput:  1004.2 MB/s  Total: 2711.74 GB
[ 2765.4s] IOs:    710966999  IOPS:   257098  Throughput:  1004.3 MB/s  Total: 2712.12 GB
[ 2765.6s] IOs:    711067429  IOPS:   257108  Throughput:  1004.3 MB/s  Total: 2712.51 GB
[ 2766.0s] IOs:    711168271  IOPS:   257112  Throughput:  1004.3 MB/s  Total: 2712.89 GB
[ 2766.2s] IOs:    711269140  IOPS:   257127  Throughput:  1004.4 MB/s  Total: 2713.28 GB
[ 2766.5s] IOs:    711369542  IOPS:   257134  Throughput:  1004.4 MB/s  Total: 2713.66 GB
[ 2766.8s] IOs:    711469896  IOPS:   257145  Throughput:  1004.5 MB/s  Total: 2714.04 GB
[ 2767.1s] IOs:    711570418  IOPS:   257152  Throughput:  1004.5 MB/s  Total: 2714.43 GB
[ 2767.4s] IOs:    711670877  IOPS:   257166  Throughput:  1004.6 MB/s  Total: 2714.81 GB
[ 2767.7s] IOs:    711771759  IOPS:   257171  Throughput:  1004.6 MB/s  Total: 2715.19 GB
[ 2768.0s] IOs:    711872223  IOPS:   257178  Throughput:  1004.6 MB/s  Total: 2715.58 GB
[ 2768.2s] IOs:    711973178  IOPS:   257193  Throughput:  1004.7 MB/s  Total: 2715.96 GB
[ 2768.5s] IOs:    712073854  IOPS:   257208  Throughput:  1004.7 MB/s  Total: 2716.35 GB
[ 2768.8s] IOs:    712174524  IOPS:   257216  Throughput:  1004.7 MB/s  Total: 2716.73 GB
[ 2769.0s] IOs:    712275337  IOPS:   257233  Throughput:  1004.8 MB/s  Total: 2717.11 GB
[ 2769.3s] IOs:    712375739  IOPS:   257241  Throughput:  1004.8 MB/s  Total: 2717.50 GB
[ 2769.5s] IOs:    712475827  IOPS:   257259  Throughput:  1004.9 MB/s  Total: 2717.88 GB
[ 2769.8s] IOs:    712575941  IOPS:   257269  Throughput:  1005.0 MB/s  Total: 2718.26 GB
[ 2770.0s] IOs:    712676603  IOPS:   257286  Throughput:  1005.0 MB/s  Total: 2718.65 GB
[ 2770.2s] IOs:    712776949  IOPS:   257298  Throughput:  1005.1 MB/s  Total: 2719.03 GB
[ 2770.4s] IOs:    712877501  IOPS:   257315  Throughput:  1005.1 MB/s  Total: 2719.41 GB
[ 2770.7s] IOs:    712977570  IOPS:   257327  Throughput:  1005.2 MB/s  Total: 2719.79 GB
[ 2770.9s] IOs:    713077753  IOPS:   257344  Throughput:  1005.3 MB/s  Total: 2720.18 GB
[Reader] Parsed 91000000 lines, distributed 713128330 writes, unique 720.00 GB, skipped 3354278
[ 2771.1s] IOs:    713178440  IOPS:   257362  Throughput:  1005.3 MB/s  Total: 2720.56 GB
[ 2771.3s] IOs:    713278899  IOPS:   257378  Throughput:  1005.4 MB/s  Total: 2720.94 GB
[ 2771.5s] IOs:    713379139  IOPS:   257397  Throughput:  1005.5 MB/s  Total: 2721.33 GB
[ 2771.7s] IOs:    713479638  IOPS:   257412  Throughput:  1005.5 MB/s  Total: 2721.71 GB
[ 2772.0s] IOs:    713579906  IOPS:   257428  Throughput:  1005.6 MB/s  Total: 2722.09 GB
[ 2772.2s] IOs:    713680495  IOPS:   257446  Throughput:  1005.7 MB/s  Total: 2722.48 GB
[ 2772.4s] IOs:    713780675  IOPS:   257463  Throughput:  1005.7 MB/s  Total: 2722.86 GB
[ 2772.6s] IOs:    713880675  IOPS:   257480  Throughput:  1005.8 MB/s  Total: 2723.24 GB
[ 2772.8s] IOs:    713981562  IOPS:   257494  Throughput:  1005.8 MB/s  Total: 2723.62 GB
[ 2773.0s] IOs:    714081782  IOPS:   257508  Throughput:  1005.9 MB/s  Total: 2724.01 GB
[ 2773.3s] IOs:    714182264  IOPS:   257524  Throughput:  1006.0 MB/s  Total: 2724.39 GB
[ 2773.5s] IOs:    714282671  IOPS:   257539  Throughput:  1006.0 MB/s  Total: 2724.77 GB
[ 2773.7s] IOs:    714382695  IOPS:   257558  Throughput:  1006.1 MB/s  Total: 2725.15 GB
[ 2773.9s] IOs:    714483708  IOPS:   257575  Throughput:  1006.2 MB/s  Total: 2725.54 GB
[ 2774.1s] IOs:    714584240  IOPS:   257594  Throughput:  1006.2 MB/s  Total: 2725.92 GB
[ 2774.3s] IOs:    714684542  IOPS:   257609  Throughput:  1006.3 MB/s  Total: 2726.31 GB
[ 2774.5s] IOs:    714784708  IOPS:   257627  Throughput:  1006.4 MB/s  Total: 2726.69 GB
[ 2774.7s] IOs:    714885240  IOPS:   257645  Throughput:  1006.4 MB/s  Total: 2727.07 GB
[ 2774.9s] IOs:    714986188  IOPS:   257663  Throughput:  1006.5 MB/s  Total: 2727.46 GB
[ 2775.1s] IOs:    715086577  IOPS:   257681  Throughput:  1006.6 MB/s  Total: 2727.84 GB
[ 2775.3s] IOs:    715187249  IOPS:   257698  Throughput:  1006.6 MB/s  Total: 2728.22 GB
[ 2775.5s] IOs:    715288144  IOPS:   257714  Throughput:  1006.7 MB/s  Total: 2728.61 GB
[ 2775.7s] IOs:    715388717  IOPS:   257731  Throughput:  1006.8 MB/s  Total: 2728.99 GB
[ 2775.9s] IOs:    715489164  IOPS:   257747  Throughput:  1006.8 MB/s  Total: 2729.37 GB
[ 2776.1s] IOs:    715589463  IOPS:   257765  Throughput:  1006.9 MB/s  Total: 2729.76 GB
[ 2776.5s] IOs:    715689664  IOPS:   257768  Throughput:  1006.9 MB/s  Total: 2730.14 GB
[ 2776.7s] IOs:    715790305  IOPS:   257786  Throughput:  1007.0 MB/s  Total: 2730.52 GB
[ 2776.9s] IOs:    715891243  IOPS:   257804  Throughput:  1007.0 MB/s  Total: 2730.91 GB
[ 2777.3s] IOs:    715991613  IOPS:   257805  Throughput:  1007.0 MB/s  Total: 2731.29 GB
[ 2777.5s] IOs:    716091617  IOPS:   257821  Throughput:  1007.1 MB/s  Total: 2731.67 GB
[ 2777.8s] IOs:    716192098  IOPS:   257825  Throughput:  1007.1 MB/s  Total: 2732.06 GB
[ 2778.1s] IOs:    716292282  IOPS:   257832  Throughput:  1007.2 MB/s  Total: 2732.44 GB
[ 2778.3s] IOs:    716392995  IOPS:   257850  Throughput:  1007.2 MB/s  Total: 2732.82 GB
[ 2778.6s] IOs:    716493669  IOPS:   257857  Throughput:  1007.3 MB/s  Total: 2733.21 GB
[ 2778.8s] IOs:    716594717  IOPS:   257875  Throughput:  1007.3 MB/s  Total: 2733.59 GB
[ 2779.1s] IOs:    716695560  IOPS:   257884  Throughput:  1007.4 MB/s  Total: 2733.98 GB
[ 2779.4s] IOs:    716796179  IOPS:   257899  Throughput:  1007.4 MB/s  Total: 2734.36 GB
[ 2779.6s] IOs:    716896531  IOPS:   257914  Throughput:  1007.5 MB/s  Total: 2734.74 GB
[ 2779.9s] IOs:    716996988  IOPS:   257926  Throughput:  1007.5 MB/s  Total: 2735.13 GB
[ 2780.1s] IOs:    717097562  IOPS:   257941  Throughput:  1007.6 MB/s  Total: 2735.51 GB
[ 2780.3s] IOs:    717198214  IOPS:   257958  Throughput:  1007.7 MB/s  Total: 2735.89 GB
[ 2780.5s] IOs:    717299041  IOPS:   257977  Throughput:  1007.7 MB/s  Total: 2736.28 GB
[ 2780.7s] IOs:    717399485  IOPS:   257991  Throughput:  1007.8 MB/s  Total: 2736.66 GB
[ 2780.9s] IOs:    717500161  IOPS:   258009  Throughput:  1007.8 MB/s  Total: 2737.05 GB
[ 2781.1s] IOs:    717600775  IOPS:   258024  Throughput:  1007.9 MB/s  Total: 2737.43 GB
[ 2781.4s] IOs:    717701278  IOPS:   258040  Throughput:  1008.0 MB/s  Total: 2737.81 GB
[ 2781.6s] IOs:    717801831  IOPS:   258057  Throughput:  1008.0 MB/s  Total: 2738.20 GB
[ 2781.8s] IOs:    717902253  IOPS:   258076  Throughput:  1008.1 MB/s  Total: 2738.58 GB
[ 2782.0s] IOs:    718002661  IOPS:   258092  Throughput:  1008.2 MB/s  Total: 2738.96 GB
[ 2782.2s] IOs:    718103254  IOPS:   258107  Throughput:  1008.2 MB/s  Total: 2739.35 GB
[ 2782.4s] IOs:    718203633  IOPS:   258123  Throughput:  1008.3 MB/s  Total: 2739.73 GB
[ 2782.7s] IOs:    718304288  IOPS:   258136  Throughput:  1008.3 MB/s  Total: 2740.11 GB
[ 2782.9s] IOs:    718405247  IOPS:   258152  Throughput:  1008.4 MB/s  Total: 2740.50 GB
[ 2783.1s] IOs:    718505316  IOPS:   258165  Throughput:  1008.5 MB/s  Total: 2740.88 GB
[ 2783.4s] IOs:    718606085  IOPS:   258177  Throughput:  1008.5 MB/s  Total: 2741.26 GB
[ 2783.6s] IOs:    718706440  IOPS:   258194  Throughput:  1008.6 MB/s  Total: 2741.65 GB
[ 2784.0s] IOs:    718807152  IOPS:   258196  Throughput:  1008.6 MB/s  Total: 2742.03 GB
[ 2784.1s] IOs:    718907270  IOPS:   258215  Throughput:  1008.7 MB/s  Total: 2742.41 GB
[ 2784.3s] IOs:    719007720  IOPS:   258232  Throughput:  1008.7 MB/s  Total: 2742.80 GB
[ 2784.7s] IOs:    719108354  IOPS:   258235  Throughput:  1008.7 MB/s  Total: 2743.18 GB
[ 2784.9s] IOs:    719208630  IOPS:   258251  Throughput:  1008.8 MB/s  Total: 2743.56 GB
[ 2785.2s] IOs:    719308809  IOPS:   258258  Throughput:  1008.8 MB/s  Total: 2743.95 GB
[ 2785.4s] IOs:    719409111  IOPS:   258275  Throughput:  1008.9 MB/s  Total: 2744.33 GB
[ 2785.7s] IOs:    719509871  IOPS:   258283  Throughput:  1008.9 MB/s  Total: 2744.71 GB
[ 2786.0s] IOs:    719610385  IOPS:   258296  Throughput:  1009.0 MB/s  Total: 2745.10 GB
[ 2786.3s] IOs:    719710902  IOPS:   258307  Throughput:  1009.0 MB/s  Total: 2745.48 GB
[ 2786.6s] IOs:    719811495  IOPS:   258316  Throughput:  1009.0 MB/s  Total: 2745.86 GB
[ 2786.8s] IOs:    719911891  IOPS:   258330  Throughput:  1009.1 MB/s  Total: 2746.25 GB
[ 2787.0s] IOs:    720012443  IOPS:   258346  Throughput:  1009.2 MB/s  Total: 2746.63 GB
[ 2787.3s] IOs:    720112624  IOPS:   258357  Throughput:  1009.2 MB/s  Total: 2747.01 GB
[ 2787.5s] IOs:    720212705  IOPS:   258375  Throughput:  1009.3 MB/s  Total: 2747.39 GB
[ 2787.8s] IOs:    720313288  IOPS:   258382  Throughput:  1009.3 MB/s  Total: 2747.78 GB
[Reader] Parsed 92000000 lines, distributed 720382961 writes, unique 720.00 GB, skipped 5004258
[ 2788.0s] IOs:    720413832  IOPS:   258399  Throughput:  1009.4 MB/s  Total: 2748.16 GB
[ 2788.2s] IOs:    720513854  IOPS:   258414  Throughput:  1009.4 MB/s  Total: 2748.54 GB
[ 2788.4s] IOs:    720614532  IOPS:   258433  Throughput:  1009.5 MB/s  Total: 2748.93 GB
[ 2788.6s] IOs:    720715380  IOPS:   258447  Throughput:  1009.6 MB/s  Total: 2749.31 GB
[ 2788.9s] IOs:    720815533  IOPS:   258459  Throughput:  1009.6 MB/s  Total: 2749.69 GB
[ 2789.2s] IOs:    720915998  IOPS:   258471  Throughput:  1009.7 MB/s  Total: 2750.08 GB
[ 2789.5s] IOs:    721016679  IOPS:   258472  Throughput:  1009.7 MB/s  Total: 2750.46 GB
[ 2789.8s] IOs:    721117511  IOPS:   258480  Throughput:  1009.7 MB/s  Total: 2750.84 GB
[ 2790.2s] IOs:    721218264  IOPS:   258485  Throughput:  1009.7 MB/s  Total: 2751.23 GB
[ 2790.4s] IOs:    721318718  IOPS:   258502  Throughput:  1009.8 MB/s  Total: 2751.61 GB
[ 2790.8s] IOs:    721418728  IOPS:   258501  Throughput:  1009.8 MB/s  Total: 2751.99 GB
[ 2791.2s] IOs:    721518974  IOPS:   258497  Throughput:  1009.8 MB/s  Total: 2752.38 GB
[ 2791.4s] IOs:    721619463  IOPS:   258515  Throughput:  1009.8 MB/s  Total: 2752.76 GB
[ 2791.8s] IOs:    721719923  IOPS:   258518  Throughput:  1009.8 MB/s  Total: 2753.14 GB
[ 2792.2s] IOs:    721819956  IOPS:   258517  Throughput:  1009.8 MB/s  Total: 2753.52 GB
[ 2792.5s] IOs:    721920431  IOPS:   258519  Throughput:  1009.8 MB/s  Total: 2753.91 GB
[ 2792.9s] IOs:    722021243  IOPS:   258523  Throughput:  1009.9 MB/s  Total: 2754.29 GB
[ 2793.2s] IOs:    722121931  IOPS:   258526  Throughput:  1009.9 MB/s  Total: 2754.68 GB
[ 2793.6s] IOs:    722222766  IOPS:   258531  Throughput:  1009.9 MB/s  Total: 2755.06 GB
[ 2793.8s] IOs:    722323495  IOPS:   258543  Throughput:  1009.9 MB/s  Total: 2755.45 GB
[ 2794.3s] IOs:    722424249  IOPS:   258534  Throughput:  1009.9 MB/s  Total: 2755.83 GB
[ 2794.5s] IOs:    722525043  IOPS:   258552  Throughput:  1010.0 MB/s  Total: 2756.21 GB
[ 2795.1s] IOs:    722625200  IOPS:   258537  Throughput:  1009.9 MB/s  Total: 2756.60 GB
[ 2795.4s] IOs:    722725982  IOPS:   258539  Throughput:  1009.9 MB/s  Total: 2756.98 GB
[ 2795.7s] IOs:    722826439  IOPS:   258549  Throughput:  1010.0 MB/s  Total: 2757.36 GB
[ 2796.0s] IOs:    722926968  IOPS:   258562  Throughput:  1010.0 MB/s  Total: 2757.75 GB
[ 2796.5s] IOs:    723027053  IOPS:   258551  Throughput:  1010.0 MB/s  Total: 2758.13 GB
[ 2796.7s] IOs:    723127362  IOPS:   258565  Throughput:  1010.0 MB/s  Total: 2758.51 GB
[ 2796.9s] IOs:    723228046  IOPS:   258578  Throughput:  1010.1 MB/s  Total: 2758.90 GB
[ 2797.5s] IOs:    723328381  IOPS:   258564  Throughput:  1010.0 MB/s  Total: 2759.28 GB
[ 2797.7s] IOs:    723429240  IOPS:   258578  Throughput:  1010.1 MB/s  Total: 2759.66 GB
[ 2797.9s] IOs:    723529399  IOPS:   258596  Throughput:  1010.1 MB/s  Total: 2760.05 GB
[ 2798.5s] IOs:    723630222  IOPS:   258582  Throughput:  1010.1 MB/s  Total: 2760.43 GB
[ 2798.7s] IOs:    723730854  IOPS:   258591  Throughput:  1010.1 MB/s  Total: 2760.81 GB
[ 2799.1s] IOs:    723831157  IOPS:   258594  Throughput:  1010.1 MB/s  Total: 2761.20 GB
[ 2799.6s] IOs:    723932122  IOPS:   258587  Throughput:  1010.1 MB/s  Total: 2761.58 GB
[ 2799.9s] IOs:    724032455  IOPS:   258588  Throughput:  1010.1 MB/s  Total: 2761.96 GB
[ 2800.3s] IOs:    724132918  IOPS:   258594  Throughput:  1010.1 MB/s  Total: 2762.35 GB
[ 2800.5s] IOs:    724233663  IOPS:   258607  Throughput:  1010.2 MB/s  Total: 2762.73 GB
[ 2800.9s] IOs:    724334514  IOPS:   258611  Throughput:  1010.2 MB/s  Total: 2763.12 GB
[ 2801.4s] IOs:    724435154  IOPS:   258601  Throughput:  1010.2 MB/s  Total: 2763.50 GB
[ 2801.7s] IOs:    724536069  IOPS:   258602  Throughput:  1010.2 MB/s  Total: 2763.89 GB
[ 2802.2s] IOs:    724636139  IOPS:   258596  Throughput:  1010.1 MB/s  Total: 2764.27 GB
[ 2802.7s] IOs:    724736690  IOPS:   258584  Throughput:  1010.1 MB/s  Total: 2764.65 GB
[ 2803.2s] IOs:    724836980  IOPS:   258577  Throughput:  1010.1 MB/s  Total: 2765.03 GB
[ 2803.5s] IOs:    724937708  IOPS:   258584  Throughput:  1010.1 MB/s  Total: 2765.42 GB
[ 2804.0s] IOs:    725038394  IOPS:   258570  Throughput:  1010.0 MB/s  Total: 2765.80 GB
[ 2804.4s] IOs:    725139242  IOPS:   258572  Throughput:  1010.0 MB/s  Total: 2766.19 GB
[ 2805.0s] IOs:    725240162  IOPS:   258549  Throughput:  1010.0 MB/s  Total: 2766.57 GB
[ 2805.7s] IOs:    725340181  IOPS:   258521  Throughput:  1009.8 MB/s  Total: 2766.95 GB
[ 2806.3s] IOs:    725440458  IOPS:   258505  Throughput:  1009.8 MB/s  Total: 2767.34 GB
[ 2806.8s] IOs:    725540511  IOPS:   258493  Throughput:  1009.7 MB/s  Total: 2767.72 GB
[ 2807.4s] IOs:    725641447  IOPS:   258471  Throughput:  1009.7 MB/s  Total: 2768.10 GB
[ 2807.8s] IOs:    725742393  IOPS:   258474  Throughput:  1009.7 MB/s  Total: 2768.49 GB
[ 2808.3s] IOs:    725842933  IOPS:   258464  Throughput:  1009.6 MB/s  Total: 2768.87 GB
[ 2808.6s] IOs:    725943622  IOPS:   258468  Throughput:  1009.6 MB/s  Total: 2769.26 GB
[ 2809.0s] IOs:    726044191  IOPS:   258472  Throughput:  1009.7 MB/s  Total: 2769.64 GB
[ 2809.5s] IOs:    726144380  IOPS:   258456  Throughput:  1009.6 MB/s  Total: 2770.02 GB
[ 2809.9s] IOs:    726245108  IOPS:   258459  Throughput:  1009.6 MB/s  Total: 2770.41 GB
[Reader] Parsed 93000000 lines, distributed 726349008 writes, unique 720.00 GB, skipped 6247786
[ 2810.5s] IOs:    726345778  IOPS:   258441  Throughput:  1009.5 MB/s  Total: 2770.79 GB
[ 2810.8s] IOs:    726446258  IOPS:   258447  Throughput:  1009.6 MB/s  Total: 2771.17 GB
[ 2811.0s] IOs:    726546765  IOPS:   258462  Throughput:  1009.6 MB/s  Total: 2771.56 GB
[ 2811.9s] IOs:    726647754  IOPS:   258422  Throughput:  1009.5 MB/s  Total: 2771.94 GB
[ 2812.9s] IOs:    726748482  IOPS:   258360  Throughput:  1009.2 MB/s  Total: 2772.33 GB
[ 2813.9s] IOs:    726849113  IOPS:   258307  Throughput:  1009.0 MB/s  Total: 2772.71 GB
[ 2814.8s] IOs:    726949374  IOPS:   258256  Throughput:  1008.8 MB/s  Total: 2773.09 GB
[ 2815.4s] IOs:    727050053  IOPS:   258238  Throughput:  1008.7 MB/s  Total: 2773.48 GB
[ 2816.4s] IOs:    727150663  IOPS:   258189  Throughput:  1008.5 MB/s  Total: 2773.86 GB
[ 2817.0s] IOs:    727251301  IOPS:   258163  Throughput:  1008.5 MB/s  Total: 2774.24 GB
[ 2817.8s] IOs:    727352070  IOPS:   258124  Throughput:  1008.3 MB/s  Total: 2774.63 GB
[ 2818.6s] IOs:    727452497  IOPS:   258091  Throughput:  1008.2 MB/s  Total: 2775.01 GB
[ 2819.3s] IOs:    727553521  IOPS:   258064  Throughput:  1008.1 MB/s  Total: 2775.40 GB
[ 2819.9s] IOs:    727654012  IOPS:   258043  Throughput:  1008.0 MB/s  Total: 2775.78 GB
[ 2820.4s] IOs:    727754807  IOPS:   258030  Throughput:  1007.9 MB/s  Total: 2776.16 GB
[ 2821.0s] IOs:    727855672  IOPS:   258016  Throughput:  1007.9 MB/s  Total: 2776.55 GB
[ 2821.6s] IOs:    727956238  IOPS:   257998  Throughput:  1007.8 MB/s  Total: 2776.93 GB
[ 2822.0s] IOs:    728056252  IOPS:   257990  Throughput:  1007.8 MB/s  Total: 2777.31 GB
[ 2822.5s] IOs:    728156786  IOPS:   257983  Throughput:  1007.7 MB/s  Total: 2777.70 GB
[ 2823.0s] IOs:    728257553  IOPS:   257973  Throughput:  1007.7 MB/s  Total: 2778.08 GB
[ 2823.5s] IOs:    728358126  IOPS:   257960  Throughput:  1007.7 MB/s  Total: 2778.47 GB
[ 2824.0s] IOs:    728458653  IOPS:   257951  Throughput:  1007.6 MB/s  Total: 2778.85 GB
[ 2824.4s] IOs:    728558770  IOPS:   257952  Throughput:  1007.6 MB/s  Total: 2779.23 GB
[ 2825.2s] IOs:    728659370  IOPS:   257912  Throughput:  1007.5 MB/s  Total: 2779.61 GB
[ 2826.3s] IOs:    728760058  IOPS:   257852  Throughput:  1007.2 MB/s  Total: 2780.00 GB
[ 2827.3s] IOs:    728861032  IOPS:   257795  Throughput:  1007.0 MB/s  Total: 2780.38 GB
[ 2827.9s] IOs:    728961932  IOPS:   257772  Throughput:  1006.9 MB/s  Total: 2780.77 GB
[ 2829.1s] IOs:    729062722  IOPS:   257697  Throughput:  1006.6 MB/s  Total: 2781.15 GB
[ 2829.8s] IOs:    729163460  IOPS:   257672  Throughput:  1006.5 MB/s  Total: 2781.54 GB
[ 2830.4s] IOs:    729263926  IOPS:   257654  Throughput:  1006.5 MB/s  Total: 2781.92 GB
[ 2831.1s] IOs:    729364783  IOPS:   257630  Throughput:  1006.4 MB/s  Total: 2782.31 GB
[ 2831.8s] IOs:    729465486  IOPS:   257594  Throughput:  1006.2 MB/s  Total: 2782.69 GB
[ 2832.4s] IOs:    729565694  IOPS:   257578  Throughput:  1006.2 MB/s  Total: 2783.07 GB
[ 2833.0s] IOs:    729666679  IOPS:   257563  Throughput:  1006.1 MB/s  Total: 2783.46 GB
[ 2833.5s] IOs:    729767287  IOPS:   257546  Throughput:  1006.0 MB/s  Total: 2783.84 GB
[ 2834.0s] IOs:    729868044  IOPS:   257540  Throughput:  1006.0 MB/s  Total: 2784.23 GB
[ 2834.6s] IOs:    729968129  IOPS:   257523  Throughput:  1005.9 MB/s  Total: 2784.61 GB
[ 2835.1s] IOs:    730068318  IOPS:   257511  Throughput:  1005.9 MB/s  Total: 2784.99 GB
[ 2835.8s] IOs:    730169075  IOPS:   257484  Throughput:  1005.8 MB/s  Total: 2785.37 GB
[ 2836.3s] IOs:    730269346  IOPS:   257475  Throughput:  1005.8 MB/s  Total: 2785.76 GB
[ 2836.6s] IOs:    730370021  IOPS:   257483  Throughput:  1005.8 MB/s  Total: 2786.14 GB
[ 2837.0s] IOs:    730470458  IOPS:   257478  Throughput:  1005.8 MB/s  Total: 2786.52 GB
[ 2837.5s] IOs:    730571232  IOPS:   257466  Throughput:  1005.7 MB/s  Total: 2786.91 GB
[ 2838.0s] IOs:    730672056  IOPS:   257463  Throughput:  1005.7 MB/s  Total: 2787.29 GB
[ 2838.4s] IOs:    730772785  IOPS:   257456  Throughput:  1005.7 MB/s  Total: 2787.68 GB
[ 2838.9s] IOs:    730873167  IOPS:   257447  Throughput:  1005.7 MB/s  Total: 2788.06 GB
[ 2839.4s] IOs:    730973755  IOPS:   257443  Throughput:  1005.6 MB/s  Total: 2788.44 GB
[ 2839.8s] IOs:    731074506  IOPS:   257435  Throughput:  1005.6 MB/s  Total: 2788.83 GB
[ 2840.3s] IOs:    731174883  IOPS:   257428  Throughput:  1005.6 MB/s  Total: 2789.21 GB
[ 2840.6s] IOs:    731275517  IOPS:   257439  Throughput:  1005.6 MB/s  Total: 2789.59 GB
[ 2841.1s] IOs:    731376537  IOPS:   257423  Throughput:  1005.6 MB/s  Total: 2789.98 GB
[ 2841.4s] IOs:    731476910  IOPS:   257432  Throughput:  1005.6 MB/s  Total: 2790.36 GB
[ 2842.1s] IOs:    731577491  IOPS:   257409  Throughput:  1005.5 MB/s  Total: 2790.75 GB
[ 2842.8s] IOs:    731678330  IOPS:   257379  Throughput:  1005.4 MB/s  Total: 2791.13 GB
[ 2843.4s] IOs:    731779293  IOPS:   257362  Throughput:  1005.3 MB/s  Total: 2791.52 GB
[ 2843.9s] IOs:    731880209  IOPS:   257347  Throughput:  1005.3 MB/s  Total: 2791.90 GB
[ 2844.5s] IOs:    731980318  IOPS:   257334  Throughput:  1005.2 MB/s  Total: 2792.28 GB
[ 2845.2s] IOs:    732080872  IOPS:   257302  Throughput:  1005.1 MB/s  Total: 2792.67 GB
[ 2845.9s] IOs:    732181668  IOPS:   257280  Throughput:  1005.0 MB/s  Total: 2793.05 GB
[ 2846.4s] IOs:    732281708  IOPS:   257261  Throughput:  1004.9 MB/s  Total: 2793.43 GB
[ 2847.0s] IOs:    732382531  IOPS:   257246  Throughput:  1004.9 MB/s  Total: 2793.82 GB
[ 2847.5s] IOs:    732483098  IOPS:   257238  Throughput:  1004.8 MB/s  Total: 2794.20 GB
[ 2848.0s] IOs:    732583948  IOPS:   257226  Throughput:  1004.8 MB/s  Total: 2794.59 GB
[ 2848.8s] IOs:    732684193  IOPS:   257188  Throughput:  1004.6 MB/s  Total: 2794.97 GB
[ 2849.5s] IOs:    732784609  IOPS:   257166  Throughput:  1004.6 MB/s  Total: 2795.35 GB
[ 2850.4s] IOs:    732885301  IOPS:   257120  Throughput:  1004.4 MB/s  Total: 2795.74 GB
[ 2850.9s] IOs:    732986188  IOPS:   257104  Throughput:  1004.3 MB/s  Total: 2796.12 GB
[ 2851.8s] IOs:    733086458  IOPS:   257059  Throughput:  1004.1 MB/s  Total: 2796.50 GB
[ 2852.5s] IOs:    733186988  IOPS:   257029  Throughput:  1004.0 MB/s  Total: 2796.89 GB
[ 2853.0s] IOs:    733287714  IOPS:   257019  Throughput:  1004.0 MB/s  Total: 2797.27 GB
[ 2853.9s] IOs:    733388383  IOPS:   256982  Throughput:  1003.8 MB/s  Total: 2797.65 GB
[Reader] Parsed 94000000 lines, distributed 733448409 writes, unique 720.00 GB, skipped 7250838
[ 2854.4s] IOs:    733488800  IOPS:   256963  Throughput:  1003.8 MB/s  Total: 2798.04 GB
[ 2855.0s] IOs:    733589596  IOPS:   256951  Throughput:  1003.7 MB/s  Total: 2798.42 GB
[ 2855.5s] IOs:    733690077  IOPS:   256936  Throughput:  1003.7 MB/s  Total: 2798.81 GB
[ 2856.0s] IOs:    733791077  IOPS:   256931  Throughput:  1003.6 MB/s  Total: 2799.19 GB
[ 2856.5s] IOs:    733891696  IOPS:   256918  Throughput:  1003.6 MB/s  Total: 2799.57 GB
[ 2857.0s] IOs:    733992486  IOPS:   256913  Throughput:  1003.6 MB/s  Total: 2799.96 GB
[ 2857.4s] IOs:    734092950  IOPS:   256907  Throughput:  1003.5 MB/s  Total: 2800.34 GB
[ 2857.9s] IOs:    734193585  IOPS:   256898  Throughput:  1003.5 MB/s  Total: 2800.73 GB
[ 2858.2s] IOs:    734294148  IOPS:   256904  Throughput:  1003.5 MB/s  Total: 2801.11 GB
[ 2859.1s] IOs:    734394476  IOPS:   256866  Throughput:  1003.4 MB/s  Total: 2801.49 GB
[ 2860.0s] IOs:    734495282  IOPS:   256820  Throughput:  1003.2 MB/s  Total: 2801.88 GB
[ 2861.0s] IOs:    734595902  IOPS:   256763  Throughput:  1003.0 MB/s  Total: 2802.26 GB
[ 2861.9s] IOs:    734696664  IOPS:   256713  Throughput:  1002.8 MB/s  Total: 2802.65 GB
[ 2862.5s] IOs:    734797478  IOPS:   256698  Throughput:  1002.7 MB/s  Total: 2803.03 GB
[ 2863.4s] IOs:    734898399  IOPS:   256653  Throughput:  1002.5 MB/s  Total: 2803.41 GB
[ 2864.0s] IOs:    734998876  IOPS:   256632  Throughput:  1002.5 MB/s  Total: 2803.80 GB
[ 2864.5s] IOs:    735099840  IOPS:   256623  Throughput:  1002.4 MB/s  Total: 2804.18 GB
[ 2865.1s] IOs:    735200567  IOPS:   256605  Throughput:  1002.4 MB/s  Total: 2804.57 GB
[ 2865.7s] IOs:    735301528  IOPS:   256586  Throughput:  1002.3 MB/s  Total: 2804.95 GB
[ 2866.1s] IOs:    735402026  IOPS:   256586  Throughput:  1002.3 MB/s  Total: 2805.34 GB
[ 2866.6s] IOs:    735502208  IOPS:   256573  Throughput:  1002.2 MB/s  Total: 2805.72 GB
[ 2867.2s] IOs:    735603211  IOPS:   256559  Throughput:  1002.2 MB/s  Total: 2806.10 GB
[ 2867.6s] IOs:    735703965  IOPS:   256561  Throughput:  1002.2 MB/s  Total: 2806.49 GB
[ 2868.1s] IOs:    735804569  IOPS:   256551  Throughput:  1002.2 MB/s  Total: 2806.87 GB
[ 2868.5s] IOs:    735905133  IOPS:   256543  Throughput:  1002.1 MB/s  Total: 2807.26 GB
[ 2869.1s] IOs:    736005634  IOPS:   256531  Throughput:  1002.1 MB/s  Total: 2807.64 GB
[ 2869.5s] IOs:    736106004  IOPS:   256526  Throughput:  1002.1 MB/s  Total: 2808.02 GB
[ 2869.9s] IOs:    736206981  IOPS:   256526  Throughput:  1002.1 MB/s  Total: 2808.41 GB
[ 2870.2s] IOs:    736307839  IOPS:   256538  Throughput:  1002.1 MB/s  Total: 2808.79 GB
[ 2870.6s] IOs:    736408684  IOPS:   256533  Throughput:  1002.1 MB/s  Total: 2809.18 GB
[ 2871.0s] IOs:    736509423  IOPS:   256537  Throughput:  1002.1 MB/s  Total: 2809.56 GB
[ 2871.5s] IOs:    736610058  IOPS:   256528  Throughput:  1002.1 MB/s  Total: 2809.94 GB
[ 2872.0s] IOs:    736710468  IOPS:   256516  Throughput:  1002.0 MB/s  Total: 2810.33 GB
[ 2872.2s] IOs:    736810810  IOPS:   256531  Throughput:  1002.1 MB/s  Total: 2810.71 GB
[ 2872.6s] IOs:    736911143  IOPS:   256533  Throughput:  1002.1 MB/s  Total: 2811.09 GB
[ 2873.0s] IOs:    737011144  IOPS:   256532  Throughput:  1002.1 MB/s  Total: 2811.47 GB
[ 2873.5s] IOs:    737112103  IOPS:   256522  Throughput:  1002.0 MB/s  Total: 2811.86 GB
[ 2873.7s] IOs:    737212558  IOPS:   256537  Throughput:  1002.1 MB/s  Total: 2812.24 GB
[ 2874.1s] IOs:    737312746  IOPS:   256539  Throughput:  1002.1 MB/s  Total: 2812.62 GB
[ 2874.5s] IOs:    737413545  IOPS:   256540  Throughput:  1002.1 MB/s  Total: 2813.01 GB
[ 2874.9s] IOs:    737513687  IOPS:   256539  Throughput:  1002.1 MB/s  Total: 2813.39 GB
[ 2875.3s] IOs:    737614255  IOPS:   256531  Throughput:  1002.1 MB/s  Total: 2813.78 GB
[ 2875.7s] IOs:    737714379  IOPS:   256530  Throughput:  1002.1 MB/s  Total: 2814.16 GB
[ 2876.2s] IOs:    737815269  IOPS:   256525  Throughput:  1002.1 MB/s  Total: 2814.54 GB
[ 2876.5s] IOs:    737915384  IOPS:   256530  Throughput:  1002.1 MB/s  Total: 2814.92 GB
[ 2877.2s] IOs:    738015944  IOPS:   256508  Throughput:  1002.0 MB/s  Total: 2815.31 GB
[ 2877.6s] IOs:    738116207  IOPS:   256506  Throughput:  1002.0 MB/s  Total: 2815.69 GB
[ 2878.1s] IOs:    738217069  IOPS:   256491  Throughput:  1001.9 MB/s  Total: 2816.07 GB
[ 2880.7s] IOs:    738317388  IOPS:   256300  Throughput:  1001.2 MB/s  Total: 2816.46 GB
[ 2881.3s] IOs:    738417583  IOPS:   256280  Throughput:  1001.1 MB/s  Total: 2816.84 GB
[ 2881.9s] IOs:    738518502  IOPS:   256262  Throughput:  1001.0 MB/s  Total: 2817.22 GB
[ 2882.4s] IOs:    738619114  IOPS:   256248  Throughput:  1001.0 MB/s  Total: 2817.61 GB
[ 2883.0s] IOs:    738719450  IOPS:   256229  Throughput:  1000.9 MB/s  Total: 2817.99 GB
[ 2883.8s] IOs:    738819624  IOPS:   256197  Throughput:  1000.8 MB/s  Total: 2818.37 GB
[ 2884.3s] IOs:    738920498  IOPS:   256184  Throughput:  1000.7 MB/s  Total: 2818.76 GB
[ 2884.8s] IOs:    739021229  IOPS:   256175  Throughput:  1000.7 MB/s  Total: 2819.14 GB
[ 2885.4s] IOs:    739121422  IOPS:   256156  Throughput:  1000.6 MB/s  Total: 2819.52 GB
[ 2885.9s] IOs:    739221686  IOPS:   256148  Throughput:  1000.6 MB/s  Total: 2819.91 GB
[ 2886.4s] IOs:    739321888  IOPS:   256142  Throughput:  1000.6 MB/s  Total: 2820.29 GB
[ 2886.9s] IOs:    739422169  IOPS:   256129  Throughput:  1000.5 MB/s  Total: 2820.67 GB
[ 2887.5s] IOs:    739522602  IOPS:   256108  Throughput:  1000.4 MB/s  Total: 2821.05 GB
[ 2888.3s] IOs:    739623239  IOPS:   256073  Throughput:  1000.3 MB/s  Total: 2821.44 GB
[ 2889.0s] IOs:    739723798  IOPS:   256045  Throughput:  1000.2 MB/s  Total: 2821.82 GB
[ 2889.9s] IOs:    739824164  IOPS:   256004  Throughput:  1000.0 MB/s  Total: 2822.21 GB
[ 2890.5s] IOs:    739924855  IOPS:   255986  Throughput:   999.9 MB/s  Total: 2822.59 GB
[ 2891.0s] IOs:    740024921  IOPS:   255974  Throughput:   999.9 MB/s  Total: 2822.97 GB
[ 2891.8s] IOs:    740125455  IOPS:   255936  Throughput:   999.8 MB/s  Total: 2823.35 GB
[ 2892.5s] IOs:    740226277  IOPS:   255915  Throughput:   999.7 MB/s  Total: 2823.74 GB
[ 2892.9s] IOs:    740326896  IOPS:   255909  Throughput:   999.6 MB/s  Total: 2824.12 GB
[ 2893.4s] IOs:    740427580  IOPS:   255898  Throughput:   999.6 MB/s  Total: 2824.51 GB
[ 2894.0s] IOs:    740528422  IOPS:   255888  Throughput:   999.6 MB/s  Total: 2824.89 GB
[ 2894.4s] IOs:    740629103  IOPS:   255881  Throughput:   999.5 MB/s  Total: 2825.28 GB
[ 2894.9s] IOs:    740729851  IOPS:   255873  Throughput:   999.5 MB/s  Total: 2825.66 GB
[ 2895.6s] IOs:    740830701  IOPS:   255849  Throughput:   999.4 MB/s  Total: 2826.04 GB
[ 2895.9s] IOs:    740931645  IOPS:   255858  Throughput:   999.4 MB/s  Total: 2826.43 GB
[ 2896.4s] IOs:    741032371  IOPS:   255849  Throughput:   999.4 MB/s  Total: 2826.81 GB
[ 2896.6s] IOs:    741133181  IOPS:   255862  Throughput:   999.5 MB/s  Total: 2827.20 GB
[Reader] Parsed 95000000 lines, distributed 741172337 writes, unique 720.00 GB, skipped 8687444
[ 2897.1s] IOs:    741234035  IOPS:   255852  Throughput:   999.4 MB/s  Total: 2827.58 GB
[ 2897.5s] IOs:    741334902  IOPS:   255857  Throughput:   999.4 MB/s  Total: 2827.97 GB
[ 2898.0s] IOs:    741435760  IOPS:   255845  Throughput:   999.4 MB/s  Total: 2828.35 GB
[ 2898.4s] IOs:    741536394  IOPS:   255847  Throughput:   999.4 MB/s  Total: 2828.74 GB
[ 2898.6s] IOs:    741636505  IOPS:   255857  Throughput:   999.4 MB/s  Total: 2829.12 GB
[ 2899.0s] IOs:    741737021  IOPS:   255859  Throughput:   999.4 MB/s  Total: 2829.50 GB
[ 2899.5s] IOs:    741837659  IOPS:   255854  Throughput:   999.4 MB/s  Total: 2829.89 GB
[ 2899.7s] IOs:    741938246  IOPS:   255867  Throughput:   999.5 MB/s  Total: 2830.27 GB
[ 2900.0s] IOs:    742038292  IOPS:   255872  Throughput:   999.5 MB/s  Total: 2830.65 GB
[ 2900.5s] IOs:    742138352  IOPS:   255870  Throughput:   999.5 MB/s  Total: 2831.03 GB
[ 2900.7s] IOs:    742238651  IOPS:   255884  Throughput:   999.5 MB/s  Total: 2831.42 GB
[ 2901.0s] IOs:    742339124  IOPS:   255891  Throughput:   999.6 MB/s  Total: 2831.80 GB
[ 2901.3s] IOs:    742439609  IOPS:   255895  Throughput:   999.6 MB/s  Total: 2832.18 GB
[ 2901.6s] IOs:    742540285  IOPS:   255909  Throughput:   999.6 MB/s  Total: 2832.57 GB
[ 2901.9s] IOs:    742640529  IOPS:   255912  Throughput:   999.7 MB/s  Total: 2832.95 GB
[ 2902.2s] IOs:    742741150  IOPS:   255926  Throughput:   999.7 MB/s  Total: 2833.33 GB
[ 2902.5s] IOs:    742841648  IOPS:   255930  Throughput:   999.7 MB/s  Total: 2833.72 GB
[ 2902.9s] IOs:    742941761  IOPS:   255933  Throughput:   999.7 MB/s  Total: 2834.10 GB
[ 2903.1s] IOs:    743041827  IOPS:   255945  Throughput:   999.8 MB/s  Total: 2834.48 GB
[ 2903.5s] IOs:    743141991  IOPS:   255950  Throughput:   999.8 MB/s  Total: 2834.86 GB
[ 2903.8s] IOs:    743242122  IOPS:   255951  Throughput:   999.8 MB/s  Total: 2835.24 GB
[ 2904.1s] IOs:    743342731  IOPS:   255961  Throughput:   999.8 MB/s  Total: 2835.63 GB
[ 2904.5s] IOs:    743443482  IOPS:   255963  Throughput:   999.9 MB/s  Total: 2836.01 GB
[ 2905.0s] IOs:    743544131  IOPS:   255957  Throughput:   999.8 MB/s  Total: 2836.40 GB
[ 2905.2s] IOs:    743644263  IOPS:   255969  Throughput:   999.9 MB/s  Total: 2836.78 GB
[ 2905.5s] IOs:    743745220  IOPS:   255977  Throughput:   999.9 MB/s  Total: 2837.16 GB
[ 2905.8s] IOs:    743845698  IOPS:   255982  Throughput:   999.9 MB/s  Total: 2837.55 GB
[ 2906.1s] IOs:    743945810  IOPS:   255993  Throughput:  1000.0 MB/s  Total: 2837.93 GB
[ 2906.4s] IOs:    744046252  IOPS:   256002  Throughput:  1000.0 MB/s  Total: 2838.31 GB
[ 2906.7s] IOs:    744146784  IOPS:   256011  Throughput:  1000.0 MB/s  Total: 2838.69 GB
[ 2907.0s] IOs:    744247612  IOPS:   256018  Throughput:  1000.1 MB/s  Total: 2839.08 GB
[ 2907.3s] IOs:    744348618  IOPS:   256030  Throughput:  1000.1 MB/s  Total: 2839.46 GB
[ 2907.6s] IOs:    744449165  IOPS:   256040  Throughput:  1000.2 MB/s  Total: 2839.85 GB
[ 2908.0s] IOs:    744549704  IOPS:   256038  Throughput:  1000.1 MB/s  Total: 2840.23 GB
[ 2908.3s] IOs:    744650710  IOPS:   256039  Throughput:  1000.2 MB/s  Total: 2840.62 GB
[ 2908.6s] IOs:    744751304  IOPS:   256049  Throughput:  1000.2 MB/s  Total: 2841.00 GB
[ 2908.9s] IOs:    744852016  IOPS:   256056  Throughput:  1000.2 MB/s  Total: 2841.38 GB
[ 2909.2s] IOs:    744952824  IOPS:   256065  Throughput:  1000.3 MB/s  Total: 2841.77 GB
[ 2909.7s] IOs:    745053468  IOPS:   256059  Throughput:  1000.2 MB/s  Total: 2842.15 GB
[ 2910.0s] IOs:    745153893  IOPS:   256064  Throughput:  1000.3 MB/s  Total: 2842.54 GB
[ 2910.5s] IOs:    745254187  IOPS:   256055  Throughput:  1000.2 MB/s  Total: 2842.92 GB
[ 2910.9s] IOs:    745355053  IOPS:   256060  Throughput:  1000.2 MB/s  Total: 2843.30 GB
[ 2911.5s] IOs:    745455157  IOPS:   256041  Throughput:  1000.2 MB/s  Total: 2843.69 GB
[ 2912.0s] IOs:    745555974  IOPS:   256031  Throughput:  1000.1 MB/s  Total: 2844.07 GB
[ 2912.6s] IOs:    745656544  IOPS:   256007  Throughput:  1000.0 MB/s  Total: 2844.45 GB
[ 2913.3s] IOs:    745756913  IOPS:   255986  Throughput:   999.9 MB/s  Total: 2844.84 GB
[ 2913.9s] IOs:    745857254  IOPS:   255969  Throughput:   999.9 MB/s  Total: 2845.22 GB
[ 2914.4s] IOs:    745958238  IOPS:   255958  Throughput:   999.8 MB/s  Total: 2845.60 GB
[ 2914.9s] IOs:    746058855  IOPS:   255944  Throughput:   999.8 MB/s  Total: 2845.99 GB
[ 2915.6s] IOs:    746159274  IOPS:   255920  Throughput:   999.7 MB/s  Total: 2846.37 GB
[ 2916.0s] IOs:    746259803  IOPS:   255920  Throughput:   999.7 MB/s  Total: 2846.76 GB
[ 2916.9s] IOs:    746360302  IOPS:   255874  Throughput:   999.5 MB/s  Total: 2847.14 GB
[ 2917.5s] IOs:    746460786  IOPS:   255856  Throughput:   999.4 MB/s  Total: 2847.52 GB
[ 2918.1s] IOs:    746561247  IOPS:   255842  Throughput:   999.4 MB/s  Total: 2847.91 GB
[ 2918.9s] IOs:    746662081  IOPS:   255800  Throughput:   999.2 MB/s  Total: 2848.29 GB
[ 2923.4s] IOs:    746762911  IOPS:   255443  Throughput:   997.8 MB/s  Total: 2848.67 GB
[ 2924.1s] IOs:    746863691  IOPS:   255421  Throughput:   997.7 MB/s  Total: 2849.06 GB
[ 2924.8s] IOs:    746963769  IOPS:   255388  Throughput:   997.6 MB/s  Total: 2849.44 GB
[ 2925.4s] IOs:    747064511  IOPS:   255376  Throughput:   997.6 MB/s  Total: 2849.82 GB
[ 2925.9s] IOs:    747165102  IOPS:   255359  Throughput:   997.5 MB/s  Total: 2850.21 GB
[ 2926.4s] IOs:    747265208  IOPS:   255350  Throughput:   997.5 MB/s  Total: 2850.59 GB
[ 2926.9s] IOs:    747365897  IOPS:   255343  Throughput:   997.4 MB/s  Total: 2850.97 GB
[ 2927.5s] IOs:    747466466  IOPS:   255328  Throughput:   997.4 MB/s  Total: 2851.36 GB
[ 2928.0s] IOs:    747566784  IOPS:   255313  Throughput:   997.3 MB/s  Total: 2851.74 GB
[ 2928.4s] IOs:    747667621  IOPS:   255318  Throughput:   997.3 MB/s  Total: 2852.13 GB
[ 2929.3s] IOs:    747768237  IOPS:   255275  Throughput:   997.2 MB/s  Total: 2852.51 GB
[ 2929.9s] IOs:    747868821  IOPS:   255253  Throughput:   997.1 MB/s  Total: 2852.89 GB
[ 2930.9s] IOs:    747969344  IOPS:   255198  Throughput:   996.9 MB/s  Total: 2853.28 GB
[ 2931.9s] IOs:    748069350  IOPS:   255152  Throughput:   996.7 MB/s  Total: 2853.66 GB
[ 2932.5s] IOs:    748169807  IOPS:   255131  Throughput:   996.6 MB/s  Total: 2854.04 GB
[ 2933.3s] IOs:    748270435  IOPS:   255091  Throughput:   996.4 MB/s  Total: 2854.43 GB
[ 2934.0s] IOs:    748371068  IOPS:   255073  Throughput:   996.4 MB/s  Total: 2854.81 GB
[ 2934.6s] IOs:    748471714  IOPS:   255055  Throughput:   996.3 MB/s  Total: 2855.19 GB
[ 2935.0s] IOs:    748572392  IOPS:   255051  Throughput:   996.3 MB/s  Total: 2855.58 GB
[ 2935.9s] IOs:    748673316  IOPS:   255010  Throughput:   996.1 MB/s  Total: 2855.96 GB
[ 2936.3s] IOs:    748773335  IOPS:   255003  Throughput:   996.1 MB/s  Total: 2856.34 GB
[ 2936.8s] IOs:    748873944  IOPS:   254994  Throughput:   996.1 MB/s  Total: 2856.73 GB
[ 2937.3s] IOs:    748974564  IOPS:   254985  Throughput:   996.0 MB/s  Total: 2857.11 GB
[ 2937.8s] IOs:    749075016  IOPS:   254980  Throughput:   996.0 MB/s  Total: 2857.49 GB
[ 2938.3s] IOs:    749175493  IOPS:   254971  Throughput:   996.0 MB/s  Total: 2857.88 GB
[ 2938.7s] IOs:    749275663  IOPS:   254967  Throughput:   996.0 MB/s  Total: 2858.26 GB
[ 2939.0s] IOs:    749376076  IOPS:   254976  Throughput:   996.0 MB/s  Total: 2858.64 GB
[ 2939.5s] IOs:    749476089  IOPS:   254966  Throughput:   996.0 MB/s  Total: 2859.02 GB
[ 2940.0s] IOs:    749576344  IOPS:   254959  Throughput:   995.9 MB/s  Total: 2859.41 GB
[Reader] Parsed 96000000 lines, distributed 749676461 writes, unique 720.00 GB, skipped 10390607
[ 2940.4s] IOs:    749676825  IOPS:   254959  Throughput:   995.9 MB/s  Total: 2859.79 GB
[ 2940.9s] IOs:    749777274  IOPS:   254945  Throughput:   995.9 MB/s  Total: 2860.17 GB
[ 2941.3s] IOs:    749877274  IOPS:   254948  Throughput:   995.9 MB/s  Total: 2860.55 GB
[ 2941.9s] IOs:    749977331  IOPS:   254925  Throughput:   995.8 MB/s  Total: 2860.94 GB
[ 2942.4s] IOs:    750078334  IOPS:   254918  Throughput:   995.8 MB/s  Total: 2861.32 GB
[ 2943.0s] IOs:    750179129  IOPS:   254901  Throughput:   995.7 MB/s  Total: 2861.71 GB
[ 2943.5s] IOs:    750279247  IOPS:   254891  Throughput:   995.7 MB/s  Total: 2862.09 GB
[ 2944.1s] IOs:    750379376  IOPS:   254874  Throughput:   995.6 MB/s  Total: 2862.47 GB
[ 2944.5s] IOs:    750480340  IOPS:   254876  Throughput:   995.6 MB/s  Total: 2862.86 GB
[ 2945.2s] IOs:    750580764  IOPS:   254845  Throughput:   995.5 MB/s  Total: 2863.24 GB
[ 2945.8s] IOs:    750681449  IOPS:   254829  Throughput:   995.4 MB/s  Total: 2863.62 GB
[ 2946.4s] IOs:    750782057  IOPS:   254815  Throughput:   995.4 MB/s  Total: 2864.01 GB
[ 2947.0s] IOs:    750882929  IOPS:   254798  Throughput:   995.3 MB/s  Total: 2864.39 GB
[ 2947.4s] IOs:    750983453  IOPS:   254798  Throughput:   995.3 MB/s  Total: 2864.77 GB
[ 2947.9s] IOs:    751083489  IOPS:   254786  Throughput:   995.3 MB/s  Total: 2865.16 GB
[ 2948.4s] IOs:    751184158  IOPS:   254778  Throughput:   995.2 MB/s  Total: 2865.54 GB
[ 2948.9s] IOs:    751284485  IOPS:   254769  Throughput:   995.2 MB/s  Total: 2865.92 GB
[ 2949.3s] IOs:    751384963  IOPS:   254769  Throughput:   995.2 MB/s  Total: 2866.31 GB
[ 2949.5s] IOs:    751485797  IOPS:   254783  Throughput:   995.2 MB/s  Total: 2866.69 GB
[ 2950.2s] IOs:    751586626  IOPS:   254760  Throughput:   995.2 MB/s  Total: 2867.08 GB
[ 2952.2s] IOs:    751687190  IOPS:   254619  Throughput:   994.6 MB/s  Total: 2867.46 GB
[ 2954.2s] IOs:    751787934  IOPS:   254481  Throughput:   994.1 MB/s  Total: 2867.84 GB
[ 2955.8s] IOs:    751888120  IOPS:   254374  Throughput:   993.6 MB/s  Total: 2868.23 GB
[ 2957.4s] IOs:    751988311  IOPS:   254277  Throughput:   993.3 MB/s  Total: 2868.61 GB
[ 2958.8s] IOs:    752088882  IOPS:   254183  Throughput:   992.9 MB/s  Total: 2868.99 GB
[ 2959.8s] IOs:    752189100  IOPS:   254132  Throughput:   992.7 MB/s  Total: 2869.37 GB
[ 2961.0s] IOs:    752289612  IOPS:   254069  Throughput:   992.5 MB/s  Total: 2869.76 GB
[ 2961.9s] IOs:    752390571  IOPS:   254024  Throughput:   992.3 MB/s  Total: 2870.14 GB
[ 2962.9s] IOs:    752490665  IOPS:   253971  Throughput:   992.1 MB/s  Total: 2870.52 GB
[ 2963.8s] IOs:    752591519  IOPS:   253926  Throughput:   991.9 MB/s  Total: 2870.91 GB
[ 2964.5s] IOs:    752692292  IOPS:   253904  Throughput:   991.8 MB/s  Total: 2871.29 GB
[ 2965.3s] IOs:    752793237  IOPS:   253864  Throughput:   991.7 MB/s  Total: 2871.68 GB
[ 2966.1s] IOs:    752894001  IOPS:   253836  Throughput:   991.5 MB/s  Total: 2872.06 GB
[ 2966.8s] IOs:    752994942  IOPS:   253806  Throughput:   991.4 MB/s  Total: 2872.45 GB
[ 2967.3s] IOs:    753095949  IOPS:   253796  Throughput:   991.4 MB/s  Total: 2872.83 GB
[ 2967.9s] IOs:    753195980  IOPS:   253782  Throughput:   991.3 MB/s  Total: 2873.21 GB
[ 2968.4s] IOs:    753296984  IOPS:   253774  Throughput:   991.3 MB/s  Total: 2873.60 GB
[ 2968.9s] IOs:    753397617  IOPS:   253764  Throughput:   991.3 MB/s  Total: 2873.98 GB
[ 2969.5s] IOs:    753498357  IOPS:   253746  Throughput:   991.2 MB/s  Total: 2874.37 GB
[ 2969.9s] IOs:    753599099  IOPS:   253748  Throughput:   991.2 MB/s  Total: 2874.75 GB
[ 2970.3s] IOs:    753699487  IOPS:   253742  Throughput:   991.2 MB/s  Total: 2875.14 GB
[ 2970.8s] IOs:    753799550  IOPS:   253735  Throughput:   991.2 MB/s  Total: 2875.52 GB
[ 2971.1s] IOs:    753900002  IOPS:   253741  Throughput:   991.2 MB/s  Total: 2875.90 GB
[ 2971.7s] IOs:    754000867  IOPS:   253730  Throughput:   991.1 MB/s  Total: 2876.29 GB
[ 2971.9s] IOs:    754101533  IOPS:   253743  Throughput:   991.2 MB/s  Total: 2876.67 GB
[ 2972.5s] IOs:    754202037  IOPS:   253729  Throughput:   991.1 MB/s  Total: 2877.05 GB
[ 2972.8s] IOs:    754302463  IOPS:   253731  Throughput:   991.1 MB/s  Total: 2877.44 GB
[ 2973.1s] IOs:    754402957  IOPS:   253741  Throughput:   991.2 MB/s  Total: 2877.82 GB
[ 2973.5s] IOs:    754503645  IOPS:   253744  Throughput:   991.2 MB/s  Total: 2878.20 GB
[ 2974.0s] IOs:    754604396  IOPS:   253736  Throughput:   991.2 MB/s  Total: 2878.59 GB
[ 2974.4s] IOs:    754704421  IOPS:   253735  Throughput:   991.2 MB/s  Total: 2878.97 GB
[ 2974.6s] IOs:    754804998  IOPS:   253750  Throughput:   991.2 MB/s  Total: 2879.35 GB
[ 2975.0s] IOs:    754905533  IOPS:   253753  Throughput:   991.2 MB/s  Total: 2879.74 GB
[ 2975.3s] IOs:    755006375  IOPS:   253758  Throughput:   991.2 MB/s  Total: 2880.12 GB
[ 2975.5s] IOs:    755106515  IOPS:   253771  Throughput:   991.3 MB/s  Total: 2880.50 GB
[ 2975.9s] IOs:    755207291  IOPS:   253776  Throughput:   991.3 MB/s  Total: 2880.89 GB
[ 2976.2s] IOs:    755307418  IOPS:   253783  Throughput:   991.3 MB/s  Total: 2881.27 GB
[ 2976.5s] IOs:    755407842  IOPS:   253794  Throughput:   991.4 MB/s  Total: 2881.65 GB
[ 2976.7s] IOs:    755508083  IOPS:   253808  Throughput:   991.4 MB/s  Total: 2882.03 GB
[ 2977.0s] IOs:    755608238  IOPS:   253813  Throughput:   991.5 MB/s  Total: 2882.42 GB
[ 2977.3s] IOs:    755708900  IOPS:   253825  Throughput:   991.5 MB/s  Total: 2882.80 GB
[ 2977.5s] IOs:    755808914  IOPS:   253837  Throughput:   991.5 MB/s  Total: 2883.18 GB
[ 2977.8s] IOs:    755909401  IOPS:   253850  Throughput:   991.6 MB/s  Total: 2883.57 GB
[ 2978.0s] IOs:    756010051  IOPS:   253864  Throughput:   991.7 MB/s  Total: 2883.95 GB
[ 2978.3s] IOs:    756110288  IOPS:   253876  Throughput:   991.7 MB/s  Total: 2884.33 GB
[ 2978.5s] IOs:    756210551  IOPS:   253891  Throughput:   991.8 MB/s  Total: 2884.71 GB
[ 2978.8s] IOs:    756310610  IOPS:   253901  Throughput:   991.8 MB/s  Total: 2885.10 GB
[ 2979.1s] IOs:    756411097  IOPS:   253903  Throughput:   991.8 MB/s  Total: 2885.48 GB
[ 2979.4s] IOs:    756511153  IOPS:   253917  Throughput:   991.9 MB/s  Total: 2885.86 GB
[ 2979.6s] IOs:    756611970  IOPS:   253930  Throughput:   991.9 MB/s  Total: 2886.25 GB
[ 2980.0s] IOs:    756712357  IOPS:   253931  Throughput:   991.9 MB/s  Total: 2886.63 GB
[ 2980.2s] IOs:    756812625  IOPS:   253947  Throughput:   992.0 MB/s  Total: 2887.01 GB
[ 2980.5s] IOs:    756913052  IOPS:   253958  Throughput:   992.0 MB/s  Total: 2887.39 GB
[ 2980.8s] IOs:    757013501  IOPS:   253965  Throughput:   992.1 MB/s  Total: 2887.78 GB
[ 2981.0s] IOs:    757114173  IOPS:   253976  Throughput:   992.1 MB/s  Total: 2888.16 GB
[ 2981.4s] IOs:    757214610  IOPS:   253983  Throughput:   992.1 MB/s  Total: 2888.54 GB
[ 2981.7s] IOs:    757315322  IOPS:   253986  Throughput:   992.1 MB/s  Total: 2888.93 GB
[ 2982.0s] IOs:    757416302  IOPS:   253995  Throughput:   992.2 MB/s  Total: 2889.31 GB
[ 2982.3s] IOs:    757516890  IOPS:   254002  Throughput:   992.2 MB/s  Total: 2889.70 GB
[ 2982.7s] IOs:    757617252  IOPS:   254006  Throughput:   992.2 MB/s  Total: 2890.08 GB
[ 2983.0s] IOs:    757717271  IOPS:   254012  Throughput:   992.2 MB/s  Total: 2890.46 GB
[ 2983.3s] IOs:    757817332  IOPS:   254018  Throughput:   992.3 MB/s  Total: 2890.84 GB
[ 2983.5s] IOs:    757917640  IOPS:   254033  Throughput:   992.3 MB/s  Total: 2891.23 GB
[ 2984.1s] IOs:    758018622  IOPS:   254016  Throughput:   992.3 MB/s  Total: 2891.61 GB
[ 2984.4s] IOs:    758119426  IOPS:   254028  Throughput:   992.3 MB/s  Total: 2892.00 GB
[ 2987.0s] IOs:    758219954  IOPS:   253841  Throughput:   991.6 MB/s  Total: 2892.38 GB
[ 2987.9s] IOs:    758320485  IOPS:   253799  Throughput:   991.4 MB/s  Total: 2892.76 GB
[ 2988.5s] IOs:    758421287  IOPS:   253780  Throughput:   991.3 MB/s  Total: 2893.15 GB
[ 2989.4s] IOs:    758521679  IOPS:   253740  Throughput:   991.2 MB/s  Total: 2893.53 GB
[ 2990.0s] IOs:    758621903  IOPS:   253718  Throughput:   991.1 MB/s  Total: 2893.91 GB
[ 2990.6s] IOs:    758722034  IOPS:   253701  Throughput:   991.0 MB/s  Total: 2894.29 GB
[ 2991.1s] IOs:    758822342  IOPS:   253692  Throughput:   991.0 MB/s  Total: 2894.68 GB
[ 2991.7s] IOs:    758922898  IOPS:   253679  Throughput:   990.9 MB/s  Total: 2895.06 GB
[ 2992.2s] IOs:    759023270  IOPS:   253671  Throughput:   990.9 MB/s  Total: 2895.44 GB
[ 2992.8s] IOs:    759124101  IOPS:   253654  Throughput:   990.8 MB/s  Total: 2895.83 GB
[ 2993.1s] IOs:    759224704  IOPS:   253656  Throughput:   990.8 MB/s  Total: 2896.21 GB
[ 2993.7s] IOs:    759325177  IOPS:   253641  Throughput:   990.8 MB/s  Total: 2896.60 GB
[ 2994.1s] IOs:    759425748  IOPS:   253639  Throughput:   990.8 MB/s  Total: 2896.98 GB
[ 2994.6s] IOs:    759526591  IOPS:   253631  Throughput:   990.7 MB/s  Total: 2897.36 GB
[ 2995.0s] IOs:    759627271  IOPS:   253628  Throughput:   990.7 MB/s  Total: 2897.75 GB
[ 2995.5s] IOs:    759727597  IOPS:   253627  Throughput:   990.7 MB/s  Total: 2898.13 GB
[ 2995.9s] IOs:    759828300  IOPS:   253620  Throughput:   990.7 MB/s  Total: 2898.51 GB
[Reader] Parsed 97000000 lines, distributed 759833186 writes, unique 720.00 GB, skipped 11713260
[ 2996.4s] IOs:    759928511  IOPS:   253612  Throughput:   990.7 MB/s  Total: 2898.90 GB
[ 2996.8s] IOs:    760029411  IOPS:   253618  Throughput:   990.7 MB/s  Total: 2899.28 GB
[ 2997.1s] IOs:    760129954  IOPS:   253618  Throughput:   990.7 MB/s  Total: 2899.67 GB
[ 2997.6s] IOs:    760230611  IOPS:   253609  Throughput:   990.7 MB/s  Total: 2900.05 GB
[ 2998.0s] IOs:    760331194  IOPS:   253609  Throughput:   990.7 MB/s  Total: 2900.43 GB
[ 2998.5s] IOs:    760431333  IOPS:   253602  Throughput:   990.6 MB/s  Total: 2900.82 GB
[ 2999.0s] IOs:    760531852  IOPS:   253598  Throughput:   990.6 MB/s  Total: 2901.20 GB
[ 2999.2s] IOs:    760632417  IOPS:   253609  Throughput:   990.7 MB/s  Total: 2901.58 GB
[ 2999.7s] IOs:    760733155  IOPS:   253603  Throughput:   990.6 MB/s  Total: 2901.97 GB
[ 3000.1s] IOs:    760833754  IOPS:   253606  Throughput:   990.6 MB/s  Total: 2902.35 GB
[ 3000.4s] IOs:    760934566  IOPS:   253608  Throughput:   990.7 MB/s  Total: 2902.74 GB
[ 3000.7s] IOs:    761035009  IOPS:   253623  Throughput:   990.7 MB/s  Total: 2903.12 GB
[ 3001.3s] IOs:    761135887  IOPS:   253603  Throughput:   990.6 MB/s  Total: 2903.50 GB
[ 3001.5s] IOs:    761236509  IOPS:   253618  Throughput:   990.7 MB/s  Total: 2903.89 GB
[ 3002.0s] IOs:    761337360  IOPS:   253611  Throughput:   990.7 MB/s  Total: 2904.27 GB
[ 3002.2s] IOs:    761437997  IOPS:   253624  Throughput:   990.7 MB/s  Total: 2904.66 GB
[ 3002.7s] IOs:    761538435  IOPS:   253621  Throughput:   990.7 MB/s  Total: 2905.04 GB
[ 3003.1s] IOs:    761638809  IOPS:   253619  Throughput:   990.7 MB/s  Total: 2905.42 GB
[ 3003.5s] IOs:    761739433  IOPS:   253615  Throughput:   990.7 MB/s  Total: 2905.81 GB
[ 3003.9s] IOs:    761840101  IOPS:   253620  Throughput:   990.7 MB/s  Total: 2906.19 GB
[ 3004.1s] IOs:    761940516  IOPS:   253635  Throughput:   990.8 MB/s  Total: 2906.57 GB
[ 3004.6s] IOs:    762041045  IOPS:   253628  Throughput:   990.7 MB/s  Total: 2906.96 GB
[ 3005.6s] IOs:    762141685  IOPS:   253575  Throughput:   990.5 MB/s  Total: 2907.34 GB
[ 3006.4s] IOs:    762242494  IOPS:   253538  Throughput:   990.4 MB/s  Total: 2907.72 GB
[ 3007.1s] IOs:    762343420  IOPS:   253515  Throughput:   990.3 MB/s  Total: 2908.11 GB
[ 3007.7s] IOs:    762443976  IOPS:   253500  Throughput:   990.2 MB/s  Total: 2908.49 GB
[ 3008.6s] IOs:    762544709  IOPS:   253458  Throughput:   990.1 MB/s  Total: 2908.88 GB
[ 3009.1s] IOs:    762645669  IOPS:   253443  Throughput:   990.0 MB/s  Total: 2909.26 GB
[ 3009.9s] IOs:    762746153  IOPS:   253408  Throughput:   989.9 MB/s  Total: 2909.65 GB
[ 3010.5s] IOs:    762847063  IOPS:   253394  Throughput:   989.8 MB/s  Total: 2910.03 GB
[ 3011.1s] IOs:    762948005  IOPS:   253380  Throughput:   989.8 MB/s  Total: 2910.42 GB
[ 3011.6s] IOs:    763048763  IOPS:   253368  Throughput:   989.7 MB/s  Total: 2910.80 GB
[ 3012.1s] IOs:    763149599  IOPS:   253359  Throughput:   989.7 MB/s  Total: 2911.18 GB
[ 3012.6s] IOs:    763249938  IOPS:   253348  Throughput:   989.6 MB/s  Total: 2911.57 GB
[ 3013.2s] IOs:    763350735  IOPS:   253340  Throughput:   989.6 MB/s  Total: 2911.95 GB
[ 3013.6s] IOs:    763451065  IOPS:   253337  Throughput:   989.6 MB/s  Total: 2912.33 GB
[ 3014.0s] IOs:    763551658  IOPS:   253334  Throughput:   989.6 MB/s  Total: 2912.72 GB
[ 3014.5s] IOs:    763651936  IOPS:   253330  Throughput:   989.6 MB/s  Total: 2913.10 GB
[ 3014.8s] IOs:    763752601  IOPS:   253338  Throughput:   989.6 MB/s  Total: 2913.48 GB
[ 3015.2s] IOs:    763853242  IOPS:   253337  Throughput:   989.6 MB/s  Total: 2913.87 GB
[ 3015.9s] IOs:    763953288  IOPS:   253306  Throughput:   989.5 MB/s  Total: 2914.25 GB
[ 3016.5s] IOs:    764054135  IOPS:   253289  Throughput:   989.4 MB/s  Total: 2914.64 GB
[ 3017.1s] IOs:    764154618  IOPS:   253272  Throughput:   989.3 MB/s  Total: 2915.02 GB
[ 3017.7s] IOs:    764254678  IOPS:   253261  Throughput:   989.3 MB/s  Total: 2915.40 GB
[ 3018.5s] IOs:    764354925  IOPS:   253225  Throughput:   989.2 MB/s  Total: 2915.78 GB
[ 3019.0s] IOs:    764455489  IOPS:   253213  Throughput:   989.1 MB/s  Total: 2916.17 GB
[ 3019.6s] IOs:    764556455  IOPS:   253200  Throughput:   989.1 MB/s  Total: 2916.55 GB
[ 3020.1s] IOs:    764656977  IOPS:   253192  Throughput:   989.0 MB/s  Total: 2916.93 GB
[ 3020.5s] IOs:    764757849  IOPS:   253187  Throughput:   989.0 MB/s  Total: 2917.32 GB
[ 3021.0s] IOs:    764858600  IOPS:   253181  Throughput:   989.0 MB/s  Total: 2917.70 GB
[ 3021.5s] IOs:    764959043  IOPS:   253169  Throughput:   988.9 MB/s  Total: 2918.09 GB
[ 3021.8s] IOs:    765059627  IOPS:   253181  Throughput:   989.0 MB/s  Total: 2918.47 GB
[ 3022.3s] IOs:    765160310  IOPS:   253172  Throughput:   989.0 MB/s  Total: 2918.85 GB
[ 3022.7s] IOs:    765260801  IOPS:   253174  Throughput:   989.0 MB/s  Total: 2919.24 GB
[ 3023.1s] IOs:    765361379  IOPS:   253170  Throughput:   988.9 MB/s  Total: 2919.62 GB
[ 3023.6s] IOs:    765461991  IOPS:   253160  Throughput:   988.9 MB/s  Total: 2920.01 GB
[ 3024.0s] IOs:    765562688  IOPS:   253166  Throughput:   988.9 MB/s  Total: 2920.39 GB
[ 3024.2s] IOs:    765663280  IOPS:   253177  Throughput:   989.0 MB/s  Total: 2920.77 GB
[ 3024.7s] IOs:    765763395  IOPS:   253170  Throughput:   988.9 MB/s  Total: 2921.16 GB
[ 3025.0s] IOs:    765864217  IOPS:   253179  Throughput:   989.0 MB/s  Total: 2921.54 GB
[ 3025.2s] IOs:    765964889  IOPS:   253192  Throughput:   989.0 MB/s  Total: 2921.92 GB
[ 3025.6s] IOs:    766065465  IOPS:   253195  Throughput:   989.0 MB/s  Total: 2922.31 GB
[ 3026.0s] IOs:    766166057  IOPS:   253196  Throughput:   989.0 MB/s  Total: 2922.69 GB
[ 3026.2s] IOs:    766266337  IOPS:   253208  Throughput:   989.1 MB/s  Total: 2923.07 GB
[ 3026.5s] IOs:    766366474  IOPS:   253217  Throughput:   989.1 MB/s  Total: 2923.46 GB
[ 3027.0s] IOs:    766467166  IOPS:   253209  Throughput:   989.1 MB/s  Total: 2923.84 GB
[ 3027.6s] IOs:    766568039  IOPS:   253195  Throughput:   989.0 MB/s  Total: 2924.23 GB
[ 3028.0s] IOs:    766668582  IOPS:   253196  Throughput:   989.0 MB/s  Total: 2924.61 GB
[ 3028.2s] IOs:    766769098  IOPS:   253208  Throughput:   989.1 MB/s  Total: 2924.99 GB
[ 3028.8s] IOs:    766869880  IOPS:   253194  Throughput:   989.0 MB/s  Total: 2925.38 GB
[ 3029.1s] IOs:    766970571  IOPS:   253204  Throughput:   989.1 MB/s  Total: 2925.76 GB
[ 3029.6s] IOs:    767071544  IOPS:   253191  Throughput:   989.0 MB/s  Total: 2926.15 GB
[ 3030.0s] IOs:    767172116  IOPS:   253195  Throughput:   989.0 MB/s  Total: 2926.53 GB
[ 3030.2s] IOs:    767272682  IOPS:   253210  Throughput:   989.1 MB/s  Total: 2926.91 GB
[ 3030.6s] IOs:    767373243  IOPS:   253204  Throughput:   989.1 MB/s  Total: 2927.30 GB
[ 3031.1s] IOs:    767474029  IOPS:   253201  Throughput:   989.1 MB/s  Total: 2927.68 GB
[ 3031.3s] IOs:    767574458  IOPS:   253213  Throughput:   989.1 MB/s  Total: 2928.06 GB
[ 3031.6s] IOs:    767675304  IOPS:   253222  Throughput:   989.1 MB/s  Total: 2928.45 GB
[ 3032.3s] IOs:    767776164  IOPS:   253200  Throughput:   989.1 MB/s  Total: 2928.83 GB
[ 3032.5s] IOs:    767876795  IOPS:   253212  Throughput:   989.1 MB/s  Total: 2929.22 GB
[ 3033.1s] IOs:    767977491  IOPS:   253201  Throughput:   989.1 MB/s  Total: 2929.60 GB
[ 3033.6s] IOs:    768078201  IOPS:   253187  Throughput:   989.0 MB/s  Total: 2929.99 GB
[ 3034.1s] IOs:    768179118  IOPS:   253185  Throughput:   989.0 MB/s  Total: 2930.37 GB
[ 3034.6s] IOs:    768279865  IOPS:   253174  Throughput:   989.0 MB/s  Total: 2930.76 GB
[ 3035.0s] IOs:    768379889  IOPS:   253175  Throughput:   989.0 MB/s  Total: 2931.14 GB
[ 3035.2s] IOs:    768480690  IOPS:   253189  Throughput:   989.0 MB/s  Total: 2931.52 GB
[ 3035.7s] IOs:    768581642  IOPS:   253178  Throughput:   989.0 MB/s  Total: 2931.91 GB
[ 3036.1s] IOs:    768682280  IOPS:   253182  Throughput:   989.0 MB/s  Total: 2932.29 GB
[ 3036.5s] IOs:    768783002  IOPS:   253179  Throughput:   989.0 MB/s  Total: 2932.67 GB
[ 3036.7s] IOs:    768883620  IOPS:   253193  Throughput:   989.0 MB/s  Total: 2933.06 GB
[ 3037.3s] IOs:    768984628  IOPS:   253184  Throughput:   989.0 MB/s  Total: 2933.44 GB
[ 3037.6s] IOs:    769085210  IOPS:   253191  Throughput:   989.0 MB/s  Total: 2933.83 GB
[ 3037.8s] IOs:    769185738  IOPS:   253205  Throughput:   989.1 MB/s  Total: 2934.21 GB
[ 3038.2s] IOs:    769286250  IOPS:   253208  Throughput:   989.1 MB/s  Total: 2934.59 GB
[ 3038.5s] IOs:    769386764  IOPS:   253211  Throughput:   989.1 MB/s  Total: 2934.98 GB
[ 3038.7s] IOs:    769487449  IOPS:   253226  Throughput:   989.2 MB/s  Total: 2935.36 GB
[ 3039.1s] IOs:    769588066  IOPS:   253231  Throughput:   989.2 MB/s  Total: 2935.75 GB
[Reader] Parsed 98000000 lines, distributed 769653896 writes, unique 720.00 GB, skipped 12968040
[ 3039.3s] IOs:    769688112  IOPS:   253246  Throughput:   989.2 MB/s  Total: 2936.13 GB
[ 3039.6s] IOs:    769788452  IOPS:   253252  Throughput:   989.3 MB/s  Total: 2936.51 GB
[ 3039.9s] IOs:    769888750  IOPS:   253264  Throughput:   989.3 MB/s  Total: 2936.89 GB
[ 3040.2s] IOs:    769989012  IOPS:   253272  Throughput:   989.3 MB/s  Total: 2937.27 GB
[ 3040.4s] IOs:    770089469  IOPS:   253287  Throughput:   989.4 MB/s  Total: 2937.66 GB
[ 3040.6s] IOs:    770190031  IOPS:   253300  Throughput:   989.5 MB/s  Total: 2938.04 GB
[ 3040.9s] IOs:    770290665  IOPS:   253314  Throughput:   989.5 MB/s  Total: 2938.43 GB
[ 3041.1s] IOs:    770391396  IOPS:   253325  Throughput:   989.5 MB/s  Total: 2938.81 GB
[ 3041.4s] IOs:    770492145  IOPS:   253336  Throughput:   989.6 MB/s  Total: 2939.19 GB
[ 3041.6s] IOs:    770592698  IOPS:   253350  Throughput:   989.6 MB/s  Total: 2939.58 GB
[ 3041.8s] IOs:    770693249  IOPS:   253364  Throughput:   989.7 MB/s  Total: 2939.96 GB
[ 3042.1s] IOs:    770793778  IOPS:   253376  Throughput:   989.7 MB/s  Total: 2940.34 GB
[ 3042.4s] IOs:    770894659  IOPS:   253385  Throughput:   989.8 MB/s  Total: 2940.73 GB
[ 3042.6s] IOs:    770995369  IOPS:   253400  Throughput:   989.8 MB/s  Total: 2941.11 GB
[ 3042.9s] IOs:    771095589  IOPS:   253412  Throughput:   989.9 MB/s  Total: 2941.50 GB
[ 3043.3s] IOs:    771196176  IOPS:   253405  Throughput:   989.9 MB/s  Total: 2941.88 GB
[ 3043.6s] IOs:    771296670  IOPS:   253419  Throughput:   989.9 MB/s  Total: 2942.26 GB
[ 3043.8s] IOs:    771397217  IOPS:   253434  Throughput:   990.0 MB/s  Total: 2942.65 GB
[ 3044.1s] IOs:    771497656  IOPS:   253440  Throughput:   990.0 MB/s  Total: 2943.03 GB
[ 3044.4s] IOs:    771598463  IOPS:   253452  Throughput:   990.0 MB/s  Total: 2943.41 GB
[ 3044.6s] IOs:    771699074  IOPS:   253462  Throughput:   990.1 MB/s  Total: 2943.80 GB
[ 3044.9s] IOs:    771799733  IOPS:   253477  Throughput:   990.1 MB/s  Total: 2944.18 GB
[ 3045.2s] IOs:    771900573  IOPS:   253481  Throughput:   990.2 MB/s  Total: 2944.57 GB
[ 3045.4s] IOs:    772000711  IOPS:   253494  Throughput:   990.2 MB/s  Total: 2944.95 GB
[ 3045.8s] IOs:    772101247  IOPS:   253499  Throughput:   990.2 MB/s  Total: 2945.33 GB
[ 3046.1s] IOs:    772201553  IOPS:   253508  Throughput:   990.3 MB/s  Total: 2945.72 GB
[ 3046.3s] IOs:    772301879  IOPS:   253523  Throughput:   990.3 MB/s  Total: 2946.10 GB
[ 3046.6s] IOs:    772402184  IOPS:   253531  Throughput:   990.4 MB/s  Total: 2946.48 GB
[ 3046.8s] IOs:    772502965  IOPS:   253546  Throughput:   990.4 MB/s  Total: 2946.86 GB
[ 3047.1s] IOs:    772603613  IOPS:   253557  Throughput:   990.5 MB/s  Total: 2947.25 GB
[ 3047.4s] IOs:    772704170  IOPS:   253564  Throughput:   990.5 MB/s  Total: 2947.63 GB
[ 3047.6s] IOs:    772804759  IOPS:   253579  Throughput:   990.5 MB/s  Total: 2948.02 GB
[ 3047.8s] IOs:    772905006  IOPS:   253593  Throughput:   990.6 MB/s  Total: 2948.40 GB
[ 3048.1s] IOs:    773005888  IOPS:   253602  Throughput:   990.6 MB/s  Total: 2948.78 GB
[ 3048.4s] IOs:    773106328  IOPS:   253612  Throughput:   990.7 MB/s  Total: 2949.17 GB
[ 3048.6s] IOs:    773207002  IOPS:   253624  Throughput:   990.7 MB/s  Total: 2949.55 GB
[ 3049.1s] IOs:    773307612  IOPS:   253618  Throughput:   990.7 MB/s  Total: 2949.93 GB
[ 3049.6s] IOs:    773408185  IOPS:   253614  Throughput:   990.7 MB/s  Total: 2950.32 GB
[ 3049.8s] IOs:    773508672  IOPS:   253623  Throughput:   990.7 MB/s  Total: 2950.70 GB
[ 3050.3s] IOs:    773609284  IOPS:   253620  Throughput:   990.7 MB/s  Total: 2951.09 GB
[ 3050.6s] IOs:    773710219  IOPS:   253622  Throughput:   990.7 MB/s  Total: 2951.47 GB
[ 3050.9s] IOs:    773811028  IOPS:   253636  Throughput:   990.8 MB/s  Total: 2951.85 GB
[ 3051.4s] IOs:    773911930  IOPS:   253623  Throughput:   990.7 MB/s  Total: 2952.24 GB
[ 3051.7s] IOs:    774012564  IOPS:   253634  Throughput:   990.8 MB/s  Total: 2952.62 GB
[ 3051.9s] IOs:    774112903  IOPS:   253648  Throughput:   990.8 MB/s  Total: 2953.01 GB
[ 3052.3s] IOs:    774213256  IOPS:   253645  Throughput:   990.8 MB/s  Total: 2953.39 GB
[ 3052.6s] IOs:    774313409  IOPS:   253654  Throughput:   990.8 MB/s  Total: 2953.77 GB
[ 3052.9s] IOs:    774414182  IOPS:   253667  Throughput:   990.9 MB/s  Total: 2954.16 GB
[ 3053.2s] IOs:    774514834  IOPS:   253674  Throughput:   990.9 MB/s  Total: 2954.54 GB
[ 3053.4s] IOs:    774615547  IOPS:   253689  Throughput:   991.0 MB/s  Total: 2954.92 GB
[ 3053.8s] IOs:    774715819  IOPS:   253692  Throughput:   991.0 MB/s  Total: 2955.31 GB
[ 3054.0s] IOs:    774816176  IOPS:   253707  Throughput:   991.0 MB/s  Total: 2955.69 GB
[ 3054.2s] IOs:    774916714  IOPS:   253718  Throughput:   991.1 MB/s  Total: 2956.07 GB
[ 3054.5s] IOs:    775017475  IOPS:   253733  Throughput:   991.1 MB/s  Total: 2956.46 GB
[ 3054.7s] IOs:    775118280  IOPS:   253743  Throughput:   991.2 MB/s  Total: 2956.84 GB
[ 3055.0s] IOs:    775219314  IOPS:   253757  Throughput:   991.2 MB/s  Total: 2957.23 GB
[ 3055.5s] IOs:    775319678  IOPS:   253743  Throughput:   991.2 MB/s  Total: 2957.61 GB
[ 3055.8s] IOs:    775419800  IOPS:   253756  Throughput:   991.2 MB/s  Total: 2957.99 GB
[ 3056.6s] IOs:    775520356  IOPS:   253718  Throughput:   991.1 MB/s  Total: 2958.38 GB
[ 3057.2s] IOs:    775620394  IOPS:   253700  Throughput:   991.0 MB/s  Total: 2958.76 GB
[ 3057.8s] IOs:    775721294  IOPS:   253686  Throughput:   991.0 MB/s  Total: 2959.14 GB
[ 3058.3s] IOs:    775821922  IOPS:   253679  Throughput:   990.9 MB/s  Total: 2959.53 GB
[ 3058.8s] IOs:    775922632  IOPS:   253669  Throughput:   990.9 MB/s  Total: 2959.91 GB
[ 3059.3s] IOs:    776023470  IOPS:   253662  Throughput:   990.9 MB/s  Total: 2960.29 GB
[ 3059.8s] IOs:    776124348  IOPS:   253652  Throughput:   990.8 MB/s  Total: 2960.68 GB
[ 3060.3s] IOs:    776225382  IOPS:   253644  Throughput:   990.8 MB/s  Total: 2961.06 GB
[ 3060.7s] IOs:    776326205  IOPS:   253640  Throughput:   990.8 MB/s  Total: 2961.45 GB
[ 3061.2s] IOs:    776426377  IOPS:   253632  Throughput:   990.8 MB/s  Total: 2961.83 GB
[ 3061.6s] IOs:    776526905  IOPS:   253634  Throughput:   990.8 MB/s  Total: 2962.22 GB
[ 3062.1s] IOs:    776626947  IOPS:   253627  Throughput:   990.7 MB/s  Total: 2962.60 GB
[ 3062.3s] IOs:    776727873  IOPS:   253641  Throughput:   990.8 MB/s  Total: 2962.98 GB
[ 3062.9s] IOs:    776828719  IOPS:   253629  Throughput:   990.7 MB/s  Total: 2963.37 GB
[ 3063.4s] IOs:    776929731  IOPS:   253620  Throughput:   990.7 MB/s  Total: 2963.75 GB
[ 3063.9s] IOs:    777029878  IOPS:   253610  Throughput:   990.7 MB/s  Total: 2964.13 GB
[ 3064.1s] IOs:    777130619  IOPS:   253622  Throughput:   990.7 MB/s  Total: 2964.52 GB
[ 3064.4s] IOs:    777231311  IOPS:   253634  Throughput:   990.8 MB/s  Total: 2964.90 GB
[ 3064.9s] IOs:    777331660  IOPS:   253627  Throughput:   990.7 MB/s  Total: 2965.28 GB
[ 3065.2s] IOs:    777432403  IOPS:   253634  Throughput:   990.8 MB/s  Total: 2965.67 GB
[ 3065.4s] IOs:    777533178  IOPS:   253648  Throughput:   990.8 MB/s  Total: 2966.05 GB
[ 3065.8s] IOs:    777633855  IOPS:   253647  Throughput:   990.8 MB/s  Total: 2966.44 GB
[ 3066.1s] IOs:    777734054  IOPS:   253652  Throughput:   990.8 MB/s  Total: 2966.82 GB
[ 3066.4s] IOs:    777835052  IOPS:   253666  Throughput:   990.9 MB/s  Total: 2967.21 GB
[ 3066.8s] IOs:    777935613  IOPS:   253665  Throughput:   990.9 MB/s  Total: 2967.59 GB
[ 3067.0s] IOs:    778036353  IOPS:   253677  Throughput:   990.9 MB/s  Total: 2967.97 GB
[ 3067.3s] IOs:    778136483  IOPS:   253686  Throughput:   991.0 MB/s  Total: 2968.36 GB
[ 3067.7s] IOs:    778237053  IOPS:   253690  Throughput:   991.0 MB/s  Total: 2968.74 GB
[ 3068.0s] IOs:    778337719  IOPS:   253693  Throughput:   991.0 MB/s  Total: 2969.12 GB
[ 3068.3s] IOs:    778438292  IOPS:   253706  Throughput:   991.0 MB/s  Total: 2969.51 GB
[ 3068.6s] IOs:    778538843  IOPS:   253711  Throughput:   991.1 MB/s  Total: 2969.89 GB
[ 3069.0s] IOs:    778639585  IOPS:   253714  Throughput:   991.1 MB/s  Total: 2970.27 GB
[ 3069.2s] IOs:    778740382  IOPS:   253727  Throughput:   991.1 MB/s  Total: 2970.66 GB
[ 3069.4s] IOs:    778840499  IOPS:   253741  Throughput:   991.2 MB/s  Total: 2971.04 GB
[ 3069.9s] IOs:    778940838  IOPS:   253739  Throughput:   991.2 MB/s  Total: 2971.42 GB
[Reader] Parsed 99000000 lines, distributed 778957289 writes, unique 720.00 GB, skipped 14540514
[ 3070.2s] IOs:    779041018  IOPS:   253746  Throughput:   991.2 MB/s  Total: 2971.81 GB
[ 3070.5s] IOs:    779141164  IOPS:   253752  Throughput:   991.2 MB/s  Total: 2972.19 GB
[ 3070.8s] IOs:    779242078  IOPS:   253755  Throughput:   991.2 MB/s  Total: 2972.57 GB
[ 3071.2s] IOs:    779342617  IOPS:   253761  Throughput:   991.3 MB/s  Total: 2972.96 GB
[ 3071.6s] IOs:    779443555  IOPS:   253760  Throughput:   991.3 MB/s  Total: 2973.34 GB
[ 3071.8s] IOs:    779543562  IOPS:   253773  Throughput:   991.3 MB/s  Total: 2973.72 GB
[ 3072.5s] IOs:    779643871  IOPS:   253747  Throughput:   991.2 MB/s  Total: 2974.11 GB
[ 3072.8s] IOs:    779744050  IOPS:   253756  Throughput:   991.2 MB/s  Total: 2974.49 GB
[ 3073.7s] IOs:    779844961  IOPS:   253715  Throughput:   991.1 MB/s  Total: 2974.87 GB
[ 3074.3s] IOs:    779945365  IOPS:   253700  Throughput:   991.0 MB/s  Total: 2975.26 GB
[ 3074.8s] IOs:    780046352  IOPS:   253686  Throughput:   991.0 MB/s  Total: 2975.64 GB
[ 3075.3s] IOs:    780147243  IOPS:   253682  Throughput:   990.9 MB/s  Total: 2976.03 GB
[ 3075.8s] IOs:    780248225  IOPS:   253673  Throughput:   990.9 MB/s  Total: 2976.41 GB
[ 3076.4s] IOs:    780348749  IOPS:   253660  Throughput:   990.9 MB/s  Total: 2976.79 GB
[ 3077.0s] IOs:    780448886  IOPS:   253636  Throughput:   990.8 MB/s  Total: 2977.18 GB
[ 3077.3s] IOs:    780549765  IOPS:   253647  Throughput:   990.8 MB/s  Total: 2977.56 GB
[ 3077.8s] IOs:    780650744  IOPS:   253637  Throughput:   990.8 MB/s  Total: 2977.95 GB
[ 3078.5s] IOs:    780751225  IOPS:   253617  Throughput:   990.7 MB/s  Total: 2978.33 GB
[ 3078.8s] IOs:    780851253  IOPS:   253620  Throughput:   990.7 MB/s  Total: 2978.71 GB
[ 3079.2s] IOs:    780951683  IOPS:   253619  Throughput:   990.7 MB/s  Total: 2979.09 GB
[ 3079.7s] IOs:    781052589  IOPS:   253614  Throughput:   990.7 MB/s  Total: 2979.48 GB
[ 3080.0s] IOs:    781153239  IOPS:   253624  Throughput:   990.7 MB/s  Total: 2979.86 GB
[ 3080.4s] IOs:    781253905  IOPS:   253623  Throughput:   990.7 MB/s  Total: 2980.25 GB
[ 3080.9s] IOs:    781354147  IOPS:   253616  Throughput:   990.7 MB/s  Total: 2980.63 GB
[ 3081.2s] IOs:    781454222  IOPS:   253624  Throughput:   990.7 MB/s  Total: 2981.01 GB
[ 3081.5s] IOs:    781555201  IOPS:   253630  Throughput:   990.7 MB/s  Total: 2981.40 GB
[ 3081.8s] IOs:    781655892  IOPS:   253639  Throughput:   990.8 MB/s  Total: 2981.78 GB
[ 3082.2s] IOs:    781756556  IOPS:   253639  Throughput:   990.8 MB/s  Total: 2982.16 GB
[ 3082.4s] IOs:    781856762  IOPS:   253650  Throughput:   990.8 MB/s  Total: 2982.55 GB
[ 3082.7s] IOs:    781957081  IOPS:   253658  Throughput:   990.9 MB/s  Total: 2982.93 GB
[ 3083.0s] IOs:    782058038  IOPS:   253672  Throughput:   990.9 MB/s  Total: 2983.31 GB
[ 3083.4s] IOs:    782158249  IOPS:   253665  Throughput:   990.9 MB/s  Total: 2983.70 GB
[ 3083.8s] IOs:    782258310  IOPS:   253669  Throughput:   990.9 MB/s  Total: 2984.08 GB
[ 3084.1s] IOs:    782358354  IOPS:   253672  Throughput:   990.9 MB/s  Total: 2984.46 GB
[ 3084.4s] IOs:    782458663  IOPS:   253686  Throughput:   991.0 MB/s  Total: 2984.84 GB
[ 3084.8s] IOs:    782559567  IOPS:   253683  Throughput:   991.0 MB/s  Total: 2985.23 GB
[ 3085.2s] IOs:    782659921  IOPS:   253682  Throughput:   990.9 MB/s  Total: 2985.61 GB
[ 3085.6s] IOs:    782760704  IOPS:   253680  Throughput:   990.9 MB/s  Total: 2986.00 GB
[ 3085.9s] IOs:    782860810  IOPS:   253687  Throughput:   991.0 MB/s  Total: 2986.38 GB
[ 3086.3s] IOs:    782961334  IOPS:   253689  Throughput:   991.0 MB/s  Total: 2986.76 GB
[ 3086.8s] IOs:    783061379  IOPS:   253679  Throughput:   990.9 MB/s  Total: 2987.14 GB
[ 3087.2s] IOs:    783161751  IOPS:   253681  Throughput:   990.9 MB/s  Total: 2987.52 GB
[ 3087.6s] IOs:    783262482  IOPS:   253678  Throughput:   990.9 MB/s  Total: 2987.91 GB
[ 3088.1s] IOs:    783363134  IOPS:   253672  Throughput:   990.9 MB/s  Total: 2988.29 GB
[ 3088.5s] IOs:    783463433  IOPS:   253667  Throughput:   990.9 MB/s  Total: 2988.68 GB
[ 3089.1s] IOs:    783563826  IOPS:   253654  Throughput:   990.8 MB/s  Total: 2989.06 GB
[ 3089.6s] IOs:    783664516  IOPS:   253644  Throughput:   990.8 MB/s  Total: 2989.44 GB
[ 3090.1s] IOs:    783764715  IOPS:   253634  Throughput:   990.8 MB/s  Total: 2989.83 GB
[ 3090.6s] IOs:    783865402  IOPS:   253627  Throughput:   990.7 MB/s  Total: 2990.21 GB
[ 3090.9s] IOs:    783966083  IOPS:   253639  Throughput:   990.8 MB/s  Total: 2990.59 GB
[ 3091.5s] IOs:    784066724  IOPS:   253621  Throughput:   990.7 MB/s  Total: 2990.98 GB
[ 3091.8s] IOs:    784167150  IOPS:   253629  Throughput:   990.7 MB/s  Total: 2991.36 GB
[ 3092.3s] IOs:    784267624  IOPS:   253621  Throughput:   990.7 MB/s  Total: 2991.74 GB
[ 3092.7s] IOs:    784368661  IOPS:   253617  Throughput:   990.7 MB/s  Total: 2992.13 GB
[ 3093.1s] IOs:    784469527  IOPS:   253615  Throughput:   990.7 MB/s  Total: 2992.51 GB
[ 3093.7s] IOs:    784570468  IOPS:   253604  Throughput:   990.6 MB/s  Total: 2992.90 GB
[ 3094.2s] IOs:    784671314  IOPS:   253592  Throughput:   990.6 MB/s  Total: 2993.28 GB
[ 3094.7s] IOs:    784771948  IOPS:   253584  Throughput:   990.6 MB/s  Total: 2993.67 GB
[ 3095.2s] IOs:    784872590  IOPS:   253579  Throughput:   990.5 MB/s  Total: 2994.05 GB
[ 3095.7s] IOs:    784973098  IOPS:   253567  Throughput:   990.5 MB/s  Total: 2994.43 GB
[ 3096.2s] IOs:    785073578  IOPS:   253561  Throughput:   990.5 MB/s  Total: 2994.82 GB
[ 3096.8s] IOs:    785174272  IOPS:   253546  Throughput:   990.4 MB/s  Total: 2995.20 GB
[ 3097.2s] IOs:    785274528  IOPS:   253541  Throughput:   990.4 MB/s  Total: 2995.58 GB
[ 3097.7s] IOs:    785375428  IOPS:   253539  Throughput:   990.4 MB/s  Total: 2995.97 GB
[ 3098.2s] IOs:    785475990  IOPS:   253527  Throughput:   990.3 MB/s  Total: 2996.35 GB
[ 3098.6s] IOs:    785576022  IOPS:   253524  Throughput:   990.3 MB/s  Total: 2996.73 GB
[ 3098.9s] IOs:    785676737  IOPS:   253535  Throughput:   990.4 MB/s  Total: 2997.12 GB
[ 3099.4s] IOs:    785777457  IOPS:   253527  Throughput:   990.3 MB/s  Total: 2997.50 GB
[ 3099.9s] IOs:    785877499  IOPS:   253515  Throughput:   990.3 MB/s  Total: 2997.88 GB
[ 3100.4s] IOs:    785977908  IOPS:   253512  Throughput:   990.3 MB/s  Total: 2998.27 GB
[ 3100.7s] IOs:    786078910  IOPS:   253516  Throughput:   990.3 MB/s  Total: 2998.65 GB
[ 3101.1s] IOs:    786179629  IOPS:   253514  Throughput:   990.3 MB/s  Total: 2999.04 GB
[ 3101.6s] IOs:    786279854  IOPS:   253507  Throughput:   990.3 MB/s  Total: 2999.42 GB
[ 3101.9s] IOs:    786380557  IOPS:   253514  Throughput:   990.3 MB/s  Total: 2999.80 GB
[ 3102.4s] IOs:    786481249  IOPS:   253509  Throughput:   990.3 MB/s  Total: 3000.19 GB
[ 3102.9s] IOs:    786581704  IOPS:   253496  Throughput:   990.2 MB/s  Total: 3000.57 GB
[ 3103.3s] IOs:    786682043  IOPS:   253497  Throughput:   990.2 MB/s  Total: 3000.95 GB
[ 3103.7s] IOs:    786782773  IOPS:   253499  Throughput:   990.2 MB/s  Total: 3001.34 GB
[ 3104.2s] IOs:    786883364  IOPS:   253489  Throughput:   990.2 MB/s  Total: 3001.72 GB
[ 3104.5s] IOs:    786983456  IOPS:   253501  Throughput:   990.2 MB/s  Total: 3002.10 GB
[ 3105.2s] IOs:    787083954  IOPS:   253477  Throughput:   990.1 MB/s  Total: 3002.49 GB
[ 3105.8s] IOs:    787183998  IOPS:   253456  Throughput:   990.1 MB/s  Total: 3002.87 GB
[ 3107.4s] IOs:    787284900  IOPS:   253359  Throughput:   989.7 MB/s  Total: 3003.25 GB
[ 3108.5s] IOs:    787385745  IOPS:   253304  Throughput:   989.5 MB/s  Total: 3003.64 GB
[Reader] Parsed 100000000 lines, distributed 787481259 writes, unique 720.00 GB, skipped 16005989
[ 3109.4s] IOs:    787486451  IOPS:   253259  Throughput:   989.3 MB/s  Total: 3004.02 GB
[ 3110.6s] IOs:    787586537  IOPS:   253197  Throughput:   989.1 MB/s  Total: 3004.40 GB
[ 3111.0s] IOs:    787687296  IOPS:   253198  Throughput:   989.1 MB/s  Total: 3004.79 GB
[ 3112.0s] IOs:    787788141  IOPS:   253149  Throughput:   988.9 MB/s  Total: 3005.17 GB
[ 3112.6s] IOs:    787888881  IOPS:   253133  Throughput:   988.8 MB/s  Total: 3005.56 GB
[ 3113.4s] IOs:    787989565  IOPS:   253098  Throughput:   988.7 MB/s  Total: 3005.94 GB
[ 3114.0s] IOs:    788090500  IOPS:   253082  Throughput:   988.6 MB/s  Total: 3006.33 GB
[ 3114.5s] IOs:    788191090  IOPS:   253074  Throughput:   988.6 MB/s  Total: 3006.71 GB
[ 3115.0s] IOs:    788291965  IOPS:   253062  Throughput:   988.5 MB/s  Total: 3007.10 GB
[ 3115.6s] IOs:    788392847  IOPS:   253045  Throughput:   988.5 MB/s  Total: 3007.48 GB
[ 3116.1s] IOs:    788493600  IOPS:   253040  Throughput:   988.4 MB/s  Total: 3007.86 GB
[ 3116.7s] IOs:    788594398  IOPS:   253024  Throughput:   988.4 MB/s  Total: 3008.25 GB
[ 3117.0s] IOs:    788694429  IOPS:   253028  Throughput:   988.4 MB/s  Total: 3008.63 GB
[ 3117.7s] IOs:    788794865  IOPS:   253008  Throughput:   988.3 MB/s  Total: 3009.01 GB
[ 3118.0s] IOs:    788895181  IOPS:   253017  Throughput:   988.3 MB/s  Total: 3009.40 GB
[ 3118.4s] IOs:    788995685  IOPS:   253012  Throughput:   988.3 MB/s  Total: 3009.78 GB
[ 3118.7s] IOs:    789096515  IOPS:   253023  Throughput:   988.4 MB/s  Total: 3010.16 GB
[ 3119.1s] IOs:    789197235  IOPS:   253017  Throughput:   988.3 MB/s  Total: 3010.55 GB
[ 3119.5s] IOs:    789298187  IOPS:   253022  Throughput:   988.4 MB/s  Total: 3010.93 GB
[ 3119.8s] IOs:    789398700  IOPS:   253028  Throughput:   988.4 MB/s  Total: 3011.32 GB
[ 3120.2s] IOs:    789499665  IOPS:   253027  Throughput:   988.4 MB/s  Total: 3011.70 GB
[ 3120.6s] IOs:    789600546  IOPS:   253027  Throughput:   988.4 MB/s  Total: 3012.09 GB
[ 3121.2s] IOs:    789701504  IOPS:   253012  Throughput:   988.3 MB/s  Total: 3012.47 GB
[ 3121.7s] IOs:    789801909  IOPS:   253001  Throughput:   988.3 MB/s  Total: 3012.86 GB
[ 3122.3s] IOs:    789902447  IOPS:   252985  Throughput:   988.2 MB/s  Total: 3013.24 GB
[ 3122.8s] IOs:    790002951  IOPS:   252979  Throughput:   988.2 MB/s  Total: 3013.62 GB
[ 3123.6s] IOs:    790103405  IOPS:   252946  Throughput:   988.1 MB/s  Total: 3014.01 GB
[ 3124.2s] IOs:    790203891  IOPS:   252928  Throughput:   988.0 MB/s  Total: 3014.39 GB
[ 3124.7s] IOs:    790304178  IOPS:   252919  Throughput:   988.0 MB/s  Total: 3014.77 GB
[ 3125.2s] IOs:    790404728  IOPS:   252912  Throughput:   987.9 MB/s  Total: 3015.15 GB
[ 3125.7s] IOs:    790505484  IOPS:   252901  Throughput:   987.9 MB/s  Total: 3015.54 GB
[ 3126.2s] IOs:    790605744  IOPS:   252898  Throughput:   987.9 MB/s  Total: 3015.92 GB
[ 3126.7s] IOs:    790706221  IOPS:   252891  Throughput:   987.9 MB/s  Total: 3016.30 GB
[ 3127.2s] IOs:    790806638  IOPS:   252881  Throughput:   987.8 MB/s  Total: 3016.69 GB
[ 3127.6s] IOs:    790906656  IOPS:   252879  Throughput:   987.8 MB/s  Total: 3017.07 GB
[ 3128.2s] IOs:    791007098  IOPS:   252866  Throughput:   987.8 MB/s  Total: 3017.45 GB
[ 3128.8s] IOs:    791107609  IOPS:   252848  Throughput:   987.7 MB/s  Total: 3017.84 GB
[ 3129.3s] IOs:    791208088  IOPS:   252839  Throughput:   987.7 MB/s  Total: 3018.22 GB
[ 3134.8s] IOs:    791308242  IOPS:   252425  Throughput:   986.0 MB/s  Total: 3018.60 GB
[ 3135.7s] IOs:    791409005  IOPS:   252389  Throughput:   985.9 MB/s  Total: 3018.99 GB
[ 3136.3s] IOs:    791509703  IOPS:   252374  Throughput:   985.8 MB/s  Total: 3019.37 GB
[ 3136.8s] IOs:    791610585  IOPS:   252363  Throughput:   985.8 MB/s  Total: 3019.75 GB
[ 3137.3s] IOs:    791711217  IOPS:   252351  Throughput:   985.7 MB/s  Total: 3020.14 GB
[ 3137.7s] IOs:    791811999  IOPS:   252352  Throughput:   985.7 MB/s  Total: 3020.52 GB
[ 3138.3s] IOs:    791912782  IOPS:   252341  Throughput:   985.7 MB/s  Total: 3020.91 GB
[ 3138.8s] IOs:    792013606  IOPS:   252331  Throughput:   985.7 MB/s  Total: 3021.29 GB
[ 3139.2s] IOs:    792114005  IOPS:   252331  Throughput:   985.7 MB/s  Total: 3021.68 GB
[ 3139.5s] IOs:    792214247  IOPS:   252338  Throughput:   985.7 MB/s  Total: 3022.06 GB
[ 3140.1s] IOs:    792314810  IOPS:   252324  Throughput:   985.6 MB/s  Total: 3022.44 GB
[ 3140.3s] IOs:    792415781  IOPS:   252334  Throughput:   985.7 MB/s  Total: 3022.83 GB
[ 3140.9s] IOs:    792516611  IOPS:   252324  Throughput:   985.6 MB/s  Total: 3023.21 GB
[ 3141.3s] IOs:    792617463  IOPS:   252324  Throughput:   985.6 MB/s  Total: 3023.60 GB
[ 3141.9s] IOs:    792717829  IOPS:   252309  Throughput:   985.6 MB/s  Total: 3023.98 GB
[ 3142.1s] IOs:    792818636  IOPS:   252318  Throughput:   985.6 MB/s  Total: 3024.36 GB
[ 3142.4s] IOs:    792919279  IOPS:   252330  Throughput:   985.7 MB/s  Total: 3024.75 GB
[ 3143.1s] IOs:    793020235  IOPS:   252302  Throughput:   985.6 MB/s  Total: 3025.13 GB
[ 3143.6s] IOs:    793120302  IOPS:   252294  Throughput:   985.5 MB/s  Total: 3025.51 GB
[ 3161.5s] IOs:    793220498  IOPS:   250898  Throughput:   980.1 MB/s  Total: 3025.90 GB
[ 3166.1s] IOs:    793320697  IOPS:   250571  Throughput:   978.8 MB/s  Total: 3026.28 GB
[ 3169.5s] IOs:    793420901  IOPS:   250329  Throughput:   977.8 MB/s  Total: 3026.66 GB
[ 3172.1s] IOs:    793521864  IOPS:   250158  Throughput:   977.2 MB/s  Total: 3027.05 GB
[ 3173.7s] IOs:    793621974  IOPS:   250066  Throughput:   976.8 MB/s  Total: 3027.43 GB
[ 3175.7s] IOs:    793722693  IOPS:   249937  Throughput:   976.3 MB/s  Total: 3027.81 GB
[ 3177.1s] IOs:    793823409  IOPS:   249860  Throughput:   976.0 MB/s  Total: 3028.20 GB
[ 3178.2s] IOs:    793924388  IOPS:   249804  Throughput:   975.8 MB/s  Total: 3028.58 GB
[ 3179.2s] IOs:    794025184  IOPS:   249755  Throughput:   975.6 MB/s  Total: 3028.97 GB
[ 3180.2s] IOs:    794125922  IOPS:   249710  Throughput:   975.4 MB/s  Total: 3029.35 GB
[ 3181.3s] IOs:    794226118  IOPS:   249656  Throughput:   975.2 MB/s  Total: 3029.73 GB
[ 3181.5s] IOs:    794326945  IOPS:   249668  Throughput:   975.3 MB/s  Total: 3030.12 GB
[ 3181.8s] IOs:    794426950  IOPS:   249677  Throughput:   975.3 MB/s  Total: 3030.50 GB
[ 3182.0s] IOs:    794526989  IOPS:   249690  Throughput:   975.4 MB/s  Total: 3030.88 GB
[ 3182.3s] IOs:    794627992  IOPS:   249700  Throughput:   975.4 MB/s  Total: 3031.27 GB
[ 3182.6s] IOs:    794729001  IOPS:   249713  Throughput:   975.4 MB/s  Total: 3031.65 GB
[ 3182.8s] IOs:    794829399  IOPS:   249727  Throughput:   975.5 MB/s  Total: 3032.03 GB
[ 3183.0s] IOs:    794930169  IOPS:   249739  Throughput:   975.5 MB/s  Total: 3032.42 GB
[ 3183.3s] IOs:    795030467  IOPS:   249752  Throughput:   975.6 MB/s  Total: 3032.80 GB
[ 3183.5s] IOs:    795130794  IOPS:   249767  Throughput:   975.7 MB/s  Total: 3033.18 GB
[ 3183.8s] IOs:    795231145  IOPS:   249774  Throughput:   975.7 MB/s  Total: 3033.57 GB
[ 3184.1s] IOs:    795331562  IOPS:   249783  Throughput:   975.7 MB/s  Total: 3033.95 GB
[ 3184.3s] IOs:    795432217  IOPS:   249795  Throughput:   975.8 MB/s  Total: 3034.33 GB
[ 3184.6s] IOs:    795532441  IOPS:   249807  Throughput:   975.8 MB/s  Total: 3034.72 GB
[ 3184.8s] IOs:    795633152  IOPS:   249819  Throughput:   975.9 MB/s  Total: 3035.10 GB
[ 3185.1s] IOs:    795733959  IOPS:   249832  Throughput:   975.9 MB/s  Total: 3035.48 GB
[ 3185.3s] IOs:    795834579  IOPS:   249846  Throughput:   976.0 MB/s  Total: 3035.87 GB
[ 3185.5s] IOs:    795934929  IOPS:   249859  Throughput:   976.0 MB/s  Total: 3036.25 GB
[ 3185.8s] IOs:    796035012  IOPS:   249873  Throughput:   976.1 MB/s  Total: 3036.63 GB
[ 3186.0s] IOs:    796135934  IOPS:   249887  Throughput:   976.1 MB/s  Total: 3037.02 GB
[ 3186.2s] IOs:    796236544  IOPS:   249901  Throughput:   976.2 MB/s  Total: 3037.40 GB
[ 3186.4s] IOs:    796336858  IOPS:   249915  Throughput:   976.2 MB/s  Total: 3037.78 GB
[ 3186.7s] IOs:    796437608  IOPS:   249928  Throughput:   976.3 MB/s  Total: 3038.17 GB
[ 3186.9s] IOs:    796537978  IOPS:   249939  Throughput:   976.3 MB/s  Total: 3038.55 GB
[ 3187.2s] IOs:    796638490  IOPS:   249951  Throughput:   976.4 MB/s  Total: 3038.93 GB
[ 3187.4s] IOs:    796739094  IOPS:   249962  Throughput:   976.4 MB/s  Total: 3039.32 GB
[ 3187.9s] IOs:    796839322  IOPS:   249958  Throughput:   976.4 MB/s  Total: 3039.70 GB
[ 3188.1s] IOs:    796939939  IOPS:   249971  Throughput:   976.4 MB/s  Total: 3040.08 GB
[ 3188.6s] IOs:    797040294  IOPS:   249967  Throughput:   976.4 MB/s  Total: 3040.47 GB
[ 3188.9s] IOs:    797140764  IOPS:   249976  Throughput:   976.5 MB/s  Total: 3040.85 GB
[ 3189.3s] IOs:    797240812  IOPS:   249971  Throughput:   976.4 MB/s  Total: 3041.23 GB
[ 3189.8s] IOs:    797341523  IOPS:   249966  Throughput:   976.4 MB/s  Total: 3041.62 GB
[ 3190.2s] IOs:    797442180  IOPS:   249970  Throughput:   976.4 MB/s  Total: 3042.00 GB
[ 3190.6s] IOs:    797542471  IOPS:   249965  Throughput:   976.4 MB/s  Total: 3042.38 GB
[ 3190.9s] IOs:    797643182  IOPS:   249978  Throughput:   976.5 MB/s  Total: 3042.77 GB
[ 3191.2s] IOs:    797744061  IOPS:   249982  Throughput:   976.5 MB/s  Total: 3043.15 GB
[ 3191.9s] IOs:    797844705  IOPS:   249962  Throughput:   976.4 MB/s  Total: 3043.54 GB
[ 3192.1s] IOs:    797945581  IOPS:   249975  Throughput:   976.5 MB/s  Total: 3043.92 GB
[ 3192.4s] IOs:    798046318  IOPS:   249984  Throughput:   976.5 MB/s  Total: 3044.31 GB
[ 3192.6s] IOs:    798147114  IOPS:   249996  Throughput:   976.5 MB/s  Total: 3044.69 GB
[Reader] Parsed 101000000 lines, distributed 798169018 writes, unique 720.00 GB, skipped 18696554
[ 3192.9s] IOs:    798247598  IOPS:   250009  Throughput:   976.6 MB/s  Total: 3045.07 GB
[ 3193.1s] IOs:    798348610  IOPS:   250020  Throughput:   976.6 MB/s  Total: 3045.46 GB
[ 3193.4s] IOs:    798449601  IOPS:   250032  Throughput:   976.7 MB/s  Total: 3045.84 GB
[ 3193.6s] IOs:    798549918  IOPS:   250044  Throughput:   976.7 MB/s  Total: 3046.23 GB
[ 3193.9s] IOs:    798650721  IOPS:   250057  Throughput:   976.8 MB/s  Total: 3046.61 GB
[ 3194.1s] IOs:    798750996  IOPS:   250071  Throughput:   976.8 MB/s  Total: 3046.99 GB
[ 3194.4s] IOs:    798851868  IOPS:   250081  Throughput:   976.9 MB/s  Total: 3047.38 GB
[ 3194.6s] IOs:    798952202  IOPS:   250094  Throughput:   976.9 MB/s  Total: 3047.76 GB
[ 3194.8s] IOs:    799053057  IOPS:   250107  Throughput:   977.0 MB/s  Total: 3048.15 GB
[ 3195.3s] IOs:    799154041  IOPS:   250106  Throughput:   977.0 MB/s  Total: 3048.53 GB
[ 3195.5s] IOs:    799254536  IOPS:   250119  Throughput:   977.0 MB/s  Total: 3048.91 GB
[ 3195.8s] IOs:    799354899  IOPS:   250126  Throughput:   977.1 MB/s  Total: 3049.30 GB
[ 3196.0s] IOs:    799455228  IOPS:   250139  Throughput:   977.1 MB/s  Total: 3049.68 GB
[ 3196.4s] IOs:    799555608  IOPS:   250143  Throughput:   977.1 MB/s  Total: 3050.06 GB
[ 3196.7s] IOs:    799656400  IOPS:   250148  Throughput:   977.1 MB/s  Total: 3050.45 GB
[ 3197.0s] IOs:    799757353  IOPS:   250161  Throughput:   977.2 MB/s  Total: 3050.83 GB
[ 3197.3s] IOs:    799858296  IOPS:   250165  Throughput:   977.2 MB/s  Total: 3051.22 GB
[ 3197.5s] IOs:    799958444  IOPS:   250179  Throughput:   977.3 MB/s  Total: 3051.60 GB
[ 3197.8s] IOs:    800058727  IOPS:   250187  Throughput:   977.3 MB/s  Total: 3051.98 GB
[ 3198.1s] IOs:    800159070  IOPS:   250202  Throughput:   977.3 MB/s  Total: 3052.36 GB
[ 3198.4s] IOs:    800259768  IOPS:   250207  Throughput:   977.4 MB/s  Total: 3052.75 GB
[ 3198.7s] IOs:    800360721  IOPS:   250214  Throughput:   977.4 MB/s  Total: 3053.13 GB
[ 3199.2s] IOs:    800461113  IOPS:   250205  Throughput:   977.4 MB/s  Total: 3053.52 GB
[ 3199.8s] IOs:    800561999  IOPS:   250194  Throughput:   977.3 MB/s  Total: 3053.90 GB
[ 3200.3s] IOs:    800663012  IOPS:   250188  Throughput:   977.3 MB/s  Total: 3054.29 GB
[ 3200.7s] IOs:    800763355  IOPS:   250183  Throughput:   977.3 MB/s  Total: 3054.67 GB
[ 3201.0s] IOs:    800863946  IOPS:   250192  Throughput:   977.3 MB/s  Total: 3055.05 GB
[ 3201.4s] IOs:    800964392  IOPS:   250188  Throughput:   977.3 MB/s  Total: 3055.44 GB
[ 3201.9s] IOs:    801064676  IOPS:   250185  Throughput:   977.3 MB/s  Total: 3055.82 GB
[ 3202.4s] IOs:    801165523  IOPS:   250175  Throughput:   977.2 MB/s  Total: 3056.20 GB
[ 3202.7s] IOs:    801265994  IOPS:   250182  Throughput:   977.3 MB/s  Total: 3056.59 GB
[ 3203.0s] IOs:    801366272  IOPS:   250194  Throughput:   977.3 MB/s  Total: 3056.97 GB
[ 3203.5s] IOs:    801466729  IOPS:   250187  Throughput:   977.3 MB/s  Total: 3057.35 GB
[ 3203.8s] IOs:    801567284  IOPS:   250190  Throughput:   977.3 MB/s  Total: 3057.74 GB
[ 3204.3s] IOs:    801667969  IOPS:   250184  Throughput:   977.3 MB/s  Total: 3058.12 GB
[ 3204.6s] IOs:    801768629  IOPS:   250194  Throughput:   977.3 MB/s  Total: 3058.50 GB
[ 3205.1s] IOs:    801869336  IOPS:   250183  Throughput:   977.3 MB/s  Total: 3058.89 GB
[ 3205.4s] IOs:    801969343  IOPS:   250195  Throughput:   977.3 MB/s  Total: 3059.27 GB
[ 3205.9s] IOs:    802069416  IOPS:   250186  Throughput:   977.3 MB/s  Total: 3059.65 GB
[ 3206.2s] IOs:    802169951  IOPS:   250191  Throughput:   977.3 MB/s  Total: 3060.04 GB
[ 3206.5s] IOs:    802270193  IOPS:   250203  Throughput:   977.4 MB/s  Total: 3060.42 GB
[ 3207.0s] IOs:    802370505  IOPS:   250193  Throughput:   977.3 MB/s  Total: 3060.80 GB
[ 3207.3s] IOs:    802470607  IOPS:   250198  Throughput:   977.3 MB/s  Total: 3061.18 GB
[ 3207.6s] IOs:    802570832  IOPS:   250209  Throughput:   977.4 MB/s  Total: 3061.56 GB
[ 3207.9s] IOs:    802671170  IOPS:   250219  Throughput:   977.4 MB/s  Total: 3061.95 GB
[ 3208.2s] IOs:    802771708  IOPS:   250221  Throughput:   977.4 MB/s  Total: 3062.33 GB
[ 3208.5s] IOs:    802872237  IOPS:   250235  Throughput:   977.5 MB/s  Total: 3062.71 GB
[ 3208.8s] IOs:    802973070  IOPS:   250239  Throughput:   977.5 MB/s  Total: 3063.10 GB
[ 3209.1s] IOs:    803074073  IOPS:   250249  Throughput:   977.5 MB/s  Total: 3063.48 GB
[ 3209.4s] IOs:    803174149  IOPS:   250255  Throughput:   977.6 MB/s  Total: 3063.87 GB
[ 3209.7s] IOs:    803275057  IOPS:   250265  Throughput:   977.6 MB/s  Total: 3064.25 GB
[ 3210.0s] IOs:    803375908  IOPS:   250277  Throughput:   977.6 MB/s  Total: 3064.64 GB
[ 3210.2s] IOs:    803476407  IOPS:   250286  Throughput:   977.7 MB/s  Total: 3065.02 GB
[ 3210.5s] IOs:    803577250  IOPS:   250300  Throughput:   977.7 MB/s  Total: 3065.40 GB
[ 3210.8s] IOs:    803678056  IOPS:   250306  Throughput:   977.8 MB/s  Total: 3065.79 GB
[ 3211.0s] IOs:    803778854  IOPS:   250318  Throughput:   977.8 MB/s  Total: 3066.17 GB
[ 3211.3s] IOs:    803879121  IOPS:   250325  Throughput:   977.8 MB/s  Total: 3066.56 GB
[ 3211.6s] IOs:    803979824  IOPS:   250338  Throughput:   977.9 MB/s  Total: 3066.94 GB
[ 3211.8s] IOs:    804080501  IOPS:   250351  Throughput:   977.9 MB/s  Total: 3067.32 GB
[ 3212.2s] IOs:    804180618  IOPS:   250349  Throughput:   977.9 MB/s  Total: 3067.71 GB
[ 3212.5s] IOs:    804280729  IOPS:   250359  Throughput:   978.0 MB/s  Total: 3068.09 GB
[ 3212.9s] IOs:    804380985  IOPS:   250362  Throughput:   978.0 MB/s  Total: 3068.47 GB
[ 3213.3s] IOs:    804481005  IOPS:   250357  Throughput:   978.0 MB/s  Total: 3068.85 GB
[ 3213.6s] IOs:    804581382  IOPS:   250371  Throughput:   978.0 MB/s  Total: 3069.23 GB
[ 3213.9s] IOs:    804681689  IOPS:   250372  Throughput:   978.0 MB/s  Total: 3069.62 GB
[ 3214.2s] IOs:    804782042  IOPS:   250384  Throughput:   978.1 MB/s  Total: 3070.00 GB
[ 3214.4s] IOs:    804882789  IOPS:   250397  Throughput:   978.1 MB/s  Total: 3070.38 GB
[ 3214.9s] IOs:    804983288  IOPS:   250395  Throughput:   978.1 MB/s  Total: 3070.77 GB
[ 3215.1s] IOs:    805083687  IOPS:   250409  Throughput:   978.2 MB/s  Total: 3071.15 GB
[ 3215.7s] IOs:    805184351  IOPS:   250395  Throughput:   978.1 MB/s  Total: 3071.53 GB
[ 3215.9s] IOs:    805284802  IOPS:   250408  Throughput:   978.2 MB/s  Total: 3071.92 GB
[ 3216.5s] IOs:    805385520  IOPS:   250393  Throughput:   978.1 MB/s  Total: 3072.30 GB
[ 3217.0s] IOs:    805485922  IOPS:   250387  Throughput:   978.1 MB/s  Total: 3072.68 GB
[ 3217.4s] IOs:    805586367  IOPS:   250380  Throughput:   978.0 MB/s  Total: 3073.07 GB
[ 3217.8s] IOs:    805687025  IOPS:   250383  Throughput:   978.1 MB/s  Total: 3073.45 GB
[ 3218.3s] IOs:    805787805  IOPS:   250375  Throughput:   978.0 MB/s  Total: 3073.84 GB
[ 3218.8s] IOs:    805888465  IOPS:   250372  Throughput:   978.0 MB/s  Total: 3074.22 GB
[ 3219.0s] IOs:    805988740  IOPS:   250382  Throughput:   978.1 MB/s  Total: 3074.60 GB
[ 3219.4s] IOs:    806088816  IOPS:   250382  Throughput:   978.1 MB/s  Total: 3074.98 GB
[ 3219.9s] IOs:    806189527  IOPS:   250375  Throughput:   978.0 MB/s  Total: 3075.37 GB
[ 3220.2s] IOs:    806289970  IOPS:   250381  Throughput:   978.1 MB/s  Total: 3075.75 GB
[ 3220.5s] IOs:    806390068  IOPS:   250395  Throughput:   978.1 MB/s  Total: 3076.13 GB
[ 3220.9s] IOs:    806490504  IOPS:   250395  Throughput:   978.1 MB/s  Total: 3076.52 GB
[ 3221.3s] IOs:    806591245  IOPS:   250392  Throughput:   978.1 MB/s  Total: 3076.90 GB
[ 3221.6s] IOs:    806691582  IOPS:   250404  Throughput:   978.1 MB/s  Total: 3077.28 GB
[ 3221.8s] IOs:    806791735  IOPS:   250413  Throughput:   978.2 MB/s  Total: 3077.67 GB
[ 3222.1s] IOs:    806892130  IOPS:   250424  Throughput:   978.2 MB/s  Total: 3078.05 GB
[ 3222.7s] IOs:    806992744  IOPS:   250405  Throughput:   978.1 MB/s  Total: 3078.43 GB
[Reader] Parsed 102000000 lines, distributed 807040311 writes, unique 720.00 GB, skipped 21370962
[ 3223.4s] IOs:    807093734  IOPS:   250388  Throughput:   978.1 MB/s  Total: 3078.82 GB
[ 3223.9s] IOs:    807194756  IOPS:   250380  Throughput:   978.0 MB/s  Total: 3079.20 GB
[ 3224.4s] IOs:    807295384  IOPS:   250370  Throughput:   978.0 MB/s  Total: 3079.59 GB
[ 3224.9s] IOs:    807395992  IOPS:   250361  Throughput:   978.0 MB/s  Total: 3079.97 GB
[ 3225.5s] IOs:    807496402  IOPS:   250350  Throughput:   977.9 MB/s  Total: 3080.35 GB
[ 3226.0s] IOs:    807596968  IOPS:   250342  Throughput:   977.9 MB/s  Total: 3080.74 GB
[ 3226.5s] IOs:    807697857  IOPS:   250336  Throughput:   977.9 MB/s  Total: 3081.12 GB
[ 3226.9s] IOs:    807798079  IOPS:   250332  Throughput:   977.9 MB/s  Total: 3081.51 GB
[ 3227.4s] IOs:    807898268  IOPS:   250323  Throughput:   977.8 MB/s  Total: 3081.89 GB
[ 3227.8s] IOs:    807999123  IOPS:   250324  Throughput:   977.8 MB/s  Total: 3082.27 GB
[ 3228.3s] IOs:    808099935  IOPS:   250320  Throughput:   977.8 MB/s  Total: 3082.66 GB
[ 3228.8s] IOs:    808200784  IOPS:   250307  Throughput:   977.8 MB/s  Total: 3083.04 GB
[ 3229.7s] IOs:    808301280  IOPS:   250268  Throughput:   977.6 MB/s  Total: 3083.42 GB
[ 3230.4s] IOs:    808401708  IOPS:   250249  Throughput:   977.5 MB/s  Total: 3083.81 GB
[ 3230.9s] IOs:    808502366  IOPS:   250243  Throughput:   977.5 MB/s  Total: 3084.19 GB
[ 3231.4s] IOs:    808602879  IOPS:   250233  Throughput:   977.5 MB/s  Total: 3084.58 GB
[ 3232.0s] IOs:    808703805  IOPS:   250222  Throughput:   977.4 MB/s  Total: 3084.96 GB
[ 3232.4s] IOs:    808804482  IOPS:   250215  Throughput:   977.4 MB/s  Total: 3085.34 GB
[ 3232.9s] IOs:    808905004  IOPS:   250208  Throughput:   977.4 MB/s  Total: 3085.73 GB
[ 3233.4s] IOs:    809005566  IOPS:   250203  Throughput:   977.4 MB/s  Total: 3086.11 GB
[ 3233.9s] IOs:    809106550  IOPS:   250193  Throughput:   977.3 MB/s  Total: 3086.50 GB
[ 3234.3s] IOs:    809207375  IOPS:   250198  Throughput:   977.3 MB/s  Total: 3086.88 GB
[ 3234.5s] IOs:    809307848  IOPS:   250209  Throughput:   977.4 MB/s  Total: 3087.26 GB
[ 3235.0s] IOs:    809408147  IOPS:   250201  Throughput:   977.3 MB/s  Total: 3087.65 GB
[ 3235.4s] IOs:    809508940  IOPS:   250206  Throughput:   977.4 MB/s  Total: 3088.03 GB
[ 3235.9s] IOs:    809609881  IOPS:   250196  Throughput:   977.3 MB/s  Total: 3088.42 GB
[ 3236.2s] IOs:    809710833  IOPS:   250202  Throughput:   977.4 MB/s  Total: 3088.80 GB
[ 3236.4s] IOs:    809811416  IOPS:   250217  Throughput:   977.4 MB/s  Total: 3089.19 GB
[ 3236.9s] IOs:    809911455  IOPS:   250211  Throughput:   977.4 MB/s  Total: 3089.57 GB
[ 3237.3s] IOs:    810011957  IOPS:   250215  Throughput:   977.4 MB/s  Total: 3089.95 GB
[ 3237.5s] IOs:    810112661  IOPS:   250229  Throughput:   977.5 MB/s  Total: 3090.33 GB
[ 3237.9s] IOs:    810213095  IOPS:   250225  Throughput:   977.4 MB/s  Total: 3090.72 GB
[ 3238.2s] IOs:    810313605  IOPS:   250232  Throughput:   977.5 MB/s  Total: 3091.10 GB
[ 3238.8s] IOs:    810414578  IOPS:   250218  Throughput:   977.4 MB/s  Total: 3091.49 GB
[ 3239.9s] IOs:    810515547  IOPS:   250168  Throughput:   977.2 MB/s  Total: 3091.87 GB
[ 3240.4s] IOs:    810616448  IOPS:   250160  Throughput:   977.2 MB/s  Total: 3092.26 GB
[ 3241.2s] IOs:    810716672  IOPS:   250127  Throughput:   977.1 MB/s  Total: 3092.64 GB
[ 3241.9s] IOs:    810816997  IOPS:   250106  Throughput:   977.0 MB/s  Total: 3093.02 GB
[ 3242.3s] IOs:    810917279  IOPS:   250107  Throughput:   977.0 MB/s  Total: 3093.40 GB
[ 3242.9s] IOs:    811017533  IOPS:   250087  Throughput:   976.9 MB/s  Total: 3093.79 GB
[ 3243.4s] IOs:    811118258  IOPS:   250084  Throughput:   976.9 MB/s  Total: 3094.17 GB
[ 3244.0s] IOs:    811219052  IOPS:   250070  Throughput:   976.8 MB/s  Total: 3094.56 GB
[ 3244.5s] IOs:    811319528  IOPS:   250060  Throughput:   976.8 MB/s  Total: 3094.94 GB
[ 3245.0s] IOs:    811420291  IOPS:   250056  Throughput:   976.8 MB/s  Total: 3095.32 GB
[ 3245.4s] IOs:    811520998  IOPS:   250050  Throughput:   976.8 MB/s  Total: 3095.71 GB
[ 3245.9s] IOs:    811621801  IOPS:   250048  Throughput:   976.7 MB/s  Total: 3096.09 GB
[ 3246.4s] IOs:    811722699  IOPS:   250036  Throughput:   976.7 MB/s  Total: 3096.48 GB
[ 3246.8s] IOs:    811822964  IOPS:   250039  Throughput:   976.7 MB/s  Total: 3096.86 GB
[ 3247.3s] IOs:    811923778  IOPS:   250032  Throughput:   976.7 MB/s  Total: 3097.24 GB
[ 3247.6s] IOs:    812023919  IOPS:   250038  Throughput:   976.7 MB/s  Total: 3097.63 GB
[ 3248.1s] IOs:    812124120  IOPS:   250027  Throughput:   976.7 MB/s  Total: 3098.01 GB
[ 3248.4s] IOs:    812224190  IOPS:   250037  Throughput:   976.7 MB/s  Total: 3098.39 GB
[ 3248.8s] IOs:    812324611  IOPS:   250037  Throughput:   976.7 MB/s  Total: 3098.77 GB
[ 3249.3s] IOs:    812425375  IOPS:   250030  Throughput:   976.7 MB/s  Total: 3099.16 GB
[ 3250.0s] IOs:    812525811  IOPS:   250010  Throughput:   976.6 MB/s  Total: 3099.54 GB
[ 3250.2s] IOs:    812626331  IOPS:   250023  Throughput:   976.7 MB/s  Total: 3099.92 GB
[ 3250.6s] IOs:    812726524  IOPS:   250024  Throughput:   976.7 MB/s  Total: 3100.31 GB
[ 3251.1s] IOs:    812826725  IOPS:   250014  Throughput:   976.6 MB/s  Total: 3100.69 GB
[ 3251.5s] IOs:    812927218  IOPS:   250019  Throughput:   976.6 MB/s  Total: 3101.07 GB
[ 3252.0s] IOs:    813028023  IOPS:   250009  Throughput:   976.6 MB/s  Total: 3101.46 GB
[ 3252.3s] IOs:    813128050  IOPS:   250014  Throughput:   976.6 MB/s  Total: 3101.84 GB
[ 3252.8s] IOs:    813228450  IOPS:   250012  Throughput:   976.6 MB/s  Total: 3102.22 GB
[ 3253.0s] IOs:    813329052  IOPS:   250022  Throughput:   976.6 MB/s  Total: 3102.60 GB
[ 3253.5s] IOs:    813429421  IOPS:   250017  Throughput:   976.6 MB/s  Total: 3102.99 GB
[ 3254.1s] IOs:    813529535  IOPS:   250005  Throughput:   976.6 MB/s  Total: 3103.37 GB
[ 3254.3s] IOs:    813630509  IOPS:   250014  Throughput:   976.6 MB/s  Total: 3103.75 GB
[ 3254.8s] IOs:    813731172  IOPS:   250008  Throughput:   976.6 MB/s  Total: 3104.14 GB
[ 3255.2s] IOs:    813831610  IOPS:   250012  Throughput:   976.6 MB/s  Total: 3104.52 GB
[ 3255.4s] IOs:    813932110  IOPS:   250022  Throughput:   976.6 MB/s  Total: 3104.90 GB
[ 3255.9s] IOs:    814032778  IOPS:   250014  Throughput:   976.6 MB/s  Total: 3105.29 GB
[ 3256.5s] IOs:    814133359  IOPS:   250004  Throughput:   976.6 MB/s  Total: 3105.67 GB
[ 3256.7s] IOs:    814233619  IOPS:   250017  Throughput:   976.6 MB/s  Total: 3106.05 GB
[ 3257.0s] IOs:    814333787  IOPS:   250024  Throughput:   976.7 MB/s  Total: 3106.44 GB
[ 3257.4s] IOs:    814433892  IOPS:   250025  Throughput:   976.7 MB/s  Total: 3106.82 GB
[ 3257.6s] IOs:    814534740  IOPS:   250039  Throughput:   976.7 MB/s  Total: 3107.20 GB
[ 3258.0s] IOs:    814635334  IOPS:   250044  Throughput:   976.7 MB/s  Total: 3107.59 GB
[ 3258.4s] IOs:    814735970  IOPS:   250043  Throughput:   976.7 MB/s  Total: 3107.97 GB
[ 3258.6s] IOs:    814836566  IOPS:   250057  Throughput:   976.8 MB/s  Total: 3108.35 GB
[ 3259.0s] IOs:    814937028  IOPS:   250055  Throughput:   976.8 MB/s  Total: 3108.74 GB
[ 3259.6s] IOs:    815037882  IOPS:   250046  Throughput:   976.7 MB/s  Total: 3109.12 GB
[ 3259.8s] IOs:    815138728  IOPS:   250059  Throughput:   976.8 MB/s  Total: 3109.51 GB
[ 3260.1s] IOs:    815238961  IOPS:   250065  Throughput:   976.8 MB/s  Total: 3109.89 GB
[ 3260.5s] IOs:    815339809  IOPS:   250064  Throughput:   976.8 MB/s  Total: 3110.27 GB
[ 3260.8s] IOs:    815440323  IOPS:   250077  Throughput:   976.9 MB/s  Total: 3110.66 GB
[ 3261.1s] IOs:    815540528  IOPS:   250082  Throughput:   976.9 MB/s  Total: 3111.04 GB
[ 3261.4s] IOs:    815641188  IOPS:   250086  Throughput:   976.9 MB/s  Total: 3111.42 GB
[ 3261.7s] IOs:    815741849  IOPS:   250099  Throughput:   977.0 MB/s  Total: 3111.81 GB
[ 3262.0s] IOs:    815842319  IOPS:   250104  Throughput:   977.0 MB/s  Total: 3112.19 GB
[ 3262.2s] IOs:    815942832  IOPS:   250118  Throughput:   977.0 MB/s  Total: 3112.57 GB
[ 3262.5s] IOs:    816043498  IOPS:   250126  Throughput:   977.1 MB/s  Total: 3112.96 GB
[ 3262.8s] IOs:    816144302  IOPS:   250139  Throughput:   977.1 MB/s  Total: 3113.34 GB
[Reader] Parsed 103000000 lines, distributed 816156421 writes, unique 720.00 GB, skipped 26494305
[ 3263.1s] IOs:    816245134  IOPS:   250145  Throughput:   977.1 MB/s  Total: 3113.73 GB
[ 3263.3s] IOs:    816346026  IOPS:   250158  Throughput:   977.2 MB/s  Total: 3114.11 GB
[ 3263.6s] IOs:    816447009  IOPS:   250166  Throughput:   977.2 MB/s  Total: 3114.50 GB
[ 3264.3s] IOs:    816547342  IOPS:   250147  Throughput:   977.1 MB/s  Total: 3114.88 GB
[ 3265.0s] IOs:    816648171  IOPS:   250122  Throughput:   977.0 MB/s  Total: 3115.27 GB
[ 3265.9s] IOs:    816748717  IOPS:   250081  Throughput:   976.9 MB/s  Total: 3115.65 GB
[ 3266.7s] IOs:    816849296  IOPS:   250055  Throughput:   976.8 MB/s  Total: 3116.03 GB
[ 3267.1s] IOs:    816949802  IOPS:   250052  Throughput:   976.8 MB/s  Total: 3116.42 GB
[ 3268.1s] IOs:    817050785  IOPS:   250011  Throughput:   976.6 MB/s  Total: 3116.80 GB
[ 3268.6s] IOs:    817151424  IOPS:   250001  Throughput:   976.6 MB/s  Total: 3117.19 GB
[ 3269.2s] IOs:    817252142  IOPS:   249988  Throughput:   976.5 MB/s  Total: 3117.57 GB
[ 3270.0s] IOs:    817352954  IOPS:   249954  Throughput:   976.4 MB/s  Total: 3117.95 GB
[ 3270.6s] IOs:    817453754  IOPS:   249937  Throughput:   976.3 MB/s  Total: 3118.34 GB
[ 3271.0s] IOs:    817554432  IOPS:   249940  Throughput:   976.3 MB/s  Total: 3118.72 GB
[ 3271.6s] IOs:    817654585  IOPS:   249928  Throughput:   976.3 MB/s  Total: 3119.10 GB
[ 3272.1s] IOs:    817754754  IOPS:   249918  Throughput:   976.2 MB/s  Total: 3119.49 GB
[ 3272.6s] IOs:    817855093  IOPS:   249913  Throughput:   976.2 MB/s  Total: 3119.87 GB
[ 3273.1s] IOs:    817955118  IOPS:   249904  Throughput:   976.2 MB/s  Total: 3120.25 GB
[ 3273.4s] IOs:    818055635  IOPS:   249908  Throughput:   976.2 MB/s  Total: 3120.63 GB
[ 3273.7s] IOs:    818156028  IOPS:   249922  Throughput:   976.3 MB/s  Total: 3121.02 GB
[ 3274.2s] IOs:    818257037  IOPS:   249911  Throughput:   976.2 MB/s  Total: 3121.40 GB
[ 3274.5s] IOs:    818357756  IOPS:   249915  Throughput:   976.2 MB/s  Total: 3121.79 GB
[ 3275.4s] IOs:    818458346  IOPS:   249879  Throughput:   976.1 MB/s  Total: 3122.17 GB
[ 3276.5s] IOs:    818559200  IOPS:   249824  Throughput:   975.9 MB/s  Total: 3122.56 GB
[ 3278.0s] IOs:    818659297  IOPS:   249741  Throughput:   975.6 MB/s  Total: 3122.94 GB
[ 3279.0s] IOs:    818760102  IOPS:   249696  Throughput:   975.4 MB/s  Total: 3123.32 GB
[ 3280.0s] IOs:    818861017  IOPS:   249650  Throughput:   975.2 MB/s  Total: 3123.71 GB
[ 3281.1s] IOs:    818961445  IOPS:   249603  Throughput:   975.0 MB/s  Total: 3124.09 GB
[ 3282.0s] IOs:    819062224  IOPS:   249562  Throughput:   974.8 MB/s  Total: 3124.47 GB
[ 3282.7s] IOs:    819162739  IOPS:   249542  Throughput:   974.8 MB/s  Total: 3124.86 GB
[ 3283.7s] IOs:    819263465  IOPS:   249494  Throughput:   974.6 MB/s  Total: 3125.24 GB
[ 3284.1s] IOs:    819364035  IOPS:   249492  Throughput:   974.6 MB/s  Total: 3125.63 GB
[ 3284.7s] IOs:    819464909  IOPS:   249476  Throughput:   974.5 MB/s  Total: 3126.01 GB
[ 3285.5s] IOs:    819565642  IOPS:   249446  Throughput:   974.4 MB/s  Total: 3126.39 GB
[ 3286.1s] IOs:    819666177  IOPS:   249433  Throughput:   974.3 MB/s  Total: 3126.78 GB
[ 3286.7s] IOs:    819766583  IOPS:   249420  Throughput:   974.3 MB/s  Total: 3127.16 GB
[ 3287.0s] IOs:    819866924  IOPS:   249424  Throughput:   974.3 MB/s  Total: 3127.54 GB
[ 3287.6s] IOs:    819967377  IOPS:   249413  Throughput:   974.3 MB/s  Total: 3127.93 GB
[ 3288.0s] IOs:    820068225  IOPS:   249410  Throughput:   974.3 MB/s  Total: 3128.31 GB
[ 3288.5s] IOs:    820168763  IOPS:   249402  Throughput:   974.2 MB/s  Total: 3128.70 GB
[ 3289.2s] IOs:    820269637  IOPS:   249385  Throughput:   974.2 MB/s  Total: 3129.08 GB
[ 3289.6s] IOs:    820370659  IOPS:   249381  Throughput:   974.1 MB/s  Total: 3129.47 GB
[ 3290.2s] IOs:    820471586  IOPS:   249369  Throughput:   974.1 MB/s  Total: 3129.85 GB
[ 3290.8s] IOs:    820572314  IOPS:   249351  Throughput:   974.0 MB/s  Total: 3130.23 GB
[ 3291.1s] IOs:    820673284  IOPS:   249364  Throughput:   974.1 MB/s  Total: 3130.62 GB
[ 3291.7s] IOs:    820773859  IOPS:   249350  Throughput:   974.0 MB/s  Total: 3131.00 GB
[ 3292.0s] IOs:    820874491  IOPS:   249353  Throughput:   974.0 MB/s  Total: 3131.39 GB
[ 3292.5s] IOs:    820974864  IOPS:   249348  Throughput:   974.0 MB/s  Total: 3131.77 GB
[ 3292.7s] IOs:    821075500  IOPS:   249360  Throughput:   974.1 MB/s  Total: 3132.15 GB
[ 3293.2s] IOs:    821176001  IOPS:   249359  Throughput:   974.1 MB/s  Total: 3132.54 GB
[ 3293.5s] IOs:    821276081  IOPS:   249359  Throughput:   974.1 MB/s  Total: 3132.92 GB
[ 3294.0s] IOs:    821376993  IOPS:   249352  Throughput:   974.0 MB/s  Total: 3133.30 GB
[ 3294.6s] IOs:    821477065  IOPS:   249343  Throughput:   974.0 MB/s  Total: 3133.69 GB
[ 3295.1s] IOs:    821577434  IOPS:   249335  Throughput:   974.0 MB/s  Total: 3134.07 GB
[ 3295.5s] IOs:    821678182  IOPS:   249330  Throughput:   973.9 MB/s  Total: 3134.45 GB
[ 3296.1s] IOs:    821778721  IOPS:   249320  Throughput:   973.9 MB/s  Total: 3134.84 GB
[ 3296.6s] IOs:    821879028  IOPS:   249311  Throughput:   973.9 MB/s  Total: 3135.22 GB
[ 3297.0s] IOs:    821979613  IOPS:   249313  Throughput:   973.9 MB/s  Total: 3135.60 GB
[ 3297.2s] IOs:    822080131  IOPS:   249324  Throughput:   973.9 MB/s  Total: 3135.99 GB
[ 3297.7s] IOs:    822180738  IOPS:   249319  Throughput:   973.9 MB/s  Total: 3136.37 GB
[ 3298.2s] IOs:    822281109  IOPS:   249310  Throughput:   973.9 MB/s  Total: 3136.75 GB
[ 3298.5s] IOs:    822382115  IOPS:   249317  Throughput:   973.9 MB/s  Total: 3137.14 GB
[ 3299.1s] IOs:    822482720  IOPS:   249307  Throughput:   973.9 MB/s  Total: 3137.52 GB
[ 3299.4s] IOs:    822583682  IOPS:   249312  Throughput:   973.9 MB/s  Total: 3137.91 GB
[ 3299.6s] IOs:    822684490  IOPS:   249325  Throughput:   973.9 MB/s  Total: 3138.29 GB
[ 3300.1s] IOs:    822785186  IOPS:   249318  Throughput:   973.9 MB/s  Total: 3138.68 GB
[ 3300.5s] IOs:    822885800  IOPS:   249321  Throughput:   973.9 MB/s  Total: 3139.06 GB
[ 3300.7s] IOs:    822986476  IOPS:   249333  Throughput:   974.0 MB/s  Total: 3139.44 GB
[ 3301.6s] IOs:    823086693  IOPS:   249303  Throughput:   973.8 MB/s  Total: 3139.83 GB
[ 3302.5s] IOs:    823187439  IOPS:   249259  Throughput:   973.7 MB/s  Total: 3140.21 GB
[ 3303.1s] IOs:    823287616  IOPS:   249245  Throughput:   973.6 MB/s  Total: 3140.59 GB
[ 3304.1s] IOs:    823387826  IOPS:   249204  Throughput:   973.5 MB/s  Total: 3140.98 GB
[ 3304.7s] IOs:    823488745  IOPS:   249189  Throughput:   973.4 MB/s  Total: 3141.36 GB
[ 3305.5s] IOs:    823589494  IOPS:   249158  Throughput:   973.3 MB/s  Total: 3141.74 GB
[Reader] Parsed 104000000 lines, distributed 823680230 writes, unique 720.00 GB, skipped 30461763
[ 3306.0s] IOs:    823690358  IOPS:   249147  Throughput:   973.2 MB/s  Total: 3142.13 GB
[ 3306.6s] IOs:    823791287  IOPS:   249134  Throughput:   973.2 MB/s  Total: 3142.51 GB
[ 3307.2s] IOs:    823892153  IOPS:   249124  Throughput:   973.1 MB/s  Total: 3142.90 GB
[ 3307.6s] IOs:    823992365  IOPS:   249118  Throughput:   973.1 MB/s  Total: 3143.28 GB
[ 3308.2s] IOs:    824092429  IOPS:   249109  Throughput:   973.1 MB/s  Total: 3143.66 GB
[ 3308.6s] IOs:    824193383  IOPS:   249107  Throughput:   973.1 MB/s  Total: 3144.05 GB
[ 3309.1s] IOs:    824294057  IOPS:   249096  Throughput:   973.0 MB/s  Total: 3144.43 GB
[ 3309.5s] IOs:    824394797  IOPS:   249098  Throughput:   973.0 MB/s  Total: 3144.82 GB
[ 3310.0s] IOs:    824495542  IOPS:   249093  Throughput:   973.0 MB/s  Total: 3145.20 GB
[ 3310.2s] IOs:    824595971  IOPS:   249105  Throughput:   973.1 MB/s  Total: 3145.58 GB
[ 3311.0s] IOs:    824696592  IOPS:   249080  Throughput:   973.0 MB/s  Total: 3145.97 GB
[ 3311.6s] IOs:    824797120  IOPS:   249066  Throughput:   972.9 MB/s  Total: 3146.35 GB
[ 3312.2s] IOs:    824897736  IOPS:   249047  Throughput:   972.8 MB/s  Total: 3146.74 GB
[ 3312.6s] IOs:    824998395  IOPS:   249047  Throughput:   972.8 MB/s  Total: 3147.12 GB
[ 3313.2s] IOs:    825099217  IOPS:   249031  Throughput:   972.8 MB/s  Total: 3147.50 GB
[ 3314.0s] IOs:    825199697  IOPS:   249006  Throughput:   972.7 MB/s  Total: 3147.89 GB
[ 3314.5s] IOs:    825300330  IOPS:   248996  Throughput:   972.6 MB/s  Total: 3148.27 GB
[ 3315.0s] IOs:    825400776  IOPS:   248987  Throughput:   972.6 MB/s  Total: 3148.65 GB
[ 3315.5s] IOs:    825501102  IOPS:   248982  Throughput:   972.6 MB/s  Total: 3149.04 GB
[ 3315.8s] IOs:    825601289  IOPS:   248992  Throughput:   972.6 MB/s  Total: 3149.42 GB
[ 3316.3s] IOs:    825702275  IOPS:   248982  Throughput:   972.6 MB/s  Total: 3149.80 GB
[ 3316.7s] IOs:    825803120  IOPS:   248987  Throughput:   972.6 MB/s  Total: 3150.19 GB
[ 3317.1s] IOs:    825903906  IOPS:   248981  Throughput:   972.6 MB/s  Total: 3150.57 GB
[ 3317.7s] IOs:    826004848  IOPS:   248973  Throughput:   972.5 MB/s  Total: 3150.96 GB
[ 3318.0s] IOs:    826104905  IOPS:   248979  Throughput:   972.6 MB/s  Total: 3151.34 GB
[ 3318.2s] IOs:    826205120  IOPS:   248991  Throughput:   972.6 MB/s  Total: 3151.72 GB
[ 3318.7s] IOs:    826306003  IOPS:   248982  Throughput:   972.6 MB/s  Total: 3152.11 GB
[ 3319.2s] IOs:    826406241  IOPS:   248975  Throughput:   972.6 MB/s  Total: 3152.49 GB
[ 3319.5s] IOs:    826507103  IOPS:   248986  Throughput:   972.6 MB/s  Total: 3152.87 GB
[ 3319.7s] IOs:    826607975  IOPS:   248999  Throughput:   972.7 MB/s  Total: 3153.26 GB
[ 3320.0s] IOs:    826708990  IOPS:   249011  Throughput:   972.7 MB/s  Total: 3153.64 GB
[ 3320.2s] IOs:    826809785  IOPS:   249022  Throughput:   972.7 MB/s  Total: 3154.03 GB
[ 3320.5s] IOs:    826910344  IOPS:   249030  Throughput:   972.8 MB/s  Total: 3154.41 GB
[ 3320.8s] IOs:    827011063  IOPS:   249042  Throughput:   972.8 MB/s  Total: 3154.80 GB
[ 3321.0s] IOs:    827111782  IOPS:   249055  Throughput:   972.9 MB/s  Total: 3155.18 GB
[ 3321.3s] IOs:    827212430  IOPS:   249064  Throughput:   972.9 MB/s  Total: 3155.56 GB
[ 3321.5s] IOs:    827312695  IOPS:   249079  Throughput:   973.0 MB/s  Total: 3155.95 GB
[ 3321.7s] IOs:    827413327  IOPS:   249091  Throughput:   973.0 MB/s  Total: 3156.33 GB
[ 3321.9s] IOs:    827513644  IOPS:   249105  Throughput:   973.1 MB/s  Total: 3156.71 GB
[ 3322.2s] IOs:    827613877  IOPS:   249114  Throughput:   973.1 MB/s  Total: 3157.10 GB
[ 3322.5s] IOs:    827714237  IOPS:   249127  Throughput:   973.2 MB/s  Total: 3157.48 GB
[ 3322.7s] IOs:    827814488  IOPS:   249139  Throughput:   973.2 MB/s  Total: 3157.86 GB
[ 3322.9s] IOs:    827915184  IOPS:   249153  Throughput:   973.3 MB/s  Total: 3158.25 GB
[ 3323.2s] IOs:    828015729  IOPS:   249162  Throughput:   973.3 MB/s  Total: 3158.63 GB
[ 3323.4s] IOs:    828116715  IOPS:   249175  Throughput:   973.3 MB/s  Total: 3159.01 GB
[ 3323.7s] IOs:    828217530  IOPS:   249186  Throughput:   973.4 MB/s  Total: 3159.40 GB
[ 3323.9s] IOs:    828318288  IOPS:   249200  Throughput:   973.4 MB/s  Total: 3159.78 GB
[ 3324.2s] IOs:    828418598  IOPS:   249208  Throughput:   973.5 MB/s  Total: 3160.17 GB
[ 3324.4s] IOs:    828518799  IOPS:   249221  Throughput:   973.5 MB/s  Total: 3160.55 GB
[ 3324.9s] IOs:    828619315  IOPS:   249219  Throughput:   973.5 MB/s  Total: 3160.93 GB
[ 3325.1s] IOs:    828720192  IOPS:   249233  Throughput:   973.6 MB/s  Total: 3161.32 GB
[ 3325.3s] IOs:    828820548  IOPS:   249244  Throughput:   973.6 MB/s  Total: 3161.70 GB
[ 3325.7s] IOs:    828921441  IOPS:   249250  Throughput:   973.6 MB/s  Total: 3162.08 GB
[ 3326.0s] IOs:    829021915  IOPS:   249257  Throughput:   973.7 MB/s  Total: 3162.47 GB
[ 3326.3s] IOs:    829122278  IOPS:   249262  Throughput:   973.7 MB/s  Total: 3162.85 GB
[ 3326.5s] IOs:    829223228  IOPS:   249275  Throughput:   973.7 MB/s  Total: 3163.24 GB
[ 3326.8s] IOs:    829324230  IOPS:   249284  Throughput:   973.8 MB/s  Total: 3163.62 GB
[ 3327.2s] IOs:    829424970  IOPS:   249289  Throughput:   973.8 MB/s  Total: 3164.01 GB
[ 3327.4s] IOs:    829525149  IOPS:   249301  Throughput:   973.8 MB/s  Total: 3164.39 GB
[ 3327.8s] IOs:    829625575  IOPS:   249298  Throughput:   973.8 MB/s  Total: 3164.77 GB
[ 3328.2s] IOs:    829725909  IOPS:   249299  Throughput:   973.8 MB/s  Total: 3165.15 GB
[ 3328.5s] IOs:    829826392  IOPS:   249311  Throughput:   973.9 MB/s  Total: 3165.54 GB
[ 3328.8s] IOs:    829927042  IOPS:   249317  Throughput:   973.9 MB/s  Total: 3165.92 GB
[ 3329.2s] IOs:    830027618  IOPS:   249318  Throughput:   973.9 MB/s  Total: 3166.30 GB
[ 3329.4s] IOs:    830127827  IOPS:   249329  Throughput:   973.9 MB/s  Total: 3166.69 GB
[ 3329.7s] IOs:    830228083  IOPS:   249337  Throughput:   974.0 MB/s  Total: 3167.07 GB
[ 3330.0s] IOs:    830328142  IOPS:   249351  Throughput:   974.0 MB/s  Total: 3167.45 GB
[ 3330.3s] IOs:    830428156  IOPS:   249354  Throughput:   974.0 MB/s  Total: 3167.83 GB
[ 3330.6s] IOs:    830528192  IOPS:   249366  Throughput:   974.1 MB/s  Total: 3168.21 GB
[ 3330.8s] IOs:    830628548  IOPS:   249376  Throughput:   974.1 MB/s  Total: 3168.60 GB
[ 3331.1s] IOs:    830729316  IOPS:   249387  Throughput:   974.2 MB/s  Total: 3168.98 GB
[ 3331.4s] IOs:    830829916  IOPS:   249397  Throughput:   974.2 MB/s  Total: 3169.36 GB
[ 3331.6s] IOs:    830930565  IOPS:   249410  Throughput:   974.3 MB/s  Total: 3169.75 GB
[ 3331.9s] IOs:    831031282  IOPS:   249415  Throughput:   974.3 MB/s  Total: 3170.13 GB
[ 3332.2s] IOs:    831131352  IOPS:   249428  Throughput:   974.3 MB/s  Total: 3170.51 GB
[ 3332.5s] IOs:    831231686  IOPS:   249435  Throughput:   974.4 MB/s  Total: 3170.90 GB
[ 3332.7s] IOs:    831331864  IOPS:   249448  Throughput:   974.4 MB/s  Total: 3171.28 GB
[ 3333.0s] IOs:    831431974  IOPS:   249456  Throughput:   974.4 MB/s  Total: 3171.66 GB
[ 3333.2s] IOs:    831532140  IOPS:   249468  Throughput:   974.5 MB/s  Total: 3172.04 GB
[ 3333.4s] IOs:    831632169  IOPS:   249481  Throughput:   974.5 MB/s  Total: 3172.42 GB
[ 3333.7s] IOs:    831732927  IOPS:   249489  Throughput:   974.6 MB/s  Total: 3172.81 GB
[ 3334.0s] IOs:    831833381  IOPS:   249502  Throughput:   974.6 MB/s  Total: 3173.19 GB
[ 3334.4s] IOs:    831933885  IOPS:   249501  Throughput:   974.6 MB/s  Total: 3173.58 GB
[ 3334.7s] IOs:    832034448  IOPS:   249510  Throughput:   974.6 MB/s  Total: 3173.96 GB
[ 3335.0s] IOs:    832135343  IOPS:   249515  Throughput:   974.7 MB/s  Total: 3174.34 GB
[ 3335.3s] IOs:    832235399  IOPS:   249524  Throughput:   974.7 MB/s  Total: 3174.73 GB
[ 3335.5s] IOs:    832335734  IOPS:   249536  Throughput:   974.7 MB/s  Total: 3175.11 GB
[ 3336.0s] IOs:    832436190  IOPS:   249534  Throughput:   974.7 MB/s  Total: 3175.49 GB
[Reader] Parsed 105000000 lines, distributed 832457648 writes, unique 720.00 GB, skipped 34525990
[ 3336.2s] IOs:    832536886  IOPS:   249543  Throughput:   974.8 MB/s  Total: 3175.88 GB
[ 3336.5s] IOs:    832637551  IOPS:   249556  Throughput:   974.8 MB/s  Total: 3176.26 GB
[ 3336.9s] IOs:    832738513  IOPS:   249557  Throughput:   974.8 MB/s  Total: 3176.65 GB
[ 3337.2s] IOs:    832839340  IOPS:   249563  Throughput:   974.9 MB/s  Total: 3177.03 GB
[ 3337.5s] IOs:    832939991  IOPS:   249571  Throughput:   974.9 MB/s  Total: 3177.41 GB
[ 3337.9s] IOs:    833040204  IOPS:   249570  Throughput:   974.9 MB/s  Total: 3177.80 GB
[ 3338.2s] IOs:    833140740  IOPS:   249578  Throughput:   974.9 MB/s  Total: 3178.18 GB
[ 3338.4s] IOs:    833241685  IOPS:   249590  Throughput:   975.0 MB/s  Total: 3178.56 GB
[ 3338.8s] IOs:    833342304  IOPS:   249591  Throughput:   975.0 MB/s  Total: 3178.95 GB
[ 3339.0s] IOs:    833442770  IOPS:   249606  Throughput:   975.0 MB/s  Total: 3179.33 GB
[ 3339.3s] IOs:    833543707  IOPS:   249613  Throughput:   975.1 MB/s  Total: 3179.72 GB
[ 3339.8s] IOs:    833643867  IOPS:   249611  Throughput:   975.0 MB/s  Total: 3180.10 GB
[ 3340.2s] IOs:    833744776  IOPS:   249608  Throughput:   975.0 MB/s  Total: 3180.48 GB
[ 3340.8s] IOs:    833845273  IOPS:   249593  Throughput:   975.0 MB/s  Total: 3180.87 GB
[ 3341.1s] IOs:    833945423  IOPS:   249604  Throughput:   975.0 MB/s  Total: 3181.25 GB
[ 3341.4s] IOs:    834046360  IOPS:   249613  Throughput:   975.1 MB/s  Total: 3181.63 GB
[ 3342.0s] IOs:    834146612  IOPS:   249592  Throughput:   975.0 MB/s  Total: 3182.02 GB
[ 3342.3s] IOs:    834247648  IOPS:   249603  Throughput:   975.0 MB/s  Total: 3182.40 GB
[ 3342.8s] IOs:    834348630  IOPS:   249592  Throughput:   975.0 MB/s  Total: 3182.79 GB
[ 3343.3s] IOs:    834448737  IOPS:   249586  Throughput:   974.9 MB/s  Total: 3183.17 GB
[ 3343.7s] IOs:    834549505  IOPS:   249588  Throughput:   975.0 MB/s  Total: 3183.55 GB
[ 3343.9s] IOs:    834649963  IOPS:   249602  Throughput:   975.0 MB/s  Total: 3183.94 GB
[ 3344.5s] IOs:    834750084  IOPS:   249593  Throughput:   975.0 MB/s  Total: 3184.32 GB
[ 3344.8s] IOs:    834850145  IOPS:   249595  Throughput:   975.0 MB/s  Total: 3184.70 GB
[ 3345.3s] IOs:    834950545  IOPS:   249592  Throughput:   975.0 MB/s  Total: 3185.08 GB
[ 3345.6s] IOs:    835051260  IOPS:   249599  Throughput:   975.0 MB/s  Total: 3185.47 GB
[ 3345.9s] IOs:    835151415  IOPS:   249601  Throughput:   975.0 MB/s  Total: 3185.85 GB
[ 3346.6s] IOs:    835251893  IOPS:   249585  Throughput:   974.9 MB/s  Total: 3186.23 GB
[ 3347.0s] IOs:    835352814  IOPS:   249584  Throughput:   974.9 MB/s  Total: 3186.62 GB
[ 3347.5s] IOs:    835453496  IOPS:   249577  Throughput:   974.9 MB/s  Total: 3187.00 GB
[ 3347.9s] IOs:    835554430  IOPS:   249574  Throughput:   974.9 MB/s  Total: 3187.39 GB
[ 3348.6s] IOs:    835654756  IOPS:   249555  Throughput:   974.8 MB/s  Total: 3187.77 GB
[ 3348.9s] IOs:    835754889  IOPS:   249562  Throughput:   974.9 MB/s  Total: 3188.15 GB
[ 3349.4s] IOs:    835854988  IOPS:   249557  Throughput:   974.8 MB/s  Total: 3188.53 GB
[ 3349.8s] IOs:    835955309  IOPS:   249554  Throughput:   974.8 MB/s  Total: 3188.92 GB
[ 3350.2s] IOs:    836055644  IOPS:   249550  Throughput:   974.8 MB/s  Total: 3189.30 GB
[ 3350.5s] IOs:    836156492  IOPS:   249563  Throughput:   974.9 MB/s  Total: 3189.68 GB
[ 3350.9s] IOs:    836257214  IOPS:   249559  Throughput:   974.8 MB/s  Total: 3190.07 GB
[ 3351.5s] IOs:    836357453  IOPS:   249547  Throughput:   974.8 MB/s  Total: 3190.45 GB
[ 3351.8s] IOs:    836458112  IOPS:   249559  Throughput:   974.8 MB/s  Total: 3190.83 GB
[ 3352.2s] IOs:    836558324  IOPS:   249558  Throughput:   974.8 MB/s  Total: 3191.22 GB
[ 3352.4s] IOs:    836659169  IOPS:   249570  Throughput:   974.9 MB/s  Total: 3191.60 GB
[ 3352.9s] IOs:    836759308  IOPS:   249564  Throughput:   974.9 MB/s  Total: 3191.98 GB
[ 3353.2s] IOs:    836859564  IOPS:   249572  Throughput:   974.9 MB/s  Total: 3192.37 GB
[ 3353.4s] IOs:    836960126  IOPS:   249586  Throughput:   974.9 MB/s  Total: 3192.75 GB
[ 3353.8s] IOs:    837060693  IOPS:   249588  Throughput:   975.0 MB/s  Total: 3193.13 GB
[ 3354.0s] IOs:    837161214  IOPS:   249601  Throughput:   975.0 MB/s  Total: 3193.52 GB
[ 3354.3s] IOs:    837261905  IOPS:   249605  Throughput:   975.0 MB/s  Total: 3193.90 GB
[ 3354.7s] IOs:    837362296  IOPS:   249610  Throughput:   975.0 MB/s  Total: 3194.28 GB
[ 3355.5s] IOs:    837462984  IOPS:   249580  Throughput:   974.9 MB/s  Total: 3194.67 GB
[ 3356.2s] IOs:    837563008  IOPS:   249554  Throughput:   974.8 MB/s  Total: 3195.05 GB
[ 3356.8s] IOs:    837663895  IOPS:   249544  Throughput:   974.8 MB/s  Total: 3195.43 GB
[ 3357.5s] IOs:    837764406  IOPS:   249520  Throughput:   974.7 MB/s  Total: 3195.82 GB
[ 3357.8s] IOs:    837864739  IOPS:   249525  Throughput:   974.7 MB/s  Total: 3196.20 GB
[ 3358.4s] IOs:    837965436  IOPS:   249511  Throughput:   974.7 MB/s  Total: 3196.58 GB
[ 3359.2s] IOs:    838065967  IOPS:   249484  Throughput:   974.5 MB/s  Total: 3196.97 GB
[ 3359.8s] IOs:    838166738  IOPS:   249472  Throughput:   974.5 MB/s  Total: 3197.35 GB
[ 3360.7s] IOs:    838267477  IOPS:   249433  Throughput:   974.3 MB/s  Total: 3197.74 GB
[ 3361.3s] IOs:    838368156  IOPS:   249419  Throughput:   974.3 MB/s  Total: 3198.12 GB
[ 3361.9s] IOs:    838468698  IOPS:   249405  Throughput:   974.2 MB/s  Total: 3198.50 GB
[ 3362.8s] IOs:    838569537  IOPS:   249369  Throughput:   974.1 MB/s  Total: 3198.89 GB
[ 3363.5s] IOs:    838670234  IOPS:   249343  Throughput:   974.0 MB/s  Total: 3199.27 GB
[ 3363.8s] IOs:    838770497  IOPS:   249349  Throughput:   974.0 MB/s  Total: 3199.66 GB
[ 3364.4s] IOs:    838871142  IOPS:   249334  Throughput:   974.0 MB/s  Total: 3200.04 GB
[ 3365.2s] IOs:    838971327  IOPS:   249311  Throughput:   973.9 MB/s  Total: 3200.42 GB
[ 3365.7s] IOs:    839071888  IOPS:   249302  Throughput:   973.8 MB/s  Total: 3200.81 GB
[ 3366.2s] IOs:    839172522  IOPS:   249294  Throughput:   973.8 MB/s  Total: 3201.19 GB
[ 3366.7s] IOs:    839272783  IOPS:   249288  Throughput:   973.8 MB/s  Total: 3201.57 GB
[ 3367.0s] IOs:    839373465  IOPS:   249296  Throughput:   973.8 MB/s  Total: 3201.96 GB
[ 3367.4s] IOs:    839474207  IOPS:   249292  Throughput:   973.8 MB/s  Total: 3202.34 GB
[ 3367.9s] IOs:    839574888  IOPS:   249287  Throughput:   973.8 MB/s  Total: 3202.72 GB
[ 3368.4s] IOs:    839675411  IOPS:   249280  Throughput:   973.7 MB/s  Total: 3203.11 GB
[ 3368.7s] IOs:    839775985  IOPS:   249285  Throughput:   973.8 MB/s  Total: 3203.49 GB
[ 3369.2s] IOs:    839876572  IOPS:   249283  Throughput:   973.8 MB/s  Total: 3203.87 GB
[ 3369.4s] IOs:    839977399  IOPS:   249292  Throughput:   973.8 MB/s  Total: 3204.26 GB
[ 3369.8s] IOs:    840077964  IOPS:   249296  Throughput:   973.8 MB/s  Total: 3204.64 GB
[ 3370.2s] IOs:    840178798  IOPS:   249293  Throughput:   973.8 MB/s  Total: 3205.03 GB
[ 3370.9s] IOs:    840279084  IOPS:   249275  Throughput:   973.7 MB/s  Total: 3205.41 GB
[ 3371.3s] IOs:    840379392  IOPS:   249271  Throughput:   973.7 MB/s  Total: 3205.79 GB
[ 3371.9s] IOs:    840479702  IOPS:   249257  Throughput:   973.7 MB/s  Total: 3206.18 GB
[ 3372.6s] IOs:    840580282  IOPS:   249240  Throughput:   973.6 MB/s  Total: 3206.56 GB
[ 3373.2s] IOs:    840680600  IOPS:   249221  Throughput:   973.5 MB/s  Total: 3206.94 GB
[ 3373.8s] IOs:    840781271  IOPS:   249209  Throughput:   973.5 MB/s  Total: 3207.33 GB
[ 3374.3s] IOs:    840882150  IOPS:   249205  Throughput:   973.5 MB/s  Total: 3207.71 GB
[ 3374.7s] IOs:    840982894  IOPS:   249200  Throughput:   973.4 MB/s  Total: 3208.10 GB
[ 3375.1s] IOs:    841083588  IOPS:   249206  Throughput:   973.5 MB/s  Total: 3208.48 GB
[ 3375.4s] IOs:    841183795  IOPS:   249206  Throughput:   973.5 MB/s  Total: 3208.86 GB
[ 3375.9s] IOs:    841283827  IOPS:   249201  Throughput:   973.4 MB/s  Total: 3209.24 GB
[ 3376.5s] IOs:    841384498  IOPS:   249190  Throughput:   973.4 MB/s  Total: 3209.63 GB
[Reader] Parsed 106000000 lines, distributed 841444491 writes, unique 720.00 GB, skipped 36922464
[ 3377.0s] IOs:    841484807  IOPS:   249185  Throughput:   973.4 MB/s  Total: 3210.01 GB
[ 3377.5s] IOs:    841585755  IOPS:   249173  Throughput:   973.3 MB/s  Total: 3210.39 GB
[ 3378.0s] IOs:    841686266  IOPS:   249169  Throughput:   973.3 MB/s  Total: 3210.78 GB
[ 3378.5s] IOs:    841786856  IOPS:   249158  Throughput:   973.3 MB/s  Total: 3211.16 GB
[ 3379.0s] IOs:    841887565  IOPS:   249152  Throughput:   973.3 MB/s  Total: 3211.55 GB
[ 3379.4s] IOs:    841988415  IOPS:   249150  Throughput:   973.2 MB/s  Total: 3211.93 GB
[ 3379.9s] IOs:    842089088  IOPS:   249144  Throughput:   973.2 MB/s  Total: 3212.31 GB
[ 3380.4s] IOs:    842189979  IOPS:   249139  Throughput:   973.2 MB/s  Total: 3212.70 GB
[ 3381.2s] IOs:    842290183  IOPS:   249114  Throughput:   973.1 MB/s  Total: 3213.08 GB
[ 3381.8s] IOs:    842390760  IOPS:   249093  Throughput:   973.0 MB/s  Total: 3213.47 GB
[ 3382.9s] IOs:    842491490  IOPS:   249044  Throughput:   972.8 MB/s  Total: 3213.85 GB
[ 3383.4s] IOs:    842592394  IOPS:   249038  Throughput:   972.8 MB/s  Total: 3214.23 GB
[ 3384.4s] IOs:    842692894  IOPS:   248997  Throughput:   972.6 MB/s  Total: 3214.62 GB
[ 3384.9s] IOs:    842793449  IOPS:   248986  Throughput:   972.6 MB/s  Total: 3215.00 GB
[ 3385.7s] IOs:    842894390  IOPS:   248955  Throughput:   972.5 MB/s  Total: 3215.39 GB
[ 3386.3s] IOs:    842995393  IOPS:   248942  Throughput:   972.4 MB/s  Total: 3215.77 GB
[ 3386.9s] IOs:    843096372  IOPS:   248929  Throughput:   972.4 MB/s  Total: 3216.16 GB
[ 3387.6s] IOs:    843197030  IOPS:   248909  Throughput:   972.3 MB/s  Total: 3216.54 GB
[ 3388.3s] IOs:    843297993  IOPS:   248888  Throughput:   972.2 MB/s  Total: 3216.93 GB
[ 3388.8s] IOs:    843398655  IOPS:   248876  Throughput:   972.2 MB/s  Total: 3217.31 GB
[ 3389.4s] IOs:    843499683  IOPS:   248863  Throughput:   972.1 MB/s  Total: 3217.70 GB
[ 3390.0s] IOs:    843600185  IOPS:   248846  Throughput:   972.1 MB/s  Total: 3218.08 GB
[ 3390.6s] IOs:    843700988  IOPS:   248838  Throughput:   972.0 MB/s  Total: 3218.46 GB
[ 3391.3s] IOs:    843801883  IOPS:   248816  Throughput:   971.9 MB/s  Total: 3218.85 GB
[ 3391.8s] IOs:    843902391  IOPS:   248804  Throughput:   971.9 MB/s  Total: 3219.23 GB
[ 3392.5s] IOs:    844003353  IOPS:   248784  Throughput:   971.8 MB/s  Total: 3219.62 GB
[ 3392.9s] IOs:    844103831  IOPS:   248788  Throughput:   971.8 MB/s  Total: 3220.00 GB
[ 3393.5s] IOs:    844204391  IOPS:   248773  Throughput:   971.8 MB/s  Total: 3220.38 GB
[ 3393.9s] IOs:    844304480  IOPS:   248769  Throughput:   971.8 MB/s  Total: 3220.77 GB
[ 3394.5s] IOs:    844404707  IOPS:   248759  Throughput:   971.7 MB/s  Total: 3221.15 GB
[ 3394.8s] IOs:    844505631  IOPS:   248761  Throughput:   971.7 MB/s  Total: 3221.53 GB
[ 3395.3s] IOs:    844606590  IOPS:   248754  Throughput:   971.7 MB/s  Total: 3221.92 GB
[ 3395.9s] IOs:    844706689  IOPS:   248742  Throughput:   971.6 MB/s  Total: 3222.30 GB
[ 3396.5s] IOs:    844806922  IOPS:   248729  Throughput:   971.6 MB/s  Total: 3222.68 GB
[ 3397.1s] IOs:    844907288  IOPS:   248716  Throughput:   971.5 MB/s  Total: 3223.07 GB
[ 3397.5s] IOs:    845007753  IOPS:   248715  Throughput:   971.5 MB/s  Total: 3223.45 GB
[ 3398.0s] IOs:    845108522  IOPS:   248704  Throughput:   971.5 MB/s  Total: 3223.83 GB
[ 3398.6s] IOs:    845209457  IOPS:   248691  Throughput:   971.4 MB/s  Total: 3224.22 GB
[ 3399.2s] IOs:    845309474  IOPS:   248676  Throughput:   971.4 MB/s  Total: 3224.60 GB
[ 3399.8s] IOs:    845409533  IOPS:   248661  Throughput:   971.3 MB/s  Total: 3224.98 GB
[ 3400.4s] IOs:    845510077  IOPS:   248648  Throughput:   971.3 MB/s  Total: 3225.36 GB
[ 3400.9s] IOs:    845610887  IOPS:   248640  Throughput:   971.3 MB/s  Total: 3225.75 GB
[ 3401.5s] IOs:    845710967  IOPS:   248632  Throughput:   971.2 MB/s  Total: 3226.13 GB
[ 3402.1s] IOs:    845811663  IOPS:   248618  Throughput:   971.2 MB/s  Total: 3226.52 GB
[ 3402.5s] IOs:    845912309  IOPS:   248613  Throughput:   971.1 MB/s  Total: 3226.90 GB
[ 3403.0s] IOs:    846012987  IOPS:   248606  Throughput:   971.1 MB/s  Total: 3227.28 GB
[ 3403.5s] IOs:    846113679  IOPS:   248598  Throughput:   971.1 MB/s  Total: 3227.67 GB
[ 3403.9s] IOs:    846214049  IOPS:   248601  Throughput:   971.1 MB/s  Total: 3228.05 GB
[ 3404.5s] IOs:    846314103  IOPS:   248591  Throughput:   971.1 MB/s  Total: 3228.43 GB
[ 3404.8s] IOs:    846414622  IOPS:   248593  Throughput:   971.1 MB/s  Total: 3228.82 GB
[ 3405.0s] IOs:    846514990  IOPS:   248607  Throughput:   971.1 MB/s  Total: 3229.20 GB
[ 3405.6s] IOs:    846615770  IOPS:   248594  Throughput:   971.1 MB/s  Total: 3229.58 GB
[ 3405.9s] IOs:    846716131  IOPS:   248602  Throughput:   971.1 MB/s  Total: 3229.97 GB
[ 3406.3s] IOs:    846816620  IOPS:   248601  Throughput:   971.1 MB/s  Total: 3230.35 GB
[ 3406.7s] IOs:    846917197  IOPS:   248606  Throughput:   971.1 MB/s  Total: 3230.73 GB
[ 3407.0s] IOs:    847017756  IOPS:   248609  Throughput:   971.1 MB/s  Total: 3231.12 GB
[ 3407.4s] IOs:    847117937  IOPS:   248609  Throughput:   971.1 MB/s  Total: 3231.50 GB
[ 3407.7s] IOs:    847218726  IOPS:   248620  Throughput:   971.2 MB/s  Total: 3231.88 GB
[ 3408.2s] IOs:    847318974  IOPS:   248614  Throughput:   971.1 MB/s  Total: 3232.27 GB
[ 3408.5s] IOs:    847418982  IOPS:   248620  Throughput:   971.2 MB/s  Total: 3232.65 GB
[ 3408.8s] IOs:    847519739  IOPS:   248625  Throughput:   971.2 MB/s  Total: 3233.03 GB
[ 3409.3s] IOs:    847620406  IOPS:   248624  Throughput:   971.2 MB/s  Total: 3233.42 GB
[ 3409.6s] IOs:    847720482  IOPS:   248628  Throughput:   971.2 MB/s  Total: 3233.80 GB
[ 3410.1s] IOs:    847821353  IOPS:   248619  Throughput:   971.2 MB/s  Total: 3234.18 GB
[ 3410.4s] IOs:    847921693  IOPS:   248625  Throughput:   971.2 MB/s  Total: 3234.56 GB
[ 3410.7s] IOs:    848022685  IOPS:   248638  Throughput:   971.2 MB/s  Total: 3234.95 GB
[ 3411.4s] IOs:    848122983  IOPS:   248614  Throughput:   971.1 MB/s  Total: 3235.33 GB
[ 3411.9s] IOs:    848223157  IOPS:   248608  Throughput:   971.1 MB/s  Total: 3235.71 GB
[ 3412.2s] IOs:    848323296  IOPS:   248612  Throughput:   971.1 MB/s  Total: 3236.10 GB
[ 3412.7s] IOs:    848424046  IOPS:   248609  Throughput:   971.1 MB/s  Total: 3236.48 GB
[ 3413.4s] IOs:    848524142  IOPS:   248588  Throughput:   971.0 MB/s  Total: 3236.86 GB
[ 3413.7s] IOs:    848624838  IOPS:   248597  Throughput:   971.1 MB/s  Total: 3237.25 GB
[ 3414.2s] IOs:    848725827  IOPS:   248588  Throughput:   971.0 MB/s  Total: 3237.63 GB
[ 3414.6s] IOs:    848826457  IOPS:   248586  Throughput:   971.0 MB/s  Total: 3238.02 GB
[ 3415.1s] IOs:    848927448  IOPS:   248581  Throughput:   971.0 MB/s  Total: 3238.40 GB
[ 3415.6s] IOs:    849028075  IOPS:   248575  Throughput:   971.0 MB/s  Total: 3238.79 GB
[ 3416.0s] IOs:    849128531  IOPS:   248577  Throughput:   971.0 MB/s  Total: 3239.17 GB
[ 3416.2s] IOs:    849228857  IOPS:   248588  Throughput:   971.0 MB/s  Total: 3239.55 GB
[ 3416.7s] IOs:    849329579  IOPS:   248585  Throughput:   971.0 MB/s  Total: 3239.94 GB
[ 3417.2s] IOs:    849429629  IOPS:   248572  Throughput:   971.0 MB/s  Total: 3240.32 GB
[ 3417.7s] IOs:    849529812  IOPS:   248565  Throughput:   971.0 MB/s  Total: 3240.70 GB
[ 3418.4s] IOs:    849630008  IOPS:   248545  Throughput:   970.9 MB/s  Total: 3241.08 GB
[ 3419.0s] IOs:    849730846  IOPS:   248532  Throughput:   970.8 MB/s  Total: 3241.47 GB
[ 3419.5s] IOs:    849831594  IOPS:   248525  Throughput:   970.8 MB/s  Total: 3241.85 GB
[ 3421.7s] IOs:    849932258  IOPS:   248392  Throughput:   970.3 MB/s  Total: 3242.23 GB
[ 3424.8s] IOs:    850032643  IOPS:   248202  Throughput:   969.5 MB/s  Total: 3242.62 GB
[ 3427.2s] IOs:    850132916  IOPS:   248052  Throughput:   969.0 MB/s  Total: 3243.00 GB
[ 3429.2s] IOs:    850233071  IOPS:   247938  Throughput:   968.5 MB/s  Total: 3243.38 GB
[ 3430.8s] IOs:    850334068  IOPS:   247855  Throughput:   968.2 MB/s  Total: 3243.77 GB
[ 3432.2s] IOs:    850435061  IOPS:   247779  Throughput:   967.9 MB/s  Total: 3244.15 GB
[ 3433.3s] IOs:    850535927  IOPS:   247731  Throughput:   967.7 MB/s  Total: 3244.54 GB
[ 3434.4s] IOs:    850636942  IOPS:   247683  Throughput:   967.5 MB/s  Total: 3244.92 GB
[Reader] Parsed 107000000 lines, distributed 850702998 writes, unique 720.00 GB, skipped 39725072
[ 3435.5s] IOs:    850737811  IOPS:   247631  Throughput:   967.3 MB/s  Total: 3245.31 GB
[ 3436.4s] IOs:    850838365  IOPS:   247593  Throughput:   967.2 MB/s  Total: 3245.69 GB
[ 3437.3s] IOs:    850938458  IOPS:   247559  Throughput:   967.0 MB/s  Total: 3246.07 GB
[ 3437.9s] IOs:    851038527  IOPS:   247547  Throughput:   967.0 MB/s  Total: 3246.45 GB
[ 3438.8s] IOs:    851139068  IOPS:   247509  Throughput:   966.8 MB/s  Total: 3246.84 GB
[ 3439.3s] IOs:    851239799  IOPS:   247500  Throughput:   966.8 MB/s  Total: 3247.22 GB
[ 3439.9s] IOs:    851340441  IOPS:   247486  Throughput:   966.7 MB/s  Total: 3247.61 GB
[ 3440.8s] IOs:    851441385  IOPS:   247455  Throughput:   966.6 MB/s  Total: 3247.99 GB
[ 3441.4s] IOs:    851542180  IOPS:   247441  Throughput:   966.6 MB/s  Total: 3248.38 GB
[ 3441.9s] IOs:    851642687  IOPS:   247432  Throughput:   966.5 MB/s  Total: 3248.76 GB
[ 3442.4s] IOs:    851743489  IOPS:   247424  Throughput:   966.5 MB/s  Total: 3249.14 GB
[ 3443.0s] IOs:    851844248  IOPS:   247416  Throughput:   966.5 MB/s  Total: 3249.53 GB
[ 3443.4s] IOs:    851945065  IOPS:   247412  Throughput:   966.5 MB/s  Total: 3249.91 GB
[ 3444.2s] IOs:    852045827  IOPS:   247388  Throughput:   966.4 MB/s  Total: 3250.30 GB
[ 3444.4s] IOs:    852146750  IOPS:   247401  Throughput:   966.4 MB/s  Total: 3250.68 GB
[ 3444.9s] IOs:    852247658  IOPS:   247391  Throughput:   966.4 MB/s  Total: 3251.07 GB
[ 3445.5s] IOs:    852348292  IOPS:   247383  Throughput:   966.3 MB/s  Total: 3251.45 GB
[ 3446.0s] IOs:    852449206  IOPS:   247377  Throughput:   966.3 MB/s  Total: 3251.84 GB
[ 3446.5s] IOs:    852549929  IOPS:   247368  Throughput:   966.3 MB/s  Total: 3252.22 GB
[ 3446.8s] IOs:    852650566  IOPS:   247372  Throughput:   966.3 MB/s  Total: 3252.60 GB
[ 3447.4s] IOs:    852751449  IOPS:   247362  Throughput:   966.3 MB/s  Total: 3252.99 GB
[ 3447.7s] IOs:    852852059  IOPS:   247367  Throughput:   966.3 MB/s  Total: 3253.37 GB
[ 3448.0s] IOs:    852952614  IOPS:   247380  Throughput:   966.3 MB/s  Total: 3253.76 GB
[ 3448.5s] IOs:    853053043  IOPS:   247367  Throughput:   966.3 MB/s  Total: 3254.14 GB
[ 3448.8s] IOs:    853153600  IOPS:   247377  Throughput:   966.3 MB/s  Total: 3254.52 GB
[ 3449.2s] IOs:    853253825  IOPS:   247376  Throughput:   966.3 MB/s  Total: 3254.91 GB
[ 3449.5s] IOs:    853354554  IOPS:   247388  Throughput:   966.4 MB/s  Total: 3255.29 GB
[ 3450.0s] IOs:    853455287  IOPS:   247379  Throughput:   966.3 MB/s  Total: 3255.67 GB
[ 3450.2s] IOs:    853556051  IOPS:   247391  Throughput:   966.4 MB/s  Total: 3256.06 GB
[ 3450.5s] IOs:    853656607  IOPS:   247402  Throughput:   966.4 MB/s  Total: 3256.44 GB
[ 3450.9s] IOs:    853757026  IOPS:   247400  Throughput:   966.4 MB/s  Total: 3256.82 GB
[ 3451.2s] IOs:    853857722  IOPS:   247406  Throughput:   966.4 MB/s  Total: 3257.21 GB
[ 3451.5s] IOs:    853958338  IOPS:   247417  Throughput:   966.5 MB/s  Total: 3257.59 GB
[ 3451.9s] IOs:    854058813  IOPS:   247416  Throughput:   966.5 MB/s  Total: 3257.98 GB
[ 3452.2s] IOs:    854158870  IOPS:   247426  Throughput:   966.5 MB/s  Total: 3258.36 GB
[ 3452.5s] IOs:    854259513  IOPS:   247434  Throughput:   966.5 MB/s  Total: 3258.74 GB
[ 3452.8s] IOs:    854359696  IOPS:   247442  Throughput:   966.6 MB/s  Total: 3259.12 GB
[ 3453.0s] IOs:    854460242  IOPS:   247454  Throughput:   966.6 MB/s  Total: 3259.51 GB
[ 3453.3s] IOs:    854561088  IOPS:   247461  Throughput:   966.6 MB/s  Total: 3259.89 GB
[ 3453.5s] IOs:    854661480  IOPS:   247474  Throughput:   966.7 MB/s  Total: 3260.27 GB
[ 3453.9s] IOs:    854761869  IOPS:   247480  Throughput:   966.7 MB/s  Total: 3260.66 GB
[ 3454.1s] IOs:    854862290  IOPS:   247493  Throughput:   966.8 MB/s  Total: 3261.04 GB
[ 3454.5s] IOs:    854962919  IOPS:   247494  Throughput:   966.8 MB/s  Total: 3261.42 GB
[ 3456.4s] IOs:    855063775  IOPS:   247389  Throughput:   966.4 MB/s  Total: 3261.81 GB
[ 3456.9s] IOs:    855164481  IOPS:   247379  Throughput:   966.3 MB/s  Total: 3262.19 GB
[ 3457.5s] IOs:    855264697  IOPS:   247367  Throughput:   966.3 MB/s  Total: 3262.58 GB
[ 3458.0s] IOs:    855365376  IOPS:   247359  Throughput:   966.2 MB/s  Total: 3262.96 GB
[ 3458.4s] IOs:    855465475  IOPS:   247357  Throughput:   966.2 MB/s  Total: 3263.34 GB
[ 3459.0s] IOs:    855566302  IOPS:   247345  Throughput:   966.2 MB/s  Total: 3263.73 GB
[ 3459.4s] IOs:    855666951  IOPS:   247347  Throughput:   966.2 MB/s  Total: 3264.11 GB
[ 3459.9s] IOs:    855767594  IOPS:   247336  Throughput:   966.2 MB/s  Total: 3264.49 GB
[ 3460.3s] IOs:    855868129  IOPS:   247338  Throughput:   966.2 MB/s  Total: 3264.88 GB
[ 3460.5s] IOs:    855968716  IOPS:   247351  Throughput:   966.2 MB/s  Total: 3265.26 GB
[ 3461.2s] IOs:    856068888  IOPS:   247335  Throughput:   966.2 MB/s  Total: 3265.64 GB
[ 3461.5s] IOs:    856169163  IOPS:   247344  Throughput:   966.2 MB/s  Total: 3266.03 GB
[ 3462.0s] IOs:    856270032  IOPS:   247334  Throughput:   966.1 MB/s  Total: 3266.41 GB
[ 3462.3s] IOs:    856370373  IOPS:   247338  Throughput:   966.2 MB/s  Total: 3266.79 GB
[ 3462.6s] IOs:    856470485  IOPS:   247351  Throughput:   966.2 MB/s  Total: 3267.18 GB
[ 3463.1s] IOs:    856570929  IOPS:   247343  Throughput:   966.2 MB/s  Total: 3267.56 GB
[ 3463.4s] IOs:    856671734  IOPS:   247346  Throughput:   966.2 MB/s  Total: 3267.94 GB
[ 3463.8s] IOs:    856772138  IOPS:   247350  Throughput:   966.2 MB/s  Total: 3268.33 GB
[ 3464.0s] IOs:    856872822  IOPS:   247362  Throughput:   966.3 MB/s  Total: 3268.71 GB
[ 3464.4s] IOs:    856973448  IOPS:   247365  Throughput:   966.3 MB/s  Total: 3269.09 GB
[ 3464.7s] IOs:    857074265  IOPS:   247377  Throughput:   966.3 MB/s  Total: 3269.48 GB
[ 3465.0s] IOs:    857174741  IOPS:   247382  Throughput:   966.3 MB/s  Total: 3269.86 GB
[ 3465.3s] IOs:    857275209  IOPS:   247387  Throughput:   966.4 MB/s  Total: 3270.25 GB
[ 3465.9s] IOs:    857375907  IOPS:   247377  Throughput:   966.3 MB/s  Total: 3270.63 GB
[ 3466.5s] IOs:    857476670  IOPS:   247364  Throughput:   966.3 MB/s  Total: 3271.01 GB
[ 3467.1s] IOs:    857577452  IOPS:   247346  Throughput:   966.2 MB/s  Total: 3271.40 GB
[ 3467.5s] IOs:    857677801  IOPS:   247351  Throughput:   966.2 MB/s  Total: 3271.78 GB
[ 3468.0s] IOs:    857777998  IOPS:   247339  Throughput:   966.2 MB/s  Total: 3272.16 GB
[ 3468.6s] IOs:    857878609  IOPS:   247331  Throughput:   966.1 MB/s  Total: 3272.55 GB
[ 3469.0s] IOs:    857978864  IOPS:   247330  Throughput:   966.1 MB/s  Total: 3272.93 GB
[ 3469.5s] IOs:    858079491  IOPS:   247324  Throughput:   966.1 MB/s  Total: 3273.31 GB
[ 3469.9s] IOs:    858180368  IOPS:   247318  Throughput:   966.1 MB/s  Total: 3273.70 GB
[ 3470.3s] IOs:    858280818  IOPS:   247321  Throughput:   966.1 MB/s  Total: 3274.08 GB
[ 3470.5s] IOs:    858380915  IOPS:   247333  Throughput:   966.1 MB/s  Total: 3274.46 GB
[ 3471.0s] IOs:    858481442  IOPS:   247328  Throughput:   966.1 MB/s  Total: 3274.85 GB
[ 3471.7s] IOs:    858581845  IOPS:   247307  Throughput:   966.0 MB/s  Total: 3275.23 GB
[ 3472.0s] IOs:    858682242  IOPS:   247319  Throughput:   966.1 MB/s  Total: 3275.61 GB
[ 3472.5s] IOs:    858782974  IOPS:   247310  Throughput:   966.1 MB/s  Total: 3276.00 GB
[ 3473.0s] IOs:    858883731  IOPS:   247300  Throughput:   966.0 MB/s  Total: 3276.38 GB
[Reader] Parsed 108000000 lines, distributed 858938010 writes, unique 720.00 GB, skipped 41708110
[ 3473.5s] IOs:    858984349  IOPS:   247295  Throughput:   966.0 MB/s  Total: 3276.77 GB
[ 3473.9s] IOs:    859084756  IOPS:   247295  Throughput:   966.0 MB/s  Total: 3277.15 GB
[ 3474.3s] IOs:    859185775  IOPS:   247294  Throughput:   966.0 MB/s  Total: 3277.53 GB
[ 3474.8s] IOs:    859286041  IOPS:   247292  Throughput:   966.0 MB/s  Total: 3277.92 GB
[ 3475.1s] IOs:    859386463  IOPS:   247299  Throughput:   966.0 MB/s  Total: 3278.30 GB
[ 3475.4s] IOs:    859486770  IOPS:   247303  Throughput:   966.0 MB/s  Total: 3278.68 GB
[ 3475.9s] IOs:    859587197  IOPS:   247300  Throughput:   966.0 MB/s  Total: 3279.06 GB
[ 3476.5s] IOs:    859688030  IOPS:   247289  Throughput:   966.0 MB/s  Total: 3279.45 GB
[ 3477.1s] IOs:    859788588  IOPS:   247269  Throughput:   965.9 MB/s  Total: 3279.83 GB
[ 3477.4s] IOs:    859888835  IOPS:   247276  Throughput:   965.9 MB/s  Total: 3280.22 GB
[ 3478.1s] IOs:    859989242  IOPS:   247260  Throughput:   965.9 MB/s  Total: 3280.60 GB
[ 3478.4s] IOs:    860090152  IOPS:   247264  Throughput:   965.9 MB/s  Total: 3280.98 GB
[ 3479.1s] IOs:    860190915  IOPS:   247246  Throughput:   965.8 MB/s  Total: 3281.37 GB
[ 3479.4s] IOs:    860291699  IOPS:   247251  Throughput:   965.8 MB/s  Total: 3281.75 GB
[ 3481.3s] IOs:    860392421  IOPS:   247146  Throughput:   965.4 MB/s  Total: 3282.14 GB
[ 3484.7s] IOs:    860493431  IOPS:   246932  Throughput:   964.6 MB/s  Total: 3282.52 GB
[ 3487.2s] IOs:    860593850  IOPS:   246783  Throughput:   964.0 MB/s  Total: 3282.91 GB
[ 3489.6s] IOs:    860694016  IOPS:   246647  Throughput:   963.5 MB/s  Total: 3283.29 GB
[ 3490.8s] IOs:    860794050  IOPS:   246586  Throughput:   963.2 MB/s  Total: 3283.67 GB
[ 3492.3s] IOs:    860894169  IOPS:   246512  Throughput:   962.9 MB/s  Total: 3284.05 GB
[ 3493.8s] IOs:    860994178  IOPS:   246437  Throughput:   962.6 MB/s  Total: 3284.43 GB
[ 3494.8s] IOs:    861094954  IOPS:   246394  Throughput:   962.5 MB/s  Total: 3284.82 GB
[ 3495.8s] IOs:    861195737  IOPS:   246352  Throughput:   962.3 MB/s  Total: 3285.20 GB
[ 3496.9s] IOs:    861296378  IOPS:   246305  Throughput:   962.1 MB/s  Total: 3285.58 GB
[ 3497.7s] IOs:    861397107  IOPS:   246273  Throughput:   962.0 MB/s  Total: 3285.97 GB
[ 3498.5s] IOs:    861498035  IOPS:   246248  Throughput:   961.9 MB/s  Total: 3286.35 GB
[ 3499.3s] IOs:    861598516  IOPS:   246219  Throughput:   961.8 MB/s  Total: 3286.74 GB
[ 3499.9s] IOs:    861699064  IOPS:   246209  Throughput:   961.8 MB/s  Total: 3287.12 GB
[ 3500.4s] IOs:    861799244  IOPS:   246199  Throughput:   961.7 MB/s  Total: 3287.50 GB
[ 3501.0s] IOs:    861899740  IOPS:   246187  Throughput:   961.7 MB/s  Total: 3287.89 GB
[ 3501.8s] IOs:    862000312  IOPS:   246158  Throughput:   961.6 MB/s  Total: 3288.27 GB
[ 3502.3s] IOs:    862101322  IOPS:   246156  Throughput:   961.5 MB/s  Total: 3288.66 GB
[ 3502.8s] IOs:    862202295  IOPS:   246145  Throughput:   961.5 MB/s  Total: 3289.04 GB
[ 3503.3s] IOs:    862302890  IOPS:   246138  Throughput:   961.5 MB/s  Total: 3289.42 GB
[ 3503.8s] IOs:    862403506  IOPS:   246136  Throughput:   961.5 MB/s  Total: 3289.81 GB
[ 3504.0s] IOs:    862504115  IOPS:   246148  Throughput:   961.5 MB/s  Total: 3290.19 GB
[ 3504.5s] IOs:    862604607  IOPS:   246139  Throughput:   961.5 MB/s  Total: 3290.58 GB
[ 3504.9s] IOs:    862705278  IOPS:   246142  Throughput:   961.5 MB/s  Total: 3290.96 GB
[ 3505.6s] IOs:    862805872  IOPS:   246123  Throughput:   961.4 MB/s  Total: 3291.34 GB
[ 3505.9s] IOs:    862906404  IOPS:   246128  Throughput:   961.4 MB/s  Total: 3291.73 GB
[ 3506.3s] IOs:    863007080  IOPS:   246128  Throughput:   961.4 MB/s  Total: 3292.11 GB
[ 3506.8s] IOs:    863107565  IOPS:   246124  Throughput:   961.4 MB/s  Total: 3292.49 GB
[ 3507.1s] IOs:    863208596  IOPS:   246129  Throughput:   961.4 MB/s  Total: 3292.88 GB
[ 3507.4s] IOs:    863308932  IOPS:   246136  Throughput:   961.5 MB/s  Total: 3293.26 GB
[ 3508.0s] IOs:    863409754  IOPS:   246129  Throughput:   961.4 MB/s  Total: 3293.65 GB
[ 3508.3s] IOs:    863509961  IOPS:   246133  Throughput:   961.5 MB/s  Total: 3294.03 GB
[ 3508.7s] IOs:    863610611  IOPS:   246137  Throughput:   961.5 MB/s  Total: 3294.41 GB
[ 3508.9s] IOs:    863711059  IOPS:   246145  Throughput:   961.5 MB/s  Total: 3294.80 GB
[ 3509.4s] IOs:    863811454  IOPS:   246144  Throughput:   961.5 MB/s  Total: 3295.18 GB
[ 3509.6s] IOs:    863912184  IOPS:   246157  Throughput:   961.6 MB/s  Total: 3295.56 GB
[ 3510.0s] IOs:    864013087  IOPS:   246160  Throughput:   961.6 MB/s  Total: 3295.95 GB
[ 3510.3s] IOs:    864113650  IOPS:   246164  Throughput:   961.6 MB/s  Total: 3296.33 GB
[ 3510.6s] IOs:    864214170  IOPS:   246174  Throughput:   961.6 MB/s  Total: 3296.72 GB
[ 3510.9s] IOs:    864314689  IOPS:   246181  Throughput:   961.6 MB/s  Total: 3297.10 GB
[ 3511.1s] IOs:    864415444  IOPS:   246194  Throughput:   961.7 MB/s  Total: 3297.48 GB
[ 3511.5s] IOs:    864515588  IOPS:   246197  Throughput:   961.7 MB/s  Total: 3297.87 GB
[ 3511.7s] IOs:    864616144  IOPS:   246208  Throughput:   961.7 MB/s  Total: 3298.25 GB
[ 3512.2s] IOs:    864716566  IOPS:   246204  Throughput:   961.7 MB/s  Total: 3298.63 GB
[ 3512.5s] IOs:    864817105  IOPS:   246214  Throughput:   961.8 MB/s  Total: 3299.02 GB
[ 3512.9s] IOs:    864917358  IOPS:   246209  Throughput:   961.8 MB/s  Total: 3299.40 GB
[ 3513.3s] IOs:    865018047  IOPS:   246212  Throughput:   961.8 MB/s  Total: 3299.78 GB
[ 3513.6s] IOs:    865118253  IOPS:   246218  Throughput:   961.8 MB/s  Total: 3300.16 GB
[ 3514.0s] IOs:    865218989  IOPS:   246223  Throughput:   961.8 MB/s  Total: 3300.55 GB
[ 3514.4s] IOs:    865319496  IOPS:   246221  Throughput:   961.8 MB/s  Total: 3300.93 GB
[ 3514.8s] IOs:    865420320  IOPS:   246220  Throughput:   961.8 MB/s  Total: 3301.32 GB
[ 3515.1s] IOs:    865521117  IOPS:   246232  Throughput:   961.8 MB/s  Total: 3301.70 GB
[ 3515.4s] IOs:    865621315  IOPS:   246236  Throughput:   961.9 MB/s  Total: 3302.08 GB
[ 3515.9s] IOs:    865722266  IOPS:   246233  Throughput:   961.8 MB/s  Total: 3302.47 GB
[ 3516.1s] IOs:    865823065  IOPS:   246245  Throughput:   961.9 MB/s  Total: 3302.85 GB
[ 3516.4s] IOs:    865923510  IOPS:   246250  Throughput:   961.9 MB/s  Total: 3303.24 GB
[ 3516.7s] IOs:    866023889  IOPS:   246263  Throughput:   962.0 MB/s  Total: 3303.62 GB
[ 3517.0s] IOs:    866124291  IOPS:   246267  Throughput:   962.0 MB/s  Total: 3304.00 GB
[ 3517.3s] IOs:    866224359  IOPS:   246275  Throughput:   962.0 MB/s  Total: 3304.38 GB
[ 3517.5s] IOs:    866325230  IOPS:   246287  Throughput:   962.1 MB/s  Total: 3304.77 GB
[ 3517.9s] IOs:    866425771  IOPS:   246294  Throughput:   962.1 MB/s  Total: 3305.15 GB
[ 3518.1s] IOs:    866526114  IOPS:   246305  Throughput:   962.1 MB/s  Total: 3305.53 GB
[ 3518.6s] IOs:    866626939  IOPS:   246298  Throughput:   962.1 MB/s  Total: 3305.92 GB
[ 3518.9s] IOs:    866727612  IOPS:   246310  Throughput:   962.1 MB/s  Total: 3306.30 GB
[ 3519.4s] IOs:    866827644  IOPS:   246303  Throughput:   962.1 MB/s  Total: 3306.69 GB
[ 3519.8s] IOs:    866928265  IOPS:   246303  Throughput:   962.1 MB/s  Total: 3307.07 GB
[Reader] Parsed 109000000 lines, distributed 866931680 writes, unique 720.00 GB, skipped 44074294
[ 3520.0s] IOs:    867028812  IOPS:   246313  Throughput:   962.2 MB/s  Total: 3307.45 GB
[ 3520.5s] IOs:    867129851  IOPS:   246306  Throughput:   962.1 MB/s  Total: 3307.84 GB
[ 3520.8s] IOs:    867230512  IOPS:   246314  Throughput:   962.2 MB/s  Total: 3308.22 GB
[ 3521.1s] IOs:    867330750  IOPS:   246325  Throughput:   962.2 MB/s  Total: 3308.60 GB
[ 3521.7s] IOs:    867431419  IOPS:   246310  Throughput:   962.1 MB/s  Total: 3308.99 GB
[ 3522.0s] IOs:    867532082  IOPS:   246320  Throughput:   962.2 MB/s  Total: 3309.37 GB
[ 3522.5s] IOs:    867632257  IOPS:   246313  Throughput:   962.2 MB/s  Total: 3309.75 GB
[ 3522.8s] IOs:    867732521  IOPS:   246316  Throughput:   962.2 MB/s  Total: 3310.14 GB
[ 3523.3s] IOs:    867833523  IOPS:   246311  Throughput:   962.2 MB/s  Total: 3310.52 GB
[ 3523.6s] IOs:    867934155  IOPS:   246321  Throughput:   962.2 MB/s  Total: 3310.91 GB
[ 3524.0s] IOs:    868034250  IOPS:   246322  Throughput:   962.2 MB/s  Total: 3311.29 GB
[ 3524.4s] IOs:    868134924  IOPS:   246319  Throughput:   962.2 MB/s  Total: 3311.67 GB
[ 3524.8s] IOs:    868235515  IOPS:   246324  Throughput:   962.2 MB/s  Total: 3312.06 GB
[ 3525.0s] IOs:    868335872  IOPS:   246337  Throughput:   962.3 MB/s  Total: 3312.44 GB
[ 3525.5s] IOs:    868436692  IOPS:   246332  Throughput:   962.2 MB/s  Total: 3312.82 GB
[ 3525.8s] IOs:    868537403  IOPS:   246341  Throughput:   962.3 MB/s  Total: 3313.21 GB
[ 3526.0s] IOs:    868638224  IOPS:   246352  Throughput:   962.3 MB/s  Total: 3313.59 GB
[ 3526.4s] IOs:    868738949  IOPS:   246355  Throughput:   962.3 MB/s  Total: 3313.98 GB
[ 3526.6s] IOs:    868839183  IOPS:   246366  Throughput:   962.4 MB/s  Total: 3314.36 GB
[ 3526.9s] IOs:    868939563  IOPS:   246375  Throughput:   962.4 MB/s  Total: 3314.74 GB
[ 3527.2s] IOs:    869040275  IOPS:   246385  Throughput:   962.4 MB/s  Total: 3315.13 GB
[ 3527.8s] IOs:    869140902  IOPS:   246369  Throughput:   962.4 MB/s  Total: 3315.51 GB
[ 3528.8s] IOs:    869241698  IOPS:   246328  Throughput:   962.2 MB/s  Total: 3315.89 GB
[ 3529.5s] IOs:    869342171  IOPS:   246310  Throughput:   962.1 MB/s  Total: 3316.28 GB
[ 3530.3s] IOs:    869443158  IOPS:   246281  Throughput:   962.0 MB/s  Total: 3316.66 GB
[ 3530.9s] IOs:    869543608  IOPS:   246267  Throughput:   962.0 MB/s  Total: 3317.05 GB
[ 3531.5s] IOs:    869644238  IOPS:   246256  Throughput:   961.9 MB/s  Total: 3317.43 GB
[ 3532.0s] IOs:    869745255  IOPS:   246250  Throughput:   961.9 MB/s  Total: 3317.81 GB
[ 3532.8s] IOs:    869846079  IOPS:   246219  Throughput:   961.8 MB/s  Total: 3318.20 GB
[ 3533.4s] IOs:    869946205  IOPS:   246210  Throughput:   961.8 MB/s  Total: 3318.58 GB
[ 3533.9s] IOs:    870046499  IOPS:   246199  Throughput:   961.7 MB/s  Total: 3318.96 GB
[ 3534.5s] IOs:    870147174  IOPS:   246187  Throughput:   961.7 MB/s  Total: 3319.35 GB
[ 3535.0s] IOs:    870248106  IOPS:   246178  Throughput:   961.6 MB/s  Total: 3319.73 GB
[ 3535.5s] IOs:    870348530  IOPS:   246177  Throughput:   961.6 MB/s  Total: 3320.12 GB
[ 3536.0s] IOs:    870448982  IOPS:   246165  Throughput:   961.6 MB/s  Total: 3320.50 GB
[ 3536.6s] IOs:    870549369  IOPS:   246158  Throughput:   961.6 MB/s  Total: 3320.88 GB
[ 3537.0s] IOs:    870650268  IOPS:   246157  Throughput:   961.6 MB/s  Total: 3321.27 GB
[ 3537.5s] IOs:    870750524  IOPS:   246150  Throughput:   961.5 MB/s  Total: 3321.65 GB
[ 3537.8s] IOs:    870850698  IOPS:   246153  Throughput:   961.5 MB/s  Total: 3322.03 GB
[ 3538.3s] IOs:    870951228  IOPS:   246149  Throughput:   961.5 MB/s  Total: 3322.42 GB
[ 3538.6s] IOs:    871052004  IOPS:   246157  Throughput:   961.6 MB/s  Total: 3322.80 GB
[ 3538.9s] IOs:    871152455  IOPS:   246163  Throughput:   961.6 MB/s  Total: 3323.18 GB
[ 3547.1s] IOs:    871253484  IOPS:   245625  Throughput:   959.5 MB/s  Total: 3323.57 GB
[ 3547.3s] IOs:    871353964  IOPS:   245636  Throughput:   959.5 MB/s  Total: 3323.95 GB
[ 3547.6s] IOs:    871454647  IOPS:   245648  Throughput:   959.6 MB/s  Total: 3324.34 GB
[ 3547.8s] IOs:    871555380  IOPS:   245659  Throughput:   959.6 MB/s  Total: 3324.72 GB
[ 3548.1s] IOs:    871656039  IOPS:   245666  Throughput:   959.6 MB/s  Total: 3325.10 GB
[ 3548.4s] IOs:    871756714  IOPS:   245676  Throughput:   959.7 MB/s  Total: 3325.49 GB
[ 3548.6s] IOs:    871856785  IOPS:   245688  Throughput:   959.7 MB/s  Total: 3325.87 GB
[ 3548.9s] IOs:    871956828  IOPS:   245700  Throughput:   959.8 MB/s  Total: 3326.25 GB
[ 3549.1s] IOs:    872057760  IOPS:   245712  Throughput:   959.8 MB/s  Total: 3326.64 GB
[ 3549.4s] IOs:    872158282  IOPS:   245722  Throughput:   959.8 MB/s  Total: 3327.02 GB
[ 3549.6s] IOs:    872258796  IOPS:   245734  Throughput:   959.9 MB/s  Total: 3327.40 GB
[ 3549.8s] IOs:    872359326  IOPS:   245745  Throughput:   959.9 MB/s  Total: 3327.79 GB
[ 3550.1s] IOs:    872460149  IOPS:   245755  Throughput:   960.0 MB/s  Total: 3328.17 GB
[ 3550.4s] IOs:    872560917  IOPS:   245766  Throughput:   960.0 MB/s  Total: 3328.56 GB
[ 3550.6s] IOs:    872661848  IOPS:   245778  Throughput:   960.1 MB/s  Total: 3328.94 GB
[ 3551.0s] IOs:    872762309  IOPS:   245779  Throughput:   960.1 MB/s  Total: 3329.32 GB
[ 3551.2s] IOs:    872862898  IOPS:   245792  Throughput:   960.1 MB/s  Total: 3329.71 GB
[ 3551.4s] IOs:    872963806  IOPS:   245805  Throughput:   960.2 MB/s  Total: 3330.09 GB
[ 3551.7s] IOs:    873064328  IOPS:   245817  Throughput:   960.2 MB/s  Total: 3330.48 GB
[ 3552.0s] IOs:    873164969  IOPS:   245823  Throughput:   960.2 MB/s  Total: 3330.86 GB
[ 3552.2s] IOs:    873265370  IOPS:   245836  Throughput:   960.3 MB/s  Total: 3331.24 GB
[ 3552.5s] IOs:    873365913  IOPS:   245847  Throughput:   960.3 MB/s  Total: 3331.63 GB
[ 3552.7s] IOs:    873466639  IOPS:   245859  Throughput:   960.4 MB/s  Total: 3332.01 GB
[ 3553.0s] IOs:    873567624  IOPS:   245870  Throughput:   960.4 MB/s  Total: 3332.40 GB
[ 3553.2s] IOs:    873667647  IOPS:   245881  Throughput:   960.5 MB/s  Total: 3332.78 GB
[ 3553.4s] IOs:    873768205  IOPS:   245894  Throughput:   960.5 MB/s  Total: 3333.16 GB
[ 3553.8s] IOs:    873868944  IOPS:   245897  Throughput:   960.5 MB/s  Total: 3333.55 GB
[ 3554.1s] IOs:    873969327  IOPS:   245906  Throughput:   960.6 MB/s  Total: 3333.93 GB
[ 3554.4s] IOs:    874069831  IOPS:   245912  Throughput:   960.6 MB/s  Total: 3334.31 GB
[ 3554.6s] IOs:    874170426  IOPS:   245924  Throughput:   960.6 MB/s  Total: 3334.70 GB
[ 3554.9s] IOs:    874270937  IOPS:   245935  Throughput:   960.7 MB/s  Total: 3335.08 GB
[ 3555.1s] IOs:    874371297  IOPS:   245946  Throughput:   960.7 MB/s  Total: 3335.46 GB
[ 3555.4s] IOs:    874471304  IOPS:   245957  Throughput:   960.8 MB/s  Total: 3335.84 GB
[ 3555.7s] IOs:    874571591  IOPS:   245963  Throughput:   960.8 MB/s  Total: 3336.23 GB
[ 3556.0s] IOs:    874671888  IOPS:   245973  Throughput:   960.8 MB/s  Total: 3336.61 GB
[ 3556.2s] IOs:    874771891  IOPS:   245985  Throughput:   960.9 MB/s  Total: 3336.99 GB
[ 3556.4s] IOs:    874872568  IOPS:   245996  Throughput:   960.9 MB/s  Total: 3337.37 GB
[ 3556.8s] IOs:    874973130  IOPS:   246002  Throughput:   960.9 MB/s  Total: 3337.76 GB
[ 3557.0s] IOs:    875074148  IOPS:   246015  Throughput:   961.0 MB/s  Total: 3338.14 GB
[ 3557.3s] IOs:    875174506  IOPS:   246023  Throughput:   961.0 MB/s  Total: 3338.53 GB
[ 3557.5s] IOs:    875274896  IOPS:   246034  Throughput:   961.1 MB/s  Total: 3338.91 GB
[Reader] Parsed 110000000 lines, distributed 875280177 writes, unique 720.00 GB, skipped 46080972
[ 3557.8s] IOs:    875374980  IOPS:   246044  Throughput:   961.1 MB/s  Total: 3339.29 GB
[ 3558.0s] IOs:    875475289  IOPS:   246058  Throughput:   961.2 MB/s  Total: 3339.67 GB
[ 3558.3s] IOs:    875575709  IOPS:   246068  Throughput:   961.2 MB/s  Total: 3340.06 GB
[ 3558.5s] IOs:    875676305  IOPS:   246079  Throughput:   961.2 MB/s  Total: 3340.44 GB
[ 3558.8s] IOs:    875776923  IOPS:   246091  Throughput:   961.3 MB/s  Total: 3340.82 GB
[ 3559.0s] IOs:    875877283  IOPS:   246104  Throughput:   961.3 MB/s  Total: 3341.21 GB
[ 3559.3s] IOs:    875977548  IOPS:   246112  Throughput:   961.4 MB/s  Total: 3341.59 GB
[ 3559.5s] IOs:    876078060  IOPS:   246124  Throughput:   961.4 MB/s  Total: 3341.97 GB
[ 3559.8s] IOs:    876178622  IOPS:   246134  Throughput:   961.5 MB/s  Total: 3342.36 GB
[ 3560.0s] IOs:    876279046  IOPS:   246146  Throughput:   961.5 MB/s  Total: 3342.74 GB
[ 3560.2s] IOs:    876379485  IOPS:   246159  Throughput:   961.6 MB/s  Total: 3343.12 GB
[ 3560.5s] IOs:    876480082  IOPS:   246170  Throughput:   961.6 MB/s  Total: 3343.51 GB
[ 3560.7s] IOs:    876581075  IOPS:   246183  Throughput:   961.7 MB/s  Total: 3343.89 GB
[ 3560.9s] IOs:    876681740  IOPS:   246195  Throughput:   961.7 MB/s  Total: 3344.28 GB
[ 3561.2s] IOs:    876782570  IOPS:   246208  Throughput:   961.7 MB/s  Total: 3344.66 GB
[ 3561.4s] IOs:    876882719  IOPS:   246218  Throughput:   961.8 MB/s  Total: 3345.04 GB
[ 3561.6s] IOs:    876983366  IOPS:   246231  Throughput:   961.8 MB/s  Total: 3345.43 GB
[ 3561.9s] IOs:    877084221  IOPS:   246240  Throughput:   961.9 MB/s  Total: 3345.81 GB
[ 3562.1s] IOs:    877184437  IOPS:   246253  Throughput:   961.9 MB/s  Total: 3346.19 GB
[ 3562.4s] IOs:    877284673  IOPS:   246263  Throughput:   962.0 MB/s  Total: 3346.58 GB
[ 3562.6s] IOs:    877385281  IOPS:   246276  Throughput:   962.0 MB/s  Total: 3346.96 GB
[ 3562.8s] IOs:    877485754  IOPS:   246289  Throughput:   962.1 MB/s  Total: 3347.34 GB
[ 3563.1s] IOs:    877586537  IOPS:   246301  Throughput:   962.1 MB/s  Total: 3347.73 GB
[ 3563.3s] IOs:    877686629  IOPS:   246314  Throughput:   962.2 MB/s  Total: 3348.11 GB
[ 3563.5s] IOs:    877787634  IOPS:   246328  Throughput:   962.2 MB/s  Total: 3348.49 GB
[ 3563.7s] IOs:    877887679  IOPS:   246341  Throughput:   962.3 MB/s  Total: 3348.88 GB
[ 3563.9s] IOs:    877988543  IOPS:   246354  Throughput:   962.3 MB/s  Total: 3349.26 GB
[ 3564.4s] IOs:    878089268  IOPS:   246347  Throughput:   962.3 MB/s  Total: 3349.64 GB
[ 3565.0s] IOs:    878189569  IOPS:   246338  Throughput:   962.3 MB/s  Total: 3350.03 GB
[ 3565.4s] IOs:    878290430  IOPS:   246339  Throughput:   962.3 MB/s  Total: 3350.41 GB
[ 3565.9s] IOs:    878391383  IOPS:   246333  Throughput:   962.2 MB/s  Total: 3350.80 GB
[ 3566.1s] IOs:    878491752  IOPS:   246346  Throughput:   962.3 MB/s  Total: 3351.18 GB
[ 3566.5s] IOs:    878592580  IOPS:   246348  Throughput:   962.3 MB/s  Total: 3351.56 GB
[ 3567.1s] IOs:    878692978  IOPS:   246331  Throughput:   962.2 MB/s  Total: 3351.95 GB
[ 3567.4s] IOs:    878793594  IOPS:   246343  Throughput:   962.3 MB/s  Total: 3352.33 GB
[ 3567.8s] IOs:    878894003  IOPS:   246340  Throughput:   962.3 MB/s  Total: 3352.71 GB
[ 3568.0s] IOs:    878994220  IOPS:   246355  Throughput:   962.3 MB/s  Total: 3353.10 GB
[ 3568.5s] IOs:    879094888  IOPS:   246348  Throughput:   962.3 MB/s  Total: 3353.48 GB
[ 3568.9s] IOs:    879194983  IOPS:   246346  Throughput:   962.3 MB/s  Total: 3353.86 GB
[ 3569.4s] IOs:    879294985  IOPS:   246344  Throughput:   962.3 MB/s  Total: 3354.24 GB
[ 3569.6s] IOs:    879395949  IOPS:   246356  Throughput:   962.3 MB/s  Total: 3354.63 GB
[ 3570.0s] IOs:    879496302  IOPS:   246358  Throughput:   962.3 MB/s  Total: 3355.01 GB
[ 3570.4s] IOs:    879596574  IOPS:   246359  Throughput:   962.3 MB/s  Total: 3355.39 GB
[ 3570.6s] IOs:    879697136  IOPS:   246373  Throughput:   962.4 MB/s  Total: 3355.78 GB
[ 3570.9s] IOs:    879797525  IOPS:   246376  Throughput:   962.4 MB/s  Total: 3356.16 GB
[ 3571.3s] IOs:    879898304  IOPS:   246380  Throughput:   962.4 MB/s  Total: 3356.55 GB
[ 3571.5s] IOs:    879999301  IOPS:   246393  Throughput:   962.5 MB/s  Total: 3356.93 GB
[ 3571.9s] IOs:    880100220  IOPS:   246398  Throughput:   962.5 MB/s  Total: 3357.32 GB
[ 3572.1s] IOs:    880200971  IOPS:   246412  Throughput:   962.5 MB/s  Total: 3357.70 GB
[ 3572.4s] IOs:    880301171  IOPS:   246417  Throughput:   962.6 MB/s  Total: 3358.08 GB
[ 3572.6s] IOs:    880401220  IOPS:   246430  Throughput:   962.6 MB/s  Total: 3358.46 GB
[ 3573.2s] IOs:    880501610  IOPS:   246419  Throughput:   962.6 MB/s  Total: 3358.85 GB
[ 3573.4s] IOs:    880602544  IOPS:   246430  Throughput:   962.6 MB/s  Total: 3359.23 GB
[ 3573.9s] IOs:    880702735  IOPS:   246423  Throughput:   962.6 MB/s  Total: 3359.61 GB
[ 3574.4s] IOs:    880803041  IOPS:   246418  Throughput:   962.6 MB/s  Total: 3360.00 GB
[ 3574.9s] IOs:    880903479  IOPS:   246414  Throughput:   962.6 MB/s  Total: 3360.38 GB
[ 3575.3s] IOs:    881003688  IOPS:   246412  Throughput:   962.5 MB/s  Total: 3360.76 GB
[ 3575.6s] IOs:    881104594  IOPS:   246424  Throughput:   962.6 MB/s  Total: 3361.15 GB
[ 3576.0s] IOs:    881204703  IOPS:   246421  Throughput:   962.6 MB/s  Total: 3361.53 GB
[ 3576.5s] IOs:    881305602  IOPS:   246416  Throughput:   962.6 MB/s  Total: 3361.91 GB
[ 3577.0s] IOs:    881406326  IOPS:   246409  Throughput:   962.5 MB/s  Total: 3362.30 GB
[ 3577.4s] IOs:    881507209  IOPS:   246413  Throughput:   962.5 MB/s  Total: 3362.68 GB
[ 3577.6s] IOs:    881607279  IOPS:   246424  Throughput:   962.6 MB/s  Total: 3363.06 GB
[ 3578.0s] IOs:    881708095  IOPS:   246422  Throughput:   962.6 MB/s  Total: 3363.45 GB
[ 3578.4s] IOs:    881808547  IOPS:   246423  Throughput:   962.6 MB/s  Total: 3363.83 GB
[ 3578.8s] IOs:    881908925  IOPS:   246424  Throughput:   962.6 MB/s  Total: 3364.22 GB
[ 3579.2s] IOs:    882009884  IOPS:   246424  Throughput:   962.6 MB/s  Total: 3364.60 GB
[ 3579.5s] IOs:    882110610  IOPS:   246437  Throughput:   962.6 MB/s  Total: 3364.98 GB
[ 3579.9s] IOs:    882210820  IOPS:   246433  Throughput:   962.6 MB/s  Total: 3365.37 GB
[ 3580.3s] IOs:    882311743  IOPS:   246438  Throughput:   962.7 MB/s  Total: 3365.75 GB
[ 3580.6s] IOs:    882411784  IOPS:   246441  Throughput:   962.7 MB/s  Total: 3366.13 GB
[ 3580.9s] IOs:    882511903  IOPS:   246453  Throughput:   962.7 MB/s  Total: 3366.52 GB
[ 3581.1s] IOs:    882612103  IOPS:   246467  Throughput:   962.8 MB/s  Total: 3366.90 GB
[ 3581.5s] IOs:    882712665  IOPS:   246464  Throughput:   962.8 MB/s  Total: 3367.28 GB
[ 3581.7s] IOs:    882813370  IOPS:   246478  Throughput:   962.8 MB/s  Total: 3367.67 GB
[ 3582.0s] IOs:    882913449  IOPS:   246487  Throughput:   962.8 MB/s  Total: 3368.05 GB
[ 3582.3s] IOs:    883013894  IOPS:   246492  Throughput:   962.9 MB/s  Total: 3368.43 GB
[ 3582.6s] IOs:    883114162  IOPS:   246504  Throughput:   962.9 MB/s  Total: 3368.81 GB
[ 3582.8s] IOs:    883214543  IOPS:   246512  Throughput:   962.9 MB/s  Total: 3369.20 GB
[ 3583.1s] IOs:    883315219  IOPS:   246525  Throughput:   963.0 MB/s  Total: 3369.58 GB
[ 3583.4s] IOs:    883416121  IOPS:   246533  Throughput:   963.0 MB/s  Total: 3369.97 GB
[ 3583.6s] IOs:    883516660  IOPS:   246546  Throughput:   963.1 MB/s  Total: 3370.35 GB
[ 3583.9s] IOs:    883617203  IOPS:   246553  Throughput:   963.1 MB/s  Total: 3370.73 GB
[Reader] Parsed 111000000 lines, distributed 883684371 writes, unique 720.00 GB, skipped 48566934
[ 3584.3s] IOs:    883718100  IOPS:   246555  Throughput:   963.1 MB/s  Total: 3371.12 GB
[ 3585.1s] IOs:    883818485  IOPS:   246527  Throughput:   963.0 MB/s  Total: 3371.50 GB
[ 3585.4s] IOs:    883918742  IOPS:   246530  Throughput:   963.0 MB/s  Total: 3371.88 GB
[ 3586.0s] IOs:    884019092  IOPS:   246518  Throughput:   963.0 MB/s  Total: 3372.27 GB
[ 3586.9s] IOs:    884120008  IOPS:   246488  Throughput:   962.8 MB/s  Total: 3372.65 GB
[ 3587.4s] IOs:    884220691  IOPS:   246476  Throughput:   962.8 MB/s  Total: 3373.03 GB
[ 3587.9s] IOs:    884321418  IOPS:   246472  Throughput:   962.8 MB/s  Total: 3373.42 GB
[ 3588.4s] IOs:    884421760  IOPS:   246465  Throughput:   962.8 MB/s  Total: 3373.80 GB
[ 3588.9s] IOs:    884522183  IOPS:   246459  Throughput:   962.7 MB/s  Total: 3374.18 GB
[ 3589.4s] IOs:    884622862  IOPS:   246453  Throughput:   962.7 MB/s  Total: 3374.57 GB
[ 3590.2s] IOs:    884723440  IOPS:   246429  Throughput:   962.6 MB/s  Total: 3374.95 GB
[ 3590.4s] IOs:    884823555  IOPS:   246441  Throughput:   962.7 MB/s  Total: 3375.33 GB
[ 3590.9s] IOs:    884923610  IOPS:   246432  Throughput:   962.6 MB/s  Total: 3375.72 GB
[ 3591.5s] IOs:    885024266  IOPS:   246423  Throughput:   962.6 MB/s  Total: 3376.10 GB
[ 3592.0s] IOs:    885124519  IOPS:   246418  Throughput:   962.6 MB/s  Total: 3376.48 GB
[ 3592.4s] IOs:    885225374  IOPS:   246420  Throughput:   962.6 MB/s  Total: 3376.87 GB
[ 3592.6s] IOs:    885325839  IOPS:   246430  Throughput:   962.6 MB/s  Total: 3377.25 GB
[ 3593.2s] IOs:    885426639  IOPS:   246419  Throughput:   962.6 MB/s  Total: 3377.63 GB
[ 3593.5s] IOs:    885526919  IOPS:   246426  Throughput:   962.6 MB/s  Total: 3378.02 GB
[ 3594.1s] IOs:    885627281  IOPS:   246415  Throughput:   962.6 MB/s  Total: 3378.40 GB
[ 3594.4s] IOs:    885727806  IOPS:   246421  Throughput:   962.6 MB/s  Total: 3378.78 GB
[ 3594.7s] IOs:    885828664  IOPS:   246427  Throughput:   962.6 MB/s  Total: 3379.17 GB
[ 3595.2s] IOs:    885929256  IOPS:   246423  Throughput:   962.6 MB/s  Total: 3379.55 GB
[ 3595.7s] IOs:    886029683  IOPS:   246416  Throughput:   962.6 MB/s  Total: 3379.94 GB
[ 3596.1s] IOs:    886129883  IOPS:   246414  Throughput:   962.6 MB/s  Total: 3380.32 GB
[ 3596.5s] IOs:    886230205  IOPS:   246412  Throughput:   962.5 MB/s  Total: 3380.70 GB
[ 3597.0s] IOs:    886330911  IOPS:   246408  Throughput:   962.5 MB/s  Total: 3381.08 GB
[ 3597.6s] IOs:    886431818  IOPS:   246396  Throughput:   962.5 MB/s  Total: 3381.47 GB
[ 3598.2s] IOs:    886531931  IOPS:   246379  Throughput:   962.4 MB/s  Total: 3381.85 GB
[ 3598.5s] IOs:    886632429  IOPS:   246389  Throughput:   962.5 MB/s  Total: 3382.23 GB
[ 3599.4s] IOs:    886733209  IOPS:   246357  Throughput:   962.3 MB/s  Total: 3382.62 GB
[ 3599.9s] IOs:    886833971  IOPS:   246347  Throughput:   962.3 MB/s  Total: 3383.00 GB
[ 3600.4s] IOs:    886934505  IOPS:   246340  Throughput:   962.3 MB/s  Total: 3383.39 GB
[ 3601.0s] IOs:    887035446  IOPS:   246332  Throughput:   962.2 MB/s  Total: 3383.77 GB
[ 3601.4s] IOs:    887136219  IOPS:   246329  Throughput:   962.2 MB/s  Total: 3384.16 GB
[ 3601.9s] IOs:    887236753  IOPS:   246325  Throughput:   962.2 MB/s  Total: 3384.54 GB
[ 3602.4s] IOs:    887337647  IOPS:   246316  Throughput:   962.2 MB/s  Total: 3384.92 GB
[ 3603.1s] IOs:    887438143  IOPS:   246302  Throughput:   962.1 MB/s  Total: 3385.31 GB
[ 3603.6s] IOs:    887538931  IOPS:   246293  Throughput:   962.1 MB/s  Total: 3385.69 GB
[ 3604.1s] IOs:    887639323  IOPS:   246284  Throughput:   962.0 MB/s  Total: 3386.08 GB
[ 3604.9s] IOs:    887739624  IOPS:   246259  Throughput:   962.0 MB/s  Total: 3386.46 GB
[ 3605.4s] IOs:    887840064  IOPS:   246253  Throughput:   961.9 MB/s  Total: 3386.84 GB
[ 3605.7s] IOs:    887940351  IOPS:   246260  Throughput:   962.0 MB/s  Total: 3387.22 GB
[ 3606.3s] IOs:    888040784  IOPS:   246250  Throughput:   961.9 MB/s  Total: 3387.61 GB
[ 3606.7s] IOs:    888141063  IOPS:   246244  Throughput:   961.9 MB/s  Total: 3387.99 GB
[ 3607.0s] IOs:    888241274  IOPS:   246251  Throughput:   961.9 MB/s  Total: 3388.37 GB
[ 3607.6s] IOs:    888341787  IOPS:   246243  Throughput:   961.9 MB/s  Total: 3388.75 GB
[ 3607.9s] IOs:    888441906  IOPS:   246246  Throughput:   961.9 MB/s  Total: 3389.14 GB
[ 3608.2s] IOs:    888542467  IOPS:   246259  Throughput:   961.9 MB/s  Total: 3389.52 GB
[ 3608.7s] IOs:    888642840  IOPS:   246253  Throughput:   961.9 MB/s  Total: 3389.90 GB
[ 3609.0s] IOs:    888743313  IOPS:   246257  Throughput:   961.9 MB/s  Total: 3390.29 GB
[ 3609.4s] IOs:    888843701  IOPS:   246258  Throughput:   961.9 MB/s  Total: 3390.67 GB
[ 3609.7s] IOs:    888944265  IOPS:   246264  Throughput:   962.0 MB/s  Total: 3391.05 GB
[ 3610.3s] IOs:    889045130  IOPS:   246252  Throughput:   961.9 MB/s  Total: 3391.44 GB
[ 3610.6s] IOs:    889146121  IOPS:   246262  Throughput:   962.0 MB/s  Total: 3391.82 GB
[ 3611.1s] IOs:    889246770  IOPS:   246257  Throughput:   961.9 MB/s  Total: 3392.21 GB
[ 3611.3s] IOs:    889347191  IOPS:   246265  Throughput:   962.0 MB/s  Total: 3392.59 GB
[ 3611.7s] IOs:    889448176  IOPS:   246265  Throughput:   962.0 MB/s  Total: 3392.98 GB
[ 3612.2s] IOs:    889548731  IOPS:   246262  Throughput:   962.0 MB/s  Total: 3393.36 GB
[ 3612.5s] IOs:    889649267  IOPS:   246268  Throughput:   962.0 MB/s  Total: 3393.74 GB
[ 3612.8s] IOs:    889749479  IOPS:   246276  Throughput:   962.0 MB/s  Total: 3394.12 GB
[ 3613.2s] IOs:    889849853  IOPS:   246279  Throughput:   962.0 MB/s  Total: 3394.51 GB
[ 3613.7s] IOs:    889950172  IOPS:   246274  Throughput:   962.0 MB/s  Total: 3394.89 GB
[ 3613.9s] IOs:    890050413  IOPS:   246287  Throughput:   962.1 MB/s  Total: 3395.27 GB
[ 3614.2s] IOs:    890150767  IOPS:   246292  Throughput:   962.1 MB/s  Total: 3395.66 GB
[ 3614.6s] IOs:    890250943  IOPS:   246294  Throughput:   962.1 MB/s  Total: 3396.04 GB
[ 3614.8s] IOs:    890351332  IOPS:   246304  Throughput:   962.1 MB/s  Total: 3396.42 GB
[ 3615.2s] IOs:    890451930  IOPS:   246311  Throughput:   962.2 MB/s  Total: 3396.80 GB
[ 3615.5s] IOs:    890552598  IOPS:   246318  Throughput:   962.2 MB/s  Total: 3397.19 GB
[ 3615.7s] IOs:    890653027  IOPS:   246328  Throughput:   962.2 MB/s  Total: 3397.57 GB
[ 3616.0s] IOs:    890753154  IOPS:   246334  Throughput:   962.2 MB/s  Total: 3397.95 GB
[ 3616.5s] IOs:    890853288  IOPS:   246330  Throughput:   962.2 MB/s  Total: 3398.34 GB
[ 3616.7s] IOs:    890953375  IOPS:   246342  Throughput:   962.3 MB/s  Total: 3398.72 GB
[ 3617.2s] IOs:    891054226  IOPS:   246337  Throughput:   962.3 MB/s  Total: 3399.10 GB
[ 3617.7s] IOs:    891155013  IOPS:   246333  Throughput:   962.2 MB/s  Total: 3399.49 GB
[ 3618.1s] IOs:    891255457  IOPS:   246335  Throughput:   962.2 MB/s  Total: 3399.87 GB
[ 3618.3s] IOs:    891356335  IOPS:   246347  Throughput:   962.3 MB/s  Total: 3400.25 GB
[ 3618.8s] IOs:    891456949  IOPS:   246338  Throughput:   962.3 MB/s  Total: 3400.64 GB
[ 3619.1s] IOs:    891557107  IOPS:   246346  Throughput:   962.3 MB/s  Total: 3401.02 GB
[ 3619.3s] IOs:    891657245  IOPS:   246359  Throughput:   962.3 MB/s  Total: 3401.40 GB
[ 3619.7s] IOs:    891757418  IOPS:   246359  Throughput:   962.3 MB/s  Total: 3401.78 GB
[ 3620.1s] IOs:    891858024  IOPS:   246365  Throughput:   962.4 MB/s  Total: 3402.17 GB
[ 3620.3s] IOs:    891958385  IOPS:   246377  Throughput:   962.4 MB/s  Total: 3402.55 GB
[ 3620.7s] IOs:    892059154  IOPS:   246380  Throughput:   962.4 MB/s  Total: 3402.94 GB
[ 3621.1s] IOs:    892159458  IOPS:   246381  Throughput:   962.4 MB/s  Total: 3403.32 GB
[ 3621.3s] IOs:    892259977  IOPS:   246390  Throughput:   962.5 MB/s  Total: 3403.70 GB
[ 3621.8s] IOs:    892360526  IOPS:   246389  Throughput:   962.5 MB/s  Total: 3404.09 GB
[ 3622.0s] IOs:    892461284  IOPS:   246397  Throughput:   962.5 MB/s  Total: 3404.47 GB
[ 3622.3s] IOs:    892561867  IOPS:   246407  Throughput:   962.5 MB/s  Total: 3404.85 GB
[ 3622.7s] IOs:    892662852  IOPS:   246410  Throughput:   962.5 MB/s  Total: 3405.24 GB
[ 3623.0s] IOs:    892763332  IOPS:   246415  Throughput:   962.6 MB/s  Total: 3405.62 GB
[ 3623.2s] IOs:    892863864  IOPS:   246427  Throughput:   962.6 MB/s  Total: 3406.01 GB
[ 3623.6s] IOs:    892964748  IOPS:   246433  Throughput:   962.6 MB/s  Total: 3406.39 GB
[ 3623.9s] IOs:    893065313  IOPS:   246439  Throughput:   962.7 MB/s  Total: 3406.77 GB
[Reader] Parsed 112000000 lines, distributed 893111606 writes, unique 720.00 GB, skipped 51075503
[ 3624.1s] IOs:    893166033  IOPS:   246451  Throughput:   962.7 MB/s  Total: 3407.16 GB
[ 3624.4s] IOs:    893266759  IOPS:   246462  Throughput:   962.7 MB/s  Total: 3407.54 GB
[ 3624.7s] IOs:    893366955  IOPS:   246466  Throughput:   962.8 MB/s  Total: 3407.92 GB
[ 3625.1s] IOs:    893467594  IOPS:   246470  Throughput:   962.8 MB/s  Total: 3408.31 GB
[ 3625.3s] IOs:    893568220  IOPS:   246482  Throughput:   962.8 MB/s  Total: 3408.69 GB
[ 3625.6s] IOs:    893668750  IOPS:   246488  Throughput:   962.8 MB/s  Total: 3409.08 GB
[ 3625.8s] IOs:    893769075  IOPS:   246500  Throughput:   962.9 MB/s  Total: 3409.46 GB
[ 3626.1s] IOs:    893869669  IOPS:   246507  Throughput:   962.9 MB/s  Total: 3409.84 GB
[ 3626.4s] IOs:    893969744  IOPS:   246518  Throughput:   963.0 MB/s  Total: 3410.22 GB
[ 3626.7s] IOs:    894070317  IOPS:   246527  Throughput:   963.0 MB/s  Total: 3410.61 GB
[ 3626.9s] IOs:    894170892  IOPS:   246540  Throughput:   963.0 MB/s  Total: 3410.99 GB
[ 3627.2s] IOs:    894271896  IOPS:   246549  Throughput:   963.1 MB/s  Total: 3411.38 GB
[ 3627.5s] IOs:    894372440  IOPS:   246555  Throughput:   963.1 MB/s  Total: 3411.76 GB
[ 3628.0s] IOs:    894472721  IOPS:   246546  Throughput:   963.1 MB/s  Total: 3412.14 GB
[ 3628.2s] IOs:    894573055  IOPS:   246558  Throughput:   963.1 MB/s  Total: 3412.53 GB
[ 3628.9s] IOs:    894673729  IOPS:   246543  Throughput:   963.1 MB/s  Total: 3412.91 GB
[ 3629.3s] IOs:    894774464  IOPS:   246544  Throughput:   963.1 MB/s  Total: 3413.29 GB
[ 3629.8s] IOs:    894875157  IOPS:   246534  Throughput:   963.0 MB/s  Total: 3413.68 GB
[ 3630.3s] IOs:    894975831  IOPS:   246531  Throughput:   963.0 MB/s  Total: 3414.06 GB
[ 3630.8s] IOs:    895076570  IOPS:   246526  Throughput:   963.0 MB/s  Total: 3414.45 GB
[ 3631.3s] IOs:    895177027  IOPS:   246516  Throughput:   963.0 MB/s  Total: 3414.83 GB
[ 3631.6s] IOs:    895277532  IOPS:   246527  Throughput:   963.0 MB/s  Total: 3415.21 GB
[ 3631.8s] IOs:    895378251  IOPS:   246536  Throughput:   963.0 MB/s  Total: 3415.60 GB
[ 3632.2s] IOs:    895478799  IOPS:   246537  Throughput:   963.0 MB/s  Total: 3415.98 GB
[ 3632.5s] IOs:    895579004  IOPS:   246548  Throughput:   963.1 MB/s  Total: 3416.36 GB
[ 3632.9s] IOs:    895679474  IOPS:   246547  Throughput:   963.1 MB/s  Total: 3416.75 GB
[ 3633.2s] IOs:    895779852  IOPS:   246552  Throughput:   963.1 MB/s  Total: 3417.13 GB
[ 3633.5s] IOs:    895880352  IOPS:   246563  Throughput:   963.1 MB/s  Total: 3417.51 GB
[ 3633.8s] IOs:    895980613  IOPS:   246568  Throughput:   963.2 MB/s  Total: 3417.89 GB
[ 3634.2s] IOs:    896081138  IOPS:   246572  Throughput:   963.2 MB/s  Total: 3418.28 GB
[ 3634.4s] IOs:    896181781  IOPS:   246583  Throughput:   963.2 MB/s  Total: 3418.66 GB
[ 3634.8s] IOs:    896282582  IOPS:   246587  Throughput:   963.2 MB/s  Total: 3419.05 GB
[ 3635.3s] IOs:    896383586  IOPS:   246578  Throughput:   963.2 MB/s  Total: 3419.43 GB
[ 3635.7s] IOs:    896484466  IOPS:   246579  Throughput:   963.2 MB/s  Total: 3419.82 GB
[ 3635.9s] IOs:    896584783  IOPS:   246592  Throughput:   963.3 MB/s  Total: 3420.20 GB
[ 3636.4s] IOs:    896685274  IOPS:   246584  Throughput:   963.2 MB/s  Total: 3420.58 GB
[ 3636.8s] IOs:    896785978  IOPS:   246588  Throughput:   963.2 MB/s  Total: 3420.97 GB
[ 3637.3s] IOs:    896886422  IOPS:   246582  Throughput:   963.2 MB/s  Total: 3421.35 GB
[ 3637.7s] IOs:    896986690  IOPS:   246579  Throughput:   963.2 MB/s  Total: 3421.73 GB
[ 3638.2s] IOs:    897086825  IOPS:   246573  Throughput:   963.2 MB/s  Total: 3422.11 GB
[ 3638.6s] IOs:    897186965  IOPS:   246572  Throughput:   963.2 MB/s  Total: 3422.50 GB
[ 3638.9s] IOs:    897287199  IOPS:   246580  Throughput:   963.2 MB/s  Total: 3422.88 GB
[ 3639.5s] IOs:    897387788  IOPS:   246568  Throughput:   963.2 MB/s  Total: 3423.26 GB
[ 3639.8s] IOs:    897488483  IOPS:   246578  Throughput:   963.2 MB/s  Total: 3423.65 GB
[ 3640.4s] IOs:    897589237  IOPS:   246565  Throughput:   963.1 MB/s  Total: 3424.03 GB
[ 3640.8s] IOs:    897689592  IOPS:   246562  Throughput:   963.1 MB/s  Total: 3424.41 GB
[ 3641.3s] IOs:    897790312  IOPS:   246559  Throughput:   963.1 MB/s  Total: 3424.80 GB
[ 3641.9s] IOs:    897890966  IOPS:   246547  Throughput:   963.1 MB/s  Total: 3425.18 GB
[ 3642.3s] IOs:    897991523  IOPS:   246546  Throughput:   963.1 MB/s  Total: 3425.57 GB
[ 3642.7s] IOs:    898091734  IOPS:   246547  Throughput:   963.1 MB/s  Total: 3425.95 GB
[ 3643.1s] IOs:    898191923  IOPS:   246545  Throughput:   963.1 MB/s  Total: 3426.33 GB
[ 3643.4s] IOs:    898292626  IOPS:   246556  Throughput:   963.1 MB/s  Total: 3426.71 GB
[ 3643.8s] IOs:    898393121  IOPS:   246552  Throughput:   963.1 MB/s  Total: 3427.10 GB
[ 3644.2s] IOs:    898494079  IOPS:   246553  Throughput:   963.1 MB/s  Total: 3427.48 GB
[ 3644.5s] IOs:    898594381  IOPS:   246564  Throughput:   963.1 MB/s  Total: 3427.87 GB
[ 3644.9s] IOs:    898694536  IOPS:   246560  Throughput:   963.1 MB/s  Total: 3428.25 GB
[ 3645.3s] IOs:    898794866  IOPS:   246560  Throughput:   963.1 MB/s  Total: 3428.63 GB
[ 3645.7s] IOs:    898895098  IOPS:   246565  Throughput:   963.1 MB/s  Total: 3429.01 GB
[ 3646.2s] IOs:    898995367  IOPS:   246559  Throughput:   963.1 MB/s  Total: 3429.40 GB
[ 3646.4s] IOs:    899095734  IOPS:   246570  Throughput:   963.2 MB/s  Total: 3429.78 GB
[ 3647.0s] IOs:    899195867  IOPS:   246556  Throughput:   963.1 MB/s  Total: 3430.16 GB
[ 3647.6s] IOs:    899296743  IOPS:   246548  Throughput:   963.1 MB/s  Total: 3430.54 GB
[ 3647.8s] IOs:    899396782  IOPS:   246558  Throughput:   963.1 MB/s  Total: 3430.93 GB
[ 3648.3s] IOs:    899497320  IOPS:   246551  Throughput:   963.1 MB/s  Total: 3431.31 GB
[ 3648.9s] IOs:    899597585  IOPS:   246538  Throughput:   963.0 MB/s  Total: 3431.69 GB
[ 3649.3s] IOs:    899697833  IOPS:   246538  Throughput:   963.0 MB/s  Total: 3432.07 GB
[ 3649.9s] IOs:    899798063  IOPS:   246530  Throughput:   963.0 MB/s  Total: 3432.46 GB
[ 3650.3s] IOs:    899898914  IOPS:   246527  Throughput:   963.0 MB/s  Total: 3432.84 GB
[ 3650.7s] IOs:    899999713  IOPS:   246526  Throughput:   963.0 MB/s  Total: 3433.23 GB
[ 3651.2s] IOs:    900100380  IOPS:   246522  Throughput:   963.0 MB/s  Total: 3433.61 GB
[ 3651.6s] IOs:    900200979  IOPS:   246519  Throughput:   963.0 MB/s  Total: 3433.99 GB
[ 3652.3s] IOs:    900301065  IOPS:   246503  Throughput:   962.9 MB/s  Total: 3434.38 GB
[ 3652.8s] IOs:    900401556  IOPS:   246494  Throughput:   962.9 MB/s  Total: 3434.76 GB
[ 3653.6s] IOs:    900501946  IOPS:   246467  Throughput:   962.8 MB/s  Total: 3435.14 GB
[ 3654.4s] IOs:    900602704  IOPS:   246444  Throughput:   962.7 MB/s  Total: 3435.53 GB
[ 3655.3s] IOs:    900702734  IOPS:   246413  Throughput:   962.6 MB/s  Total: 3435.91 GB
[Reader] Parsed 113000000 lines, distributed 900776614 writes, unique 720.00 GB, skipped 53343793
[ 3656.8s] IOs:    900802896  IOPS:   246337  Throughput:   962.3 MB/s  Total: 3436.29 GB
[ 3657.5s] IOs:    900903816  IOPS:   246320  Throughput:   962.2 MB/s  Total: 3436.68 GB
[ 3658.4s] IOs:    901003869  IOPS:   246281  Throughput:   962.0 MB/s  Total: 3437.06 GB
[ 3659.3s] IOs:    901104720  IOPS:   246250  Throughput:   961.9 MB/s  Total: 3437.44 GB
[ 3659.9s] IOs:    901205229  IOPS:   246239  Throughput:   961.9 MB/s  Total: 3437.83 GB
[ 3660.5s] IOs:    901306236  IOPS:   246226  Throughput:   961.8 MB/s  Total: 3438.21 GB
[ 3661.3s] IOs:    901406865  IOPS:   246198  Throughput:   961.7 MB/s  Total: 3438.59 GB
[ 3662.0s] IOs:    901507582  IOPS:   246182  Throughput:   961.6 MB/s  Total: 3438.98 GB
[ 3662.5s] IOs:    901607671  IOPS:   246174  Throughput:   961.6 MB/s  Total: 3439.36 GB
[ 3663.2s] IOs:    901708417  IOPS:   246155  Throughput:   961.5 MB/s  Total: 3439.74 GB
[ 3663.8s] IOs:    901809265  IOPS:   246140  Throughput:   961.5 MB/s  Total: 3440.13 GB
[ 3664.4s] IOs:    901910104  IOPS:   246129  Throughput:   961.4 MB/s  Total: 3440.51 GB
[ 3665.0s] IOs:    902010890  IOPS:   246117  Throughput:   961.4 MB/s  Total: 3440.90 GB
[ 3665.4s] IOs:    902111709  IOPS:   246113  Throughput:   961.4 MB/s  Total: 3441.28 GB
[ 3666.0s] IOs:    902212459  IOPS:   246103  Throughput:   961.3 MB/s  Total: 3441.67 GB
[ 3666.5s] IOs:    902313293  IOPS:   246099  Throughput:   961.3 MB/s  Total: 3442.05 GB
[ 3667.0s] IOs:    902414182  IOPS:   246090  Throughput:   961.3 MB/s  Total: 3442.44 GB
[ 3667.5s] IOs:    902515026  IOPS:   246084  Throughput:   961.3 MB/s  Total: 3442.82 GB
[ 3667.9s] IOs:    902615984  IOPS:   246084  Throughput:   961.3 MB/s  Total: 3443.21 GB
[ 3668.4s] IOs:    902716770  IOPS:   246081  Throughput:   961.3 MB/s  Total: 3443.59 GB
[ 3668.8s] IOs:    902817245  IOPS:   246080  Throughput:   961.3 MB/s  Total: 3443.97 GB
[ 3669.1s] IOs:    902917587  IOPS:   246089  Throughput:   961.3 MB/s  Total: 3444.36 GB
[ 3669.7s] IOs:    903018358  IOPS:   246076  Throughput:   961.2 MB/s  Total: 3444.74 GB
[ 3669.9s] IOs:    903119164  IOPS:   246087  Throughput:   961.3 MB/s  Total: 3445.13 GB
[ 3670.4s] IOs:    903219598  IOPS:   246080  Throughput:   961.2 MB/s  Total: 3445.51 GB
[ 3670.8s] IOs:    903319940  IOPS:   246083  Throughput:   961.3 MB/s  Total: 3445.89 GB
[ 3671.1s] IOs:    903420641  IOPS:   246088  Throughput:   961.3 MB/s  Total: 3446.28 GB
[ 3671.5s] IOs:    903521580  IOPS:   246092  Throughput:   961.3 MB/s  Total: 3446.66 GB
[ 3671.9s] IOs:    903622360  IOPS:   246095  Throughput:   961.3 MB/s  Total: 3447.05 GB
[ 3672.1s] IOs:    903722688  IOPS:   246102  Throughput:   961.3 MB/s  Total: 3447.43 GB
[ 3672.5s] IOs:    903823134  IOPS:   246107  Throughput:   961.4 MB/s  Total: 3447.81 GB
[ 3672.9s] IOs:    903923160  IOPS:   246109  Throughput:   961.4 MB/s  Total: 3448.19 GB
[ 3673.1s] IOs:    904023457  IOPS:   246120  Throughput:   961.4 MB/s  Total: 3448.58 GB
[ 3673.6s] IOs:    904124103  IOPS:   246117  Throughput:   961.4 MB/s  Total: 3448.96 GB
[ 3674.0s] IOs:    904224778  IOPS:   246113  Throughput:   961.4 MB/s  Total: 3449.34 GB
[ 3675.3s] IOs:    904325425  IOPS:   246054  Throughput:   961.1 MB/s  Total: 3449.73 GB
[ 3675.9s] IOs:    904426238  IOPS:   246045  Throughput:   961.1 MB/s  Total: 3450.11 GB
[ 3676.5s] IOs:    904526519  IOPS:   246031  Throughput:   961.1 MB/s  Total: 3450.49 GB
[ 3678.7s] IOs:    904627137  IOPS:   245911  Throughput:   960.6 MB/s  Total: 3450.88 GB
[ 3679.7s] IOs:    904727976  IOPS:   245872  Throughput:   960.4 MB/s  Total: 3451.26 GB
[ 3680.7s] IOs:    904828814  IOPS:   245830  Throughput:   960.3 MB/s  Total: 3451.65 GB
[ 3681.2s] IOs:    904929659  IOPS:   245824  Throughput:   960.2 MB/s  Total: 3452.03 GB
[ 3682.1s] IOs:    905030560  IOPS:   245790  Throughput:   960.1 MB/s  Total: 3452.42 GB
[ 3682.7s] IOs:    905131454  IOPS:   245778  Throughput:   960.1 MB/s  Total: 3452.80 GB
[ 3683.4s] IOs:    905232121  IOPS:   245760  Throughput:   960.0 MB/s  Total: 3453.19 GB
[ 3684.1s] IOs:    905332243  IOPS:   245740  Throughput:   959.9 MB/s  Total: 3453.57 GB
[ 3684.7s] IOs:    905432536  IOPS:   245731  Throughput:   959.9 MB/s  Total: 3453.95 GB
[ 3685.1s] IOs:    905533456  IOPS:   245726  Throughput:   959.9 MB/s  Total: 3454.34 GB
[ 3685.7s] IOs:    905633966  IOPS:   245713  Throughput:   959.8 MB/s  Total: 3454.72 GB
[ 3686.2s] IOs:    905734176  IOPS:   245711  Throughput:   959.8 MB/s  Total: 3455.10 GB
[ 3686.7s] IOs:    905834536  IOPS:   245704  Throughput:   959.8 MB/s  Total: 3455.48 GB
[ 3687.1s] IOs:    905935162  IOPS:   245706  Throughput:   959.8 MB/s  Total: 3455.87 GB
[ 3687.4s] IOs:    906036134  IOPS:   245710  Throughput:   959.8 MB/s  Total: 3456.25 GB
[ 3687.8s] IOs:    906136552  IOPS:   245711  Throughput:   959.8 MB/s  Total: 3456.64 GB
[ 3688.2s] IOs:    906237143  IOPS:   245712  Throughput:   959.8 MB/s  Total: 3457.02 GB
[ 3693.8s] IOs:    906337264  IOPS:   245369  Throughput:   958.5 MB/s  Total: 3457.40 GB
[ 3698.8s] IOs:    906437337  IOPS:   245060  Throughput:   957.3 MB/s  Total: 3457.78 GB
[ 3702.3s] IOs:    906537369  IOPS:   244855  Throughput:   956.5 MB/s  Total: 3458.17 GB
[ 3704.9s] IOs:    906638297  IOPS:   244711  Throughput:   955.9 MB/s  Total: 3458.55 GB
[ 3707.3s] IOs:    906738474  IOPS:   244580  Throughput:   955.4 MB/s  Total: 3458.93 GB
[ 3708.9s] IOs:    906838496  IOPS:   244500  Throughput:   955.1 MB/s  Total: 3459.31 GB
[ 3710.4s] IOs:    906939358  IOPS:   244432  Throughput:   954.8 MB/s  Total: 3459.70 GB
[ 3711.8s] IOs:    907039816  IOPS:   244363  Throughput:   954.5 MB/s  Total: 3460.08 GB
[ 3713.0s] IOs:    907140293  IOPS:   244313  Throughput:   954.3 MB/s  Total: 3460.47 GB
[ 3713.9s] IOs:    907240999  IOPS:   244280  Throughput:   954.2 MB/s  Total: 3460.85 GB
[ 3714.9s] IOs:    907341694  IOPS:   244242  Throughput:   954.1 MB/s  Total: 3461.23 GB
[ 3715.8s] IOs:    907442593  IOPS:   244210  Throughput:   953.9 MB/s  Total: 3461.62 GB
[ 3716.5s] IOs:    907543217  IOPS:   244193  Throughput:   953.9 MB/s  Total: 3462.00 GB
[ 3717.4s] IOs:    907643690  IOPS:   244164  Throughput:   953.8 MB/s  Total: 3462.39 GB
[ 3717.9s] IOs:    907744407  IOPS:   244152  Throughput:   953.7 MB/s  Total: 3462.77 GB
[ 3718.5s] IOs:    907845406  IOPS:   244143  Throughput:   953.7 MB/s  Total: 3463.16 GB
[ 3719.3s] IOs:    907945665  IOPS:   244114  Throughput:   953.6 MB/s  Total: 3463.54 GB
[ 3719.6s] IOs:    908046455  IOPS:   244124  Throughput:   953.6 MB/s  Total: 3463.92 GB
[ 3719.9s] IOs:    908146854  IOPS:   244132  Throughput:   953.6 MB/s  Total: 3464.31 GB
[ 3720.1s] IOs:    908247351  IOPS:   244143  Throughput:   953.7 MB/s  Total: 3464.69 GB
[ 3720.4s] IOs:    908347756  IOPS:   244153  Throughput:   953.7 MB/s  Total: 3465.07 GB
[ 3720.8s] IOs:    908448634  IOPS:   244153  Throughput:   953.7 MB/s  Total: 3465.46 GB
[ 3721.1s] IOs:    908549196  IOPS:   244164  Throughput:   953.8 MB/s  Total: 3465.84 GB
[ 3721.6s] IOs:    908649779  IOPS:   244156  Throughput:   953.7 MB/s  Total: 3466.22 GB
[ 3721.9s] IOs:    908750819  IOPS:   244163  Throughput:   953.8 MB/s  Total: 3466.61 GB
[ 3722.1s] IOs:    908851463  IOPS:   244175  Throughput:   953.8 MB/s  Total: 3466.99 GB
[ 3722.6s] IOs:    908951714  IOPS:   244172  Throughput:   953.8 MB/s  Total: 3467.38 GB
[ 3722.9s] IOs:    909052438  IOPS:   244176  Throughput:   953.8 MB/s  Total: 3467.76 GB
[ 3723.2s] IOs:    909152796  IOPS:   244187  Throughput:   953.9 MB/s  Total: 3468.14 GB
[ 3723.6s] IOs:    909253269  IOPS:   244186  Throughput:   953.9 MB/s  Total: 3468.53 GB
[Reader] Parsed 114000000 lines, distributed 909284740 writes, unique 720.00 GB, skipped 55561363
[ 3723.9s] IOs:    909353352  IOPS:   244193  Throughput:   953.9 MB/s  Total: 3468.91 GB
[ 3724.2s] IOs:    909453767  IOPS:   244204  Throughput:   953.9 MB/s  Total: 3469.29 GB
[ 3724.5s] IOs:    909553881  IOPS:   244208  Throughput:   953.9 MB/s  Total: 3469.67 GB
[ 3724.7s] IOs:    909654614  IOPS:   244220  Throughput:   954.0 MB/s  Total: 3470.06 GB
[ 3725.0s] IOs:    909755560  IOPS:   244228  Throughput:   954.0 MB/s  Total: 3470.44 GB
[ 3725.3s] IOs:    909856268  IOPS:   244235  Throughput:   954.0 MB/s  Total: 3470.83 GB
[ 3725.6s] IOs:    909956841  IOPS:   244247  Throughput:   954.1 MB/s  Total: 3471.21 GB
[ 3725.8s] IOs:    910057080  IOPS:   244256  Throughput:   954.1 MB/s  Total: 3471.59 GB
[ 3726.1s] IOs:    910157410  IOPS:   244268  Throughput:   954.2 MB/s  Total: 3471.97 GB
[ 3726.3s] IOs:    910258077  IOPS:   244279  Throughput:   954.2 MB/s  Total: 3472.36 GB
[ 3726.6s] IOs:    910358833  IOPS:   244288  Throughput:   954.3 MB/s  Total: 3472.74 GB
[ 3726.8s] IOs:    910459454  IOPS:   244298  Throughput:   954.3 MB/s  Total: 3473.13 GB
[ 3727.1s] IOs:    910559646  IOPS:   244310  Throughput:   954.3 MB/s  Total: 3473.51 GB
[ 3727.3s] IOs:    910659912  IOPS:   244318  Throughput:   954.4 MB/s  Total: 3473.89 GB
[ 3727.6s] IOs:    910760762  IOPS:   244331  Throughput:   954.4 MB/s  Total: 3474.28 GB
[ 3728.1s] IOs:    910861665  IOPS:   244325  Throughput:   954.4 MB/s  Total: 3474.66 GB
[ 3728.3s] IOs:    910962214  IOPS:   244336  Throughput:   954.4 MB/s  Total: 3475.05 GB
[ 3728.5s] IOs:    911063150  IOPS:   244348  Throughput:   954.5 MB/s  Total: 3475.43 GB
[ 3728.8s] IOs:    911163992  IOPS:   244358  Throughput:   954.5 MB/s  Total: 3475.81 GB
[ 3729.1s] IOs:    911264771  IOPS:   244366  Throughput:   954.6 MB/s  Total: 3476.20 GB
[ 3729.4s] IOs:    911364990  IOPS:   244376  Throughput:   954.6 MB/s  Total: 3476.58 GB
[ 3729.6s] IOs:    911465563  IOPS:   244384  Throughput:   954.6 MB/s  Total: 3476.97 GB
[ 3729.9s] IOs:    911565670  IOPS:   244396  Throughput:   954.7 MB/s  Total: 3477.35 GB
[ 3730.1s] IOs:    911666521  IOPS:   244405  Throughput:   954.7 MB/s  Total: 3477.73 GB
[ 3730.4s] IOs:    911766923  IOPS:   244418  Throughput:   954.8 MB/s  Total: 3478.11 GB
[ 3730.7s] IOs:    911867438  IOPS:   244423  Throughput:   954.8 MB/s  Total: 3478.50 GB
[ 3730.9s] IOs:    911968133  IOPS:   244434  Throughput:   954.8 MB/s  Total: 3478.88 GB
[ 3731.2s] IOs:    912068580  IOPS:   244444  Throughput:   954.9 MB/s  Total: 3479.27 GB
[ 3731.4s] IOs:    912169402  IOPS:   244455  Throughput:   954.9 MB/s  Total: 3479.65 GB
[ 3731.7s] IOs:    912270092  IOPS:   244463  Throughput:   954.9 MB/s  Total: 3480.03 GB
[ 3732.0s] IOs:    912370841  IOPS:   244475  Throughput:   955.0 MB/s  Total: 3480.42 GB
[ 3732.2s] IOs:    912471825  IOPS:   244486  Throughput:   955.0 MB/s  Total: 3480.80 GB
[ 3732.5s] IOs:    912572505  IOPS:   244496  Throughput:   955.1 MB/s  Total: 3481.19 GB
[ 3732.7s] IOs:    912673204  IOPS:   244506  Throughput:   955.1 MB/s  Total: 3481.57 GB
[ 3733.0s] IOs:    912773959  IOPS:   244518  Throughput:   955.1 MB/s  Total: 3481.96 GB
[ 3733.2s] IOs:    912874085  IOPS:   244530  Throughput:   955.2 MB/s  Total: 3482.34 GB
[ 3733.4s] IOs:    912974970  IOPS:   244542  Throughput:   955.2 MB/s  Total: 3482.72 GB
[ 3733.6s] IOs:    913075561  IOPS:   244553  Throughput:   955.3 MB/s  Total: 3483.11 GB
[ 3733.9s] IOs:    913175727  IOPS:   244564  Throughput:   955.3 MB/s  Total: 3483.49 GB
[ 3734.1s] IOs:    913275826  IOPS:   244576  Throughput:   955.4 MB/s  Total: 3483.87 GB
[ 3734.4s] IOs:    913376255  IOPS:   244586  Throughput:   955.4 MB/s  Total: 3484.25 GB
[ 3734.6s] IOs:    913476809  IOPS:   244598  Throughput:   955.5 MB/s  Total: 3484.64 GB
[ 3734.8s] IOs:    913577343  IOPS:   244610  Throughput:   955.5 MB/s  Total: 3485.02 GB
[ 3735.1s] IOs:    913677725  IOPS:   244618  Throughput:   955.5 MB/s  Total: 3485.40 GB
[ 3735.4s] IOs:    913778024  IOPS:   244629  Throughput:   955.6 MB/s  Total: 3485.79 GB
[ 3735.6s] IOs:    913878140  IOPS:   244640  Throughput:   955.6 MB/s  Total: 3486.17 GB
[ 3735.8s] IOs:    913978228  IOPS:   244652  Throughput:   955.7 MB/s  Total: 3486.55 GB
[ 3736.1s] IOs:    914078718  IOPS:   244663  Throughput:   955.7 MB/s  Total: 3486.93 GB
[ 3736.5s] IOs:    914178887  IOPS:   244662  Throughput:   955.7 MB/s  Total: 3487.32 GB
[ 3736.7s] IOs:    914279119  IOPS:   244673  Throughput:   955.8 MB/s  Total: 3487.70 GB
[ 3737.1s] IOs:    914379495  IOPS:   244673  Throughput:   955.8 MB/s  Total: 3488.08 GB
[ 3737.6s] IOs:    914480224  IOPS:   244671  Throughput:   955.7 MB/s  Total: 3488.47 GB
[ 3738.1s] IOs:    914581146  IOPS:   244665  Throughput:   955.7 MB/s  Total: 3488.85 GB
[ 3738.5s] IOs:    914681223  IOPS:   244668  Throughput:   955.7 MB/s  Total: 3489.23 GB
[ 3738.7s] IOs:    914781734  IOPS:   244680  Throughput:   955.8 MB/s  Total: 3489.62 GB
[ 3739.2s] IOs:    914882131  IOPS:   244674  Throughput:   955.8 MB/s  Total: 3490.00 GB
[ 3739.6s] IOs:    914982303  IOPS:   244671  Throughput:   955.7 MB/s  Total: 3490.38 GB
[ 3740.1s] IOs:    915082805  IOPS:   244670  Throughput:   955.7 MB/s  Total: 3490.76 GB
[ 3740.3s] IOs:    915183127  IOPS:   244681  Throughput:   955.8 MB/s  Total: 3491.15 GB
[ 3740.7s] IOs:    915283636  IOPS:   244684  Throughput:   955.8 MB/s  Total: 3491.53 GB
[ 3741.0s] IOs:    915384533  IOPS:   244688  Throughput:   955.8 MB/s  Total: 3491.91 GB
[ 3741.3s] IOs:    915485264  IOPS:   244700  Throughput:   955.9 MB/s  Total: 3492.30 GB
[ 3741.7s] IOs:    915586182  IOPS:   244698  Throughput:   955.9 MB/s  Total: 3492.68 GB
[ 3742.0s] IOs:    915686529  IOPS:   244706  Throughput:   955.9 MB/s  Total: 3493.07 GB
[ 3742.2s] IOs:    915787440  IOPS:   244717  Throughput:   955.9 MB/s  Total: 3493.45 GB
[ 3742.7s] IOs:    915887545  IOPS:   244715  Throughput:   955.9 MB/s  Total: 3493.83 GB
[ 3742.9s] IOs:    915987856  IOPS:   244725  Throughput:   956.0 MB/s  Total: 3494.22 GB
[ 3743.2s] IOs:    916087925  IOPS:   244737  Throughput:   956.0 MB/s  Total: 3494.60 GB
[ 3743.6s] IOs:    916188433  IOPS:   244736  Throughput:   956.0 MB/s  Total: 3494.98 GB
[ 3744.1s] IOs:    916288734  IOPS:   244731  Throughput:   956.0 MB/s  Total: 3495.36 GB
[ 3744.7s] IOs:    916389442  IOPS:   244719  Throughput:   955.9 MB/s  Total: 3495.75 GB
[ 3745.2s] IOs:    916489950  IOPS:   244713  Throughput:   955.9 MB/s  Total: 3496.13 GB
[ 3745.6s] IOs:    916590382  IOPS:   244710  Throughput:   955.9 MB/s  Total: 3496.51 GB
[ 3746.2s] IOs:    916690703  IOPS:   244702  Throughput:   955.9 MB/s  Total: 3496.90 GB
[ 3746.5s] IOs:    916791341  IOPS:   244706  Throughput:   955.9 MB/s  Total: 3497.28 GB
[ 3747.0s] IOs:    916891690  IOPS:   244703  Throughput:   955.9 MB/s  Total: 3497.66 GB
[ 3747.2s] IOs:    916992570  IOPS:   244711  Throughput:   955.9 MB/s  Total: 3498.05 GB
[ 3747.7s] IOs:    917092725  IOPS:   244710  Throughput:   955.9 MB/s  Total: 3498.43 GB
[ 3748.3s] IOs:    917193116  IOPS:   244698  Throughput:   955.9 MB/s  Total: 3498.81 GB
[Reader] Parsed 115000000 lines, distributed 917268711 writes, unique 720.00 GB, skipped 57047055
[ 3748.5s] IOs:    917293623  IOPS:   244709  Throughput:   955.9 MB/s  Total: 3499.20 GB
[ 3749.0s] IOs:    917394603  IOPS:   244706  Throughput:   955.9 MB/s  Total: 3499.58 GB
[ 3749.2s] IOs:    917495304  IOPS:   244716  Throughput:   955.9 MB/s  Total: 3499.97 GB
[ 3749.7s] IOs:    917596174  IOPS:   244715  Throughput:   955.9 MB/s  Total: 3500.35 GB
[ 3750.2s] IOs:    917696372  IOPS:   244706  Throughput:   955.9 MB/s  Total: 3500.73 GB
[ 3750.5s] IOs:    917797244  IOPS:   244716  Throughput:   955.9 MB/s  Total: 3501.12 GB
[ 3750.7s] IOs:    917897747  IOPS:   244727  Throughput:   956.0 MB/s  Total: 3501.50 GB
[ 3751.2s] IOs:    917998284  IOPS:   244723  Throughput:   955.9 MB/s  Total: 3501.89 GB
[ 3751.4s] IOs:    918098669  IOPS:   244733  Throughput:   956.0 MB/s  Total: 3502.27 GB
[ 3751.7s] IOs:    918199418  IOPS:   244743  Throughput:   956.0 MB/s  Total: 3502.65 GB
[ 3752.1s] IOs:    918300053  IOPS:   244741  Throughput:   956.0 MB/s  Total: 3503.04 GB
[ 3752.4s] IOs:    918400854  IOPS:   244752  Throughput:   956.1 MB/s  Total: 3503.42 GB
[ 3752.7s] IOs:    918501329  IOPS:   244758  Throughput:   956.1 MB/s  Total: 3503.80 GB
[ 3753.0s] IOs:    918601980  IOPS:   244762  Throughput:   956.1 MB/s  Total: 3504.19 GB
[ 3753.3s] IOs:    918702214  IOPS:   244775  Throughput:   956.2 MB/s  Total: 3504.57 GB
[ 3753.6s] IOs:    918802905  IOPS:   244778  Throughput:   956.2 MB/s  Total: 3504.95 GB
[ 3753.8s] IOs:    918903317  IOPS:   244790  Throughput:   956.2 MB/s  Total: 3505.34 GB
[ 3754.3s] IOs:    919003402  IOPS:   244784  Throughput:   956.2 MB/s  Total: 3505.72 GB
[ 3754.6s] IOs:    919103576  IOPS:   244796  Throughput:   956.2 MB/s  Total: 3506.10 GB
[ 3754.8s] IOs:    919204106  IOPS:   244808  Throughput:   956.3 MB/s  Total: 3506.49 GB
[ 3755.2s] IOs:    919304217  IOPS:   244809  Throughput:   956.3 MB/s  Total: 3506.87 GB
[ 3755.5s] IOs:    919404640  IOPS:   244815  Throughput:   956.3 MB/s  Total: 3507.25 GB
[ 3755.8s] IOs:    919504935  IOPS:   244822  Throughput:   956.3 MB/s  Total: 3507.63 GB
[ 3756.1s] IOs:    919605013  IOPS:   244831  Throughput:   956.4 MB/s  Total: 3508.01 GB
[ 3756.3s] IOs:    919705756  IOPS:   244843  Throughput:   956.4 MB/s  Total: 3508.40 GB
[ 3756.7s] IOs:    919806542  IOPS:   244846  Throughput:   956.4 MB/s  Total: 3508.78 GB
[ 3757.0s] IOs:    919906564  IOPS:   244852  Throughput:   956.5 MB/s  Total: 3509.17 GB
[ 3757.3s] IOs:    920007001  IOPS:   244860  Throughput:   956.5 MB/s  Total: 3509.55 GB
[ 3757.5s] IOs:    920107822  IOPS:   244870  Throughput:   956.5 MB/s  Total: 3509.93 GB
[ 3757.9s] IOs:    920208287  IOPS:   244875  Throughput:   956.5 MB/s  Total: 3510.32 GB
[ 3758.1s] IOs:    920308330  IOPS:   244887  Throughput:   956.6 MB/s  Total: 3510.70 GB
[ 3758.4s] IOs:    920408832  IOPS:   244897  Throughput:   956.6 MB/s  Total: 3511.08 GB
[ 3758.7s] IOs:    920509234  IOPS:   244898  Throughput:   956.6 MB/s  Total: 3511.46 GB
[ 3759.0s] IOs:    920609924  IOPS:   244909  Throughput:   956.7 MB/s  Total: 3511.85 GB
[ 3759.2s] IOs:    920710274  IOPS:   244919  Throughput:   956.7 MB/s  Total: 3512.23 GB
[ 3759.6s] IOs:    920810801  IOPS:   244920  Throughput:   956.7 MB/s  Total: 3512.61 GB
[ 3759.9s] IOs:    920911617  IOPS:   244931  Throughput:   956.8 MB/s  Total: 3513.00 GB
[ 3760.2s] IOs:    921011831  IOPS:   244939  Throughput:   956.8 MB/s  Total: 3513.38 GB
[ 3760.5s] IOs:    921112404  IOPS:   244941  Throughput:   956.8 MB/s  Total: 3513.76 GB
[ 3760.8s] IOs:    921213099  IOPS:   244953  Throughput:   956.8 MB/s  Total: 3514.15 GB
[ 3761.3s] IOs:    921313463  IOPS:   244945  Throughput:   956.8 MB/s  Total: 3514.53 GB
[ 3761.6s] IOs:    921413798  IOPS:   244950  Throughput:   956.8 MB/s  Total: 3514.91 GB
[ 3762.2s] IOs:    921514379  IOPS:   244943  Throughput:   956.8 MB/s  Total: 3515.30 GB
[ 3762.5s] IOs:    921615153  IOPS:   244946  Throughput:   956.8 MB/s  Total: 3515.68 GB
[ 3762.8s] IOs:    921715573  IOPS:   244957  Throughput:   956.9 MB/s  Total: 3516.07 GB
[ 3763.2s] IOs:    921816082  IOPS:   244952  Throughput:   956.8 MB/s  Total: 3516.45 GB
[ 3763.7s] IOs:    921916986  IOPS:   244953  Throughput:   956.8 MB/s  Total: 3516.83 GB
[ 3764.0s] IOs:    922017994  IOPS:   244956  Throughput:   956.9 MB/s  Total: 3517.22 GB
[ 3764.3s] IOs:    922118035  IOPS:   244967  Throughput:   956.9 MB/s  Total: 3517.60 GB
[ 3764.7s] IOs:    922218730  IOPS:   244964  Throughput:   956.9 MB/s  Total: 3517.99 GB
[ 3765.0s] IOs:    922319320  IOPS:   244971  Throughput:   956.9 MB/s  Total: 3518.37 GB
[ 3765.3s] IOs:    922419645  IOPS:   244981  Throughput:   957.0 MB/s  Total: 3518.75 GB
[ 3765.6s] IOs:    922520382  IOPS:   244986  Throughput:   957.0 MB/s  Total: 3519.14 GB
[ 3765.8s] IOs:    922621073  IOPS:   244997  Throughput:   957.0 MB/s  Total: 3519.52 GB
[ 3766.4s] IOs:    922721553  IOPS:   244988  Throughput:   957.0 MB/s  Total: 3519.90 GB
[ 3766.6s] IOs:    922822074  IOPS:   244999  Throughput:   957.0 MB/s  Total: 3520.29 GB
[ 3767.1s] IOs:    922922773  IOPS:   244997  Throughput:   957.0 MB/s  Total: 3520.67 GB
[ 3767.5s] IOs:    923023449  IOPS:   244998  Throughput:   957.0 MB/s  Total: 3521.06 GB
[ 3767.7s] IOs:    923123754  IOPS:   245008  Throughput:   957.1 MB/s  Total: 3521.44 GB
[ 3768.2s] IOs:    923224488  IOPS:   245006  Throughput:   957.1 MB/s  Total: 3521.82 GB
[ 3768.6s] IOs:    923324603  IOPS:   245008  Throughput:   957.1 MB/s  Total: 3522.20 GB
[ 3768.8s] IOs:    923424958  IOPS:   245019  Throughput:   957.1 MB/s  Total: 3522.59 GB
[ 3769.2s] IOs:    923525768  IOPS:   245018  Throughput:   957.1 MB/s  Total: 3522.97 GB
[ 3769.6s] IOs:    923626528  IOPS:   245021  Throughput:   957.1 MB/s  Total: 3523.36 GB
[ 3769.8s] IOs:    923726715  IOPS:   245033  Throughput:   957.2 MB/s  Total: 3523.74 GB
[ 3770.2s] IOs:    923826779  IOPS:   245032  Throughput:   957.2 MB/s  Total: 3524.12 GB
[ 3770.5s] IOs:    923927295  IOPS:   245040  Throughput:   957.2 MB/s  Total: 3524.50 GB
[ 3770.8s] IOs:    924028168  IOPS:   245051  Throughput:   957.2 MB/s  Total: 3524.89 GB
[ 3771.1s] IOs:    924128830  IOPS:   245054  Throughput:   957.2 MB/s  Total: 3525.27 GB
[ 3771.5s] IOs:    924229508  IOPS:   245058  Throughput:   957.3 MB/s  Total: 3525.66 GB
[ 3771.7s] IOs:    924330270  IOPS:   245069  Throughput:   957.3 MB/s  Total: 3526.04 GB
[ 3772.0s] IOs:    924430640  IOPS:   245075  Throughput:   957.3 MB/s  Total: 3526.42 GB
[ 3772.3s] IOs:    924531628  IOPS:   245087  Throughput:   957.4 MB/s  Total: 3526.81 GB
[ 3772.6s] IOs:    924632372  IOPS:   245093  Throughput:   957.4 MB/s  Total: 3527.19 GB
[Reader] Parsed 116000000 lines, distributed 924717181 writes, unique 720.00 GB, skipped 58654503
[ 3773.0s] IOs:    924733312  IOPS:   245095  Throughput:   957.4 MB/s  Total: 3527.58 GB
[ 3773.2s] IOs:    924833444  IOPS:   245106  Throughput:   957.4 MB/s  Total: 3527.96 GB
[ 3773.6s] IOs:    924933494  IOPS:   245109  Throughput:   957.5 MB/s  Total: 3528.34 GB
[ 3773.8s] IOs:    925033871  IOPS:   245121  Throughput:   957.5 MB/s  Total: 3528.72 GB
[ 3774.3s] IOs:    925134606  IOPS:   245112  Throughput:   957.5 MB/s  Total: 3529.11 GB
[ 3774.6s] IOs:    925234834  IOPS:   245124  Throughput:   957.5 MB/s  Total: 3529.49 GB
[ 3775.0s] IOs:    925335094  IOPS:   245124  Throughput:   957.5 MB/s  Total: 3529.87 GB
[ 3775.2s] IOs:    925435628  IOPS:   245135  Throughput:   957.6 MB/s  Total: 3530.26 GB
[ 3775.7s] IOs:    925535979  IOPS:   245130  Throughput:   957.5 MB/s  Total: 3530.64 GB
[ 3776.0s] IOs:    925636390  IOPS:   245134  Throughput:   957.6 MB/s  Total: 3531.02 GB
[ 3776.3s] IOs:    925736465  IOPS:   245145  Throughput:   957.6 MB/s  Total: 3531.40 GB
[ 3776.7s] IOs:    925837179  IOPS:   245143  Throughput:   957.6 MB/s  Total: 3531.79 GB
[ 3777.1s] IOs:    925937501  IOPS:   245148  Throughput:   957.6 MB/s  Total: 3532.17 GB
[ 3777.3s] IOs:    926037854  IOPS:   245160  Throughput:   957.7 MB/s  Total: 3532.55 GB
[ 3777.7s] IOs:    926138107  IOPS:   245162  Throughput:   957.7 MB/s  Total: 3532.94 GB
[ 3778.0s] IOs:    926238840  IOPS:   245167  Throughput:   957.7 MB/s  Total: 3533.32 GB
[ 3778.3s] IOs:    926339815  IOPS:   245176  Throughput:   957.7 MB/s  Total: 3533.71 GB
[ 3778.6s] IOs:    926440232  IOPS:   245182  Throughput:   957.7 MB/s  Total: 3534.09 GB
[ 3778.8s] IOs:    926540524  IOPS:   245193  Throughput:   957.8 MB/s  Total: 3534.47 GB
[ 3779.1s] IOs:    926641034  IOPS:   245202  Throughput:   957.8 MB/s  Total: 3534.86 GB
[ 3779.3s] IOs:    926741671  IOPS:   245214  Throughput:   957.9 MB/s  Total: 3535.24 GB
[ 3779.8s] IOs:    926842277  IOPS:   245208  Throughput:   957.8 MB/s  Total: 3535.62 GB
[ 3780.0s] IOs:    926943000  IOPS:   245220  Throughput:   957.9 MB/s  Total: 3536.01 GB
[ 3780.3s] IOs:    927043560  IOPS:   245232  Throughput:   957.9 MB/s  Total: 3536.39 GB
[ 3780.7s] IOs:    927144322  IOPS:   245228  Throughput:   957.9 MB/s  Total: 3536.77 GB
[ 3781.1s] IOs:    927244645  IOPS:   245232  Throughput:   957.9 MB/s  Total: 3537.16 GB
[ 3781.5s] IOs:    927344846  IOPS:   245233  Throughput:   957.9 MB/s  Total: 3537.54 GB
[ 3781.8s] IOs:    927445391  IOPS:   245240  Throughput:   958.0 MB/s  Total: 3537.92 GB
[ 3782.1s] IOs:    927545829  IOPS:   245244  Throughput:   958.0 MB/s  Total: 3538.31 GB
[ 3782.5s] IOs:    927646471  IOPS:   245248  Throughput:   958.0 MB/s  Total: 3538.69 GB
[ 3782.7s] IOs:    927747377  IOPS:   245261  Throughput:   958.0 MB/s  Total: 3539.08 GB
[ 3783.1s] IOs:    927848129  IOPS:   245259  Throughput:   958.0 MB/s  Total: 3539.46 GB
[ 3783.3s] IOs:    927948404  IOPS:   245272  Throughput:   958.1 MB/s  Total: 3539.84 GB
[ 3783.8s] IOs:    928048711  IOPS:   245271  Throughput:   958.1 MB/s  Total: 3540.22 GB
[ 3784.2s] IOs:    928149213  IOPS:   245271  Throughput:   958.1 MB/s  Total: 3540.61 GB
[ 3784.4s] IOs:    928250141  IOPS:   245283  Throughput:   958.1 MB/s  Total: 3540.99 GB
[ 3784.6s] IOs:    928350315  IOPS:   245295  Throughput:   958.2 MB/s  Total: 3541.38 GB
[ 3784.9s] IOs:    928450891  IOPS:   245305  Throughput:   958.2 MB/s  Total: 3541.76 GB
[ 3785.2s] IOs:    928551237  IOPS:   245313  Throughput:   958.3 MB/s  Total: 3542.14 GB
[ 3785.4s] IOs:    928651988  IOPS:   245325  Throughput:   958.3 MB/s  Total: 3542.53 GB
[ 3785.9s] IOs:    928752876  IOPS:   245319  Throughput:   958.3 MB/s  Total: 3542.91 GB
[ 3786.1s] IOs:    928853534  IOPS:   245331  Throughput:   958.3 MB/s  Total: 3543.30 GB
[ 3786.7s] IOs:    928954299  IOPS:   245323  Throughput:   958.3 MB/s  Total: 3543.68 GB
[ 3786.9s] IOs:    929054719  IOPS:   245333  Throughput:   958.3 MB/s  Total: 3544.06 GB
[ 3787.3s] IOs:    929155252  IOPS:   245336  Throughput:   958.3 MB/s  Total: 3544.45 GB
[ 3787.7s] IOs:    929256200  IOPS:   245334  Throughput:   958.3 MB/s  Total: 3544.83 GB
[ 3788.1s] IOs:    929356206  IOPS:   245337  Throughput:   958.3 MB/s  Total: 3545.21 GB
[ 3788.3s] IOs:    929456628  IOPS:   245348  Throughput:   958.4 MB/s  Total: 3545.60 GB
[ 3788.7s] IOs:    929556906  IOPS:   245347  Throughput:   958.4 MB/s  Total: 3545.98 GB
[ 3789.1s] IOs:    929657292  IOPS:   245350  Throughput:   958.4 MB/s  Total: 3546.36 GB
[ 3789.3s] IOs:    929758125  IOPS:   245362  Throughput:   958.4 MB/s  Total: 3546.75 GB
[ 3789.9s] IOs:    929858693  IOPS:   245354  Throughput:   958.4 MB/s  Total: 3547.13 GB
[ 3790.1s] IOs:    929959147  IOPS:   245364  Throughput:   958.5 MB/s  Total: 3547.51 GB
[ 3790.6s] IOs:    930059843  IOPS:   245361  Throughput:   958.4 MB/s  Total: 3547.90 GB
[ 3791.0s] IOs:    930160333  IOPS:   245357  Throughput:   958.4 MB/s  Total: 3548.28 GB
[ 3791.3s] IOs:    930260599  IOPS:   245366  Throughput:   958.5 MB/s  Total: 3548.66 GB
[ 3791.8s] IOs:    930361183  IOPS:   245361  Throughput:   958.4 MB/s  Total: 3549.05 GB
[ 3792.1s] IOs:    930461405  IOPS:   245365  Throughput:   958.5 MB/s  Total: 3549.43 GB
[ 3792.6s] IOs:    930561627  IOPS:   245361  Throughput:   958.4 MB/s  Total: 3549.81 GB
[ 3792.9s] IOs:    930661656  IOPS:   245371  Throughput:   958.5 MB/s  Total: 3550.19 GB
[ 3793.2s] IOs:    930762100  IOPS:   245376  Throughput:   958.5 MB/s  Total: 3550.58 GB
[ 3793.6s] IOs:    930862895  IOPS:   245378  Throughput:   958.5 MB/s  Total: 3550.96 GB
[ 3793.8s] IOs:    930963704  IOPS:   245391  Throughput:   958.6 MB/s  Total: 3551.34 GB
[ 3794.3s] IOs:    931064297  IOPS:   245388  Throughput:   958.5 MB/s  Total: 3551.73 GB
[ 3794.6s] IOs:    931164726  IOPS:   245395  Throughput:   958.6 MB/s  Total: 3552.11 GB
[ 3794.8s] IOs:    931265221  IOPS:   245404  Throughput:   958.6 MB/s  Total: 3552.49 GB
[ 3795.2s] IOs:    931365681  IOPS:   245409  Throughput:   958.6 MB/s  Total: 3552.88 GB
[ 3795.4s] IOs:    931466484  IOPS:   245420  Throughput:   958.7 MB/s  Total: 3553.26 GB
[ 3795.9s] IOs:    931567308  IOPS:   245414  Throughput:   958.7 MB/s  Total: 3553.65 GB
[ 3796.1s] IOs:    931668246  IOPS:   245425  Throughput:   958.7 MB/s  Total: 3554.03 GB
[ 3796.4s] IOs:    931769244  IOPS:   245433  Throughput:   958.7 MB/s  Total: 3554.42 GB
[ 3796.8s] IOs:    931869299  IOPS:   245439  Throughput:   958.7 MB/s  Total: 3554.80 GB
[ 3797.4s] IOs:    931970136  IOPS:   245424  Throughput:   958.7 MB/s  Total: 3555.18 GB
[ 3797.6s] IOs:    932070719  IOPS:   245436  Throughput:   958.7 MB/s  Total: 3555.57 GB
[ 3798.1s] IOs:    932171314  IOPS:   245429  Throughput:   958.7 MB/s  Total: 3555.95 GB
[ 3798.6s] IOs:    932272225  IOPS:   245424  Throughput:   958.7 MB/s  Total: 3556.34 GB
[ 3798.9s] IOs:    932372378  IOPS:   245434  Throughput:   958.7 MB/s  Total: 3556.72 GB
[ 3799.3s] IOs:    932472519  IOPS:   245433  Throughput:   958.7 MB/s  Total: 3557.10 GB
[ 3799.7s] IOs:    932573230  IOPS:   245432  Throughput:   958.7 MB/s  Total: 3557.48 GB
[ 3800.2s] IOs:    932673851  IOPS:   245431  Throughput:   958.7 MB/s  Total: 3557.87 GB
[ 3800.5s] IOs:    932774559  IOPS:   245432  Throughput:   958.7 MB/s  Total: 3558.25 GB
[ 3800.8s] IOs:    932875097  IOPS:   245442  Throughput:   958.8 MB/s  Total: 3558.64 GB
[ 3801.2s] IOs:    932975686  IOPS:   245444  Throughput:   958.8 MB/s  Total: 3559.02 GB
[ 3801.6s] IOs:    933075915  IOPS:   245446  Throughput:   958.8 MB/s  Total: 3559.40 GB
[ 3801.8s] IOs:    933176462  IOPS:   245454  Throughput:   958.8 MB/s  Total: 3559.79 GB
[ 3802.2s] IOs:    933277177  IOPS:   245456  Throughput:   958.8 MB/s  Total: 3560.17 GB
[ 3802.5s] IOs:    933378148  IOPS:   245463  Throughput:   958.8 MB/s  Total: 3560.56 GB
[ 3802.8s] IOs:    933479141  IOPS:   245473  Throughput:   958.9 MB/s  Total: 3560.94 GB
[ 3803.3s] IOs:    933579412  IOPS:   245465  Throughput:   958.8 MB/s  Total: 3561.32 GB
[ 3803.5s] IOs:    933679726  IOPS:   245476  Throughput:   958.9 MB/s  Total: 3561.71 GB
[ 3803.8s] IOs:    933780125  IOPS:   245487  Throughput:   958.9 MB/s  Total: 3562.09 GB
[ 3807.4s] IOs:    933880789  IOPS:   245283  Throughput:   958.1 MB/s  Total: 3562.47 GB
[ 3807.7s] IOs:    933981115  IOPS:   245289  Throughput:   958.2 MB/s  Total: 3562.86 GB
[ 3808.3s] IOs:    934081593  IOPS:   245278  Throughput:   958.1 MB/s  Total: 3563.24 GB
[Reader] Parsed 117000000 lines, distributed 934149361 writes, unique 720.00 GB, skipped 61137908
[ 3808.6s] IOs:    934181634  IOPS:   245285  Throughput:   958.1 MB/s  Total: 3563.62 GB
[ 3808.8s] IOs:    934282520  IOPS:   245295  Throughput:   958.2 MB/s  Total: 3564.00 GB
[ 3809.2s] IOs:    934383009  IOPS:   245297  Throughput:   958.2 MB/s  Total: 3564.39 GB
[ 3809.6s] IOs:    934484019  IOPS:   245295  Throughput:   958.2 MB/s  Total: 3564.77 GB
[ 3809.9s] IOs:    934584311  IOPS:   245302  Throughput:   958.2 MB/s  Total: 3565.16 GB
[ 3810.2s] IOs:    934684526  IOPS:   245310  Throughput:   958.2 MB/s  Total: 3565.54 GB
[ 3810.6s] IOs:    934785424  IOPS:   245314  Throughput:   958.3 MB/s  Total: 3565.92 GB
[ 3810.8s] IOs:    934885946  IOPS:   245326  Throughput:   958.3 MB/s  Total: 3566.31 GB
[ 3811.2s] IOs:    934986521  IOPS:   245327  Throughput:   958.3 MB/s  Total: 3566.69 GB
[ 3811.5s] IOs:    935087286  IOPS:   245335  Throughput:   958.3 MB/s  Total: 3567.07 GB
[ 3811.8s] IOs:    935188277  IOPS:   245343  Throughput:   958.4 MB/s  Total: 3567.46 GB
[ 3812.0s] IOs:    935289031  IOPS:   245353  Throughput:   958.4 MB/s  Total: 3567.84 GB
[ 3816.5s] IOs:    935389792  IOPS:   245091  Throughput:   957.4 MB/s  Total: 3568.23 GB
[ 3817.6s] IOs:    935490569  IOPS:   245048  Throughput:   957.2 MB/s  Total: 3568.61 GB
[ 3819.0s] IOs:    935591224  IOPS:   244981  Throughput:   957.0 MB/s  Total: 3569.00 GB
[ 3820.1s] IOs:    935691997  IOPS:   244940  Throughput:   956.8 MB/s  Total: 3569.38 GB
[ 3821.1s] IOs:    935792911  IOPS:   244899  Throughput:   956.6 MB/s  Total: 3569.77 GB
[ 3822.1s] IOs:    935893663  IOPS:   244863  Throughput:   956.5 MB/s  Total: 3570.15 GB
[ 3823.0s] IOs:    935994059  IOPS:   244832  Throughput:   956.4 MB/s  Total: 3570.53 GB
[ 3823.6s] IOs:    936094563  IOPS:   244823  Throughput:   956.3 MB/s  Total: 3570.92 GB
[ 3824.5s] IOs:    936195036  IOPS:   244791  Throughput:   956.2 MB/s  Total: 3571.30 GB
[ 3825.1s] IOs:    936295461  IOPS:   244775  Throughput:   956.2 MB/s  Total: 3571.68 GB
[ 3825.7s] IOs:    936395861  IOPS:   244764  Throughput:   956.1 MB/s  Total: 3572.07 GB
[ 3826.5s] IOs:    936496719  IOPS:   244742  Throughput:   956.0 MB/s  Total: 3572.45 GB
[ 3827.0s] IOs:    936597487  IOPS:   244731  Throughput:   956.0 MB/s  Total: 3572.84 GB
[ 3827.6s] IOs:    936698059  IOPS:   244720  Throughput:   955.9 MB/s  Total: 3573.22 GB
[ 3828.1s] IOs:    936798578  IOPS:   244714  Throughput:   955.9 MB/s  Total: 3573.60 GB
[ 3828.6s] IOs:    936899186  IOPS:   244710  Throughput:   955.9 MB/s  Total: 3573.99 GB
[ 3829.2s] IOs:    936999662  IOPS:   244700  Throughput:   955.9 MB/s  Total: 3574.37 GB
[ 3829.6s] IOs:    937100514  IOPS:   244698  Throughput:   955.9 MB/s  Total: 3574.75 GB
[ 3830.2s] IOs:    937201137  IOPS:   244686  Throughput:   955.8 MB/s  Total: 3575.14 GB
[ 3830.7s] IOs:    937301149  IOPS:   244679  Throughput:   955.8 MB/s  Total: 3575.52 GB
[ 3831.2s] IOs:    937401650  IOPS:   244679  Throughput:   955.8 MB/s  Total: 3575.90 GB
[ 3831.6s] IOs:    937502536  IOPS:   244674  Throughput:   955.8 MB/s  Total: 3576.29 GB
[ 3832.2s] IOs:    937603325  IOPS:   244667  Throughput:   955.7 MB/s  Total: 3576.67 GB
[ 3832.6s] IOs:    937703955  IOPS:   244667  Throughput:   955.7 MB/s  Total: 3577.06 GB
[ 3833.0s] IOs:    937804766  IOPS:   244667  Throughput:   955.7 MB/s  Total: 3577.44 GB
[ 3833.3s] IOs:    937905465  IOPS:   244675  Throughput:   955.8 MB/s  Total: 3577.83 GB
[ 3833.6s] IOs:    938006142  IOPS:   244678  Throughput:   955.8 MB/s  Total: 3578.21 GB
[ 3834.1s] IOs:    938106592  IOPS:   244674  Throughput:   955.8 MB/s  Total: 3578.59 GB
[ 3834.5s] IOs:    938207455  IOPS:   244674  Throughput:   955.8 MB/s  Total: 3578.98 GB
[ 3834.8s] IOs:    938308181  IOPS:   244685  Throughput:   955.8 MB/s  Total: 3579.36 GB
[ 3835.2s] IOs:    938408302  IOPS:   244680  Throughput:   955.8 MB/s  Total: 3579.74 GB
[ 3835.6s] IOs:    938508402  IOPS:   244683  Throughput:   955.8 MB/s  Total: 3580.13 GB
[ 3836.1s] IOs:    938609375  IOPS:   244677  Throughput:   955.8 MB/s  Total: 3580.51 GB
[ 3836.4s] IOs:    938709704  IOPS:   244684  Throughput:   955.8 MB/s  Total: 3580.89 GB
[ 3836.7s] IOs:    938809713  IOPS:   244692  Throughput:   955.8 MB/s  Total: 3581.27 GB
[ 3837.1s] IOs:    938910035  IOPS:   244690  Throughput:   955.8 MB/s  Total: 3581.66 GB
[ 3837.5s] IOs:    939010904  IOPS:   244695  Throughput:   955.8 MB/s  Total: 3582.04 GB
[ 3837.7s] IOs:    939111798  IOPS:   244706  Throughput:   955.9 MB/s  Total: 3582.43 GB
[ 3838.1s] IOs:    939212725  IOPS:   244710  Throughput:   955.9 MB/s  Total: 3582.81 GB
[ 3838.3s] IOs:    939312942  IOPS:   244721  Throughput:   955.9 MB/s  Total: 3583.19 GB
[ 3838.9s] IOs:    939413469  IOPS:   244712  Throughput:   955.9 MB/s  Total: 3583.58 GB
[ 3839.1s] IOs:    939514308  IOPS:   244723  Throughput:   955.9 MB/s  Total: 3583.96 GB
[ 3839.6s] IOs:    939614675  IOPS:   244717  Throughput:   955.9 MB/s  Total: 3584.35 GB
[ 3839.8s] IOs:    939714893  IOPS:   244728  Throughput:   956.0 MB/s  Total: 3584.73 GB
[ 3840.2s] IOs:    939815028  IOPS:   244733  Throughput:   956.0 MB/s  Total: 3585.11 GB
[ 3840.6s] IOs:    939915759  IOPS:   244729  Throughput:   956.0 MB/s  Total: 3585.49 GB
[ 3840.9s] IOs:    940016069  IOPS:   244740  Throughput:   956.0 MB/s  Total: 3585.88 GB
[ 3841.2s] IOs:    940116946  IOPS:   244748  Throughput:   956.0 MB/s  Total: 3586.26 GB
[ 3841.5s] IOs:    940217537  IOPS:   244752  Throughput:   956.1 MB/s  Total: 3586.65 GB
[ 3841.7s] IOs:    940318191  IOPS:   244764  Throughput:   956.1 MB/s  Total: 3587.03 GB
[ 3842.2s] IOs:    940419112  IOPS:   244764  Throughput:   956.1 MB/s  Total: 3587.41 GB
[ 3842.5s] IOs:    940519168  IOPS:   244768  Throughput:   956.1 MB/s  Total: 3587.80 GB
[ 3842.7s] IOs:    940619403  IOPS:   244780  Throughput:   956.2 MB/s  Total: 3588.18 GB
[ 3843.1s] IOs:    940720120  IOPS:   244784  Throughput:   956.2 MB/s  Total: 3588.56 GB
[ 3843.3s] IOs:    940820361  IOPS:   244796  Throughput:   956.2 MB/s  Total: 3588.94 GB
[ 3843.6s] IOs:    940920855  IOPS:   244802  Throughput:   956.3 MB/s  Total: 3589.33 GB
[ 3843.9s] IOs:    941021663  IOPS:   244812  Throughput:   956.3 MB/s  Total: 3589.71 GB
[ 3844.1s] IOs:    941122402  IOPS:   244820  Throughput:   956.3 MB/s  Total: 3590.10 GB
[ 3844.4s] IOs:    941222903  IOPS:   244827  Throughput:   956.4 MB/s  Total: 3590.48 GB
[ 3844.7s] IOs:    941323603  IOPS:   244840  Throughput:   956.4 MB/s  Total: 3590.86 GB
[ 3844.9s] IOs:    941423771  IOPS:   244851  Throughput:   956.4 MB/s  Total: 3591.25 GB
[ 3845.2s] IOs:    941524351  IOPS:   244858  Throughput:   956.5 MB/s  Total: 3591.63 GB
[ 3845.4s] IOs:    941625094  IOPS:   244870  Throughput:   956.5 MB/s  Total: 3592.01 GB
[ 3845.9s] IOs:    941725477  IOPS:   244865  Throughput:   956.5 MB/s  Total: 3592.40 GB
[ 3846.2s] IOs:    941826187  IOPS:   244874  Throughput:   956.5 MB/s  Total: 3592.78 GB
[ 3846.7s] IOs:    941926504  IOPS:   244864  Throughput:   956.5 MB/s  Total: 3593.16 GB
[ 3847.2s] IOs:    942027218  IOPS:   244863  Throughput:   956.5 MB/s  Total: 3593.55 GB
[ 3847.7s] IOs:    942127961  IOPS:   244853  Throughput:   956.5 MB/s  Total: 3593.93 GB
[ 3848.1s] IOs:    942228287  IOPS:   244858  Throughput:   956.5 MB/s  Total: 3594.32 GB
[ 3850.0s] IOs:    942328679  IOPS:   244759  Throughput:   956.1 MB/s  Total: 3594.70 GB
[ 3850.6s] IOs:    942428965  IOPS:   244749  Throughput:   956.0 MB/s  Total: 3595.08 GB
[ 3851.1s] IOs:    942529071  IOPS:   244744  Throughput:   956.0 MB/s  Total: 3595.46 GB
[ 3851.7s] IOs:    942629500  IOPS:   244729  Throughput:   956.0 MB/s  Total: 3595.85 GB
[ 3852.1s] IOs:    942729760  IOPS:   244733  Throughput:   956.0 MB/s  Total: 3596.23 GB
[ 3852.6s] IOs:    942830549  IOPS:   244724  Throughput:   956.0 MB/s  Total: 3596.61 GB
[ 3853.1s] IOs:    942931507  IOPS:   244720  Throughput:   955.9 MB/s  Total: 3597.00 GB
[ 3853.5s] IOs:    943032152  IOPS:   244721  Throughput:   955.9 MB/s  Total: 3597.38 GB
[ 3854.0s] IOs:    943132610  IOPS:   244716  Throughput:   955.9 MB/s  Total: 3597.77 GB
[ 3854.4s] IOs:    943232807  IOPS:   244717  Throughput:   955.9 MB/s  Total: 3598.15 GB
[ 3854.7s] IOs:    943333004  IOPS:   244721  Throughput:   955.9 MB/s  Total: 3598.53 GB
[ 3855.0s] IOs:    943433546  IOPS:   244728  Throughput:   956.0 MB/s  Total: 3598.91 GB
[ 3855.5s] IOs:    943534322  IOPS:   244724  Throughput:   956.0 MB/s  Total: 3599.30 GB
[ 3855.7s] IOs:    943634765  IOPS:   244736  Throughput:   956.0 MB/s  Total: 3599.68 GB
[ 3856.0s] IOs:    943735522  IOPS:   244742  Throughput:   956.0 MB/s  Total: 3600.07 GB
[ 3856.7s] IOs:    943836208  IOPS:   244726  Throughput:   956.0 MB/s  Total: 3600.45 GB
[ 3856.9s] IOs:    943936763  IOPS:   244737  Throughput:   956.0 MB/s  Total: 3600.83 GB
[ 3857.4s] IOs:    944037321  IOPS:   244733  Throughput:   956.0 MB/s  Total: 3601.22 GB
[Reader] Parsed 118000000 lines, distributed 944141858 writes, unique 720.00 GB, skipped 63086054
[ 3857.7s] IOs:    944137863  IOPS:   244744  Throughput:   956.0 MB/s  Total: 3601.60 GB
[ 3858.1s] IOs:    944238767  IOPS:   244739  Throughput:   956.0 MB/s  Total: 3601.99 GB
[ 3858.4s] IOs:    944339393  IOPS:   244747  Throughput:   956.0 MB/s  Total: 3602.37 GB
[ 3858.8s] IOs:    944439655  IOPS:   244750  Throughput:   956.1 MB/s  Total: 3602.75 GB
[ 3859.1s] IOs:    944540432  IOPS:   244758  Throughput:   956.1 MB/s  Total: 3603.14 GB
[ 3859.5s] IOs:    944640897  IOPS:   244760  Throughput:   956.1 MB/s  Total: 3603.52 GB
[ 3859.7s] IOs:    944741573  IOPS:   244770  Throughput:   956.1 MB/s  Total: 3603.90 GB
[ 3860.0s] IOs:    944842225  IOPS:   244775  Throughput:   956.2 MB/s  Total: 3604.29 GB
[ 3860.4s] IOs:    944943149  IOPS:   244776  Throughput:   956.2 MB/s  Total: 3604.67 GB
[ 3860.7s] IOs:    945043516  IOPS:   244786  Throughput:   956.2 MB/s  Total: 3605.05 GB
[ 3861.0s] IOs:    945144047  IOPS:   244793  Throughput:   956.2 MB/s  Total: 3605.44 GB
[ 3861.2s] IOs:    945244611  IOPS:   244805  Throughput:   956.3 MB/s  Total: 3605.82 GB
[ 3861.6s] IOs:    945345403  IOPS:   244809  Throughput:   956.3 MB/s  Total: 3606.21 GB
[ 3861.9s] IOs:    945446057  IOPS:   244815  Throughput:   956.3 MB/s  Total: 3606.59 GB
[ 3862.1s] IOs:    945546511  IOPS:   244827  Throughput:   956.4 MB/s  Total: 3606.97 GB
[ 3862.4s] IOs:    945647040  IOPS:   244834  Throughput:   956.4 MB/s  Total: 3607.36 GB
[ 3862.6s] IOs:    945747380  IOPS:   244846  Throughput:   956.4 MB/s  Total: 3607.74 GB
[ 3863.1s] IOs:    945847773  IOPS:   244840  Throughput:   956.4 MB/s  Total: 3608.12 GB
[ 3863.4s] IOs:    945948669  IOPS:   244846  Throughput:   956.4 MB/s  Total: 3608.51 GB
[ 3863.7s] IOs:    946049562  IOPS:   244857  Throughput:   956.5 MB/s  Total: 3608.89 GB
[ 3864.2s] IOs:    946150270  IOPS:   244852  Throughput:   956.5 MB/s  Total: 3609.28 GB
[ 3864.6s] IOs:    946250946  IOPS:   244850  Throughput:   956.4 MB/s  Total: 3609.66 GB
[ 3865.2s] IOs:    946351626  IOPS:   244840  Throughput:   956.4 MB/s  Total: 3610.04 GB
[ 3865.5s] IOs:    946451884  IOPS:   244847  Throughput:   956.4 MB/s  Total: 3610.43 GB
[ 3866.0s] IOs:    946552559  IOPS:   244843  Throughput:   956.4 MB/s  Total: 3610.81 GB
[ 3866.2s] IOs:    946653061  IOPS:   244853  Throughput:   956.5 MB/s  Total: 3611.19 GB
[ 3866.7s] IOs:    946753646  IOPS:   244848  Throughput:   956.4 MB/s  Total: 3611.58 GB
[ 3867.1s] IOs:    946853940  IOPS:   244848  Throughput:   956.4 MB/s  Total: 3611.96 GB
[ 3867.5s] IOs:    946954183  IOPS:   244849  Throughput:   956.4 MB/s  Total: 3612.34 GB
[ 3868.0s] IOs:    947055023  IOPS:   244847  Throughput:   956.4 MB/s  Total: 3612.73 GB
[ 3868.3s] IOs:    947155865  IOPS:   244854  Throughput:   956.5 MB/s  Total: 3613.11 GB
[ 3868.6s] IOs:    947256142  IOPS:   244859  Throughput:   956.5 MB/s  Total: 3613.50 GB
[ 3869.1s] IOs:    947356805  IOPS:   244853  Throughput:   956.5 MB/s  Total: 3613.88 GB
[ 3869.3s] IOs:    947457718  IOPS:   244863  Throughput:   956.5 MB/s  Total: 3614.26 GB
[ 3869.6s] IOs:    947558725  IOPS:   244873  Throughput:   956.5 MB/s  Total: 3614.65 GB
[ 3870.0s] IOs:    947659108  IOPS:   244876  Throughput:   956.5 MB/s  Total: 3615.03 GB
[ 3870.2s] IOs:    947759628  IOPS:   244887  Throughput:   956.6 MB/s  Total: 3615.42 GB
[ 3870.6s] IOs:    947859679  IOPS:   244888  Throughput:   956.6 MB/s  Total: 3615.80 GB
[ 3870.8s] IOs:    947960261  IOPS:   244898  Throughput:   956.6 MB/s  Total: 3616.18 GB
[ 3871.1s] IOs:    948060919  IOPS:   244909  Throughput:   956.7 MB/s  Total: 3616.57 GB
[ 3871.3s] IOs:    948161345  IOPS:   244921  Throughput:   956.7 MB/s  Total: 3616.95 GB
[ 3871.7s] IOs:    948261996  IOPS:   244922  Throughput:   956.7 MB/s  Total: 3617.33 GB
[ 3872.1s] IOs:    948362879  IOPS:   244923  Throughput:   956.7 MB/s  Total: 3617.72 GB
[ 3872.3s] IOs:    948462918  IOPS:   244932  Throughput:   956.8 MB/s  Total: 3618.10 GB
[ 3872.6s] IOs:    948563287  IOPS:   244944  Throughput:   956.8 MB/s  Total: 3618.48 GB
[ 3872.8s] IOs:    948663864  IOPS:   244955  Throughput:   956.9 MB/s  Total: 3618.87 GB
[ 3873.1s] IOs:    948764399  IOPS:   244960  Throughput:   956.9 MB/s  Total: 3619.25 GB
[ 3873.6s] IOs:    948864734  IOPS:   244959  Throughput:   956.9 MB/s  Total: 3619.63 GB
[ 3874.0s] IOs:    948965522  IOPS:   244959  Throughput:   956.9 MB/s  Total: 3620.02 GB
[ 3874.3s] IOs:    949065689  IOPS:   244968  Throughput:   956.9 MB/s  Total: 3620.40 GB
[ 3874.6s] IOs:    949165781  IOPS:   244973  Throughput:   956.9 MB/s  Total: 3620.78 GB
[ 3874.9s] IOs:    949266632  IOPS:   244975  Throughput:   956.9 MB/s  Total: 3621.16 GB
[ 3875.2s] IOs:    949367031  IOPS:   244985  Throughput:   957.0 MB/s  Total: 3621.55 GB
[ 3875.5s] IOs:    949467314  IOPS:   244991  Throughput:   957.0 MB/s  Total: 3621.93 GB
[ 3875.7s] IOs:    949567907  IOPS:   245003  Throughput:   957.0 MB/s  Total: 3622.31 GB
[ 3876.1s] IOs:    949668663  IOPS:   245006  Throughput:   957.1 MB/s  Total: 3622.70 GB
[ 3876.4s] IOs:    949769303  IOPS:   245016  Throughput:   957.1 MB/s  Total: 3623.08 GB
[ 3876.7s] IOs:    949870091  IOPS:   245023  Throughput:   957.1 MB/s  Total: 3623.47 GB
[ 3876.9s] IOs:    949970675  IOPS:   245033  Throughput:   957.2 MB/s  Total: 3623.85 GB
[ 3877.2s] IOs:    950071281  IOPS:   245042  Throughput:   957.2 MB/s  Total: 3624.23 GB
[ 3877.4s] IOs:    950171561  IOPS:   245051  Throughput:   957.2 MB/s  Total: 3624.62 GB
[ 3877.8s] IOs:    950271756  IOPS:   245057  Throughput:   957.3 MB/s  Total: 3625.00 GB
[ 3878.0s] IOs:    950372667  IOPS:   245069  Throughput:   957.3 MB/s  Total: 3625.38 GB
[ 3878.2s] IOs:    950473070  IOPS:   245079  Throughput:   957.3 MB/s  Total: 3625.77 GB
[ 3878.5s] IOs:    950573514  IOPS:   245088  Throughput:   957.4 MB/s  Total: 3626.15 GB
[ 3879.0s] IOs:    950674366  IOPS:   245083  Throughput:   957.4 MB/s  Total: 3626.53 GB
[ 3879.5s] IOs:    950774610  IOPS:   245078  Throughput:   957.3 MB/s  Total: 3626.92 GB
[ 3879.8s] IOs:    950875582  IOPS:   245086  Throughput:   957.4 MB/s  Total: 3627.30 GB
[ 3880.1s] IOs:    950975903  IOPS:   245088  Throughput:   957.4 MB/s  Total: 3627.69 GB
[ 3880.6s] IOs:    951076166  IOPS:   245082  Throughput:   957.4 MB/s  Total: 3628.07 GB
[ 3881.0s] IOs:    951176454  IOPS:   245084  Throughput:   957.4 MB/s  Total: 3628.45 GB
[ 3881.4s] IOs:    951276933  IOPS:   245083  Throughput:   957.4 MB/s  Total: 3628.83 GB
[ 3881.7s] IOs:    951377580  IOPS:   245090  Throughput:   957.4 MB/s  Total: 3629.22 GB
[ 3882.1s] IOs:    951478410  IOPS:   245096  Throughput:   957.4 MB/s  Total: 3629.60 GB
[ 3882.5s] IOs:    951578939  IOPS:   245097  Throughput:   957.4 MB/s  Total: 3629.99 GB
[ 3882.7s] IOs:    951679374  IOPS:   245106  Throughput:   957.4 MB/s  Total: 3630.37 GB
[ 3883.1s] IOs:    951779512  IOPS:   245110  Throughput:   957.5 MB/s  Total: 3630.75 GB
[ 3883.3s] IOs:    951880072  IOPS:   245122  Throughput:   957.5 MB/s  Total: 3631.13 GB
[ 3883.6s] IOs:    951980540  IOPS:   245126  Throughput:   957.5 MB/s  Total: 3631.52 GB
[ 3884.0s] IOs:    952081122  IOPS:   245130  Throughput:   957.5 MB/s  Total: 3631.90 GB
[ 3884.2s] IOs:    952181166  IOPS:   245140  Throughput:   957.6 MB/s  Total: 3632.28 GB
[ 3884.7s] IOs:    952282126  IOPS:   245138  Throughput:   957.6 MB/s  Total: 3632.67 GB
[ 3884.9s] IOs:    952382632  IOPS:   245149  Throughput:   957.6 MB/s  Total: 3633.05 GB
[ 3885.2s] IOs:    952482998  IOPS:   245160  Throughput:   957.7 MB/s  Total: 3633.43 GB
[ 3885.4s] IOs:    952583630  IOPS:   245168  Throughput:   957.7 MB/s  Total: 3633.82 GB
[ 3885.7s] IOs:    952684051  IOPS:   245178  Throughput:   957.7 MB/s  Total: 3634.20 GB
[ 3886.1s] IOs:    952784519  IOPS:   245181  Throughput:   957.7 MB/s  Total: 3634.58 GB
[ 3886.3s] IOs:    952885040  IOPS:   245191  Throughput:   957.8 MB/s  Total: 3634.97 GB
[ 3886.6s] IOs:    952985820  IOPS:   245196  Throughput:   957.8 MB/s  Total: 3635.35 GB
[ 3886.9s] IOs:    953086270  IOPS:   245208  Throughput:   957.8 MB/s  Total: 3635.74 GB
[ 3887.2s] IOs:    953186771  IOPS:   245210  Throughput:   957.9 MB/s  Total: 3636.12 GB
[ 3887.4s] IOs:    953287340  IOPS:   245222  Throughput:   957.9 MB/s  Total: 3636.50 GB
[ 3887.8s] IOs:    953387722  IOPS:   245228  Throughput:   957.9 MB/s  Total: 3636.89 GB
[ 3888.1s] IOs:    953488407  IOPS:   245235  Throughput:   958.0 MB/s  Total: 3637.27 GB
[ 3888.3s] IOs:    953588663  IOPS:   245246  Throughput:   958.0 MB/s  Total: 3637.65 GB
[ 3888.5s] IOs:    953689062  IOPS:   245256  Throughput:   958.0 MB/s  Total: 3638.04 GB
[ 3888.8s] IOs:    953789734  IOPS:   245269  Throughput:   958.1 MB/s  Total: 3638.42 GB
[ 3889.0s] IOs:    953889924  IOPS:   245281  Throughput:   958.1 MB/s  Total: 3638.80 GB
[ 3889.3s] IOs:    953990218  IOPS:   245288  Throughput:   958.2 MB/s  Total: 3639.18 GB
[ 3889.5s] IOs:    954090546  IOPS:   245300  Throughput:   958.2 MB/s  Total: 3639.57 GB
[ 3889.7s] IOs:    954190603  IOPS:   245310  Throughput:   958.2 MB/s  Total: 3639.95 GB
[ 3889.9s] IOs:    954290790  IOPS:   245322  Throughput:   958.3 MB/s  Total: 3640.33 GB
[ 3890.2s] IOs:    954391450  IOPS:   245334  Throughput:   958.3 MB/s  Total: 3640.71 GB
[ 3890.4s] IOs:    954491565  IOPS:   245345  Throughput:   958.4 MB/s  Total: 3641.10 GB
[Reader] Parsed 119000000 lines, distributed 954536092 writes, unique 720.00 GB, skipped 64845145
[ 3890.6s] IOs:    954592251  IOPS:   245356  Throughput:   958.4 MB/s  Total: 3641.48 GB
[ 3890.9s] IOs:    954692677  IOPS:   245367  Throughput:   958.5 MB/s  Total: 3641.86 GB
[ 3891.1s] IOs:    954793050  IOPS:   245378  Throughput:   958.5 MB/s  Total: 3642.25 GB
[ 3891.3s] IOs:    954893059  IOPS:   245389  Throughput:   958.6 MB/s  Total: 3642.63 GB
[ 3896.5s] IOs:    954993689  IOPS:   245089  Throughput:   957.4 MB/s  Total: 3643.01 GB
[ 3903.0s] IOs:    955094128  IOPS:   244707  Throughput:   955.9 MB/s  Total: 3643.39 GB
[ 3906.6s] IOs:    955194640  IOPS:   244508  Throughput:   955.1 MB/s  Total: 3643.78 GB
[ 3909.6s] IOs:    955294768  IOPS:   244347  Throughput:   954.5 MB/s  Total: 3644.16 GB
[ 3912.0s] IOs:    955395472  IOPS:   244220  Throughput:   954.0 MB/s  Total: 3644.54 GB
[ 3913.6s] IOs:    955496444  IOPS:   244147  Throughput:   953.7 MB/s  Total: 3644.93 GB
[ 3915.2s] IOs:    955596520  IOPS:   244072  Throughput:   953.4 MB/s  Total: 3645.31 GB
[ 3915.5s] IOs:    955697061  IOPS:   244082  Throughput:   953.4 MB/s  Total: 3645.69 GB
[ 3915.7s] IOs:    955797728  IOPS:   244093  Throughput:   953.5 MB/s  Total: 3646.08 GB
[ 3916.0s] IOs:    955898443  IOPS:   244103  Throughput:   953.5 MB/s  Total: 3646.46 GB
[ 3916.2s] IOs:    955998918  IOPS:   244112  Throughput:   953.6 MB/s  Total: 3646.85 GB
[ 3916.5s] IOs:    956099633  IOPS:   244119  Throughput:   953.6 MB/s  Total: 3647.23 GB
[ 3916.8s] IOs:    956199976  IOPS:   244129  Throughput:   953.6 MB/s  Total: 3647.61 GB
[ 3917.0s] IOs:    956300069  IOPS:   244139  Throughput:   953.7 MB/s  Total: 3648.00 GB
[ 3917.3s] IOs:    956400643  IOPS:   244146  Throughput:   953.7 MB/s  Total: 3648.38 GB
[ 3917.6s] IOs:    956501064  IOPS:   244156  Throughput:   953.7 MB/s  Total: 3648.76 GB
[ 3917.8s] IOs:    956601639  IOPS:   244167  Throughput:   953.8 MB/s  Total: 3649.15 GB
[ 3918.0s] IOs:    956702252  IOPS:   244178  Throughput:   953.8 MB/s  Total: 3649.53 GB
[ 3918.3s] IOs:    956802786  IOPS:   244188  Throughput:   953.9 MB/s  Total: 3649.91 GB
[ 3918.5s] IOs:    956903510  IOPS:   244199  Throughput:   953.9 MB/s  Total: 3650.30 GB
[ 3918.8s] IOs:    957004181  IOPS:   244209  Throughput:   953.9 MB/s  Total: 3650.68 GB
[ 3919.1s] IOs:    957105048  IOPS:   244218  Throughput:   954.0 MB/s  Total: 3651.07 GB
[ 3919.3s] IOs:    957205774  IOPS:   244229  Throughput:   954.0 MB/s  Total: 3651.45 GB
[ 3919.6s] IOs:    957306328  IOPS:   244239  Throughput:   954.1 MB/s  Total: 3651.83 GB
[ 3919.8s] IOs:    957406898  IOPS:   244251  Throughput:   954.1 MB/s  Total: 3652.22 GB
[ 3920.0s] IOs:    957507471  IOPS:   244260  Throughput:   954.1 MB/s  Total: 3652.60 GB
[ 3920.2s] IOs:    957608214  IOPS:   244272  Throughput:   954.2 MB/s  Total: 3652.99 GB
[ 3920.5s] IOs:    957708966  IOPS:   244284  Throughput:   954.2 MB/s  Total: 3653.37 GB
[ 3920.8s] IOs:    957809627  IOPS:   244292  Throughput:   954.3 MB/s  Total: 3653.75 GB
[ 3921.0s] IOs:    957910233  IOPS:   244304  Throughput:   954.3 MB/s  Total: 3654.14 GB
[ 3921.2s] IOs:    958010550  IOPS:   244314  Throughput:   954.4 MB/s  Total: 3654.52 GB
[ 3921.5s] IOs:    958111112  IOPS:   244325  Throughput:   954.4 MB/s  Total: 3654.90 GB
[ 3921.7s] IOs:    958211348  IOPS:   244335  Throughput:   954.4 MB/s  Total: 3655.29 GB
[ 3922.0s] IOs:    958312284  IOPS:   244344  Throughput:   954.5 MB/s  Total: 3655.67 GB
[ 3922.2s] IOs:    958413303  IOPS:   244356  Throughput:   954.5 MB/s  Total: 3656.06 GB
[ 3922.4s] IOs:    958513658  IOPS:   244368  Throughput:   954.6 MB/s  Total: 3656.44 GB
[ 3922.7s] IOs:    958613738  IOPS:   244377  Throughput:   954.6 MB/s  Total: 3656.82 GB
[ 3922.9s] IOs:    958714079  IOPS:   244389  Throughput:   954.6 MB/s  Total: 3657.20 GB
[ 3923.1s] IOs:    958814533  IOPS:   244400  Throughput:   954.7 MB/s  Total: 3657.59 GB
[ 3923.5s] IOs:    958915116  IOPS:   244400  Throughput:   954.7 MB/s  Total: 3657.97 GB
[ 3923.8s] IOs:    959015964  IOPS:   244409  Throughput:   954.7 MB/s  Total: 3658.36 GB
[ 3924.2s] IOs:    959116389  IOPS:   244414  Throughput:   954.7 MB/s  Total: 3658.74 GB
[ 3924.6s] IOs:    959217287  IOPS:   244411  Throughput:   954.7 MB/s  Total: 3659.12 GB
[ 3924.8s] IOs:    959317715  IOPS:   244422  Throughput:   954.8 MB/s  Total: 3659.51 GB
[ 3925.2s] IOs:    959418399  IOPS:   244423  Throughput:   954.8 MB/s  Total: 3659.89 GB
[ 3925.6s] IOs:    959518591  IOPS:   244428  Throughput:   954.8 MB/s  Total: 3660.27 GB
[ 3925.8s] IOs:    959619367  IOPS:   244439  Throughput:   954.8 MB/s  Total: 3660.66 GB
[ 3926.2s] IOs:    959719882  IOPS:   244441  Throughput:   954.8 MB/s  Total: 3661.04 GB
[ 3926.4s] IOs:    959820500  IOPS:   244451  Throughput:   954.9 MB/s  Total: 3661.42 GB
[ 3926.8s] IOs:    959921278  IOPS:   244452  Throughput:   954.9 MB/s  Total: 3661.81 GB
[ 3927.1s] IOs:    960021308  IOPS:   244463  Throughput:   954.9 MB/s  Total: 3662.19 GB
[ 3927.3s] IOs:    960121984  IOPS:   244474  Throughput:   955.0 MB/s  Total: 3662.57 GB
[ 3927.7s] IOs:    960222663  IOPS:   244477  Throughput:   955.0 MB/s  Total: 3662.96 GB
[ 3927.9s] IOs:    960323356  IOPS:   244488  Throughput:   955.0 MB/s  Total: 3663.34 GB
[ 3928.2s] IOs:    960424224  IOPS:   244497  Throughput:   955.1 MB/s  Total: 3663.73 GB
[ 3928.4s] IOs:    960524412  IOPS:   244508  Throughput:   955.1 MB/s  Total: 3664.11 GB
[ 3928.6s] IOs:    960624444  IOPS:   244518  Throughput:   955.1 MB/s  Total: 3664.49 GB
[ 3928.9s] IOs:    960725323  IOPS:   244528  Throughput:   955.2 MB/s  Total: 3664.88 GB
[ 3929.2s] IOs:    960825927  IOPS:   244538  Throughput:   955.2 MB/s  Total: 3665.26 GB
[ 3929.4s] IOs:    960925988  IOPS:   244549  Throughput:   955.3 MB/s  Total: 3665.64 GB
[ 3929.7s] IOs:    961026761  IOPS:   244555  Throughput:   955.3 MB/s  Total: 3666.03 GB
[ 3930.0s] IOs:    961127387  IOPS:   244564  Throughput:   955.3 MB/s  Total: 3666.41 GB
[ 3930.2s] IOs:    961228104  IOPS:   244575  Throughput:   955.4 MB/s  Total: 3666.79 GB
[ 3930.6s] IOs:    961328708  IOPS:   244578  Throughput:   955.4 MB/s  Total: 3667.18 GB
[ 3930.8s] IOs:    961429196  IOPS:   244590  Throughput:   955.4 MB/s  Total: 3667.56 GB
[ 3931.1s] IOs:    961529858  IOPS:   244594  Throughput:   955.4 MB/s  Total: 3667.95 GB
[ 3931.4s] IOs:    961630010  IOPS:   244605  Throughput:   955.5 MB/s  Total: 3668.33 GB
[ 3931.7s] IOs:    961730530  IOPS:   244612  Throughput:   955.5 MB/s  Total: 3668.71 GB
[ 3931.9s] IOs:    961831056  IOPS:   244624  Throughput:   955.6 MB/s  Total: 3669.09 GB
[ 3932.2s] IOs:    961931751  IOPS:   244631  Throughput:   955.6 MB/s  Total: 3669.48 GB
[ 3932.4s] IOs:    962032596  IOPS:   244641  Throughput:   955.6 MB/s  Total: 3669.86 GB
[ 3932.7s] IOs:    962132949  IOPS:   244650  Throughput:   955.7 MB/s  Total: 3670.25 GB
[ 3932.9s] IOs:    962233429  IOPS:   244662  Throughput:   955.7 MB/s  Total: 3670.63 GB
[ 3933.2s] IOs:    962333830  IOPS:   244672  Throughput:   955.8 MB/s  Total: 3671.01 GB
[ 3933.4s] IOs:    962433902  IOPS:   244682  Throughput:   955.8 MB/s  Total: 3671.39 GB
[ 3933.6s] IOs:    962534315  IOPS:   244693  Throughput:   955.8 MB/s  Total: 3671.78 GB
[ 3934.2s] IOs:    962634627  IOPS:   244686  Throughput:   955.8 MB/s  Total: 3672.16 GB
[ 3934.6s] IOs:    962734951  IOPS:   244682  Throughput:   955.8 MB/s  Total: 3672.54 GB
[ 3935.3s] IOs:    962835636  IOPS:   244668  Throughput:   955.7 MB/s  Total: 3672.93 GB
[ 3935.6s] IOs:    962936337  IOPS:   244672  Throughput:   955.7 MB/s  Total: 3673.31 GB
[ 3936.2s] IOs:    963037251  IOPS:   244664  Throughput:   955.7 MB/s  Total: 3673.70 GB
[ 3936.7s] IOs:    963137935  IOPS:   244657  Throughput:   955.7 MB/s  Total: 3674.08 GB
[ 3937.3s] IOs:    963238808  IOPS:   244647  Throughput:   955.7 MB/s  Total: 3674.46 GB
[ 3937.7s] IOs:    963339276  IOPS:   244645  Throughput:   955.6 MB/s  Total: 3674.85 GB
[ 3938.3s] IOs:    963439324  IOPS:   244636  Throughput:   955.6 MB/s  Total: 3675.23 GB
[ 3938.7s] IOs:    963540160  IOPS:   244634  Throughput:   955.6 MB/s  Total: 3675.61 GB
[ 3939.2s] IOs:    963640986  IOPS:   244630  Throughput:   955.6 MB/s  Total: 3676.00 GB
[ 3939.7s] IOs:    963741389  IOPS:   244620  Throughput:   955.5 MB/s  Total: 3676.38 GB
[ 3940.1s] IOs:    963841648  IOPS:   244627  Throughput:   955.6 MB/s  Total: 3676.76 GB
[ 3940.3s] IOs:    963941734  IOPS:   244638  Throughput:   955.6 MB/s  Total: 3677.15 GB
[ 3940.7s] IOs:    964042334  IOPS:   244634  Throughput:   955.6 MB/s  Total: 3677.53 GB
[ 3941.1s] IOs:    964142672  IOPS:   244636  Throughput:   955.6 MB/s  Total: 3677.91 GB
[ 3941.5s] IOs:    964243283  IOPS:   244636  Throughput:   955.6 MB/s  Total: 3678.30 GB
[ 3941.9s] IOs:    964343879  IOPS:   244642  Throughput:   955.6 MB/s  Total: 3678.68 GB
[ 3942.2s] IOs:    964444364  IOPS:   244647  Throughput:   955.7 MB/s  Total: 3679.06 GB
[ 3942.5s] IOs:    964545174  IOPS:   244651  Throughput:   955.7 MB/s  Total: 3679.45 GB
[ 3942.8s] IOs:    964645671  IOPS:   244662  Throughput:   955.7 MB/s  Total: 3679.83 GB
[ 3943.1s] IOs:    964746572  IOPS:   244664  Throughput:   955.7 MB/s  Total: 3680.22 GB
[ 3943.4s] IOs:    964847482  IOPS:   244674  Throughput:   955.8 MB/s  Total: 3680.60 GB
[ 3943.7s] IOs:    964947958  IOPS:   244681  Throughput:   955.8 MB/s  Total: 3680.98 GB
[ 3943.9s] IOs:    965048535  IOPS:   244691  Throughput:   955.8 MB/s  Total: 3681.37 GB
[Reader] Parsed 120000000 lines, distributed 965082555 writes, unique 720.00 GB, skipped 67197571
[ 3944.2s] IOs:    965149026  IOPS:   244698  Throughput:   955.9 MB/s  Total: 3681.75 GB
[ 3944.6s] IOs:    965249639  IOPS:   244702  Throughput:   955.9 MB/s  Total: 3682.14 GB
[ 3944.8s] IOs:    965350045  IOPS:   244714  Throughput:   955.9 MB/s  Total: 3682.52 GB
[ 3945.1s] IOs:    965450682  IOPS:   244719  Throughput:   955.9 MB/s  Total: 3682.90 GB
[ 3945.4s] IOs:    965551046  IOPS:   244731  Throughput:   956.0 MB/s  Total: 3683.28 GB
[ 3945.7s] IOs:    965651380  IOPS:   244738  Throughput:   956.0 MB/s  Total: 3683.67 GB
[ 3945.9s] IOs:    965752124  IOPS:   244749  Throughput:   956.1 MB/s  Total: 3684.05 GB
[ 3946.3s] IOs:    965852431  IOPS:   244748  Throughput:   956.0 MB/s  Total: 3684.43 GB
[ 3946.5s] IOs:    965953448  IOPS:   244760  Throughput:   956.1 MB/s  Total: 3684.82 GB
[ 3946.8s] IOs:    966054323  IOPS:   244769  Throughput:   956.1 MB/s  Total: 3685.20 GB
[ 3947.2s] IOs:    966154710  IOPS:   244772  Throughput:   956.1 MB/s  Total: 3685.59 GB
[ 3947.4s] IOs:    966255598  IOPS:   244784  Throughput:   956.2 MB/s  Total: 3685.97 GB
[ 3947.7s] IOs:    966355725  IOPS:   244789  Throughput:   956.2 MB/s  Total: 3686.35 GB
[ 3947.9s] IOs:    966456381  IOPS:   244801  Throughput:   956.3 MB/s  Total: 3686.74 GB
[ 3948.2s] IOs:    966557148  IOPS:   244806  Throughput:   956.3 MB/s  Total: 3687.12 GB
[ 3948.5s] IOs:    966657536  IOPS:   244815  Throughput:   956.3 MB/s  Total: 3687.51 GB
[ 3948.9s] IOs:    966758000  IOPS:   244815  Throughput:   956.3 MB/s  Total: 3687.89 GB
[ 3949.2s] IOs:    966858855  IOPS:   244824  Throughput:   956.3 MB/s  Total: 3688.27 GB
[ 3949.6s] IOs:    966959805  IOPS:   244826  Throughput:   956.4 MB/s  Total: 3688.66 GB
[ 3949.9s] IOs:    967060632  IOPS:   244833  Throughput:   956.4 MB/s  Total: 3689.04 GB
[ 3950.2s] IOs:    967161275  IOPS:   244836  Throughput:   956.4 MB/s  Total: 3689.43 GB
[ 3950.5s] IOs:    967261512  IOPS:   244848  Throughput:   956.4 MB/s  Total: 3689.81 GB
[ 3950.8s] IOs:    967362117  IOPS:   244852  Throughput:   956.5 MB/s  Total: 3690.19 GB
[ 3951.1s] IOs:    967462800  IOPS:   244858  Throughput:   956.5 MB/s  Total: 3690.58 GB
[ 3951.5s] IOs:    967562828  IOPS:   244859  Throughput:   956.5 MB/s  Total: 3690.96 GB
[ 3951.7s] IOs:    967663724  IOPS:   244870  Throughput:   956.5 MB/s  Total: 3691.34 GB
[ 3952.2s] IOs:    967764595  IOPS:   244870  Throughput:   956.5 MB/s  Total: 3691.73 GB
[ 3952.4s] IOs:    967865313  IOPS:   244882  Throughput:   956.6 MB/s  Total: 3692.11 GB
[ 3952.7s] IOs:    967966042  IOPS:   244885  Throughput:   956.6 MB/s  Total: 3692.50 GB
[ 3953.1s] IOs:    968066869  IOPS:   244888  Throughput:   956.6 MB/s  Total: 3692.88 GB
[ 3953.3s] IOs:    968167636  IOPS:   244899  Throughput:   956.6 MB/s  Total: 3693.27 GB
[ 3953.7s] IOs:    968268238  IOPS:   244905  Throughput:   956.7 MB/s  Total: 3693.65 GB
[ 3953.9s] IOs:    968368313  IOPS:   244916  Throughput:   956.7 MB/s  Total: 3694.03 GB
[ 3954.3s] IOs:    968468951  IOPS:   244918  Throughput:   956.7 MB/s  Total: 3694.42 GB
[ 3954.5s] IOs:    968569774  IOPS:   244930  Throughput:   956.8 MB/s  Total: 3694.80 GB
[ 3954.8s] IOs:    968670070  IOPS:   244936  Throughput:   956.8 MB/s  Total: 3695.18 GB
[ 3955.0s] IOs:    968770631  IOPS:   244948  Throughput:   956.8 MB/s  Total: 3695.57 GB
[ 3955.3s] IOs:    968871537  IOPS:   244955  Throughput:   956.9 MB/s  Total: 3695.95 GB
[ 3955.6s] IOs:    968972247  IOPS:   244961  Throughput:   956.9 MB/s  Total: 3696.34 GB
[ 3955.8s] IOs:    969072805  IOPS:   244973  Throughput:   956.9 MB/s  Total: 3696.72 GB
[ 3956.1s] IOs:    969173218  IOPS:   244980  Throughput:   957.0 MB/s  Total: 3697.10 GB
[ 3956.3s] IOs:    969273947  IOPS:   244992  Throughput:   957.0 MB/s  Total: 3697.49 GB
[ 3956.6s] IOs:    969374855  IOPS:   245001  Throughput:   957.0 MB/s  Total: 3697.87 GB
[ 3956.8s] IOs:    969475280  IOPS:   245013  Throughput:   957.1 MB/s  Total: 3698.25 GB
[ 3957.1s] IOs:    969575461  IOPS:   245025  Throughput:   957.1 MB/s  Total: 3698.64 GB
[ 3957.4s] IOs:    969675763  IOPS:   245031  Throughput:   957.2 MB/s  Total: 3699.02 GB
[ 3957.6s] IOs:    969776430  IOPS:   245040  Throughput:   957.2 MB/s  Total: 3699.40 GB
[ 3957.9s] IOs:    969876750  IOPS:   245050  Throughput:   957.2 MB/s  Total: 3699.79 GB
[ 3958.3s] IOs:    969977644  IOPS:   245048  Throughput:   957.2 MB/s  Total: 3700.17 GB
[ 3958.6s] IOs:    970078451  IOPS:   245057  Throughput:   957.3 MB/s  Total: 3700.56 GB
[ 3958.8s] IOs:    970178962  IOPS:   245068  Throughput:   957.3 MB/s  Total: 3700.94 GB
[ 3959.1s] IOs:    970279443  IOPS:   245077  Throughput:   957.3 MB/s  Total: 3701.32 GB
[ 3959.4s] IOs:    970379720  IOPS:   245085  Throughput:   957.4 MB/s  Total: 3701.70 GB
[ 3959.6s] IOs:    970480493  IOPS:   245094  Throughput:   957.4 MB/s  Total: 3702.09 GB
[ 3959.9s] IOs:    970581058  IOPS:   245105  Throughput:   957.4 MB/s  Total: 3702.47 GB
[ 3960.2s] IOs:    970682000  IOPS:   245109  Throughput:   957.5 MB/s  Total: 3702.86 GB
[ 3960.4s] IOs:    970782298  IOPS:   245121  Throughput:   957.5 MB/s  Total: 3703.24 GB
[ 3960.8s] IOs:    970882452  IOPS:   245126  Throughput:   957.5 MB/s  Total: 3703.62 GB
[ 3961.0s] IOs:    970982699  IOPS:   245136  Throughput:   957.6 MB/s  Total: 3704.01 GB
[ 3961.3s] IOs:    971082809  IOPS:   245143  Throughput:   957.6 MB/s  Total: 3704.39 GB
[ 3961.8s] IOs:    971183427  IOPS:   245139  Throughput:   957.6 MB/s  Total: 3704.77 GB
[ 3962.2s] IOs:    971284124  IOPS:   245139  Throughput:   957.6 MB/s  Total: 3705.15 GB
[ 3962.5s] IOs:    971384859  IOPS:   245144  Throughput:   957.6 MB/s  Total: 3705.54 GB
[ 3962.9s] IOs:    971485587  IOPS:   245147  Throughput:   957.6 MB/s  Total: 3705.92 GB
[ 3963.2s] IOs:    971585684  IOPS:   245151  Throughput:   957.6 MB/s  Total: 3706.31 GB
[ 3963.5s] IOs:    971686532  IOPS:   245160  Throughput:   957.7 MB/s  Total: 3706.69 GB
[ 3963.8s] IOs:    971787119  IOPS:   245163  Throughput:   957.7 MB/s  Total: 3707.07 GB
[ 3964.2s] IOs:    971887902  IOPS:   245163  Throughput:   957.7 MB/s  Total: 3707.46 GB
[ 3964.5s] IOs:    971988855  IOPS:   245174  Throughput:   957.7 MB/s  Total: 3707.84 GB
[ 3964.8s] IOs:    972089310  IOPS:   245181  Throughput:   957.7 MB/s  Total: 3708.23 GB
[ 3965.0s] IOs:    972190074  IOPS:   245193  Throughput:   957.8 MB/s  Total: 3708.61 GB
[ 3965.4s] IOs:    972290401  IOPS:   245195  Throughput:   957.8 MB/s  Total: 3708.99 GB
[ 3965.6s] IOs:    972391083  IOPS:   245206  Throughput:   957.8 MB/s  Total: 3709.38 GB
[ 3965.9s] IOs:    972491674  IOPS:   245215  Throughput:   957.9 MB/s  Total: 3709.76 GB
[ 3966.2s] IOs:    972592354  IOPS:   245222  Throughput:   957.9 MB/s  Total: 3710.15 GB
[ 3966.4s] IOs:    972693179  IOPS:   245232  Throughput:   957.9 MB/s  Total: 3710.53 GB
[ 3966.7s] IOs:    972794129  IOPS:   245242  Throughput:   958.0 MB/s  Total: 3710.92 GB
[ 3966.9s] IOs:    972894244  IOPS:   245252  Throughput:   958.0 MB/s  Total: 3711.30 GB
[ 3967.2s] IOs:    972994261  IOPS:   245260  Throughput:   958.0 MB/s  Total: 3711.68 GB
[ 3967.4s] IOs:    973094646  IOPS:   245271  Throughput:   958.1 MB/s  Total: 3712.06 GB
[ 3967.7s] IOs:    973195578  IOPS:   245280  Throughput:   958.1 MB/s  Total: 3712.45 GB
[ 3968.2s] IOs:    973295800  IOPS:   245274  Throughput:   958.1 MB/s  Total: 3712.83 GB
[ 3968.4s] IOs:    973395934  IOPS:   245286  Throughput:   958.1 MB/s  Total: 3713.21 GB
[ 3969.0s] IOs:    973496768  IOPS:   245276  Throughput:   958.1 MB/s  Total: 3713.60 GB
[ 3969.4s] IOs:    973597010  IOPS:   245277  Throughput:   958.1 MB/s  Total: 3713.98 GB
[ 3970.0s] IOs:    973697696  IOPS:   245264  Throughput:   958.1 MB/s  Total: 3714.36 GB
[ 3970.3s] IOs:    973798098  IOPS:   245273  Throughput:   958.1 MB/s  Total: 3714.74 GB
[ 3970.7s] IOs:    973898415  IOPS:   245271  Throughput:   958.1 MB/s  Total: 3715.13 GB
[ 3971.0s] IOs:    973998462  IOPS:   245278  Throughput:   958.1 MB/s  Total: 3715.51 GB
[ 3971.3s] IOs:    974099081  IOPS:   245283  Throughput:   958.1 MB/s  Total: 3715.89 GB
[ 3971.8s] IOs:    974199787  IOPS:   245279  Throughput:   958.1 MB/s  Total: 3716.28 GB
[ 3972.0s] IOs:    974300396  IOPS:   245290  Throughput:   958.2 MB/s  Total: 3716.66 GB
[ 3972.3s] IOs:    974400938  IOPS:   245296  Throughput:   958.2 MB/s  Total: 3717.04 GB
[ 3972.7s] IOs:    974501341  IOPS:   245300  Throughput:   958.2 MB/s  Total: 3717.43 GB
[ 3972.9s] IOs:    974601899  IOPS:   245311  Throughput:   958.2 MB/s  Total: 3717.81 GB
[ 3973.3s] IOs:    974702478  IOPS:   245312  Throughput:   958.2 MB/s  Total: 3718.19 GB
[ 3973.8s] IOs:    974802953  IOPS:   245309  Throughput:   958.2 MB/s  Total: 3718.58 GB
[ 3974.4s] IOs:    974903392  IOPS:   245298  Throughput:   958.2 MB/s  Total: 3718.96 GB
[ 3974.8s] IOs:    975004081  IOPS:   245297  Throughput:   958.2 MB/s  Total: 3719.35 GB
[ 3975.3s] IOs:    975104642  IOPS:   245290  Throughput:   958.2 MB/s  Total: 3719.73 GB
[ 3976.0s] IOs:    975205242  IOPS:   245274  Throughput:   958.1 MB/s  Total: 3720.11 GB
[ 3976.3s] IOs:    975305647  IOPS:   245281  Throughput:   958.1 MB/s  Total: 3720.50 GB
[Reader] Parsed 121000000 lines, distributed 975375676 writes, unique 720.00 GB, skipped 70145707
[ 3976.9s] IOs:    975406249  IOPS:   245270  Throughput:   958.1 MB/s  Total: 3720.88 GB
[ 3977.3s] IOs:    975506866  IOPS:   245268  Throughput:   958.1 MB/s  Total: 3721.26 GB
[ 3977.9s] IOs:    975607476  IOPS:   245258  Throughput:   958.0 MB/s  Total: 3721.65 GB
[ 3978.2s] IOs:    975707488  IOPS:   245264  Throughput:   958.1 MB/s  Total: 3722.03 GB
[ 3978.4s] IOs:    975808334  IOPS:   245275  Throughput:   958.1 MB/s  Total: 3722.41 GB
[ 3978.9s] IOs:    975908336  IOPS:   245271  Throughput:   958.1 MB/s  Total: 3722.79 GB
[ 3979.3s] IOs:    976008460  IOPS:   245270  Throughput:   958.1 MB/s  Total: 3723.18 GB
[ 3979.8s] IOs:    976109189  IOPS:   245268  Throughput:   958.1 MB/s  Total: 3723.56 GB
[ 3980.0s] IOs:    976209369  IOPS:   245277  Throughput:   958.1 MB/s  Total: 3723.94 GB
[ 3980.4s] IOs:    976309947  IOPS:   245282  Throughput:   958.1 MB/s  Total: 3724.33 GB
[ 3981.1s] IOs:    976410544  IOPS:   245263  Throughput:   958.1 MB/s  Total: 3724.71 GB
[ 3981.3s] IOs:    976510961  IOPS:   245273  Throughput:   958.1 MB/s  Total: 3725.09 GB
[ 3982.3s] IOs:    976611758  IOPS:   245239  Throughput:   958.0 MB/s  Total: 3725.48 GB
[ 3982.9s] IOs:    976712051  IOPS:   245226  Throughput:   957.9 MB/s  Total: 3725.86 GB
[ 3983.4s] IOs:    976812822  IOPS:   245223  Throughput:   957.9 MB/s  Total: 3726.25 GB
[ 3984.3s] IOs:    976913585  IOPS:   245193  Throughput:   957.8 MB/s  Total: 3726.63 GB
[ 3984.9s] IOs:    977014254  IOPS:   245182  Throughput:   957.7 MB/s  Total: 3727.01 GB
[ 3985.4s] IOs:    977114732  IOPS:   245174  Throughput:   957.7 MB/s  Total: 3727.40 GB
[ 3985.9s] IOs:    977215717  IOPS:   245167  Throughput:   957.7 MB/s  Total: 3727.78 GB
[ 3986.6s] IOs:    977315966  IOPS:   245149  Throughput:   957.6 MB/s  Total: 3728.16 GB
[ 3986.9s] IOs:    977416766  IOPS:   245154  Throughput:   957.6 MB/s  Total: 3728.55 GB
[ 3987.5s] IOs:    977516920  IOPS:   245144  Throughput:   957.6 MB/s  Total: 3728.93 GB
[ 3988.3s] IOs:    977617177  IOPS:   245123  Throughput:   957.5 MB/s  Total: 3729.31 GB
[ 3988.8s] IOs:    977717870  IOPS:   245114  Throughput:   957.5 MB/s  Total: 3729.70 GB
[ 3989.3s] IOs:    977818634  IOPS:   245108  Throughput:   957.5 MB/s  Total: 3730.08 GB
[ 3989.9s] IOs:    977919092  IOPS:   245101  Throughput:   957.4 MB/s  Total: 3730.47 GB
[ 3990.4s] IOs:    978019618  IOPS:   245090  Throughput:   957.4 MB/s  Total: 3730.85 GB
[ 3990.9s] IOs:    978120590  IOPS:   245088  Throughput:   957.4 MB/s  Total: 3731.23 GB
[ 3991.3s] IOs:    978221165  IOPS:   245086  Throughput:   957.4 MB/s  Total: 3731.62 GB
[ 3991.8s] IOs:    978321748  IOPS:   245081  Throughput:   957.3 MB/s  Total: 3732.00 GB
[ 3992.2s] IOs:    978422309  IOPS:   245082  Throughput:   957.4 MB/s  Total: 3732.38 GB
[ 3992.5s] IOs:    978522531  IOPS:   245088  Throughput:   957.4 MB/s  Total: 3732.77 GB
[ 3992.9s] IOs:    978623426  IOPS:   245089  Throughput:   957.4 MB/s  Total: 3733.15 GB
[ 3993.4s] IOs:    978723953  IOPS:   245088  Throughput:   957.4 MB/s  Total: 3733.54 GB
[ 3993.8s] IOs:    978824454  IOPS:   245085  Throughput:   957.4 MB/s  Total: 3733.92 GB
[ 3994.0s] IOs:    978924524  IOPS:   245096  Throughput:   957.4 MB/s  Total: 3734.30 GB
[ 3994.4s] IOs:    979024856  IOPS:   245099  Throughput:   957.4 MB/s  Total: 3734.68 GB
[ 3995.1s] IOs:    979125373  IOPS:   245082  Throughput:   957.4 MB/s  Total: 3735.07 GB
[ 3995.5s] IOs:    979226366  IOPS:   245085  Throughput:   957.4 MB/s  Total: 3735.45 GB
[ 3996.0s] IOs:    979326930  IOPS:   245079  Throughput:   957.3 MB/s  Total: 3735.84 GB
[ 3996.4s] IOs:    979427687  IOPS:   245076  Throughput:   957.3 MB/s  Total: 3736.22 GB
[ 3997.0s] IOs:    979528319  IOPS:   245069  Throughput:   957.3 MB/s  Total: 3736.60 GB
[ 3997.4s] IOs:    979628371  IOPS:   245069  Throughput:   957.3 MB/s  Total: 3736.99 GB
[ 3997.9s] IOs:    979728892  IOPS:   245058  Throughput:   957.3 MB/s  Total: 3737.37 GB
[ 3998.3s] IOs:    979829457  IOPS:   245061  Throughput:   957.3 MB/s  Total: 3737.75 GB
[ 3998.5s] IOs:    979929682  IOPS:   245071  Throughput:   957.3 MB/s  Total: 3738.14 GB
[ 3999.0s] IOs:    980030049  IOPS:   245066  Throughput:   957.3 MB/s  Total: 3738.52 GB
[ 3999.4s] IOs:    980130397  IOPS:   245071  Throughput:   957.3 MB/s  Total: 3738.90 GB
[ 3999.9s] IOs:    980230760  IOPS:   245066  Throughput:   957.3 MB/s  Total: 3739.28 GB
[ 4000.2s] IOs:    980331265  IOPS:   245073  Throughput:   957.3 MB/s  Total: 3739.67 GB
[ 4000.4s] IOs:    980431587  IOPS:   245083  Throughput:   957.4 MB/s  Total: 3740.05 GB
[ 4000.8s] IOs:    980531733  IOPS:   245086  Throughput:   957.4 MB/s  Total: 3740.43 GB
[ 4001.0s] IOs:    980632183  IOPS:   245097  Throughput:   957.4 MB/s  Total: 3740.81 GB
[ 4001.3s] IOs:    980732493  IOPS:   245101  Throughput:   957.4 MB/s  Total: 3741.20 GB
[ 4001.8s] IOs:    980832811  IOPS:   245100  Throughput:   957.4 MB/s  Total: 3741.58 GB
[ 4002.1s] IOs:    980933169  IOPS:   245103  Throughput:   957.4 MB/s  Total: 3741.96 GB
[ 4002.4s] IOs:    981034165  IOPS:   245114  Throughput:   957.5 MB/s  Total: 3742.35 GB
[ 4002.9s] IOs:    981134999  IOPS:   245109  Throughput:   957.5 MB/s  Total: 3742.73 GB
[ 4003.3s] IOs:    981235271  IOPS:   245105  Throughput:   957.4 MB/s  Total: 3743.12 GB
[ 4003.8s] IOs:    981335478  IOPS:   245101  Throughput:   957.4 MB/s  Total: 3743.50 GB
[ 4004.3s] IOs:    981436197  IOPS:   245098  Throughput:   957.4 MB/s  Total: 3743.88 GB
[ 4004.5s] IOs:    981536998  IOPS:   245107  Throughput:   957.4 MB/s  Total: 3744.27 GB
[ 4005.0s] IOs:    981637459  IOPS:   245105  Throughput:   957.4 MB/s  Total: 3744.65 GB
[ 4005.4s] IOs:    981738010  IOPS:   245102  Throughput:   957.4 MB/s  Total: 3745.03 GB
[ 4005.9s] IOs:    981838612  IOPS:   245097  Throughput:   957.4 MB/s  Total: 3745.42 GB
[ 4006.4s] IOs:    981939375  IOPS:   245091  Throughput:   957.4 MB/s  Total: 3745.80 GB
[ 4006.8s] IOs:    982039965  IOPS:   245093  Throughput:   957.4 MB/s  Total: 3746.19 GB
[ 4007.3s] IOs:    982140315  IOPS:   245088  Throughput:   957.4 MB/s  Total: 3746.57 GB
[ 4007.6s] IOs:    982240887  IOPS:   245095  Throughput:   957.4 MB/s  Total: 3746.95 GB
[ 4008.2s] IOs:    982341511  IOPS:   245086  Throughput:   957.4 MB/s  Total: 3747.34 GB
[ 4008.5s] IOs:    982441933  IOPS:   245089  Throughput:   957.4 MB/s  Total: 3747.72 GB
[ 4008.9s] IOs:    982542390  IOPS:   245088  Throughput:   957.4 MB/s  Total: 3748.10 GB
[ 4009.3s] IOs:    982643366  IOPS:   245091  Throughput:   957.4 MB/s  Total: 3748.49 GB
[ 4009.9s] IOs:    982744021  IOPS:   245080  Throughput:   957.3 MB/s  Total: 3748.87 GB
[ 4010.3s] IOs:    982844588  IOPS:   245080  Throughput:   957.3 MB/s  Total: 3749.25 GB
[ 4010.5s] IOs:    982945180  IOPS:   245092  Throughput:   957.4 MB/s  Total: 3749.64 GB
[ 4011.0s] IOs:    983045535  IOPS:   245086  Throughput:   957.4 MB/s  Total: 3750.02 GB
[ 4011.5s] IOs:    983146169  IOPS:   245082  Throughput:   957.4 MB/s  Total: 3750.41 GB
[ 4011.8s] IOs:    983246992  IOPS:   245086  Throughput:   957.4 MB/s  Total: 3750.79 GB
[ 4012.1s] IOs:    983347116  IOPS:   245096  Throughput:   957.4 MB/s  Total: 3751.17 GB
[ 4012.6s] IOs:    983447767  IOPS:   245091  Throughput:   957.4 MB/s  Total: 3751.56 GB
[ 4012.9s] IOs:    983548408  IOPS:   245098  Throughput:   957.4 MB/s  Total: 3751.94 GB
[ 4013.1s] IOs:    983648817  IOPS:   245110  Throughput:   957.5 MB/s  Total: 3752.32 GB
[ 4013.5s] IOs:    983749218  IOPS:   245107  Throughput:   957.5 MB/s  Total: 3752.71 GB
[ 4013.8s] IOs:    983849448  IOPS:   245114  Throughput:   957.5 MB/s  Total: 3753.09 GB
[ 4014.1s] IOs:    983949520  IOPS:   245126  Throughput:   957.5 MB/s  Total: 3753.47 GB
[ 4014.4s] IOs:    984049594  IOPS:   245130  Throughput:   957.5 MB/s  Total: 3753.85 GB
[ 4014.6s] IOs:    984150508  IOPS:   245141  Throughput:   957.6 MB/s  Total: 3754.24 GB
[ 4014.9s] IOs:    984251015  IOPS:   245147  Throughput:   957.6 MB/s  Total: 3754.62 GB
[ 4015.3s] IOs:    984351540  IOPS:   245148  Throughput:   957.6 MB/s  Total: 3755.00 GB
[ 4015.8s] IOs:    984452175  IOPS:   245144  Throughput:   957.6 MB/s  Total: 3755.39 GB
[ 4016.3s] IOs:    984552175  IOPS:   245139  Throughput:   957.6 MB/s  Total: 3755.77 GB
[ 4016.8s] IOs:    984652707  IOPS:   245134  Throughput:   957.6 MB/s  Total: 3756.15 GB
[ 4018.6s] IOs:    984753490  IOPS:   245051  Throughput:   957.2 MB/s  Total: 3756.54 GB
[ 4019.6s] IOs:    984854443  IOPS:   245011  Throughput:   957.1 MB/s  Total: 3756.92 GB
[ 4020.7s] IOs:    984955251  IOPS:   244970  Throughput:   956.9 MB/s  Total: 3757.31 GB
[ 4021.6s] IOs:    985055297  IOPS:   244943  Throughput:   956.8 MB/s  Total: 3757.69 GB
[ 4022.2s] IOs:    985155554  IOPS:   244929  Throughput:   956.8 MB/s  Total: 3758.07 GB
[ 4023.1s] IOs:    985256029  IOPS:   244898  Throughput:   956.6 MB/s  Total: 3758.45 GB
[ 4023.8s] IOs:    985356810  IOPS:   244885  Throughput:   956.6 MB/s  Total: 3758.84 GB
[Reader] Parsed 122000000 lines, distributed 985425934 writes, unique 720.00 GB, skipped 72461516
[ 4024.3s] IOs:    985457493  IOPS:   244876  Throughput:   956.5 MB/s  Total: 3759.22 GB
[ 4025.2s] IOs:    985558499  IOPS:   244850  Throughput:   956.4 MB/s  Total: 3759.61 GB
[ 4025.7s] IOs:    985659144  IOPS:   244843  Throughput:   956.4 MB/s  Total: 3759.99 GB
[ 4026.2s] IOs:    985759583  IOPS:   244837  Throughput:   956.4 MB/s  Total: 3760.37 GB
[ 4026.9s] IOs:    985860211  IOPS:   244817  Throughput:   956.3 MB/s  Total: 3760.76 GB
[ 4027.2s] IOs:    985960465  IOPS:   244827  Throughput:   956.4 MB/s  Total: 3761.14 GB
[ 4027.7s] IOs:    986060809  IOPS:   244820  Throughput:   956.3 MB/s  Total: 3761.52 GB
[ 4028.3s] IOs:    986161088  IOPS:   244811  Throughput:   956.3 MB/s  Total: 3761.91 GB
[ 4028.6s] IOs:    986261608  IOPS:   244813  Throughput:   956.3 MB/s  Total: 3762.29 GB
[ 4029.1s] IOs:    986361951  IOPS:   244807  Throughput:   956.3 MB/s  Total: 3762.67 GB
[ 4029.4s] IOs:    986462672  IOPS:   244814  Throughput:   956.3 MB/s  Total: 3763.06 GB
[ 4029.7s] IOs:    986562826  IOPS:   244820  Throughput:   956.3 MB/s  Total: 3763.44 GB
[ 4030.2s] IOs:    986663043  IOPS:   244819  Throughput:   956.3 MB/s  Total: 3763.82 GB
[ 4030.7s] IOs:    986763632  IOPS:   244815  Throughput:   956.3 MB/s  Total: 3764.20 GB
[ 4030.9s] IOs:    986864625  IOPS:   244826  Throughput:   956.4 MB/s  Total: 3764.59 GB
[ 4031.2s] IOs:    986965049  IOPS:   244831  Throughput:   956.4 MB/s  Total: 3764.97 GB
[ 4031.6s] IOs:    987065713  IOPS:   244831  Throughput:   956.4 MB/s  Total: 3765.36 GB
[ 4031.8s] IOs:    987166590  IOPS:   244843  Throughput:   956.4 MB/s  Total: 3765.74 GB
[ 4032.3s] IOs:    987266598  IOPS:   244843  Throughput:   956.4 MB/s  Total: 3766.12 GB
[ 4032.6s] IOs:    987367313  IOPS:   244846  Throughput:   956.4 MB/s  Total: 3766.51 GB
[ 4032.8s] IOs:    987467724  IOPS:   244857  Throughput:   956.5 MB/s  Total: 3766.89 GB
[ 4033.2s] IOs:    987568329  IOPS:   244858  Throughput:   956.5 MB/s  Total: 3767.27 GB
[ 4033.5s] IOs:    987668704  IOPS:   244868  Throughput:   956.5 MB/s  Total: 3767.66 GB
[ 4033.8s] IOs:    987769370  IOPS:   244873  Throughput:   956.5 MB/s  Total: 3768.04 GB
[ 4034.1s] IOs:    987869833  IOPS:   244880  Throughput:   956.6 MB/s  Total: 3768.42 GB
[ 4034.3s] IOs:    987970845  IOPS:   244891  Throughput:   956.6 MB/s  Total: 3768.81 GB
[ 4034.6s] IOs:    988071351  IOPS:   244897  Throughput:   956.6 MB/s  Total: 3769.19 GB
[ 4034.9s] IOs:    988171728  IOPS:   244907  Throughput:   956.7 MB/s  Total: 3769.58 GB
[ 4035.2s] IOs:    988272048  IOPS:   244916  Throughput:   956.7 MB/s  Total: 3769.96 GB
[ 4035.4s] IOs:    988372989  IOPS:   244925  Throughput:   956.7 MB/s  Total: 3770.34 GB
[ 4035.9s] IOs:    988473660  IOPS:   244918  Throughput:   956.7 MB/s  Total: 3770.73 GB
[ 4036.2s] IOs:    988573927  IOPS:   244928  Throughput:   956.8 MB/s  Total: 3771.11 GB
[ 4036.4s] IOs:    988674798  IOPS:   244939  Throughput:   956.8 MB/s  Total: 3771.50 GB
[ 4036.9s] IOs:    988775508  IOPS:   244935  Throughput:   956.8 MB/s  Total: 3771.88 GB
[ 4037.2s] IOs:    988875918  IOPS:   244940  Throughput:   956.8 MB/s  Total: 3772.26 GB
[ 4037.4s] IOs:    988976514  IOPS:   244951  Throughput:   956.8 MB/s  Total: 3772.65 GB
[ 4037.8s] IOs:    989076875  IOPS:   244953  Throughput:   956.8 MB/s  Total: 3773.03 GB
[ 4038.2s] IOs:    989177811  IOPS:   244955  Throughput:   956.9 MB/s  Total: 3773.41 GB
[ 4038.4s] IOs:    989278815  IOPS:   244966  Throughput:   956.9 MB/s  Total: 3773.80 GB
[ 4038.8s] IOs:    989379370  IOPS:   244966  Throughput:   956.9 MB/s  Total: 3774.18 GB
[ 4039.2s] IOs:    989479870  IOPS:   244971  Throughput:   956.9 MB/s  Total: 3774.57 GB
[ 4039.4s] IOs:    989580390  IOPS:   244981  Throughput:   957.0 MB/s  Total: 3774.95 GB
[ 4039.7s] IOs:    989680850  IOPS:   244986  Throughput:   957.0 MB/s  Total: 3775.33 GB
[ 4040.0s] IOs:    989781327  IOPS:   244998  Throughput:   957.0 MB/s  Total: 3775.72 GB
[ 4040.4s] IOs:    989881607  IOPS:   244995  Throughput:   957.0 MB/s  Total: 3776.10 GB
[ 4040.9s] IOs:    989982638  IOPS:   244993  Throughput:   957.0 MB/s  Total: 3776.48 GB
[ 4041.2s] IOs:    990082967  IOPS:   244995  Throughput:   957.0 MB/s  Total: 3776.87 GB
[ 4041.7s] IOs:    990183700  IOPS:   244992  Throughput:   957.0 MB/s  Total: 3777.25 GB
[ 4042.0s] IOs:    990284685  IOPS:   245000  Throughput:   957.0 MB/s  Total: 3777.64 GB
[ 4042.6s] IOs:    990384835  IOPS:   244986  Throughput:   957.0 MB/s  Total: 3778.02 GB
[ 4043.2s] IOs:    990485581  IOPS:   244975  Throughput:   956.9 MB/s  Total: 3778.40 GB
[ 4043.9s] IOs:    990586334  IOPS:   244961  Throughput:   956.9 MB/s  Total: 3778.79 GB
[ 4044.8s] IOs:    990686890  IOPS:   244931  Throughput:   956.8 MB/s  Total: 3779.17 GB
[ 4048.8s] IOs:    990787862  IOPS:   244709  Throughput:   955.9 MB/s  Total: 3779.56 GB
[ 4050.8s] IOs:    990888729  IOPS:   244615  Throughput:   955.5 MB/s  Total: 3779.94 GB
[ 4052.3s] IOs:    990988863  IOPS:   244547  Throughput:   955.3 MB/s  Total: 3780.32 GB
[ 4053.6s] IOs:    991089750  IOPS:   244497  Throughput:   955.1 MB/s  Total: 3780.71 GB
[ 4054.9s] IOs:    991190540  IOPS:   244445  Throughput:   954.9 MB/s  Total: 3781.09 GB
[ 4055.9s] IOs:    991290707  IOPS:   244408  Throughput:   954.7 MB/s  Total: 3781.47 GB
[ 4056.9s] IOs:    991391649  IOPS:   244372  Throughput:   954.6 MB/s  Total: 3781.86 GB
[ 4058.0s] IOs:    991492429  IOPS:   244331  Throughput:   954.4 MB/s  Total: 3782.24 GB
[ 4058.6s] IOs:    991593128  IOPS:   244322  Throughput:   954.4 MB/s  Total: 3782.63 GB
[ 4059.5s] IOs:    991693207  IOPS:   244292  Throughput:   954.3 MB/s  Total: 3783.01 GB
[ 4060.0s] IOs:    991793701  IOPS:   244284  Throughput:   954.2 MB/s  Total: 3783.39 GB
[ 4060.9s] IOs:    991894697  IOPS:   244253  Throughput:   954.1 MB/s  Total: 3783.78 GB
[ 4061.5s] IOs:    991995123  IOPS:   244245  Throughput:   954.1 MB/s  Total: 3784.16 GB
[ 4062.0s] IOs:    992095584  IOPS:   244235  Throughput:   954.0 MB/s  Total: 3784.54 GB
[ 4062.9s] IOs:    992196019  IOPS:   244210  Throughput:   953.9 MB/s  Total: 3784.93 GB
[ 4063.4s] IOs:    992296348  IOPS:   244202  Throughput:   953.9 MB/s  Total: 3785.31 GB
[ 4064.0s] IOs:    992396955  IOPS:   244193  Throughput:   953.9 MB/s  Total: 3785.69 GB
[ 4064.4s] IOs:    992497764  IOPS:   244190  Throughput:   953.9 MB/s  Total: 3786.08 GB
[ 4064.9s] IOs:    992598258  IOPS:   244185  Throughput:   953.8 MB/s  Total: 3786.46 GB
[ 4065.4s] IOs:    992698872  IOPS:   244181  Throughput:   953.8 MB/s  Total: 3786.85 GB
[ 4065.9s] IOs:    992799633  IOPS:   244178  Throughput:   953.8 MB/s  Total: 3787.23 GB
[ 4066.4s] IOs:    992900414  IOPS:   244170  Throughput:   953.8 MB/s  Total: 3787.61 GB
[ 4066.7s] IOs:    993000982  IOPS:   244179  Throughput:   953.8 MB/s  Total: 3788.00 GB
[ 4067.1s] IOs:    993101257  IOPS:   244179  Throughput:   953.8 MB/s  Total: 3788.38 GB
[ 4067.6s] IOs:    993201330  IOPS:   244175  Throughput:   953.8 MB/s  Total: 3788.76 GB
[ 4068.0s] IOs:    993301487  IOPS:   244175  Throughput:   953.8 MB/s  Total: 3789.14 GB
[ 4068.5s] IOs:    993402239  IOPS:   244172  Throughput:   953.8 MB/s  Total: 3789.53 GB
[ 4069.0s] IOs:    993502804  IOPS:   244166  Throughput:   953.8 MB/s  Total: 3789.91 GB
[ 4069.5s] IOs:    993602808  IOPS:   244156  Throughput:   953.7 MB/s  Total: 3790.29 GB
[ 4070.2s] IOs:    993703351  IOPS:   244143  Throughput:   953.7 MB/s  Total: 3790.68 GB
[ 4070.8s] IOs:    993804327  IOPS:   244133  Throughput:   953.6 MB/s  Total: 3791.06 GB
[ 4071.0s] IOs:    993904978  IOPS:   244140  Throughput:   953.7 MB/s  Total: 3791.45 GB
[ 4071.3s] IOs:    994005279  IOPS:   244150  Throughput:   953.7 MB/s  Total: 3791.83 GB
[ 4071.5s] IOs:    994105609  IOPS:   244161  Throughput:   953.8 MB/s  Total: 3792.21 GB
[ 4071.8s] IOs:    994205663  IOPS:   244171  Throughput:   953.8 MB/s  Total: 3792.59 GB
[ 4072.1s] IOs:    994306651  IOPS:   244177  Throughput:   953.8 MB/s  Total: 3792.98 GB
[ 4072.3s] IOs:    994407506  IOPS:   244186  Throughput:   953.9 MB/s  Total: 3793.36 GB
[ 4072.6s] IOs:    994508430  IOPS:   244193  Throughput:   953.9 MB/s  Total: 3793.75 GB
[ 4072.9s] IOs:    994609090  IOPS:   244203  Throughput:   953.9 MB/s  Total: 3794.13 GB
[ 4073.1s] IOs:    994709719  IOPS:   244215  Throughput:   954.0 MB/s  Total: 3794.52 GB
[ 4073.5s] IOs:    994810677  IOPS:   244216  Throughput:   954.0 MB/s  Total: 3794.90 GB
[ 4073.8s] IOs:    994911196  IOPS:   244223  Throughput:   954.0 MB/s  Total: 3795.29 GB
[ 4074.1s] IOs:    995011691  IOPS:   244228  Throughput:   954.0 MB/s  Total: 3795.67 GB
[ 4074.4s] IOs:    995112508  IOPS:   244238  Throughput:   954.1 MB/s  Total: 3796.05 GB
[ 4074.6s] IOs:    995212541  IOPS:   244248  Throughput:   954.1 MB/s  Total: 3796.43 GB
[ 4074.8s] IOs:    995313479  IOPS:   244258  Throughput:   954.1 MB/s  Total: 3796.82 GB
[ 4075.1s] IOs:    995414280  IOPS:   244269  Throughput:   954.2 MB/s  Total: 3797.20 GB
[ 4075.3s] IOs:    995515166  IOPS:   244278  Throughput:   954.2 MB/s  Total: 3797.59 GB
[ 4075.6s] IOs:    995615912  IOPS:   244289  Throughput:   954.3 MB/s  Total: 3797.97 GB
[ 4075.8s] IOs:    995715922  IOPS:   244298  Throughput:   954.3 MB/s  Total: 3798.35 GB
[ 4076.1s] IOs:    995815970  IOPS:   244309  Throughput:   954.3 MB/s  Total: 3798.74 GB
[ 4076.3s] IOs:    995916002  IOPS:   244318  Throughput:   954.4 MB/s  Total: 3799.12 GB
[ 4076.6s] IOs:    996016004  IOPS:   244326  Throughput:   954.4 MB/s  Total: 3799.50 GB
[ 4076.8s] IOs:    996116700  IOPS:   244336  Throughput:   954.4 MB/s  Total: 3799.88 GB
[ 4077.1s] IOs:    996217644  IOPS:   244344  Throughput:   954.5 MB/s  Total: 3800.27 GB
[ 4077.3s] IOs:    996318306  IOPS:   244355  Throughput:   954.5 MB/s  Total: 3800.65 GB
[ 4077.6s] IOs:    996418852  IOPS:   244363  Throughput:   954.5 MB/s  Total: 3801.04 GB
[ 4077.9s] IOs:    996519053  IOPS:   244372  Throughput:   954.6 MB/s  Total: 3801.42 GB
[ 4078.1s] IOs:    996619512  IOPS:   244383  Throughput:   954.6 MB/s  Total: 3801.80 GB
[ 4078.4s] IOs:    996720281  IOPS:   244391  Throughput:   954.7 MB/s  Total: 3802.19 GB
[ 4078.6s] IOs:    996820925  IOPS:   244401  Throughput:   954.7 MB/s  Total: 3802.57 GB
[ 4078.9s] IOs:    996921713  IOPS:   244410  Throughput:   954.7 MB/s  Total: 3802.95 GB
[ 4079.2s] IOs:    997022497  IOPS:   244418  Throughput:   954.8 MB/s  Total: 3803.34 GB
[ 4079.4s] IOs:    997123061  IOPS:   244429  Throughput:   954.8 MB/s  Total: 3803.72 GB
[ 4079.6s] IOs:    997223177  IOPS:   244440  Throughput:   954.8 MB/s  Total: 3804.10 GB
[ 4079.9s] IOs:    997323619  IOPS:   244450  Throughput:   954.9 MB/s  Total: 3804.49 GB
[ 4080.1s] IOs:    997424077  IOPS:   244461  Throughput:   954.9 MB/s  Total: 3804.87 GB
[ 4080.3s] IOs:    997524682  IOPS:   244470  Throughput:   955.0 MB/s  Total: 3805.25 GB
[ 4080.6s] IOs:    997625342  IOPS:   244481  Throughput:   955.0 MB/s  Total: 3805.64 GB
[Reader] Parsed 123000000 lines, distributed 997719165 writes, unique 720.00 GB, skipped 74879933
[ 4080.8s] IOs:    997725673  IOPS:   244493  Throughput:   955.0 MB/s  Total: 3806.02 GB
[ 4081.1s] IOs:    997825713  IOPS:   244502  Throughput:   955.1 MB/s  Total: 3806.40 GB
[ 4081.3s] IOs:    997925941  IOPS:   244513  Throughput:   955.1 MB/s  Total: 3806.79 GB
[ 4081.5s] IOs:    998026905  IOPS:   244523  Throughput:   955.2 MB/s  Total: 3807.17 GB
[ 4081.8s] IOs:    998127262  IOPS:   244534  Throughput:   955.2 MB/s  Total: 3807.55 GB
[ 4082.0s] IOs:    998227701  IOPS:   244545  Throughput:   955.3 MB/s  Total: 3807.94 GB
[ 4082.2s] IOs:    998328492  IOPS:   244556  Throughput:   955.3 MB/s  Total: 3808.32 GB
[ 4082.7s] IOs:    998429366  IOPS:   244552  Throughput:   955.3 MB/s  Total: 3808.71 GB
[ 4082.9s] IOs:    998530138  IOPS:   244563  Throughput:   955.3 MB/s  Total: 3809.09 GB
[ 4083.1s] IOs:    998630462  IOPS:   244575  Throughput:   955.4 MB/s  Total: 3809.47 GB
[ 4083.7s] IOs:    998730698  IOPS:   244568  Throughput:   955.3 MB/s  Total: 3809.86 GB
[ 4084.0s] IOs:    998831373  IOPS:   244574  Throughput:   955.4 MB/s  Total: 3810.24 GB
[ 4084.3s] IOs:    998931895  IOPS:   244578  Throughput:   955.4 MB/s  Total: 3810.62 GB
[ 4084.5s] IOs:    999032626  IOPS:   244588  Throughput:   955.4 MB/s  Total: 3811.01 GB
[ 4084.8s] IOs:    999133242  IOPS:   244596  Throughput:   955.5 MB/s  Total: 3811.39 GB
[ 4085.1s] IOs:    999233806  IOPS:   244605  Throughput:   955.5 MB/s  Total: 3811.77 GB
[ 4085.3s] IOs:    999334733  IOPS:   244615  Throughput:   955.5 MB/s  Total: 3812.16 GB
[ 4085.6s] IOs:    999435598  IOPS:   244626  Throughput:   955.6 MB/s  Total: 3812.54 GB
[ 4085.8s] IOs:    999536082  IOPS:   244636  Throughput:   955.6 MB/s  Total: 3812.93 GB
[ 4086.1s] IOs:    999636340  IOPS:   244645  Throughput:   955.6 MB/s  Total: 3813.31 GB
[ 4086.3s] IOs:    999737081  IOPS:   244655  Throughput:   955.7 MB/s  Total: 3813.69 GB
[ 4086.5s] IOs:    999837272  IOPS:   244666  Throughput:   955.7 MB/s  Total: 3814.08 GB
[ 4086.8s] IOs:    999938096  IOPS:   244678  Throughput:   955.8 MB/s  Total: 3814.46 GB
[ 4087.0s] IOs:   1000038985  IOPS:   244689  Throughput:   955.8 MB/s  Total: 3814.85 GB
[ 4087.2s] IOs:   1000139669  IOPS:   244700  Throughput:   955.9 MB/s  Total: 3815.23 GB
[ 4087.4s] IOs:   1000240590  IOPS:   244710  Throughput:   955.9 MB/s  Total: 3815.62 GB
[ 4087.7s] IOs:   1000341320  IOPS:   244722  Throughput:   955.9 MB/s  Total: 3816.00 GB
[ 4087.9s] IOs:   1000441870  IOPS:   244731  Throughput:   956.0 MB/s  Total: 3816.38 GB
[ 4088.1s] IOs:   1000542192  IOPS:   244743  Throughput:   956.0 MB/s  Total: 3816.77 GB
[ 4088.4s] IOs:   1000642365  IOPS:   244753  Throughput:   956.1 MB/s  Total: 3817.15 GB
[ 4088.6s] IOs:   1000742711  IOPS:   244764  Throughput:   956.1 MB/s  Total: 3817.53 GB
[ 4088.8s] IOs:   1000843634  IOPS:   244776  Throughput:   956.2 MB/s  Total: 3817.92 GB
[ 4089.0s] IOs:   1000944112  IOPS:   244788  Throughput:   956.2 MB/s  Total: 3818.30 GB
[ 4089.2s] IOs:   1001045058  IOPS:   244801  Throughput:   956.3 MB/s  Total: 3818.68 GB
[ 4089.4s] IOs:   1001145529  IOPS:   244813  Throughput:   956.3 MB/s  Total: 3819.07 GB
[ 4089.7s] IOs:   1001246021  IOPS:   244824  Throughput:   956.3 MB/s  Total: 3819.45 GB
[ 4089.9s] IOs:   1001346344  IOPS:   244835  Throughput:   956.4 MB/s  Total: 3819.83 GB
[ 4090.1s] IOs:   1001446545  IOPS:   244847  Throughput:   956.4 MB/s  Total: 3820.22 GB
[ 4090.3s] IOs:   1001547209  IOPS:   244858  Throughput:   956.5 MB/s  Total: 3820.60 GB
[ 4090.5s] IOs:   1001647494  IOPS:   244871  Throughput:   956.5 MB/s  Total: 3820.98 GB
[ 4090.7s] IOs:   1001748198  IOPS:   244884  Throughput:   956.6 MB/s  Total: 3821.37 GB
[ 4090.9s] IOs:   1001848482  IOPS:   244896  Throughput:   956.6 MB/s  Total: 3821.75 GB
[ 4091.1s] IOs:   1001948722  IOPS:   244910  Throughput:   956.7 MB/s  Total: 3822.13 GB
[ 4091.3s] IOs:   1002048827  IOPS:   244922  Throughput:   956.7 MB/s  Total: 3822.51 GB
[ 4091.5s] IOs:   1002149290  IOPS:   244934  Throughput:   956.8 MB/s  Total: 3822.90 GB
[ 4091.7s] IOs:   1002249397  IOPS:   244947  Throughput:   956.8 MB/s  Total: 3823.28 GB
[ 4091.9s] IOs:   1002349762  IOPS:   244958  Throughput:   956.9 MB/s  Total: 3823.66 GB
[ 4092.1s] IOs:   1002449898  IOPS:   244971  Throughput:   956.9 MB/s  Total: 3824.04 GB
[ 4092.4s] IOs:   1002550385  IOPS:   244976  Throughput:   956.9 MB/s  Total: 3824.43 GB
[ 4092.7s] IOs:   1002650938  IOPS:   244988  Throughput:   957.0 MB/s  Total: 3824.81 GB
[ 4093.1s] IOs:   1002751554  IOPS:   244989  Throughput:   957.0 MB/s  Total: 3825.19 GB
[ 4093.3s] IOs:   1002851715  IOPS:   245001  Throughput:   957.0 MB/s  Total: 3825.58 GB
[ 4093.5s] IOs:   1002951868  IOPS:   245013  Throughput:   957.1 MB/s  Total: 3825.96 GB
[ 4093.6s] IOs:   1003052600  IOPS:   245027  Throughput:   957.1 MB/s  Total: 3826.34 GB
[ 4093.9s] IOs:   1003153520  IOPS:   245035  Throughput:   957.2 MB/s  Total: 3826.73 GB
[ 4094.1s] IOs:   1003253909  IOPS:   245047  Throughput:   957.2 MB/s  Total: 3827.11 GB
[ 4094.4s] IOs:   1003354598  IOPS:   245054  Throughput:   957.2 MB/s  Total: 3827.49 GB
[ 4094.6s] IOs:   1003455488  IOPS:   245066  Throughput:   957.3 MB/s  Total: 3827.88 GB
[ 4094.8s] IOs:   1003555879  IOPS:   245080  Throughput:   957.3 MB/s  Total: 3828.26 GB
[ 4095.0s] IOs:   1003656296  IOPS:   245092  Throughput:   957.4 MB/s  Total: 3828.64 GB
[ 4095.2s] IOs:   1003757053  IOPS:   245105  Throughput:   957.4 MB/s  Total: 3829.03 GB
[ 4095.5s] IOs:   1003857712  IOPS:   245115  Throughput:   957.5 MB/s  Total: 3829.41 GB
[ 4095.7s] IOs:   1003957862  IOPS:   245127  Throughput:   957.5 MB/s  Total: 3829.80 GB
[ 4095.9s] IOs:   1004058179  IOPS:   245139  Throughput:   957.6 MB/s  Total: 3830.18 GB
[ 4096.1s] IOs:   1004158563  IOPS:   245151  Throughput:   957.6 MB/s  Total: 3830.56 GB
[ 4096.3s] IOs:   1004259352  IOPS:   245163  Throughput:   957.7 MB/s  Total: 3830.95 GB
[ 4096.5s] IOs:   1004360057  IOPS:   245175  Throughput:   957.7 MB/s  Total: 3831.33 GB
[ 4096.7s] IOs:   1004460652  IOPS:   245188  Throughput:   957.8 MB/s  Total: 3831.71 GB
[ 4097.0s] IOs:   1004561286  IOPS:   245197  Throughput:   957.8 MB/s  Total: 3832.10 GB
[ 4097.2s] IOs:   1004662190  IOPS:   245209  Throughput:   957.8 MB/s  Total: 3832.48 GB
[ 4097.4s] IOs:   1004762436  IOPS:   245222  Throughput:   957.9 MB/s  Total: 3832.86 GB
[ 4097.6s] IOs:   1004862712  IOPS:   245233  Throughput:   957.9 MB/s  Total: 3833.25 GB
[ 4097.8s] IOs:   1004963030  IOPS:   245245  Throughput:   958.0 MB/s  Total: 3833.63 GB
[ 4098.0s] IOs:   1005063234  IOPS:   245258  Throughput:   958.0 MB/s  Total: 3834.01 GB
[ 4098.3s] IOs:   1005163610  IOPS:   245263  Throughput:   958.1 MB/s  Total: 3834.39 GB
[ 4098.5s] IOs:   1005263881  IOPS:   245274  Throughput:   958.1 MB/s  Total: 3834.78 GB
[ 4098.8s] IOs:   1005364054  IOPS:   245285  Throughput:   958.1 MB/s  Total: 3835.16 GB
[ 4099.0s] IOs:   1005464289  IOPS:   245293  Throughput:   958.2 MB/s  Total: 3835.54 GB
[ 4099.2s] IOs:   1005564557  IOPS:   245306  Throughput:   958.2 MB/s  Total: 3835.92 GB
[ 4099.6s] IOs:   1005664739  IOPS:   245310  Throughput:   958.2 MB/s  Total: 3836.31 GB
[ 4099.8s] IOs:   1005765110  IOPS:   245323  Throughput:   958.3 MB/s  Total: 3836.69 GB
[ 4100.0s] IOs:   1005865163  IOPS:   245334  Throughput:   958.3 MB/s  Total: 3837.07 GB
[ 4100.2s] IOs:   1005965305  IOPS:   245346  Throughput:   958.4 MB/s  Total: 3837.45 GB
[ 4100.5s] IOs:   1006065915  IOPS:   245355  Throughput:   958.4 MB/s  Total: 3837.84 GB
[ 4100.7s] IOs:   1006166267  IOPS:   245367  Throughput:   958.5 MB/s  Total: 3838.22 GB
[ 4100.9s] IOs:   1006266633  IOPS:   245379  Throughput:   958.5 MB/s  Total: 3838.60 GB
[ 4101.1s] IOs:   1006366752  IOPS:   245392  Throughput:   958.6 MB/s  Total: 3838.98 GB
[ 4101.4s] IOs:   1006467286  IOPS:   245398  Throughput:   958.6 MB/s  Total: 3839.37 GB
[ 4101.6s] IOs:   1006567591  IOPS:   245410  Throughput:   958.6 MB/s  Total: 3839.75 GB
[ 4101.8s] IOs:   1006668131  IOPS:   245422  Throughput:   958.7 MB/s  Total: 3840.13 GB
[ 4102.1s] IOs:   1006768415  IOPS:   245430  Throughput:   958.7 MB/s  Total: 3840.52 GB
[ 4102.2s] IOs:   1006868485  IOPS:   245443  Throughput:   958.8 MB/s  Total: 3840.90 GB
[ 4102.5s] IOs:   1006968747  IOPS:   245451  Throughput:   958.8 MB/s  Total: 3841.28 GB
[ 4102.7s] IOs:   1007068747  IOPS:   245465  Throughput:   958.8 MB/s  Total: 3841.66 GB
[ 4103.0s] IOs:   1007169207  IOPS:   245473  Throughput:   958.9 MB/s  Total: 3842.05 GB
[ 4103.2s] IOs:   1007269606  IOPS:   245484  Throughput:   958.9 MB/s  Total: 3842.43 GB
[ 4103.4s] IOs:   1007370215  IOPS:   245496  Throughput:   959.0 MB/s  Total: 3842.81 GB
[ 4103.6s] IOs:   1007470902  IOPS:   245508  Throughput:   959.0 MB/s  Total: 3843.20 GB
[ 4103.8s] IOs:   1007570913  IOPS:   245521  Throughput:   959.1 MB/s  Total: 3843.58 GB
[ 4104.0s] IOs:   1007671790  IOPS:   245532  Throughput:   959.1 MB/s  Total: 3843.96 GB
[Reader] Parsed 124000000 lines, distributed 1007738796 writes, unique 720.00 GB, skipped 76865802
[ 4104.2s] IOs:   1007772202  IOPS:   245544  Throughput:   959.2 MB/s  Total: 3844.35 GB
[ 4104.5s] IOs:   1007872395  IOPS:   245556  Throughput:   959.2 MB/s  Total: 3844.73 GB
[ 4104.7s] IOs:   1007972493  IOPS:   245568  Throughput:   959.2 MB/s  Total: 3845.11 GB
[ 4104.9s] IOs:   1008073158  IOPS:   245580  Throughput:   959.3 MB/s  Total: 3845.49 GB
[ 4105.1s] IOs:   1008174055  IOPS:   245592  Throughput:   959.3 MB/s  Total: 3845.88 GB
[ 4105.3s] IOs:   1008275031  IOPS:   245600  Throughput:   959.4 MB/s  Total: 3846.26 GB
[ 4105.6s] IOs:   1008375480  IOPS:   245612  Throughput:   959.4 MB/s  Total: 3846.65 GB
[ 4105.8s] IOs:   1008475796  IOPS:   245624  Throughput:   959.5 MB/s  Total: 3847.03 GB
[ 4106.1s] IOs:   1008575831  IOPS:   245631  Throughput:   959.5 MB/s  Total: 3847.41 GB
[ 4106.4s] IOs:   1008676528  IOPS:   245638  Throughput:   959.5 MB/s  Total: 3847.80 GB
[ 4106.6s] IOs:   1008776629  IOPS:   245650  Throughput:   959.6 MB/s  Total: 3848.18 GB
[ 4106.9s] IOs:   1008877234  IOPS:   245657  Throughput:   959.6 MB/s  Total: 3848.56 GB
[ 4107.0s] IOs:   1008977285  IOPS:   245670  Throughput:   959.6 MB/s  Total: 3848.94 GB
[ 4107.3s] IOs:   1009077407  IOPS:   245681  Throughput:   959.7 MB/s  Total: 3849.32 GB
[ 4107.5s] IOs:   1009177897  IOPS:   245690  Throughput:   959.7 MB/s  Total: 3849.71 GB
[ 4107.7s] IOs:   1009278197  IOPS:   245702  Throughput:   959.8 MB/s  Total: 3850.09 GB
[ 4108.2s] IOs:   1009379091  IOPS:   245701  Throughput:   959.8 MB/s  Total: 3850.48 GB
[ 4108.4s] IOs:   1009479539  IOPS:   245711  Throughput:   959.8 MB/s  Total: 3850.86 GB
[ 4108.6s] IOs:   1009580204  IOPS:   245723  Throughput:   959.9 MB/s  Total: 3851.24 GB
[ 4109.0s] IOs:   1009680677  IOPS:   245722  Throughput:   959.9 MB/s  Total: 3851.63 GB
[ 4109.3s] IOs:   1009781527  IOPS:   245732  Throughput:   959.9 MB/s  Total: 3852.01 GB
[ 4109.7s] IOs:   1009882048  IOPS:   245733  Throughput:   959.9 MB/s  Total: 3852.39 GB
[ 4109.9s] IOs:   1009982218  IOPS:   245744  Throughput:   959.9 MB/s  Total: 3852.78 GB
[ 4110.2s] IOs:   1010082692  IOPS:   245752  Throughput:   960.0 MB/s  Total: 3853.16 GB
[ 4110.5s] IOs:   1010183497  IOPS:   245758  Throughput:   960.0 MB/s  Total: 3853.54 GB
[ 4110.9s] IOs:   1010283963  IOPS:   245758  Throughput:   960.0 MB/s  Total: 3853.93 GB
[ 4111.1s] IOs:   1010384300  IOPS:   245767  Throughput:   960.0 MB/s  Total: 3854.31 GB
[ 4111.6s] IOs:   1010485169  IOPS:   245764  Throughput:   960.0 MB/s  Total: 3854.70 GB
[ 4112.0s] IOs:   1010586164  IOPS:   245767  Throughput:   960.0 MB/s  Total: 3855.08 GB
[ 4112.2s] IOs:   1010686527  IOPS:   245779  Throughput:   960.1 MB/s  Total: 3855.46 GB
[ 4112.7s] IOs:   1010786848  IOPS:   245773  Throughput:   960.1 MB/s  Total: 3855.85 GB
[ 4112.9s] IOs:   1010887439  IOPS:   245784  Throughput:   960.1 MB/s  Total: 3856.23 GB
[ 4113.1s] IOs:   1010988124  IOPS:   245797  Throughput:   960.1 MB/s  Total: 3856.61 GB
[ 4113.6s] IOs:   1011088998  IOPS:   245793  Throughput:   960.1 MB/s  Total: 3857.00 GB
[ 4113.8s] IOs:   1011189555  IOPS:   245805  Throughput:   960.2 MB/s  Total: 3857.38 GB
[ 4114.1s] IOs:   1011290263  IOPS:   245813  Throughput:   960.2 MB/s  Total: 3857.77 GB
[ 4114.4s] IOs:   1011391118  IOPS:   245818  Throughput:   960.2 MB/s  Total: 3858.15 GB
[ 4114.7s] IOs:   1011491475  IOPS:   245826  Throughput:   960.3 MB/s  Total: 3858.53 GB
[ 4114.9s] IOs:   1011591951  IOPS:   245836  Throughput:   960.3 MB/s  Total: 3858.92 GB
[ 4115.1s] IOs:   1011692852  IOPS:   245847  Throughput:   960.3 MB/s  Total: 3859.30 GB
[ 4115.4s] IOs:   1011793783  IOPS:   245855  Throughput:   960.4 MB/s  Total: 3859.69 GB
[ 4115.6s] IOs:   1011894565  IOPS:   245867  Throughput:   960.4 MB/s  Total: 3860.07 GB
[ 4115.9s] IOs:   1011994884  IOPS:   245875  Throughput:   960.5 MB/s  Total: 3860.45 GB
[ 4116.1s] IOs:   1012095061  IOPS:   245888  Throughput:   960.5 MB/s  Total: 3860.84 GB
[ 4116.3s] IOs:   1012195532  IOPS:   245900  Throughput:   960.5 MB/s  Total: 3861.22 GB
[ 4116.6s] IOs:   1012295779  IOPS:   245908  Throughput:   960.6 MB/s  Total: 3861.60 GB
[ 4116.8s] IOs:   1012396277  IOPS:   245920  Throughput:   960.6 MB/s  Total: 3861.99 GB
[ 4117.2s] IOs:   1012497090  IOPS:   245919  Throughput:   960.6 MB/s  Total: 3862.37 GB
[ 4117.5s] IOs:   1012597719  IOPS:   245923  Throughput:   960.6 MB/s  Total: 3862.75 GB
[ 4118.0s] IOs:   1012698403  IOPS:   245921  Throughput:   960.6 MB/s  Total: 3863.14 GB
[ 4118.2s] IOs:   1012798526  IOPS:   245931  Throughput:   960.7 MB/s  Total: 3863.52 GB
[ 4118.5s] IOs:   1012898737  IOPS:   245937  Throughput:   960.7 MB/s  Total: 3863.90 GB
[ 4119.0s] IOs:   1012999082  IOPS:   245933  Throughput:   960.7 MB/s  Total: 3864.28 GB
[ 4119.2s] IOs:   1013099309  IOPS:   245945  Throughput:   960.7 MB/s  Total: 3864.67 GB
[ 4119.6s] IOs:   1013200012  IOPS:   245944  Throughput:   960.7 MB/s  Total: 3865.05 GB
[ 4120.1s] IOs:   1013300715  IOPS:   245943  Throughput:   960.7 MB/s  Total: 3865.44 GB
[ 4120.3s] IOs:   1013401457  IOPS:   245952  Throughput:   960.8 MB/s  Total: 3865.82 GB
[ 4120.5s] IOs:   1013502059  IOPS:   245964  Throughput:   960.8 MB/s  Total: 3866.20 GB
[ 4121.1s] IOs:   1013602400  IOPS:   245952  Throughput:   960.8 MB/s  Total: 3866.59 GB
[ 4121.4s] IOs:   1013702923  IOPS:   245963  Throughput:   960.8 MB/s  Total: 3866.97 GB
[ 4121.6s] IOs:   1013803206  IOPS:   245974  Throughput:   960.8 MB/s  Total: 3867.35 GB
[ 4122.1s] IOs:   1013903871  IOPS:   245971  Throughput:   960.8 MB/s  Total: 3867.74 GB
[ 4122.4s] IOs:   1014004637  IOPS:   245972  Throughput:   960.8 MB/s  Total: 3868.12 GB
[ 4122.7s] IOs:   1014105370  IOPS:   245981  Throughput:   960.9 MB/s  Total: 3868.50 GB
[ 4123.0s] IOs:   1014206149  IOPS:   245985  Throughput:   960.9 MB/s  Total: 3868.89 GB
[ 4123.5s] IOs:   1014306330  IOPS:   245983  Throughput:   960.9 MB/s  Total: 3869.27 GB
[ 4123.7s] IOs:   1014406384  IOPS:   245996  Throughput:   960.9 MB/s  Total: 3869.65 GB
[ 4124.1s] IOs:   1014506938  IOPS:   245994  Throughput:   960.9 MB/s  Total: 3870.04 GB
[ 4124.4s] IOs:   1014607269  IOPS:   245998  Throughput:   960.9 MB/s  Total: 3870.42 GB
[ 4124.7s] IOs:   1014707553  IOPS:   246010  Throughput:   961.0 MB/s  Total: 3870.80 GB
[ 4125.0s] IOs:   1014808457  IOPS:   246014  Throughput:   961.0 MB/s  Total: 3871.19 GB
[ 4125.2s] IOs:   1014908629  IOPS:   246027  Throughput:   961.0 MB/s  Total: 3871.57 GB
[ 4125.6s] IOs:   1015009106  IOPS:   246026  Throughput:   961.0 MB/s  Total: 3871.95 GB
[ 4126.0s] IOs:   1015109261  IOPS:   246029  Throughput:   961.1 MB/s  Total: 3872.33 GB
[ 4126.5s] IOs:   1015209356  IOPS:   246024  Throughput:   961.0 MB/s  Total: 3872.72 GB
[ 4126.9s] IOs:   1015310014  IOPS:   246022  Throughput:   961.0 MB/s  Total: 3873.10 GB
[ 4127.1s] IOs:   1015410250  IOPS:   246035  Throughput:   961.1 MB/s  Total: 3873.48 GB
[ 4127.7s] IOs:   1015510949  IOPS:   246022  Throughput:   961.0 MB/s  Total: 3873.87 GB
[ 4128.1s] IOs:   1015611828  IOPS:   246024  Throughput:   961.0 MB/s  Total: 3874.25 GB
[ 4128.6s] IOs:   1015712049  IOPS:   246021  Throughput:   961.0 MB/s  Total: 3874.63 GB
[ 4129.1s] IOs:   1015812134  IOPS:   246015  Throughput:   961.0 MB/s  Total: 3875.02 GB
[ 4129.5s] IOs:   1015913057  IOPS:   246016  Throughput:   961.0 MB/s  Total: 3875.40 GB
[ 4129.7s] IOs:   1016013126  IOPS:   246024  Throughput:   961.0 MB/s  Total: 3875.78 GB
[ 4130.2s] IOs:   1016113842  IOPS:   246020  Throughput:   961.0 MB/s  Total: 3876.17 GB
[ 4130.7s] IOs:   1016214125  IOPS:   246015  Throughput:   961.0 MB/s  Total: 3876.55 GB
[ 4131.0s] IOs:   1016314407  IOPS:   246024  Throughput:   961.0 MB/s  Total: 3876.93 GB
[ 4131.2s] IOs:   1016414864  IOPS:   246033  Throughput:   961.1 MB/s  Total: 3877.32 GB
[ 4131.7s] IOs:   1016514871  IOPS:   246030  Throughput:   961.1 MB/s  Total: 3877.70 GB
[ 4132.0s] IOs:   1016615280  IOPS:   246034  Throughput:   961.1 MB/s  Total: 3878.08 GB
[ 4132.4s] IOs:   1016715540  IOPS:   246033  Throughput:   961.1 MB/s  Total: 3878.46 GB
[ 4132.7s] IOs:   1016816488  IOPS:   246043  Throughput:   961.1 MB/s  Total: 3878.85 GB
[ 4133.2s] IOs:   1016916859  IOPS:   246039  Throughput:   961.1 MB/s  Total: 3879.23 GB
[ 4133.5s] IOs:   1017017032  IOPS:   246043  Throughput:   961.1 MB/s  Total: 3879.61 GB
[ 4133.7s] IOs:   1017117393  IOPS:   246054  Throughput:   961.1 MB/s  Total: 3879.99 GB
[ 4134.4s] IOs:   1017218301  IOPS:   246038  Throughput:   961.1 MB/s  Total: 3880.38 GB
[ 4134.9s] IOs:   1017319178  IOPS:   246030  Throughput:   961.1 MB/s  Total: 3880.76 GB
[ 4135.4s] IOs:   1017419878  IOPS:   246025  Throughput:   961.0 MB/s  Total: 3881.15 GB
[ 4135.9s] IOs:   1017520182  IOPS:   246020  Throughput:   961.0 MB/s  Total: 3881.53 GB
[ 4136.2s] IOs:   1017620338  IOPS:   246029  Throughput:   961.1 MB/s  Total: 3881.91 GB
[ 4136.7s] IOs:   1017721190  IOPS:   246025  Throughput:   961.0 MB/s  Total: 3882.30 GB
[ 4137.1s] IOs:   1017821329  IOPS:   246022  Throughput:   961.0 MB/s  Total: 3882.68 GB
[Reader] Parsed 125000000 lines, distributed 1017840316 writes, unique 720.00 GB, skipped 79074790
[ 4137.7s] IOs:   1017921376  IOPS:   246011  Throughput:   961.0 MB/s  Total: 3883.06 GB
[ 4138.2s] IOs:   1018022251  IOPS:   246004  Throughput:   961.0 MB/s  Total: 3883.45 GB
[ 4138.5s] IOs:   1018122492  IOPS:   246010  Throughput:   961.0 MB/s  Total: 3883.83 GB
[ 4139.1s] IOs:   1018222758  IOPS:   246000  Throughput:   960.9 MB/s  Total: 3884.21 GB
[ 4139.6s] IOs:   1018323203  IOPS:   245995  Throughput:   960.9 MB/s  Total: 3884.59 GB
[ 4140.4s] IOs:   1018423780  IOPS:   245971  Throughput:   960.8 MB/s  Total: 3884.98 GB
[ 4141.0s] IOs:   1018524026  IOPS:   245961  Throughput:   960.8 MB/s  Total: 3885.36 GB
[ 4141.6s] IOs:   1018624505  IOPS:   245950  Throughput:   960.7 MB/s  Total: 3885.74 GB
[ 4142.1s] IOs:   1018725100  IOPS:   245944  Throughput:   960.7 MB/s  Total: 3886.13 GB
[ 4142.9s] IOs:   1018825973  IOPS:   245920  Throughput:   960.6 MB/s  Total: 3886.51 GB
[ 4143.6s] IOs:   1018926505  IOPS:   245906  Throughput:   960.6 MB/s  Total: 3886.90 GB
[ 4144.1s] IOs:   1019026979  IOPS:   245896  Throughput:   960.5 MB/s  Total: 3887.28 GB
[ 4144.6s] IOs:   1019127487  IOPS:   245891  Throughput:   960.5 MB/s  Total: 3887.66 GB
[ 4145.4s] IOs:   1019228070  IOPS:   245868  Throughput:   960.4 MB/s  Total: 3888.05 GB
[ 4146.0s] IOs:   1019328613  IOPS:   245858  Throughput:   960.4 MB/s  Total: 3888.43 GB
[ 4146.5s] IOs:   1019429485  IOPS:   245853  Throughput:   960.4 MB/s  Total: 3888.81 GB
[ 4146.9s] IOs:   1019529679  IOPS:   245852  Throughput:   960.4 MB/s  Total: 3889.20 GB
[ 4147.4s] IOs:   1019629682  IOPS:   245847  Throughput:   960.3 MB/s  Total: 3889.58 GB
[ 4147.7s] IOs:   1019730533  IOPS:   245852  Throughput:   960.4 MB/s  Total: 3889.96 GB
[ 4148.4s] IOs:   1019830864  IOPS:   245837  Throughput:   960.3 MB/s  Total: 3890.35 GB
[ 4150.3s] IOs:   1019931677  IOPS:   245747  Throughput:   959.9 MB/s  Total: 3890.73 GB
[ 4151.1s] IOs:   1020032306  IOPS:   245723  Throughput:   959.9 MB/s  Total: 3891.11 GB
[ 4151.7s] IOs:   1020133160  IOPS:   245712  Throughput:   959.8 MB/s  Total: 3891.50 GB
[ 4152.3s] IOs:   1020233897  IOPS:   245701  Throughput:   959.8 MB/s  Total: 3891.88 GB
[ 4152.8s] IOs:   1020334388  IOPS:   245695  Throughput:   959.7 MB/s  Total: 3892.27 GB
[ 4153.4s] IOs:   1020434873  IOPS:   245687  Throughput:   959.7 MB/s  Total: 3892.65 GB
[ 4153.9s] IOs:   1020535257  IOPS:   245682  Throughput:   959.7 MB/s  Total: 3893.03 GB
[ 4154.7s] IOs:   1020635477  IOPS:   245660  Throughput:   959.6 MB/s  Total: 3893.42 GB
[ 4155.2s] IOs:   1020736290  IOPS:   245653  Throughput:   959.6 MB/s  Total: 3893.80 GB
[ 4155.7s] IOs:   1020836954  IOPS:   245647  Throughput:   959.6 MB/s  Total: 3894.18 GB
[ 4156.2s] IOs:   1020937076  IOPS:   245644  Throughput:   959.5 MB/s  Total: 3894.57 GB
[ 4156.6s] IOs:   1021037539  IOPS:   245641  Throughput:   959.5 MB/s  Total: 3894.95 GB
[ 4156.9s] IOs:   1021138073  IOPS:   245650  Throughput:   959.6 MB/s  Total: 3895.33 GB
[ 4157.4s] IOs:   1021238488  IOPS:   245642  Throughput:   959.5 MB/s  Total: 3895.72 GB
[ 4157.8s] IOs:   1021338982  IOPS:   245645  Throughput:   959.6 MB/s  Total: 3896.10 GB
[ 4158.2s] IOs:   1021439409  IOPS:   245643  Throughput:   959.5 MB/s  Total: 3896.48 GB
[ 4158.7s] IOs:   1021539448  IOPS:   245640  Throughput:   959.5 MB/s  Total: 3896.86 GB
[ 4158.9s] IOs:   1021639540  IOPS:   245650  Throughput:   959.6 MB/s  Total: 3897.25 GB
[ 4159.3s] IOs:   1021739936  IOPS:   245650  Throughput:   959.6 MB/s  Total: 3897.63 GB
[ 4159.8s] IOs:   1021840391  IOPS:   245648  Throughput:   959.6 MB/s  Total: 3898.01 GB
[ 4160.0s] IOs:   1021941200  IOPS:   245658  Throughput:   959.6 MB/s  Total: 3898.40 GB
[ 4160.5s] IOs:   1022041989  IOPS:   245655  Throughput:   959.6 MB/s  Total: 3898.78 GB
[ 4160.8s] IOs:   1022142042  IOPS:   245660  Throughput:   959.6 MB/s  Total: 3899.16 GB
[ 4161.0s] IOs:   1022242338  IOPS:   245670  Throughput:   959.6 MB/s  Total: 3899.55 GB
[ 4161.4s] IOs:   1022343022  IOPS:   245672  Throughput:   959.7 MB/s  Total: 3899.93 GB
[ 4161.8s] IOs:   1022443833  IOPS:   245675  Throughput:   959.7 MB/s  Total: 3900.31 GB
[ 4162.0s] IOs:   1022544250  IOPS:   245685  Throughput:   959.7 MB/s  Total: 3900.70 GB
[ 4162.4s] IOs:   1022644536  IOPS:   245689  Throughput:   959.7 MB/s  Total: 3901.08 GB
[ 4162.6s] IOs:   1022744878  IOPS:   245699  Throughput:   959.8 MB/s  Total: 3901.46 GB
[ 4162.9s] IOs:   1022845254  IOPS:   245704  Throughput:   959.8 MB/s  Total: 3901.84 GB
[ 4163.1s] IOs:   1022945998  IOPS:   245714  Throughput:   959.8 MB/s  Total: 3902.23 GB
[ 4163.5s] IOs:   1023046941  IOPS:   245721  Throughput:   959.8 MB/s  Total: 3902.61 GB
[ 4163.8s] IOs:   1023147207  IOPS:   245726  Throughput:   959.9 MB/s  Total: 3903.00 GB
[ 4164.0s] IOs:   1023247655  IOPS:   245737  Throughput:   959.9 MB/s  Total: 3903.38 GB
[ 4164.3s] IOs:   1023348213  IOPS:   245742  Throughput:   959.9 MB/s  Total: 3903.76 GB
[ 4164.5s] IOs:   1023449168  IOPS:   245754  Throughput:   960.0 MB/s  Total: 3904.15 GB
[ 4164.8s] IOs:   1023549409  IOPS:   245760  Throughput:   960.0 MB/s  Total: 3904.53 GB
[ 4165.1s] IOs:   1023650006  IOPS:   245770  Throughput:   960.0 MB/s  Total: 3904.91 GB
[ 4165.3s] IOs:   1023750573  IOPS:   245780  Throughput:   960.1 MB/s  Total: 3905.30 GB
[ 4165.6s] IOs:   1023851099  IOPS:   245789  Throughput:   960.1 MB/s  Total: 3905.68 GB
[ 4165.8s] IOs:   1023951418  IOPS:   245798  Throughput:   960.1 MB/s  Total: 3906.06 GB
[ 4166.1s] IOs:   1024051888  IOPS:   245809  Throughput:   960.2 MB/s  Total: 3906.45 GB
[ 4166.3s] IOs:   1024152146  IOPS:   245817  Throughput:   960.2 MB/s  Total: 3906.83 GB
[ 4166.7s] IOs:   1024252563  IOPS:   245816  Throughput:   960.2 MB/s  Total: 3907.21 GB
[ 4167.1s] IOs:   1024353008  IOPS:   245822  Throughput:   960.2 MB/s  Total: 3907.60 GB
[ 4167.5s] IOs:   1024453684  IOPS:   245822  Throughput:   960.2 MB/s  Total: 3907.98 GB
[ 4167.8s] IOs:   1024554289  IOPS:   245828  Throughput:   960.3 MB/s  Total: 3908.36 GB
[ 4168.0s] IOs:   1024654463  IOPS:   245837  Throughput:   960.3 MB/s  Total: 3908.75 GB
[ 4168.4s] IOs:   1024755115  IOPS:   245840  Throughput:   960.3 MB/s  Total: 3909.13 GB
[ 4168.7s] IOs:   1024855810  IOPS:   245848  Throughput:   960.3 MB/s  Total: 3909.51 GB
[ 4169.0s] IOs:   1024956129  IOPS:   245854  Throughput:   960.4 MB/s  Total: 3909.90 GB
[ 4169.3s] IOs:   1025056203  IOPS:   245858  Throughput:   960.4 MB/s  Total: 3910.28 GB
[ 4169.5s] IOs:   1025156649  IOPS:   245868  Throughput:   960.4 MB/s  Total: 3910.66 GB
[ 4169.9s] IOs:   1025257091  IOPS:   245874  Throughput:   960.4 MB/s  Total: 3911.05 GB
[ 4170.1s] IOs:   1025357751  IOPS:   245883  Throughput:   960.5 MB/s  Total: 3911.43 GB
[ 4170.4s] IOs:   1025458267  IOPS:   245890  Throughput:   960.5 MB/s  Total: 3911.81 GB
[ 4174.1s] IOs:   1025559171  IOPS:   245694  Throughput:   959.7 MB/s  Total: 3912.20 GB
[ 4174.6s] IOs:   1025659771  IOPS:   245688  Throughput:   959.7 MB/s  Total: 3912.58 GB
[ 4175.3s] IOs:   1025760042  IOPS:   245674  Throughput:   959.7 MB/s  Total: 3912.96 GB
[ 4186.2s] IOs:   1025860363  IOPS:   245061  Throughput:   957.3 MB/s  Total: 3913.35 GB
[ 4187.7s] IOs:   1025961140  IOPS:   244993  Throughput:   957.0 MB/s  Total: 3913.73 GB
[ 4189.2s] IOs:   1026061321  IOPS:   244931  Throughput:   956.8 MB/s  Total: 3914.11 GB
[ 4190.3s] IOs:   1026162358  IOPS:   244891  Throughput:   956.6 MB/s  Total: 3914.50 GB
[ 4191.4s] IOs:   1026263287  IOPS:   244851  Throughput:   956.4 MB/s  Total: 3914.88 GB
[ 4192.4s] IOs:   1026364116  IOPS:   244813  Throughput:   956.3 MB/s  Total: 3915.27 GB
[ 4193.4s] IOs:   1026464841  IOPS:   244783  Throughput:   956.2 MB/s  Total: 3915.65 GB
[ 4194.3s] IOs:   1026565426  IOPS:   244752  Throughput:   956.1 MB/s  Total: 3916.04 GB
[ 4194.9s] IOs:   1026666142  IOPS:   244741  Throughput:   956.0 MB/s  Total: 3916.42 GB
[ 4195.8s] IOs:   1026767096  IOPS:   244714  Throughput:   955.9 MB/s  Total: 3916.81 GB
[ 4196.5s] IOs:   1026867832  IOPS:   244694  Throughput:   955.8 MB/s  Total: 3917.19 GB
[ 4196.9s] IOs:   1026968467  IOPS:   244699  Throughput:   955.9 MB/s  Total: 3917.57 GB
[ 4197.4s] IOs:   1027069235  IOPS:   244691  Throughput:   955.8 MB/s  Total: 3917.96 GB
[ 4198.2s] IOs:   1027169901  IOPS:   244669  Throughput:   955.7 MB/s  Total: 3918.34 GB
[ 4198.7s] IOs:   1027270314  IOPS:   244662  Throughput:   955.7 MB/s  Total: 3918.73 GB
[ 4199.4s] IOs:   1027370820  IOPS:   244647  Throughput:   955.7 MB/s  Total: 3919.11 GB
[ 4199.7s] IOs:   1027471604  IOPS:   244654  Throughput:   955.7 MB/s  Total: 3919.49 GB
[ 4200.2s] IOs:   1027571936  IOPS:   244648  Throughput:   955.7 MB/s  Total: 3919.88 GB
[ 4200.5s] IOs:   1027672838  IOPS:   244656  Throughput:   955.7 MB/s  Total: 3920.26 GB
[ 4201.0s] IOs:   1027773650  IOPS:   244652  Throughput:   955.7 MB/s  Total: 3920.65 GB
[ 4201.5s] IOs:   1027873659  IOPS:   244646  Throughput:   955.7 MB/s  Total: 3921.03 GB
[ 4201.9s] IOs:   1027974551  IOPS:   244646  Throughput:   955.6 MB/s  Total: 3921.41 GB
[ 4202.3s] IOs:   1028075245  IOPS:   244643  Throughput:   955.6 MB/s  Total: 3921.80 GB
[ 4202.8s] IOs:   1028176021  IOPS:   244643  Throughput:   955.6 MB/s  Total: 3922.18 GB
[ 4203.1s] IOs:   1028276434  IOPS:   244650  Throughput:   955.7 MB/s  Total: 3922.56 GB
[ 4203.4s] IOs:   1028376641  IOPS:   244653  Throughput:   955.7 MB/s  Total: 3922.95 GB
[ 4203.9s] IOs:   1028477474  IOPS:   244649  Throughput:   955.7 MB/s  Total: 3923.33 GB
[ 4204.2s] IOs:   1028577813  IOPS:   244654  Throughput:   955.7 MB/s  Total: 3923.71 GB
[ 4204.5s] IOs:   1028677982  IOPS:   244661  Throughput:   955.7 MB/s  Total: 3924.10 GB
[ 4204.8s] IOs:   1028778330  IOPS:   244667  Throughput:   955.7 MB/s  Total: 3924.48 GB
[ 4205.3s] IOs:   1028878867  IOPS:   244664  Throughput:   955.7 MB/s  Total: 3924.86 GB
[ 4205.5s] IOs:   1028979498  IOPS:   244673  Throughput:   955.8 MB/s  Total: 3925.25 GB
[ 4205.9s] IOs:   1029080238  IOPS:   244676  Throughput:   955.8 MB/s  Total: 3925.63 GB
[ 4206.4s] IOs:   1029180898  IOPS:   244670  Throughput:   955.7 MB/s  Total: 3926.01 GB
[ 4206.6s] IOs:   1029281472  IOPS:   244680  Throughput:   955.8 MB/s  Total: 3926.40 GB
[ 4207.0s] IOs:   1029381936  IOPS:   244686  Throughput:   955.8 MB/s  Total: 3926.78 GB
[ 4207.4s] IOs:   1029482833  IOPS:   244684  Throughput:   955.8 MB/s  Total: 3927.17 GB
[ 4207.7s] IOs:   1029583433  IOPS:   244690  Throughput:   955.8 MB/s  Total: 3927.55 GB
[ 4208.0s] IOs:   1029684252  IOPS:   244700  Throughput:   955.9 MB/s  Total: 3927.93 GB
[ 4208.3s] IOs:   1029785179  IOPS:   244702  Throughput:   955.9 MB/s  Total: 3928.32 GB
[ 4208.6s] IOs:   1029885759  IOPS:   244711  Throughput:   955.9 MB/s  Total: 3928.70 GB
[ 4208.9s] IOs:   1029986444  IOPS:   244715  Throughput:   955.9 MB/s  Total: 3929.09 GB
[ 4209.2s] IOs:   1030086512  IOPS:   244721  Throughput:   955.9 MB/s  Total: 3929.47 GB
[ 4209.5s] IOs:   1030186884  IOPS:   244730  Throughput:   956.0 MB/s  Total: 3929.85 GB
[Reader] Parsed 126000000 lines, distributed 1030243976 writes, unique 720.00 GB, skipped 81033833
[ 4209.8s] IOs:   1030287535  IOPS:   244735  Throughput:   956.0 MB/s  Total: 3930.24 GB
[ 4210.0s] IOs:   1030387712  IOPS:   244746  Throughput:   956.0 MB/s  Total: 3930.62 GB
[ 4210.4s] IOs:   1030488000  IOPS:   244749  Throughput:   956.1 MB/s  Total: 3931.00 GB
[ 4210.6s] IOs:   1030588153  IOPS:   244760  Throughput:   956.1 MB/s  Total: 3931.38 GB
[ 4210.9s] IOs:   1030688948  IOPS:   244769  Throughput:   956.1 MB/s  Total: 3931.77 GB
[ 4211.1s] IOs:   1030789715  IOPS:   244778  Throughput:   956.2 MB/s  Total: 3932.15 GB
[ 4211.4s] IOs:   1030890490  IOPS:   244785  Throughput:   956.2 MB/s  Total: 3932.54 GB
[ 4211.6s] IOs:   1030990857  IOPS:   244796  Throughput:   956.2 MB/s  Total: 3932.92 GB
[ 4211.9s] IOs:   1031090996  IOPS:   244805  Throughput:   956.3 MB/s  Total: 3933.30 GB
[ 4212.1s] IOs:   1031191533  IOPS:   244815  Throughput:   956.3 MB/s  Total: 3933.68 GB
[ 4212.5s] IOs:   1031292545  IOPS:   244819  Throughput:   956.3 MB/s  Total: 3934.07 GB
[ 4213.4s] IOs:   1031392856  IOPS:   244790  Throughput:   956.2 MB/s  Total: 3934.45 GB
[ 4213.9s] IOs:   1031493591  IOPS:   244783  Throughput:   956.2 MB/s  Total: 3934.84 GB
[ 4214.4s] IOs:   1031594408  IOPS:   244776  Throughput:   956.2 MB/s  Total: 3935.22 GB
[ 4214.8s] IOs:   1031694753  IOPS:   244776  Throughput:   956.2 MB/s  Total: 3935.60 GB
[ 4215.4s] IOs:   1031795325  IOPS:   244769  Throughput:   956.1 MB/s  Total: 3935.99 GB
[ 4215.8s] IOs:   1031895615  IOPS:   244770  Throughput:   956.1 MB/s  Total: 3936.37 GB
[ 4216.3s] IOs:   1031996006  IOPS:   244766  Throughput:   956.1 MB/s  Total: 3936.75 GB
[ 4216.5s] IOs:   1032096414  IOPS:   244777  Throughput:   956.2 MB/s  Total: 3937.14 GB
[ 4216.9s] IOs:   1032197325  IOPS:   244779  Throughput:   956.2 MB/s  Total: 3937.52 GB
[ 4217.4s] IOs:   1032298006  IOPS:   244774  Throughput:   956.1 MB/s  Total: 3937.90 GB
[ 4217.7s] IOs:   1032399015  IOPS:   244778  Throughput:   956.2 MB/s  Total: 3938.29 GB
[ 4217.9s] IOs:   1032499071  IOPS:   244787  Throughput:   956.2 MB/s  Total: 3938.67 GB
[ 4218.3s] IOs:   1032599165  IOPS:   244788  Throughput:   956.2 MB/s  Total: 3939.05 GB
[ 4218.7s] IOs:   1032699507  IOPS:   244792  Throughput:   956.2 MB/s  Total: 3939.44 GB
[ 4219.2s] IOs:   1032800021  IOPS:   244786  Throughput:   956.2 MB/s  Total: 3939.82 GB
[ 4219.8s] IOs:   1032900549  IOPS:   244776  Throughput:   956.2 MB/s  Total: 3940.20 GB
[ 4220.3s] IOs:   1033000961  IOPS:   244770  Throughput:   956.1 MB/s  Total: 3940.59 GB
[ 4220.8s] IOs:   1033101468  IOPS:   244765  Throughput:   956.1 MB/s  Total: 3940.97 GB
[ 4221.2s] IOs:   1033201891  IOPS:   244767  Throughput:   956.1 MB/s  Total: 3941.35 GB
[ 4227.3s] IOs:   1033302591  IOPS:   244436  Throughput:   954.8 MB/s  Total: 3941.74 GB
[ 4227.9s] IOs:   1033403418  IOPS:   244426  Throughput:   954.8 MB/s  Total: 3942.12 GB
[ 4228.4s] IOs:   1033504177  IOPS:   244421  Throughput:   954.8 MB/s  Total: 3942.51 GB
[ 4228.9s] IOs:   1033604898  IOPS:   244417  Throughput:   954.8 MB/s  Total: 3942.89 GB
[ 4229.5s] IOs:   1033705608  IOPS:   244407  Throughput:   954.7 MB/s  Total: 3943.27 GB
[ 4229.8s] IOs:   1033805690  IOPS:   244411  Throughput:   954.7 MB/s  Total: 3943.66 GB
[ 4230.3s] IOs:   1033906236  IOPS:   244406  Throughput:   954.7 MB/s  Total: 3944.04 GB
[ 4230.8s] IOs:   1034006625  IOPS:   244401  Throughput:   954.7 MB/s  Total: 3944.42 GB
[ 4231.0s] IOs:   1034107029  IOPS:   244411  Throughput:   954.7 MB/s  Total: 3944.81 GB
[ 4231.4s] IOs:   1034207748  IOPS:   244414  Throughput:   954.7 MB/s  Total: 3945.19 GB
[ 4232.0s] IOs:   1034308453  IOPS:   244403  Throughput:   954.7 MB/s  Total: 3945.57 GB
[ 4232.3s] IOs:   1034408461  IOPS:   244409  Throughput:   954.7 MB/s  Total: 3945.96 GB
[ 4232.7s] IOs:   1034509016  IOPS:   244406  Throughput:   954.7 MB/s  Total: 3946.34 GB
[ 4233.1s] IOs:   1034609534  IOPS:   244409  Throughput:   954.7 MB/s  Total: 3946.72 GB
[ 4233.4s] IOs:   1034710247  IOPS:   244417  Throughput:   954.8 MB/s  Total: 3947.11 GB
[ 4233.9s] IOs:   1034810507  IOPS:   244412  Throughput:   954.7 MB/s  Total: 3947.49 GB
[ 4234.4s] IOs:   1034911442  IOPS:   244407  Throughput:   954.7 MB/s  Total: 3947.87 GB
[ 4235.0s] IOs:   1035012382  IOPS:   244393  Throughput:   954.7 MB/s  Total: 3948.26 GB
[ 4235.4s] IOs:   1035113080  IOPS:   244396  Throughput:   954.7 MB/s  Total: 3948.64 GB
[ 4236.2s] IOs:   1035213736  IOPS:   244372  Throughput:   954.6 MB/s  Total: 3949.03 GB
[ 4236.8s] IOs:   1035314266  IOPS:   244363  Throughput:   954.5 MB/s  Total: 3949.41 GB
[ 4237.4s] IOs:   1035414888  IOPS:   244351  Throughput:   954.5 MB/s  Total: 3949.79 GB
[ 4237.8s] IOs:   1035515509  IOPS:   244351  Throughput:   954.5 MB/s  Total: 3950.18 GB
[ 4238.4s] IOs:   1035616162  IOPS:   244343  Throughput:   954.5 MB/s  Total: 3950.56 GB
[ 4238.9s] IOs:   1035716266  IOPS:   244336  Throughput:   954.4 MB/s  Total: 3950.94 GB
[ 4239.3s] IOs:   1035816398  IOPS:   244334  Throughput:   954.4 MB/s  Total: 3951.33 GB
[ 4240.1s] IOs:   1035916878  IOPS:   244317  Throughput:   954.4 MB/s  Total: 3951.71 GB
[ 4240.3s] IOs:   1036017814  IOPS:   244328  Throughput:   954.4 MB/s  Total: 3952.09 GB
[ 4240.8s] IOs:   1036118439  IOPS:   244319  Throughput:   954.4 MB/s  Total: 3952.48 GB
[ 4241.3s] IOs:   1036219126  IOPS:   244317  Throughput:   954.4 MB/s  Total: 3952.86 GB
[ 4241.7s] IOs:   1036320067  IOPS:   244316  Throughput:   954.4 MB/s  Total: 3953.25 GB
[ 4242.0s] IOs:   1036420225  IOPS:   244325  Throughput:   954.4 MB/s  Total: 3953.63 GB
[ 4242.5s] IOs:   1036520988  IOPS:   244318  Throughput:   954.4 MB/s  Total: 3954.01 GB
[ 4242.8s] IOs:   1036621912  IOPS:   244322  Throughput:   954.4 MB/s  Total: 3954.40 GB
[ 4243.3s] IOs:   1036721914  IOPS:   244317  Throughput:   954.4 MB/s  Total: 3954.78 GB
[ 4243.7s] IOs:   1036822234  IOPS:   244321  Throughput:   954.4 MB/s  Total: 3955.16 GB
[ 4243.9s] IOs:   1036922259  IOPS:   244330  Throughput:   954.4 MB/s  Total: 3955.54 GB
[ 4244.3s] IOs:   1037023172  IOPS:   244332  Throughput:   954.4 MB/s  Total: 3955.93 GB
[ 4244.7s] IOs:   1037123917  IOPS:   244331  Throughput:   954.4 MB/s  Total: 3956.31 GB
[ 4245.0s] IOs:   1037224236  IOPS:   244341  Throughput:   954.5 MB/s  Total: 3956.70 GB
[ 4245.4s] IOs:   1037324923  IOPS:   244343  Throughput:   954.5 MB/s  Total: 3957.08 GB
[ 4245.7s] IOs:   1037425477  IOPS:   244345  Throughput:   954.5 MB/s  Total: 3957.46 GB
[ 4246.2s] IOs:   1037525796  IOPS:   244342  Throughput:   954.5 MB/s  Total: 3957.85 GB
[ 4246.4s] IOs:   1037626666  IOPS:   244352  Throughput:   954.5 MB/s  Total: 3958.23 GB
[ 4247.0s] IOs:   1037727134  IOPS:   244345  Throughput:   954.5 MB/s  Total: 3958.61 GB
[ 4247.4s] IOs:   1037827530  IOPS:   244345  Throughput:   954.5 MB/s  Total: 3959.00 GB
[ 4247.9s] IOs:   1037928146  IOPS:   244341  Throughput:   954.5 MB/s  Total: 3959.38 GB
[ 4248.3s] IOs:   1038028354  IOPS:   244340  Throughput:   954.5 MB/s  Total: 3959.76 GB
[ 4248.7s] IOs:   1038129207  IOPS:   244338  Throughput:   954.4 MB/s  Total: 3960.15 GB
[ 4249.0s] IOs:   1038229625  IOPS:   244348  Throughput:   954.5 MB/s  Total: 3960.53 GB
[ 4249.4s] IOs:   1038330516  IOPS:   244345  Throughput:   954.5 MB/s  Total: 3960.92 GB
[ 4249.8s] IOs:   1038430723  IOPS:   244349  Throughput:   954.5 MB/s  Total: 3961.30 GB
[ 4250.0s] IOs:   1038531704  IOPS:   244360  Throughput:   954.5 MB/s  Total: 3961.68 GB
[ 4250.5s] IOs:   1038632407  IOPS:   244358  Throughput:   954.5 MB/s  Total: 3962.07 GB
[ 4250.8s] IOs:   1038732428  IOPS:   244363  Throughput:   954.5 MB/s  Total: 3962.45 GB
[ 4251.0s] IOs:   1038832492  IOPS:   244374  Throughput:   954.6 MB/s  Total: 3962.83 GB
[ 4251.4s] IOs:   1038932514  IOPS:   244373  Throughput:   954.6 MB/s  Total: 3963.21 GB
[ 4251.7s] IOs:   1039033207  IOPS:   244381  Throughput:   954.6 MB/s  Total: 3963.60 GB
[ 4252.0s] IOs:   1039133660  IOPS:   244387  Throughput:   954.6 MB/s  Total: 3963.98 GB
[ 4252.3s] IOs:   1039234140  IOPS:   244395  Throughput:   954.7 MB/s  Total: 3964.36 GB
[ 4252.5s] IOs:   1039334735  IOPS:   244405  Throughput:   954.7 MB/s  Total: 3964.75 GB
[ 4252.9s] IOs:   1039435211  IOPS:   244408  Throughput:   954.7 MB/s  Total: 3965.13 GB
[ 4253.1s] IOs:   1039535721  IOPS:   244419  Throughput:   954.8 MB/s  Total: 3965.51 GB
[ 4253.6s] IOs:   1039636358  IOPS:   244414  Throughput:   954.7 MB/s  Total: 3965.90 GB
[ 4253.8s] IOs:   1039736409  IOPS:   244425  Throughput:   954.8 MB/s  Total: 3966.28 GB
[ 4254.3s] IOs:   1039837267  IOPS:   244420  Throughput:   954.8 MB/s  Total: 3966.66 GB
[ 4254.5s] IOs:   1039937865  IOPS:   244432  Throughput:   954.8 MB/s  Total: 3967.05 GB
[ 4254.8s] IOs:   1040038431  IOPS:   244437  Throughput:   954.8 MB/s  Total: 3967.43 GB
[ 4255.0s] IOs:   1040138500  IOPS:   244448  Throughput:   954.9 MB/s  Total: 3967.81 GB
[ 4255.5s] IOs:   1040239019  IOPS:   244448  Throughput:   954.9 MB/s  Total: 3968.20 GB
[ 4255.8s] IOs:   1040339042  IOPS:   244454  Throughput:   954.9 MB/s  Total: 3968.58 GB
[ 4256.1s] IOs:   1040439434  IOPS:   244459  Throughput:   954.9 MB/s  Total: 3968.96 GB
[Reader] Parsed 127000000 lines, distributed 1040506494 writes, unique 720.00 GB, skipped 83368847
[ 4256.3s] IOs:   1040540085  IOPS:   244470  Throughput:   955.0 MB/s  Total: 3969.35 GB
[ 4256.5s] IOs:   1040640649  IOPS:   244480  Throughput:   955.0 MB/s  Total: 3969.73 GB
[ 4256.9s] IOs:   1040740908  IOPS:   244484  Throughput:   955.0 MB/s  Total: 3970.11 GB
[ 4257.1s] IOs:   1040841904  IOPS:   244493  Throughput:   955.1 MB/s  Total: 3970.50 GB
[ 4257.4s] IOs:   1040942326  IOPS:   244504  Throughput:   955.1 MB/s  Total: 3970.88 GB
[ 4257.6s] IOs:   1041043036  IOPS:   244514  Throughput:   955.1 MB/s  Total: 3971.26 GB
[ 4258.0s] IOs:   1041143991  IOPS:   244517  Throughput:   955.1 MB/s  Total: 3971.65 GB
[ 4258.2s] IOs:   1041244109  IOPS:   244528  Throughput:   955.2 MB/s  Total: 3972.03 GB
[ 4258.4s] IOs:   1041344740  IOPS:   244539  Throughput:   955.2 MB/s  Total: 3972.41 GB
[ 4258.7s] IOs:   1041445493  IOPS:   244544  Throughput:   955.3 MB/s  Total: 3972.80 GB
[ 4259.0s] IOs:   1041546036  IOPS:   244554  Throughput:   955.3 MB/s  Total: 3973.18 GB
[ 4259.2s] IOs:   1041646892  IOPS:   244562  Throughput:   955.3 MB/s  Total: 3973.57 GB
[ 4259.5s] IOs:   1041747710  IOPS:   244572  Throughput:   955.4 MB/s  Total: 3973.95 GB
[ 4259.7s] IOs:   1041848610  IOPS:   244580  Throughput:   955.4 MB/s  Total: 3974.34 GB
[ 4260.0s] IOs:   1041949117  IOPS:   244590  Throughput:   955.4 MB/s  Total: 3974.72 GB
[ 4260.2s] IOs:   1042049553  IOPS:   244601  Throughput:   955.5 MB/s  Total: 3975.10 GB
[ 4260.4s] IOs:   1042150064  IOPS:   244612  Throughput:   955.5 MB/s  Total: 3975.49 GB
[ 4260.6s] IOs:   1042250616  IOPS:   244623  Throughput:   955.6 MB/s  Total: 3975.87 GB
[ 4260.9s] IOs:   1042351469  IOPS:   244634  Throughput:   955.6 MB/s  Total: 3976.26 GB
[ 4261.1s] IOs:   1042451992  IOPS:   244645  Throughput:   955.6 MB/s  Total: 3976.64 GB
[ 4261.3s] IOs:   1042552967  IOPS:   244654  Throughput:   955.7 MB/s  Total: 3977.02 GB
[ 4261.6s] IOs:   1042653646  IOPS:   244664  Throughput:   955.7 MB/s  Total: 3977.41 GB
[ 4261.8s] IOs:   1042754335  IOPS:   244675  Throughput:   955.8 MB/s  Total: 3977.79 GB
[ 4262.1s] IOs:   1042855276  IOPS:   244684  Throughput:   955.8 MB/s  Total: 3978.18 GB
[ 4262.3s] IOs:   1042955890  IOPS:   244693  Throughput:   955.8 MB/s  Total: 3978.56 GB
[ 4262.5s] IOs:   1043056288  IOPS:   244704  Throughput:   955.9 MB/s  Total: 3978.94 GB
[ 4262.8s] IOs:   1043156599  IOPS:   244711  Throughput:   955.9 MB/s  Total: 3979.33 GB
[ 4263.0s] IOs:   1043257529  IOPS:   244722  Throughput:   955.9 MB/s  Total: 3979.71 GB
[ 4263.6s] IOs:   1043358218  IOPS:   244715  Throughput:   955.9 MB/s  Total: 3980.10 GB
[ 4263.8s] IOs:   1043458743  IOPS:   244725  Throughput:   956.0 MB/s  Total: 3980.48 GB
[ 4264.4s] IOs:   1043559309  IOPS:   244717  Throughput:   955.9 MB/s  Total: 3980.86 GB
[ 4264.8s] IOs:   1043659847  IOPS:   244713  Throughput:   955.9 MB/s  Total: 3981.25 GB
[ 4265.3s] IOs:   1043759949  IOPS:   244708  Throughput:   955.9 MB/s  Total: 3981.63 GB
[ 4265.8s] IOs:   1043860904  IOPS:   244702  Throughput:   955.9 MB/s  Total: 3982.01 GB
[ 4266.3s] IOs:   1043961288  IOPS:   244697  Throughput:   955.8 MB/s  Total: 3982.40 GB
[ 4266.8s] IOs:   1044062214  IOPS:   244696  Throughput:   955.8 MB/s  Total: 3982.78 GB
[ 4267.0s] IOs:   1044162289  IOPS:   244706  Throughput:   955.9 MB/s  Total: 3983.16 GB
[ 4267.5s] IOs:   1044262850  IOPS:   244704  Throughput:   955.9 MB/s  Total: 3983.55 GB
[ 4267.9s] IOs:   1044362880  IOPS:   244701  Throughput:   955.9 MB/s  Total: 3983.93 GB
[ 4268.5s] IOs:   1044463243  IOPS:   244693  Throughput:   955.8 MB/s  Total: 3984.31 GB
[ 4268.7s] IOs:   1044563289  IOPS:   244701  Throughput:   955.9 MB/s  Total: 3984.69 GB
[ 4269.0s] IOs:   1044663327  IOPS:   244711  Throughput:   955.9 MB/s  Total: 3985.07 GB
[ 4269.6s] IOs:   1044763996  IOPS:   244700  Throughput:   955.9 MB/s  Total: 3985.46 GB
[ 4269.8s] IOs:   1044864196  IOPS:   244709  Throughput:   955.9 MB/s  Total: 3985.84 GB
[ 4270.1s] IOs:   1044964831  IOPS:   244717  Throughput:   955.9 MB/s  Total: 3986.22 GB
[ 4270.4s] IOs:   1045065225  IOPS:   244721  Throughput:   955.9 MB/s  Total: 3986.61 GB
[ 4270.9s] IOs:   1045165945  IOPS:   244719  Throughput:   955.9 MB/s  Total: 3986.99 GB
[ 4271.1s] IOs:   1045266639  IOPS:   244729  Throughput:   956.0 MB/s  Total: 3987.38 GB
[ 4271.4s] IOs:   1045366846  IOPS:   244735  Throughput:   956.0 MB/s  Total: 3987.76 GB
[ 4271.8s] IOs:   1045467281  IOPS:   244738  Throughput:   956.0 MB/s  Total: 3988.14 GB
[ 4272.0s] IOs:   1045567394  IOPS:   244746  Throughput:   956.0 MB/s  Total: 3988.52 GB
[ 4272.3s] IOs:   1045667502  IOPS:   244753  Throughput:   956.1 MB/s  Total: 3988.90 GB
[ 4272.6s] IOs:   1045767762  IOPS:   244764  Throughput:   956.1 MB/s  Total: 3989.29 GB
[ 4272.9s] IOs:   1045868559  IOPS:   244769  Throughput:   956.1 MB/s  Total: 3989.67 GB
[ 4273.1s] IOs:   1045968995  IOPS:   244777  Throughput:   956.2 MB/s  Total: 3990.06 GB
[ 4273.5s] IOs:   1046069658  IOPS:   244783  Throughput:   956.2 MB/s  Total: 3990.44 GB
[ 4273.7s] IOs:   1046170403  IOPS:   244794  Throughput:   956.2 MB/s  Total: 3990.82 GB
[ 4273.9s] IOs:   1046271313  IOPS:   244804  Throughput:   956.3 MB/s  Total: 3991.21 GB
[ 4274.1s] IOs:   1046371368  IOPS:   244814  Throughput:   956.3 MB/s  Total: 3991.59 GB
[ 4274.4s] IOs:   1046471612  IOPS:   244821  Throughput:   956.3 MB/s  Total: 3991.97 GB
[ 4274.7s] IOs:   1046572290  IOPS:   244832  Throughput:   956.4 MB/s  Total: 3992.36 GB
[ 4274.9s] IOs:   1046672670  IOPS:   244841  Throughput:   956.4 MB/s  Total: 3992.74 GB
[ 4275.2s] IOs:   1046773099  IOPS:   244850  Throughput:   956.4 MB/s  Total: 3993.12 GB
[ 4275.4s] IOs:   1046873757  IOPS:   244860  Throughput:   956.5 MB/s  Total: 3993.51 GB
[ 4275.9s] IOs:   1046974445  IOPS:   244854  Throughput:   956.5 MB/s  Total: 3993.89 GB
[ 4276.4s] IOs:   1047074879  IOPS:   244848  Throughput:   956.4 MB/s  Total: 3994.27 GB
[ 4276.8s] IOs:   1047175633  IOPS:   244851  Throughput:   956.4 MB/s  Total: 3994.66 GB
[ 4277.2s] IOs:   1047276577  IOPS:   244849  Throughput:   956.4 MB/s  Total: 3995.04 GB
[ 4277.6s] IOs:   1047377078  IOPS:   244851  Throughput:   956.4 MB/s  Total: 3995.43 GB
[ 4277.9s] IOs:   1047477453  IOPS:   244859  Throughput:   956.5 MB/s  Total: 3995.81 GB
[ 4278.3s] IOs:   1047578090  IOPS:   244857  Throughput:   956.5 MB/s  Total: 3996.19 GB
[ 4278.6s] IOs:   1047678969  IOPS:   244866  Throughput:   956.5 MB/s  Total: 3996.58 GB
[ 4278.9s] IOs:   1047779155  IOPS:   244871  Throughput:   956.5 MB/s  Total: 3996.96 GB
[ 4279.3s] IOs:   1047879659  IOPS:   244873  Throughput:   956.5 MB/s  Total: 3997.34 GB
[ 4279.5s] IOs:   1047980463  IOPS:   244881  Throughput:   956.6 MB/s  Total: 3997.73 GB
[ 4279.9s] IOs:   1048081121  IOPS:   244887  Throughput:   956.6 MB/s  Total: 3998.11 GB
[ 4280.1s] IOs:   1048181741  IOPS:   244897  Throughput:   956.6 MB/s  Total: 3998.50 GB
[ 4280.4s] IOs:   1048282679  IOPS:   244902  Throughput:   956.6 MB/s  Total: 3998.88 GB
[ 4280.7s] IOs:   1048382920  IOPS:   244907  Throughput:   956.7 MB/s  Total: 3999.26 GB
[ 4281.0s] IOs:   1048483196  IOPS:   244918  Throughput:   956.7 MB/s  Total: 3999.65 GB
[ 4281.5s] IOs:   1048583581  IOPS:   244911  Throughput:   956.7 MB/s  Total: 4000.03 GB
[ 4281.7s] IOs:   1048683916  IOPS:   244920  Throughput:   956.7 MB/s  Total: 4000.41 GB
[ 4282.3s] IOs:   1048784409  IOPS:   244914  Throughput:   956.7 MB/s  Total: 4000.80 GB
[ 4282.5s] IOs:   1048885037  IOPS:   244923  Throughput:   956.7 MB/s  Total: 4001.18 GB
[ 4283.0s] IOs:   1048985529  IOPS:   244919  Throughput:   956.7 MB/s  Total: 4001.56 GB
[ 4283.5s] IOs:   1049085957  IOPS:   244914  Throughput:   956.7 MB/s  Total: 4001.95 GB
[ 4283.9s] IOs:   1049186403  IOPS:   244915  Throughput:   956.7 MB/s  Total: 4002.33 GB
[ 4284.4s] IOs:   1049287272  IOPS:   244909  Throughput:   956.7 MB/s  Total: 4002.71 GB
[ 4284.7s] IOs:   1049387579  IOPS:   244912  Throughput:   956.7 MB/s  Total: 4003.10 GB
[ 4285.0s] IOs:   1049487847  IOPS:   244921  Throughput:   956.7 MB/s  Total: 4003.48 GB
[ 4285.4s] IOs:   1049588243  IOPS:   244922  Throughput:   956.7 MB/s  Total: 4003.86 GB
[ 4285.8s] IOs:   1049688545  IOPS:   244923  Throughput:   956.7 MB/s  Total: 4004.24 GB
[ 4286.0s] IOs:   1049788699  IOPS:   244934  Throughput:   956.8 MB/s  Total: 4004.63 GB
[ 4286.4s] IOs:   1049889024  IOPS:   244935  Throughput:   956.8 MB/s  Total: 4005.01 GB
[ 4286.8s] IOs:   1049989478  IOPS:   244938  Throughput:   956.8 MB/s  Total: 4005.39 GB
[ 4287.0s] IOs:   1050089954  IOPS:   244949  Throughput:   956.8 MB/s  Total: 4005.78 GB
[ 4287.3s] IOs:   1050190695  IOPS:   244952  Throughput:   956.8 MB/s  Total: 4006.16 GB
[ 4287.8s] IOs:   1050291526  IOPS:   244949  Throughput:   956.8 MB/s  Total: 4006.54 GB
[ 4288.2s] IOs:   1050392127  IOPS:   244948  Throughput:   956.8 MB/s  Total: 4006.93 GB
[ 4288.6s] IOs:   1050492889  IOPS:   244952  Throughput:   956.8 MB/s  Total: 4007.31 GB
[ 4288.9s] IOs:   1050593438  IOPS:   244957  Throughput:   956.9 MB/s  Total: 4007.70 GB
[ 4289.4s] IOs:   1050694117  IOPS:   244953  Throughput:   956.8 MB/s  Total: 4008.08 GB
[ 4289.8s] IOs:   1050794588  IOPS:   244953  Throughput:   956.8 MB/s  Total: 4008.46 GB
[ 4290.0s] IOs:   1050895535  IOPS:   244963  Throughput:   956.9 MB/s  Total: 4008.85 GB
[ 4290.4s] IOs:   1050996309  IOPS:   244964  Throughput:   956.9 MB/s  Total: 4009.23 GB
[ 4290.8s] IOs:   1051097233  IOPS:   244964  Throughput:   956.9 MB/s  Total: 4009.62 GB
[ 4291.1s] IOs:   1051197632  IOPS:   244971  Throughput:   956.9 MB/s  Total: 4010.00 GB
[ 4291.4s] IOs:   1051297788  IOPS:   244977  Throughput:   956.9 MB/s  Total: 4010.38 GB
[ 4291.8s] IOs:   1051397998  IOPS:   244980  Throughput:   957.0 MB/s  Total: 4010.77 GB
[ 4292.0s] IOs:   1051498426  IOPS:   244988  Throughput:   957.0 MB/s  Total: 4011.15 GB
[ 4292.4s] IOs:   1051599222  IOPS:   244994  Throughput:   957.0 MB/s  Total: 4011.53 GB
[Reader] Parsed 128000000 lines, distributed 1051621148 writes, unique 720.00 GB, skipped 85962122
[ 4292.6s] IOs:   1051699769  IOPS:   245001  Throughput:   957.0 MB/s  Total: 4011.92 GB
[ 4292.9s] IOs:   1051800538  IOPS:   245009  Throughput:   957.1 MB/s  Total: 4012.30 GB
[ 4293.3s] IOs:   1051901224  IOPS:   245012  Throughput:   957.1 MB/s  Total: 4012.68 GB
[ 4293.6s] IOs:   1052001963  IOPS:   245014  Throughput:   957.1 MB/s  Total: 4013.07 GB
[ 4293.9s] IOs:   1052102901  IOPS:   245024  Throughput:   957.1 MB/s  Total: 4013.45 GB
[ 4294.2s] IOs:   1052203504  IOPS:   245026  Throughput:   957.1 MB/s  Total: 4013.84 GB
[ 4294.5s] IOs:   1052303586  IOPS:   245034  Throughput:   957.2 MB/s  Total: 4014.22 GB
[ 4294.9s] IOs:   1052403849  IOPS:   245035  Throughput:   957.2 MB/s  Total: 4014.60 GB
[ 4295.2s] IOs:   1052504834  IOPS:   245043  Throughput:   957.2 MB/s  Total: 4014.99 GB
[ 4295.7s] IOs:   1052605071  IOPS:   245039  Throughput:   957.2 MB/s  Total: 4015.37 GB
[ 4295.9s] IOs:   1052705888  IOPS:   245049  Throughput:   957.2 MB/s  Total: 4015.75 GB
[ 4296.4s] IOs:   1052806079  IOPS:   245046  Throughput:   957.2 MB/s  Total: 4016.14 GB
[ 4297.0s] IOs:   1052906843  IOPS:   245035  Throughput:   957.2 MB/s  Total: 4016.52 GB
[ 4297.2s] IOs:   1053007606  IOPS:   245043  Throughput:   957.2 MB/s  Total: 4016.91 GB
[ 4297.5s] IOs:   1053107817  IOPS:   245053  Throughput:   957.2 MB/s  Total: 4017.29 GB
[ 4298.0s] IOs:   1053208161  IOPS:   245049  Throughput:   957.2 MB/s  Total: 4017.67 GB
[ 4298.3s] IOs:   1053309082  IOPS:   245052  Throughput:   957.2 MB/s  Total: 4018.06 GB
[ 4298.6s] IOs:   1053409457  IOPS:   245057  Throughput:   957.3 MB/s  Total: 4018.44 GB
[ 4299.0s] IOs:   1053510155  IOPS:   245061  Throughput:   957.3 MB/s  Total: 4018.82 GB
[ 4299.4s] IOs:   1053610936  IOPS:   245063  Throughput:   957.3 MB/s  Total: 4019.21 GB
[ 4299.6s] IOs:   1053711251  IOPS:   245073  Throughput:   957.3 MB/s  Total: 4019.59 GB
[ 4299.9s] IOs:   1053811823  IOPS:   245078  Throughput:   957.3 MB/s  Total: 4019.97 GB
[ 4300.2s] IOs:   1053912776  IOPS:   245084  Throughput:   957.4 MB/s  Total: 4020.36 GB
[ 4300.6s] IOs:   1054013748  IOPS:   245086  Throughput:   957.4 MB/s  Total: 4020.74 GB
[ 4301.1s] IOs:   1054113785  IOPS:   245078  Throughput:   957.3 MB/s  Total: 4021.12 GB
[ 4301.5s] IOs:   1054214181  IOPS:   245081  Throughput:   957.3 MB/s  Total: 4021.51 GB
[ 4301.9s] IOs:   1054314746  IOPS:   245084  Throughput:   957.4 MB/s  Total: 4021.89 GB
[ 4302.1s] IOs:   1054415672  IOPS:   245094  Throughput:   957.4 MB/s  Total: 4022.28 GB
[ 4302.6s] IOs:   1054516675  IOPS:   245087  Throughput:   957.4 MB/s  Total: 4022.66 GB
[ 4303.0s] IOs:   1054617286  IOPS:   245089  Throughput:   957.4 MB/s  Total: 4023.05 GB
[ 4303.6s] IOs:   1054717339  IOPS:   245080  Throughput:   957.3 MB/s  Total: 4023.43 GB
[ 4304.0s] IOs:   1054817761  IOPS:   245080  Throughput:   957.3 MB/s  Total: 4023.81 GB
[ 4304.4s] IOs:   1054918236  IOPS:   245078  Throughput:   957.3 MB/s  Total: 4024.19 GB
[ 4304.9s] IOs:   1055018752  IOPS:   245074  Throughput:   957.3 MB/s  Total: 4024.58 GB
[ 4305.5s] IOs:   1055119216  IOPS:   245064  Throughput:   957.3 MB/s  Total: 4024.96 GB
[ 4306.0s] IOs:   1055219503  IOPS:   245057  Throughput:   957.3 MB/s  Total: 4025.34 GB
[ 4306.4s] IOs:   1055319745  IOPS:   245059  Throughput:   957.3 MB/s  Total: 4025.73 GB
[ 4306.9s] IOs:   1055420574  IOPS:   245054  Throughput:   957.2 MB/s  Total: 4026.11 GB
[ 4307.2s] IOs:   1055520853  IOPS:   245060  Throughput:   957.3 MB/s  Total: 4026.49 GB
[ 4307.5s] IOs:   1055621601  IOPS:   245064  Throughput:   957.3 MB/s  Total: 4026.88 GB
[ 4308.0s] IOs:   1055722158  IOPS:   245059  Throughput:   957.3 MB/s  Total: 4027.26 GB
[ 4308.5s] IOs:   1055823152  IOPS:   245057  Throughput:   957.3 MB/s  Total: 4027.65 GB
[ 4308.7s] IOs:   1055923760  IOPS:   245068  Throughput:   957.3 MB/s  Total: 4028.03 GB
[ 4309.3s] IOs:   1056024438  IOPS:   245056  Throughput:   957.3 MB/s  Total: 4028.41 GB
[ 4309.6s] IOs:   1056124956  IOPS:   245066  Throughput:   957.3 MB/s  Total: 4028.80 GB
[ 4310.1s] IOs:   1056225517  IOPS:   245059  Throughput:   957.3 MB/s  Total: 4029.18 GB
[ 4310.5s] IOs:   1056326295  IOPS:   245058  Throughput:   957.3 MB/s  Total: 4029.57 GB
[ 4311.1s] IOs:   1056426720  IOPS:   245050  Throughput:   957.2 MB/s  Total: 4029.95 GB
[ 4311.4s] IOs:   1056527622  IOPS:   245053  Throughput:   957.2 MB/s  Total: 4030.33 GB
[ 4311.8s] IOs:   1056628645  IOPS:   245052  Throughput:   957.2 MB/s  Total: 4030.72 GB
[ 4312.1s] IOs:   1056729167  IOPS:   245062  Throughput:   957.3 MB/s  Total: 4031.10 GB
[ 4312.6s] IOs:   1056829458  IOPS:   245058  Throughput:   957.3 MB/s  Total: 4031.48 GB
[ 4313.1s] IOs:   1056929496  IOPS:   245051  Throughput:   957.2 MB/s  Total: 4031.87 GB
[ 4313.8s] IOs:   1057029740  IOPS:   245037  Throughput:   957.2 MB/s  Total: 4032.25 GB
[ 4314.4s] IOs:   1057130280  IOPS:   245027  Throughput:   957.1 MB/s  Total: 4032.63 GB
[ 4315.1s] IOs:   1057230323  IOPS:   245007  Throughput:   957.1 MB/s  Total: 4033.01 GB
[ 4315.4s] IOs:   1057331357  IOPS:   245012  Throughput:   957.1 MB/s  Total: 4033.40 GB
[ 4316.0s] IOs:   1057432167  IOPS:   245003  Throughput:   957.0 MB/s  Total: 4033.78 GB
[ 4316.5s] IOs:   1057533032  IOPS:   244997  Throughput:   957.0 MB/s  Total: 4034.17 GB
[ 4317.0s] IOs:   1057633086  IOPS:   244991  Throughput:   957.0 MB/s  Total: 4034.55 GB
[ 4317.5s] IOs:   1057733613  IOPS:   244986  Throughput:   957.0 MB/s  Total: 4034.93 GB
[ 4318.0s] IOs:   1057834254  IOPS:   244981  Throughput:   957.0 MB/s  Total: 4035.32 GB
[ 4318.6s] IOs:   1057934704  IOPS:   244974  Throughput:   956.9 MB/s  Total: 4035.70 GB
[ 4319.0s] IOs:   1058035297  IOPS:   244972  Throughput:   956.9 MB/s  Total: 4036.08 GB
[ 4319.5s] IOs:   1058136213  IOPS:   244969  Throughput:   956.9 MB/s  Total: 4036.47 GB
[ 4320.0s] IOs:   1058236933  IOPS:   244963  Throughput:   956.9 MB/s  Total: 4036.85 GB
[ 4320.5s] IOs:   1058337656  IOPS:   244960  Throughput:   956.9 MB/s  Total: 4037.24 GB
[ 4321.0s] IOs:   1058438567  IOPS:   244950  Throughput:   956.8 MB/s  Total: 4037.62 GB
[ 4321.9s] IOs:   1058539471  IOPS:   244926  Throughput:   956.7 MB/s  Total: 4038.01 GB
[ 4322.4s] IOs:   1058640223  IOPS:   244918  Throughput:   956.7 MB/s  Total: 4038.39 GB
[ 4323.0s] IOs:   1058741088  IOPS:   244909  Throughput:   956.7 MB/s  Total: 4038.78 GB
[ 4323.5s] IOs:   1058841882  IOPS:   244905  Throughput:   956.7 MB/s  Total: 4039.16 GB
[ 4324.0s] IOs:   1058942297  IOPS:   244900  Throughput:   956.6 MB/s  Total: 4039.54 GB
[ 4324.4s] IOs:   1059043026  IOPS:   244899  Throughput:   956.6 MB/s  Total: 4039.93 GB
[ 4324.9s] IOs:   1059143712  IOPS:   244896  Throughput:   956.6 MB/s  Total: 4040.31 GB
[ 4325.1s] IOs:   1059244450  IOPS:   244905  Throughput:   956.7 MB/s  Total: 4040.70 GB
[ 4325.7s] IOs:   1059344939  IOPS:   244898  Throughput:   956.6 MB/s  Total: 4041.08 GB
[ 4326.0s] IOs:   1059445360  IOPS:   244902  Throughput:   956.7 MB/s  Total: 4041.46 GB
[ 4326.5s] IOs:   1059546222  IOPS:   244897  Throughput:   956.6 MB/s  Total: 4041.85 GB
[ 4326.7s] IOs:   1059646340  IOPS:   244907  Throughput:   956.7 MB/s  Total: 4042.23 GB
[ 4327.1s] IOs:   1059746406  IOPS:   244911  Throughput:   956.7 MB/s  Total: 4042.61 GB
[ 4327.5s] IOs:   1059846599  IOPS:   244909  Throughput:   956.7 MB/s  Total: 4042.99 GB
[ 4327.9s] IOs:   1059946730  IOPS:   244912  Throughput:   956.7 MB/s  Total: 4043.38 GB
[ 4328.1s] IOs:   1060047729  IOPS:   244922  Throughput:   956.7 MB/s  Total: 4043.76 GB
[ 4328.8s] IOs:   1060147729  IOPS:   244906  Throughput:   956.7 MB/s  Total: 4044.14 GB
[ 4329.0s] IOs:   1060248535  IOPS:   244917  Throughput:   956.7 MB/s  Total: 4044.53 GB
[ 4329.6s] IOs:   1060349109  IOPS:   244907  Throughput:   956.7 MB/s  Total: 4044.91 GB
[ 4330.1s] IOs:   1060449489  IOPS:   244904  Throughput:   956.7 MB/s  Total: 4045.29 GB
[ 4330.6s] IOs:   1060549697  IOPS:   244899  Throughput:   956.6 MB/s  Total: 4045.68 GB
[ 4331.2s] IOs:   1060650037  IOPS:   244888  Throughput:   956.6 MB/s  Total: 4046.06 GB
[ 4331.5s] IOs:   1060750138  IOPS:   244893  Throughput:   956.6 MB/s  Total: 4046.44 GB
[ 4332.0s] IOs:   1060850475  IOPS:   244887  Throughput:   956.6 MB/s  Total: 4046.82 GB
[ 4332.4s] IOs:   1060951412  IOPS:   244887  Throughput:   956.6 MB/s  Total: 4047.21 GB
[ 4332.7s] IOs:   1061052345  IOPS:   244896  Throughput:   956.6 MB/s  Total: 4047.59 GB
[ 4333.1s] IOs:   1061153218  IOPS:   244897  Throughput:   956.6 MB/s  Total: 4047.98 GB
[ 4333.5s] IOs:   1061253781  IOPS:   244895  Throughput:   956.6 MB/s  Total: 4048.36 GB
[ 4333.9s] IOs:   1061353837  IOPS:   244898  Throughput:   956.6 MB/s  Total: 4048.74 GB
[ 4334.6s] IOs:   1061453846  IOPS:   244878  Throughput:   956.6 MB/s  Total: 4049.13 GB
[ 4335.5s] IOs:   1061554192  IOPS:   244852  Throughput:   956.5 MB/s  Total: 4049.51 GB
[ 4336.4s] IOs:   1061655181  IOPS:   244826  Throughput:   956.4 MB/s  Total: 4049.89 GB
[ 4337.0s] IOs:   1061755772  IOPS:   244814  Throughput:   956.3 MB/s  Total: 4050.28 GB
[ 4337.9s] IOs:   1061855781  IOPS:   244785  Throughput:   956.2 MB/s  Total: 4050.66 GB
[ 4338.6s] IOs:   1061956372  IOPS:   244767  Throughput:   956.1 MB/s  Total: 4051.04 GB
[ 4339.4s] IOs:   1062057240  IOPS:   244749  Throughput:   956.1 MB/s  Total: 4051.43 GB
[ 4340.0s] IOs:   1062158125  IOPS:   244739  Throughput:   956.0 MB/s  Total: 4051.81 GB
[ 4340.5s] IOs:   1062258855  IOPS:   244732  Throughput:   956.0 MB/s  Total: 4052.20 GB
[ 4341.1s] IOs:   1062359212  IOPS:   244721  Throughput:   955.9 MB/s  Total: 4052.58 GB
[ 4341.6s] IOs:   1062459700  IOPS:   244715  Throughput:   955.9 MB/s  Total: 4052.96 GB
[ 4342.4s] IOs:   1062560320  IOPS:   244694  Throughput:   955.8 MB/s  Total: 4053.35 GB
[ 4343.0s] IOs:   1062660930  IOPS:   244682  Throughput:   955.8 MB/s  Total: 4053.73 GB
[ 4343.9s] IOs:   1062761832  IOPS:   244654  Throughput:   955.7 MB/s  Total: 4054.11 GB
[Reader] Parsed 129000000 lines, distributed 1062798195 writes, unique 720.00 GB, skipped 88616797
[ 4344.5s] IOs:   1062862521  IOPS:   244644  Throughput:   955.6 MB/s  Total: 4054.50 GB
[ 4345.1s] IOs:   1062963192  IOPS:   244634  Throughput:   955.6 MB/s  Total: 4054.88 GB
[ 4345.6s] IOs:   1063063856  IOPS:   244631  Throughput:   955.6 MB/s  Total: 4055.27 GB
[ 4346.1s] IOs:   1063164705  IOPS:   244626  Throughput:   955.6 MB/s  Total: 4055.65 GB
[ 4346.7s] IOs:   1063265549  IOPS:   244617  Throughput:   955.5 MB/s  Total: 4056.04 GB
[ 4347.1s] IOs:   1063366392  IOPS:   244613  Throughput:   955.5 MB/s  Total: 4056.42 GB
[ 4347.8s] IOs:   1063466665  IOPS:   244598  Throughput:   955.5 MB/s  Total: 4056.80 GB
[ 4348.1s] IOs:   1063567667  IOPS:   244604  Throughput:   955.5 MB/s  Total: 4057.19 GB
[ 4348.7s] IOs:   1063667836  IOPS:   244596  Throughput:   955.5 MB/s  Total: 4057.57 GB
[ 4349.0s] IOs:   1063768716  IOPS:   244599  Throughput:   955.5 MB/s  Total: 4057.96 GB
[ 4349.6s] IOs:   1063869510  IOPS:   244593  Throughput:   955.4 MB/s  Total: 4058.34 GB
[ 4349.8s] IOs:   1063969867  IOPS:   244603  Throughput:   955.5 MB/s  Total: 4058.72 GB
[ 4350.1s] IOs:   1064070104  IOPS:   244607  Throughput:   955.5 MB/s  Total: 4059.11 GB
[ 4350.6s] IOs:   1064170549  IOPS:   244602  Throughput:   955.5 MB/s  Total: 4059.49 GB
[ 4351.0s] IOs:   1064271268  IOPS:   244604  Throughput:   955.5 MB/s  Total: 4059.87 GB
[ 4351.4s] IOs:   1064371864  IOPS:   244603  Throughput:   955.5 MB/s  Total: 4060.26 GB
[ 4351.7s] IOs:   1064472603  IOPS:   244609  Throughput:   955.5 MB/s  Total: 4060.64 GB
[ 4352.0s] IOs:   1064573011  IOPS:   244615  Throughput:   955.5 MB/s  Total: 4061.02 GB
[ 4352.4s] IOs:   1064673900  IOPS:   244616  Throughput:   955.5 MB/s  Total: 4061.41 GB
[ 4352.7s] IOs:   1064774038  IOPS:   244623  Throughput:   955.6 MB/s  Total: 4061.79 GB
[ 4353.0s] IOs:   1064875009  IOPS:   244629  Throughput:   955.6 MB/s  Total: 4062.18 GB
[ 4353.2s] IOs:   1064975593  IOPS:   244640  Throughput:   955.6 MB/s  Total: 4062.56 GB
[ 4353.7s] IOs:   1065075896  IOPS:   244638  Throughput:   955.6 MB/s  Total: 4062.94 GB
[ 4353.9s] IOs:   1065175938  IOPS:   244648  Throughput:   955.7 MB/s  Total: 4063.32 GB
[ 4354.2s] IOs:   1065276936  IOPS:   244654  Throughput:   955.7 MB/s  Total: 4063.71 GB
[ 4354.5s] IOs:   1065377013  IOPS:   244663  Throughput:   955.7 MB/s  Total: 4064.09 GB
[ 4354.8s] IOs:   1065477936  IOPS:   244669  Throughput:   955.7 MB/s  Total: 4064.48 GB
[ 4355.0s] IOs:   1065578769  IOPS:   244680  Throughput:   955.8 MB/s  Total: 4064.86 GB
[ 4355.2s] IOs:   1065679437  IOPS:   244690  Throughput:   955.8 MB/s  Total: 4065.24 GB
[ 4355.5s] IOs:   1065779791  IOPS:   244696  Throughput:   955.8 MB/s  Total: 4065.63 GB
[ 4355.8s] IOs:   1065880638  IOPS:   244706  Throughput:   955.9 MB/s  Total: 4066.01 GB
[ 4356.3s] IOs:   1065981557  IOPS:   244701  Throughput:   955.9 MB/s  Total: 4066.40 GB
[ 4356.5s] IOs:   1066082109  IOPS:   244710  Throughput:   955.9 MB/s  Total: 4066.78 GB
[ 4356.9s] IOs:   1066182261  IOPS:   244709  Throughput:   955.9 MB/s  Total: 4067.16 GB
[ 4357.3s] IOs:   1066282707  IOPS:   244715  Throughput:   955.9 MB/s  Total: 4067.55 GB
[ 4357.5s] IOs:   1066383447  IOPS:   244722  Throughput:   955.9 MB/s  Total: 4067.93 GB
[ 4357.9s] IOs:   1066484103  IOPS:   244722  Throughput:   955.9 MB/s  Total: 4068.31 GB
[ 4358.2s] IOs:   1066585135  IOPS:   244732  Throughput:   956.0 MB/s  Total: 4068.70 GB
[ 4358.5s] IOs:   1066685842  IOPS:   244737  Throughput:   956.0 MB/s  Total: 4069.08 GB
[ 4358.7s] IOs:   1066786496  IOPS:   244747  Throughput:   956.0 MB/s  Total: 4069.47 GB
[ 4359.1s] IOs:   1066887050  IOPS:   244751  Throughput:   956.1 MB/s  Total: 4069.85 GB
[ 4359.3s] IOs:   1066987544  IOPS:   244761  Throughput:   956.1 MB/s  Total: 4070.23 GB
[ 4359.6s] IOs:   1067087795  IOPS:   244766  Throughput:   956.1 MB/s  Total: 4070.62 GB
[ 4359.9s] IOs:   1067188303  IOPS:   244772  Throughput:   956.1 MB/s  Total: 4071.00 GB
[ 4360.2s] IOs:   1067288882  IOPS:   244780  Throughput:   956.2 MB/s  Total: 4071.38 GB
[ 4360.7s] IOs:   1067388967  IOPS:   244772  Throughput:   956.1 MB/s  Total: 4071.77 GB
[ 4361.1s] IOs:   1067489354  IOPS:   244772  Throughput:   956.1 MB/s  Total: 4072.15 GB
[ 4361.5s] IOs:   1067589428  IOPS:   244778  Throughput:   956.2 MB/s  Total: 4072.53 GB
[ 4361.9s] IOs:   1067690330  IOPS:   244777  Throughput:   956.2 MB/s  Total: 4072.92 GB
[ 4362.2s] IOs:   1067791012  IOPS:   244784  Throughput:   956.2 MB/s  Total: 4073.30 GB
[ 4362.7s] IOs:   1067891462  IOPS:   244780  Throughput:   956.2 MB/s  Total: 4073.68 GB
[ 4363.0s] IOs:   1067991808  IOPS:   244785  Throughput:   956.2 MB/s  Total: 4074.07 GB
[ 4363.2s] IOs:   1068091980  IOPS:   244795  Throughput:   956.2 MB/s  Total: 4074.45 GB
[ 4363.7s] IOs:   1068192703  IOPS:   244790  Throughput:   956.2 MB/s  Total: 4074.83 GB
[ 4364.2s] IOs:   1068293565  IOPS:   244787  Throughput:   956.2 MB/s  Total: 4075.22 GB
[ 4364.5s] IOs:   1068393735  IOPS:   244791  Throughput:   956.2 MB/s  Total: 4075.60 GB
[ 4364.9s] IOs:   1068493873  IOPS:   244791  Throughput:   956.2 MB/s  Total: 4075.98 GB
[ 4365.2s] IOs:   1068594849  IOPS:   244800  Throughput:   956.2 MB/s  Total: 4076.37 GB
[ 4365.7s] IOs:   1068695150  IOPS:   244793  Throughput:   956.2 MB/s  Total: 4076.75 GB
[ 4366.1s] IOs:   1068795841  IOPS:   244796  Throughput:   956.2 MB/s  Total: 4077.13 GB
[ 4366.5s] IOs:   1068896517  IOPS:   244793  Throughput:   956.2 MB/s  Total: 4077.52 GB
[ 4366.8s] IOs:   1068997027  IOPS:   244803  Throughput:   956.3 MB/s  Total: 4077.90 GB
[ 4367.3s] IOs:   1069097435  IOPS:   244797  Throughput:   956.2 MB/s  Total: 4078.28 GB
[ 4367.5s] IOs:   1069197981  IOPS:   244806  Throughput:   956.3 MB/s  Total: 4078.67 GB
[ 4367.9s] IOs:   1069298775  IOPS:   244810  Throughput:   956.3 MB/s  Total: 4079.05 GB
[ 4368.2s] IOs:   1069398917  IOPS:   244817  Throughput:   956.3 MB/s  Total: 4079.43 GB
[ 4368.6s] IOs:   1069499543  IOPS:   244815  Throughput:   956.3 MB/s  Total: 4079.82 GB
[ 4368.8s] IOs:   1069599946  IOPS:   244825  Throughput:   956.3 MB/s  Total: 4080.20 GB
[ 4369.1s] IOs:   1069700414  IOPS:   244832  Throughput:   956.4 MB/s  Total: 4080.58 GB
[ 4369.8s] IOs:   1069800812  IOPS:   244817  Throughput:   956.3 MB/s  Total: 4080.97 GB
[ 4370.2s] IOs:   1069901727  IOPS:   244817  Throughput:   956.3 MB/s  Total: 4081.35 GB
[ 4370.6s] IOs:   1070002343  IOPS:   244821  Throughput:   956.3 MB/s  Total: 4081.74 GB
[ 4371.0s] IOs:   1070103060  IOPS:   244817  Throughput:   956.3 MB/s  Total: 4082.12 GB
[ 4371.4s] IOs:   1070203541  IOPS:   244820  Throughput:   956.3 MB/s  Total: 4082.50 GB
[ 4371.8s] IOs:   1070303870  IOPS:   244819  Throughput:   956.3 MB/s  Total: 4082.89 GB
[ 4372.4s] IOs:   1070404654  IOPS:   244811  Throughput:   956.3 MB/s  Total: 4083.27 GB
[ 4372.7s] IOs:   1070504921  IOPS:   244816  Throughput:   956.3 MB/s  Total: 4083.65 GB
[ 4372.9s] IOs:   1070605683  IOPS:   244827  Throughput:   956.4 MB/s  Total: 4084.04 GB
[ 4373.5s] IOs:   1070706042  IOPS:   244817  Throughput:   956.3 MB/s  Total: 4084.42 GB
[ 4374.0s] IOs:   1070807089  IOPS:   244811  Throughput:   956.3 MB/s  Total: 4084.80 GB
[ 4374.7s] IOs:   1070907614  IOPS:   244798  Throughput:   956.2 MB/s  Total: 4085.19 GB
[ 4375.2s] IOs:   1071007850  IOPS:   244788  Throughput:   956.2 MB/s  Total: 4085.57 GB
[ 4375.8s] IOs:   1071108211  IOPS:   244779  Throughput:   956.2 MB/s  Total: 4085.95 GB
[ 4376.9s] IOs:   1071209041  IOPS:   244741  Throughput:   956.0 MB/s  Total: 4086.34 GB
[ 4377.8s] IOs:   1071309256  IOPS:   244713  Throughput:   955.9 MB/s  Total: 4086.72 GB
[ 4378.8s] IOs:   1071409717  IOPS:   244682  Throughput:   955.8 MB/s  Total: 4087.10 GB
[ 4379.4s] IOs:   1071510081  IOPS:   244672  Throughput:   955.8 MB/s  Total: 4087.49 GB
[ 4380.6s] IOs:   1071610839  IOPS:   244629  Throughput:   955.6 MB/s  Total: 4087.87 GB
[ 4381.3s] IOs:   1071711777  IOPS:   244608  Throughput:   955.5 MB/s  Total: 4088.26 GB
[ 4383.6s] IOs:   1071812324  IOPS:   244506  Throughput:   955.1 MB/s  Total: 4088.64 GB
[ 4384.9s] IOs:   1071912477  IOPS:   244454  Throughput:   954.9 MB/s  Total: 4089.02 GB
[ 4386.0s] IOs:   1072013253  IOPS:   244419  Throughput:   954.8 MB/s  Total: 4089.41 GB
[ 4387.0s] IOs:   1072113792  IOPS:   244383  Throughput:   954.6 MB/s  Total: 4089.79 GB
[ 4388.0s] IOs:   1072214712  IOPS:   244351  Throughput:   954.5 MB/s  Total: 4090.17 GB
[ 4388.9s] IOs:   1072315659  IOPS:   244323  Throughput:   954.4 MB/s  Total: 4090.56 GB
[ 4389.6s] IOs:   1072416670  IOPS:   244309  Throughput:   954.3 MB/s  Total: 4090.94 GB
[ 4390.6s] IOs:   1072517666  IOPS:   244275  Throughput:   954.2 MB/s  Total: 4091.33 GB
[ 4391.0s] IOs:   1072618419  IOPS:   244278  Throughput:   954.2 MB/s  Total: 4091.71 GB
[ 4391.9s] IOs:   1072719199  IOPS:   244252  Throughput:   954.1 MB/s  Total: 4092.10 GB
[ 4392.4s] IOs:   1072819814  IOPS:   244243  Throughput:   954.1 MB/s  Total: 4092.48 GB
[ 4393.0s] IOs:   1072920680  IOPS:   244236  Throughput:   954.0 MB/s  Total: 4092.87 GB
[ 4393.5s] IOs:   1073021569  IOPS:   244227  Throughput:   954.0 MB/s  Total: 4093.25 GB
[ 4394.0s] IOs:   1073122313  IOPS:   244226  Throughput:   954.0 MB/s  Total: 4093.64 GB
[ 4394.6s] IOs:   1073223343  IOPS:   244213  Throughput:   954.0 MB/s  Total: 4094.02 GB
[ 4394.9s] IOs:   1073323797  IOPS:   244218  Throughput:   954.0 MB/s  Total: 4094.41 GB
[ 4395.5s] IOs:   1073424624  IOPS:   244210  Throughput:   953.9 MB/s  Total: 4094.79 GB
[ 4396.1s] IOs:   1073525321  IOPS:   244197  Throughput:   953.9 MB/s  Total: 4095.17 GB
[ 4396.4s] IOs:   1073626003  IOPS:   244205  Throughput:   953.9 MB/s  Total: 4095.56 GB
[Reader] Parsed 130000000 lines, distributed 1073690430 writes, unique 720.00 GB, skipped 91204848
[ 4396.6s] IOs:   1073726507  IOPS:   244215  Throughput:   954.0 MB/s  Total: 4095.94 GB

============================================================
  Final Results (Saturated Replay)
============================================================
  Total IOs:       1073741868
  Total Data:      4096.00 GB (4.0000 TB)
  Elapsed Time:    4396.91 seconds
  Average IOPS:    244204
  Average BW:      953.9 MB/s
============================================================

[Limit] 4.0 TB reached, exiting...
