nohup: ignoring input
Auto-detect: NVMe-oF device found
============================================================
  High-Performance Trace Replay (C++ / libaio)
============================================================
  Device:      /dev/nvme0n1
  Device size: 720.00 GB (188743680 LBAs)
  Trace:       ../../alibaba_trace/alibaba_dwpd1.trace
  Threads:     4
  QD/thread:   64
  Max write:   4.0 TB
============================================================

Replay started...

[    0.2s] IOs:       100164  IOPS:   428990  Throughput:  1675.7 MB/s  Total:    0.38 GB
[    0.5s] IOs:       200808  IOPS:   441243  Throughput:  1723.6 MB/s  Total:    0.77 GB
[    0.7s] IOs:       300990  IOPS:   422049  Throughput:  1648.6 MB/s  Total:    1.15 GB
[    1.0s] IOs:       401410  IOPS:   414561  Throughput:  1619.4 MB/s  Total:    1.53 GB
[    1.2s] IOs:       501582  IOPS:   408871  Throughput:  1597.2 MB/s  Total:    1.91 GB
[    1.5s] IOs:       601748  IOPS:   406600  Throughput:  1588.3 MB/s  Total:    2.30 GB
[    1.8s] IOs:       701870  IOPS:   398118  Throughput:  1555.1 MB/s  Total:    2.68 GB
[    2.0s] IOs:       801977  IOPS:   396409  Throughput:  1548.5 MB/s  Total:    3.06 GB
[    2.3s] IOs:       902456  IOPS:   394406  Throughput:  1540.6 MB/s  Total:    3.44 GB
[    2.6s] IOs:      1002523  IOPS:   387381  Throughput:  1513.2 MB/s  Total:    3.82 GB
[    2.9s] IOs:      1103526  IOPS:   386549  Throughput:  1510.0 MB/s  Total:    4.21 GB
[    3.1s] IOs:      1203757  IOPS:   386104  Throughput:  1508.2 MB/s  Total:    4.59 GB
[    3.4s] IOs:      1304748  IOPS:   385524  Throughput:  1506.0 MB/s  Total:    4.98 GB
[    3.7s] IOs:      1404831  IOPS:   383183  Throughput:  1496.8 MB/s  Total:    5.36 GB
[    3.9s] IOs:      1505755  IOPS:   381489  Throughput:  1490.2 MB/s  Total:    5.74 GB
[    4.2s] IOs:      1606073  IOPS:   382977  Throughput:  1496.0 MB/s  Total:    6.13 GB
[    4.5s] IOs:      1706666  IOPS:   375821  Throughput:  1468.1 MB/s  Total:    6.51 GB
[    4.8s] IOs:      1807120  IOPS:   378217  Throughput:  1477.4 MB/s  Total:    6.89 GB
[    5.1s] IOs:      1907444  IOPS:   376153  Throughput:  1469.3 MB/s  Total:    7.28 GB
[    5.4s] IOs:      2007789  IOPS:   371950  Throughput:  1452.9 MB/s  Total:    7.66 GB
[    5.7s] IOs:      2108090  IOPS:   371582  Throughput:  1451.5 MB/s  Total:    8.04 GB
[    6.0s] IOs:      2209065  IOPS:   366687  Throughput:  1432.4 MB/s  Total:    8.43 GB
[    6.3s] IOs:      2309263  IOPS:   365461  Throughput:  1427.6 MB/s  Total:    8.81 GB
[    6.6s] IOs:      2409719  IOPS:   365841  Throughput:  1429.1 MB/s  Total:    9.19 GB
[    6.9s] IOs:      2509836  IOPS:   365731  Throughput:  1428.6 MB/s  Total:    9.57 GB
[    7.1s] IOs:      2610643  IOPS:   366194  Throughput:  1430.4 MB/s  Total:    9.96 GB
[    7.4s] IOs:      2710844  IOPS:   366420  Throughput:  1431.3 MB/s  Total:   10.34 GB
[    7.7s] IOs:      2810936  IOPS:   367037  Throughput:  1433.7 MB/s  Total:   10.72 GB
[    7.9s] IOs:      2911414  IOPS:   367470  Throughput:  1435.4 MB/s  Total:   11.11 GB
[    8.2s] IOs:      3012243  IOPS:   367665  Throughput:  1436.2 MB/s  Total:   11.49 GB
[    8.4s] IOs:      3112623  IOPS:   368898  Throughput:  1441.0 MB/s  Total:   11.87 GB
[    8.7s] IOs:      3213018  IOPS:   369937  Throughput:  1445.1 MB/s  Total:   12.26 GB
[    8.9s] IOs:      3313534  IOPS:   370508  Throughput:  1447.3 MB/s  Total:   12.64 GB
[    9.2s] IOs:      3413941  IOPS:   371002  Throughput:  1449.2 MB/s  Total:   13.02 GB
[    9.5s] IOs:      3514326  IOPS:   371345  Throughput:  1450.6 MB/s  Total:   13.41 GB
[    9.8s] IOs:      3614693  IOPS:   369486  Throughput:  1443.3 MB/s  Total:   13.79 GB
[   10.0s] IOs:      3714737  IOPS:   370377  Throughput:  1446.8 MB/s  Total:   14.17 GB
[   10.3s] IOs:      3815136  IOPS:   371225  Throughput:  1450.1 MB/s  Total:   14.55 GB
[   10.6s] IOs:      3915481  IOPS:   370633  Throughput:  1447.8 MB/s  Total:   14.94 GB
[   10.8s] IOs:      4015601  IOPS:   370781  Throughput:  1448.4 MB/s  Total:   15.32 GB
[   11.1s] IOs:      4116103  IOPS:   369865  Throughput:  1444.8 MB/s  Total:   15.70 GB
[   11.4s] IOs:      4216404  IOPS:   369676  Throughput:  1444.0 MB/s  Total:   16.08 GB
[   11.7s] IOs:      4316534  IOPS:   368515  Throughput:  1439.5 MB/s  Total:   16.47 GB
[   12.3s] IOs:      4416966  IOPS:   359819  Throughput:  1405.5 MB/s  Total:   16.85 GB
[   12.6s] IOs:      4517116  IOPS:   357739  Throughput:  1397.4 MB/s  Total:   17.23 GB
[   12.9s] IOs:      4617344  IOPS:   357470  Throughput:  1396.4 MB/s  Total:   17.61 GB
[   13.2s] IOs:      4717544  IOPS:   357213  Throughput:  1395.4 MB/s  Total:   18.00 GB
[   13.5s] IOs:      4817634  IOPS:   357462  Throughput:  1396.3 MB/s  Total:   18.38 GB
[   13.7s] IOs:      4918263  IOPS:   358155  Throughput:  1399.0 MB/s  Total:   18.76 GB
[   14.0s] IOs:      5018671  IOPS:   358933  Throughput:  1402.1 MB/s  Total:   19.14 GB
[   14.3s] IOs:      5119083  IOPS:   359142  Throughput:  1402.9 MB/s  Total:   19.53 GB
[   14.5s] IOs:      5219500  IOPS:   358871  Throughput:  1401.8 MB/s  Total:   19.91 GB
[   14.9s] IOs:      5319848  IOPS:   356986  Throughput:  1394.5 MB/s  Total:   20.29 GB
[   15.2s] IOs:      5420200  IOPS:   355795  Throughput:  1389.8 MB/s  Total:   20.68 GB
[   15.5s] IOs:      5520393  IOPS:   355075  Throughput:  1387.0 MB/s  Total:   21.06 GB
[   15.8s] IOs:      5620597  IOPS:   355732  Throughput:  1389.6 MB/s  Total:   21.44 GB
[   16.1s] IOs:      5720633  IOPS:   355490  Throughput:  1388.6 MB/s  Total:   21.82 GB
[   16.3s] IOs:      5821020  IOPS:   356557  Throughput:  1392.8 MB/s  Total:   22.21 GB
[   16.6s] IOs:      5921475  IOPS:   357090  Throughput:  1394.9 MB/s  Total:   22.59 GB
[   16.8s] IOs:      6021832  IOPS:   357425  Throughput:  1396.2 MB/s  Total:   22.97 GB
[   17.1s] IOs:      6122305  IOPS:   357622  Throughput:  1397.0 MB/s  Total:   23.35 GB
[   17.4s] IOs:      6222427  IOPS:   358270  Throughput:  1399.5 MB/s  Total:   23.74 GB
[   17.7s] IOs:      6322741  IOPS:   358158  Throughput:  1399.1 MB/s  Total:   24.12 GB
[   17.9s] IOs:      6422922  IOPS:   358842  Throughput:  1401.7 MB/s  Total:   24.50 GB
[   18.1s] IOs:      6523263  IOPS:   359473  Throughput:  1404.2 MB/s  Total:   24.88 GB
[   18.4s] IOs:      6623819  IOPS:   359587  Throughput:  1404.6 MB/s  Total:   25.27 GB
[   18.8s] IOs:      6724021  IOPS:   358075  Throughput:  1398.7 MB/s  Total:   25.65 GB
[   19.0s] IOs:      6824393  IOPS:   358559  Throughput:  1400.6 MB/s  Total:   26.03 GB
[   19.3s] IOs:      6924499  IOPS:   359452  Throughput:  1404.1 MB/s  Total:   26.41 GB
[   19.6s] IOs:      7024581  IOPS:   359303  Throughput:  1403.5 MB/s  Total:   26.80 GB
[   19.8s] IOs:      7124746  IOPS:   359610  Throughput:  1404.7 MB/s  Total:   27.18 GB
[   20.1s] IOs:      7224775  IOPS:   360253  Throughput:  1407.2 MB/s  Total:   27.56 GB
[Reader] Parsed 1000000 lines, distributed 7247812 writes, unique 16.93 GB, skipped 0
[   20.3s] IOs:      7325110  IOPS:   361032  Throughput:  1410.3 MB/s  Total:   27.94 GB
[   20.5s] IOs:      7425608  IOPS:   361802  Throughput:  1413.3 MB/s  Total:   28.33 GB
[   20.8s] IOs:      7525813  IOPS:   362386  Throughput:  1415.6 MB/s  Total:   28.71 GB
[   21.1s] IOs:      7626404  IOPS:   362194  Throughput:  1414.8 MB/s  Total:   29.09 GB
[   21.3s] IOs:      7726579  IOPS:   362091  Throughput:  1414.4 MB/s  Total:   29.47 GB
[   21.6s] IOs:      7826744  IOPS:   361971  Throughput:  1413.9 MB/s  Total:   29.86 GB
[   21.9s] IOs:      7926789  IOPS:   361848  Throughput:  1413.5 MB/s  Total:   30.24 GB
[   22.2s] IOs:      8026935  IOPS:   362088  Throughput:  1414.4 MB/s  Total:   30.62 GB
[   22.5s] IOs:      8126946  IOPS:   361626  Throughput:  1412.6 MB/s  Total:   31.00 GB
[   22.7s] IOs:      8226948  IOPS:   361707  Throughput:  1412.9 MB/s  Total:   31.38 GB
[   23.0s] IOs:      8327050  IOPS:   361513  Throughput:  1412.2 MB/s  Total:   31.77 GB
[   23.3s] IOs:      8427493  IOPS:   361931  Throughput:  1413.8 MB/s  Total:   32.15 GB
[   23.5s] IOs:      8527864  IOPS:   362535  Throughput:  1416.2 MB/s  Total:   32.53 GB
[   23.8s] IOs:      8628240  IOPS:   362787  Throughput:  1417.1 MB/s  Total:   32.91 GB
[   24.0s] IOs:      8728646  IOPS:   363563  Throughput:  1420.2 MB/s  Total:   33.30 GB
[   24.2s] IOs:      8828885  IOPS:   364375  Throughput:  1423.3 MB/s  Total:   33.68 GB
[   24.5s] IOs:      8928940  IOPS:   364797  Throughput:  1425.0 MB/s  Total:   34.06 GB
[   24.7s] IOs:      9029147  IOPS:   365241  Throughput:  1426.7 MB/s  Total:   34.44 GB
[   25.0s] IOs:      9129277  IOPS:   365475  Throughput:  1427.6 MB/s  Total:   34.83 GB
[   25.2s] IOs:      9229497  IOPS:   366000  Throughput:  1429.7 MB/s  Total:   35.21 GB
[   25.4s] IOs:      9329690  IOPS:   366743  Throughput:  1432.6 MB/s  Total:   35.59 GB
[   25.7s] IOs:      9429907  IOPS:   367284  Throughput:  1434.7 MB/s  Total:   35.97 GB
[   25.9s] IOs:      9530168  IOPS:   367584  Throughput:  1435.9 MB/s  Total:   36.35 GB
[   26.2s] IOs:      9630384  IOPS:   367757  Throughput:  1436.6 MB/s  Total:   36.74 GB
[   26.4s] IOs:      9730491  IOPS:   368161  Throughput:  1438.1 MB/s  Total:   37.12 GB
[   26.7s] IOs:      9830555  IOPS:   368120  Throughput:  1438.0 MB/s  Total:   37.50 GB
[   27.0s] IOs:      9930560  IOPS:   368148  Throughput:  1438.1 MB/s  Total:   37.88 GB
[   27.2s] IOs:     10030580  IOPS:   368359  Throughput:  1438.9 MB/s  Total:   38.26 GB
[   27.5s] IOs:     10130864  IOPS:   368882  Throughput:  1440.9 MB/s  Total:   38.65 GB
[   27.7s] IOs:     10230952  IOPS:   369375  Throughput:  1442.9 MB/s  Total:   39.03 GB
[   27.9s] IOs:     10331001  IOPS:   370135  Throughput:  1445.8 MB/s  Total:   39.41 GB
[   28.1s] IOs:     10431883  IOPS:   370617  Throughput:  1447.7 MB/s  Total:   39.79 GB
[   28.9s] IOs:     10531899  IOPS:   364448  Throughput:  1423.6 MB/s  Total:   40.18 GB
[   29.1s] IOs:     10632050  IOPS:   365051  Throughput:  1426.0 MB/s  Total:   40.56 GB
[   29.3s] IOs:     10732223  IOPS:   365785  Throughput:  1428.8 MB/s  Total:   40.94 GB
[   29.6s] IOs:     10832248  IOPS:   366227  Throughput:  1430.6 MB/s  Total:   41.32 GB
[   29.8s] IOs:     10932457  IOPS:   366574  Throughput:  1431.9 MB/s  Total:   41.70 GB
[   30.0s] IOs:     11032545  IOPS:   367161  Throughput:  1434.2 MB/s  Total:   42.09 GB
[   30.3s] IOs:     11132676  IOPS:   367792  Throughput:  1436.7 MB/s  Total:   42.47 GB
[   30.5s] IOs:     11232867  IOPS:   368268  Throughput:  1438.5 MB/s  Total:   42.85 GB
[   30.7s] IOs:     11333158  IOPS:   368896  Throughput:  1441.0 MB/s  Total:   43.23 GB
[   30.9s] IOs:     11433190  IOPS:   369542  Throughput:  1443.5 MB/s  Total:   43.61 GB
[   31.2s] IOs:     11534230  IOPS:   370129  Throughput:  1445.8 MB/s  Total:   44.00 GB
[   31.4s] IOs:     11634494  IOPS:   370528  Throughput:  1447.4 MB/s  Total:   44.38 GB
[   31.6s] IOs:     11734719  IOPS:   370979  Throughput:  1449.1 MB/s  Total:   44.76 GB
[   31.9s] IOs:     11834888  IOPS:   371336  Throughput:  1450.5 MB/s  Total:   45.15 GB
[   32.1s] IOs:     11934971  IOPS:   371588  Throughput:  1451.5 MB/s  Total:   45.53 GB
[   32.3s] IOs:     12035184  IOPS:   372088  Throughput:  1453.5 MB/s  Total:   45.91 GB
[   32.6s] IOs:     12135487  IOPS:   372442  Throughput:  1454.9 MB/s  Total:   46.29 GB
[   32.8s] IOs:     12235730  IOPS:   372699  Throughput:  1455.9 MB/s  Total:   46.68 GB
[   33.0s] IOs:     12336010  IOPS:   373278  Throughput:  1458.1 MB/s  Total:   47.06 GB
[   33.3s] IOs:     12436931  IOPS:   373869  Throughput:  1460.4 MB/s  Total:   47.44 GB
[   33.5s] IOs:     12537933  IOPS:   374378  Throughput:  1462.4 MB/s  Total:   47.83 GB
[   33.7s] IOs:     12638952  IOPS:   374965  Throughput:  1464.7 MB/s  Total:   48.21 GB
[   33.9s] IOs:     12739930  IOPS:   375494  Throughput:  1466.8 MB/s  Total:   48.60 GB
[   34.2s] IOs:     12840361  IOPS:   375849  Throughput:  1468.2 MB/s  Total:   48.98 GB
[   34.4s] IOs:     12941258  IOPS:   376648  Throughput:  1471.3 MB/s  Total:   49.37 GB
[   34.6s] IOs:     13042268  IOPS:   377267  Throughput:  1473.7 MB/s  Total:   49.75 GB
[   34.8s] IOs:     13143238  IOPS:   378082  Throughput:  1476.9 MB/s  Total:   50.14 GB
[   35.0s] IOs:     13243469  IOPS:   378894  Throughput:  1480.1 MB/s  Total:   50.52 GB
[   35.2s] IOs:     13344481  IOPS:   379599  Throughput:  1482.8 MB/s  Total:   50.91 GB
[   35.3s] IOs:     13444511  IOPS:   380426  Throughput:  1486.0 MB/s  Total:   51.29 GB
[   35.5s] IOs:     13545448  IOPS:   381037  Throughput:  1488.4 MB/s  Total:   51.67 GB
[Reader] Parsed 2000000 lines, distributed 13582919 writes, unique 27.39 GB, skipped 0
[   35.7s] IOs:     13646390  IOPS:   381764  Throughput:  1491.3 MB/s  Total:   52.06 GB
[   35.9s] IOs:     13747361  IOPS:   382485  Throughput:  1494.1 MB/s  Total:   52.44 GB
[   36.1s] IOs:     13848095  IOPS:   383225  Throughput:  1497.0 MB/s  Total:   52.83 GB
[   36.3s] IOs:     13948903  IOPS:   383936  Throughput:  1499.8 MB/s  Total:   53.21 GB
[   36.5s] IOs:     14049119  IOPS:   384616  Throughput:  1502.4 MB/s  Total:   53.59 GB
[   36.7s] IOs:     14150003  IOPS:   385363  Throughput:  1505.3 MB/s  Total:   53.98 GB
[   36.9s] IOs:     14250807  IOPS:   385687  Throughput:  1506.6 MB/s  Total:   54.36 GB
[   37.2s] IOs:     14350836  IOPS:   386274  Throughput:  1508.9 MB/s  Total:   54.74 GB
[   37.3s] IOs:     14450952  IOPS:   386989  Throughput:  1511.7 MB/s  Total:   55.13 GB
[   37.5s] IOs:     14551731  IOPS:   387636  Throughput:  1514.2 MB/s  Total:   55.51 GB
[   37.7s] IOs:     14652686  IOPS:   388224  Throughput:  1516.5 MB/s  Total:   55.90 GB
[   37.9s] IOs:     14752848  IOPS:   388858  Throughput:  1519.0 MB/s  Total:   56.28 GB
[   38.1s] IOs:     14852882  IOPS:   389532  Throughput:  1521.6 MB/s  Total:   56.66 GB
[   38.3s] IOs:     14952955  IOPS:   390161  Throughput:  1524.1 MB/s  Total:   57.04 GB
[   38.5s] IOs:     15053592  IOPS:   390837  Throughput:  1526.7 MB/s  Total:   57.42 GB
[   38.7s] IOs:     15154253  IOPS:   391381  Throughput:  1528.8 MB/s  Total:   57.81 GB
[   38.9s] IOs:     15254904  IOPS:   391965  Throughput:  1531.1 MB/s  Total:   58.19 GB
[   39.1s] IOs:     15355764  IOPS:   392557  Throughput:  1533.4 MB/s  Total:   58.58 GB
[   39.3s] IOs:     15455872  IOPS:   393251  Throughput:  1536.1 MB/s  Total:   58.96 GB
[   39.5s] IOs:     15556836  IOPS:   393701  Throughput:  1537.9 MB/s  Total:   59.34 GB
[   39.7s] IOs:     15657642  IOPS:   394265  Throughput:  1540.1 MB/s  Total:   59.73 GB
[   39.9s] IOs:     15758274  IOPS:   394747  Throughput:  1542.0 MB/s  Total:   60.11 GB
[   40.1s] IOs:     15859172  IOPS:   395399  Throughput:  1544.5 MB/s  Total:   60.50 GB
[   40.3s] IOs:     15959256  IOPS:   395990  Throughput:  1546.8 MB/s  Total:   60.88 GB
[   40.5s] IOs:     16059754  IOPS:   396403  Throughput:  1548.5 MB/s  Total:   61.26 GB
[   40.7s] IOs:     16160347  IOPS:   396918  Throughput:  1550.5 MB/s  Total:   61.65 GB
[   40.9s] IOs:     16260357  IOPS:   397416  Throughput:  1552.4 MB/s  Total:   62.03 GB
[   41.1s] IOs:     16361182  IOPS:   398049  Throughput:  1554.9 MB/s  Total:   62.41 GB
[   41.3s] IOs:     16461281  IOPS:   398637  Throughput:  1557.2 MB/s  Total:   62.79 GB
[   41.5s] IOs:     16562007  IOPS:   399238  Throughput:  1559.5 MB/s  Total:   63.18 GB
[   41.7s] IOs:     16662694  IOPS:   399804  Throughput:  1561.7 MB/s  Total:   63.56 GB
[   41.9s] IOs:     16763359  IOPS:   400365  Throughput:  1563.9 MB/s  Total:   63.95 GB
[   42.1s] IOs:     16863469  IOPS:   400916  Throughput:  1566.1 MB/s  Total:   64.33 GB
[   42.3s] IOs:     16964461  IOPS:   401518  Throughput:  1568.4 MB/s  Total:   64.71 GB
[   42.4s] IOs:     17064516  IOPS:   402063  Throughput:  1570.6 MB/s  Total:   65.10 GB
[   42.6s] IOs:     17165344  IOPS:   402472  Throughput:  1572.2 MB/s  Total:   65.48 GB
[   42.8s] IOs:     17265935  IOPS:   402992  Throughput:  1574.2 MB/s  Total:   65.86 GB
[   43.1s] IOs:     17366727  IOPS:   403259  Throughput:  1575.2 MB/s  Total:   66.25 GB
[   43.3s] IOs:     17467646  IOPS:   403786  Throughput:  1577.3 MB/s  Total:   66.63 GB
[   43.4s] IOs:     17567719  IOPS:   404329  Throughput:  1579.4 MB/s  Total:   67.02 GB
[   43.7s] IOs:     17668682  IOPS:   404740  Throughput:  1581.0 MB/s  Total:   67.40 GB
[   43.9s] IOs:     17769711  IOPS:   405230  Throughput:  1582.9 MB/s  Total:   67.79 GB
[   44.0s] IOs:     17870598  IOPS:   405832  Throughput:  1585.3 MB/s  Total:   68.17 GB
[   44.2s] IOs:     17971321  IOPS:   406357  Throughput:  1587.3 MB/s  Total:   68.56 GB
[   44.4s] IOs:     18072205  IOPS:   406916  Throughput:  1589.5 MB/s  Total:   68.94 GB
[   44.6s] IOs:     18172294  IOPS:   407452  Throughput:  1591.6 MB/s  Total:   69.32 GB
[   44.8s] IOs:     18273195  IOPS:   407914  Throughput:  1593.4 MB/s  Total:   69.71 GB
[   45.0s] IOs:     18374121  IOPS:   408266  Throughput:  1594.8 MB/s  Total:   70.09 GB
[   45.2s] IOs:     18474885  IOPS:   408609  Throughput:  1596.1 MB/s  Total:   70.48 GB
[   45.4s] IOs:     18575893  IOPS:   409050  Throughput:  1597.9 MB/s  Total:   70.86 GB
[   45.6s] IOs:     18676739  IOPS:   409373  Throughput:  1599.1 MB/s  Total:   71.25 GB
[   45.8s] IOs:     18777501  IOPS:   409863  Throughput:  1601.0 MB/s  Total:   71.63 GB
[   46.0s] IOs:     18877593  IOPS:   410254  Throughput:  1602.6 MB/s  Total:   72.01 GB
[   46.2s] IOs:     18977648  IOPS:   410726  Throughput:  1604.4 MB/s  Total:   72.39 GB
[   46.4s] IOs:     19078412  IOPS:   411160  Throughput:  1606.1 MB/s  Total:   72.78 GB
[   46.6s] IOs:     19179378  IOPS:   411639  Throughput:  1608.0 MB/s  Total:   73.16 GB
[   46.8s] IOs:     19279460  IOPS:   412097  Throughput:  1609.8 MB/s  Total:   73.55 GB
[   47.0s] IOs:     19380257  IOPS:   412605  Throughput:  1611.7 MB/s  Total:   73.93 GB
[   47.2s] IOs:     19481086  IOPS:   413024  Throughput:  1613.4 MB/s  Total:   74.31 GB
[   47.4s] IOs:     19581887  IOPS:   413408  Throughput:  1614.9 MB/s  Total:   74.70 GB
[   47.6s] IOs:     19682859  IOPS:   413837  Throughput:  1616.5 MB/s  Total:   75.08 GB
[   47.8s] IOs:     19783851  IOPS:   414195  Throughput:  1617.9 MB/s  Total:   75.47 GB
[   48.0s] IOs:     19884664  IOPS:   414544  Throughput:  1619.3 MB/s  Total:   75.85 GB
[   48.2s] IOs:     19984713  IOPS:   414970  Throughput:  1621.0 MB/s  Total:   76.24 GB
[   48.3s] IOs:     20084729  IOPS:   415425  Throughput:  1622.8 MB/s  Total:   76.62 GB
[   48.5s] IOs:     20185629  IOPS:   415911  Throughput:  1624.7 MB/s  Total:   77.00 GB
[   48.7s] IOs:     20286581  IOPS:   416232  Throughput:  1625.9 MB/s  Total:   77.39 GB
[   48.9s] IOs:     20387477  IOPS:   416598  Throughput:  1627.3 MB/s  Total:   77.77 GB
[   49.1s] IOs:     20488334  IOPS:   416953  Throughput:  1628.7 MB/s  Total:   78.16 GB
[   49.3s] IOs:     20589209  IOPS:   417392  Throughput:  1630.4 MB/s  Total:   78.54 GB
[   49.5s] IOs:     20690178  IOPS:   417805  Throughput:  1632.0 MB/s  Total:   78.93 GB
[   49.7s] IOs:     20790286  IOPS:   418193  Throughput:  1633.6 MB/s  Total:   79.31 GB
[   49.9s] IOs:     20891145  IOPS:   418593  Throughput:  1635.1 MB/s  Total:   79.69 GB
[   50.1s] IOs:     20992160  IOPS:   418964  Throughput:  1636.6 MB/s  Total:   80.08 GB
[   50.3s] IOs:     21093089  IOPS:   419257  Throughput:  1637.7 MB/s  Total:   80.46 GB
[   50.5s] IOs:     21193160  IOPS:   419600  Throughput:  1639.1 MB/s  Total:   80.85 GB
[   50.7s] IOs:     21293191  IOPS:   420013  Throughput:  1640.7 MB/s  Total:   81.23 GB
[   50.9s] IOs:     21394149  IOPS:   420203  Throughput:  1641.4 MB/s  Total:   81.61 GB
[   51.1s] IOs:     21494741  IOPS:   420502  Throughput:  1642.6 MB/s  Total:   82.00 GB
[   51.3s] IOs:     21594943  IOPS:   420852  Throughput:  1644.0 MB/s  Total:   82.38 GB
[   51.5s] IOs:     21695945  IOPS:   421242  Throughput:  1645.5 MB/s  Total:   82.76 GB
[   51.7s] IOs:     21796825  IOPS:   421609  Throughput:  1646.9 MB/s  Total:   83.15 GB
[   51.9s] IOs:     21897714  IOPS:   421943  Throughput:  1648.2 MB/s  Total:   83.53 GB
[   52.1s] IOs:     21998714  IOPS:   422309  Throughput:  1649.6 MB/s  Total:   83.92 GB
[   52.3s] IOs:     22099643  IOPS:   422602  Throughput:  1650.8 MB/s  Total:   84.30 GB
[   52.5s] IOs:     22200560  IOPS:   422937  Throughput:  1652.1 MB/s  Total:   84.69 GB
[   52.7s] IOs:     22301450  IOPS:   423315  Throughput:  1653.6 MB/s  Total:   85.07 GB
[   52.9s] IOs:     22402407  IOPS:   423601  Throughput:  1654.7 MB/s  Total:   85.46 GB
[   53.1s] IOs:     22503223  IOPS:   423893  Throughput:  1655.8 MB/s  Total:   85.84 GB
[   54.2s] IOs:     22604107  IOPS:   417215  Throughput:  1629.7 MB/s  Total:   86.23 GB
[   54.4s] IOs:     22704561  IOPS:   417200  Throughput:  1629.7 MB/s  Total:   86.61 GB
[   54.6s] IOs:     22805405  IOPS:   417628  Throughput:  1631.4 MB/s  Total:   87.00 GB
[   54.8s] IOs:     22905428  IOPS:   417998  Throughput:  1632.8 MB/s  Total:   87.38 GB
[Reader] Parsed 3000000 lines, distributed 22966980 writes, unique 46.77 GB, skipped 0
[   55.0s] IOs:     23006334  IOPS:   418375  Throughput:  1634.3 MB/s  Total:   87.76 GB
[   55.2s] IOs:     23107120  IOPS:   418738  Throughput:  1635.7 MB/s  Total:   88.15 GB
[   55.4s] IOs:     23208126  IOPS:   419058  Throughput:  1636.9 MB/s  Total:   88.53 GB
[   55.6s] IOs:     23309093  IOPS:   419445  Throughput:  1638.5 MB/s  Total:   88.92 GB
[   55.8s] IOs:     23410021  IOPS:   419836  Throughput:  1640.0 MB/s  Total:   89.30 GB
[   55.9s] IOs:     23510783  IOPS:   420269  Throughput:  1641.7 MB/s  Total:   89.69 GB
[   56.1s] IOs:     23611448  IOPS:   420544  Throughput:  1642.8 MB/s  Total:   90.07 GB
[   56.3s] IOs:     23712170  IOPS:   420907  Throughput:  1644.2 MB/s  Total:   90.45 GB
[   56.5s] IOs:     23813115  IOPS:   421280  Throughput:  1645.6 MB/s  Total:   90.84 GB
[   56.7s] IOs:     23913886  IOPS:   421612  Throughput:  1646.9 MB/s  Total:   91.22 GB
[   56.9s] IOs:     24014750  IOPS:   421911  Throughput:  1648.1 MB/s  Total:   91.61 GB
[   57.1s] IOs:     24115735  IOPS:   422277  Throughput:  1649.5 MB/s  Total:   91.99 GB
[   57.3s] IOs:     24216500  IOPS:   422610  Throughput:  1650.8 MB/s  Total:   92.38 GB
[   57.5s] IOs:     24316571  IOPS:   422964  Throughput:  1652.2 MB/s  Total:   92.76 GB
[   57.7s] IOs:     24417449  IOPS:   423256  Throughput:  1653.3 MB/s  Total:   93.15 GB
[   57.9s] IOs:     24518178  IOPS:   423618  Throughput:  1654.8 MB/s  Total:   93.53 GB
[   58.1s] IOs:     24619171  IOPS:   423954  Throughput:  1656.1 MB/s  Total:   93.91 GB
[   58.3s] IOs:     24720102  IOPS:   424212  Throughput:  1657.1 MB/s  Total:   94.30 GB
[   58.5s] IOs:     24820173  IOPS:   424544  Throughput:  1658.4 MB/s  Total:   94.68 GB
[   58.7s] IOs:     24920371  IOPS:   424882  Throughput:  1659.7 MB/s  Total:   95.06 GB
[   58.8s] IOs:     25021176  IOPS:   425241  Throughput:  1661.1 MB/s  Total:   95.45 GB
[   59.0s] IOs:     25122095  IOPS:   425495  Throughput:  1662.1 MB/s  Total:   95.83 GB
[   59.2s] IOs:     25222859  IOPS:   425784  Throughput:  1663.2 MB/s  Total:   96.22 GB
[   59.5s] IOs:     25323860  IOPS:   425899  Throughput:  1663.7 MB/s  Total:   96.60 GB
[   59.6s] IOs:     25424782  IOPS:   426234  Throughput:  1665.0 MB/s  Total:   96.99 GB
[   59.9s] IOs:     25525594  IOPS:   426469  Throughput:  1665.9 MB/s  Total:   97.37 GB
[   60.0s] IOs:     25626414  IOPS:   426755  Throughput:  1667.0 MB/s  Total:   97.76 GB
[   60.2s] IOs:     25727133  IOPS:   427091  Throughput:  1668.3 MB/s  Total:   98.14 GB
[   60.4s] IOs:     25828078  IOPS:   427422  Throughput:  1669.6 MB/s  Total:   98.53 GB
[   60.6s] IOs:     25928793  IOPS:   427644  Throughput:  1670.5 MB/s  Total:   98.91 GB
[   60.8s] IOs:     26029659  IOPS:   427988  Throughput:  1671.8 MB/s  Total:   99.30 GB
[   61.0s] IOs:     26130638  IOPS:   428197  Throughput:  1672.6 MB/s  Total:   99.68 GB
[   61.2s] IOs:     26230696  IOPS:   428527  Throughput:  1673.9 MB/s  Total:  100.06 GB
[   61.4s] IOs:     26330894  IOPS:   428817  Throughput:  1675.1 MB/s  Total:  100.44 GB
[   61.6s] IOs:     26431946  IOPS:   429104  Throughput:  1676.2 MB/s  Total:  100.83 GB
[   61.8s] IOs:     26532751  IOPS:   429403  Throughput:  1677.4 MB/s  Total:  101.21 GB
[   62.0s] IOs:     26633459  IOPS:   429578  Throughput:  1678.0 MB/s  Total:  101.60 GB
[   62.2s] IOs:     26734201  IOPS:   429729  Throughput:  1678.6 MB/s  Total:  101.98 GB
[   62.4s] IOs:     26835080  IOPS:   429914  Throughput:  1679.4 MB/s  Total:  102.37 GB
[   62.6s] IOs:     26936090  IOPS:   430217  Throughput:  1680.5 MB/s  Total:  102.75 GB
[   62.8s] IOs:     27037118  IOPS:   430532  Throughput:  1681.8 MB/s  Total:  103.14 GB
[   63.0s] IOs:     27138004  IOPS:   430826  Throughput:  1682.9 MB/s  Total:  103.52 GB
[   63.2s] IOs:     27238832  IOPS:   431073  Throughput:  1683.9 MB/s  Total:  103.91 GB
[   63.4s] IOs:     27339875  IOPS:   431267  Throughput:  1684.6 MB/s  Total:  104.29 GB
[   63.6s] IOs:     27439955  IOPS:   431562  Throughput:  1685.8 MB/s  Total:  104.68 GB
[   63.8s] IOs:     27539958  IOPS:   431834  Throughput:  1686.9 MB/s  Total:  105.06 GB
[   64.0s] IOs:     27640728  IOPS:   432126  Throughput:  1688.0 MB/s  Total:  105.44 GB
[   64.2s] IOs:     27741636  IOPS:   432445  Throughput:  1689.2 MB/s  Total:  105.83 GB
[   64.3s] IOs:     27842457  IOPS:   432718  Throughput:  1690.3 MB/s  Total:  106.21 GB
[   64.5s] IOs:     27942532  IOPS:   433032  Throughput:  1691.5 MB/s  Total:  106.59 GB
[   64.7s] IOs:     28043576  IOPS:   433289  Throughput:  1692.5 MB/s  Total:  106.98 GB
[   64.9s] IOs:     28144298  IOPS:   433577  Throughput:  1693.7 MB/s  Total:  107.36 GB
[   65.1s] IOs:     28245314  IOPS:   433880  Throughput:  1694.8 MB/s  Total:  107.75 GB
[   65.3s] IOs:     28345357  IOPS:   434057  Throughput:  1695.5 MB/s  Total:  108.13 GB
[   65.5s] IOs:     28445384  IOPS:   434304  Throughput:  1696.5 MB/s  Total:  108.51 GB
[   65.7s] IOs:     28545699  IOPS:   434592  Throughput:  1697.6 MB/s  Total:  108.89 GB
[   65.9s] IOs:     28646461  IOPS:   434784  Throughput:  1698.4 MB/s  Total:  109.28 GB
[   66.1s] IOs:     28747378  IOPS:   435042  Throughput:  1699.4 MB/s  Total:  109.66 GB
[   66.3s] IOs:     28848410  IOPS:   435310  Throughput:  1700.4 MB/s  Total:  110.05 GB
[   66.5s] IOs:     28948568  IOPS:   435513  Throughput:  1701.2 MB/s  Total:  110.43 GB
[   66.7s] IOs:     29049402  IOPS:   435722  Throughput:  1702.0 MB/s  Total:  110.81 GB
[   66.9s] IOs:     29150407  IOPS:   435835  Throughput:  1702.5 MB/s  Total:  111.20 GB
[   67.1s] IOs:     29251206  IOPS:   436023  Throughput:  1703.2 MB/s  Total:  111.58 GB
[   67.3s] IOs:     29351376  IOPS:   436239  Throughput:  1704.1 MB/s  Total:  111.97 GB
[   67.5s] IOs:     29452405  IOPS:   436479  Throughput:  1705.0 MB/s  Total:  112.35 GB
[   67.7s] IOs:     29552582  IOPS:   436656  Throughput:  1705.7 MB/s  Total:  112.73 GB
[   67.9s] IOs:     29653603  IOPS:   436909  Throughput:  1706.7 MB/s  Total:  113.12 GB
[   68.1s] IOs:     29754577  IOPS:   437079  Throughput:  1707.3 MB/s  Total:  113.50 GB
[   68.3s] IOs:     29855429  IOPS:   437261  Throughput:  1708.0 MB/s  Total:  113.89 GB
[   68.5s] IOs:     29956357  IOPS:   437391  Throughput:  1708.6 MB/s  Total:  114.27 GB
[   68.7s] IOs:     30057240  IOPS:   437606  Throughput:  1709.4 MB/s  Total:  114.66 GB
[   68.9s] IOs:     30158082  IOPS:   437827  Throughput:  1710.3 MB/s  Total:  115.04 GB
[   69.1s] IOs:     30258850  IOPS:   437916  Throughput:  1710.6 MB/s  Total:  115.43 GB
[   69.3s] IOs:     30359160  IOPS:   438156  Throughput:  1711.5 MB/s  Total:  115.81 GB
[   69.5s] IOs:     30459198  IOPS:   438293  Throughput:  1712.1 MB/s  Total:  116.19 GB
[   69.7s] IOs:     30559234  IOPS:   438497  Throughput:  1712.9 MB/s  Total:  116.57 GB
[   69.9s] IOs:     30659242  IOPS:   438671  Throughput:  1713.6 MB/s  Total:  116.96 GB
[   70.1s] IOs:     30759340  IOPS:   438903  Throughput:  1714.5 MB/s  Total:  117.34 GB
[   70.3s] IOs:     30860068  IOPS:   439086  Throughput:  1715.2 MB/s  Total:  117.72 GB
[   70.5s] IOs:     30961092  IOPS:   439267  Throughput:  1715.9 MB/s  Total:  118.11 GB
[   70.7s] IOs:     31061891  IOPS:   439409  Throughput:  1716.4 MB/s  Total:  118.49 GB
[   70.9s] IOs:     31162888  IOPS:   439613  Throughput:  1717.2 MB/s  Total:  118.88 GB
[   71.1s] IOs:     31262949  IOPS:   439845  Throughput:  1718.1 MB/s  Total:  119.26 GB
[   71.3s] IOs:     31363846  IOPS:   439843  Throughput:  1718.1 MB/s  Total:  119.64 GB
[Reader] Parsed 4000000 lines, distributed 31458108 writes, unique 63.07 GB, skipped 0
[   71.5s] IOs:     31463921  IOPS:   439968  Throughput:  1718.6 MB/s  Total:  120.03 GB
[   71.7s] IOs:     31564009  IOPS:   440161  Throughput:  1719.4 MB/s  Total:  120.41 GB
[   71.9s] IOs:     31664685  IOPS:   440380  Throughput:  1720.2 MB/s  Total:  120.79 GB
[   72.1s] IOs:     31765437  IOPS:   440633  Throughput:  1721.2 MB/s  Total:  121.18 GB
[   72.3s] IOs:     31866439  IOPS:   440784  Throughput:  1721.8 MB/s  Total:  121.56 GB
[   72.5s] IOs:     31967253  IOPS:   440998  Throughput:  1722.6 MB/s  Total:  121.95 GB
[   72.7s] IOs:     32068152  IOPS:   441131  Throughput:  1723.2 MB/s  Total:  122.33 GB
[   72.9s] IOs:     32168206  IOPS:   441328  Throughput:  1723.9 MB/s  Total:  122.71 GB
[   73.1s] IOs:     32268287  IOPS:   441558  Throughput:  1724.8 MB/s  Total:  123.09 GB
[   73.3s] IOs:     32369226  IOPS:   441768  Throughput:  1725.7 MB/s  Total:  123.48 GB
[   73.5s] IOs:     32470107  IOPS:   441957  Throughput:  1726.4 MB/s  Total:  123.86 GB
[   73.7s] IOs:     32571033  IOPS:   442140  Throughput:  1727.1 MB/s  Total:  124.25 GB
[   73.9s] IOs:     32671133  IOPS:   442310  Throughput:  1727.8 MB/s  Total:  124.63 GB
[   74.1s] IOs:     32771949  IOPS:   442542  Throughput:  1728.7 MB/s  Total:  125.02 GB
[   74.2s] IOs:     32871999  IOPS:   442774  Throughput:  1729.6 MB/s  Total:  125.40 GB
[   74.4s] IOs:     32972700  IOPS:   443050  Throughput:  1730.7 MB/s  Total:  125.78 GB
[   74.6s] IOs:     33073567  IOPS:   443215  Throughput:  1731.3 MB/s  Total:  126.17 GB
[   74.8s] IOs:     33174406  IOPS:   443413  Throughput:  1732.1 MB/s  Total:  126.55 GB
[   75.0s] IOs:     33274461  IOPS:   443650  Throughput:  1733.0 MB/s  Total:  126.93 GB
[   75.2s] IOs:     33375193  IOPS:   443890  Throughput:  1733.9 MB/s  Total:  127.32 GB
[   75.4s] IOs:     33476027  IOPS:   444086  Throughput:  1734.7 MB/s  Total:  127.70 GB
[   75.6s] IOs:     33576988  IOPS:   444084  Throughput:  1734.7 MB/s  Total:  128.09 GB
[   75.8s] IOs:     33677762  IOPS:   444209  Throughput:  1735.2 MB/s  Total:  128.47 GB
[   76.0s] IOs:     33778620  IOPS:   444330  Throughput:  1735.7 MB/s  Total:  128.86 GB
[   76.2s] IOs:     33879606  IOPS:   444530  Throughput:  1736.4 MB/s  Total:  129.24 GB
[   76.4s] IOs:     33979740  IOPS:   444685  Throughput:  1737.0 MB/s  Total:  129.62 GB
[   76.6s] IOs:     34080752  IOPS:   444867  Throughput:  1737.8 MB/s  Total:  130.01 GB
[   76.8s] IOs:     34180870  IOPS:   445052  Throughput:  1738.5 MB/s  Total:  130.39 GB
[   77.0s] IOs:     34281093  IOPS:   445266  Throughput:  1739.3 MB/s  Total:  130.77 GB
[   77.2s] IOs:     34382070  IOPS:   445490  Throughput:  1740.2 MB/s  Total:  131.16 GB
[   77.4s] IOs:     34483070  IOPS:   445656  Throughput:  1740.8 MB/s  Total:  131.54 GB
[   77.6s] IOs:     34583827  IOPS:   445888  Throughput:  1741.8 MB/s  Total:  131.93 GB
[   77.8s] IOs:     34683915  IOPS:   446011  Throughput:  1742.2 MB/s  Total:  132.31 GB
[   78.0s] IOs:     34784916  IOPS:   446189  Throughput:  1742.9 MB/s  Total:  132.69 GB
[   78.2s] IOs:     34885732  IOPS:   446347  Throughput:  1743.5 MB/s  Total:  133.08 GB
[   78.4s] IOs:     34986460  IOPS:   446479  Throughput:  1744.1 MB/s  Total:  133.46 GB
[   78.6s] IOs:     35086460  IOPS:   446668  Throughput:  1744.8 MB/s  Total:  133.84 GB
[   78.7s] IOs:     35186511  IOPS:   446858  Throughput:  1745.5 MB/s  Total:  134.23 GB
[   79.0s] IOs:     35287545  IOPS:   446868  Throughput:  1745.6 MB/s  Total:  134.61 GB
[   79.2s] IOs:     35388318  IOPS:   447014  Throughput:  1746.2 MB/s  Total:  135.00 GB
[   79.4s] IOs:     35489250  IOPS:   447214  Throughput:  1746.9 MB/s  Total:  135.38 GB
[   79.6s] IOs:     35589933  IOPS:   447364  Throughput:  1747.5 MB/s  Total:  135.76 GB
[   79.8s] IOs:     35689964  IOPS:   447519  Throughput:  1748.1 MB/s  Total:  136.15 GB
[   79.9s] IOs:     35790955  IOPS:   447722  Throughput:  1748.9 MB/s  Total:  136.53 GB
[   80.1s] IOs:     35891038  IOPS:   447858  Throughput:  1749.4 MB/s  Total:  136.91 GB
[   80.3s] IOs:     35991869  IOPS:   447989  Throughput:  1750.0 MB/s  Total:  137.30 GB
[   80.5s] IOs:     36092871  IOPS:   448196  Throughput:  1750.8 MB/s  Total:  137.68 GB
[   80.7s] IOs:     36192918  IOPS:   448316  Throughput:  1751.2 MB/s  Total:  138.07 GB
[   80.9s] IOs:     36293608  IOPS:   448491  Throughput:  1751.9 MB/s  Total:  138.45 GB
[   81.1s] IOs:     36394592  IOPS:   448658  Throughput:  1752.6 MB/s  Total:  138.83 GB
[   81.3s] IOs:     36495376  IOPS:   448846  Throughput:  1753.3 MB/s  Total:  139.22 GB
[   81.5s] IOs:     36596331  IOPS:   449005  Throughput:  1753.9 MB/s  Total:  139.60 GB
[   81.7s] IOs:     36697152  IOPS:   449171  Throughput:  1754.6 MB/s  Total:  139.99 GB
[   81.9s] IOs:     36798175  IOPS:   449279  Throughput:  1755.0 MB/s  Total:  140.37 GB
[   82.1s] IOs:     36899127  IOPS:   449469  Throughput:  1755.7 MB/s  Total:  140.76 GB
[   82.3s] IOs:     37000115  IOPS:   449682  Throughput:  1756.6 MB/s  Total:  141.14 GB
[   82.5s] IOs:     37101078  IOPS:   449842  Throughput:  1757.2 MB/s  Total:  141.53 GB
[   82.7s] IOs:     37201566  IOPS:   449999  Throughput:  1757.8 MB/s  Total:  141.91 GB
[   82.9s] IOs:     37301599  IOPS:   450169  Throughput:  1758.5 MB/s  Total:  142.29 GB
[   83.1s] IOs:     37402527  IOPS:   450343  Throughput:  1759.2 MB/s  Total:  142.68 GB
[   83.3s] IOs:     37503128  IOPS:   450443  Throughput:  1759.5 MB/s  Total:  143.06 GB
[   83.5s] IOs:     37603992  IOPS:   450595  Throughput:  1760.1 MB/s  Total:  143.45 GB
[   83.7s] IOs:     37704163  IOPS:   450711  Throughput:  1760.6 MB/s  Total:  143.83 GB
[   83.9s] IOs:     37804996  IOPS:   450780  Throughput:  1760.9 MB/s  Total:  144.21 GB
[   84.1s] IOs:     37905171  IOPS:   450945  Throughput:  1761.5 MB/s  Total:  144.60 GB
[   84.3s] IOs:     38005988  IOPS:   451057  Throughput:  1761.9 MB/s  Total:  144.98 GB
[   84.5s] IOs:     38106726  IOPS:   451203  Throughput:  1762.5 MB/s  Total:  145.37 GB
[   84.7s] IOs:     38207612  IOPS:   451316  Throughput:  1763.0 MB/s  Total:  145.75 GB
[   84.8s] IOs:     38308499  IOPS:   451497  Throughput:  1763.7 MB/s  Total:  146.14 GB
[   85.0s] IOs:     38408529  IOPS:   451635  Throughput:  1764.2 MB/s  Total:  146.52 GB
[   85.2s] IOs:     38509555  IOPS:   451790  Throughput:  1764.8 MB/s  Total:  146.90 GB
[   85.4s] IOs:     38610372  IOPS:   451932  Throughput:  1765.4 MB/s  Total:  147.29 GB
[   85.6s] IOs:     38711175  IOPS:   452018  Throughput:  1765.7 MB/s  Total:  147.67 GB
[   85.8s] IOs:     38811877  IOPS:   452170  Throughput:  1766.3 MB/s  Total:  148.06 GB
[   86.0s] IOs:     38912114  IOPS:   452341  Throughput:  1767.0 MB/s  Total:  148.44 GB
[   86.2s] IOs:     39013047  IOPS:   452513  Throughput:  1767.6 MB/s  Total:  148.82 GB
[   86.4s] IOs:     39113816  IOPS:   452616  Throughput:  1768.0 MB/s  Total:  149.21 GB
[   86.6s] IOs:     39214715  IOPS:   452775  Throughput:  1768.7 MB/s  Total:  149.59 GB
[   86.8s] IOs:     39315402  IOPS:   452934  Throughput:  1769.3 MB/s  Total:  149.98 GB
[   87.0s] IOs:     39416366  IOPS:   452991  Throughput:  1769.5 MB/s  Total:  150.36 GB
[   87.2s] IOs:     39517286  IOPS:   453150  Throughput:  1770.1 MB/s  Total:  150.75 GB
[   87.4s] IOs:     39617346  IOPS:   453254  Throughput:  1770.5 MB/s  Total:  151.13 GB
[Reader] Parsed 5000000 lines, distributed 39636248 writes, unique 79.74 GB, skipped 0
[   87.6s] IOs:     39718329  IOPS:   453420  Throughput:  1771.2 MB/s  Total:  151.51 GB
[   87.8s] IOs:     39819090  IOPS:   453446  Throughput:  1771.3 MB/s  Total:  151.90 GB
[   88.0s] IOs:     39920033  IOPS:   453594  Throughput:  1771.9 MB/s  Total:  152.28 GB
[   88.2s] IOs:     40021002  IOPS:   453696  Throughput:  1772.3 MB/s  Total:  152.67 GB
[   88.4s] IOs:     40121110  IOPS:   453817  Throughput:  1772.7 MB/s  Total:  153.05 GB
[   88.6s] IOs:     40221953  IOPS:   453976  Throughput:  1773.3 MB/s  Total:  153.43 GB
[   88.8s] IOs:     40322756  IOPS:   454027  Throughput:  1773.5 MB/s  Total:  153.82 GB
[   89.0s] IOs:     40423648  IOPS:   454179  Throughput:  1774.1 MB/s  Total:  154.20 GB
[   89.2s] IOs:     40524617  IOPS:   454219  Throughput:  1774.3 MB/s  Total:  154.59 GB
[   89.4s] IOs:     40625388  IOPS:   454358  Throughput:  1774.8 MB/s  Total:  154.97 GB
[   89.6s] IOs:     40726100  IOPS:   454477  Throughput:  1775.3 MB/s  Total:  155.36 GB
[   89.8s] IOs:     40826785  IOPS:   454642  Throughput:  1775.9 MB/s  Total:  155.74 GB
[   90.0s] IOs:     40927404  IOPS:   454689  Throughput:  1776.1 MB/s  Total:  156.13 GB
[   90.2s] IOs:     41027429  IOPS:   454848  Throughput:  1776.8 MB/s  Total:  156.51 GB
[   90.4s] IOs:     41128156  IOPS:   454977  Throughput:  1777.3 MB/s  Total:  156.89 GB
[   90.6s] IOs:     41229093  IOPS:   455151  Throughput:  1777.9 MB/s  Total:  157.28 GB
[   90.8s] IOs:     41329957  IOPS:   455292  Throughput:  1778.5 MB/s  Total:  157.66 GB
[   91.0s] IOs:     41429990  IOPS:   455427  Throughput:  1779.0 MB/s  Total:  158.04 GB
[   91.2s] IOs:     41531013  IOPS:   455575  Throughput:  1779.6 MB/s  Total:  158.43 GB
[   91.4s] IOs:     41631422  IOPS:   455651  Throughput:  1779.9 MB/s  Total:  158.81 GB
[   91.6s] IOs:     41732116  IOPS:   455720  Throughput:  1780.2 MB/s  Total:  159.20 GB
[   91.8s] IOs:     41832766  IOPS:   455802  Throughput:  1780.5 MB/s  Total:  159.58 GB
[   92.0s] IOs:     41933774  IOPS:   455929  Throughput:  1781.0 MB/s  Total:  159.96 GB
[   92.2s] IOs:     42033967  IOPS:   456039  Throughput:  1781.4 MB/s  Total:  160.35 GB
[   92.4s] IOs:     42134968  IOPS:   456206  Throughput:  1782.1 MB/s  Total:  160.73 GB
[   92.5s] IOs:     42235849  IOPS:   456362  Throughput:  1782.7 MB/s  Total:  161.12 GB
[   92.7s] IOs:     42336787  IOPS:   456490  Throughput:  1783.2 MB/s  Total:  161.50 GB
[   93.0s] IOs:     42437586  IOPS:   456551  Throughput:  1783.4 MB/s  Total:  161.89 GB
[   93.2s] IOs:     42538613  IOPS:   456638  Throughput:  1783.7 MB/s  Total:  162.27 GB
[   93.4s] IOs:     42638726  IOPS:   456682  Throughput:  1783.9 MB/s  Total:  162.65 GB
[   93.6s] IOs:     42739432  IOPS:   456795  Throughput:  1784.4 MB/s  Total:  163.04 GB
[   93.8s] IOs:     42840197  IOPS:   456908  Throughput:  1784.8 MB/s  Total:  163.42 GB
[   94.0s] IOs:     42940856  IOPS:   457038  Throughput:  1785.3 MB/s  Total:  163.81 GB
[   94.2s] IOs:     43041866  IOPS:   457073  Throughput:  1785.4 MB/s  Total:  164.19 GB
[   94.4s] IOs:     43142459  IOPS:   457166  Throughput:  1785.8 MB/s  Total:  164.58 GB
[   94.6s] IOs:     43242490  IOPS:   457213  Throughput:  1786.0 MB/s  Total:  164.96 GB
[   94.8s] IOs:     43343472  IOPS:   457203  Throughput:  1785.9 MB/s  Total:  165.34 GB
[   95.0s] IOs:     43444147  IOPS:   457285  Throughput:  1786.3 MB/s  Total:  165.73 GB
[   95.2s] IOs:     43545005  IOPS:   457301  Throughput:  1786.3 MB/s  Total:  166.11 GB
[   95.4s] IOs:     43645921  IOPS:   457407  Throughput:  1786.7 MB/s  Total:  166.50 GB
[   95.6s] IOs:     43746823  IOPS:   457449  Throughput:  1786.9 MB/s  Total:  166.88 GB
[   95.9s] IOs:     43847670  IOPS:   457447  Throughput:  1786.9 MB/s  Total:  167.27 GB
[   96.1s] IOs:     43948385  IOPS:   457277  Throughput:  1786.2 MB/s  Total:  167.65 GB
[   96.3s] IOs:     44049196  IOPS:   457236  Throughput:  1786.1 MB/s  Total:  168.03 GB
[   96.5s] IOs:     44150145  IOPS:   457349  Throughput:  1786.5 MB/s  Total:  168.42 GB
[   96.7s] IOs:     44250908  IOPS:   457446  Throughput:  1786.9 MB/s  Total:  168.80 GB
[   96.9s] IOs:     44351831  IOPS:   457596  Throughput:  1787.5 MB/s  Total:  169.19 GB
[   97.1s] IOs:     44452579  IOPS:   457727  Throughput:  1788.0 MB/s  Total:  169.57 GB
[   97.3s] IOs:     44553352  IOPS:   457856  Throughput:  1788.5 MB/s  Total:  169.96 GB
[   97.5s] IOs:     44654130  IOPS:   458016  Throughput:  1789.1 MB/s  Total:  170.34 GB
[   97.7s] IOs:     44754257  IOPS:   458129  Throughput:  1789.6 MB/s  Total:  170.72 GB
[   97.9s] IOs:     44855176  IOPS:   458190  Throughput:  1789.8 MB/s  Total:  171.11 GB
[   98.1s] IOs:     44956090  IOPS:   458265  Throughput:  1790.1 MB/s  Total:  171.49 GB
[   98.3s] IOs:     45056718  IOPS:   458286  Throughput:  1790.2 MB/s  Total:  171.88 GB
[   98.5s] IOs:     45157430  IOPS:   458419  Throughput:  1790.7 MB/s  Total:  172.26 GB
[   98.7s] IOs:     45258178  IOPS:   458541  Throughput:  1791.2 MB/s  Total:  172.65 GB
[   98.9s] IOs:     45358262  IOPS:   458588  Throughput:  1791.4 MB/s  Total:  173.03 GB
[   99.1s] IOs:     45459245  IOPS:   458652  Throughput:  1791.6 MB/s  Total:  173.41 GB
[   99.3s] IOs:     45560227  IOPS:   458752  Throughput:  1792.0 MB/s  Total:  173.80 GB
[   99.5s] IOs:     45661035  IOPS:   458817  Throughput:  1792.3 MB/s  Total:  174.18 GB
[   99.7s] IOs:     45761057  IOPS:   458832  Throughput:  1792.3 MB/s  Total:  174.56 GB
[  100.0s] IOs:     45862027  IOPS:   458848  Throughput:  1792.4 MB/s  Total:  174.95 GB
[  100.2s] IOs:     45962745  IOPS:   458866  Throughput:  1792.4 MB/s  Total:  175.33 GB
[  100.4s] IOs:     46063533  IOPS:   458896  Throughput:  1792.6 MB/s  Total:  175.72 GB
[  100.6s] IOs:     46164382  IOPS:   458931  Throughput:  1792.7 MB/s  Total:  176.10 GB
[  100.8s] IOs:     46265156  IOPS:   458979  Throughput:  1792.9 MB/s  Total:  176.49 GB
[  101.0s] IOs:     46365937  IOPS:   459032  Throughput:  1793.1 MB/s  Total:  176.87 GB
[  101.2s] IOs:     46465953  IOPS:   459153  Throughput:  1793.6 MB/s  Total:  177.25 GB
[  101.4s] IOs:     46566874  IOPS:   459238  Throughput:  1793.9 MB/s  Total:  177.64 GB
[  101.6s] IOs:     46666913  IOPS:   459356  Throughput:  1794.4 MB/s  Total:  178.02 GB
[  101.8s] IOs:     46767002  IOPS:   459466  Throughput:  1794.8 MB/s  Total:  178.40 GB
[  102.0s] IOs:     46867836  IOPS:   459559  Throughput:  1795.2 MB/s  Total:  178.79 GB
[  102.2s] IOs:     46968693  IOPS:   459589  Throughput:  1795.3 MB/s  Total:  179.17 GB
[  102.4s] IOs:     47069498  IOPS:   459613  Throughput:  1795.4 MB/s  Total:  179.56 GB
[  102.6s] IOs:     47170402  IOPS:   459611  Throughput:  1795.4 MB/s  Total:  179.94 GB
[  102.8s] IOs:     47271154  IOPS:   459663  Throughput:  1795.6 MB/s  Total:  180.33 GB
[  104.9s] IOs:     47371754  IOPS:   451437  Throughput:  1763.4 MB/s  Total:  180.71 GB
[  105.1s] IOs:     47472491  IOPS:   451568  Throughput:  1763.9 MB/s  Total:  181.09 GB
[  105.3s] IOs:     47573334  IOPS:   451614  Throughput:  1764.1 MB/s  Total:  181.48 GB
[Reader] Parsed 6000000 lines, distributed 47666999 writes, unique 94.22 GB, skipped 0
[  105.5s] IOs:     47673976  IOPS:   451682  Throughput:  1764.4 MB/s  Total:  181.86 GB
[  105.8s] IOs:     47774861  IOPS:   451704  Throughput:  1764.5 MB/s  Total:  182.25 GB
[  106.0s] IOs:     47875695  IOPS:   451722  Throughput:  1764.5 MB/s  Total:  182.63 GB
[  106.2s] IOs:     47976701  IOPS:   451769  Throughput:  1764.7 MB/s  Total:  183.02 GB
[  106.4s] IOs:     48077460  IOPS:   451907  Throughput:  1765.3 MB/s  Total:  183.40 GB
[  106.6s] IOs:     48178313  IOPS:   452037  Throughput:  1765.8 MB/s  Total:  183.79 GB
[  106.8s] IOs:     48278384  IOPS:   452184  Throughput:  1766.3 MB/s  Total:  184.17 GB
[  107.0s] IOs:     48379258  IOPS:   452273  Throughput:  1766.7 MB/s  Total:  184.55 GB
[  107.2s] IOs:     48480015  IOPS:   452382  Throughput:  1767.1 MB/s  Total:  184.94 GB
[  107.4s] IOs:     48580957  IOPS:   452520  Throughput:  1767.7 MB/s  Total:  185.32 GB
[  107.6s] IOs:     48681825  IOPS:   452622  Throughput:  1768.1 MB/s  Total:  185.71 GB
[  107.8s] IOs:     48782699  IOPS:   452705  Throughput:  1768.4 MB/s  Total:  186.09 GB
[  108.0s] IOs:     48883517  IOPS:   452824  Throughput:  1768.8 MB/s  Total:  186.48 GB
[  108.1s] IOs:     48983537  IOPS:   452961  Throughput:  1769.4 MB/s  Total:  186.86 GB
[  108.3s] IOs:     49084482  IOPS:   453071  Throughput:  1769.8 MB/s  Total:  187.24 GB
[  108.5s] IOs:     49185376  IOPS:   453153  Throughput:  1770.1 MB/s  Total:  187.63 GB
[  108.8s] IOs:     49286027  IOPS:   453163  Throughput:  1770.2 MB/s  Total:  188.01 GB
[  109.0s] IOs:     49386036  IOPS:   453280  Throughput:  1770.6 MB/s  Total:  188.39 GB
[  109.1s] IOs:     49486075  IOPS:   453381  Throughput:  1771.0 MB/s  Total:  188.77 GB
[  109.4s] IOs:     49587106  IOPS:   453469  Throughput:  1771.4 MB/s  Total:  189.16 GB
[  109.6s] IOs:     49688073  IOPS:   453533  Throughput:  1771.6 MB/s  Total:  189.54 GB
[  109.8s] IOs:     49788845  IOPS:   453625  Throughput:  1772.0 MB/s  Total:  189.93 GB
[  110.0s] IOs:     49889750  IOPS:   453729  Throughput:  1772.4 MB/s  Total:  190.31 GB
[  110.2s] IOs:     49990452  IOPS:   453748  Throughput:  1772.5 MB/s  Total:  190.70 GB
[  110.4s] IOs:     50090452  IOPS:   453826  Throughput:  1772.8 MB/s  Total:  191.08 GB
[  110.6s] IOs:     50190994  IOPS:   453936  Throughput:  1773.2 MB/s  Total:  191.46 GB
[  110.8s] IOs:     50291849  IOPS:   454051  Throughput:  1773.6 MB/s  Total:  191.85 GB
[  111.0s] IOs:     50392732  IOPS:   454091  Throughput:  1773.8 MB/s  Total:  192.23 GB
[  111.2s] IOs:     50493557  IOPS:   454214  Throughput:  1774.3 MB/s  Total:  192.62 GB
[  111.4s] IOs:     50594506  IOPS:   454353  Throughput:  1774.8 MB/s  Total:  193.00 GB
[  111.6s] IOs:     50695307  IOPS:   454420  Throughput:  1775.1 MB/s  Total:  193.39 GB
[  111.8s] IOs:     50795905  IOPS:   454500  Throughput:  1775.4 MB/s  Total:  193.77 GB
[  111.9s] IOs:     50896605  IOPS:   454639  Throughput:  1775.9 MB/s  Total:  194.16 GB
[  112.1s] IOs:     50996662  IOPS:   454754  Throughput:  1776.4 MB/s  Total:  194.54 GB
[  112.3s] IOs:     51097667  IOPS:   454870  Throughput:  1776.8 MB/s  Total:  194.92 GB
[  112.5s] IOs:     51198406  IOPS:   454976  Throughput:  1777.2 MB/s  Total:  195.31 GB
[  112.7s] IOs:     51299283  IOPS:   455088  Throughput:  1777.7 MB/s  Total:  195.69 GB
[  112.9s] IOs:     51399344  IOPS:   455167  Throughput:  1778.0 MB/s  Total:  196.07 GB
[  113.1s] IOs:     51499394  IOPS:   455254  Throughput:  1778.3 MB/s  Total:  196.45 GB
[  113.3s] IOs:     51600238  IOPS:   455371  Throughput:  1778.8 MB/s  Total:  196.84 GB
[  113.5s] IOs:     51701190  IOPS:   455475  Throughput:  1779.2 MB/s  Total:  197.22 GB
[  113.7s] IOs:     51802036  IOPS:   455602  Throughput:  1779.7 MB/s  Total:  197.61 GB
[  113.9s] IOs:     51902751  IOPS:   455672  Throughput:  1780.0 MB/s  Total:  197.99 GB
[  114.1s] IOs:     52003703  IOPS:   455793  Throughput:  1780.4 MB/s  Total:  198.38 GB
[  114.3s] IOs:     52103780  IOPS:   455913  Throughput:  1780.9 MB/s  Total:  198.76 GB
[  114.5s] IOs:     52204458  IOPS:   456019  Throughput:  1781.3 MB/s  Total:  199.14 GB
[  114.7s] IOs:     52305164  IOPS:   456136  Throughput:  1781.8 MB/s  Total:  199.53 GB
[  114.9s] IOs:     52405916  IOPS:   456208  Throughput:  1782.1 MB/s  Total:  199.91 GB
[  115.1s] IOs:     52506045  IOPS:   456300  Throughput:  1782.4 MB/s  Total:  200.29 GB
[  115.3s] IOs:     52606964  IOPS:   456398  Throughput:  1782.8 MB/s  Total:  200.68 GB
[  115.5s] IOs:     52707905  IOPS:   456528  Throughput:  1783.3 MB/s  Total:  201.06 GB
[  115.6s] IOs:     52808475  IOPS:   456642  Throughput:  1783.8 MB/s  Total:  201.45 GB
[  115.8s] IOs:     52909412  IOPS:   456756  Throughput:  1784.2 MB/s  Total:  201.83 GB
[  116.0s] IOs:     53010445  IOPS:   456874  Throughput:  1784.7 MB/s  Total:  202.22 GB
[  116.2s] IOs:     53110548  IOPS:   457006  Throughput:  1785.2 MB/s  Total:  202.60 GB
[  116.4s] IOs:     53211480  IOPS:   457124  Throughput:  1785.6 MB/s  Total:  202.99 GB
[  116.6s] IOs:     53312386  IOPS:   457200  Throughput:  1785.9 MB/s  Total:  203.37 GB
[  116.8s] IOs:     53413041  IOPS:   457254  Throughput:  1786.1 MB/s  Total:  203.75 GB
[  117.0s] IOs:     53513153  IOPS:   457308  Throughput:  1786.4 MB/s  Total:  204.14 GB
[  117.2s] IOs:     53614053  IOPS:   457340  Throughput:  1786.5 MB/s  Total:  204.52 GB
[  117.4s] IOs:     53714911  IOPS:   457433  Throughput:  1786.8 MB/s  Total:  204.91 GB
[  117.6s] IOs:     53815816  IOPS:   457467  Throughput:  1787.0 MB/s  Total:  205.29 GB
[  117.8s] IOs:     53916672  IOPS:   457555  Throughput:  1787.3 MB/s  Total:  205.68 GB
[  118.0s] IOs:     54017698  IOPS:   457656  Throughput:  1787.7 MB/s  Total:  206.06 GB
[  118.2s] IOs:     54117818  IOPS:   457786  Throughput:  1788.2 MB/s  Total:  206.44 GB
[  118.4s] IOs:     54218732  IOPS:   457879  Throughput:  1788.6 MB/s  Total:  206.83 GB
[  118.6s] IOs:     54318824  IOPS:   457881  Throughput:  1788.6 MB/s  Total:  207.21 GB
[  118.8s] IOs:     54419808  IOPS:   457940  Throughput:  1788.8 MB/s  Total:  207.60 GB
[  119.0s] IOs:     54520558  IOPS:   458006  Throughput:  1789.1 MB/s  Total:  207.98 GB
[  119.2s] IOs:     54620628  IOPS:   458117  Throughput:  1789.5 MB/s  Total:  208.36 GB
[  119.4s] IOs:     54720793  IOPS:   458199  Throughput:  1789.8 MB/s  Total:  208.74 GB
[  119.6s] IOs:     54821782  IOPS:   458240  Throughput:  1790.0 MB/s  Total:  209.13 GB
[  119.8s] IOs:     54922771  IOPS:   458326  Throughput:  1790.3 MB/s  Total:  209.51 GB
[  120.0s] IOs:     55023619  IOPS:   458429  Throughput:  1790.7 MB/s  Total:  209.90 GB
[  120.2s] IOs:     55123913  IOPS:   458493  Throughput:  1791.0 MB/s  Total:  210.28 GB
[  120.4s] IOs:     55224781  IOPS:   458615  Throughput:  1791.5 MB/s  Total:  210.67 GB
[  120.6s] IOs:     55325761  IOPS:   458732  Throughput:  1791.9 MB/s  Total:  211.05 GB
[  120.8s] IOs:     55425765  IOPS:   458783  Throughput:  1792.1 MB/s  Total:  211.43 GB
[  121.0s] IOs:     55526573  IOPS:   458914  Throughput:  1792.6 MB/s  Total:  211.82 GB
[  121.2s] IOs:     55626627  IOPS:   459034  Throughput:  1793.1 MB/s  Total:  212.20 GB
[  121.4s] IOs:     55726743  IOPS:   459116  Throughput:  1793.4 MB/s  Total:  212.58 GB
[  121.6s] IOs:     55827510  IOPS:   459157  Throughput:  1793.6 MB/s  Total:  212.97 GB
[  121.8s] IOs:     55928300  IOPS:   459189  Throughput:  1793.7 MB/s  Total:  213.35 GB
[  122.0s] IOs:     56029216  IOPS:   459302  Throughput:  1794.1 MB/s  Total:  213.73 GB
[  122.2s] IOs:     56130123  IOPS:   459392  Throughput:  1794.5 MB/s  Total:  214.12 GB
[  122.4s] IOs:     56230190  IOPS:   459423  Throughput:  1794.6 MB/s  Total:  214.50 GB
[  122.6s] IOs:     56330919  IOPS:   459520  Throughput:  1795.0 MB/s  Total:  214.89 GB
[  122.8s] IOs:     56431005  IOPS:   459617  Throughput:  1795.4 MB/s  Total:  215.27 GB
[  123.0s] IOs:     56531997  IOPS:   459723  Throughput:  1795.8 MB/s  Total:  215.65 GB
[  123.2s] IOs:     56632067  IOPS:   459772  Throughput:  1796.0 MB/s  Total:  216.03 GB
[  123.4s] IOs:     56733049  IOPS:   459893  Throughput:  1796.5 MB/s  Total:  216.42 GB
[  123.6s] IOs:     56833096  IOPS:   459964  Throughput:  1796.7 MB/s  Total:  216.80 GB
[  123.8s] IOs:     56934099  IOPS:   460073  Throughput:  1797.2 MB/s  Total:  217.19 GB
[  123.9s] IOs:     57034935  IOPS:   460167  Throughput:  1797.5 MB/s  Total:  217.57 GB
[Reader] Parsed 7000000 lines, distributed 57082966 writes, unique 112.61 GB, skipped 0
[  124.1s] IOs:     57135821  IOPS:   460241  Throughput:  1797.8 MB/s  Total:  217.96 GB
[  124.3s] IOs:     57236615  IOPS:   460346  Throughput:  1798.2 MB/s  Total:  218.34 GB
[  124.5s] IOs:     57337482  IOPS:   460465  Throughput:  1798.7 MB/s  Total:  218.73 GB
[  124.7s] IOs:     57438325  IOPS:   460517  Throughput:  1798.9 MB/s  Total:  219.11 GB
[  124.9s] IOs:     57539320  IOPS:   460618  Throughput:  1799.3 MB/s  Total:  219.50 GB
[  125.1s] IOs:     57640189  IOPS:   460723  Throughput:  1799.7 MB/s  Total:  219.88 GB
[  125.3s] IOs:     57740967  IOPS:   460842  Throughput:  1800.2 MB/s  Total:  220.26 GB
[  125.5s] IOs:     57841045  IOPS:   460912  Throughput:  1800.4 MB/s  Total:  220.65 GB
[  125.7s] IOs:     57941092  IOPS:   461022  Throughput:  1800.9 MB/s  Total:  221.03 GB
[  125.9s] IOs:     58041984  IOPS:   461054  Throughput:  1801.0 MB/s  Total:  221.41 GB
[  126.1s] IOs:     58142998  IOPS:   461165  Throughput:  1801.4 MB/s  Total:  221.80 GB
[  126.3s] IOs:     58243073  IOPS:   461229  Throughput:  1801.7 MB/s  Total:  222.18 GB
[  126.5s] IOs:     58343150  IOPS:   461313  Throughput:  1802.0 MB/s  Total:  222.56 GB
[  126.7s] IOs:     58444096  IOPS:   461424  Throughput:  1802.4 MB/s  Total:  222.95 GB
[  126.9s] IOs:     58544896  IOPS:   461483  Throughput:  1802.7 MB/s  Total:  223.33 GB
[  127.1s] IOs:     58645664  IOPS:   461572  Throughput:  1803.0 MB/s  Total:  223.72 GB
[  127.3s] IOs:     58746601  IOPS:   461647  Throughput:  1803.3 MB/s  Total:  224.10 GB
[  127.5s] IOs:     58846633  IOPS:   461697  Throughput:  1803.5 MB/s  Total:  224.48 GB
[  127.6s] IOs:     58947581  IOPS:   461810  Throughput:  1803.9 MB/s  Total:  224.87 GB
[  127.8s] IOs:     59048227  IOPS:   461892  Throughput:  1804.3 MB/s  Total:  225.25 GB
[  128.0s] IOs:     59149164  IOPS:   461969  Throughput:  1804.6 MB/s  Total:  225.64 GB
[  128.2s] IOs:     59249184  IOPS:   462025  Throughput:  1804.8 MB/s  Total:  226.02 GB
[  128.4s] IOs:     59349971  IOPS:   462113  Throughput:  1805.1 MB/s  Total:  226.40 GB
[  128.6s] IOs:     59450789  IOPS:   462168  Throughput:  1805.3 MB/s  Total:  226.79 GB
[  128.8s] IOs:     59551697  IOPS:   462263  Throughput:  1805.7 MB/s  Total:  227.17 GB
[  129.0s] IOs:     59652567  IOPS:   462339  Throughput:  1806.0 MB/s  Total:  227.56 GB
[  129.2s] IOs:     59753363  IOPS:   462406  Throughput:  1806.3 MB/s  Total:  227.94 GB
[  129.4s] IOs:     59853517  IOPS:   462474  Throughput:  1806.5 MB/s  Total:  228.32 GB
[  129.6s] IOs:     59953517  IOPS:   462542  Throughput:  1806.8 MB/s  Total:  228.70 GB
[  129.8s] IOs:     60053659  IOPS:   462544  Throughput:  1806.8 MB/s  Total:  229.09 GB
[  130.0s] IOs:     60154457  IOPS:   462629  Throughput:  1807.1 MB/s  Total:  229.47 GB
[  130.2s] IOs:     60255061  IOPS:   462726  Throughput:  1807.5 MB/s  Total:  229.85 GB
[  130.4s] IOs:     60355985  IOPS:   462822  Throughput:  1807.9 MB/s  Total:  230.24 GB
[  130.6s] IOs:     60456173  IOPS:   462840  Throughput:  1808.0 MB/s  Total:  230.62 GB
[  130.8s] IOs:     60556422  IOPS:   462948  Throughput:  1808.4 MB/s  Total:  231.00 GB
[  131.0s] IOs:     60657196  IOPS:   463032  Throughput:  1808.7 MB/s  Total:  231.39 GB
[  131.2s] IOs:     60757741  IOPS:   463110  Throughput:  1809.0 MB/s  Total:  231.77 GB
[  131.4s] IOs:     60858610  IOPS:   463119  Throughput:  1809.1 MB/s  Total:  232.16 GB
[  131.6s] IOs:     60959485  IOPS:   463225  Throughput:  1809.5 MB/s  Total:  232.54 GB
[  131.8s] IOs:     61060451  IOPS:   463323  Throughput:  1809.9 MB/s  Total:  232.93 GB
[  132.0s] IOs:     61161442  IOPS:   463391  Throughput:  1810.1 MB/s  Total:  233.31 GB
[  132.2s] IOs:     61262175  IOPS:   463448  Throughput:  1810.3 MB/s  Total:  233.70 GB
[  132.4s] IOs:     61363192  IOPS:   463520  Throughput:  1810.6 MB/s  Total:  234.08 GB
[  132.6s] IOs:     61464002  IOPS:   463586  Throughput:  1810.9 MB/s  Total:  234.47 GB
[  132.8s] IOs:     61565020  IOPS:   463645  Throughput:  1811.1 MB/s  Total:  234.85 GB
[  133.0s] IOs:     61665900  IOPS:   463722  Throughput:  1811.4 MB/s  Total:  235.24 GB
[  133.2s] IOs:     61766919  IOPS:   463820  Throughput:  1811.8 MB/s  Total:  235.62 GB
[  133.4s] IOs:     61867633  IOPS:   463898  Throughput:  1812.1 MB/s  Total:  236.01 GB
[  133.5s] IOs:     61968497  IOPS:   464014  Throughput:  1812.6 MB/s  Total:  236.39 GB
[  133.7s] IOs:     62068748  IOPS:   464091  Throughput:  1812.9 MB/s  Total:  236.77 GB
[  134.0s] IOs:     62169451  IOPS:   464091  Throughput:  1812.9 MB/s  Total:  237.16 GB
[  134.2s] IOs:     62270138  IOPS:   464167  Throughput:  1813.2 MB/s  Total:  237.54 GB
[  134.4s] IOs:     62370798  IOPS:   464193  Throughput:  1813.3 MB/s  Total:  237.93 GB
[  134.6s] IOs:     62471790  IOPS:   464286  Throughput:  1813.6 MB/s  Total:  238.31 GB
[  134.8s] IOs:     62572679  IOPS:   464347  Throughput:  1813.9 MB/s  Total:  238.70 GB
[  135.0s] IOs:     62673629  IOPS:   464396  Throughput:  1814.0 MB/s  Total:  239.08 GB
[  135.2s] IOs:     62774396  IOPS:   464477  Throughput:  1814.4 MB/s  Total:  239.47 GB
[  135.3s] IOs:     62874499  IOPS:   464537  Throughput:  1814.6 MB/s  Total:  239.85 GB
[  135.6s] IOs:     62975326  IOPS:   464500  Throughput:  1814.5 MB/s  Total:  240.23 GB
[  135.8s] IOs:     63076273  IOPS:   464581  Throughput:  1814.8 MB/s  Total:  240.62 GB
[  136.0s] IOs:     63176450  IOPS:   464589  Throughput:  1814.8 MB/s  Total:  241.00 GB
[  136.2s] IOs:     63277188  IOPS:   464616  Throughput:  1814.9 MB/s  Total:  241.38 GB
[  136.4s] IOs:     63377271  IOPS:   464719  Throughput:  1815.3 MB/s  Total:  241.77 GB
[  136.6s] IOs:     63477285  IOPS:   464820  Throughput:  1815.7 MB/s  Total:  242.15 GB
[  136.8s] IOs:     63578041  IOPS:   464857  Throughput:  1815.8 MB/s  Total:  242.53 GB
[  137.0s] IOs:     63678172  IOPS:   464915  Throughput:  1816.1 MB/s  Total:  242.91 GB
[  137.2s] IOs:     63779111  IOPS:   465002  Throughput:  1816.4 MB/s  Total:  243.30 GB
[  137.3s] IOs:     63879765  IOPS:   465109  Throughput:  1816.8 MB/s  Total:  243.68 GB
[  137.5s] IOs:     63980736  IOPS:   465194  Throughput:  1817.2 MB/s  Total:  244.07 GB
[  137.7s] IOs:     64080784  IOPS:   465268  Throughput:  1817.5 MB/s  Total:  244.45 GB
[  137.9s] IOs:     64181626  IOPS:   465336  Throughput:  1817.7 MB/s  Total:  244.83 GB
[  138.1s] IOs:     64282656  IOPS:   465428  Throughput:  1818.1 MB/s  Total:  245.22 GB
[  138.3s] IOs:     64383196  IOPS:   465524  Throughput:  1818.5 MB/s  Total:  245.60 GB
[Reader] Parsed 8000000 lines, distributed 64468039 writes, unique 124.43 GB, skipped 0
[  138.5s] IOs:     64484214  IOPS:   465578  Throughput:  1818.7 MB/s  Total:  245.99 GB
[  138.7s] IOs:     64585184  IOPS:   465639  Throughput:  1818.9 MB/s  Total:  246.37 GB
[  138.9s] IOs:     64686121  IOPS:   465728  Throughput:  1819.3 MB/s  Total:  246.76 GB
[  139.1s] IOs:     64786880  IOPS:   465799  Throughput:  1819.5 MB/s  Total:  247.14 GB
[  139.3s] IOs:     64887812  IOPS:   465889  Throughput:  1819.9 MB/s  Total:  247.53 GB
[  139.5s] IOs:     64988621  IOPS:   465984  Throughput:  1820.2 MB/s  Total:  247.91 GB
[  139.7s] IOs:     65089363  IOPS:   466077  Throughput:  1820.6 MB/s  Total:  248.30 GB
[  139.8s] IOs:     65190044  IOPS:   466148  Throughput:  1820.9 MB/s  Total:  248.68 GB
[  140.0s] IOs:     65290199  IOPS:   466238  Throughput:  1821.2 MB/s  Total:  249.06 GB
[  140.2s] IOs:     65391095  IOPS:   466330  Throughput:  1821.6 MB/s  Total:  249.45 GB
[  140.4s] IOs:     65491920  IOPS:   466423  Throughput:  1822.0 MB/s  Total:  249.83 GB
[  140.6s] IOs:     65592652  IOPS:   466533  Throughput:  1822.4 MB/s  Total:  250.22 GB
[  140.8s] IOs:     65693524  IOPS:   466633  Throughput:  1822.8 MB/s  Total:  250.60 GB
[  141.0s] IOs:     65794435  IOPS:   466655  Throughput:  1822.9 MB/s  Total:  250.99 GB
[  141.2s] IOs:     65895313  IOPS:   466737  Throughput:  1823.2 MB/s  Total:  251.37 GB
[  141.4s] IOs:     65996080  IOPS:   466821  Throughput:  1823.5 MB/s  Total:  251.76 GB
[  141.6s] IOs:     66097077  IOPS:   466826  Throughput:  1823.5 MB/s  Total:  252.14 GB
[  141.8s] IOs:     66197109  IOPS:   466905  Throughput:  1823.8 MB/s  Total:  252.52 GB
[  142.0s] IOs:     66298050  IOPS:   467007  Throughput:  1824.2 MB/s  Total:  252.91 GB
[  142.2s] IOs:     66398203  IOPS:   467099  Throughput:  1824.6 MB/s  Total:  253.29 GB
[  142.3s] IOs:     66499097  IOPS:   467201  Throughput:  1825.0 MB/s  Total:  253.67 GB
[  142.5s] IOs:     66599622  IOPS:   467285  Throughput:  1825.3 MB/s  Total:  254.06 GB
[  142.7s] IOs:     66700645  IOPS:   467362  Throughput:  1825.6 MB/s  Total:  254.44 GB
[  142.9s] IOs:     66800760  IOPS:   467389  Throughput:  1825.7 MB/s  Total:  254.82 GB
[  143.1s] IOs:     66901514  IOPS:   467462  Throughput:  1826.0 MB/s  Total:  255.21 GB
[  143.3s] IOs:     67002275  IOPS:   467559  Throughput:  1826.4 MB/s  Total:  255.59 GB
[  143.5s] IOs:     67103290  IOPS:   467614  Throughput:  1826.6 MB/s  Total:  255.98 GB
[  143.7s] IOs:     67204287  IOPS:   467659  Throughput:  1826.8 MB/s  Total:  256.36 GB
[  143.9s] IOs:     67305095  IOPS:   467740  Throughput:  1827.1 MB/s  Total:  256.75 GB
[  144.1s] IOs:     67405874  IOPS:   467837  Throughput:  1827.5 MB/s  Total:  257.13 GB
[  144.3s] IOs:     67506683  IOPS:   467913  Throughput:  1827.8 MB/s  Total:  257.52 GB
[  144.5s] IOs:     67607315  IOPS:   467974  Throughput:  1828.0 MB/s  Total:  257.90 GB
[  144.7s] IOs:     67708134  IOPS:   468018  Throughput:  1828.2 MB/s  Total:  258.29 GB
[  144.9s] IOs:     67809062  IOPS:   468105  Throughput:  1828.5 MB/s  Total:  258.67 GB
[  145.1s] IOs:     67910038  IOPS:   468176  Throughput:  1828.8 MB/s  Total:  259.06 GB
[  145.2s] IOs:     68010946  IOPS:   468264  Throughput:  1829.2 MB/s  Total:  259.44 GB
[  145.4s] IOs:     68110975  IOPS:   468319  Throughput:  1829.4 MB/s  Total:  259.82 GB
[  145.6s] IOs:     68211003  IOPS:   468400  Throughput:  1829.7 MB/s  Total:  260.20 GB
[  145.8s] IOs:     68311010  IOPS:   468415  Throughput:  1829.7 MB/s  Total:  260.59 GB
[  146.0s] IOs:     68411026  IOPS:   468470  Throughput:  1830.0 MB/s  Total:  260.97 GB
[  146.2s] IOs:     68511758  IOPS:   468553  Throughput:  1830.3 MB/s  Total:  261.35 GB
[  146.4s] IOs:     68612661  IOPS:   468641  Throughput:  1830.6 MB/s  Total:  261.74 GB
[  146.6s] IOs:     68713467  IOPS:   468653  Throughput:  1830.7 MB/s  Total:  262.12 GB
[  146.8s] IOs:     68814366  IOPS:   468754  Throughput:  1831.1 MB/s  Total:  262.51 GB
[  147.0s] IOs:     68915169  IOPS:   468819  Throughput:  1831.3 MB/s  Total:  262.89 GB
[  147.2s] IOs:     69015801  IOPS:   468860  Throughput:  1831.5 MB/s  Total:  263.27 GB
[  147.4s] IOs:     69116559  IOPS:   468940  Throughput:  1831.8 MB/s  Total:  263.66 GB
[  147.6s] IOs:     69217362  IOPS:   468980  Throughput:  1832.0 MB/s  Total:  264.04 GB
[  147.8s] IOs:     69317431  IOPS:   469066  Throughput:  1832.3 MB/s  Total:  264.43 GB
[  148.0s] IOs:     69418431  IOPS:   469170  Throughput:  1832.7 MB/s  Total:  264.81 GB
[  148.2s] IOs:     69519407  IOPS:   469223  Throughput:  1832.9 MB/s  Total:  265.20 GB
[  148.4s] IOs:     69620053  IOPS:   469273  Throughput:  1833.1 MB/s  Total:  265.58 GB
[  148.5s] IOs:     69721020  IOPS:   469365  Throughput:  1833.5 MB/s  Total:  265.96 GB
[  148.7s] IOs:     69821786  IOPS:   469416  Throughput:  1833.7 MB/s  Total:  266.35 GB
[  148.9s] IOs:     69922779  IOPS:   469498  Throughput:  1834.0 MB/s  Total:  266.73 GB
[  149.1s] IOs:     70023798  IOPS:   469539  Throughput:  1834.1 MB/s  Total:  267.12 GB
[  149.3s] IOs:     70124366  IOPS:   469636  Throughput:  1834.5 MB/s  Total:  267.50 GB
[  149.5s] IOs:     70225372  IOPS:   469717  Throughput:  1834.8 MB/s  Total:  267.89 GB
[  149.7s] IOs:     70325460  IOPS:   469775  Throughput:  1835.1 MB/s  Total:  268.27 GB
[  149.9s] IOs:     70426424  IOPS:   469830  Throughput:  1835.3 MB/s  Total:  268.66 GB
[  150.1s] IOs:     70527068  IOPS:   469880  Throughput:  1835.5 MB/s  Total:  269.04 GB
[  150.3s] IOs:     70628035  IOPS:   469954  Throughput:  1835.8 MB/s  Total:  269.42 GB
[  150.5s] IOs:     70729028  IOPS:   470039  Throughput:  1836.1 MB/s  Total:  269.81 GB
[Reader] Parsed 9000000 lines, distributed 70763893 writes, unique 133.26 GB, skipped 0
[  150.7s] IOs:     70829124  IOPS:   470089  Throughput:  1836.3 MB/s  Total:  270.19 GB
[  150.9s] IOs:     70929312  IOPS:   470175  Throughput:  1836.6 MB/s  Total:  270.57 GB
[  151.0s] IOs:     71029398  IOPS:   470249  Throughput:  1836.9 MB/s  Total:  270.96 GB
[  151.3s] IOs:     71129506  IOPS:   470265  Throughput:  1837.0 MB/s  Total:  271.34 GB
[  151.5s] IOs:     71230460  IOPS:   470317  Throughput:  1837.2 MB/s  Total:  271.72 GB
[  151.6s] IOs:     71331145  IOPS:   470410  Throughput:  1837.5 MB/s  Total:  272.11 GB
[  151.8s] IOs:     71432092  IOPS:   470495  Throughput:  1837.9 MB/s  Total:  272.49 GB
[  152.0s] IOs:     71533113  IOPS:   470529  Throughput:  1838.0 MB/s  Total:  272.88 GB
[  152.2s] IOs:     71634142  IOPS:   470599  Throughput:  1838.3 MB/s  Total:  273.26 GB
[  152.4s] IOs:     71734967  IOPS:   470687  Throughput:  1838.6 MB/s  Total:  273.65 GB
[  152.6s] IOs:     71835743  IOPS:   470712  Throughput:  1838.7 MB/s  Total:  274.03 GB
[  152.8s] IOs:     71936724  IOPS:   470766  Throughput:  1838.9 MB/s  Total:  274.42 GB
[  153.0s] IOs:     72037710  IOPS:   470824  Throughput:  1839.2 MB/s  Total:  274.80 GB
[  153.2s] IOs:     72137848  IOPS:   470916  Throughput:  1839.5 MB/s  Total:  275.18 GB
[  153.4s] IOs:     72238706  IOPS:   470988  Throughput:  1839.8 MB/s  Total:  275.57 GB
[  153.6s] IOs:     72339571  IOPS:   471040  Throughput:  1840.0 MB/s  Total:  275.95 GB
[  153.8s] IOs:     72440535  IOPS:   471094  Throughput:  1840.2 MB/s  Total:  276.34 GB
[  154.0s] IOs:     72541237  IOPS:   471141  Throughput:  1840.4 MB/s  Total:  276.72 GB
[  154.2s] IOs:     72642120  IOPS:   471206  Throughput:  1840.7 MB/s  Total:  277.11 GB
[  154.4s] IOs:     72742778  IOPS:   471280  Throughput:  1840.9 MB/s  Total:  277.49 GB
[  154.5s] IOs:     72843320  IOPS:   471345  Throughput:  1841.2 MB/s  Total:  277.88 GB
[  154.7s] IOs:     72944177  IOPS:   471416  Throughput:  1841.5 MB/s  Total:  278.26 GB
[  154.9s] IOs:     73045068  IOPS:   471420  Throughput:  1841.5 MB/s  Total:  278.64 GB
[  155.1s] IOs:     73146010  IOPS:   471472  Throughput:  1841.7 MB/s  Total:  279.03 GB
[  155.3s] IOs:     73246929  IOPS:   471516  Throughput:  1841.9 MB/s  Total:  279.41 GB
[  155.5s] IOs:     73347776  IOPS:   471588  Throughput:  1842.1 MB/s  Total:  279.80 GB
[  155.7s] IOs:     73448695  IOPS:   471650  Throughput:  1842.4 MB/s  Total:  280.18 GB
[  155.9s] IOs:     73548905  IOPS:   471718  Throughput:  1842.6 MB/s  Total:  280.57 GB
[  156.1s] IOs:     73649869  IOPS:   471806  Throughput:  1843.0 MB/s  Total:  280.95 GB
[  156.3s] IOs:     73750667  IOPS:   471816  Throughput:  1843.0 MB/s  Total:  281.34 GB
[  156.5s] IOs:     73851397  IOPS:   471897  Throughput:  1843.3 MB/s  Total:  281.72 GB
[  156.7s] IOs:     73951447  IOPS:   471934  Throughput:  1843.5 MB/s  Total:  282.10 GB
[  156.9s] IOs:     74052335  IOPS:   472014  Throughput:  1843.8 MB/s  Total:  282.49 GB
[  157.1s] IOs:     74153325  IOPS:   472069  Throughput:  1844.0 MB/s  Total:  282.87 GB
[  157.3s] IOs:     74254183  IOPS:   472093  Throughput:  1844.1 MB/s  Total:  283.26 GB
[  157.5s] IOs:     74354889  IOPS:   472160  Throughput:  1844.4 MB/s  Total:  283.64 GB
[  157.7s] IOs:     74455569  IOPS:   472204  Throughput:  1844.5 MB/s  Total:  284.03 GB
[  157.9s] IOs:     74556556  IOPS:   472256  Throughput:  1844.8 MB/s  Total:  284.41 GB
[  158.1s] IOs:     74656702  IOPS:   472335  Throughput:  1845.1 MB/s  Total:  284.79 GB
[  158.2s] IOs:     74757494  IOPS:   472421  Throughput:  1845.4 MB/s  Total:  285.18 GB
[  158.4s] IOs:     74858400  IOPS:   472443  Throughput:  1845.5 MB/s  Total:  285.56 GB
[  158.6s] IOs:     74958404  IOPS:   472516  Throughput:  1845.8 MB/s  Total:  285.94 GB
[  158.8s] IOs:     75059379  IOPS:   472587  Throughput:  1846.0 MB/s  Total:  286.33 GB
[  159.0s] IOs:     75159484  IOPS:   472655  Throughput:  1846.3 MB/s  Total:  286.71 GB
[  159.2s] IOs:     75260472  IOPS:   472719  Throughput:  1846.6 MB/s  Total:  287.10 GB
[  159.4s] IOs:     75361307  IOPS:   472722  Throughput:  1846.6 MB/s  Total:  287.48 GB
[  159.6s] IOs:     75462041  IOPS:   472767  Throughput:  1846.7 MB/s  Total:  287.86 GB
[  159.8s] IOs:     75562817  IOPS:   472814  Throughput:  1846.9 MB/s  Total:  288.25 GB
[  160.0s] IOs:     75663652  IOPS:   472899  Throughput:  1847.3 MB/s  Total:  288.63 GB
[  160.2s] IOs:     75764595  IOPS:   472976  Throughput:  1847.6 MB/s  Total:  289.02 GB
[  160.4s] IOs:     75865591  IOPS:   473059  Throughput:  1847.9 MB/s  Total:  289.40 GB
[  160.6s] IOs:     75966198  IOPS:   473118  Throughput:  1848.1 MB/s  Total:  289.79 GB
[  160.8s] IOs:     76066926  IOPS:   473187  Throughput:  1848.4 MB/s  Total:  290.17 GB
[  160.9s] IOs:     76167749  IOPS:   473261  Throughput:  1848.7 MB/s  Total:  290.56 GB
[  161.1s] IOs:     76267794  IOPS:   473278  Throughput:  1848.7 MB/s  Total:  290.94 GB
[  161.4s] IOs:     76368687  IOPS:   473303  Throughput:  1848.8 MB/s  Total:  291.32 GB
[Reader] Parsed 10000000 lines, distributed 76469859 writes, unique 138.68 GB, skipped 0
[  161.5s] IOs:     76469345  IOPS:   473379  Throughput:  1849.1 MB/s  Total:  291.71 GB
[  161.7s] IOs:     76570123  IOPS:   473421  Throughput:  1849.3 MB/s  Total:  292.09 GB
[  161.9s] IOs:     76670137  IOPS:   473451  Throughput:  1849.4 MB/s  Total:  292.47 GB
[  162.1s] IOs:     76771108  IOPS:   473512  Throughput:  1849.7 MB/s  Total:  292.86 GB
[  162.3s] IOs:     76872021  IOPS:   473565  Throughput:  1849.9 MB/s  Total:  293.24 GB
[  162.5s] IOs:     76972946  IOPS:   473634  Throughput:  1850.1 MB/s  Total:  293.63 GB
[  162.7s] IOs:     77073731  IOPS:   473665  Throughput:  1850.3 MB/s  Total:  294.01 GB
[  162.9s] IOs:     77174746  IOPS:   473710  Throughput:  1850.4 MB/s  Total:  294.40 GB
[  163.1s] IOs:     77275647  IOPS:   473697  Throughput:  1850.4 MB/s  Total:  294.78 GB
[  163.3s] IOs:     77375765  IOPS:   473738  Throughput:  1850.5 MB/s  Total:  295.17 GB
[  163.5s] IOs:     77476707  IOPS:   473808  Throughput:  1850.8 MB/s  Total:  295.55 GB
[  163.7s] IOs:     77577381  IOPS:   473827  Throughput:  1850.9 MB/s  Total:  295.93 GB
[  163.9s] IOs:     77678102  IOPS:   473797  Throughput:  1850.8 MB/s  Total:  296.32 GB
[  164.1s] IOs:     77778183  IOPS:   473865  Throughput:  1851.0 MB/s  Total:  296.70 GB
[  164.3s] IOs:     77878972  IOPS:   473894  Throughput:  1851.1 MB/s  Total:  297.08 GB
[  164.5s] IOs:     77979625  IOPS:   473926  Throughput:  1851.3 MB/s  Total:  297.47 GB
[  164.7s] IOs:     78080259  IOPS:   473981  Throughput:  1851.5 MB/s  Total:  297.85 GB
[  164.9s] IOs:     78180309  IOPS:   474044  Throughput:  1851.7 MB/s  Total:  298.23 GB
[  165.1s] IOs:     78280404  IOPS:   474111  Throughput:  1852.0 MB/s  Total:  298.62 GB
[  165.3s] IOs:     78380486  IOPS:   474188  Throughput:  1852.3 MB/s  Total:  299.00 GB
[  165.5s] IOs:     78481195  IOPS:   474259  Throughput:  1852.6 MB/s  Total:  299.38 GB
[  165.7s] IOs:     78582220  IOPS:   474330  Throughput:  1852.9 MB/s  Total:  299.77 GB
[  165.9s] IOs:     78682367  IOPS:   474336  Throughput:  1852.9 MB/s  Total:  300.15 GB
[  166.1s] IOs:     78783128  IOPS:   474397  Throughput:  1853.1 MB/s  Total:  300.53 GB
[  166.3s] IOs:     78883165  IOPS:   474456  Throughput:  1853.3 MB/s  Total:  300.92 GB
[  166.5s] IOs:     78984036  IOPS:   474481  Throughput:  1853.4 MB/s  Total:  301.30 GB
[  166.7s] IOs:     79084887  IOPS:   474530  Throughput:  1853.6 MB/s  Total:  301.68 GB
[  166.9s] IOs:     79185791  IOPS:   474538  Throughput:  1853.7 MB/s  Total:  302.07 GB
[  167.1s] IOs:     79285876  IOPS:   474543  Throughput:  1853.7 MB/s  Total:  302.45 GB
[  167.3s] IOs:     79385960  IOPS:   474617  Throughput:  1854.0 MB/s  Total:  302.83 GB
[  167.5s] IOs:     79485961  IOPS:   474656  Throughput:  1854.1 MB/s  Total:  303.21 GB
[  167.6s] IOs:     79586670  IOPS:   474740  Throughput:  1854.5 MB/s  Total:  303.60 GB
[  167.9s] IOs:     79687358  IOPS:   474746  Throughput:  1854.5 MB/s  Total:  303.98 GB
[  168.0s] IOs:     79788301  IOPS:   474806  Throughput:  1854.7 MB/s  Total:  304.37 GB
[  168.2s] IOs:     79889044  IOPS:   474830  Throughput:  1854.8 MB/s  Total:  304.75 GB
[  168.4s] IOs:     79990083  IOPS:   474890  Throughput:  1855.0 MB/s  Total:  305.14 GB
[  168.6s] IOs:     80090901  IOPS:   474964  Throughput:  1855.3 MB/s  Total:  305.52 GB
[  168.8s] IOs:     80191709  IOPS:   474968  Throughput:  1855.3 MB/s  Total:  305.91 GB
[  169.0s] IOs:     80291735  IOPS:   475008  Throughput:  1855.5 MB/s  Total:  306.29 GB
[  169.2s] IOs:     80391744  IOPS:   475090  Throughput:  1855.8 MB/s  Total:  306.67 GB
[  169.4s] IOs:     80492702  IOPS:   475137  Throughput:  1856.0 MB/s  Total:  307.06 GB
[  169.6s] IOs:     80593492  IOPS:   475179  Throughput:  1856.2 MB/s  Total:  307.44 GB
[  169.8s] IOs:     80694500  IOPS:   475197  Throughput:  1856.2 MB/s  Total:  307.83 GB
[  170.0s] IOs:     80795354  IOPS:   475277  Throughput:  1856.5 MB/s  Total:  308.21 GB
[  170.2s] IOs:     80896136  IOPS:   475319  Throughput:  1856.7 MB/s  Total:  308.59 GB
[  170.4s] IOs:     80997109  IOPS:   475319  Throughput:  1856.7 MB/s  Total:  308.98 GB
[  170.6s] IOs:     81097132  IOPS:   475390  Throughput:  1857.0 MB/s  Total:  309.36 GB
[  170.8s] IOs:     81198088  IOPS:   475455  Throughput:  1857.2 MB/s  Total:  309.75 GB
[  171.0s] IOs:     81298840  IOPS:   475510  Throughput:  1857.5 MB/s  Total:  310.13 GB
[  171.2s] IOs:     81399064  IOPS:   475583  Throughput:  1857.7 MB/s  Total:  310.51 GB
[  171.3s] IOs:     81499832  IOPS:   475654  Throughput:  1858.0 MB/s  Total:  310.90 GB
[  171.5s] IOs:     81600818  IOPS:   475727  Throughput:  1858.3 MB/s  Total:  311.28 GB
[  171.7s] IOs:     81701556  IOPS:   475742  Throughput:  1858.4 MB/s  Total:  311.67 GB
[  171.9s] IOs:     81802296  IOPS:   475785  Throughput:  1858.5 MB/s  Total:  312.05 GB
[  172.1s] IOs:     81903251  IOPS:   475842  Throughput:  1858.8 MB/s  Total:  312.44 GB
[  172.3s] IOs:     82003474  IOPS:   475883  Throughput:  1858.9 MB/s  Total:  312.82 GB
[  172.5s] IOs:     82103662  IOPS:   475884  Throughput:  1858.9 MB/s  Total:  313.20 GB
[  172.7s] IOs:     82204422  IOPS:   475943  Throughput:  1859.2 MB/s  Total:  313.58 GB
[  172.9s] IOs:     82305112  IOPS:   475989  Throughput:  1859.3 MB/s  Total:  313.97 GB
[  173.1s] IOs:     82405982  IOPS:   476011  Throughput:  1859.4 MB/s  Total:  314.35 GB
[  173.3s] IOs:     82506245  IOPS:   476022  Throughput:  1859.5 MB/s  Total:  314.74 GB
[  173.5s] IOs:     82607108  IOPS:   476105  Throughput:  1859.8 MB/s  Total:  315.12 GB
[Reader] Parsed 11000000 lines, distributed 82660198 writes, unique 145.54 GB, skipped 0
[  173.7s] IOs:     82707684  IOPS:   476148  Throughput:  1860.0 MB/s  Total:  315.50 GB
[  173.9s] IOs:     82808530  IOPS:   476167  Throughput:  1860.0 MB/s  Total:  315.89 GB
[  174.1s] IOs:     82909482  IOPS:   476218  Throughput:  1860.2 MB/s  Total:  316.27 GB
[  174.3s] IOs:     83010312  IOPS:   476257  Throughput:  1860.4 MB/s  Total:  316.66 GB
[  174.5s] IOs:     83110481  IOPS:   476286  Throughput:  1860.5 MB/s  Total:  317.04 GB
[  174.7s] IOs:     83211330  IOPS:   476353  Throughput:  1860.8 MB/s  Total:  317.43 GB
[  174.9s] IOs:     83312301  IOPS:   476419  Throughput:  1861.0 MB/s  Total:  317.81 GB
[  175.1s] IOs:     83413150  IOPS:   476437  Throughput:  1861.1 MB/s  Total:  318.20 GB
[  175.3s] IOs:     83514022  IOPS:   476505  Throughput:  1861.3 MB/s  Total:  318.58 GB
[  175.4s] IOs:     83614890  IOPS:   476574  Throughput:  1861.6 MB/s  Total:  318.97 GB
[  175.6s] IOs:     83714912  IOPS:   476643  Throughput:  1861.9 MB/s  Total:  319.35 GB
[  175.8s] IOs:     83815653  IOPS:   476708  Throughput:  1862.1 MB/s  Total:  319.73 GB
[  176.0s] IOs:     83915778  IOPS:   476770  Throughput:  1862.4 MB/s  Total:  320.11 GB
[  176.2s] IOs:     84015849  IOPS:   476834  Throughput:  1862.6 MB/s  Total:  320.50 GB
[  176.4s] IOs:     84115946  IOPS:   476915  Throughput:  1862.9 MB/s  Total:  320.88 GB
[  176.6s] IOs:     84215948  IOPS:   476970  Throughput:  1863.2 MB/s  Total:  321.26 GB
[  176.8s] IOs:     84316684  IOPS:   477012  Throughput:  1863.3 MB/s  Total:  321.64 GB
[  177.0s] IOs:     84417542  IOPS:   477061  Throughput:  1863.5 MB/s  Total:  322.03 GB
[  177.2s] IOs:     84517643  IOPS:   477041  Throughput:  1863.4 MB/s  Total:  322.41 GB
[  177.4s] IOs:     84618631  IOPS:   477070  Throughput:  1863.6 MB/s  Total:  322.79 GB
[  177.6s] IOs:     84719623  IOPS:   477137  Throughput:  1863.8 MB/s  Total:  323.18 GB
[  177.8s] IOs:     84820458  IOPS:   477166  Throughput:  1863.9 MB/s  Total:  323.56 GB
[  178.0s] IOs:     84921395  IOPS:   477208  Throughput:  1864.1 MB/s  Total:  323.95 GB
[  178.2s] IOs:     85022316  IOPS:   477241  Throughput:  1864.2 MB/s  Total:  324.33 GB
[  178.3s] IOs:     85123332  IOPS:   477298  Throughput:  1864.4 MB/s  Total:  324.72 GB
[  178.5s] IOs:     85224093  IOPS:   477369  Throughput:  1864.7 MB/s  Total:  325.10 GB
[  178.7s] IOs:     85324628  IOPS:   477406  Throughput:  1864.9 MB/s  Total:  325.49 GB
[  178.9s] IOs:     85425255  IOPS:   477457  Throughput:  1865.1 MB/s  Total:  325.87 GB
[  179.1s] IOs:     85526055  IOPS:   477511  Throughput:  1865.3 MB/s  Total:  326.26 GB
[  179.3s] IOs:     85627062  IOPS:   477575  Throughput:  1865.5 MB/s  Total:  326.64 GB
[  179.5s] IOs:     85727087  IOPS:   477588  Throughput:  1865.6 MB/s  Total:  327.02 GB
[  179.7s] IOs:     85827894  IOPS:   477598  Throughput:  1865.6 MB/s  Total:  327.41 GB
[  179.9s] IOs:     85928660  IOPS:   477634  Throughput:  1865.8 MB/s  Total:  327.79 GB
[  180.1s] IOs:     86029650  IOPS:   477689  Throughput:  1866.0 MB/s  Total:  328.18 GB
[  180.3s] IOs:     86130632  IOPS:   477720  Throughput:  1866.1 MB/s  Total:  328.56 GB
[  180.5s] IOs:     86231645  IOPS:   477769  Throughput:  1866.3 MB/s  Total:  328.95 GB
[  180.7s] IOs:     86331777  IOPS:   477790  Throughput:  1866.4 MB/s  Total:  329.33 GB
[  180.9s] IOs:     86432559  IOPS:   477845  Throughput:  1866.6 MB/s  Total:  329.71 GB
[  181.1s] IOs:     86533408  IOPS:   477871  Throughput:  1866.7 MB/s  Total:  330.10 GB
[  181.3s] IOs:     86633829  IOPS:   477918  Throughput:  1866.9 MB/s  Total:  330.48 GB
[  181.5s] IOs:     86734675  IOPS:   477974  Throughput:  1867.1 MB/s  Total:  330.87 GB
[  181.6s] IOs:     86835449  IOPS:   478042  Throughput:  1867.4 MB/s  Total:  331.25 GB
[  181.8s] IOs:     86936263  IOPS:   478094  Throughput:  1867.6 MB/s  Total:  331.64 GB
[  182.0s] IOs:     87037210  IOPS:   478150  Throughput:  1867.8 MB/s  Total:  332.02 GB
[  182.2s] IOs:     87138114  IOPS:   478177  Throughput:  1867.9 MB/s  Total:  332.41 GB
[  182.4s] IOs:     87239013  IOPS:   478236  Throughput:  1868.1 MB/s  Total:  332.79 GB
[  182.6s] IOs:     87339016  IOPS:   478274  Throughput:  1868.3 MB/s  Total:  333.17 GB
[  182.8s] IOs:     87439776  IOPS:   478312  Throughput:  1868.4 MB/s  Total:  333.56 GB
[  183.0s] IOs:     87540558  IOPS:   478358  Throughput:  1868.6 MB/s  Total:  333.94 GB
[  183.2s] IOs:     87641506  IOPS:   478429  Throughput:  1868.9 MB/s  Total:  334.33 GB
[  183.4s] IOs:     87741548  IOPS:   478476  Throughput:  1869.0 MB/s  Total:  334.71 GB
[  183.6s] IOs:     87841680  IOPS:   478509  Throughput:  1869.2 MB/s  Total:  335.09 GB
[  183.8s] IOs:     87942514  IOPS:   478553  Throughput:  1869.3 MB/s  Total:  335.47 GB
[  184.0s] IOs:     88043118  IOPS:   478575  Throughput:  1869.4 MB/s  Total:  335.86 GB
[  184.2s] IOs:     88144026  IOPS:   478613  Throughput:  1869.6 MB/s  Total:  336.24 GB
[  184.4s] IOs:     88245058  IOPS:   478679  Throughput:  1869.8 MB/s  Total:  336.63 GB
[  184.5s] IOs:     88345991  IOPS:   478747  Throughput:  1870.1 MB/s  Total:  337.01 GB
[  184.7s] IOs:     88446710  IOPS:   478803  Throughput:  1870.3 MB/s  Total:  337.40 GB
[  184.9s] IOs:     88547557  IOPS:   478839  Throughput:  1870.5 MB/s  Total:  337.78 GB
[  185.1s] IOs:     88648368  IOPS:   478886  Throughput:  1870.6 MB/s  Total:  338.17 GB
[  185.3s] IOs:     88749212  IOPS:   478891  Throughput:  1870.7 MB/s  Total:  338.55 GB
[Reader] Parsed 12000000 lines, distributed 88782580 writes, unique 151.55 GB, skipped 0
[  185.5s] IOs:     88850165  IOPS:   478964  Throughput:  1871.0 MB/s  Total:  338.94 GB
[  185.7s] IOs:     88950928  IOPS:   479019  Throughput:  1871.2 MB/s  Total:  339.32 GB
[  185.9s] IOs:     89051696  IOPS:   479064  Throughput:  1871.3 MB/s  Total:  339.71 GB
[  186.1s] IOs:     89151764  IOPS:   479134  Throughput:  1871.6 MB/s  Total:  340.09 GB
[  186.3s] IOs:     89252655  IOPS:   479173  Throughput:  1871.8 MB/s  Total:  340.47 GB
[  186.4s] IOs:     89353557  IOPS:   479244  Throughput:  1872.0 MB/s  Total:  340.86 GB
[  186.6s] IOs:     89453667  IOPS:   479303  Throughput:  1872.3 MB/s  Total:  341.24 GB
[  186.8s] IOs:     89554524  IOPS:   479366  Throughput:  1872.5 MB/s  Total:  341.62 GB
[  187.0s] IOs:     89655423  IOPS:   479355  Throughput:  1872.5 MB/s  Total:  342.01 GB
[  187.2s] IOs:     89756418  IOPS:   479395  Throughput:  1872.6 MB/s  Total:  342.39 GB
[  187.4s] IOs:     89857279  IOPS:   479452  Throughput:  1872.9 MB/s  Total:  342.78 GB
[  187.6s] IOs:     89957339  IOPS:   479504  Throughput:  1873.1 MB/s  Total:  343.16 GB
[  187.8s] IOs:     90058026  IOPS:   479528  Throughput:  1873.2 MB/s  Total:  343.54 GB
[  188.0s] IOs:     90158881  IOPS:   479572  Throughput:  1873.3 MB/s  Total:  343.93 GB
[  188.2s] IOs:     90259865  IOPS:   479639  Throughput:  1873.6 MB/s  Total:  344.31 GB
[  188.4s] IOs:     90360808  IOPS:   479679  Throughput:  1873.7 MB/s  Total:  344.70 GB
[  188.6s] IOs:     90461715  IOPS:   479743  Throughput:  1874.0 MB/s  Total:  345.08 GB
[  188.8s] IOs:     90562479  IOPS:   479796  Throughput:  1874.2 MB/s  Total:  345.47 GB
[  189.0s] IOs:     90663201  IOPS:   479823  Throughput:  1874.3 MB/s  Total:  345.85 GB
[  189.1s] IOs:     90764187  IOPS:   479872  Throughput:  1874.5 MB/s  Total:  346.24 GB
[  189.3s] IOs:     90864189  IOPS:   479890  Throughput:  1874.6 MB/s  Total:  346.62 GB
[  189.5s] IOs:     90964964  IOPS:   479918  Throughput:  1874.7 MB/s  Total:  347.00 GB
[  189.7s] IOs:     91065612  IOPS:   479932  Throughput:  1874.7 MB/s  Total:  347.39 GB
[  190.0s] IOs:     91166250  IOPS:   479942  Throughput:  1874.8 MB/s  Total:  347.77 GB
[  190.2s] IOs:     91267241  IOPS:   479936  Throughput:  1874.7 MB/s  Total:  348.16 GB
[  190.4s] IOs:     91368133  IOPS:   479994  Throughput:  1875.0 MB/s  Total:  348.54 GB
[  190.5s] IOs:     91468281  IOPS:   480050  Throughput:  1875.2 MB/s  Total:  348.92 GB
[  190.7s] IOs:     91569213  IOPS:   480108  Throughput:  1875.4 MB/s  Total:  349.31 GB
[  190.9s] IOs:     91670046  IOPS:   480164  Throughput:  1875.6 MB/s  Total:  349.69 GB
[  191.1s] IOs:     91770767  IOPS:   480196  Throughput:  1875.8 MB/s  Total:  350.08 GB
[  191.3s] IOs:     91870769  IOPS:   480235  Throughput:  1875.9 MB/s  Total:  350.46 GB
[  191.5s] IOs:     91971731  IOPS:   480264  Throughput:  1876.0 MB/s  Total:  350.84 GB
[  191.7s] IOs:     92072485  IOPS:   480320  Throughput:  1876.3 MB/s  Total:  351.23 GB
[  191.9s] IOs:     92173344  IOPS:   480360  Throughput:  1876.4 MB/s  Total:  351.61 GB
[  192.1s] IOs:     92274113  IOPS:   480422  Throughput:  1876.6 MB/s  Total:  352.00 GB
[  192.3s] IOs:     92374977  IOPS:   480462  Throughput:  1876.8 MB/s  Total:  352.38 GB
[  192.4s] IOs:     92475993  IOPS:   480520  Throughput:  1877.0 MB/s  Total:  352.77 GB
[  192.6s] IOs:     92576017  IOPS:   480571  Throughput:  1877.2 MB/s  Total:  353.15 GB
[  192.8s] IOs:     92676045  IOPS:   480565  Throughput:  1877.2 MB/s  Total:  353.53 GB
[  193.0s] IOs:     92777071  IOPS:   480609  Throughput:  1877.4 MB/s  Total:  353.92 GB
[  193.2s] IOs:     92877992  IOPS:   480629  Throughput:  1877.5 MB/s  Total:  354.30 GB
[  193.4s] IOs:     92978028  IOPS:   480665  Throughput:  1877.6 MB/s  Total:  354.68 GB
[  193.6s] IOs:     93079011  IOPS:   480728  Throughput:  1877.8 MB/s  Total:  355.07 GB
[  193.8s] IOs:     93179774  IOPS:   480785  Throughput:  1878.1 MB/s  Total:  355.45 GB
[  194.0s] IOs:     93280463  IOPS:   480841  Throughput:  1878.3 MB/s  Total:  355.84 GB
[  194.2s] IOs:     93380490  IOPS:   480909  Throughput:  1878.6 MB/s  Total:  356.22 GB
[  194.4s] IOs:     93480524  IOPS:   480952  Throughput:  1878.7 MB/s  Total:  356.60 GB
[  194.6s] IOs:     93581549  IOPS:   480990  Throughput:  1878.9 MB/s  Total:  356.99 GB
[  194.8s] IOs:     93682198  IOPS:   481012  Throughput:  1879.0 MB/s  Total:  357.37 GB
[  195.0s] IOs:     93783098  IOPS:   481041  Throughput:  1879.1 MB/s  Total:  357.75 GB
[  195.1s] IOs:     93884002  IOPS:   481088  Throughput:  1879.2 MB/s  Total:  358.14 GB
[  195.3s] IOs:     93984133  IOPS:   481108  Throughput:  1879.3 MB/s  Total:  358.52 GB
[  195.5s] IOs:     94084699  IOPS:   481157  Throughput:  1879.5 MB/s  Total:  358.90 GB
[  195.7s] IOs:     94185646  IOPS:   481212  Throughput:  1879.7 MB/s  Total:  359.29 GB
[  195.9s] IOs:     94286515  IOPS:   481253  Throughput:  1879.9 MB/s  Total:  359.67 GB
[  196.1s] IOs:     94386576  IOPS:   481282  Throughput:  1880.0 MB/s  Total:  360.06 GB
[  196.3s] IOs:     94487405  IOPS:   481328  Throughput:  1880.2 MB/s  Total:  360.44 GB
[  196.5s] IOs:     94587413  IOPS:   481370  Throughput:  1880.4 MB/s  Total:  360.82 GB
[Reader] Parsed 13000000 lines, distributed 94653738 writes, unique 157.30 GB, skipped 0
[  196.7s] IOs:     94688393  IOPS:   481416  Throughput:  1880.5 MB/s  Total:  361.21 GB
[  196.9s] IOs:     94789310  IOPS:   481481  Throughput:  1880.8 MB/s  Total:  361.59 GB
[  197.1s] IOs:     94890203  IOPS:   481506  Throughput:  1880.9 MB/s  Total:  361.98 GB
[  197.3s] IOs:     94990244  IOPS:   481562  Throughput:  1881.1 MB/s  Total:  362.36 GB
[  197.4s] IOs:     95091244  IOPS:   481598  Throughput:  1881.2 MB/s  Total:  362.74 GB
[  197.6s] IOs:     95191933  IOPS:   481629  Throughput:  1881.4 MB/s  Total:  363.13 GB
[  197.8s] IOs:     95292707  IOPS:   481671  Throughput:  1881.5 MB/s  Total:  363.51 GB
[  198.0s] IOs:     95393461  IOPS:   481716  Throughput:  1881.7 MB/s  Total:  363.90 GB
[  198.2s] IOs:     95494272  IOPS:   481730  Throughput:  1881.8 MB/s  Total:  364.28 GB
[  198.4s] IOs:     95595203  IOPS:   481747  Throughput:  1881.8 MB/s  Total:  364.67 GB
[  198.6s] IOs:     95696126  IOPS:   481803  Throughput:  1882.0 MB/s  Total:  365.05 GB
[  198.8s] IOs:     95796956  IOPS:   481846  Throughput:  1882.2 MB/s  Total:  365.44 GB
[  199.0s] IOs:     95897665  IOPS:   481905  Throughput:  1882.4 MB/s  Total:  365.82 GB
[  199.2s] IOs:     95998513  IOPS:   481913  Throughput:  1882.5 MB/s  Total:  366.21 GB
[  199.4s] IOs:     96099498  IOPS:   481965  Throughput:  1882.7 MB/s  Total:  366.59 GB
[  199.6s] IOs:     96199676  IOPS:   482017  Throughput:  1882.9 MB/s  Total:  366.97 GB
[  199.8s] IOs:     96299830  IOPS:   482036  Throughput:  1883.0 MB/s  Total:  367.35 GB
[  200.0s] IOs:     96400697  IOPS:   482090  Throughput:  1883.2 MB/s  Total:  367.74 GB
[  200.2s] IOs:     96501418  IOPS:   482128  Throughput:  1883.3 MB/s  Total:  368.12 GB
[  200.3s] IOs:     96601606  IOPS:   482191  Throughput:  1883.6 MB/s  Total:  368.51 GB
[  200.5s] IOs:     96702476  IOPS:   482230  Throughput:  1883.7 MB/s  Total:  368.89 GB
[  200.7s] IOs:     96803474  IOPS:   482263  Throughput:  1883.8 MB/s  Total:  369.28 GB
[  200.9s] IOs:     96904426  IOPS:   482291  Throughput:  1883.9 MB/s  Total:  369.66 GB
[  201.1s] IOs:     97005294  IOPS:   482295  Throughput:  1884.0 MB/s  Total:  370.05 GB
[  201.3s] IOs:     97105494  IOPS:   482344  Throughput:  1884.2 MB/s  Total:  370.43 GB
[  201.5s] IOs:     97206494  IOPS:   482374  Throughput:  1884.3 MB/s  Total:  370.81 GB
[  201.7s] IOs:     97307273  IOPS:   482406  Throughput:  1884.4 MB/s  Total:  371.20 GB
[  201.9s] IOs:     97408269  IOPS:   482449  Throughput:  1884.6 MB/s  Total:  371.58 GB
[  202.1s] IOs:     97509037  IOPS:   482487  Throughput:  1884.7 MB/s  Total:  371.97 GB
[  202.3s] IOs:     97609959  IOPS:   482481  Throughput:  1884.7 MB/s  Total:  372.35 GB
[  202.5s] IOs:     97710759  IOPS:   482539  Throughput:  1884.9 MB/s  Total:  372.74 GB
[  202.7s] IOs:     97810852  IOPS:   482528  Throughput:  1884.9 MB/s  Total:  373.12 GB
[  202.9s] IOs:     97911784  IOPS:   482559  Throughput:  1885.0 MB/s  Total:  373.50 GB
[  203.1s] IOs:     98012748  IOPS:   482567  Throughput:  1885.0 MB/s  Total:  373.89 GB
[  203.3s] IOs:     98113627  IOPS:   482616  Throughput:  1885.2 MB/s  Total:  374.27 GB
[  203.5s] IOs:     98214601  IOPS:   482649  Throughput:  1885.3 MB/s  Total:  374.66 GB
[  203.7s] IOs:     98315558  IOPS:   482709  Throughput:  1885.6 MB/s  Total:  375.04 GB
[  203.9s] IOs:     98415584  IOPS:   482758  Throughput:  1885.8 MB/s  Total:  375.43 GB
[  204.1s] IOs:     98516367  IOPS:   482795  Throughput:  1885.9 MB/s  Total:  375.81 GB
[  204.3s] IOs:     98617392  IOPS:   482808  Throughput:  1886.0 MB/s  Total:  376.20 GB
[  204.4s] IOs:     98718143  IOPS:   482857  Throughput:  1886.2 MB/s  Total:  376.58 GB
[  204.6s] IOs:     98819153  IOPS:   482872  Throughput:  1886.2 MB/s  Total:  376.97 GB
[  204.8s] IOs:     98920160  IOPS:   482918  Throughput:  1886.4 MB/s  Total:  377.35 GB
[  205.0s] IOs:     99020831  IOPS:   482962  Throughput:  1886.6 MB/s  Total:  377.73 GB
[  205.2s] IOs:     99121784  IOPS:   482996  Throughput:  1886.7 MB/s  Total:  378.12 GB
[  205.4s] IOs:     99222011  IOPS:   483028  Throughput:  1886.8 MB/s  Total:  378.50 GB
[  205.6s] IOs:     99322201  IOPS:   483085  Throughput:  1887.1 MB/s  Total:  378.88 GB
[  205.8s] IOs:     99423075  IOPS:   483139  Throughput:  1887.3 MB/s  Total:  379.27 GB
[  206.0s] IOs:     99523880  IOPS:   483170  Throughput:  1887.4 MB/s  Total:  379.65 GB
[  206.2s] IOs:     99624872  IOPS:   483182  Throughput:  1887.4 MB/s  Total:  380.04 GB
[  206.4s] IOs:     99725839  IOPS:   483225  Throughput:  1887.6 MB/s  Total:  380.42 GB
[  206.6s] IOs:     99826838  IOPS:   483252  Throughput:  1887.7 MB/s  Total:  380.81 GB
[  206.8s] IOs:     99926863  IOPS:   483272  Throughput:  1887.8 MB/s  Total:  381.19 GB
[  207.0s] IOs:    100027762  IOPS:   483309  Throughput:  1887.9 MB/s  Total:  381.58 GB
[  207.2s] IOs:    100128590  IOPS:   483354  Throughput:  1888.1 MB/s  Total:  381.96 GB
[  207.4s] IOs:    100228762  IOPS:   483379  Throughput:  1888.2 MB/s  Total:  382.34 GB
[  207.6s] IOs:    100328763  IOPS:   483387  Throughput:  1888.2 MB/s  Total:  382.72 GB
[  207.7s] IOs:    100429476  IOPS:   483446  Throughput:  1888.5 MB/s  Total:  383.11 GB
[  207.9s] IOs:    100530155  IOPS:   483496  Throughput:  1888.7 MB/s  Total:  383.49 GB
[  208.1s] IOs:    100630948  IOPS:   483519  Throughput:  1888.7 MB/s  Total:  383.88 GB
[  208.3s] IOs:    100731935  IOPS:   483538  Throughput:  1888.8 MB/s  Total:  384.26 GB
[  208.5s] IOs:    100832889  IOPS:   483578  Throughput:  1889.0 MB/s  Total:  384.65 GB
[  208.7s] IOs:    100933803  IOPS:   483612  Throughput:  1889.1 MB/s  Total:  385.03 GB
[  208.9s] IOs:    101034555  IOPS:   483655  Throughput:  1889.3 MB/s  Total:  385.42 GB
[  209.1s] IOs:    101135416  IOPS:   483698  Throughput:  1889.4 MB/s  Total:  385.80 GB
[  209.3s] IOs:    101236287  IOPS:   483732  Throughput:  1889.6 MB/s  Total:  386.19 GB
[  209.5s] IOs:    101337298  IOPS:   483739  Throughput:  1889.6 MB/s  Total:  386.57 GB
[  209.7s] IOs:    101438233  IOPS:   483787  Throughput:  1889.8 MB/s  Total:  386.96 GB
[  209.9s] IOs:    101538989  IOPS:   483834  Throughput:  1890.0 MB/s  Total:  387.34 GB
[  210.1s] IOs:    101639838  IOPS:   483857  Throughput:  1890.1 MB/s  Total:  387.73 GB
[  210.2s] IOs:    101739902  IOPS:   483906  Throughput:  1890.3 MB/s  Total:  388.11 GB
[  210.4s] IOs:    101840734  IOPS:   483947  Throughput:  1890.4 MB/s  Total:  388.49 GB
[  210.6s] IOs:    101940737  IOPS:   483991  Throughput:  1890.6 MB/s  Total:  388.87 GB
[  210.8s] IOs:    102041531  IOPS:   484040  Throughput:  1890.8 MB/s  Total:  389.26 GB
[  211.0s] IOs:    102142172  IOPS:   484068  Throughput:  1890.9 MB/s  Total:  389.64 GB
[Reader] Parsed 14000000 lines, distributed 102242011 writes, unique 169.23 GB, skipped 0
[  211.2s] IOs:    102242980  IOPS:   484064  Throughput:  1890.9 MB/s  Total:  390.03 GB
[  211.4s] IOs:    102343066  IOPS:   484106  Throughput:  1891.0 MB/s  Total:  390.41 GB
[  211.6s] IOs:    102443795  IOPS:   484112  Throughput:  1891.1 MB/s  Total:  390.79 GB
[  211.8s] IOs:    102544653  IOPS:   484166  Throughput:  1891.3 MB/s  Total:  391.18 GB
[  212.0s] IOs:    102645553  IOPS:   484209  Throughput:  1891.4 MB/s  Total:  391.56 GB
[  212.2s] IOs:    102746304  IOPS:   484249  Throughput:  1891.6 MB/s  Total:  391.95 GB
[  212.4s] IOs:    102847032  IOPS:   484288  Throughput:  1891.8 MB/s  Total:  392.33 GB
[  212.6s] IOs:    102947905  IOPS:   484337  Throughput:  1891.9 MB/s  Total:  392.72 GB
[  212.7s] IOs:    103048734  IOPS:   484367  Throughput:  1892.1 MB/s  Total:  393.10 GB
[  213.0s] IOs:    103149615  IOPS:   484343  Throughput:  1892.0 MB/s  Total:  393.48 GB
[  213.2s] IOs:    103250540  IOPS:   484386  Throughput:  1892.1 MB/s  Total:  393.87 GB
[  213.4s] IOs:    103351493  IOPS:   484416  Throughput:  1892.2 MB/s  Total:  394.25 GB
[  213.5s] IOs:    103452516  IOPS:   484454  Throughput:  1892.4 MB/s  Total:  394.64 GB
[  213.7s] IOs:    103552605  IOPS:   484462  Throughput:  1892.4 MB/s  Total:  395.02 GB
[  213.9s] IOs:    103652734  IOPS:   484510  Throughput:  1892.6 MB/s  Total:  395.40 GB
[  214.1s] IOs:    103753652  IOPS:   484552  Throughput:  1892.8 MB/s  Total:  395.79 GB
[  214.3s] IOs:    103853664  IOPS:   484580  Throughput:  1892.9 MB/s  Total:  396.17 GB
[  214.5s] IOs:    103954535  IOPS:   484617  Throughput:  1893.0 MB/s  Total:  396.56 GB
[  214.7s] IOs:    104054644  IOPS:   484636  Throughput:  1893.1 MB/s  Total:  396.94 GB
[  214.9s] IOs:    104154647  IOPS:   484653  Throughput:  1893.2 MB/s  Total:  397.32 GB
[  215.1s] IOs:    104255568  IOPS:   484693  Throughput:  1893.3 MB/s  Total:  397.70 GB
[  215.3s] IOs:    104356379  IOPS:   484740  Throughput:  1893.5 MB/s  Total:  398.09 GB
[  215.5s] IOs:    104456453  IOPS:   484776  Throughput:  1893.7 MB/s  Total:  398.47 GB
[  215.7s] IOs:    104557249  IOPS:   484801  Throughput:  1893.8 MB/s  Total:  398.85 GB
[  215.9s] IOs:    104658056  IOPS:   484829  Throughput:  1893.9 MB/s  Total:  399.24 GB
[  216.1s] IOs:    104758860  IOPS:   484857  Throughput:  1894.0 MB/s  Total:  399.62 GB
[  216.3s] IOs:    104858881  IOPS:   484877  Throughput:  1894.1 MB/s  Total:  400.00 GB
[  216.4s] IOs:    104958926  IOPS:   484922  Throughput:  1894.2 MB/s  Total:  400.39 GB
[  216.6s] IOs:    105059050  IOPS:   484950  Throughput:  1894.3 MB/s  Total:  400.77 GB
[  216.8s] IOs:    105159180  IOPS:   484971  Throughput:  1894.4 MB/s  Total:  401.15 GB
[  217.0s] IOs:    105260098  IOPS:   484959  Throughput:  1894.4 MB/s  Total:  401.54 GB
[  217.2s] IOs:    105360952  IOPS:   484986  Throughput:  1894.5 MB/s  Total:  401.92 GB
[  217.4s] IOs:    105461952  IOPS:   484998  Throughput:  1894.5 MB/s  Total:  402.31 GB
[  217.6s] IOs:    105562961  IOPS:   485023  Throughput:  1894.6 MB/s  Total:  402.69 GB
[  217.8s] IOs:    105663117  IOPS:   485068  Throughput:  1894.8 MB/s  Total:  403.07 GB
[  218.0s] IOs:    105764019  IOPS:   485099  Throughput:  1894.9 MB/s  Total:  403.46 GB
[  218.2s] IOs:    105864943  IOPS:   485150  Throughput:  1895.1 MB/s  Total:  403.84 GB
[  218.4s] IOs:    105964961  IOPS:   485187  Throughput:  1895.3 MB/s  Total:  404.22 GB
[  218.6s] IOs:    106065073  IOPS:   485225  Throughput:  1895.4 MB/s  Total:  404.61 GB
[  218.8s] IOs:    106165198  IOPS:   485273  Throughput:  1895.6 MB/s  Total:  404.99 GB
[  219.0s] IOs:    106266155  IOPS:   485313  Throughput:  1895.8 MB/s  Total:  405.37 GB
[  219.2s] IOs:    106367009  IOPS:   485331  Throughput:  1895.8 MB/s  Total:  405.76 GB
[  219.4s] IOs:    106467940  IOPS:   485361  Throughput:  1895.9 MB/s  Total:  406.14 GB
[  219.6s] IOs:    106568957  IOPS:   485393  Throughput:  1896.1 MB/s  Total:  406.53 GB
[  219.8s] IOs:    106669928  IOPS:   485413  Throughput:  1896.1 MB/s  Total:  406.91 GB
[  219.9s] IOs:    106770021  IOPS:   485453  Throughput:  1896.3 MB/s  Total:  407.30 GB
[  220.1s] IOs:    106870960  IOPS:   485496  Throughput:  1896.5 MB/s  Total:  407.68 GB
[  220.3s] IOs:    106971813  IOPS:   485508  Throughput:  1896.5 MB/s  Total:  408.07 GB
[  220.5s] IOs:    107072717  IOPS:   485556  Throughput:  1896.7 MB/s  Total:  408.45 GB
[  220.7s] IOs:    107173355  IOPS:   485591  Throughput:  1896.8 MB/s  Total:  408.83 GB
[  220.9s] IOs:    107274235  IOPS:   485632  Throughput:  1897.0 MB/s  Total:  409.22 GB
[Reader] Parsed 15000000 lines, distributed 107301776 writes, unique 173.77 GB, skipped 0
[  221.1s] IOs:    107374918  IOPS:   485668  Throughput:  1897.1 MB/s  Total:  409.60 GB
[  221.3s] IOs:    107475488  IOPS:   485702  Throughput:  1897.3 MB/s  Total:  409.99 GB
[  221.5s] IOs:    107576341  IOPS:   485744  Throughput:  1897.4 MB/s  Total:  410.37 GB
[  221.7s] IOs:    107677341  IOPS:   485785  Throughput:  1897.6 MB/s  Total:  410.76 GB
[  221.9s] IOs:    107777344  IOPS:   485809  Throughput:  1897.7 MB/s  Total:  411.14 GB
[  222.0s] IOs:    107877867  IOPS:   485843  Throughput:  1897.8 MB/s  Total:  411.52 GB
[  222.2s] IOs:    107978768  IOPS:   485864  Throughput:  1897.9 MB/s  Total:  411.91 GB
[  222.4s] IOs:    108078951  IOPS:   485893  Throughput:  1898.0 MB/s  Total:  412.29 GB
[  222.6s] IOs:    108179805  IOPS:   485934  Throughput:  1898.2 MB/s  Total:  412.67 GB
[  222.8s] IOs:    108279918  IOPS:   485952  Throughput:  1898.3 MB/s  Total:  413.06 GB
[  223.0s] IOs:    108380673  IOPS:   485922  Throughput:  1898.1 MB/s  Total:  413.44 GB
[  223.2s] IOs:    108481482  IOPS:   485953  Throughput:  1898.3 MB/s  Total:  413.82 GB
[  223.4s] IOs:    108582170  IOPS:   485963  Throughput:  1898.3 MB/s  Total:  414.21 GB
[  223.6s] IOs:    108683195  IOPS:   485998  Throughput:  1898.4 MB/s  Total:  414.59 GB
[  223.8s] IOs:    108784207  IOPS:   486026  Throughput:  1898.5 MB/s  Total:  414.98 GB
[  224.0s] IOs:    108884209  IOPS:   486050  Throughput:  1898.6 MB/s  Total:  415.36 GB
[  224.2s] IOs:    108984279  IOPS:   486055  Throughput:  1898.7 MB/s  Total:  415.74 GB
[  224.4s] IOs:    109085105  IOPS:   486097  Throughput:  1898.8 MB/s  Total:  416.13 GB
[  224.6s] IOs:    109185864  IOPS:   486099  Throughput:  1898.8 MB/s  Total:  416.51 GB
[  224.8s] IOs:    109285908  IOPS:   486136  Throughput:  1899.0 MB/s  Total:  416.89 GB
[  225.0s] IOs:    109386695  IOPS:   486174  Throughput:  1899.1 MB/s  Total:  417.28 GB
[  225.2s] IOs:    109487700  IOPS:   486173  Throughput:  1899.1 MB/s  Total:  417.66 GB
[  225.4s] IOs:    109588690  IOPS:   486170  Throughput:  1899.1 MB/s  Total:  418.05 GB
[  225.6s] IOs:    109689675  IOPS:   486209  Throughput:  1899.3 MB/s  Total:  418.43 GB
[  225.8s] IOs:    109790526  IOPS:   486257  Throughput:  1899.4 MB/s  Total:  418.82 GB
[  226.0s] IOs:    109891473  IOPS:   486298  Throughput:  1899.6 MB/s  Total:  419.20 GB
[  226.2s] IOs:    109991488  IOPS:   486327  Throughput:  1899.7 MB/s  Total:  419.58 GB
[  226.4s] IOs:    110092313  IOPS:   486378  Throughput:  1899.9 MB/s  Total:  419.97 GB
[  226.6s] IOs:    110193134  IOPS:   486369  Throughput:  1899.9 MB/s  Total:  420.35 GB
[  226.7s] IOs:    110293152  IOPS:   486413  Throughput:  1900.0 MB/s  Total:  420.73 GB
[  226.9s] IOs:    110394168  IOPS:   486432  Throughput:  1900.1 MB/s  Total:  421.12 GB
[  227.2s] IOs:    110494981  IOPS:   486413  Throughput:  1900.0 MB/s  Total:  421.50 GB
[  227.4s] IOs:    110595636  IOPS:   486423  Throughput:  1900.1 MB/s  Total:  421.89 GB
[  227.6s] IOs:    110696604  IOPS:   486464  Throughput:  1900.2 MB/s  Total:  422.27 GB
[  227.7s] IOs:    110796732  IOPS:   486484  Throughput:  1900.3 MB/s  Total:  422.66 GB
[  227.9s] IOs:    110897698  IOPS:   486519  Throughput:  1900.5 MB/s  Total:  423.04 GB
[  228.1s] IOs:    110998449  IOPS:   486538  Throughput:  1900.5 MB/s  Total:  423.43 GB
[  228.3s] IOs:    111099217  IOPS:   486563  Throughput:  1900.6 MB/s  Total:  423.81 GB
[  228.5s] IOs:    111200037  IOPS:   486586  Throughput:  1900.7 MB/s  Total:  424.19 GB
[  228.7s] IOs:    111300195  IOPS:   486626  Throughput:  1900.9 MB/s  Total:  424.58 GB
[  228.9s] IOs:    111400244  IOPS:   486664  Throughput:  1901.0 MB/s  Total:  424.96 GB
[  229.1s] IOs:    111501242  IOPS:   486696  Throughput:  1901.2 MB/s  Total:  425.34 GB
[  229.3s] IOs:    111602007  IOPS:   486719  Throughput:  1901.2 MB/s  Total:  425.73 GB
[  229.5s] IOs:    111702792  IOPS:   486717  Throughput:  1901.2 MB/s  Total:  426.11 GB
[  229.7s] IOs:    111803656  IOPS:   486736  Throughput:  1901.3 MB/s  Total:  426.50 GB
[  229.9s] IOs:    111904674  IOPS:   486747  Throughput:  1901.4 MB/s  Total:  426.88 GB
[  230.1s] IOs:    112004685  IOPS:   486787  Throughput:  1901.5 MB/s  Total:  427.26 GB
[  230.3s] IOs:    112105369  IOPS:   486818  Throughput:  1901.6 MB/s  Total:  427.65 GB
[Reader] Parsed 16000000 lines, distributed 112145704 writes, unique 176.69 GB, skipped 0
[  230.5s] IOs:    112206072  IOPS:   486841  Throughput:  1901.7 MB/s  Total:  428.03 GB
[  230.7s] IOs:    112306230  IOPS:   486891  Throughput:  1901.9 MB/s  Total:  428.41 GB
[  230.9s] IOs:    112407113  IOPS:   486910  Throughput:  1902.0 MB/s  Total:  428.80 GB
[  231.1s] IOs:    112507965  IOPS:   486892  Throughput:  1901.9 MB/s  Total:  429.18 GB
[  231.3s] IOs:    112608684  IOPS:   486918  Throughput:  1902.0 MB/s  Total:  429.57 GB
[  231.5s] IOs:    112708709  IOPS:   486934  Throughput:  1902.1 MB/s  Total:  429.95 GB
[  231.7s] IOs:    112808818  IOPS:   486968  Throughput:  1902.2 MB/s  Total:  430.33 GB
[  231.9s] IOs:    112908852  IOPS:   486968  Throughput:  1902.2 MB/s  Total:  430.71 GB
[  232.1s] IOs:    113009779  IOPS:   487003  Throughput:  1902.4 MB/s  Total:  431.10 GB
[  232.2s] IOs:    113110710  IOPS:   487037  Throughput:  1902.5 MB/s  Total:  431.48 GB
[  232.4s] IOs:    113211582  IOPS:   487071  Throughput:  1902.6 MB/s  Total:  431.87 GB
[  232.6s] IOs:    113312478  IOPS:   487066  Throughput:  1902.6 MB/s  Total:  432.25 GB
[  232.9s] IOs:    113413301  IOPS:   487058  Throughput:  1902.6 MB/s  Total:  432.64 GB
[  233.1s] IOs:    113514321  IOPS:   487066  Throughput:  1902.6 MB/s  Total:  433.02 GB
[  233.2s] IOs:    113615263  IOPS:   487112  Throughput:  1902.8 MB/s  Total:  433.41 GB
[  233.4s] IOs:    113715866  IOPS:   487143  Throughput:  1902.9 MB/s  Total:  433.79 GB
[  233.6s] IOs:    113816780  IOPS:   487176  Throughput:  1903.0 MB/s  Total:  434.18 GB
[  233.8s] IOs:    113917115  IOPS:   487200  Throughput:  1903.1 MB/s  Total:  434.56 GB
[  234.0s] IOs:    114017854  IOPS:   487243  Throughput:  1903.3 MB/s  Total:  434.94 GB
[  234.2s] IOs:    114118644  IOPS:   487268  Throughput:  1903.4 MB/s  Total:  435.33 GB
[  234.4s] IOs:    114219385  IOPS:   487306  Throughput:  1903.5 MB/s  Total:  435.71 GB
[  234.6s] IOs:    114320146  IOPS:   487342  Throughput:  1903.7 MB/s  Total:  436.10 GB
[  234.8s] IOs:    114420172  IOPS:   487364  Throughput:  1903.8 MB/s  Total:  436.48 GB
[  235.0s] IOs:    114520282  IOPS:   487391  Throughput:  1903.9 MB/s  Total:  436.86 GB
[  235.2s] IOs:    114621037  IOPS:   487401  Throughput:  1903.9 MB/s  Total:  437.24 GB
[  235.4s] IOs:    114721811  IOPS:   487363  Throughput:  1903.8 MB/s  Total:  437.63 GB
[  235.6s] IOs:    114822741  IOPS:   487376  Throughput:  1903.8 MB/s  Total:  438.01 GB
[  235.8s] IOs:    114923739  IOPS:   487406  Throughput:  1903.9 MB/s  Total:  438.40 GB
[  236.0s] IOs:    115023800  IOPS:   487409  Throughput:  1903.9 MB/s  Total:  438.78 GB
[  236.2s] IOs:    115124542  IOPS:   487438  Throughput:  1904.1 MB/s  Total:  439.17 GB
[  236.4s] IOs:    115225210  IOPS:   487456  Throughput:  1904.1 MB/s  Total:  439.55 GB
[  236.6s] IOs:    115326035  IOPS:   487475  Throughput:  1904.2 MB/s  Total:  439.93 GB
[  236.8s] IOs:    115426971  IOPS:   487500  Throughput:  1904.3 MB/s  Total:  440.32 GB
[  237.0s] IOs:    115527107  IOPS:   487538  Throughput:  1904.4 MB/s  Total:  440.70 GB
[  237.2s] IOs:    115627221  IOPS:   487555  Throughput:  1904.5 MB/s  Total:  441.08 GB
[  237.4s] IOs:    115728014  IOPS:   487575  Throughput:  1904.6 MB/s  Total:  441.47 GB
[  237.5s] IOs:    115828883  IOPS:   487614  Throughput:  1904.7 MB/s  Total:  441.85 GB
[  237.7s] IOs:    115929859  IOPS:   487651  Throughput:  1904.9 MB/s  Total:  442.24 GB
[  237.9s] IOs:    116029965  IOPS:   487685  Throughput:  1905.0 MB/s  Total:  442.62 GB
[  238.1s] IOs:    116130002  IOPS:   487718  Throughput:  1905.2 MB/s  Total:  443.00 GB
[  238.3s] IOs:    116230796  IOPS:   487748  Throughput:  1905.3 MB/s  Total:  443.39 GB
[  238.5s] IOs:    116331572  IOPS:   487739  Throughput:  1905.2 MB/s  Total:  443.77 GB
[  238.7s] IOs:    116432193  IOPS:   487753  Throughput:  1905.3 MB/s  Total:  444.15 GB
[  238.9s] IOs:    116533147  IOPS:   487787  Throughput:  1905.4 MB/s  Total:  444.54 GB
[  239.1s] IOs:    116634074  IOPS:   487818  Throughput:  1905.5 MB/s  Total:  444.92 GB
[  239.3s] IOs:    116734764  IOPS:   487841  Throughput:  1905.6 MB/s  Total:  445.31 GB
[  239.5s] IOs:    116835684  IOPS:   487876  Throughput:  1905.8 MB/s  Total:  445.69 GB
[  239.7s] IOs:    116935707  IOPS:   487910  Throughput:  1905.9 MB/s  Total:  446.07 GB
[Reader] Parsed 17000000 lines, distributed 116962176 writes, unique 179.97 GB, skipped 0
[  239.9s] IOs:    117036724  IOPS:   487940  Throughput:  1906.0 MB/s  Total:  446.46 GB
[  240.0s] IOs:    117137691  IOPS:   487976  Throughput:  1906.2 MB/s  Total:  446.84 GB
[  240.3s] IOs:    117237815  IOPS:   487976  Throughput:  1906.2 MB/s  Total:  447.23 GB
[  240.4s] IOs:    117338695  IOPS:   488005  Throughput:  1906.3 MB/s  Total:  447.61 GB
[  240.6s] IOs:    117439478  IOPS:   488036  Throughput:  1906.4 MB/s  Total:  448.00 GB
[  240.8s] IOs:    117540461  IOPS:   488078  Throughput:  1906.6 MB/s  Total:  448.38 GB
[  241.0s] IOs:    117640523  IOPS:   488115  Throughput:  1906.7 MB/s  Total:  448.76 GB
[  241.2s] IOs:    117740574  IOPS:   488151  Throughput:  1906.8 MB/s  Total:  449.14 GB
[  241.4s] IOs:    117841299  IOPS:   488181  Throughput:  1907.0 MB/s  Total:  449.53 GB
[  241.6s] IOs:    117941977  IOPS:   488205  Throughput:  1907.0 MB/s  Total:  449.91 GB
[  241.8s] IOs:    118042940  IOPS:   488208  Throughput:  1907.1 MB/s  Total:  450.30 GB
[  242.0s] IOs:    118142954  IOPS:   488245  Throughput:  1907.2 MB/s  Total:  450.68 GB
[  242.2s] IOs:    118243913  IOPS:   488256  Throughput:  1907.3 MB/s  Total:  451.06 GB
[  242.4s] IOs:    118344116  IOPS:   488257  Throughput:  1907.3 MB/s  Total:  451.45 GB
[  242.6s] IOs:    118444946  IOPS:   488303  Throughput:  1907.4 MB/s  Total:  451.83 GB
[  242.8s] IOs:    118545153  IOPS:   488338  Throughput:  1907.6 MB/s  Total:  452.21 GB
[  243.0s] IOs:    118646015  IOPS:   488324  Throughput:  1907.5 MB/s  Total:  452.60 GB
[  243.2s] IOs:    118746078  IOPS:   488356  Throughput:  1907.6 MB/s  Total:  452.98 GB
[  243.4s] IOs:    118846939  IOPS:   488377  Throughput:  1907.7 MB/s  Total:  453.37 GB
[  243.5s] IOs:    118947519  IOPS:   488398  Throughput:  1907.8 MB/s  Total:  453.75 GB
[  243.7s] IOs:    119048272  IOPS:   488432  Throughput:  1907.9 MB/s  Total:  454.13 GB
[  243.9s] IOs:    119149229  IOPS:   488467  Throughput:  1908.1 MB/s  Total:  454.52 GB
[  244.1s] IOs:    119250191  IOPS:   488513  Throughput:  1908.3 MB/s  Total:  454.90 GB
[  244.3s] IOs:    119351055  IOPS:   488550  Throughput:  1908.4 MB/s  Total:  455.29 GB
[  244.5s] IOs:    119451917  IOPS:   488589  Throughput:  1908.5 MB/s  Total:  455.67 GB
[  244.7s] IOs:    119552661  IOPS:   488588  Throughput:  1908.5 MB/s  Total:  456.06 GB
[  244.9s] IOs:    119653577  IOPS:   488625  Throughput:  1908.7 MB/s  Total:  456.44 GB
[  245.1s] IOs:    119754404  IOPS:   488679  Throughput:  1908.9 MB/s  Total:  456.83 GB
[  245.3s] IOs:    119855308  IOPS:   488705  Throughput:  1909.0 MB/s  Total:  457.21 GB
[  245.5s] IOs:    119956126  IOPS:   488715  Throughput:  1909.0 MB/s  Total:  457.60 GB
[  245.6s] IOs:    120056901  IOPS:   488736  Throughput:  1909.1 MB/s  Total:  457.98 GB
[  245.8s] IOs:    120157170  IOPS:   488778  Throughput:  1909.3 MB/s  Total:  458.36 GB
[  246.0s] IOs:    120258187  IOPS:   488816  Throughput:  1909.4 MB/s  Total:  458.75 GB
[  246.2s] IOs:    120358965  IOPS:   488846  Throughput:  1909.6 MB/s  Total:  459.13 GB
[  246.4s] IOs:    120459707  IOPS:   488872  Throughput:  1909.7 MB/s  Total:  459.52 GB
[  246.6s] IOs:    120559752  IOPS:   488909  Throughput:  1909.8 MB/s  Total:  459.90 GB
[  246.8s] IOs:    120659914  IOPS:   488946  Throughput:  1909.9 MB/s  Total:  460.28 GB
[  247.0s] IOs:    120760096  IOPS:   488977  Throughput:  1910.1 MB/s  Total:  460.66 GB
[  247.2s] IOs:    120860917  IOPS:   488996  Throughput:  1910.1 MB/s  Total:  461.05 GB
[  247.3s] IOs:    120961790  IOPS:   489033  Throughput:  1910.3 MB/s  Total:  461.43 GB
[  247.5s] IOs:    121062655  IOPS:   489070  Throughput:  1910.4 MB/s  Total:  461.82 GB
[  247.7s] IOs:    121162723  IOPS:   489090  Throughput:  1910.5 MB/s  Total:  462.20 GB
[  247.9s] IOs:    121263715  IOPS:   489111  Throughput:  1910.6 MB/s  Total:  462.58 GB
[  248.1s] IOs:    121364682  IOPS:   489156  Throughput:  1910.8 MB/s  Total:  462.97 GB
[  248.3s] IOs:    121465586  IOPS:   489184  Throughput:  1910.9 MB/s  Total:  463.35 GB
[  248.5s] IOs:    121566210  IOPS:   489222  Throughput:  1911.0 MB/s  Total:  463.74 GB
[  248.7s] IOs:    121667135  IOPS:   489242  Throughput:  1911.1 MB/s  Total:  464.12 GB
[  248.9s] IOs:    121767968  IOPS:   489284  Throughput:  1911.3 MB/s  Total:  464.51 GB
[Reader] Parsed 18000000 lines, distributed 121863241 writes, unique 183.96 GB, skipped 0
[  249.1s] IOs:    121868020  IOPS:   489299  Throughput:  1911.3 MB/s  Total:  464.89 GB
[  249.3s] IOs:    121968758  IOPS:   489313  Throughput:  1911.4 MB/s  Total:  465.27 GB
[  249.5s] IOs:    122069719  IOPS:   489349  Throughput:  1911.5 MB/s  Total:  465.66 GB
[  249.6s] IOs:    122170669  IOPS:   489390  Throughput:  1911.7 MB/s  Total:  466.04 GB
[  249.8s] IOs:    122270706  IOPS:   489422  Throughput:  1911.8 MB/s  Total:  466.43 GB
[  250.0s] IOs:    122370767  IOPS:   489447  Throughput:  1911.9 MB/s  Total:  466.81 GB
[  250.2s] IOs:    122471719  IOPS:   489479  Throughput:  1912.0 MB/s  Total:  467.19 GB
[  250.4s] IOs:    122572597  IOPS:   489507  Throughput:  1912.1 MB/s  Total:  467.58 GB
[  250.6s] IOs:    122673388  IOPS:   489543  Throughput:  1912.3 MB/s  Total:  467.96 GB
[  250.8s] IOs:    122774365  IOPS:   489559  Throughput:  1912.3 MB/s  Total:  468.35 GB
[  251.0s] IOs:    122875362  IOPS:   489599  Throughput:  1912.5 MB/s  Total:  468.73 GB
[  251.2s] IOs:    122975386  IOPS:   489631  Throughput:  1912.6 MB/s  Total:  469.11 GB
[  251.3s] IOs:    123076210  IOPS:   489673  Throughput:  1912.8 MB/s  Total:  469.50 GB
[  251.5s] IOs:    123176842  IOPS:   489694  Throughput:  1912.9 MB/s  Total:  469.88 GB
[  251.7s] IOs:    123277596  IOPS:   489731  Throughput:  1913.0 MB/s  Total:  470.27 GB
[  251.9s] IOs:    123378576  IOPS:   489761  Throughput:  1913.1 MB/s  Total:  470.65 GB
[  252.1s] IOs:    123479391  IOPS:   489790  Throughput:  1913.2 MB/s  Total:  471.04 GB
[  252.3s] IOs:    123580169  IOPS:   489821  Throughput:  1913.4 MB/s  Total:  471.42 GB
[  252.5s] IOs:    123680963  IOPS:   489849  Throughput:  1913.5 MB/s  Total:  471.81 GB
[  252.7s] IOs:    123781071  IOPS:   489884  Throughput:  1913.6 MB/s  Total:  472.19 GB
[  252.9s] IOs:    123882114  IOPS:   489915  Throughput:  1913.7 MB/s  Total:  472.57 GB
[  253.1s] IOs:    123982226  IOPS:   489945  Throughput:  1913.8 MB/s  Total:  472.95 GB
[  253.2s] IOs:    124083057  IOPS:   489988  Throughput:  1914.0 MB/s  Total:  473.34 GB
[  253.4s] IOs:    124183823  IOPS:   490027  Throughput:  1914.2 MB/s  Total:  473.72 GB
[  253.6s] IOs:    124284652  IOPS:   490050  Throughput:  1914.3 MB/s  Total:  474.11 GB
[  253.8s] IOs:    124385677  IOPS:   490069  Throughput:  1914.3 MB/s  Total:  474.49 GB
[  254.0s] IOs:    124485706  IOPS:   490095  Throughput:  1914.4 MB/s  Total:  474.88 GB
[  254.2s] IOs:    124586678  IOPS:   490124  Throughput:  1914.5 MB/s  Total:  475.26 GB
[  254.4s] IOs:    124687341  IOPS:   490159  Throughput:  1914.7 MB/s  Total:  475.64 GB
[  254.6s] IOs:    124788065  IOPS:   490191  Throughput:  1914.8 MB/s  Total:  476.03 GB
[  254.8s] IOs:    124888140  IOPS:   490226  Throughput:  1914.9 MB/s  Total:  476.41 GB
[  255.0s] IOs:    124988996  IOPS:   490247  Throughput:  1915.0 MB/s  Total:  476.80 GB
[  255.1s] IOs:    125089834  IOPS:   490284  Throughput:  1915.2 MB/s  Total:  477.18 GB
[  255.3s] IOs:    125190317  IOPS:   490322  Throughput:  1915.3 MB/s  Total:  477.56 GB
[  255.5s] IOs:    125291170  IOPS:   490353  Throughput:  1915.4 MB/s  Total:  477.95 GB
[  255.7s] IOs:    125392147  IOPS:   490350  Throughput:  1915.4 MB/s  Total:  478.33 GB
[  255.9s] IOs:    125493123  IOPS:   490389  Throughput:  1915.6 MB/s  Total:  478.72 GB
[  256.1s] IOs:    125594068  IOPS:   490414  Throughput:  1915.7 MB/s  Total:  479.10 GB
[  256.3s] IOs:    125694726  IOPS:   490435  Throughput:  1915.8 MB/s  Total:  479.49 GB
[  256.5s] IOs:    125795596  IOPS:   490478  Throughput:  1915.9 MB/s  Total:  479.87 GB
[  256.7s] IOs:    125895631  IOPS:   490480  Throughput:  1915.9 MB/s  Total:  480.25 GB
[Reader] Parsed 19000000 lines, distributed 125993803 writes, unique 185.66 GB, skipped 0
[  256.9s] IOs:    125995646  IOPS:   490522  Throughput:  1916.1 MB/s  Total:  480.64 GB
[  257.0s] IOs:    126096504  IOPS:   490556  Throughput:  1916.2 MB/s  Total:  481.02 GB
[  257.2s] IOs:    126197264  IOPS:   490579  Throughput:  1916.3 MB/s  Total:  481.40 GB
[  257.4s] IOs:    126297945  IOPS:   490608  Throughput:  1916.4 MB/s  Total:  481.79 GB
[  257.6s] IOs:    126398070  IOPS:   490644  Throughput:  1916.6 MB/s  Total:  482.17 GB
[  257.8s] IOs:    126499095  IOPS:   490682  Throughput:  1916.7 MB/s  Total:  482.56 GB
[  258.0s] IOs:    126599123  IOPS:   490716  Throughput:  1916.9 MB/s  Total:  482.94 GB
[  258.2s] IOs:    126699871  IOPS:   490729  Throughput:  1916.9 MB/s  Total:  483.32 GB
[  258.4s] IOs:    126800647  IOPS:   490748  Throughput:  1917.0 MB/s  Total:  483.71 GB
[  258.6s] IOs:    126901360  IOPS:   490787  Throughput:  1917.1 MB/s  Total:  484.09 GB
[  258.8s] IOs:    127001515  IOPS:   490782  Throughput:  1917.1 MB/s  Total:  484.47 GB
[  259.0s] IOs:    127102294  IOPS:   490818  Throughput:  1917.3 MB/s  Total:  484.86 GB
[  259.1s] IOs:    127202326  IOPS:   490861  Throughput:  1917.4 MB/s  Total:  485.24 GB
[  259.3s] IOs:    127302383  IOPS:   490890  Throughput:  1917.5 MB/s  Total:  485.62 GB
[  259.5s] IOs:    127403277  IOPS:   490903  Throughput:  1917.6 MB/s  Total:  486.00 GB
[  259.7s] IOs:    127504256  IOPS:   490910  Throughput:  1917.6 MB/s  Total:  486.39 GB
[  259.9s] IOs:    127605180  IOPS:   490955  Throughput:  1917.8 MB/s  Total:  486.78 GB
[  260.1s] IOs:    127706065  IOPS:   490993  Throughput:  1917.9 MB/s  Total:  487.16 GB
[  260.3s] IOs:    127806871  IOPS:   491024  Throughput:  1918.1 MB/s  Total:  487.54 GB
[  260.5s] IOs:    127907711  IOPS:   491059  Throughput:  1918.2 MB/s  Total:  487.93 GB
[  260.7s] IOs:    128007735  IOPS:   491104  Throughput:  1918.4 MB/s  Total:  488.31 GB
[  260.8s] IOs:    128107995  IOPS:   491141  Throughput:  1918.5 MB/s  Total:  488.69 GB
[  261.0s] IOs:    128208961  IOPS:   491174  Throughput:  1918.6 MB/s  Total:  489.08 GB
[  261.2s] IOs:    128309684  IOPS:   491186  Throughput:  1918.7 MB/s  Total:  489.46 GB
[  261.4s] IOs:    128409748  IOPS:   491220  Throughput:  1918.8 MB/s  Total:  489.84 GB
[  261.6s] IOs:    128510706  IOPS:   491257  Throughput:  1919.0 MB/s  Total:  490.23 GB
[  261.8s] IOs:    128610768  IOPS:   491284  Throughput:  1919.1 MB/s  Total:  490.61 GB
[  262.0s] IOs:    128711711  IOPS:   491316  Throughput:  1919.2 MB/s  Total:  491.00 GB
[  262.2s] IOs:    128812339  IOPS:   491356  Throughput:  1919.4 MB/s  Total:  491.38 GB
[  262.4s] IOs:    128913053  IOPS:   491360  Throughput:  1919.4 MB/s  Total:  491.76 GB
[  262.6s] IOs:    129013828  IOPS:   491369  Throughput:  1919.4 MB/s  Total:  492.15 GB
[  262.8s] IOs:    129114841  IOPS:   491392  Throughput:  1919.5 MB/s  Total:  492.53 GB
[  262.9s] IOs:    129215758  IOPS:   491429  Throughput:  1919.6 MB/s  Total:  492.92 GB
[  263.1s] IOs:    129315780  IOPS:   491467  Throughput:  1919.8 MB/s  Total:  493.30 GB
[  263.3s] IOs:    129416668  IOPS:   491507  Throughput:  1919.9 MB/s  Total:  493.69 GB
[  263.5s] IOs:    129517521  IOPS:   491533  Throughput:  1920.1 MB/s  Total:  494.07 GB
[  263.7s] IOs:    129617578  IOPS:   491569  Throughput:  1920.2 MB/s  Total:  494.45 GB
[  263.9s] IOs:    129717805  IOPS:   491609  Throughput:  1920.3 MB/s  Total:  494.83 GB
[  264.1s] IOs:    129818665  IOPS:   491638  Throughput:  1920.5 MB/s  Total:  495.22 GB
[  264.3s] IOs:    129919245  IOPS:   491638  Throughput:  1920.5 MB/s  Total:  495.60 GB
[  264.4s] IOs:    130019444  IOPS:   491680  Throughput:  1920.6 MB/s  Total:  495.98 GB
[  264.6s] IOs:    130120174  IOPS:   491707  Throughput:  1920.7 MB/s  Total:  496.37 GB
[  264.8s] IOs:    130221043  IOPS:   491746  Throughput:  1920.9 MB/s  Total:  496.75 GB
[  265.0s] IOs:    130321078  IOPS:   491783  Throughput:  1921.0 MB/s  Total:  497.14 GB
[  265.2s] IOs:    130421935  IOPS:   491805  Throughput:  1921.1 MB/s  Total:  497.52 GB
[  265.4s] IOs:    130522003  IOPS:   491832  Throughput:  1921.2 MB/s  Total:  497.90 GB
[  265.6s] IOs:    130622906  IOPS:   491826  Throughput:  1921.2 MB/s  Total:  498.29 GB
[  265.8s] IOs:    130723877  IOPS:   491853  Throughput:  1921.3 MB/s  Total:  498.67 GB
[Reader] Parsed 20000000 lines, distributed 130735448 writes, unique 188.18 GB, skipped 0
[  266.0s] IOs:    130823921  IOPS:   491847  Throughput:  1921.3 MB/s  Total:  499.05 GB
[  266.2s] IOs:    130924776  IOPS:   491872  Throughput:  1921.4 MB/s  Total:  499.44 GB
[  266.4s] IOs:    131025708  IOPS:   491888  Throughput:  1921.4 MB/s  Total:  499.82 GB
[  266.6s] IOs:    131126655  IOPS:   491883  Throughput:  1921.4 MB/s  Total:  500.21 GB
[  266.8s] IOs:    131226678  IOPS:   491895  Throughput:  1921.5 MB/s  Total:  500.59 GB
[  267.0s] IOs:    131326720  IOPS:   491911  Throughput:  1921.5 MB/s  Total:  500.97 GB
[  267.2s] IOs:    131427543  IOPS:   491945  Throughput:  1921.7 MB/s  Total:  501.36 GB
[  267.4s] IOs:    131528361  IOPS:   491968  Throughput:  1921.8 MB/s  Total:  501.74 GB
[  267.5s] IOs:    131629258  IOPS:   492003  Throughput:  1921.9 MB/s  Total:  502.13 GB
[  267.8s] IOs:    131730229  IOPS:   491983  Throughput:  1921.8 MB/s  Total:  502.51 GB
[  267.9s] IOs:    131831248  IOPS:   492003  Throughput:  1921.9 MB/s  Total:  502.90 GB
[  268.1s] IOs:    131932139  IOPS:   492032  Throughput:  1922.0 MB/s  Total:  503.28 GB
[  268.3s] IOs:    132032804  IOPS:   492066  Throughput:  1922.1 MB/s  Total:  503.67 GB
[  268.5s] IOs:    132133752  IOPS:   492068  Throughput:  1922.1 MB/s  Total:  504.05 GB
[  268.7s] IOs:    132234615  IOPS:   492080  Throughput:  1922.2 MB/s  Total:  504.44 GB
[  268.9s] IOs:    132334724  IOPS:   492090  Throughput:  1922.2 MB/s  Total:  504.82 GB
[  269.1s] IOs:    132434848  IOPS:   492119  Throughput:  1922.3 MB/s  Total:  505.20 GB
[  269.3s] IOs:    132535599  IOPS:   492154  Throughput:  1922.5 MB/s  Total:  505.58 GB
[  269.5s] IOs:    132636328  IOPS:   492189  Throughput:  1922.6 MB/s  Total:  505.97 GB
[  269.7s] IOs:    132736603  IOPS:   492209  Throughput:  1922.7 MB/s  Total:  506.35 GB
[  269.9s] IOs:    132837618  IOPS:   492228  Throughput:  1922.8 MB/s  Total:  506.74 GB
[  270.1s] IOs:    132938577  IOPS:   492259  Throughput:  1922.9 MB/s  Total:  507.12 GB
[  270.2s] IOs:    133039378  IOPS:   492290  Throughput:  1923.0 MB/s  Total:  507.50 GB
[  270.4s] IOs:    133140191  IOPS:   492325  Throughput:  1923.1 MB/s  Total:  507.89 GB
[  270.6s] IOs:    133240273  IOPS:   492350  Throughput:  1923.2 MB/s  Total:  508.27 GB
[  270.8s] IOs:    133341187  IOPS:   492383  Throughput:  1923.4 MB/s  Total:  508.66 GB
[  271.0s] IOs:    133441235  IOPS:   492421  Throughput:  1923.5 MB/s  Total:  509.04 GB
[  271.2s] IOs:    133542163  IOPS:   492437  Throughput:  1923.6 MB/s  Total:  509.42 GB
[  271.4s] IOs:    133643069  IOPS:   492450  Throughput:  1923.6 MB/s  Total:  509.81 GB
[  271.6s] IOs:    133743942  IOPS:   492461  Throughput:  1923.7 MB/s  Total:  510.19 GB
[  271.8s] IOs:    133844817  IOPS:   492496  Throughput:  1923.8 MB/s  Total:  510.58 GB
[  272.0s] IOs:    133945086  IOPS:   492515  Throughput:  1923.9 MB/s  Total:  510.96 GB
[  272.1s] IOs:    134046048  IOPS:   492548  Throughput:  1924.0 MB/s  Total:  511.35 GB
[  272.3s] IOs:    134146757  IOPS:   492578  Throughput:  1924.1 MB/s  Total:  511.73 GB
[  272.5s] IOs:    134247562  IOPS:   492613  Throughput:  1924.3 MB/s  Total:  512.11 GB
[  272.7s] IOs:    134348418  IOPS:   492629  Throughput:  1924.3 MB/s  Total:  512.50 GB
[  272.9s] IOs:    134448469  IOPS:   492665  Throughput:  1924.5 MB/s  Total:  512.88 GB
[  273.1s] IOs:    134549302  IOPS:   492683  Throughput:  1924.5 MB/s  Total:  513.26 GB
[  273.3s] IOs:    134649889  IOPS:   492674  Throughput:  1924.5 MB/s  Total:  513.65 GB
[  273.5s] IOs:    134750672  IOPS:   492688  Throughput:  1924.6 MB/s  Total:  514.03 GB
[  273.7s] IOs:    134851662  IOPS:   492708  Throughput:  1924.6 MB/s  Total:  514.42 GB
[  277.7s] IOs:    134952463  IOPS:   485909  Throughput:  1898.1 MB/s  Total:  514.80 GB
[  277.9s] IOs:    135052497  IOPS:   485938  Throughput:  1898.2 MB/s  Total:  515.18 GB
[  278.1s] IOs:    135153264  IOPS:   485951  Throughput:  1898.2 MB/s  Total:  515.57 GB
[  278.3s] IOs:    135253918  IOPS:   485966  Throughput:  1898.3 MB/s  Total:  515.95 GB
[  278.5s] IOs:    135354056  IOPS:   485988  Throughput:  1898.4 MB/s  Total:  516.33 GB
[  278.7s] IOs:    135454993  IOPS:   486014  Throughput:  1898.5 MB/s  Total:  516.72 GB
[Reader] Parsed 21000000 lines, distributed 135556497 writes, unique 191.16 GB, skipped 0
[  278.9s] IOs:    135555857  IOPS:   486027  Throughput:  1898.5 MB/s  Total:  517.10 GB
[  279.1s] IOs:    135656542  IOPS:   486058  Throughput:  1898.7 MB/s  Total:  517.49 GB
[  279.3s] IOs:    135757419  IOPS:   486065  Throughput:  1898.7 MB/s  Total:  517.87 GB
[  279.5s] IOs:    135858335  IOPS:   486084  Throughput:  1898.8 MB/s  Total:  518.26 GB
[  279.7s] IOs:    135958372  IOPS:   486126  Throughput:  1898.9 MB/s  Total:  518.64 GB
[  279.9s] IOs:    136059311  IOPS:   486142  Throughput:  1899.0 MB/s  Total:  519.03 GB
[  280.1s] IOs:    136160279  IOPS:   486154  Throughput:  1899.0 MB/s  Total:  519.41 GB
[  280.3s] IOs:    136261154  IOPS:   486178  Throughput:  1899.1 MB/s  Total:  519.80 GB
[  280.5s] IOs:    136361972  IOPS:   486199  Throughput:  1899.2 MB/s  Total:  520.18 GB
[  280.7s] IOs:    136462049  IOPS:   486214  Throughput:  1899.3 MB/s  Total:  520.56 GB
[  280.8s] IOs:    136562059  IOPS:   486254  Throughput:  1899.4 MB/s  Total:  520.94 GB
[  281.0s] IOs:    136662871  IOPS:   486286  Throughput:  1899.6 MB/s  Total:  521.33 GB
[  281.2s] IOs:    136763741  IOPS:   486303  Throughput:  1899.6 MB/s  Total:  521.71 GB
[  281.5s] IOs:    136864455  IOPS:   486255  Throughput:  1899.4 MB/s  Total:  522.10 GB
[  281.7s] IOs:    136965236  IOPS:   486247  Throughput:  1899.4 MB/s  Total:  522.48 GB
[  281.9s] IOs:    137065762  IOPS:   486289  Throughput:  1899.6 MB/s  Total:  522.86 GB
[  282.1s] IOs:    137166597  IOPS:   486230  Throughput:  1899.3 MB/s  Total:  523.25 GB
[  282.3s] IOs:    137267246  IOPS:   486276  Throughput:  1899.5 MB/s  Total:  523.63 GB
[  282.5s] IOs:    137367842  IOPS:   486197  Throughput:  1899.2 MB/s  Total:  524.02 GB
[  282.7s] IOs:    137468589  IOPS:   486251  Throughput:  1899.4 MB/s  Total:  524.40 GB
[  282.9s] IOs:    137569147  IOPS:   486275  Throughput:  1899.5 MB/s  Total:  524.78 GB
[  283.1s] IOs:    137669763  IOPS:   486233  Throughput:  1899.3 MB/s  Total:  525.17 GB
[  283.3s] IOs:    137770544  IOPS:   486290  Throughput:  1899.6 MB/s  Total:  525.55 GB
[  283.5s] IOs:    137870890  IOPS:   486264  Throughput:  1899.5 MB/s  Total:  525.94 GB
[  283.7s] IOs:    137971762  IOPS:   486304  Throughput:  1899.6 MB/s  Total:  526.32 GB
[  283.9s] IOs:    138072380  IOPS:   486366  Throughput:  1899.9 MB/s  Total:  526.70 GB
[  284.1s] IOs:    138173389  IOPS:   486392  Throughput:  1900.0 MB/s  Total:  527.09 GB
[  284.3s] IOs:    138274059  IOPS:   486436  Throughput:  1900.1 MB/s  Total:  527.47 GB
[  284.4s] IOs:    138374230  IOPS:   486503  Throughput:  1900.4 MB/s  Total:  527.86 GB
[  284.6s] IOs:    138474295  IOPS:   486543  Throughput:  1900.6 MB/s  Total:  528.24 GB
[  284.8s] IOs:    138575269  IOPS:   486563  Throughput:  1900.6 MB/s  Total:  528.62 GB
[  285.2s] IOs:    138676072  IOPS:   486205  Throughput:  1899.2 MB/s  Total:  529.01 GB
[  285.4s] IOs:    138776511  IOPS:   486226  Throughput:  1899.3 MB/s  Total:  529.39 GB
[  285.6s] IOs:    138876945  IOPS:   486289  Throughput:  1899.6 MB/s  Total:  529.77 GB
[  285.8s] IOs:    138977666  IOPS:   486350  Throughput:  1899.8 MB/s  Total:  530.16 GB
[  286.1s] IOs:    139078344  IOPS:   486116  Throughput:  1898.9 MB/s  Total:  530.54 GB
[  286.3s] IOs:    139178940  IOPS:   486152  Throughput:  1899.0 MB/s  Total:  530.93 GB
[  286.6s] IOs:    139279753  IOPS:   486013  Throughput:  1898.5 MB/s  Total:  531.31 GB
[  286.8s] IOs:    139380375  IOPS:   486063  Throughput:  1898.7 MB/s  Total:  531.69 GB
[  287.0s] IOs:    139480542  IOPS:   485928  Throughput:  1898.2 MB/s  Total:  532.08 GB
[  287.2s] IOs:    139581121  IOPS:   485968  Throughput:  1898.3 MB/s  Total:  532.46 GB
[  287.4s] IOs:    139681124  IOPS:   486038  Throughput:  1898.6 MB/s  Total:  532.84 GB
[  287.7s] IOs:    139781769  IOPS:   485934  Throughput:  1898.2 MB/s  Total:  533.23 GB
[  287.8s] IOs:    139882311  IOPS:   485989  Throughput:  1898.4 MB/s  Total:  533.61 GB
[  288.1s] IOs:    139982867  IOPS:   485911  Throughput:  1898.1 MB/s  Total:  533.99 GB
[  288.6s] IOs:    140083771  IOPS:   485470  Throughput:  1896.4 MB/s  Total:  534.38 GB
[  288.7s] IOs:    140184561  IOPS:   485530  Throughput:  1896.6 MB/s  Total:  534.76 GB
[  289.3s] IOs:    140285416  IOPS:   484927  Throughput:  1894.2 MB/s  Total:  535.15 GB
[  289.6s] IOs:    140385969  IOPS:   484710  Throughput:  1893.4 MB/s  Total:  535.53 GB
[  290.1s] IOs:    140486453  IOPS:   484285  Throughput:  1891.7 MB/s  Total:  535.91 GB
[  290.3s] IOs:    140587180  IOPS:   484259  Throughput:  1891.6 MB/s  Total:  536.30 GB
[  290.9s] IOs:    140687474  IOPS:   483653  Throughput:  1889.3 MB/s  Total:  536.68 GB
[Reader] Parsed 22000000 lines, distributed 140706870 writes, unique 196.03 GB, skipped 0
[  291.1s] IOs:    140788345  IOPS:   483696  Throughput:  1889.4 MB/s  Total:  537.06 GB
[  291.3s] IOs:    140889225  IOPS:   483727  Throughput:  1889.6 MB/s  Total:  537.45 GB
[  291.4s] IOs:    140989988  IOPS:   483768  Throughput:  1889.7 MB/s  Total:  537.83 GB
[  291.6s] IOs:    141090628  IOPS:   483802  Throughput:  1889.9 MB/s  Total:  538.22 GB
[  291.8s] IOs:    141191629  IOPS:   483836  Throughput:  1890.0 MB/s  Total:  538.60 GB
[  292.0s] IOs:    141291723  IOPS:   483860  Throughput:  1890.1 MB/s  Total:  538.99 GB
[  292.2s] IOs:    141392658  IOPS:   483893  Throughput:  1890.2 MB/s  Total:  539.37 GB
[  292.4s] IOs:    141493377  IOPS:   483913  Throughput:  1890.3 MB/s  Total:  539.75 GB
[  292.6s] IOs:    141594038  IOPS:   483880  Throughput:  1890.2 MB/s  Total:  540.14 GB
[  292.8s] IOs:    141694816  IOPS:   483952  Throughput:  1890.4 MB/s  Total:  540.52 GB
[  293.1s] IOs:    141795550  IOPS:   483760  Throughput:  1889.7 MB/s  Total:  540.91 GB
[  293.3s] IOs:    141896257  IOPS:   483819  Throughput:  1889.9 MB/s  Total:  541.29 GB
[  293.5s] IOs:    141996789  IOPS:   483858  Throughput:  1890.1 MB/s  Total:  541.67 GB
[  293.7s] IOs:    142097471  IOPS:   483886  Throughput:  1890.2 MB/s  Total:  542.06 GB
[  293.8s] IOs:    142198179  IOPS:   483931  Throughput:  1890.4 MB/s  Total:  542.44 GB
[  294.0s] IOs:    142298783  IOPS:   483976  Throughput:  1890.5 MB/s  Total:  542.83 GB
[  294.3s] IOs:    142399345  IOPS:   483937  Throughput:  1890.4 MB/s  Total:  543.21 GB
[  294.4s] IOs:    142499863  IOPS:   483990  Throughput:  1890.6 MB/s  Total:  543.59 GB
[  294.6s] IOs:    142600311  IOPS:   484019  Throughput:  1890.7 MB/s  Total:  543.98 GB
[  294.8s] IOs:    142700865  IOPS:   484091  Throughput:  1891.0 MB/s  Total:  544.36 GB
[  295.0s] IOs:    142801520  IOPS:   484153  Throughput:  1891.2 MB/s  Total:  544.74 GB
[  295.1s] IOs:    142902498  IOPS:   484195  Throughput:  1891.4 MB/s  Total:  545.13 GB
[  295.3s] IOs:    143003144  IOPS:   484256  Throughput:  1891.6 MB/s  Total:  545.51 GB
[  295.9s] IOs:    143103854  IOPS:   483550  Throughput:  1888.9 MB/s  Total:  545.90 GB
[  296.2s] IOs:    143204658  IOPS:   483522  Throughput:  1888.8 MB/s  Total:  546.28 GB
[  296.6s] IOs:    143305563  IOPS:   483128  Throughput:  1887.2 MB/s  Total:  546.67 GB
[  296.9s] IOs:    143406561  IOPS:   483060  Throughput:  1887.0 MB/s  Total:  547.05 GB
[  297.2s] IOs:    143507035  IOPS:   482862  Throughput:  1886.2 MB/s  Total:  547.44 GB
[  297.6s] IOs:    143607802  IOPS:   482500  Throughput:  1884.8 MB/s  Total:  547.82 GB
[  297.9s] IOs:    143708403  IOPS:   482461  Throughput:  1884.6 MB/s  Total:  548.20 GB
[  298.4s] IOs:    143808867  IOPS:   481964  Throughput:  1882.7 MB/s  Total:  548.59 GB
[  298.6s] IOs:    143909754  IOPS:   481946  Throughput:  1882.6 MB/s  Total:  548.97 GB
[  298.8s] IOs:    144010542  IOPS:   481974  Throughput:  1882.7 MB/s  Total:  549.36 GB
[  299.0s] IOs:    144111392  IOPS:   481956  Throughput:  1882.6 MB/s  Total:  549.74 GB
[  299.2s] IOs:    144211443  IOPS:   481961  Throughput:  1882.7 MB/s  Total:  550.12 GB
[  299.4s] IOs:    144312467  IOPS:   481975  Throughput:  1882.7 MB/s  Total:  550.51 GB
[  299.6s] IOs:    144412603  IOPS:   481986  Throughput:  1882.8 MB/s  Total:  550.89 GB
[  299.8s] IOs:    144513541  IOPS:   482009  Throughput:  1882.8 MB/s  Total:  551.28 GB
[  300.0s] IOs:    144613580  IOPS:   482026  Throughput:  1882.9 MB/s  Total:  551.66 GB
[  300.3s] IOs:    144714308  IOPS:   481961  Throughput:  1882.7 MB/s  Total:  552.04 GB
[  300.4s] IOs:    144814738  IOPS:   482015  Throughput:  1882.9 MB/s  Total:  552.42 GB
[  300.6s] IOs:    144915235  IOPS:   482075  Throughput:  1883.1 MB/s  Total:  552.81 GB
[  300.8s] IOs:    145015480  IOPS:   482131  Throughput:  1883.3 MB/s  Total:  553.19 GB
[  301.0s] IOs:    145116340  IOPS:   482174  Throughput:  1883.5 MB/s  Total:  553.57 GB
[  301.2s] IOs:    145216340  IOPS:   482098  Throughput:  1883.2 MB/s  Total:  553.96 GB
[  301.4s] IOs:    145316948  IOPS:   482150  Throughput:  1883.4 MB/s  Total:  554.34 GB
[  301.6s] IOs:    145417846  IOPS:   482115  Throughput:  1883.3 MB/s  Total:  554.73 GB
[  301.8s] IOs:    145518484  IOPS:   482155  Throughput:  1883.4 MB/s  Total:  555.11 GB
[  302.0s] IOs:    145618808  IOPS:   482213  Throughput:  1883.6 MB/s  Total:  555.49 GB
[  302.2s] IOs:    145719336  IOPS:   482204  Throughput:  1883.6 MB/s  Total:  555.88 GB
[  302.4s] IOs:    145820026  IOPS:   482263  Throughput:  1883.8 MB/s  Total:  556.26 GB
[Reader] Parsed 23000000 lines, distributed 145822939 writes, unique 201.29 GB, skipped 0
[  302.7s] IOs:    145920429  IOPS:   482139  Throughput:  1883.4 MB/s  Total:  556.64 GB
[  302.8s] IOs:    146021125  IOPS:   482198  Throughput:  1883.6 MB/s  Total:  557.03 GB
[  303.0s] IOs:    146121771  IOPS:   482205  Throughput:  1883.6 MB/s  Total:  557.41 GB
[  303.4s] IOs:    146222575  IOPS:   481988  Throughput:  1882.8 MB/s  Total:  557.79 GB
[  303.6s] IOs:    146322735  IOPS:   482030  Throughput:  1882.9 MB/s  Total:  558.18 GB
[  303.7s] IOs:    146423404  IOPS:   482076  Throughput:  1883.1 MB/s  Total:  558.56 GB
[  303.9s] IOs:    146523553  IOPS:   482125  Throughput:  1883.3 MB/s  Total:  558.94 GB
[  304.3s] IOs:    146623657  IOPS:   481766  Throughput:  1881.9 MB/s  Total:  559.32 GB
[  304.5s] IOs:    146723677  IOPS:   481826  Throughput:  1882.1 MB/s  Total:  559.71 GB
[  304.7s] IOs:    146824574  IOPS:   481824  Throughput:  1882.1 MB/s  Total:  560.09 GB
[  304.9s] IOs:    146925149  IOPS:   481887  Throughput:  1882.4 MB/s  Total:  560.47 GB
[  305.1s] IOs:    147025589  IOPS:   481824  Throughput:  1882.1 MB/s  Total:  560.86 GB
[  305.3s] IOs:    147125842  IOPS:   481861  Throughput:  1882.3 MB/s  Total:  561.24 GB
[  305.5s] IOs:    147225994  IOPS:   481905  Throughput:  1882.4 MB/s  Total:  561.62 GB
[  305.9s] IOs:    147326209  IOPS:   481665  Throughput:  1881.5 MB/s  Total:  562.00 GB
[  306.0s] IOs:    147426680  IOPS:   481719  Throughput:  1881.7 MB/s  Total:  562.39 GB
[  306.2s] IOs:    147526791  IOPS:   481770  Throughput:  1881.9 MB/s  Total:  562.77 GB
[  306.4s] IOs:    147627120  IOPS:   481818  Throughput:  1882.1 MB/s  Total:  563.15 GB
[  306.7s] IOs:    147727995  IOPS:   481732  Throughput:  1881.8 MB/s  Total:  563.54 GB
[  306.8s] IOs:    147828733  IOPS:   481765  Throughput:  1881.9 MB/s  Total:  563.92 GB
[  307.1s] IOs:    147928972  IOPS:   481764  Throughput:  1881.9 MB/s  Total:  564.30 GB
[  307.3s] IOs:    148029068  IOPS:   481654  Throughput:  1881.5 MB/s  Total:  564.69 GB
[  307.5s] IOs:    148129304  IOPS:   481680  Throughput:  1881.6 MB/s  Total:  565.07 GB
[  307.7s] IOs:    148229382  IOPS:   481685  Throughput:  1881.6 MB/s  Total:  565.45 GB
[  307.9s] IOs:    148329557  IOPS:   481735  Throughput:  1881.8 MB/s  Total:  565.83 GB
[  308.2s] IOs:    148429684  IOPS:   481584  Throughput:  1881.2 MB/s  Total:  566.21 GB
[  308.4s] IOs:    148529686  IOPS:   481624  Throughput:  1881.3 MB/s  Total:  566.60 GB
[  308.6s] IOs:    148629793  IOPS:   481652  Throughput:  1881.5 MB/s  Total:  566.98 GB
[  308.8s] IOs:    148730436  IOPS:   481692  Throughput:  1881.6 MB/s  Total:  567.36 GB
[  309.0s] IOs:    148831328  IOPS:   481717  Throughput:  1881.7 MB/s  Total:  567.75 GB
[  309.1s] IOs:    148931333  IOPS:   481748  Throughput:  1881.8 MB/s  Total:  568.13 GB
[  309.3s] IOs:    149032244  IOPS:   481781  Throughput:  1882.0 MB/s  Total:  568.51 GB
[  309.5s] IOs:    149132375  IOPS:   481817  Throughput:  1882.1 MB/s  Total:  568.89 GB
[  309.7s] IOs:    149232420  IOPS:   481838  Throughput:  1882.2 MB/s  Total:  569.28 GB
[  309.9s] IOs:    149333046  IOPS:   481852  Throughput:  1882.2 MB/s  Total:  569.66 GB
[  310.1s] IOs:    149433524  IOPS:   481864  Throughput:  1882.3 MB/s  Total:  570.04 GB
[  310.3s] IOs:    149533527  IOPS:   481917  Throughput:  1882.5 MB/s  Total:  570.43 GB
[  310.5s] IOs:    149634220  IOPS:   481977  Throughput:  1882.7 MB/s  Total:  570.81 GB
[  310.8s] IOs:    149734612  IOPS:   481814  Throughput:  1882.1 MB/s  Total:  571.19 GB
[  311.0s] IOs:    149835462  IOPS:   481855  Throughput:  1882.2 MB/s  Total:  571.58 GB
[  311.1s] IOs:    149935643  IOPS:   481902  Throughput:  1882.4 MB/s  Total:  571.96 GB
[  311.3s] IOs:    150036071  IOPS:   481918  Throughput:  1882.5 MB/s  Total:  572.34 GB
[  311.6s] IOs:    150136906  IOPS:   481777  Throughput:  1881.9 MB/s  Total:  572.73 GB
[  311.8s] IOs:    150237745  IOPS:   481789  Throughput:  1882.0 MB/s  Total:  573.11 GB
[  312.0s] IOs:    150338545  IOPS:   481823  Throughput:  1882.1 MB/s  Total:  573.50 GB
[  312.2s] IOs:    150439231  IOPS:   481849  Throughput:  1882.2 MB/s  Total:  573.88 GB
[Reader] Parsed 24000000 lines, distributed 150469247 writes, unique 203.30 GB, skipped 0
[  312.4s] IOs:    150539236  IOPS:   481880  Throughput:  1882.3 MB/s  Total:  574.26 GB
[  312.6s] IOs:    150639968  IOPS:   481819  Throughput:  1882.1 MB/s  Total:  574.65 GB
[  312.8s] IOs:    150740861  IOPS:   481850  Throughput:  1882.2 MB/s  Total:  575.03 GB
[  313.0s] IOs:    150841631  IOPS:   481882  Throughput:  1882.4 MB/s  Total:  575.42 GB
[  313.2s] IOs:    150942326  IOPS:   481911  Throughput:  1882.5 MB/s  Total:  575.80 GB
[  313.4s] IOs:    151042713  IOPS:   481901  Throughput:  1882.4 MB/s  Total:  576.18 GB
[  313.6s] IOs:    151143200  IOPS:   481964  Throughput:  1882.7 MB/s  Total:  576.57 GB
[  313.8s] IOs:    151243225  IOPS:   482016  Throughput:  1882.9 MB/s  Total:  576.95 GB
[  314.0s] IOs:    151344217  IOPS:   482064  Throughput:  1883.1 MB/s  Total:  577.33 GB
[  314.3s] IOs:    151444767  IOPS:   481892  Throughput:  1882.4 MB/s  Total:  577.72 GB
[  314.5s] IOs:    151545415  IOPS:   481902  Throughput:  1882.4 MB/s  Total:  578.10 GB
[  314.7s] IOs:    151646405  IOPS:   481925  Throughput:  1882.5 MB/s  Total:  578.49 GB
[  314.9s] IOs:    151747266  IOPS:   481954  Throughput:  1882.6 MB/s  Total:  578.87 GB
[  315.1s] IOs:    151847954  IOPS:   481948  Throughput:  1882.6 MB/s  Total:  579.25 GB
[  315.3s] IOs:    151948652  IOPS:   481974  Throughput:  1882.7 MB/s  Total:  579.64 GB
[  315.5s] IOs:    152049618  IOPS:   481902  Throughput:  1882.4 MB/s  Total:  580.02 GB
[  315.7s] IOs:    152150428  IOPS:   481926  Throughput:  1882.5 MB/s  Total:  580.41 GB
[  315.9s] IOs:    152251190  IOPS:   481957  Throughput:  1882.6 MB/s  Total:  580.79 GB
[  316.1s] IOs:    152352078  IOPS:   481998  Throughput:  1882.8 MB/s  Total:  581.18 GB
[  316.3s] IOs:    152452857  IOPS:   482030  Throughput:  1882.9 MB/s  Total:  581.56 GB
[  316.5s] IOs:    152553680  IOPS:   482031  Throughput:  1882.9 MB/s  Total:  581.95 GB
[  316.7s] IOs:    152653945  IOPS:   482056  Throughput:  1883.0 MB/s  Total:  582.33 GB
[  316.9s] IOs:    152753996  IOPS:   482099  Throughput:  1883.2 MB/s  Total:  582.71 GB
[  317.1s] IOs:    152854096  IOPS:   482093  Throughput:  1883.2 MB/s  Total:  583.09 GB
[  317.4s] IOs:    152954219  IOPS:   481896  Throughput:  1882.4 MB/s  Total:  583.47 GB
[  317.6s] IOs:    153054955  IOPS:   481923  Throughput:  1882.5 MB/s  Total:  583.86 GB
[  317.8s] IOs:    153155683  IOPS:   481931  Throughput:  1882.5 MB/s  Total:  584.24 GB
[  318.0s] IOs:    153256454  IOPS:   481951  Throughput:  1882.6 MB/s  Total:  584.63 GB
[  318.2s] IOs:    153357225  IOPS:   481977  Throughput:  1882.7 MB/s  Total:  585.01 GB
[  318.4s] IOs:    153457820  IOPS:   481950  Throughput:  1882.6 MB/s  Total:  585.40 GB
[  318.6s] IOs:    153558748  IOPS:   481965  Throughput:  1882.7 MB/s  Total:  585.78 GB
[  318.8s] IOs:    153659654  IOPS:   481999  Throughput:  1882.8 MB/s  Total:  586.17 GB
[  319.0s] IOs:    153760529  IOPS:   482018  Throughput:  1882.9 MB/s  Total:  586.55 GB
[  319.2s] IOs:    153860688  IOPS:   482051  Throughput:  1883.0 MB/s  Total:  586.93 GB
[  319.4s] IOs:    153960711  IOPS:   482088  Throughput:  1883.2 MB/s  Total:  587.31 GB
[  319.6s] IOs:    154061650  IOPS:   482110  Throughput:  1883.2 MB/s  Total:  587.70 GB
[  319.8s] IOs:    154162409  IOPS:   482128  Throughput:  1883.3 MB/s  Total:  588.08 GB
[  319.9s] IOs:    154262997  IOPS:   482187  Throughput:  1883.5 MB/s  Total:  588.47 GB
[  320.1s] IOs:    154363822  IOPS:   482236  Throughput:  1883.7 MB/s  Total:  588.85 GB
[  320.3s] IOs:    154464239  IOPS:   482274  Throughput:  1883.9 MB/s  Total:  589.23 GB
[  320.5s] IOs:    154564459  IOPS:   482312  Throughput:  1884.0 MB/s  Total:  589.62 GB
[  320.7s] IOs:    154664940  IOPS:   482325  Throughput:  1884.1 MB/s  Total:  590.00 GB
[  320.9s] IOs:    154765365  IOPS:   482313  Throughput:  1884.0 MB/s  Total:  590.38 GB
[  321.1s] IOs:    154865666  IOPS:   482365  Throughput:  1884.2 MB/s  Total:  590.77 GB
[  321.3s] IOs:    154965691  IOPS:   482268  Throughput:  1883.9 MB/s  Total:  591.15 GB
[  321.5s] IOs:    155066381  IOPS:   482300  Throughput:  1884.0 MB/s  Total:  591.53 GB
[  321.7s] IOs:    155166975  IOPS:   482333  Throughput:  1884.1 MB/s  Total:  591.92 GB
[  321.9s] IOs:    155267957  IOPS:   482364  Throughput:  1884.2 MB/s  Total:  592.30 GB
[  322.1s] IOs:    155368046  IOPS:   482396  Throughput:  1884.4 MB/s  Total:  592.68 GB
[  322.3s] IOs:    155469005  IOPS:   482429  Throughput:  1884.5 MB/s  Total:  593.07 GB
[  322.4s] IOs:    155569697  IOPS:   482465  Throughput:  1884.6 MB/s  Total:  593.45 GB
[  322.7s] IOs:    155670524  IOPS:   482459  Throughput:  1884.6 MB/s  Total:  593.84 GB
[  322.9s] IOs:    155770969  IOPS:   482480  Throughput:  1884.7 MB/s  Total:  594.22 GB
[  323.0s] IOs:    155871266  IOPS:   482518  Throughput:  1884.8 MB/s  Total:  594.60 GB
[  323.2s] IOs:    155971612  IOPS:   482570  Throughput:  1885.0 MB/s  Total:  594.98 GB
[  323.4s] IOs:    156071630  IOPS:   482594  Throughput:  1885.1 MB/s  Total:  595.37 GB
[  323.6s] IOs:    156172497  IOPS:   482547  Throughput:  1884.9 MB/s  Total:  595.75 GB
[Reader] Parsed 25000000 lines, distributed 156179461 writes, unique 209.21 GB, skipped 0
[  323.8s] IOs:    156273422  IOPS:   482582  Throughput:  1885.1 MB/s  Total:  596.14 GB
[  324.1s] IOs:    156374396  IOPS:   482499  Throughput:  1884.8 MB/s  Total:  596.52 GB
[  324.3s] IOs:    156475187  IOPS:   482523  Throughput:  1884.9 MB/s  Total:  596.91 GB
[  324.5s] IOs:    156576077  IOPS:   482556  Throughput:  1885.0 MB/s  Total:  597.29 GB
[  324.7s] IOs:    156676809  IOPS:   482583  Throughput:  1885.1 MB/s  Total:  597.67 GB
[  324.9s] IOs:    156777680  IOPS:   482605  Throughput:  1885.2 MB/s  Total:  598.06 GB
[  325.1s] IOs:    156878354  IOPS:   482577  Throughput:  1885.1 MB/s  Total:  598.44 GB
[  325.3s] IOs:    156979299  IOPS:   482601  Throughput:  1885.2 MB/s  Total:  598.83 GB
[  325.5s] IOs:    157080037  IOPS:   482623  Throughput:  1885.2 MB/s  Total:  599.21 GB
[  325.7s] IOs:    157180353  IOPS:   482637  Throughput:  1885.3 MB/s  Total:  599.60 GB
[  325.9s] IOs:    157280862  IOPS:   482672  Throughput:  1885.4 MB/s  Total:  599.98 GB
[  326.0s] IOs:    157381341  IOPS:   482694  Throughput:  1885.5 MB/s  Total:  600.36 GB
[  326.2s] IOs:    157481825  IOPS:   482743  Throughput:  1885.7 MB/s  Total:  600.75 GB
[  326.5s] IOs:    157581987  IOPS:   482693  Throughput:  1885.5 MB/s  Total:  601.13 GB
[  326.6s] IOs:    157682412  IOPS:   482737  Throughput:  1885.7 MB/s  Total:  601.51 GB
[  326.8s] IOs:    157782807  IOPS:   482770  Throughput:  1885.8 MB/s  Total:  601.89 GB
[  327.0s] IOs:    157883135  IOPS:   482812  Throughput:  1886.0 MB/s  Total:  602.28 GB
[  327.2s] IOs:    157983434  IOPS:   482820  Throughput:  1886.0 MB/s  Total:  602.66 GB
[  327.5s] IOs:    158083767  IOPS:   482730  Throughput:  1885.7 MB/s  Total:  603.04 GB
[  327.7s] IOs:    158184257  IOPS:   482715  Throughput:  1885.6 MB/s  Total:  603.43 GB
[  327.9s] IOs:    158285035  IOPS:   482724  Throughput:  1885.6 MB/s  Total:  603.81 GB
[  328.1s] IOs:    158385927  IOPS:   482758  Throughput:  1885.8 MB/s  Total:  604.19 GB
[  328.3s] IOs:    158486789  IOPS:   482785  Throughput:  1885.9 MB/s  Total:  604.58 GB
[  328.5s] IOs:    158587015  IOPS:   482825  Throughput:  1886.0 MB/s  Total:  604.96 GB
[  328.7s] IOs:    158687887  IOPS:   482839  Throughput:  1886.1 MB/s  Total:  605.35 GB
[  328.9s] IOs:    158787902  IOPS:   482827  Throughput:  1886.0 MB/s  Total:  605.73 GB
[  329.1s] IOs:    158888309  IOPS:   482788  Throughput:  1885.9 MB/s  Total:  606.11 GB
[  329.3s] IOs:    158988770  IOPS:   482830  Throughput:  1886.1 MB/s  Total:  606.49 GB
[  329.5s] IOs:    159089065  IOPS:   482865  Throughput:  1886.2 MB/s  Total:  606.88 GB
[  329.8s] IOs:    159189975  IOPS:   482700  Throughput:  1885.5 MB/s  Total:  607.26 GB
[  330.0s] IOs:    159290961  IOPS:   482740  Throughput:  1885.7 MB/s  Total:  607.65 GB
[  330.3s] IOs:    159391780  IOPS:   482507  Throughput:  1884.8 MB/s  Total:  608.03 GB
[  330.5s] IOs:    159492188  IOPS:   482555  Throughput:  1885.0 MB/s  Total:  608.41 GB
[  330.7s] IOs:    159592680  IOPS:   482529  Throughput:  1884.9 MB/s  Total:  608.80 GB
[  330.9s] IOs:    159692988  IOPS:   482557  Throughput:  1885.0 MB/s  Total:  609.18 GB
[  331.2s] IOs:    159792988  IOPS:   482446  Throughput:  1884.6 MB/s  Total:  609.56 GB
[  331.4s] IOs:    159893788  IOPS:   482468  Throughput:  1884.6 MB/s  Total:  609.95 GB
[  331.6s] IOs:    159994796  IOPS:   482497  Throughput:  1884.8 MB/s  Total:  610.33 GB
[  331.8s] IOs:    160095743  IOPS:   482478  Throughput:  1884.7 MB/s  Total:  610.72 GB
[  332.0s] IOs:    160195983  IOPS:   482488  Throughput:  1884.7 MB/s  Total:  611.10 GB
[  332.2s] IOs:    160296779  IOPS:   482476  Throughput:  1884.7 MB/s  Total:  611.48 GB
[  332.4s] IOs:    160397676  IOPS:   482484  Throughput:  1884.7 MB/s  Total:  611.87 GB
[  332.6s] IOs:    160498264  IOPS:   482493  Throughput:  1884.7 MB/s  Total:  612.25 GB
[  332.8s] IOs:    160598866  IOPS:   482536  Throughput:  1884.9 MB/s  Total:  612.64 GB
[  333.0s] IOs:    160699524  IOPS:   482599  Throughput:  1885.2 MB/s  Total:  613.02 GB
[  333.3s] IOs:    160800002  IOPS:   482465  Throughput:  1884.6 MB/s  Total:  613.40 GB
[  333.5s] IOs:    160901011  IOPS:   482492  Throughput:  1884.7 MB/s  Total:  613.79 GB
[  333.7s] IOs:    161001407  IOPS:   482456  Throughput:  1884.6 MB/s  Total:  614.17 GB
[  333.9s] IOs:    161101836  IOPS:   482502  Throughput:  1884.8 MB/s  Total:  614.55 GB
[  334.1s] IOs:    161202152  IOPS:   482542  Throughput:  1884.9 MB/s  Total:  614.94 GB
[  334.4s] IOs:    161302711  IOPS:   482351  Throughput:  1884.2 MB/s  Total:  615.32 GB
[  334.6s] IOs:    161403369  IOPS:   482349  Throughput:  1884.2 MB/s  Total:  615.70 GB
[  334.8s] IOs:    161503958  IOPS:   482353  Throughput:  1884.2 MB/s  Total:  616.09 GB
[  335.0s] IOs:    161604962  IOPS:   482386  Throughput:  1884.3 MB/s  Total:  616.47 GB
[  335.2s] IOs:    161705232  IOPS:   482398  Throughput:  1884.4 MB/s  Total:  616.86 GB
[  335.4s] IOs:    161806247  IOPS:   482427  Throughput:  1884.5 MB/s  Total:  617.24 GB
[  335.6s] IOs:    161907086  IOPS:   482462  Throughput:  1884.6 MB/s  Total:  617.63 GB
[  335.8s] IOs:    162007892  IOPS:   482445  Throughput:  1884.6 MB/s  Total:  618.01 GB
[  336.0s] IOs:    162108310  IOPS:   482479  Throughput:  1884.7 MB/s  Total:  618.39 GB
[  336.2s] IOs:    162208787  IOPS:   482517  Throughput:  1884.8 MB/s  Total:  618.78 GB
[  336.3s] IOs:    162308814  IOPS:   482571  Throughput:  1885.0 MB/s  Total:  619.16 GB
[  336.5s] IOs:    162409306  IOPS:   482577  Throughput:  1885.1 MB/s  Total:  619.54 GB
[  336.8s] IOs:    162510186  IOPS:   482566  Throughput:  1885.0 MB/s  Total:  619.93 GB
[  337.0s] IOs:    162610892  IOPS:   482554  Throughput:  1885.0 MB/s  Total:  620.31 GB
[Reader] Parsed 26000000 lines, distributed 162670153 writes, unique 217.98 GB, skipped 0
[  337.3s] IOs:    162710913  IOPS:   482456  Throughput:  1884.6 MB/s  Total:  620.69 GB
[  337.5s] IOs:    162811666  IOPS:   482471  Throughput:  1884.7 MB/s  Total:  621.08 GB
[  337.6s] IOs:    162912634  IOPS:   482491  Throughput:  1884.7 MB/s  Total:  621.46 GB
[  337.8s] IOs:    163013371  IOPS:   482504  Throughput:  1884.8 MB/s  Total:  621.85 GB
[  338.0s] IOs:    163114202  IOPS:   482517  Throughput:  1884.8 MB/s  Total:  622.23 GB
[  338.2s] IOs:    163215125  IOPS:   482539  Throughput:  1884.9 MB/s  Total:  622.62 GB
[  338.4s] IOs:    163315943  IOPS:   482555  Throughput:  1885.0 MB/s  Total:  623.00 GB
[  338.6s] IOs:    163416070  IOPS:   482586  Throughput:  1885.1 MB/s  Total:  623.38 GB
[  338.8s] IOs:    163516989  IOPS:   482584  Throughput:  1885.1 MB/s  Total:  623.77 GB
[  339.1s] IOs:    163617720  IOPS:   482565  Throughput:  1885.0 MB/s  Total:  624.15 GB
[  339.2s] IOs:    163718271  IOPS:   482589  Throughput:  1885.1 MB/s  Total:  624.54 GB
[  339.4s] IOs:    163819008  IOPS:   482644  Throughput:  1885.3 MB/s  Total:  624.92 GB
[  339.7s] IOs:    163919052  IOPS:   482475  Throughput:  1884.7 MB/s  Total:  625.30 GB
[  340.0s] IOs:    164019491  IOPS:   482477  Throughput:  1884.7 MB/s  Total:  625.68 GB
[  340.2s] IOs:    164119815  IOPS:   482472  Throughput:  1884.7 MB/s  Total:  626.07 GB
[  340.4s] IOs:    164220332  IOPS:   482488  Throughput:  1884.7 MB/s  Total:  626.45 GB
[  340.5s] IOs:    164320729  IOPS:   482540  Throughput:  1884.9 MB/s  Total:  626.83 GB
[  340.9s] IOs:    164421373  IOPS:   482325  Throughput:  1884.1 MB/s  Total:  627.22 GB
[  341.1s] IOs:    164522192  IOPS:   482343  Throughput:  1884.2 MB/s  Total:  627.60 GB
[  341.3s] IOs:    164623201  IOPS:   482364  Throughput:  1884.2 MB/s  Total:  627.99 GB
[  341.5s] IOs:    164724174  IOPS:   482389  Throughput:  1884.3 MB/s  Total:  628.37 GB
[  341.7s] IOs:    164824887  IOPS:   482423  Throughput:  1884.5 MB/s  Total:  628.76 GB
[  341.9s] IOs:    164924936  IOPS:   482445  Throughput:  1884.6 MB/s  Total:  629.14 GB
[  342.0s] IOs:    165025642  IOPS:   482473  Throughput:  1884.7 MB/s  Total:  629.52 GB
[  342.2s] IOs:    165126390  IOPS:   482498  Throughput:  1884.8 MB/s  Total:  629.91 GB
[  342.4s] IOs:    165226908  IOPS:   482501  Throughput:  1884.8 MB/s  Total:  630.29 GB
[  342.6s] IOs:    165327321  IOPS:   482499  Throughput:  1884.8 MB/s  Total:  630.67 GB
[  342.8s] IOs:    165427596  IOPS:   482554  Throughput:  1885.0 MB/s  Total:  631.06 GB
[  343.0s] IOs:    165527747  IOPS:   482543  Throughput:  1884.9 MB/s  Total:  631.44 GB
[  343.3s] IOs:    165628265  IOPS:   482507  Throughput:  1884.8 MB/s  Total:  631.82 GB
[  343.4s] IOs:    165728402  IOPS:   482553  Throughput:  1885.0 MB/s  Total:  632.20 GB
[  343.7s] IOs:    165829234  IOPS:   482437  Throughput:  1884.5 MB/s  Total:  632.59 GB
[  343.9s] IOs:    165930220  IOPS:   482470  Throughput:  1884.6 MB/s  Total:  632.97 GB
[  344.1s] IOs:    166030912  IOPS:   482502  Throughput:  1884.8 MB/s  Total:  633.36 GB
[  344.3s] IOs:    166131568  IOPS:   482533  Throughput:  1884.9 MB/s  Total:  633.74 GB
[  344.5s] IOs:    166232266  IOPS:   482553  Throughput:  1885.0 MB/s  Total:  634.13 GB
[  344.7s] IOs:    166333163  IOPS:   482575  Throughput:  1885.1 MB/s  Total:  634.51 GB
[  344.9s] IOs:    166434141  IOPS:   482604  Throughput:  1885.2 MB/s  Total:  634.90 GB
[  345.1s] IOs:    166535030  IOPS:   482617  Throughput:  1885.2 MB/s  Total:  635.28 GB
[  345.3s] IOs:    166635765  IOPS:   482621  Throughput:  1885.2 MB/s  Total:  635.66 GB
[  345.5s] IOs:    166736422  IOPS:   482634  Throughput:  1885.3 MB/s  Total:  636.05 GB
[  345.6s] IOs:    166836558  IOPS:   482675  Throughput:  1885.5 MB/s  Total:  636.43 GB
[  345.8s] IOs:    166936996  IOPS:   482727  Throughput:  1885.7 MB/s  Total:  636.81 GB
[  346.0s] IOs:    167037128  IOPS:   482769  Throughput:  1885.8 MB/s  Total:  637.20 GB
[  346.3s] IOs:    167138017  IOPS:   482678  Throughput:  1885.5 MB/s  Total:  637.58 GB
[  346.5s] IOs:    167238170  IOPS:   482598  Throughput:  1885.1 MB/s  Total:  637.96 GB
[  346.7s] IOs:    167338402  IOPS:   482615  Throughput:  1885.2 MB/s  Total:  638.35 GB
[  346.9s] IOs:    167438440  IOPS:   482632  Throughput:  1885.3 MB/s  Total:  638.73 GB
[  347.1s] IOs:    167539189  IOPS:   482648  Throughput:  1885.3 MB/s  Total:  639.11 GB
[  347.3s] IOs:    167640197  IOPS:   482677  Throughput:  1885.5 MB/s  Total:  639.50 GB
[  347.5s] IOs:    167740817  IOPS:   482693  Throughput:  1885.5 MB/s  Total:  639.88 GB
[  347.7s] IOs:    167841833  IOPS:   482718  Throughput:  1885.6 MB/s  Total:  640.27 GB
[  347.9s] IOs:    167942795  IOPS:   482753  Throughput:  1885.8 MB/s  Total:  640.65 GB
[  348.1s] IOs:    168043531  IOPS:   482733  Throughput:  1885.7 MB/s  Total:  641.04 GB
[  348.3s] IOs:    168144366  IOPS:   482753  Throughput:  1885.8 MB/s  Total:  641.42 GB
[  348.5s] IOs:    168245140  IOPS:   482779  Throughput:  1885.9 MB/s  Total:  641.80 GB
[  348.7s] IOs:    168345716  IOPS:   482773  Throughput:  1885.8 MB/s  Total:  642.19 GB
[  348.9s] IOs:    168446051  IOPS:   482815  Throughput:  1886.0 MB/s  Total:  642.57 GB
[  349.1s] IOs:    168546735  IOPS:   482871  Throughput:  1886.2 MB/s  Total:  642.95 GB
[  349.3s] IOs:    168647226  IOPS:   482766  Throughput:  1885.8 MB/s  Total:  643.34 GB
[  349.5s] IOs:    168747305  IOPS:   482806  Throughput:  1886.0 MB/s  Total:  643.72 GB
[  349.7s] IOs:    168847376  IOPS:   482785  Throughput:  1885.9 MB/s  Total:  644.10 GB
[  349.9s] IOs:    168947794  IOPS:   482807  Throughput:  1886.0 MB/s  Total:  644.48 GB
[  350.2s] IOs:    169048545  IOPS:   482715  Throughput:  1885.6 MB/s  Total:  644.87 GB
[  350.4s] IOs:    169149571  IOPS:   482739  Throughput:  1885.7 MB/s  Total:  645.25 GB
[  350.6s] IOs:    169250003  IOPS:   482747  Throughput:  1885.7 MB/s  Total:  645.64 GB
[  350.8s] IOs:    169350677  IOPS:   482768  Throughput:  1885.8 MB/s  Total:  646.02 GB
[  351.0s] IOs:    169451232  IOPS:   482804  Throughput:  1886.0 MB/s  Total:  646.41 GB
[  351.2s] IOs:    169551956  IOPS:   482845  Throughput:  1886.1 MB/s  Total:  646.79 GB
[Reader] Parsed 27000000 lines, distributed 169615830 writes, unique 227.25 GB, skipped 0
[  351.4s] IOs:    169652225  IOPS:   482850  Throughput:  1886.1 MB/s  Total:  647.17 GB
[  351.5s] IOs:    169753130  IOPS:   482885  Throughput:  1886.3 MB/s  Total:  647.56 GB
[  351.8s] IOs:    169853864  IOPS:   482798  Throughput:  1885.9 MB/s  Total:  647.94 GB
[  352.0s] IOs:    169954646  IOPS:   482773  Throughput:  1885.8 MB/s  Total:  648.33 GB
[  352.2s] IOs:    170055663  IOPS:   482816  Throughput:  1886.0 MB/s  Total:  648.71 GB
[  352.4s] IOs:    170156292  IOPS:   482852  Throughput:  1886.1 MB/s  Total:  649.09 GB
[  352.6s] IOs:    170257174  IOPS:   482871  Throughput:  1886.2 MB/s  Total:  649.48 GB
[  352.9s] IOs:    170357762  IOPS:   482752  Throughput:  1885.7 MB/s  Total:  649.86 GB
[  353.1s] IOs:    170458394  IOPS:   482795  Throughput:  1885.9 MB/s  Total:  650.25 GB
[  353.3s] IOs:    170558937  IOPS:   482694  Throughput:  1885.5 MB/s  Total:  650.63 GB
[  353.5s] IOs:    170659608  IOPS:   482748  Throughput:  1885.7 MB/s  Total:  651.01 GB
[  353.8s] IOs:    170759961  IOPS:   482659  Throughput:  1885.4 MB/s  Total:  651.40 GB
[  354.0s] IOs:    170860589  IOPS:   482715  Throughput:  1885.6 MB/s  Total:  651.78 GB
[  354.1s] IOs:    170961430  IOPS:   482760  Throughput:  1885.8 MB/s  Total:  652.17 GB
[  354.4s] IOs:    171062208  IOPS:   482742  Throughput:  1885.7 MB/s  Total:  652.55 GB
[  354.5s] IOs:    171163211  IOPS:   482776  Throughput:  1885.8 MB/s  Total:  652.94 GB
[  354.8s] IOs:    171263805  IOPS:   482744  Throughput:  1885.7 MB/s  Total:  653.32 GB
[  355.0s] IOs:    171364637  IOPS:   482751  Throughput:  1885.7 MB/s  Total:  653.70 GB
[  355.2s] IOs:    171465452  IOPS:   482796  Throughput:  1885.9 MB/s  Total:  654.09 GB
[  355.6s] IOs:    171566234  IOPS:   482496  Throughput:  1884.8 MB/s  Total:  654.47 GB
[  355.8s] IOs:    171666903  IOPS:   482539  Throughput:  1884.9 MB/s  Total:  654.86 GB
[  355.9s] IOs:    171767308  IOPS:   482583  Throughput:  1885.1 MB/s  Total:  655.24 GB
[  356.3s] IOs:    171868258  IOPS:   482410  Throughput:  1884.4 MB/s  Total:  655.63 GB
[  356.4s] IOs:    171968794  IOPS:   482450  Throughput:  1884.6 MB/s  Total:  656.01 GB
[  356.8s] IOs:    172069471  IOPS:   482303  Throughput:  1884.0 MB/s  Total:  656.39 GB
[  357.0s] IOs:    172169956  IOPS:   482288  Throughput:  1883.9 MB/s  Total:  656.78 GB
[  357.1s] IOs:    172270637  IOPS:   482348  Throughput:  1884.2 MB/s  Total:  657.16 GB
[  357.6s] IOs:    172371077  IOPS:   482070  Throughput:  1883.1 MB/s  Total:  657.54 GB
[  357.8s] IOs:    172471830  IOPS:   482079  Throughput:  1883.1 MB/s  Total:  657.93 GB
[  358.0s] IOs:    172572530  IOPS:   482093  Throughput:  1883.2 MB/s  Total:  658.31 GB
[  358.2s] IOs:    172672661  IOPS:   482121  Throughput:  1883.3 MB/s  Total:  658.69 GB
[  358.3s] IOs:    172772705  IOPS:   482139  Throughput:  1883.4 MB/s  Total:  659.08 GB
[  358.5s] IOs:    172873574  IOPS:   482152  Throughput:  1883.4 MB/s  Total:  659.46 GB
[  358.7s] IOs:    172974503  IOPS:   482168  Throughput:  1883.5 MB/s  Total:  659.85 GB
[  358.9s] IOs:    173075189  IOPS:   482171  Throughput:  1883.5 MB/s  Total:  660.23 GB
[  359.1s] IOs:    173176152  IOPS:   482217  Throughput:  1883.7 MB/s  Total:  660.61 GB
[  359.3s] IOs:    173277086  IOPS:   482260  Throughput:  1883.8 MB/s  Total:  661.00 GB
[  359.5s] IOs:    173377571  IOPS:   482298  Throughput:  1884.0 MB/s  Total:  661.38 GB
[  359.7s] IOs:    173478481  IOPS:   482345  Throughput:  1884.2 MB/s  Total:  661.77 GB
[  359.9s] IOs:    173579353  IOPS:   482317  Throughput:  1884.1 MB/s  Total:  662.15 GB
[  360.1s] IOs:    173680244  IOPS:   482327  Throughput:  1884.1 MB/s  Total:  662.54 GB
[  360.3s] IOs:    173780765  IOPS:   482355  Throughput:  1884.2 MB/s  Total:  662.92 GB
[  360.4s] IOs:    173881538  IOPS:   482414  Throughput:  1884.4 MB/s  Total:  663.31 GB
[  360.6s] IOs:    173982119  IOPS:   482460  Throughput:  1884.6 MB/s  Total:  663.69 GB
[  360.8s] IOs:    174082540  IOPS:   482472  Throughput:  1884.7 MB/s  Total:  664.07 GB
[  361.0s] IOs:    174183326  IOPS:   482527  Throughput:  1884.9 MB/s  Total:  664.46 GB
[  361.2s] IOs:    174284149  IOPS:   482580  Throughput:  1885.1 MB/s  Total:  664.84 GB
[  361.5s] IOs:    174385050  IOPS:   482358  Throughput:  1884.2 MB/s  Total:  665.23 GB
[  361.7s] IOs:    174485592  IOPS:   482386  Throughput:  1884.3 MB/s  Total:  665.61 GB
[  361.9s] IOs:    174586260  IOPS:   482380  Throughput:  1884.3 MB/s  Total:  665.99 GB
[  362.1s] IOs:    174687231  IOPS:   482431  Throughput:  1884.5 MB/s  Total:  666.38 GB
[  362.4s] IOs:    174788191  IOPS:   482279  Throughput:  1883.9 MB/s  Total:  666.76 GB
[  362.8s] IOs:    174889093  IOPS:   482008  Throughput:  1882.8 MB/s  Total:  667.15 GB
[  363.1s] IOs:    174989570  IOPS:   481995  Throughput:  1882.8 MB/s  Total:  667.53 GB
[  363.3s] IOs:    175090475  IOPS:   481943  Throughput:  1882.6 MB/s  Total:  667.92 GB
[  363.5s] IOs:    175191167  IOPS:   481977  Throughput:  1882.7 MB/s  Total:  668.30 GB
[  363.8s] IOs:    175291822  IOPS:   481822  Throughput:  1882.1 MB/s  Total:  668.69 GB
[  364.0s] IOs:    175392615  IOPS:   481840  Throughput:  1882.2 MB/s  Total:  669.07 GB
[  364.3s] IOs:    175493141  IOPS:   481733  Throughput:  1881.8 MB/s  Total:  669.45 GB
[  364.5s] IOs:    175594053  IOPS:   481766  Throughput:  1881.9 MB/s  Total:  669.84 GB
[  364.8s] IOs:    175694855  IOPS:   481659  Throughput:  1881.5 MB/s  Total:  670.22 GB
[Reader] Parsed 28000000 lines, distributed 175781112 writes, unique 232.33 GB, skipped 0
[  365.0s] IOs:    175795596  IOPS:   481675  Throughput:  1881.5 MB/s  Total:  670.61 GB
[  365.9s] IOs:    175896478  IOPS:   480765  Throughput:  1878.0 MB/s  Total:  670.99 GB
[  366.1s] IOs:    175997310  IOPS:   480760  Throughput:  1878.0 MB/s  Total:  671.38 GB
[  366.3s] IOs:    176098086  IOPS:   480785  Throughput:  1878.1 MB/s  Total:  671.76 GB
[  366.6s] IOs:    176198817  IOPS:   480636  Throughput:  1877.5 MB/s  Total:  672.15 GB
[  366.8s] IOs:    176299475  IOPS:   480653  Throughput:  1877.5 MB/s  Total:  672.53 GB
[  367.1s] IOs:    176400356  IOPS:   480518  Throughput:  1877.0 MB/s  Total:  672.91 GB
[  367.3s] IOs:    176501136  IOPS:   480552  Throughput:  1877.2 MB/s  Total:  673.30 GB
[  367.7s] IOs:    176601358  IOPS:   480348  Throughput:  1876.4 MB/s  Total:  673.68 GB
[  367.8s] IOs:    176701810  IOPS:   480380  Throughput:  1876.5 MB/s  Total:  674.06 GB
[  368.2s] IOs:    176802220  IOPS:   480233  Throughput:  1875.9 MB/s  Total:  674.45 GB
[  368.3s] IOs:    176902565  IOPS:   480264  Throughput:  1876.0 MB/s  Total:  674.83 GB
[  368.6s] IOs:    177002578  IOPS:   480164  Throughput:  1875.6 MB/s  Total:  675.21 GB
[  368.8s] IOs:    177102615  IOPS:   480177  Throughput:  1875.7 MB/s  Total:  675.59 GB
[  369.1s] IOs:    177203326  IOPS:   480043  Throughput:  1875.2 MB/s  Total:  675.98 GB
[  369.3s] IOs:    177304258  IOPS:   480077  Throughput:  1875.3 MB/s  Total:  676.36 GB
[  369.5s] IOs:    177405127  IOPS:   480110  Throughput:  1875.4 MB/s  Total:  676.75 GB
[  369.7s] IOs:    177506005  IOPS:   480131  Throughput:  1875.5 MB/s  Total:  677.13 GB
[  369.9s] IOs:    177606799  IOPS:   480163  Throughput:  1875.6 MB/s  Total:  677.52 GB
[  370.1s] IOs:    177707575  IOPS:   480181  Throughput:  1875.7 MB/s  Total:  677.90 GB
[  370.3s] IOs:    177807868  IOPS:   480164  Throughput:  1875.6 MB/s  Total:  678.28 GB
[  370.5s] IOs:    177908410  IOPS:   480208  Throughput:  1875.8 MB/s  Total:  678.67 GB
[  370.7s] IOs:    178008798  IOPS:   480238  Throughput:  1875.9 MB/s  Total:  679.05 GB
[  370.8s] IOs:    178108941  IOPS:   480278  Throughput:  1876.1 MB/s  Total:  679.43 GB
[  371.1s] IOs:    178209748  IOPS:   480239  Throughput:  1875.9 MB/s  Total:  679.82 GB
[  371.3s] IOs:    178310761  IOPS:   480249  Throughput:  1876.0 MB/s  Total:  680.20 GB
[  371.5s] IOs:    178410907  IOPS:   480287  Throughput:  1876.1 MB/s  Total:  680.58 GB
[  371.7s] IOs:    178510969  IOPS:   480196  Throughput:  1875.8 MB/s  Total:  680.97 GB
[  371.9s] IOs:    178611587  IOPS:   480226  Throughput:  1875.9 MB/s  Total:  681.35 GB
[  372.1s] IOs:    178712344  IOPS:   480251  Throughput:  1876.0 MB/s  Total:  681.73 GB
[  372.3s] IOs:    178813318  IOPS:   480285  Throughput:  1876.1 MB/s  Total:  682.12 GB
[  372.5s] IOs:    178914278  IOPS:   480307  Throughput:  1876.2 MB/s  Total:  682.50 GB
[  372.7s] IOs:    179015253  IOPS:   480341  Throughput:  1876.3 MB/s  Total:  682.89 GB
[  372.9s] IOs:    179116266  IOPS:   480331  Throughput:  1876.3 MB/s  Total:  683.27 GB
[  373.1s] IOs:    179216788  IOPS:   480344  Throughput:  1876.3 MB/s  Total:  683.66 GB
[  373.3s] IOs:    179317532  IOPS:   480342  Throughput:  1876.3 MB/s  Total:  684.04 GB
[  373.5s] IOs:    179418027  IOPS:   480347  Throughput:  1876.4 MB/s  Total:  684.43 GB
[  373.7s] IOs:    179518791  IOPS:   480388  Throughput:  1876.5 MB/s  Total:  684.81 GB
[  373.9s] IOs:    179618981  IOPS:   480409  Throughput:  1876.6 MB/s  Total:  685.19 GB
[  374.1s] IOs:    179719396  IOPS:   480349  Throughput:  1876.4 MB/s  Total:  685.58 GB
[  374.3s] IOs:    179819894  IOPS:   480378  Throughput:  1876.5 MB/s  Total:  685.96 GB
[  374.5s] IOs:    179920261  IOPS:   480427  Throughput:  1876.7 MB/s  Total:  686.34 GB
[  374.9s] IOs:    180020823  IOPS:   480227  Throughput:  1875.9 MB/s  Total:  686.72 GB
[  375.0s] IOs:    180121722  IOPS:   480265  Throughput:  1876.0 MB/s  Total:  687.11 GB
[  375.2s] IOs:    180222296  IOPS:   480274  Throughput:  1876.1 MB/s  Total:  687.49 GB
[  375.4s] IOs:    180323094  IOPS:   480303  Throughput:  1876.2 MB/s  Total:  687.88 GB
[  375.7s] IOs:    180423126  IOPS:   480285  Throughput:  1876.1 MB/s  Total:  688.26 GB
[  375.8s] IOs:    180524130  IOPS:   480313  Throughput:  1876.2 MB/s  Total:  688.64 GB
[  376.0s] IOs:    180624166  IOPS:   480329  Throughput:  1876.3 MB/s  Total:  689.03 GB
[  376.2s] IOs:    180724859  IOPS:   480349  Throughput:  1876.4 MB/s  Total:  689.41 GB
[  376.4s] IOs:    180825502  IOPS:   480348  Throughput:  1876.4 MB/s  Total:  689.79 GB
[  376.6s] IOs:    180925650  IOPS:   480362  Throughput:  1876.4 MB/s  Total:  690.18 GB
[  376.8s] IOs:    181025717  IOPS:   480410  Throughput:  1876.6 MB/s  Total:  690.56 GB
[  377.1s] IOs:    181126728  IOPS:   480331  Throughput:  1876.3 MB/s  Total:  690.94 GB
[  377.3s] IOs:    181227641  IOPS:   480349  Throughput:  1876.4 MB/s  Total:  691.33 GB
[  377.6s] IOs:    181328301  IOPS:   480213  Throughput:  1875.8 MB/s  Total:  691.71 GB
[  377.8s] IOs:    181428920  IOPS:   480219  Throughput:  1875.9 MB/s  Total:  692.10 GB
[  378.0s] IOs:    181528921  IOPS:   480239  Throughput:  1875.9 MB/s  Total:  692.48 GB
[  378.2s] IOs:    181629571  IOPS:   480264  Throughput:  1876.0 MB/s  Total:  692.86 GB
[  378.4s] IOs:    181730325  IOPS:   480245  Throughput:  1876.0 MB/s  Total:  693.25 GB
[  378.6s] IOs:    181831153  IOPS:   480269  Throughput:  1876.1 MB/s  Total:  693.63 GB
[  378.8s] IOs:    181931806  IOPS:   480298  Throughput:  1876.2 MB/s  Total:  694.01 GB
[  379.0s] IOs:    182032735  IOPS:   480306  Throughput:  1876.2 MB/s  Total:  694.40 GB
[  379.2s] IOs:    182133721  IOPS:   480324  Throughput:  1876.3 MB/s  Total:  694.79 GB
[  379.4s] IOs:    182233787  IOPS:   480346  Throughput:  1876.4 MB/s  Total:  695.17 GB
[  379.6s] IOs:    182334441  IOPS:   480354  Throughput:  1876.4 MB/s  Total:  695.55 GB
[Reader] Parsed 29000000 lines, distributed 182341345 writes, unique 239.70 GB, skipped 0
[  379.8s] IOs:    182435420  IOPS:   480355  Throughput:  1876.4 MB/s  Total:  695.94 GB
[  380.0s] IOs:    182536096  IOPS:   480383  Throughput:  1876.5 MB/s  Total:  696.32 GB
[  380.1s] IOs:    182636309  IOPS:   480433  Throughput:  1876.7 MB/s  Total:  696.70 GB
[  380.3s] IOs:    182736778  IOPS:   480460  Throughput:  1876.8 MB/s  Total:  697.09 GB
[  380.6s] IOs:    182837491  IOPS:   480424  Throughput:  1876.7 MB/s  Total:  697.47 GB
[  380.8s] IOs:    182937623  IOPS:   480464  Throughput:  1876.8 MB/s  Total:  697.85 GB
[  380.9s] IOs:    183037778  IOPS:   480509  Throughput:  1877.0 MB/s  Total:  698.23 GB
[  381.3s] IOs:    183138371  IOPS:   480357  Throughput:  1876.4 MB/s  Total:  698.62 GB
[  381.5s] IOs:    183238409  IOPS:   480369  Throughput:  1876.4 MB/s  Total:  699.00 GB
[  381.6s] IOs:    183339148  IOPS:   480398  Throughput:  1876.6 MB/s  Total:  699.38 GB
[  381.8s] IOs:    183439835  IOPS:   480402  Throughput:  1876.6 MB/s  Total:  699.77 GB
[  382.0s] IOs:    183540617  IOPS:   480425  Throughput:  1876.7 MB/s  Total:  700.15 GB
[  382.2s] IOs:    183640658  IOPS:   480451  Throughput:  1876.8 MB/s  Total:  700.53 GB
[  382.4s] IOs:    183741640  IOPS:   480462  Throughput:  1876.8 MB/s  Total:  700.92 GB
[  382.6s] IOs:    183842408  IOPS:   480492  Throughput:  1876.9 MB/s  Total:  701.30 GB
[  382.8s] IOs:    183943195  IOPS:   480510  Throughput:  1877.0 MB/s  Total:  701.69 GB
[  383.0s] IOs:    184043948  IOPS:   480519  Throughput:  1877.0 MB/s  Total:  702.07 GB
[  383.2s] IOs:    184144460  IOPS:   480536  Throughput:  1877.1 MB/s  Total:  702.46 GB
[  383.4s] IOs:    184244869  IOPS:   480578  Throughput:  1877.3 MB/s  Total:  702.84 GB
[  383.6s] IOs:    184344971  IOPS:   480506  Throughput:  1877.0 MB/s  Total:  703.22 GB
[  383.9s] IOs:    184445845  IOPS:   480498  Throughput:  1876.9 MB/s  Total:  703.61 GB
[  384.1s] IOs:    184546514  IOPS:   480527  Throughput:  1877.1 MB/s  Total:  703.99 GB
[  384.3s] IOs:    184646819  IOPS:   480424  Throughput:  1876.7 MB/s  Total:  704.37 GB
[  384.6s] IOs:    184747802  IOPS:   480426  Throughput:  1876.7 MB/s  Total:  704.76 GB
[  384.8s] IOs:    184848719  IOPS:   480435  Throughput:  1876.7 MB/s  Total:  705.14 GB
[  384.9s] IOs:    184949644  IOPS:   480466  Throughput:  1876.8 MB/s  Total:  705.53 GB
[  385.1s] IOs:    185050222  IOPS:   480479  Throughput:  1876.9 MB/s  Total:  705.91 GB
[  385.3s] IOs:    185151039  IOPS:   480499  Throughput:  1876.9 MB/s  Total:  706.30 GB
[  385.5s] IOs:    185251225  IOPS:   480527  Throughput:  1877.1 MB/s  Total:  706.68 GB
[  385.7s] IOs:    185352057  IOPS:   480551  Throughput:  1877.2 MB/s  Total:  707.06 GB
[  385.9s] IOs:    185452804  IOPS:   480573  Throughput:  1877.2 MB/s  Total:  707.45 GB
[  386.1s] IOs:    185553550  IOPS:   480599  Throughput:  1877.3 MB/s  Total:  707.83 GB
[  386.3s] IOs:    185654200  IOPS:   480616  Throughput:  1877.4 MB/s  Total:  708.21 GB
[  386.5s] IOs:    185754688  IOPS:   480665  Throughput:  1877.6 MB/s  Total:  708.60 GB
[  386.7s] IOs:    185855034  IOPS:   480670  Throughput:  1877.6 MB/s  Total:  708.98 GB
[  386.8s] IOs:    185955898  IOPS:   480704  Throughput:  1877.8 MB/s  Total:  709.37 GB
[  387.0s] IOs:    186056819  IOPS:   480738  Throughput:  1877.9 MB/s  Total:  709.75 GB
[  387.2s] IOs:    186156923  IOPS:   480730  Throughput:  1877.9 MB/s  Total:  710.13 GB
[  387.4s] IOs:    186257739  IOPS:   480735  Throughput:  1877.9 MB/s  Total:  710.52 GB
[  387.7s] IOs:    186358713  IOPS:   480626  Throughput:  1877.4 MB/s  Total:  710.90 GB
[  387.9s] IOs:    186459559  IOPS:   480652  Throughput:  1877.5 MB/s  Total:  711.29 GB
[  388.1s] IOs:    186560297  IOPS:   480682  Throughput:  1877.7 MB/s  Total:  711.67 GB
[  388.3s] IOs:    186661136  IOPS:   480701  Throughput:  1877.7 MB/s  Total:  712.06 GB
[  388.5s] IOs:    186761952  IOPS:   480719  Throughput:  1877.8 MB/s  Total:  712.44 GB
[  388.7s] IOs:    186862120  IOPS:   480753  Throughput:  1877.9 MB/s  Total:  712.82 GB
[  388.9s] IOs:    186963086  IOPS:   480785  Throughput:  1878.1 MB/s  Total:  713.21 GB
[  389.1s] IOs:    187063628  IOPS:   480797  Throughput:  1878.1 MB/s  Total:  713.59 GB
[  389.3s] IOs:    187164292  IOPS:   480812  Throughput:  1878.2 MB/s  Total:  713.98 GB
[  389.5s] IOs:    187264512  IOPS:   480760  Throughput:  1878.0 MB/s  Total:  714.36 GB
[Reader] Parsed 30000000 lines, distributed 187347289 writes, unique 242.85 GB, skipped 0
[  389.7s] IOs:    187364958  IOPS:   480788  Throughput:  1878.1 MB/s  Total:  714.74 GB
[  389.9s] IOs:    187465550  IOPS:   480831  Throughput:  1878.2 MB/s  Total:  715.12 GB
[  390.2s] IOs:    187565744  IOPS:   480654  Throughput:  1877.6 MB/s  Total:  715.51 GB
[  390.6s] IOs:    187666179  IOPS:   480516  Throughput:  1877.0 MB/s  Total:  715.89 GB
[  390.7s] IOs:    187766966  IOPS:   480543  Throughput:  1877.1 MB/s  Total:  716.27 GB
[  390.9s] IOs:    187866971  IOPS:   480579  Throughput:  1877.3 MB/s  Total:  716.66 GB
[  391.1s] IOs:    187967868  IOPS:   480608  Throughput:  1877.4 MB/s  Total:  717.04 GB
[  391.3s] IOs:    188068722  IOPS:   480621  Throughput:  1877.4 MB/s  Total:  717.43 GB
[  391.5s] IOs:    188169500  IOPS:   480643  Throughput:  1877.5 MB/s  Total:  717.81 GB
[  391.7s] IOs:    188270455  IOPS:   480659  Throughput:  1877.6 MB/s  Total:  718.19 GB
[  391.9s] IOs:    188371334  IOPS:   480662  Throughput:  1877.6 MB/s  Total:  718.58 GB
[  392.1s] IOs:    188472326  IOPS:   480690  Throughput:  1877.7 MB/s  Total:  718.96 GB
[  392.3s] IOs:    188572397  IOPS:   480722  Throughput:  1877.8 MB/s  Total:  719.35 GB
[  392.5s] IOs:    188673270  IOPS:   480712  Throughput:  1877.8 MB/s  Total:  719.73 GB
[  392.7s] IOs:    188773811  IOPS:   480718  Throughput:  1877.8 MB/s  Total:  720.11 GB
[  392.9s] IOs:    188873968  IOPS:   480753  Throughput:  1877.9 MB/s  Total:  720.50 GB
[  393.1s] IOs:    188974280  IOPS:   480761  Throughput:  1878.0 MB/s  Total:  720.88 GB
[  393.3s] IOs:    189075155  IOPS:   480727  Throughput:  1877.8 MB/s  Total:  721.26 GB
[  393.5s] IOs:    189175989  IOPS:   480755  Throughput:  1877.9 MB/s  Total:  721.65 GB
[  393.9s] IOs:    189276718  IOPS:   480579  Throughput:  1877.3 MB/s  Total:  722.03 GB
[  394.0s] IOs:    189377189  IOPS:   480621  Throughput:  1877.4 MB/s  Total:  722.42 GB
[  394.2s] IOs:    189477677  IOPS:   480656  Throughput:  1877.6 MB/s  Total:  722.80 GB
[  394.4s] IOs:    189578092  IOPS:   480693  Throughput:  1877.7 MB/s  Total:  723.18 GB
[  394.7s] IOs:    189678347  IOPS:   480609  Throughput:  1877.4 MB/s  Total:  723.57 GB
[  394.9s] IOs:    189779247  IOPS:   480595  Throughput:  1877.3 MB/s  Total:  723.95 GB
[  395.1s] IOs:    189879784  IOPS:   480629  Throughput:  1877.5 MB/s  Total:  724.33 GB
[  395.3s] IOs:    189980085  IOPS:   480636  Throughput:  1877.5 MB/s  Total:  724.72 GB
[  395.4s] IOs:    190080630  IOPS:   480677  Throughput:  1877.6 MB/s  Total:  725.10 GB
[  395.7s] IOs:    190181512  IOPS:   480579  Throughput:  1877.3 MB/s  Total:  725.48 GB
[  395.9s] IOs:    190281895  IOPS:   480571  Throughput:  1877.2 MB/s  Total:  725.87 GB
[  396.2s] IOs:    190382215  IOPS:   480568  Throughput:  1877.2 MB/s  Total:  726.25 GB
[  396.3s] IOs:    190482860  IOPS:   480605  Throughput:  1877.4 MB/s  Total:  726.63 GB
[  396.5s] IOs:    190583212  IOPS:   480648  Throughput:  1877.5 MB/s  Total:  727.02 GB
[  396.8s] IOs:    190683465  IOPS:   480554  Throughput:  1877.2 MB/s  Total:  727.40 GB
[  397.0s] IOs:    190784006  IOPS:   480580  Throughput:  1877.3 MB/s  Total:  727.78 GB
[  397.2s] IOs:    190884440  IOPS:   480556  Throughput:  1877.2 MB/s  Total:  728.17 GB
[  397.4s] IOs:    190984851  IOPS:   480598  Throughput:  1877.3 MB/s  Total:  728.55 GB
[  397.7s] IOs:    191085321  IOPS:   480517  Throughput:  1877.0 MB/s  Total:  728.93 GB
[  397.8s] IOs:    191185358  IOPS:   480560  Throughput:  1877.2 MB/s  Total:  729.31 GB
[  398.0s] IOs:    191285860  IOPS:   480569  Throughput:  1877.2 MB/s  Total:  729.70 GB
[  398.3s] IOs:    191386693  IOPS:   480528  Throughput:  1877.1 MB/s  Total:  730.08 GB
[  398.5s] IOs:    191487214  IOPS:   480566  Throughput:  1877.2 MB/s  Total:  730.47 GB
[  398.7s] IOs:    191587836  IOPS:   480538  Throughput:  1877.1 MB/s  Total:  730.85 GB
[  399.0s] IOs:    191688689  IOPS:   480447  Throughput:  1876.7 MB/s  Total:  731.23 GB
[  399.2s] IOs:    191789720  IOPS:   480480  Throughput:  1876.9 MB/s  Total:  731.62 GB
[  399.3s] IOs:    191890361  IOPS:   480507  Throughput:  1877.0 MB/s  Total:  732.00 GB
[  399.6s] IOs:    191991116  IOPS:   480511  Throughput:  1877.0 MB/s  Total:  732.39 GB
[  399.8s] IOs:    192091598  IOPS:   480474  Throughput:  1876.9 MB/s  Total:  732.77 GB
[  400.0s] IOs:    192192575  IOPS:   480516  Throughput:  1877.0 MB/s  Total:  733.16 GB
[  400.3s] IOs:    192293607  IOPS:   480416  Throughput:  1876.6 MB/s  Total:  733.54 GB
[  400.4s] IOs:    192394616  IOPS:   480449  Throughput:  1876.8 MB/s  Total:  733.93 GB
[  400.7s] IOs:    192494757  IOPS:   480381  Throughput:  1876.5 MB/s  Total:  734.31 GB
[  400.9s] IOs:    192595253  IOPS:   480418  Throughput:  1876.6 MB/s  Total:  734.69 GB
[  401.2s] IOs:    192695822  IOPS:   480284  Throughput:  1876.1 MB/s  Total:  735.08 GB
[  401.4s] IOs:    192796792  IOPS:   480321  Throughput:  1876.3 MB/s  Total:  735.46 GB
[  401.7s] IOs:    192897013  IOPS:   480197  Throughput:  1875.8 MB/s  Total:  735.84 GB
[  401.9s] IOs:    192997129  IOPS:   480203  Throughput:  1875.8 MB/s  Total:  736.23 GB
[  402.1s] IOs:    193097585  IOPS:   480247  Throughput:  1876.0 MB/s  Total:  736.61 GB
[  402.3s] IOs:    193198123  IOPS:   480190  Throughput:  1875.7 MB/s  Total:  736.99 GB
[Reader] Parsed 31000000 lines, distributed 193295961 writes, unique 247.75 GB, skipped 0
[  402.5s] IOs:    193298528  IOPS:   480235  Throughput:  1875.9 MB/s  Total:  737.38 GB
[  402.8s] IOs:    193399099  IOPS:   480122  Throughput:  1875.5 MB/s  Total:  737.76 GB
[  403.0s] IOs:    193499820  IOPS:   480137  Throughput:  1875.5 MB/s  Total:  738.14 GB
[  403.2s] IOs:    193600278  IOPS:   480143  Throughput:  1875.6 MB/s  Total:  738.53 GB
[  403.4s] IOs:    193700787  IOPS:   480187  Throughput:  1875.7 MB/s  Total:  738.91 GB
[  403.6s] IOs:    193800889  IOPS:   480228  Throughput:  1875.9 MB/s  Total:  739.29 GB
[  403.8s] IOs:    193901905  IOPS:   480193  Throughput:  1875.8 MB/s  Total:  739.68 GB
[  404.0s] IOs:    194001957  IOPS:   480227  Throughput:  1875.9 MB/s  Total:  740.06 GB
[  404.2s] IOs:    194102040  IOPS:   480241  Throughput:  1875.9 MB/s  Total:  740.44 GB
[  404.4s] IOs:    194203037  IOPS:   480203  Throughput:  1875.8 MB/s  Total:  740.83 GB
[  404.7s] IOs:    194303948  IOPS:   480121  Throughput:  1875.5 MB/s  Total:  741.21 GB
[  404.9s] IOs:    194404627  IOPS:   480140  Throughput:  1875.5 MB/s  Total:  741.59 GB
[  405.1s] IOs:    194505272  IOPS:   480159  Throughput:  1875.6 MB/s  Total:  741.98 GB
[  405.3s] IOs:    194606118  IOPS:   480192  Throughput:  1875.7 MB/s  Total:  742.36 GB
[  405.5s] IOs:    194706823  IOPS:   480217  Throughput:  1875.8 MB/s  Total:  742.75 GB
[  405.6s] IOs:    194807678  IOPS:   480240  Throughput:  1875.9 MB/s  Total:  743.13 GB
[  405.8s] IOs:    194908314  IOPS:   480263  Throughput:  1876.0 MB/s  Total:  743.52 GB
[  406.0s] IOs:    195009288  IOPS:   480293  Throughput:  1876.1 MB/s  Total:  743.90 GB
[  406.2s] IOs:    195109852  IOPS:   480304  Throughput:  1876.2 MB/s  Total:  744.29 GB
[  406.4s] IOs:    195210890  IOPS:   480339  Throughput:  1876.3 MB/s  Total:  744.67 GB
[  406.6s] IOs:    195311861  IOPS:   480378  Throughput:  1876.5 MB/s  Total:  745.06 GB
[  406.8s] IOs:    195412242  IOPS:   480350  Throughput:  1876.4 MB/s  Total:  745.44 GB
[  407.0s] IOs:    195512965  IOPS:   480396  Throughput:  1876.5 MB/s  Total:  745.82 GB
[  407.2s] IOs:    195613495  IOPS:   480355  Throughput:  1876.4 MB/s  Total:  746.21 GB
[  407.4s] IOs:    195714206  IOPS:   480356  Throughput:  1876.4 MB/s  Total:  746.59 GB
[  407.6s] IOs:    195814901  IOPS:   480397  Throughput:  1876.6 MB/s  Total:  746.97 GB
[  407.8s] IOs:    195915511  IOPS:   480414  Throughput:  1876.6 MB/s  Total:  747.36 GB
[  408.0s] IOs:    196016016  IOPS:   480451  Throughput:  1876.8 MB/s  Total:  747.74 GB
[  408.2s] IOs:    196116660  IOPS:   480472  Throughput:  1876.8 MB/s  Total:  748.13 GB
[  408.4s] IOs:    196217611  IOPS:   480505  Throughput:  1877.0 MB/s  Total:  748.51 GB
[  408.5s] IOs:    196317736  IOPS:   480553  Throughput:  1877.2 MB/s  Total:  748.89 GB
[  408.7s] IOs:    196417970  IOPS:   480578  Throughput:  1877.3 MB/s  Total:  749.28 GB
[  408.9s] IOs:    196518506  IOPS:   480630  Throughput:  1877.5 MB/s  Total:  749.66 GB
[  409.1s] IOs:    196619152  IOPS:   480671  Throughput:  1877.6 MB/s  Total:  750.04 GB
[  409.2s] IOs:    196719846  IOPS:   480719  Throughput:  1877.8 MB/s  Total:  750.43 GB
[  409.6s] IOs:    196820562  IOPS:   480560  Throughput:  1877.2 MB/s  Total:  750.81 GB
[  409.7s] IOs:    196921296  IOPS:   480595  Throughput:  1877.3 MB/s  Total:  751.20 GB
[  409.9s] IOs:    197021819  IOPS:   480620  Throughput:  1877.4 MB/s  Total:  751.58 GB
[  410.2s] IOs:    197122550  IOPS:   480504  Throughput:  1877.0 MB/s  Total:  751.96 GB
[  410.4s] IOs:    197223513  IOPS:   480534  Throughput:  1877.1 MB/s  Total:  752.35 GB
[  410.7s] IOs:    197324468  IOPS:   480422  Throughput:  1876.6 MB/s  Total:  752.73 GB
[  410.9s] IOs:    197425117  IOPS:   480472  Throughput:  1876.8 MB/s  Total:  753.12 GB
[  411.2s] IOs:    197525523  IOPS:   480366  Throughput:  1876.4 MB/s  Total:  753.50 GB
[  411.4s] IOs:    197626009  IOPS:   480389  Throughput:  1876.5 MB/s  Total:  753.88 GB
[  411.6s] IOs:    197726659  IOPS:   480413  Throughput:  1876.6 MB/s  Total:  754.27 GB
[  411.8s] IOs:    197827358  IOPS:   480362  Throughput:  1876.4 MB/s  Total:  754.65 GB
[  412.0s] IOs:    197927415  IOPS:   480391  Throughput:  1876.5 MB/s  Total:  755.03 GB
[  412.3s] IOs:    198028040  IOPS:   480359  Throughput:  1876.4 MB/s  Total:  755.42 GB
[  412.6s] IOs:    198128636  IOPS:   480241  Throughput:  1875.9 MB/s  Total:  755.80 GB
[  412.8s] IOs:    198229257  IOPS:   480237  Throughput:  1875.9 MB/s  Total:  756.18 GB
[  412.9s] IOs:    198329285  IOPS:   480282  Throughput:  1876.1 MB/s  Total:  756.57 GB
[  413.2s] IOs:    198429760  IOPS:   480173  Throughput:  1875.7 MB/s  Total:  756.95 GB
[  413.4s] IOs:    198530289  IOPS:   480217  Throughput:  1875.8 MB/s  Total:  757.33 GB
[  413.8s] IOs:    198630674  IOPS:   480015  Throughput:  1875.1 MB/s  Total:  757.72 GB
[  414.0s] IOs:    198731442  IOPS:   480035  Throughput:  1875.1 MB/s  Total:  758.10 GB
[Reader] Parsed 32000000 lines, distributed 198814470 writes, unique 248.90 GB, skipped 0
[  414.3s] IOs:    198832327  IOPS:   479950  Throughput:  1874.8 MB/s  Total:  758.49 GB
[  414.5s] IOs:    198933059  IOPS:   479985  Throughput:  1874.9 MB/s  Total:  758.87 GB
[  414.7s] IOs:    199033686  IOPS:   479921  Throughput:  1874.7 MB/s  Total:  759.25 GB
[  414.9s] IOs:    199134082  IOPS:   479956  Throughput:  1874.8 MB/s  Total:  759.64 GB
[  415.2s] IOs:    199234802  IOPS:   479879  Throughput:  1874.5 MB/s  Total:  760.02 GB
[  415.6s] IOs:    199335584  IOPS:   479615  Throughput:  1873.5 MB/s  Total:  760.40 GB
[  415.8s] IOs:    199436415  IOPS:   479641  Throughput:  1873.6 MB/s  Total:  760.79 GB
[  416.0s] IOs:    199537341  IOPS:   479660  Throughput:  1873.7 MB/s  Total:  761.17 GB
[  416.2s] IOs:    199638220  IOPS:   479682  Throughput:  1873.8 MB/s  Total:  761.56 GB
[  416.4s] IOs:    199738980  IOPS:   479710  Throughput:  1873.9 MB/s  Total:  761.94 GB
[  416.6s] IOs:    199839026  IOPS:   479729  Throughput:  1873.9 MB/s  Total:  762.33 GB
[  416.7s] IOs:    199939489  IOPS:   479774  Throughput:  1874.1 MB/s  Total:  762.71 GB
[  416.9s] IOs:    200040401  IOPS:   479817  Throughput:  1874.3 MB/s  Total:  763.09 GB
[  417.1s] IOs:    200140917  IOPS:   479862  Throughput:  1874.5 MB/s  Total:  763.48 GB
[  417.3s] IOs:    200241306  IOPS:   479828  Throughput:  1874.3 MB/s  Total:  763.86 GB
[  417.5s] IOs:    200341996  IOPS:   479869  Throughput:  1874.5 MB/s  Total:  764.24 GB
[  417.7s] IOs:    200442601  IOPS:   479870  Throughput:  1874.5 MB/s  Total:  764.63 GB
[  417.9s] IOs:    200543303  IOPS:   479906  Throughput:  1874.6 MB/s  Total:  765.01 GB
[  418.0s] IOs:    200643892  IOPS:   479952  Throughput:  1874.8 MB/s  Total:  765.40 GB
[  418.2s] IOs:    200744172  IOPS:   479980  Throughput:  1874.9 MB/s  Total:  765.78 GB
[  418.4s] IOs:    200844574  IOPS:   480025  Throughput:  1875.1 MB/s  Total:  766.16 GB
[  418.6s] IOs:    200944578  IOPS:   480070  Throughput:  1875.3 MB/s  Total:  766.54 GB
[  418.7s] IOs:    201045346  IOPS:   480108  Throughput:  1875.4 MB/s  Total:  766.93 GB
[  418.9s] IOs:    201145900  IOPS:   480156  Throughput:  1875.6 MB/s  Total:  767.31 GB
[  419.1s] IOs:    201246427  IOPS:   480172  Throughput:  1875.7 MB/s  Total:  767.69 GB
[  419.5s] IOs:    201346707  IOPS:   480010  Throughput:  1875.0 MB/s  Total:  768.08 GB
[  419.6s] IOs:    201447576  IOPS:   480049  Throughput:  1875.2 MB/s  Total:  768.46 GB
[  419.8s] IOs:    201547771  IOPS:   480086  Throughput:  1875.3 MB/s  Total:  768.84 GB
[  420.0s] IOs:    201648607  IOPS:   480115  Throughput:  1875.4 MB/s  Total:  769.23 GB
[  420.4s] IOs:    201749206  IOPS:   479908  Throughput:  1874.6 MB/s  Total:  769.61 GB
[  420.6s] IOs:    201849900  IOPS:   479896  Throughput:  1874.6 MB/s  Total:  770.00 GB
[  420.8s] IOs:    201949987  IOPS:   479921  Throughput:  1874.7 MB/s  Total:  770.38 GB
[  421.0s] IOs:    202050734  IOPS:   479948  Throughput:  1874.8 MB/s  Total:  770.76 GB
[  421.2s] IOs:    202151648  IOPS:   479964  Throughput:  1874.9 MB/s  Total:  771.15 GB
[  421.4s] IOs:    202252260  IOPS:   479994  Throughput:  1875.0 MB/s  Total:  771.53 GB
[  421.6s] IOs:    202353106  IOPS:   480017  Throughput:  1875.1 MB/s  Total:  771.92 GB
[  421.8s] IOs:    202453998  IOPS:   480026  Throughput:  1875.1 MB/s  Total:  772.30 GB
[  421.9s] IOs:    202554079  IOPS:   480049  Throughput:  1875.2 MB/s  Total:  772.68 GB
[  422.1s] IOs:    202654989  IOPS:   480081  Throughput:  1875.3 MB/s  Total:  773.07 GB
[  422.3s] IOs:    202755949  IOPS:   480104  Throughput:  1875.4 MB/s  Total:  773.45 GB
[  422.5s] IOs:    202856566  IOPS:   480131  Throughput:  1875.5 MB/s  Total:  773.84 GB
[  422.7s] IOs:    202957331  IOPS:   480123  Throughput:  1875.5 MB/s  Total:  774.22 GB
[  422.9s] IOs:    203057953  IOPS:   480156  Throughput:  1875.6 MB/s  Total:  774.60 GB
[  423.1s] IOs:    203158513  IOPS:   480186  Throughput:  1875.7 MB/s  Total:  774.99 GB
[  423.4s] IOs:    203258736  IOPS:   480027  Throughput:  1875.1 MB/s  Total:  775.37 GB
[  423.6s] IOs:    203358765  IOPS:   480057  Throughput:  1875.2 MB/s  Total:  775.75 GB
[  423.8s] IOs:    203459001  IOPS:   480096  Throughput:  1875.4 MB/s  Total:  776.13 GB
[  424.0s] IOs:    203559552  IOPS:   480142  Throughput:  1875.6 MB/s  Total:  776.52 GB
[  424.3s] IOs:    203660265  IOPS:   480041  Throughput:  1875.2 MB/s  Total:  776.90 GB
[  424.4s] IOs:    203760999  IOPS:   480072  Throughput:  1875.3 MB/s  Total:  777.29 GB
[  424.6s] IOs:    203861898  IOPS:   480096  Throughput:  1875.4 MB/s  Total:  777.67 GB
[  424.8s] IOs:    203962651  IOPS:   480119  Throughput:  1875.5 MB/s  Total:  778.06 GB
[  425.0s] IOs:    204062658  IOPS:   480139  Throughput:  1875.5 MB/s  Total:  778.44 GB
[Reader] Parsed 33000000 lines, distributed 204088805 writes, unique 250.04 GB, skipped 0
[  425.2s] IOs:    204163612  IOPS:   480172  Throughput:  1875.7 MB/s  Total:  778.82 GB
[  425.4s] IOs:    204264529  IOPS:   480199  Throughput:  1875.8 MB/s  Total:  779.21 GB
[  425.6s] IOs:    204365250  IOPS:   480223  Throughput:  1875.9 MB/s  Total:  779.59 GB
[  425.8s] IOs:    204466093  IOPS:   480248  Throughput:  1876.0 MB/s  Total:  779.98 GB
[  425.9s] IOs:    204566208  IOPS:   480260  Throughput:  1876.0 MB/s  Total:  780.36 GB
[  426.2s] IOs:    204666625  IOPS:   480261  Throughput:  1876.0 MB/s  Total:  780.74 GB
[  426.3s] IOs:    204767049  IOPS:   480305  Throughput:  1876.2 MB/s  Total:  781.12 GB
[  426.5s] IOs:    204867231  IOPS:   480339  Throughput:  1876.3 MB/s  Total:  781.51 GB
[  426.8s] IOs:    204967433  IOPS:   480276  Throughput:  1876.1 MB/s  Total:  781.89 GB
[  427.0s] IOs:    205067605  IOPS:   480300  Throughput:  1876.2 MB/s  Total:  782.27 GB
[  427.2s] IOs:    205168552  IOPS:   480284  Throughput:  1876.1 MB/s  Total:  782.66 GB
[  427.4s] IOs:    205268758  IOPS:   480326  Throughput:  1876.3 MB/s  Total:  783.04 GB
[  427.6s] IOs:    205369362  IOPS:   480243  Throughput:  1875.9 MB/s  Total:  783.42 GB
[  427.8s] IOs:    205469830  IOPS:   480252  Throughput:  1876.0 MB/s  Total:  783.81 GB
[  428.0s] IOs:    205570427  IOPS:   480277  Throughput:  1876.1 MB/s  Total:  784.19 GB
[  428.2s] IOs:    205670493  IOPS:   480304  Throughput:  1876.2 MB/s  Total:  784.57 GB
[  428.4s] IOs:    205771347  IOPS:   480332  Throughput:  1876.3 MB/s  Total:  784.96 GB
[  428.6s] IOs:    205872065  IOPS:   480299  Throughput:  1876.2 MB/s  Total:  785.34 GB
[  428.8s] IOs:    205972785  IOPS:   480332  Throughput:  1876.3 MB/s  Total:  785.72 GB
[  429.0s] IOs:    206073169  IOPS:   480337  Throughput:  1876.3 MB/s  Total:  786.11 GB
[  429.2s] IOs:    206173755  IOPS:   480354  Throughput:  1876.4 MB/s  Total:  786.49 GB
[  429.4s] IOs:    206274268  IOPS:   480382  Throughput:  1876.5 MB/s  Total:  786.87 GB
[  429.6s] IOs:    206374859  IOPS:   480426  Throughput:  1876.7 MB/s  Total:  787.26 GB
[  429.8s] IOs:    206475064  IOPS:   480347  Throughput:  1876.4 MB/s  Total:  787.64 GB
[  430.0s] IOs:    206575786  IOPS:   480361  Throughput:  1876.4 MB/s  Total:  788.02 GB
[  430.3s] IOs:    206676046  IOPS:   480269  Throughput:  1876.1 MB/s  Total:  788.41 GB
[  430.5s] IOs:    206776397  IOPS:   480303  Throughput:  1876.2 MB/s  Total:  788.79 GB
[  430.9s] IOs:    206876784  IOPS:   480066  Throughput:  1875.3 MB/s  Total:  789.17 GB
[  431.2s] IOs:    206976892  IOPS:   480052  Throughput:  1875.2 MB/s  Total:  789.55 GB
[  431.4s] IOs:    207077875  IOPS:   480059  Throughput:  1875.2 MB/s  Total:  789.94 GB
[  431.7s] IOs:    207178565  IOPS:   479925  Throughput:  1874.7 MB/s  Total:  790.32 GB
[  431.9s] IOs:    207279175  IOPS:   479943  Throughput:  1874.8 MB/s  Total:  790.71 GB
[  432.2s] IOs:    207379461  IOPS:   479791  Throughput:  1874.2 MB/s  Total:  791.09 GB
[  432.5s] IOs:    207480100  IOPS:   479720  Throughput:  1873.9 MB/s  Total:  791.47 GB
[  432.7s] IOs:    207580927  IOPS:   479745  Throughput:  1874.0 MB/s  Total:  791.86 GB
[  432.9s] IOs:    207681508  IOPS:   479754  Throughput:  1874.0 MB/s  Total:  792.24 GB
[  433.1s] IOs:    207781985  IOPS:   479797  Throughput:  1874.2 MB/s  Total:  792.63 GB
[  433.4s] IOs:    207882441  IOPS:   479681  Throughput:  1873.8 MB/s  Total:  793.01 GB
[  433.6s] IOs:    207983491  IOPS:   479721  Throughput:  1873.9 MB/s  Total:  793.39 GB
[  433.9s] IOs:    208084017  IOPS:   479614  Throughput:  1873.5 MB/s  Total:  793.78 GB
[  434.0s] IOs:    208184635  IOPS:   479650  Throughput:  1873.6 MB/s  Total:  794.16 GB
[  434.3s] IOs:    208285140  IOPS:   479587  Throughput:  1873.4 MB/s  Total:  794.54 GB
[Reader] Parsed 34000000 lines, distributed 208365565 writes, unique 251.39 GB, skipped 0
[  434.5s] IOs:    208385497  IOPS:   479627  Throughput:  1873.5 MB/s  Total:  794.93 GB
[  434.8s] IOs:    208485620  IOPS:   479451  Throughput:  1872.9 MB/s  Total:  795.31 GB
[  435.0s] IOs:    208586336  IOPS:   479478  Throughput:  1873.0 MB/s  Total:  795.69 GB
[  435.2s] IOs:    208687328  IOPS:   479500  Throughput:  1873.0 MB/s  Total:  796.08 GB
[  435.4s] IOs:    208788161  IOPS:   479525  Throughput:  1873.1 MB/s  Total:  796.46 GB
[  435.6s] IOs:    208889011  IOPS:   479550  Throughput:  1873.2 MB/s  Total:  796.85 GB
[  435.8s] IOs:    208989770  IOPS:   479577  Throughput:  1873.3 MB/s  Total:  797.23 GB
[  436.0s] IOs:    209090607  IOPS:   479600  Throughput:  1873.4 MB/s  Total:  797.62 GB
[  436.2s] IOs:    209191565  IOPS:   479599  Throughput:  1873.4 MB/s  Total:  798.00 GB
[  436.4s] IOs:    209291700  IOPS:   479631  Throughput:  1873.6 MB/s  Total:  798.38 GB
[  436.6s] IOs:    209391779  IOPS:   479638  Throughput:  1873.6 MB/s  Total:  798.77 GB
[  436.8s] IOs:    209492246  IOPS:   479632  Throughput:  1873.6 MB/s  Total:  799.15 GB
[  437.0s] IOs:    209592839  IOPS:   479662  Throughput:  1873.7 MB/s  Total:  799.53 GB
[  437.2s] IOs:    209692966  IOPS:   479647  Throughput:  1873.6 MB/s  Total:  799.92 GB
[  437.4s] IOs:    209793957  IOPS:   479672  Throughput:  1873.7 MB/s  Total:  800.30 GB
[  437.5s] IOs:    209894816  IOPS:   479711  Throughput:  1873.9 MB/s  Total:  800.69 GB
[  437.8s] IOs:    209995425  IOPS:   479628  Throughput:  1873.5 MB/s  Total:  801.07 GB
[  438.0s] IOs:    210096095  IOPS:   479640  Throughput:  1873.6 MB/s  Total:  801.45 GB
[  438.2s] IOs:    210196109  IOPS:   479667  Throughput:  1873.7 MB/s  Total:  801.83 GB
[  438.4s] IOs:    210297097  IOPS:   479684  Throughput:  1873.8 MB/s  Total:  802.22 GB
[  438.6s] IOs:    210397937  IOPS:   479695  Throughput:  1873.8 MB/s  Total:  802.60 GB
[  438.8s] IOs:    210498774  IOPS:   479718  Throughput:  1873.9 MB/s  Total:  802.99 GB
[  439.0s] IOs:    210599685  IOPS:   479720  Throughput:  1873.9 MB/s  Total:  803.37 GB
[  439.2s] IOs:    210700500  IOPS:   479706  Throughput:  1873.9 MB/s  Total:  803.76 GB
[  439.4s] IOs:    210801072  IOPS:   479720  Throughput:  1873.9 MB/s  Total:  804.14 GB
[  439.6s] IOs:    210901635  IOPS:   479761  Throughput:  1874.1 MB/s  Total:  804.53 GB
[  439.8s] IOs:    211002086  IOPS:   479752  Throughput:  1874.0 MB/s  Total:  804.91 GB
[  440.0s] IOs:    211102780  IOPS:   479792  Throughput:  1874.2 MB/s  Total:  805.29 GB
[  440.2s] IOs:    211203030  IOPS:   479735  Throughput:  1874.0 MB/s  Total:  805.68 GB
[  440.4s] IOs:    211303130  IOPS:   479777  Throughput:  1874.1 MB/s  Total:  806.06 GB
[  440.7s] IOs:    211404000  IOPS:   479707  Throughput:  1873.9 MB/s  Total:  806.44 GB
[  440.9s] IOs:    211504049  IOPS:   479734  Throughput:  1874.0 MB/s  Total:  806.82 GB
[  441.1s] IOs:    211604884  IOPS:   479761  Throughput:  1874.1 MB/s  Total:  807.21 GB
[  441.3s] IOs:    211705519  IOPS:   479780  Throughput:  1874.1 MB/s  Total:  807.59 GB
[  441.5s] IOs:    211806407  IOPS:   479785  Throughput:  1874.2 MB/s  Total:  807.98 GB
[  441.7s] IOs:    211906467  IOPS:   479795  Throughput:  1874.2 MB/s  Total:  808.36 GB
[  441.9s] IOs:    212007319  IOPS:   479786  Throughput:  1874.2 MB/s  Total:  808.74 GB
[  442.1s] IOs:    212108231  IOPS:   479799  Throughput:  1874.2 MB/s  Total:  809.13 GB
[  442.3s] IOs:    212208990  IOPS:   479825  Throughput:  1874.3 MB/s  Total:  809.51 GB
[  442.5s] IOs:    212309781  IOPS:   479838  Throughput:  1874.4 MB/s  Total:  809.90 GB
[  442.6s] IOs:    212410006  IOPS:   479862  Throughput:  1874.5 MB/s  Total:  810.28 GB
[  442.8s] IOs:    212510427  IOPS:   479877  Throughput:  1874.5 MB/s  Total:  810.66 GB
[  443.0s] IOs:    212610463  IOPS:   479912  Throughput:  1874.7 MB/s  Total:  811.04 GB
[  443.3s] IOs:    212711110  IOPS:   479878  Throughput:  1874.5 MB/s  Total:  811.43 GB
[  443.5s] IOs:    212811587  IOPS:   479809  Throughput:  1874.3 MB/s  Total:  811.81 GB
[  443.7s] IOs:    212912220  IOPS:   479837  Throughput:  1874.4 MB/s  Total:  812.20 GB
[  443.9s] IOs:    213013056  IOPS:   479859  Throughput:  1874.4 MB/s  Total:  812.58 GB
[Reader] Parsed 35000000 lines, distributed 213065415 writes, unique 253.55 GB, skipped 0
[  444.1s] IOs:    213113907  IOPS:   479881  Throughput:  1874.5 MB/s  Total:  812.97 GB
[  444.3s] IOs:    213214718  IOPS:   479903  Throughput:  1874.6 MB/s  Total:  813.35 GB
[  444.5s] IOs:    213315495  IOPS:   479926  Throughput:  1874.7 MB/s  Total:  813.73 GB
[  444.7s] IOs:    213416331  IOPS:   479914  Throughput:  1874.7 MB/s  Total:  814.12 GB
[  444.9s] IOs:    213517207  IOPS:   479932  Throughput:  1874.7 MB/s  Total:  814.50 GB
[  445.1s] IOs:    213617972  IOPS:   479960  Throughput:  1874.8 MB/s  Total:  814.89 GB
[  445.3s] IOs:    213718947  IOPS:   479971  Throughput:  1874.9 MB/s  Total:  815.27 GB
[  445.5s] IOs:    213819681  IOPS:   479980  Throughput:  1874.9 MB/s  Total:  815.66 GB
[  445.7s] IOs:    213920238  IOPS:   479991  Throughput:  1875.0 MB/s  Total:  816.04 GB
[  445.9s] IOs:    214020939  IOPS:   480019  Throughput:  1875.1 MB/s  Total:  816.43 GB
[  446.0s] IOs:    214121564  IOPS:   480054  Throughput:  1875.2 MB/s  Total:  816.81 GB
[  446.3s] IOs:    214221591  IOPS:   480005  Throughput:  1875.0 MB/s  Total:  817.19 GB
[  446.5s] IOs:    214322568  IOPS:   480017  Throughput:  1875.1 MB/s  Total:  817.58 GB
[  446.7s] IOs:    214422645  IOPS:   480002  Throughput:  1875.0 MB/s  Total:  817.96 GB
[  446.9s] IOs:    214523072  IOPS:   480028  Throughput:  1875.1 MB/s  Total:  818.34 GB
[  447.1s] IOs:    214623451  IOPS:   480063  Throughput:  1875.2 MB/s  Total:  818.72 GB
[  447.4s] IOs:    214723933  IOPS:   479944  Throughput:  1874.8 MB/s  Total:  819.11 GB
[  447.6s] IOs:    214824796  IOPS:   479969  Throughput:  1874.9 MB/s  Total:  819.49 GB
[  447.8s] IOs:    214925286  IOPS:   479984  Throughput:  1874.9 MB/s  Total:  819.87 GB
[  448.0s] IOs:    215026033  IOPS:   480004  Throughput:  1875.0 MB/s  Total:  820.26 GB
[  448.1s] IOs:    215126063  IOPS:   480032  Throughput:  1875.1 MB/s  Total:  820.64 GB
[  448.3s] IOs:    215227022  IOPS:   480058  Throughput:  1875.2 MB/s  Total:  821.03 GB
[  448.5s] IOs:    215327759  IOPS:   480077  Throughput:  1875.3 MB/s  Total:  821.41 GB
[  448.7s] IOs:    215428486  IOPS:   480101  Throughput:  1875.4 MB/s  Total:  821.79 GB
[  448.9s] IOs:    215528802  IOPS:   480118  Throughput:  1875.5 MB/s  Total:  822.18 GB
[  449.1s] IOs:    215629399  IOPS:   480153  Throughput:  1875.6 MB/s  Total:  822.56 GB
[  449.3s] IOs:    215729740  IOPS:   480190  Throughput:  1875.7 MB/s  Total:  822.94 GB
[  449.4s] IOs:    215830247  IOPS:   480231  Throughput:  1875.9 MB/s  Total:  823.33 GB
[  449.6s] IOs:    215930518  IOPS:   480262  Throughput:  1876.0 MB/s  Total:  823.71 GB
[  449.9s] IOs:    216031409  IOPS:   480214  Throughput:  1875.8 MB/s  Total:  824.09 GB
[  450.2s] IOs:    216131921  IOPS:   480132  Throughput:  1875.5 MB/s  Total:  824.48 GB
[  450.4s] IOs:    216232810  IOPS:   480134  Throughput:  1875.5 MB/s  Total:  824.86 GB
[  450.6s] IOs:    216333492  IOPS:   480152  Throughput:  1875.6 MB/s  Total:  825.25 GB
[  450.7s] IOs:    216434033  IOPS:   480175  Throughput:  1875.7 MB/s  Total:  825.63 GB
[  450.9s] IOs:    216534572  IOPS:   480191  Throughput:  1875.7 MB/s  Total:  826.01 GB
[  451.1s] IOs:    216635332  IOPS:   480213  Throughput:  1875.8 MB/s  Total:  826.40 GB
[  451.3s] IOs:    216736301  IOPS:   480241  Throughput:  1875.9 MB/s  Total:  826.78 GB
[  451.5s] IOs:    216837174  IOPS:   480269  Throughput:  1876.1 MB/s  Total:  827.17 GB
[  451.7s] IOs:    216937928  IOPS:   480290  Throughput:  1876.1 MB/s  Total:  827.55 GB
[  451.9s] IOs:    217038556  IOPS:   480311  Throughput:  1876.2 MB/s  Total:  827.94 GB
[  452.1s] IOs:    217138864  IOPS:   480322  Throughput:  1876.3 MB/s  Total:  828.32 GB
[  452.2s] IOs:    217239144  IOPS:   480357  Throughput:  1876.4 MB/s  Total:  828.70 GB
[  452.4s] IOs:    217339632  IOPS:   480393  Throughput:  1876.5 MB/s  Total:  829.08 GB
[  452.6s] IOs:    217439732  IOPS:   480388  Throughput:  1876.5 MB/s  Total:  829.47 GB
[  452.9s] IOs:    217540519  IOPS:   480373  Throughput:  1876.5 MB/s  Total:  829.85 GB
[  453.1s] IOs:    217641369  IOPS:   480298  Throughput:  1876.2 MB/s  Total:  830.24 GB
[Reader] Parsed 36000000 lines, distributed 217708430 writes, unique 255.58 GB, skipped 0
[  453.3s] IOs:    217741451  IOPS:   480317  Throughput:  1876.2 MB/s  Total:  830.62 GB
[  453.5s] IOs:    217842394  IOPS:   480340  Throughput:  1876.3 MB/s  Total:  831.00 GB
[  453.7s] IOs:    217943338  IOPS:   480352  Throughput:  1876.4 MB/s  Total:  831.39 GB
[  453.9s] IOs:    218044034  IOPS:   480375  Throughput:  1876.5 MB/s  Total:  831.77 GB
[  454.1s] IOs:    218144775  IOPS:   480391  Throughput:  1876.5 MB/s  Total:  832.16 GB
[  454.3s] IOs:    218244789  IOPS:   480419  Throughput:  1876.6 MB/s  Total:  832.54 GB
[  454.5s] IOs:    218345682  IOPS:   480436  Throughput:  1876.7 MB/s  Total:  832.92 GB
[  454.7s] IOs:    218446694  IOPS:   480460  Throughput:  1876.8 MB/s  Total:  833.31 GB
[  454.9s] IOs:    218547518  IOPS:   480474  Throughput:  1876.9 MB/s  Total:  833.69 GB
[  455.1s] IOs:    218648039  IOPS:   480487  Throughput:  1876.9 MB/s  Total:  834.08 GB
[  455.2s] IOs:    218748392  IOPS:   480525  Throughput:  1877.1 MB/s  Total:  834.46 GB
[  455.4s] IOs:    218848655  IOPS:   480526  Throughput:  1877.1 MB/s  Total:  834.84 GB
[  455.6s] IOs:    218949657  IOPS:   480554  Throughput:  1877.2 MB/s  Total:  835.23 GB
[  455.9s] IOs:    219050264  IOPS:   480463  Throughput:  1876.8 MB/s  Total:  835.61 GB
[  456.1s] IOs:    219150856  IOPS:   480490  Throughput:  1876.9 MB/s  Total:  835.99 GB
[  456.3s] IOs:    219251744  IOPS:   480507  Throughput:  1877.0 MB/s  Total:  836.38 GB
[  456.5s] IOs:    219351765  IOPS:   480535  Throughput:  1877.1 MB/s  Total:  836.76 GB
[  456.7s] IOs:    219451820  IOPS:   480546  Throughput:  1877.1 MB/s  Total:  837.14 GB
[  456.9s] IOs:    219552748  IOPS:   480571  Throughput:  1877.2 MB/s  Total:  837.53 GB
[  457.0s] IOs:    219653655  IOPS:   480598  Throughput:  1877.3 MB/s  Total:  837.91 GB
[  457.2s] IOs:    219754478  IOPS:   480619  Throughput:  1877.4 MB/s  Total:  838.30 GB
[  457.4s] IOs:    219854669  IOPS:   480644  Throughput:  1877.5 MB/s  Total:  838.68 GB
[  457.6s] IOs:    219954758  IOPS:   480667  Throughput:  1877.6 MB/s  Total:  839.06 GB
[  457.8s] IOs:    220055536  IOPS:   480687  Throughput:  1877.7 MB/s  Total:  839.45 GB
[  458.0s] IOs:    220156126  IOPS:   480715  Throughput:  1877.8 MB/s  Total:  839.83 GB
[  458.2s] IOs:    220256636  IOPS:   480707  Throughput:  1877.8 MB/s  Total:  840.21 GB
[  458.4s] IOs:    220357354  IOPS:   480698  Throughput:  1877.7 MB/s  Total:  840.60 GB
[  458.6s] IOs:    220457994  IOPS:   480713  Throughput:  1877.8 MB/s  Total:  840.98 GB
[  458.8s] IOs:    220558850  IOPS:   480724  Throughput:  1877.8 MB/s  Total:  841.37 GB
[  459.0s] IOs:    220659656  IOPS:   480742  Throughput:  1877.9 MB/s  Total:  841.75 GB
[  459.2s] IOs:    220759825  IOPS:   480736  Throughput:  1877.9 MB/s  Total:  842.13 GB
[  459.4s] IOs:    220860122  IOPS:   480775  Throughput:  1878.0 MB/s  Total:  842.51 GB
[  459.6s] IOs:    220960746  IOPS:   480804  Throughput:  1878.1 MB/s  Total:  842.90 GB
[  459.9s] IOs:    221060759  IOPS:   480672  Throughput:  1877.6 MB/s  Total:  843.28 GB
[  460.1s] IOs:    221161607  IOPS:   480700  Throughput:  1877.7 MB/s  Total:  843.66 GB
[  460.3s] IOs:    221262607  IOPS:   480732  Throughput:  1877.9 MB/s  Total:  844.05 GB
[  460.4s] IOs:    221363305  IOPS:   480773  Throughput:  1878.0 MB/s  Total:  844.43 GB
[  460.7s] IOs:    221463752  IOPS:   480690  Throughput:  1877.7 MB/s  Total:  844.82 GB
[  460.9s] IOs:    221563858  IOPS:   480700  Throughput:  1877.7 MB/s  Total:  845.20 GB
[  461.1s] IOs:    221664126  IOPS:   480729  Throughput:  1877.8 MB/s  Total:  845.58 GB
[  461.3s] IOs:    221764162  IOPS:   480688  Throughput:  1877.7 MB/s  Total:  845.96 GB
[  461.5s] IOs:    221864447  IOPS:   480717  Throughput:  1877.8 MB/s  Total:  846.35 GB
[  461.8s] IOs:    221965135  IOPS:   480693  Throughput:  1877.7 MB/s  Total:  846.73 GB
[  461.9s] IOs:    222066060  IOPS:   480731  Throughput:  1877.9 MB/s  Total:  847.11 GB
[  462.3s] IOs:    222166060  IOPS:   480614  Throughput:  1877.4 MB/s  Total:  847.50 GB
[  462.4s] IOs:    222266973  IOPS:   480646  Throughput:  1877.5 MB/s  Total:  847.88 GB
[Reader] Parsed 37000000 lines, distributed 222280904 writes, unique 258.42 GB, skipped 0
[  462.6s] IOs:    222367031  IOPS:   480673  Throughput:  1877.6 MB/s  Total:  848.26 GB
[  462.8s] IOs:    222467386  IOPS:   480685  Throughput:  1877.7 MB/s  Total:  848.65 GB
[  463.0s] IOs:    222568056  IOPS:   480694  Throughput:  1877.7 MB/s  Total:  849.03 GB
[  463.2s] IOs:    222668204  IOPS:   480705  Throughput:  1877.8 MB/s  Total:  849.41 GB
[  463.4s] IOs:    222768317  IOPS:   480744  Throughput:  1877.9 MB/s  Total:  849.79 GB
[  463.6s] IOs:    222868493  IOPS:   480778  Throughput:  1878.0 MB/s  Total:  850.18 GB
[  463.8s] IOs:    222968940  IOPS:   480780  Throughput:  1878.0 MB/s  Total:  850.56 GB
[  463.9s] IOs:    223069564  IOPS:   480810  Throughput:  1878.2 MB/s  Total:  850.94 GB
[  464.1s] IOs:    223169856  IOPS:   480844  Throughput:  1878.3 MB/s  Total:  851.33 GB
[  464.3s] IOs:    223270116  IOPS:   480859  Throughput:  1878.4 MB/s  Total:  851.71 GB
[  464.5s] IOs:    223370687  IOPS:   480889  Throughput:  1878.5 MB/s  Total:  852.09 GB
[  464.8s] IOs:    223471224  IOPS:   480815  Throughput:  1878.2 MB/s  Total:  852.48 GB
[  464.9s] IOs:    223571921  IOPS:   480856  Throughput:  1878.3 MB/s  Total:  852.86 GB
[  465.2s] IOs:    223672252  IOPS:   480847  Throughput:  1878.3 MB/s  Total:  853.24 GB
[  465.3s] IOs:    223773254  IOPS:   480875  Throughput:  1878.4 MB/s  Total:  853.63 GB
[  465.5s] IOs:    223874282  IOPS:   480910  Throughput:  1878.6 MB/s  Total:  854.01 GB
[  465.7s] IOs:    223974653  IOPS:   480931  Throughput:  1878.6 MB/s  Total:  854.40 GB
[  465.9s] IOs:    224075086  IOPS:   480949  Throughput:  1878.7 MB/s  Total:  854.78 GB
[  466.1s] IOs:    224175285  IOPS:   480987  Throughput:  1878.9 MB/s  Total:  855.16 GB
[  466.3s] IOs:    224275435  IOPS:   481018  Throughput:  1879.0 MB/s  Total:  855.54 GB
[  466.4s] IOs:    224375598  IOPS:   481052  Throughput:  1879.1 MB/s  Total:  855.92 GB
[  466.6s] IOs:    224476148  IOPS:   481091  Throughput:  1879.3 MB/s  Total:  856.31 GB
[  466.8s] IOs:    224576595  IOPS:   481124  Throughput:  1879.4 MB/s  Total:  856.69 GB
[  467.0s] IOs:    224677102  IOPS:   481157  Throughput:  1879.5 MB/s  Total:  857.08 GB
[  467.2s] IOs:    224777107  IOPS:   481082  Throughput:  1879.2 MB/s  Total:  857.46 GB
[  467.4s] IOs:    224877256  IOPS:   481084  Throughput:  1879.2 MB/s  Total:  857.84 GB
[  467.6s] IOs:    224977623  IOPS:   481103  Throughput:  1879.3 MB/s  Total:  858.22 GB
[  467.8s] IOs:    225078141  IOPS:   481094  Throughput:  1879.3 MB/s  Total:  858.60 GB
[  468.0s] IOs:    225178654  IOPS:   481135  Throughput:  1879.4 MB/s  Total:  858.99 GB
[  468.3s] IOs:    225278691  IOPS:   481044  Throughput:  1879.1 MB/s  Total:  859.37 GB
[  468.5s] IOs:    225379538  IOPS:   481068  Throughput:  1879.2 MB/s  Total:  859.75 GB
[  468.8s] IOs:    225480371  IOPS:   480975  Throughput:  1878.8 MB/s  Total:  860.14 GB
[  469.0s] IOs:    225580612  IOPS:   480992  Throughput:  1878.9 MB/s  Total:  860.52 GB
[  469.2s] IOs:    225681198  IOPS:   481031  Throughput:  1879.0 MB/s  Total:  860.91 GB
[  469.4s] IOs:    225781721  IOPS:   480971  Throughput:  1878.8 MB/s  Total:  861.29 GB
[  469.6s] IOs:    225882600  IOPS:   481007  Throughput:  1878.9 MB/s  Total:  861.67 GB
[  469.9s] IOs:    225983537  IOPS:   480966  Throughput:  1878.8 MB/s  Total:  862.06 GB
[  470.0s] IOs:    226083860  IOPS:   480996  Throughput:  1878.9 MB/s  Total:  862.44 GB
[  470.2s] IOs:    226184400  IOPS:   481031  Throughput:  1879.0 MB/s  Total:  862.83 GB
[  470.4s] IOs:    226284580  IOPS:   481027  Throughput:  1879.0 MB/s  Total:  863.21 GB
[  470.6s] IOs:    226384635  IOPS:   481062  Throughput:  1879.1 MB/s  Total:  863.59 GB
[  470.8s] IOs:    226484741  IOPS:   481063  Throughput:  1879.2 MB/s  Total:  863.97 GB
[  471.1s] IOs:    226585177  IOPS:   480984  Throughput:  1878.8 MB/s  Total:  864.35 GB
[  471.3s] IOs:    226685860  IOPS:   480995  Throughput:  1878.9 MB/s  Total:  864.74 GB
[  471.5s] IOs:    226786759  IOPS:   481034  Throughput:  1879.0 MB/s  Total:  865.12 GB
[  471.6s] IOs:    226887241  IOPS:   481070  Throughput:  1879.2 MB/s  Total:  865.51 GB
[  472.0s] IOs:    226988085  IOPS:   480930  Throughput:  1878.6 MB/s  Total:  865.89 GB
[Reader] Parsed 38000000 lines, distributed 227002198 writes, unique 261.81 GB, skipped 0
[  472.2s] IOs:    227088725  IOPS:   480967  Throughput:  1878.8 MB/s  Total:  866.27 GB
[  472.4s] IOs:    227188745  IOPS:   480955  Throughput:  1878.7 MB/s  Total:  866.66 GB
[  472.6s] IOs:    227289611  IOPS:   480961  Throughput:  1878.8 MB/s  Total:  867.04 GB
[  472.8s] IOs:    227390236  IOPS:   480935  Throughput:  1878.7 MB/s  Total:  867.42 GB
[  473.0s] IOs:    227491067  IOPS:   480962  Throughput:  1878.8 MB/s  Total:  867.81 GB
[  473.2s] IOs:    227591759  IOPS:   481001  Throughput:  1878.9 MB/s  Total:  868.19 GB
[  473.4s] IOs:    227692419  IOPS:   480985  Throughput:  1878.8 MB/s  Total:  868.58 GB
[  473.5s] IOs:    227793270  IOPS:   481034  Throughput:  1879.0 MB/s  Total:  868.96 GB
[  473.9s] IOs:    227894070  IOPS:   480899  Throughput:  1878.5 MB/s  Total:  869.35 GB
[  474.1s] IOs:    227994797  IOPS:   480924  Throughput:  1878.6 MB/s  Total:  869.73 GB
[  474.3s] IOs:    228095582  IOPS:   480915  Throughput:  1878.6 MB/s  Total:  870.12 GB
[  474.5s] IOs:    228195681  IOPS:   480955  Throughput:  1878.7 MB/s  Total:  870.50 GB
[  474.6s] IOs:    228296070  IOPS:   481005  Throughput:  1878.9 MB/s  Total:  870.88 GB
[  475.0s] IOs:    228396546  IOPS:   480847  Throughput:  1878.3 MB/s  Total:  871.26 GB
[  475.2s] IOs:    228496791  IOPS:   480876  Throughput:  1878.4 MB/s  Total:  871.65 GB
[  475.4s] IOs:    228597417  IOPS:   480852  Throughput:  1878.3 MB/s  Total:  872.03 GB
[  475.6s] IOs:    228698067  IOPS:   480899  Throughput:  1878.5 MB/s  Total:  872.41 GB
[  475.8s] IOs:    228798533  IOPS:   480855  Throughput:  1878.3 MB/s  Total:  872.80 GB
[  476.0s] IOs:    228899207  IOPS:   480895  Throughput:  1878.5 MB/s  Total:  873.18 GB
[  476.2s] IOs:    228999638  IOPS:   480924  Throughput:  1878.6 MB/s  Total:  873.56 GB
[  476.4s] IOs:    229100260  IOPS:   480894  Throughput:  1878.5 MB/s  Total:  873.95 GB
[  476.6s] IOs:    229200856  IOPS:   480939  Throughput:  1878.7 MB/s  Total:  874.33 GB
[  476.9s] IOs:    229301777  IOPS:   480807  Throughput:  1878.2 MB/s  Total:  874.72 GB
[  477.1s] IOs:    229402329  IOPS:   480834  Throughput:  1878.3 MB/s  Total:  875.10 GB
[  477.3s] IOs:    229503133  IOPS:   480851  Throughput:  1878.3 MB/s  Total:  875.48 GB
[  477.5s] IOs:    229603586  IOPS:   480868  Throughput:  1878.4 MB/s  Total:  875.87 GB
[  477.7s] IOs:    229704234  IOPS:   480872  Throughput:  1878.4 MB/s  Total:  876.25 GB
[  477.9s] IOs:    229804850  IOPS:   480896  Throughput:  1878.5 MB/s  Total:  876.64 GB
[  478.0s] IOs:    229905572  IOPS:   480927  Throughput:  1878.6 MB/s  Total:  877.02 GB
[  478.2s] IOs:    230005840  IOPS:   480964  Throughput:  1878.8 MB/s  Total:  877.40 GB
[  478.5s] IOs:    230106363  IOPS:   480905  Throughput:  1878.5 MB/s  Total:  877.79 GB
[  478.7s] IOs:    230206888  IOPS:   480940  Throughput:  1878.7 MB/s  Total:  878.17 GB
[  478.9s] IOs:    230307597  IOPS:   480931  Throughput:  1878.6 MB/s  Total:  878.55 GB
[  479.1s] IOs:    230408466  IOPS:   480937  Throughput:  1878.7 MB/s  Total:  878.94 GB
[  479.3s] IOs:    230509001  IOPS:   480968  Throughput:  1878.8 MB/s  Total:  879.32 GB
[  479.4s] IOs:    230609734  IOPS:   480996  Throughput:  1878.9 MB/s  Total:  879.71 GB
[  479.6s] IOs:    230710449  IOPS:   481038  Throughput:  1879.1 MB/s  Total:  880.09 GB
[  479.8s] IOs:    230810455  IOPS:   481073  Throughput:  1879.2 MB/s  Total:  880.47 GB
[  480.0s] IOs:    230910917  IOPS:   481082  Throughput:  1879.2 MB/s  Total:  880.86 GB
[  480.2s] IOs:    231011617  IOPS:   481122  Throughput:  1879.4 MB/s  Total:  881.24 GB
[  480.3s] IOs:    231112152  IOPS:   481142  Throughput:  1879.5 MB/s  Total:  881.62 GB
[  480.5s] IOs:    231212777  IOPS:   481174  Throughput:  1879.6 MB/s  Total:  882.01 GB
[  480.7s] IOs:    231313798  IOPS:   481212  Throughput:  1879.7 MB/s  Total:  882.39 GB
[  480.9s] IOs:    231414491  IOPS:   481208  Throughput:  1879.7 MB/s  Total:  882.78 GB
[  481.1s] IOs:    231514875  IOPS:   481248  Throughput:  1879.9 MB/s  Total:  883.16 GB
[  481.3s] IOs:    231615440  IOPS:   481247  Throughput:  1879.9 MB/s  Total:  883.54 GB
[Reader] Parsed 39000000 lines, distributed 231697726 writes, unique 264.44 GB, skipped 0
[  481.8s] IOs:    231715717  IOPS:   480942  Throughput:  1878.7 MB/s  Total:  883.93 GB
[  482.0s] IOs:    231816505  IOPS:   480976  Throughput:  1878.8 MB/s  Total:  884.31 GB
[  482.2s] IOs:    231917531  IOPS:   480963  Throughput:  1878.8 MB/s  Total:  884.70 GB
[  482.6s] IOs:    232018131  IOPS:   480813  Throughput:  1878.2 MB/s  Total:  885.08 GB
[  482.7s] IOs:    232118896  IOPS:   480846  Throughput:  1878.3 MB/s  Total:  885.46 GB
[  483.1s] IOs:    232219699  IOPS:   480698  Throughput:  1877.7 MB/s  Total:  885.85 GB
[  483.3s] IOs:    232319939  IOPS:   480737  Throughput:  1877.9 MB/s  Total:  886.23 GB
[  483.6s] IOs:    232420695  IOPS:   480611  Throughput:  1877.4 MB/s  Total:  886.61 GB
[  483.8s] IOs:    232521553  IOPS:   480644  Throughput:  1877.5 MB/s  Total:  887.00 GB
[  484.1s] IOs:    232621841  IOPS:   480503  Throughput:  1877.0 MB/s  Total:  887.38 GB
[  484.3s] IOs:    232722357  IOPS:   480533  Throughput:  1877.1 MB/s  Total:  887.77 GB
[  484.6s] IOs:    232823170  IOPS:   480422  Throughput:  1876.6 MB/s  Total:  888.15 GB
[  486.0s] IOs:    232923756  IOPS:   479269  Throughput:  1872.1 MB/s  Total:  888.53 GB
[  486.2s] IOs:    233024002  IOPS:   479290  Throughput:  1872.2 MB/s  Total:  888.92 GB
[  486.4s] IOs:    233124029  IOPS:   479251  Throughput:  1872.1 MB/s  Total:  889.30 GB
[  486.9s] IOs:    233224252  IOPS:   479007  Throughput:  1871.1 MB/s  Total:  889.68 GB
[  487.1s] IOs:    233324503  IOPS:   479009  Throughput:  1871.1 MB/s  Total:  890.06 GB
[  487.5s] IOs:    233425349  IOPS:   478780  Throughput:  1870.2 MB/s  Total:  890.45 GB
[  487.7s] IOs:    233526297  IOPS:   478797  Throughput:  1870.3 MB/s  Total:  890.83 GB
[  487.9s] IOs:    233627008  IOPS:   478821  Throughput:  1870.4 MB/s  Total:  891.22 GB
[  488.1s] IOs:    233727682  IOPS:   478837  Throughput:  1870.5 MB/s  Total:  891.60 GB
[  488.3s] IOs:    233828420  IOPS:   478853  Throughput:  1870.5 MB/s  Total:  891.98 GB
[  488.5s] IOs:    233928432  IOPS:   478879  Throughput:  1870.6 MB/s  Total:  892.37 GB
[  488.7s] IOs:    234029300  IOPS:   478905  Throughput:  1870.7 MB/s  Total:  892.75 GB
[  488.9s] IOs:    234129392  IOPS:   478919  Throughput:  1870.8 MB/s  Total:  893.13 GB
[  489.1s] IOs:    234230040  IOPS:   478926  Throughput:  1870.8 MB/s  Total:  893.52 GB
[  489.3s] IOs:    234330604  IOPS:   478947  Throughput:  1870.9 MB/s  Total:  893.90 GB
[  489.5s] IOs:    234430931  IOPS:   478952  Throughput:  1870.9 MB/s  Total:  894.28 GB
[  489.6s] IOs:    234531323  IOPS:   478980  Throughput:  1871.0 MB/s  Total:  894.67 GB
[  489.8s] IOs:    234631726  IOPS:   478993  Throughput:  1871.1 MB/s  Total:  895.05 GB
[  490.1s] IOs:    234731981  IOPS:   478978  Throughput:  1871.0 MB/s  Total:  895.43 GB
[  490.4s] IOs:    234832051  IOPS:   478891  Throughput:  1870.7 MB/s  Total:  895.81 GB
[  490.6s] IOs:    234933045  IOPS:   478914  Throughput:  1870.8 MB/s  Total:  896.20 GB
[  490.7s] IOs:    235033962  IOPS:   478930  Throughput:  1870.8 MB/s  Total:  896.58 GB
[  490.9s] IOs:    235134007  IOPS:   478953  Throughput:  1870.9 MB/s  Total:  896.97 GB
[  491.1s] IOs:    235234857  IOPS:   478973  Throughput:  1871.0 MB/s  Total:  897.35 GB
[  491.3s] IOs:    235335535  IOPS:   478991  Throughput:  1871.1 MB/s  Total:  897.73 GB
[  491.5s] IOs:    235436124  IOPS:   478996  Throughput:  1871.1 MB/s  Total:  898.12 GB
[  491.7s] IOs:    235537035  IOPS:   479017  Throughput:  1871.2 MB/s  Total:  898.50 GB
[  491.9s] IOs:    235637996  IOPS:   479043  Throughput:  1871.3 MB/s  Total:  898.89 GB
[  492.1s] IOs:    235738458  IOPS:   479055  Throughput:  1871.3 MB/s  Total:  899.27 GB
[  492.3s] IOs:    235839139  IOPS:   479057  Throughput:  1871.3 MB/s  Total:  899.65 GB
[  492.5s] IOs:    235940077  IOPS:   479070  Throughput:  1871.4 MB/s  Total:  900.04 GB
[  492.7s] IOs:    236040756  IOPS:   479096  Throughput:  1871.5 MB/s  Total:  900.42 GB
[  492.9s] IOs:    236141220  IOPS:   479084  Throughput:  1871.4 MB/s  Total:  900.81 GB
[  493.1s] IOs:    236242154  IOPS:   479108  Throughput:  1871.5 MB/s  Total:  901.19 GB
[  493.3s] IOs:    236342819  IOPS:   479089  Throughput:  1871.4 MB/s  Total:  901.58 GB
[  493.5s] IOs:    236443498  IOPS:   479117  Throughput:  1871.5 MB/s  Total:  901.96 GB
[Reader] Parsed 40000000 lines, distributed 236518928 writes, unique 268.02 GB, skipped 0
[  493.8s] IOs:    236544425  IOPS:   479052  Throughput:  1871.3 MB/s  Total:  902.35 GB
[  494.0s] IOs:    236645360  IOPS:   479066  Throughput:  1871.4 MB/s  Total:  902.73 GB
[  494.2s] IOs:    236745424  IOPS:   479089  Throughput:  1871.4 MB/s  Total:  903.11 GB
[  494.3s] IOs:    236846019  IOPS:   479107  Throughput:  1871.5 MB/s  Total:  903.50 GB
[  494.5s] IOs:    236946751  IOPS:   479123  Throughput:  1871.6 MB/s  Total:  903.88 GB
[  494.7s] IOs:    237047545  IOPS:   479148  Throughput:  1871.7 MB/s  Total:  904.26 GB
[  494.9s] IOs:    237147606  IOPS:   479165  Throughput:  1871.7 MB/s  Total:  904.65 GB
[  495.1s] IOs:    237248402  IOPS:   479186  Throughput:  1871.8 MB/s  Total:  905.03 GB
[  495.3s] IOs:    237349309  IOPS:   479206  Throughput:  1871.9 MB/s  Total:  905.42 GB
[  495.5s] IOs:    237449891  IOPS:   479218  Throughput:  1871.9 MB/s  Total:  905.80 GB
[  495.8s] IOs:    237550839  IOPS:   479166  Throughput:  1871.7 MB/s  Total:  906.18 GB
[  495.9s] IOs:    237651009  IOPS:   479203  Throughput:  1871.9 MB/s  Total:  906.57 GB
[  496.1s] IOs:    237751560  IOPS:   479232  Throughput:  1872.0 MB/s  Total:  906.95 GB
[  496.5s] IOs:    237851566  IOPS:   479068  Throughput:  1871.4 MB/s  Total:  907.33 GB
[  496.7s] IOs:    237951656  IOPS:   479106  Throughput:  1871.5 MB/s  Total:  907.71 GB
[  496.9s] IOs:    238051818  IOPS:   479103  Throughput:  1871.5 MB/s  Total:  908.10 GB
[  497.2s] IOs:    238152279  IOPS:   479031  Throughput:  1871.2 MB/s  Total:  908.48 GB
[  497.3s] IOs:    238252501  IOPS:   479065  Throughput:  1871.3 MB/s  Total:  908.86 GB
[  497.5s] IOs:    238352653  IOPS:   479074  Throughput:  1871.4 MB/s  Total:  909.24 GB
[  497.7s] IOs:    238453649  IOPS:   479110  Throughput:  1871.5 MB/s  Total:  909.63 GB
[  498.1s] IOs:    238554088  IOPS:   478917  Throughput:  1870.8 MB/s  Total:  910.01 GB
[  498.3s] IOs:    238654829  IOPS:   478901  Throughput:  1870.7 MB/s  Total:  910.40 GB
[  498.5s] IOs:    238755849  IOPS:   478922  Throughput:  1870.8 MB/s  Total:  910.78 GB
[  498.7s] IOs:    238856738  IOPS:   478945  Throughput:  1870.9 MB/s  Total:  911.17 GB
[  498.9s] IOs:    238957494  IOPS:   478964  Throughput:  1871.0 MB/s  Total:  911.55 GB
[  499.1s] IOs:    239058133  IOPS:   478986  Throughput:  1871.0 MB/s  Total:  911.93 GB
[  499.3s] IOs:    239158698  IOPS:   478996  Throughput:  1871.1 MB/s  Total:  912.32 GB
[  499.5s] IOs:    239259678  IOPS:   479028  Throughput:  1871.2 MB/s  Total:  912.70 GB
[  499.6s] IOs:    239360138  IOPS:   479056  Throughput:  1871.3 MB/s  Total:  913.09 GB
[  499.9s] IOs:    239460459  IOPS:   479033  Throughput:  1871.2 MB/s  Total:  913.47 GB
[  500.1s] IOs:    239560836  IOPS:   479049  Throughput:  1871.3 MB/s  Total:  913.85 GB
[  500.2s] IOs:    239661175  IOPS:   479086  Throughput:  1871.4 MB/s  Total:  914.23 GB
[  500.5s] IOs:    239761721  IOPS:   479082  Throughput:  1871.4 MB/s  Total:  914.62 GB
[  500.7s] IOs:    239862411  IOPS:   479089  Throughput:  1871.4 MB/s  Total:  915.00 GB
[  500.8s] IOs:    239962863  IOPS:   479114  Throughput:  1871.5 MB/s  Total:  915.39 GB
[  501.1s] IOs:    240063247  IOPS:   479065  Throughput:  1871.3 MB/s  Total:  915.77 GB
[  501.3s] IOs:    240164061  IOPS:   479075  Throughput:  1871.4 MB/s  Total:  916.15 GB
[  501.5s] IOs:    240264982  IOPS:   479102  Throughput:  1871.5 MB/s  Total:  916.54 GB
[  501.7s] IOs:    240365949  IOPS:   479095  Throughput:  1871.5 MB/s  Total:  916.92 GB
[  501.9s] IOs:    240466832  IOPS:   479107  Throughput:  1871.5 MB/s  Total:  917.31 GB
[  502.1s] IOs:    240567606  IOPS:   479131  Throughput:  1871.6 MB/s  Total:  917.69 GB
[  502.3s] IOs:    240668436  IOPS:   479138  Throughput:  1871.6 MB/s  Total:  918.08 GB
[  502.5s] IOs:    240769242  IOPS:   479170  Throughput:  1871.8 MB/s  Total:  918.46 GB
[  502.7s] IOs:    240869821  IOPS:   479199  Throughput:  1871.9 MB/s  Total:  918.85 GB
[  502.9s] IOs:    240970303  IOPS:   479154  Throughput:  1871.7 MB/s  Total:  919.23 GB
[  503.1s] IOs:    241070607  IOPS:   479178  Throughput:  1871.8 MB/s  Total:  919.61 GB
[  503.3s] IOs:    241170977  IOPS:   479167  Throughput:  1871.7 MB/s  Total:  919.99 GB
[  503.5s] IOs:    241271228  IOPS:   479202  Throughput:  1871.9 MB/s  Total:  920.38 GB
[  503.7s] IOs:    241371611  IOPS:   479232  Throughput:  1872.0 MB/s  Total:  920.76 GB
[Reader] Parsed 41000000 lines, distributed 241394582 writes, unique 270.94 GB, skipped 0
[  503.9s] IOs:    241472245  IOPS:   479221  Throughput:  1872.0 MB/s  Total:  921.14 GB
[  504.1s] IOs:    241573214  IOPS:   479231  Throughput:  1872.0 MB/s  Total:  921.53 GB
[  504.3s] IOs:    241673404  IOPS:   479257  Throughput:  1872.1 MB/s  Total:  921.91 GB
[  504.4s] IOs:    241774147  IOPS:   479284  Throughput:  1872.2 MB/s  Total:  922.30 GB
[  504.7s] IOs:    241874804  IOPS:   479289  Throughput:  1872.2 MB/s  Total:  922.68 GB
[  504.9s] IOs:    241975633  IOPS:   479218  Throughput:  1871.9 MB/s  Total:  923.06 GB
[  505.1s] IOs:    242076528  IOPS:   479238  Throughput:  1872.0 MB/s  Total:  923.45 GB
[  505.3s] IOs:    242177456  IOPS:   479255  Throughput:  1872.1 MB/s  Total:  923.83 GB
[  505.5s] IOs:    242277953  IOPS:   479262  Throughput:  1872.1 MB/s  Total:  924.22 GB
[  505.7s] IOs:    242378930  IOPS:   479267  Throughput:  1872.1 MB/s  Total:  924.60 GB
[  505.9s] IOs:    242479245  IOPS:   479279  Throughput:  1872.2 MB/s  Total:  924.98 GB
[  506.1s] IOs:    242580174  IOPS:   479299  Throughput:  1872.3 MB/s  Total:  925.37 GB
[  506.3s] IOs:    242680931  IOPS:   479281  Throughput:  1872.2 MB/s  Total:  925.75 GB
[  506.5s] IOs:    242781049  IOPS:   479300  Throughput:  1872.3 MB/s  Total:  926.14 GB
[  506.8s] IOs:    242881049  IOPS:   479229  Throughput:  1872.0 MB/s  Total:  926.52 GB
[  507.0s] IOs:    242981896  IOPS:   479236  Throughput:  1872.0 MB/s  Total:  926.90 GB
[  507.2s] IOs:    243082707  IOPS:   479243  Throughput:  1872.0 MB/s  Total:  927.29 GB
[  507.4s] IOs:    243183408  IOPS:   479253  Throughput:  1872.1 MB/s  Total:  927.67 GB
[  507.6s] IOs:    243284215  IOPS:   479270  Throughput:  1872.2 MB/s  Total:  928.06 GB
[  507.8s] IOs:    243384382  IOPS:   479291  Throughput:  1872.2 MB/s  Total:  928.44 GB
[  508.0s] IOs:    243484428  IOPS:   479304  Throughput:  1872.3 MB/s  Total:  928.82 GB
[  508.2s] IOs:    243585300  IOPS:   479323  Throughput:  1872.4 MB/s  Total:  929.20 GB
[  508.4s] IOs:    243686333  IOPS:   479341  Throughput:  1872.4 MB/s  Total:  929.59 GB
[  508.6s] IOs:    243786368  IOPS:   479315  Throughput:  1872.3 MB/s  Total:  929.97 GB
[  508.8s] IOs:    243887067  IOPS:   479329  Throughput:  1872.4 MB/s  Total:  930.36 GB
[  509.0s] IOs:    243987972  IOPS:   479350  Throughput:  1872.5 MB/s  Total:  930.74 GB
[  509.2s] IOs:    244088564  IOPS:   479374  Throughput:  1872.6 MB/s  Total:  931.12 GB
[  509.5s] IOs:    244188775  IOPS:   479300  Throughput:  1872.3 MB/s  Total:  931.51 GB
[  509.7s] IOs:    244289776  IOPS:   479326  Throughput:  1872.4 MB/s  Total:  931.89 GB
[  509.9s] IOs:    244390580  IOPS:   479302  Throughput:  1872.3 MB/s  Total:  932.28 GB
[  510.1s] IOs:    244491051  IOPS:   479333  Throughput:  1872.4 MB/s  Total:  932.66 GB
[  510.2s] IOs:    244591522  IOPS:   479363  Throughput:  1872.5 MB/s  Total:  933.04 GB
[  510.5s] IOs:    244691680  IOPS:   479326  Throughput:  1872.4 MB/s  Total:  933.42 GB
[  510.7s] IOs:    244791950  IOPS:   479344  Throughput:  1872.4 MB/s  Total:  933.81 GB
[  511.0s] IOs:    244892486  IOPS:   479215  Throughput:  1871.9 MB/s  Total:  934.19 GB
[  511.2s] IOs:    244992498  IOPS:   479219  Throughput:  1872.0 MB/s  Total:  934.57 GB
[  511.4s] IOs:    245093381  IOPS:   479237  Throughput:  1872.0 MB/s  Total:  934.96 GB
[  511.6s] IOs:    245193454  IOPS:   479254  Throughput:  1872.1 MB/s  Total:  935.34 GB
[  511.8s] IOs:    245294118  IOPS:   479269  Throughput:  1872.1 MB/s  Total:  935.72 GB
[  512.0s] IOs:    245394888  IOPS:   479274  Throughput:  1872.2 MB/s  Total:  936.11 GB
[  512.2s] IOs:    245495097  IOPS:   479303  Throughput:  1872.3 MB/s  Total:  936.49 GB
[  512.4s] IOs:    245595384  IOPS:   479322  Throughput:  1872.4 MB/s  Total:  936.87 GB
[  512.6s] IOs:    245696394  IOPS:   479352  Throughput:  1872.5 MB/s  Total:  937.26 GB
[  512.8s] IOs:    245796678  IOPS:   479361  Throughput:  1872.5 MB/s  Total:  937.64 GB
[  513.0s] IOs:    245896927  IOPS:   479349  Throughput:  1872.5 MB/s  Total:  938.02 GB
[  513.2s] IOs:    245997483  IOPS:   479383  Throughput:  1872.6 MB/s  Total:  938.41 GB
[  513.4s] IOs:    246098155  IOPS:   479390  Throughput:  1872.6 MB/s  Total:  938.79 GB
[  513.7s] IOs:    246198513  IOPS:   479286  Throughput:  1872.2 MB/s  Total:  939.17 GB
[  513.9s] IOs:    246299333  IOPS:   479303  Throughput:  1872.3 MB/s  Total:  939.56 GB
[  514.1s] IOs:    246399967  IOPS:   479321  Throughput:  1872.3 MB/s  Total:  939.94 GB
[  514.2s] IOs:    246500109  IOPS:   479341  Throughput:  1872.4 MB/s  Total:  940.32 GB
[Reader] Parsed 42000000 lines, distributed 246523875 writes, unique 273.75 GB, skipped 0
[  514.4s] IOs:    246600236  IOPS:   479359  Throughput:  1872.5 MB/s  Total:  940.71 GB
[  514.6s] IOs:    246701120  IOPS:   479380  Throughput:  1872.6 MB/s  Total:  941.09 GB
[  514.8s] IOs:    246801795  IOPS:   479395  Throughput:  1872.6 MB/s  Total:  941.47 GB
[  515.0s] IOs:    246902549  IOPS:   479412  Throughput:  1872.7 MB/s  Total:  941.86 GB
[  515.2s] IOs:    247003092  IOPS:   479419  Throughput:  1872.7 MB/s  Total:  942.24 GB
[  515.4s] IOs:    247103500  IOPS:   479453  Throughput:  1872.9 MB/s  Total:  942.63 GB
[  515.6s] IOs:    247203535  IOPS:   479466  Throughput:  1872.9 MB/s  Total:  943.01 GB
[  515.8s] IOs:    247303767  IOPS:   479487  Throughput:  1873.0 MB/s  Total:  943.39 GB
[  516.0s] IOs:    247404711  IOPS:   479473  Throughput:  1872.9 MB/s  Total:  943.77 GB
[  516.3s] IOs:    247505132  IOPS:   479377  Throughput:  1872.6 MB/s  Total:  944.16 GB
[  516.5s] IOs:    247606083  IOPS:   479393  Throughput:  1872.6 MB/s  Total:  944.54 GB
[  516.7s] IOs:    247707029  IOPS:   479409  Throughput:  1872.7 MB/s  Total:  944.93 GB
[  516.9s] IOs:    247807856  IOPS:   479417  Throughput:  1872.7 MB/s  Total:  945.31 GB
[  517.1s] IOs:    247908626  IOPS:   479434  Throughput:  1872.8 MB/s  Total:  945.70 GB
[  517.3s] IOs:    248009449  IOPS:   479445  Throughput:  1872.8 MB/s  Total:  946.08 GB
[  517.5s] IOs:    248110206  IOPS:   479470  Throughput:  1872.9 MB/s  Total:  946.47 GB
[  517.7s] IOs:    248211255  IOPS:   479486  Throughput:  1873.0 MB/s  Total:  946.85 GB
[  517.9s] IOs:    248312168  IOPS:   479500  Throughput:  1873.0 MB/s  Total:  947.24 GB
[  518.1s] IOs:    248413174  IOPS:   479496  Throughput:  1873.0 MB/s  Total:  947.62 GB
[  518.3s] IOs:    248514134  IOPS:   479501  Throughput:  1873.1 MB/s  Total:  948.01 GB
[  518.5s] IOs:    248614362  IOPS:   479529  Throughput:  1873.2 MB/s  Total:  948.39 GB
[  518.6s] IOs:    248715093  IOPS:   479558  Throughput:  1873.3 MB/s  Total:  948.77 GB
[  518.9s] IOs:    248815401  IOPS:   479470  Throughput:  1872.9 MB/s  Total:  949.16 GB
[  519.2s] IOs:    248915762  IOPS:   479444  Throughput:  1872.8 MB/s  Total:  949.54 GB
[  519.4s] IOs:    249016196  IOPS:   479472  Throughput:  1872.9 MB/s  Total:  949.92 GB
[  519.5s] IOs:    249116694  IOPS:   479493  Throughput:  1873.0 MB/s  Total:  950.30 GB
[  519.8s] IOs:    249217464  IOPS:   479438  Throughput:  1872.8 MB/s  Total:  950.69 GB
[  520.0s] IOs:    249318311  IOPS:   479452  Throughput:  1872.9 MB/s  Total:  951.07 GB
[  520.2s] IOs:    249418932  IOPS:   479468  Throughput:  1872.9 MB/s  Total:  951.46 GB
[  520.4s] IOs:    249519909  IOPS:   479485  Throughput:  1873.0 MB/s  Total:  951.84 GB
[  520.6s] IOs:    249620906  IOPS:   479503  Throughput:  1873.1 MB/s  Total:  952.23 GB
[  520.8s] IOs:    249720939  IOPS:   479488  Throughput:  1873.0 MB/s  Total:  952.61 GB
[  521.0s] IOs:    249821815  IOPS:   479501  Throughput:  1873.0 MB/s  Total:  952.99 GB
[  521.2s] IOs:    249922700  IOPS:   479504  Throughput:  1873.1 MB/s  Total:  953.38 GB
[  521.4s] IOs:    250023387  IOPS:   479519  Throughput:  1873.1 MB/s  Total:  953.76 GB
[  521.6s] IOs:    250124105  IOPS:   479517  Throughput:  1873.1 MB/s  Total:  954.15 GB
[  521.8s] IOs:    250224755  IOPS:   479547  Throughput:  1873.2 MB/s  Total:  954.53 GB
[  522.0s] IOs:    250325198  IOPS:   479545  Throughput:  1873.2 MB/s  Total:  954.91 GB
[  522.2s] IOs:    250425608  IOPS:   479581  Throughput:  1873.4 MB/s  Total:  955.30 GB
[  522.4s] IOs:    250526563  IOPS:   479573  Throughput:  1873.3 MB/s  Total:  955.68 GB
[  522.6s] IOs:    250627556  IOPS:   479602  Throughput:  1873.4 MB/s  Total:  956.07 GB
[  522.7s] IOs:    250727720  IOPS:   479634  Throughput:  1873.6 MB/s  Total:  956.45 GB
[  523.1s] IOs:    250828161  IOPS:   479508  Throughput:  1873.1 MB/s  Total:  956.83 GB
[  523.3s] IOs:    250928580  IOPS:   479526  Throughput:  1873.1 MB/s  Total:  957.22 GB
[  523.5s] IOs:    251028668  IOPS:   479533  Throughput:  1873.2 MB/s  Total:  957.60 GB
[  523.7s] IOs:    251128692  IOPS:   479527  Throughput:  1873.2 MB/s  Total:  957.98 GB
[  524.0s] IOs:    251229179  IOPS:   479434  Throughput:  1872.8 MB/s  Total:  958.36 GB
[  524.3s] IOs:    251329946  IOPS:   479349  Throughput:  1872.5 MB/s  Total:  958.75 GB
[  524.6s] IOs:    251430778  IOPS:   479273  Throughput:  1872.2 MB/s  Total:  959.13 GB
[  524.8s] IOs:    251531430  IOPS:   479291  Throughput:  1872.2 MB/s  Total:  959.52 GB
[  525.0s] IOs:    251632032  IOPS:   479296  Throughput:  1872.2 MB/s  Total:  959.90 GB
[  525.2s] IOs:    251732600  IOPS:   479303  Throughput:  1872.3 MB/s  Total:  960.28 GB
[  525.5s] IOs:    251832926  IOPS:   479269  Throughput:  1872.1 MB/s  Total:  960.67 GB
[  525.6s] IOs:    251933167  IOPS:   479299  Throughput:  1872.3 MB/s  Total:  961.05 GB
[  525.9s] IOs:    252033344  IOPS:   479217  Throughput:  1871.9 MB/s  Total:  961.43 GB
[  526.1s] IOs:    252134359  IOPS:   479241  Throughput:  1872.0 MB/s  Total:  961.82 GB
[Reader] Parsed 43000000 lines, distributed 252161573 writes, unique 278.70 GB, skipped 0
[  526.4s] IOs:    252235216  IOPS:   479163  Throughput:  1871.7 MB/s  Total:  962.20 GB
[  526.6s] IOs:    252336175  IOPS:   479173  Throughput:  1871.8 MB/s  Total:  962.59 GB
[  526.8s] IOs:    252436297  IOPS:   479192  Throughput:  1871.8 MB/s  Total:  962.97 GB
[  527.0s] IOs:    252537294  IOPS:   479205  Throughput:  1871.9 MB/s  Total:  963.35 GB
[  527.2s] IOs:    252638252  IOPS:   479200  Throughput:  1871.9 MB/s  Total:  963.74 GB
[  527.4s] IOs:    252739148  IOPS:   479175  Throughput:  1871.8 MB/s  Total:  964.12 GB
[  527.6s] IOs:    252839196  IOPS:   479192  Throughput:  1871.8 MB/s  Total:  964.50 GB
[  527.9s] IOs:    252939950  IOPS:   479170  Throughput:  1871.8 MB/s  Total:  964.89 GB
[  528.1s] IOs:    253040721  IOPS:   479191  Throughput:  1871.8 MB/s  Total:  965.27 GB
[  528.3s] IOs:    253141434  IOPS:   479203  Throughput:  1871.9 MB/s  Total:  965.66 GB
[  528.5s] IOs:    253241999  IOPS:   479204  Throughput:  1871.9 MB/s  Total:  966.04 GB
[  528.6s] IOs:    253342008  IOPS:   479226  Throughput:  1872.0 MB/s  Total:  966.42 GB
[  528.8s] IOs:    253442443  IOPS:   479249  Throughput:  1872.1 MB/s  Total:  966.81 GB
[  529.0s] IOs:    253542649  IOPS:   479279  Throughput:  1872.2 MB/s  Total:  967.19 GB
[  529.2s] IOs:    253643625  IOPS:   479304  Throughput:  1872.3 MB/s  Total:  967.57 GB
[  529.6s] IOs:    253743667  IOPS:   479144  Throughput:  1871.7 MB/s  Total:  967.96 GB
[  529.8s] IOs:    253843691  IOPS:   479148  Throughput:  1871.7 MB/s  Total:  968.34 GB
[  530.0s] IOs:    253944660  IOPS:   479162  Throughput:  1871.7 MB/s  Total:  968.72 GB
[  530.2s] IOs:    254045593  IOPS:   479180  Throughput:  1871.8 MB/s  Total:  969.11 GB
[  530.4s] IOs:    254146369  IOPS:   479152  Throughput:  1871.7 MB/s  Total:  969.49 GB
[  530.6s] IOs:    254247136  IOPS:   479144  Throughput:  1871.7 MB/s  Total:  969.88 GB
[  530.8s] IOs:    254347990  IOPS:   479146  Throughput:  1871.7 MB/s  Total:  970.26 GB
[  531.0s] IOs:    254448136  IOPS:   479155  Throughput:  1871.7 MB/s  Total:  970.64 GB
[  531.2s] IOs:    254548200  IOPS:   479161  Throughput:  1871.7 MB/s  Total:  971.02 GB
[  531.4s] IOs:    254648759  IOPS:   479179  Throughput:  1871.8 MB/s  Total:  971.41 GB
[  531.6s] IOs:    254749594  IOPS:   479197  Throughput:  1871.9 MB/s  Total:  971.79 GB
[  531.8s] IOs:    254850055  IOPS:   479202  Throughput:  1871.9 MB/s  Total:  972.18 GB
[  532.0s] IOs:    254951051  IOPS:   479206  Throughput:  1871.9 MB/s  Total:  972.56 GB
[  532.2s] IOs:    255051374  IOPS:   479237  Throughput:  1872.0 MB/s  Total:  972.94 GB
[  532.4s] IOs:    255152277  IOPS:   479224  Throughput:  1872.0 MB/s  Total:  973.33 GB
[  532.6s] IOs:    255253209  IOPS:   479222  Throughput:  1872.0 MB/s  Total:  973.71 GB
[  533.0s] IOs:    255353632  IOPS:   479098  Throughput:  1871.5 MB/s  Total:  974.10 GB
[  533.3s] IOs:    255454226  IOPS:   479012  Throughput:  1871.1 MB/s  Total:  974.48 GB
[  533.5s] IOs:    255554916  IOPS:   479014  Throughput:  1871.1 MB/s  Total:  974.86 GB
[  533.7s] IOs:    255655806  IOPS:   479004  Throughput:  1871.1 MB/s  Total:  975.25 GB
[  533.9s] IOs:    255756757  IOPS:   479005  Throughput:  1871.1 MB/s  Total:  975.63 GB
[  534.1s] IOs:    255857442  IOPS:   479020  Throughput:  1871.2 MB/s  Total:  976.02 GB
[  534.3s] IOs:    255958432  IOPS:   479026  Throughput:  1871.2 MB/s  Total:  976.40 GB
[  534.5s] IOs:    256059365  IOPS:   479025  Throughput:  1871.2 MB/s  Total:  976.79 GB
[  534.8s] IOs:    256160234  IOPS:   479021  Throughput:  1871.2 MB/s  Total:  977.17 GB
[  535.0s] IOs:    256260296  IOPS:   479015  Throughput:  1871.2 MB/s  Total:  977.56 GB
[  535.2s] IOs:    256361151  IOPS:   479015  Throughput:  1871.2 MB/s  Total:  977.94 GB
[  535.4s] IOs:    256461799  IOPS:   479002  Throughput:  1871.1 MB/s  Total:  978.32 GB
[  535.6s] IOs:    256562441  IOPS:   479015  Throughput:  1871.2 MB/s  Total:  978.71 GB
[  535.8s] IOs:    256663166  IOPS:   479035  Throughput:  1871.2 MB/s  Total:  979.09 GB
[  536.1s] IOs:    256763648  IOPS:   478973  Throughput:  1871.0 MB/s  Total:  979.48 GB
[  536.3s] IOs:    256863932  IOPS:   478960  Throughput:  1870.9 MB/s  Total:  979.86 GB
[  536.5s] IOs:    256964591  IOPS:   478966  Throughput:  1871.0 MB/s  Total:  980.24 GB
[  536.7s] IOs:    257065110  IOPS:   478985  Throughput:  1871.0 MB/s  Total:  980.63 GB
[  536.9s] IOs:    257165936  IOPS:   478962  Throughput:  1870.9 MB/s  Total:  981.01 GB
[  537.1s] IOs:    257266473  IOPS:   478982  Throughput:  1871.0 MB/s  Total:  981.39 GB
[  537.3s] IOs:    257367059  IOPS:   479010  Throughput:  1871.1 MB/s  Total:  981.78 GB
[  537.6s] IOs:    257467558  IOPS:   478909  Throughput:  1870.7 MB/s  Total:  982.16 GB
[  537.8s] IOs:    257568181  IOPS:   478938  Throughput:  1870.9 MB/s  Total:  982.54 GB
[  538.0s] IOs:    257668509  IOPS:   478967  Throughput:  1871.0 MB/s  Total:  982.93 GB
[Reader] Parsed 44000000 lines, distributed 257705376 writes, unique 284.85 GB, skipped 0
[  538.1s] IOs:    257769280  IOPS:   478992  Throughput:  1871.1 MB/s  Total:  983.31 GB
[  538.4s] IOs:    257869562  IOPS:   478935  Throughput:  1870.8 MB/s  Total:  983.69 GB
[  538.6s] IOs:    257970496  IOPS:   478952  Throughput:  1870.9 MB/s  Total:  984.08 GB
[  538.8s] IOs:    258070744  IOPS:   478979  Throughput:  1871.0 MB/s  Total:  984.46 GB
[  539.0s] IOs:    258171478  IOPS:   478941  Throughput:  1870.9 MB/s  Total:  984.85 GB
[  539.3s] IOs:    258272295  IOPS:   478873  Throughput:  1870.6 MB/s  Total:  985.23 GB
[  539.5s] IOs:    258372838  IOPS:   478892  Throughput:  1870.7 MB/s  Total:  985.61 GB
[  539.7s] IOs:    258473461  IOPS:   478922  Throughput:  1870.8 MB/s  Total:  986.00 GB
[  540.0s] IOs:    258574372  IOPS:   478845  Throughput:  1870.5 MB/s  Total:  986.38 GB
[  540.2s] IOs:    258674979  IOPS:   478877  Throughput:  1870.6 MB/s  Total:  986.77 GB
[  540.5s] IOs:    258775764  IOPS:   478777  Throughput:  1870.2 MB/s  Total:  987.15 GB
[  540.7s] IOs:    258876241  IOPS:   478799  Throughput:  1870.3 MB/s  Total:  987.53 GB
[  540.9s] IOs:    258976808  IOPS:   478772  Throughput:  1870.2 MB/s  Total:  987.92 GB
[  541.1s] IOs:    259077681  IOPS:   478782  Throughput:  1870.2 MB/s  Total:  988.30 GB
[  541.3s] IOs:    259178413  IOPS:   478816  Throughput:  1870.4 MB/s  Total:  988.69 GB
[  541.5s] IOs:    259278987  IOPS:   478780  Throughput:  1870.2 MB/s  Total:  989.07 GB
[  541.8s] IOs:    259379574  IOPS:   478763  Throughput:  1870.2 MB/s  Total:  989.45 GB
[  542.1s] IOs:    259480092  IOPS:   478643  Throughput:  1869.7 MB/s  Total:  989.84 GB
[  542.3s] IOs:    259580862  IOPS:   478649  Throughput:  1869.7 MB/s  Total:  990.22 GB
[  542.5s] IOs:    259681650  IOPS:   478681  Throughput:  1869.8 MB/s  Total:  990.61 GB
[  542.7s] IOs:    259782439  IOPS:   478704  Throughput:  1869.9 MB/s  Total:  990.99 GB
[  542.9s] IOs:    259883053  IOPS:   478718  Throughput:  1870.0 MB/s  Total:  991.38 GB
[  543.1s] IOs:    259983667  IOPS:   478689  Throughput:  1869.9 MB/s  Total:  991.76 GB
[  543.3s] IOs:    260084264  IOPS:   478712  Throughput:  1870.0 MB/s  Total:  992.14 GB
[  543.5s] IOs:    260185121  IOPS:   478683  Throughput:  1869.9 MB/s  Total:  992.53 GB
[  543.7s] IOs:    260285702  IOPS:   478711  Throughput:  1870.0 MB/s  Total:  992.91 GB
[  543.9s] IOs:    260386286  IOPS:   478738  Throughput:  1870.1 MB/s  Total:  993.29 GB
[  544.1s] IOs:    260486551  IOPS:   478724  Throughput:  1870.0 MB/s  Total:  993.68 GB
[  544.3s] IOs:    260587092  IOPS:   478737  Throughput:  1870.1 MB/s  Total:  994.06 GB
[  544.5s] IOs:    260687863  IOPS:   478758  Throughput:  1870.1 MB/s  Total:  994.45 GB
[  544.7s] IOs:    260788394  IOPS:   478766  Throughput:  1870.2 MB/s  Total:  994.83 GB
[  544.9s] IOs:    260889267  IOPS:   478772  Throughput:  1870.2 MB/s  Total:  995.21 GB
[  545.1s] IOs:    260989816  IOPS:   478802  Throughput:  1870.3 MB/s  Total:  995.60 GB
[  545.3s] IOs:    261089979  IOPS:   478827  Throughput:  1870.4 MB/s  Total:  995.98 GB
[  545.5s] IOs:    261190131  IOPS:   478827  Throughput:  1870.4 MB/s  Total:  996.36 GB
[  545.7s] IOs:    261290729  IOPS:   478854  Throughput:  1870.5 MB/s  Total:  996.75 GB
[  546.0s] IOs:    261391684  IOPS:   478707  Throughput:  1869.9 MB/s  Total:  997.13 GB
[  546.2s] IOs:    261492329  IOPS:   478740  Throughput:  1870.1 MB/s  Total:  997.51 GB
[  546.5s] IOs:    261592927  IOPS:   478668  Throughput:  1869.8 MB/s  Total:  997.90 GB
[  546.7s] IOs:    261692944  IOPS:   478699  Throughput:  1869.9 MB/s  Total:  998.28 GB
[  547.0s] IOs:    261793640  IOPS:   478567  Throughput:  1869.4 MB/s  Total:  998.66 GB
[  547.2s] IOs:    261894393  IOPS:   478590  Throughput:  1869.5 MB/s  Total:  999.05 GB
[  547.5s] IOs:    261995401  IOPS:   478573  Throughput:  1869.4 MB/s  Total:  999.43 GB
[  547.6s] IOs:    262095793  IOPS:   478588  Throughput:  1869.5 MB/s  Total:  999.82 GB
[  547.8s] IOs:    262196395  IOPS:   478621  Throughput:  1869.6 MB/s  Total: 1000.20 GB
[  548.1s] IOs:    262296443  IOPS:   478569  Throughput:  1869.4 MB/s  Total: 1000.58 GB
[  548.3s] IOs:    262396990  IOPS:   478588  Throughput:  1869.5 MB/s  Total: 1000.97 GB
[  548.5s] IOs:    262497363  IOPS:   478574  Throughput:  1869.4 MB/s  Total: 1001.35 GB
[  548.7s] IOs:    262597956  IOPS:   478587  Throughput:  1869.5 MB/s  Total: 1001.73 GB
[  549.0s] IOs:    262698571  IOPS:   478472  Throughput:  1869.0 MB/s  Total: 1002.12 GB
[  549.3s] IOs:    262799341  IOPS:   478445  Throughput:  1868.9 MB/s  Total: 1002.50 GB
[  549.5s] IOs:    262900121  IOPS:   478472  Throughput:  1869.0 MB/s  Total: 1002.88 GB
[  549.6s] IOs:    263000797  IOPS:   478492  Throughput:  1869.1 MB/s  Total: 1003.27 GB
[  549.8s] IOs:    263101361  IOPS:   478497  Throughput:  1869.1 MB/s  Total: 1003.65 GB
[  550.1s] IOs:    263202173  IOPS:   478499  Throughput:  1869.1 MB/s  Total: 1004.04 GB
[  550.2s] IOs:    263302872  IOPS:   478515  Throughput:  1869.2 MB/s  Total: 1004.42 GB
[Reader] Parsed 45000000 lines, distributed 263390655 writes, unique 293.05 GB, skipped 0
[  550.4s] IOs:    263403834  IOPS:   478548  Throughput:  1869.3 MB/s  Total: 1004.81 GB
[  550.6s] IOs:    263504328  IOPS:   478539  Throughput:  1869.3 MB/s  Total: 1005.19 GB
[  550.8s] IOs:    263604824  IOPS:   478574  Throughput:  1869.4 MB/s  Total: 1005.57 GB
[  551.0s] IOs:    263705176  IOPS:   478607  Throughput:  1869.6 MB/s  Total: 1005.96 GB
[  551.2s] IOs:    263805827  IOPS:   478630  Throughput:  1869.6 MB/s  Total: 1006.34 GB
[  551.6s] IOs:    263905935  IOPS:   478471  Throughput:  1869.0 MB/s  Total: 1006.72 GB
[  551.8s] IOs:    264005980  IOPS:   478472  Throughput:  1869.0 MB/s  Total: 1007.10 GB
[  552.0s] IOs:    264106759  IOPS:   478447  Throughput:  1868.9 MB/s  Total: 1007.49 GB
[  552.2s] IOs:    264207661  IOPS:   478454  Throughput:  1869.0 MB/s  Total: 1007.87 GB
[  552.4s] IOs:    264308567  IOPS:   478436  Throughput:  1868.9 MB/s  Total: 1008.26 GB
[  552.6s] IOs:    264408988  IOPS:   478438  Throughput:  1868.9 MB/s  Total: 1008.64 GB
[  552.8s] IOs:    264509490  IOPS:   478472  Throughput:  1869.0 MB/s  Total: 1009.02 GB
[  553.1s] IOs:    264609596  IOPS:   478407  Throughput:  1868.8 MB/s  Total: 1009.41 GB
[  553.3s] IOs:    264709835  IOPS:   478431  Throughput:  1868.9 MB/s  Total: 1009.79 GB
[  553.6s] IOs:    264810175  IOPS:   478380  Throughput:  1868.7 MB/s  Total: 1010.17 GB
[  553.8s] IOs:    264910852  IOPS:   478384  Throughput:  1868.7 MB/s  Total: 1010.55 GB
[  553.9s] IOs:    265011340  IOPS:   478411  Throughput:  1868.8 MB/s  Total: 1010.94 GB
[  554.2s] IOs:    265111784  IOPS:   478354  Throughput:  1868.6 MB/s  Total: 1011.32 GB
[  554.5s] IOs:    265212177  IOPS:   478307  Throughput:  1868.4 MB/s  Total: 1011.70 GB
[  554.7s] IOs:    265312679  IOPS:   478336  Throughput:  1868.5 MB/s  Total: 1012.09 GB
[  554.8s] IOs:    265413208  IOPS:   478363  Throughput:  1868.6 MB/s  Total: 1012.47 GB
[  555.1s] IOs:    265513832  IOPS:   478289  Throughput:  1868.3 MB/s  Total: 1012.85 GB
[  555.4s] IOs:    265613877  IOPS:   478225  Throughput:  1868.1 MB/s  Total: 1013.24 GB
[  555.6s] IOs:    265714041  IOPS:   478251  Throughput:  1868.2 MB/s  Total: 1013.62 GB
[  555.8s] IOs:    265814084  IOPS:   478275  Throughput:  1868.3 MB/s  Total: 1014.00 GB
[  556.0s] IOs:    265914297  IOPS:   478236  Throughput:  1868.1 MB/s  Total: 1014.38 GB
[  556.2s] IOs:    266014708  IOPS:   478249  Throughput:  1868.2 MB/s  Total: 1014.77 GB
[  556.4s] IOs:    266114857  IOPS:   478279  Throughput:  1868.3 MB/s  Total: 1015.15 GB
[  556.9s] IOs:    266215812  IOPS:   478053  Throughput:  1867.4 MB/s  Total: 1015.53 GB
[  557.1s] IOs:    266316014  IOPS:   478056  Throughput:  1867.4 MB/s  Total: 1015.91 GB
[  557.3s] IOs:    266416312  IOPS:   478070  Throughput:  1867.5 MB/s  Total: 1016.30 GB
[  557.7s] IOs:    266516960  IOPS:   477874  Throughput:  1866.7 MB/s  Total: 1016.68 GB
[  558.0s] IOs:    266617649  IOPS:   477779  Throughput:  1866.3 MB/s  Total: 1017.07 GB
[  558.3s] IOs:    266717768  IOPS:   477695  Throughput:  1866.0 MB/s  Total: 1017.45 GB
[  558.6s] IOs:    266817815  IOPS:   477674  Throughput:  1865.9 MB/s  Total: 1017.83 GB
[  558.8s] IOs:    266918123  IOPS:   477696  Throughput:  1866.0 MB/s  Total: 1018.21 GB
[  559.2s] IOs:    267018611  IOPS:   477515  Throughput:  1865.3 MB/s  Total: 1018.60 GB
[  559.5s] IOs:    267119593  IOPS:   477448  Throughput:  1865.0 MB/s  Total: 1018.98 GB
[  559.7s] IOs:    267220390  IOPS:   477457  Throughput:  1865.1 MB/s  Total: 1019.36 GB
[  559.9s] IOs:    267321024  IOPS:   477439  Throughput:  1865.0 MB/s  Total: 1019.75 GB
[  560.1s] IOs:    267421444  IOPS:   477433  Throughput:  1865.0 MB/s  Total: 1020.13 GB
[  560.3s] IOs:    267521787  IOPS:   477458  Throughput:  1865.1 MB/s  Total: 1020.51 GB
[  560.5s] IOs:    267622226  IOPS:   477442  Throughput:  1865.0 MB/s  Total: 1020.90 GB
[  560.8s] IOs:    267722490  IOPS:   477379  Throughput:  1864.8 MB/s  Total: 1021.28 GB
[  561.0s] IOs:    267822521  IOPS:   477406  Throughput:  1864.9 MB/s  Total: 1021.66 GB
[  561.2s] IOs:    267923013  IOPS:   477436  Throughput:  1865.0 MB/s  Total: 1022.05 GB
[  561.3s] IOs:    268023463  IOPS:   477470  Throughput:  1865.1 MB/s  Total: 1022.43 GB
[  561.6s] IOs:    268123819  IOPS:   477416  Throughput:  1864.9 MB/s  Total: 1022.81 GB
[  561.8s] IOs:    268224630  IOPS:   477447  Throughput:  1865.0 MB/s  Total: 1023.20 GB
[  562.1s] IOs:    268324927  IOPS:   477358  Throughput:  1864.7 MB/s  Total: 1023.58 GB
[  562.4s] IOs:    268425552  IOPS:   477326  Throughput:  1864.6 MB/s  Total: 1023.96 GB
[  562.6s] IOs:    268525562  IOPS:   477334  Throughput:  1864.6 MB/s  Total: 1024.34 GB
[  562.7s] IOs:    268626362  IOPS:   477347  Throughput:  1864.6 MB/s  Total: 1024.73 GB
[  563.0s] IOs:    268727167  IOPS:   477354  Throughput:  1864.7 MB/s  Total: 1025.11 GB
[  563.1s] IOs:    268827943  IOPS:   477370  Throughput:  1864.7 MB/s  Total: 1025.50 GB
[Reader] Parsed 46000000 lines, distributed 268923043 writes, unique 299.31 GB, skipped 0
[  563.3s] IOs:    268928790  IOPS:   477381  Throughput:  1864.8 MB/s  Total: 1025.88 GB
[  563.6s] IOs:    269029475  IOPS:   477378  Throughput:  1864.8 MB/s  Total: 1026.27 GB
[  563.7s] IOs:    269130132  IOPS:   477410  Throughput:  1864.9 MB/s  Total: 1026.65 GB
[  563.9s] IOs:    269230754  IOPS:   477440  Throughput:  1865.0 MB/s  Total: 1027.03 GB
[  564.2s] IOs:    269330908  IOPS:   477358  Throughput:  1864.7 MB/s  Total: 1027.42 GB
[  564.4s] IOs:    269431124  IOPS:   477376  Throughput:  1864.8 MB/s  Total: 1027.80 GB
[  564.6s] IOs:    269531360  IOPS:   477391  Throughput:  1864.8 MB/s  Total: 1028.18 GB
[  564.8s] IOs:    269631987  IOPS:   477392  Throughput:  1864.8 MB/s  Total: 1028.56 GB
[  565.0s] IOs:    269732476  IOPS:   477398  Throughput:  1864.8 MB/s  Total: 1028.95 GB
[  565.2s] IOs:    269832780  IOPS:   477405  Throughput:  1864.9 MB/s  Total: 1029.33 GB
[  565.4s] IOs:    269933178  IOPS:   477431  Throughput:  1865.0 MB/s  Total: 1029.71 GB
[  565.6s] IOs:    270033224  IOPS:   477426  Throughput:  1864.9 MB/s  Total: 1030.10 GB
[  565.8s] IOs:    270133920  IOPS:   477439  Throughput:  1865.0 MB/s  Total: 1030.48 GB
[  566.0s] IOs:    270234270  IOPS:   477460  Throughput:  1865.1 MB/s  Total: 1030.86 GB
[  566.4s] IOs:    270334738  IOPS:   477319  Throughput:  1864.5 MB/s  Total: 1031.25 GB
[  566.6s] IOs:    270435444  IOPS:   477335  Throughput:  1864.6 MB/s  Total: 1031.63 GB
[  566.8s] IOs:    270536286  IOPS:   477340  Throughput:  1864.6 MB/s  Total: 1032.01 GB
[  567.2s] IOs:    270636570  IOPS:   477158  Throughput:  1863.9 MB/s  Total: 1032.40 GB
[  567.4s] IOs:    270736778  IOPS:   477174  Throughput:  1864.0 MB/s  Total: 1032.78 GB
[  567.8s] IOs:    270836886  IOPS:   476986  Throughput:  1863.2 MB/s  Total: 1033.16 GB
[  568.0s] IOs:    270937460  IOPS:   477004  Throughput:  1863.3 MB/s  Total: 1033.54 GB
[  568.2s] IOs:    271038071  IOPS:   477011  Throughput:  1863.3 MB/s  Total: 1033.93 GB
[  568.4s] IOs:    271139093  IOPS:   476995  Throughput:  1863.3 MB/s  Total: 1034.31 GB
[  568.6s] IOs:    271239938  IOPS:   477006  Throughput:  1863.3 MB/s  Total: 1034.70 GB
[  568.8s] IOs:    271340737  IOPS:   477018  Throughput:  1863.4 MB/s  Total: 1035.08 GB
[  569.0s] IOs:    271441442  IOPS:   477026  Throughput:  1863.4 MB/s  Total: 1035.47 GB
[  569.2s] IOs:    271542256  IOPS:   477043  Throughput:  1863.4 MB/s  Total: 1035.85 GB
[  569.4s] IOs:    271643255  IOPS:   477044  Throughput:  1863.5 MB/s  Total: 1036.24 GB
[  569.7s] IOs:    271744025  IOPS:   477036  Throughput:  1863.4 MB/s  Total: 1036.62 GB
[  569.9s] IOs:    271844052  IOPS:   476993  Throughput:  1863.3 MB/s  Total: 1037.00 GB
[  570.1s] IOs:    271944562  IOPS:   476993  Throughput:  1863.3 MB/s  Total: 1037.39 GB
[  570.3s] IOs:    272044607  IOPS:   476978  Throughput:  1863.2 MB/s  Total: 1037.77 GB
[  570.6s] IOs:    272145405  IOPS:   476960  Throughput:  1863.1 MB/s  Total: 1038.15 GB
[  570.9s] IOs:    272245873  IOPS:   476913  Throughput:  1862.9 MB/s  Total: 1038.54 GB
[  571.1s] IOs:    272346490  IOPS:   476873  Throughput:  1862.8 MB/s  Total: 1038.92 GB
[  571.3s] IOs:    272447475  IOPS:   476883  Throughput:  1862.8 MB/s  Total: 1039.30 GB
[  571.6s] IOs:    272547518  IOPS:   476848  Throughput:  1862.7 MB/s  Total: 1039.69 GB
[  571.8s] IOs:    272648091  IOPS:   476862  Throughput:  1862.7 MB/s  Total: 1040.07 GB
[  571.9s] IOs:    272748432  IOPS:   476888  Throughput:  1862.8 MB/s  Total: 1040.45 GB
[  572.2s] IOs:    272849173  IOPS:   476835  Throughput:  1862.6 MB/s  Total: 1040.84 GB
[  572.4s] IOs:    272949351  IOPS:   476862  Throughput:  1862.7 MB/s  Total: 1041.22 GB
[  572.6s] IOs:    273049595  IOPS:   476832  Throughput:  1862.6 MB/s  Total: 1041.60 GB
[  572.8s] IOs:    273149733  IOPS:   476854  Throughput:  1862.7 MB/s  Total: 1041.98 GB
[  573.1s] IOs:    273250467  IOPS:   476776  Throughput:  1862.4 MB/s  Total: 1042.37 GB
[  573.4s] IOs:    273351384  IOPS:   476761  Throughput:  1862.3 MB/s  Total: 1042.75 GB
[  573.5s] IOs:    273452285  IOPS:   476779  Throughput:  1862.4 MB/s  Total: 1043.14 GB
[  573.7s] IOs:    273552909  IOPS:   476792  Throughput:  1862.5 MB/s  Total: 1043.52 GB
[  573.9s] IOs:    273652928  IOPS:   476789  Throughput:  1862.5 MB/s  Total: 1043.90 GB
[  574.2s] IOs:    273753299  IOPS:   476792  Throughput:  1862.5 MB/s  Total: 1044.29 GB
[  574.3s] IOs:    273853807  IOPS:   476819  Throughput:  1862.6 MB/s  Total: 1044.67 GB
[  574.7s] IOs:    273954227  IOPS:   476670  Throughput:  1862.0 MB/s  Total: 1045.05 GB
[  574.9s] IOs:    274055260  IOPS:   476667  Throughput:  1862.0 MB/s  Total: 1045.44 GB
[  575.2s] IOs:    274155768  IOPS:   476662  Throughput:  1862.0 MB/s  Total: 1045.82 GB
[  575.4s] IOs:    274256276  IOPS:   476641  Throughput:  1861.9 MB/s  Total: 1046.20 GB
[  575.6s] IOs:    274356833  IOPS:   476613  Throughput:  1861.8 MB/s  Total: 1046.59 GB
[  576.0s] IOs:    274457267  IOPS:   476521  Throughput:  1861.4 MB/s  Total: 1046.97 GB
[  576.2s] IOs:    274558100  IOPS:   476514  Throughput:  1861.4 MB/s  Total: 1047.36 GB
[  576.4s] IOs:    274658577  IOPS:   476518  Throughput:  1861.4 MB/s  Total: 1047.74 GB
[  576.6s] IOs:    274759393  IOPS:   476531  Throughput:  1861.4 MB/s  Total: 1048.12 GB
[  576.8s] IOs:    274859503  IOPS:   476545  Throughput:  1861.5 MB/s  Total: 1048.51 GB
[  577.0s] IOs:    274960261  IOPS:   476560  Throughput:  1861.6 MB/s  Total: 1048.89 GB
[  577.2s] IOs:    275061155  IOPS:   476577  Throughput:  1861.6 MB/s  Total: 1049.28 GB
[  577.3s] IOs:    275161968  IOPS:   476597  Throughput:  1861.7 MB/s  Total: 1049.66 GB
[  577.6s] IOs:    275262688  IOPS:   476603  Throughput:  1861.7 MB/s  Total: 1050.04 GB
[  577.7s] IOs:    275363003  IOPS:   476634  Throughput:  1861.9 MB/s  Total: 1050.43 GB
[  577.9s] IOs:    275463416  IOPS:   476661  Throughput:  1862.0 MB/s  Total: 1050.81 GB
[  578.2s] IOs:    275563848  IOPS:   476583  Throughput:  1861.7 MB/s  Total: 1051.19 GB
[  578.4s] IOs:    275664059  IOPS:   476600  Throughput:  1861.7 MB/s  Total: 1051.57 GB
[  578.6s] IOs:    275764409  IOPS:   476627  Throughput:  1861.8 MB/s  Total: 1051.96 GB
[Reader] Parsed 47000000 lines, distributed 275844999 writes, unique 310.99 GB, skipped 0
[  578.8s] IOs:    275864913  IOPS:   476599  Throughput:  1861.7 MB/s  Total: 1052.34 GB
[  579.1s] IOs:    275965263  IOPS:   476536  Throughput:  1861.5 MB/s  Total: 1052.72 GB
[  579.3s] IOs:    276066207  IOPS:   476550  Throughput:  1861.5 MB/s  Total: 1053.11 GB
[  579.5s] IOs:    276166902  IOPS:   476549  Throughput:  1861.5 MB/s  Total: 1053.49 GB
[  579.7s] IOs:    276267551  IOPS:   476552  Throughput:  1861.5 MB/s  Total: 1053.88 GB
[  579.9s] IOs:    276368127  IOPS:   476547  Throughput:  1861.5 MB/s  Total: 1054.26 GB
[  580.1s] IOs:    276468919  IOPS:   476562  Throughput:  1861.6 MB/s  Total: 1054.65 GB
[  580.3s] IOs:    276569809  IOPS:   476572  Throughput:  1861.6 MB/s  Total: 1055.03 GB
[  580.5s] IOs:    276670558  IOPS:   476581  Throughput:  1861.6 MB/s  Total: 1055.41 GB
[  580.7s] IOs:    276771286  IOPS:   476595  Throughput:  1861.7 MB/s  Total: 1055.80 GB
[  580.9s] IOs:    276871954  IOPS:   476592  Throughput:  1861.7 MB/s  Total: 1056.18 GB
[  581.1s] IOs:    276972277  IOPS:   476613  Throughput:  1861.8 MB/s  Total: 1056.57 GB
[  581.3s] IOs:    277072461  IOPS:   476644  Throughput:  1861.9 MB/s  Total: 1056.95 GB
[  581.6s] IOs:    277172654  IOPS:   476609  Throughput:  1861.8 MB/s  Total: 1057.33 GB
[  581.7s] IOs:    277273431  IOPS:   476625  Throughput:  1861.8 MB/s  Total: 1057.71 GB
[  581.9s] IOs:    277373548  IOPS:   476648  Throughput:  1861.9 MB/s  Total: 1058.10 GB
[  582.1s] IOs:    277474023  IOPS:   476642  Throughput:  1861.9 MB/s  Total: 1058.48 GB
[  582.3s] IOs:    277574420  IOPS:   476670  Throughput:  1862.0 MB/s  Total: 1058.86 GB
[  582.6s] IOs:    277674969  IOPS:   476607  Throughput:  1861.7 MB/s  Total: 1059.25 GB
[  582.8s] IOs:    277775879  IOPS:   476629  Throughput:  1861.8 MB/s  Total: 1059.63 GB
[  583.0s] IOs:    277876504  IOPS:   476646  Throughput:  1861.9 MB/s  Total: 1060.01 GB
[  583.2s] IOs:    277976559  IOPS:   476661  Throughput:  1862.0 MB/s  Total: 1060.40 GB
[  583.4s] IOs:    278077447  IOPS:   476675  Throughput:  1862.0 MB/s  Total: 1060.78 GB
[  583.6s] IOs:    278177577  IOPS:   476676  Throughput:  1862.0 MB/s  Total: 1061.16 GB
[  583.8s] IOs:    278278376  IOPS:   476687  Throughput:  1862.1 MB/s  Total: 1061.55 GB
[  584.0s] IOs:    278379067  IOPS:   476702  Throughput:  1862.1 MB/s  Total: 1061.93 GB
[  584.2s] IOs:    278479524  IOPS:   476711  Throughput:  1862.2 MB/s  Total: 1062.32 GB
[  584.4s] IOs:    278579883  IOPS:   476706  Throughput:  1862.1 MB/s  Total: 1062.70 GB
[  584.6s] IOs:    278680333  IOPS:   476696  Throughput:  1862.1 MB/s  Total: 1063.08 GB
[  584.8s] IOs:    278781327  IOPS:   476711  Throughput:  1862.2 MB/s  Total: 1063.47 GB
[  585.0s] IOs:    278882216  IOPS:   476710  Throughput:  1862.1 MB/s  Total: 1063.85 GB
[  585.2s] IOs:    278982567  IOPS:   476729  Throughput:  1862.2 MB/s  Total: 1064.23 GB
[  585.4s] IOs:    279083026  IOPS:   476753  Throughput:  1862.3 MB/s  Total: 1064.62 GB
[  585.7s] IOs:    279183595  IOPS:   476704  Throughput:  1862.1 MB/s  Total: 1065.00 GB
[  585.9s] IOs:    279283736  IOPS:   476710  Throughput:  1862.1 MB/s  Total: 1065.38 GB
[  586.1s] IOs:    279384722  IOPS:   476706  Throughput:  1862.1 MB/s  Total: 1065.77 GB
[  586.3s] IOs:    279484948  IOPS:   476711  Throughput:  1862.2 MB/s  Total: 1066.15 GB
[  586.4s] IOs:    279585358  IOPS:   476742  Throughput:  1862.3 MB/s  Total: 1066.53 GB
[  586.7s] IOs:    279685806  IOPS:   476734  Throughput:  1862.2 MB/s  Total: 1066.92 GB
[  586.9s] IOs:    279786094  IOPS:   476757  Throughput:  1862.3 MB/s  Total: 1067.30 GB
[  587.1s] IOs:    279886546  IOPS:   476694  Throughput:  1862.1 MB/s  Total: 1067.68 GB
[  587.4s] IOs:    279986563  IOPS:   476641  Throughput:  1861.9 MB/s  Total: 1068.06 GB
[  587.7s] IOs:    280087329  IOPS:   476616  Throughput:  1861.8 MB/s  Total: 1068.45 GB
[  587.8s] IOs:    280188041  IOPS:   476633  Throughput:  1861.8 MB/s  Total: 1068.83 GB
[  588.1s] IOs:    280288711  IOPS:   476561  Throughput:  1861.6 MB/s  Total: 1069.22 GB
[  588.3s] IOs:    280389043  IOPS:   476570  Throughput:  1861.6 MB/s  Total: 1069.60 GB
[  588.6s] IOs:    280489270  IOPS:   476523  Throughput:  1861.4 MB/s  Total: 1069.98 GB
[  588.8s] IOs:    280589829  IOPS:   476528  Throughput:  1861.4 MB/s  Total: 1070.37 GB
[  589.0s] IOs:    280690478  IOPS:   476542  Throughput:  1861.5 MB/s  Total: 1070.75 GB
[  589.3s] IOs:    280790609  IOPS:   476449  Throughput:  1861.1 MB/s  Total: 1071.13 GB
[  589.5s] IOs:    280891554  IOPS:   476465  Throughput:  1861.2 MB/s  Total: 1071.52 GB
[  589.8s] IOs:    280991754  IOPS:   476396  Throughput:  1860.9 MB/s  Total: 1071.90 GB
[  590.0s] IOs:    281092699  IOPS:   476417  Throughput:  1861.0 MB/s  Total: 1072.28 GB
[  590.2s] IOs:    281193670  IOPS:   476414  Throughput:  1861.0 MB/s  Total: 1072.67 GB
[  590.4s] IOs:    281294581  IOPS:   476411  Throughput:  1861.0 MB/s  Total: 1073.05 GB
[  590.6s] IOs:    281395267  IOPS:   476424  Throughput:  1861.0 MB/s  Total: 1073.44 GB
[  590.8s] IOs:    281496032  IOPS:   476430  Throughput:  1861.1 MB/s  Total: 1073.82 GB
[  591.1s] IOs:    281596649  IOPS:   476425  Throughput:  1861.0 MB/s  Total: 1074.21 GB
[  591.2s] IOs:    281697340  IOPS:   476448  Throughput:  1861.1 MB/s  Total: 1074.59 GB
[Reader] Parsed 48000000 lines, distributed 281763319 writes, unique 317.36 GB, skipped 0
[  591.4s] IOs:    281797974  IOPS:   476467  Throughput:  1861.2 MB/s  Total: 1074.97 GB
[  591.7s] IOs:    281898224  IOPS:   476414  Throughput:  1861.0 MB/s  Total: 1075.36 GB
[  592.0s] IOs:    281998489  IOPS:   476388  Throughput:  1860.9 MB/s  Total: 1075.74 GB
[  592.1s] IOs:    282098749  IOPS:   476414  Throughput:  1861.0 MB/s  Total: 1076.12 GB
[  592.3s] IOs:    282199229  IOPS:   476443  Throughput:  1861.1 MB/s  Total: 1076.50 GB
[  592.5s] IOs:    282299721  IOPS:   476469  Throughput:  1861.2 MB/s  Total: 1076.89 GB
[  592.8s] IOs:    282400171  IOPS:   476418  Throughput:  1861.0 MB/s  Total: 1077.27 GB
[  592.9s] IOs:    282500405  IOPS:   476447  Throughput:  1861.1 MB/s  Total: 1077.65 GB
[  593.3s] IOs:    282600708  IOPS:   476359  Throughput:  1860.8 MB/s  Total: 1078.04 GB
[  593.4s] IOs:    282701499  IOPS:   476374  Throughput:  1860.8 MB/s  Total: 1078.42 GB
[  593.7s] IOs:    282802293  IOPS:   476372  Throughput:  1860.8 MB/s  Total: 1078.81 GB
[  593.8s] IOs:    282902563  IOPS:   476398  Throughput:  1860.9 MB/s  Total: 1079.19 GB
[  594.2s] IOs:    283003567  IOPS:   476315  Throughput:  1860.6 MB/s  Total: 1079.57 GB
[  594.4s] IOs:    283103779  IOPS:   476316  Throughput:  1860.6 MB/s  Total: 1079.96 GB
[  594.6s] IOs:    283204135  IOPS:   476259  Throughput:  1860.4 MB/s  Total: 1080.34 GB
[  594.8s] IOs:    283304629  IOPS:   476273  Throughput:  1860.4 MB/s  Total: 1080.72 GB
[  595.1s] IOs:    283404893  IOPS:   476217  Throughput:  1860.2 MB/s  Total: 1081.10 GB
[  595.5s] IOs:    283504970  IOPS:   476064  Throughput:  1859.6 MB/s  Total: 1081.49 GB
[  595.7s] IOs:    283605634  IOPS:   476082  Throughput:  1859.7 MB/s  Total: 1081.87 GB
[  595.9s] IOs:    283706040  IOPS:   476102  Throughput:  1859.8 MB/s  Total: 1082.25 GB
[  596.4s] IOs:    283806903  IOPS:   475850  Throughput:  1858.8 MB/s  Total: 1082.64 GB
[  596.7s] IOs:    283907547  IOPS:   475812  Throughput:  1858.6 MB/s  Total: 1083.02 GB
[  596.9s] IOs:    284008336  IOPS:   475836  Throughput:  1858.7 MB/s  Total: 1083.41 GB
[  597.2s] IOs:    284108822  IOPS:   475708  Throughput:  1858.2 MB/s  Total: 1083.79 GB
[  597.4s] IOs:    284209811  IOPS:   475728  Throughput:  1858.3 MB/s  Total: 1084.17 GB
[  597.7s] IOs:    284310512  IOPS:   475658  Throughput:  1858.0 MB/s  Total: 1084.56 GB
[  598.0s] IOs:    284411287  IOPS:   475622  Throughput:  1857.9 MB/s  Total: 1084.94 GB
[  598.3s] IOs:    284511890  IOPS:   475568  Throughput:  1857.7 MB/s  Total: 1085.33 GB
[  598.4s] IOs:    284612393  IOPS:   475596  Throughput:  1857.8 MB/s  Total: 1085.71 GB
[  598.8s] IOs:    284713050  IOPS:   475489  Throughput:  1857.4 MB/s  Total: 1086.09 GB
[  599.0s] IOs:    284813758  IOPS:   475490  Throughput:  1857.4 MB/s  Total: 1086.48 GB
[  599.2s] IOs:    284914510  IOPS:   475467  Throughput:  1857.3 MB/s  Total: 1086.86 GB
[  599.4s] IOs:    285015168  IOPS:   475483  Throughput:  1857.4 MB/s  Total: 1087.25 GB
[  600.1s] IOs:    285115929  IOPS:   475121  Throughput:  1855.9 MB/s  Total: 1087.63 GB
[  600.8s] IOs:    285216446  IOPS:   474744  Throughput:  1854.5 MB/s  Total: 1088.01 GB
[  601.7s] IOs:    285317180  IOPS:   474180  Throughput:  1852.3 MB/s  Total: 1088.40 GB
[  602.3s] IOs:    285417833  IOPS:   473885  Throughput:  1851.1 MB/s  Total: 1088.78 GB
[  602.8s] IOs:    285518317  IOPS:   473665  Throughput:  1850.3 MB/s  Total: 1089.17 GB
[  603.0s] IOs:    285618610  IOPS:   473666  Throughput:  1850.3 MB/s  Total: 1089.55 GB
[  603.2s] IOs:    285719230  IOPS:   473667  Throughput:  1850.3 MB/s  Total: 1089.93 GB
[  603.4s] IOs:    285820108  IOPS:   473662  Throughput:  1850.2 MB/s  Total: 1090.32 GB
[  603.6s] IOs:    285920874  IOPS:   473657  Throughput:  1850.2 MB/s  Total: 1090.70 GB
[  603.9s] IOs:    286021752  IOPS:   473610  Throughput:  1850.0 MB/s  Total: 1091.09 GB
[  604.1s] IOs:    286122612  IOPS:   473625  Throughput:  1850.1 MB/s  Total: 1091.47 GB
[  604.3s] IOs:    286223204  IOPS:   473612  Throughput:  1850.0 MB/s  Total: 1091.85 GB
[  604.5s] IOs:    286323615  IOPS:   473616  Throughput:  1850.1 MB/s  Total: 1092.24 GB
[  604.8s] IOs:    286424349  IOPS:   473615  Throughput:  1850.1 MB/s  Total: 1092.62 GB
[  605.0s] IOs:    286524902  IOPS:   473629  Throughput:  1850.1 MB/s  Total: 1093.01 GB
[  605.3s] IOs:    286625329  IOPS:   473527  Throughput:  1849.7 MB/s  Total: 1093.39 GB
[  605.5s] IOs:    286725684  IOPS:   473541  Throughput:  1849.8 MB/s  Total: 1093.77 GB
[  605.8s] IOs:    286826237  IOPS:   473477  Throughput:  1849.5 MB/s  Total: 1094.16 GB
[  606.0s] IOs:    286926997  IOPS:   473497  Throughput:  1849.6 MB/s  Total: 1094.54 GB
[  606.2s] IOs:    287027823  IOPS:   473504  Throughput:  1849.6 MB/s  Total: 1094.92 GB
[  606.4s] IOs:    287128570  IOPS:   473524  Throughput:  1849.7 MB/s  Total: 1095.31 GB
[  606.6s] IOs:    287229260  IOPS:   473495  Throughput:  1849.6 MB/s  Total: 1095.69 GB
[  606.8s] IOs:    287329943  IOPS:   473504  Throughput:  1849.6 MB/s  Total: 1096.08 GB
[Reader] Parsed 49000000 lines, distributed 287365892 writes, unique 322.53 GB, skipped 0
[  607.0s] IOs:    287430601  IOPS:   473531  Throughput:  1849.7 MB/s  Total: 1096.46 GB
[  607.3s] IOs:    287531193  IOPS:   473472  Throughput:  1849.5 MB/s  Total: 1096.84 GB
[  607.7s] IOs:    287631861  IOPS:   473323  Throughput:  1848.9 MB/s  Total: 1097.23 GB
[  607.9s] IOs:    287732342  IOPS:   473309  Throughput:  1848.9 MB/s  Total: 1097.61 GB
[  608.1s] IOs:    287833194  IOPS:   473300  Throughput:  1848.8 MB/s  Total: 1098.00 GB
[  608.3s] IOs:    287933904  IOPS:   473316  Throughput:  1848.9 MB/s  Total: 1098.38 GB
[  608.5s] IOs:    288034313  IOPS:   473326  Throughput:  1848.9 MB/s  Total: 1098.76 GB
[  608.8s] IOs:    288135074  IOPS:   473274  Throughput:  1848.7 MB/s  Total: 1099.15 GB
[  609.0s] IOs:    288235316  IOPS:   473293  Throughput:  1848.8 MB/s  Total: 1099.53 GB
[  609.3s] IOs:    288336063  IOPS:   473191  Throughput:  1848.4 MB/s  Total: 1099.91 GB
[  609.5s] IOs:    288436895  IOPS:   473201  Throughput:  1848.4 MB/s  Total: 1100.30 GB
[  609.8s] IOs:    288537485  IOPS:   473181  Throughput:  1848.4 MB/s  Total: 1100.68 GB
[  610.0s] IOs:    288638129  IOPS:   473199  Throughput:  1848.4 MB/s  Total: 1101.07 GB
[  610.2s] IOs:    288738742  IOPS:   473194  Throughput:  1848.4 MB/s  Total: 1101.45 GB
[  610.4s] IOs:    288839325  IOPS:   473197  Throughput:  1848.4 MB/s  Total: 1101.83 GB
[  610.6s] IOs:    288940218  IOPS:   473213  Throughput:  1848.5 MB/s  Total: 1102.22 GB
[  610.8s] IOs:    289041015  IOPS:   473218  Throughput:  1848.5 MB/s  Total: 1102.60 GB
[  611.3s] IOs:    289141868  IOPS:   472995  Throughput:  1847.6 MB/s  Total: 1102.99 GB
[  611.5s] IOs:    289242649  IOPS:   472981  Throughput:  1847.6 MB/s  Total: 1103.37 GB
[  611.7s] IOs:    289343527  IOPS:   472995  Throughput:  1847.6 MB/s  Total: 1103.76 GB
[  611.9s] IOs:    289444018  IOPS:   472992  Throughput:  1847.6 MB/s  Total: 1104.14 GB
[  612.2s] IOs:    289544389  IOPS:   472957  Throughput:  1847.5 MB/s  Total: 1104.52 GB
[  612.4s] IOs:    289645027  IOPS:   472975  Throughput:  1847.6 MB/s  Total: 1104.91 GB
[  612.7s] IOs:    289745182  IOPS:   472903  Throughput:  1847.3 MB/s  Total: 1105.29 GB
[  612.9s] IOs:    289846123  IOPS:   472904  Throughput:  1847.3 MB/s  Total: 1105.68 GB
[  613.1s] IOs:    289946668  IOPS:   472928  Throughput:  1847.4 MB/s  Total: 1106.06 GB
[  613.4s] IOs:    290046942  IOPS:   472885  Throughput:  1847.2 MB/s  Total: 1106.44 GB
[  613.5s] IOs:    290147549  IOPS:   472906  Throughput:  1847.3 MB/s  Total: 1106.83 GB
[  614.0s] IOs:    290247723  IOPS:   472690  Throughput:  1846.4 MB/s  Total: 1107.21 GB
[  614.2s] IOs:    290348194  IOPS:   472693  Throughput:  1846.5 MB/s  Total: 1107.59 GB
[  614.4s] IOs:    290448890  IOPS:   472704  Throughput:  1846.5 MB/s  Total: 1107.97 GB
[  614.6s] IOs:    290548946  IOPS:   472722  Throughput:  1846.6 MB/s  Total: 1108.36 GB
[  614.8s] IOs:    290649789  IOPS:   472724  Throughput:  1846.6 MB/s  Total: 1108.74 GB
[  615.0s] IOs:    290750676  IOPS:   472738  Throughput:  1846.6 MB/s  Total: 1109.13 GB
[  615.2s] IOs:    290851291  IOPS:   472750  Throughput:  1846.7 MB/s  Total: 1109.51 GB
[  615.4s] IOs:    290952159  IOPS:   472756  Throughput:  1846.7 MB/s  Total: 1109.89 GB
[  615.7s] IOs:    291052500  IOPS:   472748  Throughput:  1846.7 MB/s  Total: 1110.28 GB
[  615.8s] IOs:    291152679  IOPS:   472766  Throughput:  1846.7 MB/s  Total: 1110.66 GB
[  616.0s] IOs:    291252793  IOPS:   472787  Throughput:  1846.8 MB/s  Total: 1111.04 GB
[  616.3s] IOs:    291353566  IOPS:   472712  Throughput:  1846.5 MB/s  Total: 1111.43 GB
[  616.5s] IOs:    291454243  IOPS:   472729  Throughput:  1846.6 MB/s  Total: 1111.81 GB
[  616.8s] IOs:    291554278  IOPS:   472701  Throughput:  1846.5 MB/s  Total: 1112.19 GB
[  617.1s] IOs:    291655063  IOPS:   472629  Throughput:  1846.2 MB/s  Total: 1112.58 GB
[  617.3s] IOs:    291755947  IOPS:   472645  Throughput:  1846.3 MB/s  Total: 1112.96 GB
[  617.5s] IOs:    291855971  IOPS:   472662  Throughput:  1846.3 MB/s  Total: 1113.34 GB
[  617.7s] IOs:    291956573  IOPS:   472676  Throughput:  1846.4 MB/s  Total: 1113.73 GB
[  617.9s] IOs:    292057325  IOPS:   472690  Throughput:  1846.4 MB/s  Total: 1114.11 GB
[  618.1s] IOs:    292158360  IOPS:   472706  Throughput:  1846.5 MB/s  Total: 1114.50 GB
[  618.2s] IOs:    292259208  IOPS:   472724  Throughput:  1846.6 MB/s  Total: 1114.88 GB
[  618.5s] IOs:    292359332  IOPS:   472729  Throughput:  1846.6 MB/s  Total: 1115.26 GB
[  618.6s] IOs:    292459992  IOPS:   472742  Throughput:  1846.6 MB/s  Total: 1115.65 GB
[  618.9s] IOs:    292560722  IOPS:   472738  Throughput:  1846.6 MB/s  Total: 1116.03 GB
[  619.0s] IOs:    292661131  IOPS:   472766  Throughput:  1846.7 MB/s  Total: 1116.41 GB
[  619.2s] IOs:    292761670  IOPS:   472795  Throughput:  1846.9 MB/s  Total: 1116.80 GB
[  619.4s] IOs:    292861791  IOPS:   472811  Throughput:  1846.9 MB/s  Total: 1117.18 GB
[  619.6s] IOs:    292962766  IOPS:   472814  Throughput:  1846.9 MB/s  Total: 1117.56 GB
[  619.8s] IOs:    293063361  IOPS:   472831  Throughput:  1847.0 MB/s  Total: 1117.95 GB
[  620.0s] IOs:    293163679  IOPS:   472857  Throughput:  1847.1 MB/s  Total: 1118.33 GB
[  620.3s] IOs:    293263741  IOPS:   472791  Throughput:  1846.8 MB/s  Total: 1118.71 GB
[  620.5s] IOs:    293364429  IOPS:   472769  Throughput:  1846.8 MB/s  Total: 1119.10 GB
[  620.7s] IOs:    293465311  IOPS:   472789  Throughput:  1846.8 MB/s  Total: 1119.48 GB
[  620.9s] IOs:    293566023  IOPS:   472797  Throughput:  1846.9 MB/s  Total: 1119.87 GB
[Reader] Parsed 50000000 lines, distributed 293660310 writes, unique 329.98 GB, skipped 0
[  621.1s] IOs:    293666891  IOPS:   472817  Throughput:  1846.9 MB/s  Total: 1120.25 GB
[  621.3s] IOs:    293767722  IOPS:   472831  Throughput:  1847.0 MB/s  Total: 1120.63 GB
[  621.5s] IOs:    293868667  IOPS:   472850  Throughput:  1847.1 MB/s  Total: 1121.02 GB
[  621.7s] IOs:    293969369  IOPS:   472866  Throughput:  1847.1 MB/s  Total: 1121.40 GB
[  621.9s] IOs:    294070318  IOPS:   472879  Throughput:  1847.2 MB/s  Total: 1121.79 GB
[  622.1s] IOs:    294170816  IOPS:   472879  Throughput:  1847.2 MB/s  Total: 1122.17 GB
[  622.3s] IOs:    294271431  IOPS:   472909  Throughput:  1847.3 MB/s  Total: 1122.56 GB
[  622.5s] IOs:    294371995  IOPS:   472884  Throughput:  1847.2 MB/s  Total: 1122.94 GB
[  622.7s] IOs:    294472028  IOPS:   472906  Throughput:  1847.3 MB/s  Total: 1123.32 GB
[  622.9s] IOs:    294572029  IOPS:   472925  Throughput:  1847.4 MB/s  Total: 1123.70 GB
[  623.1s] IOs:    294673063  IOPS:   472948  Throughput:  1847.5 MB/s  Total: 1124.09 GB
[  623.3s] IOs:    294773453  IOPS:   472945  Throughput:  1847.4 MB/s  Total: 1124.47 GB
[  623.5s] IOs:    294873744  IOPS:   472966  Throughput:  1847.5 MB/s  Total: 1124.85 GB
[  623.8s] IOs:    294974585  IOPS:   472890  Throughput:  1847.2 MB/s  Total: 1125.24 GB
[  624.0s] IOs:    295075191  IOPS:   472910  Throughput:  1847.3 MB/s  Total: 1125.62 GB
[  624.1s] IOs:    295176137  IOPS:   472928  Throughput:  1847.4 MB/s  Total: 1126.01 GB
[  624.3s] IOs:    295276978  IOPS:   472942  Throughput:  1847.4 MB/s  Total: 1126.39 GB
[  624.5s] IOs:    295377828  IOPS:   472952  Throughput:  1847.5 MB/s  Total: 1126.78 GB
[  624.7s] IOs:    295478502  IOPS:   472964  Throughput:  1847.5 MB/s  Total: 1127.16 GB
[  624.9s] IOs:    295579430  IOPS:   472969  Throughput:  1847.5 MB/s  Total: 1127.55 GB
[  625.2s] IOs:    295680164  IOPS:   472947  Throughput:  1847.5 MB/s  Total: 1127.93 GB
[  625.4s] IOs:    295780347  IOPS:   472936  Throughput:  1847.4 MB/s  Total: 1128.31 GB
[  625.6s] IOs:    295880865  IOPS:   472964  Throughput:  1847.5 MB/s  Total: 1128.70 GB
[  625.8s] IOs:    295981489  IOPS:   472951  Throughput:  1847.5 MB/s  Total: 1129.08 GB
[  626.0s] IOs:    296081595  IOPS:   472978  Throughput:  1847.6 MB/s  Total: 1129.46 GB
[  626.3s] IOs:    296181859  IOPS:   472926  Throughput:  1847.4 MB/s  Total: 1129.84 GB
[  626.5s] IOs:    296281932  IOPS:   472951  Throughput:  1847.5 MB/s  Total: 1130.23 GB
[  626.7s] IOs:    296382516  IOPS:   472932  Throughput:  1847.4 MB/s  Total: 1130.61 GB
[  626.9s] IOs:    296483388  IOPS:   472963  Throughput:  1847.5 MB/s  Total: 1130.99 GB
[  627.0s] IOs:    296583444  IOPS:   472993  Throughput:  1847.6 MB/s  Total: 1131.38 GB
[  627.3s] IOs:    296684118  IOPS:   472950  Throughput:  1847.5 MB/s  Total: 1131.76 GB
[  627.6s] IOs:    296784391  IOPS:   472914  Throughput:  1847.3 MB/s  Total: 1132.14 GB
[  627.7s] IOs:    296885239  IOPS:   472938  Throughput:  1847.4 MB/s  Total: 1132.53 GB
[  627.9s] IOs:    296985437  IOPS:   472965  Throughput:  1847.5 MB/s  Total: 1132.91 GB
[  628.2s] IOs:    297085609  IOPS:   472908  Throughput:  1847.3 MB/s  Total: 1133.29 GB
[  628.4s] IOs:    297186433  IOPS:   472930  Throughput:  1847.4 MB/s  Total: 1133.68 GB
[  628.6s] IOs:    297287454  IOPS:   472953  Throughput:  1847.5 MB/s  Total: 1134.06 GB
[  628.8s] IOs:    297387596  IOPS:   472917  Throughput:  1847.3 MB/s  Total: 1134.44 GB
[  629.0s] IOs:    297487995  IOPS:   472945  Throughput:  1847.4 MB/s  Total: 1134.83 GB
[  629.3s] IOs:    297588156  IOPS:   472874  Throughput:  1847.2 MB/s  Total: 1135.21 GB
[  629.5s] IOs:    297688801  IOPS:   472891  Throughput:  1847.2 MB/s  Total: 1135.59 GB
[  629.9s] IOs:    297789015  IOPS:   472792  Throughput:  1846.8 MB/s  Total: 1135.97 GB
[  630.1s] IOs:    297889721  IOPS:   472802  Throughput:  1846.9 MB/s  Total: 1136.36 GB
[  630.3s] IOs:    297990209  IOPS:   472790  Throughput:  1846.8 MB/s  Total: 1136.74 GB
[  630.5s] IOs:    298090550  IOPS:   472814  Throughput:  1846.9 MB/s  Total: 1137.13 GB
[  630.7s] IOs:    298191430  IOPS:   472785  Throughput:  1846.8 MB/s  Total: 1137.51 GB
[  630.9s] IOs:    298291631  IOPS:   472814  Throughput:  1846.9 MB/s  Total: 1137.89 GB
[  631.1s] IOs:    298392324  IOPS:   472844  Throughput:  1847.0 MB/s  Total: 1138.28 GB
[  631.3s] IOs:    298493129  IOPS:   472802  Throughput:  1846.9 MB/s  Total: 1138.66 GB
[  631.5s] IOs:    298593919  IOPS:   472831  Throughput:  1847.0 MB/s  Total: 1139.05 GB
[  631.7s] IOs:    298694508  IOPS:   472824  Throughput:  1847.0 MB/s  Total: 1139.43 GB
[  631.9s] IOs:    298794859  IOPS:   472848  Throughput:  1847.1 MB/s  Total: 1139.81 GB
[  632.1s] IOs:    298895149  IOPS:   472841  Throughput:  1847.0 MB/s  Total: 1140.19 GB
[  632.3s] IOs:    298996158  IOPS:   472858  Throughput:  1847.1 MB/s  Total: 1140.58 GB
[  632.6s] IOs:    299096741  IOPS:   472805  Throughput:  1846.9 MB/s  Total: 1140.96 GB
[  632.8s] IOs:    299197653  IOPS:   472826  Throughput:  1847.0 MB/s  Total: 1141.35 GB
[  633.0s] IOs:    299297774  IOPS:   472845  Throughput:  1847.0 MB/s  Total: 1141.73 GB
[  633.2s] IOs:    299398710  IOPS:   472812  Throughput:  1846.9 MB/s  Total: 1142.12 GB
[  633.4s] IOs:    299499106  IOPS:   472838  Throughput:  1847.0 MB/s  Total: 1142.50 GB
[  633.6s] IOs:    299599525  IOPS:   472862  Throughput:  1847.1 MB/s  Total: 1142.88 GB
[  633.9s] IOs:    299700359  IOPS:   472803  Throughput:  1846.9 MB/s  Total: 1143.27 GB
[  634.1s] IOs:    299800400  IOPS:   472824  Throughput:  1847.0 MB/s  Total: 1143.65 GB
[Reader] Parsed 51000000 lines, distributed 299865487 writes, unique 336.87 GB, skipped 0
[  634.4s] IOs:    299900468  IOPS:   472767  Throughput:  1846.7 MB/s  Total: 1144.03 GB
[  634.6s] IOs:    300000796  IOPS:   472771  Throughput:  1846.8 MB/s  Total: 1144.41 GB
[  634.8s] IOs:    300101342  IOPS:   472782  Throughput:  1846.8 MB/s  Total: 1144.80 GB
[  634.9s] IOs:    300201348  IOPS:   472797  Throughput:  1846.9 MB/s  Total: 1145.18 GB
[  635.1s] IOs:    300302103  IOPS:   472818  Throughput:  1846.9 MB/s  Total: 1145.56 GB
[  635.4s] IOs:    300402988  IOPS:   472804  Throughput:  1846.9 MB/s  Total: 1145.95 GB
[  635.6s] IOs:    300503399  IOPS:   472824  Throughput:  1847.0 MB/s  Total: 1146.33 GB
[  635.8s] IOs:    300603926  IOPS:   472785  Throughput:  1846.8 MB/s  Total: 1146.71 GB
[  636.0s] IOs:    300704581  IOPS:   472809  Throughput:  1846.9 MB/s  Total: 1147.10 GB
[  636.3s] IOs:    300805221  IOPS:   472757  Throughput:  1846.7 MB/s  Total: 1147.48 GB
[  636.5s] IOs:    300905924  IOPS:   472769  Throughput:  1846.8 MB/s  Total: 1147.87 GB
[  636.7s] IOs:    301006133  IOPS:   472788  Throughput:  1846.8 MB/s  Total: 1148.25 GB
[  637.0s] IOs:    301106924  IOPS:   472713  Throughput:  1846.5 MB/s  Total: 1148.63 GB
[  637.2s] IOs:    301207206  IOPS:   472738  Throughput:  1846.6 MB/s  Total: 1149.01 GB
[  637.3s] IOs:    301308189  IOPS:   472759  Throughput:  1846.7 MB/s  Total: 1149.40 GB
[  637.5s] IOs:    301408961  IOPS:   472777  Throughput:  1846.8 MB/s  Total: 1149.78 GB
[  637.8s] IOs:    301509131  IOPS:   472769  Throughput:  1846.8 MB/s  Total: 1150.17 GB
[  637.9s] IOs:    301609526  IOPS:   472788  Throughput:  1846.8 MB/s  Total: 1150.55 GB
[  638.2s] IOs:    301710284  IOPS:   472742  Throughput:  1846.6 MB/s  Total: 1150.93 GB
[  638.4s] IOs:    301811100  IOPS:   472752  Throughput:  1846.7 MB/s  Total: 1151.32 GB
[  638.6s] IOs:    301912046  IOPS:   472766  Throughput:  1846.7 MB/s  Total: 1151.70 GB
[  638.8s] IOs:    302012646  IOPS:   472772  Throughput:  1846.8 MB/s  Total: 1152.09 GB
[  639.0s] IOs:    302113067  IOPS:   472795  Throughput:  1846.9 MB/s  Total: 1152.47 GB
[  639.2s] IOs:    302213486  IOPS:   472817  Throughput:  1846.9 MB/s  Total: 1152.85 GB
[  639.4s] IOs:    302313832  IOPS:   472810  Throughput:  1846.9 MB/s  Total: 1153.24 GB
[  639.6s] IOs:    302413875  IOPS:   472829  Throughput:  1847.0 MB/s  Total: 1153.62 GB
[  639.8s] IOs:    302514783  IOPS:   472852  Throughput:  1847.1 MB/s  Total: 1154.00 GB
[  640.0s] IOs:    302615559  IOPS:   472860  Throughput:  1847.1 MB/s  Total: 1154.39 GB
[  640.1s] IOs:    302716071  IOPS:   472890  Throughput:  1847.2 MB/s  Total: 1154.77 GB
[  640.3s] IOs:    302816154  IOPS:   472894  Throughput:  1847.2 MB/s  Total: 1155.15 GB
[  640.5s] IOs:    302916209  IOPS:   472918  Throughput:  1847.3 MB/s  Total: 1155.53 GB
[  640.7s] IOs:    303017202  IOPS:   472938  Throughput:  1847.4 MB/s  Total: 1155.92 GB
[  641.0s] IOs:    303117386  IOPS:   472870  Throughput:  1847.1 MB/s  Total: 1156.30 GB
[  641.2s] IOs:    303218034  IOPS:   472873  Throughput:  1847.2 MB/s  Total: 1156.69 GB
[  641.4s] IOs:    303318553  IOPS:   472885  Throughput:  1847.2 MB/s  Total: 1157.07 GB
[  641.6s] IOs:    303418848  IOPS:   472908  Throughput:  1847.3 MB/s  Total: 1157.45 GB
[  641.9s] IOs:    303519796  IOPS:   472846  Throughput:  1847.1 MB/s  Total: 1157.84 GB
[  642.1s] IOs:    303620441  IOPS:   472870  Throughput:  1847.1 MB/s  Total: 1158.22 GB
[  642.4s] IOs:    303721056  IOPS:   472813  Throughput:  1846.9 MB/s  Total: 1158.60 GB
[  642.5s] IOs:    303821587  IOPS:   472843  Throughput:  1847.0 MB/s  Total: 1158.99 GB
[  643.1s] IOs:    303922529  IOPS:   472620  Throughput:  1846.2 MB/s  Total: 1159.37 GB
[  643.3s] IOs:    304022816  IOPS:   472630  Throughput:  1846.2 MB/s  Total: 1159.76 GB
[  643.4s] IOs:    304123046  IOPS:   472652  Throughput:  1846.3 MB/s  Total: 1160.14 GB
[  643.9s] IOs:    304223427  IOPS:   472476  Throughput:  1845.6 MB/s  Total: 1160.52 GB
[  644.1s] IOs:    304323907  IOPS:   472505  Throughput:  1845.7 MB/s  Total: 1160.90 GB
[  644.4s] IOs:    304424853  IOPS:   472425  Throughput:  1845.4 MB/s  Total: 1161.29 GB
[  644.7s] IOs:    304525069  IOPS:   472370  Throughput:  1845.2 MB/s  Total: 1161.67 GB
[  644.9s] IOs:    304625589  IOPS:   472383  Throughput:  1845.2 MB/s  Total: 1162.05 GB
[  645.1s] IOs:    304726353  IOPS:   472400  Throughput:  1845.3 MB/s  Total: 1162.44 GB
[  645.3s] IOs:    304827272  IOPS:   472416  Throughput:  1845.4 MB/s  Total: 1162.82 GB
[  645.4s] IOs:    304928054  IOPS:   472434  Throughput:  1845.4 MB/s  Total: 1163.21 GB
[  645.6s] IOs:    305028811  IOPS:   472450  Throughput:  1845.5 MB/s  Total: 1163.59 GB
[  645.8s] IOs:    305129621  IOPS:   472464  Throughput:  1845.6 MB/s  Total: 1163.98 GB
[  646.0s] IOs:    305230088  IOPS:   472478  Throughput:  1845.6 MB/s  Total: 1164.36 GB
[  646.2s] IOs:    305330702  IOPS:   472486  Throughput:  1845.6 MB/s  Total: 1164.74 GB
[  646.4s] IOs:    305431241  IOPS:   472515  Throughput:  1845.8 MB/s  Total: 1165.13 GB
[  646.6s] IOs:    305531319  IOPS:   472539  Throughput:  1845.9 MB/s  Total: 1165.51 GB
[  646.8s] IOs:    305632044  IOPS:   472494  Throughput:  1845.7 MB/s  Total: 1165.89 GB
[  647.1s] IOs:    305732476  IOPS:   472496  Throughput:  1845.7 MB/s  Total: 1166.28 GB
[  647.2s] IOs:    305833063  IOPS:   472517  Throughput:  1845.8 MB/s  Total: 1166.66 GB
[Reader] Parsed 52000000 lines, distributed 305855306 writes, unique 343.94 GB, skipped 0
[  647.4s] IOs:    305933485  IOPS:   472543  Throughput:  1845.9 MB/s  Total: 1167.04 GB
[  647.6s] IOs:    306033821  IOPS:   472564  Throughput:  1846.0 MB/s  Total: 1167.43 GB
[  647.9s] IOs:    306133871  IOPS:   472491  Throughput:  1845.7 MB/s  Total: 1167.81 GB
[  648.1s] IOs:    306234866  IOPS:   472492  Throughput:  1845.7 MB/s  Total: 1168.19 GB
[  648.3s] IOs:    306335825  IOPS:   472505  Throughput:  1845.7 MB/s  Total: 1168.58 GB
[  648.5s] IOs:    306435837  IOPS:   472524  Throughput:  1845.8 MB/s  Total: 1168.96 GB
[  648.7s] IOs:    306536600  IOPS:   472537  Throughput:  1845.8 MB/s  Total: 1169.34 GB
[  648.9s] IOs:    306637238  IOPS:   472550  Throughput:  1845.9 MB/s  Total: 1169.73 GB
[  649.1s] IOs:    306737901  IOPS:   472556  Throughput:  1845.9 MB/s  Total: 1170.11 GB
[  649.3s] IOs:    306838416  IOPS:   472569  Throughput:  1846.0 MB/s  Total: 1170.50 GB
[  649.5s] IOs:    306938945  IOPS:   472597  Throughput:  1846.1 MB/s  Total: 1170.88 GB
[  649.7s] IOs:    307039276  IOPS:   472593  Throughput:  1846.1 MB/s  Total: 1171.26 GB
[  649.9s] IOs:    307140087  IOPS:   472596  Throughput:  1846.1 MB/s  Total: 1171.65 GB
[  650.1s] IOs:    307240266  IOPS:   472620  Throughput:  1846.2 MB/s  Total: 1172.03 GB
[  650.3s] IOs:    307340461  IOPS:   472615  Throughput:  1846.2 MB/s  Total: 1172.41 GB
[  650.5s] IOs:    307440811  IOPS:   472643  Throughput:  1846.3 MB/s  Total: 1172.79 GB
[  650.8s] IOs:    307541718  IOPS:   472594  Throughput:  1846.1 MB/s  Total: 1173.18 GB
[  651.0s] IOs:    307642297  IOPS:   472605  Throughput:  1846.1 MB/s  Total: 1173.56 GB
[  651.2s] IOs:    307743232  IOPS:   472614  Throughput:  1846.2 MB/s  Total: 1173.95 GB
[  651.3s] IOs:    307843983  IOPS:   472625  Throughput:  1846.2 MB/s  Total: 1174.33 GB
[  651.6s] IOs:    307944006  IOPS:   472626  Throughput:  1846.2 MB/s  Total: 1174.71 GB
[  651.8s] IOs:    308045002  IOPS:   472635  Throughput:  1846.2 MB/s  Total: 1175.10 GB
[  652.0s] IOs:    308145669  IOPS:   472652  Throughput:  1846.3 MB/s  Total: 1175.48 GB
[  652.2s] IOs:    308246371  IOPS:   472658  Throughput:  1846.3 MB/s  Total: 1175.87 GB
[  652.4s] IOs:    308346997  IOPS:   472665  Throughput:  1846.3 MB/s  Total: 1176.25 GB
[  652.6s] IOs:    308447667  IOPS:   472673  Throughput:  1846.4 MB/s  Total: 1176.63 GB
[  652.8s] IOs:    308548544  IOPS:   472639  Throughput:  1846.2 MB/s  Total: 1177.02 GB
[  653.0s] IOs:    308649125  IOPS:   472667  Throughput:  1846.4 MB/s  Total: 1177.40 GB
[  653.2s] IOs:    308749817  IOPS:   472696  Throughput:  1846.5 MB/s  Total: 1177.79 GB
[  653.4s] IOs:    308850588  IOPS:   472685  Throughput:  1846.4 MB/s  Total: 1178.17 GB
[  653.6s] IOs:    308951582  IOPS:   472701  Throughput:  1846.5 MB/s  Total: 1178.56 GB
[  653.8s] IOs:    309051655  IOPS:   472701  Throughput:  1846.5 MB/s  Total: 1178.94 GB
[  654.0s] IOs:    309152556  IOPS:   472721  Throughput:  1846.6 MB/s  Total: 1179.32 GB
[  654.2s] IOs:    309253206  IOPS:   472744  Throughput:  1846.7 MB/s  Total: 1179.71 GB
[  654.4s] IOs:    309353808  IOPS:   472759  Throughput:  1846.7 MB/s  Total: 1180.09 GB
[  654.5s] IOs:    309454592  IOPS:   472783  Throughput:  1846.8 MB/s  Total: 1180.48 GB
[  654.7s] IOs:    309555259  IOPS:   472803  Throughput:  1846.9 MB/s  Total: 1180.86 GB
[  654.9s] IOs:    309655864  IOPS:   472823  Throughput:  1847.0 MB/s  Total: 1181.24 GB
[  655.1s] IOs:    309756289  IOPS:   472851  Throughput:  1847.1 MB/s  Total: 1181.63 GB
[  655.3s] IOs:    309856839  IOPS:   472872  Throughput:  1847.2 MB/s  Total: 1182.01 GB
[  655.5s] IOs:    309957340  IOPS:   472878  Throughput:  1847.2 MB/s  Total: 1182.39 GB
[  655.7s] IOs:    310057738  IOPS:   472881  Throughput:  1847.2 MB/s  Total: 1182.78 GB
[  655.9s] IOs:    310158520  IOPS:   472907  Throughput:  1847.3 MB/s  Total: 1183.16 GB
[  656.3s] IOs:    310259339  IOPS:   472705  Throughput:  1846.5 MB/s  Total: 1183.55 GB
[  656.9s] IOs:    310359999  IOPS:   472474  Throughput:  1845.6 MB/s  Total: 1183.93 GB
[  657.3s] IOs:    310460889  IOPS:   472300  Throughput:  1844.9 MB/s  Total: 1184.31 GB
[  657.5s] IOs:    310561470  IOPS:   472313  Throughput:  1845.0 MB/s  Total: 1184.70 GB
[  657.9s] IOs:    310662226  IOPS:   472205  Throughput:  1844.6 MB/s  Total: 1185.08 GB
[  658.4s] IOs:    310762953  IOPS:   472000  Throughput:  1843.7 MB/s  Total: 1185.47 GB
[  658.6s] IOs:    310863248  IOPS:   472021  Throughput:  1843.8 MB/s  Total: 1185.85 GB
[  659.2s] IOs:    310964079  IOPS:   471744  Throughput:  1842.8 MB/s  Total: 1186.23 GB
[  659.4s] IOs:    311064834  IOPS:   471757  Throughput:  1842.8 MB/s  Total: 1186.62 GB
[  659.6s] IOs:    311165414  IOPS:   471767  Throughput:  1842.8 MB/s  Total: 1187.00 GB
[  659.8s] IOs:    311266014  IOPS:   471766  Throughput:  1842.8 MB/s  Total: 1187.39 GB
[  660.0s] IOs:    311366840  IOPS:   471775  Throughput:  1842.9 MB/s  Total: 1187.77 GB
[  660.2s] IOs:    311467473  IOPS:   471773  Throughput:  1842.9 MB/s  Total: 1188.15 GB
[  660.4s] IOs:    311568115  IOPS:   471771  Throughput:  1842.9 MB/s  Total: 1188.54 GB
[  660.6s] IOs:    311668768  IOPS:   471800  Throughput:  1843.0 MB/s  Total: 1188.92 GB
[  660.8s] IOs:    311769346  IOPS:   471772  Throughput:  1842.9 MB/s  Total: 1189.31 GB
[  661.0s] IOs:    311869878  IOPS:   471783  Throughput:  1842.9 MB/s  Total: 1189.69 GB
[  661.2s] IOs:    311970634  IOPS:   471800  Throughput:  1843.0 MB/s  Total: 1190.07 GB
[  661.4s] IOs:    312071281  IOPS:   471800  Throughput:  1843.0 MB/s  Total: 1190.46 GB
[  661.6s] IOs:    312171809  IOPS:   471822  Throughput:  1843.1 MB/s  Total: 1190.84 GB
[  661.8s] IOs:    312272499  IOPS:   471849  Throughput:  1843.2 MB/s  Total: 1191.23 GB
[  662.0s] IOs:    312372914  IOPS:   471843  Throughput:  1843.1 MB/s  Total: 1191.61 GB
[  662.2s] IOs:    312473368  IOPS:   471856  Throughput:  1843.2 MB/s  Total: 1191.99 GB
[  662.4s] IOs:    312574121  IOPS:   471875  Throughput:  1843.3 MB/s  Total: 1192.38 GB
[Reader] Parsed 53000000 lines, distributed 312635281 writes, unique 353.05 GB, skipped 0
[  662.6s] IOs:    312675022  IOPS:   471896  Throughput:  1843.3 MB/s  Total: 1192.76 GB
[  662.8s] IOs:    312775826  IOPS:   471923  Throughput:  1843.4 MB/s  Total: 1193.15 GB
[  663.0s] IOs:    312876598  IOPS:   471943  Throughput:  1843.5 MB/s  Total: 1193.53 GB
[  663.3s] IOs:    312977148  IOPS:   471858  Throughput:  1843.2 MB/s  Total: 1193.91 GB
[  663.5s] IOs:    313077811  IOPS:   471858  Throughput:  1843.2 MB/s  Total: 1194.30 GB
[  663.7s] IOs:    313178467  IOPS:   471863  Throughput:  1843.2 MB/s  Total: 1194.68 GB
[  664.1s] IOs:    313279145  IOPS:   471749  Throughput:  1842.8 MB/s  Total: 1195.07 GB
[  664.3s] IOs:    313379534  IOPS:   471770  Throughput:  1842.9 MB/s  Total: 1195.45 GB
[  664.5s] IOs:    313480220  IOPS:   471754  Throughput:  1842.8 MB/s  Total: 1195.83 GB
[  664.7s] IOs:    313580562  IOPS:   471776  Throughput:  1842.9 MB/s  Total: 1196.21 GB
[  665.0s] IOs:    313680634  IOPS:   471718  Throughput:  1842.7 MB/s  Total: 1196.60 GB
[  665.2s] IOs:    313781216  IOPS:   471744  Throughput:  1842.7 MB/s  Total: 1196.98 GB
[  665.5s] IOs:    313881990  IOPS:   471677  Throughput:  1842.5 MB/s  Total: 1197.36 GB
[  665.6s] IOs:    313982769  IOPS:   471703  Throughput:  1842.6 MB/s  Total: 1197.75 GB
[  666.0s] IOs:    314083182  IOPS:   471630  Throughput:  1842.3 MB/s  Total: 1198.13 GB
[  666.2s] IOs:    314183952  IOPS:   471624  Throughput:  1842.3 MB/s  Total: 1198.52 GB
[  666.4s] IOs:    314284876  IOPS:   471644  Throughput:  1842.4 MB/s  Total: 1198.90 GB
[  666.6s] IOs:    314385681  IOPS:   471658  Throughput:  1842.4 MB/s  Total: 1199.29 GB
[  666.8s] IOs:    314486691  IOPS:   471663  Throughput:  1842.4 MB/s  Total: 1199.67 GB
[  667.0s] IOs:    314587464  IOPS:   471647  Throughput:  1842.4 MB/s  Total: 1200.06 GB
[  667.2s] IOs:    314687779  IOPS:   471649  Throughput:  1842.4 MB/s  Total: 1200.44 GB
[  667.4s] IOs:    314788598  IOPS:   471675  Throughput:  1842.5 MB/s  Total: 1200.82 GB
[  667.6s] IOs:    314888854  IOPS:   471687  Throughput:  1842.5 MB/s  Total: 1201.21 GB
[  667.8s] IOs:    314989774  IOPS:   471709  Throughput:  1842.6 MB/s  Total: 1201.59 GB
[  668.0s] IOs:    315090761  IOPS:   471661  Throughput:  1842.4 MB/s  Total: 1201.98 GB
[  668.2s] IOs:    315191109  IOPS:   471680  Throughput:  1842.5 MB/s  Total: 1202.36 GB
[  668.5s] IOs:    315291618  IOPS:   471665  Throughput:  1842.4 MB/s  Total: 1202.74 GB
[  668.6s] IOs:    315392060  IOPS:   471685  Throughput:  1842.5 MB/s  Total: 1203.13 GB
[  668.8s] IOs:    315492936  IOPS:   471705  Throughput:  1842.6 MB/s  Total: 1203.51 GB
[  669.1s] IOs:    315593417  IOPS:   471696  Throughput:  1842.6 MB/s  Total: 1203.89 GB
[  669.2s] IOs:    315693589  IOPS:   471721  Throughput:  1842.7 MB/s  Total: 1204.28 GB
[  669.5s] IOs:    315794172  IOPS:   471713  Throughput:  1842.6 MB/s  Total: 1204.66 GB
[  669.6s] IOs:    315894434  IOPS:   471742  Throughput:  1842.7 MB/s  Total: 1205.04 GB
[  669.8s] IOs:    315994594  IOPS:   471761  Throughput:  1842.8 MB/s  Total: 1205.42 GB
[  670.1s] IOs:    316094983  IOPS:   471691  Throughput:  1842.5 MB/s  Total: 1205.81 GB
[  670.3s] IOs:    316195977  IOPS:   471691  Throughput:  1842.5 MB/s  Total: 1206.19 GB
[  670.5s] IOs:    316296605  IOPS:   471714  Throughput:  1842.6 MB/s  Total: 1206.58 GB
[  670.7s] IOs:    316397076  IOPS:   471731  Throughput:  1842.7 MB/s  Total: 1206.96 GB
[  671.3s] IOs:    316497110  IOPS:   471483  Throughput:  1841.7 MB/s  Total: 1207.34 GB
[  671.5s] IOs:    316597970  IOPS:   471492  Throughput:  1841.8 MB/s  Total: 1207.73 GB
[  671.7s] IOs:    316698177  IOPS:   471505  Throughput:  1841.8 MB/s  Total: 1208.11 GB
[  672.2s] IOs:    316799038  IOPS:   471262  Throughput:  1840.9 MB/s  Total: 1208.49 GB
[  672.5s] IOs:    316899203  IOPS:   471243  Throughput:  1840.8 MB/s  Total: 1208.87 GB
[  672.7s] IOs:    316999261  IOPS:   471269  Throughput:  1840.9 MB/s  Total: 1209.26 GB
[  673.1s] IOs:    317099770  IOPS:   471105  Throughput:  1840.3 MB/s  Total: 1209.64 GB
[  673.3s] IOs:    317200006  IOPS:   471102  Throughput:  1840.2 MB/s  Total: 1210.02 GB
[  673.6s] IOs:    317300585  IOPS:   471084  Throughput:  1840.2 MB/s  Total: 1210.41 GB
[  673.7s] IOs:    317401082  IOPS:   471111  Throughput:  1840.3 MB/s  Total: 1210.79 GB
[  674.1s] IOs:    317501238  IOPS:   470970  Throughput:  1839.7 MB/s  Total: 1211.17 GB
[  674.3s] IOs:    317601548  IOPS:   470996  Throughput:  1839.8 MB/s  Total: 1211.55 GB
[  674.6s] IOs:    317702115  IOPS:   470927  Throughput:  1839.6 MB/s  Total: 1211.94 GB
[  674.9s] IOs:    317802621  IOPS:   470910  Throughput:  1839.5 MB/s  Total: 1212.32 GB
[  675.2s] IOs:    317903295  IOPS:   470798  Throughput:  1839.1 MB/s  Total: 1212.70 GB
[  675.4s] IOs:    318003658  IOPS:   470817  Throughput:  1839.1 MB/s  Total: 1213.09 GB
[  675.6s] IOs:    318104036  IOPS:   470830  Throughput:  1839.2 MB/s  Total: 1213.47 GB
[  675.9s] IOs:    318204851  IOPS:   470757  Throughput:  1838.9 MB/s  Total: 1213.86 GB
[  676.1s] IOs:    318305273  IOPS:   470783  Throughput:  1839.0 MB/s  Total: 1214.24 GB
[  676.4s] IOs:    318405631  IOPS:   470713  Throughput:  1838.7 MB/s  Total: 1214.62 GB
[  676.8s] IOs:    318505857  IOPS:   470592  Throughput:  1838.2 MB/s  Total: 1215.00 GB
[  677.0s] IOs:    318606600  IOPS:   470608  Throughput:  1838.3 MB/s  Total: 1215.39 GB
[  677.2s] IOs:    318707484  IOPS:   470627  Throughput:  1838.4 MB/s  Total: 1215.77 GB
[  677.7s] IOs:    318808466  IOPS:   470458  Throughput:  1837.7 MB/s  Total: 1216.16 GB
[  677.9s] IOs:    318908642  IOPS:   470422  Throughput:  1837.6 MB/s  Total: 1216.54 GB
[  678.1s] IOs:    319009027  IOPS:   470450  Throughput:  1837.7 MB/s  Total: 1216.92 GB
[  678.4s] IOs:    319109625  IOPS:   470369  Throughput:  1837.4 MB/s  Total: 1217.31 GB
[  678.6s] IOs:    319210167  IOPS:   470386  Throughput:  1837.4 MB/s  Total: 1217.69 GB
[  678.8s] IOs:    319310548  IOPS:   470377  Throughput:  1837.4 MB/s  Total: 1218.07 GB
[  679.1s] IOs:    319411220  IOPS:   470331  Throughput:  1837.2 MB/s  Total: 1218.46 GB
[  679.3s] IOs:    319511816  IOPS:   470359  Throughput:  1837.3 MB/s  Total: 1218.84 GB
[  679.6s] IOs:    319612353  IOPS:   470300  Throughput:  1837.1 MB/s  Total: 1219.22 GB
[  679.8s] IOs:    319712638  IOPS:   470326  Throughput:  1837.2 MB/s  Total: 1219.61 GB
[  680.1s] IOs:    319812756  IOPS:   470269  Throughput:  1837.0 MB/s  Total: 1219.99 GB
[  680.3s] IOs:    319913665  IOPS:   470271  Throughput:  1837.0 MB/s  Total: 1220.37 GB
[  680.6s] IOs:    320014232  IOPS:   470228  Throughput:  1836.8 MB/s  Total: 1220.76 GB
[  680.8s] IOs:    320115116  IOPS:   470237  Throughput:  1836.9 MB/s  Total: 1221.14 GB
[  681.0s] IOs:    320215276  IOPS:   470236  Throughput:  1836.9 MB/s  Total: 1221.52 GB
[Reader] Parsed 54000000 lines, distributed 320293031 writes, unique 362.64 GB, skipped 0
[  681.1s] IOs:    320315504  IOPS:   470262  Throughput:  1837.0 MB/s  Total: 1221.91 GB
[  681.3s] IOs:    320416063  IOPS:   470287  Throughput:  1837.1 MB/s  Total: 1222.29 GB
[  681.6s] IOs:    320516727  IOPS:   470252  Throughput:  1836.9 MB/s  Total: 1222.67 GB
[  681.8s] IOs:    320616944  IOPS:   470277  Throughput:  1837.0 MB/s  Total: 1223.06 GB
[  682.0s] IOs:    320717022  IOPS:   470269  Throughput:  1837.0 MB/s  Total: 1223.44 GB
[  682.2s] IOs:    320817339  IOPS:   470295  Throughput:  1837.1 MB/s  Total: 1223.82 GB
[  682.5s] IOs:    320917471  IOPS:   470210  Throughput:  1836.8 MB/s  Total: 1224.20 GB
[  682.7s] IOs:    321017699  IOPS:   470220  Throughput:  1836.8 MB/s  Total: 1224.59 GB
[  682.9s] IOs:    321118184  IOPS:   470196  Throughput:  1836.7 MB/s  Total: 1224.97 GB
[  683.1s] IOs:    321218536  IOPS:   470203  Throughput:  1836.7 MB/s  Total: 1225.35 GB
[  683.3s] IOs:    321318540  IOPS:   470228  Throughput:  1836.8 MB/s  Total: 1225.73 GB
[  683.6s] IOs:    321419545  IOPS:   470169  Throughput:  1836.6 MB/s  Total: 1226.12 GB
[  683.8s] IOs:    321520186  IOPS:   470191  Throughput:  1836.7 MB/s  Total: 1226.50 GB
[  684.0s] IOs:    321620233  IOPS:   470187  Throughput:  1836.7 MB/s  Total: 1226.88 GB
[  684.2s] IOs:    321720756  IOPS:   470196  Throughput:  1836.7 MB/s  Total: 1227.27 GB
[  684.4s] IOs:    321820810  IOPS:   470197  Throughput:  1836.7 MB/s  Total: 1227.65 GB
[  684.6s] IOs:    321921180  IOPS:   470220  Throughput:  1836.8 MB/s  Total: 1228.03 GB
[  685.0s] IOs:    322021596  IOPS:   470121  Throughput:  1836.4 MB/s  Total: 1228.41 GB
[  685.2s] IOs:    322122406  IOPS:   470120  Throughput:  1836.4 MB/s  Total: 1228.80 GB
[  685.4s] IOs:    322222906  IOPS:   470143  Throughput:  1836.5 MB/s  Total: 1229.18 GB
[  685.6s] IOs:    322323617  IOPS:   470106  Throughput:  1836.4 MB/s  Total: 1229.57 GB
[  685.8s] IOs:    322424423  IOPS:   470125  Throughput:  1836.4 MB/s  Total: 1229.95 GB
[  686.1s] IOs:    322524660  IOPS:   470109  Throughput:  1836.4 MB/s  Total: 1230.33 GB
[  686.2s] IOs:    322625099  IOPS:   470132  Throughput:  1836.5 MB/s  Total: 1230.72 GB
[  686.5s] IOs:    322725592  IOPS:   470086  Throughput:  1836.3 MB/s  Total: 1231.10 GB
[  686.7s] IOs:    322826449  IOPS:   470107  Throughput:  1836.4 MB/s  Total: 1231.49 GB
[  686.9s] IOs:    322927156  IOPS:   470126  Throughput:  1836.4 MB/s  Total: 1231.87 GB
[  687.2s] IOs:    323027716  IOPS:   470092  Throughput:  1836.3 MB/s  Total: 1232.25 GB
[  687.4s] IOs:    323128158  IOPS:   470100  Throughput:  1836.3 MB/s  Total: 1232.64 GB
[  687.6s] IOs:    323228586  IOPS:   470096  Throughput:  1836.3 MB/s  Total: 1233.02 GB
[  687.8s] IOs:    323329305  IOPS:   470111  Throughput:  1836.4 MB/s  Total: 1233.40 GB
[  688.0s] IOs:    323429945  IOPS:   470113  Throughput:  1836.4 MB/s  Total: 1233.79 GB
[  688.2s] IOs:    323530328  IOPS:   470136  Throughput:  1836.5 MB/s  Total: 1234.17 GB
[  688.4s] IOs:    323630401  IOPS:   470147  Throughput:  1836.5 MB/s  Total: 1234.55 GB
[  688.6s] IOs:    323730492  IOPS:   470161  Throughput:  1836.6 MB/s  Total: 1234.93 GB
[  688.8s] IOs:    323830984  IOPS:   470160  Throughput:  1836.6 MB/s  Total: 1235.32 GB
[  689.0s] IOs:    323931787  IOPS:   470181  Throughput:  1836.6 MB/s  Total: 1235.70 GB
[  689.1s] IOs:    324032466  IOPS:   470193  Throughput:  1836.7 MB/s  Total: 1236.09 GB
[  689.3s] IOs:    324132931  IOPS:   470212  Throughput:  1836.8 MB/s  Total: 1236.47 GB
[  689.5s] IOs:    324233483  IOPS:   470233  Throughput:  1836.8 MB/s  Total: 1236.85 GB
[  689.7s] IOs:    324334023  IOPS:   470230  Throughput:  1836.8 MB/s  Total: 1237.24 GB
[  690.1s] IOs:    324434781  IOPS:   470112  Throughput:  1836.4 MB/s  Total: 1237.62 GB
[  690.3s] IOs:    324535346  IOPS:   470131  Throughput:  1836.4 MB/s  Total: 1238.00 GB
[  690.7s] IOs:    324635721  IOPS:   470035  Throughput:  1836.1 MB/s  Total: 1238.39 GB
[  691.0s] IOs:    324736313  IOPS:   469959  Throughput:  1835.8 MB/s  Total: 1238.77 GB
[  691.2s] IOs:    324837092  IOPS:   469969  Throughput:  1835.8 MB/s  Total: 1239.16 GB
[  691.5s] IOs:    324937824  IOPS:   469898  Throughput:  1835.5 MB/s  Total: 1239.54 GB
[  691.7s] IOs:    325038509  IOPS:   469886  Throughput:  1835.5 MB/s  Total: 1239.92 GB
[  692.0s] IOs:    325138727  IOPS:   469852  Throughput:  1835.4 MB/s  Total: 1240.31 GB
[  692.2s] IOs:    325238902  IOPS:   469868  Throughput:  1835.4 MB/s  Total: 1240.69 GB
[  692.4s] IOs:    325339762  IOPS:   469882  Throughput:  1835.5 MB/s  Total: 1241.07 GB
[  692.7s] IOs:    325439924  IOPS:   469799  Throughput:  1835.2 MB/s  Total: 1241.45 GB
[  692.9s] IOs:    325540514  IOPS:   469797  Throughput:  1835.1 MB/s  Total: 1241.84 GB
[  693.1s] IOs:    325641014  IOPS:   469807  Throughput:  1835.2 MB/s  Total: 1242.22 GB
[  693.3s] IOs:    325741772  IOPS:   469824  Throughput:  1835.3 MB/s  Total: 1242.61 GB
[  693.6s] IOs:    325842450  IOPS:   469803  Throughput:  1835.2 MB/s  Total: 1242.99 GB
[  693.8s] IOs:    325942483  IOPS:   469819  Throughput:  1835.2 MB/s  Total: 1243.37 GB
[  694.0s] IOs:    326043414  IOPS:   469788  Throughput:  1835.1 MB/s  Total: 1243.76 GB
[  694.2s] IOs:    326144026  IOPS:   469786  Throughput:  1835.1 MB/s  Total: 1244.14 GB
[  694.4s] IOs:    326244470  IOPS:   469800  Throughput:  1835.2 MB/s  Total: 1244.52 GB
[  694.7s] IOs:    326344899  IOPS:   469785  Throughput:  1835.1 MB/s  Total: 1244.91 GB
[  694.9s] IOs:    326445452  IOPS:   469806  Throughput:  1835.2 MB/s  Total: 1245.29 GB
[  695.1s] IOs:    326546113  IOPS:   469789  Throughput:  1835.1 MB/s  Total: 1245.67 GB
[  695.3s] IOs:    326646744  IOPS:   469783  Throughput:  1835.1 MB/s  Total: 1246.06 GB
[  695.6s] IOs:    326747176  IOPS:   469721  Throughput:  1834.8 MB/s  Total: 1246.44 GB
[  695.8s] IOs:    326847638  IOPS:   469738  Throughput:  1834.9 MB/s  Total: 1246.82 GB
[  696.0s] IOs:    326948303  IOPS:   469763  Throughput:  1835.0 MB/s  Total: 1247.21 GB
[  696.2s] IOs:    327048578  IOPS:   469774  Throughput:  1835.1 MB/s  Total: 1247.59 GB
[  696.4s] IOs:    327148865  IOPS:   469799  Throughput:  1835.2 MB/s  Total: 1247.97 GB
[  696.6s] IOs:    327249349  IOPS:   469761  Throughput:  1835.0 MB/s  Total: 1248.36 GB
[  696.8s] IOs:    327349735  IOPS:   469781  Throughput:  1835.1 MB/s  Total: 1248.74 GB
[  697.1s] IOs:    327450214  IOPS:   469711  Throughput:  1834.8 MB/s  Total: 1249.12 GB
[  697.3s] IOs:    327550300  IOPS:   469727  Throughput:  1834.9 MB/s  Total: 1249.51 GB
[  697.6s] IOs:    327650415  IOPS:   469687  Throughput:  1834.7 MB/s  Total: 1249.89 GB
[  697.9s] IOs:    327750637  IOPS:   469631  Throughput:  1834.5 MB/s  Total: 1250.27 GB
[  698.1s] IOs:    327851135  IOPS:   469658  Throughput:  1834.6 MB/s  Total: 1250.65 GB
[  698.2s] IOs:    327951275  IOPS:   469685  Throughput:  1834.7 MB/s  Total: 1251.03 GB
[  698.6s] IOs:    328052004  IOPS:   469608  Throughput:  1834.4 MB/s  Total: 1251.42 GB
[  698.8s] IOs:    328152219  IOPS:   469615  Throughput:  1834.4 MB/s  Total: 1251.80 GB
[  699.0s] IOs:    328253071  IOPS:   469577  Throughput:  1834.3 MB/s  Total: 1252.19 GB
[  699.2s] IOs:    328353746  IOPS:   469589  Throughput:  1834.3 MB/s  Total: 1252.57 GB
[  699.4s] IOs:    328454412  IOPS:   469602  Throughput:  1834.4 MB/s  Total: 1252.95 GB
[  699.7s] IOs:    328554622  IOPS:   469577  Throughput:  1834.3 MB/s  Total: 1253.34 GB
[  699.9s] IOs:    328654788  IOPS:   469597  Throughput:  1834.4 MB/s  Total: 1253.72 GB
[Reader] Parsed 55000000 lines, distributed 328713443 writes, unique 373.89 GB, skipped 0
[  700.1s] IOs:    328755240  IOPS:   469568  Throughput:  1834.2 MB/s  Total: 1254.10 GB
[  700.3s] IOs:    328856242  IOPS:   469592  Throughput:  1834.3 MB/s  Total: 1254.49 GB
[  700.5s] IOs:    328956985  IOPS:   469574  Throughput:  1834.3 MB/s  Total: 1254.87 GB
[  700.8s] IOs:    329057628  IOPS:   469563  Throughput:  1834.2 MB/s  Total: 1255.26 GB
[  701.1s] IOs:    329157703  IOPS:   469510  Throughput:  1834.0 MB/s  Total: 1255.64 GB
[  701.3s] IOs:    329258264  IOPS:   469524  Throughput:  1834.1 MB/s  Total: 1256.02 GB
[  701.6s] IOs:    329358738  IOPS:   469458  Throughput:  1833.8 MB/s  Total: 1256.40 GB
[  701.7s] IOs:    329459295  IOPS:   469483  Throughput:  1833.9 MB/s  Total: 1256.79 GB
[  702.1s] IOs:    329559413  IOPS:   469382  Throughput:  1833.5 MB/s  Total: 1257.17 GB
[  702.4s] IOs:    329660311  IOPS:   469336  Throughput:  1833.3 MB/s  Total: 1257.55 GB
[  702.6s] IOs:    329761173  IOPS:   469330  Throughput:  1833.3 MB/s  Total: 1257.94 GB
[  702.8s] IOs:    329861733  IOPS:   469355  Throughput:  1833.4 MB/s  Total: 1258.32 GB
[  703.1s] IOs:    329962337  IOPS:   469296  Throughput:  1833.2 MB/s  Total: 1258.71 GB
[  703.3s] IOs:    330062765  IOPS:   469322  Throughput:  1833.3 MB/s  Total: 1259.09 GB
[  703.6s] IOs:    330162766  IOPS:   469224  Throughput:  1832.9 MB/s  Total: 1259.47 GB
[  703.8s] IOs:    330263794  IOPS:   469249  Throughput:  1833.0 MB/s  Total: 1259.86 GB
[  704.1s] IOs:    330363813  IOPS:   469210  Throughput:  1832.9 MB/s  Total: 1260.24 GB
[  704.3s] IOs:    330464081  IOPS:   469216  Throughput:  1832.9 MB/s  Total: 1260.62 GB
[  704.6s] IOs:    330564678  IOPS:   469170  Throughput:  1832.7 MB/s  Total: 1261.00 GB
[  704.8s] IOs:    330665390  IOPS:   469191  Throughput:  1832.8 MB/s  Total: 1261.39 GB
[  705.1s] IOs:    330765697  IOPS:   469111  Throughput:  1832.5 MB/s  Total: 1261.77 GB
[  705.3s] IOs:    330865908  IOPS:   469135  Throughput:  1832.6 MB/s  Total: 1262.15 GB
[  705.5s] IOs:    330966707  IOPS:   469098  Throughput:  1832.4 MB/s  Total: 1262.54 GB
[  705.7s] IOs:    331067231  IOPS:   469111  Throughput:  1832.5 MB/s  Total: 1262.92 GB
[  705.9s] IOs:    331167249  IOPS:   469137  Throughput:  1832.6 MB/s  Total: 1263.30 GB
[  706.2s] IOs:    331267502  IOPS:   469112  Throughput:  1832.5 MB/s  Total: 1263.69 GB
[  706.4s] IOs:    331368316  IOPS:   469064  Throughput:  1832.3 MB/s  Total: 1264.07 GB
[  706.6s] IOs:    331468654  IOPS:   469091  Throughput:  1832.4 MB/s  Total: 1264.45 GB
[  706.8s] IOs:    331569116  IOPS:   469108  Throughput:  1832.5 MB/s  Total: 1264.84 GB
[  707.1s] IOs:    331669353  IOPS:   469069  Throughput:  1832.3 MB/s  Total: 1265.22 GB
[  707.3s] IOs:    331769456  IOPS:   469096  Throughput:  1832.4 MB/s  Total: 1265.60 GB
[  707.5s] IOs:    331870323  IOPS:   469101  Throughput:  1832.4 MB/s  Total: 1265.98 GB
[  707.7s] IOs:    331970718  IOPS:   469094  Throughput:  1832.4 MB/s  Total: 1266.37 GB
[  707.9s] IOs:    332071279  IOPS:   469116  Throughput:  1832.5 MB/s  Total: 1266.75 GB
[  708.1s] IOs:    332171853  IOPS:   469076  Throughput:  1832.3 MB/s  Total: 1267.14 GB
[  708.3s] IOs:    332272655  IOPS:   469098  Throughput:  1832.4 MB/s  Total: 1267.52 GB
[  708.6s] IOs:    332373560  IOPS:   469072  Throughput:  1832.3 MB/s  Total: 1267.90 GB
[  708.8s] IOs:    332474175  IOPS:   469074  Throughput:  1832.3 MB/s  Total: 1268.29 GB
[  709.1s] IOs:    332574530  IOPS:   469023  Throughput:  1832.1 MB/s  Total: 1268.67 GB
[  709.3s] IOs:    332674842  IOPS:   469048  Throughput:  1832.2 MB/s  Total: 1269.05 GB
[  709.6s] IOs:    332775788  IOPS:   468966  Throughput:  1831.9 MB/s  Total: 1269.44 GB
[  709.8s] IOs:    332876800  IOPS:   468991  Throughput:  1832.0 MB/s  Total: 1269.82 GB
[  710.0s] IOs:    332977497  IOPS:   468987  Throughput:  1832.0 MB/s  Total: 1270.21 GB
[  710.2s] IOs:    333078139  IOPS:   469002  Throughput:  1832.0 MB/s  Total: 1270.59 GB
[  710.4s] IOs:    333178667  IOPS:   469025  Throughput:  1832.1 MB/s  Total: 1270.98 GB
[  710.6s] IOs:    333278848  IOPS:   468982  Throughput:  1832.0 MB/s  Total: 1271.36 GB
[  710.8s] IOs:    333379831  IOPS:   468999  Throughput:  1832.0 MB/s  Total: 1271.74 GB
[  711.0s] IOs:    333480005  IOPS:   469003  Throughput:  1832.0 MB/s  Total: 1272.13 GB
[  711.2s] IOs:    333580312  IOPS:   469030  Throughput:  1832.1 MB/s  Total: 1272.51 GB
[  711.5s] IOs:    333680582  IOPS:   468975  Throughput:  1831.9 MB/s  Total: 1272.89 GB
[  711.7s] IOs:    333781129  IOPS:   468985  Throughput:  1832.0 MB/s  Total: 1273.27 GB
[  711.9s] IOs:    333881368  IOPS:   469016  Throughput:  1832.1 MB/s  Total: 1273.66 GB
[  712.2s] IOs:    333982009  IOPS:   468950  Throughput:  1831.8 MB/s  Total: 1274.04 GB
[  712.4s] IOs:    334082608  IOPS:   468976  Throughput:  1831.9 MB/s  Total: 1274.42 GB
[  712.6s] IOs:    334183378  IOPS:   468964  Throughput:  1831.9 MB/s  Total: 1274.81 GB
[  712.8s] IOs:    334284123  IOPS:   468980  Throughput:  1832.0 MB/s  Total: 1275.19 GB
[  713.0s] IOs:    334384665  IOPS:   469010  Throughput:  1832.1 MB/s  Total: 1275.58 GB
[  713.2s] IOs:    334485075  IOPS:   468984  Throughput:  1832.0 MB/s  Total: 1275.96 GB
[  713.4s] IOs:    334585896  IOPS:   469012  Throughput:  1832.1 MB/s  Total: 1276.34 GB
[  713.6s] IOs:    334686292  IOPS:   468999  Throughput:  1832.0 MB/s  Total: 1276.73 GB
[  714.0s] IOs:    334787080  IOPS:   468921  Throughput:  1831.7 MB/s  Total: 1277.11 GB
[  714.1s] IOs:    334887424  IOPS:   468937  Throughput:  1831.8 MB/s  Total: 1277.49 GB
[  714.3s] IOs:    334987915  IOPS:   468965  Throughput:  1831.9 MB/s  Total: 1277.88 GB
[  714.7s] IOs:    335088709  IOPS:   468849  Throughput:  1831.4 MB/s  Total: 1278.26 GB
[  714.9s] IOs:    335189409  IOPS:   468873  Throughput:  1831.5 MB/s  Total: 1278.65 GB
[  715.2s] IOs:    335290222  IOPS:   468776  Throughput:  1831.2 MB/s  Total: 1279.03 GB
[  715.6s] IOs:    335390263  IOPS:   468710  Throughput:  1830.9 MB/s  Total: 1279.41 GB
[  715.7s] IOs:    335490796  IOPS:   468728  Throughput:  1831.0 MB/s  Total: 1279.80 GB
[  716.1s] IOs:    335591393  IOPS:   468655  Throughput:  1830.7 MB/s  Total: 1280.18 GB
[  716.3s] IOs:    335692236  IOPS:   468673  Throughput:  1830.8 MB/s  Total: 1280.56 GB
[  716.6s] IOs:    335793064  IOPS:   468577  Throughput:  1830.4 MB/s  Total: 1280.95 GB
[  716.8s] IOs:    335893653  IOPS:   468600  Throughput:  1830.5 MB/s  Total: 1281.33 GB
[  717.4s] IOs:    335993923  IOPS:   468376  Throughput:  1829.6 MB/s  Total: 1281.72 GB
[  717.6s] IOs:    336094328  IOPS:   468346  Throughput:  1829.5 MB/s  Total: 1282.10 GB
[  717.8s] IOs:    336194958  IOPS:   468370  Throughput:  1829.6 MB/s  Total: 1282.48 GB
[  718.3s] IOs:    336294969  IOPS:   468152  Throughput:  1828.7 MB/s  Total: 1282.86 GB
[  718.5s] IOs:    336395708  IOPS:   468171  Throughput:  1828.8 MB/s  Total: 1283.25 GB
[  718.7s] IOs:    336495983  IOPS:   468181  Throughput:  1828.8 MB/s  Total: 1283.63 GB
[  718.9s] IOs:    336596461  IOPS:   468197  Throughput:  1828.9 MB/s  Total: 1284.01 GB
[  719.3s] IOs:    336697174  IOPS:   468077  Throughput:  1828.4 MB/s  Total: 1284.40 GB
[  720.0s] IOs:    336797681  IOPS:   467791  Throughput:  1827.3 MB/s  Total: 1284.78 GB
[Reader] Parsed 56000000 lines, distributed 336836348 writes, unique 386.60 GB, skipped 0
[  720.1s] IOs:    336898457  IOPS:   467817  Throughput:  1827.4 MB/s  Total: 1285.17 GB
[  720.7s] IOs:    336999268  IOPS:   467598  Throughput:  1826.6 MB/s  Total: 1285.55 GB
[  724.6s] IOs:    337100176  IOPS:   465235  Throughput:  1817.3 MB/s  Total: 1285.94 GB
[  724.8s] IOs:    337200242  IOPS:   465227  Throughput:  1817.3 MB/s  Total: 1286.32 GB
[  725.1s] IOs:    337300612  IOPS:   465196  Throughput:  1817.2 MB/s  Total: 1286.70 GB
[  725.3s] IOs:    337400688  IOPS:   465174  Throughput:  1817.1 MB/s  Total: 1287.08 GB
[  725.6s] IOs:    337500722  IOPS:   465164  Throughput:  1817.0 MB/s  Total: 1287.46 GB
[  725.8s] IOs:    337601678  IOPS:   465160  Throughput:  1817.0 MB/s  Total: 1287.85 GB
[  726.0s] IOs:    337701782  IOPS:   465160  Throughput:  1817.0 MB/s  Total: 1288.23 GB
[  726.2s] IOs:    337802098  IOPS:   465152  Throughput:  1817.0 MB/s  Total: 1288.61 GB
[  726.4s] IOs:    337902585  IOPS:   465146  Throughput:  1817.0 MB/s  Total: 1289.00 GB
[  726.7s] IOs:    338003306  IOPS:   465133  Throughput:  1816.9 MB/s  Total: 1289.38 GB
[  726.9s] IOs:    338104075  IOPS:   465125  Throughput:  1816.9 MB/s  Total: 1289.76 GB
[  727.1s] IOs:    338204673  IOPS:   465130  Throughput:  1816.9 MB/s  Total: 1290.15 GB
[  727.4s] IOs:    338305617  IOPS:   465109  Throughput:  1816.8 MB/s  Total: 1290.53 GB
[  727.6s] IOs:    338406469  IOPS:   465107  Throughput:  1816.8 MB/s  Total: 1290.92 GB
[  727.8s] IOs:    338507027  IOPS:   465093  Throughput:  1816.8 MB/s  Total: 1291.30 GB
[  728.0s] IOs:    338607380  IOPS:   465110  Throughput:  1816.8 MB/s  Total: 1291.68 GB
[  728.2s] IOs:    338707998  IOPS:   465107  Throughput:  1816.8 MB/s  Total: 1292.07 GB
[  728.5s] IOs:    338808641  IOPS:   465076  Throughput:  1816.7 MB/s  Total: 1292.45 GB
[  728.7s] IOs:    338909442  IOPS:   465085  Throughput:  1816.7 MB/s  Total: 1292.84 GB
[  728.9s] IOs:    339010145  IOPS:   465081  Throughput:  1816.7 MB/s  Total: 1293.22 GB
[  729.1s] IOs:    339110822  IOPS:   465098  Throughput:  1816.8 MB/s  Total: 1293.61 GB
[  729.3s] IOs:    339211342  IOPS:   465108  Throughput:  1816.8 MB/s  Total: 1293.99 GB
[  729.5s] IOs:    339312323  IOPS:   465131  Throughput:  1816.9 MB/s  Total: 1294.37 GB
[  729.7s] IOs:    339413268  IOPS:   465155  Throughput:  1817.0 MB/s  Total: 1294.76 GB
[  729.9s] IOs:    339513332  IOPS:   465159  Throughput:  1817.0 MB/s  Total: 1295.14 GB
[  730.1s] IOs:    339613948  IOPS:   465182  Throughput:  1817.1 MB/s  Total: 1295.52 GB
[  730.2s] IOs:    339714329  IOPS:   465212  Throughput:  1817.2 MB/s  Total: 1295.91 GB
[  730.9s] IOs:    339814628  IOPS:   464957  Throughput:  1816.2 MB/s  Total: 1296.29 GB
[  731.0s] IOs:    339915250  IOPS:   464976  Throughput:  1816.3 MB/s  Total: 1296.67 GB
[  731.5s] IOs:    340016000  IOPS:   464829  Throughput:  1815.7 MB/s  Total: 1297.06 GB
[  731.8s] IOs:    340116771  IOPS:   464772  Throughput:  1815.5 MB/s  Total: 1297.44 GB
[  732.1s] IOs:    340217569  IOPS:   464721  Throughput:  1815.3 MB/s  Total: 1297.83 GB
[  732.5s] IOs:    340318330  IOPS:   464596  Throughput:  1814.8 MB/s  Total: 1298.21 GB
[  732.7s] IOs:    340418757  IOPS:   464597  Throughput:  1814.8 MB/s  Total: 1298.59 GB
[  733.1s] IOs:    340519283  IOPS:   464511  Throughput:  1814.5 MB/s  Total: 1298.98 GB
[  733.3s] IOs:    340620130  IOPS:   464531  Throughput:  1814.6 MB/s  Total: 1299.36 GB
[  733.8s] IOs:    340720998  IOPS:   464350  Throughput:  1813.9 MB/s  Total: 1299.75 GB
[  734.0s] IOs:    340821755  IOPS:   464328  Throughput:  1813.8 MB/s  Total: 1300.13 GB
[  734.2s] IOs:    340922052  IOPS:   464350  Throughput:  1813.9 MB/s  Total: 1300.51 GB
[  734.5s] IOs:    341022688  IOPS:   464270  Throughput:  1813.6 MB/s  Total: 1300.90 GB
[  734.7s] IOs:    341123150  IOPS:   464291  Throughput:  1813.6 MB/s  Total: 1301.28 GB
[  735.1s] IOs:    341223754  IOPS:   464211  Throughput:  1813.3 MB/s  Total: 1301.67 GB
[  735.3s] IOs:    341324278  IOPS:   464212  Throughput:  1813.3 MB/s  Total: 1302.05 GB
[  735.5s] IOs:    341424690  IOPS:   464202  Throughput:  1813.3 MB/s  Total: 1302.43 GB
[  735.7s] IOs:    341525468  IOPS:   464218  Throughput:  1813.4 MB/s  Total: 1302.82 GB
[  736.0s] IOs:    341625955  IOPS:   464144  Throughput:  1813.1 MB/s  Total: 1303.20 GB
[  736.2s] IOs:    341726294  IOPS:   464158  Throughput:  1813.1 MB/s  Total: 1303.58 GB
[  736.4s] IOs:    341827177  IOPS:   464182  Throughput:  1813.2 MB/s  Total: 1303.97 GB
[  736.7s] IOs:    341927801  IOPS:   464125  Throughput:  1813.0 MB/s  Total: 1304.35 GB
[  736.9s] IOs:    342028089  IOPS:   464147  Throughput:  1813.1 MB/s  Total: 1304.73 GB
[  737.1s] IOs:    342128177  IOPS:   464147  Throughput:  1813.1 MB/s  Total: 1305.12 GB
[  737.3s] IOs:    342228263  IOPS:   464173  Throughput:  1813.2 MB/s  Total: 1305.50 GB
[  737.6s] IOs:    342329107  IOPS:   464142  Throughput:  1813.1 MB/s  Total: 1305.88 GB
[  737.9s] IOs:    342429557  IOPS:   464089  Throughput:  1812.8 MB/s  Total: 1306.27 GB
[  738.0s] IOs:    342529981  IOPS:   464112  Throughput:  1812.9 MB/s  Total: 1306.65 GB
[  738.2s] IOs:    342630532  IOPS:   464131  Throughput:  1813.0 MB/s  Total: 1307.03 GB
[  738.5s] IOs:    342730679  IOPS:   464096  Throughput:  1812.9 MB/s  Total: 1307.41 GB
[  738.7s] IOs:    342831255  IOPS:   464091  Throughput:  1812.9 MB/s  Total: 1307.80 GB
[  738.9s] IOs:    342931803  IOPS:   464111  Throughput:  1812.9 MB/s  Total: 1308.18 GB
[  739.1s] IOs:    343032069  IOPS:   464108  Throughput:  1812.9 MB/s  Total: 1308.56 GB
[  739.3s] IOs:    343132533  IOPS:   464110  Throughput:  1812.9 MB/s  Total: 1308.95 GB
[  739.6s] IOs:    343232914  IOPS:   464090  Throughput:  1812.9 MB/s  Total: 1309.33 GB
[  739.8s] IOs:    343333505  IOPS:   464115  Throughput:  1812.9 MB/s  Total: 1309.71 GB
[  740.0s] IOs:    343433543  IOPS:   464089  Throughput:  1812.8 MB/s  Total: 1310.09 GB
[  740.3s] IOs:    343533940  IOPS:   464046  Throughput:  1812.7 MB/s  Total: 1310.48 GB
[  740.5s] IOs:    343634719  IOPS:   464073  Throughput:  1812.8 MB/s  Total: 1310.86 GB
[  740.7s] IOs:    343734754  IOPS:   464099  Throughput:  1812.9 MB/s  Total: 1311.24 GB
[  740.9s] IOs:    343835623  IOPS:   464109  Throughput:  1812.9 MB/s  Total: 1311.63 GB
[  741.1s] IOs:    343936532  IOPS:   464090  Throughput:  1812.9 MB/s  Total: 1312.01 GB
[  741.3s] IOs:    344037091  IOPS:   464114  Throughput:  1812.9 MB/s  Total: 1312.40 GB
[  741.5s] IOs:    344137717  IOPS:   464104  Throughput:  1812.9 MB/s  Total: 1312.78 GB
[  741.7s] IOs:    344237872  IOPS:   464127  Throughput:  1813.0 MB/s  Total: 1313.16 GB
[  741.9s] IOs:    344338878  IOPS:   464141  Throughput:  1813.1 MB/s  Total: 1313.55 GB
[  742.1s] IOs:    344439020  IOPS:   464149  Throughput:  1813.1 MB/s  Total: 1313.93 GB
[  742.3s] IOs:    344539356  IOPS:   464155  Throughput:  1813.1 MB/s  Total: 1314.31 GB
[  742.5s] IOs:    344639909  IOPS:   464181  Throughput:  1813.2 MB/s  Total: 1314.70 GB
[  742.7s] IOs:    344740113  IOPS:   464202  Throughput:  1813.3 MB/s  Total: 1315.08 GB
[  743.0s] IOs:    344840233  IOPS:   464142  Throughput:  1813.1 MB/s  Total: 1315.46 GB
[  743.2s] IOs:    344940396  IOPS:   464157  Throughput:  1813.1 MB/s  Total: 1315.84 GB
[  743.3s] IOs:    345041383  IOPS:   464183  Throughput:  1813.2 MB/s  Total: 1316.23 GB
[  743.6s] IOs:    345141603  IOPS:   464140  Throughput:  1813.0 MB/s  Total: 1316.61 GB
[  743.8s] IOs:    345242567  IOPS:   464146  Throughput:  1813.1 MB/s  Total: 1317.00 GB
[  744.1s] IOs:    345343147  IOPS:   464117  Throughput:  1813.0 MB/s  Total: 1317.38 GB
[  744.3s] IOs:    345443702  IOPS:   464129  Throughput:  1813.0 MB/s  Total: 1317.76 GB
[  744.5s] IOs:    345544382  IOPS:   464136  Throughput:  1813.0 MB/s  Total: 1318.15 GB
[  744.7s] IOs:    345644926  IOPS:   464153  Throughput:  1813.1 MB/s  Total: 1318.53 GB
[  744.8s] IOs:    345745230  IOPS:   464181  Throughput:  1813.2 MB/s  Total: 1318.91 GB
[  745.1s] IOs:    345845629  IOPS:   464174  Throughput:  1813.2 MB/s  Total: 1319.30 GB
[  745.3s] IOs:    345946408  IOPS:   464193  Throughput:  1813.3 MB/s  Total: 1319.68 GB
[  745.4s] IOs:    346047369  IOPS:   464216  Throughput:  1813.3 MB/s  Total: 1320.07 GB
[  745.6s] IOs:    346147795  IOPS:   464226  Throughput:  1813.4 MB/s  Total: 1320.45 GB
[  745.8s] IOs:    346248243  IOPS:   464248  Throughput:  1813.5 MB/s  Total: 1320.83 GB
[  746.1s] IOs:    346348339  IOPS:   464194  Throughput:  1813.3 MB/s  Total: 1321.21 GB
[  746.3s] IOs:    346448355  IOPS:   464219  Throughput:  1813.4 MB/s  Total: 1321.60 GB
[Reader] Parsed 57000000 lines, distributed 346471288 writes, unique 399.96 GB, skipped 0
[  746.5s] IOs:    346548408  IOPS:   464237  Throughput:  1813.4 MB/s  Total: 1321.98 GB
[  746.7s] IOs:    346648651  IOPS:   464220  Throughput:  1813.4 MB/s  Total: 1322.36 GB
[  747.0s] IOs:    346749430  IOPS:   464206  Throughput:  1813.3 MB/s  Total: 1322.74 GB
[  747.1s] IOs:    346849818  IOPS:   464236  Throughput:  1813.4 MB/s  Total: 1323.13 GB
[  747.3s] IOs:    346950028  IOPS:   464248  Throughput:  1813.5 MB/s  Total: 1323.51 GB
[  747.6s] IOs:    347050341  IOPS:   464242  Throughput:  1813.4 MB/s  Total: 1323.89 GB
[  747.7s] IOs:    347150895  IOPS:   464268  Throughput:  1813.5 MB/s  Total: 1324.28 GB
[  747.9s] IOs:    347251494  IOPS:   464293  Throughput:  1813.6 MB/s  Total: 1324.66 GB
[  748.2s] IOs:    347351706  IOPS:   464277  Throughput:  1813.6 MB/s  Total: 1325.04 GB
[  748.3s] IOs:    347451802  IOPS:   464296  Throughput:  1813.7 MB/s  Total: 1325.42 GB
[  748.7s] IOs:    347552413  IOPS:   464236  Throughput:  1813.4 MB/s  Total: 1325.81 GB
[  748.8s] IOs:    347652817  IOPS:   464258  Throughput:  1813.5 MB/s  Total: 1326.19 GB
[  749.1s] IOs:    347753509  IOPS:   464259  Throughput:  1813.5 MB/s  Total: 1326.57 GB
[  749.3s] IOs:    347854135  IOPS:   464257  Throughput:  1813.5 MB/s  Total: 1326.96 GB
[  749.5s] IOs:    347954302  IOPS:   464271  Throughput:  1813.6 MB/s  Total: 1327.34 GB
[  749.7s] IOs:    348054530  IOPS:   464235  Throughput:  1813.4 MB/s  Total: 1327.72 GB
[  749.9s] IOs:    348155441  IOPS:   464260  Throughput:  1813.5 MB/s  Total: 1328.11 GB
[  750.2s] IOs:    348255650  IOPS:   464233  Throughput:  1813.4 MB/s  Total: 1328.49 GB
[  750.4s] IOs:    348356044  IOPS:   464235  Throughput:  1813.4 MB/s  Total: 1328.87 GB
[  750.6s] IOs:    348456316  IOPS:   464247  Throughput:  1813.5 MB/s  Total: 1329.26 GB
[  750.8s] IOs:    348557318  IOPS:   464272  Throughput:  1813.6 MB/s  Total: 1329.64 GB
[  750.9s] IOs:    348658328  IOPS:   464295  Throughput:  1813.7 MB/s  Total: 1330.03 GB
[  751.2s] IOs:    348758867  IOPS:   464278  Throughput:  1813.6 MB/s  Total: 1330.41 GB
[  751.4s] IOs:    348859511  IOPS:   464270  Throughput:  1813.6 MB/s  Total: 1330.79 GB
[  751.6s] IOs:    348959970  IOPS:   464290  Throughput:  1813.6 MB/s  Total: 1331.18 GB
[  751.8s] IOs:    349060362  IOPS:   464297  Throughput:  1813.7 MB/s  Total: 1331.56 GB
[  752.1s] IOs:    349161048  IOPS:   464251  Throughput:  1813.5 MB/s  Total: 1331.94 GB
[  752.3s] IOs:    349261220  IOPS:   464274  Throughput:  1813.6 MB/s  Total: 1332.33 GB
[  752.5s] IOs:    349361543  IOPS:   464297  Throughput:  1813.7 MB/s  Total: 1332.71 GB
[  752.8s] IOs:    349461956  IOPS:   464230  Throughput:  1813.4 MB/s  Total: 1333.09 GB
[  753.0s] IOs:    349562302  IOPS:   464252  Throughput:  1813.5 MB/s  Total: 1333.47 GB
[  753.3s] IOs:    349662948  IOPS:   464197  Throughput:  1813.3 MB/s  Total: 1333.86 GB
[  753.4s] IOs:    349763367  IOPS:   464221  Throughput:  1813.4 MB/s  Total: 1334.24 GB
[  754.0s] IOs:    349863757  IOPS:   464021  Throughput:  1812.6 MB/s  Total: 1334.62 GB
[  754.2s] IOs:    349964339  IOPS:   464040  Throughput:  1812.7 MB/s  Total: 1335.01 GB
[  754.6s] IOs:    350064510  IOPS:   463882  Throughput:  1812.0 MB/s  Total: 1335.39 GB
[  754.9s] IOs:    350164577  IOPS:   463876  Throughput:  1812.0 MB/s  Total: 1335.77 GB
[  755.3s] IOs:    350264789  IOPS:   463766  Throughput:  1811.6 MB/s  Total: 1336.15 GB
[  755.7s] IOs:    350365092  IOPS:   463612  Throughput:  1811.0 MB/s  Total: 1336.54 GB
[  755.9s] IOs:    350465829  IOPS:   463631  Throughput:  1811.1 MB/s  Total: 1336.92 GB
[  756.3s] IOs:    350566197  IOPS:   463507  Throughput:  1810.6 MB/s  Total: 1337.30 GB
[  756.5s] IOs:    350666330  IOPS:   463528  Throughput:  1810.7 MB/s  Total: 1337.69 GB
[  756.8s] IOs:    350766419  IOPS:   463484  Throughput:  1810.5 MB/s  Total: 1338.07 GB
[  757.2s] IOs:    350866747  IOPS:   463403  Throughput:  1810.2 MB/s  Total: 1338.45 GB
[  757.3s] IOs:    350967054  IOPS:   463419  Throughput:  1810.2 MB/s  Total: 1338.83 GB
[  757.7s] IOs:    351067624  IOPS:   463305  Throughput:  1809.8 MB/s  Total: 1339.22 GB
[  757.9s] IOs:    351168263  IOPS:   463314  Throughput:  1809.8 MB/s  Total: 1339.60 GB
[  758.3s] IOs:    351268266  IOPS:   463247  Throughput:  1809.6 MB/s  Total: 1339.98 GB
[  758.6s] IOs:    351368714  IOPS:   463188  Throughput:  1809.3 MB/s  Total: 1340.37 GB
[  758.8s] IOs:    351469227  IOPS:   463201  Throughput:  1809.4 MB/s  Total: 1340.75 GB
[  759.1s] IOs:    351569738  IOPS:   463135  Throughput:  1809.1 MB/s  Total: 1341.13 GB
[  759.3s] IOs:    351670698  IOPS:   463167  Throughput:  1809.2 MB/s  Total: 1341.52 GB
[  759.6s] IOs:    351771062  IOPS:   463096  Throughput:  1809.0 MB/s  Total: 1341.90 GB
[  759.8s] IOs:    351871505  IOPS:   463120  Throughput:  1809.1 MB/s  Total: 1342.28 GB
[  760.0s] IOs:    351972179  IOPS:   463138  Throughput:  1809.1 MB/s  Total: 1342.67 GB
[  760.3s] IOs:    352072469  IOPS:   463088  Throughput:  1808.9 MB/s  Total: 1343.05 GB
[  760.5s] IOs:    352173452  IOPS:   463109  Throughput:  1809.0 MB/s  Total: 1343.44 GB
[  760.8s] IOs:    352273707  IOPS:   463022  Throughput:  1808.7 MB/s  Total: 1343.82 GB
[  761.1s] IOs:    352373844  IOPS:   462967  Throughput:  1808.5 MB/s  Total: 1344.20 GB
[  761.3s] IOs:    352474080  IOPS:   462961  Throughput:  1808.4 MB/s  Total: 1344.58 GB
[  761.7s] IOs:    352574771  IOPS:   462890  Throughput:  1808.2 MB/s  Total: 1344.97 GB
[  761.9s] IOs:    352675105  IOPS:   462907  Throughput:  1808.2 MB/s  Total: 1345.35 GB
[  762.4s] IOs:    352775385  IOPS:   462713  Throughput:  1807.5 MB/s  Total: 1345.73 GB
[  762.6s] IOs:    352875396  IOPS:   462736  Throughput:  1807.6 MB/s  Total: 1346.11 GB
[  762.8s] IOs:    352975843  IOPS:   462758  Throughput:  1807.6 MB/s  Total: 1346.50 GB
[  763.1s] IOs:    353076128  IOPS:   462667  Throughput:  1807.3 MB/s  Total: 1346.88 GB
[  763.3s] IOs:    353176269  IOPS:   462670  Throughput:  1807.3 MB/s  Total: 1347.26 GB
[  763.6s] IOs:    353276744  IOPS:   462634  Throughput:  1807.2 MB/s  Total: 1347.64 GB
[  763.8s] IOs:    353377522  IOPS:   462644  Throughput:  1807.2 MB/s  Total: 1348.03 GB
[  764.1s] IOs:    353478010  IOPS:   462594  Throughput:  1807.0 MB/s  Total: 1348.41 GB
[  764.3s] IOs:    353578710  IOPS:   462617  Throughput:  1807.1 MB/s  Total: 1348.80 GB
[  764.5s] IOs:    353679209  IOPS:   462640  Throughput:  1807.2 MB/s  Total: 1349.18 GB
[  764.8s] IOs:    353780093  IOPS:   462590  Throughput:  1807.0 MB/s  Total: 1349.56 GB
[  765.0s] IOs:    353880291  IOPS:   462604  Throughput:  1807.0 MB/s  Total: 1349.95 GB
[  765.2s] IOs:    353980863  IOPS:   462600  Throughput:  1807.0 MB/s  Total: 1350.33 GB
[  765.4s] IOs:    354081443  IOPS:   462628  Throughput:  1807.1 MB/s  Total: 1350.71 GB
[  765.7s] IOs:    354182012  IOPS:   462580  Throughput:  1807.0 MB/s  Total: 1351.10 GB
[  765.9s] IOs:    354282062  IOPS:   462599  Throughput:  1807.0 MB/s  Total: 1351.48 GB
[  766.2s] IOs:    354382400  IOPS:   462548  Throughput:  1806.8 MB/s  Total: 1351.86 GB
[  766.4s] IOs:    354482872  IOPS:   462558  Throughput:  1806.9 MB/s  Total: 1352.24 GB
[  766.6s] IOs:    354583299  IOPS:   462530  Throughput:  1806.8 MB/s  Total: 1352.63 GB
[  766.9s] IOs:    354683875  IOPS:   462518  Throughput:  1806.7 MB/s  Total: 1353.01 GB
[  767.1s] IOs:    354784780  IOPS:   462504  Throughput:  1806.7 MB/s  Total: 1353.40 GB
[  767.3s] IOs:    354885411  IOPS:   462529  Throughput:  1806.8 MB/s  Total: 1353.78 GB
[  767.5s] IOs:    354985465  IOPS:   462520  Throughput:  1806.7 MB/s  Total: 1354.16 GB
[  767.7s] IOs:    355085921  IOPS:   462516  Throughput:  1806.7 MB/s  Total: 1354.55 GB
[  767.9s] IOs:    355186493  IOPS:   462527  Throughput:  1806.7 MB/s  Total: 1354.93 GB
[  768.2s] IOs:    355286829  IOPS:   462487  Throughput:  1806.6 MB/s  Total: 1355.31 GB
[  768.4s] IOs:    355387274  IOPS:   462505  Throughput:  1806.7 MB/s  Total: 1355.69 GB
[  768.6s] IOs:    355487896  IOPS:   462527  Throughput:  1806.7 MB/s  Total: 1356.08 GB
[  768.8s] IOs:    355588779  IOPS:   462547  Throughput:  1806.8 MB/s  Total: 1356.46 GB
[  768.9s] IOs:    355689118  IOPS:   462567  Throughput:  1806.9 MB/s  Total: 1356.85 GB
[  769.3s] IOs:    355789796  IOPS:   462508  Throughput:  1806.7 MB/s  Total: 1357.23 GB
[  769.5s] IOs:    355889900  IOPS:   462515  Throughput:  1806.7 MB/s  Total: 1357.61 GB
[  769.7s] IOs:    355990006  IOPS:   462532  Throughput:  1806.8 MB/s  Total: 1357.99 GB
[  769.8s] IOs:    356090380  IOPS:   462559  Throughput:  1806.9 MB/s  Total: 1358.38 GB
[Reader] Parsed 58000000 lines, distributed 356160654 writes, unique 417.44 GB, skipped 0
[  770.0s] IOs:    356190919  IOPS:   462580  Throughput:  1807.0 MB/s  Total: 1358.76 GB
[  770.3s] IOs:    356291316  IOPS:   462536  Throughput:  1806.8 MB/s  Total: 1359.14 GB
[  770.5s] IOs:    356392301  IOPS:   462556  Throughput:  1806.9 MB/s  Total: 1359.53 GB
[  770.7s] IOs:    356492355  IOPS:   462566  Throughput:  1806.9 MB/s  Total: 1359.91 GB
[  770.9s] IOs:    356592426  IOPS:   462592  Throughput:  1807.0 MB/s  Total: 1360.29 GB
[  771.0s] IOs:    356692738  IOPS:   462617  Throughput:  1807.1 MB/s  Total: 1360.67 GB
[  771.3s] IOs:    356793078  IOPS:   462615  Throughput:  1807.1 MB/s  Total: 1361.06 GB
[  771.5s] IOs:    356893095  IOPS:   462568  Throughput:  1806.9 MB/s  Total: 1361.44 GB
[  771.8s] IOs:    356993967  IOPS:   462554  Throughput:  1806.8 MB/s  Total: 1361.82 GB
[  772.0s] IOs:    357094076  IOPS:   462577  Throughput:  1806.9 MB/s  Total: 1362.21 GB
[  772.2s] IOs:    357194656  IOPS:   462576  Throughput:  1806.9 MB/s  Total: 1362.59 GB
[  772.4s] IOs:    357295316  IOPS:   462594  Throughput:  1807.0 MB/s  Total: 1362.97 GB
[  772.7s] IOs:    357395551  IOPS:   462553  Throughput:  1806.8 MB/s  Total: 1363.36 GB
[  772.8s] IOs:    357495769  IOPS:   462578  Throughput:  1806.9 MB/s  Total: 1363.74 GB
[  773.1s] IOs:    357596528  IOPS:   462540  Throughput:  1806.8 MB/s  Total: 1364.12 GB
[  773.3s] IOs:    357697115  IOPS:   462562  Throughput:  1806.9 MB/s  Total: 1364.51 GB
[  773.5s] IOs:    357797274  IOPS:   462557  Throughput:  1806.9 MB/s  Total: 1364.89 GB
[  773.7s] IOs:    357897398  IOPS:   462556  Throughput:  1806.9 MB/s  Total: 1365.27 GB
[  773.9s] IOs:    357998209  IOPS:   462567  Throughput:  1806.9 MB/s  Total: 1365.65 GB
[  774.3s] IOs:    358098564  IOPS:   462492  Throughput:  1806.6 MB/s  Total: 1366.04 GB
[  774.5s] IOs:    358199192  IOPS:   462517  Throughput:  1806.7 MB/s  Total: 1366.42 GB
[  774.8s] IOs:    358299677  IOPS:   462426  Throughput:  1806.4 MB/s  Total: 1366.80 GB
[  775.0s] IOs:    358400079  IOPS:   462451  Throughput:  1806.5 MB/s  Total: 1367.19 GB
[  775.3s] IOs:    358500632  IOPS:   462405  Throughput:  1806.3 MB/s  Total: 1367.57 GB
[  775.5s] IOs:    358600642  IOPS:   462419  Throughput:  1806.3 MB/s  Total: 1367.95 GB
[  775.7s] IOs:    358701109  IOPS:   462398  Throughput:  1806.2 MB/s  Total: 1368.34 GB
[  775.9s] IOs:    358801650  IOPS:   462425  Throughput:  1806.3 MB/s  Total: 1368.72 GB
[  776.3s] IOs:    358902043  IOPS:   462349  Throughput:  1806.0 MB/s  Total: 1369.10 GB
[  776.4s] IOs:    359002966  IOPS:   462373  Throughput:  1806.1 MB/s  Total: 1369.49 GB
[  776.8s] IOs:    359103115  IOPS:   462295  Throughput:  1805.8 MB/s  Total: 1369.87 GB
[  777.0s] IOs:    359203435  IOPS:   462316  Throughput:  1805.9 MB/s  Total: 1370.25 GB
[  777.1s] IOs:    359303984  IOPS:   462339  Throughput:  1806.0 MB/s  Total: 1370.64 GB
[  777.3s] IOs:    359404670  IOPS:   462355  Throughput:  1806.1 MB/s  Total: 1371.02 GB
[  777.5s] IOs:    359505187  IOPS:   462382  Throughput:  1806.2 MB/s  Total: 1371.40 GB
[  777.7s] IOs:    359605749  IOPS:   462368  Throughput:  1806.1 MB/s  Total: 1371.79 GB
[  777.9s] IOs:    359706564  IOPS:   462388  Throughput:  1806.2 MB/s  Total: 1372.17 GB
[  778.2s] IOs:    359807253  IOPS:   462382  Throughput:  1806.2 MB/s  Total: 1372.56 GB
[  778.3s] IOs:    359908084  IOPS:   462408  Throughput:  1806.3 MB/s  Total: 1372.94 GB
[  778.5s] IOs:    360009001  IOPS:   462431  Throughput:  1806.4 MB/s  Total: 1373.33 GB
[  778.7s] IOs:    360109203  IOPS:   462422  Throughput:  1806.3 MB/s  Total: 1373.71 GB
[  778.9s] IOs:    360209555  IOPS:   462437  Throughput:  1806.4 MB/s  Total: 1374.09 GB
[  779.1s] IOs:    360310137  IOPS:   462461  Throughput:  1806.5 MB/s  Total: 1374.47 GB
[  779.5s] IOs:    360411031  IOPS:   462348  Throughput:  1806.0 MB/s  Total: 1374.86 GB
[  779.7s] IOs:    360511638  IOPS:   462357  Throughput:  1806.1 MB/s  Total: 1375.24 GB
[  780.2s] IOs:    360612257  IOPS:   462221  Throughput:  1805.6 MB/s  Total: 1375.63 GB
[  780.4s] IOs:    360712922  IOPS:   462211  Throughput:  1805.5 MB/s  Total: 1376.01 GB
[  780.7s] IOs:    360812979  IOPS:   462155  Throughput:  1805.3 MB/s  Total: 1376.39 GB
[  780.9s] IOs:    360913376  IOPS:   462160  Throughput:  1805.3 MB/s  Total: 1376.78 GB
[  781.4s] IOs:    361014322  IOPS:   462036  Throughput:  1804.8 MB/s  Total: 1377.16 GB
[  781.7s] IOs:    361114931  IOPS:   461987  Throughput:  1804.6 MB/s  Total: 1377.54 GB
[  783.1s] IOs:    361215795  IOPS:   461249  Throughput:  1801.8 MB/s  Total: 1377.93 GB
[  783.4s] IOs:    361316640  IOPS:   461201  Throughput:  1801.6 MB/s  Total: 1378.31 GB
[  783.7s] IOs:    361417194  IOPS:   461177  Throughput:  1801.5 MB/s  Total: 1378.70 GB
[  784.2s] IOs:    361517879  IOPS:   461005  Throughput:  1800.8 MB/s  Total: 1379.08 GB
[  784.6s] IOs:    361618528  IOPS:   460887  Throughput:  1800.3 MB/s  Total: 1379.47 GB
[  785.0s] IOs:    361719106  IOPS:   460799  Throughput:  1800.0 MB/s  Total: 1379.85 GB
[  785.2s] IOs:    361819716  IOPS:   460804  Throughput:  1800.0 MB/s  Total: 1380.23 GB
[  785.7s] IOs:    361920307  IOPS:   460653  Throughput:  1799.4 MB/s  Total: 1380.62 GB
[  786.0s] IOs:    362020971  IOPS:   460562  Throughput:  1799.1 MB/s  Total: 1381.00 GB
[  786.3s] IOs:    362121641  IOPS:   460560  Throughput:  1799.1 MB/s  Total: 1381.38 GB
[  786.6s] IOs:    362222097  IOPS:   460479  Throughput:  1798.7 MB/s  Total: 1381.77 GB
[  787.1s] IOs:    362322755  IOPS:   460305  Throughput:  1798.1 MB/s  Total: 1382.15 GB
[  787.4s] IOs:    362423421  IOPS:   460300  Throughput:  1798.0 MB/s  Total: 1382.54 GB
[  787.6s] IOs:    362524002  IOPS:   460290  Throughput:  1798.0 MB/s  Total: 1382.92 GB
[  787.8s] IOs:    362624597  IOPS:   460305  Throughput:  1798.1 MB/s  Total: 1383.30 GB
[  788.2s] IOs:    362725067  IOPS:   460193  Throughput:  1797.6 MB/s  Total: 1383.69 GB
[  788.6s] IOs:    362825810  IOPS:   460110  Throughput:  1797.3 MB/s  Total: 1384.07 GB
[  788.7s] IOs:    362926308  IOPS:   460133  Throughput:  1797.4 MB/s  Total: 1384.45 GB
[  789.1s] IOs:    363026859  IOPS:   460080  Throughput:  1797.2 MB/s  Total: 1384.84 GB
[  789.2s] IOs:    363127792  IOPS:   460109  Throughput:  1797.3 MB/s  Total: 1385.22 GB
[  789.6s] IOs:    363228080  IOPS:   460016  Throughput:  1796.9 MB/s  Total: 1385.61 GB
[  789.8s] IOs:    363328622  IOPS:   460043  Throughput:  1797.0 MB/s  Total: 1385.99 GB
[  790.2s] IOs:    363429272  IOPS:   459926  Throughput:  1796.6 MB/s  Total: 1386.37 GB
[  790.4s] IOs:    363529910  IOPS:   459934  Throughput:  1796.6 MB/s  Total: 1386.76 GB
[  790.7s] IOs:    363630641  IOPS:   459904  Throughput:  1796.5 MB/s  Total: 1387.14 GB
[  790.9s] IOs:    363731131  IOPS:   459876  Throughput:  1796.4 MB/s  Total: 1387.52 GB
[  791.1s] IOs:    363831453  IOPS:   459897  Throughput:  1796.5 MB/s  Total: 1387.91 GB
[  791.3s] IOs:    363931979  IOPS:   459921  Throughput:  1796.6 MB/s  Total: 1388.29 GB
[  791.6s] IOs:    364032545  IOPS:   459879  Throughput:  1796.4 MB/s  Total: 1388.67 GB
[  791.8s] IOs:    364133203  IOPS:   459897  Throughput:  1796.5 MB/s  Total: 1389.06 GB
[  791.9s] IOs:    364234021  IOPS:   459923  Throughput:  1796.6 MB/s  Total: 1389.44 GB
[  792.2s] IOs:    364334350  IOPS:   459897  Throughput:  1796.5 MB/s  Total: 1389.83 GB
[  792.4s] IOs:    364435029  IOPS:   459914  Throughput:  1796.5 MB/s  Total: 1390.21 GB
[  792.6s] IOs:    364535799  IOPS:   459904  Throughput:  1796.5 MB/s  Total: 1390.59 GB
[  793.0s] IOs:    364636766  IOPS:   459821  Throughput:  1796.2 MB/s  Total: 1390.98 GB
[  793.2s] IOs:    364737435  IOPS:   459838  Throughput:  1796.2 MB/s  Total: 1391.36 GB
[  793.4s] IOs:    364838017  IOPS:   459850  Throughput:  1796.3 MB/s  Total: 1391.75 GB
[  793.6s] IOs:    364938789  IOPS:   459840  Throughput:  1796.3 MB/s  Total: 1392.13 GB
[Reader] Parsed 59000000 lines, distributed 365009636 writes, unique 429.60 GB, skipped 0
[  793.8s] IOs:    365039413  IOPS:   459856  Throughput:  1796.3 MB/s  Total: 1392.51 GB
[  794.1s] IOs:    365139949  IOPS:   459829  Throughput:  1796.2 MB/s  Total: 1392.90 GB
[  794.3s] IOs:    365240906  IOPS:   459824  Throughput:  1796.2 MB/s  Total: 1393.28 GB
[  794.5s] IOs:    365341776  IOPS:   459846  Throughput:  1796.3 MB/s  Total: 1393.67 GB
[  794.7s] IOs:    365442509  IOPS:   459854  Throughput:  1796.3 MB/s  Total: 1394.05 GB
[  794.9s] IOs:    365542854  IOPS:   459871  Throughput:  1796.4 MB/s  Total: 1394.44 GB
[  795.1s] IOs:    365643548  IOPS:   459869  Throughput:  1796.4 MB/s  Total: 1394.82 GB
[  795.3s] IOs:    365743848  IOPS:   459891  Throughput:  1796.4 MB/s  Total: 1395.20 GB
[  795.5s] IOs:    365843953  IOPS:   459911  Throughput:  1796.5 MB/s  Total: 1395.58 GB
[  795.7s] IOs:    365944735  IOPS:   459915  Throughput:  1796.5 MB/s  Total: 1395.97 GB
[  795.8s] IOs:    366045313  IOPS:   459944  Throughput:  1796.7 MB/s  Total: 1396.35 GB
[  796.0s] IOs:    366145990  IOPS:   459969  Throughput:  1796.8 MB/s  Total: 1396.74 GB
[  796.2s] IOs:    366246266  IOPS:   459975  Throughput:  1796.8 MB/s  Total: 1397.12 GB
[  796.5s] IOs:    366347174  IOPS:   459975  Throughput:  1796.8 MB/s  Total: 1397.50 GB
[  796.6s] IOs:    366447854  IOPS:   460000  Throughput:  1796.9 MB/s  Total: 1397.89 GB
[  796.8s] IOs:    366548444  IOPS:   460012  Throughput:  1796.9 MB/s  Total: 1398.27 GB
[  797.0s] IOs:    366649141  IOPS:   460035  Throughput:  1797.0 MB/s  Total: 1398.66 GB
[  797.3s] IOs:    366749226  IOPS:   459983  Throughput:  1796.8 MB/s  Total: 1399.04 GB
[  797.5s] IOs:    366850091  IOPS:   460008  Throughput:  1796.9 MB/s  Total: 1399.42 GB
[  797.7s] IOs:    366950920  IOPS:   460027  Throughput:  1797.0 MB/s  Total: 1399.81 GB
[  797.8s] IOs:    367051374  IOPS:   460054  Throughput:  1797.1 MB/s  Total: 1400.19 GB
[  798.1s] IOs:    367151953  IOPS:   460019  Throughput:  1796.9 MB/s  Total: 1400.57 GB
[  798.3s] IOs:    367252253  IOPS:   460039  Throughput:  1797.0 MB/s  Total: 1400.96 GB
[  798.5s] IOs:    367352391  IOPS:   460064  Throughput:  1797.1 MB/s  Total: 1401.34 GB
[  798.8s] IOs:    367453293  IOPS:   460018  Throughput:  1796.9 MB/s  Total: 1401.72 GB
[  799.0s] IOs:    367553338  IOPS:   460031  Throughput:  1797.0 MB/s  Total: 1402.10 GB
[  799.2s] IOs:    367654138  IOPS:   460055  Throughput:  1797.1 MB/s  Total: 1402.49 GB
[  799.3s] IOs:    367754748  IOPS:   460070  Throughput:  1797.1 MB/s  Total: 1402.87 GB
[  799.5s] IOs:    367855729  IOPS:   460091  Throughput:  1797.2 MB/s  Total: 1403.26 GB
[  799.7s] IOs:    367955957  IOPS:   460097  Throughput:  1797.3 MB/s  Total: 1403.64 GB
[  800.1s] IOs:    368056208  IOPS:   460026  Throughput:  1797.0 MB/s  Total: 1404.02 GB
[  800.3s] IOs:    368156651  IOPS:   460052  Throughput:  1797.1 MB/s  Total: 1404.41 GB
[  800.7s] IOs:    368257299  IOPS:   459931  Throughput:  1796.6 MB/s  Total: 1404.79 GB
[  800.9s] IOs:    368357553  IOPS:   459947  Throughput:  1796.7 MB/s  Total: 1405.17 GB
[  801.2s] IOs:    368457826  IOPS:   459894  Throughput:  1796.5 MB/s  Total: 1405.56 GB
[  801.4s] IOs:    368558690  IOPS:   459916  Throughput:  1796.5 MB/s  Total: 1405.94 GB
[  801.7s] IOs:    368659022  IOPS:   459873  Throughput:  1796.4 MB/s  Total: 1406.32 GB
[  801.8s] IOs:    368759561  IOPS:   459895  Throughput:  1796.5 MB/s  Total: 1406.71 GB
[  802.1s] IOs:    368860141  IOPS:   459842  Throughput:  1796.3 MB/s  Total: 1407.09 GB
[  802.3s] IOs:    368960394  IOPS:   459854  Throughput:  1796.3 MB/s  Total: 1407.47 GB
[  802.8s] IOs:    369060436  IOPS:   459698  Throughput:  1795.7 MB/s  Total: 1407.85 GB
[  803.0s] IOs:    369160900  IOPS:   459706  Throughput:  1795.7 MB/s  Total: 1408.24 GB
[  803.2s] IOs:    369261307  IOPS:   459728  Throughput:  1795.8 MB/s  Total: 1408.62 GB
[  803.7s] IOs:    369362213  IOPS:   459550  Throughput:  1795.1 MB/s  Total: 1409.01 GB
[  803.9s] IOs:    369463193  IOPS:   459568  Throughput:  1795.2 MB/s  Total: 1409.39 GB
[  804.3s] IOs:    369563492  IOPS:   459497  Throughput:  1794.9 MB/s  Total: 1409.77 GB
[  804.6s] IOs:    369663794  IOPS:   459458  Throughput:  1794.8 MB/s  Total: 1410.16 GB
[  804.7s] IOs:    369764372  IOPS:   459482  Throughput:  1794.9 MB/s  Total: 1410.54 GB
[  805.3s] IOs:    369864878  IOPS:   459310  Throughput:  1794.2 MB/s  Total: 1410.92 GB
[  805.5s] IOs:    369965884  IOPS:   459327  Throughput:  1794.2 MB/s  Total: 1411.31 GB
[  805.8s] IOs:    370065982  IOPS:   459235  Throughput:  1793.9 MB/s  Total: 1411.69 GB
[  806.0s] IOs:    370166524  IOPS:   459255  Throughput:  1794.0 MB/s  Total: 1412.07 GB
[  806.2s] IOs:    370267071  IOPS:   459259  Throughput:  1794.0 MB/s  Total: 1412.46 GB
[  806.6s] IOs:    370367389  IOPS:   459178  Throughput:  1793.7 MB/s  Total: 1412.84 GB
[  806.8s] IOs:    370467632  IOPS:   459199  Throughput:  1793.7 MB/s  Total: 1413.22 GB
[  807.1s] IOs:    370567889  IOPS:   459118  Throughput:  1793.4 MB/s  Total: 1413.60 GB
[  807.3s] IOs:    370668007  IOPS:   459130  Throughput:  1793.5 MB/s  Total: 1413.99 GB
[  807.6s] IOs:    370768521  IOPS:   459112  Throughput:  1793.4 MB/s  Total: 1414.37 GB
[  807.8s] IOs:    370869247  IOPS:   459132  Throughput:  1793.5 MB/s  Total: 1414.75 GB
[  807.9s] IOs:    370969742  IOPS:   459153  Throughput:  1793.6 MB/s  Total: 1415.14 GB
[  808.4s] IOs:    371069773  IOPS:   459001  Throughput:  1793.0 MB/s  Total: 1415.52 GB
[  808.6s] IOs:    371170128  IOPS:   459016  Throughput:  1793.0 MB/s  Total: 1415.90 GB
[  808.8s] IOs:    371270590  IOPS:   459035  Throughput:  1793.1 MB/s  Total: 1416.28 GB
[  809.2s] IOs:    371371137  IOPS:   458920  Throughput:  1792.7 MB/s  Total: 1416.67 GB
[  809.4s] IOs:    371472000  IOPS:   458943  Throughput:  1792.7 MB/s  Total: 1417.05 GB
[  809.8s] IOs:    371572466  IOPS:   458866  Throughput:  1792.4 MB/s  Total: 1417.44 GB
[  810.1s] IOs:    371672498  IOPS:   458808  Throughput:  1792.2 MB/s  Total: 1417.82 GB
[  810.3s] IOs:    371772553  IOPS:   458825  Throughput:  1792.3 MB/s  Total: 1418.20 GB
[  810.6s] IOs:    371873081  IOPS:   458758  Throughput:  1792.0 MB/s  Total: 1418.58 GB
[  810.8s] IOs:    371973815  IOPS:   458749  Throughput:  1792.0 MB/s  Total: 1418.97 GB
[  811.2s] IOs:    372074068  IOPS:   458686  Throughput:  1791.7 MB/s  Total: 1419.35 GB
[  811.4s] IOs:    372174457  IOPS:   458706  Throughput:  1791.8 MB/s  Total: 1419.73 GB
[  811.8s] IOs:    372274960  IOPS:   458561  Throughput:  1791.3 MB/s  Total: 1420.12 GB
[  812.0s] IOs:    372375717  IOPS:   458581  Throughput:  1791.3 MB/s  Total: 1420.50 GB
[  812.2s] IOs:    372476208  IOPS:   458581  Throughput:  1791.3 MB/s  Total: 1420.88 GB
[  812.4s] IOs:    372576694  IOPS:   458602  Throughput:  1791.4 MB/s  Total: 1421.27 GB
[  812.8s] IOs:    372677559  IOPS:   458528  Throughput:  1791.1 MB/s  Total: 1421.65 GB
[  813.0s] IOs:    372777657  IOPS:   458542  Throughput:  1791.2 MB/s  Total: 1422.03 GB
[  813.2s] IOs:    372878121  IOPS:   458514  Throughput:  1791.1 MB/s  Total: 1422.42 GB
[  813.4s] IOs:    372978885  IOPS:   458539  Throughput:  1791.2 MB/s  Total: 1422.80 GB
[  813.8s] IOs:    373079739  IOPS:   458453  Throughput:  1790.8 MB/s  Total: 1423.19 GB
[  814.0s] IOs:    373180448  IOPS:   458475  Throughput:  1790.9 MB/s  Total: 1423.57 GB
[  814.3s] IOs:    373280606  IOPS:   458379  Throughput:  1790.5 MB/s  Total: 1423.95 GB
[  814.5s] IOs:    373381380  IOPS:   458391  Throughput:  1790.6 MB/s  Total: 1424.34 GB
[  814.7s] IOs:    373481603  IOPS:   458417  Throughput:  1790.7 MB/s  Total: 1424.72 GB
[  814.9s] IOs:    373582139  IOPS:   458439  Throughput:  1790.8 MB/s  Total: 1425.10 GB
[  815.2s] IOs:    373682331  IOPS:   458387  Throughput:  1790.6 MB/s  Total: 1425.48 GB
[  815.4s] IOs:    373782444  IOPS:   458406  Throughput:  1790.6 MB/s  Total: 1425.87 GB
[  815.6s] IOs:    373882867  IOPS:   458394  Throughput:  1790.6 MB/s  Total: 1426.25 GB
[  815.8s] IOs:    373983438  IOPS:   458419  Throughput:  1790.7 MB/s  Total: 1426.63 GB
[  816.0s] IOs:    374084253  IOPS:   458446  Throughput:  1790.8 MB/s  Total: 1427.02 GB
[  816.5s] IOs:    374184923  IOPS:   458292  Throughput:  1790.2 MB/s  Total: 1427.40 GB
[  816.7s] IOs:    374285524  IOPS:   458309  Throughput:  1790.3 MB/s  Total: 1427.79 GB
[  816.9s] IOs:    374386293  IOPS:   458296  Throughput:  1790.2 MB/s  Total: 1428.17 GB
[  817.3s] IOs:    374486910  IOPS:   458216  Throughput:  1789.9 MB/s  Total: 1428.55 GB
[  817.7s] IOs:    374587323  IOPS:   458086  Throughput:  1789.4 MB/s  Total: 1428.94 GB
[  817.9s] IOs:    374688231  IOPS:   458090  Throughput:  1789.4 MB/s  Total: 1429.32 GB
[  818.2s] IOs:    374789016  IOPS:   458038  Throughput:  1789.2 MB/s  Total: 1429.71 GB
[  818.7s] IOs:    374889021  IOPS:   457887  Throughput:  1788.6 MB/s  Total: 1430.09 GB
[  818.9s] IOs:    374989374  IOPS:   457908  Throughput:  1788.7 MB/s  Total: 1430.47 GB
[  819.2s] IOs:    375089853  IOPS:   457880  Throughput:  1788.6 MB/s  Total: 1430.85 GB
[  819.4s] IOs:    375190277  IOPS:   457885  Throughput:  1788.6 MB/s  Total: 1431.24 GB
[  819.8s] IOs:    375290896  IOPS:   457796  Throughput:  1788.3 MB/s  Total: 1431.62 GB
[Reader] Parsed 60000000 lines, distributed 375340786 writes, unique 447.19 GB, skipped 0
[  820.0s] IOs:    375391667  IOPS:   457809  Throughput:  1788.3 MB/s  Total: 1432.01 GB
[  820.3s] IOs:    375492330  IOPS:   457728  Throughput:  1788.0 MB/s  Total: 1432.39 GB
[  820.5s] IOs:    375593235  IOPS:   457743  Throughput:  1788.1 MB/s  Total: 1432.77 GB
[  820.9s] IOs:    375694156  IOPS:   457650  Throughput:  1787.7 MB/s  Total: 1433.16 GB
[  821.1s] IOs:    375795094  IOPS:   457668  Throughput:  1787.8 MB/s  Total: 1433.54 GB
[  821.3s] IOs:    375895150  IOPS:   457667  Throughput:  1787.8 MB/s  Total: 1433.93 GB
[  821.6s] IOs:    375995760  IOPS:   457627  Throughput:  1787.6 MB/s  Total: 1434.31 GB
[  821.8s] IOs:    376096184  IOPS:   457643  Throughput:  1787.7 MB/s  Total: 1434.69 GB
[  822.2s] IOs:    376196798  IOPS:   457568  Throughput:  1787.4 MB/s  Total: 1435.08 GB
[  822.4s] IOs:    376297739  IOPS:   457582  Throughput:  1787.4 MB/s  Total: 1435.46 GB
[  822.7s] IOs:    376398746  IOPS:   457520  Throughput:  1787.2 MB/s  Total: 1435.85 GB
[  822.9s] IOs:    376499272  IOPS:   457537  Throughput:  1787.3 MB/s  Total: 1436.23 GB
[  823.2s] IOs:    376599546  IOPS:   457483  Throughput:  1787.0 MB/s  Total: 1436.61 GB
[  823.4s] IOs:    376699998  IOPS:   457495  Throughput:  1787.1 MB/s  Total: 1437.00 GB
[  823.6s] IOs:    376800968  IOPS:   457486  Throughput:  1787.1 MB/s  Total: 1437.38 GB
[  823.8s] IOs:    376901610  IOPS:   457505  Throughput:  1787.1 MB/s  Total: 1437.77 GB
[  824.1s] IOs:    377002243  IOPS:   457475  Throughput:  1787.0 MB/s  Total: 1438.15 GB
[  824.3s] IOs:    377102979  IOPS:   457465  Throughput:  1787.0 MB/s  Total: 1438.53 GB
[  824.5s] IOs:    377203766  IOPS:   457478  Throughput:  1787.0 MB/s  Total: 1438.92 GB
[  824.7s] IOs:    377304729  IOPS:   457495  Throughput:  1787.1 MB/s  Total: 1439.30 GB
[  824.9s] IOs:    377405586  IOPS:   457512  Throughput:  1787.2 MB/s  Total: 1439.69 GB
[  825.3s] IOs:    377506209  IOPS:   457441  Throughput:  1786.9 MB/s  Total: 1440.07 GB
[  825.4s] IOs:    377606959  IOPS:   457462  Throughput:  1787.0 MB/s  Total: 1440.46 GB
[  825.6s] IOs:    377707434  IOPS:   457486  Throughput:  1787.1 MB/s  Total: 1440.84 GB
[  825.8s] IOs:    377807470  IOPS:   457508  Throughput:  1787.1 MB/s  Total: 1441.22 GB
[  826.1s] IOs:    377908397  IOPS:   457453  Throughput:  1786.9 MB/s  Total: 1441.61 GB
[  826.3s] IOs:    378009263  IOPS:   457463  Throughput:  1787.0 MB/s  Total: 1441.99 GB
[  826.6s] IOs:    378109416  IOPS:   457431  Throughput:  1786.8 MB/s  Total: 1442.37 GB
[  826.8s] IOs:    378209729  IOPS:   457426  Throughput:  1786.8 MB/s  Total: 1442.76 GB
[  827.0s] IOs:    378310313  IOPS:   457449  Throughput:  1786.9 MB/s  Total: 1443.14 GB
[  827.4s] IOs:    378410500  IOPS:   457359  Throughput:  1786.6 MB/s  Total: 1443.52 GB
[  827.6s] IOs:    378510825  IOPS:   457366  Throughput:  1786.6 MB/s  Total: 1443.90 GB
[  827.8s] IOs:    378611045  IOPS:   457371  Throughput:  1786.6 MB/s  Total: 1444.29 GB
[  828.1s] IOs:    378711761  IOPS:   457322  Throughput:  1786.4 MB/s  Total: 1444.67 GB
[  828.3s] IOs:    378812483  IOPS:   457344  Throughput:  1786.5 MB/s  Total: 1445.05 GB
[  828.6s] IOs:    378913304  IOPS:   457287  Throughput:  1786.3 MB/s  Total: 1445.44 GB
[  828.8s] IOs:    379013568  IOPS:   457294  Throughput:  1786.3 MB/s  Total: 1445.82 GB
[  829.1s] IOs:    379114171  IOPS:   457263  Throughput:  1786.2 MB/s  Total: 1446.21 GB
[  829.3s] IOs:    379214565  IOPS:   457286  Throughput:  1786.3 MB/s  Total: 1446.59 GB
[  829.6s] IOs:    379315235  IOPS:   457228  Throughput:  1786.0 MB/s  Total: 1446.97 GB
[  829.8s] IOs:    379416121  IOPS:   457241  Throughput:  1786.1 MB/s  Total: 1447.36 GB
[  830.1s] IOs:    379516257  IOPS:   457193  Throughput:  1785.9 MB/s  Total: 1447.74 GB
[  830.3s] IOs:    379616578  IOPS:   457188  Throughput:  1785.9 MB/s  Total: 1448.12 GB
[  830.6s] IOs:    379716720  IOPS:   457168  Throughput:  1785.8 MB/s  Total: 1448.50 GB
[  830.8s] IOs:    379817642  IOPS:   457157  Throughput:  1785.8 MB/s  Total: 1448.89 GB
[  831.0s] IOs:    379918118  IOPS:   457172  Throughput:  1785.8 MB/s  Total: 1449.27 GB
[  831.2s] IOs:    380018595  IOPS:   457170  Throughput:  1785.8 MB/s  Total: 1449.66 GB
[  831.4s] IOs:    380119343  IOPS:   457194  Throughput:  1785.9 MB/s  Total: 1450.04 GB
[  831.7s] IOs:    380219890  IOPS:   457134  Throughput:  1785.7 MB/s  Total: 1450.42 GB
[  831.9s] IOs:    380320494  IOPS:   457161  Throughput:  1785.8 MB/s  Total: 1450.81 GB
[  832.1s] IOs:    380420833  IOPS:   457179  Throughput:  1785.9 MB/s  Total: 1451.19 GB
[  832.3s] IOs:    380521659  IOPS:   457203  Throughput:  1785.9 MB/s  Total: 1451.57 GB
[  832.5s] IOs:    380621839  IOPS:   457180  Throughput:  1785.9 MB/s  Total: 1451.96 GB
[  832.7s] IOs:    380722600  IOPS:   457200  Throughput:  1785.9 MB/s  Total: 1452.34 GB
[  832.9s] IOs:    380823256  IOPS:   457227  Throughput:  1786.0 MB/s  Total: 1452.73 GB
[  833.2s] IOs:    380923674  IOPS:   457173  Throughput:  1785.8 MB/s  Total: 1453.11 GB
[  833.4s] IOs:    381023753  IOPS:   457189  Throughput:  1785.9 MB/s  Total: 1453.49 GB
[  833.7s] IOs:    381123787  IOPS:   457127  Throughput:  1785.7 MB/s  Total: 1453.87 GB
[  833.9s] IOs:    381224300  IOPS:   457152  Throughput:  1785.8 MB/s  Total: 1454.26 GB
[  834.1s] IOs:    381325265  IOPS:   457170  Throughput:  1785.8 MB/s  Total: 1454.64 GB
[  834.3s] IOs:    381425634  IOPS:   457189  Throughput:  1785.9 MB/s  Total: 1455.02 GB
[  834.5s] IOs:    381525859  IOPS:   457217  Throughput:  1786.0 MB/s  Total: 1455.41 GB
[  834.7s] IOs:    381626857  IOPS:   457185  Throughput:  1785.9 MB/s  Total: 1455.79 GB
[  834.9s] IOs:    381727191  IOPS:   457189  Throughput:  1785.9 MB/s  Total: 1456.17 GB
[  835.1s] IOs:    381827846  IOPS:   457210  Throughput:  1786.0 MB/s  Total: 1456.56 GB
[  835.3s] IOs:    381928574  IOPS:   457233  Throughput:  1786.1 MB/s  Total: 1456.94 GB
[  835.5s] IOs:    382029112  IOPS:   457247  Throughput:  1786.1 MB/s  Total: 1457.33 GB
[  835.8s] IOs:    382129841  IOPS:   457227  Throughput:  1786.0 MB/s  Total: 1457.71 GB
[  836.1s] IOs:    382230192  IOPS:   457177  Throughput:  1785.8 MB/s  Total: 1458.09 GB
[  836.2s] IOs:    382330732  IOPS:   457205  Throughput:  1786.0 MB/s  Total: 1458.48 GB
[  836.4s] IOs:    382431232  IOPS:   457225  Throughput:  1786.0 MB/s  Total: 1458.86 GB
[  836.8s] IOs:    382531629  IOPS:   457157  Throughput:  1785.8 MB/s  Total: 1459.24 GB
[  836.9s] IOs:    382631739  IOPS:   457179  Throughput:  1785.9 MB/s  Total: 1459.62 GB
[  837.3s] IOs:    382732552  IOPS:   457087  Throughput:  1785.5 MB/s  Total: 1460.01 GB
[  837.5s] IOs:    382833208  IOPS:   457108  Throughput:  1785.6 MB/s  Total: 1460.39 GB
[  837.8s] IOs:    382933978  IOPS:   457090  Throughput:  1785.5 MB/s  Total: 1460.78 GB
[  837.9s] IOs:    383034416  IOPS:   457113  Throughput:  1785.6 MB/s  Total: 1461.16 GB
[  838.2s] IOs:    383134688  IOPS:   457079  Throughput:  1785.5 MB/s  Total: 1461.54 GB
[  838.4s] IOs:    383234739  IOPS:   457102  Throughput:  1785.6 MB/s  Total: 1461.92 GB
[  838.8s] IOs:    383335304  IOPS:   456981  Throughput:  1785.1 MB/s  Total: 1462.31 GB
[  839.0s] IOs:    383435690  IOPS:   457005  Throughput:  1785.2 MB/s  Total: 1462.69 GB
[  839.2s] IOs:    383536100  IOPS:   457028  Throughput:  1785.3 MB/s  Total: 1463.07 GB
[  839.4s] IOs:    383636797  IOPS:   457049  Throughput:  1785.3 MB/s  Total: 1463.46 GB
[  839.9s] IOs:    383737197  IOPS:   456903  Throughput:  1784.8 MB/s  Total: 1463.84 GB
[  840.1s] IOs:    383837406  IOPS:   456898  Throughput:  1784.8 MB/s  Total: 1464.22 GB
[  840.3s] IOs:    383937772  IOPS:   456922  Throughput:  1784.9 MB/s  Total: 1464.61 GB
[  840.8s] IOs:    384038262  IOPS:   456764  Throughput:  1784.2 MB/s  Total: 1464.99 GB
[  841.0s] IOs:    384139192  IOPS:   456777  Throughput:  1784.3 MB/s  Total: 1465.37 GB
[  841.2s] IOs:    384239278  IOPS:   456786  Throughput:  1784.3 MB/s  Total: 1465.76 GB
[  841.4s] IOs:    384339294  IOPS:   456807  Throughput:  1784.4 MB/s  Total: 1466.14 GB
[  841.9s] IOs:    384439740  IOPS:   456627  Throughput:  1783.7 MB/s  Total: 1466.52 GB
[  842.1s] IOs:    384540381  IOPS:   456650  Throughput:  1783.8 MB/s  Total: 1466.91 GB
[  842.3s] IOs:    384640429  IOPS:   456668  Throughput:  1783.9 MB/s  Total: 1467.29 GB
[  842.7s] IOs:    384740987  IOPS:   456551  Throughput:  1783.4 MB/s  Total: 1467.67 GB
[  842.9s] IOs:    384841724  IOPS:   456566  Throughput:  1783.5 MB/s  Total: 1468.05 GB
[  843.2s] IOs:    384942444  IOPS:   456509  Throughput:  1783.2 MB/s  Total: 1468.44 GB
[  843.4s] IOs:    385043324  IOPS:   456530  Throughput:  1783.3 MB/s  Total: 1468.82 GB
[  843.8s] IOs:    385143877  IOPS:   456421  Throughput:  1782.9 MB/s  Total: 1469.21 GB
[  844.1s] IOs:    385244574  IOPS:   456402  Throughput:  1782.8 MB/s  Total: 1469.59 GB
[  844.5s] IOs:    385345153  IOPS:   456299  Throughput:  1782.4 MB/s  Total: 1469.98 GB
[  844.7s] IOs:    385446040  IOPS:   456304  Throughput:  1782.4 MB/s  Total: 1470.36 GB
[  845.3s] IOs:    385546840  IOPS:   456132  Throughput:  1781.8 MB/s  Total: 1470.74 GB
[  845.4s] IOs:    385647380  IOPS:   456145  Throughput:  1781.8 MB/s  Total: 1471.13 GB
[  845.9s] IOs:    385748121  IOPS:   456015  Throughput:  1781.3 MB/s  Total: 1471.51 GB
[  846.1s] IOs:    385848650  IOPS:   456010  Throughput:  1781.3 MB/s  Total: 1471.90 GB
[  846.3s] IOs:    385949448  IOPS:   456039  Throughput:  1781.4 MB/s  Total: 1472.28 GB
[  846.8s] IOs:    386050186  IOPS:   455898  Throughput:  1780.9 MB/s  Total: 1472.66 GB
[  847.0s] IOs:    386150297  IOPS:   455922  Throughput:  1780.9 MB/s  Total: 1473.05 GB
[  847.3s] IOs:    386251023  IOPS:   455855  Throughput:  1780.7 MB/s  Total: 1473.43 GB
[  847.6s] IOs:    386351226  IOPS:   455810  Throughput:  1780.5 MB/s  Total: 1473.81 GB
[  847.8s] IOs:    386451516  IOPS:   455821  Throughput:  1780.5 MB/s  Total: 1474.20 GB
[  848.2s] IOs:    386552031  IOPS:   455716  Throughput:  1780.1 MB/s  Total: 1474.58 GB
[  848.4s] IOs:    386652228  IOPS:   455739  Throughput:  1780.2 MB/s  Total: 1474.96 GB
[  848.7s] IOs:    386753020  IOPS:   455721  Throughput:  1780.2 MB/s  Total: 1475.35 GB
[  848.8s] IOs:    386853528  IOPS:   455741  Throughput:  1780.2 MB/s  Total: 1475.73 GB
[  849.2s] IOs:    386954147  IOPS:   455674  Throughput:  1780.0 MB/s  Total: 1476.11 GB
[  849.4s] IOs:    387055023  IOPS:   455688  Throughput:  1780.0 MB/s  Total: 1476.50 GB
[  849.7s] IOs:    387155524  IOPS:   455624  Throughput:  1779.8 MB/s  Total: 1476.88 GB
[  849.9s] IOs:    387256228  IOPS:   455644  Throughput:  1779.9 MB/s  Total: 1477.27 GB
[  850.3s] IOs:    387356887  IOPS:   455579  Throughput:  1779.6 MB/s  Total: 1477.65 GB
[Reader] Parsed 61000000 lines, distributed 387455884 writes, unique 469.38 GB, skipped 0
[  850.4s] IOs:    387457722  IOPS:   455597  Throughput:  1779.7 MB/s  Total: 1478.03 GB
[  850.8s] IOs:    387558444  IOPS:   455546  Throughput:  1779.5 MB/s  Total: 1478.42 GB
[  850.9s] IOs:    387659152  IOPS:   455571  Throughput:  1779.6 MB/s  Total: 1478.80 GB
[  851.3s] IOs:    387759802  IOPS:   455500  Throughput:  1779.3 MB/s  Total: 1479.19 GB
[  851.5s] IOs:    387860178  IOPS:   455522  Throughput:  1779.4 MB/s  Total: 1479.57 GB
[  851.7s] IOs:    387960838  IOPS:   455492  Throughput:  1779.3 MB/s  Total: 1479.95 GB
[  851.9s] IOs:    388060891  IOPS:   455498  Throughput:  1779.3 MB/s  Total: 1480.33 GB
[  852.4s] IOs:    388160986  IOPS:   455356  Throughput:  1778.7 MB/s  Total: 1480.72 GB
[  852.6s] IOs:    388261759  IOPS:   455376  Throughput:  1778.8 MB/s  Total: 1481.10 GB
[  852.8s] IOs:    388362526  IOPS:   455392  Throughput:  1778.9 MB/s  Total: 1481.49 GB
[  853.0s] IOs:    388463254  IOPS:   455406  Throughput:  1778.9 MB/s  Total: 1481.87 GB
[  853.3s] IOs:    388564247  IOPS:   455349  Throughput:  1778.7 MB/s  Total: 1482.25 GB
[  853.5s] IOs:    388664610  IOPS:   455371  Throughput:  1778.8 MB/s  Total: 1482.64 GB
[  853.8s] IOs:    388765237  IOPS:   455358  Throughput:  1778.7 MB/s  Total: 1483.02 GB
[  853.9s] IOs:    388865932  IOPS:   455379  Throughput:  1778.8 MB/s  Total: 1483.41 GB
[  854.2s] IOs:    388966588  IOPS:   455342  Throughput:  1778.7 MB/s  Total: 1483.79 GB
[  854.4s] IOs:    389067396  IOPS:   455352  Throughput:  1778.7 MB/s  Total: 1484.17 GB
[  854.7s] IOs:    389168040  IOPS:   455340  Throughput:  1778.7 MB/s  Total: 1484.56 GB
[  855.0s] IOs:    389268557  IOPS:   455299  Throughput:  1778.5 MB/s  Total: 1484.94 GB
[  855.2s] IOs:    389369172  IOPS:   455315  Throughput:  1778.6 MB/s  Total: 1485.33 GB
[  855.3s] IOs:    389469630  IOPS:   455334  Throughput:  1778.7 MB/s  Total: 1485.71 GB
[  855.5s] IOs:    389570236  IOPS:   455356  Throughput:  1778.7 MB/s  Total: 1486.09 GB
[  855.9s] IOs:    389670990  IOPS:   455287  Throughput:  1778.5 MB/s  Total: 1486.48 GB
[  856.1s] IOs:    389771814  IOPS:   455305  Throughput:  1778.5 MB/s  Total: 1486.86 GB
[  856.3s] IOs:    389872553  IOPS:   455304  Throughput:  1778.5 MB/s  Total: 1487.25 GB
[  856.5s] IOs:    389973203  IOPS:   455328  Throughput:  1778.6 MB/s  Total: 1487.63 GB
[  856.7s] IOs:    390073843  IOPS:   455306  Throughput:  1778.5 MB/s  Total: 1488.01 GB
[  856.9s] IOs:    390174625  IOPS:   455330  Throughput:  1778.6 MB/s  Total: 1488.40 GB
[  857.1s] IOs:    390275361  IOPS:   455319  Throughput:  1778.6 MB/s  Total: 1488.78 GB
[  857.7s] IOs:    390376256  IOPS:   455124  Throughput:  1777.8 MB/s  Total: 1489.17 GB
[  858.4s] IOs:    390476384  IOPS:   454908  Throughput:  1777.0 MB/s  Total: 1489.55 GB
[  858.9s] IOs:    390577203  IOPS:   454766  Throughput:  1776.4 MB/s  Total: 1489.93 GB
[  859.4s] IOs:    390677687  IOPS:   454610  Throughput:  1775.8 MB/s  Total: 1490.32 GB
[  859.9s] IOs:    390778481  IOPS:   454471  Throughput:  1775.3 MB/s  Total: 1490.70 GB
[  860.4s] IOs:    390879140  IOPS:   454323  Throughput:  1774.7 MB/s  Total: 1491.09 GB
[  860.9s] IOs:    390979974  IOPS:   454170  Throughput:  1774.1 MB/s  Total: 1491.47 GB
[  861.4s] IOs:    391080883  IOPS:   453995  Throughput:  1773.4 MB/s  Total: 1491.86 GB
[  862.0s] IOs:    391181270  IOPS:   453810  Throughput:  1772.7 MB/s  Total: 1492.24 GB
[  862.2s] IOs:    391281801  IOPS:   453799  Throughput:  1772.7 MB/s  Total: 1492.62 GB
[  862.8s] IOs:    391382546  IOPS:   453626  Throughput:  1772.0 MB/s  Total: 1493.01 GB
[  863.2s] IOs:    391483360  IOPS:   453522  Throughput:  1771.6 MB/s  Total: 1493.39 GB
[  863.4s] IOs:    391583885  IOPS:   453529  Throughput:  1771.6 MB/s  Total: 1493.77 GB
[  863.9s] IOs:    391684550  IOPS:   453391  Throughput:  1771.1 MB/s  Total: 1494.16 GB
[  864.6s] IOs:    391785387  IOPS:   453148  Throughput:  1770.1 MB/s  Total: 1494.54 GB
[  864.9s] IOs:    391885848  IOPS:   453125  Throughput:  1770.0 MB/s  Total: 1494.93 GB
[  865.4s] IOs:    391986411  IOPS:   452937  Throughput:  1769.3 MB/s  Total: 1495.31 GB
[  865.9s] IOs:    392087188  IOPS:   452812  Throughput:  1768.8 MB/s  Total: 1495.69 GB
[  866.6s] IOs:    392187588  IOPS:   452573  Throughput:  1767.9 MB/s  Total: 1496.08 GB
[  866.8s] IOs:    392288399  IOPS:   452554  Throughput:  1767.8 MB/s  Total: 1496.46 GB
[  867.4s] IOs:    392389352  IOPS:   452357  Throughput:  1767.0 MB/s  Total: 1496.85 GB
[  867.7s] IOs:    392489591  IOPS:   452327  Throughput:  1766.9 MB/s  Total: 1497.23 GB
[  867.9s] IOs:    392589884  IOPS:   452320  Throughput:  1766.9 MB/s  Total: 1497.61 GB
[  868.2s] IOs:    392690052  IOPS:   452311  Throughput:  1766.8 MB/s  Total: 1497.99 GB
[  868.4s] IOs:    392790683  IOPS:   452305  Throughput:  1766.8 MB/s  Total: 1498.38 GB
[  868.7s] IOs:    392890886  IOPS:   452290  Throughput:  1766.8 MB/s  Total: 1498.76 GB
[  869.0s] IOs:    392991110  IOPS:   452257  Throughput:  1766.6 MB/s  Total: 1499.14 GB
[  869.2s] IOs:    393091528  IOPS:   452232  Throughput:  1766.5 MB/s  Total: 1499.53 GB
[  869.5s] IOs:    393191717  IOPS:   452216  Throughput:  1766.5 MB/s  Total: 1499.91 GB
[  869.8s] IOs:    393292480  IOPS:   452180  Throughput:  1766.3 MB/s  Total: 1500.29 GB
[  870.0s] IOs:    393393015  IOPS:   452152  Throughput:  1766.2 MB/s  Total: 1500.68 GB
[  870.4s] IOs:    393493863  IOPS:   452074  Throughput:  1765.9 MB/s  Total: 1501.06 GB
[  870.7s] IOs:    393594613  IOPS:   452038  Throughput:  1765.8 MB/s  Total: 1501.44 GB
[  871.0s] IOs:    393695246  IOPS:   452029  Throughput:  1765.7 MB/s  Total: 1501.83 GB
[  871.2s] IOs:    393795844  IOPS:   451999  Throughput:  1765.6 MB/s  Total: 1502.21 GB
[  871.5s] IOs:    393896479  IOPS:   451974  Throughput:  1765.5 MB/s  Total: 1502.60 GB
[  871.8s] IOs:    393997430  IOPS:   451949  Throughput:  1765.4 MB/s  Total: 1502.98 GB
[  872.1s] IOs:    394098047  IOPS:   451898  Throughput:  1765.2 MB/s  Total: 1503.36 GB
[  872.5s] IOs:    394198488  IOPS:   451811  Throughput:  1764.9 MB/s  Total: 1503.75 GB
[  872.8s] IOs:    394298661  IOPS:   451771  Throughput:  1764.7 MB/s  Total: 1504.13 GB
[  873.1s] IOs:    394399351  IOPS:   451731  Throughput:  1764.6 MB/s  Total: 1504.51 GB
[  873.4s] IOs:    394499993  IOPS:   451670  Throughput:  1764.3 MB/s  Total: 1504.90 GB
[  873.7s] IOs:    394600514  IOPS:   451641  Throughput:  1764.2 MB/s  Total: 1505.28 GB
[  874.1s] IOs:    394701440  IOPS:   451573  Throughput:  1764.0 MB/s  Total: 1505.67 GB
[  874.4s] IOs:    394801940  IOPS:   451522  Throughput:  1763.8 MB/s  Total: 1506.05 GB
[  874.7s] IOs:    394902536  IOPS:   451481  Throughput:  1763.6 MB/s  Total: 1506.43 GB
[  875.0s] IOs:    395003207  IOPS:   451447  Throughput:  1763.5 MB/s  Total: 1506.82 GB
[  875.6s] IOs:    395103734  IOPS:   451262  Throughput:  1762.7 MB/s  Total: 1507.20 GB
[  876.0s] IOs:    395204298  IOPS:   451147  Throughput:  1762.3 MB/s  Total: 1507.58 GB
[  876.7s] IOs:    395304811  IOPS:   450891  Throughput:  1761.3 MB/s  Total: 1507.97 GB
[  877.2s] IOs:    395405362  IOPS:   450779  Throughput:  1760.9 MB/s  Total: 1508.35 GB
[  877.7s] IOs:    395505686  IOPS:   450606  Throughput:  1760.2 MB/s  Total: 1508.73 GB
[  878.0s] IOs:    395605965  IOPS:   450597  Throughput:  1760.1 MB/s  Total: 1509.12 GB
[  878.2s] IOs:    395706003  IOPS:   450571  Throughput:  1760.0 MB/s  Total: 1509.50 GB
[  878.6s] IOs:    395806099  IOPS:   450476  Throughput:  1759.7 MB/s  Total: 1509.88 GB
[  879.0s] IOs:    395906247  IOPS:   450400  Throughput:  1759.4 MB/s  Total: 1510.26 GB
[  879.3s] IOs:    396006305  IOPS:   450386  Throughput:  1759.3 MB/s  Total: 1510.64 GB
[  879.5s] IOs:    396106370  IOPS:   450371  Throughput:  1759.3 MB/s  Total: 1511.03 GB
[  879.8s] IOs:    396206391  IOPS:   450350  Throughput:  1759.2 MB/s  Total: 1511.41 GB
[  880.2s] IOs:    396306637  IOPS:   450229  Throughput:  1758.7 MB/s  Total: 1511.79 GB
[  880.6s] IOs:    396407526  IOPS:   450144  Throughput:  1758.4 MB/s  Total: 1512.17 GB
[  880.9s] IOs:    396508145  IOPS:   450114  Throughput:  1758.3 MB/s  Total: 1512.56 GB
[  881.4s] IOs:    396609048  IOPS:   449954  Throughput:  1757.6 MB/s  Total: 1512.94 GB
[  881.9s] IOs:    396709309  IOPS:   449857  Throughput:  1757.3 MB/s  Total: 1513.33 GB
[  882.1s] IOs:    396809639  IOPS:   449827  Throughput:  1757.1 MB/s  Total: 1513.71 GB
[  882.5s] IOs:    396910172  IOPS:   449753  Throughput:  1756.8 MB/s  Total: 1514.09 GB
[  883.1s] IOs:    397011092  IOPS:   449569  Throughput:  1756.1 MB/s  Total: 1514.48 GB
[  883.3s] IOs:    397111241  IOPS:   449553  Throughput:  1756.1 MB/s  Total: 1514.86 GB
[  883.6s] IOs:    397212022  IOPS:   449543  Throughput:  1756.0 MB/s  Total: 1515.24 GB
[  884.1s] IOs:    397312719  IOPS:   449416  Throughput:  1755.5 MB/s  Total: 1515.63 GB
[  884.5s] IOs:    397412995  IOPS:   449311  Throughput:  1755.1 MB/s  Total: 1516.01 GB
[  884.8s] IOs:    397513947  IOPS:   449276  Throughput:  1755.0 MB/s  Total: 1516.40 GB
[  885.1s] IOs:    397614587  IOPS:   449252  Throughput:  1754.9 MB/s  Total: 1516.78 GB
[  885.4s] IOs:    397714903  IOPS:   449187  Throughput:  1754.6 MB/s  Total: 1517.16 GB
[  885.6s] IOs:    397815574  IOPS:   449190  Throughput:  1754.7 MB/s  Total: 1517.55 GB
[  886.2s] IOs:    397916383  IOPS:   449024  Throughput:  1754.0 MB/s  Total: 1517.93 GB
[  886.4s] IOs:    398016889  IOPS:   449013  Throughput:  1754.0 MB/s  Total: 1518.31 GB
[Reader] Parsed 62000000 lines, distributed 398087020 writes, unique 485.94 GB, skipped 0
[  887.1s] IOs:    398116891  IOPS:   448810  Throughput:  1753.2 MB/s  Total: 1518.70 GB
[  887.4s] IOs:    398217539  IOPS:   448749  Throughput:  1752.9 MB/s  Total: 1519.08 GB
[  887.9s] IOs:    398318118  IOPS:   448604  Throughput:  1752.4 MB/s  Total: 1519.46 GB
[  888.1s] IOs:    398418449  IOPS:   448607  Throughput:  1752.4 MB/s  Total: 1519.85 GB
[  888.6s] IOs:    398519342  IOPS:   448489  Throughput:  1751.9 MB/s  Total: 1520.23 GB
[  889.0s] IOs:    398620161  IOPS:   448407  Throughput:  1751.6 MB/s  Total: 1520.62 GB
[  889.4s] IOs:    398720803  IOPS:   448283  Throughput:  1751.1 MB/s  Total: 1521.00 GB
[  889.7s] IOs:    398821170  IOPS:   448260  Throughput:  1751.0 MB/s  Total: 1521.38 GB
[  890.0s] IOs:    398921768  IOPS:   448232  Throughput:  1750.9 MB/s  Total: 1521.77 GB
[  890.4s] IOs:    399021959  IOPS:   448153  Throughput:  1750.6 MB/s  Total: 1522.15 GB
[  890.6s] IOs:    399122708  IOPS:   448150  Throughput:  1750.6 MB/s  Total: 1522.53 GB
[  891.0s] IOs:    399223481  IOPS:   448082  Throughput:  1750.3 MB/s  Total: 1522.92 GB
[  891.3s] IOs:    399324468  IOPS:   448017  Throughput:  1750.1 MB/s  Total: 1523.30 GB
[  891.6s] IOs:    399424817  IOPS:   448008  Throughput:  1750.0 MB/s  Total: 1523.68 GB
[  891.9s] IOs:    399525193  IOPS:   447936  Throughput:  1749.8 MB/s  Total: 1524.07 GB
[  892.2s] IOs:    399626016  IOPS:   447916  Throughput:  1749.7 MB/s  Total: 1524.45 GB
[  892.5s] IOs:    399726577  IOPS:   447876  Throughput:  1749.5 MB/s  Total: 1524.84 GB
[  892.9s] IOs:    399827004  IOPS:   447810  Throughput:  1749.3 MB/s  Total: 1525.22 GB
[  893.2s] IOs:    399927472  IOPS:   447766  Throughput:  1749.1 MB/s  Total: 1525.60 GB
[  893.6s] IOs:    400028074  IOPS:   447651  Throughput:  1748.6 MB/s  Total: 1525.99 GB
[  893.9s] IOs:    400128619  IOPS:   447645  Throughput:  1748.6 MB/s  Total: 1526.37 GB
[  894.1s] IOs:    400229251  IOPS:   447625  Throughput:  1748.5 MB/s  Total: 1526.75 GB
[  894.5s] IOs:    400330035  IOPS:   447567  Throughput:  1748.3 MB/s  Total: 1527.14 GB
[  894.8s] IOs:    400430589  IOPS:   447502  Throughput:  1748.1 MB/s  Total: 1527.52 GB
[  895.0s] IOs:    400531193  IOPS:   447509  Throughput:  1748.1 MB/s  Total: 1527.91 GB
[  895.4s] IOs:    400631858  IOPS:   447446  Throughput:  1747.8 MB/s  Total: 1528.29 GB
[  895.7s] IOs:    400732599  IOPS:   447413  Throughput:  1747.7 MB/s  Total: 1528.67 GB
[  895.9s] IOs:    400833353  IOPS:   447399  Throughput:  1747.7 MB/s  Total: 1529.06 GB
[  896.2s] IOs:    400933912  IOPS:   447393  Throughput:  1747.6 MB/s  Total: 1529.44 GB
[  896.4s] IOs:    401034503  IOPS:   447361  Throughput:  1747.5 MB/s  Total: 1529.83 GB
[  896.8s] IOs:    401135488  IOPS:   447293  Throughput:  1747.2 MB/s  Total: 1530.21 GB
[  897.1s] IOs:    401236346  IOPS:   447264  Throughput:  1747.1 MB/s  Total: 1530.60 GB
[  897.4s] IOs:    401336717  IOPS:   447214  Throughput:  1746.9 MB/s  Total: 1530.98 GB
[  897.7s] IOs:    401437423  IOPS:   447187  Throughput:  1746.8 MB/s  Total: 1531.36 GB
[  898.1s] IOs:    401538273  IOPS:   447083  Throughput:  1746.4 MB/s  Total: 1531.75 GB
[  898.5s] IOs:    401639089  IOPS:   447026  Throughput:  1746.2 MB/s  Total: 1532.13 GB
[  898.7s] IOs:    401739606  IOPS:   446998  Throughput:  1746.1 MB/s  Total: 1532.51 GB
[  899.1s] IOs:    401840335  IOPS:   446942  Throughput:  1745.9 MB/s  Total: 1532.90 GB
[  899.7s] IOs:    401940643  IOPS:   446744  Throughput:  1745.1 MB/s  Total: 1533.28 GB
[  900.1s] IOs:    402041251  IOPS:   446654  Throughput:  1744.7 MB/s  Total: 1533.67 GB
[  900.9s] IOs:    402141811  IOPS:   446376  Throughput:  1743.7 MB/s  Total: 1534.05 GB
[  901.5s] IOs:    402242340  IOPS:   446176  Throughput:  1742.9 MB/s  Total: 1534.43 GB
[  902.4s] IOs:    402343256  IOPS:   445863  Throughput:  1741.7 MB/s  Total: 1534.82 GB
[  903.1s] IOs:    402443897  IOPS:   445623  Throughput:  1740.7 MB/s  Total: 1535.20 GB
[  903.6s] IOs:    402544388  IOPS:   445475  Throughput:  1740.1 MB/s  Total: 1535.58 GB
[  904.3s] IOs:    402644951  IOPS:   445259  Throughput:  1739.3 MB/s  Total: 1535.97 GB
[  904.9s] IOs:    402745654  IOPS:   445088  Throughput:  1738.6 MB/s  Total: 1536.35 GB
[  905.6s] IOs:    402846275  IOPS:   444862  Throughput:  1737.7 MB/s  Total: 1536.74 GB
[  906.3s] IOs:    402946953  IOPS:   444621  Throughput:  1736.8 MB/s  Total: 1537.12 GB
[  906.7s] IOs:    403046976  IOPS:   444497  Throughput:  1736.3 MB/s  Total: 1537.50 GB
[  907.1s] IOs:    403147110  IOPS:   444454  Throughput:  1736.1 MB/s  Total: 1537.88 GB
[  907.5s] IOs:    403247932  IOPS:   444327  Throughput:  1735.7 MB/s  Total: 1538.27 GB
[  907.9s] IOs:    403348909  IOPS:   444255  Throughput:  1735.4 MB/s  Total: 1538.65 GB
[  908.4s] IOs:    403449864  IOPS:   444131  Throughput:  1734.9 MB/s  Total: 1539.04 GB
[  908.7s] IOs:    403550162  IOPS:   444102  Throughput:  1734.8 MB/s  Total: 1539.42 GB
[  909.1s] IOs:    403650269  IOPS:   444013  Throughput:  1734.4 MB/s  Total: 1539.80 GB
[  909.5s] IOs:    403750385  IOPS:   443929  Throughput:  1734.1 MB/s  Total: 1540.19 GB
[  909.9s] IOs:    403850394  IOPS:   443831  Throughput:  1733.7 MB/s  Total: 1540.57 GB
[  910.3s] IOs:    403951162  IOPS:   443737  Throughput:  1733.3 MB/s  Total: 1540.95 GB
[  910.7s] IOs:    404051193  IOPS:   443681  Throughput:  1733.1 MB/s  Total: 1541.33 GB
[  911.1s] IOs:    404151307  IOPS:   443600  Throughput:  1732.8 MB/s  Total: 1541.71 GB
[  911.6s] IOs:    404252005  IOPS:   443440  Throughput:  1732.2 MB/s  Total: 1542.10 GB
[  912.1s] IOs:    404352429  IOPS:   443329  Throughput:  1731.8 MB/s  Total: 1542.48 GB
[  912.7s] IOs:    404453130  IOPS:   443146  Throughput:  1731.0 MB/s  Total: 1542.87 GB
[  913.7s] IOs:    404553689  IOPS:   442743  Throughput:  1729.5 MB/s  Total: 1543.25 GB
[  914.1s] IOs:    404654473  IOPS:   442686  Throughput:  1729.2 MB/s  Total: 1543.63 GB
[  914.4s] IOs:    404755402  IOPS:   442641  Throughput:  1729.1 MB/s  Total: 1544.02 GB
[  914.7s] IOs:    404855807  IOPS:   442597  Throughput:  1728.9 MB/s  Total: 1544.40 GB
[  915.1s] IOs:    404955928  IOPS:   442544  Throughput:  1728.7 MB/s  Total: 1544.78 GB
[  915.3s] IOs:    405056376  IOPS:   442532  Throughput:  1728.6 MB/s  Total: 1545.17 GB
[  915.6s] IOs:    405156495  IOPS:   442491  Throughput:  1728.5 MB/s  Total: 1545.55 GB
[  916.0s] IOs:    405256755  IOPS:   442410  Throughput:  1728.2 MB/s  Total: 1545.93 GB
[  916.5s] IOs:    405356926  IOPS:   442294  Throughput:  1727.7 MB/s  Total: 1546.31 GB
[  916.8s] IOs:    405457807  IOPS:   442251  Throughput:  1727.5 MB/s  Total: 1546.70 GB
[  917.2s] IOs:    405558239  IOPS:   442186  Throughput:  1727.3 MB/s  Total: 1547.08 GB
[  917.4s] IOs:    405658486  IOPS:   442182  Throughput:  1727.3 MB/s  Total: 1547.46 GB
[  917.6s] IOs:    405758949  IOPS:   442175  Throughput:  1727.2 MB/s  Total: 1547.85 GB
[  918.0s] IOs:    405859968  IOPS:   442132  Throughput:  1727.1 MB/s  Total: 1548.23 GB
[  918.2s] IOs:    405960721  IOPS:   442127  Throughput:  1727.1 MB/s  Total: 1548.62 GB
[  918.6s] IOs:    406061412  IOPS:   442049  Throughput:  1726.8 MB/s  Total: 1549.00 GB
[  918.8s] IOs:    406162245  IOPS:   442048  Throughput:  1726.7 MB/s  Total: 1549.39 GB
[  919.1s] IOs:    406263188  IOPS:   442013  Throughput:  1726.6 MB/s  Total: 1549.77 GB
[  919.4s] IOs:    406364187  IOPS:   441979  Throughput:  1726.5 MB/s  Total: 1550.16 GB
[  919.7s] IOs:    406464800  IOPS:   441962  Throughput:  1726.4 MB/s  Total: 1550.54 GB
[  919.9s] IOs:    406565380  IOPS:   441948  Throughput:  1726.4 MB/s  Total: 1550.92 GB
[  920.4s] IOs:    406666272  IOPS:   441851  Throughput:  1726.0 MB/s  Total: 1551.31 GB
[  920.7s] IOs:    406766431  IOPS:   441823  Throughput:  1725.9 MB/s  Total: 1551.69 GB
[  921.0s] IOs:    406866702  IOPS:   441773  Throughput:  1725.7 MB/s  Total: 1552.07 GB
[  921.2s] IOs:    406966978  IOPS:   441757  Throughput:  1725.6 MB/s  Total: 1552.46 GB
[  921.5s] IOs:    407067513  IOPS:   441739  Throughput:  1725.5 MB/s  Total: 1552.84 GB
[  921.7s] IOs:    407168055  IOPS:   441736  Throughput:  1725.5 MB/s  Total: 1553.22 GB
[  922.0s] IOs:    407268289  IOPS:   441725  Throughput:  1725.5 MB/s  Total: 1553.61 GB
[  922.4s] IOs:    407369321  IOPS:   441663  Throughput:  1725.2 MB/s  Total: 1553.99 GB
[  922.6s] IOs:    407469998  IOPS:   441654  Throughput:  1725.2 MB/s  Total: 1554.37 GB
[  923.1s] IOs:    407570533  IOPS:   441544  Throughput:  1724.8 MB/s  Total: 1554.76 GB
[  923.3s] IOs:    407670896  IOPS:   441543  Throughput:  1724.8 MB/s  Total: 1555.14 GB
[  923.6s] IOs:    407771692  IOPS:   441493  Throughput:  1724.6 MB/s  Total: 1555.53 GB
[  924.0s] IOs:    407872499  IOPS:   441419  Throughput:  1724.3 MB/s  Total: 1555.91 GB
[  924.5s] IOs:    407973290  IOPS:   441307  Throughput:  1723.9 MB/s  Total: 1556.29 GB
[  924.9s] IOs:    408073775  IOPS:   441202  Throughput:  1723.4 MB/s  Total: 1556.68 GB
[  925.3s] IOs:    408174255  IOPS:   441137  Throughput:  1723.2 MB/s  Total: 1557.06 GB
[  925.7s] IOs:    408275035  IOPS:   441042  Throughput:  1722.8 MB/s  Total: 1557.45 GB
[Reader] Parsed 63000000 lines, distributed 408305133 writes, unique 501.40 GB, skipped 0
[  926.0s] IOs:    408375771  IOPS:   440990  Throughput:  1722.6 MB/s  Total: 1557.83 GB
[  926.4s] IOs:    408476387  IOPS:   440924  Throughput:  1722.4 MB/s  Total: 1558.21 GB
[  926.7s] IOs:    408577158  IOPS:   440913  Throughput:  1722.3 MB/s  Total: 1558.60 GB
[  927.4s] IOs:    408678136  IOPS:   440647  Throughput:  1721.3 MB/s  Total: 1558.98 GB
[  927.7s] IOs:    408778267  IOPS:   440629  Throughput:  1721.2 MB/s  Total: 1559.37 GB
[  928.0s] IOs:    408878540  IOPS:   440584  Throughput:  1721.0 MB/s  Total: 1559.75 GB
[  928.4s] IOs:    408979243  IOPS:   440514  Throughput:  1720.8 MB/s  Total: 1560.13 GB
[  928.7s] IOs:    409079667  IOPS:   440498  Throughput:  1720.7 MB/s  Total: 1560.52 GB
[  928.9s] IOs:    409180548  IOPS:   440485  Throughput:  1720.6 MB/s  Total: 1560.90 GB
[  929.4s] IOs:    409281109  IOPS:   440369  Throughput:  1720.2 MB/s  Total: 1561.28 GB
[  929.7s] IOs:    409381408  IOPS:   440344  Throughput:  1720.1 MB/s  Total: 1561.67 GB
[  929.9s] IOs:    409481854  IOPS:   440341  Throughput:  1720.1 MB/s  Total: 1562.05 GB
[  930.4s] IOs:    409582314  IOPS:   440232  Throughput:  1719.7 MB/s  Total: 1562.43 GB
[  930.7s] IOs:    409682854  IOPS:   440172  Throughput:  1719.4 MB/s  Total: 1562.82 GB
[  931.0s] IOs:    409783556  IOPS:   440172  Throughput:  1719.4 MB/s  Total: 1563.20 GB
[  931.4s] IOs:    409884125  IOPS:   440091  Throughput:  1719.1 MB/s  Total: 1563.58 GB
[  931.7s] IOs:    409984542  IOPS:   440040  Throughput:  1718.9 MB/s  Total: 1563.97 GB
[  932.1s] IOs:    410085251  IOPS:   439971  Throughput:  1718.6 MB/s  Total: 1564.35 GB
[  932.4s] IOs:    410185926  IOPS:   439926  Throughput:  1718.5 MB/s  Total: 1564.74 GB
[  933.0s] IOs:    410286491  IOPS:   439739  Throughput:  1717.7 MB/s  Total: 1565.12 GB
[  933.3s] IOs:    410387194  IOPS:   439693  Throughput:  1717.6 MB/s  Total: 1565.50 GB
[  933.9s] IOs:    410487904  IOPS:   439543  Throughput:  1717.0 MB/s  Total: 1565.89 GB
[  934.4s] IOs:    410588580  IOPS:   439400  Throughput:  1716.4 MB/s  Total: 1566.27 GB
[  934.8s] IOs:    410689158  IOPS:   439348  Throughput:  1716.2 MB/s  Total: 1566.65 GB
[  935.4s] IOs:    410789696  IOPS:   439164  Throughput:  1715.5 MB/s  Total: 1567.04 GB
[  935.7s] IOs:    410890250  IOPS:   439112  Throughput:  1715.3 MB/s  Total: 1567.42 GB
[  936.2s] IOs:    410990885  IOPS:   439005  Throughput:  1714.9 MB/s  Total: 1567.81 GB
[  936.5s] IOs:    411091678  IOPS:   438985  Throughput:  1714.8 MB/s  Total: 1568.19 GB
[  936.9s] IOs:    411192475  IOPS:   438872  Throughput:  1714.3 MB/s  Total: 1568.57 GB
[  937.3s] IOs:    411293127  IOPS:   438813  Throughput:  1714.1 MB/s  Total: 1568.96 GB
[  937.7s] IOs:    411393898  IOPS:   438711  Throughput:  1713.7 MB/s  Total: 1569.34 GB
[  938.2s] IOs:    411494217  IOPS:   438595  Throughput:  1713.3 MB/s  Total: 1569.73 GB
[  938.7s] IOs:    411594598  IOPS:   438464  Throughput:  1712.8 MB/s  Total: 1570.11 GB
[  939.2s] IOs:    411695519  IOPS:   438327  Throughput:  1712.2 MB/s  Total: 1570.49 GB
[  939.5s] IOs:    411795853  IOPS:   438322  Throughput:  1712.2 MB/s  Total: 1570.88 GB
[  939.8s] IOs:    411896539  IOPS:   438259  Throughput:  1711.9 MB/s  Total: 1571.26 GB
[  940.4s] IOs:    411997137  IOPS:   438113  Throughput:  1711.4 MB/s  Total: 1571.64 GB
[  940.8s] IOs:    412097940  IOPS:   438041  Throughput:  1711.1 MB/s  Total: 1572.03 GB
[  941.2s] IOs:    412198551  IOPS:   437958  Throughput:  1710.8 MB/s  Total: 1572.41 GB
[  941.4s] IOs:    412299316  IOPS:   437960  Throughput:  1710.8 MB/s  Total: 1572.80 GB
[  942.4s] IOs:    412399388  IOPS:   437627  Throughput:  1709.5 MB/s  Total: 1573.18 GB
[  943.2s] IOs:    412500218  IOPS:   437319  Throughput:  1708.3 MB/s  Total: 1573.56 GB
[  943.8s] IOs:    412600893  IOPS:   437157  Throughput:  1707.6 MB/s  Total: 1573.95 GB
[  944.4s] IOs:    412701606  IOPS:   436978  Throughput:  1706.9 MB/s  Total: 1574.33 GB
[  945.3s] IOs:    412802496  IOPS:   436681  Throughput:  1705.8 MB/s  Total: 1574.72 GB
[  951.0s] IOs:    412903487  IOPS:   434188  Throughput:  1696.0 MB/s  Total: 1575.10 GB
[  953.5s] IOs:    413003579  IOPS:   433135  Throughput:  1691.9 MB/s  Total: 1575.48 GB
[  955.1s] IOs:    413104446  IOPS:   432522  Throughput:  1689.5 MB/s  Total: 1575.87 GB
[  956.9s] IOs:    413205242  IOPS:   431823  Throughput:  1686.8 MB/s  Total: 1576.25 GB
[  958.0s] IOs:    413306150  IOPS:   431415  Throughput:  1685.2 MB/s  Total: 1576.64 GB
[  959.4s] IOs:    413406173  IOPS:   430902  Throughput:  1683.2 MB/s  Total: 1577.02 GB
[  960.6s] IOs:    413506791  IOPS:   430486  Throughput:  1681.6 MB/s  Total: 1577.40 GB
[  960.8s] IOs:    413607238  IOPS:   430460  Throughput:  1681.5 MB/s  Total: 1577.79 GB
[  961.1s] IOs:    413707625  IOPS:   430450  Throughput:  1681.4 MB/s  Total: 1578.17 GB
[  961.6s] IOs:    413807990  IOPS:   430319  Throughput:  1680.9 MB/s  Total: 1578.55 GB
[  961.9s] IOs:    413908435  IOPS:   430288  Throughput:  1680.8 MB/s  Total: 1578.94 GB
[  962.2s] IOs:    414009252  IOPS:   430269  Throughput:  1680.7 MB/s  Total: 1579.32 GB
[  962.6s] IOs:    414110094  IOPS:   430186  Throughput:  1680.4 MB/s  Total: 1579.70 GB
[  963.0s] IOs:    414210874  IOPS:   430110  Throughput:  1680.1 MB/s  Total: 1580.09 GB
[  963.2s] IOs:    414311509  IOPS:   430120  Throughput:  1680.2 MB/s  Total: 1580.47 GB
[  963.6s] IOs:    414412507  IOPS:   430046  Throughput:  1679.9 MB/s  Total: 1580.86 GB
[  964.0s] IOs:    414513463  IOPS:   429987  Throughput:  1679.6 MB/s  Total: 1581.24 GB
[  964.3s] IOs:    414613581  IOPS:   429965  Throughput:  1679.6 MB/s  Total: 1581.63 GB
[  964.6s] IOs:    414713588  IOPS:   429940  Throughput:  1679.5 MB/s  Total: 1582.01 GB
[  964.9s] IOs:    414813849  IOPS:   429917  Throughput:  1679.4 MB/s  Total: 1582.39 GB
[  965.2s] IOs:    414914646  IOPS:   429878  Throughput:  1679.2 MB/s  Total: 1582.77 GB
[  965.5s] IOs:    415014987  IOPS:   429833  Throughput:  1679.0 MB/s  Total: 1583.16 GB
[  965.8s] IOs:    415115220  IOPS:   429828  Throughput:  1679.0 MB/s  Total: 1583.54 GB
[  966.1s] IOs:    415216182  IOPS:   429795  Throughput:  1678.9 MB/s  Total: 1583.92 GB
[  966.4s] IOs:    415316888  IOPS:   429769  Throughput:  1678.8 MB/s  Total: 1584.31 GB
[  966.6s] IOs:    415417628  IOPS:   429769  Throughput:  1678.8 MB/s  Total: 1584.69 GB
[  966.9s] IOs:    415518232  IOPS:   429724  Throughput:  1678.6 MB/s  Total: 1585.08 GB
[  967.4s] IOs:    415618807  IOPS:   429633  Throughput:  1678.3 MB/s  Total: 1585.46 GB
[  967.9s] IOs:    415719232  IOPS:   429526  Throughput:  1677.8 MB/s  Total: 1585.84 GB
[  968.3s] IOs:    415819941  IOPS:   429433  Throughput:  1677.5 MB/s  Total: 1586.23 GB
[  968.6s] IOs:    415920453  IOPS:   429386  Throughput:  1677.3 MB/s  Total: 1586.61 GB
[  969.3s] IOs:    416021031  IOPS:   429184  Throughput:  1676.5 MB/s  Total: 1586.99 GB
[  969.6s] IOs:    416121227  IOPS:   429158  Throughput:  1676.4 MB/s  Total: 1587.38 GB
[  970.7s] IOs:    416222023  IOPS:   428806  Throughput:  1675.0 MB/s  Total: 1587.76 GB
[  972.1s] IOs:    416322937  IOPS:   428266  Throughput:  1672.9 MB/s  Total: 1588.15 GB
[  972.5s] IOs:    416423912  IOPS:   428197  Throughput:  1672.6 MB/s  Total: 1588.53 GB
[  972.8s] IOs:    416524445  IOPS:   428171  Throughput:  1672.5 MB/s  Total: 1588.91 GB
[  973.1s] IOs:    416624618  IOPS:   428135  Throughput:  1672.4 MB/s  Total: 1589.30 GB
[  973.4s] IOs:    416724955  IOPS:   428091  Throughput:  1672.2 MB/s  Total: 1589.68 GB
[  973.8s] IOs:    416825206  IOPS:   428038  Throughput:  1672.0 MB/s  Total: 1590.06 GB
[  974.1s] IOs:    416926091  IOPS:   428020  Throughput:  1672.0 MB/s  Total: 1590.45 GB
[  974.3s] IOs:    417026726  IOPS:   428024  Throughput:  1672.0 MB/s  Total: 1590.83 GB
[  974.7s] IOs:    417127608  IOPS:   427948  Throughput:  1671.7 MB/s  Total: 1591.22 GB
[  975.1s] IOs:    417228287  IOPS:   427884  Throughput:  1671.4 MB/s  Total: 1591.60 GB
[  975.4s] IOs:    417329094  IOPS:   427855  Throughput:  1671.3 MB/s  Total: 1591.98 GB
[  975.7s] IOs:    417429766  IOPS:   427838  Throughput:  1671.2 MB/s  Total: 1592.37 GB
[  976.1s] IOs:    417530584  IOPS:   427764  Throughput:  1671.0 MB/s  Total: 1592.75 GB
[  976.6s] IOs:    417631399  IOPS:   427635  Throughput:  1670.5 MB/s  Total: 1593.14 GB
[  977.0s] IOs:    417731994  IOPS:   427566  Throughput:  1670.2 MB/s  Total: 1593.52 GB
[  977.6s] IOs:    417832540  IOPS:   427412  Throughput:  1669.6 MB/s  Total: 1593.90 GB
[  978.3s] IOs:    417933387  IOPS:   427220  Throughput:  1668.8 MB/s  Total: 1594.29 GB
[  978.6s] IOs:    418034149  IOPS:   427164  Throughput:  1668.6 MB/s  Total: 1594.67 GB
[  979.1s] IOs:    418135035  IOPS:   427069  Throughput:  1668.2 MB/s  Total: 1595.06 GB
[  979.8s] IOs:    418235652  IOPS:   426870  Throughput:  1667.5 MB/s  Total: 1595.44 GB
[  980.3s] IOs:    418336264  IOPS:   426722  Throughput:  1666.9 MB/s  Total: 1595.83 GB
[  980.7s] IOs:    418436706  IOPS:   426668  Throughput:  1666.7 MB/s  Total: 1596.21 GB
[  981.4s] IOs:    418537619  IOPS:   426459  Throughput:  1665.9 MB/s  Total: 1596.59 GB
[Reader] Parsed 64000000 lines, distributed 418579569 writes, unique 517.83 GB, skipped 0
[  982.0s] IOs:    418638377  IOPS:   426327  Throughput:  1665.3 MB/s  Total: 1596.98 GB
[  982.5s] IOs:    418738747  IOPS:   426198  Throughput:  1664.8 MB/s  Total: 1597.36 GB
[  983.1s] IOs:    418839527  IOPS:   426027  Throughput:  1664.2 MB/s  Total: 1597.75 GB
[  983.5s] IOs:    418939965  IOPS:   425955  Throughput:  1663.9 MB/s  Total: 1598.13 GB
[  984.2s] IOs:    419040872  IOPS:   425754  Throughput:  1663.1 MB/s  Total: 1598.51 GB
[  984.7s] IOs:    419141479  IOPS:   425675  Throughput:  1662.8 MB/s  Total: 1598.90 GB
[  985.3s] IOs:    419242403  IOPS:   425495  Throughput:  1662.1 MB/s  Total: 1599.28 GB
[  985.8s] IOs:    419343199  IOPS:   425370  Throughput:  1661.6 MB/s  Total: 1599.67 GB
[  986.4s] IOs:    419443905  IOPS:   425248  Throughput:  1661.1 MB/s  Total: 1600.05 GB
[  987.0s] IOs:    419544595  IOPS:   425078  Throughput:  1660.5 MB/s  Total: 1600.44 GB
[  987.7s] IOs:    419645300  IOPS:   424887  Throughput:  1659.7 MB/s  Total: 1600.82 GB
[  988.3s] IOs:    419746105  IOPS:   424723  Throughput:  1659.1 MB/s  Total: 1601.20 GB
[  989.0s] IOs:    419846842  IOPS:   424496  Throughput:  1658.2 MB/s  Total: 1601.59 GB
[  989.5s] IOs:    419947237  IOPS:   424383  Throughput:  1657.7 MB/s  Total: 1601.97 GB
[  990.2s] IOs:    420047956  IOPS:   424194  Throughput:  1657.0 MB/s  Total: 1602.36 GB
[  990.7s] IOs:    420148664  IOPS:   424101  Throughput:  1656.6 MB/s  Total: 1602.74 GB
[  991.5s] IOs:    420249455  IOPS:   423837  Throughput:  1655.6 MB/s  Total: 1603.12 GB
[  992.5s] IOs:    420350011  IOPS:   423527  Throughput:  1654.4 MB/s  Total: 1603.51 GB
[  993.5s] IOs:    420450679  IOPS:   423192  Throughput:  1653.1 MB/s  Total: 1603.89 GB
[  994.3s] IOs:    420551304  IOPS:   422947  Throughput:  1652.1 MB/s  Total: 1604.28 GB
[  995.2s] IOs:    420652321  IOPS:   422689  Throughput:  1651.1 MB/s  Total: 1604.66 GB
[  996.2s] IOs:    420752435  IOPS:   422371  Throughput:  1649.9 MB/s  Total: 1605.04 GB
[  996.7s] IOs:    420853247  IOPS:   422230  Throughput:  1649.3 MB/s  Total: 1605.43 GB
[  997.5s] IOs:    420953860  IOPS:   422012  Throughput:  1648.5 MB/s  Total: 1605.81 GB
[  998.1s] IOs:    421054536  IOPS:   421840  Throughput:  1647.8 MB/s  Total: 1606.20 GB
[  998.7s] IOs:    421155248  IOPS:   421721  Throughput:  1647.3 MB/s  Total: 1606.58 GB
[  999.2s] IOs:    421256064  IOPS:   421614  Throughput:  1646.9 MB/s  Total: 1606.96 GB
[ 1000.0s] IOs:    421356777  IOPS:   421368  Throughput:  1646.0 MB/s  Total: 1607.35 GB
[ 1000.6s] IOs:    421457473  IOPS:   421201  Throughput:  1645.3 MB/s  Total: 1607.73 GB
[ 1001.3s] IOs:    421558343  IOPS:   421029  Throughput:  1644.6 MB/s  Total: 1608.12 GB
[ 1001.8s] IOs:    421658690  IOPS:   420897  Throughput:  1644.1 MB/s  Total: 1608.50 GB
[ 1002.5s] IOs:    421759082  IOPS:   420699  Throughput:  1643.4 MB/s  Total: 1608.88 GB
[ 1003.1s] IOs:    421859735  IOPS:   420554  Throughput:  1642.8 MB/s  Total: 1609.27 GB
[ 1003.7s] IOs:    421960380  IOPS:   420424  Throughput:  1642.3 MB/s  Total: 1609.65 GB
[ 1004.2s] IOs:    422061251  IOPS:   420294  Throughput:  1641.8 MB/s  Total: 1610.04 GB
[ 1004.8s] IOs:    422162057  IOPS:   420133  Throughput:  1641.1 MB/s  Total: 1610.42 GB
[ 1005.2s] IOs:    422262153  IOPS:   420092  Throughput:  1641.0 MB/s  Total: 1610.80 GB
[ 1005.5s] IOs:    422362171  IOPS:   420069  Throughput:  1640.9 MB/s  Total: 1611.18 GB
[ 1005.7s] IOs:    422462439  IOPS:   420054  Throughput:  1640.8 MB/s  Total: 1611.57 GB
[ 1006.1s] IOs:    422563367  IOPS:   420010  Throughput:  1640.7 MB/s  Total: 1611.95 GB
[ 1006.4s] IOs:    422663484  IOPS:   419981  Throughput:  1640.6 MB/s  Total: 1612.33 GB
[ 1006.7s] IOs:    422763772  IOPS:   419953  Throughput:  1640.4 MB/s  Total: 1612.72 GB
[ 1007.0s] IOs:    422864130  IOPS:   419930  Throughput:  1640.4 MB/s  Total: 1613.10 GB
[ 1007.2s] IOs:    422964513  IOPS:   419926  Throughput:  1640.3 MB/s  Total: 1613.48 GB
[ 1007.5s] IOs:    423064641  IOPS:   419915  Throughput:  1640.3 MB/s  Total: 1613.86 GB
[ 1007.8s] IOs:    423165551  IOPS:   419889  Throughput:  1640.2 MB/s  Total: 1614.25 GB
[ 1008.1s] IOs:    423266266  IOPS:   419885  Throughput:  1640.2 MB/s  Total: 1614.63 GB
[ 1008.3s] IOs:    423367046  IOPS:   419871  Throughput:  1640.1 MB/s  Total: 1615.02 GB
[ 1008.6s] IOs:    423467276  IOPS:   419857  Throughput:  1640.1 MB/s  Total: 1615.40 GB
[ 1008.9s] IOs:    423568043  IOPS:   419852  Throughput:  1640.0 MB/s  Total: 1615.78 GB
[ 1009.2s] IOs:    423668253  IOPS:   419820  Throughput:  1639.9 MB/s  Total: 1616.17 GB
[ 1009.4s] IOs:    423768875  IOPS:   419821  Throughput:  1639.9 MB/s  Total: 1616.55 GB
[ 1009.8s] IOs:    423869423  IOPS:   419761  Throughput:  1639.7 MB/s  Total: 1616.93 GB
[ 1010.2s] IOs:    423970048  IOPS:   419710  Throughput:  1639.5 MB/s  Total: 1617.32 GB
[ 1010.5s] IOs:    424070567  IOPS:   419684  Throughput:  1639.4 MB/s  Total: 1617.70 GB
[ 1010.7s] IOs:    424170850  IOPS:   419666  Throughput:  1639.3 MB/s  Total: 1618.08 GB
[ 1011.1s] IOs:    424271567  IOPS:   419602  Throughput:  1639.1 MB/s  Total: 1618.47 GB
[ 1011.5s] IOs:    424372107  IOPS:   419559  Throughput:  1638.9 MB/s  Total: 1618.85 GB
[ 1011.8s] IOs:    424472750  IOPS:   419523  Throughput:  1638.8 MB/s  Total: 1619.24 GB
[ 1012.5s] IOs:    424573297  IOPS:   419340  Throughput:  1638.0 MB/s  Total: 1619.62 GB
[ 1012.9s] IOs:    424674144  IOPS:   419250  Throughput:  1637.7 MB/s  Total: 1620.00 GB
[ 1013.4s] IOs:    424774984  IOPS:   419160  Throughput:  1637.3 MB/s  Total: 1620.39 GB
[ 1013.9s] IOs:    424875528  IOPS:   419042  Throughput:  1636.9 MB/s  Total: 1620.77 GB
[ 1014.4s] IOs:    424976190  IOPS:   418960  Throughput:  1636.6 MB/s  Total: 1621.16 GB
[ 1014.8s] IOs:    425076685  IOPS:   418880  Throughput:  1636.3 MB/s  Total: 1621.54 GB
[ 1015.4s] IOs:    425177152  IOPS:   418747  Throughput:  1635.7 MB/s  Total: 1621.92 GB
[ 1015.9s] IOs:    425277903  IOPS:   418637  Throughput:  1635.3 MB/s  Total: 1622.31 GB
[ 1016.6s] IOs:    425378505  IOPS:   418453  Throughput:  1634.6 MB/s  Total: 1622.69 GB
[ 1017.1s] IOs:    425478995  IOPS:   418320  Throughput:  1634.1 MB/s  Total: 1623.07 GB
[ 1017.9s] IOs:    425579934  IOPS:   418084  Throughput:  1633.1 MB/s  Total: 1623.46 GB
[ 1018.4s] IOs:    425680967  IOPS:   417985  Throughput:  1632.8 MB/s  Total: 1623.84 GB
[ 1018.8s] IOs:    425781200  IOPS:   417932  Throughput:  1632.5 MB/s  Total: 1624.23 GB
[ 1019.1s] IOs:    425881543  IOPS:   417897  Throughput:  1632.4 MB/s  Total: 1624.61 GB
[ 1019.5s] IOs:    425981827  IOPS:   417837  Throughput:  1632.2 MB/s  Total: 1624.99 GB
[ 1019.8s] IOs:    426082774  IOPS:   417793  Throughput:  1632.0 MB/s  Total: 1625.38 GB
[ 1020.3s] IOs:    426183003  IOPS:   417712  Throughput:  1631.7 MB/s  Total: 1625.76 GB
[ 1020.8s] IOs:    426283736  IOPS:   417583  Throughput:  1631.2 MB/s  Total: 1626.14 GB
[ 1021.3s] IOs:    426384490  IOPS:   417486  Throughput:  1630.8 MB/s  Total: 1626.53 GB
[ 1021.7s] IOs:    426485538  IOPS:   417433  Throughput:  1630.6 MB/s  Total: 1626.91 GB
[ 1022.2s] IOs:    426586341  IOPS:   417342  Throughput:  1630.2 MB/s  Total: 1627.30 GB
[ 1022.5s] IOs:    426687285  IOPS:   417287  Throughput:  1630.0 MB/s  Total: 1627.68 GB
[ 1023.0s] IOs:    426788037  IOPS:   417187  Throughput:  1629.6 MB/s  Total: 1628.07 GB
[ 1023.3s] IOs:    426888766  IOPS:   417153  Throughput:  1629.5 MB/s  Total: 1628.45 GB
[ 1023.9s] IOs:    426989489  IOPS:   417024  Throughput:  1629.0 MB/s  Total: 1628.84 GB
[ 1024.4s] IOs:    427090006  IOPS:   416912  Throughput:  1628.6 MB/s  Total: 1629.22 GB
[ 1024.9s] IOs:    427190666  IOPS:   416816  Throughput:  1628.2 MB/s  Total: 1629.60 GB
[ 1025.7s] IOs:    427291519  IOPS:   416584  Throughput:  1627.3 MB/s  Total: 1629.99 GB
[ 1026.2s] IOs:    427392148  IOPS:   416475  Throughput:  1626.9 MB/s  Total: 1630.37 GB
[ 1026.6s] IOs:    427493185  IOPS:   416417  Throughput:  1626.6 MB/s  Total: 1630.76 GB
[ 1027.0s] IOs:    427593271  IOPS:   416358  Throughput:  1626.4 MB/s  Total: 1631.14 GB
[ 1027.3s] IOs:    427693473  IOPS:   416313  Throughput:  1626.2 MB/s  Total: 1631.52 GB
[ 1027.6s] IOs:    427793944  IOPS:   416303  Throughput:  1626.2 MB/s  Total: 1631.90 GB
[ 1028.2s] IOs:    427894698  IOPS:   416170  Throughput:  1625.7 MB/s  Total: 1632.29 GB
[ 1028.9s] IOs:    427995479  IOPS:   415979  Throughput:  1624.9 MB/s  Total: 1632.67 GB
[ 1029.5s] IOs:    428096296  IOPS:   415830  Throughput:  1624.3 MB/s  Total: 1633.06 GB
[ 1030.2s] IOs:    428197064  IOPS:   415652  Throughput:  1623.6 MB/s  Total: 1633.44 GB
[ 1030.8s] IOs:    428297753  IOPS:   415511  Throughput:  1623.1 MB/s  Total: 1633.83 GB
[ 1031.3s] IOs:    428398573  IOPS:   415386  Throughput:  1622.6 MB/s  Total: 1634.21 GB
[ 1032.0s] IOs:    428499412  IOPS:   415199  Throughput:  1621.9 MB/s  Total: 1634.60 GB
[ 1032.8s] IOs:    428599955  IOPS:   415001  Throughput:  1621.1 MB/s  Total: 1634.98 GB
[ 1033.4s] IOs:    428700687  IOPS:   414859  Throughput:  1620.5 MB/s  Total: 1635.36 GB
[ 1034.2s] IOs:    428801191  IOPS:   414610  Throughput:  1619.6 MB/s  Total: 1635.75 GB
[ 1034.8s] IOs:    428902023  IOPS:   414476  Throughput:  1619.0 MB/s  Total: 1636.13 GB
[ 1035.6s] IOs:    429002483  IOPS:   414256  Throughput:  1618.2 MB/s  Total: 1636.51 GB
[ 1035.8s] IOs:    429103193  IOPS:   414262  Throughput:  1618.2 MB/s  Total: 1636.90 GB
[ 1036.4s] IOs:    429203837  IOPS:   414121  Throughput:  1617.7 MB/s  Total: 1637.28 GB
[ 1037.2s] IOs:    429304303  IOPS:   413918  Throughput:  1616.9 MB/s  Total: 1637.67 GB
[ 1037.7s] IOs:    429404759  IOPS:   413814  Throughput:  1616.5 MB/s  Total: 1638.05 GB
[ 1038.3s] IOs:    429505421  IOPS:   413674  Throughput:  1615.9 MB/s  Total: 1638.43 GB
[ 1038.7s] IOs:    429606330  IOPS:   413601  Throughput:  1615.6 MB/s  Total: 1638.82 GB
[ 1039.3s] IOs:    429707044  IOPS:   413472  Throughput:  1615.1 MB/s  Total: 1639.20 GB
[ 1039.7s] IOs:    429807619  IOPS:   413398  Throughput:  1614.8 MB/s  Total: 1639.59 GB
[ 1040.0s] IOs:    429908455  IOPS:   413377  Throughput:  1614.8 MB/s  Total: 1639.97 GB
[ 1040.4s] IOs:    430008485  IOPS:   413300  Throughput:  1614.5 MB/s  Total: 1640.35 GB
[ 1040.9s] IOs:    430109312  IOPS:   413198  Throughput:  1614.1 MB/s  Total: 1640.74 GB
[ 1041.3s] IOs:    430209770  IOPS:   413142  Throughput:  1613.8 MB/s  Total: 1641.12 GB
[ 1041.7s] IOs:    430310542  IOPS:   413085  Throughput:  1613.6 MB/s  Total: 1641.50 GB
[ 1042.0s] IOs:    430411278  IOPS:   413078  Throughput:  1613.6 MB/s  Total: 1641.89 GB
[Reader] Parsed 65000000 lines, distributed 430513036 writes, unique 539.18 GB, skipped 0
[ 1042.3s] IOs:    430512071  IOPS:   413027  Throughput:  1613.4 MB/s  Total: 1642.27 GB
[ 1043.0s] IOs:    430612909  IOPS:   412854  Throughput:  1612.7 MB/s  Total: 1642.66 GB
[ 1043.3s] IOs:    430713536  IOPS:   412821  Throughput:  1612.6 MB/s  Total: 1643.04 GB
[ 1043.6s] IOs:    430814035  IOPS:   412824  Throughput:  1612.6 MB/s  Total: 1643.43 GB
[ 1043.9s] IOs:    430914354  IOPS:   412811  Throughput:  1612.5 MB/s  Total: 1643.81 GB
[ 1044.2s] IOs:    431014453  IOPS:   412765  Throughput:  1612.4 MB/s  Total: 1644.19 GB
[ 1044.4s] IOs:    431115311  IOPS:   412771  Throughput:  1612.4 MB/s  Total: 1644.57 GB
[ 1045.0s] IOs:    431216334  IOPS:   412631  Throughput:  1611.8 MB/s  Total: 1644.96 GB
[ 1045.3s] IOs:    431317060  IOPS:   412630  Throughput:  1611.8 MB/s  Total: 1645.34 GB
[ 1045.7s] IOs:    431417909  IOPS:   412562  Throughput:  1611.6 MB/s  Total: 1645.73 GB
[ 1046.0s] IOs:    431518761  IOPS:   412525  Throughput:  1611.4 MB/s  Total: 1646.11 GB
[ 1046.3s] IOs:    431619554  IOPS:   412510  Throughput:  1611.4 MB/s  Total: 1646.50 GB
[ 1046.7s] IOs:    431720186  IOPS:   412460  Throughput:  1611.2 MB/s  Total: 1646.88 GB
[ 1047.0s] IOs:    431820943  IOPS:   412449  Throughput:  1611.1 MB/s  Total: 1647.27 GB
[ 1047.3s] IOs:    431921269  IOPS:   412420  Throughput:  1611.0 MB/s  Total: 1647.65 GB
[ 1047.5s] IOs:    432021684  IOPS:   412425  Throughput:  1611.0 MB/s  Total: 1648.03 GB
[ 1047.9s] IOs:    432122421  IOPS:   412351  Throughput:  1610.7 MB/s  Total: 1648.42 GB
[ 1048.2s] IOs:    432223214  IOPS:   412341  Throughput:  1610.7 MB/s  Total: 1648.80 GB
[ 1048.7s] IOs:    432323708  IOPS:   412236  Throughput:  1610.3 MB/s  Total: 1649.18 GB
[ 1049.3s] IOs:    432424238  IOPS:   412123  Throughput:  1609.9 MB/s  Total: 1649.57 GB
[ 1049.8s] IOs:    432524727  IOPS:   411991  Throughput:  1609.3 MB/s  Total: 1649.95 GB
[ 1050.2s] IOs:    432625599  IOPS:   411948  Throughput:  1609.2 MB/s  Total: 1650.34 GB
[ 1050.4s] IOs:    432725644  IOPS:   411954  Throughput:  1609.2 MB/s  Total: 1650.72 GB
[ 1051.0s] IOs:    432825665  IOPS:   411812  Throughput:  1608.6 MB/s  Total: 1651.10 GB
[ 1051.5s] IOs:    432926010  IOPS:   411723  Throughput:  1608.3 MB/s  Total: 1651.48 GB
[ 1051.9s] IOs:    433026379  IOPS:   411678  Throughput:  1608.1 MB/s  Total: 1651.86 GB
[ 1052.4s] IOs:    433127031  IOPS:   411568  Throughput:  1607.7 MB/s  Total: 1652.25 GB
[ 1052.7s] IOs:    433227869  IOPS:   411524  Throughput:  1607.5 MB/s  Total: 1652.63 GB
[ 1053.2s] IOs:    433328792  IOPS:   411431  Throughput:  1607.2 MB/s  Total: 1653.02 GB
[ 1053.4s] IOs:    433428998  IOPS:   411439  Throughput:  1607.2 MB/s  Total: 1653.40 GB
[ 1054.0s] IOs:    433529588  IOPS:   411324  Throughput:  1606.7 MB/s  Total: 1653.78 GB
[ 1054.5s] IOs:    433630507  IOPS:   411217  Throughput:  1606.3 MB/s  Total: 1654.17 GB
[ 1054.8s] IOs:    433731221  IOPS:   411184  Throughput:  1606.2 MB/s  Total: 1654.55 GB
[ 1055.2s] IOs:    433831526  IOPS:   411135  Throughput:  1606.0 MB/s  Total: 1654.94 GB
[ 1055.4s] IOs:    433932432  IOPS:   411147  Throughput:  1606.0 MB/s  Total: 1655.32 GB
[ 1056.0s] IOs:    434032616  IOPS:   411024  Throughput:  1605.6 MB/s  Total: 1655.70 GB
[ 1056.3s] IOs:    434132933  IOPS:   411004  Throughput:  1605.5 MB/s  Total: 1656.09 GB
[ 1056.5s] IOs:    434233779  IOPS:   410999  Throughput:  1605.5 MB/s  Total: 1656.47 GB
[ 1056.8s] IOs:    434334578  IOPS:   410978  Throughput:  1605.4 MB/s  Total: 1656.85 GB
[ 1057.2s] IOs:    434435266  IOPS:   410930  Throughput:  1605.2 MB/s  Total: 1657.24 GB
[ 1057.5s] IOs:    434536006  IOPS:   410921  Throughput:  1605.2 MB/s  Total: 1657.62 GB
[ 1057.8s] IOs:    434636645  IOPS:   410900  Throughput:  1605.1 MB/s  Total: 1658.01 GB
[ 1058.0s] IOs:    434737387  IOPS:   410911  Throughput:  1605.1 MB/s  Total: 1658.39 GB
[ 1058.3s] IOs:    434838092  IOPS:   410879  Throughput:  1605.0 MB/s  Total: 1658.78 GB
[ 1058.5s] IOs:    434938531  IOPS:   410890  Throughput:  1605.0 MB/s  Total: 1659.16 GB
[ 1059.1s] IOs:    435038631  IOPS:   410782  Throughput:  1604.6 MB/s  Total: 1659.54 GB
[ 1059.3s] IOs:    435138739  IOPS:   410769  Throughput:  1604.6 MB/s  Total: 1659.92 GB
[ 1059.6s] IOs:    435238946  IOPS:   410771  Throughput:  1604.6 MB/s  Total: 1660.30 GB
[ 1059.8s] IOs:    435339495  IOPS:   410774  Throughput:  1604.6 MB/s  Total: 1660.69 GB
[ 1060.1s] IOs:    435440271  IOPS:   410765  Throughput:  1604.6 MB/s  Total: 1661.07 GB
[ 1060.3s] IOs:    435541288  IOPS:   410758  Throughput:  1604.5 MB/s  Total: 1661.46 GB
[ 1060.6s] IOs:    435641577  IOPS:   410760  Throughput:  1604.5 MB/s  Total: 1661.84 GB
[ 1060.9s] IOs:    435741596  IOPS:   410721  Throughput:  1604.4 MB/s  Total: 1662.22 GB
[ 1061.1s] IOs:    435842536  IOPS:   410733  Throughput:  1604.4 MB/s  Total: 1662.61 GB
[ 1061.4s] IOs:    435942855  IOPS:   410723  Throughput:  1604.4 MB/s  Total: 1662.99 GB
[ 1061.6s] IOs:    436043480  IOPS:   410728  Throughput:  1604.4 MB/s  Total: 1663.37 GB
[ 1061.9s] IOs:    436143907  IOPS:   410725  Throughput:  1604.4 MB/s  Total: 1663.76 GB
[ 1062.1s] IOs:    436244794  IOPS:   410738  Throughput:  1604.4 MB/s  Total: 1664.14 GB
[ 1062.4s] IOs:    436345338  IOPS:   410718  Throughput:  1604.4 MB/s  Total: 1664.53 GB
[ 1062.6s] IOs:    436446223  IOPS:   410723  Throughput:  1604.4 MB/s  Total: 1664.91 GB
[ 1062.9s] IOs:    436547098  IOPS:   410714  Throughput:  1604.4 MB/s  Total: 1665.30 GB
[ 1063.1s] IOs:    436647669  IOPS:   410725  Throughput:  1604.4 MB/s  Total: 1665.68 GB
[ 1063.6s] IOs:    436748317  IOPS:   410627  Throughput:  1604.0 MB/s  Total: 1666.06 GB
[ 1063.8s] IOs:    436849086  IOPS:   410632  Throughput:  1604.0 MB/s  Total: 1666.45 GB
[ 1064.4s] IOs:    436949741  IOPS:   410494  Throughput:  1603.5 MB/s  Total: 1666.83 GB
[ 1064.8s] IOs:    437050401  IOPS:   410464  Throughput:  1603.4 MB/s  Total: 1667.21 GB
[ 1065.1s] IOs:    437150588  IOPS:   410431  Throughput:  1603.2 MB/s  Total: 1667.60 GB
[ 1065.5s] IOs:    437251145  IOPS:   410362  Throughput:  1603.0 MB/s  Total: 1667.98 GB
[ 1065.9s] IOs:    437351933  IOPS:   410324  Throughput:  1602.8 MB/s  Total: 1668.37 GB
[ 1066.4s] IOs:    437452585  IOPS:   410215  Throughput:  1602.4 MB/s  Total: 1668.75 GB
[ 1066.8s] IOs:    437553468  IOPS:   410152  Throughput:  1602.2 MB/s  Total: 1669.13 GB
[ 1067.0s] IOs:    437654323  IOPS:   410157  Throughput:  1602.2 MB/s  Total: 1669.52 GB
[ 1067.7s] IOs:    437754927  IOPS:   410014  Throughput:  1601.6 MB/s  Total: 1669.90 GB
[ 1068.0s] IOs:    437855664  IOPS:   409995  Throughput:  1601.5 MB/s  Total: 1670.29 GB
[ 1068.7s] IOs:    437956438  IOPS:   409785  Throughput:  1600.7 MB/s  Total: 1670.67 GB
[ 1069.4s] IOs:    438057167  IOPS:   409622  Throughput:  1600.1 MB/s  Total: 1671.06 GB
[ 1070.3s] IOs:    438157981  IOPS:   409361  Throughput:  1599.1 MB/s  Total: 1671.44 GB
[ 1070.9s] IOs:    438257990  IOPS:   409232  Throughput:  1598.6 MB/s  Total: 1671.82 GB
[ 1071.5s] IOs:    438358557  IOPS:   409116  Throughput:  1598.1 MB/s  Total: 1672.21 GB
[ 1072.2s] IOs:    438459214  IOPS:   408918  Throughput:  1597.3 MB/s  Total: 1672.59 GB
[ 1072.8s] IOs:    438559815  IOPS:   408782  Throughput:  1596.8 MB/s  Total: 1672.97 GB
[ 1073.4s] IOs:    438660420  IOPS:   408659  Throughput:  1596.3 MB/s  Total: 1673.36 GB
[ 1074.0s] IOs:    438761150  IOPS:   408536  Throughput:  1595.8 MB/s  Total: 1673.74 GB
[ 1074.4s] IOs:    438862139  IOPS:   408485  Throughput:  1595.6 MB/s  Total: 1674.13 GB
[ 1074.9s] IOs:    438963135  IOPS:   408382  Throughput:  1595.2 MB/s  Total: 1674.51 GB
[ 1075.5s] IOs:    439063864  IOPS:   408238  Throughput:  1594.7 MB/s  Total: 1674.90 GB
[ 1075.9s] IOs:    439164496  IOPS:   408177  Throughput:  1594.4 MB/s  Total: 1675.28 GB
[ 1076.4s] IOs:    439265047  IOPS:   408105  Throughput:  1594.2 MB/s  Total: 1675.66 GB
[ 1076.8s] IOs:    439365879  IOPS:   408020  Throughput:  1593.8 MB/s  Total: 1676.05 GB
[ 1077.3s] IOs:    439466758  IOPS:   407936  Throughput:  1593.5 MB/s  Total: 1676.43 GB
[ 1077.6s] IOs:    439567581  IOPS:   407929  Throughput:  1593.5 MB/s  Total: 1676.82 GB
[ 1078.0s] IOs:    439668136  IOPS:   407845  Throughput:  1593.1 MB/s  Total: 1677.20 GB
[ 1078.6s] IOs:    439768365  IOPS:   407725  Throughput:  1592.7 MB/s  Total: 1677.58 GB
[ 1078.8s] IOs:    439868901  IOPS:   407737  Throughput:  1592.7 MB/s  Total: 1677.97 GB
[ 1079.1s] IOs:    439969181  IOPS:   407735  Throughput:  1592.7 MB/s  Total: 1678.35 GB
[ 1079.5s] IOs:    440070073  IOPS:   407649  Throughput:  1592.4 MB/s  Total: 1678.73 GB
[ 1079.9s] IOs:    440170746  IOPS:   407620  Throughput:  1592.3 MB/s  Total: 1679.12 GB
[ 1080.2s] IOs:    440271516  IOPS:   407566  Throughput:  1592.1 MB/s  Total: 1679.50 GB
[ 1080.5s] IOs:    440372290  IOPS:   407579  Throughput:  1592.1 MB/s  Total: 1679.89 GB
[ 1080.9s] IOs:    440473045  IOPS:   407510  Throughput:  1591.8 MB/s  Total: 1680.27 GB
[ 1081.2s] IOs:    440573759  IOPS:   407474  Throughput:  1591.7 MB/s  Total: 1680.66 GB
[ 1081.5s] IOs:    440673761  IOPS:   407458  Throughput:  1591.6 MB/s  Total: 1681.04 GB
[ 1082.0s] IOs:    440774589  IOPS:   407358  Throughput:  1591.2 MB/s  Total: 1681.42 GB
[ 1082.3s] IOs:    440874964  IOPS:   407337  Throughput:  1591.2 MB/s  Total: 1681.80 GB
[ 1082.6s] IOs:    440975343  IOPS:   407327  Throughput:  1591.1 MB/s  Total: 1682.19 GB
[Reader] Parsed 66000000 lines, distributed 441074475 writes, unique 550.18 GB, skipped 0
[ 1083.1s] IOs:    441076233  IOPS:   407242  Throughput:  1590.8 MB/s  Total: 1682.57 GB
[ 1083.4s] IOs:    441176343  IOPS:   407219  Throughput:  1590.7 MB/s  Total: 1682.95 GB
[ 1083.6s] IOs:    441276880  IOPS:   407217  Throughput:  1590.7 MB/s  Total: 1683.34 GB
[ 1084.0s] IOs:    441377619  IOPS:   407190  Throughput:  1590.6 MB/s  Total: 1683.72 GB
[ 1084.3s] IOs:    441478161  IOPS:   407155  Throughput:  1590.4 MB/s  Total: 1684.11 GB
[ 1084.6s] IOs:    441579137  IOPS:   407152  Throughput:  1590.4 MB/s  Total: 1684.49 GB
[ 1084.9s] IOs:    441680117  IOPS:   407120  Throughput:  1590.3 MB/s  Total: 1684.88 GB
[ 1085.2s] IOs:    441780717  IOPS:   407104  Throughput:  1590.3 MB/s  Total: 1685.26 GB
[ 1085.4s] IOs:    441880949  IOPS:   407098  Throughput:  1590.2 MB/s  Total: 1685.64 GB
[ 1085.7s] IOs:    441981741  IOPS:   407083  Throughput:  1590.2 MB/s  Total: 1686.03 GB
[ 1086.0s] IOs:    442082686  IOPS:   407087  Throughput:  1590.2 MB/s  Total: 1686.41 GB
[ 1086.3s] IOs:    442183522  IOPS:   407046  Throughput:  1590.0 MB/s  Total: 1686.80 GB
[ 1086.6s] IOs:    442284069  IOPS:   407024  Throughput:  1589.9 MB/s  Total: 1687.18 GB
[ 1087.2s] IOs:    442384636  IOPS:   406917  Throughput:  1589.5 MB/s  Total: 1687.56 GB
[ 1087.4s] IOs:    442485101  IOPS:   406919  Throughput:  1589.5 MB/s  Total: 1687.95 GB
[ 1088.0s] IOs:    442586031  IOPS:   406778  Throughput:  1589.0 MB/s  Total: 1688.33 GB
[ 1088.4s] IOs:    442686613  IOPS:   406716  Throughput:  1588.7 MB/s  Total: 1688.72 GB
[ 1089.0s] IOs:    442787488  IOPS:   406593  Throughput:  1588.3 MB/s  Total: 1689.10 GB
[ 1089.4s] IOs:    442887536  IOPS:   406558  Throughput:  1588.1 MB/s  Total: 1689.48 GB
[ 1090.0s] IOs:    442988260  IOPS:   406425  Throughput:  1587.6 MB/s  Total: 1689.87 GB
[ 1090.3s] IOs:    443088805  IOPS:   406396  Throughput:  1587.5 MB/s  Total: 1690.25 GB
[ 1090.7s] IOs:    443189488  IOPS:   406343  Throughput:  1587.3 MB/s  Total: 1690.63 GB
[ 1091.2s] IOs:    443290278  IOPS:   406246  Throughput:  1586.9 MB/s  Total: 1691.02 GB
[ 1091.4s] IOs:    443390775  IOPS:   406244  Throughput:  1586.9 MB/s  Total: 1691.40 GB
[ 1092.0s] IOs:    443491561  IOPS:   406138  Throughput:  1586.5 MB/s  Total: 1691.79 GB
[ 1092.2s] IOs:    443592411  IOPS:   406148  Throughput:  1586.5 MB/s  Total: 1692.17 GB
[ 1092.5s] IOs:    443692993  IOPS:   406133  Throughput:  1586.5 MB/s  Total: 1692.55 GB
[ 1093.0s] IOs:    443793780  IOPS:   406028  Throughput:  1586.0 MB/s  Total: 1692.94 GB
[ 1093.7s] IOs:    443894640  IOPS:   405872  Throughput:  1585.4 MB/s  Total: 1693.32 GB
[ 1094.0s] IOs:    443995144  IOPS:   405859  Throughput:  1585.4 MB/s  Total: 1693.71 GB
[ 1094.5s] IOs:    444095809  IOPS:   405748  Throughput:  1585.0 MB/s  Total: 1694.09 GB
[ 1094.9s] IOs:    444196623  IOPS:   405687  Throughput:  1584.7 MB/s  Total: 1694.48 GB
[ 1095.4s] IOs:    444297561  IOPS:   405610  Throughput:  1584.4 MB/s  Total: 1694.86 GB
[ 1095.7s] IOs:    444398079  IOPS:   405584  Throughput:  1584.3 MB/s  Total: 1695.24 GB
[ 1096.0s] IOs:    444498553  IOPS:   405560  Throughput:  1584.2 MB/s  Total: 1695.63 GB
[ 1096.4s] IOs:    444598933  IOPS:   405493  Throughput:  1584.0 MB/s  Total: 1696.01 GB
[ 1096.8s] IOs:    444699612  IOPS:   405444  Throughput:  1583.8 MB/s  Total: 1696.39 GB
[ 1097.1s] IOs:    444800395  IOPS:   405448  Throughput:  1583.8 MB/s  Total: 1696.78 GB
[ 1097.5s] IOs:    444901232  IOPS:   405371  Throughput:  1583.5 MB/s  Total: 1697.16 GB
[ 1097.8s] IOs:    445001612  IOPS:   405365  Throughput:  1583.5 MB/s  Total: 1697.55 GB
[ 1098.3s] IOs:    445102399  IOPS:   405280  Throughput:  1583.1 MB/s  Total: 1697.93 GB
[ 1098.5s] IOs:    445203116  IOPS:   405286  Throughput:  1583.1 MB/s  Total: 1698.32 GB
[ 1099.1s] IOs:    445303913  IOPS:   405168  Throughput:  1582.7 MB/s  Total: 1698.70 GB
[ 1099.5s] IOs:    445404448  IOPS:   405109  Throughput:  1582.5 MB/s  Total: 1699.08 GB
[ 1100.0s] IOs:    445504846  IOPS:   405007  Throughput:  1582.1 MB/s  Total: 1699.47 GB
[ 1100.3s] IOs:    445605568  IOPS:   405003  Throughput:  1582.0 MB/s  Total: 1699.85 GB
[ 1100.7s] IOs:    445706309  IOPS:   404933  Throughput:  1581.8 MB/s  Total: 1700.23 GB
[ 1101.0s] IOs:    445807034  IOPS:   404913  Throughput:  1581.7 MB/s  Total: 1700.62 GB
[ 1101.4s] IOs:    445907695  IOPS:   404849  Throughput:  1581.4 MB/s  Total: 1701.00 GB
[ 1101.6s] IOs:    446008449  IOPS:   404855  Throughput:  1581.5 MB/s  Total: 1701.39 GB
[ 1102.0s] IOs:    446109113  IOPS:   404807  Throughput:  1581.3 MB/s  Total: 1701.77 GB
[ 1102.5s] IOs:    446210014  IOPS:   404710  Throughput:  1580.9 MB/s  Total: 1702.16 GB
[ 1103.0s] IOs:    446310789  IOPS:   404647  Throughput:  1580.7 MB/s  Total: 1702.54 GB
[ 1103.4s] IOs:    446411726  IOPS:   404576  Throughput:  1580.4 MB/s  Total: 1702.93 GB
[ 1103.6s] IOs:    446512304  IOPS:   404583  Throughput:  1580.4 MB/s  Total: 1703.31 GB
[ 1104.1s] IOs:    446613082  IOPS:   404500  Throughput:  1580.1 MB/s  Total: 1703.69 GB
[ 1104.4s] IOs:    446713681  IOPS:   404470  Throughput:  1580.0 MB/s  Total: 1704.08 GB
[ 1104.7s] IOs:    446814630  IOPS:   404474  Throughput:  1580.0 MB/s  Total: 1704.46 GB
[ 1105.1s] IOs:    446915440  IOPS:   404407  Throughput:  1579.7 MB/s  Total: 1704.85 GB
[ 1105.6s] IOs:    447016136  IOPS:   404324  Throughput:  1579.4 MB/s  Total: 1705.23 GB
[ 1105.9s] IOs:    447116793  IOPS:   404317  Throughput:  1579.4 MB/s  Total: 1705.62 GB
[ 1106.2s] IOs:    447217279  IOPS:   404291  Throughput:  1579.3 MB/s  Total: 1706.00 GB
[ 1106.5s] IOs:    447317967  IOPS:   404256  Throughput:  1579.1 MB/s  Total: 1706.38 GB
[ 1106.8s] IOs:    447418823  IOPS:   404252  Throughput:  1579.1 MB/s  Total: 1706.77 GB
[ 1107.3s] IOs:    447519454  IOPS:   404163  Throughput:  1578.8 MB/s  Total: 1707.15 GB
[ 1107.6s] IOs:    447620302  IOPS:   404119  Throughput:  1578.6 MB/s  Total: 1707.54 GB
[ 1108.0s] IOs:    447721161  IOPS:   404093  Throughput:  1578.5 MB/s  Total: 1707.92 GB
[ 1108.4s] IOs:    447822041  IOPS:   404036  Throughput:  1578.3 MB/s  Total: 1708.31 GB
[ 1108.7s] IOs:    447922773  IOPS:   404018  Throughput:  1578.2 MB/s  Total: 1708.69 GB
[ 1109.0s] IOs:    448023472  IOPS:   403980  Throughput:  1578.0 MB/s  Total: 1709.07 GB
[ 1109.4s] IOs:    448123955  IOPS:   403931  Throughput:  1577.9 MB/s  Total: 1709.46 GB
[ 1109.7s] IOs:    448224407  IOPS:   403930  Throughput:  1577.9 MB/s  Total: 1709.84 GB
[ 1110.1s] IOs:    448324972  IOPS:   403867  Throughput:  1577.6 MB/s  Total: 1710.22 GB
[ 1110.4s] IOs:    448425533  IOPS:   403853  Throughput:  1577.6 MB/s  Total: 1710.61 GB
[ 1110.8s] IOs:    448525961  IOPS:   403770  Throughput:  1577.2 MB/s  Total: 1710.99 GB
[ 1111.2s] IOs:    448626744  IOPS:   403740  Throughput:  1577.1 MB/s  Total: 1711.38 GB
[ 1111.6s] IOs:    448727520  IOPS:   403685  Throughput:  1576.9 MB/s  Total: 1711.76 GB
[ 1112.0s] IOs:    448828422  IOPS:   403613  Throughput:  1576.6 MB/s  Total: 1712.14 GB
[ 1112.5s] IOs:    448929155  IOPS:   403543  Throughput:  1576.3 MB/s  Total: 1712.53 GB
[ 1112.8s] IOs:    449029683  IOPS:   403515  Throughput:  1576.2 MB/s  Total: 1712.91 GB
[ 1113.4s] IOs:    449130687  IOPS:   403385  Throughput:  1575.7 MB/s  Total: 1713.30 GB
[ 1114.0s] IOs:    449231042  IOPS:   403270  Throughput:  1575.3 MB/s  Total: 1713.68 GB
[ 1114.5s] IOs:    449331813  IOPS:   403159  Throughput:  1574.8 MB/s  Total: 1714.06 GB
[ 1114.9s] IOs:    449432279  IOPS:   403103  Throughput:  1574.6 MB/s  Total: 1714.45 GB
[ 1115.5s] IOs:    449533029  IOPS:   402995  Throughput:  1574.2 MB/s  Total: 1714.83 GB
[ 1115.8s] IOs:    449633904  IOPS:   402960  Throughput:  1574.1 MB/s  Total: 1715.22 GB
[ 1116.5s] IOs:    449734579  IOPS:   402811  Throughput:  1573.5 MB/s  Total: 1715.60 GB
[ 1117.2s] IOs:    449835197  IOPS:   402636  Throughput:  1572.8 MB/s  Total: 1715.99 GB
[ 1118.0s] IOs:    449936026  IOPS:   402462  Throughput:  1572.1 MB/s  Total: 1716.37 GB
[ 1118.7s] IOs:    450036965  IOPS:   402291  Throughput:  1571.4 MB/s  Total: 1716.75 GB
[ 1119.1s] IOs:    450137643  IOPS:   402218  Throughput:  1571.2 MB/s  Total: 1717.14 GB
[ 1119.6s] IOs:    450238071  IOPS:   402140  Throughput:  1570.9 MB/s  Total: 1717.52 GB
[ 1120.2s] IOs:    450338683  IOPS:   402021  Throughput:  1570.4 MB/s  Total: 1717.91 GB
[ 1121.2s] IOs:    450439499  IOPS:   401763  Throughput:  1569.4 MB/s  Total: 1718.29 GB
[ 1122.1s] IOs:    450540186  IOPS:   401499  Throughput:  1568.4 MB/s  Total: 1718.67 GB
[ 1122.7s] IOs:    450640710  IOPS:   401406  Throughput:  1568.0 MB/s  Total: 1719.06 GB
[ 1123.6s] IOs:    450741695  IOPS:   401169  Throughput:  1567.1 MB/s  Total: 1719.44 GB
[ 1124.1s] IOs:    450842579  IOPS:   401068  Throughput:  1566.7 MB/s  Total: 1719.83 GB
[ 1124.7s] IOs:    450943317  IOPS:   400939  Throughput:  1566.2 MB/s  Total: 1720.21 GB
[ 1126.0s] IOs:    451044227  IOPS:   400560  Throughput:  1564.7 MB/s  Total: 1720.60 GB
[ 1127.0s] IOs:    451144993  IOPS:   400301  Throughput:  1563.7 MB/s  Total: 1720.98 GB
[ 1127.8s] IOs:    451245530  IOPS:   400095  Throughput:  1562.9 MB/s  Total: 1721.37 GB
[ 1128.7s] IOs:    451346291  IOPS:   399875  Throughput:  1562.0 MB/s  Total: 1721.75 GB
[ 1129.5s] IOs:    451447227  IOPS:   399679  Throughput:  1561.2 MB/s  Total: 1722.13 GB
[ 1130.1s] IOs:    451547897  IOPS:   399550  Throughput:  1560.7 MB/s  Total: 1722.52 GB
[ 1131.0s] IOs:    451648886  IOPS:   399329  Throughput:  1559.9 MB/s  Total: 1722.90 GB
[ 1131.8s] IOs:    451749344  IOPS:   399152  Throughput:  1559.2 MB/s  Total: 1723.29 GB
[ 1132.1s] IOs:    451849835  IOPS:   399127  Throughput:  1559.1 MB/s  Total: 1723.67 GB
[ 1132.8s] IOs:    451950449  IOPS:   398953  Throughput:  1558.4 MB/s  Total: 1724.05 GB
[ 1133.5s] IOs:    452050806  IOPS:   398814  Throughput:  1557.9 MB/s  Total: 1724.44 GB
[ 1134.7s] IOs:    452151035  IOPS:   398460  Throughput:  1556.5 MB/s  Total: 1724.82 GB
[ 1136.1s] IOs:    452251231  IOPS:   398061  Throughput:  1554.9 MB/s  Total: 1725.20 GB
[ 1137.3s] IOs:    452352073  IOPS:   397751  Throughput:  1553.7 MB/s  Total: 1725.59 GB
[ 1138.2s] IOs:    452452757  IOPS:   397524  Throughput:  1552.8 MB/s  Total: 1725.97 GB
[ 1139.1s] IOs:    452553743  IOPS:   397277  Throughput:  1551.9 MB/s  Total: 1726.36 GB
[ 1139.8s] IOs:    452654155  IOPS:   397137  Throughput:  1551.3 MB/s  Total: 1726.74 GB
[ 1140.4s] IOs:    452755052  IOPS:   397001  Throughput:  1550.8 MB/s  Total: 1727.12 GB
[ 1140.7s] IOs:    452855322  IOPS:   396991  Throughput:  1550.7 MB/s  Total: 1727.51 GB
[ 1141.0s] IOs:    452955761  IOPS:   396983  Throughput:  1550.7 MB/s  Total: 1727.89 GB
[ 1141.3s] IOs:    453056644  IOPS:   396962  Throughput:  1550.6 MB/s  Total: 1728.27 GB
[ 1141.6s] IOs:    453157166  IOPS:   396957  Throughput:  1550.6 MB/s  Total: 1728.66 GB
[ 1141.8s] IOs:    453258072  IOPS:   396954  Throughput:  1550.6 MB/s  Total: 1729.04 GB
[ 1142.3s] IOs:    453358851  IOPS:   396889  Throughput:  1550.3 MB/s  Total: 1729.43 GB
[ 1142.6s] IOs:    453459126  IOPS:   396868  Throughput:  1550.3 MB/s  Total: 1729.81 GB
[Reader] Parsed 67000000 lines, distributed 453474611 writes, unique 564.48 GB, skipped 0
[ 1142.8s] IOs:    453559756  IOPS:   396869  Throughput:  1550.3 MB/s  Total: 1730.19 GB
[ 1143.3s] IOs:    453660493  IOPS:   396802  Throughput:  1550.0 MB/s  Total: 1730.58 GB
[ 1143.6s] IOs:    453761445  IOPS:   396782  Throughput:  1549.9 MB/s  Total: 1730.96 GB
[ 1143.9s] IOs:    453861820  IOPS:   396779  Throughput:  1549.9 MB/s  Total: 1731.35 GB
[ 1144.2s] IOs:    453962240  IOPS:   396755  Throughput:  1549.8 MB/s  Total: 1731.73 GB
[ 1144.5s] IOs:    454062594  IOPS:   396718  Throughput:  1549.7 MB/s  Total: 1732.11 GB
[ 1144.8s] IOs:    454163553  IOPS:   396727  Throughput:  1549.7 MB/s  Total: 1732.50 GB
[ 1145.2s] IOs:    454264061  IOPS:   396684  Throughput:  1549.5 MB/s  Total: 1732.88 GB
[ 1145.6s] IOs:    454364665  IOPS:   396626  Throughput:  1549.3 MB/s  Total: 1733.26 GB
[ 1145.8s] IOs:    454465046  IOPS:   396636  Throughput:  1549.4 MB/s  Total: 1733.65 GB
[ 1146.4s] IOs:    454565589  IOPS:   396530  Throughput:  1548.9 MB/s  Total: 1734.03 GB
[ 1146.7s] IOs:    454665961  IOPS:   396494  Throughput:  1548.8 MB/s  Total: 1734.41 GB
[ 1147.1s] IOs:    454766703  IOPS:   396432  Throughput:  1548.6 MB/s  Total: 1734.80 GB
[ 1147.4s] IOs:    454867236  IOPS:   396441  Throughput:  1548.6 MB/s  Total: 1735.18 GB
[ 1147.9s] IOs:    454967521  IOPS:   396362  Throughput:  1548.3 MB/s  Total: 1735.56 GB
[ 1148.2s] IOs:    455067943  IOPS:   396337  Throughput:  1548.2 MB/s  Total: 1735.95 GB
[ 1148.5s] IOs:    455168483  IOPS:   396303  Throughput:  1548.1 MB/s  Total: 1736.33 GB
[ 1148.8s] IOs:    455269184  IOPS:   396297  Throughput:  1548.0 MB/s  Total: 1736.71 GB
[ 1149.1s] IOs:    455369859  IOPS:   396268  Throughput:  1547.9 MB/s  Total: 1737.10 GB
[ 1149.4s] IOs:    455470561  IOPS:   396274  Throughput:  1547.9 MB/s  Total: 1737.48 GB
[ 1149.7s] IOs:    455570864  IOPS:   396243  Throughput:  1547.8 MB/s  Total: 1737.86 GB
[ 1150.2s] IOs:    455671161  IOPS:   396184  Throughput:  1547.6 MB/s  Total: 1738.25 GB
[ 1150.4s] IOs:    455771905  IOPS:   396197  Throughput:  1547.6 MB/s  Total: 1738.63 GB
[ 1150.8s] IOs:    455872663  IOPS:   396151  Throughput:  1547.5 MB/s  Total: 1739.02 GB
[ 1151.0s] IOs:    455973206  IOPS:   396142  Throughput:  1547.4 MB/s  Total: 1739.40 GB
[ 1151.3s] IOs:    456073966  IOPS:   396154  Throughput:  1547.5 MB/s  Total: 1739.78 GB
[ 1151.7s] IOs:    456174498  IOPS:   396099  Throughput:  1547.3 MB/s  Total: 1740.17 GB
[ 1151.9s] IOs:    456274939  IOPS:   396103  Throughput:  1547.3 MB/s  Total: 1740.55 GB
[ 1152.3s] IOs:    456375517  IOPS:   396066  Throughput:  1547.1 MB/s  Total: 1740.93 GB
[ 1153.1s] IOs:    456476359  IOPS:   395881  Throughput:  1546.4 MB/s  Total: 1741.32 GB
[ 1154.2s] IOs:    456576517  IOPS:   395587  Throughput:  1545.3 MB/s  Total: 1741.70 GB
[ 1155.6s] IOs:    456677281  IOPS:   395176  Throughput:  1543.7 MB/s  Total: 1742.09 GB
[ 1156.7s] IOs:    456777648  IOPS:   394913  Throughput:  1542.6 MB/s  Total: 1742.47 GB
[ 1157.7s] IOs:    456878635  IOPS:   394653  Throughput:  1541.6 MB/s  Total: 1742.85 GB
[ 1158.7s] IOs:    456979112  IOPS:   394381  Throughput:  1540.6 MB/s  Total: 1743.24 GB
[ 1159.6s] IOs:    457080043  IOPS:   394176  Throughput:  1539.7 MB/s  Total: 1743.62 GB
[ 1160.4s] IOs:    457180492  IOPS:   393988  Throughput:  1539.0 MB/s  Total: 1744.01 GB
[ 1161.1s] IOs:    457281500  IOPS:   393830  Throughput:  1538.4 MB/s  Total: 1744.39 GB
[ 1161.7s] IOs:    457382390  IOPS:   393712  Throughput:  1537.9 MB/s  Total: 1744.78 GB
[ 1162.4s] IOs:    457483263  IOPS:   393575  Throughput:  1537.4 MB/s  Total: 1745.16 GB
[ 1162.8s] IOs:    457583909  IOPS:   393531  Throughput:  1537.2 MB/s  Total: 1745.54 GB
[ 1163.7s] IOs:    457684606  IOPS:   393309  Throughput:  1536.4 MB/s  Total: 1745.93 GB
[ 1164.4s] IOs:    457785457  IOPS:   393146  Throughput:  1535.7 MB/s  Total: 1746.31 GB
[ 1165.2s] IOs:    457886312  IOPS:   392967  Throughput:  1535.0 MB/s  Total: 1746.70 GB
[ 1165.7s] IOs:    457987240  IOPS:   392876  Throughput:  1534.7 MB/s  Total: 1747.08 GB
[ 1166.5s] IOs:    458087949  IOPS:   392718  Throughput:  1534.1 MB/s  Total: 1747.47 GB
[ 1167.1s] IOs:    458188530  IOPS:   392594  Throughput:  1533.6 MB/s  Total: 1747.85 GB
[ 1167.8s] IOs:    458289368  IOPS:   392434  Throughput:  1532.9 MB/s  Total: 1748.24 GB
[ 1168.1s] IOs:    458390089  IOPS:   392415  Throughput:  1532.9 MB/s  Total: 1748.62 GB
[ 1168.7s] IOs:    458490828  IOPS:   392322  Throughput:  1532.5 MB/s  Total: 1749.00 GB
[ 1169.2s] IOs:    458591457  IOPS:   392241  Throughput:  1532.2 MB/s  Total: 1749.39 GB
[ 1169.7s] IOs:    458692177  IOPS:   392161  Throughput:  1531.9 MB/s  Total: 1749.77 GB
[ 1170.1s] IOs:    458792531  IOPS:   392082  Throughput:  1531.6 MB/s  Total: 1750.15 GB
[ 1170.6s] IOs:    458893263  IOPS:   392024  Throughput:  1531.3 MB/s  Total: 1750.54 GB
[ 1171.1s] IOs:    458994023  IOPS:   391945  Throughput:  1531.0 MB/s  Total: 1750.92 GB
[ 1171.4s] IOs:    459094797  IOPS:   391904  Throughput:  1530.9 MB/s  Total: 1751.31 GB
[ 1171.9s] IOs:    459195351  IOPS:   391842  Throughput:  1530.6 MB/s  Total: 1751.69 GB
[ 1172.3s] IOs:    459295891  IOPS:   391788  Throughput:  1530.4 MB/s  Total: 1752.07 GB
[ 1172.9s] IOs:    459396575  IOPS:   391680  Throughput:  1530.0 MB/s  Total: 1752.46 GB
[ 1173.2s] IOs:    459497365  IOPS:   391651  Throughput:  1529.9 MB/s  Total: 1752.84 GB
[ 1173.7s] IOs:    459597724  IOPS:   391568  Throughput:  1529.6 MB/s  Total: 1753.23 GB
[ 1174.1s] IOs:    459698077  IOPS:   391542  Throughput:  1529.5 MB/s  Total: 1753.61 GB
[ 1174.3s] IOs:    459798377  IOPS:   391551  Throughput:  1529.5 MB/s  Total: 1753.99 GB
[ 1174.9s] IOs:    459898935  IOPS:   391448  Throughput:  1529.1 MB/s  Total: 1754.38 GB
[ 1175.2s] IOs:    459999608  IOPS:   391421  Throughput:  1529.0 MB/s  Total: 1754.76 GB
[ 1175.5s] IOs:    460100268  IOPS:   391406  Throughput:  1528.9 MB/s  Total: 1755.14 GB
[ 1176.0s] IOs:    460201074  IOPS:   391326  Throughput:  1528.6 MB/s  Total: 1755.53 GB
[ 1176.3s] IOs:    460301557  IOPS:   391307  Throughput:  1528.5 MB/s  Total: 1755.91 GB
[ 1176.8s] IOs:    460402171  IOPS:   391220  Throughput:  1528.2 MB/s  Total: 1756.29 GB
[ 1177.1s] IOs:    460502870  IOPS:   391203  Throughput:  1528.1 MB/s  Total: 1756.68 GB
[ 1177.6s] IOs:    460603512  IOPS:   391131  Throughput:  1527.9 MB/s  Total: 1757.06 GB
[ 1178.0s] IOs:    460703940  IOPS:   391098  Throughput:  1527.7 MB/s  Total: 1757.45 GB
[ 1178.3s] IOs:    460804210  IOPS:   391078  Throughput:  1527.6 MB/s  Total: 1757.83 GB
[ 1178.8s] IOs:    460905155  IOPS:   390997  Throughput:  1527.3 MB/s  Total: 1758.21 GB
[ 1179.1s] IOs:    461005769  IOPS:   390968  Throughput:  1527.2 MB/s  Total: 1758.60 GB
[ 1179.4s] IOs:    461106482  IOPS:   390975  Throughput:  1527.2 MB/s  Total: 1758.98 GB
[ 1179.8s] IOs:    461207117  IOPS:   390905  Throughput:  1527.0 MB/s  Total: 1759.37 GB
[ 1180.6s] IOs:    461307727  IOPS:   390733  Throughput:  1526.3 MB/s  Total: 1759.75 GB
[ 1181.3s] IOs:    461408545  IOPS:   390608  Throughput:  1525.8 MB/s  Total: 1760.13 GB
[ 1182.1s] IOs:    461509402  IOPS:   390415  Throughput:  1525.1 MB/s  Total: 1760.52 GB
[ 1182.8s] IOs:    461609527  IOPS:   390282  Throughput:  1524.5 MB/s  Total: 1760.90 GB
[ 1183.3s] IOs:    461709980  IOPS:   390201  Throughput:  1524.2 MB/s  Total: 1761.28 GB
[ 1184.0s] IOs:    461810752  IOPS:   390043  Throughput:  1523.6 MB/s  Total: 1761.67 GB
[ 1184.6s] IOs:    461911365  IOPS:   389927  Throughput:  1523.2 MB/s  Total: 1762.05 GB
[ 1185.2s] IOs:    462011931  IOPS:   389834  Throughput:  1522.8 MB/s  Total: 1762.44 GB
[ 1185.7s] IOs:    462112651  IOPS:   389753  Throughput:  1522.5 MB/s  Total: 1762.82 GB
[ 1186.1s] IOs:    462213543  IOPS:   389679  Throughput:  1522.2 MB/s  Total: 1763.20 GB
[ 1186.6s] IOs:    462313782  IOPS:   389609  Throughput:  1521.9 MB/s  Total: 1763.59 GB
[ 1186.9s] IOs:    462414168  IOPS:   389582  Throughput:  1521.8 MB/s  Total: 1763.97 GB
[ 1187.3s] IOs:    462514832  IOPS:   389543  Throughput:  1521.7 MB/s  Total: 1764.35 GB
[ 1187.9s] IOs:    462614851  IOPS:   389440  Throughput:  1521.3 MB/s  Total: 1764.74 GB
[ 1188.5s] IOs:    462715464  IOPS:   389324  Throughput:  1520.8 MB/s  Total: 1765.12 GB
[ 1189.2s] IOs:    462816323  IOPS:   389186  Throughput:  1520.3 MB/s  Total: 1765.50 GB
[ 1189.8s] IOs:    462916623  IOPS:   389075  Throughput:  1519.8 MB/s  Total: 1765.89 GB
[ 1190.3s] IOs:    463017222  IOPS:   388994  Throughput:  1519.5 MB/s  Total: 1766.27 GB
[ 1190.9s] IOs:    463117999  IOPS:   388865  Throughput:  1519.0 MB/s  Total: 1766.65 GB
[ 1191.3s] IOs:    463218775  IOPS:   388851  Throughput:  1518.9 MB/s  Total: 1767.04 GB
[ 1192.2s] IOs:    463318786  IOPS:   388631  Throughput:  1518.1 MB/s  Total: 1767.42 GB
[ 1192.8s] IOs:    463419661  IOPS:   388512  Throughput:  1517.6 MB/s  Total: 1767.81 GB
[ 1193.4s] IOs:    463520290  IOPS:   388415  Throughput:  1517.2 MB/s  Total: 1768.19 GB
[ 1194.2s] IOs:    463621015  IOPS:   388222  Throughput:  1516.5 MB/s  Total: 1768.57 GB
[ 1194.8s] IOs:    463721849  IOPS:   388129  Throughput:  1516.1 MB/s  Total: 1768.96 GB
[ 1195.3s] IOs:    463822615  IOPS:   388032  Throughput:  1515.8 MB/s  Total: 1769.34 GB
[ 1195.9s] IOs:    463923037  IOPS:   387937  Throughput:  1515.4 MB/s  Total: 1769.73 GB
[ 1196.4s] IOs:    464023404  IOPS:   387840  Throughput:  1515.0 MB/s  Total: 1770.11 GB
[ 1196.7s] IOs:    464123881  IOPS:   387832  Throughput:  1515.0 MB/s  Total: 1770.49 GB
[ 1197.3s] IOs:    464224778  IOPS:   387731  Throughput:  1514.6 MB/s  Total: 1770.88 GB
[ 1197.7s] IOs:    464325554  IOPS:   387689  Throughput:  1514.4 MB/s  Total: 1771.26 GB
[ 1198.2s] IOs:    464426195  IOPS:   387607  Throughput:  1514.1 MB/s  Total: 1771.65 GB
[ 1198.4s] IOs:    464526793  IOPS:   387611  Throughput:  1514.1 MB/s  Total: 1772.03 GB
[ 1198.8s] IOs:    464627108  IOPS:   387576  Throughput:  1514.0 MB/s  Total: 1772.41 GB
[ 1199.3s] IOs:    464727294  IOPS:   387496  Throughput:  1513.7 MB/s  Total: 1772.79 GB
[ 1199.6s] IOs:    464827898  IOPS:   387474  Throughput:  1513.6 MB/s  Total: 1773.18 GB
[ 1199.9s] IOs:    464928612  IOPS:   387477  Throughput:  1513.6 MB/s  Total: 1773.56 GB
[ 1200.6s] IOs:    465029218  IOPS:   387333  Throughput:  1513.0 MB/s  Total: 1773.95 GB
[ 1201.2s] IOs:    465130088  IOPS:   387226  Throughput:  1512.6 MB/s  Total: 1774.33 GB
[ 1201.7s] IOs:    465230993  IOPS:   387137  Throughput:  1512.3 MB/s  Total: 1774.72 GB
[ 1202.3s] IOs:    465331815  IOPS:   387032  Throughput:  1511.8 MB/s  Total: 1775.10 GB
[ 1202.9s] IOs:    465432389  IOPS:   386928  Throughput:  1511.4 MB/s  Total: 1775.48 GB
[ 1203.3s] IOs:    465532687  IOPS:   386895  Throughput:  1511.3 MB/s  Total: 1775.87 GB
[ 1203.9s] IOs:    465632838  IOPS:   386782  Throughput:  1510.9 MB/s  Total: 1776.25 GB
[ 1204.3s] IOs:    465733510  IOPS:   386722  Throughput:  1510.6 MB/s  Total: 1776.63 GB
[Reader] Parsed 68000000 lines, distributed 465773795 writes, unique 580.90 GB, skipped 0
[ 1205.0s] IOs:    465834129  IOPS:   386572  Throughput:  1510.0 MB/s  Total: 1777.02 GB
[ 1205.3s] IOs:    465934272  IOPS:   386572  Throughput:  1510.0 MB/s  Total: 1777.40 GB
[ 1205.9s] IOs:    466034622  IOPS:   386468  Throughput:  1509.6 MB/s  Total: 1777.78 GB
[ 1206.3s] IOs:    466135176  IOPS:   386431  Throughput:  1509.5 MB/s  Total: 1778.16 GB
[ 1206.8s] IOs:    466235197  IOPS:   386338  Throughput:  1509.1 MB/s  Total: 1778.55 GB
[ 1207.2s] IOs:    466335928  IOPS:   386293  Throughput:  1509.0 MB/s  Total: 1778.93 GB
[ 1207.8s] IOs:    466436633  IOPS:   386200  Throughput:  1508.6 MB/s  Total: 1779.31 GB
[ 1208.0s] IOs:    466537106  IOPS:   386201  Throughput:  1508.6 MB/s  Total: 1779.70 GB
[ 1208.3s] IOs:    466637909  IOPS:   386189  Throughput:  1508.6 MB/s  Total: 1780.08 GB
[ 1209.0s] IOs:    466738752  IOPS:   386047  Throughput:  1508.0 MB/s  Total: 1780.47 GB
[ 1209.3s] IOs:    466839279  IOPS:   386055  Throughput:  1508.0 MB/s  Total: 1780.85 GB
[ 1209.8s] IOs:    466940061  IOPS:   385970  Throughput:  1507.7 MB/s  Total: 1781.23 GB
[ 1210.4s] IOs:    467040774  IOPS:   385855  Throughput:  1507.2 MB/s  Total: 1781.62 GB
[ 1210.7s] IOs:    467141285  IOPS:   385835  Throughput:  1507.2 MB/s  Total: 1782.00 GB
[ 1211.2s] IOs:    467241992  IOPS:   385764  Throughput:  1506.9 MB/s  Total: 1782.39 GB
[ 1211.7s] IOs:    467342834  IOPS:   385690  Throughput:  1506.6 MB/s  Total: 1782.77 GB
[ 1212.0s] IOs:    467443571  IOPS:   385695  Throughput:  1506.6 MB/s  Total: 1783.16 GB
[ 1212.5s] IOs:    467544087  IOPS:   385619  Throughput:  1506.3 MB/s  Total: 1783.54 GB
[ 1212.8s] IOs:    467644360  IOPS:   385587  Throughput:  1506.2 MB/s  Total: 1783.92 GB
[ 1213.4s] IOs:    467745049  IOPS:   385488  Throughput:  1505.8 MB/s  Total: 1784.31 GB
[ 1213.7s] IOs:    467845758  IOPS:   385477  Throughput:  1505.8 MB/s  Total: 1784.69 GB
[ 1214.3s] IOs:    467946682  IOPS:   385379  Throughput:  1505.4 MB/s  Total: 1785.07 GB
[ 1214.6s] IOs:    468047392  IOPS:   385349  Throughput:  1505.3 MB/s  Total: 1785.46 GB
[ 1214.8s] IOs:    468147889  IOPS:   385364  Throughput:  1505.3 MB/s  Total: 1785.84 GB
[ 1215.5s] IOs:    468248467  IOPS:   385242  Throughput:  1504.9 MB/s  Total: 1786.23 GB
[ 1215.7s] IOs:    468349099  IOPS:   385247  Throughput:  1504.9 MB/s  Total: 1786.61 GB
[ 1216.2s] IOs:    468450079  IOPS:   385170  Throughput:  1504.6 MB/s  Total: 1787.00 GB
[ 1216.7s] IOs:    468550846  IOPS:   385096  Throughput:  1504.3 MB/s  Total: 1787.38 GB
[ 1217.1s] IOs:    468651420  IOPS:   385066  Throughput:  1504.2 MB/s  Total: 1787.76 GB
[ 1217.4s] IOs:    468752233  IOPS:   385049  Throughput:  1504.1 MB/s  Total: 1788.15 GB
[ 1217.8s] IOs:    468852708  IOPS:   384998  Throughput:  1503.9 MB/s  Total: 1788.53 GB
[ 1218.2s] IOs:    468953421  IOPS:   384941  Throughput:  1503.7 MB/s  Total: 1788.92 GB
[ 1218.5s] IOs:    469053960  IOPS:   384948  Throughput:  1503.7 MB/s  Total: 1789.30 GB
[ 1218.8s] IOs:    469154404  IOPS:   384917  Throughput:  1503.6 MB/s  Total: 1789.68 GB
[ 1219.3s] IOs:    469254736  IOPS:   384867  Throughput:  1503.4 MB/s  Total: 1790.06 GB
[ 1219.7s] IOs:    469355231  IOPS:   384806  Throughput:  1503.2 MB/s  Total: 1790.45 GB
[ 1220.0s] IOs:    469455863  IOPS:   384812  Throughput:  1503.2 MB/s  Total: 1790.83 GB
[ 1220.3s] IOs:    469556447  IOPS:   384801  Throughput:  1503.1 MB/s  Total: 1791.22 GB
[ 1220.5s] IOs:    469656583  IOPS:   384811  Throughput:  1503.2 MB/s  Total: 1791.60 GB
[ 1221.2s] IOs:    469756967  IOPS:   384683  Throughput:  1502.7 MB/s  Total: 1791.98 GB
[ 1221.4s] IOs:    469857901  IOPS:   384693  Throughput:  1502.7 MB/s  Total: 1792.37 GB
[ 1222.0s] IOs:    469958001  IOPS:   384579  Throughput:  1502.3 MB/s  Total: 1792.75 GB
[ 1222.4s] IOs:    470058492  IOPS:   384550  Throughput:  1502.1 MB/s  Total: 1793.13 GB
[ 1222.9s] IOs:    470158860  IOPS:   384476  Throughput:  1501.9 MB/s  Total: 1793.51 GB
[ 1223.5s] IOs:    470259576  IOPS:   384372  Throughput:  1501.5 MB/s  Total: 1793.90 GB
[ 1223.7s] IOs:    470360240  IOPS:   384370  Throughput:  1501.4 MB/s  Total: 1794.28 GB
[ 1224.2s] IOs:    470460903  IOPS:   384302  Throughput:  1501.2 MB/s  Total: 1794.67 GB
[ 1224.6s] IOs:    470561627  IOPS:   384270  Throughput:  1501.1 MB/s  Total: 1795.05 GB
[ 1224.9s] IOs:    470661788  IOPS:   384251  Throughput:  1501.0 MB/s  Total: 1795.43 GB
[ 1225.4s] IOs:    470762141  IOPS:   384180  Throughput:  1500.7 MB/s  Total: 1795.82 GB
[ 1226.3s] IOs:    470862662  IOPS:   383962  Throughput:  1499.8 MB/s  Total: 1796.20 GB
[ 1226.9s] IOs:    470963629  IOPS:   383867  Throughput:  1499.5 MB/s  Total: 1796.58 GB
[ 1227.4s] IOs:    471064594  IOPS:   383775  Throughput:  1499.1 MB/s  Total: 1796.97 GB
[ 1228.2s] IOs:    471165285  IOPS:   383634  Throughput:  1498.6 MB/s  Total: 1797.35 GB
[ 1228.8s] IOs:    471265865  IOPS:   383527  Throughput:  1498.2 MB/s  Total: 1797.74 GB
[ 1229.3s] IOs:    471366392  IOPS:   383451  Throughput:  1497.9 MB/s  Total: 1798.12 GB
[ 1229.7s] IOs:    471466924  IOPS:   383397  Throughput:  1497.6 MB/s  Total: 1798.50 GB
[ 1230.3s] IOs:    471567849  IOPS:   383296  Throughput:  1497.3 MB/s  Total: 1798.89 GB
[ 1230.7s] IOs:    471668272  IOPS:   383256  Throughput:  1497.1 MB/s  Total: 1799.27 GB
[ 1230.9s] IOs:    471768582  IOPS:   383257  Throughput:  1497.1 MB/s  Total: 1799.65 GB
[ 1231.6s] IOs:    471869134  IOPS:   383150  Throughput:  1496.7 MB/s  Total: 1800.04 GB
[ 1231.8s] IOs:    471970037  IOPS:   383140  Throughput:  1496.6 MB/s  Total: 1800.42 GB
[ 1232.5s] IOs:    472070895  IOPS:   383013  Throughput:  1496.1 MB/s  Total: 1800.81 GB
[ 1232.9s] IOs:    472171386  IOPS:   382981  Throughput:  1496.0 MB/s  Total: 1801.19 GB
[ 1233.4s] IOs:    472272353  IOPS:   382906  Throughput:  1495.7 MB/s  Total: 1801.58 GB
[ 1233.8s] IOs:    472372914  IOPS:   382873  Throughput:  1495.6 MB/s  Total: 1801.96 GB
[ 1234.2s] IOs:    472473865  IOPS:   382802  Throughput:  1495.3 MB/s  Total: 1802.34 GB
[ 1234.5s] IOs:    472574504  IOPS:   382814  Throughput:  1495.4 MB/s  Total: 1802.73 GB
[ 1235.0s] IOs:    472674977  IOPS:   382737  Throughput:  1495.1 MB/s  Total: 1803.11 GB
[ 1235.4s] IOs:    472775569  IOPS:   382699  Throughput:  1494.9 MB/s  Total: 1803.50 GB
[ 1235.7s] IOs:    472876234  IOPS:   382674  Throughput:  1494.8 MB/s  Total: 1803.88 GB
[ 1236.0s] IOs:    472977026  IOPS:   382655  Throughput:  1494.7 MB/s  Total: 1804.26 GB
[ 1236.4s] IOs:    473077749  IOPS:   382639  Throughput:  1494.7 MB/s  Total: 1804.65 GB
[ 1236.7s] IOs:    473178622  IOPS:   382609  Throughput:  1494.6 MB/s  Total: 1805.03 GB
[ 1236.9s] IOs:    473279237  IOPS:   382621  Throughput:  1494.6 MB/s  Total: 1805.42 GB
[ 1237.3s] IOs:    473380146  IOPS:   382584  Throughput:  1494.5 MB/s  Total: 1805.80 GB
[ 1237.6s] IOs:    473480584  IOPS:   382585  Throughput:  1494.5 MB/s  Total: 1806.19 GB
[ 1238.0s] IOs:    473581293  IOPS:   382552  Throughput:  1494.3 MB/s  Total: 1806.57 GB
[ 1238.2s] IOs:    473681736  IOPS:   382544  Throughput:  1494.3 MB/s  Total: 1806.95 GB
[ 1238.5s] IOs:    473782307  IOPS:   382543  Throughput:  1494.3 MB/s  Total: 1807.34 GB
[ 1238.8s] IOs:    473882916  IOPS:   382527  Throughput:  1494.2 MB/s  Total: 1807.72 GB
[ 1239.7s] IOs:    473982963  IOPS:   382340  Throughput:  1493.5 MB/s  Total: 1808.10 GB
[ 1239.9s] IOs:    474083488  IOPS:   382352  Throughput:  1493.6 MB/s  Total: 1808.48 GB
[ 1240.5s] IOs:    474184253  IOPS:   382263  Throughput:  1493.2 MB/s  Total: 1808.87 GB
[ 1241.1s] IOs:    474284343  IOPS:   382158  Throughput:  1492.8 MB/s  Total: 1809.25 GB
[ 1241.3s] IOs:    474385050  IOPS:   382156  Throughput:  1492.8 MB/s  Total: 1809.64 GB
[ 1241.8s] IOs:    474485580  IOPS:   382098  Throughput:  1492.6 MB/s  Total: 1810.02 GB
[ 1242.0s] IOs:    474586462  IOPS:   382108  Throughput:  1492.6 MB/s  Total: 1810.40 GB
[ 1242.8s] IOs:    474687228  IOPS:   381948  Throughput:  1492.0 MB/s  Total: 1810.79 GB
[ 1243.1s] IOs:    474788021  IOPS:   381953  Throughput:  1492.0 MB/s  Total: 1811.17 GB
[ 1243.5s] IOs:    474888809  IOPS:   381912  Throughput:  1491.8 MB/s  Total: 1811.56 GB
[ 1243.7s] IOs:    474989508  IOPS:   381915  Throughput:  1491.9 MB/s  Total: 1811.94 GB
[ 1244.2s] IOs:    475090041  IOPS:   381842  Throughput:  1491.6 MB/s  Total: 1812.32 GB
[ 1244.5s] IOs:    475190826  IOPS:   381829  Throughput:  1491.5 MB/s  Total: 1812.71 GB
[ 1244.9s] IOs:    475291612  IOPS:   381779  Throughput:  1491.3 MB/s  Total: 1813.09 GB
[ 1245.3s] IOs:    475392169  IOPS:   381757  Throughput:  1491.2 MB/s  Total: 1813.48 GB
[ 1245.7s] IOs:    475492812  IOPS:   381708  Throughput:  1491.0 MB/s  Total: 1813.86 GB
[ 1246.0s] IOs:    475593436  IOPS:   381702  Throughput:  1491.0 MB/s  Total: 1814.24 GB
[ 1246.2s] IOs:    475693647  IOPS:   381709  Throughput:  1491.1 MB/s  Total: 1814.63 GB
[ 1246.7s] IOs:    475794159  IOPS:   381653  Throughput:  1490.8 MB/s  Total: 1815.01 GB
[ 1247.0s] IOs:    475894531  IOPS:   381644  Throughput:  1490.8 MB/s  Total: 1815.39 GB
[Reader] Parsed 69000000 lines, distributed 475989470 writes, unique 592.02 GB, skipped 0
[ 1247.6s] IOs:    475995092  IOPS:   381540  Throughput:  1490.4 MB/s  Total: 1815.78 GB
[ 1248.0s] IOs:    476095696  IOPS:   381482  Throughput:  1490.2 MB/s  Total: 1816.16 GB
[ 1248.6s] IOs:    476196239  IOPS:   381371  Throughput:  1489.7 MB/s  Total: 1816.54 GB
[ 1249.2s] IOs:    476296984  IOPS:   381284  Throughput:  1489.4 MB/s  Total: 1816.93 GB
[ 1249.8s] IOs:    476397635  IOPS:   381184  Throughput:  1489.0 MB/s  Total: 1817.31 GB
[ 1250.3s] IOs:    476498533  IOPS:   381098  Throughput:  1488.7 MB/s  Total: 1817.70 GB
[ 1250.8s] IOs:    476599243  IOPS:   381042  Throughput:  1488.4 MB/s  Total: 1818.08 GB
[ 1251.3s] IOs:    476700010  IOPS:   380974  Throughput:  1488.2 MB/s  Total: 1818.47 GB
[ 1251.8s] IOs:    476800671  IOPS:   380894  Throughput:  1487.9 MB/s  Total: 1818.85 GB
[ 1253.1s] IOs:    476901354  IOPS:   380569  Throughput:  1486.6 MB/s  Total: 1819.23 GB
[ 1254.6s] IOs:    477001832  IOPS:   380213  Throughput:  1485.2 MB/s  Total: 1819.62 GB
[ 1255.7s] IOs:    477102545  IOPS:   379960  Throughput:  1484.2 MB/s  Total: 1820.00 GB
[ 1256.8s] IOs:    477203267  IOPS:   379701  Throughput:  1483.2 MB/s  Total: 1820.39 GB
[ 1257.8s] IOs:    477304267  IOPS:   379470  Throughput:  1482.3 MB/s  Total: 1820.77 GB
[ 1258.9s] IOs:    477405076  IOPS:   379236  Throughput:  1481.4 MB/s  Total: 1821.16 GB
[ 1259.4s] IOs:    477505875  IOPS:   379150  Throughput:  1481.1 MB/s  Total: 1821.54 GB
[ 1260.5s] IOs:    477606484  IOPS:   378887  Throughput:  1480.0 MB/s  Total: 1821.92 GB
[ 1260.9s] IOs:    477707019  IOPS:   378874  Throughput:  1480.0 MB/s  Total: 1822.31 GB
[ 1261.9s] IOs:    477807958  IOPS:   378641  Throughput:  1479.1 MB/s  Total: 1822.69 GB
[ 1262.3s] IOs:    477908893  IOPS:   378611  Throughput:  1479.0 MB/s  Total: 1823.08 GB
[ 1262.9s] IOs:    478009591  IOPS:   378503  Throughput:  1478.5 MB/s  Total: 1823.46 GB
[ 1263.4s] IOs:    478110187  IOPS:   378437  Throughput:  1478.3 MB/s  Total: 1823.85 GB
[ 1264.0s] IOs:    478210190  IOPS:   378323  Throughput:  1477.8 MB/s  Total: 1824.23 GB
[ 1264.5s] IOs:    478310866  IOPS:   378250  Throughput:  1477.5 MB/s  Total: 1824.61 GB
[ 1264.9s] IOs:    478411626  IOPS:   378228  Throughput:  1477.5 MB/s  Total: 1825.00 GB
[ 1265.5s] IOs:    478511850  IOPS:   378131  Throughput:  1477.1 MB/s  Total: 1825.38 GB
[ 1266.2s] IOs:    478612043  IOPS:   377977  Throughput:  1476.5 MB/s  Total: 1825.76 GB
[ 1266.9s] IOs:    478712825  IOPS:   377869  Throughput:  1476.0 MB/s  Total: 1826.14 GB
[ 1267.7s] IOs:    478813696  IOPS:   377696  Throughput:  1475.4 MB/s  Total: 1826.53 GB
[ 1268.4s] IOs:    478914547  IOPS:   377575  Throughput:  1474.9 MB/s  Total: 1826.91 GB
[ 1268.8s] IOs:    479015075  IOPS:   377524  Throughput:  1474.7 MB/s  Total: 1827.30 GB
[ 1269.8s] IOs:    479115619  IOPS:   377318  Throughput:  1473.9 MB/s  Total: 1827.68 GB
[ 1270.6s] IOs:    479216217  IOPS:   377155  Throughput:  1473.3 MB/s  Total: 1828.06 GB
[ 1271.3s] IOs:    479317070  IOPS:   377034  Throughput:  1472.8 MB/s  Total: 1828.45 GB
[ 1271.9s] IOs:    479417779  IOPS:   376932  Throughput:  1472.4 MB/s  Total: 1828.83 GB
[ 1272.8s] IOs:    479518380  IOPS:   376747  Throughput:  1471.7 MB/s  Total: 1829.22 GB
[ 1273.4s] IOs:    479619253  IOPS:   376644  Throughput:  1471.3 MB/s  Total: 1829.60 GB
[ 1273.9s] IOs:    479719590  IOPS:   376568  Throughput:  1471.0 MB/s  Total: 1829.99 GB
[ 1274.4s] IOs:    479820442  IOPS:   376502  Throughput:  1470.7 MB/s  Total: 1830.37 GB
[ 1275.1s] IOs:    479921317  IOPS:   376380  Throughput:  1470.2 MB/s  Total: 1830.75 GB
[ 1275.5s] IOs:    480021781  IOPS:   376352  Throughput:  1470.1 MB/s  Total: 1831.14 GB
[ 1276.1s] IOs:    480122280  IOPS:   376255  Throughput:  1469.7 MB/s  Total: 1831.52 GB
[ 1276.4s] IOs:    480222829  IOPS:   376219  Throughput:  1469.6 MB/s  Total: 1831.90 GB
[ 1277.3s] IOs:    480323472  IOPS:   376039  Throughput:  1468.9 MB/s  Total: 1832.29 GB
[ 1278.1s] IOs:    480424392  IOPS:   375890  Throughput:  1468.3 MB/s  Total: 1832.67 GB
[ 1278.8s] IOs:    480525215  IOPS:   375752  Throughput:  1467.8 MB/s  Total: 1833.06 GB
[ 1279.4s] IOs:    480626000  IOPS:   375657  Throughput:  1467.4 MB/s  Total: 1833.44 GB
[ 1279.9s] IOs:    480726465  IOPS:   375587  Throughput:  1467.1 MB/s  Total: 1833.83 GB
[ 1280.5s] IOs:    480826863  IOPS:   375500  Throughput:  1466.8 MB/s  Total: 1834.21 GB
[ 1281.1s] IOs:    480927844  IOPS:   375394  Throughput:  1466.4 MB/s  Total: 1834.59 GB
[ 1281.4s] IOs:    481028582  IOPS:   375388  Throughput:  1466.4 MB/s  Total: 1834.98 GB
[ 1282.0s] IOs:    481128934  IOPS:   375281  Throughput:  1465.9 MB/s  Total: 1835.36 GB
[ 1282.4s] IOs:    481229316  IOPS:   375265  Throughput:  1465.9 MB/s  Total: 1835.74 GB
[ 1283.0s] IOs:    481329983  IOPS:   375158  Throughput:  1465.5 MB/s  Total: 1836.13 GB
[ 1283.3s] IOs:    481430654  IOPS:   375141  Throughput:  1465.4 MB/s  Total: 1836.51 GB
[ 1283.9s] IOs:    481531468  IOPS:   375067  Throughput:  1465.1 MB/s  Total: 1836.90 GB
[ 1284.3s] IOs:    481632400  IOPS:   375008  Throughput:  1464.9 MB/s  Total: 1837.28 GB
[ 1284.8s] IOs:    481732956  IOPS:   374935  Throughput:  1464.6 MB/s  Total: 1837.67 GB
[ 1285.3s] IOs:    481833801  IOPS:   374872  Throughput:  1464.3 MB/s  Total: 1838.05 GB
[ 1285.9s] IOs:    481933889  IOPS:   374774  Throughput:  1464.0 MB/s  Total: 1838.43 GB
[ 1286.5s] IOs:    482034903  IOPS:   374689  Throughput:  1463.6 MB/s  Total: 1838.82 GB
[ 1286.9s] IOs:    482135448  IOPS:   374640  Throughput:  1463.4 MB/s  Total: 1839.20 GB
[ 1287.4s] IOs:    482236162  IOPS:   374573  Throughput:  1463.2 MB/s  Total: 1839.58 GB
[ 1288.2s] IOs:    482336712  IOPS:   374436  Throughput:  1462.6 MB/s  Total: 1839.97 GB
[ 1288.8s] IOs:    482437481  IOPS:   374326  Throughput:  1462.2 MB/s  Total: 1840.35 GB
[ 1289.4s] IOs:    482538022  IOPS:   374239  Throughput:  1461.9 MB/s  Total: 1840.74 GB
[ 1290.3s] IOs:    482638573  IOPS:   374063  Throughput:  1461.2 MB/s  Total: 1841.12 GB
[ 1291.1s] IOs:    482739335  IOPS:   373898  Throughput:  1460.5 MB/s  Total: 1841.50 GB
[ 1291.4s] IOs:    482839689  IOPS:   373901  Throughput:  1460.6 MB/s  Total: 1841.89 GB
[ 1292.2s] IOs:    482939738  IOPS:   373720  Throughput:  1459.8 MB/s  Total: 1842.27 GB
[ 1292.9s] IOs:    483040566  IOPS:   373603  Throughput:  1459.4 MB/s  Total: 1842.65 GB
[ 1293.4s] IOs:    483141325  IOPS:   373532  Throughput:  1459.1 MB/s  Total: 1843.04 GB
[ 1293.9s] IOs:    483242070  IOPS:   373464  Throughput:  1458.8 MB/s  Total: 1843.42 GB
[ 1294.8s] IOs:    483342933  IOPS:   373307  Throughput:  1458.2 MB/s  Total: 1843.81 GB
[ 1295.3s] IOs:    483443550  IOPS:   373217  Throughput:  1457.9 MB/s  Total: 1844.19 GB
[ 1295.9s] IOs:    483544580  IOPS:   373122  Throughput:  1457.5 MB/s  Total: 1844.58 GB
[ 1296.4s] IOs:    483645570  IOPS:   373057  Throughput:  1457.3 MB/s  Total: 1844.96 GB
[ 1297.0s] IOs:    483746310  IOPS:   372979  Throughput:  1457.0 MB/s  Total: 1845.35 GB
[ 1297.5s] IOs:    483847097  IOPS:   372907  Throughput:  1456.7 MB/s  Total: 1845.73 GB
[ 1298.0s] IOs:    483947877  IOPS:   372842  Throughput:  1456.4 MB/s  Total: 1846.11 GB
[ 1298.5s] IOs:    484047914  IOPS:   372776  Throughput:  1456.2 MB/s  Total: 1846.50 GB
[ 1299.0s] IOs:    484148654  IOPS:   372719  Throughput:  1455.9 MB/s  Total: 1846.88 GB
[ 1299.5s] IOs:    484249252  IOPS:   372656  Throughput:  1455.7 MB/s  Total: 1847.26 GB
[ 1299.9s] IOs:    484350008  IOPS:   372602  Throughput:  1455.5 MB/s  Total: 1847.65 GB
[ 1300.2s] IOs:    484450286  IOPS:   372584  Throughput:  1455.4 MB/s  Total: 1848.03 GB
[ 1300.5s] IOs:    484551005  IOPS:   372595  Throughput:  1455.4 MB/s  Total: 1848.42 GB
[ 1301.0s] IOs:    484651821  IOPS:   372512  Throughput:  1455.1 MB/s  Total: 1848.80 GB
[ 1301.4s] IOs:    484752302  IOPS:   372485  Throughput:  1455.0 MB/s  Total: 1849.18 GB
[ 1301.9s] IOs:    484852695  IOPS:   372427  Throughput:  1454.8 MB/s  Total: 1849.57 GB
[ 1302.1s] IOs:    484953113  IOPS:   372437  Throughput:  1454.8 MB/s  Total: 1849.95 GB
[ 1302.5s] IOs:    485053890  IOPS:   372409  Throughput:  1454.7 MB/s  Total: 1850.33 GB
[ 1302.9s] IOs:    485154596  IOPS:   372370  Throughput:  1454.6 MB/s  Total: 1850.72 GB
[ 1303.2s] IOs:    485255361  IOPS:   372364  Throughput:  1454.5 MB/s  Total: 1851.10 GB
[ 1303.5s] IOs:    485355857  IOPS:   372355  Throughput:  1454.5 MB/s  Total: 1851.49 GB
[ 1303.8s] IOs:    485456449  IOPS:   372330  Throughput:  1454.4 MB/s  Total: 1851.87 GB
[ 1304.1s] IOs:    485556909  IOPS:   372318  Throughput:  1454.4 MB/s  Total: 1852.25 GB
[ 1304.4s] IOs:    485657666  IOPS:   372326  Throughput:  1454.4 MB/s  Total: 1852.64 GB
[ 1304.9s] IOs:    485758547  IOPS:   372258  Throughput:  1454.1 MB/s  Total: 1853.02 GB
[ 1305.4s] IOs:    485859006  IOPS:   372192  Throughput:  1453.9 MB/s  Total: 1853.41 GB
[ 1305.9s] IOs:    485959663  IOPS:   372129  Throughput:  1453.6 MB/s  Total: 1853.79 GB
[ 1306.2s] IOs:    486060183  IOPS:   372107  Throughput:  1453.5 MB/s  Total: 1854.17 GB
[ 1306.6s] IOs:    486160818  IOPS:   372095  Throughput:  1453.5 MB/s  Total: 1854.56 GB
[ 1306.9s] IOs:    486261513  IOPS:   372064  Throughput:  1453.4 MB/s  Total: 1854.94 GB
[ 1307.4s] IOs:    486362037  IOPS:   372000  Throughput:  1453.1 MB/s  Total: 1855.32 GB
[ 1307.8s] IOs:    486462633  IOPS:   371970  Throughput:  1453.0 MB/s  Total: 1855.71 GB
[ 1308.0s] IOs:    486563137  IOPS:   371979  Throughput:  1453.0 MB/s  Total: 1856.09 GB
[ 1308.5s] IOs:    486663807  IOPS:   371917  Throughput:  1452.8 MB/s  Total: 1856.48 GB
[Reader] Parsed 70000000 lines, distributed 486671743 writes, unique 604.51 GB, skipped 0
[ 1309.0s] IOs:    486763841  IOPS:   371852  Throughput:  1452.5 MB/s  Total: 1856.86 GB
[ 1309.4s] IOs:    486864378  IOPS:   371816  Throughput:  1452.4 MB/s  Total: 1857.24 GB
[ 1309.8s] IOs:    486964742  IOPS:   371788  Throughput:  1452.3 MB/s  Total: 1857.62 GB
[ 1310.1s] IOs:    487065495  IOPS:   371773  Throughput:  1452.2 MB/s  Total: 1858.01 GB
[ 1310.4s] IOs:    487166234  IOPS:   371761  Throughput:  1452.2 MB/s  Total: 1858.39 GB
[ 1311.0s] IOs:    487267144  IOPS:   371684  Throughput:  1451.9 MB/s  Total: 1858.78 GB
[ 1311.2s] IOs:    487367593  IOPS:   371683  Throughput:  1451.9 MB/s  Total: 1859.16 GB
[ 1311.5s] IOs:    487468000  IOPS:   371688  Throughput:  1451.9 MB/s  Total: 1859.54 GB
[ 1312.0s] IOs:    487568679  IOPS:   371618  Throughput:  1451.6 MB/s  Total: 1859.93 GB
[ 1312.3s] IOs:    487669270  IOPS:   371627  Throughput:  1451.7 MB/s  Total: 1860.31 GB
[ 1312.6s] IOs:    487770039  IOPS:   371592  Throughput:  1451.5 MB/s  Total: 1860.70 GB
[ 1312.9s] IOs:    487870766  IOPS:   371596  Throughput:  1451.5 MB/s  Total: 1861.08 GB
[ 1313.3s] IOs:    487971073  IOPS:   371562  Throughput:  1451.4 MB/s  Total: 1861.46 GB
[ 1313.5s] IOs:    488071372  IOPS:   371579  Throughput:  1451.5 MB/s  Total: 1861.84 GB
[ 1314.0s] IOs:    488171843  IOPS:   371524  Throughput:  1451.3 MB/s  Total: 1862.23 GB
[ 1314.3s] IOs:    488272803  IOPS:   371509  Throughput:  1451.2 MB/s  Total: 1862.61 GB
[ 1314.7s] IOs:    488373697  IOPS:   371474  Throughput:  1451.1 MB/s  Total: 1863.00 GB
[ 1314.9s] IOs:    488474503  IOPS:   371483  Throughput:  1451.1 MB/s  Total: 1863.38 GB
[ 1315.4s] IOs:    488575134  IOPS:   371417  Throughput:  1450.8 MB/s  Total: 1863.77 GB
[ 1315.7s] IOs:    488675703  IOPS:   371431  Throughput:  1450.9 MB/s  Total: 1864.15 GB
[ 1316.2s] IOs:    488776446  IOPS:   371351  Throughput:  1450.6 MB/s  Total: 1864.53 GB
[ 1316.5s] IOs:    488877252  IOPS:   371360  Throughput:  1450.6 MB/s  Total: 1864.92 GB
[ 1317.0s] IOs:    488978133  IOPS:   371286  Throughput:  1450.3 MB/s  Total: 1865.30 GB
[ 1317.4s] IOs:    489079081  IOPS:   371236  Throughput:  1450.1 MB/s  Total: 1865.69 GB
[ 1318.0s] IOs:    489179835  IOPS:   371161  Throughput:  1449.8 MB/s  Total: 1866.07 GB
[ 1318.3s] IOs:    489280625  IOPS:   371147  Throughput:  1449.8 MB/s  Total: 1866.46 GB
[ 1318.6s] IOs:    489381275  IOPS:   371137  Throughput:  1449.8 MB/s  Total: 1866.84 GB
[ 1319.3s] IOs:    489481631  IOPS:   371028  Throughput:  1449.3 MB/s  Total: 1867.22 GB
[ 1319.6s] IOs:    489582072  IOPS:   370999  Throughput:  1449.2 MB/s  Total: 1867.61 GB
[ 1320.0s] IOs:    489682490  IOPS:   370978  Throughput:  1449.1 MB/s  Total: 1867.99 GB
[ 1320.6s] IOs:    489783296  IOPS:   370890  Throughput:  1448.8 MB/s  Total: 1868.38 GB
[ 1320.9s] IOs:    489884004  IOPS:   370861  Throughput:  1448.7 MB/s  Total: 1868.76 GB
[ 1321.6s] IOs:    489984723  IOPS:   370759  Throughput:  1448.3 MB/s  Total: 1869.14 GB
[ 1321.8s] IOs:    490085127  IOPS:   370761  Throughput:  1448.3 MB/s  Total: 1869.53 GB
[ 1322.1s] IOs:    490185363  IOPS:   370758  Throughput:  1448.3 MB/s  Total: 1869.91 GB
[ 1322.5s] IOs:    490286204  IOPS:   370724  Throughput:  1448.1 MB/s  Total: 1870.29 GB
[ 1323.0s] IOs:    490386932  IOPS:   370672  Throughput:  1447.9 MB/s  Total: 1870.68 GB
[ 1323.3s] IOs:    490487628  IOPS:   370657  Throughput:  1447.9 MB/s  Total: 1871.06 GB
[ 1323.8s] IOs:    490588108  IOPS:   370601  Throughput:  1447.7 MB/s  Total: 1871.45 GB
[ 1324.0s] IOs:    490688282  IOPS:   370605  Throughput:  1447.7 MB/s  Total: 1871.83 GB
[ 1324.5s] IOs:    490788863  IOPS:   370534  Throughput:  1447.4 MB/s  Total: 1872.21 GB
[ 1324.9s] IOs:    490888965  IOPS:   370510  Throughput:  1447.3 MB/s  Total: 1872.59 GB
[ 1325.4s] IOs:    490989798  IOPS:   370436  Throughput:  1447.0 MB/s  Total: 1872.98 GB
[ 1325.8s] IOs:    491090283  IOPS:   370413  Throughput:  1446.9 MB/s  Total: 1873.36 GB
[ 1326.0s] IOs:    491190526  IOPS:   370417  Throughput:  1446.9 MB/s  Total: 1873.74 GB
[ 1326.6s] IOs:    491291379  IOPS:   370351  Throughput:  1446.7 MB/s  Total: 1874.13 GB
[ 1326.9s] IOs:    491391962  IOPS:   370330  Throughput:  1446.6 MB/s  Total: 1874.51 GB
[ 1327.3s] IOs:    491492834  IOPS:   370292  Throughput:  1446.5 MB/s  Total: 1874.90 GB
[ 1328.3s] IOs:    491593675  IOPS:   370087  Throughput:  1445.7 MB/s  Total: 1875.28 GB
[ 1329.4s] IOs:    491694296  IOPS:   369874  Throughput:  1444.8 MB/s  Total: 1875.66 GB
[ 1330.3s] IOs:    491794790  IOPS:   369690  Throughput:  1444.1 MB/s  Total: 1876.05 GB
[ 1330.9s] IOs:    491894910  IOPS:   369589  Throughput:  1443.7 MB/s  Total: 1876.43 GB
[ 1332.1s] IOs:    491994968  IOPS:   369346  Throughput:  1442.8 MB/s  Total: 1876.81 GB
[ 1332.4s] IOs:    492095532  IOPS:   369328  Throughput:  1442.7 MB/s  Total: 1877.20 GB
[ 1333.3s] IOs:    492195547  IOPS:   369146  Throughput:  1442.0 MB/s  Total: 1877.58 GB
[ 1333.9s] IOs:    492296189  IOPS:   369066  Throughput:  1441.7 MB/s  Total: 1877.96 GB
[ 1334.4s] IOs:    492396977  IOPS:   368991  Throughput:  1441.4 MB/s  Total: 1878.35 GB
[ 1335.0s] IOs:    492496985  IOPS:   368920  Throughput:  1441.1 MB/s  Total: 1878.73 GB
[ 1335.8s] IOs:    492597176  IOPS:   368770  Throughput:  1440.5 MB/s  Total: 1879.11 GB
[ 1336.5s] IOs:    492697640  IOPS:   368658  Throughput:  1440.1 MB/s  Total: 1879.49 GB
[ 1337.1s] IOs:    492798422  IOPS:   368571  Throughput:  1439.7 MB/s  Total: 1879.88 GB
[ 1337.4s] IOs:    492899080  IOPS:   368539  Throughput:  1439.6 MB/s  Total: 1880.26 GB
[ 1338.0s] IOs:    493000037  IOPS:   368463  Throughput:  1439.3 MB/s  Total: 1880.65 GB
[ 1338.4s] IOs:    493100078  IOPS:   368416  Throughput:  1439.1 MB/s  Total: 1881.03 GB
[ 1339.1s] IOs:    493200963  IOPS:   368320  Throughput:  1438.8 MB/s  Total: 1881.41 GB
[ 1339.4s] IOs:    493301425  IOPS:   368303  Throughput:  1438.7 MB/s  Total: 1881.80 GB
[ 1339.9s] IOs:    493402085  IOPS:   368234  Throughput:  1438.4 MB/s  Total: 1882.18 GB
[ 1340.3s] IOs:    493502727  IOPS:   368201  Throughput:  1438.3 MB/s  Total: 1882.56 GB
[ 1340.6s] IOs:    493603425  IOPS:   368208  Throughput:  1438.3 MB/s  Total: 1882.95 GB
[ 1341.2s] IOs:    493704029  IOPS:   368113  Throughput:  1437.9 MB/s  Total: 1883.33 GB
[ 1341.5s] IOs:    493804780  IOPS:   368104  Throughput:  1437.9 MB/s  Total: 1883.72 GB
[ 1341.9s] IOs:    493905235  IOPS:   368070  Throughput:  1437.8 MB/s  Total: 1884.10 GB
[ 1342.1s] IOs:    494005834  IOPS:   368072  Throughput:  1437.8 MB/s  Total: 1884.48 GB
[ 1342.7s] IOs:    494106637  IOPS:   367990  Throughput:  1437.5 MB/s  Total: 1884.87 GB
[ 1343.1s] IOs:    494207414  IOPS:   367973  Throughput:  1437.4 MB/s  Total: 1885.25 GB
[ 1343.6s] IOs:    494308425  IOPS:   367897  Throughput:  1437.1 MB/s  Total: 1885.64 GB
[ 1344.0s] IOs:    494408866  IOPS:   367869  Throughput:  1437.0 MB/s  Total: 1886.02 GB
[ 1344.5s] IOs:    494509535  IOPS:   367808  Throughput:  1436.7 MB/s  Total: 1886.40 GB
[ 1345.2s] IOs:    494610026  IOPS:   367694  Throughput:  1436.3 MB/s  Total: 1886.79 GB
[ 1346.0s] IOs:    494710564  IOPS:   367544  Throughput:  1435.7 MB/s  Total: 1887.17 GB
[ 1346.5s] IOs:    494811532  IOPS:   367469  Throughput:  1435.4 MB/s  Total: 1887.56 GB
[ 1347.1s] IOs:    494911922  IOPS:   367401  Throughput:  1435.2 MB/s  Total: 1887.94 GB
[ 1347.6s] IOs:    495012488  IOPS:   367337  Throughput:  1434.9 MB/s  Total: 1888.32 GB
[ 1348.4s] IOs:    495113070  IOPS:   367196  Throughput:  1434.4 MB/s  Total: 1888.71 GB
[ 1349.0s] IOs:    495213729  IOPS:   367096  Throughput:  1434.0 MB/s  Total: 1889.09 GB
[ 1356.4s] IOs:    495314181  IOPS:   365170  Throughput:  1426.4 MB/s  Total: 1889.47 GB
[ 1358.1s] IOs:    495414340  IOPS:   364776  Throughput:  1424.9 MB/s  Total: 1889.86 GB
[ 1358.5s] IOs:    495515013  IOPS:   364755  Throughput:  1424.8 MB/s  Total: 1890.24 GB
[ 1359.0s] IOs:    495615306  IOPS:   364685  Throughput:  1424.6 MB/s  Total: 1890.62 GB
[ 1359.3s] IOs:    495715858  IOPS:   364678  Throughput:  1424.5 MB/s  Total: 1891.01 GB
[ 1359.6s] IOs:    495816250  IOPS:   364688  Throughput:  1424.6 MB/s  Total: 1891.39 GB
[ 1360.0s] IOs:    495917173  IOPS:   364636  Throughput:  1424.4 MB/s  Total: 1891.77 GB
[ 1360.3s] IOs:    496017662  IOPS:   364625  Throughput:  1424.3 MB/s  Total: 1892.16 GB
[ 1360.6s] IOs:    496118031  IOPS:   364630  Throughput:  1424.3 MB/s  Total: 1892.54 GB
[ 1361.0s] IOs:    496218612  IOPS:   364597  Throughput:  1424.2 MB/s  Total: 1892.92 GB
[ 1361.3s] IOs:    496319247  IOPS:   364605  Throughput:  1424.2 MB/s  Total: 1893.31 GB
[ 1361.5s] IOs:    496420212  IOPS:   364606  Throughput:  1424.2 MB/s  Total: 1893.69 GB
[ 1361.9s] IOs:    496520809  IOPS:   364590  Throughput:  1424.2 MB/s  Total: 1894.08 GB
[ 1362.2s] IOs:    496621646  IOPS:   364586  Throughput:  1424.2 MB/s  Total: 1894.46 GB
[ 1362.4s] IOs:    496722243  IOPS:   364593  Throughput:  1424.2 MB/s  Total: 1894.84 GB
[ 1362.6s] IOs:    496822940  IOPS:   364602  Throughput:  1424.2 MB/s  Total: 1895.23 GB
[ 1362.9s] IOs:    496923570  IOPS:   364601  Throughput:  1424.2 MB/s  Total: 1895.61 GB
[ 1363.9s] IOs:    497024511  IOPS:   364416  Throughput:  1423.5 MB/s  Total: 1896.00 GB
[ 1364.6s] IOs:    497125249  IOPS:   364307  Throughput:  1423.1 MB/s  Total: 1896.38 GB
[ 1365.1s] IOs:    497225949  IOPS:   364243  Throughput:  1422.8 MB/s  Total: 1896.77 GB
[ 1365.6s] IOs:    497326679  IOPS:   364187  Throughput:  1422.6 MB/s  Total: 1897.15 GB
[ 1366.1s] IOs:    497427510  IOPS:   364125  Throughput:  1422.4 MB/s  Total: 1897.54 GB
[ 1366.7s] IOs:    497528275  IOPS:   364033  Throughput:  1422.0 MB/s  Total: 1897.92 GB
[ 1367.1s] IOs:    497628930  IOPS:   364009  Throughput:  1421.9 MB/s  Total: 1898.30 GB
[ 1367.6s] IOs:    497729961  IOPS:   363946  Throughput:  1421.7 MB/s  Total: 1898.69 GB
[ 1368.4s] IOs:    497830950  IOPS:   363798  Throughput:  1421.1 MB/s  Total: 1899.07 GB
[ 1369.5s] IOs:    497931462  IOPS:   363587  Throughput:  1420.3 MB/s  Total: 1899.46 GB
[ 1370.6s] IOs:    498032262  IOPS:   363376  Throughput:  1419.4 MB/s  Total: 1899.84 GB
[ 1371.1s] IOs:    498132450  IOPS:   363297  Throughput:  1419.1 MB/s  Total: 1900.22 GB
[ 1372.5s] IOs:    498233154  IOPS:   363000  Throughput:  1418.0 MB/s  Total: 1900.61 GB
[ 1374.0s] IOs:    498333280  IOPS:   362692  Throughput:  1416.8 MB/s  Total: 1900.99 GB
[ 1375.0s] IOs:    498433983  IOPS:   362494  Throughput:  1416.0 MB/s  Total: 1901.37 GB
[ 1376.1s] IOs:    498534532  IOPS:   362287  Throughput:  1415.2 MB/s  Total: 1901.76 GB
[ 1377.1s] IOs:    498635441  IOPS:   362083  Throughput:  1414.4 MB/s  Total: 1902.14 GB
[ 1378.0s] IOs:    498736439  IOPS:   361924  Throughput:  1413.8 MB/s  Total: 1902.53 GB
[ 1378.9s] IOs:    498836458  IOPS:   361752  Throughput:  1413.1 MB/s  Total: 1902.91 GB
[ 1379.8s] IOs:    498936501  IOPS:   361602  Throughput:  1412.5 MB/s  Total: 1903.29 GB
[ 1380.5s] IOs:    499037394  IOPS:   361501  Throughput:  1412.1 MB/s  Total: 1903.68 GB
[ 1381.2s] IOs:    499137683  IOPS:   361392  Throughput:  1411.7 MB/s  Total: 1904.06 GB
[ 1381.7s] IOs:    499238292  IOPS:   361330  Throughput:  1411.4 MB/s  Total: 1904.44 GB
[Reader] Parsed 71000000 lines, distributed 499308305 writes, unique 615.95 GB, skipped 0
[ 1382.2s] IOs:    499339086  IOPS:   361254  Throughput:  1411.1 MB/s  Total: 1904.83 GB
[ 1382.9s] IOs:    499439584  IOPS:   361142  Throughput:  1410.7 MB/s  Total: 1905.21 GB
[ 1383.5s] IOs:    499540130  IOPS:   361061  Throughput:  1410.4 MB/s  Total: 1905.59 GB
[ 1384.0s] IOs:    499640890  IOPS:   361008  Throughput:  1410.2 MB/s  Total: 1905.98 GB
[ 1385.0s] IOs:    499740924  IOPS:   360815  Throughput:  1409.4 MB/s  Total: 1906.36 GB
[ 1385.7s] IOs:    499841945  IOPS:   360710  Throughput:  1409.0 MB/s  Total: 1906.75 GB
[ 1386.7s] IOs:    499942613  IOPS:   360530  Throughput:  1408.3 MB/s  Total: 1907.13 GB
[ 1387.5s] IOs:    500043545  IOPS:   360382  Throughput:  1407.7 MB/s  Total: 1907.51 GB
[ 1388.2s] IOs:    500144358  IOPS:   360286  Throughput:  1407.4 MB/s  Total: 1907.90 GB
[ 1389.0s] IOs:    500245099  IOPS:   360151  Throughput:  1406.8 MB/s  Total: 1908.28 GB
[ 1389.6s] IOs:    500345317  IOPS:   360061  Throughput:  1406.5 MB/s  Total: 1908.67 GB
[ 1390.3s] IOs:    500446316  IOPS:   359951  Throughput:  1406.1 MB/s  Total: 1909.05 GB
[ 1390.8s] IOs:    500546809  IOPS:   359911  Throughput:  1405.9 MB/s  Total: 1909.43 GB
[ 1391.5s] IOs:    500647705  IOPS:   359793  Throughput:  1405.4 MB/s  Total: 1909.82 GB
[ 1392.1s] IOs:    500748537  IOPS:   359705  Throughput:  1405.1 MB/s  Total: 1910.20 GB
[ 1393.2s] IOs:    500849542  IOPS:   359496  Throughput:  1404.3 MB/s  Total: 1910.59 GB
[ 1394.2s] IOs:    500950415  IOPS:   359307  Throughput:  1403.5 MB/s  Total: 1910.97 GB
[ 1395.2s] IOs:    501051125  IOPS:   359120  Throughput:  1402.8 MB/s  Total: 1911.36 GB
[ 1396.2s] IOs:    501151928  IOPS:   358950  Throughput:  1402.1 MB/s  Total: 1911.74 GB
[ 1397.0s] IOs:    501252912  IOPS:   358796  Throughput:  1401.5 MB/s  Total: 1912.13 GB
[ 1397.5s] IOs:    501353249  IOPS:   358761  Throughput:  1401.4 MB/s  Total: 1912.51 GB
[ 1397.7s] IOs:    501453854  IOPS:   358773  Throughput:  1401.5 MB/s  Total: 1912.89 GB
[ 1398.0s] IOs:    501554233  IOPS:   358762  Throughput:  1401.4 MB/s  Total: 1913.28 GB
[ 1398.4s] IOs:    501654619  IOPS:   358742  Throughput:  1401.3 MB/s  Total: 1913.66 GB
[ 1398.7s] IOs:    501755629  IOPS:   358742  Throughput:  1401.3 MB/s  Total: 1914.05 GB
[ 1398.9s] IOs:    501856476  IOPS:   358756  Throughput:  1401.4 MB/s  Total: 1914.43 GB
[ 1399.3s] IOs:    501957390  IOPS:   358729  Throughput:  1401.3 MB/s  Total: 1914.82 GB
[ 1399.5s] IOs:    502058135  IOPS:   358731  Throughput:  1401.3 MB/s  Total: 1915.20 GB
[ 1399.8s] IOs:    502158639  IOPS:   358740  Throughput:  1401.3 MB/s  Total: 1915.58 GB
[ 1400.1s] IOs:    502259104  IOPS:   358731  Throughput:  1401.3 MB/s  Total: 1915.97 GB
[ 1400.4s] IOs:    502359454  IOPS:   358716  Throughput:  1401.2 MB/s  Total: 1916.35 GB
[ 1400.7s] IOs:    502460127  IOPS:   358729  Throughput:  1401.3 MB/s  Total: 1916.73 GB
[ 1400.9s] IOs:    502560531  IOPS:   358745  Throughput:  1401.3 MB/s  Total: 1917.12 GB
[ 1401.2s] IOs:    502661401  IOPS:   358728  Throughput:  1401.3 MB/s  Total: 1917.50 GB
[ 1401.5s] IOs:    502761748  IOPS:   358732  Throughput:  1401.3 MB/s  Total: 1917.88 GB
[ 1401.8s] IOs:    502862565  IOPS:   358732  Throughput:  1401.3 MB/s  Total: 1918.27 GB
[ 1402.1s] IOs:    502963236  IOPS:   358722  Throughput:  1401.3 MB/s  Total: 1918.65 GB
[ 1402.3s] IOs:    503063640  IOPS:   358735  Throughput:  1401.3 MB/s  Total: 1919.04 GB
[ 1402.7s] IOs:    503163951  IOPS:   358722  Throughput:  1401.3 MB/s  Total: 1919.42 GB
[ 1406.1s] IOs:    503264615  IOPS:   357906  Throughput:  1398.1 MB/s  Total: 1919.80 GB
[ 1406.4s] IOs:    503365556  IOPS:   357900  Throughput:  1398.0 MB/s  Total: 1920.19 GB
[ 1406.7s] IOs:    503466053  IOPS:   357908  Throughput:  1398.1 MB/s  Total: 1920.57 GB
[ 1407.1s] IOs:    503566879  IOPS:   357881  Throughput:  1398.0 MB/s  Total: 1920.96 GB
[ 1407.3s] IOs:    503667561  IOPS:   357895  Throughput:  1398.0 MB/s  Total: 1921.34 GB
[ 1407.8s] IOs:    503768292  IOPS:   357837  Throughput:  1397.8 MB/s  Total: 1921.72 GB
[ 1408.1s] IOs:    503868714  IOPS:   357839  Throughput:  1397.8 MB/s  Total: 1922.11 GB
[ 1408.3s] IOs:    503969298  IOPS:   357854  Throughput:  1397.9 MB/s  Total: 1922.49 GB
[ 1408.7s] IOs:    504069681  IOPS:   357830  Throughput:  1397.8 MB/s  Total: 1922.87 GB
[ 1409.0s] IOs:    504170126  IOPS:   357810  Throughput:  1397.7 MB/s  Total: 1923.26 GB
[ 1409.3s] IOs:    504270775  IOPS:   357821  Throughput:  1397.7 MB/s  Total: 1923.64 GB
[ 1409.6s] IOs:    504371310  IOPS:   357811  Throughput:  1397.7 MB/s  Total: 1924.02 GB
[ 1409.9s] IOs:    504471656  IOPS:   357819  Throughput:  1397.7 MB/s  Total: 1924.41 GB
[ 1410.2s] IOs:    504571973  IOPS:   357813  Throughput:  1397.7 MB/s  Total: 1924.79 GB
[ 1410.4s] IOs:    504672509  IOPS:   357827  Throughput:  1397.8 MB/s  Total: 1925.17 GB
[ 1410.7s] IOs:    504772998  IOPS:   357827  Throughput:  1397.8 MB/s  Total: 1925.56 GB
[ 1410.9s] IOs:    504873318  IOPS:   357839  Throughput:  1397.8 MB/s  Total: 1925.94 GB
[ 1411.6s] IOs:    504974091  IOPS:   357744  Throughput:  1397.4 MB/s  Total: 1926.32 GB
[ 1412.2s] IOs:    505074877  IOPS:   357654  Throughput:  1397.1 MB/s  Total: 1926.71 GB
[ 1412.7s] IOs:    505175182  IOPS:   357595  Throughput:  1396.9 MB/s  Total: 1927.09 GB
[ 1413.5s] IOs:    505275634  IOPS:   357463  Throughput:  1396.3 MB/s  Total: 1927.47 GB
[ 1414.1s] IOs:    505376384  IOPS:   357393  Throughput:  1396.1 MB/s  Total: 1927.86 GB
[ 1414.6s] IOs:    505476869  IOPS:   357330  Throughput:  1395.8 MB/s  Total: 1928.24 GB
[ 1415.2s] IOs:    505577561  IOPS:   357259  Throughput:  1395.5 MB/s  Total: 1928.63 GB
[ 1415.6s] IOs:    505678203  IOPS:   357227  Throughput:  1395.4 MB/s  Total: 1929.01 GB
[ 1416.4s] IOs:    505778670  IOPS:   357089  Throughput:  1394.9 MB/s  Total: 1929.39 GB
[ 1416.7s] IOs:    505878805  IOPS:   357094  Throughput:  1394.9 MB/s  Total: 1929.77 GB
[ 1416.9s] IOs:    505979275  IOPS:   357104  Throughput:  1394.9 MB/s  Total: 1930.16 GB
[ 1417.2s] IOs:    506079600  IOPS:   357106  Throughput:  1394.9 MB/s  Total: 1930.54 GB
[ 1417.4s] IOs:    506180248  IOPS:   357111  Throughput:  1395.0 MB/s  Total: 1930.92 GB
[ 1417.7s] IOs:    506280632  IOPS:   357117  Throughput:  1395.0 MB/s  Total: 1931.31 GB
[ 1418.0s] IOs:    506380688  IOPS:   357109  Throughput:  1395.0 MB/s  Total: 1931.69 GB
[ 1418.3s] IOs:    506480864  IOPS:   357102  Throughput:  1394.9 MB/s  Total: 1932.07 GB
[ 1418.5s] IOs:    506581382  IOPS:   357115  Throughput:  1395.0 MB/s  Total: 1932.45 GB
[ 1418.9s] IOs:    506682037  IOPS:   357099  Throughput:  1394.9 MB/s  Total: 1932.84 GB
[ 1419.1s] IOs:    506782699  IOPS:   357111  Throughput:  1395.0 MB/s  Total: 1933.22 GB
[ 1419.4s] IOs:    506883204  IOPS:   357105  Throughput:  1394.9 MB/s  Total: 1933.61 GB
[ 1419.8s] IOs:    506983748  IOPS:   357090  Throughput:  1394.9 MB/s  Total: 1933.99 GB
[ 1420.0s] IOs:    507084722  IOPS:   357103  Throughput:  1394.9 MB/s  Total: 1934.37 GB
[ 1420.3s] IOs:    507185260  IOPS:   357097  Throughput:  1394.9 MB/s  Total: 1934.76 GB
[ 1420.6s] IOs:    507285664  IOPS:   357104  Throughput:  1394.9 MB/s  Total: 1935.14 GB
[ 1420.8s] IOs:    507386207  IOPS:   357107  Throughput:  1394.9 MB/s  Total: 1935.52 GB
[ 1421.0s] IOs:    507486478  IOPS:   357121  Throughput:  1395.0 MB/s  Total: 1935.91 GB
[ 1421.3s] IOs:    507587156  IOPS:   357120  Throughput:  1395.0 MB/s  Total: 1936.29 GB
[ 1421.6s] IOs:    507687922  IOPS:   357126  Throughput:  1395.0 MB/s  Total: 1936.68 GB
[ 1421.8s] IOs:    507788592  IOPS:   357134  Throughput:  1395.1 MB/s  Total: 1937.06 GB
[ 1422.1s] IOs:    507889598  IOPS:   357149  Throughput:  1395.1 MB/s  Total: 1937.45 GB
[ 1422.4s] IOs:    507990543  IOPS:   357144  Throughput:  1395.1 MB/s  Total: 1937.83 GB
[ 1422.7s] IOs:    508091252  IOPS:   357137  Throughput:  1395.1 MB/s  Total: 1938.21 GB
[ 1423.3s] IOs:    508191482  IOPS:   357045  Throughput:  1394.7 MB/s  Total: 1938.60 GB
[ 1424.4s] IOs:    508292143  IOPS:   356859  Throughput:  1394.0 MB/s  Total: 1938.98 GB
[ 1424.9s] IOs:    508392722  IOPS:   356791  Throughput:  1393.7 MB/s  Total: 1939.36 GB
[ 1425.8s] IOs:    508493332  IOPS:   356626  Throughput:  1393.1 MB/s  Total: 1939.75 GB
[ 1426.4s] IOs:    508593334  IOPS:   356554  Throughput:  1392.8 MB/s  Total: 1940.13 GB
[ 1427.4s] IOs:    508694160  IOPS:   356389  Throughput:  1392.1 MB/s  Total: 1940.51 GB
[ 1427.6s] IOs:    508794711  IOPS:   356397  Throughput:  1392.2 MB/s  Total: 1940.90 GB
[ 1427.9s] IOs:    508894957  IOPS:   356401  Throughput:  1392.2 MB/s  Total: 1941.28 GB
[ 1428.1s] IOs:    508995323  IOPS:   356411  Throughput:  1392.2 MB/s  Total: 1941.66 GB
[ 1428.4s] IOs:    509095918  IOPS:   356419  Throughput:  1392.3 MB/s  Total: 1942.05 GB
[ 1428.7s] IOs:    509196289  IOPS:   356406  Throughput:  1392.2 MB/s  Total: 1942.43 GB
[ 1429.0s] IOs:    509296605  IOPS:   356406  Throughput:  1392.2 MB/s  Total: 1942.81 GB
[ 1429.2s] IOs:    509397217  IOPS:   356416  Throughput:  1392.3 MB/s  Total: 1943.20 GB
[ 1429.5s] IOs:    509497563  IOPS:   356428  Throughput:  1392.3 MB/s  Total: 1943.58 GB
[ 1429.7s] IOs:    509597873  IOPS:   356438  Throughput:  1392.3 MB/s  Total: 1943.96 GB
[ 1430.0s] IOs:    509697900  IOPS:   356432  Throughput:  1392.3 MB/s  Total: 1944.34 GB
[ 1430.3s] IOs:    509798539  IOPS:   356431  Throughput:  1392.3 MB/s  Total: 1944.73 GB
[ 1430.6s] IOs:    509899358  IOPS:   356434  Throughput:  1392.3 MB/s  Total: 1945.11 GB
[ 1430.8s] IOs:    509999362  IOPS:   356443  Throughput:  1392.4 MB/s  Total: 1945.49 GB
[ 1431.1s] IOs:    510099768  IOPS:   356438  Throughput:  1392.3 MB/s  Total: 1945.88 GB
[ 1431.4s] IOs:    510200237  IOPS:   356445  Throughput:  1392.4 MB/s  Total: 1946.26 GB
[ 1431.6s] IOs:    510300958  IOPS:   356445  Throughput:  1392.4 MB/s  Total: 1946.64 GB
[ 1431.9s] IOs:    510401477  IOPS:   356450  Throughput:  1392.4 MB/s  Total: 1947.03 GB
[ 1432.2s] IOs:    510501965  IOPS:   356453  Throughput:  1392.4 MB/s  Total: 1947.41 GB
[ 1432.4s] IOs:    510602657  IOPS:   356455  Throughput:  1392.4 MB/s  Total: 1947.79 GB
[ 1432.7s] IOs:    510703235  IOPS:   356466  Throughput:  1392.4 MB/s  Total: 1948.18 GB
[ 1433.0s] IOs:    510803864  IOPS:   356462  Throughput:  1392.4 MB/s  Total: 1948.56 GB
[ 1433.2s] IOs:    510904369  IOPS:   356477  Throughput:  1392.5 MB/s  Total: 1948.95 GB
[Reader] Parsed 72000000 lines, distributed 510944844 writes, unique 626.06 GB, skipped 0
[ 1433.5s] IOs:    511004799  IOPS:   356476  Throughput:  1392.5 MB/s  Total: 1949.33 GB
[ 1433.7s] IOs:    511105345  IOPS:   356488  Throughput:  1392.5 MB/s  Total: 1949.71 GB
[ 1434.0s] IOs:    511205982  IOPS:   356497  Throughput:  1392.6 MB/s  Total: 1950.10 GB
[ 1434.2s] IOs:    511306488  IOPS:   356503  Throughput:  1392.6 MB/s  Total: 1950.48 GB
[ 1434.5s] IOs:    511407210  IOPS:   356506  Throughput:  1392.6 MB/s  Total: 1950.86 GB
[ 1434.8s] IOs:    511507441  IOPS:   356507  Throughput:  1392.6 MB/s  Total: 1951.25 GB
[ 1435.0s] IOs:    511607901  IOPS:   356519  Throughput:  1392.7 MB/s  Total: 1951.63 GB
[ 1435.3s] IOs:    511708368  IOPS:   356518  Throughput:  1392.6 MB/s  Total: 1952.01 GB
[ 1435.5s] IOs:    511809091  IOPS:   356532  Throughput:  1392.7 MB/s  Total: 1952.40 GB
[ 1436.0s] IOs:    511909943  IOPS:   356475  Throughput:  1392.5 MB/s  Total: 1952.78 GB
[ 1436.3s] IOs:    512010502  IOPS:   356478  Throughput:  1392.5 MB/s  Total: 1953.17 GB
[ 1436.6s] IOs:    512111206  IOPS:   356486  Throughput:  1392.5 MB/s  Total: 1953.55 GB
[ 1437.0s] IOs:    512211612  IOPS:   356455  Throughput:  1392.4 MB/s  Total: 1953.93 GB
[ 1437.2s] IOs:    512312469  IOPS:   356464  Throughput:  1392.4 MB/s  Total: 1954.32 GB
[ 1437.5s] IOs:    512413296  IOPS:   356457  Throughput:  1392.4 MB/s  Total: 1954.70 GB
[ 1437.8s] IOs:    512513641  IOPS:   356458  Throughput:  1392.4 MB/s  Total: 1955.08 GB
[ 1438.0s] IOs:    512614036  IOPS:   356473  Throughput:  1392.5 MB/s  Total: 1955.47 GB
[ 1438.3s] IOs:    512714526  IOPS:   356465  Throughput:  1392.4 MB/s  Total: 1955.85 GB
[ 1438.6s] IOs:    512815162  IOPS:   356475  Throughput:  1392.5 MB/s  Total: 1956.23 GB
[ 1438.8s] IOs:    512915656  IOPS:   356477  Throughput:  1392.5 MB/s  Total: 1956.62 GB
[ 1439.1s] IOs:    513016237  IOPS:   356475  Throughput:  1392.5 MB/s  Total: 1957.00 GB
[ 1439.4s] IOs:    513116926  IOPS:   356487  Throughput:  1392.5 MB/s  Total: 1957.39 GB
[ 1439.6s] IOs:    513217529  IOPS:   356502  Throughput:  1392.6 MB/s  Total: 1957.77 GB
[ 1439.9s] IOs:    513317877  IOPS:   356491  Throughput:  1392.5 MB/s  Total: 1958.15 GB
[ 1440.2s] IOs:    513418587  IOPS:   356500  Throughput:  1392.6 MB/s  Total: 1958.54 GB
[ 1440.5s] IOs:    513519104  IOPS:   356486  Throughput:  1392.5 MB/s  Total: 1958.92 GB
[ 1440.9s] IOs:    513619762  IOPS:   356458  Throughput:  1392.4 MB/s  Total: 1959.30 GB
[ 1441.1s] IOs:    513720273  IOPS:   356471  Throughput:  1392.5 MB/s  Total: 1959.69 GB
[ 1441.4s] IOs:    513820837  IOPS:   356481  Throughput:  1392.5 MB/s  Total: 1960.07 GB
[ 1441.6s] IOs:    513921391  IOPS:   356498  Throughput:  1392.6 MB/s  Total: 1960.45 GB
[ 1442.0s] IOs:    514021896  IOPS:   356468  Throughput:  1392.5 MB/s  Total: 1960.84 GB
[ 1442.2s] IOs:    514122444  IOPS:   356481  Throughput:  1392.5 MB/s  Total: 1961.22 GB
[ 1442.4s] IOs:    514223102  IOPS:   356499  Throughput:  1392.6 MB/s  Total: 1961.61 GB
[ 1442.7s] IOs:    514323895  IOPS:   356509  Throughput:  1392.6 MB/s  Total: 1961.99 GB
[ 1442.9s] IOs:    514424523  IOPS:   356513  Throughput:  1392.6 MB/s  Total: 1962.37 GB
[ 1443.2s] IOs:    514525071  IOPS:   356520  Throughput:  1392.7 MB/s  Total: 1962.76 GB
[ 1443.5s] IOs:    514625347  IOPS:   356517  Throughput:  1392.6 MB/s  Total: 1963.14 GB
[ 1443.7s] IOs:    514726339  IOPS:   356539  Throughput:  1392.7 MB/s  Total: 1963.53 GB
[ 1444.0s] IOs:    514826829  IOPS:   356537  Throughput:  1392.7 MB/s  Total: 1963.91 GB
[ 1444.1s] IOs:    514927492  IOPS:   356561  Throughput:  1392.8 MB/s  Total: 1964.29 GB
[ 1444.4s] IOs:    515027839  IOPS:   356560  Throughput:  1392.8 MB/s  Total: 1964.68 GB
[ 1444.6s] IOs:    515128366  IOPS:   356585  Throughput:  1392.9 MB/s  Total: 1965.06 GB
[ 1444.9s] IOs:    515229282  IOPS:   356573  Throughput:  1392.9 MB/s  Total: 1965.44 GB
[ 1445.1s] IOs:    515329906  IOPS:   356598  Throughput:  1393.0 MB/s  Total: 1965.83 GB
[ 1445.4s] IOs:    515430543  IOPS:   356611  Throughput:  1393.0 MB/s  Total: 1966.21 GB
[ 1445.5s] IOs:    515531267  IOPS:   356635  Throughput:  1393.1 MB/s  Total: 1966.60 GB
[ 1445.9s] IOs:    515631846  IOPS:   356608  Throughput:  1393.0 MB/s  Total: 1966.98 GB
[ 1446.1s] IOs:    515732279  IOPS:   356627  Throughput:  1393.1 MB/s  Total: 1967.36 GB
[ 1446.5s] IOs:    515832901  IOPS:   356615  Throughput:  1393.0 MB/s  Total: 1967.75 GB
[ 1446.6s] IOs:    515933355  IOPS:   356641  Throughput:  1393.1 MB/s  Total: 1968.13 GB
[ 1446.9s] IOs:    516033827  IOPS:   356644  Throughput:  1393.1 MB/s  Total: 1968.51 GB
[ 1447.1s] IOs:    516134133  IOPS:   356670  Throughput:  1393.2 MB/s  Total: 1968.90 GB
[ 1447.5s] IOs:    516234852  IOPS:   356647  Throughput:  1393.2 MB/s  Total: 1969.28 GB
[ 1447.7s] IOs:    516335871  IOPS:   356669  Throughput:  1393.2 MB/s  Total: 1969.67 GB
[ 1447.9s] IOs:    516436762  IOPS:   356670  Throughput:  1393.2 MB/s  Total: 1970.05 GB
[ 1448.1s] IOs:    516537155  IOPS:   356696  Throughput:  1393.3 MB/s  Total: 1970.43 GB
[ 1448.4s] IOs:    516637828  IOPS:   356686  Throughput:  1393.3 MB/s  Total: 1970.82 GB
[ 1448.7s] IOs:    516738449  IOPS:   356702  Throughput:  1393.4 MB/s  Total: 1971.20 GB
[ 1448.9s] IOs:    516839152  IOPS:   356715  Throughput:  1393.4 MB/s  Total: 1971.58 GB
[ 1449.1s] IOs:    516939283  IOPS:   356740  Throughput:  1393.5 MB/s  Total: 1971.97 GB
[ 1449.3s] IOs:    517040199  IOPS:   356747  Throughput:  1393.5 MB/s  Total: 1972.35 GB
[ 1449.5s] IOs:    517140706  IOPS:   356771  Throughput:  1393.6 MB/s  Total: 1972.74 GB
[ 1449.7s] IOs:    517241576  IOPS:   356797  Throughput:  1393.7 MB/s  Total: 1973.12 GB
[ 1449.9s] IOs:    517342371  IOPS:   356804  Throughput:  1393.8 MB/s  Total: 1973.50 GB
[ 1450.1s] IOs:    517443309  IOPS:   356828  Throughput:  1393.9 MB/s  Total: 1973.89 GB
[ 1450.3s] IOs:    517544278  IOPS:   356847  Throughput:  1393.9 MB/s  Total: 1974.27 GB
[ 1450.5s] IOs:    517644480  IOPS:   356870  Throughput:  1394.0 MB/s  Total: 1974.66 GB
[ 1450.7s] IOs:    517745153  IOPS:   356895  Throughput:  1394.1 MB/s  Total: 1975.04 GB
[ 1450.9s] IOs:    517846012  IOPS:   356906  Throughput:  1394.2 MB/s  Total: 1975.43 GB
[ 1451.2s] IOs:    517946795  IOPS:   356919  Throughput:  1394.2 MB/s  Total: 1975.81 GB
[ 1451.3s] IOs:    518047666  IOPS:   356943  Throughput:  1394.3 MB/s  Total: 1976.20 GB
[ 1451.7s] IOs:    518148125  IOPS:   356929  Throughput:  1394.3 MB/s  Total: 1976.58 GB
[ 1451.9s] IOs:    518248832  IOPS:   356949  Throughput:  1394.3 MB/s  Total: 1976.96 GB
[ 1452.1s] IOs:    518349335  IOPS:   356973  Throughput:  1394.4 MB/s  Total: 1977.35 GB
[ 1452.4s] IOs:    518450199  IOPS:   356959  Throughput:  1394.4 MB/s  Total: 1977.73 GB
[ 1452.6s] IOs:    518550388  IOPS:   356984  Throughput:  1394.5 MB/s  Total: 1978.11 GB
[ 1452.9s] IOs:    518650917  IOPS:   356974  Throughput:  1394.4 MB/s  Total: 1978.50 GB
[ 1453.1s] IOs:    518751721  IOPS:   356997  Throughput:  1394.5 MB/s  Total: 1978.88 GB
[ 1453.4s] IOs:    518852025  IOPS:   356987  Throughput:  1394.5 MB/s  Total: 1979.26 GB
[ 1453.6s] IOs:    518952948  IOPS:   357008  Throughput:  1394.6 MB/s  Total: 1979.65 GB
[ 1453.9s] IOs:    519053567  IOPS:   357017  Throughput:  1394.6 MB/s  Total: 1980.03 GB
[ 1454.0s] IOs:    519154172  IOPS:   357042  Throughput:  1394.7 MB/s  Total: 1980.42 GB
[ 1454.3s] IOs:    519254891  IOPS:   357046  Throughput:  1394.7 MB/s  Total: 1980.80 GB
[ 1454.6s] IOs:    519355405  IOPS:   357055  Throughput:  1394.7 MB/s  Total: 1981.18 GB
[ 1454.7s] IOs:    519456125  IOPS:   357080  Throughput:  1394.8 MB/s  Total: 1981.57 GB
[ 1455.0s] IOs:    519556917  IOPS:   357090  Throughput:  1394.9 MB/s  Total: 1981.95 GB
[ 1455.2s] IOs:    519657249  IOPS:   357115  Throughput:  1395.0 MB/s  Total: 1982.34 GB
[ 1455.4s] IOs:    519757471  IOPS:   357120  Throughput:  1395.0 MB/s  Total: 1982.72 GB
[ 1455.6s] IOs:    519858117  IOPS:   357144  Throughput:  1395.1 MB/s  Total: 1983.10 GB
[ 1455.8s] IOs:    519958849  IOPS:   357155  Throughput:  1395.1 MB/s  Total: 1983.49 GB
[ 1456.0s] IOs:    520059531  IOPS:   357176  Throughput:  1395.2 MB/s  Total: 1983.87 GB
[ 1456.2s] IOs:    520159970  IOPS:   357193  Throughput:  1395.3 MB/s  Total: 1984.25 GB
[ 1456.4s] IOs:    520260532  IOPS:   357214  Throughput:  1395.4 MB/s  Total: 1984.64 GB
[ 1456.6s] IOs:    520361328  IOPS:   357236  Throughput:  1395.5 MB/s  Total: 1985.02 GB
[ 1456.8s] IOs:    520462281  IOPS:   357259  Throughput:  1395.5 MB/s  Total: 1985.41 GB
[ 1457.0s] IOs:    520562973  IOPS:   357284  Throughput:  1395.6 MB/s  Total: 1985.79 GB
[ 1457.2s] IOs:    520663541  IOPS:   357306  Throughput:  1395.7 MB/s  Total: 1986.17 GB
[ 1457.4s] IOs:    520764240  IOPS:   357329  Throughput:  1395.8 MB/s  Total: 1986.56 GB
[ 1457.6s] IOs:    520864394  IOPS:   357350  Throughput:  1395.9 MB/s  Total: 1986.94 GB
[ 1457.8s] IOs:    520965254  IOPS:   357373  Throughput:  1396.0 MB/s  Total: 1987.32 GB
[ 1458.1s] IOs:    521065749  IOPS:   357362  Throughput:  1395.9 MB/s  Total: 1987.71 GB
[ 1458.3s] IOs:    521166326  IOPS:   357389  Throughput:  1396.0 MB/s  Total: 1988.09 GB
[ 1458.4s] IOs:    521266878  IOPS:   357412  Throughput:  1396.1 MB/s  Total: 1988.48 GB
[ 1458.6s] IOs:    521367460  IOPS:   357437  Throughput:  1396.2 MB/s  Total: 1988.86 GB
[ 1458.9s] IOs:    521468171  IOPS:   357432  Throughput:  1396.2 MB/s  Total: 1989.24 GB
[ 1459.1s] IOs:    521568367  IOPS:   357456  Throughput:  1396.3 MB/s  Total: 1989.63 GB
[Reader] Parsed 73000000 lines, distributed 521574168 writes, unique 635.57 GB, skipped 0
[ 1459.4s] IOs:    521668704  IOPS:   357463  Throughput:  1396.3 MB/s  Total: 1990.01 GB
[ 1459.5s] IOs:    521769607  IOPS:   357490  Throughput:  1396.4 MB/s  Total: 1990.39 GB
[ 1459.7s] IOs:    521869646  IOPS:   357511  Throughput:  1396.5 MB/s  Total: 1990.77 GB
[ 1460.0s] IOs:    521970292  IOPS:   357517  Throughput:  1396.6 MB/s  Total: 1991.16 GB
[ 1460.2s] IOs:    522070869  IOPS:   357542  Throughput:  1396.6 MB/s  Total: 1991.54 GB
[ 1460.4s] IOs:    522171609  IOPS:   357554  Throughput:  1396.7 MB/s  Total: 1991.93 GB
[ 1460.6s] IOs:    522272574  IOPS:   357575  Throughput:  1396.8 MB/s  Total: 1992.31 GB
[ 1460.8s] IOs:    522373430  IOPS:   357600  Throughput:  1396.9 MB/s  Total: 1992.70 GB
[ 1461.0s] IOs:    522474216  IOPS:   357623  Throughput:  1397.0 MB/s  Total: 1993.08 GB
[ 1461.1s] IOs:    522574444  IOPS:   357648  Throughput:  1397.1 MB/s  Total: 1993.46 GB
[ 1461.4s] IOs:    522674840  IOPS:   357659  Throughput:  1397.1 MB/s  Total: 1993.85 GB
[ 1461.5s] IOs:    522775293  IOPS:   357686  Throughput:  1397.2 MB/s  Total: 1994.23 GB
[ 1461.7s] IOs:    522876035  IOPS:   357713  Throughput:  1397.3 MB/s  Total: 1994.61 GB
[ 1462.0s] IOs:    522976997  IOPS:   357720  Throughput:  1397.3 MB/s  Total: 1995.00 GB
[ 1462.4s] IOs:    523077563  IOPS:   357676  Throughput:  1397.2 MB/s  Total: 1995.38 GB
[ 1462.7s] IOs:    523178031  IOPS:   357686  Throughput:  1397.2 MB/s  Total: 1995.77 GB
[ 1462.9s] IOs:    523278519  IOPS:   357711  Throughput:  1397.3 MB/s  Total: 1996.15 GB
[ 1463.0s] IOs:    523379211  IOPS:   357737  Throughput:  1397.4 MB/s  Total: 1996.53 GB
[ 1463.4s] IOs:    523479944  IOPS:   357724  Throughput:  1397.4 MB/s  Total: 1996.92 GB
[ 1463.5s] IOs:    523580626  IOPS:   357749  Throughput:  1397.5 MB/s  Total: 1997.30 GB
[ 1463.9s] IOs:    523681294  IOPS:   357739  Throughput:  1397.4 MB/s  Total: 1997.69 GB
[ 1464.0s] IOs:    523781994  IOPS:   357765  Throughput:  1397.5 MB/s  Total: 1998.07 GB
[ 1464.4s] IOs:    523882481  IOPS:   357750  Throughput:  1397.5 MB/s  Total: 1998.45 GB
[ 1464.6s] IOs:    523983342  IOPS:   357775  Throughput:  1397.6 MB/s  Total: 1998.84 GB
[ 1464.8s] IOs:    524084060  IOPS:   357778  Throughput:  1397.6 MB/s  Total: 1999.22 GB
[ 1465.0s] IOs:    524184538  IOPS:   357803  Throughput:  1397.7 MB/s  Total: 1999.61 GB
[ 1465.2s] IOs:    524285373  IOPS:   357830  Throughput:  1397.8 MB/s  Total: 1999.99 GB
[ 1465.5s] IOs:    524386000  IOPS:   357817  Throughput:  1397.7 MB/s  Total: 2000.37 GB
[ 1465.7s] IOs:    524486603  IOPS:   357842  Throughput:  1397.8 MB/s  Total: 2000.76 GB
[ 1466.0s] IOs:    524587216  IOPS:   357843  Throughput:  1397.8 MB/s  Total: 2001.14 GB
[ 1466.2s] IOs:    524687753  IOPS:   357864  Throughput:  1397.9 MB/s  Total: 2001.52 GB
[ 1466.4s] IOs:    524788431  IOPS:   357881  Throughput:  1398.0 MB/s  Total: 2001.91 GB
[ 1466.6s] IOs:    524889023  IOPS:   357905  Throughput:  1398.1 MB/s  Total: 2002.29 GB
[ 1467.2s] IOs:    524989923  IOPS:   357826  Throughput:  1397.8 MB/s  Total: 2002.68 GB
[ 1467.5s] IOs:    525090755  IOPS:   357817  Throughput:  1397.7 MB/s  Total: 2003.06 GB
[ 1467.7s] IOs:    525191225  IOPS:   357835  Throughput:  1397.8 MB/s  Total: 2003.45 GB
[ 1468.1s] IOs:    525291740  IOPS:   357815  Throughput:  1397.7 MB/s  Total: 2003.83 GB
[ 1480.8s] IOs:    525392341  IOPS:   354793  Throughput:  1385.9 MB/s  Total: 2004.21 GB
[ 1481.4s] IOs:    525493175  IOPS:   354734  Throughput:  1385.7 MB/s  Total: 2004.60 GB
[ 1481.9s] IOs:    525594091  IOPS:   354687  Throughput:  1385.5 MB/s  Total: 2004.98 GB
[ 1482.4s] IOs:    525694713  IOPS:   354634  Throughput:  1385.3 MB/s  Total: 2005.37 GB
[ 1482.7s] IOs:    525795141  IOPS:   354610  Throughput:  1385.2 MB/s  Total: 2005.75 GB
[ 1483.3s] IOs:    525895805  IOPS:   354539  Throughput:  1384.9 MB/s  Total: 2006.13 GB
[ 1483.7s] IOs:    525996229  IOPS:   354528  Throughput:  1384.9 MB/s  Total: 2006.52 GB
[ 1483.9s] IOs:    526096853  IOPS:   354542  Throughput:  1384.9 MB/s  Total: 2006.90 GB
[ 1484.4s] IOs:    526197424  IOPS:   354476  Throughput:  1384.7 MB/s  Total: 2007.28 GB
[ 1484.8s] IOs:    526297554  IOPS:   354458  Throughput:  1384.6 MB/s  Total: 2007.67 GB
[ 1485.1s] IOs:    526398004  IOPS:   354442  Throughput:  1384.5 MB/s  Total: 2008.05 GB
[ 1485.5s] IOs:    526498838  IOPS:   354437  Throughput:  1384.5 MB/s  Total: 2008.43 GB
[ 1485.8s] IOs:    526599381  IOPS:   354429  Throughput:  1384.5 MB/s  Total: 2008.82 GB
[ 1486.2s] IOs:    526700253  IOPS:   354399  Throughput:  1384.4 MB/s  Total: 2009.20 GB
[ 1486.4s] IOs:    526800730  IOPS:   354403  Throughput:  1384.4 MB/s  Total: 2009.59 GB
[ 1486.7s] IOs:    526901255  IOPS:   354401  Throughput:  1384.4 MB/s  Total: 2009.97 GB
[ 1487.0s] IOs:    527001834  IOPS:   354414  Throughput:  1384.4 MB/s  Total: 2010.35 GB
[ 1487.4s] IOs:    527102105  IOPS:   354388  Throughput:  1384.3 MB/s  Total: 2010.73 GB
[ 1487.7s] IOs:    527202790  IOPS:   354379  Throughput:  1384.3 MB/s  Total: 2011.12 GB
[ 1488.1s] IOs:    527303247  IOPS:   354354  Throughput:  1384.2 MB/s  Total: 2011.50 GB
[ 1488.3s] IOs:    527404023  IOPS:   354359  Throughput:  1384.2 MB/s  Total: 2011.89 GB
[ 1488.7s] IOs:    527504679  IOPS:   354349  Throughput:  1384.2 MB/s  Total: 2012.27 GB
[ 1488.9s] IOs:    527605600  IOPS:   354357  Throughput:  1384.2 MB/s  Total: 2012.66 GB
[ 1489.2s] IOs:    527706223  IOPS:   354345  Throughput:  1384.2 MB/s  Total: 2013.04 GB
[ 1489.5s] IOs:    527806832  IOPS:   354357  Throughput:  1384.2 MB/s  Total: 2013.42 GB
[ 1489.8s] IOs:    527907549  IOPS:   354351  Throughput:  1384.2 MB/s  Total: 2013.81 GB
[ 1490.1s] IOs:    528008261  IOPS:   354349  Throughput:  1384.2 MB/s  Total: 2014.19 GB
[ 1490.4s] IOs:    528108786  IOPS:   354335  Throughput:  1384.1 MB/s  Total: 2014.58 GB
[ 1490.6s] IOs:    528209654  IOPS:   354351  Throughput:  1384.2 MB/s  Total: 2014.96 GB
[ 1490.9s] IOs:    528310041  IOPS:   354365  Throughput:  1384.2 MB/s  Total: 2015.34 GB
[ 1491.5s] IOs:    528410992  IOPS:   354286  Throughput:  1383.9 MB/s  Total: 2015.73 GB
[ 1491.7s] IOs:    528511740  IOPS:   354299  Throughput:  1384.0 MB/s  Total: 2016.11 GB
[ 1492.1s] IOs:    528612524  IOPS:   354264  Throughput:  1383.8 MB/s  Total: 2016.50 GB
[ 1492.4s] IOs:    528713418  IOPS:   354265  Throughput:  1383.8 MB/s  Total: 2016.88 GB
[ 1492.9s] IOs:    528814161  IOPS:   354217  Throughput:  1383.7 MB/s  Total: 2017.27 GB
[ 1493.2s] IOs:    528914634  IOPS:   354205  Throughput:  1383.6 MB/s  Total: 2017.65 GB
[ 1493.7s] IOs:    529015299  IOPS:   354172  Throughput:  1383.5 MB/s  Total: 2018.03 GB
[ 1494.0s] IOs:    529116040  IOPS:   354161  Throughput:  1383.4 MB/s  Total: 2018.42 GB
[ 1494.3s] IOs:    529216742  IOPS:   354156  Throughput:  1383.4 MB/s  Total: 2018.80 GB
[ 1494.7s] IOs:    529317447  IOPS:   354135  Throughput:  1383.3 MB/s  Total: 2019.19 GB
[ 1494.9s] IOs:    529417830  IOPS:   354147  Throughput:  1383.4 MB/s  Total: 2019.57 GB
[ 1495.3s] IOs:    529518157  IOPS:   354121  Throughput:  1383.3 MB/s  Total: 2019.95 GB
[ 1495.6s] IOs:    529618990  IOPS:   354130  Throughput:  1383.3 MB/s  Total: 2020.34 GB
[ 1496.0s] IOs:    529719723  IOPS:   354089  Throughput:  1383.2 MB/s  Total: 2020.72 GB
[ 1496.3s] IOs:    529820313  IOPS:   354098  Throughput:  1383.2 MB/s  Total: 2021.10 GB
[ 1496.5s] IOs:    529920965  IOPS:   354100  Throughput:  1383.2 MB/s  Total: 2021.49 GB
[ 1496.8s] IOs:    530021396  IOPS:   354102  Throughput:  1383.2 MB/s  Total: 2021.87 GB
[ 1499.0s] IOs:    530122149  IOPS:   353657  Throughput:  1381.5 MB/s  Total: 2022.26 GB
[ 1499.4s] IOs:    530223140  IOPS:   353621  Throughput:  1381.3 MB/s  Total: 2022.64 GB
[ 1499.9s] IOs:    530323524  IOPS:   353579  Throughput:  1381.2 MB/s  Total: 2023.02 GB
[ 1500.3s] IOs:    530424130  IOPS:   353539  Throughput:  1381.0 MB/s  Total: 2023.41 GB
[ 1500.7s] IOs:    530524594  IOPS:   353529  Throughput:  1381.0 MB/s  Total: 2023.79 GB
[ 1501.0s] IOs:    530625381  IOPS:   353513  Throughput:  1380.9 MB/s  Total: 2024.18 GB
[ 1501.4s] IOs:    530726037  IOPS:   353487  Throughput:  1380.8 MB/s  Total: 2024.56 GB
[ 1501.6s] IOs:    530827046  IOPS:   353501  Throughput:  1380.9 MB/s  Total: 2024.94 GB
[ 1502.0s] IOs:    530927734  IOPS:   353485  Throughput:  1380.8 MB/s  Total: 2025.33 GB
[ 1502.4s] IOs:    531028111  IOPS:   353456  Throughput:  1380.7 MB/s  Total: 2025.71 GB
[ 1502.6s] IOs:    531128675  IOPS:   353471  Throughput:  1380.7 MB/s  Total: 2026.10 GB
[ 1503.2s] IOs:    531229574  IOPS:   353399  Throughput:  1380.5 MB/s  Total: 2026.48 GB
[ 1503.5s] IOs:    531330465  IOPS:   353402  Throughput:  1380.5 MB/s  Total: 2026.86 GB
[ 1504.1s] IOs:    531430890  IOPS:   353333  Throughput:  1380.2 MB/s  Total: 2027.25 GB
[ 1504.4s] IOs:    531531252  IOPS:   353322  Throughput:  1380.2 MB/s  Total: 2027.63 GB
[ 1510.6s] IOs:    531631555  IOPS:   351942  Throughput:  1374.8 MB/s  Total: 2028.01 GB
[ 1512.1s] IOs:    531732453  IOPS:   351660  Throughput:  1373.7 MB/s  Total: 2028.40 GB
[ 1513.2s] IOs:    531833229  IOPS:   351468  Throughput:  1372.9 MB/s  Total: 2028.78 GB
[ 1514.6s] IOs:    531934022  IOPS:   351212  Throughput:  1371.9 MB/s  Total: 2029.17 GB
[ 1515.6s] IOs:    532034803  IOPS:   351035  Throughput:  1371.2 MB/s  Total: 2029.55 GB
[ 1516.6s] IOs:    532135724  IOPS:   350880  Throughput:  1370.6 MB/s  Total: 2029.94 GB
[ 1517.3s] IOs:    532236528  IOPS:   350773  Throughput:  1370.2 MB/s  Total: 2030.32 GB
[ 1518.2s] IOs:    532337156  IOPS:   350635  Throughput:  1369.7 MB/s  Total: 2030.71 GB
[ 1519.1s] IOs:    532437876  IOPS:   350505  Throughput:  1369.2 MB/s  Total: 2031.09 GB
[ 1519.7s] IOs:    532538436  IOPS:   350423  Throughput:  1368.8 MB/s  Total: 2031.47 GB
[ 1520.3s] IOs:    532639054  IOPS:   350356  Throughput:  1368.6 MB/s  Total: 2031.86 GB
[ 1521.0s] IOs:    532739724  IOPS:   350258  Throughput:  1368.2 MB/s  Total: 2032.24 GB
[ 1521.6s] IOs:    532840701  IOPS:   350186  Throughput:  1367.9 MB/s  Total: 2032.63 GB
[ 1522.1s] IOs:    532941405  IOPS:   350134  Throughput:  1367.7 MB/s  Total: 2033.01 GB
[ 1522.6s] IOs:    533042102  IOPS:   350078  Throughput:  1367.5 MB/s  Total: 2033.39 GB
[ 1523.2s] IOs:    533142645  IOPS:   350025  Throughput:  1367.3 MB/s  Total: 2033.78 GB
[ 1527.0s] IOs:    533242716  IOPS:   349220  Throughput:  1364.1 MB/s  Total: 2034.16 GB
[ 1529.5s] IOs:    533342978  IOPS:   348715  Throughput:  1362.2 MB/s  Total: 2034.54 GB
[ 1531.4s] IOs:    533443007  IOPS:   348327  Throughput:  1360.7 MB/s  Total: 2034.92 GB
[Reader] Parsed 74000000 lines, distributed 533474873 writes, unique 648.72 GB, skipped 0
[ 1533.0s] IOs:    533543962  IOPS:   348042  Throughput:  1359.5 MB/s  Total: 2035.31 GB
[ 1534.5s] IOs:    533644840  IOPS:   347764  Throughput:  1358.5 MB/s  Total: 2035.69 GB
[ 1535.6s] IOs:    533744857  IOPS:   347573  Throughput:  1357.7 MB/s  Total: 2036.08 GB
[ 1537.0s] IOs:    533845780  IOPS:   347337  Throughput:  1356.8 MB/s  Total: 2036.46 GB
[ 1538.0s] IOs:    533945899  IOPS:   347174  Throughput:  1356.1 MB/s  Total: 2036.84 GB
[ 1538.7s] IOs:    534046743  IOPS:   347084  Throughput:  1355.8 MB/s  Total: 2037.23 GB
[ 1539.6s] IOs:    534147463  IOPS:   346938  Throughput:  1355.2 MB/s  Total: 2037.61 GB
[ 1540.5s] IOs:    534248106  IOPS:   346793  Throughput:  1354.7 MB/s  Total: 2037.99 GB
[ 1541.2s] IOs:    534348135  IOPS:   346703  Throughput:  1354.3 MB/s  Total: 2038.38 GB
[ 1541.6s] IOs:    534449003  IOPS:   346675  Throughput:  1354.2 MB/s  Total: 2038.76 GB
[ 1542.5s] IOs:    534549950  IOPS:   346540  Throughput:  1353.7 MB/s  Total: 2039.15 GB
[ 1543.1s] IOs:    534650718  IOPS:   346474  Throughput:  1353.4 MB/s  Total: 2039.53 GB
[ 1543.6s] IOs:    534750957  IOPS:   346422  Throughput:  1353.2 MB/s  Total: 2039.91 GB
[ 1544.1s] IOs:    534851874  IOPS:   346384  Throughput:  1353.1 MB/s  Total: 2040.30 GB
[ 1544.7s] IOs:    534951881  IOPS:   346321  Throughput:  1352.8 MB/s  Total: 2040.68 GB
[ 1545.2s] IOs:    535051885  IOPS:   346262  Throughput:  1352.6 MB/s  Total: 2041.06 GB
[ 1545.6s] IOs:    535152536  IOPS:   346236  Throughput:  1352.5 MB/s  Total: 2041.44 GB
[ 1546.2s] IOs:    535253224  IOPS:   346179  Throughput:  1352.3 MB/s  Total: 2041.83 GB
[ 1546.7s] IOs:    535353575  IOPS:   346119  Throughput:  1352.0 MB/s  Total: 2042.21 GB
[ 1547.1s] IOs:    535454357  IOPS:   346105  Throughput:  1352.0 MB/s  Total: 2042.60 GB
[ 1547.6s] IOs:    535554655  IOPS:   346051  Throughput:  1351.8 MB/s  Total: 2042.98 GB
[ 1548.1s] IOs:    535654867  IOPS:   346017  Throughput:  1351.6 MB/s  Total: 2043.36 GB
[ 1548.3s] IOs:    535755565  IOPS:   346031  Throughput:  1351.7 MB/s  Total: 2043.75 GB
[ 1548.8s] IOs:    535856193  IOPS:   345992  Throughput:  1351.5 MB/s  Total: 2044.13 GB
[ 1549.2s] IOs:    535956850  IOPS:   345967  Throughput:  1351.4 MB/s  Total: 2044.51 GB
[ 1549.5s] IOs:    536057286  IOPS:   345958  Throughput:  1351.4 MB/s  Total: 2044.90 GB
[ 1549.7s] IOs:    536158007  IOPS:   345969  Throughput:  1351.4 MB/s  Total: 2045.28 GB
[ 1550.3s] IOs:    536258409  IOPS:   345900  Throughput:  1351.2 MB/s  Total: 2045.66 GB
[ 1550.6s] IOs:    536358660  IOPS:   345901  Throughput:  1351.2 MB/s  Total: 2046.05 GB
[ 1550.8s] IOs:    536459091  IOPS:   345913  Throughput:  1351.2 MB/s  Total: 2046.43 GB
[ 1551.2s] IOs:    536559417  IOPS:   345911  Throughput:  1351.2 MB/s  Total: 2046.81 GB
[ 1551.4s] IOs:    536660022  IOPS:   345925  Throughput:  1351.3 MB/s  Total: 2047.20 GB
[ 1551.8s] IOs:    536760677  IOPS:   345906  Throughput:  1351.2 MB/s  Total: 2047.58 GB
[ 1552.1s] IOs:    536861279  IOPS:   345902  Throughput:  1351.2 MB/s  Total: 2047.96 GB
[ 1552.3s] IOs:    536961781  IOPS:   345912  Throughput:  1351.2 MB/s  Total: 2048.35 GB
[ 1552.6s] IOs:    537062228  IOPS:   345912  Throughput:  1351.2 MB/s  Total: 2048.73 GB
[ 1552.8s] IOs:    537162754  IOPS:   345921  Throughput:  1351.3 MB/s  Total: 2049.11 GB
[ 1553.1s] IOs:    537262954  IOPS:   345926  Throughput:  1351.3 MB/s  Total: 2049.50 GB
[ 1553.4s] IOs:    537363365  IOPS:   345935  Throughput:  1351.3 MB/s  Total: 2049.88 GB
[ 1553.6s] IOs:    537463947  IOPS:   345942  Throughput:  1351.3 MB/s  Total: 2050.26 GB
[ 1553.9s] IOs:    537564538  IOPS:   345951  Throughput:  1351.4 MB/s  Total: 2050.65 GB
[ 1554.1s] IOs:    537664965  IOPS:   345966  Throughput:  1351.4 MB/s  Total: 2051.03 GB
[ 1554.4s] IOs:    537765294  IOPS:   345966  Throughput:  1351.4 MB/s  Total: 2051.41 GB
[ 1554.6s] IOs:    537865944  IOPS:   345977  Throughput:  1351.5 MB/s  Total: 2051.80 GB
[ 1554.9s] IOs:    537966595  IOPS:   345977  Throughput:  1351.5 MB/s  Total: 2052.18 GB
[ 1555.5s] IOs:    538067100  IOPS:   345906  Throughput:  1351.2 MB/s  Total: 2052.56 GB
[ 1555.8s] IOs:    538167471  IOPS:   345913  Throughput:  1351.2 MB/s  Total: 2052.95 GB
[ 1556.0s] IOs:    538267972  IOPS:   345928  Throughput:  1351.3 MB/s  Total: 2053.33 GB
[ 1556.5s] IOs:    538368429  IOPS:   345879  Throughput:  1351.1 MB/s  Total: 2053.71 GB
[ 1556.8s] IOs:    538469193  IOPS:   345886  Throughput:  1351.1 MB/s  Total: 2054.10 GB
[ 1557.1s] IOs:    538569473  IOPS:   345882  Throughput:  1351.1 MB/s  Total: 2054.48 GB
[ 1557.4s] IOs:    538669871  IOPS:   345885  Throughput:  1351.1 MB/s  Total: 2054.86 GB
[ 1557.7s] IOs:    538770593  IOPS:   345887  Throughput:  1351.1 MB/s  Total: 2055.25 GB
[ 1558.0s] IOs:    538871000  IOPS:   345872  Throughput:  1351.1 MB/s  Total: 2055.63 GB
[ 1558.3s] IOs:    538971440  IOPS:   345877  Throughput:  1351.1 MB/s  Total: 2056.01 GB
[ 1558.6s] IOs:    539072073  IOPS:   345879  Throughput:  1351.1 MB/s  Total: 2056.40 GB
[ 1558.8s] IOs:    539172547  IOPS:   345887  Throughput:  1351.1 MB/s  Total: 2056.78 GB
[ 1559.0s] IOs:    539273154  IOPS:   345903  Throughput:  1351.2 MB/s  Total: 2057.16 GB
[ 1559.3s] IOs:    539373514  IOPS:   345901  Throughput:  1351.2 MB/s  Total: 2057.55 GB
[ 1559.6s] IOs:    539473954  IOPS:   345912  Throughput:  1351.2 MB/s  Total: 2057.93 GB
[ 1560.3s] IOs:    539574556  IOPS:   345824  Throughput:  1350.9 MB/s  Total: 2058.31 GB
[ 1560.5s] IOs:    539675151  IOPS:   345830  Throughput:  1350.9 MB/s  Total: 2058.70 GB
[ 1561.2s] IOs:    539775713  IOPS:   345751  Throughput:  1350.6 MB/s  Total: 2059.08 GB
[ 1561.5s] IOs:    539876311  IOPS:   345746  Throughput:  1350.6 MB/s  Total: 2059.46 GB
[ 1561.9s] IOs:    539976805  IOPS:   345708  Throughput:  1350.4 MB/s  Total: 2059.85 GB
[ 1562.3s] IOs:    540077341  IOPS:   345695  Throughput:  1350.4 MB/s  Total: 2060.23 GB
[ 1562.6s] IOs:    540178042  IOPS:   345686  Throughput:  1350.3 MB/s  Total: 2060.62 GB
[ 1563.0s] IOs:    540278818  IOPS:   345666  Throughput:  1350.3 MB/s  Total: 2061.00 GB
[ 1563.4s] IOs:    540379680  IOPS:   345636  Throughput:  1350.1 MB/s  Total: 2061.38 GB
[ 1563.7s] IOs:    540480356  IOPS:   345647  Throughput:  1350.2 MB/s  Total: 2061.77 GB
[ 1564.5s] IOs:    540580951  IOPS:   345540  Throughput:  1349.8 MB/s  Total: 2062.15 GB
[ 1565.2s] IOs:    540681621  IOPS:   345444  Throughput:  1349.4 MB/s  Total: 2062.54 GB
[ 1566.1s] IOs:    540782550  IOPS:   345314  Throughput:  1348.9 MB/s  Total: 2062.92 GB
[ 1566.7s] IOs:    540883240  IOPS:   345236  Throughput:  1348.6 MB/s  Total: 2063.31 GB
[ 1567.5s] IOs:    540983886  IOPS:   345129  Throughput:  1348.2 MB/s  Total: 2063.69 GB
[ 1568.5s] IOs:    541084625  IOPS:   344973  Throughput:  1347.6 MB/s  Total: 2064.07 GB
[ 1569.9s] IOs:    541184669  IOPS:   344723  Throughput:  1346.6 MB/s  Total: 2064.46 GB
[ 1571.0s] IOs:    541284823  IOPS:   344554  Throughput:  1345.9 MB/s  Total: 2064.84 GB
[ 1572.0s] IOs:    541385414  IOPS:   344386  Throughput:  1345.3 MB/s  Total: 2065.22 GB
[ 1573.1s] IOs:    541486095  IOPS:   344209  Throughput:  1344.6 MB/s  Total: 2065.61 GB
[ 1574.1s] IOs:    541586975  IOPS:   344066  Throughput:  1344.0 MB/s  Total: 2065.99 GB
[ 1574.9s] IOs:    541687829  IOPS:   343950  Throughput:  1343.6 MB/s  Total: 2066.38 GB
[ 1575.7s] IOs:    541787895  IOPS:   343833  Throughput:  1343.1 MB/s  Total: 2066.76 GB
[ 1576.1s] IOs:    541888755  IOPS:   343809  Throughput:  1343.0 MB/s  Total: 2067.14 GB
[ 1577.0s] IOs:    541989591  IOPS:   343682  Throughput:  1342.5 MB/s  Total: 2067.53 GB
[ 1577.6s] IOs:    542090271  IOPS:   343623  Throughput:  1342.3 MB/s  Total: 2067.91 GB
[ 1578.2s] IOs:    542191123  IOPS:   343545  Throughput:  1342.0 MB/s  Total: 2068.29 GB
[ 1578.7s] IOs:    542291178  IOPS:   343516  Throughput:  1341.9 MB/s  Total: 2068.68 GB
[ 1579.3s] IOs:    542391950  IOPS:   343439  Throughput:  1341.6 MB/s  Total: 2069.06 GB
[ 1579.7s] IOs:    542492415  IOPS:   343423  Throughput:  1341.5 MB/s  Total: 2069.44 GB
[ 1580.3s] IOs:    542592898  IOPS:   343342  Throughput:  1341.2 MB/s  Total: 2069.83 GB
[ 1580.7s] IOs:    542693410  IOPS:   343328  Throughput:  1341.1 MB/s  Total: 2070.21 GB
[ 1581.1s] IOs:    542794181  IOPS:   343306  Throughput:  1341.0 MB/s  Total: 2070.60 GB
[ 1581.7s] IOs:    542895104  IOPS:   343244  Throughput:  1340.8 MB/s  Total: 2070.98 GB
[ 1582.1s] IOs:    542995598  IOPS:   343221  Throughput:  1340.7 MB/s  Total: 2071.36 GB
[ 1582.6s] IOs:    543096185  IOPS:   343172  Throughput:  1340.5 MB/s  Total: 2071.75 GB
[ 1583.0s] IOs:    543196841  IOPS:   343150  Throughput:  1340.4 MB/s  Total: 2072.13 GB
[ 1583.2s] IOs:    543297810  IOPS:   343166  Throughput:  1340.5 MB/s  Total: 2072.52 GB
[ 1583.7s] IOs:    543398658  IOPS:   343117  Throughput:  1340.3 MB/s  Total: 2072.90 GB
[ 1584.0s] IOs:    543499079  IOPS:   343108  Throughput:  1340.3 MB/s  Total: 2073.28 GB
[ 1584.4s] IOs:    543599587  IOPS:   343084  Throughput:  1340.2 MB/s  Total: 2073.67 GB
[ 1585.1s] IOs:    543700254  IOPS:   343011  Throughput:  1339.9 MB/s  Total: 2074.05 GB
[ 1586.0s] IOs:    543800274  IOPS:   342874  Throughput:  1339.4 MB/s  Total: 2074.43 GB
[ 1586.6s] IOs:    543901164  IOPS:   342812  Throughput:  1339.1 MB/s  Total: 2074.82 GB
[ 1587.3s] IOs:    544002039  IOPS:   342720  Throughput:  1338.7 MB/s  Total: 2075.20 GB
[ 1587.7s] IOs:    544102439  IOPS:   342707  Throughput:  1338.7 MB/s  Total: 2075.59 GB
[ 1588.5s] IOs:    544203114  IOPS:   342594  Throughput:  1338.3 MB/s  Total: 2075.97 GB
[ 1589.0s] IOs:    544303839  IOPS:   342548  Throughput:  1338.1 MB/s  Total: 2076.35 GB
[ 1589.5s] IOs:    544404762  IOPS:   342502  Throughput:  1337.9 MB/s  Total: 2076.74 GB
[ 1590.1s] IOs:    544505746  IOPS:   342427  Throughput:  1337.6 MB/s  Total: 2077.12 GB
[ 1590.6s] IOs:    544606120  IOPS:   342391  Throughput:  1337.5 MB/s  Total: 2077.51 GB
[ 1591.1s] IOs:    544706606  IOPS:   342343  Throughput:  1337.3 MB/s  Total: 2077.89 GB
[ 1591.5s] IOs:    544807464  IOPS:   342319  Throughput:  1337.2 MB/s  Total: 2078.28 GB
[ 1592.1s] IOs:    544908510  IOPS:   342263  Throughput:  1337.0 MB/s  Total: 2078.66 GB
[ 1592.5s] IOs:    545009414  IOPS:   342234  Throughput:  1336.9 MB/s  Total: 2079.05 GB
[ 1592.8s] IOs:    545109784  IOPS:   342235  Throughput:  1336.9 MB/s  Total: 2079.43 GB
[ 1593.2s] IOs:    545210357  IOPS:   342218  Throughput:  1336.8 MB/s  Total: 2079.81 GB
[ 1593.6s] IOs:    545311255  IOPS:   342183  Throughput:  1336.7 MB/s  Total: 2080.20 GB
[ 1594.3s] IOs:    545412129  IOPS:   342105  Throughput:  1336.3 MB/s  Total: 2080.58 GB
[ 1594.5s] IOs:    545512903  IOPS:   342112  Throughput:  1336.4 MB/s  Total: 2080.97 GB
[ 1595.1s] IOs:    545613383  IOPS:   342062  Throughput:  1336.2 MB/s  Total: 2081.35 GB
[Reader] Parsed 75000000 lines, distributed 545651594 writes, unique 652.84 GB, skipped 0
[ 1595.6s] IOs:    545713760  IOPS:   342010  Throughput:  1336.0 MB/s  Total: 2081.73 GB
[ 1596.1s] IOs:    545814010  IOPS:   341977  Throughput:  1335.8 MB/s  Total: 2082.12 GB
[ 1596.5s] IOs:    545914950  IOPS:   341936  Throughput:  1335.7 MB/s  Total: 2082.50 GB
[ 1597.1s] IOs:    546015794  IOPS:   341880  Throughput:  1335.5 MB/s  Total: 2082.88 GB
[ 1597.5s] IOs:    546116374  IOPS:   341867  Throughput:  1335.4 MB/s  Total: 2083.27 GB
[ 1597.7s] IOs:    546216866  IOPS:   341878  Throughput:  1335.5 MB/s  Total: 2083.65 GB
[ 1598.2s] IOs:    546317038  IOPS:   341824  Throughput:  1335.3 MB/s  Total: 2084.03 GB
[ 1598.8s] IOs:    546417588  IOPS:   341761  Throughput:  1335.0 MB/s  Total: 2084.42 GB
[ 1599.1s] IOs:    546518332  IOPS:   341774  Throughput:  1335.1 MB/s  Total: 2084.80 GB
[ 1599.6s] IOs:    546619257  IOPS:   341717  Throughput:  1334.8 MB/s  Total: 2085.19 GB
[ 1600.0s] IOs:    546719836  IOPS:   341704  Throughput:  1334.8 MB/s  Total: 2085.57 GB
[ 1600.2s] IOs:    546820251  IOPS:   341719  Throughput:  1334.8 MB/s  Total: 2085.95 GB
[ 1600.7s] IOs:    546920269  IOPS:   341670  Throughput:  1334.6 MB/s  Total: 2086.34 GB
[ 1601.1s] IOs:    547020289  IOPS:   341659  Throughput:  1334.6 MB/s  Total: 2086.72 GB
[ 1601.5s] IOs:    547121270  IOPS:   341623  Throughput:  1334.5 MB/s  Total: 2087.10 GB
[ 1601.8s] IOs:    547221647  IOPS:   341631  Throughput:  1334.5 MB/s  Total: 2087.48 GB
[ 1602.1s] IOs:    547322004  IOPS:   341629  Throughput:  1334.5 MB/s  Total: 2087.87 GB
[ 1602.5s] IOs:    547422693  IOPS:   341611  Throughput:  1334.4 MB/s  Total: 2088.25 GB
[ 1602.7s] IOs:    547523557  IOPS:   341621  Throughput:  1334.5 MB/s  Total: 2088.64 GB
[ 1603.1s] IOs:    547624561  IOPS:   341597  Throughput:  1334.4 MB/s  Total: 2089.02 GB
[ 1603.5s] IOs:    547725102  IOPS:   341587  Throughput:  1334.3 MB/s  Total: 2089.41 GB
[ 1604.0s] IOs:    547825345  IOPS:   341539  Throughput:  1334.1 MB/s  Total: 2089.79 GB
[ 1604.5s] IOs:    547926059  IOPS:   341488  Throughput:  1333.9 MB/s  Total: 2090.17 GB
[ 1605.0s] IOs:    548026609  IOPS:   341441  Throughput:  1333.8 MB/s  Total: 2090.56 GB
[ 1605.5s] IOs:    548127206  IOPS:   341415  Throughput:  1333.7 MB/s  Total: 2090.94 GB
[ 1605.7s] IOs:    548227744  IOPS:   341427  Throughput:  1333.7 MB/s  Total: 2091.32 GB
[ 1606.2s] IOs:    548328571  IOPS:   341373  Throughput:  1333.5 MB/s  Total: 2091.71 GB
[ 1606.7s] IOs:    548429233  IOPS:   341341  Throughput:  1333.4 MB/s  Total: 2092.09 GB
[ 1607.1s] IOs:    548529266  IOPS:   341320  Throughput:  1333.3 MB/s  Total: 2092.47 GB
[ 1607.5s] IOs:    548630173  IOPS:   341301  Throughput:  1333.2 MB/s  Total: 2092.86 GB
[ 1607.8s] IOs:    548730754  IOPS:   341298  Throughput:  1333.2 MB/s  Total: 2093.24 GB
[ 1608.1s] IOs:    548831009  IOPS:   341290  Throughput:  1333.2 MB/s  Total: 2093.62 GB
[ 1608.6s] IOs:    548932043  IOPS:   341246  Throughput:  1333.0 MB/s  Total: 2094.01 GB
[ 1608.8s] IOs:    549032961  IOPS:   341259  Throughput:  1333.0 MB/s  Total: 2094.39 GB
[ 1609.1s] IOs:    549133850  IOPS:   341266  Throughput:  1333.1 MB/s  Total: 2094.78 GB
[ 1609.5s] IOs:    549234675  IOPS:   341238  Throughput:  1333.0 MB/s  Total: 2095.16 GB
[ 1609.9s] IOs:    549335224  IOPS:   341232  Throughput:  1332.9 MB/s  Total: 2095.55 GB
[ 1610.1s] IOs:    549435736  IOPS:   341238  Throughput:  1333.0 MB/s  Total: 2095.93 GB
[ 1610.5s] IOs:    549535823  IOPS:   341225  Throughput:  1332.9 MB/s  Total: 2096.31 GB
[ 1610.7s] IOs:    549636625  IOPS:   341239  Throughput:  1333.0 MB/s  Total: 2096.70 GB
[ 1611.1s] IOs:    549736642  IOPS:   341223  Throughput:  1332.9 MB/s  Total: 2097.08 GB
[ 1611.3s] IOs:    549837228  IOPS:   341236  Throughput:  1333.0 MB/s  Total: 2097.46 GB
[ 1611.6s] IOs:    549937864  IOPS:   341229  Throughput:  1332.9 MB/s  Total: 2097.85 GB
[ 1611.9s] IOs:    550038490  IOPS:   341241  Throughput:  1333.0 MB/s  Total: 2098.23 GB
[ 1612.1s] IOs:    550139538  IOPS:   341251  Throughput:  1333.0 MB/s  Total: 2098.62 GB
[ 1612.4s] IOs:    550239558  IOPS:   341258  Throughput:  1333.0 MB/s  Total: 2099.00 GB
[ 1612.7s] IOs:    550339834  IOPS:   341263  Throughput:  1333.1 MB/s  Total: 2099.38 GB
[ 1613.0s] IOs:    550440135  IOPS:   341257  Throughput:  1333.0 MB/s  Total: 2099.76 GB
[ 1613.7s] IOs:    550540978  IOPS:   341163  Throughput:  1332.7 MB/s  Total: 2100.15 GB
[ 1614.3s] IOs:    550641769  IOPS:   341106  Throughput:  1332.4 MB/s  Total: 2100.53 GB
[ 1615.0s] IOs:    550742719  IOPS:   341009  Throughput:  1332.1 MB/s  Total: 2100.92 GB
[ 1615.6s] IOs:    550843361  IOPS:   340943  Throughput:  1331.8 MB/s  Total: 2101.30 GB
[ 1616.2s] IOs:    550943656  IOPS:   340889  Throughput:  1331.6 MB/s  Total: 2101.68 GB
[ 1616.6s] IOs:    551044067  IOPS:   340860  Throughput:  1331.5 MB/s  Total: 2102.07 GB
[ 1617.2s] IOs:    551144994  IOPS:   340813  Throughput:  1331.3 MB/s  Total: 2102.45 GB
[ 1617.7s] IOs:    551245873  IOPS:   340760  Throughput:  1331.1 MB/s  Total: 2102.84 GB
[ 1618.1s] IOs:    551346626  IOPS:   340730  Throughput:  1331.0 MB/s  Total: 2103.22 GB
[ 1618.6s] IOs:    551447077  IOPS:   340701  Throughput:  1330.9 MB/s  Total: 2103.60 GB
[ 1618.9s] IOs:    551547583  IOPS:   340701  Throughput:  1330.9 MB/s  Total: 2103.99 GB
[ 1619.3s] IOs:    551648413  IOPS:   340676  Throughput:  1330.8 MB/s  Total: 2104.37 GB
[ 1619.7s] IOs:    551749203  IOPS:   340644  Throughput:  1330.6 MB/s  Total: 2104.76 GB
[ 1620.1s] IOs:    551849756  IOPS:   340626  Throughput:  1330.6 MB/s  Total: 2105.14 GB
[ 1620.4s] IOs:    551950455  IOPS:   340635  Throughput:  1330.6 MB/s  Total: 2105.52 GB
[ 1620.8s] IOs:    552050920  IOPS:   340604  Throughput:  1330.5 MB/s  Total: 2105.91 GB
[ 1622.3s] IOs:    552151642  IOPS:   340356  Throughput:  1329.5 MB/s  Total: 2106.29 GB
[ 1622.6s] IOs:    552252420  IOPS:   340349  Throughput:  1329.5 MB/s  Total: 2106.68 GB
[ 1623.2s] IOs:    552353207  IOPS:   340283  Throughput:  1329.2 MB/s  Total: 2107.06 GB
[ 1623.6s] IOs:    552453704  IOPS:   340270  Throughput:  1329.2 MB/s  Total: 2107.44 GB
[ 1624.1s] IOs:    552554338  IOPS:   340222  Throughput:  1329.0 MB/s  Total: 2107.83 GB
[ 1624.4s] IOs:    552655309  IOPS:   340218  Throughput:  1329.0 MB/s  Total: 2108.21 GB
[ 1624.7s] IOs:    552756051  IOPS:   340226  Throughput:  1329.0 MB/s  Total: 2108.60 GB
[ 1625.2s] IOs:    552857015  IOPS:   340188  Throughput:  1328.9 MB/s  Total: 2108.98 GB
[ 1625.5s] IOs:    552957539  IOPS:   340180  Throughput:  1328.8 MB/s  Total: 2109.37 GB
[ 1625.7s] IOs:    553058224  IOPS:   340190  Throughput:  1328.9 MB/s  Total: 2109.75 GB
[ 1626.1s] IOs:    553158885  IOPS:   340175  Throughput:  1328.8 MB/s  Total: 2110.13 GB
[ 1626.6s] IOs:    553259913  IOPS:   340129  Throughput:  1328.6 MB/s  Total: 2110.52 GB
[ 1627.0s] IOs:    553360527  IOPS:   340108  Throughput:  1328.5 MB/s  Total: 2110.90 GB
[ 1627.2s] IOs:    553460879  IOPS:   340121  Throughput:  1328.6 MB/s  Total: 2111.29 GB
[ 1627.8s] IOs:    553561503  IOPS:   340077  Throughput:  1328.4 MB/s  Total: 2111.67 GB
[ 1637.2s] IOs:    553661996  IOPS:   338168  Throughput:  1321.0 MB/s  Total: 2112.05 GB
[ 1638.3s] IOs:    553762843  IOPS:   338009  Throughput:  1320.3 MB/s  Total: 2112.44 GB
[ 1639.6s] IOs:    553863730  IOPS:   337799  Throughput:  1319.5 MB/s  Total: 2112.82 GB
[ 1640.6s] IOs:    553964551  IOPS:   337656  Throughput:  1319.0 MB/s  Total: 2113.21 GB
[ 1641.3s] IOs:    554064711  IOPS:   337578  Throughput:  1318.7 MB/s  Total: 2113.59 GB
[ 1642.2s] IOs:    554165544  IOPS:   337444  Throughput:  1318.1 MB/s  Total: 2113.97 GB
[ 1642.9s] IOs:    554266321  IOPS:   337369  Throughput:  1317.8 MB/s  Total: 2114.36 GB
[ 1643.8s] IOs:    554367327  IOPS:   337245  Throughput:  1317.4 MB/s  Total: 2114.74 GB
[ 1644.3s] IOs:    554468204  IOPS:   337197  Throughput:  1317.2 MB/s  Total: 2115.13 GB
[ 1644.9s] IOs:    554568929  IOPS:   337148  Throughput:  1317.0 MB/s  Total: 2115.51 GB
[ 1645.7s] IOs:    554669946  IOPS:   337046  Throughput:  1316.6 MB/s  Total: 2115.90 GB
[ 1646.3s] IOs:    554770533  IOPS:   336986  Throughput:  1316.4 MB/s  Total: 2116.28 GB
[ 1646.8s] IOs:    554871126  IOPS:   336942  Throughput:  1316.2 MB/s  Total: 2116.67 GB
[ 1647.2s] IOs:    554972048  IOPS:   336911  Throughput:  1316.1 MB/s  Total: 2117.05 GB
[ 1647.7s] IOs:    555072973  IOPS:   336871  Throughput:  1315.9 MB/s  Total: 2117.44 GB
[ 1648.2s] IOs:    555173468  IOPS:   336829  Throughput:  1315.7 MB/s  Total: 2117.82 GB
[ 1648.7s] IOs:    555273849  IOPS:   336799  Throughput:  1315.6 MB/s  Total: 2118.20 GB
[ 1649.1s] IOs:    555373956  IOPS:   336766  Throughput:  1315.5 MB/s  Total: 2118.58 GB
[ 1649.8s] IOs:    555474031  IOPS:   336695  Throughput:  1315.2 MB/s  Total: 2118.97 GB
[ 1650.8s] IOs:    555574039  IOPS:   336542  Throughput:  1314.6 MB/s  Total: 2119.35 GB
[ 1651.7s] IOs:    555674051  IOPS:   336422  Throughput:  1314.1 MB/s  Total: 2119.73 GB
[ 1652.3s] IOs:    555774803  IOPS:   336365  Throughput:  1313.9 MB/s  Total: 2120.11 GB
[ 1653.3s] IOs:    555875498  IOPS:   336230  Throughput:  1313.4 MB/s  Total: 2120.50 GB
[ 1653.9s] IOs:    555976422  IOPS:   336157  Throughput:  1313.1 MB/s  Total: 2120.88 GB
[ 1654.3s] IOs:    556076879  IOPS:   336137  Throughput:  1313.0 MB/s  Total: 2121.26 GB
[ 1654.9s] IOs:    556177284  IOPS:   336080  Throughput:  1312.8 MB/s  Total: 2121.65 GB
[ 1655.7s] IOs:    556277946  IOPS:   335978  Throughput:  1312.4 MB/s  Total: 2122.03 GB
[ 1656.3s] IOs:    556378837  IOPS:   335921  Throughput:  1312.2 MB/s  Total: 2122.42 GB
[ 1656.7s] IOs:    556479695  IOPS:   335905  Throughput:  1312.1 MB/s  Total: 2122.80 GB
[ 1657.2s] IOs:    556580629  IOPS:   335861  Throughput:  1312.0 MB/s  Total: 2123.19 GB
[ 1657.6s] IOs:    556681144  IOPS:   335831  Throughput:  1311.8 MB/s  Total: 2123.57 GB
[ 1657.9s] IOs:    556781574  IOPS:   335833  Throughput:  1311.8 MB/s  Total: 2123.95 GB
[ 1658.4s] IOs:    556882400  IOPS:   335791  Throughput:  1311.7 MB/s  Total: 2124.34 GB
[ 1658.8s] IOs:    556982934  IOPS:   335776  Throughput:  1311.6 MB/s  Total: 2124.72 GB
[ 1659.3s] IOs:    557083764  IOPS:   335739  Throughput:  1311.5 MB/s  Total: 2125.11 GB
[ 1659.7s] IOs:    557184313  IOPS:   335717  Throughput:  1311.4 MB/s  Total: 2125.49 GB
[ 1659.9s] IOs:    557284971  IOPS:   335732  Throughput:  1311.5 MB/s  Total: 2125.87 GB
[ 1660.5s] IOs:    557385691  IOPS:   335682  Throughput:  1311.3 MB/s  Total: 2126.26 GB
[ 1660.7s] IOs:    557486440  IOPS:   335688  Throughput:  1311.3 MB/s  Total: 2126.64 GB
[ 1660.9s] IOs:    557587131  IOPS:   335706  Throughput:  1311.4 MB/s  Total: 2127.03 GB
[ 1661.6s] IOs:    557687536  IOPS:   335633  Throughput:  1311.1 MB/s  Total: 2127.41 GB
[ 1661.8s] IOs:    557788117  IOPS:   335643  Throughput:  1311.1 MB/s  Total: 2127.79 GB
[ 1662.3s] IOs:    557888601  IOPS:   335605  Throughput:  1311.0 MB/s  Total: 2128.18 GB
[ 1662.8s] IOs:    557988792  IOPS:   335576  Throughput:  1310.8 MB/s  Total: 2128.56 GB
[ 1663.2s] IOs:    558089451  IOPS:   335555  Throughput:  1310.8 MB/s  Total: 2128.94 GB
[ 1663.4s] IOs:    558190294  IOPS:   335565  Throughput:  1310.8 MB/s  Total: 2129.33 GB
[ 1663.9s] IOs:    558290940  IOPS:   335532  Throughput:  1310.7 MB/s  Total: 2129.71 GB
[ 1665.9s] IOs:    558391785  IOPS:   335198  Throughput:  1309.4 MB/s  Total: 2130.10 GB
[ 1667.9s] IOs:    558492573  IOPS:   334841  Throughput:  1308.0 MB/s  Total: 2130.48 GB
[ 1669.9s] IOs:    558592644  IOPS:   334498  Throughput:  1306.6 MB/s  Total: 2130.86 GB
[ 1671.4s] IOs:    558693619  IOPS:   334258  Throughput:  1305.7 MB/s  Total: 2131.25 GB
[ 1672.7s] IOs:    558794245  IOPS:   334070  Throughput:  1305.0 MB/s  Total: 2131.63 GB
[ 1673.6s] IOs:    558895185  IOPS:   333939  Throughput:  1304.4 MB/s  Total: 2132.02 GB
[ 1675.0s] IOs:    558996169  IOPS:   333735  Throughput:  1303.7 MB/s  Total: 2132.40 GB
[ 1675.7s] IOs:    559096916  IOPS:   333653  Throughput:  1303.3 MB/s  Total: 2132.79 GB
[ 1676.6s] IOs:    559197093  IOPS:   333520  Throughput:  1302.8 MB/s  Total: 2133.17 GB
[ 1677.5s] IOs:    559297099  IOPS:   333403  Throughput:  1302.4 MB/s  Total: 2133.55 GB
[ 1678.2s] IOs:    559397971  IOPS:   333336  Throughput:  1302.1 MB/s  Total: 2133.93 GB
[ 1679.0s] IOs:    559497997  IOPS:   333225  Throughput:  1301.7 MB/s  Total: 2134.32 GB
[ 1679.6s] IOs:    559598059  IOPS:   333166  Throughput:  1301.4 MB/s  Total: 2134.70 GB
[ 1680.1s] IOs:    559698864  IOPS:   333130  Throughput:  1301.3 MB/s  Total: 2135.08 GB
[ 1681.0s] IOs:    559799547  IOPS:   333010  Throughput:  1300.8 MB/s  Total: 2135.47 GB
[Reader] Parsed 76000000 lines, distributed 559861406 writes, unique 659.86 GB, skipped 0
[ 1681.6s] IOs:    559900388  IOPS:   332948  Throughput:  1300.6 MB/s  Total: 2135.85 GB
[ 1682.1s] IOs:    560001144  IOPS:   332916  Throughput:  1300.5 MB/s  Total: 2136.23 GB
[ 1682.6s] IOs:    560101952  IOPS:   332874  Throughput:  1300.3 MB/s  Total: 2136.62 GB
[ 1683.5s] IOs:    560202053  IOPS:   332751  Throughput:  1299.8 MB/s  Total: 2137.00 GB
[ 1684.6s] IOs:    560302278  IOPS:   332600  Throughput:  1299.2 MB/s  Total: 2137.38 GB
[ 1685.7s] IOs:    560402791  IOPS:   332447  Throughput:  1298.6 MB/s  Total: 2137.77 GB
[ 1686.6s] IOs:    560503655  IOPS:   332325  Throughput:  1298.1 MB/s  Total: 2138.15 GB
[ 1687.5s] IOs:    560604603  IOPS:   332215  Throughput:  1297.7 MB/s  Total: 2138.54 GB
[ 1688.1s] IOs:    560704737  IOPS:   332154  Throughput:  1297.5 MB/s  Total: 2138.92 GB
[ 1688.7s] IOs:    560805460  IOPS:   332101  Throughput:  1297.3 MB/s  Total: 2139.30 GB
[ 1689.6s] IOs:    560906418  IOPS:   331969  Throughput:  1296.8 MB/s  Total: 2139.69 GB
[ 1690.2s] IOs:    561007161  IOPS:   331920  Throughput:  1296.6 MB/s  Total: 2140.07 GB
[ 1690.9s] IOs:    561107907  IOPS:   331844  Throughput:  1296.3 MB/s  Total: 2140.46 GB
[ 1691.2s] IOs:    561208690  IOPS:   331838  Throughput:  1296.2 MB/s  Total: 2140.84 GB
[ 1691.8s] IOs:    561309222  IOPS:   331784  Throughput:  1296.0 MB/s  Total: 2141.22 GB
[ 1692.3s] IOs:    561409607  IOPS:   331744  Throughput:  1295.9 MB/s  Total: 2141.61 GB
[ 1692.7s] IOs:    561509789  IOPS:   331724  Throughput:  1295.8 MB/s  Total: 2141.99 GB
[ 1693.3s] IOs:    561610633  IOPS:   331671  Throughput:  1295.6 MB/s  Total: 2142.37 GB
[ 1693.7s] IOs:    561711575  IOPS:   331647  Throughput:  1295.5 MB/s  Total: 2142.76 GB
[ 1694.3s] IOs:    561812396  IOPS:   331590  Throughput:  1295.3 MB/s  Total: 2143.14 GB
[ 1694.6s] IOs:    561912720  IOPS:   331586  Throughput:  1295.3 MB/s  Total: 2143.53 GB
[ 1695.2s] IOs:    562013244  IOPS:   331531  Throughput:  1295.0 MB/s  Total: 2143.91 GB
[ 1695.6s] IOs:    562113759  IOPS:   331518  Throughput:  1295.0 MB/s  Total: 2144.29 GB
[ 1695.8s] IOs:    562214666  IOPS:   331530  Throughput:  1295.0 MB/s  Total: 2144.68 GB
[ 1696.4s] IOs:    562315292  IOPS:   331484  Throughput:  1294.9 MB/s  Total: 2145.06 GB
[ 1696.7s] IOs:    562415480  IOPS:   331484  Throughput:  1294.9 MB/s  Total: 2145.44 GB
[ 1697.1s] IOs:    562515899  IOPS:   331451  Throughput:  1294.7 MB/s  Total: 2145.83 GB
[ 1697.4s] IOs:    562616521  IOPS:   331464  Throughput:  1294.8 MB/s  Total: 2146.21 GB
[ 1697.7s] IOs:    562717182  IOPS:   331455  Throughput:  1294.7 MB/s  Total: 2146.60 GB
[ 1698.1s] IOs:    562818023  IOPS:   331449  Throughput:  1294.7 MB/s  Total: 2146.98 GB
[ 1698.3s] IOs:    562918525  IOPS:   331465  Throughput:  1294.8 MB/s  Total: 2147.36 GB
[ 1698.7s] IOs:    563018958  IOPS:   331440  Throughput:  1294.7 MB/s  Total: 2147.75 GB
[ 1699.0s] IOs:    563119352  IOPS:   331451  Throughput:  1294.7 MB/s  Total: 2148.13 GB
[ 1699.2s] IOs:    563220143  IOPS:   331460  Throughput:  1294.8 MB/s  Total: 2148.51 GB
[ 1699.7s] IOs:    563320923  IOPS:   331424  Throughput:  1294.6 MB/s  Total: 2148.90 GB
[ 1700.1s] IOs:    563421280  IOPS:   331413  Throughput:  1294.6 MB/s  Total: 2149.28 GB
[ 1700.5s] IOs:    563521815  IOPS:   331378  Throughput:  1294.4 MB/s  Total: 2149.67 GB
[ 1700.9s] IOs:    563622437  IOPS:   331374  Throughput:  1294.4 MB/s  Total: 2150.05 GB
[ 1701.3s] IOs:    563722839  IOPS:   331350  Throughput:  1294.3 MB/s  Total: 2150.43 GB
[ 1701.8s] IOs:    563823525  IOPS:   331308  Throughput:  1294.2 MB/s  Total: 2150.82 GB
[ 1702.1s] IOs:    563923919  IOPS:   331305  Throughput:  1294.2 MB/s  Total: 2151.20 GB
[ 1702.6s] IOs:    564024556  IOPS:   331274  Throughput:  1294.0 MB/s  Total: 2151.58 GB
[ 1702.9s] IOs:    564124943  IOPS:   331281  Throughput:  1294.1 MB/s  Total: 2151.97 GB
[ 1703.3s] IOs:    564225496  IOPS:   331262  Throughput:  1294.0 MB/s  Total: 2152.35 GB
[ 1703.6s] IOs:    564326131  IOPS:   331254  Throughput:  1294.0 MB/s  Total: 2152.73 GB
[ 1703.9s] IOs:    564426818  IOPS:   331265  Throughput:  1294.0 MB/s  Total: 2153.12 GB
[ 1704.2s] IOs:    564527221  IOPS:   331253  Throughput:  1294.0 MB/s  Total: 2153.50 GB
[ 1704.6s] IOs:    564627806  IOPS:   331242  Throughput:  1293.9 MB/s  Total: 2153.88 GB
[ 1704.9s] IOs:    564728515  IOPS:   331237  Throughput:  1293.9 MB/s  Total: 2154.27 GB
[ 1705.2s] IOs:    564829296  IOPS:   331249  Throughput:  1293.9 MB/s  Total: 2154.65 GB
[ 1705.4s] IOs:    564929661  IOPS:   331254  Throughput:  1294.0 MB/s  Total: 2155.04 GB
[ 1705.8s] IOs:    565029904  IOPS:   331241  Throughput:  1293.9 MB/s  Total: 2155.42 GB
[ 1706.1s] IOs:    565130448  IOPS:   331242  Throughput:  1293.9 MB/s  Total: 2155.80 GB
[ 1706.3s] IOs:    565230905  IOPS:   331253  Throughput:  1294.0 MB/s  Total: 2156.18 GB
[ 1706.6s] IOs:    565331588  IOPS:   331253  Throughput:  1294.0 MB/s  Total: 2156.57 GB
[ 1707.2s] IOs:    565432391  IOPS:   331205  Throughput:  1293.8 MB/s  Total: 2156.95 GB
[ 1707.7s] IOs:    565532947  IOPS:   331160  Throughput:  1293.6 MB/s  Total: 2157.34 GB
[ 1708.2s] IOs:    565633676  IOPS:   331120  Throughput:  1293.4 MB/s  Total: 2157.72 GB
[ 1708.6s] IOs:    565734293  IOPS:   331112  Throughput:  1293.4 MB/s  Total: 2158.11 GB
[ 1708.8s] IOs:    565835164  IOPS:   331124  Throughput:  1293.5 MB/s  Total: 2158.49 GB
[ 1709.3s] IOs:    565936041  IOPS:   331090  Throughput:  1293.3 MB/s  Total: 2158.87 GB
[ 1709.8s] IOs:    566036613  IOPS:   331048  Throughput:  1293.2 MB/s  Total: 2159.26 GB
[ 1710.2s] IOs:    566137237  IOPS:   331030  Throughput:  1293.1 MB/s  Total: 2159.64 GB
[ 1710.5s] IOs:    566237447  IOPS:   331044  Throughput:  1293.1 MB/s  Total: 2160.02 GB
[ 1710.8s] IOs:    566338238  IOPS:   331031  Throughput:  1293.1 MB/s  Total: 2160.41 GB
[ 1711.3s] IOs:    566439052  IOPS:   331006  Throughput:  1293.0 MB/s  Total: 2160.79 GB
[ 1711.6s] IOs:    566539863  IOPS:   330994  Throughput:  1292.9 MB/s  Total: 2161.18 GB
[ 1712.0s] IOs:    566640370  IOPS:   330984  Throughput:  1292.9 MB/s  Total: 2161.56 GB
[ 1712.2s] IOs:    566740852  IOPS:   330999  Throughput:  1293.0 MB/s  Total: 2161.94 GB
[ 1712.7s] IOs:    566841850  IOPS:   330964  Throughput:  1292.8 MB/s  Total: 2162.33 GB
[ 1712.9s] IOs:    566942373  IOPS:   330978  Throughput:  1292.9 MB/s  Total: 2162.71 GB
[ 1713.2s] IOs:    567042855  IOPS:   330988  Throughput:  1292.9 MB/s  Total: 2163.10 GB
[ 1713.4s] IOs:    567143464  IOPS:   331005  Throughput:  1293.0 MB/s  Total: 2163.48 GB
[ 1713.8s] IOs:    567243575  IOPS:   330982  Throughput:  1292.9 MB/s  Total: 2163.86 GB
[ 1714.1s] IOs:    567344289  IOPS:   330990  Throughput:  1292.9 MB/s  Total: 2164.25 GB
[ 1714.3s] IOs:    567444894  IOPS:   331002  Throughput:  1293.0 MB/s  Total: 2164.63 GB
[ 1714.7s] IOs:    567545310  IOPS:   330997  Throughput:  1293.0 MB/s  Total: 2165.01 GB
[ 1714.9s] IOs:    567646080  IOPS:   331008  Throughput:  1293.0 MB/s  Total: 2165.40 GB
[ 1715.3s] IOs:    567746757  IOPS:   330998  Throughput:  1293.0 MB/s  Total: 2165.78 GB
[ 1715.5s] IOs:    567847511  IOPS:   331010  Throughput:  1293.0 MB/s  Total: 2166.17 GB
[ 1715.7s] IOs:    567948044  IOPS:   331024  Throughput:  1293.1 MB/s  Total: 2166.55 GB
[ 1716.0s] IOs:    568048803  IOPS:   331022  Throughput:  1293.1 MB/s  Total: 2166.93 GB
[ 1716.3s] IOs:    568149324  IOPS:   331038  Throughput:  1293.1 MB/s  Total: 2167.32 GB
[ 1716.6s] IOs:    568250094  IOPS:   331035  Throughput:  1293.1 MB/s  Total: 2167.70 GB
[ 1716.8s] IOs:    568350833  IOPS:   331050  Throughput:  1293.2 MB/s  Total: 2168.09 GB
[ 1717.1s] IOs:    568451520  IOPS:   331049  Throughput:  1293.2 MB/s  Total: 2168.47 GB
[ 1717.4s] IOs:    568551847  IOPS:   331060  Throughput:  1293.2 MB/s  Total: 2168.85 GB
[ 1717.6s] IOs:    568652576  IOPS:   331077  Throughput:  1293.3 MB/s  Total: 2169.24 GB
[ 1718.1s] IOs:    568753174  IOPS:   331029  Throughput:  1293.1 MB/s  Total: 2169.62 GB
[ 1718.8s] IOs:    568853912  IOPS:   330965  Throughput:  1292.8 MB/s  Total: 2170.01 GB
[ 1719.4s] IOs:    568954723  IOPS:   330909  Throughput:  1292.6 MB/s  Total: 2170.39 GB
[ 1720.3s] IOs:    569055733  IOPS:   330779  Throughput:  1292.1 MB/s  Total: 2170.78 GB
[ 1720.9s] IOs:    569156541  IOPS:   330724  Throughput:  1291.9 MB/s  Total: 2171.16 GB
[ 1721.8s] IOs:    569257143  IOPS:   330618  Throughput:  1291.5 MB/s  Total: 2171.54 GB
[ 1722.2s] IOs:    569357561  IOPS:   330591  Throughput:  1291.4 MB/s  Total: 2171.93 GB
[ 1723.0s] IOs:    569458386  IOPS:   330513  Throughput:  1291.1 MB/s  Total: 2172.31 GB
[ 1723.7s] IOs:    569559241  IOPS:   330437  Throughput:  1290.8 MB/s  Total: 2172.70 GB
[Reader] Parsed 77000000 lines, distributed 569642900 writes, unique 665.26 GB, skipped 0
[ 1724.2s] IOs:    569660218  IOPS:   330386  Throughput:  1290.6 MB/s  Total: 2173.08 GB
[ 1724.8s] IOs:    569760780  IOPS:   330331  Throughput:  1290.4 MB/s  Total: 2173.46 GB
[ 1725.3s] IOs:    569861358  IOPS:   330302  Throughput:  1290.2 MB/s  Total: 2173.85 GB
[ 1725.8s] IOs:    569962366  IOPS:   330256  Throughput:  1290.1 MB/s  Total: 2174.23 GB
[ 1726.3s] IOs:    570063159  IOPS:   330219  Throughput:  1289.9 MB/s  Total: 2174.62 GB
[ 1726.7s] IOs:    570163918  IOPS:   330195  Throughput:  1289.8 MB/s  Total: 2175.00 GB
[ 1727.2s] IOs:    570264730  IOPS:   330167  Throughput:  1289.7 MB/s  Total: 2175.39 GB
[ 1727.5s] IOs:    570365123  IOPS:   330176  Throughput:  1289.8 MB/s  Total: 2175.77 GB
[ 1728.1s] IOs:    570466093  IOPS:   330117  Throughput:  1289.5 MB/s  Total: 2176.16 GB
[ 1728.3s] IOs:    570566204  IOPS:   330128  Throughput:  1289.6 MB/s  Total: 2176.54 GB
[ 1728.8s] IOs:    570666802  IOPS:   330086  Throughput:  1289.4 MB/s  Total: 2176.92 GB
[ 1729.2s] IOs:    570767466  IOPS:   330077  Throughput:  1289.4 MB/s  Total: 2177.31 GB
[ 1729.5s] IOs:    570867861  IOPS:   330074  Throughput:  1289.4 MB/s  Total: 2177.69 GB
[ 1729.8s] IOs:    570968264  IOPS:   330069  Throughput:  1289.3 MB/s  Total: 2178.07 GB
[ 1730.2s] IOs:    571069094  IOPS:   330053  Throughput:  1289.3 MB/s  Total: 2178.46 GB
[ 1730.5s] IOs:    571170069  IOPS:   330066  Throughput:  1289.3 MB/s  Total: 2178.84 GB
[ 1731.0s] IOs:    571270768  IOPS:   330031  Throughput:  1289.2 MB/s  Total: 2179.23 GB
[ 1731.3s] IOs:    571370916  IOPS:   330028  Throughput:  1289.2 MB/s  Total: 2179.61 GB
[ 1731.7s] IOs:    571471379  IOPS:   330014  Throughput:  1289.1 MB/s  Total: 2179.99 GB
[ 1732.0s] IOs:    571572193  IOPS:   330011  Throughput:  1289.1 MB/s  Total: 2180.37 GB
[ 1732.3s] IOs:    571673002  IOPS:   330016  Throughput:  1289.1 MB/s  Total: 2180.76 GB
[ 1732.5s] IOs:    571773541  IOPS:   330024  Throughput:  1289.2 MB/s  Total: 2181.14 GB
[ 1733.1s] IOs:    571874038  IOPS:   329974  Throughput:  1289.0 MB/s  Total: 2181.53 GB
[ 1733.3s] IOs:    571974687  IOPS:   329989  Throughput:  1289.0 MB/s  Total: 2181.91 GB
[ 1733.8s] IOs:    572075379  IOPS:   329946  Throughput:  1288.9 MB/s  Total: 2182.29 GB
[ 1734.4s] IOs:    572176120  IOPS:   329908  Throughput:  1288.7 MB/s  Total: 2182.68 GB
[ 1734.7s] IOs:    572276704  IOPS:   329899  Throughput:  1288.7 MB/s  Total: 2183.06 GB
[ 1734.9s] IOs:    572376904  IOPS:   329915  Throughput:  1288.7 MB/s  Total: 2183.44 GB
[ 1735.4s] IOs:    572477662  IOPS:   329873  Throughput:  1288.6 MB/s  Total: 2183.83 GB
[ 1735.8s] IOs:    572578229  IOPS:   329866  Throughput:  1288.5 MB/s  Total: 2184.21 GB
[ 1736.3s] IOs:    572678933  IOPS:   329819  Throughput:  1288.4 MB/s  Total: 2184.60 GB
[ 1737.0s] IOs:    572779499  IOPS:   329759  Throughput:  1288.1 MB/s  Total: 2184.98 GB
[ 1737.2s] IOs:    572880019  IOPS:   329767  Throughput:  1288.2 MB/s  Total: 2185.36 GB
[ 1737.7s] IOs:    572980703  IOPS:   329735  Throughput:  1288.0 MB/s  Total: 2185.75 GB
[ 1737.9s] IOs:    573081459  IOPS:   329749  Throughput:  1288.1 MB/s  Total: 2186.13 GB
[ 1738.5s] IOs:    573182138  IOPS:   329706  Throughput:  1287.9 MB/s  Total: 2186.52 GB
[ 1739.0s] IOs:    573282143  IOPS:   329661  Throughput:  1287.7 MB/s  Total: 2186.90 GB
[ 1739.3s] IOs:    573382962  IOPS:   329662  Throughput:  1287.7 MB/s  Total: 2187.28 GB
[ 1739.8s] IOs:    573483968  IOPS:   329630  Throughput:  1287.6 MB/s  Total: 2187.67 GB
[ 1740.0s] IOs:    573584855  IOPS:   329638  Throughput:  1287.6 MB/s  Total: 2188.05 GB
[ 1740.4s] IOs:    573685604  IOPS:   329635  Throughput:  1287.6 MB/s  Total: 2188.44 GB
[ 1740.8s] IOs:    573786414  IOPS:   329611  Throughput:  1287.5 MB/s  Total: 2188.82 GB
[ 1741.0s] IOs:    573887038  IOPS:   329625  Throughput:  1287.6 MB/s  Total: 2189.21 GB
[ 1741.5s] IOs:    573987904  IOPS:   329600  Throughput:  1287.5 MB/s  Total: 2189.59 GB
[ 1741.8s] IOs:    574088196  IOPS:   329603  Throughput:  1287.5 MB/s  Total: 2189.97 GB
[ 1742.0s] IOs:    574189135  IOPS:   329613  Throughput:  1287.5 MB/s  Total: 2190.36 GB
[ 1742.4s] IOs:    574290006  IOPS:   329601  Throughput:  1287.5 MB/s  Total: 2190.74 GB
[ 1742.7s] IOs:    574390821  IOPS:   329599  Throughput:  1287.5 MB/s  Total: 2191.13 GB
[ 1743.0s] IOs:    574491307  IOPS:   329600  Throughput:  1287.5 MB/s  Total: 2191.51 GB
[ 1743.3s] IOs:    574591617  IOPS:   329604  Throughput:  1287.5 MB/s  Total: 2191.89 GB
[ 1743.5s] IOs:    574692478  IOPS:   329619  Throughput:  1287.6 MB/s  Total: 2192.28 GB
[ 1743.8s] IOs:    574792492  IOPS:   329611  Throughput:  1287.5 MB/s  Total: 2192.66 GB
[ 1744.2s] IOs:    574893368  IOPS:   329599  Throughput:  1287.5 MB/s  Total: 2193.04 GB
[ 1744.4s] IOs:    574993972  IOPS:   329614  Throughput:  1287.6 MB/s  Total: 2193.43 GB
[ 1744.9s] IOs:    575094739  IOPS:   329589  Throughput:  1287.5 MB/s  Total: 2193.81 GB
[ 1745.2s] IOs:    575195628  IOPS:   329591  Throughput:  1287.5 MB/s  Total: 2194.20 GB
[ 1745.4s] IOs:    575296280  IOPS:   329603  Throughput:  1287.5 MB/s  Total: 2194.58 GB
[ 1745.7s] IOs:    575397070  IOPS:   329601  Throughput:  1287.5 MB/s  Total: 2194.97 GB
[ 1746.0s] IOs:    575497919  IOPS:   329613  Throughput:  1287.6 MB/s  Total: 2195.35 GB
[ 1746.4s] IOs:    575598347  IOPS:   329591  Throughput:  1287.5 MB/s  Total: 2195.73 GB
[ 1746.7s] IOs:    575699262  IOPS:   329596  Throughput:  1287.5 MB/s  Total: 2196.12 GB
[ 1746.9s] IOs:    575800167  IOPS:   329613  Throughput:  1287.6 MB/s  Total: 2196.50 GB
[ 1747.4s] IOs:    575900950  IOPS:   329579  Throughput:  1287.4 MB/s  Total: 2196.89 GB
[ 1747.6s] IOs:    576001469  IOPS:   329589  Throughput:  1287.5 MB/s  Total: 2197.27 GB
[ 1747.9s] IOs:    576101794  IOPS:   329602  Throughput:  1287.5 MB/s  Total: 2197.65 GB
[ 1748.2s] IOs:    576202640  IOPS:   329595  Throughput:  1287.5 MB/s  Total: 2198.04 GB
[ 1748.8s] IOs:    576303290  IOPS:   329547  Throughput:  1287.3 MB/s  Total: 2198.42 GB
[ 1749.0s] IOs:    576404010  IOPS:   329556  Throughput:  1287.3 MB/s  Total: 2198.81 GB
[ 1749.5s] IOs:    576505034  IOPS:   329526  Throughput:  1287.2 MB/s  Total: 2199.19 GB
[ 1749.8s] IOs:    576605360  IOPS:   329520  Throughput:  1287.2 MB/s  Total: 2199.57 GB
[ 1750.4s] IOs:    576705979  IOPS:   329469  Throughput:  1287.0 MB/s  Total: 2199.96 GB
[ 1750.7s] IOs:    576806595  IOPS:   329473  Throughput:  1287.0 MB/s  Total: 2200.34 GB
[ 1750.9s] IOs:    576907319  IOPS:   329486  Throughput:  1287.1 MB/s  Total: 2200.73 GB
[ 1751.4s] IOs:    577008082  IOPS:   329451  Throughput:  1286.9 MB/s  Total: 2201.11 GB
[ 1751.7s] IOs:    577108603  IOPS:   329452  Throughput:  1286.9 MB/s  Total: 2201.49 GB
[ 1752.0s] IOs:    577208898  IOPS:   329466  Throughput:  1287.0 MB/s  Total: 2201.88 GB
[ 1752.4s] IOs:    577309694  IOPS:   329445  Throughput:  1286.9 MB/s  Total: 2202.26 GB
[ 1752.7s] IOs:    577410451  IOPS:   329444  Throughput:  1286.9 MB/s  Total: 2202.65 GB
[ 1752.9s] IOs:    577510962  IOPS:   329459  Throughput:  1287.0 MB/s  Total: 2203.03 GB
[ 1753.5s] IOs:    577611682  IOPS:   329400  Throughput:  1286.7 MB/s  Total: 2203.41 GB
[ 1753.8s] IOs:    577712359  IOPS:   329403  Throughput:  1286.7 MB/s  Total: 2203.80 GB
[ 1754.3s] IOs:    577813069  IOPS:   329368  Throughput:  1286.6 MB/s  Total: 2204.18 GB
[ 1754.8s] IOs:    577913961  IOPS:   329331  Throughput:  1286.4 MB/s  Total: 2204.57 GB
[ 1755.2s] IOs:    578014555  IOPS:   329316  Throughput:  1286.4 MB/s  Total: 2204.95 GB
[ 1755.4s] IOs:    578115214  IOPS:   329328  Throughput:  1286.4 MB/s  Total: 2205.33 GB
[ 1755.9s] IOs:    578215685  IOPS:   329293  Throughput:  1286.3 MB/s  Total: 2205.72 GB
[ 1756.3s] IOs:    578316195  IOPS:   329272  Throughput:  1286.2 MB/s  Total: 2206.10 GB
[ 1756.7s] IOs:    578417149  IOPS:   329261  Throughput:  1286.2 MB/s  Total: 2206.49 GB
[ 1757.0s] IOs:    578517861  IOPS:   329265  Throughput:  1286.2 MB/s  Total: 2206.87 GB
[ 1757.3s] IOs:    578618190  IOPS:   329257  Throughput:  1286.2 MB/s  Total: 2207.25 GB
[ 1757.7s] IOs:    578718391  IOPS:   329243  Throughput:  1286.1 MB/s  Total: 2207.64 GB
[ 1758.0s] IOs:    578819002  IOPS:   329247  Throughput:  1286.1 MB/s  Total: 2208.02 GB
[ 1758.5s] IOs:    578920008  IOPS:   329206  Throughput:  1286.0 MB/s  Total: 2208.40 GB
[ 1759.0s] IOs:    579020942  IOPS:   329181  Throughput:  1285.9 MB/s  Total: 2208.79 GB
[ 1759.3s] IOs:    579121469  IOPS:   329176  Throughput:  1285.8 MB/s  Total: 2209.17 GB
[ 1759.6s] IOs:    579221880  IOPS:   329182  Throughput:  1285.9 MB/s  Total: 2209.56 GB
[ 1760.0s] IOs:    579322603  IOPS:   329158  Throughput:  1285.8 MB/s  Total: 2209.94 GB
[ 1760.4s] IOs:    579422613  IOPS:   329148  Throughput:  1285.7 MB/s  Total: 2210.32 GB
[ 1760.7s] IOs:    579523549  IOPS:   329137  Throughput:  1285.7 MB/s  Total: 2210.71 GB
[ 1761.0s] IOs:    579624368  IOPS:   329152  Throughput:  1285.8 MB/s  Total: 2211.09 GB
[ 1761.4s] IOs:    579724969  IOPS:   329125  Throughput:  1285.6 MB/s  Total: 2211.48 GB
[ 1761.7s] IOs:    579825413  IOPS:   329137  Throughput:  1285.7 MB/s  Total: 2211.86 GB
[ 1761.9s] IOs:    579926151  IOPS:   329150  Throughput:  1285.7 MB/s  Total: 2212.24 GB
[ 1762.2s] IOs:    580026938  IOPS:   329152  Throughput:  1285.7 MB/s  Total: 2212.63 GB
[ 1762.5s] IOs:    580127008  IOPS:   329156  Throughput:  1285.8 MB/s  Total: 2213.01 GB
[ 1762.7s] IOs:    580227772  IOPS:   329161  Throughput:  1285.8 MB/s  Total: 2213.39 GB
[ 1763.0s] IOs:    580327931  IOPS:   329169  Throughput:  1285.8 MB/s  Total: 2213.78 GB
[ 1763.5s] IOs:    580428544  IOPS:   329137  Throughput:  1285.7 MB/s  Total: 2214.16 GB
[ 1763.8s] IOs:    580529442  IOPS:   329139  Throughput:  1285.7 MB/s  Total: 2214.54 GB
[ 1764.0s] IOs:    580630232  IOPS:   329153  Throughput:  1285.8 MB/s  Total: 2214.93 GB
[ 1764.5s] IOs:    580730921  IOPS:   329124  Throughput:  1285.6 MB/s  Total: 2215.31 GB
[Reader] Parsed 78000000 lines, distributed 580766553 writes, unique 671.80 GB, skipped 0
[ 1764.8s] IOs:    580831538  IOPS:   329116  Throughput:  1285.6 MB/s  Total: 2215.70 GB
[ 1765.1s] IOs:    580932187  IOPS:   329117  Throughput:  1285.6 MB/s  Total: 2216.08 GB
[ 1765.5s] IOs:    581032913  IOPS:   329112  Throughput:  1285.6 MB/s  Total: 2216.46 GB
[ 1765.8s] IOs:    581133775  IOPS:   329112  Throughput:  1285.6 MB/s  Total: 2216.85 GB
[ 1766.0s] IOs:    581234415  IOPS:   329126  Throughput:  1285.7 MB/s  Total: 2217.23 GB
[ 1766.3s] IOs:    581334795  IOPS:   329122  Throughput:  1285.6 MB/s  Total: 2217.62 GB
[ 1766.7s] IOs:    581435088  IOPS:   329116  Throughput:  1285.6 MB/s  Total: 2218.00 GB
[ 1766.9s] IOs:    581535785  IOPS:   329120  Throughput:  1285.6 MB/s  Total: 2218.38 GB
[ 1767.3s] IOs:    581636682  IOPS:   329110  Throughput:  1285.6 MB/s  Total: 2218.77 GB
[ 1767.6s] IOs:    581737300  IOPS:   329119  Throughput:  1285.6 MB/s  Total: 2219.15 GB
[ 1768.0s] IOs:    581837579  IOPS:   329096  Throughput:  1285.5 MB/s  Total: 2219.53 GB
[ 1768.4s] IOs:    581938155  IOPS:   329070  Throughput:  1285.4 MB/s  Total: 2219.92 GB
[ 1768.8s] IOs:    582038794  IOPS:   329061  Throughput:  1285.4 MB/s  Total: 2220.30 GB
[ 1769.1s] IOs:    582139689  IOPS:   329064  Throughput:  1285.4 MB/s  Total: 2220.69 GB
[ 1769.5s] IOs:    582240344  IOPS:   329047  Throughput:  1285.3 MB/s  Total: 2221.07 GB
[ 1769.8s] IOs:    582340807  IOPS:   329037  Throughput:  1285.3 MB/s  Total: 2221.45 GB
[ 1770.1s] IOs:    582441372  IOPS:   329040  Throughput:  1285.3 MB/s  Total: 2221.84 GB
[ 1770.5s] IOs:    582542066  IOPS:   329027  Throughput:  1285.3 MB/s  Total: 2222.22 GB
[ 1770.8s] IOs:    582642946  IOPS:   329023  Throughput:  1285.2 MB/s  Total: 2222.61 GB
[ 1771.1s] IOs:    582743661  IOPS:   329032  Throughput:  1285.3 MB/s  Total: 2222.99 GB
[ 1771.4s] IOs:    582844196  IOPS:   329030  Throughput:  1285.3 MB/s  Total: 2223.37 GB
[ 1771.6s] IOs:    582944623  IOPS:   329045  Throughput:  1285.3 MB/s  Total: 2223.76 GB
[ 1772.0s] IOs:    583045504  IOPS:   329039  Throughput:  1285.3 MB/s  Total: 2224.14 GB
[ 1772.4s] IOs:    583146250  IOPS:   329018  Throughput:  1285.2 MB/s  Total: 2224.53 GB
[ 1772.6s] IOs:    583246702  IOPS:   329036  Throughput:  1285.3 MB/s  Total: 2224.91 GB
[ 1772.8s] IOs:    583347217  IOPS:   329053  Throughput:  1285.4 MB/s  Total: 2225.29 GB
[ 1773.1s] IOs:    583447990  IOPS:   329060  Throughput:  1285.4 MB/s  Total: 2225.68 GB
[ 1773.4s] IOs:    583548663  IOPS:   329064  Throughput:  1285.4 MB/s  Total: 2226.06 GB
[ 1773.6s] IOs:    583649368  IOPS:   329081  Throughput:  1285.5 MB/s  Total: 2226.45 GB
[ 1773.9s] IOs:    583750201  IOPS:   329080  Throughput:  1285.5 MB/s  Total: 2226.83 GB
[ 1774.2s] IOs:    583851076  IOPS:   329081  Throughput:  1285.5 MB/s  Total: 2227.22 GB
[ 1774.4s] IOs:    583951941  IOPS:   329091  Throughput:  1285.5 MB/s  Total: 2227.60 GB
[ 1774.7s] IOs:    584052250  IOPS:   329101  Throughput:  1285.6 MB/s  Total: 2227.98 GB
[ 1774.9s] IOs:    584152984  IOPS:   329112  Throughput:  1285.6 MB/s  Total: 2228.37 GB
[ 1775.2s] IOs:    584253651  IOPS:   329129  Throughput:  1285.7 MB/s  Total: 2228.75 GB
[ 1775.8s] IOs:    584353728  IOPS:   329073  Throughput:  1285.4 MB/s  Total: 2229.13 GB
[ 1776.3s] IOs:    584454171  IOPS:   329022  Throughput:  1285.2 MB/s  Total: 2229.52 GB
[ 1776.9s] IOs:    584554921  IOPS:   328967  Throughput:  1285.0 MB/s  Total: 2229.90 GB
[ 1777.4s] IOs:    584655710  IOPS:   328938  Throughput:  1284.9 MB/s  Total: 2230.28 GB
[ 1778.0s] IOs:    584755785  IOPS:   328881  Throughput:  1284.7 MB/s  Total: 2230.67 GB
[ 1778.5s] IOs:    584856614  IOPS:   328849  Throughput:  1284.6 MB/s  Total: 2231.05 GB
[ 1779.0s] IOs:    584957017  IOPS:   328807  Throughput:  1284.4 MB/s  Total: 2231.43 GB
[ 1779.5s] IOs:    585057650  IOPS:   328782  Throughput:  1284.3 MB/s  Total: 2231.82 GB
[ 1779.9s] IOs:    585158434  IOPS:   328757  Throughput:  1284.2 MB/s  Total: 2232.20 GB
[ 1780.5s] IOs:    585259148  IOPS:   328701  Throughput:  1284.0 MB/s  Total: 2232.59 GB
[ 1781.0s] IOs:    585359684  IOPS:   328667  Throughput:  1283.9 MB/s  Total: 2232.97 GB
[ 1781.6s] IOs:    585460560  IOPS:   328617  Throughput:  1283.7 MB/s  Total: 2233.35 GB
[ 1782.0s] IOs:    585561058  IOPS:   328595  Throughput:  1283.6 MB/s  Total: 2233.74 GB
[ 1782.6s] IOs:    585661803  IOPS:   328550  Throughput:  1283.4 MB/s  Total: 2234.12 GB
[ 1783.0s] IOs:    585762364  IOPS:   328532  Throughput:  1283.3 MB/s  Total: 2234.51 GB
[ 1783.7s] IOs:    585863173  IOPS:   328459  Throughput:  1283.0 MB/s  Total: 2234.89 GB
[ 1784.0s] IOs:    585963695  IOPS:   328460  Throughput:  1283.0 MB/s  Total: 2235.27 GB
[ 1784.4s] IOs:    586064038  IOPS:   328433  Throughput:  1282.9 MB/s  Total: 2235.66 GB
[ 1785.0s] IOs:    586164901  IOPS:   328376  Throughput:  1282.7 MB/s  Total: 2236.04 GB
[ 1785.3s] IOs:    586265732  IOPS:   328383  Throughput:  1282.7 MB/s  Total: 2236.43 GB
[ 1785.5s] IOs:    586366482  IOPS:   328398  Throughput:  1282.8 MB/s  Total: 2236.81 GB
[ 1786.0s] IOs:    586467132  IOPS:   328360  Throughput:  1282.7 MB/s  Total: 2237.19 GB
[ 1786.5s] IOs:    586567476  IOPS:   328340  Throughput:  1282.6 MB/s  Total: 2237.58 GB
[ 1786.8s] IOs:    586667895  IOPS:   328330  Throughput:  1282.5 MB/s  Total: 2237.96 GB
[ 1789.2s] IOs:    586767897  IOPS:   327954  Throughput:  1281.1 MB/s  Total: 2238.34 GB
[ 1790.7s] IOs:    586868627  IOPS:   327729  Throughput:  1280.2 MB/s  Total: 2238.73 GB
[ 1791.7s] IOs:    586969664  IOPS:   327608  Throughput:  1279.7 MB/s  Total: 2239.11 GB
[ 1792.7s] IOs:    587070689  IOPS:   327480  Throughput:  1279.2 MB/s  Total: 2239.50 GB
[ 1793.7s] IOs:    587171597  IOPS:   327349  Throughput:  1278.7 MB/s  Total: 2239.88 GB
[ 1794.6s] IOs:    587272361  IOPS:   327244  Throughput:  1278.3 MB/s  Total: 2240.27 GB
[ 1795.3s] IOs:    587373111  IOPS:   327179  Throughput:  1278.0 MB/s  Total: 2240.65 GB
[ 1796.2s] IOs:    587473888  IOPS:   327070  Throughput:  1277.6 MB/s  Total: 2241.04 GB
[ 1796.8s] IOs:    587574552  IOPS:   327016  Throughput:  1277.4 MB/s  Total: 2241.42 GB
[ 1797.3s] IOs:    587675116  IOPS:   326982  Throughput:  1277.3 MB/s  Total: 2241.80 GB
[ 1798.1s] IOs:    587776074  IOPS:   326893  Throughput:  1276.9 MB/s  Total: 2242.19 GB
[ 1798.7s] IOs:    587877019  IOPS:   326829  Throughput:  1276.7 MB/s  Total: 2242.57 GB
[ 1799.2s] IOs:    587977656  IOPS:   326807  Throughput:  1276.6 MB/s  Total: 2242.96 GB
[ 1799.7s] IOs:    588078534  IOPS:   326766  Throughput:  1276.4 MB/s  Total: 2243.34 GB
[ 1800.3s] IOs:    588179270  IOPS:   326714  Throughput:  1276.2 MB/s  Total: 2243.73 GB
[ 1800.6s] IOs:    588279985  IOPS:   326712  Throughput:  1276.2 MB/s  Total: 2244.11 GB
[ 1801.1s] IOs:    588380810  IOPS:   326674  Throughput:  1276.1 MB/s  Total: 2244.49 GB
[ 1801.4s] IOs:    588481328  IOPS:   326673  Throughput:  1276.1 MB/s  Total: 2244.88 GB
[ 1801.8s] IOs:    588581797  IOPS:   326669  Throughput:  1276.0 MB/s  Total: 2245.26 GB
[ 1802.3s] IOs:    588681844  IOPS:   326620  Throughput:  1275.9 MB/s  Total: 2245.64 GB
[ 1802.6s] IOs:    588782568  IOPS:   326621  Throughput:  1275.9 MB/s  Total: 2246.03 GB
[ 1803.1s] IOs:    588883089  IOPS:   326601  Throughput:  1275.8 MB/s  Total: 2246.41 GB
[ 1803.3s] IOs:    588983585  IOPS:   326609  Throughput:  1275.8 MB/s  Total: 2246.79 GB
[ 1804.1s] IOs:    589084258  IOPS:   326526  Throughput:  1275.5 MB/s  Total: 2247.18 GB
[ 1804.3s] IOs:    589184289  IOPS:   326541  Throughput:  1275.6 MB/s  Total: 2247.56 GB
[ 1804.9s] IOs:    589284972  IOPS:   326498  Throughput:  1275.4 MB/s  Total: 2247.94 GB
[ 1805.4s] IOs:    589385804  IOPS:   326463  Throughput:  1275.2 MB/s  Total: 2248.33 GB
[ 1805.9s] IOs:    589486514  IOPS:   326422  Throughput:  1275.1 MB/s  Total: 2248.71 GB
[ 1806.3s] IOs:    589587446  IOPS:   326408  Throughput:  1275.0 MB/s  Total: 2249.10 GB
[ 1806.5s] IOs:    589687562  IOPS:   326423  Throughput:  1275.1 MB/s  Total: 2249.48 GB
[ 1807.1s] IOs:    589788085  IOPS:   326380  Throughput:  1274.9 MB/s  Total: 2249.86 GB
[ 1807.4s] IOs:    589888840  IOPS:   326376  Throughput:  1274.9 MB/s  Total: 2250.25 GB
[ 1807.8s] IOs:    589989600  IOPS:   326366  Throughput:  1274.9 MB/s  Total: 2250.63 GB
[ 1808.2s] IOs:    590090251  IOPS:   326344  Throughput:  1274.8 MB/s  Total: 2251.02 GB
[ 1808.4s] IOs:    590190929  IOPS:   326359  Throughput:  1274.8 MB/s  Total: 2251.40 GB
[ 1808.9s] IOs:    590291746  IOPS:   326327  Throughput:  1274.7 MB/s  Total: 2251.78 GB
[ 1809.2s] IOs:    590392330  IOPS:   326323  Throughput:  1274.7 MB/s  Total: 2252.17 GB
[ 1809.5s] IOs:    590493066  IOPS:   326337  Throughput:  1274.8 MB/s  Total: 2252.55 GB
[ 1809.9s] IOs:    590593588  IOPS:   326312  Throughput:  1274.7 MB/s  Total: 2252.94 GB
[ 1810.2s] IOs:    590694363  IOPS:   326312  Throughput:  1274.7 MB/s  Total: 2253.32 GB
[ 1810.9s] IOs:    590794834  IOPS:   326242  Throughput:  1274.4 MB/s  Total: 2253.70 GB
[ 1811.3s] IOs:    590895436  IOPS:   326224  Throughput:  1274.3 MB/s  Total: 2254.09 GB
[Reader] Parsed 79000000 lines, distributed 590985178 writes, unique 677.69 GB, skipped 0
[ 1811.5s] IOs:    590996356  IOPS:   326239  Throughput:  1274.4 MB/s  Total: 2254.47 GB
[ 1812.1s] IOs:    591097140  IOPS:   326192  Throughput:  1274.2 MB/s  Total: 2254.86 GB
[ 1812.5s] IOs:    591197893  IOPS:   326181  Throughput:  1274.1 MB/s  Total: 2255.24 GB
[ 1813.1s] IOs:    591298706  IOPS:   326134  Throughput:  1274.0 MB/s  Total: 2255.63 GB
[ 1813.4s] IOs:    591399213  IOPS:   326119  Throughput:  1273.9 MB/s  Total: 2256.01 GB
[ 1813.7s] IOs:    591499834  IOPS:   326132  Throughput:  1274.0 MB/s  Total: 2256.39 GB
[ 1814.2s] IOs:    591600543  IOPS:   326090  Throughput:  1273.8 MB/s  Total: 2256.78 GB
[ 1814.6s] IOs:    591701086  IOPS:   326074  Throughput:  1273.7 MB/s  Total: 2257.16 GB
[ 1815.0s] IOs:    591801638  IOPS:   326068  Throughput:  1273.7 MB/s  Total: 2257.54 GB
[ 1815.4s] IOs:    591901920  IOPS:   326045  Throughput:  1273.6 MB/s  Total: 2257.93 GB
[ 1816.0s] IOs:    592002716  IOPS:   325996  Throughput:  1273.4 MB/s  Total: 2258.31 GB
[ 1816.4s] IOs:    592103432  IOPS:   325968  Throughput:  1273.3 MB/s  Total: 2258.70 GB
[ 1817.0s] IOs:    592203492  IOPS:   325924  Throughput:  1273.1 MB/s  Total: 2259.08 GB
[ 1817.3s] IOs:    592303941  IOPS:   325916  Throughput:  1273.1 MB/s  Total: 2259.46 GB
[ 1817.6s] IOs:    592404223  IOPS:   325924  Throughput:  1273.1 MB/s  Total: 2259.84 GB
[ 1818.1s] IOs:    592504266  IOPS:   325892  Throughput:  1273.0 MB/s  Total: 2260.22 GB
[ 1818.5s] IOs:    592604925  IOPS:   325884  Throughput:  1273.0 MB/s  Total: 2260.61 GB
[ 1818.9s] IOs:    592705838  IOPS:   325855  Throughput:  1272.9 MB/s  Total: 2260.99 GB
[ 1819.2s] IOs:    592806195  IOPS:   325869  Throughput:  1272.9 MB/s  Total: 2261.38 GB
[ 1819.5s] IOs:    592906452  IOPS:   325854  Throughput:  1272.9 MB/s  Total: 2261.76 GB
[ 1819.9s] IOs:    593007027  IOPS:   325846  Throughput:  1272.8 MB/s  Total: 2262.14 GB
[ 1820.4s] IOs:    593107976  IOPS:   325816  Throughput:  1272.7 MB/s  Total: 2262.53 GB
[ 1820.7s] IOs:    593207977  IOPS:   325816  Throughput:  1272.7 MB/s  Total: 2262.91 GB
[ 1821.1s] IOs:    593308479  IOPS:   325805  Throughput:  1272.7 MB/s  Total: 2263.29 GB
[ 1821.5s] IOs:    593409250  IOPS:   325783  Throughput:  1272.6 MB/s  Total: 2263.68 GB
[ 1821.8s] IOs:    593509637  IOPS:   325775  Throughput:  1272.6 MB/s  Total: 2264.06 GB
[ 1822.1s] IOs:    593610289  IOPS:   325784  Throughput:  1272.6 MB/s  Total: 2264.44 GB
[ 1822.5s] IOs:    593711311  IOPS:   325775  Throughput:  1272.6 MB/s  Total: 2264.83 GB
[ 1822.7s] IOs:    593811968  IOPS:   325783  Throughput:  1272.6 MB/s  Total: 2265.21 GB
[ 1823.1s] IOs:    593912568  IOPS:   325779  Throughput:  1272.6 MB/s  Total: 2265.60 GB
[ 1823.4s] IOs:    594013208  IOPS:   325770  Throughput:  1272.5 MB/s  Total: 2265.98 GB
[ 1823.7s] IOs:    594114148  IOPS:   325778  Throughput:  1272.6 MB/s  Total: 2266.37 GB
[ 1824.1s] IOs:    594214195  IOPS:   325766  Throughput:  1272.5 MB/s  Total: 2266.75 GB
[ 1824.3s] IOs:    594314745  IOPS:   325775  Throughput:  1272.6 MB/s  Total: 2267.13 GB
[ 1824.5s] IOs:    594415177  IOPS:   325790  Throughput:  1272.6 MB/s  Total: 2267.51 GB
[ 1824.9s] IOs:    594515439  IOPS:   325786  Throughput:  1272.6 MB/s  Total: 2267.90 GB
[ 1825.1s] IOs:    594615923  IOPS:   325797  Throughput:  1272.6 MB/s  Total: 2268.28 GB
[ 1825.7s] IOs:    594716757  IOPS:   325751  Throughput:  1272.5 MB/s  Total: 2268.66 GB
[ 1826.0s] IOs:    594817362  IOPS:   325757  Throughput:  1272.5 MB/s  Total: 2269.05 GB
[ 1826.2s] IOs:    594917753  IOPS:   325766  Throughput:  1272.5 MB/s  Total: 2269.43 GB
[ 1826.6s] IOs:    595018141  IOPS:   325756  Throughput:  1272.5 MB/s  Total: 2269.81 GB
[ 1826.9s] IOs:    595118564  IOPS:   325745  Throughput:  1272.4 MB/s  Total: 2270.20 GB
[ 1827.2s] IOs:    595219350  IOPS:   325752  Throughput:  1272.5 MB/s  Total: 2270.58 GB
[ 1827.6s] IOs:    595320116  IOPS:   325746  Throughput:  1272.4 MB/s  Total: 2270.97 GB
[ 1827.8s] IOs:    595420749  IOPS:   325753  Throughput:  1272.5 MB/s  Total: 2271.35 GB
[ 1828.1s] IOs:    595521074  IOPS:   325759  Throughput:  1272.5 MB/s  Total: 2271.73 GB
[ 1828.4s] IOs:    595621646  IOPS:   325758  Throughput:  1272.5 MB/s  Total: 2272.12 GB
[ 1828.7s] IOs:    595722401  IOPS:   325769  Throughput:  1272.5 MB/s  Total: 2272.50 GB
[ 1828.9s] IOs:    595823373  IOPS:   325774  Throughput:  1272.6 MB/s  Total: 2272.89 GB
[ 1829.2s] IOs:    595924052  IOPS:   325782  Throughput:  1272.6 MB/s  Total: 2273.27 GB
[ 1829.5s] IOs:    596024500  IOPS:   325794  Throughput:  1272.6 MB/s  Total: 2273.65 GB
[ 1832.3s] IOs:    596125234  IOPS:   325346  Throughput:  1270.9 MB/s  Total: 2274.04 GB
[ 1832.5s] IOs:    596226092  IOPS:   325358  Throughput:  1270.9 MB/s  Total: 2274.42 GB
[ 1833.0s] IOs:    596326968  IOPS:   325332  Throughput:  1270.8 MB/s  Total: 2274.81 GB
[ 1833.6s] IOs:    596427728  IOPS:   325283  Throughput:  1270.6 MB/s  Total: 2275.19 GB
[ 1833.9s] IOs:    596528235  IOPS:   325283  Throughput:  1270.6 MB/s  Total: 2275.57 GB
[ 1834.3s] IOs:    596628705  IOPS:   325264  Throughput:  1270.6 MB/s  Total: 2275.96 GB
[ 1834.5s] IOs:    596729342  IOPS:   325274  Throughput:  1270.6 MB/s  Total: 2276.34 GB
[ 1834.9s] IOs:    596830187  IOPS:   325263  Throughput:  1270.6 MB/s  Total: 2276.73 GB
[ 1835.4s] IOs:    596930946  IOPS:   325237  Throughput:  1270.5 MB/s  Total: 2277.11 GB
[ 1835.6s] IOs:    597031545  IOPS:   325248  Throughput:  1270.5 MB/s  Total: 2277.49 GB
[ 1835.9s] IOs:    597132027  IOPS:   325254  Throughput:  1270.5 MB/s  Total: 2277.88 GB
[ 1836.3s] IOs:    597232518  IOPS:   325244  Throughput:  1270.5 MB/s  Total: 2278.26 GB
[ 1836.5s] IOs:    597333064  IOPS:   325254  Throughput:  1270.5 MB/s  Total: 2278.64 GB
[ 1836.8s] IOs:    597433800  IOPS:   325253  Throughput:  1270.5 MB/s  Total: 2279.03 GB
[ 1837.3s] IOs:    597534358  IOPS:   325219  Throughput:  1270.4 MB/s  Total: 2279.41 GB
[ 1837.8s] IOs:    597634769  IOPS:   325199  Throughput:  1270.3 MB/s  Total: 2279.80 GB
[ 1841.3s] IOs:    597735384  IOPS:   324625  Throughput:  1268.1 MB/s  Total: 2280.18 GB
[ 1842.3s] IOs:    597836185  IOPS:   324505  Throughput:  1267.6 MB/s  Total: 2280.56 GB
[ 1842.8s] IOs:    597936621  IOPS:   324469  Throughput:  1267.5 MB/s  Total: 2280.95 GB
[ 1843.7s] IOs:    598037438  IOPS:   324376  Throughput:  1267.1 MB/s  Total: 2281.33 GB
[ 1844.2s] IOs:    598138131  IOPS:   324337  Throughput:  1266.9 MB/s  Total: 2281.72 GB
[ 1844.9s] IOs:    598238694  IOPS:   324264  Throughput:  1266.7 MB/s  Total: 2282.10 GB
[ 1845.3s] IOs:    598339344  IOPS:   324255  Throughput:  1266.6 MB/s  Total: 2282.48 GB
[ 1845.8s] IOs:    598439562  IOPS:   324209  Throughput:  1266.4 MB/s  Total: 2282.87 GB
[ 1846.4s] IOs:    598540416  IOPS:   324160  Throughput:  1266.2 MB/s  Total: 2283.25 GB
[ 1846.8s] IOs:    598641111  IOPS:   324150  Throughput:  1266.2 MB/s  Total: 2283.63 GB
[ 1847.3s] IOs:    598741567  IOPS:   324110  Throughput:  1266.1 MB/s  Total: 2284.02 GB
[ 1847.8s] IOs:    598842372  IOPS:   324076  Throughput:  1265.9 MB/s  Total: 2284.40 GB
[ 1848.5s] IOs:    598942378  IOPS:   324015  Throughput:  1265.7 MB/s  Total: 2284.78 GB
[ 1848.7s] IOs:    599042862  IOPS:   324029  Throughput:  1265.7 MB/s  Total: 2285.17 GB
[ 1849.4s] IOs:    599143731  IOPS:   323974  Throughput:  1265.5 MB/s  Total: 2285.55 GB
[ 1849.7s] IOs:    599244197  IOPS:   323964  Throughput:  1265.5 MB/s  Total: 2285.94 GB
[ 1858.7s] IOs:    599344826  IOPS:   322460  Throughput:  1259.6 MB/s  Total: 2286.32 GB
[ 1859.5s] IOs:    599444896  IOPS:   322366  Throughput:  1259.2 MB/s  Total: 2286.70 GB
[ 1860.1s] IOs:    599545651  IOPS:   322311  Throughput:  1259.0 MB/s  Total: 2287.09 GB
[ 1861.0s] IOs:    599646353  IOPS:   322216  Throughput:  1258.7 MB/s  Total: 2287.47 GB
[ 1861.6s] IOs:    599747244  IOPS:   322168  Throughput:  1258.5 MB/s  Total: 2287.85 GB
[ 1862.2s] IOs:    599847686  IOPS:   322123  Throughput:  1258.3 MB/s  Total: 2288.24 GB
[ 1862.8s] IOs:    599948259  IOPS:   322065  Throughput:  1258.1 MB/s  Total: 2288.62 GB
[ 1863.2s] IOs:    600048692  IOPS:   322052  Throughput:  1258.0 MB/s  Total: 2289.00 GB
[ 1863.8s] IOs:    600149338  IOPS:   322005  Throughput:  1257.8 MB/s  Total: 2289.39 GB
[ 1864.3s] IOs:    600249882  IOPS:   321970  Throughput:  1257.7 MB/s  Total: 2289.77 GB
[ 1865.3s] IOs:    600350557  IOPS:   321856  Throughput:  1257.2 MB/s  Total: 2290.16 GB
[ 1866.3s] IOs:    600451455  IOPS:   321726  Throughput:  1256.7 MB/s  Total: 2290.54 GB
[ 1867.3s] IOs:    600552403  IOPS:   321622  Throughput:  1256.3 MB/s  Total: 2290.93 GB
[ 1868.2s] IOs:    600653171  IOPS:   321506  Throughput:  1255.9 MB/s  Total: 2291.31 GB
[ 1869.0s] IOs:    600753654  IOPS:   321438  Throughput:  1255.6 MB/s  Total: 2291.69 GB
[Reader] Parsed 80000000 lines, distributed 600794477 writes, unique 682.43 GB, skipped 0
[ 1869.8s] IOs:    600854416  IOPS:   321350  Throughput:  1255.3 MB/s  Total: 2292.08 GB
[ 1870.3s] IOs:    600954492  IOPS:   321317  Throughput:  1255.1 MB/s  Total: 2292.46 GB
[ 1871.2s] IOs:    601055392  IOPS:   321218  Throughput:  1254.8 MB/s  Total: 2292.84 GB
[ 1871.8s] IOs:    601156253  IOPS:   321172  Throughput:  1254.6 MB/s  Total: 2293.23 GB
[ 1872.4s] IOs:    601257032  IOPS:   321124  Throughput:  1254.4 MB/s  Total: 2293.61 GB
[ 1873.0s] IOs:    601357664  IOPS:   321074  Throughput:  1254.2 MB/s  Total: 2294.00 GB
[ 1873.3s] IOs:    601458302  IOPS:   321066  Throughput:  1254.2 MB/s  Total: 2294.38 GB
[ 1873.9s] IOs:    601559238  IOPS:   321022  Throughput:  1254.0 MB/s  Total: 2294.77 GB
[ 1874.4s] IOs:    601660210  IOPS:   320981  Throughput:  1253.8 MB/s  Total: 2295.15 GB
[ 1874.9s] IOs:    601761034  IOPS:   320958  Throughput:  1253.7 MB/s  Total: 2295.54 GB
[ 1875.5s] IOs:    601861340  IOPS:   320913  Throughput:  1253.6 MB/s  Total: 2295.92 GB
[ 1875.8s] IOs:    601961854  IOPS:   320911  Throughput:  1253.6 MB/s  Total: 2296.30 GB
[ 1876.3s] IOs:    602062623  IOPS:   320870  Throughput:  1253.4 MB/s  Total: 2296.69 GB
[ 1876.7s] IOs:    602163389  IOPS:   320864  Throughput:  1253.4 MB/s  Total: 2297.07 GB
[ 1877.2s] IOs:    602263818  IOPS:   320833  Throughput:  1253.3 MB/s  Total: 2297.45 GB
[ 1877.7s] IOs:    602364512  IOPS:   320799  Throughput:  1253.1 MB/s  Total: 2297.84 GB
[ 1878.1s] IOs:    602465076  IOPS:   320779  Throughput:  1253.0 MB/s  Total: 2298.22 GB
[ 1878.4s] IOs:    602565757  IOPS:   320788  Throughput:  1253.1 MB/s  Total: 2298.61 GB
[ 1879.0s] IOs:    602666757  IOPS:   320737  Throughput:  1252.9 MB/s  Total: 2298.99 GB
[ 1879.3s] IOs:    602767360  IOPS:   320738  Throughput:  1252.9 MB/s  Total: 2299.38 GB
[ 1879.9s] IOs:    602867817  IOPS:   320696  Throughput:  1252.7 MB/s  Total: 2299.76 GB
[ 1880.2s] IOs:    602968229  IOPS:   320695  Throughput:  1252.7 MB/s  Total: 2300.14 GB
[ 1880.4s] IOs:    603068955  IOPS:   320709  Throughput:  1252.8 MB/s  Total: 2300.53 GB
[ 1880.9s] IOs:    603169989  IOPS:   320678  Throughput:  1252.6 MB/s  Total: 2300.91 GB
[ 1881.3s] IOs:    603270308  IOPS:   320674  Throughput:  1252.6 MB/s  Total: 2301.29 GB
[ 1881.6s] IOs:    603370842  IOPS:   320661  Throughput:  1252.6 MB/s  Total: 2301.68 GB
[ 1881.9s] IOs:    603471440  IOPS:   320678  Throughput:  1252.6 MB/s  Total: 2302.06 GB
[ 1882.4s] IOs:    603572038  IOPS:   320644  Throughput:  1252.5 MB/s  Total: 2302.44 GB
[ 1882.6s] IOs:    603672825  IOPS:   320660  Throughput:  1252.6 MB/s  Total: 2302.83 GB
[ 1883.0s] IOs:    603773561  IOPS:   320651  Throughput:  1252.5 MB/s  Total: 2303.21 GB
[ 1883.2s] IOs:    603874128  IOPS:   320662  Throughput:  1252.6 MB/s  Total: 2303.60 GB
[ 1883.4s] IOs:    603974312  IOPS:   320679  Throughput:  1252.7 MB/s  Total: 2303.98 GB
[ 1883.8s] IOs:    604075167  IOPS:   320664  Throughput:  1252.6 MB/s  Total: 2304.36 GB
[ 1884.2s] IOs:    604175959  IOPS:   320658  Throughput:  1252.6 MB/s  Total: 2304.75 GB
[ 1884.8s] IOs:    604276556  IOPS:   320599  Throughput:  1252.3 MB/s  Total: 2305.13 GB
[ 1885.3s] IOs:    604377186  IOPS:   320566  Throughput:  1252.2 MB/s  Total: 2305.52 GB
[ 1885.8s] IOs:    604477781  IOPS:   320547  Throughput:  1252.1 MB/s  Total: 2305.90 GB
[ 1886.3s] IOs:    604577862  IOPS:   320510  Throughput:  1252.0 MB/s  Total: 2306.28 GB
[ 1886.8s] IOs:    604677937  IOPS:   320482  Throughput:  1251.9 MB/s  Total: 2306.66 GB
[ 1887.3s] IOs:    604777955  IOPS:   320441  Throughput:  1251.7 MB/s  Total: 2307.04 GB
[ 1887.7s] IOs:    604878536  IOPS:   320424  Throughput:  1251.7 MB/s  Total: 2307.43 GB
[ 1888.1s] IOs:    604979184  IOPS:   320410  Throughput:  1251.6 MB/s  Total: 2307.81 GB
[ 1888.4s] IOs:    605079638  IOPS:   320419  Throughput:  1251.6 MB/s  Total: 2308.20 GB
[ 1888.9s] IOs:    605180549  IOPS:   320384  Throughput:  1251.5 MB/s  Total: 2308.58 GB
[ 1889.4s] IOs:    605281482  IOPS:   320355  Throughput:  1251.4 MB/s  Total: 2308.97 GB
[ 1889.6s] IOs:    605382229  IOPS:   320368  Throughput:  1251.4 MB/s  Total: 2309.35 GB
[ 1889.9s] IOs:    605482745  IOPS:   320378  Throughput:  1251.5 MB/s  Total: 2309.73 GB
[ 1890.3s] IOs:    605583527  IOPS:   320362  Throughput:  1251.4 MB/s  Total: 2310.12 GB
[ 1890.7s] IOs:    605684225  IOPS:   320357  Throughput:  1251.4 MB/s  Total: 2310.50 GB
[ 1890.9s] IOs:    605784713  IOPS:   320373  Throughput:  1251.5 MB/s  Total: 2310.89 GB
[ 1891.4s] IOs:    605885378  IOPS:   320342  Throughput:  1251.3 MB/s  Total: 2311.27 GB
[ 1891.7s] IOs:    605985799  IOPS:   320346  Throughput:  1251.4 MB/s  Total: 2311.65 GB
[ 1891.9s] IOs:    606086505  IOPS:   320357  Throughput:  1251.4 MB/s  Total: 2312.04 GB
[ 1892.3s] IOs:    606186949  IOPS:   320350  Throughput:  1251.4 MB/s  Total: 2312.42 GB
[ 1892.5s] IOs:    606287502  IOPS:   320365  Throughput:  1251.4 MB/s  Total: 2312.80 GB
[ 1892.9s] IOs:    606388188  IOPS:   320356  Throughput:  1251.4 MB/s  Total: 2313.19 GB
[ 1893.2s] IOs:    606488675  IOPS:   320351  Throughput:  1251.4 MB/s  Total: 2313.57 GB
[ 1893.9s] IOs:    606589199  IOPS:   320286  Throughput:  1251.1 MB/s  Total: 2313.95 GB
[ 1894.4s] IOs:    606689941  IOPS:   320252  Throughput:  1251.0 MB/s  Total: 2314.34 GB
[ 1894.9s] IOs:    606790894  IOPS:   320223  Throughput:  1250.9 MB/s  Total: 2314.72 GB
[ 1895.4s] IOs:    606891021  IOPS:   320198  Throughput:  1250.8 MB/s  Total: 2315.11 GB
[ 1895.8s] IOs:    606991560  IOPS:   320179  Throughput:  1250.7 MB/s  Total: 2315.49 GB
[ 1896.1s] IOs:    607092143  IOPS:   320184  Throughput:  1250.7 MB/s  Total: 2315.87 GB
[ 1896.6s] IOs:    607193130  IOPS:   320140  Throughput:  1250.5 MB/s  Total: 2316.26 GB
[ 1896.9s] IOs:    607294067  IOPS:   320147  Throughput:  1250.6 MB/s  Total: 2316.64 GB
[ 1897.5s] IOs:    607394133  IOPS:   320109  Throughput:  1250.4 MB/s  Total: 2317.02 GB
[ 1897.9s] IOs:    607494905  IOPS:   320092  Throughput:  1250.4 MB/s  Total: 2317.41 GB
[ 1898.3s] IOs:    607595420  IOPS:   320076  Throughput:  1250.3 MB/s  Total: 2317.79 GB
[ 1898.7s] IOs:    607696206  IOPS:   320061  Throughput:  1250.2 MB/s  Total: 2318.18 GB
[ 1899.0s] IOs:    607796759  IOPS:   320067  Throughput:  1250.3 MB/s  Total: 2318.56 GB
[ 1899.4s] IOs:    607897102  IOPS:   320049  Throughput:  1250.2 MB/s  Total: 2318.94 GB
[ 1899.6s] IOs:    607997756  IOPS:   320065  Throughput:  1250.3 MB/s  Total: 2319.33 GB
[ 1900.0s] IOs:    608098725  IOPS:   320051  Throughput:  1250.2 MB/s  Total: 2319.71 GB
[ 1900.4s] IOs:    608199401  IOPS:   320045  Throughput:  1250.2 MB/s  Total: 2320.10 GB
[ 1900.6s] IOs:    608299827  IOPS:   320056  Throughput:  1250.2 MB/s  Total: 2320.48 GB
[ 1901.0s] IOs:    608400543  IOPS:   320045  Throughput:  1250.2 MB/s  Total: 2320.86 GB
[ 1901.6s] IOs:    608500915  IOPS:   319989  Throughput:  1250.0 MB/s  Total: 2321.25 GB
[ 1902.0s] IOs:    608601109  IOPS:   319984  Throughput:  1249.9 MB/s  Total: 2321.63 GB
[ 1902.4s] IOs:    608701444  IOPS:   319957  Throughput:  1249.8 MB/s  Total: 2322.01 GB
[ 1902.7s] IOs:    608802037  IOPS:   319971  Throughput:  1249.9 MB/s  Total: 2322.40 GB
[ 1903.1s] IOs:    608902961  IOPS:   319950  Throughput:  1249.8 MB/s  Total: 2322.78 GB
[ 1903.6s] IOs:    609003519  IOPS:   319930  Throughput:  1249.7 MB/s  Total: 2323.16 GB
[ 1903.9s] IOs:    609104080  IOPS:   319921  Throughput:  1249.7 MB/s  Total: 2323.55 GB
[ 1904.4s] IOs:    609204337  IOPS:   319899  Throughput:  1249.6 MB/s  Total: 2323.93 GB
[ 1904.7s] IOs:    609305089  IOPS:   319894  Throughput:  1249.6 MB/s  Total: 2324.31 GB
[ 1905.0s] IOs:    609405920  IOPS:   319899  Throughput:  1249.6 MB/s  Total: 2324.70 GB
[ 1905.3s] IOs:    609506517  IOPS:   319893  Throughput:  1249.6 MB/s  Total: 2325.08 GB
[ 1905.8s] IOs:    609607386  IOPS:   319870  Throughput:  1249.5 MB/s  Total: 2325.47 GB
[ 1906.0s] IOs:    609707471  IOPS:   319881  Throughput:  1249.5 MB/s  Total: 2325.85 GB
[ 1906.5s] IOs:    609808302  IOPS:   319858  Throughput:  1249.4 MB/s  Total: 2326.23 GB
[ 1906.9s] IOs:    609908896  IOPS:   319847  Throughput:  1249.4 MB/s  Total: 2326.62 GB
[ 1907.1s] IOs:    610009557  IOPS:   319858  Throughput:  1249.4 MB/s  Total: 2327.00 GB
[ 1907.5s] IOs:    610110112  IOPS:   319842  Throughput:  1249.4 MB/s  Total: 2327.39 GB
[ 1908.1s] IOs:    610210696  IOPS:   319805  Throughput:  1249.2 MB/s  Total: 2327.77 GB
[ 1908.3s] IOs:    610311384  IOPS:   319816  Throughput:  1249.3 MB/s  Total: 2328.15 GB
[ 1908.6s] IOs:    610412093  IOPS:   319827  Throughput:  1249.3 MB/s  Total: 2328.54 GB
[ 1909.0s] IOs:    610512875  IOPS:   319803  Throughput:  1249.2 MB/s  Total: 2328.92 GB
[ 1909.4s] IOs:    610613669  IOPS:   319792  Throughput:  1249.2 MB/s  Total: 2329.31 GB
[ 1909.8s] IOs:    610714066  IOPS:   319784  Throughput:  1249.2 MB/s  Total: 2329.69 GB
[ 1910.0s] IOs:    610814728  IOPS:   319792  Throughput:  1249.2 MB/s  Total: 2330.07 GB
[ 1910.5s] IOs:    610915351  IOPS:   319762  Throughput:  1249.1 MB/s  Total: 2330.46 GB
[ 1910.7s] IOs:    611016031  IOPS:   319779  Throughput:  1249.1 MB/s  Total: 2330.84 GB
[ 1911.1s] IOs:    611116946  IOPS:   319773  Throughput:  1249.1 MB/s  Total: 2331.23 GB
[ 1911.4s] IOs:    611217580  IOPS:   319778  Throughput:  1249.1 MB/s  Total: 2331.61 GB
[ 1911.6s] IOs:    611318320  IOPS:   319794  Throughput:  1249.2 MB/s  Total: 2331.99 GB
[ 1911.9s] IOs:    611418830  IOPS:   319790  Throughput:  1249.2 MB/s  Total: 2332.38 GB
[ 1912.2s] IOs:    611519459  IOPS:   319803  Throughput:  1249.2 MB/s  Total: 2332.76 GB
[ 1912.5s] IOs:    611619931  IOPS:   319800  Throughput:  1249.2 MB/s  Total: 2333.14 GB
[ 1912.7s] IOs:    611720460  IOPS:   319817  Throughput:  1249.3 MB/s  Total: 2333.53 GB
[Reader] Parsed 81000000 lines, distributed 611774915 writes, unique 688.39 GB, skipped 0
[ 1913.2s] IOs:    611821165  IOPS:   319791  Throughput:  1249.2 MB/s  Total: 2333.91 GB
[ 1913.4s] IOs:    611921592  IOPS:   319805  Throughput:  1249.2 MB/s  Total: 2334.30 GB
[ 1913.9s] IOs:    612022411  IOPS:   319773  Throughput:  1249.1 MB/s  Total: 2334.68 GB
[ 1914.2s] IOs:    612123136  IOPS:   319781  Throughput:  1249.1 MB/s  Total: 2335.06 GB
[ 1914.5s] IOs:    612223812  IOPS:   319783  Throughput:  1249.2 MB/s  Total: 2335.45 GB
[ 1915.0s] IOs:    612324571  IOPS:   319755  Throughput:  1249.0 MB/s  Total: 2335.83 GB
[ 1915.2s] IOs:    612425134  IOPS:   319766  Throughput:  1249.1 MB/s  Total: 2336.22 GB
[ 1915.7s] IOs:    612525899  IOPS:   319741  Throughput:  1249.0 MB/s  Total: 2336.60 GB
[ 1916.0s] IOs:    612626452  IOPS:   319751  Throughput:  1249.0 MB/s  Total: 2336.98 GB
[ 1916.4s] IOs:    612727412  IOPS:   319732  Throughput:  1249.0 MB/s  Total: 2337.37 GB
[ 1916.7s] IOs:    612828187  IOPS:   319735  Throughput:  1249.0 MB/s  Total: 2337.75 GB
[ 1917.0s] IOs:    612928890  IOPS:   319734  Throughput:  1249.0 MB/s  Total: 2338.14 GB
[ 1917.3s] IOs:    613029598  IOPS:   319728  Throughput:  1248.9 MB/s  Total: 2338.52 GB
[ 1917.6s] IOs:    613130253  IOPS:   319745  Throughput:  1249.0 MB/s  Total: 2338.91 GB
[ 1917.9s] IOs:    613231192  IOPS:   319736  Throughput:  1249.0 MB/s  Total: 2339.29 GB
[ 1918.1s] IOs:    613331544  IOPS:   319752  Throughput:  1249.0 MB/s  Total: 2339.67 GB
[ 1918.7s] IOs:    613432201  IOPS:   319715  Throughput:  1248.9 MB/s  Total: 2340.06 GB
[ 1918.9s] IOs:    613532629  IOPS:   319729  Throughput:  1248.9 MB/s  Total: 2340.44 GB
[ 1919.1s] IOs:    613633264  IOPS:   319745  Throughput:  1249.0 MB/s  Total: 2340.83 GB
[ 1919.6s] IOs:    613733639  IOPS:   319719  Throughput:  1248.9 MB/s  Total: 2341.21 GB
[ 1919.9s] IOs:    613834367  IOPS:   319720  Throughput:  1248.9 MB/s  Total: 2341.59 GB
[ 1920.1s] IOs:    613934838  IOPS:   319735  Throughput:  1249.0 MB/s  Total: 2341.98 GB
[ 1920.5s] IOs:    614035454  IOPS:   319722  Throughput:  1248.9 MB/s  Total: 2342.36 GB
[ 1920.8s] IOs:    614135784  IOPS:   319722  Throughput:  1248.9 MB/s  Total: 2342.74 GB
[ 1921.1s] IOs:    614236339  IOPS:   319735  Throughput:  1249.0 MB/s  Total: 2343.13 GB
[ 1921.4s] IOs:    614336719  IOPS:   319735  Throughput:  1249.0 MB/s  Total: 2343.51 GB
[ 1921.6s] IOs:    614436988  IOPS:   319750  Throughput:  1249.0 MB/s  Total: 2343.89 GB
[ 1921.9s] IOs:    614537838  IOPS:   319752  Throughput:  1249.0 MB/s  Total: 2344.28 GB
[ 1922.2s] IOs:    614638041  IOPS:   319761  Throughput:  1249.1 MB/s  Total: 2344.66 GB
[ 1922.4s] IOs:    614738546  IOPS:   319772  Throughput:  1249.1 MB/s  Total: 2345.04 GB
[ 1922.8s] IOs:    614839317  IOPS:   319769  Throughput:  1249.1 MB/s  Total: 2345.43 GB
[ 1923.0s] IOs:    614939699  IOPS:   319779  Throughput:  1249.1 MB/s  Total: 2345.81 GB
[ 1923.9s] IOs:    615040544  IOPS:   319692  Throughput:  1248.8 MB/s  Total: 2346.19 GB
[ 1924.4s] IOs:    615141221  IOPS:   319647  Throughput:  1248.6 MB/s  Total: 2346.58 GB
[ 1925.1s] IOs:    615241949  IOPS:   319591  Throughput:  1248.4 MB/s  Total: 2346.96 GB
[ 1925.7s] IOs:    615342921  IOPS:   319550  Throughput:  1248.2 MB/s  Total: 2347.35 GB
[ 1926.0s] IOs:    615443419  IOPS:   319545  Throughput:  1248.2 MB/s  Total: 2347.73 GB
[ 1926.7s] IOs:    615544211  IOPS:   319481  Throughput:  1248.0 MB/s  Total: 2348.11 GB
[ 1927.1s] IOs:    615644891  IOPS:   319473  Throughput:  1247.9 MB/s  Total: 2348.50 GB
[ 1927.6s] IOs:    615745453  IOPS:   319436  Throughput:  1247.8 MB/s  Total: 2348.88 GB
[ 1928.2s] IOs:    615846065  IOPS:   319392  Throughput:  1247.6 MB/s  Total: 2349.27 GB
[ 1928.5s] IOs:    615946865  IOPS:   319389  Throughput:  1247.6 MB/s  Total: 2349.65 GB
[ 1929.1s] IOs:    616047343  IOPS:   319353  Throughput:  1247.5 MB/s  Total: 2350.03 GB
[ 1929.4s] IOs:    616148086  IOPS:   319355  Throughput:  1247.5 MB/s  Total: 2350.42 GB
[ 1929.6s] IOs:    616248754  IOPS:   319369  Throughput:  1247.5 MB/s  Total: 2350.80 GB
[ 1931.5s] IOs:    616349038  IOPS:   319109  Throughput:  1246.5 MB/s  Total: 2351.18 GB
[ 1933.5s] IOs:    616449915  IOPS:   318833  Throughput:  1245.4 MB/s  Total: 2351.57 GB
[ 1935.0s] IOs:    616550002  IOPS:   318629  Throughput:  1244.6 MB/s  Total: 2351.95 GB
[ 1936.9s] IOs:    616650144  IOPS:   318373  Throughput:  1243.6 MB/s  Total: 2352.33 GB
[ 1938.0s] IOs:    616751147  IOPS:   318240  Throughput:  1243.1 MB/s  Total: 2352.72 GB
[ 1939.4s] IOs:    616851912  IOPS:   318060  Throughput:  1242.4 MB/s  Total: 2353.10 GB
[ 1940.8s] IOs:    616952505  IOPS:   317886  Throughput:  1241.7 MB/s  Total: 2353.49 GB
[ 1941.7s] IOs:    617053120  IOPS:   317784  Throughput:  1241.3 MB/s  Total: 2353.87 GB
[ 1942.6s] IOs:    617154015  IOPS:   317689  Throughput:  1241.0 MB/s  Total: 2354.26 GB
[ 1943.3s] IOs:    617254737  IOPS:   317635  Throughput:  1240.8 MB/s  Total: 2354.64 GB
[ 1944.8s] IOs:    617355527  IOPS:   317438  Throughput:  1240.0 MB/s  Total: 2355.02 GB
[ 1946.3s] IOs:    617456170  IOPS:   317250  Throughput:  1239.3 MB/s  Total: 2355.41 GB
[ 1947.9s] IOs:    617556962  IOPS:   317032  Throughput:  1238.4 MB/s  Total: 2355.79 GB
[ 1948.2s] IOs:    617657575  IOPS:   317036  Throughput:  1238.4 MB/s  Total: 2356.18 GB
[ 1948.5s] IOs:    617757872  IOPS:   317046  Throughput:  1238.5 MB/s  Total: 2356.56 GB
[ 1948.8s] IOs:    617858246  IOPS:   317043  Throughput:  1238.5 MB/s  Total: 2356.94 GB
[ 1949.1s] IOs:    617958722  IOPS:   317053  Throughput:  1238.5 MB/s  Total: 2357.33 GB
[ 1949.3s] IOs:    618059236  IOPS:   317061  Throughput:  1238.5 MB/s  Total: 2357.71 GB
[ 1949.7s] IOs:    618159411  IOPS:   317059  Throughput:  1238.5 MB/s  Total: 2358.09 GB
[ 1949.9s] IOs:    618260111  IOPS:   317073  Throughput:  1238.6 MB/s  Total: 2358.48 GB
[ 1950.1s] IOs:    618360900  IOPS:   317087  Throughput:  1238.6 MB/s  Total: 2358.86 GB
[ 1950.5s] IOs:    618461645  IOPS:   317082  Throughput:  1238.6 MB/s  Total: 2359.24 GB
[ 1950.7s] IOs:    618562002  IOPS:   317094  Throughput:  1238.6 MB/s  Total: 2359.63 GB
[ 1951.0s] IOs:    618662366  IOPS:   317092  Throughput:  1238.6 MB/s  Total: 2360.01 GB
[ 1951.4s] IOs:    618763113  IOPS:   317095  Throughput:  1238.7 MB/s  Total: 2360.39 GB
[ 1951.6s] IOs:    618863809  IOPS:   317102  Throughput:  1238.7 MB/s  Total: 2360.78 GB
[ 1951.9s] IOs:    618964393  IOPS:   317113  Throughput:  1238.7 MB/s  Total: 2361.16 GB
[ 1952.2s] IOs:    619064656  IOPS:   317110  Throughput:  1238.7 MB/s  Total: 2361.54 GB
[ 1952.6s] IOs:    619165208  IOPS:   317105  Throughput:  1238.7 MB/s  Total: 2361.93 GB
[ 1952.8s] IOs:    619265935  IOPS:   317120  Throughput:  1238.7 MB/s  Total: 2362.31 GB
[ 1953.0s] IOs:    619366700  IOPS:   317131  Throughput:  1238.8 MB/s  Total: 2362.70 GB
[ 1953.4s] IOs:    619467464  IOPS:   317122  Throughput:  1238.8 MB/s  Total: 2363.08 GB
[ 1953.7s] IOs:    619568177  IOPS:   317129  Throughput:  1238.8 MB/s  Total: 2363.47 GB
[ 1953.9s] IOs:    619668664  IOPS:   317136  Throughput:  1238.8 MB/s  Total: 2363.85 GB
[ 1954.2s] IOs:    619769248  IOPS:   317148  Throughput:  1238.9 MB/s  Total: 2364.23 GB
[ 1954.5s] IOs:    619869914  IOPS:   317148  Throughput:  1238.9 MB/s  Total: 2364.62 GB
[ 1954.9s] IOs:    619970689  IOPS:   317144  Throughput:  1238.8 MB/s  Total: 2365.00 GB
[ 1955.2s] IOs:    620071044  IOPS:   317144  Throughput:  1238.8 MB/s  Total: 2365.38 GB
[ 1955.7s] IOs:    620171609  IOPS:   317117  Throughput:  1238.7 MB/s  Total: 2365.77 GB
[ 1955.9s] IOs:    620272109  IOPS:   317132  Throughput:  1238.8 MB/s  Total: 2366.15 GB
[ 1956.1s] IOs:    620372664  IOPS:   317146  Throughput:  1238.9 MB/s  Total: 2366.53 GB
[ 1956.6s] IOs:    620473502  IOPS:   317122  Throughput:  1238.8 MB/s  Total: 2366.92 GB
[ 1956.9s] IOs:    620573861  IOPS:   317126  Throughput:  1238.8 MB/s  Total: 2367.30 GB
[ 1957.1s] IOs:    620674543  IOPS:   317134  Throughput:  1238.8 MB/s  Total: 2367.69 GB
[ 1957.5s] IOs:    620775143  IOPS:   317125  Throughput:  1238.8 MB/s  Total: 2368.07 GB
[ 1957.8s] IOs:    620875908  IOPS:   317137  Throughput:  1238.8 MB/s  Total: 2368.45 GB
[ 1958.0s] IOs:    620976351  IOPS:   317143  Throughput:  1238.8 MB/s  Total: 2368.84 GB
[ 1958.3s] IOs:    621076880  IOPS:   317155  Throughput:  1238.9 MB/s  Total: 2369.22 GB
[ 1958.5s] IOs:    621177094  IOPS:   317163  Throughput:  1238.9 MB/s  Total: 2369.60 GB
[Reader] Parsed 82000000 lines, distributed 621205667 writes, unique 694.17 GB, skipped 0
[ 1958.8s] IOs:    621277457  IOPS:   317174  Throughput:  1239.0 MB/s  Total: 2369.99 GB
[ 1959.1s] IOs:    621377953  IOPS:   317181  Throughput:  1239.0 MB/s  Total: 2370.37 GB
[ 1959.4s] IOs:    621478602  IOPS:   317182  Throughput:  1239.0 MB/s  Total: 2370.75 GB
[ 1959.6s] IOs:    621579065  IOPS:   317196  Throughput:  1239.0 MB/s  Total: 2371.14 GB
[ 1959.9s] IOs:    621679434  IOPS:   317199  Throughput:  1239.1 MB/s  Total: 2371.52 GB
[ 1960.3s] IOs:    621779613  IOPS:   317186  Throughput:  1239.0 MB/s  Total: 2371.90 GB
[ 1960.5s] IOs:    621879704  IOPS:   317199  Throughput:  1239.1 MB/s  Total: 2372.28 GB
[ 1961.0s] IOs:    621980501  IOPS:   317182  Throughput:  1239.0 MB/s  Total: 2372.67 GB
[ 1961.3s] IOs:    622081119  IOPS:   317184  Throughput:  1239.0 MB/s  Total: 2373.05 GB
[ 1961.6s] IOs:    622181697  IOPS:   317186  Throughput:  1239.0 MB/s  Total: 2373.43 GB
[ 1961.9s] IOs:    622282198  IOPS:   317190  Throughput:  1239.0 MB/s  Total: 2373.82 GB
[ 1962.1s] IOs:    622382640  IOPS:   317204  Throughput:  1239.1 MB/s  Total: 2374.20 GB
[ 1962.4s] IOs:    622483432  IOPS:   317202  Throughput:  1239.1 MB/s  Total: 2374.59 GB
[ 1962.6s] IOs:    622583964  IOPS:   317219  Throughput:  1239.1 MB/s  Total: 2374.97 GB
[ 1963.0s] IOs:    622684437  IOPS:   317206  Throughput:  1239.1 MB/s  Total: 2375.35 GB
[ 1963.3s] IOs:    622784658  IOPS:   317220  Throughput:  1239.1 MB/s  Total: 2375.73 GB
[ 1963.5s] IOs:    622885105  IOPS:   317234  Throughput:  1239.2 MB/s  Total: 2376.12 GB
[ 1963.7s] IOs:    622985408  IOPS:   317248  Throughput:  1239.2 MB/s  Total: 2376.50 GB
[ 1964.0s] IOs:    623086038  IOPS:   317251  Throughput:  1239.3 MB/s  Total: 2376.88 GB
[ 1964.3s] IOs:    623186585  IOPS:   317263  Throughput:  1239.3 MB/s  Total: 2377.27 GB
[ 1964.5s] IOs:    623287242  IOPS:   317278  Throughput:  1239.4 MB/s  Total: 2377.65 GB
[ 1964.7s] IOs:    623388005  IOPS:   317295  Throughput:  1239.4 MB/s  Total: 2378.04 GB
[ 1965.2s] IOs:    623488645  IOPS:   317270  Throughput:  1239.3 MB/s  Total: 2378.42 GB
[ 1965.4s] IOs:    623589313  IOPS:   317288  Throughput:  1239.4 MB/s  Total: 2378.80 GB
[ 1965.6s] IOs:    623689647  IOPS:   317298  Throughput:  1239.4 MB/s  Total: 2379.19 GB
[ 1965.9s] IOs:    623790193  IOPS:   317313  Throughput:  1239.5 MB/s  Total: 2379.57 GB
[ 1966.1s] IOs:    623890870  IOPS:   317324  Throughput:  1239.5 MB/s  Total: 2379.95 GB
[ 1966.3s] IOs:    623991178  IOPS:   317339  Throughput:  1239.6 MB/s  Total: 2380.34 GB
[ 1966.6s] IOs:    624091948  IOPS:   317349  Throughput:  1239.6 MB/s  Total: 2380.72 GB
[ 1966.8s] IOs:    624192527  IOPS:   317359  Throughput:  1239.7 MB/s  Total: 2381.11 GB
[ 1967.1s] IOs:    624293142  IOPS:   317369  Throughput:  1239.7 MB/s  Total: 2381.49 GB
[ 1967.3s] IOs:    624393765  IOPS:   317386  Throughput:  1239.8 MB/s  Total: 2381.87 GB
[ 1967.6s] IOs:    624494597  IOPS:   317392  Throughput:  1239.8 MB/s  Total: 2382.26 GB
[ 1967.8s] IOs:    624594955  IOPS:   317406  Throughput:  1239.9 MB/s  Total: 2382.64 GB
[ 1968.2s] IOs:    624695460  IOPS:   317397  Throughput:  1239.8 MB/s  Total: 2383.02 GB
[ 1968.4s] IOs:    624796298  IOPS:   317414  Throughput:  1239.9 MB/s  Total: 2383.41 GB
[ 1968.6s] IOs:    624896328  IOPS:   317432  Throughput:  1240.0 MB/s  Total: 2383.79 GB
[ 1968.8s] IOs:    624997236  IOPS:   317447  Throughput:  1240.0 MB/s  Total: 2384.18 GB
[ 1969.2s] IOs:    625098036  IOPS:   317440  Throughput:  1240.0 MB/s  Total: 2384.56 GB
[ 1969.4s] IOs:    625198402  IOPS:   317455  Throughput:  1240.1 MB/s  Total: 2384.94 GB
[ 1969.6s] IOs:    625299201  IOPS:   317473  Throughput:  1240.1 MB/s  Total: 2385.33 GB
[ 1969.8s] IOs:    625400000  IOPS:   317493  Throughput:  1240.2 MB/s  Total: 2385.71 GB
[ 1970.1s] IOs:    625500493  IOPS:   317499  Throughput:  1240.2 MB/s  Total: 2386.10 GB
[ 1970.3s] IOs:    625600760  IOPS:   317519  Throughput:  1240.3 MB/s  Total: 2386.48 GB
[ 1970.5s] IOs:    625701384  IOPS:   317528  Throughput:  1240.3 MB/s  Total: 2386.86 GB
[ 1970.9s] IOs:    625802413  IOPS:   317524  Throughput:  1240.3 MB/s  Total: 2387.25 GB
[ 1971.1s] IOs:    625903005  IOPS:   317543  Throughput:  1240.4 MB/s  Total: 2387.63 GB
[ 1971.3s] IOs:    626003510  IOPS:   317564  Throughput:  1240.5 MB/s  Total: 2388.01 GB
[ 1971.6s] IOs:    626104045  IOPS:   317565  Throughput:  1240.5 MB/s  Total: 2388.40 GB
[ 1971.8s] IOs:    626204866  IOPS:   317587  Throughput:  1240.6 MB/s  Total: 2388.78 GB
[ 1972.2s] IOs:    626305217  IOPS:   317571  Throughput:  1240.5 MB/s  Total: 2389.16 GB
[ 1972.3s] IOs:    626406070  IOPS:   317594  Throughput:  1240.6 MB/s  Total: 2389.55 GB
[ 1972.6s] IOs:    626506834  IOPS:   317604  Throughput:  1240.6 MB/s  Total: 2389.93 GB
[ 1972.8s] IOs:    626607405  IOPS:   317623  Throughput:  1240.7 MB/s  Total: 2390.32 GB
[ 1973.1s] IOs:    626707937  IOPS:   317621  Throughput:  1240.7 MB/s  Total: 2390.70 GB
[ 1973.3s] IOs:    626808818  IOPS:   317642  Throughput:  1240.8 MB/s  Total: 2391.09 GB
[ 1973.6s] IOs:    626908949  IOPS:   317653  Throughput:  1240.8 MB/s  Total: 2391.47 GB
[ 1973.8s] IOs:    627009956  IOPS:   317673  Throughput:  1240.9 MB/s  Total: 2391.85 GB
[ 1974.0s] IOs:    627110496  IOPS:   317683  Throughput:  1240.9 MB/s  Total: 2392.24 GB
[ 1974.2s] IOs:    627210758  IOPS:   317701  Throughput:  1241.0 MB/s  Total: 2392.62 GB
[ 1974.4s] IOs:    627311540  IOPS:   317716  Throughput:  1241.1 MB/s  Total: 2393.00 GB
[ 1974.6s] IOs:    627412310  IOPS:   317737  Throughput:  1241.2 MB/s  Total: 2393.39 GB
[ 1974.8s] IOs:    627513052  IOPS:   317752  Throughput:  1241.2 MB/s  Total: 2393.77 GB
[ 1975.0s] IOs:    627613902  IOPS:   317773  Throughput:  1241.3 MB/s  Total: 2394.16 GB
[ 1975.2s] IOs:    627714787  IOPS:   317796  Throughput:  1241.4 MB/s  Total: 2394.54 GB
[ 1975.4s] IOs:    627815094  IOPS:   317818  Throughput:  1241.5 MB/s  Total: 2394.92 GB
[ 1975.6s] IOs:    627915655  IOPS:   317834  Throughput:  1241.5 MB/s  Total: 2395.31 GB
[ 1975.8s] IOs:    628016605  IOPS:   317857  Throughput:  1241.6 MB/s  Total: 2395.69 GB
[ 1976.0s] IOs:    628117132  IOPS:   317871  Throughput:  1241.7 MB/s  Total: 2396.08 GB
[ 1976.5s] IOs:    628217602  IOPS:   317841  Throughput:  1241.6 MB/s  Total: 2396.46 GB
[ 1977.0s] IOs:    628318109  IOPS:   317811  Throughput:  1241.5 MB/s  Total: 2396.84 GB
[ 1977.2s] IOs:    628418730  IOPS:   317828  Throughput:  1241.5 MB/s  Total: 2397.23 GB
[ 1977.6s] IOs:    628519448  IOPS:   317812  Throughput:  1241.5 MB/s  Total: 2397.61 GB
[ 1978.1s] IOs:    628620311  IOPS:   317789  Throughput:  1241.4 MB/s  Total: 2398.00 GB
[ 1978.5s] IOs:    628720815  IOPS:   317782  Throughput:  1241.3 MB/s  Total: 2398.38 GB
[ 1978.7s] IOs:    628821529  IOPS:   317797  Throughput:  1241.4 MB/s  Total: 2398.76 GB
[ 1979.1s] IOs:    628922148  IOPS:   317775  Throughput:  1241.3 MB/s  Total: 2399.15 GB
[ 1979.5s] IOs:    629023041  IOPS:   317773  Throughput:  1241.3 MB/s  Total: 2399.53 GB
[ 1979.7s] IOs:    629123887  IOPS:   317791  Throughput:  1241.4 MB/s  Total: 2399.92 GB
[ 1981.5s] IOs:    629224508  IOPS:   317550  Throughput:  1240.4 MB/s  Total: 2400.30 GB
[ 1982.0s] IOs:    629325526  IOPS:   317527  Throughput:  1240.3 MB/s  Total: 2400.69 GB
[ 1982.1s] IOs:    629426008  IOPS:   317547  Throughput:  1240.4 MB/s  Total: 2401.07 GB
[ 1982.5s] IOs:    629526611  IOPS:   317544  Throughput:  1240.4 MB/s  Total: 2401.45 GB
[ 1982.9s] IOs:    629626622  IOPS:   317525  Throughput:  1240.3 MB/s  Total: 2401.83 GB
[Reader] Parsed 83000000 lines, distributed 629681112 writes, unique 698.40 GB, skipped 0
[ 1983.1s] IOs:    629727089  IOPS:   317544  Throughput:  1240.4 MB/s  Total: 2402.22 GB
[ 1983.4s] IOs:    629827182  IOPS:   317542  Throughput:  1240.4 MB/s  Total: 2402.60 GB
[ 1983.6s] IOs:    629927605  IOPS:   317563  Throughput:  1240.5 MB/s  Total: 2402.98 GB
[ 1984.0s] IOs:    630028197  IOPS:   317557  Throughput:  1240.5 MB/s  Total: 2403.37 GB
[ 1984.3s] IOs:    630129122  IOPS:   317553  Throughput:  1240.4 MB/s  Total: 2403.75 GB
[ 1984.5s] IOs:    630229936  IOPS:   317570  Throughput:  1240.5 MB/s  Total: 2404.14 GB
[ 1984.8s] IOs:    630330463  IOPS:   317571  Throughput:  1240.5 MB/s  Total: 2404.52 GB
[ 1985.0s] IOs:    630431068  IOPS:   317593  Throughput:  1240.6 MB/s  Total: 2404.90 GB
[ 1985.3s] IOs:    630531860  IOPS:   317593  Throughput:  1240.6 MB/s  Total: 2405.29 GB
[ 1985.5s] IOs:    630632614  IOPS:   317614  Throughput:  1240.7 MB/s  Total: 2405.67 GB
[ 1991.5s] IOs:    630733495  IOPS:   316714  Throughput:  1237.2 MB/s  Total: 2406.06 GB
[ 1991.8s] IOs:    630834160  IOPS:   316720  Throughput:  1237.2 MB/s  Total: 2406.44 GB
[ 1992.0s] IOs:    630934846  IOPS:   316734  Throughput:  1237.2 MB/s  Total: 2406.83 GB
[ 1992.2s] IOs:    631035867  IOPS:   316747  Throughput:  1237.3 MB/s  Total: 2407.21 GB
[ 1992.5s] IOs:    631136331  IOPS:   316749  Throughput:  1237.3 MB/s  Total: 2407.59 GB
[ 1992.8s] IOs:    631237058  IOPS:   316765  Throughput:  1237.4 MB/s  Total: 2407.98 GB
[ 1993.1s] IOs:    631337854  IOPS:   316763  Throughput:  1237.4 MB/s  Total: 2408.36 GB
[ 1993.3s] IOs:    631438568  IOPS:   316780  Throughput:  1237.4 MB/s  Total: 2408.75 GB
[ 1993.6s] IOs:    631539434  IOPS:   316786  Throughput:  1237.4 MB/s  Total: 2409.13 GB
[ 1993.8s] IOs:    631640192  IOPS:   316800  Throughput:  1237.5 MB/s  Total: 2409.52 GB
[ 1994.1s] IOs:    631740533  IOPS:   316811  Throughput:  1237.5 MB/s  Total: 2409.90 GB
[ 1994.5s] IOs:    631841194  IOPS:   316799  Throughput:  1237.5 MB/s  Total: 2410.28 GB
[ 1994.7s] IOs:    631941536  IOPS:   316810  Throughput:  1237.5 MB/s  Total: 2410.67 GB
[ 1995.1s] IOs:    632042354  IOPS:   316799  Throughput:  1237.5 MB/s  Total: 2411.05 GB
[ 1995.3s] IOs:    632142913  IOPS:   316809  Throughput:  1237.5 MB/s  Total: 2411.43 GB
[ 1995.6s] IOs:    632243465  IOPS:   316823  Throughput:  1237.6 MB/s  Total: 2411.82 GB
[ 1995.8s] IOs:    632343869  IOPS:   316833  Throughput:  1237.6 MB/s  Total: 2412.20 GB
[ 1996.1s] IOs:    632444646  IOPS:   316840  Throughput:  1237.7 MB/s  Total: 2412.58 GB
[ 1996.3s] IOs:    632545479  IOPS:   316853  Throughput:  1237.7 MB/s  Total: 2412.97 GB
[ 1996.7s] IOs:    632646337  IOPS:   316853  Throughput:  1237.7 MB/s  Total: 2413.35 GB
[ 1997.0s] IOs:    632746551  IOPS:   316854  Throughput:  1237.7 MB/s  Total: 2413.74 GB
[ 1997.2s] IOs:    632847152  IOPS:   316870  Throughput:  1237.8 MB/s  Total: 2414.12 GB
[ 1997.5s] IOs:    632948135  IOPS:   316874  Throughput:  1237.8 MB/s  Total: 2414.51 GB
[ 1997.9s] IOs:    633048610  IOPS:   316859  Throughput:  1237.7 MB/s  Total: 2414.89 GB
[ 1998.1s] IOs:    633149255  IOPS:   316870  Throughput:  1237.8 MB/s  Total: 2415.27 GB
[ 1998.5s] IOs:    633249930  IOPS:   316862  Throughput:  1237.7 MB/s  Total: 2415.66 GB
[ 1998.8s] IOs:    633350458  IOPS:   316866  Throughput:  1237.8 MB/s  Total: 2416.04 GB
[ 1999.1s] IOs:    633451162  IOPS:   316868  Throughput:  1237.8 MB/s  Total: 2416.42 GB
[ 1999.5s] IOs:    633551662  IOPS:   316860  Throughput:  1237.7 MB/s  Total: 2416.81 GB
[ 1999.7s] IOs:    633652117  IOPS:   316874  Throughput:  1237.8 MB/s  Total: 2417.19 GB
[ 2000.0s] IOs:    633752362  IOPS:   316871  Throughput:  1237.8 MB/s  Total: 2417.57 GB
[ 2000.3s] IOs:    633853046  IOPS:   316883  Throughput:  1237.8 MB/s  Total: 2417.96 GB
[ 2000.6s] IOs:    633953675  IOPS:   316885  Throughput:  1237.8 MB/s  Total: 2418.34 GB
[ 2000.8s] IOs:    634054313  IOPS:   316897  Throughput:  1237.9 MB/s  Total: 2418.73 GB
[ 2001.1s] IOs:    634154748  IOPS:   316897  Throughput:  1237.9 MB/s  Total: 2419.11 GB
[ 2001.5s] IOs:    634255337  IOPS:   316891  Throughput:  1237.9 MB/s  Total: 2419.49 GB
[ 2001.7s] IOs:    634355654  IOPS:   316904  Throughput:  1237.9 MB/s  Total: 2419.87 GB
[ 2002.0s] IOs:    634456258  IOPS:   316913  Throughput:  1237.9 MB/s  Total: 2420.26 GB
[ 2002.2s] IOs:    634556746  IOPS:   316924  Throughput:  1238.0 MB/s  Total: 2420.64 GB
[ 2002.9s] IOs:    634657155  IOPS:   316868  Throughput:  1237.8 MB/s  Total: 2421.02 GB
[ 2004.1s] IOs:    634757238  IOPS:   316731  Throughput:  1237.2 MB/s  Total: 2421.41 GB
[ 2005.9s] IOs:    634858129  IOPS:   316502  Throughput:  1236.3 MB/s  Total: 2421.79 GB
[ 2006.8s] IOs:    634958647  IOPS:   316399  Throughput:  1235.9 MB/s  Total: 2422.18 GB
[ 2007.8s] IOs:    635058772  IOPS:   316293  Throughput:  1235.5 MB/s  Total: 2422.56 GB
[ 2008.8s] IOs:    635159773  IOPS:   316186  Throughput:  1235.1 MB/s  Total: 2422.94 GB
[ 2009.8s] IOs:    635260002  IOPS:   316089  Throughput:  1234.7 MB/s  Total: 2423.32 GB
[ 2010.7s] IOs:    635360710  IOPS:   315990  Throughput:  1234.3 MB/s  Total: 2423.71 GB
[ 2011.3s] IOs:    635461535  IOPS:   315946  Throughput:  1234.2 MB/s  Total: 2424.09 GB
[ 2012.2s] IOs:    635562542  IOPS:   315860  Throughput:  1233.8 MB/s  Total: 2424.48 GB
[ 2012.7s] IOs:    635663096  IOPS:   315827  Throughput:  1233.7 MB/s  Total: 2424.86 GB
[ 2013.3s] IOs:    635763625  IOPS:   315779  Throughput:  1233.5 MB/s  Total: 2425.25 GB
[ 2013.9s] IOs:    635864243  IOPS:   315743  Throughput:  1233.4 MB/s  Total: 2425.63 GB
[ 2014.6s] IOs:    635965123  IOPS:   315676  Throughput:  1233.1 MB/s  Total: 2426.01 GB
[ 2015.1s] IOs:    636065150  IOPS:   315648  Throughput:  1233.0 MB/s  Total: 2426.40 GB
[ 2015.6s] IOs:    636165279  IOPS:   315619  Throughput:  1232.9 MB/s  Total: 2426.78 GB
[ 2016.1s] IOs:    636266276  IOPS:   315594  Throughput:  1232.8 MB/s  Total: 2427.16 GB
[ 2016.4s] IOs:    636366660  IOPS:   315598  Throughput:  1232.8 MB/s  Total: 2427.55 GB
[ 2016.8s] IOs:    636467246  IOPS:   315576  Throughput:  1232.7 MB/s  Total: 2427.93 GB
[ 2017.3s] IOs:    636568024  IOPS:   315551  Throughput:  1232.6 MB/s  Total: 2428.31 GB
[ 2017.9s] IOs:    636668881  IOPS:   315511  Throughput:  1232.5 MB/s  Total: 2428.70 GB
[ 2018.2s] IOs:    636769335  IOPS:   315519  Throughput:  1232.5 MB/s  Total: 2429.08 GB
[ 2018.4s] IOs:    636869402  IOPS:   315534  Throughput:  1232.6 MB/s  Total: 2429.46 GB
[ 2018.8s] IOs:    636970127  IOPS:   315513  Throughput:  1232.5 MB/s  Total: 2429.85 GB
[ 2019.2s] IOs:    637070663  IOPS:   315507  Throughput:  1232.5 MB/s  Total: 2430.23 GB
[ 2019.7s] IOs:    637171376  IOPS:   315479  Throughput:  1232.3 MB/s  Total: 2430.62 GB
[ 2019.9s] IOs:    637272190  IOPS:   315492  Throughput:  1232.4 MB/s  Total: 2431.00 GB
[ 2020.3s] IOs:    637372683  IOPS:   315483  Throughput:  1232.4 MB/s  Total: 2431.38 GB
[ 2020.7s] IOs:    637473595  IOPS:   315472  Throughput:  1232.3 MB/s  Total: 2431.77 GB
[ 2020.9s] IOs:    637573973  IOPS:   315486  Throughput:  1232.4 MB/s  Total: 2432.15 GB
[ 2021.2s] IOs:    637674553  IOPS:   315486  Throughput:  1232.4 MB/s  Total: 2432.54 GB
[ 2021.6s] IOs:    637775073  IOPS:   315479  Throughput:  1232.3 MB/s  Total: 2432.92 GB
[ 2021.8s] IOs:    637875866  IOPS:   315492  Throughput:  1232.4 MB/s  Total: 2433.30 GB
[ 2022.3s] IOs:    637976260  IOPS:   315466  Throughput:  1232.3 MB/s  Total: 2433.69 GB
[ 2022.7s] IOs:    638076994  IOPS:   315466  Throughput:  1232.3 MB/s  Total: 2434.07 GB
[ 2022.9s] IOs:    638177951  IOPS:   315480  Throughput:  1232.3 MB/s  Total: 2434.46 GB
[ 2023.3s] IOs:    638278625  IOPS:   315469  Throughput:  1232.3 MB/s  Total: 2434.84 GB
[ 2023.6s] IOs:    638379283  IOPS:   315461  Throughput:  1232.3 MB/s  Total: 2435.22 GB
[ 2023.9s] IOs:    638479775  IOPS:   315471  Throughput:  1232.3 MB/s  Total: 2435.61 GB
[ 2024.2s] IOs:    638580204  IOPS:   315474  Throughput:  1232.3 MB/s  Total: 2435.99 GB
[ 2024.5s] IOs:    638681069  IOPS:   315481  Throughput:  1232.3 MB/s  Total: 2436.37 GB
[ 2024.7s] IOs:    638781810  IOPS:   315489  Throughput:  1232.4 MB/s  Total: 2436.76 GB
[ 2025.0s] IOs:    638882553  IOPS:   315500  Throughput:  1232.4 MB/s  Total: 2437.14 GB
[ 2025.3s] IOs:    638983120  IOPS:   315497  Throughput:  1232.4 MB/s  Total: 2437.53 GB
[ 2025.6s] IOs:    639083523  IOPS:   315503  Throughput:  1232.4 MB/s  Total: 2437.91 GB
[ 2025.9s] IOs:    639184071  IOPS:   315512  Throughput:  1232.5 MB/s  Total: 2438.29 GB
[ 2026.1s] IOs:    639284877  IOPS:   315520  Throughput:  1232.5 MB/s  Total: 2438.68 GB
[ 2026.4s] IOs:    639385315  IOPS:   315521  Throughput:  1232.5 MB/s  Total: 2439.06 GB
[ 2026.7s] IOs:    639485757  IOPS:   315534  Throughput:  1232.6 MB/s  Total: 2439.44 GB
[ 2026.9s] IOs:    639586158  IOPS:   315548  Throughput:  1232.6 MB/s  Total: 2439.83 GB
[ 2027.3s] IOs:    639686823  IOPS:   315534  Throughput:  1232.6 MB/s  Total: 2440.21 GB
[ 2027.6s] IOs:    639787497  IOPS:   315543  Throughput:  1232.6 MB/s  Total: 2440.60 GB
[ 2027.8s] IOs:    639888024  IOPS:   315554  Throughput:  1232.6 MB/s  Total: 2440.98 GB
[ 2028.1s] IOs:    639988521  IOPS:   315554  Throughput:  1232.6 MB/s  Total: 2441.36 GB
[ 2028.4s] IOs:    640089097  IOPS:   315570  Throughput:  1232.7 MB/s  Total: 2441.75 GB
[ 2028.7s] IOs:    640189832  IOPS:   315568  Throughput:  1232.7 MB/s  Total: 2442.13 GB
[ 2028.9s] IOs:    640290657  IOPS:   315585  Throughput:  1232.8 MB/s  Total: 2442.52 GB
[Reader] Parsed 84000000 lines, distributed 640385177 writes, unique 701.37 GB, skipped 0
[ 2029.2s] IOs:    640391552  IOPS:   315587  Throughput:  1232.8 MB/s  Total: 2442.90 GB
[ 2029.5s] IOs:    640491925  IOPS:   315598  Throughput:  1232.8 MB/s  Total: 2443.28 GB
[ 2030.1s] IOs:    640592665  IOPS:   315552  Throughput:  1232.6 MB/s  Total: 2443.67 GB
[ 2030.6s] IOs:    640693201  IOPS:   315520  Throughput:  1232.5 MB/s  Total: 2444.05 GB
[ 2031.1s] IOs:    640794024  IOPS:   315489  Throughput:  1232.4 MB/s  Total: 2444.44 GB
[ 2031.6s] IOs:    640894506  IOPS:   315463  Throughput:  1232.3 MB/s  Total: 2444.82 GB
[ 2031.9s] IOs:    640995372  IOPS:   315470  Throughput:  1232.3 MB/s  Total: 2445.20 GB
[ 2032.4s] IOs:    641096233  IOPS:   315441  Throughput:  1232.2 MB/s  Total: 2445.59 GB
[ 2032.8s] IOs:    641197194  IOPS:   315424  Throughput:  1232.1 MB/s  Total: 2445.97 GB
[ 2033.3s] IOs:    641297507  IOPS:   315401  Throughput:  1232.0 MB/s  Total: 2446.36 GB
[ 2033.8s] IOs:    641398033  IOPS:   315364  Throughput:  1231.9 MB/s  Total: 2446.74 GB
[ 2034.3s] IOs:    641498775  IOPS:   315335  Throughput:  1231.8 MB/s  Total: 2447.12 GB
[ 2034.8s] IOs:    641599329  IOPS:   315319  Throughput:  1231.7 MB/s  Total: 2447.51 GB
[ 2035.3s] IOs:    641699874  IOPS:   315280  Throughput:  1231.6 MB/s  Total: 2447.89 GB
[ 2038.2s] IOs:    641800476  IOPS:   314880  Throughput:  1230.0 MB/s  Total: 2448.27 GB
[ 2039.1s] IOs:    641900928  IOPS:   314802  Throughput:  1229.7 MB/s  Total: 2448.66 GB
[ 2039.6s] IOs:    642001884  IOPS:   314770  Throughput:  1229.6 MB/s  Total: 2449.04 GB
[ 2040.1s] IOs:    642102454  IOPS:   314734  Throughput:  1229.4 MB/s  Total: 2449.43 GB
[ 2040.6s] IOs:    642203132  IOPS:   314707  Throughput:  1229.3 MB/s  Total: 2449.81 GB
[ 2041.1s] IOs:    642303923  IOPS:   314692  Throughput:  1229.3 MB/s  Total: 2450.20 GB
[ 2041.4s] IOs:    642404570  IOPS:   314694  Throughput:  1229.3 MB/s  Total: 2450.58 GB
[ 2041.8s] IOs:    642505287  IOPS:   314679  Throughput:  1229.2 MB/s  Total: 2450.96 GB
[ 2042.4s] IOs:    642606168  IOPS:   314639  Throughput:  1229.1 MB/s  Total: 2451.35 GB
[ 2042.7s] IOs:    642706946  IOPS:   314643  Throughput:  1229.1 MB/s  Total: 2451.73 GB
[ 2043.3s] IOs:    642807926  IOPS:   314596  Throughput:  1228.9 MB/s  Total: 2452.12 GB
[ 2043.7s] IOs:    642908843  IOPS:   314577  Throughput:  1228.8 MB/s  Total: 2452.50 GB
[ 2044.3s] IOs:    643009572  IOPS:   314537  Throughput:  1228.7 MB/s  Total: 2452.89 GB
[ 2044.6s] IOs:    643109945  IOPS:   314533  Throughput:  1228.6 MB/s  Total: 2453.27 GB
[ 2045.2s] IOs:    643210472  IOPS:   314501  Throughput:  1228.5 MB/s  Total: 2453.65 GB
[ 2045.6s] IOs:    643310931  IOPS:   314488  Throughput:  1228.5 MB/s  Total: 2454.04 GB
[ 2045.8s] IOs:    643411553  IOPS:   314499  Throughput:  1228.5 MB/s  Total: 2454.42 GB
[ 2046.5s] IOs:    643512543  IOPS:   314448  Throughput:  1228.3 MB/s  Total: 2454.81 GB
[ 2046.7s] IOs:    643613062  IOPS:   314461  Throughput:  1228.4 MB/s  Total: 2455.19 GB
[ 2047.2s] IOs:    643713417  IOPS:   314442  Throughput:  1228.3 MB/s  Total: 2455.57 GB
[ 2047.8s] IOs:    643813871  IOPS:   314400  Throughput:  1228.1 MB/s  Total: 2455.96 GB
[ 2048.0s] IOs:    643914468  IOPS:   314408  Throughput:  1228.2 MB/s  Total: 2456.34 GB
[ 2048.3s] IOs:    644014864  IOPS:   314412  Throughput:  1228.2 MB/s  Total: 2456.72 GB
[ 2048.7s] IOs:    644114957  IOPS:   314408  Throughput:  1228.2 MB/s  Total: 2457.10 GB
[ 2049.4s] IOs:    644215569  IOPS:   314351  Throughput:  1227.9 MB/s  Total: 2457.49 GB
[ 2049.8s] IOs:    644316293  IOPS:   314339  Throughput:  1227.9 MB/s  Total: 2457.87 GB
[ 2050.8s] IOs:    644416932  IOPS:   314230  Throughput:  1227.5 MB/s  Total: 2458.26 GB
[ 2051.4s] IOs:    644517574  IOPS:   314189  Throughput:  1227.3 MB/s  Total: 2458.64 GB
[ 2052.0s] IOs:    644617581  IOPS:   314147  Throughput:  1227.1 MB/s  Total: 2459.02 GB
[ 2052.7s] IOs:    644718227  IOPS:   314089  Throughput:  1226.9 MB/s  Total: 2459.40 GB
[ 2053.4s] IOs:    644818612  IOPS:   314028  Throughput:  1226.7 MB/s  Total: 2459.79 GB
[ 2053.9s] IOs:    644919341  IOPS:   313996  Throughput:  1226.5 MB/s  Total: 2460.17 GB
[ 2054.7s] IOs:    645020002  IOPS:   313921  Throughput:  1226.3 MB/s  Total: 2460.56 GB
[ 2055.3s] IOs:    645120733  IOPS:   313880  Throughput:  1226.1 MB/s  Total: 2460.94 GB
[ 2055.9s] IOs:    645221359  IOPS:   313845  Throughput:  1226.0 MB/s  Total: 2461.32 GB
[ 2056.5s] IOs:    645321848  IOPS:   313795  Throughput:  1225.8 MB/s  Total: 2461.71 GB
[ 2056.9s] IOs:    645422325  IOPS:   313786  Throughput:  1225.7 MB/s  Total: 2462.09 GB
[ 2058.0s] IOs:    645522979  IOPS:   313662  Throughput:  1225.2 MB/s  Total: 2462.47 GB
[ 2058.6s] IOs:    645623544  IOPS:   313624  Throughput:  1225.1 MB/s  Total: 2462.86 GB
[ 2059.2s] IOs:    645724250  IOPS:   313577  Throughput:  1224.9 MB/s  Total: 2463.24 GB
[ 2059.6s] IOs:    645825011  IOPS:   313572  Throughput:  1224.9 MB/s  Total: 2463.63 GB
[ 2060.4s] IOs:    645925781  IOPS:   313499  Throughput:  1224.6 MB/s  Total: 2464.01 GB
[ 2060.6s] IOs:    646026628  IOPS:   313511  Throughput:  1224.7 MB/s  Total: 2464.40 GB
[ 2061.3s] IOs:    646127469  IOPS:   313459  Throughput:  1224.4 MB/s  Total: 2464.78 GB
[ 2061.6s] IOs:    646228085  IOPS:   313463  Throughput:  1224.5 MB/s  Total: 2465.16 GB
[ 2062.1s] IOs:    646328967  IOPS:   313428  Throughput:  1224.3 MB/s  Total: 2465.55 GB
[ 2062.5s] IOs:    646429236  IOPS:   313423  Throughput:  1224.3 MB/s  Total: 2465.93 GB
[ 2062.7s] IOs:    646529757  IOPS:   313435  Throughput:  1224.4 MB/s  Total: 2466.32 GB
[ 2063.4s] IOs:    646630637  IOPS:   313388  Throughput:  1224.2 MB/s  Total: 2466.70 GB
[ 2063.7s] IOs:    646731261  IOPS:   313390  Throughput:  1224.2 MB/s  Total: 2467.08 GB
[ 2064.2s] IOs:    646831905  IOPS:   313356  Throughput:  1224.0 MB/s  Total: 2467.47 GB
[ 2064.5s] IOs:    646932281  IOPS:   313359  Throughput:  1224.1 MB/s  Total: 2467.85 GB
[ 2064.7s] IOs:    647032979  IOPS:   313372  Throughput:  1224.1 MB/s  Total: 2468.23 GB
[ 2065.3s] IOs:    647133741  IOPS:   313332  Throughput:  1224.0 MB/s  Total: 2468.62 GB
[ 2065.7s] IOs:    647234333  IOPS:   313332  Throughput:  1224.0 MB/s  Total: 2469.00 GB
[ 2066.1s] IOs:    647335000  IOPS:   313314  Throughput:  1223.9 MB/s  Total: 2469.39 GB
[ 2066.5s] IOs:    647435359  IOPS:   313303  Throughput:  1223.8 MB/s  Total: 2469.77 GB
[ 2066.7s] IOs:    647535776  IOPS:   313313  Throughput:  1223.9 MB/s  Total: 2470.15 GB
[ 2067.1s] IOs:    647636455  IOPS:   313302  Throughput:  1223.8 MB/s  Total: 2470.54 GB
[ 2067.5s] IOs:    647737209  IOPS:   313290  Throughput:  1223.8 MB/s  Total: 2470.92 GB
[ 2067.8s] IOs:    647837955  IOPS:   313304  Throughput:  1223.8 MB/s  Total: 2471.31 GB
[ 2068.1s] IOs:    647938141  IOPS:   313299  Throughput:  1223.8 MB/s  Total: 2471.69 GB
[ 2068.5s] IOs:    648038492  IOPS:   313294  Throughput:  1223.8 MB/s  Total: 2472.07 GB
[ 2068.8s] IOs:    648139133  IOPS:   313298  Throughput:  1223.8 MB/s  Total: 2472.45 GB
[ 2069.3s] IOs:    648239900  IOPS:   313267  Throughput:  1223.7 MB/s  Total: 2472.84 GB
[ 2069.5s] IOs:    648340329  IOPS:   313281  Throughput:  1223.8 MB/s  Total: 2473.22 GB
[ 2069.8s] IOs:    648440818  IOPS:   313290  Throughput:  1223.8 MB/s  Total: 2473.61 GB
[ 2070.3s] IOs:    648541243  IOPS:   313260  Throughput:  1223.7 MB/s  Total: 2473.99 GB
[ 2070.6s] IOs:    648642023  IOPS:   313264  Throughput:  1223.7 MB/s  Total: 2474.37 GB
[ 2071.0s] IOs:    648742878  IOPS:   313252  Throughput:  1223.6 MB/s  Total: 2474.76 GB
[ 2071.2s] IOs:    648843635  IOPS:   313263  Throughput:  1223.7 MB/s  Total: 2475.14 GB
[ 2071.6s] IOs:    648944074  IOPS:   313256  Throughput:  1223.7 MB/s  Total: 2475.53 GB
[ 2071.8s] IOs:    649044229  IOPS:   313272  Throughput:  1223.7 MB/s  Total: 2475.91 GB
[ 2072.2s] IOs:    649145169  IOPS:   313264  Throughput:  1223.7 MB/s  Total: 2476.29 GB
[ 2072.6s] IOs:    649245959  IOPS:   313256  Throughput:  1223.7 MB/s  Total: 2476.68 GB
[ 2072.8s] IOs:    649346658  IOPS:   313270  Throughput:  1223.7 MB/s  Total: 2477.06 GB
[ 2073.1s] IOs:    649447094  IOPS:   313267  Throughput:  1223.7 MB/s  Total: 2477.44 GB
[ 2073.6s] IOs:    649547795  IOPS:   313250  Throughput:  1223.6 MB/s  Total: 2477.83 GB
[ 2074.0s] IOs:    649648316  IOPS:   313228  Throughput:  1223.5 MB/s  Total: 2478.21 GB
[ 2074.5s] IOs:    649749139  IOPS:   313212  Throughput:  1223.5 MB/s  Total: 2478.60 GB
[ 2074.8s] IOs:    649849879  IOPS:   313206  Throughput:  1223.5 MB/s  Total: 2478.98 GB
[ 2075.1s] IOs:    649950338  IOPS:   313207  Throughput:  1223.5 MB/s  Total: 2479.36 GB
[ 2075.7s] IOs:    650051167  IOPS:   313170  Throughput:  1223.3 MB/s  Total: 2479.75 GB
[ 2076.0s] IOs:    650151938  IOPS:   313175  Throughput:  1223.3 MB/s  Total: 2480.13 GB
[ 2076.3s] IOs:    650251938  IOPS:   313183  Throughput:  1223.4 MB/s  Total: 2480.51 GB
[ 2076.6s] IOs:    650352465  IOPS:   313177  Throughput:  1223.3 MB/s  Total: 2480.90 GB
[ 2077.1s] IOs:    650453335  IOPS:   313159  Throughput:  1223.3 MB/s  Total: 2481.28 GB
[ 2077.3s] IOs:    650553542  IOPS:   313172  Throughput:  1223.3 MB/s  Total: 2481.66 GB
[Reader] Parsed 85000000 lines, distributed 650631490 writes, unique 705.26 GB, skipped 0
[ 2077.6s] IOs:    650654019  IOPS:   313171  Throughput:  1223.3 MB/s  Total: 2482.05 GB
[ 2078.0s] IOs:    650754935  IOPS:   313168  Throughput:  1223.3 MB/s  Total: 2482.43 GB
[ 2078.5s] IOs:    650855843  IOPS:   313137  Throughput:  1223.2 MB/s  Total: 2482.82 GB
[ 2079.2s] IOs:    650956635  IOPS:   313088  Throughput:  1223.0 MB/s  Total: 2483.20 GB
[ 2079.5s] IOs:    651057021  IOPS:   313079  Throughput:  1223.0 MB/s  Total: 2483.59 GB
[ 2080.1s] IOs:    651157688  IOPS:   313041  Throughput:  1222.8 MB/s  Total: 2483.97 GB
[ 2080.6s] IOs:    651258296  IOPS:   313020  Throughput:  1222.7 MB/s  Total: 2484.35 GB
[ 2081.1s] IOs:    651359175  IOPS:   312987  Throughput:  1222.6 MB/s  Total: 2484.74 GB
[ 2081.5s] IOs:    651459649  IOPS:   312977  Throughput:  1222.6 MB/s  Total: 2485.12 GB
[ 2082.0s] IOs:    651559779  IOPS:   312952  Throughput:  1222.5 MB/s  Total: 2485.50 GB
[ 2082.4s] IOs:    651660501  IOPS:   312937  Throughput:  1222.4 MB/s  Total: 2485.89 GB
[ 2082.7s] IOs:    651761036  IOPS:   312943  Throughput:  1222.4 MB/s  Total: 2486.27 GB
[ 2083.3s] IOs:    651861981  IOPS:   312896  Throughput:  1222.2 MB/s  Total: 2486.66 GB
[ 2083.5s] IOs:    651962397  IOPS:   312911  Throughput:  1222.3 MB/s  Total: 2487.04 GB
[ 2083.8s] IOs:    652062709  IOPS:   312923  Throughput:  1222.4 MB/s  Total: 2487.42 GB
[ 2084.3s] IOs:    652163216  IOPS:   312892  Throughput:  1222.2 MB/s  Total: 2487.81 GB
[ 2084.6s] IOs:    652263836  IOPS:   312898  Throughput:  1222.3 MB/s  Total: 2488.19 GB
[ 2085.0s] IOs:    652364271  IOPS:   312886  Throughput:  1222.2 MB/s  Total: 2488.57 GB
[ 2085.2s] IOs:    652464912  IOPS:   312899  Throughput:  1222.3 MB/s  Total: 2488.96 GB
[ 2085.6s] IOs:    652565685  IOPS:   312894  Throughput:  1222.2 MB/s  Total: 2489.34 GB
[ 2085.8s] IOs:    652666285  IOPS:   312905  Throughput:  1222.3 MB/s  Total: 2489.72 GB
[ 2086.4s] IOs:    652766953  IOPS:   312873  Throughput:  1222.2 MB/s  Total: 2490.11 GB
[ 2086.6s] IOs:    652867538  IOPS:   312888  Throughput:  1222.2 MB/s  Total: 2490.49 GB
[ 2087.0s] IOs:    652968068  IOPS:   312867  Throughput:  1222.1 MB/s  Total: 2490.88 GB
[ 2087.3s] IOs:    653068550  IOPS:   312877  Throughput:  1222.2 MB/s  Total: 2491.26 GB
[ 2087.7s] IOs:    653169230  IOPS:   312867  Throughput:  1222.1 MB/s  Total: 2491.64 GB
[ 2088.0s] IOs:    653269821  IOPS:   312871  Throughput:  1222.2 MB/s  Total: 2492.03 GB
[ 2088.2s] IOs:    653370328  IOPS:   312886  Throughput:  1222.2 MB/s  Total: 2492.41 GB
[ 2088.6s] IOs:    653470784  IOPS:   312873  Throughput:  1222.2 MB/s  Total: 2492.79 GB
[ 2088.8s] IOs:    653571344  IOPS:   312887  Throughput:  1222.2 MB/s  Total: 2493.18 GB
[ 2089.2s] IOs:    653672181  IOPS:   312883  Throughput:  1222.2 MB/s  Total: 2493.56 GB
[ 2089.4s] IOs:    653772959  IOPS:   312897  Throughput:  1222.3 MB/s  Total: 2493.95 GB
[ 2089.7s] IOs:    653873552  IOPS:   312906  Throughput:  1222.3 MB/s  Total: 2494.33 GB
[ 2090.3s] IOs:    653974208  IOPS:   312862  Throughput:  1222.1 MB/s  Total: 2494.71 GB
[ 2090.5s] IOs:    654074932  IOPS:   312872  Throughput:  1222.2 MB/s  Total: 2495.10 GB
[ 2090.8s] IOs:    654175525  IOPS:   312886  Throughput:  1222.2 MB/s  Total: 2495.48 GB
[ 2091.0s] IOs:    654276301  IOPS:   312895  Throughput:  1222.2 MB/s  Total: 2495.87 GB
[ 2091.4s] IOs:    654376869  IOPS:   312884  Throughput:  1222.2 MB/s  Total: 2496.25 GB
[ 2091.7s] IOs:    654477574  IOPS:   312895  Throughput:  1222.2 MB/s  Total: 2496.63 GB
[ 2091.9s] IOs:    654578143  IOPS:   312909  Throughput:  1222.3 MB/s  Total: 2497.02 GB
[ 2092.3s] IOs:    654678774  IOPS:   312895  Throughput:  1222.2 MB/s  Total: 2497.40 GB
[ 2092.6s] IOs:    654779136  IOPS:   312907  Throughput:  1222.3 MB/s  Total: 2497.78 GB
[ 2092.8s] IOs:    654879839  IOPS:   312917  Throughput:  1222.3 MB/s  Total: 2498.17 GB
[ 2093.1s] IOs:    654980360  IOPS:   312924  Throughput:  1222.4 MB/s  Total: 2498.55 GB
[ 2093.4s] IOs:    655080999  IOPS:   312931  Throughput:  1222.4 MB/s  Total: 2498.94 GB
[ 2093.6s] IOs:    655181655  IOPS:   312944  Throughput:  1222.4 MB/s  Total: 2499.32 GB
[ 2093.9s] IOs:    655281982  IOPS:   312949  Throughput:  1222.5 MB/s  Total: 2499.70 GB
[ 2094.6s] IOs:    655382750  IOPS:   312887  Throughput:  1222.2 MB/s  Total: 2500.09 GB
[ 2094.9s] IOs:    655483535  IOPS:   312893  Throughput:  1222.2 MB/s  Total: 2500.47 GB
[ 2095.5s] IOs:    655584183  IOPS:   312854  Throughput:  1222.1 MB/s  Total: 2500.86 GB
[ 2095.9s] IOs:    655684363  IOPS:   312847  Throughput:  1222.1 MB/s  Total: 2501.24 GB
[ 2096.4s] IOs:    655784936  IOPS:   312820  Throughput:  1222.0 MB/s  Total: 2501.62 GB
[ 2096.9s] IOs:    655885479  IOPS:   312795  Throughput:  1221.9 MB/s  Total: 2502.00 GB
[ 2097.1s] IOs:    655986246  IOPS:   312805  Throughput:  1221.9 MB/s  Total: 2502.39 GB
[ 2097.5s] IOs:    656086913  IOPS:   312799  Throughput:  1221.9 MB/s  Total: 2502.77 GB
[ 2098.0s] IOs:    656187676  IOPS:   312763  Throughput:  1221.7 MB/s  Total: 2503.16 GB
[ 2098.3s] IOs:    656288328  IOPS:   312766  Throughput:  1221.7 MB/s  Total: 2503.54 GB
[ 2098.8s] IOs:    656388510  IOPS:   312747  Throughput:  1221.7 MB/s  Total: 2503.92 GB
[ 2099.1s] IOs:    656489146  IOPS:   312746  Throughput:  1221.7 MB/s  Total: 2504.31 GB
[ 2099.5s] IOs:    656589853  IOPS:   312743  Throughput:  1221.7 MB/s  Total: 2504.69 GB
[ 2099.9s] IOs:    656690453  IOPS:   312724  Throughput:  1221.6 MB/s  Total: 2505.08 GB
[ 2100.4s] IOs:    656791262  IOPS:   312692  Throughput:  1221.5 MB/s  Total: 2505.46 GB
[ 2100.9s] IOs:    656891691  IOPS:   312669  Throughput:  1221.4 MB/s  Total: 2505.84 GB
[ 2101.4s] IOs:    656992152  IOPS:   312647  Throughput:  1221.3 MB/s  Total: 2506.23 GB
[ 2101.9s] IOs:    657092674  IOPS:   312618  Throughput:  1221.2 MB/s  Total: 2506.61 GB
[ 2102.4s] IOs:    657193496  IOPS:   312592  Throughput:  1221.1 MB/s  Total: 2506.99 GB
[ 2103.0s] IOs:    657294092  IOPS:   312552  Throughput:  1220.9 MB/s  Total: 2507.38 GB
[ 2103.5s] IOs:    657394820  IOPS:   312521  Throughput:  1220.8 MB/s  Total: 2507.76 GB
[ 2106.1s] IOs:    657494987  IOPS:   312192  Throughput:  1219.5 MB/s  Total: 2508.14 GB
[ 2107.1s] IOs:    657595049  IOPS:   312087  Throughput:  1219.1 MB/s  Total: 2508.53 GB
[ 2107.7s] IOs:    657695141  IOPS:   312049  Throughput:  1218.9 MB/s  Total: 2508.91 GB
[ 2108.5s] IOs:    657795762  IOPS:   311967  Throughput:  1218.6 MB/s  Total: 2509.29 GB
[ 2109.1s] IOs:    657896129  IOPS:   311928  Throughput:  1218.5 MB/s  Total: 2509.67 GB
[ 2109.9s] IOs:    657996817  IOPS:   311854  Throughput:  1218.2 MB/s  Total: 2510.06 GB
[ 2110.6s] IOs:    658097660  IOPS:   311813  Throughput:  1218.0 MB/s  Total: 2510.44 GB
[ 2111.1s] IOs:    658198306  IOPS:   311778  Throughput:  1217.9 MB/s  Total: 2510.83 GB
[ 2111.6s] IOs:    658298968  IOPS:   311755  Throughput:  1217.8 MB/s  Total: 2511.21 GB
[ 2112.2s] IOs:    658399583  IOPS:   311710  Throughput:  1217.6 MB/s  Total: 2511.60 GB
[ 2112.6s] IOs:    658499906  IOPS:   311709  Throughput:  1217.6 MB/s  Total: 2511.98 GB
[ 2113.4s] IOs:    658600568  IOPS:   311632  Throughput:  1217.3 MB/s  Total: 2512.36 GB
[ 2113.7s] IOs:    658701170  IOPS:   311638  Throughput:  1217.3 MB/s  Total: 2512.75 GB
[ 2114.2s] IOs:    658802144  IOPS:   311612  Throughput:  1217.2 MB/s  Total: 2513.13 GB
[ 2114.4s] IOs:    658902842  IOPS:   311623  Throughput:  1217.3 MB/s  Total: 2513.51 GB
[ 2114.9s] IOs:    659003480  IOPS:   311602  Throughput:  1217.2 MB/s  Total: 2513.90 GB
[ 2115.3s] IOs:    659103984  IOPS:   311588  Throughput:  1217.1 MB/s  Total: 2514.28 GB
[ 2116.0s] IOs:    659204915  IOPS:   311531  Throughput:  1216.9 MB/s  Total: 2514.67 GB
[ 2116.7s] IOs:    659305474  IOPS:   311480  Throughput:  1216.7 MB/s  Total: 2515.05 GB
[ 2117.3s] IOs:    659406174  IOPS:   311443  Throughput:  1216.6 MB/s  Total: 2515.43 GB
[ 2117.8s] IOs:    659506807  IOPS:   311406  Throughput:  1216.4 MB/s  Total: 2515.82 GB
[ 2118.7s] IOs:    659607324  IOPS:   311327  Throughput:  1216.1 MB/s  Total: 2516.20 GB
[ 2119.2s] IOs:    659707951  IOPS:   311301  Throughput:  1216.0 MB/s  Total: 2516.59 GB
[ 2119.8s] IOs:    659808709  IOPS:   311260  Throughput:  1215.9 MB/s  Total: 2516.97 GB
[ 2120.2s] IOs:    659909159  IOPS:   311245  Throughput:  1215.8 MB/s  Total: 2517.35 GB
[ 2120.8s] IOs:    660009963  IOPS:   311211  Throughput:  1215.7 MB/s  Total: 2517.74 GB
[ 2121.3s] IOs:    660110761  IOPS:   311185  Throughput:  1215.6 MB/s  Total: 2518.12 GB
[ 2121.7s] IOs:    660211665  IOPS:   311165  Throughput:  1215.5 MB/s  Total: 2518.51 GB
[ 2122.3s] IOs:    660312208  IOPS:   311138  Throughput:  1215.4 MB/s  Total: 2518.89 GB
[ 2122.7s] IOs:    660412826  IOPS:   311118  Throughput:  1215.3 MB/s  Total: 2519.28 GB
[ 2123.1s] IOs:    660513289  IOPS:   311106  Throughput:  1215.3 MB/s  Total: 2519.66 GB
[ 2123.5s] IOs:    660613782  IOPS:   311104  Throughput:  1215.2 MB/s  Total: 2520.04 GB
[ 2123.8s] IOs:    660714626  IOPS:   311102  Throughput:  1215.2 MB/s  Total: 2520.43 GB
[ 2124.3s] IOs:    660815140  IOPS:   311067  Throughput:  1215.1 MB/s  Total: 2520.81 GB
[ 2124.8s] IOs:    660915861  IOPS:   311055  Throughput:  1215.1 MB/s  Total: 2521.19 GB
[ 2125.1s] IOs:    661016343  IOPS:   311047  Throughput:  1215.0 MB/s  Total: 2521.58 GB
[ 2125.4s] IOs:    661116587  IOPS:   311060  Throughput:  1215.1 MB/s  Total: 2521.96 GB
[Reader] Parsed 86000000 lines, distributed 661201340 writes, unique 708.40 GB, skipped 0
[ 2126.2s] IOs:    661217350  IOPS:   310990  Throughput:  1214.8 MB/s  Total: 2522.34 GB
[ 2127.2s] IOs:    661317625  IOPS:   310889  Throughput:  1214.4 MB/s  Total: 2522.73 GB
[ 2127.9s] IOs:    661418418  IOPS:   310834  Throughput:  1214.2 MB/s  Total: 2523.11 GB
[ 2128.7s] IOs:    661519235  IOPS:   310755  Throughput:  1213.9 MB/s  Total: 2523.50 GB
[ 2129.4s] IOs:    661619855  IOPS:   310706  Throughput:  1213.7 MB/s  Total: 2523.88 GB
[ 2130.2s] IOs:    661719886  IOPS:   310632  Throughput:  1213.4 MB/s  Total: 2524.26 GB
[ 2130.8s] IOs:    661820098  IOPS:   310599  Throughput:  1213.3 MB/s  Total: 2524.64 GB
[ 2131.4s] IOs:    661921054  IOPS:   310564  Throughput:  1213.1 MB/s  Total: 2525.03 GB
[ 2131.9s] IOs:    662021673  IOPS:   310530  Throughput:  1213.0 MB/s  Total: 2525.41 GB
[ 2132.3s] IOs:    662121950  IOPS:   310522  Throughput:  1213.0 MB/s  Total: 2525.79 GB
[ 2132.9s] IOs:    662222766  IOPS:   310487  Throughput:  1212.8 MB/s  Total: 2526.18 GB
[ 2133.4s] IOs:    662323711  IOPS:   310456  Throughput:  1212.7 MB/s  Total: 2526.56 GB
[ 2133.9s] IOs:    662424356  IOPS:   310426  Throughput:  1212.6 MB/s  Total: 2526.95 GB
[ 2134.6s] IOs:    662525037  IOPS:   310373  Throughput:  1212.4 MB/s  Total: 2527.33 GB
[ 2135.1s] IOs:    662625387  IOPS:   310344  Throughput:  1212.3 MB/s  Total: 2527.72 GB
[ 2135.6s] IOs:    662726218  IOPS:   310317  Throughput:  1212.2 MB/s  Total: 2528.10 GB
[ 2136.1s] IOs:    662827084  IOPS:   310295  Throughput:  1212.1 MB/s  Total: 2528.48 GB
[ 2136.4s] IOs:    662927094  IOPS:   310301  Throughput:  1212.1 MB/s  Total: 2528.87 GB
[ 2136.9s] IOs:    663027917  IOPS:   310271  Throughput:  1212.0 MB/s  Total: 2529.25 GB
[ 2137.3s] IOs:    663128378  IOPS:   310260  Throughput:  1212.0 MB/s  Total: 2529.63 GB
[ 2137.8s] IOs:    663228754  IOPS:   310236  Throughput:  1211.9 MB/s  Total: 2530.02 GB
[ 2138.2s] IOs:    663328793  IOPS:   310228  Throughput:  1211.8 MB/s  Total: 2530.40 GB
[ 2138.7s] IOs:    663429810  IOPS:   310200  Throughput:  1211.7 MB/s  Total: 2530.78 GB
[ 2139.0s] IOs:    663530540  IOPS:   310213  Throughput:  1211.8 MB/s  Total: 2531.17 GB
[ 2139.3s] IOs:    663631416  IOPS:   310208  Throughput:  1211.7 MB/s  Total: 2531.55 GB
[ 2139.7s] IOs:    663731960  IOPS:   310192  Throughput:  1211.7 MB/s  Total: 2531.94 GB
[ 2140.0s] IOs:    663832815  IOPS:   310207  Throughput:  1211.7 MB/s  Total: 2532.32 GB
[ 2140.3s] IOs:    663933523  IOPS:   310206  Throughput:  1211.7 MB/s  Total: 2532.71 GB
[ 2140.7s] IOs:    664034177  IOPS:   310195  Throughput:  1211.7 MB/s  Total: 2533.09 GB
[ 2140.9s] IOs:    664134750  IOPS:   310208  Throughput:  1211.8 MB/s  Total: 2533.47 GB
[ 2141.3s] IOs:    664235467  IOPS:   310201  Throughput:  1211.7 MB/s  Total: 2533.86 GB
[ 2141.8s] IOs:    664336000  IOPS:   310177  Throughput:  1211.6 MB/s  Total: 2534.24 GB
[ 2142.0s] IOs:    664436823  IOPS:   310188  Throughput:  1211.7 MB/s  Total: 2534.63 GB
[ 2142.4s] IOs:    664537649  IOPS:   310182  Throughput:  1211.6 MB/s  Total: 2535.01 GB
[ 2142.7s] IOs:    664638044  IOPS:   310185  Throughput:  1211.7 MB/s  Total: 2535.39 GB
[ 2143.0s] IOs:    664738210  IOPS:   310194  Throughput:  1211.7 MB/s  Total: 2535.78 GB
[ 2143.4s] IOs:    664838890  IOPS:   310185  Throughput:  1211.7 MB/s  Total: 2536.16 GB
[ 2143.6s] IOs:    664939371  IOPS:   310199  Throughput:  1211.7 MB/s  Total: 2536.54 GB
[ 2143.9s] IOs:    665039868  IOPS:   310206  Throughput:  1211.7 MB/s  Total: 2536.93 GB
[ 2144.2s] IOs:    665140343  IOPS:   310208  Throughput:  1211.8 MB/s  Total: 2537.31 GB
[ 2144.4s] IOs:    665240675  IOPS:   310222  Throughput:  1211.8 MB/s  Total: 2537.69 GB
[ 2144.7s] IOs:    665340877  IOPS:   310224  Throughput:  1211.8 MB/s  Total: 2538.07 GB
[ 2145.0s] IOs:    665441632  IOPS:   310235  Throughput:  1211.9 MB/s  Total: 2538.46 GB
[ 2145.2s] IOs:    665542297  IOPS:   310246  Throughput:  1211.9 MB/s  Total: 2538.84 GB
[ 2145.5s] IOs:    665642702  IOPS:   310246  Throughput:  1211.9 MB/s  Total: 2539.23 GB
[ 2145.8s] IOs:    665743193  IOPS:   310258  Throughput:  1211.9 MB/s  Total: 2539.61 GB
[ 2146.2s] IOs:    665843393  IOPS:   310246  Throughput:  1211.9 MB/s  Total: 2539.99 GB
[ 2146.5s] IOs:    665944051  IOPS:   310249  Throughput:  1211.9 MB/s  Total: 2540.37 GB
[ 2146.8s] IOs:    666044495  IOPS:   310244  Throughput:  1211.9 MB/s  Total: 2540.76 GB
[ 2147.1s] IOs:    666145012  IOPS:   310255  Throughput:  1211.9 MB/s  Total: 2541.14 GB
[ 2147.4s] IOs:    666245470  IOPS:   310264  Throughput:  1212.0 MB/s  Total: 2541.52 GB
[ 2147.7s] IOs:    666346326  IOPS:   310262  Throughput:  1212.0 MB/s  Total: 2541.91 GB
[ 2147.9s] IOs:    666446981  IOPS:   310272  Throughput:  1212.0 MB/s  Total: 2542.29 GB
[ 2148.3s] IOs:    666547503  IOPS:   310270  Throughput:  1212.0 MB/s  Total: 2542.68 GB
[ 2148.5s] IOs:    666648472  IOPS:   310282  Throughput:  1212.0 MB/s  Total: 2543.06 GB
[ 2148.9s] IOs:    666749233  IOPS:   310276  Throughput:  1212.0 MB/s  Total: 2543.45 GB
[ 2149.5s] IOs:    666849997  IOPS:   310235  Throughput:  1211.9 MB/s  Total: 2543.83 GB
[ 2149.8s] IOs:    666950510  IOPS:   310240  Throughput:  1211.9 MB/s  Total: 2544.21 GB
[ 2150.2s] IOs:    667051460  IOPS:   310222  Throughput:  1211.8 MB/s  Total: 2544.60 GB
[ 2150.5s] IOs:    667152279  IOPS:   310225  Throughput:  1211.8 MB/s  Total: 2544.98 GB
[ 2150.9s] IOs:    667252909  IOPS:   310216  Throughput:  1211.8 MB/s  Total: 2545.37 GB
[ 2151.3s] IOs:    667353265  IOPS:   310208  Throughput:  1211.8 MB/s  Total: 2545.75 GB
[ 2151.6s] IOs:    667453298  IOPS:   310209  Throughput:  1211.8 MB/s  Total: 2546.13 GB
[ 2151.9s] IOs:    667554209  IOPS:   310216  Throughput:  1211.8 MB/s  Total: 2546.52 GB
[ 2152.4s] IOs:    667655205  IOPS:   310191  Throughput:  1211.7 MB/s  Total: 2546.90 GB
[ 2152.6s] IOs:    667755802  IOPS:   310202  Throughput:  1211.7 MB/s  Total: 2547.29 GB
[ 2152.9s] IOs:    667856452  IOPS:   310213  Throughput:  1211.8 MB/s  Total: 2547.67 GB
[ 2153.3s] IOs:    667956991  IOPS:   310199  Throughput:  1211.7 MB/s  Total: 2548.05 GB
[ 2153.6s] IOs:    668057844  IOPS:   310210  Throughput:  1211.8 MB/s  Total: 2548.44 GB
[ 2153.9s] IOs:    668158517  IOPS:   310208  Throughput:  1211.7 MB/s  Total: 2548.82 GB
[ 2154.2s] IOs:    668259128  IOPS:   310211  Throughput:  1211.8 MB/s  Total: 2549.21 GB
[ 2154.8s] IOs:    668359813  IOPS:   310167  Throughput:  1211.6 MB/s  Total: 2549.59 GB
[ 2155.1s] IOs:    668460117  IOPS:   310175  Throughput:  1211.6 MB/s  Total: 2549.97 GB
[ 2155.7s] IOs:    668560853  IOPS:   310138  Throughput:  1211.5 MB/s  Total: 2550.36 GB
[ 2156.2s] IOs:    668661641  IOPS:   310117  Throughput:  1211.4 MB/s  Total: 2550.74 GB
[ 2156.6s] IOs:    668762530  IOPS:   310101  Throughput:  1211.3 MB/s  Total: 2551.13 GB
[ 2157.0s] IOs:    668862956  IOPS:   310092  Throughput:  1211.3 MB/s  Total: 2551.51 GB
[ 2157.5s] IOs:    668963406  IOPS:   310060  Throughput:  1211.2 MB/s  Total: 2551.89 GB
[ 2157.9s] IOs:    669063776  IOPS:   310059  Throughput:  1211.2 MB/s  Total: 2552.28 GB
[ 2158.2s] IOs:    669164532  IOPS:   310064  Throughput:  1211.2 MB/s  Total: 2552.66 GB
[ 2158.6s] IOs:    669265154  IOPS:   310053  Throughput:  1211.1 MB/s  Total: 2553.04 GB
[ 2159.0s] IOs:    669365536  IOPS:   310030  Throughput:  1211.1 MB/s  Total: 2553.43 GB
[ 2159.3s] IOs:    669466404  IOPS:   310035  Throughput:  1211.1 MB/s  Total: 2553.81 GB
[ 2159.5s] IOs:    669567156  IOPS:   310050  Throughput:  1211.1 MB/s  Total: 2554.20 GB
[ 2160.0s] IOs:    669667776  IOPS:   310038  Throughput:  1211.1 MB/s  Total: 2554.58 GB
[ 2160.2s] IOs:    669768100  IOPS:   310054  Throughput:  1211.1 MB/s  Total: 2554.96 GB
[ 2160.5s] IOs:    669868541  IOPS:   310049  Throughput:  1211.1 MB/s  Total: 2555.35 GB
[ 2160.9s] IOs:    669969126  IOPS:   310046  Throughput:  1211.1 MB/s  Total: 2555.73 GB
[ 2161.1s] IOs:    670069839  IOPS:   310058  Throughput:  1211.2 MB/s  Total: 2556.11 GB
[ 2161.4s] IOs:    670170330  IOPS:   310059  Throughput:  1211.2 MB/s  Total: 2556.50 GB
[ 2162.0s] IOs:    670270447  IOPS:   310029  Throughput:  1211.0 MB/s  Total: 2556.88 GB
[ 2162.5s] IOs:    670371387  IOPS:   309995  Throughput:  1210.9 MB/s  Total: 2557.26 GB
[ 2163.0s] IOs:    670471989  IOPS:   309973  Throughput:  1210.8 MB/s  Total: 2557.65 GB
[ 2163.5s] IOs:    670572682  IOPS:   309951  Throughput:  1210.7 MB/s  Total: 2558.03 GB
[ 2163.8s] IOs:    670673584  IOPS:   309945  Throughput:  1210.7 MB/s  Total: 2558.42 GB
[ 2164.1s] IOs:    670774519  IOPS:   309958  Throughput:  1210.8 MB/s  Total: 2558.80 GB
[ 2164.6s] IOs:    670875041  IOPS:   309927  Throughput:  1210.7 MB/s  Total: 2559.19 GB
[ 2165.0s] IOs:    670975370  IOPS:   309919  Throughput:  1210.6 MB/s  Total: 2559.57 GB
[ 2165.4s] IOs:    671075745  IOPS:   309905  Throughput:  1210.6 MB/s  Total: 2559.95 GB
[ 2165.7s] IOs:    671176371  IOPS:   309919  Throughput:  1210.6 MB/s  Total: 2560.33 GB
[ 2166.1s] IOs:    671276977  IOPS:   309897  Throughput:  1210.5 MB/s  Total: 2560.72 GB
[ 2166.6s] IOs:    671377639  IOPS:   309879  Throughput:  1210.5 MB/s  Total: 2561.10 GB
[ 2167.0s] IOs:    671478014  IOPS:   309859  Throughput:  1210.4 MB/s  Total: 2561.49 GB
[ 2167.3s] IOs:    671578519  IOPS:   309869  Throughput:  1210.4 MB/s  Total: 2561.87 GB
[ 2167.6s] IOs:    671678833  IOPS:   309869  Throughput:  1210.4 MB/s  Total: 2562.25 GB
[ 2168.3s] IOs:    671779584  IOPS:   309825  Throughput:  1210.3 MB/s  Total: 2562.64 GB
[ 2168.5s] IOs:    671880206  IOPS:   309837  Throughput:  1210.3 MB/s  Total: 2563.02 GB
[ 2169.0s] IOs:    671980696  IOPS:   309806  Throughput:  1210.2 MB/s  Total: 2563.40 GB
[ 2169.3s] IOs:    672080944  IOPS:   309819  Throughput:  1210.2 MB/s  Total: 2563.79 GB
[ 2169.6s] IOs:    672181250  IOPS:   309812  Throughput:  1210.2 MB/s  Total: 2564.17 GB
[ 2170.4s] IOs:    672282096  IOPS:   309750  Throughput:  1210.0 MB/s  Total: 2564.55 GB
[ 2171.0s] IOs:    672382948  IOPS:   309708  Throughput:  1209.8 MB/s  Total: 2564.94 GB
[ 2171.6s] IOs:    672483588  IOPS:   309678  Throughput:  1209.7 MB/s  Total: 2565.32 GB
[ 2172.1s] IOs:    672584187  IOPS:   309648  Throughput:  1209.6 MB/s  Total: 2565.71 GB
[ 2172.6s] IOs:    672684622  IOPS:   309617  Throughput:  1209.4 MB/s  Total: 2566.09 GB
[Reader] Parsed 87000000 lines, distributed 672731213 writes, unique 713.28 GB, skipped 0
[ 2173.3s] IOs:    672785506  IOPS:   309575  Throughput:  1209.3 MB/s  Total: 2566.47 GB
[ 2173.5s] IOs:    672886349  IOPS:   309580  Throughput:  1209.3 MB/s  Total: 2566.86 GB
[ 2174.3s] IOs:    672986893  IOPS:   309519  Throughput:  1209.1 MB/s  Total: 2567.24 GB
[ 2175.0s] IOs:    673087754  IOPS:   309466  Throughput:  1208.9 MB/s  Total: 2567.63 GB
[ 2175.6s] IOs:    673188275  IOPS:   309424  Throughput:  1208.7 MB/s  Total: 2568.01 GB
[ 2176.1s] IOs:    673289047  IOPS:   309407  Throughput:  1208.6 MB/s  Total: 2568.39 GB
[ 2176.9s] IOs:    673389997  IOPS:   309331  Throughput:  1208.3 MB/s  Total: 2568.78 GB
[ 2177.5s] IOs:    673490120  IOPS:   309293  Throughput:  1208.2 MB/s  Total: 2569.16 GB
[ 2178.1s] IOs:    673590360  IOPS:   309259  Throughput:  1208.0 MB/s  Total: 2569.54 GB
[ 2178.6s] IOs:    673691069  IOPS:   309228  Throughput:  1207.9 MB/s  Total: 2569.93 GB
[ 2179.2s] IOs:    673792036  IOPS:   309191  Throughput:  1207.8 MB/s  Total: 2570.31 GB
[ 2179.5s] IOs:    673893002  IOPS:   309194  Throughput:  1207.8 MB/s  Total: 2570.70 GB
[ 2180.1s] IOs:    673993595  IOPS:   309161  Throughput:  1207.7 MB/s  Total: 2571.08 GB
[ 2180.6s] IOs:    674094203  IOPS:   309137  Throughput:  1207.6 MB/s  Total: 2571.47 GB
[ 2180.9s] IOs:    674194894  IOPS:   309131  Throughput:  1207.5 MB/s  Total: 2571.85 GB
[ 2181.3s] IOs:    674295540  IOPS:   309122  Throughput:  1207.5 MB/s  Total: 2572.23 GB
[ 2181.6s] IOs:    674396322  IOPS:   309125  Throughput:  1207.5 MB/s  Total: 2572.62 GB
[ 2182.4s] IOs:    674497315  IOPS:   309062  Throughput:  1207.3 MB/s  Total: 2573.00 GB
[ 2182.6s] IOs:    674598182  IOPS:   309074  Throughput:  1207.3 MB/s  Total: 2573.39 GB
[ 2182.9s] IOs:    674698758  IOPS:   309085  Throughput:  1207.4 MB/s  Total: 2573.77 GB
[ 2183.4s] IOs:    674798848  IOPS:   309056  Throughput:  1207.3 MB/s  Total: 2574.15 GB
[ 2183.7s] IOs:    674899125  IOPS:   309056  Throughput:  1207.2 MB/s  Total: 2574.54 GB
[ 2184.1s] IOs:    674999591  IOPS:   309047  Throughput:  1207.2 MB/s  Total: 2574.92 GB
[ 2184.4s] IOs:    675100417  IOPS:   309062  Throughput:  1207.3 MB/s  Total: 2575.30 GB
[ 2184.8s] IOs:    675200645  IOPS:   309038  Throughput:  1207.2 MB/s  Total: 2575.69 GB
[ 2185.2s] IOs:    675301367  IOPS:   309039  Throughput:  1207.2 MB/s  Total: 2576.07 GB
[ 2185.4s] IOs:    675402321  IOPS:   309048  Throughput:  1207.2 MB/s  Total: 2576.46 GB
[ 2186.7s] IOs:    675502434  IOPS:   308916  Throughput:  1206.7 MB/s  Total: 2576.84 GB
[ 2187.7s] IOs:    675603166  IOPS:   308819  Throughput:  1206.3 MB/s  Total: 2577.22 GB
[ 2188.7s] IOs:    675704041  IOPS:   308718  Throughput:  1205.9 MB/s  Total: 2577.61 GB
[ 2189.7s] IOs:    675804634  IOPS:   308624  Throughput:  1205.6 MB/s  Total: 2577.99 GB
[ 2191.1s] IOs:    675905417  IOPS:   308484  Throughput:  1205.0 MB/s  Total: 2578.37 GB
[ 2191.7s] IOs:    676006044  IOPS:   308434  Throughput:  1204.8 MB/s  Total: 2578.76 GB
[ 2192.4s] IOs:    676106895  IOPS:   308391  Throughput:  1204.7 MB/s  Total: 2579.14 GB
[ 2193.0s] IOs:    676207363  IOPS:   308350  Throughput:  1204.5 MB/s  Total: 2579.53 GB
[ 2193.8s] IOs:    676307874  IOPS:   308282  Throughput:  1204.2 MB/s  Total: 2579.91 GB
[ 2194.5s] IOs:    676408566  IOPS:   308232  Throughput:  1204.0 MB/s  Total: 2580.29 GB
[ 2194.9s] IOs:    676509316  IOPS:   308215  Throughput:  1204.0 MB/s  Total: 2580.68 GB
[ 2195.7s] IOs:    676610128  IOPS:   308155  Throughput:  1203.7 MB/s  Total: 2581.06 GB
[ 2196.3s] IOs:    676710731  IOPS:   308120  Throughput:  1203.6 MB/s  Total: 2581.45 GB
[ 2196.8s] IOs:    676811462  IOPS:   308089  Throughput:  1203.5 MB/s  Total: 2581.83 GB
[ 2197.3s] IOs:    676911964  IOPS:   308066  Throughput:  1203.4 MB/s  Total: 2582.21 GB
[ 2197.9s] IOs:    677012731  IOPS:   308034  Throughput:  1203.3 MB/s  Total: 2582.60 GB
[ 2198.3s] IOs:    677113472  IOPS:   308017  Throughput:  1203.2 MB/s  Total: 2582.98 GB
[ 2198.9s] IOs:    677213992  IOPS:   307982  Throughput:  1203.1 MB/s  Total: 2583.37 GB
[ 2199.3s] IOs:    677314446  IOPS:   307971  Throughput:  1203.0 MB/s  Total: 2583.75 GB
[ 2199.5s] IOs:    677414965  IOPS:   307980  Throughput:  1203.0 MB/s  Total: 2584.13 GB
[ 2200.1s] IOs:    677515637  IOPS:   307952  Throughput:  1202.9 MB/s  Total: 2584.52 GB
[ 2200.5s] IOs:    677616309  IOPS:   307939  Throughput:  1202.9 MB/s  Total: 2584.90 GB
[ 2200.9s] IOs:    677717054  IOPS:   307924  Throughput:  1202.8 MB/s  Total: 2585.29 GB
[ 2201.4s] IOs:    677817531  IOPS:   307903  Throughput:  1202.7 MB/s  Total: 2585.67 GB
[ 2201.7s] IOs:    677918169  IOPS:   307910  Throughput:  1202.8 MB/s  Total: 2586.05 GB
[ 2202.0s] IOs:    678018815  IOPS:   307911  Throughput:  1202.8 MB/s  Total: 2586.44 GB
[ 2202.5s] IOs:    678119457  IOPS:   307880  Throughput:  1202.7 MB/s  Total: 2586.82 GB
[ 2203.9s] IOs:    678220261  IOPS:   307743  Throughput:  1202.1 MB/s  Total: 2587.20 GB
[ 2206.9s] IOs:    678320528  IOPS:   307361  Throughput:  1200.6 MB/s  Total: 2587.59 GB
[ 2209.4s] IOs:    678420760  IOPS:   307066  Throughput:  1199.5 MB/s  Total: 2587.97 GB
[ 2211.4s] IOs:    678520959  IOPS:   306824  Throughput:  1198.5 MB/s  Total: 2588.35 GB
[ 2213.0s] IOs:    678621267  IOPS:   306651  Throughput:  1197.9 MB/s  Total: 2588.73 GB
[ 2214.5s] IOs:    678722210  IOPS:   306497  Throughput:  1197.3 MB/s  Total: 2589.12 GB
[ 2215.4s] IOs:    678822468  IOPS:   306404  Throughput:  1196.9 MB/s  Total: 2589.50 GB
[ 2215.7s] IOs:    678922933  IOPS:   306416  Throughput:  1196.9 MB/s  Total: 2589.89 GB
[ 2216.0s] IOs:    679023605  IOPS:   306425  Throughput:  1197.0 MB/s  Total: 2590.27 GB
[ 2216.2s] IOs:    679124169  IOPS:   306436  Throughput:  1197.0 MB/s  Total: 2590.65 GB
[ 2216.5s] IOs:    679224706  IOPS:   306446  Throughput:  1197.1 MB/s  Total: 2591.04 GB
[ 2216.7s] IOs:    679324905  IOPS:   306455  Throughput:  1197.1 MB/s  Total: 2591.42 GB
[ 2217.0s] IOs:    679425183  IOPS:   306466  Throughput:  1197.1 MB/s  Total: 2591.80 GB
[ 2217.3s] IOs:    679525275  IOPS:   306463  Throughput:  1197.1 MB/s  Total: 2592.18 GB
[ 2217.6s] IOs:    679625969  IOPS:   306470  Throughput:  1197.1 MB/s  Total: 2592.57 GB
[ 2217.9s] IOs:    679726577  IOPS:   306466  Throughput:  1197.1 MB/s  Total: 2592.95 GB
[ 2218.2s] IOs:    679826830  IOPS:   306479  Throughput:  1197.2 MB/s  Total: 2593.33 GB
[ 2218.5s] IOs:    679927006  IOPS:   306480  Throughput:  1197.2 MB/s  Total: 2593.72 GB
[ 2218.8s] IOs:    680027675  IOPS:   306479  Throughput:  1197.2 MB/s  Total: 2594.10 GB
[ 2219.1s] IOs:    680128641  IOPS:   306487  Throughput:  1197.2 MB/s  Total: 2594.48 GB
[ 2219.4s] IOs:    680229680  IOPS:   306492  Throughput:  1197.2 MB/s  Total: 2594.87 GB
[ 2219.7s] IOs:    680330287  IOPS:   306502  Throughput:  1197.3 MB/s  Total: 2595.25 GB
[ 2220.0s] IOs:    680430937  IOPS:   306507  Throughput:  1197.3 MB/s  Total: 2595.64 GB
[ 2220.2s] IOs:    680531193  IOPS:   306518  Throughput:  1197.3 MB/s  Total: 2596.02 GB
[ 2220.4s] IOs:    680631195  IOPS:   306532  Throughput:  1197.4 MB/s  Total: 2596.40 GB
[ 2220.7s] IOs:    680731887  IOPS:   306541  Throughput:  1197.4 MB/s  Total: 2596.79 GB
[ 2221.0s] IOs:    680832723  IOPS:   306548  Throughput:  1197.5 MB/s  Total: 2597.17 GB
[ 2221.2s] IOs:    680933045  IOPS:   306560  Throughput:  1197.5 MB/s  Total: 2597.55 GB
[ 2221.4s] IOs:    681033204  IOPS:   306572  Throughput:  1197.5 MB/s  Total: 2597.94 GB
[ 2221.7s] IOs:    681133759  IOPS:   306582  Throughput:  1197.6 MB/s  Total: 2598.32 GB
[ 2221.9s] IOs:    681234377  IOPS:   306593  Throughput:  1197.6 MB/s  Total: 2598.70 GB
[ 2222.2s] IOs:    681335320  IOPS:   306607  Throughput:  1197.7 MB/s  Total: 2599.09 GB
[ 2222.7s] IOs:    681435800  IOPS:   306575  Throughput:  1197.6 MB/s  Total: 2599.47 GB
[ 2223.0s] IOs:    681536152  IOPS:   306588  Throughput:  1197.6 MB/s  Total: 2599.85 GB
[ 2223.5s] IOs:    681636877  IOPS:   306555  Throughput:  1197.5 MB/s  Total: 2600.24 GB
[ 2223.9s] IOs:    681737292  IOPS:   306549  Throughput:  1197.5 MB/s  Total: 2600.62 GB
[ 2224.2s] IOs:    681837645  IOPS:   306559  Throughput:  1197.5 MB/s  Total: 2601.00 GB
[ 2224.6s] IOs:    681938187  IOPS:   306538  Throughput:  1197.4 MB/s  Total: 2601.39 GB
[ 2225.0s] IOs:    682038254  IOPS:   306529  Throughput:  1197.4 MB/s  Total: 2601.77 GB
[ 2225.4s] IOs:    682138808  IOPS:   306519  Throughput:  1197.3 MB/s  Total: 2602.15 GB
[ 2225.8s] IOs:    682239362  IOPS:   306508  Throughput:  1197.3 MB/s  Total: 2602.54 GB
[ 2226.1s] IOs:    682339375  IOPS:   306517  Throughput:  1197.3 MB/s  Total: 2602.92 GB
[ 2226.5s] IOs:    682439637  IOPS:   306512  Throughput:  1197.3 MB/s  Total: 2603.30 GB
[ 2226.8s] IOs:    682540263  IOPS:   306505  Throughput:  1197.3 MB/s  Total: 2603.68 GB
[ 2227.3s] IOs:    682640998  IOPS:   306489  Throughput:  1197.2 MB/s  Total: 2604.07 GB
[ 2227.5s] IOs:    682741458  IOPS:   306505  Throughput:  1197.3 MB/s  Total: 2604.45 GB
[ 2228.0s] IOs:    682842401  IOPS:   306483  Throughput:  1197.2 MB/s  Total: 2604.84 GB
[ 2228.4s] IOs:    682942544  IOPS:   306478  Throughput:  1197.2 MB/s  Total: 2605.22 GB
[ 2228.6s] IOs:    683043194  IOPS:   306487  Throughput:  1197.2 MB/s  Total: 2605.60 GB
[ 2229.0s] IOs:    683143872  IOPS:   306482  Throughput:  1197.2 MB/s  Total: 2605.99 GB
[ 2229.4s] IOs:    683244148  IOPS:   306471  Throughput:  1197.2 MB/s  Total: 2606.37 GB
[ 2229.6s] IOs:    683344672  IOPS:   306484  Throughput:  1197.2 MB/s  Total: 2606.75 GB
[ 2230.0s] IOs:    683445612  IOPS:   306484  Throughput:  1197.2 MB/s  Total: 2607.14 GB
[ 2230.2s] IOs:    683545981  IOPS:   306494  Throughput:  1197.2 MB/s  Total: 2607.52 GB
[ 2230.5s] IOs:    683646470  IOPS:   306495  Throughput:  1197.2 MB/s  Total: 2607.90 GB
[ 2230.9s] IOs:    683746731  IOPS:   306495  Throughput:  1197.2 MB/s  Total: 2608.29 GB
[ 2231.1s] IOs:    683847461  IOPS:   306509  Throughput:  1197.3 MB/s  Total: 2608.67 GB
[ 2231.8s] IOs:    683948292  IOPS:   306449  Throughput:  1197.1 MB/s  Total: 2609.06 GB
[Reader] Parsed 88000000 lines, distributed 684043897 writes, unique 717.71 GB, skipped 0
[ 2232.1s] IOs:    684049012  IOPS:   306458  Throughput:  1197.1 MB/s  Total: 2609.44 GB
[ 2232.7s] IOs:    684149637  IOPS:   306427  Throughput:  1197.0 MB/s  Total: 2609.82 GB
[ 2233.0s] IOs:    684250057  IOPS:   306422  Throughput:  1197.0 MB/s  Total: 2610.21 GB
[ 2233.5s] IOs:    684350575  IOPS:   306399  Throughput:  1196.9 MB/s  Total: 2610.59 GB
[ 2233.8s] IOs:    684451113  IOPS:   306413  Throughput:  1196.9 MB/s  Total: 2610.97 GB
[ 2234.2s] IOs:    684551780  IOPS:   306398  Throughput:  1196.9 MB/s  Total: 2611.36 GB
[ 2234.6s] IOs:    684651901  IOPS:   306383  Throughput:  1196.8 MB/s  Total: 2611.74 GB
[ 2235.0s] IOs:    684752390  IOPS:   306381  Throughput:  1196.8 MB/s  Total: 2612.12 GB
[ 2235.2s] IOs:    684853032  IOPS:   306393  Throughput:  1196.8 MB/s  Total: 2612.51 GB
[ 2236.3s] IOs:    684953719  IOPS:   306291  Throughput:  1196.4 MB/s  Total: 2612.89 GB
[ 2236.6s] IOs:    685054173  IOPS:   306293  Throughput:  1196.5 MB/s  Total: 2613.27 GB
[ 2237.5s] IOs:    685154728  IOPS:   306208  Throughput:  1196.1 MB/s  Total: 2613.66 GB
[ 2238.1s] IOs:    685255093  IOPS:   306172  Throughput:  1196.0 MB/s  Total: 2614.04 GB
[ 2238.6s] IOs:    685355534  IOPS:   306148  Throughput:  1195.9 MB/s  Total: 2614.42 GB
[ 2239.3s] IOs:    685455725  IOPS:   306109  Throughput:  1195.7 MB/s  Total: 2614.81 GB
[ 2240.2s] IOs:    685555872  IOPS:   306020  Throughput:  1195.4 MB/s  Total: 2615.19 GB
[ 2240.5s] IOs:    685656118  IOPS:   306032  Throughput:  1195.4 MB/s  Total: 2615.57 GB
[ 2240.8s] IOs:    685756583  IOPS:   306034  Throughput:  1195.4 MB/s  Total: 2615.95 GB
[ 2241.1s] IOs:    685857299  IOPS:   306032  Throughput:  1195.4 MB/s  Total: 2616.34 GB
[ 2241.4s] IOs:    685957960  IOPS:   306046  Throughput:  1195.5 MB/s  Total: 2616.72 GB
[ 2241.8s] IOs:    686058541  IOPS:   306031  Throughput:  1195.4 MB/s  Total: 2617.11 GB
[ 2242.1s] IOs:    686159034  IOPS:   306034  Throughput:  1195.4 MB/s  Total: 2617.49 GB
[ 2242.4s] IOs:    686259635  IOPS:   306042  Throughput:  1195.5 MB/s  Total: 2617.87 GB
[ 2242.8s] IOs:    686360276  IOPS:   306035  Throughput:  1195.4 MB/s  Total: 2618.26 GB
[ 2243.0s] IOs:    686460765  IOPS:   306041  Throughput:  1195.5 MB/s  Total: 2618.64 GB
[ 2243.3s] IOs:    686561519  IOPS:   306053  Throughput:  1195.5 MB/s  Total: 2619.02 GB
[ 2243.6s] IOs:    686662022  IOPS:   306055  Throughput:  1195.5 MB/s  Total: 2619.41 GB
[ 2243.8s] IOs:    686762397  IOPS:   306069  Throughput:  1195.6 MB/s  Total: 2619.79 GB
[ 2244.1s] IOs:    686862789  IOPS:   306072  Throughput:  1195.6 MB/s  Total: 2620.17 GB
[ 2244.4s] IOs:    686963338  IOPS:   306084  Throughput:  1195.6 MB/s  Total: 2620.56 GB
[ 2244.6s] IOs:    687064028  IOPS:   306092  Throughput:  1195.7 MB/s  Total: 2620.94 GB
[ 2245.4s] IOs:    687164099  IOPS:   306036  Throughput:  1195.5 MB/s  Total: 2621.32 GB
[ 2245.7s] IOs:    687264334  IOPS:   306038  Throughput:  1195.5 MB/s  Total: 2621.71 GB
[ 2246.0s] IOs:    687364603  IOPS:   306036  Throughput:  1195.5 MB/s  Total: 2622.09 GB
[ 2246.3s] IOs:    687465035  IOPS:   306050  Throughput:  1195.5 MB/s  Total: 2622.47 GB
[ 2246.8s] IOs:    687565748  IOPS:   306022  Throughput:  1195.4 MB/s  Total: 2622.86 GB
[ 2247.1s] IOs:    687666418  IOPS:   306023  Throughput:  1195.4 MB/s  Total: 2623.24 GB
[ 2247.6s] IOs:    687766794  IOPS:   306006  Throughput:  1195.3 MB/s  Total: 2623.62 GB
[ 2247.9s] IOs:    687867273  IOPS:   306004  Throughput:  1195.3 MB/s  Total: 2624.01 GB
[ 2248.1s] IOs:    687967891  IOPS:   306017  Throughput:  1195.4 MB/s  Total: 2624.39 GB
[ 2248.4s] IOs:    688068596  IOPS:   306030  Throughput:  1195.4 MB/s  Total: 2624.77 GB
[ 2248.8s] IOs:    688169063  IOPS:   306018  Throughput:  1195.4 MB/s  Total: 2625.16 GB
[ 2249.1s] IOs:    688269462  IOPS:   306021  Throughput:  1195.4 MB/s  Total: 2625.54 GB
[ 2249.4s] IOs:    688369672  IOPS:   306028  Throughput:  1195.4 MB/s  Total: 2625.92 GB
[ 2249.7s] IOs:    688470400  IOPS:   306032  Throughput:  1195.4 MB/s  Total: 2626.31 GB
[ 2250.0s] IOs:    688571354  IOPS:   306036  Throughput:  1195.5 MB/s  Total: 2626.69 GB
[ 2250.2s] IOs:    688672277  IOPS:   306047  Throughput:  1195.5 MB/s  Total: 2627.08 GB
[ 2250.5s] IOs:    688772606  IOPS:   306059  Throughput:  1195.5 MB/s  Total: 2627.46 GB
[ 2250.7s] IOs:    688872815  IOPS:   306065  Throughput:  1195.6 MB/s  Total: 2627.84 GB
[ 2251.2s] IOs:    688973354  IOPS:   306046  Throughput:  1195.5 MB/s  Total: 2628.22 GB
[ 2251.5s] IOs:    689073590  IOPS:   306047  Throughput:  1195.5 MB/s  Total: 2628.61 GB
[ 2251.8s] IOs:    689174385  IOPS:   306056  Throughput:  1195.5 MB/s  Total: 2628.99 GB
[ 2252.3s] IOs:    689275030  IOPS:   306038  Throughput:  1195.5 MB/s  Total: 2629.38 GB
[ 2252.7s] IOs:    689375889  IOPS:   306025  Throughput:  1195.4 MB/s  Total: 2629.76 GB
[ 2253.2s] IOs:    689476678  IOPS:   306001  Throughput:  1195.3 MB/s  Total: 2630.14 GB
[ 2253.5s] IOs:    689577202  IOPS:   306000  Throughput:  1195.3 MB/s  Total: 2630.53 GB
[ 2253.7s] IOs:    689677902  IOPS:   306016  Throughput:  1195.4 MB/s  Total: 2630.91 GB
[ 2254.4s] IOs:    689778341  IOPS:   305968  Throughput:  1195.2 MB/s  Total: 2631.30 GB
[ 2254.6s] IOs:    689878445  IOPS:   305981  Throughput:  1195.2 MB/s  Total: 2631.68 GB
[ 2255.3s] IOs:    689979049  IOPS:   305936  Throughput:  1195.1 MB/s  Total: 2632.06 GB
[ 2255.6s] IOs:    690079914  IOPS:   305942  Throughput:  1195.1 MB/s  Total: 2632.45 GB
[ 2256.1s] IOs:    690180539  IOPS:   305915  Throughput:  1195.0 MB/s  Total: 2632.83 GB
[ 2256.4s] IOs:    690281171  IOPS:   305916  Throughput:  1195.0 MB/s  Total: 2633.21 GB
[ 2256.7s] IOs:    690381303  IOPS:   305924  Throughput:  1195.0 MB/s  Total: 2633.60 GB
[ 2257.2s] IOs:    690481887  IOPS:   305906  Throughput:  1194.9 MB/s  Total: 2633.98 GB
[ 2257.6s] IOs:    690582626  IOPS:   305899  Throughput:  1194.9 MB/s  Total: 2634.36 GB
[ 2257.9s] IOs:    690683531  IOPS:   305903  Throughput:  1194.9 MB/s  Total: 2634.75 GB
[ 2258.4s] IOs:    690784335  IOPS:   305872  Throughput:  1194.8 MB/s  Total: 2635.13 GB
[ 2258.7s] IOs:    690885320  IOPS:   305881  Throughput:  1194.8 MB/s  Total: 2635.52 GB
[ 2259.1s] IOs:    690985777  IOPS:   305873  Throughput:  1194.8 MB/s  Total: 2635.90 GB
[ 2259.3s] IOs:    691086521  IOPS:   305879  Throughput:  1194.8 MB/s  Total: 2636.29 GB
[ 2259.7s] IOs:    691187308  IOPS:   305872  Throughput:  1194.8 MB/s  Total: 2636.67 GB
[ 2260.1s] IOs:    691287920  IOPS:   305870  Throughput:  1194.8 MB/s  Total: 2637.05 GB
[ 2260.3s] IOs:    691388282  IOPS:   305884  Throughput:  1194.9 MB/s  Total: 2637.44 GB
[ 2260.7s] IOs:    691488655  IOPS:   305879  Throughput:  1194.8 MB/s  Total: 2637.82 GB
[ 2260.9s] IOs:    691589229  IOPS:   305892  Throughput:  1194.9 MB/s  Total: 2638.20 GB
[ 2261.3s] IOs:    691689972  IOPS:   305887  Throughput:  1194.9 MB/s  Total: 2638.59 GB
[ 2261.6s] IOs:    691790698  IOPS:   305885  Throughput:  1194.9 MB/s  Total: 2638.97 GB
[ 2261.8s] IOs:    691891156  IOPS:   305898  Throughput:  1194.9 MB/s  Total: 2639.36 GB
[ 2262.1s] IOs:    691991547  IOPS:   305905  Throughput:  1194.9 MB/s  Total: 2639.74 GB
[ 2262.4s] IOs:    692091868  IOPS:   305916  Throughput:  1195.0 MB/s  Total: 2640.12 GB
[ 2262.6s] IOs:    692192338  IOPS:   305924  Throughput:  1195.0 MB/s  Total: 2640.50 GB
[ 2263.0s] IOs:    692292969  IOPS:   305921  Throughput:  1195.0 MB/s  Total: 2640.89 GB
[ 2263.2s] IOs:    692393176  IOPS:   305933  Throughput:  1195.1 MB/s  Total: 2641.27 GB
[ 2263.5s] IOs:    692493915  IOPS:   305936  Throughput:  1195.1 MB/s  Total: 2641.65 GB
[ 2263.7s] IOs:    692594911  IOPS:   305951  Throughput:  1195.1 MB/s  Total: 2642.04 GB
[ 2264.1s] IOs:    692694946  IOPS:   305953  Throughput:  1195.1 MB/s  Total: 2642.42 GB
[ 2264.3s] IOs:    692795610  IOPS:   305968  Throughput:  1195.2 MB/s  Total: 2642.81 GB
[ 2264.6s] IOs:    692896041  IOPS:   305972  Throughput:  1195.2 MB/s  Total: 2643.19 GB
[ 2264.8s] IOs:    692996865  IOPS:   305986  Throughput:  1195.3 MB/s  Total: 2643.57 GB
[ 2265.1s] IOs:    693097469  IOPS:   305995  Throughput:  1195.3 MB/s  Total: 2643.96 GB
[ 2265.3s] IOs:    693198146  IOPS:   306003  Throughput:  1195.3 MB/s  Total: 2644.34 GB
[ 2265.5s] IOs:    693298885  IOPS:   306019  Throughput:  1195.4 MB/s  Total: 2644.73 GB
[ 2266.1s] IOs:    693399392  IOPS:   305984  Throughput:  1195.2 MB/s  Total: 2645.11 GB
[ 2266.7s] IOs:    693499457  IOPS:   305946  Throughput:  1195.1 MB/s  Total: 2645.49 GB
[ 2267.2s] IOs:    693600196  IOPS:   305925  Throughput:  1195.0 MB/s  Total: 2645.87 GB
[ 2268.1s] IOs:    693701056  IOPS:   305855  Throughput:  1194.7 MB/s  Total: 2646.26 GB
[ 2268.6s] IOs:    693801083  IOPS:   305823  Throughput:  1194.6 MB/s  Total: 2646.64 GB
[ 2269.1s] IOs:    693901822  IOPS:   305799  Throughput:  1194.5 MB/s  Total: 2647.03 GB
[ 2269.9s] IOs:    694002228  IOPS:   305738  Throughput:  1194.3 MB/s  Total: 2647.41 GB
[ 2270.2s] IOs:    694103033  IOPS:   305742  Throughput:  1194.3 MB/s  Total: 2647.79 GB
[ 2270.8s] IOs:    694203932  IOPS:   305711  Throughput:  1194.2 MB/s  Total: 2648.18 GB
[Reader] Parsed 89000000 lines, distributed 694270111 writes, unique 720.00 GB, skipped 320441
[ 2271.3s] IOs:    694304628  IOPS:   305685  Throughput:  1194.1 MB/s  Total: 2648.56 GB
[ 2271.8s] IOs:    694404883  IOPS:   305665  Throughput:  1194.0 MB/s  Total: 2648.94 GB
[ 2272.0s] IOs:    694505429  IOPS:   305677  Throughput:  1194.0 MB/s  Total: 2649.33 GB
[ 2272.3s] IOs:    694605822  IOPS:   305687  Throughput:  1194.1 MB/s  Total: 2649.71 GB
[ 2272.5s] IOs:    694706225  IOPS:   305699  Throughput:  1194.1 MB/s  Total: 2650.09 GB
[ 2272.8s] IOs:    694806868  IOPS:   305704  Throughput:  1194.2 MB/s  Total: 2650.48 GB
[ 2273.0s] IOs:    694907501  IOPS:   305717  Throughput:  1194.2 MB/s  Total: 2650.86 GB
[ 2273.3s] IOs:    695008085  IOPS:   305725  Throughput:  1194.2 MB/s  Total: 2651.25 GB
[ 2273.6s] IOs:    695108405  IOPS:   305733  Throughput:  1194.3 MB/s  Total: 2651.63 GB
[ 2273.9s] IOs:    695208839  IOPS:   305739  Throughput:  1194.3 MB/s  Total: 2652.01 GB
[ 2274.1s] IOs:    695309283  IOPS:   305755  Throughput:  1194.4 MB/s  Total: 2652.39 GB
[ 2274.3s] IOs:    695409923  IOPS:   305767  Throughput:  1194.4 MB/s  Total: 2652.78 GB
[ 2274.6s] IOs:    695510446  IOPS:   305768  Throughput:  1194.4 MB/s  Total: 2653.16 GB
[ 2274.9s] IOs:    695610968  IOPS:   305781  Throughput:  1194.5 MB/s  Total: 2653.55 GB
[ 2275.2s] IOs:    695711042  IOPS:   305781  Throughput:  1194.5 MB/s  Total: 2653.93 GB
[ 2275.4s] IOs:    695811736  IOPS:   305796  Throughput:  1194.5 MB/s  Total: 2654.31 GB
[ 2275.7s] IOs:    695912243  IOPS:   305804  Throughput:  1194.5 MB/s  Total: 2654.69 GB
[ 2275.9s] IOs:    696012993  IOPS:   305819  Throughput:  1194.6 MB/s  Total: 2655.08 GB
[ 2276.4s] IOs:    696113245  IOPS:   305794  Throughput:  1194.5 MB/s  Total: 2655.46 GB
[ 2276.7s] IOs:    696213729  IOPS:   305806  Throughput:  1194.6 MB/s  Total: 2655.84 GB
[ 2276.9s] IOs:    696314398  IOPS:   305813  Throughput:  1194.6 MB/s  Total: 2656.23 GB
[ 2277.2s] IOs:    696415120  IOPS:   305824  Throughput:  1194.6 MB/s  Total: 2656.61 GB
[ 2277.4s] IOs:    696515903  IOPS:   305836  Throughput:  1194.7 MB/s  Total: 2657.00 GB
[ 2277.6s] IOs:    696616458  IOPS:   305849  Throughput:  1194.7 MB/s  Total: 2657.38 GB
[ 2277.9s] IOs:    696716951  IOPS:   305861  Throughput:  1194.8 MB/s  Total: 2657.76 GB
[ 2278.2s] IOs:    696817058  IOPS:   305868  Throughput:  1194.8 MB/s  Total: 2658.15 GB
[ 2278.4s] IOs:    696917659  IOPS:   305882  Throughput:  1194.9 MB/s  Total: 2658.53 GB
[ 2278.7s] IOs:    697018046  IOPS:   305885  Throughput:  1194.9 MB/s  Total: 2658.91 GB
[ 2278.9s] IOs:    697118209  IOPS:   305897  Throughput:  1194.9 MB/s  Total: 2659.29 GB
[ 2279.2s] IOs:    697218540  IOPS:   305899  Throughput:  1194.9 MB/s  Total: 2659.68 GB
[ 2279.5s] IOs:    697319020  IOPS:   305911  Throughput:  1195.0 MB/s  Total: 2660.06 GB
[ 2279.7s] IOs:    697419517  IOPS:   305924  Throughput:  1195.0 MB/s  Total: 2660.44 GB
[ 2279.9s] IOs:    697519883  IOPS:   305938  Throughput:  1195.1 MB/s  Total: 2660.83 GB
[ 2280.2s] IOs:    697620273  IOPS:   305950  Throughput:  1195.1 MB/s  Total: 2661.21 GB
[ 2280.4s] IOs:    697720843  IOPS:   305962  Throughput:  1195.2 MB/s  Total: 2661.59 GB
[ 2280.6s] IOs:    697821211  IOPS:   305977  Throughput:  1195.2 MB/s  Total: 2661.98 GB
[ 2280.9s] IOs:    697921590  IOPS:   305980  Throughput:  1195.2 MB/s  Total: 2662.36 GB
[ 2281.2s] IOs:    698021915  IOPS:   305994  Throughput:  1195.3 MB/s  Total: 2662.74 GB
[ 2281.4s] IOs:    698122627  IOPS:   306008  Throughput:  1195.3 MB/s  Total: 2663.13 GB
[ 2281.7s] IOs:    698223480  IOPS:   306016  Throughput:  1195.4 MB/s  Total: 2663.51 GB
[ 2281.9s] IOs:    698324090  IOPS:   306025  Throughput:  1195.4 MB/s  Total: 2663.89 GB
[ 2282.1s] IOs:    698424728  IOPS:   306038  Throughput:  1195.5 MB/s  Total: 2664.28 GB
[ 2282.4s] IOs:    698525174  IOPS:   306049  Throughput:  1195.5 MB/s  Total: 2664.66 GB
[ 2283.2s] IOs:    698625751  IOPS:   305989  Throughput:  1195.3 MB/s  Total: 2665.05 GB
[ 2287.1s] IOs:    698726025  IOPS:   305502  Throughput:  1193.4 MB/s  Total: 2665.43 GB
[ 2289.1s] IOs:    698827016  IOPS:   305282  Throughput:  1192.5 MB/s  Total: 2665.81 GB
[ 2289.4s] IOs:    698927449  IOPS:   305289  Throughput:  1192.5 MB/s  Total: 2666.20 GB
[ 2289.7s] IOs:    699028134  IOPS:   305299  Throughput:  1192.6 MB/s  Total: 2666.58 GB
[ 2289.9s] IOs:    699128679  IOPS:   305310  Throughput:  1192.6 MB/s  Total: 2666.96 GB
[ 2290.2s] IOs:    699229063  IOPS:   305320  Throughput:  1192.7 MB/s  Total: 2667.35 GB
[ 2290.4s] IOs:    699329390  IOPS:   305332  Throughput:  1192.7 MB/s  Total: 2667.73 GB
[ 2290.7s] IOs:    699429635  IOPS:   305334  Throughput:  1192.7 MB/s  Total: 2668.11 GB
[ 2290.9s] IOs:    699530003  IOPS:   305346  Throughput:  1192.8 MB/s  Total: 2668.50 GB
[ 2291.2s] IOs:    699630612  IOPS:   305358  Throughput:  1192.8 MB/s  Total: 2668.88 GB
[ 2291.4s] IOs:    699731291  IOPS:   305371  Throughput:  1192.9 MB/s  Total: 2669.26 GB
[ 2291.6s] IOs:    699831659  IOPS:   305384  Throughput:  1192.9 MB/s  Total: 2669.65 GB
[ 2291.9s] IOs:    699931983  IOPS:   305390  Throughput:  1192.9 MB/s  Total: 2670.03 GB
[ 2292.2s] IOs:    700032532  IOPS:   305404  Throughput:  1193.0 MB/s  Total: 2670.41 GB
[ 2292.4s] IOs:    700133126  IOPS:   305417  Throughput:  1193.0 MB/s  Total: 2670.80 GB
[ 2292.7s] IOs:    700233974  IOPS:   305419  Throughput:  1193.0 MB/s  Total: 2671.18 GB
[ 2292.9s] IOs:    700334344  IOPS:   305432  Throughput:  1193.1 MB/s  Total: 2671.56 GB
[ 2293.2s] IOs:    700434709  IOPS:   305439  Throughput:  1193.1 MB/s  Total: 2671.95 GB
[ 2293.4s] IOs:    700535394  IOPS:   305452  Throughput:  1193.2 MB/s  Total: 2672.33 GB
[ 2293.8s] IOs:    700636018  IOPS:   305451  Throughput:  1193.2 MB/s  Total: 2672.71 GB
[ 2294.0s] IOs:    700736636  IOPS:   305460  Throughput:  1193.2 MB/s  Total: 2673.10 GB
[ 2294.3s] IOs:    700836669  IOPS:   305473  Throughput:  1193.3 MB/s  Total: 2673.48 GB
[ 2294.5s] IOs:    700936980  IOPS:   305484  Throughput:  1193.3 MB/s  Total: 2673.86 GB
[ 2294.8s] IOs:    701037577  IOPS:   305489  Throughput:  1193.3 MB/s  Total: 2674.25 GB
[ 2295.1s] IOs:    701138126  IOPS:   305500  Throughput:  1193.4 MB/s  Total: 2674.63 GB
[ 2295.4s] IOs:    701238925  IOPS:   305503  Throughput:  1193.4 MB/s  Total: 2675.01 GB
[ 2295.6s] IOs:    701339374  IOPS:   305516  Throughput:  1193.4 MB/s  Total: 2675.40 GB
[ 2295.8s] IOs:    701439729  IOPS:   305529  Throughput:  1193.5 MB/s  Total: 2675.78 GB
[ 2296.1s] IOs:    701540124  IOPS:   305541  Throughput:  1193.5 MB/s  Total: 2676.16 GB
[ 2296.6s] IOs:    701640657  IOPS:   305515  Throughput:  1193.4 MB/s  Total: 2676.55 GB
[ 2297.3s] IOs:    701741579  IOPS:   305470  Throughput:  1193.2 MB/s  Total: 2676.93 GB
[ 2297.8s] IOs:    701842015  IOPS:   305442  Throughput:  1193.1 MB/s  Total: 2677.31 GB
[ 2298.4s] IOs:    701942602  IOPS:   305409  Throughput:  1193.0 MB/s  Total: 2677.70 GB
[ 2298.8s] IOs:    702043064  IOPS:   305401  Throughput:  1193.0 MB/s  Total: 2678.08 GB
[ 2299.3s] IOs:    702143181  IOPS:   305367  Throughput:  1192.8 MB/s  Total: 2678.46 GB
[ 2299.8s] IOs:    702243807  IOPS:   305356  Throughput:  1192.8 MB/s  Total: 2678.85 GB
[ 2300.2s] IOs:    702344330  IOPS:   305335  Throughput:  1192.7 MB/s  Total: 2679.23 GB
[ 2300.5s] IOs:    702444655  IOPS:   305347  Throughput:  1192.8 MB/s  Total: 2679.61 GB
[ 2300.9s] IOs:    702544934  IOPS:   305333  Throughput:  1192.7 MB/s  Total: 2680.00 GB
[ 2301.4s] IOs:    702645698  IOPS:   305312  Throughput:  1192.6 MB/s  Total: 2680.38 GB
[ 2301.9s] IOs:    702746578  IOPS:   305295  Throughput:  1192.6 MB/s  Total: 2680.77 GB
[ 2302.4s] IOs:    702847442  IOPS:   305267  Throughput:  1192.4 MB/s  Total: 2681.15 GB
[ 2302.7s] IOs:    702947822  IOPS:   305266  Throughput:  1192.4 MB/s  Total: 2681.53 GB
[ 2303.2s] IOs:    703048266  IOPS:   305248  Throughput:  1192.4 MB/s  Total: 2681.92 GB
[ 2303.4s] IOs:    703148992  IOPS:   305261  Throughput:  1192.4 MB/s  Total: 2682.30 GB
[ 2303.9s] IOs:    703249943  IOPS:   305245  Throughput:  1192.4 MB/s  Total: 2682.69 GB
[ 2304.3s] IOs:    703350817  IOPS:   305228  Throughput:  1192.3 MB/s  Total: 2683.07 GB
[ 2304.7s] IOs:    703451191  IOPS:   305227  Throughput:  1192.3 MB/s  Total: 2683.45 GB
[ 2304.9s] IOs:    703551389  IOPS:   305240  Throughput:  1192.3 MB/s  Total: 2683.84 GB
[ 2305.6s] IOs:    703652242  IOPS:   305188  Throughput:  1192.1 MB/s  Total: 2684.22 GB
[ 2306.2s] IOs:    703753210  IOPS:   305155  Throughput:  1192.0 MB/s  Total: 2684.61 GB
[Reader] Parsed 90000000 lines, distributed 703774165 writes, unique 720.00 GB, skipped 2367162
[ 2306.8s] IOs:    703854037  IOPS:   305126  Throughput:  1191.9 MB/s  Total: 2684.99 GB
[ 2307.3s] IOs:    703954829  IOPS:   305102  Throughput:  1191.8 MB/s  Total: 2685.37 GB
[ 2307.8s] IOs:    704055620  IOPS:   305074  Throughput:  1191.7 MB/s  Total: 2685.76 GB
[ 2308.4s] IOs:    704156052  IOPS:   305046  Throughput:  1191.6 MB/s  Total: 2686.14 GB
[ 2308.8s] IOs:    704257095  IOPS:   305031  Throughput:  1191.5 MB/s  Total: 2686.53 GB
[ 2309.3s] IOs:    704358051  IOPS:   305004  Throughput:  1191.4 MB/s  Total: 2686.91 GB
[ 2309.7s] IOs:    704458532  IOPS:   304998  Throughput:  1191.4 MB/s  Total: 2687.30 GB
[ 2310.2s] IOs:    704558827  IOPS:   304976  Throughput:  1191.3 MB/s  Total: 2687.68 GB
[ 2310.4s] IOs:    704659217  IOPS:   304988  Throughput:  1191.4 MB/s  Total: 2688.06 GB
[ 2311.0s] IOs:    704760171  IOPS:   304965  Throughput:  1191.3 MB/s  Total: 2688.45 GB
[ 2311.3s] IOs:    704861085  IOPS:   304963  Throughput:  1191.3 MB/s  Total: 2688.83 GB
[ 2311.8s] IOs:    704961846  IOPS:   304943  Throughput:  1191.2 MB/s  Total: 2689.22 GB
[ 2312.2s] IOs:    705062222  IOPS:   304930  Throughput:  1191.1 MB/s  Total: 2689.60 GB
[ 2312.7s] IOs:    705163096  IOPS:   304910  Throughput:  1191.1 MB/s  Total: 2689.98 GB
[ 2313.2s] IOs:    705263513  IOPS:   304882  Throughput:  1190.9 MB/s  Total: 2690.37 GB
[ 2313.7s] IOs:    705364188  IOPS:   304866  Throughput:  1190.9 MB/s  Total: 2690.75 GB
[ 2313.9s] IOs:    705464886  IOPS:   304878  Throughput:  1190.9 MB/s  Total: 2691.13 GB
[ 2314.5s] IOs:    705565494  IOPS:   304848  Throughput:  1190.8 MB/s  Total: 2691.52 GB
[ 2314.8s] IOs:    705666075  IOPS:   304844  Throughput:  1190.8 MB/s  Total: 2691.90 GB
[ 2315.3s] IOs:    705766968  IOPS:   304825  Throughput:  1190.7 MB/s  Total: 2692.29 GB
[ 2315.7s] IOs:    705867578  IOPS:   304819  Throughput:  1190.7 MB/s  Total: 2692.67 GB
[ 2315.9s] IOs:    705968369  IOPS:   304832  Throughput:  1190.7 MB/s  Total: 2693.06 GB
[ 2316.6s] IOs:    706069049  IOPS:   304785  Throughput:  1190.6 MB/s  Total: 2693.44 GB
[ 2316.9s] IOs:    706169373  IOPS:   304795  Throughput:  1190.6 MB/s  Total: 2693.82 GB
[ 2317.4s] IOs:    706270205  IOPS:   304765  Throughput:  1190.5 MB/s  Total: 2694.21 GB
[ 2318.0s] IOs:    706371061  IOPS:   304735  Throughput:  1190.4 MB/s  Total: 2694.59 GB
[ 2318.4s] IOs:    706471909  IOPS:   304725  Throughput:  1190.3 MB/s  Total: 2694.98 GB
[ 2318.9s] IOs:    706572530  IOPS:   304697  Throughput:  1190.2 MB/s  Total: 2695.36 GB
[ 2319.4s] IOs:    706673080  IOPS:   304682  Throughput:  1190.2 MB/s  Total: 2695.74 GB
[ 2319.9s] IOs:    706773356  IOPS:   304663  Throughput:  1190.1 MB/s  Total: 2696.13 GB
[ 2320.4s] IOs:    706874096  IOPS:   304641  Throughput:  1190.0 MB/s  Total: 2696.51 GB
[ 2320.7s] IOs:    706974937  IOPS:   304636  Throughput:  1190.0 MB/s  Total: 2696.90 GB
[ 2320.9s] IOs:    707075662  IOPS:   304650  Throughput:  1190.0 MB/s  Total: 2697.28 GB
[ 2321.5s] IOs:    707176418  IOPS:   304619  Throughput:  1189.9 MB/s  Total: 2697.66 GB
[ 2321.8s] IOs:    707277015  IOPS:   304623  Throughput:  1189.9 MB/s  Total: 2698.05 GB
[ 2322.3s] IOs:    707377885  IOPS:   304605  Throughput:  1189.9 MB/s  Total: 2698.43 GB
[ 2322.5s] IOs:    707478758  IOPS:   304616  Throughput:  1189.9 MB/s  Total: 2698.82 GB
[ 2322.8s] IOs:    707579352  IOPS:   304621  Throughput:  1189.9 MB/s  Total: 2699.20 GB
[ 2323.2s] IOs:    707680344  IOPS:   304616  Throughput:  1189.9 MB/s  Total: 2699.59 GB
[ 2323.4s] IOs:    707780531  IOPS:   304629  Throughput:  1190.0 MB/s  Total: 2699.97 GB
[ 2323.8s] IOs:    707881503  IOPS:   304624  Throughput:  1189.9 MB/s  Total: 2700.35 GB
[ 2324.0s] IOs:    707982266  IOPS:   304636  Throughput:  1190.0 MB/s  Total: 2700.74 GB
[ 2324.4s] IOs:    708082972  IOPS:   304631  Throughput:  1190.0 MB/s  Total: 2701.12 GB
[ 2324.7s] IOs:    708183370  IOPS:   304633  Throughput:  1190.0 MB/s  Total: 2701.51 GB
[ 2325.0s] IOs:    708283623  IOPS:   304634  Throughput:  1190.0 MB/s  Total: 2701.89 GB
[ 2325.3s] IOs:    708384377  IOPS:   304643  Throughput:  1190.0 MB/s  Total: 2702.27 GB
[ 2325.5s] IOs:    708485156  IOPS:   304653  Throughput:  1190.1 MB/s  Total: 2702.66 GB
[ 2325.9s] IOs:    708586144  IOPS:   304654  Throughput:  1190.1 MB/s  Total: 2703.04 GB
[ 2326.1s] IOs:    708686551  IOPS:   304667  Throughput:  1190.1 MB/s  Total: 2703.42 GB
[ 2326.5s] IOs:    708786840  IOPS:   304655  Throughput:  1190.1 MB/s  Total: 2703.81 GB
[ 2326.7s] IOs:    708887087  IOPS:   304669  Throughput:  1190.1 MB/s  Total: 2704.19 GB
[ 2327.0s] IOs:    708987682  IOPS:   304683  Throughput:  1190.2 MB/s  Total: 2704.57 GB
[ 2327.3s] IOs:    709088203  IOPS:   304679  Throughput:  1190.2 MB/s  Total: 2704.96 GB
[ 2327.6s] IOs:    709188437  IOPS:   304689  Throughput:  1190.2 MB/s  Total: 2705.34 GB
[ 2327.9s] IOs:    709289195  IOPS:   304685  Throughput:  1190.2 MB/s  Total: 2705.72 GB
[ 2328.2s] IOs:    709389572  IOPS:   304695  Throughput:  1190.2 MB/s  Total: 2706.11 GB
[ 2328.4s] IOs:    709490369  IOPS:   304707  Throughput:  1190.3 MB/s  Total: 2706.49 GB
[ 2328.8s] IOs:    709590895  IOPS:   304708  Throughput:  1190.3 MB/s  Total: 2706.87 GB
[ 2329.0s] IOs:    709691745  IOPS:   304725  Throughput:  1190.3 MB/s  Total: 2707.26 GB
[ 2329.3s] IOs:    709792291  IOPS:   304724  Throughput:  1190.3 MB/s  Total: 2707.64 GB
[ 2329.5s] IOs:    709892503  IOPS:   304738  Throughput:  1190.4 MB/s  Total: 2708.02 GB
[ 2329.8s] IOs:    709992935  IOPS:   304743  Throughput:  1190.4 MB/s  Total: 2708.41 GB
[ 2330.5s] IOs:    710093631  IOPS:   304698  Throughput:  1190.2 MB/s  Total: 2708.79 GB
[ 2331.0s] IOs:    710194519  IOPS:   304677  Throughput:  1190.1 MB/s  Total: 2709.18 GB
[ 2331.4s] IOs:    710295080  IOPS:   304661  Throughput:  1190.1 MB/s  Total: 2709.56 GB
[ 2331.9s] IOs:    710395561  IOPS:   304642  Throughput:  1190.0 MB/s  Total: 2709.94 GB
[ 2332.1s] IOs:    710495874  IOPS:   304653  Throughput:  1190.1 MB/s  Total: 2710.33 GB
[ 2332.5s] IOs:    710596273  IOPS:   304650  Throughput:  1190.0 MB/s  Total: 2710.71 GB
[ 2333.1s] IOs:    710697113  IOPS:   304617  Throughput:  1189.9 MB/s  Total: 2711.09 GB
[ 2333.4s] IOs:    710797284  IOPS:   304621  Throughput:  1189.9 MB/s  Total: 2711.48 GB
[ 2333.9s] IOs:    710897791  IOPS:   304602  Throughput:  1189.9 MB/s  Total: 2711.86 GB
[ 2334.2s] IOs:    710998520  IOPS:   304606  Throughput:  1189.9 MB/s  Total: 2712.24 GB
[ 2334.5s] IOs:    711099278  IOPS:   304610  Throughput:  1189.9 MB/s  Total: 2712.63 GB
[ 2335.0s] IOs:    711200183  IOPS:   304576  Throughput:  1189.8 MB/s  Total: 2713.01 GB
[ 2335.3s] IOs:    711300383  IOPS:   304584  Throughput:  1189.8 MB/s  Total: 2713.40 GB
[ 2335.6s] IOs:    711400809  IOPS:   304596  Throughput:  1189.8 MB/s  Total: 2713.78 GB
[ 2336.0s] IOs:    711501009  IOPS:   304575  Throughput:  1189.7 MB/s  Total: 2714.16 GB
[ 2336.3s] IOs:    711601732  IOPS:   304579  Throughput:  1189.8 MB/s  Total: 2714.55 GB
[ 2336.6s] IOs:    711702564  IOPS:   304593  Throughput:  1189.8 MB/s  Total: 2714.93 GB
[ 2337.0s] IOs:    711803051  IOPS:   304584  Throughput:  1189.8 MB/s  Total: 2715.31 GB
[ 2337.2s] IOs:    711903147  IOPS:   304596  Throughput:  1189.8 MB/s  Total: 2715.69 GB
[ 2337.5s] IOs:    712003610  IOPS:   304596  Throughput:  1189.8 MB/s  Total: 2716.08 GB
[ 2337.8s] IOs:    712104326  IOPS:   304598  Throughput:  1189.8 MB/s  Total: 2716.46 GB
[ 2338.1s] IOs:    712205123  IOPS:   304607  Throughput:  1189.9 MB/s  Total: 2716.85 GB
[ 2338.4s] IOs:    712305751  IOPS:   304613  Throughput:  1189.9 MB/s  Total: 2717.23 GB
[ 2338.7s] IOs:    712406094  IOPS:   304621  Throughput:  1189.9 MB/s  Total: 2717.61 GB
[ 2339.0s] IOs:    712506513  IOPS:   304621  Throughput:  1189.9 MB/s  Total: 2718.00 GB
[ 2339.3s] IOs:    712607191  IOPS:   304623  Throughput:  1189.9 MB/s  Total: 2718.38 GB
[ 2339.5s] IOs:    712707928  IOPS:   304637  Throughput:  1190.0 MB/s  Total: 2718.76 GB
[ 2339.9s] IOs:    712808536  IOPS:   304633  Throughput:  1190.0 MB/s  Total: 2719.15 GB
[ 2340.1s] IOs:    712909002  IOPS:   304646  Throughput:  1190.0 MB/s  Total: 2719.53 GB
[ 2340.7s] IOs:    713009407  IOPS:   304620  Throughput:  1189.9 MB/s  Total: 2719.92 GB
[ 2340.9s] IOs:    713109995  IOPS:   304631  Throughput:  1190.0 MB/s  Total: 2720.30 GB
[Reader] Parsed 91000000 lines, distributed 713127844 writes, unique 720.00 GB, skipped 3354246
[ 2341.2s] IOs:    713210658  IOPS:   304639  Throughput:  1190.0 MB/s  Total: 2720.68 GB
[ 2341.5s] IOs:    713310662  IOPS:   304640  Throughput:  1190.0 MB/s  Total: 2721.06 GB
[ 2341.7s] IOs:    713410943  IOPS:   304651  Throughput:  1190.0 MB/s  Total: 2721.45 GB
[ 2342.0s] IOs:    713511539  IOPS:   304656  Throughput:  1190.1 MB/s  Total: 2721.83 GB
[ 2342.3s] IOs:    713611978  IOPS:   304664  Throughput:  1190.1 MB/s  Total: 2722.21 GB
[ 2342.6s] IOs:    713712512  IOPS:   304671  Throughput:  1190.1 MB/s  Total: 2722.60 GB
[ 2342.8s] IOs:    713813346  IOPS:   304677  Throughput:  1190.1 MB/s  Total: 2722.98 GB
[ 2343.1s] IOs:    713913868  IOPS:   304685  Throughput:  1190.2 MB/s  Total: 2723.37 GB
[ 2343.4s] IOs:    714014304  IOPS:   304697  Throughput:  1190.2 MB/s  Total: 2723.75 GB
[ 2343.6s] IOs:    714114568  IOPS:   304709  Throughput:  1190.3 MB/s  Total: 2724.13 GB
[ 2343.9s] IOs:    714215247  IOPS:   304715  Throughput:  1190.3 MB/s  Total: 2724.51 GB
[ 2344.1s] IOs:    714316057  IOPS:   304724  Throughput:  1190.3 MB/s  Total: 2724.90 GB
[ 2344.4s] IOs:    714416461  IOPS:   304732  Throughput:  1190.4 MB/s  Total: 2725.28 GB
[ 2344.6s] IOs:    714516678  IOPS:   304744  Throughput:  1190.4 MB/s  Total: 2725.66 GB
[ 2344.9s] IOs:    714617207  IOPS:   304752  Throughput:  1190.4 MB/s  Total: 2726.05 GB
[ 2345.2s] IOs:    714717912  IOPS:   304763  Throughput:  1190.5 MB/s  Total: 2726.43 GB
[ 2345.4s] IOs:    714818787  IOPS:   304774  Throughput:  1190.5 MB/s  Total: 2726.82 GB
[ 2345.6s] IOs:    714919535  IOPS:   304786  Throughput:  1190.6 MB/s  Total: 2727.20 GB
[ 2345.9s] IOs:    715020125  IOPS:   304798  Throughput:  1190.6 MB/s  Total: 2727.59 GB
[ 2346.1s] IOs:    715120777  IOPS:   304812  Throughput:  1190.7 MB/s  Total: 2727.97 GB
[ 2346.5s] IOs:    715221449  IOPS:   304801  Throughput:  1190.6 MB/s  Total: 2728.35 GB
[ 2346.9s] IOs:    715322004  IOPS:   304799  Throughput:  1190.6 MB/s  Total: 2728.74 GB
[ 2347.1s] IOs:    715422613  IOPS:   304806  Throughput:  1190.6 MB/s  Total: 2729.12 GB
[ 2347.4s] IOs:    715523461  IOPS:   304812  Throughput:  1190.7 MB/s  Total: 2729.51 GB
[ 2347.6s] IOs:    715623472  IOPS:   304827  Throughput:  1190.7 MB/s  Total: 2729.89 GB
[ 2348.0s] IOs:    715724448  IOPS:   304823  Throughput:  1190.7 MB/s  Total: 2730.27 GB
[ 2348.2s] IOs:    715825223  IOPS:   304838  Throughput:  1190.8 MB/s  Total: 2730.66 GB
[ 2348.5s] IOs:    715926131  IOPS:   304840  Throughput:  1190.8 MB/s  Total: 2731.04 GB
[ 2348.9s] IOs:    716026777  IOPS:   304837  Throughput:  1190.8 MB/s  Total: 2731.43 GB
[ 2349.1s] IOs:    716127420  IOPS:   304854  Throughput:  1190.8 MB/s  Total: 2731.81 GB
[ 2349.5s] IOs:    716227986  IOPS:   304849  Throughput:  1190.8 MB/s  Total: 2732.19 GB
[ 2349.6s] IOs:    716328338  IOPS:   304866  Throughput:  1190.9 MB/s  Total: 2732.58 GB
[ 2349.9s] IOs:    716428982  IOPS:   304873  Throughput:  1190.9 MB/s  Total: 2732.96 GB
[ 2350.1s] IOs:    716529635  IOPS:   304891  Throughput:  1191.0 MB/s  Total: 2733.34 GB
[ 2350.5s] IOs:    716629720  IOPS:   304887  Throughput:  1191.0 MB/s  Total: 2733.73 GB
[ 2350.7s] IOs:    716730472  IOPS:   304905  Throughput:  1191.0 MB/s  Total: 2734.11 GB
[ 2351.0s] IOs:    716831264  IOPS:   304899  Throughput:  1191.0 MB/s  Total: 2734.49 GB
[ 2351.2s] IOs:    716931769  IOPS:   304919  Throughput:  1191.1 MB/s  Total: 2734.88 GB
[ 2351.4s] IOs:    717031895  IOPS:   304939  Throughput:  1191.2 MB/s  Total: 2735.26 GB
[ 2351.6s] IOs:    717132247  IOPS:   304957  Throughput:  1191.2 MB/s  Total: 2735.64 GB
[ 2351.9s] IOs:    717232897  IOPS:   304961  Throughput:  1191.3 MB/s  Total: 2736.03 GB
[ 2352.1s] IOs:    717333371  IOPS:   304976  Throughput:  1191.3 MB/s  Total: 2736.41 GB
[ 2352.3s] IOs:    717434093  IOPS:   304996  Throughput:  1191.4 MB/s  Total: 2736.79 GB
[ 2352.5s] IOs:    717534194  IOPS:   305008  Throughput:  1191.4 MB/s  Total: 2737.18 GB
[ 2352.7s] IOs:    717634657  IOPS:   305027  Throughput:  1191.5 MB/s  Total: 2737.56 GB
[ 2353.0s] IOs:    717734723  IOPS:   305030  Throughput:  1191.5 MB/s  Total: 2737.94 GB
[ 2353.2s] IOs:    717835033  IOPS:   305050  Throughput:  1191.6 MB/s  Total: 2738.32 GB
[ 2353.4s] IOs:    717935710  IOPS:   305058  Throughput:  1191.6 MB/s  Total: 2738.71 GB
[ 2353.6s] IOs:    718036248  IOPS:   305078  Throughput:  1191.7 MB/s  Total: 2739.09 GB
[ 2353.9s] IOs:    718136515  IOPS:   305086  Throughput:  1191.7 MB/s  Total: 2739.47 GB
[ 2354.2s] IOs:    718237048  IOPS:   305084  Throughput:  1191.7 MB/s  Total: 2739.86 GB
[ 2354.4s] IOs:    718338089  IOPS:   305103  Throughput:  1191.8 MB/s  Total: 2740.24 GB
[ 2354.6s] IOs:    718438678  IOPS:   305118  Throughput:  1191.9 MB/s  Total: 2740.63 GB
[ 2354.9s] IOs:    718539389  IOPS:   305121  Throughput:  1191.9 MB/s  Total: 2741.01 GB
[ 2355.1s] IOs:    718640242  IOPS:   305141  Throughput:  1192.0 MB/s  Total: 2741.39 GB
[ 2355.4s] IOs:    718741168  IOPS:   305142  Throughput:  1192.0 MB/s  Total: 2741.78 GB
[ 2355.6s] IOs:    718841862  IOPS:   305161  Throughput:  1192.0 MB/s  Total: 2742.16 GB
[ 2355.9s] IOs:    718942399  IOPS:   305164  Throughput:  1192.0 MB/s  Total: 2742.55 GB
[ 2356.1s] IOs:    719042924  IOPS:   305184  Throughput:  1192.1 MB/s  Total: 2742.93 GB
[ 2356.4s] IOs:    719143638  IOPS:   305186  Throughput:  1192.1 MB/s  Total: 2743.32 GB
[ 2356.6s] IOs:    719244386  IOPS:   305204  Throughput:  1192.2 MB/s  Total: 2743.70 GB
[ 2356.9s] IOs:    719345128  IOPS:   305208  Throughput:  1192.2 MB/s  Total: 2744.08 GB
[ 2357.1s] IOs:    719445634  IOPS:   305228  Throughput:  1192.3 MB/s  Total: 2744.47 GB
[ 2357.4s] IOs:    719546354  IOPS:   305234  Throughput:  1192.3 MB/s  Total: 2744.85 GB
[ 2357.6s] IOs:    719646842  IOPS:   305251  Throughput:  1192.4 MB/s  Total: 2745.23 GB
[ 2357.7s] IOs:    719747488  IOPS:   305270  Throughput:  1192.5 MB/s  Total: 2745.62 GB
[ 2358.0s] IOs:    719848080  IOPS:   305278  Throughput:  1192.5 MB/s  Total: 2746.00 GB
[ 2358.2s] IOs:    719949070  IOPS:   305297  Throughput:  1192.6 MB/s  Total: 2746.39 GB
[ 2358.4s] IOs:    720049232  IOPS:   305311  Throughput:  1192.6 MB/s  Total: 2746.77 GB
[ 2358.6s] IOs:    720149638  IOPS:   305331  Throughput:  1192.7 MB/s  Total: 2747.15 GB
[ 2358.8s] IOs:    720250377  IOPS:   305350  Throughput:  1192.8 MB/s  Total: 2747.54 GB
[ 2359.0s] IOs:    720351112  IOPS:   305365  Throughput:  1192.8 MB/s  Total: 2747.92 GB
[Reader] Parsed 92000000 lines, distributed 720383069 writes, unique 720.00 GB, skipped 5004203
[ 2368.3s] IOs:    720451161  IOPS:   304202  Throughput:  1188.3 MB/s  Total: 2748.30 GB
[ 2368.8s] IOs:    720552066  IOPS:   304191  Throughput:  1188.2 MB/s  Total: 2748.69 GB
[ 2369.3s] IOs:    720652920  IOPS:   304161  Throughput:  1188.1 MB/s  Total: 2749.07 GB
[ 2369.7s] IOs:    720753491  IOPS:   304157  Throughput:  1188.1 MB/s  Total: 2749.46 GB
[ 2370.3s] IOs:    720854076  IOPS:   304124  Throughput:  1188.0 MB/s  Total: 2749.84 GB
[ 2370.6s] IOs:    720954821  IOPS:   304127  Throughput:  1188.0 MB/s  Total: 2750.22 GB
[ 2370.8s] IOs:    721055259  IOPS:   304142  Throughput:  1188.1 MB/s  Total: 2750.61 GB
[ 2371.3s] IOs:    721155926  IOPS:   304122  Throughput:  1188.0 MB/s  Total: 2750.99 GB
[ 2371.7s] IOs:    721256499  IOPS:   304113  Throughput:  1187.9 MB/s  Total: 2751.38 GB
[ 2371.9s] IOs:    721356956  IOPS:   304128  Throughput:  1188.0 MB/s  Total: 2751.76 GB
[ 2372.2s] IOs:    721457470  IOPS:   304125  Throughput:  1188.0 MB/s  Total: 2752.14 GB
[ 2372.6s] IOs:    721558008  IOPS:   304115  Throughput:  1187.9 MB/s  Total: 2752.53 GB
[ 2372.9s] IOs:    721658478  IOPS:   304129  Throughput:  1188.0 MB/s  Total: 2752.91 GB
[ 2373.2s] IOs:    721759012  IOPS:   304130  Throughput:  1188.0 MB/s  Total: 2753.29 GB
[ 2373.4s] IOs:    721859504  IOPS:   304144  Throughput:  1188.1 MB/s  Total: 2753.68 GB
[ 2373.8s] IOs:    721960048  IOPS:   304142  Throughput:  1188.1 MB/s  Total: 2754.06 GB
[ 2374.1s] IOs:    722060972  IOPS:   304142  Throughput:  1188.1 MB/s  Total: 2754.44 GB
[ 2374.3s] IOs:    722161629  IOPS:   304157  Throughput:  1188.1 MB/s  Total: 2754.83 GB
[ 2374.7s] IOs:    722262317  IOPS:   304146  Throughput:  1188.1 MB/s  Total: 2755.21 GB
[ 2374.9s] IOs:    722363100  IOPS:   304161  Throughput:  1188.1 MB/s  Total: 2755.60 GB
[ 2375.2s] IOs:    722463874  IOPS:   304169  Throughput:  1188.2 MB/s  Total: 2755.98 GB
[ 2375.7s] IOs:    722564571  IOPS:   304153  Throughput:  1188.1 MB/s  Total: 2756.37 GB
[ 2376.0s] IOs:    722665397  IOPS:   304158  Throughput:  1188.1 MB/s  Total: 2756.75 GB
[ 2376.2s] IOs:    722766029  IOPS:   304171  Throughput:  1188.2 MB/s  Total: 2757.13 GB
[ 2376.5s] IOs:    722866504  IOPS:   304179  Throughput:  1188.2 MB/s  Total: 2757.52 GB
[ 2376.8s] IOs:    722966761  IOPS:   304181  Throughput:  1188.2 MB/s  Total: 2757.90 GB
[ 2377.1s] IOs:    723067498  IOPS:   304181  Throughput:  1188.2 MB/s  Total: 2758.28 GB
[ 2377.3s] IOs:    723168275  IOPS:   304194  Throughput:  1188.3 MB/s  Total: 2758.67 GB
[ 2377.6s] IOs:    723268842  IOPS:   304197  Throughput:  1188.3 MB/s  Total: 2759.05 GB
[ 2377.9s] IOs:    723369195  IOPS:   304207  Throughput:  1188.3 MB/s  Total: 2759.43 GB
[ 2378.2s] IOs:    723469551  IOPS:   304214  Throughput:  1188.3 MB/s  Total: 2759.82 GB
[ 2378.4s] IOs:    723570131  IOPS:   304225  Throughput:  1188.4 MB/s  Total: 2760.20 GB
[ 2378.7s] IOs:    723671077  IOPS:   304232  Throughput:  1188.4 MB/s  Total: 2760.59 GB
[ 2379.0s] IOs:    723772024  IOPS:   304239  Throughput:  1188.4 MB/s  Total: 2760.97 GB
[ 2379.2s] IOs:    723872445  IOPS:   304252  Throughput:  1188.5 MB/s  Total: 2761.35 GB
[ 2379.4s] IOs:    723972669  IOPS:   304265  Throughput:  1188.5 MB/s  Total: 2761.74 GB
[ 2379.7s] IOs:    724072740  IOPS:   304271  Throughput:  1188.6 MB/s  Total: 2762.12 GB
[ 2379.9s] IOs:    724173402  IOPS:   304281  Throughput:  1188.6 MB/s  Total: 2762.50 GB
[ 2380.2s] IOs:    724274175  IOPS:   304288  Throughput:  1188.6 MB/s  Total: 2762.89 GB
[ 2380.4s] IOs:    724374545  IOPS:   304303  Throughput:  1188.7 MB/s  Total: 2763.27 GB
[ 2380.7s] IOs:    724474818  IOPS:   304315  Throughput:  1188.7 MB/s  Total: 2763.65 GB
[ 2380.9s] IOs:    724574993  IOPS:   304328  Throughput:  1188.8 MB/s  Total: 2764.03 GB
[ 2381.3s] IOs:    724675623  IOPS:   304318  Throughput:  1188.7 MB/s  Total: 2764.42 GB
[ 2381.6s] IOs:    724776043  IOPS:   304329  Throughput:  1188.8 MB/s  Total: 2764.80 GB
[ 2381.8s] IOs:    724876884  IOPS:   304343  Throughput:  1188.8 MB/s  Total: 2765.19 GB
[ 2382.2s] IOs:    724977731  IOPS:   304328  Throughput:  1188.8 MB/s  Total: 2765.57 GB
[ 2382.4s] IOs:    725078300  IOPS:   304344  Throughput:  1188.8 MB/s  Total: 2765.95 GB
[ 2382.9s] IOs:    725178379  IOPS:   304329  Throughput:  1188.8 MB/s  Total: 2766.34 GB
[ 2383.2s] IOs:    725279282  IOPS:   304335  Throughput:  1188.8 MB/s  Total: 2766.72 GB
[ 2383.4s] IOs:    725379734  IOPS:   304350  Throughput:  1188.9 MB/s  Total: 2767.10 GB
[ 2384.1s] IOs:    725480535  IOPS:   304303  Throughput:  1188.7 MB/s  Total: 2767.49 GB
[ 2384.3s] IOs:    725581192  IOPS:   304318  Throughput:  1188.7 MB/s  Total: 2767.87 GB
[ 2384.7s] IOs:    725682163  IOPS:   304304  Throughput:  1188.7 MB/s  Total: 2768.26 GB
[ 2385.0s] IOs:    725782684  IOPS:   304313  Throughput:  1188.7 MB/s  Total: 2768.64 GB
[ 2385.3s] IOs:    725883303  IOPS:   304314  Throughput:  1188.7 MB/s  Total: 2769.03 GB
[ 2385.7s] IOs:    725984023  IOPS:   304304  Throughput:  1188.7 MB/s  Total: 2769.41 GB
[ 2385.9s] IOs:    726084832  IOPS:   304318  Throughput:  1188.7 MB/s  Total: 2769.79 GB
[ 2386.3s] IOs:    726185520  IOPS:   304313  Throughput:  1188.7 MB/s  Total: 2770.18 GB
[ 2386.6s] IOs:    726286550  IOPS:   304324  Throughput:  1188.8 MB/s  Total: 2770.56 GB
[Reader] Parsed 93000000 lines, distributed 726349159 writes, unique 720.00 GB, skipped 6247779
[ 2387.2s] IOs:    726386946  IOPS:   304284  Throughput:  1188.6 MB/s  Total: 2770.95 GB
[ 2387.4s] IOs:    726487629  IOPS:   304298  Throughput:  1188.7 MB/s  Total: 2771.33 GB
[ 2387.6s] IOs:    726588299  IOPS:   304312  Throughput:  1188.7 MB/s  Total: 2771.71 GB
[ 2388.0s] IOs:    726688910  IOPS:   304305  Throughput:  1188.7 MB/s  Total: 2772.10 GB
[ 2388.4s] IOs:    726789433  IOPS:   304304  Throughput:  1188.7 MB/s  Total: 2772.48 GB
[ 2388.6s] IOs:    726889768  IOPS:   304318  Throughput:  1188.7 MB/s  Total: 2772.86 GB
[ 2389.0s] IOs:    726990597  IOPS:   304304  Throughput:  1188.7 MB/s  Total: 2773.25 GB
[ 2389.2s] IOs:    727091267  IOPS:   304318  Throughput:  1188.7 MB/s  Total: 2773.63 GB
[ 2389.5s] IOs:    727191820  IOPS:   304323  Throughput:  1188.8 MB/s  Total: 2774.02 GB
[ 2389.9s] IOs:    727292372  IOPS:   304321  Throughput:  1188.8 MB/s  Total: 2774.40 GB
[ 2390.2s] IOs:    727393209  IOPS:   304328  Throughput:  1188.8 MB/s  Total: 2774.78 GB
[ 2390.4s] IOs:    727493945  IOPS:   304336  Throughput:  1188.8 MB/s  Total: 2775.17 GB
[ 2391.0s] IOs:    727594663  IOPS:   304302  Throughput:  1188.7 MB/s  Total: 2775.55 GB
[ 2391.3s] IOs:    727694680  IOPS:   304303  Throughput:  1188.7 MB/s  Total: 2775.93 GB
[ 2391.6s] IOs:    727795273  IOPS:   304314  Throughput:  1188.7 MB/s  Total: 2776.32 GB
[ 2392.1s] IOs:    727895991  IOPS:   304290  Throughput:  1188.6 MB/s  Total: 2776.70 GB
[ 2392.4s] IOs:    727996908  IOPS:   304291  Throughput:  1188.6 MB/s  Total: 2777.09 GB
[ 2392.9s] IOs:    728097505  IOPS:   304275  Throughput:  1188.6 MB/s  Total: 2777.47 GB
[ 2393.1s] IOs:    728198223  IOPS:   304288  Throughput:  1188.6 MB/s  Total: 2777.86 GB
[ 2393.8s] IOs:    728298908  IOPS:   304242  Throughput:  1188.4 MB/s  Total: 2778.24 GB
[ 2394.4s] IOs:    728399528  IOPS:   304211  Throughput:  1188.3 MB/s  Total: 2778.62 GB
[ 2394.9s] IOs:    728500065  IOPS:   304185  Throughput:  1188.2 MB/s  Total: 2779.01 GB
[ 2395.5s] IOs:    728600802  IOPS:   304157  Throughput:  1188.1 MB/s  Total: 2779.39 GB
[ 2396.0s] IOs:    728701547  IOPS:   304136  Throughput:  1188.0 MB/s  Total: 2779.78 GB
[ 2396.5s] IOs:    728802250  IOPS:   304108  Throughput:  1187.9 MB/s  Total: 2780.16 GB
[ 2397.0s] IOs:    728903160  IOPS:   304089  Throughput:  1187.8 MB/s  Total: 2780.54 GB
[ 2397.6s] IOs:    729003697  IOPS:   304058  Throughput:  1187.7 MB/s  Total: 2780.93 GB
[ 2397.9s] IOs:    729104272  IOPS:   304058  Throughput:  1187.7 MB/s  Total: 2781.31 GB
[ 2398.4s] IOs:    729205136  IOPS:   304037  Throughput:  1187.6 MB/s  Total: 2781.70 GB
[ 2398.8s] IOs:    729305546  IOPS:   304026  Throughput:  1187.6 MB/s  Total: 2782.08 GB
[ 2399.2s] IOs:    729406584  IOPS:   304026  Throughput:  1187.6 MB/s  Total: 2782.47 GB
[ 2399.5s] IOs:    729507562  IOPS:   304024  Throughput:  1187.6 MB/s  Total: 2782.85 GB
[ 2400.0s] IOs:    729608468  IOPS:   304003  Throughput:  1187.5 MB/s  Total: 2783.24 GB
[ 2400.2s] IOs:    729709096  IOPS:   304017  Throughput:  1187.6 MB/s  Total: 2783.62 GB
[ 2400.7s] IOs:    729809628  IOPS:   303994  Throughput:  1187.5 MB/s  Total: 2784.00 GB
[ 2401.0s] IOs:    729910132  IOPS:   304005  Throughput:  1187.5 MB/s  Total: 2784.39 GB
[ 2401.4s] IOs:    730010942  IOPS:   303997  Throughput:  1187.5 MB/s  Total: 2784.77 GB
[ 2401.6s] IOs:    730111393  IOPS:   304011  Throughput:  1187.5 MB/s  Total: 2785.15 GB
[ 2402.1s] IOs:    730212098  IOPS:   303990  Throughput:  1187.5 MB/s  Total: 2785.54 GB
[ 2402.4s] IOs:    730312606  IOPS:   303993  Throughput:  1187.5 MB/s  Total: 2785.92 GB
[ 2402.6s] IOs:    730413254  IOPS:   304006  Throughput:  1187.5 MB/s  Total: 2786.31 GB
[ 2403.0s] IOs:    730514150  IOPS:   304004  Throughput:  1187.5 MB/s  Total: 2786.69 GB
[ 2403.3s] IOs:    730614976  IOPS:   304000  Throughput:  1187.5 MB/s  Total: 2787.07 GB
[ 2403.6s] IOs:    730715016  IOPS:   304006  Throughput:  1187.5 MB/s  Total: 2787.46 GB
[ 2403.9s] IOs:    730815075  IOPS:   304014  Throughput:  1187.6 MB/s  Total: 2787.84 GB
[ 2404.1s] IOs:    730915713  IOPS:   304024  Throughput:  1187.6 MB/s  Total: 2788.22 GB
[ 2404.4s] IOs:    731016237  IOPS:   304028  Throughput:  1187.6 MB/s  Total: 2788.61 GB
[ 2404.7s] IOs:    731116846  IOPS:   304042  Throughput:  1187.7 MB/s  Total: 2788.99 GB
[ 2405.2s] IOs:    731217258  IOPS:   304020  Throughput:  1187.6 MB/s  Total: 2789.37 GB
[ 2405.4s] IOs:    731317390  IOPS:   304032  Throughput:  1187.6 MB/s  Total: 2789.75 GB
[ 2405.7s] IOs:    731417951  IOPS:   304041  Throughput:  1187.7 MB/s  Total: 2790.14 GB
[ 2406.0s] IOs:    731518840  IOPS:   304036  Throughput:  1187.6 MB/s  Total: 2790.52 GB
[ 2406.4s] IOs:    731619577  IOPS:   304025  Throughput:  1187.6 MB/s  Total: 2790.91 GB
[ 2406.7s] IOs:    731719995  IOPS:   304039  Throughput:  1187.7 MB/s  Total: 2791.29 GB
[ 2407.0s] IOs:    731820443  IOPS:   304034  Throughput:  1187.6 MB/s  Total: 2791.67 GB
[ 2407.4s] IOs:    731920570  IOPS:   304029  Throughput:  1187.6 MB/s  Total: 2792.06 GB
[ 2407.7s] IOs:    732021271  IOPS:   304036  Throughput:  1187.6 MB/s  Total: 2792.44 GB
[ 2408.0s] IOs:    732121837  IOPS:   304038  Throughput:  1187.6 MB/s  Total: 2792.82 GB
[ 2408.3s] IOs:    732222417  IOPS:   304047  Throughput:  1187.7 MB/s  Total: 2793.21 GB
[ 2408.6s] IOs:    732322641  IOPS:   304047  Throughput:  1187.7 MB/s  Total: 2793.59 GB
[ 2408.9s] IOs:    732423020  IOPS:   304052  Throughput:  1187.7 MB/s  Total: 2793.97 GB
[ 2409.1s] IOs:    732523580  IOPS:   304065  Throughput:  1187.8 MB/s  Total: 2794.36 GB
[ 2409.4s] IOs:    732624447  IOPS:   304069  Throughput:  1187.8 MB/s  Total: 2794.74 GB
[ 2409.7s] IOs:    732725385  IOPS:   304076  Throughput:  1187.8 MB/s  Total: 2795.13 GB
[ 2409.9s] IOs:    732825824  IOPS:   304086  Throughput:  1187.8 MB/s  Total: 2795.51 GB
[ 2410.2s] IOs:    732926244  IOPS:   304098  Throughput:  1187.9 MB/s  Total: 2795.89 GB
[ 2410.6s] IOs:    733027008  IOPS:   304084  Throughput:  1187.8 MB/s  Total: 2796.28 GB
[ 2410.8s] IOs:    733127612  IOPS:   304097  Throughput:  1187.9 MB/s  Total: 2796.66 GB
[ 2411.1s] IOs:    733228212  IOPS:   304107  Throughput:  1187.9 MB/s  Total: 2797.04 GB
[ 2411.5s] IOs:    733328523  IOPS:   304099  Throughput:  1187.9 MB/s  Total: 2797.43 GB
[ 2411.8s] IOs:    733429129  IOPS:   304097  Throughput:  1187.9 MB/s  Total: 2797.81 GB
[Reader] Parsed 94000000 lines, distributed 733448488 writes, unique 720.00 GB, skipped 7250839
[ 2412.1s] IOs:    733529576  IOPS:   304110  Throughput:  1187.9 MB/s  Total: 2798.19 GB
[ 2412.4s] IOs:    733630393  IOPS:   304106  Throughput:  1187.9 MB/s  Total: 2798.58 GB
[ 2412.7s] IOs:    733731161  IOPS:   304113  Throughput:  1187.9 MB/s  Total: 2798.96 GB
[ 2413.0s] IOs:    733831329  IOPS:   304118  Throughput:  1188.0 MB/s  Total: 2799.34 GB
[ 2413.2s] IOs:    733931621  IOPS:   304130  Throughput:  1188.0 MB/s  Total: 2799.73 GB
[ 2413.5s] IOs:    734031972  IOPS:   304132  Throughput:  1188.0 MB/s  Total: 2800.11 GB
[ 2413.8s] IOs:    734132532  IOPS:   304145  Throughput:  1188.1 MB/s  Total: 2800.49 GB
[ 2414.1s] IOs:    734233251  IOPS:   304149  Throughput:  1188.1 MB/s  Total: 2800.88 GB
[ 2414.3s] IOs:    734333887  IOPS:   304161  Throughput:  1188.1 MB/s  Total: 2801.26 GB
[ 2414.6s] IOs:    734434162  IOPS:   304168  Throughput:  1188.2 MB/s  Total: 2801.64 GB
[ 2414.8s] IOs:    734534434  IOPS:   304181  Throughput:  1188.2 MB/s  Total: 2802.03 GB
[ 2415.1s] IOs:    734634836  IOPS:   304187  Throughput:  1188.2 MB/s  Total: 2802.41 GB
[ 2415.3s] IOs:    734735469  IOPS:   304199  Throughput:  1188.3 MB/s  Total: 2802.79 GB
[ 2415.6s] IOs:    734836115  IOPS:   304210  Throughput:  1188.3 MB/s  Total: 2803.18 GB
[ 2415.8s] IOs:    734936446  IOPS:   304223  Throughput:  1188.4 MB/s  Total: 2803.56 GB
[ 2416.3s] IOs:    735037234  IOPS:   304199  Throughput:  1188.3 MB/s  Total: 2803.94 GB
[ 2416.5s] IOs:    735137764  IOPS:   304210  Throughput:  1188.3 MB/s  Total: 2804.33 GB
[ 2417.1s] IOs:    735238527  IOPS:   304183  Throughput:  1188.2 MB/s  Total: 2804.71 GB
[ 2417.5s] IOs:    735339079  IOPS:   304169  Throughput:  1188.2 MB/s  Total: 2805.10 GB
[ 2418.0s] IOs:    735439843  IOPS:   304154  Throughput:  1188.1 MB/s  Total: 2805.48 GB
[ 2418.5s] IOs:    735540226  IOPS:   304136  Throughput:  1188.0 MB/s  Total: 2805.86 GB
[ 2418.7s] IOs:    735641003  IOPS:   304149  Throughput:  1188.1 MB/s  Total: 2806.25 GB
[ 2419.1s] IOs:    735741825  IOPS:   304140  Throughput:  1188.0 MB/s  Total: 2806.63 GB
[ 2419.5s] IOs:    735842304  IOPS:   304125  Throughput:  1188.0 MB/s  Total: 2807.02 GB
[ 2419.9s] IOs:    735942593  IOPS:   304124  Throughput:  1188.0 MB/s  Total: 2807.40 GB
[ 2420.1s] IOs:    736043060  IOPS:   304138  Throughput:  1188.0 MB/s  Total: 2807.78 GB
[ 2422.7s] IOs:    736143405  IOPS:   303858  Throughput:  1186.9 MB/s  Total: 2808.16 GB
[ 2425.7s] IOs:    736243527  IOPS:   303523  Throughput:  1185.6 MB/s  Total: 2808.55 GB
[ 2427.7s] IOs:    736343898  IOPS:   303306  Throughput:  1184.8 MB/s  Total: 2808.93 GB
[ 2429.8s] IOs:    736444227  IOPS:   303092  Throughput:  1184.0 MB/s  Total: 2809.31 GB
[ 2431.2s] IOs:    736544417  IOPS:   302950  Throughput:  1183.4 MB/s  Total: 2809.69 GB
[ 2432.7s] IOs:    736645050  IOPS:   302806  Throughput:  1182.8 MB/s  Total: 2810.08 GB
[ 2434.2s] IOs:    736746034  IOPS:   302669  Throughput:  1182.3 MB/s  Total: 2810.46 GB
[ 2435.2s] IOs:    736846636  IOPS:   302576  Throughput:  1181.9 MB/s  Total: 2810.85 GB
[ 2436.4s] IOs:    736947609  IOPS:   302478  Throughput:  1181.6 MB/s  Total: 2811.23 GB
[ 2437.1s] IOs:    737048190  IOPS:   302422  Throughput:  1181.3 MB/s  Total: 2811.62 GB
[ 2437.8s] IOs:    737148982  IOPS:   302381  Throughput:  1181.2 MB/s  Total: 2812.00 GB
[ 2438.7s] IOs:    737249186  IOPS:   302312  Throughput:  1180.9 MB/s  Total: 2812.38 GB
[ 2439.3s] IOs:    737349299  IOPS:   302279  Throughput:  1180.8 MB/s  Total: 2812.76 GB
[ 2439.9s] IOs:    737449983  IOPS:   302246  Throughput:  1180.6 MB/s  Total: 2813.15 GB
[ 2440.9s] IOs:    737550710  IOPS:   302168  Throughput:  1180.3 MB/s  Total: 2813.53 GB
[ 2441.2s] IOs:    737651666  IOPS:   302166  Throughput:  1180.3 MB/s  Total: 2813.92 GB
[ 2441.8s] IOs:    737752061  IOPS:   302138  Throughput:  1180.2 MB/s  Total: 2814.30 GB
[ 2442.3s] IOs:    737852917  IOPS:   302113  Throughput:  1180.1 MB/s  Total: 2814.69 GB
[ 2442.9s] IOs:    737953763  IOPS:   302082  Throughput:  1180.0 MB/s  Total: 2815.07 GB
[ 2443.4s] IOs:    738054658  IOPS:   302059  Throughput:  1179.9 MB/s  Total: 2815.46 GB
[ 2443.9s] IOs:    738155510  IOPS:   302042  Throughput:  1179.9 MB/s  Total: 2815.84 GB
[ 2444.4s] IOs:    738256331  IOPS:   302023  Throughput:  1179.8 MB/s  Total: 2816.22 GB
[ 2447.2s] IOs:    738356356  IOPS:   301713  Throughput:  1178.6 MB/s  Total: 2816.61 GB
[ 2450.3s] IOs:    738457257  IOPS:   301378  Throughput:  1177.3 MB/s  Total: 2816.99 GB
[ 2452.8s] IOs:    738557554  IOPS:   301113  Throughput:  1176.2 MB/s  Total: 2817.37 GB
[ 2454.7s] IOs:    738657656  IOPS:   300913  Throughput:  1175.4 MB/s  Total: 2817.76 GB
[ 2455.7s] IOs:    738758150  IOPS:   300837  Throughput:  1175.1 MB/s  Total: 2818.14 GB
[ 2455.9s] IOs:    738858712  IOPS:   300849  Throughput:  1175.2 MB/s  Total: 2818.52 GB
[ 2456.1s] IOs:    738959210  IOPS:   300861  Throughput:  1175.2 MB/s  Total: 2818.91 GB
[ 2456.4s] IOs:    739059760  IOPS:   300866  Throughput:  1175.3 MB/s  Total: 2819.29 GB
[ 2456.7s] IOs:    739160019  IOPS:   300878  Throughput:  1175.3 MB/s  Total: 2819.67 GB
[ 2456.9s] IOs:    739260553  IOPS:   300888  Throughput:  1175.3 MB/s  Total: 2820.06 GB
[ 2457.1s] IOs:    739361145  IOPS:   300903  Throughput:  1175.4 MB/s  Total: 2820.44 GB
[ 2457.4s] IOs:    739462055  IOPS:   300910  Throughput:  1175.4 MB/s  Total: 2820.82 GB
[ 2457.6s] IOs:    739562699  IOPS:   300925  Throughput:  1175.5 MB/s  Total: 2821.21 GB
[ 2457.9s] IOs:    739663114  IOPS:   300933  Throughput:  1175.5 MB/s  Total: 2821.59 GB
[ 2458.1s] IOs:    739763831  IOPS:   300946  Throughput:  1175.6 MB/s  Total: 2821.98 GB
[ 2458.4s] IOs:    739864367  IOPS:   300956  Throughput:  1175.6 MB/s  Total: 2822.36 GB
[ 2458.6s] IOs:    739965204  IOPS:   300971  Throughput:  1175.7 MB/s  Total: 2822.74 GB
[ 2458.9s] IOs:    740065854  IOPS:   300980  Throughput:  1175.7 MB/s  Total: 2823.13 GB
[ 2459.2s] IOs:    740166574  IOPS:   300974  Throughput:  1175.7 MB/s  Total: 2823.51 GB
[ 2459.4s] IOs:    740266692  IOPS:   300989  Throughput:  1175.7 MB/s  Total: 2823.89 GB
[ 2459.9s] IOs:    740367503  IOPS:   300972  Throughput:  1175.7 MB/s  Total: 2824.28 GB
[ 2460.2s] IOs:    740468171  IOPS:   300983  Throughput:  1175.7 MB/s  Total: 2824.66 GB
[ 2460.4s] IOs:    740568721  IOPS:   300992  Throughput:  1175.8 MB/s  Total: 2825.05 GB
[ 2460.6s] IOs:    740669287  IOPS:   301006  Throughput:  1175.8 MB/s  Total: 2825.43 GB
[ 2460.9s] IOs:    740769808  IOPS:   301013  Throughput:  1175.8 MB/s  Total: 2825.81 GB
[ 2461.2s] IOs:    740870680  IOPS:   301016  Throughput:  1175.8 MB/s  Total: 2826.20 GB
[ 2461.5s] IOs:    740971421  IOPS:   301028  Throughput:  1175.9 MB/s  Total: 2826.58 GB
[ 2462.0s] IOs:    741072390  IOPS:   301007  Throughput:  1175.8 MB/s  Total: 2826.97 GB
[Reader] Parsed 95000000 lines, distributed 741172568 writes, unique 720.00 GB, skipped 8687445
[ 2462.2s] IOs:    741172790  IOPS:   301021  Throughput:  1175.9 MB/s  Total: 2827.35 GB
[ 2462.4s] IOs:    741273372  IOPS:   301036  Throughput:  1175.9 MB/s  Total: 2827.73 GB
[ 2462.8s] IOs:    741373739  IOPS:   301027  Throughput:  1175.9 MB/s  Total: 2828.12 GB
[ 2463.1s] IOs:    741474281  IOPS:   301032  Throughput:  1175.9 MB/s  Total: 2828.50 GB
[ 2463.4s] IOs:    741574987  IOPS:   301042  Throughput:  1175.9 MB/s  Total: 2828.88 GB
[ 2463.6s] IOs:    741675546  IOPS:   301056  Throughput:  1176.0 MB/s  Total: 2829.27 GB
[ 2463.9s] IOs:    741775978  IOPS:   301055  Throughput:  1176.0 MB/s  Total: 2829.65 GB
[ 2464.1s] IOs:    741876837  IOPS:   301070  Throughput:  1176.1 MB/s  Total: 2830.04 GB
[ 2464.5s] IOs:    741977502  IOPS:   301065  Throughput:  1176.0 MB/s  Total: 2830.42 GB
[ 2464.8s] IOs:    742078202  IOPS:   301068  Throughput:  1176.0 MB/s  Total: 2830.80 GB
[ 2465.1s] IOs:    742178883  IOPS:   301080  Throughput:  1176.1 MB/s  Total: 2831.19 GB
[ 2465.3s] IOs:    742279228  IOPS:   301092  Throughput:  1176.1 MB/s  Total: 2831.57 GB
[ 2465.6s] IOs:    742379500  IOPS:   301099  Throughput:  1176.2 MB/s  Total: 2831.95 GB
[ 2465.9s] IOs:    742480030  IOPS:   301099  Throughput:  1176.2 MB/s  Total: 2832.34 GB
[ 2466.1s] IOs:    742580915  IOPS:   301113  Throughput:  1176.2 MB/s  Total: 2832.72 GB
[ 2466.4s] IOs:    742681792  IOPS:   301116  Throughput:  1176.2 MB/s  Total: 2833.11 GB
[ 2466.8s] IOs:    742782040  IOPS:   301116  Throughput:  1176.2 MB/s  Total: 2833.49 GB
[ 2467.0s] IOs:    742882239  IOPS:   301129  Throughput:  1176.3 MB/s  Total: 2833.87 GB
[ 2467.3s] IOs:    742982724  IOPS:   301132  Throughput:  1176.3 MB/s  Total: 2834.25 GB
[ 2467.5s] IOs:    743083552  IOPS:   301143  Throughput:  1176.3 MB/s  Total: 2834.64 GB
[ 2467.9s] IOs:    743184263  IOPS:   301142  Throughput:  1176.3 MB/s  Total: 2835.02 GB
[ 2468.2s] IOs:    743284679  IOPS:   301147  Throughput:  1176.4 MB/s  Total: 2835.41 GB
[ 2468.4s] IOs:    743384754  IOPS:   301160  Throughput:  1176.4 MB/s  Total: 2835.79 GB
[ 2468.8s] IOs:    743485254  IOPS:   301158  Throughput:  1176.4 MB/s  Total: 2836.17 GB
[ 2469.0s] IOs:    743586013  IOPS:   301171  Throughput:  1176.4 MB/s  Total: 2836.56 GB
[ 2469.3s] IOs:    743686828  IOPS:   301172  Throughput:  1176.5 MB/s  Total: 2836.94 GB
[ 2469.5s] IOs:    743787419  IOPS:   301185  Throughput:  1176.5 MB/s  Total: 2837.32 GB
[ 2469.8s] IOs:    743887571  IOPS:   301189  Throughput:  1176.5 MB/s  Total: 2837.71 GB
[ 2470.1s] IOs:    743987773  IOPS:   301199  Throughput:  1176.6 MB/s  Total: 2838.09 GB
[ 2470.5s] IOs:    744088346  IOPS:   301192  Throughput:  1176.5 MB/s  Total: 2838.47 GB
[ 2470.7s] IOs:    744188716  IOPS:   301202  Throughput:  1176.6 MB/s  Total: 2838.85 GB
[ 2470.9s] IOs:    744289197  IOPS:   301216  Throughput:  1176.6 MB/s  Total: 2839.24 GB
[ 2471.3s] IOs:    744389578  IOPS:   301214  Throughput:  1176.6 MB/s  Total: 2839.62 GB
[ 2471.5s] IOs:    744490063  IOPS:   301228  Throughput:  1176.7 MB/s  Total: 2840.00 GB
[ 2471.9s] IOs:    744590738  IOPS:   301228  Throughput:  1176.7 MB/s  Total: 2840.39 GB
[ 2472.1s] IOs:    744691330  IOPS:   301242  Throughput:  1176.7 MB/s  Total: 2840.77 GB
[ 2472.4s] IOs:    744792223  IOPS:   301242  Throughput:  1176.7 MB/s  Total: 2841.16 GB
[ 2472.6s] IOs:    744892407  IOPS:   301258  Throughput:  1176.8 MB/s  Total: 2841.54 GB
[ 2473.1s] IOs:    744993068  IOPS:   301241  Throughput:  1176.7 MB/s  Total: 2841.92 GB
[ 2473.3s] IOs:    745093452  IOPS:   301255  Throughput:  1176.8 MB/s  Total: 2842.31 GB
[ 2473.6s] IOs:    745194002  IOPS:   301262  Throughput:  1176.8 MB/s  Total: 2842.69 GB
[ 2473.8s] IOs:    745294881  IOPS:   301273  Throughput:  1176.8 MB/s  Total: 2843.07 GB
[ 2474.0s] IOs:    745395158  IOPS:   301286  Throughput:  1176.9 MB/s  Total: 2843.46 GB
[ 2474.3s] IOs:    745495581  IOPS:   301299  Throughput:  1176.9 MB/s  Total: 2843.84 GB
[ 2474.5s] IOs:    745595846  IOPS:   301306  Throughput:  1177.0 MB/s  Total: 2844.22 GB
[ 2474.8s] IOs:    745696427  IOPS:   301317  Throughput:  1177.0 MB/s  Total: 2844.61 GB
[ 2475.0s] IOs:    745797306  IOPS:   301329  Throughput:  1177.1 MB/s  Total: 2844.99 GB
[ 2475.3s] IOs:    745897679  IOPS:   301341  Throughput:  1177.1 MB/s  Total: 2845.37 GB
[ 2475.5s] IOs:    745997998  IOPS:   301351  Throughput:  1177.2 MB/s  Total: 2845.76 GB
[ 2475.7s] IOs:    746098577  IOPS:   301363  Throughput:  1177.2 MB/s  Total: 2846.14 GB
[ 2476.0s] IOs:    746199277  IOPS:   301369  Throughput:  1177.2 MB/s  Total: 2846.52 GB
[ 2476.3s] IOs:    746300031  IOPS:   301382  Throughput:  1177.3 MB/s  Total: 2846.91 GB
[ 2476.5s] IOs:    746400617  IOPS:   301396  Throughput:  1177.3 MB/s  Total: 2847.29 GB
[ 2476.7s] IOs:    746501365  IOPS:   301407  Throughput:  1177.4 MB/s  Total: 2847.68 GB
[ 2476.9s] IOs:    746601982  IOPS:   301420  Throughput:  1177.4 MB/s  Total: 2848.06 GB
[ 2477.2s] IOs:    746702435  IOPS:   301435  Throughput:  1177.5 MB/s  Total: 2848.44 GB
[ 2477.4s] IOs:    746802752  IOPS:   301448  Throughput:  1177.5 MB/s  Total: 2848.83 GB
[ 2477.6s] IOs:    746903624  IOPS:   301465  Throughput:  1177.6 MB/s  Total: 2849.21 GB
[ 2477.8s] IOs:    747004333  IOPS:   301477  Throughput:  1177.6 MB/s  Total: 2849.60 GB
[ 2478.0s] IOs:    747104976  IOPS:   301496  Throughput:  1177.7 MB/s  Total: 2849.98 GB
[ 2478.2s] IOs:    747205853  IOPS:   301512  Throughput:  1177.8 MB/s  Total: 2850.36 GB
[ 2478.4s] IOs:    747306612  IOPS:   301524  Throughput:  1177.8 MB/s  Total: 2850.75 GB
[ 2478.6s] IOs:    747407415  IOPS:   301539  Throughput:  1177.9 MB/s  Total: 2851.13 GB
[ 2478.9s] IOs:    747507804  IOPS:   301542  Throughput:  1177.9 MB/s  Total: 2851.52 GB
[ 2479.1s] IOs:    747608143  IOPS:   301561  Throughput:  1178.0 MB/s  Total: 2851.90 GB
[ 2479.5s] IOs:    747708503  IOPS:   301552  Throughput:  1177.9 MB/s  Total: 2852.28 GB
[ 2479.8s] IOs:    747809319  IOPS:   301559  Throughput:  1178.0 MB/s  Total: 2852.67 GB
[ 2480.0s] IOs:    747909994  IOPS:   301579  Throughput:  1178.0 MB/s  Total: 2853.05 GB
[ 2480.2s] IOs:    748010225  IOPS:   301597  Throughput:  1178.1 MB/s  Total: 2853.43 GB
[ 2480.5s] IOs:    748110962  IOPS:   301599  Throughput:  1178.1 MB/s  Total: 2853.82 GB
[ 2480.6s] IOs:    748211610  IOPS:   301619  Throughput:  1178.2 MB/s  Total: 2854.20 GB
[ 2481.0s] IOs:    748312421  IOPS:   301623  Throughput:  1178.2 MB/s  Total: 2854.59 GB
[ 2481.1s] IOs:    748413175  IOPS:   301642  Throughput:  1178.3 MB/s  Total: 2854.97 GB
[ 2481.4s] IOs:    748513680  IOPS:   301649  Throughput:  1178.3 MB/s  Total: 2855.35 GB
[ 2481.6s] IOs:    748613868  IOPS:   301666  Throughput:  1178.4 MB/s  Total: 2855.74 GB
[ 2482.2s] IOs:    748714570  IOPS:   301627  Throughput:  1178.2 MB/s  Total: 2856.12 GB
[ 2483.4s] IOs:    748815465  IOPS:   301528  Throughput:  1177.8 MB/s  Total: 2856.50 GB
[ 2484.5s] IOs:    748915547  IOPS:   301437  Throughput:  1177.5 MB/s  Total: 2856.89 GB
[ 2485.8s] IOs:    749016198  IOPS:   301315  Throughput:  1177.0 MB/s  Total: 2857.27 GB
[ 2486.8s] IOs:    749117062  IOPS:   301231  Throughput:  1176.7 MB/s  Total: 2857.65 GB
[ 2487.5s] IOs:    749217852  IOPS:   301190  Throughput:  1176.5 MB/s  Total: 2858.04 GB
[ 2488.5s] IOs:    749318424  IOPS:   301116  Throughput:  1176.2 MB/s  Total: 2858.42 GB
[ 2489.6s] IOs:    749419193  IOPS:   301016  Throughput:  1175.8 MB/s  Total: 2858.81 GB
[ 2490.2s] IOs:    749519859  IOPS:   300992  Throughput:  1175.8 MB/s  Total: 2859.19 GB
[ 2490.7s] IOs:    749620361  IOPS:   300964  Throughput:  1175.6 MB/s  Total: 2859.57 GB
[Reader] Parsed 96000000 lines, distributed 749674664 writes, unique 720.00 GB, skipped 10390575
[ 2491.7s] IOs:    749721322  IOPS:   300883  Throughput:  1175.3 MB/s  Total: 2859.96 GB
[ 2492.1s] IOs:    749821921  IOPS:   300885  Throughput:  1175.3 MB/s  Total: 2860.34 GB
[ 2492.7s] IOs:    749922517  IOPS:   300844  Throughput:  1175.2 MB/s  Total: 2860.73 GB
[ 2493.2s] IOs:    750022902  IOPS:   300825  Throughput:  1175.1 MB/s  Total: 2861.11 GB
[ 2493.7s] IOs:    750123756  IOPS:   300805  Throughput:  1175.0 MB/s  Total: 2861.50 GB
[ 2494.2s] IOs:    750224319  IOPS:   300787  Throughput:  1174.9 MB/s  Total: 2861.88 GB
[ 2494.6s] IOs:    750324884  IOPS:   300774  Throughput:  1174.9 MB/s  Total: 2862.26 GB
[ 2495.2s] IOs:    750425278  IOPS:   300744  Throughput:  1174.8 MB/s  Total: 2862.65 GB
[ 2495.6s] IOs:    750525851  IOPS:   300740  Throughput:  1174.8 MB/s  Total: 2863.03 GB
[ 2496.1s] IOs:    750626437  IOPS:   300720  Throughput:  1174.7 MB/s  Total: 2863.41 GB
[ 2496.9s] IOs:    750727311  IOPS:   300659  Throughput:  1174.4 MB/s  Total: 2863.80 GB
[ 2497.2s] IOs:    750828088  IOPS:   300670  Throughput:  1174.5 MB/s  Total: 2864.18 GB
[ 2497.5s] IOs:    750928488  IOPS:   300672  Throughput:  1174.5 MB/s  Total: 2864.56 GB
[ 2498.0s] IOs:    751029139  IOPS:   300654  Throughput:  1174.4 MB/s  Total: 2864.95 GB
[ 2498.3s] IOs:    751129828  IOPS:   300652  Throughput:  1174.4 MB/s  Total: 2865.33 GB
[ 2498.6s] IOs:    751229857  IOPS:   300662  Throughput:  1174.5 MB/s  Total: 2865.71 GB
[ 2499.0s] IOs:    751330741  IOPS:   300651  Throughput:  1174.4 MB/s  Total: 2866.10 GB
[ 2499.4s] IOs:    751431534  IOPS:   300650  Throughput:  1174.4 MB/s  Total: 2866.48 GB
[ 2500.0s] IOs:    751532047  IOPS:   300615  Throughput:  1174.3 MB/s  Total: 2866.87 GB
[ 2500.2s] IOs:    751632508  IOPS:   300627  Throughput:  1174.3 MB/s  Total: 2867.25 GB
[ 2500.5s] IOs:    751732980  IOPS:   300639  Throughput:  1174.4 MB/s  Total: 2867.63 GB
[ 2500.7s] IOs:    751833443  IOPS:   300648  Throughput:  1174.4 MB/s  Total: 2868.02 GB
[ 2500.9s] IOs:    751933870  IOPS:   300661  Throughput:  1174.5 MB/s  Total: 2868.40 GB
[ 2501.2s] IOs:    752034451  IOPS:   300671  Throughput:  1174.5 MB/s  Total: 2868.78 GB
[ 2501.5s] IOs:    752135299  IOPS:   300679  Throughput:  1174.5 MB/s  Total: 2869.17 GB
[ 2501.7s] IOs:    752235601  IOPS:   300690  Throughput:  1174.6 MB/s  Total: 2869.55 GB
[ 2502.0s] IOs:    752336389  IOPS:   300700  Throughput:  1174.6 MB/s  Total: 2869.94 GB
[ 2502.2s] IOs:    752436765  IOPS:   300710  Throughput:  1174.6 MB/s  Total: 2870.32 GB
[ 2502.4s] IOs:    752537033  IOPS:   300721  Throughput:  1174.7 MB/s  Total: 2870.70 GB
[ 2502.7s] IOs:    752637557  IOPS:   300730  Throughput:  1174.7 MB/s  Total: 2871.08 GB
[ 2503.0s] IOs:    752738206  IOPS:   300735  Throughput:  1174.7 MB/s  Total: 2871.47 GB
[ 2503.3s] IOs:    752839166  IOPS:   300741  Throughput:  1174.8 MB/s  Total: 2871.85 GB
[ 2503.6s] IOs:    752939768  IOPS:   300748  Throughput:  1174.8 MB/s  Total: 2872.24 GB
[ 2503.8s] IOs:    753040724  IOPS:   300758  Throughput:  1174.8 MB/s  Total: 2872.62 GB
[ 2504.0s] IOs:    753141270  IOPS:   300772  Throughput:  1174.9 MB/s  Total: 2873.01 GB
[ 2504.7s] IOs:    753242165  IOPS:   300731  Throughput:  1174.7 MB/s  Total: 2873.39 GB
[ 2505.0s] IOs:    753342423  IOPS:   300736  Throughput:  1174.8 MB/s  Total: 2873.77 GB
[ 2505.4s] IOs:    753442453  IOPS:   300728  Throughput:  1174.7 MB/s  Total: 2874.15 GB
[ 2505.6s] IOs:    753542964  IOPS:   300740  Throughput:  1174.8 MB/s  Total: 2874.54 GB
[ 2506.1s] IOs:    753643591  IOPS:   300725  Throughput:  1174.7 MB/s  Total: 2874.92 GB
[ 2506.5s] IOs:    753744008  IOPS:   300717  Throughput:  1174.7 MB/s  Total: 2875.31 GB
[ 2506.7s] IOs:    753844193  IOPS:   300728  Throughput:  1174.7 MB/s  Total: 2875.69 GB
[ 2507.1s] IOs:    753944508  IOPS:   300724  Throughput:  1174.7 MB/s  Total: 2876.07 GB
[ 2507.6s] IOs:    754045391  IOPS:   300707  Throughput:  1174.6 MB/s  Total: 2876.45 GB
[ 2507.8s] IOs:    754146044  IOPS:   300717  Throughput:  1174.7 MB/s  Total: 2876.84 GB
[ 2508.1s] IOs:    754246668  IOPS:   300725  Throughput:  1174.7 MB/s  Total: 2877.22 GB
[ 2508.4s] IOs:    754346918  IOPS:   300726  Throughput:  1174.7 MB/s  Total: 2877.61 GB
[ 2508.7s] IOs:    754447506  IOPS:   300737  Throughput:  1174.8 MB/s  Total: 2877.99 GB
[ 2509.0s] IOs:    754548142  IOPS:   300740  Throughput:  1174.8 MB/s  Total: 2878.37 GB
[ 2509.2s] IOs:    754648859  IOPS:   300751  Throughput:  1174.8 MB/s  Total: 2878.76 GB
[ 2509.5s] IOs:    754749281  IOPS:   300756  Throughput:  1174.8 MB/s  Total: 2879.14 GB
[ 2509.7s] IOs:    754849494  IOPS:   300768  Throughput:  1174.9 MB/s  Total: 2879.52 GB
[ 2510.0s] IOs:    754949767  IOPS:   300774  Throughput:  1174.9 MB/s  Total: 2879.90 GB
[ 2510.3s] IOs:    755050551  IOPS:   300782  Throughput:  1174.9 MB/s  Total: 2880.29 GB
[ 2510.5s] IOs:    755151377  IOPS:   300791  Throughput:  1175.0 MB/s  Total: 2880.67 GB
[ 2511.0s] IOs:    755252046  IOPS:   300782  Throughput:  1174.9 MB/s  Total: 2881.06 GB
[ 2511.3s] IOs:    755352702  IOPS:   300786  Throughput:  1174.9 MB/s  Total: 2881.44 GB
[ 2511.5s] IOs:    755453348  IOPS:   300796  Throughput:  1175.0 MB/s  Total: 2881.83 GB
[ 2511.7s] IOs:    755553994  IOPS:   300810  Throughput:  1175.0 MB/s  Total: 2882.21 GB
[ 2512.1s] IOs:    755654709  IOPS:   300810  Throughput:  1175.0 MB/s  Total: 2882.59 GB
[ 2512.3s] IOs:    755755330  IOPS:   300824  Throughput:  1175.1 MB/s  Total: 2882.98 GB
[ 2512.6s] IOs:    755855692  IOPS:   300821  Throughput:  1175.1 MB/s  Total: 2883.36 GB
[ 2512.9s] IOs:    755956227  IOPS:   300835  Throughput:  1175.1 MB/s  Total: 2883.74 GB
[ 2513.1s] IOs:    756056888  IOPS:   300841  Throughput:  1175.2 MB/s  Total: 2884.13 GB
[ 2513.4s] IOs:    756156941  IOPS:   300855  Throughput:  1175.2 MB/s  Total: 2884.51 GB
[ 2513.6s] IOs:    756257856  IOPS:   300866  Throughput:  1175.3 MB/s  Total: 2884.89 GB
[ 2514.1s] IOs:    756358534  IOPS:   300848  Throughput:  1175.2 MB/s  Total: 2885.28 GB
[ 2514.5s] IOs:    756458985  IOPS:   300833  Throughput:  1175.1 MB/s  Total: 2885.66 GB
[ 2515.0s] IOs:    756559594  IOPS:   300820  Throughput:  1175.1 MB/s  Total: 2886.05 GB
[ 2515.3s] IOs:    756660477  IOPS:   300826  Throughput:  1175.1 MB/s  Total: 2886.43 GB
[ 2515.7s] IOs:    756761291  IOPS:   300821  Throughput:  1175.1 MB/s  Total: 2886.82 GB
[ 2516.2s] IOs:    756862198  IOPS:   300791  Throughput:  1175.0 MB/s  Total: 2887.20 GB
[ 2516.5s] IOs:    756962539  IOPS:   300798  Throughput:  1175.0 MB/s  Total: 2887.58 GB
[ 2516.8s] IOs:    757062664  IOPS:   300808  Throughput:  1175.0 MB/s  Total: 2887.96 GB
[ 2517.2s] IOs:    757163335  IOPS:   300795  Throughput:  1175.0 MB/s  Total: 2888.35 GB
[ 2517.6s] IOs:    757264287  IOPS:   300794  Throughput:  1175.0 MB/s  Total: 2888.73 GB
[ 2517.8s] IOs:    757364965  IOPS:   300803  Throughput:  1175.0 MB/s  Total: 2889.12 GB
[ 2518.1s] IOs:    757465247  IOPS:   300803  Throughput:  1175.0 MB/s  Total: 2889.50 GB
[ 2518.5s] IOs:    757565634  IOPS:   300799  Throughput:  1175.0 MB/s  Total: 2889.88 GB
[ 2518.8s] IOs:    757666195  IOPS:   300809  Throughput:  1175.0 MB/s  Total: 2890.27 GB
[ 2519.2s] IOs:    757767186  IOPS:   300798  Throughput:  1175.0 MB/s  Total: 2890.65 GB
[ 2519.5s] IOs:    757867515  IOPS:   300798  Throughput:  1175.0 MB/s  Total: 2891.04 GB
[ 2519.7s] IOs:    757968126  IOPS:   300811  Throughput:  1175.0 MB/s  Total: 2891.42 GB
[ 2520.1s] IOs:    758068665  IOPS:   300808  Throughput:  1175.0 MB/s  Total: 2891.80 GB
[ 2520.5s] IOs:    758169140  IOPS:   300806  Throughput:  1175.0 MB/s  Total: 2892.19 GB
[ 2520.7s] IOs:    758269637  IOPS:   300816  Throughput:  1175.1 MB/s  Total: 2892.57 GB
[ 2521.0s] IOs:    758370558  IOPS:   300816  Throughput:  1175.1 MB/s  Total: 2892.95 GB
[ 2521.3s] IOs:    758471124  IOPS:   300830  Throughput:  1175.1 MB/s  Total: 2893.34 GB
[ 2521.7s] IOs:    758571721  IOPS:   300823  Throughput:  1175.1 MB/s  Total: 2893.72 GB
[ 2522.0s] IOs:    758672614  IOPS:   300817  Throughput:  1175.1 MB/s  Total: 2894.11 GB
[ 2522.5s] IOs:    758773418  IOPS:   300805  Throughput:  1175.0 MB/s  Total: 2894.49 GB
[ 2522.7s] IOs:    758874163  IOPS:   300815  Throughput:  1175.1 MB/s  Total: 2894.88 GB
[ 2523.1s] IOs:    758975015  IOPS:   300810  Throughput:  1175.0 MB/s  Total: 2895.26 GB
[ 2523.5s] IOs:    759075798  IOPS:   300808  Throughput:  1175.0 MB/s  Total: 2895.64 GB
[ 2523.7s] IOs:    759176380  IOPS:   300816  Throughput:  1175.1 MB/s  Total: 2896.03 GB
[ 2524.0s] IOs:    759276989  IOPS:   300819  Throughput:  1175.1 MB/s  Total: 2896.41 GB
[ 2524.7s] IOs:    759377376  IOPS:   300776  Throughput:  1174.9 MB/s  Total: 2896.79 GB
[ 2525.1s] IOs:    759478201  IOPS:   300770  Throughput:  1174.9 MB/s  Total: 2897.18 GB
[ 2525.4s] IOs:    759578540  IOPS:   300777  Throughput:  1174.9 MB/s  Total: 2897.56 GB
[ 2525.9s] IOs:    759678878  IOPS:   300762  Throughput:  1174.8 MB/s  Total: 2897.94 GB
[ 2526.2s] IOs:    759779846  IOPS:   300760  Throughput:  1174.8 MB/s  Total: 2898.33 GB
[Reader] Parsed 97000000 lines, distributed 759833372 writes, unique 720.00 GB, skipped 11713257
[ 2526.7s] IOs:    759880805  IOPS:   300741  Throughput:  1174.8 MB/s  Total: 2898.72 GB
[ 2526.9s] IOs:    759981570  IOPS:   300754  Throughput:  1174.8 MB/s  Total: 2899.10 GB
[ 2527.3s] IOs:    760082049  IOPS:   300748  Throughput:  1174.8 MB/s  Total: 2899.48 GB
[ 2527.8s] IOs:    760182714  IOPS:   300727  Throughput:  1174.7 MB/s  Total: 2899.87 GB
[ 2528.1s] IOs:    760283316  IOPS:   300733  Throughput:  1174.7 MB/s  Total: 2900.25 GB
[ 2528.3s] IOs:    760383960  IOPS:   300745  Throughput:  1174.8 MB/s  Total: 2900.63 GB
[ 2528.7s] IOs:    760484931  IOPS:   300736  Throughput:  1174.8 MB/s  Total: 2901.02 GB
[ 2529.0s] IOs:    760585513  IOPS:   300747  Throughput:  1174.8 MB/s  Total: 2901.40 GB
[ 2529.4s] IOs:    760686406  IOPS:   300737  Throughput:  1174.8 MB/s  Total: 2901.79 GB
[ 2529.7s] IOs:    760787069  IOPS:   300738  Throughput:  1174.8 MB/s  Total: 2902.17 GB
[ 2529.9s] IOs:    760887694  IOPS:   300752  Throughput:  1174.8 MB/s  Total: 2902.56 GB
[ 2530.4s] IOs:    760988541  IOPS:   300742  Throughput:  1174.8 MB/s  Total: 2902.94 GB
[ 2530.7s] IOs:    761089150  IOPS:   300748  Throughput:  1174.8 MB/s  Total: 2903.32 GB
[ 2530.9s] IOs:    761189652  IOPS:   300762  Throughput:  1174.9 MB/s  Total: 2903.71 GB
[ 2531.2s] IOs:    761290150  IOPS:   300762  Throughput:  1174.9 MB/s  Total: 2904.09 GB
[ 2531.4s] IOs:    761390930  IOPS:   300777  Throughput:  1174.9 MB/s  Total: 2904.48 GB
[ 2531.7s] IOs:    761491579  IOPS:   300780  Throughput:  1174.9 MB/s  Total: 2904.86 GB
[ 2531.9s] IOs:    761592212  IOPS:   300795  Throughput:  1175.0 MB/s  Total: 2905.24 GB
[ 2532.4s] IOs:    761692739  IOPS:   300779  Throughput:  1174.9 MB/s  Total: 2905.63 GB
[ 2532.6s] IOs:    761793484  IOPS:   300791  Throughput:  1175.0 MB/s  Total: 2906.01 GB
[ 2532.8s] IOs:    761894143  IOPS:   300805  Throughput:  1175.0 MB/s  Total: 2906.40 GB
[ 2533.3s] IOs:    761994544  IOPS:   300790  Throughput:  1175.0 MB/s  Total: 2906.78 GB
[ 2533.5s] IOs:    762095104  IOPS:   300805  Throughput:  1175.0 MB/s  Total: 2907.16 GB
[ 2533.8s] IOs:    762195632  IOPS:   300816  Throughput:  1175.1 MB/s  Total: 2907.55 GB
[ 2534.0s] IOs:    762296201  IOPS:   300827  Throughput:  1175.1 MB/s  Total: 2907.93 GB
[ 2534.3s] IOs:    762396867  IOPS:   300830  Throughput:  1175.1 MB/s  Total: 2908.31 GB
[ 2534.5s] IOs:    762497617  IOPS:   300844  Throughput:  1175.2 MB/s  Total: 2908.70 GB
[ 2534.8s] IOs:    762597647  IOPS:   300847  Throughput:  1175.2 MB/s  Total: 2909.08 GB
[ 2535.1s] IOs:    762698216  IOPS:   300852  Throughput:  1175.2 MB/s  Total: 2909.46 GB
[ 2535.4s] IOs:    762798822  IOPS:   300859  Throughput:  1175.2 MB/s  Total: 2909.85 GB
[ 2535.8s] IOs:    762899527  IOPS:   300857  Throughput:  1175.2 MB/s  Total: 2910.23 GB
[ 2536.1s] IOs:    763000213  IOPS:   300850  Throughput:  1175.2 MB/s  Total: 2910.61 GB
[ 2536.5s] IOs:    763100982  IOPS:   300851  Throughput:  1175.2 MB/s  Total: 2911.00 GB
[ 2536.7s] IOs:    763201620  IOPS:   300860  Throughput:  1175.2 MB/s  Total: 2911.38 GB
[ 2537.0s] IOs:    763302021  IOPS:   300873  Throughput:  1175.3 MB/s  Total: 2911.77 GB
[ 2537.4s] IOs:    763402733  IOPS:   300866  Throughput:  1175.3 MB/s  Total: 2912.15 GB
[ 2537.6s] IOs:    763503558  IOPS:   300870  Throughput:  1175.3 MB/s  Total: 2912.53 GB
[ 2537.9s] IOs:    763604295  IOPS:   300884  Throughput:  1175.3 MB/s  Total: 2912.92 GB
[ 2538.2s] IOs:    763704361  IOPS:   300886  Throughput:  1175.3 MB/s  Total: 2913.30 GB
[ 2538.4s] IOs:    763804522  IOPS:   300899  Throughput:  1175.4 MB/s  Total: 2913.68 GB
[ 2538.7s] IOs:    763905228  IOPS:   300904  Throughput:  1175.4 MB/s  Total: 2914.07 GB
[ 2539.9s] IOs:    764006175  IOPS:   300806  Throughput:  1175.0 MB/s  Total: 2914.45 GB
[ 2540.8s] IOs:    764106239  IOPS:   300735  Throughput:  1174.7 MB/s  Total: 2914.83 GB
[ 2541.8s] IOs:    764206621  IOPS:   300656  Throughput:  1174.4 MB/s  Total: 2915.22 GB
[ 2542.8s] IOs:    764307218  IOPS:   300582  Throughput:  1174.1 MB/s  Total: 2915.60 GB
[ 2543.6s] IOs:    764407279  IOPS:   300526  Throughput:  1173.9 MB/s  Total: 2915.98 GB
[ 2544.3s] IOs:    764507953  IOPS:   300479  Throughput:  1173.7 MB/s  Total: 2916.37 GB
[ 2544.9s] IOs:    764608463  IOPS:   300449  Throughput:  1173.6 MB/s  Total: 2916.75 GB
[ 2545.7s] IOs:    764709497  IOPS:   300390  Throughput:  1173.4 MB/s  Total: 2917.14 GB
[ 2546.2s] IOs:    764810168  IOPS:   300370  Throughput:  1173.3 MB/s  Total: 2917.52 GB
[ 2546.8s] IOs:    764910730  IOPS:   300339  Throughput:  1173.2 MB/s  Total: 2917.90 GB
[ 2547.4s] IOs:    765011470  IOPS:   300309  Throughput:  1173.1 MB/s  Total: 2918.29 GB
[ 2547.9s] IOs:    765111880  IOPS:   300297  Throughput:  1173.0 MB/s  Total: 2918.67 GB
[ 2548.4s] IOs:    765212419  IOPS:   300272  Throughput:  1172.9 MB/s  Total: 2919.05 GB
[ 2549.3s] IOs:    765312800  IOPS:   300205  Throughput:  1172.7 MB/s  Total: 2919.44 GB
[ 2549.6s] IOs:    765412969  IOPS:   300206  Throughput:  1172.7 MB/s  Total: 2919.82 GB
[ 2549.9s] IOs:    765513300  IOPS:   300216  Throughput:  1172.7 MB/s  Total: 2920.20 GB
[ 2550.1s] IOs:    765613742  IOPS:   300225  Throughput:  1172.8 MB/s  Total: 2920.58 GB
[ 2550.4s] IOs:    765714318  IOPS:   300234  Throughput:  1172.8 MB/s  Total: 2920.97 GB
[ 2550.7s] IOs:    765814499  IOPS:   300241  Throughput:  1172.8 MB/s  Total: 2921.35 GB
[ 2551.0s] IOs:    765914997  IOPS:   300247  Throughput:  1172.8 MB/s  Total: 2921.73 GB
[ 2551.2s] IOs:    766015204  IOPS:   300252  Throughput:  1172.9 MB/s  Total: 2922.12 GB
[ 2551.5s] IOs:    766116055  IOPS:   300261  Throughput:  1172.9 MB/s  Total: 2922.50 GB
[ 2551.8s] IOs:    766216792  IOPS:   300261  Throughput:  1172.9 MB/s  Total: 2922.89 GB
[ 2552.2s] IOs:    766317361  IOPS:   300255  Throughput:  1172.9 MB/s  Total: 2923.27 GB
[ 2552.5s] IOs:    766418270  IOPS:   300262  Throughput:  1172.9 MB/s  Total: 2923.65 GB
[ 2552.8s] IOs:    766519174  IOPS:   300270  Throughput:  1172.9 MB/s  Total: 2924.04 GB
[ 2553.3s] IOs:    766619213  IOPS:   300250  Throughput:  1172.9 MB/s  Total: 2924.42 GB
[ 2553.5s] IOs:    766719973  IOPS:   300261  Throughput:  1172.9 MB/s  Total: 2924.80 GB
[ 2553.8s] IOs:    766820328  IOPS:   300269  Throughput:  1172.9 MB/s  Total: 2925.19 GB
[ 2554.1s] IOs:    766920558  IOPS:   300269  Throughput:  1172.9 MB/s  Total: 2925.57 GB
[ 2554.4s] IOs:    767020910  IOPS:   300276  Throughput:  1173.0 MB/s  Total: 2925.95 GB
[ 2554.6s] IOs:    767121458  IOPS:   300287  Throughput:  1173.0 MB/s  Total: 2926.34 GB
[ 2554.9s] IOs:    767222148  IOPS:   300297  Throughput:  1173.0 MB/s  Total: 2926.72 GB
[ 2555.1s] IOs:    767322773  IOPS:   300309  Throughput:  1173.1 MB/s  Total: 2927.10 GB
[ 2555.3s] IOs:    767423116  IOPS:   300320  Throughput:  1173.1 MB/s  Total: 2927.49 GB
[ 2555.6s] IOs:    767523602  IOPS:   300333  Throughput:  1173.2 MB/s  Total: 2927.87 GB
[ 2555.8s] IOs:    767624470  IOPS:   300343  Throughput:  1173.2 MB/s  Total: 2928.25 GB
[ 2556.0s] IOs:    767725487  IOPS:   300358  Throughput:  1173.3 MB/s  Total: 2928.64 GB
[ 2556.3s] IOs:    767826199  IOPS:   300362  Throughput:  1173.3 MB/s  Total: 2929.02 GB
[ 2556.6s] IOs:    767926987  IOPS:   300376  Throughput:  1173.3 MB/s  Total: 2929.41 GB
[ 2556.8s] IOs:    768027864  IOPS:   300381  Throughput:  1173.4 MB/s  Total: 2929.79 GB
[ 2557.1s] IOs:    768127869  IOPS:   300387  Throughput:  1173.4 MB/s  Total: 2930.18 GB
[ 2557.3s] IOs:    768228766  IOPS:   300400  Throughput:  1173.4 MB/s  Total: 2930.56 GB
[ 2557.6s] IOs:    768329290  IOPS:   300413  Throughput:  1173.5 MB/s  Total: 2930.94 GB
[ 2558.1s] IOs:    768429681  IOPS:   300388  Throughput:  1173.4 MB/s  Total: 2931.33 GB
[ 2558.4s] IOs:    768530043  IOPS:   300397  Throughput:  1173.4 MB/s  Total: 2931.71 GB
[ 2558.6s] IOs:    768630386  IOPS:   300409  Throughput:  1173.5 MB/s  Total: 2932.09 GB
[ 2558.8s] IOs:    768730993  IOPS:   300421  Throughput:  1173.5 MB/s  Total: 2932.48 GB
[ 2559.1s] IOs:    768831492  IOPS:   300432  Throughput:  1173.6 MB/s  Total: 2932.86 GB
[ 2559.3s] IOs:    768931986  IOPS:   300444  Throughput:  1173.6 MB/s  Total: 2933.24 GB
[ 2559.6s] IOs:    769032282  IOPS:   300455  Throughput:  1173.7 MB/s  Total: 2933.63 GB
[ 2559.8s] IOs:    769132670  IOPS:   300463  Throughput:  1173.7 MB/s  Total: 2934.01 GB
[ 2560.0s] IOs:    769233442  IOPS:   300476  Throughput:  1173.7 MB/s  Total: 2934.39 GB
[ 2560.3s] IOs:    769334111  IOPS:   300491  Throughput:  1173.8 MB/s  Total: 2934.78 GB
[ 2560.5s] IOs:    769435104  IOPS:   300506  Throughput:  1173.9 MB/s  Total: 2935.16 GB
[ 2560.7s] IOs:    769536003  IOPS:   300514  Throughput:  1173.9 MB/s  Total: 2935.55 GB
[ 2561.0s] IOs:    769636838  IOPS:   300525  Throughput:  1173.9 MB/s  Total: 2935.93 GB
[Reader] Parsed 98000000 lines, distributed 769654007 writes, unique 720.00 GB, skipped 12968011
[ 2561.2s] IOs:    769737663  IOPS:   300540  Throughput:  1174.0 MB/s  Total: 2936.32 GB
[ 2561.5s] IOs:    769838437  IOPS:   300544  Throughput:  1174.0 MB/s  Total: 2936.70 GB
[ 2562.0s] IOs:    769938699  IOPS:   300523  Throughput:  1173.9 MB/s  Total: 2937.08 GB
[ 2562.3s] IOs:    770039211  IOPS:   300530  Throughput:  1173.9 MB/s  Total: 2937.47 GB
[ 2562.5s] IOs:    770139625  IOPS:   300541  Throughput:  1174.0 MB/s  Total: 2937.85 GB
[ 2562.8s] IOs:    770240067  IOPS:   300547  Throughput:  1174.0 MB/s  Total: 2938.23 GB
[ 2563.0s] IOs:    770340506  IOPS:   300558  Throughput:  1174.1 MB/s  Total: 2938.62 GB
[ 2563.3s] IOs:    770440998  IOPS:   300569  Throughput:  1174.1 MB/s  Total: 2939.00 GB
[ 2563.5s] IOs:    770541239  IOPS:   300581  Throughput:  1174.1 MB/s  Total: 2939.38 GB
[ 2563.7s] IOs:    770641781  IOPS:   300593  Throughput:  1174.2 MB/s  Total: 2939.77 GB
[ 2564.0s] IOs:    770742812  IOPS:   300599  Throughput:  1174.2 MB/s  Total: 2940.15 GB
[ 2564.2s] IOs:    770843436  IOPS:   300612  Throughput:  1174.3 MB/s  Total: 2940.53 GB
[ 2564.5s] IOs:    770943710  IOPS:   300625  Throughput:  1174.3 MB/s  Total: 2940.92 GB
[ 2564.7s] IOs:    771044011  IOPS:   300637  Throughput:  1174.4 MB/s  Total: 2941.30 GB
[ 2565.0s] IOs:    771144649  IOPS:   300645  Throughput:  1174.4 MB/s  Total: 2941.68 GB
[ 2565.2s] IOs:    771245091  IOPS:   300655  Throughput:  1174.4 MB/s  Total: 2942.07 GB
[ 2565.5s] IOs:    771345875  IOPS:   300664  Throughput:  1174.5 MB/s  Total: 2942.45 GB
[ 2565.7s] IOs:    771446437  IOPS:   300678  Throughput:  1174.5 MB/s  Total: 2942.83 GB
[ 2566.0s] IOs:    771546893  IOPS:   300684  Throughput:  1174.5 MB/s  Total: 2943.22 GB
[ 2566.2s] IOs:    771647404  IOPS:   300691  Throughput:  1174.6 MB/s  Total: 2943.60 GB
[ 2566.5s] IOs:    771748281  IOPS:   300706  Throughput:  1174.6 MB/s  Total: 2943.99 GB
[ 2566.7s] IOs:    771848408  IOPS:   300720  Throughput:  1174.7 MB/s  Total: 2944.37 GB
[ 2567.3s] IOs:    771948835  IOPS:   300686  Throughput:  1174.6 MB/s  Total: 2944.75 GB
[ 2567.5s] IOs:    772049334  IOPS:   300698  Throughput:  1174.6 MB/s  Total: 2945.13 GB
[ 2567.8s] IOs:    772149459  IOPS:   300708  Throughput:  1174.6 MB/s  Total: 2945.52 GB
[ 2568.0s] IOs:    772249789  IOPS:   300719  Throughput:  1174.7 MB/s  Total: 2945.90 GB
[ 2568.3s] IOs:    772350546  IOPS:   300728  Throughput:  1174.7 MB/s  Total: 2946.28 GB
[ 2568.5s] IOs:    772450987  IOPS:   300742  Throughput:  1174.8 MB/s  Total: 2946.67 GB
[ 2568.7s] IOs:    772551328  IOPS:   300755  Throughput:  1174.8 MB/s  Total: 2947.05 GB
[ 2569.0s] IOs:    772651863  IOPS:   300760  Throughput:  1174.8 MB/s  Total: 2947.43 GB
[ 2569.2s] IOs:    772752307  IOPS:   300771  Throughput:  1174.9 MB/s  Total: 2947.82 GB
[ 2569.5s] IOs:    772852774  IOPS:   300776  Throughput:  1174.9 MB/s  Total: 2948.20 GB
[ 2569.7s] IOs:    772953378  IOPS:   300790  Throughput:  1175.0 MB/s  Total: 2948.58 GB
[ 2570.0s] IOs:    773053994  IOPS:   300804  Throughput:  1175.0 MB/s  Total: 2948.97 GB
[ 2570.2s] IOs:    773154884  IOPS:   300813  Throughput:  1175.1 MB/s  Total: 2949.35 GB
[ 2570.4s] IOs:    773255688  IOPS:   300827  Throughput:  1175.1 MB/s  Total: 2949.74 GB
[ 2570.7s] IOs:    773356000  IOPS:   300838  Throughput:  1175.1 MB/s  Total: 2950.12 GB
[ 2570.9s] IOs:    773456500  IOPS:   300851  Throughput:  1175.2 MB/s  Total: 2950.50 GB
[ 2571.1s] IOs:    773556908  IOPS:   300864  Throughput:  1175.3 MB/s  Total: 2950.89 GB
[ 2571.3s] IOs:    773657726  IOPS:   300876  Throughput:  1175.3 MB/s  Total: 2951.27 GB
[ 2571.6s] IOs:    773758521  IOPS:   300890  Throughput:  1175.4 MB/s  Total: 2951.65 GB
[ 2571.8s] IOs:    773859043  IOPS:   300903  Throughput:  1175.4 MB/s  Total: 2952.04 GB
[ 2572.0s] IOs:    773959884  IOPS:   300914  Throughput:  1175.4 MB/s  Total: 2952.42 GB
[ 2572.3s] IOs:    774060619  IOPS:   300927  Throughput:  1175.5 MB/s  Total: 2952.81 GB
[ 2573.0s] IOs:    774161520  IOPS:   300879  Throughput:  1175.3 MB/s  Total: 2953.19 GB
[ 2573.3s] IOs:    774262327  IOPS:   300882  Throughput:  1175.3 MB/s  Total: 2953.58 GB
[ 2573.5s] IOs:    774363027  IOPS:   300895  Throughput:  1175.4 MB/s  Total: 2953.96 GB
[ 2574.0s] IOs:    774463551  IOPS:   300879  Throughput:  1175.3 MB/s  Total: 2954.34 GB
[ 2574.4s] IOs:    774564315  IOPS:   300871  Throughput:  1175.3 MB/s  Total: 2954.73 GB
[ 2574.8s] IOs:    774664935  IOPS:   300869  Throughput:  1175.3 MB/s  Total: 2955.11 GB
[ 2575.0s] IOs:    774765568  IOPS:   300878  Throughput:  1175.3 MB/s  Total: 2955.50 GB
[ 2575.7s] IOs:    774865847  IOPS:   300839  Throughput:  1175.2 MB/s  Total: 2955.88 GB
[ 2575.9s] IOs:    774966369  IOPS:   300851  Throughput:  1175.2 MB/s  Total: 2956.26 GB
[ 2576.1s] IOs:    775066948  IOPS:   300863  Throughput:  1175.2 MB/s  Total: 2956.65 GB
[ 2576.4s] IOs:    775166990  IOPS:   300872  Throughput:  1175.3 MB/s  Total: 2957.03 GB
[ 2576.6s] IOs:    775267382  IOPS:   300885  Throughput:  1175.3 MB/s  Total: 2957.41 GB
[ 2576.9s] IOs:    775367677  IOPS:   300897  Throughput:  1175.4 MB/s  Total: 2957.79 GB
[ 2577.1s] IOs:    775468418  IOPS:   300903  Throughput:  1175.4 MB/s  Total: 2958.18 GB
[ 2577.4s] IOs:    775568961  IOPS:   300913  Throughput:  1175.4 MB/s  Total: 2958.56 GB
[ 2577.6s] IOs:    775669809  IOPS:   300926  Throughput:  1175.5 MB/s  Total: 2958.95 GB
[ 2577.9s] IOs:    775770588  IOPS:   300929  Throughput:  1175.5 MB/s  Total: 2959.33 GB
[ 2578.1s] IOs:    775871036  IOPS:   300942  Throughput:  1175.6 MB/s  Total: 2959.71 GB
[ 2578.5s] IOs:    775971582  IOPS:   300941  Throughput:  1175.6 MB/s  Total: 2960.10 GB
[ 2578.8s] IOs:    776072140  IOPS:   300948  Throughput:  1175.6 MB/s  Total: 2960.48 GB
[ 2579.0s] IOs:    776172600  IOPS:   300961  Throughput:  1175.6 MB/s  Total: 2960.86 GB
[ 2579.3s] IOs:    776273094  IOPS:   300961  Throughput:  1175.6 MB/s  Total: 2961.25 GB
[ 2579.5s] IOs:    776373183  IOPS:   300974  Throughput:  1175.7 MB/s  Total: 2961.63 GB
[ 2579.8s] IOs:    776473557  IOPS:   300978  Throughput:  1175.7 MB/s  Total: 2962.01 GB
[ 2580.1s] IOs:    776574182  IOPS:   300991  Throughput:  1175.7 MB/s  Total: 2962.40 GB
[ 2580.4s] IOs:    776674642  IOPS:   300995  Throughput:  1175.8 MB/s  Total: 2962.78 GB
[ 2580.6s] IOs:    776775471  IOPS:   301008  Throughput:  1175.8 MB/s  Total: 2963.16 GB
[ 2580.8s] IOs:    776875870  IOPS:   301016  Throughput:  1175.8 MB/s  Total: 2963.55 GB
[ 2581.1s] IOs:    776976463  IOPS:   301028  Throughput:  1175.9 MB/s  Total: 2963.93 GB
[ 2581.3s] IOs:    777076845  IOPS:   301039  Throughput:  1175.9 MB/s  Total: 2964.31 GB
[ 2581.5s] IOs:    777177378  IOPS:   301054  Throughput:  1176.0 MB/s  Total: 2964.70 GB
[ 2581.8s] IOs:    777277554  IOPS:   301060  Throughput:  1176.0 MB/s  Total: 2965.08 GB
[ 2582.0s] IOs:    777378107  IOPS:   301076  Throughput:  1176.1 MB/s  Total: 2965.46 GB
[ 2582.3s] IOs:    777478697  IOPS:   301082  Throughput:  1176.1 MB/s  Total: 2965.85 GB
[ 2582.5s] IOs:    777579081  IOPS:   301099  Throughput:  1176.2 MB/s  Total: 2966.23 GB
[ 2582.6s] IOs:    777679919  IOPS:   301117  Throughput:  1176.2 MB/s  Total: 2966.61 GB
[ 2582.9s] IOs:    777780505  IOPS:   301124  Throughput:  1176.3 MB/s  Total: 2967.00 GB
[ 2583.3s] IOs:    777880522  IOPS:   301124  Throughput:  1176.3 MB/s  Total: 2967.38 GB
[ 2583.4s] IOs:    777981434  IOPS:   301143  Throughput:  1176.3 MB/s  Total: 2967.76 GB
[ 2583.8s] IOs:    778081916  IOPS:   301144  Throughput:  1176.3 MB/s  Total: 2968.15 GB
[ 2583.9s] IOs:    778181969  IOPS:   301163  Throughput:  1176.4 MB/s  Total: 2968.53 GB
[ 2584.1s] IOs:    778282585  IOPS:   301181  Throughput:  1176.5 MB/s  Total: 2968.91 GB
[ 2584.4s] IOs:    778383060  IOPS:   301182  Throughput:  1176.5 MB/s  Total: 2969.30 GB
[ 2584.6s] IOs:    778483941  IOPS:   301201  Throughput:  1176.6 MB/s  Total: 2969.68 GB
[ 2585.1s] IOs:    778584289  IOPS:   301180  Throughput:  1176.5 MB/s  Total: 2970.06 GB
[ 2585.3s] IOs:    778685273  IOPS:   301198  Throughput:  1176.6 MB/s  Total: 2970.45 GB
[ 2585.5s] IOs:    778785880  IOPS:   301213  Throughput:  1176.6 MB/s  Total: 2970.83 GB
[ 2586.0s] IOs:    778886263  IOPS:   301194  Throughput:  1176.5 MB/s  Total: 2971.22 GB
[Reader] Parsed 99000000 lines, distributed 778957408 writes, unique 720.00 GB, skipped 14540507
[ 2586.3s] IOs:    778987063  IOPS:   301194  Throughput:  1176.5 MB/s  Total: 2971.60 GB
[ 2586.6s] IOs:    779087570  IOPS:   301206  Throughput:  1176.6 MB/s  Total: 2971.98 GB
[ 2587.0s] IOs:    779188015  IOPS:   301198  Throughput:  1176.6 MB/s  Total: 2972.37 GB
[ 2587.3s] IOs:    779288293  IOPS:   301196  Throughput:  1176.5 MB/s  Total: 2972.75 GB
[ 2587.5s] IOs:    779389117  IOPS:   301213  Throughput:  1176.6 MB/s  Total: 2973.13 GB
[ 2587.9s] IOs:    779489772  IOPS:   301206  Throughput:  1176.6 MB/s  Total: 2973.52 GB
[ 2588.1s] IOs:    779590580  IOPS:   301223  Throughput:  1176.7 MB/s  Total: 2973.90 GB
[ 2588.4s] IOs:    779690704  IOPS:   301223  Throughput:  1176.7 MB/s  Total: 2974.28 GB
[ 2588.8s] IOs:    779790752  IOPS:   301222  Throughput:  1176.7 MB/s  Total: 2974.67 GB
[ 2588.9s] IOs:    779891030  IOPS:   301239  Throughput:  1176.7 MB/s  Total: 2975.05 GB
[ 2589.3s] IOs:    779991641  IOPS:   301237  Throughput:  1176.7 MB/s  Total: 2975.43 GB
[ 2589.5s] IOs:    780092363  IOPS:   301253  Throughput:  1176.8 MB/s  Total: 2975.82 GB
[ 2589.8s] IOs:    780193081  IOPS:   301261  Throughput:  1176.8 MB/s  Total: 2976.20 GB
[ 2589.9s] IOs:    780293416  IOPS:   301278  Throughput:  1176.9 MB/s  Total: 2976.58 GB
[ 2590.4s] IOs:    780394192  IOPS:   301263  Throughput:  1176.8 MB/s  Total: 2976.97 GB
[ 2590.6s] IOs:    780494565  IOPS:   301276  Throughput:  1176.9 MB/s  Total: 2977.35 GB
[ 2590.8s] IOs:    780595344  IOPS:   301291  Throughput:  1176.9 MB/s  Total: 2977.73 GB
[ 2591.0s] IOs:    780696205  IOPS:   301309  Throughput:  1177.0 MB/s  Total: 2978.12 GB
[ 2591.4s] IOs:    780796675  IOPS:   301307  Throughput:  1177.0 MB/s  Total: 2978.50 GB
[ 2591.6s] IOs:    780897323  IOPS:   301323  Throughput:  1177.0 MB/s  Total: 2978.89 GB
[ 2591.9s] IOs:    780997903  IOPS:   301320  Throughput:  1177.0 MB/s  Total: 2979.27 GB
[ 2592.1s] IOs:    781098822  IOPS:   301334  Throughput:  1177.1 MB/s  Total: 2979.66 GB
[ 2592.4s] IOs:    781199326  IOPS:   301342  Throughput:  1177.1 MB/s  Total: 2980.04 GB
[ 2592.6s] IOs:    781299797  IOPS:   301357  Throughput:  1177.2 MB/s  Total: 2980.42 GB
[ 2592.9s] IOs:    781400643  IOPS:   301362  Throughput:  1177.2 MB/s  Total: 2980.81 GB
[ 2593.1s] IOs:    781501080  IOPS:   301380  Throughput:  1177.3 MB/s  Total: 2981.19 GB
[ 2593.4s] IOs:    781601665  IOPS:   301385  Throughput:  1177.3 MB/s  Total: 2981.57 GB
[ 2593.6s] IOs:    781702326  IOPS:   301402  Throughput:  1177.4 MB/s  Total: 2981.96 GB
[ 2593.8s] IOs:    781802743  IOPS:   301409  Throughput:  1177.4 MB/s  Total: 2982.34 GB
[ 2594.0s] IOs:    781903142  IOPS:   301426  Throughput:  1177.4 MB/s  Total: 2982.72 GB
[ 2594.3s] IOs:    782003858  IOPS:   301432  Throughput:  1177.5 MB/s  Total: 2983.11 GB
[ 2594.5s] IOs:    782104455  IOPS:   301448  Throughput:  1177.5 MB/s  Total: 2983.49 GB
[ 2594.7s] IOs:    782204998  IOPS:   301463  Throughput:  1177.6 MB/s  Total: 2983.88 GB
[ 2594.9s] IOs:    782305940  IOPS:   301474  Throughput:  1177.6 MB/s  Total: 2984.26 GB
[ 2595.1s] IOs:    782406557  IOPS:   301492  Throughput:  1177.7 MB/s  Total: 2984.64 GB
[ 2595.4s] IOs:    782506696  IOPS:   301501  Throughput:  1177.7 MB/s  Total: 2985.03 GB
[ 2595.6s] IOs:    782607229  IOPS:   301519  Throughput:  1177.8 MB/s  Total: 2985.41 GB
[ 2595.8s] IOs:    782707969  IOPS:   301531  Throughput:  1177.9 MB/s  Total: 2985.79 GB
[ 2596.0s] IOs:    782808510  IOPS:   301548  Throughput:  1177.9 MB/s  Total: 2986.18 GB
[ 2596.1s] IOs:    782908638  IOPS:   301565  Throughput:  1178.0 MB/s  Total: 2986.56 GB
[ 2596.3s] IOs:    783008923  IOPS:   301581  Throughput:  1178.1 MB/s  Total: 2986.94 GB
[ 2596.7s] IOs:    783109508  IOPS:   301575  Throughput:  1178.0 MB/s  Total: 2987.33 GB
[ 2597.0s] IOs:    783210332  IOPS:   301585  Throughput:  1178.1 MB/s  Total: 2987.71 GB
[ 2597.3s] IOs:    783311052  IOPS:   301584  Throughput:  1178.1 MB/s  Total: 2988.09 GB
[ 2597.5s] IOs:    783411668  IOPS:   301601  Throughput:  1178.1 MB/s  Total: 2988.48 GB
[ 2598.1s] IOs:    783512363  IOPS:   301575  Throughput:  1178.0 MB/s  Total: 2988.86 GB
[ 2598.3s] IOs:    783612792  IOPS:   301591  Throughput:  1178.1 MB/s  Total: 2989.25 GB
[ 2598.5s] IOs:    783713553  IOPS:   301608  Throughput:  1178.2 MB/s  Total: 2989.63 GB
[ 2598.9s] IOs:    783814117  IOPS:   301592  Throughput:  1178.1 MB/s  Total: 2990.01 GB
[ 2599.1s] IOs:    783914694  IOPS:   301609  Throughput:  1178.2 MB/s  Total: 2990.40 GB
[ 2599.4s] IOs:    784014711  IOPS:   301618  Throughput:  1178.2 MB/s  Total: 2990.78 GB
[ 2599.6s] IOs:    784115072  IOPS:   301634  Throughput:  1178.3 MB/s  Total: 2991.16 GB
[ 2599.9s] IOs:    784215680  IOPS:   301630  Throughput:  1178.2 MB/s  Total: 2991.55 GB
[ 2600.1s] IOs:    784316241  IOPS:   301648  Throughput:  1178.3 MB/s  Total: 2991.93 GB
[ 2600.4s] IOs:    784416837  IOPS:   301653  Throughput:  1178.3 MB/s  Total: 2992.31 GB
[ 2600.6s] IOs:    784516945  IOPS:   301670  Throughput:  1178.4 MB/s  Total: 2992.69 GB
[ 2600.9s] IOs:    784617517  IOPS:   301673  Throughput:  1178.4 MB/s  Total: 2993.08 GB
[ 2601.1s] IOs:    784718357  IOPS:   301691  Throughput:  1178.5 MB/s  Total: 2993.46 GB
[ 2601.4s] IOs:    784819141  IOPS:   301696  Throughput:  1178.5 MB/s  Total: 2993.85 GB
[ 2601.5s] IOs:    784919602  IOPS:   301714  Throughput:  1178.6 MB/s  Total: 2994.23 GB
[ 2601.8s] IOs:    785019953  IOPS:   301721  Throughput:  1178.6 MB/s  Total: 2994.61 GB
[ 2602.3s] IOs:    785120541  IOPS:   301708  Throughput:  1178.5 MB/s  Total: 2995.00 GB
[ 2602.4s] IOs:    785221344  IOPS:   301725  Throughput:  1178.6 MB/s  Total: 2995.38 GB
[ 2602.9s] IOs:    785322153  IOPS:   301705  Throughput:  1178.5 MB/s  Total: 2995.77 GB
[ 2603.3s] IOs:    785422941  IOPS:   301703  Throughput:  1178.5 MB/s  Total: 2996.15 GB
[ 2603.5s] IOs:    785523331  IOPS:   301721  Throughput:  1178.6 MB/s  Total: 2996.53 GB
[ 2604.0s] IOs:    785623808  IOPS:   301700  Throughput:  1178.5 MB/s  Total: 2996.92 GB
[ 2604.3s] IOs:    785724293  IOPS:   301705  Throughput:  1178.5 MB/s  Total: 2997.30 GB
[ 2604.5s] IOs:    785825121  IOPS:   301722  Throughput:  1178.6 MB/s  Total: 2997.68 GB
[ 2605.0s] IOs:    785925800  IOPS:   301703  Throughput:  1178.5 MB/s  Total: 2998.07 GB
[ 2605.2s] IOs:    786026089  IOPS:   301719  Throughput:  1178.6 MB/s  Total: 2998.45 GB
[ 2605.4s] IOs:    786126474  IOPS:   301730  Throughput:  1178.6 MB/s  Total: 2998.83 GB
[ 2605.6s] IOs:    786227011  IOPS:   301747  Throughput:  1178.7 MB/s  Total: 2999.22 GB
[ 2605.9s] IOs:    786327515  IOPS:   301744  Throughput:  1178.7 MB/s  Total: 2999.60 GB
[ 2606.3s] IOs:    786428200  IOPS:   301745  Throughput:  1178.7 MB/s  Total: 2999.99 GB
[ 2618.8s] IOs:    786529254  IOPS:   300341  Throughput:  1173.2 MB/s  Total: 3000.37 GB
[ 2622.8s] IOs:    786629527  IOPS:   299922  Throughput:  1171.6 MB/s  Total: 3000.75 GB
[ 2625.4s] IOs:    786729607  IOPS:   299665  Throughput:  1170.6 MB/s  Total: 3001.14 GB
[ 2627.8s] IOs:    786829881  IOPS:   299427  Throughput:  1169.6 MB/s  Total: 3001.52 GB
[ 2629.4s] IOs:    786930070  IOPS:   299283  Throughput:  1169.1 MB/s  Total: 3001.90 GB
[ 2631.3s] IOs:    787031039  IOPS:   299109  Throughput:  1168.4 MB/s  Total: 3002.29 GB
[ 2632.4s] IOs:    787131102  IOPS:   299020  Throughput:  1168.0 MB/s  Total: 3002.67 GB
[ 2633.8s] IOs:    787231389  IOPS:   298891  Throughput:  1167.5 MB/s  Total: 3003.05 GB
[ 2634.8s] IOs:    787332215  IOPS:   298823  Throughput:  1167.3 MB/s  Total: 3003.43 GB
[ 2635.8s] IOs:    787432732  IOPS:   298749  Throughput:  1167.0 MB/s  Total: 3003.82 GB
[Reader] Parsed 100000000 lines, distributed 787480863 writes, unique 720.00 GB, skipped 16005990
[ 2636.4s] IOs:    787533491  IOPS:   298717  Throughput:  1166.9 MB/s  Total: 3004.20 GB
[ 2637.4s] IOs:    787634432  IOPS:   298645  Throughput:  1166.6 MB/s  Total: 3004.59 GB
[ 2638.0s] IOs:    787735275  IOPS:   298616  Throughput:  1166.5 MB/s  Total: 3004.97 GB
[ 2638.8s] IOs:    787836175  IOPS:   298554  Throughput:  1166.2 MB/s  Total: 3005.36 GB
[ 2639.4s] IOs:    787936893  IOPS:   298527  Throughput:  1166.1 MB/s  Total: 3005.74 GB
[ 2640.0s] IOs:    788037706  IOPS:   298501  Throughput:  1166.0 MB/s  Total: 3006.13 GB
[ 2640.8s] IOs:    788138689  IOPS:   298450  Throughput:  1165.8 MB/s  Total: 3006.51 GB
[ 2641.3s] IOs:    788239394  IOPS:   298427  Throughput:  1165.7 MB/s  Total: 3006.89 GB
[ 2641.8s] IOs:    788340199  IOPS:   298406  Throughput:  1165.6 MB/s  Total: 3007.28 GB
[ 2642.3s] IOs:    788440741  IOPS:   298388  Throughput:  1165.6 MB/s  Total: 3007.66 GB
[ 2642.8s] IOs:    788541393  IOPS:   298375  Throughput:  1165.5 MB/s  Total: 3008.05 GB
[ 2643.0s] IOs:    788641890  IOPS:   298384  Throughput:  1165.6 MB/s  Total: 3008.43 GB
[ 2643.6s] IOs:    788742716  IOPS:   298356  Throughput:  1165.5 MB/s  Total: 3008.81 GB
[ 2644.1s] IOs:    788843376  IOPS:   298338  Throughput:  1165.4 MB/s  Total: 3009.20 GB
[ 2644.4s] IOs:    788943902  IOPS:   298342  Throughput:  1165.4 MB/s  Total: 3009.58 GB
[ 2644.9s] IOs:    789044146  IOPS:   298323  Throughput:  1165.3 MB/s  Total: 3009.96 GB
[ 2645.4s] IOs:    789145113  IOPS:   298308  Throughput:  1165.3 MB/s  Total: 3010.35 GB
[ 2645.8s] IOs:    789245515  IOPS:   298304  Throughput:  1165.2 MB/s  Total: 3010.73 GB
[ 2646.1s] IOs:    789346197  IOPS:   298309  Throughput:  1165.3 MB/s  Total: 3011.12 GB
[ 2646.4s] IOs:    789446594  IOPS:   298306  Throughput:  1165.3 MB/s  Total: 3011.50 GB
[ 2646.9s] IOs:    789547412  IOPS:   298290  Throughput:  1165.2 MB/s  Total: 3011.88 GB
[ 2647.2s] IOs:    789647996  IOPS:   298301  Throughput:  1165.2 MB/s  Total: 3012.27 GB
[ 2647.5s] IOs:    789748880  IOPS:   298303  Throughput:  1165.2 MB/s  Total: 3012.65 GB
[ 2648.0s] IOs:    789849621  IOPS:   298285  Throughput:  1165.2 MB/s  Total: 3013.04 GB
[ 2648.4s] IOs:    789950312  IOPS:   298279  Throughput:  1165.2 MB/s  Total: 3013.42 GB
[ 2648.9s] IOs:    790050948  IOPS:   298253  Throughput:  1165.0 MB/s  Total: 3013.81 GB
[ 2649.3s] IOs:    790151592  IOPS:   298248  Throughput:  1165.0 MB/s  Total: 3014.19 GB
[ 2649.5s] IOs:    790252195  IOPS:   298262  Throughput:  1165.1 MB/s  Total: 3014.57 GB
[ 2650.1s] IOs:    790352859  IOPS:   298238  Throughput:  1165.0 MB/s  Total: 3014.96 GB
[ 2650.4s] IOs:    790453864  IOPS:   298237  Throughput:  1165.0 MB/s  Total: 3015.34 GB
[ 2651.0s] IOs:    790554469  IOPS:   298208  Throughput:  1164.9 MB/s  Total: 3015.73 GB
[ 2651.5s] IOs:    790654775  IOPS:   298195  Throughput:  1164.8 MB/s  Total: 3016.11 GB
[ 2651.9s] IOs:    790755662  IOPS:   298183  Throughput:  1164.8 MB/s  Total: 3016.49 GB
[ 2652.3s] IOs:    790856314  IOPS:   298178  Throughput:  1164.8 MB/s  Total: 3016.88 GB
[ 2652.6s] IOs:    790956711  IOPS:   298187  Throughput:  1164.8 MB/s  Total: 3017.26 GB
[ 2653.0s] IOs:    791057112  IOPS:   298177  Throughput:  1164.8 MB/s  Total: 3017.64 GB
[ 2653.4s] IOs:    791157839  IOPS:   298173  Throughput:  1164.7 MB/s  Total: 3018.03 GB
[ 2653.6s] IOs:    791258553  IOPS:   298185  Throughput:  1164.8 MB/s  Total: 3018.41 GB
[ 2654.1s] IOs:    791359380  IOPS:   298163  Throughput:  1164.7 MB/s  Total: 3018.80 GB
[ 2654.4s] IOs:    791459896  IOPS:   298171  Throughput:  1164.7 MB/s  Total: 3019.18 GB
[ 2654.7s] IOs:    791560050  IOPS:   298178  Throughput:  1164.8 MB/s  Total: 3019.56 GB
[ 2655.1s] IOs:    791660354  IOPS:   298162  Throughput:  1164.7 MB/s  Total: 3019.94 GB
[ 2655.4s] IOs:    791760497  IOPS:   298173  Throughput:  1164.7 MB/s  Total: 3020.33 GB
[ 2655.6s] IOs:    791860972  IOPS:   298188  Throughput:  1164.8 MB/s  Total: 3020.71 GB
[ 2656.0s] IOs:    791961751  IOPS:   298181  Throughput:  1164.8 MB/s  Total: 3021.09 GB
[ 2656.3s] IOs:    792062155  IOPS:   298183  Throughput:  1164.8 MB/s  Total: 3021.48 GB
[ 2656.5s] IOs:    792162753  IOPS:   298196  Throughput:  1164.8 MB/s  Total: 3021.86 GB
[ 2656.9s] IOs:    792263550  IOPS:   298194  Throughput:  1164.8 MB/s  Total: 3022.25 GB
[ 2657.1s] IOs:    792364244  IOPS:   298204  Throughput:  1164.9 MB/s  Total: 3022.63 GB
[ 2657.4s] IOs:    792464825  IOPS:   298214  Throughput:  1164.9 MB/s  Total: 3023.01 GB
[ 2657.8s] IOs:    792565659  IOPS:   298200  Throughput:  1164.8 MB/s  Total: 3023.40 GB
[ 2658.1s] IOs:    792666103  IOPS:   298212  Throughput:  1164.9 MB/s  Total: 3023.78 GB
[ 2658.6s] IOs:    792766946  IOPS:   298193  Throughput:  1164.8 MB/s  Total: 3024.17 GB
[ 2658.9s] IOs:    792867792  IOPS:   298192  Throughput:  1164.8 MB/s  Total: 3024.55 GB
[ 2659.4s] IOs:    792968695  IOPS:   298171  Throughput:  1164.7 MB/s  Total: 3024.94 GB
[ 2659.7s] IOs:    793069050  IOPS:   298181  Throughput:  1164.8 MB/s  Total: 3025.32 GB
[ 2660.0s] IOs:    793169613  IOPS:   298179  Throughput:  1164.8 MB/s  Total: 3025.70 GB
[ 2660.4s] IOs:    793270108  IOPS:   298177  Throughput:  1164.8 MB/s  Total: 3026.09 GB
[ 2660.8s] IOs:    793371120  IOPS:   298171  Throughput:  1164.7 MB/s  Total: 3026.47 GB
[ 2661.0s] IOs:    793472076  IOPS:   298183  Throughput:  1164.8 MB/s  Total: 3026.86 GB
[ 2661.4s] IOs:    793573026  IOPS:   298179  Throughput:  1164.8 MB/s  Total: 3027.24 GB
[ 2661.6s] IOs:    793673115  IOPS:   298189  Throughput:  1164.8 MB/s  Total: 3027.62 GB
[ 2662.0s] IOs:    793773440  IOPS:   298189  Throughput:  1164.8 MB/s  Total: 3028.01 GB
[ 2662.4s] IOs:    793874433  IOPS:   298178  Throughput:  1164.8 MB/s  Total: 3028.39 GB
[ 2662.7s] IOs:    793975147  IOPS:   298186  Throughput:  1164.8 MB/s  Total: 3028.77 GB
[ 2662.9s] IOs:    794075898  IOPS:   298200  Throughput:  1164.8 MB/s  Total: 3029.16 GB
[ 2663.1s] IOs:    794176600  IOPS:   298213  Throughput:  1164.9 MB/s  Total: 3029.54 GB
[ 2663.5s] IOs:    794277465  IOPS:   298208  Throughput:  1164.9 MB/s  Total: 3029.93 GB
[ 2663.8s] IOs:    794377565  IOPS:   298211  Throughput:  1164.9 MB/s  Total: 3030.31 GB
[ 2664.0s] IOs:    794478140  IOPS:   298223  Throughput:  1164.9 MB/s  Total: 3030.69 GB
[ 2664.7s] IOs:    794578841  IOPS:   298183  Throughput:  1164.8 MB/s  Total: 3031.08 GB
[ 2665.4s] IOs:    794678888  IOPS:   298149  Throughput:  1164.6 MB/s  Total: 3031.46 GB
[ 2666.0s] IOs:    794779509  IOPS:   298119  Throughput:  1164.5 MB/s  Total: 3031.84 GB
[ 2666.5s] IOs:    794880201  IOPS:   298101  Throughput:  1164.5 MB/s  Total: 3032.23 GB
[ 2667.3s] IOs:    794980751  IOPS:   298045  Throughput:  1164.2 MB/s  Total: 3032.61 GB
[ 2668.4s] IOs:    795081578  IOPS:   297967  Throughput:  1163.9 MB/s  Total: 3033.00 GB
[ 2669.3s] IOs:    795182191  IOPS:   297894  Throughput:  1163.6 MB/s  Total: 3033.38 GB
[ 2670.1s] IOs:    795282895  IOPS:   297853  Throughput:  1163.5 MB/s  Total: 3033.76 GB
[ 2671.0s] IOs:    795383872  IOPS:   297780  Throughput:  1163.2 MB/s  Total: 3034.15 GB
[ 2672.1s] IOs:    795484734  IOPS:   297697  Throughput:  1162.9 MB/s  Total: 3034.53 GB
[ 2672.7s] IOs:    795585567  IOPS:   297676  Throughput:  1162.8 MB/s  Total: 3034.92 GB
[ 2673.2s] IOs:    795686032  IOPS:   297657  Throughput:  1162.7 MB/s  Total: 3035.30 GB
[ 2674.1s] IOs:    795786827  IOPS:   297595  Throughput:  1162.5 MB/s  Total: 3035.69 GB
[ 2674.6s] IOs:    795887278  IOPS:   297574  Throughput:  1162.4 MB/s  Total: 3036.07 GB
[ 2675.2s] IOs:    795987834  IOPS:   297547  Throughput:  1162.3 MB/s  Total: 3036.45 GB
[ 2676.0s] IOs:    796088442  IOPS:   297491  Throughput:  1162.1 MB/s  Total: 3036.84 GB
[ 2676.5s] IOs:    796189148  IOPS:   297478  Throughput:  1162.0 MB/s  Total: 3037.22 GB
[ 2676.9s] IOs:    796289538  IOPS:   297462  Throughput:  1162.0 MB/s  Total: 3037.60 GB
[ 2677.5s] IOs:    796390223  IOPS:   297437  Throughput:  1161.9 MB/s  Total: 3037.99 GB
[ 2677.9s] IOs:    796490802  IOPS:   297428  Throughput:  1161.8 MB/s  Total: 3038.37 GB
[ 2678.4s] IOs:    796591692  IOPS:   297411  Throughput:  1161.8 MB/s  Total: 3038.76 GB
[ 2678.9s] IOs:    796692399  IOPS:   297393  Throughput:  1161.7 MB/s  Total: 3039.14 GB
[ 2679.4s] IOs:    796793303  IOPS:   297383  Throughput:  1161.7 MB/s  Total: 3039.53 GB
[ 2680.2s] IOs:    796894165  IOPS:   297328  Throughput:  1161.4 MB/s  Total: 3039.91 GB
[ 2680.5s] IOs:    796994854  IOPS:   297334  Throughput:  1161.5 MB/s  Total: 3040.29 GB
[ 2680.7s] IOs:    797095374  IOPS:   297346  Throughput:  1161.5 MB/s  Total: 3040.68 GB
[ 2681.2s] IOs:    797195927  IOPS:   297329  Throughput:  1161.4 MB/s  Total: 3041.06 GB
[ 2681.4s] IOs:    797296171  IOPS:   297342  Throughput:  1161.5 MB/s  Total: 3041.44 GB
[ 2681.8s] IOs:    797396759  IOPS:   297338  Throughput:  1161.5 MB/s  Total: 3041.83 GB
[ 2682.1s] IOs:    797497287  IOPS:   297338  Throughput:  1161.5 MB/s  Total: 3042.21 GB
[ 2682.4s] IOs:    797597333  IOPS:   297347  Throughput:  1161.5 MB/s  Total: 3042.59 GB
[ 2682.7s] IOs:    797698222  IOPS:   297344  Throughput:  1161.5 MB/s  Total: 3042.98 GB
[ 2683.1s] IOs:    797798543  IOPS:   297338  Throughput:  1161.5 MB/s  Total: 3043.36 GB
[ 2683.4s] IOs:    797898841  IOPS:   297350  Throughput:  1161.5 MB/s  Total: 3043.74 GB
[ 2683.7s] IOs:    797999204  IOPS:   297347  Throughput:  1161.5 MB/s  Total: 3044.13 GB
[ 2684.1s] IOs:    798099747  IOPS:   297341  Throughput:  1161.5 MB/s  Total: 3044.51 GB
[Reader] Parsed 101000000 lines, distributed 798167626 writes, unique 720.00 GB, skipped 18696541
[ 2684.4s] IOs:    798200668  IOPS:   297352  Throughput:  1161.5 MB/s  Total: 3044.89 GB
[ 2684.6s] IOs:    798301129  IOPS:   297359  Throughput:  1161.6 MB/s  Total: 3045.28 GB
[ 2684.9s] IOs:    798401570  IOPS:   297371  Throughput:  1161.6 MB/s  Total: 3045.66 GB
[ 2685.2s] IOs:    798501731  IOPS:   297374  Throughput:  1161.6 MB/s  Total: 3046.04 GB
[ 2685.6s] IOs:    798601788  IOPS:   297360  Throughput:  1161.6 MB/s  Total: 3046.42 GB
[ 2685.9s] IOs:    798702615  IOPS:   297369  Throughput:  1161.6 MB/s  Total: 3046.81 GB
[ 2686.2s] IOs:    798803511  IOPS:   297369  Throughput:  1161.6 MB/s  Total: 3047.19 GB
[ 2686.6s] IOs:    798903989  IOPS:   297363  Throughput:  1161.6 MB/s  Total: 3047.58 GB
[ 2686.9s] IOs:    799004990  IOPS:   297375  Throughput:  1161.6 MB/s  Total: 3047.96 GB
[ 2687.3s] IOs:    799105469  IOPS:   297367  Throughput:  1161.6 MB/s  Total: 3048.35 GB
[ 2687.6s] IOs:    799206024  IOPS:   297369  Throughput:  1161.6 MB/s  Total: 3048.73 GB
[ 2687.8s] IOs:    799306612  IOPS:   297378  Throughput:  1161.6 MB/s  Total: 3049.11 GB
[ 2688.2s] IOs:    799407036  IOPS:   297375  Throughput:  1161.6 MB/s  Total: 3049.50 GB
[ 2688.4s] IOs:    799507567  IOPS:   297387  Throughput:  1161.7 MB/s  Total: 3049.88 GB
[ 2688.8s] IOs:    799608420  IOPS:   297387  Throughput:  1161.7 MB/s  Total: 3050.26 GB
[ 2689.1s] IOs:    799708438  IOPS:   297389  Throughput:  1161.7 MB/s  Total: 3050.65 GB
[ 2689.3s] IOs:    799809277  IOPS:   297399  Throughput:  1161.7 MB/s  Total: 3051.03 GB
[ 2689.6s] IOs:    799909530  IOPS:   297405  Throughput:  1161.7 MB/s  Total: 3051.41 GB
[ 2689.9s] IOs:    800009727  IOPS:   297409  Throughput:  1161.8 MB/s  Total: 3051.79 GB
[ 2690.2s] IOs:    800110221  IOPS:   297419  Throughput:  1161.8 MB/s  Total: 3052.18 GB
[ 2690.4s] IOs:    800210965  IOPS:   297427  Throughput:  1161.8 MB/s  Total: 3052.56 GB
[ 2690.8s] IOs:    800311712  IOPS:   297423  Throughput:  1161.8 MB/s  Total: 3052.95 GB
[ 2691.0s] IOs:    800412273  IOPS:   297436  Throughput:  1161.9 MB/s  Total: 3053.33 GB
[ 2691.2s] IOs:    800512839  IOPS:   297450  Throughput:  1161.9 MB/s  Total: 3053.71 GB
[ 2691.6s] IOs:    800613153  IOPS:   297449  Throughput:  1161.9 MB/s  Total: 3054.10 GB
[ 2691.8s] IOs:    800714034  IOPS:   297461  Throughput:  1162.0 MB/s  Total: 3054.48 GB
[ 2692.2s] IOs:    800814777  IOPS:   297460  Throughput:  1162.0 MB/s  Total: 3054.87 GB
[ 2692.4s] IOs:    800915356  IOPS:   297473  Throughput:  1162.0 MB/s  Total: 3055.25 GB
[ 2692.8s] IOs:    801015785  IOPS:   297462  Throughput:  1162.0 MB/s  Total: 3055.63 GB
[ 2693.1s] IOs:    801116152  IOPS:   297473  Throughput:  1162.0 MB/s  Total: 3056.02 GB
[ 2693.6s] IOs:    801216161  IOPS:   297456  Throughput:  1161.9 MB/s  Total: 3056.40 GB
[ 2693.8s] IOs:    801317019  IOPS:   297469  Throughput:  1162.0 MB/s  Total: 3056.78 GB
[ 2694.3s] IOs:    801417607  IOPS:   297444  Throughput:  1161.9 MB/s  Total: 3057.17 GB
[ 2694.8s] IOs:    801518231  IOPS:   297436  Throughput:  1161.9 MB/s  Total: 3057.55 GB
[ 2695.2s] IOs:    801618776  IOPS:   297425  Throughput:  1161.8 MB/s  Total: 3057.93 GB
[ 2695.6s] IOs:    801719658  IOPS:   297415  Throughput:  1161.8 MB/s  Total: 3058.32 GB
[ 2695.9s] IOs:    801820353  IOPS:   297425  Throughput:  1161.8 MB/s  Total: 3058.70 GB
[ 2696.3s] IOs:    801921252  IOPS:   297418  Throughput:  1161.8 MB/s  Total: 3059.09 GB
[ 2696.6s] IOs:    802021554  IOPS:   297414  Throughput:  1161.8 MB/s  Total: 3059.47 GB
[ 2696.9s] IOs:    802121975  IOPS:   297424  Throughput:  1161.8 MB/s  Total: 3059.85 GB
[ 2697.3s] IOs:    802222301  IOPS:   297419  Throughput:  1161.8 MB/s  Total: 3060.24 GB
[ 2697.6s] IOs:    802323006  IOPS:   297419  Throughput:  1161.8 MB/s  Total: 3060.62 GB
[ 2697.8s] IOs:    802423544  IOPS:   297431  Throughput:  1161.8 MB/s  Total: 3061.00 GB
[ 2698.4s] IOs:    802524309  IOPS:   297408  Throughput:  1161.8 MB/s  Total: 3061.39 GB
[ 2698.7s] IOs:    802624929  IOPS:   297415  Throughput:  1161.8 MB/s  Total: 3061.77 GB
[ 2698.9s] IOs:    802725388  IOPS:   297428  Throughput:  1161.8 MB/s  Total: 3062.15 GB
[ 2699.2s] IOs:    802826160  IOPS:   297431  Throughput:  1161.8 MB/s  Total: 3062.54 GB
[ 2699.4s] IOs:    802926828  IOPS:   297446  Throughput:  1161.9 MB/s  Total: 3062.92 GB
[ 2699.8s] IOs:    803027225  IOPS:   297441  Throughput:  1161.9 MB/s  Total: 3063.31 GB
[ 2700.0s] IOs:    803127719  IOPS:   297455  Throughput:  1161.9 MB/s  Total: 3063.69 GB
[ 2700.3s] IOs:    803228350  IOPS:   297458  Throughput:  1161.9 MB/s  Total: 3064.07 GB
[ 2700.6s] IOs:    803328907  IOPS:   297463  Throughput:  1162.0 MB/s  Total: 3064.46 GB
[ 2701.1s] IOs:    803429833  IOPS:   297445  Throughput:  1161.9 MB/s  Total: 3064.84 GB
[ 2701.6s] IOs:    803530449  IOPS:   297427  Throughput:  1161.8 MB/s  Total: 3065.23 GB
[ 2701.9s] IOs:    803630894  IOPS:   297434  Throughput:  1161.9 MB/s  Total: 3065.61 GB
[ 2702.3s] IOs:    803731489  IOPS:   297421  Throughput:  1161.8 MB/s  Total: 3065.99 GB
[ 2702.8s] IOs:    803832468  IOPS:   297407  Throughput:  1161.7 MB/s  Total: 3066.38 GB
[ 2703.3s] IOs:    803933325  IOPS:   297385  Throughput:  1161.7 MB/s  Total: 3066.76 GB
[ 2703.7s] IOs:    804033896  IOPS:   297378  Throughput:  1161.6 MB/s  Total: 3067.15 GB
[ 2704.2s] IOs:    804134426  IOPS:   297363  Throughput:  1161.6 MB/s  Total: 3067.53 GB
[ 2704.6s] IOs:    804234769  IOPS:   297356  Throughput:  1161.5 MB/s  Total: 3067.91 GB
[ 2705.0s] IOs:    804335171  IOPS:   297354  Throughput:  1161.5 MB/s  Total: 3068.30 GB
[ 2705.3s] IOs:    804435695  IOPS:   297360  Throughput:  1161.6 MB/s  Total: 3068.68 GB
[ 2705.8s] IOs:    804536692  IOPS:   297341  Throughput:  1161.5 MB/s  Total: 3069.06 GB
[ 2706.0s] IOs:    804637704  IOPS:   297354  Throughput:  1161.5 MB/s  Total: 3069.45 GB
[ 2706.4s] IOs:    804738181  IOPS:   297342  Throughput:  1161.5 MB/s  Total: 3069.83 GB
[ 2706.7s] IOs:    804838571  IOPS:   297346  Throughput:  1161.5 MB/s  Total: 3070.22 GB
[ 2707.0s] IOs:    804938795  IOPS:   297358  Throughput:  1161.6 MB/s  Total: 3070.60 GB
[ 2707.3s] IOs:    805039554  IOPS:   297357  Throughput:  1161.6 MB/s  Total: 3070.98 GB
[ 2707.7s] IOs:    805139979  IOPS:   297356  Throughput:  1161.5 MB/s  Total: 3071.37 GB
[ 2707.9s] IOs:    805240514  IOPS:   297364  Throughput:  1161.6 MB/s  Total: 3071.75 GB
[ 2708.2s] IOs:    805341106  IOPS:   297370  Throughput:  1161.6 MB/s  Total: 3072.13 GB
[ 2708.5s] IOs:    805441923  IOPS:   297381  Throughput:  1161.6 MB/s  Total: 3072.52 GB
[ 2708.8s] IOs:    805542598  IOPS:   297382  Throughput:  1161.6 MB/s  Total: 3072.90 GB
[ 2709.0s] IOs:    805642985  IOPS:   297392  Throughput:  1161.7 MB/s  Total: 3073.28 GB
[ 2709.3s] IOs:    805743250  IOPS:   297396  Throughput:  1161.7 MB/s  Total: 3073.67 GB
[ 2709.6s] IOs:    805843745  IOPS:   297407  Throughput:  1161.7 MB/s  Total: 3074.05 GB
[ 2709.9s] IOs:    805944095  IOPS:   297410  Throughput:  1161.8 MB/s  Total: 3074.43 GB
[ 2710.1s] IOs:    806044688  IOPS:   297421  Throughput:  1161.8 MB/s  Total: 3074.82 GB
[ 2710.4s] IOs:    806145163  IOPS:   297431  Throughput:  1161.8 MB/s  Total: 3075.20 GB
[ 2710.6s] IOs:    806245517  IOPS:   297440  Throughput:  1161.9 MB/s  Total: 3075.58 GB
[ 2710.9s] IOs:    806346094  IOPS:   297450  Throughput:  1161.9 MB/s  Total: 3075.97 GB
[ 2711.1s] IOs:    806446685  IOPS:   297463  Throughput:  1162.0 MB/s  Total: 3076.35 GB
[ 2711.4s] IOs:    806546864  IOPS:   297463  Throughput:  1162.0 MB/s  Total: 3076.73 GB
[ 2711.6s] IOs:    806647795  IOPS:   297479  Throughput:  1162.0 MB/s  Total: 3077.12 GB
[ 2711.8s] IOs:    806748194  IOPS:   297495  Throughput:  1162.1 MB/s  Total: 3077.50 GB
[ 2712.0s] IOs:    806849039  IOPS:   297511  Throughput:  1162.2 MB/s  Total: 3077.88 GB
[ 2712.2s] IOs:    806949168  IOPS:   297521  Throughput:  1162.2 MB/s  Total: 3078.27 GB
[Reader] Parsed 102000000 lines, distributed 807039233 writes, unique 720.00 GB, skipped 21370941
[ 2712.4s] IOs:    807049751  IOPS:   297539  Throughput:  1162.3 MB/s  Total: 3078.65 GB
[ 2712.7s] IOs:    807150067  IOPS:   297543  Throughput:  1162.3 MB/s  Total: 3079.03 GB
[ 2712.9s] IOs:    807250970  IOPS:   297556  Throughput:  1162.3 MB/s  Total: 3079.42 GB
[ 2713.1s] IOs:    807351335  IOPS:   297575  Throughput:  1162.4 MB/s  Total: 3079.80 GB
[ 2713.4s] IOs:    807451751  IOPS:   297583  Throughput:  1162.4 MB/s  Total: 3080.18 GB
[ 2713.6s] IOs:    807552029  IOPS:   297600  Throughput:  1162.5 MB/s  Total: 3080.57 GB
[ 2713.8s] IOs:    807652581  IOPS:   297611  Throughput:  1162.5 MB/s  Total: 3080.95 GB
[ 2714.0s] IOs:    807753375  IOPS:   297629  Throughput:  1162.6 MB/s  Total: 3081.33 GB
[ 2714.3s] IOs:    807854288  IOPS:   297634  Throughput:  1162.6 MB/s  Total: 3081.72 GB
[ 2714.4s] IOs:    807954740  IOPS:   297651  Throughput:  1162.7 MB/s  Total: 3082.10 GB
[ 2714.6s] IOs:    808055291  IOPS:   297670  Throughput:  1162.8 MB/s  Total: 3082.49 GB
[ 2714.8s] IOs:    808156191  IOPS:   297680  Throughput:  1162.8 MB/s  Total: 3082.87 GB
[ 2715.0s] IOs:    808256607  IOPS:   297698  Throughput:  1162.9 MB/s  Total: 3083.25 GB
[ 2715.2s] IOs:    808357202  IOPS:   297711  Throughput:  1162.9 MB/s  Total: 3083.64 GB
[ 2715.4s] IOs:    808457781  IOPS:   297728  Throughput:  1163.0 MB/s  Total: 3084.02 GB
[ 2715.6s] IOs:    808558780  IOPS:   297742  Throughput:  1163.1 MB/s  Total: 3084.41 GB
[ 2715.8s] IOs:    808659571  IOPS:   297760  Throughput:  1163.1 MB/s  Total: 3084.79 GB
[ 2716.0s] IOs:    808759997  IOPS:   297777  Throughput:  1163.2 MB/s  Total: 3085.17 GB
[ 2716.3s] IOs:    808860600  IOPS:   297782  Throughput:  1163.2 MB/s  Total: 3085.56 GB
[ 2716.5s] IOs:    808961327  IOPS:   297798  Throughput:  1163.3 MB/s  Total: 3085.94 GB
[ 2716.7s] IOs:    809061965  IOPS:   297816  Throughput:  1163.3 MB/s  Total: 3086.33 GB
[ 2716.8s] IOs:    809162710  IOPS:   297833  Throughput:  1163.4 MB/s  Total: 3086.71 GB
[ 2717.0s] IOs:    809263536  IOPS:   297851  Throughput:  1163.5 MB/s  Total: 3087.10 GB
[ 2717.2s] IOs:    809363887  IOPS:   297869  Throughput:  1163.6 MB/s  Total: 3087.48 GB
[ 2717.4s] IOs:    809464446  IOPS:   297882  Throughput:  1163.6 MB/s  Total: 3087.86 GB
[ 2718.0s] IOs:    809565003  IOPS:   297855  Throughput:  1163.5 MB/s  Total: 3088.25 GB
[ 2718.2s] IOs:    809665729  IOPS:   297873  Throughput:  1163.6 MB/s  Total: 3088.63 GB
[ 2718.4s] IOs:    809766260  IOPS:   297887  Throughput:  1163.6 MB/s  Total: 3089.01 GB
[ 2718.6s] IOs:    809866826  IOPS:   297903  Throughput:  1163.7 MB/s  Total: 3089.40 GB
[ 2719.0s] IOs:    809967710  IOPS:   297895  Throughput:  1163.7 MB/s  Total: 3089.78 GB
[ 2719.1s] IOs:    810068311  IOPS:   297913  Throughput:  1163.7 MB/s  Total: 3090.17 GB
[ 2719.5s] IOs:    810169250  IOPS:   297915  Throughput:  1163.7 MB/s  Total: 3090.55 GB
[ 2719.8s] IOs:    810269324  IOPS:   297917  Throughput:  1163.7 MB/s  Total: 3090.93 GB
[ 2720.0s] IOs:    810370095  IOPS:   297935  Throughput:  1163.8 MB/s  Total: 3091.32 GB
[ 2720.4s] IOs:    810470531  IOPS:   297927  Throughput:  1163.8 MB/s  Total: 3091.70 GB
[ 2720.6s] IOs:    810571315  IOPS:   297944  Throughput:  1163.8 MB/s  Total: 3092.08 GB
[ 2720.8s] IOs:    810671931  IOPS:   297951  Throughput:  1163.9 MB/s  Total: 3092.47 GB
[ 2721.0s] IOs:    810772812  IOPS:   297969  Throughput:  1163.9 MB/s  Total: 3092.85 GB
[ 2721.6s] IOs:    810872827  IOPS:   297935  Throughput:  1163.8 MB/s  Total: 3093.23 GB
[ 2721.8s] IOs:    810973442  IOPS:   297950  Throughput:  1163.9 MB/s  Total: 3093.62 GB
[ 2722.0s] IOs:    811074139  IOPS:   297967  Throughput:  1163.9 MB/s  Total: 3094.00 GB
[ 2722.5s] IOs:    811174736  IOPS:   297952  Throughput:  1163.9 MB/s  Total: 3094.39 GB
[ 2722.9s] IOs:    811275167  IOPS:   297946  Throughput:  1163.9 MB/s  Total: 3094.77 GB
[ 2723.1s] IOs:    811375397  IOPS:   297959  Throughput:  1163.9 MB/s  Total: 3095.15 GB
[ 2723.5s] IOs:    811476297  IOPS:   297959  Throughput:  1163.9 MB/s  Total: 3095.54 GB
[ 2723.6s] IOs:    811577032  IOPS:   297975  Throughput:  1164.0 MB/s  Total: 3095.92 GB
[ 2737.7s] IOs:    811677539  IOPS:   296483  Throughput:  1158.1 MB/s  Total: 3096.30 GB
[ 2741.7s] IOs:    811777635  IOPS:   296085  Throughput:  1156.6 MB/s  Total: 3096.69 GB
[ 2744.7s] IOs:    811878087  IOPS:   295803  Throughput:  1155.5 MB/s  Total: 3097.07 GB
[ 2746.7s] IOs:    811978112  IOPS:   295618  Throughput:  1154.8 MB/s  Total: 3097.45 GB
[ 2748.7s] IOs:    812078506  IOPS:   295444  Throughput:  1154.1 MB/s  Total: 3097.83 GB
[ 2750.2s] IOs:    812178511  IOPS:   295312  Throughput:  1153.6 MB/s  Total: 3098.22 GB
[ 2751.3s] IOs:    812278561  IOPS:   295237  Throughput:  1153.3 MB/s  Total: 3098.60 GB
[ 2752.7s] IOs:    812379187  IOPS:   295120  Throughput:  1152.8 MB/s  Total: 3098.98 GB
[ 2753.8s] IOs:    812480142  IOPS:   295044  Throughput:  1152.5 MB/s  Total: 3099.37 GB
[ 2756.4s] IOs:    812580917  IOPS:   294803  Throughput:  1151.6 MB/s  Total: 3099.75 GB
[ 2758.3s] IOs:    812681297  IOPS:   294627  Throughput:  1150.9 MB/s  Total: 3100.13 GB
[ 2758.6s] IOs:    812781753  IOPS:   294639  Throughput:  1150.9 MB/s  Total: 3100.52 GB
[ 2758.8s] IOs:    812881958  IOPS:   294649  Throughput:  1151.0 MB/s  Total: 3100.90 GB
[ 2759.1s] IOs:    812982479  IOPS:   294659  Throughput:  1151.0 MB/s  Total: 3101.28 GB
[ 2759.3s] IOs:    813082813  IOPS:   294670  Throughput:  1151.1 MB/s  Total: 3101.66 GB
[ 2759.6s] IOs:    813182868  IOPS:   294678  Throughput:  1151.1 MB/s  Total: 3102.05 GB
[ 2759.8s] IOs:    813283464  IOPS:   294691  Throughput:  1151.1 MB/s  Total: 3102.43 GB
[ 2760.0s] IOs:    813383888  IOPS:   294704  Throughput:  1151.2 MB/s  Total: 3102.81 GB
[ 2760.2s] IOs:    813484642  IOPS:   294716  Throughput:  1151.2 MB/s  Total: 3103.20 GB
[ 2760.5s] IOs:    813585475  IOPS:   294727  Throughput:  1151.3 MB/s  Total: 3103.58 GB
[ 2760.7s] IOs:    813686290  IOPS:   294737  Throughput:  1151.3 MB/s  Total: 3103.97 GB
[ 2760.9s] IOs:    813787146  IOPS:   294751  Throughput:  1151.4 MB/s  Total: 3104.35 GB
[ 2761.2s] IOs:    813887776  IOPS:   294760  Throughput:  1151.4 MB/s  Total: 3104.74 GB
[ 2761.5s] IOs:    813988480  IOPS:   294768  Throughput:  1151.4 MB/s  Total: 3105.12 GB
[ 2762.0s] IOs:    814088590  IOPS:   294744  Throughput:  1151.3 MB/s  Total: 3105.50 GB
[ 2762.3s] IOs:    814189000  IOPS:   294755  Throughput:  1151.4 MB/s  Total: 3105.88 GB
[ 2762.5s] IOs:    814289250  IOPS:   294761  Throughput:  1151.4 MB/s  Total: 3106.27 GB
[ 2762.8s] IOs:    814389956  IOPS:   294773  Throughput:  1151.5 MB/s  Total: 3106.65 GB
[ 2763.0s] IOs:    814490555  IOPS:   294784  Throughput:  1151.5 MB/s  Total: 3107.03 GB
[ 2763.3s] IOs:    814590864  IOPS:   294794  Throughput:  1151.5 MB/s  Total: 3107.42 GB
[ 2763.5s] IOs:    814691296  IOPS:   294806  Throughput:  1151.6 MB/s  Total: 3107.80 GB
[ 2763.7s] IOs:    814792161  IOPS:   294816  Throughput:  1151.6 MB/s  Total: 3108.19 GB
[ 2764.0s] IOs:    814893153  IOPS:   294828  Throughput:  1151.7 MB/s  Total: 3108.57 GB
[ 2764.2s] IOs:    814993712  IOPS:   294842  Throughput:  1151.7 MB/s  Total: 3108.95 GB
[ 2764.4s] IOs:    815094605  IOPS:   294854  Throughput:  1151.8 MB/s  Total: 3109.34 GB
[ 2764.7s] IOs:    815195279  IOPS:   294862  Throughput:  1151.8 MB/s  Total: 3109.72 GB
[ 2764.9s] IOs:    815295912  IOPS:   294870  Throughput:  1151.8 MB/s  Total: 3110.11 GB
[ 2765.2s] IOs:    815396520  IOPS:   294882  Throughput:  1151.9 MB/s  Total: 3110.49 GB
[ 2765.4s] IOs:    815497320  IOPS:   294894  Throughput:  1151.9 MB/s  Total: 3110.88 GB
[ 2765.6s] IOs:    815598030  IOPS:   294905  Throughput:  1152.0 MB/s  Total: 3111.26 GB
[ 2765.9s] IOs:    815698681  IOPS:   294918  Throughput:  1152.0 MB/s  Total: 3111.64 GB
[ 2766.4s] IOs:    815798933  IOPS:   294896  Throughput:  1151.9 MB/s  Total: 3112.03 GB
[ 2766.7s] IOs:    815899458  IOPS:   294899  Throughput:  1151.9 MB/s  Total: 3112.41 GB
[ 2766.9s] IOs:    815999887  IOPS:   294910  Throughput:  1152.0 MB/s  Total: 3112.79 GB
[ 2767.2s] IOs:    816100224  IOPS:   294921  Throughput:  1152.0 MB/s  Total: 3113.18 GB
[Reader] Parsed 103000000 lines, distributed 816156577 writes, unique 720.00 GB, skipped 26494252
[ 2767.4s] IOs:    816201219  IOPS:   294933  Throughput:  1152.1 MB/s  Total: 3113.56 GB
[ 2767.6s] IOs:    816301229  IOPS:   294945  Throughput:  1152.1 MB/s  Total: 3113.94 GB
[ 2767.9s] IOs:    816402027  IOPS:   294955  Throughput:  1152.2 MB/s  Total: 3114.33 GB
[ 2768.1s] IOs:    816502056  IOPS:   294966  Throughput:  1152.2 MB/s  Total: 3114.71 GB
[ 2768.3s] IOs:    816602760  IOPS:   294981  Throughput:  1152.3 MB/s  Total: 3115.09 GB
[ 2768.6s] IOs:    816703505  IOPS:   294986  Throughput:  1152.3 MB/s  Total: 3115.48 GB
[ 2768.8s] IOs:    816804132  IOPS:   294998  Throughput:  1152.3 MB/s  Total: 3115.86 GB
[ 2769.1s] IOs:    816904848  IOPS:   295007  Throughput:  1152.4 MB/s  Total: 3116.24 GB
[ 2769.3s] IOs:    817005425  IOPS:   295020  Throughput:  1152.4 MB/s  Total: 3116.63 GB
[ 2769.6s] IOs:    817105900  IOPS:   295030  Throughput:  1152.5 MB/s  Total: 3117.01 GB
[ 2769.8s] IOs:    817206541  IOPS:   295044  Throughput:  1152.5 MB/s  Total: 3117.40 GB
[ 2770.0s] IOs:    817307371  IOPS:   295059  Throughput:  1152.6 MB/s  Total: 3117.78 GB
[ 2770.3s] IOs:    817408214  IOPS:   295065  Throughput:  1152.6 MB/s  Total: 3118.16 GB
[ 2770.8s] IOs:    817508794  IOPS:   295048  Throughput:  1152.5 MB/s  Total: 3118.55 GB
[ 2771.0s] IOs:    817609806  IOPS:   295060  Throughput:  1152.6 MB/s  Total: 3118.93 GB
[ 2771.2s] IOs:    817710437  IOPS:   295074  Throughput:  1152.6 MB/s  Total: 3119.32 GB
[ 2771.4s] IOs:    817811289  IOPS:   295086  Throughput:  1152.7 MB/s  Total: 3119.70 GB
[ 2771.7s] IOs:    817912111  IOPS:   295094  Throughput:  1152.7 MB/s  Total: 3120.09 GB
[ 2771.9s] IOs:    818012953  IOPS:   295108  Throughput:  1152.8 MB/s  Total: 3120.47 GB
[ 2772.2s] IOs:    818113694  IOPS:   295112  Throughput:  1152.8 MB/s  Total: 3120.86 GB
[ 2772.4s] IOs:    818214408  IOPS:   295126  Throughput:  1152.8 MB/s  Total: 3121.24 GB
[ 2772.7s] IOs:    818315222  IOPS:   295134  Throughput:  1152.9 MB/s  Total: 3121.62 GB
[ 2772.9s] IOs:    818415878  IOPS:   295149  Throughput:  1152.9 MB/s  Total: 3122.01 GB
[ 2773.2s] IOs:    818516752  IOPS:   295157  Throughput:  1153.0 MB/s  Total: 3122.39 GB
[ 2773.4s] IOs:    818617609  IOPS:   295171  Throughput:  1153.0 MB/s  Total: 3122.78 GB
[ 2773.6s] IOs:    818718307  IOPS:   295183  Throughput:  1153.1 MB/s  Total: 3123.16 GB
[ 2773.8s] IOs:    818818773  IOPS:   295199  Throughput:  1153.1 MB/s  Total: 3123.55 GB
[ 2774.0s] IOs:    818919230  IOPS:   295215  Throughput:  1153.2 MB/s  Total: 3123.93 GB
[ 2774.2s] IOs:    819019940  IOPS:   295225  Throughput:  1153.2 MB/s  Total: 3124.31 GB
[ 2774.4s] IOs:    819120551  IOPS:   295243  Throughput:  1153.3 MB/s  Total: 3124.70 GB
[ 2775.0s] IOs:    819220604  IOPS:   295219  Throughput:  1153.2 MB/s  Total: 3125.08 GB
[ 2775.1s] IOs:    819320902  IOPS:   295235  Throughput:  1153.3 MB/s  Total: 3125.46 GB
[ 2775.4s] IOs:    819421645  IOPS:   295249  Throughput:  1153.3 MB/s  Total: 3125.85 GB
[ 2775.6s] IOs:    819521896  IOPS:   295257  Throughput:  1153.3 MB/s  Total: 3126.23 GB
[ 2775.9s] IOs:    819622114  IOPS:   295263  Throughput:  1153.4 MB/s  Total: 3126.61 GB
[ 2776.3s] IOs:    819722515  IOPS:   295261  Throughput:  1153.4 MB/s  Total: 3126.99 GB
[ 2776.5s] IOs:    819823219  IOPS:   295276  Throughput:  1153.4 MB/s  Total: 3127.38 GB
[ 2776.8s] IOs:    819923814  IOPS:   295278  Throughput:  1153.4 MB/s  Total: 3127.76 GB
[ 2777.0s] IOs:    820024405  IOPS:   295292  Throughput:  1153.5 MB/s  Total: 3128.14 GB
[ 2777.3s] IOs:    820125018  IOPS:   295292  Throughput:  1153.5 MB/s  Total: 3128.53 GB
[ 2777.5s] IOs:    820225038  IOPS:   295308  Throughput:  1153.5 MB/s  Total: 3128.91 GB
[ 2777.8s] IOs:    820325412  IOPS:   295314  Throughput:  1153.6 MB/s  Total: 3129.29 GB
[ 2778.0s] IOs:    820425795  IOPS:   295331  Throughput:  1153.6 MB/s  Total: 3129.68 GB
[ 2778.3s] IOs:    820526713  IOPS:   295336  Throughput:  1153.7 MB/s  Total: 3130.06 GB
[ 2778.5s] IOs:    820626866  IOPS:   295353  Throughput:  1153.7 MB/s  Total: 3130.44 GB
[ 2778.7s] IOs:    820727720  IOPS:   295359  Throughput:  1153.7 MB/s  Total: 3130.83 GB
[ 2778.9s] IOs:    820828334  IOPS:   295376  Throughput:  1153.8 MB/s  Total: 3131.21 GB
[ 2779.1s] IOs:    820929151  IOPS:   295391  Throughput:  1153.9 MB/s  Total: 3131.60 GB
[ 2779.4s] IOs:    821029884  IOPS:   295400  Throughput:  1153.9 MB/s  Total: 3131.98 GB
[ 2779.6s] IOs:    821130464  IOPS:   295417  Throughput:  1154.0 MB/s  Total: 3132.36 GB
[ 2779.8s] IOs:    821231090  IOPS:   295429  Throughput:  1154.0 MB/s  Total: 3132.75 GB
[ 2780.0s] IOs:    821331638  IOPS:   295446  Throughput:  1154.1 MB/s  Total: 3133.13 GB
[ 2780.2s] IOs:    821431894  IOPS:   295454  Throughput:  1154.1 MB/s  Total: 3133.51 GB
[ 2780.4s] IOs:    821532584  IOPS:   295468  Throughput:  1154.2 MB/s  Total: 3133.90 GB
[ 2780.6s] IOs:    821633306  IOPS:   295485  Throughput:  1154.2 MB/s  Total: 3134.28 GB
[ 2780.9s] IOs:    821733589  IOPS:   295497  Throughput:  1154.3 MB/s  Total: 3134.66 GB
[ 2781.0s] IOs:    821834431  IOPS:   295513  Throughput:  1154.3 MB/s  Total: 3135.05 GB
[ 2781.2s] IOs:    821935232  IOPS:   295528  Throughput:  1154.4 MB/s  Total: 3135.43 GB
[ 2781.4s] IOs:    822036070  IOPS:   295545  Throughput:  1154.5 MB/s  Total: 3135.82 GB
[ 2781.9s] IOs:    822136185  IOPS:   295532  Throughput:  1154.4 MB/s  Total: 3136.20 GB
[ 2782.3s] IOs:    822237122  IOPS:   295520  Throughput:  1154.4 MB/s  Total: 3136.59 GB
[ 2782.6s] IOs:    822337844  IOPS:   295534  Throughput:  1154.4 MB/s  Total: 3136.97 GB
[ 2782.9s] IOs:    822438493  IOPS:   295533  Throughput:  1154.4 MB/s  Total: 3137.35 GB
[ 2783.4s] IOs:    822539023  IOPS:   295521  Throughput:  1154.4 MB/s  Total: 3137.74 GB
[ 2783.5s] IOs:    822639533  IOPS:   295537  Throughput:  1154.4 MB/s  Total: 3138.12 GB
[ 2783.9s] IOs:    822739862  IOPS:   295539  Throughput:  1154.4 MB/s  Total: 3138.50 GB
[ 2784.3s] IOs:    822840273  IOPS:   295529  Throughput:  1154.4 MB/s  Total: 3138.89 GB
[ 2784.5s] IOs:    822940962  IOPS:   295542  Throughput:  1154.5 MB/s  Total: 3139.27 GB
[ 2784.9s] IOs:    823041674  IOPS:   295539  Throughput:  1154.5 MB/s  Total: 3139.65 GB
[ 2785.1s] IOs:    823141677  IOPS:   295556  Throughput:  1154.5 MB/s  Total: 3140.04 GB
[ 2785.4s] IOs:    823242058  IOPS:   295557  Throughput:  1154.5 MB/s  Total: 3140.42 GB
[ 2785.8s] IOs:    823342686  IOPS:   295555  Throughput:  1154.5 MB/s  Total: 3140.80 GB
[ 2785.9s] IOs:    823442690  IOPS:   295571  Throughput:  1154.6 MB/s  Total: 3141.18 GB
[ 2786.3s] IOs:    823543344  IOPS:   295572  Throughput:  1154.6 MB/s  Total: 3141.57 GB
[ 2786.7s] IOs:    823644336  IOPS:   295558  Throughput:  1154.5 MB/s  Total: 3141.95 GB
[Reader] Parsed 104000000 lines, distributed 823680464 writes, unique 720.00 GB, skipped 30461751
[ 2786.9s] IOs:    823745296  IOPS:   295575  Throughput:  1154.6 MB/s  Total: 3142.34 GB
[ 2787.5s] IOs:    823846311  IOPS:   295551  Throughput:  1154.5 MB/s  Total: 3142.72 GB
[ 2787.8s] IOs:    823946910  IOPS:   295550  Throughput:  1154.5 MB/s  Total: 3143.11 GB
[ 2788.4s] IOs:    824047044  IOPS:   295530  Throughput:  1154.4 MB/s  Total: 3143.49 GB
[ 2788.6s] IOs:    824147989  IOPS:   295545  Throughput:  1154.5 MB/s  Total: 3143.88 GB
[ 2788.9s] IOs:    824248833  IOPS:   295548  Throughput:  1154.5 MB/s  Total: 3144.26 GB
[ 2789.3s] IOs:    824348840  IOPS:   295534  Throughput:  1154.4 MB/s  Total: 3144.64 GB
[ 2789.5s] IOs:    824449740  IOPS:   295551  Throughput:  1154.5 MB/s  Total: 3145.03 GB
[ 2790.0s] IOs:    824550168  IOPS:   295538  Throughput:  1154.4 MB/s  Total: 3145.41 GB
[ 2790.3s] IOs:    824650684  IOPS:   295540  Throughput:  1154.5 MB/s  Total: 3145.79 GB
[ 2790.5s] IOs:    824751170  IOPS:   295557  Throughput:  1154.5 MB/s  Total: 3146.18 GB
[ 2791.1s] IOs:    824852041  IOPS:   295534  Throughput:  1154.4 MB/s  Total: 3146.56 GB
[ 2791.3s] IOs:    824952214  IOPS:   295546  Throughput:  1154.5 MB/s  Total: 3146.94 GB
[ 2791.6s] IOs:    825052739  IOPS:   295545  Throughput:  1154.5 MB/s  Total: 3147.33 GB
[ 2791.8s] IOs:    825152906  IOPS:   295559  Throughput:  1154.5 MB/s  Total: 3147.71 GB
[ 2792.0s] IOs:    825253810  IOPS:   295576  Throughput:  1154.6 MB/s  Total: 3148.09 GB
[ 2792.4s] IOs:    825354443  IOPS:   295568  Throughput:  1154.6 MB/s  Total: 3148.48 GB
[ 2792.6s] IOs:    825454920  IOPS:   295583  Throughput:  1154.6 MB/s  Total: 3148.86 GB
[ 2792.9s] IOs:    825554972  IOPS:   295591  Throughput:  1154.7 MB/s  Total: 3149.24 GB
[ 2793.1s] IOs:    825655491  IOPS:   295609  Throughput:  1154.7 MB/s  Total: 3149.63 GB
[ 2793.4s] IOs:    825755507  IOPS:   295607  Throughput:  1154.7 MB/s  Total: 3150.01 GB
[ 2793.6s] IOs:    825856337  IOPS:   295625  Throughput:  1154.8 MB/s  Total: 3150.39 GB
[ 2793.9s] IOs:    825956899  IOPS:   295627  Throughput:  1154.8 MB/s  Total: 3150.78 GB
[ 2794.1s] IOs:    826057221  IOPS:   295644  Throughput:  1154.9 MB/s  Total: 3151.16 GB
[ 2794.6s] IOs:    826157650  IOPS:   295631  Throughput:  1154.8 MB/s  Total: 3151.54 GB
[ 2794.7s] IOs:    826258105  IOPS:   295649  Throughput:  1154.9 MB/s  Total: 3151.92 GB
[ 2794.9s] IOs:    826358431  IOPS:   295666  Throughput:  1154.9 MB/s  Total: 3152.31 GB
[ 2795.1s] IOs:    826458789  IOPS:   295683  Throughput:  1155.0 MB/s  Total: 3152.69 GB
[ 2795.4s] IOs:    826559275  IOPS:   295684  Throughput:  1155.0 MB/s  Total: 3153.07 GB
[ 2795.6s] IOs:    826659919  IOPS:   295701  Throughput:  1155.1 MB/s  Total: 3153.46 GB
[ 2795.9s] IOs:    826760596  IOPS:   295701  Throughput:  1155.1 MB/s  Total: 3153.84 GB
[ 2796.1s] IOs:    826860766  IOPS:   295717  Throughput:  1155.1 MB/s  Total: 3154.22 GB
[ 2796.4s] IOs:    826961209  IOPS:   295722  Throughput:  1155.2 MB/s  Total: 3154.61 GB
[ 2796.6s] IOs:    827061813  IOPS:   295740  Throughput:  1155.2 MB/s  Total: 3154.99 GB
[ 2796.8s] IOs:    827162496  IOPS:   295751  Throughput:  1155.3 MB/s  Total: 3155.37 GB
[ 2797.0s] IOs:    827263504  IOPS:   295768  Throughput:  1155.3 MB/s  Total: 3155.76 GB
[ 2797.5s] IOs:    827363597  IOPS:   295752  Throughput:  1155.3 MB/s  Total: 3156.14 GB
[ 2797.7s] IOs:    827464554  IOPS:   295766  Throughput:  1155.3 MB/s  Total: 3156.53 GB
[ 2797.9s] IOs:    827565476  IOPS:   295782  Throughput:  1155.4 MB/s  Total: 3156.91 GB
[ 2798.4s] IOs:    827665493  IOPS:   295767  Throughput:  1155.3 MB/s  Total: 3157.29 GB
[ 2798.6s] IOs:    827766144  IOPS:   295783  Throughput:  1155.4 MB/s  Total: 3157.68 GB
[ 2798.9s] IOs:    827867013  IOPS:   295778  Throughput:  1155.4 MB/s  Total: 3158.06 GB
[ 2799.4s] IOs:    827967600  IOPS:   295768  Throughput:  1155.3 MB/s  Total: 3158.45 GB
[ 2799.6s] IOs:    828067963  IOPS:   295784  Throughput:  1155.4 MB/s  Total: 3158.83 GB
[ 2799.9s] IOs:    828168681  IOPS:   295786  Throughput:  1155.4 MB/s  Total: 3159.21 GB
[ 2800.3s] IOs:    828268683  IOPS:   295781  Throughput:  1155.4 MB/s  Total: 3159.59 GB
[ 2800.5s] IOs:    828369241  IOPS:   295796  Throughput:  1155.5 MB/s  Total: 3159.98 GB
[ 2800.8s] IOs:    828469528  IOPS:   295796  Throughput:  1155.5 MB/s  Total: 3160.36 GB
[ 2801.0s] IOs:    828569616  IOPS:   295813  Throughput:  1155.5 MB/s  Total: 3160.74 GB
[ 2801.3s] IOs:    828670401  IOPS:   295811  Throughput:  1155.5 MB/s  Total: 3161.13 GB
[ 2801.5s] IOs:    828771224  IOPS:   295828  Throughput:  1155.6 MB/s  Total: 3161.51 GB
[ 2801.9s] IOs:    828872054  IOPS:   295827  Throughput:  1155.6 MB/s  Total: 3161.90 GB
[ 2802.1s] IOs:    828972398  IOPS:   295843  Throughput:  1155.6 MB/s  Total: 3162.28 GB
[ 2802.4s] IOs:    829073435  IOPS:   295844  Throughput:  1155.6 MB/s  Total: 3162.66 GB
[ 2802.6s] IOs:    829173527  IOPS:   295859  Throughput:  1155.7 MB/s  Total: 3163.05 GB
[ 2803.1s] IOs:    829274064  IOPS:   295845  Throughput:  1155.6 MB/s  Total: 3163.43 GB
[ 2803.3s] IOs:    829374889  IOPS:   295861  Throughput:  1155.7 MB/s  Total: 3163.81 GB
[ 2803.4s] IOs:    829475082  IOPS:   295877  Throughput:  1155.8 MB/s  Total: 3164.20 GB
[ 2803.9s] IOs:    829575864  IOPS:   295870  Throughput:  1155.7 MB/s  Total: 3164.58 GB
[ 2804.0s] IOs:    829676137  IOPS:   295886  Throughput:  1155.8 MB/s  Total: 3164.96 GB
[ 2804.4s] IOs:    829776223  IOPS:   295886  Throughput:  1155.8 MB/s  Total: 3165.35 GB
[ 2804.6s] IOs:    829876605  IOPS:   295899  Throughput:  1155.9 MB/s  Total: 3165.73 GB
[ 2804.9s] IOs:    829977207  IOPS:   295901  Throughput:  1155.9 MB/s  Total: 3166.11 GB
[ 2805.2s] IOs:    830077267  IOPS:   295902  Throughput:  1155.9 MB/s  Total: 3166.49 GB
[ 2805.4s] IOs:    830177832  IOPS:   295918  Throughput:  1155.9 MB/s  Total: 3166.88 GB
[ 2805.7s] IOs:    830278257  IOPS:   295920  Throughput:  1155.9 MB/s  Total: 3167.26 GB
[ 2806.0s] IOs:    830378851  IOPS:   295934  Throughput:  1156.0 MB/s  Total: 3167.64 GB
[ 2806.1s] IOs:    830479368  IOPS:   295950  Throughput:  1156.1 MB/s  Total: 3168.03 GB
[ 2806.4s] IOs:    830579869  IOPS:   295958  Throughput:  1156.1 MB/s  Total: 3168.41 GB
[ 2806.6s] IOs:    830680788  IOPS:   295975  Throughput:  1156.2 MB/s  Total: 3168.80 GB
[ 2806.9s] IOs:    830781542  IOPS:   295976  Throughput:  1156.2 MB/s  Total: 3169.18 GB
[ 2807.1s] IOs:    830882398  IOPS:   295990  Throughput:  1156.2 MB/s  Total: 3169.56 GB
[ 2807.4s] IOs:    830983253  IOPS:   295997  Throughput:  1156.2 MB/s  Total: 3169.95 GB
[ 2807.6s] IOs:    831083587  IOPS:   296013  Throughput:  1156.3 MB/s  Total: 3170.33 GB
[ 2807.9s] IOs:    831184064  IOPS:   296018  Throughput:  1156.3 MB/s  Total: 3170.72 GB
[ 2808.1s] IOs:    831284197  IOPS:   296035  Throughput:  1156.4 MB/s  Total: 3171.10 GB
[ 2808.3s] IOs:    831385116  IOPS:   296044  Throughput:  1156.4 MB/s  Total: 3171.48 GB
[ 2808.5s] IOs:    831485972  IOPS:   296061  Throughput:  1156.5 MB/s  Total: 3171.87 GB
[ 2808.8s] IOs:    831586421  IOPS:   296062  Throughput:  1156.5 MB/s  Total: 3172.25 GB
[ 2809.0s] IOs:    831686823  IOPS:   296079  Throughput:  1156.6 MB/s  Total: 3172.63 GB
[ 2809.3s] IOs:    831787567  IOPS:   296082  Throughput:  1156.6 MB/s  Total: 3173.02 GB
[ 2809.5s] IOs:    831887861  IOPS:   296098  Throughput:  1156.6 MB/s  Total: 3173.40 GB
[ 2809.8s] IOs:    831988730  IOPS:   296104  Throughput:  1156.7 MB/s  Total: 3173.79 GB
[ 2810.0s] IOs:    832089571  IOPS:   296121  Throughput:  1156.7 MB/s  Total: 3174.17 GB
[ 2810.2s] IOs:    832190311  IOPS:   296127  Throughput:  1156.7 MB/s  Total: 3174.55 GB
[ 2810.4s] IOs:    832290779  IOPS:   296145  Throughput:  1156.8 MB/s  Total: 3174.94 GB
[ 2810.6s] IOs:    832390923  IOPS:   296161  Throughput:  1156.9 MB/s  Total: 3175.32 GB
[Reader] Parsed 105000000 lines, distributed 832457728 writes, unique 720.00 GB, skipped 34525969
[ 2810.9s] IOs:    832491586  IOPS:   296161  Throughput:  1156.9 MB/s  Total: 3175.70 GB
[ 2811.1s] IOs:    832592342  IOPS:   296179  Throughput:  1156.9 MB/s  Total: 3176.09 GB
[ 2811.3s] IOs:    832693165  IOPS:   296190  Throughput:  1157.0 MB/s  Total: 3176.47 GB
[ 2811.5s] IOs:    832793722  IOPS:   296208  Throughput:  1157.1 MB/s  Total: 3176.86 GB
[ 2811.8s] IOs:    832894328  IOPS:   296216  Throughput:  1157.1 MB/s  Total: 3177.24 GB
[ 2812.0s] IOs:    832994728  IOPS:   296232  Throughput:  1157.2 MB/s  Total: 3177.62 GB
[ 2812.4s] IOs:    833095603  IOPS:   296220  Throughput:  1157.1 MB/s  Total: 3178.01 GB
[ 2812.8s] IOs:    833196099  IOPS:   296214  Throughput:  1157.1 MB/s  Total: 3178.39 GB
[ 2813.0s] IOs:    833296567  IOPS:   296231  Throughput:  1157.2 MB/s  Total: 3178.77 GB
[ 2813.4s] IOs:    833397421  IOPS:   296224  Throughput:  1157.1 MB/s  Total: 3179.16 GB
[ 2813.6s] IOs:    833497471  IOPS:   296240  Throughput:  1157.2 MB/s  Total: 3179.54 GB
[ 2813.9s] IOs:    833598388  IOPS:   296241  Throughput:  1157.2 MB/s  Total: 3179.93 GB
[ 2822.9s] IOs:    833699346  IOPS:   295332  Throughput:  1153.6 MB/s  Total: 3180.31 GB
[ 2823.4s] IOs:    833800278  IOPS:   295322  Throughput:  1153.6 MB/s  Total: 3180.70 GB
[ 2823.8s] IOs:    833900634  IOPS:   295313  Throughput:  1153.6 MB/s  Total: 3181.08 GB
[ 2824.3s] IOs:    834001286  IOPS:   295298  Throughput:  1153.5 MB/s  Total: 3181.46 GB
[ 2824.5s] IOs:    834101854  IOPS:   295307  Throughput:  1153.5 MB/s  Total: 3181.85 GB
[ 2824.9s] IOs:    834202380  IOPS:   295308  Throughput:  1153.5 MB/s  Total: 3182.23 GB
[ 2825.4s] IOs:    834303237  IOPS:   295292  Throughput:  1153.5 MB/s  Total: 3182.61 GB
[ 2825.6s] IOs:    834403832  IOPS:   295305  Throughput:  1153.5 MB/s  Total: 3183.00 GB
[ 2826.1s] IOs:    834504411  IOPS:   295285  Throughput:  1153.5 MB/s  Total: 3183.38 GB
[ 2826.4s] IOs:    834604501  IOPS:   295289  Throughput:  1153.5 MB/s  Total: 3183.76 GB
[ 2826.8s] IOs:    834704958  IOPS:   295280  Throughput:  1153.4 MB/s  Total: 3184.15 GB
[ 2827.2s] IOs:    834805531  IOPS:   295275  Throughput:  1153.4 MB/s  Total: 3184.53 GB
[ 2827.5s] IOs:    834906313  IOPS:   295284  Throughput:  1153.5 MB/s  Total: 3184.91 GB
[ 2827.9s] IOs:    835006793  IOPS:   295276  Throughput:  1153.4 MB/s  Total: 3185.30 GB
[ 2828.3s] IOs:    835107166  IOPS:   295272  Throughput:  1153.4 MB/s  Total: 3185.68 GB
[ 2833.6s] IOs:    835207663  IOPS:   294752  Throughput:  1151.4 MB/s  Total: 3186.06 GB
[ 2834.1s] IOs:    835308352  IOPS:   294734  Throughput:  1151.3 MB/s  Total: 3186.45 GB
[ 2834.4s] IOs:    835409204  IOPS:   294743  Throughput:  1151.3 MB/s  Total: 3186.83 GB
[ 2834.7s] IOs:    835509797  IOPS:   294739  Throughput:  1151.3 MB/s  Total: 3187.22 GB
[ 2835.2s] IOs:    835610345  IOPS:   294725  Throughput:  1151.3 MB/s  Total: 3187.60 GB
[ 2835.7s] IOs:    835710789  IOPS:   294711  Throughput:  1151.2 MB/s  Total: 3187.98 GB
[ 2836.1s] IOs:    835811136  IOPS:   294709  Throughput:  1151.2 MB/s  Total: 3188.37 GB
[ 2836.3s] IOs:    835911816  IOPS:   294717  Throughput:  1151.2 MB/s  Total: 3188.75 GB
[ 2836.8s] IOs:    836012686  IOPS:   294706  Throughput:  1151.2 MB/s  Total: 3189.14 GB
[ 2837.1s] IOs:    836113665  IOPS:   294708  Throughput:  1151.2 MB/s  Total: 3189.52 GB
[ 2837.4s] IOs:    836214045  IOPS:   294714  Throughput:  1151.2 MB/s  Total: 3189.90 GB
[ 2837.7s] IOs:    836314984  IOPS:   294715  Throughput:  1151.2 MB/s  Total: 3190.29 GB
[ 2838.2s] IOs:    836415841  IOPS:   294704  Throughput:  1151.2 MB/s  Total: 3190.67 GB
[ 2838.4s] IOs:    836516554  IOPS:   294716  Throughput:  1151.2 MB/s  Total: 3191.06 GB
[ 2838.7s] IOs:    836616957  IOPS:   294716  Throughput:  1151.2 MB/s  Total: 3191.44 GB
[ 2839.1s] IOs:    836717613  IOPS:   294716  Throughput:  1151.2 MB/s  Total: 3191.82 GB
[ 2839.3s] IOs:    836817908  IOPS:   294728  Throughput:  1151.3 MB/s  Total: 3192.21 GB
[ 2839.9s] IOs:    836918632  IOPS:   294698  Throughput:  1151.2 MB/s  Total: 3192.59 GB
[ 2840.2s] IOs:    837019288  IOPS:   294709  Throughput:  1151.2 MB/s  Total: 3192.98 GB
[ 2840.4s] IOs:    837119896  IOPS:   294719  Throughput:  1151.2 MB/s  Total: 3193.36 GB
[ 2840.7s] IOs:    837220782  IOPS:   294720  Throughput:  1151.2 MB/s  Total: 3193.74 GB
[ 2841.0s] IOs:    837321325  IOPS:   294729  Throughput:  1151.3 MB/s  Total: 3194.13 GB
[ 2841.3s] IOs:    837421964  IOPS:   294733  Throughput:  1151.3 MB/s  Total: 3194.51 GB
[ 2841.5s] IOs:    837522717  IOPS:   294746  Throughput:  1151.4 MB/s  Total: 3194.90 GB
[ 2841.8s] IOs:    837623455  IOPS:   294747  Throughput:  1151.4 MB/s  Total: 3195.28 GB
[ 2842.4s] IOs:    837724190  IOPS:   294721  Throughput:  1151.3 MB/s  Total: 3195.66 GB
[ 2842.7s] IOs:    837824744  IOPS:   294732  Throughput:  1151.3 MB/s  Total: 3196.05 GB
[ 2842.9s] IOs:    837924939  IOPS:   294744  Throughput:  1151.3 MB/s  Total: 3196.43 GB
[ 2843.3s] IOs:    838025571  IOPS:   294734  Throughput:  1151.3 MB/s  Total: 3196.81 GB
[ 2843.6s] IOs:    838125850  IOPS:   294745  Throughput:  1151.3 MB/s  Total: 3197.20 GB
[ 2843.9s] IOs:    838226623  IOPS:   294746  Throughput:  1151.3 MB/s  Total: 3197.58 GB
[ 2844.4s] IOs:    838327323  IOPS:   294733  Throughput:  1151.3 MB/s  Total: 3197.96 GB
[ 2844.6s] IOs:    838427930  IOPS:   294744  Throughput:  1151.3 MB/s  Total: 3198.35 GB
[ 2844.8s] IOs:    838528565  IOPS:   294754  Throughput:  1151.4 MB/s  Total: 3198.73 GB
[ 2845.2s] IOs:    838629256  IOPS:   294750  Throughput:  1151.4 MB/s  Total: 3199.12 GB
[ 2845.5s] IOs:    838729616  IOPS:   294756  Throughput:  1151.4 MB/s  Total: 3199.50 GB
[ 2845.9s] IOs:    838830408  IOPS:   294752  Throughput:  1151.4 MB/s  Total: 3199.88 GB
[ 2846.1s] IOs:    838931096  IOPS:   294765  Throughput:  1151.4 MB/s  Total: 3200.27 GB
[ 2846.8s] IOs:    839031410  IOPS:   294730  Throughput:  1151.3 MB/s  Total: 3200.65 GB
[ 2847.8s] IOs:    839132408  IOPS:   294657  Throughput:  1151.0 MB/s  Total: 3201.04 GB
[ 2848.9s] IOs:    839233166  IOPS:   294586  Throughput:  1150.7 MB/s  Total: 3201.42 GB
[ 2849.5s] IOs:    839333774  IOPS:   294554  Throughput:  1150.6 MB/s  Total: 3201.80 GB
[ 2850.4s] IOs:    839434250  IOPS:   294493  Throughput:  1150.4 MB/s  Total: 3202.19 GB
[ 2851.0s] IOs:    839535011  IOPS:   294469  Throughput:  1150.3 MB/s  Total: 3202.57 GB
[ 2851.8s] IOs:    839636033  IOPS:   294419  Throughput:  1150.1 MB/s  Total: 3202.96 GB
[ 2852.5s] IOs:    839736615  IOPS:   294391  Throughput:  1150.0 MB/s  Total: 3203.34 GB
[ 2853.0s] IOs:    839837296  IOPS:   294375  Throughput:  1149.9 MB/s  Total: 3203.73 GB
[ 2854.4s] IOs:    839937466  IOPS:   294263  Throughput:  1149.5 MB/s  Total: 3204.11 GB
[ 2856.4s] IOs:    840037501  IOPS:   294086  Throughput:  1148.8 MB/s  Total: 3204.49 GB
[ 2857.9s] IOs:    840137687  IOPS:   293967  Throughput:  1148.3 MB/s  Total: 3204.87 GB
[ 2859.4s] IOs:    840238684  IOPS:   293847  Throughput:  1147.8 MB/s  Total: 3205.26 GB
[ 2860.9s] IOs:    840339395  IOPS:   293732  Throughput:  1147.4 MB/s  Total: 3205.64 GB
[ 2869.3s] IOs:    840439833  IOPS:   292910  Throughput:  1144.2 MB/s  Total: 3206.02 GB
[ 2869.5s] IOs:    840540485  IOPS:   292921  Throughput:  1144.2 MB/s  Total: 3206.41 GB
[ 2869.8s] IOs:    840641094  IOPS:   292928  Throughput:  1144.3 MB/s  Total: 3206.79 GB
[ 2870.0s] IOs:    840741507  IOPS:   292940  Throughput:  1144.3 MB/s  Total: 3207.17 GB
[ 2870.3s] IOs:    840841819  IOPS:   292950  Throughput:  1144.3 MB/s  Total: 3207.56 GB
[ 2870.5s] IOs:    840942207  IOPS:   292958  Throughput:  1144.4 MB/s  Total: 3207.94 GB
[ 2870.8s] IOs:    841042674  IOPS:   292967  Throughput:  1144.4 MB/s  Total: 3208.32 GB
[ 2871.0s] IOs:    841143667  IOPS:   292978  Throughput:  1144.4 MB/s  Total: 3208.71 GB
[ 2871.3s] IOs:    841244453  IOPS:   292985  Throughput:  1144.5 MB/s  Total: 3209.09 GB
[ 2871.5s] IOs:    841344758  IOPS:   292994  Throughput:  1144.5 MB/s  Total: 3209.48 GB
[Reader] Parsed 106000000 lines, distributed 841444663 writes, unique 720.00 GB, skipped 36922430
[ 2871.8s] IOs:    841445189  IOPS:   293004  Throughput:  1144.5 MB/s  Total: 3209.86 GB
[ 2872.1s] IOs:    841546166  IOPS:   293005  Throughput:  1144.6 MB/s  Total: 3210.24 GB
[ 2872.3s] IOs:    841646819  IOPS:   293017  Throughput:  1144.6 MB/s  Total: 3210.63 GB
[ 2872.7s] IOs:    841747777  IOPS:   293015  Throughput:  1144.6 MB/s  Total: 3211.01 GB
[ 2873.1s] IOs:    841848048  IOPS:   293014  Throughput:  1144.6 MB/s  Total: 3211.40 GB
[ 2873.3s] IOs:    841948336  IOPS:   293024  Throughput:  1144.6 MB/s  Total: 3211.78 GB
[ 2873.6s] IOs:    842048649  IOPS:   293028  Throughput:  1144.6 MB/s  Total: 3212.16 GB
[ 2873.9s] IOs:    842149291  IOPS:   293029  Throughput:  1144.6 MB/s  Total: 3212.54 GB
[ 2874.2s] IOs:    842250157  IOPS:   293040  Throughput:  1144.7 MB/s  Total: 3212.93 GB
[ 2874.5s] IOs:    842350759  IOPS:   293038  Throughput:  1144.7 MB/s  Total: 3213.31 GB
[ 2874.9s] IOs:    842451225  IOPS:   293040  Throughput:  1144.7 MB/s  Total: 3213.70 GB
[ 2875.1s] IOs:    842551702  IOPS:   293049  Throughput:  1144.7 MB/s  Total: 3214.08 GB
[ 2875.4s] IOs:    842652239  IOPS:   293060  Throughput:  1144.8 MB/s  Total: 3214.46 GB
[ 2875.7s] IOs:    842752911  IOPS:   293061  Throughput:  1144.8 MB/s  Total: 3214.85 GB
[ 2876.0s] IOs:    842853670  IOPS:   293064  Throughput:  1144.8 MB/s  Total: 3215.23 GB
[ 2876.2s] IOs:    842954140  IOPS:   293074  Throughput:  1144.8 MB/s  Total: 3215.61 GB
[ 2876.6s] IOs:    843054594  IOPS:   293073  Throughput:  1144.8 MB/s  Total: 3216.00 GB
[ 2876.8s] IOs:    843155098  IOPS:   293084  Throughput:  1144.9 MB/s  Total: 3216.38 GB
[ 2877.1s] IOs:    843255834  IOPS:   293093  Throughput:  1144.9 MB/s  Total: 3216.77 GB
[ 2877.3s] IOs:    843356427  IOPS:   293106  Throughput:  1144.9 MB/s  Total: 3217.15 GB
[ 2877.9s] IOs:    843456953  IOPS:   293082  Throughput:  1144.9 MB/s  Total: 3217.53 GB
[ 2878.1s] IOs:    843557395  IOPS:   293094  Throughput:  1144.9 MB/s  Total: 3217.92 GB
[ 2878.3s] IOs:    843658150  IOPS:   293107  Throughput:  1144.9 MB/s  Total: 3218.30 GB
[ 2878.8s] IOs:    843758900  IOPS:   293098  Throughput:  1144.9 MB/s  Total: 3218.68 GB
[ 2879.1s] IOs:    843859680  IOPS:   293098  Throughput:  1144.9 MB/s  Total: 3219.07 GB
[ 2879.3s] IOs:    843960053  IOPS:   293110  Throughput:  1145.0 MB/s  Total: 3219.45 GB
[ 2879.8s] IOs:    844060309  IOPS:   293101  Throughput:  1144.9 MB/s  Total: 3219.83 GB
[ 2880.0s] IOs:    844160811  IOPS:   293113  Throughput:  1145.0 MB/s  Total: 3220.22 GB
[ 2880.3s] IOs:    844261320  IOPS:   293114  Throughput:  1145.0 MB/s  Total: 3220.60 GB
[ 2880.6s] IOs:    844361656  IOPS:   293124  Throughput:  1145.0 MB/s  Total: 3220.98 GB
[ 2880.8s] IOs:    844461977  IOPS:   293135  Throughput:  1145.1 MB/s  Total: 3221.37 GB
[ 2881.1s] IOs:    844562178  IOPS:   293140  Throughput:  1145.1 MB/s  Total: 3221.75 GB
[ 2881.3s] IOs:    844662426  IOPS:   293150  Throughput:  1145.1 MB/s  Total: 3222.13 GB
[ 2881.6s] IOs:    844762856  IOPS:   293159  Throughput:  1145.2 MB/s  Total: 3222.51 GB
[ 2881.8s] IOs:    844863549  IOPS:   293168  Throughput:  1145.2 MB/s  Total: 3222.90 GB
[ 2882.1s] IOs:    844964097  IOPS:   293173  Throughput:  1145.2 MB/s  Total: 3223.28 GB
[ 2882.4s] IOs:    845064747  IOPS:   293180  Throughput:  1145.2 MB/s  Total: 3223.67 GB
[ 2882.6s] IOs:    845165433  IOPS:   293191  Throughput:  1145.3 MB/s  Total: 3224.05 GB
[ 2883.0s] IOs:    845266053  IOPS:   293187  Throughput:  1145.3 MB/s  Total: 3224.43 GB
[ 2883.2s] IOs:    845366861  IOPS:   293200  Throughput:  1145.3 MB/s  Total: 3224.82 GB
[ 2883.7s] IOs:    845467308  IOPS:   293190  Throughput:  1145.3 MB/s  Total: 3225.20 GB
[ 2883.9s] IOs:    845567512  IOPS:   293204  Throughput:  1145.3 MB/s  Total: 3225.58 GB
[ 2884.2s] IOs:    845667992  IOPS:   293208  Throughput:  1145.3 MB/s  Total: 3225.97 GB
[ 2884.5s] IOs:    845768577  IOPS:   293208  Throughput:  1145.3 MB/s  Total: 3226.35 GB
[ 2884.7s] IOs:    845869259  IOPS:   293222  Throughput:  1145.4 MB/s  Total: 3226.74 GB
[ 2885.1s] IOs:    845969996  IOPS:   293222  Throughput:  1145.4 MB/s  Total: 3227.12 GB
[ 2885.3s] IOs:    846070345  IOPS:   293233  Throughput:  1145.4 MB/s  Total: 3227.50 GB
[ 2885.7s] IOs:    846170694  IOPS:   293224  Throughput:  1145.4 MB/s  Total: 3227.89 GB
[ 2886.0s] IOs:    846271155  IOPS:   293237  Throughput:  1145.5 MB/s  Total: 3228.27 GB
[ 2886.2s] IOs:    846371670  IOPS:   293251  Throughput:  1145.5 MB/s  Total: 3228.65 GB
[ 2886.4s] IOs:    846472211  IOPS:   293264  Throughput:  1145.6 MB/s  Total: 3229.04 GB
[ 2886.7s] IOs:    846572569  IOPS:   293263  Throughput:  1145.6 MB/s  Total: 3229.42 GB
[ 2887.1s] IOs:    846672996  IOPS:   293263  Throughput:  1145.6 MB/s  Total: 3229.80 GB
[ 2887.3s] IOs:    846773915  IOPS:   293277  Throughput:  1145.6 MB/s  Total: 3230.19 GB
[ 2887.6s] IOs:    846874533  IOPS:   293281  Throughput:  1145.6 MB/s  Total: 3230.57 GB
[ 2887.9s] IOs:    846975340  IOPS:   293289  Throughput:  1145.7 MB/s  Total: 3230.95 GB
[ 2888.1s] IOs:    847075845  IOPS:   293300  Throughput:  1145.7 MB/s  Total: 3231.34 GB
[ 2888.3s] IOs:    847176238  IOPS:   293309  Throughput:  1145.7 MB/s  Total: 3231.72 GB
[ 2888.6s] IOs:    847276595  IOPS:   293321  Throughput:  1145.8 MB/s  Total: 3232.10 GB
[ 2888.8s] IOs:    847377333  IOPS:   293334  Throughput:  1145.8 MB/s  Total: 3232.49 GB
[ 2889.1s] IOs:    847477982  IOPS:   293333  Throughput:  1145.8 MB/s  Total: 3232.87 GB
[ 2889.4s] IOs:    847578297  IOPS:   293345  Throughput:  1145.9 MB/s  Total: 3233.25 GB
[ 2889.6s] IOs:    847679261  IOPS:   293351  Throughput:  1145.9 MB/s  Total: 3233.64 GB
[ 2889.9s] IOs:    847780170  IOPS:   293363  Throughput:  1146.0 MB/s  Total: 3234.02 GB
[ 2890.2s] IOs:    847880684  IOPS:   293368  Throughput:  1146.0 MB/s  Total: 3234.41 GB
[ 2890.5s] IOs:    847981184  IOPS:   293373  Throughput:  1146.0 MB/s  Total: 3234.79 GB
[ 2890.7s] IOs:    848081654  IOPS:   293384  Throughput:  1146.0 MB/s  Total: 3235.17 GB
[ 2890.9s] IOs:    848182132  IOPS:   293397  Throughput:  1146.1 MB/s  Total: 3235.56 GB
[ 2891.2s] IOs:    848282352  IOPS:   293404  Throughput:  1146.1 MB/s  Total: 3235.94 GB
[ 2891.4s] IOs:    848383062  IOPS:   293415  Throughput:  1146.2 MB/s  Total: 3236.32 GB
[ 2891.7s] IOs:    848483612  IOPS:   293422  Throughput:  1146.2 MB/s  Total: 3236.71 GB
[ 2891.9s] IOs:    848584131  IOPS:   293437  Throughput:  1146.2 MB/s  Total: 3237.09 GB
[ 2892.2s] IOs:    848684415  IOPS:   293439  Throughput:  1146.2 MB/s  Total: 3237.47 GB
[ 2892.4s] IOs:    848785345  IOPS:   293450  Throughput:  1146.3 MB/s  Total: 3237.86 GB
[ 2892.7s] IOs:    848885679  IOPS:   293456  Throughput:  1146.3 MB/s  Total: 3238.24 GB
[ 2892.9s] IOs:    848986319  IOPS:   293470  Throughput:  1146.4 MB/s  Total: 3238.63 GB
[ 2893.2s] IOs:    849086800  IOPS:   293480  Throughput:  1146.4 MB/s  Total: 3239.01 GB
[ 2893.3s] IOs:    849187010  IOPS:   293497  Throughput:  1146.5 MB/s  Total: 3239.39 GB
[ 2893.6s] IOs:    849287903  IOPS:   293503  Throughput:  1146.5 MB/s  Total: 3239.78 GB
[ 2893.8s] IOs:    849388366  IOPS:   293519  Throughput:  1146.6 MB/s  Total: 3240.16 GB
[ 2894.3s] IOs:    849489227  IOPS:   293504  Throughput:  1146.5 MB/s  Total: 3240.54 GB
[ 2894.5s] IOs:    849590183  IOPS:   293519  Throughput:  1146.6 MB/s  Total: 3240.93 GB
[ 2894.7s] IOs:    849690714  IOPS:   293535  Throughput:  1146.6 MB/s  Total: 3241.31 GB
[ 2895.2s] IOs:    849791478  IOPS:   293521  Throughput:  1146.6 MB/s  Total: 3241.70 GB
[ 2895.4s] IOs:    849891992  IOPS:   293536  Throughput:  1146.6 MB/s  Total: 3242.08 GB
[ 2895.7s] IOs:    849992613  IOPS:   293534  Throughput:  1146.6 MB/s  Total: 3242.46 GB
[ 2896.1s] IOs:    850092973  IOPS:   293526  Throughput:  1146.6 MB/s  Total: 3242.85 GB
[ 2896.4s] IOs:    850193373  IOPS:   293539  Throughput:  1146.6 MB/s  Total: 3243.23 GB
[ 2896.6s] IOs:    850293991  IOPS:   293545  Throughput:  1146.7 MB/s  Total: 3243.61 GB
[ 2896.8s] IOs:    850394672  IOPS:   293561  Throughput:  1146.7 MB/s  Total: 3244.00 GB
[ 2897.2s] IOs:    850495076  IOPS:   293555  Throughput:  1146.7 MB/s  Total: 3244.38 GB
[ 2897.4s] IOs:    850595695  IOPS:   293571  Throughput:  1146.8 MB/s  Total: 3244.77 GB
[ 2897.7s] IOs:    850696624  IOPS:   293575  Throughput:  1146.8 MB/s  Total: 3245.15 GB
[Reader] Parsed 107000000 lines, distributed 850703135 writes, unique 720.00 GB, skipped 39725056
[ 2897.9s] IOs:    850797315  IOPS:   293590  Throughput:  1146.8 MB/s  Total: 3245.53 GB
[ 2898.2s] IOs:    850897931  IOPS:   293594  Throughput:  1146.9 MB/s  Total: 3245.92 GB
[ 2898.4s] IOs:    850998627  IOPS:   293607  Throughput:  1146.9 MB/s  Total: 3246.30 GB
[ 2898.7s] IOs:    851099540  IOPS:   293612  Throughput:  1146.9 MB/s  Total: 3246.69 GB
[ 2898.9s] IOs:    851200059  IOPS:   293628  Throughput:  1147.0 MB/s  Total: 3247.07 GB
[ 2899.4s] IOs:    851300337  IOPS:   293612  Throughput:  1146.9 MB/s  Total: 3247.45 GB
[ 2899.6s] IOs:    851400642  IOPS:   293629  Throughput:  1147.0 MB/s  Total: 3247.84 GB
[ 2899.8s] IOs:    851501154  IOPS:   293646  Throughput:  1147.1 MB/s  Total: 3248.22 GB
[ 2900.2s] IOs:    851601645  IOPS:   293639  Throughput:  1147.0 MB/s  Total: 3248.60 GB
[ 2900.3s] IOs:    851702016  IOPS:   293656  Throughput:  1147.1 MB/s  Total: 3248.99 GB
[ 2900.6s] IOs:    851802250  IOPS:   293663  Throughput:  1147.1 MB/s  Total: 3249.37 GB
[ 2900.8s] IOs:    851902608  IOPS:   293680  Throughput:  1147.2 MB/s  Total: 3249.75 GB
[ 2901.1s] IOs:    852002774  IOPS:   293679  Throughput:  1147.2 MB/s  Total: 3250.13 GB
[ 2901.3s] IOs:    852103366  IOPS:   293696  Throughput:  1147.2 MB/s  Total: 3250.52 GB
[ 2901.6s] IOs:    852203902  IOPS:   293703  Throughput:  1147.3 MB/s  Total: 3250.90 GB
[ 2901.9s] IOs:    852303927  IOPS:   293707  Throughput:  1147.3 MB/s  Total: 3251.28 GB
[ 2902.1s] IOs:    852404438  IOPS:   293722  Throughput:  1147.4 MB/s  Total: 3251.66 GB
[ 2902.3s] IOs:    852505075  IOPS:   293739  Throughput:  1147.4 MB/s  Total: 3252.05 GB
[ 2902.6s] IOs:    852605465  IOPS:   293743  Throughput:  1147.4 MB/s  Total: 3252.43 GB
[ 2902.7s] IOs:    852705994  IOPS:   293760  Throughput:  1147.5 MB/s  Total: 3252.82 GB
[ 2902.9s] IOs:    852806357  IOPS:   293776  Throughput:  1147.6 MB/s  Total: 3253.20 GB
[ 2903.2s] IOs:    852907234  IOPS:   293780  Throughput:  1147.6 MB/s  Total: 3253.58 GB
[ 2903.4s] IOs:    853007314  IOPS:   293793  Throughput:  1147.6 MB/s  Total: 3253.96 GB
[ 2903.7s] IOs:    853107500  IOPS:   293800  Throughput:  1147.7 MB/s  Total: 3254.35 GB
[ 2903.9s] IOs:    853208047  IOPS:   293817  Throughput:  1147.7 MB/s  Total: 3254.73 GB
[ 2904.2s] IOs:    853308451  IOPS:   293823  Throughput:  1147.7 MB/s  Total: 3255.11 GB
[ 2904.3s] IOs:    853408900  IOPS:   293840  Throughput:  1147.8 MB/s  Total: 3255.50 GB
[ 2904.6s] IOs:    853509521  IOPS:   293847  Throughput:  1147.8 MB/s  Total: 3255.88 GB
[ 2904.8s] IOs:    853609852  IOPS:   293864  Throughput:  1147.9 MB/s  Total: 3256.26 GB
[ 2905.1s] IOs:    853710398  IOPS:   293865  Throughput:  1147.9 MB/s  Total: 3256.65 GB
[ 2905.3s] IOs:    853810753  IOPS:   293882  Throughput:  1148.0 MB/s  Total: 3257.03 GB
[ 2905.6s] IOs:    853911084  IOPS:   293885  Throughput:  1148.0 MB/s  Total: 3257.41 GB
[ 2905.8s] IOs:    854011974  IOPS:   293901  Throughput:  1148.1 MB/s  Total: 3257.80 GB
[ 2906.1s] IOs:    854112783  IOPS:   293907  Throughput:  1148.1 MB/s  Total: 3258.18 GB
[ 2906.2s] IOs:    854213586  IOPS:   293924  Throughput:  1148.1 MB/s  Total: 3258.57 GB
[ 2906.6s] IOs:    854314213  IOPS:   293927  Throughput:  1148.2 MB/s  Total: 3258.95 GB
[ 2906.7s] IOs:    854414836  IOPS:   293942  Throughput:  1148.2 MB/s  Total: 3259.33 GB
[ 2906.9s] IOs:    854515432  IOPS:   293957  Throughput:  1148.3 MB/s  Total: 3259.72 GB
[ 2907.2s] IOs:    854616253  IOPS:   293963  Throughput:  1148.3 MB/s  Total: 3260.10 GB
[ 2907.4s] IOs:    854716654  IOPS:   293978  Throughput:  1148.4 MB/s  Total: 3260.49 GB
[ 2907.7s] IOs:    854817345  IOPS:   293988  Throughput:  1148.4 MB/s  Total: 3260.87 GB
[ 2907.8s] IOs:    854918131  IOPS:   294005  Throughput:  1148.5 MB/s  Total: 3261.25 GB
[ 2908.1s] IOs:    855018753  IOPS:   294014  Throughput:  1148.5 MB/s  Total: 3261.64 GB
[ 2908.3s] IOs:    855119187  IOPS:   294030  Throughput:  1148.6 MB/s  Total: 3262.02 GB
[ 2908.5s] IOs:    855219400  IOPS:   294046  Throughput:  1148.6 MB/s  Total: 3262.40 GB
[ 2908.7s] IOs:    855319848  IOPS:   294055  Throughput:  1148.7 MB/s  Total: 3262.79 GB
[ 2908.9s] IOs:    855420667  IOPS:   294071  Throughput:  1148.7 MB/s  Total: 3263.17 GB
[ 2909.1s] IOs:    855521441  IOPS:   294087  Throughput:  1148.8 MB/s  Total: 3263.56 GB
[ 2909.3s] IOs:    855622379  IOPS:   294103  Throughput:  1148.8 MB/s  Total: 3263.94 GB
[ 2910.3s] IOs:    855723191  IOPS:   294036  Throughput:  1148.6 MB/s  Total: 3264.32 GB
[ 2910.7s] IOs:    855824069  IOPS:   294024  Throughput:  1148.5 MB/s  Total: 3264.71 GB
[ 2911.1s] IOs:    855924657  IOPS:   294017  Throughput:  1148.5 MB/s  Total: 3265.09 GB
[ 2911.3s] IOs:    856025113  IOPS:   294033  Throughput:  1148.6 MB/s  Total: 3265.48 GB
[ 2911.8s] IOs:    856125656  IOPS:   294021  Throughput:  1148.5 MB/s  Total: 3265.86 GB
[ 2912.1s] IOs:    856226210  IOPS:   294024  Throughput:  1148.5 MB/s  Total: 3266.24 GB
[ 2912.3s] IOs:    856326959  IOPS:   294039  Throughput:  1148.6 MB/s  Total: 3266.63 GB
[ 2912.7s] IOs:    856427809  IOPS:   294034  Throughput:  1148.6 MB/s  Total: 3267.01 GB
[ 2912.9s] IOs:    856528300  IOPS:   294051  Throughput:  1148.6 MB/s  Total: 3267.40 GB
[ 2913.6s] IOs:    856628796  IOPS:   294013  Throughput:  1148.5 MB/s  Total: 3267.78 GB
[ 2913.8s] IOs:    856729532  IOPS:   294029  Throughput:  1148.6 MB/s  Total: 3268.16 GB
[ 2913.9s] IOs:    856830387  IOPS:   294045  Throughput:  1148.6 MB/s  Total: 3268.55 GB
[ 2914.4s] IOs:    856930995  IOPS:   294031  Throughput:  1148.6 MB/s  Total: 3268.93 GB
[ 2914.8s] IOs:    857031885  IOPS:   294030  Throughput:  1148.6 MB/s  Total: 3269.32 GB
[ 2915.0s] IOs:    857132662  IOPS:   294045  Throughput:  1148.6 MB/s  Total: 3269.70 GB
[ 2919.6s] IOs:    857233637  IOPS:   293614  Throughput:  1146.9 MB/s  Total: 3270.09 GB
[ 2920.5s] IOs:    857334611  IOPS:   293558  Throughput:  1146.7 MB/s  Total: 3270.47 GB
[ 2921.1s] IOs:    857435519  IOPS:   293532  Throughput:  1146.6 MB/s  Total: 3270.86 GB
[ 2922.0s] IOs:    857536194  IOPS:   293476  Throughput:  1146.4 MB/s  Total: 3271.24 GB
[ 2922.6s] IOs:    857636661  IOPS:   293449  Throughput:  1146.3 MB/s  Total: 3271.62 GB
[ 2923.2s] IOs:    857737095  IOPS:   293427  Throughput:  1146.2 MB/s  Total: 3272.01 GB
[ 2923.7s] IOs:    857837916  IOPS:   293408  Throughput:  1146.1 MB/s  Total: 3272.39 GB
[ 2924.5s] IOs:    857937949  IOPS:   293366  Throughput:  1146.0 MB/s  Total: 3272.77 GB
[ 2925.0s] IOs:    858038680  IOPS:   293346  Throughput:  1145.9 MB/s  Total: 3273.16 GB
[ 2925.5s] IOs:    858139184  IOPS:   293331  Throughput:  1145.8 MB/s  Total: 3273.54 GB
[ 2926.0s] IOs:    858239829  IOPS:   293315  Throughput:  1145.8 MB/s  Total: 3273.93 GB
[ 2926.5s] IOs:    858340635  IOPS:   293304  Throughput:  1145.7 MB/s  Total: 3274.31 GB
[ 2926.8s] IOs:    858441585  IOPS:   293305  Throughput:  1145.7 MB/s  Total: 3274.69 GB
[ 2927.4s] IOs:    858542472  IOPS:   293281  Throughput:  1145.6 MB/s  Total: 3275.08 GB
[ 2927.6s] IOs:    858642705  IOPS:   293288  Throughput:  1145.7 MB/s  Total: 3275.46 GB
[ 2928.1s] IOs:    858742883  IOPS:   293278  Throughput:  1145.6 MB/s  Total: 3275.84 GB
[ 2935.0s] IOs:    858843713  IOPS:   292623  Throughput:  1143.1 MB/s  Total: 3276.23 GB
[Reader] Parsed 108000000 lines, distributed 858938193 writes, unique 720.00 GB, skipped 41708066
[ 2935.6s] IOs:    858944568  IOPS:   292593  Throughput:  1142.9 MB/s  Total: 3276.61 GB
[ 2936.1s] IOs:    859045169  IOPS:   292582  Throughput:  1142.9 MB/s  Total: 3277.00 GB
[ 2936.5s] IOs:    859145523  IOPS:   292570  Throughput:  1142.9 MB/s  Total: 3277.38 GB
[ 2937.0s] IOs:    859246276  IOPS:   292555  Throughput:  1142.8 MB/s  Total: 3277.76 GB
[ 2937.5s] IOs:    859347048  IOPS:   292539  Throughput:  1142.7 MB/s  Total: 3278.15 GB
[ 2938.0s] IOs:    859447606  IOPS:   292528  Throughput:  1142.7 MB/s  Total: 3278.53 GB
[ 2938.6s] IOs:    859547690  IOPS:   292500  Throughput:  1142.6 MB/s  Total: 3278.91 GB
[ 2938.9s] IOs:    859648219  IOPS:   292504  Throughput:  1142.6 MB/s  Total: 3279.30 GB
[ 2939.3s] IOs:    859748381  IOPS:   292499  Throughput:  1142.6 MB/s  Total: 3279.68 GB
[ 2939.6s] IOs:    859848789  IOPS:   292510  Throughput:  1142.6 MB/s  Total: 3280.06 GB
[ 2940.1s] IOs:    859948869  IOPS:   292494  Throughput:  1142.6 MB/s  Total: 3280.44 GB
[ 2940.4s] IOs:    860049598  IOPS:   292495  Throughput:  1142.6 MB/s  Total: 3280.83 GB
[ 2940.6s] IOs:    860150024  IOPS:   292505  Throughput:  1142.6 MB/s  Total: 3281.21 GB
[ 2941.0s] IOs:    860250424  IOPS:   292501  Throughput:  1142.6 MB/s  Total: 3281.59 GB
[ 2941.4s] IOs:    860350696  IOPS:   292500  Throughput:  1142.6 MB/s  Total: 3281.98 GB
[ 2941.6s] IOs:    860451401  IOPS:   292511  Throughput:  1142.6 MB/s  Total: 3282.36 GB
[ 2942.0s] IOs:    860552127  IOPS:   292510  Throughput:  1142.6 MB/s  Total: 3282.75 GB
[ 2942.3s] IOs:    860652639  IOPS:   292507  Throughput:  1142.6 MB/s  Total: 3283.13 GB
[ 2942.6s] IOs:    860753056  IOPS:   292518  Throughput:  1142.7 MB/s  Total: 3283.51 GB
[ 2942.9s] IOs:    860853279  IOPS:   292517  Throughput:  1142.6 MB/s  Total: 3283.89 GB
[ 2943.2s] IOs:    860954009  IOPS:   292526  Throughput:  1142.7 MB/s  Total: 3284.28 GB
[ 2943.7s] IOs:    861054729  IOPS:   292504  Throughput:  1142.6 MB/s  Total: 3284.66 GB
[ 2944.0s] IOs:    861155695  IOPS:   292513  Throughput:  1142.6 MB/s  Total: 3285.05 GB
[ 2944.5s] IOs:    861255761  IOPS:   292500  Throughput:  1142.6 MB/s  Total: 3285.43 GB
[ 2945.0s] IOs:    861355965  IOPS:   292486  Throughput:  1142.5 MB/s  Total: 3285.81 GB
[ 2945.2s] IOs:    861456974  IOPS:   292497  Throughput:  1142.6 MB/s  Total: 3286.20 GB
[ 2945.6s] IOs:    861557621  IOPS:   292494  Throughput:  1142.6 MB/s  Total: 3286.58 GB
[ 2946.0s] IOs:    861658106  IOPS:   292484  Throughput:  1142.5 MB/s  Total: 3286.96 GB
[ 2946.4s] IOs:    861758956  IOPS:   292476  Throughput:  1142.5 MB/s  Total: 3287.35 GB
[ 2946.7s] IOs:    861859196  IOPS:   292483  Throughput:  1142.5 MB/s  Total: 3287.73 GB
[ 2950.3s] IOs:    861959487  IOPS:   292156  Throughput:  1141.2 MB/s  Total: 3288.11 GB
[ 2951.8s] IOs:    862060244  IOPS:   292050  Throughput:  1140.8 MB/s  Total: 3288.50 GB
[ 2952.8s] IOs:    862160988  IOPS:   291980  Throughput:  1140.5 MB/s  Total: 3288.88 GB
[ 2954.2s] IOs:    862261898  IOPS:   291873  Throughput:  1140.1 MB/s  Total: 3289.27 GB
[ 2956.3s] IOs:    862362703  IOPS:   291701  Throughput:  1139.5 MB/s  Total: 3289.65 GB
[ 2958.2s] IOs:    862463592  IOPS:   291546  Throughput:  1138.9 MB/s  Total: 3290.04 GB
[ 2959.7s] IOs:    862564509  IOPS:   291433  Throughput:  1138.4 MB/s  Total: 3290.42 GB
[ 2960.8s] IOs:    862664512  IOPS:   291360  Throughput:  1138.1 MB/s  Total: 3290.80 GB
[ 2961.9s] IOs:    862765365  IOPS:   291288  Throughput:  1137.8 MB/s  Total: 3291.19 GB
[ 2963.4s] IOs:    862866242  IOPS:   291170  Throughput:  1137.4 MB/s  Total: 3291.57 GB
[ 2964.0s] IOs:    862967264  IOPS:   291151  Throughput:  1137.3 MB/s  Total: 3291.96 GB
[ 2965.0s] IOs:    863067766  IOPS:   291090  Throughput:  1137.1 MB/s  Total: 3292.34 GB
[ 2965.9s] IOs:    863168596  IOPS:   291034  Throughput:  1136.9 MB/s  Total: 3292.73 GB
[ 2966.5s] IOs:    863269277  IOPS:   291003  Throughput:  1136.7 MB/s  Total: 3293.11 GB
[ 2967.3s] IOs:    863369940  IOPS:   290957  Throughput:  1136.6 MB/s  Total: 3293.49 GB
[ 2968.0s] IOs:    863470692  IOPS:   290930  Throughput:  1136.4 MB/s  Total: 3293.88 GB
[ 2968.5s] IOs:    863571214  IOPS:   290911  Throughput:  1136.4 MB/s  Total: 3294.26 GB
[ 2969.3s] IOs:    863672029  IOPS:   290865  Throughput:  1136.2 MB/s  Total: 3294.65 GB
[ 2970.0s] IOs:    863772663  IOPS:   290836  Throughput:  1136.1 MB/s  Total: 3295.03 GB
[ 2970.5s] IOs:    863873403  IOPS:   290817  Throughput:  1136.0 MB/s  Total: 3295.42 GB
[ 2971.1s] IOs:    863974283  IOPS:   290798  Throughput:  1135.9 MB/s  Total: 3295.80 GB
[ 2971.6s] IOs:    864074915  IOPS:   290780  Throughput:  1135.9 MB/s  Total: 3296.18 GB
[ 2972.2s] IOs:    864175727  IOPS:   290750  Throughput:  1135.7 MB/s  Total: 3296.57 GB
[ 2972.6s] IOs:    864276485  IOPS:   290752  Throughput:  1135.7 MB/s  Total: 3296.95 GB
[ 2973.1s] IOs:    864377170  IOPS:   290731  Throughput:  1135.7 MB/s  Total: 3297.34 GB
[ 2973.6s] IOs:    864477835  IOPS:   290719  Throughput:  1135.6 MB/s  Total: 3297.72 GB
[ 2974.1s] IOs:    864578443  IOPS:   290707  Throughput:  1135.6 MB/s  Total: 3298.11 GB
[ 2974.6s] IOs:    864679307  IOPS:   290692  Throughput:  1135.5 MB/s  Total: 3298.49 GB
[ 2974.9s] IOs:    864779987  IOPS:   290690  Throughput:  1135.5 MB/s  Total: 3298.87 GB
[ 2975.2s] IOs:    864880809  IOPS:   290700  Throughput:  1135.5 MB/s  Total: 3299.26 GB
[ 2975.7s] IOs:    864981568  IOPS:   290686  Throughput:  1135.5 MB/s  Total: 3299.64 GB
[ 2976.0s] IOs:    865081985  IOPS:   290685  Throughput:  1135.5 MB/s  Total: 3300.03 GB
[ 2976.6s] IOs:    865182830  IOPS:   290662  Throughput:  1135.4 MB/s  Total: 3300.41 GB
[ 2976.8s] IOs:    865283840  IOPS:   290673  Throughput:  1135.4 MB/s  Total: 3300.80 GB
[ 2977.1s] IOs:    865384683  IOPS:   290682  Throughput:  1135.5 MB/s  Total: 3301.18 GB
[ 2977.5s] IOs:    865485268  IOPS:   290672  Throughput:  1135.4 MB/s  Total: 3301.56 GB
[ 2977.8s] IOs:    865585622  IOPS:   290682  Throughput:  1135.5 MB/s  Total: 3301.95 GB
[ 2978.1s] IOs:    865686359  IOPS:   290684  Throughput:  1135.5 MB/s  Total: 3302.33 GB
[ 2978.5s] IOs:    865787283  IOPS:   290682  Throughput:  1135.5 MB/s  Total: 3302.72 GB
[ 2978.7s] IOs:    865888162  IOPS:   290693  Throughput:  1135.5 MB/s  Total: 3303.10 GB
[ 2979.0s] IOs:    865989182  IOPS:   290693  Throughput:  1135.5 MB/s  Total: 3303.49 GB
[ 2979.3s] IOs:    866089588  IOPS:   290704  Throughput:  1135.6 MB/s  Total: 3303.87 GB
[ 2979.6s] IOs:    866190165  IOPS:   290704  Throughput:  1135.6 MB/s  Total: 3304.25 GB
[ 2979.9s] IOs:    866291100  IOPS:   290709  Throughput:  1135.6 MB/s  Total: 3304.64 GB
[ 2980.2s] IOs:    866392075  IOPS:   290720  Throughput:  1135.6 MB/s  Total: 3305.02 GB
[ 2980.4s] IOs:    866492427  IOPS:   290726  Throughput:  1135.6 MB/s  Total: 3305.41 GB
[ 2980.7s] IOs:    866592773  IOPS:   290737  Throughput:  1135.7 MB/s  Total: 3305.79 GB
[ 2980.9s] IOs:    866693259  IOPS:   290745  Throughput:  1135.7 MB/s  Total: 3306.17 GB
[ 2981.2s] IOs:    866794163  IOPS:   290756  Throughput:  1135.8 MB/s  Total: 3306.56 GB
[ 2981.5s] IOs:    866894840  IOPS:   290761  Throughput:  1135.8 MB/s  Total: 3306.94 GB
[Reader] Parsed 109000000 lines, distributed 866931851 writes, unique 720.00 GB, skipped 44074252
[ 2981.7s] IOs:    866994947  IOPS:   290772  Throughput:  1135.8 MB/s  Total: 3307.32 GB
[ 2982.1s] IOs:    867095252  IOPS:   290766  Throughput:  1135.8 MB/s  Total: 3307.71 GB
[ 2982.3s] IOs:    867195878  IOPS:   290777  Throughput:  1135.8 MB/s  Total: 3308.09 GB
[ 2982.5s] IOs:    867296590  IOPS:   290790  Throughput:  1135.9 MB/s  Total: 3308.47 GB
[ 2982.9s] IOs:    867397044  IOPS:   290786  Throughput:  1135.9 MB/s  Total: 3308.86 GB
[ 2983.2s] IOs:    867497412  IOPS:   290791  Throughput:  1135.9 MB/s  Total: 3309.24 GB
[ 2983.5s] IOs:    867598341  IOPS:   290803  Throughput:  1136.0 MB/s  Total: 3309.63 GB
[ 2983.7s] IOs:    867698788  IOPS:   290816  Throughput:  1136.0 MB/s  Total: 3310.01 GB
[ 2984.0s] IOs:    867799713  IOPS:   290819  Throughput:  1136.0 MB/s  Total: 3310.39 GB
[ 2984.2s] IOs:    867900423  IOPS:   290831  Throughput:  1136.1 MB/s  Total: 3310.78 GB
[ 2984.5s] IOs:    868000912  IOPS:   290836  Throughput:  1136.1 MB/s  Total: 3311.16 GB
[ 2984.8s] IOs:    868101507  IOPS:   290836  Throughput:  1136.1 MB/s  Total: 3311.54 GB
[ 2985.1s] IOs:    868202481  IOPS:   290845  Throughput:  1136.1 MB/s  Total: 3311.93 GB
[ 2985.3s] IOs:    868303019  IOPS:   290857  Throughput:  1136.2 MB/s  Total: 3312.31 GB
[ 2985.6s] IOs:    868403471  IOPS:   290862  Throughput:  1136.2 MB/s  Total: 3312.70 GB
[ 2986.0s] IOs:    868503847  IOPS:   290860  Throughput:  1136.2 MB/s  Total: 3313.08 GB
[ 2986.2s] IOs:    868604656  IOPS:   290870  Throughput:  1136.2 MB/s  Total: 3313.46 GB
[ 2986.5s] IOs:    868705118  IOPS:   290879  Throughput:  1136.2 MB/s  Total: 3313.85 GB
[ 2986.7s] IOs:    868805898  IOPS:   290891  Throughput:  1136.3 MB/s  Total: 3314.23 GB
[ 2987.0s] IOs:    868906886  IOPS:   290894  Throughput:  1136.3 MB/s  Total: 3314.62 GB
[ 2987.2s] IOs:    869007620  IOPS:   290906  Throughput:  1136.4 MB/s  Total: 3315.00 GB
[ 2987.8s] IOs:    869108105  IOPS:   290885  Throughput:  1136.3 MB/s  Total: 3315.38 GB
[ 2988.5s] IOs:    869208780  IOPS:   290852  Throughput:  1136.1 MB/s  Total: 3315.77 GB
[ 2989.1s] IOs:    869309402  IOPS:   290831  Throughput:  1136.1 MB/s  Total: 3316.15 GB
[ 2990.0s] IOs:    869410201  IOPS:   290769  Throughput:  1135.8 MB/s  Total: 3316.54 GB
[ 2990.6s] IOs:    869510782  IOPS:   290746  Throughput:  1135.7 MB/s  Total: 3316.92 GB
[ 2991.5s] IOs:    869611664  IOPS:   290697  Throughput:  1135.5 MB/s  Total: 3317.31 GB
[ 2992.0s] IOs:    869712293  IOPS:   290675  Throughput:  1135.5 MB/s  Total: 3317.69 GB
[ 2992.6s] IOs:    869812764  IOPS:   290653  Throughput:  1135.4 MB/s  Total: 3318.07 GB
[ 2993.2s] IOs:    869913459  IOPS:   290634  Throughput:  1135.3 MB/s  Total: 3318.46 GB
[ 2993.6s] IOs:    870014310  IOPS:   290621  Throughput:  1135.2 MB/s  Total: 3318.84 GB
[ 2994.3s] IOs:    870114583  IOPS:   290595  Throughput:  1135.1 MB/s  Total: 3319.22 GB
[ 2994.7s] IOs:    870215451  IOPS:   290584  Throughput:  1135.1 MB/s  Total: 3319.61 GB
[ 2995.4s] IOs:    870316456  IOPS:   290555  Throughput:  1135.0 MB/s  Total: 3319.99 GB
[ 2995.6s] IOs:    870417199  IOPS:   290565  Throughput:  1135.0 MB/s  Total: 3320.38 GB
[ 2995.8s] IOs:    870517649  IOPS:   290575  Throughput:  1135.1 MB/s  Total: 3320.76 GB
[ 2996.1s] IOs:    870618292  IOPS:   290584  Throughput:  1135.1 MB/s  Total: 3321.15 GB
[ 2996.4s] IOs:    870718719  IOPS:   290592  Throughput:  1135.1 MB/s  Total: 3321.53 GB
[ 2996.6s] IOs:    870819054  IOPS:   290603  Throughput:  1135.2 MB/s  Total: 3321.91 GB
[ 2996.8s] IOs:    870919622  IOPS:   290614  Throughput:  1135.2 MB/s  Total: 3322.29 GB
[ 2997.1s] IOs:    871020305  IOPS:   290624  Throughput:  1135.3 MB/s  Total: 3322.68 GB
[ 2997.3s] IOs:    871120692  IOPS:   290632  Throughput:  1135.3 MB/s  Total: 3323.06 GB
[ 2997.6s] IOs:    871221145  IOPS:   290643  Throughput:  1135.3 MB/s  Total: 3323.44 GB
[ 2997.8s] IOs:    871321454  IOPS:   290653  Throughput:  1135.4 MB/s  Total: 3323.83 GB
[ 2998.2s] IOs:    871422287  IOPS:   290650  Throughput:  1135.4 MB/s  Total: 3324.21 GB
[ 2998.4s] IOs:    871523157  IOPS:   290661  Throughput:  1135.4 MB/s  Total: 3324.60 GB
[ 2998.6s] IOs:    871623987  IOPS:   290673  Throughput:  1135.4 MB/s  Total: 3324.98 GB
[ 2999.0s] IOs:    871724243  IOPS:   290670  Throughput:  1135.4 MB/s  Total: 3325.36 GB
[ 2999.3s] IOs:    871824412  IOPS:   290680  Throughput:  1135.5 MB/s  Total: 3325.75 GB
[ 2999.6s] IOs:    871924770  IOPS:   290683  Throughput:  1135.5 MB/s  Total: 3326.13 GB
[ 2999.8s] IOs:    872025773  IOPS:   290695  Throughput:  1135.5 MB/s  Total: 3326.51 GB
[ 3000.1s] IOs:    872126673  IOPS:   290695  Throughput:  1135.5 MB/s  Total: 3326.90 GB
[ 3000.4s] IOs:    872227246  IOPS:   290707  Throughput:  1135.6 MB/s  Total: 3327.28 GB
[ 3000.7s] IOs:    872327568  IOPS:   290704  Throughput:  1135.6 MB/s  Total: 3327.67 GB
[ 3001.0s] IOs:    872428212  IOPS:   290712  Throughput:  1135.6 MB/s  Total: 3328.05 GB
[ 3001.2s] IOs:    872528883  IOPS:   290723  Throughput:  1135.6 MB/s  Total: 3328.43 GB
[ 3001.6s] IOs:    872629864  IOPS:   290726  Throughput:  1135.6 MB/s  Total: 3328.82 GB
[ 3001.8s] IOs:    872730599  IOPS:   290736  Throughput:  1135.7 MB/s  Total: 3329.20 GB
[ 3002.1s] IOs:    872831063  IOPS:   290736  Throughput:  1135.7 MB/s  Total: 3329.59 GB
[ 3002.4s] IOs:    872931303  IOPS:   290744  Throughput:  1135.7 MB/s  Total: 3329.97 GB
[ 3002.6s] IOs:    873032128  IOPS:   290755  Throughput:  1135.8 MB/s  Total: 3330.35 GB
[ 3003.0s] IOs:    873133077  IOPS:   290754  Throughput:  1135.8 MB/s  Total: 3330.74 GB
[ 3003.2s] IOs:    873233950  IOPS:   290765  Throughput:  1135.8 MB/s  Total: 3331.12 GB
[ 3003.6s] IOs:    873334386  IOPS:   290761  Throughput:  1135.8 MB/s  Total: 3331.51 GB
[ 3004.1s] IOs:    873435329  IOPS:   290750  Throughput:  1135.7 MB/s  Total: 3331.89 GB
[ 3004.3s] IOs:    873535817  IOPS:   290758  Throughput:  1135.8 MB/s  Total: 3332.27 GB
[ 3004.6s] IOs:    873636480  IOPS:   290766  Throughput:  1135.8 MB/s  Total: 3332.66 GB
[ 3005.0s] IOs:    873737201  IOPS:   290765  Throughput:  1135.8 MB/s  Total: 3333.04 GB
[ 3005.2s] IOs:    873837752  IOPS:   290777  Throughput:  1135.8 MB/s  Total: 3333.43 GB
[ 3005.5s] IOs:    873938341  IOPS:   290778  Throughput:  1135.9 MB/s  Total: 3333.81 GB
[ 3005.7s] IOs:    874038386  IOPS:   290790  Throughput:  1135.9 MB/s  Total: 3334.19 GB
[ 3006.1s] IOs:    874138808  IOPS:   290786  Throughput:  1135.9 MB/s  Total: 3334.57 GB
[ 3006.5s] IOs:    874239518  IOPS:   290786  Throughput:  1135.9 MB/s  Total: 3334.96 GB
[ 3006.7s] IOs:    874339963  IOPS:   290798  Throughput:  1135.9 MB/s  Total: 3335.34 GB
[ 3007.0s] IOs:    874440402  IOPS:   290797  Throughput:  1135.9 MB/s  Total: 3335.73 GB
[ 3007.3s] IOs:    874540733  IOPS:   290808  Throughput:  1136.0 MB/s  Total: 3336.11 GB
[ 3007.6s] IOs:    874641500  IOPS:   290813  Throughput:  1136.0 MB/s  Total: 3336.49 GB
[ 3007.8s] IOs:    874741992  IOPS:   290825  Throughput:  1136.0 MB/s  Total: 3336.88 GB
[ 3008.1s] IOs:    874842397  IOPS:   290826  Throughput:  1136.0 MB/s  Total: 3337.26 GB
[ 3008.4s] IOs:    874942902  IOPS:   290829  Throughput:  1136.1 MB/s  Total: 3337.64 GB
[ 3008.7s] IOs:    875042983  IOPS:   290839  Throughput:  1136.1 MB/s  Total: 3338.02 GB
[ 3009.0s] IOs:    875143479  IOPS:   290844  Throughput:  1136.1 MB/s  Total: 3338.41 GB
[ 3009.2s] IOs:    875243945  IOPS:   290852  Throughput:  1136.1 MB/s  Total: 3338.79 GB
[Reader] Parsed 110000000 lines, distributed 875280313 writes, unique 720.00 GB, skipped 46080905
[ 3009.5s] IOs:    875344369  IOPS:   290862  Throughput:  1136.2 MB/s  Total: 3339.17 GB
[ 3009.7s] IOs:    875444561  IOPS:   290872  Throughput:  1136.2 MB/s  Total: 3339.56 GB
[ 3010.0s] IOs:    875544886  IOPS:   290881  Throughput:  1136.3 MB/s  Total: 3339.94 GB
[ 3010.2s] IOs:    875645311  IOPS:   290892  Throughput:  1136.3 MB/s  Total: 3340.32 GB
[ 3010.4s] IOs:    875745870  IOPS:   290902  Throughput:  1136.3 MB/s  Total: 3340.71 GB
[ 3010.8s] IOs:    875846557  IOPS:   290898  Throughput:  1136.3 MB/s  Total: 3341.09 GB
[ 3011.0s] IOs:    875947307  IOPS:   290912  Throughput:  1136.4 MB/s  Total: 3341.47 GB
[ 3011.2s] IOs:    876047397  IOPS:   290925  Throughput:  1136.4 MB/s  Total: 3341.86 GB
[ 3011.7s] IOs:    876147857  IOPS:   290918  Throughput:  1136.4 MB/s  Total: 3342.24 GB
[ 3012.0s] IOs:    876248498  IOPS:   290916  Throughput:  1136.4 MB/s  Total: 3342.62 GB
[ 3012.2s] IOs:    876348985  IOPS:   290929  Throughput:  1136.4 MB/s  Total: 3343.01 GB
[ 3012.6s] IOs:    876448991  IOPS:   290931  Throughput:  1136.4 MB/s  Total: 3343.39 GB
[ 3012.8s] IOs:    876549253  IOPS:   290945  Throughput:  1136.5 MB/s  Total: 3343.77 GB
[ 3013.2s] IOs:    876649598  IOPS:   290939  Throughput:  1136.5 MB/s  Total: 3344.15 GB
[ 3013.5s] IOs:    876749942  IOPS:   290942  Throughput:  1136.5 MB/s  Total: 3344.54 GB
[ 3014.0s] IOs:    876850614  IOPS:   290927  Throughput:  1136.4 MB/s  Total: 3344.92 GB
[ 3014.2s] IOs:    876951441  IOPS:   290937  Throughput:  1136.5 MB/s  Total: 3345.30 GB
[ 3014.7s] IOs:    877052237  IOPS:   290922  Throughput:  1136.4 MB/s  Total: 3345.69 GB
[ 3015.2s] IOs:    877152787  IOPS:   290915  Throughput:  1136.4 MB/s  Total: 3346.07 GB
[ 3015.6s] IOs:    877253290  IOPS:   290907  Throughput:  1136.4 MB/s  Total: 3346.46 GB
[ 3016.0s] IOs:    877353570  IOPS:   290896  Throughput:  1136.3 MB/s  Total: 3346.84 GB
[ 3016.3s] IOs:    877454099  IOPS:   290905  Throughput:  1136.3 MB/s  Total: 3347.22 GB
[ 3016.6s] IOs:    877554626  IOPS:   290910  Throughput:  1136.4 MB/s  Total: 3347.61 GB
[ 3017.0s] IOs:    877655619  IOPS:   290901  Throughput:  1136.3 MB/s  Total: 3347.99 GB
[ 3017.2s] IOs:    877756263  IOPS:   290913  Throughput:  1136.4 MB/s  Total: 3348.37 GB
[ 3017.6s] IOs:    877856414  IOPS:   290914  Throughput:  1136.4 MB/s  Total: 3348.76 GB
[ 3018.0s] IOs:    877956964  IOPS:   290902  Throughput:  1136.3 MB/s  Total: 3349.14 GB
[ 3018.3s] IOs:    878057686  IOPS:   290910  Throughput:  1136.4 MB/s  Total: 3349.52 GB
[ 3018.6s] IOs:    878158446  IOPS:   290917  Throughput:  1136.4 MB/s  Total: 3349.91 GB
[ 3018.9s] IOs:    878258916  IOPS:   290916  Throughput:  1136.4 MB/s  Total: 3350.29 GB
[ 3019.2s] IOs:    878359575  IOPS:   290928  Throughput:  1136.4 MB/s  Total: 3350.68 GB
[ 3019.5s] IOs:    878459876  IOPS:   290930  Throughput:  1136.4 MB/s  Total: 3351.06 GB
[ 3019.7s] IOs:    878560335  IOPS:   290942  Throughput:  1136.5 MB/s  Total: 3351.44 GB
[ 3020.0s] IOs:    878660491  IOPS:   290944  Throughput:  1136.5 MB/s  Total: 3351.82 GB
[ 3020.2s] IOs:    878761215  IOPS:   290958  Throughput:  1136.6 MB/s  Total: 3352.21 GB
[ 3020.6s] IOs:    878861655  IOPS:   290959  Throughput:  1136.6 MB/s  Total: 3352.59 GB
[ 3020.8s] IOs:    878962258  IOPS:   290968  Throughput:  1136.6 MB/s  Total: 3352.97 GB
[ 3021.1s] IOs:    879063010  IOPS:   290978  Throughput:  1136.6 MB/s  Total: 3353.36 GB
[ 3021.3s] IOs:    879163325  IOPS:   290992  Throughput:  1136.7 MB/s  Total: 3353.74 GB
[ 3021.6s] IOs:    879264193  IOPS:   290992  Throughput:  1136.7 MB/s  Total: 3354.13 GB
[ 3021.8s] IOs:    879364836  IOPS:   291006  Throughput:  1136.7 MB/s  Total: 3354.51 GB
[ 3022.2s] IOs:    879465337  IOPS:   291003  Throughput:  1136.7 MB/s  Total: 3354.89 GB
[ 3022.4s] IOs:    879566150  IOPS:   291017  Throughput:  1136.8 MB/s  Total: 3355.28 GB
[ 3022.6s] IOs:    879666965  IOPS:   291030  Throughput:  1136.8 MB/s  Total: 3355.66 GB
[ 3022.9s] IOs:    879767618  IOPS:   291030  Throughput:  1136.8 MB/s  Total: 3356.05 GB
[ 3023.2s] IOs:    879868115  IOPS:   291042  Throughput:  1136.9 MB/s  Total: 3356.43 GB
[ 3023.5s] IOs:    879968481  IOPS:   291045  Throughput:  1136.9 MB/s  Total: 3356.81 GB
[ 3023.7s] IOs:    880069197  IOPS:   291060  Throughput:  1137.0 MB/s  Total: 3357.20 GB
[ 3024.0s] IOs:    880169270  IOPS:   291060  Throughput:  1137.0 MB/s  Total: 3357.58 GB
[ 3024.2s] IOs:    880269958  IOPS:   291076  Throughput:  1137.0 MB/s  Total: 3357.96 GB
[ 3024.5s] IOs:    880370686  IOPS:   291079  Throughput:  1137.0 MB/s  Total: 3358.35 GB
[ 3024.7s] IOs:    880471453  IOPS:   291094  Throughput:  1137.1 MB/s  Total: 3358.73 GB
[ 3025.0s] IOs:    880572099  IOPS:   291099  Throughput:  1137.1 MB/s  Total: 3359.12 GB
[ 3025.2s] IOs:    880672680  IOPS:   291114  Throughput:  1137.2 MB/s  Total: 3359.50 GB
[ 3025.5s] IOs:    880773467  IOPS:   291121  Throughput:  1137.2 MB/s  Total: 3359.88 GB
[ 3030.7s] IOs:    880874481  IOPS:   290651  Throughput:  1135.4 MB/s  Total: 3360.27 GB
[ 3032.1s] IOs:    880974780  IOPS:   290552  Throughput:  1135.0 MB/s  Total: 3360.65 GB
[ 3033.1s] IOs:    881075058  IOPS:   290483  Throughput:  1134.7 MB/s  Total: 3361.03 GB
[ 3034.3s] IOs:    881176100  IOPS:   290403  Throughput:  1134.4 MB/s  Total: 3361.42 GB
[ 3035.0s] IOs:    881276472  IOPS:   290368  Throughput:  1134.2 MB/s  Total: 3361.80 GB
[ 3035.7s] IOs:    881376508  IOPS:   290341  Throughput:  1134.1 MB/s  Total: 3362.18 GB
[ 3036.6s] IOs:    881477345  IOPS:   290287  Throughput:  1133.9 MB/s  Total: 3362.57 GB
[ 3037.2s] IOs:    881577352  IOPS:   290263  Throughput:  1133.8 MB/s  Total: 3362.95 GB
[ 3037.7s] IOs:    881678202  IOPS:   290244  Throughput:  1133.8 MB/s  Total: 3363.34 GB
[ 3038.6s] IOs:    881778773  IOPS:   290196  Throughput:  1133.6 MB/s  Total: 3363.72 GB
[ 3039.1s] IOs:    881879429  IOPS:   290176  Throughput:  1133.5 MB/s  Total: 3364.10 GB
[ 3039.7s] IOs:    881980327  IOPS:   290156  Throughput:  1133.4 MB/s  Total: 3364.49 GB
[ 3040.1s] IOs:    882081327  IOPS:   290145  Throughput:  1133.4 MB/s  Total: 3364.87 GB
[ 3040.7s] IOs:    882181874  IOPS:   290128  Throughput:  1133.3 MB/s  Total: 3365.26 GB
[ 3041.2s] IOs:    882282584  IOPS:   290114  Throughput:  1133.3 MB/s  Total: 3365.64 GB
[ 3041.6s] IOs:    882382807  IOPS:   290100  Throughput:  1133.2 MB/s  Total: 3366.02 GB
[ 3042.1s] IOs:    882483420  IOPS:   290089  Throughput:  1133.2 MB/s  Total: 3366.41 GB
[ 3042.5s] IOs:    882584166  IOPS:   290082  Throughput:  1133.1 MB/s  Total: 3366.79 GB
[ 3043.0s] IOs:    882684856  IOPS:   290072  Throughput:  1133.1 MB/s  Total: 3367.18 GB
[ 3043.3s] IOs:    882785466  IOPS:   290075  Throughput:  1133.1 MB/s  Total: 3367.56 GB
[ 3043.8s] IOs:    882885877  IOPS:   290058  Throughput:  1133.0 MB/s  Total: 3367.94 GB
[ 3044.2s] IOs:    882986763  IOPS:   290060  Throughput:  1133.0 MB/s  Total: 3368.33 GB
[ 3044.7s] IOs:    883087718  IOPS:   290042  Throughput:  1133.0 MB/s  Total: 3368.71 GB
[ 3045.0s] IOs:    883188404  IOPS:   290050  Throughput:  1133.0 MB/s  Total: 3369.10 GB
[ 3045.3s] IOs:    883288875  IOPS:   290054  Throughput:  1133.0 MB/s  Total: 3369.48 GB
[ 3045.7s] IOs:    883388922  IOPS:   290048  Throughput:  1133.0 MB/s  Total: 3369.86 GB
[ 3046.0s] IOs:    883489559  IOPS:   290045  Throughput:  1133.0 MB/s  Total: 3370.25 GB
[ 3046.3s] IOs:    883590443  IOPS:   290056  Throughput:  1133.0 MB/s  Total: 3370.63 GB
[Reader] Parsed 111000000 lines, distributed 883684485 writes, unique 720.00 GB, skipped 48566929
[ 3046.7s] IOs:    883691280  IOPS:   290052  Throughput:  1133.0 MB/s  Total: 3371.01 GB
[ 3046.9s] IOs:    883791785  IOPS:   290060  Throughput:  1133.0 MB/s  Total: 3371.40 GB
[ 3047.2s] IOs:    883892213  IOPS:   290064  Throughput:  1133.1 MB/s  Total: 3371.78 GB
[ 3047.6s] IOs:    883992954  IOPS:   290065  Throughput:  1133.1 MB/s  Total: 3372.17 GB
[ 3047.8s] IOs:    884093967  IOPS:   290076  Throughput:  1133.1 MB/s  Total: 3372.55 GB
[ 3048.3s] IOs:    884194532  IOPS:   290060  Throughput:  1133.0 MB/s  Total: 3372.93 GB
[ 3048.5s] IOs:    884295380  IOPS:   290073  Throughput:  1133.1 MB/s  Total: 3373.32 GB
[ 3048.8s] IOs:    884395980  IOPS:   290082  Throughput:  1133.1 MB/s  Total: 3373.70 GB
[ 3049.1s] IOs:    884496286  IOPS:   290084  Throughput:  1133.1 MB/s  Total: 3374.09 GB
[ 3049.3s] IOs:    884596882  IOPS:   290097  Throughput:  1133.2 MB/s  Total: 3374.47 GB
[ 3049.7s] IOs:    884697626  IOPS:   290097  Throughput:  1133.2 MB/s  Total: 3374.85 GB
[ 3049.9s] IOs:    884798252  IOPS:   290110  Throughput:  1133.2 MB/s  Total: 3375.24 GB
[ 3050.2s] IOs:    884898636  IOPS:   290110  Throughput:  1133.2 MB/s  Total: 3375.62 GB
[ 3050.5s] IOs:    884999013  IOPS:   290115  Throughput:  1133.3 MB/s  Total: 3376.00 GB
[ 3050.7s] IOs:    885099402  IOPS:   290127  Throughput:  1133.3 MB/s  Total: 3376.39 GB
[ 3051.1s] IOs:    885200179  IOPS:   290128  Throughput:  1133.3 MB/s  Total: 3376.77 GB
[ 3051.3s] IOs:    885300855  IOPS:   290139  Throughput:  1133.4 MB/s  Total: 3377.15 GB
[ 3051.6s] IOs:    885401771  IOPS:   290144  Throughput:  1133.4 MB/s  Total: 3377.54 GB
[ 3051.8s] IOs:    885502224  IOPS:   290153  Throughput:  1133.4 MB/s  Total: 3377.92 GB
[ 3052.1s] IOs:    885602936  IOPS:   290161  Throughput:  1133.4 MB/s  Total: 3378.31 GB
[ 3052.3s] IOs:    885703579  IOPS:   290174  Throughput:  1133.5 MB/s  Total: 3378.69 GB
[ 3052.6s] IOs:    885804494  IOPS:   290176  Throughput:  1133.5 MB/s  Total: 3379.08 GB
[ 3052.9s] IOs:    885904907  IOPS:   290185  Throughput:  1133.5 MB/s  Total: 3379.46 GB
[ 3053.2s] IOs:    886005422  IOPS:   290193  Throughput:  1133.6 MB/s  Total: 3379.84 GB
[ 3053.4s] IOs:    886105804  IOPS:   290206  Throughput:  1133.6 MB/s  Total: 3380.23 GB
[ 3053.9s] IOs:    886206651  IOPS:   290193  Throughput:  1133.6 MB/s  Total: 3380.61 GB
[ 3054.1s] IOs:    886307234  IOPS:   290200  Throughput:  1133.6 MB/s  Total: 3380.99 GB
[ 3054.6s] IOs:    886407859  IOPS:   290187  Throughput:  1133.5 MB/s  Total: 3381.38 GB
[ 3054.8s] IOs:    886508553  IOPS:   290197  Throughput:  1133.6 MB/s  Total: 3381.76 GB
[ 3055.3s] IOs:    886609150  IOPS:   290183  Throughput:  1133.5 MB/s  Total: 3382.15 GB
[ 3055.7s] IOs:    886709845  IOPS:   290180  Throughput:  1133.5 MB/s  Total: 3382.53 GB
[ 3056.1s] IOs:    886810730  IOPS:   290179  Throughput:  1133.5 MB/s  Total: 3382.91 GB
[ 3056.4s] IOs:    886911328  IOPS:   290181  Throughput:  1133.5 MB/s  Total: 3383.30 GB
[ 3056.7s] IOs:    887011708  IOPS:   290185  Throughput:  1133.5 MB/s  Total: 3383.68 GB
[ 3057.1s] IOs:    887112027  IOPS:   290183  Throughput:  1133.5 MB/s  Total: 3384.06 GB
[ 3057.3s] IOs:    887212567  IOPS:   290190  Throughput:  1133.6 MB/s  Total: 3384.45 GB
[ 3057.7s] IOs:    887313141  IOPS:   290193  Throughput:  1133.6 MB/s  Total: 3384.83 GB
[ 3058.0s] IOs:    887413503  IOPS:   290189  Throughput:  1133.6 MB/s  Total: 3385.21 GB
[ 3058.3s] IOs:    887513846  IOPS:   290201  Throughput:  1133.6 MB/s  Total: 3385.60 GB
[ 3058.6s] IOs:    887614780  IOPS:   290200  Throughput:  1133.6 MB/s  Total: 3385.98 GB
[ 3058.8s] IOs:    887715384  IOPS:   290212  Throughput:  1133.6 MB/s  Total: 3386.37 GB
[ 3059.2s] IOs:    887815931  IOPS:   290211  Throughput:  1133.6 MB/s  Total: 3386.75 GB
[ 3059.4s] IOs:    887916863  IOPS:   290223  Throughput:  1133.7 MB/s  Total: 3387.13 GB
[ 3059.8s] IOs:    888017511  IOPS:   290225  Throughput:  1133.7 MB/s  Total: 3387.52 GB
[ 3060.1s] IOs:    888118357  IOPS:   290229  Throughput:  1133.7 MB/s  Total: 3387.90 GB
[ 3060.3s] IOs:    888218859  IOPS:   290240  Throughput:  1133.7 MB/s  Total: 3388.29 GB
[ 3060.9s] IOs:    888319784  IOPS:   290216  Throughput:  1133.7 MB/s  Total: 3388.67 GB
[ 3061.1s] IOs:    888420663  IOPS:   290225  Throughput:  1133.7 MB/s  Total: 3389.06 GB
[ 3062.1s] IOs:    888520728  IOPS:   290165  Throughput:  1133.5 MB/s  Total: 3389.44 GB
[ 3062.6s] IOs:    888621492  IOPS:   290150  Throughput:  1133.4 MB/s  Total: 3389.82 GB
[ 3063.2s] IOs:    888722335  IOPS:   290128  Throughput:  1133.3 MB/s  Total: 3390.21 GB
[ 3063.9s] IOs:    888822385  IOPS:   290094  Throughput:  1133.2 MB/s  Total: 3390.59 GB
[ 3064.6s] IOs:    888922986  IOPS:   290063  Throughput:  1133.1 MB/s  Total: 3390.97 GB
[ 3065.1s] IOs:    889023803  IOPS:   290043  Throughput:  1133.0 MB/s  Total: 3391.36 GB
[ 3065.7s] IOs:    889124361  IOPS:   290025  Throughput:  1132.9 MB/s  Total: 3391.74 GB
[ 3066.3s] IOs:    889225276  IOPS:   289996  Throughput:  1132.8 MB/s  Total: 3392.13 GB
[ 3066.6s] IOs:    889325920  IOPS:   290000  Throughput:  1132.8 MB/s  Total: 3392.51 GB
[ 3067.2s] IOs:    889426633  IOPS:   289984  Throughput:  1132.7 MB/s  Total: 3392.89 GB
[ 3067.4s] IOs:    889526953  IOPS:   289990  Throughput:  1132.8 MB/s  Total: 3393.28 GB
[ 3067.8s] IOs:    889627530  IOPS:   289985  Throughput:  1132.8 MB/s  Total: 3393.66 GB
[ 3068.3s] IOs:    889728235  IOPS:   289972  Throughput:  1132.7 MB/s  Total: 3394.04 GB
[ 3068.8s] IOs:    889828877  IOPS:   289956  Throughput:  1132.6 MB/s  Total: 3394.43 GB
[ 3069.4s] IOs:    889929395  IOPS:   289939  Throughput:  1132.6 MB/s  Total: 3394.81 GB
[ 3069.8s] IOs:    890030302  IOPS:   289931  Throughput:  1132.5 MB/s  Total: 3395.20 GB
[ 3070.4s] IOs:    890131060  IOPS:   289911  Throughput:  1132.5 MB/s  Total: 3395.58 GB
[ 3071.0s] IOs:    890231779  IOPS:   289886  Throughput:  1132.4 MB/s  Total: 3395.96 GB
[ 3071.2s] IOs:    890332659  IOPS:   289896  Throughput:  1132.4 MB/s  Total: 3396.35 GB
[ 3071.4s] IOs:    890433180  IOPS:   289908  Throughput:  1132.5 MB/s  Total: 3396.73 GB
[ 3072.0s] IOs:    890533847  IOPS:   289888  Throughput:  1132.4 MB/s  Total: 3397.12 GB
[ 3072.3s] IOs:    890634165  IOPS:   289889  Throughput:  1132.4 MB/s  Total: 3397.50 GB
[ 3072.8s] IOs:    890734733  IOPS:   289876  Throughput:  1132.3 MB/s  Total: 3397.88 GB
[ 3073.0s] IOs:    890835555  IOPS:   289887  Throughput:  1132.4 MB/s  Total: 3398.27 GB
[ 3073.4s] IOs:    890936268  IOPS:   289886  Throughput:  1132.4 MB/s  Total: 3398.65 GB
[ 3073.8s] IOs:    891037127  IOPS:   289881  Throughput:  1132.3 MB/s  Total: 3399.04 GB
[ 3074.1s] IOs:    891137608  IOPS:   289888  Throughput:  1132.4 MB/s  Total: 3399.42 GB
[ 3074.4s] IOs:    891237920  IOPS:   289891  Throughput:  1132.4 MB/s  Total: 3399.80 GB
[ 3074.7s] IOs:    891338198  IOPS:   289890  Throughput:  1132.4 MB/s  Total: 3400.19 GB
[ 3075.0s] IOs:    891438722  IOPS:   289895  Throughput:  1132.4 MB/s  Total: 3400.57 GB
[ 3075.4s] IOs:    891539465  IOPS:   289895  Throughput:  1132.4 MB/s  Total: 3400.95 GB
[ 3075.8s] IOs:    891640052  IOPS:   289893  Throughput:  1132.4 MB/s  Total: 3401.34 GB
[ 3076.0s] IOs:    891740740  IOPS:   289903  Throughput:  1132.4 MB/s  Total: 3401.72 GB
[ 3076.5s] IOs:    891841547  IOPS:   289889  Throughput:  1132.4 MB/s  Total: 3402.11 GB
[ 3076.8s] IOs:    891942112  IOPS:   289891  Throughput:  1132.4 MB/s  Total: 3402.49 GB
[ 3077.3s] IOs:    892042808  IOPS:   289877  Throughput:  1132.3 MB/s  Total: 3402.87 GB
[ 3077.6s] IOs:    892143264  IOPS:   289887  Throughput:  1132.4 MB/s  Total: 3403.26 GB
[ 3077.9s] IOs:    892244120  IOPS:   289889  Throughput:  1132.4 MB/s  Total: 3403.64 GB
[ 3078.4s] IOs:    892344978  IOPS:   289870  Throughput:  1132.3 MB/s  Total: 3404.03 GB
[ 3078.7s] IOs:    892445498  IOPS:   289881  Throughput:  1132.3 MB/s  Total: 3404.41 GB
[ 3079.9s] IOs:    892546456  IOPS:   289802  Throughput:  1132.0 MB/s  Total: 3404.79 GB
[ 3081.8s] IOs:    892646685  IOPS:   289654  Throughput:  1131.5 MB/s  Total: 3405.18 GB
[ 3083.2s] IOs:    892747708  IOPS:   289549  Throughput:  1131.0 MB/s  Total: 3405.56 GB
[ 3084.4s] IOs:    892848391  IOPS:   289476  Throughput:  1130.8 MB/s  Total: 3405.95 GB
[ 3085.4s] IOs:    892949081  IOPS:   289414  Throughput:  1130.5 MB/s  Total: 3406.33 GB
[ 3086.4s] IOs:    893050099  IOPS:   289355  Throughput:  1130.3 MB/s  Total: 3406.72 GB
[Reader] Parsed 112000000 lines, distributed 893111885 writes, unique 720.00 GB, skipped 51075455
[ 3087.4s] IOs:    893151121  IOPS:   289287  Throughput:  1130.0 MB/s  Total: 3407.10 GB
[ 3088.4s] IOs:    893251760  IOPS:   289226  Throughput:  1129.8 MB/s  Total: 3407.49 GB
[ 3088.9s] IOs:    893352458  IOPS:   289212  Throughput:  1129.7 MB/s  Total: 3407.87 GB
[ 3089.8s] IOs:    893453249  IOPS:   289158  Throughput:  1129.5 MB/s  Total: 3408.25 GB
[ 3090.4s] IOs:    893553993  IOPS:   289137  Throughput:  1129.4 MB/s  Total: 3408.64 GB
[ 3091.3s] IOs:    893654136  IOPS:   289085  Throughput:  1129.2 MB/s  Total: 3409.02 GB
[ 3091.9s] IOs:    893754670  IOPS:   289066  Throughput:  1129.2 MB/s  Total: 3409.40 GB
[ 3092.3s] IOs:    893855252  IOPS:   289055  Throughput:  1129.1 MB/s  Total: 3409.79 GB
[ 3093.0s] IOs:    893955576  IOPS:   289029  Throughput:  1129.0 MB/s  Total: 3410.17 GB
[ 3093.5s] IOs:    894056232  IOPS:   289012  Throughput:  1129.0 MB/s  Total: 3410.55 GB
[ 3093.9s] IOs:    894157095  IOPS:   289002  Throughput:  1128.9 MB/s  Total: 3410.94 GB
[ 3094.5s] IOs:    894257628  IOPS:   288984  Throughput:  1128.8 MB/s  Total: 3411.32 GB
[ 3095.0s] IOs:    894358055  IOPS:   288968  Throughput:  1128.8 MB/s  Total: 3411.71 GB
[ 3095.5s] IOs:    894458796  IOPS:   288959  Throughput:  1128.7 MB/s  Total: 3412.09 GB
[ 3095.9s] IOs:    894559607  IOPS:   288948  Throughput:  1128.7 MB/s  Total: 3412.47 GB
[ 3096.4s] IOs:    894660041  IOPS:   288933  Throughput:  1128.6 MB/s  Total: 3412.86 GB
[ 3096.8s] IOs:    894760669  IOPS:   288933  Throughput:  1128.6 MB/s  Total: 3413.24 GB
[ 3097.0s] IOs:    894861095  IOPS:   288945  Throughput:  1128.7 MB/s  Total: 3413.62 GB
[ 3097.4s] IOs:    894961337  IOPS:   288938  Throughput:  1128.7 MB/s  Total: 3414.01 GB
[ 3097.7s] IOs:    895061990  IOPS:   288947  Throughput:  1128.7 MB/s  Total: 3414.39 GB
[ 3098.0s] IOs:    895162786  IOPS:   288953  Throughput:  1128.7 MB/s  Total: 3414.78 GB
[ 3098.2s] IOs:    895263180  IOPS:   288958  Throughput:  1128.7 MB/s  Total: 3415.16 GB
[ 3098.5s] IOs:    895363274  IOPS:   288967  Throughput:  1128.8 MB/s  Total: 3415.54 GB
[ 3098.8s] IOs:    895463470  IOPS:   288971  Throughput:  1128.8 MB/s  Total: 3415.92 GB
[ 3099.0s] IOs:    895564042  IOPS:   288982  Throughput:  1128.8 MB/s  Total: 3416.31 GB
[ 3099.3s] IOs:    895664873  IOPS:   288985  Throughput:  1128.8 MB/s  Total: 3416.69 GB
[ 3099.6s] IOs:    895765709  IOPS:   288995  Throughput:  1128.9 MB/s  Total: 3417.08 GB
[ 3099.8s] IOs:    895865992  IOPS:   289004  Throughput:  1128.9 MB/s  Total: 3417.46 GB
[ 3100.1s] IOs:    895966441  IOPS:   289010  Throughput:  1128.9 MB/s  Total: 3417.84 GB
[ 3100.4s] IOs:    896067089  IOPS:   289021  Throughput:  1129.0 MB/s  Total: 3418.22 GB
[ 3100.6s] IOs:    896167793  IOPS:   289030  Throughput:  1129.0 MB/s  Total: 3418.61 GB
[ 3100.9s] IOs:    896268668  IOPS:   289038  Throughput:  1129.1 MB/s  Total: 3418.99 GB
[ 3101.1s] IOs:    896369128  IOPS:   289048  Throughput:  1129.1 MB/s  Total: 3419.38 GB
[ 3101.3s] IOs:    896470093  IOPS:   289059  Throughput:  1129.1 MB/s  Total: 3419.76 GB
[ 3101.6s] IOs:    896570639  IOPS:   289068  Throughput:  1129.2 MB/s  Total: 3420.15 GB
[ 3101.8s] IOs:    896671280  IOPS:   289079  Throughput:  1129.2 MB/s  Total: 3420.53 GB
[ 3102.0s] IOs:    896771950  IOPS:   289090  Throughput:  1129.3 MB/s  Total: 3420.91 GB
[ 3102.3s] IOs:    896872644  IOPS:   289097  Throughput:  1129.3 MB/s  Total: 3421.30 GB
[ 3102.6s] IOs:    896973070  IOPS:   289108  Throughput:  1129.3 MB/s  Total: 3421.68 GB
[ 3103.0s] IOs:    897073311  IOPS:   289096  Throughput:  1129.3 MB/s  Total: 3422.06 GB
[ 3103.3s] IOs:    897174012  IOPS:   289106  Throughput:  1129.3 MB/s  Total: 3422.45 GB
[ 3103.5s] IOs:    897274619  IOPS:   289112  Throughput:  1129.3 MB/s  Total: 3422.83 GB
[ 3104.0s] IOs:    897374973  IOPS:   289106  Throughput:  1129.3 MB/s  Total: 3423.21 GB
[ 3104.3s] IOs:    897475168  IOPS:   289104  Throughput:  1129.3 MB/s  Total: 3423.60 GB
[ 3104.7s] IOs:    897575515  IOPS:   289098  Throughput:  1129.3 MB/s  Total: 3423.98 GB
[ 3105.0s] IOs:    897675522  IOPS:   289108  Throughput:  1129.3 MB/s  Total: 3424.36 GB
[ 3105.3s] IOs:    897776408  IOPS:   289107  Throughput:  1129.3 MB/s  Total: 3424.75 GB
[ 3105.6s] IOs:    897877127  IOPS:   289118  Throughput:  1129.4 MB/s  Total: 3425.13 GB
[ 3105.9s] IOs:    897977505  IOPS:   289116  Throughput:  1129.4 MB/s  Total: 3425.51 GB
[ 3106.3s] IOs:    898077965  IOPS:   289117  Throughput:  1129.4 MB/s  Total: 3425.90 GB
[ 3106.6s] IOs:    898178489  IOPS:   289124  Throughput:  1129.4 MB/s  Total: 3426.28 GB
[ 3106.8s] IOs:    898279373  IOPS:   289130  Throughput:  1129.4 MB/s  Total: 3426.66 GB
[ 3107.1s] IOs:    898379857  IOPS:   289142  Throughput:  1129.5 MB/s  Total: 3427.05 GB
[ 3107.4s] IOs:    898479913  IOPS:   289141  Throughput:  1129.5 MB/s  Total: 3427.43 GB
[ 3107.7s] IOs:    898580163  IOPS:   289143  Throughput:  1129.5 MB/s  Total: 3427.81 GB
[ 3108.2s] IOs:    898680548  IOPS:   289132  Throughput:  1129.4 MB/s  Total: 3428.19 GB
[ 3108.4s] IOs:    898781107  IOPS:   289143  Throughput:  1129.5 MB/s  Total: 3428.58 GB
[ 3109.0s] IOs:    898881610  IOPS:   289125  Throughput:  1129.4 MB/s  Total: 3428.96 GB
[ 3109.4s] IOs:    898981994  IOPS:   289120  Throughput:  1129.4 MB/s  Total: 3429.34 GB
[ 3109.8s] IOs:    899082659  IOPS:   289109  Throughput:  1129.3 MB/s  Total: 3429.73 GB
[ 3110.1s] IOs:    899183201  IOPS:   289121  Throughput:  1129.4 MB/s  Total: 3430.11 GB
[ 3110.4s] IOs:    899283869  IOPS:   289122  Throughput:  1129.4 MB/s  Total: 3430.50 GB
[ 3110.8s] IOs:    899384314  IOPS:   289116  Throughput:  1129.4 MB/s  Total: 3430.88 GB
[ 3111.0s] IOs:    899484860  IOPS:   289129  Throughput:  1129.4 MB/s  Total: 3431.26 GB
[ 3111.5s] IOs:    899585435  IOPS:   289118  Throughput:  1129.4 MB/s  Total: 3431.65 GB
[ 3111.8s] IOs:    899685807  IOPS:   289122  Throughput:  1129.4 MB/s  Total: 3432.03 GB
[ 3112.0s] IOs:    899786324  IOPS:   289134  Throughput:  1129.4 MB/s  Total: 3432.41 GB
[ 3112.4s] IOs:    899886973  IOPS:   289134  Throughput:  1129.4 MB/s  Total: 3432.80 GB
[ 3112.9s] IOs:    899987741  IOPS:   289118  Throughput:  1129.4 MB/s  Total: 3433.18 GB
[ 3113.2s] IOs:    900088258  IOPS:   289123  Throughput:  1129.4 MB/s  Total: 3433.56 GB
[ 3113.4s] IOs:    900188644  IOPS:   289135  Throughput:  1129.4 MB/s  Total: 3433.95 GB
[ 3113.9s] IOs:    900289261  IOPS:   289120  Throughput:  1129.4 MB/s  Total: 3434.33 GB
[ 3114.2s] IOs:    900389780  IOPS:   289129  Throughput:  1129.4 MB/s  Total: 3434.71 GB
[ 3114.5s] IOs:    900490160  IOPS:   289133  Throughput:  1129.4 MB/s  Total: 3435.10 GB
[ 3114.9s] IOs:    900590660  IOPS:   289126  Throughput:  1129.4 MB/s  Total: 3435.48 GB
[ 3115.1s] IOs:    900690932  IOPS:   289137  Throughput:  1129.4 MB/s  Total: 3435.86 GB
[Reader] Parsed 113000000 lines, distributed 900776729 writes, unique 720.00 GB, skipped 53343788
[ 3115.5s] IOs:    900791438  IOPS:   289135  Throughput:  1129.4 MB/s  Total: 3436.25 GB
[ 3115.8s] IOs:    900892144  IOPS:   289140  Throughput:  1129.5 MB/s  Total: 3436.63 GB
[ 3116.1s] IOs:    900992979  IOPS:   289146  Throughput:  1129.5 MB/s  Total: 3437.02 GB
[ 3116.3s] IOs:    901093304  IOPS:   289151  Throughput:  1129.5 MB/s  Total: 3437.40 GB
[ 3116.6s] IOs:    901193888  IOPS:   289161  Throughput:  1129.5 MB/s  Total: 3437.78 GB
[ 3117.0s] IOs:    901294127  IOPS:   289153  Throughput:  1129.5 MB/s  Total: 3438.16 GB
[ 3117.2s] IOs:    901394643  IOPS:   289164  Throughput:  1129.5 MB/s  Total: 3438.55 GB
[ 3117.5s] IOs:    901495281  IOPS:   289175  Throughput:  1129.6 MB/s  Total: 3438.93 GB
[ 3117.9s] IOs:    901596159  IOPS:   289166  Throughput:  1129.6 MB/s  Total: 3439.32 GB
[ 3118.3s] IOs:    901696646  IOPS:   289163  Throughput:  1129.5 MB/s  Total: 3439.70 GB
[ 3118.5s] IOs:    901797091  IOPS:   289176  Throughput:  1129.6 MB/s  Total: 3440.08 GB
[ 3118.9s] IOs:    901897971  IOPS:   289176  Throughput:  1129.6 MB/s  Total: 3440.47 GB
[ 3119.1s] IOs:    901998908  IOPS:   289189  Throughput:  1129.6 MB/s  Total: 3440.85 GB
[ 3119.6s] IOs:    902099466  IOPS:   289170  Throughput:  1129.6 MB/s  Total: 3441.24 GB
[ 3120.1s] IOs:    902199833  IOPS:   289160  Throughput:  1129.5 MB/s  Total: 3441.62 GB
[ 3120.6s] IOs:    902300360  IOPS:   289145  Throughput:  1129.5 MB/s  Total: 3442.00 GB
[ 3121.0s] IOs:    902400758  IOPS:   289142  Throughput:  1129.5 MB/s  Total: 3442.39 GB
[ 3121.5s] IOs:    902501647  IOPS:   289129  Throughput:  1129.4 MB/s  Total: 3442.77 GB
[ 3121.7s] IOs:    902602191  IOPS:   289137  Throughput:  1129.4 MB/s  Total: 3443.15 GB
[ 3122.0s] IOs:    902702531  IOPS:   289139  Throughput:  1129.4 MB/s  Total: 3443.54 GB
[ 3122.6s] IOs:    902803193  IOPS:   289123  Throughput:  1129.4 MB/s  Total: 3443.92 GB
[ 3122.8s] IOs:    902903876  IOPS:   289128  Throughput:  1129.4 MB/s  Total: 3444.30 GB
[ 3123.1s] IOs:    903004646  IOPS:   289140  Throughput:  1129.5 MB/s  Total: 3444.69 GB
[ 3123.5s] IOs:    903105575  IOPS:   289131  Throughput:  1129.4 MB/s  Total: 3445.07 GB
[ 3124.1s] IOs:    903206055  IOPS:   289107  Throughput:  1129.3 MB/s  Total: 3445.46 GB
[ 3124.4s] IOs:    903306133  IOPS:   289117  Throughput:  1129.4 MB/s  Total: 3445.84 GB
[ 3124.6s] IOs:    903406501  IOPS:   289129  Throughput:  1129.4 MB/s  Total: 3446.22 GB
[ 3125.1s] IOs:    903507323  IOPS:   289113  Throughput:  1129.3 MB/s  Total: 3446.61 GB
[ 3125.4s] IOs:    903608038  IOPS:   289113  Throughput:  1129.3 MB/s  Total: 3446.99 GB
[ 3126.0s] IOs:    903708456  IOPS:   289098  Throughput:  1129.3 MB/s  Total: 3447.37 GB
[ 3126.2s] IOs:    903808746  IOPS:   289109  Throughput:  1129.3 MB/s  Total: 3447.76 GB
[ 3126.5s] IOs:    903909115  IOPS:   289114  Throughput:  1129.3 MB/s  Total: 3448.14 GB
[ 3126.9s] IOs:    904009672  IOPS:   289107  Throughput:  1129.3 MB/s  Total: 3448.52 GB
[ 3127.1s] IOs:    904110417  IOPS:   289118  Throughput:  1129.4 MB/s  Total: 3448.91 GB
[ 3127.5s] IOs:    904210966  IOPS:   289119  Throughput:  1129.4 MB/s  Total: 3449.29 GB
[ 3127.7s] IOs:    904311442  IOPS:   289130  Throughput:  1129.4 MB/s  Total: 3449.67 GB
[ 3128.1s] IOs:    904411776  IOPS:   289128  Throughput:  1129.4 MB/s  Total: 3450.06 GB
[ 3128.4s] IOs:    904512202  IOPS:   289127  Throughput:  1129.4 MB/s  Total: 3450.44 GB
[ 3128.6s] IOs:    904612827  IOPS:   289139  Throughput:  1129.5 MB/s  Total: 3450.82 GB
[ 3129.0s] IOs:    904713451  IOPS:   289139  Throughput:  1129.4 MB/s  Total: 3451.21 GB
[ 3129.2s] IOs:    904813826  IOPS:   289148  Throughput:  1129.5 MB/s  Total: 3451.59 GB
[ 3129.5s] IOs:    904914275  IOPS:   289157  Throughput:  1129.5 MB/s  Total: 3451.97 GB
[ 3129.7s] IOs:    905014822  IOPS:   289170  Throughput:  1129.6 MB/s  Total: 3452.36 GB
[ 3130.0s] IOs:    905115397  IOPS:   289176  Throughput:  1129.6 MB/s  Total: 3452.74 GB
[ 3130.2s] IOs:    905215921  IOPS:   289188  Throughput:  1129.6 MB/s  Total: 3453.12 GB
[ 3130.5s] IOs:    905316214  IOPS:   289196  Throughput:  1129.7 MB/s  Total: 3453.51 GB
[ 3130.7s] IOs:    905416916  IOPS:   289206  Throughput:  1129.7 MB/s  Total: 3453.89 GB
[ 3130.9s] IOs:    905517577  IOPS:   289218  Throughput:  1129.8 MB/s  Total: 3454.28 GB
[ 3131.1s] IOs:    905618222  IOPS:   289231  Throughput:  1129.8 MB/s  Total: 3454.66 GB
[ 3131.5s] IOs:    905718896  IOPS:   289233  Throughput:  1129.8 MB/s  Total: 3455.04 GB
[ 3131.7s] IOs:    905819628  IOPS:   289245  Throughput:  1129.9 MB/s  Total: 3455.43 GB
[ 3132.0s] IOs:    905920203  IOPS:   289245  Throughput:  1129.9 MB/s  Total: 3455.81 GB
[ 3132.2s] IOs:    906020592  IOPS:   289257  Throughput:  1129.9 MB/s  Total: 3456.19 GB
[ 3132.5s] IOs:    906121224  IOPS:   289266  Throughput:  1129.9 MB/s  Total: 3456.58 GB
[ 3132.7s] IOs:    906221648  IOPS:   289278  Throughput:  1130.0 MB/s  Total: 3456.96 GB
[ 3133.0s] IOs:    906322217  IOPS:   289281  Throughput:  1130.0 MB/s  Total: 3457.34 GB
[ 3133.3s] IOs:    906422773  IOPS:   289291  Throughput:  1130.0 MB/s  Total: 3457.73 GB
[ 3133.5s] IOs:    906523123  IOPS:   289298  Throughput:  1130.1 MB/s  Total: 3458.11 GB
[ 3133.7s] IOs:    906623584  IOPS:   289310  Throughput:  1130.1 MB/s  Total: 3458.49 GB
[ 3134.0s] IOs:    906724231  IOPS:   289319  Throughput:  1130.2 MB/s  Total: 3458.88 GB
[ 3134.2s] IOs:    906824371  IOPS:   289332  Throughput:  1130.2 MB/s  Total: 3459.26 GB
[ 3134.5s] IOs:    906924513  IOPS:   289339  Throughput:  1130.2 MB/s  Total: 3459.64 GB
[ 3134.8s] IOs:    907024930  IOPS:   289340  Throughput:  1130.2 MB/s  Total: 3460.03 GB
[ 3135.0s] IOs:    907125858  IOPS:   289353  Throughput:  1130.3 MB/s  Total: 3460.41 GB
[ 3135.2s] IOs:    907226342  IOPS:   289369  Throughput:  1130.3 MB/s  Total: 3460.79 GB
[ 3135.5s] IOs:    907326723  IOPS:   289371  Throughput:  1130.4 MB/s  Total: 3461.18 GB
[ 3135.7s] IOs:    907427539  IOPS:   289387  Throughput:  1130.4 MB/s  Total: 3461.56 GB
[ 3136.0s] IOs:    907528196  IOPS:   289387  Throughput:  1130.4 MB/s  Total: 3461.95 GB
[ 3136.2s] IOs:    907628797  IOPS:   289401  Throughput:  1130.5 MB/s  Total: 3462.33 GB
[ 3136.5s] IOs:    907729537  IOPS:   289405  Throughput:  1130.5 MB/s  Total: 3462.71 GB
[ 3136.7s] IOs:    907830112  IOPS:   289421  Throughput:  1130.6 MB/s  Total: 3463.10 GB
[ 3137.0s] IOs:    907930406  IOPS:   289424  Throughput:  1130.6 MB/s  Total: 3463.48 GB
[ 3137.2s] IOs:    908030471  IOPS:   289440  Throughput:  1130.6 MB/s  Total: 3463.86 GB
[ 3137.5s] IOs:    908131169  IOPS:   289444  Throughput:  1130.6 MB/s  Total: 3464.25 GB
[ 3137.7s] IOs:    908232114  IOPS:   289460  Throughput:  1130.7 MB/s  Total: 3464.63 GB
[ 3138.0s] IOs:    908332357  IOPS:   289464  Throughput:  1130.7 MB/s  Total: 3465.01 GB
[ 3138.2s] IOs:    908432911  IOPS:   289480  Throughput:  1130.8 MB/s  Total: 3465.40 GB
[ 3138.4s] IOs:    908533397  IOPS:   289486  Throughput:  1130.8 MB/s  Total: 3465.78 GB
[ 3138.6s] IOs:    908634089  IOPS:   289502  Throughput:  1130.9 MB/s  Total: 3466.16 GB
[ 3139.3s] IOs:    908734829  IOPS:   289470  Throughput:  1130.7 MB/s  Total: 3466.55 GB
[ 3139.5s] IOs:    908835383  IOPS:   289487  Throughput:  1130.8 MB/s  Total: 3466.93 GB
[ 3139.7s] IOs:    908935613  IOPS:   289501  Throughput:  1130.9 MB/s  Total: 3467.31 GB
[ 3139.8s] IOs:    909035956  IOPS:   289517  Throughput:  1130.9 MB/s  Total: 3467.70 GB
[ 3140.2s] IOs:    909136310  IOPS:   289517  Throughput:  1130.9 MB/s  Total: 3468.08 GB
[ 3140.4s] IOs:    909236862  IOPS:   289531  Throughput:  1131.0 MB/s  Total: 3468.46 GB
[Reader] Parsed 114000000 lines, distributed 909283561 writes, unique 720.00 GB, skipped 55560762
[ 3140.7s] IOs:    909337616  IOPS:   289535  Throughput:  1131.0 MB/s  Total: 3468.85 GB
[ 3140.9s] IOs:    909438417  IOPS:   289550  Throughput:  1131.1 MB/s  Total: 3469.23 GB
[ 3141.2s] IOs:    909538874  IOPS:   289548  Throughput:  1131.0 MB/s  Total: 3469.62 GB
[ 3141.4s] IOs:    909639146  IOPS:   289564  Throughput:  1131.1 MB/s  Total: 3470.00 GB
[ 3141.7s] IOs:    909740115  IOPS:   289566  Throughput:  1131.1 MB/s  Total: 3470.38 GB
[ 3141.9s] IOs:    909841021  IOPS:   289582  Throughput:  1131.2 MB/s  Total: 3470.77 GB
[ 3142.2s] IOs:    909941715  IOPS:   289585  Throughput:  1131.2 MB/s  Total: 3471.15 GB
[ 3142.8s] IOs:    910042088  IOPS:   289560  Throughput:  1131.1 MB/s  Total: 3471.54 GB
[ 3143.0s] IOs:    910142388  IOPS:   289575  Throughput:  1131.2 MB/s  Total: 3471.92 GB
[ 3143.3s] IOs:    910243244  IOPS:   289580  Throughput:  1131.2 MB/s  Total: 3472.30 GB
[ 3143.7s] IOs:    910343980  IOPS:   289573  Throughput:  1131.1 MB/s  Total: 3472.69 GB
[ 3143.9s] IOs:    910444737  IOPS:   289588  Throughput:  1131.2 MB/s  Total: 3473.07 GB
[ 3144.3s] IOs:    910545111  IOPS:   289590  Throughput:  1131.2 MB/s  Total: 3473.45 GB
[ 3144.4s] IOs:    910645523  IOPS:   289605  Throughput:  1131.3 MB/s  Total: 3473.84 GB
[ 3144.9s] IOs:    910746066  IOPS:   289595  Throughput:  1131.2 MB/s  Total: 3474.22 GB
[ 3145.1s] IOs:    910846842  IOPS:   289604  Throughput:  1131.3 MB/s  Total: 3474.60 GB
[ 3145.7s] IOs:    910947407  IOPS:   289586  Throughput:  1131.2 MB/s  Total: 3474.99 GB
[ 3146.3s] IOs:    911047843  IOPS:   289560  Throughput:  1131.1 MB/s  Total: 3475.37 GB
[ 3147.0s] IOs:    911148351  IOPS:   289530  Throughput:  1131.0 MB/s  Total: 3475.76 GB
[ 3147.7s] IOs:    911249114  IOPS:   289500  Throughput:  1130.9 MB/s  Total: 3476.14 GB
[ 3148.2s] IOs:    911349948  IOPS:   289484  Throughput:  1130.8 MB/s  Total: 3476.52 GB
[ 3148.7s] IOs:    911450340  IOPS:   289470  Throughput:  1130.7 MB/s  Total: 3476.91 GB
[ 3149.2s] IOs:    911550941  IOPS:   289458  Throughput:  1130.7 MB/s  Total: 3477.29 GB
[ 3149.6s] IOs:    911651478  IOPS:   289445  Throughput:  1130.6 MB/s  Total: 3477.67 GB
[ 3149.9s] IOs:    911752513  IOPS:   289453  Throughput:  1130.7 MB/s  Total: 3478.06 GB
[ 3150.7s] IOs:    911853268  IOPS:   289413  Throughput:  1130.5 MB/s  Total: 3478.44 GB
[ 3151.1s] IOs:    911953665  IOPS:   289413  Throughput:  1130.5 MB/s  Total: 3478.83 GB
[ 3151.5s] IOs:    912054080  IOPS:   289404  Throughput:  1130.5 MB/s  Total: 3479.21 GB
[ 3151.9s] IOs:    912155075  IOPS:   289401  Throughput:  1130.5 MB/s  Total: 3479.60 GB
[ 3152.1s] IOs:    912255851  IOPS:   289411  Throughput:  1130.5 MB/s  Total: 3479.98 GB
[ 3152.5s] IOs:    912356511  IOPS:   289404  Throughput:  1130.5 MB/s  Total: 3480.36 GB
[ 3153.0s] IOs:    912457189  IOPS:   289397  Throughput:  1130.5 MB/s  Total: 3480.75 GB
[ 3153.6s] IOs:    912557883  IOPS:   289373  Throughput:  1130.4 MB/s  Total: 3481.13 GB
[ 3153.9s] IOs:    912658552  IOPS:   289371  Throughput:  1130.4 MB/s  Total: 3481.52 GB
[ 3154.2s] IOs:    912758923  IOPS:   289381  Throughput:  1130.4 MB/s  Total: 3481.90 GB
[ 3154.7s] IOs:    912859560  IOPS:   289367  Throughput:  1130.3 MB/s  Total: 3482.28 GB
[ 3155.0s] IOs:    912960113  IOPS:   289367  Throughput:  1130.3 MB/s  Total: 3482.67 GB
[ 3155.2s] IOs:    913060368  IOPS:   289378  Throughput:  1130.4 MB/s  Total: 3483.05 GB
[ 3155.7s] IOs:    913160887  IOPS:   289371  Throughput:  1130.4 MB/s  Total: 3483.43 GB
[ 3156.0s] IOs:    913261358  IOPS:   289369  Throughput:  1130.3 MB/s  Total: 3483.82 GB
[ 3156.3s] IOs:    913361814  IOPS:   289378  Throughput:  1130.4 MB/s  Total: 3484.20 GB
[ 3156.6s] IOs:    913462317  IOPS:   289381  Throughput:  1130.4 MB/s  Total: 3484.58 GB
[ 3157.0s] IOs:    913562512  IOPS:   289378  Throughput:  1130.4 MB/s  Total: 3484.96 GB
[ 3157.3s] IOs:    913663116  IOPS:   289385  Throughput:  1130.4 MB/s  Total: 3485.35 GB
[ 3157.6s] IOs:    913763441  IOPS:   289381  Throughput:  1130.4 MB/s  Total: 3485.73 GB
[ 3157.9s] IOs:    913863707  IOPS:   289394  Throughput:  1130.4 MB/s  Total: 3486.11 GB
[ 3158.1s] IOs:    913964095  IOPS:   289408  Throughput:  1130.5 MB/s  Total: 3486.50 GB
[ 3158.3s] IOs:    914064648  IOPS:   289420  Throughput:  1130.5 MB/s  Total: 3486.88 GB
[ 3158.6s] IOs:    914165298  IOPS:   289422  Throughput:  1130.6 MB/s  Total: 3487.26 GB
[ 3158.8s] IOs:    914266094  IOPS:   289434  Throughput:  1130.6 MB/s  Total: 3487.65 GB
[ 3159.1s] IOs:    914366544  IOPS:   289437  Throughput:  1130.6 MB/s  Total: 3488.03 GB
[ 3159.3s] IOs:    914467329  IOPS:   289449  Throughput:  1130.7 MB/s  Total: 3488.42 GB
[ 3159.6s] IOs:    914568251  IOPS:   289460  Throughput:  1130.7 MB/s  Total: 3488.80 GB
[ 3159.8s] IOs:    914668812  IOPS:   289471  Throughput:  1130.7 MB/s  Total: 3489.18 GB
[ 3160.0s] IOs:    914768994  IOPS:   289482  Throughput:  1130.8 MB/s  Total: 3489.57 GB
[ 3160.2s] IOs:    914869325  IOPS:   289495  Throughput:  1130.8 MB/s  Total: 3489.95 GB
[ 3160.6s] IOs:    914970056  IOPS:   289497  Throughput:  1130.8 MB/s  Total: 3490.33 GB
[ 3160.8s] IOs:    915070493  IOPS:   289509  Throughput:  1130.9 MB/s  Total: 3490.72 GB
[ 3161.0s] IOs:    915171172  IOPS:   289518  Throughput:  1130.9 MB/s  Total: 3491.10 GB
[ 3161.2s] IOs:    915271318  IOPS:   289532  Throughput:  1131.0 MB/s  Total: 3491.48 GB
[ 3161.4s] IOs:    915371511  IOPS:   289544  Throughput:  1131.0 MB/s  Total: 3491.87 GB
[ 3161.7s] IOs:    915471847  IOPS:   289550  Throughput:  1131.1 MB/s  Total: 3492.25 GB
[ 3161.9s] IOs:    915572177  IOPS:   289565  Throughput:  1131.1 MB/s  Total: 3492.63 GB
[ 3162.1s] IOs:    915672940  IOPS:   289578  Throughput:  1131.2 MB/s  Total: 3493.02 GB
[ 3162.3s] IOs:    915772993  IOPS:   289590  Throughput:  1131.2 MB/s  Total: 3493.40 GB
[ 3162.6s] IOs:    915873842  IOPS:   289600  Throughput:  1131.2 MB/s  Total: 3493.78 GB
[ 3162.7s] IOs:    915974751  IOPS:   289615  Throughput:  1131.3 MB/s  Total: 3494.17 GB
[ 3163.0s] IOs:    916075254  IOPS:   289623  Throughput:  1131.3 MB/s  Total: 3494.55 GB
[ 3163.3s] IOs:    916175821  IOPS:   289628  Throughput:  1131.4 MB/s  Total: 3494.93 GB
[ 3163.5s] IOs:    916276500  IOPS:   289644  Throughput:  1131.4 MB/s  Total: 3495.32 GB
[ 3163.6s] IOs:    916377189  IOPS:   289659  Throughput:  1131.5 MB/s  Total: 3495.70 GB
[ 3163.8s] IOs:    916477828  IOPS:   289674  Throughput:  1131.5 MB/s  Total: 3496.09 GB
[ 3164.1s] IOs:    916578075  IOPS:   289680  Throughput:  1131.6 MB/s  Total: 3496.47 GB
[ 3164.3s] IOs:    916678702  IOPS:   289695  Throughput:  1131.6 MB/s  Total: 3496.85 GB
[ 3164.5s] IOs:    916778847  IOPS:   289704  Throughput:  1131.7 MB/s  Total: 3497.23 GB
[ 3164.7s] IOs:    916879277  IOPS:   289720  Throughput:  1131.7 MB/s  Total: 3497.62 GB
[ 3164.9s] IOs:    916979743  IOPS:   289736  Throughput:  1131.8 MB/s  Total: 3498.00 GB
[ 3165.1s] IOs:    917080036  IOPS:   289746  Throughput:  1131.8 MB/s  Total: 3498.38 GB
[ 3165.3s] IOs:    917180218  IOPS:   289762  Throughput:  1131.9 MB/s  Total: 3498.76 GB
[Reader] Parsed 115000000 lines, distributed 917268695 writes, unique 720.00 GB, skipped 57047043
[ 3165.5s] IOs:    917280245  IOPS:   289772  Throughput:  1131.9 MB/s  Total: 3499.15 GB
[ 3165.7s] IOs:    917380489  IOPS:   289787  Throughput:  1132.0 MB/s  Total: 3499.53 GB
[ 3166.0s] IOs:    917480557  IOPS:   289791  Throughput:  1132.0 MB/s  Total: 3499.91 GB
[ 3166.2s] IOs:    917581495  IOPS:   289806  Throughput:  1132.1 MB/s  Total: 3500.30 GB
[ 3166.4s] IOs:    917682260  IOPS:   289818  Throughput:  1132.1 MB/s  Total: 3500.68 GB
[ 3166.7s] IOs:    917783102  IOPS:   289826  Throughput:  1132.1 MB/s  Total: 3501.06 GB
[ 3166.8s] IOs:    917883952  IOPS:   289841  Throughput:  1132.2 MB/s  Total: 3501.45 GB
[ 3167.1s] IOs:    917984327  IOPS:   289850  Throughput:  1132.2 MB/s  Total: 3501.83 GB
[ 3167.3s] IOs:    918084862  IOPS:   289865  Throughput:  1132.3 MB/s  Total: 3502.22 GB
[ 3167.5s] IOs:    918185804  IOPS:   289876  Throughput:  1132.3 MB/s  Total: 3502.60 GB
[ 3167.7s] IOs:    918286604  IOPS:   289891  Throughput:  1132.4 MB/s  Total: 3502.99 GB
[ 3167.9s] IOs:    918387203  IOPS:   289904  Throughput:  1132.4 MB/s  Total: 3503.37 GB
[ 3168.1s] IOs:    918487660  IOPS:   289918  Throughput:  1132.5 MB/s  Total: 3503.75 GB
[ 3168.3s] IOs:    918588002  IOPS:   289933  Throughput:  1132.6 MB/s  Total: 3504.14 GB
[ 3168.5s] IOs:    918688498  IOPS:   289946  Throughput:  1132.6 MB/s  Total: 3504.52 GB
[ 3168.7s] IOs:    918788795  IOPS:   289962  Throughput:  1132.7 MB/s  Total: 3504.90 GB
[ 3168.8s] IOs:    918889230  IOPS:   289978  Throughput:  1132.7 MB/s  Total: 3505.28 GB
[ 3169.1s] IOs:    918990125  IOPS:   289987  Throughput:  1132.8 MB/s  Total: 3505.67 GB
[ 3169.5s] IOs:    919091096  IOPS:   289978  Throughput:  1132.7 MB/s  Total: 3506.05 GB
[ 3169.7s] IOs:    919191947  IOPS:   289994  Throughput:  1132.8 MB/s  Total: 3506.44 GB
[ 3170.2s] IOs:    919292885  IOPS:   289981  Throughput:  1132.7 MB/s  Total: 3506.82 GB
[ 3170.5s] IOs:    919393514  IOPS:   289981  Throughput:  1132.7 MB/s  Total: 3507.21 GB
[ 3170.7s] IOs:    919493981  IOPS:   289996  Throughput:  1132.8 MB/s  Total: 3507.59 GB
[ 3171.2s] IOs:    919594660  IOPS:   289982  Throughput:  1132.7 MB/s  Total: 3507.98 GB
[ 3171.5s] IOs:    919695152  IOPS:   289988  Throughput:  1132.8 MB/s  Total: 3508.36 GB
[ 3171.7s] IOs:    919795566  IOPS:   290001  Throughput:  1132.8 MB/s  Total: 3508.74 GB
[ 3172.1s] IOs:    919895820  IOPS:   290000  Throughput:  1132.8 MB/s  Total: 3509.12 GB
[ 3172.3s] IOs:    919996669  IOPS:   290014  Throughput:  1132.9 MB/s  Total: 3509.51 GB
[ 3172.6s] IOs:    920097467  IOPS:   290015  Throughput:  1132.9 MB/s  Total: 3509.89 GB
[ 3172.8s] IOs:    920198126  IOPS:   290029  Throughput:  1132.9 MB/s  Total: 3510.28 GB
[ 3173.1s] IOs:    920299119  IOPS:   290031  Throughput:  1132.9 MB/s  Total: 3510.66 GB
[ 3173.3s] IOs:    920399571  IOPS:   290046  Throughput:  1133.0 MB/s  Total: 3511.05 GB
[ 3173.7s] IOs:    920500329  IOPS:   290043  Throughput:  1133.0 MB/s  Total: 3511.43 GB
[ 3173.8s] IOs:    920600355  IOPS:   290058  Throughput:  1133.0 MB/s  Total: 3511.81 GB
[ 3174.2s] IOs:    920700869  IOPS:   290061  Throughput:  1133.1 MB/s  Total: 3512.20 GB
[ 3174.3s] IOs:    920801214  IOPS:   290077  Throughput:  1133.1 MB/s  Total: 3512.58 GB
[ 3174.7s] IOs:    920902148  IOPS:   290075  Throughput:  1133.1 MB/s  Total: 3512.96 GB
[ 3174.9s] IOs:    921002424  IOPS:   290089  Throughput:  1133.2 MB/s  Total: 3513.35 GB
[ 3175.1s] IOs:    921103310  IOPS:   290098  Throughput:  1133.2 MB/s  Total: 3513.73 GB
[ 3175.3s] IOs:    921203557  IOPS:   290113  Throughput:  1133.3 MB/s  Total: 3514.11 GB
[ 3175.6s] IOs:    921304338  IOPS:   290116  Throughput:  1133.3 MB/s  Total: 3514.50 GB
[ 3175.8s] IOs:    921404593  IOPS:   290130  Throughput:  1133.3 MB/s  Total: 3514.88 GB
[ 3176.1s] IOs:    921504851  IOPS:   290141  Throughput:  1133.4 MB/s  Total: 3515.26 GB
[ 3176.2s] IOs:    921605366  IOPS:   290156  Throughput:  1133.4 MB/s  Total: 3515.65 GB
[ 3176.4s] IOs:    921706296  IOPS:   290169  Throughput:  1133.5 MB/s  Total: 3516.03 GB
[ 3176.8s] IOs:    921806663  IOPS:   290170  Throughput:  1133.5 MB/s  Total: 3516.41 GB
[ 3177.0s] IOs:    921907193  IOPS:   290185  Throughput:  1133.5 MB/s  Total: 3516.80 GB
[ 3177.1s] IOs:    922008148  IOPS:   290201  Throughput:  1133.6 MB/s  Total: 3517.18 GB
[ 3177.3s] IOs:    922108680  IOPS:   290215  Throughput:  1133.7 MB/s  Total: 3517.57 GB
[ 3177.6s] IOs:    922209191  IOPS:   290223  Throughput:  1133.7 MB/s  Total: 3517.95 GB
[ 3177.8s] IOs:    922309725  IOPS:   290238  Throughput:  1133.7 MB/s  Total: 3518.33 GB
[ 3178.0s] IOs:    922410396  IOPS:   290246  Throughput:  1133.8 MB/s  Total: 3518.72 GB
[ 3178.2s] IOs:    922511066  IOPS:   290260  Throughput:  1133.8 MB/s  Total: 3519.10 GB
[ 3178.4s] IOs:    922611429  IOPS:   290275  Throughput:  1133.9 MB/s  Total: 3519.48 GB
[ 3178.6s] IOs:    922711610  IOPS:   290286  Throughput:  1133.9 MB/s  Total: 3519.87 GB
[ 3178.8s] IOs:    922812501  IOPS:   290298  Throughput:  1134.0 MB/s  Total: 3520.25 GB
[ 3179.0s] IOs:    922912760  IOPS:   290313  Throughput:  1134.0 MB/s  Total: 3520.63 GB
[ 3179.2s] IOs:    923013220  IOPS:   290329  Throughput:  1134.1 MB/s  Total: 3521.02 GB
[ 3179.4s] IOs:    923113450  IOPS:   290345  Throughput:  1134.2 MB/s  Total: 3521.40 GB
[ 3179.6s] IOs:    923214313  IOPS:   290359  Throughput:  1134.2 MB/s  Total: 3521.78 GB
[ 3180.0s] IOs:    923315224  IOPS:   290352  Throughput:  1134.2 MB/s  Total: 3522.17 GB
[ 3180.2s] IOs:    923416222  IOPS:   290368  Throughput:  1134.2 MB/s  Total: 3522.55 GB
[ 3180.7s] IOs:    923516985  IOPS:   290349  Throughput:  1134.2 MB/s  Total: 3522.94 GB
[ 3181.0s] IOs:    923617797  IOPS:   290354  Throughput:  1134.2 MB/s  Total: 3523.32 GB
[ 3181.2s] IOs:    923718578  IOPS:   290368  Throughput:  1134.3 MB/s  Total: 3523.71 GB
[ 3181.6s] IOs:    923819177  IOPS:   290360  Throughput:  1134.2 MB/s  Total: 3524.09 GB
[ 3181.8s] IOs:    923919237  IOPS:   290374  Throughput:  1134.3 MB/s  Total: 3524.47 GB
[ 3182.2s] IOs:    924019953  IOPS:   290373  Throughput:  1134.3 MB/s  Total: 3524.86 GB
[ 3182.5s] IOs:    924120493  IOPS:   290371  Throughput:  1134.3 MB/s  Total: 3525.24 GB
[ 3182.7s] IOs:    924221333  IOPS:   290386  Throughput:  1134.3 MB/s  Total: 3525.62 GB
[ 3183.1s] IOs:    924322080  IOPS:   290386  Throughput:  1134.3 MB/s  Total: 3526.01 GB
[ 3183.3s] IOs:    924422751  IOPS:   290401  Throughput:  1134.4 MB/s  Total: 3526.39 GB
[ 3183.6s] IOs:    924523249  IOPS:   290402  Throughput:  1134.4 MB/s  Total: 3526.78 GB
[ 3183.8s] IOs:    924623534  IOPS:   290416  Throughput:  1134.4 MB/s  Total: 3527.16 GB
[Reader] Parsed 116000000 lines, distributed 924715233 writes, unique 720.00 GB, skipped 58654503
[ 3184.1s] IOs:    924723663  IOPS:   290416  Throughput:  1134.4 MB/s  Total: 3527.54 GB
[ 3184.4s] IOs:    924824265  IOPS:   290427  Throughput:  1134.5 MB/s  Total: 3527.92 GB
[ 3184.6s] IOs:    924925041  IOPS:   290437  Throughput:  1134.5 MB/s  Total: 3528.31 GB
[ 3184.8s] IOs:    925025286  IOPS:   290451  Throughput:  1134.6 MB/s  Total: 3528.69 GB
[ 3185.3s] IOs:    925125652  IOPS:   290435  Throughput:  1134.5 MB/s  Total: 3529.07 GB
[ 3185.5s] IOs:    925226510  IOPS:   290451  Throughput:  1134.6 MB/s  Total: 3529.46 GB
[ 3185.7s] IOs:    925327314  IOPS:   290466  Throughput:  1134.6 MB/s  Total: 3529.84 GB
[ 3185.8s] IOs:    925427628  IOPS:   290481  Throughput:  1134.7 MB/s  Total: 3530.23 GB
[ 3186.2s] IOs:    925528093  IOPS:   290479  Throughput:  1134.7 MB/s  Total: 3530.61 GB
[ 3186.5s] IOs:    925628626  IOPS:   290482  Throughput:  1134.7 MB/s  Total: 3530.99 GB
[ 3186.7s] IOs:    925729118  IOPS:   290497  Throughput:  1134.8 MB/s  Total: 3531.38 GB
[ 3187.0s] IOs:    925829341  IOPS:   290499  Throughput:  1134.8 MB/s  Total: 3531.76 GB
[ 3187.2s] IOs:    925929888  IOPS:   290514  Throughput:  1134.8 MB/s  Total: 3532.14 GB
[ 3187.4s] IOs:    926030287  IOPS:   290530  Throughput:  1134.9 MB/s  Total: 3532.53 GB
[ 3187.7s] IOs:    926130820  IOPS:   290534  Throughput:  1134.9 MB/s  Total: 3532.91 GB
[ 3187.9s] IOs:    926230931  IOPS:   290548  Throughput:  1135.0 MB/s  Total: 3533.29 GB
[ 3188.2s] IOs:    926331858  IOPS:   290553  Throughput:  1135.0 MB/s  Total: 3533.68 GB
[ 3188.5s] IOs:    926432438  IOPS:   290550  Throughput:  1135.0 MB/s  Total: 3534.06 GB
[ 3188.8s] IOs:    926533043  IOPS:   290563  Throughput:  1135.0 MB/s  Total: 3534.44 GB
[ 3189.1s] IOs:    926633480  IOPS:   290564  Throughput:  1135.0 MB/s  Total: 3534.83 GB
[ 3189.3s] IOs:    926734004  IOPS:   290579  Throughput:  1135.1 MB/s  Total: 3535.21 GB
[ 3189.6s] IOs:    926834169  IOPS:   290578  Throughput:  1135.1 MB/s  Total: 3535.59 GB
[ 3189.8s] IOs:    926934270  IOPS:   290593  Throughput:  1135.1 MB/s  Total: 3535.97 GB
[ 3190.2s] IOs:    927034975  IOPS:   290592  Throughput:  1135.1 MB/s  Total: 3536.36 GB
[ 3190.5s] IOs:    927135358  IOPS:   290596  Throughput:  1135.1 MB/s  Total: 3536.74 GB
[ 3190.7s] IOs:    927235746  IOPS:   290610  Throughput:  1135.2 MB/s  Total: 3537.12 GB
[ 3190.8s] IOs:    927336625  IOPS:   290625  Throughput:  1135.3 MB/s  Total: 3537.51 GB
[ 3191.2s] IOs:    927437533  IOPS:   290628  Throughput:  1135.3 MB/s  Total: 3537.89 GB
[ 3191.3s] IOs:    927538207  IOPS:   290643  Throughput:  1135.3 MB/s  Total: 3538.28 GB
[ 3191.6s] IOs:    927638613  IOPS:   290649  Throughput:  1135.3 MB/s  Total: 3538.66 GB
[ 3191.8s] IOs:    927739460  IOPS:   290665  Throughput:  1135.4 MB/s  Total: 3539.05 GB
[ 3192.1s] IOs:    927839613  IOPS:   290672  Throughput:  1135.4 MB/s  Total: 3539.43 GB
[ 3192.2s] IOs:    927939741  IOPS:   290687  Throughput:  1135.5 MB/s  Total: 3539.81 GB
[ 3192.4s] IOs:    928040609  IOPS:   290703  Throughput:  1135.6 MB/s  Total: 3540.19 GB
[ 3192.7s] IOs:    928141053  IOPS:   290712  Throughput:  1135.6 MB/s  Total: 3540.58 GB
[ 3192.8s] IOs:    928241704  IOPS:   290727  Throughput:  1135.7 MB/s  Total: 3540.96 GB
[ 3193.3s] IOs:    928342122  IOPS:   290716  Throughput:  1135.6 MB/s  Total: 3541.34 GB
[ 3193.6s] IOs:    928442946  IOPS:   290723  Throughput:  1135.6 MB/s  Total: 3541.73 GB
[ 3193.7s] IOs:    928543551  IOPS:   290738  Throughput:  1135.7 MB/s  Total: 3542.11 GB
[ 3194.3s] IOs:    928643831  IOPS:   290722  Throughput:  1135.6 MB/s  Total: 3542.50 GB
[ 3194.7s] IOs:    928744303  IOPS:   290716  Throughput:  1135.6 MB/s  Total: 3542.88 GB
[ 3195.0s] IOs:    928844713  IOPS:   290714  Throughput:  1135.6 MB/s  Total: 3543.26 GB
[ 3195.2s] IOs:    928945221  IOPS:   290729  Throughput:  1135.7 MB/s  Total: 3543.64 GB
[ 3195.7s] IOs:    929046046  IOPS:   290716  Throughput:  1135.6 MB/s  Total: 3544.03 GB
[ 3196.0s] IOs:    929146576  IOPS:   290719  Throughput:  1135.6 MB/s  Total: 3544.41 GB
[ 3196.2s] IOs:    929246760  IOPS:   290731  Throughput:  1135.7 MB/s  Total: 3544.80 GB
[ 3196.6s] IOs:    929347258  IOPS:   290730  Throughput:  1135.7 MB/s  Total: 3545.18 GB
[ 3196.8s] IOs:    929447768  IOPS:   290743  Throughput:  1135.7 MB/s  Total: 3545.56 GB
[ 3197.1s] IOs:    929547827  IOPS:   290744  Throughput:  1135.7 MB/s  Total: 3545.94 GB
[ 3198.7s] IOs:    929648657  IOPS:   290638  Throughput:  1135.3 MB/s  Total: 3546.33 GB
[ 3199.2s] IOs:    929749461  IOPS:   290620  Throughput:  1135.2 MB/s  Total: 3546.71 GB
[ 3199.7s] IOs:    929850265  IOPS:   290603  Throughput:  1135.2 MB/s  Total: 3547.10 GB
[ 3200.3s] IOs:    929951095  IOPS:   290587  Throughput:  1135.1 MB/s  Total: 3547.48 GB
[ 3200.8s] IOs:    930051814  IOPS:   290570  Throughput:  1135.0 MB/s  Total: 3547.87 GB
[ 3201.2s] IOs:    930152506  IOPS:   290562  Throughput:  1135.0 MB/s  Total: 3548.25 GB
[ 3201.7s] IOs:    930253285  IOPS:   290548  Throughput:  1135.0 MB/s  Total: 3548.63 GB
[ 3202.2s] IOs:    930354085  IOPS:   290540  Throughput:  1134.9 MB/s  Total: 3549.02 GB
[ 3202.4s] IOs:    930454518  IOPS:   290545  Throughput:  1134.9 MB/s  Total: 3549.40 GB
[ 3202.8s] IOs:    930554910  IOPS:   290541  Throughput:  1134.9 MB/s  Total: 3549.79 GB
[ 3203.3s] IOs:    930655585  IOPS:   290527  Throughput:  1134.9 MB/s  Total: 3550.17 GB
[ 3203.7s] IOs:    930756080  IOPS:   290528  Throughput:  1134.9 MB/s  Total: 3550.55 GB
[ 3203.9s] IOs:    930856626  IOPS:   290541  Throughput:  1134.9 MB/s  Total: 3550.94 GB
[ 3204.4s] IOs:    930957565  IOPS:   290524  Throughput:  1134.9 MB/s  Total: 3551.32 GB
[ 3204.7s] IOs:    931057934  IOPS:   290528  Throughput:  1134.9 MB/s  Total: 3551.70 GB
[ 3204.9s] IOs:    931158672  IOPS:   290539  Throughput:  1134.9 MB/s  Total: 3552.09 GB
[ 3205.3s] IOs:    931259275  IOPS:   290539  Throughput:  1134.9 MB/s  Total: 3552.47 GB
[ 3205.7s] IOs:    931359686  IOPS:   290531  Throughput:  1134.9 MB/s  Total: 3552.86 GB
[ 3206.1s] IOs:    931460346  IOPS:   290528  Throughput:  1134.9 MB/s  Total: 3553.24 GB
[ 3206.3s] IOs:    931561138  IOPS:   290541  Throughput:  1134.9 MB/s  Total: 3553.62 GB
[ 3206.8s] IOs:    931661745  IOPS:   290524  Throughput:  1134.9 MB/s  Total: 3554.01 GB
[ 3207.1s] IOs:    931762322  IOPS:   290532  Throughput:  1134.9 MB/s  Total: 3554.39 GB
[ 3207.3s] IOs:    931863218  IOPS:   290542  Throughput:  1134.9 MB/s  Total: 3554.78 GB
[ 3207.7s] IOs:    931963290  IOPS:   290540  Throughput:  1134.9 MB/s  Total: 3555.16 GB
[ 3208.2s] IOs:    932064221  IOPS:   290526  Throughput:  1134.9 MB/s  Total: 3555.54 GB
[ 3208.7s] IOs:    932164881  IOPS:   290508  Throughput:  1134.8 MB/s  Total: 3555.93 GB
[ 3209.2s] IOs:    932265639  IOPS:   290496  Throughput:  1134.7 MB/s  Total: 3556.31 GB
[ 3209.7s] IOs:    932366251  IOPS:   290484  Throughput:  1134.7 MB/s  Total: 3556.69 GB
[ 3210.3s] IOs:    932466968  IOPS:   290463  Throughput:  1134.6 MB/s  Total: 3557.08 GB
[ 3210.6s] IOs:    932567828  IOPS:   290464  Throughput:  1134.6 MB/s  Total: 3557.46 GB
[ 3210.9s] IOs:    932668333  IOPS:   290472  Throughput:  1134.7 MB/s  Total: 3557.85 GB
[ 3211.4s] IOs:    932769118  IOPS:   290460  Throughput:  1134.6 MB/s  Total: 3558.23 GB
[ 3211.8s] IOs:    932869671  IOPS:   290446  Throughput:  1134.6 MB/s  Total: 3558.62 GB
[ 3212.2s] IOs:    932970185  IOPS:   290446  Throughput:  1134.6 MB/s  Total: 3559.00 GB
[ 3212.4s] IOs:    933070614  IOPS:   290457  Throughput:  1134.6 MB/s  Total: 3559.38 GB
[ 3212.9s] IOs:    933171389  IOPS:   290447  Throughput:  1134.6 MB/s  Total: 3559.77 GB
[ 3213.3s] IOs:    933272080  IOPS:   290441  Throughput:  1134.5 MB/s  Total: 3560.15 GB
[ 3213.9s] IOs:    933372672  IOPS:   290419  Throughput:  1134.4 MB/s  Total: 3560.53 GB
[ 3214.2s] IOs:    933473420  IOPS:   290425  Throughput:  1134.5 MB/s  Total: 3560.92 GB
[ 3214.4s] IOs:    933573961  IOPS:   290433  Throughput:  1134.5 MB/s  Total: 3561.30 GB
[ 3214.8s] IOs:    933674230  IOPS:   290426  Throughput:  1134.5 MB/s  Total: 3561.68 GB
[ 3215.1s] IOs:    933774783  IOPS:   290437  Throughput:  1134.5 MB/s  Total: 3562.07 GB
[ 3215.4s] IOs:    933874975  IOPS:   290434  Throughput:  1134.5 MB/s  Total: 3562.45 GB
[ 3215.8s] IOs:    933975446  IOPS:   290430  Throughput:  1134.5 MB/s  Total: 3562.83 GB
[ 3216.1s] IOs:    934075762  IOPS:   290440  Throughput:  1134.5 MB/s  Total: 3563.22 GB
[Reader] Parsed 117000000 lines, distributed 934149428 writes, unique 720.00 GB, skipped 61137905
[ 3216.4s] IOs:    934176315  IOPS:   290440  Throughput:  1134.5 MB/s  Total: 3563.60 GB
[ 3216.7s] IOs:    934276985  IOPS:   290441  Throughput:  1134.5 MB/s  Total: 3563.98 GB
[ 3217.0s] IOs:    934377257  IOPS:   290450  Throughput:  1134.6 MB/s  Total: 3564.37 GB
[ 3217.3s] IOs:    934477691  IOPS:   290450  Throughput:  1134.6 MB/s  Total: 3564.75 GB
[ 3217.6s] IOs:    934578287  IOPS:   290459  Throughput:  1134.6 MB/s  Total: 3565.13 GB
[ 3218.3s] IOs:    934678786  IOPS:   290429  Throughput:  1134.5 MB/s  Total: 3565.52 GB
[ 3219.3s] IOs:    934779828  IOPS:   290367  Throughput:  1134.2 MB/s  Total: 3565.90 GB
[ 3220.3s] IOs:    934880588  IOPS:   290310  Throughput:  1134.0 MB/s  Total: 3566.29 GB
[ 3221.3s] IOs:    934981262  IOPS:   290246  Throughput:  1133.8 MB/s  Total: 3566.67 GB
[ 3222.3s] IOs:    935081805  IOPS:   290187  Throughput:  1133.5 MB/s  Total: 3567.05 GB
[ 3223.0s] IOs:    935182579  IOPS:   290157  Throughput:  1133.4 MB/s  Total: 3567.44 GB
[ 3224.0s] IOs:    935283478  IOPS:   290104  Throughput:  1133.2 MB/s  Total: 3567.82 GB
[ 3224.8s] IOs:    935384040  IOPS:   290055  Throughput:  1133.0 MB/s  Total: 3568.21 GB
[ 3225.5s] IOs:    935484797  IOPS:   290028  Throughput:  1132.9 MB/s  Total: 3568.59 GB
[ 3226.0s] IOs:    935585768  IOPS:   290018  Throughput:  1132.9 MB/s  Total: 3568.98 GB
[ 3226.9s] IOs:    935686384  IOPS:   289968  Throughput:  1132.7 MB/s  Total: 3569.36 GB
[ 3227.6s] IOs:    935787061  IOPS:   289936  Throughput:  1132.6 MB/s  Total: 3569.74 GB
[ 3227.9s] IOs:    935887257  IOPS:   289937  Throughput:  1132.6 MB/s  Total: 3570.13 GB
[ 3228.5s] IOs:    935988018  IOPS:   289913  Throughput:  1132.5 MB/s  Total: 3570.51 GB
[ 3229.0s] IOs:    936088682  IOPS:   289900  Throughput:  1132.4 MB/s  Total: 3570.89 GB
[ 3229.5s] IOs:    936189642  IOPS:   289883  Throughput:  1132.4 MB/s  Total: 3571.28 GB
[ 3230.3s] IOs:    936290327  IOPS:   289844  Throughput:  1132.2 MB/s  Total: 3571.66 GB
[ 3230.9s] IOs:    936390829  IOPS:   289821  Throughput:  1132.1 MB/s  Total: 3572.05 GB
[ 3231.5s] IOs:    936490831  IOPS:   289803  Throughput:  1132.0 MB/s  Total: 3572.43 GB
[ 3232.1s] IOs:    936591623  IOPS:   289780  Throughput:  1132.0 MB/s  Total: 3572.81 GB
[ 3232.6s] IOs:    936692351  IOPS:   289766  Throughput:  1131.9 MB/s  Total: 3573.20 GB
[ 3233.1s] IOs:    936792894  IOPS:   289754  Throughput:  1131.9 MB/s  Total: 3573.58 GB
[ 3233.8s] IOs:    936893524  IOPS:   289716  Throughput:  1131.7 MB/s  Total: 3573.97 GB
[ 3234.4s] IOs:    936994267  IOPS:   289698  Throughput:  1131.6 MB/s  Total: 3574.35 GB
[ 3234.8s] IOs:    937094338  IOPS:   289689  Throughput:  1131.6 MB/s  Total: 3574.73 GB
[ 3235.2s] IOs:    937194448  IOPS:   289685  Throughput:  1131.6 MB/s  Total: 3575.11 GB
[ 3235.5s] IOs:    937295089  IOPS:   289687  Throughput:  1131.6 MB/s  Total: 3575.50 GB
[ 3236.1s] IOs:    937395845  IOPS:   289664  Throughput:  1131.5 MB/s  Total: 3575.88 GB
[ 3236.5s] IOs:    937496720  IOPS:   289667  Throughput:  1131.5 MB/s  Total: 3576.27 GB
[ 3237.0s] IOs:    937597676  IOPS:   289649  Throughput:  1131.4 MB/s  Total: 3576.65 GB
[ 3237.5s] IOs:    937698456  IOPS:   289636  Throughput:  1131.4 MB/s  Total: 3577.04 GB
[ 3237.8s] IOs:    937798814  IOPS:   289637  Throughput:  1131.4 MB/s  Total: 3577.42 GB
[ 3238.1s] IOs:    937898890  IOPS:   289647  Throughput:  1131.4 MB/s  Total: 3577.80 GB
[ 3238.5s] IOs:    937999228  IOPS:   289637  Throughput:  1131.4 MB/s  Total: 3578.18 GB
[ 3239.0s] IOs:    938099956  IOPS:   289631  Throughput:  1131.4 MB/s  Total: 3578.57 GB
[ 3239.2s] IOs:    938200684  IOPS:   289642  Throughput:  1131.4 MB/s  Total: 3578.95 GB
[ 3239.6s] IOs:    938301297  IOPS:   289637  Throughput:  1131.4 MB/s  Total: 3579.34 GB
[ 3239.9s] IOs:    938402006  IOPS:   289637  Throughput:  1131.4 MB/s  Total: 3579.72 GB
[ 3240.2s] IOs:    938502837  IOPS:   289643  Throughput:  1131.4 MB/s  Total: 3580.10 GB
[ 3240.5s] IOs:    938603119  IOPS:   289646  Throughput:  1131.4 MB/s  Total: 3580.49 GB
[ 3240.9s] IOs:    938703204  IOPS:   289642  Throughput:  1131.4 MB/s  Total: 3580.87 GB
[ 3241.1s] IOs:    938803743  IOPS:   289653  Throughput:  1131.5 MB/s  Total: 3581.25 GB
[ 3241.4s] IOs:    938904176  IOPS:   289663  Throughput:  1131.5 MB/s  Total: 3581.64 GB
[ 3241.7s] IOs:    939004457  IOPS:   289668  Throughput:  1131.5 MB/s  Total: 3582.02 GB
[ 3241.9s] IOs:    939105402  IOPS:   289678  Throughput:  1131.6 MB/s  Total: 3582.40 GB
[ 3242.1s] IOs:    939206084  IOPS:   289689  Throughput:  1131.6 MB/s  Total: 3582.79 GB
[ 3242.5s] IOs:    939306525  IOPS:   289685  Throughput:  1131.6 MB/s  Total: 3583.17 GB
[ 3242.7s] IOs:    939406879  IOPS:   289696  Throughput:  1131.6 MB/s  Total: 3583.55 GB
[ 3243.0s] IOs:    939507039  IOPS:   289706  Throughput:  1131.7 MB/s  Total: 3583.93 GB
[ 3243.2s] IOs:    939607816  IOPS:   289712  Throughput:  1131.7 MB/s  Total: 3584.32 GB
[ 3243.5s] IOs:    939708796  IOPS:   289722  Throughput:  1131.7 MB/s  Total: 3584.70 GB
[ 3243.7s] IOs:    939809444  IOPS:   289732  Throughput:  1131.8 MB/s  Total: 3585.09 GB
[ 3244.0s] IOs:    939909673  IOPS:   289739  Throughput:  1131.8 MB/s  Total: 3585.47 GB
[ 3244.2s] IOs:    940009850  IOPS:   289750  Throughput:  1131.8 MB/s  Total: 3585.85 GB
[ 3244.5s] IOs:    940110432  IOPS:   289759  Throughput:  1131.9 MB/s  Total: 3586.24 GB
[ 3244.7s] IOs:    940210512  IOPS:   289766  Throughput:  1131.9 MB/s  Total: 3586.62 GB
[ 3245.0s] IOs:    940311241  IOPS:   289776  Throughput:  1131.9 MB/s  Total: 3587.00 GB
[ 3245.2s] IOs:    940411605  IOPS:   289786  Throughput:  1132.0 MB/s  Total: 3587.39 GB
[ 3245.4s] IOs:    940512012  IOPS:   289797  Throughput:  1132.0 MB/s  Total: 3587.77 GB
[ 3245.7s] IOs:    940612342  IOPS:   289804  Throughput:  1132.0 MB/s  Total: 3588.15 GB
[ 3245.9s] IOs:    940713338  IOPS:   289811  Throughput:  1132.1 MB/s  Total: 3588.54 GB
[ 3246.2s] IOs:    940814148  IOPS:   289821  Throughput:  1132.1 MB/s  Total: 3588.92 GB
[ 3246.6s] IOs:    940914790  IOPS:   289818  Throughput:  1132.1 MB/s  Total: 3589.31 GB
[ 3246.8s] IOs:    941014944  IOPS:   289829  Throughput:  1132.1 MB/s  Total: 3589.69 GB
[ 3247.1s] IOs:    941115191  IOPS:   289830  Throughput:  1132.1 MB/s  Total: 3590.07 GB
[ 3247.4s] IOs:    941215758  IOPS:   289834  Throughput:  1132.2 MB/s  Total: 3590.45 GB
[ 3247.7s] IOs:    941316723  IOPS:   289844  Throughput:  1132.2 MB/s  Total: 3590.84 GB
[ 3247.9s] IOs:    941417253  IOPS:   289851  Throughput:  1132.2 MB/s  Total: 3591.22 GB
[ 3248.1s] IOs:    941517818  IOPS:   289863  Throughput:  1132.3 MB/s  Total: 3591.61 GB
[ 3248.4s] IOs:    941618441  IOPS:   289869  Throughput:  1132.3 MB/s  Total: 3591.99 GB
[ 3248.7s] IOs:    941718808  IOPS:   289880  Throughput:  1132.3 MB/s  Total: 3592.37 GB
[ 3248.9s] IOs:    941819037  IOPS:   289892  Throughput:  1132.4 MB/s  Total: 3592.75 GB
[ 3249.1s] IOs:    941919663  IOPS:   289903  Throughput:  1132.4 MB/s  Total: 3593.14 GB
[ 3249.3s] IOs:    942020162  IOPS:   289913  Throughput:  1132.5 MB/s  Total: 3593.52 GB
[ 3249.5s] IOs:    942121085  IOPS:   289926  Throughput:  1132.5 MB/s  Total: 3593.91 GB
[ 3249.7s] IOs:    942221702  IOPS:   289940  Throughput:  1132.6 MB/s  Total: 3594.29 GB
[ 3249.9s] IOs:    942322492  IOPS:   289950  Throughput:  1132.6 MB/s  Total: 3594.68 GB
[ 3250.1s] IOs:    942422746  IOPS:   289964  Throughput:  1132.7 MB/s  Total: 3595.06 GB
[ 3250.3s] IOs:    942523550  IOPS:   289979  Throughput:  1132.7 MB/s  Total: 3595.44 GB
[ 3250.6s] IOs:    942623956  IOPS:   289986  Throughput:  1132.8 MB/s  Total: 3595.83 GB
[ 3250.8s] IOs:    942724446  IOPS:   290000  Throughput:  1132.8 MB/s  Total: 3596.21 GB
[ 3251.0s] IOs:    942825309  IOPS:   290008  Throughput:  1132.8 MB/s  Total: 3596.59 GB
[ 3251.2s] IOs:    942925973  IOPS:   290023  Throughput:  1132.9 MB/s  Total: 3596.98 GB
[ 3251.4s] IOs:    943026526  IOPS:   290036  Throughput:  1133.0 MB/s  Total: 3597.36 GB
[ 3251.6s] IOs:    943127370  IOPS:   290050  Throughput:  1133.0 MB/s  Total: 3597.75 GB
[ 3251.9s] IOs:    943228078  IOPS:   290054  Throughput:  1133.0 MB/s  Total: 3598.13 GB
[ 3252.1s] IOs:    943328302  IOPS:   290069  Throughput:  1133.1 MB/s  Total: 3598.51 GB
[ 3252.3s] IOs:    943429068  IOPS:   290083  Throughput:  1133.1 MB/s  Total: 3598.90 GB
[ 3252.6s] IOs:    943529070  IOPS:   290088  Throughput:  1133.2 MB/s  Total: 3599.28 GB
[ 3252.7s] IOs:    943630125  IOPS:   290103  Throughput:  1133.2 MB/s  Total: 3599.66 GB
[ 3253.0s] IOs:    943730980  IOPS:   290108  Throughput:  1133.2 MB/s  Total: 3600.05 GB
[ 3253.2s] IOs:    943831393  IOPS:   290124  Throughput:  1133.3 MB/s  Total: 3600.43 GB
[ 3253.5s] IOs:    943931524  IOPS:   290132  Throughput:  1133.3 MB/s  Total: 3600.81 GB
[ 3253.6s] IOs:    944031703  IOPS:   290147  Throughput:  1133.4 MB/s  Total: 3601.20 GB
[ 3253.9s] IOs:    944132329  IOPS:   290152  Throughput:  1133.4 MB/s  Total: 3601.58 GB
[Reader] Parsed 118000000 lines, distributed 944141996 writes, unique 720.00 GB, skipped 63086024
[ 3254.1s] IOs:    944232559  IOPS:   290166  Throughput:  1133.5 MB/s  Total: 3601.96 GB
[ 3254.3s] IOs:    944333501  IOPS:   290182  Throughput:  1133.5 MB/s  Total: 3602.35 GB
[ 3254.6s] IOs:    944434100  IOPS:   290187  Throughput:  1133.5 MB/s  Total: 3602.73 GB
[ 3254.7s] IOs:    944534322  IOPS:   290202  Throughput:  1133.6 MB/s  Total: 3603.11 GB
[ 3255.0s] IOs:    944634350  IOPS:   290213  Throughput:  1133.6 MB/s  Total: 3603.49 GB
[ 3255.2s] IOs:    944735065  IOPS:   290227  Throughput:  1133.7 MB/s  Total: 3603.88 GB
[ 3255.3s] IOs:    944835265  IOPS:   290241  Throughput:  1133.8 MB/s  Total: 3604.26 GB
[ 3255.5s] IOs:    944935992  IOPS:   290254  Throughput:  1133.8 MB/s  Total: 3604.64 GB
[ 3255.8s] IOs:    945036457  IOPS:   290267  Throughput:  1133.9 MB/s  Total: 3605.03 GB
[ 3255.9s] IOs:    945136552  IOPS:   290281  Throughput:  1133.9 MB/s  Total: 3605.41 GB
[ 3256.1s] IOs:    945237222  IOPS:   290297  Throughput:  1134.0 MB/s  Total: 3605.79 GB
[ 3256.3s] IOs:    945337382  IOPS:   290312  Throughput:  1134.0 MB/s  Total: 3606.18 GB
[ 3256.5s] IOs:    945437731  IOPS:   290326  Throughput:  1134.1 MB/s  Total: 3606.56 GB
[ 3256.6s] IOs:    945538211  IOPS:   290341  Throughput:  1134.1 MB/s  Total: 3606.94 GB
[ 3257.0s] IOs:    945638605  IOPS:   290340  Throughput:  1134.1 MB/s  Total: 3607.33 GB
[ 3257.2s] IOs:    945739120  IOPS:   290355  Throughput:  1134.2 MB/s  Total: 3607.71 GB
[ 3257.5s] IOs:    945839754  IOPS:   290355  Throughput:  1134.2 MB/s  Total: 3608.09 GB
[ 3257.7s] IOs:    945940189  IOPS:   290368  Throughput:  1134.3 MB/s  Total: 3608.48 GB
[ 3258.0s] IOs:    946041048  IOPS:   290375  Throughput:  1134.3 MB/s  Total: 3608.86 GB
[ 3258.2s] IOs:    946141295  IOPS:   290387  Throughput:  1134.3 MB/s  Total: 3609.24 GB
[ 3258.5s] IOs:    946242195  IOPS:   290395  Throughput:  1134.4 MB/s  Total: 3609.63 GB
[ 3258.7s] IOs:    946342896  IOPS:   290409  Throughput:  1134.4 MB/s  Total: 3610.01 GB
[ 3258.9s] IOs:    946443672  IOPS:   290416  Throughput:  1134.4 MB/s  Total: 3610.40 GB
[ 3259.1s] IOs:    946544566  IOPS:   290431  Throughput:  1134.5 MB/s  Total: 3610.78 GB
[ 3259.3s] IOs:    946644874  IOPS:   290446  Throughput:  1134.6 MB/s  Total: 3611.16 GB
[ 3259.5s] IOs:    946745427  IOPS:   290454  Throughput:  1134.6 MB/s  Total: 3611.55 GB
[ 3259.7s] IOs:    946846429  IOPS:   290467  Throughput:  1134.6 MB/s  Total: 3611.93 GB
[ 3259.9s] IOs:    946946604  IOPS:   290479  Throughput:  1134.7 MB/s  Total: 3612.31 GB
[ 3260.1s] IOs:    947047199  IOPS:   290495  Throughput:  1134.7 MB/s  Total: 3612.70 GB
[ 3260.3s] IOs:    947148186  IOPS:   290509  Throughput:  1134.8 MB/s  Total: 3613.08 GB
[ 3260.6s] IOs:    947248903  IOPS:   290514  Throughput:  1134.8 MB/s  Total: 3613.47 GB
[ 3260.8s] IOs:    947349451  IOPS:   290529  Throughput:  1134.9 MB/s  Total: 3613.85 GB
[ 3261.0s] IOs:    947449715  IOPS:   290542  Throughput:  1134.9 MB/s  Total: 3614.23 GB
[ 3261.1s] IOs:    947549874  IOPS:   290557  Throughput:  1135.0 MB/s  Total: 3614.62 GB
[ 3261.3s] IOs:    947650256  IOPS:   290571  Throughput:  1135.0 MB/s  Total: 3615.00 GB
[ 3261.5s] IOs:    947751056  IOPS:   290583  Throughput:  1135.1 MB/s  Total: 3615.38 GB
[ 3261.7s] IOs:    947851597  IOPS:   290598  Throughput:  1135.1 MB/s  Total: 3615.77 GB
[ 3261.9s] IOs:    947952294  IOPS:   290612  Throughput:  1135.2 MB/s  Total: 3616.15 GB
[ 3262.1s] IOs:    948052992  IOPS:   290627  Throughput:  1135.3 MB/s  Total: 3616.54 GB
[ 3262.3s] IOs:    948153280  IOPS:   290641  Throughput:  1135.3 MB/s  Total: 3616.92 GB
[ 3262.6s] IOs:    948254301  IOPS:   290642  Throughput:  1135.3 MB/s  Total: 3617.30 GB
[ 3262.8s] IOs:    948355156  IOPS:   290655  Throughput:  1135.4 MB/s  Total: 3617.69 GB
[ 3263.0s] IOs:    948455826  IOPS:   290667  Throughput:  1135.4 MB/s  Total: 3618.07 GB
[ 3263.2s] IOs:    948556508  IOPS:   290681  Throughput:  1135.5 MB/s  Total: 3618.46 GB
[ 3263.6s] IOs:    948656940  IOPS:   290676  Throughput:  1135.5 MB/s  Total: 3618.84 GB
[ 3264.0s] IOs:    948757304  IOPS:   290675  Throughput:  1135.4 MB/s  Total: 3619.22 GB
[ 3264.2s] IOs:    948858260  IOPS:   290688  Throughput:  1135.5 MB/s  Total: 3619.61 GB
[ 3264.6s] IOs:    948959211  IOPS:   290685  Throughput:  1135.5 MB/s  Total: 3619.99 GB
[ 3264.7s] IOs:    949059914  IOPS:   290699  Throughput:  1135.5 MB/s  Total: 3620.38 GB
[ 3265.1s] IOs:    949160340  IOPS:   290697  Throughput:  1135.5 MB/s  Total: 3620.76 GB
[ 3265.4s] IOs:    949260888  IOPS:   290701  Throughput:  1135.5 MB/s  Total: 3621.14 GB
[ 3265.6s] IOs:    949361678  IOPS:   290714  Throughput:  1135.6 MB/s  Total: 3621.53 GB
[ 3265.9s] IOs:    949461783  IOPS:   290716  Throughput:  1135.6 MB/s  Total: 3621.91 GB
[ 3266.1s] IOs:    949562451  IOPS:   290731  Throughput:  1135.7 MB/s  Total: 3622.29 GB
[ 3266.4s] IOs:    949662909  IOPS:   290734  Throughput:  1135.7 MB/s  Total: 3622.68 GB
[ 3266.6s] IOs:    949763498  IOPS:   290748  Throughput:  1135.7 MB/s  Total: 3623.06 GB
[ 3266.8s] IOs:    949863708  IOPS:   290762  Throughput:  1135.8 MB/s  Total: 3623.44 GB
[ 3267.2s] IOs:    949964608  IOPS:   290756  Throughput:  1135.8 MB/s  Total: 3623.83 GB
[ 3267.4s] IOs:    950064715  IOPS:   290770  Throughput:  1135.8 MB/s  Total: 3624.21 GB
[ 3267.6s] IOs:    950165196  IOPS:   290785  Throughput:  1135.9 MB/s  Total: 3624.59 GB
[ 3267.8s] IOs:    950265493  IOPS:   290800  Throughput:  1135.9 MB/s  Total: 3624.98 GB
[ 3268.1s] IOs:    950365554  IOPS:   290803  Throughput:  1135.9 MB/s  Total: 3625.36 GB
[ 3268.3s] IOs:    950465975  IOPS:   290814  Throughput:  1136.0 MB/s  Total: 3625.74 GB
[ 3268.5s] IOs:    950566032  IOPS:   290822  Throughput:  1136.0 MB/s  Total: 3626.12 GB
[ 3268.7s] IOs:    950666547  IOPS:   290838  Throughput:  1136.1 MB/s  Total: 3626.51 GB
[ 3269.0s] IOs:    950767123  IOPS:   290843  Throughput:  1136.1 MB/s  Total: 3626.89 GB
[ 3269.4s] IOs:    950868076  IOPS:   290839  Throughput:  1136.1 MB/s  Total: 3627.27 GB
[ 3269.6s] IOs:    950969042  IOPS:   290853  Throughput:  1136.1 MB/s  Total: 3627.66 GB
[ 3270.0s] IOs:    951069488  IOPS:   290847  Throughput:  1136.1 MB/s  Total: 3628.04 GB
[ 3270.2s] IOs:    951170003  IOPS:   290861  Throughput:  1136.2 MB/s  Total: 3628.43 GB
[ 3270.5s] IOs:    951270647  IOPS:   290863  Throughput:  1136.2 MB/s  Total: 3628.81 GB
[ 3270.7s] IOs:    951370759  IOPS:   290876  Throughput:  1136.2 MB/s  Total: 3629.19 GB
[ 3271.0s] IOs:    951471221  IOPS:   290878  Throughput:  1136.2 MB/s  Total: 3629.57 GB
[ 3271.2s] IOs:    951571989  IOPS:   290893  Throughput:  1136.3 MB/s  Total: 3629.96 GB
[ 3271.5s] IOs:    951672504  IOPS:   290896  Throughput:  1136.3 MB/s  Total: 3630.34 GB
[ 3271.7s] IOs:    951773075  IOPS:   290911  Throughput:  1136.4 MB/s  Total: 3630.73 GB
[ 3272.1s] IOs:    951873309  IOPS:   290910  Throughput:  1136.4 MB/s  Total: 3631.11 GB
[ 3272.2s] IOs:    951974270  IOPS:   290925  Throughput:  1136.4 MB/s  Total: 3631.49 GB
[ 3272.6s] IOs:    952075134  IOPS:   290925  Throughput:  1136.4 MB/s  Total: 3631.88 GB
[ 3272.8s] IOs:    952175379  IOPS:   290940  Throughput:  1136.5 MB/s  Total: 3632.26 GB
[ 3273.1s] IOs:    952275530  IOPS:   290944  Throughput:  1136.5 MB/s  Total: 3632.64 GB
[ 3273.2s] IOs:    952376492  IOPS:   290958  Throughput:  1136.6 MB/s  Total: 3633.03 GB
[ 3273.6s] IOs:    952477139  IOPS:   290961  Throughput:  1136.6 MB/s  Total: 3633.41 GB
[ 3273.7s] IOs:    952577627  IOPS:   290976  Throughput:  1136.6 MB/s  Total: 3633.80 GB
[ 3274.0s] IOs:    952678503  IOPS:   290985  Throughput:  1136.7 MB/s  Total: 3634.18 GB
[ 3274.2s] IOs:    952779261  IOPS:   290999  Throughput:  1136.7 MB/s  Total: 3634.56 GB
[ 3274.6s] IOs:    952879820  IOPS:   290992  Throughput:  1136.7 MB/s  Total: 3634.95 GB
[ 3274.8s] IOs:    952979828  IOPS:   291007  Throughput:  1136.7 MB/s  Total: 3635.33 GB
[ 3275.0s] IOs:    953080524  IOPS:   291019  Throughput:  1136.8 MB/s  Total: 3635.71 GB
[ 3275.2s] IOs:    953181239  IOPS:   291033  Throughput:  1136.8 MB/s  Total: 3636.10 GB
[ 3275.3s] IOs:    953281779  IOPS:   291048  Throughput:  1136.9 MB/s  Total: 3636.48 GB
[ 3275.6s] IOs:    953382629  IOPS:   291054  Throughput:  1136.9 MB/s  Total: 3636.87 GB
[ 3275.8s] IOs:    953483439  IOPS:   291069  Throughput:  1137.0 MB/s  Total: 3637.25 GB
[ 3276.1s] IOs:    953583951  IOPS:   291075  Throughput:  1137.0 MB/s  Total: 3637.63 GB
[ 3276.3s] IOs:    953684652  IOPS:   291090  Throughput:  1137.1 MB/s  Total: 3638.02 GB
[ 3276.5s] IOs:    953784829  IOPS:   291097  Throughput:  1137.1 MB/s  Total: 3638.40 GB
[ 3276.7s] IOs:    953885346  IOPS:   291112  Throughput:  1137.2 MB/s  Total: 3638.78 GB
[ 3276.9s] IOs:    953985779  IOPS:   291126  Throughput:  1137.2 MB/s  Total: 3639.17 GB
[ 3277.1s] IOs:    954086547  IOPS:   291133  Throughput:  1137.2 MB/s  Total: 3639.55 GB
[ 3277.3s] IOs:    954187304  IOPS:   291148  Throughput:  1137.3 MB/s  Total: 3639.94 GB
[ 3277.5s] IOs:    954287863  IOPS:   291161  Throughput:  1137.3 MB/s  Total: 3640.32 GB
[ 3277.7s] IOs:    954388490  IOPS:   291175  Throughput:  1137.4 MB/s  Total: 3640.70 GB
[ 3277.9s] IOs:    954489106  IOPS:   291190  Throughput:  1137.5 MB/s  Total: 3641.09 GB
[Reader] Parsed 119000000 lines, distributed 954536332 writes, unique 720.00 GB, skipped 64845071
[ 3278.1s] IOs:    954589678  IOPS:   291202  Throughput:  1137.5 MB/s  Total: 3641.47 GB
[ 3278.3s] IOs:    954690579  IOPS:   291214  Throughput:  1137.6 MB/s  Total: 3641.86 GB
[ 3288.2s] IOs:    954791101  IOPS:   290369  Throughput:  1134.3 MB/s  Total: 3642.24 GB
[ 3288.4s] IOs:    954892036  IOPS:   290379  Throughput:  1134.3 MB/s  Total: 3642.62 GB
[ 3288.7s] IOs:    954992557  IOPS:   290387  Throughput:  1134.3 MB/s  Total: 3643.01 GB
[ 3288.9s] IOs:    955093213  IOPS:   290398  Throughput:  1134.4 MB/s  Total: 3643.39 GB
[ 3289.2s] IOs:    955193679  IOPS:   290404  Throughput:  1134.4 MB/s  Total: 3643.77 GB
[ 3289.4s] IOs:    955294161  IOPS:   290416  Throughput:  1134.4 MB/s  Total: 3644.16 GB
[ 3289.7s] IOs:    955395154  IOPS:   290424  Throughput:  1134.5 MB/s  Total: 3644.54 GB
[ 3289.9s] IOs:    955495713  IOPS:   290436  Throughput:  1134.5 MB/s  Total: 3644.93 GB
[ 3290.1s] IOs:    955596416  IOPS:   290445  Throughput:  1134.6 MB/s  Total: 3645.31 GB
[ 3290.3s] IOs:    955697018  IOPS:   290457  Throughput:  1134.6 MB/s  Total: 3645.69 GB
[ 3290.5s] IOs:    955797703  IOPS:   290468  Throughput:  1134.6 MB/s  Total: 3646.08 GB
[ 3290.8s] IOs:    955898333  IOPS:   290477  Throughput:  1134.7 MB/s  Total: 3646.46 GB
[ 3291.0s] IOs:    955999063  IOPS:   290489  Throughput:  1134.7 MB/s  Total: 3646.85 GB
[ 3291.4s] IOs:    956099592  IOPS:   290482  Throughput:  1134.7 MB/s  Total: 3647.23 GB
[ 3291.7s] IOs:    956199817  IOPS:   290490  Throughput:  1134.7 MB/s  Total: 3647.61 GB
[ 3292.1s] IOs:    956300315  IOPS:   290482  Throughput:  1134.7 MB/s  Total: 3648.00 GB
[ 3292.4s] IOs:    956401147  IOPS:   290490  Throughput:  1134.7 MB/s  Total: 3648.38 GB
[ 3292.7s] IOs:    956501857  IOPS:   290488  Throughput:  1134.7 MB/s  Total: 3648.77 GB
[ 3293.1s] IOs:    956602227  IOPS:   290488  Throughput:  1134.7 MB/s  Total: 3649.15 GB
[ 3293.3s] IOs:    956703219  IOPS:   290498  Throughput:  1134.8 MB/s  Total: 3649.53 GB
[ 3293.8s] IOs:    956803786  IOPS:   290486  Throughput:  1134.7 MB/s  Total: 3649.92 GB
[ 3294.1s] IOs:    956904404  IOPS:   290491  Throughput:  1134.7 MB/s  Total: 3650.30 GB
[ 3294.3s] IOs:    957005188  IOPS:   290502  Throughput:  1134.8 MB/s  Total: 3650.69 GB
[ 3294.7s] IOs:    957106152  IOPS:   290499  Throughput:  1134.8 MB/s  Total: 3651.07 GB
[ 3294.9s] IOs:    957206384  IOPS:   290509  Throughput:  1134.8 MB/s  Total: 3651.45 GB
[ 3295.3s] IOs:    957306552  IOPS:   290511  Throughput:  1134.8 MB/s  Total: 3651.83 GB
[ 3295.6s] IOs:    957407323  IOPS:   290514  Throughput:  1134.8 MB/s  Total: 3652.22 GB
[ 3295.9s] IOs:    957507834  IOPS:   290512  Throughput:  1134.8 MB/s  Total: 3652.60 GB
[ 3296.2s] IOs:    957608413  IOPS:   290516  Throughput:  1134.8 MB/s  Total: 3652.99 GB
[ 3296.5s] IOs:    957709098  IOPS:   290526  Throughput:  1134.9 MB/s  Total: 3653.37 GB
[ 3296.8s] IOs:    957809582  IOPS:   290530  Throughput:  1134.9 MB/s  Total: 3653.75 GB
[ 3297.1s] IOs:    957910570  IOPS:   290532  Throughput:  1134.9 MB/s  Total: 3654.14 GB
[ 3297.3s] IOs:    958010913  IOPS:   290540  Throughput:  1134.9 MB/s  Total: 3654.52 GB
[ 3297.7s] IOs:    958111668  IOPS:   290535  Throughput:  1134.9 MB/s  Total: 3654.91 GB
[ 3298.0s] IOs:    958212008  IOPS:   290546  Throughput:  1134.9 MB/s  Total: 3655.29 GB
[ 3298.3s] IOs:    958312658  IOPS:   290552  Throughput:  1135.0 MB/s  Total: 3655.67 GB
[ 3298.6s] IOs:    958413344  IOPS:   290553  Throughput:  1135.0 MB/s  Total: 3656.06 GB
[ 3298.8s] IOs:    958514158  IOPS:   290564  Throughput:  1135.0 MB/s  Total: 3656.44 GB
[ 3299.5s] IOs:    958614721  IOPS:   290538  Throughput:  1134.9 MB/s  Total: 3656.82 GB
[ 3299.7s] IOs:    958715581  IOPS:   290548  Throughput:  1135.0 MB/s  Total: 3657.21 GB
[ 3299.9s] IOs:    958816439  IOPS:   290560  Throughput:  1135.0 MB/s  Total: 3657.59 GB
[ 3300.4s] IOs:    958917107  IOPS:   290550  Throughput:  1135.0 MB/s  Total: 3657.98 GB
[ 3300.7s] IOs:    959017871  IOPS:   290552  Throughput:  1135.0 MB/s  Total: 3658.36 GB
[ 3301.0s] IOs:    959118519  IOPS:   290554  Throughput:  1135.0 MB/s  Total: 3658.75 GB
[ 3301.6s] IOs:    959219389  IOPS:   290535  Throughput:  1134.9 MB/s  Total: 3659.13 GB
[ 3301.8s] IOs:    959319692  IOPS:   290546  Throughput:  1134.9 MB/s  Total: 3659.51 GB
[ 3302.6s] IOs:    959420587  IOPS:   290501  Throughput:  1134.8 MB/s  Total: 3659.90 GB
[ 3303.2s] IOs:    959521165  IOPS:   290483  Throughput:  1134.7 MB/s  Total: 3660.28 GB
[ 3303.7s] IOs:    959621902  IOPS:   290465  Throughput:  1134.6 MB/s  Total: 3660.67 GB
[ 3304.2s] IOs:    959722758  IOPS:   290458  Throughput:  1134.6 MB/s  Total: 3661.05 GB
[ 3304.7s] IOs:    959823362  IOPS:   290438  Throughput:  1134.5 MB/s  Total: 3661.44 GB
[ 3305.2s] IOs:    959923369  IOPS:   290429  Throughput:  1134.5 MB/s  Total: 3661.82 GB
[ 3305.8s] IOs:    960024181  IOPS:   290407  Throughput:  1134.4 MB/s  Total: 3662.20 GB
[ 3306.1s] IOs:    960124664  IOPS:   290409  Throughput:  1134.4 MB/s  Total: 3662.58 GB
[ 3306.3s] IOs:    960225182  IOPS:   290420  Throughput:  1134.5 MB/s  Total: 3662.97 GB
[ 3306.9s] IOs:    960325618  IOPS:   290404  Throughput:  1134.4 MB/s  Total: 3663.35 GB
[ 3307.2s] IOs:    960426323  IOPS:   290402  Throughput:  1134.4 MB/s  Total: 3663.74 GB
[ 3307.7s] IOs:    960526966  IOPS:   290393  Throughput:  1134.3 MB/s  Total: 3664.12 GB
[ 3307.9s] IOs:    960627543  IOPS:   290401  Throughput:  1134.4 MB/s  Total: 3664.50 GB
[ 3308.3s] IOs:    960727885  IOPS:   290400  Throughput:  1134.4 MB/s  Total: 3664.89 GB
[ 3308.7s] IOs:    960828543  IOPS:   290391  Throughput:  1134.3 MB/s  Total: 3665.27 GB
[ 3309.1s] IOs:    960928856  IOPS:   290393  Throughput:  1134.3 MB/s  Total: 3665.65 GB
[ 3309.7s] IOs:    961028868  IOPS:   290369  Throughput:  1134.3 MB/s  Total: 3666.03 GB
[ 3310.0s] IOs:    961129813  IOPS:   290376  Throughput:  1134.3 MB/s  Total: 3666.42 GB
[ 3310.2s] IOs:    961230707  IOPS:   290385  Throughput:  1134.3 MB/s  Total: 3666.80 GB
[ 3310.5s] IOs:    961331320  IOPS:   290385  Throughput:  1134.3 MB/s  Total: 3667.19 GB
[ 3311.0s] IOs:    961432083  IOPS:   290371  Throughput:  1134.3 MB/s  Total: 3667.57 GB
[ 3311.3s] IOs:    961532876  IOPS:   290383  Throughput:  1134.3 MB/s  Total: 3667.96 GB
[ 3311.5s] IOs:    961633676  IOPS:   290394  Throughput:  1134.3 MB/s  Total: 3668.34 GB
[ 3311.7s] IOs:    961734262  IOPS:   290404  Throughput:  1134.4 MB/s  Total: 3668.73 GB
[ 3312.0s] IOs:    961834934  IOPS:   290406  Throughput:  1134.4 MB/s  Total: 3669.11 GB
[ 3312.4s] IOs:    961935757  IOPS:   290401  Throughput:  1134.4 MB/s  Total: 3669.49 GB
[ 3312.7s] IOs:    962036617  IOPS:   290408  Throughput:  1134.4 MB/s  Total: 3669.88 GB
[ 3313.1s] IOs:    962137365  IOPS:   290400  Throughput:  1134.4 MB/s  Total: 3670.26 GB
[ 3313.4s] IOs:    962237595  IOPS:   290406  Throughput:  1134.4 MB/s  Total: 3670.65 GB
[ 3313.7s] IOs:    962338284  IOPS:   290416  Throughput:  1134.4 MB/s  Total: 3671.03 GB
[ 3313.9s] IOs:    962438618  IOPS:   290426  Throughput:  1134.5 MB/s  Total: 3671.41 GB
[ 3314.1s] IOs:    962539068  IOPS:   290434  Throughput:  1134.5 MB/s  Total: 3671.80 GB
[ 3314.4s] IOs:    962639910  IOPS:   290440  Throughput:  1134.5 MB/s  Total: 3672.18 GB
[ 3314.7s] IOs:    962740571  IOPS:   290447  Throughput:  1134.6 MB/s  Total: 3672.56 GB
[ 3315.0s] IOs:    962841083  IOPS:   290453  Throughput:  1134.6 MB/s  Total: 3672.95 GB
[ 3315.2s] IOs:    962941705  IOPS:   290464  Throughput:  1134.6 MB/s  Total: 3673.33 GB
[ 3315.5s] IOs:    963042372  IOPS:   290467  Throughput:  1134.6 MB/s  Total: 3673.72 GB
[ 3315.8s] IOs:    963143243  IOPS:   290474  Throughput:  1134.7 MB/s  Total: 3674.10 GB
[ 3316.0s] IOs:    963243867  IOPS:   290484  Throughput:  1134.7 MB/s  Total: 3674.48 GB
[ 3316.2s] IOs:    963344641  IOPS:   290496  Throughput:  1134.7 MB/s  Total: 3674.87 GB
[ 3316.5s] IOs:    963445556  IOPS:   290502  Throughput:  1134.8 MB/s  Total: 3675.25 GB
[ 3316.7s] IOs:    963546177  IOPS:   290513  Throughput:  1134.8 MB/s  Total: 3675.64 GB
[ 3316.9s] IOs:    963646706  IOPS:   290522  Throughput:  1134.9 MB/s  Total: 3676.02 GB
[ 3317.2s] IOs:    963747150  IOPS:   290531  Throughput:  1134.9 MB/s  Total: 3676.40 GB
[ 3317.5s] IOs:    963847791  IOPS:   290537  Throughput:  1134.9 MB/s  Total: 3676.79 GB
[ 3317.7s] IOs:    963948168  IOPS:   290547  Throughput:  1134.9 MB/s  Total: 3677.17 GB
[ 3318.1s] IOs:    964049079  IOPS:   290544  Throughput:  1134.9 MB/s  Total: 3677.56 GB
[ 3318.4s] IOs:    964149449  IOPS:   290546  Throughput:  1134.9 MB/s  Total: 3677.94 GB
[ 3318.6s] IOs:    964250217  IOPS:   290556  Throughput:  1135.0 MB/s  Total: 3678.32 GB
[ 3319.0s] IOs:    964351049  IOPS:   290559  Throughput:  1135.0 MB/s  Total: 3678.71 GB
[ 3319.2s] IOs:    964451740  IOPS:   290570  Throughput:  1135.0 MB/s  Total: 3679.09 GB
[ 3319.5s] IOs:    964552349  IOPS:   290568  Throughput:  1135.0 MB/s  Total: 3679.48 GB
[ 3319.8s] IOs:    964652773  IOPS:   290580  Throughput:  1135.1 MB/s  Total: 3679.86 GB
[ 3320.1s] IOs:    964753403  IOPS:   290577  Throughput:  1135.1 MB/s  Total: 3680.24 GB
[ 3320.4s] IOs:    964853465  IOPS:   290582  Throughput:  1135.1 MB/s  Total: 3680.62 GB
[ 3320.6s] IOs:    964954000  IOPS:   290594  Throughput:  1135.1 MB/s  Total: 3681.01 GB
[ 3320.9s] IOs:    965054516  IOPS:   290598  Throughput:  1135.1 MB/s  Total: 3681.39 GB
[Reader] Parsed 120000000 lines, distributed 965082677 writes, unique 720.00 GB, skipped 67197565
[ 3321.3s] IOs:    965155183  IOPS:   290598  Throughput:  1135.1 MB/s  Total: 3681.77 GB
[ 3321.5s] IOs:    965255567  IOPS:   290607  Throughput:  1135.2 MB/s  Total: 3682.16 GB
[ 3321.8s] IOs:    965356081  IOPS:   290615  Throughput:  1135.2 MB/s  Total: 3682.54 GB
[ 3322.0s] IOs:    965456689  IOPS:   290625  Throughput:  1135.3 MB/s  Total: 3682.92 GB
[ 3322.3s] IOs:    965557152  IOPS:   290633  Throughput:  1135.3 MB/s  Total: 3683.31 GB
[ 3322.5s] IOs:    965657556  IOPS:   290643  Throughput:  1135.3 MB/s  Total: 3683.69 GB
[ 3322.7s] IOs:    965757742  IOPS:   290651  Throughput:  1135.4 MB/s  Total: 3684.07 GB
[ 3323.0s] IOs:    965858530  IOPS:   290662  Throughput:  1135.4 MB/s  Total: 3684.46 GB
[ 3323.2s] IOs:    965959255  IOPS:   290673  Throughput:  1135.4 MB/s  Total: 3684.84 GB
[ 3323.5s] IOs:    966060024  IOPS:   290679  Throughput:  1135.5 MB/s  Total: 3685.23 GB
[ 3323.7s] IOs:    966160929  IOPS:   290691  Throughput:  1135.5 MB/s  Total: 3685.61 GB
[ 3323.9s] IOs:    966261421  IOPS:   290697  Throughput:  1135.5 MB/s  Total: 3685.99 GB
[ 3324.2s] IOs:    966361502  IOPS:   290709  Throughput:  1135.6 MB/s  Total: 3686.38 GB
[ 3324.4s] IOs:    966461923  IOPS:   290718  Throughput:  1135.6 MB/s  Total: 3686.76 GB
[ 3324.6s] IOs:    966562403  IOPS:   290730  Throughput:  1135.7 MB/s  Total: 3687.14 GB
[ 3324.8s] IOs:    966663166  IOPS:   290741  Throughput:  1135.7 MB/s  Total: 3687.53 GB
[ 3325.0s] IOs:    966763434  IOPS:   290752  Throughput:  1135.7 MB/s  Total: 3687.91 GB
[ 3325.3s] IOs:    966864012  IOPS:   290764  Throughput:  1135.8 MB/s  Total: 3688.29 GB
[ 3325.5s] IOs:    966964937  IOPS:   290775  Throughput:  1135.8 MB/s  Total: 3688.68 GB
[ 3325.9s] IOs:    967065699  IOPS:   290768  Throughput:  1135.8 MB/s  Total: 3689.06 GB
[ 3326.1s] IOs:    967166197  IOPS:   290780  Throughput:  1135.9 MB/s  Total: 3689.45 GB
[ 3326.6s] IOs:    967266723  IOPS:   290769  Throughput:  1135.8 MB/s  Total: 3689.83 GB
[ 3326.9s] IOs:    967367480  IOPS:   290770  Throughput:  1135.8 MB/s  Total: 3690.21 GB
[ 3327.1s] IOs:    967468052  IOPS:   290780  Throughput:  1135.9 MB/s  Total: 3690.60 GB
[ 3327.6s] IOs:    967568707  IOPS:   290772  Throughput:  1135.8 MB/s  Total: 3690.98 GB
[ 3327.9s] IOs:    967669244  IOPS:   290772  Throughput:  1135.8 MB/s  Total: 3691.37 GB
[ 3328.1s] IOs:    967769852  IOPS:   290783  Throughput:  1135.9 MB/s  Total: 3691.75 GB
[ 3328.8s] IOs:    967870434  IOPS:   290758  Throughput:  1135.8 MB/s  Total: 3692.13 GB
[ 3329.0s] IOs:    967971162  IOPS:   290765  Throughput:  1135.8 MB/s  Total: 3692.52 GB
[ 3329.5s] IOs:    968071184  IOPS:   290755  Throughput:  1135.8 MB/s  Total: 3692.90 GB
[ 3330.0s] IOs:    968171758  IOPS:   290741  Throughput:  1135.7 MB/s  Total: 3693.28 GB
[ 3330.2s] IOs:    968272255  IOPS:   290752  Throughput:  1135.7 MB/s  Total: 3693.67 GB
[ 3330.6s] IOs:    968372536  IOPS:   290752  Throughput:  1135.8 MB/s  Total: 3694.05 GB
[ 3331.1s] IOs:    968472562  IOPS:   290741  Throughput:  1135.7 MB/s  Total: 3694.43 GB
[ 3331.4s] IOs:    968573322  IOPS:   290740  Throughput:  1135.7 MB/s  Total: 3694.81 GB
[ 3331.6s] IOs:    968674058  IOPS:   290751  Throughput:  1135.7 MB/s  Total: 3695.20 GB
[ 3332.1s] IOs:    968774432  IOPS:   290740  Throughput:  1135.7 MB/s  Total: 3695.58 GB
[ 3332.4s] IOs:    968874561  IOPS:   290744  Throughput:  1135.7 MB/s  Total: 3695.96 GB
[ 3332.8s] IOs:    968975486  IOPS:   290743  Throughput:  1135.7 MB/s  Total: 3696.35 GB
[ 3333.0s] IOs:    969076211  IOPS:   290755  Throughput:  1135.8 MB/s  Total: 3696.73 GB
[ 3333.2s] IOs:    969176882  IOPS:   290767  Throughput:  1135.8 MB/s  Total: 3697.12 GB
[ 3333.6s] IOs:    969277330  IOPS:   290757  Throughput:  1135.8 MB/s  Total: 3697.50 GB
[ 3333.9s] IOs:    969377809  IOPS:   290762  Throughput:  1135.8 MB/s  Total: 3697.88 GB
[ 3334.1s] IOs:    969478698  IOPS:   290774  Throughput:  1135.8 MB/s  Total: 3698.27 GB
[ 3334.5s] IOs:    969579622  IOPS:   290771  Throughput:  1135.8 MB/s  Total: 3698.65 GB
[ 3334.8s] IOs:    969680571  IOPS:   290778  Throughput:  1135.9 MB/s  Total: 3699.04 GB
[ 3335.0s] IOs:    969780965  IOPS:   290786  Throughput:  1135.9 MB/s  Total: 3699.42 GB
[ 3335.2s] IOs:    969881408  IOPS:   290798  Throughput:  1135.9 MB/s  Total: 3699.80 GB
[ 3335.6s] IOs:    969981871  IOPS:   290798  Throughput:  1135.9 MB/s  Total: 3700.19 GB
[ 3335.8s] IOs:    970082684  IOPS:   290810  Throughput:  1136.0 MB/s  Total: 3700.57 GB
[ 3336.1s] IOs:    970183546  IOPS:   290810  Throughput:  1136.0 MB/s  Total: 3700.96 GB
[ 3336.4s] IOs:    970283886  IOPS:   290818  Throughput:  1136.0 MB/s  Total: 3701.34 GB
[ 3336.6s] IOs:    970384409  IOPS:   290830  Throughput:  1136.1 MB/s  Total: 3701.72 GB
[ 3336.8s] IOs:    970485191  IOPS:   290840  Throughput:  1136.1 MB/s  Total: 3702.11 GB
[ 3337.1s] IOs:    970586058  IOPS:   290845  Throughput:  1136.1 MB/s  Total: 3702.49 GB
[ 3337.4s] IOs:    970686750  IOPS:   290852  Throughput:  1136.1 MB/s  Total: 3702.88 GB
[ 3337.6s] IOs:    970787436  IOPS:   290864  Throughput:  1136.2 MB/s  Total: 3703.26 GB
[ 3337.8s] IOs:    970887934  IOPS:   290876  Throughput:  1136.2 MB/s  Total: 3703.64 GB
[ 3338.3s] IOs:    970988404  IOPS:   290863  Throughput:  1136.2 MB/s  Total: 3704.03 GB
[ 3338.5s] IOs:    971088997  IOPS:   290874  Throughput:  1136.2 MB/s  Total: 3704.41 GB
[ 3339.0s] IOs:    971189778  IOPS:   290866  Throughput:  1136.2 MB/s  Total: 3704.79 GB
[ 3339.2s] IOs:    971290309  IOPS:   290872  Throughput:  1136.2 MB/s  Total: 3705.18 GB
[ 3339.6s] IOs:    971390506  IOPS:   290874  Throughput:  1136.2 MB/s  Total: 3705.56 GB
[ 3339.9s] IOs:    971490926  IOPS:   290873  Throughput:  1136.2 MB/s  Total: 3705.94 GB
[ 3340.1s] IOs:    971591557  IOPS:   290884  Throughput:  1136.3 MB/s  Total: 3706.33 GB
[ 3340.5s] IOs:    971692363  IOPS:   290881  Throughput:  1136.3 MB/s  Total: 3706.71 GB
[ 3340.7s] IOs:    971793219  IOPS:   290892  Throughput:  1136.3 MB/s  Total: 3707.10 GB
[ 3341.1s] IOs:    971893559  IOPS:   290889  Throughput:  1136.3 MB/s  Total: 3707.48 GB
[ 3341.3s] IOs:    971993884  IOPS:   290899  Throughput:  1136.3 MB/s  Total: 3707.86 GB
[ 3341.7s] IOs:    972094388  IOPS:   290900  Throughput:  1136.3 MB/s  Total: 3708.25 GB
[ 3341.9s] IOs:    972195125  IOPS:   290909  Throughput:  1136.4 MB/s  Total: 3708.63 GB
[ 3342.2s] IOs:    972295970  IOPS:   290913  Throughput:  1136.4 MB/s  Total: 3709.01 GB
[ 3342.7s] IOs:    972396863  IOPS:   290901  Throughput:  1136.3 MB/s  Total: 3709.40 GB
[ 3342.9s] IOs:    972496910  IOPS:   290913  Throughput:  1136.4 MB/s  Total: 3709.78 GB
[ 3343.2s] IOs:    972597117  IOPS:   290919  Throughput:  1136.4 MB/s  Total: 3710.16 GB
[ 3343.5s] IOs:    972698021  IOPS:   290919  Throughput:  1136.4 MB/s  Total: 3710.55 GB
[ 3343.8s] IOs:    972798636  IOPS:   290930  Throughput:  1136.4 MB/s  Total: 3710.93 GB
[ 3344.3s] IOs:    972899468  IOPS:   290914  Throughput:  1136.4 MB/s  Total: 3711.32 GB
[ 3344.5s] IOs:    972999666  IOPS:   290923  Throughput:  1136.4 MB/s  Total: 3711.70 GB
[ 3344.8s] IOs:    973100061  IOPS:   290933  Throughput:  1136.5 MB/s  Total: 3712.08 GB
[ 3345.1s] IOs:    973200843  IOPS:   290931  Throughput:  1136.5 MB/s  Total: 3712.47 GB
[ 3345.5s] IOs:    973301256  IOPS:   290930  Throughput:  1136.4 MB/s  Total: 3712.85 GB
[ 3345.7s] IOs:    973402041  IOPS:   290940  Throughput:  1136.5 MB/s  Total: 3713.23 GB
[ 3346.0s] IOs:    973502336  IOPS:   290942  Throughput:  1136.5 MB/s  Total: 3713.62 GB
[ 3346.3s] IOs:    973602499  IOPS:   290950  Throughput:  1136.5 MB/s  Total: 3714.00 GB
[ 3346.6s] IOs:    973703396  IOPS:   290955  Throughput:  1136.5 MB/s  Total: 3714.38 GB
[ 3346.8s] IOs:    973803921  IOPS:   290964  Throughput:  1136.6 MB/s  Total: 3714.77 GB
[ 3347.3s] IOs:    973904547  IOPS:   290954  Throughput:  1136.5 MB/s  Total: 3715.15 GB
[ 3347.5s] IOs:    974005273  IOPS:   290965  Throughput:  1136.6 MB/s  Total: 3715.54 GB
[ 3347.7s] IOs:    974105738  IOPS:   290977  Throughput:  1136.6 MB/s  Total: 3715.92 GB
[ 3348.0s] IOs:    974206250  IOPS:   290978  Throughput:  1136.6 MB/s  Total: 3716.30 GB
[ 3348.2s] IOs:    974306898  IOPS:   290991  Throughput:  1136.7 MB/s  Total: 3716.69 GB
[ 3348.6s] IOs:    974407603  IOPS:   290993  Throughput:  1136.7 MB/s  Total: 3717.07 GB
[ 3348.8s] IOs:    974508093  IOPS:   291002  Throughput:  1136.7 MB/s  Total: 3717.45 GB
[ 3349.1s] IOs:    974608810  IOPS:   291009  Throughput:  1136.8 MB/s  Total: 3717.84 GB
[ 3349.4s] IOs:    974709435  IOPS:   291010  Throughput:  1136.8 MB/s  Total: 3718.22 GB
[ 3349.6s] IOs:    974810170  IOPS:   291022  Throughput:  1136.8 MB/s  Total: 3718.61 GB
[ 3349.8s] IOs:    974910782  IOPS:   291034  Throughput:  1136.9 MB/s  Total: 3718.99 GB
[ 3350.2s] IOs:    975011525  IOPS:   291035  Throughput:  1136.9 MB/s  Total: 3719.37 GB
[ 3350.4s] IOs:    975112170  IOPS:   291046  Throughput:  1136.9 MB/s  Total: 3719.76 GB
[ 3350.7s] IOs:    975212909  IOPS:   291047  Throughput:  1136.9 MB/s  Total: 3720.14 GB
[ 3350.9s] IOs:    975313665  IOPS:   291058  Throughput:  1136.9 MB/s  Total: 3720.53 GB
[Reader] Parsed 121000000 lines, distributed 975375150 writes, unique 720.00 GB, skipped 70145558
[ 3351.2s] IOs:    975414001  IOPS:   291068  Throughput:  1137.0 MB/s  Total: 3720.91 GB
[ 3351.5s] IOs:    975514426  IOPS:   291070  Throughput:  1137.0 MB/s  Total: 3721.29 GB
[ 3351.7s] IOs:    975615189  IOPS:   291083  Throughput:  1137.0 MB/s  Total: 3721.68 GB
[ 3352.0s] IOs:    975716132  IOPS:   291087  Throughput:  1137.1 MB/s  Total: 3722.06 GB
[ 3352.3s] IOs:    975816568  IOPS:   291090  Throughput:  1137.1 MB/s  Total: 3722.44 GB
[ 3352.5s] IOs:    975916939  IOPS:   291101  Throughput:  1137.1 MB/s  Total: 3722.83 GB
[ 3352.7s] IOs:    976017354  IOPS:   291112  Throughput:  1137.2 MB/s  Total: 3723.21 GB
[ 3353.0s] IOs:    976117770  IOPS:   291117  Throughput:  1137.2 MB/s  Total: 3723.59 GB
[ 3353.2s] IOs:    976217925  IOPS:   291128  Throughput:  1137.2 MB/s  Total: 3723.98 GB
[ 3353.5s] IOs:    976318172  IOPS:   291133  Throughput:  1137.2 MB/s  Total: 3724.36 GB
[ 3353.7s] IOs:    976418756  IOPS:   291146  Throughput:  1137.3 MB/s  Total: 3724.74 GB
[ 3354.0s] IOs:    976519014  IOPS:   291153  Throughput:  1137.3 MB/s  Total: 3725.12 GB
[ 3354.4s] IOs:    976619742  IOPS:   291143  Throughput:  1137.3 MB/s  Total: 3725.51 GB
[ 3354.6s] IOs:    976720164  IOPS:   291155  Throughput:  1137.3 MB/s  Total: 3725.89 GB
[ 3355.1s] IOs:    976820619  IOPS:   291144  Throughput:  1137.3 MB/s  Total: 3726.27 GB
[ 3355.6s] IOs:    976921248  IOPS:   291133  Throughput:  1137.2 MB/s  Total: 3726.66 GB
[ 3356.0s] IOs:    977022115  IOPS:   291126  Throughput:  1137.2 MB/s  Total: 3727.04 GB
[ 3356.2s] IOs:    977122828  IOPS:   291138  Throughput:  1137.3 MB/s  Total: 3727.43 GB
[ 3356.7s] IOs:    977223675  IOPS:   291131  Throughput:  1137.2 MB/s  Total: 3727.81 GB
[ 3357.1s] IOs:    977324504  IOPS:   291121  Throughput:  1137.2 MB/s  Total: 3728.20 GB
[ 3357.3s] IOs:    977425115  IOPS:   291131  Throughput:  1137.2 MB/s  Total: 3728.58 GB
[ 3357.6s] IOs:    977525612  IOPS:   291135  Throughput:  1137.2 MB/s  Total: 3728.96 GB
[ 3358.1s] IOs:    977626652  IOPS:   291126  Throughput:  1137.2 MB/s  Total: 3729.35 GB
[ 3358.3s] IOs:    977727111  IOPS:   291138  Throughput:  1137.3 MB/s  Total: 3729.73 GB
[ 3358.6s] IOs:    977827816  IOPS:   291140  Throughput:  1137.3 MB/s  Total: 3730.12 GB
[ 3359.0s] IOs:    977928478  IOPS:   291137  Throughput:  1137.3 MB/s  Total: 3730.50 GB
[ 3359.2s] IOs:    978028996  IOPS:   291151  Throughput:  1137.3 MB/s  Total: 3730.88 GB
[ 3359.6s] IOs:    978129937  IOPS:   291144  Throughput:  1137.3 MB/s  Total: 3731.27 GB
[ 3359.8s] IOs:    978230593  IOPS:   291157  Throughput:  1137.3 MB/s  Total: 3731.65 GB
[ 3360.2s] IOs:    978331186  IOPS:   291157  Throughput:  1137.3 MB/s  Total: 3732.04 GB
[ 3360.3s] IOs:    978431636  IOPS:   291170  Throughput:  1137.4 MB/s  Total: 3732.42 GB
[ 3360.6s] IOs:    978532376  IOPS:   291174  Throughput:  1137.4 MB/s  Total: 3732.80 GB
[ 3361.0s] IOs:    978632832  IOPS:   291170  Throughput:  1137.4 MB/s  Total: 3733.19 GB
[ 3361.2s] IOs:    978733706  IOPS:   291183  Throughput:  1137.4 MB/s  Total: 3733.57 GB
[ 3361.6s] IOs:    978834465  IOPS:   291185  Throughput:  1137.4 MB/s  Total: 3733.96 GB
[ 3361.7s] IOs:    978935085  IOPS:   291199  Throughput:  1137.5 MB/s  Total: 3734.34 GB
[ 3362.1s] IOs:    979035560  IOPS:   291202  Throughput:  1137.5 MB/s  Total: 3734.72 GB
[ 3362.2s] IOs:    979135963  IOPS:   291216  Throughput:  1137.6 MB/s  Total: 3735.11 GB
[ 3362.5s] IOs:    979236192  IOPS:   291218  Throughput:  1137.6 MB/s  Total: 3735.49 GB
[ 3362.8s] IOs:    979337102  IOPS:   291230  Throughput:  1137.6 MB/s  Total: 3735.87 GB
[ 3363.0s] IOs:    979437751  IOPS:   291237  Throughput:  1137.6 MB/s  Total: 3736.26 GB
[ 3363.2s] IOs:    979538341  IOPS:   291249  Throughput:  1137.7 MB/s  Total: 3736.64 GB
[ 3363.5s] IOs:    979639050  IOPS:   291257  Throughput:  1137.7 MB/s  Total: 3737.03 GB
[ 3363.9s] IOs:    979739601  IOPS:   291253  Throughput:  1137.7 MB/s  Total: 3737.41 GB
[ 3364.1s] IOs:    979840556  IOPS:   291267  Throughput:  1137.8 MB/s  Total: 3737.80 GB
[ 3364.2s] IOs:    979941554  IOPS:   291281  Throughput:  1137.8 MB/s  Total: 3738.18 GB
[ 3364.7s] IOs:    980042405  IOPS:   291272  Throughput:  1137.8 MB/s  Total: 3738.57 GB
[ 3365.0s] IOs:    980143219  IOPS:   291274  Throughput:  1137.8 MB/s  Total: 3738.95 GB
[ 3365.2s] IOs:    980243941  IOPS:   291288  Throughput:  1137.8 MB/s  Total: 3739.33 GB
[ 3365.7s] IOs:    980344990  IOPS:   291272  Throughput:  1137.8 MB/s  Total: 3739.72 GB
[ 3365.9s] IOs:    980445650  IOPS:   291286  Throughput:  1137.8 MB/s  Total: 3740.10 GB
[ 3366.1s] IOs:    980545742  IOPS:   291298  Throughput:  1137.9 MB/s  Total: 3740.49 GB
[ 3366.5s] IOs:    980646230  IOPS:   291298  Throughput:  1137.9 MB/s  Total: 3740.87 GB
[ 3366.7s] IOs:    980747192  IOPS:   291312  Throughput:  1137.9 MB/s  Total: 3741.25 GB
[ 3367.0s] IOs:    980848113  IOPS:   291313  Throughput:  1137.9 MB/s  Total: 3741.64 GB
[ 3367.2s] IOs:    980948707  IOPS:   291327  Throughput:  1138.0 MB/s  Total: 3742.02 GB
[ 3367.5s] IOs:    981049282  IOPS:   291330  Throughput:  1138.0 MB/s  Total: 3742.41 GB
[ 3367.7s] IOs:    981149567  IOPS:   291344  Throughput:  1138.1 MB/s  Total: 3742.79 GB
[ 3367.9s] IOs:    981250127  IOPS:   291357  Throughput:  1138.1 MB/s  Total: 3743.17 GB
[ 3368.4s] IOs:    981350218  IOPS:   291342  Throughput:  1138.1 MB/s  Total: 3743.55 GB
[ 3368.6s] IOs:    981450375  IOPS:   291356  Throughput:  1138.1 MB/s  Total: 3743.94 GB
[ 3368.8s] IOs:    981550863  IOPS:   291369  Throughput:  1138.2 MB/s  Total: 3744.32 GB
[ 3369.2s] IOs:    981651483  IOPS:   291364  Throughput:  1138.1 MB/s  Total: 3744.70 GB
[ 3369.6s] IOs:    981752179  IOPS:   291352  Throughput:  1138.1 MB/s  Total: 3745.09 GB
[ 3369.8s] IOs:    981853026  IOPS:   291366  Throughput:  1138.1 MB/s  Total: 3745.47 GB
[ 3370.1s] IOs:    981953189  IOPS:   291371  Throughput:  1138.2 MB/s  Total: 3745.85 GB
[ 3370.3s] IOs:    982053703  IOPS:   291385  Throughput:  1138.2 MB/s  Total: 3746.24 GB
[ 3370.7s] IOs:    982154196  IOPS:   291382  Throughput:  1138.2 MB/s  Total: 3746.62 GB
[ 3371.0s] IOs:    982254480  IOPS:   291385  Throughput:  1138.2 MB/s  Total: 3747.00 GB
[ 3371.2s] IOs:    982355341  IOPS:   291394  Throughput:  1138.3 MB/s  Total: 3747.39 GB
[ 3371.5s] IOs:    982456019  IOPS:   291400  Throughput:  1138.3 MB/s  Total: 3747.77 GB
[ 3371.7s] IOs:    982556287  IOPS:   291414  Throughput:  1138.3 MB/s  Total: 3748.15 GB
[ 3372.0s] IOs:    982656875  IOPS:   291416  Throughput:  1138.3 MB/s  Total: 3748.54 GB
[ 3372.2s] IOs:    982757000  IOPS:   291429  Throughput:  1138.4 MB/s  Total: 3748.92 GB
[ 3372.6s] IOs:    982857698  IOPS:   291424  Throughput:  1138.4 MB/s  Total: 3749.30 GB
[ 3372.9s] IOs:    982958454  IOPS:   291431  Throughput:  1138.4 MB/s  Total: 3749.69 GB
[ 3373.0s] IOs:    983058699  IOPS:   291446  Throughput:  1138.5 MB/s  Total: 3750.07 GB
[ 3373.3s] IOs:    983159127  IOPS:   291451  Throughput:  1138.5 MB/s  Total: 3750.45 GB
[ 3373.5s] IOs:    983259540  IOPS:   291462  Throughput:  1138.5 MB/s  Total: 3750.84 GB
[ 3373.7s] IOs:    983360011  IOPS:   291476  Throughput:  1138.6 MB/s  Total: 3751.22 GB
[ 3374.0s] IOs:    983460687  IOPS:   291479  Throughput:  1138.6 MB/s  Total: 3751.60 GB
[ 3374.2s] IOs:    983560960  IOPS:   291495  Throughput:  1138.7 MB/s  Total: 3751.99 GB
[ 3374.4s] IOs:    983661649  IOPS:   291505  Throughput:  1138.7 MB/s  Total: 3752.37 GB
[ 3374.7s] IOs:    983762490  IOPS:   291513  Throughput:  1138.7 MB/s  Total: 3752.76 GB
[ 3374.9s] IOs:    983862922  IOPS:   291527  Throughput:  1138.8 MB/s  Total: 3753.14 GB
[ 3375.3s] IOs:    983963671  IOPS:   291515  Throughput:  1138.7 MB/s  Total: 3753.52 GB
[ 3375.5s] IOs:    984064073  IOPS:   291527  Throughput:  1138.8 MB/s  Total: 3753.91 GB
[ 3375.7s] IOs:    984164728  IOPS:   291540  Throughput:  1138.8 MB/s  Total: 3754.29 GB
[ 3375.9s] IOs:    984265292  IOPS:   291556  Throughput:  1138.9 MB/s  Total: 3754.67 GB
[ 3376.3s] IOs:    984365807  IOPS:   291554  Throughput:  1138.9 MB/s  Total: 3755.06 GB
[ 3376.4s] IOs:    984466145  IOPS:   291569  Throughput:  1138.9 MB/s  Total: 3755.44 GB
[ 3377.0s] IOs:    984566686  IOPS:   291551  Throughput:  1138.9 MB/s  Total: 3755.82 GB
[ 3377.2s] IOs:    984667151  IOPS:   291563  Throughput:  1138.9 MB/s  Total: 3756.21 GB
[ 3377.8s] IOs:    984767803  IOPS:   291544  Throughput:  1138.8 MB/s  Total: 3756.59 GB
[ 3378.1s] IOs:    984868443  IOPS:   291544  Throughput:  1138.8 MB/s  Total: 3756.97 GB
[ 3378.6s] IOs:    984968788  IOPS:   291532  Throughput:  1138.8 MB/s  Total: 3757.36 GB
[ 3378.8s] IOs:    985069246  IOPS:   291545  Throughput:  1138.8 MB/s  Total: 3757.74 GB
[ 3379.3s] IOs:    985169827  IOPS:   291532  Throughput:  1138.8 MB/s  Total: 3758.12 GB
[ 3379.7s] IOs:    985270732  IOPS:   291522  Throughput:  1138.8 MB/s  Total: 3758.51 GB
[ 3380.2s] IOs:    985371590  IOPS:   291512  Throughput:  1138.7 MB/s  Total: 3758.89 GB
[Reader] Parsed 122000000 lines, distributed 985426203 writes, unique 720.00 GB, skipped 72461468
[ 3380.4s] IOs:    985472374  IOPS:   291526  Throughput:  1138.8 MB/s  Total: 3759.28 GB
[ 3380.7s] IOs:    985572704  IOPS:   291526  Throughput:  1138.8 MB/s  Total: 3759.66 GB
[ 3381.2s] IOs:    985673359  IOPS:   291515  Throughput:  1138.7 MB/s  Total: 3760.05 GB
[ 3381.4s] IOs:    985773953  IOPS:   291529  Throughput:  1138.8 MB/s  Total: 3760.43 GB
[ 3382.2s] IOs:    985874163  IOPS:   291492  Throughput:  1138.6 MB/s  Total: 3760.81 GB
[ 3382.7s] IOs:    985974216  IOPS:   291477  Throughput:  1138.6 MB/s  Total: 3761.19 GB
[ 3383.5s] IOs:    986075104  IOPS:   291435  Throughput:  1138.4 MB/s  Total: 3761.58 GB
[ 3383.8s] IOs:    986175575  IOPS:   291443  Throughput:  1138.5 MB/s  Total: 3761.96 GB
[ 3384.7s] IOs:    986276335  IOPS:   291395  Throughput:  1138.3 MB/s  Total: 3762.35 GB
[ 3385.2s] IOs:    986377029  IOPS:   291382  Throughput:  1138.2 MB/s  Total: 3762.73 GB
[ 3385.8s] IOs:    986477430  IOPS:   291359  Throughput:  1138.1 MB/s  Total: 3763.11 GB
[ 3386.2s] IOs:    986578209  IOPS:   291349  Throughput:  1138.1 MB/s  Total: 3763.50 GB
[ 3387.3s] IOs:    986678280  IOPS:   291290  Throughput:  1137.9 MB/s  Total: 3763.88 GB
[ 3388.2s] IOs:    986778694  IOPS:   291243  Throughput:  1137.7 MB/s  Total: 3764.26 GB
[ 3388.8s] IOs:    986879351  IOPS:   291216  Throughput:  1137.6 MB/s  Total: 3764.65 GB
[ 3389.7s] IOs:    986979701  IOPS:   291168  Throughput:  1137.4 MB/s  Total: 3765.03 GB
[ 3390.0s] IOs:    987080139  IOPS:   291177  Throughput:  1137.4 MB/s  Total: 3765.41 GB
[ 3390.2s] IOs:    987180299  IOPS:   291186  Throughput:  1137.4 MB/s  Total: 3765.79 GB
[ 3390.5s] IOs:    987280401  IOPS:   291191  Throughput:  1137.5 MB/s  Total: 3766.18 GB
[ 3390.7s] IOs:    987380911  IOPS:   291200  Throughput:  1137.5 MB/s  Total: 3766.56 GB
[ 3391.0s] IOs:    987481473  IOPS:   291209  Throughput:  1137.5 MB/s  Total: 3766.94 GB
[ 3391.2s] IOs:    987582071  IOPS:   291219  Throughput:  1137.6 MB/s  Total: 3767.33 GB
[ 3391.4s] IOs:    987682359  IOPS:   291228  Throughput:  1137.6 MB/s  Total: 3767.71 GB
[ 3391.7s] IOs:    987783255  IOPS:   291233  Throughput:  1137.6 MB/s  Total: 3768.09 GB
[ 3392.0s] IOs:    987883733  IOPS:   291243  Throughput:  1137.7 MB/s  Total: 3768.48 GB
[ 3392.3s] IOs:    987983994  IOPS:   291243  Throughput:  1137.7 MB/s  Total: 3768.86 GB
[ 3392.5s] IOs:    988084414  IOPS:   291252  Throughput:  1137.7 MB/s  Total: 3769.24 GB
[ 3392.9s] IOs:    988184634  IOPS:   291255  Throughput:  1137.7 MB/s  Total: 3769.63 GB
[ 3393.1s] IOs:    988285055  IOPS:   291265  Throughput:  1137.8 MB/s  Total: 3770.01 GB
[ 3393.3s] IOs:    988385867  IOPS:   291273  Throughput:  1137.8 MB/s  Total: 3770.39 GB
[ 3393.6s] IOs:    988486701  IOPS:   291276  Throughput:  1137.8 MB/s  Total: 3770.78 GB
[ 3393.9s] IOs:    988587061  IOPS:   291286  Throughput:  1137.8 MB/s  Total: 3771.16 GB
[ 3394.1s] IOs:    988687471  IOPS:   291296  Throughput:  1137.9 MB/s  Total: 3771.54 GB
[ 3394.4s] IOs:    988787788  IOPS:   291296  Throughput:  1137.9 MB/s  Total: 3771.93 GB
[ 3394.7s] IOs:    988888331  IOPS:   291306  Throughput:  1137.9 MB/s  Total: 3772.31 GB
[ 3394.9s] IOs:    988988706  IOPS:   291313  Throughput:  1137.9 MB/s  Total: 3772.69 GB
[ 3395.2s] IOs:    989089400  IOPS:   291324  Throughput:  1138.0 MB/s  Total: 3773.08 GB
[ 3395.4s] IOs:    989189742  IOPS:   291333  Throughput:  1138.0 MB/s  Total: 3773.46 GB
[ 3395.7s] IOs:    989289913  IOPS:   291339  Throughput:  1138.0 MB/s  Total: 3773.84 GB
[ 3395.9s] IOs:    989390346  IOPS:   291346  Throughput:  1138.1 MB/s  Total: 3774.22 GB
[ 3396.2s] IOs:    989490815  IOPS:   291355  Throughput:  1138.1 MB/s  Total: 3774.61 GB
[ 3396.4s] IOs:    989591439  IOPS:   291364  Throughput:  1138.1 MB/s  Total: 3774.99 GB
[ 3396.7s] IOs:    989691925  IOPS:   291368  Throughput:  1138.2 MB/s  Total: 3775.38 GB
[ 3397.2s] IOs:    989792107  IOPS:   291357  Throughput:  1138.1 MB/s  Total: 3775.76 GB
[ 3397.4s] IOs:    989892750  IOPS:   291369  Throughput:  1138.2 MB/s  Total: 3776.14 GB
[ 3397.9s] IOs:    989993225  IOPS:   291353  Throughput:  1138.1 MB/s  Total: 3776.52 GB
[ 3398.4s] IOs:    990093778  IOPS:   291342  Throughput:  1138.1 MB/s  Total: 3776.91 GB
[ 3398.7s] IOs:    990194378  IOPS:   291342  Throughput:  1138.1 MB/s  Total: 3777.29 GB
[ 3399.0s] IOs:    990294751  IOPS:   291349  Throughput:  1138.1 MB/s  Total: 3777.67 GB
[ 3399.6s] IOs:    990395170  IOPS:   291328  Throughput:  1138.0 MB/s  Total: 3778.06 GB
[ 3399.9s] IOs:    990495441  IOPS:   291334  Throughput:  1138.0 MB/s  Total: 3778.44 GB
[ 3400.1s] IOs:    990595796  IOPS:   291343  Throughput:  1138.1 MB/s  Total: 3778.82 GB
[ 3400.3s] IOs:    990696216  IOPS:   291354  Throughput:  1138.1 MB/s  Total: 3779.21 GB
[ 3400.6s] IOs:    990796402  IOPS:   291363  Throughput:  1138.1 MB/s  Total: 3779.59 GB
[ 3400.8s] IOs:    990896761  IOPS:   291373  Throughput:  1138.2 MB/s  Total: 3779.97 GB
[ 3401.1s] IOs:    990997413  IOPS:   291380  Throughput:  1138.2 MB/s  Total: 3780.36 GB
[ 3401.3s] IOs:    991098386  IOPS:   291391  Throughput:  1138.2 MB/s  Total: 3780.74 GB
[ 3401.5s] IOs:    991199131  IOPS:   291402  Throughput:  1138.3 MB/s  Total: 3781.12 GB
[ 3401.8s] IOs:    991299656  IOPS:   291408  Throughput:  1138.3 MB/s  Total: 3781.51 GB
[ 3402.0s] IOs:    991400057  IOPS:   291416  Throughput:  1138.3 MB/s  Total: 3781.89 GB
[ 3402.2s] IOs:    991500552  IOPS:   291426  Throughput:  1138.4 MB/s  Total: 3782.27 GB
[ 3402.5s] IOs:    991601328  IOPS:   291437  Throughput:  1138.4 MB/s  Total: 3782.66 GB
[ 3402.7s] IOs:    991702311  IOPS:   291446  Throughput:  1138.5 MB/s  Total: 3783.04 GB
[ 3402.9s] IOs:    991802381  IOPS:   291457  Throughput:  1138.5 MB/s  Total: 3783.43 GB
[ 3403.2s] IOs:    991902673  IOPS:   291466  Throughput:  1138.5 MB/s  Total: 3783.81 GB
[ 3403.4s] IOs:    992003224  IOPS:   291476  Throughput:  1138.6 MB/s  Total: 3784.19 GB
[ 3403.6s] IOs:    992103823  IOPS:   291488  Throughput:  1138.6 MB/s  Total: 3784.58 GB
[ 3403.8s] IOs:    992204864  IOPS:   291499  Throughput:  1138.7 MB/s  Total: 3784.96 GB
[ 3404.2s] IOs:    992305394  IOPS:   291493  Throughput:  1138.6 MB/s  Total: 3785.34 GB
[ 3404.5s] IOs:    992405927  IOPS:   291502  Throughput:  1138.7 MB/s  Total: 3785.73 GB
[ 3404.8s] IOs:    992506538  IOPS:   291501  Throughput:  1138.7 MB/s  Total: 3786.11 GB
[ 3405.0s] IOs:    992607232  IOPS:   291512  Throughput:  1138.7 MB/s  Total: 3786.50 GB
[ 3405.4s] IOs:    992707909  IOPS:   291513  Throughput:  1138.7 MB/s  Total: 3786.88 GB
[ 3405.8s] IOs:    992808586  IOPS:   291506  Throughput:  1138.7 MB/s  Total: 3787.26 GB
[ 3406.0s] IOs:    992909318  IOPS:   291514  Throughput:  1138.7 MB/s  Total: 3787.65 GB
[ 3406.3s] IOs:    993010022  IOPS:   291518  Throughput:  1138.7 MB/s  Total: 3788.03 GB
[ 3406.6s] IOs:    993110900  IOPS:   291530  Throughput:  1138.8 MB/s  Total: 3788.42 GB
[ 3406.9s] IOs:    993211901  IOPS:   291531  Throughput:  1138.8 MB/s  Total: 3788.80 GB
[ 3407.1s] IOs:    993312330  IOPS:   291541  Throughput:  1138.8 MB/s  Total: 3789.19 GB
[ 3407.6s] IOs:    993413073  IOPS:   291532  Throughput:  1138.8 MB/s  Total: 3789.57 GB
[ 3407.8s] IOs:    993513756  IOPS:   291544  Throughput:  1138.8 MB/s  Total: 3789.95 GB
[ 3408.0s] IOs:    993614661  IOPS:   291556  Throughput:  1138.9 MB/s  Total: 3790.34 GB
[ 3408.3s] IOs:    993715471  IOPS:   291556  Throughput:  1138.9 MB/s  Total: 3790.72 GB
[ 3408.5s] IOs:    993816402  IOPS:   291568  Throughput:  1138.9 MB/s  Total: 3791.11 GB
[ 3408.9s] IOs:    993916952  IOPS:   291565  Throughput:  1138.9 MB/s  Total: 3791.49 GB
[ 3409.1s] IOs:    994017786  IOPS:   291574  Throughput:  1139.0 MB/s  Total: 3791.88 GB
[ 3409.4s] IOs:    994118362  IOPS:   291583  Throughput:  1139.0 MB/s  Total: 3792.26 GB
[ 3409.6s] IOs:    994219306  IOPS:   291595  Throughput:  1139.0 MB/s  Total: 3792.65 GB
[ 3410.2s] IOs:    994319874  IOPS:   291577  Throughput:  1139.0 MB/s  Total: 3793.03 GB
[ 3410.4s] IOs:    994420408  IOPS:   291585  Throughput:  1139.0 MB/s  Total: 3793.41 GB
[ 3410.9s] IOs:    994520681  IOPS:   291571  Throughput:  1139.0 MB/s  Total: 3793.80 GB
[ 3411.4s] IOs:    994621248  IOPS:   291561  Throughput:  1138.9 MB/s  Total: 3794.18 GB
[ 3411.6s] IOs:    994722038  IOPS:   291569  Throughput:  1138.9 MB/s  Total: 3794.56 GB
[ 3411.9s] IOs:    994822827  IOPS:   291571  Throughput:  1138.9 MB/s  Total: 3794.95 GB
[ 3412.4s] IOs:    994923788  IOPS:   291559  Throughput:  1138.9 MB/s  Total: 3795.33 GB
[ 3412.8s] IOs:    995024223  IOPS:   291556  Throughput:  1138.9 MB/s  Total: 3795.72 GB
[ 3413.1s] IOs:    995124603  IOPS:   291564  Throughput:  1138.9 MB/s  Total: 3796.10 GB
[ 3413.4s] IOs:    995225026  IOPS:   291565  Throughput:  1138.9 MB/s  Total: 3796.48 GB
[ 3413.9s] IOs:    995325759  IOPS:   291554  Throughput:  1138.9 MB/s  Total: 3796.87 GB
[ 3414.1s] IOs:    995426053  IOPS:   291562  Throughput:  1138.9 MB/s  Total: 3797.25 GB
[ 3414.4s] IOs:    995526550  IOPS:   291567  Throughput:  1138.9 MB/s  Total: 3797.63 GB
[ 3414.8s] IOs:    995626926  IOPS:   291563  Throughput:  1138.9 MB/s  Total: 3798.02 GB
[ 3415.0s] IOs:    995727660  IOPS:   291572  Throughput:  1139.0 MB/s  Total: 3798.40 GB
[ 3415.4s] IOs:    995828254  IOPS:   291573  Throughput:  1139.0 MB/s  Total: 3798.78 GB
[ 3415.8s] IOs:    995928859  IOPS:   291565  Throughput:  1138.9 MB/s  Total: 3799.17 GB
[ 3416.1s] IOs:    996029221  IOPS:   291572  Throughput:  1139.0 MB/s  Total: 3799.55 GB
[ 3416.3s] IOs:    996129640  IOPS:   291579  Throughput:  1139.0 MB/s  Total: 3799.93 GB
[ 3416.6s] IOs:    996230157  IOPS:   291588  Throughput:  1139.0 MB/s  Total: 3800.32 GB
[ 3416.9s] IOs:    996330624  IOPS:   291585  Throughput:  1139.0 MB/s  Total: 3800.70 GB
[ 3417.2s] IOs:    996431199  IOPS:   291596  Throughput:  1139.0 MB/s  Total: 3801.08 GB
[ 3417.6s] IOs:    996531589  IOPS:   291588  Throughput:  1139.0 MB/s  Total: 3801.47 GB
[ 3417.8s] IOs:    996631773  IOPS:   291600  Throughput:  1139.1 MB/s  Total: 3801.85 GB
[ 3418.0s] IOs:    996732373  IOPS:   291611  Throughput:  1139.1 MB/s  Total: 3802.23 GB
[ 3418.4s] IOs:    996833099  IOPS:   291609  Throughput:  1139.1 MB/s  Total: 3802.62 GB
[ 3418.6s] IOs:    996933490  IOPS:   291621  Throughput:  1139.1 MB/s  Total: 3803.00 GB
[ 3419.0s] IOs:    997033815  IOPS:   291619  Throughput:  1139.1 MB/s  Total: 3803.38 GB
[ 3419.2s] IOs:    997134367  IOPS:   291624  Throughput:  1139.2 MB/s  Total: 3803.77 GB
[ 3419.5s] IOs:    997234867  IOPS:   291636  Throughput:  1139.2 MB/s  Total: 3804.15 GB
[ 3419.8s] IOs:    997335674  IOPS:   291639  Throughput:  1139.2 MB/s  Total: 3804.53 GB
[ 3420.0s] IOs:    997436438  IOPS:   291644  Throughput:  1139.2 MB/s  Total: 3804.92 GB
[ 3420.3s] IOs:    997537140  IOPS:   291653  Throughput:  1139.3 MB/s  Total: 3805.30 GB
[ 3420.7s] IOs:    997637769  IOPS:   291649  Throughput:  1139.3 MB/s  Total: 3805.69 GB
[Reader] Parsed 123000000 lines, distributed 997719160 writes, unique 720.00 GB, skipped 74879929
[ 3420.9s] IOs:    997738342  IOPS:   291659  Throughput:  1139.3 MB/s  Total: 3806.07 GB
[ 3421.3s] IOs:    997838374  IOPS:   291656  Throughput:  1139.3 MB/s  Total: 3806.45 GB
[ 3421.5s] IOs:    997939050  IOPS:   291665  Throughput:  1139.3 MB/s  Total: 3806.84 GB
[ 3421.9s] IOs:    998039901  IOPS:   291664  Throughput:  1139.3 MB/s  Total: 3807.22 GB
[ 3422.1s] IOs:    998140374  IOPS:   291675  Throughput:  1139.4 MB/s  Total: 3807.60 GB
[ 3422.4s] IOs:    998241062  IOPS:   291679  Throughput:  1139.4 MB/s  Total: 3807.99 GB
[ 3422.7s] IOs:    998341612  IOPS:   291680  Throughput:  1139.4 MB/s  Total: 3808.37 GB
[ 3422.9s] IOs:    998442454  IOPS:   291691  Throughput:  1139.4 MB/s  Total: 3808.76 GB
[ 3423.3s] IOs:    998543053  IOPS:   291694  Throughput:  1139.4 MB/s  Total: 3809.14 GB
[ 3423.6s] IOs:    998643078  IOPS:   291695  Throughput:  1139.4 MB/s  Total: 3809.52 GB
[ 3423.8s] IOs:    998743388  IOPS:   291707  Throughput:  1139.5 MB/s  Total: 3809.90 GB
[ 3424.0s] IOs:    998843864  IOPS:   291719  Throughput:  1139.5 MB/s  Total: 3810.29 GB
[ 3424.4s] IOs:    998944365  IOPS:   291715  Throughput:  1139.5 MB/s  Total: 3810.67 GB
[ 3424.6s] IOs:    999044793  IOPS:   291727  Throughput:  1139.6 MB/s  Total: 3811.05 GB
[ 3424.9s] IOs:    999145199  IOPS:   291733  Throughput:  1139.6 MB/s  Total: 3811.44 GB
[ 3425.1s] IOs:    999245590  IOPS:   291746  Throughput:  1139.6 MB/s  Total: 3811.82 GB
[ 3425.4s] IOs:    999345912  IOPS:   291748  Throughput:  1139.6 MB/s  Total: 3812.20 GB
[ 3425.6s] IOs:    999446475  IOPS:   291759  Throughput:  1139.7 MB/s  Total: 3812.59 GB
[ 3425.9s] IOs:    999546898  IOPS:   291761  Throughput:  1139.7 MB/s  Total: 3812.97 GB
[ 3426.1s] IOs:    999647102  IOPS:   291774  Throughput:  1139.7 MB/s  Total: 3813.35 GB
[ 3426.4s] IOs:    999748059  IOPS:   291779  Throughput:  1139.8 MB/s  Total: 3813.74 GB
[ 3426.7s] IOs:    999848520  IOPS:   291780  Throughput:  1139.8 MB/s  Total: 3814.12 GB
[ 3427.0s] IOs:    999949109  IOPS:   291788  Throughput:  1139.8 MB/s  Total: 3814.50 GB
[ 3427.2s] IOs:   1000049518  IOPS:   291794  Throughput:  1139.8 MB/s  Total: 3814.89 GB
[ 3427.4s] IOs:   1000149588  IOPS:   291808  Throughput:  1139.9 MB/s  Total: 3815.27 GB
[ 3427.7s] IOs:   1000249779  IOPS:   291810  Throughput:  1139.9 MB/s  Total: 3815.65 GB
[ 3427.9s] IOs:   1000350557  IOPS:   291823  Throughput:  1139.9 MB/s  Total: 3816.03 GB
[ 3428.2s] IOs:   1000451062  IOPS:   291827  Throughput:  1139.9 MB/s  Total: 3816.42 GB
[ 3428.4s] IOs:   1000551641  IOPS:   291842  Throughput:  1140.0 MB/s  Total: 3816.80 GB
[ 3428.7s] IOs:   1000652206  IOPS:   291843  Throughput:  1140.0 MB/s  Total: 3817.19 GB
[ 3428.9s] IOs:   1000752939  IOPS:   291857  Throughput:  1140.1 MB/s  Total: 3817.57 GB
[ 3429.2s] IOs:   1000853687  IOPS:   291861  Throughput:  1140.1 MB/s  Total: 3817.95 GB
[ 3429.4s] IOs:   1000954108  IOPS:   291872  Throughput:  1140.1 MB/s  Total: 3818.34 GB
[ 3429.6s] IOs:   1001054421  IOPS:   291887  Throughput:  1140.2 MB/s  Total: 3818.72 GB
[ 3429.9s] IOs:   1001154859  IOPS:   291893  Throughput:  1140.2 MB/s  Total: 3819.10 GB
[ 3430.1s] IOs:   1001255341  IOPS:   291906  Throughput:  1140.3 MB/s  Total: 3819.49 GB
[ 3430.3s] IOs:   1001355892  IOPS:   291912  Throughput:  1140.3 MB/s  Total: 3819.87 GB
[ 3430.5s] IOs:   1001456778  IOPS:   291926  Throughput:  1140.3 MB/s  Total: 3820.25 GB
[ 3430.8s] IOs:   1001557499  IOPS:   291929  Throughput:  1140.3 MB/s  Total: 3820.64 GB
[ 3431.0s] IOs:   1001658159  IOPS:   291943  Throughput:  1140.4 MB/s  Total: 3821.02 GB
[ 3431.2s] IOs:   1001758904  IOPS:   291958  Throughput:  1140.5 MB/s  Total: 3821.41 GB
[ 3431.4s] IOs:   1001859046  IOPS:   291967  Throughput:  1140.5 MB/s  Total: 3821.79 GB
[ 3431.6s] IOs:   1001959242  IOPS:   291981  Throughput:  1140.5 MB/s  Total: 3822.17 GB
[ 3431.8s] IOs:   1002059886  IOPS:   291992  Throughput:  1140.6 MB/s  Total: 3822.56 GB
[ 3432.0s] IOs:   1002160565  IOPS:   292005  Throughput:  1140.6 MB/s  Total: 3822.94 GB
[ 3432.2s] IOs:   1002261466  IOPS:   292020  Throughput:  1140.7 MB/s  Total: 3823.32 GB
[ 3432.4s] IOs:   1002362283  IOPS:   292028  Throughput:  1140.7 MB/s  Total: 3823.71 GB
[ 3432.6s] IOs:   1002462438  IOPS:   292043  Throughput:  1140.8 MB/s  Total: 3824.09 GB
[ 3432.8s] IOs:   1002563078  IOPS:   292054  Throughput:  1140.8 MB/s  Total: 3824.47 GB
[ 3433.0s] IOs:   1002663523  IOPS:   292068  Throughput:  1140.9 MB/s  Total: 3824.86 GB
[ 3433.2s] IOs:   1002764437  IOPS:   292083  Throughput:  1140.9 MB/s  Total: 3825.24 GB
[ 3433.4s] IOs:   1002865105  IOPS:   292095  Throughput:  1141.0 MB/s  Total: 3825.63 GB
[ 3433.5s] IOs:   1002965323  IOPS:   292108  Throughput:  1141.0 MB/s  Total: 3826.01 GB
[ 3433.7s] IOs:   1003065832  IOPS:   292122  Throughput:  1141.1 MB/s  Total: 3826.39 GB
[ 3433.9s] IOs:   1003166278  IOPS:   292134  Throughput:  1141.1 MB/s  Total: 3826.78 GB
[ 3434.1s] IOs:   1003266829  IOPS:   292148  Throughput:  1141.2 MB/s  Total: 3827.16 GB
[ 3434.3s] IOs:   1003367745  IOPS:   292163  Throughput:  1141.3 MB/s  Total: 3827.54 GB
[ 3434.6s] IOs:   1003467820  IOPS:   292165  Throughput:  1141.3 MB/s  Total: 3827.93 GB
[ 3434.8s] IOs:   1003568464  IOPS:   292178  Throughput:  1141.3 MB/s  Total: 3828.31 GB
[ 3435.0s] IOs:   1003668837  IOPS:   292192  Throughput:  1141.4 MB/s  Total: 3828.69 GB
[ 3435.3s] IOs:   1003769321  IOPS:   292192  Throughput:  1141.4 MB/s  Total: 3829.08 GB
[ 3435.5s] IOs:   1003870157  IOPS:   292204  Throughput:  1141.4 MB/s  Total: 3829.46 GB
[ 3435.8s] IOs:   1003970985  IOPS:   292208  Throughput:  1141.4 MB/s  Total: 3829.85 GB
[ 3436.0s] IOs:   1004071975  IOPS:   292223  Throughput:  1141.5 MB/s  Total: 3830.23 GB
[ 3436.2s] IOs:   1004172611  IOPS:   292237  Throughput:  1141.6 MB/s  Total: 3830.61 GB
[ 3436.5s] IOs:   1004273229  IOPS:   292238  Throughput:  1141.6 MB/s  Total: 3831.00 GB
[ 3436.7s] IOs:   1004373936  IOPS:   292252  Throughput:  1141.6 MB/s  Total: 3831.38 GB
[ 3436.9s] IOs:   1004474643  IOPS:   292259  Throughput:  1141.6 MB/s  Total: 3831.77 GB
[ 3437.1s] IOs:   1004575251  IOPS:   292273  Throughput:  1141.7 MB/s  Total: 3832.15 GB
[ 3437.4s] IOs:   1004675899  IOPS:   292279  Throughput:  1141.7 MB/s  Total: 3832.53 GB
[ 3437.6s] IOs:   1004776492  IOPS:   292293  Throughput:  1141.8 MB/s  Total: 3832.92 GB
[ 3437.9s] IOs:   1004877296  IOPS:   292296  Throughput:  1141.8 MB/s  Total: 3833.30 GB
[ 3438.1s] IOs:   1004977578  IOPS:   292309  Throughput:  1141.8 MB/s  Total: 3833.69 GB
[ 3438.4s] IOs:   1005078125  IOPS:   292311  Throughput:  1141.8 MB/s  Total: 3834.07 GB
[ 3438.6s] IOs:   1005178311  IOPS:   292323  Throughput:  1141.9 MB/s  Total: 3834.45 GB
[ 3438.8s] IOs:   1005278866  IOPS:   292335  Throughput:  1141.9 MB/s  Total: 3834.83 GB
[ 3439.0s] IOs:   1005379802  IOPS:   292349  Throughput:  1142.0 MB/s  Total: 3835.22 GB
[ 3439.2s] IOs:   1005479892  IOPS:   292361  Throughput:  1142.0 MB/s  Total: 3835.60 GB
[ 3439.5s] IOs:   1005580819  IOPS:   292367  Throughput:  1142.1 MB/s  Total: 3835.99 GB
[ 3439.6s] IOs:   1005681581  IOPS:   292381  Throughput:  1142.1 MB/s  Total: 3836.37 GB
[ 3440.1s] IOs:   1005782037  IOPS:   292372  Throughput:  1142.1 MB/s  Total: 3836.75 GB
[ 3440.2s] IOs:   1005882531  IOPS:   292387  Throughput:  1142.1 MB/s  Total: 3837.14 GB
[ 3440.4s] IOs:   1005983374  IOPS:   292401  Throughput:  1142.2 MB/s  Total: 3837.52 GB
[ 3440.6s] IOs:   1006083974  IOPS:   292415  Throughput:  1142.2 MB/s  Total: 3837.91 GB
[ 3440.9s] IOs:   1006184916  IOPS:   292418  Throughput:  1142.3 MB/s  Total: 3838.29 GB
[ 3441.1s] IOs:   1006285370  IOPS:   292432  Throughput:  1142.3 MB/s  Total: 3838.67 GB
[ 3441.4s] IOs:   1006385946  IOPS:   292435  Throughput:  1142.3 MB/s  Total: 3839.06 GB
[ 3441.6s] IOs:   1006486906  IOPS:   292449  Throughput:  1142.4 MB/s  Total: 3839.44 GB
[ 3441.8s] IOs:   1006587787  IOPS:   292456  Throughput:  1142.4 MB/s  Total: 3839.83 GB
[ 3442.0s] IOs:   1006688150  IOPS:   292470  Throughput:  1142.5 MB/s  Total: 3840.21 GB
[ 3442.2s] IOs:   1006788517  IOPS:   292484  Throughput:  1142.5 MB/s  Total: 3840.59 GB
[ 3442.6s] IOs:   1006889491  IOPS:   292481  Throughput:  1142.5 MB/s  Total: 3840.98 GB
[ 3442.8s] IOs:   1006989778  IOPS:   292496  Throughput:  1142.6 MB/s  Total: 3841.36 GB
[ 3442.9s] IOs:   1007090165  IOPS:   292509  Throughput:  1142.6 MB/s  Total: 3841.74 GB
[ 3443.1s] IOs:   1007190805  IOPS:   292523  Throughput:  1142.7 MB/s  Total: 3842.13 GB
[ 3443.4s] IOs:   1007291494  IOPS:   292530  Throughput:  1142.7 MB/s  Total: 3842.51 GB
[ 3443.5s] IOs:   1007391995  IOPS:   292545  Throughput:  1142.8 MB/s  Total: 3842.90 GB
[ 3443.8s] IOs:   1007492607  IOPS:   292551  Throughput:  1142.8 MB/s  Total: 3843.28 GB
[ 3444.0s] IOs:   1007592854  IOPS:   292562  Throughput:  1142.8 MB/s  Total: 3843.66 GB
[ 3444.2s] IOs:   1007693115  IOPS:   292574  Throughput:  1142.9 MB/s  Total: 3844.04 GB
[Reader] Parsed 124000000 lines, distributed 1007738918 writes, unique 720.00 GB, skipped 76865798
[ 3444.4s] IOs:   1007793848  IOPS:   292588  Throughput:  1142.9 MB/s  Total: 3844.43 GB
[ 3444.6s] IOs:   1007894579  IOPS:   292603  Throughput:  1143.0 MB/s  Total: 3844.81 GB
[ 3444.8s] IOs:   1007995428  IOPS:   292612  Throughput:  1143.0 MB/s  Total: 3845.20 GB
[ 3445.0s] IOs:   1008095693  IOPS:   292626  Throughput:  1143.1 MB/s  Total: 3845.58 GB
[ 3445.2s] IOs:   1008196285  IOPS:   292639  Throughput:  1143.1 MB/s  Total: 3845.96 GB
[ 3445.4s] IOs:   1008296905  IOPS:   292653  Throughput:  1143.2 MB/s  Total: 3846.35 GB
[ 3445.5s] IOs:   1008397277  IOPS:   292667  Throughput:  1143.2 MB/s  Total: 3846.73 GB
[ 3445.7s] IOs:   1008497771  IOPS:   292682  Throughput:  1143.3 MB/s  Total: 3847.11 GB
[ 3446.0s] IOs:   1008598257  IOPS:   292691  Throughput:  1143.3 MB/s  Total: 3847.50 GB
[ 3446.6s] IOs:   1008698631  IOPS:   292664  Throughput:  1143.2 MB/s  Total: 3847.88 GB
[ 3446.8s] IOs:   1008799393  IOPS:   292674  Throughput:  1143.3 MB/s  Total: 3848.26 GB
[ 3447.0s] IOs:   1008900222  IOPS:   292689  Throughput:  1143.3 MB/s  Total: 3848.65 GB
[ 3447.2s] IOs:   1009001043  IOPS:   292703  Throughput:  1143.4 MB/s  Total: 3849.03 GB
[ 3447.6s] IOs:   1009101547  IOPS:   292698  Throughput:  1143.4 MB/s  Total: 3849.42 GB
[ 3447.8s] IOs:   1009202079  IOPS:   292710  Throughput:  1143.4 MB/s  Total: 3849.80 GB
[ 3448.1s] IOs:   1009302830  IOPS:   292715  Throughput:  1143.4 MB/s  Total: 3850.18 GB
[ 3448.6s] IOs:   1009403704  IOPS:   292702  Throughput:  1143.4 MB/s  Total: 3850.57 GB
[ 3448.7s] IOs:   1009504216  IOPS:   292717  Throughput:  1143.4 MB/s  Total: 3850.95 GB
[ 3449.2s] IOs:   1009604929  IOPS:   292711  Throughput:  1143.4 MB/s  Total: 3851.34 GB
[ 3449.5s] IOs:   1009705070  IOPS:   292711  Throughput:  1143.4 MB/s  Total: 3851.72 GB
[ 3449.7s] IOs:   1009805692  IOPS:   292725  Throughput:  1143.5 MB/s  Total: 3852.10 GB
[ 3450.1s] IOs:   1009906573  IOPS:   292720  Throughput:  1143.4 MB/s  Total: 3852.49 GB
[ 3450.3s] IOs:   1010007479  IOPS:   292734  Throughput:  1143.5 MB/s  Total: 3852.87 GB
[ 3450.6s] IOs:   1010108192  IOPS:   292734  Throughput:  1143.5 MB/s  Total: 3853.26 GB
[ 3450.8s] IOs:   1010208536  IOPS:   292749  Throughput:  1143.5 MB/s  Total: 3853.64 GB
[ 3451.2s] IOs:   1010309153  IOPS:   292743  Throughput:  1143.5 MB/s  Total: 3854.02 GB
[ 3451.5s] IOs:   1010409903  IOPS:   292746  Throughput:  1143.5 MB/s  Total: 3854.41 GB
[ 3451.7s] IOs:   1010510490  IOPS:   292753  Throughput:  1143.6 MB/s  Total: 3854.79 GB
[ 3452.4s] IOs:   1010611312  IOPS:   292728  Throughput:  1143.5 MB/s  Total: 3855.18 GB
[ 3452.6s] IOs:   1010711481  IOPS:   292742  Throughput:  1143.5 MB/s  Total: 3855.56 GB
[ 3452.8s] IOs:   1010811731  IOPS:   292753  Throughput:  1143.6 MB/s  Total: 3855.94 GB
[ 3453.0s] IOs:   1010912374  IOPS:   292768  Throughput:  1143.6 MB/s  Total: 3856.32 GB
[ 3453.3s] IOs:   1011012766  IOPS:   292766  Throughput:  1143.6 MB/s  Total: 3856.71 GB
[ 3453.5s] IOs:   1011113049  IOPS:   292781  Throughput:  1143.7 MB/s  Total: 3857.09 GB
[ 3453.8s] IOs:   1011213216  IOPS:   292783  Throughput:  1143.7 MB/s  Total: 3857.47 GB
[ 3454.0s] IOs:   1011313541  IOPS:   292796  Throughput:  1143.7 MB/s  Total: 3857.85 GB
[ 3454.3s] IOs:   1011414014  IOPS:   292799  Throughput:  1143.7 MB/s  Total: 3858.24 GB
[ 3454.5s] IOs:   1011514547  IOPS:   292812  Throughput:  1143.8 MB/s  Total: 3858.62 GB
[ 3454.8s] IOs:   1011615451  IOPS:   292812  Throughput:  1143.8 MB/s  Total: 3859.01 GB
[ 3455.0s] IOs:   1011716136  IOPS:   292826  Throughput:  1143.9 MB/s  Total: 3859.39 GB
[ 3455.3s] IOs:   1011816743  IOPS:   292832  Throughput:  1143.9 MB/s  Total: 3859.77 GB
[ 3455.5s] IOs:   1011917344  IOPS:   292846  Throughput:  1143.9 MB/s  Total: 3860.16 GB
[ 3455.8s] IOs:   1012018163  IOPS:   292849  Throughput:  1143.9 MB/s  Total: 3860.54 GB
[ 3455.9s] IOs:   1012118820  IOPS:   292863  Throughput:  1144.0 MB/s  Total: 3860.93 GB
[ 3456.1s] IOs:   1012218931  IOPS:   292876  Throughput:  1144.0 MB/s  Total: 3861.31 GB
[ 3456.4s] IOs:   1012319258  IOPS:   292882  Throughput:  1144.1 MB/s  Total: 3861.69 GB
[ 3457.0s] IOs:   1012419753  IOPS:   292859  Throughput:  1144.0 MB/s  Total: 3862.07 GB
[ 3457.2s] IOs:   1012520380  IOPS:   292873  Throughput:  1144.0 MB/s  Total: 3862.46 GB
[ 3457.4s] IOs:   1012620765  IOPS:   292883  Throughput:  1144.1 MB/s  Total: 3862.84 GB
[ 3457.6s] IOs:   1012721096  IOPS:   292897  Throughput:  1144.1 MB/s  Total: 3863.22 GB
[ 3458.1s] IOs:   1012821819  IOPS:   292888  Throughput:  1144.1 MB/s  Total: 3863.61 GB
[ 3458.2s] IOs:   1012922470  IOPS:   292902  Throughput:  1144.2 MB/s  Total: 3863.99 GB
[ 3458.9s] IOs:   1013023309  IOPS:   292878  Throughput:  1144.1 MB/s  Total: 3864.38 GB
[ 3459.5s] IOs:   1013123930  IOPS:   292854  Throughput:  1144.0 MB/s  Total: 3864.76 GB
[ 3460.0s] IOs:   1013224314  IOPS:   292841  Throughput:  1143.9 MB/s  Total: 3865.14 GB
[ 3460.5s] IOs:   1013325249  IOPS:   292827  Throughput:  1143.9 MB/s  Total: 3865.53 GB
[ 3461.0s] IOs:   1013425281  IOPS:   292813  Throughput:  1143.8 MB/s  Total: 3865.91 GB
[ 3461.5s] IOs:   1013526146  IOPS:   292800  Throughput:  1143.7 MB/s  Total: 3866.30 GB
[ 3461.9s] IOs:   1013626389  IOPS:   292799  Throughput:  1143.7 MB/s  Total: 3866.68 GB
[ 3462.1s] IOs:   1013726888  IOPS:   292809  Throughput:  1143.8 MB/s  Total: 3867.06 GB
[ 3462.3s] IOs:   1013827835  IOPS:   292818  Throughput:  1143.8 MB/s  Total: 3867.45 GB
[ 3462.5s] IOs:   1013928847  IOPS:   292827  Throughput:  1143.9 MB/s  Total: 3867.83 GB
[ 3462.8s] IOs:   1014029152  IOPS:   292837  Throughput:  1143.9 MB/s  Total: 3868.21 GB
[ 3463.0s] IOs:   1014129535  IOPS:   292847  Throughput:  1143.9 MB/s  Total: 3868.60 GB
[ 3463.2s] IOs:   1014229820  IOPS:   292857  Throughput:  1144.0 MB/s  Total: 3868.98 GB
[ 3463.5s] IOs:   1014330112  IOPS:   292866  Throughput:  1144.0 MB/s  Total: 3869.36 GB
[ 3463.7s] IOs:   1014430144  IOPS:   292877  Throughput:  1144.0 MB/s  Total: 3869.74 GB
[ 3464.0s] IOs:   1014530910  IOPS:   292883  Throughput:  1144.1 MB/s  Total: 3870.13 GB
[ 3464.2s] IOs:   1014631496  IOPS:   292891  Throughput:  1144.1 MB/s  Total: 3870.51 GB
[ 3464.4s] IOs:   1014731524  IOPS:   292901  Throughput:  1144.1 MB/s  Total: 3870.89 GB
[ 3464.7s] IOs:   1014831907  IOPS:   292909  Throughput:  1144.2 MB/s  Total: 3871.28 GB
[ 3465.0s] IOs:   1014932700  IOPS:   292913  Throughput:  1144.2 MB/s  Total: 3871.66 GB
[ 3465.2s] IOs:   1015033673  IOPS:   292924  Throughput:  1144.2 MB/s  Total: 3872.05 GB
[ 3465.5s] IOs:   1015134554  IOPS:   292928  Throughput:  1144.2 MB/s  Total: 3872.43 GB
[ 3465.7s] IOs:   1015235020  IOPS:   292938  Throughput:  1144.3 MB/s  Total: 3872.81 GB
[ 3466.0s] IOs:   1015335478  IOPS:   292942  Throughput:  1144.3 MB/s  Total: 3873.20 GB
[ 3466.2s] IOs:   1015436018  IOPS:   292953  Throughput:  1144.3 MB/s  Total: 3873.58 GB
[ 3466.5s] IOs:   1015536578  IOPS:   292961  Throughput:  1144.4 MB/s  Total: 3873.96 GB
[ 3466.7s] IOs:   1015637280  IOPS:   292971  Throughput:  1144.4 MB/s  Total: 3874.35 GB
[ 3466.9s] IOs:   1015737769  IOPS:   292982  Throughput:  1144.5 MB/s  Total: 3874.73 GB
[ 3467.1s] IOs:   1015838523  IOPS:   292993  Throughput:  1144.5 MB/s  Total: 3875.12 GB
[ 3467.5s] IOs:   1015939036  IOPS:   292989  Throughput:  1144.5 MB/s  Total: 3875.50 GB
[ 3467.7s] IOs:   1016039229  IOPS:   293000  Throughput:  1144.5 MB/s  Total: 3875.88 GB
[ 3468.0s] IOs:   1016139315  IOPS:   293004  Throughput:  1144.5 MB/s  Total: 3876.26 GB
[ 3468.2s] IOs:   1016239952  IOPS:   293016  Throughput:  1144.6 MB/s  Total: 3876.65 GB
[ 3468.5s] IOs:   1016340647  IOPS:   293018  Throughput:  1144.6 MB/s  Total: 3877.03 GB
[ 3468.7s] IOs:   1016440760  IOPS:   293031  Throughput:  1144.7 MB/s  Total: 3877.41 GB
[ 3469.0s] IOs:   1016541159  IOPS:   293033  Throughput:  1144.7 MB/s  Total: 3877.80 GB
[ 3469.4s] IOs:   1016642129  IOPS:   293034  Throughput:  1144.7 MB/s  Total: 3878.18 GB
[ 3469.5s] IOs:   1016742548  IOPS:   293048  Throughput:  1144.7 MB/s  Total: 3878.57 GB
[ 3469.9s] IOs:   1016842826  IOPS:   293050  Throughput:  1144.7 MB/s  Total: 3878.95 GB
[ 3470.0s] IOs:   1016943030  IOPS:   293064  Throughput:  1144.8 MB/s  Total: 3879.33 GB
[ 3470.2s] IOs:   1017043112  IOPS:   293077  Throughput:  1144.8 MB/s  Total: 3879.71 GB
[ 3470.5s] IOs:   1017144031  IOPS:   293081  Throughput:  1144.8 MB/s  Total: 3880.10 GB
[ 3470.7s] IOs:   1017244456  IOPS:   293095  Throughput:  1144.9 MB/s  Total: 3880.48 GB
[ 3471.0s] IOs:   1017344767  IOPS:   293100  Throughput:  1144.9 MB/s  Total: 3880.86 GB
[ 3471.2s] IOs:   1017445711  IOPS:   293114  Throughput:  1145.0 MB/s  Total: 3881.25 GB
[ 3471.4s] IOs:   1017546524  IOPS:   293120  Throughput:  1145.0 MB/s  Total: 3881.63 GB
[ 3471.6s] IOs:   1017646525  IOPS:   293133  Throughput:  1145.1 MB/s  Total: 3882.01 GB
[ 3471.9s] IOs:   1017747088  IOPS:   293142  Throughput:  1145.1 MB/s  Total: 3882.40 GB
[Reader] Parsed 125000000 lines, distributed 1017840531 writes, unique 720.00 GB, skipped 79073514
[ 3472.0s] IOs:   1017847376  IOPS:   293155  Throughput:  1145.1 MB/s  Total: 3882.78 GB
[ 3472.2s] IOs:   1017947690  IOPS:   293168  Throughput:  1145.2 MB/s  Total: 3883.16 GB
[ 3472.5s] IOs:   1018048050  IOPS:   293174  Throughput:  1145.2 MB/s  Total: 3883.55 GB
[ 3472.7s] IOs:   1018148667  IOPS:   293187  Throughput:  1145.3 MB/s  Total: 3883.93 GB
[ 3473.0s] IOs:   1018249008  IOPS:   293189  Throughput:  1145.3 MB/s  Total: 3884.31 GB
[ 3473.2s] IOs:   1018349500  IOPS:   293202  Throughput:  1145.3 MB/s  Total: 3884.70 GB
[ 3473.4s] IOs:   1018449674  IOPS:   293216  Throughput:  1145.4 MB/s  Total: 3885.08 GB
[ 3473.6s] IOs:   1018549705  IOPS:   293229  Throughput:  1145.4 MB/s  Total: 3885.46 GB
[ 3473.7s] IOs:   1018650217  IOPS:   293242  Throughput:  1145.5 MB/s  Total: 3885.84 GB
[ 3474.0s] IOs:   1018750446  IOPS:   293249  Throughput:  1145.5 MB/s  Total: 3886.22 GB
[ 3474.2s] IOs:   1018850960  IOPS:   293261  Throughput:  1145.5 MB/s  Total: 3886.61 GB
[ 3474.4s] IOs:   1018951201  IOPS:   293271  Throughput:  1145.6 MB/s  Total: 3886.99 GB
[ 3474.6s] IOs:   1019051757  IOPS:   293285  Throughput:  1145.6 MB/s  Total: 3887.37 GB
[ 3474.8s] IOs:   1019152229  IOPS:   293298  Throughput:  1145.7 MB/s  Total: 3887.76 GB
[ 3475.1s] IOs:   1019252229  IOPS:   293306  Throughput:  1145.7 MB/s  Total: 3888.14 GB
[ 3475.2s] IOs:   1019352532  IOPS:   293320  Throughput:  1145.8 MB/s  Total: 3888.52 GB
[ 3475.4s] IOs:   1019453158  IOPS:   293333  Throughput:  1145.8 MB/s  Total: 3888.91 GB
[ 3475.8s] IOs:   1019553647  IOPS:   293332  Throughput:  1145.8 MB/s  Total: 3889.29 GB
[ 3476.0s] IOs:   1019654595  IOPS:   293345  Throughput:  1145.9 MB/s  Total: 3889.67 GB
[ 3476.1s] IOs:   1019755634  IOPS:   293358  Throughput:  1145.9 MB/s  Total: 3890.06 GB
[ 3476.5s] IOs:   1019856211  IOPS:   293355  Throughput:  1145.9 MB/s  Total: 3890.44 GB
[ 3476.7s] IOs:   1019956844  IOPS:   293367  Throughput:  1146.0 MB/s  Total: 3890.83 GB
[ 3477.0s] IOs:   1020057669  IOPS:   293372  Throughput:  1146.0 MB/s  Total: 3891.21 GB
[ 3477.2s] IOs:   1020157962  IOPS:   293386  Throughput:  1146.0 MB/s  Total: 3891.59 GB
[ 3477.5s] IOs:   1020258580  IOPS:   293387  Throughput:  1146.0 MB/s  Total: 3891.98 GB
[ 3477.7s] IOs:   1020358623  IOPS:   293401  Throughput:  1146.1 MB/s  Total: 3892.36 GB
[ 3478.0s] IOs:   1020459291  IOPS:   293404  Throughput:  1146.1 MB/s  Total: 3892.74 GB
[ 3478.2s] IOs:   1020559729  IOPS:   293418  Throughput:  1146.2 MB/s  Total: 3893.13 GB
[ 3478.5s] IOs:   1020660665  IOPS:   293423  Throughput:  1146.2 MB/s  Total: 3893.51 GB
[ 3478.6s] IOs:   1020761290  IOPS:   293437  Throughput:  1146.2 MB/s  Total: 3893.90 GB
[ 3478.9s] IOs:   1020861933  IOPS:   293443  Throughput:  1146.3 MB/s  Total: 3894.28 GB
[ 3479.1s] IOs:   1020962327  IOPS:   293457  Throughput:  1146.3 MB/s  Total: 3894.66 GB
[ 3479.4s] IOs:   1021062635  IOPS:   293463  Throughput:  1146.3 MB/s  Total: 3895.04 GB
[ 3479.5s] IOs:   1021163329  IOPS:   293477  Throughput:  1146.4 MB/s  Total: 3895.43 GB
[ 3479.7s] IOs:   1021263917  IOPS:   293490  Throughput:  1146.4 MB/s  Total: 3895.81 GB
[ 3480.0s] IOs:   1021364204  IOPS:   293497  Throughput:  1146.5 MB/s  Total: 3896.20 GB
[ 3480.2s] IOs:   1021464674  IOPS:   293510  Throughput:  1146.5 MB/s  Total: 3896.58 GB
[ 3480.4s] IOs:   1021565106  IOPS:   293519  Throughput:  1146.6 MB/s  Total: 3896.96 GB
[ 3480.8s] IOs:   1021665448  IOPS:   293517  Throughput:  1146.6 MB/s  Total: 3897.34 GB
[ 3481.0s] IOs:   1021766095  IOPS:   293530  Throughput:  1146.6 MB/s  Total: 3897.73 GB
[ 3481.1s] IOs:   1021866382  IOPS:   293544  Throughput:  1146.7 MB/s  Total: 3898.11 GB
[ 3481.5s] IOs:   1021966885  IOPS:   293544  Throughput:  1146.7 MB/s  Total: 3898.49 GB
[ 3481.7s] IOs:   1022067481  IOPS:   293558  Throughput:  1146.7 MB/s  Total: 3898.88 GB
[ 3482.0s] IOs:   1022168400  IOPS:   293555  Throughput:  1146.7 MB/s  Total: 3899.26 GB
[ 3482.2s] IOs:   1022268965  IOPS:   293568  Throughput:  1146.8 MB/s  Total: 3899.65 GB
[ 3482.5s] IOs:   1022369514  IOPS:   293576  Throughput:  1146.8 MB/s  Total: 3900.03 GB
[ 3482.7s] IOs:   1022470179  IOPS:   293589  Throughput:  1146.8 MB/s  Total: 3900.41 GB
[ 3482.9s] IOs:   1022570576  IOPS:   293594  Throughput:  1146.9 MB/s  Total: 3900.80 GB
[ 3483.1s] IOs:   1022670764  IOPS:   293606  Throughput:  1146.9 MB/s  Total: 3901.18 GB
[ 3483.4s] IOs:   1022771657  IOPS:   293610  Throughput:  1146.9 MB/s  Total: 3901.56 GB
[ 3483.6s] IOs:   1022871814  IOPS:   293623  Throughput:  1147.0 MB/s  Total: 3901.95 GB
[ 3483.9s] IOs:   1022972218  IOPS:   293628  Throughput:  1147.0 MB/s  Total: 3902.33 GB
[ 3484.1s] IOs:   1023072266  IOPS:   293641  Throughput:  1147.0 MB/s  Total: 3902.71 GB
[ 3484.4s] IOs:   1023173085  IOPS:   293647  Throughput:  1147.1 MB/s  Total: 3903.10 GB
[ 3484.6s] IOs:   1023273890  IOPS:   293657  Throughput:  1147.1 MB/s  Total: 3903.48 GB
[ 3484.8s] IOs:   1023374710  IOPS:   293671  Throughput:  1147.2 MB/s  Total: 3903.86 GB
[ 3485.1s] IOs:   1023474982  IOPS:   293673  Throughput:  1147.2 MB/s  Total: 3904.25 GB
[ 3485.3s] IOs:   1023575739  IOPS:   293687  Throughput:  1147.2 MB/s  Total: 3904.63 GB
[ 3485.4s] IOs:   1023675882  IOPS:   293701  Throughput:  1147.3 MB/s  Total: 3905.01 GB
[ 3485.6s] IOs:   1023776710  IOPS:   293714  Throughput:  1147.3 MB/s  Total: 3905.40 GB
[ 3485.9s] IOs:   1023877394  IOPS:   293722  Throughput:  1147.4 MB/s  Total: 3905.78 GB
[ 3486.1s] IOs:   1023977671  IOPS:   293733  Throughput:  1147.4 MB/s  Total: 3906.16 GB
[ 3486.3s] IOs:   1024078024  IOPS:   293747  Throughput:  1147.4 MB/s  Total: 3906.55 GB
[ 3486.5s] IOs:   1024178560  IOPS:   293759  Throughput:  1147.5 MB/s  Total: 3906.93 GB
[ 3486.6s] IOs:   1024278622  IOPS:   293773  Throughput:  1147.5 MB/s  Total: 3907.31 GB
[ 3486.9s] IOs:   1024379121  IOPS:   293779  Throughput:  1147.6 MB/s  Total: 3907.70 GB
[ 3487.1s] IOs:   1024479768  IOPS:   293793  Throughput:  1147.6 MB/s  Total: 3908.08 GB
[ 3487.2s] IOs:   1024580124  IOPS:   293808  Throughput:  1147.7 MB/s  Total: 3908.46 GB
[ 3487.5s] IOs:   1024680915  IOPS:   293815  Throughput:  1147.7 MB/s  Total: 3908.85 GB
[ 3487.7s] IOs:   1024781031  IOPS:   293829  Throughput:  1147.8 MB/s  Total: 3909.23 GB
[ 3487.9s] IOs:   1024881857  IOPS:   293841  Throughput:  1147.8 MB/s  Total: 3909.61 GB
[ 3488.2s] IOs:   1024982122  IOPS:   293841  Throughput:  1147.8 MB/s  Total: 3910.00 GB
[ 3488.4s] IOs:   1025082903  IOPS:   293853  Throughput:  1147.9 MB/s  Total: 3910.38 GB
[ 3488.6s] IOs:   1025182942  IOPS:   293867  Throughput:  1147.9 MB/s  Total: 3910.76 GB
[ 3489.0s] IOs:   1025283019  IOPS:   293864  Throughput:  1147.9 MB/s  Total: 3911.14 GB
[ 3489.1s] IOs:   1025383521  IOPS:   293878  Throughput:  1148.0 MB/s  Total: 3911.53 GB
[ 3489.5s] IOs:   1025484096  IOPS:   293881  Throughput:  1148.0 MB/s  Total: 3911.91 GB
[ 3489.6s] IOs:   1025584477  IOPS:   293893  Throughput:  1148.0 MB/s  Total: 3912.29 GB
[ 3490.0s] IOs:   1025685068  IOPS:   293895  Throughput:  1148.0 MB/s  Total: 3912.68 GB
[ 3490.2s] IOs:   1025785523  IOPS:   293908  Throughput:  1148.1 MB/s  Total: 3913.06 GB
[ 3490.5s] IOs:   1025886164  IOPS:   293910  Throughput:  1148.1 MB/s  Total: 3913.45 GB
[ 3490.7s] IOs:   1025986639  IOPS:   293923  Throughput:  1148.1 MB/s  Total: 3913.83 GB
[ 3490.9s] IOs:   1026087268  IOPS:   293928  Throughput:  1148.2 MB/s  Total: 3914.21 GB
[ 3491.1s] IOs:   1026187718  IOPS:   293942  Throughput:  1148.2 MB/s  Total: 3914.60 GB
[ 3491.4s] IOs:   1026288504  IOPS:   293946  Throughput:  1148.2 MB/s  Total: 3914.98 GB
[ 3491.6s] IOs:   1026389498  IOPS:   293959  Throughput:  1148.3 MB/s  Total: 3915.37 GB
[ 3491.9s] IOs:   1026490355  IOPS:   293965  Throughput:  1148.3 MB/s  Total: 3915.75 GB
[ 3492.1s] IOs:   1026591201  IOPS:   293976  Throughput:  1148.3 MB/s  Total: 3916.13 GB
[ 3492.3s] IOs:   1026691982  IOPS:   293989  Throughput:  1148.4 MB/s  Total: 3916.52 GB
[ 3492.5s] IOs:   1026792853  IOPS:   294000  Throughput:  1148.4 MB/s  Total: 3916.90 GB
[ 3492.7s] IOs:   1026893703  IOPS:   294011  Throughput:  1148.5 MB/s  Total: 3917.29 GB
[ 3492.9s] IOs:   1026994597  IOPS:   294023  Throughput:  1148.5 MB/s  Total: 3917.67 GB
[ 3493.2s] IOs:   1027094612  IOPS:   294024  Throughput:  1148.5 MB/s  Total: 3918.06 GB
[ 3493.4s] IOs:   1027195174  IOPS:   294038  Throughput:  1148.6 MB/s  Total: 3918.44 GB
[ 3493.6s] IOs:   1027295954  IOPS:   294052  Throughput:  1148.6 MB/s  Total: 3918.82 GB
[ 3493.9s] IOs:   1027396347  IOPS:   294055  Throughput:  1148.7 MB/s  Total: 3919.21 GB
[ 3494.1s] IOs:   1027496400  IOPS:   294068  Throughput:  1148.7 MB/s  Total: 3919.59 GB
[ 3494.2s] IOs:   1027596623  IOPS:   294082  Throughput:  1148.8 MB/s  Total: 3919.97 GB
[ 3494.6s] IOs:   1027697334  IOPS:   294081  Throughput:  1148.8 MB/s  Total: 3920.35 GB
[ 3494.8s] IOs:   1027798009  IOPS:   294094  Throughput:  1148.8 MB/s  Total: 3920.74 GB
[ 3495.0s] IOs:   1027898459  IOPS:   294106  Throughput:  1148.9 MB/s  Total: 3921.12 GB
[ 3495.2s] IOs:   1027998517  IOPS:   294119  Throughput:  1148.9 MB/s  Total: 3921.50 GB
[ 3495.4s] IOs:   1028099332  IOPS:   294128  Throughput:  1148.9 MB/s  Total: 3921.89 GB
[ 3495.6s] IOs:   1028199402  IOPS:   294142  Throughput:  1149.0 MB/s  Total: 3922.27 GB
[ 3495.8s] IOs:   1028299751  IOPS:   294156  Throughput:  1149.0 MB/s  Total: 3922.65 GB
[ 3496.0s] IOs:   1028400196  IOPS:   294164  Throughput:  1149.1 MB/s  Total: 3923.04 GB
[ 3496.2s] IOs:   1028501198  IOPS:   294178  Throughput:  1149.1 MB/s  Total: 3923.42 GB
[ 3496.5s] IOs:   1028601726  IOPS:   294177  Throughput:  1149.1 MB/s  Total: 3923.80 GB
[ 3496.7s] IOs:   1028702560  IOPS:   294190  Throughput:  1149.2 MB/s  Total: 3924.19 GB
[ 3497.1s] IOs:   1028803297  IOPS:   294190  Throughput:  1149.2 MB/s  Total: 3924.57 GB
[ 3497.3s] IOs:   1028903867  IOPS:   294204  Throughput:  1149.2 MB/s  Total: 3924.96 GB
[ 3497.5s] IOs:   1029004444  IOPS:   294207  Throughput:  1149.2 MB/s  Total: 3925.34 GB
[ 3497.7s] IOs:   1029105061  IOPS:   294220  Throughput:  1149.3 MB/s  Total: 3925.72 GB
[ 3498.1s] IOs:   1029205440  IOPS:   294220  Throughput:  1149.3 MB/s  Total: 3926.11 GB
[ 3498.3s] IOs:   1029306234  IOPS:   294232  Throughput:  1149.3 MB/s  Total: 3926.49 GB
[ 3498.6s] IOs:   1029406523  IOPS:   294237  Throughput:  1149.4 MB/s  Total: 3926.87 GB
[ 3498.8s] IOs:   1029507414  IOPS:   294250  Throughput:  1149.4 MB/s  Total: 3927.26 GB
[ 3499.0s] IOs:   1029608371  IOPS:   294257  Throughput:  1149.4 MB/s  Total: 3927.64 GB
[ 3499.2s] IOs:   1029708419  IOPS:   294270  Throughput:  1149.5 MB/s  Total: 3928.03 GB
[ 3499.5s] IOs:   1029809042  IOPS:   294277  Throughput:  1149.5 MB/s  Total: 3928.41 GB
[ 3499.7s] IOs:   1029909505  IOPS:   294287  Throughput:  1149.6 MB/s  Total: 3928.79 GB
[ 3499.9s] IOs:   1030009763  IOPS:   294299  Throughput:  1149.6 MB/s  Total: 3929.18 GB
[ 3500.1s] IOs:   1030110391  IOPS:   294312  Throughput:  1149.7 MB/s  Total: 3929.56 GB
[ 3500.2s] IOs:   1030211077  IOPS:   294326  Throughput:  1149.7 MB/s  Total: 3929.94 GB
[Reader] Parsed 126000000 lines, distributed 1030244112 writes, unique 720.00 GB, skipped 81033764
[ 3500.9s] IOs:   1030311651  IOPS:   294300  Throughput:  1149.6 MB/s  Total: 3930.33 GB
[ 3501.1s] IOs:   1030412107  IOPS:   294312  Throughput:  1149.7 MB/s  Total: 3930.71 GB
[ 3501.3s] IOs:   1030512946  IOPS:   294326  Throughput:  1149.7 MB/s  Total: 3931.09 GB
[ 3501.4s] IOs:   1030613386  IOPS:   294339  Throughput:  1149.8 MB/s  Total: 3931.48 GB
[ 3501.7s] IOs:   1030713419  IOPS:   294346  Throughput:  1149.8 MB/s  Total: 3931.86 GB
[ 3501.9s] IOs:   1030813731  IOPS:   294360  Throughput:  1149.8 MB/s  Total: 3932.24 GB
[ 3502.1s] IOs:   1030914110  IOPS:   294369  Throughput:  1149.9 MB/s  Total: 3932.63 GB
[ 3502.3s] IOs:   1031014537  IOPS:   294383  Throughput:  1149.9 MB/s  Total: 3933.01 GB
[ 3502.5s] IOs:   1031115200  IOPS:   294396  Throughput:  1150.0 MB/s  Total: 3933.39 GB
[ 3502.7s] IOs:   1031215752  IOPS:   294405  Throughput:  1150.0 MB/s  Total: 3933.78 GB
[ 3502.9s] IOs:   1031315893  IOPS:   294419  Throughput:  1150.1 MB/s  Total: 3934.16 GB
[ 3503.1s] IOs:   1031416247  IOPS:   294433  Throughput:  1150.1 MB/s  Total: 3934.54 GB
[ 3503.3s] IOs:   1031516836  IOPS:   294445  Throughput:  1150.2 MB/s  Total: 3934.92 GB
[ 3503.6s] IOs:   1031617667  IOPS:   294445  Throughput:  1150.2 MB/s  Total: 3935.31 GB
[ 3503.8s] IOs:   1031718453  IOPS:   294459  Throughput:  1150.2 MB/s  Total: 3935.69 GB
[ 3506.0s] IOs:   1031818691  IOPS:   294301  Throughput:  1149.6 MB/s  Total: 3936.08 GB
[ 3506.2s] IOs:   1031919272  IOPS:   294313  Throughput:  1149.7 MB/s  Total: 3936.46 GB
[ 3506.5s] IOs:   1032019875  IOPS:   294314  Throughput:  1149.7 MB/s  Total: 3936.84 GB
[ 3506.7s] IOs:   1032120506  IOPS:   294328  Throughput:  1149.7 MB/s  Total: 3937.23 GB
[ 3507.2s] IOs:   1032221093  IOPS:   294318  Throughput:  1149.7 MB/s  Total: 3937.61 GB
[ 3507.4s] IOs:   1032321785  IOPS:   294324  Throughput:  1149.7 MB/s  Total: 3938.00 GB
[ 3507.6s] IOs:   1032422444  IOPS:   294338  Throughput:  1149.8 MB/s  Total: 3938.38 GB
[ 3508.0s] IOs:   1032522945  IOPS:   294334  Throughput:  1149.7 MB/s  Total: 3938.76 GB
[ 3508.9s] IOs:   1032623873  IOPS:   294285  Throughput:  1149.5 MB/s  Total: 3939.15 GB
[ 3509.6s] IOs:   1032724518  IOPS:   294257  Throughput:  1149.4 MB/s  Total: 3939.53 GB
[ 3510.5s] IOs:   1032825189  IOPS:   294213  Throughput:  1149.3 MB/s  Total: 3939.92 GB
[ 3511.0s] IOs:   1032925705  IOPS:   294194  Throughput:  1149.2 MB/s  Total: 3940.30 GB
[ 3511.6s] IOs:   1033026386  IOPS:   294177  Throughput:  1149.1 MB/s  Total: 3940.68 GB
[ 3512.4s] IOs:   1033127086  IOPS:   294135  Throughput:  1149.0 MB/s  Total: 3941.07 GB
[ 3513.1s] IOs:   1033227946  IOPS:   294104  Throughput:  1148.8 MB/s  Total: 3941.45 GB
[ 3513.6s] IOs:   1033328737  IOPS:   294093  Throughput:  1148.8 MB/s  Total: 3941.84 GB
[ 3514.2s] IOs:   1033429428  IOPS:   294076  Throughput:  1148.7 MB/s  Total: 3942.22 GB
[ 3514.7s] IOs:   1033530206  IOPS:   294061  Throughput:  1148.7 MB/s  Total: 3942.60 GB
[ 3515.2s] IOs:   1033630646  IOPS:   294049  Throughput:  1148.6 MB/s  Total: 3942.99 GB
[ 3515.7s] IOs:   1033731061  IOPS:   294033  Throughput:  1148.6 MB/s  Total: 3943.37 GB
[ 3516.6s] IOs:   1033832020  IOPS:   293986  Throughput:  1148.4 MB/s  Total: 3943.76 GB
[ 3516.9s] IOs:   1033932751  IOPS:   293987  Throughput:  1148.4 MB/s  Total: 3944.14 GB
[ 3517.1s] IOs:   1034033532  IOPS:   293998  Throughput:  1148.4 MB/s  Total: 3944.52 GB
[ 3517.7s] IOs:   1034134520  IOPS:   293982  Throughput:  1148.4 MB/s  Total: 3944.91 GB
[ 3518.2s] IOs:   1034235419  IOPS:   293969  Throughput:  1148.3 MB/s  Total: 3945.30 GB
[ 3518.5s] IOs:   1034336206  IOPS:   293971  Throughput:  1148.3 MB/s  Total: 3945.68 GB
[ 3518.9s] IOs:   1034436959  IOPS:   293963  Throughput:  1148.3 MB/s  Total: 3946.06 GB
[ 3519.2s] IOs:   1034537792  IOPS:   293966  Throughput:  1148.3 MB/s  Total: 3946.45 GB
[ 3519.6s] IOs:   1034638386  IOPS:   293966  Throughput:  1148.3 MB/s  Total: 3946.83 GB
[ 3520.0s] IOs:   1034739053  IOPS:   293964  Throughput:  1148.3 MB/s  Total: 3947.22 GB
[ 3521.0s] IOs:   1034839684  IOPS:   293909  Throughput:  1148.1 MB/s  Total: 3947.60 GB
[ 3521.6s] IOs:   1034940199  IOPS:   293884  Throughput:  1148.0 MB/s  Total: 3947.98 GB
[ 3522.6s] IOs:   1035040412  IOPS:   293832  Throughput:  1147.8 MB/s  Total: 3948.37 GB
[ 3523.5s] IOs:   1035141186  IOPS:   293785  Throughput:  1147.6 MB/s  Total: 3948.75 GB
[ 3524.1s] IOs:   1035241916  IOPS:   293758  Throughput:  1147.5 MB/s  Total: 3949.13 GB
[ 3524.9s] IOs:   1035342252  IOPS:   293720  Throughput:  1147.3 MB/s  Total: 3949.52 GB
[ 3525.5s] IOs:   1035443145  IOPS:   293697  Throughput:  1147.3 MB/s  Total: 3949.90 GB
[ 3526.1s] IOs:   1035543635  IOPS:   293677  Throughput:  1147.2 MB/s  Total: 3950.29 GB
[ 3526.6s] IOs:   1035644591  IOPS:   293667  Throughput:  1147.1 MB/s  Total: 3950.67 GB
[ 3527.4s] IOs:   1035745392  IOPS:   293626  Throughput:  1147.0 MB/s  Total: 3951.06 GB
[ 3528.1s] IOs:   1035845956  IOPS:   293602  Throughput:  1146.9 MB/s  Total: 3951.44 GB
[ 3528.6s] IOs:   1035946745  IOPS:   293583  Throughput:  1146.8 MB/s  Total: 3951.82 GB
[ 3529.1s] IOs:   1036047299  IOPS:   293572  Throughput:  1146.8 MB/s  Total: 3952.21 GB
[ 3529.6s] IOs:   1036147977  IOPS:   293557  Throughput:  1146.7 MB/s  Total: 3952.59 GB
[ 3530.1s] IOs:   1036248861  IOPS:   293545  Throughput:  1146.7 MB/s  Total: 3952.98 GB
[ 3530.7s] IOs:   1036349348  IOPS:   293529  Throughput:  1146.6 MB/s  Total: 3953.36 GB
[ 3531.1s] IOs:   1036449570  IOPS:   293518  Throughput:  1146.6 MB/s  Total: 3953.74 GB
[ 3531.6s] IOs:   1036550334  IOPS:   293509  Throughput:  1146.5 MB/s  Total: 3954.13 GB
[ 3532.1s] IOs:   1036650958  IOPS:   293493  Throughput:  1146.5 MB/s  Total: 3954.51 GB
[ 3532.7s] IOs:   1036751949  IOPS:   293475  Throughput:  1146.4 MB/s  Total: 3954.89 GB
[ 3533.0s] IOs:   1036852392  IOPS:   293474  Throughput:  1146.4 MB/s  Total: 3955.28 GB
[ 3533.7s] IOs:   1036953018  IOPS:   293450  Throughput:  1146.3 MB/s  Total: 3955.66 GB
[ 3534.0s] IOs:   1037053352  IOPS:   293452  Throughput:  1146.3 MB/s  Total: 3956.04 GB
[ 3534.2s] IOs:   1037153727  IOPS:   293459  Throughput:  1146.3 MB/s  Total: 3956.43 GB
[ 3534.7s] IOs:   1037254307  IOPS:   293449  Throughput:  1146.3 MB/s  Total: 3956.81 GB
[ 3535.1s] IOs:   1037354807  IOPS:   293445  Throughput:  1146.3 MB/s  Total: 3957.19 GB
[ 3535.6s] IOs:   1037455143  IOPS:   293434  Throughput:  1146.2 MB/s  Total: 3957.58 GB
[ 3535.9s] IOs:   1037556118  IOPS:   293435  Throughput:  1146.2 MB/s  Total: 3957.96 GB
[ 3536.1s] IOs:   1037656797  IOPS:   293445  Throughput:  1146.3 MB/s  Total: 3958.35 GB
[ 3536.6s] IOs:   1037757484  IOPS:   293437  Throughput:  1146.2 MB/s  Total: 3958.73 GB
[ 3536.8s] IOs:   1037858156  IOPS:   293447  Throughput:  1146.3 MB/s  Total: 3959.11 GB
[ 3537.1s] IOs:   1037958535  IOPS:   293448  Throughput:  1146.3 MB/s  Total: 3959.50 GB
[ 3537.5s] IOs:   1038058794  IOPS:   293447  Throughput:  1146.3 MB/s  Total: 3959.88 GB
[ 3537.9s] IOs:   1038159552  IOPS:   293438  Throughput:  1146.2 MB/s  Total: 3960.26 GB
[ 3538.1s] IOs:   1038260211  IOPS:   293447  Throughput:  1146.3 MB/s  Total: 3960.65 GB
[ 3538.7s] IOs:   1038361111  IOPS:   293432  Throughput:  1146.2 MB/s  Total: 3961.03 GB
[ 3539.1s] IOs:   1038461747  IOPS:   293422  Throughput:  1146.2 MB/s  Total: 3961.42 GB
[ 3539.6s] IOs:   1038562222  IOPS:   293415  Throughput:  1146.2 MB/s  Total: 3961.80 GB
[ 3539.9s] IOs:   1038662733  IOPS:   293412  Throughput:  1146.1 MB/s  Total: 3962.18 GB
[ 3540.2s] IOs:   1038763118  IOPS:   293422  Throughput:  1146.2 MB/s  Total: 3962.57 GB
[ 3540.6s] IOs:   1038864008  IOPS:   293412  Throughput:  1146.1 MB/s  Total: 3962.95 GB
[ 3541.0s] IOs:   1038964397  IOPS:   293411  Throughput:  1146.1 MB/s  Total: 3963.33 GB
[ 3541.3s] IOs:   1039064599  IOPS:   293417  Throughput:  1146.2 MB/s  Total: 3963.72 GB
[ 3541.6s] IOs:   1039164751  IOPS:   293417  Throughput:  1146.2 MB/s  Total: 3964.10 GB
[ 3542.0s] IOs:   1039265211  IOPS:   293416  Throughput:  1146.2 MB/s  Total: 3964.48 GB
[ 3542.2s] IOs:   1039365862  IOPS:   293424  Throughput:  1146.2 MB/s  Total: 3964.87 GB
[ 3542.5s] IOs:   1039466261  IOPS:   293425  Throughput:  1146.2 MB/s  Total: 3965.25 GB
[ 3542.7s] IOs:   1039566621  IOPS:   293436  Throughput:  1146.2 MB/s  Total: 3965.63 GB
[ 3543.1s] IOs:   1039666953  IOPS:   293433  Throughput:  1146.2 MB/s  Total: 3966.01 GB
[ 3543.3s] IOs:   1039767926  IOPS:   293443  Throughput:  1146.3 MB/s  Total: 3966.40 GB
[ 3543.6s] IOs:   1039868796  IOPS:   293450  Throughput:  1146.3 MB/s  Total: 3966.78 GB
[ 3543.9s] IOs:   1039969153  IOPS:   293450  Throughput:  1146.3 MB/s  Total: 3967.17 GB
[ 3544.2s] IOs:   1040069276  IOPS:   293457  Throughput:  1146.3 MB/s  Total: 3967.55 GB
[ 3544.6s] IOs:   1040169930  IOPS:   293452  Throughput:  1146.3 MB/s  Total: 3967.93 GB
[ 3544.8s] IOs:   1040270708  IOPS:   293462  Throughput:  1146.3 MB/s  Total: 3968.32 GB
[ 3545.1s] IOs:   1040371360  IOPS:   293468  Throughput:  1146.4 MB/s  Total: 3968.70 GB
[ 3545.3s] IOs:   1040471950  IOPS:   293479  Throughput:  1146.4 MB/s  Total: 3969.09 GB
[Reader] Parsed 127000000 lines, distributed 1040506168 writes, unique 720.00 GB, skipped 83368371
[ 3545.6s] IOs:   1040572507  IOPS:   293479  Throughput:  1146.4 MB/s  Total: 3969.47 GB
[ 3546.0s] IOs:   1040672993  IOPS:   293477  Throughput:  1146.4 MB/s  Total: 3969.85 GB
[ 3546.3s] IOs:   1040773714  IOPS:   293482  Throughput:  1146.4 MB/s  Total: 3970.24 GB
[ 3546.5s] IOs:   1040874248  IOPS:   293493  Throughput:  1146.5 MB/s  Total: 3970.62 GB
[ 3546.8s] IOs:   1040974941  IOPS:   293500  Throughput:  1146.5 MB/s  Total: 3971.00 GB
[ 3547.0s] IOs:   1041075291  IOPS:   293507  Throughput:  1146.5 MB/s  Total: 3971.39 GB
[ 3547.3s] IOs:   1041175898  IOPS:   293516  Throughput:  1146.5 MB/s  Total: 3971.77 GB
[ 3547.5s] IOs:   1041276134  IOPS:   293520  Throughput:  1146.6 MB/s  Total: 3972.15 GB
[ 3547.9s] IOs:   1041376815  IOPS:   293516  Throughput:  1146.5 MB/s  Total: 3972.54 GB
[ 3548.2s] IOs:   1041477624  IOPS:   293525  Throughput:  1146.6 MB/s  Total: 3972.92 GB
[ 3548.7s] IOs:   1041578272  IOPS:   293510  Throughput:  1146.5 MB/s  Total: 3973.31 GB
[ 3549.0s] IOs:   1041678594  IOPS:   293516  Throughput:  1146.5 MB/s  Total: 3973.69 GB
[ 3549.3s] IOs:   1041779272  IOPS:   293520  Throughput:  1146.6 MB/s  Total: 3974.07 GB
[ 3549.6s] IOs:   1041880107  IOPS:   293523  Throughput:  1146.6 MB/s  Total: 3974.46 GB
[ 3549.8s] IOs:   1041981073  IOPS:   293533  Throughput:  1146.6 MB/s  Total: 3974.84 GB
[ 3550.2s] IOs:   1042081521  IOPS:   293531  Throughput:  1146.6 MB/s  Total: 3975.23 GB
[ 3550.5s] IOs:   1042181711  IOPS:   293531  Throughput:  1146.6 MB/s  Total: 3975.61 GB
[ 3550.8s] IOs:   1042281899  IOPS:   293538  Throughput:  1146.6 MB/s  Total: 3975.99 GB
[ 3551.0s] IOs:   1042382390  IOPS:   293543  Throughput:  1146.7 MB/s  Total: 3976.37 GB
[ 3551.3s] IOs:   1042482904  IOPS:   293552  Throughput:  1146.7 MB/s  Total: 3976.76 GB
[ 3551.6s] IOs:   1042583728  IOPS:   293557  Throughput:  1146.7 MB/s  Total: 3977.14 GB
[ 3551.8s] IOs:   1042683971  IOPS:   293566  Throughput:  1146.7 MB/s  Total: 3977.52 GB
[ 3552.2s] IOs:   1042784196  IOPS:   293558  Throughput:  1146.7 MB/s  Total: 3977.91 GB
[ 3552.4s] IOs:   1042884854  IOPS:   293568  Throughput:  1146.8 MB/s  Total: 3978.29 GB
[ 3552.7s] IOs:   1042984866  IOPS:   293579  Throughput:  1146.8 MB/s  Total: 3978.67 GB
[ 3553.1s] IOs:   1043085739  IOPS:   293573  Throughput:  1146.8 MB/s  Total: 3979.06 GB
[ 3553.3s] IOs:   1043186188  IOPS:   293582  Throughput:  1146.8 MB/s  Total: 3979.44 GB
[ 3553.7s] IOs:   1043286387  IOPS:   293580  Throughput:  1146.8 MB/s  Total: 3979.82 GB
[ 3554.0s] IOs:   1043386894  IOPS:   293583  Throughput:  1146.8 MB/s  Total: 3980.21 GB
[ 3554.2s] IOs:   1043487455  IOPS:   293594  Throughput:  1146.9 MB/s  Total: 3980.59 GB
[ 3554.5s] IOs:   1043587827  IOPS:   293594  Throughput:  1146.9 MB/s  Total: 3980.97 GB
[ 3554.9s] IOs:   1043688233  IOPS:   293593  Throughput:  1146.8 MB/s  Total: 3981.35 GB
[ 3555.1s] IOs:   1043789245  IOPS:   293604  Throughput:  1146.9 MB/s  Total: 3981.74 GB
[ 3555.3s] IOs:   1043889870  IOPS:   293614  Throughput:  1146.9 MB/s  Total: 3982.12 GB
[ 3555.6s] IOs:   1043990337  IOPS:   293615  Throughput:  1146.9 MB/s  Total: 3982.51 GB
[ 3556.0s] IOs:   1044091281  IOPS:   293617  Throughput:  1146.9 MB/s  Total: 3982.89 GB
[ 3556.2s] IOs:   1044191773  IOPS:   293625  Throughput:  1147.0 MB/s  Total: 3983.28 GB
[ 3556.5s] IOs:   1044292342  IOPS:   293630  Throughput:  1147.0 MB/s  Total: 3983.66 GB
[ 3556.7s] IOs:   1044393171  IOPS:   293641  Throughput:  1147.0 MB/s  Total: 3984.04 GB
[ 3557.0s] IOs:   1044494063  IOPS:   293646  Throughput:  1147.1 MB/s  Total: 3984.43 GB
[ 3557.2s] IOs:   1044594405  IOPS:   293657  Throughput:  1147.1 MB/s  Total: 3984.81 GB
[ 3557.5s] IOs:   1044694837  IOPS:   293660  Throughput:  1147.1 MB/s  Total: 3985.19 GB
[ 3557.7s] IOs:   1044795486  IOPS:   293670  Throughput:  1147.1 MB/s  Total: 3985.58 GB
[ 3558.0s] IOs:   1044896013  IOPS:   293675  Throughput:  1147.2 MB/s  Total: 3985.96 GB
[ 3558.5s] IOs:   1044996816  IOPS:   293664  Throughput:  1147.1 MB/s  Total: 3986.35 GB
[ 3558.7s] IOs:   1045097471  IOPS:   293673  Throughput:  1147.2 MB/s  Total: 3986.73 GB
[ 3559.3s] IOs:   1045198362  IOPS:   293655  Throughput:  1147.1 MB/s  Total: 3987.12 GB
[ 3559.6s] IOs:   1045298458  IOPS:   293656  Throughput:  1147.1 MB/s  Total: 3987.50 GB
[ 3560.1s] IOs:   1045398884  IOPS:   293640  Throughput:  1147.0 MB/s  Total: 3987.88 GB
[ 3560.4s] IOs:   1045499221  IOPS:   293647  Throughput:  1147.1 MB/s  Total: 3988.26 GB
[ 3560.7s] IOs:   1045599835  IOPS:   293652  Throughput:  1147.1 MB/s  Total: 3988.65 GB
[ 3561.1s] IOs:   1045700632  IOPS:   293641  Throughput:  1147.0 MB/s  Total: 3989.03 GB
[ 3561.4s] IOs:   1045800935  IOPS:   293650  Throughput:  1147.1 MB/s  Total: 3989.41 GB
[ 3561.7s] IOs:   1045901252  IOPS:   293654  Throughput:  1147.1 MB/s  Total: 3989.80 GB
[ 3562.0s] IOs:   1046001755  IOPS:   293652  Throughput:  1147.1 MB/s  Total: 3990.18 GB
[ 3562.4s] IOs:   1046102422  IOPS:   293654  Throughput:  1147.1 MB/s  Total: 3990.56 GB
[ 3562.7s] IOs:   1046202910  IOPS:   293656  Throughput:  1147.1 MB/s  Total: 3990.95 GB
[ 3563.1s] IOs:   1046303258  IOPS:   293648  Throughput:  1147.1 MB/s  Total: 3991.33 GB
[ 3563.7s] IOs:   1046403665  IOPS:   293628  Throughput:  1147.0 MB/s  Total: 3991.71 GB
[ 3563.9s] IOs:   1046503958  IOPS:   293637  Throughput:  1147.0 MB/s  Total: 3992.10 GB
[ 3564.2s] IOs:   1046604789  IOPS:   293646  Throughput:  1147.1 MB/s  Total: 3992.48 GB
[ 3564.7s] IOs:   1046705631  IOPS:   293630  Throughput:  1147.0 MB/s  Total: 3992.87 GB
[ 3565.0s] IOs:   1046806068  IOPS:   293637  Throughput:  1147.0 MB/s  Total: 3993.25 GB
[ 3565.2s] IOs:   1046906382  IOPS:   293646  Throughput:  1147.1 MB/s  Total: 3993.63 GB
[ 3565.6s] IOs:   1047006637  IOPS:   293644  Throughput:  1147.0 MB/s  Total: 3994.01 GB
[ 3565.8s] IOs:   1047107383  IOPS:   293653  Throughput:  1147.1 MB/s  Total: 3994.40 GB
[ 3566.1s] IOs:   1047208043  IOPS:   293654  Throughput:  1147.1 MB/s  Total: 3994.78 GB
[ 3566.5s] IOs:   1047308610  IOPS:   293655  Throughput:  1147.1 MB/s  Total: 3995.17 GB
[ 3566.7s] IOs:   1047408988  IOPS:   293664  Throughput:  1147.1 MB/s  Total: 3995.55 GB
[ 3567.2s] IOs:   1047509456  IOPS:   293653  Throughput:  1147.1 MB/s  Total: 3995.93 GB
[ 3567.5s] IOs:   1047609886  IOPS:   293652  Throughput:  1147.1 MB/s  Total: 3996.31 GB
[ 3567.8s] IOs:   1047710686  IOPS:   293659  Throughput:  1147.1 MB/s  Total: 3996.70 GB
[ 3568.2s] IOs:   1047811171  IOPS:   293651  Throughput:  1147.1 MB/s  Total: 3997.08 GB
[ 3568.6s] IOs:   1047911649  IOPS:   293649  Throughput:  1147.1 MB/s  Total: 3997.47 GB
[ 3569.0s] IOs:   1048011968  IOPS:   293643  Throughput:  1147.0 MB/s  Total: 3997.85 GB
[ 3569.3s] IOs:   1048112546  IOPS:   293644  Throughput:  1147.0 MB/s  Total: 3998.23 GB
[ 3569.6s] IOs:   1048213068  IOPS:   293652  Throughput:  1147.1 MB/s  Total: 3998.62 GB
[ 3569.8s] IOs:   1048313846  IOPS:   293660  Throughput:  1147.1 MB/s  Total: 3999.00 GB
[ 3570.2s] IOs:   1048413884  IOPS:   293660  Throughput:  1147.1 MB/s  Total: 3999.38 GB
[ 3570.5s] IOs:   1048514184  IOPS:   293660  Throughput:  1147.1 MB/s  Total: 3999.76 GB
[ 3570.7s] IOs:   1048614461  IOPS:   293669  Throughput:  1147.1 MB/s  Total: 4000.15 GB
[ 3571.1s] IOs:   1048714963  IOPS:   293671  Throughput:  1147.2 MB/s  Total: 4000.53 GB
[ 3571.5s] IOs:   1048814983  IOPS:   293659  Throughput:  1147.1 MB/s  Total: 4000.91 GB
[ 3572.1s] IOs:   1048915510  IOPS:   293643  Throughput:  1147.0 MB/s  Total: 4001.30 GB
[ 3572.5s] IOs:   1049015594  IOPS:   293640  Throughput:  1147.0 MB/s  Total: 4001.68 GB
[ 3572.7s] IOs:   1049116070  IOPS:   293645  Throughput:  1147.1 MB/s  Total: 4002.06 GB
[ 3573.2s] IOs:   1049216923  IOPS:   293634  Throughput:  1147.0 MB/s  Total: 4002.44 GB
[ 3573.6s] IOs:   1049317785  IOPS:   293631  Throughput:  1147.0 MB/s  Total: 4002.83 GB
[ 3574.1s] IOs:   1049418603  IOPS:   293615  Throughput:  1146.9 MB/s  Total: 4003.21 GB
[ 3574.5s] IOs:   1049518898  IOPS:   293616  Throughput:  1146.9 MB/s  Total: 4003.60 GB
[ 3574.8s] IOs:   1049619413  IOPS:   293619  Throughput:  1146.9 MB/s  Total: 4003.98 GB
[ 3575.1s] IOs:   1049719940  IOPS:   293620  Throughput:  1147.0 MB/s  Total: 4004.36 GB
[ 3575.6s] IOs:   1049820915  IOPS:   293609  Throughput:  1146.9 MB/s  Total: 4004.75 GB
[ 3575.8s] IOs:   1049921662  IOPS:   293618  Throughput:  1146.9 MB/s  Total: 4005.13 GB
[ 3576.3s] IOs:   1050022316  IOPS:   293608  Throughput:  1146.9 MB/s  Total: 4005.52 GB
[ 3576.5s] IOs:   1050122461  IOPS:   293616  Throughput:  1146.9 MB/s  Total: 4005.90 GB
[ 3576.7s] IOs:   1050223090  IOPS:   293625  Throughput:  1147.0 MB/s  Total: 4006.28 GB
[ 3577.2s] IOs:   1050324000  IOPS:   293616  Throughput:  1146.9 MB/s  Total: 4006.67 GB
[ 3577.5s] IOs:   1050424647  IOPS:   293618  Throughput:  1146.9 MB/s  Total: 4007.05 GB
[ 3577.7s] IOs:   1050524734  IOPS:   293627  Throughput:  1147.0 MB/s  Total: 4007.43 GB
[ 3578.1s] IOs:   1050624807  IOPS:   293623  Throughput:  1147.0 MB/s  Total: 4007.82 GB
[ 3578.4s] IOs:   1050725301  IOPS:   293632  Throughput:  1147.0 MB/s  Total: 4008.20 GB
[ 3578.8s] IOs:   1050826009  IOPS:   293626  Throughput:  1147.0 MB/s  Total: 4008.58 GB
[ 3579.0s] IOs:   1050926742  IOPS:   293634  Throughput:  1147.0 MB/s  Total: 4008.97 GB
[ 3579.3s] IOs:   1051027243  IOPS:   293644  Throughput:  1147.0 MB/s  Total: 4009.35 GB
[ 3579.6s] IOs:   1051127512  IOPS:   293643  Throughput:  1147.0 MB/s  Total: 4009.73 GB
[ 3579.8s] IOs:   1051227794  IOPS:   293652  Throughput:  1147.1 MB/s  Total: 4010.12 GB
[ 3580.3s] IOs:   1051328332  IOPS:   293641  Throughput:  1147.0 MB/s  Total: 4010.50 GB
[ 3580.5s] IOs:   1051428900  IOPS:   293651  Throughput:  1147.1 MB/s  Total: 4010.88 GB
[ 3580.7s] IOs:   1051529555  IOPS:   293662  Throughput:  1147.1 MB/s  Total: 4011.27 GB
[Reader] Parsed 128000000 lines, distributed 1051621214 writes, unique 720.00 GB, skipped 85962121
[ 3581.4s] IOs:   1051629565  IOPS:   293640  Throughput:  1147.0 MB/s  Total: 4011.65 GB
[ 3581.6s] IOs:   1051730334  IOPS:   293648  Throughput:  1147.1 MB/s  Total: 4012.03 GB
[ 3582.2s] IOs:   1051830467  IOPS:   293625  Throughput:  1147.0 MB/s  Total: 4012.41 GB
[ 3582.5s] IOs:   1051930885  IOPS:   293628  Throughput:  1147.0 MB/s  Total: 4012.80 GB
[ 3582.8s] IOs:   1052031575  IOPS:   293638  Throughput:  1147.0 MB/s  Total: 4013.18 GB
[ 3583.3s] IOs:   1052132132  IOPS:   293622  Throughput:  1147.0 MB/s  Total: 4013.57 GB
[ 3583.6s] IOs:   1052232684  IOPS:   293622  Throughput:  1147.0 MB/s  Total: 4013.95 GB
[ 3584.1s] IOs:   1052333352  IOPS:   293614  Throughput:  1146.9 MB/s  Total: 4014.33 GB
[ 3584.3s] IOs:   1052433684  IOPS:   293620  Throughput:  1147.0 MB/s  Total: 4014.72 GB
[ 3584.7s] IOs:   1052534101  IOPS:   293620  Throughput:  1147.0 MB/s  Total: 4015.10 GB
[ 3585.4s] IOs:   1052634877  IOPS:   293593  Throughput:  1146.8 MB/s  Total: 4015.48 GB
[ 3585.6s] IOs:   1052735502  IOPS:   293602  Throughput:  1146.9 MB/s  Total: 4015.87 GB
[ 3585.8s] IOs:   1052836102  IOPS:   293609  Throughput:  1146.9 MB/s  Total: 4016.25 GB
[ 3586.2s] IOs:   1052936535  IOPS:   293605  Throughput:  1146.9 MB/s  Total: 4016.63 GB
[ 3586.5s] IOs:   1053037393  IOPS:   293615  Throughput:  1146.9 MB/s  Total: 4017.02 GB
[ 3586.8s] IOs:   1053138068  IOPS:   293612  Throughput:  1146.9 MB/s  Total: 4017.40 GB
[ 3587.1s] IOs:   1053238877  IOPS:   293616  Throughput:  1146.9 MB/s  Total: 4017.79 GB
[ 3587.4s] IOs:   1053339381  IOPS:   293622  Throughput:  1147.0 MB/s  Total: 4018.17 GB
[ 3587.7s] IOs:   1053439824  IOPS:   293627  Throughput:  1147.0 MB/s  Total: 4018.55 GB
[ 3587.9s] IOs:   1053540200  IOPS:   293634  Throughput:  1147.0 MB/s  Total: 4018.94 GB
[ 3588.2s] IOs:   1053640904  IOPS:   293640  Throughput:  1147.0 MB/s  Total: 4019.32 GB
[ 3588.4s] IOs:   1053741190  IOPS:   293650  Throughput:  1147.1 MB/s  Total: 4019.70 GB
[ 3589.1s] IOs:   1053841844  IOPS:   293620  Throughput:  1147.0 MB/s  Total: 4020.09 GB
[ 3589.4s] IOs:   1053942050  IOPS:   293630  Throughput:  1147.0 MB/s  Total: 4020.47 GB
[ 3589.6s] IOs:   1054042259  IOPS:   293639  Throughput:  1147.0 MB/s  Total: 4020.85 GB
[ 3589.9s] IOs:   1054142817  IOPS:   293638  Throughput:  1147.0 MB/s  Total: 4021.24 GB
[ 3590.1s] IOs:   1054243439  IOPS:   293649  Throughput:  1147.1 MB/s  Total: 4021.62 GB
[ 3590.5s] IOs:   1054344034  IOPS:   293646  Throughput:  1147.1 MB/s  Total: 4022.00 GB
[ 3590.8s] IOs:   1054444543  IOPS:   293656  Throughput:  1147.1 MB/s  Total: 4022.39 GB
[ 3591.0s] IOs:   1054545045  IOPS:   293660  Throughput:  1147.1 MB/s  Total: 4022.77 GB
[ 3591.3s] IOs:   1054645820  IOPS:   293668  Throughput:  1147.1 MB/s  Total: 4023.15 GB
[ 3591.5s] IOs:   1054746143  IOPS:   293675  Throughput:  1147.2 MB/s  Total: 4023.54 GB
[ 3592.2s] IOs:   1054847093  IOPS:   293649  Throughput:  1147.1 MB/s  Total: 4023.92 GB
[ 3592.4s] IOs:   1054947910  IOPS:   293658  Throughput:  1147.1 MB/s  Total: 4024.31 GB
[ 3592.7s] IOs:   1055048470  IOPS:   293668  Throughput:  1147.1 MB/s  Total: 4024.69 GB
[ 3593.2s] IOs:   1055148970  IOPS:   293648  Throughput:  1147.1 MB/s  Total: 4025.07 GB
[ 3593.5s] IOs:   1055249540  IOPS:   293654  Throughput:  1147.1 MB/s  Total: 4025.46 GB
[ 3593.9s] IOs:   1055350146  IOPS:   293647  Throughput:  1147.1 MB/s  Total: 4025.84 GB
[ 3594.2s] IOs:   1055450696  IOPS:   293654  Throughput:  1147.1 MB/s  Total: 4026.22 GB
[ 3594.5s] IOs:   1055551554  IOPS:   293655  Throughput:  1147.1 MB/s  Total: 4026.61 GB
[ 3595.2s] IOs:   1055652253  IOPS:   293625  Throughput:  1147.0 MB/s  Total: 4026.99 GB
[ 3595.5s] IOs:   1055752697  IOPS:   293634  Throughput:  1147.0 MB/s  Total: 4027.38 GB
[ 3595.7s] IOs:   1055853529  IOPS:   293644  Throughput:  1147.0 MB/s  Total: 4027.76 GB
[ 3596.1s] IOs:   1055954117  IOPS:   293637  Throughput:  1147.0 MB/s  Total: 4028.15 GB
[ 3596.4s] IOs:   1056055104  IOPS:   293645  Throughput:  1147.0 MB/s  Total: 4028.53 GB
[ 3596.7s] IOs:   1056156026  IOPS:   293647  Throughput:  1147.1 MB/s  Total: 4028.92 GB
[ 3597.1s] IOs:   1056256753  IOPS:   293643  Throughput:  1147.0 MB/s  Total: 4029.30 GB
[ 3597.4s] IOs:   1056357314  IOPS:   293648  Throughput:  1147.1 MB/s  Total: 4029.68 GB
[ 3597.6s] IOs:   1056457802  IOPS:   293655  Throughput:  1147.1 MB/s  Total: 4030.07 GB
[ 3598.0s] IOs:   1056558599  IOPS:   293656  Throughput:  1147.1 MB/s  Total: 4030.45 GB
[ 3598.2s] IOs:   1056659452  IOPS:   293667  Throughput:  1147.1 MB/s  Total: 4030.84 GB
[ 3598.4s] IOs:   1056759518  IOPS:   293677  Throughput:  1147.2 MB/s  Total: 4031.22 GB
[ 3598.9s] IOs:   1056859717  IOPS:   293662  Throughput:  1147.1 MB/s  Total: 4031.60 GB
[ 3599.2s] IOs:   1056960040  IOPS:   293669  Throughput:  1147.1 MB/s  Total: 4031.98 GB
[ 3599.6s] IOs:   1057061010  IOPS:   293659  Throughput:  1147.1 MB/s  Total: 4032.37 GB
[ 3599.9s] IOs:   1057161690  IOPS:   293665  Throughput:  1147.1 MB/s  Total: 4032.75 GB
[ 3600.3s] IOs:   1057262506  IOPS:   293656  Throughput:  1147.1 MB/s  Total: 4033.14 GB
[ 3600.7s] IOs:   1057362990  IOPS:   293658  Throughput:  1147.1 MB/s  Total: 4033.52 GB
[ 3601.1s] IOs:   1057463993  IOPS:   293649  Throughput:  1147.1 MB/s  Total: 4033.91 GB
[ 3601.3s] IOs:   1057564814  IOPS:   293658  Throughput:  1147.1 MB/s  Total: 4034.29 GB
[ 3601.8s] IOs:   1057664941  IOPS:   293649  Throughput:  1147.1 MB/s  Total: 4034.67 GB
[ 3602.0s] IOs:   1057765467  IOPS:   293657  Throughput:  1147.1 MB/s  Total: 4035.06 GB
[ 3602.3s] IOs:   1057865800  IOPS:   293663  Throughput:  1147.1 MB/s  Total: 4035.44 GB
[ 3602.6s] IOs:   1057965947  IOPS:   293669  Throughput:  1147.1 MB/s  Total: 4035.82 GB
[ 3602.8s] IOs:   1058066465  IOPS:   293675  Throughput:  1147.2 MB/s  Total: 4036.20 GB
[ 3603.1s] IOs:   1058167071  IOPS:   293684  Throughput:  1147.2 MB/s  Total: 4036.59 GB
[ 3603.3s] IOs:   1058267584  IOPS:   293692  Throughput:  1147.2 MB/s  Total: 4036.97 GB
[ 3603.6s] IOs:   1058367850  IOPS:   293695  Throughput:  1147.2 MB/s  Total: 4037.35 GB
[ 3603.9s] IOs:   1058468121  IOPS:   293704  Throughput:  1147.3 MB/s  Total: 4037.74 GB
[ 3604.1s] IOs:   1058569048  IOPS:   293709  Throughput:  1147.3 MB/s  Total: 4038.12 GB
[ 3604.4s] IOs:   1058669819  IOPS:   293720  Throughput:  1147.3 MB/s  Total: 4038.50 GB
[ 3604.6s] IOs:   1058770663  IOPS:   293727  Throughput:  1147.4 MB/s  Total: 4038.89 GB
[ 3604.8s] IOs:   1058871063  IOPS:   293737  Throughput:  1147.4 MB/s  Total: 4039.27 GB
[ 3605.1s] IOs:   1058971397  IOPS:   293741  Throughput:  1147.4 MB/s  Total: 4039.66 GB
[ 3605.4s] IOs:   1059071509  IOPS:   293750  Throughput:  1147.5 MB/s  Total: 4040.04 GB
[ 3605.6s] IOs:   1059172341  IOPS:   293756  Throughput:  1147.5 MB/s  Total: 4040.42 GB
[ 3605.8s] IOs:   1059273097  IOPS:   293767  Throughput:  1147.5 MB/s  Total: 4040.81 GB
[ 3606.1s] IOs:   1059373394  IOPS:   293773  Throughput:  1147.5 MB/s  Total: 4041.19 GB
[ 3606.3s] IOs:   1059473821  IOPS:   293783  Throughput:  1147.6 MB/s  Total: 4041.57 GB
[ 3606.6s] IOs:   1059574185  IOPS:   293792  Throughput:  1147.6 MB/s  Total: 4041.95 GB
[ 3607.0s] IOs:   1059674595  IOPS:   293783  Throughput:  1147.6 MB/s  Total: 4042.34 GB
[ 3607.3s] IOs:   1059775166  IOPS:   293787  Throughput:  1147.6 MB/s  Total: 4042.72 GB
[ 3607.6s] IOs:   1059875868  IOPS:   293786  Throughput:  1147.6 MB/s  Total: 4043.11 GB
[ 3608.1s] IOs:   1059976324  IOPS:   293780  Throughput:  1147.6 MB/s  Total: 4043.49 GB
[ 3608.3s] IOs:   1060076569  IOPS:   293789  Throughput:  1147.6 MB/s  Total: 4043.87 GB
[ 3608.7s] IOs:   1060177226  IOPS:   293784  Throughput:  1147.6 MB/s  Total: 4044.26 GB
[ 3609.1s] IOs:   1060277622  IOPS:   293780  Throughput:  1147.6 MB/s  Total: 4044.64 GB
[ 3609.4s] IOs:   1060378327  IOPS:   293781  Throughput:  1147.6 MB/s  Total: 4045.02 GB
[ 3609.7s] IOs:   1060478865  IOPS:   293785  Throughput:  1147.6 MB/s  Total: 4045.41 GB
[ 3610.1s] IOs:   1060579314  IOPS:   293781  Throughput:  1147.6 MB/s  Total: 4045.79 GB
[ 3610.3s] IOs:   1060679695  IOPS:   293790  Throughput:  1147.6 MB/s  Total: 4046.17 GB
[ 3610.7s] IOs:   1060780287  IOPS:   293791  Throughput:  1147.6 MB/s  Total: 4046.56 GB
[ 3611.1s] IOs:   1060880975  IOPS:   293783  Throughput:  1147.6 MB/s  Total: 4046.94 GB
[ 3611.3s] IOs:   1060981425  IOPS:   293792  Throughput:  1147.6 MB/s  Total: 4047.32 GB
[ 3611.8s] IOs:   1061081759  IOPS:   293782  Throughput:  1147.6 MB/s  Total: 4047.71 GB
[ 3612.1s] IOs:   1061182130  IOPS:   293783  Throughput:  1147.6 MB/s  Total: 4048.09 GB
[ 3612.5s] IOs:   1061282874  IOPS:   293784  Throughput:  1147.6 MB/s  Total: 4048.47 GB
[ 3612.7s] IOs:   1061383416  IOPS:   293789  Throughput:  1147.6 MB/s  Total: 4048.86 GB
[ 3613.1s] IOs:   1061483747  IOPS:   293786  Throughput:  1147.6 MB/s  Total: 4049.24 GB
[ 3613.3s] IOs:   1061583976  IOPS:   293796  Throughput:  1147.6 MB/s  Total: 4049.62 GB
[ 3613.7s] IOs:   1061684499  IOPS:   293792  Throughput:  1147.6 MB/s  Total: 4050.00 GB
[ 3614.0s] IOs:   1061785074  IOPS:   293800  Throughput:  1147.7 MB/s  Total: 4050.39 GB
[ 3614.3s] IOs:   1061885945  IOPS:   293805  Throughput:  1147.7 MB/s  Total: 4050.77 GB
[ 3614.6s] IOs:   1061986582  IOPS:   293803  Throughput:  1147.7 MB/s  Total: 4051.16 GB
[ 3614.8s] IOs:   1062086948  IOPS:   293812  Throughput:  1147.7 MB/s  Total: 4051.54 GB
[ 3615.3s] IOs:   1062187493  IOPS:   293805  Throughput:  1147.7 MB/s  Total: 4051.92 GB
[ 3615.5s] IOs:   1062287983  IOPS:   293813  Throughput:  1147.7 MB/s  Total: 4052.31 GB
[ 3615.7s] IOs:   1062388581  IOPS:   293823  Throughput:  1147.7 MB/s  Total: 4052.69 GB
[ 3616.2s] IOs:   1062489465  IOPS:   293817  Throughput:  1147.7 MB/s  Total: 4053.08 GB
[ 3616.4s] IOs:   1062589891  IOPS:   293828  Throughput:  1147.8 MB/s  Total: 4053.46 GB
[ 3616.7s] IOs:   1062690326  IOPS:   293829  Throughput:  1147.8 MB/s  Total: 4053.84 GB
[ 3617.0s] IOs:   1062791233  IOPS:   293830  Throughput:  1147.8 MB/s  Total: 4054.23 GB
[Reader] Parsed 129000000 lines, distributed 1062797282 writes, unique 720.00 GB, skipped 88616780
[ 3617.4s] IOs:   1062891234  IOPS:   293827  Throughput:  1147.8 MB/s  Total: 4054.61 GB
[ 3617.6s] IOs:   1062991871  IOPS:   293836  Throughput:  1147.8 MB/s  Total: 4054.99 GB
[ 3617.9s] IOs:   1063092169  IOPS:   293845  Throughput:  1147.8 MB/s  Total: 4055.37 GB
[ 3618.3s] IOs:   1063192777  IOPS:   293841  Throughput:  1147.8 MB/s  Total: 4055.76 GB
[ 3618.6s] IOs:   1063293238  IOPS:   293844  Throughput:  1147.8 MB/s  Total: 4056.14 GB
[ 3618.9s] IOs:   1063393761  IOPS:   293848  Throughput:  1147.8 MB/s  Total: 4056.53 GB
[ 3619.2s] IOs:   1063494693  IOPS:   293851  Throughput:  1147.9 MB/s  Total: 4056.91 GB
[ 3619.4s] IOs:   1063595146  IOPS:   293860  Throughput:  1147.9 MB/s  Total: 4057.29 GB
[ 3619.7s] IOs:   1063695762  IOPS:   293861  Throughput:  1147.9 MB/s  Total: 4057.68 GB
[ 3620.1s] IOs:   1063796044  IOPS:   293862  Throughput:  1147.9 MB/s  Total: 4058.06 GB
[ 3620.3s] IOs:   1063896713  IOPS:   293871  Throughput:  1147.9 MB/s  Total: 4058.44 GB
[ 3620.6s] IOs:   1063997393  IOPS:   293874  Throughput:  1147.9 MB/s  Total: 4058.83 GB
[ 3620.8s] IOs:   1064098000  IOPS:   293882  Throughput:  1148.0 MB/s  Total: 4059.21 GB
[ 3621.1s] IOs:   1064198245  IOPS:   293888  Throughput:  1148.0 MB/s  Total: 4059.59 GB
[ 3621.3s] IOs:   1064298524  IOPS:   293898  Throughput:  1148.0 MB/s  Total: 4059.98 GB
[ 3621.7s] IOs:   1064399074  IOPS:   293894  Throughput:  1148.0 MB/s  Total: 4060.36 GB
[ 3621.9s] IOs:   1064499948  IOPS:   293904  Throughput:  1148.1 MB/s  Total: 4060.75 GB
[ 3622.2s] IOs:   1064600714  IOPS:   293911  Throughput:  1148.1 MB/s  Total: 4061.13 GB
[ 3622.4s] IOs:   1064700972  IOPS:   293920  Throughput:  1148.1 MB/s  Total: 4061.51 GB
[ 3622.8s] IOs:   1064801467  IOPS:   293921  Throughput:  1148.1 MB/s  Total: 4061.90 GB
[ 3623.0s] IOs:   1064902077  IOPS:   293930  Throughput:  1148.2 MB/s  Total: 4062.28 GB
[ 3623.3s] IOs:   1065002444  IOPS:   293934  Throughput:  1148.2 MB/s  Total: 4062.66 GB
[ 3623.6s] IOs:   1065102918  IOPS:   293938  Throughput:  1148.2 MB/s  Total: 4063.05 GB
[ 3623.8s] IOs:   1065203397  IOPS:   293946  Throughput:  1148.2 MB/s  Total: 4063.43 GB
[ 3624.1s] IOs:   1065303790  IOPS:   293951  Throughput:  1148.2 MB/s  Total: 4063.81 GB
[ 3624.3s] IOs:   1065404572  IOPS:   293959  Throughput:  1148.3 MB/s  Total: 4064.20 GB
[ 3624.6s] IOs:   1065505156  IOPS:   293965  Throughput:  1148.3 MB/s  Total: 4064.58 GB
[ 3625.0s] IOs:   1065605917  IOPS:   293964  Throughput:  1148.3 MB/s  Total: 4064.96 GB
[ 3625.1s] IOs:   1065705963  IOPS:   293976  Throughput:  1148.3 MB/s  Total: 4065.35 GB
[ 3625.3s] IOs:   1065806152  IOPS:   293987  Throughput:  1148.4 MB/s  Total: 4065.73 GB
[ 3625.7s] IOs:   1065907148  IOPS:   293987  Throughput:  1148.4 MB/s  Total: 4066.11 GB
[ 3625.9s] IOs:   1066007873  IOPS:   294000  Throughput:  1148.4 MB/s  Total: 4066.50 GB
[ 3626.2s] IOs:   1066108173  IOPS:   294004  Throughput:  1148.5 MB/s  Total: 4066.88 GB
[ 3626.4s] IOs:   1066208361  IOPS:   294015  Throughput:  1148.5 MB/s  Total: 4067.26 GB
[ 3626.7s] IOs:   1066308996  IOPS:   294019  Throughput:  1148.5 MB/s  Total: 4067.65 GB
[ 3626.8s] IOs:   1066409996  IOPS:   294032  Throughput:  1148.6 MB/s  Total: 4068.03 GB
[ 3627.2s] IOs:   1066510316  IOPS:   294034  Throughput:  1148.6 MB/s  Total: 4068.41 GB
[ 3627.3s] IOs:   1066610490  IOPS:   294047  Throughput:  1148.6 MB/s  Total: 4068.80 GB
[ 3627.6s] IOs:   1066711317  IOPS:   294051  Throughput:  1148.6 MB/s  Total: 4069.18 GB
[ 3627.8s] IOs:   1066811720  IOPS:   294064  Throughput:  1148.7 MB/s  Total: 4069.56 GB
[ 3628.3s] IOs:   1066912163  IOPS:   294051  Throughput:  1148.6 MB/s  Total: 4069.95 GB
[ 3628.5s] IOs:   1067013060  IOPS:   294064  Throughput:  1148.7 MB/s  Total: 4070.33 GB
[ 3628.7s] IOs:   1067113797  IOPS:   294076  Throughput:  1148.7 MB/s  Total: 4070.72 GB
[ 3628.9s] IOs:   1067214018  IOPS:   294090  Throughput:  1148.8 MB/s  Total: 4071.10 GB
[ 3629.2s] IOs:   1067314611  IOPS:   294089  Throughput:  1148.8 MB/s  Total: 4071.48 GB
[ 3629.4s] IOs:   1067415645  IOPS:   294101  Throughput:  1148.8 MB/s  Total: 4071.87 GB
[ 3629.7s] IOs:   1067516513  IOPS:   294104  Throughput:  1148.8 MB/s  Total: 4072.25 GB
[ 3629.9s] IOs:   1067617235  IOPS:   294116  Throughput:  1148.9 MB/s  Total: 4072.64 GB
[ 3630.2s] IOs:   1067717744  IOPS:   294118  Throughput:  1148.9 MB/s  Total: 4073.02 GB
[ 3630.4s] IOs:   1067818748  IOPS:   294130  Throughput:  1148.9 MB/s  Total: 4073.41 GB
[ 3630.7s] IOs:   1067919753  IOPS:   294136  Throughput:  1149.0 MB/s  Total: 4073.79 GB
[ 3630.9s] IOs:   1068020401  IOPS:   294149  Throughput:  1149.0 MB/s  Total: 4074.17 GB
[ 3631.2s] IOs:   1068121157  IOPS:   294154  Throughput:  1149.0 MB/s  Total: 4074.56 GB
[ 3631.3s] IOs:   1068221914  IOPS:   294167  Throughput:  1149.1 MB/s  Total: 4074.94 GB
[ 3631.7s] IOs:   1068322690  IOPS:   294169  Throughput:  1149.1 MB/s  Total: 4075.33 GB
[ 3631.8s] IOs:   1068423236  IOPS:   294182  Throughput:  1149.1 MB/s  Total: 4075.71 GB
[ 3632.1s] IOs:   1068523703  IOPS:   294190  Throughput:  1149.2 MB/s  Total: 4076.09 GB
[ 3632.3s] IOs:   1068624030  IOPS:   294201  Throughput:  1149.2 MB/s  Total: 4076.48 GB
[ 3632.5s] IOs:   1068724611  IOPS:   294214  Throughput:  1149.3 MB/s  Total: 4076.86 GB
[ 3632.7s] IOs:   1068825588  IOPS:   294223  Throughput:  1149.3 MB/s  Total: 4077.25 GB
[ 3632.9s] IOs:   1068926147  IOPS:   294236  Throughput:  1149.4 MB/s  Total: 4077.63 GB
[ 3633.1s] IOs:   1069026481  IOPS:   294245  Throughput:  1149.4 MB/s  Total: 4078.01 GB
[ 3633.4s] IOs:   1069126846  IOPS:   294248  Throughput:  1149.4 MB/s  Total: 4078.40 GB
[ 3633.6s] IOs:   1069227164  IOPS:   294262  Throughput:  1149.5 MB/s  Total: 4078.78 GB
[ 3633.8s] IOs:   1069327290  IOPS:   294275  Throughput:  1149.5 MB/s  Total: 4079.16 GB
[ 3633.9s] IOs:   1069428209  IOPS:   294288  Throughput:  1149.6 MB/s  Total: 4079.54 GB
[ 3634.3s] IOs:   1069528994  IOPS:   294290  Throughput:  1149.6 MB/s  Total: 4079.93 GB
[ 3634.5s] IOs:   1069629543  IOPS:   294303  Throughput:  1149.6 MB/s  Total: 4080.31 GB
[ 3634.7s] IOs:   1069729992  IOPS:   294313  Throughput:  1149.7 MB/s  Total: 4080.70 GB
[ 3634.8s] IOs:   1069830469  IOPS:   294326  Throughput:  1149.7 MB/s  Total: 4081.08 GB
[ 3635.1s] IOs:   1069930924  IOPS:   294331  Throughput:  1149.7 MB/s  Total: 4081.46 GB
[ 3635.3s] IOs:   1070031672  IOPS:   294345  Throughput:  1149.8 MB/s  Total: 4081.85 GB
[ 3635.6s] IOs:   1070132015  IOPS:   294351  Throughput:  1149.8 MB/s  Total: 4082.23 GB
[ 3635.7s] IOs:   1070232902  IOPS:   294365  Throughput:  1149.9 MB/s  Total: 4082.61 GB
[ 3635.9s] IOs:   1070333125  IOPS:   294378  Throughput:  1149.9 MB/s  Total: 4083.00 GB
[ 3636.2s] IOs:   1070433786  IOPS:   294386  Throughput:  1149.9 MB/s  Total: 4083.38 GB
[ 3636.3s] IOs:   1070534138  IOPS:   294400  Throughput:  1150.0 MB/s  Total: 4083.76 GB
[ 3636.5s] IOs:   1070634908  IOPS:   294410  Throughput:  1150.0 MB/s  Total: 4084.15 GB
[ 3636.9s] IOs:   1070735729  IOPS:   294411  Throughput:  1150.0 MB/s  Total: 4084.53 GB
[ 3637.0s] IOs:   1070836141  IOPS:   294425  Throughput:  1150.1 MB/s  Total: 4084.92 GB
[ 3637.2s] IOs:   1070936392  IOPS:   294439  Throughput:  1150.2 MB/s  Total: 4085.30 GB
[ 3637.4s] IOs:   1071036629  IOPS:   294452  Throughput:  1150.2 MB/s  Total: 4085.68 GB
[ 3637.7s] IOs:   1071137467  IOPS:   294455  Throughput:  1150.2 MB/s  Total: 4086.07 GB
[ 3637.9s] IOs:   1071237726  IOPS:   294468  Throughput:  1150.3 MB/s  Total: 4086.45 GB
[ 3638.1s] IOs:   1071338279  IOPS:   294475  Throughput:  1150.3 MB/s  Total: 4086.83 GB
[ 3638.3s] IOs:   1071438937  IOPS:   294487  Throughput:  1150.3 MB/s  Total: 4087.22 GB
[ 3638.6s] IOs:   1071539343  IOPS:   294492  Throughput:  1150.4 MB/s  Total: 4087.60 GB
[ 3638.8s] IOs:   1071639780  IOPS:   294505  Throughput:  1150.4 MB/s  Total: 4087.98 GB
[ 3639.0s] IOs:   1071740159  IOPS:   294516  Throughput:  1150.5 MB/s  Total: 4088.36 GB
[ 3639.2s] IOs:   1071840795  IOPS:   294524  Throughput:  1150.5 MB/s  Total: 4088.75 GB
[ 3639.5s] IOs:   1071941789  IOPS:   294527  Throughput:  1150.5 MB/s  Total: 4089.13 GB
[ 3639.7s] IOs:   1072042175  IOPS:   294540  Throughput:  1150.5 MB/s  Total: 4089.52 GB
[ 3639.9s] IOs:   1072142783  IOPS:   294552  Throughput:  1150.6 MB/s  Total: 4089.90 GB
[ 3640.2s] IOs:   1072243232  IOPS:   294559  Throughput:  1150.6 MB/s  Total: 4090.28 GB
[ 3640.3s] IOs:   1072343870  IOPS:   294572  Throughput:  1150.7 MB/s  Total: 4090.67 GB
[ 3640.6s] IOs:   1072444247  IOPS:   294577  Throughput:  1150.7 MB/s  Total: 4091.05 GB
[ 3640.8s] IOs:   1072544951  IOPS:   294591  Throughput:  1150.7 MB/s  Total: 4091.43 GB
[ 3641.0s] IOs:   1072645091  IOPS:   294605  Throughput:  1150.8 MB/s  Total: 4091.82 GB
[ 3641.2s] IOs:   1072745665  IOPS:   294610  Throughput:  1150.8 MB/s  Total: 4092.20 GB
[ 3641.4s] IOs:   1072846260  IOPS:   294623  Throughput:  1150.9 MB/s  Total: 4092.58 GB
[ 3641.6s] IOs:   1072946945  IOPS:   294636  Throughput:  1150.9 MB/s  Total: 4092.97 GB
[ 3641.8s] IOs:   1073047118  IOPS:   294648  Throughput:  1151.0 MB/s  Total: 4093.35 GB
[ 3642.0s] IOs:   1073147231  IOPS:   294661  Throughput:  1151.0 MB/s  Total: 4093.73 GB
[ 3642.2s] IOs:   1073247302  IOPS:   294670  Throughput:  1151.1 MB/s  Total: 4094.11 GB
[ 3642.4s] IOs:   1073347783  IOPS:   294683  Throughput:  1151.1 MB/s  Total: 4094.50 GB
[ 3642.7s] IOs:   1073448416  IOPS:   294681  Throughput:  1151.1 MB/s  Total: 4094.88 GB
[ 3642.9s] IOs:   1073549186  IOPS:   294694  Throughput:  1151.1 MB/s  Total: 4095.27 GB
[ 3643.1s] IOs:   1073650032  IOPS:   294707  Throughput:  1151.2 MB/s  Total: 4095.65 GB
[Reader] Parsed 130000000 lines, distributed 1073690439 writes, unique 720.00 GB, skipped 91204834

============================================================
  Final Results (Saturated Replay)
============================================================
  Total IOs:       1073742437
  Total Data:      4096.00 GB (4.0000 TB)
  Elapsed Time:    3643.28 seconds
  Average IOPS:    294719
  Average BW:      1151.2 MB/s
============================================================

[Limit] 4.0 TB reached, exiting...
