timestamp,type,class,valid_blocks,total_blocks,valid_ratio
440401925,gc_victim_age_dist,0,966455,1572864,0.614456
441477497,gc_victim_age_dist,0,195888,1572864,0.124542
441974790,gc_victim_age_dist,0,140063,1572864,0.089050
443547655,gc_victim_age_dist,0,179038,1572864,0.113829
445120526,gc_victim_age_dist,0,58533,1572864,0.037214
446693389,gc_victim_age_dist,0,37280,1572864,0.023702
446724040,gc_victim_age_dist,0,207096,1572864,0.131668
448266250,gc_victim_age_dist,0,375545,1572864,0.238765
449839107,gc_victim_age_dist,0,361963,1572864,0.230130
451411982,gc_victim_age_dist,0,356926,1572864,0.226927
452984841,gc_victim_age_dist,0,365820,1572864,0.232582
453302000,gc_victim_age_dist,0,223178,1572864,0.141893
454557700,gc_victim_age_dist,0,232838,1572864,0.148034
456130567,gc_victim_age_dist,0,367761,1572864,0.233816
457703427,gc_victim_age_dist,0,42708,1572864,0.027153
459276293,gc_victim_age_dist,0,202130,1572864,0.128511
459442553,gc_victim_age_dist,0,300165,1572864,0.190840
461474711,gc_victim_age_dist,0,260768,1572864,0.165792
461710630,gc_victim_age_dist,0,367384,1572864,0.233576
463638755,gc_victim_age_dist,0,437020,1572864,0.277850
464252412,gc_victim_age_dist,0,382550,1572864,0.243219
465954659,gc_victim_age_dist,0,399242,1572864,0.253831
466310889,gc_victim_age_dist,0,286804,1572864,0.182345
468128224,gc_victim_age_dist,0,304400,1572864,0.193532
470051309,gc_victim_age_dist,0,196154,1572864,0.124711
471046858,gc_victim_age_dist,0,341098,1572864,0.216864
471995747,gc_victim_age_dist,0,147288,1572864,0.093643
473572575,gc_victim_age_dist,0,328420,1572864,0.208804
473862449,gc_victim_age_dist,0,537211,1572864,0.341550
475215183,gc_victim_age_dist,0,536480,1572864,0.341085
476830561,gc_victim_age_dist,0,407362,1572864,0.258994
477215551,gc_victim_age_dist,0,153681,1572864,0.097708
478509103,gc_victim_age_dist,0,362584,1572864,0.230525
480091185,gc_victim_age_dist,0,255152,1572864,0.162221
481674519,gc_victim_age_dist,0,330174,1572864,0.209919
483247677,gc_victim_age_dist,0,319068,1572864,0.202858
484989249,gc_victim_age_dist,0,261044,1572864,0.165967
485230424,gc_victim_age_dist,0,316714,1572864,0.201361
486578755,gc_victim_age_dist,0,474444,1572864,0.301643
488153151,gc_victim_age_dist,0,446708,1572864,0.284009
489741306,gc_victim_age_dist,0,507340,1572864,0.322558
490367243,gc_victim_age_dist,0,519282,1572864,0.330151
491404340,gc_victim_age_dist,0,506472,1572864,0.322006
493009772,gc_victim_age_dist,0,247298,1572864,0.157228
493231013,gc_victim_age_dist,0,304996,1572864,0.193911
494587364,gc_victim_age_dist,0,416070,1572864,0.264530
496164831,gc_victim_age_dist,0,549992,1572864,0.349675
498001600,gc_victim_age_dist,0,168191,1572864,0.106933
499901594,gc_victim_age_dist,0,267434,1572864,0.170030
500149671,gc_victim_age_dist,0,617185,1572864,0.392396
501471142,gc_victim_age_dist,0,404751,1572864,0.257334
501970511,gc_victim_age_dist,0,383922,1572864,0.244091
502321148,gc_victim_age_dist,0,645431,1572864,0.410354
503638142,gc_victim_age_dist,0,230390,1572864,0.146478
505568513,gc_victim_age_dist,0,248856,1572864,0.158218
507551822,gc_victim_age_dist,0,660722,1572864,0.420076
508613248,gc_victim_age_dist,0,670540,1572864,0.426318
509640988,gc_victim_age_dist,0,653548,1572864,0.415515
510625683,gc_victim_age_dist,0,649568,1572864,0.412984
511533456,gc_victim_age_dist,0,193242,1572864,0.122860
511685360,gc_victim_age_dist,0,260980,1572864,0.165927
512806474,gc_victim_age_dist,0,728396,1572864,0.463102
513729848,gc_victim_age_dist,0,317014,1572864,0.201552
514798795,gc_victim_age_dist,0,513176,1572864,0.326269
516415149,gc_victim_age_dist,0,569664,1572864,0.362183
517175860,gc_victim_age_dist,0,548050,1572864,0.348441
518139618,gc_victim_age_dist,0,708494,1572864,0.450448
520202161,gc_victim_age_dist,0,272400,1572864,0.173187
520418786,gc_victim_age_dist,0,721540,1572864,0.458743
521827907,gc_victim_age_dist,0,651335,1572864,0.414108
523620350,gc_victim_age_dist,0,490157,1572864,0.311633
524310567,gc_victim_age_dist,0,723651,1572864,0.460085
525305418,gc_victim_age_dist,0,680074,1572864,0.432379
526299178,gc_victim_age_dist,0,705659,1572864,0.448646
527329128,gc_victim_age_dist,0,643454,1572864,0.409097
528257337,gc_victim_age_dist,0,614312,1572864,0.390569
529137790,gc_victim_age_dist,0,729819,1572864,0.464006
530131043,gc_victim_age_dist,0,709950,1572864,0.451374
531133157,gc_victim_age_dist,0,732262,1572864,0.465560
532244535,gc_victim_age_dist,0,260176,1572864,0.165415
532445792,gc_victim_age_dist,0,326684,1572864,0.207700
532769354,gc_victim_age_dist,0,592552,1572864,0.376734
533967846,gc_victim_age_dist,0,773005,1572864,0.491463
535929876,gc_victim_age_dist,0,793174,1572864,0.504286
537000401,gc_victim_age_dist,0,772224,1572864,0.490967
538123724,gc_victim_age_dist,0,36372,1572864,0.023125
538151889,gc_victim_age_dist,0,496197,1572864,0.315474
538931980,gc_victim_age_dist,0,806108,1572864,0.512510
540094673,gc_victim_age_dist,0,606736,1572864,0.385752
540885343,gc_victim_age_dist,0,398178,1572864,0.253155
541873187,gc_victim_age_dist,0,783330,1572864,0.498028
543549635,gc_victim_age_dist,0,772391,1572864,0.491073
544527867,gc_victim_age_dist,0,587072,1572864,0.373250
545768417,gc_victim_age_dist,0,798763,1572864,0.507840
546847945,gc_victim_age_dist,0,601600,1572864,0.382487
547622206,gc_victim_age_dist,0,627331,1572864,0.398846
548581308,gc_victim_age_dist,0,478464,1572864,0.304199
549387191,gc_victim_age_dist,0,550864,1572864,0.350230
550282575,gc_victim_age_dist,0,840734,1572864,0.534524
551581161,gc_victim_age_dist,0,744244,1572864,0.473178
552737104,gc_victim_age_dist,0,861670,1572864,0.547835
554021082,gc_victim_age_dist,0,814378,1572864,0.517768
555306788,gc_victim_age_dist,0,847541,1572864,0.538852
556524347,gc_victim_age_dist,0,688346,1572864,0.437639
557539089,gc_victim_age_dist,0,752824,1572864,0.478633
558614327,gc_victim_age_dist,1,54955,1572864,0.034939
558658860,gc_victim_age_dist,0,764391,1572864,0.485987
559840579,gc_victim_age_dist,0,717747,1572864,0.456331
560781785,gc_victim_age_dist,0,509072,1572864,0.323659
561598762,gc_victim_age_dist,0,498178,1572864,0.316733
562380974,gc_victim_age_dist,0,808392,1572864,0.513962
563549560,gc_victim_age_dist,0,358270,1572864,0.227782
563850058,gc_victim_age_dist,0,839654,1572864,0.533838
565099099,gc_victim_age_dist,0,347342,1572864,0.220834
565373769,gc_victim_age_dist,0,671009,1572864,0.426616
566423408,gc_victim_age_dist,0,594079,1572864,0.377705
567267768,gc_victim_age_dist,0,760612,1572864,0.483584
568302876,gc_victim_age_dist,0,810124,1572864,0.515063
569526209,gc_victim_age_dist,0,73968,1572864,0.047028
569585037,gc_victim_age_dist,1,191459,1572864,0.121726
569801942,gc_victim_age_dist,0,405794,1572864,0.257997
571133247,gc_victim_age_dist,0,534804,1572864,0.340019
571967623,gc_victim_age_dist,0,854307,1572864,0.543154
573291543,gc_victim_age_dist,0,784001,1572864,0.498454
574382227,gc_victim_age_dist,0,832974,1572864,0.529591
575637127,gc_victim_age_dist,0,918304,1572864,0.583842
576821746,gc_victim_age_dist,0,863215,1572864,0.548817
578110412,gc_victim_age_dist,0,650808,1572864,0.413773
579093050,gc_victim_age_dist,0,607782,1572864,0.386417
580111161,gc_victim_age_dist,0,564522,1572864,0.358913
581200371,gc_victim_age_dist,0,507648,1572864,0.322754
582116858,gc_victim_age_dist,0,586024,1572864,0.372584
583050396,gc_victim_age_dist,0,507952,1572864,0.322947
583881544,gc_victim_age_dist,0,555964,1572864,0.353472
584736222,gc_victim_age_dist,0,616480,1572864,0.391947
585432516,gc_victim_age_dist,1,264224,1572864,0.167989
585649595,gc_victim_age_dist,0,519610,1572864,0.330359
586499214,gc_victim_age_dist,0,874800,1572864,0.556183
587629695,gc_victim_age_dist,0,385519,1572864,0.245106
588000747,gc_victim_age_dist,0,87606,1572864,0.055698
589762104,gc_victim_age_dist,0,556842,1572864,0.354031
590565657,gc_victim_age_dist,0,286639,1572864,0.182240
590799357,gc_victim_age_dist,0,560150,1572864,0.356134
591641761,gc_victim_age_dist,0,732412,1572864,0.465655
592585947,gc_victim_age_dist,0,551011,1572864,0.350323
593994981,gc_victim_age_dist,0,552926,1572864,0.351541
595568226,gc_victim_age_dist,0,535228,1572864,0.340289
596234063,gc_victim_age_dist,0,518534,1572864,0.329675
597016090,gc_victim_age_dist,0,554869,1572864,0.352776
598215194,gc_victim_age_dist,0,486001,1572864,0.308991
598819403,gc_victim_age_dist,0,381921,1572864,0.242819
600304082,gc_victim_age_dist,0,568378,1572864,0.361365
602271866,gc_victim_age_dist,0,507422,1572864,0.322610
602859245,gc_victim_age_dist,0,762960,1572864,0.485077
603822423,gc_victim_age_dist,0,871098,1572864,0.553829
604970530,gc_victim_age_dist,0,852169,1572864,0.541794
606097896,gc_victim_age_dist,0,134422,1572864,0.085463
606591388,gc_victim_age_dist,0,797034,1572864,0.506741
607554884,gc_victim_age_dist,0,873737,1572864,0.555507
608696026,gc_victim_age_dist,12,553694,1572864,0.352029
609296026,gc_victim_age_dist,0,87671,1572864,0.055740
610178345,gc_victim_age_dist,0,529700,1572864,0.336774
611169092,gc_victim_age_dist,0,860112,1572864,0.546844
612243938,gc_victim_age_dist,0,622660,1572864,0.395877
613278502,gc_victim_age_dist,0,409998,1572864,0.260670
614125332,gc_victim_age_dist,0,832486,1572864,0.529280
615165317,gc_victim_age_dist,0,68858,1572864,0.043779
616425298,gc_victim_age_dist,0,912706,1572864,0.580283
617706128,gc_victim_age_dist,0,847036,1572864,0.538531
619019507,gc_victim_age_dist,0,753594,1572864,0.479122
620258090,gc_victim_age_dist,0,607067,1572864,0.385963
621206841,gc_victim_age_dist,0,518901,1572864,0.329908
621940650,gc_victim_age_dist,0,884557,1572864,0.562386
623189830,gc_victim_age_dist,0,784596,1572864,0.498833
624269281,gc_victim_age_dist,1,357927,1572864,0.227564
624582908,gc_victim_age_dist,0,896412,1572864,0.569923
625766111,gc_victim_age_dist,0,576186,1572864,0.366329
626749987,gc_victim_age_dist,1,103016,1572864,0.065496
627416866,gc_victim_age_dist,0,954868,1572864,0.607089
628772746,gc_victim_age_dist,0,499752,1572864,0.317734
629533265,gc_victim_age_dist,0,925738,1572864,0.588568
630969866,gc_victim_age_dist,0,940674,1572864,0.598064
632207228,gc_victim_age_dist,1,113096,1572864,0.071905
632306972,gc_victim_age_dist,0,509460,1572864,0.323906
633120955,gc_victim_age_dist,0,79304,1572864,0.050420
633662287,gc_victim_age_dist,0,916416,1572864,0.582642
634928644,gc_victim_age_dist,0,371380,1572864,0.236117
636614525,gc_victim_age_dist,0,784088,1572864,0.498510
637660375,gc_victim_age_dist,0,475384,1572864,0.302241
638321540,gc_victim_age_dist,0,594613,1572864,0.378045
639211748,gc_victim_age_dist,0,539300,1572864,0.342878
640089297,gc_victim_age_dist,0,501770,1572864,0.319017
641249045,gc_victim_age_dist,0,811104,1572864,0.515686
642226990,gc_victim_age_dist,0,866072,1572864,0.550634
643409647,gc_victim_age_dist,12,907948,1572864,0.577258
644554406,gc_victim_age_dist,0,821387,1572864,0.522224
645893526,gc_victim_age_dist,0,497768,1572864,0.316472
646602099,gc_victim_age_dist,0,354218,1572864,0.225206
646875330,gc_victim_age_dist,0,886964,1572864,0.563917
648171991,gc_victim_age_dist,0,765862,1572864,0.486922
649220768,gc_victim_age_dist,0,583104,1572864,0.370728
650040787,gc_victim_age_dist,12,935816,1572864,0.594976
651042464,gc_victim_age_dist,1,389855,1572864,0.247863
651377952,gc_victim_age_dist,0,564996,1572864,0.359215
652214760,gc_victim_age_dist,0,380538,1572864,0.241940
652488323,gc_victim_age_dist,0,775108,1572864,0.492800
653603230,gc_victim_age_dist,0,712591,1572864,0.453053
654471209,gc_victim_age_dist,0,593760,1572864,0.377502
655183825,gc_victim_age_dist,0,593061,1572864,0.377058
655955015,gc_victim_age_dist,1,354994,1572864,0.225699
656269568,gc_victim_age_dist,0,661182,1572864,0.420368
657252562,gc_victim_age_dist,0,994552,1572864,0.632319
658591874,gc_victim_age_dist,12,645095,1572864,0.410140
659317070,gc_victim_age_dist,0,695502,1572864,0.442188
660338035,gc_victim_age_dist,12,599226,1572864,0.380978
661012574,gc_victim_age_dist,1,355744,1572864,0.226176
662030474,gc_victim_age_dist,0,360732,1572864,0.229347
662350526,gc_victim_age_dist,0,772824,1572864,0.491348
663410220,gc_victim_age_dist,0,132191,1572864,0.084045
663517329,gc_victim_age_dist,0,776358,1572864,0.493595
664635258,gc_victim_age_dist,0,834319,1572864,0.530446
665792303,gc_victim_age_dist,0,76984,1572864,0.048945
666608479,gc_victim_age_dist,0,146646,1572864,0.093235
667340491,gc_victim_age_dist,0,893126,1572864,0.567834
669058668,gc_victim_age_dist,0,678874,1572864,0.431616
670112180,gc_victim_age_dist,0,96831,1572864,0.061563
671431717,gc_victim_age_dist,0,85098,1572864,0.054104
671973646,gc_victim_age_dist,0,550478,1572864,0.349984
673790223,gc_victim_age_dist,0,93439,1572864,0.059407
676038655,gc_victim_age_dist,0,928646,1572864,0.590417
677289159,gc_victim_age_dist,0,535588,1572864,0.340518
677953185,gc_victim_age_dist,0,102073,1572864,0.064896
678236908,gc_victim_age_dist,0,977902,1572864,0.621733
679653124,gc_victim_age_dist,0,100613,1572864,0.063968
680381001,gc_victim_age_dist,0,633048,1572864,0.402481
682522140,gc_victim_age_dist,0,96205,1572864,0.061165
682671281,gc_victim_age_dist,0,86175,1572864,0.054789
684920144,gc_victim_age_dist,0,735461,1572864,0.467594
685830893,gc_victim_age_dist,0,54576,1572864,0.034698
687128767,gc_victim_age_dist,0,53162,1572864,0.033799
687721204,gc_victim_age_dist,0,874807,1572864,0.556187
688875395,gc_victim_age_dist,0,858176,1572864,0.545614
690151816,gc_victim_age_dist,0,81729,1572864,0.051962
691407225,gc_victim_age_dist,0,111164,1572864,0.070676
693561258,gc_victim_age_dist,1,310262,1572864,0.197259
693839540,gc_victim_age_dist,0,647578,1572864,0.411719
695738178,gc_victim_age_dist,0,947048,1572864,0.602117
696967870,gc_victim_age_dist,12,1000920,1572864,0.636368
698212086,gc_victim_age_dist,0,929378,1572864,0.590883
699451376,gc_victim_age_dist,13,872571,1572864,0.554766
700491328,gc_victim_age_dist,0,837560,1572864,0.532506
701655893,gc_victim_age_dist,0,88930,1572864,0.056540
701720067,gc_victim_age_dist,0,896864,1572864,0.570211
702958645,gc_victim_age_dist,0,853848,1572864,0.542862
704040486,gc_victim_age_dist,0,760812,1572864,0.483711
705137039,gc_victim_age_dist,1,525013,1572864,0.333794
705800341,gc_victim_age_dist,0,68719,1572864,0.043690
705927158,gc_victim_age_dist,0,339733,1572864,0.215996
706466147,gc_victim_age_dist,0,425122,1572864,0.270285
706806044,gc_victim_age_dist,12,931218,1572864,0.592052
708903536,gc_victim_age_dist,0,136928,1572864,0.087056
709996781,gc_victim_age_dist,0,534132,1572864,0.339592
710701931,gc_victim_age_dist,0,107736,1572864,0.068497
711704706,gc_victim_age_dist,1,533869,1572864,0.339425
713461692,gc_victim_age_dist,1,641492,1572864,0.407850
714167108,gc_victim_age_dist,0,975047,1572864,0.619918
715402546,gc_victim_age_dist,0,978565,1572864,0.622155
716634727,gc_victim_age_dist,1,322176,1572864,0.204834
716900556,gc_victim_age_dist,0,518466,1572864,0.329632
717591717,gc_victim_age_dist,0,658624,1572864,0.418742
718426671,gc_victim_age_dist,0,874766,1572864,0.556161
719592640,gc_victim_age_dist,0,938528,1572864,0.596700
720853243,gc_victim_age_dist,0,1013840,1572864,0.644582
722118828,gc_victim_age_dist,12,954432,1572864,0.606812
723267327,gc_victim_age_dist,1,566489,1572864,0.360164
724044420,gc_victim_age_dist,0,666124,1572864,0.423510
724992851,gc_victim_age_dist,0,719722,1572864,0.457587
725939976,gc_victim_age_dist,0,987784,1572864,0.628016
727306517,gc_victim_age_dist,0,57347,1572864,0.036460
727353831,gc_victim_age_dist,0,947561,1572864,0.602443
728709126,gc_victim_age_dist,12,983894,1572864,0.625543
729957743,gc_victim_age_dist,12,1046775,1572864,0.665522
731203041,gc_victim_age_dist,0,97239,1572864,0.061823
731279074,gc_victim_age_dist,0,704870,1572864,0.448144
732228482,gc_victim_age_dist,1,329322,1572864,0.209377
732504691,gc_victim_age_dist,0,973526,1572864,0.618951
733794395,gc_victim_age_dist,0,937584,1572864,0.596100
735095284,gc_victim_age_dist,12,903716,1572864,0.574567
736119631,gc_victim_age_dist,0,675266,1572864,0.429323
737074708,gc_victim_age_dist,0,993912,1572864,0.631912
738304197,gc_victim_age_dist,0,823624,1572864,0.523646
739517092,gc_victim_age_dist,0,63007,1572864,0.040059
739567900,gc_victim_age_dist,0,745990,1572864,0.474288
740622824,gc_victim_age_dist,0,85116,1572864,0.054115
740691358,gc_victim_age_dist,0,981756,1572864,0.624184
742055773,gc_victim_age_dist,0,1046204,1572864,0.665159
743372168,gc_victim_age_dist,0,62955,1572864,0.040026
743418625,gc_victim_age_dist,0,934464,1572864,0.594116
744624413,gc_victim_age_dist,12,795577,1572864,0.505814
745504691,gc_victim_age_dist,0,734596,1572864,0.467044
746429776,gc_victim_age_dist,13,861775,1572864,0.547902
747385622,gc_victim_age_dist,0,1046495,1572864,0.665344
748642125,gc_victim_age_dist,0,1000534,1572864,0.636122
749919184,gc_victim_age_dist,0,1024388,1572864,0.651288
751142635,gc_victim_age_dist,0,56283,1572864,0.035784
751185058,gc_victim_age_dist,0,89314,1572864,0.056784
751260393,gc_victim_age_dist,0,1024754,1572864,0.651521
752598910,gc_victim_age_dist,1,342994,1572864,0.218070
752891423,gc_victim_age_dist,0,720464,1572864,0.458059
753784756,gc_victim_age_dist,0,83317,1572864,0.052972
753855455,gc_victim_age_dist,0,46859,1572864,0.029792
753890768,gc_victim_age_dist,12,1017879,1572864,0.647150
755011024,gc_victim_age_dist,0,176419,1572864,0.112164
756354517,gc_victim_age_dist,0,34746,1572864,0.022091
756686111,gc_victim_age_dist,0,69014,1572864,0.043878
759502678,gc_victim_age_dist,0,26864,1572864,0.017080
759926116,gc_victim_age_dist,0,918144,1572864,0.583740
762441054,gc_victim_age_dist,0,550976,1572864,0.350301
763127366,gc_victim_age_dist,0,939908,1572864,0.597577
764329153,gc_victim_age_dist,0,45472,1572864,0.028910
765393380,gc_victim_age_dist,1,550971,1572864,0.350298
766153413,gc_victim_age_dist,1,436333,1572864,0.277413
766553280,gc_victim_age_dist,0,286014,1572864,0.181843
768274155,gc_victim_age_dist,0,706588,1572864,0.449237
770195884,gc_victim_age_dist,0,762188,1572864,0.484586
771255482,gc_victim_age_dist,1,502461,1572864,0.319456
771987553,gc_victim_age_dist,0,710309,1572864,0.451602
772963100,gc_victim_age_dist,0,1091299,1572864,0.693829
774442930,gc_victim_age_dist,0,267406,1572864,0.170012
774676439,gc_victim_age_dist,1,772399,1572864,0.491078
775699704,gc_victim_age_dist,0,67687,1572864,0.043034
776276787,gc_victim_age_dist,0,55190,1572864,0.035089
777503663,gc_victim_age_dist,1,505366,1572864,0.321303
778273723,gc_victim_age_dist,0,711111,1572864,0.452112
780084026,gc_victim_age_dist,0,507355,1572864,0.322568
780826794,gc_victim_age_dist,0,51646,1572864,0.032836
782370133,gc_victim_age_dist,0,756457,1572864,0.480942
784431452,gc_victim_age_dist,1,670274,1572864,0.426149
785309273,gc_victim_age_dist,12,750576,1572864,0.477203
786194901,gc_victim_age_dist,13,575450,1572864,0.365861
786928231,gc_victim_age_dist,1,707648,1572864,0.449910
787787014,gc_victim_age_dist,1,647838,1572864,0.411884
788725696,gc_victim_age_dist,0,694692,1572864,0.441673
789952725,gc_victim_age_dist,0,113119,1572864,0.071919
790038813,gc_victim_age_dist,0,70434,1572864,0.044781
792338625,gc_victim_age_dist,0,681204,1572864,0.433098
793334391,gc_victim_age_dist,0,58974,1572864,0.037495
795491586,gc_victim_age_dist,1,484320,1572864,0.307922
796262205,gc_victim_age_dist,0,879196,1572864,0.558978
797280734,gc_victim_age_dist,1,318936,1572864,0.202774
797552127,gc_victim_age_dist,1,739078,1572864,0.469893
798457533,gc_victim_age_dist,1,701653,1572864,0.446099
799261218,gc_victim_age_dist,1,560690,1572864,0.356477
799941318,gc_victim_age_dist,0,92214,1572864,0.058628
801996026,gc_victim_age_dist,1,747264,1572864,0.475098
803378411,gc_victim_age_dist,0,52542,1572864,0.033405
803982539,gc_victim_age_dist,0,1004053,1572864,0.638360
805203946,gc_victim_age_dist,1,642472,1572864,0.408473
806415786,gc_victim_age_dist,12,1070249,1572864,0.680446
807552066,gc_victim_age_dist,0,38712,1572864,0.024612
807583397,gc_victim_age_dist,1,486069,1572864,0.309034
808303653,gc_victim_age_dist,0,1071612,1572864,0.681313
809788642,gc_victim_age_dist,0,986392,1572864,0.627131
811048409,gc_victim_age_dist,12,993275,1572864,0.631507
812232100,gc_victim_age_dist,0,1015485,1572864,0.645628
813597409,gc_victim_age_dist,0,1128241,1572864,0.717316
814964736,gc_victim_age_dist,0,1055841,1572864,0.671286
816403519,gc_victim_age_dist,1,729251,1572864,0.463645
817313781,gc_victim_age_dist,0,397442,1572864,0.252687
817619956,gc_victim_age_dist,0,47421,1572864,0.030149
817657746,gc_victim_age_dist,0,973384,1572864,0.618861
818933308,gc_victim_age_dist,1,695522,1572864,0.442201
819825881,gc_victim_age_dist,0,40226,1572864,0.025575
819857294,gc_victim_age_dist,0,148524,1572864,0.094429
819999395,gc_victim_age_dist,0,77425,1572864,0.049225
820180990,gc_victim_age_dist,1,597279,1572864,0.379740
822049835,gc_victim_age_dist,0,1113814,1572864,0.708144
823655393,gc_victim_age_dist,12,1124581,1572864,0.714989
824849309,gc_victim_age_dist,1,455851,1572864,0.289822
825238612,gc_victim_age_dist,13,884614,1572864,0.562422
826164174,gc_victim_age_dist,0,1011544,1572864,0.643122
827398982,gc_victim_age_dist,12,1065972,1572864,0.677727
828539584,gc_victim_age_dist,1,823959,1572864,0.523859
829494636,gc_victim_age_dist,1,728524,1572864,0.463183
830787935,gc_victim_age_dist,0,1105050,1572864,0.702572
833411949,gc_victim_age_dist,0,85544,1572864,0.054387
833480941,gc_victim_age_dist,13,961289,1572864,0.611171
834585858,gc_victim_age_dist,1,605795,1572864,0.385154
835389641,gc_victim_age_dist,13,993672,1572864,0.631760
836555009,gc_victim_age_dist,0,79644,1572864,0.050636
836624837,gc_victim_age_dist,1,845900,1572864,0.537809
837650896,gc_victim_age_dist,0,1106280,1572864,0.703354
839069242,gc_victim_age_dist,0,203624,1572864,0.129461
839271572,gc_victim_age_dist,12,1137559,1572864,0.723241
840621850,gc_victim_age_dist,0,1093601,1572864,0.695293
843818939,gc_victim_age_dist,1,1338392,1572864,0.850927
845397417,gc_victim_age_dist,1,590827,1572864,0.375638
846185080,gc_victim_age_dist,0,970964,1572864,0.617322
847540287,gc_victim_age_dist,12,855498,1572864,0.543911
848626320,gc_victim_age_dist,12,1024117,1572864,0.651116
849803189,gc_victim_age_dist,1,803109,1572864,0.510603
850729746,gc_victim_age_dist,12,1142254,1572864,0.726226
851996699,gc_victim_age_dist,1,643240,1572864,0.408961
852925617,gc_victim_age_dist,0,1139034,1572864,0.724178
854044258,gc_victim_age_dist,0,119204,1572864,0.075788
854078681,gc_victim_age_dist,0,1039832,1572864,0.661107
854078681,gc_victim_age_dist,1,699246,1572864,0.444569
854926744,gc_victim_age_dist,0,1116138,1572864,0.709621
855771311,gc_victim_age_dist,1,674856,1572864,0.429062
855771311,gc_victim_age_dist,0,1093648,1572864,0.695323
857078870,gc_victim_age_dist,13,1094011,1572864,0.695553
857406587,gc_victim_age_dist,1,714623,1572864,0.454345
857406587,gc_victim_age_dist,0,350612,1572864,0.222913
857748291,gc_victim_age_dist,1,789991,1572864,0.502263
858670395,gc_victim_age_dist,12,1164014,1572864,0.740060
859951328,gc_victim_age_dist,1,877882,1572864,0.558142
860896416,gc_victim_age_dist,0,95410,1572864,0.060660
860976685,gc_victim_age_dist,12,952996,1572864,0.605899
862020990,gc_victim_age_dist,12,1154474,1572864,0.733995
863310242,gc_victim_age_dist,1,947120,1572864,0.602163
864311038,gc_victim_age_dist,13,1173031,1572864,0.745793
864311038,gc_victim_age_dist,1,622425,1572864,0.395727
865116384,gc_victim_age_dist,0,1130748,1572864,0.718910
865884724,gc_victim_age_dist,13,1150891,1572864,0.731717
867143899,gc_victim_age_dist,1,600856,1572864,0.382014
867927810,gc_victim_age_dist,12,1104220,1572864,0.702044
869148758,gc_victim_age_dist,1,526468,1572864,0.334719
869832136,gc_victim_age_dist,13,1172024,1572864,0.745153
871012803,gc_victim_age_dist,1,699166,1572864,0.444518
871966932,gc_victim_age_dist,1,603224,1572864,0.383519
872795503,gc_victim_age_dist,0,1062308,1572864,0.675397
874487672,evict_victim_age_dist,12,1418186,1572864,0.901658
876077481,evict_victim_age_dist,12,1563100,1572864,0.993792
876197166,evict_victim_age_dist,12,1403744,1572864,0.892476
877584467,gc_victim_age_dist,1,1405860,1572864,0.893822
877834640,gc_victim_age_dist,13,1184460,1572864,0.753059
877834640,gc_victim_age_dist,12,1202314,1572864,0.764411
877834640,gc_victim_age_dist,0,1084052,1572864,0.689222
877834640,gc_victim_age_dist,0,1034700,1572864,0.657845
877834640,gc_victim_age_dist,0,1070612,1572864,0.680677
877834640,gc_victim_age_dist,1,909687,1572864,0.578363
878871355,gc_victim_age_dist,1,436172,1572864,0.277311
879244037,gc_victim_age_dist,1,571359,1572864,0.363260
879959993,gc_victim_age_dist,0,1053519,1572864,0.669809
881301697,gc_victim_age_dist,13,1162070,1572864,0.738824
882533033,gc_victim_age_dist,0,1124584,1572864,0.714991
883401142,gc_victim_age_dist,13,1118682,1572864,0.711239
883401142,gc_victim_age_dist,12,1186770,1572864,0.754528
884800405,gc_victim_age_dist,0,1130164,1572864,0.718539
885211018,gc_victim_age_dist,1,616279,1572864,0.391820
885991394,gc_victim_age_dist,12,1185708,1572864,0.753853
886912794,gc_victim_age_dist,1,562269,1572864,0.357481
887450449,gc_victim_age_dist,12,1130085,1572864,0.718489
887450449,gc_victim_age_dist,1,712767,1572864,0.453165
888374972,gc_victim_age_dist,1,906572,1572864,0.576383
888844364,gc_victim_age_dist,13,1211518,1572864,0.770262
888844364,gc_victim_age_dist,1,926373,1572864,0.588972
889928358,gc_victim_age_dist,1,915614,1572864,0.582132
890488147,gc_victim_age_dist,1,919694,1572864,0.584726
891620371,gc_victim_age_dist,0,1220842,1572864,0.776190
892216458,gc_victim_age_dist,0,215000,1572864,0.136693
892396473,gc_victim_age_dist,1,637643,1572864,0.405403
893234513,gc_victim_age_dist,1,684670,1572864,0.435301
893912683,gc_victim_age_dist,1,608828,1572864,0.387082
895764104,gc_victim_age_dist,1,850135,1572864,0.540501
895764104,gc_victim_age_dist,1,635633,1572864,0.404125
896535363,gc_victim_age_dist,13,1209280,1572864,0.768840
897695416,gc_victim_age_dist,1,537086,1572864,0.341470
898382896,gc_victim_age_dist,1,568935,1572864,0.361719
899121840,gc_victim_age_dist,1,800812,1572864,0.509143
900153138,gc_victim_age_dist,1,688073,1572864,0.437465
901056016,gc_victim_age_dist,13,1205244,1572864,0.766273
902356823,gc_victim_age_dist,1,589732,1572864,0.374942
902634345,gc_victim_age_dist,1,834060,1572864,0.530281
903697136,gc_victim_age_dist,12,1181037,1572864,0.750883
904372874,gc_victim_age_dist,1,687462,1572864,0.437077
905293098,gc_victim_age_dist,1,807952,1572864,0.513682
905518665,gc_victim_age_dist,1,742122,1572864,0.471828
906017525,gc_victim_age_dist,1,799847,1572864,0.508529
906017525,gc_victim_age_dist,0,1111260,1572864,0.706520
907460312,gc_victim_age_dist,1,656160,1572864,0.417175
908275233,gc_victim_age_dist,1,554334,1572864,0.352436
908971161,gc_victim_age_dist,1,1006816,1572864,0.640116
910067601,gc_victim_age_dist,1,809945,1572864,0.514949
911051247,gc_victim_age_dist,1,588059,1572864,0.373878
911775732,gc_victim_age_dist,1,1007538,1572864,0.640575
912788476,gc_victim_age_dist,1,538280,1572864,0.342229
913457413,gc_victim_age_dist,1,772377,1572864,0.491064
914394810,gc_victim_age_dist,13,1219084,1572864,0.775073
914495870,gc_victim_age_dist,1,814287,1572864,0.517710
915498299,gc_victim_age_dist,1,641542,1572864,0.407881
916303252,gc_victim_age_dist,1,932389,1572864,0.592797
917289757,evict_victim_age_dist,12,1475700,1572864,0.938225
918705174,gc_victim_age_dist,1,734440,1572864,0.466944
919666555,gc_victim_age_dist,1,813463,1572864,0.517186
920694866,gc_victim_age_dist,13,1022361,1572864,0.650000
921414905,evict_victim_age_dist,12,1485490,1572864,0.944449
922842864,gc_victim_age_dist,0,251592,1572864,0.159958
922976450,gc_victim_age_dist,0,196092,1572864,0.124672
923137392,gc_victim_age_dist,1,691761,1572864,0.439810
924002097,gc_victim_age_dist,1,857484,1572864,0.545174
925054862,gc_victim_age_dist,1,809390,1572864,0.514596
926023617,evict_victim_age_dist,12,1473832,1572864,0.937037
928315949,evict_victim_age_dist,12,1372809,1572864,0.872808
929659159,evict_victim_age_dist,12,1363590,1572864,0.866947
930992845,gc_victim_age_dist,1,1488991,1572864,0.946675
931703775,gc_victim_age_dist,13,848524,1572864,0.539477
932613196,gc_victim_age_dist,12,1108502,1572864,0.704767
933286870,gc_victim_age_dist,1,863358,1572864,0.548908
933286870,gc_victim_age_dist,1,819662,1572864,0.521127
934337811,gc_victim_age_dist,1,820680,1572864,0.521774
935037489,gc_victim_age_dist,0,1235162,1572864,0.785295
935037489,gc_victim_age_dist,1,819391,1572864,0.520955
936062868,gc_victim_age_dist,13,1116940,1572864,0.710131
937355727,gc_victim_age_dist,13,1147277,1572864,0.729419
938445047,evict_victim_age_dist,13,1480540,1572864,0.941302
939851801,gc_victim_age_dist,1,880516,1572864,0.559817
940046372,gc_victim_age_dist,12,1238124,1572864,0.787178
941562395,evict_victim_age_dist,13,1571360,1572864,0.999044
943093744,gc_victim_age_dist,0,1068574,1572864,0.679381
943365873,gc_victim_age_dist,1,611998,1572864,0.389098
943365873,gc_victim_age_dist,1,405931,1572864,0.258084
943730152,gc_victim_age_dist,1,1058808,1572864,0.673172
944929504,gc_victim_age_dist,12,1252924,1572864,0.796588
945053003,gc_victim_age_dist,1,862756,1572864,0.548525
946158428,gc_victim_age_dist,1,1029856,1572864,0.654765
946656443,evict_victim_age_dist,13,1567880,1572864,0.996831
948160188,gc_victim_age_dist,0,239502,1572864,0.152271
948382216,gc_victim_age_dist,13,1232145,1572864,0.783377
949826334,gc_victim_age_dist,1,421708,1572864,0.268115
950189549,gc_victim_age_dist,1,837446,1572864,0.532434
951253189,gc_victim_age_dist,12,1129299,1572864,0.717989
951698489,gc_victim_age_dist,0,1192364,1572864,0.758085
953273065,evict_victim_age_dist,13,1501992,1572864,0.954941
954735846,gc_victim_age_dist,1,729448,1572864,0.463771
955081418,gc_victim_age_dist,12,1228880,1572864,0.781301
955081418,gc_victim_age_dist,12,1240205,1572864,0.788501
955081418,gc_victim_age_dist,1,701427,1572864,0.445955
955906638,gc_victim_age_dist,1,696032,1572864,0.442525
956691970,evict_victim_age_dist,12,1403344,1572864,0.892222
958040367,gc_victim_age_dist,1,764038,1572864,0.485762
959041374,evict_victim_age_dist,12,1465864,1572864,0.931971
960435048,evict_victim_age_dist,12,1453832,1572864,0.924321
961837108,evict_victim_age_dist,12,1396919,1572864,0.888137
963233554,evict_victim_age_dist,12,1419868,1572864,0.902728
964672614,gc_victim_age_dist,1,1464764,1572864,0.931272
966378782,gc_victim_age_dist,13,1101491,1572864,0.700309
966468255,gc_victim_age_dist,1,322028,1572864,0.204740
966739960,gc_victim_age_dist,0,1110888,1572864,0.706284
968126600,gc_victim_age_dist,0,220018,1572864,0.139884
968330845,gc_victim_age_dist,1,677232,1572864,0.430573
969257627,gc_victim_age_dist,1,878229,1572864,0.558363
970384013,gc_victim_age_dist,12,1076591,1572864,0.684478
971631262,gc_victim_age_dist,1,900536,1572864,0.572545
972737078,evict_victim_age_dist,12,1494946,1572864,0.950461
974592230,evict_victim_age_dist,12,1545399,1572864,0.982538
976081911,evict_victim_age_dist,12,1417136,1572864,0.900991
977474281,gc_victim_age_dist,1,1480456,1572864,0.941249
977906561,gc_victim_age_dist,12,1216262,1572864,0.773279
979203533,gc_victim_age_dist,1,695392,1572864,0.442118
979594703,gc_victim_age_dist,0,1234762,1572864,0.785041
979594703,gc_victim_age_dist,12,1276578,1572864,0.811626
979594703,gc_victim_age_dist,12,1262501,1572864,0.802677
980924737,gc_victim_age_dist,13,1234224,1572864,0.784698
981244747,evict_victim_age_dist,12,1355233,1572864,0.861634
982547519,gc_victim_age_dist,12,1187135,1572864,0.754760
982820806,evict_victim_age_dist,13,1561668,1572864,0.992882
984318600,gc_victim_age_dist,12,1195714,1572864,0.760214
984427574,gc_victim_age_dist,0,1170846,1572864,0.744404
985786355,gc_victim_age_dist,13,1228816,1572864,0.781260
986141957,gc_victim_age_dist,0,1240156,1572864,0.788470
986141957,gc_victim_age_dist,13,1159549,1572864,0.737221
986141957,gc_victim_age_dist,1,328598,1572864,0.208917
986435709,gc_victim_age_dist,1,1068826,1572864,0.679541
986524807,gc_victim_age_dist,1,1082723,1572864,0.688377
986524807,gc_victim_age_dist,12,1266160,1572864,0.805003
986524807,gc_victim_age_dist,1,1072014,1572864,0.681568
987772850,evict_victim_age_dist,12,1466323,1572864,0.932263
989208452,gc_victim_age_dist,1,1028252,1572864,0.653745
989363753,gc_victim_age_dist,12,1201677,1572864,0.764006
989363753,gc_victim_age_dist,13,1291019,1572864,0.820808
989363753,gc_victim_age_dist,1,760317,1572864,0.483397
990332318,gc_victim_age_dist,12,1299097,1572864,0.825944
990938594,gc_victim_age_dist,12,1210211,1572864,0.769431
990938594,gc_victim_age_dist,13,1300104,1572864,0.826584
992344532,evict_victim_age_dist,12,1418037,1572864,0.901564
993701673,gc_victim_age_dist,12,1312464,1572864,0.834442
994351336,gc_victim_age_dist,1,742329,1572864,0.471960
994351336,gc_victim_age_dist,1,387889,1572864,0.246613
994679434,gc_victim_age_dist,0,1288256,1572864,0.819051
996056340,gc_victim_age_dist,1,328538,1572864,0.208879
996319161,gc_victim_age_dist,13,1313884,1572864,0.835345
997656651,evict_victim_age_dist,13,1572392,1572864,0.999700
999150530,gc_victim_age_dist,13,362450,1572864,0.230440
999453429,gc_victim_age_dist,12,1299256,1572864,0.826045
1000841231,gc_victim_age_dist,12,1248793,1572864,0.793961
1002295711,evict_victim_age_dist,13,1571280,1572864,0.998993
1003851362,gc_victim_age_dist,1,1080266,1572864,0.686815
1004205066,evict_victim_age_dist,13,1560120,1572864,0.991898
1005717265,gc_victim_age_dist,13,1303415,1572864,0.828689
1005834841,gc_victim_age_dist,13,1218949,1572864,0.774987
1005834841,gc_victim_age_dist,1,832686,1572864,0.529408
1006830125,gc_victim_age_dist,12,1312514,1572864,0.834474
1007482077,evict_victim_age_dist,12,1449003,1572864,0.921251
1008875082,gc_victim_age_dist,12,1302498,1572864,0.828106
1009082015,gc_victim_age_dist,0,1235504,1572864,0.785512
1009082015,gc_victim_age_dist,1,1159139,1572864,0.736961
1009082015,gc_victim_age_dist,12,1260578,1572864,0.801454
1009082015,gc_victim_age_dist,1,777456,1572864,0.494293
1009944488,gc_victim_age_dist,12,1328499,1572864,0.844637
1010738644,gc_victim_age_dist,13,1320852,1572864,0.839775
1010738644,gc_victim_age_dist,1,873160,1572864,0.555140
1011750892,evict_victim_age_dist,12,1522488,1572864,0.967972
1013211353,gc_victim_age_dist,13,1224986,1572864,0.778825
1013989303,gc_victim_age_dist,1,527989,1572864,0.335686
1014666202,gc_victim_age_dist,1,718765,1572864,0.456978
1015519468,gc_victim_age_dist,1,677476,1572864,0.430728
1016397182,evict_victim_age_dist,13,1516138,1572864,0.963935
1017846889,evict_victim_age_dist,12,1428163,1572864,0.908002
1019211385,gc_victim_age_dist,1,1475772,1572864,0.938271
1020582741,gc_victim_age_dist,1,765880,1572864,0.486933
1020582741,gc_victim_age_dist,1,556146,1572864,0.353588
1021273834,gc_victim_age_dist,13,1325586,1572864,0.842785
1022234021,gc_victim_age_dist,1,891819,1572864,0.567003
1023342924,gc_victim_age_dist,13,1279366,1572864,0.813399
1023846811,gc_victim_age_dist,12,1333668,1572864,0.847923
1023846811,gc_victim_age_dist,12,1335886,1572864,0.849333
1023846811,gc_victim_age_dist,12,1328270,1572864,0.844491
1023846811,gc_victim_age_dist,0,484719,1572864,0.308176
1024680190,gc_victim_age_dist,1,1153238,1572864,0.733209
1025528807,gc_victim_age_dist,13,1209241,1572864,0.768815
1025528807,gc_victim_age_dist,1,737731,1572864,0.469037
1026446120,evict_victim_age_dist,12,1413952,1572864,0.898966
1027796831,gc_victim_age_dist,1,843106,1572864,0.536032
1028845873,gc_victim_age_dist,0,283906,1572864,0.180503
1029110442,gc_victim_age_dist,12,1318266,1572864,0.838131
1030571622,evict_victim_age_dist,12,1388616,1572864,0.882858
1031932081,gc_victim_age_dist,13,1271169,1572864,0.808187
1032196501,gc_victim_age_dist,1,863882,1572864,0.549241
1033280698,gc_victim_age_dist,12,1298794,1572864,0.825751
1033798060,evict_victim_age_dist,12,1357227,1572864,0.862902
1035114114,gc_victim_age_dist,1,819506,1572864,0.521028
1035516080,gc_victim_age_dist,1,793144,1572864,0.504267
1036512489,evict_victim_age_dist,13,1521888,1572864,0.967590
1038004875,gc_victim_age_dist,12,1191706,1572864,0.757666
1038993445,gc_victim_age_dist,1,836325,1572864,0.531721
1038993445,gc_victim_age_dist,1,829566,1572864,0.527424
1040040974,evict_victim_age_dist,12,1351714,1572864,0.859397
1041356474,gc_victim_age_dist,12,1304739,1572864,0.829531
1042391532,gc_victim_age_dist,1,872348,1572864,0.554624
1043546178,evict_victim_age_dist,13,1531950,1572864,0.973988
1045008014,gc_victim_age_dist,1,126776,1572864,0.080602
1045084037,gc_victim_age_dist,1,792424,1572864,0.503810
1046125840,gc_victim_age_dist,1,792696,1572864,0.503983
1047004634,gc_victim_age_dist,12,1331938,1572864,0.846823
1048594900,gc_victim_age_dist,13,899389,1572864,0.571816
1049088098,gc_victim_age_dist,13,1304054,1572864,0.829095
1049088098,gc_victim_age_dist,12,1337545,1572864,0.850388
1049088098,gc_victim_age_dist,12,1330051,1572864,0.845624
1049088098,gc_victim_age_dist,12,1329116,1572864,0.845029
1050231872,evict_victim_age_dist,12,1449350,1572864,0.921472
1050676878,gc_victim_age_dist,12,1292876,1572864,0.821988
1050676878,gc_victim_age_dist,12,1323236,1572864,0.841291
1050676878,gc_victim_age_dist,1,880328,1572864,0.559697
1050676878,gc_victim_age_dist,12,1343557,1572864,0.854211
1052120982,gc_victim_age_dist,1,366707,1572864,0.233146
1052354165,gc_victim_age_dist,12,1329824,1572864,0.845479
1052354165,gc_victim_age_dist,12,1348799,1572864,0.857543
1052388389,gc_victim_age_dist,12,1296573,1572864,0.824339
1052847378,gc_victim_age_dist,1,601087,1572864,0.382161
1053605450,gc_victim_age_dist,1,826450,1572864,0.525443
1054600576,evict_victim_age_dist,12,1400644,1572864,0.890505
1055969700,evict_victim_age_dist,12,1384170,1572864,0.880032
1057312889,evict_victim_age_dist,13,1492903,1572864,0.949162
1058750320,gc_victim_age_dist,1,1482696,1572864,0.942673
1060335389,gc_victim_age_dist,1,1040402,1572864,0.661470
1060462774,gc_victim_age_dist,12,1242640,1572864,0.790049
1060462774,gc_victim_age_dist,0,1238808,1572864,0.787613
1062067842,gc_victim_age_dist,0,226924,1572864,0.144274
1062258127,gc_victim_age_dist,1,863337,1572864,0.548895
1063376197,gc_victim_age_dist,12,1294185,1572864,0.822821
1063721620,gc_victim_age_dist,12,1296205,1572864,0.824105
1063721620,gc_victim_age_dist,12,1316728,1572864,0.837153
1063721620,gc_victim_age_dist,12,1322545,1572864,0.840851
1063721620,gc_victim_age_dist,1,418940,1572864,0.266355
1064077915,gc_victim_age_dist,1,468062,1572864,0.297586
1064477861,gc_victim_age_dist,12,1309286,1572864,0.832422
1065951995,evict_victim_age_dist,13,1523760,1572864,0.968781
1067401779,evict_victim_age_dist,13,1478193,1572864,0.939810
1068792781,evict_victim_age_dist,12,1446364,1572864,0.919573
1070153860,evict_victim_age_dist,13,1538128,1572864,0.977915
1071657856,evict_victim_age_dist,13,1456368,1572864,0.925934
1073108650,gc_victim_age_dist,1,1457372,1572864,0.926572
1074861578,gc_victim_age_dist,0,993072,1572864,0.631378
1075051049,gc_victim_age_dist,13,1209716,1572864,0.769117
1075051049,gc_victim_age_dist,13,1304088,1572864,0.829117
1076682618,gc_victim_age_dist,13,1129276,1572864,0.717974
1076682618,gc_victim_age_dist,1,386909,1572864,0.245990
1077018232,gc_victim_age_dist,13,1313316,1572864,0.834984
1078346714,gc_victim_age_dist,1,239874,1572864,0.152508
1078556997,gc_victim_age_dist,13,1314932,1572864,0.836011
1079976396,evict_victim_age_dist,13,1510621,1572864,0.960427
1081591189,evict_victim_age_dist,12,1521984,1572864,0.967651
1083054057,evict_victim_age_dist,13,1480490,1572864,0.941270
1084479611,gc_victim_age_dist,1,1485652,1572864,0.944552
1084817569,gc_victim_age_dist,12,1260538,1572864,0.801428
1084817569,gc_victim_age_dist,13,1312570,1572864,0.834510
1084817569,gc_victim_age_dist,13,1323316,1572864,0.841342
1084817569,gc_victim_age_dist,1,687940,1572864,0.437380
1085752883,gc_victim_age_dist,1,509301,1572864,0.323805
1086517902,gc_victim_age_dist,1,930576,1572864,0.591644
1087730497,gc_victim_age_dist,13,1296238,1572864,0.824126
1088254160,gc_victim_age_dist,1,1148096,1572864,0.729940
1088254160,gc_victim_age_dist,1,1197025,1572864,0.761048
1089822276,evict_victim_age_dist,13,1425920,1572864,0.906576
1091207561,evict_victim_age_dist,13,1461504,1572864,0.929199
1092641193,evict_victim_age_dist,13,1567084,1572864,0.996325
1094142101,gc_victim_age_dist,1,1341328,1572864,0.852793
1094585385,gc_victim_age_dist,13,1242060,1572864,0.789680
1094585385,gc_victim_age_dist,12,1293428,1572864,0.822339
1094585385,gc_victim_age_dist,12,1319922,1572864,0.839184
1094585385,gc_victim_age_dist,1,937680,1572864,0.596161
1095861747,gc_victim_age_dist,13,1331884,1572864,0.846789
1096190838,evict_victim_age_dist,13,1380985,1572864,0.878007
1097516557,gc_victim_age_dist,0,1292206,1572864,0.821562
1097795744,gc_victim_age_dist,1,624075,1572864,0.396776
1098603397,gc_victim_age_dist,13,1334887,1572864,0.848698
1099392893,gc_victim_age_dist,12,1345540,1572864,0.855471
1099392893,gc_victim_age_dist,1,1186202,1572864,0.754167
1099432110,gc_victim_age_dist,1,954763,1572864,0.607022
1099432110,gc_victim_age_dist,1,969796,1572864,0.616580
1099432110,gc_victim_age_dist,13,1350195,1572864,0.858431
1100892072,evict_victim_age_dist,13,1379485,1572864,0.877053
1102215327,gc_victim_age_dist,13,1110418,1572864,0.705985
1102638009,gc_victim_age_dist,13,1107844,1572864,0.704348
1102638009,gc_victim_age_dist,12,1336287,1572864,0.849588
1102638009,gc_victim_age_dist,1,978782,1572864,0.622293
1103795132,gc_victim_age_dist,13,1227718,1572864,0.780562
1104211698,gc_victim_age_dist,1,1211000,1572864,0.769933
1104211698,gc_victim_age_dist,0,360666,1572864,0.229305
1104513543,evict_victim_age_dist,12,1399572,1572864,0.889824
1105872631,gc_victim_age_dist,13,1299160,1572864,0.825984
1107263705,evict_victim_age_dist,13,1362023,1572864,0.865951
1108565154,gc_victim_age_dist,12,1332948,1572864,0.847466
1109075231,gc_victim_age_dist,13,1199726,1572864,0.762765
1109075231,gc_victim_age_dist,13,1310988,1572864,0.833504
1110581178,evict_victim_age_dist,13,1550894,1572864,0.986032
1112076491,gc_victim_age_dist,13,1289235,1572864,0.819674
1112280625,gc_victim_age_dist,1,916630,1572864,0.582778
1112280625,gc_victim_age_dist,13,1333130,1572864,0.847581
1112280625,gc_victim_age_dist,13,1340763,1572864,0.852434
1112280625,gc_victim_age_dist,1,959416,1572864,0.609980
1113502279,gc_victim_age_dist,1,763333,1572864,0.485314
1113924909,evict_victim_age_dist,13,1566944,1572864,0.996236
1115432917,gc_victim_age_dist,13,1335102,1572864,0.848835
1115502841,gc_victim_age_dist,1,909138,1572864,0.578014
1116599067,evict_victim_age_dist,13,1559664,1572864,0.991608
1118076480,gc_victim_age_dist,1,1184062,1572864,0.752806
1118708850,gc_victim_age_dist,1,919112,1572864,0.584356
1119839161,evict_victim_age_dist,13,1554680,1572864,0.988439
1121271648,gc_victim_age_dist,13,1306492,1572864,0.830645
1122086857,gc_victim_age_dist,1,1108456,1572864,0.704737
1122086857,gc_victim_age_dist,1,928144,1572864,0.590098
1122086857,gc_victim_age_dist,1,916439,1572864,0.582656
1123358238,evict_victim_age_dist,13,1369810,1572864,0.870902
1124628292,gc_victim_age_dist,13,1304229,1572864,0.829206
1125469469,gc_victim_age_dist,12,1351032,1572864,0.858963
1125469469,gc_victim_age_dist,13,1350627,1572864,0.858706
1125469469,gc_victim_age_dist,1,899825,1572864,0.572093
1126694504,gc_victim_age_dist,1,702453,1572864,0.446608
1127060778,evict_victim_age_dist,13,1546064,1572864,0.982961
1128546681,gc_victim_age_dist,1,878209,1572864,0.558350
1129601536,gc_victim_age_dist,1,1008028,1572864,0.640887
1130311115,gc_victim_age_dist,1,963751,1572864,0.612736
1130311115,gc_victim_age_dist,1,995956,1572864,0.633212
1131444971,evict_victim_age_dist,12,1452790,1572864,0.923659
1133576831,evict_victim_age_dist,13,1438312,1572864,0.914454
1135063685,evict_victim_age_dist,13,1454632,1572864,0.924830
1136482470,gc_victim_age_dist,1,1484832,1572864,0.944031
1136821498,gc_victim_age_dist,1,1048832,1572864,0.666829
1136821498,gc_victim_age_dist,1,181568,1572864,0.115438
1136968898,gc_victim_age_dist,13,1343613,1572864,0.854246
1138398528,gc_victim_age_dist,13,1313821,1572864,0.835305
1138398528,gc_victim_age_dist,1,869207,1572864,0.552627
1139672708,gc_victim_age_dist,12,1326122,1572864,0.843126
1140007759,gc_victim_age_dist,1,935949,1572864,0.595060
1140007759,gc_victim_age_dist,1,887643,1572864,0.564348
1141342186,evict_victim_age_dist,13,1412384,1572864,0.897970
1142723045,gc_victim_age_dist,1,698403,1572864,0.444033
1143254504,gc_victim_age_dist,13,1343212,1572864,0.853991
1144922226,gc_victim_age_dist,12,1320844,1572864,0.839770
1144980510,gc_victim_age_dist,13,1333904,1572864,0.848073
1144980510,gc_victim_age_dist,1,940273,1572864,0.597809
1144980510,gc_victim_age_dist,13,1351012,1572864,0.858950
1144980510,gc_victim_age_dist,13,1348164,1572864,0.857140
1145825276,evict_victim_age_dist,13,1465892,1572864,0.931989
1146718674,gc_victim_age_dist,13,1206835,1572864,0.767285
1146718674,gc_victim_age_dist,0,304554,1572864,0.193630
1147006588,gc_victim_age_dist,1,940451,1572864,0.597923
1148218431,gc_victim_age_dist,1,927516,1572864,0.589699
1149473255,gc_victim_age_dist,1,895545,1572864,0.569372
1150117003,evict_victim_age_dist,13,1473804,1572864,0.937019
1151531764,gc_victim_age_dist,1,783043,1572864,0.497845
1152594693,evict_victim_age_dist,0,1444419,1572864,0.918337
1153978122,evict_victim_age_dist,0,1489896,1572864,0.947250
1155464113,evict_victim_age_dist,13,1431765,1572864,0.910292
1156817368,gc_victim_age_dist,1,1488928,1572864,0.946635
1158131037,gc_victim_age_dist,13,1304508,1572864,0.829384
1158131037,gc_victim_age_dist,13,1300120,1572864,0.826594
1158131037,gc_victim_age_dist,13,1210024,1572864,0.769313
1159751594,gc_victim_age_dist,1,750077,1572864,0.476886
1159751594,gc_victim_age_dist,1,988481,1572864,0.628459
1159751594,gc_victim_age_dist,1,317737,1572864,0.202012
1160022452,gc_victim_age_dist,1,792722,1572864,0.503999
1161266961,evict_victim_age_dist,13,1401824,1572864,0.891256
1164317090,evict_victim_age_dist,13,1567232,1572864,0.996419
1165823194,gc_victim_age_dist,1,1413993,1572864,0.898993
1166340053,gc_victim_age_dist,13,1159363,1572864,0.737103
1166340053,gc_victim_age_dist,13,1331972,1572864,0.846845
1166340053,gc_victim_age_dist,13,1329639,1572864,0.845362
1166340053,gc_victim_age_dist,1,745035,1572864,0.473680
1167509092,gc_victim_age_dist,12,1345221,1572864,0.855268
1168031047,gc_victim_age_dist,13,1273561,1572864,0.809708
1168031047,gc_victim_age_dist,1,535722,1572864,0.340603
1168746214,gc_victim_age_dist,13,1341694,1572864,0.853026
1169667275,gc_victim_age_dist,1,892105,1572864,0.567185
1170979121,evict_victim_age_dist,13,1511416,1572864,0.960932
1173009062,evict_victim_age_dist,13,1559696,1572864,0.991628
1174613898,evict_victim_age_dist,13,1460371,1572864,0.928479
1176052733,evict_victim_age_dist,13,1372184,1572864,0.872411
1177408188,gc_victim_age_dist,1,1460765,1572864,0.928729
1177875522,gc_victim_age_dist,13,1245517,1572864,0.791878
1177875522,gc_victim_age_dist,13,1330377,1572864,0.845831
1177875522,gc_victim_age_dist,13,1335905,1572864,0.849346
1177875522,gc_victim_age_dist,13,1352394,1572864,0.859829
1177875522,gc_victim_age_dist,1,849867,1572864,0.540331
1179106280,gc_victim_age_dist,1,989667,1572864,0.629213
1179465430,gc_victim_age_dist,1,874011,1572864,0.555681
1180790510,gc_victim_age_dist,13,1358472,1572864,0.863693
1181091251,gc_victim_age_dist,12,1343352,1572864,0.854080
1181091251,gc_victim_age_dist,1,1038682,1572864,0.660376
1181091251,gc_victim_age_dist,1,1027612,1572864,0.653338
1181091251,gc_victim_age_dist,1,984637,1572864,0.626015
1182241639,evict_victim_age_dist,13,1572260,1572864,0.999616
1183653750,gc_victim_age_dist,1,760054,1572864,0.483229
1184353849,gc_victim_age_dist,1,993210,1572864,0.631466
1184748865,gc_victim_age_dist,12,1362116,1572864,0.866010
1184748865,gc_victim_age_dist,1,951897,1572864,0.605200
1184748865,gc_victim_age_dist,13,1364534,1572864,0.867547
1184748865,gc_victim_age_dist,13,1329405,1572864,0.845213
1185956177,evict_victim_age_dist,13,1380664,1572864,0.877803
1187277748,gc_victim_age_dist,13,1318082,1572864,0.838014
1187571110,gc_victim_age_dist,13,1363972,1572864,0.867190
1187571110,gc_victim_age_dist,1,852541,1572864,0.542031
1187571110,gc_victim_age_dist,1,946830,1572864,0.601978
1188679970,evict_victim_age_dist,12,1498288,1572864,0.952586
1190071460,evict_victim_age_dist,13,1572712,1572864,0.999903
1191575142,evict_victim_age_dist,13,1417470,1572864,0.901203
1192942811,gc_victim_age_dist,1,1437010,1572864,0.913626
1194061255,gc_victim_age_dist,13,1324231,1572864,0.841923
1194061255,gc_victim_age_dist,1,746561,1572864,0.474651
1194061255,gc_victim_age_dist,1,969422,1572864,0.616342
1195208471,gc_victim_age_dist,0,347045,1572864,0.220645
1195530746,gc_victim_age_dist,1,944184,1572864,0.600296
1196917164,gc_victim_age_dist,12,1228832,1572864,0.781270
1197753141,gc_victim_age_dist,1,1215189,1572864,0.772596
1197753141,gc_victim_age_dist,1,812284,1572864,0.516436
1198764253,gc_victim_age_dist,1,806514,1572864,0.512768
1199361231,gc_victim_age_dist,1,897655,1572864,0.570714
1199361231,gc_victim_age_dist,1,988300,1572864,0.628344
1200490000,gc_victim_age_dist,1,917875,1572864,0.583569
1201016669,evict_victim_age_dist,13,1563375,1572864,0.993967
1202510419,gc_victim_age_dist,1,772442,1572864,0.491105
1203624176,gc_victim_age_dist,13,1343494,1572864,0.854170
1204251583,gc_victim_age_dist,13,1344559,1572864,0.854848
1204251583,gc_victim_age_dist,13,1352953,1572864,0.860184
1204251583,gc_victim_age_dist,13,1365276,1572864,0.868019
1204251583,gc_victim_age_dist,1,825784,1572864,0.525019
1205552563,gc_victim_age_dist,1,649062,1572864,0.412663
1205838364,gc_victim_age_dist,13,1276038,1572864,0.811283
1207290333,evict_victim_age_dist,13,1476664,1572864,0.938838
1208591661,gc_victim_age_dist,13,1257950,1572864,0.799783
1209040425,gc_victim_age_dist,1,641291,1572864,0.407722
1209040425,gc_victim_age_dist,1,832854,1572864,0.529514
1210224712,gc_victim_age_dist,1,947912,1572864,0.602666
1210644679,gc_victim_age_dist,1,1277599,1572864,0.812276
1210644679,gc_victim_age_dist,1,1029033,1572864,0.654242
1212026037,evict_victim_age_dist,13,1470662,1572864,0.935022
1213827475,evict_victim_age_dist,13,1563114,1572864,0.993801
1215463300,evict_victim_age_dist,13,1463808,1572864,0.930664
1216857112,gc_victim_age_dist,1,1457328,1572864,0.926544
1217092096,gc_victim_age_dist,13,1172292,1572864,0.745323
1217092096,gc_victim_age_dist,13,1191172,1572864,0.757327
1217092096,gc_victim_age_dist,13,1353144,1572864,0.860306
1218675168,gc_victim_age_dist,1,981761,1572864,0.624187
1218675168,gc_victim_age_dist,1,957784,1572864,0.608943
1218675168,gc_victim_age_dist,1,813201,1572864,0.517019
1220025517,gc_victim_age_dist,1,1250168,1572864,0.794835
1220295010,gc_victim_age_dist,12,1330462,1572864,0.845885
1220295010,gc_victim_age_dist,1,985633,1572864,0.626649
1220295010,gc_victim_age_dist,1,1048316,1572864,0.666501
1222012726,evict_victim_age_dist,13,1499028,1572864,0.953056
1223611082,evict_victim_age_dist,13,1486122,1572864,0.944851
1225031784,evict_victim_age_dist,13,1455192,1572864,0.925186
1226465571,gc_victim_age_dist,1,1432352,1572864,0.910665
1226832989,gc_victim_age_dist,1,813264,1572864,0.517059
1226832989,gc_victim_age_dist,13,1354817,1572864,0.861369
1227470593,gc_victim_age_dist,1,630681,1572864,0.400976
1227470593,gc_victim_age_dist,13,1275782,1572864,0.811120
1227470593,gc_victim_age_dist,13,1360156,1572864,0.864764
1227470593,gc_victim_age_dist,1,1094756,1572864,0.696027
1228431106,evict_victim_age_dist,13,1438530,1572864,0.914593
1229816214,gc_victim_age_dist,13,1345288,1572864,0.855311
1230021077,gc_victim_age_dist,1,881897,1572864,0.560695
1230021077,gc_victim_age_dist,1,818023,1572864,0.520085
1231020067,gc_victim_age_dist,1,937723,1572864,0.596188
1231633704,evict_victim_age_dist,13,1536814,1572864,0.977080
1233091123,gc_victim_age_dist,1,1048972,1572864,0.666918
1234357200,gc_victim_age_dist,13,1336607,1572864,0.849792
1234985792,gc_victim_age_dist,1,691486,1572864,0.439635
1234985792,gc_victim_age_dist,13,1270829,1572864,0.807971
1234985792,gc_victim_age_dist,1,1275963,1572864,0.811235
1236377554,gc_victim_age_dist,13,1247354,1572864,0.793046
1236719253,gc_victim_age_dist,1,672235,1572864,0.427396
1236719253,gc_victim_age_dist,1,362796,1572864,0.230659
1237015996,gc_victim_age_dist,13,1126256,1572864,0.716054
1238352365,evict_victim_age_dist,13,1435763,1572864,0.912834
1239716689,gc_victim_age_dist,1,710225,1572864,0.451549
1240627905,gc_victim_age_dist,1,943586,1572864,0.599916
1241617178,gc_victim_age_dist,1,681793,1572864,0.433472
1242446375,gc_victim_age_dist,13,1341560,1572864,0.852941
1243192188,gc_victim_age_dist,1,1232434,1572864,0.783560
1243192188,gc_victim_age_dist,13,1357143,1572864,0.862848
1244704901,gc_victim_age_dist,1,1130020,1572864,0.718447
1244851575,gc_victim_age_dist,1,1273260,1572864,0.809517
1244851575,gc_victim_age_dist,13,1353423,1572864,0.860483
1244851575,gc_victim_age_dist,1,986901,1572864,0.627455
1244851575,gc_victim_age_dist,1,872387,1572864,0.554649
1245951241,gc_victim_age_dist,1,1044444,1572864,0.664040
1246658190,gc_victim_age_dist,1,777461,1572864,0.494296
1247676749,evict_victim_age_dist,13,1429448,1572864,0.908819
1249062699,gc_victim_age_dist,13,1200856,1572864,0.763484
1250147340,gc_victim_age_dist,1,704338,1572864,0.447806
1251036247,gc_victim_age_dist,1,1102788,1572864,0.701134
1251843376,gc_victim_age_dist,13,1345712,1572864,0.855581
1251843376,gc_victim_age_dist,1,1241046,1572864,0.789036
1251843376,gc_victim_age_dist,1,280126,1572864,0.178099
1252080730,gc_victim_age_dist,1,846137,1572864,0.537959
1253076876,evict_victim_age_dist,13,1511454,1572864,0.960957
1254472884,gc_victim_age_dist,13,1291016,1572864,0.820806
1255907534,gc_victim_age_dist,13,1367095,1572864,0.869176
1256671517,gc_victim_age_dist,13,1361342,1572864,0.865518
1256671517,gc_victim_age_dist,1,1045488,1572864,0.664703
1256671517,gc_victim_age_dist,13,1376624,1572864,0.875234
1256671517,gc_victim_age_dist,1,1018547,1572864,0.647575
1257162262,gc_victim_age_dist,1,834111,1572864,0.530313
1257162262,gc_victim_age_dist,1,961800,1572864,0.611496
1258304659,evict_victim_age_dist,13,1518756,1572864,0.965599
1259718106,gc_victim_age_dist,1,1107867,1572864,0.704363
1259883680,gc_victim_age_dist,12,1372318,1572864,0.872496
1259883680,gc_victim_age_dist,1,1043087,1572864,0.663177
1259883680,gc_victim_age_dist,1,1278018,1572864,0.812542
1261543626,evict_victim_age_dist,13,1547400,1572864,0.983810
1263003753,gc_victim_age_dist,13,1313518,1572864,0.835112
1263194905,gc_victim_age_dist,0,283841,1572864,0.180461
1263375332,gc_victim_age_dist,13,1357423,1572864,0.863026
1264903500,gc_victim_age_dist,13,1145591,1572864,0.728347
1264903500,gc_victim_age_dist,1,814268,1572864,0.517698
1264903500,gc_victim_age_dist,13,965474,1572864,0.613832
1266463631,gc_victim_age_dist,1,1107407,1572864,0.704070
1266603949,gc_victim_age_dist,1,626604,1572864,0.398384
1267626063,evict_victim_age_dist,13,1402249,1572864,0.891526
1269003572,gc_victim_age_dist,1,1306680,1572864,0.830765
1269824711,evict_victim_age_dist,13,1398504,1572864,0.889145
1271143268,gc_victim_age_dist,1,767896,1572864,0.488215
1271436395,gc_victim_age_dist,13,1307183,1572864,0.831085
1271436395,gc_victim_age_dist,13,1319456,1572864,0.838888
1273067876,evict_victim_age_dist,13,1460163,1572864,0.928347
1274652366,evict_victim_age_dist,13,1441330,1572864,0.916373
1276160856,evict_victim_age_dist,13,1534702,1572864,0.975737
1277585026,gc_victim_age_dist,1,1449912,1572864,0.921829
1277971105,gc_victim_age_dist,1,767582,1572864,0.488015
1277971105,gc_victim_age_dist,13,1377271,1572864,0.875645
1277971105,gc_victim_age_dist,1,1071237,1572864,0.681074
1279236291,gc_victim_age_dist,13,1122632,1572864,0.713750
1279544999,gc_victim_age_dist,13,1151240,1572864,0.731939
1279544999,gc_victim_age_dist,13,1089747,1572864,0.692842
1279544999,gc_victim_age_dist,1,947502,1572864,0.602406
1280939080,gc_victim_age_dist,0,559049,1572864,0.355434
1282474605,gc_victim_age_dist,13,1253425,1572864,0.796906
1282905993,gc_victim_age_dist,1,777421,1572864,0.494271
1282905993,gc_victim_age_dist,13,1371832,1572864,0.872187
1282905993,gc_victim_age_dist,1,1011560,1572864,0.643133
1284155936,gc_victim_age_dist,1,661376,1572864,0.420492
1284640071,gc_victim_age_dist,1,844490,1572864,0.536912
1285543582,evict_victim_age_dist,13,1404789,1572864,0.893141
1286833311,gc_victim_age_dist,13,1375878,1572864,0.874760
1287927766,gc_victim_age_dist,1,685382,1572864,0.435754
1287927766,gc_victim_age_dist,1,1076422,1572864,0.684371
1289162619,gc_victim_age_dist,13,1310107,1572864,0.832944
1289611267,gc_victim_age_dist,13,1384368,1572864,0.880157
1289611267,gc_victim_age_dist,1,983496,1572864,0.625290
1289611267,gc_victim_age_dist,13,1144366,1572864,0.727568
1290940855,evict_victim_age_dist,13,1507428,1572864,0.958397
1292366312,gc_victim_age_dist,12,1250412,1572864,0.794991
1292862993,gc_victim_age_dist,13,939327,1572864,0.597208
1292862993,gc_victim_age_dist,1,752509,1572864,0.478432
1293813752,evict_victim_age_dist,12,1532488,1572864,0.974330
1294962388,gc_victim_age_dist,13,1274118,1572864,0.810062
1294962388,gc_victim_age_dist,1,877993,1572864,0.558213
1294962388,gc_victim_age_dist,1,914525,1572864,0.581439
1296070058,gc_victim_age_dist,1,1297364,1572864,0.824842
1296070058,gc_victim_age_dist,13,1366864,1572864,0.869029
1296070058,gc_victim_age_dist,13,1308032,1572864,0.831624
1296070058,gc_victim_age_dist,12,1378264,1572864,0.876277
1296070058,gc_victim_age_dist,13,1182094,1572864,0.751555
1297424271,evict_victim_age_dist,13,1482244,1572864,0.942385
1298824638,gc_victim_age_dist,13,1166118,1572864,0.741398
1299301622,gc_victim_age_dist,12,1391576,1572864,0.884740
1299301622,gc_victim_age_dist,1,681709,1572864,0.433419
1299301622,gc_victim_age_dist,13,1264493,1572864,0.803943
1300901939,gc_victim_age_dist,1,380171,1572864,0.241706
1300901939,gc_victim_age_dist,13,1388698,1572864,0.882910
1302480702,gc_victim_age_dist,1,130096,1572864,0.082713
1302480702,gc_victim_age_dist,0,335979,1572864,0.213610
1302710334,evict_victim_age_dist,13,1451766,1572864,0.923008
1304075390,gc_victim_age_dist,13,1247984,1572864,0.793447
1305618622,evict_victim_age_dist,13,1466488,1572864,0.932368
1307027505,evict_victim_age_dist,13,1434600,1572864,0.912094
1308448007,evict_victim_age_dist,13,1522804,1572864,0.968173
1309918173,evict_victim_age_dist,13,1454792,1572864,0.924932
1311255840,evict_victim_age_dist,13,1410571,1572864,0.896817
1312640128,gc_victim_age_dist,1,1472371,1572864,0.936108
1313665191,gc_victim_age_dist,1,766644,1572864,0.487419
1315066815,gc_victim_age_dist,1,829468,1572864,0.527362
1315238466,gc_victim_age_dist,1,865064,1572864,0.549993
1316716606,gc_victim_age_dist,1,916404,1572864,0.582634
1316811685,evict_victim_age_dist,13,1516675,1572864,0.964276
1318384841,evict_victim_age_dist,13,1427870,1572864,0.907815
1319754258,evict_victim_age_dist,13,1425222,1572864,0.906132
1321124767,evict_victim_age_dist,13,1525384,1572864,0.969813
1322604848,evict_victim_age_dist,13,1514640,1572864,0.962982
1324055085,gc_victim_age_dist,1,1457862,1572864,0.926884
1324861198,gc_victim_age_dist,1,671537,1572864,0.426952
1325662018,gc_victim_age_dist,1,713649,1572864,0.453726
1326444313,gc_victim_age_dist,1,789028,1572864,0.501650
1327584886,gc_victim_age_dist,1,622578,1572864,0.395824
1328086628,gc_victim_age_dist,1,685304,1572864,0.435705
1329082613,gc_victim_age_dist,1,855513,1572864,0.543921
1329693008,gc_victim_age_dist,1,530244,1572864,0.337120
1330500761,gc_victim_age_dist,1,595428,1572864,0.378563
1331251117,gc_victim_age_dist,1,620077,1572864,0.394234
1332973857,evict_victim_age_dist,13,1504872,1572864,0.956772
1334582408,gc_victim_age_dist,1,1470758,1572864,0.935083
1334582408,gc_victim_age_dist,13,1214059,1572864,0.771878
1336161418,evict_victim_age_dist,13,1404124,1572864,0.892718
1337462780,gc_victim_age_dist,1,826592,1572864,0.525533
1337748895,gc_victim_age_dist,13,1354853,1572864,0.861392
1337748895,gc_victim_age_dist,1,937829,1572864,0.596256
1339260622,evict_victim_age_dist,13,1411466,1572864,0.897386
1340577615,gc_victim_age_dist,13,1191853,1572864,0.757760
1341070843,gc_victim_age_dist,1,1014590,1572864,0.645059
1341070843,gc_victim_age_dist,1,990272,1572864,0.629598
1342483789,gc_victim_age_dist,13,1268354,1572864,0.806398
1342761879,gc_victim_age_dist,13,1347866,1572864,0.856950
1342761879,gc_victim_age_dist,13,1212274,1572864,0.770743
1342761879,gc_victim_age_dist,1,755548,1572864,0.480364
1344474896,evict_victim_age_dist,13,1537040,1572864,0.977224
1346165874,gc_victim_age_dist,1,1470028,1572864,0.934619
1346165874,gc_victim_age_dist,1,899148,1572864,0.571663
1346165874,gc_victim_age_dist,1,964954,1572864,0.613501
1347549796,gc_victim_age_dist,13,1259675,1572864,0.800880
1347800682,gc_victim_age_dist,13,1160094,1572864,0.737568
1347800682,gc_victim_age_dist,1,852846,1572864,0.542225
1349384323,evict_victim_age_dist,13,1452038,1572864,0.923181
1349695700,gc_victim_age_dist,1,1018610,1572864,0.647615
1349695700,gc_victim_age_dist,1,990791,1572864,0.629928
1349695700,gc_victim_age_dist,1,830505,1572864,0.528021
1350944302,gc_victim_age_dist,1,826392,1572864,0.525406
1351160269,gc_victim_age_dist,13,1328208,1572864,0.844452
1351160269,gc_victim_age_dist,13,1304583,1572864,0.829432
1352826613,gc_victim_age_dist,1,974698,1572864,0.619696
1352826613,gc_victim_age_dist,1,759791,1572864,0.483062
1352826613,gc_victim_age_dist,1,1100340,1572864,0.699577
1354481539,evict_victim_age_dist,13,1379069,1572864,0.876788
1355783254,gc_victim_age_dist,1,472971,1572864,0.300707
1356135195,gc_victim_age_dist,1,851655,1572864,0.541468
1357187720,gc_victim_age_dist,1,586214,1572864,0.372705
1357948170,gc_victim_age_dist,1,777868,1572864,0.494555
1358868996,gc_victim_age_dist,13,1323116,1572864,0.841214
1359360345,gc_victim_age_dist,1,953356,1572864,0.606127
1360506050,gc_victim_age_dist,13,1166103,1572864,0.741388
1360995262,gc_victim_age_dist,13,983629,1572864,0.625374
1360995262,gc_victim_age_dist,0,451527,1572864,0.287073
1361262291,gc_victim_age_dist,13,1267027,1572864,0.805554
1363731986,evict_victim_age_dist,13,1422845,1572864,0.904620
1366028738,gc_victim_age_dist,1,1470801,1572864,0.935110
1366028738,gc_victim_age_dist,13,1272731,1572864,0.809181
1366028738,gc_victim_age_dist,12,1343429,1572864,0.854129
1366028738,gc_victim_age_dist,1,1052383,1572864,0.669087
1367624665,gc_victim_age_dist,1,129005,1572864,0.082019
1367717563,gc_victim_age_dist,1,444186,1572864,0.282406
1368047560,evict_victim_age_dist,13,1539510,1572864,0.978794
1369526098,gc_victim_age_dist,1,718185,1572864,0.456610
1370687943,gc_victim_age_dist,1,780464,1572864,0.496206
1371880188,gc_victim_age_dist,13,1219071,1572864,0.775064
1374233399,evict_victim_age_dist,13,1410750,1572864,0.896931
1375564617,evict_victim_age_dist,13,1435972,1572864,0.912966
1376893209,gc_victim_age_dist,1,1455799,1572864,0.925572
1377655752,gc_victim_age_dist,1,1212812,1572864,0.771085
1377655752,gc_victim_age_dist,13,1296833,1572864,0.824504
1377655752,gc_victim_age_dist,12,1360725,1572864,0.865126
1377655752,gc_victim_age_dist,1,1026999,1572864,0.652948
1379270083,gc_victim_age_dist,1,528736,1572864,0.336161
1379270083,gc_victim_age_dist,1,917564,1572864,0.583371
1380914950,gc_victim_age_dist,1,909570,1572864,0.578289
1380914950,gc_victim_age_dist,13,1349341,1572864,0.857888
1380914950,gc_victim_age_dist,1,709034,1572864,0.450792
1382511743,evict_victim_age_dist,13,1489133,1572864,0.946765
1383918194,gc_victim_age_dist,1,850960,1572864,0.541026
1384108003,gc_victim_age_dist,13,1288354,1572864,0.819113
1384108003,gc_victim_age_dist,1,915199,1572864,0.581868
1384219524,gc_victim_age_dist,1,1012648,1572864,0.643824
1384219524,gc_victim_age_dist,1,1039231,1572864,0.660725
1384219524,gc_victim_age_dist,12,1330748,1572864,0.846067
1385841291,gc_victim_age_dist,13,964471,1572864,0.613194
1385841291,gc_victim_age_dist,13,1177888,1572864,0.748881
1385841291,gc_victim_age_dist,13,1006051,1572864,0.639630
1387495595,evict_victim_age_dist,13,1404391,1572864,0.892888
1388869696,evict_victim_age_dist,13,1402357,1572864,0.891595
1390152082,evict_victim_age_dist,13,1554440,1572864,0.988286
1391625993,gc_victim_age_dist,1,1450184,1572864,0.922002
1392318368,gc_victim_age_dist,13,1005122,1572864,0.639039
1392318368,gc_victim_age_dist,13,1225969,1572864,0.779450
1392318368,gc_victim_age_dist,13,1317304,1572864,0.837519
1392318368,gc_victim_age_dist,13,1304974,1572864,0.829680
1393920701,gc_victim_age_dist,13,1364268,1572864,0.867378
1393920701,gc_victim_age_dist,13,1365214,1572864,0.867980
1393920701,gc_victim_age_dist,1,768980,1572864,0.488904
1393920701,gc_victim_age_dist,13,1376720,1572864,0.875295
1395607896,evict_victim_age_dist,13,1409698,1572864,0.896262
1396940313,gc_victim_age_dist,13,982682,1572864,0.624772
1397247267,gc_victim_age_dist,13,1310704,1572864,0.833323
1397247267,gc_victim_age_dist,13,1361669,1572864,0.865726
1397247267,gc_victim_age_dist,13,1205901,1572864,0.766691
1397247267,gc_victim_age_dist,13,1380169,1572864,0.877488
1398841331,gc_victim_age_dist,13,1326658,1572864,0.843466
1398841331,gc_victim_age_dist,0,344495,1572864,0.219024
1398841331,gc_victim_age_dist,13,1374350,1572864,0.873788
1398841331,gc_victim_age_dist,13,1371934,1572864,0.872252
1400520011,gc_victim_age_dist,13,1092821,1572864,0.694797
1400520011,gc_victim_age_dist,13,1316160,1572864,0.836792
1400520011,gc_victim_age_dist,13,1301112,1572864,0.827225
1400520011,gc_victim_age_dist,1,679676,1572864,0.432126
1401740201,evict_victim_age_dist,13,1510508,1572864,0.960355
1403674824,evict_victim_age_dist,13,1476512,1572864,0.938741
1405088182,evict_victim_age_dist,13,1466172,1572864,0.932167
1406489292,gc_victim_age_dist,1,1414880,1572864,0.899556
1407088468,gc_victim_age_dist,13,933392,1572864,0.593435
1407088468,gc_victim_age_dist,1,862452,1572864,0.548332
1408701653,gc_victim_age_dist,1,890697,1572864,0.566290
1408701653,gc_victim_age_dist,13,1270247,1572864,0.807601
1408701653,gc_victim_age_dist,13,1272653,1572864,0.809131
1410296831,gc_victim_age_dist,13,1343309,1572864,0.854053
1410296831,gc_victim_age_dist,1,878816,1572864,0.558736
1410296831,gc_victim_age_dist,13,1338121,1572864,0.850754
1410296831,gc_victim_age_dist,12,1314619,1572864,0.835812
1411888177,gc_victim_age_dist,1,892714,1572864,0.567572
1411888177,gc_victim_age_dist,1,793781,1572864,0.504672
1411888177,gc_victim_age_dist,1,959375,1572864,0.609954
1413499853,evict_victim_age_dist,13,1418380,1572864,0.901782
1415151432,evict_victim_age_dist,13,1466389,1572864,0.932305
1416565967,gc_victim_age_dist,1,1431432,1572864,0.910080
1416796683,gc_victim_age_dist,1,1039731,1572864,0.661043
1416796683,gc_victim_age_dist,13,1374240,1572864,0.873718
1416796683,gc_victim_age_dist,1,954481,1572864,0.606843
1418395490,gc_victim_age_dist,1,851484,1572864,0.541359
1418395490,gc_victim_age_dist,1,710970,1572864,0.452023
1419820585,gc_victim_age_dist,1,503672,1572864,0.320226
1419976139,gc_victim_age_dist,1,925352,1572864,0.588323
1421607862,gc_victim_age_dist,13,1195804,1572864,0.760272
1421607862,gc_victim_age_dist,13,1372416,1572864,0.872559
1421607862,gc_victim_age_dist,12,1372565,1572864,0.872653
1421607862,gc_victim_age_dist,1,1190312,1572864,0.756780
1423193804,evict_victim_age_dist,13,1386448,1572864,0.881480
1424516744,gc_victim_age_dist,1,502936,1572864,0.319758
1424888086,gc_victim_age_dist,13,1347248,1572864,0.856557
1424888086,gc_victim_age_dist,13,1337091,1572864,0.850100
1426492041,gc_victim_age_dist,1,895700,1572864,0.569471
1426492041,gc_victim_age_dist,1,909068,1572864,0.577970
1426492041,gc_victim_age_dist,1,942309,1572864,0.599104
1428067209,gc_victim_age_dist,13,1230145,1572864,0.782105
1428067209,gc_victim_age_dist,1,496531,1572864,0.315686
1429032672,gc_victim_age_dist,13,1387135,1572864,0.881917
1429648437,evict_victim_age_dist,13,1565352,1572864,0.995224
1431241361,evict_victim_age_dist,13,1168784,1572864,0.743093
1432443653,evict_victim_age_dist,13,1459818,1572864,0.928127
1433875974,gc_victim_age_dist,1,1393540,1572864,0.885989
1434438845,gc_victim_age_dist,13,1159321,1572864,0.737076
1434438845,gc_victim_age_dist,13,1348712,1572864,0.857488
1434438845,gc_victim_age_dist,1,715594,1572864,0.454962
1435868213,gc_victim_age_dist,13,1134176,1572864,0.721090
1435868213,gc_victim_age_dist,13,1280360,1572864,0.814031
1435868213,gc_victim_age_dist,12,1361334,1572864,0.865513
1436024887,gc_victim_age_dist,1,856755,1572864,0.544710
1436024887,gc_victim_age_dist,1,1273408,1572864,0.809611
1436024887,gc_victim_age_dist,13,1333273,1572864,0.847672
1436024887,gc_victim_age_dist,1,1013252,1572864,0.644208
1437226543,gc_victim_age_dist,1,927302,1572864,0.589563
1437599911,gc_victim_age_dist,1,803184,1572864,0.510651
1438595371,gc_victim_age_dist,13,1149000,1572864,0.730515
1439237142,gc_victim_age_dist,1,702337,1572864,0.446534
1439237142,gc_victim_age_dist,1,1023964,1572864,0.651019
1440877790,evict_victim_age_dist,13,1409888,1572864,0.896383
1442233294,gc_victim_age_dist,13,1290311,1572864,0.820358
1442484605,gc_victim_age_dist,13,1262688,1572864,0.802795
1442484605,gc_victim_age_dist,13,1299156,1572864,0.825981
1442484605,gc_victim_age_dist,1,1123613,1572864,0.714374
1444120559,evict_victim_age_dist,13,1570144,1572864,0.998271
1445617465,gc_victim_age_dist,13,1232293,1572864,0.783471
1445740060,gc_victim_age_dist,13,1319653,1572864,0.839013
1445740060,gc_victim_age_dist,1,261072,1572864,0.165985
1445888998,gc_victim_age_dist,13,1192882,1572864,0.758414
1447441737,gc_victim_age_dist,1,613247,1572864,0.389892
1448687916,evict_victim_age_dist,13,1449052,1572864,0.921282
1450065517,gc_victim_age_dist,13,1237487,1572864,0.786773
1450712571,evict_victim_age_dist,13,1564749,1572864,0.994841
1452216348,gc_victim_age_dist,1,950687,1572864,0.604431
1452326754,gc_victim_age_dist,1,610487,1572864,0.388137
1453880347,gc_victim_age_dist,13,1354976,1572864,0.861471
1453930341,gc_victim_age_dist,1,1027731,1572864,0.653414
1453930341,gc_victim_age_dist,1,986046,1572864,0.626911
1455575945,evict_victim_age_dist,13,1547174,1572864,0.983667
1457042914,gc_victim_age_dist,13,1327048,1572864,0.843714
1457227563,gc_victim_age_dist,1,563364,1572864,0.358177
1458393712,evict_victim_age_dist,13,1560320,1572864,0.992025
1459879489,gc_victim_age_dist,13,1019746,1572864,0.648337
1460675739,gc_victim_age_dist,1,1032908,1572864,0.656705
1460675739,gc_victim_age_dist,1,732688,1572864,0.465830
1462092332,gc_victim_age_dist,13,1113473,1572864,0.707927
1462340157,gc_victim_age_dist,13,1273989,1572864,0.809980
1462340157,gc_victim_age_dist,13,1227815,1572864,0.780624
1462340157,gc_victim_age_dist,1,862594,1572864,0.548422
1464037129,gc_victim_age_dist,13,1198432,1572864,0.761943
1464051459,gc_victim_age_dist,13,1031220,1572864,0.655632
1464051459,gc_victim_age_dist,13,845838,1572864,0.537769
1465422007,evict_victim_age_dist,13,1413823,1572864,0.898884
1466749871,gc_victim_age_dist,13,1211564,1572864,0.770292
1467334078,gc_victim_age_dist,1,791476,1572864,0.503207
1468318721,gc_victim_age_dist,13,1328495,1572864,0.844634
1468909192,evict_victim_age_dist,13,1375272,1572864,0.874374
1470255391,gc_victim_age_dist,1,888051,1572864,0.564608
1470507511,gc_victim_age_dist,1,943271,1572864,0.599716
1472101404,evict_victim_age_dist,13,1449568,1572864,0.921611
1473235577,gc_victim_age_dist,13,1361736,1572864,0.865768
1473235577,gc_victim_age_dist,13,1182408,1572864,0.751755
1473235577,gc_victim_age_dist,1,1004523,1572864,0.638659
1473235577,gc_victim_age_dist,0,522520,1572864,0.332209
1473792060,gc_victim_age_dist,1,297712,1572864,0.189280
1473970306,gc_victim_age_dist,13,1148951,1572864,0.730483
1475402015,gc_victim_age_dist,13,1222644,1572864,0.777336
1477031025,gc_victim_age_dist,13,1359635,1572864,0.864433
1477031025,gc_victim_age_dist,0,286861,1572864,0.182381
1477181744,gc_victim_age_dist,13,1337412,1572864,0.850304
1478621668,evict_victim_age_dist,13,1540472,1572864,0.979406
1480107626,gc_victim_age_dist,13,1358752,1572864,0.863871
1480232936,gc_victim_age_dist,12,1368412,1572864,0.870013
1480232936,gc_victim_age_dist,1,1120324,1572864,0.712283
1480232936,gc_victim_age_dist,1,923938,1572864,0.587424
1480232936,gc_victim_age_dist,13,1338347,1572864,0.850898
1481819974,evict_victim_age_dist,13,1530872,1572864,0.973302
1483311928,gc_victim_age_dist,13,1305448,1572864,0.829981
1483402046,gc_victim_age_dist,12,1340540,1572864,0.852292
1483402046,gc_victim_age_dist,1,973938,1572864,0.619213
1483402046,gc_victim_age_dist,1,1215981,1572864,0.773100
1485064833,gc_victim_age_dist,13,1012271,1572864,0.643585
1485064833,gc_victim_age_dist,1,645093,1572864,0.410139
1486484512,evict_victim_age_dist,13,1275280,1572864,0.810801
1487733282,gc_victim_age_dist,1,833150,1572864,0.529703
1488366313,evict_victim_age_dist,13,1458412,1572864,0.927233
1489755765,gc_victim_age_dist,13,1343639,1572864,0.854263
1490067872,gc_victim_age_dist,1,700703,1572864,0.445495
1491664213,gc_victim_age_dist,1,864580,1572864,0.549685
1491664213,gc_victim_age_dist,1,944445,1572864,0.600462
1493298150,evict_victim_age_dist,13,1413359,1572864,0.898589
1494656858,gc_victim_age_dist,1,915745,1572864,0.582215
1494941589,gc_victim_age_dist,1,1210999,1572864,0.769932
1494941589,gc_victim_age_dist,13,1247839,1572864,0.793355
1494941589,gc_victim_age_dist,1,1185100,1572864,0.753466
1496647737,gc_victim_age_dist,13,1035965,1572864,0.658649
1496647737,gc_victim_age_dist,1,808836,1572864,0.514244
1496647737,gc_victim_age_dist,13,1319775,1572864,0.839090
1498348149,evict_victim_age_dist,13,1460450,1572864,0.928529
1499737085,gc_victim_age_dist,13,1033968,1572864,0.657379
1499954978,gc_victim_age_dist,1,1128320,1572864,0.717367
1499954978,gc_victim_age_dist,13,1194661,1572864,0.759545
1499954978,gc_victim_age_dist,13,1349851,1572864,0.858212
1501605656,evict_victim_age_dist,13,1536736,1572864,0.977030
1503075842,gc_victim_age_dist,13,1322544,1572864,0.840851
1503193583,gc_victim_age_dist,12,1365406,1572864,0.868102
1503193583,gc_victim_age_dist,1,1326123,1572864,0.843126
1503193583,gc_victim_age_dist,1,1013294,1572864,0.644235
1503193583,gc_victim_age_dist,1,1006008,1572864,0.639603
1504834521,evict_victim_age_dist,13,1554472,1572864,0.988307
1506301356,gc_victim_age_dist,13,1254583,1572864,0.797642
1506482234,gc_victim_age_dist,13,1374899,1572864,0.874137
1506482234,gc_victim_age_dist,13,1170801,1572864,0.744375
1506482234,gc_victim_age_dist,1,482108,1572864,0.306516
1507119405,gc_victim_age_dist,1,1340236,1572864,0.852099
1508123579,gc_victim_age_dist,13,1181540,1572864,0.751203
1508123579,gc_victim_age_dist,1,949233,1572864,0.603506
1509275964,evict_victim_age_dist,13,1418626,1572864,0.901938
1510633289,evict_victim_age_dist,13,1525556,1572864,0.969922
1512091582,evict_victim_age_dist,13,1419420,1572864,0.902443
1513439214,evict_victim_age_dist,13,1401391,1572864,0.890980
1514776153,gc_victim_age_dist,1,1404042,1572864,0.892666
1516202471,gc_victim_age_dist,1,323320,1572864,0.205561
1516555856,gc_victim_age_dist,1,892863,1572864,0.567667
1517425500,evict_victim_age_dist,13,1510936,1572864,0.960627
1517880943,gc_victim_age_dist,13,1359290,1572864,0.864213
1517880943,gc_victim_age_dist,1,1018421,1572864,0.647495
1519157278,evict_victim_age_dist,13,1472926,1572864,0.936461
1520531940,gc_victim_age_dist,13,1332892,1572864,0.847430
1521207456,gc_victim_age_dist,0,337418,1572864,0.214525
1521525559,evict_victim_age_dist,13,1461896,1572864,0.929448
1522954254,gc_victim_age_dist,1,793251,1572864,0.504335
1524046807,evict_victim_age_dist,13,1400602,1572864,0.890479
1525406613,evict_victim_age_dist,13,1564136,1572864,0.994451
1526854356,evict_victim_age_dist,13,1482327,1572864,0.942438
1528322660,gc_victim_age_dist,1,1482648,1572864,0.942642
1529252167,gc_victim_age_dist,13,1306759,1572864,0.830815
1529252167,gc_victim_age_dist,1,1110603,1572864,0.706102
1529252167,gc_victim_age_dist,13,1301663,1572864,0.827575
1529252167,gc_victim_age_dist,13,1169092,1572864,0.743289
1530984267,gc_victim_age_dist,13,1288082,1572864,0.818940
1530984267,gc_victim_age_dist,13,1352795,1572864,0.860084
1530984267,gc_victim_age_dist,1,1096756,1572864,0.697299
1530984267,gc_victim_age_dist,1,965108,1572864,0.613599
1532352761,evict_victim_age_dist,13,1489245,1572864,0.946836
1533782384,gc_victim_age_dist,13,1262445,1572864,0.802641
1534180335,gc_victim_age_dist,1,786672,1572864,0.500153
1534180335,gc_victim_age_dist,1,660769,1572864,0.420106
1534965406,evict_victim_age_dist,13,1536940,1572864,0.977160
1536412106,gc_victim_age_dist,1,695958,1572864,0.442478
1537460727,gc_victim_age_dist,13,1180540,1572864,0.750567
1539094977,evict_victim_age_dist,13,1417700,1572864,0.901349
1540448840,gc_victim_age_dist,13,1277423,1572864,0.812164
1540672144,gc_victim_age_dist,1,928430,1572864,0.590280
1540672144,gc_victim_age_dist,13,1368425,1572864,0.870021
1540672144,gc_victim_age_dist,1,981141,1572864,0.623793
1542124747,evict_victim_age_dist,13,1401722,1572864,0.891191
1543482711,evict_victim_age_dist,13,1403920,1572864,0.892588
1544851541,evict_victim_age_dist,13,1473032,1572864,0.936529
1546238998,gc_victim_age_dist,1,1482247,1572864,0.942387
1547143334,gc_victim_age_dist,1,400553,1572864,0.254665
1547380677,gc_victim_age_dist,13,1337920,1572864,0.850627
1548718862,evict_victim_age_dist,0,1489452,1572864,0.946968
1550128745,gc_victim_age_dist,12,1226312,1572864,0.779668
1550326032,gc_victim_age_dist,1,753431,1572864,0.479019
1550326032,gc_victim_age_dist,13,1345174,1572864,0.855239
1551953750,gc_victim_age_dist,1,1012418,1572864,0.643678
1551953750,gc_victim_age_dist,1,987050,1572864,0.627549
1551953750,gc_victim_age_dist,1,991570,1572864,0.630423
1553565748,evict_victim_age_dist,0,1498568,1572864,0.952764
1555143221,evict_victim_age_dist,13,1542544,1572864,0.980723
1556666599,evict_victim_age_dist,13,1558120,1572864,0.990626
1558157097,gc_victim_age_dist,1,1464071,1572864,0.930831
1558442508,gc_victim_age_dist,13,1228744,1572864,0.781214
1558442508,gc_victim_age_dist,1,1030838,1572864,0.655389
1558442508,gc_victim_age_dist,1,880771,1572864,0.559979
1559596590,gc_victim_age_dist,13,1269015,1572864,0.806818
1560174154,gc_victim_age_dist,13,1311148,1572864,0.833605
1560174154,gc_victim_age_dist,13,1274038,1572864,0.810012
1560174154,gc_victim_age_dist,1,997192,1572864,0.633998
1561800601,gc_victim_age_dist,1,935048,1572864,0.594488
1561800601,gc_victim_age_dist,12,1310720,1572864,0.833333
1561800601,gc_victim_age_dist,1,832148,1572864,0.529065
1563283157,gc_victim_age_dist,13,1186428,1572864,0.754311
1563378456,gc_victim_age_dist,13,1195006,1572864,0.759764
1563378456,gc_victim_age_dist,13,1340059,1572864,0.851987
1563378456,gc_victim_age_dist,1,871734,1572864,0.554234
1564491516,gc_victim_age_dist,1,582523,1572864,0.370358
1564491516,gc_victim_age_dist,13,1190055,1572864,0.756617
1565021682,evict_victim_age_dist,13,1537072,1572864,0.977244
1566520886,gc_victim_age_dist,13,1351528,1572864,0.859278
1566755721,gc_victim_age_dist,13,1365415,1572864,0.868107
1566755721,gc_victim_age_dist,1,970900,1572864,0.617282
1566755721,gc_victim_age_dist,1,877562,1572864,0.557939
1568456312,gc_victim_age_dist,1,1040541,1572864,0.661558
1568456312,gc_victim_age_dist,13,1346098,1572864,0.855826
1568456312,gc_victim_age_dist,1,1124190,1572864,0.714741
1570192890,evict_victim_age_dist,13,1518105,1572864,0.965185
1571818155,evict_victim_age_dist,13,1503583,1572864,0.955952
1573248861,evict_victim_age_dist,13,1567696,1572864,0.996714
1574745118,gc_victim_age_dist,1,1471349,1572864,0.935459
1575063607,gc_victim_age_dist,13,999840,1572864,0.635681
1575063607,gc_victim_age_dist,13,1262442,1572864,0.802639
1575063607,gc_victim_age_dist,1,1045175,1572864,0.664504
1576653629,gc_victim_age_dist,13,1221656,1572864,0.776708
1576653629,gc_victim_age_dist,1,1066874,1572864,0.678300
1576653629,gc_victim_age_dist,1,505822,1572864,0.321593
1577817328,gc_victim_age_dist,1,816118,1572864,0.518874
1578235696,gc_victim_age_dist,13,1378725,1572864,0.876570
1578235696,gc_victim_age_dist,1,1031901,1572864,0.656065
1579913196,gc_victim_age_dist,13,1212475,1572864,0.770871
1579913196,gc_victim_age_dist,1,1136429,1572864,0.722522
1579913196,gc_victim_age_dist,1,897196,1572864,0.570422
1581059533,evict_victim_age_dist,13,1567928,1572864,0.996862
1582521691,gc_victim_age_dist,13,1354783,1572864,0.861348
1583233549,evict_victim_age_dist,13,1532687,1572864,0.974456
1584709818,gc_victim_age_dist,13,1093288,1572864,0.695094
1584880324,gc_victim_age_dist,1,1083862,1572864,0.689101
1584880324,gc_victim_age_dist,1,1117180,1572864,0.710284
1586481862,evict_victim_age_dist,13,1406581,1572864,0.894280
1588154693,evict_victim_age_dist,13,1530384,1572864,0.972992
1589609659,gc_victim_age_dist,1,1462468,1572864,0.929812
1589802005,gc_victim_age_dist,13,992636,1572864,0.631101
1589802005,gc_victim_age_dist,13,1276450,1572864,0.811545
1589802005,gc_victim_age_dist,13,1351667,1572864,0.859367
1589802005,gc_victim_age_dist,1,876854,1572864,0.557489
1591409509,gc_victim_age_dist,0,477468,1572864,0.303566
1593013171,gc_victim_age_dist,13,1372324,1572864,0.872500
1593013171,gc_victim_age_dist,13,1268630,1572864,0.806573
1593013171,gc_victim_age_dist,1,943433,1572864,0.599819
1593013171,gc_victim_age_dist,1,925254,1572864,0.588261
1594654586,evict_victim_age_dist,13,1395033,1572864,0.886938
1596229435,evict_victim_age_dist,13,1529376,1572864,0.972351
1597720477,evict_victim_age_dist,13,1489698,1572864,0.947124
1599128975,evict_victim_age_dist,13,1298059,1572864,0.825284
1600369158,evict_victim_age_dist,12,1468855,1572864,0.933873
1601730337,evict_victim_age_dist,13,1503934,1572864,0.956175
1603164743,gc_victim_age_dist,1,1478192,1572864,0.939809
1604216099,gc_victim_age_dist,13,950928,1572864,0.604584
1604216099,gc_victim_age_dist,13,840139,1572864,0.534146
1605751867,gc_victim_age_dist,1,456260,1572864,0.290082
1605876108,gc_victim_age_dist,13,1120935,1572864,0.712671
1606770201,gc_victim_age_dist,13,1287244,1572864,0.818408
1606770201,gc_victim_age_dist,12,1326520,1572864,0.843379
1606770201,gc_victim_age_dist,13,1344511,1572864,0.854817
1606770201,gc_victim_age_dist,13,1179726,1572864,0.750050
1606770201,gc_victim_age_dist,1,910850,1572864,0.579103
1607489136,gc_victim_age_dist,13,1273132,1572864,0.809436
1607489136,gc_victim_age_dist,1,835456,1572864,0.531169
1607489136,gc_victim_age_dist,13,1105011,1572864,0.702547
1609130852,gc_victim_age_dist,1,958620,1572864,0.609474
1609130852,gc_victim_age_dist,1,985682,1572864,0.626680
1609130852,gc_victim_age_dist,13,1252911,1572864,0.796579
1610774055,gc_victim_age_dist,1,1053127,1572864,0.669560
1610774055,gc_victim_age_dist,1,989070,1572864,0.628834
1610774055,gc_victim_age_dist,1,692016,1572864,0.439972
1612354120,gc_victim_age_dist,13,1012134,1572864,0.643497
1612354120,gc_victim_age_dist,13,1309965,1572864,0.832853
1612354120,gc_victim_age_dist,13,1309810,1572864,0.832755
1613952233,evict_victim_age_dist,13,1495328,1572864,0.950704
1615373071,gc_victim_age_dist,13,1337807,1572864,0.850555
1615596508,gc_victim_age_dist,1,952752,1572864,0.605743
1615596508,gc_victim_age_dist,13,1249687,1572864,0.794530
1615596508,gc_victim_age_dist,1,722372,1572864,0.459272
1617074976,gc_victim_age_dist,1,913178,1572864,0.580583
1617227151,gc_victim_age_dist,1,760646,1572864,0.483606
1618848632,gc_victim_age_dist,13,1317997,1572864,0.837960
1618848632,gc_victim_age_dist,13,1259296,1572864,0.800639
1618848632,gc_victim_age_dist,13,1333480,1572864,0.847804
1618848632,gc_victim_age_dist,13,1177783,1572864,0.748814
1620454380,gc_victim_age_dist,13,1242633,1572864,0.790045
1620454380,gc_victim_age_dist,1,1022271,1572864,0.649942
1620454380,gc_victim_age_dist,13,1279008,1572864,0.813171
1620454380,gc_victim_age_dist,1,1137463,1572864,0.723179
1622066831,evict_victim_age_dist,13,1401917,1572864,0.891315
1623717759,evict_victim_age_dist,13,1572288,1572864,0.999634
1625232711,gc_victim_age_dist,1,1407864,1572864,0.895096
1625408933,gc_victim_age_dist,1,1039868,1572864,0.661130
1625408933,gc_victim_age_dist,1,794665,1572864,0.505234
1625408933,gc_victim_age_dist,1,1068013,1572864,0.679024
1627093250,gc_victim_age_dist,1,1193964,1572864,0.759102
1627093250,gc_victim_age_dist,0,435904,1572864,0.277140
1627316330,gc_victim_age_dist,1,1245923,1572864,0.792137
1630346871,evict_victim_age_dist,13,1457177,1572864,0.926448
1631893626,evict_victim_age_dist,13,1544820,1572864,0.982170
1633370183,gc_victim_age_dist,1,1420936,1572864,0.903407
1633576626,gc_victim_age_dist,1,314297,1572864,0.199825
1633746127,gc_victim_age_dist,13,1259212,1572864,0.800585
1635233252,gc_victim_age_dist,13,1189351,1572864,0.756169
1635233252,gc_victim_age_dist,13,1324684,1572864,0.842211
1635233252,gc_victim_age_dist,1,1003310,1572864,0.637887
1636854440,gc_victim_age_dist,13,1167399,1572864,0.742212
1636854440,gc_victim_age_dist,13,1381692,1572864,0.878456
1636854440,gc_victim_age_dist,13,1236510,1572864,0.786152
1636854440,gc_victim_age_dist,13,1383860,1572864,0.879834
1636854440,gc_victim_age_dist,13,1203582,1572864,0.765217
1638515779,evict_victim_age_dist,13,1545986,1572864,0.982911
1640221370,evict_victim_age_dist,13,1432205,1572864,0.910571
1641606819,evict_victim_age_dist,13,1508464,1572864,0.959056
1643060207,gc_victim_age_dist,1,1487616,1572864,0.945801
1643427937,gc_victim_age_dist,13,1263840,1572864,0.803528
1643427937,gc_victim_age_dist,1,1029314,1572864,0.654420
1643427937,gc_victim_age_dist,1,805488,1572864,0.512115
1645147372,gc_victim_age_dist,1,831574,1572864,0.528701
1645147372,gc_victim_age_dist,1,975511,1572864,0.620213
1645783124,gc_victim_age_dist,1,1039581,1572864,0.660948
1645783124,gc_victim_age_dist,1,919892,1572864,0.584852
1645783124,gc_victim_age_dist,1,994027,1572864,0.631985
1646870036,gc_victim_age_dist,13,1255910,1572864,0.798486
1646870036,gc_victim_age_dist,1,989742,1572864,0.629261
1646870036,gc_victim_age_dist,13,1379208,1572864,0.876877
1646870036,gc_victim_age_dist,1,1062468,1572864,0.675499
1648573455,gc_victim_age_dist,13,1201071,1572864,0.763620
1648573455,gc_victim_age_dist,0,320512,1572864,0.203776
1648743169,gc_victim_age_dist,13,1311598,1572864,0.833892
1650250019,evict_victim_age_dist,13,1571944,1572864,0.999415
1651735725,gc_victim_age_dist,13,1201768,1572864,0.764064
1651873504,gc_victim_age_dist,12,1366778,1572864,0.868974
1651873504,gc_victim_age_dist,13,1340330,1572864,0.852159
1651873504,gc_victim_age_dist,13,1369040,1572864,0.870412
1651873504,gc_victim_age_dist,1,976707,1572864,0.620974
1653471460,gc_victim_age_dist,1,288728,1572864,0.183568
1653653307,gc_victim_age_dist,13,1377815,1572864,0.875991
1655083835,gc_victim_age_dist,13,1318764,1572864,0.838448
1655083835,gc_victim_age_dist,13,1352248,1572864,0.859736
1655083835,gc_victim_age_dist,13,1232097,1572864,0.783346
1655083835,gc_victim_age_dist,1,963172,1572864,0.612368
1656753333,evict_victim_age_dist,13,1536504,1572864,0.976883
1658227900,gc_victim_age_dist,13,1210586,1572864,0.769670
1658359927,gc_victim_age_dist,1,1064696,1572864,0.676915
1658359927,gc_victim_age_dist,1,1023563,1572864,0.650764
1658359927,gc_victim_age_dist,1,1041462,1572864,0.662144
1659968500,evict_victim_age_dist,13,1433877,1572864,0.911634
1661547100,evict_victim_age_dist,13,1552030,1572864,0.986754
1663028462,evict_victim_age_dist,13,1391524,1572864,0.884707
1664357712,gc_victim_age_dist,1,1380304,1572864,0.877574
1664794918,gc_victim_age_dist,13,1119072,1572864,0.711487
1664794918,gc_victim_age_dist,13,1264216,1572864,0.803767
1664794918,gc_victim_age_dist,13,1162670,1572864,0.739206
1666380496,gc_victim_age_dist,1,899096,1572864,0.571630
1666380496,gc_victim_age_dist,1,1194220,1572864,0.759265
1666380496,gc_victim_age_dist,1,582272,1572864,0.370199
1667537859,gc_victim_age_dist,1,1005978,1572864,0.639584
1667992492,gc_victim_age_dist,13,1296370,1572864,0.824210
1669639048,gc_victim_age_dist,1,634069,1572864,0.403130
1669639048,gc_victim_age_dist,13,1257263,1572864,0.799346
1669639048,gc_victim_age_dist,13,1294456,1572864,0.822993
1669639048,gc_victim_age_dist,1,1378253,1572864,0.876270
1671337587,evict_victim_age_dist,12,1521471,1572864,0.967325
1672941001,evict_victim_age_dist,13,1462040,1572864,0.929540
1674328375,evict_victim_age_dist,13,1557516,1572864,0.990242
1675808415,evict_victim_age_dist,13,1563400,1572864,0.993983
1677293142,gc_victim_age_dist,1,1422672,1572864,0.904510
1677736762,gc_victim_age_dist,1,832084,1572864,0.529025
1677736762,gc_victim_age_dist,1,1208478,1572864,0.768330
1677736762,gc_victim_age_dist,13,1348134,1572864,0.857121
1679310436,gc_victim_age_dist,13,958575,1572864,0.609446
1679310436,gc_victim_age_dist,1,836979,1572864,0.532137
1679310436,gc_victim_age_dist,1,965014,1572864,0.613539
1680885079,gc_victim_age_dist,13,1224204,1572864,0.778328
1680885079,gc_victim_age_dist,13,1229194,1572864,0.781500
1680885079,gc_victim_age_dist,1,318284,1572864,0.202360
1681299833,gc_victim_age_dist,13,1298014,1572864,0.825255
1682498083,gc_victim_age_dist,1,1047244,1572864,0.665820
1684117117,gc_victim_age_dist,13,1359893,1572864,0.864597
1684117117,gc_victim_age_dist,13,1270324,1572864,0.807650
1684117117,gc_victim_age_dist,13,1300030,1572864,0.826537
1684117117,gc_victim_age_dist,1,935400,1572864,0.594711
1684117117,gc_victim_age_dist,13,1384208,1572864,0.880056
1685779281,gc_victim_age_dist,1,716482,1572864,0.455527
1685779281,gc_victim_age_dist,13,1387364,1572864,0.882062
1685779281,gc_victim_age_dist,13,1297196,1572864,0.824735
1685779281,gc_victim_age_dist,13,1261455,1572864,0.802011
1687364350,gc_victim_age_dist,1,409375,1572864,0.260274
1687364350,gc_victim_age_dist,13,1318846,1572864,0.838500
1687364350,gc_victim_age_dist,1,1179226,1572864,0.749732
1689019287,evict_victim_age_dist,13,1438896,1572864,0.914825
1690463959,gc_victim_age_dist,1,717721,1572864,0.456315
1690672873,gc_victim_age_dist,13,1279347,1572864,0.813387
1690672873,gc_victim_age_dist,1,1097253,1572864,0.697615
1692072136,gc_victim_age_dist,1,716427,1572864,0.455492
1692302273,gc_victim_age_dist,1,969074,1572864,0.616121
1693102665,gc_victim_age_dist,0,345085,1572864,0.219399
1693102665,gc_victim_age_dist,1,618212,1572864,0.393049
1693102665,gc_victim_age_dist,13,1234412,1572864,0.784818
1694043575,evict_victim_age_dist,13,1520344,1572864,0.966609
1695495105,gc_victim_age_dist,13,1160429,1572864,0.737781
1695657017,gc_victim_age_dist,1,899900,1572864,0.572141
1695657017,gc_victim_age_dist,1,1177245,1572864,0.748472
1697242591,gc_victim_age_dist,13,1189137,1572864,0.756033
1697242591,gc_victim_age_dist,1,879817,1572864,0.559373
1697242591,gc_victim_age_dist,1,1014812,1572864,0.645200
1698848771,gc_victim_age_dist,13,1377416,1572864,0.875738
1698848771,gc_victim_age_dist,1,899283,1572864,0.571749
1698848771,gc_victim_age_dist,1,975059,1572864,0.619926
1700545139,evict_victim_age_dist,13,1448875,1572864,0.921170
1701937522,gc_victim_age_dist,1,875313,1572864,0.556509
1702197904,gc_victim_age_dist,13,1280763,1572864,0.814287
1702197904,gc_victim_age_dist,1,1005294,1572864,0.639149
1703795651,evict_victim_age_dist,13,1431445,1572864,0.910088
1705167345,gc_victim_age_dist,13,1237554,1572864,0.786816
1705383919,gc_victim_age_dist,13,1104409,1572864,0.702164
1705383919,gc_victim_age_dist,13,1206854,1572864,0.767297
1705383919,gc_victim_age_dist,1,458032,1572864,0.291209
1705748821,gc_victim_age_dist,1,998140,1572864,0.634600
1706983982,evict_victim_age_dist,13,1500540,1572864,0.954018
1708426769,gc_victim_age_dist,13,1251192,1572864,0.795486
1710219918,evict_victim_age_dist,13,1550512,1572864,0.985789
1711729315,evict_victim_age_dist,13,1516198,1572864,0.963973
1713152909,gc_victim_age_dist,1,1474889,1572864,0.937709
1713476223,gc_victim_age_dist,13,1218265,1572864,0.774552
1713476223,gc_victim_age_dist,1,227873,1572864,0.144878
1713599800,gc_victim_age_dist,1,914576,1572864,0.581472
1715129338,gc_victim_age_dist,13,1206680,1572864,0.767186
1715129338,gc_victim_age_dist,1,845428,1572864,0.537509
1716779480,gc_victim_age_dist,13,1305126,1572864,0.829777
1716779480,gc_victim_age_dist,13,1313981,1572864,0.835407
1716779480,gc_victim_age_dist,1,947018,1572864,0.602098
1718439624,gc_victim_age_dist,13,1319614,1572864,0.838988
1718439624,gc_victim_age_dist,1,838936,1572864,0.533381
1718439624,gc_victim_age_dist,13,1322920,1572864,0.841090
1718439624,gc_victim_age_dist,13,1269011,1572864,0.806815
1720045122,evict_victim_age_dist,13,1424288,1572864,0.905538
1721687603,evict_victim_age_dist,1,1396542,1572864,0.887897
1723046029,evict_victim_age_dist,1,1381920,1572864,0.878601
1724329751,evict_victim_age_dist,13,1487898,1572864,0.945980
1725738604,gc_victim_age_dist,1,1460856,1572864,0.928787
1726466301,gc_victim_age_dist,13,971811,1572864,0.617861
1726466301,gc_victim_age_dist,1,757107,1572864,0.481356
1728051037,gc_victim_age_dist,13,1113763,1572864,0.708111
1728051037,gc_victim_age_dist,13,1126772,1572864,0.716382
1728051037,gc_victim_age_dist,13,1298203,1572864,0.825375
1728051037,gc_victim_age_dist,13,1203717,1572864,0.765303
1729709290,gc_victim_age_dist,13,1178331,1572864,0.749163
1729709290,gc_victim_age_dist,13,1243480,1572864,0.790583
1729709290,gc_victim_age_dist,13,1183712,1572864,0.752584
1729709290,gc_victim_age_dist,13,1249249,1572864,0.794251
1729709290,gc_victim_age_dist,13,1275097,1572864,0.810685
1731297810,gc_victim_age_dist,13,1306528,1572864,0.830668
1731297810,gc_victim_age_dist,13,1301724,1572864,0.827614
1731297810,gc_victim_age_dist,1,990370,1572864,0.629660
1731297810,gc_victim_age_dist,1,825329,1572864,0.524730
1732994151,gc_victim_age_dist,1,936503,1572864,0.595413
1732994151,gc_victim_age_dist,1,992772,1572864,0.631187
1734703895,gc_victim_age_dist,13,1247288,1572864,0.793004
1734703895,gc_victim_age_dist,13,1236652,1572864,0.786242
1734703895,gc_victim_age_dist,13,1362929,1572864,0.866527
1734703895,gc_victim_age_dist,1,1036248,1572864,0.658829
1736344643,gc_victim_age_dist,1,936429,1572864,0.595366
1736344643,gc_victim_age_dist,13,1355800,1572864,0.861994
1736344643,gc_victim_age_dist,1,1018111,1572864,0.647298
1736344643,gc_victim_age_dist,13,1368845,1572864,0.870288
1737973132,gc_victim_age_dist,13,1327059,1572864,0.843721
1737973132,gc_victim_age_dist,12,1330870,1572864,0.846144
1737973132,gc_victim_age_dist,13,1119342,1572864,0.711658
1737973132,gc_victim_age_dist,1,934717,1572864,0.594277
1739107097,gc_victim_age_dist,1,937683,1572864,0.596163
1739185198,gc_victim_age_dist,13,1357789,1572864,0.863259
1739185198,gc_victim_age_dist,13,1268413,1572864,0.806435
1739185198,gc_victim_age_dist,13,1375904,1572864,0.874776
1739185198,gc_victim_age_dist,13,984813,1572864,0.626127
1739590290,gc_victim_age_dist,1,1021030,1572864,0.649153
1739590290,gc_victim_age_dist,1,1077034,1572864,0.684760
1739590290,gc_victim_age_dist,13,1315268,1572864,0.836225
1741224332,gc_victim_age_dist,13,1238535,1572864,0.787439
1741224332,gc_victim_age_dist,13,1301375,1572864,0.827392
1741224332,gc_victim_age_dist,13,1320066,1572864,0.839275
1741224332,gc_victim_age_dist,1,955644,1572864,0.607582
1742973545,gc_victim_age_dist,13,1325921,1572864,0.842998
1742973545,gc_victim_age_dist,1,726887,1572864,0.462142
1742973545,gc_victim_age_dist,1,995989,1572864,0.633233
1744711796,gc_victim_age_dist,1,1010926,1572864,0.642729
1744711796,gc_victim_age_dist,1,434181,1572864,0.276045
1744943189,gc_victim_age_dist,1,1081024,1572864,0.687297
1746298113,gc_victim_age_dist,13,1318562,1572864,0.838319
1746298113,gc_victim_age_dist,0,383134,1572864,0.243590
1746502860,gc_victim_age_dist,13,1307304,1572864,0.831161
1749169158,evict_victim_age_dist,13,1502068,1572864,0.954989
1750613625,evict_victim_age_dist,13,1443077,1572864,0.917484
1751954912,gc_victim_age_dist,1,1433036,1572864,0.911100
1752728361,gc_victim_age_dist,13,1043605,1572864,0.663506
1752728361,gc_victim_age_dist,13,1307090,1572864,0.831025
1754372084,gc_victim_age_dist,13,1297024,1572864,0.824626
1754372084,gc_victim_age_dist,13,1212608,1572864,0.770955
1754372084,gc_victim_age_dist,1,762260,1572864,0.484632
1754372084,gc_victim_age_dist,13,1323743,1572864,0.841613
1755975608,evict_victim_age_dist,13,1473752,1572864,0.936986
1757380252,gc_victim_age_dist,1,808986,1572864,0.514339
1757561236,gc_victim_age_dist,13,1252989,1572864,0.796629
1757561236,gc_victim_age_dist,13,1306162,1572864,0.830435
1757561236,gc_victim_age_dist,13,1361562,1572864,0.865658
1759150120,evict_victim_age_dist,13,1422776,1572864,0.904577
1760508198,gc_victim_age_dist,1,672726,1572864,0.427708
1760733569,gc_victim_age_dist,13,1288772,1572864,0.819379
1760733569,gc_victim_age_dist,1,1032664,1572864,0.656550
1762314762,gc_victim_age_dist,13,1240552,1572864,0.788722
1762314762,gc_victim_age_dist,1,866609,1572864,0.550975
1762314762,gc_victim_age_dist,1,868274,1572864,0.552034
1763908628,evict_victim_age_dist,13,1540046,1572864,0.979135
1765362067,evict_victim_age_dist,1,1471692,1572864,0.935677
1767072594,evict_victim_age_dist,1,1529272,1572864,0.972285
1768646628,evict_victim_age_dist,1,1432804,1572864,0.910952
1770023047,evict_victim_age_dist,1,1499980,1572864,0.953662
1771470299,evict_victim_age_dist,13,1571168,1572864,0.998922
1772936885,evict_victim_age_dist,13,1470840,1572864,0.935135
1774608973,gc_victim_age_dist,1,1478462,1572864,0.939981
1774974662,gc_victim_age_dist,1,165196,1572864,0.105029
1775113386,gc_victim_age_dist,13,1209407,1572864,0.768920
1776601313,gc_victim_age_dist,13,1305272,1572864,0.829870
1776601313,gc_victim_age_dist,13,1281961,1572864,0.815049
1776601313,gc_victim_age_dist,1,803488,1572864,0.510844
1778213818,gc_victim_age_dist,13,1223667,1572864,0.777987
1778213818,gc_victim_age_dist,13,1166256,1572864,0.741486
1778213818,gc_victim_age_dist,13,1160512,1572864,0.737834
1779793641,gc_victim_age_dist,13,1240250,1572864,0.788530
1779793641,gc_victim_age_dist,1,580299,1572864,0.368944
1779793641,gc_victim_age_dist,1,749947,1572864,0.476803
1781378335,gc_victim_age_dist,13,648810,1572864,0.412502
1782511324,gc_victim_age_dist,1,358568,1572864,0.227971
1782718141,gc_victim_age_dist,1,870913,1572864,0.553712
1784602619,gc_victim_age_dist,1,1022700,1572864,0.650215
1784727379,gc_victim_age_dist,13,1329933,1572864,0.845549
1784727379,gc_victim_age_dist,13,1277466,1572864,0.812191
1784727379,gc_victim_age_dist,13,1245230,1572864,0.791696
1786447656,gc_victim_age_dist,13,1312235,1572864,0.834297
1786447656,gc_victim_age_dist,1,391096,1572864,0.248652
1786663087,gc_victim_age_dist,13,1302727,1572864,0.828252
1788060954,evict_victim_age_dist,13,1551790,1572864,0.986602
1789525063,gc_victim_age_dist,13,1198587,1572864,0.762041
1789699712,gc_victim_age_dist,13,1224190,1572864,0.778319
1789699712,gc_victim_age_dist,13,1334773,1572864,0.848626
1789699712,gc_victim_age_dist,1,823462,1572864,0.523543
1791278586,gc_victim_age_dist,1,925033,1572864,0.588120
1791278586,gc_victim_age_dist,13,1377618,1572864,0.875866
1791278586,gc_victim_age_dist,13,1291182,1572864,0.820911
1793023563,evict_victim_age_dist,13,1514180,1572864,0.962690
1793292276,gc_victim_age_dist,13,1270348,1572864,0.807666
1793292276,gc_victim_age_dist,1,738687,1572864,0.469645
1793292276,gc_victim_age_dist,1,473804,1572864,0.301236
1794329633,gc_victim_age_dist,13,1224960,1572864,0.778809
1794673976,gc_victim_age_dist,13,1263284,1572864,0.803174
1794673976,gc_victim_age_dist,13,1327588,1572864,0.844058
1796253627,gc_victim_age_dist,1,919465,1572864,0.584580
1796253627,gc_victim_age_dist,13,1248960,1572864,0.794067
1796253627,gc_victim_age_dist,13,1354345,1572864,0.861069
1796253627,gc_victim_age_dist,13,1278096,1572864,0.812592
1796253627,gc_victim_age_dist,1,919307,1572864,0.584480
1797841117,gc_victim_age_dist,13,1271310,1572864,0.808277
1797841117,gc_victim_age_dist,1,1024010,1572864,0.651048
1797841117,gc_victim_age_dist,1,1020151,1572864,0.648595
1799415774,gc_victim_age_dist,13,1331776,1572864,0.846720
1799415774,gc_victim_age_dist,1,944554,1572864,0.600531
1799415774,gc_victim_age_dist,1,1078624,1572864,0.685771
1801142142,evict_victim_age_dist,13,1494102,1572864,0.949924
1802797961,evict_victim_age_dist,13,1543296,1572864,0.981201
1804275666,gc_victim_age_dist,1,1422178,1572864,0.904196
1804603577,gc_victim_age_dist,13,1340423,1572864,0.852218
1804603577,gc_victim_age_dist,1,1081216,1572864,0.687419
1804603577,gc_victim_age_dist,1,1051796,1572864,0.668714
1806350349,gc_victim_age_dist,1,558402,1572864,0.355022
1806350349,gc_victim_age_dist,1,920700,1572864,0.585365
1807966946,gc_victim_age_dist,13,1293764,1572864,0.822553
1807966946,gc_victim_age_dist,13,1273850,1572864,0.809892
1807966946,gc_victim_age_dist,13,1331029,1572864,0.846245
1807966946,gc_victim_age_dist,13,1308740,1572864,0.832074
1807966946,gc_victim_age_dist,1,1026518,1572864,0.652643
1809636669,gc_victim_age_dist,1,838318,1572864,0.532988
1809636669,gc_victim_age_dist,13,1252192,1572864,0.796122
1809636669,gc_victim_age_dist,13,1278702,1572864,0.812977
1809636669,gc_victim_age_dist,13,1364276,1572864,0.867383
1811292690,gc_victim_age_dist,13,1251036,1572864,0.795387
1811292690,gc_victim_age_dist,1,1112410,1572864,0.707251
1811292690,gc_victim_age_dist,13,1297933,1572864,0.825204
1811292690,gc_victim_age_dist,1,994377,1572864,0.632208
1812900874,gc_victim_age_dist,13,1318277,1572864,0.838138
1812900874,gc_victim_age_dist,1,844799,1572864,0.537109
1812900874,gc_victim_age_dist,13,1238581,1572864,0.787469
1814526415,gc_victim_age_dist,13,1278096,1572864,0.812592
1814526415,gc_victim_age_dist,13,1316123,1572864,0.836768
1814526415,gc_victim_age_dist,13,1259764,1572864,0.800936
1814526415,gc_victim_age_dist,13,1319049,1572864,0.838629
1814526415,gc_victim_age_dist,1,1181569,1572864,0.751221
1814526415,gc_victim_age_dist,1,1018608,1572864,0.647614
1816174799,gc_victim_age_dist,13,1291317,1572864,0.820997
1816174799,gc_victim_age_dist,13,1364915,1572864,0.867790
1816174799,gc_victim_age_dist,1,899012,1572864,0.571576
1817791566,gc_victim_age_dist,13,1158073,1572864,0.736283
1817791566,gc_victim_age_dist,13,1179024,1572864,0.749603
1817791566,gc_victim_age_dist,13,1287478,1572864,0.818556
1817791566,gc_victim_age_dist,13,1329380,1572864,0.845197
1817791566,gc_victim_age_dist,1,1129550,1572864,0.718149
1819385402,evict_victim_age_dist,13,1546534,1572864,0.983260
1820855705,gc_victim_age_dist,1,704677,1572864,0.448022
1821101736,gc_victim_age_dist,1,201386,1572864,0.128038
1821216026,gc_victim_age_dist,13,1348180,1572864,0.857150
1822814484,gc_victim_age_dist,1,835612,1572864,0.531268
1824473028,gc_victim_age_dist,13,1181128,1572864,0.750941
1824473028,gc_victim_age_dist,13,1300406,1572864,0.826776
1824473028,gc_victim_age_dist,13,1293526,1572864,0.822402
1824473028,gc_victim_age_dist,13,1190244,1572864,0.756737
1826093794,evict_victim_age_dist,1,1393492,1572864,0.885958
1826124514,gc_victim_age_dist,13,1339823,1572864,0.851837
1826124514,gc_victim_age_dist,1,718440,1572864,0.456772
1826124514,gc_victim_age_dist,13,1219078,1572864,0.775069
1826124514,gc_victim_age_dist,1,950090,1572864,0.604051
1827297416,gc_victim_age_dist,13,1339006,1572864,0.851317
1827732402,gc_victim_age_dist,1,959939,1572864,0.610313
1827732402,gc_victim_age_dist,13,1318370,1572864,0.838197
1829452837,gc_victim_age_dist,13,1322960,1572864,0.841115
1829452837,gc_victim_age_dist,13,1296628,1572864,0.824374
1829452837,gc_victim_age_dist,13,1194586,1572864,0.759497
1829452837,gc_victim_age_dist,1,923284,1572864,0.587008
1830915516,evict_victim_age_dist,13,1475424,1572864,0.938049
1832336877,gc_victim_age_dist,13,1309288,1572864,0.832423
1832692616,gc_victim_age_dist,13,1206592,1572864,0.767131
1832692616,gc_victim_age_dist,1,1059985,1572864,0.673920
1832692616,gc_victim_age_dist,13,1334983,1572864,0.848759
1832692616,gc_victim_age_dist,13,1259373,1572864,0.800688
1834266196,gc_victim_age_dist,13,1210992,1572864,0.769928
1834266196,gc_victim_age_dist,13,1240319,1572864,0.788574
1834266196,gc_victim_age_dist,13,1246777,1572864,0.792679
1834266196,gc_victim_age_dist,1,1114638,1572864,0.708668
1835873769,gc_victim_age_dist,13,1259028,1572864,0.800468
1835873769,gc_victim_age_dist,13,1316983,1572864,0.837315
1835873769,gc_victim_age_dist,13,1344344,1572864,0.854711
1835873769,gc_victim_age_dist,1,1211756,1572864,0.770414
1835873769,gc_victim_age_dist,13,1345936,1572864,0.855723
1835873769,gc_victim_age_dist,13,1255564,1572864,0.798266
1837503679,evict_victim_age_dist,13,1464746,1572864,0.931260
1839092966,gc_victim_age_dist,13,1255199,1572864,0.798034
1839126865,gc_victim_age_dist,13,1328267,1572864,0.844489
1839126865,gc_victim_age_dist,1,764962,1572864,0.486350
1840579054,gc_victim_age_dist,13,1327176,1572864,0.843796
1840733742,gc_victim_age_dist,13,1223518,1572864,0.777892
1840733742,gc_victim_age_dist,13,1370147,1572864,0.871116
1840733742,gc_victim_age_dist,13,1342939,1572864,0.853818
1840733742,gc_victim_age_dist,13,1393184,1572864,0.885763
1840733742,gc_victim_age_dist,1,939553,1572864,0.597352
1842333998,evict_victim_age_dist,13,1531516,1572864,0.973712
1843908638,evict_victim_age_dist,13,1437192,1572864,0.913742
1845284121,evict_victim_age_dist,13,1570666,1572864,0.998603
1846739262,gc_victim_age_dist,1,1460648,1572864,0.928655
1847180491,gc_victim_age_dist,13,1040584,1572864,0.661585
1847180491,gc_victim_age_dist,13,1270764,1572864,0.807930
1847180491,gc_victim_age_dist,13,1300868,1572864,0.827070
1847180491,gc_victim_age_dist,13,1298254,1572864,0.825408
1848647225,gc_victim_age_dist,1,896916,1572864,0.570244
1848770586,gc_victim_age_dist,0,642037,1572864,0.408196
1850081665,gc_victim_age_dist,1,799439,1572864,0.508270
1850343852,gc_victim_age_dist,12,1258044,1572864,0.799843
1850343852,gc_victim_age_dist,1,990224,1572864,0.629567
1850343852,gc_victim_age_dist,1,977306,1572864,0.621354
1850343852,gc_victim_age_dist,1,1131166,1572864,0.719176
1850343852,gc_victim_age_dist,1,1052396,1572864,0.669095
1851534079,gc_victim_age_dist,1,989534,1572864,0.629129
1851918476,gc_victim_age_dist,1,1004887,1572864,0.638890
1853497083,evict_victim_age_dist,13,1563944,1572864,0.994329
1854980781,gc_victim_age_dist,13,1271465,1572864,0.808376
1855237042,gc_victim_age_dist,1,985070,1572864,0.626291
1855237042,gc_victim_age_dist,1,950440,1572864,0.604273
1855237042,gc_victim_age_dist,1,1218741,1572864,0.774855
1855237042,gc_victim_age_dist,13,1283320,1572864,0.815913
1856834375,gc_victim_age_dist,13,1195664,1572864,0.760183
1856834375,gc_victim_age_dist,13,1358352,1572864,0.863617
1856834375,gc_victim_age_dist,1,974268,1572864,0.619423
1858527442,evict_victim_age_dist,13,1531106,1572864,0.973451
1860166685,evict_victim_age_dist,13,1481454,1572864,0.941883
1861576652,evict_victim_age_dist,13,1558120,1572864,0.990626
1863060012,evict_victim_age_dist,13,1447386,1572864,0.920223
1864442794,evict_victim_age_dist,13,1414816,1572864,0.899516
1865817844,evict_victim_age_dist,13,1482768,1572864,0.942719
1867227840,gc_victim_age_dist,1,1428878,1572864,0.908456
1868073081,gc_victim_age_dist,13,1229647,1572864,0.781789
1869723930,gc_victim_age_dist,13,1204971,1572864,0.766100
1869723930,gc_victim_age_dist,1,665266,1572864,0.422965
1869723930,gc_victim_age_dist,1,985390,1572864,0.626494
1869723930,gc_victim_age_dist,1,857460,1572864,0.545158
1869723930,gc_victim_age_dist,13,1291073,1572864,0.820842
1871475155,gc_victim_age_dist,13,1285980,1572864,0.817604
1873069972,gc_victim_age_dist,13,1259284,1572864,0.800631
1873069972,gc_victim_age_dist,1,221140,1572864,0.140597
1873069972,gc_victim_age_dist,1,933388,1572864,0.593432
1873069972,gc_victim_age_dist,1,1005862,1572864,0.639510
1874644116,gc_victim_age_dist,1,1007890,1572864,0.640799
1874644116,gc_victim_age_dist,1,878124,1572864,0.558296
1874644116,gc_victim_age_dist,1,815143,1572864,0.518254
1876025019,gc_victim_age_dist,13,1339778,1572864,0.851808
1877908519,evict_victim_age_dist,13,1440000,1572864,0.915527
1879513523,evict_victim_age_dist,14,1566940,1572864,0.996234
1880885843,gc_victim_age_dist,1,1488120,1572864,0.946121
1880885843,gc_victim_age_dist,13,1292547,1572864,0.821779
1880885843,gc_victim_age_dist,1,884459,1572864,0.562324
1880885843,gc_victim_age_dist,1,932117,1572864,0.592624
1881150261,gc_victim_age_dist,13,1320660,1572864,0.839653
1881150261,gc_victim_age_dist,13,1284049,1572864,0.816376
1881150261,gc_victim_age_dist,13,1161440,1572864,0.738424
1882434619,gc_victim_age_dist,13,1374264,1572864,0.873734
1882837732,gc_victim_age_dist,1,733865,1572864,0.466579
1883882789,gc_victim_age_dist,1,924856,1572864,0.588008
1884532285,gc_victim_age_dist,13,1360592,1572864,0.865041
1884532285,gc_victim_age_dist,1,1021202,1572864,0.649263
1884532285,gc_victim_age_dist,1,1085448,1572864,0.690109
1884532285,gc_victim_age_dist,1,832502,1572864,0.529291
1886139872,gc_victim_age_dist,1,749300,1572864,0.476392
1886184931,gc_victim_age_dist,14,1303140,1572864,0.828514
1886184931,gc_victim_age_dist,13,1388197,1572864,0.882592
1886184931,gc_victim_age_dist,13,1232180,1572864,0.783399
1886184931,gc_victim_age_dist,13,1278044,1572864,0.812558
1886184931,gc_victim_age_dist,1,976061,1572864,0.620563
1887762362,gc_victim_age_dist,1,189493,1572864,0.120476
1888243509,gc_victim_age_dist,13,1192792,1572864,0.758357
1889371535,gc_victim_age_dist,13,1278586,1572864,0.812903
1889371535,gc_victim_age_dist,13,1347898,1572864,0.856970
1889371535,gc_victim_age_dist,1,845386,1572864,0.537482
1889371535,gc_victim_age_dist,13,1229128,1572864,0.781459
1890963763,gc_victim_age_dist,1,401080,1572864,0.255000
1891211777,gc_victim_age_dist,13,1331580,1572864,0.846596
1892638867,gc_victim_age_dist,13,1322472,1572864,0.840805
1892638867,gc_victim_age_dist,13,1236062,1572864,0.785867
1894010171,gc_victim_age_dist,13,1300647,1572864,0.826929
1894336728,gc_victim_age_dist,13,1312903,1572864,0.834721
1894336728,gc_victim_age_dist,13,1337920,1572864,0.850627
1894336728,gc_victim_age_dist,1,870393,1572864,0.553381
1894336728,gc_victim_age_dist,1,1038731,1572864,0.660407
1895982221,gc_victim_age_dist,1,1050144,1572864,0.667664
1895982221,gc_victim_age_dist,13,1184152,1572864,0.752864
1895982221,gc_victim_age_dist,13,1380206,1572864,0.877511
1895982221,gc_victim_age_dist,1,985582,1572864,0.626616
1897250068,evict_victim_age_dist,15,1514269,1572864,0.962746
1898656476,gc_victim_age_dist,1,593579,1572864,0.377387
1899348764,gc_victim_age_dist,0,469961,1572864,0.298793
1899625937,gc_victim_age_dist,0,615228,1572864,0.391151
1900924275,gc_victim_age_dist,13,1287380,1572864,0.818494
1902511904,evict_victim_age_dist,13,1550588,1572864,0.985837
1903990926,evict_victim_age_dist,14,1484781,1572864,0.943998
1905401452,evict_victim_age_dist,13,1424365,1572864,0.905587
1906763419,evict_victim_age_dist,13,1554720,1572864,0.988464
1908178570,evict_victim_age_dist,13,1491252,1572864,0.948112
1909612810,evict_victim_age_dist,13,1383937,1572864,0.879883
1910923242,evict_victim_age_dist,13,1410084,1572864,0.896507
1912260010,evict_victim_age_dist,13,1528431,1572864,0.971750
1913723663,evict_victim_age_dist,14,1419826,1572864,0.902701
1915080540,evict_victim_age_dist,13,1571823,1572864,0.999338
1916587004,evict_victim_age_dist,14,1470311,1572864,0.934799
1918008701,evict_victim_age_dist,13,1493807,1572864,0.949737
1919446484,evict_victim_age_dist,13,1545172,1572864,0.982394
1920866767,evict_victim_age_dist,13,1498551,1572864,0.952753
1922296840,evict_victim_age_dist,14,1553612,1572864,0.987760
1923768039,evict_victim_age_dist,13,1482052,1572864,0.942263
1925192188,gc_victim_age_dist,1,1448521,1572864,0.920945
1927400479,gc_victim_age_dist,1,289732,1572864,0.184207
1927626390,gc_victim_age_dist,13,1067952,1572864,0.678986
1929193403,gc_victim_age_dist,13,1106246,1572864,0.703332
1930893264,gc_victim_age_dist,1,933688,1572864,0.593623
1931463003,gc_victim_age_dist,13,1180439,1572864,0.750503
1931463003,gc_victim_age_dist,1,717343,1572864,0.456074
1931794521,gc_victim_age_dist,13,1121612,1572864,0.713102
1931794521,gc_victim_age_dist,13,1223539,1572864,0.777905
1933139459,gc_victim_age_dist,1,987198,1572864,0.627644
1933139459,gc_victim_age_dist,13,1178286,1572864,0.749134
1933139459,gc_victim_age_dist,14,1154231,1572864,0.733840
1933139459,gc_victim_age_dist,13,1089453,1572864,0.692656
1933139459,gc_victim_age_dist,13,1225919,1572864,0.779418
1934852096,gc_victim_age_dist,13,1242258,1572864,0.789806
1934852096,gc_victim_age_dist,13,1138425,1572864,0.723791
1936433880,gc_victim_age_dist,1,818600,1572864,0.520452
1936433880,gc_victim_age_dist,1,908912,1572864,0.577871
1936461913,gc_victim_age_dist,1,888184,1572864,0.564692
1936461913,gc_victim_age_dist,1,651135,1572864,0.413980
1937422705,gc_victim_age_dist,13,1305994,1572864,0.830329
1939276059,gc_victim_age_dist,0,295686,1572864,0.187992
1939453612,gc_victim_age_dist,13,1271916,1572864,0.808662
1939836194,gc_victim_age_dist,13,1040970,1572864,0.661831
1939836194,gc_victim_age_dist,13,1247968,1572864,0.793437
1941450401,gc_victim_age_dist,1,402441,1572864,0.255865
1941705940,gc_victim_age_dist,1,601766,1572864,0.382593
1942829659,gc_victim_age_dist,1,459596,1572864,0.292203
1943116375,gc_victim_age_dist,1,771866,1572864,0.490739
1944456740,gc_victim_age_dist,13,1116326,1572864,0.709741
1946304866,evict_victim_age_dist,14,1512950,1572864,0.961908
1947751340,evict_victim_age_dist,13,1230059,1572864,0.782050
1948936342,evict_victim_age_dist,13,1457528,1572864,0.926671
1950316317,evict_victim_age_dist,13,1408780,1572864,0.895678
1951658518,gc_victim_age_dist,1,1471121,1572864,0.935314
1952894033,gc_victim_age_dist,1,719422,1572864,0.457396
1954040513,gc_victim_age_dist,14,1159734,1572864,0.737339
1954610736,gc_victim_age_dist,13,1156063,1572864,0.735005
1954610736,gc_victim_age_dist,14,1174294,1572864,0.746596
1954610736,gc_victim_age_dist,13,1238414,1572864,0.787362
1954610736,gc_victim_age_dist,13,1168047,1572864,0.742624
1954610736,gc_victim_age_dist,14,1237016,1572864,0.786474
1956249250,gc_victim_age_dist,13,1139845,1572864,0.724694
1956249250,gc_victim_age_dist,13,1240540,1572864,0.788714
1956249250,gc_victim_age_dist,13,1289569,1572864,0.819886
1957966719,gc_victim_age_dist,13,1093500,1572864,0.695229
1957966719,gc_victim_age_dist,1,906500,1572864,0.576337
1957966719,gc_victim_age_dist,13,1302885,1572864,0.828352
1957966719,gc_victim_age_dist,1,652621,1572864,0.414925
1959098110,gc_victim_age_dist,13,1275267,1572864,0.810793
1959645028,gc_victim_age_dist,13,1289386,1572864,0.819770
1961279212,gc_victim_age_dist,13,1260353,1572864,0.801311
1961279212,gc_victim_age_dist,14,1188228,1572864,0.755455
1961279212,gc_victim_age_dist,1,719108,1572864,0.457197
1961279212,gc_victim_age_dist,13,1240030,1572864,0.788390
1961279212,gc_victim_age_dist,1,844890,1572864,0.537167
1962424778,gc_victim_age_dist,13,1298666,1572864,0.825670
1962873701,gc_victim_age_dist,13,1337170,1572864,0.850150
1962873701,gc_victim_age_dist,13,1314098,1572864,0.835481
1964454471,gc_victim_age_dist,13,1325091,1572864,0.842470
1964454471,gc_victim_age_dist,13,1260844,1572864,0.801623
1964454471,gc_victim_age_dist,1,1083768,1572864,0.689041
1966028938,gc_victim_age_dist,1,517548,1572864,0.329048
1966028938,gc_victim_age_dist,13,1320393,1572864,0.839483
1966028938,gc_victim_age_dist,1,910843,1572864,0.579098
1966181139,gc_victim_age_dist,13,1296838,1572864,0.824507
1966181139,gc_victim_age_dist,1,1034396,1572864,0.657651
1966181139,gc_victim_age_dist,1,931498,1572864,0.592230
1967625459,gc_victim_age_dist,13,1263480,1572864,0.803299
1967625459,gc_victim_age_dist,13,1300870,1572864,0.827071
1967890073,gc_victim_age_dist,13,1222617,1572864,0.777319
1967890073,gc_victim_age_dist,1,1106537,1572864,0.703517
1967890073,gc_victim_age_dist,1,925900,1572864,0.588671
1969088398,gc_victim_age_dist,13,1328191,1572864,0.844441
1969550212,gc_victim_age_dist,13,1174344,1572864,0.746628
1971141162,gc_victim_age_dist,14,1202778,1572864,0.764706
1971141162,gc_victim_age_dist,13,1318832,1572864,0.838491
1971141162,gc_victim_age_dist,0,264943,1572864,0.168446
1971289444,gc_victim_age_dist,13,1342192,1572864,0.853343
1972765495,gc_victim_age_dist,1,784946,1572864,0.499055
1974193780,gc_victim_age_dist,14,1161966,1572864,0.738758
1974446224,gc_victim_age_dist,1,985491,1572864,0.626558
1974446224,gc_victim_age_dist,1,914527,1572864,0.581441
1974446224,gc_victim_age_dist,1,873802,1572864,0.555548
1975508450,gc_victim_age_dist,13,1276929,1572864,0.811850
1976049777,gc_victim_age_dist,1,903210,1572864,0.574245
1976049777,gc_victim_age_dist,14,1236416,1572864,0.786092
1976049777,gc_victim_age_dist,13,1360074,1572864,0.864712
1976049777,gc_victim_age_dist,1,863633,1572864,0.549083
1977465827,gc_victim_age_dist,1,783219,1572864,0.497957
1979243768,evict_victim_age_dist,13,1412916,1572864,0.898308
1980818597,evict_victim_age_dist,13,1446744,1572864,0.919815
1982204010,evict_victim_age_dist,13,1416791,1572864,0.900771
1983558719,gc_victim_age_dist,1,1228276,1572864,0.780917
1984305038,gc_victim_age_dist,1,561156,1572864,0.356773
1985254234,gc_victim_age_dist,13,1157253,1572864,0.735762
1985924920,gc_victim_age_dist,13,1197409,1572864,0.761292
1985924920,gc_victim_age_dist,13,1219141,1572864,0.775109
1985924920,gc_victim_age_dist,13,1256812,1572864,0.799060
1985924920,gc_victim_age_dist,13,1328417,1572864,0.844585
1985924920,gc_victim_age_dist,13,1201474,1572864,0.763877
1985924920,gc_victim_age_dist,1,896059,1572864,0.569699
1987447785,gc_victim_age_dist,13,1244395,1572864,0.791165
1987447785,gc_victim_age_dist,13,1296975,1572864,0.824594
1987539797,gc_victim_age_dist,14,1352155,1572864,0.859677
1987539797,gc_victim_age_dist,1,824072,1572864,0.523931
1989034293,gc_victim_age_dist,13,1299279,1572864,0.826059
1989171699,gc_victim_age_dist,13,1004337,1572864,0.638540
1989171699,gc_victim_age_dist,13,1270684,1572864,0.807879
1989171699,gc_victim_age_dist,13,1332533,1572864,0.847202
1989171699,gc_victim_age_dist,14,1349344,1572864,0.857890
1989171699,gc_victim_age_dist,14,1346903,1572864,0.856338
1990823594,gc_victim_age_dist,13,1301874,1572864,0.827709
1990823594,gc_victim_age_dist,14,1338116,1572864,0.850751
1990823594,gc_victim_age_dist,13,1353004,1572864,0.860217
1990823594,gc_victim_age_dist,1,814851,1572864,0.518068
1992091931,gc_victim_age_dist,12,1109065,1572864,0.705125
1992492528,gc_victim_age_dist,13,1190782,1572864,0.757079
1994116661,gc_victim_age_dist,13,1287013,1572864,0.818261
1994116661,gc_victim_age_dist,13,1313349,1572864,0.835005
1994116661,gc_victim_age_dist,1,1259600,1572864,0.800832
1994116661,gc_victim_age_dist,1,951367,1572864,0.604863
1994116661,gc_victim_age_dist,1,1035716,1572864,0.658490
1995714262,gc_victim_age_dist,13,1234712,1572864,0.785009
1995714262,gc_victim_age_dist,13,1292251,1572864,0.821591
1995714262,gc_victim_age_dist,1,942941,1572864,0.599506
1995714262,gc_victim_age_dist,1,1148400,1572864,0.730133
1995714262,gc_victim_age_dist,14,1349408,1572864,0.857931
1995714262,gc_victim_age_dist,1,1054007,1572864,0.670120
1996986089,gc_victim_age_dist,13,1287057,1572864,0.818289
1997291297,evict_victim_age_dist,15,1555066,1572864,0.988684
1998782442,gc_victim_age_dist,14,1340448,1572864,0.852234
1998913427,gc_victim_age_dist,13,1297657,1572864,0.825028
2000364119,gc_victim_age_dist,13,1347751,1572864,0.856877
2000525998,gc_victim_age_dist,1,1147346,1572864,0.729463
2000525998,gc_victim_age_dist,1,637060,1572864,0.405032
2001436373,gc_victim_age_dist,1,924208,1572864,0.587596
2002253185,gc_victim_age_dist,13,1266868,1572864,0.805453
2002253185,gc_victim_age_dist,1,949662,1572864,0.603779
2002253185,gc_victim_age_dist,1,1030852,1572864,0.655398
2002310543,gc_victim_age_dist,13,1356438,1572864,0.862400
2002310543,gc_victim_age_dist,14,1351852,1572864,0.859484
2002310543,gc_victim_age_dist,13,1183967,1572864,0.752746
2003589690,evict_victim_age_dist,13,1531026,1572864,0.973400
2005070694,gc_victim_age_dist,13,1358142,1572864,0.863483
2005070694,gc_victim_age_dist,13,1334851,1572864,0.848675
2005444018,gc_victim_age_dist,14,1350875,1572864,0.858863
2005444018,gc_victim_age_dist,1,725363,1572864,0.461173
2005444018,gc_victim_age_dist,13,1196419,1572864,0.760663
2005444018,gc_victim_age_dist,1,1193637,1572864,0.758894
2006803696,evict_victim_age_dist,13,1483555,1572864,0.943219
2008205721,gc_victim_age_dist,13,962471,1572864,0.611923
2008598631,gc_victim_age_dist,14,1103273,1572864,0.701442
2008598631,gc_victim_age_dist,13,1154016,1572864,0.733704
2010153412,gc_victim_age_dist,13,1269927,1572864,0.807398
2010178045,gc_victim_age_dist,14,1303387,1572864,0.828671
2010178045,gc_victim_age_dist,1,903187,1572864,0.574231
2010178045,gc_victim_age_dist,13,1367764,1572864,0.869601
2011756579,gc_victim_age_dist,14,1274381,1572864,0.810230
2011756579,gc_victim_age_dist,1,1043635,1572864,0.663525
2013198703,evict_victim_age_dist,14,1508386,1572864,0.959006
2014649463,gc_victim_age_dist,1,892149,1572864,0.567213
2014925689,gc_victim_age_dist,1,810407,1572864,0.515243
2016017596,gc_victim_age_dist,13,1358155,1572864,0.863492
2016502813,gc_victim_age_dist,13,1300965,1572864,0.827131
2016502813,gc_victim_age_dist,1,899880,1572864,0.572128
2016502813,gc_victim_age_dist,13,1206357,1572864,0.766981
2018144456,evict_victim_age_dist,13,1381596,1572864,0.878395
2019818941,evict_victim_age_dist,14,1453247,1572864,0.923950
2021223726,evict_victim_age_dist,14,1451920,1572864,0.923106
2022633639,gc_victim_age_dist,1,1481454,1572864,0.941883
2023039409,gc_victim_age_dist,14,1333696,1572864,0.847941
2023039409,gc_victim_age_dist,14,1329942,1572864,0.845554
2023039409,gc_victim_age_dist,13,1227509,1572864,0.780429
2023039409,gc_victim_age_dist,13,1358065,1572864,0.863434
2023039409,gc_victim_age_dist,14,1313528,1572864,0.835119
2023039409,gc_victim_age_dist,1,854188,1572864,0.543078
2024171817,gc_victim_age_dist,1,1034940,1572864,0.657997
2024690455,gc_victim_age_dist,14,1369882,1572864,0.870948
2026326931,gc_victim_age_dist,1,897916,1572864,0.570880
2026326931,gc_victim_age_dist,13,1279501,1572864,0.813485
2026326931,gc_victim_age_dist,13,1202998,1572864,0.764846
2026326931,gc_victim_age_dist,1,1082084,1572864,0.687970
2027828624,gc_victim_age_dist,14,1318380,1572864,0.838203
2027938796,gc_victim_age_dist,13,1355086,1572864,0.861540
2027938796,gc_victim_age_dist,1,1138938,1572864,0.724117
2027938796,gc_victim_age_dist,14,1388376,1572864,0.882706
2027938796,gc_victim_age_dist,1,913826,1572864,0.580995
2029058456,gc_victim_age_dist,1,1065428,1572864,0.677381
2029538820,gc_victim_age_dist,1,1014040,1572864,0.644709
2030750353,gc_victim_age_dist,1,934478,1572864,0.594125
2031135790,gc_victim_age_dist,1,957160,1572864,0.608546
2031135790,gc_victim_age_dist,14,1379356,1572864,0.876971
2031135790,gc_victim_age_dist,14,1395286,1572864,0.887099
2031135790,gc_victim_age_dist,1,1032919,1572864,0.656712
2032363418,evict_victim_age_dist,14,1509394,1572864,0.959647
2033753583,gc_victim_age_dist,13,1352340,1572864,0.859795
2034363365,gc_victim_age_dist,0,487753,1572864,0.310105
2035187531,gc_victim_age_dist,1,946363,1572864,0.601681
2036389228,gc_victim_age_dist,13,1254339,1572864,0.797487
2037573809,gc_victim_age_dist,13,1377684,1572864,0.875908
2037573809,gc_victim_age_dist,14,1376585,1572864,0.875209
2037573809,gc_victim_age_dist,1,260011,1572864,0.165311
2037803244,gc_victim_age_dist,1,1256611,1572864,0.798932
2039224158,evict_victim_age_dist,13,1547902,1572864,0.984130
2040694637,gc_victim_age_dist,1,1008697,1572864,0.641312
2042002791,gc_victim_age_dist,1,1004768,1572864,0.638814
2042515539,gc_victim_age_dist,13,1377859,1572864,0.876019
2042515539,gc_victim_age_dist,1,679959,1572864,0.432306
2042515539,gc_victim_age_dist,1,1190242,1572864,0.756735
2043927627,gc_victim_age_dist,14,1216418,1572864,0.773378
2044093222,gc_victim_age_dist,1,939673,1572864,0.597428
2045387065,gc_victim_age_dist,14,1290696,1572864,0.820602
2045727647,evict_victim_age_dist,13,1449876,1572864,0.921806
2047112946,gc_victim_age_dist,1,990803,1572864,0.629936
2048550962,gc_victim_age_dist,13,1339392,1572864,0.851562
2048550962,gc_victim_age_dist,14,1325876,1572864,0.842969
2048950469,gc_victim_age_dist,14,1344974,1572864,0.855111
2048950469,gc_victim_age_dist,14,1114067,1572864,0.708305
2048950469,gc_victim_age_dist,13,1377096,1572864,0.875534
2048950469,gc_victim_age_dist,14,1374694,1572864,0.874007
2048950469,gc_victim_age_dist,1,640342,1572864,0.407118
2048950469,gc_victim_age_dist,13,1384288,1572864,0.880107
2050557845,gc_victim_age_dist,1,981828,1572864,0.624229
2050557845,gc_victim_age_dist,14,1323722,1572864,0.841600
2052151888,gc_victim_age_dist,14,1210084,1572864,0.769351
2052151888,gc_victim_age_dist,14,1311896,1572864,0.834081
2052151888,gc_victim_age_dist,1,891928,1572864,0.567073
2052151888,gc_victim_age_dist,14,1364552,1572864,0.867559
2052151888,gc_victim_age_dist,13,1258288,1572864,0.799998
2053691150,evict_victim_age_dist,13,1457440,1572864,0.926615
2055082632,gc_victim_age_dist,13,1296598,1572864,0.824355
2055082632,gc_victim_age_dist,13,1294595,1572864,0.823081
2055442395,gc_victim_age_dist,14,1370883,1572864,0.871584
2055442395,gc_victim_age_dist,14,1346432,1572864,0.856038
2055442395,gc_victim_age_dist,14,1327372,1572864,0.843920
2055442395,gc_victim_age_dist,1,955103,1572864,0.607238
2055442395,gc_victim_age_dist,13,1399767,1572864,0.889948
2057078791,gc_victim_age_dist,14,1344661,1572864,0.854912
2058517154,gc_victim_age_dist,1,938856,1572864,0.596909
2058517154,gc_victim_age_dist,13,1226417,1572864,0.779735
2058517154,gc_victim_age_dist,14,1369130,1572864,0.870469
2058722160,gc_victim_age_dist,13,1326265,1572864,0.843217
2058722160,gc_victim_age_dist,1,848836,1572864,0.539675
2059826123,evict_victim_age_dist,14,1555407,1572864,0.988901
2061279382,gc_victim_age_dist,1,1051446,1572864,0.668491
2061279382,gc_victim_age_dist,1,778715,1572864,0.495094
2061967276,gc_victim_age_dist,14,1353882,1572864,0.860775
2061967276,gc_victim_age_dist,1,154068,1572864,0.097954
2062093405,gc_victim_age_dist,14,1336434,1572864,0.849682
2063611729,gc_victim_age_dist,13,1173815,1572864,0.746291
2063611729,gc_victim_age_dist,14,1358828,1572864,0.863920
2063611729,gc_victim_age_dist,1,1147191,1572864,0.729364
2063611729,gc_victim_age_dist,13,1335403,1572864,0.849026
2063611729,gc_victim_age_dist,14,1389985,1572864,0.883729
2063611729,gc_victim_age_dist,12,1351746,1572864,0.859417
2063611729,gc_victim_age_dist,13,1346041,1572864,0.855790
2063611729,gc_victim_age_dist,1,815278,1572864,0.518340
2063611729,gc_victim_age_dist,13,1271216,1572864,0.808217
2063611729,gc_victim_age_dist,1,749585,1572864,0.476573
2063611985,gc_victim_age_dist,13,1025565,1572864,0.652037
2063611985,gc_victim_age_dist,14,1387934,1572864,0.882425
2063611985,gc_victim_age_dist,1,1032487,1572864,0.656438
2064572578,gc_victim_age_dist,14,1359507,1572864,0.864351
2066138780,evict_victim_age_dist,15,1547824,1572864,0.984080
2067599707,evict_victim_age_dist,13,1555966,1572864,0.989257
2069060384,evict_victim_age_dist,14,1544134,1572864,0.981734
2070513785,evict_victim_age_dist,14,1435972,1572864,0.912966
2071902688,evict_victim_age_dist,14,1569594,1572864,0.997921
2073413885,evict_victim_age_dist,13,1504165,1572864,0.956322
2074885061,evict_victim_age_dist,14,1497130,1572864,0.951850
2076347319,gc_victim_age_dist,1,1440617,1572864,0.915920
2078146057,gc_victim_age_dist,1,725612,1572864,0.461332
2079180721,gc_victim_age_dist,1,234640,1572864,0.149180
2079380062,gc_victim_age_dist,14,1206254,1572864,0.766916
2080896519,gc_victim_age_dist,1,779235,1572864,0.495424
2081650490,gc_victim_age_dist,14,1246749,1572864,0.792662
2083325304,gc_victim_age_dist,14,1190940,1572864,0.757179
2083325304,gc_victim_age_dist,14,1279748,1572864,0.813642
2083325304,gc_victim_age_dist,14,1247144,1572864,0.792913
2083325304,gc_victim_age_dist,14,1301021,1572864,0.827167
2084994578,gc_victim_age_dist,14,1237294,1572864,0.786650
2084994578,gc_victim_age_dist,0,409721,1572864,0.260494
2084994578,gc_victim_age_dist,13,1184300,1572864,0.752958
2084994578,gc_victim_age_dist,1,386378,1572864,0.245653
2085307171,gc_victim_age_dist,14,1274420,1572864,0.810254
2086587567,gc_victim_age_dist,14,1164851,1572864,0.740592
2086587567,gc_victim_age_dist,14,1237411,1572864,0.786725
2088271873,gc_victim_age_dist,14,1264858,1572864,0.804175
2088271873,gc_victim_age_dist,14,1289371,1572864,0.819760
2088271873,gc_victim_age_dist,13,1316291,1572864,0.836875
2088271873,gc_victim_age_dist,1,441668,1572864,0.280805
2088647843,gc_victim_age_dist,1,934205,1572864,0.593952
2089978450,gc_victim_age_dist,14,1350697,1572864,0.858750
2091714337,gc_victim_age_dist,1,770861,1572864,0.490100
2091799178,gc_victim_age_dist,12,1365240,1572864,0.867996
2091799178,gc_victim_age_dist,13,1370686,1572864,0.871459
2091799178,gc_victim_age_dist,14,1366084,1572864,0.868533
2091799178,gc_victim_age_dist,14,1369551,1572864,0.870737
2091799178,gc_victim_age_dist,1,727878,1572864,0.462772
2092918558,gc_victim_age_dist,1,789416,1572864,0.501897
2092918558,gc_victim_age_dist,1,783335,1572864,0.498031
2093525398,gc_victim_age_dist,13,1378336,1572864,0.876322
2093525398,gc_victim_age_dist,14,1313738,1572864,0.835252
2093525398,gc_victim_age_dist,1,733796,1572864,0.466535
2094406243,gc_victim_age_dist,14,1323702,1572864,0.841587
2095226381,gc_victim_age_dist,14,1320973,1572864,0.839852
2096828718,gc_victim_age_dist,14,1267943,1572864,0.806136
2096828718,gc_victim_age_dist,14,1253155,1572864,0.796734
2096828718,gc_victim_age_dist,1,437571,1572864,0.278200
2096828718,gc_victim_age_dist,1,635855,1572864,0.404266
2097803686,gc_victim_age_dist,13,1381107,1572864,0.878084
2098472276,gc_victim_age_dist,14,1305536,1572864,0.830037
2098472276,gc_victim_age_dist,13,1377887,1572864,0.876037
2100275941,gc_victim_age_dist,14,1357585,1572864,0.863129
2100275941,gc_victim_age_dist,0,269688,1572864,0.171463
2100476324,gc_victim_age_dist,13,1380619,1572864,0.877774
2101963908,gc_victim_age_dist,13,998451,1572864,0.634798
2101963908,gc_victim_age_dist,1,822761,1572864,0.523097
2101963908,gc_victim_age_dist,14,1367457,1572864,0.869406
2101963908,gc_victim_age_dist,1,980373,1572864,0.623304
2103236200,gc_victim_age_dist,14,1364042,1572864,0.867235
2103594832,gc_victim_age_dist,1,898323,1572864,0.571138
2103594832,gc_victim_age_dist,1,559382,1572864,0.355645
2104303520,gc_victim_age_dist,1,910281,1572864,0.578741
2105171861,gc_victim_age_dist,1,886156,1572864,0.563403
2106246332,gc_victim_age_dist,1,782996,1572864,0.497815
2106778413,gc_victim_age_dist,14,1316071,1572864,0.836735
2106778413,gc_victim_age_dist,14,1324927,1572864,0.842366
2106778413,gc_victim_age_dist,14,1357564,1572864,0.863116
2108371547,gc_victim_age_dist,14,1341907,1572864,0.853161
2108371547,gc_victim_age_dist,14,1355028,1572864,0.861504
2108371547,gc_victim_age_dist,13,1339710,1572864,0.851765
2108371547,gc_victim_age_dist,13,1346445,1572864,0.856047
2108371547,gc_victim_age_dist,13,1206292,1572864,0.766940
2109951116,gc_victim_age_dist,14,982779,1572864,0.624834
2109951116,gc_victim_age_dist,12,1114501,1572864,0.708581
2111735152,gc_victim_age_dist,14,1237854,1572864,0.787006
2111735152,gc_victim_age_dist,14,1351015,1572864,0.858952
2111735152,gc_victim_age_dist,1,900564,1572864,0.572563
2111735152,gc_victim_age_dist,1,757400,1572864,0.481542
2112831485,gc_victim_age_dist,13,1198613,1572864,0.762058
2112831485,gc_victim_age_dist,1,981400,1572864,0.623957
2113380238,gc_victim_age_dist,1,844656,1572864,0.537018
2114537761,evict_victim_age_dist,13,1514593,1572864,0.962952
2115956778,gc_victim_age_dist,14,1230848,1572864,0.782552
2116781752,gc_victim_age_dist,1,328720,1572864,0.208995
2117049210,gc_victim_age_dist,1,818716,1572864,0.520526
2118288018,gc_victim_age_dist,14,1362079,1572864,0.865987
2118524464,gc_victim_age_dist,1,921283,1572864,0.585736
2119905491,gc_victim_age_dist,14,1270722,1572864,0.807903
2120218691,gc_victim_age_dist,1,892020,1572864,0.567131
2121623486,gc_victim_age_dist,14,1281442,1572864,0.814719
2121793310,gc_victim_age_dist,14,1213264,1572864,0.771372
2121793310,gc_victim_age_dist,14,1320728,1572864,0.839696
2121793310,gc_victim_age_dist,14,1336384,1572864,0.849650
2121793310,gc_victim_age_dist,13,1346300,1572864,0.855954
2121819685,gc_victim_age_dist,13,1376270,1572864,0.875009
2121819685,gc_victim_age_dist,13,1365120,1572864,0.867920
2121819685,gc_victim_age_dist,14,1369966,1572864,0.871001
2121819685,gc_victim_age_dist,13,1371462,1572864,0.871952
2121819685,gc_victim_age_dist,1,906729,1572864,0.576483
2121819685,gc_victim_age_dist,1,835914,1572864,0.531460
2121819685,gc_victim_age_dist,1,904265,1572864,0.574916
2122890149,evict_victim_age_dist,14,1526035,1572864,0.970227
2124346245,gc_victim_age_dist,1,836423,1572864,0.531783
2125494760,gc_victim_age_dist,13,1306942,1572864,0.830931
2126643391,gc_victim_age_dist,14,1330774,1572864,0.846083
2126643391,gc_victim_age_dist,14,1356182,1572864,0.862237
2126643391,gc_victim_age_dist,1,1053422,1572864,0.669748
2128292197,gc_victim_age_dist,14,1362046,1572864,0.865966
2128292197,gc_victim_age_dist,1,1062757,1572864,0.675683
2128292197,gc_victim_age_dist,13,1348350,1572864,0.857258
2128292197,gc_victim_age_dist,1,997818,1572864,0.634396
2129539161,evict_victim_age_dist,13,1465732,1572864,0.931887
2130885328,gc_victim_age_dist,13,1371389,1572864,0.871906
2130885328,gc_victim_age_dist,1,948358,1572864,0.602950
2131756443,gc_victim_age_dist,1,1111162,1572864,0.706458
2131756443,gc_victim_age_dist,1,1125117,1572864,0.715330
2133134158,gc_victim_age_dist,14,1214581,1572864,0.772210
2133400003,gc_victim_age_dist,14,1306781,1572864,0.830829
2133400003,gc_victim_age_dist,13,1374568,1572864,0.873927
2133400003,gc_victim_age_dist,14,1384527,1572864,0.880259
2133400003,gc_victim_age_dist,1,905408,1572864,0.575643
2134649721,evict_victim_age_dist,14,1493309,1572864,0.949420
2136019478,gc_victim_age_dist,1,1051710,1572864,0.668659
2136630944,gc_victim_age_dist,1,1071620,1572864,0.681318
2137967718,gc_victim_age_dist,1,820720,1572864,0.521800
2138210416,gc_victim_age_dist,0,325999,1572864,0.207265
2138524776,gc_victim_age_dist,14,1330442,1572864,0.845872
2139849435,evict_victim_age_dist,13,1421348,1572864,0.903669
2141206507,gc_victim_age_dist,14,1291196,1572864,0.820920
2141522118,gc_victim_age_dist,13,1375362,1572864,0.874432
2141522118,gc_victim_age_dist,14,1369432,1572864,0.870661
2141522118,gc_victim_age_dist,1,709656,1572864,0.451187
2141522118,gc_victim_age_dist,13,1377062,1572864,0.875512
2143177550,gc_victim_age_dist,1,1012322,1572864,0.643617
2143177550,gc_victim_age_dist,13,1296709,1572864,0.824425
2143177550,gc_victim_age_dist,1,860239,1572864,0.546925
2143177550,gc_victim_age_dist,13,1389651,1572864,0.883516
2144702207,gc_victim_age_dist,14,1365424,1572864,0.868113
2144847039,gc_victim_age_dist,13,1284814,1572864,0.816863
2144847039,gc_victim_age_dist,13,1340407,1572864,0.852208
2144847039,gc_victim_age_dist,1,687957,1572864,0.437391
2145811335,evict_victim_age_dist,14,1517009,1572864,0.964488
2147266201,gc_victim_age_dist,1,972020,1572864,0.617994
2148622958,gc_victim_age_dist,1,896230,1572864,0.569808
2149959155,gc_victim_age_dist,1,964497,1572864,0.613211
2149959155,gc_victim_age_dist,14,1313371,1572864,0.835019
2149959155,gc_victim_age_dist,14,1315299,1572864,0.836245
2149959155,gc_victim_age_dist,1,1090252,1572864,0.693164
2149959155,gc_victim_age_dist,1,703709,1572864,0.447406
2150860424,gc_victim_age_dist,14,1343952,1572864,0.854462
2152406745,gc_victim_age_dist,14,1375668,1572864,0.874626
2153126644,evict_victim_age_dist,14,1567112,1572864,0.996343
2154620681,gc_victim_age_dist,12,1355019,1572864,0.861498
2154705933,gc_victim_age_dist,1,869347,1572864,0.552716
2154705933,gc_victim_age_dist,13,1388923,1572864,0.883053
2156333656,gc_victim_age_dist,14,1238168,1572864,0.787206
2156333656,gc_victim_age_dist,14,1392073,1572864,0.885056
2156333656,gc_victim_age_dist,1,1041538,1572864,0.662192
2156333656,gc_victim_age_dist,14,1374523,1572864,0.873898
2156333656,gc_victim_age_dist,1,979683,1572864,0.622866
2156333656,gc_victim_age_dist,13,1390304,1572864,0.883931
2156333656,gc_victim_age_dist,1,1172718,1572864,0.745594
2156844838,gc_victim_age_dist,14,1309842,1572864,0.832775
2156844838,gc_victim_age_dist,1,1007159,1572864,0.640334
2156844838,gc_victim_age_dist,1,926327,1572864,0.588943
2157943816,gc_victim_age_dist,14,1397438,1572864,0.888467
2158167849,gc_victim_age_dist,1,890099,1572864,0.565910
2159174871,gc_victim_age_dist,1,892964,1572864,0.567731
2159914275,gc_victim_age_dist,1,1067738,1572864,0.678850
2159914275,gc_victim_age_dist,1,887077,1572864,0.563988
2161004972,gc_victim_age_dist,14,1377601,1572864,0.875855
2161709018,gc_victim_age_dist,1,1099655,1572864,0.699142
2161709018,gc_victim_age_dist,14,1403358,1572864,0.892231
2161709018,gc_victim_age_dist,1,573911,1572864,0.364883
2161709018,gc_victim_age_dist,14,1382730,1572864,0.879116
2161709018,gc_victim_age_dist,1,890927,1572864,0.566436
2161709018,gc_victim_age_dist,1,892826,1572864,0.567643
2162802933,evict_victim_age_dist,13,1547358,1572864,0.983784
2164256263,gc_victim_age_dist,14,1277433,1572864,0.812170
2165161164,gc_victim_age_dist,13,1394058,1572864,0.886318
2165161164,gc_victim_age_dist,13,1372558,1572864,0.872649
2165161164,gc_victim_age_dist,14,1371660,1572864,0.872078
2166813373,gc_victim_age_dist,14,1343561,1572864,0.854213
2166813373,gc_victim_age_dist,14,1382745,1572864,0.879126
2166813373,gc_victim_age_dist,1,647764,1572864,0.411837
2166813373,gc_victim_age_dist,1,1024784,1572864,0.651540
2168383025,evict_victim_age_dist,13,1566594,1572864,0.996014
2170268946,evict_victim_age_dist,13,1462314,1572864,0.929714
2171960487,evict_victim_age_dist,15,1558911,1572864,0.991129
2173467393,gc_victim_age_dist,1,1462772,1572864,0.930005
2173677205,gc_victim_age_dist,13,1327908,1572864,0.844261
2173677205,gc_victim_age_dist,14,1279556,1572864,0.813520
2173677205,gc_victim_age_dist,14,1386396,1572864,0.881447
2173677205,gc_victim_age_dist,0,389196,1572864,0.247444
2173677205,gc_victim_age_dist,13,1399235,1572864,0.889610
2173677205,gc_victim_age_dist,1,635013,1572864,0.403730
2173972355,gc_victim_age_dist,14,1300076,1572864,0.826566
2175431734,gc_victim_age_dist,14,1311058,1572864,0.833548
2175431734,gc_victim_age_dist,1,684133,1572864,0.434960
2176227604,gc_victim_age_dist,14,1306185,1572864,0.830450
2177138349,gc_victim_age_dist,1,987421,1572864,0.627785
2177138349,gc_victim_age_dist,1,791698,1572864,0.503348
2178111994,gc_victim_age_dist,1,1062731,1572864,0.675666
2178887777,gc_victim_age_dist,13,1357510,1572864,0.863082
2178887777,gc_victim_age_dist,14,1398710,1572864,0.889276
2178887777,gc_victim_age_dist,1,926458,1572864,0.589026
2180012590,gc_victim_age_dist,1,892292,1572864,0.567304
2180751211,gc_victim_age_dist,1,1043892,1572864,0.663689
2180751211,gc_victim_age_dist,1,1095104,1572864,0.696248
2182175011,gc_victim_age_dist,14,1343063,1572864,0.853896
2182427263,gc_victim_age_dist,13,1390051,1572864,0.883771
2182427263,gc_victim_age_dist,14,1398937,1572864,0.889420
2182427263,gc_victim_age_dist,1,861672,1572864,0.547836
2182427263,gc_victim_age_dist,14,1371968,1572864,0.872274
2184141193,gc_victim_age_dist,14,1108675,1572864,0.704877
2184141193,gc_victim_age_dist,14,1373860,1572864,0.873477
2184141193,gc_victim_age_dist,0,229376,1572864,0.145833
2184259442,gc_victim_age_dist,13,1384104,1572864,0.879990
2185826436,evict_victim_age_dist,14,1483494,1572864,0.943180
2187226558,gc_victim_age_dist,14,1358261,1572864,0.863559
2187511661,gc_victim_age_dist,14,1369256,1572864,0.870550
2187511661,gc_victim_age_dist,14,1389165,1572864,0.883207
2189110515,gc_victim_age_dist,14,1334324,1572864,0.848340
2189110515,gc_victim_age_dist,14,1247896,1572864,0.793391
2189110515,gc_victim_age_dist,14,1395284,1572864,0.887098
2189110515,gc_victim_age_dist,1,881642,1572864,0.560533
2189110515,gc_victim_age_dist,1,1090196,1572864,0.693128
2190737382,gc_victim_age_dist,14,1303297,1572864,0.828614
2190737382,gc_victim_age_dist,14,1341337,1572864,0.852799
2190737382,gc_victim_age_dist,13,1370573,1572864,0.871387
2190737382,gc_victim_age_dist,14,1406736,1572864,0.894379
2192260183,evict_victim_age_dist,13,1533800,1572864,0.975164
2193726480,gc_victim_age_dist,14,1294919,1572864,0.823287
2193925464,gc_victim_age_dist,1,782862,1572864,0.497730
2195109366,gc_victim_age_dist,14,1373177,1572864,0.873042
2195533180,gc_victim_age_dist,13,1373174,1572864,0.873041
2195533180,gc_victim_age_dist,13,1373715,1572864,0.873384
2195533180,gc_victim_age_dist,13,1393401,1572864,0.885900
2195533180,gc_victim_age_dist,13,1339117,1572864,0.851388
2195533180,gc_victim_age_dist,1,998535,1572864,0.634851
2195533180,gc_victim_age_dist,1,939550,1572864,0.597350
2195533180,gc_victim_age_dist,1,818239,1572864,0.520222
2196498375,gc_victim_age_dist,14,1319128,1572864,0.838679
2197170306,gc_victim_age_dist,1,527392,1572864,0.335307
2197170306,gc_victim_age_dist,1,1229252,1572864,0.781537
2198805503,evict_victim_age_dist,14,1498251,1572864,0.952562
2200420721,evict_victim_age_dist,14,1437984,1572864,0.914246
2200600254,evict_victim_age_dist,13,1550066,1572864,0.985505
2202029601,evict_victim_age_dist,14,1539866,1572864,0.979020
2203522243,evict_victim_age_dist,13,1453171,1572864,0.923901
2204915505,gc_victim_age_dist,1,1492128,1572864,0.948669
2205246101,gc_victim_age_dist,1,372303,1572864,0.236704
2205582797,gc_victim_age_dist,0,216998,1572864,0.137964
2205781291,gc_victim_age_dist,14,1365754,1572864,0.868323
2207383640,gc_victim_age_dist,14,1168893,1572864,0.743162
2208539612,gc_victim_age_dist,14,1124702,1572864,0.715066
2208539612,gc_victim_age_dist,14,1243571,1572864,0.790641
2210167858,gc_victim_age_dist,14,1258018,1572864,0.799826
2210255238,gc_victim_age_dist,14,1303104,1572864,0.828491
2210255238,gc_victim_age_dist,14,1367166,1572864,0.869221
2211923928,gc_victim_age_dist,1,456931,1572864,0.290509
2211923928,gc_victim_age_dist,14,1372823,1572864,0.872817
2211923928,gc_victim_age_dist,14,1368942,1572864,0.870350
2211923928,gc_victim_age_dist,14,1346209,1572864,0.855897
2211923928,gc_victim_age_dist,13,1392958,1572864,0.885619
2211923928,gc_victim_age_dist,1,887544,1572864,0.564285
2213267874,gc_victim_age_dist,13,1397232,1572864,0.888336
2213559395,gc_victim_age_dist,1,470662,1572864,0.299239
2213946022,gc_victim_age_dist,14,1279510,1572864,0.813491
2215194539,gc_victim_age_dist,13,1377806,1572864,0.875985
2215194539,gc_victim_age_dist,13,1352118,1572864,0.859653
2216742992,gc_victim_age_dist,14,1317505,1572864,0.837647
2216785457,gc_victim_age_dist,14,1372788,1572864,0.872795
2216785457,gc_victim_age_dist,1,1020316,1572864,0.648699
2216785457,gc_victim_age_dist,13,1039843,1572864,0.661114
2216785457,gc_victim_age_dist,14,1349389,1572864,0.857918
2216785457,gc_victim_age_dist,14,1360130,1572864,0.864747
2216785457,gc_victim_age_dist,13,1394286,1572864,0.886463
2216785457,gc_victim_age_dist,13,1380479,1572864,0.877685
2216785457,gc_victim_age_dist,13,1402940,1572864,0.891965
2216785457,gc_victim_age_dist,14,1386585,1572864,0.881567
2216785457,gc_victim_age_dist,1,907906,1572864,0.577231
2217120994,gc_victim_age_dist,13,1403646,1572864,0.892414
2218443430,gc_victim_age_dist,1,791623,1572864,0.503300
2219666952,gc_victim_age_dist,14,1186937,1572864,0.754634
2220045618,gc_victim_age_dist,14,1344584,1572864,0.854863
2220045618,gc_victim_age_dist,14,1340916,1572864,0.852531
2220045618,gc_victim_age_dist,14,1372148,1572864,0.872388
2220045618,gc_victim_age_dist,1,740718,1572864,0.470936
2220045618,gc_victim_age_dist,1,1101382,1572864,0.700240
2221659684,gc_victim_age_dist,14,1213558,1572864,0.771559
2221659684,gc_victim_age_dist,14,1371730,1572864,0.872122
2221659684,gc_victim_age_dist,1,605070,1572864,0.384693
2222414818,gc_victim_age_dist,14,1384471,1572864,0.880223
2223401887,gc_victim_age_dist,1,778998,1572864,0.495274
2224539283,gc_victim_age_dist,14,1271873,1572864,0.808635
2224539283,gc_victim_age_dist,13,1391167,1572864,0.884480
2225019355,gc_victim_age_dist,14,1332193,1572864,0.846985
2225019355,gc_victim_age_dist,14,1394519,1572864,0.886611
2225019355,gc_victim_age_dist,1,1097498,1572864,0.697770
2226593890,gc_victim_age_dist,14,1132806,1572864,0.720219
2226698597,gc_victim_age_dist,14,1355561,1572864,0.861842
2226698597,gc_victim_age_dist,14,1382453,1572864,0.878940
2226698597,gc_victim_age_dist,13,1395552,1572864,0.887268
2226698597,gc_victim_age_dist,1,954669,1572864,0.606962
2228134499,evict_victim_age_dist,14,1548036,1572864,0.984215
2229637878,gc_victim_age_dist,1,1169768,1572864,0.743718
2230041619,gc_victim_age_dist,14,1323106,1572864,0.841208
2230041619,gc_victim_age_dist,1,823774,1572864,0.523741
2230041619,gc_victim_age_dist,13,1399500,1572864,0.889778
2230041619,gc_victim_age_dist,14,1401078,1572864,0.890781
2231703768,gc_victim_age_dist,13,1161156,1572864,0.738243
2231703768,gc_victim_age_dist,1,536511,1572864,0.341105
2232549325,gc_victim_age_dist,14,1399699,1572864,0.889905
2233418533,evict_victim_age_dist,13,1446822,1572864,0.919865
2234821078,gc_victim_age_dist,14,1308593,1572864,0.831981
2234998831,gc_victim_age_dist,1,688726,1572864,0.437880
2235934651,gc_victim_age_dist,14,1355537,1572864,0.861827
2236586326,gc_victim_age_dist,14,1218728,1572864,0.774846
2236586326,gc_victim_age_dist,13,1393875,1572864,0.886202
2236586326,gc_victim_age_dist,1,812260,1572864,0.516421
2237127766,gc_victim_age_dist,13,1409240,1572864,0.895971
2237127766,gc_victim_age_dist,14,1399340,1572864,0.889676
2237127766,gc_victim_age_dist,1,1123480,1572864,0.714289
2237127766,gc_victim_age_dist,1,1084549,1572864,0.689538
2237127766,gc_victim_age_dist,1,965325,1572864,0.613737
2238207706,gc_victim_age_dist,12,1354103,1572864,0.860916
2238207706,gc_victim_age_dist,1,985702,1572864,0.626692
2238207706,gc_victim_age_dist,14,1391882,1572864,0.884935
2238207706,gc_victim_age_dist,1,352706,1572864,0.224244
2238489297,gc_victim_age_dist,13,1409608,1572864,0.896205
2239782560,evict_victim_age_dist,13,1571632,1572864,0.999217
2241277712,gc_victim_age_dist,14,1218896,1572864,0.774953
2242802997,gc_victim_age_dist,14,1315906,1572864,0.836631
2243012607,gc_victim_age_dist,13,1363659,1572864,0.866991
2243012607,gc_victim_age_dist,1,742185,1572864,0.471869
2243012607,gc_victim_age_dist,14,1366366,1572864,0.868712
2244614529,gc_victim_age_dist,0,299314,1572864,0.190299
2245388439,gc_victim_age_dist,13,1205037,1572864,0.766142
2247032266,gc_victim_age_dist,14,1329497,1572864,0.845271
2247032266,gc_victim_age_dist,13,1315097,1572864,0.836116
2247764752,gc_victim_age_dist,13,1386063,1572864,0.881235
2247764752,gc_victim_age_dist,1,539656,1572864,0.343104
2248578233,gc_victim_age_dist,14,1347506,1572864,0.856721
2249354974,gc_victim_age_dist,14,1354026,1572864,0.860867
2249354974,gc_victim_age_dist,1,886708,1572864,0.563754
2249354974,gc_victim_age_dist,13,1391832,1572864,0.884903
2249354974,gc_victim_age_dist,1,752324,1572864,0.478315
2250387667,gc_victim_age_dist,14,1127075,1572864,0.716575
2250928744,evict_victim_age_dist,14,1467838,1572864,0.933226
2252339861,gc_victim_age_dist,14,1357366,1572864,0.862990
2252503061,gc_victim_age_dist,14,1390559,1572864,0.884094
2254077348,gc_victim_age_dist,14,1205816,1572864,0.766637
2254077348,gc_victim_age_dist,1,331094,1572864,0.210504
2254350980,gc_victim_age_dist,14,1247519,1572864,0.793151
2254350980,gc_victim_age_dist,13,1379694,1572864,0.877186
2255654892,evict_victim_age_dist,13,1406179,1572864,0.894025
2257284487,evict_victim_age_dist,14,1499970,1572864,0.953655
2258823719,evict_victim_age_dist,13,1511176,1572864,0.960780
2260278478,gc_victim_age_dist,1,1454204,1572864,0.924558
2260696167,gc_victim_age_dist,14,1230389,1572864,0.782260
2260696167,gc_victim_age_dist,14,1311569,1572864,0.833873
2260696167,gc_victim_age_dist,14,1371878,1572864,0.872217
2260696167,gc_victim_age_dist,14,1364235,1572864,0.867357
2260696167,gc_victim_age_dist,13,1383384,1572864,0.879532
2260696167,gc_victim_age_dist,1,707714,1572864,0.449952
2260696167,gc_victim_age_dist,14,1312800,1572864,0.834656
2260696167,gc_victim_age_dist,13,1387838,1572864,0.882364
2262468734,gc_victim_age_dist,13,1376659,1572864,0.875256
2262468734,gc_victim_age_dist,13,1388668,1572864,0.882891
2262468734,gc_victim_age_dist,1,898241,1572864,0.571086
2262468734,gc_victim_age_dist,1,870408,1572864,0.553391
2263677420,gc_victim_age_dist,1,600220,1572864,0.381610
2264131547,gc_victim_age_dist,1,821954,1572864,0.522584
2265355935,gc_victim_age_dist,13,1324846,1572864,0.842314
2265770373,gc_victim_age_dist,1,1106892,1572864,0.703743
2267407711,gc_victim_age_dist,1,299238,1572864,0.190250
2267650251,gc_victim_age_dist,1,819663,1572864,0.521128
2268908189,gc_victim_age_dist,1,814484,1572864,0.517835
2269028132,gc_victim_age_dist,1,526714,1572864,0.334876
2269733923,gc_victim_age_dist,1,737613,1572864,0.468962
2270662691,gc_victim_age_dist,1,612957,1572864,0.389708
2271536838,gc_victim_age_dist,13,1076422,1572864,0.684371
2272368326,gc_victim_age_dist,1,912035,1572864,0.579856
2273598918,gc_victim_age_dist,1,556368,1572864,0.353729
2273987993,gc_victim_age_dist,13,1397625,1572864,0.888586
2275592756,evict_victim_age_dist,13,1513170,1572864,0.962048
2277047117,gc_victim_age_dist,14,1330207,1572864,0.845723
2277242288,gc_victim_age_dist,14,1355048,1572864,0.861516
2277242288,gc_victim_age_dist,14,1345553,1572864,0.855480
2277242288,gc_victim_age_dist,14,1337406,1572864,0.850300
2277242288,gc_victim_age_dist,1,907942,1572864,0.577254
2277242288,gc_victim_age_dist,1,1014586,1572864,0.645056
2278669338,gc_victim_age_dist,14,1231027,1572864,0.782666
2278817412,gc_victim_age_dist,14,1328100,1572864,0.844383
2278817412,gc_victim_age_dist,14,1232365,1572864,0.783517
2280351446,evict_victim_age_dist,13,1503981,1572864,0.956205
2281803352,gc_victim_age_dist,14,1378393,1572864,0.876359
2282110204,gc_victim_age_dist,14,1184618,1572864,0.753160
2282110204,gc_victim_age_dist,13,1375024,1572864,0.874217
2282110204,gc_victim_age_dist,13,1399790,1572864,0.889963
2282110204,gc_victim_age_dist,13,1395106,1572864,0.886985
2282110204,gc_victim_age_dist,1,850442,1572864,0.540696
2282110204,gc_victim_age_dist,1,1187446,1572864,0.754958
2283714899,gc_victim_age_dist,14,1228767,1572864,0.781229
2283714899,gc_victim_age_dist,12,1307947,1572864,0.831570
2283714899,gc_victim_age_dist,14,1375242,1572864,0.874355
2283714899,gc_victim_age_dist,1,1011310,1572864,0.642974
2284925695,gc_victim_age_dist,13,1386290,1572864,0.881379
2284925695,gc_victim_age_dist,13,1397770,1572864,0.888678
2285293137,gc_victim_age_dist,14,1311209,1572864,0.833644
2286918964,evict_victim_age_dist,14,1503004,1572864,0.955584
2287333863,gc_victim_age_dist,14,1251161,1572864,0.795467
2287333863,gc_victim_age_dist,0,241046,1572864,0.153253
2287333863,gc_victim_age_dist,14,1321008,1572864,0.839874
2287333863,gc_victim_age_dist,1,1093839,1572864,0.695444
2287333863,gc_victim_age_dist,14,1390010,1572864,0.883745
2288622791,gc_victim_age_dist,14,1259199,1572864,0.800577
2288622791,gc_victim_age_dist,1,1131370,1572864,0.719306
2290060398,gc_victim_age_dist,14,1385746,1572864,0.881034
2290286291,gc_victim_age_dist,1,1044416,1572864,0.664022
2290286291,gc_victim_age_dist,1,971385,1572864,0.617590
2290286291,gc_victim_age_dist,13,1381234,1572864,0.878165
2291793771,gc_victim_age_dist,1,749158,1572864,0.476302
2292068526,gc_victim_age_dist,1,315444,1572864,0.200554
2292346610,gc_victim_age_dist,1,957749,1572864,0.608920
2293553712,evict_victim_age_dist,13,1519342,1572864,0.965972
2295015091,gc_victim_age_dist,1,954384,1572864,0.606781
2296217873,gc_victim_age_dist,14,1383312,1572864,0.879486
2297160150,gc_victim_age_dist,13,1401501,1572864,0.891050
2297160150,gc_victim_age_dist,12,1405161,1572864,0.893377
2298739863,evict_victim_age_dist,14,1530262,1572864,0.972914
2300211649,gc_victim_age_dist,14,1060388,1572864,0.674177
2300356836,gc_victim_age_dist,14,1382287,1572864,0.878834
2300356836,gc_victim_age_dist,13,1367742,1572864,0.869587
2300356836,gc_victim_age_dist,14,1360987,1572864,0.865292
2300356836,gc_victim_age_dist,14,1336662,1572864,0.849827
2300356836,gc_victim_age_dist,1,531075,1572864,0.337648
2301102546,gc_victim_age_dist,14,1401724,1572864,0.891192
2301994228,gc_victim_age_dist,1,805964,1572864,0.512418
2301994228,gc_victim_age_dist,1,818826,1572864,0.520596
2303129403,gc_victim_age_dist,1,767149,1572864,0.487740
2303638695,evict_victim_age_dist,14,1534476,1572864,0.975594
2305095568,gc_victim_age_dist,1,1172716,1572864,0.745593
2306803631,evict_victim_age_dist,14,1543954,1572864,0.981620
2308391774,evict_victim_age_dist,14,1506752,1572864,0.957967
2309966446,evict_victim_age_dist,14,1472520,1572864,0.936203
2311377002,evict_victim_age_dist,14,1450315,1572864,0.922085
2312800653,evict_victim_age_dist,13,1527453,1572864,0.971128
2314310296,evict_victim_age_dist,13,1487473,1572864,0.945710
2315732260,gc_victim_age_dist,1,1178946,1572864,0.749554
2316339607,gc_victim_age_dist,14,1253583,1572864,0.797007
2316339607,gc_victim_age_dist,14,1255797,1572864,0.798414
2316339607,gc_victim_age_dist,14,1276729,1572864,0.811722
2316339607,gc_victim_age_dist,13,1337859,1572864,0.850588
2316339607,gc_victim_age_dist,13,1313828,1572864,0.835309
2317790816,gc_victim_age_dist,14,1362282,1572864,0.866116
2318088703,gc_victim_age_dist,14,1379564,1572864,0.877103
2318088703,gc_victim_age_dist,13,1378686,1572864,0.876545
2318088703,gc_victim_age_dist,13,1383494,1572864,0.879602
2318088703,gc_victim_age_dist,1,694529,1572864,0.441570
2318088703,gc_victim_age_dist,14,1383793,1572864,0.879792
2319671227,gc_victim_age_dist,14,1319024,1572864,0.838613
2319779825,gc_victim_age_dist,1,679366,1572864,0.431929
2320766970,gc_victim_age_dist,14,1015354,1572864,0.645545
2321398951,gc_victim_age_dist,13,1259123,1572864,0.800529
2322986975,gc_victim_age_dist,14,1342437,1572864,0.853498
2322986975,gc_victim_age_dist,1,948250,1572864,0.602881
2322986975,gc_victim_age_dist,13,1391446,1572864,0.884658
2322986975,gc_victim_age_dist,13,1383695,1572864,0.879730
2322986975,gc_victim_age_dist,1,731638,1572864,0.465163
2324033098,gc_victim_age_dist,1,558850,1572864,0.355307
2324816632,gc_victim_age_dist,14,1215036,1572864,0.772499
2324816632,gc_victim_age_dist,1,1031448,1572864,0.655777
2324816632,gc_victim_age_dist,1,1087077,1572864,0.691145
2324816632,gc_victim_age_dist,1,863756,1572864,0.549161
2325879096,gc_victim_age_dist,14,1378568,1572864,0.876470
2326393506,gc_victim_age_dist,14,1391844,1572864,0.884911
2326393506,gc_victim_age_dist,14,1398625,1572864,0.889222
2326393506,gc_victim_age_dist,13,1400083,1572864,0.890149
2326393506,gc_victim_age_dist,1,1048519,1572864,0.666630
2326393506,gc_victim_age_dist,14,1387262,1572864,0.881997
2326393506,gc_victim_age_dist,13,1401816,1572864,0.891251
2326393506,gc_victim_age_dist,1,1031052,1572864,0.655525
2326393506,gc_victim_age_dist,1,1152347,1572864,0.732642
2326393506,gc_victim_age_dist,1,776100,1572864,0.493431
2326393506,gc_victim_age_dist,1,850853,1572864,0.540958
2326393762,gc_victim_age_dist,1,997970,1572864,0.634492
2326393762,gc_victim_age_dist,13,1406575,1572864,0.894276
2327171166,gc_victim_age_dist,14,1296150,1572864,0.824070
2328653148,gc_victim_age_dist,14,1361110,1572864,0.865370
2329661354,gc_victim_age_dist,1,1259584,1572864,0.800822
2331245845,gc_victim_age_dist,14,1329947,1572864,0.845558
2331245845,gc_victim_age_dist,13,1388054,1572864,0.882501
2331245845,gc_victim_age_dist,1,491342,1572864,0.312387
2331245845,gc_victim_age_dist,13,1391059,1572864,0.884411
2332798258,gc_victim_age_dist,13,1305101,1572864,0.829761
2332798258,gc_victim_age_dist,14,1352746,1572864,0.860053
2332834205,gc_victim_age_dist,1,914636,1572864,0.581510
2334060813,gc_victim_age_dist,14,1351640,1572864,0.859350
2334420215,gc_victim_age_dist,14,1392498,1572864,0.885326
2334420215,gc_victim_age_dist,14,1354185,1572864,0.860968
2334420215,gc_victim_age_dist,12,1399861,1572864,0.890008
2334420215,gc_victim_age_dist,1,520894,1572864,0.331175
2334420215,gc_victim_age_dist,13,1407541,1572864,0.894890
2336001450,gc_victim_age_dist,14,1204763,1572864,0.765968
2337276232,gc_victim_age_dist,1,418142,1572864,0.265848
2337599449,gc_victim_age_dist,14,1383207,1572864,0.879419
2337599449,gc_victim_age_dist,14,1300669,1572864,0.826943
2337599449,gc_victim_age_dist,14,1386332,1572864,0.881406
2337599449,gc_victim_age_dist,1,935530,1572864,0.594794
2338733091,evict_victim_age_dist,14,1488526,1572864,0.946379
2340100530,gc_victim_age_dist,1,504190,1572864,0.320555
2340889462,gc_victim_age_dist,0,351110,1572864,0.223230
2341118791,gc_victim_age_dist,1,873256,1572864,0.555201
2342445444,gc_victim_age_dist,12,966236,1572864,0.614316
2343642971,gc_victim_age_dist,13,1377445,1572864,0.875756
2344131720,gc_victim_age_dist,13,1363056,1572864,0.866608
2344131720,gc_victim_age_dist,14,1339846,1572864,0.851851
2344131720,gc_victim_age_dist,13,1379092,1572864,0.876803
2344131720,gc_victim_age_dist,14,1371022,1572864,0.871672
2345615332,gc_victim_age_dist,1,395500,1572864,0.251452
2345957060,gc_victim_age_dist,1,1120904,1572864,0.712652
2345957060,gc_victim_age_dist,1,641130,1572864,0.407619
2346743020,gc_victim_age_dist,12,1403745,1572864,0.892477
2347449518,gc_victim_age_dist,13,1365640,1572864,0.868251
2347449518,gc_victim_age_dist,1,951636,1572864,0.605034
2347449518,gc_victim_age_dist,14,1388297,1572864,0.882655
2347449518,gc_victim_age_dist,1,1040037,1572864,0.661238
2348692973,evict_victim_age_dist,14,1450786,1572864,0.922385
2350038169,gc_victim_age_dist,14,1282513,1572864,0.815400
2350996417,gc_victim_age_dist,14,1372239,1572864,0.872446
2350996417,gc_victim_age_dist,14,1383112,1572864,0.879359
2352484105,gc_victim_age_dist,1,999397,1572864,0.635400
2352627716,gc_victim_age_dist,14,1402658,1572864,0.891786
2352627716,gc_victim_age_dist,1,790240,1572864,0.502421
2352627716,gc_victim_age_dist,13,1369962,1572864,0.870998
2354166543,gc_victim_age_dist,13,1389090,1572864,0.883160
2354204432,gc_victim_age_dist,13,1397610,1572864,0.888577
2354204432,gc_victim_age_dist,1,1040290,1572864,0.661399
2355433473,gc_victim_age_dist,14,1305359,1572864,0.829925
2355833597,gc_victim_age_dist,13,1182667,1572864,0.751919
2355833597,gc_victim_age_dist,13,1327668,1572864,0.844109
2355833597,gc_victim_age_dist,1,1072254,1572864,0.681721
2355833597,gc_victim_age_dist,13,1382684,1572864,0.879087
2357379921,evict_victim_age_dist,13,1428305,1572864,0.908092
2358754762,gc_victim_age_dist,14,1307267,1572864,0.831138
2358754762,gc_victim_age_dist,14,1245737,1572864,0.792018
2358754762,gc_victim_age_dist,13,1385429,1572864,0.880832
2358754762,gc_victim_age_dist,14,1351520,1572864,0.859273
2359100662,gc_victim_age_dist,1,1098010,1572864,0.698096
2359100662,gc_victim_age_dist,14,1404791,1572864,0.893142
2359100662,gc_victim_age_dist,13,1406336,1572864,0.894124
2359100662,gc_victim_age_dist,1,1142248,1572864,0.726222
2359100662,gc_victim_age_dist,1,1010653,1572864,0.642556
2360313180,gc_victim_age_dist,1,878052,1572864,0.558250
2360689153,gc_victim_age_dist,14,1357329,1572864,0.862967
2360689153,gc_victim_age_dist,14,1402888,1572864,0.891932
2360689153,gc_victim_age_dist,1,1312687,1572864,0.834584
2360689153,gc_victim_age_dist,1,679614,1572864,0.432087
2361569042,gc_victim_age_dist,14,1207662,1572864,0.767811
2362262723,gc_victim_age_dist,14,1357809,1572864,0.863272
2363775073,evict_victim_age_dist,14,1572652,1572864,0.999865
2365170980,gc_victim_age_dist,14,1358750,1572864,0.863870
2365170980,gc_victim_age_dist,1,789433,1572864,0.501908
2365170980,gc_victim_age_dist,1,320193,1572864,0.203573
2365438718,gc_victim_age_dist,13,1398718,1572864,0.889281
2365640414,gc_victim_age_dist,1,409356,1572864,0.260262
2366003785,gc_victim_age_dist,13,1409219,1572864,0.895957
2366003785,gc_victim_age_dist,1,659593,1572864,0.419358
2366881361,gc_victim_age_dist,1,985830,1572864,0.626774
2368143020,gc_victim_age_dist,14,1348028,1572864,0.857053
2368896616,gc_victim_age_dist,13,1399240,1572864,0.889613
2368896616,gc_victim_age_dist,1,631429,1572864,0.401452
2369813079,gc_victim_age_dist,14,1375998,1572864,0.874836
2370559825,gc_victim_age_dist,14,811140,1572864,0.515709
2371567621,evict_victim_age_dist,13,1567548,1572864,0.996620
2373058448,gc_victim_age_dist,1,1091652,1572864,0.694054
2373912444,gc_victim_age_dist,14,1298682,1572864,0.825680
2373912444,gc_victim_age_dist,14,1314204,1572864,0.835548
2373912444,gc_victim_age_dist,14,1388045,1572864,0.882495
2373912444,gc_victim_age_dist,1,674456,1572864,0.428808
2374858574,gc_victim_age_dist,1,761197,1572864,0.483956
2375959103,gc_victim_age_dist,1,970584,1572864,0.617081
2375959103,gc_victim_age_dist,14,1411520,1572864,0.897420
2377271416,gc_victim_age_dist,1,558976,1572864,0.355387
2377271416,gc_victim_age_dist,1,855885,1572864,0.544157
2378774890,gc_victim_age_dist,1,637475,1572864,0.405296
2379678875,evict_victim_age_dist,14,1558184,1572864,0.990667
2381152841,gc_victim_age_dist,1,1490574,1572864,0.947681
2382117895,gc_victim_age_dist,14,1307800,1572864,0.831477
2382117895,gc_victim_age_dist,14,1151124,1572864,0.731865
2382117895,gc_victim_age_dist,14,1394754,1572864,0.886761
2382117895,gc_victim_age_dist,0,391336,1572864,0.248805
2382117895,gc_victim_age_dist,1,878549,1572864,0.558566
2383327385,gc_victim_age_dist,1,1043883,1572864,0.663683
2384649644,evict_victim_age_dist,13,1513236,1572864,0.962090
2386078897,evict_victim_age_dist,13,1410719,1572864,0.896911
2387433276,gc_victim_age_dist,1,1486430,1572864,0.945047
2388678301,gc_victim_age_dist,14,1396311,1572864,0.887751
2388678301,gc_victim_age_dist,1,737328,1572864,0.468781
2389734770,gc_victim_age_dist,1,904103,1572864,0.574813
2390407715,gc_victim_age_dist,14,1402957,1572864,0.891976
2390407715,gc_victim_age_dist,14,1407631,1572864,0.894948
2390407715,gc_victim_age_dist,1,1051936,1572864,0.668803
2391801183,gc_victim_age_dist,13,1283462,1572864,0.816003
2392080429,gc_victim_age_dist,14,1353115,1572864,0.860287
2392080429,gc_victim_age_dist,14,1383966,1572864,0.879902
2392080429,gc_victim_age_dist,13,1404112,1572864,0.892710
2392080429,gc_victim_age_dist,1,1029357,1572864,0.654448
2393291066,gc_victim_age_dist,1,626214,1572864,0.398136
2394056918,evict_victim_age_dist,13,1545212,1572864,0.982419
2395485685,evict_victim_age_dist,14,1538308,1572864,0.978030
2396941333,evict_victim_age_dist,14,1509290,1572864,0.959581
2398390239,evict_victim_age_dist,13,1478565,1572864,0.940046
2399806101,gc_victim_age_dist,1,1448384,1572864,0.920858
2401393184,gc_victim_age_dist,13,1251836,1572864,0.795896
2401672860,gc_victim_age_dist,14,1185304,1572864,0.753596
2401672860,gc_victim_age_dist,14,1238688,1572864,0.787537
2401672860,gc_victim_age_dist,14,1291393,1572864,0.821046
2401672860,gc_victim_age_dist,14,1326292,1572864,0.843234
2403232477,gc_victim_age_dist,14,1345528,1572864,0.855464
2403302525,gc_victim_age_dist,14,1344266,1572864,0.854661
2403302525,gc_victim_age_dist,14,1327784,1572864,0.844182
2403302525,gc_victim_age_dist,14,1344333,1572864,0.854704
2404719408,gc_victim_age_dist,13,1379746,1572864,0.877219
2404719408,gc_victim_age_dist,14,1384132,1572864,0.880007
2404786214,gc_victim_age_dist,14,1351319,1572864,0.859145
2404786214,gc_victim_age_dist,14,1385646,1572864,0.880970
2404786214,gc_victim_age_dist,1,442274,1572864,0.281190
2404786214,gc_victim_age_dist,14,1392293,1572864,0.885196
2404786214,gc_victim_age_dist,14,1375181,1572864,0.874317
2404786214,gc_victim_age_dist,14,1286266,1572864,0.817786
2404786214,gc_victim_age_dist,14,1363874,1572864,0.867128
2404786214,gc_victim_age_dist,14,1327875,1572864,0.844240
2404786214,gc_victim_age_dist,13,1397952,1572864,0.888794
2404918774,gc_victim_age_dist,14,1400894,1572864,0.890664
2404918774,gc_victim_age_dist,13,1408986,1572864,0.895809
2404918774,gc_victim_age_dist,1,976252,1572864,0.620684
2404918774,gc_victim_age_dist,1,952220,1572864,0.605405
2406080414,gc_victim_age_dist,1,802983,1572864,0.510523
2407109901,gc_victim_age_dist,14,1285842,1572864,0.817516
2407109901,gc_victim_age_dist,13,1407119,1572864,0.894622
2408124196,gc_victim_age_dist,14,1074581,1572864,0.683200
2408124196,gc_victim_age_dist,1,721151,1572864,0.458495
2408124196,gc_victim_age_dist,1,970958,1572864,0.617318
2409381421,gc_victim_age_dist,14,1071594,1572864,0.681301
2409697809,gc_victim_age_dist,14,1365198,1572864,0.867970
2409697809,gc_victim_age_dist,13,1404424,1572864,0.892909
2411232388,gc_victim_age_dist,14,1323480,1572864,0.841446
2411273844,gc_victim_age_dist,14,1312175,1572864,0.834258
2411273844,gc_victim_age_dist,1,687709,1572864,0.437234
2411273844,gc_victim_age_dist,1,891916,1572864,0.567065
2412473439,gc_victim_age_dist,0,325827,1572864,0.207155
2412791025,gc_victim_age_dist,1,435966,1572864,0.277180
2412910630,gc_victim_age_dist,1,847829,1572864,0.539035
2414066116,gc_victim_age_dist,1,228296,1572864,0.145147
2414265780,gc_victim_age_dist,1,567060,1572864,0.360527
2415096505,gc_victim_age_dist,14,1374005,1572864,0.873569
2416731370,gc_victim_age_dist,1,506571,1572864,0.322069
2417432076,evict_victim_age_dist,14,1540962,1572864,0.979717
2420663060,evict_victim_age_dist,14,1532813,1572864,0.974536
2422128441,evict_victim_age_dist,14,1331061,1572864,0.846266
2423406617,gc_victim_age_dist,1,1459560,1572864,0.927963
2424405903,gc_victim_age_dist,14,1315670,1572864,0.836480
2424405903,gc_victim_age_dist,14,1263200,1572864,0.803121
2424405903,gc_victim_age_dist,14,1355161,1572864,0.861588
2426041935,gc_victim_age_dist,13,1336616,1572864,0.849798
2426041935,gc_victim_age_dist,13,1352846,1572864,0.860116
2426041935,gc_victim_age_dist,1,351756,1572864,0.223640
2426041935,gc_victim_age_dist,14,1384571,1572864,0.880287
2426041935,gc_victim_age_dist,14,1371808,1572864,0.872172
2426041935,gc_victim_age_dist,14,1390054,1572864,0.883773
2426041935,gc_victim_age_dist,1,1294488,1572864,0.823013
2426041935,gc_victim_age_dist,1,407152,1572864,0.258860
2426388803,gc_victim_age_dist,14,1399345,1572864,0.889680
2427634763,gc_victim_age_dist,14,1328056,1572864,0.844355
2429040862,gc_victim_age_dist,1,121312,1572864,0.077128
2429141169,gc_victim_age_dist,13,1319800,1572864,0.839106
2430833781,evict_victim_age_dist,13,1404568,1572864,0.893000
2432167696,evict_victim_age_dist,13,1530960,1572864,0.973358
2433619540,gc_victim_age_dist,1,1426680,1572864,0.907059
2434121242,gc_victim_age_dist,1,385460,1572864,0.245069
2434457025,gc_victim_age_dist,1,638479,1572864,0.405934
2435361800,gc_victim_age_dist,1,887372,1572864,0.564176
2435886634,gc_victim_age_dist,1,877180,1572864,0.557696
2437014430,gc_victim_age_dist,13,1395084,1572864,0.886971
2437584157,gc_victim_age_dist,1,553330,1572864,0.351798
2438277182,gc_victim_age_dist,1,189478,1572864,0.120467
2438444510,gc_victim_age_dist,1,884562,1572864,0.562389
2439631695,gc_victim_age_dist,1,1013396,1572864,0.644300
2440928790,gc_victim_age_dist,1,924143,1572864,0.587554
2441012238,gc_victim_age_dist,1,1002418,1572864,0.637320
2442085004,gc_victim_age_dist,14,1336712,1572864,0.849859
2442085004,gc_victim_age_dist,13,1381458,1572864,0.878307
2442741993,gc_victim_age_dist,1,491452,1572864,0.312457
2443422471,gc_victim_age_dist,13,1361072,1572864,0.865346
2443422471,gc_victim_age_dist,13,1394446,1572864,0.886565
2443422471,gc_victim_age_dist,14,1391310,1572864,0.884571
2443422471,gc_victim_age_dist,1,1007536,1572864,0.640574
2444347928,evict_victim_age_dist,13,1494739,1572864,0.950329
2445773606,gc_victim_age_dist,13,1396996,1572864,0.888186
2446032811,gc_victim_age_dist,14,1383374,1572864,0.879526
2447545828,evict_victim_age_dist,13,1517988,1572864,0.965111
2448998832,gc_victim_age_dist,13,1369999,1572864,0.871022
2449366416,gc_victim_age_dist,14,1391108,1572864,0.884443
2449366416,gc_victim_age_dist,1,919279,1572864,0.584462
2449366416,gc_victim_age_dist,14,1402192,1572864,0.891490
2450998442,gc_victim_age_dist,14,1264476,1572864,0.803932
2451141332,gc_victim_age_dist,13,1395138,1572864,0.887005
2451141332,gc_victim_age_dist,1,679655,1572864,0.432113
2451141332,gc_victim_age_dist,1,1070989,1572864,0.680916
2451141332,gc_victim_age_dist,14,1373368,1572864,0.873164
2451141332,gc_victim_age_dist,1,769816,1572864,0.489436
2452127986,evict_victim_age_dist,14,1416707,1572864,0.900718
2453485903,gc_victim_age_dist,1,752998,1572864,0.478743
2454488257,gc_victim_age_dist,14,1371629,1572864,0.872058
2454488257,gc_victim_age_dist,14,1355444,1572864,0.861768
2454488257,gc_victim_age_dist,13,1398518,1572864,0.889154
2456079235,evict_victim_age_dist,13,1477136,1572864,0.939138
2457481396,gc_victim_age_dist,14,1115597,1572864,0.709277
2457677856,gc_victim_age_dist,14,1331442,1572864,0.846508
2457677856,gc_victim_age_dist,14,1375891,1572864,0.874768
2457677856,gc_victim_age_dist,13,1393580,1572864,0.886014
2459276804,gc_victim_age_dist,14,1085635,1572864,0.690228
2459285688,gc_victim_age_dist,13,1312919,1572864,0.834731
2460930019,evict_victim_age_dist,15,1477364,1572864,0.939283
2462552252,evict_victim_age_dist,14,1539304,1572864,0.978663
2464031600,evict_victim_age_dist,14,1549777,1572864,0.985322
2465509009,evict_victim_age_dist,14,1474082,1572864,0.937196
2466900501,evict_victim_age_dist,14,1424558,1572864,0.905710
2468216793,gc_victim_age_dist,1,1491499,1572864,0.948270
2468940134,gc_victim_age_dist,1,636036,1572864,0.404381
2468940134,gc_victim_age_dist,13,1261242,1572864,0.801876
2468940134,gc_victim_age_dist,14,1216547,1572864,0.773460
2470516587,gc_victim_age_dist,14,1280307,1572864,0.813997
2470516587,gc_victim_age_dist,13,1267990,1572864,0.806166
2470516587,gc_victim_age_dist,14,1315410,1572864,0.836315
2470516587,gc_victim_age_dist,14,1345374,1572864,0.855366
2470516587,gc_victim_age_dist,13,1356674,1572864,0.862550
2470516587,gc_victim_age_dist,14,1337192,1572864,0.850164
2470516587,gc_victim_age_dist,0,360695,1572864,0.229324
2470516587,gc_victim_age_dist,14,1377044,1572864,0.875501
2472020333,gc_victim_age_dist,13,1074873,1572864,0.683386
2473668526,evict_victim_age_dist,13,1448266,1572864,0.920783
2475064268,evict_victim_age_dist,14,1558856,1572864,0.991094
2476554965,evict_victim_age_dist,13,1475471,1572864,0.938079
2477952097,gc_victim_age_dist,1,1415556,1572864,0.899986
2478641960,gc_victim_age_dist,14,668657,1572864,0.425121
2479835875,gc_victim_age_dist,14,1215602,1572864,0.772859
2480222177,gc_victim_age_dist,13,1205712,1572864,0.766571
2480222177,gc_victim_age_dist,14,1315043,1572864,0.836082
2480222177,gc_victim_age_dist,1,383540,1572864,0.243848
2480480098,gc_victim_age_dist,14,1192359,1572864,0.758081
2481801217,gc_victim_age_dist,14,1283304,1572864,0.815903
2483173632,gc_victim_age_dist,14,1289931,1572864,0.820116
2483375027,gc_victim_age_dist,14,1324514,1572864,0.842103
2484811794,gc_victim_age_dist,14,1346120,1572864,0.855840
2484949253,gc_victim_age_dist,1,1091807,1572864,0.694152
2484949253,gc_victim_age_dist,13,1360092,1572864,0.864723
2484949253,gc_victim_age_dist,13,1367985,1572864,0.869741
2484949253,gc_victim_age_dist,14,1258963,1572864,0.800427
2484949253,gc_victim_age_dist,15,1340932,1572864,0.852542
2484949253,gc_victim_age_dist,1,1130028,1572864,0.718452
2484949253,gc_victim_age_dist,1,976826,1572864,0.621049
2484949253,gc_victim_age_dist,14,1387458,1572864,0.882122
2484949253,gc_victim_age_dist,13,1387902,1572864,0.882404
2484949253,gc_victim_age_dist,14,1387127,1572864,0.881912
2485666692,gc_victim_age_dist,1,775324,1572864,0.492938
2486779824,gc_victim_age_dist,1,437360,1572864,0.278066
2487146690,gc_victim_age_dist,1,404087,1572864,0.256912
2487492290,gc_victim_age_dist,1,1136482,1572864,0.722556
2488886942,evict_victim_age_dist,13,1545170,1572864,0.982393
2490334398,evict_victim_age_dist,13,1571360,1572864,0.999044
2491417755,evict_victim_age_dist,13,1411074,1572864,0.897137
2492764688,gc_victim_age_dist,1,1411632,1572864,0.897491
2493202021,gc_victim_age_dist,14,1220810,1572864,0.776170
2493202021,gc_victim_age_dist,1,1028297,1572864,0.653774
2494580588,gc_victim_age_dist,13,1336555,1572864,0.849759
2494873550,gc_victim_age_dist,13,1379794,1572864,0.877249
2496463085,gc_victim_age_dist,14,1188920,1572864,0.755895
2496463085,gc_victim_age_dist,14,1238565,1572864,0.787458
2496463085,gc_victim_age_dist,14,1291402,1572864,0.821051
2496463085,gc_victim_age_dist,14,1353420,1572864,0.860481
2496463085,gc_victim_age_dist,14,1309859,1572864,0.832786
2496463085,gc_victim_age_dist,13,1375797,1572864,0.874708
2496463085,gc_victim_age_dist,14,1338810,1572864,0.851192
2496463085,gc_victim_age_dist,13,1382360,1572864,0.878881
2496463085,gc_victim_age_dist,1,1039533,1572864,0.660917
2497727750,gc_victim_age_dist,13,1335564,1572864,0.849129
2498081300,gc_victim_age_dist,13,1176006,1572864,0.747684
2498081300,gc_victim_age_dist,14,1381877,1572864,0.878574
2498081300,gc_victim_age_dist,1,1180958,1572864,0.750833
2499474519,gc_victim_age_dist,14,1366997,1572864,0.869113
2499683921,gc_victim_age_dist,14,1341186,1572864,0.852703
2499683921,gc_victim_age_dist,1,830377,1572864,0.527939
2500781996,gc_victim_age_dist,14,1373714,1572864,0.873384
2501288322,gc_victim_age_dist,13,1383947,1572864,0.879890
2501288322,gc_victim_age_dist,1,796846,1572864,0.506621
2501288322,gc_victim_age_dist,1,744975,1572864,0.473642
2501288322,gc_victim_age_dist,13,1390488,1572864,0.884048
2502866119,gc_victim_age_dist,14,1196237,1572864,0.760547
2502866119,gc_victim_age_dist,13,1320575,1572864,0.839599
2502866119,gc_victim_age_dist,1,982030,1572864,0.624358
2504031465,gc_victim_age_dist,14,1196831,1572864,0.760925
2504481153,gc_victim_age_dist,1,852939,1572864,0.542284
2504481153,gc_victim_age_dist,14,1387346,1572864,0.882051
2506059835,gc_victim_age_dist,14,1388076,1572864,0.882515
2506059835,gc_victim_age_dist,1,612898,1572864,0.389670
2506059835,gc_victim_age_dist,15,1388340,1572864,0.882683
2506059835,gc_victim_age_dist,1,804881,1572864,0.511730
2507172170,evict_victim_age_dist,13,1569160,1572864,0.997645
2508643877,gc_victim_age_dist,13,1377859,1572864,0.876019
2509337466,gc_victim_age_dist,1,845977,1572864,0.537858
2510535529,gc_victim_age_dist,14,1371628,1572864,0.872058
2510935829,gc_victim_age_dist,13,1375889,1572864,0.874767
2510935829,gc_victim_age_dist,13,1386761,1572864,0.881679
2510935829,gc_victim_age_dist,1,816242,1572864,0.518953
2510935829,gc_victim_age_dist,13,1375890,1572864,0.874767
2510935829,gc_victim_age_dist,14,1392556,1572864,0.885363
2510935829,gc_victim_age_dist,1,832488,1572864,0.529282
2511967759,gc_victim_age_dist,13,1396173,1572864,0.887663
2512530184,gc_victim_age_dist,14,1189770,1572864,0.756435
2512530184,gc_victim_age_dist,1,115844,1572864,0.073652
2512628456,gc_victim_age_dist,13,1373626,1572864,0.873328
2514133378,evict_victim_age_dist,14,1565742,1572864,0.995472
2515648089,gc_victim_age_dist,14,1303427,1572864,0.828697
2515821767,gc_victim_age_dist,14,1346268,1572864,0.855934
2515821767,gc_victim_age_dist,14,1289648,1572864,0.819936
2517512776,gc_victim_age_dist,14,1281048,1572864,0.814468
2517512776,gc_victim_age_dist,1,703786,1572864,0.447455
2517512776,gc_victim_age_dist,0,414693,1572864,0.263655
2518451114,gc_victim_age_dist,1,1094210,1572864,0.695680
2519089617,gc_victim_age_dist,1,760418,1572864,0.483461
2519089617,gc_victim_age_dist,14,1391433,1572864,0.884649
2519089617,gc_victim_age_dist,1,667628,1572864,0.424466
2520086902,evict_victim_age_dist,14,1444341,1572864,0.918287
2521483448,gc_victim_age_dist,13,1366974,1572864,0.869099
2522408474,gc_victim_age_dist,14,1237565,1572864,0.786823
2522408474,gc_victim_age_dist,13,1364168,1572864,0.867315
2522408474,gc_victim_age_dist,13,1391789,1572864,0.884876
2523987926,gc_victim_age_dist,14,1115965,1572864,0.709511
2523987926,gc_victim_age_dist,14,1337838,1572864,0.850574
2523987926,gc_victim_age_dist,13,1158485,1572864,0.736545
2523987926,gc_victim_age_dist,1,243309,1572864,0.154692
2524171098,gc_victim_age_dist,1,867234,1572864,0.551373
2525433719,gc_victim_age_dist,14,1236458,1572864,0.786119
2525660730,gc_victim_age_dist,14,1313166,1572864,0.834888
2525660730,gc_victim_age_dist,14,1384576,1572864,0.880290
2527172114,evict_victim_age_dist,13,1496100,1572864,0.951195
2528589717,gc_victim_age_dist,14,1314591,1572864,0.835794
2528974986,gc_victim_age_dist,13,1338033,1572864,0.850698
2528974986,gc_victim_age_dist,1,883859,1572864,0.561942
2530008036,evict_victim_age_dist,15,1522436,1572864,0.967939
2531478357,gc_victim_age_dist,14,1391748,1572864,0.884850
2532139433,gc_victim_age_dist,14,1315842,1572864,0.836590
2533576791,gc_victim_age_dist,1,753456,1572864,0.479034
2533780935,gc_victim_age_dist,1,969436,1572864,0.616351
2533780935,gc_victim_age_dist,1,875031,1572864,0.556330
2534883686,evict_victim_age_dist,14,1469192,1572864,0.934087
2536034406,gc_victim_age_dist,14,1337732,1572864,0.850507
2536034406,gc_victim_age_dist,14,1396586,1572864,0.887925
2536034406,gc_victim_age_dist,1,770074,1572864,0.489600
2536034406,gc_victim_age_dist,13,1398586,1572864,0.889197
2537180614,gc_victim_age_dist,13,1400789,1572864,0.890598
2537180614,gc_victim_age_dist,1,568872,1572864,0.361679
2537180614,gc_victim_age_dist,13,1402335,1572864,0.891581
2537180614,gc_victim_age_dist,1,1087008,1572864,0.691101
2538436393,gc_victim_age_dist,14,1400345,1572864,0.890315
2538798430,gc_victim_age_dist,1,838207,1572864,0.532918
2538798430,gc_victim_age_dist,14,1390972,1572864,0.884356
2538798430,gc_victim_age_dist,1,760378,1572864,0.483435
2539787359,gc_victim_age_dist,13,1403327,1572864,0.892211
2540632097,gc_victim_age_dist,1,1026053,1572864,0.652347
2540632097,gc_victim_age_dist,14,1383251,1572864,0.879447
2540632097,gc_victim_age_dist,1,1011102,1572864,0.642841
2540632097,gc_victim_age_dist,1,888440,1572864,0.564855
2541748490,evict_victim_age_dist,13,1518068,1572864,0.965162
2543135401,gc_victim_age_dist,1,684002,1572864,0.434877
2543996875,gc_victim_age_dist,1,980365,1572864,0.623299
2545104816,gc_victim_age_dist,14,1385927,1572864,0.881149
2545495723,gc_victim_age_dist,1,1172788,1572864,0.745639
2545495723,gc_victim_age_dist,14,1405384,1572864,0.893519
2545495723,gc_victim_age_dist,14,1406888,1572864,0.894475
2545495723,gc_victim_age_dist,1,544484,1572864,0.346174
2546235877,gc_victim_age_dist,14,1396041,1572864,0.887579
2547154311,gc_victim_age_dist,1,988481,1572864,0.628459
2548392217,evict_victim_age_dist,13,1525822,1572864,0.970092
2550308207,evict_victim_age_dist,13,1560428,1572864,0.992093
2551881384,evict_victim_age_dist,14,1443968,1572864,0.918050
2553280736,evict_victim_age_dist,14,1463140,1572864,0.930239
2554644352,evict_victim_age_dist,14,1514748,1572864,0.963051
2556075942,gc_victim_age_dist,1,1473106,1572864,0.936576
2556626330,gc_victim_age_dist,1,922990,1572864,0.586821
2556626330,gc_victim_age_dist,14,1198661,1572864,0.762088
2557916531,gc_victim_age_dist,14,1249365,1572864,0.794325
2558261462,gc_victim_age_dist,14,1341338,1572864,0.852800
2558261462,gc_victim_age_dist,14,1356430,1572864,0.862395
2559715643,gc_victim_age_dist,14,1347464,1572864,0.856695
2559942695,gc_victim_age_dist,13,1368892,1572864,0.870318
2559942695,gc_victim_age_dist,0,353563,1572864,0.224789
2560127683,gc_victim_age_dist,1,212957,1572864,0.135394
2560310134,gc_victim_age_dist,13,1139741,1572864,0.724628
2561782361,gc_victim_age_dist,14,1363839,1572864,0.867105
2563193967,gc_victim_age_dist,13,1197490,1572864,0.761344
2563193967,gc_victim_age_dist,14,1380426,1572864,0.877651
2563193967,gc_victim_age_dist,13,1380948,1572864,0.877983
2563193967,gc_victim_age_dist,14,1377603,1572864,0.875856
2563193967,gc_victim_age_dist,13,1391156,1572864,0.884473
2564858327,gc_victim_age_dist,13,1388921,1572864,0.883052
2564858327,gc_victim_age_dist,1,885393,1572864,0.562918
2564858327,gc_victim_age_dist,13,1400580,1572864,0.890465
2564858327,gc_victim_age_dist,14,1395272,1572864,0.887090
2564858327,gc_victim_age_dist,1,873465,1572864,0.555334
2566076950,gc_victim_age_dist,1,985272,1572864,0.626419
2566539244,gc_victim_age_dist,14,1399408,1572864,0.889720
2566539244,gc_victim_age_dist,1,1045736,1572864,0.664861
2567933101,gc_victim_age_dist,14,1233823,1572864,0.784444
2568248829,gc_victim_age_dist,14,1338808,1572864,0.851191
2568248829,gc_victim_age_dist,1,1107819,1572864,0.704332
2568248829,gc_victim_age_dist,13,1403620,1572864,0.892398
2568248829,gc_victim_age_dist,13,1160269,1572864,0.737679
2568248829,gc_victim_age_dist,1,1032214,1572864,0.656264
2569456128,gc_victim_age_dist,1,841499,1572864,0.535011
2570569702,gc_victim_age_dist,14,1378099,1572864,0.876172
2570569702,gc_victim_age_dist,14,1389536,1572864,0.883443
2570569702,gc_victim_age_dist,14,1379824,1572864,0.877268
2570569702,gc_victim_age_dist,1,867547,1572864,0.551572
2571573163,gc_victim_age_dist,1,688084,1572864,0.437472
2572454402,gc_victim_age_dist,14,1259298,1572864,0.800640
2573153306,gc_victim_age_dist,14,1380710,1572864,0.877832
2573153306,gc_victim_age_dist,1,1123712,1572864,0.714437
2574448178,evict_victim_age_dist,14,1503898,1572864,0.956153
2575261349,gc_victim_age_dist,14,1385823,1572864,0.881083
2575261349,gc_victim_age_dist,14,1391389,1572864,0.884621
2575261349,gc_victim_age_dist,1,1011571,1572864,0.643140
2575261349,gc_victim_age_dist,14,1404926,1572864,0.893228
2575261349,gc_victim_age_dist,14,1398991,1572864,0.889455
2575261349,gc_victim_age_dist,14,1380184,1572864,0.877497
2575261349,gc_victim_age_dist,1,773752,1572864,0.491938
2576257007,gc_victim_age_dist,14,1377282,1572864,0.875652
2576412586,gc_victim_age_dist,13,1403466,1572864,0.892300
2576412586,gc_victim_age_dist,14,1398997,1572864,0.889458
2576412586,gc_victim_age_dist,1,864226,1572864,0.549460
2576412586,gc_victim_age_dist,13,1405257,1572864,0.893438
2576412586,gc_victim_age_dist,14,1409558,1572864,0.896173
2576412586,gc_victim_age_dist,1,810361,1572864,0.515214
2577457341,gc_victim_age_dist,13,1405359,1572864,0.893503
2578037295,gc_victim_age_dist,14,1407224,1572864,0.894689
2578037295,gc_victim_age_dist,1,882264,1572864,0.560928
2578037295,gc_victim_age_dist,1,1202626,1572864,0.764609
2579434400,gc_victim_age_dist,13,1375905,1572864,0.874777
2579632810,gc_victim_age_dist,1,580410,1572864,0.369015
2580277997,gc_victim_age_dist,1,717396,1572864,0.456108
2581117516,evict_victim_age_dist,13,1460648,1572864,0.928655
2582518602,gc_victim_age_dist,14,1213472,1572864,0.771505
2582791147,gc_victim_age_dist,14,1363698,1572864,0.867016
2582791147,gc_victim_age_dist,14,1370994,1572864,0.871655
2582791147,gc_victim_age_dist,14,1374044,1572864,0.873594
2582791147,gc_victim_age_dist,1,824754,1572864,0.524364
2583808820,gc_victim_age_dist,12,1361540,1572864,0.865644
2585504778,gc_victim_age_dist,14,1316694,1572864,0.837132
2586048928,gc_victim_age_dist,14,1352494,1572864,0.859893
2586048928,gc_victim_age_dist,14,1382854,1572864,0.879195
2586048928,gc_victim_age_dist,14,1406362,1572864,0.894141
2586048928,gc_victim_age_dist,1,897273,1572864,0.570471
2586048928,gc_victim_age_dist,14,1370288,1572864,0.871206
2586048928,gc_victim_age_dist,13,1395228,1572864,0.887062
2587591290,evict_victim_age_dist,13,1546869,1572864,0.983473
2589079399,gc_victim_age_dist,14,1352040,1572864,0.859604
2589258827,gc_victim_age_dist,1,847442,1572864,0.538789
2589258827,gc_victim_age_dist,1,1027078,1572864,0.652999
2589258827,gc_victim_age_dist,1,1069722,1572864,0.680111
2590706023,gc_victim_age_dist,13,1409663,1572864,0.896240
2592332767,gc_victim_age_dist,14,1303572,1572864,0.828789
2592536451,gc_victim_age_dist,1,938387,1572864,0.596610
2592536451,gc_victim_age_dist,1,887818,1572864,0.564459
2592536451,gc_victim_age_dist,14,1388132,1572864,0.882551
2592536451,gc_victim_age_dist,0,356697,1572864,0.226782
2592786661,gc_victim_age_dist,14,1403098,1572864,0.892066
2594120636,gc_victim_age_dist,13,1064044,1572864,0.676501
2594120636,gc_victim_age_dist,12,1076146,1572864,0.684195
2594120636,gc_victim_age_dist,14,1364474,1572864,0.867509
2594120636,gc_victim_age_dist,1,969419,1572864,0.616340
2595403245,evict_victim_age_dist,13,1524312,1572864,0.969131
2596814409,gc_victim_age_dist,13,1397065,1572864,0.888230
2597526365,gc_victim_age_dist,13,1384140,1572864,0.880013
2597526365,gc_victim_age_dist,1,715464,1572864,0.454880
2598684514,gc_victim_age_dist,15,1395198,1572864,0.887043
2599267042,gc_victim_age_dist,1,1168146,1572864,0.742687
2599267042,gc_victim_age_dist,1,518142,1572864,0.329426
2599267042,gc_victim_age_dist,13,1408943,1572864,0.895782
2600854414,evict_victim_age_dist,13,1519132,1572864,0.965838
2602618978,evict_victim_age_dist,13,1464722,1572864,0.931245
2604028073,evict_victim_age_dist,14,1515641,1572864,0.963619
2605480442,gc_victim_age_dist,1,1434580,1572864,0.912081
2606094376,gc_victim_age_dist,13,1070627,1572864,0.680686
2606094376,gc_victim_age_dist,14,1240431,1572864,0.788645
2606094376,gc_victim_age_dist,14,1274787,1572864,0.810488
2607156415,gc_victim_age_dist,13,1296331,1572864,0.824185
2607156415,gc_victim_age_dist,14,1389427,1572864,0.883374
2607156415,gc_victim_age_dist,14,1389286,1572864,0.883284
2607156415,gc_victim_age_dist,1,404022,1572864,0.256870
2607156415,gc_victim_age_dist,1,778149,1572864,0.494734
2607815930,gc_victim_age_dist,14,1321146,1572864,0.839962
2609230151,gc_victim_age_dist,1,793432,1572864,0.504450
2609402542,gc_victim_age_dist,14,1352790,1572864,0.860081
2609402542,gc_victim_age_dist,13,1402710,1572864,0.891819
2610908087,gc_victim_age_dist,14,1155108,1572864,0.734398
2611196337,gc_victim_age_dist,1,906199,1572864,0.576146
2611196337,gc_victim_age_dist,1,558648,1572864,0.355179
2611875794,gc_victim_age_dist,14,1399820,1572864,0.889982
2612960042,gc_victim_age_dist,14,1334628,1572864,0.848534
2614693101,gc_victim_age_dist,14,1391558,1572864,0.884729
2614693101,gc_victim_age_dist,1,432841,1572864,0.275193
2615059366,gc_victim_age_dist,14,1390778,1572864,0.884233
2616435694,gc_victim_age_dist,1,795327,1572864,0.505655
2616435694,gc_victim_age_dist,1,536998,1572864,0.341414
2617306011,gc_victim_age_dist,13,1404038,1572864,0.892663
2618173441,evict_victim_age_dist,13,1474622,1572864,0.937539
2619584897,gc_victim_age_dist,1,1057919,1572864,0.672607
2619935048,gc_victim_age_dist,1,1075360,1572864,0.683695
2619935048,gc_victim_age_dist,13,1407057,1572864,0.894583
2621717577,gc_victim_age_dist,13,1234111,1572864,0.784627
2621717577,gc_victim_age_dist,14,1387940,1572864,0.882428
2621717577,gc_victim_age_dist,14,1375406,1572864,0.874460
2621717577,gc_victim_age_dist,14,1409518,1572864,0.896147
2621717577,gc_victim_age_dist,1,1060038,1572864,0.673954
2623133454,evict_victim_age_dist,13,1493252,1572864,0.949384
2624413186,gc_victim_age_dist,13,1410632,1572864,0.896856
2624413186,gc_victim_age_dist,1,1020552,1572864,0.648849
2624413186,gc_victim_age_dist,14,1411602,1572864,0.897472
2624413186,gc_victim_age_dist,1,1178304,1572864,0.749146
2624413186,gc_victim_age_dist,1,555040,1572864,0.352885
2625115903,gc_victim_age_dist,1,928881,1572864,0.590567
2626241931,gc_victim_age_dist,14,1414836,1572864,0.899529
2626241931,gc_victim_age_dist,1,681848,1572864,0.433507
2626241931,gc_victim_age_dist,14,1416597,1572864,0.900648
2626241931,gc_victim_age_dist,1,1346696,1572864,0.856206
2627017807,evict_victim_age_dist,14,1510874,1572864,0.960588
2628468230,gc_victim_age_dist,1,1150382,1572864,0.731393
2628882465,gc_victim_age_dist,0,347852,1572864,0.221158
2629216431,gc_victim_age_dist,1,1172988,1572864,0.745766
2630580458,gc_victim_age_dist,14,1396268,1572864,0.887723
2630595190,gc_victim_age_dist,14,1404528,1572864,0.892975
2632136701,evict_victim_age_dist,15,1519569,1572864,0.966116
2633602062,gc_victim_age_dist,14,1164221,1572864,0.740192
2633890296,gc_victim_age_dist,14,1214682,1572864,0.772274
2633890296,gc_victim_age_dist,13,1378120,1572864,0.876185
2633890296,gc_victim_age_dist,1,179068,1572864,0.113848
2634043152,gc_victim_age_dist,14,1393600,1572864,0.886027
2635659411,gc_victim_age_dist,1,631642,1572864,0.401587
2636583722,gc_victim_age_dist,0,200517,1572864,0.127485
2636754504,gc_victim_age_dist,13,1415158,1572864,0.899733
2637346514,gc_victim_age_dist,1,906580,1572864,0.576388
2638643140,gc_victim_age_dist,14,1404540,1572864,0.892982
2638643140,gc_victim_age_dist,1,903632,1572864,0.574514
2638643140,gc_victim_age_dist,1,1070492,1572864,0.680600
2639015904,gc_victim_age_dist,13,1098040,1572864,0.698115
2639015904,gc_victim_age_dist,1,1052611,1572864,0.669232
2639015904,gc_victim_age_dist,1,1051884,1572864,0.668770
2640289096,evict_victim_age_dist,13,1428332,1572864,0.908109
2641616020,gc_victim_age_dist,1,66934,1572864,0.042555
2641669529,gc_victim_age_dist,14,1423356,1572864,0.904945
2642472277,gc_victim_age_dist,14,1316153,1572864,0.836788
2643920510,gc_victim_age_dist,14,1380839,1572864,0.877914
2644222334,gc_victim_age_dist,1,964257,1572864,0.613058
2644222334,gc_victim_age_dist,1,988744,1572864,0.628627
2645431297,evict_victim_age_dist,13,1450446,1572864,0.922169
2646785700,gc_victim_age_dist,14,1235296,1572864,0.785380
2647538816,gc_victim_age_dist,14,1407391,1572864,0.894795
2647538816,gc_victim_age_dist,13,1422172,1572864,0.904193
2647538816,gc_victim_age_dist,13,1423225,1572864,0.904862
2647538816,gc_victim_age_dist,1,856711,1572864,0.544682
2648573209,gc_victim_age_dist,14,1386840,1572864,0.881729
2649294726,gc_victim_age_dist,13,1422043,1572864,0.904111
2649294726,gc_victim_age_dist,1,917104,1572864,0.583079
2649294726,gc_victim_age_dist,1,945328,1572864,0.601023
2650633867,gc_victim_age_dist,1,933876,1572864,0.593742
2650958337,gc_victim_age_dist,14,1367811,1572864,0.869631
2650958337,gc_victim_age_dist,14,1425497,1572864,0.906307
2650958337,gc_victim_age_dist,1,795279,1572864,0.505625
2652037315,evict_victim_age_dist,13,1564490,1572864,0.994676
2653480044,gc_victim_age_dist,1,795515,1572864,0.505775
2654469629,gc_victim_age_dist,14,1360390,1572864,0.864913
2654469629,gc_victim_age_dist,1,683880,1572864,0.434799
2655418683,gc_victim_age_dist,0,221920,1572864,0.141093
2655598176,gc_victim_age_dist,14,1236003,1572864,0.785830
2656970675,gc_victim_age_dist,14,1396959,1572864,0.888163
2657947087,evict_victim_age_dist,13,1536021,1572864,0.976576
2659406362,gc_victim_age_dist,14,1300365,1572864,0.826750
2659744346,gc_victim_age_dist,13,1391049,1572864,0.884405
2659744346,gc_victim_age_dist,14,1414848,1572864,0.899536
2659744346,gc_victim_age_dist,1,811995,1572864,0.516253
2659744346,gc_victim_age_dist,1,826728,1572864,0.525620
2659744346,gc_victim_age_dist,1,749708,1572864,0.476652
2659744346,gc_victim_age_dist,13,1425383,1572864,0.906234
2659744346,gc_victim_age_dist,13,1427741,1572864,0.907733
2659744346,gc_victim_age_dist,14,1421524,1572864,0.903781
2659744346,gc_victim_age_dist,14,1430074,1572864,0.909217
2659744346,gc_victim_age_dist,13,1405580,1572864,0.893644
2659744602,gc_victim_age_dist,14,1310524,1572864,0.833209
2659744602,gc_victim_age_dist,14,1415636,1572864,0.900037
2660931498,gc_victim_age_dist,14,1379479,1572864,0.877049
2661450671,gc_victim_age_dist,1,1019324,1572864,0.648069
2662608210,gc_victim_age_dist,14,1101850,1572864,0.700537
2663059094,evict_victim_age_dist,14,1535356,1572864,0.976153
2664780690,evict_victim_age_dist,14,1530778,1572864,0.973242
2666372072,gc_victim_age_dist,1,1428552,1572864,0.908249
2666596924,gc_victim_age_dist,14,1212588,1572864,0.770943
2666596924,gc_victim_age_dist,14,1366568,1572864,0.868841
2668293457,gc_victim_age_dist,14,1406923,1572864,0.894498
2668293457,gc_victim_age_dist,14,1333627,1572864,0.847897
2668293457,gc_victim_age_dist,14,1379709,1572864,0.877195
2668293457,gc_victim_age_dist,1,723609,1572864,0.460058
2668293457,gc_victim_age_dist,0,201671,1572864,0.128219
2668438753,gc_victim_age_dist,1,1096972,1572864,0.697436
2670117598,gc_victim_age_dist,1,551178,1572864,0.350430
2671042983,gc_victim_age_dist,1,781766,1572864,0.497033
2673176174,evict_victim_age_dist,13,1482724,1572864,0.942691
2674595566,evict_victim_age_dist,13,1491352,1572864,0.948176
2676019913,gc_victim_age_dist,1,1365656,1572864,0.868261
2676635238,gc_victim_age_dist,14,1204039,1572864,0.765507
2676635238,gc_victim_age_dist,14,1323521,1572864,0.841472
2678337411,gc_victim_age_dist,14,1393768,1572864,0.886134
2678337411,gc_victim_age_dist,13,1401936,1572864,0.891327
2678337411,gc_victim_age_dist,14,1401962,1572864,0.891343
2679898003,gc_victim_age_dist,14,1405067,1572864,0.893318
2680049816,gc_victim_age_dist,13,1420440,1572864,0.903091
2680049816,gc_victim_age_dist,1,920028,1572864,0.584938
2680049816,gc_victim_age_dist,1,1143150,1572864,0.726795
2680049816,gc_victim_age_dist,14,1424229,1572864,0.905500
2681603333,gc_victim_age_dist,14,1282288,1572864,0.815257
2681676636,gc_victim_age_dist,13,1426251,1572864,0.906786
2681676636,gc_victim_age_dist,14,1433689,1572864,0.911515
2681676636,gc_victim_age_dist,14,1434668,1572864,0.912137
2681676636,gc_victim_age_dist,15,1432360,1572864,0.910670
2681676636,gc_victim_age_dist,1,933270,1572864,0.593357
2681676636,gc_victim_age_dist,1,1005104,1572864,0.639028
2681676636,gc_victim_age_dist,13,1428324,1572864,0.908104
2681676636,gc_victim_age_dist,1,1085792,1572864,0.690328
2682941668,evict_victim_age_dist,14,1460671,1572864,0.928670
2684268683,gc_victim_age_dist,13,1190799,1572864,0.757090
2684268683,gc_victim_age_dist,13,1157764,1572864,0.736087
2684946213,gc_victim_age_dist,13,1378261,1572864,0.876275
2684946213,gc_victim_age_dist,1,912524,1572864,0.580167
2684946213,gc_victim_age_dist,13,1433333,1572864,0.911289
2686698668,gc_victim_age_dist,0,200093,1572864,0.127216
2686829148,gc_victim_age_dist,14,1354333,1572864,0.861062
2688423014,evict_victim_age_dist,15,1489958,1572864,0.947290
2689848930,gc_victim_age_dist,14,1393196,1572864,0.885770
2689848930,gc_victim_age_dist,13,1433785,1572864,0.911576
2690160301,gc_victim_age_dist,13,1434801,1572864,0.912222
2690160301,gc_victim_age_dist,1,1160992,1572864,0.738139
2690160301,gc_victim_age_dist,1,943836,1572864,0.600075
2690160301,gc_victim_age_dist,14,1427782,1572864,0.907759
2691711306,gc_victim_age_dist,14,1395197,1572864,0.887042
2691875929,gc_victim_age_dist,1,676536,1572864,0.430130
2691875929,gc_victim_age_dist,1,1212614,1572864,0.770959
2691875929,gc_victim_age_dist,1,1031813,1572864,0.656009
2693111043,gc_victim_age_dist,1,953065,1572864,0.605942
2693584119,gc_victim_age_dist,1,779800,1572864,0.495783
2693584119,gc_victim_age_dist,1,1011290,1572864,0.642961
2693584119,gc_victim_age_dist,1,929717,1572864,0.591098
2694761935,evict_victim_age_dist,14,1473466,1572864,0.936804
2696140053,gc_victim_age_dist,14,1380891,1572864,0.877947
2696941840,evict_victim_age_dist,13,1555496,1572864,0.988958
2698408576,gc_victim_age_dist,14,1396086,1572864,0.887608
2698590334,gc_victim_age_dist,14,1438983,1572864,0.914881
2698590334,gc_victim_age_dist,14,1433968,1572864,0.911692
2700249837,gc_victim_age_dist,1,908935,1572864,0.577885
2700249837,gc_victim_age_dist,15,1433213,1572864,0.911212
2700249837,gc_victim_age_dist,13,1429819,1572864,0.909054
2700249837,gc_victim_age_dist,15,1432901,1572864,0.911014
2700249837,gc_victim_age_dist,13,1396052,1572864,0.887586
2700249837,gc_victim_age_dist,13,1442483,1572864,0.917106
2700249837,gc_victim_age_dist,14,1433492,1572864,0.911390
2700249837,gc_victim_age_dist,13,1445281,1572864,0.918885
2700249837,gc_victim_age_dist,1,740956,1572864,0.471087
2700250093,gc_victim_age_dist,15,1444773,1572864,0.918562
2700250093,gc_victim_age_dist,14,1422466,1572864,0.904380
2701755174,evict_victim_age_dist,14,1532382,1572864,0.974262
2703216606,gc_victim_age_dist,14,1264125,1572864,0.803709
2704612691,gc_victim_age_dist,14,1271368,1572864,0.808314
2704612691,gc_victim_age_dist,14,1430927,1572864,0.909759
2704612691,gc_victim_age_dist,1,502475,1572864,0.319465
2704815517,gc_victim_age_dist,1,724224,1572864,0.460449
2705355484,gc_victim_age_dist,14,1423746,1572864,0.905193
2705355484,gc_victim_age_dist,1,798426,1572864,0.507626
2705355484,gc_victim_age_dist,13,1444616,1572864,0.918462
2705355484,gc_victim_age_dist,13,1446074,1572864,0.919389
2705355484,gc_victim_age_dist,1,880384,1572864,0.559733
2706386179,gc_victim_age_dist,14,1390214,1572864,0.883874
2707107925,gc_victim_age_dist,14,1297060,1572864,0.824649
2708592878,evict_victim_age_dist,12,1504450,1572864,0.956504
2710019286,gc_victim_age_dist,14,1404973,1572864,0.893258
2710776648,gc_victim_age_dist,14,1424524,1572864,0.905688
2710776648,gc_victim_age_dist,1,749495,1572864,0.476516
2710776648,gc_victim_age_dist,14,1443634,1572864,0.917838
2710776648,gc_victim_age_dist,1,847071,1572864,0.538553
2711987988,gc_victim_age_dist,14,1214207,1572864,0.771972
2714040789,evict_victim_age_dist,15,1532260,1572864,0.974185
2715509439,evict_victim_age_dist,14,1571960,1572864,0.999425
2717030186,gc_victim_age_dist,1,1405168,1572864,0.893382
2717379801,gc_victim_age_dist,14,1310875,1572864,0.833432
2717379801,gc_victim_age_dist,14,1148708,1572864,0.730329
2717379801,gc_victim_age_dist,0,218705,1572864,0.139049
2717379801,gc_victim_age_dist,1,447329,1572864,0.284404
2717681258,gc_victim_age_dist,1,1101683,1572864,0.700431
2719640224,gc_victim_age_dist,1,406463,1572864,0.258422
2720440508,gc_victim_age_dist,14,1402180,1572864,0.891482
2722196901,evict_victim_age_dist,14,1485563,1572864,0.944496
2723620533,evict_victim_age_dist,13,1565916,1572864,0.995583
2725106903,evict_victim_age_dist,13,1545191,1572864,0.982406
2726580817,evict_victim_age_dist,14,1438539,1572864,0.914598
2727899240,evict_victim_age_dist,15,1467419,1572864,0.932960
2729314271,evict_victim_age_dist,13,1460178,1572864,0.928356
2730695534,gc_victim_age_dist,1,1438445,1572864,0.914539
2731816361,gc_victim_age_dist,1,374048,1572864,0.237813
2732082500,gc_victim_age_dist,1,654237,1572864,0.415953
2733088045,gc_victim_age_dist,14,816752,1572864,0.519277
2734209834,gc_victim_age_dist,1,494360,1572864,0.314306
2735385459,gc_victim_age_dist,13,1100308,1572864,0.699557
2736576071,gc_victim_age_dist,13,1280634,1572864,0.814205
2736576071,gc_victim_age_dist,13,1211037,1572864,0.769957
2738200527,gc_victim_age_dist,15,1069938,1572864,0.680248
2738200527,gc_victim_age_dist,15,1181805,1572864,0.751371
2738200527,gc_victim_age_dist,15,1320626,1572864,0.839631
2738200527,gc_victim_age_dist,14,1332751,1572864,0.847340
2738200527,gc_victim_age_dist,13,1360601,1572864,0.865047
2738200527,gc_victim_age_dist,14,1323916,1572864,0.841723
2738200527,gc_victim_age_dist,14,1376520,1572864,0.875168
2738200527,gc_victim_age_dist,14,1379469,1572864,0.877043
2738200527,gc_victim_age_dist,13,1398634,1572864,0.889228
2738200527,gc_victim_age_dist,14,1404129,1572864,0.892721
2738200527,gc_victim_age_dist,1,850206,1572864,0.540546
2738200783,gc_victim_age_dist,13,1411258,1572864,0.897254
2739148240,gc_victim_age_dist,13,1354709,1572864,0.861301
2739892852,gc_victim_age_dist,13,1404552,1572864,0.892990
2739939198,gc_victim_age_dist,15,1385340,1572864,0.880775
2739939198,gc_victim_age_dist,14,1414584,1572864,0.899368
2739939198,gc_victim_age_dist,1,1032421,1572864,0.656396
2739939198,gc_victim_age_dist,1,717805,1572864,0.456368
2739939198,gc_victim_age_dist,1,841840,1572864,0.535227
2739939198,gc_victim_age_dist,14,1425034,1572864,0.906012
2741630548,gc_victim_age_dist,1,805956,1572864,0.512413
2741630548,gc_victim_age_dist,14,1430326,1572864,0.909377
2741630548,gc_victim_age_dist,15,1424922,1572864,0.905941
2743205989,gc_victim_age_dist,14,1310342,1572864,0.833093
2743205989,gc_victim_age_dist,14,1283997,1572864,0.816343
2743205989,gc_victim_age_dist,13,1396201,1572864,0.887681
2743205989,gc_victim_age_dist,1,671022,1572864,0.426624
2744323553,gc_victim_age_dist,14,1117170,1572864,0.710278
2744787308,gc_victim_age_dist,14,1186963,1572864,0.754651
2746416404,gc_victim_age_dist,14,1305741,1572864,0.830168
2746416404,gc_victim_age_dist,14,1252090,1572864,0.796057
2746416404,gc_victim_age_dist,14,1398269,1572864,0.888995
2746416404,gc_victim_age_dist,1,793189,1572864,0.504296
2746416404,gc_victim_age_dist,1,871980,1572864,0.554390
2746416404,gc_victim_age_dist,13,1430660,1572864,0.909589
2746416404,gc_victim_age_dist,1,754654,1572864,0.479796
2747328640,gc_victim_age_dist,13,1238660,1572864,0.787519
2748071127,gc_victim_age_dist,1,997307,1572864,0.634071
2748071127,gc_victim_age_dist,1,861716,1572864,0.547864
2749105060,gc_victim_age_dist,14,1415762,1572864,0.900117
2750735101,gc_victim_age_dist,1,1077192,1572864,0.684860
2750735101,gc_victim_age_dist,1,732808,1572864,0.465907
2751281791,gc_victim_age_dist,12,1235646,1572864,0.785603
2751281791,gc_victim_age_dist,13,1429898,1572864,0.909105
2751281791,gc_victim_age_dist,13,1238030,1572864,0.787118
2752712424,gc_victim_age_dist,14,1405565,1572864,0.893634
2752856221,gc_victim_age_dist,13,1222345,1572864,0.777146
2752856221,gc_victim_age_dist,14,1226637,1572864,0.779875
2752856221,gc_victim_age_dist,1,952146,1572864,0.605358
2754109105,gc_victim_age_dist,1,835906,1572864,0.531455
2754109105,gc_victim_age_dist,1,834273,1572864,0.530416
2754461658,gc_victim_age_dist,1,1009996,1572864,0.642138
2756036493,gc_victim_age_dist,1,736499,1572864,0.468253
2756036493,gc_victim_age_dist,14,1041594,1572864,0.662228
2757583755,gc_victim_age_dist,14,1080672,1572864,0.687073
2757647334,gc_victim_age_dist,13,1407466,1572864,0.894843
2757647334,gc_victim_age_dist,14,1408621,1572864,0.895577
2757647334,gc_victim_age_dist,14,1414758,1572864,0.899479
2759357433,gc_victim_age_dist,13,658929,1572864,0.418936
2759427278,gc_victim_age_dist,13,1419641,1572864,0.902583
2759427278,gc_victim_age_dist,0,363374,1572864,0.231027
2759776232,gc_victim_age_dist,1,873614,1572864,0.555429
2760807075,gc_victim_age_dist,1,434822,1572864,0.276452
2761066597,gc_victim_age_dist,13,1420316,1572864,0.903013
2762755122,evict_victim_age_dist,13,1556973,1572864,0.989897
2764350938,evict_victim_age_dist,14,1450016,1572864,0.921895
2765734123,evict_victim_age_dist,13,1438185,1572864,0.914373
2767110271,gc_victim_age_dist,1,1470310,1572864,0.934798
2767640893,gc_victim_age_dist,12,1169198,1572864,0.743356
2767640893,gc_victim_age_dist,1,803298,1572864,0.510723
2767640893,gc_victim_age_dist,13,1405395,1572864,0.893526
2769275065,gc_victim_age_dist,1,869889,1572864,0.553061
2769275065,gc_victim_age_dist,1,806667,1572864,0.512865
2770613413,gc_victim_age_dist,14,1410126,1572864,0.896534
2770854530,gc_victim_age_dist,14,1157924,1572864,0.736188
2770854530,gc_victim_age_dist,1,100055,1572864,0.063613
2770933260,gc_victim_age_dist,13,1423634,1572864,0.905122
2772511271,gc_victim_age_dist,13,1420654,1572864,0.903227
2772511271,gc_victim_age_dist,13,1417569,1572864,0.901266
2772511271,gc_victim_age_dist,14,1425753,1572864,0.906469
2772511271,gc_victim_age_dist,14,1425858,1572864,0.906536
2774157785,gc_victim_age_dist,14,1354939,1572864,0.861447
2774157785,gc_victim_age_dist,1,769049,1572864,0.488948
2774157785,gc_victim_age_dist,1,691874,1572864,0.439882
2775377181,gc_victim_age_dist,15,1087870,1572864,0.691649
2775760408,gc_victim_age_dist,15,1267218,1572864,0.805676
2775760408,gc_victim_age_dist,15,1321212,1572864,0.840004
2775760408,gc_victim_age_dist,13,1418223,1572864,0.901682
2775760408,gc_victim_age_dist,1,704987,1572864,0.448219
2775760408,gc_victim_age_dist,1,718640,1572864,0.456899
2776932297,gc_victim_age_dist,15,1392580,1572864,0.885379
2778415610,gc_victim_age_dist,14,1273623,1572864,0.809748
2778965174,gc_victim_age_dist,1,728243,1572864,0.463004
2778965174,gc_victim_age_dist,1,1037870,1572864,0.659860
2780571033,evict_victim_age_dist,13,1545355,1572864,0.982510
2782059566,gc_victim_age_dist,1,1078300,1572864,0.685565
2782257256,gc_victim_age_dist,13,1427468,1572864,0.907560
2782257256,gc_victim_age_dist,13,1432967,1572864,0.911056
2783904247,gc_victim_age_dist,14,1193783,1572864,0.758987
2783904247,gc_victim_age_dist,14,1433427,1572864,0.911348
2783904247,gc_victim_age_dist,1,910144,1572864,0.578654
2783904247,gc_victim_age_dist,13,1420838,1572864,0.903344
2783904247,gc_victim_age_dist,1,682225,1572864,0.433747
2783904247,gc_victim_age_dist,13,1143343,1572864,0.726918
2783904247,gc_victim_age_dist,14,1397238,1572864,0.888340
2783904247,gc_victim_age_dist,1,574125,1572864,0.365019
2784820617,gc_victim_age_dist,14,1325837,1572864,0.842944
2785520510,evict_victim_age_dist,13,1561754,1572864,0.992936
2785675207,gc_victim_age_dist,14,1336559,1572864,0.849761
2787177956,gc_victim_age_dist,1,942182,1572864,0.599023
2787177956,gc_victim_age_dist,14,1292282,1572864,0.821611
2787177956,gc_victim_age_dist,14,1249717,1572864,0.794549
2787177956,gc_victim_age_dist,14,1403156,1572864,0.892103
2787177956,gc_victim_age_dist,1,714594,1572864,0.454327
2788306846,gc_victim_age_dist,13,1437066,1572864,0.913662
2788803380,gc_victim_age_dist,12,1347206,1572864,0.856531
2788803380,gc_victim_age_dist,14,1410779,1572864,0.896949
2788803380,gc_victim_age_dist,13,1440498,1572864,0.915844
2790370452,gc_victim_age_dist,13,1127534,1572864,0.716867
2790406103,gc_victim_age_dist,15,1423811,1572864,0.905235
2790406103,gc_victim_age_dist,14,1425288,1572864,0.906174
2790406103,gc_victim_age_dist,14,1429943,1572864,0.909133
2790406103,gc_victim_age_dist,0,363198,1572864,0.230915
2790625156,gc_victim_age_dist,14,1415217,1572864,0.899771
2792087404,evict_victim_age_dist,14,1570552,1572864,0.998530
2793582246,gc_victim_age_dist,13,1333778,1572864,0.847993
2793663584,gc_victim_age_dist,14,1399910,1572864,0.890039
2793663584,gc_victim_age_dist,14,1412807,1572864,0.898238
2793663584,gc_victim_age_dist,14,1442273,1572864,0.916972
2793663584,gc_victim_age_dist,1,1069288,1572864,0.679835
2795244992,gc_victim_age_dist,15,1183742,1572864,0.752603
2795244992,gc_victim_age_dist,14,1330506,1572864,0.845913
2795244992,gc_victim_age_dist,14,1350256,1572864,0.858470
2795244992,gc_victim_age_dist,15,1404189,1572864,0.892759
2795244992,gc_victim_age_dist,14,1205771,1572864,0.766609
2795244992,gc_victim_age_dist,14,1427856,1572864,0.907806
2795244992,gc_victim_age_dist,15,1413658,1572864,0.898780
2796816198,evict_victim_age_dist,13,1510601,1572864,0.960414
2798249601,gc_victim_age_dist,14,1341977,1572864,0.853206
2798547320,gc_victim_age_dist,14,1402068,1572864,0.891411
2798547320,gc_victim_age_dist,14,1397158,1572864,0.888289
2798547320,gc_victim_age_dist,13,1424033,1572864,0.905376
2798547320,gc_victim_age_dist,1,783674,1572864,0.498247
2798547320,gc_victim_age_dist,14,1438546,1572864,0.914603
2798547320,gc_victim_age_dist,15,1428006,1572864,0.907902
2798547320,gc_victim_age_dist,13,1442772,1572864,0.917290
2800122055,gc_victim_age_dist,14,1282862,1572864,0.815622
2800122055,gc_victim_age_dist,14,1388082,1572864,0.882519
2801600136,evict_victim_age_dist,15,1498063,1572864,0.952443
2803305220,evict_victim_age_dist,13,1543358,1572864,0.981241
2804941324,gc_victim_age_dist,1,1196740,1572864,0.760867
2804941324,gc_victim_age_dist,14,1306369,1572864,0.830567
2804941324,gc_victim_age_dist,14,1290126,1572864,0.820240
2804941324,gc_victim_age_dist,14,1361723,1572864,0.865760
2804941324,gc_victim_age_dist,14,1389448,1572864,0.883387
2806526412,gc_victim_age_dist,14,1397356,1572864,0.888415
2806526412,gc_victim_age_dist,14,1395210,1572864,0.887051
2806526412,gc_victim_age_dist,14,1399223,1572864,0.889602
2806526412,gc_victim_age_dist,14,1420503,1572864,0.903131
2806526412,gc_victim_age_dist,13,1308891,1572864,0.832170
2806526412,gc_victim_age_dist,1,861010,1572864,0.547415
2806526412,gc_victim_age_dist,13,1426089,1572864,0.906683
2806526412,gc_victim_age_dist,15,1421932,1572864,0.904040
2806526412,gc_victim_age_dist,1,630060,1572864,0.400581
2806526412,gc_victim_age_dist,14,1419643,1572864,0.902585
2806526412,gc_victim_age_dist,13,1436980,1572864,0.913607
2806526412,gc_victim_age_dist,1,801658,1572864,0.509680
2806685370,gc_victim_age_dist,1,1089273,1572864,0.692541
2807935395,gc_victim_age_dist,1,815964,1572864,0.518776
2808984875,gc_victim_age_dist,14,1434665,1572864,0.912135
2809703919,evict_victim_age_dist,14,1558878,1572864,0.991108
2811178984,gc_victim_age_dist,13,1382350,1572864,0.878874
2811343002,gc_victim_age_dist,13,1434468,1572864,0.912010
2811343002,gc_victim_age_dist,1,1054728,1572864,0.670578
2812744116,gc_victim_age_dist,14,1416660,1572864,0.900688
2813016544,gc_victim_age_dist,15,1354837,1572864,0.861382
2814599722,evict_victim_age_dist,14,1437018,1572864,0.913631
2816236602,evict_victim_age_dist,13,1500040,1572864,0.953700
2817946848,gc_victim_age_dist,1,1454640,1572864,0.924835
2817946848,gc_victim_age_dist,14,1304041,1572864,0.829087
2817946848,gc_victim_age_dist,14,1293548,1572864,0.822416
2817946848,gc_victim_age_dist,14,1226934,1572864,0.780064
2819345960,gc_victim_age_dist,15,1271291,1572864,0.808265
2819556793,gc_victim_age_dist,13,1307564,1572864,0.831327
2819556793,gc_victim_age_dist,15,1382392,1572864,0.878901
2819556793,gc_victim_age_dist,14,1372771,1572864,0.872784
2819556793,gc_victim_age_dist,15,1391115,1572864,0.884447
2819556793,gc_victim_age_dist,15,1397963,1572864,0.888801
2819556793,gc_victim_age_dist,14,1402340,1572864,0.891584
2819556793,gc_victim_age_dist,14,1399174,1572864,0.889571
2819556793,gc_victim_age_dist,13,1185880,1572864,0.753962
2819556793,gc_victim_age_dist,13,1417757,1572864,0.901386
2819556793,gc_victim_age_dist,15,1424580,1572864,0.905724
2819556793,gc_victim_age_dist,1,775752,1572864,0.493210
2819816747,gc_victim_age_dist,14,1409299,1572864,0.896008
2821226089,gc_victim_age_dist,14,1203083,1572864,0.764900
2822681752,evict_victim_age_dist,14,1534582,1572864,0.975661
2824141886,gc_victim_age_dist,1,651225,1572864,0.414038
2824471327,gc_victim_age_dist,13,1335520,1572864,0.849101
2824471327,gc_victim_age_dist,13,1414447,1572864,0.899281
2824471327,gc_victim_age_dist,1,881493,1572864,0.560438
2825654502,gc_victim_age_dist,1,417281,1572864,0.265300
2826016818,gc_victim_age_dist,1,832076,1572864,0.529020
2827686481,evict_victim_age_dist,13,1504730,1572864,0.956682
2829392714,gc_victim_age_dist,1,1431196,1572864,0.909930
2829392714,gc_victim_age_dist,14,1332678,1572864,0.847294
2829392714,gc_victim_age_dist,13,1379323,1572864,0.876950
2829392714,gc_victim_age_dist,1,897106,1572864,0.570365
2829392714,gc_victim_age_dist,1,839547,1572864,0.533770
2829392714,gc_victim_age_dist,1,867719,1572864,0.551681
2830720686,gc_victim_age_dist,1,752245,1572864,0.478264
2831931902,gc_victim_age_dist,1,1147395,1572864,0.729494
2832600694,gc_victim_age_dist,15,1386502,1572864,0.881514
2832600694,gc_victim_age_dist,1,1045929,1572864,0.664984
2832600694,gc_victim_age_dist,1,873503,1572864,0.555358
2834014895,gc_victim_age_dist,1,695450,1572864,0.442155
2834190186,gc_victim_age_dist,14,1411154,1572864,0.897188
2834190186,gc_victim_age_dist,1,934200,1572864,0.593948
2835383343,evict_victim_age_dist,14,1529012,1572864,0.972120
2836821232,gc_victim_age_dist,14,1218398,1572864,0.774637
2837384387,gc_victim_age_dist,14,993139,1572864,0.631421
2838953505,gc_victim_age_dist,14,1395189,1572864,0.887037
2839002914,gc_victim_age_dist,1,1070743,1572864,0.680760
2839002914,gc_victim_age_dist,1,993244,1572864,0.631488
2839177383,gc_victim_age_dist,1,898933,1572864,0.571526
2839177383,gc_victim_age_dist,1,1035528,1572864,0.658371
2839177383,gc_victim_age_dist,1,1005906,1572864,0.639538
2839177383,gc_victim_age_dist,13,1430164,1572864,0.909274
2840632969,gc_victim_age_dist,14,1229081,1572864,0.781429
2840632969,gc_victim_age_dist,14,1425945,1572864,0.906591
2840632969,gc_victim_age_dist,14,1434022,1572864,0.911727
2840632969,gc_victim_age_dist,14,1427418,1572864,0.907528
2840632969,gc_victim_age_dist,1,1175324,1572864,0.747251
2841984165,evict_victim_age_dist,14,1506113,1572864,0.957561
2843423137,gc_victim_age_dist,15,864356,1572864,0.549543
2843801471,gc_victim_age_dist,15,1390186,1572864,0.883856
2843801471,gc_victim_age_dist,14,1162346,1572864,0.739000
2843801471,gc_victim_age_dist,15,1419192,1572864,0.902298
2843801471,gc_victim_age_dist,1,1146758,1572864,0.729089
2843801471,gc_victim_age_dist,14,1436167,1572864,0.913090
2843801471,gc_victim_age_dist,14,1439070,1572864,0.914936
2845455409,gc_victim_age_dist,13,1405417,1572864,0.893540
2845474641,gc_victim_age_dist,1,931219,1572864,0.592053
2845474641,gc_victim_age_dist,1,1177700,1572864,0.748761
2847104516,gc_victim_age_dist,14,1341268,1572864,0.852755
2847104516,gc_victim_age_dist,1,557894,1572864,0.354699
2847104516,gc_victim_age_dist,14,1402399,1572864,0.891621
2847104516,gc_victim_age_dist,13,1421344,1572864,0.903666
2847104516,gc_victim_age_dist,1,828418,1572864,0.526694
2848104755,gc_victim_age_dist,14,1435320,1572864,0.912552
2848679669,gc_victim_age_dist,1,105662,1572864,0.067178
2848679669,gc_victim_age_dist,1,959699,1572864,0.610160
2850253435,evict_victim_age_dist,14,1523194,1572864,0.968421
2851968061,evict_victim_age_dist,13,1443059,1572864,0.917472
2853499231,evict_victim_age_dist,14,1567568,1572864,0.996633
2855017130,gc_victim_age_dist,1,1438880,1572864,0.914815
2855180413,gc_victim_age_dist,14,1220866,1572864,0.776206
2855180413,gc_victim_age_dist,14,1301411,1572864,0.827415
2855180413,gc_victim_age_dist,14,1334591,1572864,0.848510
2856762176,gc_victim_age_dist,14,1324949,1572864,0.842380
2856762176,gc_victim_age_dist,14,1234325,1572864,0.784763
2856762176,gc_victim_age_dist,13,1424179,1572864,0.905469
2858340278,gc_victim_age_dist,14,1340858,1572864,0.852495
2858340278,gc_victim_age_dist,1,1036420,1572864,0.658938
2858340278,gc_victim_age_dist,1,867147,1572864,0.551317
2858340278,gc_victim_age_dist,1,814264,1572864,0.517695
2859394505,gc_victim_age_dist,14,1326656,1572864,0.843465
2860870207,gc_victim_age_dist,1,815066,1572864,0.518205
2861721074,gc_victim_age_dist,1,906186,1572864,0.576138
2861721074,gc_victim_age_dist,1,977218,1572864,0.621298
2863031433,gc_victim_age_dist,14,1306942,1572864,0.830931
2863312703,gc_victim_age_dist,15,1412511,1572864,0.898050
2863312703,gc_victim_age_dist,14,1411321,1572864,0.897294
2863312703,gc_victim_age_dist,13,1434770,1572864,0.912202
2863312703,gc_victim_age_dist,1,705340,1572864,0.448443
2864463838,gc_victim_age_dist,14,1429178,1572864,0.908647
2865024871,gc_victim_age_dist,15,1403405,1572864,0.892261
2865024871,gc_victim_age_dist,1,1008647,1572864,0.641280
2865024871,gc_victim_age_dist,1,962805,1572864,0.612135
2865024871,gc_victim_age_dist,1,1087328,1572864,0.691305
2866316088,gc_victim_age_dist,13,1429790,1572864,0.909036
2866730403,gc_victim_age_dist,1,840514,1572864,0.534384
2866730403,gc_victim_age_dist,14,1434786,1572864,0.912212
2868391894,gc_victim_age_dist,14,1408912,1572864,0.895762
2868391894,gc_victim_age_dist,14,1433263,1572864,0.911244
2868391894,gc_victim_age_dist,1,749327,1572864,0.476409
2868391894,gc_victim_age_dist,1,938374,1572864,0.596602
2868391894,gc_victim_age_dist,13,1417570,1572864,0.901267
2869997477,evict_victim_age_dist,14,1532824,1572864,0.974543
2871572239,evict_victim_age_dist,13,1458820,1572864,0.927493
2872968501,evict_victim_age_dist,13,1564450,1572864,0.994651
2874407399,gc_victim_age_dist,1,1419324,1572864,0.902382
2874965910,gc_victim_age_dist,14,1057006,1572864,0.672026
2874965910,gc_victim_age_dist,14,1379744,1572864,0.877218
2874965910,gc_victim_age_dist,1,160282,1572864,0.101905
2874965910,gc_victim_age_dist,14,1362706,1572864,0.866385
2875802407,gc_victim_age_dist,14,1375377,1572864,0.874441
2875802407,gc_victim_age_dist,1,413862,1572864,0.263126
2876155009,gc_victim_age_dist,14,1420029,1572864,0.902830
2876794002,gc_victim_age_dist,14,1391484,1572864,0.884682
2878474408,gc_victim_age_dist,14,1365896,1572864,0.868413
2878474408,gc_victim_age_dist,0,487784,1572864,0.310125
2880165203,gc_victim_age_dist,14,1296772,1572864,0.824465
2880165203,gc_victim_age_dist,1,667952,1572864,0.424672
2880165203,gc_victim_age_dist,15,1417580,1572864,0.901273
2880165203,gc_victim_age_dist,14,1429369,1572864,0.908768
2880165203,gc_victim_age_dist,1,1089850,1572864,0.692908
2881756716,gc_victim_age_dist,1,1184647,1572864,0.753178
2881879337,gc_victim_age_dist,1,866612,1572864,0.550977
2883642025,gc_victim_age_dist,13,1423783,1572864,0.905217
2883642025,gc_victim_age_dist,13,1398880,1572864,0.889384
2883642025,gc_victim_age_dist,14,1410101,1572864,0.896518
2883642025,gc_victim_age_dist,13,1429703,1572864,0.908981
2883642025,gc_victim_age_dist,1,810016,1572864,0.514994
2883642025,gc_victim_age_dist,13,1411193,1572864,0.897212
2883642025,gc_victim_age_dist,1,964154,1572864,0.612993
2883642025,gc_victim_age_dist,1,893079,1572864,0.567804
2885092789,gc_victim_age_dist,14,1359844,1572864,0.864566
2885379390,gc_victim_age_dist,14,1418458,1572864,0.901831
2885379390,gc_victim_age_dist,1,758857,1572864,0.482468
2885379390,gc_victim_age_dist,13,1438703,1572864,0.914703
2886959260,gc_victim_age_dist,13,1406940,1572864,0.894508
2886959260,gc_victim_age_dist,13,1423704,1572864,0.905167
2886959260,gc_victim_age_dist,13,1423624,1572864,0.905116
2886959260,gc_victim_age_dist,13,1400732,1572864,0.890561
2886959260,gc_victim_age_dist,1,906486,1572864,0.576328
2888078508,gc_victim_age_dist,13,1425395,1572864,0.906242
2888727009,evict_victim_age_dist,13,1542572,1572864,0.980741
2890201489,gc_victim_age_dist,13,1276721,1572864,0.811717
2890423146,gc_victim_age_dist,14,1347734,1572864,0.856866
2890423146,gc_victim_age_dist,14,1193388,1572864,0.758736
2890423146,gc_victim_age_dist,1,825574,1572864,0.524886
2891736245,gc_victim_age_dist,14,1386728,1572864,0.881658
2891736245,gc_victim_age_dist,1,842258,1572864,0.535493
2892181486,gc_victim_age_dist,14,1341028,1572864,0.852603
2892181486,gc_victim_age_dist,1,292018,1572864,0.185660
2892456175,gc_victim_age_dist,13,1433285,1572864,0.911258
2893846126,gc_victim_age_dist,1,903027,1572864,0.574129
2893846126,gc_victim_age_dist,1,850176,1572864,0.540527
2893846126,gc_victim_age_dist,14,1421839,1572864,0.903981
2893846126,gc_victim_age_dist,14,1437892,1572864,0.914187
2895509750,evict_victim_age_dist,15,1494893,1572864,0.950427
2896953372,gc_victim_age_dist,14,808125,1572864,0.513792
2897176139,gc_victim_age_dist,14,1326519,1572864,0.843378
2897176139,gc_victim_age_dist,13,1366724,1572864,0.868940
2898325540,gc_victim_age_dist,14,1417619,1572864,0.901298
2898325540,gc_victim_age_dist,14,1250960,1572864,0.795339
2898325540,gc_victim_age_dist,14,1428607,1572864,0.908284
2898828924,gc_victim_age_dist,1,821472,1572864,0.522278
2898828924,gc_victim_age_dist,14,1345732,1572864,0.855593
2898828924,gc_victim_age_dist,1,956158,1572864,0.607909
2898828924,gc_victim_age_dist,1,918960,1572864,0.584259
2899957679,gc_victim_age_dist,14,1377883,1572864,0.876034
2900454330,gc_victim_age_dist,14,1433374,1572864,0.911315
2900454330,gc_victim_age_dist,14,1433848,1572864,0.911616
2900454330,gc_victim_age_dist,1,518515,1572864,0.329663
2900454330,gc_victim_age_dist,1,970103,1572864,0.616775
2901678627,evict_victim_age_dist,14,1483453,1572864,0.943154
2903058365,gc_victim_age_dist,14,1268031,1572864,0.806192
2903656960,gc_victim_age_dist,13,1344163,1572864,0.854596
2903656960,gc_victim_age_dist,14,1372759,1572864,0.872777
2905250179,evict_victim_age_dist,15,1528806,1572864,0.971989
2906724717,gc_victim_age_dist,14,1257423,1572864,0.799448
2906881572,gc_victim_age_dist,14,1283462,1572864,0.816003
2906881572,gc_victim_age_dist,13,1396697,1572864,0.887996
2906881572,gc_victim_age_dist,14,1123569,1572864,0.714346
2908513100,gc_victim_age_dist,14,1410989,1572864,0.897083
2908513100,gc_victim_age_dist,1,346709,1572864,0.220432
2908786109,gc_victim_age_dist,14,1381687,1572864,0.878453
2910094782,gc_victim_age_dist,14,1347444,1572864,0.856682
2910094782,gc_victim_age_dist,1,1109448,1572864,0.705368
2910094782,gc_victim_age_dist,1,769448,1572864,0.489202
2910094782,gc_victim_age_dist,1,911821,1572864,0.579720
2911554869,evict_victim_age_dist,13,1436182,1572864,0.913100
2912938985,gc_victim_age_dist,1,622700,1572864,0.395902
2914004024,gc_victim_age_dist,14,1052801,1572864,0.669353
2914822537,gc_victim_age_dist,14,1277964,1572864,0.812508
2914822537,gc_victim_age_dist,14,1381963,1572864,0.878628
2914822537,gc_victim_age_dist,1,1109485,1572864,0.705392
2916397075,gc_victim_age_dist,14,1225904,1572864,0.779409
2916397075,gc_victim_age_dist,1,1011625,1572864,0.643174
2917971799,gc_victim_age_dist,1,189203,1572864,0.120292
2918103688,evict_victim_age_dist,13,1462112,1572864,0.929586
2919493468,gc_victim_age_dist,14,1396820,1572864,0.888074
2921134565,evict_victim_age_dist,14,1556458,1572864,0.989569
2922822641,gc_victim_age_dist,1,1482368,1572864,0.942464
2922822641,gc_victim_age_dist,1,14196,1572864,0.009026
2922833796,gc_victim_age_dist,13,1405035,1572864,0.893297
2924516662,gc_victim_age_dist,0,265438,1572864,0.168761
2924676832,gc_victim_age_dist,1,219176,1572864,0.139348
2924819948,gc_victim_age_dist,13,1401890,1572864,0.891298
2926181890,gc_victim_age_dist,15,1398316,1572864,0.889025
2926181890,gc_victim_age_dist,14,1351372,1572864,0.859179
2927789650,gc_victim_age_dist,1,520336,1572864,0.330821
2928771143,evict_victim_age_dist,14,1467864,1572864,0.933243
2930196685,gc_victim_age_dist,14,1268708,1572864,0.806623
2930196685,gc_victim_age_dist,14,1191905,1572864,0.757793
2930196685,gc_victim_age_dist,15,1334396,1572864,0.848386
2930196685,gc_victim_age_dist,14,1329278,1572864,0.845132
2930196685,gc_victim_age_dist,14,1355459,1572864,0.861778
2930196685,gc_victim_age_dist,13,1406876,1572864,0.894468
2930960283,gc_victim_age_dist,14,1313094,1572864,0.834843
2930960283,gc_victim_age_dist,14,1414268,1572864,0.899167
2932585312,evict_victim_age_dist,14,1501306,1572864,0.954505
2934031966,gc_victim_age_dist,14,1279663,1572864,0.813588
2934031966,gc_victim_age_dist,13,1395187,1572864,0.887036
2934164976,gc_victim_age_dist,14,1396112,1572864,0.887624
2934164976,gc_victim_age_dist,1,543914,1572864,0.345811
2934164976,gc_victim_age_dist,1,801970,1572864,0.509879
2935608339,gc_victim_age_dist,1,887204,1572864,0.564069
2936991082,gc_victim_age_dist,15,1419444,1572864,0.902458
2937324239,gc_victim_age_dist,0,499306,1572864,0.317450
2937324239,gc_victim_age_dist,14,1419975,1572864,0.902796
2937324239,gc_victim_age_dist,12,1390020,1572864,0.883751
2937324239,gc_victim_age_dist,14,1421649,1572864,0.903860
2937324239,gc_victim_age_dist,1,920656,1572864,0.585337
2938716223,evict_victim_age_dist,14,1568574,1572864,0.997272
2940234975,gc_victim_age_dist,15,1268755,1572864,0.806653
2940785530,gc_victim_age_dist,13,1361480,1572864,0.865606
2940785530,gc_victim_age_dist,13,1383233,1572864,0.879436
2940785530,gc_victim_age_dist,1,610413,1572864,0.388090
2940785530,gc_victim_age_dist,1,1023410,1572864,0.650667
2942546073,evict_victim_age_dist,14,1542598,1572864,0.980757
2944311707,evict_victim_age_dist,15,1535549,1572864,0.976276
2945793300,evict_victim_age_dist,15,1554501,1572864,0.988325
2947289947,evict_victim_age_dist,14,1414877,1572864,0.899555
2948652608,gc_victim_age_dist,1,1474404,1572864,0.937401
2949041684,gc_victim_age_dist,1,610512,1572864,0.388153
2949726219,gc_victim_age_dist,14,744476,1572864,0.473325
2950541366,gc_victim_age_dist,14,1379389,1572864,0.876992
2951968499,gc_victim_age_dist,1,383762,1572864,0.243989
2952196639,gc_victim_age_dist,13,1384858,1572864,0.880469
2953770828,gc_victim_age_dist,14,1191650,1572864,0.757631
2953770828,gc_victim_age_dist,13,1409168,1572864,0.895925
2953770828,gc_victim_age_dist,14,1416179,1572864,0.900382
2953770828,gc_victim_age_dist,14,1413191,1572864,0.898483
2953770828,gc_victim_age_dist,13,1414199,1572864,0.899124
2953770828,gc_victim_age_dist,14,1399538,1572864,0.889802
2953770828,gc_victim_age_dist,14,1410099,1572864,0.896517
2953770828,gc_victim_age_dist,13,1015476,1572864,0.645622
2953770828,gc_victim_age_dist,14,1420924,1572864,0.903399
2953771083,gc_victim_age_dist,13,1411607,1572864,0.897476
2954023770,gc_victim_age_dist,13,1404871,1572864,0.893193
2954023770,gc_victim_age_dist,1,461249,1572864,0.293254
2954415911,gc_victim_age_dist,14,1319649,1572864,0.839010
2955946646,gc_victim_age_dist,1,517162,1572864,0.328803
2956631870,gc_victim_age_dist,14,1369771,1572864,0.870877
2958111892,gc_victim_age_dist,13,1409707,1572864,0.896268
2958512336,gc_victim_age_dist,13,1417818,1572864,0.901424
2958512336,gc_victim_age_dist,14,1412041,1572864,0.897751
2958512336,gc_victim_age_dist,14,1413089,1572864,0.898418
2958512336,gc_victim_age_dist,1,1035437,1572864,0.658313
2958512336,gc_victim_age_dist,1,879702,1572864,0.559299
2958512336,gc_victim_age_dist,1,918240,1572864,0.583801
2959890956,evict_victim_age_dist,14,1422714,1572864,0.904537
2961261475,gc_victim_age_dist,13,1164605,1572864,0.740436
2961662187,gc_victim_age_dist,13,1227843,1572864,0.780642
2961662187,gc_victim_age_dist,1,722912,1572864,0.459615
2961662187,gc_victim_age_dist,14,1369667,1572864,0.870811
2963238466,gc_victim_age_dist,13,1235748,1572864,0.785667
2963238466,gc_victim_age_dist,13,1367474,1572864,0.869417
2963238466,gc_victim_age_dist,14,1369123,1572864,0.870465
2963238466,gc_victim_age_dist,1,802683,1572864,0.510332
2963238466,gc_victim_age_dist,1,841326,1572864,0.534901
2964385517,gc_victim_age_dist,1,190930,1572864,0.121390
2964520167,gc_victim_age_dist,1,935602,1572864,0.594840
2967017083,evict_victim_age_dist,15,1503684,1572864,0.956017
2968015152,evict_victim_age_dist,13,1564954,1572864,0.994971
2969524643,gc_victim_age_dist,1,1456088,1572864,0.925756
2969647801,gc_victim_age_dist,1,776632,1572864,0.493769
2969647801,gc_victim_age_dist,0,259065,1572864,0.164709
2969809006,gc_victim_age_dist,14,1412250,1572864,0.897884
2971313111,gc_victim_age_dist,13,1302938,1572864,0.828386
2971313111,gc_victim_age_dist,13,1420992,1572864,0.903442
2971313111,gc_victim_age_dist,13,1419281,1572864,0.902355
2971313111,gc_victim_age_dist,13,1408117,1572864,0.895257
2971313111,gc_victim_age_dist,1,1338949,1572864,0.851281
2972955545,gc_victim_age_dist,1,765444,1572864,0.486656
2974529279,gc_victim_age_dist,14,1415794,1572864,0.900138
2974529279,gc_victim_age_dist,1,919154,1572864,0.584382
2974529279,gc_victim_age_dist,1,1115779,1572864,0.709393
2976120833,evict_victim_age_dist,14,1516381,1572864,0.964089
2977569386,gc_victim_age_dist,14,1390822,1572864,0.884261
2977742013,gc_victim_age_dist,13,1399857,1572864,0.890005
2977742013,gc_victim_age_dist,14,1238388,1572864,0.787346
2977742013,gc_victim_age_dist,1,1067734,1572864,0.678847
2977742013,gc_victim_age_dist,1,780139,1572864,0.495999
2978760082,gc_victim_age_dist,13,1263355,1572864,0.803219
2979423037,gc_victim_age_dist,1,1161496,1572864,0.738459
2979423037,gc_victim_age_dist,1,991598,1572864,0.630441
2979423037,gc_victim_age_dist,14,1418293,1572864,0.901726
2979423037,gc_victim_age_dist,1,1150460,1572864,0.731443
2979423037,gc_victim_age_dist,13,1425434,1572864,0.906267
2979423037,gc_victim_age_dist,14,1437222,1572864,0.913761
2981008148,evict_victim_age_dist,14,1544026,1572864,0.981665
2982501548,gc_victim_age_dist,14,1121463,1572864,0.713007
2982589850,gc_victim_age_dist,14,1210422,1572864,0.769566
2982589850,gc_victim_age_dist,14,1255744,1572864,0.798381
2984198162,gc_victim_age_dist,14,1354880,1572864,0.861410
2984198162,gc_victim_age_dist,14,1387902,1572864,0.882404
2984198162,gc_victim_age_dist,14,1370713,1572864,0.871476
2984198162,gc_victim_age_dist,13,1429021,1572864,0.908547
2984198162,gc_victim_age_dist,1,930112,1572864,0.591349
2985527358,gc_victim_age_dist,14,1435452,1572864,0.912636
2985860891,gc_victim_age_dist,1,1143286,1572864,0.726882
2985860891,gc_victim_age_dist,13,1405564,1572864,0.893634
2985860891,gc_victim_age_dist,14,1408235,1572864,0.895332
2985860891,gc_victim_age_dist,14,1330878,1572864,0.846149
2987480134,evict_victim_age_dist,15,1519325,1572864,0.965961
2988945532,gc_victim_age_dist,15,1371290,1572864,0.871843
2989130093,gc_victim_age_dist,12,1383284,1572864,0.879468
2989130093,gc_victim_age_dist,13,1402451,1572864,0.891654
2989130093,gc_victim_age_dist,15,1399628,1572864,0.889860
2989130093,gc_victim_age_dist,1,458757,1572864,0.291670
2989130093,gc_victim_age_dist,1,501850,1572864,0.319068
2989772093,gc_victim_age_dist,15,1432409,1572864,0.910701
2990711143,gc_victim_age_dist,1,388730,1572864,0.247148
2990974382,gc_victim_age_dist,14,1376390,1572864,0.875085
2992306849,gc_victim_age_dist,14,1300120,1572864,0.826594
2993953817,evict_victim_age_dist,13,1405464,1572864,0.893570
2995590225,evict_victim_age_dist,14,1460788,1572864,0.928744
2997066795,gc_victim_age_dist,1,1492988,1572864,0.949216
2997250880,gc_victim_age_dist,14,1366508,1572864,0.868802
2997250880,gc_victim_age_dist,1,999616,1572864,0.635539
2997250880,gc_victim_age_dist,15,1387593,1572864,0.882208
2997250880,gc_victim_age_dist,13,1390260,1572864,0.883904
2997250880,gc_victim_age_dist,14,1416279,1572864,0.900446
2997250880,gc_victim_age_dist,13,1410418,1572864,0.896720
2997250880,gc_victim_age_dist,14,1400651,1572864,0.890510
2997250880,gc_victim_age_dist,14,1433840,1572864,0.911611
2997250880,gc_victim_age_dist,1,405044,1572864,0.257520
2997251136,gc_victim_age_dist,13,1424828,1572864,0.905881
2997251136,gc_victim_age_dist,14,1420935,1572864,0.903406
2997470729,gc_victim_age_dist,13,1432996,1572864,0.911074
2999068607,gc_victim_age_dist,1,252770,1572864,0.160707
2999280811,gc_victim_age_dist,13,1400040,1572864,0.890121
3000526250,gc_victim_age_dist,14,1254739,1572864,0.797742
3000526250,gc_victim_age_dist,13,1429331,1572864,0.908744
3002176010,gc_victim_age_dist,13,1422448,1572864,0.904368
3002176010,gc_victim_age_dist,1,954798,1572864,0.607044
3002176010,gc_victim_age_dist,1,827366,1572864,0.526025
3003553389,evict_victim_age_dist,14,1456977,1572864,0.926321
3004951127,gc_victim_age_dist,1,926088,1572864,0.588791
3005419584,gc_victim_age_dist,13,1423016,1572864,0.904729
3005419584,gc_victim_age_dist,13,1138552,1572864,0.723872
3005419584,gc_victim_age_dist,1,922266,1572864,0.586361
3006792174,evict_victim_age_dist,14,1545204,1572864,0.982414
3008277919,gc_victim_age_dist,14,1353467,1572864,0.860511
3008709107,gc_victim_age_dist,14,1369156,1572864,0.870486
3008709107,gc_victim_age_dist,13,1428227,1572864,0.908042
3008709107,gc_victim_age_dist,13,1428900,1572864,0.908470
3008709107,gc_victim_age_dist,1,1024134,1572864,0.651127
3010306494,gc_victim_age_dist,14,1348856,1572864,0.857580
3010306494,gc_victim_age_dist,1,1022369,1572864,0.650005
3010306494,gc_victim_age_dist,12,1392239,1572864,0.885162
3010306494,gc_victim_age_dist,13,1302723,1572864,0.828249
3010306494,gc_victim_age_dist,1,1008648,1572864,0.641281
3010306494,gc_victim_age_dist,15,1436729,1572864,0.913448
3010306494,gc_victim_age_dist,1,803992,1572864,0.511164
3011273164,gc_victim_age_dist,14,1409055,1572864,0.895853
3012002754,evict_victim_age_dist,14,1569428,1572864,0.997815
3013451509,gc_victim_age_dist,1,85936,1572864,0.054637
3013524175,gc_victim_age_dist,14,1245617,1572864,0.791942
3013608068,gc_victim_age_dist,15,1429691,1572864,0.908973
3015203397,gc_victim_age_dist,14,1414531,1572864,0.899335
3015203397,gc_victim_age_dist,15,1434700,1572864,0.912158
3015203397,gc_victim_age_dist,14,1424354,1572864,0.905580
3015203397,gc_victim_age_dist,1,1110459,1572864,0.706011
3015203397,gc_victim_age_dist,1,910990,1572864,0.579192
3015203397,gc_victim_age_dist,1,725531,1572864,0.461280
3016322306,gc_victim_age_dist,14,1421957,1572864,0.904056
3016811621,gc_victim_age_dist,0,325746,1572864,0.207104
3016811621,gc_victim_age_dist,13,1432561,1572864,0.910798
3016811621,gc_victim_age_dist,1,1004794,1572864,0.638831
3018081797,gc_victim_age_dist,14,1440134,1572864,0.915613
3018494414,gc_victim_age_dist,1,493783,1572864,0.313939
3019235312,evict_victim_age_dist,14,1514104,1572864,0.962641
3020693221,gc_victim_age_dist,14,1409538,1572864,0.896160
3021785407,gc_victim_age_dist,13,1388928,1572864,0.883057
3021785407,gc_victim_age_dist,1,1162974,1572864,0.739399
3021785407,gc_victim_age_dist,14,1384726,1572864,0.880385
3021785407,gc_victim_age_dist,13,1422325,1572864,0.904290
3021785407,gc_victim_age_dist,1,960331,1572864,0.610562
3023428131,gc_victim_age_dist,12,1277775,1572864,0.812387
3023428131,gc_victim_age_dist,12,1387805,1572864,0.882343
3025047515,evict_victim_age_dist,15,1545281,1572864,0.982463
3026518615,gc_victim_age_dist,14,1044083,1572864,0.663810
3026677363,gc_victim_age_dist,14,1423178,1572864,0.904832
3026677363,gc_victim_age_dist,13,1157954,1572864,0.736207
3028385641,gc_victim_age_dist,14,1392282,1572864,0.885189
3028385641,gc_victim_age_dist,13,1425680,1572864,0.906423
3028385641,gc_victim_age_dist,13,1428650,1572864,0.908311
3028385641,gc_victim_age_dist,1,787069,1572864,0.500405
3028385641,gc_victim_age_dist,14,1409928,1572864,0.896408
3028385641,gc_victim_age_dist,1,1052609,1572864,0.669231
3028385641,gc_victim_age_dist,1,984064,1572864,0.625651
3030009207,gc_victim_age_dist,14,1379856,1572864,0.877289
3030056359,gc_victim_age_dist,14,1423975,1572864,0.905339
3030056359,gc_victim_age_dist,14,1433922,1572864,0.911663
3030056359,gc_victim_age_dist,14,1405106,1572864,0.893342
3030056359,gc_victim_age_dist,1,463161,1572864,0.294470
3030392514,gc_victim_age_dist,13,1425234,1572864,0.906139
3031685990,evict_victim_age_dist,13,1477560,1572864,0.939407
3033099992,gc_victim_age_dist,14,1333259,1572864,0.847663
3034957450,evict_victim_age_dist,15,1510765,1572864,0.960519
3036403217,evict_victim_age_dist,14,1523568,1572864,0.968658
3037882043,gc_victim_age_dist,1,1450877,1572864,0.922443
3038200884,gc_victim_age_dist,15,1345518,1572864,0.855457
3038200884,gc_victim_age_dist,14,1376840,1572864,0.875371
3038200884,gc_victim_age_dist,14,1380778,1572864,0.877875
3038200884,gc_victim_age_dist,14,1375529,1572864,0.874538
3038200884,gc_victim_age_dist,13,1403874,1572864,0.892559
3038200884,gc_victim_age_dist,13,1053260,1572864,0.669645
3038200884,gc_victim_age_dist,13,1426331,1572864,0.906837
3038200884,gc_victim_age_dist,14,1434717,1572864,0.912169
3038200884,gc_victim_age_dist,13,1432298,1572864,0.910631
3038201140,gc_victim_age_dist,14,1415854,1572864,0.900176
3039819585,gc_victim_age_dist,14,1384926,1572864,0.880512
3039819585,gc_victim_age_dist,14,1161376,1572864,0.738383
3039819585,gc_victim_age_dist,14,1419906,1572864,0.902752
3041492982,gc_victim_age_dist,15,1422472,1572864,0.904383
3041492982,gc_victim_age_dist,13,1432547,1572864,0.910789
3041492982,gc_victim_age_dist,1,638248,1572864,0.405787
3041492982,gc_victim_age_dist,1,414504,1572864,0.263535
3041492982,gc_victim_age_dist,1,918794,1572864,0.584153
3043043739,evict_victim_age_dist,13,1430204,1572864,0.909299
3044667713,evict_victim_age_dist,14,1572464,1572864,0.999746
3046241689,evict_victim_age_dist,14,1470259,1572864,0.934765
3047644917,evict_victim_age_dist,13,1462946,1572864,0.930116
3049078151,evict_victim_age_dist,15,1501878,1572864,0.954868
3050582923,evict_victim_age_dist,14,1454806,1572864,0.924941
3051987084,evict_victim_age_dist,14,1503119,1572864,0.955657
3053397064,evict_victim_age_dist,13,1508634,1572864,0.959164
3054863660,evict_victim_age_dist,15,1512948,1572864,0.961906
3056353979,evict_victim_age_dist,14,1496182,1572864,0.951247
3057784358,evict_victim_age_dist,12,1393615,1572864,0.886037
3059127997,evict_victim_age_dist,14,1216032,1572864,0.773132
3060321024,evict_victim_age_dist,14,1460614,1572864,0.928633
3061772277,gc_victim_age_dist,1,1485643,1572864,0.944546
3063812295,evict_victim_age_dist,13,1452157,1572864,0.923257
3065214988,evict_victim_age_dist,13,1390970,1572864,0.884355
3066581182,evict_victim_age_dist,13,1468144,1572864,0.933421
3067100443,evict_victim_age_dist,13,1439581,1572864,0.915261
3068489119,gc_victim_age_dist,1,1469568,1572864,0.934326
3068690497,gc_victim_age_dist,14,1107260,1572864,0.703977
3068690497,gc_victim_age_dist,14,780502,1572864,0.496230
3070048828,gc_victim_age_dist,13,1267579,1572864,0.805905
3070271999,gc_victim_age_dist,14,1248307,1572864,0.793652
3070271999,gc_victim_age_dist,14,1245191,1572864,0.791671
3070271999,gc_victim_age_dist,1,415530,1572864,0.264187
3070558069,gc_victim_age_dist,14,1192322,1572864,0.758058
3073475423,evict_victim_age_dist,13,1358061,1572864,0.863432
3074807864,gc_victim_age_dist,1,1466512,1572864,0.932383
3075085316,gc_victim_age_dist,14,1163659,1572864,0.739834
3075085316,gc_victim_age_dist,1,340726,1572864,0.216628
3075299632,gc_victim_age_dist,15,1330965,1572864,0.846205
3076715337,gc_victim_age_dist,14,1247537,1572864,0.793163
3076715337,gc_victim_age_dist,14,1303600,1572864,0.828807
3076715337,gc_victim_age_dist,14,1327816,1572864,0.844203
3078377746,gc_victim_age_dist,13,1356632,1572864,0.862523
3078377746,gc_victim_age_dist,1,865339,1572864,0.550168
3078377746,gc_victim_age_dist,13,1363911,1572864,0.867151
3078377746,gc_victim_age_dist,13,1369814,1572864,0.870904
3078377746,gc_victim_age_dist,15,1337047,1572864,0.850072
3078377746,gc_victim_age_dist,14,1369126,1572864,0.870467
3078377746,gc_victim_age_dist,14,1380148,1572864,0.877474
3078377746,gc_victim_age_dist,14,1339161,1572864,0.851416
3078377746,gc_victim_age_dist,14,1384533,1572864,0.880262
3078378002,gc_victim_age_dist,14,1385858,1572864,0.881105
3079620440,gc_victim_age_dist,1,437876,1572864,0.278394
3079968481,gc_victim_age_dist,0,308032,1572864,0.195841
3080168745,gc_victim_age_dist,1,893519,1572864,0.568084
3081556687,gc_victim_age_dist,13,1387730,1572864,0.882295
3083811166,evict_victim_age_dist,14,1403987,1572864,0.892631
3085829485,gc_victim_age_dist,1,1436883,1572864,0.913546
3086470457,gc_victim_age_dist,14,1272190,1572864,0.808837
3086470457,gc_victim_age_dist,14,1368775,1572864,0.870244
3086470457,gc_victim_age_dist,14,1361436,1572864,0.865578
3088052494,gc_victim_age_dist,13,1368678,1572864,0.870182
3088052494,gc_victim_age_dist,13,1385170,1572864,0.880667
3088052494,gc_victim_age_dist,14,1372732,1572864,0.872760
3088052494,gc_victim_age_dist,1,1126295,1572864,0.716079
3088052494,gc_victim_age_dist,13,1378795,1572864,0.876614
3088052494,gc_victim_age_dist,1,883383,1572864,0.561640
3089150160,gc_victim_age_dist,14,1402040,1572864,0.891393
3089643566,gc_victim_age_dist,13,1388214,1572864,0.882603
3089643566,gc_victim_age_dist,13,1392326,1572864,0.885217
3089643566,gc_victim_age_dist,13,1402370,1572864,0.891603
3089643566,gc_victim_age_dist,13,1406207,1572864,0.894042
3089643566,gc_victim_age_dist,14,1405639,1572864,0.893681
3089643566,gc_victim_age_dist,14,1370121,1572864,0.871099
3089643566,gc_victim_age_dist,15,1394298,1572864,0.886471
3089643566,gc_victim_age_dist,1,876842,1572864,0.557481
3089643822,gc_victim_age_dist,14,1400502,1572864,0.890415
3089687787,gc_victim_age_dist,15,1381956,1572864,0.878624
3091180606,gc_victim_age_dist,14,1089004,1572864,0.692370
3091229701,gc_victim_age_dist,1,814407,1572864,0.517786
3092207381,gc_victim_age_dist,1,735761,1572864,0.467784
3093574323,gc_victim_age_dist,1,454189,1572864,0.288766
3094512217,gc_victim_age_dist,1,753344,1572864,0.478963
3096064505,gc_victim_age_dist,13,1204565,1572864,0.765842
3096134565,gc_victim_age_dist,13,1402571,1572864,0.891731
3096134565,gc_victim_age_dist,14,1399302,1572864,0.889652
3096134565,gc_victim_age_dist,14,1322142,1572864,0.840595
3096134565,gc_victim_age_dist,1,744014,1572864,0.473031
3096134565,gc_victim_age_dist,13,1417271,1572864,0.901077
3096134565,gc_victim_age_dist,14,1394540,1572864,0.886625
3097830594,gc_victim_age_dist,1,931951,1572864,0.592518
3097830594,gc_victim_age_dist,1,1001912,1572864,0.636998
3099562656,gc_victim_age_dist,13,1321027,1572864,0.839886
3099562656,gc_victim_age_dist,14,1411097,1572864,0.897151
3099562656,gc_victim_age_dist,1,622018,1572864,0.395468
3099562656,gc_victim_age_dist,1,676735,1572864,0.430257
3100871737,gc_victim_age_dist,1,897440,1572864,0.570577
3102924027,evict_victim_age_dist,13,1563932,1572864,0.994321
3104423299,evict_victim_age_dist,14,1539804,1572864,0.978981
3105915334,gc_victim_age_dist,1,1362262,1572864,0.866103
3106117189,gc_victim_age_dist,13,1339983,1572864,0.851938
3106117189,gc_victim_age_dist,14,1331233,1572864,0.846375
3106117189,gc_victim_age_dist,13,1353689,1572864,0.860652
3106117189,gc_victim_age_dist,14,1324130,1572864,0.841859
3106117189,gc_victim_age_dist,1,940214,1572864,0.597772
3106117189,gc_victim_age_dist,1,838494,1572864,0.533100
3107730349,gc_victim_age_dist,1,985806,1572864,0.626759
3107730349,gc_victim_age_dist,13,1404432,1572864,0.892914
3109322836,gc_victim_age_dist,1,856736,1572864,0.544698
3109322836,gc_victim_age_dist,1,838828,1572864,0.533312
3109322836,gc_victim_age_dist,1,870518,1572864,0.553460
3110871721,gc_victim_age_dist,1,853447,1572864,0.542607
3110900204,gc_victim_age_dist,15,1396182,1572864,0.887669
3110900204,gc_victim_age_dist,1,966900,1572864,0.614738
3112496578,gc_victim_age_dist,13,1369371,1572864,0.870623
3112496578,gc_victim_age_dist,1,1092780,1572864,0.694771
3112496578,gc_victim_age_dist,14,1394540,1572864,0.886625
3112496578,gc_victim_age_dist,14,1293719,1572864,0.822524
3113882971,gc_victim_age_dist,1,829465,1572864,0.527360
3114121823,gc_victim_age_dist,13,1417742,1572864,0.901376
3114121823,gc_victim_age_dist,1,800560,1572864,0.508982
3115201205,gc_victim_age_dist,14,1306348,1572864,0.830554
3115695432,gc_victim_age_dist,1,807472,1572864,0.513377
3116983742,gc_victim_age_dist,14,1074513,1572864,0.683157
3117284336,gc_victim_age_dist,14,1331246,1572864,0.846383
3118864529,gc_victim_age_dist,14,1120836,1572864,0.712608
3118864529,gc_victim_age_dist,15,1388506,1572864,0.882788
3118864529,gc_victim_age_dist,1,1280456,1572864,0.814092
3118864529,gc_victim_age_dist,1,987256,1572864,0.627680
3118864529,gc_victim_age_dist,14,1414904,1572864,0.899572
3118864529,gc_victim_age_dist,14,1422207,1572864,0.904215
3118864529,gc_victim_age_dist,14,1419900,1572864,0.902748
3120444796,gc_victim_age_dist,1,882020,1572864,0.560773
3120444796,gc_victim_age_dist,14,1244474,1572864,0.791215
3120444796,gc_victim_age_dist,14,1392712,1572864,0.885462
3120444796,gc_victim_age_dist,14,1417024,1572864,0.900920
3120444796,gc_victim_age_dist,15,1418010,1572864,0.901546
3120444796,gc_victim_age_dist,1,495569,1572864,0.315074
3120444796,gc_victim_age_dist,1,939512,1572864,0.597326
3121954933,gc_victim_age_dist,14,1288984,1572864,0.819514
3122086642,gc_victim_age_dist,14,1382084,1572864,0.878705
3122086642,gc_victim_age_dist,15,1415119,1572864,0.899708
3122086642,gc_victim_age_dist,1,860817,1572864,0.547293
3123123628,gc_victim_age_dist,14,1176636,1572864,0.748085
3123123628,gc_victim_age_dist,13,1385520,1572864,0.880890
3123730326,gc_victim_age_dist,1,696740,1572864,0.442975
3123730326,gc_victim_age_dist,1,900265,1572864,0.572373
3123730326,gc_victim_age_dist,1,979347,1572864,0.622652
3124982888,gc_victim_age_dist,1,528880,1572864,0.336253
3125749768,gc_victim_age_dist,14,1366072,1572864,0.868525
3127113866,gc_victim_age_dist,14,1282852,1572864,0.815615
3127113866,gc_victim_age_dist,13,1416351,1572864,0.900492
3127113866,gc_victim_age_dist,1,582391,1572864,0.370274
3127113866,gc_victim_age_dist,13,1229337,1572864,0.781591
3127113866,gc_victim_age_dist,13,1426375,1572864,0.906865
3127113866,gc_victim_age_dist,1,994967,1572864,0.632583
3128777964,gc_victim_age_dist,14,1384701,1572864,0.880369
3128777964,gc_victim_age_dist,13,1291187,1572864,0.820915
3128777964,gc_victim_age_dist,1,1062500,1572864,0.675519
3130352719,gc_victim_age_dist,1,626302,1572864,0.398192
3131415762,gc_victim_age_dist,1,1054421,1572864,0.670383
3131415762,gc_victim_age_dist,1,864626,1572864,0.549714
3131992079,gc_victim_age_dist,14,1426520,1572864,0.906957
3131992079,gc_victim_age_dist,13,1339753,1572864,0.851792
3133631261,gc_victim_age_dist,1,926672,1572864,0.589162
3133631261,gc_victim_age_dist,1,887369,1572864,0.564174
3134831062,gc_victim_age_dist,1,712878,1572864,0.453236
3135277867,gc_victim_age_dist,0,395153,1572864,0.251232
3135505170,gc_victim_age_dist,1,406196,1572864,0.258252
3135763895,gc_victim_age_dist,1,286430,1572864,0.182107
3136024248,gc_victim_age_dist,14,1406909,1572864,0.894489
3138000784,gc_victim_age_dist,13,1426358,1572864,0.906854
3140249842,evict_victim_age_dist,13,1537226,1572864,0.977342
3141719131,gc_victim_age_dist,1,1401518,1572864,0.891061
3141930784,gc_victim_age_dist,13,1402138,1572864,0.891455
3141930784,gc_victim_age_dist,13,1412673,1572864,0.898153
3141930784,gc_victim_age_dist,15,1426537,1572864,0.906968
3141930784,gc_victim_age_dist,1,973356,1572864,0.618843
3143531468,gc_victim_age_dist,14,1170670,1572864,0.744292
3143531468,gc_victim_age_dist,1,1039149,1572864,0.660673
3143531468,gc_victim_age_dist,1,625718,1572864,0.397821
3144826315,gc_victim_age_dist,14,1409832,1572864,0.896347
3145112047,gc_victim_age_dist,14,1425359,1572864,0.906219
3145112047,gc_victim_age_dist,14,1393073,1572864,0.885692
3145112047,gc_victim_age_dist,14,1419578,1572864,0.902543
3145112047,gc_victim_age_dist,13,1424624,1572864,0.905752
3146700982,gc_victim_age_dist,14,1415731,1572864,0.900098
3146700982,gc_victim_age_dist,1,836000,1572864,0.531514
3146700982,gc_victim_age_dist,13,1423206,1572864,0.904850
3146700982,gc_victim_age_dist,14,1418344,1572864,0.901759
3146700982,gc_victim_age_dist,13,1416967,1572864,0.900883
3146700982,gc_victim_age_dist,13,1433783,1572864,0.911575
3146700982,gc_victim_age_dist,1,850302,1572864,0.540607
3148012490,gc_victim_age_dist,14,1315532,1572864,0.836393
3148280319,gc_victim_age_dist,1,1036273,1572864,0.658845
3149854846,gc_victim_age_dist,14,1205029,1572864,0.766137
3149854846,gc_victim_age_dist,14,1240364,1572864,0.788602
3149854846,gc_victim_age_dist,14,1302654,1572864,0.828205
3149854846,gc_victim_age_dist,14,1077003,1572864,0.684740
3151490299,evict_victim_age_dist,15,1568768,1572864,0.997396
3153121601,evict_victim_age_dist,14,1509861,1572864,0.959944
3154606669,gc_victim_age_dist,1,1361754,1572864,0.865780
3154742421,gc_victim_age_dist,13,1398932,1572864,0.889417
3154742421,gc_victim_age_dist,14,1411372,1572864,0.897326
3154742421,gc_victim_age_dist,1,952768,1572864,0.605754
3154742421,gc_victim_age_dist,13,1417244,1572864,0.901059
3154742421,gc_victim_age_dist,13,1422506,1572864,0.904405
3154742421,gc_victim_age_dist,14,1382691,1572864,0.879091
3154742421,gc_victim_age_dist,1,1038719,1572864,0.660400
3155943669,gc_victim_age_dist,13,1408762,1572864,0.895667
3156358468,gc_victim_age_dist,1,914664,1572864,0.581528
3156358468,gc_victim_age_dist,14,1234504,1572864,0.784877
3156358468,gc_victim_age_dist,1,983995,1572864,0.625607
3157942272,gc_victim_age_dist,1,1006823,1572864,0.640121
3157942272,gc_victim_age_dist,1,926789,1572864,0.589237
3159521520,gc_victim_age_dist,1,965988,1572864,0.614159
3159521520,gc_victim_age_dist,14,1439780,1572864,0.915387
3159521520,gc_victim_age_dist,1,832274,1572864,0.529146
3159521520,gc_victim_age_dist,13,1440602,1572864,0.915910
3161134897,gc_victim_age_dist,14,1384242,1572864,0.880077
3161134897,gc_victim_age_dist,14,1371586,1572864,0.872031
3161134897,gc_victim_age_dist,14,1432307,1572864,0.910636
3161134897,gc_victim_age_dist,1,912536,1572864,0.580175
3161134897,gc_victim_age_dist,1,1067691,1572864,0.678820
3161134897,gc_victim_age_dist,1,842288,1572864,0.535512
3161134897,gc_victim_age_dist,1,1065123,1572864,0.677187
3162371889,gc_victim_age_dist,1,946110,1572864,0.601521
3162835884,gc_victim_age_dist,1,1051200,1572864,0.668335
3164331866,gc_victim_age_dist,1,971441,1572864,0.617626
3164331866,gc_victim_age_dist,1,1293989,1572864,0.822696
3164421078,gc_victim_age_dist,14,1444900,1572864,0.918643
3164421078,gc_victim_age_dist,14,1433081,1572864,0.911128
3164421078,gc_victim_age_dist,1,1076197,1572864,0.684228
3165892066,gc_victim_age_dist,13,1436028,1572864,0.913002
3165998828,evict_victim_age_dist,13,1531024,1572864,0.973399
3167468436,gc_victim_age_dist,13,1367945,1572864,0.869716
3167580519,gc_victim_age_dist,14,1427251,1572864,0.907422
3167580519,gc_victim_age_dist,14,1405544,1572864,0.893621
3167580519,gc_victim_age_dist,13,1434649,1572864,0.912125
3167580519,gc_victim_age_dist,14,1423025,1572864,0.904735
3167580519,gc_victim_age_dist,13,1312676,1572864,0.834577
3167580519,gc_victim_age_dist,14,1441522,1572864,0.916495
3169209084,gc_victim_age_dist,14,1389078,1572864,0.883152
3169209084,gc_victim_age_dist,1,333115,1572864,0.211789
3169448405,gc_victim_age_dist,13,1447207,1572864,0.920109
3170816387,evict_victim_age_dist,13,1554664,1572864,0.988429
3172411823,evict_victim_age_dist,14,1513508,1572864,0.962262
3173788816,evict_victim_age_dist,13,1506932,1572864,0.958082
3175229220,evict_victim_age_dist,15,1523276,1572864,0.968473
3176686888,evict_victim_age_dist,13,1563440,1572864,0.994008
3178101525,gc_victim_age_dist,1,1488582,1572864,0.946415
3178742377,gc_victim_age_dist,14,1232464,1572864,0.783580
3178742377,gc_victim_age_dist,14,1306686,1572864,0.830769
3178742377,gc_victim_age_dist,14,1231755,1572864,0.783129
3180322842,gc_victim_age_dist,14,1250722,1572864,0.795188
3180322842,gc_victim_age_dist,14,1140108,1572864,0.724861
3180322842,gc_victim_age_dist,13,1387196,1572864,0.881955
3180322842,gc_victim_age_dist,14,1386837,1572864,0.881727
3180322842,gc_victim_age_dist,13,1373114,1572864,0.873002
3180322842,gc_victim_age_dist,14,1419038,1572864,0.902200
3180322842,gc_victim_age_dist,1,710236,1572864,0.451556
3180410081,gc_victim_age_dist,13,1433455,1572864,0.911366
3180410081,gc_victim_age_dist,13,1425585,1572864,0.906363
3180410081,gc_victim_age_dist,0,362949,1572864,0.230757
3180710736,gc_victim_age_dist,15,1438448,1572864,0.914541
3181928184,gc_victim_age_dist,12,1439643,1572864,0.915300
3181928184,gc_victim_age_dist,13,1421760,1572864,0.903931
3181928184,gc_victim_age_dist,1,611160,1572864,0.388565
3182719293,gc_victim_age_dist,1,970418,1572864,0.616975
3183501166,gc_victim_age_dist,15,1245692,1572864,0.791990
3183501166,gc_victim_age_dist,1,937713,1572864,0.596182
3183501166,gc_victim_age_dist,1,1064554,1572864,0.676825
3185075260,gc_victim_age_dist,1,402366,1572864,0.255817
3185423183,gc_victim_age_dist,14,1400463,1572864,0.890390
3186699137,gc_victim_age_dist,14,1365680,1572864,0.868276
3186699137,gc_victim_age_dist,1,272036,1572864,0.172956
3186893567,gc_victim_age_dist,15,1376748,1572864,0.875313
3188304382,gc_victim_age_dist,15,1375838,1572864,0.874734
3188304382,gc_victim_age_dist,15,1417330,1572864,0.901114
3188304382,gc_victim_age_dist,1,292034,1572864,0.185670
3188304382,gc_victim_age_dist,14,1343350,1572864,0.854079
3188304382,gc_victim_age_dist,1,1099964,1572864,0.699338
3189600048,gc_victim_age_dist,13,1170407,1572864,0.744125
3189950170,gc_victim_age_dist,13,1417980,1572864,0.901527
3191624510,gc_victim_age_dist,14,1438814,1572864,0.914773
3191624510,gc_victim_age_dist,14,1437489,1572864,0.913931
3191624510,gc_victim_age_dist,1,921522,1572864,0.585888
3191624510,gc_victim_age_dist,1,1041672,1572864,0.662277
3191624510,gc_victim_age_dist,13,1444716,1572864,0.918526
3191624510,gc_victim_age_dist,1,953036,1572864,0.605924
3192783278,gc_victim_age_dist,15,1444557,1572864,0.918425
3193207895,gc_victim_age_dist,1,1218580,1572864,0.774752
3193207895,gc_victim_age_dist,14,1441880,1572864,0.916723
3193207895,gc_victim_age_dist,1,1099232,1572864,0.698873
3194783960,gc_victim_age_dist,13,1448178,1572864,0.920727
3194783960,gc_victim_age_dist,14,1264187,1572864,0.803748
3194783960,gc_victim_age_dist,14,1338838,1572864,0.851210
3194783960,gc_victim_age_dist,13,1449055,1572864,0.921284
3194783960,gc_victim_age_dist,13,1437135,1572864,0.913706
3196402899,evict_victim_age_dist,14,1460667,1572864,0.928667
3197800446,gc_victim_age_dist,1,876776,1572864,0.557439
3198082085,gc_victim_age_dist,13,1356608,1572864,0.862508
3198082085,gc_victim_age_dist,1,1003556,1572864,0.638044
3198082085,gc_victim_age_dist,1,1138990,1572864,0.724150
3199658084,gc_victim_age_dist,14,1447219,1572864,0.920117
3199658084,gc_victim_age_dist,1,1159055,1572864,0.736907
3199658084,gc_victim_age_dist,13,1454642,1572864,0.924836
3199658084,gc_victim_age_dist,1,1077680,1572864,0.685170
3199658084,gc_victim_age_dist,15,1446844,1572864,0.919879
3199658084,gc_victim_age_dist,13,1454979,1572864,0.925051
3201260358,gc_victim_age_dist,13,1363124,1572864,0.866651
3201260358,gc_victim_age_dist,13,1440071,1572864,0.915572
3201260358,gc_victim_age_dist,1,752044,1572864,0.478137
3202135033,gc_victim_age_dist,1,1118260,1572864,0.710971
3202135033,gc_victim_age_dist,1,901784,1572864,0.573339
3202835726,gc_victim_age_dist,1,836259,1572864,0.531679
3203913180,gc_victim_age_dist,1,1000674,1572864,0.636211
3204419219,gc_victim_age_dist,1,454774,1572864,0.289138
3204419219,gc_victim_age_dist,1,767278,1572864,0.487822
3206004641,evict_victim_age_dist,13,1508482,1572864,0.959067
3207583385,evict_victim_age_dist,14,1561134,1572864,0.992542
3209073960,evict_victim_age_dist,13,1479326,1572864,0.940530
3210477855,gc_victim_age_dist,1,1479051,1572864,0.940355
3210855549,gc_victim_age_dist,1,107044,1572864,0.068057
3210928054,gc_victim_age_dist,14,1394636,1572864,0.886686
3212479917,gc_victim_age_dist,14,1394684,1572864,0.886716
3212479917,gc_victim_age_dist,14,1425927,1572864,0.906580
3212479917,gc_victim_age_dist,14,1430883,1572864,0.909731
3212479917,gc_victim_age_dist,15,1435723,1572864,0.912808
3214096375,gc_victim_age_dist,13,1439465,1572864,0.915187
3214096375,gc_victim_age_dist,13,1405144,1572864,0.893366
3214096375,gc_victim_age_dist,1,1146833,1572864,0.729137
3215692276,gc_victim_age_dist,1,808966,1572864,0.514327
3215692276,gc_victim_age_dist,1,1008634,1572864,0.641272
3215692276,gc_victim_age_dist,14,1357706,1572864,0.863206
3215692276,gc_victim_age_dist,13,1447473,1572864,0.920279
3215692276,gc_victim_age_dist,13,1446794,1572864,0.919847
3217304242,gc_victim_age_dist,1,475770,1572864,0.302486
3217304242,gc_victim_age_dist,1,395926,1572864,0.251723
3217741577,gc_victim_age_dist,1,644903,1572864,0.410018
3219071562,gc_victim_age_dist,1,712346,1572864,0.452897
3220511487,gc_victim_age_dist,1,531944,1572864,0.338201
3221515185,gc_victim_age_dist,13,1435463,1572864,0.912643
3222224038,evict_victim_age_dist,13,1464407,1572864,0.931045
3223621923,gc_victim_age_dist,14,1370623,1572864,0.871419
3223828560,gc_victim_age_dist,14,1398375,1572864,0.889063
3223828560,gc_victim_age_dist,13,1432272,1572864,0.910614
3223828560,gc_victim_age_dist,13,1445919,1572864,0.919291
3223828560,gc_victim_age_dist,14,1446269,1572864,0.919513
3223828560,gc_victim_age_dist,1,772891,1572864,0.491391
3225382367,gc_victim_age_dist,14,1442174,1572864,0.916910
3225382367,gc_victim_age_dist,14,1444764,1572864,0.918556
3225382367,gc_victim_age_dist,1,1051830,1572864,0.668736
3225382367,gc_victim_age_dist,1,990350,1572864,0.629648
3225382367,gc_victim_age_dist,1,844374,1572864,0.536839
3225509806,gc_victim_age_dist,1,714162,1572864,0.454052
3225509806,gc_victim_age_dist,13,1451722,1572864,0.922980
3225509806,gc_victim_age_dist,1,1088353,1572864,0.691956
3226830326,gc_victim_age_dist,1,350974,1572864,0.223143
3227152402,gc_victim_age_dist,14,1418488,1572864,0.901850
3228854049,evict_victim_age_dist,15,1560262,1572864,0.991988
3230351871,evict_victim_age_dist,13,1560130,1572864,0.991904
3231808518,gc_victim_age_dist,1,1482000,1572864,0.942230
3232126837,gc_victim_age_dist,14,1361088,1572864,0.865356
3232126837,gc_victim_age_dist,14,1334498,1572864,0.848451
3232126837,gc_victim_age_dist,14,1438654,1572864,0.914672
3233650633,gc_victim_age_dist,14,1443217,1572864,0.917573
3233650633,gc_victim_age_dist,1,883284,1572864,0.561577
3233650633,gc_victim_age_dist,1,963312,1572864,0.612457
3233650633,gc_victim_age_dist,15,1445386,1572864,0.918952
3233650633,gc_victim_age_dist,14,1272634,1572864,0.809119
3233650633,gc_victim_age_dist,1,752596,1572864,0.478488
3233824916,gc_victim_age_dist,13,1447884,1572864,0.920540
3233824916,gc_victim_age_dist,14,1352912,1572864,0.860158
3233824916,gc_victim_age_dist,14,1443706,1572864,0.917884
3233824916,gc_victim_age_dist,14,1433812,1572864,0.911593
3235393744,gc_victim_age_dist,14,1422633,1572864,0.904486
3235499222,gc_victim_age_dist,1,890015,1572864,0.565856
3235499222,gc_victim_age_dist,1,1121353,1572864,0.712937
3237089783,gc_victim_age_dist,13,1448254,1572864,0.920775
3237089783,gc_victim_age_dist,1,931197,1572864,0.592039
3237089783,gc_victim_age_dist,14,1438222,1572864,0.914397
3237089783,gc_victim_age_dist,1,938781,1572864,0.596861
3237089783,gc_victim_age_dist,14,1422850,1572864,0.904624
3238701634,evict_victim_age_dist,15,1492453,1572864,0.948876
3240123473,gc_victim_age_dist,14,1347834,1572864,0.856930
3240322112,gc_victim_age_dist,13,1388020,1572864,0.882479
3240322112,gc_victim_age_dist,14,1392924,1572864,0.885597
3240322112,gc_victim_age_dist,13,1408180,1572864,0.895297
3241924925,gc_victim_age_dist,14,1270495,1572864,0.807759
3241924925,gc_victim_age_dist,14,1352434,1572864,0.859854
3241924925,gc_victim_age_dist,1,760373,1572864,0.483432
3241924925,gc_victim_age_dist,1,392176,1572864,0.249339
3242224024,gc_victim_age_dist,1,871444,1572864,0.554049
3243601846,gc_victim_age_dist,14,1277976,1572864,0.812515
3243649888,gc_victim_age_dist,14,1434826,1572864,0.912238
3243649888,gc_victim_age_dist,1,1039470,1572864,0.660877
3245323777,evict_victim_age_dist,15,1453090,1572864,0.923850
3246712081,gc_victim_age_dist,13,1258392,1572864,0.800064
3246948728,gc_victim_age_dist,1,1110881,1572864,0.706279
3246948728,gc_victim_age_dist,14,1444055,1572864,0.918105
3246948728,gc_victim_age_dist,13,1445884,1572864,0.919268
3246948728,gc_victim_age_dist,14,1448549,1572864,0.920963
3246948728,gc_victim_age_dist,14,1450256,1572864,0.922048
3248524374,evict_victim_age_dist,15,1529356,1572864,0.972338
3249989002,gc_victim_age_dist,1,312746,1572864,0.198839
3250193737,gc_victim_age_dist,15,1452462,1572864,0.923450
3251809504,evict_victim_age_dist,14,1562328,1572864,0.993301
3253428304,evict_victim_age_dist,13,1532355,1572864,0.974245
3254882734,evict_victim_age_dist,14,1556806,1572864,0.989791
3256404846,gc_victim_age_dist,1,1477730,1572864,0.939515
3256668363,gc_victim_age_dist,14,1036601,1572864,0.659053
3256668363,gc_victim_age_dist,14,1087799,1572864,0.691604
3256668363,gc_victim_age_dist,13,1350292,1572864,0.858493
3256668363,gc_victim_age_dist,13,1361051,1572864,0.865333
3258263963,gc_victim_age_dist,14,1252334,1572864,0.796213
3258263963,gc_victim_age_dist,14,1246926,1572864,0.792774
3258263963,gc_victim_age_dist,14,1417428,1572864,0.901176
3259859679,gc_victim_age_dist,14,1127145,1572864,0.716619
3259859679,gc_victim_age_dist,14,1341268,1572864,0.852755
3259859679,gc_victim_age_dist,14,1407159,1572864,0.894648
3261451833,gc_victim_age_dist,13,1355669,1572864,0.861911
3261451833,gc_victim_age_dist,14,1366704,1572864,0.868927
3261451833,gc_victim_age_dist,1,419712,1572864,0.266846
3261451833,gc_victim_age_dist,14,1415862,1572864,0.900181
3261451833,gc_victim_age_dist,15,1427782,1572864,0.907759
3261451833,gc_victim_age_dist,14,1428742,1572864,0.908370
3261451833,gc_victim_age_dist,13,1430212,1572864,0.909304
3261451833,gc_victim_age_dist,13,1442796,1572864,0.917305
3261451833,gc_victim_age_dist,0,465128,1572864,0.295720
3261452089,gc_victim_age_dist,14,1435106,1572864,0.912416
3261452089,gc_victim_age_dist,12,1282628,1572864,0.815473
3262534987,gc_victim_age_dist,14,1361621,1572864,0.865695
3263067510,gc_victim_age_dist,1,752973,1572864,0.478727
3264333503,gc_victim_age_dist,1,1023118,1572864,0.650481
3264699264,gc_victim_age_dist,13,1427261,1572864,0.907428
3264699264,gc_victim_age_dist,1,859024,1572864,0.546153
3266276656,gc_victim_age_dist,13,1437110,1572864,0.913690
3266276656,gc_victim_age_dist,14,1407683,1572864,0.894981
3266276656,gc_victim_age_dist,13,1439236,1572864,0.915042
3266276656,gc_victim_age_dist,14,1372162,1572864,0.872397
3267859770,evict_victim_age_dist,15,1570134,1572864,0.998264
3269369675,gc_victim_age_dist,14,1385434,1572864,0.880835
3269468530,gc_victim_age_dist,14,1419038,1572864,0.902200
3269468530,gc_victim_age_dist,14,1420246,1572864,0.902968
3269468530,gc_victim_age_dist,1,551751,1572864,0.350794
3269468530,gc_victim_age_dist,14,1433344,1572864,0.911296
3269468530,gc_victim_age_dist,14,1145404,1572864,0.728228
3270848452,gc_victim_age_dist,14,1393826,1572864,0.886171
3271045205,gc_victim_age_dist,1,244280,1572864,0.155309
3271216443,gc_victim_age_dist,14,1408180,1572864,0.895297
3272619767,evict_victim_age_dist,14,1535728,1572864,0.976390
3274096419,gc_victim_age_dist,14,1300091,1572864,0.826576
3274096419,gc_victim_age_dist,14,1388714,1572864,0.882921
3274251911,gc_victim_age_dist,13,1411233,1572864,0.897238
3274251911,gc_victim_age_dist,13,1438165,1572864,0.914361
3274251911,gc_victim_age_dist,1,240688,1572864,0.153025
3274251911,gc_victim_age_dist,1,786526,1572864,0.500060
3275533308,gc_victim_age_dist,14,1421314,1572864,0.903647
3275908944,gc_victim_age_dist,15,1438692,1572864,0.914696
3277508461,gc_victim_age_dist,14,1442890,1572864,0.917365
3277508461,gc_victim_age_dist,1,992884,1572864,0.631259
3277508461,gc_victim_age_dist,1,947621,1572864,0.602481
3279100431,gc_victim_age_dist,14,1249322,1572864,0.794298
3279100431,gc_victim_age_dist,13,1402028,1572864,0.891385
3279100431,gc_victim_age_dist,13,1422206,1572864,0.904214
3279100431,gc_victim_age_dist,1,772855,1572864,0.491368
3280531135,gc_victim_age_dist,13,1429230,1572864,0.908680
3280766838,gc_victim_age_dist,1,731191,1572864,0.464879
3282170772,evict_victim_age_dist,15,1570619,1572864,0.998573
3283677076,gc_victim_age_dist,13,1424625,1572864,0.905752
3283677076,gc_victim_age_dist,1,989254,1572864,0.628951
3283677076,gc_victim_age_dist,14,1422284,1572864,0.904264
3283677076,gc_victim_age_dist,1,562556,1572864,0.357663
3283677076,gc_victim_age_dist,1,944342,1572864,0.600396
3284164465,gc_victim_age_dist,13,1435401,1572864,0.912603
3284164465,gc_victim_age_dist,1,900515,1572864,0.572532
3284164465,gc_victim_age_dist,14,1443158,1572864,0.917535
3284164465,gc_victim_age_dist,1,929671,1572864,0.591069
3285762815,gc_victim_age_dist,1,487480,1572864,0.309931
3286749185,evict_victim_age_dist,14,1536684,1572864,0.976997
3288957583,evict_victim_age_dist,14,1484888,1572864,0.944066
3290396900,evict_victim_age_dist,14,1560066,1572864,0.991863
3291928177,evict_victim_age_dist,13,1502998,1572864,0.955580
3293375058,evict_victim_age_dist,14,1477682,1572864,0.939485
3294812896,gc_victim_age_dist,1,1487052,1572864,0.945442
3295275900,gc_victim_age_dist,14,1365844,1572864,0.868380
3295275900,gc_victim_age_dist,14,1269632,1572864,0.807210
3295275900,gc_victim_age_dist,1,491312,1572864,0.312368
3295275900,gc_victim_age_dist,14,1378970,1572864,0.876726
3296943957,gc_victim_age_dist,14,1373442,1572864,0.873211
3296943957,gc_victim_age_dist,1,193932,1572864,0.123299
3296943957,gc_victim_age_dist,13,1406380,1572864,0.894152
3298526766,gc_victim_age_dist,13,1351472,1572864,0.859243
3298526766,gc_victim_age_dist,0,328390,1572864,0.208785
3298526766,gc_victim_age_dist,1,905268,1572864,0.575554
3298526766,gc_victim_age_dist,14,1409769,1572864,0.896307
3300124786,gc_victim_age_dist,13,1419158,1572864,0.902276
3300124786,gc_victim_age_dist,14,1363932,1572864,0.867165
3300124786,gc_victim_age_dist,1,900115,1572864,0.572278
3300124786,gc_victim_age_dist,14,1415460,1572864,0.899925
3300124786,gc_victim_age_dist,1,879776,1572864,0.559347
3301230106,evict_victim_age_dist,15,1450432,1572864,0.922160
3302670281,gc_victim_age_dist,14,1319573,1572864,0.838962
3303388542,gc_victim_age_dist,14,1423838,1572864,0.905252
3303388542,gc_victim_age_dist,13,1431741,1572864,0.910276
3303388542,gc_victim_age_dist,14,1415431,1572864,0.899907
3304980312,evict_victim_age_dist,13,1567738,1572864,0.996741
3306563770,evict_victim_age_dist,13,1458652,1572864,0.927386
3307965519,evict_victim_age_dist,13,1525162,1572864,0.969672
3309443410,evict_victim_age_dist,14,1543708,1572864,0.981463
3310944736,gc_victim_age_dist,1,1487260,1572864,0.945574
3311369367,gc_victim_age_dist,14,1296518,1572864,0.824304
3311369367,gc_victim_age_dist,14,1397670,1572864,0.888615
3311369367,gc_victim_age_dist,13,1391116,1572864,0.884448
3311369367,gc_victim_age_dist,14,1414770,1572864,0.899487
3311369367,gc_victim_age_dist,14,1393045,1572864,0.885674
3311369367,gc_victim_age_dist,14,1413080,1572864,0.898412
3311369367,gc_victim_age_dist,1,690805,1572864,0.439202
3311369367,gc_victim_age_dist,14,1411837,1572864,0.897622
3311369367,gc_victim_age_dist,1,923373,1572864,0.587065
3311369367,gc_victim_age_dist,1,913651,1572864,0.580884
3311673254,gc_victim_age_dist,13,1416870,1572864,0.900822
3313013771,gc_victim_age_dist,1,773014,1572864,0.491469
3313013771,gc_victim_age_dist,13,721242,1572864,0.458553
3314019508,gc_victim_age_dist,14,1425166,1572864,0.906096
3314656874,gc_victim_age_dist,12,1420951,1572864,0.903416
3316302393,gc_victim_age_dist,14,1431382,1572864,0.910048
3316302393,gc_victim_age_dist,15,1432016,1572864,0.910451
3316302393,gc_victim_age_dist,1,1025216,1572864,0.651815
3316302393,gc_victim_age_dist,14,1411634,1572864,0.897493
3316302393,gc_victim_age_dist,1,868988,1572864,0.552488
3316302393,gc_victim_age_dist,1,975631,1572864,0.620289
3317524540,gc_victim_age_dist,13,1383472,1572864,0.879588
3317911757,gc_victim_age_dist,13,1409146,1572864,0.895911
3317911757,gc_victim_age_dist,13,1417049,1572864,0.900935
3317911757,gc_victim_age_dist,14,1415745,1572864,0.900106
3317911757,gc_victim_age_dist,14,1430862,1572864,0.909718
3317911757,gc_victim_age_dist,1,971978,1572864,0.617967
3319636066,gc_victim_age_dist,13,1396985,1572864,0.888179
3319636066,gc_victim_age_dist,13,1440455,1572864,0.915817
3319636066,gc_victim_age_dist,14,1385439,1572864,0.880838
3319636066,gc_victim_age_dist,14,1351290,1572864,0.859127
3321268697,gc_victim_age_dist,13,1157984,1572864,0.736226
3321268697,gc_victim_age_dist,1,987302,1572864,0.627710
3321268697,gc_victim_age_dist,12,1437172,1572864,0.913729
3321268697,gc_victim_age_dist,1,1082052,1572864,0.687950
3321268697,gc_victim_age_dist,13,1433884,1572864,0.911639
3321268697,gc_victim_age_dist,1,797114,1572864,0.506791
3322230076,gc_victim_age_dist,14,1423544,1572864,0.905065
3322980380,gc_victim_age_dist,13,1413776,1572864,0.898855
3322980380,gc_victim_age_dist,13,1435944,1572864,0.912949
3324600934,gc_victim_age_dist,14,1349943,1572864,0.858271
3324600934,gc_victim_age_dist,14,1437542,1572864,0.913965
3324600934,gc_victim_age_dist,13,1437242,1572864,0.913774
3324600934,gc_victim_age_dist,1,489894,1572864,0.311466
3325261939,gc_victim_age_dist,1,731840,1572864,0.465291
3326298877,gc_victim_age_dist,1,824433,1572864,0.524160
3327983117,gc_victim_age_dist,14,1424969,1572864,0.905971
3328010010,gc_victim_age_dist,1,925712,1572864,0.588552
3328010010,gc_victim_age_dist,1,752842,1572864,0.478644
3328010010,gc_victim_age_dist,1,791685,1572864,0.503340
3328010010,gc_victim_age_dist,1,954571,1572864,0.606900
3329628967,gc_victim_age_dist,14,1432042,1572864,0.910468
3329628967,gc_victim_age_dist,13,926257,1572864,0.588898
3331223186,evict_victim_age_dist,13,1563616,1572864,0.994120
3332709680,gc_victim_age_dist,13,1021400,1572864,0.649389
3333491115,gc_victim_age_dist,13,1334184,1572864,0.848251
3333491115,gc_victim_age_dist,13,1437272,1572864,0.913793
3333491115,gc_victim_age_dist,1,1024959,1572864,0.651651
3333491115,gc_victim_age_dist,13,1437756,1572864,0.914101
3333491115,gc_victim_age_dist,14,1429013,1572864,0.908542
3333491115,gc_victim_age_dist,14,1170826,1572864,0.744391
3333491115,gc_victim_age_dist,1,1209762,1572864,0.769146
3333491371,gc_victim_age_dist,15,1439144,1572864,0.914983
3333491371,gc_victim_age_dist,1,981965,1572864,0.624317
3333491371,gc_victim_age_dist,15,1451595,1572864,0.922899
3334523700,gc_victim_age_dist,1,1135355,1572864,0.721839
3334523700,gc_victim_age_dist,0,337923,1572864,0.214846
3334523700,gc_victim_age_dist,1,1191701,1572864,0.757663
3334523700,gc_victim_age_dist,1,912012,1572864,0.579842
3335672355,gc_victim_age_dist,1,886276,1572864,0.563479
3336128767,gc_victim_age_dist,1,964580,1572864,0.613263
3337361875,evict_victim_age_dist,14,1553476,1572864,0.987673
3338831944,gc_victim_age_dist,14,1169066,1572864,0.743272
3339336779,gc_victim_age_dist,1,455180,1572864,0.289396
3339575292,gc_victim_age_dist,13,1449664,1572864,0.921672
3340935992,gc_victim_age_dist,14,1414894,1572864,0.899565
3340935992,gc_victim_age_dist,14,1441088,1572864,0.916219
3340935992,gc_victim_age_dist,1,827021,1572864,0.525806
3340935992,gc_victim_age_dist,14,1400291,1572864,0.890281
3342579790,gc_victim_age_dist,14,1439374,1572864,0.915129
3342579790,gc_victim_age_dist,13,1453237,1572864,0.923943
3342579790,gc_victim_age_dist,13,992985,1572864,0.631323
3342579790,gc_victim_age_dist,1,875220,1572864,0.556450
3344160640,evict_victim_age_dist,14,1572502,1572864,0.999770
3345786886,evict_victim_age_dist,15,1572856,1572864,0.999995
3347286464,gc_victim_age_dist,1,1461130,1572864,0.928961
3347496547,gc_victim_age_dist,1,1035552,1572864,0.658386
3349292953,gc_victim_age_dist,1,231007,1572864,0.146870
3349434065,gc_victim_age_dist,14,1450628,1572864,0.922284
3350917576,gc_victim_age_dist,14,1422762,1572864,0.904568
3350917576,gc_victim_age_dist,14,1424727,1572864,0.905817
3350917576,gc_victim_age_dist,13,1436617,1572864,0.913376
3350917576,gc_victim_age_dist,1,811044,1572864,0.515648
3350917576,gc_victim_age_dist,13,1438572,1572864,0.914619
3350917576,gc_victim_age_dist,14,1444483,1572864,0.918378
3350917576,gc_victim_age_dist,1,1001349,1572864,0.636641
3350917576,gc_victim_age_dist,13,1454603,1572864,0.924812
3350917576,gc_victim_age_dist,14,1452840,1572864,0.923691
3350917576,gc_victim_age_dist,1,1214074,1572864,0.771887
3352522081,gc_victim_age_dist,14,1381814,1572864,0.878534
3352522081,gc_victim_age_dist,14,1145336,1572864,0.728185
3352522081,gc_victim_age_dist,13,1446271,1572864,0.919514
3352522081,gc_victim_age_dist,14,1441448,1572864,0.916448
3352522081,gc_victim_age_dist,14,1404069,1572864,0.892683
3352522081,gc_victim_age_dist,1,1069028,1572864,0.679670
3354115927,evict_victim_age_dist,14,1486556,1572864,0.945127
3355699361,evict_victim_age_dist,14,1522768,1572864,0.968150
3357198412,evict_victim_age_dist,15,1508119,1572864,0.958836
3358661317,evict_victim_age_dist,14,1527930,1572864,0.971432
3360117884,gc_victim_age_dist,1,1413743,1572864,0.898834
3360537101,gc_victim_age_dist,14,1094890,1572864,0.696112
3360537101,gc_victim_age_dist,14,1389684,1572864,0.883537
3360537101,gc_victim_age_dist,13,1392693,1572864,0.885450
3360537101,gc_victim_age_dist,14,1404712,1572864,0.893092
3360537101,gc_victim_age_dist,14,1405299,1572864,0.893465
3362191184,gc_victim_age_dist,14,1368820,1572864,0.870272
3362191184,gc_victim_age_dist,14,1122036,1572864,0.713371
3362191184,gc_victim_age_dist,14,1410142,1572864,0.896544
3363912558,gc_victim_age_dist,14,1402470,1572864,0.891666
3363912558,gc_victim_age_dist,14,1412270,1572864,0.897897
3363912558,gc_victim_age_dist,14,1420996,1572864,0.903445
3363912558,gc_victim_age_dist,1,331930,1572864,0.211035
3364106699,gc_victim_age_dist,13,1414768,1572864,0.899485
3365499252,gc_victim_age_dist,13,1377256,1572864,0.875636
3365499252,gc_victim_age_dist,13,1412807,1572864,0.898238
3367140370,gc_victim_age_dist,14,1423022,1572864,0.904733
3367140370,gc_victim_age_dist,14,1429291,1572864,0.908719
3367140370,gc_victim_age_dist,1,893821,1572864,0.568276
3367140370,gc_victim_age_dist,1,822046,1572864,0.522643
3367140370,gc_victim_age_dist,14,1433084,1572864,0.911130
3367140370,gc_victim_age_dist,14,1433287,1572864,0.911259
3367140370,gc_victim_age_dist,1,247256,1572864,0.157201
3367338998,gc_victim_age_dist,1,917552,1572864,0.583364
3368554057,gc_victim_age_dist,14,1403042,1572864,0.892030
3370433384,evict_victim_age_dist,14,1478532,1572864,0.940025
3371861985,gc_victim_age_dist,1,1493872,1572864,0.949778
3372059333,gc_victim_age_dist,13,1293700,1572864,0.822512
3372059333,gc_victim_age_dist,13,1314451,1572864,0.835705
3372059333,gc_victim_age_dist,14,1367979,1572864,0.869738
3372059333,gc_victim_age_dist,1,881104,1572864,0.560191
3372059333,gc_victim_age_dist,1,1032002,1572864,0.656129
3373466053,gc_victim_age_dist,13,1414518,1572864,0.899326
3373647466,gc_victim_age_dist,14,1365160,1572864,0.867945
3373647466,gc_victim_age_dist,14,1290191,1572864,0.820281
3373647466,gc_victim_age_dist,1,906779,1572864,0.576515
3375090779,gc_victim_age_dist,14,1427192,1572864,0.907384
3375233776,gc_victim_age_dist,14,1345568,1572864,0.855489
3376903903,evict_victim_age_dist,14,1509563,1572864,0.959754
3377421946,gc_victim_age_dist,13,1408701,1572864,0.895628
3377421946,gc_victim_age_dist,13,1416139,1572864,0.900357
3377421946,gc_victim_age_dist,14,1381694,1572864,0.878457
3377421946,gc_victim_age_dist,14,1426478,1572864,0.906930
3377421946,gc_victim_age_dist,13,1380684,1572864,0.877815
3377421946,gc_victim_age_dist,14,1429632,1572864,0.908936
3377421946,gc_victim_age_dist,13,1440823,1572864,0.916051
3377421946,gc_victim_age_dist,15,1446278,1572864,0.919519
3377421946,gc_victim_age_dist,1,574124,1572864,0.365018
3377421946,gc_victim_age_dist,13,1358018,1572864,0.863405
3377422202,gc_victim_age_dist,13,1440945,1572864,0.916128
3378415352,gc_victim_age_dist,14,1448405,1572864,0.920871
3378524737,evict_victim_age_dist,13,1486017,1572864,0.944784
3379939056,gc_victim_age_dist,14,1387418,1572864,0.882097
3380177836,gc_victim_age_dist,1,1051126,1572864,0.668288
3380177836,gc_victim_age_dist,1,996674,1572864,0.633668
3380177836,gc_victim_age_dist,1,635063,1572864,0.403762
3381096590,gc_victim_age_dist,1,973226,1572864,0.618760
3382680176,evict_victim_age_dist,14,1529172,1572864,0.972221
3384148279,evict_victim_age_dist,13,1505878,1572864,0.957411
3385589048,gc_victim_age_dist,1,1435274,1572864,0.912523
3386773730,gc_victim_age_dist,15,1327579,1572864,0.844052
3386773730,gc_victim_age_dist,0,237114,1572864,0.150753
3386900834,gc_victim_age_dist,14,1372762,1572864,0.872779
3389156129,gc_victim_age_dist,13,1422604,1572864,0.904467
3390010862,gc_victim_age_dist,14,1408784,1572864,0.895681
3390010862,gc_victim_age_dist,14,1344197,1572864,0.854617
3390010862,gc_victim_age_dist,1,887013,1572864,0.563948
3390010862,gc_victim_age_dist,14,1337405,1572864,0.850299
3390010862,gc_victim_age_dist,14,1433210,1572864,0.911210
3390010862,gc_victim_age_dist,13,1180720,1572864,0.750682
3391617147,evict_victim_age_dist,14,1462811,1572864,0.930030
3393023937,gc_victim_age_dist,13,1240300,1572864,0.788562
3393229918,gc_victim_age_dist,13,1423103,1572864,0.904785
3393229918,gc_victim_age_dist,14,1349414,1572864,0.857934
3394882472,gc_victim_age_dist,14,1431793,1572864,0.910309
3394882472,gc_victim_age_dist,15,1431023,1572864,0.909820
3394882472,gc_victim_age_dist,14,1382044,1572864,0.878680
3394882472,gc_victim_age_dist,13,1435261,1572864,0.912514
3394882472,gc_victim_age_dist,13,1427959,1572864,0.907872
3394882472,gc_victim_age_dist,14,1440730,1572864,0.915991
3394882472,gc_victim_age_dist,1,837428,1572864,0.532422
3394882472,gc_victim_age_dist,14,1430355,1572864,0.909395
3394882728,gc_victim_age_dist,1,805454,1572864,0.512094
3394882728,gc_victim_age_dist,14,1297290,1572864,0.824795
3395648698,gc_victim_age_dist,14,1382146,1572864,0.878745
3396501509,gc_victim_age_dist,1,790862,1572864,0.502817
3398073671,evict_victim_age_dist,13,1494099,1572864,0.949923
3399520220,gc_victim_age_dist,13,1321146,1572864,0.839962
3399769090,gc_victim_age_dist,14,1379578,1572864,0.877112
3401450990,gc_victim_age_dist,15,1368285,1572864,0.869932
3401450990,gc_victim_age_dist,14,1404662,1572864,0.893060
3401450990,gc_victim_age_dist,14,1415807,1572864,0.900146
3401450990,gc_victim_age_dist,14,1274185,1572864,0.810105
3401450990,gc_victim_age_dist,14,1412766,1572864,0.898212
3401450990,gc_victim_age_dist,14,1432987,1572864,0.911069
3401450990,gc_victim_age_dist,13,1386616,1572864,0.881587
3401450990,gc_victim_age_dist,1,627745,1572864,0.399110
3401450990,gc_victim_age_dist,13,1435534,1572864,0.912688
3401450990,gc_victim_age_dist,14,1429837,1572864,0.909066
3401450990,gc_victim_age_dist,13,1202071,1572864,0.764256
3403124556,evict_victim_age_dist,14,1541152,1572864,0.979838
3404764691,evict_victim_age_dist,15,1450027,1572864,0.921902
3406160948,gc_victim_age_dist,1,1458840,1572864,0.927505
3406402538,gc_victim_age_dist,1,776412,1572864,0.493629
3406402538,gc_victim_age_dist,14,1357856,1572864,0.863302
3408049473,gc_victim_age_dist,14,1316247,1572864,0.836847
3408049473,gc_victim_age_dist,1,736826,1572864,0.468461
3408049473,gc_victim_age_dist,13,1396158,1572864,0.887653
3408049473,gc_victim_age_dist,14,1407290,1572864,0.894731
3408049473,gc_victim_age_dist,14,1416924,1572864,0.900856
3409748367,gc_victim_age_dist,14,1410753,1572864,0.896933
3409748367,gc_victim_age_dist,13,1425461,1572864,0.906284
3409748367,gc_victim_age_dist,14,1419973,1572864,0.902795
3409748367,gc_victim_age_dist,14,1418680,1572864,0.901972
3409748367,gc_victim_age_dist,1,854687,1572864,0.543395
3411065737,evict_victim_age_dist,15,1472329,1572864,0.936082
3412477430,gc_victim_age_dist,14,1405800,1572864,0.893784
3412954762,gc_victim_age_dist,14,1420970,1572864,0.903428
3412954762,gc_victim_age_dist,14,1396202,1572864,0.887681
3412954762,gc_victim_age_dist,14,1260810,1572864,0.801601
3412954762,gc_victim_age_dist,13,1436290,1572864,0.913169
3412954762,gc_victim_age_dist,1,828674,1572864,0.526857
3414278678,gc_victim_age_dist,14,1370609,1572864,0.871410
3414584007,gc_victim_age_dist,13,1386198,1572864,0.881321
3414584007,gc_victim_age_dist,13,1411922,1572864,0.897676
3414584007,gc_victim_age_dist,1,959969,1572864,0.610332
3414584007,gc_victim_age_dist,1,926833,1572864,0.589265
3416235528,evict_victim_age_dist,13,1470914,1572864,0.935182
3416759365,gc_victim_age_dist,14,1309654,1572864,0.832656
3417945960,gc_victim_age_dist,14,1428410,1572864,0.908159
3417945960,gc_victim_age_dist,1,549697,1572864,0.349488
3417945960,gc_victim_age_dist,1,902043,1572864,0.573503
3417945960,gc_victim_age_dist,14,1438414,1572864,0.914519
3417945960,gc_victim_age_dist,14,1439500,1572864,0.915209
3417945960,gc_victim_age_dist,1,1048339,1572864,0.666516
3417945960,gc_victim_age_dist,13,1440605,1572864,0.915912
3417945960,gc_victim_age_dist,13,1442878,1572864,0.917357
3419600569,gc_victim_age_dist,14,1164934,1572864,0.740645
3419600569,gc_victim_age_dist,1,953766,1572864,0.606388
3419600569,gc_victim_age_dist,1,1089621,1572864,0.692762
3419600569,gc_victim_age_dist,13,1446140,1572864,0.919431
3421218842,evict_victim_age_dist,15,1506500,1572864,0.957807
3422662993,gc_victim_age_dist,14,1251439,1572864,0.795643
3422662993,gc_victim_age_dist,14,1322069,1572864,0.840549
3422662993,gc_victim_age_dist,14,1412829,1572864,0.898252
3422662993,gc_victim_age_dist,13,1378732,1572864,0.876574
3422805947,gc_victim_age_dist,13,1357308,1572864,0.862953
3422805947,gc_victim_age_dist,13,1424837,1572864,0.905887
3422805947,gc_victim_age_dist,1,1181547,1572864,0.751207
3422805947,gc_victim_age_dist,1,1095300,1572864,0.696373
3422805947,gc_victim_age_dist,14,1434626,1572864,0.912111
3424384511,gc_victim_age_dist,14,1324921,1572864,0.842362
3424391071,gc_victim_age_dist,13,1403748,1572864,0.892479
3424391071,gc_victim_age_dist,13,1422198,1572864,0.904209
3424391071,gc_victim_age_dist,14,1423226,1572864,0.904863
3424391071,gc_victim_age_dist,1,920740,1572864,0.585391
3425856708,gc_victim_age_dist,14,1365426,1572864,0.868114
3425970606,gc_victim_age_dist,14,1432619,1572864,0.910835
3425970606,gc_victim_age_dist,14,1429899,1572864,0.909105
3425970606,gc_victim_age_dist,1,838605,1572864,0.533171
3425970606,gc_victim_age_dist,13,1202238,1572864,0.764362
3425970606,gc_victim_age_dist,0,301735,1572864,0.191838
3426262864,gc_victim_age_dist,13,1423624,1572864,0.905116
3427579884,gc_victim_age_dist,14,1368358,1572864,0.869979
3427579884,gc_victim_age_dist,13,1398877,1572864,0.889382
3429230039,evict_victim_age_dist,14,1507032,1572864,0.958145
3430671817,gc_victim_age_dist,14,1397791,1572864,0.888692
3430671817,gc_victim_age_dist,14,1139704,1572864,0.724604
3430905555,gc_victim_age_dist,13,1412682,1572864,0.898159
3430905555,gc_victim_age_dist,1,950114,1572864,0.604066
3430905555,gc_victim_age_dist,14,1417997,1572864,0.901538
3430905555,gc_victim_age_dist,14,1162517,1572864,0.739108
3432492621,gc_victim_age_dist,1,813991,1572864,0.517522
3432492621,gc_victim_age_dist,14,1415554,1572864,0.899985
3432492621,gc_victim_age_dist,13,1418650,1572864,0.901953
3432492621,gc_victim_age_dist,1,885478,1572864,0.562972
3433848675,evict_victim_age_dist,14,1524364,1572864,0.969165
3435321201,gc_victim_age_dist,13,1416114,1572864,0.900341
3435727821,evict_victim_age_dist,14,1494021,1572864,0.949873
3437151236,gc_victim_age_dist,14,1395516,1572864,0.887245
3438906002,evict_victim_age_dist,14,1448136,1572864,0.920700
3440294206,evict_victim_age_dist,14,1457578,1572864,0.926703
3441713611,gc_victim_age_dist,1,1490128,1572864,0.947398
3442134462,gc_victim_age_dist,1,757405,1572864,0.481545
3442134462,gc_victim_age_dist,13,1416256,1572864,0.900431
3442134462,gc_victim_age_dist,1,815761,1572864,0.518647
3443401452,gc_victim_age_dist,14,1383632,1572864,0.879690
3443729894,gc_victim_age_dist,14,1124079,1572864,0.714670
3443729894,gc_victim_age_dist,1,1080680,1572864,0.687078
3443729894,gc_victim_age_dist,13,1416864,1572864,0.900818
3443729894,gc_victim_age_dist,1,518302,1572864,0.329528
3444402533,gc_victim_age_dist,14,1323013,1572864,0.841149
3445311175,gc_victim_age_dist,14,1376536,1572864,0.875178
3445311175,gc_victim_age_dist,14,1410880,1572864,0.897013
3445311175,gc_victim_age_dist,13,1415349,1572864,0.899855
3445311175,gc_victim_age_dist,14,1425422,1572864,0.906259
3445311175,gc_victim_age_dist,14,1426441,1572864,0.906907
3445311175,gc_victim_age_dist,1,1098824,1572864,0.698613
3447028684,gc_victim_age_dist,14,1407217,1572864,0.894684
3447065990,gc_victim_age_dist,14,1426645,1572864,0.907036
3447065990,gc_victim_age_dist,14,1430772,1572864,0.909660
3447065990,gc_victim_age_dist,14,1424089,1572864,0.905411
3447065990,gc_victim_age_dist,1,944880,1572864,0.600739
3448717692,evict_victim_age_dist,13,1486622,1572864,0.945169
3450340049,evict_victim_age_dist,13,1441695,1572864,0.916605
3451720077,gc_victim_age_dist,1,1488932,1572864,0.946637
3452048983,gc_victim_age_dist,14,1395190,1572864,0.887038
3452048983,gc_victim_age_dist,1,528418,1572864,0.335959
3452048983,gc_victim_age_dist,14,1427343,1572864,0.907480
3452048983,gc_victim_age_dist,14,1191101,1572864,0.757282
3453713118,gc_victim_age_dist,14,1350712,1572864,0.858760
3453713118,gc_victim_age_dist,1,859593,1572864,0.546515
3453713118,gc_victim_age_dist,13,1428284,1572864,0.908079
3453713118,gc_victim_age_dist,1,784883,1572864,0.499015
3454701267,gc_victim_age_dist,13,1421948,1572864,0.904050
3455298753,gc_victim_age_dist,13,1431445,1572864,0.910088
3455298753,gc_victim_age_dist,1,853475,1572864,0.542625
3456379628,gc_victim_age_dist,14,1403143,1572864,0.892094
3456881026,gc_victim_age_dist,14,1395405,1572864,0.887175
3456881026,gc_victim_age_dist,13,1433980,1572864,0.911700
3456881026,gc_victim_age_dist,1,1105196,1572864,0.702665
3456881026,gc_victim_age_dist,1,974255,1572864,0.619415
3458198286,evict_victim_age_dist,14,1569607,1572864,0.997929
3459698783,gc_victim_age_dist,14,1419424,1572864,0.902445
3460099750,gc_victim_age_dist,14,1424498,1572864,0.905671
3460099750,gc_victim_age_dist,1,836163,1572864,0.531618
3461455878,gc_victim_age_dist,13,1432699,1572864,0.910885
3461699836,gc_victim_age_dist,13,1436888,1572864,0.913549
3461699836,gc_victim_age_dist,13,1428923,1572864,0.908485
3461699836,gc_victim_age_dist,14,1429906,1572864,0.909110
3461699836,gc_victim_age_dist,14,1357662,1572864,0.863178
3461699836,gc_victim_age_dist,1,1076220,1572864,0.684242
3463275027,gc_victim_age_dist,14,1314271,1572864,0.835591
3463275027,gc_victim_age_dist,14,1366751,1572864,0.868957
3463275027,gc_victim_age_dist,1,807118,1572864,0.513152
3463275027,gc_victim_age_dist,1,970240,1572864,0.616862
3464855438,evict_victim_age_dist,13,1550048,1572864,0.985494
3466334229,gc_victim_age_dist,1,667110,1572864,0.424137
3466430059,gc_victim_age_dist,1,798167,1572864,0.507461
3467578648,gc_victim_age_dist,1,743003,1572864,0.472389
3468004178,gc_victim_age_dist,14,1422961,1572864,0.904694
3468004178,gc_victim_age_dist,1,826037,1572864,0.525180
3469124358,gc_victim_age_dist,13,1425234,1572864,0.906139
3469642727,gc_victim_age_dist,1,757501,1572864,0.481606
3469642727,gc_victim_age_dist,1,779999,1572864,0.495910
3470636932,gc_victim_age_dist,13,1362254,1572864,0.866098
3470658703,gc_victim_age_dist,1,861365,1572864,0.547641
3471399787,gc_victim_age_dist,1,757256,1572864,0.481450
3471399787,gc_victim_age_dist,13,1425218,1572864,0.906129
3473132971,evict_victim_age_dist,15,1492307,1572864,0.948783
3474571614,gc_victim_age_dist,14,1280914,1572864,0.814383
3474742395,gc_victim_age_dist,13,1413234,1572864,0.898510
3474742395,gc_victim_age_dist,14,1404624,1572864,0.893036
3474742395,gc_victim_age_dist,13,1431074,1572864,0.909852
3474742395,gc_victim_age_dist,1,656650,1572864,0.417487
3474742395,gc_victim_age_dist,1,868292,1572864,0.552045
3475942424,gc_victim_age_dist,1,729524,1572864,0.463819
3477222010,gc_victim_age_dist,1,1135456,1572864,0.721903
3477985064,evict_victim_age_dist,13,1519890,1572864,0.966320
3479431092,gc_victim_age_dist,1,855703,1572864,0.544041
3481180445,gc_victim_age_dist,15,1398662,1572864,0.889245
3481364706,gc_victim_age_dist,0,338179,1572864,0.215008
3481364706,gc_victim_age_dist,13,1425032,1572864,0.906011
3481364706,gc_victim_age_dist,14,1351525,1572864,0.859276
3481364706,gc_victim_age_dist,13,1434870,1572864,0.912266
3483017756,gc_victim_age_dist,14,1430779,1572864,0.909665
3483017756,gc_victim_age_dist,1,934632,1572864,0.594223
3483017756,gc_victim_age_dist,1,851275,1572864,0.541226
3483017756,gc_victim_age_dist,1,899662,1572864,0.571990
3484115270,gc_victim_age_dist,1,1051548,1572864,0.668556
3484628898,gc_victim_age_dist,1,850201,1572864,0.540543
3485848576,gc_victim_age_dist,1,669656,1572864,0.425756
3486269037,evict_victim_age_dist,13,1535266,1572864,0.976096
3487724198,gc_victim_age_dist,14,1417161,1572864,0.901007
3488007072,gc_victim_age_dist,1,879650,1572864,0.559266
3489247655,gc_victim_age_dist,14,1423882,1572864,0.905280
3489681680,gc_victim_age_dist,1,938572,1572864,0.596728
3489681680,gc_victim_age_dist,13,1439215,1572864,0.915028
3489681680,gc_victim_age_dist,13,1434043,1572864,0.911740
3489681680,gc_victim_age_dist,1,737131,1572864,0.468655
3490558628,gc_victim_age_dist,15,1355911,1572864,0.862065
3491307844,gc_victim_age_dist,13,1432198,1572864,0.910567
3491307844,gc_victim_age_dist,13,1397227,1572864,0.888333
3491307844,gc_victim_age_dist,14,1433828,1572864,0.911603
3491307844,gc_victim_age_dist,14,1418075,1572864,0.901588
3491307844,gc_victim_age_dist,13,1086070,1572864,0.690505
3491307844,gc_victim_age_dist,1,858488,1572864,0.545812
3491307844,gc_victim_age_dist,14,1217366,1572864,0.773980
3491307844,gc_victim_age_dist,14,1412365,1572864,0.897957
3492864590,evict_victim_age_dist,14,1475432,1572864,0.938054
3494287308,gc_victim_age_dist,13,1421682,1572864,0.903881
3494559985,gc_victim_age_dist,13,1436321,1572864,0.913188
3494559985,gc_victim_age_dist,1,1020941,1572864,0.649097
3494559985,gc_victim_age_dist,1,556660,1572864,0.353915
3495476711,gc_victim_age_dist,14,1315268,1572864,0.836225
3497388884,gc_victim_age_dist,14,1419278,1572864,0.902353
3498006363,gc_victim_age_dist,13,1432245,1572864,0.910597
3498006363,gc_victim_age_dist,15,1434862,1572864,0.912261
3498006363,gc_victim_age_dist,13,1437808,1572864,0.914134
3498006363,gc_victim_age_dist,14,1434476,1572864,0.912015
3498006363,gc_victim_age_dist,13,1438332,1572864,0.914467
3498006363,gc_victim_age_dist,14,1430694,1572864,0.909611
3498006363,gc_victim_age_dist,1,1073022,1572864,0.682209
3498006618,gc_victim_age_dist,1,772463,1572864,0.491119
3498006618,gc_victim_age_dist,1,909872,1572864,0.578481
3498006618,gc_victim_age_dist,13,1408805,1572864,0.895694
3498171946,gc_victim_age_dist,14,1441585,1572864,0.916535
3498171946,gc_victim_age_dist,1,1093416,1572864,0.695175
3499444109,evict_victim_age_dist,15,1546805,1572864,0.983432
3500913551,gc_victim_age_dist,12,1348916,1572864,0.857618
3501345507,gc_victim_age_dist,1,699161,1572864,0.444515
3502357681,gc_victim_age_dist,13,1394522,1572864,0.886613
3502946478,gc_victim_age_dist,13,1398630,1572864,0.889225
3502946478,gc_victim_age_dist,14,1420326,1572864,0.903019
3502946478,gc_victim_age_dist,13,1427793,1572864,0.907766
3502946478,gc_victim_age_dist,13,1418285,1572864,0.901721
3502946478,gc_victim_age_dist,1,294848,1572864,0.187459
3502946478,gc_victim_age_dist,13,1424698,1572864,0.905799
3504526928,gc_victim_age_dist,14,1233138,1572864,0.784008
3504526928,gc_victim_age_dist,14,1425156,1572864,0.906090
3504526928,gc_victim_age_dist,1,659171,1572864,0.419090
3504526928,gc_victim_age_dist,13,1437089,1572864,0.913677
3506123984,gc_victim_age_dist,14,1414459,1572864,0.899289
3506123984,gc_victim_age_dist,14,1437011,1572864,0.913627
3507769454,evict_victim_age_dist,14,1432386,1572864,0.910686
3509520762,evict_victim_age_dist,13,1548190,1572864,0.984313
3510997188,evict_victim_age_dist,13,1481598,1572864,0.941975
3512373586,gc_victim_age_dist,1,1472248,1572864,0.936030
3512823509,gc_victim_age_dist,14,1397878,1572864,0.888747
3512823509,gc_victim_age_dist,13,1377549,1572864,0.875822
3512823509,gc_victim_age_dist,14,1398482,1572864,0.889131
3512823509,gc_victim_age_dist,14,1434392,1572864,0.911962
3512823509,gc_victim_age_dist,14,1438816,1572864,0.914775
3512823509,gc_victim_age_dist,0,266356,1572864,0.169345
3512823509,gc_victim_age_dist,14,1439500,1572864,0.915209
3512823509,gc_victim_age_dist,1,897388,1572864,0.570544
3514427730,gc_victim_age_dist,1,852302,1572864,0.541879
3514427730,gc_victim_age_dist,14,1442451,1572864,0.917086
3514427730,gc_victim_age_dist,1,760593,1572864,0.483572
3515691902,gc_victim_age_dist,1,976572,1572864,0.620888
3517271835,gc_victim_age_dist,15,1411680,1572864,0.897522
3517271835,gc_victim_age_dist,1,908433,1572864,0.577566
3517271835,gc_victim_age_dist,13,1372835,1572864,0.872825
3517992677,gc_victim_age_dist,1,1063401,1572864,0.676092
3517992677,gc_victim_age_dist,13,1438685,1572864,0.914691
3517992677,gc_victim_age_dist,14,1446790,1572864,0.919844
3517992677,gc_victim_age_dist,1,372550,1572864,0.236861
3518288311,gc_victim_age_dist,1,963243,1572864,0.612413
3519982786,gc_victim_age_dist,14,1393570,1572864,0.886008
3521249268,gc_victim_age_dist,14,1342525,1572864,0.853554
3521249268,gc_victim_age_dist,1,786248,1572864,0.499883
3521249268,gc_victim_age_dist,13,1401170,1572864,0.890840
3522922403,gc_victim_age_dist,15,1429262,1572864,0.908700
3522922403,gc_victim_age_dist,1,960938,1572864,0.610948
3522922403,gc_victim_age_dist,13,1452590,1572864,0.923532
3522922403,gc_victim_age_dist,1,954165,1572864,0.606642
3524090048,gc_victim_age_dist,14,1425288,1572864,0.906174
3524090048,gc_victim_age_dist,13,1441796,1572864,0.916669
3524553441,gc_victim_age_dist,13,1401065,1572864,0.890773
3524553441,gc_victim_age_dist,1,837606,1572864,0.532536
3524553441,gc_victim_age_dist,14,1278676,1572864,0.812960
3526143808,gc_victim_age_dist,14,1444688,1572864,0.918508
3526143808,gc_victim_age_dist,14,1422808,1572864,0.904597
3526143808,gc_victim_age_dist,12,1441182,1572864,0.916279
3526143808,gc_victim_age_dist,13,1446094,1572864,0.919402
3526143808,gc_victim_age_dist,13,1428948,1572864,0.908501
3526143808,gc_victim_age_dist,14,1446818,1572864,0.919862
3526143808,gc_victim_age_dist,14,1448677,1572864,0.921044
3526143808,gc_victim_age_dist,13,1453254,1572864,0.923954
3526143808,gc_victim_age_dist,1,483047,1572864,0.307113
3526392991,gc_victim_age_dist,1,903452,1572864,0.574399
3527569642,gc_victim_age_dist,14,1193905,1572864,0.759064
3529257301,gc_victim_age_dist,1,1138396,1572864,0.723773
3529451299,gc_victim_age_dist,13,1437231,1572864,0.913767
3529451299,gc_victim_age_dist,14,1405463,1572864,0.893569
3529451299,gc_victim_age_dist,1,800128,1572864,0.508708
3529451299,gc_victim_age_dist,14,1428592,1572864,0.908274
3529451299,gc_victim_age_dist,14,1295729,1572864,0.823802
3529694214,gc_victim_age_dist,1,973234,1572864,0.618766
3529694214,gc_victim_age_dist,1,1132580,1572864,0.720075
3529694214,gc_victim_age_dist,14,1447988,1572864,0.920606
3531095355,evict_victim_age_dist,14,1459271,1572864,0.927780
3532502104,gc_victim_age_dist,14,1362003,1572864,0.865938
3532779197,gc_victim_age_dist,14,1402524,1572864,0.891701
3532779197,gc_victim_age_dist,14,1444664,1572864,0.918493
3532779197,gc_victim_age_dist,1,1187910,1572864,0.755253
3532779197,gc_victim_age_dist,1,917402,1572864,0.583268
3534199314,gc_victim_age_dist,14,1447350,1572864,0.920200
3534610592,gc_victim_age_dist,14,1447087,1572864,0.920033
3534610592,gc_victim_age_dist,14,1448604,1572864,0.920998
3534610592,gc_victim_age_dist,15,1455356,1572864,0.925290
3534610592,gc_victim_age_dist,1,875523,1572864,0.556643
3534610592,gc_victim_age_dist,13,1167790,1572864,0.742461
3534610592,gc_victim_age_dist,1,767098,1572864,0.487708
3535920534,gc_victim_age_dist,14,1450763,1572864,0.922370
3536460043,gc_victim_age_dist,13,1443998,1572864,0.918069
3536460043,gc_victim_age_dist,14,1457396,1572864,0.926587
3536460043,gc_victim_age_dist,15,1456114,1572864,0.925772
3536460043,gc_victim_age_dist,14,1272310,1572864,0.808913
3537897759,evict_victim_age_dist,15,1471514,1572864,0.935563
3539325024,gc_victim_age_dist,14,1349789,1572864,0.858173
3539891373,gc_victim_age_dist,14,1429261,1572864,0.908700
3539891373,gc_victim_age_dist,14,1405486,1572864,0.893584
3539891373,gc_victim_age_dist,14,1442068,1572864,0.916842
3539891373,gc_victim_age_dist,13,1457877,1572864,0.926893
3539891373,gc_victim_age_dist,14,1315800,1572864,0.836563
3541725953,gc_victim_age_dist,0,272859,1572864,0.173479
3542443220,gc_victim_age_dist,13,1429494,1572864,0.908848
3543539843,evict_victim_age_dist,14,1506658,1572864,0.957907
3544973323,gc_victim_age_dist,1,657014,1572864,0.417718
3545140449,gc_victim_age_dist,15,1431522,1572864,0.910137
3545140449,gc_victim_age_dist,1,1176440,1572864,0.747960
3545140449,gc_victim_age_dist,13,1134200,1572864,0.721105
3545140449,gc_victim_age_dist,1,877085,1572864,0.557636
3546271148,gc_victim_age_dist,13,1453678,1572864,0.924224
3546728654,gc_victim_age_dist,1,661202,1572864,0.420381
3546728654,gc_victim_age_dist,1,577280,1572864,0.367025
3546809249,gc_victim_age_dist,13,1455490,1572864,0.925376
3546809249,gc_victim_age_dist,1,707000,1572864,0.449498
3547940514,gc_victim_age_dist,13,1451822,1572864,0.923044
3548418453,gc_victim_age_dist,14,1295395,1572864,0.823590
3548418453,gc_victim_age_dist,13,1455910,1572864,0.925643
3548418453,gc_victim_age_dist,1,1069038,1572864,0.679676
3548418453,gc_victim_age_dist,14,1331170,1572864,0.846335
3549992446,evict_victim_age_dist,13,1481159,1572864,0.941696
3551410780,evict_victim_age_dist,13,1535040,1572864,0.975952
3552883004,gc_victim_age_dist,1,1491072,1572864,0.947998
3553293140,gc_victim_age_dist,14,1249516,1572864,0.794421
3553293140,gc_victim_age_dist,14,1287118,1572864,0.818328
3553293140,gc_victim_age_dist,14,1445448,1572864,0.918991
3553293140,gc_victim_age_dist,14,1455074,1572864,0.925111
3553293140,gc_victim_age_dist,1,842668,1572864,0.535754
3553293140,gc_victim_age_dist,1,801463,1572864,0.509556
3554529951,gc_victim_age_dist,1,592911,1572864,0.376963
3554897941,gc_victim_age_dist,1,309299,1572864,0.196647
3555127503,gc_victim_age_dist,13,1450832,1572864,0.922414
3556578030,gc_victim_age_dist,13,1417796,1572864,0.901410
3556578030,gc_victim_age_dist,14,1453378,1572864,0.924033
3556578030,gc_victim_age_dist,13,1452522,1572864,0.923489
3558299989,gc_victim_age_dist,13,1438668,1572864,0.914680
3558299989,gc_victim_age_dist,12,1452315,1572864,0.923357
3558299989,gc_victim_age_dist,1,825168,1572864,0.524628
3558299989,gc_victim_age_dist,1,1240242,1572864,0.788525
3559697086,gc_victim_age_dist,14,1400585,1572864,0.890468
3559940625,gc_victim_age_dist,14,1431614,1572864,0.910196
3559940625,gc_victim_age_dist,1,912734,1572864,0.580301
3561668975,evict_victim_age_dist,14,1502512,1572864,0.955271
3563098906,gc_victim_age_dist,14,1408128,1572864,0.895264
3563515957,gc_victim_age_dist,13,1417045,1572864,0.900933
3563515957,gc_victim_age_dist,1,493391,1572864,0.313690
3563515957,gc_victim_age_dist,13,1453197,1572864,0.923918
3565221267,gc_victim_age_dist,14,1440760,1572864,0.916011
3565221267,gc_victim_age_dist,0,248460,1572864,0.157967
3565221267,gc_victim_age_dist,1,960496,1572864,0.610667
3565221267,gc_victim_age_dist,15,1440922,1572864,0.916114
3566878947,gc_victim_age_dist,1,909730,1572864,0.578391
3566878947,gc_victim_age_dist,13,1433864,1572864,0.911626
3566878947,gc_victim_age_dist,13,1390204,1572864,0.883868
3566878947,gc_victim_age_dist,1,1163530,1572864,0.739752
3566878947,gc_victim_age_dist,1,1431354,1572864,0.910030
3566878947,gc_victim_age_dist,1,997684,1572864,0.634310
3568125675,evict_victim_age_dist,14,1556380,1572864,0.989520
3569582645,gc_victim_age_dist,13,1357721,1572864,0.863216
3570037641,gc_victim_age_dist,13,957343,1572864,0.608662
3570037641,gc_victim_age_dist,1,716924,1572864,0.455808
3571095476,gc_victim_age_dist,1,328330,1572864,0.208747
3571379161,gc_victim_age_dist,1,817325,1572864,0.519641
3572617849,gc_victim_age_dist,1,680792,1572864,0.432836
3574602686,evict_victim_age_dist,13,1460084,1572864,0.928296
3575534210,gc_victim_age_dist,1,1451128,1572864,0.922602
3575534210,gc_victim_age_dist,14,1406499,1572864,0.894228
3575534210,gc_victim_age_dist,13,1449884,1572864,0.921811
3575534210,gc_victim_age_dist,13,1451424,1572864,0.922791
3575534210,gc_victim_age_dist,1,800262,1572864,0.508793
3576795337,gc_victim_age_dist,13,1245006,1572864,0.791553
3576795337,gc_victim_age_dist,1,636506,1572864,0.404680
3576795337,gc_victim_age_dist,14,1294094,1572864,0.822763
3576795337,gc_victim_age_dist,14,1438649,1572864,0.914668
3576795337,gc_victim_age_dist,14,1459264,1572864,0.927775
3578510107,evict_victim_age_dist,13,1537114,1572864,0.977271
3580263697,evict_victim_age_dist,14,1383024,1572864,0.879303
3581601172,evict_victim_age_dist,14,1539108,1572864,0.978539
3583088291,gc_victim_age_dist,1,1301368,1572864,0.827387
3583679337,gc_victim_age_dist,1,945267,1572864,0.600985
3583679337,gc_victim_age_dist,14,1346163,1572864,0.855867
3583679337,gc_victim_age_dist,14,1404812,1572864,0.893155
3583679337,gc_victim_age_dist,14,1424876,1572864,0.905912
3585372092,gc_victim_age_dist,14,1321454,1572864,0.840158
3585372092,gc_victim_age_dist,1,1147507,1572864,0.729565
3585372092,gc_victim_age_dist,14,1379408,1572864,0.877004
3586960714,gc_victim_age_dist,14,1290537,1572864,0.820501
3586960714,gc_victim_age_dist,14,1440132,1572864,0.915611
3586960714,gc_victim_age_dist,0,255487,1572864,0.162434
3586960714,gc_victim_age_dist,13,1407222,1572864,0.894688
3586960714,gc_victim_age_dist,14,1441938,1572864,0.916759
3586960714,gc_victim_age_dist,14,1276085,1572864,0.811313
3586960714,gc_victim_age_dist,1,937743,1572864,0.596201
3586960714,gc_victim_age_dist,1,945845,1572864,0.601352
3586960714,gc_victim_age_dist,1,965608,1572864,0.613917
3586960970,gc_victim_age_dist,13,1462090,1572864,0.929572
3586960970,gc_victim_age_dist,1,780623,1572864,0.496307
3586960970,gc_victim_age_dist,15,1450784,1572864,0.922384
3588515103,gc_victim_age_dist,15,1417162,1572864,0.901007
3590843440,evict_victim_age_dist,13,1492978,1572864,0.949210
3592252123,evict_victim_age_dist,14,1543107,1572864,0.981081
3593724769,gc_victim_age_dist,1,1470934,1572864,0.935195
3595136992,gc_victim_age_dist,12,1158760,1572864,0.736720
3595136992,gc_victim_age_dist,15,1295286,1572864,0.823521
3595136992,gc_victim_age_dist,13,1376227,1572864,0.874982
3595136992,gc_victim_age_dist,14,1425285,1572864,0.906172
3595136992,gc_victim_age_dist,14,1395044,1572864,0.886945
3595136992,gc_victim_age_dist,14,1440456,1572864,0.915817
3595136992,gc_victim_age_dist,13,1441807,1572864,0.916676
3596803043,gc_victim_age_dist,13,1437219,1572864,0.913759
3596803043,gc_victim_age_dist,14,1421752,1572864,0.903926
3596803043,gc_victim_age_dist,14,1439784,1572864,0.915390
3596803043,gc_victim_age_dist,14,1439573,1572864,0.915256
3596803043,gc_victim_age_dist,13,1447274,1572864,0.920152
3596803043,gc_victim_age_dist,13,1438650,1572864,0.914669
3596803043,gc_victim_age_dist,14,1426446,1572864,0.906910
3596803043,gc_victim_age_dist,14,1433635,1572864,0.911481
3596803043,gc_victim_age_dist,1,794833,1572864,0.505341
3596803043,gc_victim_age_dist,1,1127723,1572864,0.716987
3596803043,gc_victim_age_dist,14,1458102,1572864,0.927036
3596803043,gc_victim_age_dist,1,647826,1572864,0.411877
3597550801,gc_victim_age_dist,14,1414166,1572864,0.899103
3598385563,gc_victim_age_dist,1,728072,1572864,0.462896
3598385563,gc_victim_age_dist,1,932480,1572864,0.592855
3599502925,gc_victim_age_dist,1,622818,1572864,0.395977
3600259655,gc_victim_age_dist,14,1452922,1572864,0.923743
3601557578,evict_victim_age_dist,14,1506790,1572864,0.957991
3603134178,evict_victim_age_dist,13,1530350,1572864,0.972970
3604598307,evict_victim_age_dist,14,1545470,1572864,0.982583
3606086973,evict_victim_age_dist,13,1459850,1572864,0.928148
3607496758,gc_victim_age_dist,1,1472660,1572864,0.936292
3608024205,gc_victim_age_dist,13,1420842,1572864,0.903347
3608024205,gc_victim_age_dist,13,1423436,1572864,0.904996
3608024205,gc_victim_age_dist,14,1451526,1572864,0.922855
3608024205,gc_victim_age_dist,13,1453257,1572864,0.923956
3608024205,gc_victim_age_dist,13,1052112,1572864,0.668915
3608024205,gc_victim_age_dist,13,1460840,1572864,0.928777
3609641087,gc_victim_age_dist,1,981431,1572864,0.623977
3609641087,gc_victim_age_dist,14,1205627,1572864,0.766517
3609641087,gc_victim_age_dist,14,1455205,1572864,0.925194
3609641087,gc_victim_age_dist,13,1450070,1572864,0.921930
3611213825,gc_victim_age_dist,13,1398308,1572864,0.889020
3611260994,gc_victim_age_dist,14,1443522,1572864,0.917767
3611260994,gc_victim_age_dist,1,688750,1572864,0.437895
3611260994,gc_victim_age_dist,14,1462627,1572864,0.929913
3611260994,gc_victim_age_dist,14,1460936,1572864,0.928838
3612836443,gc_victim_age_dist,14,1413055,1572864,0.898396
3612836443,gc_victim_age_dist,14,1455309,1572864,0.925261
3612836443,gc_victim_age_dist,1,682552,1572864,0.433955
3612836443,gc_victim_age_dist,1,965028,1572864,0.613548
3612836443,gc_victim_age_dist,14,1460609,1572864,0.928630
3612836443,gc_victim_age_dist,1,973367,1572864,0.618850
3613973513,gc_victim_age_dist,0,278001,1572864,0.176748
3614135041,gc_victim_age_dist,1,892442,1572864,0.567399
3615627260,gc_victim_age_dist,13,1463159,1572864,0.930251
3616141231,gc_victim_age_dist,13,1445074,1572864,0.918753
3616141231,gc_victim_age_dist,14,1459024,1572864,0.927622
3617718422,gc_victim_age_dist,13,1432576,1572864,0.910807
3617718422,gc_victim_age_dist,1,891922,1572864,0.567069
3617718422,gc_victim_age_dist,13,1452314,1572864,0.923356
3617718422,gc_victim_age_dist,14,1452320,1572864,0.923360
3617718422,gc_victim_age_dist,1,846907,1572864,0.538449
3618773037,evict_victim_age_dist,15,1522506,1572864,0.967983
3620220302,gc_victim_age_dist,13,1433746,1572864,0.911551
3621148654,gc_victim_age_dist,1,388149,1572864,0.246778
3621148654,gc_victim_age_dist,13,1441576,1572864,0.916529
3621148654,gc_victim_age_dist,14,1421652,1572864,0.903862
3621148654,gc_victim_age_dist,14,1460404,1572864,0.928500
3621148654,gc_victim_age_dist,14,1458811,1572864,0.927487
3621148654,gc_victim_age_dist,1,956925,1572864,0.608397
3621148654,gc_victim_age_dist,1,763488,1572864,0.485413
3622566529,gc_victim_age_dist,13,1441935,1572864,0.916758
3622819763,gc_victim_age_dist,1,732980,1572864,0.466016
3622819763,gc_victim_age_dist,13,1456194,1572864,0.925823
3622819763,gc_victim_age_dist,1,825388,1572864,0.524768
3622819763,gc_victim_age_dist,13,1433569,1572864,0.911439
3624516165,gc_victim_age_dist,14,1420008,1572864,0.902817
3624516165,gc_victim_age_dist,1,872775,1572864,0.554895
3624516165,gc_victim_age_dist,14,1460729,1572864,0.928706
3624516165,gc_victim_age_dist,1,856138,1572864,0.544318
3625571122,gc_victim_age_dist,1,1024928,1572864,0.651632
3627034168,evict_victim_age_dist,15,1544293,1572864,0.981835
3628537809,evict_victim_age_dist,13,1559528,1572864,0.991521
3630027290,evict_victim_age_dist,13,1558456,1572864,0.990840
3631511177,gc_victim_age_dist,1,1478500,1572864,0.940005
3633109457,gc_victim_age_dist,14,1368068,1572864,0.869794
3633109457,gc_victim_age_dist,14,1399654,1572864,0.889876
3633109457,gc_victim_age_dist,13,1440963,1572864,0.916140
3633109457,gc_victim_age_dist,13,1450727,1572864,0.922347
3633109457,gc_victim_age_dist,13,1432834,1572864,0.910971
3633109457,gc_victim_age_dist,1,718940,1572864,0.457090
3633109457,gc_victim_age_dist,14,1239661,1572864,0.788155
3634787104,gc_victim_age_dist,14,1451389,1572864,0.922768
3634787104,gc_victim_age_dist,14,1398944,1572864,0.889425
3634787104,gc_victim_age_dist,14,1446909,1572864,0.919920
3634787104,gc_victim_age_dist,1,1154412,1572864,0.733955
3636303216,gc_victim_age_dist,15,1371130,1572864,0.871741
3637584714,gc_victim_age_dist,13,1455198,1572864,0.925190
3637584714,gc_victim_age_dist,15,1450194,1572864,0.922009
3637584714,gc_victim_age_dist,14,1291772,1572864,0.821287
3637584714,gc_victim_age_dist,14,1408908,1572864,0.895760
3637584714,gc_victim_age_dist,13,1460534,1572864,0.928583
3637584714,gc_victim_age_dist,12,1459944,1572864,0.928207
3637584714,gc_victim_age_dist,14,1458031,1572864,0.926991
3637584714,gc_victim_age_dist,1,936074,1572864,0.595140
3637584714,gc_victim_age_dist,14,1346334,1572864,0.855976
3637584714,gc_victim_age_dist,13,1459089,1572864,0.927664
3637584714,gc_victim_age_dist,13,1459394,1572864,0.927858
3637584714,gc_victim_age_dist,1,1047538,1572864,0.666007
3637584714,gc_victim_age_dist,1,951799,1572864,0.605138
3638038370,gc_victim_age_dist,1,829308,1572864,0.527260
3638038370,gc_victim_age_dist,14,1463301,1572864,0.930342
3638038370,gc_victim_age_dist,1,929904,1572864,0.591217
3638038370,gc_victim_age_dist,1,968840,1572864,0.615972
3639638556,gc_victim_age_dist,14,1448428,1572864,0.920886
3639638556,gc_victim_age_dist,14,1428393,1572864,0.908148
3639638556,gc_victim_age_dist,13,1458906,1572864,0.927547
3639638556,gc_victim_age_dist,14,1441864,1572864,0.916712
3639638556,gc_victim_age_dist,1,1061155,1572864,0.674664
3641284243,gc_victim_age_dist,1,777933,1572864,0.494596
3641284243,gc_victim_age_dist,13,1445901,1572864,0.919279
3641284243,gc_victim_age_dist,14,1355365,1572864,0.861718
3641284243,gc_victim_age_dist,1,677548,1572864,0.430773
3642535985,gc_victim_age_dist,1,1078264,1572864,0.685542
3642899369,gc_victim_age_dist,1,861042,1572864,0.547436
3642899369,gc_victim_age_dist,13,1395952,1572864,0.887522
3642899369,gc_victim_age_dist,1,938306,1572864,0.596559
3644655409,evict_victim_age_dist,14,1517215,1572864,0.964619
3646122132,gc_victim_age_dist,14,1395311,1572864,0.887115
3646366176,gc_victim_age_dist,0,221178,1572864,0.140621
3646572464,gc_victim_age_dist,14,1449047,1572864,0.921279
3647987619,evict_victim_age_dist,13,1547248,1572864,0.983714
3649482545,gc_victim_age_dist,1,1311352,1572864,0.833735
3651169527,evict_victim_age_dist,13,1546018,1572864,0.982932
3652692434,evict_victim_age_dist,15,1553740,1572864,0.987841
3654232669,gc_victim_age_dist,1,1379228,1572864,0.876890
3654380554,gc_victim_age_dist,14,1316564,1572864,0.837049
3654380554,gc_victim_age_dist,14,1332878,1572864,0.847421
3654380554,gc_victim_age_dist,14,1418244,1572864,0.901695
3654380554,gc_victim_age_dist,1,411210,1572864,0.261440
3654629616,gc_victim_age_dist,1,662880,1572864,0.421448
3655862367,gc_victim_age_dist,1,448383,1572864,0.285074
3656800556,gc_victim_age_dist,1,326448,1572864,0.207550
3657265363,gc_victim_age_dist,1,850015,1572864,0.540425
3658868302,gc_victim_age_dist,14,1397042,1572864,0.888215
3660946702,evict_victim_age_dist,14,1480889,1572864,0.941524
3662384537,gc_victim_age_dist,1,1457562,1572864,0.926693
3662607685,gc_victim_age_dist,14,1301938,1572864,0.827750
3662607685,gc_victim_age_dist,14,1411172,1572864,0.897199
3662607685,gc_victim_age_dist,14,1422420,1572864,0.904350
3664303667,gc_victim_age_dist,13,1292632,1572864,0.821833
3664303667,gc_victim_age_dist,14,1431304,1572864,0.909999
3664303667,gc_victim_age_dist,14,1447342,1572864,0.920195
3664303667,gc_victim_age_dist,14,1447274,1572864,0.920152
3664303667,gc_victim_age_dist,13,1408364,1572864,0.895414
3664303667,gc_victim_age_dist,1,560624,1572864,0.356435
3664303667,gc_victim_age_dist,14,1288644,1572864,0.819298
3664303667,gc_victim_age_dist,1,486982,1572864,0.309615
3664303923,gc_victim_age_dist,1,363588,1572864,0.231163
3664303923,gc_victim_age_dist,1,667368,1572864,0.424301
3664303923,gc_victim_age_dist,1,894900,1572864,0.568962
3664303923,gc_victim_age_dist,14,1457185,1572864,0.926453
3665964842,gc_victim_age_dist,14,1435940,1572864,0.912946
3669098834,gc_victim_age_dist,13,1348290,1572864,0.857220
3669385998,gc_victim_age_dist,13,1267291,1572864,0.805722
3669385998,gc_victim_age_dist,13,1430442,1572864,0.909451
3670964626,gc_victim_age_dist,13,1059325,1572864,0.673501
3670964626,gc_victim_age_dist,1,767369,1572864,0.487880
3672560509,gc_victim_age_dist,13,1386006,1572864,0.881199
3672560509,gc_victim_age_dist,14,1353532,1572864,0.860552
3672560509,gc_victim_age_dist,13,1447080,1572864,0.920029
3672560509,gc_victim_age_dist,1,745931,1572864,0.474250
3672560509,gc_victim_age_dist,13,1452184,1572864,0.923274
3672560509,gc_victim_age_dist,14,1449921,1572864,0.921835
3672560509,gc_victim_age_dist,14,1457398,1572864,0.926589
3672560509,gc_victim_age_dist,1,893448,1572864,0.568039
3672560509,gc_victim_age_dist,1,919670,1572864,0.584710
3672560765,gc_victim_age_dist,13,1450384,1572864,0.922129
3674150055,gc_victim_age_dist,14,1443044,1572864,0.917463
3674161889,gc_victim_age_dist,1,911242,1572864,0.579352
3675686435,gc_victim_age_dist,13,1202100,1572864,0.764275
3675686435,gc_victim_age_dist,14,1307705,1572864,0.831416
3675686435,gc_victim_age_dist,13,1454820,1572864,0.924950
3675686435,gc_victim_age_dist,14,1456426,1572864,0.925971
3675686435,gc_victim_age_dist,1,951217,1572864,0.604767
3675803444,gc_victim_age_dist,1,989481,1572864,0.629095
3675803444,gc_victim_age_dist,1,873008,1572864,0.555044
3675803444,gc_victim_age_dist,1,915003,1572864,0.581743
3675803444,gc_victim_age_dist,14,1463075,1572864,0.930198
3675803444,gc_victim_age_dist,1,1118663,1572864,0.711227
3677444173,gc_victim_age_dist,14,1405395,1572864,0.893526
3677444173,gc_victim_age_dist,1,875998,1572864,0.556945
3679076657,gc_victim_age_dist,14,1460488,1572864,0.928553
3679076657,gc_victim_age_dist,1,740424,1572864,0.470749
3680642916,evict_victim_age_dist,13,1522388,1572864,0.967908
3682109967,gc_victim_age_dist,14,1206290,1572864,0.766939
3682293804,gc_victim_age_dist,13,1426496,1572864,0.906942
3682293804,gc_victim_age_dist,14,1440224,1572864,0.915670
3682293804,gc_victim_age_dist,1,398315,1572864,0.253242
3682514059,gc_victim_age_dist,14,1253904,1572864,0.797211
3683901604,gc_victim_age_dist,14,1401482,1572864,0.891038
3683901604,gc_victim_age_dist,14,1214846,1572864,0.772378
3683901604,gc_victim_age_dist,14,1240131,1572864,0.788454
3685481475,gc_victim_age_dist,14,1435916,1572864,0.912931
3685481475,gc_victim_age_dist,1,707181,1572864,0.449614
3685481475,gc_victim_age_dist,13,1466680,1572864,0.932490
3685481475,gc_victim_age_dist,14,1379797,1572864,0.877251
3685481475,gc_victim_age_dist,1,1059073,1572864,0.673340
3686754882,gc_victim_age_dist,1,299126,1572864,0.190179
3687017295,evict_victim_age_dist,13,1467214,1572864,0.932830
3688421585,gc_victim_age_dist,14,1432672,1572864,0.910868
3690278269,evict_victim_age_dist,13,1471036,1572864,0.935260
3691666441,evict_victim_age_dist,13,1486538,1572864,0.945115
3693108951,evict_victim_age_dist,14,1561592,1572864,0.992833
3694633874,evict_victim_age_dist,14,1521510,1572864,0.967350
3696081386,evict_victim_age_dist,15,1332918,1572864,0.847446
3697371952,evict_victim_age_dist,13,1480384,1572864,0.941203
3698815354,evict_victim_age_dist,14,1506858,1572864,0.958035
3700277597,gc_victim_age_dist,1,1473356,1572864,0.936735
3701376658,gc_victim_age_dist,13,1181524,1572864,0.751193
3701376658,gc_victim_age_dist,14,1208987,1572864,0.768653
3701376658,gc_victim_age_dist,14,1221837,1572864,0.776823
3701376658,gc_victim_age_dist,14,1359422,1572864,0.864297
3702952723,gc_victim_age_dist,13,1366939,1572864,0.869076
3702952723,gc_victim_age_dist,14,1397903,1572864,0.888763
3702952723,gc_victim_age_dist,14,1407777,1572864,0.895041
3702952723,gc_victim_age_dist,13,1422411,1572864,0.904345
3702952723,gc_victim_age_dist,0,352955,1572864,0.224403
3702952723,gc_victim_age_dist,13,1416341,1572864,0.900485
3702952723,gc_victim_age_dist,13,1437643,1572864,0.914029
3702952723,gc_victim_age_dist,14,1416964,1572864,0.900881
3702952723,gc_victim_age_dist,14,1439922,1572864,0.915478
3702952723,gc_victim_age_dist,14,1445977,1572864,0.919327
3702952723,gc_victim_age_dist,1,357958,1572864,0.227584
3703140458,gc_victim_age_dist,14,1267285,1572864,0.805718
3705340621,gc_victim_age_dist,13,1403934,1572864,0.892597
3705340621,gc_victim_age_dist,1,499058,1572864,0.317293
3706102471,gc_victim_age_dist,14,1193943,1572864,0.759089
3707680229,gc_victim_age_dist,13,1369624,1572864,0.870783
3707680229,gc_victim_age_dist,13,1404252,1572864,0.892799
3707680229,gc_victim_age_dist,1,658918,1572864,0.418929
3707680229,gc_victim_age_dist,1,459124,1572864,0.291903
3707957902,gc_victim_age_dist,13,1414377,1572864,0.899237
3709261122,gc_victim_age_dist,13,1326051,1572864,0.843081
3710898379,gc_victim_age_dist,14,1399517,1572864,0.889789
3710898379,gc_victim_age_dist,13,1422572,1572864,0.904447
3710898379,gc_victim_age_dist,12,1224443,1572864,0.778480
3710898379,gc_victim_age_dist,13,1424962,1572864,0.905966
3710898379,gc_victim_age_dist,13,1435955,1572864,0.912956
3710898379,gc_victim_age_dist,14,1419000,1572864,0.902176
3710898379,gc_victim_age_dist,14,1440360,1572864,0.915756
3710898379,gc_victim_age_dist,14,1428067,1572864,0.907941
3710898635,gc_victim_age_dist,13,1437247,1572864,0.913777
3711563896,gc_victim_age_dist,14,1294900,1572864,0.823275
3713800527,gc_victim_age_dist,13,1433720,1572864,0.911535
3714186538,gc_victim_age_dist,1,712833,1572864,0.453207
3714186538,gc_victim_age_dist,14,1443341,1572864,0.917651
3714186538,gc_victim_age_dist,1,355356,1572864,0.225929
3714375588,gc_victim_age_dist,1,731861,1572864,0.465305
3715875048,gc_victim_age_dist,1,435849,1572864,0.277105
3716117894,gc_victim_age_dist,13,1244299,1572864,0.791104
3717392789,gc_victim_age_dist,13,1427797,1572864,0.907769
3717392789,gc_victim_age_dist,14,1389207,1572864,0.883234
3717392789,gc_victim_age_dist,1,379892,1572864,0.241529
3717599277,gc_victim_age_dist,1,473039,1572864,0.300750
3718528134,gc_victim_age_dist,14,1402064,1572864,0.891408
3720585761,evict_victim_age_dist,13,1528852,1572864,0.972018
3722212311,evict_victim_age_dist,15,1514534,1572864,0.962915
3723660307,gc_victim_age_dist,1,1477286,1572864,0.939233
3723891935,gc_victim_age_dist,13,1380534,1572864,0.877720
3723891935,gc_victim_age_dist,14,1415048,1572864,0.899663
3723891935,gc_victim_age_dist,14,1420442,1572864,0.903093
3723891935,gc_victim_age_dist,13,1431108,1572864,0.909874
3723891935,gc_victim_age_dist,13,1445724,1572864,0.919167
3723891935,gc_victim_age_dist,13,1420421,1572864,0.903079
3723891935,gc_victim_age_dist,1,780440,1572864,0.496190
3723891935,gc_victim_age_dist,14,1364544,1572864,0.867554
3723892191,gc_victim_age_dist,14,1428907,1572864,0.908475
3725556929,gc_victim_age_dist,1,710179,1572864,0.451520
3727075084,gc_victim_age_dist,13,1320659,1572864,0.839652
3727156628,gc_victim_age_dist,1,303648,1572864,0.193054
3727311718,gc_victim_age_dist,1,643603,1572864,0.409192
3728755662,gc_victim_age_dist,1,948414,1572864,0.602985
3730655614,gc_victim_age_dist,1,1463684,1572864,0.930585
3730655614,gc_victim_age_dist,14,1415275,1572864,0.899808
3730655614,gc_victim_age_dist,1,944652,1572864,0.600594
3730655614,gc_victim_age_dist,1,772144,1572864,0.490916
3732047777,gc_victim_age_dist,1,676926,1572864,0.430378
3733238028,gc_victim_age_dist,14,1282636,1572864,0.815478
3733238028,gc_victim_age_dist,1,422475,1572864,0.268602
3733539165,gc_victim_age_dist,1,819950,1572864,0.521310
3734847256,gc_victim_age_dist,1,205594,1572864,0.130713
3734995231,gc_victim_age_dist,14,1424771,1572864,0.905845
3735554500,gc_victim_age_dist,12,1229640,1572864,0.781784
3735554500,gc_victim_age_dist,13,1422146,1572864,0.904176
3735554500,gc_victim_age_dist,1,527988,1572864,0.335686
3735554500,gc_victim_age_dist,14,1247982,1572864,0.793446
3735554500,gc_victim_age_dist,1,994788,1572864,0.632469
3737104944,gc_victim_age_dist,14,1125093,1572864,0.715315
3737188951,gc_victim_age_dist,14,1443180,1572864,0.917549
3738773605,gc_victim_age_dist,14,1413897,1572864,0.898932
3738773605,gc_victim_age_dist,13,1440064,1572864,0.915568
3738773605,gc_victim_age_dist,14,1433596,1572864,0.911456
3738773605,gc_victim_age_dist,1,460414,1572864,0.292723
3738773605,gc_victim_age_dist,1,793581,1572864,0.504545
3739795473,gc_victim_age_dist,14,1296561,1572864,0.824331
3740371254,gc_victim_age_dist,14,1432134,1572864,0.910526
3740371254,gc_victim_age_dist,14,1424647,1572864,0.905766
3740371254,gc_victim_age_dist,14,1382116,1572864,0.878726
3740371254,gc_victim_age_dist,13,1434320,1572864,0.911916
3740371254,gc_victim_age_dist,1,988868,1572864,0.628705
3741891760,gc_victim_age_dist,13,1261259,1572864,0.801887
3741998205,gc_victim_age_dist,13,1301116,1572864,0.827227
3741998205,gc_victim_age_dist,1,1053371,1572864,0.669715
3741998205,gc_victim_age_dist,14,1282210,1572864,0.815207
3741998205,gc_victim_age_dist,1,529891,1572864,0.336896
3743047188,gc_victim_age_dist,13,1171758,1572864,0.744984
3743572871,gc_victim_age_dist,13,1265329,1572864,0.804475
3743572871,gc_victim_age_dist,13,1409201,1572864,0.895946
3745181354,gc_victim_age_dist,13,1337765,1572864,0.850528
3745181354,gc_victim_age_dist,13,1433784,1572864,0.911575
3745181354,gc_victim_age_dist,15,1426561,1572864,0.906983
3745181354,gc_victim_age_dist,13,1449324,1572864,0.921455
3745181354,gc_victim_age_dist,13,1103395,1572864,0.701520
3745181354,gc_victim_age_dist,14,1436128,1572864,0.913066
3745181354,gc_victim_age_dist,13,1451083,1572864,0.922574
3745181610,gc_victim_age_dist,14,1453848,1572864,0.924332
3745181610,gc_victim_age_dist,15,1428965,1572864,0.908511
3746060853,gc_victim_age_dist,14,1437488,1572864,0.913930
3746843947,gc_victim_age_dist,1,259946,1572864,0.165269
3746987232,gc_victim_age_dist,1,875528,1572864,0.556646
3748570083,gc_victim_age_dist,14,992144,1572864,0.630788
3749993870,gc_victim_age_dist,14,1232754,1572864,0.783764
3751578462,gc_victim_age_dist,14,1198048,1572864,0.761698
3751578462,gc_victim_age_dist,1,1042128,1572864,0.662567
3751578462,gc_victim_age_dist,14,1349761,1572864,0.858155
3751578462,gc_victim_age_dist,14,1390212,1572864,0.883873
3751578462,gc_victim_age_dist,14,1417667,1572864,0.901328
3751578462,gc_victim_age_dist,13,1433782,1572864,0.911574
3751578462,gc_victim_age_dist,14,1436087,1572864,0.913040
3751578462,gc_victim_age_dist,14,1426598,1572864,0.907007
3751578462,gc_victim_age_dist,1,352368,1572864,0.224030
3751578718,gc_victim_age_dist,1,827783,1572864,0.526290
3751578718,gc_victim_age_dist,1,860291,1572864,0.546958
3751578718,gc_victim_age_dist,14,1350421,1572864,0.858575
3751803361,gc_victim_age_dist,14,1316582,1572864,0.837060
3754065197,evict_victim_age_dist,14,1475669,1572864,0.938205
3756477456,evict_victim_age_dist,13,1541194,1572864,0.979865
3757942763,evict_victim_age_dist,13,1542333,1572864,0.980589
3758107766,evict_victim_age_dist,13,1442273,1572864,0.916972
3758107766,evict_victim_age_dist,13,1449230,1572864,0.921396
3758107766,evict_victim_age_dist,15,1456020,1572864,0.925713
3758107766,evict_victim_age_dist,14,1564716,1572864,0.994820
3758107766,evict_victim_age_dist,14,1522822,1572864,0.968184
3758107766,evict_victim_age_dist,13,1497814,1572864,0.952284
