time_sec,host_write_MB,cache_write_MB,backend_write_MB,gc_write_MB,host_write_delta_MB,cache_write_delta_MB,backend_write_delta_MB,gc_write_delta_MB,nvme_host_written_MB,nvme_media_written_MB,nvme_host_delta_MB,nvme_media_delta_MB,cache_read_MB,backend_read_MB,valid_blocks,write_hit_count,gc_victim_blocks,evict_victim_blocks
2.00,0.00,0.00,0.00,0.00,0.00,0.00,0.00,0.00,0.00,0.00,0.00,0.00,0.00,0.00,0,0,0,0
4.00,0.00,0.00,0.00,0.00,0.00,0.00,0.00,0.00,4062880237.96,6672380826.55,4062880237.96,6672380826.55,0.00,0.00,0,0,0,0
6.00,0.00,0.00,0.00,0.00,0.00,0.00,0.00,0.00,4062880237.96,6672380826.55,0.00,0.00,0.00,0.00,0,0,0,0
8.00,0.00,0.00,0.00,0.00,0.00,0.00,0.00,0.00,4062880237.96,6672380826.55,0.00,0.00,0.00,0.00,0,0,0,0
10.00,0.00,0.00,0.00,0.00,0.00,0.00,0.00,0.00,4062880237.96,6672380826.55,0.00,0.00,0.00,0.00,0,0,0,0
12.00,0.00,0.00,0.00,0.00,0.00,0.00,0.00,0.00,4062880237.96,6672380826.55,0.00,0.00,0.00,0.00,0,0,0,0
14.00,0.00,0.00,0.00,0.00,0.00,0.00,0.00,0.00,4062880237.96,6672380826.55,0.00,0.00,0.00,0.00,0,0,0,0
16.00,0.00,0.00,0.00,0.00,0.00,0.00,0.00,0.00,4062880237.96,6672380826.55,0.00,0.00,0.00,0.00,0,0,0,0
18.00,0.00,0.00,0.00,0.00,0.00,0.00,0.00,0.00,4062880237.96,6672380826.55,0.00,0.00,0.00,0.00,0,0,0,0
20.00,0.00,0.00,0.00,0.00,0.00,0.00,0.00,0.00,4062880237.96,6672380826.55,0.00,0.00,0.00,0.00,0,0,0,0
22.00,0.00,0.00,0.00,0.00,0.00,0.00,0.00,0.00,4062880237.96,6672380826.55,0.00,0.00,0.00,0.00,0,0,0,0
24.00,0.00,0.00,0.00,0.00,0.00,0.00,0.00,0.00,4062880237.96,6672380826.55,0.00,0.00,0.00,0.00,0,0,0,0
26.00,0.00,0.00,0.00,0.00,0.00,0.00,0.00,0.00,4062880237.96,6672380826.55,0.00,0.00,0.00,0.00,0,0,0,0
28.00,0.00,0.00,0.00,0.00,0.00,0.00,0.00,0.00,4062880237.96,6672380826.55,0.00,0.00,0.00,0.00,0,0,0,0
30.00,0.00,0.00,0.00,0.00,0.00,0.00,0.00,0.00,4062880237.96,6672380826.55,0.00,0.00,0.00,0.00,0,0,0,0
32.00,0.00,0.00,0.00,0.00,0.00,0.00,0.00,0.00,4062880237.96,6672380826.55,0.00,0.00,0.00,0.00,0,0,0,0
34.00,0.00,0.00,0.00,0.00,0.00,0.00,0.00,0.00,4062880237.96,6672380826.55,0.00,0.00,0.00,0.00,0,0,0,0
36.00,0.00,0.00,0.00,0.00,0.00,0.00,0.00,0.00,4062880237.96,6672380826.55,0.00,0.00,0.00,0.00,0,0,0,0
38.00,0.00,0.00,0.00,0.00,0.00,0.00,0.00,0.00,4062880237.96,6672380826.55,0.00,0.00,0.00,0.00,0,0,0,0
40.00,0.00,0.00,0.00,0.00,0.00,0.00,0.00,0.00,4062880237.96,6672380826.55,0.00,0.00,0.00,0.00,0,0,0,0
42.00,0.00,0.00,0.00,0.00,0.00,0.00,0.00,0.00,4062880237.96,6672380826.55,0.00,0.00,0.00,0.00,0,0,0,0
44.00,0.00,0.00,0.00,0.00,0.00,0.00,0.00,0.00,4062880237.96,6672380826.55,0.00,0.00,0.00,0.00,0,0,0,0
46.00,0.00,0.00,0.00,0.00,0.00,0.00,0.00,0.00,4062880237.96,6672380826.55,0.00,0.00,0.00,0.00,0,0,0,0
48.00,0.00,0.00,0.00,0.00,0.00,0.00,0.00,0.00,4062880237.96,6672380826.55,0.00,0.00,0.00,0.00,0,0,0,0
50.00,0.00,0.00,0.00,0.00,0.00,0.00,0.00,0.00,4062880237.96,6672380826.55,0.00,0.00,0.00,0.00,0,0,0,0
52.00,0.00,0.00,0.00,0.00,0.00,0.00,0.00,0.00,4062880237.96,6672380826.55,0.00,0.00,0.00,0.00,0,0,0,0
54.00,0.00,0.00,0.00,0.00,0.00,0.00,0.00,0.00,4062880237.96,6672380826.55,0.00,0.00,0.00,0.00,0,0,0,0
56.00,0.00,0.00,0.00,0.00,0.00,0.00,0.00,0.00,4062880237.96,6672380826.55,0.00,0.00,0.00,0.00,0,0,0,0
58.00,0.00,0.00,0.00,0.00,0.00,0.00,0.00,0.00,4062880237.96,6672380826.55,0.00,0.00,0.00,0.00,0,0,0,0
60.00,0.00,0.00,0.00,0.00,0.00,0.00,0.00,0.00,4062880237.96,6672380826.55,0.00,0.00,0.00,0.00,0,0,0,0
62.00,0.00,0.00,0.00,0.00,0.00,0.00,0.00,0.00,4062880237.96,6672380826.55,0.00,0.00,0.00,0.00,0,0,0,0
64.00,0.00,0.00,0.00,0.00,0.00,0.00,0.00,0.00,4062880237.96,6672380826.55,0.00,0.00,0.00,0.00,0,0,0,0
66.00,0.00,0.00,0.00,0.00,0.00,0.00,0.00,0.00,4062880237.96,6672380826.55,0.00,0.00,0.00,0.00,0,0,0,0
68.00,0.00,0.00,0.00,0.00,0.00,0.00,0.00,0.00,4062880237.96,6672380826.55,0.00,0.00,0.00,0.00,0,0,0,0
70.00,0.00,0.00,0.00,0.00,0.00,0.00,0.00,0.00,4062880237.96,6672380826.55,0.00,0.00,0.00,0.00,0,0,0,0
72.00,0.00,0.00,0.00,0.00,0.00,0.00,0.00,0.00,4062880237.96,6672380826.55,0.00,0.00,0.00,0.00,0,0,0,0
74.00,0.00,0.00,0.00,0.00,0.00,0.00,0.00,0.00,4062880237.96,6672380826.55,0.00,0.00,0.00,0.00,0,0,0,0
76.00,0.00,0.00,0.00,0.00,0.00,0.00,0.00,0.00,4062880237.96,6672380826.55,0.00,0.00,0.00,0.00,0,0,0,0
78.00,0.00,0.00,0.00,0.00,0.00,0.00,0.00,0.00,4062880237.96,6672380826.55,0.00,0.00,0.00,0.00,0,0,0,0
80.00,0.00,0.00,0.00,0.00,0.00,0.00,0.00,0.00,4062880237.96,6672380826.55,0.00,0.00,0.00,0.00,0,0,0,0
82.00,0.00,0.00,0.00,0.00,0.00,0.00,0.00,0.00,4062880237.96,6672380826.55,0.00,0.00,0.00,0.00,0,0,0,0
84.00,0.00,0.00,0.00,0.00,0.00,0.00,0.00,0.00,4062880237.96,6672380826.55,0.00,0.00,0.00,0.00,0,0,0,0
86.00,0.00,0.00,0.00,0.00,0.00,0.00,0.00,0.00,4062880237.96,6672380826.55,0.00,0.00,0.00,0.00,0,0,0,0
88.00,0.00,0.00,0.00,0.00,0.00,0.00,0.00,0.00,4062880237.96,6672380826.55,0.00,0.00,0.00,0.00,0,0,0,0
90.00,0.00,0.00,0.00,0.00,0.00,0.00,0.00,0.00,4062880237.96,6672380826.55,0.00,0.00,0.00,0.00,0,0,0,0
92.00,0.00,0.00,0.00,0.00,0.00,0.00,0.00,0.00,4062880237.96,6672380826.55,0.00,0.00,0.00,0.00,0,0,0,0
94.00,0.00,0.00,0.00,0.00,0.00,0.00,0.00,0.00,4062880237.96,6672380826.55,0.00,0.00,0.00,0.00,0,0,0,0
96.00,0.00,0.00,0.00,0.00,0.00,0.00,0.00,0.00,4062880237.96,6672380826.55,0.00,0.00,0.00,0.00,0,0,0,0
98.00,0.00,0.00,0.00,0.00,0.00,0.00,0.00,0.00,4062880237.96,6672380826.55,0.00,0.00,0.00,0.00,0,0,0,0
100.00,0.00,0.00,0.00,0.00,0.00,0.00,0.00,0.00,4062880237.96,6672380826.55,0.00,0.00,0.00,0.00,0,0,0,0
102.00,0.00,0.00,0.00,0.00,0.00,0.00,0.00,0.00,4062880237.96,6672380826.55,0.00,0.00,0.00,0.00,0,0,0,0
104.00,0.00,0.00,0.00,0.00,0.00,0.00,0.00,0.00,4062880237.96,6672380826.55,0.00,0.00,0.00,0.00,0,0,0,0
106.00,0.00,0.00,0.00,0.00,0.00,0.00,0.00,0.00,4062880237.96,6672380826.55,0.00,0.00,0.00,0.00,0,0,0,0
108.00,0.00,0.00,0.00,0.00,0.00,0.00,0.00,0.00,4062880237.96,6672380826.55,0.00,0.00,0.00,0.00,0,0,0,0
110.00,0.00,0.00,0.00,0.00,0.00,0.00,0.00,0.00,4062880237.96,6672380826.55,0.00,0.00,0.00,0.00,0,0,0,0
112.00,0.00,0.00,0.00,0.00,0.00,0.00,0.00,0.00,4062880237.96,6672380826.55,0.00,0.00,0.00,0.00,0,0,0,0
114.00,0.00,0.00,0.00,0.00,0.00,0.00,0.00,0.00,4062880237.96,6672380826.55,0.00,0.00,0.00,0.00,0,0,0,0
116.00,0.00,0.00,0.00,0.00,0.00,0.00,0.00,0.00,4062880237.96,6672380826.55,0.00,0.00,0.00,0.00,0,0,0,0
118.00,0.00,0.00,0.00,0.00,0.00,0.00,0.00,0.00,4062880237.96,6672380826.55,0.00,0.00,0.00,0.00,0,0,0,0
120.00,0.00,0.00,0.00,0.00,0.00,0.00,0.00,0.00,4062880237.96,6672380826.55,0.00,0.00,0.00,0.00,0,0,0,0
122.00,0.00,0.00,0.00,0.00,0.00,0.00,0.00,0.00,4062880237.96,6672380826.55,0.00,0.00,0.00,0.00,0,0,0,0
124.00,0.00,0.00,0.00,0.00,0.00,0.00,0.00,0.00,4062880237.96,6673629887.44,0.00,1249060.89,0.00,0.00,0,0,0,0
126.00,0.00,0.00,0.00,0.00,0.00,0.00,0.00,0.00,4062880237.96,6673629887.44,0.00,0.00,0.00,0.00,0,0,0,0
128.00,0.00,0.00,0.00,0.00,0.00,0.00,0.00,0.00,4062880237.96,6673629887.44,0.00,0.00,0.00,0.00,0,0,0,0
130.00,0.00,0.00,0.00,0.00,0.00,0.00,0.00,0.00,4062880237.96,6673629887.44,0.00,0.00,0.00,0.00,0,0,0,0
132.00,0.00,0.00,0.00,0.00,0.00,0.00,0.00,0.00,4062880237.96,6673629887.44,0.00,0.00,0.00,0.00,0,0,0,0
134.00,0.00,0.00,0.00,0.00,0.00,0.00,0.00,0.00,4062880237.96,6673629887.44,0.00,0.00,0.00,0.00,0,0,0,0
136.00,0.00,0.00,0.00,0.00,0.00,0.00,0.00,0.00,4062880237.96,6673629887.44,0.00,0.00,0.00,0.00,0,0,0,0
138.00,0.00,0.00,0.00,0.00,0.00,0.00,0.00,0.00,4062880237.96,6673629887.44,0.00,0.00,0.00,0.00,0,0,0,0
140.00,0.00,0.00,0.00,0.00,0.00,0.00,0.00,0.00,4062880237.96,6673629887.44,0.00,0.00,0.00,0.00,0,0,0,0
142.00,0.00,0.00,0.00,0.00,0.00,0.00,0.00,0.00,4062880237.96,6673629887.44,0.00,0.00,0.00,0.00,0,0,0,0
144.00,0.00,0.00,0.00,0.00,0.00,0.00,0.00,0.00,4062880237.96,6673629887.44,0.00,0.00,0.00,0.00,0,0,0,0
146.00,0.00,0.00,0.00,0.00,0.00,0.00,0.00,0.00,4062880237.96,6673629887.44,0.00,0.00,0.00,0.00,0,0,0,0
148.00,0.00,0.00,0.00,0.00,0.00,0.00,0.00,0.00,4062880237.96,6673629887.44,0.00,0.00,0.00,0.00,0,0,0,0
150.00,0.00,0.00,0.00,0.00,0.00,0.00,0.00,0.00,4062880237.96,6673629887.44,0.00,0.00,0.00,0.00,0,0,0,0
152.00,0.00,0.00,0.00,0.00,0.00,0.00,0.00,0.00,4062880237.96,6673629887.44,0.00,0.00,0.00,0.00,0,0,0,0
154.00,0.00,0.00,0.00,0.00,0.00,0.00,0.00,0.00,4062880237.96,6673629887.44,0.00,0.00,0.00,0.00,0,0,0,0
156.00,0.00,0.00,0.00,0.00,0.00,0.00,0.00,0.00,4062880237.96,6673629887.44,0.00,0.00,0.00,0.00,0,0,0,0
158.00,0.00,0.00,0.00,0.00,0.00,0.00,0.00,0.00,4062880237.96,6673629887.44,0.00,0.00,0.00,0.00,0,0,0,0
160.00,0.00,0.00,0.00,0.00,0.00,0.00,0.00,0.00,4062880237.96,6673629887.44,0.00,0.00,0.00,0.00,0,0,0,0
162.00,0.00,0.00,0.00,0.00,0.00,0.00,0.00,0.00,4062880237.96,6673629887.44,0.00,0.00,0.00,0.00,0,0,0,0
164.00,0.00,0.00,0.00,0.00,0.00,0.00,0.00,0.00,4062880237.96,6673629887.44,0.00,0.00,0.00,0.00,0,0,0,0
166.00,0.00,0.00,0.00,0.00,0.00,0.00,0.00,0.00,4062880237.96,6673629887.44,0.00,0.00,0.00,0.00,0,0,0,0
168.00,0.00,0.00,0.00,0.00,0.00,0.00,0.00,0.00,4062880237.96,6673629887.44,0.00,0.00,0.00,0.00,0,0,0,0
170.00,0.00,0.00,0.00,0.00,0.00,0.00,0.00,0.00,4062880237.96,6673629887.44,0.00,0.00,0.00,0.00,0,0,0,0
172.00,0.00,0.00,0.00,0.00,0.00,0.00,0.00,0.00,4062880237.96,6673629887.44,0.00,0.00,0.00,0.00,0,0,0,0
174.00,0.00,0.00,0.00,0.00,0.00,0.00,0.00,0.00,4062880237.96,6673629887.44,0.00,0.00,0.00,0.00,0,0,0,0
176.00,0.00,0.00,0.00,0.00,0.00,0.00,0.00,0.00,4062880237.96,6673629887.44,0.00,0.00,0.00,0.00,0,0,0,0
178.00,0.00,0.00,0.00,0.00,0.00,0.00,0.00,0.00,4062880237.96,6673629887.44,0.00,0.00,0.00,0.00,0,0,0,0
180.00,0.00,0.00,0.00,0.00,0.00,0.00,0.00,0.00,4062880237.96,6673629887.44,0.00,0.00,0.00,0.00,0,0,0,0
182.00,0.00,0.00,0.00,0.00,0.00,0.00,0.00,0.00,4062880237.96,6673629887.44,0.00,0.00,0.00,0.00,0,0,0,0
184.00,0.00,0.00,0.00,0.00,0.00,0.00,0.00,0.00,4062880237.96,6673629887.44,0.00,0.00,0.00,0.00,0,0,0,0
186.00,0.00,0.00,0.00,0.00,0.00,0.00,0.00,0.00,4062880237.96,6673629887.44,0.00,0.00,0.00,0.00,0,0,0,0
188.00,0.00,0.00,0.00,0.00,0.00,0.00,0.00,0.00,4062880237.96,6673629887.44,0.00,0.00,0.00,0.00,0,0,0,0
190.00,0.00,0.00,0.00,0.00,0.00,0.00,0.00,0.00,4062880237.96,6673629887.44,0.00,0.00,0.00,0.00,0,0,0,0
192.00,0.00,0.00,0.00,0.00,0.00,0.00,0.00,0.00,4062880237.96,6673629887.44,0.00,0.00,0.00,0.00,0,0,0,0
194.00,0.00,0.00,0.00,0.00,0.00,0.00,0.00,0.00,4062880237.96,6673629887.44,0.00,0.00,0.00,0.00,0,0,0,0
196.00,0.00,0.00,0.00,0.00,0.00,0.00,0.00,0.00,4062880237.96,6673629887.44,0.00,0.00,0.00,0.00,0,0,0,0
198.00,0.00,0.00,0.00,0.00,0.00,0.00,0.00,0.00,4062880237.96,6673629887.44,0.00,0.00,0.00,0.00,0,0,0,0
200.00,0.00,0.00,0.00,0.00,0.00,0.00,0.00,0.00,4062880237.96,6673629887.44,0.00,0.00,0.00,0.00,0,0,0,0
202.00,0.00,0.00,0.00,0.00,0.00,0.00,0.00,0.00,4062880237.96,6673629887.44,0.00,0.00,0.00,0.00,0,0,0,0
204.00,0.00,0.00,0.00,0.00,0.00,0.00,0.00,0.00,4062880237.96,6673629887.44,0.00,0.00,0.00,0.00,0,0,0,0
206.00,0.00,0.00,0.00,0.00,0.00,0.00,0.00,0.00,4062880237.96,6673629887.44,0.00,0.00,0.00,0.00,0,0,0,0
208.00,0.00,0.00,0.00,0.00,0.00,0.00,0.00,0.00,4062880237.96,6673629887.44,0.00,0.00,0.00,0.00,0,0,0,0
210.00,0.00,0.00,0.00,0.00,0.00,0.00,0.00,0.00,4062880237.96,6673629887.44,0.00,0.00,0.00,0.00,0,0,0,0
212.00,0.00,0.00,0.00,0.00,0.00,0.00,0.00,0.00,4062880237.96,6673629887.44,0.00,0.00,0.00,0.00,0,0,0,0
214.00,0.00,0.00,0.00,0.00,0.00,0.00,0.00,0.00,4062880237.96,6673629887.44,0.00,0.00,0.00,0.00,0,0,0,0
216.00,0.00,0.00,0.00,0.00,0.00,0.00,0.00,0.00,4062880237.96,6673629887.44,0.00,0.00,0.00,0.00,0,0,0,0
218.00,0.00,0.00,0.00,0.00,0.00,0.00,0.00,0.00,4062880237.96,6673629887.44,0.00,0.00,0.00,0.00,0,0,0,0
220.00,0.00,0.00,0.00,0.00,0.00,0.00,0.00,0.00,4062880237.96,6673629887.44,0.00,0.00,0.00,0.00,0,0,0,0
222.00,0.00,0.00,0.00,0.00,0.00,0.00,0.00,0.00,4062880237.96,6673629887.44,0.00,0.00,0.00,0.00,0,0,0,0
224.00,0.00,0.00,0.00,0.00,0.00,0.00,0.00,0.00,4062880237.96,6673629887.44,0.00,0.00,0.00,0.00,0,0,0,0
226.00,0.00,0.00,0.00,0.00,0.00,0.00,0.00,0.00,4062880237.96,6673629887.44,0.00,0.00,0.00,0.00,0,0,0,0
228.00,0.00,0.00,0.00,0.00,0.00,0.00,0.00,0.00,4062880237.96,6673629887.44,0.00,0.00,0.00,0.00,0,0,0,0
230.00,0.00,0.00,0.00,0.00,0.00,0.00,0.00,0.00,4062880237.96,6673629887.44,0.00,0.00,0.00,0.00,0,0,0,0
232.00,0.00,0.00,0.00,0.00,0.00,0.00,0.00,0.00,4062880237.96,6673629887.44,0.00,0.00,0.00,0.00,0,0,0,0
234.00,0.00,0.00,0.00,0.00,0.00,0.00,0.00,0.00,4062880237.96,6673629887.44,0.00,0.00,0.00,0.00,0,0,0,0
236.00,0.00,0.00,0.00,0.00,0.00,0.00,0.00,0.00,4062880237.96,6673629887.44,0.00,0.00,0.00,0.00,0,0,0,0
238.00,0.00,0.00,0.00,0.00,0.00,0.00,0.00,0.00,4062880237.96,6673629887.44,0.00,0.00,0.00,0.00,0,0,0,0
240.00,0.00,0.00,0.00,0.00,0.00,0.00,0.00,0.00,4062880237.96,6673629887.44,0.00,0.00,0.00,0.00,0,0,0,0
242.00,0.00,0.00,0.00,0.00,0.00,0.00,0.00,0.00,4062880237.96,6673629887.44,0.00,0.00,0.00,0.00,0,0,0,0
244.00,0.00,0.00,0.00,0.00,0.00,0.00,0.00,0.00,4062880237.96,6673629887.44,0.00,0.00,0.00,0.00,0,0,0,0
246.00,0.00,0.00,0.00,0.00,0.00,0.00,0.00,0.00,4062880237.96,6673629887.44,0.00,0.00,0.00,0.00,0,0,0,0
248.00,0.00,0.00,0.00,0.00,0.00,0.00,0.00,0.00,4062880237.96,6673629887.44,0.00,0.00,0.00,0.00,0,0,0,0
250.00,0.00,0.00,0.00,0.00,0.00,0.00,0.00,0.00,4062880237.96,6673629887.44,0.00,0.00,0.00,0.00,0,0,0,0
252.00,0.00,0.00,0.00,0.00,0.00,0.00,0.00,0.00,4062880237.96,6673629887.44,0.00,0.00,0.00,0.00,0,0,0,0
254.00,0.00,0.00,0.00,0.00,0.00,0.00,0.00,0.00,4062880237.96,6673629887.44,0.00,0.00,0.00,0.00,0,0,0,0
256.00,0.00,0.00,0.00,0.00,0.00,0.00,0.00,0.00,4062880237.96,6673629887.44,0.00,0.00,0.00,0.00,0,0,0,0
258.00,0.00,0.00,0.00,0.00,0.00,0.00,0.00,0.00,4062880237.96,6673629887.44,0.00,0.00,0.00,0.00,0,0,0,0
260.00,0.00,0.00,0.00,0.00,0.00,0.00,0.00,0.00,4062880237.96,6673629887.44,0.00,0.00,0.00,0.00,0,0,0,0
262.00,0.00,0.00,0.00,0.00,0.00,0.00,0.00,0.00,4062880237.96,6673629887.44,0.00,0.00,0.00,0.00,0,0,0,0
264.00,0.00,0.00,0.00,0.00,0.00,0.00,0.00,0.00,4062880237.96,6673629887.44,0.00,0.00,0.00,0.00,0,0,0,0
266.00,0.00,0.00,0.00,0.00,0.00,0.00,0.00,0.00,4062880237.96,6673629887.44,0.00,0.00,0.00,0.00,0,0,0,0
268.00,0.00,0.00,0.00,0.00,0.00,0.00,0.00,0.00,4062880237.96,6673629887.44,0.00,0.00,0.00,0.00,0,0,0,0
270.00,0.00,0.00,0.00,0.00,0.00,0.00,0.00,0.00,4062880237.96,6673629887.44,0.00,0.00,0.00,0.00,0,0,0,0
272.00,0.00,0.00,0.00,0.00,0.00,0.00,0.00,0.00,4062880237.96,6673629887.44,0.00,0.00,0.00,0.00,0,0,0,0
274.00,0.00,0.00,0.00,0.00,0.00,0.00,0.00,0.00,4062880237.96,6673629887.44,0.00,0.00,0.00,0.00,0,0,0,0
276.00,0.00,0.00,0.00,0.00,0.00,0.00,0.00,0.00,4062880237.96,6673629887.44,0.00,0.00,0.00,0.00,0,0,0,0
278.00,0.00,0.00,0.00,0.00,0.00,0.00,0.00,0.00,4062880237.96,6673629887.44,0.00,0.00,0.00,0.00,0,0,0,0
280.00,0.00,0.00,0.00,0.00,0.00,0.00,0.00,0.00,4062880237.96,6673629887.44,0.00,0.00,0.00,0.00,0,0,0,0
282.00,0.00,0.00,0.00,0.00,0.00,0.00,0.00,0.00,4062880237.96,6673629887.44,0.00,0.00,0.00,0.00,0,0,0,0
284.00,0.00,0.00,0.00,0.00,0.00,0.00,0.00,0.00,4062880237.96,6673629887.44,0.00,0.00,0.00,0.00,0,0,0,0
286.00,0.00,0.00,0.00,0.00,0.00,0.00,0.00,0.00,4062880237.96,6673629887.44,0.00,0.00,0.00,0.00,0,0,0,0
288.00,0.00,0.00,0.00,0.00,0.00,0.00,0.00,0.00,4062880237.96,6673629887.44,0.00,0.00,0.00,0.00,0,0,0,0
290.00,0.00,0.00,0.00,0.00,0.00,0.00,0.00,0.00,4062880237.96,6673629887.44,0.00,0.00,0.00,0.00,0,0,0,0
292.00,0.00,0.00,0.00,0.00,0.00,0.00,0.00,0.00,4062880237.96,6673629887.44,0.00,0.00,0.00,0.00,0,0,0,0
294.00,0.00,0.00,0.00,0.00,0.00,0.00,0.00,0.00,4062880237.96,6673629887.44,0.00,0.00,0.00,0.00,0,0,0,0
296.00,0.00,0.00,0.00,0.00,0.00,0.00,0.00,0.00,4062880237.96,6673629887.44,0.00,0.00,0.00,0.00,0,0,0,0
298.00,0.00,0.00,0.00,0.00,0.00,0.00,0.00,0.00,4062880237.96,6673629887.44,0.00,0.00,0.00,0.00,0,0,0,0
300.00,0.00,0.00,0.00,0.00,0.00,0.00,0.00,0.00,4062880237.96,6673629887.44,0.00,0.00,0.00,0.00,0,0,0,0
302.00,0.00,0.00,0.00,0.00,0.00,0.00,0.00,0.00,4062880237.96,6673629887.44,0.00,0.00,0.00,0.00,0,0,0,0
304.00,0.00,0.00,0.00,0.00,0.00,0.00,0.00,0.00,4062880237.96,6673629887.44,0.00,0.00,0.00,0.00,0,0,0,0
306.00,0.00,0.00,0.00,0.00,0.00,0.00,0.00,0.00,4062880237.96,6673629887.44,0.00,0.00,0.00,0.00,0,0,0,0
308.00,0.00,0.00,0.00,0.00,0.00,0.00,0.00,0.00,4062880237.96,6673629887.44,0.00,0.00,0.00,0.00,0,0,0,0
310.00,0.00,0.00,0.00,0.00,0.00,0.00,0.00,0.00,4062880237.96,6673629887.44,0.00,0.00,0.00,0.00,0,0,0,0
312.00,0.00,0.00,0.00,0.00,0.00,0.00,0.00,0.00,4062880237.96,6673629887.44,0.00,0.00,0.00,0.00,0,0,0,0
314.00,0.00,0.00,0.00,0.00,0.00,0.00,0.00,0.00,4062880237.96,6673629887.44,0.00,0.00,0.00,0.00,0,0,0,0
316.00,0.00,0.00,0.00,0.00,0.00,0.00,0.00,0.00,4062880237.96,6673629887.44,0.00,0.00,0.00,0.00,0,0,0,0
318.00,0.00,0.00,0.00,0.00,0.00,0.00,0.00,0.00,4062880237.96,6673629887.44,0.00,0.00,0.00,0.00,0,0,0,0
320.00,0.00,0.00,0.00,0.00,0.00,0.00,0.00,0.00,4062880237.96,6673629887.44,0.00,0.00,0.00,0.00,0,0,0,0
322.00,0.00,0.00,0.00,0.00,0.00,0.00,0.00,0.00,4062880237.96,6673629887.44,0.00,0.00,0.00,0.00,0,0,0,0
324.00,0.00,0.00,0.00,0.00,0.00,0.00,0.00,0.00,4062880237.96,6673629887.44,0.00,0.00,0.00,0.00,0,0,0,0
326.00,0.00,0.00,0.00,0.00,0.00,0.00,0.00,0.00,4062880237.96,6673629887.44,0.00,0.00,0.00,0.00,0,0,0,0
328.00,0.00,0.00,0.00,0.00,0.00,0.00,0.00,0.00,4062880237.96,6673629887.44,0.00,0.00,0.00,0.00,0,0,0,0
330.00,0.00,0.00,0.00,0.00,0.00,0.00,0.00,0.00,4062880237.96,6673629887.44,0.00,0.00,0.00,0.00,0,0,0,0
332.00,0.00,0.00,0.00,0.00,0.00,0.00,0.00,0.00,4062880237.96,6673629887.44,0.00,0.00,0.00,0.00,0,0,0,0
334.00,0.00,0.00,0.00,0.00,0.00,0.00,0.00,0.00,4062880237.96,6673629887.44,0.00,0.00,0.00,0.00,0,0,0,0
336.00,0.00,0.00,0.00,0.00,0.00,0.00,0.00,0.00,4062880237.96,6673629887.44,0.00,0.00,0.00,0.00,0,0,0,0
338.00,0.00,0.00,0.00,0.00,0.00,0.00,0.00,0.00,4062880237.96,6673629887.44,0.00,0.00,0.00,0.00,0,0,0,0
340.00,0.00,0.00,0.00,0.00,0.00,0.00,0.00,0.00,4062880237.96,6673629887.44,0.00,0.00,0.00,0.00,0,0,0,0
342.00,0.00,0.00,0.00,0.00,0.00,0.00,0.00,0.00,4062880237.96,6673629887.44,0.00,0.00,0.00,0.00,0,0,0,0
344.00,0.00,0.00,0.00,0.00,0.00,0.00,0.00,0.00,4062880237.96,6673629887.44,0.00,0.00,0.00,0.00,0,0,0,0
346.00,0.00,0.00,0.00,0.00,0.00,0.00,0.00,0.00,4062880237.96,6673629887.44,0.00,0.00,0.00,0.00,0,0,0,0
348.00,0.00,0.00,0.00,0.00,0.00,0.00,0.00,0.00,4062880237.96,6673629887.44,0.00,0.00,0.00,0.00,0,0,0,0
350.00,0.00,0.00,0.00,0.00,0.00,0.00,0.00,0.00,4062880237.96,6673629887.44,0.00,0.00,0.00,0.00,0,0,0,0
352.00,0.00,0.00,0.00,0.00,0.00,0.00,0.00,0.00,4062880237.96,6673629887.44,0.00,0.00,0.00,0.00,0,0,0,0
354.00,0.00,0.00,0.00,0.00,0.00,0.00,0.00,0.00,4062880237.96,6673629887.44,0.00,0.00,0.00,0.00,0,0,0,0
356.00,0.00,0.00,0.00,0.00,0.00,0.00,0.00,0.00,4062880237.96,6673629887.44,0.00,0.00,0.00,0.00,0,0,0,0
358.00,0.00,0.00,0.00,0.00,0.00,0.00,0.00,0.00,4062880237.96,6673629887.44,0.00,0.00,0.00,0.00,0,0,0,0
360.00,0.00,0.00,0.00,0.00,0.00,0.00,0.00,0.00,4062880237.96,6673629887.44,0.00,0.00,0.00,0.00,0,0,0,0
362.00,0.00,0.00,0.00,0.00,0.00,0.00,0.00,0.00,4062880237.96,6673629887.44,0.00,0.00,0.00,0.00,0,0,0,0
364.00,0.00,0.00,0.00,0.00,0.00,0.00,0.00,0.00,4062880237.96,6673629887.44,0.00,0.00,0.00,0.00,0,0,0,0
366.00,0.00,0.00,0.00,0.00,0.00,0.00,0.00,0.00,4062880237.96,6673629887.44,0.00,0.00,0.00,0.00,0,0,0,0
368.00,0.00,0.00,0.00,0.00,0.00,0.00,0.00,0.00,4062880237.96,6673629887.44,0.00,0.00,0.00,0.00,0,0,0,0
370.00,0.00,0.00,0.00,0.00,0.00,0.00,0.00,0.00,4062880237.96,6673629887.44,0.00,0.00,0.00,0.00,0,0,0,0
372.00,0.00,0.00,0.00,0.00,0.00,0.00,0.00,0.00,4062880237.96,6673629887.44,0.00,0.00,0.00,0.00,0,0,0,0
374.00,0.00,0.00,0.00,0.00,0.00,0.00,0.00,0.00,4062880237.96,6673629887.44,0.00,0.00,0.00,0.00,0,0,0,0
376.00,0.00,0.00,0.00,0.00,0.00,0.00,0.00,0.00,4062880237.96,6673629887.44,0.00,0.00,0.00,0.00,0,0,0,0
378.00,0.00,0.00,0.00,0.00,0.00,0.00,0.00,0.00,4062880237.96,6673629887.44,0.00,0.00,0.00,0.00,0,0,0,0
380.00,0.00,0.00,0.00,0.00,0.00,0.00,0.00,0.00,4062880237.96,6673629887.44,0.00,0.00,0.00,0.00,0,0,0,0
382.00,0.00,0.00,0.00,0.00,0.00,0.00,0.00,0.00,4062880237.96,6673629887.44,0.00,0.00,0.00,0.00,0,0,0,0
384.00,0.00,0.00,0.00,0.00,0.00,0.00,0.00,0.00,4062880237.96,6673629887.44,0.00,0.00,0.00,0.00,0,0,0,0
386.00,0.00,0.00,0.00,0.00,0.00,0.00,0.00,0.00,4062880237.96,6673629887.44,0.00,0.00,0.00,0.00,0,0,0,0
388.00,0.00,0.00,0.00,0.00,0.00,0.00,0.00,0.00,4062880237.96,6673629887.44,0.00,0.00,0.00,0.00,0,0,0,0
390.00,0.00,0.00,0.00,0.00,0.00,0.00,0.00,0.00,4062880237.96,6673629887.44,0.00,0.00,0.00,0.00,0,0,0,0
392.00,0.00,0.00,0.00,0.00,0.00,0.00,0.00,0.00,4062880237.96,6673629887.44,0.00,0.00,0.00,0.00,0,0,0,0
394.00,0.00,0.00,0.00,0.00,0.00,0.00,0.00,0.00,4062880237.96,6673629887.44,0.00,0.00,0.00,0.00,0,0,0,0
396.00,0.00,0.00,0.00,0.00,0.00,0.00,0.00,0.00,4062880237.96,6673629887.44,0.00,0.00,0.00,0.00,0,0,0,0
398.00,0.00,0.00,0.00,0.00,0.00,0.00,0.00,0.00,4062880237.96,6673629887.44,0.00,0.00,0.00,0.00,0,0,0,0
400.00,0.00,0.00,0.00,0.00,0.00,0.00,0.00,0.00,4062880237.96,6673629887.44,0.00,0.00,0.00,0.00,0,0,0,0
402.00,0.00,0.00,0.00,0.00,0.00,0.00,0.00,0.00,4062880237.96,6673629887.44,0.00,0.00,0.00,0.00,0,0,0,0
404.00,0.00,0.00,0.00,0.00,0.00,0.00,0.00,0.00,4062880237.96,6673629887.44,0.00,0.00,0.00,0.00,0,0,0,0
406.00,0.00,0.00,0.00,0.00,0.00,0.00,0.00,0.00,4062880237.96,6673629887.44,0.00,0.00,0.00,0.00,0,0,0,0
408.00,0.00,0.00,0.00,0.00,0.00,0.00,0.00,0.00,4062880237.96,6673629887.44,0.00,0.00,0.00,0.00,0,0,0,0
410.00,0.00,0.00,0.00,0.00,0.00,0.00,0.00,0.00,4062880237.96,6673629887.44,0.00,0.00,0.00,0.00,0,0,0,0
412.00,0.00,0.00,0.00,0.00,0.00,0.00,0.00,0.00,4062880237.96,6673629887.44,0.00,0.00,0.00,0.00,0,0,0,0
414.00,0.00,0.00,0.00,0.00,0.00,0.00,0.00,0.00,4062880237.96,6673629887.44,0.00,0.00,0.00,0.00,0,0,0,0
416.00,0.00,0.00,0.00,0.00,0.00,0.00,0.00,0.00,4062880237.96,6673629887.44,0.00,0.00,0.00,0.00,0,0,0,0
418.00,0.00,0.00,0.00,0.00,0.00,0.00,0.00,0.00,4062880237.96,6673629887.44,0.00,0.00,0.00,0.00,0,0,0,0
420.00,0.00,0.00,0.00,0.00,0.00,0.00,0.00,0.00,4062880237.96,6673629887.44,0.00,0.00,0.00,0.00,0,0,0,0
422.00,0.00,0.00,0.00,0.00,0.00,0.00,0.00,0.00,4062880237.96,6673629887.44,0.00,0.00,0.00,0.00,0,0,0,0
424.00,0.00,0.00,0.00,0.00,0.00,0.00,0.00,0.00,4062880237.96,6673629887.44,0.00,0.00,0.00,0.00,0,0,0,0
426.00,0.00,0.00,0.00,0.00,0.00,0.00,0.00,0.00,4062880237.96,6673629887.44,0.00,0.00,0.00,0.00,0,0,0,0
428.00,0.00,0.00,0.00,0.00,0.00,0.00,0.00,0.00,4062880237.96,6673629887.44,0.00,0.00,0.00,0.00,0,0,0,0
430.00,0.00,0.00,0.00,0.00,0.00,0.00,0.00,0.00,4062880237.96,6673629887.44,0.00,0.00,0.00,0.00,0,0,0,0
432.00,0.00,0.00,0.00,0.00,0.00,0.00,0.00,0.00,4062880237.96,6673629887.44,0.00,0.00,0.00,0.00,0,0,0,0
434.00,0.00,0.00,0.00,0.00,0.00,0.00,0.00,0.00,4062880237.96,6673629887.44,0.00,0.00,0.00,0.00,0,0,0,0
436.00,0.00,0.00,0.00,0.00,0.00,0.00,0.00,0.00,4062880237.96,6673629887.44,0.00,0.00,0.00,0.00,0,0,0,0
438.00,0.00,0.00,0.00,0.00,0.00,0.00,0.00,0.00,4062880237.96,6673629887.44,0.00,0.00,0.00,0.00,0,0,0,0
440.00,0.00,0.00,0.00,0.00,0.00,0.00,0.00,0.00,4062880237.96,6673629887.44,0.00,0.00,0.00,0.00,0,0,0,0
442.00,0.00,0.00,0.00,0.00,0.00,0.00,0.00,0.00,4062880237.96,6673629887.44,0.00,0.00,0.00,0.00,0,0,0,0
444.00,0.00,0.00,0.00,0.00,0.00,0.00,0.00,0.00,4062880237.96,6673629887.44,0.00,0.00,0.00,0.00,0,0,0,0
446.00,0.00,0.00,0.00,0.00,0.00,0.00,0.00,0.00,4062880237.96,6673629887.44,0.00,0.00,0.00,0.00,0,0,0,0
448.00,0.00,0.00,0.00,0.00,0.00,0.00,0.00,0.00,4062880237.96,6673629887.44,0.00,0.00,0.00,0.00,0,0,0,0
450.00,0.00,0.00,0.00,0.00,0.00,0.00,0.00,0.00,4062880237.96,6673629887.44,0.00,0.00,0.00,0.00,0,0,0,0
452.00,0.00,0.00,0.00,0.00,0.00,0.00,0.00,0.00,4062880237.96,6673629887.44,0.00,0.00,0.00,0.00,0,0,0,0
454.00,0.00,0.00,0.00,0.00,0.00,0.00,0.00,0.00,4062880237.96,6673629887.44,0.00,0.00,0.00,0.00,0,0,0,0
456.00,0.00,0.00,0.00,0.00,0.00,0.00,0.00,0.00,4062880237.96,6673629887.44,0.00,0.00,0.00,0.00,0,0,0,0
458.00,0.00,0.00,0.00,0.00,0.00,0.00,0.00,0.00,4062880237.96,6673629887.44,0.00,0.00,0.00,0.00,0,0,0,0
460.00,0.00,0.00,0.00,0.00,0.00,0.00,0.00,0.00,4062880237.96,6673629887.44,0.00,0.00,0.00,0.00,0,0,0,0
462.00,0.00,0.00,0.00,0.00,0.00,0.00,0.00,0.00,4062880237.96,6673629887.44,0.00,0.00,0.00,0.00,0,0,0,0
464.00,0.00,0.00,0.00,0.00,0.00,0.00,0.00,0.00,4062880237.96,6673629887.44,0.00,0.00,0.00,0.00,0,0,0,0
466.00,0.00,0.00,0.00,0.00,0.00,0.00,0.00,0.00,4062880237.96,6673629887.44,0.00,0.00,0.00,0.00,0,0,0,0
468.00,0.00,0.00,0.00,0.00,0.00,0.00,0.00,0.00,4062880237.96,6673629887.44,0.00,0.00,0.00,0.00,0,0,0,0
470.00,0.00,0.00,0.00,0.00,0.00,0.00,0.00,0.00,4062880237.96,6673629887.44,0.00,0.00,0.00,0.00,0,0,0,0
472.00,0.00,0.00,0.00,0.00,0.00,0.00,0.00,0.00,4062880237.96,6673629887.44,0.00,0.00,0.00,0.00,0,0,0,0
474.00,0.00,0.00,0.00,0.00,0.00,0.00,0.00,0.00,4062880237.96,6673629887.44,0.00,0.00,0.00,0.00,0,0,0,0
476.00,0.00,0.00,0.00,0.00,0.00,0.00,0.00,0.00,4062880237.96,6673629887.44,0.00,0.00,0.00,0.00,0,0,0,0
478.00,0.00,0.00,0.00,0.00,0.00,0.00,0.00,0.00,4062880237.96,6673629887.44,0.00,0.00,0.00,0.00,0,0,0,0
480.00,0.00,0.00,0.00,0.00,0.00,0.00,0.00,0.00,4062880237.96,6673629887.44,0.00,0.00,0.00,0.00,0,0,0,0
482.00,0.00,0.00,0.00,0.00,0.00,0.00,0.00,0.00,4062880237.96,6673629887.44,0.00,0.00,0.00,0.00,0,0,0,0
484.00,0.00,0.00,0.00,0.00,0.00,0.00,0.00,0.00,4062880237.96,6673629887.44,0.00,0.00,0.00,0.00,0,0,0,0
486.00,0.00,0.00,0.00,0.00,0.00,0.00,0.00,0.00,4062880237.96,6673629887.44,0.00,0.00,0.00,0.00,0,0,0,0
488.00,0.00,0.00,0.00,0.00,0.00,0.00,0.00,0.00,4062880237.96,6673629887.44,0.00,0.00,0.00,0.00,0,0,0,0
490.00,0.00,0.00,0.00,0.00,0.00,0.00,0.00,0.00,4062880237.96,6673629887.44,0.00,0.00,0.00,0.00,0,0,0,0
492.00,0.00,0.00,0.00,0.00,0.00,0.00,0.00,0.00,4062880237.96,6673629887.44,0.00,0.00,0.00,0.00,0,0,0,0
494.00,0.00,0.00,0.00,0.00,0.00,0.00,0.00,0.00,4062880237.96,6673629887.44,0.00,0.00,0.00,0.00,0,0,0,0
496.00,0.00,0.00,0.00,0.00,0.00,0.00,0.00,0.00,4062880237.96,6673629887.44,0.00,0.00,0.00,0.00,0,0,0,0
498.00,0.00,0.00,0.00,0.00,0.00,0.00,0.00,0.00,4062880237.96,6673629887.44,0.00,0.00,0.00,0.00,0,0,0,0
500.00,0.00,0.00,0.00,0.00,0.00,0.00,0.00,0.00,4062880237.96,6673629887.44,0.00,0.00,0.00,0.00,0,0,0,0
502.00,0.00,0.00,0.00,0.00,0.00,0.00,0.00,0.00,4062880237.96,6673629887.44,0.00,0.00,0.00,0.00,0,0,0,0
504.00,0.00,0.00,0.00,0.00,0.00,0.00,0.00,0.00,4062880237.96,6673629887.44,0.00,0.00,0.00,0.00,0,0,0,0
506.00,0.00,0.00,0.00,0.00,0.00,0.00,0.00,0.00,4062880237.96,6673629887.44,0.00,0.00,0.00,0.00,0,0,0,0
508.00,0.00,0.00,0.00,0.00,0.00,0.00,0.00,0.00,4062880237.96,6673629887.44,0.00,0.00,0.00,0.00,0,0,0,0
510.00,0.00,0.00,0.00,0.00,0.00,0.00,0.00,0.00,4062880237.96,6673629887.44,0.00,0.00,0.00,0.00,0,0,0,0
512.00,0.00,0.00,0.00,0.00,0.00,0.00,0.00,0.00,4062880237.96,6673629887.44,0.00,0.00,0.00,0.00,0,0,0,0
514.00,0.00,0.00,0.00,0.00,0.00,0.00,0.00,0.00,4062880237.96,6673629887.44,0.00,0.00,0.00,0.00,0,0,0,0
516.00,0.00,0.00,0.00,0.00,0.00,0.00,0.00,0.00,4062880237.96,6673629887.44,0.00,0.00,0.00,0.00,0,0,0,0
518.00,0.00,0.00,0.00,0.00,0.00,0.00,0.00,0.00,4062880237.96,6673629887.44,0.00,0.00,0.00,0.00,0,0,0,0
520.00,0.00,0.00,0.00,0.00,0.00,0.00,0.00,0.00,4062880237.96,6673629887.44,0.00,0.00,0.00,0.00,0,0,0,0
522.00,0.00,0.00,0.00,0.00,0.00,0.00,0.00,0.00,4062880237.96,6673629887.44,0.00,0.00,0.00,0.00,0,0,0,0
524.00,0.00,0.00,0.00,0.00,0.00,0.00,0.00,0.00,4062880237.96,6673629887.44,0.00,0.00,0.00,0.00,0,0,0,0
526.00,0.00,0.00,0.00,0.00,0.00,0.00,0.00,0.00,4062880237.96,6673629887.44,0.00,0.00,0.00,0.00,0,0,0,0
528.00,0.00,0.00,0.00,0.00,0.00,0.00,0.00,0.00,4062880237.96,6673629887.44,0.00,0.00,0.00,0.00,0,0,0,0
530.00,0.00,0.00,0.00,0.00,0.00,0.00,0.00,0.00,4062880237.96,6673629887.44,0.00,0.00,0.00,0.00,0,0,0,0
532.00,0.00,0.00,0.00,0.00,0.00,0.00,0.00,0.00,4062880237.96,6673629887.44,0.00,0.00,0.00,0.00,0,0,0,0
534.00,0.00,0.00,0.00,0.00,0.00,0.00,0.00,0.00,4062880237.96,6673629887.44,0.00,0.00,0.00,0.00,0,0,0,0
536.00,0.00,0.00,0.00,0.00,0.00,0.00,0.00,0.00,4062880237.96,6673629887.44,0.00,0.00,0.00,0.00,0,0,0,0
538.00,0.00,0.00,0.00,0.00,0.00,0.00,0.00,0.00,4062880237.96,6673629887.44,0.00,0.00,0.00,0.00,0,0,0,0
540.00,0.00,0.00,0.00,0.00,0.00,0.00,0.00,0.00,4062880237.96,6673629887.44,0.00,0.00,0.00,0.00,0,0,0,0
542.00,0.00,0.00,0.00,0.00,0.00,0.00,0.00,0.00,4062880237.96,6673629887.44,0.00,0.00,0.00,0.00,0,0,0,0
544.00,0.00,0.00,0.00,0.00,0.00,0.00,0.00,0.00,4062880237.96,6673629887.44,0.00,0.00,0.00,0.00,0,0,0,0
546.00,0.00,0.00,0.00,0.00,0.00,0.00,0.00,0.00,4062880237.96,6673629887.44,0.00,0.00,0.00,0.00,0,0,0,0
548.00,0.00,0.00,0.00,0.00,0.00,0.00,0.00,0.00,4062880237.96,6673629887.44,0.00,0.00,0.00,0.00,0,0,0,0
550.00,0.00,0.00,0.00,0.00,0.00,0.00,0.00,0.00,4062880237.96,6673629887.44,0.00,0.00,0.00,0.00,0,0,0,0
552.00,0.00,0.00,0.00,0.00,0.00,0.00,0.00,0.00,4062880237.96,6673629887.44,0.00,0.00,0.00,0.00,0,0,0,0
554.00,0.00,0.00,0.00,0.00,0.00,0.00,0.00,0.00,4062880237.96,6673629887.44,0.00,0.00,0.00,0.00,0,0,0,0
556.00,0.00,0.00,0.00,0.00,0.00,0.00,0.00,0.00,4062880237.96,6673629887.44,0.00,0.00,0.00,0.00,0,0,0,0
558.00,0.00,0.00,0.00,0.00,0.00,0.00,0.00,0.00,4062880237.96,6673629887.44,0.00,0.00,0.00,0.00,0,0,0,0
560.00,0.00,0.00,0.00,0.00,0.00,0.00,0.00,0.00,4062880237.96,6673629887.44,0.00,0.00,0.00,0.00,0,0,0,0
562.00,0.00,0.00,0.00,0.00,0.00,0.00,0.00,0.00,4062880237.96,6673629887.44,0.00,0.00,0.00,0.00,0,0,0,0
564.00,0.00,0.00,0.00,0.00,0.00,0.00,0.00,0.00,4062880237.96,6673629887.44,0.00,0.00,0.00,0.00,0,0,0,0
566.00,0.00,0.00,0.00,0.00,0.00,0.00,0.00,0.00,4062880237.96,6673629887.44,0.00,0.00,0.00,0.00,0,0,0,0
568.00,0.00,0.00,0.00,0.00,0.00,0.00,0.00,0.00,4062880237.96,6673629887.44,0.00,0.00,0.00,0.00,0,0,0,0
570.00,0.00,0.00,0.00,0.00,0.00,0.00,0.00,0.00,4062880237.96,6673629887.44,0.00,0.00,0.00,0.00,0,0,0,0
572.00,0.00,0.00,0.00,0.00,0.00,0.00,0.00,0.00,4062880237.96,6673629887.44,0.00,0.00,0.00,0.00,0,0,0,0
574.00,0.00,0.00,0.00,0.00,0.00,0.00,0.00,0.00,4062880237.96,6673629887.44,0.00,0.00,0.00,0.00,0,0,0,0
576.00,0.00,0.00,0.00,0.00,0.00,0.00,0.00,0.00,4062880237.96,6673629887.44,0.00,0.00,0.00,0.00,0,0,0,0
578.00,0.00,0.00,0.00,0.00,0.00,0.00,0.00,0.00,4062880237.96,6673629887.44,0.00,0.00,0.00,0.00,0,0,0,0
580.00,0.00,0.00,0.00,0.00,0.00,0.00,0.00,0.00,4062880237.96,6673629887.44,0.00,0.00,0.00,0.00,0,0,0,0
582.00,0.00,0.00,0.00,0.00,0.00,0.00,0.00,0.00,4062880237.96,6673629887.44,0.00,0.00,0.00,0.00,0,0,0,0
584.00,0.00,0.00,0.00,0.00,0.00,0.00,0.00,0.00,4062880237.96,6673629887.44,0.00,0.00,0.00,0.00,0,0,0,0
586.00,0.00,0.00,0.00,0.00,0.00,0.00,0.00,0.00,4062880237.96,6673629887.44,0.00,0.00,0.00,0.00,0,0,0,0
588.00,0.00,0.00,0.00,0.00,0.00,0.00,0.00,0.00,4062880237.96,6673629887.44,0.00,0.00,0.00,0.00,0,0,0,0
590.00,0.00,0.00,0.00,0.00,0.00,0.00,0.00,0.00,4062880237.96,6673629887.44,0.00,0.00,0.00,0.00,0,0,0,0
592.00,0.00,0.00,0.00,0.00,0.00,0.00,0.00,0.00,4062880237.96,6673629887.44,0.00,0.00,0.00,0.00,0,0,0,0
594.00,0.00,0.00,0.00,0.00,0.00,0.00,0.00,0.00,4062880237.96,6673629887.44,0.00,0.00,0.00,0.00,0,0,0,0
596.00,0.00,0.00,0.00,0.00,0.00,0.00,0.00,0.00,4062880237.96,6673629887.44,0.00,0.00,0.00,0.00,0,0,0,0
598.00,0.00,0.00,0.00,0.00,0.00,0.00,0.00,0.00,4062880237.96,6673629887.44,0.00,0.00,0.00,0.00,0,0,0,0
600.00,0.00,0.00,0.00,0.00,0.00,0.00,0.00,0.00,4062880237.96,6673629887.44,0.00,0.00,0.00,0.00,0,0,0,0
602.00,0.00,0.00,0.00,0.00,0.00,0.00,0.00,0.00,4062880237.96,6673629887.44,0.00,0.00,0.00,0.00,0,0,0,0
604.00,0.00,0.00,0.00,0.00,0.00,0.00,0.00,0.00,4062880237.96,6673629887.44,0.00,0.00,0.00,0.00,0,0,0,0
606.00,0.00,0.00,0.00,0.00,0.00,0.00,0.00,0.00,4062880237.96,6673629887.44,0.00,0.00,0.00,0.00,0,0,0,0
608.00,0.00,0.00,0.00,0.00,0.00,0.00,0.00,0.00,4062880237.96,6673629887.44,0.00,0.00,0.00,0.00,0,0,0,0
610.00,0.00,0.00,0.00,0.00,0.00,0.00,0.00,0.00,4062880237.96,6673629887.44,0.00,0.00,0.00,0.00,0,0,0,0
612.00,0.00,0.00,0.00,0.00,0.00,0.00,0.00,0.00,4062880237.96,6673629887.44,0.00,0.00,0.00,0.00,0,0,0,0
614.00,0.00,0.00,0.00,0.00,0.00,0.00,0.00,0.00,4062880237.96,6673629887.44,0.00,0.00,0.00,0.00,0,0,0,0
616.00,0.00,0.00,0.00,0.00,0.00,0.00,0.00,0.00,4062880237.96,6673629887.44,0.00,0.00,0.00,0.00,0,0,0,0
618.00,0.00,0.00,0.00,0.00,0.00,0.00,0.00,0.00,4062880237.96,6673629887.44,0.00,0.00,0.00,0.00,0,0,0,0
620.00,0.00,0.00,0.00,0.00,0.00,0.00,0.00,0.00,4062880237.96,6673629887.44,0.00,0.00,0.00,0.00,0,0,0,0
622.00,0.00,0.00,0.00,0.00,0.00,0.00,0.00,0.00,4062880237.96,6673629887.44,0.00,0.00,0.00,0.00,0,0,0,0
624.00,0.00,0.00,0.00,0.00,0.00,0.00,0.00,0.00,4062880237.96,6673629887.44,0.00,0.00,0.00,0.00,0,0,0,0
626.00,0.00,0.00,0.00,0.00,0.00,0.00,0.00,0.00,4062880237.96,6673629887.44,0.00,0.00,0.00,0.00,0,0,0,0
628.00,0.00,0.00,0.00,0.00,0.00,0.00,0.00,0.00,4062880237.96,6673629887.44,0.00,0.00,0.00,0.00,0,0,0,0
630.00,0.00,0.00,0.00,0.00,0.00,0.00,0.00,0.00,4062880237.96,6673629887.44,0.00,0.00,0.00,0.00,0,0,0,0
632.00,0.00,0.00,0.00,0.00,0.00,0.00,0.00,0.00,4062880237.96,6673629887.44,0.00,0.00,0.00,0.00,0,0,0,0
634.00,0.00,0.00,0.00,0.00,0.00,0.00,0.00,0.00,4062880237.96,6673629887.44,0.00,0.00,0.00,0.00,0,0,0,0
636.00,0.00,0.00,0.00,0.00,0.00,0.00,0.00,0.00,4062880237.96,6673629887.44,0.00,0.00,0.00,0.00,0,0,0,0
638.00,0.00,0.00,0.00,0.00,0.00,0.00,0.00,0.00,4062880237.96,6673629887.44,0.00,0.00,0.00,0.00,0,0,0,0
640.00,0.00,0.00,0.00,0.00,0.00,0.00,0.00,0.00,4062880237.96,6673629887.44,0.00,0.00,0.00,0.00,0,0,0,0
642.00,0.00,0.00,0.00,0.00,0.00,0.00,0.00,0.00,4062880237.96,6673629887.44,0.00,0.00,0.00,0.00,0,0,0,0
644.00,0.00,0.00,0.00,0.00,0.00,0.00,0.00,0.00,4062880237.96,6673629887.44,0.00,0.00,0.00,0.00,0,0,0,0
646.00,0.00,0.00,0.00,0.00,0.00,0.00,0.00,0.00,4062880237.96,6673629887.44,0.00,0.00,0.00,0.00,0,0,0,0
648.00,0.00,0.00,0.00,0.00,0.00,0.00,0.00,0.00,4062880237.96,6673629887.44,0.00,0.00,0.00,0.00,0,0,0,0
650.00,0.00,0.00,0.00,0.00,0.00,0.00,0.00,0.00,4062880237.96,6673629887.44,0.00,0.00,0.00,0.00,0,0,0,0
652.00,0.00,0.00,0.00,0.00,0.00,0.00,0.00,0.00,4062880237.96,6673629887.44,0.00,0.00,0.00,0.00,0,0,0,0
654.00,0.00,0.00,0.00,0.00,0.00,0.00,0.00,0.00,4062880237.96,6673629887.44,0.00,0.00,0.00,0.00,0,0,0,0
656.00,0.00,0.00,0.00,0.00,0.00,0.00,0.00,0.00,4062880237.96,6673629887.44,0.00,0.00,0.00,0.00,0,0,0,0
658.00,0.00,0.00,0.00,0.00,0.00,0.00,0.00,0.00,4062880237.96,6673629887.44,0.00,0.00,0.00,0.00,0,0,0,0
660.00,0.00,0.00,0.00,0.00,0.00,0.00,0.00,0.00,4062880237.96,6673629887.44,0.00,0.00,0.00,0.00,0,0,0,0
662.00,0.00,0.00,0.00,0.00,0.00,0.00,0.00,0.00,4062880237.96,6673629887.44,0.00,0.00,0.00,0.00,0,0,0,0
664.00,0.00,0.00,0.00,0.00,0.00,0.00,0.00,0.00,4062880237.96,6673629887.44,0.00,0.00,0.00,0.00,0,0,0,0
666.00,0.00,0.00,0.00,0.00,0.00,0.00,0.00,0.00,4062880237.96,6673629887.44,0.00,0.00,0.00,0.00,0,0,0,0
668.00,0.00,0.00,0.00,0.00,0.00,0.00,0.00,0.00,4062880237.96,6673629887.44,0.00,0.00,0.00,0.00,0,0,0,0
670.00,472.60,472.60,0.00,0.00,472.60,472.60,0.00,0.00,4062880237.96,6673629887.44,0.00,0.00,0.00,0.00,120953,32,0,0
672.00,2968.34,2968.34,0.00,0.00,2495.74,2495.74,0.00,0.00,4062880237.96,6673629887.44,0.00,0.00,0.00,0.00,754998,4896,0,0
674.00,5555.67,5555.67,0.00,0.00,2587.34,2587.34,0.00,0.00,4062880237.96,6673629887.44,0.00,0.00,0.00,0.00,1411108,11144,0,0
676.00,8077.04,8077.04,0.00,0.00,2521.36,2521.36,0.00,0.00,4062880237.96,6673629887.44,0.00,0.00,0.00,0.00,2048977,18744,0,0
678.00,10699.45,10699.45,0.00,0.00,2622.41,2622.41,0.00,0.00,4062880237.96,6673629887.44,0.00,0.00,0.00,0.00,2709231,29828,0,0
680.00,13272.16,13272.16,0.00,0.00,2572.71,2572.71,0.00,0.00,4062880237.96,6673629887.44,0.00,0.00,0.00,0.00,3228881,168792,0,0
682.00,15893.76,15893.76,0.00,0.00,2621.60,2621.60,0.00,0.00,4062880237.96,6673629887.44,0.00,0.00,0.00,0.00,3867125,201677,0,0
684.00,18450.03,18450.03,0.00,0.00,2556.27,2556.27,0.00,0.00,4062880237.96,6673629887.44,0.00,0.00,0.00,0.00,4405592,317616,0,0
686.00,21077.53,21077.53,0.00,0.00,2627.50,2627.50,0.00,0.00,4062880237.96,6673629887.44,0.00,0.00,0.00,0.00,4875647,520200,0,0
688.00,23690.48,23690.48,0.00,0.00,2612.95,2612.95,0.00,0.00,4062880237.96,6673629887.44,0.00,0.00,0.00,0.00,5420508,644254,0,0
690.07,26219.12,26219.12,0.00,0.00,2528.65,2528.65,0.00,0.00,4062880237.96,6673629887.44,0.00,0.00,0.00,0.00,5967360,744736,0,0
692.07,29002.78,29002.78,0.00,0.00,2783.65,2783.65,0.00,0.00,4062880237.96,6673629887.44,0.00,0.00,0.00,0.00,6476619,948092,0,0
694.07,31710.54,31710.54,0.00,0.00,2707.76,2707.76,0.00,0.00,4062880237.96,6673629887.44,0.00,0.00,0.00,0.00,7087926,1029972,0,0
696.07,34528.09,34528.09,0.00,0.00,2817.55,2817.55,0.00,0.00,4062880237.96,6673629887.44,0.00,0.00,0.00,0.00,7631612,1207580,0,0
698.07,37241.36,37241.36,0.00,0.00,2713.27,2713.27,0.00,0.00,4062880237.96,6673629887.44,0.00,0.00,0.00,0.00,8222993,1310796,0,0
700.07,39900.59,39900.59,0.00,0.00,2659.23,2659.23,0.00,0.00,4062880237.96,6673629887.44,0.00,0.00,0.00,0.00,8635972,1578580,0,0
702.07,42537.57,42537.57,0.00,0.00,2636.98,2636.98,0.00,0.00,4062880237.96,6673629887.44,0.00,0.00,0.00,0.00,9125855,1763764,0,0
704.07,45252.86,45252.86,0.00,0.00,2715.29,2715.29,0.00,0.00,4062880237.96,6673629887.44,0.00,0.00,0.00,0.00,9792252,1792480,0,0
706.07,47913.94,47913.94,0.00,0.00,2661.08,2661.08,0.00,0.00,4062880237.96,6673629887.44,0.00,0.00,0.00,0.00,10297656,1968312,0,0
708.07,50672.57,50672.57,0.00,0.00,2758.63,2758.63,0.00,0.00,4062880237.96,6673629887.44,0.00,0.00,0.00,0.00,10707882,2264296,0,0
710.07,53344.11,53344.11,0.00,0.00,2671.54,2671.54,0.00,0.00,4062880237.96,6673629887.44,0.00,0.00,0.00,0.00,11124708,2531384,0,0
712.07,56010.89,56010.89,0.00,0.00,2666.78,2666.78,0.00,0.00,4062880237.96,6673629887.44,0.00,0.00,0.00,0.00,11483080,2855708,0,0
714.07,58761.59,58761.59,0.00,0.00,2750.70,2750.70,0.00,0.00,4062880237.96,6673629887.44,0.00,0.00,0.00,0.00,12098427,2944540,0,0
716.07,60994.06,60994.06,0.00,0.00,2232.47,2232.47,0.00,0.00,4062880237.96,6673629887.44,0.00,0.00,0.00,0.00,12511160,3103319,0,0
718.07,63658.07,63658.07,0.00,0.00,2664.01,2664.01,0.00,0.00,4062880237.96,6673629887.44,0.00,0.00,0.00,0.00,12860137,3436329,0,0
720.07,66377.25,66377.25,0.00,0.00,2719.18,2719.18,0.00,0.00,4062880237.96,6673629887.44,0.00,0.00,0.00,0.00,13222718,3769857,0,0
722.07,69082.71,69082.71,0.00,0.00,2705.46,2705.46,0.00,0.00,4062880237.96,6673629887.44,0.00,0.00,0.00,0.00,13518130,4167044,0,0
724.07,71793.39,71793.39,0.00,0.00,2710.68,2710.68,0.00,0.00,4062947534.20,6673699349.44,67296.24,69462.00,0.00,0.00,13914129,4464980,0,0
726.07,74580.26,74580.26,0.00,0.00,2786.87,2786.87,0.00,0.00,4062947534.20,6673699349.44,0.00,0.00,0.00,0.00,14405755,4686792,0,0
728.07,77222.44,77222.44,0.00,0.00,2642.18,2642.18,0.00,0.00,4062947534.20,6673699349.44,0.00,0.00,0.00,0.00,14711120,5057825,0,0
730.07,79900.36,79900.36,0.00,0.00,2677.92,2677.92,0.00,0.00,4062947534.20,6673699349.44,0.00,0.00,0.00,0.00,15145140,5309352,0,0
732.07,82639.53,82639.53,0.00,0.00,2739.17,2739.17,0.00,0.00,4062947534.20,6673699349.44,0.00,0.00,0.00,0.00,15596432,5559287,0,0
734.07,85310.89,85310.89,0.00,0.00,2671.36,2671.36,0.00,0.00,4062947534.20,6673699349.44,0.00,0.00,0.00,0.00,16057436,5782152,0,0
736.07,87943.64,87943.64,0.00,0.00,2632.75,2632.75,0.00,0.00,4062947534.20,6673699349.44,0.00,0.00,0.00,0.00,16720242,5793330,0,0
738.07,90612.24,90612.24,0.00,0.00,2668.60,2668.60,0.00,0.00,4062947534.20,6673699349.44,0.00,0.00,0.00,0.00,17155637,6041096,0,0
740.07,93295.24,93295.24,0.00,0.00,2683.00,2683.00,0.00,0.00,4062947534.20,6673699349.44,0.00,0.00,0.00,0.00,17558878,6324704,0,0
742.07,96022.51,96022.51,0.00,0.00,2727.27,2727.27,0.00,0.00,4062947534.20,6673699349.44,0.00,0.00,0.00,0.00,17898552,6683211,0,0
744.07,98766.82,98766.82,0.00,0.00,2744.31,2744.31,0.00,0.00,4062947534.20,6673699349.44,0.00,0.00,0.00,0.00,18121948,7162358,0,0
746.07,101565.50,101565.50,0.00,0.00,2798.68,2798.68,0.00,0.00,4062947534.20,6673699349.44,0.00,0.00,0.00,0.00,18427055,7573713,0,0
748.07,104302.79,104302.79,0.00,0.00,2737.29,2737.29,0.00,0.00,4062947534.20,6673699349.44,0.00,0.00,0.00,0.00,18651914,8049600,0,0
750.07,107046.21,107046.21,0.00,0.00,2743.42,2743.42,0.00,0.00,4062947534.20,6673699349.44,0.00,0.00,0.00,0.00,18927896,8475934,0,0
752.07,109588.98,109588.98,0.00,0.00,2542.77,2542.77,0.00,0.00,4062947534.20,6673699349.44,0.00,0.00,0.00,0.00,19187214,8867564,0,0
754.07,112131.51,112131.51,0.00,0.00,2542.53,2542.53,0.00,0.00,4062947534.20,6673699349.44,0.00,0.00,0.00,0.00,19475280,9230386,0,0
756.07,114664.91,114664.91,0.00,0.00,2533.40,2533.40,0.00,0.00,4062947534.20,6673699349.44,0.00,0.00,0.00,0.00,19973718,9380498,0,0
758.07,117170.99,117170.99,0.00,0.00,2506.09,2506.09,0.00,0.00,4062947534.20,6673699349.44,0.00,0.00,0.00,0.00,20604300,9391474,0,0
760.07,119689.96,119689.96,0.00,0.00,2518.97,2518.97,0.00,0.00,4062947534.20,6673699349.44,0.00,0.00,0.00,0.00,21008199,9632432,0,0
762.07,122191.37,122191.37,0.00,0.00,2501.40,2501.40,0.00,0.00,4062947534.20,6673699349.44,0.00,0.00,0.00,0.00,21559778,9721212,0,0
764.07,124717.48,124717.48,0.00,0.00,2526.11,2526.11,0.00,0.00,4062947534.20,6673699349.44,0.00,0.00,0.00,0.00,22175807,9751868,0,0
766.07,127242.26,127242.26,0.00,0.00,2524.78,2524.78,0.00,0.00,4062947534.20,6673699349.44,0.00,0.00,0.00,0.00,22814199,9759820,0,0
768.07,129772.45,129772.45,0.00,0.00,2530.19,2530.19,0.00,0.00,4062947534.20,6673699349.44,0.00,0.00,0.00,0.00,23338658,9883090,0,0
770.07,132277.66,132277.66,0.00,0.00,2505.20,2505.20,0.00,0.00,4062947534.20,6673699349.44,0.00,0.00,0.00,0.00,23666547,10196533,0,0
772.07,134794.18,134794.18,0.00,0.00,2516.53,2516.53,0.00,0.00,4062947534.20,6673699349.44,0.00,0.00,0.00,0.00,23997347,10509964,0,0
774.07,137337.82,137337.82,0.00,0.00,2543.64,2543.64,0.00,0.00,4062947534.20,6673699349.44,0.00,0.00,0.00,0.00,24378231,10780252,0,0
776.38,139317.01,139317.01,0.00,0.00,1979.19,1979.19,0.00,0.00,4062947534.20,6673699349.44,0.00,0.00,0.00,0.00,24607267,11057888,0,0
778.38,141882.19,141882.19,0.00,0.00,2565.18,2565.18,0.00,0.00,4062947534.20,6673699349.44,0.00,0.00,0.00,0.00,24903350,11418490,0,0
780.38,144447.60,144447.60,0.00,0.00,2565.41,2565.41,0.00,0.00,4062947534.20,6673699349.44,0.00,0.00,0.00,0.00,25203790,11774796,0,0
782.38,146980.31,146980.31,0.00,0.00,2532.71,2532.71,0.00,0.00,4062947534.20,6673699349.44,0.00,0.00,0.00,0.00,25511410,12115550,0,0
784.38,149579.73,149579.73,0.00,0.00,2599.41,2599.41,0.00,0.00,4062947534.20,6673699349.44,0.00,0.00,0.00,0.00,25834772,12457638,0,0
786.38,152183.97,152183.97,0.00,0.00,2604.25,2604.25,0.00,0.00,4062947534.20,6673699349.44,0.00,0.00,0.00,0.00,26227505,12731592,0,0
788.38,154822.67,154822.67,0.00,0.00,2638.70,2638.70,0.00,0.00,4062947534.20,6673699349.44,0.00,0.00,0.00,0.00,26584460,13050144,0,0
790.38,157426.27,157426.27,0.00,0.00,2603.59,2603.59,0.00,0.00,4062947534.20,6673699349.44,0.00,0.00,0.00,0.00,26614560,13686564,0,0
792.38,160064.18,160064.18,0.00,0.00,2637.91,2637.91,0.00,0.00,4062947534.20,6673699349.44,0.00,0.00,0.00,0.00,27039617,13936812,0,0
794.38,162688.19,162688.19,0.00,0.00,2624.02,2624.02,0.00,0.00,4062947534.20,6673699349.44,0.00,0.00,0.00,0.00,27434585,14213592,0,0
796.38,165322.52,165322.52,0.00,0.00,2634.33,2634.33,0.00,0.00,4062947534.20,6673699349.44,0.00,0.00,0.00,0.00,27967310,14355256,0,0
798.38,167998.58,167998.58,0.00,0.00,2676.06,2676.06,0.00,0.00,4062947534.20,6673699349.44,0.00,0.00,0.00,0.00,28305576,14702061,0,0
800.38,170755.97,170755.97,0.00,0.00,2757.39,2757.39,0.00,0.00,4062947534.20,6673699349.44,0.00,0.00,0.00,0.00,28679104,15034425,0,0
802.38,173571.16,173571.16,0.00,0.00,2815.18,2815.18,0.00,0.00,4062947534.20,6673699349.44,0.00,0.00,0.00,0.00,29028800,15405416,0,0
804.38,176288.52,176288.52,0.00,0.00,2717.36,2717.36,0.00,0.00,4062947534.20,6673699349.44,0.00,0.00,0.00,0.00,29501826,15628035,0,0
806.38,179030.95,179030.95,0.00,0.00,2742.43,2742.43,0.00,0.00,4062947534.20,6673699349.44,0.00,0.00,0.00,0.00,29902470,15929454,0,0
808.38,181741.50,181741.50,0.00,0.00,2710.55,2710.55,0.00,0.00,4062947534.20,6673699349.44,0.00,0.00,0.00,0.00,30451228,16074596,0,0
810.38,184421.62,184421.62,0.00,0.00,2680.12,2680.12,0.00,0.00,4062947534.20,6673699349.44,0.00,0.00,0.00,0.00,30722158,16489778,0,0
812.38,187161.13,187161.13,0.00,0.00,2739.51,2739.51,0.00,0.00,4062947534.20,6673699349.44,0.00,0.00,0.00,0.00,31265350,16647900,0,0
814.38,189892.03,189892.03,0.00,0.00,2730.90,2730.90,0.00,0.00,4062947534.20,6673699349.44,0.00,0.00,0.00,0.00,31567828,17044532,0,0
816.38,192671.45,192671.45,0.00,0.00,2779.41,2779.41,0.00,0.00,4062947534.20,6673699349.44,0.00,0.00,0.00,0.00,31985452,17338438,0,0
818.38,195442.17,195442.17,0.00,0.00,2770.73,2770.73,0.00,0.00,4062947534.20,6673699349.44,0.00,0.00,0.00,0.00,32422220,17610976,0,0
820.38,198261.68,198261.68,0.00,0.00,2819.51,2819.51,0.00,0.00,4062947534.20,6673699349.44,0.00,0.00,0.00,0.00,32938071,17816920,0,0
822.38,201087.36,201087.36,0.00,0.00,2825.67,2825.67,0.00,0.00,4062947534.20,6673699349.44,0.00,0.00,0.00,0.00,33560411,17917952,0,0
824.38,203906.43,203906.43,0.00,0.00,2819.08,2819.08,0.00,0.00,4062947534.20,6673699349.44,0.00,0.00,0.00,0.00,34012468,18187579,0,0
826.38,206729.71,206729.71,0.00,0.00,2823.28,2823.28,0.00,0.00,4062947534.20,6673699349.44,0.00,0.00,0.00,0.00,34217563,18705243,0,0
828.38,209543.11,209543.11,0.00,0.00,2813.39,2813.39,0.00,0.00,4062947534.20,6673699349.44,0.00,0.00,0.00,0.00,34599183,19043852,0,0
830.38,212355.46,212355.46,0.00,0.00,2812.36,2812.36,0.00,0.00,4062947534.20,6673699349.44,0.00,0.00,0.00,0.00,34889894,19473105,0,0
832.38,215180.41,215180.41,0.00,0.00,2824.94,2824.94,0.00,0.00,4062947534.20,6673699349.44,0.00,0.00,0.00,0.00,35194526,19891658,0,0
834.38,218015.00,218015.00,0.00,0.00,2834.59,2834.59,0.00,0.00,4062947534.20,6673699349.44,0.00,0.00,0.00,0.00,35723876,20087964,0,0
836.38,220845.50,220845.50,0.00,0.00,2830.50,2830.50,0.00,0.00,4062947534.20,6673699349.44,0.00,0.00,0.00,0.00,36045583,20490866,0,0
838.38,223659.84,223659.84,0.00,0.00,2814.34,2814.34,0.00,0.00,4062947534.20,6673699349.44,0.00,0.00,0.00,0.00,36366167,20890752,0,0
840.38,226425.98,226425.98,0.00,0.00,2766.14,2766.14,0.00,0.00,4062947534.20,6673699349.44,0.00,0.00,0.00,0.00,36506016,21459036,0,0
842.38,229176.34,229176.34,0.00,0.00,2750.35,2750.35,0.00,0.00,4062947534.20,6673699349.44,0.00,0.00,0.00,0.00,37127666,21541476,0,0
844.38,231955.14,231955.14,0.00,0.00,2778.81,2778.81,0.00,0.00,4062947534.20,6673699349.44,0.00,0.00,0.00,0.00,37586268,21794249,0,0
846.38,234737.12,234737.12,0.00,0.00,2781.97,2781.97,0.00,0.00,4062947534.20,6673699349.44,0.00,0.00,0.00,0.00,38132513,21960189,0,0
848.38,237528.26,237528.26,0.00,0.00,2791.14,2791.14,0.00,0.00,4062947534.20,6673699349.44,0.00,0.00,0.00,0.00,38606604,22200631,0,0
850.38,240100.16,240100.16,0.00,0.00,2571.90,2571.90,0.00,0.00,4062947534.20,6673699349.44,0.00,0.00,0.00,0.00,39148785,22316856,0,0
852.38,242629.77,242629.77,0.00,0.00,2529.61,2529.61,0.00,0.00,4062947534.20,6673699349.44,0.00,0.00,0.00,0.00,39596920,22516302,0,0
854.38,245195.97,245195.97,0.00,0.00,2566.20,2566.20,0.00,0.00,4062947534.20,6673699349.44,0.00,0.00,0.00,0.00,40019372,22750796,0,0
856.38,247756.71,247756.71,0.00,0.00,2560.75,2560.75,0.00,0.00,4062947534.20,6673699349.44,0.00,0.00,0.00,0.00,40647430,22778289,0,0
858.38,250491.17,250491.17,0.00,0.00,2734.45,2734.45,0.00,0.00,4062947534.20,6673699349.44,0.00,0.00,0.00,0.00,41291907,22833832,0,0
860.38,253126.66,253126.66,0.00,0.00,2635.50,2635.50,0.00,0.00,4062947534.20,6673699349.44,0.00,0.00,0.00,0.00,41867382,22933044,0,0
862.38,255764.49,255764.49,0.00,0.00,2637.82,2637.82,0.00,0.00,4062947534.20,6673699349.44,0.00,0.00,0.00,0.00,42302595,23173114,0,0
864.38,258398.16,258398.16,0.00,0.00,2633.68,2633.68,0.00,0.00,4062947534.20,6673699349.44,0.00,0.00,0.00,0.00,42783996,23365934,0,0
866.38,261052.82,261052.82,0.00,0.00,2654.66,2654.66,0.00,0.00,4062947534.20,6673699349.44,0.00,0.00,0.00,0.00,43261666,23567856,0,0
868.38,263694.05,263694.05,0.00,0.00,2641.23,2641.23,0.00,0.00,4062947534.20,6673699349.44,0.00,0.00,0.00,0.00,43546638,23959040,0,0
870.38,266405.15,266405.15,0.00,0.00,2711.10,2711.10,0.00,0.00,4062947534.20,6673699349.44,0.00,0.00,0.00,0.00,43727587,24472132,0,0
872.38,269138.68,269138.68,0.00,0.00,2733.53,2733.53,0.00,0.00,4062947534.20,6673699349.44,0.00,0.00,0.00,0.00,44397291,24502212,0,0
874.38,271886.50,271886.50,0.00,0.00,2747.81,2747.81,0.00,0.00,4062947534.20,6673699349.44,0.00,0.00,0.00,0.00,45050952,24551991,0,0
876.38,274592.34,274592.34,0.00,0.00,2705.85,2705.85,0.00,0.00,4062947534.20,6673699349.44,0.00,0.00,0.00,0.00,45514901,24780739,0,0
878.38,277341.99,277341.99,0.00,0.00,2749.64,2749.64,0.00,0.00,4062947534.20,6673699349.44,0.00,0.00,0.00,0.00,45889693,25109856,0,0
880.38,280157.72,280157.72,0.00,0.00,2815.73,2815.73,0.00,0.00,4062947534.20,6673699349.44,0.00,0.00,0.00,0.00,46437038,25283338,0,0
882.38,282907.84,282907.84,0.00,0.00,2750.12,2750.12,0.00,0.00,4062947534.20,6673699349.44,0.00,0.00,0.00,0.00,46823652,25600756,0,0
884.38,285662.86,285662.86,0.00,0.00,2755.02,2755.02,0.00,0.00,4062947534.20,6673699349.44,0.00,0.00,0.00,0.00,47294300,25835392,0,0
886.38,288475.06,288475.06,0.00,0.00,2812.20,2812.20,0.00,0.00,4062947534.20,6673699349.44,0.00,0.00,0.00,0.00,47709007,26140608,0,0
888.38,291270.81,291270.81,0.00,0.00,2795.75,2795.75,0.00,0.00,4062947534.20,6673699349.44,0.00,0.00,0.00,0.00,48169000,26396328,0,0
890.38,294011.70,294011.70,0.00,0.00,2740.89,2740.89,0.00,0.00,4062947534.20,6673699349.44,0.00,0.00,0.00,0.00,48691268,26575728,0,0
892.38,296779.25,296779.25,0.00,0.00,2767.55,2767.55,0.00,0.00,4062947534.20,6673699349.44,0.00,0.00,0.00,0.00,49040125,26935364,0,0
894.38,299514.23,299514.23,0.00,0.00,2734.97,2734.97,0.00,0.00,4062947534.20,6673699349.44,0.00,0.00,0.00,0.00,49587918,27087724,0,0
897.16,301277.70,301277.70,0.00,0.00,1763.47,1763.47,0.00,0.00,4062947534.20,6673699349.44,0.00,0.00,0.00,0.00,49969871,27157220,0,0
899.16,304080.36,304080.36,0.00,0.00,2802.66,2802.66,0.00,0.00,4062947534.20,6673699349.44,0.00,0.00,0.00,0.00,50284339,27560232,0,0
901.16,306768.10,306768.10,0.00,0.00,2687.74,2687.74,0.00,0.00,4062947534.20,6673699349.44,0.00,0.00,0.00,0.00,50916981,27615652,0,0
903.16,309435.40,309435.40,0.00,0.00,2667.30,2667.30,0.00,0.00,4062947534.20,6673699349.44,0.00,0.00,0.00,0.00,51530804,27684659,0,0
905.16,312199.95,312199.95,0.00,0.00,2764.55,2764.55,0.00,0.00,4062947534.20,6673699349.44,0.00,0.00,0.00,0.00,51993882,27929305,0,0
907.16,314948.16,314948.16,0.00,0.00,2748.21,2748.21,0.00,0.00,4062947534.20,6673699349.44,0.00,0.00,0.00,0.00,52278046,28348684,0,0
909.16,317672.07,317672.07,0.00,0.00,2723.90,2723.90,0.00,0.00,4062947534.20,6673699349.44,0.00,0.00,0.00,0.00,52767341,28556708,0,0
911.16,320473.05,320473.05,0.00,0.00,2800.98,2800.98,0.00,0.00,4062947534.20,6673699349.44,0.00,0.00,0.00,0.00,53247745,28793356,0,0
913.16,323211.73,323211.73,0.00,0.00,2738.68,2738.68,0.00,0.00,4062947534.20,6673699349.44,0.00,0.00,0.00,0.00,53663320,29078882,0,0
915.16,325948.73,325948.73,0.00,0.00,2737.01,2737.01,0.00,0.00,4062947534.20,6673699349.44,0.00,0.00,0.00,0.00,53991988,29450888,0,0
917.16,328764.70,328764.70,0.00,0.00,2815.97,2815.97,0.00,0.00,4062947534.20,6673699349.44,0.00,0.00,0.00,0.00,54292828,29870936,0,0
919.16,331637.23,331637.23,0.00,0.00,2872.53,2872.53,0.00,0.00,4062947534.20,6673699349.44,0.00,0.00,0.00,0.00,54353972,30545159,0,0
921.16,334474.65,334474.65,0.00,0.00,2837.42,2837.42,0.00,0.00,4062947534.20,6673699349.44,0.00,0.00,0.00,0.00,54786329,30839182,0,0
923.16,337287.86,337287.86,0.00,0.00,2813.21,2813.21,0.00,0.00,4062947534.20,6673699349.44,0.00,0.00,0.00,0.00,55164070,31181623,0,0
925.16,340099.55,340099.55,0.00,0.00,2811.69,2811.69,0.00,0.00,4062947534.20,6673699349.44,0.00,0.00,0.00,0.00,55473219,31592266,0,0
927.16,342966.52,342966.52,0.00,0.00,2866.96,2866.96,0.00,0.00,4062947534.20,6673699349.44,0.00,0.00,0.00,0.00,55989757,31809671,0,0
929.16,345820.70,345820.70,0.00,0.00,2854.18,2854.18,0.00,0.00,4062947534.20,6673699349.44,0.00,0.00,0.00,0.00,56305726,32224372,0,0
931.16,348667.77,348667.77,0.00,0.00,2847.07,2847.07,0.00,0.00,4062947534.20,6673699349.44,0.00,0.00,0.00,0.00,56617304,32641644,0,0
933.16,351525.86,351525.86,0.00,0.00,2858.10,2858.10,0.00,0.00,4062947534.20,6673699349.44,0.00,0.00,0.00,0.00,57074260,32916361,0,0
935.16,354373.84,354373.84,0.00,0.00,2847.97,2847.97,0.00,0.00,4062947534.20,6673699349.44,0.00,0.00,0.00,0.00,57287892,33431810,0,0
937.16,357153.96,357153.96,0.00,0.00,2780.12,2780.12,0.00,0.00,4062947534.20,6673699349.44,0.00,0.00,0.00,0.00,57668474,33762940,0,0
939.16,359959.64,359959.64,0.00,0.00,2805.68,2805.68,0.00,0.00,4062947534.20,6673699349.44,0.00,0.00,0.00,0.00,58079024,34070643,0,0
941.16,362756.84,362756.84,0.00,0.00,2797.21,2797.21,0.00,0.00,4062947534.20,6673699349.44,0.00,0.00,0.00,0.00,58215982,34649770,0,0
943.16,365571.68,365571.68,0.00,0.00,2814.83,2814.83,0.00,0.00,4062947534.20,6673699349.44,0.00,0.00,0.00,0.00,58415276,35171073,0,0
945.16,368453.52,368453.52,0.00,0.00,2881.84,2881.84,0.00,0.00,4062947534.20,6673699349.44,0.00,0.00,0.00,0.00,58874448,35449652,0,0
947.16,371274.05,371274.05,0.00,0.00,2820.54,2820.54,0.00,0.00,4062947534.20,6673699349.44,0.00,0.00,0.00,0.00,58988596,36057561,0,0
949.16,374036.17,374036.17,0.00,0.00,2762.12,2762.12,0.00,0.00,4062947534.20,6673699349.44,0.00,0.00,0.00,0.00,59286725,36466534,0,0
951.16,376815.87,376815.87,0.00,0.00,2779.70,2779.70,0.00,0.00,4062947534.20,6673699349.44,0.00,0.00,0.00,0.00,59774747,36690116,0,0
953.16,379375.12,379375.12,0.00,0.00,2559.25,2559.25,0.00,0.00,4062947534.20,6673699349.44,0.00,0.00,0.00,0.00,59945480,37174550,0,0
955.16,382061.20,382061.20,0.00,0.00,2686.08,2686.08,0.00,0.00,4062947534.20,6673699349.44,0.00,0.00,0.00,0.00,60334336,37473331,0,0
957.16,384762.07,384762.07,0.00,0.00,2700.87,2700.87,0.00,0.00,4062947534.20,6673699349.44,0.00,0.00,0.00,0.00,61002353,37496736,0,0
959.16,387439.28,387439.28,0.00,0.00,2677.21,2677.21,0.00,0.00,4062947534.20,6673699349.44,0.00,0.00,0.00,0.00,61611544,37572912,0,0
961.16,390170.39,390170.39,0.00,0.00,2731.11,2731.11,0.00,0.00,4062947534.20,6673699349.44,0.00,0.00,0.00,0.00,62297043,37586576,0,0
963.16,392902.17,392902.17,0.00,0.00,2731.78,2731.78,0.00,0.00,4062947534.20,6673699349.44,0.00,0.00,0.00,0.00,62641291,37941664,0,0
965.16,395635.10,395635.10,0.00,0.00,2732.93,2732.93,0.00,0.00,4062947534.20,6673699349.44,0.00,0.00,0.00,0.00,63262401,38020184,0,0
967.16,398369.64,398369.64,0.00,0.00,2734.54,2734.54,0.00,0.00,4062947534.20,6673699349.44,0.00,0.00,0.00,0.00,63944764,38037864,0,0
969.16,401179.58,401179.58,0.00,0.00,2809.94,2809.94,0.00,0.00,4062947534.20,6673699349.44,0.00,0.00,0.00,0.00,64635821,38066152,0,0
971.16,403932.31,403932.31,0.00,0.00,2752.73,2752.73,0.00,0.00,4062947534.20,6673699349.44,0.00,0.00,0.00,0.00,65309775,38096896,0,0
973.16,406719.22,406719.22,0.00,0.00,2786.91,2786.91,0.00,0.00,4062947534.20,6673699349.44,0.00,0.00,0.00,0.00,65977985,38142136,0,0
975.16,409441.41,409441.41,0.00,0.00,2722.19,2722.19,0.00,0.00,4062947534.20,6673699349.44,0.00,0.00,0.00,0.00,66646966,38170036,0,0
977.16,412057.83,412057.83,0.00,0.00,2616.42,2616.42,0.00,0.00,4062947534.20,6673699349.44,0.00,0.00,0.00,0.00,67277205,38209600,0,0
979.16,414719.25,414719.25,0.00,0.00,2661.41,2661.41,0.00,0.00,4062947534.20,6673699349.44,0.00,0.00,0.00,0.00,67642777,38525350,0,0
981.16,417322.45,417322.45,0.00,0.00,2603.21,2603.21,0.00,0.00,4062947534.20,6673699349.44,0.00,0.00,0.00,0.00,68170396,38664152,0,0
983.16,419827.58,419827.58,0.00,0.00,2505.13,2505.13,0.00,0.00,4062947534.20,6673699349.44,0.00,0.00,0.00,0.00,68673088,38802773,0,0
985.16,422313.72,422313.72,0.00,0.00,2486.14,2486.14,0.00,0.00,4062947534.20,6673699349.44,0.00,0.00,0.00,0.00,69094576,39017737,0,0
987.16,424807.07,424807.07,0.00,0.00,2493.35,2493.35,0.00,0.00,4062947534.20,6673699349.44,0.00,0.00,0.00,0.00,69471673,39278938,0,0
989.16,427317.51,427317.51,0.00,0.00,2510.43,2510.43,0.00,0.00,4062947534.20,6673699349.44,0.00,0.00,0.00,0.00,69821972,39571310,0,0
991.16,429806.42,429806.42,0.00,0.00,2488.91,2488.91,0.00,0.00,4062947534.20,6673699349.44,0.00,0.00,0.00,0.00,70181008,39849435,0,0
993.16,432296.32,432296.32,0.00,0.00,2489.90,2489.90,0.00,0.00,4062947534.20,6673699349.44,0.00,0.00,0.00,0.00,70514854,40153004,0,0
995.16,434823.10,434823.10,0.00,0.00,2526.78,2526.78,0.00,0.00,4062947534.20,6673699349.44,0.00,0.00,0.00,0.00,71015593,40299120,0,0
997.16,437334.70,437334.70,0.00,0.00,2511.60,2511.60,0.00,0.00,4062947534.20,6673699349.44,0.00,0.00,0.00,0.00,71342379,40615304,0,0
999.16,439865.49,439865.49,0.00,0.00,2530.79,2530.79,0.00,0.00,4062947534.20,6673699349.44,0.00,0.00,0.00,0.00,71645882,40959684,0,0
1001.16,442368.08,442368.08,0.00,0.00,2502.59,2502.59,0.00,0.00,4062947534.20,6673699349.44,0.00,0.00,0.00,0.00,71993693,41252536,0,0
1003.16,444875.18,444875.18,0.00,0.00,2507.10,2507.10,0.00,0.00,4062947534.20,6673699349.44,0.00,0.00,0.00,0.00,72319971,41568076,0,0
1005.16,447390.42,447390.42,0.00,0.00,2515.24,2515.24,0.00,0.00,4062947534.20,6673699349.44,0.00,0.00,0.00,0.00,72780060,41751888,0,0
1007.16,449933.04,449933.04,0.00,0.00,2542.62,2542.62,0.00,0.00,4062947534.20,6673699349.44,0.00,0.00,0.00,0.00,73241914,41940944,0,0
1009.16,452473.10,452473.10,0.00,0.00,2540.06,2540.06,0.00,0.00,4062947534.20,6673699349.44,0.00,0.00,0.00,0.00,73538073,42295040,0,0
1011.16,454984.35,454984.35,0.00,0.00,2511.25,2511.25,0.00,0.00,4062947534.20,6673699349.44,0.00,0.00,0.00,0.00,73888036,42587957,0,0
1013.16,457509.84,457509.84,0.00,0.00,2525.49,2525.49,0.00,0.00,4062947534.20,6673699349.44,0.00,0.00,0.00,0.00,74273562,42848957,0,0
1015.16,460034.00,460034.00,0.00,0.00,2524.16,2524.16,0.00,0.00,4062947534.20,6673699349.44,0.00,0.00,0.00,0.00,74618247,43150458,0,0
1017.16,462529.02,462529.02,0.00,0.00,2495.01,2495.01,0.00,0.00,4062947534.20,6673699349.44,0.00,0.00,0.00,0.00,75109200,43298228,0,0
1019.16,465004.29,465004.29,0.00,0.00,2475.28,2475.28,0.00,0.00,4062947534.20,6673699349.44,0.00,0.00,0.00,0.00,75566912,43474187,0,0
1021.16,467484.70,467484.70,0.00,0.00,2480.41,2480.41,0.00,0.00,4062947534.20,6673699349.44,0.00,0.00,0.00,0.00,75946368,43729716,0,0
1023.16,469994.45,469994.45,0.00,0.00,2509.74,2509.74,0.00,0.00,4062947534.20,6673699349.44,0.00,0.00,0.00,0.00,76337622,43980956,0,0
1025.16,472530.93,472530.93,0.00,0.00,2536.48,2536.48,0.00,0.00,4062947534.20,6673699349.44,0.00,0.00,0.00,0.00,76696607,44271310,0,0
1027.16,475046.26,475046.26,0.00,0.00,2515.33,2515.33,0.00,0.00,4062947534.20,6673699349.44,0.00,0.00,0.00,0.00,77289335,44322507,0,0
1029.16,477544.34,477544.34,0.00,0.00,2498.08,2498.08,0.00,0.00,4062947534.20,6673699349.44,0.00,0.00,0.00,0.00,77653790,44597560,0,0
1031.16,480047.19,480047.19,0.00,0.00,2502.86,2502.86,0.00,0.00,4062947534.20,6673699349.44,0.00,0.00,0.00,0.00,78190576,44701505,0,0
1033.16,482566.71,482566.71,0.00,0.00,2519.52,2519.52,0.00,0.00,4062947534.20,6673699349.44,0.00,0.00,0.00,0.00,78701118,44835960,0,0
1035.16,485083.74,485083.74,0.00,0.00,2517.03,2517.03,0.00,0.00,4062947534.20,6673699349.44,0.00,0.00,0.00,0.00,79301682,44879756,0,0
1037.16,487551.52,487551.52,0.00,0.00,2467.78,2467.78,0.00,0.00,4062947534.20,6673699349.44,0.00,0.00,0.00,0.00,79762369,45050820,0,0
1039.16,490030.38,490030.38,0.00,0.00,2478.86,2478.86,0.00,0.00,4062947534.20,6673699349.44,0.00,0.00,0.00,0.00,80390740,45057036,0,0
1041.16,492544.04,492544.04,0.00,0.00,2513.67,2513.67,0.00,0.00,4062947534.20,6673699349.44,0.00,0.00,0.00,0.00,81017243,45074032,0,0
1043.16,495052.43,495052.43,0.00,0.00,2508.38,2508.38,0.00,0.00,4062947534.20,6673699349.44,0.00,0.00,0.00,0.00,81529908,45203513,0,0
1045.16,497557.65,497557.65,0.00,0.00,2505.23,2505.23,0.00,0.00,4062947534.20,6673699349.44,0.00,0.00,0.00,0.00,81876179,45498580,0,0
1047.16,500040.48,500040.48,0.00,0.00,2482.82,2482.82,0.00,0.00,4062947534.20,6673699349.44,0.00,0.00,0.00,0.00,82217323,45793039,0,0
1049.16,502537.72,502537.72,0.00,0.00,2497.25,2497.25,0.00,0.00,4062947534.20,6673699349.44,0.00,0.00,0.00,0.00,82595000,46054657,0,0
1051.16,505049.04,505049.04,0.00,0.00,2511.32,2511.32,0.00,0.00,4062947534.20,6673699349.44,0.00,0.00,0.00,0.00,83109911,46182644,0,0
1053.16,507554.66,507554.66,0.00,0.00,2505.62,2505.62,0.00,0.00,4062947534.20,6673699349.44,0.00,0.00,0.00,0.00,83428080,46505913,0,0
1055.16,510058.43,510058.43,0.00,0.00,2503.77,2503.77,0.00,0.00,4062947534.20,6673699349.44,0.00,0.00,0.00,0.00,83929125,46645832,0,0
1057.16,512592.76,512592.76,0.00,0.00,2534.34,2534.34,0.00,0.00,4062947534.20,6673699349.44,0.00,0.00,0.00,0.00,84200431,47023316,0,0
1059.16,515087.04,515087.04,0.00,0.00,2494.27,2494.27,0.00,0.00,4062947534.20,6673699349.44,0.00,0.00,0.00,0.00,84701361,47160920,0,0
1061.16,517600.01,517600.01,0.00,0.00,2512.97,2512.97,0.00,0.00,4062947534.20,6673699349.44,0.00,0.00,0.00,0.00,85317694,47187908,0,0
1063.16,520116.56,520116.56,0.00,0.00,2516.55,2516.55,0.00,0.00,4062947534.20,6673699349.44,0.00,0.00,0.00,0.00,85802336,47347504,0,0
1065.16,522622.95,522622.95,0.00,0.00,2506.39,2506.39,0.00,0.00,4062947534.20,6673699349.44,0.00,0.00,0.00,0.00,86266492,47524984,0,0
1067.16,525120.39,525120.39,0.00,0.00,2497.43,2497.43,0.00,0.00,4062947534.20,6673699349.44,0.00,0.00,0.00,0.00,86709850,47720969,0,0
1069.16,527630.03,527630.03,0.00,0.00,2509.64,2509.64,0.00,0.00,4062947534.20,6673699349.44,0.00,0.00,0.00,0.00,87086704,47986584,0,0
1071.16,530179.14,530179.14,0.00,0.00,2549.11,2549.11,0.00,0.00,4062947534.20,6673699349.44,0.00,0.00,0.00,0.00,87688223,48037638,0,0
1073.16,532694.15,532694.15,0.00,0.00,2515.00,2515.00,0.00,0.00,4062947534.20,6673699349.44,0.00,0.00,0.00,0.00,88326566,48043136,0,0
1075.16,535212.79,535212.79,0.00,0.00,2518.64,2518.64,0.00,0.00,4062947534.20,6673699349.44,0.00,0.00,0.00,0.00,88585474,48429000,0,0
1077.16,537738.41,537738.41,0.00,0.00,2525.62,2525.62,0.00,0.00,4062947534.20,6673699349.44,0.00,0.00,0.00,0.00,89079353,48581680,0,0
1079.16,540242.76,540242.76,0.00,0.00,2504.35,2504.35,0.00,0.00,4062947534.20,6673699349.44,0.00,0.00,0.00,0.00,89396266,48905880,0,0
1081.16,542770.98,542770.98,0.00,0.00,2528.22,2528.22,0.00,0.00,4062947534.20,6673699349.44,0.00,0.00,0.00,0.00,89827508,49121862,0,0
1083.16,545279.61,545279.61,0.00,0.00,2508.63,2508.63,0.00,0.00,4062947534.20,6673699349.44,0.00,0.00,0.00,0.00,90186160,49405420,0,0
1085.16,547792.54,547792.54,0.00,0.00,2512.93,2512.93,0.00,0.00,4062947534.20,6673699349.44,0.00,0.00,0.00,0.00,90576517,49658372,0,0
1087.16,550305.23,550305.23,0.00,0.00,2512.70,2512.70,0.00,0.00,4062947534.20,6673699349.44,0.00,0.00,0.00,0.00,90965164,49912976,0,0
1089.16,552811.61,552811.61,0.00,0.00,2506.38,2506.38,0.00,0.00,4062947534.20,6673699349.44,0.00,0.00,0.00,0.00,91301066,50218706,0,0
1091.16,555306.89,555306.89,0.00,0.00,2495.28,2495.28,0.00,0.00,4062947534.20,6673699349.44,0.00,0.00,0.00,0.00,91690471,50468092,0,0
1093.16,557819.28,557819.28,0.00,0.00,2512.39,2512.39,0.00,0.00,4062947534.20,6673699349.44,0.00,0.00,0.00,0.00,92243173,50558563,0,0
1095.16,560316.65,560316.65,0.00,0.00,2497.37,2497.37,0.00,0.00,4062947534.20,6673699349.44,0.00,0.00,0.00,0.00,92785125,50655938,0,0
1097.16,562831.82,562831.82,0.00,0.00,2515.16,2515.16,0.00,0.00,4062947534.20,6673699349.44,0.00,0.00,0.00,0.00,93405949,50678996,0,0
1099.16,565343.50,565343.50,0.00,0.00,2511.69,2511.69,0.00,0.00,4062947534.20,6673699349.44,0.00,0.00,0.00,0.00,93676288,51051649,0,0
1101.16,567875.48,567875.48,0.00,0.00,2531.98,2531.98,0.00,0.00,4062947534.20,6673699349.44,0.00,0.00,0.00,0.00,94147996,51228127,0,0
1103.16,570366.81,570366.81,0.00,0.00,2491.33,2491.33,0.00,0.00,4062947534.20,6673699349.44,0.00,0.00,0.00,0.00,94532991,51480912,0,0
1105.16,572876.32,572876.32,0.00,0.00,2509.52,2509.52,0.00,0.00,4062947534.20,6673699349.44,0.00,0.00,0.00,0.00,94986684,51669655,0,0
1107.16,575438.18,575438.18,0.00,0.00,2561.86,2561.86,0.00,0.00,4062947534.20,6673699349.44,0.00,0.00,0.00,0.00,95441123,51871052,0,0
1109.16,577973.47,577973.47,0.00,0.00,2535.29,2535.29,0.00,0.00,4062947534.20,6673699349.44,0.00,0.00,0.00,0.00,95829396,52131812,0,0
1111.16,580536.07,580536.07,0.00,0.00,2562.60,2562.60,0.00,0.00,4062947534.20,6673699349.44,0.00,0.00,0.00,0.00,96286818,52330415,0,0
1113.16,583097.95,583097.95,0.00,0.00,2561.88,2561.88,0.00,0.00,4062947534.20,6673699349.44,0.00,0.00,0.00,0.00,96901059,52372016,0,0
1115.16,585720.15,585720.15,0.00,0.00,2622.20,2622.20,0.00,0.00,4062947534.20,6673699349.44,0.00,0.00,0.00,0.00,97448922,52495437,0,0
1117.16,588323.37,588323.37,0.00,0.00,2603.22,2603.22,0.00,0.00,4062947534.20,6673699349.44,0.00,0.00,0.00,0.00,97787629,52823154,0,0
1119.16,590960.72,590960.72,0.00,0.00,2637.35,2637.35,0.00,0.00,4062947534.20,6673699349.44,0.00,0.00,0.00,0.00,98386057,52899887,0,0
1121.16,593573.21,593573.21,0.00,0.00,2612.50,2612.50,0.00,0.00,4062947534.20,6673699349.44,0.00,0.00,0.00,0.00,98958327,52996416,0,0
1123.16,596195.05,596195.05,0.00,0.00,2621.83,2621.83,0.00,0.00,4062947534.20,6673699349.44,0.00,0.00,0.00,0.00,99452689,53173243,0,0
1125.16,598868.68,598868.68,0.00,0.00,2673.63,2673.63,0.00,0.00,4062947534.20,6673699349.44,0.00,0.00,0.00,0.00,99832234,53478148,0,0
1127.16,601518.62,601518.62,0.00,0.00,2649.94,2649.94,0.00,0.00,4062947534.20,6673699349.44,0.00,0.00,0.00,0.00,100277134,53711632,0,0
1129.16,604233.16,604233.16,0.00,0.00,2714.55,2714.55,0.00,0.00,4062947534.20,6673699349.44,0.00,0.00,0.00,0.00,100650282,54033408,0,0
1131.16,606955.29,606955.29,0.00,0.00,2722.12,2722.12,0.00,0.00,4062947534.20,6673699349.44,0.00,0.00,0.00,0.00,100984248,54396305,0,0
1133.16,609729.93,609729.93,0.00,0.00,2774.64,2774.64,0.00,0.00,4062947534.20,6673699349.44,0.00,0.00,0.00,0.00,101346150,54744712,0,0
1136.52,610251.47,610251.47,0.00,0.00,521.54,521.54,0.00,0.00,4062947534.20,6673699349.44,0.00,0.00,0.00,0.00,101473741,54750636,0,0
1138.52,612860.54,612860.54,0.00,0.00,2609.06,2609.06,0.00,0.00,4062947534.20,6673699349.44,0.00,0.00,0.00,0.00,101800833,55091464,0,0
1140.52,615431.54,615431.54,0.00,0.00,2571.00,2571.00,0.00,0.00,4062947534.20,6673699349.44,0.00,0.00,0.00,0.00,102011640,55538834,0,0
1142.52,617980.37,617980.37,0.00,0.00,2548.83,2548.83,0.00,0.00,4062947534.20,6673699349.44,0.00,0.00,0.00,0.00,102118750,56084224,0,0
1144.52,620551.87,620551.87,0.00,0.00,2571.50,2571.50,0.00,0.00,4062947534.20,6673699349.44,0.00,0.00,0.00,0.00,102518708,56342570,0,0
1146.52,623130.70,623130.70,0.00,0.00,2578.83,2578.83,0.00,0.00,4062947534.20,6673699349.44,0.00,0.00,0.00,0.00,102961709,56559749,0,0
1148.52,625749.89,625749.89,0.00,0.00,2619.20,2619.20,0.00,0.00,4062947534.20,6673699349.44,0.00,0.00,0.00,0.00,103268956,56923016,0,0
1150.52,628380.29,628380.29,0.00,0.00,2630.40,2630.40,0.00,0.00,4062947534.20,6673699349.44,0.00,0.00,0.00,0.00,103724970,57140385,0,0
1152.52,630993.10,630993.10,0.00,0.00,2612.80,2612.80,0.00,0.00,4062947534.20,6673699349.44,0.00,0.00,0.00,0.00,104079197,57455036,0,0
1154.52,633624.87,633624.87,0.00,0.00,2631.77,2631.77,0.00,0.00,4062947534.20,6673699349.44,0.00,0.00,0.00,0.00,104351573,57856394,0,0
1156.52,636249.47,636249.47,0.00,0.00,2624.60,2624.60,0.00,0.00,4062947534.20,6673699349.44,0.00,0.00,0.00,0.00,104862076,58017788,0,0
1158.52,638921.97,638921.97,0.00,0.00,2672.50,2672.50,0.00,0.00,4062947534.20,6673699349.44,0.00,0.00,0.00,0.00,105157676,58406349,0,0
1160.52,641600.55,641600.55,0.00,0.00,2678.57,2678.57,0.00,0.00,4062947534.20,6673699349.44,0.00,0.00,0.00,0.00,105622326,58627414,0,0
1162.52,644272.14,644272.14,0.00,0.00,2671.59,2671.59,0.00,0.00,4062947534.20,6673699349.44,0.00,0.00,0.00,0.00,106242805,58690862,0,0
1164.52,646936.33,646936.33,0.00,0.00,2664.19,2664.19,0.00,0.00,4062947534.20,6673699349.44,0.00,0.00,0.00,0.00,106649960,58965740,0,0
1166.52,649607.32,649607.32,0.00,0.00,2670.99,2670.99,0.00,0.00,4062947534.20,6673699349.44,0.00,0.00,0.00,0.00,106968890,59330584,0,0
1168.52,652251.67,652251.67,0.00,0.00,2644.35,2644.35,0.00,0.00,4062947534.20,6673699349.44,0.00,0.00,0.00,0.00,107331923,59644505,0,0
1170.52,654936.67,654936.67,0.00,0.00,2685.00,2685.00,0.00,0.00,4062947534.20,6673699349.44,0.00,0.00,0.00,0.00,107671452,59992336,0,0
1172.52,657688.95,657688.95,0.00,0.00,2752.28,2752.28,0.00,0.00,4062947534.20,6673699349.44,0.00,0.00,0.00,0.00,108087124,60281248,0,0
1174.52,660429.74,660429.74,0.00,0.00,2740.79,2740.79,0.00,0.00,4062947534.20,6673699349.44,0.00,0.00,0.00,0.00,108375974,60694040,0,0
1176.52,663268.95,663268.95,0.00,0.00,2839.20,2839.20,0.00,0.00,4062947534.20,6673699349.44,0.00,0.00,0.00,0.00,108895754,60901096,0,0
1178.52,665969.10,665969.10,0.00,0.00,2700.16,2700.16,0.00,0.00,4062947534.20,6673699349.44,0.00,0.00,0.00,0.00,109302435,61185655,0,0
1180.52,668666.12,668666.12,0.00,0.00,2697.02,2697.02,0.00,0.00,4062947534.20,6673699349.44,0.00,0.00,0.00,0.00,109366804,61811724,0,0
1182.52,671498.20,671498.20,0.00,0.00,2832.07,2832.07,0.00,0.00,4062947534.20,6673699349.44,0.00,0.00,0.00,0.00,109601680,62301858,0,0
1184.52,674226.18,674226.18,0.00,0.00,2727.98,2727.98,0.00,0.00,4062947534.20,6673699349.44,0.00,0.00,0.00,0.00,110028888,62573014,0,0
1186.52,676999.51,676999.51,0.00,0.00,2773.33,2773.33,0.00,0.00,4062947534.20,6673699349.44,0.00,0.00,0.00,0.00,110422410,62889464,0,0
1188.52,679723.44,679723.44,0.00,0.00,2723.93,2723.93,0.00,0.00,4062947534.20,6673699349.44,0.00,0.00,0.00,0.00,110901116,63108084,0,0
1190.52,682509.76,682509.76,0.00,0.00,2786.32,2786.32,0.00,0.00,4062947534.20,6673699349.44,0.00,0.00,0.00,0.00,111570162,63152336,0,0
1192.52,685345.41,685345.41,0.00,0.00,2835.66,2835.66,0.00,0.00,4062947534.20,6673699349.44,0.00,0.00,0.00,0.00,111695376,63753050,0,0
1194.52,688128.04,688128.04,0.00,0.00,2782.62,2782.62,0.00,0.00,4062947534.20,6673699349.44,0.00,0.00,0.00,0.00,112029726,64131052,0,0
1196.52,690860.17,690860.17,0.00,0.00,2732.13,2732.13,0.00,0.00,4062947534.20,6673699349.44,0.00,0.00,0.00,0.00,112272772,64587432,0,0
1198.52,693362.70,693362.70,0.00,0.00,2502.53,2502.53,0.00,0.00,4062947534.20,6673699349.44,0.00,0.00,0.00,0.00,112589587,64911264,0,0
1200.52,695903.07,695903.07,0.00,0.00,2540.38,2540.38,0.00,0.00,4062947534.20,6673699349.44,0.00,0.00,0.00,0.00,112918867,65232320,0,0
1202.52,698447.84,698447.84,0.00,0.00,2544.76,2544.76,0.00,0.00,4062947534.20,6673699349.44,0.00,0.00,0.00,0.00,113525626,65277020,0,0
1204.52,701017.54,701017.54,0.00,0.00,2569.70,2569.70,0.00,0.00,4062947534.20,6673699349.44,0.00,0.00,0.00,0.00,113906955,65553535,0,0
1206.52,703549.55,703549.55,0.00,0.00,2532.02,2532.02,0.00,0.00,4062947534.20,6673699349.44,0.00,0.00,0.00,0.00,113930464,66178222,0,0
1208.52,706045.06,706045.06,0.00,0.00,2495.51,2495.51,0.00,0.00,4062947534.20,6673699349.44,0.00,0.00,0.00,0.00,114021368,66726168,0,0
1210.52,708546.17,708546.17,0.00,0.00,2501.11,2501.11,0.00,0.00,4062947534.20,6673699349.44,0.00,0.00,0.00,0.00,114331181,67056638,0,0
1212.52,711108.07,711108.07,0.00,0.00,2561.90,2561.90,0.00,0.00,4062947534.20,6673699349.44,0.00,0.00,0.00,0.00,114934969,67108696,0,0
1214.52,713659.72,713659.72,0.00,0.00,2551.65,2551.65,0.00,0.00,4062947534.20,6673699349.44,0.00,0.00,0.00,0.00,115393908,67302980,0,0
1216.52,716198.30,716198.30,0.00,0.00,2538.59,2538.59,0.00,0.00,4062947534.20,6673699349.44,0.00,0.00,0.00,0.00,115712782,67633984,0,0
1218.52,718731.95,718731.95,0.00,0.00,2533.64,2533.64,0.00,0.00,4062947534.20,6673699349.44,0.00,0.00,0.00,0.00,115722192,68273186,0,0
1220.52,721289.50,721289.50,0.00,0.00,2557.55,2557.55,0.00,0.00,4062947534.20,6673699349.44,0.00,0.00,0.00,0.00,115740668,68909444,0,0
1222.52,723892.14,723892.14,0.00,0.00,2602.64,2602.64,0.00,0.00,4062947534.20,6673699349.44,0.00,0.00,0.00,0.00,115779004,69537383,0,0
1224.52,726455.62,726455.62,0.00,0.00,2563.49,2563.49,0.00,0.00,4062947534.20,6673699349.44,0.00,0.00,0.00,0.00,116037156,69935484,0,0
1226.52,729016.31,729016.31,0.00,0.00,2560.69,2560.69,0.00,0.00,4062947534.20,6673699349.44,0.00,0.00,0.00,0.00,116394960,70233216,0,0
1228.52,731646.56,731646.56,0.00,0.00,2630.25,2630.25,0.00,0.00,4062947534.20,6673699349.44,0.00,0.00,0.00,0.00,116932711,70368808,0,0
1230.52,734142.82,734142.82,0.00,0.00,2496.27,2496.27,0.00,0.00,4062947534.20,6673699349.44,0.00,0.00,0.00,0.00,117526507,70414056,0,0
1232.52,736633.21,736633.21,0.00,0.00,2490.39,2490.39,0.00,0.00,4062947534.20,6673699349.44,0.00,0.00,0.00,0.00,117868479,70709624,0,0
1234.52,739152.81,739152.81,0.00,0.00,2519.59,2519.59,0.00,0.00,4062947534.20,6673699349.44,0.00,0.00,0.00,0.00,118135943,71087176,0,0
1236.52,741641.12,741641.12,0.00,0.00,2488.31,2488.31,0.00,0.00,4062947534.20,6673699349.44,0.00,0.00,0.00,0.00,118600235,71259892,0,0
1238.52,744128.12,744128.12,0.00,0.00,2487.00,2487.00,0.00,0.00,4062947534.20,6673699349.44,0.00,0.00,0.00,0.00,119209611,71287188,0,0
1240.52,746635.79,746635.79,0.00,0.00,2507.67,2507.67,0.00,0.00,4062947534.20,6673699349.44,0.00,0.00,0.00,0.00,119748059,71390704,0,0
1242.52,749144.73,749144.73,0.00,0.00,2508.94,2508.94,0.00,0.00,4062947534.20,6673699349.44,0.00,0.00,0.00,0.00,120074327,71706724,0,0
1244.52,751635.85,751635.85,0.00,0.00,2491.12,2491.12,0.00,0.00,4062947534.20,6673699349.44,0.00,0.00,0.00,0.00,120361167,72057611,0,0
1246.52,754123.95,754123.95,0.00,0.00,2488.09,2488.09,0.00,0.00,4062947534.20,6673699349.44,0.00,0.00,0.00,0.00,120679672,72376058,0,0
1248.52,756588.01,756588.01,0.00,0.00,2464.06,2464.06,0.00,0.00,4062947534.20,6673699349.44,0.00,0.00,0.00,0.00,120941648,72744882,0,0
1250.52,759063.86,759063.86,0.00,0.00,2475.86,2475.86,0.00,0.00,4062947534.20,6673699349.44,0.00,0.00,0.00,0.00,120992672,73327677,0,0
1252.52,761553.12,761553.12,0.00,0.00,2489.26,2489.26,0.00,0.00,4062947534.20,6673699349.44,0.00,0.00,0.00,0.00,121210628,73746972,0,0
1254.52,764068.37,764068.37,0.00,0.00,2515.25,2515.25,0.00,0.00,4062947534.20,6673699349.44,0.00,0.00,0.00,0.00,121448796,74152707,0,0
1256.52,766558.44,766558.44,0.00,0.00,2490.07,2490.07,0.00,0.00,4062947534.20,6673699349.44,0.00,0.00,0.00,0.00,121787076,74451885,0,0
1258.52,769065.95,769065.95,0.00,0.00,2507.51,2507.51,0.00,0.00,4062947534.20,6673699349.44,0.00,0.00,0.00,0.00,122148484,74732400,0,0
1260.52,771563.50,771563.50,0.00,0.00,2497.54,2497.54,0.00,0.00,4062947534.20,6673699349.44,0.00,0.00,0.00,0.00,122461486,75058769,0,0
1262.52,774080.31,774080.31,0.00,0.00,2516.81,2516.81,0.00,0.00,4062947534.20,6673699349.44,0.00,0.00,0.00,0.00,122742339,75422220,0,0
1264.52,776596.04,776596.04,0.00,0.00,2515.73,2515.73,0.00,0.00,4062947534.20,6673699349.44,0.00,0.00,0.00,0.00,123158318,75650267,0,0
1266.52,779102.16,779102.16,0.00,0.00,2506.12,2506.12,0.00,0.00,4062947534.20,6673699349.44,0.00,0.00,0.00,0.00,123579925,75870228,0,0
1268.52,781590.95,781590.95,0.00,0.00,2488.79,2488.79,0.00,0.00,4062947534.20,6673699349.44,0.00,0.00,0.00,0.00,123886429,76200854,0,0
1270.52,784080.18,784080.18,0.00,0.00,2489.23,2489.23,0.00,0.00,4062947534.20,6673699349.44,0.00,0.00,0.00,0.00,124208742,76515784,0,0
1272.52,786581.40,786581.40,0.00,0.00,2501.22,2501.22,0.00,0.00,4062947534.20,6673699349.44,0.00,0.00,0.00,0.00,124462344,76902495,0,0
1274.52,789079.61,789079.61,0.00,0.00,2498.21,2498.21,0.00,0.00,4062947534.20,6673699349.44,0.00,0.00,0.00,0.00,124759230,77245151,0,0
1276.52,791579.62,791579.62,0.00,0.00,2500.01,2500.01,0.00,0.00,4062947534.20,6673699349.44,0.00,0.00,0.00,0.00,124992580,77651804,0,0
1278.52,794098.46,794098.46,0.00,0.00,2518.83,2518.83,0.00,0.00,4062947534.20,6673699349.44,0.00,0.00,0.00,0.00,125128272,78160933,0,0
1280.52,796639.84,796639.84,0.00,0.00,2541.38,2541.38,0.00,0.00,4062947534.20,6673699349.44,0.00,0.00,0.00,0.00,125399412,78540386,0,0
1282.52,799137.45,799137.45,0.00,0.00,2497.62,2497.62,0.00,0.00,4062947534.20,6673699349.44,0.00,0.00,0.00,0.00,125946900,78632288,0,0
1284.52,801637.92,801637.92,0.00,0.00,2500.46,2500.46,0.00,0.00,4062947534.20,6673699349.44,0.00,0.00,0.00,0.00,126573867,78645440,0,0
1286.52,804139.20,804139.20,0.00,0.00,2501.28,2501.28,0.00,0.00,4062947534.20,6673699349.44,0.00,0.00,0.00,0.00,126712300,79147335,0,0
1288.52,806634.57,806634.57,0.00,0.00,2495.37,2495.37,0.00,0.00,4062947534.20,6673699349.44,0.00,0.00,0.00,0.00,126719840,79778610,0,0
1290.52,809139.54,809139.54,0.00,0.00,2504.97,2504.97,0.00,0.00,4062947534.20,6673699349.44,0.00,0.00,0.00,0.00,126733728,80405995,0,0
1292.52,811637.40,811637.40,0.00,0.00,2497.86,2497.86,0.00,0.00,4062947534.20,6673699349.44,0.00,0.00,0.00,0.00,126972892,80806282,0,0
1294.52,814135.39,814135.39,0.00,0.00,2497.99,2497.99,0.00,0.00,4062947534.20,6673699349.44,0.00,0.00,0.00,0.00,126980732,81437928,0,0
1296.52,816647.73,816647.73,0.00,0.00,2512.34,2512.34,0.00,0.00,4062947534.20,6673699349.44,0.00,0.00,0.00,0.00,127301683,81760137,0,0
1298.52,819199.17,819199.17,0.00,0.00,2551.43,2551.43,0.00,0.00,4062947534.20,6673699349.44,0.00,0.00,0.00,0.00,127532372,82182615,0,0
1300.52,821734.73,821734.73,0.00,0.00,2535.56,2535.56,0.00,0.00,4062947534.20,6673699349.44,0.00,0.00,0.00,0.00,127730556,82633534,0,0
1302.52,824265.70,824265.70,0.00,0.00,2530.97,2530.97,0.00,0.00,4062947534.20,6673699349.44,0.00,0.00,0.00,0.00,127988714,83023304,0,0
1304.52,826834.26,826834.26,0.00,0.00,2568.56,2568.56,0.00,0.00,4062947534.20,6673699349.44,0.00,0.00,0.00,0.00,128284090,83385480,0,0
1306.52,829395.11,829395.11,0.00,0.00,2560.85,2560.85,0.00,0.00,4062947534.20,6673699349.44,0.00,0.00,0.00,0.00,128585624,83739523,0,0
1308.52,831969.49,831969.49,0.00,0.00,2574.38,2574.38,0.00,0.00,4062947534.20,6673699349.44,0.00,0.00,0.00,0.00,128848169,84136020,0,0
1310.52,834571.68,834571.68,0.00,0.00,2602.19,2602.19,0.00,0.00,4062947534.20,6673699349.44,0.00,0.00,0.00,0.00,129153832,84496518,0,0
1312.52,837127.38,837127.38,0.00,0.00,2555.70,2555.70,0.00,0.00,4062947534.20,6673699349.44,0.00,0.00,0.00,0.00,129350092,84954518,0,0
1314.52,839784.22,839784.22,0.00,0.00,2656.84,2656.84,0.00,0.00,4062947534.20,6673699349.44,0.00,0.00,0.00,0.00,129587468,85397292,0,0
1316.52,842465.21,842465.21,0.00,0.00,2681.00,2681.00,0.00,0.00,4062947534.20,6673699349.44,0.00,0.00,0.00,0.00,130027276,85643819,0,0
1318.52,845163.51,845163.51,0.00,0.00,2698.30,2698.30,0.00,0.00,4062947534.20,6673699349.44,0.00,0.00,0.00,0.00,130087827,86274032,0,0
1320.52,847772.74,847772.74,0.00,0.00,2609.23,2609.23,0.00,0.00,4062947534.20,6673699349.44,0.00,0.00,0.00,0.00,130319528,86710293,0,0
1322.52,850361.17,850361.17,0.00,0.00,2588.43,2588.43,0.00,0.00,4062947534.20,6673699349.44,0.00,0.00,0.00,0.00,130542654,87149806,0,0
1324.52,852964.48,852964.48,0.00,0.00,2603.30,2603.30,0.00,0.00,4063728327.40,6674505329.44,780793.20,805980.00,0.00,0.00,130975616,87383290,0,0
1326.52,855560.91,855560.91,0.00,0.00,2596.43,2596.43,0.00,0.00,4063728327.40,6674505329.44,0.00,0.00,0.00,0.00,131116296,87907296,0,0
1328.52,858256.10,858256.10,0.00,0.00,2695.20,2695.20,0.00,0.00,4063728327.40,6674505329.44,0.00,0.00,0.00,0.00,131573474,88140088,0,0
1330.52,860863.84,860863.84,0.00,0.00,2607.73,2607.73,0.00,0.00,4063728327.40,6674505329.44,0.00,0.00,0.00,0.00,131734224,88646918,0,0
1332.52,863609.61,863609.61,0.00,0.00,2745.77,2745.77,0.00,0.00,4063728327.40,6674505329.44,0.00,0.00,0.00,0.00,132253999,88830060,0,0
1334.52,866378.14,866378.14,0.00,0.00,2768.53,2768.53,0.00,0.00,4063728327.40,6674505329.44,0.00,0.00,0.00,0.00,132651143,89141660,0,0
1336.52,869171.26,869171.26,0.00,0.00,2793.12,2793.12,0.00,0.00,4063728327.40,6674505329.44,0.00,0.00,0.00,0.00,133207790,89300052,0,0
1338.52,871878.93,871878.93,0.00,0.00,2707.68,2707.68,0.00,0.00,4063728327.40,6674505329.44,0.00,0.00,0.00,0.00,133758951,89442056,0,0
1340.52,874577.75,874577.75,0.00,0.00,2698.82,2698.82,0.00,0.00,4063728327.40,6674505329.44,0.00,0.00,0.00,0.00,134068784,89823121,0,0
1342.52,877363.48,877363.48,0.00,0.00,2785.72,2785.72,0.00,0.00,4063728327.40,6674505329.44,0.00,0.00,0.00,0.00,134399867,90205183,0,0
1344.52,880149.77,880149.77,0.00,0.00,2786.29,2786.29,0.00,0.00,4063728327.40,6674505329.44,0.00,0.00,0.00,0.00,134664920,90653421,0,0
1346.52,882835.51,882835.51,0.00,0.00,2685.74,2685.74,0.00,0.00,4063728327.40,6674505329.44,0.00,0.00,0.00,0.00,135000291,91005600,0,0
1348.52,885410.27,885410.27,0.00,0.00,2574.76,2574.76,0.00,0.00,4063728327.40,6674505329.44,0.00,0.00,0.00,0.00,135625778,91039251,0,0
1350.52,888019.11,888019.11,0.00,0.00,2608.84,2608.84,0.00,0.00,4063728327.40,6674505329.44,0.00,0.00,0.00,0.00,136037951,91294940,0,0
1352.52,890683.88,890683.88,0.00,0.00,2664.78,2664.78,0.00,0.00,4063728327.40,6674505329.44,0.00,0.00,0.00,0.00,136344016,91671058,0,0
1354.52,893328.61,893328.61,0.00,0.00,2644.72,2644.72,0.00,0.00,4063728327.40,6674505329.44,0.00,0.00,0.00,0.00,136683020,92009103,0,0
1356.52,895977.05,895977.05,0.00,0.00,2648.45,2648.45,0.00,0.00,4063728327.40,6674505329.44,0.00,0.00,0.00,0.00,137078895,92291231,0,0
1358.52,898639.29,898639.29,0.00,0.00,2662.23,2662.23,0.00,0.00,4063728327.40,6674505329.44,0.00,0.00,0.00,0.00,137275948,92775709,0,0
1360.52,901363.02,901363.02,0.00,0.00,2723.73,2723.73,0.00,0.00,4063728327.40,6674505329.44,0.00,0.00,0.00,0.00,137478670,93270262,0,0
1362.52,904079.72,904079.72,0.00,0.00,2716.70,2716.70,0.00,0.00,4063728327.40,6674505329.44,0.00,0.00,0.00,0.00,137651631,93792777,0,0
1364.52,906801.95,906801.95,0.00,0.00,2722.23,2722.23,0.00,0.00,4063728327.40,6674505329.44,0.00,0.00,0.00,0.00,138123225,94018075,0,0
1366.52,909536.00,909536.00,0.00,0.00,2734.05,2734.05,0.00,0.00,4063728327.40,6674505329.44,0.00,0.00,0.00,0.00,138369504,94471713,0,0
1368.52,912288.25,912288.25,0.00,0.00,2752.24,2752.24,0.00,0.00,4063728327.40,6674505329.44,0.00,0.00,0.00,0.00,138542223,95003568,0,0
1370.52,915040.68,915040.68,0.00,0.00,2752.43,2752.43,0.00,0.00,4063728327.40,6674505329.44,0.00,0.00,0.00,0.00,138850669,95399744,0,0
1372.52,917776.55,917776.55,0.00,0.00,2735.88,2735.88,0.00,0.00,4063728327.40,6674505329.44,0.00,0.00,0.00,0.00,138875620,96075177,0,0
1374.52,920535.79,920535.79,0.00,0.00,2759.24,2759.24,0.00,0.00,4063728327.40,6674505329.44,0.00,0.00,0.00,0.00,139016783,96640380,0,0
1376.52,923331.48,923331.48,0.00,0.00,2795.69,2795.69,0.00,0.00,4063728327.40,6674505329.44,0.00,0.00,0.00,0.00,139306300,97066560,0,0
1378.52,926114.98,926114.98,0.00,0.00,2783.50,2783.50,0.00,0.00,4063728327.40,6674505329.44,0.00,0.00,0.00,0.00,139510304,97575131,0,0
1380.52,928922.97,928922.97,0.00,0.00,2807.99,2807.99,0.00,0.00,4063728327.40,6674505329.44,0.00,0.00,0.00,0.00,139775856,98028424,0,0
1382.52,931728.40,931728.40,0.00,0.00,2805.43,2805.43,0.00,0.00,4063728327.40,6674505329.44,0.00,0.00,0.00,0.00,139995432,98527038,0,0
1384.52,934547.90,934547.90,0.00,0.00,2819.50,2819.50,0.00,0.00,4063728327.40,6674505329.44,0.00,0.00,0.00,0.00,140196952,99047311,0,0
1386.52,937400.58,937400.58,0.00,0.00,2852.68,2852.68,0.00,0.00,4063728327.40,6674505329.44,0.00,0.00,0.00,0.00,140400580,99573969,0,0
1388.52,940264.09,940264.09,0.00,0.00,2863.51,2863.51,0.00,0.00,4063728327.40,6674505329.44,0.00,0.00,0.00,0.00,141003570,99704038,0,0
1390.52,943112.35,943112.35,0.00,0.00,2848.26,2848.26,0.00,0.00,4063728327.40,6674505329.44,0.00,0.00,0.00,0.00,141673182,99763580,0,0
1392.52,945888.37,945888.37,0.00,0.00,2776.02,2776.02,0.00,0.00,4063728327.40,6674505329.44,0.00,0.00,0.00,0.00,142359446,99787976,0,0
1394.52,948645.54,948645.54,0.00,0.00,2757.17,2757.17,0.00,0.00,4063728327.40,6674505329.44,0.00,0.00,0.00,0.00,142755502,100097755,0,0
1396.52,951401.64,951401.64,0.00,0.00,2756.11,2756.11,0.00,0.00,4063728327.40,6674505329.44,0.00,0.00,0.00,0.00,142964655,100594166,0,0
1398.52,954166.62,954166.62,0.00,0.00,2764.97,2764.97,0.00,0.00,4063728327.40,6674505329.44,0.00,0.00,0.00,0.00,143143096,101123558,0,0
1400.52,956943.32,956943.32,0.00,0.00,2776.70,2776.70,0.00,0.00,4063728327.40,6674505329.44,0.00,0.00,0.00,0.00,143338432,101639058,0,0
1402.52,959705.59,959705.59,0.00,0.00,2762.27,2762.27,0.00,0.00,4063728327.40,6674505329.44,0.00,0.00,0.00,0.00,143502268,102182364,0,0
1404.52,962212.07,962212.07,0.00,0.00,2506.47,2506.47,0.00,0.00,4063728327.40,6674505329.44,0.00,0.00,0.00,0.00,143773989,102552300,0,0
1406.52,964727.55,964727.55,0.00,0.00,2515.49,2515.49,0.00,0.00,4063728327.40,6674505329.44,0.00,0.00,0.00,0.00,143948330,103021924,0,0
1408.52,967245.52,967245.52,0.00,0.00,2517.97,2517.97,0.00,0.00,4063728327.40,6674505329.44,0.00,0.00,0.00,0.00,144143309,103471545,0,0
1410.52,969736.59,969736.59,0.00,0.00,2491.07,2491.07,0.00,0.00,4063728327.40,6674505329.44,0.00,0.00,0.00,0.00,144228192,104024375,0,0
1412.52,972233.45,972233.45,0.00,0.00,2496.86,2496.86,0.00,0.00,4063728327.40,6674505329.44,0.00,0.00,0.00,0.00,144299524,104592238,0,0
1414.52,974745.65,974745.65,0.00,0.00,2512.21,2512.21,0.00,0.00,4063728327.40,6674505329.44,0.00,0.00,0.00,0.00,144490440,105044447,0,0
1416.52,977219.32,977219.32,0.00,0.00,2473.66,2473.66,0.00,0.00,4063728327.40,6674505329.44,0.00,0.00,0.00,0.00,144730767,105437378,0,0
1418.52,979732.14,979732.14,0.00,0.00,2512.82,2512.82,0.00,0.00,4063728327.40,6674505329.44,0.00,0.00,0.00,0.00,144903036,105908391,0,0
1420.52,982230.82,982230.82,0.00,0.00,2498.69,2498.69,0.00,0.00,4063728327.40,6674505329.44,0.00,0.00,0.00,0.00,145045924,106405167,0,0
1422.52,984733.95,984733.95,0.00,0.00,2503.12,2503.12,0.00,0.00,4063728327.40,6674505329.44,0.00,0.00,0.00,0.00,145244058,106847833,0,0
1424.52,987228.71,987228.71,0.00,0.00,2494.77,2494.77,0.00,0.00,4063728327.40,6674505329.44,0.00,0.00,0.00,0.00,145413984,107316567,0,0
1426.52,989705.54,989705.54,0.00,0.00,2476.82,2476.82,0.00,0.00,4063728327.40,6674505329.44,0.00,0.00,0.00,0.00,145548816,107815802,0,0
1428.52,992194.43,992194.43,0.00,0.00,2488.89,2488.89,0.00,0.00,4063728327.40,6674505329.44,0.00,0.00,0.00,0.00,145673766,108328007,0,0
1430.52,994694.89,994694.89,0.00,0.00,2500.46,2500.46,0.00,0.00,4063728327.40,6674505329.44,0.00,0.00,0.00,0.00,145871425,108770467,0,0
1432.52,997197.93,997197.93,0.00,0.00,2503.04,2503.04,0.00,0.00,4063728327.40,6674505329.44,0.00,0.00,0.00,0.00,146251129,109031540,0,0
1434.52,999685.74,999685.74,0.00,0.00,2487.81,2487.81,0.00,0.00,4063728327.40,6674505329.44,0.00,0.00,0.00,0.00,146595276,109324273,0,0
1436.52,1002171.84,1002171.84,0.00,0.00,2486.10,2486.10,0.00,0.00,4063728327.40,6674505329.44,0.00,0.00,0.00,0.00,146886700,109669291,0,0
1438.52,1004676.46,1004676.46,0.00,0.00,2504.62,2504.62,0.00,0.00,4063728327.40,6674505329.44,0.00,0.00,0.00,0.00,147202267,109994908,0,0
1440.52,1007169.12,1007169.12,0.00,0.00,2492.65,2492.65,0.00,0.00,4063728327.40,6674505329.44,0.00,0.00,0.00,0.00,147485792,110349502,0,0
1442.52,1009645.42,1009645.42,0.00,0.00,2476.30,2476.30,0.00,0.00,4063728327.40,6674505329.44,0.00,0.00,0.00,0.00,147757884,110711343,0,0
1444.52,1012142.22,1012142.22,0.00,0.00,2496.80,2496.80,0.00,0.00,4063728327.40,6674505329.44,0.00,0.00,0.00,0.00,148148549,110959860,0,0
1446.52,1014662.20,1014662.20,0.00,0.00,2519.97,2519.97,0.00,0.00,4063728327.40,6674505329.44,0.00,0.00,0.00,0.00,148727182,111026340,0,0
1448.52,1017181.96,1017181.96,0.00,0.00,2519.77,2519.77,0.00,0.00,4063728327.40,6674505329.44,0.00,0.00,0.00,0.00,149138087,111260496,0,0
1450.52,1019691.76,1019691.76,0.00,0.00,2509.80,2509.80,0.00,0.00,4063728327.40,6674505329.44,0.00,0.00,0.00,0.00,149348065,111693026,0,0
1452.52,1022154.88,1022154.88,0.00,0.00,2463.11,2463.11,0.00,0.00,4063728327.40,6674505329.44,0.00,0.00,0.00,0.00,149636972,112034676,0,0
1454.52,1024602.83,1024602.83,0.00,0.00,2447.96,2447.96,0.00,0.00,4063728327.40,6674505329.44,0.00,0.00,0.00,0.00,149933505,112364820,0,0
1456.52,1027139.31,1027139.31,0.00,0.00,2536.48,2536.48,0.00,0.00,4063728327.40,6674505329.44,0.00,0.00,0.00,0.00,150251840,112695823,0,0
18446744066433.82,1029645.10,1029645.10,0.00,0.00,2505.79,2505.79,0.00,0.00,4063728327.40,6674505329.44,0.00,0.00,0.00,0.00,150494608,113094538,0,0
18446744066435.81,1032049.33,1032049.33,0.00,0.00,2404.23,2404.23,0.00,0.00,4063728327.40,6674505329.44,0.00,0.00,0.00,0.00,150816484,113388144,0,0
18446744066437.81,1034448.95,1034448.95,0.00,0.00,2399.62,2399.62,0.00,0.00,4063728327.40,6674505329.44,0.00,0.00,0.00,0.00,151030062,113788868,0,0
18446744066439.81,1036882.99,1036882.99,0.00,0.00,2434.05,2434.05,0.00,0.00,4063728327.40,6674505329.44,0.00,0.00,0.00,0.00,151276522,114165524,0,0
18446744066441.81,1039307.83,1039307.83,0.00,0.00,2424.84,2424.84,0.00,0.00,4063728327.40,6674505329.44,0.00,0.00,0.00,0.00,151640480,114422325,0,0
18446744066443.81,1041760.45,1041760.45,0.00,0.00,2452.62,2452.62,0.00,0.00,4063728327.40,6674505329.44,0.00,0.00,0.00,0.00,152053296,114637380,0,0
18446744066445.81,1044285.41,1044285.41,0.00,0.00,2524.95,2524.95,0.00,0.00,4063728327.40,6674505329.44,0.00,0.00,0.00,0.00,152148984,115188080,0,0
18446744066447.82,1046796.55,1046796.55,0.00,0.00,2511.14,2511.14,0.00,0.00,4063728327.40,6674505329.44,0.00,0.00,0.00,0.00,152219936,115759981,0,0
18446744066449.81,1049344.86,1049344.86,0.00,0.00,2548.31,2548.31,0.00,0.00,4063728327.40,6674505329.44,0.00,0.00,0.00,0.00,152260283,116372002,0,0
18446744066451.81,1051892.05,1051892.05,0.00,0.00,2547.18,2547.18,0.00,0.00,4063728327.40,6674505329.44,0.00,0.00,0.00,0.00,152515888,116768476,0,0
18446744066453.81,1054454.73,1054454.73,0.00,0.00,2562.69,2562.69,0.00,0.00,4063728327.40,6674505329.44,0.00,0.00,0.00,0.00,152770444,117169968,0,0
18446744066455.81,1057015.43,1057015.43,0.00,0.00,2560.70,2560.70,0.00,0.00,4063728327.40,6674505329.44,0.00,0.00,0.00,0.00,152866062,117729888,0,0
18446744066457.81,1059582.77,1059582.77,0.00,0.00,2567.34,2567.34,0.00,0.00,4063728327.40,6674505329.44,0.00,0.00,0.00,0.00,153065153,118188036,0,0
18446744066459.81,1062167.12,1062167.12,0.00,0.00,2584.35,2584.35,0.00,0.00,4063728327.40,6674505329.44,0.00,0.00,0.00,0.00,153282224,118632558,0,0
18446744066461.82,1064770.80,1064770.80,0.00,0.00,2603.68,2603.68,0.00,0.00,4063728327.40,6674505329.44,0.00,0.00,0.00,0.00,153605941,118975383,0,0
18446744066463.81,1067390.59,1067390.59,0.00,0.00,2619.80,2619.80,0.00,0.00,4063728327.40,6674505329.44,0.00,0.00,0.00,0.00,154003310,119248682,0,0
18446744066465.82,1069923.75,1069923.75,0.00,0.00,2533.15,2533.15,0.00,0.00,4063728327.40,6674505329.44,0.00,0.00,0.00,0.00,154310974,119589505,0,0
18446744066467.81,1072438.65,1072438.65,0.00,0.00,2514.90,2514.90,0.00,0.00,4063728327.40,6674505329.44,0.00,0.00,0.00,0.00,154734854,119809440,0,0
18446744066469.81,1074933.66,1074933.66,0.00,0.00,2495.02,2495.02,0.00,0.00,4063728327.40,6674505329.44,0.00,0.00,0.00,0.00,154960556,120222462,0,0
18446744066471.81,1077453.27,1077453.27,0.00,0.00,2519.60,2519.60,0.00,0.00,4063728327.40,6674505329.44,0.00,0.00,0.00,0.00,155263516,120564520,0,0
18446744066473.81,1079959.24,1079959.24,0.00,0.00,2505.98,2505.98,0.00,0.00,4063728327.40,6674505329.44,0.00,0.00,0.00,0.00,155606838,120862728,0,0
18446744066475.81,1082447.22,1082447.22,0.00,0.00,2487.98,2487.98,0.00,0.00,4063728327.40,6674505329.44,0.00,0.00,0.00,0.00,155800400,121306088,0,0
18446744066477.81,1084940.10,1084940.10,0.00,0.00,2492.88,2492.88,0.00,0.00,4063728327.40,6674505329.44,0.00,0.00,0.00,0.00,155941268,121803398,0,0
18446744066479.82,1087452.42,1087452.42,0.00,0.00,2512.32,2512.32,0.00,0.00,4063728327.40,6674505329.44,0.00,0.00,0.00,0.00,156114868,122272951,0,0
18446744066481.81,1089959.31,1089959.31,0.00,0.00,2506.89,2506.89,0.00,0.00,4063728327.40,6674505329.44,0.00,0.00,0.00,0.00,156295613,122733971,0,0
18446744066483.81,1092473.68,1092473.68,0.00,0.00,2514.36,2514.36,0.00,0.00,4063728327.40,6674505329.44,0.00,0.00,0.00,0.00,156845917,122827344,0,0
18446744066485.81,1094980.19,1094980.19,0.00,0.00,2506.51,2506.51,0.00,0.00,4063728327.40,6674505329.44,0.00,0.00,0.00,0.00,157333060,122981868,0,0
18446744066487.81,1097492.73,1097492.73,0.00,0.00,2512.55,2512.55,0.00,0.00,4063728327.40,6674505329.44,0.00,0.00,0.00,0.00,157401578,123556562,0,0
18446744066489.81,1100009.48,1100009.48,0.00,0.00,2516.74,2516.74,0.00,0.00,4063728327.40,6674505329.44,0.00,0.00,0.00,0.00,157541552,124060874,0,0
18446744066491.81,1102526.98,1102526.98,0.00,0.00,2517.50,2517.50,0.00,0.00,4063728327.40,6674505329.44,0.00,0.00,0.00,0.00,157590920,124655987,0,0
18446744066493.82,1105061.67,1105061.67,0.00,0.00,2534.69,2534.69,0.00,0.00,4063728327.40,6674505329.44,0.00,0.00,0.00,0.00,157849667,125046120,0,0
18446744066495.81,1107599.60,1107599.60,0.00,0.00,2537.93,2537.93,0.00,0.00,4063728327.40,6674505329.44,0.00,0.00,0.00,0.00,158087536,125457961,0,0
18446744066497.82,1110148.49,1110148.49,0.00,0.00,2548.89,2548.89,0.00,0.00,4063728327.40,6674505329.44,0.00,0.00,0.00,0.00,158347457,125850556,0,0
18446744066499.81,1112749.07,1112749.07,0.00,0.00,2600.59,2600.59,0.00,0.00,4063728327.40,6674505329.44,0.00,0.00,0.00,0.00,158722436,126141327,0,0
18446744066501.81,1115377.68,1115377.68,0.00,0.00,2628.61,2628.61,0.00,0.00,4063728327.40,6674505329.44,0.00,0.00,0.00,0.00,159183268,126353419,0,0
18446744066503.81,1117989.48,1117989.48,0.00,0.00,2611.80,2611.80,0.00,0.00,4063728327.40,6674505329.44,0.00,0.00,0.00,0.00,159425504,126779803,0,0
18446744066505.81,1120578.06,1120578.06,0.00,0.00,2588.58,2588.58,0.00,0.00,4063728327.40,6674505329.44,0.00,0.00,0.00,0.00,159611664,127256320,0,0
18446744066507.81,1123158.02,1123158.02,0.00,0.00,2579.95,2579.95,0.00,0.00,4063728327.40,6674505329.44,0.00,0.00,0.00,0.00,159830984,127697468,0,0
18446744066509.81,1125702.99,1125702.99,0.00,0.00,2544.98,2544.98,0.00,0.00,4063728327.40,6674505329.44,0.00,0.00,0.00,0.00,159962296,128217670,0,0
18446744066511.82,1128397.14,1128397.14,0.00,0.00,2694.15,2694.15,0.00,0.00,4063728327.40,6674505329.44,0.00,0.00,0.00,0.00,160037432,128832237,0,0
18446744066513.81,1131105.26,1131105.26,0.00,0.00,2708.11,2708.11,0.00,0.00,4063728327.40,6674505329.44,0.00,0.00,0.00,0.00,160562910,129000036,0,0
18446744066515.81,1133879.30,1133879.30,0.00,0.00,2774.05,2774.05,0.00,0.00,4063728327.40,6674505329.44,0.00,0.00,0.00,0.00,161054168,129218934,0,0
18446744066517.81,1136650.98,1136650.98,0.00,0.00,2771.68,2771.68,0.00,0.00,4063728327.40,6674505329.44,0.00,0.00,0.00,0.00,161499670,129482982,0,0
18446744066519.81,1139456.92,1139456.92,0.00,0.00,2805.94,2805.94,0.00,0.00,4063728327.40,6674505329.44,0.00,0.00,0.00,0.00,161905037,129795935,0,0
18446744066521.81,1142249.95,1142249.95,0.00,0.00,2793.03,2793.03,0.00,0.00,4063728327.40,6674505329.44,0.00,0.00,0.00,0.00,162388052,130027936,0,0
18446744066523.81,1144990.21,1144990.21,0.00,0.00,2740.26,2740.26,0.00,0.00,4063728327.40,6674505329.44,0.00,0.00,0.00,0.00,163005342,130112152,0,0
18446744066525.82,1147779.31,1147779.31,0.00,0.00,2789.10,2789.10,0.00,0.00,4063728327.40,6674505329.44,0.00,0.00,0.00,0.00,163401076,130430427,0,0
18446744066527.81,1150463.46,1150463.46,0.00,0.00,2684.15,2684.15,0.00,0.00,4063728327.40,6674505329.44,0.00,0.00,0.00,0.00,163779025,130739620,0,0
18446744066529.82,1153152.86,1153152.86,0.00,0.00,2689.40,2689.40,0.00,0.00,4063728327.40,6674505329.44,0.00,0.00,0.00,0.00,164110202,131096929,0,0
18446744066531.81,1155892.53,1155892.53,0.00,0.00,2739.67,2739.67,0.00,0.00,4063728327.40,6674505329.44,0.00,0.00,0.00,0.00,164298572,131609915,0,0
18446744066533.81,1158659.23,1158659.23,0.00,0.00,2766.70,2766.70,0.00,0.00,4063728327.40,6674505329.44,0.00,0.00,0.00,0.00,164671892,131944870,0,0
18446744066535.81,1161403.27,1161403.27,0.00,0.00,2744.05,2744.05,0.00,0.00,4063728327.40,6674505329.44,0.00,0.00,0.00,0.00,164903038,132416200,0,0
18446744066537.81,1164194.29,1164194.29,0.00,0.00,2791.01,2791.01,0.00,0.00,4063728327.40,6674505329.44,0.00,0.00,0.00,0.00,165240732,132793005,0,0
18446744066539.82,1166990.53,1166990.53,0.00,0.00,2796.25,2796.25,0.00,0.00,4063728327.40,6674505329.44,0.00,0.00,0.00,0.00,165472754,133276822,0,0
18446744066541.81,1169810.63,1169810.63,0.00,0.00,2820.10,2820.10,0.00,0.00,4063728327.40,6674505329.44,0.00,0.00,0.00,0.00,165697142,133774380,0,0
18446744066543.82,1172624.25,1172624.25,0.00,0.00,2813.62,2813.62,0.00,0.00,4063728327.40,6674505329.44,0.00,0.00,0.00,0.00,166242220,133949588,0,0
18446744066545.81,1175342.27,1175342.27,0.00,0.00,2718.02,2718.02,0.00,0.00,4063728327.40,6674505329.44,0.00,0.00,0.00,0.00,166554492,134333129,0,0
18446744066547.81,1178067.36,1178067.36,0.00,0.00,2725.09,2725.09,0.00,0.00,4063728327.40,6674505329.44,0.00,0.00,0.00,0.00,166815504,134769741,0,0
18446744066549.81,1180790.82,1180790.82,0.00,0.00,2723.45,2723.45,0.00,0.00,4063728327.40,6674505329.44,0.00,0.00,0.00,0.00,167150977,135131472,0,0
18446744066551.81,1183515.93,1183515.93,0.00,0.00,2725.12,2725.12,0.00,0.00,4063728327.40,6674505329.44,0.00,0.00,0.00,0.00,167668456,135311623,0,0
18446744066553.81,1186281.20,1186281.20,0.00,0.00,2765.27,2765.27,0.00,0.00,4063728327.40,6674505329.44,0.00,0.00,0.00,0.00,167866736,135821251,0,0
18446744066555.81,1188974.49,1188974.49,0.00,0.00,2693.29,2693.29,0.00,0.00,4063728327.40,6674505329.44,0.00,0.00,0.00,0.00,167899366,136478104,0,0
18446744066557.82,1191463.05,1191463.05,0.00,0.00,2488.55,2488.55,0.00,0.00,4063728327.40,6674505329.44,0.00,0.00,0.00,0.00,168068412,136946128,0,0
18446744066559.81,1193975.48,1193975.48,0.00,0.00,2512.44,2512.44,0.00,0.00,4063728327.40,6674505329.44,0.00,0.00,0.00,0.00,168319412,137338312,0,0
18446744066561.82,1196490.50,1196490.50,0.00,0.00,2515.02,2515.02,0.00,0.00,4063728327.40,6674505329.44,0.00,0.00,0.00,0.00,168544279,137757290,0,0
18446744066563.81,1198985.98,1198985.98,0.00,0.00,2495.47,2495.47,0.00,0.00,4063728327.40,6674505329.44,0.00,0.00,0.00,0.00,168831144,138109266,0,0
18446744066565.81,1201504.53,1201504.53,0.00,0.00,2518.55,2518.55,0.00,0.00,4063728327.40,6674505329.44,0.00,0.00,0.00,0.00,169142376,138442783,0,0
18446744066567.81,1203980.61,1203980.61,0.00,0.00,2476.08,2476.08,0.00,0.00,4063728327.40,6674505329.44,0.00,0.00,0.00,0.00,169444707,138774329,0,0
18446744066569.81,1206455.42,1206455.42,0.00,0.00,2474.81,2474.81,0.00,0.00,4063728327.40,6674505329.44,0.00,0.00,0.00,0.00,169644306,139208282,0,0
18446744066571.82,1208921.66,1208921.66,0.00,0.00,2466.23,2466.23,0.00,0.00,4063728327.40,6674505329.44,0.00,0.00,0.00,0.00,169897116,139586828,0,0
18446744066573.81,1211418.91,1211418.91,0.00,0.00,2497.26,2497.26,0.00,0.00,4063728327.40,6674505329.44,0.00,0.00,0.00,0.00,170257336,139865906,0,0
18446744066575.82,1213921.22,1213921.22,0.00,0.00,2502.30,2502.30,0.00,0.00,4063728327.40,6674505329.44,0.00,0.00,0.00,0.00,170547103,140216729,0,0
18446744066577.81,1216421.74,1216421.74,0.00,0.00,2500.52,2500.52,0.00,0.00,4063728327.40,6674505329.44,0.00,0.00,0.00,0.00,171150817,140253148,0,0
18446744066579.81,1218945.61,1218945.61,0.00,0.00,2523.88,2523.88,0.00,0.00,4063728327.40,6674505329.44,0.00,0.00,0.00,0.00,171716737,140333340,0,0
18446744066581.81,1221457.52,1221457.52,0.00,0.00,2511.90,2511.90,0.00,0.00,4063728327.40,6674505329.44,0.00,0.00,0.00,0.00,172346224,140346900,0,0
18446744066583.81,1223973.95,1223973.95,0.00,0.00,2516.43,2516.43,0.00,0.00,4063728327.40,6674505329.44,0.00,0.00,0.00,0.00,172947946,140389384,0,0
18446744066585.81,1226471.43,1226471.43,0.00,0.00,2497.48,2497.48,0.00,0.00,4063728327.40,6674505329.44,0.00,0.00,0.00,0.00,173434057,140542628,0,0
18446744066587.81,1229021.23,1229021.23,0.00,0.00,2549.80,2549.80,0.00,0.00,4063728327.40,6674505329.44,0.00,0.00,0.00,0.00,173962208,140667226,0,0
18446744066589.82,1231512.22,1231512.22,0.00,0.00,2490.99,2490.99,0.00,0.00,4063728327.40,6674505329.44,0.00,0.00,0.00,0.00,174122736,141144392,0,0
18446744066591.81,1234024.21,1234024.21,0.00,0.00,2511.99,2511.99,0.00,0.00,4063728327.40,6674505329.44,0.00,0.00,0.00,0.00,174729341,141180856,0,0
18446744066593.82,1236559.32,1236559.32,0.00,0.00,2535.11,2535.11,0.00,0.00,4063728327.40,6674505329.44,0.00,0.00,0.00,0.00,175230233,141328952,0,0
18446744066595.81,1239081.12,1239081.12,0.00,0.00,2521.81,2521.81,0.00,0.00,4063728327.40,6674505329.44,0.00,0.00,0.00,0.00,175844314,141360454,0,0
18446744066597.81,1241571.30,1241571.30,0.00,0.00,2490.17,2490.17,0.00,0.00,4063728327.40,6674505329.44,0.00,0.00,0.00,0.00,176312184,141530068,0,0
18446744066599.81,1244096.39,1244096.39,0.00,0.00,2525.09,2525.09,0.00,0.00,4063728327.40,6674505329.44,0.00,0.00,0.00,0.00,176942203,141546472,0,0
18446744066601.81,1246630.55,1246630.55,0.00,0.00,2534.17,2534.17,0.00,0.00,4063728327.40,6674505329.44,0.00,0.00,0.00,0.00,177557082,141580340,0,0
18446744066603.82,1249143.15,1249143.15,0.00,0.00,2512.59,2512.59,0.00,0.00,4063728327.40,6674505329.44,0.00,0.00,0.00,0.00,178192434,141588212,0,0
18446744066605.81,1251670.25,1251670.25,0.00,0.00,2527.10,2527.10,0.00,0.00,4063728327.40,6674505329.44,0.00,0.00,0.00,0.00,178814360,141613224,0,0
18446744066607.82,1254178.88,1254178.88,0.00,0.00,2508.63,2508.63,0.00,0.00,4063728327.40,6674505329.44,0.00,0.00,0.00,0.00,179031840,142037953,0,0
18446744066609.81,1256711.18,1256711.18,0.00,0.00,2532.30,2532.30,0.00,0.00,4063728327.40,6674505329.44,0.00,0.00,0.00,0.00,179115008,142603055,0,0
18446744066611.81,1259272.83,1259272.83,0.00,0.00,2561.65,2561.65,0.00,0.00,4063728327.40,6674505329.44,0.00,0.00,0.00,0.00,179156520,143217325,0,0
18446744066613.81,1261811.12,1261811.12,0.00,0.00,2538.29,2538.29,0.00,0.00,4063728327.40,6674505329.44,0.00,0.00,0.00,0.00,179216698,143806950,0,0
18446744066615.81,1264389.40,1264389.40,0.00,0.00,2578.28,2578.28,0.00,0.00,4063728327.40,6674505329.44,0.00,0.00,0.00,0.00,179391192,144292495,0,0
18446744066617.81,1266963.37,1266963.37,0.00,0.00,2573.97,2573.97,0.00,0.00,4063728327.40,6674505329.44,0.00,0.00,0.00,0.00,179640499,144702124,0,0
18446744066619.81,1269545.99,1269545.99,0.00,0.00,2582.62,2582.62,0.00,0.00,4063728327.40,6674505329.44,0.00,0.00,0.00,0.00,180063929,144939844,0,0
18446744066621.82,1272204.71,1272204.71,0.00,0.00,2658.73,2658.73,0.00,0.00,4063728327.40,6674505329.44,0.00,0.00,0.00,0.00,180595707,145088700,0,0
18446744066623.81,1274870.12,1274870.12,0.00,0.00,2665.41,2665.41,0.00,0.00,4063728327.40,6674505329.44,0.00,0.00,0.00,0.00,181125027,145241724,0,0
18446744066625.82,1277572.36,1277572.36,0.00,0.00,2702.24,2702.24,0.00,0.00,4063728327.40,6674505329.44,0.00,0.00,0.00,0.00,181664456,145394069,0,0
18446744066627.81,1280260.09,1280260.09,0.00,0.00,2687.73,2687.73,0.00,0.00,4063728327.40,6674505329.44,0.00,0.00,0.00,0.00,182059843,145686740,0,0
18446744066629.81,1282923.28,1282923.28,0.00,0.00,2663.19,2663.19,0.00,0.00,4063728327.40,6674505329.44,0.00,0.00,0.00,0.00,182644355,145784004,0,0
18446744066631.81,1285533.87,1285533.87,0.00,0.00,2610.59,2610.59,0.00,0.00,4063728327.40,6674505329.44,0.00,0.00,0.00,0.00,183294998,145801672,0,0
18446744066633.81,1288059.61,1288059.61,0.00,0.00,2525.74,2525.74,0.00,0.00,4063728327.40,6674505329.44,0.00,0.00,0.00,0.00,183912924,145830336,0,0
18446744066635.82,1290579.22,1290579.22,0.00,0.00,2519.61,2519.61,0.00,0.00,4063728327.40,6674505329.44,0.00,0.00,0.00,0.00,184538369,145849912,0,0
18446744066637.81,1293113.91,1293113.91,0.00,0.00,2534.69,2534.69,0.00,0.00,4063728327.40,6674505329.44,0.00,0.00,0.00,0.00,185166106,145871056,0,0
18446744066639.82,1295639.68,1295639.68,0.00,0.00,2525.76,2525.76,0.00,0.00,4063728327.40,6674505329.44,0.00,0.00,0.00,0.00,185797612,145886145,0,0
18446744066641.81,1298172.54,1298172.54,0.00,0.00,2532.86,2532.86,0.00,0.00,4063728327.40,6674505329.44,0.00,0.00,0.00,0.00,186420770,145911400,0,0
18446744066643.81,1300747.60,1300747.60,0.00,0.00,2575.06,2575.06,0.00,0.00,4063728327.40,6674505329.44,0.00,0.00,0.00,0.00,187054826,145936560,0,0
18446744066645.81,1303357.67,1303357.67,0.00,0.00,2610.07,2610.07,0.00,0.00,4063728327.40,6674505329.44,0.00,0.00,0.00,0.00,187718780,145940784,0,0
18446744066647.81,1305985.91,1305985.91,0.00,0.00,2628.24,2628.24,0.00,0.00,4063728327.40,6674505329.44,0.00,0.00,0.00,0.00,188317921,146014472,0,0
18446744066649.81,1308620.71,1308620.71,0.00,0.00,2634.80,2634.80,0.00,0.00,4063728327.40,6674505329.44,0.00,0.00,0.00,0.00,188971813,146035088,0,0
18446744066651.81,1311301.82,1311301.82,0.00,0.00,2681.11,2681.11,0.00,0.00,4063728327.40,6674505329.44,0.00,0.00,0.00,0.00,189587441,146105824,0,0
18446744066653.82,1313987.75,1313987.75,0.00,0.00,2685.93,2685.93,0.00,0.00,4063728327.40,6674505329.44,0.00,0.00,0.00,0.00,190250655,146130208,0,0
18446744066655.81,1316648.42,1316648.42,0.00,0.00,2660.67,2660.67,0.00,0.00,4063728327.40,6674505329.44,0.00,0.00,0.00,0.00,190925279,146136716,0,0
18446744066657.82,1319381.70,1319381.70,0.00,0.00,2733.28,2733.28,0.00,0.00,4063728327.40,6674505329.44,0.00,0.00,0.00,0.00,191600694,146161020,0,0
18446744066659.81,1322099.95,1322099.95,0.00,0.00,2718.25,2718.25,0.00,0.00,4063728327.40,6674505329.44,0.00,0.00,0.00,0.00,192226986,146230600,0,0
18446744066661.81,1324613.53,1324613.53,0.00,0.00,2513.59,2513.59,0.00,0.00,4063728327.40,6674505329.44,0.00,0.00,0.00,0.00,192462682,146638382,0,0
18446744066663.81,1327137.39,1327137.39,0.00,0.00,2523.86,2523.86,0.00,0.00,4063728327.40,6674505329.44,0.00,0.00,0.00,0.00,192553664,147193507,0,0
18446744066665.81,1329638.03,1329638.03,0.00,0.00,2500.64,2500.64,0.00,0.00,4063728327.40,6674505329.44,0.00,0.00,0.00,0.00,192553992,147833343,0,0
18446744066667.82,1332153.52,1332153.52,0.00,0.00,2515.49,2515.49,0.00,0.00,4063728327.40,6674505329.44,0.00,0.00,0.00,0.00,192602872,148428429,0,0
18446744066669.81,1334668.73,1334668.73,0.00,0.00,2515.21,2515.21,0.00,0.00,4063728327.40,6674505329.44,0.00,0.00,0.00,0.00,192758812,148916384,0,0
18446744066671.82,1337223.06,1337223.06,0.00,0.00,2554.33,2554.33,0.00,0.00,4063728327.40,6674505329.44,0.00,0.00,0.00,0.00,193178340,149150764,0,0
18446744066673.81,1339734.89,1339734.89,0.00,0.00,2511.83,2511.83,0.00,0.00,4063728327.40,6674505329.44,0.00,0.00,0.00,0.00,193628032,149344100,0,0
18446744066675.81,1342284.20,1342284.20,0.00,0.00,2549.31,2549.31,0.00,0.00,4063728327.40,6674505329.44,0.00,0.00,0.00,0.00,194265920,149358836,0,0
18446744066677.81,1344847.23,1344847.23,0.00,0.00,2563.03,2563.03,0.00,0.00,4063728327.40,6674505329.44,0.00,0.00,0.00,0.00,194508219,149772673,0,0
18446744066679.81,1347404.31,1347404.31,0.00,0.00,2557.08,2557.08,0.00,0.00,4063728327.40,6674505329.44,0.00,0.00,0.00,0.00,195013596,149921908,0,0
18446744066681.81,1350013.69,1350013.69,0.00,0.00,2609.38,2609.38,0.00,0.00,4063728327.40,6674505329.44,0.00,0.00,0.00,0.00,195510253,150093252,0,0
18446744066683.81,1352500.69,1352500.69,0.00,0.00,2487.00,2487.00,0.00,0.00,4063728327.40,6674505329.44,0.00,0.00,0.00,0.00,195998748,150241428,0,0
18446744066685.82,1355016.21,1355016.21,0.00,0.00,2515.53,2515.53,0.00,0.00,4063728327.40,6674505329.44,0.00,0.00,0.00,0.00,196400360,150483791,0,0
18446744066687.81,1357529.85,1357529.85,0.00,0.00,2513.64,2513.64,0.00,0.00,4063728327.40,6674505329.44,0.00,0.00,0.00,0.00,196516682,151010960,0,0
18446744066689.82,1360045.93,1360045.93,0.00,0.00,2516.08,2516.08,0.00,0.00,4063728327.40,6674505329.44,0.00,0.00,0.00,0.00,196798558,151373200,0,0
18446744066691.81,1362544.29,1362544.29,0.00,0.00,2498.36,2498.36,0.00,0.00,4063728327.40,6674505329.44,0.00,0.00,0.00,0.00,196902304,151909035,0,0
18446744066693.81,1365030.11,1365030.11,0.00,0.00,2485.82,2485.82,0.00,0.00,4063728327.40,6674505329.44,0.00,0.00,0.00,0.00,196938944,152508765,0,0
18446744066695.81,1367545.30,1367545.30,0.00,0.00,2515.19,2515.19,0.00,0.00,4063728327.40,6674505329.44,0.00,0.00,0.00,0.00,197132625,152958973,0,0
18446744066697.81,1370096.72,1370096.72,0.00,0.00,2551.42,2551.42,0.00,0.00,4063728327.40,6674505329.44,0.00,0.00,0.00,0.00,197362129,153382632,0,0
18446744066699.82,1372581.73,1372581.73,0.00,0.00,2485.01,2485.01,0.00,0.00,4063728327.40,6674505329.44,0.00,0.00,0.00,0.00,197625796,153755128,0,0
18446744066701.81,1375083.72,1375083.72,0.00,0.00,2501.98,2501.98,0.00,0.00,4063728327.40,6674505329.44,0.00,0.00,0.00,0.00,197871406,154150026,0,0
18446744066703.82,1377599.91,1377599.91,0.00,0.00,2516.19,2516.19,0.00,0.00,4063728327.40,6674505329.44,0.00,0.00,0.00,0.00,198294592,154370985,0,0
18446744066705.81,1380116.16,1380116.16,0.00,0.00,2516.25,2516.25,0.00,0.00,4063728327.40,6674505329.44,0.00,0.00,0.00,0.00,198905904,154403832,0,0
18446744066707.81,1382620.88,1382620.88,0.00,0.00,2504.72,2504.72,0.00,0.00,4063728327.40,6674505329.44,0.00,0.00,0.00,0.00,199087492,154863453,0,0
18446744066709.81,1385158.19,1385158.19,0.00,0.00,2537.31,2537.31,0.00,0.00,4063728327.40,6674505329.44,0.00,0.00,0.00,0.00,199396259,155204238,0,0
18446744066711.81,1387682.00,1387682.00,0.00,0.00,2523.81,2523.81,0.00,0.00,4063728327.40,6674505329.44,0.00,0.00,0.00,0.00,199560824,155685769,0,0
18446744066713.81,1390206.64,1390206.64,0.00,0.00,2524.63,2524.63,0.00,0.00,4063728327.40,6674505329.44,0.00,0.00,0.00,0.00,199924599,155968300,0,0
18446744066715.81,1392745.38,1392745.38,0.00,0.00,2538.74,2538.74,0.00,0.00,4063728327.40,6674505329.44,0.00,0.00,0.00,0.00,200549916,155992900,0,0
18446744066717.82,1395250.59,1395250.59,0.00,0.00,2505.22,2505.22,0.00,0.00,4063728327.40,6674505329.44,0.00,0.00,0.00,0.00,201177304,156006848,0,0
18446744066719.81,1397774.08,1397774.08,0.00,0.00,2523.49,2523.49,0.00,0.00,4063728327.40,6674505329.44,0.00,0.00,0.00,0.00,201397228,156432937,0,0
18446744066721.82,1400317.34,1400317.34,0.00,0.00,2543.26,2543.26,0.00,0.00,4063728327.40,6674505329.44,0.00,0.00,0.00,0.00,201505252,156975987,0,0
18446744066723.81,1402850.89,1402850.89,0.00,0.00,2533.55,2533.55,0.00,0.00,4063728327.40,6674505329.44,0.00,0.00,0.00,0.00,201642805,157487024,0,0
18446744066725.81,1405416.08,1405416.08,0.00,0.00,2565.19,2565.19,0.00,0.00,4063728327.40,6674505329.44,0.00,0.00,0.00,0.00,202092669,157693848,0,0
18446744066727.81,1407959.37,1407959.37,0.00,0.00,2543.29,2543.29,0.00,0.00,4063728327.40,6674505329.44,0.00,0.00,0.00,0.00,202270726,158166873,0,0
18446744066729.81,1410505.85,1410505.85,0.00,0.00,2546.48,2546.48,0.00,0.00,4063728327.40,6674505329.44,0.00,0.00,0.00,0.00,202468924,158620574,0,0
18446744066731.82,1413028.41,1413028.41,0.00,0.00,2522.56,2522.56,0.00,0.00,4063728327.40,6674505329.44,0.00,0.00,0.00,0.00,202660168,159075106,0,0
18446744066733.81,1415564.70,1415564.70,0.00,0.00,2536.28,2536.28,0.00,0.00,4063728327.40,6674505329.44,0.00,0.00,0.00,0.00,202943692,159440870,0,0
18446744066735.82,1418129.51,1418129.51,0.00,0.00,2564.81,2564.81,0.00,0.00,4063728327.40,6674505329.44,0.00,0.00,0.00,0.00,203141378,159899776,0,0
18446744066737.81,1420713.72,1420713.72,0.00,0.00,2584.21,2584.21,0.00,0.00,4063728327.40,6674505329.44,0.00,0.00,0.00,0.00,203454085,160248627,0,0
18446744066739.81,1423271.88,1423271.88,0.00,0.00,2558.16,2558.16,0.00,0.00,4063728327.40,6674505329.44,0.00,0.00,0.00,0.00,203681750,160675852,0,0
18446744066741.81,1425841.93,1425841.93,0.00,0.00,2570.05,2570.05,0.00,0.00,4063728327.40,6674505329.44,0.00,0.00,0.00,0.00,204254059,160761476,0,0
18446744066743.81,1428430.59,1428430.59,0.00,0.00,2588.66,2588.66,0.00,0.00,4063728327.40,6674505329.44,0.00,0.00,0.00,0.00,204740915,160937316,0,0
18446744066745.81,1431010.93,1431010.93,0.00,0.00,2580.34,2580.34,0.00,0.00,4063728327.40,6674505329.44,0.00,0.00,0.00,0.00,205187268,161151529,0,0
18446744066747.81,1433579.87,1433579.87,0.00,0.00,2568.94,2568.94,0.00,0.00,4063728327.40,6674505329.44,0.00,0.00,0.00,0.00,205313284,161683162,0,0
18446744066749.82,1436200.03,1436200.03,0.00,0.00,2620.16,2620.16,0.00,0.00,4063728327.40,6674505329.44,0.00,0.00,0.00,0.00,205459176,162208032,0,0
18446744066751.81,1438812.48,1438812.48,0.00,0.00,2612.45,2612.45,0.00,0.00,4063728327.40,6674505329.44,0.00,0.00,0.00,0.00,205609950,162726046,0,0
18446744066753.82,1441417.21,1441417.21,0.00,0.00,2604.73,2604.73,0.00,0.00,4063728327.40,6674505329.44,0.00,0.00,0.00,0.00,205758964,163243843,0,0
18446744066755.81,1444064.66,1444064.66,0.00,0.00,2647.44,2647.44,0.00,0.00,4063728327.40,6674505329.44,0.00,0.00,0.00,0.00,205963340,163717212,0,0
18446744066757.81,1444555.62,1444555.62,0.00,0.00,490.96,490.96,0.00,0.00,4063728327.40,6674505329.44,0.00,0.00,0.00,0.00,206062531,163743708,0,0
18446744066762.44,1444555.71,1444555.71,0.00,0.00,0.09,0.09,0.00,0.00,4063728327.40,6674505329.44,0.00,0.00,0.00,0.00,206062555,163743708,0,0
18446744066764.44,1447098.66,1447098.66,0.00,0.00,2542.95,2542.95,0.00,0.00,4063728327.40,6674505329.44,0.00,0.00,0.00,0.00,206637117,163820140,0,0
18446744066766.44,1449644.22,1449644.22,0.00,0.00,2545.56,2545.56,0.00,0.00,4063728327.40,6674505329.44,0.00,0.00,0.00,0.00,206896740,164212181,0,0
18446744066768.44,1452166.72,1452166.72,0.00,0.00,2522.50,2522.50,0.00,0.00,4063728327.40,6674505329.44,0.00,0.00,0.00,0.00,207123052,164631629,0,0
18446744066770.44,1454698.23,1454698.23,0.00,0.00,2531.50,2531.50,0.00,0.00,4063728327.40,6674505329.44,0.00,0.00,0.00,0.00,207303126,165099620,0,0
18446744066772.44,1457222.02,1457222.02,0.00,0.00,2523.80,2523.80,0.00,0.00,4063728327.40,6674505329.44,0.00,0.00,0.00,0.00,207502328,165546510,0,0
18446744066774.44,1459778.88,1459778.88,0.00,0.00,2556.86,2556.86,0.00,0.00,4063728327.40,6674505329.44,0.00,0.00,0.00,0.00,207724232,165979162,0,0
18446744066776.44,1462314.31,1462314.31,0.00,0.00,2535.43,2535.43,0.00,0.00,4063728327.40,6674505329.44,0.00,0.00,0.00,0.00,207828752,166523711,0,0
18446744066778.44,1464864.05,1464864.05,0.00,0.00,2549.75,2549.75,0.00,0.00,4063728327.40,6674505329.44,0.00,0.00,0.00,0.00,207971841,167033357,0,0
18446744066780.44,1467388.64,1467388.64,0.00,0.00,2524.58,2524.58,0.00,0.00,4063728327.40,6674505329.44,0.00,0.00,0.00,0.00,208337300,167314191,0,0
18446744066782.44,1469957.20,1469957.20,0.00,0.00,2568.56,2568.56,0.00,0.00,4063728327.40,6674505329.44,0.00,0.00,0.00,0.00,208679856,167629187,0,0
18446744066784.44,1472532.62,1472532.62,0.00,0.00,2575.42,2575.42,0.00,0.00,4063728327.40,6674505329.44,0.00,0.00,0.00,0.00,208903479,168064872,0,0
18446744066786.44,1475106.20,1475106.20,0.00,0.00,2573.58,2573.58,0.00,0.00,4063728327.40,6674505329.44,0.00,0.00,0.00,0.00,209448752,168178436,0,0
18446744066788.44,1477655.18,1477655.18,0.00,0.00,2548.98,2548.98,0.00,0.00,4063728327.40,6674505329.44,0.00,0.00,0.00,0.00,210100130,168179596,0,0
18446744066790.44,1480192.73,1480192.73,0.00,0.00,2537.55,2537.55,0.00,0.00,4063728327.40,6674505329.44,0.00,0.00,0.00,0.00,210367129,168562209,0,0
18446744066792.44,1482716.60,1482716.60,0.00,0.00,2523.88,2523.88,0.00,0.00,4063728327.40,6674505329.44,0.00,0.00,0.00,0.00,210495852,169079598,0,0
18446744066794.44,1485245.95,1485245.95,0.00,0.00,2529.34,2529.34,0.00,0.00,4063728327.40,6674505329.44,0.00,0.00,0.00,0.00,210624555,169598407,0,0
18446744066796.44,1487743.71,1487743.71,0.00,0.00,2497.77,2497.77,0.00,0.00,4063728327.40,6674505329.44,0.00,0.00,0.00,0.00,210758508,170103883,0,0
18446744066798.44,1490263.02,1490263.02,0.00,0.00,2519.31,2519.31,0.00,0.00,4063728327.40,6674505329.44,0.00,0.00,0.00,0.00,210853800,170653534,0,0
18446744066800.44,1492774.33,1492774.33,0.00,0.00,2511.31,2511.31,0.00,0.00,4063728327.40,6674505329.44,0.00,0.00,0.00,0.00,210958272,171191957,0,0
18446744066802.44,1495324.30,1495324.30,0.00,0.00,2549.96,2549.96,0.00,0.00,4063728327.40,6674505329.44,0.00,0.00,0.00,0.00,211348108,171454912,0,0
18446744066804.44,1497828.09,1497828.09,0.00,0.00,2503.80,2503.80,0.00,0.00,4063728327.40,6674505329.44,0.00,0.00,0.00,0.00,211439740,172004252,0,0
18446744066806.44,1500327.32,1500327.32,0.00,0.00,2499.23,2499.23,0.00,0.00,4063728327.40,6674505329.44,0.00,0.00,0.00,0.00,211683695,172400100,0,0
18446744066808.44,1502857.81,1502857.81,0.00,0.00,2530.48,2530.48,0.00,0.00,4063728327.40,6674505329.44,0.00,0.00,0.00,0.00,212319263,172412336,0,0
18446744066810.44,1505377.56,1505377.56,0.00,0.00,2519.75,2519.75,0.00,0.00,4063728327.40,6674505329.44,0.00,0.00,0.00,0.00,212578904,172797752,0,0
18446744066812.44,1507887.29,1507887.29,0.00,0.00,2509.73,2509.73,0.00,0.00,4063728327.40,6674505329.44,0.00,0.00,0.00,0.00,212681585,173337561,0,0
18446744066814.44,1510405.82,1510405.82,0.00,0.00,2518.53,2518.53,0.00,0.00,4063728327.40,6674505329.44,0.00,0.00,0.00,0.00,212702760,173961129,0,0
18446744066816.44,1512911.51,1512911.51,0.00,0.00,2505.70,2505.70,0.00,0.00,4063728327.40,6674505329.44,0.00,0.00,0.00,0.00,212736752,174568595,0,0
18446744066818.44,1515431.78,1515431.78,0.00,0.00,2520.27,2520.27,0.00,0.00,4063728327.40,6674505329.44,0.00,0.00,0.00,0.00,212820624,175129912,0,0
18446744066820.44,1517954.01,1517954.01,0.00,0.00,2522.23,2522.23,0.00,0.00,4063728327.40,6674505329.44,0.00,0.00,0.00,0.00,212947909,175648317,0,0
18446744066822.44,1520457.76,1520457.76,0.00,0.00,2503.75,2503.75,0.00,0.00,4063728327.40,6674505329.44,0.00,0.00,0.00,0.00,213077630,176159556,0,0
18446744066824.44,1522970.96,1522970.96,0.00,0.00,2513.21,2513.21,0.00,0.00,4063728327.40,6674505329.44,0.00,0.00,0.00,0.00,213181676,176698891,0,0
18446744066826.44,1525485.70,1525485.70,0.00,0.00,2514.74,2514.74,0.00,0.00,4063728327.40,6674505329.44,0.00,0.00,0.00,0.00,213271404,177252936,0,0
18446744066828.44,1527992.12,1527992.12,0.00,0.00,2506.42,2506.42,0.00,0.00,4063728327.40,6674505329.44,0.00,0.00,0.00,0.00,213371056,177794927,0,0
18446744066830.44,1530487.94,1530487.94,0.00,0.00,2495.82,2495.82,0.00,0.00,4063728327.40,6674505329.44,0.00,0.00,0.00,0.00,213485666,178319247,0,0
18446744066832.44,1532983.56,1532983.56,0.00,0.00,2495.62,2495.62,0.00,0.00,4063728327.40,6674505329.44,0.00,0.00,0.00,0.00,213659720,178784072,0,0
18446744066834.44,1535484.82,1535484.82,0.00,0.00,2501.26,2501.26,0.00,0.00,4063728327.40,6674505329.44,0.00,0.00,0.00,0.00,213749376,179334739,0,0
18446744066836.44,1537996.54,1537996.54,0.00,0.00,2511.71,2511.71,0.00,0.00,4063728327.40,6674505329.44,0.00,0.00,0.00,0.00,213866584,179860530,0,0
18446744066838.44,1540515.23,1540515.23,0.00,0.00,2518.70,2518.70,0.00,0.00,4063728327.40,6674505329.44,0.00,0.00,0.00,0.00,213973596,180398304,0,0
18446744066840.44,1543033.42,1543033.42,0.00,0.00,2518.18,2518.18,0.00,0.00,4063728327.40,6674505329.44,0.00,0.00,0.00,0.00,214054784,180961771,0,0
18446744066842.44,1545530.16,1545530.16,0.00,0.00,2496.74,2496.74,0.00,0.00,4063728327.40,6674505329.44,0.00,0.00,0.00,0.00,214123508,181532212,0,0
18446744066844.44,1548017.80,1548017.80,0.00,0.00,2487.65,2487.65,0.00,0.00,4063728327.40,6674505329.44,0.00,0.00,0.00,0.00,214212672,182079886,0,0
18446744066846.44,1550535.96,1550535.96,0.00,0.00,2518.16,2518.16,0.00,0.00,4063728327.40,6674505329.44,0.00,0.00,0.00,0.00,214258080,182679127,0,0
18446744066848.44,1553043.87,1553043.87,0.00,0.00,2507.90,2507.90,0.00,0.00,4063728327.40,6674505329.44,0.00,0.00,0.00,0.00,214303552,183275678,0,0
18446744066850.44,1555561.28,1555561.28,0.00,0.00,2517.41,2517.41,0.00,0.00,4063728327.40,6674505329.44,0.00,0.00,0.00,0.00,214348308,183875380,0,0
18446744066852.44,1558061.32,1558061.32,0.00,0.00,2500.04,2500.04,0.00,0.00,4063728327.40,6674505329.44,0.00,0.00,0.00,0.00,214357564,184506135,0,0
18446744066854.44,1560583.07,1560583.07,0.00,0.00,2521.75,2521.75,0.00,0.00,4063728327.40,6674505329.44,0.00,0.00,0.00,0.00,214521845,184987421,0,0
18446744066856.44,1563128.68,1563128.68,0.00,0.00,2545.61,2545.61,0.00,0.00,4063728327.40,6674505329.44,0.00,0.00,0.00,0.00,214956638,185204304,0,0
18446744066858.44,1565659.63,1565659.63,0.00,0.00,2530.95,2530.95,0.00,0.00,4063728327.40,6674505329.44,0.00,0.00,0.00,0.00,215227914,185580951,0,0
18446744066860.44,1568233.31,1568233.31,0.00,0.00,2573.68,2573.68,0.00,0.00,4063728327.40,6674505329.44,0.00,0.00,0.00,0.00,215401144,186066583,0,0
18446744066862.44,1570779.03,1570779.03,0.00,0.00,2545.72,2545.72,0.00,0.00,4063728327.40,6674505329.44,0.00,0.00,0.00,0.00,215735544,186383888,0,0
18446744066864.44,1573303.65,1573303.65,0.00,0.00,2524.62,2524.62,0.00,0.00,4063728327.40,6674505329.44,0.00,0.00,0.00,0.00,216187728,186578007,0,0
18446744066866.44,1575868.86,1575868.86,0.00,0.00,2565.20,2565.20,0.00,0.00,4063728327.40,6674505329.44,0.00,0.00,0.00,0.00,216337924,187084503,0,0
18446744066868.44,1578468.82,1578468.82,0.00,0.00,2599.97,2599.97,0.00,0.00,4063728327.40,6674505329.44,0.00,0.00,0.00,0.00,216608003,187480016,0,0
18446744066870.44,1581018.30,1581018.30,0.00,0.00,2549.48,2549.48,0.00,0.00,4063728327.40,6674505329.44,0.00,0.00,0.00,0.00,217058630,187682056,0,0
18446744066872.44,1583599.59,1583599.59,0.00,0.00,2581.29,2581.29,0.00,0.00,4063728327.40,6674505329.44,0.00,0.00,0.00,0.00,217274378,188127118,0,0
18446744066874.44,1586199.48,1586199.48,0.00,0.00,2599.89,2599.89,0.00,0.00,4063728327.40,6674505329.44,0.00,0.00,0.00,0.00,217748318,188318749,0,0
18446744066876.44,1588828.84,1588828.84,0.00,0.00,2629.36,2629.36,0.00,0.00,4063728327.40,6674505329.44,0.00,0.00,0.00,0.00,218134918,188605265,0,0
18446744066878.44,1591421.42,1591421.42,0.00,0.00,2592.58,2592.58,0.00,0.00,4063728327.40,6674505329.44,0.00,0.00,0.00,0.00,218256658,189147225,0,0
18446744066880.44,1594064.35,1594064.35,0.00,0.00,2642.93,2642.93,0.00,0.00,4063728327.40,6674505329.44,0.00,0.00,0.00,0.00,218551777,189528696,0,0
18446744066882.44,1596707.71,1596707.71,0.00,0.00,2643.36,2643.36,0.00,0.00,4063728327.40,6674505329.44,0.00,0.00,0.00,0.00,218907196,189849978,0,0
18446744066884.44,1599375.82,1599375.82,0.00,0.00,2668.11,2668.11,0.00,0.00,4063728327.40,6674505329.44,0.00,0.00,0.00,0.00,219105153,190335056,0,0
18446744066886.44,1602006.37,1602006.37,0.00,0.00,2630.55,2630.55,0.00,0.00,4063728327.40,6674505329.44,0.00,0.00,0.00,0.00,219584323,190529308,0,0
18446744066888.44,1604666.82,1604666.82,0.00,0.00,2660.45,2660.45,0.00,0.00,4063728327.40,6674505329.44,0.00,0.00,0.00,0.00,219841228,190953478,0,0
18446744066890.44,1607382.70,1607382.70,0.00,0.00,2715.88,2715.88,0.00,0.00,4063728327.40,6674505329.44,0.00,0.00,0.00,0.00,220028474,191461498,0,0
18446744066892.44,1610036.70,1610036.70,0.00,0.00,2653.99,2653.99,0.00,0.00,4063728327.40,6674505329.44,0.00,0.00,0.00,0.00,220345288,191824106,0,0
18446744066894.44,1612672.61,1612672.61,0.00,0.00,2635.91,2635.91,0.00,0.00,4063728327.40,6674505329.44,0.00,0.00,0.00,0.00,220808168,192036020,0,0
18446744066896.44,1615354.89,1615354.89,0.00,0.00,2682.28,2682.28,0.00,0.00,4063728327.40,6674505329.44,0.00,0.00,0.00,0.00,220982752,192548100,0,0
18446744066898.44,1618065.77,1618065.77,0.00,0.00,2710.88,2710.88,0.00,0.00,4064495095.98,6675296831.44,766768.58,791502.00,0.00,0.00,221459965,192764872,0,0
18446744066900.44,1620787.22,1620787.22,0.00,0.00,2721.45,2721.45,0.00,0.00,4064495095.98,6675296831.44,0.00,0.00,0.00,0.00,222003519,192918010,0,0
18446744066902.44,1623551.84,1623551.84,0.00,0.00,2764.61,2764.61,0.00,0.00,4064495095.98,6675296831.44,0.00,0.00,0.00,0.00,222652226,192977044,0,0
18446744066904.44,1626356.10,1626356.10,0.00,0.00,2804.26,2804.26,0.00,0.00,4064495095.98,6675296831.44,0.00,0.00,0.00,0.00,223192917,193154244,0,0
18446744066906.44,1629150.21,1629150.21,0.00,0.00,2794.11,2794.11,0.00,0.00,4064495095.98,6675296831.44,0.00,0.00,0.00,0.00,223887778,193174676,0,0
18446744066908.44,1631971.07,1631971.07,0.00,0.00,2820.86,2820.86,0.00,0.00,4064495095.98,6675296831.44,0.00,0.00,0.00,0.00,224517979,193266616,0,0
18446744066910.44,1634800.05,1634800.05,0.00,0.00,2828.98,2828.98,0.00,0.00,4064495095.98,6675296831.44,0.00,0.00,0.00,0.00,225131957,193376856,0,0
18446744066912.44,1637589.48,1637589.48,0.00,0.00,2789.43,2789.43,0.00,0.00,4064495095.98,6675296831.44,0.00,0.00,0.00,0.00,225821827,193401080,0,0
18446744066914.44,1640364.76,1640364.76,0.00,0.00,2775.28,2775.28,0.00,0.00,4064495095.98,6675296831.44,0.00,0.00,0.00,0.00,226508282,193425096,0,0
18446744066916.44,1643172.65,1643172.65,0.00,0.00,2807.89,2807.89,0.00,0.00,4064495095.98,6675296831.44,0.00,0.00,0.00,0.00,227201336,193450862,0,0
18446744066918.44,1645961.05,1645961.05,0.00,0.00,2788.40,2788.40,0.00,0.00,4064495095.98,6675296831.44,0.00,0.00,0.00,0.00,227889196,193476832,0,0
18446744066920.44,1648771.88,1648771.88,0.00,0.00,2810.83,2810.83,0.00,0.00,4064495095.98,6675296831.44,0.00,0.00,0.00,0.00,228308308,193777292,0,0
18446744066922.44,1651574.49,1651574.49,0.00,0.00,2802.62,2802.62,0.00,0.00,4064495095.98,6675296831.44,0.00,0.00,0.00,0.00,228429896,194373174,0,0
18446744066924.44,1654396.36,1654396.36,0.00,0.00,2821.86,2821.86,0.00,0.00,4064495095.98,6675296831.44,0.00,0.00,0.00,0.00,228561492,194963975,0,0
18446744066926.44,1657210.10,1657210.10,0.00,0.00,2813.74,2813.74,0.00,0.00,4064495095.98,6675296831.44,0.00,0.00,0.00,0.00,228698228,195547557,0,0
18446744066928.44,1659902.29,1659902.29,0.00,0.00,2692.20,2692.20,0.00,0.00,4064495095.98,6675296831.44,0.00,0.00,0.00,0.00,228989247,195945740,0,0
18446744066930.44,1662391.28,1662391.28,0.00,0.00,2488.98,2488.98,0.00,0.00,4064495095.98,6675296831.44,0.00,0.00,0.00,0.00,229607051,195965116,0,0
18446744066932.44,1664867.74,1664867.74,0.00,0.00,2476.46,2476.46,0.00,0.00,4064495095.98,6675296831.44,0.00,0.00,0.00,0.00,229773948,196432194,0,0
18446744066934.44,1667327.08,1667327.08,0.00,0.00,2459.34,2459.34,0.00,0.00,4064495095.98,6675296831.44,0.00,0.00,0.00,0.00,229874077,196961655,0,0
18446744066936.44,1669816.00,1669816.00,0.00,0.00,2488.92,2488.92,0.00,0.00,4064495095.98,6675296831.44,0.00,0.00,0.00,0.00,230111041,197361854,0,0
18446744066938.44,1672310.09,1672310.09,0.00,0.00,2494.10,2494.10,0.00,0.00,4064495095.98,6675296831.44,0.00,0.00,0.00,0.00,230716888,197394496,0,0
18446744066940.44,1674812.71,1674812.71,0.00,0.00,2502.62,2502.62,0.00,0.00,4064495095.98,6675296831.44,0.00,0.00,0.00,0.00,231312971,197439084,0,0
18446744066942.44,1677300.44,1677300.44,0.00,0.00,2487.72,2487.72,0.00,0.00,4064495095.98,6675296831.44,0.00,0.00,0.00,0.00,231766872,197622040,0,0
18446744066944.44,1679782.83,1679782.83,0.00,0.00,2482.39,2482.39,0.00,0.00,4064495095.98,6675296831.44,0.00,0.00,0.00,0.00,232263309,197761096,0,0
18446744066946.44,1682301.99,1682301.99,0.00,0.00,2519.16,2519.16,0.00,0.00,4064495095.98,6675296831.44,0.00,0.00,0.00,0.00,232889270,197780040,0,0
18446744066948.44,1684816.91,1684816.91,0.00,0.00,2514.91,2514.91,0.00,0.00,4064495095.98,6675296831.44,0.00,0.00,0.00,0.00,233489284,197823844,0,0
18446744066950.44,1687353.48,1687353.48,0.00,0.00,2536.57,2536.57,0.00,0.00,4064495095.98,6675296831.44,0.00,0.00,0.00,0.00,234110404,197852087,0,0
18446744066952.44,1689854.17,1689854.17,0.00,0.00,2500.69,2500.69,0.00,0.00,4064495095.98,6675296831.44,0.00,0.00,0.00,0.00,234706800,197895868,0,0
18446744066954.44,1692351.78,1692351.78,0.00,0.00,2497.61,2497.61,0.00,0.00,4064495095.98,6675296831.44,0.00,0.00,0.00,0.00,235319724,197922332,0,0
18446744066956.44,1694877.75,1694877.75,0.00,0.00,2525.97,2525.97,0.00,0.00,4064495095.98,6675296831.44,0.00,0.00,0.00,0.00,235945380,197943324,0,0
18446744066958.44,1697378.91,1697378.91,0.00,0.00,2501.16,2501.16,0.00,0.00,4064495095.98,6675296831.44,0.00,0.00,0.00,0.00,236479581,198049420,0,0
18446744066960.44,1699885.45,1699885.45,0.00,0.00,2506.54,2506.54,0.00,0.00,4064495095.98,6675296831.44,0.00,0.00,0.00,0.00,237044562,198126112,0,0
18446744066962.44,1702389.06,1702389.06,0.00,0.00,2503.61,2503.61,0.00,0.00,4064495095.98,6675296831.44,0.00,0.00,0.00,0.00,237118228,198693371,0,0
18446744066964.44,1704907.51,1704907.51,0.00,0.00,2518.45,2518.45,0.00,0.00,4064495095.98,6675296831.44,0.00,0.00,0.00,0.00,237176840,199279483,0,0
18446744066966.44,1707438.98,1707438.98,0.00,0.00,2531.47,2531.47,0.00,0.00,4064495095.98,6675296831.44,0.00,0.00,0.00,0.00,237217324,199887056,0,0
18446744066968.44,1709974.61,1709974.61,0.00,0.00,2535.63,2535.63,0.00,0.00,4064495095.98,6675296831.44,0.00,0.00,0.00,0.00,237353600,200399901,0,0
18446744066970.44,1712517.12,1712517.12,0.00,0.00,2542.50,2542.50,0.00,0.00,4064495095.98,6675296831.44,0.00,0.00,0.00,0.00,237788462,200615920,0,0
18446744066972.44,1715024.18,1715024.18,0.00,0.00,2507.07,2507.07,0.00,0.00,4064495095.98,6675296831.44,0.00,0.00,0.00,0.00,238314723,200731468,0,0
18446744066974.44,1717508.17,1717508.17,0.00,0.00,2483.98,2483.98,0.00,0.00,4064495095.98,6675296831.44,0.00,0.00,0.00,0.00,238772600,200909491,0,0
18446744066976.44,1720084.29,1720084.29,0.00,0.00,2576.12,2576.12,0.00,0.00,4064495095.98,6675296831.44,0.00,0.00,0.00,0.00,238847559,201494019,0,0
18446744066978.44,1722609.33,1722609.33,2301.09,0.00,2525.04,2525.04,2301.09,0.00,4064495095.98,6675296831.44,0.00,0.00,0.00,0.00,238955597,202032391,0,0
18446744066980.44,1725068.87,1725068.87,3775.09,0.00,2459.54,2459.54,1474.00,0.00,4064495095.98,6675296831.44,0.00,0.00,0.00,0.00,238121880,202529327,0,966424
18446744066982.44,1727579.66,1727579.66,4923.50,0.00,2510.79,2510.79,1148.41,0.00,4064495095.98,6675296831.44,0.00,0.00,0.00,0.00,238223264,203070704,0,966424
18446744066984.44,1730086.43,1730086.43,7451.53,0.00,2506.77,2506.77,2528.03,0.00,4064495095.98,6675296831.44,0.00,0.00,0.00,0.00,238332572,203603129,0,966424
18446744066986.44,1732569.43,1732569.43,8642.00,0.00,2483.00,2483.00,1190.47,0.00,4064495095.98,6675296831.44,0.00,0.00,0.00,0.00,237617004,203708418,0,2212352
18446744066988.44,1735036.69,1735036.69,11050.41,0.00,2467.26,2467.26,2408.41,0.00,4064495095.98,6675296831.44,0.00,0.00,0.00,0.00,238021248,203935792,0,2212352
18446744066990.44,1737500.06,1737500.06,12580.72,0.00,2463.38,2463.38,1530.31,0.00,4064495095.98,6675296831.44,0.00,0.00,0.00,0.00,237576354,204002998,0,3220664
18446744066992.44,1740040.12,1740040.12,13786.37,0.00,2540.06,2540.06,1205.65,0.00,4064495095.98,6675296831.44,0.00,0.00,0.00,0.00,237975400,204254207,0,3220664
18446744066994.44,1742545.17,1742545.17,16121.13,0.00,2505.05,2505.05,2334.77,0.00,4064495095.98,6675296831.44,0.00,0.00,0.00,0.00,237161174,204803404,0,4126986
18446744066996.44,1745074.36,1745074.36,16302.65,0.00,2529.19,2529.19,181.52,0.00,4064495095.98,6675296831.44,0.00,0.00,0.00,0.00,237468575,205143476,0,4126986
18446744066998.44,1747639.62,1747639.62,18882.62,0.00,2565.25,2565.25,2579.97,0.00,4064495095.98,6675296831.44,0.00,0.00,0.00,0.00,238086832,205181924,0,4126986
18446744067000.44,1750141.27,1750141.27,20396.38,0.00,2501.65,2501.65,1513.76,0.00,4064495095.98,6675296831.44,0.00,0.00,0.00,0.00,237513781,205300936,0,5221448
18446744067002.44,1752646.14,1752646.14,22037.45,0.00,2504.87,2504.87,1641.07,0.00,4064495095.98,6675296831.44,0.00,0.00,0.00,0.00,238147788,205308176,0,5221448
18446744067004.44,1755052.14,1755052.14,24168.67,0.00,2406.00,2406.00,2131.22,0.00,4064495095.98,6675296831.44,0.00,0.00,0.00,0.00,237675732,205430461,0,6187156
18446744067006.44,1757571.53,1757571.53,24560.06,0.00,2519.38,2519.38,391.39,0.00,4064495095.98,6675296831.44,0.00,0.00,0.00,0.00,238170659,205580496,0,6187156
18446744067008.44,1760098.36,1760098.36,26842.72,0.00,2526.84,2526.84,2282.66,0.00,4064495095.98,6675296831.44,0.00,0.00,0.00,0.00,238638352,205759673,0,6187156
18446744067010.44,1762615.17,1762615.17,27354.69,0.00,2516.81,2516.81,511.97,0.00,4064495095.98,6675296831.44,0.00,0.00,0.00,0.00,238041312,206185396,0,7002776
18446744067012.44,1765140.47,1765140.47,29146.39,0.00,2525.30,2525.30,1791.70,0.00,4064495095.98,6675296831.44,0.00,0.00,0.00,0.00,238409213,206463972,0,7002776
18446744067014.44,1767645.91,1767645.91,30273.99,0.00,2505.44,2505.44,1127.60,0.00,4064495095.98,6675296831.44,0.00,0.00,0.00,0.00,237983946,206783290,0,7750118
18446744067016.44,1770191.59,1770660.75,30273.99,469.17,2545.67,3014.84,0.00,469.17,4064495095.98,6675296831.44,0.00,0.00,0.00,0.00,238610828,206808100,0,7750118
18446744067018.44,1772559.50,1775027.30,30273.99,2467.80,2367.91,4366.54,0.00,1998.63,4064495095.98,6675296831.44,0.00,0.00,0.00,0.00,239108578,206916536,0,7750118
18446744067020.44,1774534.45,1779081.93,30273.99,4547.48,1974.95,4054.63,0.00,2079.68,4064495095.98,6675296831.44,0.00,0.00,0.00,0.00,239192802,207337899,1078130,7750118
18446744067022.44,1776458.67,1783097.07,30273.99,6638.40,1924.22,4015.14,0.00,2090.92,4064495095.98,6675296831.44,0.00,0.00,0.00,0.00,239207542,207815760,1426006,7750118
18446744067024.44,1778706.76,1786625.10,30273.99,7918.34,2248.09,3528.03,0.00,1279.94,4064495095.98,6675296831.44,0.00,0.00,0.00,0.00,239260122,208338691,2027078,7750118
18446744067026.44,1781238.39,1789156.73,30273.99,7918.34,2531.63,2531.63,0.00,0.00,4064495095.98,6675296831.44,0.00,0.00,0.00,0.00,239397190,208849720,2027078,7750118
18446744067028.44,1783806.80,1793283.88,30273.99,9477.09,2568.41,4127.16,0.00,1558.75,4064495095.98,6675296831.44,0.00,0.00,0.00,0.00,239838038,209066384,2027078,7750118
18446744067030.44,1786346.44,1796251.86,30273.99,9905.42,2539.64,2967.98,0.00,428.34,4064495095.98,6675296831.44,0.00,0.00,0.00,0.00,240183022,209371549,2535772,7750118
18446744067032.44,1788830.93,1798901.85,30273.99,10070.92,2484.48,2649.98,0.00,165.50,4064495095.98,6675296831.44,0.00,0.00,0.00,0.00,240285794,209904805,2578140,7750118
18446744067034.44,1791368.40,1801439.32,30273.99,10070.92,2537.47,2537.47,0.00,0.00,4064495095.98,6675296831.44,0.00,0.00,0.00,0.00,240554860,210285332,2578140,7750118
18446744067036.44,1793956.95,1804027.88,30273.99,10070.92,2588.55,2588.55,0.00,0.00,4064495095.98,6675296831.44,0.00,0.00,0.00,0.00,241061066,210441796,2578140,7750118
18446744067038.44,1796363.66,1807133.78,30273.99,10770.12,2406.71,3105.91,0.00,699.20,4064495095.98,6675296831.44,0.00,0.00,0.00,0.00,241388750,210730230,2757134,7750118
18446744067040.44,1798900.98,1809671.09,30273.99,10770.12,2537.31,2537.31,0.00,0.00,4064495095.98,6675296831.44,0.00,0.00,0.00,0.00,241873280,210895252,2757134,7750118
18446744067042.44,1801306.75,1812866.50,30273.99,11559.75,2405.77,3195.40,0.00,789.63,4064495095.98,6675296831.44,0.00,0.00,0.00,0.00,242230978,211153431,2959280,7750118
18446744067044.44,1803835.06,1815394.81,30273.99,11559.75,2528.31,2528.31,0.00,0.00,4064495095.98,6675296831.44,0.00,0.00,0.00,0.00,242340222,211691435,2959280,7750118
18446744067046.44,1806359.84,1817949.59,30273.99,11589.75,2524.79,2554.79,0.00,30.00,4064495095.98,6675296831.44,0.00,0.00,0.00,0.00,242713530,211964472,2959280,7750118
18446744067048.44,1808796.35,1821265.51,30273.99,12469.16,2436.50,3315.92,0.00,879.41,4064495095.98,6675296831.44,0.00,0.00,0.00,0.00,243050523,212251224,3192090,7750118
18446744067050.44,1811366.01,1823835.17,30273.99,12469.16,2569.66,2569.66,0.00,0.00,4064495095.98,6675296831.44,0.00,0.00,0.00,0.00,243291330,212668250,3192090,7750118
18446744067052.44,1813716.05,1827203.80,30273.99,13487.76,2350.04,3368.63,0.00,1018.59,4064495095.98,6675296831.44,0.00,0.00,0.00,0.00,243376670,213184520,3452850,7750118
18446744067054.44,1816263.10,1829750.86,30273.99,13487.76,2547.05,2547.05,0.00,0.00,4064495095.98,6675296831.44,0.00,0.00,0.00,0.00,243764175,213449060,3452850,7750118
18446744067056.44,1818747.27,1832393.03,30273.99,13645.76,2484.17,2642.17,0.00,158.00,4064495095.98,6675296831.44,0.00,0.00,0.00,0.00,244252546,213596637,3452850,7750118
18446744067058.44,1820804.86,1836771.20,30273.99,15966.34,2057.59,4378.17,0.00,2320.59,4064495095.98,6675296831.44,0.00,0.00,0.00,0.00,244521937,213853988,3782216,7750118
18446744067060.44,1823246.35,1839638.03,30273.99,16391.68,2441.49,2866.83,0.00,425.34,4064495095.98,6675296831.44,0.00,0.00,0.00,0.00,244650442,214350505,4196254,7750118
18446744067062.44,1825653.36,1843113.04,30273.99,17459.68,2407.01,3475.01,0.00,1068.00,4064495095.98,6675296831.44,0.00,0.00,0.00,0.00,244918250,214698891,4196254,7750118
18446744067064.44,1828145.49,1846128.57,30273.99,17983.08,2492.14,3015.54,0.00,523.40,4064495095.98,6675296831.44,0.00,0.00,0.00,0.00,245162078,215093050,4603652,7750118
18446744067066.44,1830677.00,1848660.08,30273.99,17983.08,2531.51,2531.51,0.00,0.00,4064495095.98,6675296831.44,0.00,0.00,0.00,0.00,245223022,215680173,4603652,7750118
18446744067068.44,1832851.46,1852873.48,30273.99,20022.02,2174.45,4213.39,0.00,2038.94,4064495095.98,6675296831.44,0.00,0.00,0.00,0.00,245319246,216140609,5125621,7750118
18446744067070.44,1835374.36,1855396.38,30273.99,20022.02,2522.91,2522.91,0.00,0.00,4064495095.98,6675296831.44,0.00,0.00,0.00,0.00,245544010,216561709,5125621,7750118
18446744067072.44,1837810.07,1858640.66,30273.99,20830.58,2435.71,3244.27,0.00,808.56,4064495095.98,6675296831.44,0.00,0.00,0.00,0.00,245717714,217011547,5332613,7750118
18446744067074.44,1840329.05,1861159.63,30273.99,20830.58,2518.97,2518.97,0.00,0.00,4064495095.98,6675296831.44,0.00,0.00,0.00,0.00,245772402,217601716,5332613,7750118
18446744067076.44,1842871.84,1863702.43,30273.99,20830.58,2542.80,2542.80,0.00,0.00,4064495095.98,6675296831.44,0.00,0.00,0.00,0.00,245939906,218085168,5332613,7750118
18446744067078.44,1845286.20,1866985.82,30273.99,21699.62,2414.35,3283.39,0.00,869.04,4064495095.98,6675296831.44,0.00,0.00,0.00,0.00,246023818,218619330,5555087,7750118
18446744067080.44,1847828.74,1869528.36,30273.99,21699.62,2542.55,2542.55,0.00,0.00,4064495095.98,6675296831.44,0.00,0.00,0.00,0.00,246178498,219115542,5555087,7750118
18446744067082.44,1850212.36,1872678.14,30273.99,22465.79,2383.61,3149.78,0.00,766.17,4064495095.98,6675296831.44,0.00,0.00,0.00,0.00,246190944,219713301,5751218,7750118
18446744067084.44,1852762.52,1875228.30,30273.99,22465.79,2550.16,2550.16,0.00,0.00,4064495095.98,6675296831.44,0.00,0.00,0.00,0.00,246490011,220067075,5751218,7750118
18446744067086.44,1855336.22,1877802.01,30273.99,22465.79,2573.71,2573.71,0.00,0.00,4064495095.98,6675296831.44,0.00,0.00,0.00,0.00,246533002,220682953,5751218,7750118
18446744067088.44,1857684.25,1881432.93,30273.99,23748.68,2348.02,3630.91,0.00,1282.89,4064495095.98,6675296831.44,0.00,0.00,0.00,0.00,246725282,221091767,6063334,7750118
18446744067090.44,1860210.21,1883958.89,30273.99,23748.68,2525.96,2525.96,0.00,0.00,4064495095.98,6675296831.44,0.00,0.00,0.00,0.00,246910850,221552846,6063334,7750118
18446744067092.44,1862602.96,1887477.64,30273.99,24874.68,2392.75,3518.75,0.00,1126.00,4064495095.98,6675296831.44,0.00,0.00,0.00,0.00,247189816,221886424,6063334,7750118
18446744067094.44,1865073.68,1890101.79,30273.99,25028.12,2470.71,2624.15,0.00,153.44,4064495095.98,6675296831.44,0.00,0.00,0.00,0.00,247326506,222382237,6390870,7750118
18446744067096.44,1867566.38,1892594.50,30273.99,25028.12,2492.70,2492.70,0.00,0.00,4064495095.98,6675296831.44,0.00,0.00,0.00,0.00,247378658,222968217,6390870,7750118
18446744067098.44,1870005.41,1895367.96,30273.99,25362.55,2439.03,2773.46,0.00,334.43,4064495095.98,6675296831.44,0.00,0.00,0.00,0.00,247448415,223522852,6476484,7750118
18446744067100.44,1872533.96,1897896.51,30273.99,25362.55,2528.55,2528.55,0.00,0.00,4064495095.98,6675296831.44,0.00,0.00,0.00,0.00,247663948,223954628,6476484,7750118
18446744067102.44,1874977.99,1901369.23,30273.99,26391.23,2444.03,3472.72,0.00,1028.69,4064495095.98,6675296831.44,0.00,0.00,0.00,0.00,247820498,224423750,6731636,7750118
18446744067104.44,1877541.82,1903933.05,30273.99,26391.23,2563.82,2563.82,0.00,0.00,4064495095.98,6675296831.44,0.00,0.00,0.00,0.00,248006258,224894329,6731636,7750118
18446744067106.44,1880071.61,1906472.84,30273.99,26401.23,2529.79,2539.79,0.00,10.00,4064495095.98,6675296831.44,0.00,0.00,0.00,0.00,248194901,225353312,6731636,7750118
18446744067108.44,1882166.82,1910959.34,30273.99,28792.52,2095.21,4486.50,0.00,2391.29,4064495095.98,6675296831.44,0.00,0.00,0.00,0.00,248420269,225664318,7147710,7750118
18446744067110.44,1884274.07,1914259.05,30273.99,29984.97,2107.26,3299.71,0.00,1192.45,4064495095.98,6675296831.44,0.00,0.00,0.00,0.00,248531197,226092848,7651617,7750118
18446744067112.44,1886812.12,1916981.70,30273.99,30169.58,2538.04,2722.65,0.00,184.61,4064495095.98,6675296831.44,0.00,0.00,0.00,0.00,248962014,226311770,7698829,7750118
18446744067114.44,1889342.46,1919512.04,30273.99,30169.58,2530.34,2530.34,0.00,0.00,4064495095.98,6675296831.44,0.00,0.00,0.00,0.00,248995686,226925865,7698829,7750118
18446744067116.44,1891877.73,1922047.32,30273.99,30169.58,2535.28,2535.28,0.00,0.00,4064495095.98,6675296831.44,0.00,0.00,0.00,0.00,249048742,227521840,7698829,7750118
18446744067118.44,1894313.46,1925502.75,30273.99,31189.29,2435.73,3455.43,0.00,1019.70,4064495095.98,6675296831.44,0.00,0.00,0.00,0.00,249321286,227872843,7959873,7750118
18446744067120.44,1896841.02,1928030.30,30273.99,31189.29,2527.55,2527.55,0.00,0.00,4064495095.98,6675296831.44,0.00,0.00,0.00,0.00,249412138,228429044,7959873,7750118
18446744067122.44,1899275.78,1931393.07,30273.99,32117.29,2434.77,3362.77,0.00,928.00,4064495095.98,6675296831.44,0.00,0.00,0.00,0.00,249835542,228628940,7959873,7750118
18446744067124.44,1901784.62,1934165.29,30273.99,32380.67,2508.84,2772.22,0.00,263.38,4064495095.98,6675296831.44,0.00,0.00,0.00,0.00,250084782,229021963,8264867,7750118
18446744067126.44,1904343.49,1936724.16,30273.99,32380.67,2558.87,2558.87,0.00,0.00,4064495095.98,6675296831.44,0.00,0.00,0.00,0.00,250363430,229398385,8264867,7750118
18446744067128.44,1906716.26,1940148.03,30273.99,33431.77,2372.77,3423.87,0.00,1051.10,4064495095.98,6675296831.44,0.00,0.00,0.00,0.00,250409210,229960034,8533949,7750118
18446744067130.44,1909272.79,1942704.55,30273.99,33431.77,2556.53,2556.53,0.00,0.00,4064495095.98,6675296831.44,0.00,0.00,0.00,0.00,250904414,230119301,8533949,7750118
18446744067132.44,1911667.34,1946093.11,30273.99,34425.77,2394.55,3388.55,0.00,994.00,4064495095.98,6675296831.44,0.00,0.00,0.00,0.00,251440332,230196388,8533949,7750118
18446744067134.44,1914108.43,1949131.27,30273.99,35022.84,2441.09,3038.16,0.00,597.07,4064495095.98,6675296831.44,0.00,0.00,0.00,0.00,252061983,230199656,8941263,7750118
18446744067136.44,1916657.87,1951680.71,30273.99,35022.84,2549.44,2549.44,0.00,0.00,4064495095.98,6675296831.44,0.00,0.00,0.00,0.00,252482374,230431922,8941263,7750118
18446744067138.44,1919174.65,1954197.49,31661.84,35022.84,2516.78,2516.78,1387.84,0.00,4064495095.98,6675296831.44,0.00,0.00,0.00,0.00,252195434,231007870,8941263,8105406
18446744067140.44,1921757.42,1956780.26,31661.84,35022.84,2582.77,2582.77,0.00,0.00,4064495095.98,6675296831.44,0.00,0.00,0.00,0.00,252623649,231240844,8941263,8105406
18446744067142.44,1924305.74,1959328.58,32755.29,35022.84,2548.32,2548.32,1093.45,0.00,4064495095.98,6675296831.44,0.00,0.00,0.00,0.00,253236732,231280132,8941263,8105406
18446744067144.44,1926833.08,1961855.92,34761.49,35022.84,2527.34,2527.34,2006.21,0.00,4064495095.98,6675296831.44,0.00,0.00,0.00,0.00,253087635,231282716,8941263,8898918
18446744067146.44,1929410.02,1964432.86,34822.23,35022.84,2576.94,2576.94,60.74,0.00,4064495095.98,6675296831.44,0.00,0.00,0.00,0.00,253707123,231322924,8941263,8898918
18446744067148.44,1931952.30,1966975.14,37292.98,35022.84,2542.28,2542.28,2470.75,0.00,4064495095.98,6675296831.44,0.00,0.00,0.00,0.00,254258430,231422440,8941263,8898918
18446744067150.44,1934415.41,1969438.25,38073.34,35022.84,2463.11,2463.11,780.36,0.00,4064495095.98,6675296831.44,0.00,0.00,0.00,0.00,254024972,231438620,8941263,9746752
18446744067152.44,1936966.93,1971989.77,39482.41,35022.84,2551.52,2551.52,1409.07,0.00,4064495095.98,6675296831.44,0.00,0.00,0.00,0.00,254571105,231545676,8941263,9746752
18446744067154.44,1939423.70,1974446.54,41440.52,35022.84,2456.77,2456.77,1958.10,0.00,4064495095.98,6675296831.44,0.00,0.00,0.00,0.00,253961043,231922676,8941263,10608748
18446744067156.44,1941948.72,1976971.56,41822.20,35022.84,2525.02,2525.02,381.68,0.00,4064495095.98,6675296831.44,0.00,0.00,0.00,0.00,254128600,232401524,8941263,10608748
18446744067158.46,1944459.91,1979482.75,44209.59,35022.84,2511.19,2511.19,2387.39,0.00,4064495095.98,6675296831.44,0.00,0.00,0.00,0.00,253694382,232769725,8941263,11317630
18446744067160.46,1947030.27,1982053.11,44209.59,35022.84,2570.36,2570.36,0.00,0.00,4064495095.98,6675296831.44,0.00,0.00,0.00,0.00,253900953,233221165,8941263,11317630
18446744067162.46,1949592.71,1984615.55,45398.65,35022.84,2562.44,2562.44,1189.06,0.00,4064495095.98,6675296831.44,0.00,0.00,0.00,0.00,253868299,233605404,8941263,11622030
18446744067164.46,1952228.02,1987250.86,45398.65,35022.84,2635.31,2635.31,0.00,0.00,4064495095.98,6675296831.44,0.00,0.00,0.00,0.00,254361082,233787260,8941263,11622030
18446744067166.46,1954803.07,1989825.91,46189.25,35022.84,2575.05,2575.05,790.60,0.00,4064495095.98,6675296831.44,0.00,0.00,0.00,0.00,254947127,233860428,8941263,11622030
18446744067168.46,1957318.62,1992341.46,47979.64,35022.84,2515.55,2515.55,1790.39,0.00,4064495095.98,6675296831.44,0.00,0.00,0.00,0.00,254441020,234349783,8941263,12282764
18446744067170.46,1959858.56,1994881.40,47979.64,35022.84,2539.94,2539.94,0.00,0.00,4064495095.98,6675296831.44,0.00,0.00,0.00,0.00,254465864,234975164,8941263,12282764
18446744067172.46,1962390.48,1997413.32,49836.37,35022.84,2531.92,2531.92,1856.73,0.00,4064495095.98,6675296831.44,0.00,0.00,0.00,0.00,254850968,235238232,8941263,12282764
18446744067174.46,1964876.62,1999899.46,50078.07,35022.84,2486.13,2486.13,241.70,0.00,4064495095.98,6675296831.44,0.00,0.00,0.00,0.00,254926373,235262080,8941263,12819961
18446744067176.46,1967318.07,2002999.00,50078.07,35680.93,2441.45,3099.54,0.00,658.09,4064495095.98,6675296831.44,0.00,0.00,0.00,0.00,255344461,235469004,9109734,12819961
18446744067178.46,1969905.61,2005586.54,50078.07,35680.93,2587.54,2587.54,0.00,0.00,4064495095.98,6675296831.44,0.00,0.00,0.00,0.00,255501853,235974022,9109734,12819961
18446744067180.46,1972367.10,2008248.03,50078.07,35880.93,2461.49,2661.49,0.00,200.00,4064495095.98,6675296831.44,0.00,0.00,0.00,0.00,255682557,236423460,9109734,12819961
18446744067182.46,1974352.05,2012292.88,50078.07,37940.82,1984.95,4044.84,0.00,2059.89,4064495095.98,6675296831.44,0.00,0.00,0.00,0.00,256104728,236509436,9688235,12819961
18446744067184.46,1976907.04,2014847.87,50078.07,37940.82,2554.99,2554.99,0.00,0.00,4064495095.98,6675296831.44,0.00,0.00,0.00,0.00,256530003,236738239,9688235,12819961
18446744067186.46,1979156.84,2018145.66,50078.07,38988.82,2249.79,3297.79,0.00,1048.00,4064495095.98,6675296831.44,0.00,0.00,0.00,0.00,256542047,237302142,9688235,12819961
18446744067188.46,1981681.97,2020694.16,50078.07,39012.18,2525.14,2548.50,0.00,23.36,4064495095.98,6675296831.44,0.00,0.00,0.00,0.00,256686071,237804553,9962503,12819961
18446744067190.46,1984215.96,2023228.14,50078.07,39012.18,2533.98,2533.98,0.00,0.00,4064495095.98,6675296831.44,0.00,0.00,0.00,0.00,256724831,238414493,9962503,12819961
18446744067192.46,1986298.96,2027394.87,50078.07,41095.91,2083.00,4166.73,0.00,2083.73,4064495095.98,6675296831.44,0.00,0.00,0.00,0.00,256959904,238712668,10495937,12819961
18446744067194.46,1988874.41,2029970.32,50078.07,41095.91,2575.45,2575.45,0.00,0.00,4064495095.98,6675296831.44,0.00,0.00,0.00,0.00,257587596,238744292,10495937,12819961
18446744067196.46,1991392.46,2033050.57,50078.07,41658.11,2518.05,3080.25,0.00,562.20,4064495095.98,6675296831.44,0.00,0.00,0.00,0.00,257698403,239278106,10495937,12819961
18446744067198.46,1994016.06,2037051.81,50078.07,43035.75,2623.60,4001.25,0.00,1377.65,4064495095.98,6675296831.44,0.00,0.00,0.00,0.00,257796911,239851239,10992537,12819961
18446744067200.46,1996538.32,2039574.07,50078.07,43035.75,2522.26,2522.26,0.00,0.00,4064495095.98,6675296831.44,0.00,0.00,0.00,0.00,257825683,240468165,10992537,12819961
18446744067202.46,1998892.06,2043338.58,50078.07,44446.52,2353.74,3764.51,0.00,1410.77,4064495095.98,6675296831.44,0.00,0.00,0.00,0.00,258249250,240647156,11353693,12819961
18446744067204.46,2001482.68,2045929.20,50078.07,44446.52,2590.62,2590.62,0.00,0.00,4064495095.98,6675296831.44,0.00,0.00,0.00,0.00,258798943,240760662,11353693,12819961
18446744067206.46,2003743.75,2049222.27,50078.07,45478.52,2261.07,3293.07,0.00,1032.00,4064495095.98,6675296831.44,0.00,0.00,0.00,0.00,258830287,241308153,11353693,12819961
18446744067208.46,2006301.84,2051796.52,50078.07,45494.68,2558.08,2574.25,0.00,16.16,4064495095.98,6675296831.44,0.00,0.00,0.00,0.00,258964811,241828498,11622023,12819961
18446744067210.46,2008850.09,2054344.77,50078.07,45494.68,2548.25,2548.25,0.00,0.00,4064495095.98,6675296831.44,0.00,0.00,0.00,0.00,259351357,242094304,11622023,12819961
18446744067212.46,2011263.11,2058474.08,50078.07,47210.96,2413.03,4129.31,0.00,1716.28,4064495095.98,6675296831.44,0.00,0.00,0.00,0.00,259593079,242470317,11622023,12819961
18446744067214.46,2013741.79,2061242.44,50078.07,47500.65,2478.68,2768.36,0.00,289.69,4064495095.98,6675296831.44,0.00,0.00,0.00,0.00,259674983,243022954,12135199,12819961
18446744067216.46,2016254.02,2063754.67,50856.43,47500.65,2512.23,2512.23,778.36,0.00,4064495095.98,6675296831.44,0.00,0.00,0.00,0.00,259882151,243458916,12135199,12819961
18446744067218.46,2018697.44,2066198.09,52599.07,47500.65,2443.42,2443.42,1742.64,0.00,4064495095.98,6675296831.44,0.00,0.00,0.00,0.00,259495647,243825560,12135199,13465337
18446744067220.46,2021211.00,2068711.65,52599.07,47500.65,2513.56,2513.56,0.00,0.00,4064495095.98,6675296831.44,0.00,0.00,0.00,0.00,259861751,244102928,12135199,13465337
18446744067222.46,2023737.09,2071237.74,55025.66,47500.65,2526.09,2526.09,2426.60,0.00,4064495095.98,6675296831.44,0.00,0.00,0.00,0.00,260371878,244239480,12135199,13465337
18446744067224.46,2026146.76,2073647.41,55417.68,47500.65,2409.67,2409.67,392.02,0.00,4064495095.98,6675296831.44,0.00,0.00,0.00,0.00,259842206,244664462,12135199,14186902
18446744067226.46,2028651.78,2076152.43,56452.65,47500.65,2505.02,2505.02,1034.97,0.00,4064495095.98,6675296831.44,0.00,0.00,0.00,0.00,259876307,245271647,12135199,14186902
18446744067228.46,2031101.96,2078602.61,57484.12,47500.65,2450.18,2450.18,1031.47,0.00,4064495095.98,6675296831.44,0.00,0.00,0.00,0.00,259574416,245671776,12135199,14715910
18446744067230.46,2033625.21,2081125.86,57484.12,47500.65,2523.25,2523.25,0.00,0.00,4064495095.98,6675296831.44,0.00,0.00,0.00,0.00,260198613,245693530,12135199,14715910
18446744067232.46,2036143.69,2083644.34,57722.68,47500.65,2518.48,2518.48,238.56,0.00,4064495095.98,6675296831.44,0.00,0.00,0.00,0.00,260283300,246192502,12135199,14776982
18446744067234.46,2038634.28,2086134.93,57722.68,47500.65,2490.59,2490.59,0.00,0.00,4064495095.98,6675296831.44,0.00,0.00,0.00,0.00,260309062,246804331,12135199,14776982
18446744067236.46,2041122.95,2088623.61,58861.95,47500.65,2488.68,2488.68,1139.27,0.00,4064495095.98,6675296831.44,0.00,0.00,0.00,0.00,260417418,247333076,12135199,14776982
18446744067238.46,2043584.21,2091084.87,60742.76,47500.65,2461.26,2461.26,1880.82,0.00,4064495095.98,6675296831.44,0.00,0.00,0.00,0.00,260271064,247336372,12135199,15550123
18446744067240.46,2046064.99,2093565.64,60817.22,47500.65,2480.77,2480.77,74.46,0.00,4064495095.98,6675296831.44,0.00,0.00,0.00,0.00,260555753,247686761,12135199,15550123
18446744067242.46,2048569.85,2096070.50,63227.02,47500.65,2504.86,2504.86,2409.80,0.00,4064495095.98,6675296831.44,0.00,0.00,0.00,0.00,260601717,248282042,12135199,15550123
18446744067244.46,2050991.00,2098491.65,63569.79,47500.65,2421.14,2421.14,342.77,0.00,4064495095.98,6675296831.44,0.00,0.00,0.00,0.00,259901034,248878827,12135199,16273834
18446744067246.46,2053489.80,2100990.45,64858.74,47500.65,2498.80,2498.80,1288.95,0.00,4064495095.98,6675296831.44,0.00,0.00,0.00,0.00,259963421,249456133,12135199,16273834
18446744067248.46,2055937.79,2103438.45,66586.28,47500.65,2448.00,2448.00,1727.54,0.00,4064495095.98,6675296831.44,0.00,0.00,0.00,0.00,259582455,249691564,12135199,17046056
18446744067250.46,2058469.59,2105970.24,66769.31,47500.65,2531.80,2531.80,183.03,0.00,4064495095.98,6675296831.44,0.00,0.00,0.00,0.00,260093504,249828655,12135199,17046056
18446744067252.46,2060984.36,2108485.01,69073.74,47500.65,2514.77,2514.77,2304.43,0.00,4064495095.98,6675296831.44,0.00,0.00,0.00,0.00,260172620,250393319,12135199,17046056
18446744067254.46,2063378.71,2110879.36,69137.76,47500.65,2394.35,2394.35,64.02,0.00,4064495095.98,6675296831.44,0.00,0.00,0.00,0.00,259591808,250933907,12135199,17699234
18446744067256.48,2065866.30,2113366.95,70476.96,47500.65,2487.59,2487.59,1339.21,0.00,4064495095.98,6675296831.44,0.00,0.00,0.00,0.00,259324229,251495472,12135199,18042071
18446744067258.48,2068403.95,2115904.60,70476.96,47500.65,2537.65,2537.65,0.00,0.00,4064495095.98,6675296831.44,0.00,0.00,0.00,0.00,259371253,252098086,12135199,18042071
18446744067260.48,2070937.73,2118438.38,70859.59,47500.65,2533.78,2533.78,382.62,0.00,4064495095.98,6675296831.44,0.00,0.00,0.00,0.00,259539785,252578202,12135199,18042071
18446744067262.48,2073472.53,2120973.18,73283.79,47500.65,2534.80,2534.80,2424.20,0.00,4064495095.98,6675296831.44,0.00,0.00,0.00,0.00,259871425,252895471,12135199,18042071
18446744067264.48,2075872.48,2123373.13,74758.36,47500.65,2399.95,2399.95,1474.57,0.00,4064495095.98,6675296831.44,0.00,0.00,0.00,0.00,259237883,253047364,12135199,19138108
18446744067266.48,2078458.60,2125959.25,76351.84,47500.65,2586.12,2586.12,1593.48,0.00,4064495095.98,6675296831.44,0.00,0.00,0.00,0.00,259594050,253353244,12135199,19138108
18446744067268.48,2080960.16,2128460.82,77609.73,47500.65,2501.56,2501.56,1257.90,0.00,4064495095.98,6675296831.44,0.00,0.00,0.00,0.00,259449290,253408452,12135199,19868060
18446744067270.48,2083575.59,2131076.25,78282.41,47500.65,2615.43,2615.43,672.67,0.00,4064495095.98,6675296831.44,0.00,0.00,0.00,0.00,260116744,253410548,12135199,19868060
18446744067272.48,2086243.20,2133743.85,80567.35,47500.65,2667.61,2667.61,2284.95,0.00,4064495095.98,6675296831.44,0.00,0.00,0.00,0.00,260722376,253487823,12135199,19868060
18446744067274.48,2088766.08,2136266.73,80729.38,47500.65,2522.88,2522.88,162.03,0.00,4064495095.98,6675296831.44,0.00,0.00,0.00,0.00,260199950,253857476,12135199,20666690
18446744067276.48,2091364.42,2138865.07,82992.87,47500.65,2598.34,2598.34,2263.48,0.00,4064495095.98,6675296831.44,0.00,0.00,0.00,0.00,260730473,253992128,12135199,20666690
18446744067278.48,2093871.21,2141371.86,84009.36,47500.65,2506.79,2506.79,1016.49,0.00,4064495095.98,6675296831.44,0.00,0.00,0.00,0.00,260498186,254026480,12135199,21506364
18446744067280.48,2096491.15,2143991.80,85310.66,47500.65,2619.94,2619.94,1301.30,0.00,4064495095.98,6675296831.44,0.00,0.00,0.00,0.00,261158874,254036496,12135199,21506364
18446744067282.48,2098998.87,2146499.52,87293.43,47500.65,2507.72,2507.72,1982.77,0.00,4064495095.98,6675296831.44,0.00,0.00,0.00,0.00,260954721,254041904,12135199,22347086
18446744067284.48,2101519.64,2149020.29,87560.80,47500.65,2520.77,2520.77,267.38,0.00,4064495095.98,6675296831.44,0.00,0.00,0.00,0.00,261066523,254575419,12135199,22347086
18446744067286.48,2104062.46,2151563.11,89906.70,47500.65,2542.82,2542.82,2345.89,0.00,4064495095.98,6675296831.44,0.00,0.00,0.00,0.00,261226910,255065993,12135199,22347086
18446744067288.48,2106503.01,2154003.66,90353.30,47500.65,2440.55,2440.55,446.61,0.00,4064495095.98,6675296831.44,0.00,0.00,0.00,0.00,260822244,255312112,12135199,23130414
18446744067290.48,2109033.77,2156534.42,91724.60,47500.65,2530.76,2530.76,1371.29,0.00,4064495095.98,6675296831.44,0.00,0.00,0.00,0.00,261110428,255320752,12135199,23481465
18446744067292.48,2111648.22,2159148.88,91724.60,47500.65,2614.45,2614.45,0.00,0.00,4064495095.98,6675296831.44,0.00,0.00,0.00,0.00,261550191,255550289,12135199,23481465
18446744067294.48,2114184.21,2161684.86,92314.03,47500.65,2535.98,2535.98,589.43,0.00,4064495095.98,6675296831.44,0.00,0.00,0.00,0.00,261963404,255786288,12135199,23481465
18446744067296.48,2116726.10,2164226.75,94674.15,47500.65,2541.89,2541.89,2360.12,0.00,4064495095.98,6675296831.44,0.00,0.00,0.00,0.00,262272995,256127422,12135199,23481465
18446744067298.48,2119124.60,2166625.25,95293.12,47500.65,2398.50,2398.50,618.96,0.00,4064495095.98,6675296831.44,0.00,0.00,0.00,0.00,261377582,256723310,12135199,24395006
18446744067300.48,2121638.54,2169139.19,97042.68,47500.65,2513.94,2513.94,1749.56,0.00,4064495095.98,6675296831.44,0.00,0.00,0.00,0.00,261390430,257354030,12135199,24395006
18446744067302.48,2124079.36,2171580.01,98153.58,47500.65,2440.82,2440.82,1110.90,0.00,4064495095.98,6675296831.44,0.00,0.00,0.00,0.00,260661456,257975575,12135199,25127284
18446744067304.48,2126572.59,2174073.25,98957.93,47500.65,2493.24,2493.24,804.35,0.00,4064495095.98,6675296831.44,0.00,0.00,0.00,0.00,260693332,258581968,12135199,25127284
18446744067306.48,2129131.20,2176631.85,101386.05,47500.65,2558.61,2558.61,2428.12,0.00,4064495095.98,6675296831.44,0.00,0.00,0.00,0.00,260788016,259142287,12135199,25127284
18446744067308.48,2131598.32,2179098.98,102025.38,47500.65,2467.12,2467.12,639.32,0.00,4064495095.98,6675296831.44,0.00,0.00,0.00,0.00,260051589,259519118,12135199,26118464
18446744067310.48,2134173.67,2181674.32,104139.90,47500.65,2575.35,2575.35,2114.52,0.00,4064495095.98,6675296831.44,0.00,0.00,0.00,0.00,260599392,259630604,12135199,26118464
18446744067312.48,2136602.07,2184102.73,105713.30,47500.65,2428.40,2428.40,1573.41,0.00,4064495095.98,6675296831.44,0.00,0.00,0.00,0.00,259954282,259953275,12135199,27062574
18446744067314.48,2139089.17,2186589.82,106671.54,47500.65,2487.10,2487.10,958.23,0.00,4064495095.98,6675296831.44,0.00,0.00,0.00,0.00,259990486,260553768,12135199,27062574
18446744067316.48,2141540.23,2189040.89,108486.43,47500.65,2451.06,2451.06,1814.89,0.00,4064495095.98,6675296831.44,0.00,0.00,0.00,0.00,259297878,261163928,12135199,27772494
18446744067318.48,2144060.88,2191561.53,108486.43,47500.65,2520.64,2520.64,0.00,0.00,4064495095.98,6675296831.44,0.00,0.00,0.00,0.00,259350082,261757009,12135199,27772494
18446744067320.48,2146583.71,2194084.37,110731.65,47500.65,2522.84,2522.84,2245.22,0.00,4064495095.98,6675296831.44,0.00,0.00,0.00,0.00,259754453,261998484,12135199,27772494
18446744067322.48,2149052.03,2196552.68,111241.91,47500.65,2468.32,2468.32,510.27,0.00,4064495095.98,6675296831.44,0.00,0.00,0.00,0.00,259603886,262075536,12135199,28477898
18446744067324.48,2151597.94,2199098.59,112381.65,47500.65,2545.91,2545.91,1139.74,0.00,4064495095.98,6675296831.44,0.00,0.00,0.00,0.00,260229675,262101500,12135199,28477898
18446744067326.48,2154073.52,2201574.17,113550.35,47500.65,2475.58,2475.58,1168.70,0.00,4064495095.98,6675296831.44,0.00,0.00,0.00,0.00,260211035,262162928,12135199,29068858
18446744067328.48,2156594.04,2204094.69,113579.57,47500.65,2520.52,2520.52,29.21,0.00,4064495095.98,6675296831.44,0.00,0.00,0.00,0.00,260795203,262224012,12135199,29068858
18446744067330.48,2159102.21,2206602.86,114298.32,47500.65,2508.17,2508.17,718.75,0.00,4064495095.98,6675296831.44,0.00,0.00,0.00,0.00,260722414,262747421,12135199,29260330
18446744067332.48,2161635.48,2209136.13,114298.32,47500.65,2533.27,2533.27,0.00,0.00,4064495095.98,6675296831.44,0.00,0.00,0.00,0.00,260947845,263170508,12135199,29260330
18446744067334.48,2164177.00,2211677.65,115760.27,47500.65,2541.52,2541.52,1461.95,0.00,4064495095.98,6675296831.44,0.00,0.00,0.00,0.00,261575618,263193364,12135199,29260330
18446744067336.48,2166617.44,2214118.09,117715.54,47500.65,2440.44,2440.44,1955.27,0.00,4064495095.98,6675296831.44,0.00,0.00,0.00,0.00,261323772,263195154,12135199,30135138
18446744067338.48,2169168.04,2216668.69,118014.52,47500.65,2550.60,2550.60,298.98,0.00,4064495095.98,6675296831.44,0.00,0.00,0.00,0.00,261796223,263375656,12135199,30135138
18446744067340.48,2171679.03,2219179.68,120253.54,47500.65,2510.99,2510.99,2239.02,0.00,4064495095.98,6675296831.44,0.00,0.00,0.00,0.00,261750498,263414467,12135199,30784866
18446744067342.48,2174291.64,2221792.30,120253.54,47500.65,2612.62,2612.62,0.00,0.00,4064495095.98,6675296831.44,0.00,0.00,0.00,0.00,262203491,263630304,12135199,30784866
18446744067344.48,2176855.98,2224356.63,121887.65,47500.65,2564.34,2564.34,1634.11,0.00,4064495095.98,6675296831.44,0.00,0.00,0.00,0.00,262367957,263703976,12135199,31203198
18446744067346.48,2179532.59,2227033.25,121887.65,47500.65,2676.61,2676.61,0.00,0.00,4064495095.98,6675296831.44,0.00,0.00,0.00,0.00,262977614,263779532,12135199,31203198
18446744067348.48,2182161.65,2229662.30,122782.81,47500.65,2629.05,2629.05,895.16,0.00,4064495095.98,6675296831.44,0.00,0.00,0.00,0.00,263187236,264242948,12135199,31203198
18446744067350.48,2184737.84,2232238.50,124904.76,47500.65,2576.20,2576.20,2121.95,0.00,4064495095.98,6675296831.44,0.00,0.00,0.00,0.00,262448162,264869148,12135199,31975578
18446744067352.48,2187402.98,2234903.64,125031.93,47500.65,2665.14,2665.14,127.18,0.00,4064495095.98,6675296831.44,0.00,0.00,0.00,0.00,262900106,265099480,12135199,31975578
18446744067354.48,2190076.97,2237577.62,127371.57,47500.65,2673.98,2673.98,2339.64,0.00,4064495095.98,6675296831.44,0.00,0.00,0.00,0.00,263550034,265134092,12135199,31975578
18446744067356.48,2192680.20,2240180.85,128242.23,47500.65,2603.23,2603.23,870.66,0.00,4064495095.98,6675296831.44,0.00,0.00,0.00,0.00,263342367,265153794,12135199,32829970
18446744067358.48,2195408.53,2242909.18,129941.33,47500.65,2728.33,2728.33,1699.10,0.00,4064495095.98,6675296831.44,0.00,0.00,0.00,0.00,263820986,265373627,12135199,32829970
18446744067360.48,2198068.88,2245569.54,131865.12,47500.65,2660.36,2660.36,1923.79,0.00,4064495095.98,6675296831.44,0.00,0.00,0.00,0.00,262954618,265993594,12135199,33757422
18446744067362.48,2200759.05,2248259.70,132907.74,47500.65,2690.16,2690.16,1042.62,0.00,4064495095.98,6675296831.44,0.00,0.00,0.00,0.00,263080422,266556472,12135199,33757422
18446744067364.48,2203453.31,2250953.96,135529.10,47500.65,2694.27,2694.27,2621.36,0.00,4064495095.98,6675296831.44,0.00,0.00,0.00,0.00,263206682,267119944,12135199,33757422
18446744067366.48,2206027.50,2253528.15,136749.04,47500.65,2574.19,2574.19,1219.94,0.00,4064495095.98,6675296831.44,0.00,0.00,0.00,0.00,262058836,267739300,12135199,34944904
18446744067368.48,2208643.70,2256144.35,137825.27,47500.65,2616.20,2616.20,1076.23,0.00,4064495095.98,6675296831.44,0.00,0.00,0.00,0.00,261813282,268316282,12135199,35283222
18446744067370.48,2211303.14,2258803.79,137825.27,47500.65,2659.44,2659.44,0.00,0.00,4064495095.98,6675296831.44,0.00,0.00,0.00,0.00,261931294,268879087,12135199,35283222
18446744067372.48,2214026.38,2261527.03,139820.52,47500.65,2723.24,2723.24,1995.25,0.00,4064495095.98,6675296831.44,0.00,0.00,0.00,0.00,262072406,269435125,12135199,35283222
18446744067374.48,2216630.10,2264130.75,141405.10,47500.65,2603.72,2603.72,1584.58,0.00,4064495095.98,6675296831.44,0.00,0.00,0.00,0.00,261287308,269970339,12135199,36199658
18446744067376.48,2219404.01,2266904.66,142476.07,47500.65,2773.91,2773.91,1070.97,0.00,4064495095.98,6675296831.44,0.00,0.00,0.00,0.00,261446852,270520916,12135199,36199658
18446744067378.48,2222217.69,2269718.34,145081.59,47500.65,2813.68,2813.68,2605.52,0.00,4064495095.98,6675296831.44,0.00,0.00,0.00,0.00,261653034,271035036,12135199,36199658
18446744067380.48,2224809.87,2272310.52,146256.99,47500.65,2592.18,2592.18,1175.40,0.00,4064495095.98,6675296831.44,0.00,0.00,0.00,0.00,260693044,271537124,12135199,37321158
18446744067382.48,2227590.85,2275091.50,148702.23,47500.65,2780.98,2780.98,2445.24,0.00,4064495095.98,6675296831.44,0.00,0.00,0.00,0.00,260869187,272072912,12135199,37321158
18446744067384.48,2230272.09,2277772.74,148965.62,47500.65,2681.24,2681.24,263.39,0.00,4064495095.98,6675296831.44,0.00,0.00,0.00,0.00,260730419,272084084,12135199,38135151
18446744067386.48,2233084.09,2280584.75,151384.98,47500.65,2812.01,2812.01,2419.36,0.00,4064495095.98,6675296831.44,0.00,0.00,0.00,0.00,261313941,272220436,12135199,38135151
18446744067388.48,2235715.57,2283216.22,153756.46,47500.65,2631.48,2631.48,2371.48,0.00,4064495095.98,6675296831.44,0.00,0.00,0.00,0.00,260693446,272288134,12135199,39361606
18446744067390.48,2238357.59,2285858.25,155709.26,47500.65,2642.02,2642.02,1952.80,0.00,4064495095.98,6675296831.44,0.00,0.00,0.00,0.00,261322626,272335312,12135199,39361606
18446744067392.52,2240988.59,2288489.24,158022.70,47500.65,2631.00,2631.00,2313.44,0.00,4064495095.98,6675296831.44,0.00,0.00,0.00,0.00,260890237,272349080,12135199,40453762
18446744067394.52,2243702.45,2291203.11,159039.38,47500.65,2713.86,2713.86,1016.68,0.00,4064495095.98,6675296831.44,0.00,0.00,0.00,0.00,261574438,272359628,12135199,40453762
18446744067396.52,2246508.69,2294009.34,161470.91,47500.65,2806.23,2806.23,2431.54,0.00,4064495095.98,6675296831.44,0.00,0.00,0.00,0.00,262191482,272460980,12135199,40453762
18446744067398.52,2249110.68,2296611.34,161840.03,47500.65,2602.00,2602.00,369.12,0.00,4064495095.98,6675296831.44,0.00,0.00,0.00,0.00,261935727,272498216,12135199,41338392
18446744067400.52,2251856.55,2299357.21,164188.77,47500.65,2745.87,2745.87,2348.74,0.00,4064495095.98,6675296831.44,0.00,0.00,0.00,0.00,262585276,272551610,12135199,41338392
18446744067402.52,2254544.43,2302045.08,164850.15,47500.65,2687.88,2687.88,661.38,0.00,4064495095.98,6675296831.44,0.00,0.00,0.00,0.00,262381236,272580548,12135199,42201590
18446744067404.52,2257323.66,2304824.32,167073.29,47500.65,2779.23,2779.23,2223.14,0.00,4064495095.98,6675296831.44,0.00,0.00,0.00,0.00,263028622,272644646,12135199,42201590
18446744067406.52,2259991.45,2307492.11,168814.43,47500.65,2667.79,2667.79,1741.14,0.00,4064495095.98,6675296831.44,0.00,0.00,0.00,0.00,262084054,273257312,12135199,43216446
18446744067408.52,2262460.71,2310567.46,168814.43,48106.75,2469.25,3075.36,0.00,606.10,4064495095.98,6675296831.44,0.00,0.00,0.00,0.00,262137939,273835556,12290361,43216446
18446744067410.52,2265005.50,2313112.25,168814.43,48106.75,2544.79,2544.79,0.00,0.00,4064495095.98,6675296831.44,0.00,0.00,0.00,0.00,262276454,274348507,12290361,43216446
18446744067412.52,2267463.37,2315946.94,168814.43,48483.57,2457.87,2834.69,0.00,376.82,4064495095.98,6675296831.44,0.00,0.00,0.00,0.00,262302246,274951930,12386826,43216446
18446744067414.52,2269973.35,2318456.92,168814.43,48483.57,2509.98,2509.98,0.00,0.00,4064495095.98,6675296831.44,0.00,0.00,0.00,0.00,262330838,275565893,12386826,43216446
18446744067416.52,2272499.51,2320983.08,168814.43,48483.57,2526.16,2526.16,0.00,0.00,4064495095.98,6675296831.44,0.00,0.00,0.00,0.00,262349714,276193715,12386826,43216446
18446744067418.54,2274734.22,2324865.27,168814.43,50131.04,2234.71,3882.18,0.00,1647.47,4064495095.98,6675296831.44,0.00,0.00,0.00,0.00,262359254,276756261,12808579,43216446
18446744067420.55,2276905.07,2328582.12,168814.43,51677.05,2170.84,3716.85,0.00,1546.01,4064495095.98,6675296831.44,0.00,0.00,0.00,0.00,262412410,277258841,13204357,43216446
18446744067422.55,2279424.12,2331101.18,168814.43,51677.05,2519.06,2519.06,0.00,0.00,4064495095.98,6675296831.44,0.00,0.00,0.00,0.00,262440986,277875144,13204357,43216446
18446744067424.54,2281752.36,2334825.45,168814.43,53073.09,2328.24,3724.28,0.00,1396.04,4064495095.98,6675296831.44,0.00,0.00,0.00,0.00,262515838,278396321,13561743,43216446
18446744067426.55,2284258.70,2337331.79,168814.43,53073.09,2506.34,2506.34,0.00,0.00,4064495095.98,6675296831.44,0.00,0.00,0.00,0.00,262571502,278982280,13561743,43216446
18446744067428.54,2286433.14,2340714.23,168814.43,54281.09,2174.43,3382.43,0.00,1208.00,4064495095.98,6675296831.44,0.00,0.00,0.00,0.00,262599374,279511063,13561743,43216446
18446744067430.55,2288918.91,2343318.27,168814.43,54399.36,2485.77,2604.05,0.00,118.27,4064495095.98,6675296831.44,0.00,0.00,0.00,0.00,262666337,280080458,13901261,43216446
18446744067432.55,2291438.20,2345837.56,168814.43,54399.36,2519.29,2519.29,0.00,0.00,4064495095.98,6675296831.44,0.00,0.00,0.00,0.00,262767853,280623880,13901261,43216446
18446744067434.55,2293954.88,2349720.90,168814.43,55766.02,2516.68,3883.34,0.00,1366.66,4064495095.98,6675296831.44,0.00,0.00,0.00,0.00,262825862,281210141,13901261,43216446
18446744067436.55,2296260.05,2353299.44,168814.43,57039.39,2305.17,3578.54,0.00,1273.38,4064495095.98,6675296831.44,0.00,0.00,0.00,0.00,262901402,281724724,14577109,43216446
18446744067438.54,2298565.11,2356530.50,168814.43,57965.39,2305.06,3231.06,0.00,926.00,4064495095.98,6675296831.44,0.00,0.00,0.00,0.00,262925002,282291220,14577109,43216446
18446744067440.55,2300979.34,2359319.62,168814.43,58340.29,2414.23,2789.12,0.00,374.89,4064495095.98,6675296831.44,0.00,0.00,0.00,0.00,262961088,282873176,14910130,43216446
18446744067442.54,2303531.16,2361871.45,168814.43,58340.29,2551.82,2551.82,0.00,0.00,4064495095.98,6675296831.44,0.00,0.00,0.00,0.00,263048938,283438592,14910130,43216446
18446744067444.55,2305736.25,2365782.46,168814.43,60046.21,2205.09,3911.01,0.00,1705.92,4064495095.98,6675296831.44,0.00,0.00,0.00,0.00,263050266,284001768,15346845,43216446
18446744067446.55,2308271.90,2368318.11,168814.43,60046.21,2535.65,2535.65,0.00,0.00,4064495095.98,6675296831.44,0.00,0.00,0.00,0.00,263137734,284563426,15346845,43216446
18446744067448.55,2310788.25,2370834.46,169433.91,60046.21,2516.36,2516.36,619.48,0.00,4064495095.98,6675296831.44,0.00,0.00,0.00,0.00,263192974,285152373,15346845,43216446
18446744067450.55,2313344.78,2373390.98,171880.13,60046.21,2556.52,2556.52,2446.22,0.00,4064495095.98,6675296831.44,0.00,0.00,0.00,0.00,263246650,285753167,15346845,43216446
18446744067452.55,2315747.14,2375793.35,173205.05,60046.21,2402.37,2402.37,1324.91,0.00,4064495095.98,6675296831.44,0.00,0.00,0.00,0.00,262145996,286344829,15346845,44340444
18446744067454.55,2318267.47,2378313.68,175042.35,60046.21,2520.33,2520.33,1837.30,0.00,4064495095.98,6675296831.44,0.00,0.00,0.00,0.00,262217944,286918085,15346845,44340444
18446744067456.54,2320715.85,2380762.05,175860.48,60046.21,2448.38,2448.38,818.12,0.00,4064495095.98,6675296831.44,0.00,0.00,0.00,0.00,261585497,287497526,15346845,45020234
18446744067458.55,2323233.38,2383279.59,176657.16,60046.21,2517.54,2517.54,796.68,0.00,4064495095.98,6675296831.44,0.00,0.00,0.00,0.00,261631858,288095654,15346845,45020234
18446744067460.54,2325796.52,2385842.73,179235.96,60046.21,2563.14,2563.14,2578.80,0.00,4064495095.98,6675296831.44,0.00,0.00,0.00,0.00,261726550,288657126,15346845,45020234
18446744067462.55,2328244.58,2388290.79,179994.43,60046.21,2448.06,2448.06,758.47,0.00,4064495095.98,6675296831.44,0.00,0.00,0.00,0.00,260723862,289228225,15346845,46078526
18446744067464.55,2330823.08,2390869.29,182224.70,60046.21,2578.50,2578.50,2230.27,0.00,4064495095.98,6675296831.44,0.00,0.00,0.00,0.00,260753374,289858809,15346845,46078526
18446744067466.55,2333287.56,2393333.77,183496.20,60046.21,2464.48,2464.48,1271.50,0.00,4064495095.98,6675296831.44,0.00,0.00,0.00,0.00,259907558,290439080,15346845,46974978
18446744067468.55,2335856.95,2395903.16,184527.55,60046.21,2569.39,2569.39,1031.36,0.00,4064495095.98,6675296831.44,0.00,0.00,0.00,0.00,259926062,291078340,15346845,46974978
18446744067470.54,2338425.97,2398472.18,184613.59,60046.21,2569.02,2569.02,86.03,0.00,4064495095.98,6675296831.44,0.00,0.00,0.00,0.00,259647141,291728877,15346845,47261030
18446744067472.55,2341013.01,2401059.22,184714.47,60046.21,2587.04,2587.04,100.88,0.00,4064495095.98,6675296831.44,0.00,0.00,0.00,0.00,259660974,292377327,15346845,47261030
18446744067474.54,2343488.98,2403535.19,185637.68,60046.21,2475.97,2475.97,923.21,0.00,4064495095.98,6675296831.44,0.00,0.00,0.00,0.00,259414986,292994995,15346845,47523198
18446744067476.55,2346014.61,2406060.81,185637.68,60046.21,2525.62,2525.62,0.00,0.00,4064495095.98,6675296831.44,0.00,0.00,0.00,0.00,259424466,293632075,15346845,47523198
18446744067478.55,2348526.66,2408572.86,187234.62,60046.21,2512.05,2512.05,1596.94,0.00,4064495095.98,6675296831.44,0.00,0.00,0.00,0.00,259431834,294267792,15346845,47523198
18446744067480.55,2351033.33,2411079.54,189877.43,60046.21,2506.67,2506.67,2642.81,0.00,4064495095.98,6675296831.44,0.00,0.00,0.00,0.00,259433402,294907932,15346845,47523198
18446744067482.55,2353356.02,2413402.23,191656.68,60046.21,2322.69,2322.69,1779.25,0.00,4064495095.98,6675296831.44,0.00,0.00,0.00,0.00,258019659,295420564,15346845,49018918
18446744067484.55,2355879.84,2415926.05,194176.15,60046.21,2523.82,2523.82,2519.47,0.00,4064495095.98,6675296831.44,0.00,0.00,0.00,0.00,258091570,295994752,15346845,49018918
18446744067486.55,2358387.16,2418433.36,196742.15,60046.21,2507.31,2507.31,2566.00,0.00,4064495095.98,6675296831.44,0.00,0.00,0.00,0.00,258170722,296557472,15346845,49018918
18446744067488.54,2360745.70,2420791.91,198812.81,60046.21,2358.55,2358.55,2070.66,0.00,4064495095.98,6675296831.44,0.00,0.00,0.00,0.00,256700246,297130376,15346845,50520278
18446744067490.55,2363259.29,2423305.50,201468.70,60046.21,2513.59,2513.59,2655.89,0.00,4064495095.98,6675296831.44,0.00,0.00,0.00,0.00,256756470,297717630,15346845,50520278
18446744067492.55,2365612.15,2425658.36,203046.88,60046.21,2352.86,2352.86,1578.19,0.00,4064495095.98,6675296831.44,0.00,0.00,0.00,0.00,255420990,298239743,15346845,51935978
18446744067494.55,2368119.14,2428165.35,205506.59,60046.21,2506.99,2506.99,2459.70,0.00,4064495095.98,6675296831.44,0.00,0.00,0.00,0.00,255487878,298814644,15346845,51935978
18446744067496.55,2370512.19,2430558.39,206699.55,60046.21,2393.05,2393.05,1192.97,0.00,4064495095.98,6675296831.44,0.00,0.00,0.00,0.00,254535902,299400196,15346845,52915022
18446744067498.55,2372982.45,2433028.66,208204.37,60046.21,2470.27,2470.27,1504.81,0.00,4065310210.61,6676138241.44,815114.63,841410.00,0.00,0.00,254536006,300032480,15346845,52915022
18446744067500.55,2375489.57,2435535.77,210624.85,60046.21,2507.11,2507.11,2420.48,0.00,4065310210.61,6676138241.44,0.00,0.00,0.00,0.00,254632061,300578246,15346845,52915022
18446744067502.54,2377824.46,2437870.67,210897.59,60046.21,2334.90,2334.90,272.73,0.00,4065310210.61,6676138241.44,0.00,0.00,0.00,0.00,253656038,301102811,15346845,53964214
18446744067504.55,2380335.05,2440381.26,213214.38,60046.21,2510.59,2510.59,2316.80,0.00,4065310210.61,6676138241.44,0.00,0.00,0.00,0.00,253710438,301691121,15346845,53964214
18446744067506.54,2382705.80,2442752.01,213962.15,60046.21,2370.75,2370.75,747.77,0.00,4065310210.61,6676138241.44,0.00,0.00,0.00,0.00,252903290,302295150,15346845,54774246
18446744067508.55,2385224.23,2445270.44,215204.77,60046.21,2518.43,2518.43,1242.62,0.00,4065310210.61,6676138241.44,0.00,0.00,0.00,0.00,252958512,302884646,15346845,54774246
18446744067510.55,2387608.36,2447654.56,217364.93,60046.21,2384.12,2384.12,2160.16,0.00,4065310210.61,6676138241.44,0.00,0.00,0.00,0.00,252178241,303404140,15346845,55645358
18446744067512.55,2390109.82,2450156.03,217405.26,60046.21,2501.47,2501.47,40.33,0.00,4065310210.61,6676138241.44,0.00,0.00,0.00,0.00,252289422,303933335,15346845,55645358
18446744067514.55,2392613.55,2452659.76,219753.09,60046.21,2503.73,2503.73,2347.83,0.00,4065310210.61,6676138241.44,0.00,0.00,0.00,0.00,252396652,304467060,15346845,55645358
18446744067516.55,2395014.76,2455060.97,220618.59,60046.21,2401.21,2401.21,865.50,0.00,4065310210.61,6676138241.44,0.00,0.00,0.00,0.00,251648274,304997211,15346845,56478294
18446744067518.55,2397530.95,2457577.16,221916.17,60046.21,2516.19,2516.19,1297.59,0.00,4065310210.61,6676138241.44,0.00,0.00,0.00,0.00,251679746,305609884,15346845,56478294
18446744067520.54,2400007.97,2460054.18,222032.04,60046.21,2477.02,2477.02,115.87,0.00,4065310210.61,6676138241.44,0.00,0.00,0.00,0.00,251379994,306181909,15346845,56840138
18446744067522.55,2402526.73,2462572.93,222181.16,60046.21,2518.75,2518.75,149.12,0.00,4065310210.61,6676138241.44,0.00,0.00,0.00,0.00,251517188,306689516,15346845,56840138
18446744067524.61,2405033.27,2465079.47,224573.46,60046.21,2506.54,2506.54,2392.30,0.00,4065310210.61,6676138241.44,0.00,0.00,0.00,0.00,251020414,307177360,15346845,57490742
18446744067526.61,2407574.93,2467621.13,224573.46,60046.21,2541.66,2541.66,0.00,0.00,4065310210.61,6676138241.44,0.00,0.00,0.00,0.00,251116610,307731829,15346845,57490742
18446744067528.61,2410082.87,2470129.07,226144.59,60046.21,2507.94,2507.94,1571.13,0.00,4065310210.61,6676138241.44,0.00,0.00,0.00,0.00,251266212,308224260,15346845,57490742
18446744067530.61,2412476.02,2472522.23,227902.20,60046.21,2393.15,2393.15,1757.60,0.00,4065310210.61,6676138241.44,0.00,0.00,0.00,0.00,250565054,308685909,15346845,58342898
18446744067532.61,2414973.28,2475019.49,228297.54,60046.21,2497.26,2497.26,395.34,0.00,4065310210.61,6676138241.44,0.00,0.00,0.00,0.00,250725518,309164744,15346845,58342898
18446744067534.61,2417454.90,2477501.11,230710.62,60046.21,2481.62,2481.62,2413.08,0.00,4065310210.61,6676138241.44,0.00,0.00,0.00,0.00,250923960,309601597,15346845,58342898
18446744067536.61,2419859.83,2479906.04,231314.64,60046.21,2404.93,2404.93,604.02,0.00,4065310210.61,6676138241.44,0.00,0.00,0.00,0.00,250222540,310045092,15346845,59216484
18446744067538.61,2422336.34,2482382.55,232995.39,60046.21,2476.52,2476.52,1680.75,0.00,4065310210.61,6676138241.44,0.00,0.00,0.00,0.00,250418506,310483114,15346845,59216484
18446744067540.61,2424744.07,2484790.28,235133.43,60046.21,2407.73,2407.73,2138.04,0.00,4065310210.61,6676138241.44,0.00,0.00,0.00,0.00,249591138,310949259,15346845,60194086
18446744067542.61,2427260.30,2487306.50,235520.87,60046.21,2516.22,2516.22,387.44,0.00,4065310210.61,6676138241.44,0.00,0.00,0.00,0.00,249774994,311409556,15346845,60194086
18446744067544.61,2429756.24,2489802.45,237910.62,60046.21,2495.95,2495.95,2389.75,0.00,4065310210.61,6676138241.44,0.00,0.00,0.00,0.00,249958684,311864828,15346845,60194086
18446744067546.61,2432183.21,2492229.42,238288.34,60046.21,2426.97,2426.97,377.72,0.00,4065310210.61,6676138241.44,0.00,0.00,0.00,0.00,249338323,312298853,15346845,61001726
18446744067548.61,2434679.16,2494725.37,240015.52,60046.21,2495.95,2495.95,1727.19,0.00,4065310210.61,6676138241.44,0.00,0.00,0.00,0.00,249548291,312727848,15346845,61001726
18446744067550.61,2437214.16,2497260.36,242659.52,60046.21,2535.00,2535.00,2644.00,0.00,4065310210.61,6676138241.44,0.00,0.00,0.00,0.00,249756157,313168941,15346845,61001726
18446744067552.61,2439596.43,2499642.63,243696.59,60046.21,2382.27,2382.27,1037.06,0.00,4065310210.61,6676138241.44,0.00,0.00,0.00,0.00,248551110,313702829,15346845,62282746
18446744067554.61,2442047.74,2502093.95,245320.51,60046.21,2451.31,2451.31,1623.92,0.00,4065310210.61,6676138241.44,0.00,0.00,0.00,0.00,248169682,314192577,15346845,62801962
18446744067556.61,2444563.65,2504609.86,245320.51,60046.21,2515.91,2515.91,0.00,0.00,4065310210.61,6676138241.44,0.00,0.00,0.00,0.00,248349942,314656391,15346845,62801962
18446744067558.61,2447081.07,2507127.28,246991.66,60046.21,2517.42,2517.42,1671.15,0.00,4065310210.61,6676138241.44,0.00,0.00,0.00,0.00,248549129,315101664,15346845,62801962
18446744067560.61,2449537.15,2509583.36,247467.95,60046.21,2456.07,2456.07,476.29,0.00,4065310210.61,6676138241.44,0.00,0.00,0.00,0.00,248196854,315532950,15346845,63351706
18446744067562.61,2452033.11,2512079.32,248041.91,60046.21,2495.96,2495.96,573.96,0.00,4065310210.61,6676138241.44,0.00,0.00,0.00,0.00,248358382,316010388,15346845,63351706
18446744067564.61,2454540.35,2514586.56,250454.09,60046.21,2507.24,2507.24,2412.18,0.00,4065310210.61,6676138241.44,0.00,0.00,0.00,0.00,248590431,316420193,15346845,63351706
18446744067566.61,2456890.66,2516936.86,250932.98,60046.21,2350.30,2350.30,478.90,0.00,4065310210.61,6676138241.44,0.00,0.00,0.00,0.00,247865898,316859354,15346845,64238756
18446744067568.61,2459394.65,2519440.86,252648.81,60046.21,2503.99,2503.99,1715.83,0.00,4065310210.61,6676138241.44,0.00,0.00,0.00,0.00,248070583,317295691,15346845,64238756
18446744067570.61,2461760.17,2521806.38,254641.49,60046.21,2365.52,2365.52,1992.68,0.00,4065310210.61,6676138241.44,0.00,0.00,0.00,0.00,247278046,317744424,15346845,65188134
18446744067572.61,2464261.43,2524307.64,255128.88,60046.21,2501.26,2501.26,487.39,0.00,4065310210.61,6676138241.44,0.00,0.00,0.00,0.00,247452014,318210779,15346845,65188134
18446744067574.61,2466779.38,2526825.59,257583.01,60046.21,2517.95,2517.95,2454.12,0.00,4065310210.61,6676138241.44,0.00,0.00,0.00,0.00,247624640,318682748,15346845,65188134
18446744067576.61,2469180.87,2529227.08,258285.38,60046.21,2401.49,2401.49,702.38,0.00,4065310210.61,6676138241.44,0.00,0.00,0.00,0.00,246865121,319124212,15346845,66120970
18446744067578.61,2471671.12,2531717.33,260093.95,60046.21,2490.25,2490.25,1808.57,0.00,4065310210.61,6676138241.44,0.00,0.00,0.00,0.00,247050154,319576684,15346845,66120970
18446744067580.61,2474052.61,2534098.82,262087.48,60046.21,2381.48,2381.48,1993.53,0.00,4065310210.61,6676138241.44,0.00,0.00,0.00,0.00,246234014,320029148,15346845,67094306
18446744067582.61,2476590.94,2536637.15,262657.10,60046.21,2538.33,2538.33,569.62,0.00,4065310210.61,6676138241.44,0.00,0.00,0.00,0.00,246379608,320533367,15346845,67094306
18446744067584.61,2479099.54,2539145.75,265268.98,60046.21,2508.60,2508.60,2611.88,0.00,4065310210.61,6676138241.44,0.00,0.00,0.00,0.00,246556038,320999138,15346845,67094306
18446744067586.61,2481468.19,2541514.39,266604.16,60046.21,2368.65,2368.65,1335.19,0.00,4065310210.61,6676138241.44,0.00,0.00,0.00,0.00,245578182,321427104,15346845,68250570
18446744067588.61,2483978.73,2544024.94,268386.51,60046.21,2510.55,2510.55,1782.34,0.00,4065310210.61,6676138241.44,0.00,0.00,0.00,0.00,245738270,321909716,15346845,68250570
18446744067590.61,2486445.54,2546491.75,269085.61,60046.21,2466.81,2466.81,699.10,0.00,4065310210.61,6676138241.44,0.00,0.00,0.00,0.00,245338139,322306100,15346845,68885820
18446744067592.61,2488981.28,2549027.49,269729.76,60046.21,2535.74,2535.74,644.15,0.00,4065310210.61,6676138241.44,0.00,0.00,0.00,0.00,245536235,322757153,15346845,68885820
18446744067594.61,2491536.94,2551583.15,272211.46,60046.21,2555.66,2555.66,2481.70,0.00,4065310210.61,6676138241.44,0.00,0.00,0.00,0.00,245725393,323222244,15346845,68885820
18446744067596.61,2493920.76,2553966.96,273090.99,60046.21,2383.82,2383.82,879.53,0.00,4065310210.61,6676138241.44,0.00,0.00,0.00,0.00,244891612,323640904,15346845,69911198
18446744067598.61,2496447.43,2556493.64,275072.65,60046.21,2526.68,2526.68,1981.66,0.00,4065310210.61,6676138241.44,0.00,0.00,0.00,0.00,245070250,324109095,15346845,69911198
18446744067600.61,2498864.89,2558911.10,276446.77,60046.21,2417.46,2417.46,1374.12,0.00,4065310210.61,6676138241.44,0.00,0.00,0.00,0.00,244314770,324624381,15346845,70770262
18446744067602.61,2501401.62,2561447.83,277229.72,60046.21,2536.73,2536.73,782.95,0.00,4065310210.61,6676138241.44,0.00,0.00,0.00,0.00,244360970,325227584,15346845,70770262
18446744067604.61,2503929.31,2563975.52,279714.70,60046.21,2527.69,2527.69,2484.98,0.00,4065310210.61,6676138241.44,0.00,0.00,0.00,0.00,244395150,325840492,15346845,70770262
18446744067606.61,2506365.71,2566411.91,279755.45,60046.21,2436.39,2436.39,40.74,0.00,4065310210.61,6676138241.44,0.00,0.00,0.00,0.00,243568967,326443372,15346845,71617282
18446744067608.61,2508891.95,2568968.75,279755.45,60076.80,2526.24,2556.84,0.00,30.59,4065310210.61,6676138241.44,0.00,0.00,0.00,0.00,243619778,327039279,15354677,71617282
18446744067610.61,2511419.63,2571496.43,279755.45,60076.80,2527.68,2527.68,0.00,0.00,4065310210.61,6676138241.44,0.00,0.00,0.00,0.00,243677366,327628778,15354677,71617282
18446744067612.61,2513865.23,2574154.59,279755.45,60289.36,2445.59,2658.16,0.00,212.56,4065310210.61,6676138241.44,0.00,0.00,0.00,0.00,243746302,328185914,15409093,71617282
18446744067614.61,2516420.11,2576709.47,279755.45,60289.36,2554.88,2554.88,0.00,0.00,4065310210.61,6676138241.44,0.00,0.00,0.00,0.00,243968302,328617964,15409093,71617282
18446744067616.61,2518998.73,2579288.10,279755.45,60289.36,2578.62,2578.62,0.00,0.00,4065310210.61,6676138241.44,0.00,0.00,0.00,0.00,244099346,329147048,15409093,71617282
18446744067618.61,2521476.33,2582037.88,279755.45,60561.55,2477.59,2749.78,0.00,272.19,4065310210.61,6676138241.44,0.00,0.00,0.00,0.00,244232602,329648056,15478773,71617282
18446744067620.61,2523986.66,2584548.21,279755.45,60561.55,2510.33,2510.33,0.00,0.00,4065310210.61,6676138241.44,0.00,0.00,0.00,0.00,244334382,330188921,15478773,71617282
18446744067622.61,2526384.88,2587482.74,279755.45,61097.86,2398.22,2934.53,0.00,536.30,4065310210.61,6676138241.44,0.00,0.00,0.00,0.00,244384261,330752987,15616067,71617282
18446744067624.61,2528922.93,2590020.79,279755.45,61097.86,2538.05,2538.05,0.00,0.00,4065310210.61,6676138241.44,0.00,0.00,0.00,0.00,244416582,331370406,15616067,71617282
18446744067626.61,2531414.70,2592628.55,279755.45,61213.86,2491.77,2607.77,0.00,116.00,4065310210.61,6676138241.44,0.00,0.00,0.00,0.00,244497986,331926894,15616067,71617282
18446744067628.61,2533818.96,2595513.44,279755.45,61694.47,2404.27,2884.89,0.00,480.62,4065310210.61,6676138241.44,0.00,0.00,0.00,0.00,244549362,332491011,15768801,71617282
18446744067630.61,2536392.20,2598086.68,279755.45,61694.47,2573.24,2573.24,0.00,0.00,4065310210.61,6676138241.44,0.00,0.00,0.00,0.00,244589246,333109876,15768801,71617282
18446744067632.61,2538882.89,2600837.42,279755.45,61954.54,2490.68,2750.75,0.00,260.06,4065310210.61,6676138241.44,0.00,0.00,0.00,0.00,244677338,333659399,15832881,71617282
18446744067634.61,2541388.75,2603343.29,279755.45,61954.54,2505.86,2505.86,0.00,0.00,4065310210.61,6676138241.44,0.00,0.00,0.00,0.00,244728814,334249424,15832881,71617282
18446744067636.61,2543820.27,2606056.80,279755.45,62236.54,2431.52,2713.52,0.00,282.00,4065310210.61,6676138241.44,0.00,0.00,0.00,0.00,244772358,334828348,15832881,71617282
18446744067638.61,2546292.24,2608619.18,279755.45,62326.94,2471.97,2562.38,0.00,90.40,4065310210.61,6676138241.44,0.00,0.00,0.00,0.00,244800514,335433017,15928216,71617282
18446744067640.61,2548844.25,2611171.18,279755.45,62326.94,2552.01,2552.01,0.00,0.00,4065310210.61,6676138241.44,0.00,0.00,0.00,0.00,244891135,335995710,15928216,71617282
18446744067642.61,2551278.03,2614153.81,279755.45,62875.78,2433.79,2982.63,0.00,548.84,4065310210.61,6676138241.44,0.00,0.00,0.00,0.00,244932814,336577080,16068720,71617282
18446744067644.61,2553810.23,2616686.01,279755.45,62875.78,2532.20,2532.20,0.00,0.00,4065310210.61,6676138241.44,0.00,0.00,0.00,0.00,244980154,337177982,16068720,71617282
18446744067646.61,2556309.07,2619184.85,280121.95,62875.78,2498.84,2498.84,366.50,0.00,4065310210.61,6676138241.44,0.00,0.00,0.00,0.00,245046964,337750875,16068720,71617282
18446744067648.61,2558778.12,2621653.90,281721.42,62875.78,2469.05,2469.05,1599.48,0.00,4065310210.61,6676138241.44,0.00,0.00,0.00,0.00,244588228,338338399,16068720,72120572
18446744067650.61,2561318.71,2624194.49,281721.42,62875.78,2540.59,2540.59,0.00,0.00,4065310210.61,6676138241.44,0.00,0.00,0.00,0.00,244673622,338903396,16068720,72120572
18446744067652.61,2563850.64,2626726.42,283556.91,62875.78,2531.93,2531.93,1835.48,0.00,4065310210.61,6676138241.44,0.00,0.00,0.00,0.00,244715438,339509754,16068720,72120572
18446744067654.61,2566235.88,2629111.66,285580.98,62875.78,2385.24,2385.24,2024.07,0.00,4065310210.61,6676138241.44,0.00,0.00,0.00,0.00,243772418,340075349,16068720,73108618
18446744067656.61,2568748.46,2631624.24,286141.59,62875.78,2512.58,2512.58,560.62,0.00,4065310210.61,6676138241.44,0.00,0.00,0.00,0.00,243807328,340683660,16068720,73108618
18446744067658.61,2571284.61,2634160.39,288658.68,62875.78,2536.15,2536.15,2517.09,0.00,4065310210.61,6676138241.44,0.00,0.00,0.00,0.00,244017070,341123172,16068720,73108618
18446744067660.61,2573660.98,2636536.76,289603.15,62875.78,2376.37,2376.37,944.47,0.00,4065310210.61,6676138241.44,0.00,0.00,0.00,0.00,243162937,341555979,16068720,74138294
18446744067662.61,2576176.68,2639052.46,291429.24,62875.78,2515.70,2515.70,1826.09,0.00,4065310210.61,6676138241.44,0.00,0.00,0.00,0.00,243287350,342075586,16068720,74138294
18446744067664.61,2578595.33,2641471.11,292505.48,62875.78,2418.65,2418.65,1076.23,0.00,4065310210.61,6676138241.44,0.00,0.00,0.00,0.00,242574090,342665809,16068720,74880506
18446744067666.61,2581124.32,2644000.11,293137.91,62875.78,2528.99,2528.99,632.44,0.00,4065310210.61,6676138241.44,0.00,0.00,0.00,0.00,242675334,343211987,16068720,74880506
18446744067668.61,2583597.33,2646473.11,294062.74,62875.78,2473.00,2473.00,924.83,0.00,4065310210.61,6676138241.44,0.00,0.00,0.00,0.00,242417482,343704268,16068720,75279166
18446744067670.61,2586153.77,2649029.55,294062.74,62875.78,2556.45,2556.45,0.00,0.00,4065310210.61,6676138241.44,0.00,0.00,0.00,0.00,242516856,344259344,16068720,75279166
18446744067672.61,2588606.59,2651482.37,295932.76,62875.78,2452.81,2452.81,1870.02,0.00,4065310210.61,6676138241.44,0.00,0.00,0.00,0.00,242124382,344801014,16068720,75757890
18446744067674.61,2591138.36,2654014.14,295932.76,62875.78,2531.78,2531.78,0.00,0.00,4065310210.61,6676138241.44,0.00,0.00,0.00,0.00,242194338,345379193,16068720,75757890
18446744067676.61,2593650.81,2656526.59,296825.01,62875.78,2512.45,2512.45,892.25,0.00,4065310210.61,6676138241.44,0.00,0.00,0.00,0.00,242196970,346019748,16068720,75757890
18446744067678.61,2596183.32,2659059.11,299399.18,62875.78,2532.51,2532.51,2574.17,0.00,4065310210.61,6676138241.44,0.00,0.00,0.00,0.00,242340050,346524991,16068720,75757890
18446744067680.61,2598570.03,2661445.81,301035.46,62875.78,2386.70,2386.70,1636.29,0.00,4065310210.61,6676138241.44,0.00,0.00,0.00,0.00,241134425,347035320,16068720,77064182
18446744067682.61,2601065.53,2663941.31,303129.02,62875.78,2495.50,2495.50,2093.56,0.00,4065310210.61,6676138241.44,0.00,0.00,0.00,0.00,241248670,347559924,16068720,77064182
18446744067684.61,2603490.19,2666365.97,304097.93,62875.78,2424.66,2424.66,968.90,0.00,4065310210.61,6676138241.44,0.00,0.00,0.00,0.00,240588103,348057212,16068720,77848173
18446744067686.61,2605984.29,2668860.07,304953.09,62875.78,2494.11,2494.11,855.16,0.00,4065310210.61,6676138241.44,0.00,0.00,0.00,0.00,240664503,348619303,16068720,77848173
18446744067688.61,2608381.94,2671257.72,307080.12,62875.78,2397.64,2397.64,2127.03,0.00,4065310210.61,6676138241.44,0.00,0.00,0.00,0.00,239942960,349191202,16068720,78611614
18446744067690.61,2610929.31,2673805.09,307080.12,62875.78,2547.38,2547.38,0.00,0.00,4065310210.61,6676138241.44,0.00,0.00,0.00,0.00,240014006,349772284,16068720,78611614
18446744067692.61,2613411.30,2676287.09,309200.02,62875.78,2481.99,2481.99,2119.91,0.00,4065310210.61,6676138241.44,0.00,0.00,0.00,0.00,240033274,350388406,16068720,78611614
18446744067694.61,2615818.57,2678694.36,309479.60,62875.78,2407.27,2407.27,279.58,0.00,4065310210.61,6676138241.44,0.00,0.00,0.00,0.00,239453044,350970629,16068720,79225882
18446744067696.61,2618321.98,2681197.76,310504.41,62875.78,2503.41,2503.41,1024.81,0.00,4065310210.61,6676138241.44,0.00,0.00,0.00,0.00,239477281,351587264,16068720,79225882
18446744067698.61,2620854.19,2683729.97,313157.10,62875.78,2532.21,2532.21,2652.69,0.00,4065310210.61,6676138241.44,0.00,0.00,0.00,0.00,239560230,352152560,16068720,79225882
18446744067700.61,2623109.76,2685985.54,315478.95,62875.78,2255.57,2255.57,2321.84,0.00,4065310210.61,6676138241.44,0.00,0.00,0.00,0.00,238060144,352694328,16068720,80761626
18446744067702.61,2625634.60,2688510.38,317692.60,62875.78,2524.84,2524.84,2213.66,0.00,4065310210.61,6676138241.44,0.00,0.00,0.00,0.00,238111694,353289137,16068720,80761626
18446744067704.61,2628021.69,2690897.47,319388.21,62875.78,2387.09,2387.09,1695.61,0.00,4065310210.61,6676138241.44,0.00,0.00,0.00,0.00,237159350,353851805,16068720,81762398
18446744067706.61,2630530.43,2693406.21,320287.59,62875.78,2508.73,2508.73,899.38,0.00,4065310210.61,6676138241.44,0.00,0.00,0.00,0.00,237284687,354368704,16068720,81762398
18446744067708.61,2632913.39,2695789.17,322358.76,62875.78,2382.96,2382.96,2071.16,0.00,4065310210.61,6676138241.44,0.00,0.00,0.00,0.00,236748072,354754898,16068720,82522858
18446744067710.61,2635424.14,2698299.92,322358.76,62875.78,2510.75,2510.75,0.00,0.00,4065310210.61,6676138241.44,0.00,0.00,0.00,0.00,236947330,355198391,16068720,82522858
18446744067712.61,2637943.78,2700819.56,324606.04,62875.78,2519.64,2519.64,2247.28,0.00,4065310210.61,6676138241.44,0.00,0.00,0.00,0.00,237025526,355765223,16068720,82522858
18446744067714.61,2640332.69,2703208.47,326727.48,62875.78,2388.91,2388.91,2121.44,0.00,4065310210.61,6676138241.44,0.00,0.00,0.00,0.00,235959395,356324523,16068720,83641251
18446744067716.61,2642877.94,2705753.72,327611.13,62875.78,2545.25,2545.25,883.65,0.00,4065310210.61,6676138241.44,0.00,0.00,0.00,0.00,236048111,356887390,16068720,83641251
18446744067718.61,2645359.47,2708235.25,328277.04,62875.78,2481.54,2481.54,665.91,0.00,4065310210.61,6676138241.44,0.00,0.00,0.00,0.00,235721478,357452609,16068720,84037938
18446744067720.61,2647918.62,2710794.40,328277.04,62875.78,2559.14,2559.14,0.00,0.00,4065310210.61,6676138241.44,0.00,0.00,0.00,0.00,235773208,358056020,16068720,84037938
18446744067722.61,2650445.14,2713320.93,330624.93,62875.78,2526.53,2526.53,2347.89,0.00,4065310210.61,6676138241.44,0.00,0.00,0.00,0.00,235810050,358665969,16068720,84037938
18446744067724.61,2652836.76,2715712.54,332167.91,62875.78,2391.62,2391.62,1542.98,0.00,4065310210.61,6676138241.44,0.00,0.00,0.00,0.00,234848058,359244151,16068720,85034002
18446744067726.61,2655416.98,2718292.77,333245.05,62875.78,2580.22,2580.22,1077.14,0.00,4065310210.61,6676138241.44,0.00,0.00,0.00,0.00,234918018,359834728,16068720,85034002
18446744067728.61,2657885.20,2720760.98,335550.96,62875.78,2468.22,2468.22,2305.91,0.00,4065310210.61,6676138241.44,0.00,0.00,0.00,0.00,234079762,360438788,16068720,85900062
18446744067730.61,2660506.77,2723382.55,335700.06,62875.78,2621.57,2621.57,149.10,0.00,4065310210.61,6676138241.44,0.00,0.00,0.00,0.00,234138826,361050845,16068720,85900062
18446744067732.61,2663149.07,2726024.85,338118.43,62875.78,2642.30,2642.30,2418.37,0.00,4065310210.61,6676138241.44,0.00,0.00,0.00,0.00,234166656,361699444,16068720,85900062
18446744067734.61,2665659.63,2728535.41,339221.71,62875.78,2510.56,2510.56,1103.28,0.00,4065310210.61,6676138241.44,0.00,0.00,0.00,0.00,233335699,362233394,16068720,86839773
18446744067736.61,2668215.95,2731091.73,340911.79,62875.78,2556.32,2556.32,1690.08,0.00,4065310210.61,6676138241.44,0.00,0.00,0.00,0.00,233359027,362864483,16068720,86839773
18446744067738.61,2670611.91,2733487.70,342471.46,62875.78,2395.96,2395.96,1559.67,0.00,4065310210.61,6676138241.44,0.00,0.00,0.00,0.00,232569010,363435938,16068720,87671702
18446744067740.61,2673103.59,2735979.37,342877.02,62875.78,2491.68,2491.68,405.56,0.00,4065310210.61,6676138241.44,0.00,0.00,0.00,0.00,232598162,364044655,16068720,87671702
18446744067742.61,2675604.58,2738480.36,345267.37,62875.78,2500.99,2500.99,2390.34,0.00,4065310210.61,6676138241.44,0.00,0.00,0.00,0.00,232628466,364654604,16068720,87671702
18446744067744.61,2677970.47,2740846.25,345959.39,62875.78,2365.89,2365.89,692.02,0.00,4065310210.61,6676138241.44,0.00,0.00,0.00,0.00,231760338,365235507,16068720,88564596
18446744067746.61,2680486.96,2743362.74,347593.34,62875.78,2516.49,2516.49,1633.95,0.00,4065310210.61,6676138241.44,0.00,0.00,0.00,0.00,231826600,365813466,16068720,88564596
18446744067748.61,2682999.25,2745875.04,350067.65,62875.78,2512.29,2512.29,2474.30,0.00,4065310210.61,6676138241.44,0.00,0.00,0.00,0.00,231863596,366419617,16068720,88564596
18446744067750.61,2685324.63,2748200.41,350694.93,62875.78,2325.38,2325.38,627.28,0.00,4065310210.61,6676138241.44,0.00,0.00,0.00,0.00,230776394,366987362,16068720,89679350
18446744067752.61,2687802.52,2750678.30,353278.25,62875.78,2477.89,2477.89,2583.32,0.00,4065310210.61,6676138241.44,0.00,0.00,0.00,0.00,230837098,367560998,16068720,89679350
18446744067754.61,2690288.53,2753164.31,355904.75,62875.78,2486.00,2486.00,2626.50,0.00,4065310210.61,6676138241.44,0.00,0.00,0.00,0.00,230869238,368165275,16068720,89679350
18446744067756.61,2692519.71,2755395.49,357536.25,62875.78,2231.18,2231.18,1631.50,0.00,4065310210.61,6676138241.44,0.00,0.00,0.00,0.00,229435216,368710460,16068720,91139369
18446744067758.61,2695044.01,2757919.79,360177.21,62875.78,2524.30,2524.30,2640.95,0.00,4065310210.61,6676138241.44,0.00,0.00,0.00,0.00,229464203,369327694,16068720,91139369
18446744067760.61,2697256.73,2760132.51,361856.96,62875.78,2212.72,2212.72,1679.75,0.00,4065310210.61,6676138241.44,0.00,0.00,0.00,0.00,228036601,369831685,16068720,92629437
18446744067762.61,2699753.14,2762628.93,364321.75,62875.78,2496.41,2496.41,2464.80,0.00,4065310210.61,6676138241.44,0.00,0.00,0.00,0.00,228079973,370427395,16068720,92629437
18446744067764.61,2702086.04,2764961.82,365695.82,62875.78,2332.89,2332.89,1374.06,0.00,4065310210.61,6676138241.44,0.00,0.00,0.00,0.00,227176895,370940025,16068720,93617105
18446744067766.61,2704600.20,2767569.23,365695.82,62969.03,2514.17,2607.41,0.00,93.25,4065310210.61,6676138241.44,0.00,0.00,0.00,0.00,227219071,371541476,16091824,93617105
18446744067768.61,2707120.29,2770089.32,365695.82,62969.03,2520.09,2520.09,0.00,0.00,4065310210.61,6676138241.44,0.00,0.00,0.00,0.00,227282201,372123489,16091824,93617105
18446744067770.61,2709621.40,2772750.43,365695.82,63129.03,2501.11,2661.11,0.00,160.00,4065310210.61,6676138241.44,0.00,0.00,0.00,0.00,227322151,372723823,16091824,93617105
18446744067772.61,2712152.55,2775299.93,365695.82,63147.37,2531.15,2549.50,0.00,18.34,4065310210.61,6676138241.44,0.00,0.00,0.00,0.00,227347927,373346022,16137480,93617105
18446744067774.61,2714664.42,2777811.79,365695.82,63147.37,2511.86,2511.86,0.00,0.00,4065310210.61,6676138241.44,0.00,0.00,0.00,0.00,227423911,373913075,16137480,93617105
18446744067776.61,2717091.26,2780536.00,365695.82,63444.74,2426.84,2724.21,0.00,297.37,4065310210.61,6676138241.44,0.00,0.00,0.00,0.00,227446611,374511646,16213606,93617105
18446744067778.61,2719612.75,2783057.49,365695.82,63444.74,2521.49,2521.49,0.00,0.00,4065310210.61,6676138241.44,0.00,0.00,0.00,0.00,227486778,375116981,16213606,93617105
18446744067780.61,2722050.13,2785814.20,365695.82,63764.07,2437.38,2756.71,0.00,319.33,4065310210.61,6676138241.44,0.00,0.00,0.00,0.00,227534387,375693342,16295354,93617105
18446744067782.61,2724548.91,2788312.98,365695.82,63764.07,2498.78,2498.78,0.00,0.00,4065310210.61,6676138241.44,0.00,0.00,0.00,0.00,227578415,376289002,16295354,93617105
18446744067784.61,2727064.00,2790828.07,365695.82,63764.07,2515.09,2515.09,0.00,0.00,4065310210.61,6676138241.44,0.00,0.00,0.00,0.00,227606655,376904625,16295354,93617105
18446744067786.61,2729485.93,2793742.41,365695.82,64256.47,2421.93,2914.34,0.00,492.41,4065310210.61,6676138241.44,0.00,0.00,0.00,0.00,227667488,377463806,16421410,93617105
18446744067788.61,2732023.81,2796280.28,365695.82,64256.47,2537.88,2537.88,0.00,0.00,4065310210.61,6676138241.44,0.00,0.00,0.00,0.00,227700015,378080975,16421410,93617105
18446744067790.61,2734559.84,2798882.23,365695.82,64322.39,2536.03,2601.95,0.00,65.92,4065310210.61,6676138241.44,0.00,0.00,0.00,0.00,227885443,378544770,16438286,93617105
18446744067792.61,2737142.75,2801465.15,365695.82,64322.39,2582.92,2582.92,0.00,0.00,4065310210.61,6676138241.44,0.00,0.00,0.00,0.00,228100421,378991019,16438286,93617105
18446744067794.61,2739730.19,2804052.58,365695.82,64322.39,2587.43,2587.43,0.00,0.00,4065310210.61,6676138241.44,0.00,0.00,0.00,0.00,228428927,379324896,16438286,93617105
18446744067796.61,2742124.86,2807010.05,365695.82,64885.18,2394.68,2957.46,0.00,562.79,4065310210.61,6676138241.44,0.00,0.00,0.00,0.00,228622561,379744299,16582360,93617105
18446744067798.61,2744672.53,2809557.71,365695.82,64885.18,2547.66,2547.66,0.00,0.00,4065310210.61,6676138241.44,0.00,0.00,0.00,0.00,228809935,380209127,16582360,93617105
18446744067800.61,2747063.19,2812506.12,365695.82,65442.93,2390.66,2948.41,0.00,557.74,4065310210.61,6676138241.44,0.00,0.00,0.00,0.00,228932119,380698953,16725142,93617105
18446744067802.61,2749603.62,2815046.55,365695.82,65442.93,2540.43,2540.43,0.00,0.00,4065310210.61,6676138241.44,0.00,0.00,0.00,0.00,229016959,381264464,16725142,93617105
18446744067804.61,2752116.32,2817559.25,365695.82,65442.93,2512.70,2512.70,0.00,0.00,4065310210.61,6676138241.44,0.00,0.00,0.00,0.00,229060103,381864571,16725142,93617105
18446744067806.61,2754605.43,2820048.36,367887.86,65442.93,2489.11,2489.11,2192.05,0.00,4065310210.61,6676138241.44,0.00,0.00,0.00,0.00,229092527,382469359,16725142,93617105
18446744067808.61,2756982.78,2822425.71,368758.63,65442.93,2377.35,2377.35,870.77,0.00,4065310210.61,6676138241.44,0.00,0.00,0.00,0.00,228347475,383038932,16725142,94401185
18446744067810.61,2759499.96,2824942.89,369529.41,65442.93,2517.18,2517.18,770.78,0.00,4065310210.61,6676138241.44,0.00,0.00,0.00,0.00,228364011,383666794,16725142,94401185
18446744067812.61,2761932.53,2827375.45,370380.51,65442.93,2432.57,2432.57,851.10,0.00,4065310210.61,6676138241.44,0.00,0.00,0.00,0.00,227981501,384256839,16725142,94816387
18446744067814.61,2764459.21,2829902.13,370380.51,65442.93,2526.68,2526.68,0.00,0.00,4065310210.61,6676138241.44,0.00,0.00,0.00,0.00,228010357,384874813,16725142,94816387
18446744067816.61,2766958.81,2832401.74,372420.08,65442.93,2499.61,2499.61,2039.57,0.00,4065310210.61,6676138241.44,0.00,0.00,0.00,0.00,228067073,385457996,16725142,94816387
18446744067818.61,2769355.07,2834798.00,373178.46,65442.93,2396.26,2396.26,758.38,0.00,4065310210.61,6676138241.44,0.00,0.00,0.00,0.00,227397514,386024731,16725142,95532654
18446744067820.61,2771888.20,2837331.12,374127.91,65442.93,2533.12,2533.12,949.45,0.00,4065310210.61,6676138241.44,0.00,0.00,0.00,0.00,227441114,386629610,16725142,95532654
18446744067822.61,2774424.92,2839867.85,376720.95,65442.93,2536.73,2536.73,2593.04,0.00,4065310210.61,6676138241.44,0.00,0.00,0.00,0.00,227486718,387233408,16725142,95532654
18446744067824.61,2776774.88,2842217.80,377304.26,65442.93,2349.95,2349.95,583.31,0.00,4065310210.61,6676138241.44,0.00,0.00,0.00,0.00,226485637,387779872,16725142,96588859
18446744067826.61,2779303.22,2844746.14,379468.59,65442.93,2528.34,2528.34,2164.33,0.00,4065310210.61,6676138241.44,0.00,0.00,0.00,0.00,226519401,388393364,16725142,96588859
18446744067828.61,2781734.57,2847177.50,379525.73,65442.93,2431.36,2431.36,57.14,0.00,4065310210.61,6676138241.44,0.00,0.00,0.00,0.00,226003957,388962539,16725142,97157555
18446744067830.61,2784288.88,2849731.80,380513.39,65442.93,2554.30,2554.30,987.66,0.00,4065310210.61,6676138241.44,0.00,0.00,0.00,0.00,226036173,389584225,16725142,97157555
18446744067832.61,2786766.53,2852209.45,381264.60,65442.93,2477.65,2477.65,751.20,0.00,4065310210.61,6676138241.44,0.00,0.00,0.00,0.00,225658539,390150987,16725142,97602705
18446744067834.61,2789302.80,2854745.73,381264.60,65442.93,2536.28,2536.28,0.00,0.00,4065310210.61,6676138241.44,0.00,0.00,0.00,0.00,225712215,390746598,16725142,97602705
18446744067836.61,2791863.32,2857306.24,383591.07,65442.93,2560.51,2560.51,2326.47,0.00,4065310210.61,6676138241.44,0.00,0.00,0.00,0.00,225781903,391332401,16725142,97602705
18446744067838.61,2794325.72,2859768.65,384364.01,65442.93,2462.41,2462.41,772.94,0.00,4065310210.61,6676138241.44,0.00,0.00,0.00,0.00,225019157,391932073,16725142,98396155
18446744067840.61,2796907.27,2862350.19,385650.57,65442.93,2581.54,2581.54,1286.56,0.00,4065310210.61,6676138241.44,0.00,0.00,0.00,0.00,225169365,392442740,16725142,98396155
18446744067842.67,2799414.29,2864857.21,388030.17,65442.93,2507.02,2507.02,2379.59,0.00,4065310210.61,6676138241.44,0.00,0.00,0.00,0.00,224356861,392958505,16725142,99334691
18446744067844.67,2802040.74,2867483.67,388365.17,65442.93,2626.46,2626.46,335.00,0.00,4065310210.61,6676138241.44,0.00,0.00,0.00,0.00,224369929,393617810,16725142,99334691
18446744067846.67,2804509.14,2869952.06,390248.57,65442.93,2468.39,2468.39,1883.40,0.00,4065310210.61,6676138241.44,0.00,0.00,0.00,0.00,223891378,394160358,16725142,99902603
18446744067848.67,2807046.60,2872489.52,390248.57,65442.93,2537.46,2537.46,0.00,0.00,4065310210.61,6676138241.44,0.00,0.00,0.00,0.00,224021405,394679921,16725142,99902603
18446744067850.67,2809551.25,2874994.17,391888.00,65442.93,2504.65,2504.65,1639.43,0.00,4065310210.61,6676138241.44,0.00,0.00,0.00,0.00,224086057,395256459,16725142,99902603
18446744067852.67,2811930.75,2877373.68,392926.24,65442.93,2379.50,2379.50,1038.23,0.00,4065310210.61,6676138241.44,0.00,0.00,0.00,0.00,223569083,395697104,16725142,100588085
18446744067854.67,2814431.95,2879874.88,393380.25,65442.93,2501.20,2501.20,454.01,0.00,4065310210.61,6676138241.44,0.00,0.00,0.00,0.00,223662491,396244004,16725142,100588085
18446744067856.67,2816916.93,2882359.86,395923.58,65442.93,2484.98,2484.98,2543.34,0.00,4065310210.61,6676138241.44,0.00,0.00,0.00,0.00,223753387,396789263,16725142,100588085
18446744067858.67,2819175.07,2884617.99,397837.67,65442.93,2258.13,2258.13,1914.09,0.00,4065310210.61,6676138241.44,0.00,0.00,0.00,0.00,222594269,397269137,16725142,101845411
18446744067860.67,2821683.58,2887126.50,399264.34,65442.93,2508.51,2508.51,1426.67,0.00,4065310210.61,6676138241.44,0.00,0.00,0.00,0.00,222641973,397863612,16725142,101845411
18446744067862.67,2824032.55,2889475.48,401539.82,65442.93,2348.98,2348.98,2275.48,0.00,4065310210.61,6676138241.44,0.00,0.00,0.00,0.00,221737038,398422134,16725142,102793162
18446744067864.67,2826533.59,2891976.52,401847.84,65442.93,2501.04,2501.04,308.02,0.00,4065310210.61,6676138241.44,0.00,0.00,0.00,0.00,221800822,398998616,16725142,102793162
18446744067866.67,2829073.86,2894516.79,404516.81,65442.93,2540.27,2540.27,2668.97,0.00,4065310210.61,6676138241.44,0.00,0.00,0.00,0.00,221882435,399567312,16725142,102793162
18446744067868.67,2831574.97,2897017.89,407146.76,65442.93,2501.11,2501.11,2629.95,0.00,4065310210.61,6676138241.44,0.00,0.00,0.00,0.00,221916206,400173824,16725142,102793162
18446744067870.67,2833779.88,2899222.80,408778.00,65442.93,2204.91,2204.91,1631.23,0.00,4065310210.61,6676138241.44,0.00,0.00,0.00,0.00,220475523,400702360,16725142,104269765
18446744067872.67,2836280.62,2901723.55,411440.67,65442.93,2500.75,2500.75,2662.67,0.00,4065310210.61,6676138241.44,0.00,0.00,0.00,0.00,220517525,401300549,16725142,104269765
18446744067874.67,2838608.77,2904051.70,412300.49,65442.93,2328.15,2328.15,859.82,0.00,4065310210.61,6676138241.44,0.00,0.00,0.00,0.00,219329697,401825308,16725142,105528841
18446744067876.67,2841122.70,2906565.62,414819.80,65442.93,2513.92,2513.92,2519.30,0.00,4065310210.61,6676138241.44,0.00,0.00,0.00,0.00,219351011,402447558,16725142,105528841
18446744067878.67,2843445.29,2908888.21,416231.09,65442.93,2322.59,2322.59,1411.29,0.00,4065310210.61,6676138241.44,0.00,0.00,0.00,0.00,218368173,402999693,16725142,106554127
18446744067880.67,2845941.36,2911384.29,417453.00,65442.93,2496.07,2496.07,1221.91,0.00,4065310210.61,6676138241.44,0.00,0.00,0.00,0.00,218406499,403600362,16725142,106554127
18446744067882.67,2848300.20,2913743.12,419642.71,65442.93,2358.84,2358.84,2189.71,0.00,4065310210.61,6676138241.44,0.00,0.00,0.00,0.00,217608187,404129163,16725142,107427501
18446744067884.68,2850816.07,2916259.00,419642.71,65442.93,2515.87,2515.87,0.00,0.00,4065310210.61,6676138241.44,0.00,0.00,0.00,0.00,217622995,404758418,16725142,107427501
18446744067886.68,2853303.65,2918746.57,422175.23,65442.93,2487.58,2487.58,2532.53,0.00,4065310210.61,6676138241.44,0.00,0.00,0.00,0.00,217674075,405344158,16725142,107427501
18446744067888.68,2855588.32,2921031.25,424138.82,65442.93,2284.67,2284.67,1963.58,0.00,4065310210.61,6676138241.44,0.00,0.00,0.00,0.00,216594735,405857370,16725142,108578505
18446744067890.68,2858060.91,2923503.84,425312.47,65442.93,2472.59,2472.59,1173.66,0.00,4065310210.61,6676138241.44,0.00,0.00,0.00,0.00,216645135,406439954,16725142,108578505
18446744067892.74,2860427.72,2925870.65,427637.54,65442.93,2366.81,2366.81,2325.06,0.00,4065310210.61,6676138241.44,0.00,0.00,0.00,0.00,215764995,407030341,16725142,109474161
18446744067894.74,2862945.89,2928388.82,427637.54,65442.93,2518.17,2518.17,0.00,0.00,4065310210.61,6676138241.44,0.00,0.00,0.00,0.00,215783999,407655988,16725142,109474161
18446744067896.74,2865443.32,2930886.25,430015.68,65442.93,2497.43,2497.43,2378.14,0.00,4065310210.61,6676138241.44,0.00,0.00,0.00,0.00,215817583,408261747,16725142,109474161
18446744067898.74,2867749.94,2933192.87,431918.85,65442.93,2306.62,2306.62,1903.17,0.00,4065310210.61,6676138241.44,0.00,0.00,0.00,0.00,214762311,408811497,16725142,110570177
18446744067900.74,2870267.38,2935710.31,432927.19,65442.93,2517.44,2517.44,1008.34,0.00,4065310210.61,6676138241.44,0.00,0.00,0.00,0.00,214824507,409393766,16725142,110570177
18446744067902.74,2872764.14,2938207.07,435348.04,65442.93,2496.76,2496.76,2420.84,0.00,4065310210.61,6676138241.44,0.00,0.00,0.00,0.00,214892623,409964821,16725142,110570177
18446744067904.74,2875031.64,2940474.57,435886.82,65442.93,2267.50,2267.50,538.78,0.00,4065310210.61,6676138241.44,0.00,0.00,0.00,0.00,213920399,410501724,16725142,111585977
18446744067906.74,2877537.58,2942980.50,438055.69,65442.93,2505.94,2505.94,2168.88,0.00,4065310210.61,6676138241.44,0.00,0.00,0.00,0.00,213954967,411108676,16725142,111585977
18446744067908.74,2879909.68,2945352.61,439080.88,65442.93,2372.11,2372.11,1025.18,0.00,4065310210.61,6676138241.44,0.00,0.00,0.00,0.00,213169992,411683231,16725142,112403656
18446744067910.74,2882426.64,2947869.57,439939.07,65442.93,2516.96,2516.96,858.19,0.00,4065310210.61,6676138241.44,0.00,0.00,0.00,0.00,213210368,412287196,16725142,112403656
18446744067912.74,2884788.30,2950231.23,442229.80,65442.93,2361.66,2361.66,2290.73,0.00,4065310210.61,6676138241.44,0.00,0.00,0.00,0.00,212448331,412847694,16725142,113209781
18446744067914.74,2887313.13,2952756.05,442229.80,65442.93,2524.82,2524.82,0.00,0.00,4065310210.61,6676138241.44,0.00,0.00,0.00,0.00,212480611,413461769,16725142,113209781
18446744067916.74,2889802.99,2955245.91,444242.27,65442.93,2489.86,2489.86,2012.47,0.00,4065310210.61,6676138241.44,0.00,0.00,0.00,0.00,212527479,414052305,16725142,113209781
18446744067918.74,2892186.68,2957629.61,445293.22,65442.93,2383.69,2383.69,1050.95,0.00,4065310210.61,6676138241.44,0.00,0.00,0.00,0.00,211811623,414594150,16725142,113994017
18446744067920.74,2894730.84,2960173.77,446170.04,65442.93,2544.16,2544.16,876.82,0.00,4065310210.61,6676138241.44,0.00,0.00,0.00,0.00,211845071,415212008,16725142,113994017
18446744067922.74,2897124.64,2962567.57,448151.04,65442.93,2393.80,2393.80,1980.99,0.00,4065310210.61,6676138241.44,0.00,0.00,0.00,0.00,211211203,415727089,16725142,114725617
18446744067924.74,2899647.04,2965089.96,448151.04,65442.93,2522.39,2522.39,0.00,0.00,4065310210.61,6676138241.44,0.00,0.00,0.00,0.00,211257767,416326257,16725142,114725617
18446744067926.74,2902144.63,2967682.43,448151.04,65537.80,2497.59,2592.47,0.00,94.88,4065310210.61,6676138241.44,0.00,0.00,0.00,0.00,211300915,416922493,16749430,114725617
18446744067928.74,2904680.33,2970218.13,448151.04,65537.80,2535.70,2535.70,0.00,0.00,4065310210.61,6676138241.44,0.00,0.00,0.00,0.00,211334427,417538120,16749430,114725617
18446744067930.74,2907183.54,2972844.09,448151.04,65660.55,2503.21,2625.96,0.00,122.75,4065310210.61,6676138241.44,0.00,0.00,0.00,0.00,211364943,418148427,16780854,114725617
18446744067932.74,2909734.03,2975394.58,448151.04,65660.55,2550.49,2550.49,0.00,0.00,4065310210.61,6676138241.44,0.00,0.00,0.00,0.00,211388435,418777860,16780854,114725617
18446744067934.74,2912266.21,2977940.77,448151.04,65674.55,2532.18,2546.18,0.00,14.00,4065310210.61,6676138241.44,0.00,0.00,0.00,0.00,211450519,419364015,16780854,114725617
18446744067936.74,2914818.00,2980617.11,448151.04,65799.11,2551.78,2676.34,0.00,124.56,4065310210.61,6676138241.44,0.00,0.00,0.00,0.00,211470464,419997326,16816326,114725617
18446744067938.74,2917365.11,2983164.22,448151.04,65799.11,2547.11,2547.11,0.00,0.00,4065310210.61,6676138241.44,0.00,0.00,0.00,0.00,211483321,420636530,16816326,114725617
18446744067940.74,2919799.10,2986027.73,448151.04,66228.63,2433.99,2863.50,0.00,429.52,4065310210.61,6676138241.44,0.00,0.00,0.00,0.00,211502631,421240321,16926282,114725617
18446744067942.74,2922338.61,2988567.23,448151.04,66228.63,2539.51,2539.51,0.00,0.00,4065310210.61,6676138241.44,0.00,0.00,0.00,0.00,211519507,421873559,16926282,114725617
18446744067944.74,2924803.11,2991357.48,448151.04,66554.37,2464.50,2790.24,0.00,325.74,4065310210.61,6676138241.44,0.00,0.00,0.00,0.00,211549723,422474255,16998920,114725617
18446744067946.74,2927187.58,2994173.40,448151.04,66985.82,2384.47,2815.93,0.00,431.45,4065310210.61,6676138241.44,0.00,0.00,0.00,0.00,211563903,423070500,17120124,114725617
18446744067948.74,2929764.25,2996750.07,448151.04,66985.82,2576.67,2576.67,0.00,0.00,4065310210.61,6676138241.44,0.00,0.00,0.00,0.00,211579863,423714168,17120124,114725617
18446744067950.74,2932230.64,2999478.72,448151.04,67248.08,2466.39,2728.65,0.00,262.25,4065310210.61,6676138241.44,0.00,0.00,0.00,0.00,211624815,424300613,17187261,114725617
18446744067952.74,2934793.17,3002041.25,448151.04,67248.08,2562.53,2562.53,0.00,0.00,4065310210.61,6676138241.44,0.00,0.00,0.00,0.00,211654695,424926740,17187261,114725617
18446744067954.74,2937236.49,3004969.10,448151.04,67732.61,2443.32,2927.85,0.00,484.53,4065310210.61,6676138241.44,0.00,0.00,0.00,0.00,211779775,425427149,17311301,114725617
18446744067956.74,2939750.11,3007482.72,448151.04,67732.61,2513.62,2513.62,0.00,0.00,4065310210.61,6676138241.44,0.00,0.00,0.00,0.00,211849549,426000862,17311301,114725617
18446744067958.74,2942267.32,3009999.93,448151.04,67732.61,2517.21,2517.21,0.00,0.00,4065310210.61,6676138241.44,0.00,0.00,0.00,0.00,211955393,426539424,17311301,114725617
18446744067960.74,2944706.45,3012949.81,448151.04,68243.36,2439.13,2949.88,0.00,510.75,4065310210.61,6676138241.44,0.00,0.00,0.00,0.00,212003382,427115852,17442053,114725617
18446744067962.74,2947233.28,3015476.64,448151.04,68243.36,2526.83,2526.83,0.00,0.00,4065310210.61,6676138241.44,0.00,0.00,0.00,0.00,212020255,427745847,17442053,114725617
18446744067964.74,2949736.57,3017979.93,448751.55,68243.36,2503.30,2503.30,600.52,0.00,4065310210.61,6676138241.44,0.00,0.00,0.00,0.00,212051487,428355459,17442053,114725617
18446744067966.74,2952145.41,3020388.77,450355.32,68243.36,2408.83,2408.83,1603.77,0.00,4065310210.61,6676138241.44,0.00,0.00,0.00,0.00,211501031,428958280,17442053,115289913
18446744067968.74,2954681.23,3022924.59,450355.32,68243.36,2535.82,2535.82,0.00,0.00,4065310210.61,6676138241.44,0.00,0.00,0.00,0.00,211514215,429594266,17442053,115289913
18446744067970.74,2957168.23,3025411.59,452124.79,68243.36,2487.00,2487.00,1769.47,0.00,4065310210.61,6676138241.44,0.00,0.00,0.00,0.00,211577247,430167906,17442053,115289913
18446744067972.74,2959563.83,3027807.19,452704.50,68243.36,2395.60,2395.60,579.71,0.00,4065310210.61,6676138241.44,0.00,0.00,0.00,0.00,211036040,430720996,17442053,115891304
18446744067974.74,2962066.87,3030310.23,453356.75,68243.36,2503.04,2503.04,652.25,0.00,4065310210.61,6676138241.44,0.00,0.00,0.00,0.00,211101764,431296051,17442053,115891304
18446744067976.74,2964454.39,3032697.75,455174.96,68243.36,2387.52,2387.52,1818.20,0.00,4065310210.61,6676138241.44,0.00,0.00,0.00,0.00,210518195,431858389,17442053,116523741
18446744067978.74,2966994.09,3035237.45,455174.96,68243.36,2539.70,2539.70,0.00,0.00,4065310210.61,6676138241.44,0.00,0.00,0.00,0.00,210560149,432466597,17442053,116523741
18446744067980.74,2969488.05,3037731.41,457035.62,68243.36,2493.96,2493.96,1860.66,0.00,4065310210.61,6676138241.44,0.00,0.00,0.00,0.00,210638219,433026980,17442053,116523741
18446744067982.74,2971881.34,3040124.70,458511.90,68243.36,2393.29,2393.29,1476.28,0.00,4065310210.61,6676138241.44,0.00,0.00,0.00,0.00,209869818,433553814,17442053,117377990
18446744067984.74,2974384.85,3042628.21,459220.70,68243.36,2503.51,2503.51,708.80,0.00,4065310210.61,6676138241.44,0.00,0.00,0.00,0.00,209938602,434125929,17442053,117377990
18446744067986.74,2976935.12,3045178.48,461523.71,68243.36,2550.28,2550.28,2303.02,0.00,4065310210.61,6676138241.44,0.00,0.00,0.00,0.00,209957354,434760048,17442053,117377990
18446744067988.74,2979329.06,3047572.42,461763.40,68243.36,2393.94,2393.94,239.69,0.00,4065310210.61,6676138241.44,0.00,0.00,0.00,0.00,209146946,435350920,17442053,118210374
18446744067990.74,2981881.40,3050124.76,463313.27,68243.36,2552.34,2552.34,1549.87,0.00,4065310210.61,6676138241.44,0.00,0.00,0.00,0.00,209229818,435921446,17442053,118210374
18446744067992.74,2984336.32,3052579.68,464014.43,68243.36,2454.92,2454.92,701.16,0.00,4065310210.61,6676138241.44,0.00,0.00,0.00,0.00,208699882,436503594,17442053,118786622
18446744067994.74,2986912.36,3055155.72,464776.46,68243.36,2576.04,2576.04,762.03,0.00,4065310210.61,6676138241.44,0.00,0.00,0.00,0.00,208793381,437069562,17442053,118786622
18446744067996.74,2989502.55,3057745.91,467332.82,68243.36,2590.19,2590.19,2556.36,0.00,4065310210.61,6676138241.44,0.00,0.00,0.00,0.00,208842562,437683470,17442053,118786622
18446744067998.74,2991847.01,3060090.37,467634.11,68243.36,2344.45,2344.45,301.29,0.00,4065310210.61,6676138241.44,0.00,0.00,0.00,0.00,207974604,438224986,17442053,119713244
18446744068000.74,2994468.34,3062711.70,469760.46,68243.36,2621.34,2621.34,2126.35,0.00,4065310210.61,6676138241.44,0.00,0.00,0.00,0.00,208046196,438824456,17442053,119713244
18446744068002.74,2996954.02,3065197.38,469832.09,68243.36,2485.68,2485.68,71.63,0.00,4065310210.61,6676138241.44,0.00,0.00,0.00,0.00,207508970,439435334,17442053,120275926
18446744068004.74,2999587.96,3067831.32,471009.20,68243.36,2633.93,2633.93,1177.12,0.00,4065310210.61,6676138241.44,0.00,0.00,0.00,0.00,207525074,440093517,17442053,120275926
18446744068006.74,3002058.59,3070301.95,472656.21,68243.36,2470.64,2470.64,1647.01,0.00,4065310210.61,6676138241.44,0.00,0.00,0.00,0.00,206858489,440669632,17442053,120998879
18446744068008.74,3004704.79,3072948.15,472928.05,68243.36,2646.20,2646.20,271.84,0.00,4065310210.61,6676138241.44,0.00,0.00,0.00,0.00,206914575,441290973,17442053,120998879
18446744068010.74,3007256.64,3075500.00,475238.72,68243.36,2551.85,2551.85,2310.67,0.00,4065310210.61,6676138241.44,0.00,0.00,0.00,0.00,206950849,441907973,17442053,120998879
18446744068012.74,3009654.28,3077897.64,475475.42,68243.36,2397.63,2397.63,236.70,0.00,4065310210.61,6676138241.44,0.00,0.00,0.00,0.00,206273277,442477623,17442053,121720595
18446744068014.74,3012224.58,3080467.94,477044.80,68243.36,2570.30,2570.30,1569.38,0.00,4065310210.61,6676138241.44,0.00,0.00,0.00,0.00,206297545,443111353,17442053,121720595
18446744068016.84,3014663.21,3082906.57,479428.08,68243.36,2438.62,2438.62,2383.28,0.00,4065310210.61,6676138241.44,0.00,0.00,0.00,0.00,205327307,443693997,17442053,122732477
18446744068018.84,3017228.31,3085471.67,479834.18,68243.36,2565.11,2565.11,406.09,0.00,4065310210.61,6676138241.44,0.00,0.00,0.00,0.00,205410467,444267504,17442053,122732477
18446744068020.84,3019869.07,3088112.43,482386.97,68243.36,2640.75,2640.75,2552.80,0.00,4065310210.61,6676138241.44,0.00,0.00,0.00,0.00,205535866,444818138,17442053,122732477
18446744068022.84,3022280.55,3090523.91,483855.22,68243.36,2411.49,2411.49,1468.25,0.00,4065310210.61,6676138241.44,0.00,0.00,0.00,0.00,204484439,445353558,17442053,123865825
18446744068024.84,3024917.85,3093161.21,485774.68,68243.36,2637.30,2637.30,1919.45,0.00,4065310210.61,6676138241.44,0.00,0.00,0.00,0.00,204517419,445995726,17442053,123865825
18446744068026.84,3027354.55,3095597.91,487709.32,68243.36,2436.70,2436.70,1934.64,0.00,4065310210.61,6676138241.44,0.00,0.00,0.00,0.00,203555787,446594504,17442053,124852473
18446744068028.84,3029906.06,3098149.42,488645.73,68243.36,2551.51,2551.51,936.41,0.00,4065310210.61,6676138241.44,0.00,0.00,0.00,0.00,203570727,447232751,17442053,124852473
18446744068030.84,3032518.17,3100761.53,491154.74,68243.36,2612.11,2612.11,2509.01,0.00,4065310210.61,6676138241.44,0.00,0.00,0.00,0.00,203613031,447859147,17442053,124852473
18446744068032.84,3034912.78,3103156.14,492538.27,68243.36,2394.61,2394.61,1383.53,0.00,4065310210.61,6676138241.44,0.00,0.00,0.00,0.00,202403571,448447904,17442053,126086197
18446744068034.84,3037501.02,3105744.38,494945.43,68243.36,2588.23,2588.23,2407.16,0.00,4065310210.61,6676138241.44,0.00,0.00,0.00,0.00,202443679,449070384,17442053,126086197
18446744068036.84,3039943.61,3108186.97,497027.32,68243.36,2442.60,2442.60,2081.89,0.00,4065310210.61,6676138241.44,0.00,0.00,0.00,0.00,201324566,449665605,17442053,127235394
18446744068038.84,3042565.37,3110808.73,498324.49,68243.36,2621.75,2621.75,1297.17,0.00,4065310210.61,6676138241.44,0.00,0.00,0.00,0.00,201341646,450319694,17442053,127235394
18446744068040.84,3045171.31,3113414.67,500910.83,68243.36,2605.94,2605.94,2586.34,0.00,4065310210.61,6676138241.44,0.00,0.00,0.00,0.00,201590441,450738020,17442053,127235394
18446744068042.84,3047425.61,3115670.97,502349.58,68245.36,2254.30,2256.30,1438.75,2.00,4065310210.61,6676138241.44,0.00,0.00,0.00,0.00,200430251,451112813,17442053,128597893
18446744068044.84,3050004.65,3118368.84,502349.58,68364.20,2579.04,2697.87,0.00,118.84,4065310210.61,6676138241.44,0.00,0.00,0.00,0.00,200468827,451734470,17472987,128597893
18446744068046.84,3052625.33,3120989.53,502349.58,68364.20,2620.68,2620.68,0.00,0.00,4065310210.61,6676138241.44,0.00,0.00,0.00,0.00,200492423,452381769,17472987,128597893
18446744068048.84,3055095.45,3123721.97,502349.58,68626.52,2470.12,2732.45,0.00,262.33,4065310210.61,6676138241.44,0.00,0.00,0.00,0.00,200624548,452881994,17540143,128597893
18446744068050.84,3057632.35,3126258.88,502349.58,68626.52,2536.90,2536.90,0.00,0.00,4065310210.61,6676138241.44,0.00,0.00,0.00,0.00,200640027,453515962,17540143,128597893
18446744068052.84,3060040.24,3128995.95,502349.58,68955.71,2407.89,2737.08,0.00,329.19,4065310210.61,6676138241.44,0.00,0.00,0.00,0.00,200666083,454106326,17624415,128597893
18446744068054.84,3062582.87,3131538.58,502349.58,68955.71,2542.63,2542.63,0.00,0.00,4065310210.61,6676138241.44,0.00,0.00,0.00,0.00,200738846,454684476,17624415,128597893
18446744068056.84,3065120.80,3134076.52,502349.58,68955.71,2537.93,2537.93,0.00,0.00,4065310210.61,6676138241.44,0.00,0.00,0.00,0.00,200870803,455202230,17624415,128597893
18446744068058.84,3067565.67,3137122.75,502349.58,69557.09,2444.86,3046.24,0.00,601.38,4065310210.61,6676138241.44,0.00,0.00,0.00,0.00,200916699,455782219,17778367,128597893
18446744068060.84,3070108.41,3139665.49,502349.58,69557.09,2542.74,2542.74,0.00,0.00,4065310210.61,6676138241.44,0.00,0.00,0.00,0.00,200981499,456368360,17778367,128597893
18446744068062.84,3072600.80,3142700.68,502349.58,70099.88,2492.39,3035.19,0.00,542.80,4065310210.61,6676138241.44,0.00,0.00,0.00,0.00,201064683,456923228,17917323,128597893
18446744068064.84,3075123.89,3145223.77,502349.58,70099.88,2523.09,2523.09,0.00,0.00,4065310210.61,6676138241.44,0.00,0.00,0.00,0.00,201076451,457557372,17917323,128597893
18446744068066.84,3077655.24,3147755.12,502349.58,70099.88,2531.35,2531.35,0.00,0.00,4065310210.61,6676138241.44,0.00,0.00,0.00,0.00,201099083,458182766,17917323,128597893
18446744068068.84,3080128.46,3150752.25,502349.58,70623.79,2473.22,2997.13,0.00,523.91,4065310210.61,6676138241.44,0.00,0.00,0.00,0.00,201172659,458742335,18051443,128597893
18446744068070.84,3082661.18,3153284.96,502349.58,70623.79,2532.71,2532.71,0.00,0.00,4065310210.61,6676138241.44,0.00,0.00,0.00,0.00,201279933,459283435,18051443,128597893
18446744068072.84,3085111.26,3156163.29,502349.58,71052.04,2450.08,2878.33,0.00,428.25,4065310210.61,6676138241.44,0.00,0.00,0.00,0.00,201339735,459850854,18161074,128597893
18446744068074.84,3087663.43,3158715.47,502349.58,71052.04,2552.18,2552.18,0.00,0.00,4065310210.61,6676138241.44,0.00,0.00,0.00,0.00,201423835,460420111,18161074,128597893
18446744068076.84,3090219.67,3161271.70,502349.58,71052.04,2556.23,2556.23,0.00,0.00,4065310210.61,6676138241.44,0.00,0.00,0.00,0.00,201459646,461038696,18161074,128597893
18446744068078.84,3092623.19,3164216.64,502349.58,71593.45,2403.52,2944.93,0.00,541.41,4065310210.61,6676138241.44,0.00,0.00,0.00,0.00,201536131,461577512,18299676,128597893
18446744068080.84,3095205.76,3166799.21,502349.58,71593.45,2582.57,2582.57,0.00,0.00,4065310210.61,6676138241.44,0.00,0.00,0.00,0.00,201552419,462222362,18299676,128597893
18446744068082.84,3097768.78,3169362.23,503562.21,71593.45,2563.02,2563.02,1212.62,0.00,4065310210.61,6676138241.44,0.00,0.00,0.00,0.00,201583491,462847423,18299676,128597893
18446744068084.84,3100157.25,3171750.70,505597.39,71593.45,2388.47,2388.47,2035.19,0.00,4065310210.61,6676138241.44,0.00,0.00,0.00,0.00,200796199,463414724,18299676,129429333
18446744068086.84,3102748.45,3174341.90,505626.57,71593.45,2591.20,2591.20,29.17,0.00,4065310210.61,6676138241.44,0.00,0.00,0.00,0.00,200863411,464010859,18299676,129429333
18446744068088.84,3105355.08,3176948.53,508173.39,71593.45,2606.63,2606.63,2546.83,0.00,4065310210.61,6676138241.44,0.00,0.00,0.00,0.00,201051643,464489925,18299676,129429333
18446744068090.84,3107990.89,3179584.34,510768.83,71593.45,2635.81,2635.81,2595.44,0.00,4065310210.61,6676138241.44,0.00,0.00,0.00,0.00,201178339,465037997,18299676,129429333
18446744068092.84,3110252.51,3181845.96,512458.11,71593.45,2261.61,2261.61,1689.28,0.00,4065310210.61,6676138241.44,0.00,0.00,0.00,0.00,199952926,465445323,18299676,130826393
18446744068094.84,3112813.60,3184407.05,515078.61,71593.45,2561.09,2561.09,2620.50,0.00,4065310210.61,6676138241.44,0.00,0.00,0.00,0.00,200150255,465903634,18299676,130826393
18446744068096.85,3115008.07,3186601.52,516434.82,71593.45,2194.47,2194.47,1356.20,0.00,4065310210.61,6676138241.44,0.00,0.00,0.00,0.00,198906106,466349096,18299676,132186865
18446744068098.85,3117621.30,3189214.75,519003.83,71593.45,2613.23,2613.23,2569.02,0.00,4066065955.50,6676918364.44,755744.89,780123.00,0.00,0.00,199127498,466796690,18299676,132186865
18446744068100.85,3120004.05,3191597.50,519621.79,71593.45,2382.75,2382.75,617.95,0.00,4066065955.50,6676918364.44,0.00,0.00,0.00,0.00,198599647,467118660,18299676,133002729
18446744068102.85,3122526.69,3194120.14,521025.32,71593.45,2522.64,2522.64,1403.53,0.00,4066065955.50,6676918364.44,0.00,0.00,0.00,0.00,198771175,467592928,18299676,133002729
18446744068105.00,3125025.03,3196618.48,523426.72,71593.45,2498.34,2498.34,2401.41,0.00,4066065955.50,6676918364.44,0.00,0.00,0.00,0.00,197874241,468155374,18299676,133976793
18446744068107.01,3127547.83,3199141.28,523692.66,71593.45,2522.80,2522.80,265.94,0.00,4066065955.50,6676918364.44,0.00,0.00,0.00,0.00,198019503,468655949,18299676,133976793
18446744068109.01,3130078.90,3201672.35,526199.88,71593.45,2531.07,2531.07,2507.22,0.00,4066065955.50,6676918364.44,0.00,0.00,0.00,0.00,198093519,469229886,18299676,133976793
18446744068111.00,3132437.90,3204031.35,526964.69,71593.45,2359.00,2359.00,764.81,0.00,4066065955.50,6676918364.44,0.00,0.00,0.00,0.00,197449055,469572534,18299676,134882513
18446744068113.01,3134981.68,3206575.12,528523.39,71593.45,2543.78,2543.78,1558.70,0.00,4066065955.50,6676918364.44,0.00,0.00,0.00,0.00,197856191,469816605,18299676,134882513
18446744068115.00,3137296.75,3208890.20,530518.50,71593.45,2315.08,2315.08,1995.12,0.00,4066065955.50,6676918364.44,0.00,0.00,0.00,0.00,197003935,470351753,18299676,135792281
18446744068117.01,3139813.55,3211407.00,530739.82,71593.45,2516.79,2516.79,221.31,0.00,4066065955.50,6676918364.44,0.00,0.00,0.00,0.00,197032583,470967404,18299676,135792281
18446744068119.00,3142371.20,3213964.65,533271.24,71593.45,2557.66,2557.66,2531.42,0.00,4066065955.50,6676918364.44,0.00,0.00,0.00,0.00,197044855,471609892,18299676,135792281
18446744068121.01,3144737.58,3216331.03,534188.77,71593.45,2366.38,2366.38,917.53,0.00,4066065955.50,6676918364.44,0.00,0.00,0.00,0.00,196137323,472183629,18299676,136731869
18446744068123.01,3147147.89,3219291.09,534188.77,72143.20,2410.31,2960.06,0.00,549.75,4066065955.50,6676918364.44,0.00,0.00,0.00,0.00,196207807,472730185,18440412,136731869
18446744068125.00,3149690.42,3221833.62,534188.77,72143.20,2542.53,2542.53,0.00,0.00,4066065955.50,6676918364.44,0.00,0.00,0.00,0.00,196272707,473316172,18440412,136731869
18446744068127.01,3152166.78,3224641.98,534188.77,72475.20,2476.36,2808.36,0.00,332.00,4066065955.50,6676918364.44,0.00,0.00,0.00,0.00,196309003,473913824,18440412,136731869
18446744068129.00,3154654.93,3227338.74,534188.77,72683.81,2488.15,2696.76,0.00,208.61,4066065955.50,6676918364.44,0.00,0.00,0.00,0.00,196364339,474495454,18578808,136731869
18446744068131.01,3157203.50,3229887.31,534188.77,72683.81,2548.57,2548.57,0.00,0.00,4066065955.50,6676918364.44,0.00,0.00,0.00,0.00,196397115,475115113,18578808,136731869
18446744068133.00,3159681.27,3232967.45,534188.77,73286.18,2477.76,3080.14,0.00,602.38,4066065955.50,6676918364.44,0.00,0.00,0.00,0.00,196486263,475660272,18733016,136731869
18446744068135.01,3162243.51,3235529.70,534188.77,73286.18,2562.25,2562.25,0.00,0.00,4066065955.50,6676918364.44,0.00,0.00,0.00,0.00,196552083,476250387,18733016,136731869
18446744068137.00,3164618.16,3238446.00,534188.77,73827.84,2374.65,2916.30,0.00,541.66,4066065955.50,6676918364.44,0.00,0.00,0.00,0.00,196611099,476799281,18871680,136731869
18446744068139.01,3167161.05,3240988.89,534188.77,73827.84,2542.89,2542.89,0.00,0.00,4066065955.50,6676918364.44,0.00,0.00,0.00,0.00,196629971,477431390,18871680,136731869
18446744068141.01,3169674.95,3243502.79,534188.77,73827.84,2513.89,2513.89,0.00,0.00,4066065955.50,6676918364.44,0.00,0.00,0.00,0.00,196695003,478009915,18871680,136731869
18446744068143.00,3171875.04,3246757.09,534188.77,74882.05,2200.09,3254.30,0.00,1054.21,4066065955.50,6676918364.44,0.00,0.00,0.00,0.00,196757689,478510453,19141558,136731869
18446744068145.01,3174379.76,3249261.81,534188.77,74882.05,2504.71,2504.71,0.00,0.00,4066065955.50,6676918364.44,0.00,0.00,0.00,0.00,196776043,479133306,19141558,136731869
18446744068147.00,3176778.50,3252090.55,534188.77,75312.05,2398.74,2828.74,0.00,430.00,4066065955.50,6676918364.44,0.00,0.00,0.00,0.00,196816131,479707296,19141558,136731869
18446744068149.01,3179241.83,3254849.75,534188.77,75607.92,2463.33,2759.20,0.00,295.87,4066065955.50,6676918364.44,0.00,0.00,0.00,0.00,196829123,480324917,19327381,136731869
18446744068151.00,3181793.77,3257401.69,534188.77,75607.92,2551.93,2551.93,0.00,0.00,4066065955.50,6676918364.44,0.00,0.00,0.00,0.00,196877851,480929484,19327381,136731869
18446744068153.01,3184198.11,3260436.25,534188.77,76238.14,2404.34,3034.56,0.00,630.22,4066065955.50,6676918364.44,0.00,0.00,0.00,0.00,196969921,481452925,19488717,136731869
18446744068155.01,3186734.55,3262972.69,534188.77,76238.14,2536.45,2536.45,0.00,0.00,4066065955.50,6676918364.44,0.00,0.00,0.00,0.00,197059184,482012992,19488717,136731869
18446744068157.00,3189150.73,3265934.87,534188.77,76784.14,2416.18,2962.18,0.00,546.00,4066065955.50,6676918364.44,0.00,0.00,0.00,0.00,197096836,482593881,19488717,136731869
18446744068159.01,3191606.77,3268654.99,534188.77,77048.22,2456.04,2720.12,0.00,264.08,4066065955.50,6676918364.44,0.00,0.00,0.00,0.00,197218989,483100475,19696097,136731869
18446744068161.00,3194134.23,3271182.45,534188.77,77048.22,2527.46,2527.46,0.00,0.00,4066065955.50,6676918364.44,0.00,0.00,0.00,0.00,197373119,483593376,19696097,136731869
18446744068163.01,3196642.69,3273690.91,535907.09,77048.22,2508.45,2508.45,1718.32,0.00,4066065955.50,6676918364.44,0.00,0.00,0.00,0.00,197624347,483984312,19696097,136731869
18446744068165.00,3198989.82,3276038.04,537547.23,77048.22,2347.14,2347.14,1640.14,0.00,4066065955.50,6676918364.44,0.00,0.00,0.00,0.00,196985340,484364420,19696097,137591635
18446744068167.01,3201482.77,3278530.99,537969.72,77048.22,2492.95,2492.95,422.49,0.00,4066065955.50,6676918364.44,0.00,0.00,0.00,0.00,197104325,484883630,19696097,137591635
18446744068169.01,3203898.55,3280946.77,540301.48,77048.22,2415.78,2415.78,2331.76,0.00,4066065955.50,6676918364.44,0.00,0.00,0.00,0.00,196585045,485316262,19696097,138296723
18446744068171.01,3206448.53,3283496.75,540301.48,77048.22,2549.98,2549.98,0.00,0.00,4066065955.50,6676918364.44,0.00,0.00,0.00,0.00,196969729,485584372,19696097,138296723
18446744068173.01,3208972.46,3286020.68,541978.73,77048.22,2523.93,2523.93,1677.25,0.00,4066065955.50,6676918364.44,0.00,0.00,0.00,0.00,197124621,486075607,19696097,138296723
18446744068175.00,3211399.61,3288447.82,543245.52,77048.22,2427.14,2427.14,1266.79,0.00,4066065955.50,6676918364.44,0.00,0.00,0.00,0.00,196804948,486262954,19696097,139050397
18446744068177.01,3213901.39,3290949.61,543837.55,77048.22,2501.79,2501.79,592.03,0.00,4066065955.50,6676918364.44,0.00,0.00,0.00,0.00,197398508,486309852,19696097,139050397
18446744068179.00,3216463.95,3293512.17,546394.39,77048.22,2562.56,2562.56,2556.84,0.00,4066065955.50,6676918364.44,0.00,0.00,0.00,0.00,197770787,486593588,19696097,139050397
18446744068181.06,3218835.97,3295884.19,548811.30,77048.22,2372.02,2372.02,2416.91,0.00,4066065955.50,6676918364.44,0.00,0.00,0.00,0.00,196560057,486986714,19696097,140475237
18446744068183.06,3221389.89,3298438.11,550776.64,77048.22,2553.92,2553.92,1965.34,0.00,4066065955.50,6676918364.44,0.00,0.00,0.00,0.00,196837179,487363395,19696097,140475237
18446744068185.06,3223747.42,3300795.64,552878.46,77048.22,2357.53,2357.53,2101.82,0.00,4066065955.50,6676918364.44,0.00,0.00,0.00,0.00,196232720,487530444,19696097,141516175
18446744068187.06,3226295.89,3303344.11,553519.97,77048.22,2548.47,2548.47,641.50,0.00,4066065955.50,6676918364.44,0.00,0.00,0.00,0.00,196617313,487798260,19696097,141516175
18446744068189.06,3228804.87,3305853.09,555027.86,77048.22,2508.98,2508.98,1507.89,0.00,4066065955.50,6676918364.44,0.00,0.00,0.00,0.00,196463542,488044084,19696097,142066420
18446744068191.06,3231375.75,3308423.97,555027.86,77048.22,2570.89,2570.89,0.00,0.00,4066065955.50,6676918364.44,0.00,0.00,0.00,0.00,196625647,488540126,19696097,142066420
18446744068193.06,3233968.02,3311016.24,557276.79,77048.22,2592.27,2592.27,2248.93,0.00,4066065955.50,6676918364.44,0.00,0.00,0.00,0.00,196819988,489009406,19696097,142066420
18446744068195.06,3236608.94,3313657.16,559932.21,77048.22,2640.92,2640.92,2655.43,0.00,4066065955.50,6676918364.44,0.00,0.00,0.00,0.00,197048057,489457412,19696097,142066420
18446744068197.06,3238839.56,3315887.78,561707.57,77048.22,2230.62,2230.62,1775.36,0.00,4066065955.50,6676918364.44,0.00,0.00,0.00,0.00,195882249,489727440,19696097,143533239
18446744068199.06,3241453.30,3318501.52,564344.48,77048.22,2613.73,2613.73,2636.91,0.00,4066065955.50,6676918364.44,0.00,0.00,0.00,0.00,196145889,490132916,19696097,143533239
18446744068201.06,3243700.86,3320749.07,566360.71,77048.22,2247.56,2247.56,2016.23,0.00,4066065955.50,6676918364.44,0.00,0.00,0.00,0.00,194889280,490536332,19696097,144961807
18446744068203.06,3246174.97,3323594.32,566360.71,77419.35,2474.12,2845.25,0.00,371.13,4066065955.50,6676918364.44,0.00,0.00,0.00,0.00,195254169,490804817,19791107,144961807
18446744068205.06,3248813.26,3326232.61,566360.71,77419.35,2638.29,2638.29,0.00,0.00,4066065955.50,6676918364.44,0.00,0.00,0.00,0.00,195432228,491302160,19791107,144961807
18446744068207.06,3251316.96,3329253.06,566360.71,77936.10,2503.70,3020.45,0.00,516.75,4066065955.50,6676918364.44,0.00,0.00,0.00,0.00,195697119,491678216,19923395,144961807
18446744068209.06,3253849.72,3331785.82,566360.71,77936.10,2532.76,2532.76,0.00,0.00,4066065955.50,6676918364.44,0.00,0.00,0.00,0.00,195979097,492044624,19923395,144961807
18446744068211.06,3256385.64,3334409.74,566360.71,78024.10,2535.92,2623.92,0.00,88.00,4066065955.50,6676918364.44,0.00,0.00,0.00,0.00,196172985,492499932,19923395,144961807
18446744068213.06,3258750.67,3337557.04,566360.71,78806.37,2365.03,3147.30,0.00,782.27,4066065955.50,6676918364.44,0.00,0.00,0.00,0.00,196420483,492857882,20146183,144961807
18446744068215.06,3261271.41,3340077.78,566360.71,78806.37,2520.74,2520.74,0.00,0.00,4066065955.50,6676918364.44,0.00,0.00,0.00,0.00,196646025,493277649,20146183,144961807
18446744068217.06,3263485.50,3343528.98,566360.71,80043.48,2214.09,3451.20,0.00,1237.11,4066065955.50,6676918364.44,0.00,0.00,0.00,0.00,196858985,493631496,20383516,144961807
18446744068219.06,3265872.49,3346415.42,566360.71,80542.93,2386.99,2886.44,0.00,499.45,4066065955.50,6676918364.44,0.00,0.00,0.00,0.00,197066273,494035277,20590736,144961807
18446744068221.06,3268424.23,3348967.16,566360.71,80542.93,2551.74,2551.74,0.00,0.00,4066065955.50,6676918364.44,0.00,0.00,0.00,0.00,197641980,494112816,20590736,144961807
18446744068223.06,3270662.30,3352106.01,566360.71,81443.71,2238.07,3138.84,0.00,900.77,4066065955.50,6676918364.44,0.00,0.00,0.00,0.00,198175574,494152168,20821334,144961807
18446744068225.06,3273213.10,3354656.80,566360.71,81443.71,2550.80,2550.80,0.00,0.00,4066065955.50,6676918364.44,0.00,0.00,0.00,0.00,198683366,494297380,20821334,144961807
18446744068227.06,3275500.47,3357938.18,566360.71,82437.71,2287.38,3281.38,0.00,994.00,4066065955.50,6676918364.44,0.00,0.00,0.00,0.00,199156546,494409768,20821334,144961807
18446744068229.06,3278046.87,3360706.80,566360.71,82659.93,2546.40,2768.62,0.00,222.22,4066065955.50,6676918364.44,0.00,0.00,0.00,0.00,199574313,494643879,21132686,144961807
18446744068231.06,3280602.97,3363262.90,566360.71,82659.93,2556.10,2556.10,0.00,0.00,4066065955.50,6676918364.44,0.00,0.00,0.00,0.00,199683489,495189065,21132686,144961807
18446744068233.06,3282962.78,3366680.09,566360.71,83717.31,2359.81,3417.20,0.00,1057.39,4066065955.50,6676918364.44,0.00,0.00,0.00,0.00,199851833,495624832,21403377,144961807
18446744068235.06,3285507.88,3369225.19,566360.71,83717.31,2545.09,2545.09,0.00,0.00,4066065955.50,6676918364.44,0.00,0.00,0.00,0.00,200147297,495980912,21403377,144961807
18446744068237.06,3287793.76,3372495.07,566360.71,84701.31,2285.88,3269.88,0.00,984.00,4066065955.50,6676918364.44,0.00,0.00,0.00,0.00,200236097,496477298,21403377,144961807
18446744068239.06,3290321.12,3375149.29,566360.71,84828.16,2527.37,2654.21,0.00,126.85,4066065955.50,6676918364.44,0.00,0.00,0.00,0.00,200293267,497067134,21687754,144961807
18446744068241.06,3292873.58,3377701.74,566360.71,84828.16,2552.46,2552.46,0.00,0.00,4066065955.50,6676918364.44,0.00,0.00,0.00,0.00,200357081,497656749,21687754,144961807
18446744068243.06,3295409.95,3380238.11,568441.22,84828.16,2536.37,2536.37,2080.51,0.00,4066065955.50,6676918364.44,0.00,0.00,0.00,0.00,200411081,498252060,21687754,144961807
18446744068245.06,3297872.75,3382700.91,569183.67,84828.16,2462.79,2462.79,742.45,0.00,4066065955.50,6676918364.44,0.00,0.00,0.00,0.00,199743053,498827887,21687754,145684483
18446744068247.06,3300459.75,3385287.91,570151.51,84828.16,2587.01,2587.01,967.84,0.00,4066065955.50,6676918364.44,0.00,0.00,0.00,0.00,199806981,499426233,21687754,145684483
18446744068249.06,3302900.71,3387728.88,571471.06,84828.16,2440.96,2440.96,1319.55,0.00,4066065955.50,6676918364.44,0.00,0.00,0.00,0.00,199355056,499917479,21687754,146270048
18446744068251.06,3305504.07,3390332.23,571488.35,84828.16,2603.36,2603.36,17.29,0.00,4066065955.50,6676918364.44,0.00,0.00,0.00,0.00,199619804,500319190,21687754,146270048
18446744068253.06,3308123.25,3392951.41,573912.90,84828.16,2619.18,2619.18,2424.55,0.00,4066065955.50,6676918364.44,0.00,0.00,0.00,0.00,199725282,500884222,21687754,146270048
18446744068255.06,3310623.97,3395452.13,574376.84,84828.16,2500.72,2500.72,463.94,0.00,4066065955.50,6676918364.44,0.00,0.00,0.00,0.00,199338237,501167572,21687754,147013927
18446744068257.06,3313320.22,3398148.38,575708.78,84828.16,2696.25,2696.25,1331.94,0.00,4066065955.50,6676918364.44,0.00,0.00,0.00,0.00,199948381,501247668,21687754,147013927
18446744068259.06,3315911.44,3400739.60,576164.70,84828.16,2591.22,2591.22,455.92,0.00,4066065955.50,6676918364.44,0.00,0.00,0.00,0.00,199740333,501661377,21687754,147471619
18446744068261.06,3318621.36,3403449.52,576899.34,84828.16,2709.92,2709.92,734.64,0.00,4066065955.50,6676918364.44,0.00,0.00,0.00,0.00,199983491,502111958,21687754,147471619
18446744068263.06,3321205.69,3406033.85,578532.61,84828.16,2584.33,2584.33,1633.27,0.00,4066065955.50,6676918364.44,0.00,0.00,0.00,0.00,199703473,502447380,21687754,148077803
18446744068265.06,3323948.58,3408776.74,578574.61,84828.16,2742.89,2742.89,42.00,0.00,4066065955.50,6676918364.44,0.00,0.00,0.00,0.00,199940225,502912809,21687754,148077803
18446744068267.06,3326697.69,3411525.85,581070.74,84828.16,2749.11,2749.11,2496.13,0.00,4066065955.50,6676918364.44,0.00,0.00,0.00,0.00,200006525,503550280,21687754,148077803
18446744068269.06,3329182.82,3414010.98,582767.34,84828.16,2485.13,2485.13,1696.60,0.00,4066065955.50,6676918364.44,0.00,0.00,0.00,0.00,199238370,503870544,21687754,149161887
18446744068271.06,3331925.83,3416753.99,584219.40,84828.16,2743.02,2743.02,1452.06,0.00,4066065955.50,6676918364.44,0.00,0.00,0.00,0.00,199331777,504479349,21687754,149161887
18446744068273.06,3334590.33,3419418.49,584696.78,84828.16,2664.50,2664.50,477.38,0.00,4066065955.50,6676918364.44,0.00,0.00,0.00,0.00,199070046,504929254,21687754,149655824
18446744068275.06,3337333.10,3422161.26,585581.78,84828.16,2742.77,2742.77,885.00,0.00,4066065955.50,6676918364.44,0.00,0.00,0.00,0.00,199339017,505362432,21687754,149655824
18446744068277.06,3339874.82,3424702.98,586600.43,84828.16,2541.73,2541.73,1018.66,0.00,4066065955.50,6676918364.44,0.00,0.00,0.00,0.00,199275340,505589456,21687754,150143159
18446744068279.06,3342435.63,3427263.79,586685.12,84828.16,2560.80,2560.80,84.69,0.00,4066065955.50,6676918364.44,0.00,0.00,0.00,0.00,199888674,505631688,21687754,150143159
18446744068281.06,3344836.93,3429665.09,588747.68,84828.16,2401.30,2401.30,2062.56,0.00,4066065955.50,6676918364.44,0.00,0.00,0.00,0.00,199815080,505770320,21687754,150692855
18446744068283.06,3347349.49,3432177.65,588747.68,84828.16,2512.55,2512.55,0.00,0.00,4066065955.50,6676918364.44,0.00,0.00,0.00,0.00,200007401,506221213,21687754,150692855
18446744068285.06,3349848.96,3434677.12,590092.39,84828.16,2499.47,2499.47,1344.70,0.00,4066065955.50,6676918364.44,0.00,0.00,0.00,0.00,200286405,506582074,21687754,150692855
18446744068287.06,3352183.43,3437011.59,592130.42,84828.16,2334.47,2334.47,2038.03,0.00,4066065955.50,6676918364.44,0.00,0.00,0.00,0.00,199690597,506909526,21687754,151558835
18446744068289.06,3354683.47,3439511.63,592188.40,84828.16,2500.04,2500.04,57.98,0.00,4066065955.50,6676918364.44,0.00,0.00,0.00,0.00,199942166,507297968,21687754,151558835
18446744068291.06,3357168.22,3441996.38,594807.46,84828.16,2484.75,2484.75,2619.05,0.00,4066065955.50,6676918364.44,0.00,0.00,0.00,0.00,200268933,507607297,21687754,151558835
18446744068293.06,3359393.66,3444221.82,596186.57,84828.16,2225.44,2225.44,1379.12,0.00,4066065955.50,6676918364.44,0.00,0.00,0.00,0.00,199562669,507844897,21687754,152597211
18446744068295.06,3361835.61,3446663.77,596889.22,84828.16,2441.95,2441.95,702.64,0.00,4066065955.50,6676918364.44,0.00,0.00,0.00,0.00,199625393,508227436,21687754,152777088
18446744068297.06,3364351.98,3449180.14,596889.22,84828.16,2516.36,2516.36,0.00,0.00,4066065955.50,6676918364.44,0.00,0.00,0.00,0.00,200234614,508262404,21687754,152777088
18446744068299.06,3366873.14,3451701.30,596889.22,84828.16,2521.17,2521.17,0.00,0.00,4066065955.50,6676918364.44,0.00,0.00,0.00,0.00,200800977,508341460,21687754,152777088
18446744068301.06,3369367.31,3454195.47,597908.75,84828.16,2494.16,2494.16,1019.53,0.00,4066065955.50,6676918364.44,0.00,0.00,0.00,0.00,200815136,508704807,21687754,153038088
18446744068303.06,3371882.17,3456710.33,597908.75,84828.16,2514.86,2514.86,0.00,0.00,4066065955.50,6676918364.44,0.00,0.00,0.00,0.00,201035008,509128739,21687754,153038088
18446744068305.06,3374360.83,3459188.99,598751.62,84828.16,2478.66,2478.66,842.88,0.00,4066065955.50,6676918364.44,0.00,0.00,0.00,0.00,201353001,509229508,21687754,153253864
18446744068307.06,3376908.43,3461736.59,598751.62,84828.16,2547.60,2547.60,0.00,0.00,4066065955.50,6676918364.44,0.00,0.00,0.00,0.00,201980330,509254364,21687754,153253864
18446744068309.06,3379465.09,3464293.25,598979.27,84828.16,2556.66,2556.66,227.65,0.00,4066065955.50,6676918364.44,0.00,0.00,0.00,0.00,202583248,509305951,21687754,153253864
18446744068311.06,3382034.97,3466863.13,601584.73,84828.16,2569.88,2569.88,2605.46,0.00,4066065955.50,6676918364.44,0.00,0.00,0.00,0.00,203134540,509412548,21687754,153253864
18446744068313.06,3384291.17,3469119.33,602903.67,84828.16,2256.20,2256.20,1318.94,0.00,4066065955.50,6676918364.44,0.00,0.00,0.00,0.00,202380068,509681683,21687754,154316788
18446744068315.06,3386776.03,3471604.19,604433.58,84828.16,2484.86,2484.86,1529.91,0.00,4066065955.50,6676918364.44,0.00,0.00,0.00,0.00,202504052,510193824,21687754,154316788
18446744068317.06,3389252.19,3474080.35,607085.45,84828.16,2476.16,2476.16,2651.88,0.00,4066065955.50,6676918364.44,0.00,0.00,0.00,0.00,202532244,510799529,21687754,154316788
18446744068319.06,3391333.68,3476161.84,608879.19,84828.16,2081.49,2081.49,1793.73,0.00,4066065955.50,6676918364.44,0.00,0.00,0.00,0.00,201041923,511292980,21687754,155846520
18446744068321.06,3393805.29,3478883.79,608879.19,85078.50,2471.60,2721.95,0.00,250.34,4066065955.50,6676918364.44,0.00,0.00,0.00,0.00,201639129,511328504,21751842,155846520
18446744068323.06,3396315.02,3481393.52,608879.19,85078.50,2509.73,2509.73,0.00,0.00,4066065955.50,6676918364.44,0.00,0.00,0.00,0.00,201791236,511818888,21751842,155846520
18446744068325.06,3398725.53,3484378.18,608879.19,85652.65,2410.52,2984.66,0.00,574.15,4066065955.50,6676918364.44,0.00,0.00,0.00,0.00,201965016,512262200,21898824,155846520
18446744068327.06,3401261.68,3486914.34,608879.19,85652.65,2536.15,2536.15,0.00,0.00,4066065955.50,6676918364.44,0.00,0.00,0.00,0.00,202146968,512729503,21898824,155846520
18446744068329.06,3403776.08,3489428.73,608879.19,85652.65,2514.40,2514.40,0.00,0.00,4066065955.50,6676918364.44,0.00,0.00,0.00,0.00,202352917,513167240,21898824,155846520
18446744068331.06,3405819.83,3493757.44,608879.19,87937.61,2043.75,4328.71,0.00,2284.96,4066065955.50,6676918364.44,0.00,0.00,0.00,0.00,202469977,513573380,22168893,155846520
18446744068333.06,3408324.82,3496323.16,608879.19,87998.34,2504.98,2565.72,0.00,60.73,4066065955.50,6676918364.44,0.00,0.00,0.00,0.00,202627826,514056807,22499321,155846520
18446744068335.06,3410707.16,3499691.50,608879.19,88984.34,2382.34,3368.34,0.00,986.00,4066065955.50,6676918364.44,0.00,0.00,0.00,0.00,202777842,514516671,22499321,155846520
18446744068337.06,3413219.30,3502509.16,608879.19,89289.87,2512.14,2817.66,0.00,305.52,4066065955.50,6676918364.44,0.00,0.00,0.00,0.00,203016600,514921020,22829951,155846520
18446744068339.06,3415749.98,3505039.84,608879.19,89289.87,2530.68,2530.68,0.00,0.00,4066065955.50,6676918364.44,0.00,0.00,0.00,0.00,203579638,515005836,22829951,155846520
18446744068341.06,3418028.10,3508683.30,608879.19,90655.20,2278.12,3643.45,0.00,1365.33,4066065955.50,6676918364.44,0.00,0.00,0.00,0.00,204140625,515028048,23179476,155846520
18446744068343.06,3420544.35,3511199.55,608879.19,90655.20,2516.25,2516.25,0.00,0.00,4066065955.50,6676918364.44,0.00,0.00,0.00,0.00,204636010,515176824,23179476,155846520
18446744068345.06,3422904.09,3514373.29,608879.19,91469.20,2359.74,3173.74,0.00,814.00,4066065955.50,6676918364.44,0.00,0.00,0.00,0.00,204716190,515700738,23179476,155846520
18446744068347.06,3425360.22,3517287.08,608879.19,91926.86,2456.12,2913.79,0.00,457.66,4066065955.50,6676918364.44,0.00,0.00,0.00,0.00,204882492,516163204,23505021,155846520
18446744068349.06,3427872.38,3519799.24,608879.19,91926.86,2512.16,2512.16,0.00,0.00,4066065955.50,6676918364.44,0.00,0.00,0.00,0.00,204901236,516787573,23505021,155846520
18446744068351.06,3429926.59,3523720.37,608879.19,93793.78,2054.21,3921.13,0.00,1866.92,4066065955.50,6676918364.44,0.00,0.00,0.00,0.00,205017824,517196862,23816041,155846520
18446744068353.06,3432278.17,3526768.63,608879.19,94490.46,2351.59,3048.27,0.00,696.68,4066065955.50,6676918364.44,0.00,0.00,0.00,0.00,205171904,517644788,24161303,155846520
18446744068355.06,3434752.97,3529567.43,608879.19,94814.46,2474.80,2798.80,0.00,324.00,4066065955.50,6676918364.44,0.00,0.00,0.00,0.00,205478797,517971444,24161303,155846520
18446744068357.06,3437118.86,3532866.38,608879.19,95747.52,2365.88,3298.95,0.00,933.06,4066065955.50,6676918364.44,0.00,0.00,0.00,0.00,206011720,518044187,24483111,155846520
18446744068359.06,3439607.76,3535355.29,608879.19,95747.52,2488.91,2488.91,0.00,0.00,4066065955.50,6676918364.44,0.00,0.00,0.00,0.00,206055912,518637155,24483111,155846520
18446744068361.06,3442119.98,3537867.50,610426.28,95747.52,2512.22,2512.22,1547.09,0.00,4066065955.50,6676918364.44,0.00,0.00,0.00,0.00,206309875,519026320,24483111,155846520
18446744068363.06,3444681.64,3540429.17,613027.66,95747.52,2561.66,2561.66,2601.38,0.00,4066065955.50,6676918364.44,0.00,0.00,0.00,0.00,206429512,519562469,24483111,155846520
18446744068365.06,3446817.09,3542564.61,614903.00,95747.52,2135.45,2135.45,1875.34,0.00,4066065955.50,6676918364.44,0.00,0.00,0.00,0.00,205021888,519982351,24483111,157380936
18446744068367.06,3449309.22,3545056.75,617378.02,95747.52,2492.13,2492.13,2475.02,0.00,4066065955.50,6676918364.44,0.00,0.00,0.00,0.00,205086326,520555899,24483111,157380936
18446744068369.06,3451585.32,3547332.84,619054.52,95747.52,2276.09,2276.09,1676.49,0.00,4066065955.50,6676918364.44,0.00,0.00,0.00,0.00,204102154,521052299,24483111,158451388
18446744068371.06,3454080.75,3549828.28,620266.48,95747.52,2495.44,2495.44,1211.97,0.00,4066065955.50,6676918364.44,0.00,0.00,0.00,0.00,204244571,521548714,24483111,158451388
18446744068373.06,3456629.25,3552376.78,622911.30,95747.52,2548.50,2548.50,2644.81,0.00,4066065955.50,6676918364.44,0.00,0.00,0.00,0.00,204466111,521979590,24483111,158451388
18446744068375.06,3458843.73,3554591.25,624115.75,95747.52,2214.47,2214.47,1204.45,0.00,4066065955.50,6676918364.44,0.00,0.00,0.00,0.00,203612022,522104908,24483111,159747064
18446744068377.06,3461242.46,3556989.98,625867.29,95747.52,2398.73,2398.73,1751.54,0.00,4066065955.50,6676918364.44,0.00,0.00,0.00,0.00,203530374,522352238,24483111,160195458
18446744068379.06,3463777.21,3559524.74,625867.29,95747.52,2534.75,2534.75,0.00,0.00,4066065955.50,6676918364.44,0.00,0.00,0.00,0.00,203807525,522723984,24483111,160195458
18446744068381.06,3466262.70,3562010.23,626574.72,95747.52,2485.49,2485.49,707.43,0.00,4066065955.50,6676918364.44,0.00,0.00,0.00,0.00,203713949,523272742,24483111,160376561
18446744068383.06,3468839.39,3564586.91,626574.72,95747.52,2576.69,2576.69,0.00,0.00,4066065955.50,6676918364.44,0.00,0.00,0.00,0.00,203898151,523748172,24483111,160376561
18446744068385.06,3471407.02,3567154.54,626617.48,95747.52,2567.62,2567.62,42.76,0.00,4066065955.50,6676918364.44,0.00,0.00,0.00,0.00,204253479,524050156,24483111,160376561
18446744068387.06,3473975.71,3569723.23,629148.04,95747.52,2568.70,2568.70,2530.55,0.00,4066065955.50,6676918364.44,0.00,0.00,0.00,0.00,204719039,524242182,24483111,160376561
18446744068389.06,3476414.45,3572161.97,629152.34,95747.52,2438.73,2438.73,4.30,0.00,4066065955.50,6676918364.44,0.00,0.00,0.00,0.00,204379150,524546516,24483111,161036432
18446744068391.06,3478987.04,3574734.56,630639.31,95747.52,2572.59,2572.59,1486.97,0.00,4066065955.50,6676918364.44,0.00,0.00,0.00,0.00,204508296,525075954,24483111,161036432
18446744068393.16,3481456.02,3577203.55,632940.86,95747.52,2468.98,2468.98,2301.54,0.00,4066065955.50,6676918364.44,0.00,0.00,0.00,0.00,203878541,525367910,24483111,162006291
18446744068395.16,3484059.33,3579806.86,633340.16,95747.52,2603.31,2603.31,399.30,0.00,4066065955.50,6676918364.44,0.00,0.00,0.00,0.00,204173790,525739108,24483111,162006291
18446744068397.16,3486498.07,3582245.59,634925.14,95747.52,2438.73,2438.73,1584.98,0.00,4066065955.50,6676918364.44,0.00,0.00,0.00,0.00,203886153,526143084,24483111,162514268
18446744068399.16,3489077.94,3584825.46,634925.14,95747.52,2579.88,2579.88,0.00,0.00,4066065955.50,6676918364.44,0.00,0.00,0.00,0.00,204093156,526596529,24483111,162514268
18446744068401.16,3491691.85,3587439.37,636416.17,95747.52,2613.91,2613.91,1491.03,0.00,4066065955.50,6676918364.44,0.00,0.00,0.00,0.00,204550825,526808020,24483111,162514268
18446744068403.16,3494208.35,3589955.88,637024.27,95747.52,2516.50,2516.50,608.10,0.00,4066065955.50,6676918364.44,0.00,0.00,0.00,0.00,204308926,527156766,24483111,163051646
18446744068405.16,3496842.50,3592590.02,637914.31,95747.52,2634.14,2634.14,890.04,0.00,4066065955.50,6676918364.44,0.00,0.00,0.00,0.00,204570220,527569813,24483111,163051646
18446744068407.16,3499542.90,3595290.42,640570.22,95747.52,2700.40,2700.40,2655.91,0.00,4066065955.50,6676918364.44,0.00,0.00,0.00,0.00,204987580,527843756,24483111,163051646
18446744068409.16,3502079.71,3597827.24,641373.91,95747.52,2536.82,2536.82,803.69,0.00,4066065955.50,6676918364.44,0.00,0.00,0.00,0.00,204046217,528321052,24483111,164165138
18446744068411.16,3504786.22,3600533.74,643397.55,95747.52,2706.50,2706.50,2023.63,0.00,4066065955.50,6676918364.44,0.00,0.00,0.00,0.00,204282698,528777436,24483111,164165138
18446744068413.16,3507368.24,3603115.76,643663.30,95747.52,2582.02,2582.02,265.76,0.00,4066065955.50,6676918364.44,0.00,0.00,0.00,0.00,204124715,529010332,24483111,164751222
18446744068415.16,3510018.27,3605765.80,644734.30,95747.52,2650.04,2650.04,1071.00,0.00,4066065955.50,6676918364.44,0.00,0.00,0.00,0.00,204088823,529450465,24483111,165025390
18446744068417.16,3512772.68,3608520.21,644734.30,95747.52,2754.41,2754.41,0.00,0.00,4066065955.50,6676918364.44,0.00,0.00,0.00,0.00,204475253,529769164,24483111,165025390
18446744068419.16,3515499.64,3611247.16,645535.48,95747.52,2726.95,2726.95,801.17,0.00,4066065955.50,6676918364.44,0.00,0.00,0.00,0.00,205082157,529860360,24483111,165025390
18446744068421.16,3518078.65,3613826.18,646200.55,95747.52,2579.02,2579.02,665.08,0.00,4066065955.50,6676918364.44,0.00,0.00,0.00,0.00,204920701,530306684,24483111,165400750
18446744068423.16,3520728.93,3616476.45,646321.83,95747.52,2650.28,2650.28,121.28,0.00,4066065955.50,6676918364.44,0.00,0.00,0.00,0.00,205360748,530545108,24483111,165400750
18446744068425.16,3523476.82,3619224.35,648641.88,95747.52,2747.89,2747.89,2320.05,0.00,4066065955.50,6676918364.44,0.00,0.00,0.00,0.00,205978009,530631308,24483111,165400750
18446744068427.16,3525991.98,3621739.50,649039.22,95747.52,2515.15,2515.15,397.34,0.00,4066065955.50,6676918364.44,0.00,0.00,0.00,0.00,205629080,530897418,24483111,166127448
18446744068429.16,3528642.38,3624389.90,650548.92,95747.52,2650.40,2650.40,1509.70,0.00,4066065955.50,6676918364.44,0.00,0.00,0.00,0.00,205841068,531363933,24483111,166127448
18446744068431.16,3531193.29,3626940.81,652198.31,95747.52,2550.91,2550.91,1649.39,0.00,4066065955.50,6676918364.44,0.00,0.00,0.00,0.00,205283146,531766160,24483111,166936176
18446744068433.16,3533961.74,3629709.27,653213.06,95747.52,2768.45,2768.45,1014.75,0.00,4066065955.50,6676918364.44,0.00,0.00,0.00,0.00,205714918,532043112,24483111,166936176
18446744068435.16,3536685.93,3632433.46,655874.25,95747.52,2724.19,2724.19,2661.19,0.00,4066065955.50,6676918364.44,0.00,0.00,0.00,0.00,206381143,532074280,24483111,166936176
18446744068437.16,3539074.64,3634840.45,656313.31,95765.80,2388.71,2406.99,439.06,18.28,4066065955.50,6676918364.44,0.00,0.00,0.00,0.00,205412512,532600980,24487791,167989616
18446744068439.16,3541691.09,3637456.89,656313.31,95765.80,2616.45,2616.45,0.00,0.00,4066065955.50,6676918364.44,0.00,0.00,0.00,0.00,205725628,532957675,24487791,167989616
18446744068441.16,3544265.92,3640031.73,656313.31,95765.80,2574.83,2574.83,0.00,0.00,4066065955.50,6676918364.44,0.00,0.00,0.00,0.00,205886904,533455556,24487791,167989616
18446744068443.16,3546768.97,3642803.24,656313.31,96034.27,2503.05,2771.52,0.00,268.47,4066065955.50,6676918364.44,0.00,0.00,0.00,0.00,206331776,533651464,24556519,167989616
18446744068445.16,3549372.39,3645406.67,656313.31,96034.27,2603.43,2603.43,0.00,0.00,4066065955.50,6676918364.44,0.00,0.00,0.00,0.00,206514665,534135052,24556519,167989616
18446744068447.16,3551923.51,3648545.34,656313.31,96621.84,2551.11,3138.68,0.00,587.56,4066065955.50,6676918364.44,0.00,0.00,0.00,0.00,206911430,534391372,24706935,167989616
18446744068449.16,3554446.48,3651068.32,656313.31,96621.84,2522.98,2522.98,0.00,0.00,4066065955.50,6676918364.44,0.00,0.00,0.00,0.00,207060806,534887878,24706935,167989616
18446744068451.16,3557016.46,3653638.29,656313.31,96621.84,2569.97,2569.97,0.00,0.00,4066065955.50,6676918364.44,0.00,0.00,0.00,0.00,207663385,534943212,24706935,167989616
18446744068453.16,3559501.24,3656554.73,656313.31,97053.49,2484.79,2916.44,0.00,431.66,4066065955.50,6676918364.44,0.00,0.00,0.00,0.00,208209486,535033216,24817439,167989616
18446744068455.16,3562034.64,3659088.13,656313.31,97053.49,2533.40,2533.40,0.00,0.00,4066065955.50,6676918364.44,0.00,0.00,0.00,0.00,208399836,535491416,24817439,167989616
18446744068457.16,3564377.25,3662464.74,656313.31,98087.49,2342.61,3376.61,0.00,1034.00,4066065955.50,6676918364.44,0.00,0.00,0.00,0.00,208602424,535888536,24817439,167989616
18446744068459.16,3566822.11,3665252.66,656313.31,98430.55,2444.86,2787.92,0.00,343.06,4066065955.50,6676918364.44,0.00,0.00,0.00,0.00,208875760,536241083,25169951,167989616
18446744068461.16,3569351.74,3667782.29,656313.31,98430.55,2529.63,2529.63,0.00,0.00,4066065955.50,6676918364.44,0.00,0.00,0.00,0.00,209241530,536522899,25169951,167989616
18446744068463.16,3571304.36,3671774.01,656313.31,100469.66,1952.62,3991.72,0.00,2039.10,4066065955.50,6676918364.44,0.00,0.00,0.00,0.00,209452019,536812280,25467569,167989616
18446744068465.16,3573679.92,3674659.70,656313.31,100979.78,2375.57,2885.69,0.00,510.12,4066065955.50,6676918364.44,0.00,0.00,0.00,0.00,209668408,537204036,25822417,167989616
18446744068467.16,3576124.40,3677464.18,656313.31,101339.78,2444.48,2804.48,0.00,360.00,4066065955.50,6676918364.44,0.00,0.00,0.00,0.00,209871440,537626790,25822417,167989616
18446744068469.16,3578182.35,3681615.84,656313.31,103433.50,2057.95,4151.66,0.00,2093.71,4066065955.50,6676918364.44,0.00,0.00,0.00,0.00,210161725,537863340,26450568,167989616
18446744068471.16,3580714.55,3684148.05,656313.31,103433.50,2532.20,2532.20,0.00,0.00,4066065955.50,6676918364.44,0.00,0.00,0.00,0.00,210375776,538297533,26450568,167989616
18446744068473.16,3583037.58,3687472.86,656313.31,104435.29,2323.03,3324.82,0.00,1001.79,4066065955.50,6676918364.44,0.00,0.00,0.00,0.00,210773552,538494452,26707026,167989616
18446744068475.16,3585590.51,3690025.80,656313.31,104435.29,2552.93,2552.93,0.00,0.00,4066065955.50,6676918364.44,0.00,0.00,0.00,0.00,211036210,538885345,26707026,167989616
18446744068477.16,3588094.66,3692529.94,656313.31,104435.29,2504.14,2504.14,0.00,0.00,4066065955.50,6676918364.44,0.00,0.00,0.00,0.00,211211280,539351336,26707026,167989616
18446744068479.16,3590501.30,3694936.59,658116.25,104435.29,2406.65,2406.65,1802.94,0.00,4066065955.50,6676918364.44,0.00,0.00,0.00,0.00,210924475,539799380,26707026,168444479
18446744068481.16,3593028.03,3697463.31,658116.25,104435.29,2526.72,2526.72,0.00,0.00,4066065955.50,6676918364.44,0.00,0.00,0.00,0.00,211160753,540209943,26707026,168444479
18446744068483.16,3595527.51,3699962.79,659160.05,104435.29,2499.48,2499.48,1043.80,0.00,4066065955.50,6676918364.44,0.00,0.00,0.00,0.00,211275920,540734643,26707026,168444479
18446744068485.16,3597920.71,3702355.99,660426.49,104435.29,2393.20,2393.20,1266.44,0.00,4066065955.50,6676918364.44,0.00,0.00,0.00,0.00,211167993,540863808,26707026,169035900
18446744068487.16,3600505.35,3704940.63,660528.84,104435.29,2584.64,2584.64,102.35,0.00,4066065955.50,6676918364.44,0.00,0.00,0.00,0.00,211753912,540939557,26707026,169035900
18446744068489.16,3602956.12,3707391.41,662369.29,104435.29,2450.77,2450.77,1840.46,0.00,4066065955.50,6676918364.44,0.00,0.00,0.00,0.00,211786085,541037424,26707026,169533258
18446744068491.16,3605525.61,3709960.90,662369.29,104435.29,2569.49,2569.49,0.00,0.00,4066065955.50,6676918364.44,0.00,0.00,0.00,0.00,211932667,541548632,26707026,169533258
18446744068493.16,3608066.74,3712502.02,663847.64,104435.29,2541.12,2541.12,1478.34,0.00,4066065955.50,6676918364.44,0.00,0.00,0.00,0.00,211989182,542142645,26707026,169533258
18446744068495.16,3610654.49,3715089.78,666474.01,104435.29,2587.75,2587.75,2626.38,0.00,4066065955.50,6676918364.44,0.00,0.00,0.00,0.00,212014990,542779302,26707026,169533258
18446744068497.16,3612982.00,3717417.29,667291.16,104435.29,2327.51,2327.51,817.15,0.00,4066065955.50,6676918364.44,0.00,0.00,0.00,0.00,210888618,543321009,26707026,170713766
18446744068499.16,3615449.66,3719884.95,668879.00,104435.29,2467.66,2467.66,1587.84,0.00,4066065955.50,6676918364.44,0.00,0.00,0.00,0.00,210540855,543814844,26707026,171199414
18446744068501.16,3618089.18,3722524.47,668879.00,104435.29,2639.52,2639.52,0.00,0.00,4066065955.50,6676918364.44,0.00,0.00,0.00,0.00,210804706,544226711,26707026,171199414
18446744068503.16,3620713.85,3725149.13,670384.54,104435.29,2624.66,2624.66,1505.55,0.00,4066065955.50,6676918364.44,0.00,0.00,0.00,0.00,211282331,544421000,26707026,171199414
18446744068505.16,3623190.93,3727626.22,671316.88,104435.29,2477.09,2477.09,932.34,0.00,4066065955.50,6676918364.44,0.00,0.00,0.00,0.00,210949352,544764015,26707026,171823512
18446744068507.16,3625818.76,3730254.04,672017.98,104435.29,2627.82,2627.82,701.10,0.00,4066065955.50,6676918364.44,0.00,0.00,0.00,0.00,211195358,545190732,26707026,171823512
18446744068509.16,3628302.60,3732737.88,673916.76,104435.29,2483.84,2483.84,1898.78,0.00,4066065955.50,6676918364.44,0.00,0.00,0.00,0.00,210811598,545544785,26707026,172489082
18446744068511.16,3631009.23,3735444.51,673916.76,104435.29,2706.63,2706.63,0.00,0.00,4066065955.50,6676918364.44,0.00,0.00,0.00,0.00,210881242,546168038,26707026,172489082
18446744068513.16,3633601.03,3738036.32,675258.68,104435.29,2591.80,2591.80,1341.91,0.00,4066065955.50,6676918364.44,0.00,0.00,0.00,0.00,210883776,546485476,26707026,172832612
18446744068515.16,3636174.35,3740609.63,675258.68,104435.29,2573.32,2573.32,0.00,0.00,4066065955.50,6676918364.44,0.00,0.00,0.00,0.00,211197237,546830784,26707026,172832612
18446744068517.16,3638741.62,3743176.90,676476.98,104435.29,2567.27,2567.27,1218.30,0.00,4066065955.50,6676918364.44,0.00,0.00,0.00,0.00,211822762,546862480,26707026,172832612
18446744068519.16,3641376.39,3745811.68,679141.17,104435.29,2634.77,2634.77,2664.19,0.00,4066065955.50,6676918364.44,0.00,0.00,0.00,0.00,212414608,546945136,26707026,172832612
18446744068521.16,3643695.40,3748130.69,679573.39,104435.29,2319.01,2319.01,432.22,0.00,4066065955.50,6676918364.44,0.00,0.00,0.00,0.00,211725874,547199596,26707026,173860553
18446744068523.16,3646187.56,3750622.85,681287.32,104435.29,2492.16,2492.16,1713.93,0.00,4066065955.50,6676918364.44,0.00,0.00,0.00,0.00,211275010,547773062,26707026,174375944
18446744068525.16,3648799.50,3753234.79,681287.32,104435.29,2611.94,2611.94,0.00,0.00,4066065955.50,6676918364.44,0.00,0.00,0.00,0.00,211387196,548329532,26707026,174375944
18446744068527.16,3651372.62,3755807.91,682002.47,104435.29,2573.12,2573.12,715.16,0.00,4066065955.50,6676918364.44,0.00,0.00,0.00,0.00,211244484,548947884,26707026,174559024
18446744068529.16,3654042.10,3758477.38,682002.47,104435.29,2669.47,2669.47,0.00,0.00,4066065955.50,6676918364.44,0.00,0.00,0.00,0.00,211275152,549600601,26707026,174559024
18446744068531.16,3656769.79,3761205.07,682602.32,104435.29,2727.69,2727.69,599.84,0.00,4066065955.50,6676918364.44,0.00,0.00,0.00,0.00,211410812,550163229,26707026,174559024
18446744068533.16,3659481.92,3763917.20,682822.76,104435.29,2712.13,2712.13,220.45,0.00,4066065955.50,6676918364.44,0.00,0.00,0.00,0.00,211311842,550746511,26707026,174769018
18446744068535.16,3662243.76,3766679.05,683226.38,104435.29,2761.84,2761.84,403.62,0.00,4066065955.50,6676918364.44,0.00,0.00,0.00,0.00,211671971,551093414,26707026,174769018
18446744068537.16,3665058.80,3769494.08,685825.59,104435.29,2815.04,2815.04,2599.21,0.00,4066065955.50,6676918364.44,0.00,0.00,0.00,0.00,212322674,551163360,26707026,174769018
18446744068539.16,3667542.03,3771977.32,687637.03,104435.29,2483.23,2483.23,1811.44,0.00,4066065955.50,6676918364.44,0.00,0.00,0.00,0.00,211544326,551370064,26707026,175976370
18446744068541.16,3670366.37,3774801.65,689870.82,104435.29,2824.34,2824.34,2233.80,0.00,4066065955.50,6676918364.44,0.00,0.00,0.00,0.00,212031958,551605462,26707026,175976370
18446744068543.16,3672949.17,3777384.46,691810.98,104435.29,2582.80,2582.80,1940.16,0.00,4066065955.50,6676918364.44,0.00,0.00,0.00,0.00,211105280,552124806,26707026,177044902
18446744068545.16,3675652.26,3780087.54,692585.78,104435.29,2703.09,2703.09,774.80,0.00,4066065955.50,6676918364.44,0.00,0.00,0.00,0.00,211196828,552526916,26707026,177243234
18446744068547.16,3678273.38,3782708.66,692585.78,104435.29,2621.12,2621.12,0.00,0.00,4066065955.50,6676918364.44,0.00,0.00,0.00,0.00,211501624,552893126,26707026,177243234
18446744068549.16,3680900.33,3785335.62,692902.43,104435.29,2626.96,2626.96,316.65,0.00,4066065955.50,6676918364.44,0.00,0.00,0.00,0.00,211748121,553319130,26707026,177243234
18446744068551.16,3683586.06,3788021.35,693499.09,104435.29,2685.73,2685.73,596.66,0.00,4066065955.50,6676918364.44,0.00,0.00,0.00,0.00,211903708,553617282,26707026,177477042
18446744068553.16,3686357.14,3790792.43,693499.09,104435.29,2771.08,2771.08,0.00,0.00,4066065955.50,6676918364.44,0.00,0.00,0.00,0.00,212048123,554182264,26707026,177477042
18446744068555.16,3688874.17,3793481.14,693499.09,104606.97,2517.02,2688.71,0.00,171.69,4066065955.50,6676918364.44,0.00,0.00,0.00,0.00,212274480,554600265,26750978,177477042
18446744068557.16,3691413.20,3796020.18,693499.09,104606.97,2539.04,2539.04,0.00,0.00,4066065955.50,6676918364.44,0.00,0.00,0.00,0.00,212379756,555144982,26750978,177477042
18446744068559.16,3693854.40,3798952.70,693499.09,105098.30,2441.20,2932.53,0.00,491.33,4066065955.50,6676918364.44,0.00,0.00,0.00,0.00,212397252,555752433,26876758,177477042
18446744068561.16,3696388.86,3801487.16,693499.09,105098.30,2534.45,2534.45,0.00,0.00,4066065955.50,6676918364.44,0.00,0.00,0.00,0.00,212604480,556194025,26876758,177477042
18446744068563.16,3698906.82,3804275.12,693499.09,105368.30,2517.96,2787.96,0.00,270.00,4066065955.50,6676918364.44,0.00,0.00,0.00,0.00,212739540,556703563,26876758,177477042
18446744068565.16,3701294.76,3807404.53,693499.09,106109.77,2387.95,3129.41,0.00,741.47,4066065955.50,6676918364.44,0.00,0.00,0.00,0.00,212974345,557080072,27135694,177477042
18446744068567.16,3703833.04,3809942.81,693499.09,106109.77,2538.28,2538.28,0.00,0.00,4066065955.50,6676918364.44,0.00,0.00,0.00,0.00,213126684,557577533,27135694,177477042
18446744068569.16,3706230.63,3813182.32,693499.09,106951.69,2397.59,3239.51,0.00,841.92,4066065955.50,6676918364.44,0.00,0.00,0.00,0.00,213251950,558066049,27351226,177477042
18446744068571.16,3708772.62,3815724.31,693499.09,106951.69,2541.99,2541.99,0.00,0.00,4066065955.50,6676918364.44,0.00,0.00,0.00,0.00,213536108,558432641,27351226,177477042
18446744068573.16,3711246.34,3818532.03,693499.09,107285.69,2473.72,2807.72,0.00,334.00,4066065955.50,6676918364.44,0.00,0.00,0.00,0.00,213708622,558893399,27351226,177477042
18446744068575.16,3713304.86,3822504.32,693499.09,109199.46,2058.52,3972.29,0.00,1913.77,4066065955.50,6676918364.44,0.00,0.00,0.00,0.00,213815902,559313100,27926654,177477042
18446744068577.16,3715825.14,3825024.60,693499.09,109199.46,2520.29,2520.29,0.00,0.00,4066065955.50,6676918364.44,0.00,0.00,0.00,0.00,214014923,559759272,27926654,177477042
18446744068579.16,3718163.92,3828411.04,693499.09,110247.12,2338.77,3386.44,0.00,1047.66,4066065955.50,6676918364.44,0.00,0.00,0.00,0.00,214459683,559913238,28194856,177477042
18446744068581.16,3720713.32,3830960.44,693499.09,110247.12,2549.40,2549.40,0.00,0.00,4066065955.50,6676918364.44,0.00,0.00,0.00,0.00,214922932,560102635,28194856,177477042
18446744068583.16,3723252.70,3833499.82,693499.09,110247.12,2539.39,2539.39,0.00,0.00,4066065955.50,6676918364.44,0.00,0.00,0.00,0.00,215195132,560480518,28194856,177477042
18446744068585.16,3725581.19,3836958.92,693499.09,111377.73,2328.49,3459.10,0.00,1130.61,4066065955.50,6676918364.44,0.00,0.00,0.00,0.00,215434308,560837435,28484292,177477042
18446744068587.16,3728138.54,3839516.27,693499.09,111377.73,2557.34,2557.34,0.00,0.00,4066065955.50,6676918364.44,0.00,0.00,0.00,0.00,215999510,560926913,28484292,177477042
18446744068589.16,3730496.53,3842977.78,693499.09,112481.25,2357.99,3461.51,0.00,1103.52,4066065955.50,6676918364.44,0.00,0.00,0.00,0.00,216053828,561476241,28766793,177477042
18446744068591.16,3733043.75,3845525.00,693499.09,112481.25,2547.23,2547.23,0.00,0.00,4066065955.50,6676918364.44,0.00,0.00,0.00,0.00,216237087,561945072,28766793,177477042
18446744068593.16,3735631.32,3848112.57,693546.12,112481.25,2587.57,2587.57,47.03,0.00,4066065955.50,6676918364.44,0.00,0.00,0.00,0.00,216776106,562068470,28766793,177477042
18446744068595.16,3738125.12,3850606.37,694361.52,112481.25,2493.80,2493.80,815.40,0.00,4066065955.50,6676918364.44,0.00,0.00,0.00,0.00,217116566,562145640,28766793,177697824
18446744068597.16,3740630.07,3853111.32,694361.52,112481.25,2504.96,2504.96,0.00,0.00,4066065955.50,6676918364.44,0.00,0.00,0.00,0.00,217360333,562543142,28766793,177697824
18446744068599.16,3743116.68,3855597.93,695190.48,112481.25,2486.61,2486.61,828.96,0.00,4066065955.50,6676918364.44,0.00,0.00,0.00,0.00,217497816,562830016,28766793,177910038
18446744068601.16,3745662.36,3858143.61,695190.48,112481.25,2545.68,2545.68,0.00,0.00,4066065955.50,6676918364.44,0.00,0.00,0.00,0.00,217784889,563194638,28766793,177910038
18446744068603.16,3748179.72,3860660.97,695350.25,112481.25,2517.36,2517.36,159.77,0.00,4066065955.50,6676918364.44,0.00,0.00,0.00,0.00,217859880,563764091,28766793,177910038
18446744068605.16,3750662.89,3863144.14,695915.53,112481.25,2483.16,2483.16,565.28,0.00,4066065955.50,6676918364.44,0.00,0.00,0.00,0.00,217820875,564253174,28766793,178095650
18446744068607.16,3753241.18,3865722.43,695915.53,112481.25,2578.30,2578.30,0.00,0.00,4066065955.50,6676918364.44,0.00,0.00,0.00,0.00,218437775,564296318,28766793,178095650
18446744068609.16,3755757.41,3868238.66,697739.32,112481.25,2516.23,2516.23,1823.79,0.00,4066065955.50,6676918364.44,0.00,0.00,0.00,0.00,218552852,564825396,28766793,178095650
18446744068611.16,3758337.77,3870819.02,700380.81,112481.25,2580.36,2580.36,2641.49,0.00,4066065955.50,6676918364.44,0.00,0.00,0.00,0.00,218995051,565043768,28766793,178095650
18446744068613.16,3760601.48,3873082.73,701163.50,112481.25,2263.71,2263.71,782.69,0.00,4066065955.50,6676918364.44,0.00,0.00,0.00,0.00,218307351,565090298,28766793,179316329
18446744068615.16,3763301.83,3875783.08,703759.95,112481.25,2700.36,2700.36,2596.45,0.00,4066065955.50,6676918364.44,0.00,0.00,0.00,0.00,218896510,565192430,28766793,179316329
18446744068617.16,3765658.19,3878139.44,704168.27,112481.25,2356.36,2356.36,408.31,0.00,4066065955.50,6676918364.44,0.00,0.00,0.00,0.00,218336995,565471810,28766793,180199691
18446744068619.16,3768166.91,3880648.16,705573.52,112481.25,2508.72,2508.72,1405.25,0.00,4066065955.50,6676918364.44,0.00,0.00,0.00,0.00,218275143,565816150,28766793,180559435
18446744068621.16,3770723.95,3883205.20,705573.52,112481.25,2557.05,2557.05,0.00,0.00,4066065955.50,6676918364.44,0.00,0.00,0.00,0.00,218614827,566131070,28766793,180559435
18446744068623.16,3773284.51,3885765.76,706485.64,112481.25,2560.56,2560.56,912.12,0.00,4066065955.50,6676918364.44,0.00,0.00,0.00,0.00,218917098,566484302,28766793,180559435
18446744068625.16,3775709.00,3888190.25,708105.56,112481.25,2424.48,2424.48,1619.92,0.00,4066065955.50,6676918364.44,0.00,0.00,0.00,0.00,218663803,566710453,28766793,181207247
18446744068627.16,3778242.80,3890724.05,708105.56,112481.25,2533.80,2533.80,0.00,0.00,4066065955.50,6676918364.44,0.00,0.00,0.00,0.00,218980008,567042902,28766793,181207247
18446744068629.16,3780706.41,3893187.66,708950.81,112481.25,2463.61,2463.61,845.25,0.00,4066065955.50,6676918364.44,0.00,0.00,0.00,0.00,219168722,567268488,28766793,181423631
18446744068631.16,3783250.00,3895731.25,708950.81,112481.25,2543.59,2543.59,0.00,0.00,4066065955.50,6676918364.44,0.00,0.00,0.00,0.00,219312951,567775418,28766793,181423631
18446744068633.16,3785771.89,3898340.04,708950.81,112568.15,2521.89,2608.79,0.00,86.90,4066065955.50,6676918364.44,0.00,0.00,0.00,0.00,219848906,567885066,28789039,181423631
18446744068635.16,3788317.69,3900885.84,708950.81,112568.15,2545.80,2545.80,0.00,0.00,4066065955.50,6676918364.44,0.00,0.00,0.00,0.00,220397907,567987790,28789039,181423631
18446744068637.16,3790859.16,3903441.31,708950.81,112582.15,2541.47,2555.47,0.00,14.00,4066065955.50,6676918364.44,0.00,0.00,0.00,0.00,220839957,568196357,28789039,181423631
18446744068639.16,3793219.85,3906752.50,708950.81,113532.65,2360.69,3311.19,0.00,950.50,4066065955.50,6676918364.44,0.00,0.00,0.00,0.00,220985395,568655256,29035951,181423631
18446744068641.16,3795811.22,3909343.87,708950.81,113532.65,2591.37,2591.37,0.00,0.00,4066065955.50,6676918364.44,0.00,0.00,0.00,0.00,221176823,569127218,29035951,181423631
18446744068643.16,3798098.78,3912894.85,708950.81,114796.07,2287.56,3550.98,0.00,1263.43,4066065955.50,6676918364.44,0.00,0.00,0.00,0.00,221568249,569321407,29347612,181423631
18446744068645.16,3800429.74,3916220.94,708950.81,115791.20,2330.96,3326.09,0.00,995.12,4066065955.50,6676918364.44,0.00,0.00,0.00,0.00,221727985,569758398,29614140,181423631
18446744068647.16,3802989.72,3918780.92,708950.81,115791.20,2559.98,2559.98,0.00,0.00,4066065955.50,6676918364.44,0.00,0.00,0.00,0.00,222022078,570119660,29614140,181423631
18446744068649.16,3805333.19,3922253.68,708950.81,116920.49,2343.47,3472.76,0.00,1129.29,4066065955.50,6676918364.44,0.00,0.00,0.00,0.00,222571347,570170319,29903238,181423631
18446744068651.16,3807882.20,3924802.69,708950.81,116920.49,2549.01,2549.01,0.00,0.00,4066065955.50,6676918364.44,0.00,0.00,0.00,0.00,223129938,570264274,29903238,181423631
18446744068653.16,3810195.64,3928210.12,708950.81,118014.49,2313.44,3407.44,0.00,1094.00,4066065955.50,6676918364.44,0.00,0.00,0.00,0.00,223671986,570314466,29903238,181423631
18446744068655.16,3812703.61,3930878.95,708950.81,118175.33,2507.98,2668.82,0.00,160.84,4066065955.50,6676918364.44,0.00,0.00,0.00,0.00,224084846,570543648,30224478,181423631
18446744068657.16,3815217.03,3933392.36,708950.81,118175.33,2513.42,2513.42,0.00,0.00,4066065955.50,6676918364.44,0.00,0.00,0.00,0.00,224454123,570817806,30224478,181423631
18446744068659.16,3817570.13,3936858.87,708950.81,119288.74,2353.10,3466.51,0.00,1113.41,4066065955.50,6676918364.44,0.00,0.00,0.00,0.00,224697815,571176508,30509510,181423631
18446744068661.16,3820133.73,3939422.47,708950.81,119288.74,2563.60,2563.60,0.00,0.00,4066065955.50,6676918364.44,0.00,0.00,0.00,0.00,224972850,571557754,30509510,181423631
18446744068663.16,3822499.68,3942828.41,708950.81,120328.74,2365.95,3405.95,0.00,1040.00,4066065955.50,6676918364.44,0.00,0.00,0.00,0.00,225155241,571981045,30509510,181423631
18446744068665.16,3824691.86,3946376.74,708950.81,121684.88,2192.18,3548.32,0.00,1356.14,4066065955.50,6676918364.44,0.00,0.00,0.00,0.00,225447834,572249650,31122923,181423631
18446744068667.16,3827238.75,3948923.64,708950.81,121684.88,2546.90,2546.90,0.00,0.00,4066065955.50,6676918364.44,0.00,0.00,0.00,0.00,225894190,572455300,31122923,181423631
18446744068669.16,3829559.84,3952440.09,708950.81,122880.25,2321.08,3516.45,0.00,1195.37,4066065955.50,6676918364.44,0.00,0.00,0.00,0.00,226073667,572870020,31428937,181423631
18446744068671.16,3832125.21,3955005.46,708950.81,122880.25,2565.37,2565.37,0.00,0.00,4066065955.50,6676918364.44,0.00,0.00,0.00,0.00,226466902,573133520,31428937,181423631
18446744068673.16,3834704.25,3957584.50,709729.28,122880.25,2579.04,2579.04,778.47,0.00,4066065955.50,6676918364.44,0.00,0.00,0.00,0.00,227031074,573229582,31428937,181423631
18446744068675.16,3837178.30,3960058.55,710073.69,122880.25,2474.05,2474.05,344.41,0.00,4066065955.50,6676918364.44,0.00,0.00,0.00,0.00,227346312,573260246,31428937,181711087
18446744068677.16,3839743.80,3962624.05,710073.69,122880.25,2565.50,2565.50,0.00,0.00,4066065955.50,6676918364.44,0.00,0.00,0.00,0.00,227760319,573503007,31428937,181711087
18446744068679.16,3842325.72,3965205.97,710157.41,122880.25,2581.92,2581.92,83.73,0.00,4066065955.50,6676918364.44,0.00,0.00,0.00,0.00,227989113,573913751,31428937,181732521
18446744068681.16,3844910.73,3967790.98,710157.41,122880.25,2585.00,2585.00,0.00,0.00,4066065955.50,6676918364.44,0.00,0.00,0.00,0.00,228191055,574373570,31428937,181732521
18446744068683.16,3847484.35,3970364.60,711504.80,122880.25,2573.62,2573.62,1347.39,0.00,4066065955.50,6676918364.44,0.00,0.00,0.00,0.00,228451995,574771477,31428937,181732521
18446744068685.16,3850129.49,3973009.74,714150.18,122880.25,2645.14,2645.14,2645.38,0.00,4066065955.50,6676918364.44,0.00,0.00,0.00,0.00,228659537,575241091,31428937,181732521
18446744068687.16,3852394.59,3975274.84,715760.43,122880.25,2265.10,2265.10,1610.25,0.00,4066065955.50,6676918364.44,0.00,0.00,0.00,0.00,227593695,575512066,31428937,183107253
18446744068689.16,3855047.99,3977928.24,718211.88,122880.25,2653.41,2653.41,2451.45,0.00,4066065955.50,6676918364.44,0.00,0.00,0.00,0.00,228015442,575769591,31428937,183107253
18446744068691.16,3857561.87,3980442.12,718258.61,122880.25,2513.88,2513.88,46.74,0.00,4066065955.50,6676918364.44,0.00,0.00,0.00,0.00,227893669,575867734,31428937,183774436
18446744068693.16,3860243.32,3983123.57,720029.54,122880.25,2681.45,2681.45,1770.93,0.00,4066065955.50,6676918364.44,0.00,0.00,0.00,0.00,228449890,575997965,31428937,183774436
18446744068695.16,3862930.68,3985810.93,722675.32,122880.25,2687.36,2687.36,2645.78,0.00,4066065955.50,6676918364.44,0.00,0.00,0.00,0.00,228708141,576427678,31428937,183774436
18446744068697.16,3865205.11,3988085.36,724456.29,122880.25,2274.43,2274.43,1780.97,0.00,4066065955.50,6676918364.44,0.00,0.00,0.00,0.00,227719341,576565118,31428937,185208049
18446744068699.16,3867925.67,3990805.92,727106.60,122880.25,2720.56,2720.56,2650.31,0.00,4066867248.74,6677745503.44,801293.24,827139.00,0.00,0.00,228203101,576777822,31428937,185208049
18446744068701.22,3870281.90,3993162.15,729338.85,122880.25,2356.23,2356.23,2232.25,0.00,4066867248.74,6677745503.44,0.00,0.00,0.00,0.00,226807325,577373865,31428937,186610977
18446744068703.22,3872806.85,3995687.10,731473.40,122880.25,2524.95,2524.95,2134.55,0.00,4066867248.74,6677745503.44,0.00,0.00,0.00,0.00,226887674,577939902,31428937,186610977
18446744068705.22,3875110.05,3997990.30,732812.70,122880.25,2303.20,2303.20,1339.29,0.00,4066867248.74,6677745503.44,0.00,0.00,0.00,0.00,226249299,578278593,31428937,187500281
18446744068707.22,3877645.31,4000525.56,733622.13,122880.25,2535.26,2535.26,809.44,0.00,4066867248.74,6677745503.44,0.00,0.00,0.00,0.00,226640513,578536406,31428937,187500281
18446744068709.22,3880202.93,4003083.18,736280.26,122880.25,2557.61,2557.61,2658.12,0.00,4066867248.74,6677745503.44,0.00,0.00,0.00,0.00,226896450,578935218,31428937,187500281
18446744068711.22,3882446.95,4005327.20,737747.29,122880.25,2244.02,2244.02,1467.03,0.00,4066867248.74,6677745503.44,0.00,0.00,0.00,0.00,225923401,579219480,31428937,188763537
18446744068713.22,3884729.49,4008864.70,737747.29,124135.21,2282.55,3537.51,0.00,1254.96,4066867248.74,6677745503.44,0.00,0.00,0.00,0.00,226100577,579626636,31750207,188763537
18446744068715.22,3887329.57,4011464.78,737747.29,124135.21,2600.07,2600.07,0.00,0.00,4066867248.74,6677745503.44,0.00,0.00,0.00,0.00,226368097,580024735,31750207,188763537
18446744068717.22,3889803.91,4014673.12,737747.29,124869.21,2474.34,3208.34,0.00,734.00,4066867248.74,6677745503.44,0.00,0.00,0.00,0.00,226506097,580520167,31750207,188763537
18446744068719.22,3892271.56,4017571.00,737747.29,125299.45,2467.65,2897.88,0.00,430.23,4066867248.74,6677745503.44,0.00,0.00,0.00,0.00,226877044,580780938,32048251,188763537
18446744068721.22,3894818.00,4020117.45,737747.29,125299.45,2546.44,2546.44,0.00,0.00,4066867248.74,6677745503.44,0.00,0.00,0.00,0.00,227020737,581289134,32048251,188763537
18446744068723.22,3896940.64,4024103.29,737747.29,127162.64,2122.64,3985.84,0.00,1863.20,4066867248.74,6677745503.44,0.00,0.00,0.00,0.00,227021381,581831887,32326573,188763537
18446744068725.22,3899292.14,4026921.59,737747.29,127629.45,2351.50,2818.30,0.00,466.80,4066867248.74,6677745503.44,0.00,0.00,0.00,0.00,227100885,582354366,32644731,188763537
18446744068727.22,3901748.50,4029763.94,737747.29,128015.45,2456.36,2842.36,0.00,386.00,4066867248.74,6677745503.44,0.00,0.00,0.00,0.00,227250996,582833082,32644731,188763537
18446744068729.22,3904163.98,4033137.17,737747.29,128973.19,2415.49,3373.23,0.00,957.74,4066867248.74,6677745503.44,0.00,0.00,0.00,0.00,227805201,582897242,32988729,188763537
18446744068731.22,3906754.23,4035727.42,737747.29,128973.19,2590.25,2590.25,0.00,0.00,4066867248.74,6677745503.44,0.00,0.00,0.00,0.00,228318781,583046766,32988729,188763537
18446744068733.22,3909056.66,4039336.03,737747.29,130279.38,2302.42,3608.61,0.00,1306.19,4066867248.74,6677745503.44,0.00,0.00,0.00,0.00,228412253,583542714,33323105,188763537
18446744068735.22,3911643.31,4041922.68,737747.29,130279.38,2586.65,2586.65,0.00,0.00,4066867248.74,6677745503.44,0.00,0.00,0.00,0.00,228836156,583780994,33323105,188763537
18446744068737.22,3914113.15,4044848.53,737747.29,130735.38,2469.84,2925.84,0.00,456.00,4066867248.74,6677745503.44,0.00,0.00,0.00,0.00,229130564,584118866,33323105,188763537
18446744068739.22,3916531.27,4048076.86,737747.29,131545.59,2418.12,3228.34,0.00,810.22,4066867248.74,6677745503.44,0.00,0.00,0.00,0.00,229506638,584361830,33647257,188763537
18446744068741.22,3919095.31,4050640.91,737747.29,131545.59,2564.04,2564.04,0.00,0.00,4066867248.74,6677745503.44,0.00,0.00,0.00,0.00,229910123,584614740,33647257,188763537
18446744068743.22,3921287.38,4054445.51,737747.29,133158.14,2192.06,3804.61,0.00,1612.54,4066867248.74,6677745503.44,0.00,0.00,0.00,0.00,230324301,584761730,33969956,188763537
18446744068745.22,3923569.88,4057609.78,737747.29,134039.90,2282.50,3164.27,0.00,881.77,4066867248.74,6677745503.44,0.00,0.00,0.00,0.00,230897053,584773298,34285800,188763537
18446744068747.22,3926081.73,4060203.63,737747.29,134121.90,2511.85,2593.85,0.00,82.00,4066867248.74,6677745503.44,0.00,0.00,0.00,0.00,231320085,584993300,34285800,188763537
18446744068749.22,3928431.72,4063828.59,737747.29,135396.87,2350.00,3624.96,0.00,1274.96,4066867248.74,6677745503.44,0.00,0.00,0.00,0.00,231678985,585235999,34633183,188763537
18446744068751.22,3930971.81,4066368.68,737747.29,135396.87,2540.09,2540.09,0.00,0.00,4066867248.74,6677745503.44,0.00,0.00,0.00,0.00,232088271,585476975,34633183,188763537
18446744068753.22,3933474.64,4068871.50,738915.07,135396.87,2502.83,2502.83,1167.78,0.00,4066867248.74,6677745503.44,0.00,0.00,0.00,0.00,232465118,585740852,34633183,188763537
18446744068755.22,3935863.43,4071260.29,740858.99,135396.87,2388.79,2388.79,1943.92,0.00,4066867248.74,6677745503.44,0.00,0.00,0.00,0.00,232190190,585830714,34633183,189560133
18446744068757.22,3938403.96,4073800.83,740960.99,135396.87,2540.54,2540.54,102.00,0.00,4066867248.74,6677745503.44,0.00,0.00,0.00,0.00,232655659,586015622,34633183,189560133
18446744068759.22,3940916.10,4076312.97,743611.18,135396.87,2512.14,2512.14,2650.19,0.00,4066867248.74,6677745503.44,0.00,0.00,0.00,0.00,232825209,586489180,34633183,189560133
18446744068761.22,3943454.55,4078851.42,746270.65,135396.87,2538.45,2538.45,2659.47,0.00,4066867248.74,6677745503.44,0.00,0.00,0.00,0.00,233052375,586911858,34633183,189560133
18446744068763.22,3945628.71,4081025.57,748143.62,135396.87,2174.15,2174.15,1872.97,0.00,4066867248.74,6677745503.44,0.00,0.00,0.00,0.00,231672633,587299575,34633183,191108741
18446744068765.22,3948218.86,4083615.72,750784.45,135396.87,2590.15,2590.15,2640.83,0.00,4066867248.74,6677745503.44,0.00,0.00,0.00,0.00,232060107,587575179,34633183,191108741
18446744068767.22,3950492.16,4085889.03,752655.52,135396.87,2273.30,2273.30,1871.08,0.00,4066867248.74,6677745503.44,0.00,0.00,0.00,0.00,230794881,587951067,34633183,192580045
18446744068769.22,3952940.46,4088337.32,755002.70,135396.87,2448.30,2448.30,2347.17,0.00,4066867248.74,6677745503.44,0.00,0.00,0.00,0.00,230342989,588428847,34633183,193180921
18446744068771.22,3955558.64,4090955.51,755002.70,135396.87,2618.18,2618.18,0.00,0.00,4066867248.74,6677745503.44,0.00,0.00,0.00,0.00,230596157,588845934,34633183,193180921
18446744068773.22,3958162.07,4093558.93,756043.71,135396.87,2603.43,2603.43,1041.02,0.00,4066867248.74,6677745503.44,0.00,0.00,0.00,0.00,231000033,589108535,34633183,193180921
18446744068775.22,3960656.20,4096053.06,756875.54,135396.87,2494.13,2494.13,831.83,0.00,4066867248.74,6677745503.44,0.00,0.00,0.00,0.00,230646363,589621254,34633183,193660369
18446744068777.22,3963238.97,4098635.84,757238.59,135396.87,2582.77,2582.77,363.05,0.00,4066867248.74,6677745503.44,0.00,0.00,0.00,0.00,231126129,589802678,34633183,193660369
18446744068779.22,3965875.46,4101272.32,759831.74,135396.87,2636.49,2636.49,2593.16,0.00,4066867248.74,6677745503.44,0.00,0.00,0.00,0.00,231345491,590258257,34633183,193660369
18446744068781.22,3968269.70,4103666.56,762050.34,135396.87,2394.24,2394.24,2218.59,0.00,4066867248.74,6677745503.44,0.00,0.00,0.00,0.00,230514683,590377242,34633183,194985117
18446744068783.22,3970841.26,4106238.13,763643.52,135396.87,2571.57,2571.57,1593.19,0.00,4066867248.74,6677745503.44,0.00,0.00,0.00,0.00,230952253,590597993,34633183,194985117
18446744068785.22,3973297.98,4108694.85,763681.63,135396.87,2456.72,2456.72,38.11,0.00,4066867248.74,6677745503.44,0.00,0.00,0.00,0.00,230544129,591217426,34633183,195402729
18446744068787.22,3975857.94,4111254.81,764382.99,135396.87,2559.96,2559.96,701.36,0.00,4066867248.74,6677745503.44,0.00,0.00,0.00,0.00,230689545,591727359,34633183,195402729
18446744068789.22,3978492.34,4113889.21,767041.84,135396.87,2634.40,2634.40,2658.84,0.00,4066867248.74,6677745503.44,0.00,0.00,0.00,0.00,230915665,592175645,34633183,195402729
18446744068791.42,3981098.62,4116495.49,769658.24,135396.87,2606.28,2606.28,2616.41,0.00,4066867248.74,6677745503.44,0.00,0.00,0.00,0.00,229616228,592612278,34633183,196932741
18446744068793.42,3982934.53,4120485.72,769658.24,137551.19,1835.91,3990.23,0.00,2154.32,4066867248.74,6677745503.44,0.00,0.00,0.00,0.00,229791097,592907402,35042345,196932741
18446744068795.42,3985014.61,4124229.91,769658.24,139215.30,2080.08,3744.19,0.00,1664.11,4066867248.74,6677745503.44,0.00,0.00,0.00,0.00,229935761,593295239,35610693,196932741
18446744068797.42,3987496.56,4126757.86,769658.24,139261.30,2481.95,2527.95,0.00,46.00,4066867248.74,6677745503.44,0.00,0.00,0.00,0.00,230370337,593496041,35610693,196932741
18446744068799.42,3989846.98,4130357.46,769658.24,140510.48,2350.42,3599.60,0.00,1249.18,4066867248.74,6677745503.44,0.00,0.00,0.00,0.00,230515456,593952630,35941629,196932741
18446744068801.42,3992358.00,4132868.48,769658.24,140510.48,2511.02,2511.02,0.00,0.00,4066867248.74,6677745503.44,0.00,0.00,0.00,0.00,230676013,594434894,35941629,196932741
18446744068803.42,3994561.44,4136325.92,769658.24,141764.48,2203.44,3457.44,0.00,1254.00,4066867248.74,6677745503.44,0.00,0.00,0.00,0.00,230892221,594782767,35941629,196932741
18446744068805.42,3997056.29,4138919.68,769658.24,141863.38,2494.85,2593.76,0.00,98.91,4066867248.74,6677745503.44,0.00,0.00,0.00,0.00,231045141,595268529,36287973,196932741
18446744068807.42,3999597.20,4141460.58,769658.24,141863.38,2540.90,2540.90,0.00,0.00,4066867248.74,6677745503.44,0.00,0.00,0.00,0.00,231368231,595595910,36287973,196932741
18446744068809.42,4001756.59,4145103.74,769658.24,143347.16,2159.39,3643.16,0.00,1483.77,4066867248.74,6677745503.44,0.00,0.00,0.00,0.00,231618796,595898149,36667819,196932741
18446744068811.42,4004305.85,4147653.00,769658.24,143347.16,2549.26,2549.26,0.00,0.00,4066867248.74,6677745503.44,0.00,0.00,0.00,0.00,231882694,596286862,36667819,196932741
18446744068813.42,4006616.13,4150839.29,769658.24,144223.16,2310.29,3186.29,0.00,876.00,4066867248.74,6677745503.44,0.00,0.00,0.00,0.00,232121977,596639012,36667819,196932741
18446744068815.42,4009050.55,4153956.54,769658.24,144905.98,2434.42,3117.25,0.00,682.83,4066867248.74,6677745503.44,0.00,0.00,0.00,0.00,232580183,596804018,37066879,196932741
18446744068817.42,4011573.29,4156479.27,769658.24,144905.98,2522.73,2522.73,0.00,0.00,4066867248.74,6677745503.44,0.00,0.00,0.00,0.00,232762605,597267416,37066879,196932741
18446744068819.42,4013698.04,4160507.07,769658.24,146809.03,2124.75,4027.79,0.00,1903.05,4066867248.74,6677745503.44,0.00,0.00,0.00,0.00,232977195,597596761,37441419,196932741
18446744068821.42,4015952.45,4163508.11,769658.24,147555.66,2254.41,3001.04,0.00,746.62,4066867248.74,6677745503.44,0.00,0.00,0.00,0.00,233187945,597963141,37743715,196932741
18446744068823.42,4018423.37,4166261.02,769658.24,147837.66,2470.92,2752.92,0.00,282.00,4066867248.74,6677745503.44,0.00,0.00,0.00,0.00,233610873,598172768,37743715,196932741
18446744068825.42,4020868.40,4169472.96,769658.24,148604.56,2445.04,3211.94,0.00,766.91,4066867248.74,6677745503.44,0.00,0.00,0.00,0.00,233824863,598584707,38012235,196932741
18446744068827.42,4023394.75,4171999.31,769658.24,148604.56,2526.34,2526.34,0.00,0.00,4066867248.74,6677745503.44,0.00,0.00,0.00,0.00,234221212,598835102,38012235,196932741
18446744068829.42,4025622.51,4175682.70,769658.24,150060.19,2227.77,3683.39,0.00,1455.62,4066867248.74,6677745503.44,0.00,0.00,0.00,0.00,234593058,599033564,38341355,196932741
18446744068831.42,4027799.96,4179290.84,769658.24,151490.88,2177.45,3608.14,0.00,1430.69,4066867248.74,6677745503.44,0.00,0.00,0.00,0.00,234930263,599253786,38751132,196932741
18446744068833.42,4030344.48,4181835.36,769658.24,151490.88,2544.52,2544.52,0.00,0.00,4066867248.74,6677745503.44,0.00,0.00,0.00,0.00,235517997,599317450,38751132,196932741
18446744068835.42,4032829.30,4184320.18,772081.57,151490.88,2484.81,2484.81,2423.32,0.00,4066867248.74,6677745503.44,0.00,0.00,0.00,0.00,235968065,599503494,38751132,196932741
18446744068837.42,4035159.24,4186650.12,772177.83,151490.88,2329.94,2329.94,96.26,0.00,4066867248.74,6677745503.44,0.00,0.00,0.00,0.00,235479039,599943995,38751132,197577731
18446744068839.42,4037662.36,4189153.24,772215.60,151490.88,2503.12,2503.12,37.77,0.00,4066867248.74,6677745503.44,0.00,0.00,0.00,0.00,235744510,600309654,38751132,197587400
18446744068841.42,4040137.89,4191628.77,772215.60,151490.88,2475.53,2475.53,0.00,0.00,4066867248.74,6677745503.44,0.00,0.00,0.00,0.00,236011708,600676191,38751132,197587400
18446744068843.42,4042697.38,4194188.25,772215.60,151490.88,2559.49,2559.49,0.00,0.00,4066867248.74,6677745503.44,0.00,0.00,0.00,0.00,236269618,601073510,38751132,197587400
18446744068845.42,4045139.71,4196630.59,774159.71,151490.88,2442.34,2442.34,1944.11,0.00,4066867248.74,6677745503.44,0.00,0.00,0.00,0.00,236193842,601276832,38751132,198085092
18446744068847.42,4047655.93,4199146.81,774159.71,151490.88,2516.22,2516.22,0.00,0.00,4066867248.74,6677745503.44,0.00,0.00,0.00,0.00,236670184,601444643,38751132,198085092
18446744068849.42,4050175.36,4201666.24,775498.74,151490.88,2519.43,2519.43,1339.03,0.00,4066867248.74,6677745503.44,0.00,0.00,0.00,0.00,237079560,601680241,38751132,198085092
18446744068851.42,4052572.59,4204063.47,777467.05,151490.88,2397.23,2397.23,1968.31,0.00,4066867248.74,6677745503.44,0.00,0.00,0.00,0.00,236645245,601881566,38751132,198931772
18446744068853.42,4055085.62,4206576.50,777509.18,151490.88,2513.04,2513.04,42.12,0.00,4066867248.74,6677745503.44,0.00,0.00,0.00,0.00,237009822,602160326,38751132,198931772
18446744068855.42,4057631.32,4209122.20,780127.74,151490.88,2545.70,2545.70,2618.56,0.00,4066867248.74,6677745503.44,0.00,0.00,0.00,0.00,237403728,602418118,38751132,198931772
18446744068857.42,4059981.55,4211472.43,781310.89,151490.88,2350.23,2350.23,1183.16,0.00,4066867248.74,6677745503.44,0.00,0.00,0.00,0.00,236659822,602779658,38751132,199915796
18446744068859.42,4062530.11,4214020.99,782719.67,151490.88,2548.56,2548.56,1408.77,0.00,4066867248.74,6677745503.44,0.00,0.00,0.00,0.00,236980999,603110913,38751132,199915796
18446744068861.42,4064973.97,4216464.85,784851.09,151490.88,2443.86,2443.86,2131.42,0.00,4066867248.74,6677745503.44,0.00,0.00,0.00,0.00,236279829,603531422,38751132,200822086
18446744068863.42,4067604.70,4219095.58,785005.73,151490.88,2630.73,2630.73,154.64,0.00,4066867248.74,6677745503.44,0.00,0.00,0.00,0.00,236706579,603778138,38751132,200822086
18446744068865.42,4070242.76,4221733.64,787594.11,151490.88,2638.06,2638.06,2588.38,0.00,4066867248.74,6677745503.44,0.00,0.00,0.00,0.00,237279680,603880380,38751132,200822086
18446744068867.42,4072689.86,4224180.73,788291.45,151490.88,2447.10,2447.10,697.34,0.00,4066867248.74,6677745503.44,0.00,0.00,0.00,0.00,236769655,604136130,38751132,201702818
18446744068869.42,4075291.24,4226782.12,790139.45,151490.88,2601.39,2601.39,1848.00,0.00,4066867248.74,6677745503.44,0.00,0.00,0.00,0.00,236894792,604676948,38751132,201702818
18446744068871.42,4077781.28,4229272.16,790933.40,151490.88,2490.04,2490.04,793.96,0.00,4066867248.74,6677745503.44,0.00,0.00,0.00,0.00,236219236,605313613,38751132,202379158
18446744068873.42,4080436.85,4231927.73,791737.70,151490.88,2655.57,2655.57,804.30,0.00,4066867248.74,6677745503.44,0.00,0.00,0.00,0.00,236376004,605836672,38751132,202379158
18446744068875.42,4083062.73,4234553.61,794320.67,151490.88,2625.88,2625.88,2582.97,0.00,4066867248.74,6677745503.44,0.00,0.00,0.00,0.00,236562590,606322310,38751132,202379158
18446744068877.42,4085439.93,4236930.81,795212.42,151490.88,2377.20,2377.20,891.75,0.00,4066867248.74,6677745503.44,0.00,0.00,0.00,0.00,235901576,606496588,38751132,203474458
18446744068879.42,4088096.18,4239587.05,797510.31,151490.88,2656.25,2656.25,2297.89,0.00,4066867248.74,6677745503.44,0.00,0.00,0.00,0.00,236040781,607037382,38751132,203474458
18446744068881.42,4090672.57,4242163.45,797601.59,151490.88,2576.39,2576.39,91.28,0.00,4066867248.74,6677745503.44,0.00,0.00,0.00,0.00,235708848,607417244,38751132,204086086
18446744068883.42,4093340.65,4244831.53,798903.68,151490.88,2668.08,2668.08,1302.09,0.00,4066867248.74,6677745503.44,0.00,0.00,0.00,0.00,235771633,608037488,38751132,204086086
18446744068885.42,4096059.71,4247550.59,801565.17,151490.88,2719.06,2719.06,2661.48,0.00,4066867248.74,6677745503.44,0.00,0.00,0.00,0.00,236088532,608416668,38751132,204086086
18446744068887.42,4098500.33,4249991.21,802099.32,151490.88,2440.62,2440.62,534.16,0.00,4066867248.74,6677745503.44,0.00,0.00,0.00,0.00,235244168,608843150,38751132,205128766
18446744068889.42,4101184.89,4252675.77,804749.54,151490.88,2684.56,2684.56,2650.22,0.00,4066867248.74,6677745503.44,0.00,0.00,0.00,0.00,235757988,609016578,38751132,205128766
18446744068891.42,4103757.77,4255248.64,805537.32,151490.88,2572.88,2572.88,787.78,0.00,4066867248.74,6677745503.44,0.00,0.00,0.00,0.00,235169227,609275128,38751132,206117633
18446744068893.42,4106496.80,4257987.68,807660.02,151490.88,2739.04,2739.04,2122.70,0.00,4066867248.74,6677745503.44,0.00,0.00,0.00,0.00,235337406,609808143,38751132,206117633
18446744068895.42,4109075.80,4260566.68,809071.51,151490.88,2578.99,2578.99,1411.49,0.00,4066867248.74,6677745503.44,0.00,0.00,0.00,0.00,234695388,610205630,38751132,207022386
18446744068897.42,4110892.14,4262383.02,810512.14,151490.88,1816.35,1816.35,1440.62,0.00,4066867248.74,6677745503.44,0.00,0.00,0.00,0.00,235142033,610223970,38751132,207022386
18446744068899.42,4110892.14,4262383.02,813153.15,151490.88,0.00,0.00,2641.02,0.00,4066867248.74,6677745503.44,0.00,0.00,0.00,0.00,235142033,610223970,38751132,207022386
18446744068901.42,4110892.14,4262383.02,814541.96,151490.88,0.00,0.00,1388.81,0.00,4066867248.74,6677745503.44,0.00,0.00,0.00,0.00,235142033,610223970,38751132,207022386
18446744068903.42,4111955.73,4263446.61,814541.96,151490.88,1063.59,1063.59,0.00,0.00,4066867248.74,6677745503.44,0.00,0.00,0.00,0.00,233993716,610244130,38751132,208422822
18446744068905.42,4114789.30,4266280.18,814541.96,151490.88,2833.57,2833.57,0.00,0.00,4066867248.74,6677745503.44,0.00,0.00,0.00,0.00,234184919,610778320,38751132,208422822
18446744068907.42,4117598.54,4269089.41,815592.90,151490.88,2809.23,2809.23,1050.94,0.00,4066867248.74,6677745503.44,0.00,0.00,0.00,0.00,234750052,610932351,38751132,208422822
18446744068909.42,4120304.45,4271795.33,818238.59,151490.88,2705.92,2705.92,2645.69,0.00,4066867248.74,6677745503.44,0.00,0.00,0.00,0.00,235066892,611308226,38751132,208422822
18446744068911.49,4122604.32,4274095.20,820534.84,151490.88,2299.87,2299.87,2296.25,0.00,4066867248.74,6677745503.44,0.00,0.00,0.00,0.00,233944640,611485069,38751132,209956998
18446744068913.49,4125326.62,4276817.50,823062.03,151490.88,2722.29,2722.29,2527.19,0.00,4066867248.74,6677745503.44,0.00,0.00,0.00,0.00,234141468,611985148,38751132,209956998
18446744068915.49,4128129.61,4279620.49,825689.28,151490.88,2803.00,2803.00,2627.25,0.00,4066867248.74,6677745503.44,0.00,0.00,0.00,0.00,234731529,612112654,38751132,209956998
18446744068917.49,4130375.88,4281866.76,827785.18,151490.88,2246.27,2246.27,2095.91,0.00,4066867248.74,6677745503.44,0.00,0.00,0.00,0.00,233648251,612210032,38751132,211517942
18446744068919.49,4133217.94,4284708.82,830302.45,151490.88,2842.06,2842.06,2517.27,0.00,4066867248.74,6677745503.44,0.00,0.00,0.00,0.00,233939278,612646573,38751132,211517942
18446744068921.49,4135615.15,4287106.03,831625.82,151490.88,2397.21,2397.21,1323.38,0.00,4066867248.74,6677745503.44,0.00,0.00,0.00,0.00,232972642,613123882,38751132,212620954
18446744068923.49,4138194.80,4289685.68,834210.71,151490.88,2579.66,2579.66,2584.89,0.00,4066867248.74,6677745503.44,0.00,0.00,0.00,0.00,233184186,613572730,38751132,212620954
18446744068925.49,4140559.73,4292050.61,836303.81,151490.88,2364.93,2364.93,2093.09,0.00,4066867248.74,6677745503.44,0.00,0.00,0.00,0.00,232224350,613765088,38751132,213993854
18446744068927.49,4143173.27,4294664.15,838421.11,151490.88,2613.54,2613.54,2117.30,0.00,4066867248.74,6677745503.44,0.00,0.00,0.00,0.00,232667467,613991036,38751132,213993854
18446744068929.49,4145571.47,4297062.35,839932.11,151490.88,2398.20,2398.20,1510.99,0.00,4066867248.74,6677745503.44,0.00,0.00,0.00,0.00,232295421,614048178,38751132,214922698
18446744068931.49,4148047.30,4299538.18,840583.40,151490.88,2475.83,2475.83,651.30,0.00,4066867248.74,6677745503.44,0.00,0.00,0.00,0.00,232769759,614207652,38751132,214922698
18446744068933.49,4150553.70,4302044.58,843154.32,151490.88,2506.40,2506.40,2570.92,0.00,4066867248.74,6677745503.44,0.00,0.00,0.00,0.00,233001959,614617090,38751132,214922698
18446744068935.49,4152925.55,4304416.43,843236.20,151490.88,2371.85,2371.85,81.88,0.00,4066867248.74,6677745503.44,0.00,0.00,0.00,0.00,232516830,614863564,38751132,215768546
18446744068937.49,4155432.70,4306923.57,845368.50,151490.88,2507.15,2507.15,2132.30,0.00,4066867248.74,6677745503.44,0.00,0.00,0.00,0.00,233070130,614952094,38751132,215768546
18446744068939.49,4157928.24,4309419.12,847867.28,151490.88,2495.55,2495.55,2498.78,0.00,4066867248.74,6677745503.44,0.00,0.00,0.00,0.00,233518388,615142696,38751132,215768546
18446744068941.49,4160119.36,4311610.24,848417.18,151490.88,2191.12,2191.12,549.91,0.00,4066867248.74,6677745503.44,0.00,0.00,0.00,0.00,232802587,615198644,38751132,216989326
18446744068943.49,4162462.66,4313953.54,850317.92,151490.88,2343.30,2343.30,1900.73,0.00,4066867248.74,6677745503.44,0.00,0.00,0.00,0.00,232477666,615531597,38751132,217581178
18446744068945.49,4164974.12,4316465.00,850317.92,151490.88,2511.46,2511.46,0.00,0.00,4066867248.74,6677745503.44,0.00,0.00,0.00,0.00,232947234,615704964,38751132,217581178
18446744068947.49,4167462.05,4318952.93,852264.07,151490.88,2487.93,2487.93,1946.16,0.00,4066867248.74,6677745503.44,0.00,0.00,0.00,0.00,233453486,615835621,38751132,217581178
18446744068949.49,4169802.18,4321293.06,852882.09,151490.88,2340.13,2340.13,618.02,0.00,4066867248.74,6677745503.44,0.00,0.00,0.00,0.00,233136781,616094972,38751132,218237606
18446744068951.49,4172288.37,4323779.25,853435.09,151490.88,2486.19,2486.19,553.00,0.00,4066867248.74,6677745503.44,0.00,0.00,0.00,0.00,233577419,616290798,38751132,218237606
18446744068953.49,4174777.89,4326268.77,856040.25,151490.88,2489.52,2489.52,2605.16,0.00,4066867248.74,6677745503.44,0.00,0.00,0.00,0.00,234067354,616438179,38751132,218237606
18446744068955.49,4176935.87,4328426.75,857904.15,151490.88,2157.98,2157.98,1863.91,0.00,4066867248.74,6677745503.44,0.00,0.00,0.00,0.00,233003580,616768748,38751132,219523254
18446744068957.49,4179489.36,4332080.55,857904.15,152591.19,2553.49,3653.80,0.00,1100.31,4066867248.74,6677745503.44,0.00,0.00,0.00,0.00,233456243,616969778,38751132,219523254
18446744068959.49,4182048.81,4335484.07,857904.15,153435.25,2559.46,3403.52,0.00,844.06,4066867248.74,6677745503.44,0.00,0.00,0.00,0.00,233800609,617280633,39248476,219523254
18446744068961.49,4184466.00,4338371.25,857904.15,153905.25,2417.18,2887.18,0.00,470.00,4066867248.74,6677745503.44,0.00,0.00,0.00,0.00,234234813,617465228,39248476,219523254
18446744068963.49,4186882.07,4341160.61,857904.15,154278.54,2416.07,2789.36,0.00,373.28,4066867248.74,6677745503.44,0.00,0.00,0.00,0.00,234525086,617793470,39464356,219523254
18446744068965.49,4189408.08,4343686.62,857904.15,154278.54,2526.01,2526.01,0.00,0.00,4066867248.74,6677745503.44,0.00,0.00,0.00,0.00,234784555,618180660,39464356,219523254
18446744068967.49,4191709.17,4346963.30,857904.15,155254.13,2301.09,3276.68,0.00,975.59,4066867248.74,6677745503.44,0.00,0.00,0.00,0.00,235232494,618321799,39714092,219523254
18446744068969.49,4194248.92,4349503.05,857904.15,155254.13,2539.75,2539.75,0.00,0.00,4066867248.74,6677745503.44,0.00,0.00,0.00,0.00,235773868,618430601,39714092,219523254
18446744068971.49,4196720.56,4352418.69,857904.15,155698.13,2471.64,2915.64,0.00,444.00,4066867248.74,6677745503.44,0.00,0.00,0.00,0.00,236217462,618619748,39714092,219523254
18446744068973.49,4198825.23,4356546.79,857904.15,157721.57,2104.66,4128.10,0.00,2023.44,4066867248.74,6677745503.44,0.00,0.00,0.00,0.00,236686736,618689268,40345756,219523254
18446744068975.49,4201377.55,4359099.12,857904.15,157721.57,2552.32,2552.32,0.00,0.00,4066867248.74,6677745503.44,0.00,0.00,0.00,0.00,237251634,618777765,40345756,219523254
18446744068977.49,4203812.02,4361913.15,857904.15,158101.13,2434.47,2814.04,0.00,379.56,4066867248.74,6677745503.44,0.00,0.00,0.00,0.00,237516450,619136174,40442924,219523254
18446744068979.49,4206332.33,4364433.46,857904.15,158101.13,2520.30,2520.30,0.00,0.00,4066867248.74,6677745503.44,0.00,0.00,0.00,0.00,237851824,619445998,40442924,219523254
18446744068981.49,4208832.81,4367161.94,857904.15,158329.13,2500.48,2728.48,0.00,228.00,4066867248.74,6677745503.44,0.00,0.00,0.00,0.00,238346072,619591873,40442924,219523254
18446744068983.49,4211244.15,4370534.86,857904.15,159290.71,2411.34,3372.93,0.00,961.59,4066867248.74,6677745503.44,0.00,0.00,0.00,0.00,238853412,619701836,40747290,219523254
18446744068985.49,4213787.20,4373077.91,857904.15,159290.71,2543.05,2543.05,0.00,0.00,4066867248.74,6677745503.44,0.00,0.00,0.00,0.00,239058110,620148158,40747290,219523254
18446744068987.49,4216107.21,4376835.35,857904.15,160728.14,2320.02,3757.44,0.00,1437.42,4066867248.74,6677745503.44,0.00,0.00,0.00,0.00,239563461,620236732,41115270,219523254
18446744068989.49,4218657.13,4379385.27,857904.15,160728.14,2549.91,2549.91,0.00,0.00,4066867248.74,6677745503.44,0.00,0.00,0.00,0.00,240075671,620377300,41115270,219523254
18446744068991.49,4221141.82,4382099.96,857904.15,160958.14,2484.69,2714.69,0.00,230.00,4066867248.74,6677745503.44,0.00,0.00,0.00,0.00,240644764,620444288,41115270,219523254
18446744068993.49,4223457.33,4385708.80,857904.15,162251.46,2315.51,3608.84,0.00,1293.33,4066867248.74,6677745503.44,0.00,0.00,0.00,0.00,241102743,620579080,41505242,219523254
18446744068995.49,4225981.82,4388233.29,857904.15,162251.46,2524.49,2524.49,0.00,0.00,4066867248.74,6677745503.44,0.00,0.00,0.00,0.00,241500963,620827130,41505242,219523254
18446744068997.49,4228496.91,4390748.37,859397.96,162251.46,2515.08,2515.08,1493.81,0.00,4066867248.74,6677745503.44,0.00,0.00,0.00,0.00,241842550,621129404,41505242,219523254
18446744068999.49,4231014.27,4393265.73,862027.09,162251.46,2517.36,2517.36,2629.12,0.00,4066867248.74,6677745503.44,0.00,0.00,0.00,0.00,242231773,621384625,41505242,219523254
18446744069001.49,4233273.26,4395524.72,863625.20,162251.46,2258.99,2258.99,1598.11,0.00,4066867248.74,6677745503.44,0.00,0.00,0.00,0.00,241249027,621494184,41505242,220974743
18446744069003.55,4235793.30,4398044.76,866169.17,162251.46,2520.04,2520.04,2543.97,0.00,4066867248.74,6677745503.44,0.00,0.00,0.00,0.00,240943874,621780112,41505242,221639098
18446744069005.55,4238341.32,4400592.78,866169.17,162251.46,2548.02,2548.02,0.00,0.00,4066867248.74,6677745503.44,0.00,0.00,0.00,0.00,241310914,622065365,41505242,221639098
18446744069007.55,4240896.70,4403148.17,867700.57,162251.46,2555.39,2555.39,1531.41,0.00,4066867248.74,6677745503.44,0.00,0.00,0.00,0.00,241695869,622334589,41505242,221639098
18446744069009.55,4243489.80,4405741.26,870344.23,162251.46,2593.09,2593.09,2643.66,0.00,4066867248.74,6677745503.44,0.00,0.00,0.00,0.00,241933741,622760549,41505242,221639098
18446744069011.55,4245852.02,4408103.48,871905.26,162251.46,2362.22,2362.22,1561.03,0.00,4066867248.74,6677745503.44,0.00,0.00,0.00,0.00,240722913,623198777,41505242,223016426
18446744069013.55,4248454.95,4410706.41,874515.50,162251.46,2602.93,2602.93,2610.23,0.00,4066867248.74,6677745503.44,0.00,0.00,0.00,0.00,241061508,623526533,41505242,223016426
18446744069015.55,4250864.07,4413115.53,876563.53,162251.46,2409.12,2409.12,2048.03,0.00,4066867248.74,6677745503.44,0.00,0.00,0.00,0.00,240133006,623788141,41505242,224300054
18446744069017.55,4253365.92,4415617.38,878364.93,162251.46,2501.85,2501.85,1801.41,0.00,4066867248.74,6677745503.44,0.00,0.00,0.00,0.00,240627168,623934453,41505242,224300054
18446744069019.55,4255890.19,4418141.65,880992.75,162251.46,2524.27,2524.27,2627.81,0.00,4066867248.74,6677745503.44,0.00,0.00,0.00,0.00,241177673,624030161,41505242,224300054
18446744069021.55,4258194.77,4420446.23,881613.33,162251.46,2304.58,2304.58,620.58,0.00,4066867248.74,6677745503.44,0.00,0.00,0.00,0.00,240448889,624123885,41505242,225525086
18446744069023.55,4260640.19,4422891.66,883660.88,162251.46,2445.43,2445.43,2047.55,0.00,4066867248.74,6677745503.44,0.00,0.00,0.00,0.00,240370448,624236465,41505242,226116976
18446744069025.55,4263165.61,4425417.07,883660.88,162251.46,2525.41,2525.41,0.00,0.00,4066867248.74,6677745503.44,0.00,0.00,0.00,0.00,240962634,624290785,41505242,226116976
18446744069027.55,4265642.56,4427894.03,885405.59,162251.46,2476.96,2476.96,1744.71,0.00,4066867248.74,6677745503.44,0.00,0.00,0.00,0.00,241465885,624421635,41505242,226116976
18446744069029.55,4268163.78,4430415.25,888004.57,162251.46,2521.22,2521.22,2598.98,0.00,4066867248.74,6677745503.44,0.00,0.00,0.00,0.00,241750551,624782401,41505242,226116976
18446744069031.55,4270407.43,4432658.89,889575.03,162251.46,2243.65,2243.65,1570.45,0.00,4066867248.74,6677745503.44,0.00,0.00,0.00,0.00,240567577,625107995,41505242,227548730
18446744069033.55,4272807.62,4435059.09,891147.62,162251.46,2400.20,2400.20,1572.60,0.00,4066867248.74,6677745503.44,0.00,0.00,0.00,0.00,240206109,625599060,41505242,228033583
18446744069035.55,4275302.00,4437553.46,891147.62,162251.46,2494.38,2494.38,0.00,0.00,4066867248.74,6677745503.44,0.00,0.00,0.00,0.00,240594392,625849337,41505242,228033583
18446744069037.55,4277840.43,4440091.89,892258.54,162251.46,2538.43,2538.43,1110.92,0.00,4066867248.74,6677745503.44,0.00,0.00,0.00,0.00,241014629,626078937,41505242,228033583
18446744069039.55,4280210.86,4442462.32,893312.78,162251.46,2370.43,2370.43,1054.23,0.00,4066867248.74,6677745503.44,0.00,0.00,0.00,0.00,241024069,626122049,41505242,228587862
18446744069041.55,4282735.62,4444987.08,893702.23,162251.46,2524.76,2524.76,389.45,0.00,4066867248.74,6677745503.44,0.00,0.00,0.00,0.00,241424457,626367999,41505242,228587862
18446744069043.55,4285178.02,4447429.48,895090.19,162251.46,2442.40,2442.40,1387.96,0.00,4066867248.74,6677745503.44,0.00,0.00,0.00,0.00,241239635,626723057,41505242,229042880
18446744069045.55,4287700.35,4449951.82,895090.19,162251.46,2522.34,2522.34,0.00,0.00,4066867248.74,6677745503.44,0.00,0.00,0.00,0.00,241643753,626964657,41505242,229042880
18446744069047.55,4290230.52,4452481.98,896882.93,162251.46,2530.16,2530.16,1792.73,0.00,4066867248.74,6677745503.44,0.00,0.00,0.00,0.00,242027091,627229041,41505242,229042880
18446744069049.55,4292762.13,4455013.59,899537.98,162251.46,2531.61,2531.61,2655.05,0.00,4066867248.74,6677745503.44,0.00,0.00,0.00,0.00,242367646,627536579,41505242,229042880
18446744069051.55,4294899.48,4457150.94,901003.16,162251.46,2137.35,2137.35,1465.18,0.00,4066867248.74,6677745503.44,0.00,0.00,0.00,0.00,241053603,627934990,41505242,230505673
18446744069053.55,4297424.55,4459676.02,903468.49,162251.46,2525.08,2525.08,2465.33,0.00,4066867248.74,6677745503.44,0.00,0.00,0.00,0.00,241235054,628399959,41505242,230505673
18446744069055.55,4299751.32,4462002.78,905025.16,162251.46,2326.76,2326.76,1556.67,0.00,4066867248.74,6677745503.44,0.00,0.00,0.00,0.00,240460183,628692621,41505242,231583533
18446744069057.55,4302287.35,4464538.82,906453.88,162251.46,2536.04,2536.04,1428.72,0.00,4066867248.74,6677745503.44,0.00,0.00,0.00,0.00,240586996,629215033,41505242,231583533
18446744069059.55,4304785.07,4467036.54,909063.16,162251.46,2497.72,2497.72,2609.28,0.00,4066867248.74,6677745503.44,0.00,0.00,0.00,0.00,240664138,629777307,41505242,231583533
18446744069061.55,4307047.36,4469298.82,910363.29,162251.46,2262.29,2262.29,1300.12,0.00,4066867248.74,6677745503.44,0.00,0.00,0.00,0.00,239325270,630355896,41505242,232922957
18446744069063.55,4309608.02,4471859.48,912891.09,162251.46,2560.66,2560.66,2527.80,0.00,4066867248.74,6677745503.44,0.00,0.00,0.00,0.00,239603198,630733497,41505242,232922957
18446744069065.55,4312167.20,4474418.67,915497.12,162251.46,2559.19,2559.19,2606.02,0.00,4066867248.74,6677745503.44,0.00,0.00,0.00,0.00,240114518,630877329,41505242,232922957
18446744069067.55,4314401.16,4476652.62,917507.62,162251.46,2233.96,2233.96,2010.50,0.00,4066867248.74,6677745503.44,0.00,0.00,0.00,0.00,239020583,631018777,41505242,234447337
18446744069069.55,4316997.35,4479248.82,920115.32,162251.46,2596.19,2596.19,2607.70,0.00,4066867248.74,6677745503.44,0.00,0.00,0.00,0.00,239362993,631340992,41505242,234447337
18446744069071.55,4319349.09,4481600.55,921784.10,162251.46,2351.73,2351.73,1668.78,0.00,4066867248.74,6677745503.44,0.00,0.00,0.00,0.00,238447562,631463577,41505242,235842227
18446744069073.55,4321950.06,4484201.52,924432.91,162251.46,2600.97,2600.97,2648.80,0.00,4066867248.74,6677745503.44,0.00,0.00,0.00,0.00,238938307,631638681,41505242,235842227
18446744069075.55,4324560.29,4486811.75,927070.37,162251.46,2610.23,2610.23,2637.46,0.00,4066867248.74,6677745503.44,0.00,0.00,0.00,0.00,239242524,632002682,41505242,235842227
18446744069077.55,4326543.59,4490045.68,927363.27,163502.09,1983.31,3233.93,292.91,1250.62,4066867248.74,6677745503.44,0.00,0.00,0.00,0.00,238069682,632223397,41823882,237302081
18446744069079.55,4329054.91,4492557.00,927363.27,163502.09,2511.32,2511.32,0.00,0.00,4066867248.74,6677745503.44,0.00,0.00,0.00,0.00,238444155,632491822,41823882,237302081
18446744069081.55,4331546.85,4495084.94,927363.27,163538.09,2491.93,2527.93,0.00,36.00,4066867248.74,6677745503.44,0.00,0.00,0.00,0.00,238681925,632891987,41823882,237302081
18446744069083.55,4333973.34,4498633.31,927363.27,164659.96,2426.50,3548.37,0.00,1121.88,4066867248.74,6677745503.44,0.00,0.00,0.00,0.00,239036584,633158511,42120298,237302081
18446744069085.55,4336507.21,4501167.18,927363.27,164659.96,2533.87,2533.87,0.00,0.00,4066867248.74,6677745503.44,0.00,0.00,0.00,0.00,239416516,633427249,42120298,237302081
18446744069087.55,4338822.43,4504806.07,927363.27,165983.64,2315.21,3638.89,0.00,1323.68,4066867248.74,6677745503.44,0.00,0.00,0.00,0.00,239720465,633715995,42418712,237302081
18446744069089.55,4341062.39,4508144.32,927363.27,167081.93,2239.96,3338.25,0.00,1098.29,4066867248.74,6677745503.44,0.00,0.00,0.00,0.00,239929626,634080264,42740322,237302081
18446744069091.55,4343573.30,4510655.23,927363.27,167081.93,2510.91,2510.91,0.00,0.00,4066867248.74,6677745503.44,0.00,0.00,0.00,0.00,240208114,634444570,42740322,237302081
18446744069093.55,4345755.22,4514406.86,927363.27,168651.63,2181.92,3751.62,0.00,1569.70,4066867248.74,6677745503.44,0.00,0.00,0.00,0.00,240445361,634765895,43142149,237302081
18446744069095.55,4348255.39,4516907.02,927363.27,168651.63,2500.17,2500.17,0.00,0.00,4066867248.74,6677745503.44,0.00,0.00,0.00,0.00,240728134,635123165,43142149,237302081
18446744069097.55,4350630.53,4520066.16,927363.27,169435.63,2375.14,3159.14,0.00,784.00,4066867248.74,6677745503.44,0.00,0.00,0.00,0.00,241176577,635282757,43142149,237302081
18446744069099.55,4353068.89,4523147.67,927363.27,170078.77,2438.37,3081.51,0.00,643.14,4066867248.74,6677745503.44,0.00,0.00,0.00,0.00,241752151,635331405,43507497,237302081
18446744069101.55,4355602.99,4525681.77,927363.27,170078.77,2534.10,2534.10,0.00,0.00,4066867248.74,6677745503.44,0.00,0.00,0.00,0.00,242299172,635433113,43507497,237302081
18446744069103.55,4357837.18,4529462.58,927363.27,171625.40,2234.19,3780.81,0.00,1546.62,4066867248.74,6677745503.44,0.00,0.00,0.00,0.00,242736628,635567609,43903433,237302081
18446744069105.55,4360341.81,4531967.21,927363.27,171625.40,2504.63,2504.63,0.00,0.00,4066867248.74,6677745503.44,0.00,0.00,0.00,0.00,243200701,635744721,43903433,237302081
18446744069107.55,4362745.90,4534949.30,927363.27,172203.40,2404.09,2982.09,0.00,578.00,4066867248.74,6677745503.44,0.00,0.00,0.00,0.00,243507262,636053608,43903433,237302081
18446744069109.55,4365207.59,4537698.09,927363.27,172490.49,2461.69,2748.79,0.00,287.09,4066867248.74,6677745503.44,0.00,0.00,0.00,0.00,243875342,636315721,44124897,237302081
18446744069111.55,4367706.77,4540197.26,927363.27,172490.49,2499.18,2499.18,0.00,0.00,4066867248.74,6677745503.44,0.00,0.00,0.00,0.00,244391291,636439561,44124897,237302081
18446744069113.55,4369966.80,4543980.45,927363.27,174013.65,2260.03,3783.19,0.00,1523.16,4066867248.74,6677745503.44,0.00,0.00,0.00,0.00,244781362,636628058,44514825,237302081
18446744069115.55,4372477.46,4546491.11,927363.27,174013.65,2510.66,2510.66,0.00,0.00,4066867248.74,6677745503.44,0.00,0.00,0.00,0.00,245175888,636876261,44514825,237302081
18446744069117.55,4374938.27,4548951.91,927783.05,174013.65,2460.80,2460.80,419.78,0.00,4066867248.74,6677745503.44,0.00,0.00,0.00,0.00,245436942,637245173,44514825,237302081
18446744069119.55,4377432.37,4551446.02,930327.71,174013.65,2494.11,2494.11,2544.66,0.00,4066867248.74,6677745503.44,0.00,0.00,0.00,0.00,245632854,637687752,44514825,237302081
18446744069121.55,4379945.04,4553958.69,932996.96,174013.65,2512.67,2512.67,2669.25,0.00,4066867248.74,6677745503.44,0.00,0.00,0.00,0.00,246068397,637895453,44514825,237302081
18446744069123.55,4382010.76,4556024.41,934387.88,174013.65,2065.72,2065.72,1390.92,0.00,4066867248.74,6677745503.44,0.00,0.00,0.00,0.00,244809781,638172313,44514825,238812661
18446744069125.55,4384341.88,4558355.53,935243.95,174013.65,2331.12,2331.12,856.06,0.00,4066867248.74,6677745503.44,0.00,0.00,0.00,0.00,244592227,638479761,44514825,239319533
18446744069127.55,4386846.05,4560859.70,935275.95,174013.65,2504.17,2504.17,32.00,0.00,4066867248.74,6677745503.44,0.00,0.00,0.00,0.00,244889854,638823202,44514825,239319533
18446744069129.55,4389301.71,4563315.36,937935.62,174013.65,2455.66,2455.66,2659.67,0.00,4066867248.74,6677745503.44,0.00,0.00,0.00,0.00,244979998,639361708,44514825,239319533
18446744069131.55,4391798.89,4565812.54,940593.71,174013.65,2497.18,2497.18,2658.09,0.00,4066867248.74,6677745503.44,0.00,0.00,0.00,0.00,245239265,639741718,44514825,239319533
18446744069133.55,4393912.63,4567926.28,941996.09,174013.65,2113.74,2113.74,1402.38,0.00,4066867248.74,6677745503.44,0.00,0.00,0.00,0.00,243910614,640139270,44514825,240791749
18446744069135.55,4396387.85,4570401.50,944570.76,174013.65,2475.22,2475.22,2574.67,0.00,4066867248.74,6677745503.44,0.00,0.00,0.00,0.00,243953918,640729623,44514825,240791749
18446744069137.55,4398651.75,4572665.40,944891.15,174013.65,2263.90,2263.90,320.39,0.00,4066867248.74,6677745503.44,0.00,0.00,0.00,0.00,243375757,640889874,44514825,241789218
18446744069139.55,4401160.84,4575174.49,946831.12,174013.65,2509.09,2509.09,1939.96,0.00,4066867248.74,6677745503.44,0.00,0.00,0.00,0.00,243767631,641140326,44514825,241789218
18446744069141.55,4403493.38,4577507.03,947908.05,174013.65,2332.54,2332.54,1076.94,0.00,4066867248.74,6677745503.44,0.00,0.00,0.00,0.00,243422185,641310576,44514825,242561545
18446744069143.55,4405993.35,4580007.00,948700.74,174013.65,2499.97,2499.97,792.69,0.00,4066867248.74,6677745503.44,0.00,0.00,0.00,0.00,243821463,641551290,44514825,242561545
18446744069145.55,4408519.60,4582533.25,951348.18,174013.65,2526.25,2526.25,2647.44,0.00,4066867248.74,6677745503.44,0.00,0.00,0.00,0.00,244339115,641680358,44514825,242561545
18446744069147.67,4410768.76,4584782.41,953644.56,174013.65,2249.16,2249.16,2296.38,0.00,4066867248.74,6677745503.44,0.00,0.00,0.00,0.00,242962388,642164324,44514825,244030090
18446744069149.67,4413271.93,4587285.58,955404.12,174013.65,2503.18,2503.18,1759.56,0.00,4066867248.74,6677745503.44,0.00,0.00,0.00,0.00,242971170,642796355,44514825,244030090
18446744069151.67,4415703.94,4589717.59,955817.57,174013.65,2432.00,2432.00,413.45,0.00,4066867248.74,6677745503.44,0.00,0.00,0.00,0.00,242679187,643154639,44514825,244586382
18446744069153.67,4418233.77,4592247.41,956506.26,174013.65,2529.83,2529.83,688.69,0.00,4066867248.74,6677745503.44,0.00,0.00,0.00,0.00,243082548,643398914,44514825,244586382
18446744069155.67,4420779.37,4594793.02,959047.37,174013.65,2545.61,2545.61,2541.11,0.00,4066867248.74,6677745503.44,0.00,0.00,0.00,0.00,243320233,643812904,44514825,244586382
18446744069157.67,4423135.39,4597149.04,959926.04,174013.65,2356.02,2356.02,878.66,0.00,4066867248.74,6677745503.44,0.00,0.00,0.00,0.00,242566634,644117879,44514825,245638148
18446744069159.67,4425691.40,4599705.05,961990.01,174013.65,2556.01,2556.01,2063.98,0.00,4066867248.74,6677745503.44,0.00,0.00,0.00,0.00,242697140,644641711,44514825,245638148
18446744069161.89,4428286.18,4602299.82,964448.32,174013.65,2594.77,2594.77,2458.31,0.00,4066867248.74,6677745503.44,0.00,0.00,0.00,0.00,241751798,645093609,44514825,246795854
18446744069163.89,4430941.91,4604955.56,965568.95,174013.65,2655.73,2655.73,1120.62,0.00,4066867248.74,6677745503.44,0.00,0.00,0.00,0.00,242211209,645314066,44514825,246795854
18446744069166.02,4433332.18,4607345.82,967958.84,174013.65,2390.27,2390.27,2389.89,0.00,4066867248.74,6677745503.44,0.00,0.00,0.00,0.00,241734782,645503709,44514825,247694546
18446744069168.03,4435827.86,4609841.51,967958.84,174013.65,2495.68,2495.68,0.00,0.00,4066867248.74,6677745503.44,0.00,0.00,0.00,0.00,241996399,645880987,44514825,247694546
18446744069170.02,4438317.11,4612330.76,970170.54,174013.65,2489.25,2489.25,2211.70,0.00,4066867248.74,6677745503.44,0.00,0.00,0.00,0.00,242293550,646221084,44514825,247694546
18446744069172.02,4440595.95,4614609.60,970779.95,174013.65,2278.84,2278.84,609.41,0.00,4066867248.74,6677745503.44,0.00,0.00,0.00,0.00,241858451,646517363,44514825,248416750
18446744069174.02,4443087.24,4617100.89,971703.26,174013.65,2491.29,2491.29,923.31,0.00,4066867248.74,6677745503.44,0.00,0.00,0.00,0.00,242153181,646860402,44514825,248416750
18446744069176.02,4445391.84,4619405.49,973534.17,174013.65,2304.61,2304.61,1830.91,0.00,4066867248.74,6677745503.44,0.00,0.00,0.00,0.00,241824208,647074274,44514825,249121830
18446744069178.02,4447891.27,4621904.91,973534.17,174013.65,2499.42,2499.42,0.00,0.00,4066867248.74,6677745503.44,0.00,0.00,0.00,0.00,242155296,647383038,44514825,249121830
18446744069180.02,4450278.36,4624292.01,974991.82,174013.65,2387.09,2387.09,1457.66,0.00,4066867248.74,6677745503.44,0.00,0.00,0.00,0.00,242003100,647773170,44514825,249494990
18446744069182.02,4452774.12,4626787.77,974991.82,174013.65,2495.77,2495.77,0.00,0.00,4066867248.74,6677745503.44,0.00,0.00,0.00,0.00,242351588,648063598,44514825,249494990
18446744069184.02,4455248.48,4629262.13,975575.65,174013.65,2474.36,2474.36,583.83,0.00,4066867248.74,6677745503.44,0.00,0.00,0.00,0.00,242849032,648199590,44514825,249494990
18446744069186.03,4457651.18,4631664.82,976519.93,174013.65,2402.69,2402.69,944.28,0.00,4066867248.74,6677745503.44,0.00,0.00,0.00,0.00,242882288,648390227,44514825,249886186
18446744069188.02,4460146.22,4634159.87,976519.93,174013.65,2495.05,2495.05,0.00,0.00,4066867248.74,6677745503.44,0.00,0.00,0.00,0.00,243107072,648804175,44514825,249886186
18446744069190.02,4462593.97,4636607.62,978414.37,174013.65,2447.75,2447.75,1894.44,0.00,4066867248.74,6677745503.44,0.00,0.00,0.00,0.00,243372670,649165200,44514825,249886186
18446744069192.02,4464973.56,4638987.21,979071.46,174013.65,2379.59,2379.59,657.09,0.00,4066867248.74,6677745503.44,0.00,0.00,0.00,0.00,242958179,649535674,44514825,250539378
18446744069194.02,4467484.19,4641497.84,979797.93,174013.65,2510.63,2510.63,726.46,0.00,4066867248.74,6677745503.44,0.00,0.00,0.00,0.00,243277633,649858941,44514825,250539378
18446744069196.02,4470009.94,4644023.59,982327.00,174013.65,2525.75,2525.75,2529.07,0.00,4066867248.74,6677745503.44,0.00,0.00,0.00,0.00,243555149,650228018,44514825,250539378
18446744069198.02,4472265.16,4646278.81,983718.96,174013.65,2255.22,2255.22,1391.97,0.00,4066867248.74,6677745503.44,0.00,0.00,0.00,0.00,242728069,650442674,44514825,251729138
18446744069200.03,4474743.56,4648757.21,985682.29,174013.65,2478.40,2478.40,1963.32,0.00,4066867248.74,6677745503.44,0.00,0.00,0.00,0.00,242989348,650815865,44514825,251729138
18446744069202.26,4477177.64,4651191.29,988116.65,174013.65,2434.09,2434.09,2434.37,0.00,4066867248.74,6677745503.44,0.00,0.00,0.00,0.00,242188820,651113711,44514825,252854946
18446744069204.26,4479652.12,4653665.77,988828.82,174013.65,2474.48,2474.48,712.17,0.00,4066867248.74,6677745503.44,0.00,0.00,0.00,0.00,242377561,651558436,44514825,252854946
18446744069206.26,4482152.18,4656165.83,991381.80,174013.65,2500.06,2500.06,2552.97,0.00,4066867248.74,6677745503.44,0.00,0.00,0.00,0.00,242659320,651916693,44514825,252854946
18446744069208.26,4484366.93,4658380.58,992519.11,174013.65,2214.75,2214.75,1137.31,0.00,4066867248.74,6677745503.44,0.00,0.00,0.00,0.00,241821272,652194688,44514825,253981974
18446744069210.26,4486874.22,4660887.87,994344.70,174013.65,2507.29,2507.29,1825.59,0.00,4066867248.74,6677745503.44,0.00,0.00,0.00,0.00,242137793,652520034,44514825,253981974
18446744069212.26,4488954.17,4662967.82,995356.51,174013.65,2079.95,2079.95,1011.81,0.00,4066867248.74,6677745503.44,0.00,0.00,0.00,0.00,241707818,652756099,44514825,254708350
18446744069214.26,4491430.16,4665443.81,995521.36,174013.65,2475.99,2475.99,164.85,0.00,4066867248.74,6677745503.44,0.00,0.00,0.00,0.00,241943932,653153839,44514825,254708350
18446744069216.26,4493925.84,4667939.49,997777.07,174013.65,2495.68,2495.68,2255.71,0.00,4066867248.74,6677745503.44,0.00,0.00,0.00,0.00,242475584,653261081,44514825,254708350
18446744069218.26,4496229.44,4670243.09,998651.83,174013.65,2303.60,2303.60,874.75,0.00,4066867248.74,6677745503.44,0.00,0.00,0.00,0.00,242060003,653422782,44514825,255551951
18446744069220.26,4498738.05,4672751.70,999999.81,174013.65,2508.61,2508.61,1347.98,0.00,4066867248.74,6677745503.44,0.00,0.00,0.00,0.00,242625399,653499590,44514825,255551951
18446744069222.37,4501196.73,4675210.38,1002254.58,174013.65,2458.68,2458.68,2254.77,0.00,4066867248.74,6677745503.44,0.00,0.00,0.00,0.00,242231347,653601528,44514825,256473487
18446744069224.37,4503698.24,4677711.89,1002412.58,174013.65,2501.51,2501.51,158.00,0.00,4066867248.74,6677745503.44,0.00,0.00,0.00,0.00,242660656,653812606,44514825,256473487
18446744069226.37,4506096.43,4680110.08,1003766.69,174013.65,2398.19,2398.19,1354.11,0.00,4066867248.74,6677745503.44,0.00,0.00,0.00,0.00,242618739,654081360,44514825,256860587
18446744069228.37,4508563.61,4682577.26,1003766.69,174013.65,2467.18,2467.18,0.00,0.00,4066867248.74,6677745503.44,0.00,0.00,0.00,0.00,242832911,654498786,44514825,256860587
18446744069230.37,4511040.85,4685054.50,1004948.74,174013.65,2477.24,2477.24,1182.05,0.00,4066867248.74,6677745503.44,0.00,0.00,0.00,0.00,243146649,654819222,44514825,256860587
18446744069232.37,4513421.21,4687434.86,1005666.03,174013.65,2380.36,2380.36,717.29,0.00,4066867248.74,6677745503.44,0.00,0.00,0.00,0.00,242896981,655192029,44514825,257346819
18446744069234.37,4515929.63,4689943.28,1005702.00,174013.65,2508.43,2508.43,35.97,0.00,4066867248.74,6677745503.44,0.00,0.00,0.00,0.00,243215740,655515427,44514825,257346819
18446744069236.37,4518327.68,4692341.32,1007039.79,174013.65,2398.04,2398.04,1337.79,0.00,4066867248.74,6677745503.44,0.00,0.00,0.00,0.00,243303404,655689979,44514825,257698502
18446744069238.37,4520823.32,4694836.97,1007039.79,174013.65,2495.64,2495.64,0.00,0.00,4066867248.74,6677745503.44,0.00,0.00,0.00,0.00,243600580,656031688,44514825,257698502
18446744069240.37,4523110.22,4698412.29,1007039.79,175302.06,2286.90,3575.32,0.00,1288.41,4066867248.74,6677745503.44,0.00,0.00,0.00,0.00,243989428,656228287,44751987,257698502
18446744069242.37,4525159.73,4702649.37,1007039.79,177489.64,2049.50,4237.08,0.00,2187.58,4066867248.74,6677745503.44,0.00,0.00,0.00,0.00,244153378,656589010,45187743,257698502
18446744069244.37,4527527.95,4705940.77,1007039.79,178412.82,2368.22,3291.41,0.00,923.18,4066867248.74,6677745503.44,0.00,0.00,0.00,0.00,244528631,656820022,45640646,257698502
18446744069246.37,4529801.90,4709994.57,1007039.79,180192.67,2273.95,4053.80,0.00,1779.84,4066867248.74,6677745503.44,0.00,0.00,0.00,0.00,244887389,657043396,46096286,257698502
18446744069248.37,4532320.80,4712513.47,1007039.79,180192.67,2518.90,2518.90,0.00,0.00,4066867248.74,6677745503.44,0.00,0.00,0.00,0.00,245324958,657250665,46096286,257698502
18446744069250.37,4534728.13,4715460.80,1007039.79,180732.67,2407.33,2947.33,0.00,540.00,4066867248.74,6677745503.44,0.00,0.00,0.00,0.00,245581472,657610427,46096286,257698502
18446744069252.37,4537086.47,4718810.29,1007039.79,181723.82,2358.34,3349.49,0.00,991.15,4066867248.74,6677745503.44,0.00,0.00,0.00,0.00,245687602,658108032,46488261,257698502
18446744069254.37,4539582.19,4721306.01,1007039.79,181723.82,2495.72,2495.72,0.00,0.00,4066867248.74,6677745503.44,0.00,0.00,0.00,0.00,245975140,658459398,46488261,257698502
18446744069256.37,4541864.02,4725183.84,1007039.79,183319.82,2281.84,3877.84,0.00,1596.00,4066867248.74,6677745503.44,0.00,0.00,0.00,0.00,246236752,658781936,46488261,257698502
18446744069258.37,4544332.35,4727831.71,1007039.79,183499.36,2468.32,2647.86,0.00,179.54,4066867248.74,6677745503.44,0.00,0.00,0.00,0.00,246530844,659119735,46942799,257698502
18446744069260.37,4546774.52,4730509.88,1007039.79,183735.36,2442.17,2678.17,0.00,236.00,4066867248.74,6677745503.44,0.00,0.00,0.00,0.00,246806890,659468884,46942799,257698502
18446744069262.37,4549101.46,4734115.45,1007039.79,185013.98,2326.95,3605.57,0.00,1278.62,4066867248.74,6677745503.44,0.00,0.00,0.00,0.00,247099548,659771924,47330543,257698502
18446744069264.37,4551598.00,4736611.99,1007039.79,185013.98,2496.54,2496.54,0.00,0.00,4066867248.74,6677745503.44,0.00,0.00,0.00,0.00,247282389,660228198,47330543,257698502
18446744069266.37,4554080.61,4740191.26,1007039.79,186110.65,2482.61,3579.27,0.00,1096.67,4066867248.74,6677745503.44,0.00,0.00,0.00,0.00,247650668,660495466,47330543,257698502
18446744069268.37,4556557.91,4744614.80,1007039.79,188056.89,2477.30,4423.54,0.00,1946.23,4066867248.74,6677745503.44,0.00,0.00,0.00,0.00,247921180,660859144,47848374,257698502
18446744069270.37,4559006.73,4748266.31,1007039.79,189259.57,2448.82,3651.51,0.00,1202.69,4066867248.74,6677745503.44,0.00,0.00,0.00,0.00,248084828,661322394,48370894,257698502
18446744069272.37,4561097.27,4752625.51,1007039.79,191528.23,2090.54,4359.20,0.00,2268.66,4066867248.74,6677745503.44,0.00,0.00,0.00,0.00,248203482,661738918,48775543,257698502
18446744069274.37,4563456.98,4755772.37,1007039.79,192315.39,2359.71,3146.86,0.00,787.16,4066867248.74,6677745503.44,0.00,0.00,0.00,0.00,248475707,662070778,49199263,257698502
18446744069276.37,4565934.02,4758998.53,1007039.79,193064.51,2477.04,3226.16,0.00,749.12,4066867248.74,6677745503.44,0.00,0.00,0.00,0.00,248662516,662518090,49199263,257698502
18446744069278.37,4568467.84,4762834.81,1007039.79,194366.97,2533.82,3836.28,0.00,1302.46,4066867248.74,6677745503.44,0.00,0.00,0.00,0.00,248865704,662963561,49724467,257698502
18446744069280.37,4570945.07,4765312.04,1007039.79,194366.97,2477.23,2477.23,0.00,0.00,4066867248.74,6677745503.44,0.00,0.00,0.00,0.00,249020902,663442533,49724467,257698502
18446744069282.37,4573438.98,4767805.95,1009001.50,194366.97,2493.92,2493.92,1961.70,0.00,4066867248.74,6677745503.44,0.00,0.00,0.00,0.00,249268781,663833097,49724467,257698502
18446744069284.37,4575813.74,4770180.71,1009250.74,194366.97,2374.75,2374.75,249.24,0.00,4066867248.74,6677745503.44,0.00,0.00,0.00,0.00,249189561,663954252,49724467,258264504
18446744069286.37,4578326.21,4772693.18,1010187.75,194366.97,2512.48,2512.48,937.02,0.00,4066867248.74,6677745503.44,0.00,0.00,0.00,0.00,249471318,664315689,49724467,258264504
18446744069288.37,4580683.01,4775049.98,1011008.80,194366.97,2356.80,2356.80,821.05,0.00,4066867248.74,6677745503.44,0.00,0.00,0.00,0.00,249185413,664754870,49724467,258714568
18446744069290.37,4583210.26,4777577.23,1011008.80,194366.97,2527.25,2527.25,0.00,0.00,4066867248.74,6677745503.44,0.00,0.00,0.00,0.00,249553894,665033365,49724467,258714568
18446744069292.37,4585597.50,4779964.46,1012607.64,194366.97,2387.23,2387.23,1598.84,0.00,4066867248.74,6677745503.44,0.00,0.00,0.00,0.00,249342449,665446638,49724467,259123872
18446744069294.37,4588124.68,4782491.65,1012607.64,194366.97,2527.18,2527.18,0.00,0.00,4066867248.74,6677745503.44,0.00,0.00,0.00,0.00,249679738,665756308,49724467,259123872
18446744069296.37,4590653.97,4785020.94,1013577.16,194366.97,2529.29,2529.29,969.52,0.00,4066867248.74,6677745503.44,0.00,0.00,0.00,0.00,249939323,666144222,49724467,259123872
18446744069298.37,4593054.27,4787421.24,1014644.55,194366.97,2400.30,2400.30,1067.39,0.00,4067664929.69,6678568914.99,797680.95,823411.55,0.00,0.00,249922280,666254294,49724467,259645320
18446744069300.37,4595590.36,4789957.33,1014644.55,194366.97,2536.09,2536.09,0.00,0.00,4067664929.69,6678568914.99,0.00,0.00,0.00,0.00,250231003,666594810,49724467,259645320
18446744069302.37,4598003.85,4792370.82,1016614.25,194366.97,2413.48,2413.48,1969.70,0.00,4067664929.69,6678568914.99,0.00,0.00,0.00,0.00,250319339,666620090,49724467,260149556
18446744069304.37,4600558.95,4794925.92,1016614.25,194366.97,2555.10,2555.10,0.00,0.00,4067664929.69,6678568914.99,0.00,0.00,0.00,0.00,250786103,666807432,49724467,260149556
18446744069306.37,4603065.44,4797432.41,1017698.07,194366.97,2506.49,2506.49,1083.81,0.00,4067664929.69,6678568914.99,0.00,0.00,0.00,0.00,251105458,667129739,49724467,260149556
18446744069308.37,4605455.03,4799822.00,1018651.07,194366.97,2389.59,2389.59,953.00,0.00,4067664929.69,6678568914.99,0.00,0.00,0.00,0.00,251114706,667210801,49724467,260670980
18446744069310.38,4608000.09,4802367.06,1018651.07,194366.97,2545.07,2545.07,0.00,0.00,4067664929.69,6678568914.99,0.00,0.00,0.00,0.00,251535612,667441432,49724467,260670980
18446744069312.37,4610544.24,4804911.21,1021002.38,194366.97,2544.15,2544.15,2351.31,0.00,4067664929.69,6678568914.99,0.00,0.00,0.00,0.00,251898352,667729994,49724467,260670980
18446744069314.38,4612796.95,4807163.92,1021881.35,194366.97,2252.71,2252.71,878.97,0.00,4067664929.69,6678568914.99,0.00,0.00,0.00,0.00,251407730,667970390,49724467,261497900
18446744069316.37,4615316.24,4809683.21,1023130.38,194366.97,2519.29,2519.29,1249.03,0.00,4067664929.69,6678568914.99,0.00,0.00,0.00,0.00,251717263,668305794,49724467,261497900
18446744069318.38,4617622.70,4811989.67,1025036.60,194366.97,2306.46,2306.46,1906.22,0.00,4067664929.69,6678568914.99,0.00,0.00,0.00,0.00,251224905,668580862,49724467,262305644
18446744069320.37,4620121.14,4814488.11,1025036.60,194366.97,2498.44,2498.44,0.00,0.00,4067664929.69,6678568914.99,0.00,0.00,0.00,0.00,251417466,669027901,49724467,262305644
18446744069322.38,4622628.77,4816995.74,1027051.25,194366.97,2507.64,2507.64,2014.66,0.00,4067664929.69,6678568914.99,0.00,0.00,0.00,0.00,251659168,669428154,49724467,262305644
18446744069324.38,4625026.29,4819393.26,1027316.95,194366.97,2397.52,2397.52,265.70,0.00,4067664929.69,6678568914.99,0.00,0.00,0.00,0.00,251479486,669637830,49724467,262889414
18446744069326.37,4627553.16,4821920.13,1028240.96,194366.97,2526.87,2526.87,924.01,0.00,4067664929.69,6678568914.99,0.00,0.00,0.00,0.00,251796624,669967571,49724467,262889414
18446744069328.38,4629935.68,4824302.65,1029261.57,194366.97,2382.52,2382.52,1020.61,0.00,4067664929.69,6678568914.99,0.00,0.00,0.00,0.00,251604133,670272166,49724467,263387236
18446744069330.37,4632516.32,4826883.29,1029261.57,194366.97,2580.64,2580.64,0.00,0.00,4067664929.69,6678568914.99,0.00,0.00,0.00,0.00,251868580,670668362,49724467,263387236
18446744069332.38,4635077.57,4829444.54,1031466.94,194366.97,2561.25,2561.25,2205.38,0.00,4067664929.69,6678568914.99,0.00,0.00,0.00,0.00,252237739,670954882,49724467,263387236
18446744069334.37,4637504.39,4831871.36,1031550.99,194366.97,2426.82,2426.82,84.05,0.00,4067664929.69,6678568914.99,0.00,0.00,0.00,0.00,251959712,671268083,49724467,263973328
18446744069336.38,4640082.41,4834449.38,1032771.38,194366.97,2578.03,2578.03,1220.39,0.00,4067664929.69,6678568914.99,0.00,0.00,0.00,0.00,252482648,671405122,49724467,263973328
18446744069338.38,4642595.68,4836962.64,1033612.04,194366.97,2513.26,2513.26,840.66,0.00,4067664929.69,6678568914.99,0.00,0.00,0.00,0.00,252443081,671560456,49724467,264500956
18446744069340.37,4645233.51,4839600.48,1033910.77,194366.97,2637.83,2637.83,298.73,0.00,4067664929.69,6678568914.99,0.00,0.00,0.00,0.00,253042048,671636774,49724467,264500956
18446744069342.38,4647735.75,4842102.71,1035780.68,194366.97,2502.24,2502.24,1869.91,0.00,4067664929.69,6678568914.99,0.00,0.00,0.00,0.00,252838349,671925890,49724467,265056112
18446744069344.37,4650423.97,4844790.94,1035780.68,194366.97,2688.22,2688.22,0.00,0.00,4067664929.69,6678568914.99,0.00,0.00,0.00,0.00,253135594,672316830,49724467,265056112
18446744069346.38,4653124.54,4847491.51,1037488.11,194366.97,2700.57,2700.57,1707.44,0.00,4067664929.69,6678568914.99,0.00,0.00,0.00,0.00,253333030,672810741,49724467,265056112
18446744069348.37,4655642.53,4850009.50,1038054.57,194366.97,2517.98,2517.98,566.45,0.00,4067664929.69,6678568914.99,0.00,0.00,0.00,0.00,252960042,673246217,49724467,265638228
18446744069350.38,4658346.34,4852713.31,1039028.35,194366.97,2703.81,2703.81,973.79,0.00,4067664929.69,6678568914.99,0.00,0.00,0.00,0.00,253048500,673849935,49724467,265638228
18446744069352.37,4660921.93,4855288.90,1040178.64,194366.97,2575.59,2575.59,1150.29,0.00,4067664929.69,6678568914.99,0.00,0.00,0.00,0.00,252670388,674344188,49724467,266181438
18446744069354.38,4663632.82,4857999.79,1040456.63,194366.97,2710.89,2710.89,277.99,0.00,4067664929.69,6678568914.99,0.00,0.00,0.00,0.00,252863754,674844810,49724467,266181438
18446744069356.38,4666110.59,4860477.55,1042375.94,194366.97,2477.77,2477.77,1919.31,0.00,4067664929.69,6678568914.99,0.00,0.00,0.00,0.00,252465670,675314692,49724467,266743948
18446744069358.37,4668854.63,4863221.60,1042375.94,194366.97,2744.04,2744.04,0.00,0.00,4067664929.69,6678568914.99,0.00,0.00,0.00,0.00,252581037,675901800,49724467,266743948
18446744069360.38,4671547.11,4865914.08,1044125.08,194366.97,2692.48,2692.48,1749.14,0.00,4067664929.69,6678568914.99,0.00,0.00,0.00,0.00,252911997,676260116,49724467,266743948
18446744069362.37,4673949.70,4868316.67,1044559.25,194366.97,2402.59,2402.59,434.16,0.00,4067664929.69,6678568914.99,0.00,0.00,0.00,0.00,252513214,676715044,49724467,267302866
18446744069364.38,4676471.70,4870838.66,1045381.82,194366.97,2521.99,2521.99,822.57,0.00,4067664929.69,6678568914.99,0.00,0.00,0.00,0.00,252779192,677094696,49724467,267302866
18446744069366.37,4678829.50,4873196.47,1046896.93,194366.97,2357.80,2357.80,1515.11,0.00,4067664929.69,6678568914.99,0.00,0.00,0.00,0.00,252344248,677534792,49724467,267901312
18446744069368.38,4681361.12,4875728.09,1046896.93,194366.97,2531.62,2531.62,0.00,0.00,4067664929.69,6678568914.99,0.00,0.00,0.00,0.00,252636231,677890903,49724467,267901312
18446744069370.38,4683860.03,4878227.00,1048864.52,194366.97,2498.91,2498.91,1967.59,0.00,4067664929.69,6678568914.99,0.00,0.00,0.00,0.00,252936291,678230564,49724467,267901312
18446744069372.37,4686257.81,4880624.78,1049332.00,194366.97,2397.78,2397.78,467.48,0.00,4067664929.69,6678568914.99,0.00,0.00,0.00,0.00,252595647,678561660,49724467,268524692
18446744069374.38,4688788.10,4883155.07,1050223.39,194366.97,2530.29,2530.29,891.39,0.00,4067664929.69,6678568914.99,0.00,0.00,0.00,0.00,252819968,678985093,49724467,268524692
18446744069376.37,4691130.18,4885497.15,1051794.41,194366.97,2342.09,2342.09,1571.02,0.00,4067664929.69,6678568914.99,0.00,0.00,0.00,0.00,252557188,679217071,49724467,269155068
18446744069378.38,4693649.55,4888016.52,1051794.41,194366.97,2519.37,2519.37,0.00,0.00,4067664929.69,6678568914.99,0.00,0.00,0.00,0.00,252781024,679638193,49724467,269155068
18446744069380.37,4696132.33,4890499.30,1053770.89,194366.97,2482.78,2482.78,1976.48,0.00,4067664929.69,6678568914.99,0.00,0.00,0.00,0.00,252891820,680162988,49724467,269155068
18446744069382.38,4698474.68,4892841.65,1054083.46,194366.97,2342.35,2342.35,312.56,0.00,4067664929.69,6678568914.99,0.00,0.00,0.00,0.00,252536022,680532432,49724467,269741064
18446744069384.37,4700988.33,4895355.30,1054818.72,194366.97,2513.65,2513.65,735.27,0.00,4067664929.69,6678568914.99,0.00,0.00,0.00,0.00,252914397,680797552,49724467,269741064
18446744069386.38,4703334.82,4897701.79,1056302.57,194366.97,2346.48,2346.48,1483.85,0.00,4067664929.69,6678568914.99,0.00,0.00,0.00,0.00,252437218,681307337,49724467,270309158
18446744069388.38,4705829.42,4900196.39,1056302.57,194366.97,2494.61,2494.61,0.00,0.00,4067664929.69,6678568914.99,0.00,0.00,0.00,0.00,252547762,681835412,49724467,270309158
18446744069390.37,4708337.94,4902704.91,1058194.94,194366.97,2508.52,2508.52,1892.36,0.00,4067664929.69,6678568914.99,0.00,0.00,0.00,0.00,252647583,682377772,49724467,270309158
18446744069392.38,4710680.20,4905047.17,1058505.21,194366.97,2342.26,2342.26,310.27,0.00,4067664929.69,6678568914.99,0.00,0.00,0.00,0.00,252264216,682796884,49724467,270873032
18446744069394.37,4713175.89,4907542.86,1059178.02,194366.97,2495.69,2495.69,672.81,0.00,4067664929.69,6678568914.99,0.00,0.00,0.00,0.00,252474028,683225968,49724467,270873032
18446744069396.38,4715468.49,4909835.46,1061257.43,194366.97,2292.60,2292.60,2079.41,0.00,4067664929.69,6678568914.99,0.00,0.00,0.00,0.00,251984081,683598252,49724467,271577600
18446744069398.37,4717977.22,4912344.19,1061257.43,194366.97,2508.73,2508.73,0.00,0.00,4067664929.69,6678568914.99,0.00,0.00,0.00,0.00,252349372,683875196,49724467,271577600
18446744069400.38,4720101.30,4916317.67,1061257.43,196216.37,2124.08,3973.48,0.00,1849.40,4067664929.69,6678568914.99,0.00,0.00,0.00,0.00,252540180,684228153,50142097,271577600
18446744069402.38,4722470.73,4919232.43,1061257.43,196761.70,2369.43,2914.76,0.00,545.33,4067664929.69,6678568914.99,0.00,0.00,0.00,0.00,252805615,684569292,50336997,271577600
18446744069404.37,4724928.93,4921918.62,1061257.43,196989.70,2458.20,2686.20,0.00,228.00,4067664929.69,6678568914.99,0.00,0.00,0.00,0.00,253077134,684927072,50336997,271577600
18446744069406.38,4726852.48,4926203.48,1061257.43,199351.00,1923.55,4284.86,0.00,2361.30,4067664929.69,6678568914.99,0.00,0.00,0.00,0.00,253306035,685190600,50696755,271577600
18446744069408.37,4729277.83,4928988.05,1061257.43,199710.22,2425.35,2784.57,0.00,359.22,4067664929.69,6678568914.99,0.00,0.00,0.00,0.00,253323750,685793774,51091819,271577600
18446744069410.38,4731639.39,4932299.61,1061257.43,200660.22,2361.56,3311.56,0.00,950.00,4067664929.69,6678568914.99,0.00,0.00,0.00,0.00,253368348,686353736,51091819,271577600
18446744069412.37,4734032.35,4935505.62,1061257.43,201473.27,2392.96,3206.01,0.00,813.05,4067664929.69,6678568914.99,0.00,0.00,0.00,0.00,253528702,686805980,51543159,271577600
18446744069414.38,4736574.46,4938047.73,1061257.43,201473.27,2542.11,2542.11,0.00,0.00,4067664929.69,6678568914.99,0.00,0.00,0.00,0.00,254036669,686948794,51543159,271577600
18446744069416.37,4738844.70,4941758.76,1061257.43,202914.05,2270.24,3711.03,0.00,1440.79,4067664929.69,6678568914.99,0.00,0.00,0.00,0.00,254341522,687225122,51912001,271577600
18446744069418.38,4741354.79,4944268.85,1061257.43,202914.05,2510.09,2510.09,0.00,0.00,4067664929.69,6678568914.99,0.00,0.00,0.00,0.00,254708811,687500416,51912001,271577600
18446744069420.38,4743726.56,4947304.62,1061257.43,203578.05,2371.77,3035.77,0.00,664.00,4067664929.69,6678568914.99,0.00,0.00,0.00,0.00,254927856,687888544,51912001,271577600
18446744069422.37,4745663.70,4951571.14,1061257.43,205907.44,1937.14,4266.52,0.00,2329.38,4067664929.69,6678568914.99,0.00,0.00,0.00,0.00,255341587,687970720,52267171,271577600
18446744069424.38,4748164.46,4954206.71,1061257.43,206042.25,2500.77,2635.58,0.00,134.81,4067664929.69,6678568914.99,0.00,0.00,0.00,0.00,255739794,688212709,52712819,271577600
18446744069426.37,4750410.34,4957828.59,1061257.43,207418.25,2245.88,3621.88,0.00,1376.00,4067664929.69,6678568914.99,0.00,0.00,0.00,0.00,255987718,688539730,52712819,271577600
18446744069428.38,4752835.44,4960533.69,1061257.43,207698.25,2425.10,2705.09,0.00,280.00,4067664929.69,6678568914.99,0.00,0.00,0.00,0.00,256148289,688999984,53136754,271577600
18446744069430.37,4755314.06,4963012.31,1061257.43,207698.25,2478.62,2478.62,0.00,0.00,4067664929.69,6678568914.99,0.00,0.00,0.00,0.00,256454836,689327964,53136754,271577600
18446744069432.38,4757529.45,4966848.30,1061257.43,209318.86,2215.38,3835.99,0.00,1620.61,4067664929.69,6678568914.99,0.00,0.00,0.00,0.00,256712558,689637380,53551630,271577600
18446744069434.38,4760048.37,4969367.22,1061257.43,209318.86,2518.92,2518.92,0.00,0.00,4067664929.69,6678568914.99,0.00,0.00,0.00,0.00,257200628,689794154,53551630,271577600
18446744069436.37,4762399.00,4972633.86,1061257.43,210234.86,2350.63,3266.63,0.00,916.00,4067664929.69,6678568914.99,0.00,0.00,0.00,0.00,257626340,689970204,53551630,271577600
18446744069438.38,4764445.62,4976601.09,1061257.43,212155.47,2046.62,3967.24,0.00,1920.62,4067664929.69,6678568914.99,0.00,0.00,0.00,0.00,257916233,690204246,54277804,271577600
18446744069440.37,4766933.99,4979089.46,1061257.43,212155.47,2488.37,2488.37,0.00,0.00,4067664929.69,6678568914.99,0.00,0.00,0.00,0.00,258233560,690523942,54277804,271577600
18446744069442.38,4769397.88,4981553.35,1062110.57,212155.47,2463.88,2463.88,853.14,0.00,4067664929.69,6678568914.99,0.00,0.00,0.00,0.00,258354437,690815414,54277804,271796005
18446744069444.37,4771934.67,4984090.14,1062110.57,212155.47,2536.79,2536.79,0.00,0.00,4067664929.69,6678568914.99,0.00,0.00,0.00,0.00,258729447,691089823,54277804,271796005
18446744069446.38,4774447.64,4986603.12,1062576.74,212155.47,2512.98,2512.98,466.17,0.00,4067664929.69,6678568914.99,0.00,0.00,0.00,0.00,259158775,691303817,54277804,271796005
18446744069448.37,4776805.59,4988961.06,1064145.09,212155.47,2357.94,2357.94,1568.34,0.00,4067664929.69,6678568914.99,0.00,0.00,0.00,0.00,259041943,691503446,54277804,272316841
18446744069450.38,4779359.37,4991514.84,1064145.09,212155.47,2553.78,2553.78,0.00,0.00,4067664929.69,6678568914.99,0.00,0.00,0.00,0.00,259592047,691607110,54277804,272316841
18446744069452.38,4781926.04,4994081.51,1065828.22,212155.47,2566.67,2566.67,1683.13,0.00,4067664929.69,6678568914.99,0.00,0.00,0.00,0.00,260179627,691676598,54277804,272316841
18446744069454.37,4784292.59,4996448.07,1066403.48,212155.47,2366.55,2366.55,575.26,0.00,4067664929.69,6678568914.99,0.00,0.00,0.00,0.00,259872957,692010958,54277804,272894989
18446744069456.38,4786826.66,4998982.14,1066959.73,212155.47,2534.07,2534.07,556.25,0.00,4067664929.69,6678568914.99,0.00,0.00,0.00,0.00,260201239,692331398,54277804,272894989
18446744069458.37,4789210.61,5001366.08,1068500.57,212155.47,2383.95,2383.95,1540.84,0.00,4067664929.69,6678568914.99,0.00,0.00,0.00,0.00,259919433,692686638,54277804,273431845
18446744069460.38,4791775.68,5003931.15,1068500.57,212155.47,2565.07,2565.07,0.00,0.00,4067664929.69,6678568914.99,0.00,0.00,0.00,0.00,260395347,692867382,54277804,273431845
18446744069462.37,4794311.62,5006467.09,1070314.99,212155.47,2535.94,2535.94,1814.42,0.00,4067664929.69,6678568914.99,0.00,0.00,0.00,0.00,260792112,693119818,54277804,273431845
18446744069464.38,4796649.81,5008805.29,1070702.35,212155.47,2338.19,2338.19,387.36,0.00,4067664929.69,6678568914.99,0.00,0.00,0.00,0.00,260411197,693535654,54277804,273995501
18446744069466.38,4799182.46,5011337.93,1071302.01,212155.47,2532.65,2532.65,599.66,0.00,4067664929.69,6678568914.99,0.00,0.00,0.00,0.00,260882215,693712994,54277804,273995501
18446744069468.37,4801547.32,5013702.80,1072538.57,212155.47,2364.86,2364.86,1236.56,0.00,4067664929.69,6678568914.99,0.00,0.00,0.00,0.00,260747432,693983110,54277804,274465573
18446744069470.38,4804098.89,5016254.37,1072538.57,212155.47,2551.57,2551.57,0.00,0.00,4067664929.69,6678568914.99,0.00,0.00,0.00,0.00,261040713,694343031,54277804,274465573
18446744069472.37,4806635.46,5018790.94,1074207.40,212155.47,2536.57,2536.57,1668.83,0.00,4067664929.69,6678568914.99,0.00,0.00,0.00,0.00,261466372,694566734,54277804,274465573
18446744069474.38,4809023.71,5021179.18,1074499.40,212155.47,2388.25,2388.25,292.00,0.00,4067664929.69,6678568914.99,0.00,0.00,0.00,0.00,261421326,694721198,54277804,274967546
18446744069476.37,4811546.34,5023701.82,1075144.12,212155.47,2522.63,2522.63,644.71,0.00,4067664929.69,6678568914.99,0.00,0.00,0.00,0.00,261612444,695175874,54277804,274967546
18446744069478.38,4813846.18,5026001.65,1077168.49,212155.47,2299.83,2299.83,2024.38,0.00,4067664929.69,6678568914.99,0.00,0.00,0.00,0.00,261127825,695565963,54277804,275650833
18446744069480.38,4816369.89,5028525.36,1077168.49,212155.47,2523.71,2523.71,0.00,0.00,4067664929.69,6678568914.99,0.00,0.00,0.00,0.00,261342465,695997394,54277804,275650833
18446744069482.38,4818903.75,5031059.22,1079257.34,212155.47,2533.86,2533.86,2088.85,0.00,4067664929.69,6678568914.99,0.00,0.00,0.00,0.00,261461033,696527493,54277804,275650833
18446744069484.38,4821425.23,5033580.70,1081909.28,212155.47,2521.48,2521.48,2651.94,0.00,4067664929.69,6678568914.99,0.00,0.00,0.00,0.00,261582345,697051680,54277804,275650833
18446744069486.37,4823376.90,5035532.38,1083127.90,212155.47,1951.68,1951.68,1218.62,0.00,4067664929.69,6678568914.99,0.00,0.00,0.00,0.00,260330813,697368295,54277804,277085379
18446744069488.38,4825873.18,5038028.65,1085746.23,212155.47,2496.28,2496.28,2618.34,0.00,4067664929.69,6678568914.99,0.00,0.00,0.00,0.00,260471051,697867104,54277804,277085379
18446744069490.61,4828154.23,5040309.70,1088156.91,212155.47,2281.05,2281.05,2410.67,0.00,4067664929.69,6678568914.99,0.00,0.00,0.00,0.00,259301171,698242445,54277804,278463867
18446744069492.60,4830630.23,5042785.70,1089680.81,212155.47,2476.00,2476.00,1523.91,0.00,4067664929.69,6678568914.99,0.00,0.00,0.00,0.00,259458117,698719355,54277804,278463867
18446744069494.61,4833109.75,5045265.22,1092301.75,212155.47,2479.52,2479.52,2620.94,0.00,4067664929.69,6678568914.99,0.00,0.00,0.00,0.00,259691731,699120498,54277804,278463867
18446744069496.61,4835139.11,5047294.59,1094299.38,212155.47,2029.36,2029.36,1997.62,0.00,4067664929.69,6678568914.99,0.00,0.00,0.00,0.00,258384376,699374914,54277804,280036323
18446744069498.61,4837619.84,5049775.31,1096713.48,212155.47,2480.72,2480.72,2414.11,0.00,4067664929.69,6678568914.99,0.00,0.00,0.00,0.00,258676987,699717368,54277804,280036323
18446744069500.61,4840093.34,5052248.81,1099353.84,212155.47,2473.50,2473.50,2640.35,0.00,4067664929.69,6678568914.99,0.00,0.00,0.00,0.00,258787027,700240544,54277804,280036323
18446744069502.60,4842089.05,5054244.52,1100752.12,212155.47,1995.71,1995.71,1398.28,0.00,4067664929.69,6678568914.99,0.00,0.00,0.00,0.00,257353717,700702199,54277804,281518881
18446744069504.61,4844571.66,5056727.13,1103385.22,212155.47,2482.61,2482.61,2633.10,0.00,4067664929.69,6678568914.99,0.00,0.00,0.00,0.00,257429437,701262026,54277804,281518881
18446744069506.84,4846861.05,5059016.52,1105855.23,212155.47,2289.39,2289.39,2470.01,0.00,4067664929.69,6678568914.99,0.00,0.00,0.00,0.00,256063667,701738156,54277804,282994605
18446744069508.83,4849350.98,5061506.46,1107307.78,212155.47,2489.94,2489.94,1452.55,0.00,4067664929.69,6678568914.99,0.00,0.00,0.00,0.00,256270749,702168498,54277804,282994605
18446744069510.84,4851716.48,5063871.95,1107394.60,212155.47,2365.49,2365.49,86.82,0.00,4067664929.69,6678568914.99,0.00,0.00,0.00,0.00,255976233,702674500,54277804,283388685
18446744069512.83,4854180.38,5066335.85,1107792.90,212155.47,2463.90,2463.90,398.30,0.00,4067664929.69,6678568914.99,0.00,0.00,0.00,0.00,256003425,703278066,54277804,283388685
18446744069514.83,4856680.15,5068835.62,1110276.49,212155.47,2499.78,2499.78,2483.59,0.00,4067664929.69,6678568914.99,0.00,0.00,0.00,0.00,256230977,703690457,54277804,283388685
18446744069516.83,4858891.98,5071047.46,1110542.86,212155.47,2211.83,2211.83,266.37,0.00,4067664929.69,6678568914.99,0.00,0.00,0.00,0.00,255451115,704230594,54277804,284194639
18446744069518.83,4861367.56,5073523.04,1112098.48,212155.47,2475.58,2475.58,1555.62,0.00,4067664929.69,6678568914.99,0.00,0.00,0.00,0.00,255555451,704760006,54277804,284194639
18446744069520.84,4863865.90,5076021.38,1114693.68,212155.47,2498.34,2498.34,2595.20,0.00,4067664929.69,6678568914.99,0.00,0.00,0.00,0.00,255697548,705257484,54277804,284194639
18446744069522.83,4865861.81,5078017.28,1116379.59,212155.47,1995.91,1995.91,1685.91,0.00,4067664929.69,6678568914.99,0.00,0.00,0.00,0.00,254405133,705566649,54277804,285688841
18446744069524.84,4868122.53,5081779.09,1116379.59,213656.56,2260.72,3761.81,0.00,1501.09,4067664929.69,6678568914.99,0.00,0.00,0.00,0.00,254519541,706030986,54662083,285688841
18446744069526.83,4870630.42,5084286.98,1116379.59,213656.56,2507.89,2507.89,0.00,0.00,4067664929.69,6678568914.99,0.00,0.00,0.00,0.00,254719221,706473325,54662083,285688841
18446744069528.84,4872996.46,5087599.03,1116379.59,214602.56,2366.05,3312.05,0.00,946.00,4067664929.69,6678568914.99,0.00,0.00,0.00,0.00,254884351,706913903,54662083,285688841
18446744069530.83,4875470.52,5090200.52,1116379.59,214730.00,2474.05,2601.49,0.00,127.44,4067664929.69,6678568914.99,0.00,0.00,0.00,0.00,255055817,707375794,54936827,285688841
18446744069532.83,4878019.80,5092749.80,1116379.59,214730.00,2549.29,2549.29,0.00,0.00,4067664929.69,6678568914.99,0.00,0.00,0.00,0.00,255277561,707806668,54936827,285688841
18446744069534.83,4880320.68,5096410.93,1116379.59,216090.25,2300.87,3661.12,0.00,1360.25,4067664929.69,6678568914.99,0.00,0.00,0.00,0.00,255430347,708242905,55285051,285688841
18446744069536.83,4882826.84,5098917.09,1116379.59,216090.25,2506.17,2506.17,0.00,0.00,4067664929.69,6678568914.99,0.00,0.00,0.00,0.00,255624299,708690532,55285051,285688841
18446744069538.84,4885194.31,5102150.56,1116379.59,216956.25,2367.46,3233.46,0.00,866.00,4067664929.69,6678568914.99,0.00,0.00,0.00,0.00,255704445,709216457,55285051,285688841
18446744069540.83,4887547.73,5105365.94,1116379.59,217818.20,2353.43,3215.38,0.00,861.95,4067664929.69,6678568914.99,0.00,0.00,0.00,0.00,255898433,709624946,55727407,285688841
18446744069542.84,4890059.32,5107877.53,1116379.59,217818.20,2511.59,2511.59,0.00,0.00,4067664929.69,6678568914.99,0.00,0.00,0.00,0.00,256190150,709976196,55727407,285688841
18446744069544.83,4892293.95,5111746.88,1116379.59,219452.94,2234.62,3869.36,0.00,1634.73,4067664929.69,6678568914.99,0.00,0.00,0.00,0.00,256585879,710152530,56083821,285688841
18446744069546.83,4894833.83,5116026.32,1116379.59,221192.49,2539.89,4279.44,0.00,1739.55,4067664929.69,6678568914.99,0.00,0.00,0.00,0.00,256773393,710615227,56564610,285688841
18446744069548.83,4897330.27,5120303.52,1116379.59,222973.25,2496.44,4277.20,0.00,1780.77,4067664929.69,6678568914.99,0.00,0.00,0.00,0.00,256982914,711044794,57041598,285688841
18446744069550.83,4899907.43,5124827.05,1116379.59,224919.62,2577.16,4523.52,0.00,1946.37,4067664929.69,6678568914.99,0.00,0.00,0.00,0.00,257176941,711510519,57041598,285688841
18446744069552.84,4902405.43,5127510.03,1116379.59,225104.60,2498.00,2682.98,0.00,184.98,4067664929.69,6678568914.99,0.00,0.00,0.00,0.00,257229315,712097634,57592724,285688841
18446744069554.83,4904937.85,5131702.98,1116379.59,226765.13,2532.42,4192.95,0.00,1660.53,4067664929.69,6678568914.99,0.00,0.00,0.00,0.00,257556784,712418465,57592724,285688841
18446744069556.84,4907429.62,5136052.92,1116379.59,228623.29,2491.77,4349.94,0.00,1858.16,4067664929.69,6678568914.99,0.00,0.00,0.00,0.00,257870325,712742818,58162726,285688841
18446744069558.83,4909866.87,5140303.76,1116379.59,230436.89,2437.25,4250.84,0.00,1813.59,4067664929.69,6678568914.99,0.00,0.00,0.00,0.00,258087325,713149753,58734558,285688841
18446744069560.84,4912264.26,5143351.21,1116379.59,231086.95,2397.39,3047.45,0.00,650.06,4067664929.69,6678568914.99,0.00,0.00,0.00,0.00,258261994,713588816,59124206,285688841
18446744069562.83,4914781.61,5145868.55,1116379.59,231086.95,2517.34,2517.34,0.00,0.00,4067664929.69,6678568914.99,0.00,0.00,0.00,0.00,258794716,713700534,59124206,285688841
18446744069564.83,4917280.36,5148367.31,1118261.62,231086.95,2498.75,2498.75,1882.03,0.00,4067664929.69,6678568914.99,0.00,0.00,0.00,0.00,259114573,714020358,59124206,285688841
18446744069566.83,4919642.71,5150729.66,1118419.76,231086.95,2362.35,2362.35,158.14,0.00,4067664929.69,6678568914.99,0.00,0.00,0.00,0.00,258951094,714266378,59124206,286211061
18446744069568.83,4922144.97,5153231.92,1119071.82,231086.95,2502.27,2502.27,652.06,0.00,4067664929.69,6678568914.99,0.00,0.00,0.00,0.00,259092674,714765378,59124206,286211061
18446744069570.84,4924575.29,5155662.24,1119918.29,231086.95,2430.32,2430.32,846.47,0.00,4067664929.69,6678568914.99,0.00,0.00,0.00,0.00,258939529,715157061,59124206,286594685
18446744069572.83,4927090.18,5158177.13,1119918.29,231086.95,2514.89,2514.89,0.00,0.00,4067664929.69,6678568914.99,0.00,0.00,0.00,0.00,259369633,715370768,59124206,286594685
18446744069574.84,4929591.20,5160678.15,1122113.30,231086.95,2501.02,2501.02,2195.01,0.00,4067664929.69,6678568914.99,0.00,0.00,0.00,0.00,259698402,715682261,59124206,286594685
18446744069576.83,4932126.99,5163213.94,1124776.67,231086.95,2535.79,2535.79,2663.38,0.00,4067664929.69,6678568914.99,0.00,0.00,0.00,0.00,259826449,716203376,59124206,286594685
18446744069578.83,4934241.68,5165328.63,1125945.68,231086.95,2114.69,2114.69,1169.00,0.00,4067664929.69,6678568914.99,0.00,0.00,0.00,0.00,258627642,716549864,59124206,287988364
18446744069580.83,4936627.39,5167714.34,1126916.61,231086.95,2385.71,2385.71,970.94,0.00,4067664929.69,6678568914.99,0.00,0.00,0.00,0.00,258329150,717063742,59124206,288383720
18446744069582.83,4939157.20,5170244.15,1126916.61,231086.95,2529.81,2529.81,0.00,0.00,4067664929.69,6678568914.99,0.00,0.00,0.00,0.00,258426224,717614299,59124206,288383720
18446744069584.84,4941703.80,5172790.75,1128903.16,231086.95,2546.60,2546.60,1986.54,0.00,4067664929.69,6678568914.99,0.00,0.00,0.00,0.00,258590580,718101872,59124206,288383720
18446744069586.83,4944260.42,5175347.37,1131522.88,231086.95,2556.62,2556.62,2619.72,0.00,4067664929.69,6678568914.99,0.00,0.00,0.00,0.00,258766840,718580107,59124206,288383720
18446744069588.84,4946440.35,5177527.30,1132086.49,231086.95,2179.93,2179.93,563.62,0.00,4067664929.69,6678568914.99,0.00,0.00,0.00,0.00,257697215,719001115,59124206,289590399
18446744069590.83,4948814.16,5179901.11,1133258.59,231086.95,2373.81,2373.81,1172.10,0.00,4067664929.69,6678568914.99,0.00,0.00,0.00,0.00,257368647,719520522,59124206,290007255
18446744069592.84,4951304.26,5182391.21,1133258.59,231086.95,2490.10,2490.10,0.00,0.00,4067664929.69,6678568914.99,0.00,0.00,0.00,0.00,257698217,719828418,59124206,290007255
18446744069594.83,4953797.45,5184884.40,1135093.22,231086.95,2493.19,2493.19,1834.62,0.00,4067664929.69,6678568914.99,0.00,0.00,0.00,0.00,258149631,720015261,59124206,290007255
18446744069596.83,4956335.89,5187422.84,1137697.06,231086.95,2538.45,2538.45,2603.84,0.00,4067664929.69,6678568914.99,0.00,0.00,0.00,0.00,258722564,720092170,59124206,290007255
18446744069598.83,4958347.98,5189434.93,1139421.50,231086.95,2012.09,2012.09,1724.44,0.00,4067664929.69,6678568914.99,0.00,0.00,0.00,0.00,257574030,720201742,59124206,291561311
18446744069600.83,4960736.19,5191823.14,1140916.60,231086.95,2388.21,2388.21,1495.10,0.00,4067664929.69,6678568914.99,0.00,0.00,0.00,0.00,257553611,720427148,59124206,291967705
18446744069602.84,4963204.09,5194291.04,1140916.60,231086.95,2467.90,2467.90,0.00,0.00,4067664929.69,6678568914.99,0.00,0.00,0.00,0.00,257685903,720926638,59124206,291967705
18446744069604.83,4965685.05,5196772.00,1142329.28,231086.95,2480.96,2480.96,1412.68,0.00,4067664929.69,6678568914.99,0.00,0.00,0.00,0.00,257771551,721476116,59124206,291967705
18446744069606.84,4968167.93,5199254.88,1144976.04,231086.95,2482.88,2482.88,2646.76,0.00,4067664929.69,6678568914.99,0.00,0.00,0.00,0.00,258055059,721828226,59124206,291967705
18446744069608.83,4970291.18,5201378.13,1145941.24,231086.95,2123.25,2123.25,965.20,0.00,4067664929.69,6678568914.99,0.00,0.00,0.00,0.00,256985496,722155034,59124206,293254013
18446744069610.83,4972783.29,5203870.24,1148208.66,231086.95,2492.11,2492.11,2267.42,0.00,4067664929.69,6678568914.99,0.00,0.00,0.00,0.00,257183309,722595201,59124206,293254013
18446744069612.83,4975107.93,5206194.88,1148222.80,231086.95,2324.63,2324.63,14.14,0.00,4067664929.69,6678568914.99,0.00,0.00,0.00,0.00,256959414,722830122,59124206,293838093
18446744069614.83,4977623.31,5208710.26,1149207.26,231086.95,2515.38,2515.38,984.45,0.00,4067664929.69,6678568914.99,0.00,0.00,0.00,0.00,257423088,723010386,59124206,293838093
18446744069616.84,4979941.61,5211028.56,1150601.12,231086.95,2318.30,2318.30,1393.86,0.00,4067664929.69,6678568914.99,0.00,0.00,0.00,0.00,257062463,723355649,59124206,294446941
18446744069618.83,4982416.66,5213503.61,1150601.12,231086.95,2475.04,2475.04,0.00,0.00,4067664929.69,6678568914.99,0.00,0.00,0.00,0.00,257243457,723808266,59124206,294446941
18446744069620.84,4984751.62,5215838.57,1152250.82,231086.95,2334.96,2334.96,1649.70,0.00,4067664929.69,6678568914.99,0.00,0.00,0.00,0.00,256968843,724258306,59124206,294869265
18446744069622.83,4987255.71,5218342.66,1152250.82,231086.95,2504.10,2504.10,0.00,0.00,4067664929.69,6678568914.99,0.00,0.00,0.00,0.00,257166833,724701365,59124206,294869265
18446744069624.84,4989789.84,5220876.79,1153136.43,231086.95,2534.12,2534.12,885.61,0.00,4067664929.69,6678568914.99,0.00,0.00,0.00,0.00,257625423,724891510,59124206,294869265
18446744069626.83,4992315.45,5223402.39,1155749.65,231086.95,2525.61,2525.61,2613.22,0.00,4067664929.69,6678568914.99,0.00,0.00,0.00,0.00,257807005,725356484,59124206,294869265
18446744069628.83,4994379.00,5225465.95,1157527.15,231086.95,2063.55,2063.55,1777.50,0.00,4067664929.69,6678568914.99,0.00,0.00,0.00,0.00,256517185,725823834,59124206,296220005
18446744069630.83,4996888.55,5227975.50,1159387.56,231086.95,2509.55,2509.55,1860.41,0.00,4067664929.69,6678568914.99,0.00,0.00,0.00,0.00,256892562,726090902,59124206,296220005
18446744069632.84,4999074.81,5230161.76,1161564.12,231086.95,2186.26,2186.26,2176.55,0.00,4067664929.69,6678568914.99,0.00,0.00,0.00,0.00,256191617,726318066,59124206,297253469
18446744069634.84,5001561.91,5232648.86,1161917.87,231086.95,2487.10,2487.10,353.75,0.00,4067664929.69,6678568914.99,0.00,0.00,0.00,0.00,256272915,726873465,59124206,297253469
18446744069636.84,5003910.71,5234997.66,1163530.76,231086.95,2348.80,2348.80,1612.89,0.00,4067664929.69,6678568914.99,0.00,0.00,0.00,0.00,255896519,727347694,59124206,297756929
18446744069638.84,5006455.14,5237542.09,1163530.76,231086.95,2544.43,2544.43,0.00,0.00,4067664929.69,6678568914.99,0.00,0.00,0.00,0.00,256165357,727730230,59124206,297756929
18446744069640.84,5008954.84,5240041.79,1165116.20,231086.95,2499.70,2499.70,1585.45,0.00,4067664929.69,6678568914.99,0.00,0.00,0.00,0.00,256490211,728045298,59124206,297756929
18446744069642.84,5011323.34,5242410.29,1165435.57,231086.95,2368.51,2368.51,319.37,0.00,4067664929.69,6678568914.99,0.00,0.00,0.00,0.00,256211757,728442506,59124206,298244513
18446744069644.84,5013835.48,5244922.43,1165715.30,231086.95,2512.13,2512.13,279.73,0.00,4067664929.69,6678568914.99,0.00,0.00,0.00,0.00,256532291,728765078,59124206,298244513
18446744069646.84,5016181.87,5247268.82,1167681.34,231086.95,2346.39,2346.39,1966.03,0.00,4067664929.69,6678568914.99,0.00,0.00,0.00,0.00,256087986,729235144,59124206,298819429
18446744069648.84,5018731.92,5249818.87,1167681.34,231086.95,2550.05,2550.05,0.00,0.00,4067664929.69,6678568914.99,0.00,0.00,0.00,0.00,256288573,729687369,59124206,298819429
18446744069650.84,5021250.91,5252337.86,1169122.91,231086.95,2519.00,2519.00,1441.57,0.00,4067664929.69,6678568914.99,0.00,0.00,0.00,0.00,256636943,729983862,59124206,298819429
18446744069652.84,5023563.05,5254650.00,1170039.41,231086.95,2312.14,2312.14,916.51,0.00,4067664929.69,6678568914.99,0.00,0.00,0.00,0.00,256256353,730352692,59124206,299423097
18446744069654.84,5026035.02,5257121.97,1170284.23,231086.95,2471.96,2471.96,244.81,0.00,4067664929.69,6678568914.99,0.00,0.00,0.00,0.00,256275449,730966419,59124206,299423097
18446744069656.84,5028611.89,5259698.84,1172942.32,231086.95,2576.87,2576.87,2658.09,0.00,4067664929.69,6678568914.99,0.00,0.00,0.00,0.00,256452001,731449546,59124206,299423097
18446744069659.04,5030908.34,5261995.29,1175369.32,231086.95,2296.45,2296.45,2427.00,0.00,4067664929.69,6678568914.99,0.00,0.00,0.00,0.00,255447736,731680141,59124206,300784657
18446744069661.04,5033405.03,5264491.98,1176888.95,231086.95,2496.69,2496.69,1519.62,0.00,4067664929.69,6678568914.99,0.00,0.00,0.00,0.00,255754305,732012725,59124206,300784657
18446744069663.04,5035966.88,5267053.82,1179536.20,231086.95,2561.85,2561.85,2647.25,0.00,4067664929.69,6678568914.99,0.00,0.00,0.00,0.00,256005177,732417686,59124206,300784657
18446744069665.04,5038090.98,5269177.93,1179686.01,231086.95,2124.11,2124.11,149.81,0.00,4067664929.69,6678568914.99,0.00,0.00,0.00,0.00,255011037,732854334,59124206,301885921
18446744069667.04,5040495.84,5271582.79,1181467.20,231086.95,2404.86,2404.86,1781.20,0.00,4067664929.69,6678568914.99,0.00,0.00,0.00,0.00,254773179,733251114,59124206,302342643
18446744069669.04,5043033.30,5274120.25,1181467.20,231086.95,2537.46,2537.46,0.00,0.00,4067664929.69,6678568914.99,0.00,0.00,0.00,0.00,255123268,733550614,59124206,302342643
18446744069671.04,5045551.52,5276638.46,1182667.79,231086.95,2518.21,2518.21,1200.59,0.00,4067664929.69,6678568914.99,0.00,0.00,0.00,0.00,255618155,733700390,59124206,302342643
18446744069673.04,5047895.39,5278982.34,1183516.56,231086.95,2343.87,2343.87,848.77,0.00,4067664929.69,6678568914.99,0.00,0.00,0.00,0.00,255518250,733875690,59124206,302867279
18446744069675.04,5050408.96,5281495.91,1183536.01,231086.95,2513.57,2513.57,19.45,0.00,4067664929.69,6678568914.99,0.00,0.00,0.00,0.00,255725036,734312378,59124206,302867279
18446744069677.04,5052743.32,5283830.27,1185632.66,231086.95,2334.36,2334.36,2096.65,0.00,4067664929.69,6678568914.99,0.00,0.00,0.00,0.00,255627145,734466143,59124206,303409001
18446744069679.04,5055260.72,5286347.67,1185632.66,231086.95,2517.40,2517.40,0.00,0.00,4067664929.69,6678568914.99,0.00,0.00,0.00,0.00,255907845,734829898,59124206,303409001
18446744069681.04,5057788.62,5288875.57,1186883.60,231086.95,2527.90,2527.90,1250.94,0.00,4067664929.69,6678568914.99,0.00,0.00,0.00,0.00,256153325,735231560,59124206,303409001
18446744069683.04,5060333.66,5291420.61,1189469.26,231086.95,2545.04,2545.04,2585.66,0.00,4067664929.69,6678568914.99,0.00,0.00,0.00,0.00,256267637,735768779,59124206,303409001
18446744069685.04,5062506.42,5293593.37,1189814.01,231086.95,2172.76,2172.76,344.75,0.00,4067664929.69,6678568914.99,0.00,0.00,0.00,0.00,255211581,736310637,59124206,304479425
18446744069687.04,5064948.45,5296816.93,1189814.01,231868.48,2442.03,3223.56,0.00,781.53,4067664929.69,6678568914.99,0.00,0.00,0.00,0.00,255611789,736535589,59324278,304479425
18446744069689.04,5067475.12,5299343.60,1189814.01,231868.48,2526.67,2526.67,0.00,0.00,4067664929.69,6678568914.99,0.00,0.00,0.00,0.00,255857848,736936358,59324278,304479425
18446744069691.04,5069805.94,5302649.32,1189814.01,232843.38,2330.82,3305.72,0.00,974.90,4067664929.69,6678568914.99,0.00,0.00,0.00,0.00,256002401,737388494,59495418,304479425
18446744069693.04,5072458.29,5306948.70,1189814.01,234490.41,2652.36,4299.38,0.00,1647.03,4067664929.69,6678568914.99,0.00,0.00,0.00,0.00,256214408,737855490,59995492,304479425
18446744069695.04,5074946.82,5309438.58,1189814.01,234491.76,2488.53,2489.88,0.00,1.35,4067664929.69,6678568914.99,0.00,0.00,0.00,0.00,256324473,738382488,59995492,304479425
18446744069697.04,5077537.69,5313843.39,1189814.01,236305.70,2590.87,4404.81,0.00,1813.94,4067664929.69,6678568914.99,0.00,0.00,0.00,0.00,256450649,738919574,59995492,304479425
18446744069699.04,5080161.89,5318325.01,1189814.01,238163.11,2624.21,4481.62,0.00,1857.41,4067664929.69,6678568914.99,0.00,0.00,0.00,0.00,256825070,739216950,60502480,304479425
18446744069701.04,5082745.15,5322350.65,1189814.01,239605.50,2583.25,4025.64,0.00,1442.39,4067664929.69,6678568914.99,0.00,0.00,0.00,0.00,257087353,739615980,61020416,304479425
18446744069703.04,5085381.27,5326016.11,1189814.01,240634.84,2636.12,3665.46,0.00,1029.34,4067664929.69,6678568914.99,0.00,0.00,0.00,0.00,257150493,740227686,61564099,304479425
18446744069705.04,5087847.44,5329174.28,1189814.01,241326.84,2466.17,3158.17,0.00,692.00,4067664929.69,6678568914.99,0.00,0.00,0.00,0.00,257609713,740399806,61564099,304479425
18446744069707.04,5090211.73,5332577.77,1189814.01,242366.04,2364.29,3403.48,0.00,1039.20,4067664929.69,6678568914.99,0.00,0.00,0.00,0.00,257979619,740635158,62007285,304479425
18446744069709.04,5092769.32,5335135.36,1189814.01,242366.04,2557.59,2557.59,0.00,0.00,4067664929.69,6678568914.99,0.00,0.00,0.00,0.00,258506939,740762582,62007285,304479425
18446744069711.04,5095273.05,5339040.34,1189814.01,243767.28,2503.73,3904.98,0.00,1401.24,4067664929.69,6678568914.99,0.00,0.00,0.00,0.00,258845138,741065339,62007285,304479425
18446744069713.04,5097710.75,5343310.25,1189814.01,245599.50,2437.70,4269.91,0.00,1832.22,4067664929.69,6678568914.99,0.00,0.00,0.00,0.00,259264787,741269740,62549603,304479425
18446744069715.04,5100242.80,5347465.06,1189814.01,247222.26,2532.05,4154.81,0.00,1622.76,4067664929.69,6678568914.99,0.00,0.00,0.00,0.00,259807567,741375166,63122111,304479425
18446744069717.04,5102825.57,5351853.43,1189814.01,249027.86,2582.76,4388.36,0.00,1805.60,4067664929.69,6678568914.99,0.00,0.00,0.00,0.00,260360203,741483717,63122111,304479425
18446744069719.04,5105352.54,5354387.56,1189814.01,249035.02,2526.97,2534.14,0.00,7.16,4067664929.69,6678568914.99,0.00,0.00,0.00,0.00,260894162,741596663,63714545,304479425
18446744069721.04,5107880.22,5358498.24,1189814.01,250618.02,2527.68,4110.68,0.00,1583.00,4067664929.69,6678568914.99,0.00,0.00,0.00,0.00,261419820,741718091,63714545,304479425
18446744069723.04,5110265.42,5362750.16,1189814.01,252484.74,2385.20,4251.92,0.00,1866.72,4067664929.69,6678568914.99,0.00,0.00,0.00,0.00,261903196,741845326,64320093,304479425
18446744069725.04,5112826.36,5366595.20,1190797.02,253768.84,2560.95,3845.04,983.01,1284.10,4067664929.69,6678568914.99,0.00,0.00,0.00,0.00,262106125,742297999,64925354,304479425
18446744069727.04,5115097.46,5368866.30,1193102.65,253768.84,2271.09,2271.09,2305.64,0.00,4067664929.69,6678568914.99,0.00,0.00,0.00,0.00,261620712,742522927,64925354,305321310
18446744069729.04,5117647.80,5371416.64,1193102.65,253768.84,2550.35,2550.35,0.00,0.00,4067664929.69,6678568914.99,0.00,0.00,0.00,0.00,261780240,743016288,64925354,305321310
18446744069731.04,5120187.29,5373956.13,1195380.16,253768.84,2539.49,2539.49,2277.51,0.00,4067664929.69,6678568914.99,0.00,0.00,0.00,0.00,261935174,743511463,64925354,305321310
18446744069733.04,5122486.28,5376255.12,1196131.51,253768.84,2298.98,2298.98,751.35,0.00,4067664929.69,6678568914.99,0.00,0.00,0.00,0.00,261451144,743808646,64925354,306096697
18446744069735.04,5125038.00,5378806.84,1196997.01,253768.84,2551.72,2551.72,865.50,0.00,4067664929.69,6678568914.99,0.00,0.00,0.00,0.00,261892254,744020777,64925354,306096697
18446744069737.04,5127457.18,5381226.02,1199012.25,253768.84,2419.18,2419.18,2015.23,0.00,4067664929.69,6678568914.99,0.00,0.00,0.00,0.00,261416584,744378288,64925354,306834166
18446744069739.04,5130053.66,5383822.50,1199012.25,253768.84,2596.48,2596.48,0.00,0.00,4067664929.69,6678568914.99,0.00,0.00,0.00,0.00,261708536,744751036,64925354,306834166
18446744069741.04,5132706.93,5386475.77,1201267.11,253768.84,2653.27,2653.27,2254.86,0.00,4067664929.69,6678568914.99,0.00,0.00,0.00,0.00,262067976,745070832,64925354,306834166
18446744069743.04,5135077.19,5388846.03,1201866.17,253768.84,2370.26,2370.26,599.06,0.00,4067664929.69,6678568914.99,0.00,0.00,0.00,0.00,261826169,745188822,64925354,307564770
18446744069745.04,5137695.34,5391464.18,1203176.36,253768.84,2618.14,2618.14,1310.19,0.00,4067664929.69,6678568914.99,0.00,0.00,0.00,0.00,262344198,745341038,64925354,307564770
18446744069747.04,5140365.61,5394134.45,1205764.64,253768.84,2670.28,2670.28,2588.28,0.00,4067664929.69,6678568914.99,0.00,0.00,0.00,0.00,262938645,745430182,64925354,307564770
18446744069749.04,5142580.13,5396348.97,1207527.64,253768.84,2214.52,2214.52,1763.00,0.00,4067664929.69,6678568914.99,0.00,0.00,0.00,0.00,261985729,745513990,64925354,309000794
18446744069751.04,5145345.54,5399114.38,1210176.14,253768.84,2765.41,2765.41,2648.50,0.00,4067664929.69,6678568914.99,0.00,0.00,0.00,0.00,262502180,745705484,64925354,309000794
18446744069753.04,5148117.55,5401886.39,1212839.95,253768.84,2772.02,2772.02,2663.81,0.00,4067664929.69,6678568914.99,0.00,0.00,0.00,0.00,263079798,745837502,64925354,309000794
18446744069755.04,5150256.83,5404025.67,1214826.09,253768.84,2139.27,2139.27,1986.14,0.00,4067664929.69,6678568914.99,0.00,0.00,0.00,0.00,261920964,745975462,64925354,310569322
18446744069757.04,5152722.13,5406490.97,1216311.22,253768.84,2465.30,2465.30,1485.13,0.00,4067664929.69,6678568914.99,0.00,0.00,0.00,0.00,261536973,746297198,64925354,311262695
18446744069759.04,5155376.30,5409145.14,1216838.53,253768.84,2654.17,2654.17,527.31,0.00,4067664929.69,6678568914.99,0.00,0.00,0.00,0.00,262061137,746452502,64925354,311262695
18446744069761.04,5157888.70,5411657.54,1218624.03,253768.84,2512.40,2512.40,1785.50,0.00,4067664929.69,6678568914.99,0.00,0.00,0.00,0.00,261865872,746698862,64925354,311854774
18446744069763.04,5160580.18,5414349.02,1218624.03,253768.84,2691.48,2691.48,0.00,0.00,4067664929.69,6678568914.99,0.00,0.00,0.00,0.00,262172676,747081077,64925354,311854774
18446744069765.04,5163274.16,5417043.00,1220632.30,253768.84,2693.98,2693.98,2008.28,0.00,4067664929.69,6678568914.99,0.00,0.00,0.00,0.00,262431616,747511796,64925354,311854774
18446744069767.04,5165772.48,5419541.32,1220943.71,253768.84,2498.31,2498.31,311.41,0.00,4067664929.69,6678568914.99,0.00,0.00,0.00,0.00,262207274,747781866,64925354,312448614
18446744069769.04,5168400.34,5422169.18,1222262.95,253768.84,2627.87,2627.87,1319.23,0.00,4067664929.69,6678568914.99,0.00,0.00,0.00,0.00,262558360,748103514,64925354,312448614
18446744069771.04,5170774.43,5424543.27,1223645.86,253768.84,2374.09,2374.09,1382.91,0.00,4067664929.69,6678568914.99,0.00,0.00,0.00,0.00,262135176,748442716,64925354,313140362
18446744069773.04,5173333.18,5427102.02,1223707.71,253768.84,2558.75,2558.75,61.86,0.00,4067664929.69,6678568914.99,0.00,0.00,0.00,0.00,262357760,748875171,64925354,313140362
18446744069775.04,5175660.52,5429429.36,1225987.70,253768.84,2327.35,2327.35,2279.99,0.00,4067664929.69,6678568914.99,0.00,0.00,0.00,0.00,262105906,749123313,64925354,313739875
18446744069777.04,5178199.21,5431968.05,1225987.70,253768.84,2538.69,2538.69,0.00,0.00,4067664929.69,6678568914.99,0.00,0.00,0.00,0.00,262413192,749465932,64925354,313739875
18446744069779.04,5180702.13,5434470.97,1227323.39,253768.84,2502.91,2502.91,1335.69,0.00,4067664929.69,6678568914.99,0.00,0.00,0.00,0.00,262776799,749743071,64925354,313739875
18446744069781.04,5183209.89,5436978.73,1229913.36,253768.84,2507.77,2507.77,2589.97,0.00,4067664929.69,6678568914.99,0.00,0.00,0.00,0.00,262978227,750183631,64925354,313739875
18446744069783.10,5185294.04,5439062.88,1232087.38,253768.84,2084.15,2084.15,2174.02,0.00,4067664929.69,6678568914.99,0.00,0.00,0.00,0.00,261602378,750531574,64925354,315301323
18446744069785.11,5187807.24,5441576.08,1234320.98,253768.84,2513.20,2513.20,2233.61,0.00,4067664929.69,6678568914.99,0.00,0.00,0.00,0.00,261912019,750865312,64925354,315301323
18446744069787.11,5190086.61,5443855.45,1234640.88,253768.84,2279.36,2279.36,319.89,0.00,4067664929.69,6678568914.99,0.00,0.00,0.00,0.00,261560823,751146329,64925354,315955019
18446744069789.11,5192616.95,5446385.79,1235529.77,253768.84,2530.34,2530.34,888.89,0.00,4067664929.69,6678568914.99,0.00,0.00,0.00,0.00,261846062,751508858,64925354,315955019
18446744069791.11,5194878.89,5448647.73,1237668.05,253768.84,2261.95,2261.95,2138.28,0.00,4067664929.69,6678568914.99,0.00,0.00,0.00,0.00,261393092,751765930,64925354,316729975
18446744069793.11,5197391.56,5451160.40,1237668.05,253768.84,2512.67,2512.67,0.00,0.00,4067664929.69,6678568914.99,0.00,0.00,0.00,0.00,261634675,752167590,64925354,316729975
18446744069795.11,5199885.59,5453654.43,1239827.89,253768.84,2494.02,2494.02,2159.84,0.00,4067664929.69,6678568914.99,0.00,0.00,0.00,0.00,261951693,752489042,64925354,316729975
18446744069797.11,5202353.02,5456121.86,1242460.13,253768.84,2467.44,2467.44,2632.24,0.00,4067664929.69,6678568914.99,0.00,0.00,0.00,0.00,262301535,752770864,64925354,316729975
18446744069799.11,5204416.41,5458185.25,1243586.93,253768.84,2063.39,2063.39,1126.80,0.00,4067664929.69,6678568914.99,0.00,0.00,0.00,0.00,261262881,752929501,64925354,318138220
18446744069801.23,5206837.91,5460606.75,1246002.48,253768.84,2421.50,2421.50,2415.55,0.00,4067664929.69,6678568914.99,0.00,0.00,0.00,0.00,260719567,753367350,64925354,318863589
18446744069803.23,5209374.18,5463143.02,1246002.48,253768.84,2536.27,2536.27,0.00,0.00,4067664929.69,6678568914.99,0.00,0.00,0.00,0.00,260985924,753750278,64925354,318863589
18446744069805.23,5211893.77,5465662.61,1247736.02,253768.84,2519.59,2519.59,1733.54,0.00,4067664929.69,6678568914.99,0.00,0.00,0.00,0.00,261514206,753867010,64925354,318863589
18446744069807.23,5214181.11,5467949.95,1248813.36,253768.84,2287.34,2287.34,1077.34,0.00,4067664929.69,6678568914.99,0.00,0.00,0.00,0.00,261223174,754024014,64925354,319583175
18446744069809.23,5216726.93,5470495.77,1249269.38,253768.84,2545.82,2545.82,456.02,0.00,4067664929.69,6678568914.99,0.00,0.00,0.00,0.00,261745884,754153034,64925354,319583175
18446744069811.23,5219265.28,5473034.12,1251694.57,253768.84,2538.36,2538.36,2425.19,0.00,4067664929.69,6678568914.99,0.00,0.00,0.00,0.00,262041359,754507378,64925354,319583175
18446744069813.23,5221502.27,5475271.11,1252720.21,253768.84,2236.98,2236.98,1025.64,0.00,4067664929.69,6678568914.99,0.00,0.00,0.00,0.00,261187465,754933786,64925354,320583329
18446744069815.23,5224059.21,5477828.05,1254302.71,253768.84,2556.95,2556.95,1582.50,0.00,4067664929.69,6678568914.99,0.00,0.00,0.00,0.00,261330985,755444844,64925354,320583329
18446744069817.23,5226402.14,5480170.98,1256032.98,253768.84,2342.93,2342.93,1730.27,0.00,4067664929.69,6678568914.99,0.00,0.00,0.00,0.00,260667229,755860323,64925354,321431397
18446744069819.23,5228985.76,5482754.60,1256477.01,253768.84,2583.62,2583.62,444.03,0.00,4067664929.69,6678568914.99,0.00,0.00,0.00,0.00,261107483,756081475,64925354,321431397
18446744069821.23,5231611.16,5485380.00,1258924.59,253768.84,2625.39,2625.39,2447.58,0.00,4067664929.69,6678568914.99,0.00,0.00,0.00,0.00,261328579,756532480,64925354,321431397
18446744069823.23,5233915.68,5487684.52,1259275.70,253768.84,2304.52,2304.52,351.12,0.00,4067664929.69,6678568914.99,0.00,0.00,0.00,0.00,260749375,756871520,64925354,322261519
18446744069825.23,5236495.94,5490264.78,1260980.22,253768.84,2580.26,2580.26,1704.52,0.00,4067664929.69,6678568914.99,0.00,0.00,0.00,0.00,260892791,757388651,64925354,322261519
18446744069827.23,5238942.95,5492711.79,1261735.77,253768.84,2447.00,2447.00,755.55,0.00,4067664929.69,6678568914.99,0.00,0.00,0.00,0.00,260290663,757987436,64925354,322891295
18446744069829.23,5241502.58,5495271.42,1262420.50,253768.84,2559.63,2559.63,684.73,0.00,4067664929.69,6678568914.99,0.00,0.00,0.00,0.00,260490215,758443150,64925354,322891295
18446744069831.23,5243873.25,5497642.09,1264781.88,253768.84,2370.67,2370.67,2361.38,0.00,4067664929.69,6678568914.99,0.00,0.00,0.00,0.00,259993936,758766517,64925354,323671099
18446744069833.23,5246570.43,5500339.27,1264781.88,253768.84,2697.18,2697.18,0.00,0.00,4067664929.69,6678568914.99,0.00,0.00,0.00,0.00,260262195,759188735,64925354,323671099
18446744069835.23,5249239.99,5503008.83,1266857.86,253768.84,2669.56,2669.56,2075.98,0.00,4067664929.69,6678568914.99,0.00,0.00,0.00,0.00,260360031,759774307,64925354,323671099
18446744069837.23,5251697.50,5505466.34,1267578.09,253768.84,2457.51,2457.51,720.23,0.00,4067664929.69,6678568914.99,0.00,0.00,0.00,0.00,259779993,760267638,64925354,324386929
18446744069839.23,5254363.95,5508132.79,1268759.80,253768.84,2666.45,2666.45,1181.71,0.00,4067664929.69,6678568914.99,0.00,0.00,0.00,0.00,260012283,760717960,64925354,324386929
18446744069841.23,5256950.34,5510719.18,1271387.28,253768.84,2586.38,2586.38,2627.48,0.00,4067664929.69,6678568914.99,0.00,0.00,0.00,0.00,260189818,761202539,64925354,324386929
18446744069843.23,5259206.21,5512975.05,1272036.62,253768.84,2255.87,2255.87,649.34,0.00,4067664929.69,6678568914.99,0.00,0.00,0.00,0.00,259262087,761566387,64925354,325528315
18446744069845.23,5261597.44,5516252.12,1272036.62,254654.68,2391.23,3277.08,0.00,885.84,4067664929.69,6678568914.99,0.00,0.00,0.00,0.00,259394082,762046548,65152130,325528315
18446744069847.23,5264162.90,5518817.58,1272036.62,254654.68,2565.46,2565.46,0.00,0.00,4067664929.69,6678568914.99,0.00,0.00,0.00,0.00,259627878,762469509,65152130,325528315
18446744069849.23,5266389.66,5522236.34,1272036.62,255846.68,2226.76,3418.76,0.00,1192.00,4067664929.69,6678568914.99,0.00,0.00,0.00,0.00,259873440,762793998,65152130,325528315
18446744069851.23,5268882.36,5524816.76,1272036.62,255934.40,2492.70,2580.41,0.00,87.72,4067664929.69,6678568914.99,0.00,0.00,0.00,0.00,260071810,763233758,65479738,325528315
18446744069853.23,5271411.52,5527345.93,1272036.62,255934.40,2529.17,2529.17,0.00,0.00,4067664929.69,6678568914.99,0.00,0.00,0.00,0.00,260453172,763499863,65479738,325528315
18446744069855.23,5273866.97,5530255.31,1272036.62,256388.34,2455.45,2909.38,0.00,453.94,4067664929.69,6678568914.99,0.00,0.00,0.00,0.00,260647639,763933990,65595946,325528315
18446744069857.23,5276374.07,5532762.41,1272036.62,256388.34,2507.10,2507.10,0.00,0.00,4067664929.69,6678568914.99,0.00,0.00,0.00,0.00,260872387,764351060,65595946,325528315
18446744069859.23,5278675.16,5536151.50,1272036.62,257476.34,2301.09,3389.09,0.00,1088.00,4067664929.69,6678568914.99,0.00,0.00,0.00,0.00,261050661,764761866,65595946,325528315
18446744069861.23,5280803.68,5540596.43,1272036.62,259792.75,2128.52,4444.93,0.00,2316.41,4067664929.69,6678568914.99,0.00,0.00,0.00,0.00,261127299,765230129,66031250,325528315
18446744069863.23,5283293.79,5543100.36,1272036.62,259806.57,2490.11,2503.93,0.00,13.82,4067664929.69,6678568914.99,0.00,0.00,0.00,0.00,261280595,765714301,66471012,325528315
18446744069865.23,5285502.40,5546990.63,1272036.62,261488.23,2208.61,3890.27,0.00,1681.66,4067664929.69,6678568914.99,0.00,0.00,0.00,0.00,261311931,766248368,66901518,325528315
18446744069867.23,5288020.93,5549509.16,1272036.62,261488.23,2518.53,2518.53,0.00,0.00,4067664929.69,6678568914.99,0.00,0.00,0.00,0.00,261448691,766756352,66901518,325528315
18446744069869.23,5290429.76,5552441.99,1272036.62,262012.23,2408.83,2932.83,0.00,524.00,4067664929.69,6678568914.99,0.00,0.00,0.00,0.00,261897780,766923924,66901518,325528315
18446744069871.23,5292721.95,5556824.87,1272036.62,264102.91,2292.19,4382.88,0.00,2090.68,4067664929.69,6678568914.99,0.00,0.00,0.00,0.00,261983219,767425286,67341078,325528315
18446744069873.23,5295270.89,5560568.96,1272036.62,265298.07,2548.93,3744.09,0.00,1195.16,4067664929.69,6678568914.99,0.00,0.00,0.00,0.00,262218790,767842242,67876838,325528315
18446744069875.23,5297791.59,5564303.70,1272036.62,266512.11,2520.71,3734.74,0.00,1214.03,4067664929.69,6678568914.99,0.00,0.00,0.00,0.00,262333371,768372962,67876838,325528315
18446744069877.23,5300351.20,5567743.60,1272036.62,267392.40,2559.61,3439.90,0.00,880.30,4067664929.69,6678568914.99,0.00,0.00,0.00,0.00,262420315,768941277,68412986,325528315
18446744069879.23,5302824.16,5570602.81,1272036.62,267778.65,2472.96,2859.21,0.00,386.25,4067664929.69,6678568914.99,0.00,0.00,0.00,0.00,262585371,769409299,68412986,325528315
18446744069881.23,5305473.23,5575181.45,1272036.62,269708.21,2649.07,4578.63,0.00,1929.56,4067664929.69,6678568914.99,0.00,0.00,0.00,0.00,262590755,770082077,68412986,325528315
18446744069883.23,5307622.77,5578711.95,1272036.62,271089.18,2149.54,3530.50,0.00,1380.96,4067664929.69,6678568914.99,0.00,0.00,0.00,0.00,262649735,770573378,69359361,325528315
18446744069885.23,5310107.26,5581196.44,1273797.55,271089.18,2484.50,2484.50,1760.92,0.00,4067664929.69,6678568914.99,0.00,0.00,0.00,0.00,262808111,771051033,69359361,325528315
18446744069887.26,5312391.96,5583481.14,1276076.03,271089.18,2284.70,2284.70,2278.48,0.00,4067664929.69,6678568914.99,0.00,0.00,0.00,0.00,261989855,771420085,69359361,326562403
18446744069889.26,5314927.28,5586016.46,1276400.36,271089.18,2535.31,2535.31,324.33,0.00,4067664929.69,6678568914.99,0.00,0.00,0.00,0.00,262209006,771849974,69359361,326562403
18446744069891.26,5317307.52,5588396.70,1278437.41,271089.18,2380.25,2380.25,2037.05,0.00,4067664929.69,6678568914.99,0.00,0.00,0.00,0.00,261731722,772332088,69359361,327166916
18446744069893.26,5319875.38,5590964.56,1278437.41,271089.18,2567.86,2567.86,0.00,0.00,4067664929.69,6678568914.99,0.00,0.00,0.00,0.00,261898332,772822849,69359361,327166916
18446744069895.26,5322462.98,5593552.16,1279988.71,271089.18,2587.60,2587.60,1551.30,0.00,4067664929.69,6678568914.99,0.00,0.00,0.00,0.00,261965446,773418160,69359361,327166916
18446744069897.26,5324855.21,5595944.39,1281250.17,271089.18,2392.23,2392.23,1261.45,0.00,4067664929.69,6678568914.99,0.00,0.00,0.00,0.00,261363294,773912658,69359361,327886982
18446744069899.26,5327419.39,5598508.57,1281813.30,271089.18,2564.18,2564.18,563.13,0.00,4068474907.45,6679405020.94,809977.77,836105.95,0.00,0.00,261560406,774371977,69359361,327886982
18446744069901.26,5330051.01,5601140.19,1284186.36,271089.18,2631.61,2631.61,2373.05,0.00,4068474907.45,6679405020.94,0.00,0.00,0.00,0.00,261686212,774919864,69359361,327886982
18446744069903.26,5332391.10,5603480.28,1284698.13,271089.18,2340.09,2340.09,511.77,0.00,4068474907.45,6679405020.94,0.00,0.00,0.00,0.00,261036023,775286438,69359361,328769660
18446744069905.26,5335034.52,5606123.70,1286470.70,271089.18,2643.42,2643.42,1772.57,0.00,4068474907.45,6679405020.94,0.00,0.00,0.00,0.00,261359783,775639394,69359361,328769660
18446744069907.26,5337485.08,5608574.26,1287258.79,271089.18,2450.56,2450.56,788.09,0.00,4068474907.45,6679405020.94,0.00,0.00,0.00,0.00,260821908,776149083,69359361,329425190
18446744069909.26,5340156.41,5611245.59,1288180.09,271089.18,2671.33,2671.33,921.30,0.00,4068474907.45,6679405020.94,0.00,0.00,0.00,0.00,261071410,776583441,69359361,329425190
18446744069911.43,5342829.58,5613918.76,1290674.26,271089.18,2673.17,2673.17,2494.17,0.00,4068474907.45,6679405020.94,0.00,0.00,0.00,0.00,260586221,776878634,69359361,330299518
18446744069913.43,5345540.13,5616629.31,1290941.95,271089.18,2710.55,2710.55,267.69,0.00,4068474907.45,6679405020.94,0.00,0.00,0.00,0.00,260989100,777169655,69359361,330299518
18446744069915.52,5348173.12,5619262.30,1293216.36,271089.18,2632.99,2632.99,2274.41,0.00,4068474907.45,6679405020.94,0.00,0.00,0.00,0.00,260665462,777517891,69359361,330948966
18446744069917.52,5350711.37,5621800.55,1293216.36,271089.18,2538.25,2538.25,0.00,0.00,4068474907.45,6679405020.94,0.00,0.00,0.00,0.00,260882256,777950888,69359361,330948966
18446744069919.52,5353230.04,5624319.22,1294841.53,271089.18,2518.67,2518.67,1625.17,0.00,4068474907.45,6679405020.94,0.00,0.00,0.00,0.00,261149484,778328440,69359361,330948966
18446744069921.52,5355530.51,5626619.69,1296109.40,271089.18,2300.47,2300.47,1267.87,0.00,4068474907.45,6679405020.94,0.00,0.00,0.00,0.00,260459033,778867192,69359361,331689585
18446744069923.52,5358032.55,5629121.73,1296572.92,271089.18,2502.04,2502.04,463.52,0.00,4068474907.45,6679405020.94,0.00,0.00,0.00,0.00,260683545,779283202,69359361,331689585
18446744069925.52,5360580.16,5631669.34,1299085.65,271089.18,2547.62,2547.62,2512.73,0.00,4068474907.45,6679405020.94,0.00,0.00,0.00,0.00,260963401,779655536,69359361,331689585
18446744069927.52,5362852.91,5633942.09,1299782.28,271089.18,2272.75,2272.75,696.62,0.00,4068474907.45,6679405020.94,0.00,0.00,0.00,0.00,260246476,780014028,69359361,332629842
18446744069929.52,5365410.89,5636500.07,1301349.59,271089.18,2557.97,2557.97,1567.31,0.00,4068474907.45,6679405020.94,0.00,0.00,0.00,0.00,260561636,780353709,69359361,332629842
18446744069931.52,5367752.68,5638841.86,1302947.71,271089.18,2341.79,2341.79,1598.12,0.00,4068474907.45,6679405020.94,0.00,0.00,0.00,0.00,260027302,780677191,69359361,333440192
18446744069933.52,5370293.39,5641382.57,1303386.16,271089.18,2540.72,2540.72,438.45,0.00,4068474907.45,6679405020.94,0.00,0.00,0.00,0.00,260131942,781222975,69359361,333440192
18446744069935.52,5372857.59,5643946.77,1305938.52,271089.18,2564.20,2564.20,2552.36,0.00,4068474907.45,6679405020.94,0.00,0.00,0.00,0.00,260388054,781623297,69359361,333440192
18446744069937.52,5375198.85,5646288.03,1306492.32,271089.18,2341.26,2341.26,553.80,0.00,4068474907.45,6679405020.94,0.00,0.00,0.00,0.00,259697002,782006300,69359361,334347604
18446744069939.52,5377794.22,5648883.40,1308281.89,271089.18,2595.37,2595.37,1789.58,0.00,4068474907.45,6679405020.94,0.00,0.00,0.00,0.00,259964344,782403372,69359361,334347604
18446744069941.52,5380188.04,5651277.22,1309377.11,271089.18,2393.82,2393.82,1095.22,0.00,4068474907.45,6679405020.94,0.00,0.00,0.00,0.00,259438521,782803514,69359361,335086104
18446744069943.52,5382825.89,5653915.07,1310033.80,271089.18,2637.85,2637.85,656.69,0.00,4068474907.45,6679405020.94,0.00,0.00,0.00,0.00,259671590,783245735,69359361,335086104
18446744069945.52,5385464.67,5656553.85,1312492.58,271089.18,2638.77,2638.77,2458.78,0.00,4068474907.45,6679405020.94,0.00,0.00,0.00,0.00,260083589,783509262,69359361,335086104
18446744069947.52,5387819.10,5658908.28,1312697.22,271089.18,2354.43,2354.43,204.64,0.00,4068474907.45,6679405020.94,0.00,0.00,0.00,0.00,259434376,783911261,69359361,335936052
18446744069949.52,5390383.84,5661473.02,1314661.72,271089.18,2564.74,2564.74,1964.50,0.00,4068474907.45,6679405020.94,0.00,0.00,0.00,0.00,259640506,784361704,69359361,335936052
18446744069951.52,5392656.79,5663745.97,1316303.88,271089.18,2272.96,2272.96,1642.16,0.00,4068474907.45,6679405020.94,0.00,0.00,0.00,0.00,258942586,784718197,69359361,336859356
18446744069953.52,5395237.27,5666326.45,1317091.69,271089.18,2580.47,2580.47,787.81,0.00,4068474907.45,6679405020.94,0.00,0.00,0.00,0.00,259348063,784973321,69359361,336859356
18446744069955.52,5397861.48,5668950.66,1319459.96,271089.18,2624.22,2624.22,2368.27,0.00,4068474907.45,6679405020.94,0.00,0.00,0.00,0.00,259661316,785331868,69359361,336859356
18446744069957.52,5400226.02,5671315.20,1319947.24,271089.18,2364.54,2364.54,487.28,0.00,4068474907.45,6679405020.94,0.00,0.00,0.00,0.00,258921024,785744781,69359361,337792056
18446744069959.52,5402800.49,5673889.67,1322154.96,271089.18,2574.47,2574.47,2207.72,0.00,4068474907.45,6679405020.94,0.00,0.00,0.00,0.00,259357739,785967131,69359361,337792056
18446744069961.52,5405082.44,5676171.62,1324316.79,271089.18,2281.95,2281.95,2161.83,0.00,4068474907.45,6679405020.94,0.00,0.00,0.00,0.00,258641631,786149125,69359361,338910348
18446744069963.52,5407638.68,5678727.86,1325191.58,271089.18,2556.24,2556.24,874.80,0.00,4068474907.45,6679405020.94,0.00,0.00,0.00,0.00,258872531,786572622,69359361,338910348
18446744069965.52,5409996.15,5681085.33,1327262.05,271089.18,2357.47,2357.47,2070.47,0.00,4068474907.45,6679405020.94,0.00,0.00,0.00,0.00,258404055,786893687,69359361,339661272
18446744069967.52,5412516.50,5683605.68,1327262.05,271089.18,2520.35,2520.35,0.00,0.00,4068474907.45,6679405020.94,0.00,0.00,0.00,0.00,258610722,787332230,69359361,339661272
18446744069969.52,5415016.55,5686105.73,1329488.44,271089.18,2500.05,2500.05,2226.39,0.00,4068474907.45,6679405020.94,0.00,0.00,0.00,0.00,258965545,787617419,69359361,339661272
18446744069971.52,5417545.17,5688634.35,1332060.29,271089.18,2528.62,2528.62,2571.85,0.00,4068474907.45,6679405020.94,0.00,0.00,0.00,0.00,259417530,787812761,69359361,339661272
18446744069973.52,5419779.38,5690868.56,1332793.60,271089.18,2234.21,2234.21,733.31,0.00,4068474907.45,6679405020.94,0.00,0.00,0.00,0.00,258463040,788109086,69359361,340891396
18446744069975.56,5422169.11,5693258.29,1335126.25,271089.18,2389.73,2389.73,2332.65,0.00,4068474907.45,6679405020.94,0.00,0.00,0.00,0.00,258020435,788380349,69359361,341674508
18446744069977.56,5424764.98,5695854.16,1335126.25,271089.18,2595.87,2595.87,0.00,0.00,4068474907.45,6679405020.94,0.00,0.00,0.00,0.00,258598668,788466658,69359361,341674508
18446744069979.56,5427292.65,5698381.83,1337146.36,271089.18,2527.67,2527.67,2020.11,0.00,4068474907.45,6679405020.94,0.00,0.00,0.00,0.00,259015859,788696551,69359361,341674508
18446744069981.56,5429629.76,5700718.94,1338580.33,271089.18,2337.11,2337.11,1433.97,0.00,4068474907.45,6679405020.94,0.00,0.00,0.00,0.00,258546597,788879869,69359361,342558752
18446744069983.56,5432198.46,5703287.64,1339339.03,271089.18,2568.70,2568.70,758.70,0.00,4068474907.45,6679405020.94,0.00,0.00,0.00,0.00,258895539,789188514,69359361,342558752
18446744069985.56,5434766.07,5705855.25,1341880.21,271089.18,2567.62,2567.62,2541.18,0.00,4068474907.45,6679405020.94,0.00,0.00,0.00,0.00,259328750,789412613,69359361,342558752
18446744069987.56,5437097.38,5708186.55,1342440.57,271089.18,2331.30,2331.30,560.37,0.00,4068474907.45,6679405020.94,0.00,0.00,0.00,0.00,258740429,789609525,69359361,343546974
18446744069989.56,5439727.56,5710816.74,1344700.82,271089.18,2630.19,2630.19,2260.24,0.00,4068474907.45,6679405020.94,0.00,0.00,0.00,0.00,259132909,789890373,69359361,343546974
18446744069991.56,5442074.28,5713163.46,1346464.43,271089.18,2346.72,2346.72,1763.61,0.00,4068474907.45,6679405020.94,0.00,0.00,0.00,0.00,258540935,790053001,69359361,344577080
18446744069993.56,5444693.82,5715783.00,1347505.97,271089.18,2619.54,2619.54,1041.55,0.00,4068474907.45,6679405020.94,0.00,0.00,0.00,0.00,258840811,790423728,69359361,344577080
18446744069995.56,5447402.18,5718491.36,1350026.69,271089.18,2708.36,2708.36,2520.72,0.00,4068474907.45,6679405020.94,0.00,0.00,0.00,0.00,259137538,790820341,69359361,344577080
18446744069997.56,5449845.86,5720935.04,1350188.08,271089.18,2443.68,2443.68,161.39,0.00,4068474907.45,6679405020.94,0.00,0.00,0.00,0.00,258328373,791331885,69359361,345500282
18446744069999.56,5452567.06,5723656.24,1352606.51,271089.18,2721.20,2721.20,2418.43,0.00,4068474907.45,6679405020.94,0.00,0.00,0.00,0.00,258702771,791654115,69359361,345500282
18446744070001.56,5454918.55,5726007.73,1353194.00,271089.18,2351.48,2351.48,587.49,0.00,4068474907.45,6679405020.94,0.00,0.00,0.00,0.00,258130635,792028661,69359361,346299852
18446744070003.56,5457481.91,5729808.82,1353194.00,272326.91,2563.36,3801.09,0.00,1237.73,4068474907.45,6679405020.94,0.00,0.00,0.00,0.00,258378683,792436833,69359361,346299852
18446744070005.56,5460087.68,5734123.57,1353194.00,274035.89,2605.77,4314.75,0.00,1708.98,4068474907.45,6679405020.94,0.00,0.00,0.00,0.00,258672800,792809793,70076376,346299852
18446744070007.56,5462662.89,5738570.02,1353194.00,275907.13,2575.21,4446.45,0.00,1871.23,4068474907.45,6679405020.94,0.00,0.00,0.00,0.00,258993806,793148041,70591158,346299852
18446744070009.56,5465284.45,5742954.08,1353194.00,277669.64,2621.56,4384.07,0.00,1762.51,4068474907.45,6679405020.94,0.00,0.00,0.00,0.00,259329803,793483163,70591158,346299852
18446744070011.56,5467813.75,5747250.93,1353194.00,279437.18,2529.30,4296.84,0.00,1767.54,4068474907.45,6679405020.94,0.00,0.00,0.00,0.00,259579929,793880539,71134150,346299852
18446744070013.56,5470349.79,5751544.62,1353194.00,281194.83,2536.04,4293.70,0.00,1757.65,4068474907.45,6679405020.94,0.00,0.00,0.00,0.00,260011444,794098251,71752210,346299852
18446744070015.56,5472794.99,5755909.80,1353194.00,283114.81,2445.20,4365.18,0.00,1919.98,4068474907.45,6679405020.94,0.00,0.00,0.00,0.00,260517460,794218205,72407316,346299852
18446744070017.56,5475410.71,5760403.00,1353194.00,284992.30,2615.72,4493.20,0.00,1877.48,4068474907.45,6679405020.94,0.00,0.00,0.00,0.00,261039520,794365769,72407316,346299852
18446744070019.56,5477924.97,5764809.55,1353194.00,286884.58,2514.27,4406.55,0.00,1892.28,4068474907.45,6679405020.94,0.00,0.00,0.00,0.00,261620212,794428729,73060331,346299852
18446744070021.57,5480448.05,5768669.62,1353194.00,288221.56,2523.08,3860.07,0.00,1336.98,4068474907.45,6679405020.94,0.00,0.00,0.00,0.00,262019326,794675524,73745251,346299852
18446744070023.57,5483012.45,5772992.80,1353194.00,289980.36,2564.39,4323.19,0.00,1758.80,4068474907.45,6679405020.94,0.00,0.00,0.00,0.00,262446874,794904460,73745251,346299852
18446744070025.57,5485560.64,5777294.09,1353194.00,291733.45,2548.20,4301.29,0.00,1753.09,4068474907.45,6679405020.94,0.00,0.00,0.00,0.00,262793855,795209817,74305555,346299852
18446744070027.57,5488089.90,5781516.18,1353194.00,293426.28,2529.26,4222.09,0.00,1692.83,4068474907.45,6679405020.94,0.00,0.00,0.00,0.00,263079641,795571522,74870266,346299852
18446744070029.57,5490671.06,5785505.03,1353194.00,294833.96,2581.16,3988.85,0.00,1407.69,4068474907.45,6679405020.94,0.00,0.00,0.00,0.00,263290185,796021755,75438026,346299852
18446744070031.57,5493154.28,5788258.59,1353194.00,295104.30,2483.22,2753.56,0.00,270.34,4068474907.45,6679405020.94,0.00,0.00,0.00,0.00,263397703,796549941,75438026,346299852
18446744070033.57,5495733.19,5792738.68,1353194.00,297005.49,2578.91,4480.09,0.00,1901.19,4068474907.45,6679405020.94,0.00,0.00,0.00,0.00,263610941,796996903,75438026,346299852
18446744070035.57,5498279.86,5797147.32,1353194.00,298867.46,2546.67,4408.64,0.00,1861.97,4068474907.45,6679405020.94,0.00,0.00,0.00,0.00,263870166,797389625,76049557,346299852
18446744070037.57,5500795.85,5801263.70,1353194.00,300467.85,2515.99,4116.38,0.00,1600.39,4068474907.45,6679405020.94,0.00,0.00,0.00,0.00,264280575,797623310,76544699,346299852
18446744070039.57,5503096.38,5805361.59,1353194.00,302265.21,2300.53,4097.89,0.00,1797.36,4068474907.45,6679405020.94,0.00,0.00,0.00,0.00,264678940,797813881,77171773,346299852
18446744070041.57,5505683.64,5809690.08,1353340.00,304006.44,2587.26,4328.49,146.00,1741.23,4068474907.45,6679405020.94,0.00,0.00,0.00,0.00,264997711,798157449,77786179,346299852
18446744070043.57,5508087.36,5812093.80,1354824.29,304006.44,2403.72,2403.72,1484.28,0.00,4068474907.45,6679405020.94,0.00,0.00,0.00,0.00,264795519,798557642,77786179,346717204
18446744070045.57,5510601.59,5814608.02,1354824.29,304006.44,2514.22,2514.22,0.00,0.00,4068474907.45,6679405020.94,0.00,0.00,0.00,0.00,264960413,799036389,77786179,346717204
18446744070047.57,5513086.96,5817093.40,1356711.00,304006.44,2485.38,2485.38,1886.72,0.00,4068474907.45,6679405020.94,0.00,0.00,0.00,0.00,265325822,799307237,77786179,346717204
18446744070049.57,5515434.61,5819441.05,1358263.80,304006.44,2347.64,2347.64,1552.80,0.00,4068474907.45,6679405020.94,0.00,0.00,0.00,0.00,264924459,799429081,77786179,347597720
18446744070051.57,5517986.64,5821993.08,1358953.58,304006.44,2552.03,2552.03,689.78,0.00,4068474907.45,6679405020.94,0.00,0.00,0.00,0.00,265236402,799770458,77786179,347597720
18446744070053.57,5520545.37,5824551.81,1361471.89,304006.44,2558.73,2558.73,2518.31,0.00,4068474907.45,6679405020.94,0.00,0.00,0.00,0.00,265409359,800252536,77786179,347597720
18446744070055.57,5522894.78,5826901.21,1361732.91,304006.44,2349.41,2349.41,261.02,0.00,4068474907.45,6679405020.94,0.00,0.00,0.00,0.00,264646571,800728680,77786179,348485812
18446744070057.57,5525460.97,5829467.41,1363610.80,304006.44,2566.20,2566.20,1877.89,0.00,4068474907.45,6679405020.94,0.00,0.00,0.00,0.00,264823715,801208482,77786179,348485812
18446744070059.57,5527929.71,5831936.15,1364358.10,304006.44,2468.74,2468.74,747.30,0.00,4068474907.45,6679405020.94,0.00,0.00,0.00,0.00,264579551,801412594,77786179,349157861
18446744070061.57,5530508.78,5834515.22,1365208.91,304006.44,2579.07,2579.07,850.81,0.00,4068474907.45,6679405020.94,0.00,0.00,0.00,0.00,264808978,801843409,77786179,349157861
18446744070063.57,5533094.86,5837101.29,1367774.09,304006.44,2586.07,2586.07,2565.17,0.00,4068474907.45,6679405020.94,0.00,0.00,0.00,0.00,265084497,802229925,77786179,349157861
18446744070065.57,5535492.05,5839498.49,1367910.88,304006.44,2397.20,2397.20,136.80,0.00,4068474907.45,6679405020.94,0.00,0.00,0.00,0.00,264563472,802455137,77786179,350067357
18446744070067.57,5538129.94,5842136.38,1370280.10,304006.44,2637.89,2637.89,2369.22,0.00,4068474907.45,6679405020.94,0.00,0.00,0.00,0.00,264861557,802832351,77786179,350067357
18446744070069.57,5540759.28,5844765.71,1372927.98,304006.44,2629.34,2629.34,2647.88,0.00,4068474907.45,6679405020.94,0.00,0.00,0.00,0.00,265168913,803198105,77786179,350067357
18446744070071.57,5542908.74,5846915.18,1375040.76,304006.44,2149.46,2149.46,2112.78,0.00,4068474907.45,6679405020.94,0.00,0.00,0.00,0.00,263734842,803609894,77786179,351639901
18446744070073.57,5545582.52,5849588.95,1377579.12,304006.44,2673.78,2673.78,2538.36,0.00,4068474907.45,6679405020.94,0.00,0.00,0.00,0.00,263992272,804036951,77786179,351639901
18446744070075.57,5547948.56,5851955.00,1378013.57,304006.44,2366.05,2366.05,434.45,0.00,4068474907.45,6679405020.94,0.00,0.00,0.00,0.00,263179382,804441813,77786179,352653637
18446744070077.57,5550523.71,5854530.15,1380322.52,304006.44,2575.15,2575.15,2308.95,0.00,4068474907.45,6679405020.94,0.00,0.00,0.00,0.00,263409712,804870722,77786179,352653637
18446744070079.57,5552915.64,5856922.08,1381287.16,304006.44,2391.93,2391.93,964.64,0.00,4068474907.45,6679405020.94,0.00,0.00,0.00,0.00,262683710,805371017,77786179,353491677
18446744070081.57,5555480.42,5859486.86,1382585.70,304006.44,2564.78,2564.78,1298.53,0.00,4068474907.45,6679405020.94,0.00,0.00,0.00,0.00,262930682,805780629,77786179,353491677
18446744070083.57,5557895.97,5861902.41,1383784.01,304006.44,2415.55,2415.55,1198.31,0.00,4068474907.45,6679405020.94,0.00,0.00,0.00,0.00,262631890,806058609,77786179,354130869
18446744070085.57,5560502.57,5864509.00,1383960.87,304006.44,2606.60,2606.60,176.86,0.00,4068474907.45,6679405020.94,0.00,0.00,0.00,0.00,262960355,806397433,77786179,354130869
18446744070087.57,5563211.07,5867217.51,1386487.83,304006.44,2708.50,2708.50,2526.96,0.00,4068474907.45,6679405020.94,0.00,0.00,0.00,0.00,263241382,806809783,77786179,354130869
18446744070089.57,5565538.80,5869545.23,1388032.06,304006.44,2327.73,2327.73,1544.23,0.00,4068474907.45,6679405020.94,0.00,0.00,0.00,0.00,262472248,807087313,77786179,355218371
18446744070091.57,5568218.39,5872224.82,1389659.84,304006.44,2679.59,2679.59,1627.78,0.00,4068474907.45,6679405020.94,0.00,0.00,0.00,0.00,262766939,807478597,77786179,355218371
18446744070093.57,5570972.85,5874979.29,1392302.34,304006.44,2754.46,2754.46,2642.50,0.00,4068474907.45,6679405020.94,0.00,0.00,0.00,0.00,263189920,807760759,77786179,355218371
18446744070095.57,5573115.59,5877122.03,1394268.69,304006.44,2142.74,2142.74,1966.34,0.00,4068474907.45,6679405020.94,0.00,0.00,0.00,0.00,261764108,808231424,77786179,356722059
18446744070097.57,5575842.57,5879849.01,1396843.25,304006.44,2726.98,2726.98,2574.56,0.00,4068474907.45,6679405020.94,0.00,0.00,0.00,0.00,261834243,808859397,77786179,356722059
18446744070099.57,5578286.20,5882292.64,1397047.98,304006.44,2443.62,2443.62,204.73,0.00,4068474907.45,6679405020.94,0.00,0.00,0.00,0.00,261079311,809435517,77786179,357526439
18446744070101.57,5580968.87,5884975.30,1398964.67,304006.44,2682.67,2682.67,1916.69,0.00,4068474907.45,6679405020.94,0.00,0.00,0.00,0.00,261174252,810027339,77786179,357526439
18446744070103.57,5583420.18,5887426.61,1399567.75,304006.44,2451.31,2451.31,603.08,0.00,4068474907.45,6679405020.94,0.00,0.00,0.00,0.00,260784420,810399646,77786179,358171499
18446744070105.57,5586122.53,5890128.97,1400748.33,304006.44,2702.36,2702.36,1180.58,0.00,4068474907.45,6679405020.94,0.00,0.00,0.00,0.00,261133362,810742507,77786179,358171499
18446744070107.57,5588896.55,5892902.98,1403334.13,304006.44,2774.02,2774.02,2585.80,0.00,4068474907.45,6679405020.94,0.00,0.00,0.00,0.00,261482964,811103053,77786179,358171499
18446744070109.57,5591139.05,5895145.49,1404064.64,304006.44,2242.50,2242.50,730.51,0.00,4068474907.45,6679405020.94,0.00,0.00,0.00,0.00,260631239,811402686,77786179,359297672
18446744070111.57,5593764.83,5897771.27,1406704.93,304006.44,2625.78,2625.78,2640.28,0.00,4068474907.45,6679405020.94,0.00,0.00,0.00,0.00,261044154,811661971,77786179,359297672
18446744070113.81,5596247.91,5900254.35,1409080.58,304006.44,2483.08,2483.08,2375.66,0.00,4068474907.45,6679405020.94,0.00,0.00,0.00,0.00,260165820,811866869,77786179,360606776
18446744070115.81,5598835.25,5902841.69,1410553.79,304006.44,2587.34,2587.34,1473.20,0.00,4068474907.45,6679405020.94,0.00,0.00,0.00,0.00,260576139,812118910,77786179,360606776
18446744070117.81,5601168.64,5905175.07,1411669.73,304006.44,2333.38,2333.38,1115.95,0.00,4068474907.45,6679405020.94,0.00,0.00,0.00,0.00,260219709,812409872,77786179,361269590
18446744070119.81,5603636.77,5907912.98,1411669.73,304276.21,2468.14,2737.91,0.00,269.77,4068474907.45,6679405020.94,0.00,0.00,0.00,0.00,260635201,812626223,77855241,361269590
18446744070121.81,5606149.55,5910425.76,1411669.73,304276.21,2512.77,2512.77,0.00,0.00,4068474907.45,6679405020.94,0.00,0.00,0.00,0.00,261006981,812897713,77855241,361269590
18446744070123.81,5608678.41,5912954.62,1411669.73,304276.21,2528.86,2528.86,0.00,0.00,4068474907.45,6679405020.94,0.00,0.00,0.00,0.00,261501210,813050873,77855241,361269590
18446744070125.81,5611121.30,5915937.09,1411669.73,304815.78,2442.89,2982.46,0.00,539.57,4068474907.45,6679405020.94,0.00,0.00,0.00,0.00,262085439,813092025,77993371,361269590
18446744070127.81,5613641.52,5918457.30,1411669.73,304815.78,2520.21,2520.21,0.00,0.00,4068474907.45,6679405020.94,0.00,0.00,0.00,0.00,262676879,813145759,77993371,361269590
18446744070129.81,5616094.70,5921434.48,1411669.73,305339.78,2453.18,2977.18,0.00,524.00,4068474907.45,6679405020.94,0.00,0.00,0.00,0.00,263087600,813363053,77993371,361269590
18446744070131.81,5618564.60,5924214.26,1411669.73,305649.66,2469.90,2779.78,0.00,309.88,4068474907.45,6679405020.94,0.00,0.00,0.00,0.00,263446023,813636925,78206843,361269590
18446744070133.81,5621114.98,5926764.64,1411669.73,305649.66,2550.38,2550.38,0.00,0.00,4068474907.45,6679405020.94,0.00,0.00,0.00,0.00,263711949,814023897,78206843,361269590
18446744070135.81,5623305.36,5930653.78,1411669.73,307348.42,2190.38,3889.14,0.00,1698.77,4068474907.45,6679405020.94,0.00,0.00,0.00,0.00,263982739,814313843,78540807,361269590
18446744070137.81,5625517.55,5934263.97,1411669.73,308746.43,2212.19,3610.19,0.00,1398.00,4068474907.45,6679405020.94,0.00,0.00,0.00,0.00,264394063,814468839,78999560,361269590
18446744070139.81,5627998.68,5936807.43,1411669.73,308808.75,2481.14,2543.46,0.00,62.32,4068474907.45,6679405020.94,0.00,0.00,0.00,0.00,264797645,814700428,78999560,361269590
18446744070141.81,5630661.40,5941336.57,1411669.73,310675.17,2662.71,4529.14,0.00,1866.42,4068474907.45,6679405020.94,0.00,0.00,0.00,0.00,265115335,815064393,78999560,361269590
18446744070143.81,5633195.59,5944051.49,1411669.73,310855.90,2534.19,2714.92,0.00,180.73,4068474907.45,6679405020.94,0.00,0.00,0.00,0.00,265406167,815422313,79539586,361269590
18446744070145.81,5635746.02,5947747.48,1411669.73,312001.45,2550.44,3695.99,0.00,1145.55,4068474907.45,6679405020.94,0.00,0.00,0.00,0.00,265831139,815650253,79539586,361269590
18446744070147.81,5638370.42,5951558.47,1411669.73,313188.05,2624.40,3810.99,0.00,1186.59,4068474907.45,6679405020.94,0.00,0.00,0.00,0.00,266226607,815926631,80136615,361269590
18446744070149.81,5640769.15,5954607.20,1411669.73,313838.05,2398.73,3048.73,0.00,650.00,4068474907.45,6679405020.94,0.00,0.00,0.00,0.00,266575444,816191869,80136615,361269590
18446744070151.81,5643120.70,5958940.10,1411669.73,315819.40,2351.55,4332.90,0.00,1981.35,4068474907.45,6679405020.94,0.00,0.00,0.00,0.00,266868532,816500777,80594207,361269590
18446744070153.81,5645736.83,5963130.24,1411669.73,317393.41,2616.13,4190.14,0.00,1574.02,4068474907.45,6679405020.94,0.00,0.00,0.00,0.00,267156343,816882695,81213189,361269590
18446744070155.81,5648302.36,5967041.89,1411669.73,318739.53,2565.53,3911.64,0.00,1346.12,4068474907.45,6679405020.94,0.00,0.00,0.00,0.00,267669964,817025849,81213189,361269590
18446744070157.81,5650876.21,5970376.40,1411669.73,319500.19,2573.86,3334.52,0.00,760.66,4068474907.45,6679405020.94,0.00,0.00,0.00,0.00,268062319,817292401,81752524,361269590
18446744070159.81,5653413.64,5972913.83,1412579.41,319500.19,2537.43,2537.43,909.68,0.00,4068474907.45,6679405020.94,0.00,0.00,0.00,0.00,268356092,817648209,81752524,361269590
18446744070161.98,5655954.11,5975454.30,1415126.89,319500.19,2540.47,2540.47,2547.48,0.00,4068474907.45,6679405020.94,0.00,0.00,0.00,0.00,268010042,817759611,81752524,362154598
18446744070163.98,5658548.16,5978048.35,1415126.89,319500.19,2594.05,2594.05,0.00,0.00,4068474907.45,6679405020.94,0.00,0.00,0.00,0.00,268560699,817873031,81752524,362154598
18446744070165.98,5661129.68,5980629.87,1417563.95,319500.19,2581.52,2581.52,2437.06,0.00,4068474907.45,6679405020.94,0.00,0.00,0.00,0.00,268848377,818246222,81752524,362154598
18446744070167.98,5663488.73,5982988.92,1418166.51,319500.19,2359.05,2359.05,602.56,0.00,4068474907.45,6679405020.94,0.00,0.00,0.00,0.00,268431221,818489152,81752524,362932742
18446744070169.98,5666072.31,5985572.50,1419490.29,319500.19,2583.58,2583.58,1323.77,0.00,4068474907.45,6679405020.94,0.00,0.00,0.00,0.00,268768714,818813056,81752524,362932742
18446744070171.98,5668668.37,5988168.56,1422135.93,319500.19,2596.06,2596.06,2645.64,0.00,4068474907.45,6679405020.94,0.00,0.00,0.00,0.00,269245767,819000594,81752524,362932742
18446744070173.98,5670761.71,5990261.91,1424141.27,319500.19,2093.34,2093.34,2005.34,0.00,4068474907.45,6679405020.94,0.00,0.00,0.00,0.00,268181361,819071358,81752524,364462280
18446744070175.98,5673397.04,5992897.23,1426425.78,319500.19,2635.33,2635.33,2284.51,0.00,4068474907.45,6679405020.94,0.00,0.00,0.00,0.00,268587951,819339412,81752524,364462280
18446744070177.98,5675728.19,5995228.38,1427379.61,319500.19,2331.14,2331.14,953.83,0.00,4068474907.45,6679405020.94,0.00,0.00,0.00,0.00,268153918,819541204,81752524,365291294
18446744070179.98,5678357.16,5997857.36,1428490.56,319500.19,2628.98,2628.98,1110.95,0.00,4068474907.45,6679405020.94,0.00,0.00,0.00,0.00,268478440,819889700,81752524,365291294
18446744070181.98,5680801.24,6000301.43,1429855.00,319500.19,2444.08,2444.08,1364.44,0.00,4068474907.45,6679405020.94,0.00,0.00,0.00,0.00,268115050,820245073,81752524,365924995
18446744070183.98,5683395.26,6002895.45,1430025.54,319500.19,2594.02,2594.02,170.54,0.00,4068474907.45,6679405020.94,0.00,0.00,0.00,0.00,268599483,820424709,81752524,365924995
18446744070185.98,5686033.32,6005533.52,1432610.37,319500.19,2638.06,2638.06,2584.82,0.00,4068474907.45,6679405020.94,0.00,0.00,0.00,0.00,269010564,820688972,81752524,365924995
18446744070187.98,5688334.63,6007834.82,1433537.77,319500.19,2301.30,2301.30,927.41,0.00,4068474907.45,6679405020.94,0.00,0.00,0.00,0.00,268311111,821034769,81752524,366867785
18446744070189.98,5691008.96,6010509.15,1435072.82,319500.19,2674.33,2674.33,1535.05,0.00,4068474907.45,6679405020.94,0.00,0.00,0.00,0.00,268619164,821411345,81752524,366867785
18446744070192.06,5693466.66,6012966.85,1437433.99,319500.19,2457.70,2457.70,2361.17,0.00,4068474907.45,6679405020.94,0.00,0.00,0.00,0.00,267926479,821735768,81752524,367865217
18446744070194.06,5696149.55,6015649.74,1438064.13,319500.19,2682.89,2682.89,630.14,0.00,4068474907.45,6679405020.94,0.00,0.00,0.00,0.00,268166058,822183010,81752524,367865217
18446744070196.06,5698834.91,6018335.10,1440618.82,319500.19,2685.36,2685.36,2554.69,0.00,4068474907.45,6679405020.94,0.00,0.00,0.00,0.00,268491757,822544762,81752524,367865217
18446744070198.06,5701173.34,6020673.53,1441291.43,319500.19,2338.43,2338.43,672.61,0.00,4068474907.45,6679405020.94,0.00,0.00,0.00,0.00,267816480,822831174,81752524,368852721
18446744070200.06,5703830.68,6024889.75,1441291.43,321059.07,2657.34,4216.21,0.00,1558.88,4068474907.45,6679405020.94,0.00,0.00,0.00,0.00,268067671,823260262,81752524,368852721
18446744070202.06,5706330.04,6029174.45,1441291.43,322844.41,2499.36,4284.70,0.00,1785.34,4068474907.45,6679405020.94,0.00,0.00,0.00,0.00,268253310,823714460,82368244,368852721
18446744070204.06,5708881.08,6033500.16,1441291.43,324619.08,2551.04,4325.71,0.00,1774.68,4068474907.45,6679405020.94,0.00,0.00,0.00,0.00,268447461,824173375,82910784,368852721
18446744070206.06,5711461.44,6038058.79,1441291.43,326597.35,2580.36,4558.62,0.00,1978.27,4068474907.45,6679405020.94,0.00,0.00,0.00,0.00,268613636,824667772,83497480,368852721
18446744070208.07,5713920.04,6042183.82,1441291.43,328263.79,2458.59,4125.03,0.00,1666.44,4068474907.45,6679405020.94,0.00,0.00,0.00,0.00,268847136,825063672,83996004,368852721
18446744070210.07,5716525.49,6046732.77,1441291.43,330207.29,2605.45,4548.95,0.00,1943.50,4068474907.45,6679405020.94,0.00,0.00,0.00,0.00,269075515,825502289,83996004,368852721
18446744070212.07,5719006.10,6049598.59,1441291.43,330592.49,2480.61,2865.81,0.00,385.20,4068474907.45,6679405020.94,0.00,0.00,0.00,0.00,269204772,826008068,84592152,368852721
18446744070214.07,5721365.84,6052886.35,1441291.43,331520.51,2359.74,3287.77,0.00,928.02,4068474907.45,6679405020.94,0.00,0.00,0.00,0.00,269409554,826407380,84829726,368852721
18446744070216.07,5723890.38,6055410.89,1441291.43,331520.51,2524.54,2524.54,0.00,0.00,4068474907.45,6679405020.94,0.00,0.00,0.00,0.00,269658443,826804772,84829726,368852721
18446744070218.07,5726379.82,6058051.51,1441291.43,331671.69,2489.44,2640.62,0.00,151.18,4068474907.45,6679405020.94,0.00,0.00,0.00,0.00,269861731,827238781,84829726,368852721
18446744070220.12,5728960.14,6062601.75,1441291.43,333641.61,2580.32,4550.25,0.00,1969.92,4068474907.45,6679405020.94,0.00,0.00,0.00,0.00,269965699,827795376,85372460,368852721
18446744070222.12,5731526.83,6067107.52,1441291.43,335580.69,2566.69,4505.77,0.00,1939.08,4068474907.45,6679405020.94,0.00,0.00,0.00,0.00,270101459,828316689,85372460,368852721
18446744070224.12,5734044.11,6071428.58,1441291.43,337384.47,2517.28,4321.06,0.00,1803.78,4068474907.45,6679405020.94,0.00,0.00,0.00,0.00,270430755,828631816,86054552,368852721
18446744070226.12,5736588.11,6075342.07,1441291.43,338753.96,2544.00,3913.49,0.00,1369.49,4068474907.45,6679405020.94,0.00,0.00,0.00,0.00,271074195,828639640,86681222,368852721
18446744070228.12,5739076.78,6078255.87,1441291.43,339179.09,2488.67,2913.80,0.00,425.13,4068474907.45,6679405020.94,0.00,0.00,0.00,0.00,271317462,829033472,86681222,368852721
18446744070230.12,5741604.62,6082726.40,1441291.43,341121.78,2527.84,4470.53,0.00,1942.69,4068474907.45,6679405020.94,0.00,0.00,0.00,0.00,271499125,829498937,87209559,368852721
18446744070232.12,5743846.26,6086304.71,1441291.43,342458.45,2241.64,3578.31,0.00,1336.67,4068474907.45,6679405020.94,0.00,0.00,0.00,0.00,271823818,829748104,87629571,368852721
18446744070234.12,5746392.06,6090130.02,1441291.43,343737.96,2545.80,3825.31,0.00,1279.51,4068474907.45,6679405020.94,0.00,0.00,0.00,0.00,272394671,829828976,87629571,368852721
18446744070236.12,5748948.30,6093396.59,1441291.43,344448.30,2556.23,3266.57,0.00,710.34,4068474907.45,6679405020.94,0.00,0.00,0.00,0.00,272864355,830013688,88138971,368852721
18446744070238.12,5751459.80,6095908.10,1441944.52,344448.30,2511.51,2511.51,653.09,0.00,4068474907.45,6679405020.94,0.00,0.00,0.00,0.00,273096973,830424016,88138971,368852721
18446744070240.12,5753997.38,6098445.68,1444408.05,344448.30,2537.57,2537.57,2463.53,0.00,4068474907.45,6679405020.94,0.00,0.00,0.00,0.00,273338535,830832073,88138971,368852721
18446744070242.12,5756270.13,6100718.43,1444446.76,344448.30,2272.75,2272.75,38.70,0.00,4068474907.45,6679405020.94,0.00,0.00,0.00,0.00,272740491,831204185,88138971,369660477
18446744070244.12,5758807.18,6103255.48,1446387.12,344448.30,2537.05,2537.05,1940.36,0.00,4068474907.45,6679405020.94,0.00,0.00,0.00,0.00,272985379,831608783,88138971,369660477
18446744070246.12,5761339.23,6105787.52,1449028.66,344448.30,2532.04,2532.04,2641.55,0.00,4068474907.45,6679405020.94,0.00,0.00,0.00,0.00,273220107,832022258,88138971,369660477
18446744070248.12,5763440.73,6107889.03,1450098.79,344448.30,2101.51,2101.51,1070.12,0.00,4068474907.45,6679405020.94,0.00,0.00,0.00,0.00,272050381,832375206,88138971,371015241
18446744070250.12,5765976.77,6110425.07,1452685.13,344448.30,2536.04,2536.04,2586.34,0.00,4068474907.45,6679405020.94,0.00,0.00,0.00,0.00,272108685,832966128,88138971,371015241
18446744070252.12,5768227.70,6112676.00,1453478.51,344448.30,2250.93,2250.93,793.38,0.00,4068474907.45,6679405020.94,0.00,0.00,0.00,0.00,271441022,833252664,88138971,371972605
18446744070254.12,5770823.29,6115271.59,1455069.63,344448.30,2595.59,2595.59,1591.12,0.00,4068474907.45,6679405020.94,0.00,0.00,0.00,0.00,271509975,833848183,88138971,371972605
18446744070256.33,5773336.97,6117785.27,1457494.20,344448.30,2513.68,2513.68,2424.57,0.00,4068474907.45,6679405020.94,0.00,0.00,0.00,0.00,270748240,834225404,88138971,373000621
18446744070258.32,5775951.41,6120399.71,1458059.18,344448.30,2614.44,2614.44,564.98,0.00,4068474907.45,6679405020.94,0.00,0.00,0.00,0.00,271000544,834642396,88138971,373000621
18446744070260.33,5778632.73,6123081.03,1460581.88,344448.30,2681.32,2681.32,2522.70,0.00,4068474907.45,6679405020.94,0.00,0.00,0.00,0.00,271299182,835030176,88138971,373000621
18446744070262.33,5781013.58,6125461.88,1460590.55,344448.30,2380.85,2380.85,8.67,0.00,4068474907.45,6679405020.94,0.00,0.00,0.00,0.00,270909228,835236993,88138971,373793256
18446744070264.32,5783644.27,6128092.57,1462607.13,344448.30,2630.69,2630.69,2016.58,0.00,4068474907.45,6679405020.94,0.00,0.00,0.00,0.00,271293698,835525980,88138971,373793256
18446744070266.33,5786012.98,6130461.27,1464122.95,344448.30,2368.70,2368.70,1515.82,0.00,4068474907.45,6679405020.94,0.00,0.00,0.00,0.00,270768596,835753176,88138971,374697550
18446744070268.32,5788657.47,6133105.77,1465083.70,344448.30,2644.50,2644.50,960.75,0.00,4068474907.45,6679405020.94,0.00,0.00,0.00,0.00,271155022,836043741,88138971,374697550
18446744070270.33,5791131.15,6135579.45,1466811.41,344448.30,2473.68,2473.68,1727.71,0.00,4068474907.45,6679405020.94,0.00,0.00,0.00,0.00,270959602,836184176,88138971,375385797
18446744070272.32,5793819.54,6138267.84,1466836.41,344448.30,2688.39,2688.39,25.00,0.00,4068474907.45,6679405020.94,0.00,0.00,0.00,0.00,271581751,836250255,88138971,375385797
18446744070274.33,5796470.40,6140918.70,1469417.79,344448.30,2650.86,2650.86,2581.38,0.00,4068474907.45,6679405020.94,0.00,0.00,0.00,0.00,271998615,836512011,88138971,375385797
18446744070276.32,5798825.20,6143273.50,1470604.65,344448.30,2354.80,2354.80,1186.86,0.00,4068474907.45,6679405020.94,0.00,0.00,0.00,0.00,271257049,836885337,88138971,376356865
18446744070278.33,5801507.33,6145955.63,1471903.95,344448.30,2682.13,2682.13,1299.30,0.00,4068474907.45,6679405020.94,0.00,0.00,0.00,0.00,271558918,837270094,88138971,376356865
18446744070280.33,5803992.23,6148440.53,1473328.88,344448.30,2484.90,2484.90,1424.93,0.00,4068474907.45,6679405020.94,0.00,0.00,0.00,0.00,271185011,837582732,88138971,377054269
18446744070282.32,5806680.47,6151128.77,1473922.88,344448.30,2688.24,2688.24,594.00,0.00,4068474907.45,6679405020.94,0.00,0.00,0.00,0.00,271674726,837781206,88138971,377054269
18446744070284.46,5809368.06,6153816.36,1476276.23,344448.30,2687.59,2687.59,2353.34,0.00,4068474907.45,6679405020.94,0.00,0.00,0.00,0.00,271340681,838048754,88138971,377808789
18446744070286.46,5812090.89,6156539.19,1476276.23,344448.30,2722.83,2722.83,0.00,0.00,4068474907.45,6679405020.94,0.00,0.00,0.00,0.00,271756918,838329562,88138971,377808789
18446744070288.46,5814846.77,6159295.07,1478554.45,344448.30,2755.88,2755.88,2278.23,0.00,4068474907.45,6679405020.94,0.00,0.00,0.00,0.00,272080217,838711767,88138971,377808789
18446744070290.46,5817348.78,6161797.07,1479228.37,344448.30,2502.01,2502.01,673.91,0.00,4068474907.45,6679405020.94,0.00,0.00,0.00,0.00,271706609,838970141,88138971,378564537
18446744070292.46,5820095.76,6164544.05,1480700.47,344448.30,2746.98,2746.98,1472.10,0.00,4068474907.45,6679405020.94,0.00,0.00,0.00,0.00,272114013,839265964,88138971,378564537
18446744070294.46,5822510.28,6166958.57,1482863.20,344448.30,2414.52,2414.52,2162.73,0.00,4068474907.45,6679405020.94,0.00,0.00,0.00,0.00,271399161,839668415,88138971,379495055
18446744070296.46,5825100.61,6169548.91,1483369.91,344448.30,2590.33,2590.33,506.71,0.00,4068474907.45,6679405020.94,0.00,0.00,0.00,0.00,271483689,840247012,88138971,379495055
18446744070298.61,5827657.04,6172105.34,1485798.88,344448.30,2556.43,2556.43,2428.97,0.00,4068474907.45,6679405020.94,0.00,0.00,0.00,0.00,270864211,840769403,88138971,380246589
18446744070300.61,5830340.25,6174788.55,1485798.88,344448.30,2683.21,2683.21,0.00,0.00,4068474907.45,6679405020.94,0.00,0.00,0.00,0.00,271169527,841150988,88138971,380246589
18446744070302.61,5832958.83,6177407.13,1488084.68,344448.30,2618.58,2618.58,2285.79,0.00,4068474907.45,6679405020.94,0.00,0.00,0.00,0.00,271384575,841606297,88138971,380246589
18446744070304.61,5835616.39,6180064.69,1490725.04,344448.30,2657.56,2657.56,2640.36,0.00,4068474907.45,6679405020.94,0.00,0.00,0.00,0.00,271624015,842047193,88138971,380246589
18446744070306.62,5837835.70,6182284.00,1491766.77,344448.30,2219.30,2219.30,1041.73,0.00,4068474907.45,6679405020.94,0.00,0.00,0.00,0.00,270567719,842387127,88138971,381531093
18446744070308.61,5840283.93,6184732.22,1493570.73,344448.30,2448.23,2448.23,1803.96,0.00,4068474907.45,6679405020.94,0.00,0.00,0.00,0.00,270163090,842713413,88138971,382236182
18446744070310.61,5842922.67,6187370.96,1493570.73,344448.30,2638.74,2638.74,0.00,0.00,4068474907.45,6679405020.94,0.00,0.00,0.00,0.00,270448726,843103295,88138971,382236182
18446744070312.61,5845599.60,6190047.89,1496190.12,344448.30,2676.93,2676.93,2619.39,0.00,4068474907.45,6679405020.94,0.00,0.00,0.00,0.00,270874515,843362800,88138971,382236182
18446744070314.61,5848278.57,6192726.87,1498784.31,344448.30,2678.98,2678.98,2594.19,0.00,4068474907.45,6679405020.94,0.00,0.00,0.00,0.00,271309486,843613647,88138971,382236182
18446744070316.61,5850360.89,6195646.39,1499450.03,345285.50,2082.32,2919.52,665.72,837.20,4068474907.45,6679405020.94,0.00,0.00,0.00,0.00,270106995,843844576,88138971,383740818
18446744070318.61,5852704.75,6200010.80,1499450.03,347306.05,2343.86,4364.40,0.00,2020.55,4068474907.45,6679405020.94,0.00,0.00,0.00,0.00,270280126,844271472,88138971,383740818
18446744070320.61,5855232.04,6204241.82,1499450.03,349009.78,2527.29,4231.02,0.00,1703.73,4068474907.45,6679405020.94,0.00,0.00,0.00,0.00,270888305,844310280,89015231,383740818
18446744070322.61,5857839.23,6208725.50,1499450.03,350886.26,2607.19,4483.68,0.00,1876.48,4068474907.45,6679405020.94,0.00,0.00,0.00,0.00,271087630,844778396,89654360,383740818
18446744070324.61,5860522.18,6213010.62,1499450.03,352488.45,2682.94,4285.12,0.00,1602.18,4068474907.45,6679405020.94,0.00,0.00,0.00,0.00,271466442,845086417,90194825,383740818
18446744070326.61,5863103.79,6216771.98,1499450.03,353668.20,2581.61,3761.36,0.00,1179.75,4068474907.45,6679405020.94,0.00,0.00,0.00,0.00,271863344,845350407,90194825,383740818
18446744070328.61,5865705.66,6221240.91,1499450.03,355535.26,2601.87,4468.93,0.00,1867.06,4068474907.45,6679405020.94,0.00,0.00,0.00,0.00,272197988,845681842,90797573,383740818
18446744070330.61,5868335.98,6225729.38,1499450.03,357393.40,2630.32,4488.46,0.00,1858.14,4068474907.45,6679405020.94,0.00,0.00,0.00,0.00,272769963,845783230,91450101,383740818
18446744070332.61,5870782.64,6229964.20,1499450.03,359181.57,2446.66,4234.82,0.00,1788.17,4068474907.45,6679405020.94,0.00,0.00,0.00,0.00,273224072,845955465,91450101,383740818
18446744070334.61,5873344.08,6234275.44,1499450.03,360931.36,2561.45,4311.24,0.00,1749.79,4068474907.45,6679405020.94,0.00,0.00,0.00,0.00,273587561,846247706,91966039,383740818
18446744070336.61,5875901.43,6238491.20,1499450.03,362589.76,2557.35,4215.75,0.00,1658.40,4068474907.45,6679405020.94,0.00,0.00,0.00,0.00,273740636,846749313,92563571,383740818
18446744070338.62,5878532.75,6242489.72,1499450.03,363956.97,2631.32,3998.53,0.00,1367.21,4068474907.45,6679405020.94,0.00,0.00,0.00,0.00,274196076,846967491,93130759,383740818
18446744070340.61,5881060.51,6245943.72,1499450.03,364883.21,2527.76,3454.00,0.00,926.24,4068474907.45,6679405020.94,0.00,0.00,0.00,0.00,274548294,847262379,93130759,383740818
18446744070342.61,5883546.43,6250163.05,1499450.03,366616.62,2485.92,4219.33,0.00,1733.41,4068474907.45,6679405020.94,0.00,0.00,0.00,0.00,274700732,847746336,93744633,383740818
18446744070344.61,5886209.93,6254743.99,1499450.03,368534.05,2663.50,4580.93,0.00,1917.43,4068474907.45,6679405020.94,0.00,0.00,0.00,0.00,275203587,847925338,93744633,383740818
18446744070346.61,5888688.06,6258951.01,1499450.03,370262.95,2478.13,4207.02,0.00,1728.89,4068474907.45,6679405020.94,0.00,0.00,0.00,0.00,275446332,848316994,94404307,383740818
18446744070348.61,5891247.85,6263312.36,1499450.03,372064.51,2559.79,4361.35,0.00,1801.56,4068474907.45,6679405020.94,0.00,0.00,0.00,0.00,275533695,848884936,95080881,383740818
18446744070350.61,5893888.77,6267878.71,1499450.03,373989.95,2640.92,4566.36,0.00,1925.44,4068474907.45,6679405020.94,0.00,0.00,0.00,0.00,276094032,849000674,95080881,383740818
18446744070352.61,5896452.48,6272276.47,1499450.03,375824.00,2563.71,4397.76,0.00,1834.05,4068474907.45,6679405020.94,0.00,0.00,0.00,0.00,276674894,849076122,95786249,383740818
18446744070354.61,5899024.88,6275865.56,1500248.48,376840.68,2572.40,3589.09,798.46,1016.68,4068474907.45,6679405020.94,0.00,0.00,0.00,0.00,277248865,849160686,96428981,383740818
18446744070356.61,5901648.18,6278488.86,1502887.14,376840.68,2623.30,2623.30,2638.66,0.00,4068474907.45,6679405020.94,0.00,0.00,0.00,0.00,277855921,849225194,96428981,383740818
18446744070358.61,5903922.94,6280763.62,1502965.14,376840.68,2274.77,2274.77,78.00,0.00,4068474907.45,6679405020.94,0.00,0.00,0.00,0.00,277423368,849340298,96428981,384640607
18446744070360.61,5906486.31,6283326.99,1505111.80,376840.68,2563.37,2563.37,2146.66,0.00,4068474907.45,6679405020.94,0.00,0.00,0.00,0.00,277682592,849737296,96428981,384640607
18446744070362.61,5909085.70,6285926.38,1507762.92,376840.68,2599.39,2599.39,2651.12,0.00,4068474907.45,6679405020.94,0.00,0.00,0.00,0.00,278266159,849819174,96428981,384640607
18446744070364.61,5911066.91,6287907.59,1509569.09,376840.68,1981.20,1981.20,1806.17,0.00,4068474907.45,6679405020.94,0.00,0.00,0.00,0.00,277123231,849927506,96428981,386182391
18446744070366.61,5913599.82,6290440.50,1512208.84,376840.68,2532.92,2532.92,2639.75,0.00,4068474907.45,6679405020.94,0.00,0.00,0.00,0.00,277459934,850239230,96428981,386182391
18446744070368.68,5915751.16,6292591.84,1514364.16,376840.68,2151.33,2151.33,2155.31,0.00,4068474907.45,6679405020.94,0.00,0.00,0.00,0.00,276344763,850528810,96428981,387558723
18446744070370.68,5918308.51,6295149.19,1515853.57,376840.68,2557.36,2557.36,1489.41,0.00,4068474907.45,6679405020.94,0.00,0.00,0.00,0.00,276853002,850675254,96428981,387558723
18446744070372.68,5920634.22,6297474.90,1516951.36,376840.68,2325.71,2325.71,1097.79,0.00,4068474907.45,6679405020.94,0.00,0.00,0.00,0.00,276638996,850822318,96428981,388221047
18446744070374.68,5923139.89,6299980.57,1517272.93,376840.68,2505.66,2505.66,321.57,0.00,4068474907.45,6679405020.94,0.00,0.00,0.00,0.00,277185266,850917498,96428981,388221047
18446744070376.68,5925679.04,6302519.71,1519786.50,376840.68,2539.15,2539.15,2513.57,0.00,4068474907.45,6679405020.94,0.00,0.00,0.00,0.00,277754734,850998052,96428981,388221047
18446744070378.68,5927893.49,6304734.17,1520110.98,376840.68,2214.46,2214.46,324.49,0.00,4068474907.45,6679405020.94,0.00,0.00,0.00,0.00,277313876,851197011,96428981,389029847
18446744070380.68,5930441.67,6307282.35,1521464.88,376840.68,2548.18,2548.18,1353.90,0.00,4068474907.45,6679405020.94,0.00,0.00,0.00,0.00,277617371,851545850,96428981,389029847
18446744070382.68,5932717.41,6309558.09,1522982.85,376840.68,2275.73,2275.73,1517.96,0.00,4068474907.45,6679405020.94,0.00,0.00,0.00,0.00,277179918,851830694,96428981,389765044
18446744070384.68,5935245.04,6312085.71,1523114.86,376840.68,2527.63,2527.63,132.01,0.00,4068474907.45,6679405020.94,0.00,0.00,0.00,0.00,277689399,851968286,96428981,389765044
18446744070386.68,5937761.02,6314601.70,1525591.02,376840.68,2515.98,2515.98,2476.16,0.00,4068474907.45,6679405020.94,0.00,0.00,0.00,0.00,278095967,852205810,96428981,389765044
18446744070388.68,5940020.09,6316860.77,1526775.39,376840.68,2259.07,2259.07,1184.37,0.00,4068474907.45,6679405020.94,0.00,0.00,0.00,0.00,277611492,852297717,96428981,390735935
18446744070390.68,5942517.47,6319358.15,1528066.41,376840.68,2497.38,2497.38,1291.02,0.00,4068474907.45,6679405020.94,0.00,0.00,0.00,0.00,277882335,852666202,96428981,390735935
18446744070392.68,5945045.56,6321886.24,1530721.27,376840.68,2528.09,2528.09,2654.86,0.00,4068474907.45,6679405020.94,0.00,0.00,0.00,0.00,278387542,852808186,96428981,390735935
18446744070394.68,5947205.20,6324045.88,1531277.61,376840.68,2159.64,2159.64,556.34,0.00,4068474907.45,6679405020.94,0.00,0.00,0.00,0.00,277672781,852923302,96428981,391888447
18446744070396.68,5949760.55,6326601.23,1533562.28,376840.68,2555.36,2555.36,2284.67,0.00,4068474907.45,6679405020.94,0.00,0.00,0.00,0.00,278223213,853027042,96428981,391888447
18446744070398.68,5952021.00,6328861.68,1534157.89,376840.68,2260.45,2260.45,595.61,0.00,4068474907.45,6679405020.94,0.00,0.00,0.00,0.00,278020533,853071180,96428981,392625663
18446744070400.68,5954572.99,6331413.67,1535113.35,376840.68,2551.99,2551.99,955.46,0.00,4068474907.45,6679405020.94,0.00,0.00,0.00,0.00,278590931,853154092,96428981,392625663
18446744070402.68,5956918.93,6333759.61,1536893.65,376840.68,2345.94,2345.94,1780.30,0.00,4068474907.45,6679405020.94,0.00,0.00,0.00,0.00,278402107,853243122,96428981,393326017
18446744070404.68,5959472.52,6336313.20,1536893.65,376840.68,2553.59,2553.59,0.00,0.00,4068474907.45,6679405020.94,0.00,0.00,0.00,0.00,278874802,853424146,96428981,393326017
18446744070406.68,5961992.98,6338833.66,1539098.16,376840.68,2520.46,2520.46,2204.52,0.00,4068474907.45,6679405020.94,0.00,0.00,0.00,0.00,279248217,853695970,96428981,393326017
18446744070408.68,5964327.25,6341167.93,1539635.84,376840.68,2334.27,2334.27,537.67,0.00,4068474907.45,6679405020.94,0.00,0.00,0.00,0.00,278941521,853898239,96428981,394028017
18446744070410.68,5966840.96,6343681.64,1540553.95,376840.68,2513.70,2513.70,918.11,0.00,4068474907.45,6679405020.94,0.00,0.00,0.00,0.00,279086627,854396641,96428981,394028017
18446744070412.68,5969124.07,6345964.75,1542718.13,376840.68,2283.11,2283.11,2164.19,0.00,4068474907.45,6679405020.94,0.00,0.00,0.00,0.00,278356762,854921915,96428981,394817085
18446744070414.68,5971694.57,6348535.25,1542718.13,376840.68,2570.50,2570.50,0.00,0.00,4068474907.45,6679405020.94,0.00,0.00,0.00,0.00,278855832,855080893,96428981,394817085
18446744070416.68,5974280.91,6351121.59,1544837.34,376840.68,2586.34,2586.34,2119.21,0.00,4068474907.45,6679405020.94,0.00,0.00,0.00,0.00,279301798,855297029,96428981,394817085
18446744070418.68,5976676.21,6353516.89,1545284.38,376840.68,2395.31,2395.31,447.03,0.00,4068474907.45,6679405020.94,0.00,0.00,0.00,0.00,278945207,855609861,96428981,395474043
18446744070420.68,5979265.71,6356106.39,1546270.36,376840.68,2589.50,2589.50,985.98,0.00,4068474907.45,6679405020.94,0.00,0.00,0.00,0.00,279254371,855963609,96428981,395474043
18446744070422.68,5981704.21,6358544.89,1547720.20,376840.68,2438.50,2438.50,1449.84,0.00,4068474907.45,6679405020.94,0.00,0.00,0.00,0.00,279030968,856187697,96428981,396097613
18446744070424.68,5984340.33,6361181.01,1547800.17,376840.68,2636.12,2636.12,79.98,0.00,4068474907.45,6679405020.94,0.00,0.00,0.00,0.00,279584594,856308917,96428981,396097613
18446744070426.68,5987006.50,6363847.18,1550361.86,376840.68,2666.17,2666.17,2561.69,0.00,4068474907.45,6679405020.94,0.00,0.00,0.00,0.00,279874054,856701997,96428981,396097613
18446744070428.68,5989240.79,6366081.46,1552474.83,376840.68,2234.29,2234.29,2112.97,0.00,4068474907.45,6679405020.94,0.00,0.00,0.00,0.00,279113061,856817781,96428981,397314799
18446744070430.68,5991902.35,6368743.03,1553921.60,376840.68,2661.57,2661.57,1446.77,0.00,4068474907.45,6679405020.94,0.00,0.00,0.00,0.00,279449832,857162371,96428981,397314799
18446744070432.68,5994350.65,6371191.33,1555362.02,376840.68,2448.30,2448.30,1440.42,0.00,4068474907.45,6679405020.94,0.00,0.00,0.00,0.00,279127478,857372369,96428981,398053920
18446744070434.68,5997013.16,6374172.40,1555362.02,377159.24,2662.51,2981.07,0.00,318.56,4068474907.45,6679405020.94,0.00,0.00,0.00,0.00,279512928,857668521,96428981,398053920
18446744070436.70,5999490.52,6378393.14,1555362.02,378902.62,2477.36,4220.75,0.00,1743.39,4068474907.45,6679405020.94,0.00,0.00,0.00,0.00,279590779,858224874,96956839,398053920
18446744070438.70,6002283.89,6383061.89,1555362.02,380778.01,2793.37,4668.75,0.00,1875.38,4068474907.45,6679405020.94,0.00,0.00,0.00,0.00,279895250,858635505,96956839,398053920
18446744070440.70,6004897.99,6387435.32,1555362.02,382537.33,2614.11,4373.43,0.00,1759.32,4068474907.45,6679405020.94,0.00,0.00,0.00,0.00,280185771,859014195,97662119,398053920
18446744070442.70,6007429.79,6391790.47,1555362.02,384360.68,2531.79,4355.15,0.00,1823.36,4068474907.45,6679405020.94,0.00,0.00,0.00,0.00,280591319,859256786,98237843,398053920
18446744070444.70,6010045.04,6396205.32,1555362.02,386160.27,2615.26,4414.85,0.00,1799.59,4068474907.45,6679405020.94,0.00,0.00,0.00,0.00,280852342,859665269,98237843,398053920
18446744070446.70,6012278.97,6400469.03,1555362.02,388190.06,2233.93,4263.71,0.00,2029.79,4068474907.45,6679405020.94,0.00,0.00,0.00,0.00,280964787,860124709,99224701,398053920
18446744070448.70,6014787.57,6404814.55,1555362.02,390026.98,2508.60,4345.52,0.00,1836.92,4068474907.45,6679405020.94,0.00,0.00,0.00,0.00,281370101,860361597,99224701,398053920
18446744070450.70,6017365.71,6409181.58,1555362.02,391815.86,2578.14,4367.02,0.00,1788.88,4068474907.45,6679405020.94,0.00,0.00,0.00,0.00,282023894,860367809,99920163,398053920
18446744070452.70,6019879.30,6413359.92,1555362.02,393480.61,2513.59,4178.34,0.00,1664.75,4068474907.45,6679405020.94,0.00,0.00,0.00,0.00,282631125,860404057,100535921,398053920
18446744070454.70,6022484.80,6417833.27,1555362.02,395348.48,2605.49,4473.36,0.00,1867.86,4068474907.45,6679405020.94,0.00,0.00,0.00,0.00,283164662,860537526,100535921,398053920
18446744070456.70,6024959.05,6422148.65,1555362.02,397189.60,2474.25,4315.38,0.00,1841.12,4068474907.45,6679405020.94,0.00,0.00,0.00,0.00,283428145,860907451,101248420,398053920
18446744070458.70,6027381.91,6425093.97,1555362.02,397712.05,2422.87,2945.32,0.00,522.45,4068474907.45,6679405020.94,0.00,0.00,0.00,0.00,283758687,861197163,101747887,398053920
18446744070460.70,6029726.34,6429466.89,1555362.02,399740.55,2344.43,4372.92,0.00,2028.49,4068474907.45,6679405020.94,0.00,0.00,0.00,0.00,284097735,861458288,101747887,398053920
18446744070462.70,6032286.91,6433696.52,1555362.02,401409.61,2560.57,4229.63,0.00,1669.06,4068474907.45,6679405020.94,0.00,0.00,0.00,0.00,284253391,861958137,102461983,398053920
18446744070464.70,6034825.60,6438135.43,1555362.02,403309.83,2538.69,4438.91,0.00,1900.22,4068474907.45,6679405020.94,0.00,0.00,0.00,0.00,284469307,862392126,103199613,398053920
18446744070466.70,6037187.31,6442452.71,1555362.02,405265.41,2361.71,4317.29,0.00,1955.58,4068474907.45,6679405020.94,0.00,0.00,0.00,0.00,284759520,862706511,103199613,398053920
18446744070468.70,6039713.48,6446864.71,1555362.02,407151.23,2526.17,4411.99,0.00,1885.82,4068474907.45,6679405020.94,0.00,0.00,0.00,0.00,284943774,863168957,103917585,398053920
18446744070470.70,6042239.19,6451276.91,1555362.02,409037.71,2525.71,4412.20,0.00,1886.49,4068474907.45,6679405020.94,0.00,0.00,0.00,0.00,285232800,863526513,104598334,398053920
18446744070472.70,6044880.11,6455906.45,1555362.02,411026.33,2640.92,4629.54,0.00,1988.62,4068474907.45,6679405020.94,0.00,0.00,0.00,0.00,285845064,863590325,104598334,398053920
18446744070474.70,6047375.50,6460117.49,1555362.02,412741.99,2495.39,4211.05,0.00,1715.66,4068474907.45,6679405020.94,0.00,0.00,0.00,0.00,286413008,863661201,105281632,398053920
18446744070476.70,6049993.57,6464069.33,1556214.98,414075.75,2618.07,3951.84,852.96,1333.77,4068474907.45,6679405020.94,0.00,0.00,0.00,0.00,286866525,863877910,105959472,398053920
18446744070478.70,6052338.88,6466414.63,1558413.78,414075.75,2345.30,2345.30,2198.80,0.00,4068474907.45,6679405020.94,0.00,0.00,0.00,0.00,286549906,864026497,105959472,398822350
18446744070480.70,6054846.29,6468922.05,1560999.88,414075.75,2507.41,2507.41,2586.09,0.00,4068474907.45,6679405020.94,0.00,0.00,0.00,0.00,286805369,864412932,105959472,398822350
18446744070482.70,6056984.07,6471059.82,1562928.52,414075.75,2137.77,2137.77,1928.64,0.00,4068474907.45,6679405020.94,0.00,0.00,0.00,0.00,285817785,864779193,105959472,399990943
18446744070484.70,6059525.65,6473601.40,1564468.48,414075.75,2541.58,2541.58,1539.97,0.00,4068474907.45,6679405020.94,0.00,0.00,0.00,0.00,286105678,865141945,105959472,399990943
18446744070486.90,6062013.09,6476088.84,1566980.29,414075.75,2487.44,2487.44,2511.80,0.00,4068474907.45,6679405020.94,0.00,0.00,0.00,0.00,285385659,865461496,105959472,401028196
18446744070488.90,6064562.61,6478638.36,1567397.53,414075.75,2549.52,2549.52,417.25,0.00,4068474907.45,6679405020.94,0.00,0.00,0.00,0.00,285551325,865948507,105959472,401028196
18446744070490.90,6066905.99,6480981.75,1569427.79,414075.75,2343.38,2343.38,2030.26,0.00,4068474907.45,6679405020.94,0.00,0.00,0.00,0.00,285078837,866394339,105959472,401654758
18446744070492.90,6069411.94,6483487.69,1569427.79,414075.75,2505.95,2505.95,0.00,0.00,4068474907.45,6679405020.94,0.00,0.00,0.00,0.00,285494197,866620501,105959472,401654758
18446744070494.90,6071913.68,6485989.43,1570976.29,414075.75,2501.74,2501.74,1548.50,0.00,4068474907.45,6679405020.94,0.00,0.00,0.00,0.00,285831225,866923919,105959472,401654758
18446744070496.90,6074230.48,6488306.23,1571804.32,414075.75,2316.80,2316.80,828.03,0.00,4068474907.45,6679405020.94,0.00,0.00,0.00,0.00,285425444,867314408,105959472,402263150
18446744070498.90,6076731.04,6490806.80,1572104.65,414075.75,2500.57,2500.57,300.33,0.00,4069367568.70,6680326475.97,892661.24,921455.03,0.00,0.00,285607828,867772169,105959472,402263150
18446744070501.01,6079159.62,6493235.38,1574486.04,414075.75,2428.58,2428.58,2381.39,0.00,4069367568.70,6680326475.97,0.00,0.00,0.00,0.00,285013662,868301533,105959472,402949669
18446744070503.01,6081682.37,6495758.12,1574486.04,414075.75,2522.75,2522.75,0.00,0.00,4069367568.70,6680326475.97,0.00,0.00,0.00,0.00,285293133,868667885,105959472,402949669
18446744070505.01,6084202.29,6498278.04,1576057.04,414075.75,2519.91,2519.91,1571.00,0.00,4069367568.70,6680326475.97,0.00,0.00,0.00,0.00,285516362,869089754,105959472,402949669
18446744070507.02,6086462.75,6500538.50,1577270.82,414075.75,2260.46,2260.46,1213.78,0.00,4069367568.70,6680326475.97,0.00,0.00,0.00,0.00,284976398,869495509,105959472,403662557
18446744070509.01,6088983.29,6503059.04,1577537.68,414075.75,2520.54,2520.54,266.86,0.00,4069367568.70,6680326475.97,0.00,0.00,0.00,0.00,285269688,869847477,105959472,403662557
18446744070511.02,6091479.92,6505555.68,1580015.82,414075.75,2496.63,2496.63,2478.14,0.00,4069367568.70,6680326475.97,0.00,0.00,0.00,0.00,285653166,870103137,105959472,403662557
18446744070513.01,6093716.62,6507792.37,1580176.57,414075.75,2236.70,2236.70,160.75,0.00,4069367568.70,6680326475.97,0.00,0.00,0.00,0.00,285261285,870323739,105959472,404406430
18446744070515.01,6096218.24,6510294.00,1581527.20,414075.75,2501.62,2501.62,1350.62,0.00,4069367568.70,6680326475.97,0.00,0.00,0.00,0.00,285534809,870690631,105959472,404406430
18446744070517.01,6098735.98,6512811.74,1584015.86,414075.75,2517.74,2517.74,2488.66,0.00,4069367568.70,6680326475.97,0.00,0.00,0.00,0.00,285816433,871053549,105959472,404406430
18446744070519.01,6100914.71,6514990.46,1584247.19,414075.75,2178.73,2178.73,231.34,0.00,4069367568.70,6680326475.97,0.00,0.00,0.00,0.00,285230999,871154659,105959472,405448508
18446744070521.01,6103424.29,6517500.04,1586653.73,414075.75,2509.57,2509.57,2406.54,0.00,4069367568.70,6680326475.97,0.00,0.00,0.00,0.00,285778408,871249701,105959472,405448508
18446744070523.01,6105559.64,6519635.39,1588491.85,414075.75,2135.35,2135.35,1838.12,0.00,4069367568.70,6680326475.97,0.00,0.00,0.00,0.00,285105690,871382437,105959472,406535140
18446744070525.02,6108068.81,6522144.57,1589428.50,414075.75,2509.18,2509.18,936.65,0.00,4069367568.70,6680326475.97,0.00,0.00,0.00,0.00,285514463,871616013,105959472,406535140
18446744070527.01,6110609.00,6524684.75,1592001.06,414075.75,2540.18,2540.18,2572.56,0.00,4069367568.70,6680326475.97,0.00,0.00,0.00,0.00,285846254,871934509,105959472,406535140
18446744070529.02,6112753.55,6526829.31,1593209.52,414075.75,2144.56,2144.56,1208.46,0.00,4069367568.70,6680326475.97,0.00,0.00,0.00,0.00,284827201,872294845,105959472,407742864
18446744070531.01,6115258.32,6529334.07,1595003.45,414075.75,2504.77,2504.77,1793.93,0.00,4069367568.70,6680326475.97,0.00,0.00,0.00,0.00,285075025,872688241,105959472,407742864
18446744070533.01,6117450.55,6531526.30,1596607.98,414075.75,2192.23,2192.23,1604.53,0.00,4069367568.70,6680326475.97,0.00,0.00,0.00,0.00,284438166,873016304,105959472,408612870
18446744070535.01,6119952.33,6534028.09,1597149.71,414075.75,2501.79,2501.79,541.73,0.00,4069367568.70,6680326475.97,0.00,0.00,0.00,0.00,284757370,873337557,105959472,408612870
18446744070537.01,6122466.41,6536542.17,1599722.01,414075.75,2514.08,2514.08,2572.30,0.00,4069367568.70,6680326475.97,0.00,0.00,0.00,0.00,285277269,873461263,105959472,408612870
18446744070539.02,6124704.81,6538780.56,1600478.67,414075.75,2238.39,2238.39,756.66,0.00,4069367568.70,6680326475.97,0.00,0.00,0.00,0.00,284547424,873773241,105959472,409603766
18446744070541.01,6127213.09,6541288.84,1602041.09,414075.75,2508.28,2508.28,1562.42,0.00,4069367568.70,6680326475.97,0.00,0.00,0.00,0.00,284874318,874088467,105959472,409603766
18446744070543.02,6129467.48,6543543.24,1603863.01,414075.75,2254.39,2254.39,1821.92,0.00,4069367568.70,6680326475.97,0.00,0.00,0.00,0.00,284345693,874327825,105959472,410470158
18446744070545.01,6131990.36,6546066.11,1604104.96,414075.75,2522.87,2522.87,241.95,0.00,4069367568.70,6680326475.97,0.00,0.00,0.00,0.00,284657697,874661676,105959472,410470158
18446744070547.01,6134534.02,6548609.77,1606641.54,414075.75,2543.66,2543.66,2536.59,0.00,4069367568.70,6680326475.97,0.00,0.00,0.00,0.00,284846241,875124309,105959472,410470158
18446744070549.01,6136794.66,6550870.41,1607232.79,414075.75,2260.64,2260.64,591.25,0.00,4069367568.70,6680326475.97,0.00,0.00,0.00,0.00,284129729,875556882,105959472,411332822
18446744070551.01,6139380.58,6553456.33,1608588.34,414075.75,2585.92,2585.92,1355.55,0.00,4069367568.70,6680326475.97,0.00,0.00,0.00,0.00,284427437,875921169,105959472,411332822
18446744070553.02,6141727.62,6555803.38,1609951.03,414075.75,2347.04,2347.04,1362.69,0.00,4069367568.70,6680326475.97,0.00,0.00,0.00,0.00,283974628,876278953,105959472,412028690
18446744070555.01,6144309.90,6558385.66,1610230.93,414075.75,2582.28,2582.28,279.90,0.00,4069367568.70,6680326475.97,0.00,0.00,0.00,0.00,284195621,876719024,105959472,412028690
18446744070557.02,6146953.92,6561029.67,1612751.68,414075.75,2644.02,2644.02,2520.75,0.00,4069367568.70,6680326475.97,0.00,0.00,0.00,0.00,284561472,877030041,105959472,412028690
18446744070559.01,6149318.43,6563394.18,1612791.82,414075.75,2364.51,2364.51,40.14,0.00,4069367568.70,6680326475.97,0.00,0.00,0.00,0.00,284176709,877292874,105959472,412755934
18446744070561.02,6151966.09,6566041.84,1614474.18,414075.75,2647.66,2647.66,1682.36,0.00,4069367568.70,6680326475.97,0.00,0.00,0.00,0.00,284399557,877747828,105959472,412755934
18446744070563.01,6154288.39,6568364.15,1616494.46,414075.75,2322.30,2322.30,2020.28,0.00,4069367568.70,6680326475.97,0.00,0.00,0.00,0.00,283835821,877958198,105959472,413703810
18446744070565.01,6156905.49,6570981.24,1617108.84,414075.75,2617.09,2617.09,614.38,0.00,4069367568.70,6680326475.97,0.00,0.00,0.00,0.00,284273134,878190861,105959472,413703810
18446744070567.01,6159569.21,6573644.96,1619597.12,414075.75,2663.72,2663.72,2488.29,0.00,4069367568.70,6680326475.97,0.00,0.00,0.00,0.00,284670973,878474934,105959472,413703810
18446744070569.01,6161949.76,6576025.52,1619660.36,414075.75,2380.55,2380.55,63.23,0.00,4069367568.70,6680326475.97,0.00,0.00,0.00,0.00,284263645,878681248,105959472,414514246
18446744070571.02,6164620.22,6578695.97,1621750.89,414075.75,2670.46,2670.46,2090.53,0.00,4069367568.70,6680326475.97,0.00,0.00,0.00,0.00,284652248,878976282,105959472,414514246
18446744070573.01,6166975.05,6581050.80,1623017.54,414075.75,2354.83,2354.83,1266.65,0.00,4069367568.70,6680326475.97,0.00,0.00,0.00,0.00,284098654,879273274,105959472,415373685
18446744070575.02,6169657.07,6583732.83,1624031.87,414075.75,2682.02,2682.02,1014.33,0.00,4069367568.70,6680326475.97,0.00,0.00,0.00,0.00,284370818,879687708,105959472,415373685
18446744070577.01,6172373.13,6586448.89,1626631.92,414075.75,2716.06,2716.06,2600.05,0.00,4069367568.70,6680326475.97,0.00,0.00,0.00,0.00,284796180,879957657,105959472,415373685
18446744070579.01,6174715.57,6588791.33,1627034.40,414075.75,2342.44,2342.44,402.48,0.00,4069367568.70,6680326475.97,0.00,0.00,0.00,0.00,284014077,880311108,105959472,416402002
18446744070581.01,6177418.63,6591494.39,1629509.21,414075.75,2703.06,2703.06,2474.81,0.00,4069367568.70,6680326475.97,0.00,0.00,0.00,0.00,284421143,880596025,105959472,416402002
18446744070583.01,6179894.82,6593970.58,1629609.42,414075.75,2476.19,2476.19,100.20,0.00,4069367568.70,6680326475.97,0.00,0.00,0.00,0.00,284108948,880882929,105959472,417061198
18446744070585.02,6182597.35,6596673.10,1631262.17,414075.75,2702.52,2702.52,1652.75,0.00,4069367568.70,6680326475.97,0.00,0.00,0.00,0.00,284744642,880939081,105959472,417061198
18446744070587.01,6185352.75,6599428.51,1633879.60,414075.75,2755.41,2755.41,2617.43,0.00,4069367568.70,6680326475.97,0.00,0.00,0.00,0.00,285342186,881046921,105959472,417061198
18446744070589.02,6187518.92,6601594.67,1634575.16,414075.75,2166.16,2166.16,695.56,0.00,4069367568.70,6680326475.97,0.00,0.00,0.00,0.00,284504207,881301073,105959472,418199563
18446744070591.01,6190043.52,6604119.27,1637213.43,414075.75,2524.60,2524.60,2638.27,0.00,4069367568.70,6680326475.97,0.00,0.00,0.00,0.00,284916992,881534585,105959472,418199563
18446744070593.02,6192212.59,6606288.34,1639149.50,414075.75,2169.07,2169.07,1936.07,0.00,4069367568.70,6680326475.97,0.00,0.00,0.00,0.00,283947224,881755739,105959472,419503460
18446744070595.01,6194760.90,6609910.81,1639149.50,415149.91,2548.31,3622.46,0.00,1074.16,4069367568.70,6680326475.97,0.00,0.00,0.00,0.00,284529897,881825433,105959472,419503460
18446744070597.01,6197230.79,6614230.35,1639149.50,416999.57,2469.89,4319.54,0.00,1849.66,4069367568.70,6680326475.97,0.00,0.00,0.00,0.00,285047762,881939859,106690388,419503460
18446744070599.01,6199971.00,6618853.25,1639149.50,418882.25,2740.21,4622.90,0.00,1882.69,4069367568.70,6680326475.97,0.00,0.00,0.00,0.00,285289431,882399685,106690388,419503460
18446744070601.01,6202519.71,6623206.44,1639149.50,420686.73,2548.71,4353.18,0.00,1804.48,4069367568.70,6680326475.97,0.00,0.00,0.00,0.00,285619513,882722072,107294944,419503460
18446744070603.02,6205123.64,6627451.96,1639149.50,422328.32,2603.93,4245.52,0.00,1641.59,4069367568.70,6680326475.97,0.00,0.00,0.00,0.00,285995643,883012549,107990168,419503460
18446744070605.01,6207879.87,6632081.42,1639149.50,424201.55,2756.23,4629.46,0.00,1873.24,4069367568.70,6680326475.97,0.00,0.00,0.00,0.00,286496611,883217175,107990168,419503460
18446744070607.02,6210443.50,6636399.68,1639149.50,425956.18,2563.63,4318.26,0.00,1754.63,4069367568.70,6680326475.97,0.00,0.00,0.00,0.00,286761631,883608444,108703748,419503460
18446744070609.01,6213046.71,6640758.93,1639149.50,427712.21,2603.22,4359.25,0.00,1756.03,4069367568.70,6680326475.97,0.00,0.00,0.00,0.00,287229199,883807300,109440914,419503460
18446744070611.01,6215767.91,6645375.05,1639149.50,429607.14,2721.20,4616.12,0.00,1894.92,4069367568.70,6680326475.97,0.00,0.00,0.00,0.00,287726692,884006433,109440914,419503460
18446744070613.01,6217764.75,6649545.02,1639149.50,431780.27,1996.84,4169.97,0.00,2173.13,4069367568.70,6680326475.97,0.00,0.00,0.00,0.00,288072447,884171869,110480039,419503460
18446744070615.01,6220388.25,6654056.71,1639149.50,433668.46,2623.50,4511.70,0.00,1888.20,4069367568.70,6680326475.97,0.00,0.00,0.00,0.00,288527374,884388557,110969006,419503460
18446744070617.02,6222942.11,6656610.57,1639149.50,433668.46,2553.86,2553.86,0.00,0.00,4069367568.70,6680326475.97,0.00,0.00,0.00,0.00,288841127,884728593,110969006,419503460
18446744070619.01,6225458.41,6660256.15,1639149.50,434797.75,2516.30,3645.58,0.00,1129.28,4069367568.70,6680326475.97,0.00,0.00,0.00,0.00,289174075,885039817,110969006,419503460
18446744070621.02,6227995.30,6664636.78,1639149.50,436641.48,2536.89,4380.63,0.00,1843.73,4069367568.70,6680326475.97,0.00,0.00,0.00,0.00,289745818,885117519,111677874,419503460
18446744070623.01,6230102.93,6668365.39,1639149.50,438262.46,2107.63,3728.61,0.00,1620.98,4069367568.70,6680326475.97,0.00,0.00,0.00,0.00,290221389,885181501,112136254,419503460
18446744070625.02,6232785.57,6672909.93,1639149.50,440124.37,2682.64,4544.54,0.00,1861.90,4069367568.70,6680326475.97,0.00,0.00,0.00,0.00,290843980,885245665,112136254,419503460
18446744070627.01,6235378.14,6676449.36,1639149.50,441071.22,2592.57,3539.42,0.00,946.85,4069367568.70,6680326475.97,0.00,0.00,0.00,0.00,291428902,885324441,112863359,419503460
18446744070629.01,6237910.95,6680091.61,1639149.50,442180.66,2532.81,3642.25,0.00,1109.44,4069367568.70,6680326475.97,0.00,0.00,0.00,0.00,291975507,885426236,112863359,419503460
18446744070631.01,6240266.73,6684150.59,1639149.50,443883.86,2355.78,4058.98,0.00,1703.20,4069367568.70,6680326475.97,0.00,0.00,0.00,0.00,292123691,885881132,112863359,419503460
18446744070633.01,6242787.11,6688207.14,1639149.50,445420.04,2520.38,4056.55,0.00,1536.18,4069367568.70,6680326475.97,0.00,0.00,0.00,0.00,292126027,886524012,113620559,419503460
18446744070635.02,6245483.91,6692538.05,1639149.50,447054.15,2696.80,4330.91,0.00,1634.11,4069367568.70,6680326475.97,0.00,0.00,0.00,0.00,292407851,886932569,113620559,419503460
18446744070637.01,6247994.49,6695050.20,1641499.44,447055.71,2510.59,2512.14,2349.93,1.56,4069367568.70,6680326475.97,0.00,0.00,0.00,0.00,292613041,887370089,114395388,419503460
18446744070639.02,6250344.91,6697400.62,1643762.62,447055.71,2350.42,2350.42,2263.18,0.00,4069367568.70,6680326475.97,0.00,0.00,0.00,0.00,292010903,887876822,114395388,420200572
18446744070641.01,6252961.37,6700017.07,1646409.18,447055.71,2616.46,2616.46,2646.56,0.00,4069367568.70,6680326475.97,0.00,0.00,0.00,0.00,292436281,888121257,114395388,420200572
18446744070643.01,6255098.14,6702153.84,1647648.85,447055.71,2136.77,2136.77,1239.67,0.00,4069367568.70,6680326475.97,0.00,0.00,0.00,0.00,291453668,888298818,114395388,421552637
18446744070645.01,6257779.61,6704835.31,1650213.60,447055.71,2681.47,2681.47,2564.75,0.00,4069367568.70,6680326475.97,0.00,0.00,0.00,0.00,291963738,888475204,114395388,421552637
18446744070647.01,6260066.59,6707122.30,1651720.86,447055.71,2286.99,2286.99,1507.26,0.00,4069367568.70,6680326475.97,0.00,0.00,0.00,0.00,291098743,888756577,114395388,422721728
18446744070649.02,6262741.46,6709797.17,1653691.87,447055.71,2674.87,2674.87,1971.01,0.00,4069367568.70,6680326475.97,0.00,0.00,0.00,0.00,291433621,889106465,114395388,422721728
18446744070651.01,6265426.08,6712481.79,1656282.24,447055.71,2684.62,2684.62,2590.37,0.00,4069367568.70,6680326475.97,0.00,0.00,0.00,0.00,291821407,889405941,114395388,422721728
18446744070653.02,6267621.46,6714677.17,1657854.58,447055.71,2195.38,2195.38,1572.34,0.00,4069367568.70,6680326475.97,0.00,0.00,0.00,0.00,290749363,889649011,114395388,424112720
18446744070655.01,6270345.32,6717401.03,1660493.08,447055.71,2723.86,2723.86,2638.50,0.00,4069367568.70,6680326475.97,0.00,0.00,0.00,0.00,290977837,890117845,114395388,424112720
18446744070657.02,6272575.39,6719631.09,1662612.96,447055.71,2230.07,2230.07,2119.88,0.00,4069367568.70,6680326475.97,0.00,0.00,0.00,0.00,289824010,890445185,114395388,425510104
18446744070659.01,6275306.17,6722361.88,1664806.80,447055.71,2730.78,2730.78,2193.84,0.00,4069367568.70,6680326475.97,0.00,0.00,0.00,0.00,290328520,890639755,114395388,425510104
18446744070661.01,6278061.21,6725116.92,1667456.36,447055.71,2755.04,2755.04,2649.56,0.00,4069367568.70,6680326475.97,0.00,0.00,0.00,0.00,290566651,891106915,114395388,425510104
18446744070663.01,6280218.43,6727274.14,1669314.39,447055.71,2157.22,2157.22,1858.03,0.00,4069367568.70,6680326475.97,0.00,0.00,0.00,0.00,289161923,891599476,114395388,426974520
18446744070665.01,6282709.51,6729765.22,1671114.27,447055.71,2491.08,2491.08,1799.87,0.00,4069367568.70,6680326475.97,0.00,0.00,0.00,0.00,288774284,891914208,114395388,427685143
18446744070667.02,6285312.12,6732367.83,1671114.27,447055.71,2602.61,2602.61,0.00,0.00,4069367568.70,6680326475.97,0.00,0.00,0.00,0.00,289005160,892349600,114395388,427685143
18446744070669.02,6287812.96,6734868.67,1673730.95,447055.71,2500.84,2500.84,2616.69,0.00,4069367568.70,6680326475.97,0.00,0.00,0.00,0.00,289279906,892715069,114395388,427685143
18446744070671.02,6290318.07,6737373.78,1676336.58,447055.71,2505.11,2505.11,2605.62,0.00,4069367568.70,6680326475.97,0.00,0.00,0.00,0.00,289658163,892978120,114395388,427685143
18446744070673.02,6292256.76,6739312.47,1677828.62,447055.71,1938.69,1938.69,1492.05,0.00,4069367568.70,6680326475.97,0.00,0.00,0.00,0.00,288546999,893080033,114395388,429190699
18446744070675.02,6294808.85,6741864.55,1680444.09,447055.71,2552.09,2552.09,2615.47,0.00,4069367568.70,6680326475.97,0.00,0.00,0.00,0.00,288920062,893360304,114395388,429190699
18446744070677.02,6296812.03,6743867.74,1682508.56,447055.71,2003.18,2003.18,2064.47,0.00,4069367568.70,6680326475.97,0.00,0.00,0.00,0.00,287934428,893472073,114395388,430577379
18446744070679.02,6299324.21,6746379.92,1684232.58,447055.71,2512.18,2512.18,1724.02,0.00,4069367568.70,6680326475.97,0.00,0.00,0.00,0.00,288388620,893661000,114395388,430577379
18446744070681.02,6301590.45,6748646.16,1685296.62,447055.71,2266.23,2266.23,1064.05,0.00,4069367568.70,6680326475.97,0.00,0.00,0.00,0.00,288045003,893871029,114395388,431291123
18446744070683.02,6304072.68,6751128.39,1685611.89,447055.71,2482.23,2482.23,315.27,0.00,4069367568.70,6680326475.97,0.00,0.00,0.00,0.00,288411755,894139729,114395388,431291123
18446744070685.02,6306399.66,6753455.37,1687369.84,447055.71,2326.98,2326.98,1757.95,0.00,4069367568.70,6680326475.97,0.00,0.00,0.00,0.00,288153729,894462718,114395388,431821866
18446744070687.02,6308900.46,6755956.17,1687369.84,447055.71,2500.80,2500.80,0.00,0.00,4069367568.70,6680326475.97,0.00,0.00,0.00,0.00,288335373,894921279,114395388,431821866
18446744070689.02,6311416.70,6758472.41,1688869.09,447055.71,2516.24,2516.24,1499.25,0.00,4069367568.70,6680326475.97,0.00,0.00,0.00,0.00,288491021,895409789,114395388,431821866
18446744070691.02,6313698.03,6760753.74,1690035.91,447055.71,2281.33,2281.33,1166.82,0.00,4069367568.70,6680326475.97,0.00,0.00,0.00,0.00,288090472,895711845,114395388,432504379
18446744070693.02,6316244.97,6763300.68,1690243.22,447055.71,2546.94,2546.94,207.31,0.00,4069367568.70,6680326475.97,0.00,0.00,0.00,0.00,288266555,896187778,114395388,432504379
18446744070695.02,6318793.70,6765849.41,1692740.38,447055.71,2548.73,2548.73,2497.16,0.00,4069367568.70,6680326475.97,0.00,0.00,0.00,0.00,288374248,896732561,114395388,432504379
18446744070697.02,6321087.42,6768143.12,1693010.69,447055.71,2293.71,2293.71,270.31,0.00,4069367568.70,6680326475.97,0.00,0.00,0.00,0.00,287719420,897213036,114395388,433265923
18446744070699.02,6323650.71,6770706.42,1694478.12,447055.71,2563.30,2563.30,1467.44,0.00,4069367568.70,6680326475.97,0.00,0.00,0.00,0.00,288133072,897455588,114395388,433265923
18446744070701.02,6326209.82,6773265.53,1697112.36,447055.71,2559.11,2559.11,2634.23,0.00,4069367568.70,6680326475.97,0.00,0.00,0.00,0.00,288344688,897899104,114395388,433265923
18446744070703.02,6328365.69,6775421.40,1697183.64,447055.71,2155.87,2155.87,71.28,0.00,4069367568.70,6680326475.97,0.00,0.00,0.00,0.00,287382598,898356284,114395388,434322735
18446744070705.02,6330969.25,6778024.96,1699821.18,447055.71,2603.56,2603.56,2637.54,0.00,4069367568.70,6680326475.97,0.00,0.00,0.00,0.00,287419048,898986345,114395388,434322735
18446744070707.21,6333289.20,6780344.91,1702148.53,447055.71,2319.95,2319.95,2327.35,0.00,4069367568.70,6680326475.97,0.00,0.00,0.00,0.00,286250652,899466173,114395388,435605211
18446744070709.21,6335894.88,6782950.58,1703531.47,447055.71,2605.67,2605.67,1382.94,0.00,4069367568.70,6680326475.97,0.00,0.00,0.00,0.00,286411534,899972343,114395388,435605211
18446744070711.21,6338210.38,6785266.09,1705618.25,447055.71,2315.50,2315.50,2086.78,0.00,4069367568.70,6680326475.97,0.00,0.00,0.00,0.00,285817589,900271369,114395388,436492899
18446744070713.21,6340826.16,6788139.87,1705618.25,447313.71,2615.79,2873.79,0.00,258.00,4069367568.70,6680326475.97,0.00,0.00,0.00,0.00,286201109,900557490,114395388,436492899
18446744070715.21,6343256.03,6791104.27,1705618.25,447848.24,2429.86,2964.39,0.00,534.53,4069367568.70,6680326475.97,0.00,0.00,0.00,0.00,286405803,900974841,114598276,436492899
18446744070717.21,6345821.89,6793670.13,1705618.25,447848.24,2565.86,2565.86,0.00,0.00,4069367568.70,6680326475.97,0.00,0.00,0.00,0.00,286758500,901279005,114598276,436492899
18446744070719.21,6348107.18,6797455.41,1705618.25,449348.24,2285.29,3785.29,0.00,1500.00,4069367568.70,6680326475.97,0.00,0.00,0.00,0.00,287041466,901581072,114598276,436492899
18446744070721.21,6350664.21,6800070.66,1705618.25,449406.46,2557.03,2615.25,0.00,58.22,4069367568.70,6680326475.97,0.00,0.00,0.00,0.00,287361805,901915333,114997180,436492899
18446744070723.21,6353117.92,6802724.17,1705618.25,449606.25,2453.71,2653.50,0.00,199.79,4069367568.70,6680326475.97,0.00,0.00,0.00,0.00,287591705,902313584,114997180,436492899
18446744070725.21,6355462.00,6807050.87,1705618.25,451588.87,2344.07,4326.70,0.00,1982.62,4069367568.70,6680326475.97,0.00,0.00,0.00,0.00,287769889,902735483,114997180,436492899
18446744070727.21,6357969.81,6811358.59,1705618.25,453388.78,2507.81,4307.72,0.00,1799.91,4069367568.70,6680326475.97,0.00,0.00,0.00,0.00,288081399,903065973,115566073,436492899
18446744070729.21,6360520.36,6815558.23,1705618.25,455037.88,2550.55,4199.64,0.00,1649.09,4069367568.70,6680326475.97,0.00,0.00,0.00,0.00,288598412,903201901,116279701,436492899
18446744070731.21,6363181.29,6820190.09,1705618.25,457008.80,2660.93,4631.85,0.00,1970.92,4069367568.70,6680326475.97,0.00,0.00,0.00,0.00,288823354,903658157,116279701,436492899
18446744070733.21,6365680.33,6824435.98,1705618.25,458755.66,2499.04,4245.90,0.00,1746.86,4069367568.70,6680326475.97,0.00,0.00,0.00,0.00,289030212,904091053,117059777,436492899
18446744070735.21,6368025.14,6828564.45,1705618.25,460539.31,2344.81,4128.46,0.00,1783.66,4069367568.70,6680326475.97,0.00,0.00,0.00,0.00,289213839,904507697,117059777,436492899
18446744070737.21,6370532.95,6832575.04,1705618.25,462042.09,2507.81,4010.59,0.00,1502.78,4069367568.70,6680326475.97,0.00,0.00,0.00,0.00,289425982,904937554,117855423,436492899
18446744070739.21,6373110.62,6836864.48,1705618.25,463753.86,2577.67,4289.43,0.00,1711.76,4069367568.70,6680326475.97,0.00,0.00,0.00,0.00,289622456,905400964,118670114,436492899
18446744070741.21,6375507.79,6840852.92,1705618.25,465345.13,2397.17,3988.45,0.00,1591.27,4069367568.70,6680326475.97,0.00,0.00,0.00,0.00,289809945,905827151,118670114,436492899
18446744070743.21,6378072.80,6844954.74,1705618.25,466881.94,2565.00,4101.82,0.00,1536.81,4069367568.70,6680326475.97,0.00,0.00,0.00,0.00,290100810,906192927,118670114,436492899
18446744070745.22,6380458.25,6848847.73,1705618.25,468389.48,2385.45,3892.99,0.00,1507.54,4069367568.70,6680326475.97,0.00,0.00,0.00,0.00,290499288,906405125,119503858,436492899
18446744070747.23,6383011.68,6852868.82,1705618.25,469857.14,2553.43,4021.09,0.00,1467.66,4069367568.70,6680326475.97,0.00,0.00,0.00,0.00,290876010,906682082,120232546,436492899
18446744070749.23,6384715.81,6856530.39,1705618.25,471814.57,1704.13,3661.57,0.00,1957.44,4069367568.70,6680326475.97,0.00,0.00,0.00,0.00,290988574,907005775,120668834,436492899
18446744070751.23,6387223.68,6860730.40,1705618.25,473506.71,2507.87,4200.01,0.00,1692.14,4069367568.70,6680326475.97,0.00,0.00,0.00,0.00,291305966,907330398,120668834,436492899
18446744070753.23,6389703.93,6864706.60,1705618.25,475002.67,2480.25,3976.20,0.00,1495.95,4069367568.70,6680326475.97,0.00,0.00,0.00,0.00,291862527,907408780,121430966,436492899
18446744070755.23,6392264.47,6868805.58,1705618.25,476541.11,2560.54,4098.98,0.00,1538.44,4069367568.70,6680326475.97,0.00,0.00,0.00,0.00,292338270,907588536,121430966,436492899
18446744070757.23,6394646.34,6871735.22,1707346.03,477088.89,2381.86,2929.64,1727.78,547.78,4069367568.70,6680326475.97,0.00,0.00,0.00,0.00,292634966,907901597,122083866,436492899
18446744070759.23,6397194.42,6874283.31,1709993.19,477088.89,2548.09,2548.09,2647.16,0.00,4069367568.70,6680326475.97,0.00,0.00,0.00,0.00,293249852,907939021,122083866,436492899
18446744070761.23,6399250.70,6876339.58,1712132.61,477088.89,2056.27,2056.27,2139.42,0.00,4069367568.70,6680326475.97,0.00,0.00,0.00,0.00,292083799,908228544,122083866,437895835
18446744070763.23,6401756.91,6878845.80,1714778.59,477088.89,2506.21,2506.21,2645.98,0.00,4069367568.70,6680326475.97,0.00,0.00,0.00,0.00,292512100,908441834,122083866,437895835
18446744070765.23,6403709.18,6880798.07,1716802.04,477088.89,1952.27,1952.27,2023.45,0.00,4069367568.70,6680326475.97,0.00,0.00,0.00,0.00,291398272,908687497,122083866,439263781
18446744070767.23,6406216.45,6883305.33,1719410.98,477088.89,2507.27,2507.27,2608.94,0.00,4069367568.70,6680326475.97,0.00,0.00,0.00,0.00,291792705,908934924,122083866,439263781
18446744070769.37,6408405.14,6885494.03,1721711.57,477088.89,2188.70,2188.70,2300.59,0.00,4069367568.70,6680326475.97,0.00,0.00,0.00,0.00,290629642,909309317,122083866,440612757
18446744070771.37,6410748.86,6887837.75,1724220.30,477088.89,2343.72,2343.72,2508.73,0.00,4069367568.70,6680326475.97,0.00,0.00,0.00,0.00,291032980,909505971,122083866,440612757
18446744070773.37,6412954.07,6890042.96,1726401.15,477088.89,2205.21,2205.21,2180.85,0.00,4069367568.70,6680326475.97,0.00,0.00,0.00,0.00,290730572,909571181,122083866,441414489
18446744070775.37,6415177.44,6892266.32,1728671.02,477088.89,2223.37,2223.37,2269.88,0.00,4069367568.70,6680326475.97,0.00,0.00,0.00,0.00,290466386,909599245,122083866,442219793
18446744070777.37,6417445.25,6894534.14,1730486.63,477088.89,2267.81,2267.81,1815.61,0.00,4069367568.70,6680326475.97,0.00,0.00,0.00,0.00,290169998,909836813,122083866,442859173
18446744070779.37,6419954.98,6897043.87,1730486.63,477088.89,2509.73,2509.73,0.00,0.00,4069367568.70,6680326475.97,0.00,0.00,0.00,0.00,290572625,910076678,122083866,442859173
18446744070781.37,6422440.46,6899529.35,1732426.35,477088.89,2485.48,2485.48,1939.72,0.00,4069367568.70,6680326475.97,0.00,0.00,0.00,0.00,290786534,910499052,122083866,442859173
18446744070783.37,6424725.41,6901814.30,1733117.25,477088.89,2284.95,2284.95,690.89,0.00,4069367568.70,6680326475.97,0.00,0.00,0.00,0.00,290293833,910903262,122083866,443532610
18446744070785.37,6427195.39,6904284.27,1733733.92,477088.89,2469.98,2469.98,616.67,0.00,4069367568.70,6680326475.97,0.00,0.00,0.00,0.00,290452323,911377086,122083866,443532610
18446744070787.44,6429503.04,6906591.93,1736025.21,477088.89,2307.65,2307.65,2291.30,0.00,4069367568.70,6680326475.97,0.00,0.00,0.00,0.00,290001797,911717603,122083866,444233378
18446744070789.45,6432040.83,6909129.71,1736025.21,477088.89,2537.79,2537.79,0.00,0.00,4069367568.70,6680326475.97,0.00,0.00,0.00,0.00,290188937,912180137,122083866,444233378
18446744070791.44,6434555.42,6911644.31,1737785.12,477088.89,2514.59,2514.59,1759.90,0.00,4069367568.70,6680326475.97,0.00,0.00,0.00,0.00,290390989,912621821,122083866,444233378
18446744070793.44,6436799.69,6913888.57,1738968.15,477088.89,2244.27,2244.27,1183.04,0.00,4069367568.70,6680326475.97,0.00,0.00,0.00,0.00,289764840,913069142,122083866,444986738
18446744070795.44,6439241.30,6916593.09,1738968.15,477351.80,2441.61,2704.52,0.00,262.91,4069367568.70,6680326475.97,0.00,0.00,0.00,0.00,289949321,913509713,122083866,444986738
18446744070797.44,6441585.05,6921105.55,1738968.15,479520.50,2343.75,4512.45,0.00,2168.70,4069367568.70,6680326475.97,0.00,0.00,0.00,0.00,290207339,913851696,122083866,444986738
18446744070799.44,6444092.86,6925513.96,1738968.15,481421.10,2507.81,4408.41,0.00,1900.60,4069367568.70,6680326475.97,0.00,0.00,0.00,0.00,290419725,914281310,122810970,444986738
18446744070801.44,6446749.85,6930076.83,1738968.15,483326.98,2656.98,4562.87,0.00,1905.88,4069367568.70,6680326475.97,0.00,0.00,0.00,0.00,290635562,914745661,122810970,444986738
18446744070803.44,6449221.90,6934241.39,1738968.15,485019.49,2472.05,4164.56,0.00,1692.51,4069367568.70,6680326475.97,0.00,0.00,0.00,0.00,290793907,915220162,123643568,444986738
18446744070805.44,6451723.35,6938578.46,1738968.15,486855.11,2501.45,4337.07,0.00,1835.62,4069367568.70,6680326475.97,0.00,0.00,0.00,0.00,290996255,915658184,124342839,444986738
18446744070807.45,6454067.89,6942888.62,1738968.15,488820.73,2344.54,4310.16,0.00,1965.62,4069367568.70,6680326475.97,0.00,0.00,0.00,0.00,291189737,916064905,124940279,444986738
18446744070809.44,6456575.70,6947270.63,1738968.15,490694.93,2507.81,4382.01,0.00,1874.20,4069367568.70,6680326475.97,0.00,0.00,0.00,0.00,291291597,916605045,124940279,444986738
18446744070811.44,6459183.59,6951575.40,1738968.15,492391.80,2607.89,4304.77,0.00,1696.88,4069367568.70,6680326475.97,0.00,0.00,0.00,0.00,291377381,917186881,125634569,444986738
18446744070813.44,6461611.83,6955842.53,1738968.15,494230.70,2428.24,4267.13,0.00,1838.89,4069367568.70,6680326475.97,0.00,0.00,0.00,0.00,291410933,917774958,126263321,444986738
18446744070815.44,6464208.44,6960258.83,1738968.15,496050.39,2596.61,4416.30,0.00,1819.70,4069367568.70,6680326475.97,0.00,0.00,0.00,0.00,291635473,918215149,126263321,444986738
18446744070817.44,6466623.28,6964558.26,1738968.15,497934.98,2414.84,4299.43,0.00,1884.59,4069367568.70,6680326475.97,0.00,0.00,0.00,0.00,291857955,918610866,126868035,444986738
18446744070819.44,6469211.43,6968834.14,1738968.15,499622.71,2588.15,4275.88,0.00,1687.73,4069367568.70,6680326475.97,0.00,0.00,0.00,0.00,292006537,919124851,127602987,444986738
18446744070821.45,6471791.11,6973203.10,1738968.15,501411.98,2579.68,4368.95,0.00,1789.27,4069367568.70,6680326475.97,0.00,0.00,0.00,0.00,292320730,919471057,128113091,444986738
18446744070823.44,6474191.77,6977540.55,1738968.15,503348.78,2400.66,4337.45,0.00,1936.80,4069367568.70,6680326475.97,0.00,0.00,0.00,0.00,292771594,919634761,128113091,444986738
18446744070825.44,6476758.36,6981786.28,1738968.15,505027.91,2566.59,4245.73,0.00,1679.13,4069367568.70,6680326475.97,0.00,0.00,0.00,0.00,293314868,919748535,128846099,444986738
18446744070827.44,6479313.09,6986114.65,1738968.15,506801.56,2554.73,4328.38,0.00,1773.64,4069367568.70,6680326475.97,0.00,0.00,0.00,0.00,293549545,920167869,129515807,444986738
18446744070829.44,6481920.09,6990564.05,1738968.15,508643.96,2607.00,4449.40,0.00,1842.40,4069367568.70,6680326475.97,0.00,0.00,0.00,0.00,293634237,920750569,129515807,444986738
18446744070831.45,6484346.32,6994494.23,1738968.15,510147.91,2426.22,3930.18,0.00,1503.95,4069367568.70,6680326475.97,0.00,0.00,0.00,0.00,294117998,920887921,130188952,444986738
18446744070833.44,6486891.47,6999023.01,1738968.15,512131.54,2545.15,4528.78,0.00,1983.63,4069367568.70,6680326475.97,0.00,0.00,0.00,0.00,294335033,921322445,130852228,444986738
18446744070835.45,6489547.43,7003574.09,1738968.15,514026.66,2655.96,4551.08,0.00,1895.12,4069367568.70,6680326475.97,0.00,0.00,0.00,0.00,294804431,921532973,130852228,444986738
18446744070837.44,6491942.63,7006168.03,1741064.75,514225.40,2395.20,2593.95,2096.60,198.74,4069367568.70,6680326475.97,0.00,0.00,0.00,0.00,295052282,921668581,131508189,445216451
18446744070839.45,6494451.07,7008676.47,1743713.51,514225.40,2508.44,2508.44,2648.76,0.00,4069367568.70,6680326475.97,0.00,0.00,0.00,0.00,295527168,921835856,131508189,445216451
18446744070841.44,6496479.05,7010704.45,1745762.26,514225.40,2027.97,2027.97,2048.75,0.00,4069367568.70,6680326475.97,0.00,0.00,0.00,0.00,294507469,921926961,131508189,446664206
18446744070843.55,6498937.02,7013162.42,1748122.64,514225.40,2457.97,2457.97,2360.38,0.00,4069367568.70,6680326475.97,0.00,0.00,0.00,0.00,294069853,922327738,131508189,447330286
18446744070845.55,6501447.38,7015672.77,1749206.21,514225.40,2510.36,2510.36,1083.58,0.00,4069367568.70,6680326475.97,0.00,0.00,0.00,0.00,294257647,922782595,131508189,447330286
18446744070847.55,6503716.69,7017942.09,1750731.86,514225.40,2269.31,2269.31,1525.64,0.00,4069367568.70,6680326475.97,0.00,0.00,0.00,0.00,293886150,923067076,131508189,447998246
18446744070849.55,6506234.58,7020459.98,1750731.86,514225.40,2517.89,2517.89,0.00,0.00,4069367568.70,6680326475.97,0.00,0.00,0.00,0.00,294169017,923428789,131508189,447998246
18446744070851.55,6508756.07,7022981.47,1753107.39,514225.40,2521.50,2521.50,2375.53,0.00,4069367568.70,6680326475.97,0.00,0.00,0.00,0.00,294348719,923894590,131508189,447998246
18446744070853.55,6511306.37,7025531.77,1755767.61,514225.40,2550.30,2550.30,2660.22,0.00,4069367568.70,6680326475.97,0.00,0.00,0.00,0.00,294649657,924246528,131508189,447998246
18446744070855.55,6513278.49,7027503.89,1757403.33,514225.40,1972.12,1972.12,1635.73,0.00,4069367568.70,6680326475.97,0.00,0.00,0.00,0.00,293232803,924610612,131508189,449555878
18446744070857.55,6515605.95,7029831.34,1759399.44,514225.40,2327.46,2327.46,1996.11,0.00,4069367568.70,6680326475.97,0.00,0.00,0.00,0.00,292845994,924932749,131508189,450216379
18446744070859.55,6518142.52,7032367.91,1759399.44,514225.40,2536.57,2536.57,0.00,0.00,4069367568.70,6680326475.97,0.00,0.00,0.00,0.00,293247044,925181061,131508189,450216379
18446744070861.55,6520670.00,7034895.39,1761315.14,514225.40,2527.48,2527.48,1915.70,0.00,4069367568.70,6680326475.97,0.00,0.00,0.00,0.00,293566468,925508672,131508189,450216379
18446744070863.55,6522947.55,7037172.95,1762058.34,514225.40,2277.55,2277.55,743.20,0.00,4069367568.70,6680326475.97,0.00,0.00,0.00,0.00,292890325,926087190,131508189,450897058
18446744070865.55,6525515.89,7039741.29,1762627.59,514225.40,2568.34,2568.34,569.25,0.00,4069367568.70,6680326475.97,0.00,0.00,0.00,0.00,293063229,926571780,131508189,450897058
18446744070867.55,6527825.94,7042051.34,1764870.15,514225.40,2310.05,2310.05,2242.56,0.00,4069367568.70,6680326475.97,0.00,0.00,0.00,0.00,292554326,926952234,131508189,451616881
18446744070869.55,6530356.23,7044581.62,1764870.15,514225.40,2530.29,2530.29,0.00,0.00,4069367568.70,6680326475.97,0.00,0.00,0.00,0.00,292819514,927334799,131508189,451616881
18446744070871.55,6532970.55,7047195.95,1766780.73,514225.40,2614.32,2614.32,1910.58,0.00,4069367568.70,6680326475.97,0.00,0.00,0.00,0.00,293030922,927792657,131508189,451616881
18446744070873.59,6535213.47,7049438.87,1768940.66,514225.40,2242.93,2242.93,2159.93,0.00,4069367568.70,6680326475.97,0.00,0.00,0.00,0.00,292185849,928169869,131508189,452658931
18446744070875.59,6537812.83,7052038.23,1769550.47,514225.40,2599.36,2599.36,609.81,0.00,4069367568.70,6680326475.97,0.00,0.00,0.00,0.00,292531710,928489443,131508189,452658931
18446744070877.77,6540338.36,7054563.76,1772037.15,514225.40,2525.54,2525.54,2486.68,0.00,4069367568.70,6680326475.97,0.00,0.00,0.00,0.00,291913865,928961122,131508189,453451634
18446744070879.77,6542966.12,7057191.52,1772037.15,514225.40,2627.76,2627.76,0.00,0.00,4069367568.70,6680326475.97,0.00,0.00,0.00,0.00,292406140,929141553,131508189,453451634
18446744070881.77,6545634.06,7059859.46,1774211.92,514225.40,2667.94,2667.94,2174.77,0.00,4069367568.70,6680326475.97,0.00,0.00,0.00,0.00,292666478,929564207,131508189,453451634
18446744070883.77,6547939.54,7062164.94,1775341.93,514225.40,2305.48,2305.48,1130.01,0.00,4069367568.70,6680326475.97,0.00,0.00,0.00,0.00,292086930,929887937,131508189,454297656
18446744070885.77,6550477.47,7064702.87,1776282.61,514225.40,2537.93,2537.93,940.69,0.00,4069367568.70,6680326475.97,0.00,0.00,0.00,0.00,292349488,930275089,131508189,454297656
18446744070887.77,6552808.25,7067033.64,1778030.96,514225.40,2330.77,2330.77,1748.35,0.00,4069367568.70,6680326475.97,0.00,0.00,0.00,0.00,291937530,930595331,131508189,454986050
18446744070889.77,6555420.35,7069645.75,1778030.96,514225.40,2612.11,2612.11,0.00,0.00,4069367568.70,6680326475.97,0.00,0.00,0.00,0.00,292332725,930868835,131508189,454986050
18446744070891.77,6558009.55,7072234.95,1780254.34,514225.40,2589.20,2589.20,2223.38,0.00,4069367568.70,6680326475.97,0.00,0.00,0.00,0.00,292661073,931203323,131508189,454986050
18446744070893.77,6560376.30,7074601.70,1781193.07,514225.40,2366.75,2366.75,938.73,0.00,4069367568.70,6680326475.97,0.00,0.00,0.00,0.00,292271875,931388909,131508189,455795550
18446744070895.77,6563029.53,7077254.93,1782390.86,514225.40,2653.22,2653.22,1197.78,0.00,4069367568.70,6680326475.97,0.00,0.00,0.00,0.00,292597544,931742465,131508189,455795550
18446744070897.77,6565649.22,7079874.62,1784959.98,514225.40,2619.69,2619.69,2569.12,0.00,4069367568.70,6680326475.97,0.00,0.00,0.00,0.00,292987473,932023177,131508189,455795550
18446744070899.77,6567983.82,7082209.22,1785483.95,514225.40,2334.61,2334.61,523.97,0.00,4069367568.70,6680326475.97,0.00,0.00,0.00,0.00,291998065,932524836,131508189,456880958
18446744070901.77,6570710.61,7084936.01,1788095.13,514225.40,2726.79,2726.79,2611.18,0.00,4069367568.70,6680326475.97,0.00,0.00,0.00,0.00,292203305,933017654,131508189,456880958
18446744070903.77,6573023.83,7087249.23,1789517.50,514225.40,2313.21,2313.21,1422.36,0.00,4069367568.70,6680326475.97,0.00,0.00,0.00,0.00,291383869,933384933,131508189,457925298
18446744070905.77,6575770.43,7089995.83,1791013.18,514225.40,2746.60,2746.60,1495.69,0.00,4069367568.70,6680326475.97,0.00,0.00,0.00,0.00,291731527,933740405,131508189,457925298
18446744070907.77,6578330.45,7092555.85,1792394.57,514225.40,2560.02,2560.02,1381.39,0.00,4069367568.70,6680326475.97,0.00,0.00,0.00,0.00,291157205,934233561,131508189,458661830
18446744070909.77,6581045.62,7095271.02,1793151.30,514225.40,2715.17,2715.17,756.73,0.00,4069367568.70,6680326475.97,0.00,0.00,0.00,0.00,291317440,934768409,131508189,458661830
18446744070911.77,6583874.07,7098099.47,1795698.01,514225.40,2828.45,2828.45,2546.71,0.00,4069367568.70,6680326475.97,0.00,0.00,0.00,0.00,291634901,935175032,131508189,458661830
18446744070913.77,6586259.66,7100485.05,1796063.56,514225.40,2385.58,2385.58,365.55,0.00,4069367568.70,6680326475.97,0.00,0.00,0.00,0.00,291104271,935377847,131508189,459600354
18446744070915.77,6588538.25,7104284.73,1796063.56,515746.48,2278.59,3799.68,0.00,1521.08,4069367568.70,6680326475.97,0.00,0.00,0.00,0.00,291619813,935445625,131897586,459600354
18446744070917.77,6591086.80,7106833.29,1796063.56,515746.48,2548.55,2548.55,0.00,0.00,4069367568.70,6680326475.97,0.00,0.00,0.00,0.00,291912389,935805479,131897586,459600354
18446744070919.77,6593568.32,7110062.20,1796063.56,516493.87,2481.52,3228.91,0.00,747.39,4069367568.70,6680326475.97,0.00,0.00,0.00,0.00,292101747,936251390,131897586,459600354
18446744070921.77,6596256.13,7114789.96,1796063.56,518533.84,2687.80,4727.77,0.00,2039.96,4069367568.70,6680326475.97,0.00,0.00,0.00,0.00,292248574,936792641,131897586,459600354
18446744070923.77,6598727.70,7117972.64,1796063.56,519244.94,2471.57,3182.67,0.00,711.11,4069367568.70,6680326475.97,0.00,0.00,0.00,0.00,292402719,937271217,132767400,459600354
18446744070925.77,6601044.18,7121271.25,1796063.56,520227.07,2316.49,3298.61,0.00,982.12,4069367568.70,6680326475.97,0.00,0.00,0.00,0.00,292705833,937561124,133044424,459600354
18446744070927.77,6603553.89,7123780.96,1796063.56,520227.07,2509.71,2509.71,0.00,0.00,4069367568.70,6680326475.97,0.00,0.00,0.00,0.00,292907551,938001892,133044424,459600354
18446744070929.77,6606030.52,7127213.96,1796063.56,521183.44,2476.62,3433.00,0.00,956.38,4069367568.70,6680326475.97,0.00,0.00,0.00,0.00,293025360,938518098,133044424,459600354
18446744070931.77,6608469.97,7131515.01,1796063.56,523045.04,2439.46,4301.05,0.00,1861.60,4069367568.70,6680326475.97,0.00,0.00,0.00,0.00,293213073,938954886,133730436,459600354
18446744070933.77,6611041.23,7135997.89,1796063.56,524956.66,2571.26,4482.88,0.00,1911.62,4069367568.70,6680326475.97,0.00,0.00,0.00,0.00,293444008,939382193,133730436,459600354
18446744070935.77,6613432.71,7140437.07,1796063.56,527004.35,2391.48,4439.17,0.00,2047.69,4069367568.70,6680326475.97,0.00,0.00,0.00,0.00,293600332,939838089,134488525,459600354
18446744070937.77,6615742.65,7144810.57,1796063.56,529067.91,2309.94,4373.50,0.00,2063.56,4069367568.70,6680326475.97,0.00,0.00,0.00,0.00,293838839,940190926,135022497,459600354
18446744070939.77,6618072.52,7149225.66,1796063.56,531153.14,2329.86,4415.09,0.00,2085.23,4069367568.70,6680326475.97,0.00,0.00,0.00,0.00,293933557,940692653,135476703,459600354
18446744070941.77,6620521.34,7153344.91,1796063.56,532823.56,2448.83,4119.25,0.00,1670.42,4069367568.70,6680326475.97,0.00,0.00,0.00,0.00,294288468,940964642,136109223,459600354
18446744070943.77,6623120.29,7157905.48,1796063.56,534785.19,2598.95,4560.57,0.00,1961.62,4069367568.70,6680326475.97,0.00,0.00,0.00,0.00,294829444,941088997,136109223,459600354
18446744070945.77,6625637.28,7162135.89,1796063.56,536498.61,2516.98,4230.41,0.00,1713.43,4069367568.70,6680326475.97,0.00,0.00,0.00,0.00,295101173,941461616,136822271,459600354
18446744070947.77,6628138.22,7166545.09,1796063.56,538406.87,2500.95,4409.20,0.00,1908.25,4069367568.70,6680326475.97,0.00,0.00,0.00,0.00,295302493,941900538,137621867,459600354
18446744070949.77,6630806.06,7171077.50,1796063.56,540271.44,2667.84,4532.41,0.00,1864.57,4069367568.70,6680326475.97,0.00,0.00,0.00,0.00,295584434,942301564,137621867,459600354
18446744070951.77,6633287.37,7175339.03,1796063.56,542051.66,2481.30,4261.53,0.00,1780.23,4069367568.70,6680326475.97,0.00,0.00,0.00,0.00,295760976,942760236,138346611,459600354
18446744070953.77,6635870.30,7179558.26,1796063.56,543687.95,2582.94,4219.23,0.00,1636.29,4069367568.70,6680326475.97,0.00,0.00,0.00,0.00,295881086,943301358,138989799,459600354
18446744070955.77,6638472.30,7183826.13,1796063.56,545353.84,2601.99,4267.88,0.00,1665.88,4069367568.70,6680326475.97,0.00,0.00,0.00,0.00,295950472,943898082,138989799,459600354
18446744070957.77,6641027.08,7187429.16,1797018.43,546402.08,2554.79,3603.03,954.87,1048.24,4069367568.70,6680326475.97,0.00,0.00,0.00,0.00,296009846,944492733,139745211,459600354
18446744070959.77,6643615.44,7190017.52,1799645.51,546402.08,2588.36,2588.36,2627.09,0.00,4069367568.70,6680326475.97,0.00,0.00,0.00,0.00,296170994,944994205,139745211,459600354
18446744070961.77,6645881.05,7192283.12,1801768.04,546402.08,2265.61,2265.61,2122.53,0.00,4069367568.70,6680326475.97,0.00,0.00,0.00,0.00,295417070,945294506,139745211,460633972
18446744070963.77,6648171.33,7194573.41,1803657.45,546402.08,2290.28,2290.28,1889.41,0.00,4069367568.70,6680326475.97,0.00,0.00,0.00,0.00,295068970,945402926,139745211,461459964
18446744070965.77,6650855.30,7197257.38,1806127.14,546402.08,2683.97,2683.97,2469.69,0.00,4069367568.70,6680326475.97,0.00,0.00,0.00,0.00,295485454,945673539,139745211,461459964
18446744070967.77,6653255.11,7199657.18,1806234.17,546402.08,2399.80,2399.80,107.03,0.00,4069367568.70,6680326475.97,0.00,0.00,0.00,0.00,294858012,946171265,139745211,462204030
18446744070969.77,6655953.23,7202355.31,1808057.09,546402.08,2698.13,2698.13,1822.92,0.00,4069367568.70,6680326475.97,0.00,0.00,0.00,0.00,294942808,946777190,139745211,462204030
18446744070971.77,6658337.33,7204739.41,1809503.71,546402.08,2384.10,2384.10,1446.62,0.00,4069367568.70,6680326475.97,0.00,0.00,0.00,0.00,294132980,947360831,139745211,463040546
18446744070973.77,6661005.80,7207407.88,1810370.17,546402.08,2668.47,2668.47,866.45,0.00,4069367568.70,6680326475.97,0.00,0.00,0.00,0.00,294439858,947737082,139745211,463040546
18446744070975.77,6663400.51,7209802.59,1812132.63,546402.08,2394.71,2394.71,1762.46,0.00,4069367568.70,6680326475.97,0.00,0.00,0.00,0.00,294311585,947805398,139745211,463713548
18446744070977.77,6665965.79,7212367.87,1812132.63,546402.08,2565.28,2565.28,0.00,0.00,4069367568.70,6680326475.97,0.00,0.00,0.00,0.00,294721196,948052498,139745211,463713548
18446744070979.77,6668525.56,7214927.64,1814411.80,546402.08,2559.77,2559.77,2279.18,0.00,4069367568.70,6680326475.97,0.00,0.00,0.00,0.00,295177106,948251890,139745211,463713548
18446744070981.77,6671118.14,7217520.22,1817007.91,546402.08,2592.58,2592.58,2596.11,0.00,4069367568.70,6680326475.97,0.00,0.00,0.00,0.00,295493274,948599423,139745211,463713548
18446744070983.77,6673170.88,7219572.95,1818197.37,546402.08,2052.73,2052.73,1189.45,0.00,4069367568.70,6680326475.97,0.00,0.00,0.00,0.00,294336049,948940798,139745211,465054897
18446744070985.77,6675737.01,7222139.09,1820826.84,546402.08,2566.13,2566.13,2629.47,0.00,4069367568.70,6680326475.97,0.00,0.00,0.00,0.00,294880323,949053454,139745211,465054897
18446744070988.00,6678027.99,7224430.07,1823245.65,546402.08,2290.98,2290.98,2418.81,0.00,4069367568.70,6680326475.97,0.00,0.00,0.00,0.00,293949160,949067532,139745211,466558473
18446744070990.00,6680579.44,7226981.52,1825232.94,546402.08,2551.45,2551.45,1987.29,0.00,4069367568.70,6680326475.97,0.00,0.00,0.00,0.00,294517701,949152162,139745211,466558473
18446744070992.00,6682915.43,7229317.51,1825782.09,546402.08,2336.00,2336.00,549.16,0.00,4069367568.70,6680326475.97,0.00,0.00,0.00,0.00,294102866,949515682,139745211,467207803
18446744070994.00,6685455.48,7231857.56,1826582.30,546402.08,2540.05,2540.05,800.20,0.00,4069367568.70,6680326475.97,0.00,0.00,0.00,0.00,294477381,949791420,139745211,467207803
18446744070996.00,6688001.28,7234403.36,1829179.04,546402.08,2545.79,2545.79,2596.75,0.00,4069367568.70,6680326475.97,0.00,0.00,0.00,0.00,294681054,950239470,139745211,467207803
18446744070998.27,6690427.95,7236830.02,1831601.89,546402.08,2426.67,2426.67,2422.84,0.00,4069367568.70,6680326475.97,0.00,0.00,0.00,0.00,293414952,950639724,139745211,468694878
18446744071000.26,6692988.13,7239390.21,1833673.83,546402.08,2560.18,2560.18,2071.95,0.00,4069367568.70,6680326475.97,0.00,0.00,0.00,0.00,293535265,951174818,139745211,468694878
18446744071002.26,6695257.11,7241659.19,1834615.76,546402.08,2268.98,2268.98,941.93,0.00,4069367568.70,6680326475.97,0.00,0.00,0.00,0.00,292920369,951599022,139745211,469466430
18446744071004.27,6697753.82,7244155.89,1835402.89,546402.08,2496.70,2496.70,787.13,0.00,4069367568.70,6680326475.97,0.00,0.00,0.00,0.00,293198448,951960099,139745211,469466430
18446744071006.26,6700295.40,7246697.48,1837902.18,546402.08,2541.58,2541.58,2499.28,0.00,4069367568.70,6680326475.97,0.00,0.00,0.00,0.00,293484962,952324230,139745211,469466430
18446744071008.27,6702468.17,7248870.25,1838646.86,546402.08,2172.77,2172.77,744.69,0.00,4069367568.70,6680326475.97,0.00,0.00,0.00,0.00,292760682,952572777,139745211,470498392
18446744071010.26,6705015.02,7251417.10,1840505.38,546402.08,2546.86,2546.86,1858.51,0.00,4069367568.70,6680326475.97,0.00,0.00,0.00,0.00,292902724,953082730,139745211,470498392
18446744071012.27,6707230.89,7253632.97,1841979.94,546402.08,2215.87,2215.87,1474.57,0.00,4069367568.70,6680326475.97,0.00,0.00,0.00,0.00,292295683,953403774,139745211,471351652
18446744071014.26,6709790.17,7256192.25,1842496.66,546402.08,2559.27,2559.27,516.72,0.00,4069367568.70,6680326475.97,0.00,0.00,0.00,0.00,292461130,953893501,139745211,471351652
18446744071016.27,6712312.15,7258714.23,1845068.92,546402.08,2521.98,2521.98,2572.25,0.00,4069367568.70,6680326475.97,0.00,0.00,0.00,0.00,292908452,954091806,139745211,471351652
18446744071018.27,6714481.09,7260883.17,1845966.52,546402.08,2168.95,2168.95,897.60,0.00,4069367568.70,6680326475.97,0.00,0.00,0.00,0.00,292342582,954192370,139745211,472372208
18446744071020.26,6717027.70,7263429.78,1847510.60,546402.08,2546.61,2546.61,1544.08,0.00,4069367568.70,6680326475.97,0.00,0.00,0.00,0.00,292886938,954299945,139745211,472372208
18446744071022.27,6719311.65,7265713.73,1849316.72,546402.08,2283.95,2283.95,1806.12,0.00,4069367568.70,6680326475.97,0.00,0.00,0.00,0.00,292264442,954649481,139745211,473229860
18446744071024.26,6721837.77,7268239.85,1849621.80,546402.08,2526.12,2526.12,305.08,0.00,4069367568.70,6680326475.97,0.00,0.00,0.00,0.00,292603090,954957520,139745211,473229860
18446744071026.27,6724470.38,7270872.46,1852100.20,546402.08,2632.61,2632.61,2478.40,0.00,4069367568.70,6680326475.97,0.00,0.00,0.00,0.00,292752072,955482486,139745211,473229860
18446744071028.26,6726843.91,7273245.99,1852353.00,546402.08,2373.53,2373.53,252.80,0.00,4069367568.70,6680326475.97,0.00,0.00,0.00,0.00,292316938,955747995,139745211,474007108
18446744071030.27,6729500.37,7275902.45,1853987.26,546402.08,2656.46,2656.46,1634.26,0.00,4069367568.70,6680326475.97,0.00,0.00,0.00,0.00,292568814,956176172,139745211,474007108
18446744071032.27,6731933.41,7278335.48,1854828.67,546402.08,2433.04,2433.04,841.41,0.00,4069367568.70,6680326475.97,0.00,0.00,0.00,0.00,292290104,956443970,139745211,474640878
18446744071034.26,6734581.96,7280984.04,1855477.87,546402.08,2648.55,2648.55,649.20,0.00,4069367568.70,6680326475.97,0.00,0.00,0.00,0.00,292765145,956646958,139745211,474640878
18446744071036.27,6737275.82,7283677.89,1858091.46,546402.08,2693.86,2693.86,2613.59,0.00,4069367568.70,6680326475.97,0.00,0.00,0.00,0.00,293146476,956955255,139745211,474640878
18446744071038.26,6739613.33,7286015.41,1858466.25,546402.08,2337.52,2337.52,374.79,0.00,4069367568.70,6680326475.97,0.00,0.00,0.00,0.00,292454667,957314248,139745211,475572098
18446744071040.27,6742315.86,7288717.94,1860639.52,546402.08,2702.53,2702.53,2173.27,0.00,4069367568.70,6680326475.97,0.00,0.00,0.00,0.00,292567163,957893600,139745211,475572098
18446744071042.60,6744965.98,7291368.06,1863165.68,546402.08,2650.12,2650.12,2526.16,0.00,4069367568.70,6680326475.97,0.00,0.00,0.00,0.00,291473969,958462170,139745211,476775152
18446744071044.61,6747607.60,7294009.68,1864599.49,546402.08,2641.62,2641.62,1433.81,0.00,4069367568.70,6680326475.97,0.00,0.00,0.00,0.00,291616446,958995948,139745211,476775152
18446744071046.60,6749992.61,7296394.69,1866504.57,546402.08,2385.01,2385.01,1905.08,0.00,4069367568.70,6680326475.97,0.00,0.00,0.00,0.00,290875314,959492902,139745211,477629892
18446744071048.61,6752503.06,7298905.14,1866730.57,546402.08,2510.45,2510.45,226.00,0.00,4069367568.70,6680326475.97,0.00,0.00,0.00,0.00,291144450,959866442,139745211,477629892
18446744071050.60,6755063.68,7301465.76,1869275.14,546402.08,2560.62,2560.62,2544.58,0.00,4069367568.70,6680326475.97,0.00,0.00,0.00,0.00,291612826,960053585,139745211,477629892
18446744071052.60,6757302.84,7303704.91,1869806.92,546402.08,2239.15,2239.15,531.77,0.00,4069367568.70,6680326475.97,0.00,0.00,0.00,0.00,290952572,960441660,139745211,478475294
18446744071054.60,6759806.66,7306208.73,1871216.57,546402.08,2503.82,2503.82,1409.65,0.00,4069367568.70,6680326475.97,0.00,0.00,0.00,0.00,291191240,960843970,139745211,478475294
18446744071056.60,6762360.61,7308762.69,1873817.98,546402.08,2553.96,2553.96,2601.41,0.00,4069367568.70,6680326475.97,0.00,0.00,0.00,0.00,291320131,961368892,139745211,478475294
18446744071058.61,6764494.78,7310896.86,1874415.46,546402.08,2134.16,2134.16,597.48,0.00,4069367568.70,6680326475.97,0.00,0.00,0.00,0.00,290418988,961636593,139745211,479655082
18446744071060.60,6767028.14,7313430.22,1876656.83,546402.08,2533.37,2533.37,2241.37,0.00,4069367568.70,6680326475.97,0.00,0.00,0.00,0.00,290579200,962124923,139745211,479655082
18446744071062.61,6769331.23,7315733.31,1877041.96,546402.08,2303.09,2303.09,385.12,0.00,4069367568.70,6680326475.97,0.00,0.00,0.00,0.00,290106242,962515090,139745211,480327464
18446744071064.60,6771843.88,7318245.96,1878265.71,546402.08,2512.64,2512.64,1223.75,0.00,4069367568.70,6680326475.97,0.00,0.00,0.00,0.00,290448515,962816054,139745211,480327464
18446744071066.61,6774367.14,7320769.21,1880906.07,546402.08,2523.26,2523.26,2640.37,0.00,4069367568.70,6680326475.97,0.00,0.00,0.00,0.00,290833148,963077375,139745211,480327464
18446744071068.60,6776417.64,7322819.71,1882500.46,546402.08,2050.50,2050.50,1594.38,0.00,4069367568.70,6680326475.97,0.00,0.00,0.00,0.00,289479732,963558343,139745211,481724840
18446744071070.60,6778959.01,7325361.09,1884534.80,546402.08,2541.37,2541.37,2034.34,0.00,4069367568.70,6680326475.97,0.00,0.00,0.00,0.00,289641458,964047208,139745211,481724840
18446744071072.61,6781303.31,7327705.39,1885636.59,546402.08,2344.30,2344.30,1101.79,0.00,4069367568.70,6680326475.97,0.00,0.00,0.00,0.00,289234197,964251761,139745211,482527689
18446744071074.60,6783857.68,7330960.52,1885636.59,547102.84,2554.37,3255.14,0.00,700.77,4069367568.70,6680326475.97,0.00,0.00,0.00,0.00,289596595,964543282,139745211,482527689
18446744071076.61,6786233.41,7335590.50,1885636.59,549357.09,2375.73,4629.98,0.00,2254.25,4069367568.70,6680326475.97,0.00,0.00,0.00,0.00,290018617,964729446,139745211,482527689
18446744071078.60,6788775.25,7339728.60,1885636.59,550953.35,2541.84,4138.10,0.00,1596.26,4069367568.70,6680326475.97,0.00,0.00,0.00,0.00,290353165,965045609,140623851,482527689
18446744071080.61,6791342.76,7344199.98,1885636.59,552857.22,2567.52,4471.38,0.00,1903.87,4069367568.70,6680326475.97,0.00,0.00,0.00,0.00,290524037,965532021,141269523,482527689
18446744071082.60,6793985.14,7348919.36,1885636.59,554934.23,2642.38,4719.38,0.00,2077.01,4069367568.70,6680326475.97,0.00,0.00,0.00,0.00,290977404,965755102,141269523,482527689
18446744071084.60,6796550.87,7353170.57,1885636.59,556619.70,2565.73,4251.21,0.00,1685.47,4069367568.70,6680326475.97,0.00,0.00,0.00,0.00,291114053,966275281,141933730,482527689
18446744071086.60,6798937.57,7357302.94,1885636.59,558365.37,2386.70,4132.37,0.00,1745.67,4069367568.70,6680326475.97,0.00,0.00,0.00,0.00,291340565,966659764,142575374,482527689
18446744071088.62,6801491.74,7361890.14,1885636.59,560398.39,2554.17,4587.20,0.00,2033.02,4069367568.70,6680326475.97,0.00,0.00,0.00,0.00,291494965,967159232,143328220,482527689
18446744071090.62,6803865.19,7366186.83,1885636.59,562321.64,2373.45,4296.69,0.00,1923.24,4069367568.70,6680326475.97,0.00,0.00,0.00,0.00,291628570,967633230,143328220,482527689
18446744071092.62,6806405.85,7370535.23,1885636.59,564129.38,2540.66,4348.41,0.00,1807.75,4069367568.70,6680326475.97,0.00,0.00,0.00,0.00,291794375,968117834,144071541,482527689
18446744071094.62,6809083.46,7375039.14,1885636.59,565955.68,2677.61,4503.91,0.00,1826.30,4069367568.70,6680326475.97,0.00,0.00,0.00,0.00,292009129,968588549,144071541,482527689
18446744071096.62,6811574.20,7379239.67,1885636.59,567665.48,2490.73,4200.53,0.00,1709.80,4069367568.70,6680326475.97,0.00,0.00,0.00,0.00,292059497,969175808,144840501,482527689
18446744071098.62,6814102.68,7383524.84,1885636.59,569422.16,2528.49,4285.17,0.00,1756.68,4070258469.27,6681250245.93,890900.58,923769.96,0.00,0.00,292167025,969715573,145607163,482527689
18446744071100.62,6816780.96,7387948.96,1885636.59,571168.00,2678.28,4424.12,0.00,1745.84,4070258469.27,6681250245.93,0.00,0.00,0.00,0.00,292463729,970104509,145607163,482527689
18446744071102.62,6819325.88,7392201.85,1885636.59,572875.98,2544.91,4252.89,0.00,1707.98,4070258469.27,6681250245.93,0.00,0.00,0.00,0.00,292798781,970420954,146332483,482527689
18446744071104.62,6821739.99,7396358.11,1885636.59,574618.12,2414.12,4156.26,0.00,1742.14,4070258469.27,6681250245.93,0.00,0.00,0.00,0.00,293218471,970619278,146960999,482527689
18446744071106.62,6824084.27,7400819.67,1885636.59,576735.40,2344.28,4461.56,0.00,2117.28,4070258469.27,6681250245.93,0.00,0.00,0.00,0.00,293661491,970776394,146960999,482527689
18446744071108.62,6826543.64,7405239.27,1885636.59,578695.63,2459.36,4419.60,0.00,1960.23,4070258469.27,6681250245.93,0.00,0.00,0.00,0.00,293972821,971094661,147740021,482527689
18446744071110.68,6828889.10,7409588.48,1885636.59,580699.38,2345.46,4349.21,0.00,2003.75,4070258469.27,6681250245.93,0.00,0.00,0.00,0.00,294179345,971488575,148525233,482527689
18446744071112.67,6831396.91,7414089.21,1885636.59,582692.30,2507.81,4500.73,0.00,1992.92,4070258469.27,6681250245.93,0.00,0.00,0.00,0.00,294366373,971943547,148525233,482527689
18446744071114.68,6834027.29,7417707.98,1886762.29,583680.70,2630.38,3618.77,1125.70,988.39,4070258469.27,6681250245.93,0.00,0.00,0.00,0.00,294673602,972309695,149288449,482527689
18446744071116.67,6836591.91,7420272.61,1889287.82,583680.70,2564.62,2564.62,2525.53,0.00,4070258469.27,6681250245.93,0.00,0.00,0.00,0.00,294591606,972677086,149288449,482898837
18446744071118.68,6839268.52,7422949.22,1891924.54,583680.70,2676.61,2676.61,2636.72,0.00,4070258469.27,6681250245.93,0.00,0.00,0.00,0.00,294939981,973013924,149288449,482898837
18446744071120.68,6841328.95,7425009.64,1894013.70,583680.70,2060.43,2060.43,2089.16,0.00,4070258469.27,6681250245.93,0.00,0.00,0.00,0.00,293764653,973225457,149288449,484390101
18446744071122.67,6843837.47,7427518.16,1896644.26,583680.70,2508.52,2508.52,2630.56,0.00,4070258469.27,6681250245.93,0.00,0.00,0.00,0.00,294159702,973472589,149288449,484390101
18446744071124.68,6845935.05,7429615.75,1898722.64,583680.70,2097.59,2097.59,2078.39,0.00,4070258469.27,6681250245.93,0.00,0.00,0.00,0.00,293163027,973638622,149288449,485757725
18446744071126.67,6848344.52,7432025.21,1901025.11,583680.70,2409.46,2409.46,2302.46,0.00,4070258469.27,6681250245.93,0.00,0.00,0.00,0.00,292993467,973947430,149288449,486235299
18446744071128.68,6850670.13,7434350.83,1903184.48,583680.70,2325.62,2325.62,2159.38,0.00,4070258469.27,6681250245.93,0.00,0.00,0.00,0.00,292569419,974210896,149288449,486991239
18446744071130.67,6853321.19,7437001.88,1905766.50,583680.70,2651.05,2651.05,2582.02,0.00,4070258469.27,6681250245.93,0.00,0.00,0.00,0.00,293000071,974458914,149288449,486991239
18446744071132.68,6855949.50,7439630.19,1908376.75,583680.70,2628.31,2628.31,2610.25,0.00,4070258469.27,6681250245.93,0.00,0.00,0.00,0.00,293449526,974682306,149288449,486991239
18446744071134.68,6858057.29,7441737.98,1910302.03,583680.70,2107.79,2107.79,1925.28,0.00,4070258469.27,6681250245.93,0.00,0.00,0.00,0.00,292384789,974765729,149288449,488512147
18446744071136.67,6860744.84,7444425.54,1912966.44,583680.70,2687.56,2687.56,2664.41,0.00,4070258469.27,6681250245.93,0.00,0.00,0.00,0.00,292765937,975072596,149288449,488512147
18446744071138.68,6862853.79,7446534.48,1914946.03,583680.70,2108.94,2108.94,1979.59,0.00,4070258469.27,6681250245.93,0.00,0.00,0.00,0.00,291553359,975310071,149288449,490027139
18446744071140.67,6865504.00,7449184.70,1917503.34,583680.70,2650.22,2650.22,2557.30,0.00,4070258469.27,6681250245.93,0.00,0.00,0.00,0.00,291913883,975628003,149288449,490027139
18446744071142.68,6867862.00,7451542.70,1918679.52,583680.70,2358.00,2358.00,1176.19,0.00,4070258469.27,6681250245.93,0.00,0.00,0.00,0.00,291318878,975869346,149288449,490984449
18446744071144.67,6870592.48,7454273.18,1920170.12,583680.70,2730.48,2730.48,1490.59,0.00,4070258469.27,6681250245.93,0.00,0.00,0.00,0.00,291659599,976227627,149288449,490984449
18446744071146.68,6873377.29,7457057.99,1922762.99,583680.70,2784.81,2784.81,2592.88,0.00,4070258469.27,6681250245.93,0.00,0.00,0.00,0.00,292028072,976572066,149288449,490984449
18446744071148.67,6875564.26,7459244.96,1924649.23,583680.70,2186.97,2186.97,1886.24,0.00,4070258469.27,6681250245.93,0.00,0.00,0.00,0.00,290876146,976852455,149288449,492415850
18446744071150.68,6878338.21,7462018.91,1927122.66,583680.70,2773.95,2773.95,2473.42,0.00,4070258469.27,6681250245.93,0.00,0.00,0.00,0.00,291150700,977288033,149288449,492415850
18446744071152.68,6880643.84,7464324.54,1927867.00,583680.70,2305.62,2305.62,744.34,0.00,4070258469.27,6681250245.93,0.00,0.00,0.00,0.00,290402771,977705785,149288449,493336267
18446744071154.67,6883360.18,7467040.88,1929845.42,583680.70,2716.34,2716.34,1978.42,0.00,4070258469.27,6681250245.93,0.00,0.00,0.00,0.00,290748777,978055162,149288449,493336267
18446744071156.68,6885714.54,7469395.23,1931745.36,583680.70,2354.36,2354.36,1899.94,0.00,4070258469.27,6681250245.93,0.00,0.00,0.00,0.00,290163234,978250560,149288449,494329127
18446744071158.67,6888242.05,7471922.75,1932609.55,583680.70,2527.52,2527.52,864.19,0.00,4070258469.27,6681250245.93,0.00,0.00,0.00,0.00,290524039,978536799,149288449,494329127
18446744071160.84,6890670.23,7474350.93,1935039.14,583680.70,2428.18,2428.18,2429.59,0.00,4070258469.27,6681250245.93,0.00,0.00,0.00,0.00,289959312,978879933,149288449,495172335
18446744071162.84,6893180.50,7476861.20,1935039.14,583680.70,2510.27,2510.27,0.00,0.00,4070258469.27,6681250245.93,0.00,0.00,0.00,0.00,290416247,979065626,149288449,495172335
18446744071164.84,6895674.45,7479355.15,1937253.84,583680.70,2493.95,2493.95,2214.70,0.00,4070258469.27,6681250245.93,0.00,0.00,0.00,0.00,291021289,979099036,149288449,495172335
18446744071166.84,6898186.77,7481867.46,1939914.84,583680.70,2512.31,2512.31,2661.00,0.00,4070258469.27,6681250245.93,0.00,0.00,0.00,0.00,291522307,979241170,149288449,495172335
18446744071168.84,6900117.13,7483797.83,1941105.36,583680.70,1930.37,1930.37,1190.51,0.00,4070258469.27,6681250245.93,0.00,0.00,0.00,0.00,290452057,979362510,149288449,496615419
18446744071170.84,6902650.21,7486330.91,1943633.66,583680.70,2533.08,2533.08,2528.30,0.00,4070258469.27,6681250245.93,0.00,0.00,0.00,0.00,290775471,979687565,149288449,496615419
18446744071172.84,6904849.55,7488530.25,1943953.98,583680.70,2199.34,2199.34,320.33,0.00,4070258469.27,6681250245.93,0.00,0.00,0.00,0.00,290169631,980017471,149288449,497454383
18446744071174.84,6907373.28,7491053.97,1945489.25,583680.70,2523.73,2523.73,1535.26,0.00,4070258469.27,6681250245.93,0.00,0.00,0.00,0.00,290343739,980489437,149288449,497454383
18446744071176.84,6909582.36,7493263.05,1947269.19,583680.70,2209.08,2209.08,1779.95,0.00,4070258469.27,6681250245.93,0.00,0.00,0.00,0.00,289811765,980738250,149288449,498303068
18446744071178.84,6912089.54,7495770.23,1947362.69,583680.70,2507.18,2507.18,93.50,0.00,4070258469.27,6681250245.93,0.00,0.00,0.00,0.00,290184912,981006941,149288449,498303068
18446744071180.84,6914593.98,7498274.68,1949843.64,583680.70,2504.45,2504.45,2480.95,0.00,4070258469.27,6681250245.93,0.00,0.00,0.00,0.00,290500238,981332754,149288449,498303068
18446744071182.84,6916899.87,7500580.57,1949997.68,583680.70,2305.89,2305.89,154.04,0.00,4070258469.27,6681250245.93,0.00,0.00,0.00,0.00,290295952,981428853,149288449,499001562
18446744071184.84,6919429.06,7503109.76,1951257.19,583680.70,2529.19,2529.19,1259.51,0.00,4070258469.27,6681250245.93,0.00,0.00,0.00,0.00,290669102,981703176,149288449,499001562
18446744071186.84,6921704.80,7505385.50,1953474.49,583680.70,2275.74,2275.74,2217.30,0.00,4070258469.27,6681250245.93,0.00,0.00,0.00,0.00,290018474,982046331,149288449,499891624
18446744071188.84,6924240.20,7507920.89,1953474.49,583680.70,2535.39,2535.39,0.00,0.00,4070258469.27,6681250245.93,0.00,0.00,0.00,0.00,290307376,982406490,149288449,499891624
18446744071190.84,6926772.94,7510453.64,1955953.13,583680.70,2532.75,2532.75,2478.64,0.00,4070258469.27,6681250245.93,0.00,0.00,0.00,0.00,290752138,982610111,149288449,499891624
18446744071192.85,6928951.39,7512632.09,1957783.32,583680.70,2178.45,2178.45,1830.19,0.00,4070258469.27,6681250245.93,0.00,0.00,0.00,0.00,289872428,982944444,149288449,500994684
18446744071194.84,6931384.49,7515959.21,1957783.32,584574.72,2433.10,3327.12,0.00,894.02,4070258469.27,6681250245.93,0.00,0.00,0.00,0.00,290349990,983089756,149517319,500994684
18446744071196.85,6933940.20,7518514.92,1957783.32,584574.72,2555.71,2555.71,0.00,0.00,4070258469.27,6681250245.93,0.00,0.00,0.00,0.00,290684881,983409126,149517319,500994684
18446744071198.84,6936475.67,7521050.39,1957783.32,584574.72,2535.47,2535.47,0.00,0.00,4070258469.27,6681250245.93,0.00,0.00,0.00,0.00,291067573,983675514,149517319,500994684
18446744071200.85,6939016.07,7525570.06,1957783.32,586553.99,2540.40,4519.67,0.00,1979.27,4070258469.27,6681250245.93,0.00,0.00,0.00,0.00,291378141,984015288,149517319,500994684
18446744071202.84,6941601.85,7528412.91,1957783.32,586811.06,2585.78,2842.85,0.00,257.07,4070258469.27,6681250245.93,0.00,0.00,0.00,0.00,291677072,984378317,150089823,500994684
18446744071204.84,6943956.73,7532151.80,1957783.32,588195.06,2354.89,3738.89,0.00,1384.00,4070258469.27,6681250245.93,0.00,0.00,0.00,0.00,291960090,984698150,150089823,500994684
18446744071206.84,6946441.06,7534745.28,1957783.32,588304.22,2484.32,2593.48,0.00,109.16,4070258469.27,6681250245.93,0.00,0.00,0.00,0.00,292194489,985099738,150472071,500994684
18446744071208.84,6948880.72,7537191.62,1957783.32,588310.90,2439.66,2446.34,0.00,6.68,4070258469.27,6681250245.93,0.00,0.00,0.00,0.00,292676298,985242482,150472071,500994684
18446744071210.85,6951373.30,7541595.12,1957783.32,590221.82,2492.58,4403.50,0.00,1910.93,4070258469.27,6681250245.93,0.00,0.00,0.00,0.00,293038794,985518086,150962970,500994684
18446744071212.85,6953869.13,7544090.95,1957783.32,590221.82,2495.83,2495.83,0.00,0.00,4070258469.27,6681250245.93,0.00,0.00,0.00,0.00,293397714,985798099,150962970,500994684
18446744071214.85,6956154.36,7547650.18,1957783.32,591495.82,2285.23,3559.23,0.00,1274.00,4070258469.27,6681250245.93,0.00,0.00,0.00,0.00,293823681,985957150,150962970,500994684
18446744071216.85,6958243.55,7551686.22,1957783.32,593442.68,2089.19,4036.04,0.00,1946.85,4070258469.27,6681250245.93,0.00,0.00,0.00,0.00,294287678,986027986,151787268,500994684
18446744071218.85,6960739.31,7554181.98,1957783.32,593442.68,2495.76,2495.76,0.00,0.00,4070258469.27,6681250245.93,0.00,0.00,0.00,0.00,294533050,986421529,151787268,500994684
18446744071220.85,6963257.68,7558279.40,1957783.32,595021.72,2518.37,4097.41,0.00,1579.05,4070258469.27,6681250245.93,0.00,0.00,0.00,0.00,294775600,986823681,151787268,500994684
18446744071222.85,6965727.78,7562657.32,1957783.32,596929.54,2470.11,4377.92,0.00,1907.81,4070258469.27,6681250245.93,0.00,0.00,0.00,0.00,295139628,987092000,152449416,500994684
18446744071224.85,6968213.09,7566910.51,1957783.32,598697.42,2485.31,4253.20,0.00,1767.89,4070258469.27,6681250245.93,0.00,0.00,0.00,0.00,295370814,987497053,153119046,500994684
18446744071226.85,6970854.61,7571587.69,1957783.32,600733.08,2641.52,4677.18,0.00,2035.66,4070258469.27,6681250245.93,0.00,0.00,0.00,0.00,295676403,987867694,153119046,500994684
18446744071228.85,6973361.63,7574860.77,1957783.32,601499.14,2507.02,3273.08,0.00,766.06,4070258469.27,6681250245.93,0.00,0.00,0.00,0.00,295846122,988339772,153849723,500994684
18446744071230.85,6975917.01,7579145.18,1957783.32,603228.17,2555.38,4284.41,0.00,1729.03,4070258469.27,6681250245.93,0.00,0.00,0.00,0.00,296035493,988804578,153849723,500994684
18446744071232.85,6978461.81,7583440.94,1957783.32,604979.13,2544.80,4295.76,0.00,1750.96,4070258469.27,6681250245.93,0.00,0.00,0.00,0.00,296354575,989136965,154571684,500994684
18446744071234.85,6981088.24,7587834.32,1957909.39,606746.08,2626.43,4393.38,126.07,1766.95,4070258469.27,6681250245.93,0.00,0.00,0.00,0.00,296706492,989457414,155192050,500994684
18446744071236.85,6983611.19,7590357.27,1960367.76,606746.08,2522.95,2522.95,2458.38,0.00,4070258469.27,6681250245.93,0.00,0.00,0.00,0.00,296910975,989898806,155192050,500994684
18446744071238.85,6985838.71,7592584.79,1961309.87,606746.08,2227.52,2227.52,942.11,0.00,4070258469.27,6681250245.93,0.00,0.00,0.00,0.00,296210188,990297114,155192050,501867408
18446744071240.85,6988367.59,7595113.68,1963795.07,606746.08,2528.88,2528.88,2485.20,0.00,4070258469.27,6681250245.93,0.00,0.00,0.00,0.00,296432488,990722208,155192050,501867408
18446744071242.85,6990653.11,7597399.19,1963959.79,606746.08,2285.52,2285.52,164.72,0.00,4070258469.27,6681250245.93,0.00,0.00,0.00,0.00,296092856,990938486,155192050,502575854
18446744071244.85,6993158.10,7599904.18,1965311.34,606746.08,2504.99,2504.99,1351.55,0.00,4070258469.27,6681250245.93,0.00,0.00,0.00,0.00,296702614,990970006,155192050,502575854
18446744071246.85,6995684.47,7602430.55,1967953.15,606746.08,2526.37,2526.37,2641.81,0.00,4070258469.27,6681250245.93,0.00,0.00,0.00,0.00,297254216,991065154,155192050,502575854
18446744071248.85,6997672.19,7604418.27,1969718.65,606746.08,1987.72,1987.72,1765.50,0.00,4070258469.27,6681250245.93,0.00,0.00,0.00,0.00,296108733,991245225,155192050,504050122
18446744071250.85,7000162.60,7606908.68,1971863.76,606746.08,2490.41,2490.41,2145.11,0.00,4070258469.27,6681250245.93,0.00,0.00,0.00,0.00,296380456,991611048,155192050,504050122
18446744071252.85,7002323.87,7609069.95,1973357.39,606746.08,2161.27,2161.27,1493.62,0.00,4070258469.27,6681250245.93,0.00,0.00,0.00,0.00,295689694,991923586,155192050,504981630
18446744071254.85,7004851.33,7611597.41,1974051.40,606746.08,2527.46,2527.46,694.02,0.00,4070258469.27,6681250245.93,0.00,0.00,0.00,0.00,295936248,992324063,155192050,504981630
18446744071256.85,7007401.91,7614148.00,1976665.09,606746.08,2550.58,2550.58,2613.69,0.00,4070258469.27,6681250245.93,0.00,0.00,0.00,0.00,296251174,992662086,155192050,504981630
18446744071258.85,7009584.93,7616331.01,1977887.15,606746.08,2183.01,2183.01,1222.06,0.00,4070258469.27,6681250245.93,0.00,0.00,0.00,0.00,295612005,992700486,155192050,506141250
18446744071260.85,7012166.17,7618912.25,1979779.87,606746.08,2581.24,2581.24,1892.72,0.00,4070258469.27,6681250245.93,0.00,0.00,0.00,0.00,296194719,992778570,155192050,506141250
18446744071262.85,7014748.30,7621494.39,1982315.85,606746.08,2582.14,2582.14,2535.98,0.00,4070258469.27,6681250245.93,0.00,0.00,0.00,0.00,296526808,993107508,155192050,506141250
18446744071264.85,7016879.47,7623625.55,1982992.60,606746.08,2131.16,2131.16,676.75,0.00,4070258469.27,6681250245.93,0.00,0.00,0.00,0.00,295515075,993470145,155192050,507335924
18446744071266.85,7019525.46,7626271.55,1985642.26,606746.08,2646.00,2646.00,2649.66,0.00,4070258469.27,6681250245.93,0.00,0.00,0.00,0.00,295968722,993693873,155192050,507335924
18446744071269.07,7021988.43,7628734.51,1988064.35,606746.08,2462.96,2462.96,2422.09,0.00,4070258469.27,6681250245.93,0.00,0.00,0.00,0.00,294771423,994111003,155192050,508746612
18446744071271.07,7024336.74,7631082.82,1989975.60,606746.08,2348.31,2348.31,1911.25,0.00,4070258469.27,6681250245.93,0.00,0.00,0.00,0.00,295162394,994321199,155192050,508746612
18446744071273.07,7026748.79,7633494.87,1992616.54,606746.08,2412.05,2412.05,2640.94,0.00,4070258469.27,6681250245.93,0.00,0.00,0.00,0.00,295554922,994546156,155192050,508746612
18446744071275.07,7028598.98,7635345.07,1993238.01,606746.08,1850.20,1850.20,621.47,0.00,4070258469.27,6681250245.93,0.00,0.00,0.00,0.00,294335107,994915164,155192050,510071069
18446744071277.07,7030807.16,7637553.25,1995603.13,606746.08,2208.18,2208.18,2365.12,0.00,4070258469.27,6681250245.93,0.00,0.00,0.00,0.00,294375633,995439932,155192050,510071069
18446744071279.07,7033110.16,7639856.24,1998237.23,606746.08,2303.00,2303.00,2634.10,0.00,4070258469.27,6681250245.93,0.00,0.00,0.00,0.00,294589970,995815162,155192050,510071069
18446744071281.07,7035047.52,7641793.60,1998856.43,606746.08,1937.36,1937.36,619.20,0.00,4070258469.27,6681250245.93,0.00,0.00,0.00,0.00,293447089,996057109,155192050,511467966
18446744071283.07,7037419.79,7644165.87,2001349.91,606746.08,2372.27,2372.27,2493.47,0.00,4070258469.27,6681250245.93,0.00,0.00,0.00,0.00,293611252,996500247,155192050,511467966
18446744071285.07,7039652.98,7646399.06,2001564.66,606746.08,2233.20,2233.20,214.75,0.00,4070258469.27,6681250245.93,0.00,0.00,0.00,0.00,292985033,996963454,155192050,512202676
18446744071287.07,7042150.38,7648896.46,2002752.33,606746.08,2497.39,2497.39,1187.67,0.00,4070258469.27,6681250245.93,0.00,0.00,0.00,0.00,293204490,997383330,155192050,512202676
18446744071289.07,7044290.59,7651036.67,2004799.24,606746.08,2140.21,2140.21,2046.91,0.00,4070258469.27,6681250245.93,0.00,0.00,0.00,0.00,292523241,997784421,155192050,513030729
18446744071291.07,7046848.69,7653594.77,2004799.24,606746.08,2558.10,2558.10,0.00,0.00,4070258469.27,6681250245.93,0.00,0.00,0.00,0.00,292590521,998372014,155192050,513030729
18446744071293.07,7049391.48,7656137.57,2007050.29,606746.08,2542.80,2542.80,2251.04,0.00,4070258469.27,6681250245.93,0.00,0.00,0.00,0.00,292677996,998935495,155192050,513030729
18446744071295.07,7051529.41,7658275.49,2009017.33,606746.08,2137.92,2137.92,1967.05,0.00,4070258469.27,6681250245.93,0.00,0.00,0.00,0.00,291634338,999446630,155192050,514110560
18446744071297.07,7054037.71,7660783.79,2009612.52,606746.08,2508.30,2508.30,595.19,0.00,4070258469.27,6681250245.93,0.00,0.00,0.00,0.00,291705230,1000017863,155192050,514110560
18446744071299.26,7056527.91,7663273.99,2012084.85,606746.08,2490.20,2490.20,2472.33,0.00,4070258469.27,6681250245.93,0.00,0.00,0.00,0.00,290976342,1000598958,155192050,514895844
18446744071301.26,7059049.61,7665795.70,2012084.85,606746.08,2521.71,2521.71,0.00,0.00,4070258469.27,6681250245.93,0.00,0.00,0.00,0.00,290978174,1001242683,155192050,514895844
18446744071303.26,7061542.23,7668288.32,2014195.04,606746.08,2492.62,2492.62,2110.19,0.00,4070258469.27,6681250245.93,0.00,0.00,0.00,0.00,291200360,1001658608,155192050,514895844
18446744071305.26,7063756.35,7670502.43,2015904.57,606746.08,2214.12,2214.12,1709.53,0.00,4070258469.27,6681250245.93,0.00,0.00,0.00,0.00,290343476,1002104458,155192050,515873692
18446744071307.26,7066286.91,7673032.99,2016624.56,606746.08,2530.55,2530.55,719.99,0.00,4070258469.27,6681250245.93,0.00,0.00,0.00,0.00,290524594,1002571162,155192050,515873692
18446744071309.26,7068828.03,7675574.11,2019174.68,606746.08,2541.12,2541.12,2550.12,0.00,4070258469.27,6681250245.93,0.00,0.00,0.00,0.00,290693258,1003053025,155192050,515873692
18446744071311.26,7071012.56,7677758.64,2019710.96,606746.08,2184.54,2184.54,536.29,0.00,4070258469.27,6681250245.93,0.00,0.00,0.00,0.00,290072012,1003259114,155192050,516848090
18446744071313.26,7073523.62,7680269.71,2021571.51,606746.08,2511.06,2511.06,1860.55,0.00,4070258469.27,6681250245.93,0.00,0.00,0.00,0.00,290437652,1003536306,155192050,516848090
18446744071315.26,7075712.61,7682458.69,2023077.42,606746.08,2188.98,2188.98,1505.91,0.00,4070258469.27,6681250245.93,0.00,0.00,0.00,0.00,289793736,1003878870,155192050,517709822
18446744071317.26,7078278.18,7685024.26,2023462.77,606746.08,2565.57,2565.57,385.35,0.00,4070258469.27,6681250245.93,0.00,0.00,0.00,0.00,290123958,1004205434,155192050,517709822
18446744071319.26,7080880.14,7687626.23,2026085.18,606746.08,2601.96,2601.96,2622.41,0.00,4070258469.27,6681250245.93,0.00,0.00,0.00,0.00,290383994,1004611501,155192050,517709822
18446744071321.26,7083117.94,7689864.02,2027743.27,606746.08,2237.79,2237.79,1658.09,0.00,4070258469.27,6681250245.93,0.00,0.00,0.00,0.00,289368897,1005005014,155192050,518904281
18446744071323.26,7085750.90,7692496.98,2029413.98,606746.08,2632.96,2632.96,1670.71,0.00,4070258469.27,6681250245.93,0.00,0.00,0.00,0.00,289660301,1005387649,155192050,518904281
18446744071325.27,7088077.14,7694823.23,2031585.41,606746.08,2326.24,2326.24,2171.43,0.00,4070258469.27,6681250245.93,0.00,0.00,0.00,0.00,288978249,1005681631,155192050,519887869
18446744071327.27,7090703.98,7697450.06,2032051.51,606746.08,2626.84,2626.84,466.09,0.00,4070258469.27,6681250245.93,0.00,0.00,0.00,0.00,289164309,1006168041,155192050,519887869
18446744071329.28,7093216.19,7699962.27,2034586.24,606746.08,2512.21,2512.21,2534.73,0.00,4070258469.27,6681250245.93,0.00,0.00,0.00,0.00,289492548,1006482928,155192050,519887869
18446744071331.27,7095489.39,7702235.47,2034705.25,606746.08,2273.20,2273.20,119.01,0.00,4070258469.27,6681250245.93,0.00,0.00,0.00,0.00,288988055,1006770682,155192050,520686547
18446744071333.28,7097973.27,7704719.35,2036417.54,606746.08,2483.88,2483.88,1712.29,0.00,4070258469.27,6681250245.93,0.00,0.00,0.00,0.00,289545057,1006849552,155192050,520686547
18446744071335.27,7100129.70,7706875.78,2038064.72,606746.08,2156.43,2156.43,1647.18,0.00,4070258469.27,6681250245.93,0.00,0.00,0.00,0.00,289130132,1006956500,155192050,521546571
18446744071337.28,7102669.56,7709415.64,2038262.33,606746.08,2539.86,2539.86,197.61,0.00,4070258469.27,6681250245.93,0.00,0.00,0.00,0.00,289519303,1007217534,155192050,521546571
18446744071339.27,7105163.92,7711910.00,2040712.81,606746.08,2494.36,2494.36,2450.48,0.00,4070258469.27,6681250245.93,0.00,0.00,0.00,0.00,289816143,1007559249,155192050,521546571
18446744071341.27,7107388.93,7714135.02,2041272.53,606746.08,2225.02,2225.02,559.72,0.00,4070258469.27,6681250245.93,0.00,0.00,0.00,0.00,289391586,1007732210,155192050,522367771
18446744071343.28,7109863.06,7716609.14,2042519.92,606746.08,2474.13,2474.13,1247.39,0.00,4070258469.27,6681250245.93,0.00,0.00,0.00,0.00,289608426,1008148747,155192050,522367771
18446744071345.55,7112279.80,7719025.88,2044964.48,606746.08,2416.74,2416.74,2444.56,0.00,4070258469.27,6681250245.93,0.00,0.00,0.00,0.00,289063160,1008367566,155192050,523312903
18446744071347.55,7114799.79,7721545.88,2045007.27,606746.08,2519.99,2519.99,42.79,0.00,4070258469.27,6681250245.93,0.00,0.00,0.00,0.00,289301849,1008773995,155192050,523312903
18446744071349.55,7117290.93,7724037.02,2047567.44,606746.08,2491.14,2491.14,2560.16,0.00,4070258469.27,6681250245.93,0.00,0.00,0.00,0.00,289501822,1009211754,155192050,523312903
18446744071351.55,7119416.12,7726162.20,2048873.91,606746.08,2125.18,2125.18,1306.47,0.00,4070258469.27,6681250245.93,0.00,0.00,0.00,0.00,288620555,1009636256,155192050,524313715
18446744071353.55,7121890.61,7728636.69,2049898.95,606746.08,2474.49,2474.49,1025.05,0.00,4070258469.27,6681250245.93,0.00,0.00,0.00,0.00,288800592,1010089689,155192050,524313715
18446744071355.55,7124400.95,7731147.03,2052547.77,606746.08,2510.34,2510.34,2648.81,0.00,4070258469.27,6681250245.93,0.00,0.00,0.00,0.00,289186833,1010346094,155192050,524313715
18446744071357.55,7126333.43,7733079.52,2054206.52,606746.08,1932.49,1932.49,1658.75,0.00,4070258469.27,6681250245.93,0.00,0.00,0.00,0.00,288071623,1010590873,155192050,525678863
18446744071359.55,7128583.35,7736143.70,2054206.52,607560.34,2249.92,3064.18,0.00,814.26,4070258469.27,6681250245.93,0.00,0.00,0.00,0.00,288256138,1010982337,155400501,525678863
18446744071361.55,7131072.91,7738633.26,2054206.52,607560.34,2489.56,2489.56,0.00,0.00,4070258469.27,6681250245.93,0.00,0.00,0.00,0.00,288631456,1011244347,155400501,525678863
18446744071363.55,7133501.05,7741439.40,2054206.52,607938.34,2428.14,2806.14,0.00,378.00,4070258469.27,6681250245.93,0.00,0.00,0.00,0.00,288899576,1011597831,155400501,525678863
18446744071365.55,7135807.57,7745806.69,2054206.52,609999.12,2306.52,4367.29,0.00,2060.77,4070258469.27,6681250245.93,0.00,0.00,0.00,0.00,289237581,1011850295,155717571,525678863
18446744071367.55,7138308.03,7749390.05,2054206.52,611082.02,2500.46,3583.36,0.00,1082.91,4070258469.27,6681250245.93,0.00,0.00,0.00,0.00,289544247,1012183746,156302051,525678863
18446744071369.55,7140730.29,7752893.23,2054206.52,612162.95,2422.26,3503.18,0.00,1080.92,4070258469.27,6681250245.93,0.00,0.00,0.00,0.00,289827598,1012520493,156302051,525678863
18446744071371.55,7143256.55,7756520.30,2054206.52,613263.76,2526.26,3627.07,0.00,1100.81,4070258469.27,6681250245.93,0.00,0.00,0.00,0.00,290029900,1012964913,156859551,525678863
18446744071373.55,7145707.36,7759188.00,2054206.52,613480.63,2450.82,2667.69,0.00,216.88,4070258469.27,6681250245.93,0.00,0.00,0.00,0.00,290308347,1013313875,156859551,525678863
18446744071375.55,7148225.21,7763590.49,2054206.52,615365.28,2517.85,4402.50,0.00,1884.65,4070258469.27,6681250245.93,0.00,0.00,0.00,0.00,290420826,1013845965,156859551,525678863
18446744071377.55,7150736.57,7766385.00,2054206.52,615648.43,2511.36,2794.51,0.00,283.15,4070258469.27,6681250245.93,0.00,0.00,0.00,0.00,290568898,1014340801,157470027,525678863
18446744071379.55,7153206.95,7770054.77,2054206.52,616847.82,2470.38,3669.77,0.00,1199.39,4070258469.27,6681250245.93,0.00,0.00,0.00,0.00,290848565,1014693551,157470027,525678863
18446744071381.55,7155621.29,7774304.64,2054206.52,618683.36,2414.34,4249.88,0.00,1835.54,4070258469.27,6681250245.93,0.00,0.00,0.00,0.00,291228715,1014931471,158072959,525678863
18446744071383.55,7158117.35,7778673.15,2054206.52,620555.80,2496.06,4368.50,0.00,1872.44,4070258469.27,6681250245.93,0.00,0.00,0.00,0.00,291700143,1015099035,158072959,525678863
18446744071385.55,7160461.29,7783025.46,2054206.52,622564.18,2343.94,4352.32,0.00,2008.38,4070258469.27,6681250245.93,0.00,0.00,0.00,0.00,291999685,1015399542,158743094,525678863
18446744071387.55,7162871.76,7787277.82,2054206.52,624406.06,2410.47,4252.35,0.00,1841.88,4070258469.27,6681250245.93,0.00,0.00,0.00,0.00,292526364,1015489943,159396010,525678863
18446744071389.55,7165257.66,7791648.96,2054206.52,626391.30,2385.90,4371.14,0.00,1985.24,4070258469.27,6681250245.93,0.00,0.00,0.00,0.00,292693786,1015933312,160076818,525678863
18446744071391.55,7167602.53,7795078.98,2054206.52,627476.45,2344.87,3430.02,0.00,1085.15,4070258469.27,6681250245.93,0.00,0.00,0.00,0.00,292924282,1016303103,160497977,525678863
18446744071393.55,7170063.66,7797552.10,2054206.52,627488.44,2461.13,2473.12,0.00,11.98,4070258469.27,6681250245.93,0.00,0.00,0.00,0.00,293293784,1016563651,160497977,525678863
18446744071395.55,7172407.98,7801789.01,2054206.52,629381.03,2344.32,4236.91,0.00,1892.59,4070258469.27,6681250245.93,0.00,0.00,0.00,0.00,293507220,1016950360,160497977,525678863
18446744071397.55,7174968.52,7806301.02,2054206.52,631332.50,2560.54,4512.01,0.00,1951.47,4070258469.27,6681250245.93,0.00,0.00,0.00,0.00,293837402,1017275677,161137481,525678863
18446744071399.55,7177505.30,7809645.39,2055552.14,632140.09,2536.78,3344.37,1345.62,807.59,4070258469.27,6681250245.93,0.00,0.00,0.00,0.00,294131327,1017631167,161691869,525678863
18446744071401.55,7180045.62,7812185.72,2058190.30,632140.09,2540.32,2540.32,2638.16,0.00,4070258469.27,6681250245.93,0.00,0.00,0.00,0.00,294381258,1018031559,161691869,525678863
18446744071403.58,7182029.57,7814169.66,2060266.50,632140.09,1983.94,1983.94,2076.20,0.00,4070258469.27,6681250245.93,0.00,0.00,0.00,0.00,293100247,1018269999,161691869,527229323
18446744071405.59,7184567.80,7816707.90,2062534.48,632140.09,2538.24,2538.24,2267.98,0.00,4070258469.27,6681250245.93,0.00,0.00,0.00,0.00,293546568,1018473467,161691869,527229323
18446744071407.58,7187132.79,7819272.88,2065171.34,632140.09,2564.98,2564.98,2636.86,0.00,4070258469.27,6681250245.93,0.00,0.00,0.00,0.00,293898874,1018777796,161691869,527229323
18446744071409.59,7189173.44,7821313.54,2066378.59,632140.09,2040.66,2040.66,1207.25,0.00,4070258469.27,6681250245.93,0.00,0.00,0.00,0.00,292844207,1018975167,161691869,528609027
18446744071411.59,7191678.46,7823818.55,2068935.47,632140.09,2505.02,2505.02,2556.88,0.00,4070258469.27,6681250245.93,0.00,0.00,0.00,0.00,293197170,1019263489,161691869,528609027
18446744071413.58,7193864.24,7826004.33,2069117.25,632140.09,2185.78,2185.78,181.78,0.00,4070258469.27,6681250245.93,0.00,0.00,0.00,0.00,292557731,1019576407,161691869,529495107
18446744071415.59,7196347.20,7828487.29,2070873.11,632140.09,2482.96,2482.96,1755.86,0.00,4070258469.27,6681250245.93,0.00,0.00,0.00,0.00,293002140,1019767635,161691869,529495107
18446744071417.58,7198577.64,7830717.73,2072129.28,632140.09,2230.45,2230.45,1256.17,0.00,4070258469.27,6681250245.93,0.00,0.00,0.00,0.00,292476423,1020106314,161691869,530253139
18446744071419.59,7201067.61,7833207.70,2072429.93,632140.09,2489.97,2489.97,300.65,0.00,4070258469.27,6681250245.93,0.00,0.00,0.00,0.00,292866253,1020353916,161691869,530253139
18446744071421.58,7203578.78,7835718.88,2074913.78,632140.09,2511.17,2511.17,2483.85,0.00,4070258469.27,6681250245.93,0.00,0.00,0.00,0.00,293351254,1020511775,161691869,530253139
18446744071423.59,7205779.38,7837919.47,2075751.38,632140.09,2200.59,2200.59,837.60,0.00,4070258469.27,6681250245.93,0.00,0.00,0.00,0.00,292834432,1020664723,161691869,531180365
18446744071425.58,7208273.10,7840413.19,2077162.05,632140.09,2493.72,2493.72,1410.66,0.00,4070258469.27,6681250245.93,0.00,0.00,0.00,0.00,293184120,1020953428,161691869,531180365
18446744071427.59,7210782.95,7842923.04,2079709.93,632140.09,2509.85,2509.85,2547.88,0.00,4070258469.27,6681250245.93,0.00,0.00,0.00,0.00,293425940,1021354129,161691869,531180365
18446744071429.59,7212702.66,7844842.75,2081249.32,632140.09,1919.71,1919.71,1539.39,0.00,4070258469.27,6681250245.93,0.00,0.00,0.00,0.00,292228505,1021635555,161691869,532587821
18446744071431.58,7215177.43,7847317.52,2083446.61,632140.09,2474.77,2474.77,2197.29,0.00,4070258469.27,6681250245.93,0.00,0.00,0.00,0.00,292539012,1021958589,161691869,532587821
18446744071433.68,7217376.21,7849516.31,2085709.16,632140.09,2198.79,2198.79,2262.55,0.00,4070258469.27,6681250245.93,0.00,0.00,0.00,0.00,291712745,1022206026,161691869,533729540
18446744071435.67,7219866.47,7852006.56,2086415.88,632140.09,2490.25,2490.25,706.72,0.00,4070258469.27,6681250245.93,0.00,0.00,0.00,0.00,292086009,1022470267,161691869,533729540
18446744071437.68,7222351.06,7854491.15,2089014.04,632140.09,2484.59,2484.59,2598.16,0.00,4070258469.27,6681250245.93,0.00,0.00,0.00,0.00,292559377,1022632954,161691869,533729540
18446744071439.68,7224460.03,7856600.12,2090196.41,632140.09,2108.97,2108.97,1182.38,0.00,4070258469.27,6681250245.93,0.00,0.00,0.00,0.00,291890584,1022692907,161691869,534878276
18446744071441.68,7226957.17,7859097.26,2091880.49,632140.09,2497.14,2497.14,1684.08,0.00,4070258469.27,6681250245.93,0.00,0.00,0.00,0.00,292486328,1022736431,161691869,534878276
18446744071443.68,7229483.54,7861623.63,2094506.04,632140.09,2526.37,2526.37,2625.55,0.00,4070258469.27,6681250245.93,0.00,0.00,0.00,0.00,293042334,1022827175,161691869,534878276
18446744071445.68,7231510.18,7863650.27,2095203.57,632140.09,2026.64,2026.64,697.54,0.00,4070258469.27,6681250245.93,0.00,0.00,0.00,0.00,291907681,1023203857,161691869,536155068
18446744071447.68,7233988.66,7866128.76,2097687.92,632140.09,2478.48,2478.48,2484.34,0.00,4070258469.27,6681250245.93,0.00,0.00,0.00,0.00,292066353,1023679677,161691869,536155068
18446744071449.67,7236181.65,7868321.75,2098582.20,632140.09,2192.99,2192.99,894.29,0.00,4070258469.27,6681250245.93,0.00,0.00,0.00,0.00,291555529,1023881935,161691869,537025039
18446744071451.68,7238689.66,7870829.75,2099678.80,632140.09,2508.00,2508.00,1096.59,0.00,4070258469.27,6681250245.93,0.00,0.00,0.00,0.00,291858645,1024220868,161691869,537025039
18446744071453.68,7241224.97,7873365.06,2102249.27,632140.09,2535.31,2535.31,2570.47,0.00,4070258469.27,6681250245.93,0.00,0.00,0.00,0.00,292124818,1024603735,161691869,537025039
18446744071455.68,7243224.98,7875365.07,2103975.42,632140.09,2000.01,2000.01,1726.16,0.00,4070258469.27,6681250245.93,0.00,0.00,0.00,0.00,290809224,1025050667,161691869,538405703
18446744071457.68,7245773.38,7877913.47,2105907.40,632140.09,2548.40,2548.40,1931.98,0.00,4070258469.27,6681250245.93,0.00,0.00,0.00,0.00,291177670,1025334611,161691869,538405703
18446744071459.68,7247903.42,7880043.52,2107824.30,632140.09,2130.05,2130.05,1916.90,0.00,4070258469.27,6681250245.93,0.00,0.00,0.00,0.00,290433387,1025638905,161691869,539390984
18446744071461.68,7250403.99,7882544.08,2108313.64,632140.09,2500.57,2500.57,489.34,0.00,4070258469.27,6681250245.93,0.00,0.00,0.00,0.00,290803269,1025909168,161691869,539390984
18446744071463.68,7252945.60,7885085.70,2110931.14,632140.09,2541.61,2541.61,2617.50,0.00,4070258469.27,6681250245.93,0.00,0.00,0.00,0.00,290905379,1026457711,161691869,539390984
18446744071465.72,7255046.92,7887187.02,2113105.66,632140.09,2101.32,2101.32,2174.52,0.00,4070258469.27,6681250245.93,0.00,0.00,0.00,0.00,289629888,1026919111,161691869,540743013
18446744071467.72,7257590.09,7889730.19,2114674.47,632140.09,2543.17,2543.17,1568.80,0.00,4070258469.27,6681250245.93,0.00,0.00,0.00,0.00,289850488,1027349563,161691869,540743013
18446744071469.72,7260159.85,7892299.94,2117306.16,632140.09,2569.75,2569.75,2631.69,0.00,4070258469.27,6681250245.93,0.00,0.00,0.00,0.00,290169197,1027688711,161691869,540743013
18446744071471.72,7262141.98,7894282.08,2118399.53,632140.09,1982.14,1982.14,1093.38,0.00,4070258469.27,6681250245.93,0.00,0.00,0.00,0.00,289058554,1027951551,161691869,542098243
18446744071473.72,7264692.35,7896832.44,2120937.98,632140.09,2550.36,2550.36,2538.45,0.00,4070258469.27,6681250245.93,0.00,0.00,0.00,0.00,289182527,1028480471,161691869,542098243
18446744071475.72,7266855.77,7898995.86,2122703.52,632140.09,2163.42,2163.42,1765.53,0.00,4070258469.27,6681250245.93,0.00,0.00,0.00,0.00,288191026,1028923987,161691869,543200063
18446744071477.72,7269425.38,7901565.48,2123746.40,632140.09,2569.62,2569.62,1042.89,0.00,4070258469.27,6681250245.93,0.00,0.00,0.00,0.00,288260764,1029512071,161691869,543200063
18446744071479.72,7271711.64,7903851.73,2125623.46,632140.09,2286.26,2286.26,1877.05,0.00,4070258469.27,6681250245.93,0.00,0.00,0.00,0.00,287673701,1029936911,161691869,543947568
18446744071481.72,7274307.34,7906447.44,2125623.46,632140.09,2595.70,2595.70,0.00,0.00,4070258469.27,6681250245.93,0.00,0.00,0.00,0.00,287919437,1030355675,161691869,543947568
18446744071483.72,7276900.78,7909040.87,2127838.50,632140.09,2593.43,2593.43,2215.04,0.00,4070258469.27,6681250245.93,0.00,0.00,0.00,0.00,288188481,1030750550,161691869,543947568
18446744071485.72,7279176.11,7911316.20,2128335.84,632140.09,2275.33,2275.33,497.34,0.00,4070258469.27,6681250245.93,0.00,0.00,0.00,0.00,287652918,1031174235,161691869,544641931
18446744071487.72,7281855.10,7913995.19,2129448.17,632140.09,2678.99,2678.99,1112.33,0.00,4070258469.27,6681250245.93,0.00,0.00,0.00,0.00,288218331,1031294643,161691869,544641931
18446744071489.72,7284239.33,7916379.43,2131579.16,632140.09,2384.23,2384.23,2130.98,0.00,4070258469.27,6681250245.93,0.00,0.00,0.00,0.00,287723928,1031569138,161691869,545472203
18446744071491.72,7286895.54,7919035.63,2131618.59,632140.09,2656.20,2656.20,39.44,0.00,4070258469.27,6681250245.93,0.00,0.00,0.00,0.00,287884134,1032088920,161691869,545472203
18446744071493.72,7289593.39,7921733.48,2134232.95,632140.09,2697.85,2697.85,2614.36,0.00,4070258469.27,6681250245.93,0.00,0.00,0.00,0.00,288159737,1032503967,161691869,545472203
18446744071495.72,7291833.85,7923973.95,2136287.59,632140.09,2240.46,2240.46,2054.64,0.00,4070258469.27,6681250245.93,0.00,0.00,0.00,0.00,287331458,1032700445,161691869,546677563
18446744071497.72,7294374.64,7926514.73,2137772.78,632140.09,2540.79,2540.79,1485.19,0.00,4070258469.27,6681250245.93,0.00,0.00,0.00,0.00,287789040,1032893304,161691869,546677563
18446744071499.72,7296601.75,7928741.84,2139628.78,632140.09,2227.11,2227.11,1856.00,0.00,4070258469.27,6681250245.93,0.00,0.00,0.00,0.00,287342106,1033055035,161691869,547532907
18446744071501.72,7299136.36,7931276.45,2139672.23,632140.09,2534.61,2534.61,43.45,0.00,4070258469.27,6681250245.93,0.00,0.00,0.00,0.00,287549102,1033496898,161691869,547532907
18446744071503.72,7301627.67,7933767.76,2142167.21,632140.09,2491.31,2491.31,2494.98,0.00,4070258469.27,6681250245.93,0.00,0.00,0.00,0.00,287703854,1033979922,161691869,547532907
18446744071505.72,7303838.27,7935978.36,2142993.23,632140.09,2210.60,2210.60,826.02,0.00,4070258469.27,6681250245.93,0.00,0.00,0.00,0.00,286926626,1034461764,161691869,548394207
18446744071507.72,7306360.67,7938500.76,2144182.55,632140.09,2522.40,2522.40,1189.31,0.00,4070258469.27,6681250245.93,0.00,0.00,0.00,0.00,287127226,1034906898,161691869,548394207
18446744071509.72,7308884.52,7941024.61,2146811.16,632140.09,2523.85,2523.85,2628.61,0.00,4070258469.27,6681250245.93,0.00,0.00,0.00,0.00,287248842,1035431388,161691869,548394207
18446744071511.72,7310899.96,7943040.05,2147995.53,632140.09,2015.44,2015.44,1184.38,0.00,4070258469.27,6681250245.93,0.00,0.00,0.00,0.00,286146064,1035769547,161691869,549674779
18446744071513.72,7313375.01,7945515.11,2150103.57,632140.09,2475.05,2475.05,2108.04,0.00,4070258469.27,6681250245.93,0.00,0.00,0.00,0.00,286563511,1035985713,161691869,549674779
18446744071515.72,7315864.80,7948004.89,2152675.45,632140.09,2489.79,2489.79,2571.88,0.00,4070258469.27,6681250245.93,0.00,0.00,0.00,0.00,287030601,1036156009,161691869,549674779
18446744071517.72,7317765.62,7949905.71,2154146.45,632140.09,1900.82,1900.82,1471.00,0.00,4070258469.27,6681250245.93,0.00,0.00,0.00,0.00,285804260,1036364869,161691869,551178869
18446744071519.72,7320250.31,7952390.41,2156721.64,632140.09,2484.70,2484.70,2575.19,0.00,4070258469.27,6681250245.93,0.00,0.00,0.00,0.00,285993446,1036811765,161691869,551178869
18446744071522.12,7322677.35,7954817.44,2159283.02,632140.09,2427.04,2427.04,2561.38,0.00,4070258469.27,6681250245.93,0.00,0.00,0.00,0.00,284885773,1037156037,161691869,552563591
18446744071524.12,7324960.59,7958324.82,2159283.02,633364.23,2283.24,3507.38,0.00,1224.14,4070258469.27,6681250245.93,0.00,0.00,0.00,0.00,285387079,1037239241,161866349,552563591
18446744071526.12,7327471.17,7962786.81,2159283.02,635315.64,2510.58,4461.98,0.00,1951.41,4070258469.27,6681250245.93,0.00,0.00,0.00,0.00,285554890,1037714138,162504809,552563591
18446744071528.12,7329911.11,7965303.72,2159283.02,635392.61,2439.95,2516.91,0.00,76.97,4070258469.27,6681250245.93,0.00,0.00,0.00,0.00,285791642,1038102012,162504809,552563591
18446744071530.12,7332484.70,7969663.25,2159283.02,637178.55,2573.59,4359.53,0.00,1785.94,4070258469.27,6681250245.93,0.00,0.00,0.00,0.00,285958554,1038593939,162981713,552563591
18446744071532.12,7335022.60,7972201.15,2159283.02,637178.55,2537.90,2537.90,0.00,0.00,4070258469.27,6681250245.93,0.00,0.00,0.00,0.00,286403256,1038798939,162981713,552563591
18446744071534.12,7337537.77,7975741.30,2159283.02,638203.53,2515.16,3540.15,0.00,1024.98,4070258469.27,6681250245.93,0.00,0.00,0.00,0.00,286816496,1039029581,162981713,552563591
18446744071536.12,7340047.44,7980261.31,2159283.02,640213.87,2509.68,4520.02,0.00,2010.34,4070258469.27,6681250245.93,0.00,0.00,0.00,0.00,286989074,1039499480,163616681,552563591
18446744071538.12,7342685.62,7984857.06,2159283.02,642171.43,2638.18,4595.75,0.00,1957.56,4070258469.27,6681250245.93,0.00,0.00,0.00,0.00,287436736,1039727193,163616681,552563591
18446744071540.12,7345139.29,7989113.77,2159283.02,643974.48,2453.67,4256.71,0.00,1803.04,4070258469.27,6681250245.93,0.00,0.00,0.00,0.00,287726210,1040065858,164231075,552563591
18446744071542.12,7347690.26,7993365.79,2159283.02,645675.53,2550.97,4252.02,0.00,1701.05,4070258469.27,6681250245.93,0.00,0.00,0.00,0.00,287894432,1040550684,164824898,552563591
18446744071544.12,7350243.02,7997744.06,2159283.02,647501.04,2552.76,4378.27,0.00,1825.51,4070258469.27,6681250245.93,0.00,0.00,0.00,0.00,288127610,1040971013,165421666,552563591
18446744071546.12,7352898.14,8002467.21,2159283.02,649569.07,2655.12,4723.15,0.00,2068.03,4070258469.27,6681250245.93,0.00,0.00,0.00,0.00,288318574,1041459759,165421666,552563591
18446744071548.12,7355384.47,8005822.05,2159283.02,650437.58,2486.33,3354.84,0.00,868.52,4070258469.27,6681250245.93,0.00,0.00,0.00,0.00,288449582,1041965251,166122394,552563591
18446744071550.12,7357728.50,8010182.90,2159283.02,652454.41,2344.03,4360.85,0.00,2016.82,4070258469.27,6681250245.93,0.00,0.00,0.00,0.00,288631346,1042383558,166122394,552563591
18446744071552.12,7360331.35,8014633.14,2159283.02,654301.79,2602.86,4450.24,0.00,1847.39,4070258469.27,6681250245.93,0.00,0.00,0.00,0.00,288838592,1042842643,166866226,552563591
18446744071554.12,7362865.16,8018890.80,2159283.02,656025.65,2533.80,4257.66,0.00,1723.86,4070258469.27,6681250245.93,0.00,0.00,0.00,0.00,289102930,1043226959,167635899,552563591
18446744071556.12,7365222.04,8023246.19,2159283.02,658024.15,2356.88,4355.38,0.00,1998.50,4070258469.27,6681250245.93,0.00,0.00,0.00,0.00,289341702,1043591549,167635899,552563591
18446744071558.12,7367653.75,8027701.14,2159283.02,660047.39,2431.71,4454.95,0.00,2023.24,4070258469.27,6681250245.93,0.00,0.00,0.00,0.00,289379456,1044176313,168362607,552563591
18446744071560.12,7369962.51,8031868.76,2159283.02,661906.25,2308.76,4167.62,0.00,1858.86,4070258469.27,6681250245.93,0.00,0.00,0.00,0.00,289392552,1044754259,169074637,552563591
18446744071562.12,7372261.29,8036245.21,2159283.02,663983.92,2298.78,4376.45,0.00,2077.67,4070258469.27,6681250245.93,0.00,0.00,0.00,0.00,289566501,1045168797,169074637,552563591
18446744071564.12,7374195.93,8039333.77,2160378.38,665137.84,1934.65,3088.57,1095.37,1153.92,4070258469.27,6681250245.93,0.00,0.00,0.00,0.00,289906392,1045324176,170107860,552563591
18446744071566.31,7376134.86,8041272.70,2162587.38,665137.84,1938.92,1938.92,2209.00,0.00,4070258469.27,6681250245.93,0.00,0.00,0.00,0.00,289252032,1045628982,170107860,553409509
18446744071568.31,7378551.64,8043689.48,2162587.38,665137.84,2416.79,2416.79,0.00,0.00,4070258469.27,6681250245.93,0.00,0.00,0.00,0.00,289609234,1045890477,170107860,553409509
18446744071570.31,7381011.66,8046149.50,2164800.75,665137.84,2460.02,2460.02,2213.36,0.00,4070258469.27,6681250245.93,0.00,0.00,0.00,0.00,290156799,1045972677,170107860,553409509
18446744071572.31,7383481.66,8048619.50,2167388.39,665137.84,2470.00,2470.00,2587.64,0.00,4070258469.27,6681250245.93,0.00,0.00,0.00,0.00,290394386,1046367410,170107860,553409509
18446744071574.31,7385324.17,8050462.01,2167652.86,665137.84,1842.51,1842.51,264.47,0.00,4070258469.27,6681250245.93,0.00,0.00,0.00,0.00,289251749,1046741264,170107860,554649974
18446744071576.31,7387795.73,8052933.57,2170174.27,665137.84,2471.57,2471.57,2521.41,0.00,4070258469.27,6681250245.93,0.00,0.00,0.00,0.00,289504714,1047121020,170107860,554649974
18446744071578.31,7389936.66,8055074.50,2170246.66,665137.84,2140.93,2140.93,72.39,0.00,4070258469.27,6681250245.93,0.00,0.00,0.00,0.00,289012842,1047440668,170107860,555370276
18446744071580.31,7392381.49,8057519.33,2171451.79,665137.84,2444.82,2444.82,1205.12,0.00,4070258469.27,6681250245.93,0.00,0.00,0.00,0.00,289436670,1047642715,170107860,555370276
18446744071582.43,7394637.75,8059775.59,2173736.93,665137.84,2256.26,2256.26,2285.14,0.00,4070258469.27,6681250245.93,0.00,0.00,0.00,0.00,288810567,1047952921,170107860,556263776
18446744071584.43,7397122.30,8062260.14,2173736.93,665137.84,2484.55,2484.55,0.00,0.00,4070258469.27,6681250245.93,0.00,0.00,0.00,0.00,289005199,1048394335,170107860,556263776
18446744071586.43,7399594.12,8064731.96,2175982.20,665137.84,2471.82,2471.82,2245.27,0.00,4070258469.27,6681250245.93,0.00,0.00,0.00,0.00,289320546,1048711773,170107860,556263776
18446744071588.43,7401771.28,8066909.12,2177340.81,665137.84,2177.16,2177.16,1358.61,0.00,4070258469.27,6681250245.93,0.00,0.00,0.00,0.00,288878437,1048788641,170107860,557186370
18446744071590.43,7404263.48,8069401.32,2178105.96,665137.84,2492.20,2492.20,765.16,0.00,4070258469.27,6681250245.93,0.00,0.00,0.00,0.00,289245466,1049059616,170107860,557186370
18446744071592.43,7406754.03,8071891.87,2180668.23,665137.84,2490.54,2490.54,2562.27,0.00,4070258469.27,6681250245.93,0.00,0.00,0.00,0.00,289636736,1049305925,170107860,557186370
18446744071594.43,7408842.67,8073980.51,2181003.98,665137.84,2088.64,2088.64,335.75,0.00,4070258469.27,6681250245.93,0.00,0.00,0.00,0.00,289110462,1049429121,170107860,558124141
18446744071596.43,7411340.99,8076478.83,2182667.95,665137.84,2498.32,2498.32,1663.97,0.00,4070258469.27,6681250245.93,0.00,0.00,0.00,0.00,289523528,1049655625,170107860,558124141
18446744071598.43,7413487.72,8078625.56,2184767.61,665137.84,2146.73,2146.73,2099.66,0.00,4070258469.27,6681250245.93,0.00,0.00,0.00,0.00,288819225,1049946001,170107860,559087630
18446744071600.43,7415980.21,8081118.05,2184941.29,665137.84,2492.50,2492.50,173.69,0.00,4070258469.27,6681250245.93,0.00,0.00,0.00,0.00,289153773,1050249532,170107860,559087630
18446744071602.43,7418451.06,8083588.90,2187531.91,665137.84,2470.85,2470.85,2590.62,0.00,4070258469.27,6681250245.93,0.00,0.00,0.00,0.00,289405777,1050630065,170107860,559087630
18446744071604.43,7420559.24,8085697.08,2188474.75,665137.84,2108.18,2108.18,942.84,0.00,4070258469.27,6681250245.93,0.00,0.00,0.00,0.00,288697124,1050931301,170107860,560034740
18446744071606.43,7423012.67,8088150.51,2189584.05,665137.84,2453.43,2453.43,1109.29,0.00,4070258469.27,6681250245.93,0.00,0.00,0.00,0.00,289239101,1051017403,170107860,560034740
18446744071608.43,7425223.06,8090360.90,2191355.58,665137.84,2210.39,2210.39,1771.54,0.00,4070258469.27,6681250245.93,0.00,0.00,0.00,0.00,288972309,1051112603,170107860,560772192
18446744071610.43,7427710.32,8092848.16,2191355.58,665137.84,2487.26,2487.26,0.00,0.00,4070258469.27,6681250245.93,0.00,0.00,0.00,0.00,289394982,1051326669,170107860,560772192
18446744071612.43,7430203.92,8095341.76,2193368.56,665137.84,2493.59,2493.59,2012.98,0.00,4070258469.27,6681250245.93,0.00,0.00,0.00,0.00,289946671,1051413340,170107860,560772192
18446744071614.43,7432300.86,8097438.70,2195206.44,665137.84,2096.94,2096.94,1837.88,0.00,4070258469.27,6681250245.93,0.00,0.00,0.00,0.00,289218151,1051692857,170107860,561758012
18446744071616.43,7434777.43,8099915.27,2195773.79,665137.84,2476.57,2476.57,567.34,0.00,4070258469.27,6681250245.93,0.00,0.00,0.00,0.00,289550391,1051994620,170107860,561758012
18446744071618.43,7437305.29,8102443.13,2198243.27,665137.84,2527.86,2527.86,2469.48,0.00,4070258469.27,6681250245.93,0.00,0.00,0.00,0.00,289985579,1052206563,170107860,561758012
18446744071620.43,7439519.96,8104657.80,2198636.75,665137.84,2214.68,2214.68,393.48,0.00,4070258469.27,6681250245.93,0.00,0.00,0.00,0.00,289488451,1052392488,170107860,562636172
18446744071622.43,7442022.76,8107160.60,2200262.05,665137.84,2502.80,2502.80,1625.29,0.00,4070258469.27,6681250245.93,0.00,0.00,0.00,0.00,289933478,1052588177,170107860,562636172
18446744071624.72,7444572.75,8109710.59,2202841.14,665137.84,2549.99,2549.99,2579.10,0.00,4070258469.27,6681250245.93,0.00,0.00,0.00,0.00,289207176,1052890953,170107860,563712496
18446744071626.72,7447057.76,8112195.60,2203389.68,665137.84,2485.00,2485.00,548.54,0.00,4070258469.27,6681250245.93,0.00,0.00,0.00,0.00,289678299,1053055991,170107860,563712496
18446744071628.72,7449575.95,8114713.79,2206004.61,665137.84,2518.19,2518.19,2614.93,0.00,4070258469.27,6681250245.93,0.00,0.00,0.00,0.00,290153284,1053225662,170107860,563712496
18446744071630.73,7451675.36,8116813.20,2207395.86,665137.84,2099.42,2099.42,1391.25,0.00,4070258469.27,6681250245.93,0.00,0.00,0.00,0.00,289483952,1053266437,170107860,564878504
18446744071632.72,7454203.69,8119341.53,2208868.71,665137.84,2528.33,2528.33,1472.84,0.00,4070258469.27,6681250245.93,0.00,0.00,0.00,0.00,289927058,1053470583,170107860,564878504
18446744071634.75,7456424.83,8121562.67,2211099.93,665137.84,2221.14,2221.14,2231.22,0.00,4070258469.27,6681250245.93,0.00,0.00,0.00,0.00,289280815,1053737198,170107860,565826744
18446744071636.75,7458978.10,8124115.94,2211242.25,665137.84,2553.27,2553.27,142.32,0.00,4070258469.27,6681250245.93,0.00,0.00,0.00,0.00,289418471,1054253179,170107860,565826744
18446744071638.75,7461556.91,8126694.75,2213662.09,665137.84,2578.80,2578.80,2419.84,0.00,4070258469.27,6681250245.93,0.00,0.00,0.00,0.00,289726526,1054605298,170107860,565826744
18446744071640.75,7463798.77,8128936.61,2214573.86,665137.84,2241.87,2241.87,911.77,0.00,4070258469.27,6681250245.93,0.00,0.00,0.00,0.00,289132007,1054884407,170107860,566716072
18446744071642.75,7466309.04,8131446.88,2215966.93,665137.84,2510.27,2510.27,1393.06,0.00,4070258469.27,6681250245.93,0.00,0.00,0.00,0.00,289631881,1055027161,170107860,566716072
18446744071644.75,7468541.87,8133679.71,2217160.78,665137.84,2232.83,2232.83,1193.85,0.00,4070258469.27,6681250245.93,0.00,0.00,0.00,0.00,289416936,1055151461,170107860,567378322
18446744071646.75,7471052.72,8136190.56,2217160.78,665137.84,2510.85,2510.85,0.00,0.00,4070258469.27,6681250245.93,0.00,0.00,0.00,0.00,289955937,1055255237,170107860,567378322
18446744071648.75,7473300.93,8139440.35,2217160.78,666139.42,2248.21,3249.79,0.00,1001.58,4070258469.27,6681250245.93,0.00,0.00,0.00,0.00,290374616,1055412101,170364264,567378322
18446744071650.75,7475769.89,8141909.30,2217160.78,666139.42,2468.95,2468.95,0.00,0.00,4070258469.27,6681250245.93,0.00,0.00,0.00,0.00,290830396,1055588373,170364264,567378322
18446744071652.75,7478202.38,8145038.30,2217160.78,666835.92,2432.49,3128.99,0.00,696.50,4070258469.27,6681250245.93,0.00,0.00,0.00,0.00,291317362,1055724125,170364264,567378322
18446744071654.75,7480735.76,8149489.60,2217160.78,668753.84,2533.38,4451.30,0.00,1917.92,4070258469.27,6681250245.93,0.00,0.00,0.00,0.00,291794499,1055895533,171033556,567378322
18446744071656.75,7483250.42,8152004.26,2217160.78,668753.84,2514.66,2514.66,0.00,0.00,4070258469.27,6681250245.93,0.00,0.00,0.00,0.00,292305057,1056028729,171033556,567378322
18446744071658.75,7485739.03,8156208.77,2217160.78,670469.74,2488.61,4204.50,0.00,1715.90,4070258469.27,6681250245.93,0.00,0.00,0.00,0.00,292740673,1056230196,171033556,567378322
18446744071660.75,7488207.21,8160588.14,2217160.78,672380.93,2468.18,4379.38,0.00,1911.20,4070258469.27,6681250245.93,0.00,0.00,0.00,0.00,293256024,1056346699,171656188,567378322
18446744071662.75,7490651.83,8164987.38,2217160.78,674335.55,2444.62,4399.24,0.00,1954.61,4070258469.27,6681250245.93,0.00,0.00,0.00,0.00,293773090,1056455457,172316480,567378322
18446744071664.75,7493215.00,8169500.46,2217160.78,676285.46,2563.17,4513.08,0.00,1949.91,4070258469.27,6681250245.93,0.00,0.00,0.00,0.00,294095521,1056789197,172316480,567378322
18446744071666.81,7495680.10,8172242.36,2217160.78,676562.27,2465.10,2741.90,0.00,276.80,4070258469.27,6681250245.93,0.00,0.00,0.00,0.00,294404620,1057111163,173032513,567378322
18446744071668.81,7498023.79,8176552.52,2217160.78,678528.73,2343.69,4310.16,0.00,1966.47,4070258469.27,6681250245.93,0.00,0.00,0.00,0.00,294701529,1057414239,173032513,567378322
18446744071670.81,7500444.24,8180816.47,2217160.78,680372.23,2420.45,4263.95,0.00,1843.50,4070258469.27,6681250245.93,0.00,0.00,0.00,0.00,295235740,1057499663,173701288,567378322
18446744071672.81,7502884.30,8185203.52,2217160.78,682319.22,2440.06,4387.05,0.00,1946.99,4070258469.27,6681250245.93,0.00,0.00,0.00,0.00,295741545,1057618514,174447048,567378322
18446744071674.81,7505228.07,8189436.45,2217160.78,684208.38,2343.77,4232.93,0.00,1889.16,4070258469.27,6681250245.93,0.00,0.00,0.00,0.00,296141923,1057818142,174447048,567378322
18446744071676.81,7507735.89,8193639.36,2217160.78,685903.47,2507.81,4202.91,0.00,1695.10,4070258469.27,6681250245.93,0.00,0.00,0.00,0.00,296655148,1057946917,175020899,567378322
18446744071678.81,7510219.79,8198000.78,2217160.78,687780.99,2483.90,4361.42,0.00,1877.52,4070258469.27,6681250245.93,0.00,0.00,0.00,0.00,297180179,1058057765,175794854,567378322
18446744071680.81,7512789.10,8202489.12,2217160.78,689700.02,2569.31,4488.34,0.00,1919.03,4070258469.27,6681250245.93,0.00,0.00,0.00,0.00,297466623,1058429065,175794854,567378322
18446744071682.81,7515262.05,8206681.12,2217160.78,691419.07,2472.95,4192.00,0.00,1719.05,4070258469.27,6681250245.93,0.00,0.00,0.00,0.00,297767385,1058761379,176540458,567378322
18446744071684.81,7517606.45,8210927.58,2217160.78,693321.12,2344.40,4246.46,0.00,1902.06,4070258469.27,6681250245.93,0.00,0.00,0.00,0.00,298203143,1058925787,176540458,567378322
18446744071686.81,7520114.27,8215378.75,2217160.78,695264.48,2507.81,4451.17,0.00,1943.36,4070258469.27,6681250245.93,0.00,0.00,0.00,0.00,298427495,1059343435,177306271,567378322
18446744071688.81,7522643.29,8218098.03,2219344.90,695454.74,2529.02,2719.28,2184.12,190.26,4070258469.27,6681250245.93,0.00,0.00,0.00,0.00,298756229,1059662131,177868915,567378322
18446744071690.81,7524829.61,8220284.36,2221397.10,695454.74,2186.32,2186.32,2052.20,0.00,4070258469.27,6681250245.93,0.00,0.00,0.00,0.00,298080991,1060006938,177868915,568268452
18446744071693.00,7527225.20,8222679.94,2223797.65,695454.74,2395.59,2395.59,2400.55,0.00,4070258469.27,6681250245.93,0.00,0.00,0.00,0.00,297529568,1060362721,177868915,569077362
18446744071695.00,7529739.58,8225194.32,2226136.30,695454.74,2514.38,2514.38,2338.65,0.00,4070258469.27,6681250245.93,0.00,0.00,0.00,0.00,297978785,1060557185,177868915,569077362
18446744071697.00,7531936.44,8227391.18,2226865.54,695454.74,2196.86,2196.86,729.23,0.00,4070258469.27,6681250245.93,0.00,0.00,0.00,0.00,297291493,1061021495,177868915,569862740
18446744071699.00,7534461.96,8229916.71,2228766.99,695454.74,2525.53,2525.53,1901.45,0.00,4071106575.48,6682125716.27,848106.21,875470.34,0.00,0.00,297508247,1061451276,177868915,569862740
18446744071701.00,7536704.92,8232159.66,2230149.18,695454.74,2242.96,2242.96,1382.20,0.00,4071106575.48,6682125716.27,0.00,0.00,0.00,0.00,296937947,1061755159,177868915,570703354
18446744071703.00,7539234.33,8234689.07,2230689.44,695454.74,2529.41,2529.41,540.26,0.00,4071106575.48,6682125716.27,0.00,0.00,0.00,0.00,297281310,1062059325,177868915,570703354
18446744071705.00,7541775.93,8237230.68,2233304.63,695454.74,2541.60,2541.60,2615.19,0.00,4071106575.48,6682125716.27,0.00,0.00,0.00,0.00,297611546,1062379739,177868915,570703354
18446744071707.00,7544023.05,8239477.80,2233666.86,695454.74,2247.12,2247.12,362.23,0.00,4071106575.48,6682125716.27,0.00,0.00,0.00,0.00,297014200,1062651823,177868915,571603879
18446744071709.00,7546575.21,8242029.95,2235287.39,695454.74,2552.15,2552.15,1620.54,0.00,4071106575.48,6682125716.27,0.00,0.00,0.00,0.00,297317753,1063001621,177868915,571603879
18446744071711.00,7548817.75,8244272.49,2236880.11,695454.74,2242.54,2242.54,1592.72,0.00,4071106575.48,6682125716.27,0.00,0.00,0.00,0.00,296821314,1063249557,177868915,572426472
18446744071713.00,7551329.61,8246784.36,2237229.60,695454.74,2511.87,2511.87,349.48,0.00,4071106575.48,6682125716.27,0.00,0.00,0.00,0.00,297129387,1063584522,177868915,572426472
18446744071715.00,7553916.44,8249371.18,2239699.79,695454.74,2586.83,2586.83,2470.19,0.00,4071106575.48,6682125716.27,0.00,0.00,0.00,0.00,297455712,1063920425,177868915,572426472
18446744071717.00,7556178.89,8251633.63,2240766.54,695454.74,2262.45,2262.45,1066.76,0.00,4071106575.48,6682125716.27,0.00,0.00,0.00,0.00,296634149,1064326249,177868915,573421398
18446744071719.00,7558774.17,8254228.91,2242294.61,695454.74,2595.28,2595.28,1528.07,0.00,4071106575.48,6682125716.27,0.00,0.00,0.00,0.00,296779549,1064845240,177868915,573421398
18446744071721.09,7561151.14,8256605.88,2244541.57,695454.74,2376.97,2376.97,2246.96,0.00,4071106575.48,6682125716.27,0.00,0.00,0.00,0.00,296025374,1065241512,177868915,574387805
18446744071723.09,7563786.84,8259241.58,2245025.93,695454.74,2635.70,2635.70,484.36,0.00,4071106575.48,6682125716.27,0.00,0.00,0.00,0.00,296438094,1065503531,177868915,574387805
18446744071725.09,7566320.14,8261774.88,2247536.16,695454.74,2533.30,2533.30,2510.23,0.00,4071106575.48,6682125716.27,0.00,0.00,0.00,0.00,296635766,1065954384,177868915,574387805
18446744071727.09,7568608.05,8264062.79,2247641.90,695454.74,2287.91,2287.91,105.74,0.00,4071106575.48,6682125716.27,0.00,0.00,0.00,0.00,296049501,1066332669,177868915,575181490
18446744071729.09,7571164.66,8266619.40,2249416.73,695454.74,2556.61,2556.61,1774.83,0.00,4071106575.48,6682125716.27,0.00,0.00,0.00,0.00,296302129,1066734534,177868915,575181490
18446744071731.09,7573441.23,8268895.98,2251419.10,695454.74,2276.57,2276.57,2002.37,0.00,4071106575.48,6682125716.27,0.00,0.00,0.00,0.00,295629863,1067022641,177868915,576148452
18446744071733.09,7576080.54,8271535.29,2251937.05,695454.74,2639.31,2639.31,517.95,0.00,4071106575.48,6682125716.27,0.00,0.00,0.00,0.00,295915106,1067413061,177868915,576148452
18446744071735.09,7578716.05,8274170.80,2254595.49,695454.74,2635.51,2635.51,2658.44,0.00,4071106575.48,6682125716.27,0.00,0.00,0.00,0.00,296398091,1067604767,177868915,576148452
18446744071737.36,7581124.75,8276579.50,2257023.96,695454.74,2408.70,2408.70,2428.47,0.00,4071106575.48,6682125716.27,0.00,0.00,0.00,0.00,295170505,1068014152,177868915,577583280
18446744071739.37,7583603.87,8279058.61,2258997.68,695454.74,2479.12,2479.12,1973.72,0.00,4071106575.48,6682125716.27,0.00,0.00,0.00,0.00,295339486,1068479825,177868915,577583280
18446744071741.36,7585809.40,8281264.14,2260548.65,695454.74,2205.53,2205.53,1550.98,0.00,4071106575.48,6682125716.27,0.00,0.00,0.00,0.00,294584757,1068896847,177868915,578485602
18446744071743.36,7588309.91,8283764.66,2261011.90,695454.74,2500.52,2500.52,463.25,0.00,4071106575.48,6682125716.27,0.00,0.00,0.00,0.00,294752677,1069369059,177868915,578485602
18446744071745.36,7590826.59,8286281.33,2263571.94,695454.74,2516.67,2516.67,2560.04,0.00,4071106575.48,6682125716.27,0.00,0.00,0.00,0.00,294928773,1069837231,177868915,578485602
18446744071747.36,7593007.12,8288461.86,2264029.69,695454.74,2180.54,2180.54,457.75,0.00,4071106575.48,6682125716.27,0.00,0.00,0.00,0.00,294269394,1070163681,177868915,579376748
18446744071749.37,7595486.79,8290941.53,2265385.33,695454.74,2479.67,2479.67,1355.64,0.00,4071106575.48,6682125716.27,0.00,0.00,0.00,0.00,294388153,1070679717,177868915,579376748
18446744071751.43,7597789.59,8293244.33,2267631.64,695454.74,2302.80,2302.80,2246.31,0.00,4071106575.48,6682125716.27,0.00,0.00,0.00,0.00,293590600,1071144687,177868915,580298847
18446744071753.43,7600314.21,8295768.95,2267800.63,695454.74,2524.62,2524.62,168.99,0.00,4071106575.48,6682125716.27,0.00,0.00,0.00,0.00,293901336,1071480255,177868915,580298847
18446744071755.43,7602933.93,8298388.68,2270342.36,695454.74,2619.72,2619.72,2541.73,0.00,4071106575.48,6682125716.27,0.00,0.00,0.00,0.00,294184331,1071867909,177868915,580298847
18446744071757.43,7605199.86,8300654.61,2271272.02,695454.74,2265.93,2265.93,929.66,0.00,4071106575.48,6682125716.27,0.00,0.00,0.00,0.00,293624523,1072075858,177868915,581230784
18446744071759.43,7607751.91,8303206.65,2272719.33,695454.74,2552.04,2552.04,1447.31,0.00,4071106575.48,6682125716.27,0.00,0.00,0.00,0.00,294046875,1072306829,177868915,581230784
18446744071761.62,7610232.87,8305687.61,2275210.64,695454.74,2480.96,2480.96,2491.31,0.00,4071106575.48,6682125716.27,0.00,0.00,0.00,0.00,293475930,1072504613,177868915,582239072
18446744071763.62,7612722.29,8308177.04,2275536.27,695454.74,2489.42,2489.42,325.62,0.00,4071106575.48,6682125716.27,0.00,0.00,0.00,0.00,293659307,1072958528,177868915,582239072
18446744071765.62,7615220.60,8310675.34,2278133.21,695454.74,2498.31,2498.31,2596.95,0.00,4071106575.48,6682125716.27,0.00,0.00,0.00,0.00,293794243,1073463159,177868915,582239072
18446744071767.62,7617377.91,8312832.65,2279512.38,695454.74,2157.31,2157.31,1379.16,0.00,4071106575.48,6682125716.27,0.00,0.00,0.00,0.00,292858102,1073850327,177868915,583340316
18446744071769.62,7619889.36,8315344.11,2280828.00,695454.74,2511.45,2511.45,1315.62,0.00,4071106575.48,6682125716.27,0.00,0.00,0.00,0.00,293165799,1074185562,177868915,583340316
18446744071771.62,7622320.66,8317775.40,2283487.36,695454.74,2431.30,2431.30,2659.36,0.00,4071106575.48,6682125716.27,0.00,0.00,0.00,0.00,293466817,1074506956,177868915,583340316
18446744071773.62,7624343.54,8319798.28,2284411.47,695454.74,2022.88,2022.88,924.11,0.00,4071106575.48,6682125716.27,0.00,0.00,0.00,0.00,292455065,1074782413,177868915,584594468
18446744071775.62,7626785.65,8322240.39,2286542.06,695454.74,2442.11,2442.11,2130.59,0.00,4071106575.48,6682125716.27,0.00,0.00,0.00,0.00,292645149,1075217509,177868915,584594468
18446744071777.62,7628886.10,8324340.84,2287391.29,695454.74,2100.45,2100.45,849.23,0.00,4071106575.48,6682125716.27,0.00,0.00,0.00,0.00,292162942,1075474637,177868915,585357262
18446744071779.62,7631424.04,8326878.79,2287975.12,695454.74,2537.95,2537.95,583.82,0.00,4071106575.48,6682125716.27,0.00,0.00,0.00,0.00,292272033,1076015260,177868915,585357262
18446744071781.62,7633988.04,8329442.79,2290498.79,695454.74,2564.00,2564.00,2523.67,0.00,4071106575.48,6682125716.27,0.00,0.00,0.00,0.00,292348888,1076594789,177868915,585357262
18446744071783.62,7636233.27,8331688.01,2291469.55,695454.74,2245.22,2245.22,970.76,0.00,4071106575.48,6682125716.27,0.00,0.00,0.00,0.00,291437599,1077036837,177868915,586401280
18446744071785.62,7638782.72,8334237.46,2293213.65,695454.74,2549.46,2549.46,1744.10,0.00,4071106575.48,6682125716.27,0.00,0.00,0.00,0.00,291685310,1077441787,177868915,586401280
18446744071787.62,7641125.57,8336580.32,2294190.32,695454.74,2342.85,2342.85,976.66,0.00,4071106575.48,6682125716.27,0.00,0.00,0.00,0.00,291127047,1077903304,177868915,587097796
18446744071789.62,7643710.01,8339164.75,2294746.97,695454.74,2584.44,2584.44,556.66,0.00,4071106575.48,6682125716.27,0.00,0.00,0.00,0.00,291395707,1078296260,177868915,587097796
18446744071791.69,7646161.09,8341615.83,2297073.69,695454.74,2451.07,2451.07,2326.72,0.00,4071106575.48,6682125716.27,0.00,0.00,0.00,0.00,290845633,1078735665,177868915,587835940
18446744071793.69,7648789.51,8344244.25,2297073.69,695454.74,2628.43,2628.43,0.00,0.00,4071106575.48,6682125716.27,0.00,0.00,0.00,0.00,291161715,1079092460,177868915,587835940
18446744071795.69,7651389.45,8346844.19,2299188.29,695454.74,2599.93,2599.93,2114.59,0.00,4071106575.48,6682125716.27,0.00,0.00,0.00,0.00,291372535,1079547223,177868915,587835940
18446744071797.69,7654028.38,8349483.12,2301819.90,695454.74,2638.93,2638.93,2631.62,0.00,4071106575.48,6682125716.27,0.00,0.00,0.00,0.00,291572723,1080022601,177868915,587835940
18446744071799.69,7656175.16,8351629.90,2303046.27,695454.74,2146.78,2146.78,1226.37,0.00,4071106575.48,6682125716.27,0.00,0.00,0.00,0.00,290347562,1080431549,177868915,589201729
18446744071801.69,7658533.22,8353987.96,2304576.43,695454.74,2358.06,2358.06,1530.16,0.00,4071106575.48,6682125716.27,0.00,0.00,0.00,0.00,289986946,1080840917,177868915,589756641
18446744071803.69,7661159.91,8356614.65,2304576.43,695454.74,2626.69,2626.69,0.00,0.00,4071106575.48,6682125716.27,0.00,0.00,0.00,0.00,290237018,1081263277,177868915,589756641
18446744071805.69,7663892.33,8359347.07,2306670.78,695454.74,2732.42,2732.42,2094.35,0.00,4071106575.48,6682125716.27,0.00,0.00,0.00,0.00,290439532,1081760263,177868915,589756641
18446744071807.69,7666197.30,8361652.05,2306758.93,695454.74,2304.98,2304.98,88.14,0.00,4071106575.48,6682125716.27,0.00,0.00,0.00,0.00,290246633,1081984517,177868915,590315360
18446744071809.69,7668673.84,8364914.63,2306758.93,696240.79,2476.54,3262.59,0.00,786.05,4071106575.48,6682125716.27,0.00,0.00,0.00,0.00,290783482,1082081661,177868915,590315360
18446744071811.75,7671018.64,8369114.04,2306758.93,698095.40,2344.80,4199.41,0.00,1854.61,4071106575.48,6682125716.27,0.00,0.00,0.00,0.00,291323999,1082141413,178544923,590315360
18446744071813.75,7673700.74,8373744.20,2306758.93,700043.46,2682.10,4630.16,0.00,1948.06,4071106575.48,6682125716.27,0.00,0.00,0.00,0.00,291879295,1082272734,178544923,590315360
18446744071815.75,7676200.98,8378239.86,2306758.93,702038.88,2500.24,4495.66,0.00,1995.42,4071106575.48,6682125716.27,0.00,0.00,0.00,0.00,292124599,1082667491,179224275,590315360
18446744071817.75,7678666.23,8381848.61,2306758.93,703182.38,2465.25,3608.75,0.00,1143.50,4071106575.48,6682125716.27,0.00,0.00,0.00,0.00,292313696,1083109498,179847190,590315360
18446744071819.75,7681051.28,8385076.95,2306758.93,704025.68,2385.05,3228.35,0.00,843.30,4071106575.48,6682125716.27,0.00,0.00,0.00,0.00,292491529,1083542238,179847190,590315360
18446744071821.75,7683446.46,8389199.51,2306758.93,705753.05,2395.18,4122.56,0.00,1727.38,4071106575.48,6682125716.27,0.00,0.00,0.00,0.00,292788121,1083858813,180498538,590315360
18446744071823.75,7686014.98,8393578.96,2306758.93,707563.98,2568.52,4379.45,0.00,1810.93,4071106575.48,6682125716.27,0.00,0.00,0.00,0.00,293053849,1084250626,180498538,590315360
18446744071825.75,7688483.80,8397852.61,2306758.93,709368.80,2468.82,4273.64,0.00,1804.82,4071106575.48,6682125716.27,0.00,0.00,0.00,0.00,293222207,1084714287,181206884,590315360
18446744071827.75,7690900.53,8402227.02,2306758.93,711326.49,2416.72,4374.41,0.00,1957.69,4071106575.48,6682125716.27,0.00,0.00,0.00,0.00,293405823,1085149352,181931842,590315360
18446744071829.75,7693314.25,8405585.62,2306758.93,712271.37,2413.72,3358.60,0.00,944.88,4071106575.48,6682125716.27,0.00,0.00,0.00,0.00,293600303,1085572785,181931842,590315360
18446744071831.75,7695606.86,8409774.89,2306758.93,714168.02,2292.61,4189.27,0.00,1896.66,4071106575.48,6682125716.27,0.00,0.00,0.00,0.00,293792363,1085967634,182574511,590315360
18446744071833.75,7698106.92,8414092.95,2306758.93,715986.02,2500.06,4318.06,0.00,1818.00,4071106575.48,6682125716.27,0.00,0.00,0.00,0.00,294038475,1086361537,182574511,590315360
18446744071835.75,7700474.96,8418318.84,2306758.93,717843.88,2368.04,4225.89,0.00,1857.85,4071106575.48,6682125716.27,0.00,0.00,0.00,0.00,294412831,1086593399,183306585,590315360
18446744071837.75,7702848.24,8422498.01,2306758.93,719649.77,2373.28,4179.17,0.00,1805.89,4071106575.48,6682125716.27,0.00,0.00,0.00,0.00,294480311,1087133479,183977140,590315360
18446744071839.75,7705252.15,8426894.85,2306758.93,721642.70,2403.91,4396.84,0.00,1992.93,4071106575.48,6682125716.27,0.00,0.00,0.00,0.00,294712991,1087516199,183977140,590315360
18446744071841.75,7707554.35,8431070.50,2306758.93,723516.14,2302.20,4175.65,0.00,1873.45,4071106575.48,6682125716.27,0.00,0.00,0.00,0.00,294918699,1087899855,184693214,590315360
18446744071843.75,7709948.36,8435362.32,2306758.93,725413.96,2394.00,4291.82,0.00,1897.82,4071106575.48,6682125716.27,0.00,0.00,0.00,0.00,295105919,1088325500,185406359,590315360
18446744071845.75,7712491.88,8439847.55,2306758.93,727355.67,2543.53,4485.23,0.00,1941.70,4071106575.48,6682125716.27,0.00,0.00,0.00,0.00,295520713,1088561849,185406359,590315360
18446744071847.75,7714942.06,8444069.14,2306758.93,729127.09,2450.18,4221.59,0.00,1771.42,4071106575.48,6682125716.27,0.00,0.00,0.00,0.00,295965398,1088744409,186052895,590315360
18446744071849.75,7717400.36,8447510.92,2307309.23,730110.55,2458.30,3441.77,550.30,983.47,4071106575.48,6682125716.27,0.00,0.00,0.00,0.00,296187303,1089151830,186739675,590315360
18446744071851.75,7719724.02,8449834.57,2308472.98,730110.55,2323.65,2323.65,1163.75,0.00,4071106575.48,6682125716.27,0.00,0.00,0.00,0.00,295874168,1089621023,186739675,590754157
18446744071853.75,7722225.51,8452336.06,2308472.98,730110.55,2501.49,2501.49,0.00,0.00,4071106575.48,6682125716.27,0.00,0.00,0.00,0.00,295908016,1090227557,186739675,590754157
18446744071855.75,7724717.11,8454827.66,2310203.66,730110.55,2491.60,2491.60,1730.69,0.00,4071106575.48,6682125716.27,0.00,0.00,0.00,0.00,296028060,1090745363,186739675,590754157
18446744071857.91,7726996.48,8457107.04,2312562.70,730110.55,2279.38,2279.38,2359.04,0.00,4071106575.48,6682125716.27,0.00,0.00,0.00,0.00,295141081,1091169173,186739675,591800846
18446744071859.91,7729476.98,8459587.54,2312890.02,730110.55,2480.50,2480.50,327.32,0.00,4071106575.48,6682125716.27,0.00,0.00,0.00,0.00,295414625,1091530637,186739675,591800846
18446744071861.94,7731765.91,8461876.46,2315151.50,730110.55,2288.92,2288.92,2261.48,0.00,4071106575.48,6682125716.27,0.00,0.00,0.00,0.00,295204584,1091663909,186739675,592463579
18446744071863.94,7734259.68,8464370.23,2315151.50,730110.55,2493.77,2493.77,0.00,0.00,4071106575.48,6682125716.27,0.00,0.00,0.00,0.00,295780470,1091726429,186739675,592463579
18446744071865.94,7736735.20,8466845.75,2316643.51,730110.55,2475.52,2475.52,1492.01,0.00,4071106575.48,6682125716.27,0.00,0.00,0.00,0.00,296326086,1091814545,186739675,592463579
18446744071867.94,7738952.90,8469063.46,2318310.08,730110.55,2217.71,2217.71,1666.57,0.00,4071106575.48,6682125716.27,0.00,0.00,0.00,0.00,296043319,1091856449,186739675,593272175
18446744071869.94,7741452.83,8471563.39,2318318.98,730110.55,2499.93,2499.93,8.91,0.00,4071106575.48,6682125716.27,0.00,0.00,0.00,0.00,296598441,1091941309,186739675,593272175
18446744071871.94,7743951.61,8474062.16,2320952.18,730110.55,2498.77,2498.77,2633.20,0.00,4071106575.48,6682125716.27,0.00,0.00,0.00,0.00,296979464,1092199972,186739675,593272175
18446744071874.03,7746121.68,8476232.23,2323218.98,730110.55,2170.07,2170.07,2266.80,0.00,4071106575.48,6682125716.27,0.00,0.00,0.00,0.00,295982314,1092496021,186739675,594528815
18446744071876.03,7748597.46,8478708.02,2324307.88,730110.55,2475.78,2475.78,1088.89,0.00,4071106575.48,6682125716.27,0.00,0.00,0.00,0.00,296363378,1092748757,186739675,594528815
18446744071878.03,7751095.16,8481205.72,2326925.47,730110.55,2497.70,2497.70,2617.60,0.00,4071106575.48,6682125716.27,0.00,0.00,0.00,0.00,296807520,1092944027,186739675,594528815
18446744071880.03,7753082.53,8483193.09,2328742.16,730110.55,1987.37,1987.37,1816.69,0.00,4071106575.48,6682125716.27,0.00,0.00,0.00,0.00,295670563,1093175817,186739675,595942748
18446744071882.03,7755557.76,8485668.31,2330671.02,730110.55,2475.23,2475.23,1928.86,0.00,4071106575.48,6682125716.27,0.00,0.00,0.00,0.00,296009855,1093470183,186739675,595942748
18446744071884.03,7758102.79,8488213.35,2333289.11,730110.55,2545.04,2545.04,2618.09,0.00,4071106575.48,6682125716.27,0.00,0.00,0.00,0.00,296356210,1093775357,186739675,595942748
18446744071886.03,7760189.99,8490300.54,2334261.93,730110.55,2087.20,2087.20,972.81,0.00,4071106575.48,6682125716.27,0.00,0.00,0.00,0.00,295284249,1094053124,186739675,597271264
18446744071888.03,7762686.12,8492796.68,2336748.93,730110.55,2496.14,2496.14,2487.00,0.00,4071106575.48,6682125716.27,0.00,0.00,0.00,0.00,295671807,1094304577,186739675,597271264
18446744071890.03,7764770.41,8494880.96,2337116.39,730110.55,2084.28,2084.28,367.47,0.00,4071106575.48,6682125716.27,0.00,0.00,0.00,0.00,295219448,1094475224,186739675,598086552
18446744071892.03,7767172.94,8497283.49,2338357.21,730110.55,2402.53,2402.53,1240.81,0.00,4071106575.48,6682125716.27,0.00,0.00,0.00,0.00,295459515,1094850205,186739675,598086552
18446744071894.03,7769638.75,8499749.30,2340984.66,730110.55,2465.81,2465.81,2627.45,0.00,4071106575.48,6682125716.27,0.00,0.00,0.00,0.00,295862360,1095078607,186739675,598086552
18446744071896.03,7771573.37,8501683.92,2341981.39,730110.55,1934.62,1934.62,996.73,0.00,4071106575.48,6682125716.27,0.00,0.00,0.00,0.00,294928037,1095262761,186739675,599331984
18446744071898.03,7774060.25,8504170.81,2343934.62,730110.55,2486.89,2486.89,1953.23,0.00,4071106575.48,6682125716.27,0.00,0.00,0.00,0.00,295365531,1095461910,186739675,599331984
18446744071900.03,7776175.99,8506286.55,2345767.23,730110.55,2115.74,2115.74,1832.61,0.00,4071106575.48,6682125716.27,0.00,0.00,0.00,0.00,294644005,1095755891,186739675,600301158
18446744071902.03,7778632.82,8508743.38,2346094.92,730110.55,2456.83,2456.83,327.69,0.00,4071106575.48,6682125716.27,0.00,0.00,0.00,0.00,294921021,1096107824,186739675,600301158
18446744071904.03,7781106.23,8511216.79,2348594.56,730110.55,2473.41,2473.41,2499.64,0.00,4071106575.48,6682125716.27,0.00,0.00,0.00,0.00,295434412,1096227625,186739675,600301158
18446744071906.03,7783232.47,8513343.03,2349193.99,730110.55,2126.24,2126.24,599.43,0.00,4071106575.48,6682125716.27,0.00,0.00,0.00,0.00,294912809,1096416320,186739675,601178384
18446744071908.03,7785672.41,8515782.96,2350484.49,730110.55,2439.94,2439.94,1290.50,0.00,4071106575.48,6682125716.27,0.00,0.00,0.00,0.00,295239043,1096714710,186739675,601178384
18446744071910.03,7787789.07,8517899.62,2352148.06,730110.55,2116.66,2116.66,1663.57,0.00,4071106575.48,6682125716.27,0.00,0.00,0.00,0.00,294729333,1097010043,186739675,601934626
18446744071912.03,7790279.43,8520389.99,2352148.06,730110.55,2490.36,2490.36,0.00,0.00,4071106575.48,6682125716.27,0.00,0.00,0.00,0.00,294985496,1097391413,186739675,601934626
18446744071914.03,7792750.64,8522861.20,2354217.70,730110.55,2471.21,2471.21,2069.64,0.00,4071106575.48,6682125716.27,0.00,0.00,0.00,0.00,295266405,1097743134,186739675,601934626
18446744071916.03,7794963.98,8525074.53,2354922.87,730110.55,2213.33,2213.33,705.17,0.00,4071106575.48,6682125716.27,0.00,0.00,0.00,0.00,294835031,1098030817,186739675,602644930
18446744071918.03,7797417.40,8527527.96,2355530.80,730110.55,2453.43,2453.43,607.93,0.00,4071106575.48,6682125716.27,0.00,0.00,0.00,0.00,295317545,1098176380,186739675,602644930
18446744071920.03,7799675.82,8529786.37,2357554.91,730110.55,2258.41,2258.41,2024.10,0.00,4071106575.48,6682125716.27,0.00,0.00,0.00,0.00,295009406,1098388872,186739675,603318731
18446744071922.03,7802159.61,8532270.16,2357554.91,730110.55,2483.79,2483.79,0.00,0.00,4071106575.48,6682125716.27,0.00,0.00,0.00,0.00,295383236,1098650893,186739675,603318731
18446744071924.03,7804626.35,8534736.91,2359407.78,730110.55,2466.74,2466.74,1852.88,0.00,4071106575.48,6682125716.27,0.00,0.00,0.00,0.00,295696194,1098969421,186739675,603318731
18446744071926.03,7807105.55,8537216.10,2362035.01,730110.55,2479.20,2479.20,2627.23,0.00,4071106575.48,6682125716.27,0.00,0.00,0.00,0.00,295816336,1099483953,186739675,603318731
18446744071928.03,7809141.58,8539252.13,2362203.29,730110.55,2036.03,2036.03,168.28,0.00,4071106575.48,6682125716.27,0.00,0.00,0.00,0.00,294823681,1099841525,186739675,604475038
18446744071930.03,7811634.17,8541744.73,2364840.22,730110.55,2492.59,2492.59,2636.93,0.00,4071106575.48,6682125716.27,0.00,0.00,0.00,0.00,295062883,1100240427,186739675,604475038
18446744071932.31,7813973.37,8544083.92,2367285.44,730110.55,2339.20,2339.20,2445.22,0.00,4071106575.48,6682125716.27,0.00,0.00,0.00,0.00,293879447,1100689019,186739675,605808716
18446744071934.31,7816436.25,8546546.81,2368532.59,730110.55,2462.89,2462.89,1247.15,0.00,4071106575.48,6682125716.27,0.00,0.00,0.00,0.00,294369311,1100829654,186739675,605808716
18446744071936.31,7818692.22,8548802.77,2370327.79,730110.55,2255.96,2255.96,1795.20,0.00,4071106575.48,6682125716.27,0.00,0.00,0.00,0.00,293810072,1101187578,186739675,606587558
18446744071938.31,7821167.60,8551278.15,2370327.79,730110.55,2475.38,2475.38,0.00,0.00,4071106575.48,6682125716.27,0.00,0.00,0.00,0.00,293914641,1101716706,186739675,606587558
18446744071940.31,7823649.54,8553760.10,2372756.06,730110.55,2481.95,2481.95,2428.27,0.00,4071106575.48,6682125716.27,0.00,0.00,0.00,0.00,294268301,1101998424,186739675,606587558
18446744071942.31,7825758.91,8555869.47,2374381.50,730110.55,2109.37,2109.37,1625.44,0.00,4071106575.48,6682125716.27,0.00,0.00,0.00,0.00,293376009,1102392967,186739675,607625306
18446744071944.31,7828232.96,8558343.52,2375063.89,730110.55,2474.05,2474.05,682.39,0.00,4071106575.48,6682125716.27,0.00,0.00,0.00,0.00,293538760,1102863573,186739675,607625306
18446744071946.34,7830527.05,8560637.61,2377289.63,730110.55,2294.09,2294.09,2225.74,0.00,4071106575.48,6682125716.27,0.00,0.00,0.00,0.00,293115539,1103129598,186739675,608369788
18446744071948.34,7833044.98,8563155.53,2377289.63,730110.55,2517.93,2517.93,0.00,0.00,4071106575.48,6682125716.27,0.00,0.00,0.00,0.00,293262197,1103627529,186739675,608369788
18446744071950.34,7835523.41,8565633.96,2379251.94,730110.55,2478.43,2478.43,1962.31,0.00,4071106575.48,6682125716.27,0.00,0.00,0.00,0.00,293858367,1103665837,186739675,608369788
18446744071952.34,7838031.59,8568142.14,2381827.60,730110.55,2508.18,2508.18,2575.66,0.00,4071106575.48,6682125716.27,0.00,0.00,0.00,0.00,294444328,1103721970,186739675,608369788
18446744071954.34,7840038.49,8570149.04,2382589.62,730110.55,2006.90,2006.90,762.02,0.00,4071106575.48,6682125716.27,0.00,0.00,0.00,0.00,293671432,1103728717,186739675,609649704
18446744071956.34,7842589.08,8572699.63,2385250.18,730110.55,2550.59,2550.59,2660.55,0.00,4071106575.48,6682125716.27,0.00,0.00,0.00,0.00,294276507,1103776593,186739675,609649704
18446744071958.34,7845149.26,8575259.81,2387900.96,730110.55,2560.18,2560.18,2650.78,0.00,4071106575.48,6682125716.27,0.00,0.00,0.00,0.00,294914461,1103794045,186739675,609649704
18446744071960.34,7847073.83,8577184.38,2389587.49,730110.55,1924.57,1924.57,1686.53,0.00,4071106575.48,6682125716.27,0.00,0.00,0.00,0.00,293788917,1103862271,186739675,611199712
18446744071962.34,7849600.16,8579710.71,2392191.16,730110.55,2526.33,2526.33,2603.68,0.00,4071106575.48,6682125716.27,0.00,0.00,0.00,0.00,294186329,1104111600,186739675,611199712
18446744071964.34,7851527.94,8581638.50,2394220.32,730110.55,1927.78,1927.78,2029.16,0.00,4071106575.48,6682125716.27,0.00,0.00,0.00,0.00,292857654,1104429934,186739675,612703565
18446744071966.34,7854052.68,8584163.23,2396154.78,730110.55,2524.73,2524.73,1934.46,0.00,4071106575.48,6682125716.27,0.00,0.00,0.00,0.00,293393983,1104539937,186739675,612703565
18446744071968.34,7856277.27,8586387.82,2398145.83,730110.55,2224.59,2224.59,1991.05,0.00,4071106575.48,6682125716.27,0.00,0.00,0.00,0.00,292595988,1104902498,186739675,613708495
18446744071970.34,7858872.59,8588983.14,2398841.65,730110.55,2595.32,2595.32,695.82,0.00,4071106575.48,6682125716.27,0.00,0.00,0.00,0.00,292860800,1105302087,186739675,613708495
18446744071972.34,7861499.58,8591610.13,2401361.09,730110.55,2626.99,2626.99,2519.44,0.00,4071106575.48,6682125716.27,0.00,0.00,0.00,0.00,293166688,1105668709,186739675,613708495
18446744071974.34,7863647.91,8593758.47,2402904.24,730110.55,2148.34,2148.34,1543.16,0.00,4071106575.48,6682125716.27,0.00,0.00,0.00,0.00,292144066,1106023151,186739675,614926649
18446744071976.34,7866226.62,8597933.93,2402904.24,731707.31,2578.71,4175.46,0.00,1596.75,4071106575.48,6682125716.27,0.00,0.00,0.00,0.00,292331650,1106495717,186739675,614926649
18446744071978.34,7868819.37,8600874.08,2402904.24,732054.71,2592.75,2940.15,0.00,347.40,4071106575.48,6682125716.27,0.00,0.00,0.00,0.00,292423234,1107067876,187237379,614926649
18446744071980.34,7871260.71,8604299.42,2402904.24,733038.71,2441.34,3425.34,0.00,984.00,4071106575.48,6682125716.27,0.00,0.00,0.00,0.00,292633322,1107482770,187237379,614926649
18446744071982.34,7873312.30,8608451.83,2402904.24,735139.52,2051.60,4152.41,0.00,2100.81,4071106575.48,6682125716.27,0.00,0.00,0.00,0.00,293010588,1107630713,188027091,614926649
18446744071984.34,7875771.25,8610910.77,2402904.24,735139.52,2458.94,2458.94,0.00,0.00,4071106575.48,6682125716.27,0.00,0.00,0.00,0.00,293583661,1107687129,188027091,614926649
18446744071986.34,7878215.73,8614455.05,2402904.24,736239.32,2444.48,3544.28,0.00,1099.80,4071106575.48,6682125716.27,0.00,0.00,0.00,0.00,293912818,1107983760,188027091,614926649
18446744071988.34,7880718.03,8618064.13,2402904.24,737346.10,2502.30,3609.08,0.00,1106.78,4071106575.48,6682125716.27,0.00,0.00,0.00,0.00,294068594,1108468572,188591975,614926649
18446744071990.34,7883159.91,8620779.87,2402904.24,737619.96,2441.88,2715.74,0.00,273.86,4071106575.48,6682125716.27,0.00,0.00,0.00,0.00,294272170,1108890117,188591975,614926649
18446744071992.34,7885760.65,8625295.50,2402904.24,739534.85,2600.75,4515.63,0.00,1914.89,4071106575.48,6682125716.27,0.00,0.00,0.00,0.00,294475390,1109352688,188591975,614926649
18446744071994.34,7888260.41,8628107.27,2402904.24,739846.85,2499.76,2811.76,0.00,312.00,4071106575.48,6682125716.27,0.00,0.00,0.00,0.00,294748142,1109719875,189232167,614926649
18446744071996.34,7890805.56,8632027.07,2402904.24,741221.52,2545.14,3919.81,0.00,1374.66,4071106575.48,6682125716.27,0.00,0.00,0.00,0.00,295042192,1110077382,189232167,614926649
18446744071998.34,7893172.74,8636131.29,2402904.24,742958.54,2367.18,4104.21,0.00,1737.03,4071106575.48,6682125716.27,0.00,0.00,0.00,0.00,295431444,1110294129,189849617,614926649
18446744072000.34,7895694.86,8640646.89,2402904.24,744952.04,2522.11,4515.61,0.00,1993.50,4071106575.48,6682125716.27,0.00,0.00,0.00,0.00,295744087,1110627147,190468939,614926649
18446744072002.34,7898112.94,8644975.89,2402904.24,746862.96,2418.08,4329.00,0.00,1910.92,4071106575.48,6682125716.27,0.00,0.00,0.00,0.00,296049670,1110940593,191025455,614926649
18446744072004.34,7900629.40,8649596.32,2402904.24,748966.92,2516.46,4620.43,0.00,2103.96,4071106575.48,6682125716.27,0.00,0.00,0.00,0.00,296326777,1111307701,191025455,614926649
18446744072006.34,7902898.14,8653756.64,2402904.24,750858.50,2268.73,4160.31,0.00,1891.58,4071106575.48,6682125716.27,0.00,0.00,0.00,0.00,296764818,1111450456,191669317,614926649
18446744072008.34,7905190.24,8657920.33,2402904.24,752730.09,2292.11,4163.69,0.00,1871.59,4071106575.48,6682125716.27,0.00,0.00,0.00,0.00,296885546,1111916507,192346143,614926649
18446744072010.34,7907476.58,8662127.36,2402904.24,754650.77,2286.34,4207.03,0.00,1920.69,4071106575.48,6682125716.27,0.00,0.00,0.00,0.00,296978590,1112408766,193000075,614926649
18446744072012.34,7909888.23,8666357.51,2402904.24,756469.27,2411.65,4230.15,0.00,1818.50,4071106575.48,6682125716.27,0.00,0.00,0.00,0.00,297213310,1112791429,193000075,614926649
18446744072014.34,7912250.10,8669417.69,2402904.24,757167.59,2361.86,3060.18,0.00,698.32,4071106575.48,6682125716.27,0.00,0.00,0.00,0.00,297384011,1113225365,193666221,614926649
18446744072016.34,7914619.32,8671786.91,2404176.01,757167.59,2369.22,2369.22,1271.77,0.00,4071106575.48,6682125716.27,0.00,0.00,0.00,0.00,297467674,1113748222,193666221,614926649
18446744072018.34,7917022.99,8674190.58,2406783.80,757167.59,2403.67,2403.67,2607.79,0.00,4071106575.48,6682125716.27,0.00,0.00,0.00,0.00,297664496,1114166740,193666221,614926649
18446744072020.34,7918939.46,8676107.05,2408111.14,757167.59,1916.47,1916.47,1327.34,0.00,4071106575.48,6682125716.27,0.00,0.00,0.00,0.00,296547128,1114441758,193666221,616259615
18446744072022.34,7921344.99,8678512.59,2409980.02,757167.59,2405.54,2405.54,1868.88,0.00,4071106575.48,6682125716.27,0.00,0.00,0.00,0.00,296746569,1114858134,193666221,616259615
18446744072024.34,7923755.05,8680922.64,2412641.72,757167.59,2410.05,2410.05,2661.70,0.00,4071106575.48,6682125716.27,0.00,0.00,0.00,0.00,297045357,1115176320,193666221,616259615
18446744072026.34,7925574.60,8682742.19,2413854.44,757167.59,1819.55,1819.55,1212.72,0.00,4071106575.48,6682125716.27,0.00,0.00,0.00,0.00,295930793,1115286405,193666221,617729899
18446744072028.34,7927976.81,8685144.41,2416239.77,757167.59,2402.21,2402.21,2385.33,0.00,4071106575.48,6682125716.27,0.00,0.00,0.00,0.00,296131518,1115700647,193666221,617729899
18446744072030.34,7930378.48,8687546.08,2418864.86,757167.59,2401.67,2401.67,2625.09,0.00,4071106575.48,6682125716.27,0.00,0.00,0.00,0.00,296179896,1116267097,193666221,617729899
18446744072032.34,7932358.05,8689525.64,2419599.08,757167.59,1979.57,1979.57,734.22,0.00,4071106575.48,6682125716.27,0.00,0.00,0.00,0.00,294897968,1116710162,193666221,619075531
18446744072034.34,7934759.97,8691927.56,2422189.78,757167.59,2401.92,2401.92,2590.70,0.00,4071106575.48,6682125716.27,0.00,0.00,0.00,0.00,294901360,1117321661,193666221,619075531
18446744072036.34,7936840.32,8694007.92,2423019.70,757167.59,2080.36,2080.36,829.92,0.00,4071106575.48,6682125716.27,0.00,0.00,0.00,0.00,293989080,1117765836,193666221,620076207
18446744072038.34,7939261.98,8696429.58,2424191.45,757167.59,2421.66,2421.66,1171.75,0.00,4071106575.48,6682125716.27,0.00,0.00,0.00,0.00,294193522,1118181339,193666221,620076207
18446744072040.34,7941694.52,8698862.11,2426793.23,757167.59,2432.53,2432.53,2601.78,0.00,4071106575.48,6682125716.27,0.00,0.00,0.00,0.00,294454064,1118543525,193666221,620076207
18446744072042.34,7943761.96,8700929.55,2427241.94,757167.59,2067.44,2067.44,448.70,0.00,4071106575.48,6682125716.27,0.00,0.00,0.00,0.00,293514254,1118931708,193666221,621157099
18446744072044.34,7946145.30,8703312.90,2429402.19,757167.59,2383.35,2383.35,2160.25,0.00,4071106575.48,6682125716.27,0.00,0.00,0.00,0.00,293550596,1119505503,193666221,621157099
18446744072046.34,7948509.42,8705677.02,2432042.64,757167.59,2364.12,2364.12,2640.45,0.00,4071106575.48,6682125716.27,0.00,0.00,0.00,0.00,293703980,1119957333,193666221,621157099
18446744072048.34,7950374.70,8707542.30,2432834.14,757167.59,1865.28,1865.28,791.50,0.00,4071106575.48,6682125716.27,0.00,0.00,0.00,0.00,292428977,1120287709,193666221,622579238
18446744072050.34,7952771.42,8709939.01,2435450.39,757167.59,2396.71,2396.71,2616.25,0.00,4071106575.48,6682125716.27,0.00,0.00,0.00,0.00,292739982,1120590263,193666221,622579238
18446744072052.34,7954791.47,8711959.06,2437227.47,757167.59,2020.05,2020.05,1777.09,0.00,4071106575.48,6682125716.27,0.00,0.00,0.00,0.00,291770427,1120942793,193666221,623713396
18446744072054.34,7957213.76,8714381.36,2438026.53,757167.59,2422.29,2422.29,799.05,0.00,4071106575.48,6682125716.27,0.00,0.00,0.00,0.00,292004739,1121328588,193666221,623713396
18446744072056.34,7959644.41,8716812.00,2440528.04,757167.59,2430.64,2430.64,2501.51,0.00,4071106575.48,6682125716.27,0.00,0.00,0.00,0.00,292106923,1121848649,193666221,623713396
18446744072058.34,7961775.62,8718943.22,2440571.48,757167.59,2131.22,2131.22,43.45,0.00,4071106575.48,6682125716.27,0.00,0.00,0.00,0.00,291507723,1122137375,193666221,624569462
18446744072060.34,7964152.30,8721319.89,2442127.11,757167.59,2376.68,2376.68,1555.62,0.00,4071106575.48,6682125716.27,0.00,0.00,0.00,0.00,291568877,1122684650,193666221,624569462
18446744072062.46,7966347.07,8723514.67,2444437.81,757167.59,2194.77,2194.77,2310.70,0.00,4071106575.48,6682125716.27,0.00,0.00,0.00,0.00,290871705,1122954488,193666221,625558658
18446744072064.46,7968773.69,8725941.28,2444439.68,757167.59,2426.61,2426.61,1.88,0.00,4071106575.48,6682125716.27,0.00,0.00,0.00,0.00,291014623,1123432783,193666221,625558658
18446744072066.46,7971156.63,8728324.22,2446992.17,757167.59,2382.94,2382.94,2552.49,0.00,4071106575.48,6682125716.27,0.00,0.00,0.00,0.00,291129939,1123927500,193666221,625558658
18446744072068.46,7973220.71,8730388.31,2448505.04,757167.59,2064.09,2064.09,1512.87,0.00,4071106575.48,6682125716.27,0.00,0.00,0.00,0.00,290185709,1124358924,193666221,626599870
18446744072070.46,7975609.24,8732776.83,2449088.14,757167.59,2388.52,2388.52,583.09,0.00,4071106575.48,6682125716.27,0.00,0.00,0.00,0.00,290364433,1124791662,193666221,626599870
18446744072072.46,7978036.89,8735204.49,2451698.36,757167.59,2427.66,2427.66,2610.23,0.00,4071106575.48,6682125716.27,0.00,0.00,0.00,0.00,290449390,1125328185,193666221,626599870
18446744072074.46,7980243.00,8737410.59,2451906.57,757167.59,2206.11,2206.11,208.21,0.00,4071106575.48,6682125716.27,0.00,0.00,0.00,0.00,289899561,1125571985,193666221,627470662
18446744072076.46,7982637.89,8739805.48,2453627.97,757167.59,2394.89,2394.89,1721.40,0.00,4071106575.48,6682125716.27,0.00,0.00,0.00,0.00,290226001,1125858636,193666221,627470662
18446744072078.46,7985067.50,8742235.09,2456279.97,757167.59,2429.61,2429.61,2652.00,0.00,4071106575.48,6682125716.27,0.00,0.00,0.00,0.00,290573993,1126132625,193666221,627470662
18446744072080.46,7987162.94,8744330.53,2457100.86,757167.59,2095.44,2095.44,820.88,0.00,4071106575.48,6682125716.27,0.00,0.00,0.00,0.00,289511241,1126402081,193666221,628800390
18446744072082.46,7989563.90,8746731.50,2459646.96,757167.59,2400.96,2400.96,2546.11,0.00,4071106575.48,6682125716.27,0.00,0.00,0.00,0.00,289749172,1126778797,193666221,628800390
18446744072084.46,7991667.39,8748834.99,2460948.05,757167.59,2103.49,2103.49,1301.09,0.00,4071106575.48,6682125716.27,0.00,0.00,0.00,0.00,288937028,1127144553,193666221,629785272
18446744072086.46,7994057.05,8751224.64,2461702.73,757167.59,2389.65,2389.65,754.68,0.00,4071106575.48,6682125716.27,0.00,0.00,0.00,0.00,289159846,1127533486,193666221,629785272
18446744072088.57,7996349.01,8753516.61,2464051.05,757167.59,2291.96,2291.96,2348.31,0.00,4071106575.48,6682125716.27,0.00,0.00,0.00,0.00,288722391,1127763317,193666221,630579639
18446744072090.57,7998784.27,8755951.86,2464051.05,757167.59,2435.26,2435.26,0.00,0.00,4071106575.48,6682125716.27,0.00,0.00,0.00,0.00,289052688,1128056446,193666221,630579639
18446744072092.57,8001188.43,8758356.02,2465860.19,757167.59,2404.16,2404.16,1809.14,0.00,4071106575.48,6682125716.27,0.00,0.00,0.00,0.00,289176828,1128547771,193666221,630579639
18446744072094.80,8003516.97,8760684.56,2468205.55,757167.59,2328.54,2328.54,2345.36,0.00,4071106575.48,6682125716.27,0.00,0.00,0.00,0.00,288512940,1128744213,193666221,631643191
18446744072096.80,8005927.84,8763095.43,2468502.30,757167.59,2410.87,2410.87,296.75,0.00,4071106575.48,6682125716.27,0.00,0.00,0.00,0.00,288686283,1129188052,193666221,631643191
18446744072098.80,8008365.62,8765533.22,2471065.27,757167.59,2437.79,2437.79,2562.97,0.00,4071106575.48,6682125716.27,0.00,0.00,0.00,0.00,288842594,1129655815,193666221,631643191
18446744072100.80,8010466.23,8767633.82,2472167.56,757167.59,2100.61,2100.61,1102.30,0.00,4071106575.48,6682125716.27,0.00,0.00,0.00,0.00,287934499,1130087429,193666221,632657427
18446744072102.80,8012883.78,8770051.38,2473285.45,757167.59,2417.55,2417.55,1117.89,0.00,4071106575.48,6682125716.27,0.00,0.00,0.00,0.00,287999736,1130641085,193666221,632657427
18446744072104.80,8015088.41,8772256.01,2475200.44,757167.59,2204.63,2204.63,1914.98,0.00,4071106575.48,6682125716.27,0.00,0.00,0.00,0.00,287689882,1130738909,193666221,633433843
18446744072106.80,8017507.75,8774675.35,2475200.44,757167.59,2419.34,2419.34,0.00,0.00,4071106575.48,6682125716.27,0.00,0.00,0.00,0.00,287945110,1131103032,193666221,633433843
18446744072108.80,8019939.99,8777107.59,2477304.78,757167.59,2432.24,2432.24,2104.34,0.00,4071106575.48,6682125716.27,0.00,0.00,0.00,0.00,287997268,1131673527,193666221,633433843
18446744072111.10,8022302.27,8779469.87,2479850.72,757167.59,2362.28,2362.28,2545.94,0.00,4071106575.48,6682125716.27,0.00,0.00,0.00,0.00,286996806,1132088261,193666221,634624315
18446744072113.10,8024723.41,8781891.00,2480573.81,757167.59,2421.14,2421.14,723.09,0.00,4071106575.48,6682125716.27,0.00,0.00,0.00,0.00,287327308,1132377570,193666221,634624315
18446744072115.10,8027145.27,8784312.86,2483189.11,757167.59,2421.86,2421.86,2615.30,0.00,4071106575.48,6682125716.27,0.00,0.00,0.00,0.00,287620788,1132704085,193666221,634624315
18446744072117.23,8029260.47,8786428.06,2485428.64,757167.59,2115.20,2115.20,2239.53,0.00,4071106575.48,6682125716.27,0.00,0.00,0.00,0.00,286411624,1133026793,193666221,636052263
18446744072119.22,8031691.33,8788858.92,2486937.41,757167.59,2430.86,2430.86,1508.77,0.00,4071106575.48,6682125716.27,0.00,0.00,0.00,0.00,286785377,1133275340,193666221,636052263
18446744072121.23,8033931.64,8791099.23,2487986.45,757167.59,2240.31,2240.31,1049.04,0.00,4071106575.48,6682125716.27,0.00,0.00,0.00,0.00,286322127,1133657309,193666221,636707063
18446744072123.22,8036357.74,8793525.33,2487987.71,757167.59,2426.10,2426.10,1.26,0.00,4071106575.48,6682125716.27,0.00,0.00,0.00,0.00,286575082,1134025436,193666221,636707063
18446744072125.23,8038791.75,8795959.34,2490428.25,757167.59,2434.01,2434.01,2440.53,0.00,4071106575.48,6682125716.27,0.00,0.00,0.00,0.00,286891176,1134332448,193666221,636707063
18446744072127.23,8040976.45,8798144.05,2490862.84,757167.59,2184.71,2184.71,434.59,0.00,4071106575.48,6682125716.27,0.00,0.00,0.00,0.00,286292461,1134754094,193666221,637443417
18446744072129.23,8043368.78,8800536.37,2491784.07,757167.59,2392.32,2392.32,921.23,0.00,4071106575.48,6682125716.27,0.00,0.00,0.00,0.00,286416874,1135242116,193666221,637443417
18446744072131.41,8045709.28,8802876.87,2494253.02,757167.59,2340.50,2340.50,2468.95,0.00,4071106575.48,6682125716.27,0.00,0.00,0.00,0.00,285609516,1135780930,193666221,638311129
18446744072133.41,8048163.85,8805331.45,2494253.02,757167.59,2454.57,2454.57,0.00,0.00,4071106575.48,6682125716.27,0.00,0.00,0.00,0.00,285786682,1136232135,193666221,638311129
18446744072135.41,8050586.01,8807753.61,2496194.47,757167.59,2422.16,2422.16,1941.45,0.00,4071106575.48,6682125716.27,0.00,0.00,0.00,0.00,286118425,1136520465,193666221,638311129
18446744072137.41,8052726.77,8809894.36,2497266.20,757167.59,2140.75,2140.75,1071.73,0.00,4071106575.48,6682125716.27,0.00,0.00,0.00,0.00,285520047,1136895526,193666221,639082479
18446744072139.41,8055181.32,8812348.91,2497668.82,757167.59,2454.55,2454.55,402.62,0.00,4071106575.48,6682125716.27,0.00,0.00,0.00,0.00,285805714,1137238225,193666221,639082479
18446744072141.41,8057641.18,8814808.78,2500285.66,757167.59,2459.86,2459.86,2616.83,0.00,4071106575.48,6682125716.27,0.00,0.00,0.00,0.00,286067747,1137605917,193666221,639082479
18446744072143.41,8059711.97,8816879.57,2501283.59,757167.59,2070.79,2070.79,997.94,0.00,4071106575.48,6682125716.27,0.00,0.00,0.00,0.00,285206692,1137968642,193666221,640110931
18446744072145.41,8061936.18,8820353.77,2501283.59,758417.59,2224.20,3474.20,0.00,1250.00,4071106575.48,6682125716.27,0.00,0.00,0.00,0.00,285527485,1138217245,193666221,640110931
18446744072147.41,8064279.96,8824675.86,2501283.59,760395.89,2343.79,4322.09,0.00,1978.30,4071106575.48,6682125716.27,0.00,0.00,0.00,0.00,285887128,1138457611,194064733,640110931
18446744072149.41,8066703.28,8828963.99,2501283.59,762260.71,2423.32,4288.14,0.00,1864.82,4071106575.48,6682125716.27,0.00,0.00,0.00,0.00,286159140,1138805969,194652294,640110931
18446744072151.41,8069142.88,8833166.91,2501283.59,764024.04,2439.59,4202.92,0.00,1763.32,4071106575.48,6682125716.27,0.00,0.00,0.00,0.00,286522828,1139066817,195335793,640110931
18446744072153.41,8071719.36,8837681.36,2501283.59,765962.00,2576.49,4514.45,0.00,1937.96,4071106575.48,6682125716.27,0.00,0.00,0.00,0.00,286671318,1139577908,195335793,640110931
18446744072155.41,8074178.09,8841893.07,2501283.59,767714.98,2458.73,4211.71,0.00,1752.98,4071106575.48,6682125716.27,0.00,0.00,0.00,0.00,286996804,1139881857,196035971,640110931
18446744072157.41,8076522.21,8846191.78,2501283.59,769669.57,2344.12,4298.71,0.00,1954.59,4071106575.48,6682125716.27,0.00,0.00,0.00,0.00,287462530,1140016225,196632151,640110931
18446744072159.41,8078979.29,8850418.92,2501283.59,771439.63,2457.08,4227.14,0.00,1770.06,4071106575.48,6682125716.27,0.00,0.00,0.00,0.00,287893489,1140214279,197284579,640110931
18446744072161.41,8081565.60,8855071.27,2501283.59,773505.66,2586.31,4652.34,0.00,2066.04,4071106575.48,6682125716.27,0.00,0.00,0.00,0.00,288261744,1140508119,197284579,640110931
18446744072163.41,8083879.00,8859199.91,2501283.59,775320.90,2313.40,4128.64,0.00,1815.24,4071106575.48,6682125716.27,0.00,0.00,0.00,0.00,288584095,1140777999,198080838,640110931
18446744072165.41,8086275.58,8863221.62,2501283.59,776946.04,2396.58,4021.71,0.00,1625.14,4071106575.48,6682125716.27,0.00,0.00,0.00,0.00,288991157,1140984461,198711738,640110931
18446744072167.41,8088619.82,8867522.74,2501283.59,778902.91,2344.24,4301.12,0.00,1956.88,4071106575.48,6682125716.27,0.00,0.00,0.00,0.00,289152836,1141422908,198711738,640110931
18446744072169.41,8091085.73,8871656.22,2501283.59,780570.48,2465.91,4133.48,0.00,1667.57,4071106575.48,6682125716.27,0.00,0.00,0.00,0.00,289276508,1141930509,199408811,640110931
18446744072171.41,8093554.34,8876038.38,2501283.59,782484.05,2468.60,4382.16,0.00,1913.56,4071106575.48,6682125716.27,0.00,0.00,0.00,0.00,289342428,1142496551,200095105,640110931
18446744072173.41,8096152.35,8880554.63,2501283.59,784402.28,2598.02,4516.25,0.00,1918.23,4071106575.48,6682125716.27,0.00,0.00,0.00,0.00,289637536,1142866535,200095105,640110931
18446744072175.41,8098569.23,8884286.66,2501283.59,785717.44,2416.88,3732.03,0.00,1315.16,4071106575.48,6682125716.27,0.00,0.00,0.00,0.00,289875682,1143247109,200844645,640110931
18446744072177.41,8100913.75,8888649.63,2501283.59,787735.88,2344.52,4362.97,0.00,2018.45,4071106575.48,6682125716.27,0.00,0.00,0.00,0.00,290117902,1143605087,200844645,640110931
18446744072179.41,8103411.26,8892890.70,2501283.59,789479.45,2497.51,4241.07,0.00,1743.56,4071106575.48,6682125716.27,0.00,0.00,0.00,0.00,290379980,1143982371,201572849,640110931
18446744072181.41,8105696.52,8897179.57,2501283.59,791483.06,2285.26,4288.87,0.00,2003.61,4071106575.48,6682125716.27,0.00,0.00,0.00,0.00,290500321,1144447056,202450756,640110931
18446744072183.41,8108150.44,8899633.50,2501283.59,791483.06,2453.93,2453.93,0.00,0.00,4071106575.48,6682125716.27,0.00,0.00,0.00,0.00,290658272,1144917310,202450756,640110931
18446744072185.41,8110634.62,8902117.68,2501863.38,791483.06,2484.18,2484.18,579.78,0.00,4071106575.48,6682125716.27,0.00,0.00,0.00,0.00,290851288,1145360245,202450756,640110931
18446744072187.41,8113025.04,8904508.09,2502237.38,791483.06,2390.41,2390.41,374.00,0.00,4071106575.48,6682125716.27,0.00,0.00,0.00,0.00,290740442,1145838867,202450756,640355100
18446744072189.41,8115516.16,8906999.22,2502237.38,791483.06,2491.12,2491.12,0.00,0.00,4071106575.48,6682125716.27,0.00,0.00,0.00,0.00,290966344,1146250693,202450756,640355100
18446744072191.41,8117969.15,8909452.21,2503978.75,791483.06,2452.99,2452.99,1741.38,0.00,4071106575.48,6682125716.27,0.00,0.00,0.00,0.00,291214767,1146630236,202450756,640355100
18446744072193.41,8120135.28,8911618.34,2505577.82,791483.06,2166.12,2166.12,1599.06,0.00,4071106575.48,6682125716.27,0.00,0.00,0.00,0.00,290451446,1147092933,202450756,641210252
18446744072195.41,8122612.43,8914095.49,2505794.72,791483.06,2477.15,2477.15,216.91,0.00,4071106575.48,6682125716.27,0.00,0.00,0.00,0.00,290768434,1147410096,202450756,641210252
18446744072197.41,8125063.07,8916546.13,2508305.88,791483.06,2450.64,2450.64,2511.16,0.00,4071106575.48,6682125716.27,0.00,0.00,0.00,0.00,290799081,1148006813,202450756,641210252
18446744072199.41,8127175.46,8918658.52,2508599.42,791483.06,2112.39,2112.39,293.54,0.00,4071106575.48,6682125716.27,0.00,0.00,0.00,0.00,290292503,1148280633,202450756,641983782
18446744072201.41,8129586.14,8921069.20,2509751.05,791483.06,2410.68,2410.68,1151.63,0.00,4071106575.48,6682125716.27,0.00,0.00,0.00,0.00,290475761,1148714509,202450756,641983782
18446744072203.41,8131738.58,8923221.64,2511681.43,791483.06,2152.44,2152.44,1930.38,0.00,4071106575.48,6682125716.27,0.00,0.00,0.00,0.00,289822287,1149130013,202450756,642772776
18446744072205.41,8134179.90,8925662.96,2511681.43,791483.06,2441.32,2441.32,0.00,0.00,4071106575.48,6682125716.27,0.00,0.00,0.00,0.00,289957847,1149619432,202450756,642772776
18446744072207.41,8136574.51,8928057.57,2513598.54,791483.06,2394.61,2394.61,1917.11,0.00,4071106575.48,6682125716.27,0.00,0.00,0.00,0.00,290018390,1150171908,202450756,642772776
18446744072209.41,8138585.96,8930069.02,2514586.89,791483.06,2011.45,2011.45,988.35,0.00,4071106575.48,6682125716.27,0.00,0.00,0.00,0.00,289481362,1150480069,202450756,643516574
18446744072211.41,8140976.23,8932459.29,2514769.24,791483.06,2390.28,2390.28,182.35,0.00,4071106575.48,6682125716.27,0.00,0.00,0.00,0.00,289661366,1150911976,202450756,643516574
18446744072213.41,8143384.42,8934867.48,2517313.73,791483.06,2408.18,2408.18,2544.49,0.00,4071106575.48,6682125716.27,0.00,0.00,0.00,0.00,289697966,1151491871,202450756,643516574
18446744072215.41,8145327.68,8936810.74,2518040.07,791483.06,1943.26,1943.26,726.34,0.00,4071106575.48,6682125716.27,0.00,0.00,0.00,0.00,289172632,1151630666,202450756,644400588
18446744072217.41,8147707.14,8939190.20,2518849.74,791483.06,2379.46,2379.46,809.67,0.00,4071106575.48,6682125716.27,0.00,0.00,0.00,0.00,289686136,1151726304,202450756,644400588
18446744072219.66,8150041.28,8941524.34,2521318.06,791483.06,2334.14,2334.14,2468.32,0.00,4071106575.48,6682125716.27,0.00,0.00,0.00,0.00,289337421,1151833392,202450756,645239755
18446744072221.66,8152473.95,8943957.01,2521318.06,791483.06,2432.67,2432.67,0.00,0.00,4071106575.48,6682125716.27,0.00,0.00,0.00,0.00,289547665,1152245911,202450756,645239755
18446744072223.66,8154880.57,8946363.63,2523172.67,791483.06,2406.62,2406.62,1854.61,0.00,4071106575.48,6682125716.27,0.00,0.00,0.00,0.00,289635104,1152774567,202450756,645239755
18446744072225.66,8157082.88,8948565.94,2523923.30,791483.06,2202.31,2202.31,750.63,0.00,4071106575.48,6682125716.27,0.00,0.00,0.00,0.00,289277633,1153028889,202450756,645906696
18446744072227.66,8159486.16,8950969.21,2524189.30,791483.06,2403.27,2403.27,266.00,0.00,4071106575.48,6682125716.27,0.00,0.00,0.00,0.00,289604985,1153316775,202450756,645906696
18446744072229.66,8161988.69,8953471.75,2526771.61,791483.06,2502.53,2502.53,2582.31,0.00,4071106575.48,6682125716.27,0.00,0.00,0.00,0.00,289907081,1153655327,202450756,645906696
18446744072231.66,8164035.50,8955518.56,2528108.57,791483.06,2046.82,2046.82,1336.95,0.00,4071106575.48,6682125716.27,0.00,0.00,0.00,0.00,289111921,1153903044,202450756,646978124
18446744072233.66,8166483.57,8957966.62,2529210.25,791483.06,2448.06,2448.06,1101.69,0.00,4071106575.48,6682125716.27,0.00,0.00,0.00,0.00,289483385,1154158284,202450756,646978124
18446744072235.66,8168978.45,8960461.51,2531703.75,791483.06,2494.89,2494.89,2493.50,0.00,4071106575.48,6682125716.27,0.00,0.00,0.00,0.00,289668485,1154611875,202450756,646978124
18446744072237.66,8171137.97,8962621.03,2531985.13,791483.06,2159.52,2159.52,281.38,0.00,4071106575.48,6682125716.27,0.00,0.00,0.00,0.00,288911229,1154929567,202450756,647970524
18446744072239.66,8173638.82,8965121.88,2534175.13,791483.06,2500.86,2500.86,2190.00,0.00,4071106575.48,6682125716.27,0.00,0.00,0.00,0.00,289137473,1155343542,202450756,647970524
18446744072241.66,8176208.53,8967691.59,2536683.13,791483.06,2569.71,2569.71,2508.00,0.00,4071106575.48,6682125716.27,0.00,0.00,0.00,0.00,289283209,1155855651,202450756,647970524
18446744072243.66,8178212.94,8969696.00,2537347.71,791483.06,2004.41,2004.41,664.59,0.00,4071106575.48,6682125716.27,0.00,0.00,0.00,0.00,288247561,1156183551,202450756,649191400
18446744072245.66,8180620.63,8972103.69,2539884.82,791483.06,2407.69,2407.69,2537.11,0.00,4071106575.48,6682125716.27,0.00,0.00,0.00,0.00,288408955,1156638526,202450756,649191400
18446744072247.66,8182642.53,8974125.59,2540839.89,791483.06,2021.90,2021.90,955.07,0.00,4071106575.48,6682125716.27,0.00,0.00,0.00,0.00,287563578,1156955566,202450756,650237344
18446744072249.66,8185044.73,8976527.79,2542174.64,791483.06,2402.20,2402.20,1334.75,0.00,4071106575.48,6682125716.27,0.00,0.00,0.00,0.00,288151436,1156982671,202450756,650237344
18446744072251.80,8187229.41,8978712.47,2544477.39,791483.06,2184.68,2184.68,2302.75,0.00,4071106575.48,6682125716.27,0.00,0.00,0.00,0.00,287643906,1157118279,202450756,651168544
18446744072253.79,8189653.12,8981136.18,2544477.39,791483.06,2423.71,2423.71,0.00,0.00,4071106575.48,6682125716.27,0.00,0.00,0.00,0.00,287868477,1157514179,202450756,651168544
18446744072255.80,8192061.07,8983544.12,2546769.05,791483.06,2407.94,2407.94,2291.66,0.00,4071106575.48,6682125716.27,0.00,0.00,0.00,0.00,288000862,1157998227,202450756,651168544
18446744072257.79,8194523.77,8986006.83,2549403.55,791483.06,2462.71,2462.71,2634.50,0.00,4071106575.48,6682125716.27,0.00,0.00,0.00,0.00,288195823,1158433719,202450756,651168544
18446744072259.80,8196356.57,8987839.62,2550406.69,791483.06,1832.79,1832.79,1003.13,0.00,4071106575.48,6682125716.27,0.00,0.00,0.00,0.00,286905564,1158749332,202450756,652612385
18446744072261.79,8198734.15,8990217.21,2552950.14,791483.06,2377.59,2377.59,2543.45,0.00,4071106575.48,6682125716.27,0.00,0.00,0.00,0.00,287100465,1159163093,202450756,652612385
18446744072263.79,8200748.93,8992231.99,2554342.48,791483.06,2014.78,2014.78,1392.34,0.00,4071106575.48,6682125716.27,0.00,0.00,0.00,0.00,286216173,1159481555,202450756,653693999
18446744072265.79,8203167.72,8994650.78,2555350.11,791483.06,2418.79,2418.79,1007.62,0.00,4071106575.48,6682125716.27,0.00,0.00,0.00,0.00,286427390,1159889547,202450756,653693999
18446744072267.79,8205323.62,8996806.68,2556935.39,791483.06,2155.90,2155.90,1585.28,0.00,4071106575.48,6682125716.27,0.00,0.00,0.00,0.00,286165986,1160039077,202450756,654357783
18446744072269.80,8207772.77,8999255.83,2556935.39,791483.06,2449.15,2449.15,0.00,0.00,4071106575.48,6682125716.27,0.00,0.00,0.00,0.00,286461117,1160370929,202450756,654357783
18446744072271.79,8210205.82,9001688.88,2558835.04,791483.06,2433.05,2433.05,1899.64,0.00,4071106575.48,6682125716.27,0.00,0.00,0.00,0.00,286999693,1160455215,202450756,654357783
18446744072273.80,8212639.21,9004122.27,2561440.35,791483.06,2433.39,2433.39,2605.32,0.00,4071106575.48,6682125716.27,0.00,0.00,0.00,0.00,287310809,1160767047,202450756,654357783
18446744072275.79,8214599.87,9006082.93,2561862.13,791483.06,1960.65,1960.65,421.78,0.00,4071106575.48,6682125716.27,0.00,0.00,0.00,0.00,286372297,1160966544,202450756,655598725
18446744072277.79,8216976.64,9008459.70,2564515.82,791483.06,2376.77,2376.77,2653.69,0.00,4071106575.48,6682125716.27,0.00,0.00,0.00,0.00,286685503,1161261791,202450756,655598725
18446744072279.79,8218967.16,9010450.22,2566365.15,791483.06,1990.53,1990.53,1849.33,0.00,4071106575.48,6682125716.27,0.00,0.00,0.00,0.00,285810123,1161473918,202450756,656771553
18446744072281.79,8221397.86,9012880.92,2567097.07,791483.06,2430.70,2430.70,731.92,0.00,4071106575.48,6682125716.27,0.00,0.00,0.00,0.00,286102501,1161803799,202450756,656771553
18446744072283.80,8223844.80,9015327.86,2569709.47,791483.06,2446.93,2446.93,2612.40,0.00,4071106575.48,6682125716.27,0.00,0.00,0.00,0.00,286392556,1162140159,202450756,656771553
18446744072285.79,8225929.68,9017412.74,2570008.98,791483.06,2084.88,2084.88,299.51,0.00,4071106575.48,6682125716.27,0.00,0.00,0.00,0.00,285596415,1162537217,202450756,657704366
18446744072287.80,8228339.28,9019822.34,2571642.53,791483.06,2409.60,2409.60,1633.55,0.00,4071106575.48,6682125716.27,0.00,0.00,0.00,0.00,285882487,1162868003,202450756,657704366
18446744072289.79,8230838.11,9022321.17,2574283.56,791483.06,2498.83,2498.83,2641.03,0.00,4071106575.48,6682125716.27,0.00,0.00,0.00,0.00,286062487,1163327703,202450756,657704366
18446744072291.80,8232829.76,9024312.82,2575171.53,791483.06,1991.65,1991.65,887.97,0.00,4071106575.48,6682125716.27,0.00,0.00,0.00,0.00,284950053,1163628387,202450756,659025978
18446744072293.79,8235269.60,9026752.66,2577658.00,791483.06,2439.84,2439.84,2486.47,0.00,4071106575.48,6682125716.27,0.00,0.00,0.00,0.00,285326372,1163876667,202450756,659025978
18446744072295.82,8237233.13,9028716.19,2579712.37,791483.06,1963.53,1963.53,2054.38,0.00,4071106575.48,6682125716.27,0.00,0.00,0.00,0.00,284631428,1163928203,202450756,660172050
18446744072297.81,8239683.17,9031166.23,2580311.84,791483.06,2450.04,2450.04,599.47,0.00,4071106575.48,6682125716.27,0.00,0.00,0.00,0.00,284978089,1164208752,202450756,660172050
18446744072300.08,8242062.11,9033545.16,2582758.89,791483.06,2378.94,2378.94,2447.05,0.00,4071909394.62,6682954433.06,802819.14,828716.79,0.00,0.00,284526790,1164489151,202450756,660951958
18446744072302.07,8244475.57,9035958.62,2582758.89,791483.06,2413.46,2413.46,0.00,0.00,4071909394.62,6682954433.06,0.00,0.00,0.00,0.00,284714619,1164919168,202450756,660951958
18446744072304.08,8246858.84,9038341.90,2584493.68,791483.06,2383.27,2383.27,1734.80,0.00,4071909394.62,6682954433.06,0.00,0.00,0.00,0.00,285001796,1165242109,202450756,660951958
18446744072306.07,8249249.16,9040732.22,2587120.18,791483.06,2390.32,2390.32,2626.50,0.00,4071909394.62,6682954433.06,0.00,0.00,0.00,0.00,285207539,1165648288,202450756,660951958
18446744072308.08,8250822.56,9042305.62,2587735.52,791483.06,1573.40,1573.40,615.34,0.00,4071909394.62,6682954433.06,0.00,0.00,0.00,0.00,284091707,1165892964,202450756,662225905
18446744072310.07,8252946.35,9044429.41,2589603.92,791483.06,2123.79,2123.79,1868.40,0.00,4071909394.62,6682954433.06,0.00,0.00,0.00,0.00,284399260,1166129101,202450756,662225905
18446744072312.08,8254960.70,9046443.75,2590937.93,791483.06,2014.34,2014.34,1334.01,0.00,4071909394.62,6682954433.06,0.00,0.00,0.00,0.00,283757610,1166466607,202450756,663045721
18446744072314.07,8257369.24,9048852.30,2590937.93,791483.06,2408.55,2408.55,0.00,0.00,4071909394.62,6682954433.06,0.00,0.00,0.00,0.00,284092378,1166748427,202450756,663045721
18446744072316.07,8259614.94,9053073.97,2590937.93,793459.03,2245.70,4221.67,0.00,1975.97,4071909394.62,6682954433.06,0.00,0.00,0.00,0.00,284271163,1167144541,202791856,663045721
18446744072318.08,8262117.35,9056885.92,2590937.93,794768.57,2502.41,3811.95,0.00,1309.54,4071909394.62,6682954433.06,0.00,0.00,0.00,0.00,284526561,1167529759,203291634,663045721
18446744072320.07,8264480.21,9059864.99,2590937.93,795384.77,2362.87,2979.07,0.00,616.20,4071909394.62,6682954433.06,0.00,0.00,0.00,0.00,284724988,1167936226,203291634,663045721
18446744072322.08,8267031.68,9064057.68,2590937.93,797026.00,2551.46,4192.69,0.00,1641.22,4071909394.62,6682954433.06,0.00,0.00,0.00,0.00,284856318,1168458071,203869534,663045721
18446744072324.07,8269454.98,9066480.98,2590937.93,797026.00,2423.30,2423.30,0.00,0.00,4071909394.62,6682954433.06,0.00,0.00,0.00,0.00,285106496,1168828259,203869534,663045721
18446744072326.08,8271870.52,9070442.04,2590937.93,798571.51,2415.54,3961.05,0.00,1545.52,4071909394.62,6682954433.06,0.00,0.00,0.00,0.00,285329592,1169223541,203869534,663045721
18446744072328.07,8274203.31,9074662.77,2590937.93,800459.46,2332.79,4220.73,0.00,1887.95,4071909394.62,6682954433.06,0.00,0.00,0.00,0.00,285620036,1169530290,204479714,663045721
18446744072330.07,8276509.63,9078516.12,2590937.93,802006.50,2306.32,3853.36,0.00,1547.04,4071909394.62,6682954433.06,0.00,0.00,0.00,0.00,285740977,1169999767,205006350,663045721
18446744072332.08,8278842.77,9082688.45,2590937.93,803845.68,2333.14,4172.32,0.00,1839.18,4071909394.62,6682954433.06,0.00,0.00,0.00,0.00,286149437,1170188591,205614764,663045721
18446744072334.07,8281208.76,9085054.44,2590937.93,803845.68,2365.99,2365.99,0.00,0.00,4071909394.62,6682954433.06,0.00,0.00,0.00,0.00,286382610,1170561112,205614764,663045721
18446744072336.08,8283484.91,9088606.63,2590937.93,805121.72,2276.14,3552.19,0.00,1276.05,4071909394.62,6682954433.06,0.00,0.00,0.00,0.00,286697639,1170828776,205614764,663045721
18446744072338.07,8285710.05,9092682.57,2590937.93,806972.52,2225.14,4075.94,0.00,1850.80,4071909394.62,6682954433.06,0.00,0.00,0.00,0.00,287066449,1171029603,206274916,663045721
18446744072340.08,8288031.51,9097015.68,2590937.93,808984.18,2321.46,4333.11,0.00,2011.66,4071909394.62,6682954433.06,0.00,0.00,0.00,0.00,287446298,1171244047,206274916,663045721
18446744072342.07,8290276.43,9101235.65,2590937.93,810959.22,2244.92,4219.97,0.00,1975.05,4071909394.62,6682954433.06,0.00,0.00,0.00,0.00,287664696,1171600349,206969924,663045721
18446744072344.08,8292292.20,9105413.79,2590937.93,813121.59,2015.77,4178.14,0.00,2162.37,4071909394.62,6682954433.06,0.00,0.00,0.00,0.00,287907034,1171874049,207634582,663045721
18446744072346.07,8294518.47,9108164.27,2590937.93,813645.80,2226.27,2750.47,0.00,524.21,4071909394.62,6682954433.06,0.00,0.00,0.00,0.00,287983704,1172367303,208084683,663045721
18446744072348.07,8296672.32,9112579.35,2590937.93,815907.03,2153.86,4415.09,0.00,2261.23,4071909394.62,6682954433.06,0.00,0.00,0.00,0.00,288130969,1172771425,208507550,663045721
18446744072350.08,8299093.25,9116862.00,2590937.93,817768.75,2420.92,4282.64,0.00,1861.72,4071909394.62,6682954433.06,0.00,0.00,0.00,0.00,288382616,1173139534,208507550,663045721
18446744072352.07,8301388.88,9121051.20,2590937.93,819662.32,2295.64,4189.20,0.00,1893.57,4071909394.62,6682954433.06,0.00,0.00,0.00,0.00,288675556,1173434277,209188234,663045721
18446744072354.08,8303716.02,9125160.05,2590937.93,821444.02,2327.14,4108.85,0.00,1781.71,4071909394.62,6682954433.06,0.00,0.00,0.00,0.00,288958898,1173746683,209882821,663045721
18446744072356.07,8306115.36,9129081.34,2590937.93,822965.98,2399.33,3921.29,0.00,1521.96,4071909394.62,6682954433.06,0.00,0.00,0.00,0.00,289299793,1174020017,210457143,663045721
18446744072358.08,8308526.05,9131492.04,2592917.82,822965.98,2410.70,2410.70,1979.89,0.00,4071909394.62,6682954433.06,0.00,0.00,0.00,0.00,289458824,1174478125,210457143,663045721
18446744072360.07,8310634.43,9133600.41,2594376.02,822965.98,2108.38,2108.38,1458.20,0.00,4071909394.62,6682954433.06,0.00,0.00,0.00,0.00,288760600,1174835941,210457143,663925873
18446744072362.07,8313047.02,9136013.00,2594590.21,822965.98,2412.59,2412.59,214.19,0.00,4071909394.62,6682954433.06,0.00,0.00,0.00,0.00,289013376,1175200787,210457143,663925873
18446744072364.08,8315444.14,9138410.12,2597170.01,822965.98,2397.12,2397.12,2579.80,0.00,4071909394.62,6682954433.06,0.00,0.00,0.00,0.00,289134596,1175693231,210457143,663925873
18446744072366.07,8317455.84,9140421.83,2598056.82,822965.98,2011.70,2011.70,886.81,0.00,4071909394.62,6682954433.06,0.00,0.00,0.00,0.00,288357852,1176044927,210457143,664865917
18446744072368.08,8319832.39,9142798.38,2599003.95,822965.98,2376.55,2376.55,947.12,0.00,4071909394.62,6682954433.06,0.00,0.00,0.00,0.00,288665992,1176345184,210457143,664865917
18446744072370.07,8322239.26,9145205.24,2601649.12,822965.98,2406.86,2406.86,2645.17,0.00,4071909394.62,6682954433.06,0.00,0.00,0.00,0.00,288749761,1176877572,210457143,664865917
18446744072372.08,8324179.42,9147145.40,2602988.03,822965.98,1940.16,1940.16,1338.91,0.00,4071909394.62,6682954433.06,0.00,0.00,0.00,0.00,287831674,1177029950,210457143,666128307
18446744072374.07,8326612.29,9149578.28,2604507.25,822965.98,2432.88,2432.88,1519.21,0.00,4071909394.62,6682954433.06,0.00,0.00,0.00,0.00,288232191,1177252249,210457143,666128307
18446744072376.08,8328758.25,9151724.23,2605561.62,822965.98,2145.96,2145.96,1054.37,0.00,4071909394.62,6682954433.06,0.00,0.00,0.00,0.00,287882862,1177492105,210457143,666787145
18446744072378.07,8331184.18,9154150.17,2605561.62,822965.98,2425.93,2425.93,0.00,0.00,4071909394.62,6682954433.06,0.00,0.00,0.00,0.00,288213912,1177782094,210457143,666787145
18446744072380.07,8333572.89,9156538.88,2608077.35,822965.98,2388.71,2388.71,2515.73,0.00,4071909394.62,6682954433.06,0.00,0.00,0.00,0.00,288620668,1177986847,210457143,666787145
18446744072382.18,8335646.64,9158612.62,2610282.09,822965.98,2073.75,2073.75,2204.74,0.00,4071909394.62,6682954433.06,0.00,0.00,0.00,0.00,287695568,1178234387,210457143,667995585
18446744072384.18,8338033.30,9160999.28,2610975.95,822965.98,2386.66,2386.66,693.86,0.00,4071909394.62,6682954433.06,0.00,0.00,0.00,0.00,287886688,1178654251,210457143,667995585
18446744072386.18,8340378.91,9163344.89,2613601.71,822965.98,2345.61,2345.61,2625.77,0.00,4071909394.62,6682954433.06,0.00,0.00,0.00,0.00,288016126,1179125290,210457143,667995585
18446744072388.18,8342293.15,9165259.14,2614885.82,822965.98,1914.24,1914.24,1284.11,0.00,4071909394.62,6682954433.06,0.00,0.00,0.00,0.00,286992344,1179460562,210457143,669174141
18446744072390.18,8344663.20,9167629.18,2616066.54,822965.98,2370.05,2370.05,1180.72,0.00,4071909394.62,6682954433.06,0.00,0.00,0.00,0.00,287205095,1179854543,210457143,669174141
18446744072392.18,8347081.67,9170047.65,2618618.49,822965.98,2418.47,2418.47,2551.95,0.00,4071909394.62,6682954433.06,0.00,0.00,0.00,0.00,287561486,1180117280,210457143,669174141
18446744072394.18,8349125.70,9172091.68,2618822.22,822965.98,2044.03,2044.03,203.73,0.00,4071909394.62,6682954433.06,0.00,0.00,0.00,0.00,286696899,1180497420,210457143,670181860
18446744072396.18,8351509.78,9174475.77,2620783.66,822965.98,2384.08,2384.08,1961.44,0.00,4071909394.62,6682954433.06,0.00,0.00,0.00,0.00,286950370,1180854274,210457143,670181860
18446744072398.18,8353918.07,9176884.06,2623423.19,822965.98,2408.29,2408.29,2639.53,0.00,4071909394.62,6682954433.06,0.00,0.00,0.00,0.00,287075448,1181345719,210457143,670181860
18446744072400.18,8355731.04,9178697.02,2624438.32,822965.98,1812.96,1812.96,1015.12,0.00,4071909394.62,6682954433.06,0.00,0.00,0.00,0.00,285791457,1181656108,210457143,671619580
18446744072402.18,8358079.93,9181045.92,2626780.64,822965.98,2348.90,2348.90,2342.33,0.00,4071909394.62,6682954433.06,0.00,0.00,0.00,0.00,285936609,1182112274,210457143,671619580
18446744072404.18,8360192.14,9183158.12,2628080.77,822965.98,2112.20,2112.20,1300.12,0.00,4071909394.62,6682954433.06,0.00,0.00,0.00,0.00,285158958,1182498182,210457143,672552047
18446744072406.18,8362564.98,9185530.97,2628672.17,822965.98,2372.85,2372.85,591.40,0.00,4071909394.62,6682954433.06,0.00,0.00,0.00,0.00,285355354,1182909235,210457143,672552047
18446744072408.25,8364762.12,9187728.10,2630898.33,822965.98,2197.13,2197.13,2226.16,0.00,4071909394.62,6682954433.06,0.00,0.00,0.00,0.00,284669529,1183436229,210457143,673273344
18446744072410.25,8367156.02,9190122.00,2630898.33,822965.98,2393.90,2393.90,0.00,0.00,4071909394.62,6682954433.06,0.00,0.00,0.00,0.00,284773089,1183945507,210457143,673273344
18446744072412.24,8369561.32,9192527.30,2632441.69,822965.98,2405.30,2405.30,1543.36,0.00,4071909394.62,6682954433.06,0.00,0.00,0.00,0.00,284959357,1184374996,210457143,673273344
18446744072414.25,8371959.59,9194925.57,2635087.63,822965.98,2398.27,2398.27,2645.94,0.00,4071909394.62,6682954433.06,0.00,0.00,0.00,0.00,285213381,1184734929,210457143,673273344
18446744072416.24,8373859.71,9196825.70,2636009.38,822965.98,1900.12,1900.12,921.75,0.00,4071909394.62,6682954433.06,0.00,0.00,0.00,0.00,284020733,1185107221,210457143,674580132
18446744072418.25,8376273.94,9199239.92,2638186.88,822965.98,2414.23,2414.23,2177.50,0.00,4071909394.62,6682954433.06,0.00,0.00,0.00,0.00,284219086,1185526910,210457143,674580132
18446744072420.24,8378679.58,9201645.56,2640793.41,822965.98,2405.64,2405.64,2606.53,0.00,4071909394.62,6682954433.06,0.00,0.00,0.00,0.00,284372193,1185989647,210457143,674580132
18446744072422.25,8380475.54,9203441.52,2641480.63,822965.98,1795.96,1795.96,687.22,0.00,4071909394.62,6682954433.06,0.00,0.00,0.00,0.00,283149258,1186298730,210457143,675953749
18446744072424.25,8382860.57,9205826.55,2644098.01,822965.98,2385.03,2385.03,2617.38,0.00,4071909394.62,6682954433.06,0.00,0.00,0.00,0.00,283399812,1186658744,210457143,675953749
18446744072426.24,8385247.66,9208213.65,2646693.57,822965.98,2387.10,2387.10,2595.56,0.00,4071909394.62,6682954433.06,0.00,0.00,0.00,0.00,283498124,1187171529,210457143,675953749
18446744072428.25,8387043.13,9210009.12,2647553.91,822965.98,1795.47,1795.47,860.34,0.00,4071909394.62,6682954433.06,0.00,0.00,0.00,0.00,282102284,1187568729,210457143,677412029
18446744072430.24,8388611.56,9211577.54,2650104.98,822965.98,1568.43,1568.43,2551.08,0.00,4071909394.62,6682954433.06,0.00,0.00,0.00,0.00,282206698,1187865832,210457143,677412029
18446744072432.25,8388611.56,9211577.54,2650391.91,822965.98,0.00,0.00,286.92,0.00,4071909394.62,6682954433.06,0.00,0.00,0.00,0.00,282206698,1187865832,210457143,677412029
18446744072434.24,8388611.56,9211577.54,2650391.91,822965.98,0.00,0.00,0.00,0.00,4071909394.62,6682954433.06,0.00,0.00,0.00,0.00,282206698,1187865832,210457143,677412029
18446744072436.25,8388611.56,9211577.54,2650391.91,822965.98,0.00,0.00,0.00,0.00,4071909394.62,6682954433.06,0.00,0.00,0.00,0.00,282206698,1187865832,210457143,677412029
18446744072438.24,8388611.56,9211577.54,2650391.91,822965.98,0.00,0.00,0.00,0.00,4071909394.62,6682954433.06,0.00,0.00,0.00,0.00,282206698,1187865832,210457143,677412029
18446744072440.25,8388611.56,9211577.54,2650391.91,822965.98,0.00,0.00,0.00,0.00,4071909394.62,6682954433.06,0.00,0.00,0.00,0.00,282206698,1187865832,210457143,677412029
18446744072442.25,8388611.56,9211577.54,2650391.91,822965.98,0.00,0.00,0.00,0.00,4071909394.62,6682954433.06,0.00,0.00,0.00,0.00,282206698,1187865832,210457143,677412029
18446744072444.24,8388611.56,9211577.54,2650391.91,822965.98,0.00,0.00,0.00,0.00,4071909394.62,6682954433.06,0.00,0.00,0.00,0.00,282206698,1187865832,210457143,677412029
18446744072446.25,8388611.56,9211577.54,2650391.91,822965.98,0.00,0.00,0.00,0.00,4071909394.62,6682954433.06,0.00,0.00,0.00,0.00,282206698,1187865832,210457143,677412029
18446744072448.24,8388611.56,9211577.54,2650391.91,822965.98,0.00,0.00,0.00,0.00,4071909394.62,6682954433.06,0.00,0.00,0.00,0.00,282206698,1187865832,210457143,677412029
18446744072450.25,8388611.56,9211577.54,2650391.91,822965.98,0.00,0.00,0.00,0.00,4071909394.62,6682954433.06,0.00,0.00,0.00,0.00,282206698,1187865832,210457143,677412029
18446744072452.24,8388611.56,9211577.54,2650391.91,822965.98,0.00,0.00,0.00,0.00,4071909394.62,6682954433.06,0.00,0.00,0.00,0.00,282206698,1187865832,210457143,677412029
18446744072454.25,8388611.56,9211577.54,2650391.91,822965.98,0.00,0.00,0.00,0.00,4071909394.62,6682954433.06,0.00,0.00,0.00,0.00,282206698,1187865832,210457143,677412029
18446744072456.25,8388611.56,9211577.54,2650391.91,822965.98,0.00,0.00,0.00,0.00,4071909394.62,6682954433.06,0.00,0.00,0.00,0.00,282206698,1187865832,210457143,677412029
18446744072458.24,8388611.56,9211577.54,2650391.91,822965.98,0.00,0.00,0.00,0.00,4071909394.62,6682954433.06,0.00,0.00,0.00,0.00,282206698,1187865832,210457143,677412029
18446744072460.25,8388611.56,9211577.54,2650391.91,822965.98,0.00,0.00,0.00,0.00,4071909394.62,6682954433.06,0.00,0.00,0.00,0.00,282206698,1187865832,210457143,677412029
18446744072462.24,8388611.56,9211577.54,2650391.91,822965.98,0.00,0.00,0.00,0.00,4071909394.62,6682954433.06,0.00,0.00,0.00,0.00,282206698,1187865832,210457143,677412029
18446744072464.25,8388611.56,9211577.54,2650391.91,822965.98,0.00,0.00,0.00,0.00,4071909394.62,6682954433.06,0.00,0.00,0.00,0.00,282206698,1187865832,210457143,677412029
18446744072466.24,8388611.56,9211577.54,2650391.91,822965.98,0.00,0.00,0.00,0.00,4071909394.62,6682954433.06,0.00,0.00,0.00,0.00,282206698,1187865832,210457143,677412029
18446744072468.25,8388611.56,9211577.54,2650391.91,822965.98,0.00,0.00,0.00,0.00,4071909394.62,6682954433.06,0.00,0.00,0.00,0.00,282206698,1187865832,210457143,677412029
18446744072470.24,8388611.56,9211577.54,2650391.91,822965.98,0.00,0.00,0.00,0.00,4071909394.62,6682954433.06,0.00,0.00,0.00,0.00,282206698,1187865832,210457143,677412029
18446744072472.25,8388611.56,9211577.54,2650391.91,822965.98,0.00,0.00,0.00,0.00,4071909394.62,6682954433.06,0.00,0.00,0.00,0.00,282206698,1187865832,210457143,677412029
18446744072474.25,8388611.56,9211577.54,2650391.91,822965.98,0.00,0.00,0.00,0.00,4071909394.62,6682954433.06,0.00,0.00,0.00,0.00,282206698,1187865832,210457143,677412029
18446744072476.24,8388611.56,9211577.54,2650391.91,822965.98,0.00,0.00,0.00,0.00,4071909394.62,6682954433.06,0.00,0.00,0.00,0.00,282206698,1187865832,210457143,677412029
18446744072478.25,8388611.56,9211577.54,2650391.91,822965.98,0.00,0.00,0.00,0.00,4071909394.62,6682954433.06,0.00,0.00,0.00,0.00,282206698,1187865832,210457143,677412029
18446744072480.24,8388611.56,9211577.54,2650391.91,822965.98,0.00,0.00,0.00,0.00,4071909394.62,6682954433.06,0.00,0.00,0.00,0.00,282206698,1187865832,210457143,677412029
18446744072482.25,8388611.56,9211577.54,2650391.91,822965.98,0.00,0.00,0.00,0.00,4071909394.62,6682954433.06,0.00,0.00,0.00,0.00,282206698,1187865832,210457143,677412029
18446744072484.24,8388611.56,9211577.54,2650391.91,822965.98,0.00,0.00,0.00,0.00,4071909394.62,6682954433.06,0.00,0.00,0.00,0.00,282206698,1187865832,210457143,677412029
18446744072486.25,8388611.56,9211577.54,2650391.91,822965.98,0.00,0.00,0.00,0.00,4071909394.62,6682954433.06,0.00,0.00,0.00,0.00,282206698,1187865832,210457143,677412029
18446744072488.25,8388611.56,9211577.54,2650391.91,822965.98,0.00,0.00,0.00,0.00,4071909394.62,6682954433.06,0.00,0.00,0.00,0.00,282206698,1187865832,210457143,677412029
18446744072490.24,8388611.56,9211577.54,2650391.91,822965.98,0.00,0.00,0.00,0.00,4071909394.62,6682954433.06,0.00,0.00,0.00,0.00,282206698,1187865832,210457143,677412029
18446744072492.25,8388611.56,9211577.54,2650391.91,822965.98,0.00,0.00,0.00,0.00,4071909394.62,6682954433.06,0.00,0.00,0.00,0.00,282206698,1187865832,210457143,677412029
18446744072494.24,8388611.56,9211577.54,2650391.91,822965.98,0.00,0.00,0.00,0.00,4071909394.62,6682954433.06,0.00,0.00,0.00,0.00,282206698,1187865832,210457143,677412029
18446744072496.25,8388611.56,9211577.54,2650391.91,822965.98,0.00,0.00,0.00,0.00,4071909394.62,6682954433.06,0.00,0.00,0.00,0.00,282206698,1187865832,210457143,677412029
18446744072498.24,8388611.56,9211577.54,2650391.91,822965.98,0.00,0.00,0.00,0.00,4071909394.62,6682954433.06,0.00,0.00,0.00,0.00,282206698,1187865832,210457143,677412029
18446744072500.25,8388611.56,9211577.54,2650391.91,822965.98,0.00,0.00,0.00,0.00,4071909394.62,6682954433.06,0.00,0.00,0.00,0.00,282206698,1187865832,210457143,677412029
18446744072502.24,8388611.56,9211577.54,2650391.91,822965.98,0.00,0.00,0.00,0.00,4071909394.62,6682954433.06,0.00,0.00,0.00,0.00,282206698,1187865832,210457143,677412029
18446744072504.25,8388611.56,9211577.54,2650391.91,822965.98,0.00,0.00,0.00,0.00,4071909394.62,6682954433.06,0.00,0.00,0.00,0.00,282206698,1187865832,210457143,677412029
18446744072506.25,8388611.56,9211577.54,2650391.91,822965.98,0.00,0.00,0.00,0.00,4071909394.62,6682954433.06,0.00,0.00,0.00,0.00,282206698,1187865832,210457143,677412029
18446744072508.24,8388611.56,9211577.54,2650391.91,822965.98,0.00,0.00,0.00,0.00,4071909394.62,6682954433.06,0.00,0.00,0.00,0.00,282206698,1187865832,210457143,677412029
18446744072510.25,8388611.56,9211577.54,2650391.91,822965.98,0.00,0.00,0.00,0.00,4071909394.62,6682954433.06,0.00,0.00,0.00,0.00,282206698,1187865832,210457143,677412029
18446744072512.24,8388611.56,9211577.54,2650391.91,822965.98,0.00,0.00,0.00,0.00,4071909394.62,6682954433.06,0.00,0.00,0.00,0.00,282206698,1187865832,210457143,677412029
18446744072514.25,8388611.56,9211577.54,2650391.91,822965.98,0.00,0.00,0.00,0.00,4071909394.62,6682954433.06,0.00,0.00,0.00,0.00,282206698,1187865832,210457143,677412029
18446744072516.24,8388611.56,9211577.54,2650391.91,822965.98,0.00,0.00,0.00,0.00,4071909394.62,6682954433.06,0.00,0.00,0.00,0.00,282206698,1187865832,210457143,677412029
18446744072518.25,8388611.56,9211577.54,2650391.91,822965.98,0.00,0.00,0.00,0.00,4071909394.62,6682954433.06,0.00,0.00,0.00,0.00,282206698,1187865832,210457143,677412029
18446744072520.25,8388611.56,9211577.54,2650391.91,822965.98,0.00,0.00,0.00,0.00,4071909394.62,6682954433.06,0.00,0.00,0.00,0.00,282206698,1187865832,210457143,677412029
18446744072522.24,8388611.56,9211577.54,2650391.91,822965.98,0.00,0.00,0.00,0.00,4071909394.62,6682954433.06,0.00,0.00,0.00,0.00,282206698,1187865832,210457143,677412029
18446744072524.25,8388611.56,9211577.54,2650391.91,822965.98,0.00,0.00,0.00,0.00,4071909394.62,6682954433.06,0.00,0.00,0.00,0.00,282206698,1187865832,210457143,677412029
18446744072526.24,8388611.56,9211577.54,2650391.91,822965.98,0.00,0.00,0.00,0.00,4071909394.62,6682954433.06,0.00,0.00,0.00,0.00,282206698,1187865832,210457143,677412029
18446744072528.25,8388611.56,9211577.54,2650391.91,822965.98,0.00,0.00,0.00,0.00,4071909394.62,6682954433.06,0.00,0.00,0.00,0.00,282206698,1187865832,210457143,677412029
18446744072530.24,8388611.56,9211577.54,2650391.91,822965.98,0.00,0.00,0.00,0.00,4071909394.62,6682954433.06,0.00,0.00,0.00,0.00,282206698,1187865832,210457143,677412029
18446744072532.25,8388611.56,9211577.54,2650391.91,822965.98,0.00,0.00,0.00,0.00,4071909394.62,6682954433.06,0.00,0.00,0.00,0.00,282206698,1187865832,210457143,677412029
18446744072534.24,8388611.56,9211577.54,2650391.91,822965.98,0.00,0.00,0.00,0.00,4071909394.62,6682954433.06,0.00,0.00,0.00,0.00,282206698,1187865832,210457143,677412029
18446744072536.25,8388611.56,9211577.54,2650391.91,822965.98,0.00,0.00,0.00,0.00,4071909394.62,6682954433.06,0.00,0.00,0.00,0.00,282206698,1187865832,210457143,677412029
18446744072538.25,8388611.56,9211577.54,2650391.91,822965.98,0.00,0.00,0.00,0.00,4071909394.62,6682954433.06,0.00,0.00,0.00,0.00,282206698,1187865832,210457143,677412029
18446744072540.24,8388611.56,9211577.54,2650391.91,822965.98,0.00,0.00,0.00,0.00,4071909394.62,6682954433.06,0.00,0.00,0.00,0.00,282206698,1187865832,210457143,677412029
18446744072542.25,8388611.56,9211577.54,2650391.91,822965.98,0.00,0.00,0.00,0.00,4071909394.62,6682954433.06,0.00,0.00,0.00,0.00,282206698,1187865832,210457143,677412029
18446744072544.24,8388611.56,9211577.54,2650391.91,822965.98,0.00,0.00,0.00,0.00,4071909394.62,6682954433.06,0.00,0.00,0.00,0.00,282206698,1187865832,210457143,677412029
18446744072546.25,8388611.56,9211577.54,2650391.91,822965.98,0.00,0.00,0.00,0.00,4071909394.62,6682954433.06,0.00,0.00,0.00,0.00,282206698,1187865832,210457143,677412029
18446744072548.24,8388611.56,9211577.54,2650391.91,822965.98,0.00,0.00,0.00,0.00,4071909394.62,6682954433.06,0.00,0.00,0.00,0.00,282206698,1187865832,210457143,677412029
18446744072550.25,8388611.56,9211577.54,2650391.91,822965.98,0.00,0.00,0.00,0.00,4071909394.62,6682954433.06,0.00,0.00,0.00,0.00,282206698,1187865832,210457143,677412029
18446744072552.25,8388611.56,9211577.54,2650391.91,822965.98,0.00,0.00,0.00,0.00,4071909394.62,6682954433.06,0.00,0.00,0.00,0.00,282206698,1187865832,210457143,677412029
18446744072554.24,8388611.56,9211577.54,2650391.91,822965.98,0.00,0.00,0.00,0.00,4071909394.62,6682954433.06,0.00,0.00,0.00,0.00,282206698,1187865832,210457143,677412029
18446744072556.25,8388611.56,9211577.54,2650391.91,822965.98,0.00,0.00,0.00,0.00,4071909394.62,6682954433.06,0.00,0.00,0.00,0.00,282206698,1187865832,210457143,677412029
18446744072558.24,8388611.56,9211577.54,2650391.91,822965.98,0.00,0.00,0.00,0.00,4071909394.62,6682954433.06,0.00,0.00,0.00,0.00,282206698,1187865832,210457143,677412029
18446744072560.25,8388611.56,9211577.54,2650391.91,822965.98,0.00,0.00,0.00,0.00,4071909394.62,6682954433.06,0.00,0.00,0.00,0.00,282206698,1187865832,210457143,677412029
18446744072562.24,8388611.56,9211577.54,2650391.91,822965.98,0.00,0.00,0.00,0.00,4071909394.62,6682954433.06,0.00,0.00,0.00,0.00,282206698,1187865832,210457143,677412029
18446744072564.25,8388611.56,9211577.54,2650391.91,822965.98,0.00,0.00,0.00,0.00,4071909394.62,6682954433.06,0.00,0.00,0.00,0.00,282206698,1187865832,210457143,677412029
18446744072566.24,8388611.56,9211577.54,2650391.91,822965.98,0.00,0.00,0.00,0.00,4071909394.62,6682954433.06,0.00,0.00,0.00,0.00,282206698,1187865832,210457143,677412029
18446744072568.25,8388611.56,9211577.54,2650391.91,822965.98,0.00,0.00,0.00,0.00,4071909394.62,6682954433.06,0.00,0.00,0.00,0.00,282206698,1187865832,210457143,677412029
18446744072570.25,8388611.56,9211577.54,2650391.91,822965.98,0.00,0.00,0.00,0.00,4071909394.62,6682954433.06,0.00,0.00,0.00,0.00,282206698,1187865832,210457143,677412029
18446744072572.24,8388611.56,9211577.54,2650391.91,822965.98,0.00,0.00,0.00,0.00,4071909394.62,6682954433.06,0.00,0.00,0.00,0.00,282206698,1187865832,210457143,677412029
18446744072574.25,8388611.56,9211577.54,2650391.91,822965.98,0.00,0.00,0.00,0.00,4071909394.62,6682954433.06,0.00,0.00,0.00,0.00,282206698,1187865832,210457143,677412029
18446744072576.24,8388611.56,9211577.54,2650391.91,822965.98,0.00,0.00,0.00,0.00,4071909394.62,6682954433.06,0.00,0.00,0.00,0.00,282206698,1187865832,210457143,677412029
18446744072578.25,8388611.56,9211577.54,2650391.91,822965.98,0.00,0.00,0.00,0.00,4071909394.62,6682954433.06,0.00,0.00,0.00,0.00,282206698,1187865832,210457143,677412029
18446744072580.24,8388611.56,9211577.54,2650391.91,822965.98,0.00,0.00,0.00,0.00,4071909394.62,6682954433.06,0.00,0.00,0.00,0.00,282206698,1187865832,210457143,677412029
18446744072582.25,8388611.56,9211577.54,2650391.91,822965.98,0.00,0.00,0.00,0.00,4071909394.62,6682954433.06,0.00,0.00,0.00,0.00,282206698,1187865832,210457143,677412029
18446744072584.25,8388611.56,9211577.54,2650391.91,822965.98,0.00,0.00,0.00,0.00,4071909394.62,6682954433.06,0.00,0.00,0.00,0.00,282206698,1187865832,210457143,677412029
18446744072586.24,8388611.56,9211577.54,2650391.91,822965.98,0.00,0.00,0.00,0.00,4071909394.62,6682954433.06,0.00,0.00,0.00,0.00,282206698,1187865832,210457143,677412029
18446744072588.25,8388611.56,9211577.54,2650391.91,822965.98,0.00,0.00,0.00,0.00,4071909394.62,6682954433.06,0.00,0.00,0.00,0.00,282206698,1187865832,210457143,677412029
18446744072590.24,8388611.56,9211577.54,2650391.91,822965.98,0.00,0.00,0.00,0.00,4071909394.62,6682954433.06,0.00,0.00,0.00,0.00,282206698,1187865832,210457143,677412029
18446744072592.25,8388611.56,9211577.54,2650391.91,822965.98,0.00,0.00,0.00,0.00,4071909394.62,6682954433.06,0.00,0.00,0.00,0.00,282206698,1187865832,210457143,677412029
18446744072594.24,8388611.56,9211577.54,2650391.91,822965.98,0.00,0.00,0.00,0.00,4071909394.62,6682954433.06,0.00,0.00,0.00,0.00,282206698,1187865832,210457143,677412029
18446744072596.25,8388611.56,9211577.54,2650391.91,822965.98,0.00,0.00,0.00,0.00,4071909394.62,6682954433.06,0.00,0.00,0.00,0.00,282206698,1187865832,210457143,677412029
18446744072598.24,8388611.56,9211577.54,2650391.91,822965.98,0.00,0.00,0.00,0.00,4071909394.62,6682954433.06,0.00,0.00,0.00,0.00,282206698,1187865832,210457143,677412029
18446744072600.25,8388611.56,9211577.54,2650391.91,822965.98,0.00,0.00,0.00,0.00,4071909394.62,6682954433.06,0.00,0.00,0.00,0.00,282206698,1187865832,210457143,677412029
18446744072602.25,8388611.56,9211577.54,2650391.91,822965.98,0.00,0.00,0.00,0.00,4071909394.62,6682954433.06,0.00,0.00,0.00,0.00,282206698,1187865832,210457143,677412029
18446744072604.24,8388611.56,9211577.54,2650391.91,822965.98,0.00,0.00,0.00,0.00,4071909394.62,6682954433.06,0.00,0.00,0.00,0.00,282206698,1187865832,210457143,677412029
18446744072606.25,8388611.56,9211577.54,2650391.91,822965.98,0.00,0.00,0.00,0.00,4071909394.62,6682954433.06,0.00,0.00,0.00,0.00,282206698,1187865832,210457143,677412029
18446744072608.24,8388611.56,9211577.54,2650391.91,822965.98,0.00,0.00,0.00,0.00,4071909394.62,6682954433.06,0.00,0.00,0.00,0.00,282206698,1187865832,210457143,677412029
18446744072610.25,8388611.56,9211577.54,2650391.91,822965.98,0.00,0.00,0.00,0.00,4071909394.62,6682954433.06,0.00,0.00,0.00,0.00,282206698,1187865832,210457143,677412029
18446744072612.24,8388611.56,9211577.54,2650391.91,822965.98,0.00,0.00,0.00,0.00,4071909394.62,6682954433.06,0.00,0.00,0.00,0.00,282206698,1187865832,210457143,677412029
18446744072614.25,8388611.56,9211577.54,2650391.91,822965.98,0.00,0.00,0.00,0.00,4071909394.62,6682954433.06,0.00,0.00,0.00,0.00,282206698,1187865832,210457143,677412029
18446744072616.25,8388611.56,9211577.54,2650391.91,822965.98,0.00,0.00,0.00,0.00,4071909394.62,6682954433.06,0.00,0.00,0.00,0.00,282206698,1187865832,210457143,677412029
18446744072618.24,8388611.56,9211577.54,2650391.91,822965.98,0.00,0.00,0.00,0.00,4071909394.62,6682954433.06,0.00,0.00,0.00,0.00,282206698,1187865832,210457143,677412029
18446744072620.25,8388611.56,9211577.54,2650391.91,822965.98,0.00,0.00,0.00,0.00,4071909394.62,6682954433.06,0.00,0.00,0.00,0.00,282206698,1187865832,210457143,677412029
18446744072622.24,8388611.56,9211577.54,2650391.91,822965.98,0.00,0.00,0.00,0.00,4071909394.62,6682954433.06,0.00,0.00,0.00,0.00,282206698,1187865832,210457143,677412029
18446744072624.25,8388611.56,9211577.54,2650391.91,822965.98,0.00,0.00,0.00,0.00,4071909394.62,6682954433.06,0.00,0.00,0.00,0.00,282206698,1187865832,210457143,677412029
18446744072626.24,8388611.56,9211577.54,2650391.91,822965.98,0.00,0.00,0.00,0.00,4071909394.62,6682954433.06,0.00,0.00,0.00,0.00,282206698,1187865832,210457143,677412029
18446744072628.25,8388611.56,9211577.54,2650391.91,822965.98,0.00,0.00,0.00,0.00,4071909394.62,6682954433.06,0.00,0.00,0.00,0.00,282206698,1187865832,210457143,677412029
18446744072630.24,8388611.56,9211577.54,2650391.91,822965.98,0.00,0.00,0.00,0.00,4071909394.62,6682954433.06,0.00,0.00,0.00,0.00,282206698,1187865832,210457143,677412029
18446744072632.25,8388611.56,9211577.54,2650391.91,822965.98,0.00,0.00,0.00,0.00,4071909394.62,6682954433.06,0.00,0.00,0.00,0.00,282206698,1187865832,210457143,677412029
18446744072634.25,8388611.56,9211577.54,2650391.91,822965.98,0.00,0.00,0.00,0.00,4071909394.62,6682954433.06,0.00,0.00,0.00,0.00,282206698,1187865832,210457143,677412029
18446744072636.24,8388611.56,9211577.54,2650391.91,822965.98,0.00,0.00,0.00,0.00,4071909394.62,6682954433.06,0.00,0.00,0.00,0.00,282206698,1187865832,210457143,677412029
18446744072638.25,8388611.56,9211577.54,2650391.91,822965.98,0.00,0.00,0.00,0.00,4071909394.62,6682954433.06,0.00,0.00,0.00,0.00,282206698,1187865832,210457143,677412029
18446744072640.24,8388611.56,9211577.54,2650391.91,822965.98,0.00,0.00,0.00,0.00,4071909394.62,6682954433.06,0.00,0.00,0.00,0.00,282206698,1187865832,210457143,677412029
18446744072642.25,8388611.56,9211577.54,2650391.91,822965.98,0.00,0.00,0.00,0.00,4071909394.62,6682954433.06,0.00,0.00,0.00,0.00,282206698,1187865832,210457143,677412029
18446744072644.24,8388611.56,9211577.54,2650391.91,822965.98,0.00,0.00,0.00,0.00,4071909394.62,6682954433.06,0.00,0.00,0.00,0.00,282206698,1187865832,210457143,677412029
18446744072646.25,8388611.56,9211577.54,2650391.91,822965.98,0.00,0.00,0.00,0.00,4071909394.62,6682954433.06,0.00,0.00,0.00,0.00,282206698,1187865832,210457143,677412029
18446744072648.25,8388611.56,9211577.54,2650391.91,822965.98,0.00,0.00,0.00,0.00,4071909394.62,6682954433.06,0.00,0.00,0.00,0.00,282206698,1187865832,210457143,677412029
18446744072650.24,8388611.56,9211577.54,2650391.91,822965.98,0.00,0.00,0.00,0.00,4071909394.62,6682954433.06,0.00,0.00,0.00,0.00,282206698,1187865832,210457143,677412029
18446744072652.25,8388611.56,9211577.54,2650391.91,822965.98,0.00,0.00,0.00,0.00,4071909394.62,6682954433.06,0.00,0.00,0.00,0.00,282206698,1187865832,210457143,677412029
18446744072654.24,8388611.56,9211577.54,2650391.91,822965.98,0.00,0.00,0.00,0.00,4071909394.62,6682954433.06,0.00,0.00,0.00,0.00,282206698,1187865832,210457143,677412029
18446744072656.25,8388611.56,9211577.54,2650391.91,822965.98,0.00,0.00,0.00,0.00,4071909394.62,6682954433.06,0.00,0.00,0.00,0.00,282206698,1187865832,210457143,677412029
18446744072658.24,8388611.56,9211577.54,2650391.91,822965.98,0.00,0.00,0.00,0.00,4071909394.62,6682954433.06,0.00,0.00,0.00,0.00,282206698,1187865832,210457143,677412029
18446744072660.25,8388611.56,9211577.54,2650391.91,822965.98,0.00,0.00,0.00,0.00,4071909394.62,6682954433.06,0.00,0.00,0.00,0.00,282206698,1187865832,210457143,677412029
18446744072662.24,8388611.56,9211577.54,2650391.91,822965.98,0.00,0.00,0.00,0.00,4071909394.62,6682954433.06,0.00,0.00,0.00,0.00,282206698,1187865832,210457143,677412029
18446744072664.25,8388611.56,9211577.54,2650391.91,822965.98,0.00,0.00,0.00,0.00,4071909394.62,6682954433.06,0.00,0.00,0.00,0.00,282206698,1187865832,210457143,677412029
18446744072666.25,8388611.56,9211577.54,2650391.91,822965.98,0.00,0.00,0.00,0.00,4071909394.62,6682954433.06,0.00,0.00,0.00,0.00,282206698,1187865832,210457143,677412029
18446744072668.24,8388611.56,9211577.54,2650391.91,822965.98,0.00,0.00,0.00,0.00,4071909394.62,6682954433.06,0.00,0.00,0.00,0.00,282206698,1187865832,210457143,677412029
18446744072670.25,8388611.56,9211577.54,2650391.91,822965.98,0.00,0.00,0.00,0.00,4071909394.62,6682954433.06,0.00,0.00,0.00,0.00,282206698,1187865832,210457143,677412029
18446744072672.24,8388611.56,9211577.54,2650391.91,822965.98,0.00,0.00,0.00,0.00,4071909394.62,6682954433.06,0.00,0.00,0.00,0.00,282206698,1187865832,210457143,677412029
18446744072674.25,8388611.56,9211577.54,2650391.91,822965.98,0.00,0.00,0.00,0.00,4071909394.62,6682954433.06,0.00,0.00,0.00,0.00,282206698,1187865832,210457143,677412029
18446744072676.24,8388611.56,9211577.54,2650391.91,822965.98,0.00,0.00,0.00,0.00,4071909394.62,6682954433.06,0.00,0.00,0.00,0.00,282206698,1187865832,210457143,677412029
18446744072678.25,8388611.56,9211577.54,2650391.91,822965.98,0.00,0.00,0.00,0.00,4071909394.62,6682954433.06,0.00,0.00,0.00,0.00,282206698,1187865832,210457143,677412029
18446744072680.25,8388611.56,9211577.54,2650391.91,822965.98,0.00,0.00,0.00,0.00,4071909394.62,6682954433.06,0.00,0.00,0.00,0.00,282206698,1187865832,210457143,677412029
18446744072682.24,8388611.56,9211577.54,2650391.91,822965.98,0.00,0.00,0.00,0.00,4071909394.62,6682954433.06,0.00,0.00,0.00,0.00,282206698,1187865832,210457143,677412029
18446744072684.25,8388611.56,9211577.54,2650391.91,822965.98,0.00,0.00,0.00,0.00,4071909394.62,6682954433.06,0.00,0.00,0.00,0.00,282206698,1187865832,210457143,677412029
18446744072686.24,8388611.56,9211577.54,2650391.91,822965.98,0.00,0.00,0.00,0.00,4071909394.62,6682954433.06,0.00,0.00,0.00,0.00,282206698,1187865832,210457143,677412029
18446744072688.25,8388611.56,9211577.54,2650391.91,822965.98,0.00,0.00,0.00,0.00,4071909394.62,6682954433.06,0.00,0.00,0.00,0.00,282206698,1187865832,210457143,677412029
18446744072690.24,8388611.56,9211577.54,2650391.91,822965.98,0.00,0.00,0.00,0.00,4071909394.62,6682954433.06,0.00,0.00,0.00,0.00,282206698,1187865832,210457143,677412029
18446744072692.25,8388611.56,9211577.54,2650391.91,822965.98,0.00,0.00,0.00,0.00,4071909394.62,6682954433.06,0.00,0.00,0.00,0.00,282206698,1187865832,210457143,677412029
18446744072694.24,8388611.56,9211577.54,2650391.91,822965.98,0.00,0.00,0.00,0.00,4071909394.62,6682954433.06,0.00,0.00,0.00,0.00,282206698,1187865832,210457143,677412029
18446744072696.25,8388611.56,9211577.54,2650391.91,822965.98,0.00,0.00,0.00,0.00,4071909394.62,6682954433.06,0.00,0.00,0.00,0.00,282206698,1187865832,210457143,677412029
18446744072698.25,8388611.56,9211577.54,2650391.91,822965.98,0.00,0.00,0.00,0.00,4071909394.62,6682954433.06,0.00,0.00,0.00,0.00,282206698,1187865832,210457143,677412029
18446744072700.24,8388611.56,9211577.54,2650391.91,822965.98,0.00,0.00,0.00,0.00,4071909394.62,6682954433.06,0.00,0.00,0.00,0.00,282206698,1187865832,210457143,677412029
18446744072702.25,8388611.56,9211577.54,2650391.91,822965.98,0.00,0.00,0.00,0.00,4071909394.62,6682954433.06,0.00,0.00,0.00,0.00,282206698,1187865832,210457143,677412029
18446744072704.24,8388611.56,9211577.54,2650391.91,822965.98,0.00,0.00,0.00,0.00,4071909394.62,6682954433.06,0.00,0.00,0.00,0.00,282206698,1187865832,210457143,677412029
18446744072706.25,8388611.56,9211577.54,2650391.91,822965.98,0.00,0.00,0.00,0.00,4071909394.62,6682954433.06,0.00,0.00,0.00,0.00,282206698,1187865832,210457143,677412029
18446744072708.24,8388611.56,9211577.54,2650391.91,822965.98,0.00,0.00,0.00,0.00,4071909394.62,6682954433.06,0.00,0.00,0.00,0.00,282206698,1187865832,210457143,677412029
18446744072710.25,8388611.56,9211577.54,2650391.91,822965.98,0.00,0.00,0.00,0.00,4071909394.62,6682954433.06,0.00,0.00,0.00,0.00,282206698,1187865832,210457143,677412029
18446744072712.25,8388611.56,9211577.54,2650391.91,822965.98,0.00,0.00,0.00,0.00,4071909394.62,6682954433.06,0.00,0.00,0.00,0.00,282206698,1187865832,210457143,677412029
18446744072714.24,8388611.56,9211577.54,2650391.91,822965.98,0.00,0.00,0.00,0.00,4071909394.62,6682954433.06,0.00,0.00,0.00,0.00,282206698,1187865832,210457143,677412029
18446744072716.25,8388611.56,9211577.54,2650391.91,822965.98,0.00,0.00,0.00,0.00,4071909394.62,6682954433.06,0.00,0.00,0.00,0.00,282206698,1187865832,210457143,677412029
18446744072718.24,8388611.56,9211577.54,2650391.91,822965.98,0.00,0.00,0.00,0.00,4071909394.62,6682954433.06,0.00,0.00,0.00,0.00,282206698,1187865832,210457143,677412029
18446744072720.25,8388611.56,9211577.54,2650391.91,822965.98,0.00,0.00,0.00,0.00,4071909394.62,6682954433.06,0.00,0.00,0.00,0.00,282206698,1187865832,210457143,677412029
18446744072722.24,8388611.56,9211577.54,2650391.91,822965.98,0.00,0.00,0.00,0.00,4071909394.62,6682954433.06,0.00,0.00,0.00,0.00,282206698,1187865832,210457143,677412029
18446744072724.25,8388611.56,9211577.54,2650391.91,822965.98,0.00,0.00,0.00,0.00,4071909394.62,6682954433.06,0.00,0.00,0.00,0.00,282206698,1187865832,210457143,677412029
18446744072726.24,8388611.56,9211577.54,2650391.91,822965.98,0.00,0.00,0.00,0.00,4071909394.62,6682954433.06,0.00,0.00,0.00,0.00,282206698,1187865832,210457143,677412029
18446744072728.25,8388611.56,9211577.54,2650391.91,822965.98,0.00,0.00,0.00,0.00,4071909394.62,6682954433.06,0.00,0.00,0.00,0.00,282206698,1187865832,210457143,677412029
18446744072730.25,8388611.56,9211577.54,2650391.91,822965.98,0.00,0.00,0.00,0.00,4071909394.62,6682954433.06,0.00,0.00,0.00,0.00,282206698,1187865832,210457143,677412029
18446744072732.24,8388611.56,9211577.54,2650391.91,822965.98,0.00,0.00,0.00,0.00,4071909394.62,6682954433.06,0.00,0.00,0.00,0.00,282206698,1187865832,210457143,677412029
18446744072734.25,8388611.56,9211577.54,2650391.91,822965.98,0.00,0.00,0.00,0.00,4071909394.62,6682954433.06,0.00,0.00,0.00,0.00,282206698,1187865832,210457143,677412029
18446744072736.24,8388611.56,9211577.54,2650391.91,822965.98,0.00,0.00,0.00,0.00,4071909394.62,6682954433.06,0.00,0.00,0.00,0.00,282206698,1187865832,210457143,677412029
18446744072738.25,8388611.56,9211577.54,2650391.91,822965.98,0.00,0.00,0.00,0.00,4071909394.62,6682954433.06,0.00,0.00,0.00,0.00,282206698,1187865832,210457143,677412029
18446744072740.24,8388611.56,9211577.54,2650391.91,822965.98,0.00,0.00,0.00,0.00,4071909394.62,6682954433.06,0.00,0.00,0.00,0.00,282206698,1187865832,210457143,677412029
18446744072742.25,8388611.56,9211577.54,2650391.91,822965.98,0.00,0.00,0.00,0.00,4071909394.62,6682954433.06,0.00,0.00,0.00,0.00,282206698,1187865832,210457143,677412029
18446744072744.25,8388611.56,9211577.54,2650391.91,822965.98,0.00,0.00,0.00,0.00,4071909394.62,6682954433.06,0.00,0.00,0.00,0.00,282206698,1187865832,210457143,677412029
18446744072746.24,8388611.56,9211577.54,2650391.91,822965.98,0.00,0.00,0.00,0.00,4071909394.62,6682954433.06,0.00,0.00,0.00,0.00,282206698,1187865832,210457143,677412029
18446744072748.25,8388611.56,9211577.54,2650391.91,822965.98,0.00,0.00,0.00,0.00,4071909394.62,6682954433.06,0.00,0.00,0.00,0.00,282206698,1187865832,210457143,677412029
18446744072750.24,8388611.56,9211577.54,2650391.91,822965.98,0.00,0.00,0.00,0.00,4071909394.62,6682954433.06,0.00,0.00,0.00,0.00,282206698,1187865832,210457143,677412029
18446744072752.25,8388611.56,9211577.54,2650391.91,822965.98,0.00,0.00,0.00,0.00,4071909394.62,6682954433.06,0.00,0.00,0.00,0.00,282206698,1187865832,210457143,677412029
18446744072754.24,8388611.56,9211577.54,2650391.91,822965.98,0.00,0.00,0.00,0.00,4071909394.62,6682954433.06,0.00,0.00,0.00,0.00,282206698,1187865832,210457143,677412029
18446744072756.25,8388611.56,9211577.54,2650391.91,822965.98,0.00,0.00,0.00,0.00,4071909394.62,6682954433.06,0.00,0.00,0.00,0.00,282206698,1187865832,210457143,677412029
18446744072758.24,8388611.56,9211577.54,2650391.91,822965.98,0.00,0.00,0.00,0.00,4071909394.62,6682954433.06,0.00,0.00,0.00,0.00,282206698,1187865832,210457143,677412029
18446744072760.25,8388611.56,9211577.54,2650391.91,822965.98,0.00,0.00,0.00,0.00,4071909394.62,6682954433.06,0.00,0.00,0.00,0.00,282206698,1187865832,210457143,677412029
18446744072762.25,8388611.56,9211577.54,2650391.91,822965.98,0.00,0.00,0.00,0.00,4071909394.62,6682954433.06,0.00,0.00,0.00,0.00,282206698,1187865832,210457143,677412029
18446744072764.24,8388611.56,9211577.54,2650391.91,822965.98,0.00,0.00,0.00,0.00,4071909394.62,6682954433.06,0.00,0.00,0.00,0.00,282206698,1187865832,210457143,677412029
18446744072766.25,8388611.56,9211577.54,2650391.91,822965.98,0.00,0.00,0.00,0.00,4071909394.62,6682954433.06,0.00,0.00,0.00,0.00,282206698,1187865832,210457143,677412029
18446744072768.24,8388611.56,9211577.54,2650391.91,822965.98,0.00,0.00,0.00,0.00,4071909394.62,6682954433.06,0.00,0.00,0.00,0.00,282206698,1187865832,210457143,677412029
18446744072770.25,8388611.56,9211577.54,2650391.91,822965.98,0.00,0.00,0.00,0.00,4071909394.62,6682954433.06,0.00,0.00,0.00,0.00,282206698,1187865832,210457143,677412029
18446744072772.24,8388611.56,9211577.54,2650391.91,822965.98,0.00,0.00,0.00,0.00,4071909394.62,6682954433.06,0.00,0.00,0.00,0.00,282206698,1187865832,210457143,677412029
18446744072774.25,8388611.56,9211577.54,2650391.91,822965.98,0.00,0.00,0.00,0.00,4071909394.62,6682954433.06,0.00,0.00,0.00,0.00,282206698,1187865832,210457143,677412029
18446744072776.25,8388611.56,9211577.54,2650391.91,822965.98,0.00,0.00,0.00,0.00,4071909394.62,6682954433.06,0.00,0.00,0.00,0.00,282206698,1187865832,210457143,677412029
18446744072778.24,8388611.56,9211577.54,2650391.91,822965.98,0.00,0.00,0.00,0.00,4071909394.62,6682954433.06,0.00,0.00,0.00,0.00,282206698,1187865832,210457143,677412029
18446744072780.25,8388611.56,9211577.54,2650391.91,822965.98,0.00,0.00,0.00,0.00,4071909394.62,6682954433.06,0.00,0.00,0.00,0.00,282206698,1187865832,210457143,677412029
18446744072782.24,8388611.56,9211577.54,2650391.91,822965.98,0.00,0.00,0.00,0.00,4071909394.62,6682954433.06,0.00,0.00,0.00,0.00,282206698,1187865832,210457143,677412029
18446744072784.25,8388611.56,9211577.54,2650391.91,822965.98,0.00,0.00,0.00,0.00,4071909394.62,6682954433.06,0.00,0.00,0.00,0.00,282206698,1187865832,210457143,677412029
18446744072786.24,8388611.56,9211577.54,2650391.91,822965.98,0.00,0.00,0.00,0.00,4071909394.62,6682954433.06,0.00,0.00,0.00,0.00,282206698,1187865832,210457143,677412029
18446744072788.25,8388611.56,9211577.54,2650391.91,822965.98,0.00,0.00,0.00,0.00,4071909394.62,6682954433.06,0.00,0.00,0.00,0.00,282206698,1187865832,210457143,677412029
18446744072790.24,8388611.56,9211577.54,2650391.91,822965.98,0.00,0.00,0.00,0.00,4071909394.62,6682954433.06,0.00,0.00,0.00,0.00,282206698,1187865832,210457143,677412029
18446744072792.25,8388611.56,9211577.54,2650391.91,822965.98,0.00,0.00,0.00,0.00,4071909394.62,6682954433.06,0.00,0.00,0.00,0.00,282206698,1187865832,210457143,677412029
18446744072794.25,8388611.56,9211577.54,2650391.91,822965.98,0.00,0.00,0.00,0.00,4071909394.62,6682954433.06,0.00,0.00,0.00,0.00,282206698,1187865832,210457143,677412029
18446744072796.24,8388611.56,9211577.54,2650391.91,822965.98,0.00,0.00,0.00,0.00,4071909394.62,6682954433.06,0.00,0.00,0.00,0.00,282206698,1187865832,210457143,677412029
18446744072798.25,8388611.56,9211577.54,2650391.91,822965.98,0.00,0.00,0.00,0.00,4071909394.62,6682954433.06,0.00,0.00,0.00,0.00,282206698,1187865832,210457143,677412029
18446744072800.24,8388611.56,9211577.54,2650391.91,822965.98,0.00,0.00,0.00,0.00,4071909394.62,6682954433.06,0.00,0.00,0.00,0.00,282206698,1187865832,210457143,677412029
18446744072802.25,8388611.56,9211577.54,2650391.91,822965.98,0.00,0.00,0.00,0.00,4071909394.62,6682954433.06,0.00,0.00,0.00,0.00,282206698,1187865832,210457143,677412029
18446744072804.24,8388611.56,9211577.54,2650391.91,822965.98,0.00,0.00,0.00,0.00,4071909394.62,6682954433.06,0.00,0.00,0.00,0.00,282206698,1187865832,210457143,677412029
18446744072806.25,8388611.56,9211577.54,2650391.91,822965.98,0.00,0.00,0.00,0.00,4071909394.62,6682954433.06,0.00,0.00,0.00,0.00,282206698,1187865832,210457143,677412029
18446744072808.25,8388611.56,9211577.54,2650391.91,822965.98,0.00,0.00,0.00,0.00,4071909394.62,6682954433.06,0.00,0.00,0.00,0.00,282206698,1187865832,210457143,677412029
18446744072810.24,8388611.56,9211577.54,2650391.91,822965.98,0.00,0.00,0.00,0.00,4071909394.62,6682954433.06,0.00,0.00,0.00,0.00,282206698,1187865832,210457143,677412029
18446744072812.25,8388611.56,9211577.54,2650391.91,822965.98,0.00,0.00,0.00,0.00,4071909394.62,6682954433.06,0.00,0.00,0.00,0.00,282206698,1187865832,210457143,677412029
18446744072814.24,8388611.56,9211577.54,2650391.91,822965.98,0.00,0.00,0.00,0.00,4071909394.62,6682954433.06,0.00,0.00,0.00,0.00,282206698,1187865832,210457143,677412029
18446744072816.25,8388611.56,9211577.54,2650391.91,822965.98,0.00,0.00,0.00,0.00,4071909394.62,6682954433.06,0.00,0.00,0.00,0.00,282206698,1187865832,210457143,677412029
18446744072818.24,8388611.56,9211577.54,2650391.91,822965.98,0.00,0.00,0.00,0.00,4071909394.62,6682954433.06,0.00,0.00,0.00,0.00,282206698,1187865832,210457143,677412029
18446744072820.25,8388611.56,9211577.54,2650391.91,822965.98,0.00,0.00,0.00,0.00,4071909394.62,6682954433.06,0.00,0.00,0.00,0.00,282206698,1187865832,210457143,677412029
18446744072822.24,8388611.56,9211577.54,2650391.91,822965.98,0.00,0.00,0.00,0.00,4071909394.62,6682954433.06,0.00,0.00,0.00,0.00,282206698,1187865832,210457143,677412029
18446744072824.25,8388611.56,9211577.54,2650391.91,822965.98,0.00,0.00,0.00,0.00,4071909394.62,6682954433.06,0.00,0.00,0.00,0.00,282206698,1187865832,210457143,677412029
18446744072826.25,8388611.56,9211577.54,2650391.91,822965.98,0.00,0.00,0.00,0.00,4071909394.62,6682954433.06,0.00,0.00,0.00,0.00,282206698,1187865832,210457143,677412029
18446744072828.24,8388611.56,9211577.54,2650391.91,822965.98,0.00,0.00,0.00,0.00,4071909394.62,6682954433.06,0.00,0.00,0.00,0.00,282206698,1187865832,210457143,677412029
18446744072830.25,8388611.56,9211577.54,2650391.91,822965.98,0.00,0.00,0.00,0.00,4071909394.62,6682954433.06,0.00,0.00,0.00,0.00,282206698,1187865832,210457143,677412029
18446744072832.24,8388611.56,9211577.54,2650391.91,822965.98,0.00,0.00,0.00,0.00,4071909394.62,6682954433.06,0.00,0.00,0.00,0.00,282206698,1187865832,210457143,677412029
18446744072834.25,8388611.56,9211577.54,2650391.91,822965.98,0.00,0.00,0.00,0.00,4071909394.62,6682954433.06,0.00,0.00,0.00,0.00,282206698,1187865832,210457143,677412029
18446744072836.24,8388611.56,9211577.54,2650391.91,822965.98,0.00,0.00,0.00,0.00,4071909394.62,6682954433.06,0.00,0.00,0.00,0.00,282206698,1187865832,210457143,677412029
18446744072838.25,8388611.56,9211577.54,2650391.91,822965.98,0.00,0.00,0.00,0.00,4071909394.62,6682954433.06,0.00,0.00,0.00,0.00,282206698,1187865832,210457143,677412029
18446744072840.25,8388611.56,9211577.54,2650391.91,822965.98,0.00,0.00,0.00,0.00,4071909394.62,6682954433.06,0.00,0.00,0.00,0.00,282206698,1187865832,210457143,677412029
18446744072842.24,8388611.56,9211577.54,2650391.91,822965.98,0.00,0.00,0.00,0.00,4071909394.62,6682954433.06,0.00,0.00,0.00,0.00,282206698,1187865832,210457143,677412029
18446744072844.25,8388611.56,9211577.54,2650391.91,822965.98,0.00,0.00,0.00,0.00,4071909394.62,6682954433.06,0.00,0.00,0.00,0.00,282206698,1187865832,210457143,677412029
18446744072846.24,8388611.56,9211577.54,2650391.91,822965.98,0.00,0.00,0.00,0.00,4071909394.62,6682954433.06,0.00,0.00,0.00,0.00,282206698,1187865832,210457143,677412029
18446744072848.25,8388611.56,9211577.54,2650391.91,822965.98,0.00,0.00,0.00,0.00,4071909394.62,6682954433.06,0.00,0.00,0.00,0.00,282206698,1187865832,210457143,677412029
18446744072850.24,8388611.56,9211577.54,2650391.91,822965.98,0.00,0.00,0.00,0.00,4071909394.62,6682954433.06,0.00,0.00,0.00,0.00,282206698,1187865832,210457143,677412029
18446744072852.25,8388611.56,9211577.54,2650391.91,822965.98,0.00,0.00,0.00,0.00,4071909394.62,6682954433.06,0.00,0.00,0.00,0.00,282206698,1187865832,210457143,677412029
18446744072854.24,8388611.56,9211577.54,2650391.91,822965.98,0.00,0.00,0.00,0.00,4071909394.62,6682954433.06,0.00,0.00,0.00,0.00,282206698,1187865832,210457143,677412029
18446744072856.25,8388611.56,9211577.54,2650391.91,822965.98,0.00,0.00,0.00,0.00,4071909394.62,6682954433.06,0.00,0.00,0.00,0.00,282206698,1187865832,210457143,677412029
18446744072858.25,8388611.56,9211577.54,2650391.91,822965.98,0.00,0.00,0.00,0.00,4071909394.62,6682954433.06,0.00,0.00,0.00,0.00,282206698,1187865832,210457143,677412029
18446744072860.24,8388611.56,9211577.54,2650391.91,822965.98,0.00,0.00,0.00,0.00,4071909394.62,6682954433.06,0.00,0.00,0.00,0.00,282206698,1187865832,210457143,677412029
18446744072862.25,8388611.56,9211577.54,2650391.91,822965.98,0.00,0.00,0.00,0.00,4071909394.62,6682954433.06,0.00,0.00,0.00,0.00,282206698,1187865832,210457143,677412029
18446744072864.24,8388611.56,9211577.54,2650391.91,822965.98,0.00,0.00,0.00,0.00,4071909394.62,6682954433.06,0.00,0.00,0.00,0.00,282206698,1187865832,210457143,677412029
18446744072866.25,8388611.56,9211577.54,2650391.91,822965.98,0.00,0.00,0.00,0.00,4071909394.62,6682954433.06,0.00,0.00,0.00,0.00,282206698,1187865832,210457143,677412029
18446744072868.24,8388611.56,9211577.54,2650391.91,822965.98,0.00,0.00,0.00,0.00,4071909394.62,6682954433.06,0.00,0.00,0.00,0.00,282206698,1187865832,210457143,677412029
18446744072870.25,8388611.56,9211577.54,2650391.91,822965.98,0.00,0.00,0.00,0.00,4071909394.62,6682954433.06,0.00,0.00,0.00,0.00,282206698,1187865832,210457143,677412029
18446744072872.25,8388611.56,9211577.54,2650391.91,822965.98,0.00,0.00,0.00,0.00,4071909394.62,6682954433.06,0.00,0.00,0.00,0.00,282206698,1187865832,210457143,677412029
18446744072874.24,8388611.56,9211577.54,2650391.91,822965.98,0.00,0.00,0.00,0.00,4071909394.62,6682954433.06,0.00,0.00,0.00,0.00,282206698,1187865832,210457143,677412029
18446744072876.25,8388611.56,9211577.54,2650391.91,822965.98,0.00,0.00,0.00,0.00,4071909394.62,6682954433.06,0.00,0.00,0.00,0.00,282206698,1187865832,210457143,677412029
18446744072878.24,8388611.56,9211577.54,2650391.91,822965.98,0.00,0.00,0.00,0.00,4071909394.62,6682954433.06,0.00,0.00,0.00,0.00,282206698,1187865832,210457143,677412029
18446744072880.25,8388611.56,9211577.54,2650391.91,822965.98,0.00,0.00,0.00,0.00,4071909394.62,6682954433.06,0.00,0.00,0.00,0.00,282206698,1187865832,210457143,677412029
18446744072882.24,8388611.56,9211577.54,2650391.91,822965.98,0.00,0.00,0.00,0.00,4071909394.62,6682954433.06,0.00,0.00,0.00,0.00,282206698,1187865832,210457143,677412029
18446744072884.25,8388611.56,9211577.54,2650391.91,822965.98,0.00,0.00,0.00,0.00,4071909394.62,6682954433.06,0.00,0.00,0.00,0.00,282206698,1187865832,210457143,677412029
18446744072886.24,8388611.56,9211577.54,2650391.91,822965.98,0.00,0.00,0.00,0.00,4071909394.62,6682954433.06,0.00,0.00,0.00,0.00,282206698,1187865832,210457143,677412029
18446744072888.25,8388611.56,9211577.54,2650391.91,822965.98,0.00,0.00,0.00,0.00,4071909394.62,6682954433.06,0.00,0.00,0.00,0.00,282206698,1187865832,210457143,677412029
18446744072890.25,8388611.56,9211577.54,2650391.91,822965.98,0.00,0.00,0.00,0.00,4071909394.62,6682954433.06,0.00,0.00,0.00,0.00,282206698,1187865832,210457143,677412029
18446744072892.24,8388611.56,9211577.54,2650391.91,822965.98,0.00,0.00,0.00,0.00,4071909394.62,6682954433.06,0.00,0.00,0.00,0.00,282206698,1187865832,210457143,677412029
18446744072894.25,8388611.56,9211577.54,2650391.91,822965.98,0.00,0.00,0.00,0.00,4071909394.62,6682954433.06,0.00,0.00,0.00,0.00,282206698,1187865832,210457143,677412029
18446744072896.24,8388611.56,9211577.54,2650391.91,822965.98,0.00,0.00,0.00,0.00,4071909394.62,6682954433.06,0.00,0.00,0.00,0.00,282206698,1187865832,210457143,677412029
18446744072898.25,8388611.56,9211577.54,2650391.91,822965.98,0.00,0.00,0.00,0.00,4072091815.51,6683142740.09,182420.89,188307.02,0.00,0.00,282206698,1187865832,210457143,677412029
18446744072900.24,8388611.56,9211577.54,2650391.91,822965.98,0.00,0.00,0.00,0.00,4072091815.51,6683142740.09,0.00,0.00,0.00,0.00,282206698,1187865832,210457143,677412029
18446744072902.25,8388611.56,9211577.54,2650391.91,822965.98,0.00,0.00,0.00,0.00,4072091815.51,6683142740.09,0.00,0.00,0.00,0.00,282206698,1187865832,210457143,677412029
18446744072904.25,8388611.56,9211577.54,2650391.91,822965.98,0.00,0.00,0.00,0.00,4072091815.51,6683142740.09,0.00,0.00,0.00,0.00,282206698,1187865832,210457143,677412029
18446744072906.24,8388611.56,9211577.54,2650391.91,822965.98,0.00,0.00,0.00,0.00,4072091815.51,6683142740.09,0.00,0.00,0.00,0.00,282206698,1187865832,210457143,677412029
18446744072908.25,8388611.56,9211577.54,2650391.91,822965.98,0.00,0.00,0.00,0.00,4072091815.51,6683142740.09,0.00,0.00,0.00,0.00,282206698,1187865832,210457143,677412029
18446744072910.24,8388611.56,9211577.54,2650391.91,822965.98,0.00,0.00,0.00,0.00,4072091815.51,6683142740.09,0.00,0.00,0.00,0.00,282206698,1187865832,210457143,677412029
18446744072912.25,8388611.56,9211577.54,2650391.91,822965.98,0.00,0.00,0.00,0.00,4072091815.51,6683142740.09,0.00,0.00,0.00,0.00,282206698,1187865832,210457143,677412029
18446744072914.24,8388611.56,9211577.54,2650391.91,822965.98,0.00,0.00,0.00,0.00,4072091815.51,6683142740.09,0.00,0.00,0.00,0.00,282206698,1187865832,210457143,677412029
18446744072916.25,8388611.56,9211577.54,2650391.91,822965.98,0.00,0.00,0.00,0.00,4072091815.51,6683142740.09,0.00,0.00,0.00,0.00,282206698,1187865832,210457143,677412029
18446744072918.24,8388611.56,9211577.54,2650391.91,822965.98,0.00,0.00,0.00,0.00,4072091815.51,6683142740.09,0.00,0.00,0.00,0.00,282206698,1187865832,210457143,677412029
18446744072920.25,8388611.56,9211577.54,2650391.91,822965.98,0.00,0.00,0.00,0.00,4072091815.51,6683142740.09,0.00,0.00,0.00,0.00,282206698,1187865832,210457143,677412029
18446744072922.25,8388611.56,9211577.54,2650391.91,822965.98,0.00,0.00,0.00,0.00,4072091815.51,6683142740.09,0.00,0.00,0.00,0.00,282206698,1187865832,210457143,677412029
18446744072924.24,8388611.56,9211577.54,2650391.91,822965.98,0.00,0.00,0.00,0.00,4072091815.51,6683142740.09,0.00,0.00,0.00,0.00,282206698,1187865832,210457143,677412029
18446744072926.25,8388611.56,9211577.54,2650391.91,822965.98,0.00,0.00,0.00,0.00,4072091815.51,6683142740.09,0.00,0.00,0.00,0.00,282206698,1187865832,210457143,677412029
18446744072928.24,8388611.56,9211577.54,2650391.91,822965.98,0.00,0.00,0.00,0.00,4072091815.51,6683142740.09,0.00,0.00,0.00,0.00,282206698,1187865832,210457143,677412029
18446744072930.25,8388611.56,9211577.54,2650391.91,822965.98,0.00,0.00,0.00,0.00,4072091815.51,6683142740.09,0.00,0.00,0.00,0.00,282206698,1187865832,210457143,677412029
18446744072932.24,8388611.56,9211577.54,2650391.91,822965.98,0.00,0.00,0.00,0.00,4072091815.51,6683142740.09,0.00,0.00,0.00,0.00,282206698,1187865832,210457143,677412029
18446744072934.25,8388611.56,9211577.54,2650391.91,822965.98,0.00,0.00,0.00,0.00,4072091815.51,6683142740.09,0.00,0.00,0.00,0.00,282206698,1187865832,210457143,677412029
18446744072936.25,8388611.56,9211577.54,2650391.91,822965.98,0.00,0.00,0.00,0.00,4072091815.51,6683142740.09,0.00,0.00,0.00,0.00,282206698,1187865832,210457143,677412029
18446744072938.24,8388611.56,9211577.54,2650391.91,822965.98,0.00,0.00,0.00,0.00,4072091815.51,6683142740.09,0.00,0.00,0.00,0.00,282206698,1187865832,210457143,677412029
18446744072940.25,8388611.56,9211577.54,2650391.91,822965.98,0.00,0.00,0.00,0.00,4072091815.51,6683142740.09,0.00,0.00,0.00,0.00,282206698,1187865832,210457143,677412029
18446744072942.24,8388611.56,9211577.54,2650391.91,822965.98,0.00,0.00,0.00,0.00,4072091815.51,6683142740.09,0.00,0.00,0.00,0.00,282206698,1187865832,210457143,677412029
18446744072944.25,8388611.56,9211577.54,2650391.91,822965.98,0.00,0.00,0.00,0.00,4072091815.51,6683142740.09,0.00,0.00,0.00,0.00,282206698,1187865832,210457143,677412029
18446744072946.24,8388611.56,9211577.54,2650391.91,822965.98,0.00,0.00,0.00,0.00,4072091815.51,6683142740.09,0.00,0.00,0.00,0.00,282206698,1187865832,210457143,677412029
18446744072948.25,8388611.56,9211577.54,2650391.91,822965.98,0.00,0.00,0.00,0.00,4072091815.51,6683142740.09,0.00,0.00,0.00,0.00,282206698,1187865832,210457143,677412029
18446744072950.24,8388611.56,9211577.54,2650391.91,822965.98,0.00,0.00,0.00,0.00,4072091815.51,6683142740.09,0.00,0.00,0.00,0.00,282206698,1187865832,210457143,677412029
18446744072952.25,8388611.56,9211577.54,2650391.91,822965.98,0.00,0.00,0.00,0.00,4072091815.51,6683142740.09,0.00,0.00,0.00,0.00,282206698,1187865832,210457143,677412029
18446744072954.25,8388611.56,9211577.54,2650391.91,822965.98,0.00,0.00,0.00,0.00,4072091815.51,6683142740.09,0.00,0.00,0.00,0.00,282206698,1187865832,210457143,677412029
18446744072956.24,8388611.56,9211577.54,2650391.91,822965.98,0.00,0.00,0.00,0.00,4072091815.51,6683142740.09,0.00,0.00,0.00,0.00,282206698,1187865832,210457143,677412029
18446744072958.25,8388611.56,9211577.54,2650391.91,822965.98,0.00,0.00,0.00,0.00,4072091815.51,6683142740.09,0.00,0.00,0.00,0.00,282206698,1187865832,210457143,677412029
18446744072960.24,8388611.56,9211577.54,2650391.91,822965.98,0.00,0.00,0.00,0.00,4072091815.51,6683142740.09,0.00,0.00,0.00,0.00,282206698,1187865832,210457143,677412029
18446744072962.25,8388611.56,9211577.54,2650391.91,822965.98,0.00,0.00,0.00,0.00,4072091815.51,6683142740.09,0.00,0.00,0.00,0.00,282206698,1187865832,210457143,677412029
18446744072964.24,8388611.56,9211577.54,2650391.91,822965.98,0.00,0.00,0.00,0.00,4072091815.51,6683142740.09,0.00,0.00,0.00,0.00,282206698,1187865832,210457143,677412029
18446744072966.25,8388611.56,9211577.54,2650391.91,822965.98,0.00,0.00,0.00,0.00,4072091815.51,6683142740.09,0.00,0.00,0.00,0.00,282206698,1187865832,210457143,677412029
18446744072968.25,8388611.56,9211577.54,2650391.91,822965.98,0.00,0.00,0.00,0.00,4072091815.51,6683142740.09,0.00,0.00,0.00,0.00,282206698,1187865832,210457143,677412029
18446744072970.24,8388611.56,9211577.54,2650391.91,822965.98,0.00,0.00,0.00,0.00,4072091815.51,6683142740.09,0.00,0.00,0.00,0.00,282206698,1187865832,210457143,677412029
18446744072972.25,8388611.56,9211577.54,2650391.91,822965.98,0.00,0.00,0.00,0.00,4072091815.51,6683142740.09,0.00,0.00,0.00,0.00,282206698,1187865832,210457143,677412029
18446744072974.24,8388611.56,9211577.54,2650391.91,822965.98,0.00,0.00,0.00,0.00,4072091815.51,6683142740.09,0.00,0.00,0.00,0.00,282206698,1187865832,210457143,677412029
18446744072976.25,8388611.56,9211577.54,2650391.91,822965.98,0.00,0.00,0.00,0.00,4072091815.51,6683142740.09,0.00,0.00,0.00,0.00,282206698,1187865832,210457143,677412029
18446744072978.24,8388611.56,9211577.54,2650391.91,822965.98,0.00,0.00,0.00,0.00,4072091815.51,6683142740.09,0.00,0.00,0.00,0.00,282206698,1187865832,210457143,677412029
18446744072980.25,8388611.56,9211577.54,2650391.91,822965.98,0.00,0.00,0.00,0.00,4072091815.51,6683142740.09,0.00,0.00,0.00,0.00,282206698,1187865832,210457143,677412029
18446744072982.24,8388611.56,9211577.54,2650391.91,822965.98,0.00,0.00,0.00,0.00,4072091815.51,6683142740.09,0.00,0.00,0.00,0.00,282206698,1187865832,210457143,677412029
18446744072984.25,8388611.56,9211577.54,2650391.91,822965.98,0.00,0.00,0.00,0.00,4072091815.51,6683142740.09,0.00,0.00,0.00,0.00,282206698,1187865832,210457143,677412029
18446744072986.25,8388611.56,9211577.54,2650391.91,822965.98,0.00,0.00,0.00,0.00,4072091815.51,6683142740.09,0.00,0.00,0.00,0.00,282206698,1187865832,210457143,677412029
18446744072988.24,8388611.56,9211577.54,2650391.91,822965.98,0.00,0.00,0.00,0.00,4072091815.51,6683142740.09,0.00,0.00,0.00,0.00,282206698,1187865832,210457143,677412029
18446744072990.25,8388611.56,9211577.54,2650391.91,822965.98,0.00,0.00,0.00,0.00,4072091815.51,6683142740.09,0.00,0.00,0.00,0.00,282206698,1187865832,210457143,677412029
18446744072992.24,8388611.56,9211577.54,2650391.91,822965.98,0.00,0.00,0.00,0.00,4072091815.51,6683142740.09,0.00,0.00,0.00,0.00,282206698,1187865832,210457143,677412029
18446744072994.25,8388611.56,9211577.54,2650391.91,822965.98,0.00,0.00,0.00,0.00,4072091815.51,6683142740.09,0.00,0.00,0.00,0.00,282206698,1187865832,210457143,677412029
18446744072996.24,8388611.56,9211577.54,2650391.91,822965.98,0.00,0.00,0.00,0.00,4072091815.51,6683142740.09,0.00,0.00,0.00,0.00,282206698,1187865832,210457143,677412029
18446744072998.25,8388611.56,9211577.54,2650391.91,822965.98,0.00,0.00,0.00,0.00,4072091815.51,6683142740.09,0.00,0.00,0.00,0.00,282206698,1187865832,210457143,677412029
18446744073000.25,8388611.56,9211577.54,2650391.91,822965.98,0.00,0.00,0.00,0.00,4072091815.51,6683142740.09,0.00,0.00,0.00,0.00,282206698,1187865832,210457143,677412029
18446744073002.24,8388611.56,9211577.54,2650391.91,822965.98,0.00,0.00,0.00,0.00,4072091815.51,6683142740.09,0.00,0.00,0.00,0.00,282206698,1187865832,210457143,677412029
18446744073004.25,8388611.56,9211577.54,2650391.91,822965.98,0.00,0.00,0.00,0.00,4072091815.51,6683142740.09,0.00,0.00,0.00,0.00,282206698,1187865832,210457143,677412029
18446744073006.24,8388611.56,9211577.54,2650391.91,822965.98,0.00,0.00,0.00,0.00,4072091815.51,6683142740.09,0.00,0.00,0.00,0.00,282206698,1187865832,210457143,677412029
18446744073008.25,8388611.56,9211577.54,2650391.91,822965.98,0.00,0.00,0.00,0.00,4072091815.51,6683142740.09,0.00,0.00,0.00,0.00,282206698,1187865832,210457143,677412029
18446744073010.24,8388611.56,9211577.54,2650391.91,822965.98,0.00,0.00,0.00,0.00,4072091815.51,6683142740.09,0.00,0.00,0.00,0.00,282206698,1187865832,210457143,677412029
18446744073012.25,8388611.56,9211577.54,2650391.91,822965.98,0.00,0.00,0.00,0.00,4072091815.51,6683142740.09,0.00,0.00,0.00,0.00,282206698,1187865832,210457143,677412029
18446744073014.24,8388611.56,9211577.54,2650391.91,822965.98,0.00,0.00,0.00,0.00,4072091815.51,6683142740.09,0.00,0.00,0.00,0.00,282206698,1187865832,210457143,677412029
18446744073016.25,8388611.56,9211577.54,2650391.91,822965.98,0.00,0.00,0.00,0.00,4072091815.51,6683142740.09,0.00,0.00,0.00,0.00,282206698,1187865832,210457143,677412029
18446744073018.25,8388611.56,9211577.54,2650391.91,822965.98,0.00,0.00,0.00,0.00,4072091815.51,6683142740.09,0.00,0.00,0.00,0.00,282206698,1187865832,210457143,677412029
18446744073020.24,8388611.56,9211577.54,2650391.91,822965.98,0.00,0.00,0.00,0.00,4072091815.51,6683142740.09,0.00,0.00,0.00,0.00,282206698,1187865832,210457143,677412029
18446744073022.25,8388611.56,9211577.54,2650391.91,822965.98,0.00,0.00,0.00,0.00,4072091815.51,6683142740.09,0.00,0.00,0.00,0.00,282206698,1187865832,210457143,677412029
18446744073024.24,8388611.56,9211577.54,2650391.91,822965.98,0.00,0.00,0.00,0.00,4072091815.51,6683142740.09,0.00,0.00,0.00,0.00,282206698,1187865832,210457143,677412029
18446744073026.25,8388611.56,9211577.54,2650391.91,822965.98,0.00,0.00,0.00,0.00,4072091815.51,6683142740.09,0.00,0.00,0.00,0.00,282206698,1187865832,210457143,677412029
18446744073028.24,8388611.56,9211577.54,2650391.91,822965.98,0.00,0.00,0.00,0.00,4072091815.51,6683142740.09,0.00,0.00,0.00,0.00,282206698,1187865832,210457143,677412029
18446744073030.25,8388611.56,9211577.54,2650391.91,822965.98,0.00,0.00,0.00,0.00,4072091815.51,6683142740.09,0.00,0.00,0.00,0.00,282206698,1187865832,210457143,677412029
18446744073032.25,8388611.56,9211577.54,2650391.91,822965.98,0.00,0.00,0.00,0.00,4072091815.51,6683142740.09,0.00,0.00,0.00,0.00,282206698,1187865832,210457143,677412029
18446744073034.24,8388611.56,9211577.54,2650391.91,822965.98,0.00,0.00,0.00,0.00,4072091815.51,6683142740.09,0.00,0.00,0.00,0.00,282206698,1187865832,210457143,677412029
18446744073036.25,8388611.56,9211577.54,2650391.91,822965.98,0.00,0.00,0.00,0.00,4072091815.51,6683142740.09,0.00,0.00,0.00,0.00,282206698,1187865832,210457143,677412029
18446744073038.24,8388611.56,9211577.54,2650391.91,822965.98,0.00,0.00,0.00,0.00,4072091815.51,6683142740.09,0.00,0.00,0.00,0.00,282206698,1187865832,210457143,677412029
18446744073040.25,8388611.56,9211577.54,2650391.91,822965.98,0.00,0.00,0.00,0.00,4072091815.51,6683142740.09,0.00,0.00,0.00,0.00,282206698,1187865832,210457143,677412029
18446744073042.24,8388611.56,9211577.54,2650391.91,822965.98,0.00,0.00,0.00,0.00,4072091815.51,6683142740.09,0.00,0.00,0.00,0.00,282206698,1187865832,210457143,677412029
18446744073044.25,8388611.56,9211577.54,2650391.91,822965.98,0.00,0.00,0.00,0.00,4072091815.51,6683142740.09,0.00,0.00,0.00,0.00,282206698,1187865832,210457143,677412029
18446744073046.24,8388611.56,9211577.54,2650391.91,822965.98,0.00,0.00,0.00,0.00,4072091815.51,6683142740.09,0.00,0.00,0.00,0.00,282206698,1187865832,210457143,677412029
18446744073048.25,8388611.56,9211577.54,2650391.91,822965.98,0.00,0.00,0.00,0.00,4072091815.51,6683142740.09,0.00,0.00,0.00,0.00,282206698,1187865832,210457143,677412029
18446744073050.25,8388611.56,9211577.54,2650391.91,822965.98,0.00,0.00,0.00,0.00,4072091815.51,6683142740.09,0.00,0.00,0.00,0.00,282206698,1187865832,210457143,677412029
18446744073052.24,8388611.56,9211577.54,2650391.91,822965.98,0.00,0.00,0.00,0.00,4072091815.51,6683142740.09,0.00,0.00,0.00,0.00,282206698,1187865832,210457143,677412029
18446744073054.25,8388611.56,9211577.54,2650391.91,822965.98,0.00,0.00,0.00,0.00,4072091815.51,6683142740.09,0.00,0.00,0.00,0.00,282206698,1187865832,210457143,677412029
18446744073056.24,8388611.56,9211577.54,2650391.91,822965.98,0.00,0.00,0.00,0.00,4072091815.51,6683142740.09,0.00,0.00,0.00,0.00,282206698,1187865832,210457143,677412029
18446744073058.25,8388611.56,9211577.54,2650391.91,822965.98,0.00,0.00,0.00,0.00,4072091815.51,6683142740.09,0.00,0.00,0.00,0.00,282206698,1187865832,210457143,677412029
18446744073060.24,8388611.56,9211577.54,2650391.91,822965.98,0.00,0.00,0.00,0.00,4072091815.51,6683142740.09,0.00,0.00,0.00,0.00,282206698,1187865832,210457143,677412029
18446744073062.25,8388611.56,9211577.54,2650391.91,822965.98,0.00,0.00,0.00,0.00,4072091815.51,6683142740.09,0.00,0.00,0.00,0.00,282206698,1187865832,210457143,677412029
18446744073064.25,8388611.56,9211577.54,2650391.91,822965.98,0.00,0.00,0.00,0.00,4072091815.51,6683142740.09,0.00,0.00,0.00,0.00,282206698,1187865832,210457143,677412029
18446744073066.24,8388611.56,9211577.54,2650391.91,822965.98,0.00,0.00,0.00,0.00,4072091815.51,6683142740.09,0.00,0.00,0.00,0.00,282206698,1187865832,210457143,677412029
18446744073068.25,8388611.56,9211577.54,2650391.91,822965.98,0.00,0.00,0.00,0.00,4072091815.51,6683142740.09,0.00,0.00,0.00,0.00,282206698,1187865832,210457143,677412029
18446744073070.24,8388611.56,9211577.54,2650391.91,822965.98,0.00,0.00,0.00,0.00,4072091815.51,6683142740.09,0.00,0.00,0.00,0.00,282206698,1187865832,210457143,677412029
18446744073072.25,8388611.56,9211577.54,2650391.91,822965.98,0.00,0.00,0.00,0.00,4072091815.51,6683142740.09,0.00,0.00,0.00,0.00,282206698,1187865832,210457143,677412029
18446744073074.24,8388611.56,9211577.54,2650391.91,822965.98,0.00,0.00,0.00,0.00,4072091815.51,6683142740.09,0.00,0.00,0.00,0.00,282206698,1187865832,210457143,677412029
18446744073076.25,8388611.56,9211577.54,2650391.91,822965.98,0.00,0.00,0.00,0.00,4072091815.51,6683142740.09,0.00,0.00,0.00,0.00,282206698,1187865832,210457143,677412029
18446744073078.24,8388611.56,9211577.54,2650391.91,822965.98,0.00,0.00,0.00,0.00,4072091815.51,6683142740.09,0.00,0.00,0.00,0.00,282206698,1187865832,210457143,677412029
18446744073080.25,8388611.56,9211577.54,2650391.91,822965.98,0.00,0.00,0.00,0.00,4072091815.51,6683142740.09,0.00,0.00,0.00,0.00,282206698,1187865832,210457143,677412029
18446744073082.25,8388611.56,9211577.54,2650391.91,822965.98,0.00,0.00,0.00,0.00,4072091815.51,6683142740.09,0.00,0.00,0.00,0.00,282206698,1187865832,210457143,677412029
18446744073084.24,8388611.56,9211577.54,2650391.91,822965.98,0.00,0.00,0.00,0.00,4072091815.51,6683142740.09,0.00,0.00,0.00,0.00,282206698,1187865832,210457143,677412029
18446744073086.25,8388611.56,9211577.54,2650391.91,822965.98,0.00,0.00,0.00,0.00,4072091815.51,6683142740.09,0.00,0.00,0.00,0.00,282206698,1187865832,210457143,677412029
18446744073088.24,8388611.56,9211577.54,2650391.91,822965.98,0.00,0.00,0.00,0.00,4072091815.51,6683142740.09,0.00,0.00,0.00,0.00,282206698,1187865832,210457143,677412029
18446744073090.25,8388611.56,9211577.54,2650391.91,822965.98,0.00,0.00,0.00,0.00,4072091815.51,6683142740.09,0.00,0.00,0.00,0.00,282206698,1187865832,210457143,677412029
18446744073091.54,8388611.56,9211577.54,2650391.91,822965.98,0.00,0.00,0.00,0.00,4072091815.51,6683142740.09,0.00,0.00,0.00,0.00,282206698,1187865832,210457143,677412029
