time_sec,host_write_MB,cache_write_MB,backend_write_MB,gc_write_MB,host_write_delta_MB,cache_write_delta_MB,backend_write_delta_MB,gc_write_delta_MB,nvme_host_written_MB,nvme_media_written_MB,nvme_host_delta_MB,nvme_media_delta_MB,cache_read_MB,backend_read_MB,valid_blocks,write_hit_count,gc_victim_blocks,evict_victim_blocks
2.00,0.00,0.00,0.00,0.00,0.00,0.00,0.00,0.00,0.00,0.00,0.00,0.00,0.00,0.00,0,0,0,0
4.00,0.00,0.00,0.00,0.00,0.00,0.00,0.00,0.00,195149270.17,202081103.47,195149270.17,202081103.47,0.00,0.00,0,0,0,0
6.00,0.00,0.00,0.00,0.00,0.00,0.00,0.00,0.00,195149270.17,202081103.47,0.00,0.00,0.00,0.00,0,0,0,0
8.00,0.00,0.00,0.00,0.00,0.00,0.00,0.00,0.00,195149270.17,202081103.47,0.00,0.00,0.00,0.00,0,0,0,0
10.00,0.00,0.00,0.00,0.00,0.00,0.00,0.00,0.00,195149270.17,202081103.47,0.00,0.00,0.00,0.00,0,0,0,0
12.00,0.00,0.00,0.00,0.00,0.00,0.00,0.00,0.00,195149270.17,202081103.47,0.00,0.00,0.00,0.00,0,0,0,0
14.00,0.00,0.00,0.00,0.00,0.00,0.00,0.00,0.00,195149270.17,202081103.47,0.00,0.00,0.00,0.00,0,0,0,0
16.00,0.00,0.00,0.00,0.00,0.00,0.00,0.00,0.00,195149270.17,202081103.47,0.00,0.00,0.00,0.00,0,0,0,0
18.00,0.00,0.00,0.00,0.00,0.00,0.00,0.00,0.00,195149270.17,202081103.47,0.00,0.00,0.00,0.00,0,0,0,0
20.00,657.18,657.18,0.00,0.00,657.18,657.18,0.00,0.00,195149270.17,202081103.47,0.00,0.00,0.00,0.00,163111,5126,0,0
22.00,3127.07,3127.07,0.00,0.00,2469.89,2469.89,0.00,0.00,195149270.17,202081103.47,0.00,0.00,0.00,0.00,765948,34582,0,0
24.00,5725.69,5725.69,0.00,0.00,2598.62,2598.62,0.00,0.00,195149270.17,202081103.47,0.00,0.00,0.00,0.00,1324675,141102,0,0
26.00,8102.46,8102.46,0.00,0.00,2376.77,2376.77,0.00,0.00,195149270.17,202081103.47,0.00,0.00,0.00,0.00,1786513,287716,0,0
28.00,10697.16,10697.16,0.00,0.00,2594.70,2594.70,0.00,0.00,195149270.17,202081103.47,0.00,0.00,0.00,0.00,2231638,506834,0,0
30.00,13277.85,13277.85,0.00,0.00,2580.69,2580.69,0.00,0.00,195149270.17,202081103.47,0.00,0.00,0.00,0.00,2568011,831118,0,0
32.00,15851.88,15851.88,0.00,0.00,2574.03,2574.03,0.00,0.00,195149270.17,202081103.47,0.00,0.00,0.00,0.00,2821066,1237014,0,0
34.00,17990.06,17990.06,0.00,0.00,2138.19,2138.19,0.00,0.00,195149270.17,202081103.47,0.00,0.00,0.00,0.00,3080513,1524943,0,0
36.00,20601.77,20601.77,0.00,0.00,2611.70,2611.70,0.00,0.00,195149270.17,202081103.47,0.00,0.00,0.00,0.00,3443377,1830675,0,0
38.00,23178.02,23178.02,0.00,0.00,2576.26,2576.26,0.00,0.00,195149270.17,202081103.47,0.00,0.00,0.00,0.00,3771941,2161633,0,0
40.00,25770.25,25770.25,0.00,0.00,2592.22,2592.22,0.00,0.00,195149270.17,202081103.47,0.00,0.00,0.00,0.00,4051796,2545387,0,0
42.00,28367.99,28367.99,0.00,0.00,2597.75,2597.75,0.00,0.00,195149270.17,202081103.47,0.00,0.00,0.00,0.00,4445361,2816845,0,0
44.00,30916.76,30916.76,0.00,0.00,2548.77,2548.77,0.00,0.00,195149270.17,202081103.47,0.00,0.00,0.00,0.00,4694327,3220364,0,0
46.00,33516.24,33516.24,0.00,0.00,2599.48,2599.48,0.00,0.00,195149270.17,202081103.47,0.00,0.00,0.00,0.00,4937219,3642938,0,0
48.00,36091.98,36091.98,0.00,0.00,2575.74,2575.74,0.00,0.00,195149270.17,202081103.47,0.00,0.00,0.00,0.00,5247936,3991611,0,0
50.00,38711.76,38711.76,0.00,0.00,2619.78,2619.78,0.00,0.00,195149270.17,202081103.47,0.00,0.00,0.00,0.00,5723787,4186423,0,0
52.00,40957.21,40957.21,0.00,0.00,2245.45,2245.45,0.00,0.00,195149270.17,202081103.47,0.00,0.00,0.00,0.00,5967347,4517699,0,0
54.00,42944.45,42944.45,0.00,0.00,1987.23,1987.23,0.00,0.00,195149270.17,202081103.47,0.00,0.00,0.00,0.00,6248655,4745123,0,0
56.00,45487.64,45487.64,0.00,0.00,2543.19,2543.19,0.00,0.00,195149270.17,202081103.47,0.00,0.00,0.00,0.00,6462274,5182561,0,0
58.00,48015.88,48015.88,0.00,0.00,2528.24,2528.24,0.00,0.00,195149270.17,202081103.47,0.00,0.00,0.00,0.00,6760154,5531910,0,0
60.00,50600.45,50600.45,0.00,0.00,2584.57,2584.57,0.00,0.00,195149270.17,202081103.47,0.00,0.00,0.00,0.00,6958774,5994941,0,0
62.00,53223.44,53223.44,0.00,0.00,2622.99,2622.99,0.00,0.00,195149270.17,202081103.47,0.00,0.00,0.00,0.00,7199305,6425895,0,0
64.00,55836.58,55836.58,0.00,0.00,2613.14,2613.14,0.00,0.00,195149270.17,202081103.47,0.00,0.00,0.00,0.00,7693789,6600375,0,0
66.00,58419.21,58419.21,0.00,0.00,2582.64,2582.64,0.00,0.00,195149270.17,202081103.47,0.00,0.00,0.00,0.00,8037223,6918096,0,0
68.00,61010.62,61010.62,0.00,0.00,2591.41,2591.41,0.00,0.00,195149270.17,202081103.47,0.00,0.00,0.00,0.00,8410487,7208233,0,0
70.00,63568.76,63568.76,0.00,0.00,2558.14,2558.14,0.00,0.00,195149270.17,202081103.47,0.00,0.00,0.00,0.00,8836666,7436937,0,0
72.00,66152.01,66152.01,0.00,0.00,2583.25,2583.25,0.00,0.00,195149270.17,202081103.47,0.00,0.00,0.00,0.00,9201179,7733736,0,0
74.00,68740.91,68740.91,0.00,0.00,2588.90,2588.90,0.00,0.00,195149270.17,202081103.47,0.00,0.00,0.00,0.00,9567187,8030487,0,0
76.00,71355.78,71355.78,0.00,0.00,2614.86,2614.86,0.00,0.00,195149270.17,202081103.47,0.00,0.00,0.00,0.00,9822474,8444605,0,0
78.00,73980.54,73980.54,0.00,0.00,2624.76,2624.76,0.00,0.00,195149270.17,202081103.47,0.00,0.00,0.00,0.00,10116294,8822724,0,0
80.00,76685.12,76685.12,0.00,0.00,2704.59,2704.59,0.00,0.00,195149270.17,202081103.47,0.00,0.00,0.00,0.00,10497112,9134280,0,0
82.00,79365.05,79365.05,0.00,0.00,2679.93,2679.93,0.00,0.00,195149270.17,202081103.47,0.00,0.00,0.00,0.00,10899726,9417728,0,0
84.00,82092.96,82092.96,0.00,0.00,2727.91,2727.91,0.00,0.00,195149270.17,202081103.47,0.00,0.00,0.00,0.00,11228428,9787370,0,0
86.00,84836.54,84836.54,0.00,0.00,2743.57,2743.57,0.00,0.00,195149270.17,202081103.47,0.00,0.00,0.00,0.00,11646126,10072027,0,0
88.00,87620.23,87620.23,0.00,0.00,2783.70,2783.70,0.00,0.00,195149270.17,202081103.47,0.00,0.00,0.00,0.00,12046397,10384382,0,0
90.01,88298.74,88298.74,0.00,0.00,678.51,678.51,0.00,0.00,195149270.17,202081103.47,0.00,0.00,0.00,0.00,12117714,10486763,0,0
92.01,91148.74,91148.74,0.00,0.00,2850.00,2850.00,0.00,0.00,195149270.17,202081103.47,0.00,0.00,0.00,0.00,12413001,10921077,0,0
94.01,93938.16,93938.16,0.00,0.00,2789.41,2789.41,0.00,0.00,195149270.17,202081103.47,0.00,0.00,0.00,0.00,12660984,11387184,0,0
96.01,96776.15,96776.15,0.00,0.00,2838.00,2838.00,0.00,0.00,195149270.17,202081103.47,0.00,0.00,0.00,0.00,13031712,11742983,0,0
98.01,99588.16,99588.16,0.00,0.00,2812.01,2812.01,0.00,0.00,195149270.17,202081103.47,0.00,0.00,0.00,0.00,13380664,12113906,0,0
100.01,102434.22,102434.22,0.00,0.00,2846.06,2846.06,0.00,0.00,195149270.17,202081103.47,0.00,0.00,0.00,0.00,13802739,12420422,0,0
102.01,105276.72,105276.72,0.00,0.00,2842.50,2842.50,0.00,0.00,195149270.17,202081103.47,0.00,0.00,0.00,0.00,14075536,12875304,0,0
104.01,108102.03,108102.03,0.00,0.00,2825.31,2825.31,0.00,0.00,195149270.17,202081103.47,0.00,0.00,0.00,0.00,14445507,13228613,0,0
106.01,110981.50,110981.50,0.00,0.00,2879.47,2879.47,0.00,0.00,195149270.17,202081103.47,0.00,0.00,0.00,0.00,14725226,13686038,0,0
108.01,113834.95,113834.95,0.00,0.00,2853.45,2853.45,0.00,0.00,195149270.17,202081103.47,0.00,0.00,0.00,0.00,14979541,14162206,0,0
110.01,116681.09,116681.09,0.00,0.00,2846.14,2846.14,0.00,0.00,195149270.17,202081103.47,0.00,0.00,0.00,0.00,15435944,14434414,0,0
112.01,119506.00,119506.00,0.00,0.00,2824.91,2824.91,0.00,0.00,195149270.17,202081103.47,0.00,0.00,0.00,0.00,15964216,14629320,0,0
114.01,122327.84,122327.84,0.00,0.00,2821.84,2821.84,0.00,0.00,195149270.17,202081103.47,0.00,0.00,0.00,0.00,16449252,14866674,0,0
116.01,125165.13,125165.13,0.00,0.00,2837.30,2837.30,0.00,0.00,195149270.17,202081103.47,0.00,0.00,0.00,0.00,16859909,15182365,0,0
118.01,127966.58,127966.58,0.00,0.00,2801.45,2801.45,0.00,0.00,195149270.17,202081103.47,0.00,0.00,0.00,0.00,17213164,15546281,0,0
120.01,130799.61,130799.61,0.00,0.00,2833.03,2833.03,0.00,0.00,195149270.17,202081103.47,0.00,0.00,0.00,0.00,17635857,15848844,0,0
122.01,133601.11,133601.11,0.00,0.00,2801.50,2801.50,0.00,0.00,195149270.17,202081103.47,0.00,0.00,0.00,0.00,18243579,15958305,0,0
124.01,136350.88,136350.88,0.00,0.00,2749.77,2749.77,0.00,0.00,195149270.17,202081103.47,0.00,0.00,0.00,0.00,18619729,16286097,0,0
126.01,139072.71,139072.71,0.00,0.00,2721.83,2721.83,0.00,0.00,195149270.17,202081103.47,0.00,0.00,0.00,0.00,18919866,16682749,0,0
128.01,141808.01,141808.01,0.00,0.00,2735.30,2735.30,0.00,0.00,195149270.17,202081103.47,0.00,0.00,0.00,0.00,19126193,17176658,0,0
130.01,144528.32,144528.32,0.00,0.00,2720.31,2720.31,0.00,0.00,195149270.17,202081103.47,0.00,0.00,0.00,0.00,19455182,17544069,0,0
132.01,147292.11,147292.11,0.00,0.00,2763.79,2763.79,0.00,0.00,195149270.17,202081103.47,0.00,0.00,0.00,0.00,19886612,17820168,0,0
134.01,150057.30,150057.30,0.00,0.00,2765.19,2765.19,0.00,0.00,195149270.17,202081103.47,0.00,0.00,0.00,0.00,20268646,18146022,0,0
136.01,152843.07,152843.07,0.00,0.00,2785.78,2785.78,0.00,0.00,195149270.17,202081103.47,0.00,0.00,0.00,0.00,20605597,18522230,0,0
138.01,155630.72,155630.72,0.00,0.00,2787.64,2787.64,0.00,0.00,195149270.17,202081103.47,0.00,0.00,0.00,0.00,21051888,18789576,0,0
140.01,158266.10,158266.10,0.00,0.00,2635.38,2635.38,0.00,0.00,195149270.17,202081103.47,0.00,0.00,0.00,0.00,21464820,19051301,0,0
142.01,160904.25,160904.25,0.00,0.00,2638.16,2638.16,0.00,0.00,195149270.17,202081103.47,0.00,0.00,0.00,0.00,21856780,19334709,0,0
144.01,163564.68,163564.68,0.00,0.00,2660.42,2660.42,0.00,0.00,195149270.17,202081103.47,0.00,0.00,0.00,0.00,22201936,19670621,0,0
146.01,166295.26,166295.26,0.00,0.00,2730.58,2730.58,0.00,0.00,195149270.17,202081103.47,0.00,0.00,0.00,0.00,22575315,19996271,0,0
148.01,168994.82,168994.82,0.00,0.00,2699.56,2699.56,0.00,0.00,195149270.17,202081103.47,0.00,0.00,0.00,0.00,22905391,20357282,0,0
150.01,171813.94,171813.94,0.00,0.00,2819.12,2819.12,0.00,0.00,195149270.17,202081103.47,0.00,0.00,0.00,0.00,23368067,20616301,0,0
152.01,174622.79,174622.79,0.00,0.00,2808.86,2808.86,0.00,0.00,195149270.17,202081103.47,0.00,0.00,0.00,0.00,23715411,20988024,0,0
154.01,177403.33,177403.33,0.00,0.00,2780.54,2780.54,0.00,0.00,195149270.17,202081103.47,0.00,0.00,0.00,0.00,23989181,21426072,0,0
156.01,180175.52,180175.52,0.00,0.00,2772.19,2772.19,0.00,0.00,195149270.17,202081103.47,0.00,0.00,0.00,0.00,24237614,21887320,0,0
158.01,183040.50,183040.50,0.00,0.00,2864.97,2864.97,0.00,0.00,195149270.17,202081103.47,0.00,0.00,0.00,0.00,24426996,22431371,0,0
160.01,184865.71,184865.71,0.00,0.00,1825.21,1825.21,0.00,0.00,195149270.17,202081103.47,0.00,0.00,0.00,0.00,24607243,22718378,0,0
162.40,184865.81,184865.81,0.00,0.00,0.10,0.10,0.00,0.00,195149270.17,202081103.47,0.00,0.00,0.00,0.00,24607269,22718378,0,0
164.40,187736.52,187736.52,0.00,0.00,2870.71,2870.71,0.00,0.00,195149270.17,202081103.47,0.00,0.00,0.00,0.00,24945761,23114787,0,0
166.40,190523.62,190523.62,0.00,0.00,2787.10,2787.10,0.00,0.00,195149270.17,202081103.47,0.00,0.00,0.00,0.00,25438430,23335616,0,0
168.40,193323.59,193323.59,0.00,0.00,2799.97,2799.97,0.00,0.00,195149270.17,202081103.47,0.00,0.00,0.00,0.00,25898108,23592731,0,0
170.40,196117.06,196117.06,0.00,0.00,2793.47,2793.47,0.00,0.00,195149270.17,202081103.47,0.00,0.00,0.00,0.00,26315972,23889996,0,0
172.40,198950.16,198950.16,0.00,0.00,2833.10,2833.10,0.00,0.00,195149270.17,202081103.47,0.00,0.00,0.00,0.00,26634238,24297003,0,0
174.40,201752.73,201752.73,0.00,0.00,2802.57,2802.57,0.00,0.00,195149270.17,202081103.47,0.00,0.00,0.00,0.00,27052147,24596552,0,0
176.40,204504.70,204504.70,0.00,0.00,2751.96,2751.96,0.00,0.00,195149270.17,202081103.47,0.00,0.00,0.00,0.00,27254383,25098819,0,0
178.40,207311.99,207311.99,0.00,0.00,2807.30,2807.30,0.00,0.00,195149270.17,202081103.47,0.00,0.00,0.00,0.00,27557411,25514459,0,0
180.40,210157.91,210157.91,0.00,0.00,2845.92,2845.92,0.00,0.00,195149270.17,202081103.47,0.00,0.00,0.00,0.00,27922802,25877624,0,0
182.40,213033.65,213033.65,0.00,0.00,2875.74,2875.74,0.00,0.00,195149270.17,202081103.47,0.00,0.00,0.00,0.00,28223651,26312964,0,0
184.40,215898.48,215898.48,0.00,0.00,2864.82,2864.82,0.00,0.00,195149270.17,202081103.47,0.00,0.00,0.00,0.00,28610015,26659995,0,0
186.40,218667.31,218667.31,0.00,0.00,2768.83,2768.83,0.00,0.00,195149270.17,202081103.47,0.00,0.00,0.00,0.00,29154646,26824185,0,0
188.40,221415.36,221415.36,0.00,0.00,2748.05,2748.05,0.00,0.00,195149270.17,202081103.47,0.00,0.00,0.00,0.00,29398309,27284022,0,0
190.40,224181.57,224181.57,0.00,0.00,2766.22,2766.22,0.00,0.00,195149270.17,202081103.47,0.00,0.00,0.00,0.00,29601277,27789206,0,0
192.40,226981.68,226981.68,0.00,0.00,2800.10,2800.10,0.00,0.00,195149270.17,202081103.47,0.00,0.00,0.00,0.00,29816403,28290906,0,0
194.40,229788.30,229788.30,0.00,0.00,2806.62,2806.62,0.00,0.00,195149270.17,202081103.47,0.00,0.00,0.00,0.00,30236771,28589034,0,0
196.40,232619.57,232619.57,0.00,0.00,2831.27,2831.27,0.00,0.00,195149270.17,202081103.47,0.00,0.00,0.00,0.00,30511806,29038804,0,0
198.40,235442.33,235442.33,0.00,0.00,2822.76,2822.76,0.00,0.00,195149270.17,202081103.47,0.00,0.00,0.00,0.00,30863533,29409704,0,0
200.40,238261.91,238261.91,0.00,0.00,2819.57,2819.57,0.00,0.00,195149270.17,202081103.47,0.00,0.00,0.00,0.00,31100506,29894542,0,0
202.40,241079.91,241079.91,0.00,0.00,2818.00,2818.00,0.00,0.00,195149270.17,202081103.47,0.00,0.00,0.00,0.00,31369051,30347406,0,0
204.40,243876.45,243876.45,0.00,0.00,2796.54,2796.54,0.00,0.00,195149270.17,202081103.47,0.00,0.00,0.00,0.00,31705328,30727042,0,0
206.40,246663.41,246663.41,0.00,0.00,2786.96,2786.96,0.00,0.00,195149270.17,202081103.47,0.00,0.00,0.00,0.00,31938294,31207538,0,0
208.40,249457.55,249457.55,0.00,0.00,2794.14,2794.14,0.00,0.00,195149270.17,202081103.47,0.00,0.00,0.00,0.00,32328882,31532250,0,0
210.40,252256.79,252256.79,0.00,0.00,2799.24,2799.24,0.00,0.00,195149270.17,202081103.47,0.00,0.00,0.00,0.00,32656072,31921666,0,0
212.40,255068.95,255068.95,0.00,0.00,2812.16,2812.16,0.00,0.00,195149270.17,202081103.47,0.00,0.00,0.00,0.00,32855267,32442385,0,0
214.40,257880.59,257880.59,0.00,0.00,2811.64,2811.64,0.00,0.00,195149270.17,202081103.47,0.00,0.00,0.00,0.00,33203120,32814311,0,0
216.40,260699.08,260699.08,0.00,0.00,2818.49,2818.49,0.00,0.00,195149270.17,202081103.47,0.00,0.00,0.00,0.00,33389231,33349733,0,0
218.40,263537.55,263537.55,0.00,0.00,2838.47,2838.47,0.00,0.00,195149270.17,202081103.47,0.00,0.00,0.00,0.00,33636675,33828937,0,0
220.40,266363.23,266363.23,0.00,0.00,2825.68,2825.68,0.00,0.00,195149270.17,202081103.47,0.00,0.00,0.00,0.00,33848453,34340533,0,0
222.40,269203.99,269203.99,0.00,0.00,2840.76,2840.76,0.00,0.00,195149270.17,202081103.47,0.00,0.00,0.00,0.00,34074616,34841605,0,0
224.40,272030.28,272030.28,0.00,0.00,2826.29,2826.29,0.00,0.00,195149270.17,202081103.47,0.00,0.00,0.00,0.00,34335159,35304592,0,0
226.40,274868.37,274868.37,0.00,0.00,2838.09,2838.09,0.00,0.00,195149270.17,202081103.47,0.00,0.00,0.00,0.00,34789552,35576751,0,0
228.40,277734.64,277734.64,0.00,0.00,2866.27,2866.27,0.00,0.00,195149270.17,202081103.47,0.00,0.00,0.00,0.00,35019199,36080869,0,0
230.40,280605.74,280605.74,0.00,0.00,2871.10,2871.10,0.00,0.00,195149270.17,202081103.47,0.00,0.00,0.00,0.00,35210823,36624246,0,0
232.40,283467.29,283467.29,0.00,0.00,2861.55,2861.55,0.00,0.00,195149270.17,202081103.47,0.00,0.00,0.00,0.00,35288481,37279146,0,0
234.40,286337.12,286337.12,0.00,0.00,2869.83,2869.83,0.00,0.00,195149270.17,202081103.47,0.00,0.00,0.00,0.00,35429876,37872428,0,0
236.40,289127.36,289127.36,0.00,0.00,2790.23,2790.23,0.00,0.00,195149270.17,202081103.47,0.00,0.00,0.00,0.00,35557407,38459197,0,0
238.40,291909.44,291909.44,0.00,0.00,2782.08,2782.08,0.00,0.00,195149270.17,202081103.47,0.00,0.00,0.00,0.00,35670450,39058366,0,0
240.40,294647.01,294647.01,0.00,0.00,2737.57,2737.57,0.00,0.00,195149270.17,202081103.47,0.00,0.00,0.00,0.00,35940210,39489424,0,0
242.40,297378.94,297378.94,0.00,0.00,2731.93,2731.93,0.00,0.00,195149270.17,202081103.47,0.00,0.00,0.00,0.00,36177423,39951585,0,0
244.40,300121.53,300121.53,0.00,0.00,2742.59,2742.59,0.00,0.00,195149270.17,202081103.47,0.00,0.00,0.00,0.00,36408993,40422119,0,0
246.40,302854.12,302854.12,0.00,0.00,2732.59,2732.59,0.00,0.00,195149270.17,202081103.47,0.00,0.00,0.00,0.00,36731665,40798989,0,0
248.40,305559.82,305559.82,0.00,0.00,2705.70,2705.70,0.00,0.00,195149270.17,202081103.47,0.00,0.00,0.00,0.00,37011686,41211628,0,0
250.40,308284.63,308284.63,0.00,0.00,2724.81,2724.81,0.00,0.00,195149270.17,202081103.47,0.00,0.00,0.00,0.00,37168428,41752437,0,0
252.40,311086.88,311086.88,0.00,0.00,2802.25,2802.25,0.00,0.00,195149270.17,202081103.47,0.00,0.00,0.00,0.00,37334203,42304039,0,0
254.40,313930.70,313930.70,0.00,0.00,2843.82,2843.82,0.00,0.00,195149270.17,202081103.47,0.00,0.00,0.00,0.00,37539416,42826843,0,0
256.40,316750.04,316750.04,0.00,0.00,2819.34,2819.34,0.00,0.00,195149270.17,202081103.47,0.00,0.00,0.00,0.00,37847115,43240894,0,0
258.40,319579.93,319579.93,0.00,0.00,2829.90,2829.90,0.00,0.00,195149270.17,202081103.47,0.00,0.00,0.00,0.00,37945321,43867142,0,0
260.40,322399.11,322399.11,0.00,0.00,2819.18,2819.18,0.00,0.00,195149270.17,202081103.47,0.00,0.00,0.00,0.00,38141802,44392370,0,0
262.40,325222.22,325222.22,0.00,0.00,2823.11,2823.11,0.00,0.00,195149270.17,202081103.47,0.00,0.00,0.00,0.00,38241516,45015373,0,0
264.40,328058.46,328058.46,0.00,0.00,2836.24,2836.24,0.00,0.00,195149270.17,202081103.47,0.00,0.00,0.00,0.00,38355473,45627493,0,0
266.40,330895.89,330895.89,0.00,0.00,2837.43,2837.43,0.00,0.00,195149270.17,202081103.47,0.00,0.00,0.00,0.00,38632270,46077077,0,0
268.40,333725.55,333725.55,0.00,0.00,2829.67,2829.67,0.00,0.00,195149270.17,202081103.47,0.00,0.00,0.00,0.00,38754789,46678953,0,0
270.40,336540.18,336540.18,0.00,0.00,2814.63,2814.63,0.00,0.00,195149270.17,202081103.47,0.00,0.00,0.00,0.00,39031871,47122416,0,0
272.40,339384.69,339384.69,0.00,0.00,2844.50,2844.50,0.00,0.00,195149270.17,202081103.47,0.00,0.00,0.00,0.00,39338741,47543739,0,0
274.40,342225.90,342225.90,0.00,0.00,2841.21,2841.21,0.00,0.00,195149270.17,202081103.47,0.00,0.00,0.00,0.00,39492993,48116838,0,0
276.40,345055.61,345055.61,0.00,0.00,2829.70,2829.70,0.00,0.00,195149270.17,202081103.47,0.00,0.00,0.00,0.00,39630138,48704097,0,0
278.40,347895.24,347895.24,0.00,0.00,2839.63,2839.63,0.00,0.00,195149270.17,202081103.47,0.00,0.00,0.00,0.00,39763149,49298032,0,0
280.40,350732.90,350732.90,0.00,0.00,2837.66,2837.66,0.00,0.00,195149270.17,202081103.47,0.00,0.00,0.00,0.00,39907879,49879744,0,0
282.40,353583.92,353583.92,0.00,0.00,2851.02,2851.02,0.00,0.00,195149270.17,202081103.47,0.00,0.00,0.00,0.00,40014298,50503185,0,0
284.40,356385.34,356385.34,0.00,0.00,2801.42,2801.42,0.00,0.00,195149270.17,202081103.47,0.00,0.00,0.00,0.00,40172869,51061777,0,0
286.40,359174.92,359174.92,0.00,0.00,2789.59,2789.59,0.00,0.00,195149270.17,202081103.47,0.00,0.00,0.00,0.00,40302322,51646458,0,0
288.40,361976.57,361976.57,0.00,0.00,2801.64,2801.64,0.00,0.00,195149270.17,202081103.47,0.00,0.00,0.00,0.00,40461920,52204081,0,0
290.40,364771.74,364771.74,0.00,0.00,2795.18,2795.18,0.00,0.00,195511048.99,202448620.33,361778.82,367516.86,0.00,0.00,40604152,52777414,0,0
292.40,367573.62,367573.62,0.00,0.00,2801.88,2801.88,0.00,0.00,195511048.99,202448620.33,0.00,0.00,0.00,0.00,41011843,53087004,0,0
294.40,370382.56,370382.56,0.00,0.00,2808.94,2808.94,0.00,0.00,195511048.99,202448620.33,0.00,0.00,0.00,0.00,41349649,53468287,0,0
296.40,373191.70,373191.70,0.00,0.00,2809.14,2809.14,0.00,0.00,195511048.99,202448620.33,0.00,0.00,0.00,0.00,41751652,53785423,0,0
298.40,375998.77,375998.77,0.00,0.00,2807.07,2807.07,0.00,0.00,195511048.99,202448620.33,0.00,0.00,0.00,0.00,41800856,54454828,0,0
300.40,378789.50,378789.50,0.00,0.00,2790.73,2790.73,0.00,0.00,195511048.99,202448620.33,0.00,0.00,0.00,0.00,42008122,54961989,0,0
302.40,381559.27,381559.27,0.00,0.00,2769.77,2769.77,0.00,0.00,195511048.99,202448620.33,0.00,0.00,0.00,0.00,42498266,55180906,0,0
304.40,384339.80,384339.80,0.00,0.00,2780.54,2780.54,0.00,0.00,195511048.99,202448620.33,0.00,0.00,0.00,0.00,43109402,55281588,0,0
306.40,387120.62,387120.62,0.00,0.00,2780.82,2780.82,0.00,0.00,195511048.99,202448620.33,0.00,0.00,0.00,0.00,43579198,55523682,0,0
308.40,389934.65,389934.65,0.00,0.00,2814.03,2814.03,0.00,0.00,195511048.99,202448620.33,0.00,0.00,0.00,0.00,43665906,56157365,0,0
310.40,392804.66,392804.66,0.00,0.00,2870.00,2870.00,0.00,0.00,195511048.99,202448620.33,0.00,0.00,0.00,0.00,44054950,56503042,0,0
312.40,395683.25,395683.25,0.00,0.00,2878.59,2878.59,0.00,0.00,195511048.99,202448620.33,0.00,0.00,0.00,0.00,44283600,57011311,0,0
314.40,398552.12,398552.12,0.00,0.00,2868.87,2868.87,0.00,0.00,195511048.99,202448620.33,0.00,0.00,0.00,0.00,44343939,57685403,0,0
316.40,401415.16,401415.16,0.00,0.00,2863.05,2863.05,0.00,0.00,195511048.99,202448620.33,0.00,0.00,0.00,0.00,44440584,58321698,0,0
318.40,404302.07,404302.07,0.00,0.00,2886.91,2886.91,0.00,0.00,195511048.99,202448620.33,0.00,0.00,0.00,0.00,44652649,58848682,0,0
320.40,407166.88,407166.88,0.00,0.00,2864.81,2864.81,0.00,0.00,195511048.99,202448620.33,0.00,0.00,0.00,0.00,44922966,59311756,0,0
322.40,410033.05,410033.05,0.00,0.00,2866.17,2866.17,0.00,0.00,195511048.99,202448620.33,0.00,0.00,0.00,0.00,45056559,59911903,0,0
324.40,412909.00,412909.00,0.00,0.00,2875.95,2875.95,0.00,0.00,195511048.99,202448620.33,0.00,0.00,0.00,0.00,45341082,60363623,0,0
326.40,415769.21,415769.21,0.00,0.00,2860.21,2860.21,0.00,0.00,195511048.99,202448620.33,0.00,0.00,0.00,0.00,45448455,60988464,0,0
328.40,418616.89,418616.89,0.00,0.00,2847.68,2847.68,0.00,0.00,195511048.99,202448620.33,0.00,0.00,0.00,0.00,45535753,61630171,0,0
330.40,421486.64,421486.64,0.00,0.00,2869.75,2869.75,0.00,0.00,195511048.99,202448620.33,0.00,0.00,0.00,0.00,45646334,62254246,0,0
332.40,424331.95,424331.95,0.00,0.00,2845.31,2845.31,0.00,0.00,195511048.99,202448620.33,0.00,0.00,0.00,0.00,45747960,62881020,0,0
334.40,427169.94,427169.94,0.00,0.00,2837.98,2837.98,0.00,0.00,195511048.99,202448620.33,0.00,0.00,0.00,0.00,46003202,63352302,0,0
336.40,429997.95,429997.95,0.00,0.00,2828.02,2828.02,0.00,0.00,195511048.99,202448620.33,0.00,0.00,0.00,0.00,46061941,64017535,0,0
338.40,432831.43,432831.43,0.00,0.00,2833.47,2833.47,0.00,0.00,195511048.99,202448620.33,0.00,0.00,0.00,0.00,46084902,64719943,0,0
340.40,435660.77,435660.77,0.00,0.00,2829.35,2829.35,0.00,0.00,195511048.99,202448620.33,0.00,0.00,0.00,0.00,46149513,65379645,0,0
342.40,438525.84,438525.84,0.00,0.00,2865.07,2865.07,0.00,0.00,195511048.99,202448620.33,0.00,0.00,0.00,0.00,46338604,65924011,0,0
344.40,441380.15,441380.15,0.00,0.00,2854.31,2854.31,0.00,0.00,195511048.99,202448620.33,0.00,0.00,0.00,0.00,46457517,66535801,0,0
346.40,444239.46,444239.46,0.00,0.00,2859.31,2859.31,0.00,0.00,195511048.99,202448620.33,0.00,0.00,0.00,0.00,46578109,67147193,0,0
348.40,447111.75,447111.75,0.00,0.00,2872.29,2872.29,0.00,0.00,195511048.99,202448620.33,0.00,0.00,0.00,0.00,46619228,67841379,0,0
350.40,449981.41,449981.41,0.00,0.00,2869.66,2869.66,0.00,0.00,195511048.99,202448620.33,0.00,0.00,0.00,0.00,46782413,68412828,0,0
352.40,452868.29,452868.29,0.00,0.00,2886.88,2886.88,0.00,0.00,195511048.99,202448620.33,0.00,0.00,0.00,0.00,47028144,68906138,0,0
354.40,455735.71,455735.71,0.00,0.00,2867.42,2867.42,0.00,0.00,195511048.99,202448620.33,0.00,0.00,0.00,0.00,47141720,69526621,0,0
356.40,458594.95,458594.95,0.00,0.00,2859.24,2859.24,0.00,0.00,195511048.99,202448620.33,0.00,0.00,0.00,0.00,47237314,70162993,0,0
358.40,461428.23,461428.23,0.00,0.00,2833.29,2833.29,0.00,0.00,195511048.99,202448620.33,0.00,0.00,0.00,0.00,47352882,70772746,0,0
360.40,464270.57,464270.57,0.00,0.00,2842.34,2842.34,0.00,0.00,195511048.99,202448620.33,0.00,0.00,0.00,0.00,47506572,71346695,0,0
362.40,467128.34,467128.34,0.00,0.00,2857.77,2857.77,0.00,0.00,195511048.99,202448620.33,0.00,0.00,0.00,0.00,47587844,71997011,0,0
364.40,469964.98,469964.98,0.00,0.00,2836.64,2836.64,0.00,0.00,195511048.99,202448620.33,0.00,0.00,0.00,0.00,47789216,72521818,0,0
366.40,472837.31,472837.31,0.00,0.00,2872.34,2872.34,0.00,0.00,195511048.99,202448620.33,0.00,0.00,0.00,0.00,47978504,73067848,0,0
368.40,475663.45,475663.45,0.00,0.00,2826.14,2826.14,0.00,0.00,195511048.99,202448620.33,0.00,0.00,0.00,0.00,48183883,73585961,0,0
370.40,478529.15,478529.15,0.00,0.00,2865.70,2865.70,0.00,0.00,195511048.99,202448620.33,0.00,0.00,0.00,0.00,48302441,74201022,0,0
372.40,481378.07,481378.07,0.00,0.00,2848.91,2848.91,0.00,0.00,195511048.99,202448620.33,0.00,0.00,0.00,0.00,48357994,74874791,0,0
374.40,484208.34,484208.34,0.00,0.00,2830.28,2830.28,0.00,0.00,195511048.99,202448620.33,0.00,0.00,0.00,0.00,48460706,75496630,0,0
376.40,487048.33,487048.33,0.00,0.00,2839.98,2839.98,0.00,0.00,195511048.99,202448620.33,0.00,0.00,0.00,0.00,48554018,76130354,0,0
378.40,489907.12,489907.12,0.00,0.00,2858.80,2858.80,0.00,0.00,195511048.99,202448620.33,0.00,0.00,0.00,0.00,48634725,76781499,0,0
380.40,492741.94,492741.94,0.00,0.00,2834.82,2834.82,0.00,0.00,195511048.99,202448620.33,0.00,0.00,0.00,0.00,48677784,77464153,0,0
382.40,495607.63,495607.63,0.00,0.00,2865.69,2865.69,0.00,0.00,195511048.99,202448620.33,0.00,0.00,0.00,0.00,48716911,78158643,0,0
384.40,498472.66,498472.66,0.00,0.00,2865.02,2865.02,0.00,0.00,195511048.99,202448620.33,0.00,0.00,0.00,0.00,48774675,78834325,0,0
386.40,501343.34,501343.34,0.00,0.00,2870.68,2870.68,0.00,0.00,195511048.99,202448620.33,0.00,0.00,0.00,0.00,48949915,79393980,0,0
388.40,504213.34,504213.34,0.00,0.00,2870.00,2870.00,0.00,0.00,195511048.99,202448620.33,0.00,0.00,0.00,0.00,49122613,79956002,0,0
390.40,507040.40,507040.40,0.00,0.00,2827.06,2827.06,0.00,0.00,195511048.99,202448620.33,0.00,0.00,0.00,0.00,49201820,80600523,0,0
392.40,509876.82,509876.82,0.00,0.00,2836.41,2836.41,0.00,0.00,195511048.99,202448620.33,0.00,0.00,0.00,0.00,49304040,81224425,0,0
394.40,512731.48,512731.48,0.00,0.00,2854.67,2854.67,0.00,0.00,195511048.99,202448620.33,0.00,0.00,0.00,0.00,49391172,81868088,0,0
396.40,515588.46,515588.46,0.00,0.00,2856.98,2856.98,0.00,0.00,195511048.99,202448620.33,0.00,0.00,0.00,0.00,49550235,82440411,0,0
398.40,518377.74,518377.74,0.00,0.00,2789.28,2789.28,0.00,0.00,195511048.99,202448620.33,0.00,0.00,0.00,0.00,49685430,83019271,0,0
400.40,521187.14,521187.14,0.00,0.00,2809.40,2809.40,0.00,0.00,195511048.99,202448620.33,0.00,0.00,0.00,0.00,49758681,83665227,0,0
402.40,523963.46,523963.46,0.00,0.00,2776.32,2776.32,0.00,0.00,195511048.99,202448620.33,0.00,0.00,0.00,0.00,49818039,84316607,0,0
404.40,526742.97,526742.97,0.00,0.00,2779.51,2779.51,0.00,0.00,195511048.99,202448620.33,0.00,0.00,0.00,0.00,49961142,84885058,0,0
406.40,526870.53,526870.53,0.00,0.00,127.56,127.56,0.00,0.00,195511048.99,202448620.33,0.00,0.00,0.00,0.00,49969847,84909008,0,0
410.85,526870.62,526870.62,0.00,0.00,0.09,0.09,0.00,0.00,195511048.99,202448620.33,0.00,0.00,0.00,0.00,49969871,84909008,0,0
412.85,529562.99,529562.99,0.00,0.00,2692.37,2692.37,0.00,0.00,195511048.99,202448620.33,0.00,0.00,0.00,0.00,50117033,85451093,0,0
414.85,532241.23,532241.23,0.00,0.00,2678.24,2678.24,0.00,0.00,195511048.99,202448620.33,0.00,0.00,0.00,0.00,50244235,86009520,0,0
416.86,534638.19,534638.19,5.84,0.00,2396.96,2396.96,5.84,0.00,195511048.99,202448620.33,0.00,0.00,0.00,0.00,50354537,86512840,0,0
418.86,535941.11,535941.11,84.73,0.00,1302.92,1302.92,78.89,0.00,195511048.99,202448620.33,0.00,0.00,0.00,0.00,50498052,86702873,0,0
420.86,537435.00,537435.00,171.24,0.00,1493.89,1493.89,86.51,0.00,195511048.99,202448620.33,0.00,0.00,0.00,0.00,50639864,86943496,0,0
422.87,539134.15,539134.15,258.59,0.00,1699.15,1699.15,87.34,0.00,195511048.99,202448620.33,0.00,0.00,0.00,0.00,50792146,87226197,0,0
424.87,540839.72,540839.72,346.87,0.00,1705.57,1705.57,88.28,0.00,195511048.99,202448620.33,0.00,0.00,0.00,0.00,51042287,87412681,0,0
426.87,542535.89,542535.89,436.20,0.00,1696.17,1696.17,89.34,0.00,195511048.99,202448620.33,0.00,0.00,0.00,0.00,51244477,87644711,0,0
428.87,544248.29,544248.29,525.85,0.00,1712.40,1712.40,89.65,0.00,195511048.99,202448620.33,0.00,0.00,0.00,0.00,51286109,88041454,0,0
430.87,545958.27,545958.27,614.00,0.00,1709.98,1709.98,88.15,0.00,195511048.99,202448620.33,0.00,0.00,0.00,0.00,51325773,88439545,0,0
432.87,547671.92,547671.92,700.82,0.00,1713.64,1713.64,86.82,0.00,195511048.99,202448620.33,0.00,0.00,0.00,0.00,51356467,88847544,0,0
434.87,549374.67,549374.67,788.70,0.00,1702.75,1702.75,87.88,0.00,195511048.99,202448620.33,0.00,0.00,0.00,0.00,51383813,89256103,0,0
436.88,551051.25,551051.25,876.56,0.00,1676.57,1676.57,87.87,0.00,195511048.99,202448620.33,0.00,0.00,0.00,0.00,51424071,89645048,0,0
438.88,552734.01,552734.01,967.14,0.00,1682.76,1682.76,90.58,0.00,195511048.99,202448620.33,0.00,0.00,0.00,0.00,51566274,89933632,0,0
440.88,554431.94,554431.94,1053.34,0.00,1697.93,1697.93,86.20,0.00,195511048.99,202448620.33,0.00,0.00,0.00,0.00,51596586,90337991,0,0
442.88,555710.27,555710.27,1117.80,0.00,1278.33,1278.33,64.47,0.00,195511048.99,202448620.33,0.00,0.00,0.00,0.00,51612666,90649164,0,0
444.88,557410.03,557410.03,1222.25,0.00,1699.75,1699.75,104.45,0.00,195511048.99,202448620.33,0.00,0.00,0.00,0.00,51646739,91050228,0,0
446.88,559025.30,559025.30,1331.98,0.00,1615.28,1615.28,109.73,0.00,195511048.99,202448620.33,0.00,0.00,0.00,0.00,51709314,91401164,0,0
448.89,560500.90,560500.90,1412.73,0.00,1475.59,1475.59,80.75,0.00,195511048.99,202448620.33,0.00,0.00,0.00,0.00,51944658,91543572,0,0
450.89,562121.05,562121.05,1496.91,0.00,1620.15,1620.15,84.18,0.00,195511048.99,202448620.33,0.00,0.00,0.00,0.00,52210661,91692328,0,0
452.89,563830.73,563830.73,1585.24,0.00,1709.68,1709.68,88.34,0.00,195511048.99,202448620.33,0.00,0.00,0.00,0.00,52513292,91827375,0,0
454.89,565537.47,565537.47,1672.09,0.00,1706.74,1706.74,86.85,0.00,195511048.99,202448620.33,0.00,0.00,0.00,0.00,52661499,92116094,0,0
456.89,567237.59,567237.59,1757.51,0.00,1700.11,1700.11,85.41,0.00,195511048.99,202448620.33,0.00,0.00,0.00,0.00,52703347,92509475,0,0
458.90,568956.06,568956.06,1845.16,0.00,1718.47,1718.47,87.66,0.00,195511048.99,202448620.33,0.00,0.00,0.00,0.00,52755313,92897438,0,0
460.90,570671.03,570671.03,1932.82,0.00,1714.97,1714.97,87.66,0.00,195511048.99,202448620.33,0.00,0.00,0.00,0.00,52785781,93306003,0,0
462.90,571392.04,571392.04,2034.09,0.00,721.01,721.01,101.27,0.00,195511048.99,202448620.33,0.00,0.00,0.00,0.00,52793285,93483078,0,0
464.91,571392.04,571392.04,2157.80,0.00,0.00,0.00,123.71,0.00,195511048.99,202448620.33,0.00,0.00,0.00,0.00,52793285,93483078,0,0
466.91,571392.04,571392.04,2281.30,0.00,0.00,0.00,123.50,0.00,195511048.99,202448620.33,0.00,0.00,0.00,0.00,52793285,93483078,0,0
468.91,571392.04,571392.04,2401.63,0.00,0.00,0.00,120.33,0.00,195511048.99,202448620.33,0.00,0.00,0.00,0.00,52793285,93483078,0,0
470.91,571392.04,571392.04,2525.28,0.00,0.00,0.00,123.65,0.00,195511048.99,202448620.33,0.00,0.00,0.00,0.00,52793285,93483078,0,0
472.92,571392.04,571392.04,2616.54,0.00,0.00,0.00,91.26,0.00,195511048.99,202448620.33,0.00,0.00,0.00,0.00,52793285,93483078,0,0
474.92,571392.04,571392.04,2740.72,0.00,0.00,0.00,124.18,0.00,195511048.99,202448620.33,0.00,0.00,0.00,0.00,52793285,93483078,0,0
476.92,571392.04,571392.04,2863.44,0.00,0.00,0.00,122.72,0.00,195511048.99,202448620.33,0.00,0.00,0.00,0.00,52793285,93483078,0,0
478.92,571392.04,571392.04,2969.41,0.00,0.00,0.00,105.97,0.00,195511048.99,202448620.33,0.00,0.00,0.00,0.00,52793285,93483078,0,0
480.93,571392.04,571392.04,3075.27,0.00,0.00,0.00,105.87,0.00,195511048.99,202448620.33,0.00,0.00,0.00,0.00,52793285,93483078,0,0
482.93,571392.04,571392.04,3182.92,0.00,0.00,0.00,107.65,0.00,195511048.99,202448620.33,0.00,0.00,0.00,0.00,52793285,93483078,0,0
484.93,571392.04,571392.04,3290.03,0.00,0.00,0.00,107.11,0.00,195511048.99,202448620.33,0.00,0.00,0.00,0.00,52793285,93483078,0,0
486.93,571392.04,571392.04,3397.27,0.00,0.00,0.00,107.24,0.00,195511048.99,202448620.33,0.00,0.00,0.00,0.00,52793285,93483078,0,0
488.93,571392.04,571392.04,3504.30,0.00,0.00,0.00,107.02,0.00,195511048.99,202448620.33,0.00,0.00,0.00,0.00,52793285,93483078,0,0
490.94,571392.04,571392.04,3611.44,0.00,0.00,0.00,107.14,0.00,195511048.99,202448620.33,0.00,0.00,0.00,0.00,52793285,93483078,0,0
492.94,571392.04,571392.04,3718.09,0.00,0.00,0.00,106.65,0.00,195511048.99,202448620.33,0.00,0.00,0.00,0.00,52793285,93483078,0,0
494.94,571392.04,571392.04,3825.30,0.00,0.00,0.00,107.21,0.00,195511048.99,202448620.33,0.00,0.00,0.00,0.00,52793285,93483078,0,0
496.94,571392.04,571392.04,3932.13,0.00,0.00,0.00,106.84,0.00,195511048.99,202448620.33,0.00,0.00,0.00,0.00,52793285,93483078,0,0
498.94,571392.04,571392.04,4038.03,0.00,0.00,0.00,105.90,0.00,195511048.99,202448620.33,0.00,0.00,0.00,0.00,52793285,93483078,0,0
500.95,571392.04,571392.04,4144.68,0.00,0.00,0.00,106.65,0.00,195511048.99,202448620.33,0.00,0.00,0.00,0.00,52793285,93483078,0,0
502.96,571392.04,571392.04,4235.26,0.00,0.00,0.00,90.58,0.00,195511048.99,202448620.33,0.00,0.00,0.00,0.00,52793285,93483078,0,0
504.96,571392.04,571392.04,4361.65,0.00,0.00,0.00,126.39,0.00,195511048.99,202448620.33,0.00,0.00,0.00,0.00,52793285,93483078,0,0
506.97,571392.04,571392.04,4483.62,0.00,0.00,0.00,121.97,0.00,195511048.99,202448620.33,0.00,0.00,0.00,0.00,52793285,93483078,0,0
508.97,571392.04,571392.04,4590.02,0.00,0.00,0.00,106.41,0.00,195511048.99,202448620.33,0.00,0.00,0.00,0.00,52793285,93483078,0,0
510.97,571392.04,571392.04,4712.98,0.00,0.00,0.00,122.96,0.00,195511048.99,202448620.33,0.00,0.00,0.00,0.00,52793285,93483078,0,0
512.98,571392.04,571392.04,4840.09,0.00,0.00,0.00,127.10,0.00,195511048.99,202448620.33,0.00,0.00,0.00,0.00,52793285,93483078,0,0
514.98,571392.04,571392.04,4966.76,0.00,0.00,0.00,126.67,0.00,195511048.99,202448620.33,0.00,0.00,0.00,0.00,52793285,93483078,0,0
516.98,571392.04,571392.04,5093.45,0.00,0.00,0.00,126.70,0.00,195511048.99,202448620.33,0.00,0.00,0.00,0.00,52793285,93483078,0,0
518.98,571392.04,571392.04,5219.59,0.00,0.00,0.00,126.14,0.00,195511048.99,202448620.33,0.00,0.00,0.00,0.00,52793285,93483078,0,0
520.98,571392.04,571392.04,5341.69,0.00,0.00,0.00,122.09,0.00,195511048.99,202448620.33,0.00,0.00,0.00,0.00,52793285,93483078,0,0
522.99,571392.04,571392.04,5466.83,0.00,0.00,0.00,125.14,0.00,195511048.99,202448620.33,0.00,0.00,0.00,0.00,52793285,93483078,0,0
524.99,571392.04,571392.04,5592.47,0.00,0.00,0.00,125.64,0.00,195511048.99,202448620.33,0.00,0.00,0.00,0.00,52793285,93483078,0,0
526.99,571392.04,571392.04,5718.11,0.00,0.00,0.00,125.64,0.00,195511048.99,202448620.33,0.00,0.00,0.00,0.00,52793285,93483078,0,0
528.99,571392.04,571392.04,5844.69,0.00,0.00,0.00,126.58,0.00,195511048.99,202448620.33,0.00,0.00,0.00,0.00,52793285,93483078,0,0
530.99,571392.04,571392.04,5970.85,0.00,0.00,0.00,126.16,0.00,195511048.99,202448620.33,0.00,0.00,0.00,0.00,52793285,93483078,0,0
532.99,571392.04,571392.04,6067.27,0.00,0.00,0.00,96.42,0.00,195511048.99,202448620.33,0.00,0.00,0.00,0.00,52793285,93483078,0,0
534.99,571392.04,571392.04,6193.13,0.00,0.00,0.00,125.86,0.00,195511048.99,202448620.33,0.00,0.00,0.00,0.00,52793285,93483078,0,0
536.99,571392.04,571392.04,6314.58,0.00,0.00,0.00,121.45,0.00,195511048.99,202448620.33,0.00,0.00,0.00,0.00,52793285,93483078,0,0
539.00,571392.04,571392.04,6417.90,0.00,0.00,0.00,103.32,0.00,195511048.99,202448620.33,0.00,0.00,0.00,0.00,52793285,93483078,0,0
541.00,571392.04,571392.04,6539.16,0.00,0.00,0.00,121.26,0.00,195511048.99,202448620.33,0.00,0.00,0.00,0.00,52793285,93483078,0,0
543.00,571392.04,571392.04,6666.05,0.00,0.00,0.00,126.89,0.00,195511048.99,202448620.33,0.00,0.00,0.00,0.00,52793285,93483078,0,0
545.01,571392.04,571392.04,6791.90,0.00,0.00,0.00,125.85,0.00,195511048.99,202448620.33,0.00,0.00,0.00,0.00,52793285,93483078,0,0
547.02,571392.04,571392.04,6919.00,0.00,0.00,0.00,127.10,0.00,195511048.99,202448620.33,0.00,0.00,0.00,0.00,52793285,93483078,0,0
549.02,571392.04,571392.04,7044.64,0.00,0.00,0.00,125.64,0.00,195511048.99,202448620.33,0.00,0.00,0.00,0.00,52793285,93483078,0,0
551.03,571392.04,571392.04,7171.74,0.00,0.00,0.00,127.10,0.00,195511048.99,202448620.33,0.00,0.00,0.00,0.00,52793285,93483078,0,0
553.03,571392.04,571392.04,7297.38,0.00,0.00,0.00,125.64,0.00,195511048.99,202448620.33,0.00,0.00,0.00,0.00,52793285,93483078,0,0
555.04,571392.04,571392.04,7424.48,0.00,0.00,0.00,127.10,0.00,195511048.99,202448620.33,0.00,0.00,0.00,0.00,52793285,93483078,0,0
557.04,571392.04,571392.04,7551.59,0.00,0.00,0.00,127.10,0.00,195511048.99,202448620.33,0.00,0.00,0.00,0.00,52793285,93483078,0,0
559.04,571392.04,571392.04,7675.40,0.00,0.00,0.00,123.81,0.00,195511048.99,202448620.33,0.00,0.00,0.00,0.00,52793285,93483078,0,0
561.04,571392.04,571392.04,7800.66,0.00,0.00,0.00,125.27,0.00,195511048.99,202448620.33,0.00,0.00,0.00,0.00,52793285,93483078,0,0
563.04,571392.04,571392.04,7900.75,0.00,0.00,0.00,100.09,0.00,195511048.99,202448620.33,0.00,0.00,0.00,0.00,52793285,93483078,0,0
565.04,571392.04,571392.04,8027.85,0.00,0.00,0.00,127.10,0.00,195511048.99,202448620.33,0.00,0.00,0.00,0.00,52793285,93483078,0,0
567.04,571392.04,571392.04,8150.57,0.00,0.00,0.00,122.72,0.00,195511048.99,202448620.33,0.00,0.00,0.00,0.00,52793285,93483078,0,0
569.04,571392.04,571392.04,8242.61,0.00,0.00,0.00,92.04,0.00,195511048.99,202448620.33,0.00,0.00,0.00,0.00,52793285,93483078,0,0
571.04,571392.04,571392.04,8341.95,0.00,0.00,0.00,99.34,0.00,195511048.99,202448620.33,0.00,0.00,0.00,0.00,52793285,93483078,0,0
573.05,571392.04,571392.04,8447.67,0.00,0.00,0.00,105.72,0.00,195511048.99,202448620.33,0.00,0.00,0.00,0.00,52793285,93483078,0,0
575.05,571392.04,571392.04,8550.87,0.00,0.00,0.00,103.20,0.00,195511048.99,202448620.33,0.00,0.00,0.00,0.00,52793285,93483078,0,0
577.05,571392.04,571392.04,8663.36,0.00,0.00,0.00,112.49,0.00,195511048.99,202448620.33,0.00,0.00,0.00,0.00,52793285,93483078,0,0
579.06,571392.04,571392.04,8786.08,0.00,0.00,0.00,122.72,0.00,195511048.99,202448620.33,0.00,0.00,0.00,0.00,52793285,93483078,0,0
581.06,571392.04,571392.04,8913.18,0.00,0.00,0.00,127.10,0.00,195511048.99,202448620.33,0.00,0.00,0.00,0.00,52793285,93483078,0,0
583.06,571392.04,571392.04,9038.82,0.00,0.00,0.00,125.64,0.00,195511048.99,202448620.33,0.00,0.00,0.00,0.00,52793285,93483078,0,0
585.07,571392.04,571392.04,9165.92,0.00,0.00,0.00,127.10,0.00,195511048.99,202448620.33,0.00,0.00,0.00,0.00,52793285,93483078,0,0
587.07,571392.04,571392.04,9293.02,0.00,0.00,0.00,127.10,0.00,195511048.99,202448620.33,0.00,0.00,0.00,0.00,52793285,93483078,0,0
589.08,571392.04,571392.04,9420.12,0.00,0.00,0.00,127.10,0.00,195511048.99,202448620.33,0.00,0.00,0.00,0.00,52793285,93483078,0,0
591.09,571392.04,571392.04,9547.23,0.00,0.00,0.00,127.10,0.00,195511048.99,202448620.33,0.00,0.00,0.00,0.00,52793285,93483078,0,0
593.10,571392.04,571392.04,9642.19,0.00,0.00,0.00,94.96,0.00,195511048.99,202448620.33,0.00,0.00,0.00,0.00,52793285,93483078,0,0
595.10,571392.04,571392.04,9770.60,0.00,0.00,0.00,128.41,0.00,195511048.99,202448620.33,0.00,0.00,0.00,0.00,52793285,93483078,0,0
597.10,571392.04,571392.04,9891.86,0.00,0.00,0.00,121.26,0.00,195511048.99,202448620.33,0.00,0.00,0.00,0.00,52793285,93483078,0,0
599.10,571392.04,571392.04,9997.20,0.00,0.00,0.00,105.34,0.00,195511048.99,202448620.33,0.00,0.00,0.00,0.00,52793285,93483078,0,0
601.11,571392.04,571392.04,10122.84,0.00,0.00,0.00,125.64,0.00,195511048.99,202448620.33,0.00,0.00,0.00,0.00,52793285,93483078,0,0
603.11,571392.04,571392.04,10249.94,0.00,0.00,0.00,127.10,0.00,195511048.99,202448620.33,0.00,0.00,0.00,0.00,52793285,93483078,0,0
605.11,571392.04,571392.04,10375.58,0.00,0.00,0.00,125.64,0.00,195511048.99,202448620.33,0.00,0.00,0.00,0.00,52793285,93483078,0,0
607.11,571392.04,571392.04,10489.10,0.00,0.00,0.00,113.52,0.00,195511048.99,202448620.33,0.00,0.00,0.00,0.00,52793285,93483078,0,0
609.12,571392.04,571392.04,10599.10,0.00,0.00,0.00,110.00,0.00,195511048.99,202448620.33,0.00,0.00,0.00,0.00,52793285,93483078,0,0
611.13,571392.04,571392.04,10714.52,0.00,0.00,0.00,115.41,0.00,195511048.99,202448620.33,0.00,0.00,0.00,0.00,52793285,93483078,0,0
613.13,571392.04,571392.04,10837.23,0.00,0.00,0.00,122.72,0.00,195511048.99,202448620.33,0.00,0.00,0.00,0.00,52793285,93483078,0,0
615.13,571392.04,571392.04,10962.88,0.00,0.00,0.00,125.64,0.00,195511048.99,202448620.33,0.00,0.00,0.00,0.00,52793285,93483078,0,0
617.14,571392.04,571392.04,11089.98,0.00,0.00,0.00,127.10,0.00,195511048.99,202448620.33,0.00,0.00,0.00,0.00,52793285,93483078,0,0
619.14,571392.04,571392.04,11217.08,0.00,0.00,0.00,127.10,0.00,195511048.99,202448620.33,0.00,0.00,0.00,0.00,52793285,93483078,0,0
621.14,571392.04,571392.04,11343.53,0.00,0.00,0.00,126.45,0.00,195511048.99,202448620.33,0.00,0.00,0.00,0.00,52793285,93483078,0,0
623.14,571392.04,571392.04,11434.48,0.00,0.00,0.00,90.95,0.00,195511048.99,202448620.33,0.00,0.00,0.00,0.00,52793285,93483078,0,0
625.14,571392.04,571392.04,11558.94,0.00,0.00,0.00,124.45,0.00,195511048.99,202448620.33,0.00,0.00,0.00,0.00,52793285,93483078,0,0
627.15,571392.04,571392.04,11679.61,0.00,0.00,0.00,120.67,0.00,195511048.99,202448620.33,0.00,0.00,0.00,0.00,52793285,93483078,0,0
629.15,571392.04,571392.04,11786.84,0.00,0.00,0.00,107.23,0.00,195511048.99,202448620.33,0.00,0.00,0.00,0.00,52793285,93483078,0,0
631.16,571392.04,571392.04,11913.95,0.00,0.00,0.00,127.10,0.00,195511048.99,202448620.33,0.00,0.00,0.00,0.00,52793285,93483078,0,0
633.16,571392.04,571392.04,12038.66,0.00,0.00,0.00,124.71,0.00,195511048.99,202448620.33,0.00,0.00,0.00,0.00,52793285,93483078,0,0
635.16,571392.04,571392.04,12165.88,0.00,0.00,0.00,127.23,0.00,195511048.99,202448620.33,0.00,0.00,0.00,0.00,52793285,93483078,0,0
637.16,571392.04,571392.04,12292.33,0.00,0.00,0.00,126.45,0.00,195511048.99,202448620.33,0.00,0.00,0.00,0.00,52793285,93483078,0,0
639.17,571392.04,571392.04,12419.43,0.00,0.00,0.00,127.10,0.00,195511048.99,202448620.33,0.00,0.00,0.00,0.00,52793285,93483078,0,0
641.17,571392.04,571392.04,12546.45,0.00,0.00,0.00,127.02,0.00,195511048.99,202448620.33,0.00,0.00,0.00,0.00,52793285,93483078,0,0
643.17,571392.04,571392.04,12673.08,0.00,0.00,0.00,126.63,0.00,195511048.99,202448620.33,0.00,0.00,0.00,0.00,52793285,93483078,0,0
645.17,571392.04,571392.04,12799.27,0.00,0.00,0.00,126.20,0.00,195511048.99,202448620.33,0.00,0.00,0.00,0.00,52793285,93483078,0,0
647.17,571392.04,571392.04,12916.15,0.00,0.00,0.00,116.88,0.00,195511048.99,202448620.33,0.00,0.00,0.00,0.00,52793285,93483078,0,0
649.18,571392.04,571392.04,13028.64,0.00,0.00,0.00,112.49,0.00,195511048.99,202448620.33,0.00,0.00,0.00,0.00,52793285,93483078,0,0
651.18,571392.04,571392.04,13144.68,0.00,0.00,0.00,116.04,0.00,195511048.99,202448620.33,0.00,0.00,0.00,0.00,52793285,93483078,0,0
653.18,571392.04,571392.04,13239.80,0.00,0.00,0.00,95.12,0.00,195511048.99,202448620.33,0.00,0.00,0.00,0.00,52793285,93483078,0,0
655.18,571392.04,571392.04,13363.20,0.00,0.00,0.00,123.40,0.00,195511048.99,202448620.33,0.00,0.00,0.00,0.00,52793285,93483078,0,0
657.18,571392.04,571392.04,13482.99,0.00,0.00,0.00,119.80,0.00,195511048.99,202448620.33,0.00,0.00,0.00,0.00,52793285,93483078,0,0
659.19,571392.04,571392.04,13589.64,0.00,0.00,0.00,106.65,0.00,195511048.99,202448620.33,0.00,0.00,0.00,0.00,52793285,93483078,0,0
661.19,571392.04,571392.04,13702.13,0.00,0.00,0.00,112.49,0.00,195511048.99,202448620.33,0.00,0.00,0.00,0.00,52793285,93483078,0,0
663.19,571392.04,571392.04,13810.12,0.00,0.00,0.00,107.99,0.00,195511048.99,202448620.33,0.00,0.00,0.00,0.00,52793285,93483078,0,0
665.19,571392.04,571392.04,13918.08,0.00,0.00,0.00,107.95,0.00,195511048.99,202448620.33,0.00,0.00,0.00,0.00,52793285,93483078,0,0
667.19,571392.04,571392.04,14026.28,0.00,0.00,0.00,108.20,0.00,195511048.99,202448620.33,0.00,0.00,0.00,0.00,52793285,93483078,0,0
669.19,571392.04,571392.04,14134.23,0.00,0.00,0.00,107.95,0.00,195511048.99,202448620.33,0.00,0.00,0.00,0.00,52793285,93483078,0,0
671.19,571392.04,571392.04,14242.34,0.00,0.00,0.00,108.11,0.00,195511048.99,202448620.33,0.00,0.00,0.00,0.00,52793285,93483078,0,0
673.19,571392.04,571392.04,14350.17,0.00,0.00,0.00,107.83,0.00,195511048.99,202448620.33,0.00,0.00,0.00,0.00,52793285,93483078,0,0
675.19,571392.04,571392.04,14457.44,0.00,0.00,0.00,107.27,0.00,195511048.99,202448620.33,0.00,0.00,0.00,0.00,52793285,93483078,0,0
677.20,571392.04,571392.04,14565.55,0.00,0.00,0.00,108.11,0.00,195511048.99,202448620.33,0.00,0.00,0.00,0.00,52793285,93483078,0,0
679.20,571392.04,571392.04,14679.50,0.00,0.00,0.00,113.95,0.00,195511048.99,202448620.33,0.00,0.00,0.00,0.00,52793285,93483078,0,0
681.20,571392.04,571392.04,14799.30,0.00,0.00,0.00,119.80,0.00,195511048.99,202448620.33,0.00,0.00,0.00,0.00,52793285,93483078,0,0
683.20,571392.04,571392.04,14882.57,0.00,0.00,0.00,83.27,0.00,195511048.99,202448620.33,0.00,0.00,0.00,0.00,52793285,93483078,0,0
685.20,571392.04,571392.04,14990.68,0.00,0.00,0.00,108.11,0.00,195511048.99,202448620.33,0.00,0.00,0.00,0.00,52793285,93483078,0,0
687.21,571392.04,571392.04,15092.95,0.00,0.00,0.00,102.27,0.00,195511048.99,202448620.33,0.00,0.00,0.00,0.00,52793285,93483078,0,0
689.21,571392.04,571392.04,15182.44,0.00,0.00,0.00,89.49,0.00,195511048.99,202448620.33,0.00,0.00,0.00,0.00,52793285,93483078,0,0
691.21,571392.04,571392.04,15285.79,0.00,0.00,0.00,103.35,0.00,195511048.99,202448620.33,0.00,0.00,0.00,0.00,52793285,93483078,0,0
693.21,571392.04,571392.04,15410.91,0.00,0.00,0.00,125.12,0.00,195511048.99,202448620.33,0.00,0.00,0.00,0.00,52793285,93483078,0,0
695.21,571392.04,571392.04,15534.15,0.00,0.00,0.00,123.24,0.00,195511048.99,202448620.33,0.00,0.00,0.00,0.00,52793285,93483078,0,0
697.22,571392.04,571392.04,15658.33,0.00,0.00,0.00,124.18,0.00,195511048.99,202448620.33,0.00,0.00,0.00,0.00,52793285,93483078,0,0
699.22,571392.04,571392.04,15783.60,0.00,0.00,0.00,125.27,0.00,195511048.99,202448620.33,0.00,0.00,0.00,0.00,52793285,93483078,0,0
701.22,571392.04,571392.04,15906.69,0.00,0.00,0.00,123.09,0.00,195511048.99,202448620.33,0.00,0.00,0.00,0.00,52793285,93483078,0,0
703.23,571392.04,571392.04,16033.79,0.00,0.00,0.00,127.10,0.00,195511048.99,202448620.33,0.00,0.00,0.00,0.00,52793285,93483078,0,0
705.23,571392.04,571392.04,16160.89,0.00,0.00,0.00,127.10,0.00,195511048.99,202448620.33,0.00,0.00,0.00,0.00,52793285,93483078,0,0
707.24,571392.04,571392.04,16287.99,0.00,0.00,0.00,127.10,0.00,195511048.99,202448620.33,0.00,0.00,0.00,0.00,52793285,93483078,0,0
709.24,571392.04,571392.04,16414.95,0.00,0.00,0.00,126.95,0.00,195511048.99,202448620.33,0.00,0.00,0.00,0.00,52793285,93483078,0,0
711.24,571392.04,571392.04,16540.24,0.00,0.00,0.00,125.30,0.00,195511048.99,202448620.33,0.00,0.00,0.00,0.00,52793285,93483078,0,0
713.25,571392.04,571392.04,16640.08,0.00,0.00,0.00,99.84,0.00,195511048.99,202448620.33,0.00,0.00,0.00,0.00,52793285,93483078,0,0
715.25,571392.04,571392.04,16767.18,0.00,0.00,0.00,127.10,0.00,195511048.99,202448620.33,0.00,0.00,0.00,0.00,52793285,93483078,0,0
717.25,571392.04,571392.04,16875.29,0.00,0.00,0.00,108.11,0.00,195511048.99,202448620.33,0.00,0.00,0.00,0.00,52793285,93483078,0,0
719.26,571392.04,571392.04,16981.45,0.00,0.00,0.00,106.16,0.00,195511048.99,202448620.33,0.00,0.00,0.00,0.00,52793285,93483078,0,0
721.25,571392.04,571392.04,17107.18,0.00,0.00,0.00,125.73,0.00,195511048.99,202448620.33,0.00,0.00,0.00,0.00,52793285,93483078,0,0
723.26,571392.04,571392.04,17233.22,0.00,0.00,0.00,126.04,0.00,195511048.99,202448620.33,0.00,0.00,0.00,0.00,52793285,93483078,0,0
725.26,571392.04,571392.04,17358.86,0.00,0.00,0.00,125.64,0.00,195511048.99,202448620.33,0.00,0.00,0.00,0.00,52793285,93483078,0,0
727.26,571392.04,571392.04,17485.96,0.00,0.00,0.00,127.10,0.00,195511048.99,202448620.33,0.00,0.00,0.00,0.00,52793285,93483078,0,0
729.26,571392.04,571392.04,17612.57,0.00,0.00,0.00,126.61,0.00,195511048.99,202448620.33,0.00,0.00,0.00,0.00,52793285,93483078,0,0
731.27,571392.04,571392.04,17738.70,0.00,0.00,0.00,126.13,0.00,195511048.99,202448620.33,0.00,0.00,0.00,0.00,52793285,93483078,0,0
733.27,571392.04,571392.04,17865.72,0.00,0.00,0.00,127.02,0.00,195511048.99,202448620.33,0.00,0.00,0.00,0.00,52793285,93483078,0,0
735.27,571392.04,571392.04,17992.73,0.00,0.00,0.00,127.01,0.00,195511048.99,202448620.33,0.00,0.00,0.00,0.00,52793285,93483078,0,0
737.27,571392.04,571392.04,18118.55,0.00,0.00,0.00,125.82,0.00,195511048.99,202448620.33,0.00,0.00,0.00,0.00,52793285,93483078,0,0
739.28,571392.04,571392.04,18245.65,0.00,0.00,0.00,127.10,0.00,195511048.99,202448620.33,0.00,0.00,0.00,0.00,52793285,93483078,0,0
741.28,571392.04,571392.04,18369.83,0.00,0.00,0.00,124.18,0.00,195511048.99,202448620.33,0.00,0.00,0.00,0.00,52793285,93483078,0,0
743.28,571392.04,571392.04,18467.71,0.00,0.00,0.00,97.88,0.00,195511048.99,202448620.33,0.00,0.00,0.00,0.00,52793285,93483078,0,0
745.29,571392.04,571392.04,18591.89,0.00,0.00,0.00,124.18,0.00,195511048.99,202448620.33,0.00,0.00,0.00,0.00,52793285,93483078,0,0
747.29,571392.04,571392.04,18710.66,0.00,0.00,0.00,118.77,0.00,195511048.99,202448620.33,0.00,0.00,0.00,0.00,52793285,93483078,0,0
749.29,571392.04,571392.04,18816.88,0.00,0.00,0.00,106.21,0.00,195511048.99,202448620.33,0.00,0.00,0.00,0.00,52793285,93483078,0,0
751.29,571392.04,571392.04,18941.05,0.00,0.00,0.00,124.18,0.00,195511048.99,202448620.33,0.00,0.00,0.00,0.00,52793285,93483078,0,0
753.30,571392.04,571392.04,19065.23,0.00,0.00,0.00,124.18,0.00,195511048.99,202448620.33,0.00,0.00,0.00,0.00,52793285,93483078,0,0
755.31,571392.04,571392.04,19189.41,0.00,0.00,0.00,124.18,0.00,195511048.99,202448620.33,0.00,0.00,0.00,0.00,52793285,93483078,0,0
757.31,571392.04,571392.04,19314.59,0.00,0.00,0.00,125.18,0.00,195511048.99,202448620.33,0.00,0.00,0.00,0.00,52793285,93483078,0,0
759.31,571392.04,571392.04,19437.77,0.00,0.00,0.00,123.18,0.00,195511048.99,202448620.33,0.00,0.00,0.00,0.00,52793285,93483078,0,0
761.31,571392.04,571392.04,19561.95,0.00,0.00,0.00,124.18,0.00,195511048.99,202448620.33,0.00,0.00,0.00,0.00,52793285,93483078,0,0
763.31,571392.04,571392.04,19686.79,0.00,0.00,0.00,124.84,0.00,195511048.99,202448620.33,0.00,0.00,0.00,0.00,52793285,93483078,0,0
765.32,571392.04,571392.04,19810.31,0.00,0.00,0.00,123.52,0.00,195511048.99,202448620.33,0.00,0.00,0.00,0.00,52793285,93483078,0,0
767.32,571392.04,571392.04,19934.49,0.00,0.00,0.00,124.18,0.00,195511048.99,202448620.33,0.00,0.00,0.00,0.00,52793285,93483078,0,0
769.32,571392.04,571392.04,20059.33,0.00,0.00,0.00,124.84,0.00,195511048.99,202448620.33,0.00,0.00,0.00,0.00,52793285,93483078,0,0
771.33,571392.04,571392.04,20179.72,0.00,0.00,0.00,120.39,0.00,195511048.99,202448620.33,0.00,0.00,0.00,0.00,52793285,93483078,0,0
773.33,571392.04,571392.04,20277.81,0.00,0.00,0.00,98.09,0.00,195511048.99,202448620.33,0.00,0.00,0.00,0.00,52793285,93483078,0,0
775.33,571392.04,571392.04,20406.38,0.00,0.00,0.00,128.56,0.00,195511048.99,202448620.33,0.00,0.00,0.00,0.00,52793285,93483078,0,0
777.33,571392.04,571392.04,20527.23,0.00,0.00,0.00,120.86,0.00,195511048.99,202448620.33,0.00,0.00,0.00,0.00,52793285,93483078,0,0
779.33,571392.04,571392.04,20636.34,0.00,0.00,0.00,109.10,0.00,195511048.99,202448620.33,0.00,0.00,0.00,0.00,52793285,93483078,0,0
781.33,571392.04,571392.04,20754.08,0.00,0.00,0.00,117.74,0.00,195511048.99,202448620.33,0.00,0.00,0.00,0.00,52793285,93483078,0,0
783.33,571392.04,571392.04,20866.57,0.00,0.00,0.00,112.49,0.00,195511048.99,202448620.33,0.00,0.00,0.00,0.00,52793285,93483078,0,0
785.33,571392.04,571392.04,20993.40,0.00,0.00,0.00,126.83,0.00,195511048.99,202448620.33,0.00,0.00,0.00,0.00,52793285,93483078,0,0
787.34,571392.04,571392.04,21118.66,0.00,0.00,0.00,125.27,0.00,195511048.99,202448620.33,0.00,0.00,0.00,0.00,52793285,93483078,0,0
789.34,571392.04,571392.04,21243.49,0.00,0.00,0.00,124.83,0.00,195511048.99,202448620.33,0.00,0.00,0.00,0.00,52793285,93483078,0,0
791.34,571392.04,571392.04,21368.98,0.00,0.00,0.00,125.49,0.00,195511048.99,202448620.33,0.00,0.00,0.00,0.00,52793285,93483078,0,0
793.34,571392.04,571392.04,21495.62,0.00,0.00,0.00,126.63,0.00,195511048.99,202448620.33,0.00,0.00,0.00,0.00,52793285,93483078,0,0
795.34,571392.04,571392.04,21616.72,0.00,0.00,0.00,121.10,0.00,195511048.99,202448620.33,0.00,0.00,0.00,0.00,52793285,93483078,0,0
797.34,571392.04,571392.04,21715.97,0.00,0.00,0.00,99.25,0.00,195511048.99,202448620.33,0.00,0.00,0.00,0.00,52793285,93483078,0,0
799.34,571392.04,571392.04,21817.15,0.00,0.00,0.00,101.18,0.00,195511048.99,202448620.33,0.00,0.00,0.00,0.00,52793285,93483078,0,0
801.35,571392.04,571392.04,21908.22,0.00,0.00,0.00,91.07,0.00,195511048.99,202448620.33,0.00,0.00,0.00,0.00,52793285,93483078,0,0
803.35,571392.04,571392.04,21980.71,0.00,0.00,0.00,72.49,0.00,195511048.99,202448620.33,0.00,0.00,0.00,0.00,52793285,93483078,0,0
805.35,571392.04,571392.04,22103.21,0.00,0.00,0.00,122.50,0.00,195511048.99,202448620.33,0.00,0.00,0.00,0.00,52793285,93483078,0,0
807.36,571392.04,571392.04,22217.94,0.00,0.00,0.00,114.73,0.00,195511048.99,202448620.33,0.00,0.00,0.00,0.00,52793285,93483078,0,0
809.36,571392.04,571392.04,22309.14,0.00,0.00,0.00,91.20,0.00,195511048.99,202448620.33,0.00,0.00,0.00,0.00,52793285,93483078,0,0
811.37,571392.04,571392.04,22415.16,0.00,0.00,0.00,106.02,0.00,195511048.99,202448620.33,0.00,0.00,0.00,0.00,52793285,93483078,0,0
813.37,571392.04,571392.04,22526.20,0.00,0.00,0.00,111.03,0.00,195511048.99,202448620.33,0.00,0.00,0.00,0.00,52793285,93483078,0,0
815.37,571392.04,571392.04,22645.97,0.00,0.00,0.00,119.77,0.00,195511048.99,202448620.33,0.00,0.00,0.00,0.00,52793285,93483078,0,0
817.38,571392.04,571392.04,22746.80,0.00,0.00,0.00,100.83,0.00,195511048.99,202448620.33,0.00,0.00,0.00,0.00,52793285,93483078,0,0
819.38,571392.04,571392.04,22860.73,0.00,0.00,0.00,113.93,0.00,195511048.99,202448620.33,0.00,0.00,0.00,0.00,52793285,93483078,0,0
821.39,571392.04,571392.04,22980.55,0.00,0.00,0.00,119.82,0.00,195511048.99,202448620.33,0.00,0.00,0.00,0.00,52793285,93483078,0,0
823.39,571392.04,571392.04,23093.04,0.00,0.00,0.00,112.49,0.00,195511048.99,202448620.33,0.00,0.00,0.00,0.00,52793285,93483078,0,0
825.39,571392.04,571392.04,23192.38,0.00,0.00,0.00,99.34,0.00,195511048.99,202448620.33,0.00,0.00,0.00,0.00,52793285,93483078,0,0
827.39,571392.04,571392.04,23297.57,0.00,0.00,0.00,105.19,0.00,195511048.99,202448620.33,0.00,0.00,0.00,0.00,52793285,93483078,0,0
829.40,571392.04,571392.04,23404.22,0.00,0.00,0.00,106.65,0.00,195511048.99,202448620.33,0.00,0.00,0.00,0.00,52793285,93483078,0,0
831.40,571392.04,571392.04,23506.34,0.00,0.00,0.00,102.12,0.00,195511048.99,202448620.33,0.00,0.00,0.00,0.00,52793285,93483078,0,0
833.40,571392.04,571392.04,23605.43,0.00,0.00,0.00,99.09,0.00,195511048.99,202448620.33,0.00,0.00,0.00,0.00,52793285,93483078,0,0
835.41,571392.04,571392.04,23728.55,0.00,0.00,0.00,123.12,0.00,195511048.99,202448620.33,0.00,0.00,0.00,0.00,52793285,93483078,0,0
837.41,571392.04,571392.04,23844.71,0.00,0.00,0.00,116.16,0.00,195511048.99,202448620.33,0.00,0.00,0.00,0.00,52793285,93483078,0,0
839.41,571392.04,571392.04,23953.53,0.00,0.00,0.00,108.82,0.00,195511048.99,202448620.33,0.00,0.00,0.00,0.00,52793285,93483078,0,0
841.41,571392.04,571392.04,24080.05,0.00,0.00,0.00,126.52,0.00,195511048.99,202448620.33,0.00,0.00,0.00,0.00,52793285,93483078,0,0
843.42,571392.04,571392.04,24206.27,0.00,0.00,0.00,126.23,0.00,195511048.99,202448620.33,0.00,0.00,0.00,0.00,52793285,93483078,0,0
845.42,571392.04,571392.04,24322.47,0.00,0.00,0.00,116.20,0.00,195511048.99,202448620.33,0.00,0.00,0.00,0.00,52793285,93483078,0,0
847.43,571392.04,571392.04,24448.79,0.00,0.00,0.00,126.32,0.00,195511048.99,202448620.33,0.00,0.00,0.00,0.00,52793285,93483078,0,0
849.43,571392.04,571392.04,24575.49,0.00,0.00,0.00,126.70,0.00,195511048.99,202448620.33,0.00,0.00,0.00,0.00,52793285,93483078,0,0
851.43,571392.04,571392.04,24698.61,0.00,0.00,0.00,123.12,0.00,195511048.99,202448620.33,0.00,0.00,0.00,0.00,52793285,93483078,0,0
853.43,571392.04,571392.04,24823.73,0.00,0.00,0.00,125.12,0.00,195511048.99,202448620.33,0.00,0.00,0.00,0.00,52793285,93483078,0,0
855.43,571392.04,571392.04,24949.34,0.00,0.00,0.00,125.61,0.00,195511048.99,202448620.33,0.00,0.00,0.00,0.00,52793285,93483078,0,0
857.43,571392.04,571392.04,25075.81,0.00,0.00,0.00,126.48,0.00,195511048.99,202448620.33,0.00,0.00,0.00,0.00,52793285,93483078,0,0
859.43,571392.04,571392.04,25203.41,0.00,0.00,0.00,127.60,0.00,195511048.99,202448620.33,0.00,0.00,0.00,0.00,52793285,93483078,0,0
861.43,571392.04,571392.04,25309.28,0.00,0.00,0.00,105.87,0.00,195511048.99,202448620.33,0.00,0.00,0.00,0.00,52793285,93483078,0,0
863.44,571392.04,571392.04,25398.40,0.00,0.00,0.00,89.12,0.00,195511048.99,202448620.33,0.00,0.00,0.00,0.00,52793285,93483078,0,0
865.44,571392.04,571392.04,25525.69,0.00,0.00,0.00,127.29,0.00,195511048.99,202448620.33,0.00,0.00,0.00,0.00,52793285,93483078,0,0
867.44,571392.04,571392.04,25639.45,0.00,0.00,0.00,113.77,0.00,195511048.99,202448620.33,0.00,0.00,0.00,0.00,52793285,93483078,0,0
869.45,571392.04,571392.04,25746.10,0.00,0.00,0.00,106.65,0.00,195511048.99,202448620.33,0.00,0.00,0.00,0.00,52793285,93483078,0,0
871.46,571392.04,571392.04,25865.90,0.00,0.00,0.00,119.80,0.00,195511048.99,202448620.33,0.00,0.00,0.00,0.00,52793285,93483078,0,0
873.48,571392.04,571392.04,25961.23,0.00,0.00,0.00,95.34,0.00,195511048.99,202448620.33,0.00,0.00,0.00,0.00,52793285,93483078,0,0
875.48,571392.04,571392.04,26059.90,0.00,0.00,0.00,98.66,0.00,195511048.99,202448620.33,0.00,0.00,0.00,0.00,52793285,93483078,0,0
877.48,571392.04,571392.04,26160.08,0.00,0.00,0.00,100.18,0.00,195511048.99,202448620.33,0.00,0.00,0.00,0.00,52793285,93483078,0,0
879.48,571392.04,571392.04,26247.20,0.00,0.00,0.00,87.12,0.00,195511048.99,202448620.33,0.00,0.00,0.00,0.00,52793285,93483078,0,0
881.48,571392.04,571392.04,26338.41,0.00,0.00,0.00,91.20,0.00,195511048.99,202448620.33,0.00,0.00,0.00,0.00,52793285,93483078,0,0
883.48,571392.04,571392.04,26448.45,0.00,0.00,0.00,110.04,0.00,195511048.99,202448620.33,0.00,0.00,0.00,0.00,52793285,93483078,0,0
885.48,571392.04,571392.04,26562.18,0.00,0.00,0.00,113.73,0.00,195511048.99,202448620.33,0.00,0.00,0.00,0.00,52793285,93483078,0,0
887.50,571392.04,571392.04,26667.95,0.00,0.00,0.00,105.77,0.00,195511048.99,202448620.33,0.00,0.00,0.00,0.00,52793285,93483078,0,0
889.50,571392.04,571392.04,26782.16,0.00,0.00,0.00,114.20,0.00,195511048.99,202448620.33,0.00,0.00,0.00,0.00,52793285,93483078,0,0
891.50,571392.04,571392.04,26884.77,0.00,0.00,0.00,102.61,0.00,195720662.21,202661559.60,209613.22,212939.27,0.00,0.00,52793285,93483078,0,0
893.50,571392.04,571392.04,26977.67,0.00,0.00,0.00,92.91,0.00,195720662.21,202661559.60,0.00,0.00,0.00,0.00,52793285,93483078,0,0
895.50,571392.04,571392.04,27088.70,0.00,0.00,0.00,111.03,0.00,195720662.21,202661559.60,0.00,0.00,0.00,0.00,52793285,93483078,0,0
897.52,571392.04,571392.04,27195.35,0.00,0.00,0.00,106.65,0.00,195720662.21,202661559.60,0.00,0.00,0.00,0.00,52793285,93483078,0,0
899.52,571392.04,571392.04,27294.70,0.00,0.00,0.00,99.34,0.00,195720662.21,202661559.60,0.00,0.00,0.00,0.00,52793285,93483078,0,0
901.52,571392.04,571392.04,27407.19,0.00,0.00,0.00,112.49,0.00,195720662.21,202661559.60,0.00,0.00,0.00,0.00,52793285,93483078,0,0
903.52,571392.04,571392.04,27521.92,0.00,0.00,0.00,114.73,0.00,195720662.21,202661559.60,0.00,0.00,0.00,0.00,52793285,93483078,0,0
905.52,571392.04,571392.04,27634.73,0.00,0.00,0.00,112.80,0.00,195720662.21,202661559.60,0.00,0.00,0.00,0.00,52793285,93483078,0,0
907.52,571392.04,571392.04,27747.59,0.00,0.00,0.00,112.86,0.00,195720662.21,202661559.60,0.00,0.00,0.00,0.00,52793285,93483078,0,0
909.52,571392.04,571392.04,27861.17,0.00,0.00,0.00,113.59,0.00,195720662.21,202661559.60,0.00,0.00,0.00,0.00,52793285,93483078,0,0
911.52,571392.04,571392.04,27959.42,0.00,0.00,0.00,98.25,0.00,195720662.21,202661559.60,0.00,0.00,0.00,0.00,52793285,93483078,0,0
913.52,571392.04,571392.04,28074.50,0.00,0.00,0.00,115.08,0.00,195720662.21,202661559.60,0.00,0.00,0.00,0.00,52793285,93483078,0,0
915.52,571392.04,571392.04,28187.33,0.00,0.00,0.00,112.83,0.00,195720662.21,202661559.60,0.00,0.00,0.00,0.00,52793285,93483078,0,0
917.52,571392.04,571392.04,28293.36,0.00,0.00,0.00,106.03,0.00,195720662.21,202661559.60,0.00,0.00,0.00,0.00,52793285,93483078,0,0
919.52,571392.04,571392.04,28386.02,0.00,0.00,0.00,92.66,0.00,195720662.21,202661559.60,0.00,0.00,0.00,0.00,52793285,93483078,0,0
921.52,571392.04,571392.04,28489.03,0.00,0.00,0.00,103.02,0.00,195720662.21,202661559.60,0.00,0.00,0.00,0.00,52793285,93483078,0,0
923.52,571392.04,571392.04,28587.62,0.00,0.00,0.00,98.59,0.00,195720662.21,202661559.60,0.00,0.00,0.00,0.00,52793285,93483078,0,0
925.52,571392.04,571392.04,28703.57,0.00,0.00,0.00,115.95,0.00,195720662.21,202661559.60,0.00,0.00,0.00,0.00,52793285,93483078,0,0
927.53,571392.04,571392.04,28811.15,0.00,0.00,0.00,107.58,0.00,195720662.21,202661559.60,0.00,0.00,0.00,0.00,52793285,93483078,0,0
929.53,571392.04,571392.04,28903.19,0.00,0.00,0.00,92.04,0.00,195720662.21,202661559.60,0.00,0.00,0.00,0.00,52793285,93483078,0,0
931.53,571392.04,571392.04,29020.66,0.00,0.00,0.00,117.47,0.00,195720662.21,202661559.60,0.00,0.00,0.00,0.00,52793285,93483078,0,0
933.53,571392.04,571392.04,29129.30,0.00,0.00,0.00,108.64,0.00,195720662.21,202661559.60,0.00,0.00,0.00,0.00,52793285,93483078,0,0
935.53,571392.04,571392.04,29250.46,0.00,0.00,0.00,121.16,0.00,195720662.21,202661559.60,0.00,0.00,0.00,0.00,52793285,93483078,0,0
937.53,571392.04,571392.04,29360.46,0.00,0.00,0.00,110.00,0.00,195720662.21,202661559.60,0.00,0.00,0.00,0.00,52793285,93483078,0,0
939.53,571392.04,571392.04,29464.19,0.00,0.00,0.00,103.73,0.00,195720662.21,202661559.60,0.00,0.00,0.00,0.00,52793285,93483078,0,0
941.54,571392.04,571392.04,29567.91,0.00,0.00,0.00,103.73,0.00,195720662.21,202661559.60,0.00,0.00,0.00,0.00,52793285,93483078,0,0
943.54,571392.04,571392.04,29671.64,0.00,0.00,0.00,103.73,0.00,195720662.21,202661559.60,0.00,0.00,0.00,0.00,52793285,93483078,0,0
945.55,571392.04,571392.04,29776.83,0.00,0.00,0.00,105.19,0.00,195720662.21,202661559.60,0.00,0.00,0.00,0.00,52793285,93483078,0,0
947.55,571392.04,571392.04,29881.96,0.00,0.00,0.00,105.13,0.00,195720662.21,202661559.60,0.00,0.00,0.00,0.00,52793285,93483078,0,0
949.55,571392.04,571392.04,29987.18,0.00,0.00,0.00,105.22,0.00,195720662.21,202661559.60,0.00,0.00,0.00,0.00,52793285,93483078,0,0
951.55,571392.04,571392.04,30082.16,0.00,0.00,0.00,94.98,0.00,195720662.21,202661559.60,0.00,0.00,0.00,0.00,52793285,93483078,0,0
953.55,571392.04,571392.04,30182.97,0.00,0.00,0.00,100.80,0.00,195720662.21,202661559.60,0.00,0.00,0.00,0.00,52793285,93483078,0,0
955.55,571392.04,571392.04,30296.49,0.00,0.00,0.00,113.52,0.00,195720662.21,202661559.60,0.00,0.00,0.00,0.00,52793285,93483078,0,0
957.55,571392.04,571392.04,30395.30,0.00,0.00,0.00,98.81,0.00,195720662.21,202661559.60,0.00,0.00,0.00,0.00,52793285,93483078,0,0
959.55,571392.04,571392.04,30496.98,0.00,0.00,0.00,101.68,0.00,195720662.21,202661559.60,0.00,0.00,0.00,0.00,52793285,93483078,0,0
961.56,571392.04,571392.04,30609.56,0.00,0.00,0.00,112.58,0.00,195720662.21,202661559.60,0.00,0.00,0.00,0.00,52793285,93483078,0,0
963.57,571392.04,571392.04,30708.91,0.00,0.00,0.00,99.34,0.00,195720662.21,202661559.60,0.00,0.00,0.00,0.00,52793285,93483078,0,0
965.57,571392.04,571392.04,30802.41,0.00,0.00,0.00,93.50,0.00,195720662.21,202661559.60,0.00,0.00,0.00,0.00,52793285,93483078,0,0
967.58,571392.04,571392.04,30897.37,0.00,0.00,0.00,94.96,0.00,195720662.21,202661559.60,0.00,0.00,0.00,0.00,52793285,93483078,0,0
969.59,571392.04,571392.04,31011.32,0.00,0.00,0.00,113.95,0.00,195720662.21,202661559.60,0.00,0.00,0.00,0.00,52793285,93483078,0,0
971.60,571392.04,571392.04,31125.27,0.00,0.00,0.00,113.95,0.00,195720662.21,202661559.60,0.00,0.00,0.00,0.00,52793285,93483078,0,0
973.60,571392.04,571392.04,31239.85,0.00,0.00,0.00,114.58,0.00,195720662.21,202661559.60,0.00,0.00,0.00,0.00,52793285,93483078,0,0
975.60,571392.04,571392.04,31352.72,0.00,0.00,0.00,112.87,0.00,195720662.21,202661559.60,0.00,0.00,0.00,0.00,52793285,93483078,0,0
977.61,571392.04,571392.04,31465.67,0.00,0.00,0.00,112.95,0.00,195720662.21,202661559.60,0.00,0.00,0.00,0.00,52793285,93483078,0,0
979.61,571392.04,571392.04,31579.04,0.00,0.00,0.00,113.37,0.00,195720662.21,202661559.60,0.00,0.00,0.00,0.00,52793285,93483078,0,0
981.62,571392.04,571392.04,31676.05,0.00,0.00,0.00,97.01,0.00,195720662.21,202661559.60,0.00,0.00,0.00,0.00,52793285,93483078,0,0
983.62,571392.04,571392.04,31778.31,0.00,0.00,0.00,102.27,0.00,195720662.21,202661559.60,0.00,0.00,0.00,0.00,52793285,93483078,0,0
985.63,571392.04,571392.04,31889.34,0.00,0.00,0.00,111.03,0.00,195720662.21,202661559.60,0.00,0.00,0.00,0.00,52793285,93483078,0,0
987.63,571392.04,571392.04,31991.61,0.00,0.00,0.00,102.27,0.00,195720662.21,202661559.60,0.00,0.00,0.00,0.00,52793285,93483078,0,0
989.63,571392.04,571392.04,32092.91,0.00,0.00,0.00,101.30,0.00,195720662.21,202661559.60,0.00,0.00,0.00,0.00,52793285,93483078,0,0
991.63,571392.04,571392.04,32207.62,0.00,0.00,0.00,114.70,0.00,195720662.21,202661559.60,0.00,0.00,0.00,0.00,52793285,93483078,0,0
993.63,571392.04,571392.04,32311.55,0.00,0.00,0.00,103.94,0.00,195720662.21,202661559.60,0.00,0.00,0.00,0.00,52793285,93483078,0,0
995.64,571392.04,571392.04,32407.98,0.00,0.00,0.00,96.42,0.00,195720662.21,202661559.60,0.00,0.00,0.00,0.00,52793285,93483078,0,0
997.65,571392.04,571392.04,32520.47,0.00,0.00,0.00,112.49,0.00,195720662.21,202661559.60,0.00,0.00,0.00,0.00,52793285,93483078,0,0
999.65,571392.04,571392.04,32631.26,0.00,0.00,0.00,110.79,0.00,195720662.21,202661559.60,0.00,0.00,0.00,0.00,52793285,93483078,0,0
1001.65,571392.04,571392.04,32734.89,0.00,0.00,0.00,103.63,0.00,195720662.21,202661559.60,0.00,0.00,0.00,0.00,52793285,93483078,0,0
1003.65,571392.04,571392.04,32836.03,0.00,0.00,0.00,101.14,0.00,195720662.21,202661559.60,0.00,0.00,0.00,0.00,52793285,93483078,0,0
1005.65,571392.04,571392.04,32938.02,0.00,0.00,0.00,101.99,0.00,195720662.21,202661559.60,0.00,0.00,0.00,0.00,52793285,93483078,0,0
1007.66,571392.04,571392.04,33040.56,0.00,0.00,0.00,102.54,0.00,195720662.21,202661559.60,0.00,0.00,0.00,0.00,52793285,93483078,0,0
1009.66,571392.04,571392.04,33148.67,0.00,0.00,0.00,108.11,0.00,195720662.21,202661559.60,0.00,0.00,0.00,0.00,52793285,93483078,0,0
1011.66,571392.04,571392.04,33239.91,0.00,0.00,0.00,91.23,0.00,195720662.21,202661559.60,0.00,0.00,0.00,0.00,52793285,93483078,0,0
1013.67,571392.04,571392.04,33342.98,0.00,0.00,0.00,103.07,0.00,195720662.21,202661559.60,0.00,0.00,0.00,0.00,52793285,93483078,0,0
1015.68,571392.04,571392.04,33455.47,0.00,0.00,0.00,112.49,0.00,195720662.21,202661559.60,0.00,0.00,0.00,0.00,52793285,93483078,0,0
1017.68,571392.04,571392.04,33555.06,0.00,0.00,0.00,99.59,0.00,195720662.21,202661559.60,0.00,0.00,0.00,0.00,52793285,93483078,0,0
1019.68,571392.04,571392.04,33655.25,0.00,0.00,0.00,100.19,0.00,195720662.21,202661559.60,0.00,0.00,0.00,0.00,52793285,93483078,0,0
1021.68,571392.04,571392.04,33765.01,0.00,0.00,0.00,109.76,0.00,195720662.21,202661559.60,0.00,0.00,0.00,0.00,52793285,93483078,0,0
1023.69,571392.04,571392.04,33873.30,0.00,0.00,0.00,108.29,0.00,195720662.21,202661559.60,0.00,0.00,0.00,0.00,52793285,93483078,0,0
1025.70,571392.04,571392.04,33993.09,0.00,0.00,0.00,119.80,0.00,195720662.21,202661559.60,0.00,0.00,0.00,0.00,52793285,93483078,0,0
1027.70,571392.04,571392.04,34092.44,0.00,0.00,0.00,99.34,0.00,195720662.21,202661559.60,0.00,0.00,0.00,0.00,52793285,93483078,0,0
1029.70,571392.04,571392.04,34205.27,0.00,0.00,0.00,112.84,0.00,195720662.21,202661559.60,0.00,0.00,0.00,0.00,52793285,93483078,0,0
1031.70,571392.04,571392.04,34320.34,0.00,0.00,0.00,115.07,0.00,195720662.21,202661559.60,0.00,0.00,0.00,0.00,52793285,93483078,0,0
1033.71,571392.04,571392.04,34434.30,0.00,0.00,0.00,113.95,0.00,195720662.21,202661559.60,0.00,0.00,0.00,0.00,52793285,93483078,0,0
1035.71,571392.04,571392.04,34539.46,0.00,0.00,0.00,105.16,0.00,195720662.21,202661559.60,0.00,0.00,0.00,0.00,52793285,93483078,0,0
1037.71,571392.04,571392.04,34643.21,0.00,0.00,0.00,103.75,0.00,195720662.21,202661559.60,0.00,0.00,0.00,0.00,52793285,93483078,0,0
1039.72,571392.04,571392.04,34752.78,0.00,0.00,0.00,109.57,0.00,195720662.21,202661559.60,0.00,0.00,0.00,0.00,52793285,93483078,0,0
1041.72,571392.04,571392.04,34851.13,0.00,0.00,0.00,98.35,0.00,195720662.21,202661559.60,0.00,0.00,0.00,0.00,52793285,93483078,0,0
1043.72,571392.04,571392.04,34953.52,0.00,0.00,0.00,102.39,0.00,195720662.21,202661559.60,0.00,0.00,0.00,0.00,52793285,93483078,0,0
1045.72,571392.04,571392.04,35069.22,0.00,0.00,0.00,115.70,0.00,195720662.21,202661559.60,0.00,0.00,0.00,0.00,52793285,93483078,0,0
1047.72,571392.04,571392.04,35167.69,0.00,0.00,0.00,98.47,0.00,195720662.21,202661559.60,0.00,0.00,0.00,0.00,52793285,93483078,0,0
1049.72,571392.04,571392.04,35256.38,0.00,0.00,0.00,88.69,0.00,195720662.21,202661559.60,0.00,0.00,0.00,0.00,52793285,93483078,0,0
1051.72,571392.04,571392.04,35359.85,0.00,0.00,0.00,103.48,0.00,195720662.21,202661559.60,0.00,0.00,0.00,0.00,52793285,93483078,0,0
1053.73,571392.04,571392.04,35462.80,0.00,0.00,0.00,102.95,0.00,195720662.21,202661559.60,0.00,0.00,0.00,0.00,52793285,93483078,0,0
1055.73,571392.04,571392.04,35566.52,0.00,0.00,0.00,103.73,0.00,195720662.21,202661559.60,0.00,0.00,0.00,0.00,52793285,93483078,0,0
1057.73,571392.04,571392.04,35669.48,0.00,0.00,0.00,102.95,0.00,195720662.21,202661559.60,0.00,0.00,0.00,0.00,52793285,93483078,0,0
1059.74,571392.04,571392.04,35772.52,0.00,0.00,0.00,103.04,0.00,195720662.21,202661559.60,0.00,0.00,0.00,0.00,52793285,93483078,0,0
1061.74,571392.04,571392.04,35877.70,0.00,0.00,0.00,105.19,0.00,195720662.21,202661559.60,0.00,0.00,0.00,0.00,52793285,93483078,0,0
1063.74,571392.04,571392.04,35982.89,0.00,0.00,0.00,105.19,0.00,195720662.21,202661559.60,0.00,0.00,0.00,0.00,52793285,93483078,0,0
1065.75,571392.04,571392.04,36105.61,0.00,0.00,0.00,122.72,0.00,195720662.21,202661559.60,0.00,0.00,0.00,0.00,52793285,93483078,0,0
1067.75,571392.04,571392.04,36223.58,0.00,0.00,0.00,117.97,0.00,195720662.21,202661559.60,0.00,0.00,0.00,0.00,52793285,93483078,0,0
1069.75,571392.04,571392.04,36336.01,0.00,0.00,0.00,112.43,0.00,195720662.21,202661559.60,0.00,0.00,0.00,0.00,52793285,93483078,0,0
1071.76,571392.04,571392.04,36434.27,0.00,0.00,0.00,98.26,0.00,195720662.21,202661559.60,0.00,0.00,0.00,0.00,52793285,93483078,0,0
1073.75,571392.04,571392.04,36535.12,0.00,0.00,0.00,100.86,0.00,195720662.21,202661559.60,0.00,0.00,0.00,0.00,52793285,93483078,0,0
1075.75,571392.04,571392.04,36638.85,0.00,0.00,0.00,103.73,0.00,195720662.21,202661559.60,0.00,0.00,0.00,0.00,52793285,93483078,0,0
1077.75,571392.04,571392.04,36733.51,0.00,0.00,0.00,94.66,0.00,195720662.21,202661559.60,0.00,0.00,0.00,0.00,52793285,93483078,0,0
1079.77,571392.04,571392.04,36831.70,0.00,0.00,0.00,98.19,0.00,195720662.21,202661559.60,0.00,0.00,0.00,0.00,52793285,93483078,0,0
1081.77,571392.04,571392.04,36945.65,0.00,0.00,0.00,113.95,0.00,195720662.21,202661559.60,0.00,0.00,0.00,0.00,52793285,93483078,0,0
1083.77,571392.04,571392.04,37059.58,0.00,0.00,0.00,113.93,0.00,195720662.21,202661559.60,0.00,0.00,0.00,0.00,52793285,93483078,0,0
1085.77,571392.04,571392.04,37172.84,0.00,0.00,0.00,113.27,0.00,195720662.21,202661559.60,0.00,0.00,0.00,0.00,52793285,93483078,0,0
1087.78,571392.04,571392.04,37284.59,0.00,0.00,0.00,111.74,0.00,195720662.21,202661559.60,0.00,0.00,0.00,0.00,52793285,93483078,0,0
1089.78,571392.04,571392.04,37391.23,0.00,0.00,0.00,106.65,0.00,195720662.21,202661559.60,0.00,0.00,0.00,0.00,52793285,93483078,0,0
1091.78,571392.04,571392.04,37504.07,0.00,0.00,0.00,112.84,0.00,195720662.21,202661559.60,0.00,0.00,0.00,0.00,52793285,93483078,0,0
1093.78,571392.04,571392.04,37600.15,0.00,0.00,0.00,96.08,0.00,195720662.21,202661559.60,0.00,0.00,0.00,0.00,52793285,93483078,0,0
1095.78,571392.04,571392.04,37699.49,0.00,0.00,0.00,99.34,0.00,195720662.21,202661559.60,0.00,0.00,0.00,0.00,52793285,93483078,0,0
1097.78,571392.04,571392.04,37810.96,0.00,0.00,0.00,111.47,0.00,195720662.21,202661559.60,0.00,0.00,0.00,0.00,52793285,93483078,0,0
1099.79,571392.04,571392.04,37924.48,0.00,0.00,0.00,113.52,0.00,195720662.21,202661559.60,0.00,0.00,0.00,0.00,52793285,93483078,0,0
1101.79,571392.04,571392.04,38013.59,0.00,0.00,0.00,89.12,0.00,195720662.21,202661559.60,0.00,0.00,0.00,0.00,52793285,93483078,0,0
1103.79,571392.04,571392.04,38132.87,0.00,0.00,0.00,119.27,0.00,195720662.21,202661559.60,0.00,0.00,0.00,0.00,52793285,93483078,0,0
1105.79,571392.04,571392.04,38248.80,0.00,0.00,0.00,115.94,0.00,195720662.21,202661559.60,0.00,0.00,0.00,0.00,52793285,93483078,0,0
1107.79,571392.04,571392.04,38348.15,0.00,0.00,0.00,99.34,0.00,195720662.21,202661559.60,0.00,0.00,0.00,0.00,52793285,93483078,0,0
1109.79,571392.04,571392.04,38445.98,0.00,0.00,0.00,97.83,0.00,195720662.21,202661559.60,0.00,0.00,0.00,0.00,52793285,93483078,0,0
1111.79,571392.04,571392.04,38550.66,0.00,0.00,0.00,104.69,0.00,195720662.21,202661559.60,0.00,0.00,0.00,0.00,52793285,93483078,0,0
1113.79,571392.04,571392.04,38654.95,0.00,0.00,0.00,104.28,0.00,195720662.21,202661559.60,0.00,0.00,0.00,0.00,52793285,93483078,0,0
1115.80,571392.04,571392.04,38773.28,0.00,0.00,0.00,118.34,0.00,195720662.21,202661559.60,0.00,0.00,0.00,0.00,52793285,93483078,0,0
1117.81,571392.04,571392.04,38897.87,0.00,0.00,0.00,124.59,0.00,195720662.21,202661559.60,0.00,0.00,0.00,0.00,52793285,93483078,0,0
1119.80,571392.04,571392.04,39021.15,0.00,0.00,0.00,123.28,0.00,195720662.21,202661559.60,0.00,0.00,0.00,0.00,52793285,93483078,0,0
1121.80,571392.04,571392.04,39146.82,0.00,0.00,0.00,125.67,0.00,195720662.21,202661559.60,0.00,0.00,0.00,0.00,52793285,93483078,0,0
1123.80,571392.04,571392.04,39271.46,0.00,0.00,0.00,124.64,0.00,195720662.21,202661559.60,0.00,0.00,0.00,0.00,52793285,93483078,0,0
1125.80,571392.04,571392.04,39391.54,0.00,0.00,0.00,120.08,0.00,195720662.21,202661559.60,0.00,0.00,0.00,0.00,52793285,93483078,0,0
1127.81,571392.04,571392.04,39511.05,0.00,0.00,0.00,119.52,0.00,195720662.21,202661559.60,0.00,0.00,0.00,0.00,52793285,93483078,0,0
1129.81,571392.04,571392.04,39620.62,0.00,0.00,0.00,109.57,0.00,195720662.21,202661559.60,0.00,0.00,0.00,0.00,52793285,93483078,0,0
1131.81,571392.04,571392.04,39708.28,0.00,0.00,0.00,87.66,0.00,195720662.21,202661559.60,0.00,0.00,0.00,0.00,52793285,93483078,0,0
1133.81,571392.04,571392.04,39813.20,0.00,0.00,0.00,104.91,0.00,195720662.21,202661559.60,0.00,0.00,0.00,0.00,52793285,93483078,0,0
1135.81,571392.04,571392.04,39917.45,0.00,0.00,0.00,104.25,0.00,195720662.21,202661559.60,0.00,0.00,0.00,0.00,52793285,93483078,0,0
1137.82,571392.04,571392.04,40011.82,0.00,0.00,0.00,94.38,0.00,195720662.21,202661559.60,0.00,0.00,0.00,0.00,52793285,93483078,0,0
1139.82,571392.04,571392.04,40110.04,0.00,0.00,0.00,98.22,0.00,195720662.21,202661559.60,0.00,0.00,0.00,0.00,52793285,93483078,0,0
1141.82,571392.04,571392.04,40215.23,0.00,0.00,0.00,105.19,0.00,195720662.21,202661559.60,0.00,0.00,0.00,0.00,52793285,93483078,0,0
1143.82,571392.04,571392.04,40319.86,0.00,0.00,0.00,104.63,0.00,195720662.21,202661559.60,0.00,0.00,0.00,0.00,52793285,93483078,0,0
1145.83,571392.04,571392.04,40424.14,0.00,0.00,0.00,104.28,0.00,195720662.21,202661559.60,0.00,0.00,0.00,0.00,52793285,93483078,0,0
1147.83,571392.04,571392.04,40528.49,0.00,0.00,0.00,104.35,0.00,195720662.21,202661559.60,0.00,0.00,0.00,0.00,52793285,93483078,0,0
1149.83,571392.04,571392.04,40633.55,0.00,0.00,0.00,105.06,0.00,195720662.21,202661559.60,0.00,0.00,0.00,0.00,52793285,93483078,0,0
1151.83,571392.04,571392.04,40738.24,0.00,0.00,0.00,104.69,0.00,195720662.21,202661559.60,0.00,0.00,0.00,0.00,52793285,93483078,0,0
1153.83,571392.04,571392.04,40843.06,0.00,0.00,0.00,104.82,0.00,195720662.21,202661559.60,0.00,0.00,0.00,0.00,52793285,93483078,0,0
1155.84,571392.04,571392.04,40947.16,0.00,0.00,0.00,104.09,0.00,195720662.21,202661559.60,0.00,0.00,0.00,0.00,52793285,93483078,0,0
1157.85,571392.04,571392.04,41052.34,0.00,0.00,0.00,105.19,0.00,195720662.21,202661559.60,0.00,0.00,0.00,0.00,52793285,93483078,0,0
1159.86,571392.04,571392.04,41157.53,0.00,0.00,0.00,105.19,0.00,195720662.21,202661559.60,0.00,0.00,0.00,0.00,52793285,93483078,0,0
1161.86,571392.04,571392.04,41246.65,0.00,0.00,0.00,89.12,0.00,195720662.21,202661559.60,0.00,0.00,0.00,0.00,52793285,93483078,0,0
1163.86,571392.04,571392.04,41351.41,0.00,0.00,0.00,104.76,0.00,195720662.21,202661559.60,0.00,0.00,0.00,0.00,52793285,93483078,0,0
1165.86,571392.04,571392.04,41454.88,0.00,0.00,0.00,103.48,0.00,195720662.21,202661559.60,0.00,0.00,0.00,0.00,52793285,93483078,0,0
1167.86,571392.04,571392.04,41554.35,0.00,0.00,0.00,99.47,0.00,195720662.21,202661559.60,0.00,0.00,0.00,0.00,52793285,93483078,0,0
1169.86,571392.04,571392.04,41659.54,0.00,0.00,0.00,105.19,0.00,195720662.21,202661559.60,0.00,0.00,0.00,0.00,52793285,93483078,0,0
1171.86,571392.04,571392.04,41764.57,0.00,0.00,0.00,105.03,0.00,195720662.21,202661559.60,0.00,0.00,0.00,0.00,52793285,93483078,0,0
1173.87,571392.04,571392.04,41870.47,0.00,0.00,0.00,105.90,0.00,195720662.21,202661559.60,0.00,0.00,0.00,0.00,52793285,93483078,0,0
1175.87,571392.04,571392.04,41976.34,0.00,0.00,0.00,105.88,0.00,195720662.21,202661559.60,0.00,0.00,0.00,0.00,52793285,93483078,0,0
1177.88,571392.04,571392.04,42082.30,0.00,0.00,0.00,105.96,0.00,195720662.21,202661559.60,0.00,0.00,0.00,0.00,52793285,93483078,0,0
1179.89,571392.04,571392.04,42188.95,0.00,0.00,0.00,106.65,0.00,195720662.21,202661559.60,0.00,0.00,0.00,0.00,52793285,93483078,0,0
1181.90,571392.04,571392.04,42295.60,0.00,0.00,0.00,106.65,0.00,195720662.21,202661559.60,0.00,0.00,0.00,0.00,52793285,93483078,0,0
1183.90,571392.04,571392.04,42401.48,0.00,0.00,0.00,105.88,0.00,195720662.21,202661559.60,0.00,0.00,0.00,0.00,52793285,93483078,0,0
1185.91,571392.04,571392.04,42507.44,0.00,0.00,0.00,105.96,0.00,195720662.21,202661559.60,0.00,0.00,0.00,0.00,52793285,93483078,0,0
1187.91,571392.04,571392.04,42614.00,0.00,0.00,0.00,106.56,0.00,195720662.21,202661559.60,0.00,0.00,0.00,0.00,52793285,93483078,0,0
1189.91,571392.04,571392.04,42725.12,0.00,0.00,0.00,111.12,0.00,195720662.21,202661559.60,0.00,0.00,0.00,0.00,52793285,93483078,0,0
1191.91,571392.04,571392.04,42833.76,0.00,0.00,0.00,108.64,0.00,195720662.21,202661559.60,0.00,0.00,0.00,0.00,52793285,93483078,0,0
1193.91,571392.04,571392.04,42939.07,0.00,0.00,0.00,105.31,0.00,195720662.21,202661559.60,0.00,0.00,0.00,0.00,52793285,93483078,0,0
1195.91,571392.04,571392.04,43044.13,0.00,0.00,0.00,105.06,0.00,195720662.21,202661559.60,0.00,0.00,0.00,0.00,52793285,93483078,0,0
1197.92,571392.04,571392.04,43142.95,0.00,0.00,0.00,98.81,0.00,195720662.21,202661559.60,0.00,0.00,0.00,0.00,52793285,93483078,0,0
1199.92,571392.04,571392.04,43248.45,0.00,0.00,0.00,105.50,0.00,195720662.21,202661559.60,0.00,0.00,0.00,0.00,52793285,93483078,0,0
1201.92,571392.04,571392.04,43353.32,0.00,0.00,0.00,104.88,0.00,195720662.21,202661559.60,0.00,0.00,0.00,0.00,52793285,93483078,0,0
1203.92,571392.04,571392.04,43457.86,0.00,0.00,0.00,104.54,0.00,195720662.21,202661559.60,0.00,0.00,0.00,0.00,52793285,93483078,0,0
1205.93,571392.04,571392.04,43562.23,0.00,0.00,0.00,104.38,0.00,195720662.21,202661559.60,0.00,0.00,0.00,0.00,52793285,93483078,0,0
1207.93,571392.04,571392.04,43667.40,0.00,0.00,0.00,105.16,0.00,195720662.21,202661559.60,0.00,0.00,0.00,0.00,52793285,93483078,0,0
1209.93,571392.04,571392.04,43773.36,0.00,0.00,0.00,105.96,0.00,195720662.21,202661559.60,0.00,0.00,0.00,0.00,52793285,93483078,0,0
1211.93,571392.04,571392.04,43878.70,0.00,0.00,0.00,105.34,0.00,195720662.21,202661559.60,0.00,0.00,0.00,0.00,52793285,93483078,0,0
1213.93,571392.04,571392.04,43984.45,0.00,0.00,0.00,105.74,0.00,195720662.21,202661559.60,0.00,0.00,0.00,0.00,52793285,93483078,0,0
1215.94,571392.04,571392.04,44090.51,0.00,0.00,0.00,106.06,0.00,195720662.21,202661559.60,0.00,0.00,0.00,0.00,52793285,93483078,0,0
1217.94,571392.04,571392.04,44198.24,0.00,0.00,0.00,107.73,0.00,195720662.21,202661559.60,0.00,0.00,0.00,0.00,52793285,93483078,0,0
1219.94,571392.04,571392.04,44303.34,0.00,0.00,0.00,105.09,0.00,195720662.21,202661559.60,0.00,0.00,0.00,0.00,52793285,93483078,0,0
1221.94,571392.04,571392.04,44400.81,0.00,0.00,0.00,97.48,0.00,195720662.21,202661559.60,0.00,0.00,0.00,0.00,52793285,93483078,0,0
1223.94,571392.04,571392.04,44506.00,0.00,0.00,0.00,105.19,0.00,195720662.21,202661559.60,0.00,0.00,0.00,0.00,52793285,93483078,0,0
1225.95,571392.04,571392.04,44612.65,0.00,0.00,0.00,106.65,0.00,195720662.21,202661559.60,0.00,0.00,0.00,0.00,52793285,93483078,0,0
1227.95,571392.04,571392.04,44710.97,0.00,0.00,0.00,98.32,0.00,195720662.21,202661559.60,0.00,0.00,0.00,0.00,52793285,93483078,0,0
1229.95,571392.04,571392.04,44824.48,0.00,0.00,0.00,113.52,0.00,195720662.21,202661559.60,0.00,0.00,0.00,0.00,52793285,93483078,0,0
1231.96,571392.04,571392.04,44936.98,0.00,0.00,0.00,112.49,0.00,195720662.21,202661559.60,0.00,0.00,0.00,0.00,52793285,93483078,0,0
1233.96,571392.04,571392.04,45061.07,0.00,0.00,0.00,124.09,0.00,195720662.21,202661559.60,0.00,0.00,0.00,0.00,52793285,93483078,0,0
1235.97,571392.04,571392.04,45182.41,0.00,0.00,0.00,121.34,0.00,195720662.21,202661559.60,0.00,0.00,0.00,0.00,52793285,93483078,0,0
1237.97,571392.04,571392.04,45302.21,0.00,0.00,0.00,119.80,0.00,195720662.21,202661559.60,0.00,0.00,0.00,0.00,52793285,93483078,0,0
1239.97,571392.04,571392.04,45411.78,0.00,0.00,0.00,109.57,0.00,195720662.21,202661559.60,0.00,0.00,0.00,0.00,52793285,93483078,0,0
1241.97,571392.04,571392.04,45516.41,0.00,0.00,0.00,104.63,0.00,195720662.21,202661559.60,0.00,0.00,0.00,0.00,52793285,93483078,0,0
1243.97,571392.04,571392.04,45620.70,0.00,0.00,0.00,104.28,0.00,195720662.21,202661559.60,0.00,0.00,0.00,0.00,52793285,93483078,0,0
1245.98,571392.04,571392.04,45725.88,0.00,0.00,0.00,105.19,0.00,195720662.21,202661559.60,0.00,0.00,0.00,0.00,52793285,93483078,0,0
1247.98,571392.04,571392.04,45831.07,0.00,0.00,0.00,105.19,0.00,195720662.21,202661559.60,0.00,0.00,0.00,0.00,52793285,93483078,0,0
1249.98,571392.04,571392.04,45935.67,0.00,0.00,0.00,104.60,0.00,195720662.21,202661559.60,0.00,0.00,0.00,0.00,52793285,93483078,0,0
1251.98,571392.04,571392.04,46032.12,0.00,0.00,0.00,96.45,0.00,195720662.21,202661559.60,0.00,0.00,0.00,0.00,52793285,93483078,0,0
1253.99,571392.04,571392.04,46136.41,0.00,0.00,0.00,104.28,0.00,195720662.21,202661559.60,0.00,0.00,0.00,0.00,52793285,93483078,0,0
1255.99,571392.04,571392.04,46241.29,0.00,0.00,0.00,104.88,0.00,195720662.21,202661559.60,0.00,0.00,0.00,0.00,52793285,93483078,0,0
1257.99,571392.04,571392.04,46337.84,0.00,0.00,0.00,96.55,0.00,195720662.21,202661559.60,0.00,0.00,0.00,0.00,52793285,93483078,0,0
1259.99,571392.04,571392.04,46442.55,0.00,0.00,0.00,104.72,0.00,195720662.21,202661559.60,0.00,0.00,0.00,0.00,52793285,93483078,0,0
1261.99,571392.04,571392.04,46546.91,0.00,0.00,0.00,104.35,0.00,195720662.21,202661559.60,0.00,0.00,0.00,0.00,52793285,93483078,0,0
1263.99,571392.04,571392.04,46651.28,0.00,0.00,0.00,104.38,0.00,195720662.21,202661559.60,0.00,0.00,0.00,0.00,52793285,93483078,0,0
1265.99,571392.04,571392.04,46755.79,0.00,0.00,0.00,104.51,0.00,195720662.21,202661559.60,0.00,0.00,0.00,0.00,52793285,93483078,0,0
1267.99,571392.04,571392.04,46860.23,0.00,0.00,0.00,104.44,0.00,195720662.21,202661559.60,0.00,0.00,0.00,0.00,52793285,93483078,0,0
1269.99,571392.04,571392.04,46964.76,0.00,0.00,0.00,104.53,0.00,195720662.21,202661559.60,0.00,0.00,0.00,0.00,52793285,93483078,0,0
1272.00,571392.04,571392.04,47068.48,0.00,0.00,0.00,103.73,0.00,195720662.21,202661559.60,0.00,0.00,0.00,0.00,52793285,93483078,0,0
1274.01,571392.04,571392.04,47173.67,0.00,0.00,0.00,105.19,0.00,195720662.21,202661559.60,0.00,0.00,0.00,0.00,52793285,93483078,0,0
1276.01,571392.04,571392.04,47278.86,0.00,0.00,0.00,105.19,0.00,195720662.21,202661559.60,0.00,0.00,0.00,0.00,52793285,93483078,0,0
1278.02,571392.04,571392.04,47384.05,0.00,0.00,0.00,105.19,0.00,195720662.21,202661559.60,0.00,0.00,0.00,0.00,52793285,93483078,0,0
1280.03,571392.04,571392.04,47489.23,0.00,0.00,0.00,105.19,0.00,195720662.21,202661559.60,0.00,0.00,0.00,0.00,52793285,93483078,0,0
1282.04,571392.04,571392.04,47585.66,0.00,0.00,0.00,96.42,0.00,195720662.21,202661559.60,0.00,0.00,0.00,0.00,52793285,93483078,0,0
1284.05,571392.04,571392.04,47690.84,0.00,0.00,0.00,105.19,0.00,195720662.21,202661559.60,0.00,0.00,0.00,0.00,52793285,93483078,0,0
1286.05,571392.04,571392.04,47796.03,0.00,0.00,0.00,105.19,0.00,195720662.21,202661559.60,0.00,0.00,0.00,0.00,52793285,93483078,0,0
1288.05,571392.04,571392.04,47892.45,0.00,0.00,0.00,96.42,0.00,195720662.21,202661559.60,0.00,0.00,0.00,0.00,52793285,93483078,0,0
1290.05,571392.04,571392.04,47996.18,0.00,0.00,0.00,103.73,0.00,195720662.21,202661559.60,0.00,0.00,0.00,0.00,52793285,93483078,0,0
1292.05,571392.04,571392.04,48101.37,0.00,0.00,0.00,105.19,0.00,195720662.21,202661559.60,0.00,0.00,0.00,0.00,52793285,93483078,0,0
1294.05,571392.04,571392.04,48206.41,0.00,0.00,0.00,105.04,0.00,195720662.21,202661559.60,0.00,0.00,0.00,0.00,52793285,93483078,0,0
1296.05,571392.04,571392.04,48311.03,0.00,0.00,0.00,104.62,0.00,195720662.21,202661559.60,0.00,0.00,0.00,0.00,52793285,93483078,0,0
1298.05,571392.04,571392.04,48416.03,0.00,0.00,0.00,105.00,0.00,195720662.21,202661559.60,0.00,0.00,0.00,0.00,52793285,93483078,0,0
1300.05,571392.04,571392.04,48521.22,0.00,0.00,0.00,105.19,0.00,195720662.21,202661559.60,0.00,0.00,0.00,0.00,52793285,93483078,0,0
1302.06,571392.04,571392.04,48625.84,0.00,0.00,0.00,104.62,0.00,195720662.21,202661559.60,0.00,0.00,0.00,0.00,52793285,93483078,0,0
1304.06,571392.04,571392.04,48730.85,0.00,0.00,0.00,105.01,0.00,195720662.21,202661559.60,0.00,0.00,0.00,0.00,52793285,93483078,0,0
1306.06,571392.04,571392.04,48835.41,0.00,0.00,0.00,104.56,0.00,195720662.21,202661559.60,0.00,0.00,0.00,0.00,52793285,93483078,0,0
1308.06,571392.04,571392.04,48939.95,0.00,0.00,0.00,104.53,0.00,195720662.21,202661559.60,0.00,0.00,0.00,0.00,52793285,93483078,0,0
1310.06,571392.04,571392.04,49060.46,0.00,0.00,0.00,120.52,0.00,195720662.21,202661559.60,0.00,0.00,0.00,0.00,52793285,93483078,0,0
1312.06,571392.04,571392.04,49176.62,0.00,0.00,0.00,116.16,0.00,195720662.21,202661559.60,0.00,0.00,0.00,0.00,52793285,93483078,0,0
1314.07,571392.04,571392.04,49299.34,0.00,0.00,0.00,122.72,0.00,195720662.21,202661559.60,0.00,0.00,0.00,0.00,52793285,93483078,0,0
1316.08,571392.04,571392.04,49413.29,0.00,0.00,0.00,113.95,0.00,195720662.21,202661559.60,0.00,0.00,0.00,0.00,52793285,93483078,0,0
1318.09,571392.04,571392.04,49512.63,0.00,0.00,0.00,99.34,0.00,195720662.21,202661559.60,0.00,0.00,0.00,0.00,52793285,93483078,0,0
1320.09,571392.04,571392.04,49618.70,0.00,0.00,0.00,106.06,0.00,195720662.21,202661559.60,0.00,0.00,0.00,0.00,52793285,93483078,0,0
1322.09,571392.04,571392.04,49724.32,0.00,0.00,0.00,105.62,0.00,195720662.21,202661559.60,0.00,0.00,0.00,0.00,52793285,93483078,0,0
1324.09,571392.04,571392.04,49829.66,0.00,0.00,0.00,105.34,0.00,195720662.21,202661559.60,0.00,0.00,0.00,0.00,52793285,93483078,0,0
1326.09,571392.04,571392.04,49944.08,0.00,0.00,0.00,114.42,0.00,195720662.21,202661559.60,0.00,0.00,0.00,0.00,52793285,93483078,0,0
1328.09,571392.04,571392.04,50057.56,0.00,0.00,0.00,113.48,0.00,195720662.21,202661559.60,0.00,0.00,0.00,0.00,52793285,93483078,0,0
1330.09,571392.04,571392.04,50168.59,0.00,0.00,0.00,111.03,0.00,195720662.21,202661559.60,0.00,0.00,0.00,0.00,52793285,93483078,0,0
1332.09,571392.04,571392.04,50292.77,0.00,0.00,0.00,124.18,0.00,195720662.21,202661559.60,0.00,0.00,0.00,0.00,52793285,93483078,0,0
1334.09,571392.04,571392.04,50412.57,0.00,0.00,0.00,119.80,0.00,195720662.21,202661559.60,0.00,0.00,0.00,0.00,52793285,93483078,0,0
1336.09,571392.04,571392.04,50533.83,0.00,0.00,0.00,121.26,0.00,195720662.21,202661559.60,0.00,0.00,0.00,0.00,52793285,93483078,0,0
1338.10,571392.04,571392.04,50653.62,0.00,0.00,0.00,119.80,0.00,195720662.21,202661559.60,0.00,0.00,0.00,0.00,52793285,93483078,0,0
1340.10,571392.04,571392.04,50777.03,0.00,0.00,0.00,123.41,0.00,195720662.21,202661559.60,0.00,0.00,0.00,0.00,52793285,93483078,0,0
1342.10,571392.04,571392.04,50884.45,0.00,0.00,0.00,107.42,0.00,195720662.21,202661559.60,0.00,0.00,0.00,0.00,52793285,93483078,0,0
1344.10,571392.04,571392.04,50990.42,0.00,0.00,0.00,105.97,0.00,195720662.21,202661559.60,0.00,0.00,0.00,0.00,52793285,93483078,0,0
1346.10,571392.04,571392.04,51094.83,0.00,0.00,0.00,104.41,0.00,195720662.21,202661559.60,0.00,0.00,0.00,0.00,52793285,93483078,0,0
1348.11,571392.04,571392.04,51192.71,0.00,0.00,0.00,97.88,0.00,195720662.21,202661559.60,0.00,0.00,0.00,0.00,52793285,93483078,0,0
1350.11,571392.04,571392.04,51297.84,0.00,0.00,0.00,105.13,0.00,195720662.21,202661559.60,0.00,0.00,0.00,0.00,52793285,93483078,0,0
1352.11,571392.04,571392.04,51402.66,0.00,0.00,0.00,104.81,0.00,195720662.21,202661559.60,0.00,0.00,0.00,0.00,52793285,93483078,0,0
1354.12,571392.04,571392.04,51506.81,0.00,0.00,0.00,104.16,0.00,195720662.21,202661559.60,0.00,0.00,0.00,0.00,52793285,93483078,0,0
1356.12,571392.04,571392.04,51611.95,0.00,0.00,0.00,105.13,0.00,195720662.21,202661559.60,0.00,0.00,0.00,0.00,52793285,93483078,0,0
1358.12,571392.04,571392.04,51717.01,0.00,0.00,0.00,105.06,0.00,195720662.21,202661559.60,0.00,0.00,0.00,0.00,52793285,93483078,0,0
1360.12,571392.04,571392.04,51821.20,0.00,0.00,0.00,104.19,0.00,195720662.21,202661559.60,0.00,0.00,0.00,0.00,52793285,93483078,0,0
1362.12,571392.04,571392.04,51926.10,0.00,0.00,0.00,104.91,0.00,195720662.21,202661559.60,0.00,0.00,0.00,0.00,52793285,93483078,0,0
1364.13,571392.04,571392.04,52032.57,0.00,0.00,0.00,106.47,0.00,195720662.21,202661559.60,0.00,0.00,0.00,0.00,52793285,93483078,0,0
1366.13,571392.04,571392.04,52138.91,0.00,0.00,0.00,106.34,0.00,195720662.21,202661559.60,0.00,0.00,0.00,0.00,52793285,93483078,0,0
1368.13,571392.04,571392.04,52243.31,0.00,0.00,0.00,104.41,0.00,195720662.21,202661559.60,0.00,0.00,0.00,0.00,52793285,93483078,0,0
1370.14,571392.04,571392.04,52349.77,0.00,0.00,0.00,106.46,0.00,195720662.21,202661559.60,0.00,0.00,0.00,0.00,52793285,93483078,0,0
1372.14,571392.04,571392.04,52454.96,0.00,0.00,0.00,105.19,0.00,195720662.21,202661559.60,0.00,0.00,0.00,0.00,52793285,93483078,0,0
1374.15,571392.04,571392.04,52563.07,0.00,0.00,0.00,108.11,0.00,195720662.21,202661559.60,0.00,0.00,0.00,0.00,52793285,93483078,0,0
1376.15,571392.04,571392.04,52668.20,0.00,0.00,0.00,105.13,0.00,195720662.21,202661559.60,0.00,0.00,0.00,0.00,52793285,93483078,0,0
1378.16,571392.04,571392.04,52767.60,0.00,0.00,0.00,99.40,0.00,195720662.21,202661559.60,0.00,0.00,0.00,0.00,52793285,93483078,0,0
1380.16,571392.04,571392.04,52872.79,0.00,0.00,0.00,105.19,0.00,195720662.21,202661559.60,0.00,0.00,0.00,0.00,52793285,93483078,0,0
1382.17,571392.04,571392.04,52977.98,0.00,0.00,0.00,105.19,0.00,195720662.21,202661559.60,0.00,0.00,0.00,0.00,52793285,93483078,0,0
1384.17,571392.04,571392.04,53083.16,0.00,0.00,0.00,105.19,0.00,195720662.21,202661559.60,0.00,0.00,0.00,0.00,52793285,93483078,0,0
1386.17,571392.04,571392.04,53187.33,0.00,0.00,0.00,104.16,0.00,195720662.21,202661559.60,0.00,0.00,0.00,0.00,52793285,93483078,0,0
1388.17,571392.04,571392.04,53294.70,0.00,0.00,0.00,107.37,0.00,195720662.21,202661559.60,0.00,0.00,0.00,0.00,52793285,93483078,0,0
1390.17,571392.04,571392.04,53400.94,0.00,0.00,0.00,106.24,0.00,195720662.21,202661559.60,0.00,0.00,0.00,0.00,52793285,93483078,0,0
1392.17,571392.04,571392.04,53507.71,0.00,0.00,0.00,106.77,0.00,195720662.21,202661559.60,0.00,0.00,0.00,0.00,52793285,93483078,0,0
1394.17,571392.04,571392.04,53613.48,0.00,0.00,0.00,105.77,0.00,195720662.21,202661559.60,0.00,0.00,0.00,0.00,52793285,93483078,0,0
1396.17,571392.04,571392.04,53719.80,0.00,0.00,0.00,106.31,0.00,195720662.21,202661559.60,0.00,0.00,0.00,0.00,52793285,93483078,0,0
1398.18,571392.04,571392.04,53825.32,0.00,0.00,0.00,105.52,0.00,195720662.21,202661559.60,0.00,0.00,0.00,0.00,52793285,93483078,0,0
1400.18,571392.04,571392.04,53929.77,0.00,0.00,0.00,104.45,0.00,195720662.21,202661559.60,0.00,0.00,0.00,0.00,52793285,93483078,0,0
1402.18,571392.04,571392.04,54026.00,0.00,0.00,0.00,96.23,0.00,195720662.21,202661559.60,0.00,0.00,0.00,0.00,52793285,93483078,0,0
1404.19,571392.04,571392.04,54143.80,0.00,0.00,0.00,117.80,0.00,195720662.21,202661559.60,0.00,0.00,0.00,0.00,52793285,93483078,0,0
1406.19,571392.04,571392.04,54246.91,0.00,0.00,0.00,103.11,0.00,195720662.21,202661559.60,0.00,0.00,0.00,0.00,52793285,93483078,0,0
1408.19,571392.04,571392.04,54348.34,0.00,0.00,0.00,101.42,0.00,195720662.21,202661559.60,0.00,0.00,0.00,0.00,52793285,93483078,0,0
1410.19,571392.04,571392.04,54462.29,0.00,0.00,0.00,113.95,0.00,195720662.21,202661559.60,0.00,0.00,0.00,0.00,52793285,93483078,0,0
1412.19,571392.04,571392.04,54579.08,0.00,0.00,0.00,116.79,0.00,195720662.21,202661559.60,0.00,0.00,0.00,0.00,52793285,93483078,0,0
1414.20,571392.04,571392.04,54691.66,0.00,0.00,0.00,112.58,0.00,195720662.21,202661559.60,0.00,0.00,0.00,0.00,52793285,93483078,0,0
1416.20,571392.04,571392.04,54802.69,0.00,0.00,0.00,111.03,0.00,195720662.21,202661559.60,0.00,0.00,0.00,0.00,52793285,93483078,0,0
1418.20,571392.04,571392.04,54910.89,0.00,0.00,0.00,108.20,0.00,195720662.21,202661559.60,0.00,0.00,0.00,0.00,52793285,93483078,0,0
1420.21,571392.04,571392.04,55030.59,0.00,0.00,0.00,119.70,0.00,195720662.21,202661559.60,0.00,0.00,0.00,0.00,52793285,93483078,0,0
1422.21,571392.04,571392.04,55147.97,0.00,0.00,0.00,117.38,0.00,195720662.21,202661559.60,0.00,0.00,0.00,0.00,52793285,93483078,0,0
1424.22,571392.04,571392.04,55264.34,0.00,0.00,0.00,116.38,0.00,195720662.21,202661559.60,0.00,0.00,0.00,0.00,52793285,93483078,0,0
1426.23,571392.04,571392.04,55373.91,0.00,0.00,0.00,109.57,0.00,195720662.21,202661559.60,0.00,0.00,0.00,0.00,52793285,93483078,0,0
1428.23,571392.04,571392.04,55482.02,0.00,0.00,0.00,108.11,0.00,195720662.21,202661559.60,0.00,0.00,0.00,0.00,52793285,93483078,0,0
1430.23,571392.04,571392.04,55597.13,0.00,0.00,0.00,115.11,0.00,195720662.21,202661559.60,0.00,0.00,0.00,0.00,52793285,93483078,0,0
1432.23,571392.04,571392.04,55695.32,0.00,0.00,0.00,98.19,0.00,195720662.21,202661559.60,0.00,0.00,0.00,0.00,52793285,93483078,0,0
1434.23,571392.04,571392.04,55806.35,0.00,0.00,0.00,111.03,0.00,195720662.21,202661559.60,0.00,0.00,0.00,0.00,52793285,93483078,0,0
1436.24,571392.04,571392.04,55921.77,0.00,0.00,0.00,115.41,0.00,195720662.21,202661559.60,0.00,0.00,0.00,0.00,52793285,93483078,0,0
1438.24,571392.04,571392.04,56034.14,0.00,0.00,0.00,112.38,0.00,195720662.21,202661559.60,0.00,0.00,0.00,0.00,52793285,93483078,0,0
1440.25,571392.04,571392.04,56151.13,0.00,0.00,0.00,116.99,0.00,195720662.21,202661559.60,0.00,0.00,0.00,0.00,52793285,93483078,0,0
1442.25,571392.04,571392.04,56270.88,0.00,0.00,0.00,119.74,0.00,195720662.21,202661559.60,0.00,0.00,0.00,0.00,52793285,93483078,0,0
1444.25,571392.04,571392.04,56393.65,0.00,0.00,0.00,122.77,0.00,195720662.21,202661559.60,0.00,0.00,0.00,0.00,52793285,93483078,0,0
1446.25,571392.04,571392.04,56510.52,0.00,0.00,0.00,116.88,0.00,195720662.21,202661559.60,0.00,0.00,0.00,0.00,52793285,93483078,0,0
1448.25,571392.04,571392.04,56614.75,0.00,0.00,0.00,104.23,0.00,195720662.21,202661559.60,0.00,0.00,0.00,0.00,52793285,93483078,0,0
1450.25,571392.04,571392.04,56725.78,0.00,0.00,0.00,111.03,0.00,195720662.21,202661559.60,0.00,0.00,0.00,0.00,52793285,93483078,0,0
1452.25,571392.04,571392.04,56838.46,0.00,0.00,0.00,112.68,0.00,195720662.21,202661559.60,0.00,0.00,0.00,0.00,52793285,93483078,0,0
1454.27,571392.04,571392.04,56953.19,0.00,0.00,0.00,114.73,0.00,195720662.21,202661559.60,0.00,0.00,0.00,0.00,52793285,93483078,0,0
1456.28,571392.04,571392.04,57070.06,0.00,0.00,0.00,116.88,0.00,195720662.21,202661559.60,0.00,0.00,0.00,0.00,52793285,93483078,0,0
1458.28,571392.04,571392.04,57183.74,0.00,0.00,0.00,113.68,0.00,195720662.21,202661559.60,0.00,0.00,0.00,0.00,52793285,93483078,0,0
1460.28,571392.04,571392.04,57290.52,0.00,0.00,0.00,106.77,0.00,195720662.21,202661559.60,0.00,0.00,0.00,0.00,52793285,93483078,0,0
1462.28,571392.04,571392.04,57390.01,0.00,0.00,0.00,99.49,0.00,195720662.21,202661559.60,0.00,0.00,0.00,0.00,52793285,93483078,0,0
1464.29,571392.04,571392.04,57502.50,0.00,0.00,0.00,112.49,0.00,195720662.21,202661559.60,0.00,0.00,0.00,0.00,52793285,93483078,0,0
1466.29,571392.04,571392.04,57615.27,0.00,0.00,0.00,112.77,0.00,195720662.21,202661559.60,0.00,0.00,0.00,0.00,52793285,93483078,0,0
1468.29,571392.04,571392.04,57721.43,0.00,0.00,0.00,106.16,0.00,195720662.21,202661559.60,0.00,0.00,0.00,0.00,52793285,93483078,0,0
1470.29,571392.04,571392.04,57842.90,0.00,0.00,0.00,121.47,0.00,195720662.21,202661559.60,0.00,0.00,0.00,0.00,52793285,93483078,0,0
1472.30,571392.04,571392.04,57964.16,0.00,0.00,0.00,121.26,0.00,195720662.21,202661559.60,0.00,0.00,0.00,0.00,52793285,93483078,0,0
1474.30,571392.04,571392.04,58079.45,0.00,0.00,0.00,115.30,0.00,195720662.21,202661559.60,0.00,0.00,0.00,0.00,52793285,93483078,0,0
1476.30,571392.04,571392.04,58181.22,0.00,0.00,0.00,101.77,0.00,195720662.21,202661559.60,0.00,0.00,0.00,0.00,52793285,93483078,0,0
1478.31,571392.04,571392.04,58289.95,0.00,0.00,0.00,108.73,0.00,195720662.21,202661559.60,0.00,0.00,0.00,0.00,52793285,93483078,0,0
1480.31,571392.04,571392.04,58400.98,0.00,0.00,0.00,111.03,0.00,195720662.21,202661559.60,0.00,0.00,0.00,0.00,52793285,93483078,0,0
1482.31,571392.04,571392.04,58507.62,0.00,0.00,0.00,106.65,0.00,195720662.21,202661559.60,0.00,0.00,0.00,0.00,52793285,93483078,0,0
1484.33,571392.04,571392.04,58604.05,0.00,0.00,0.00,96.42,0.00,195720662.21,202661559.60,0.00,0.00,0.00,0.00,52793285,93483078,0,0
1486.35,571392.04,571392.04,58616.33,0.00,0.00,0.00,12.28,0.00,195720662.21,202661559.60,0.00,0.00,0.00,0.00,52793285,93483078,0,0
1488.38,571392.04,571392.04,58704.05,0.00,0.00,0.00,87.72,0.00,195720662.21,202661559.60,0.00,0.00,0.00,0.00,52793285,93483078,0,0
1490.44,571392.04,571392.04,58718.00,0.00,0.00,0.00,13.95,0.00,195720662.21,202661559.60,0.00,0.00,0.00,0.00,52793285,93483078,0,0
1493.52,571392.04,571392.04,58743.65,0.00,0.00,0.00,25.65,0.00,195720662.21,202661559.60,0.00,0.00,0.00,0.00,52793285,93483078,0,0
1495.04,571392.04,571392.04,58766.21,0.00,0.00,0.00,22.56,0.00,195720662.21,202661559.60,0.00,0.00,0.00,0.00,52793285,93483078,0,0
1497.46,571392.04,571392.04,58855.86,0.00,0.00,0.00,89.65,0.00,195720662.21,202661559.60,0.00,0.00,0.00,0.00,52793285,93483078,0,0
1499.45,571392.04,571392.04,58877.24,0.00,0.00,0.00,21.38,0.00,195720662.21,202661559.60,0.00,0.00,0.00,0.00,52793285,93483078,0,0
1501.45,571392.04,571392.04,58958.09,0.00,0.00,0.00,80.85,0.00,195720662.21,202661559.60,0.00,0.00,0.00,0.00,52793285,93483078,0,0
1503.45,571392.04,571392.04,58982.43,0.00,0.00,0.00,24.34,0.00,195720662.21,202661559.60,0.00,0.00,0.00,0.00,52793285,93483078,0,0
1505.45,571392.04,571392.04,59092.28,0.00,0.00,0.00,109.85,0.00,195720662.21,202661559.60,0.00,0.00,0.00,0.00,52793285,93483078,0,0
1507.45,571392.04,571392.04,59200.80,0.00,0.00,0.00,108.52,0.00,195720662.21,202661559.60,0.00,0.00,0.00,0.00,52793285,93483078,0,0
1509.45,571392.04,571392.04,59310.46,0.00,0.00,0.00,109.66,0.00,195720662.21,202661559.60,0.00,0.00,0.00,0.00,52793285,93483078,0,0
1511.49,571392.04,571392.04,59419.97,0.00,0.00,0.00,109.51,0.00,195720662.21,202661559.60,0.00,0.00,0.00,0.00,52793285,93483078,0,0
1513.46,571392.04,571392.04,59519.72,0.00,0.00,0.00,99.75,0.00,195720662.21,202661559.60,0.00,0.00,0.00,0.00,52793285,93483078,0,0
1515.46,571392.04,571392.04,59623.78,0.00,0.00,0.00,104.06,0.00,195720662.21,202661559.60,0.00,0.00,0.00,0.00,52793285,93483078,0,0
1517.46,571392.04,571392.04,59724.56,0.00,0.00,0.00,100.78,0.00,195720662.21,202661559.60,0.00,0.00,0.00,0.00,52793285,93483078,0,0
1519.46,571392.04,571392.04,59829.77,0.00,0.00,0.00,105.21,0.00,195720662.21,202661559.60,0.00,0.00,0.00,0.00,52793285,93483078,0,0
1521.46,571392.04,571392.04,59926.20,0.00,0.00,0.00,96.42,0.00,195720662.21,202661559.60,0.00,0.00,0.00,0.00,52793285,93483078,0,0
1523.46,571392.04,571392.04,60046.52,0.00,0.00,0.00,120.33,0.00,195720662.21,202661559.60,0.00,0.00,0.00,0.00,52793285,93483078,0,0
1525.47,571392.04,571392.04,60168.71,0.00,0.00,0.00,122.19,0.00,195720662.21,202661559.60,0.00,0.00,0.00,0.00,52793285,93483078,0,0
1527.47,571392.04,571392.04,60280.49,0.00,0.00,0.00,111.78,0.00,195720662.21,202661559.60,0.00,0.00,0.00,0.00,52793285,93483078,0,0
1529.47,571392.04,571392.04,60385.71,0.00,0.00,0.00,105.22,0.00,195720662.21,202661559.60,0.00,0.00,0.00,0.00,52793285,93483078,0,0
1531.47,571392.04,571392.04,60490.65,0.00,0.00,0.00,104.94,0.00,195720662.21,202661559.60,0.00,0.00,0.00,0.00,52793285,93483078,0,0
1533.47,571392.04,571392.04,60595.84,0.00,0.00,0.00,105.19,0.00,195720662.21,202661559.60,0.00,0.00,0.00,0.00,52793285,93483078,0,0
1535.47,571392.04,571392.04,60700.49,0.00,0.00,0.00,104.66,0.00,195720662.21,202661559.60,0.00,0.00,0.00,0.00,52793285,93483078,0,0
1537.47,571392.04,571392.04,60806.24,0.00,0.00,0.00,105.75,0.00,195720662.21,202661559.60,0.00,0.00,0.00,0.00,52793285,93483078,0,0
1539.47,571392.04,571392.04,60912.33,0.00,0.00,0.00,106.09,0.00,195720662.21,202661559.60,0.00,0.00,0.00,0.00,52793285,93483078,0,0
1541.47,571392.04,571392.04,61017.52,0.00,0.00,0.00,105.19,0.00,195720662.21,202661559.60,0.00,0.00,0.00,0.00,52793285,93483078,0,0
1543.47,571392.04,571392.04,61126.53,0.00,0.00,0.00,109.02,0.00,195720662.21,202661559.60,0.00,0.00,0.00,0.00,52793285,93483078,0,0
1545.47,571392.04,571392.04,61234.30,0.00,0.00,0.00,107.77,0.00,195720662.21,202661559.60,0.00,0.00,0.00,0.00,52793285,93483078,0,0
1547.47,571392.04,571392.04,61341.84,0.00,0.00,0.00,107.55,0.00,195720662.21,202661559.60,0.00,0.00,0.00,0.00,52793285,93483078,0,0
1549.48,571392.04,571392.04,61449.24,0.00,0.00,0.00,107.40,0.00,195720662.21,202661559.60,0.00,0.00,0.00,0.00,52793285,93483078,0,0
1551.52,571392.04,571392.04,61555.14,0.00,0.00,0.00,105.90,0.00,195720662.21,202661559.60,0.00,0.00,0.00,0.00,52793285,93483078,0,0
1553.53,571392.04,571392.04,61679.32,0.00,0.00,0.00,124.18,0.00,195720662.21,202661559.60,0.00,0.00,0.00,0.00,52793285,93483078,0,0
1555.53,571392.04,571392.04,61804.96,0.00,0.00,0.00,125.64,0.00,195720662.21,202661559.60,0.00,0.00,0.00,0.00,52793285,93483078,0,0
1557.53,571392.04,571392.04,61925.95,0.00,0.00,0.00,120.98,0.00,195720662.21,202661559.60,0.00,0.00,0.00,0.00,52793285,93483078,0,0
1559.53,571392.04,571392.04,62052.55,0.00,0.00,0.00,126.60,0.00,195720662.21,202661559.60,0.00,0.00,0.00,0.00,52793285,93483078,0,0
1561.53,571392.04,571392.04,62180.18,0.00,0.00,0.00,127.63,0.00,195720662.21,202661559.60,0.00,0.00,0.00,0.00,52793285,93483078,0,0
1563.53,571392.04,571392.04,62307.38,0.00,0.00,0.00,127.20,0.00,195720662.21,202661559.60,0.00,0.00,0.00,0.00,52793285,93483078,0,0
1565.53,571392.04,571392.04,62433.57,0.00,0.00,0.00,126.20,0.00,195720662.21,202661559.60,0.00,0.00,0.00,0.00,52793285,93483078,0,0
1567.53,571392.04,571392.04,62558.80,0.00,0.00,0.00,125.23,0.00,195720662.21,202661559.60,0.00,0.00,0.00,0.00,52793285,93483078,0,0
1569.53,571392.04,571392.04,62684.85,0.00,0.00,0.00,126.05,0.00,195720662.21,202661559.60,0.00,0.00,0.00,0.00,52793285,93483078,0,0
1571.54,571392.04,571392.04,62811.05,0.00,0.00,0.00,126.20,0.00,195720662.21,202661559.60,0.00,0.00,0.00,0.00,52793285,93483078,0,0
1573.54,571392.04,571392.04,62937.19,0.00,0.00,0.00,126.13,0.00,195720662.21,202661559.60,0.00,0.00,0.00,0.00,52793285,93483078,0,0
1575.54,571392.04,571392.04,63063.27,0.00,0.00,0.00,126.08,0.00,195720662.21,202661559.60,0.00,0.00,0.00,0.00,52793285,93483078,0,0
1577.54,571392.04,571392.04,63176.66,0.00,0.00,0.00,113.40,0.00,195720662.21,202661559.60,0.00,0.00,0.00,0.00,52793285,93483078,0,0
1579.54,571392.04,571392.04,63278.80,0.00,0.00,0.00,102.14,0.00,195720662.21,202661559.60,0.00,0.00,0.00,0.00,52793285,93483078,0,0
1581.54,571392.04,571392.04,63395.92,0.00,0.00,0.00,117.12,0.00,195720662.21,202661559.60,0.00,0.00,0.00,0.00,52793285,93483078,0,0
1583.54,571392.04,571392.04,63521.56,0.00,0.00,0.00,125.64,0.00,195720662.21,202661559.60,0.00,0.00,0.00,0.00,52793285,93483078,0,0
1585.55,571392.04,571392.04,63648.66,0.00,0.00,0.00,127.10,0.00,195720662.21,202661559.60,0.00,0.00,0.00,0.00,52793285,93483078,0,0
1587.55,571392.04,571392.04,63768.46,0.00,0.00,0.00,119.80,0.00,195720662.21,202661559.60,0.00,0.00,0.00,0.00,52793285,93483078,0,0
1589.55,571392.04,571392.04,63894.10,0.00,0.00,0.00,125.64,0.00,195720662.21,202661559.60,0.00,0.00,0.00,0.00,52793285,93483078,0,0
1591.55,571392.04,571392.04,63998.05,0.00,0.00,0.00,103.95,0.00,195720662.21,202661559.60,0.00,0.00,0.00,0.00,52793285,93483078,0,0
1593.55,571392.04,571392.04,64117.41,0.00,0.00,0.00,119.37,0.00,195720662.21,202661559.60,0.00,0.00,0.00,0.00,52793285,93483078,0,0
1595.56,571392.04,571392.04,64243.27,0.00,0.00,0.00,125.85,0.00,195720662.21,202661559.60,0.00,0.00,0.00,0.00,52793285,93483078,0,0
1597.56,571392.04,571392.04,64370.22,0.00,0.00,0.00,126.95,0.00,195720662.21,202661559.60,0.00,0.00,0.00,0.00,52793285,93483078,0,0
1599.57,571392.04,571392.04,64496.01,0.00,0.00,0.00,125.79,0.00,195720662.21,202661559.60,0.00,0.00,0.00,0.00,52793285,93483078,0,0
1601.57,571392.04,571392.04,64623.11,0.00,0.00,0.00,127.10,0.00,195720662.21,202661559.60,0.00,0.00,0.00,0.00,52793285,93483078,0,0
1603.57,571392.04,571392.04,64750.77,0.00,0.00,0.00,127.66,0.00,195720662.21,202661559.60,0.00,0.00,0.00,0.00,52793285,93483078,0,0
1605.58,571392.04,571392.04,64877.31,0.00,0.00,0.00,126.54,0.00,195720662.21,202661559.60,0.00,0.00,0.00,0.00,52793285,93483078,0,0
1607.58,571392.04,571392.04,65003.73,0.00,0.00,0.00,126.42,0.00,195720662.21,202661559.60,0.00,0.00,0.00,0.00,52793285,93483078,0,0
1609.58,571392.04,571392.04,65127.38,0.00,0.00,0.00,123.65,0.00,195720662.21,202661559.60,0.00,0.00,0.00,0.00,52793285,93483078,0,0
1611.58,571392.04,571392.04,65242.55,0.00,0.00,0.00,115.16,0.00,195720662.21,202661559.60,0.00,0.00,0.00,0.00,52793285,93483078,0,0
1613.58,571392.04,571392.04,65371.11,0.00,0.00,0.00,128.56,0.00,195720662.21,202661559.60,0.00,0.00,0.00,0.00,52793285,93483078,0,0
1615.59,571392.04,571392.04,65496.75,0.00,0.00,0.00,125.64,0.00,195720662.21,202661559.60,0.00,0.00,0.00,0.00,52793285,93483078,0,0
1617.59,571392.04,571392.04,65597.55,0.00,0.00,0.00,100.80,0.00,195720662.21,202661559.60,0.00,0.00,0.00,0.00,52793285,93483078,0,0
1619.60,571392.04,571392.04,65723.20,0.00,0.00,0.00,125.64,0.00,195720662.21,202661559.60,0.00,0.00,0.00,0.00,52793285,93483078,0,0
1621.60,571392.04,571392.04,65850.30,0.00,0.00,0.00,127.10,0.00,195720662.21,202661559.60,0.00,0.00,0.00,0.00,52793285,93483078,0,0
1623.61,571392.04,571392.04,65977.40,0.00,0.00,0.00,127.10,0.00,195720662.21,202661559.60,0.00,0.00,0.00,0.00,52793285,93483078,0,0
1625.62,571392.04,571392.04,66104.50,0.00,0.00,0.00,127.10,0.00,195720662.21,202661559.60,0.00,0.00,0.00,0.00,52793285,93483078,0,0
1627.62,571392.04,571392.04,66230.14,0.00,0.00,0.00,125.64,0.00,195720662.21,202661559.60,0.00,0.00,0.00,0.00,52793285,93483078,0,0
1629.62,571392.04,571392.04,66355.01,0.00,0.00,0.00,124.87,0.00,195720662.21,202661559.60,0.00,0.00,0.00,0.00,52793285,93483078,0,0
1631.62,571392.04,571392.04,66479.34,0.00,0.00,0.00,124.34,0.00,195720662.21,202661559.60,0.00,0.00,0.00,0.00,52793285,93483078,0,0
1633.63,571392.04,571392.04,66604.14,0.00,0.00,0.00,124.80,0.00,195720662.21,202661559.60,0.00,0.00,0.00,0.00,52793285,93483078,0,0
1635.63,571392.04,571392.04,66726.86,0.00,0.00,0.00,122.72,0.00,195720662.21,202661559.60,0.00,0.00,0.00,0.00,52793285,93483078,0,0
1637.63,571392.04,571392.04,66834.51,0.00,0.00,0.00,107.65,0.00,195720662.21,202661559.60,0.00,0.00,0.00,0.00,52793285,93483078,0,0
1639.63,571392.04,571392.04,66941.62,0.00,0.00,0.00,107.11,0.00,195720662.21,202661559.60,0.00,0.00,0.00,0.00,52793285,93483078,0,0
1641.63,571392.04,571392.04,67041.49,0.00,0.00,0.00,99.88,0.00,195720662.21,202661559.60,0.00,0.00,0.00,0.00,52793285,93483078,0,0
1643.64,571392.04,571392.04,67149.07,0.00,0.00,0.00,107.58,0.00,195720662.21,202661559.60,0.00,0.00,0.00,0.00,52793285,93483078,0,0
1645.64,571392.04,571392.04,67257.18,0.00,0.00,0.00,108.11,0.00,195720662.21,202661559.60,0.00,0.00,0.00,0.00,52793285,93483078,0,0
1647.65,571392.04,571392.04,67356.52,0.00,0.00,0.00,99.34,0.00,195720662.21,202661559.60,0.00,0.00,0.00,0.00,52793285,93483078,0,0
1649.65,571392.04,571392.04,67464.20,0.00,0.00,0.00,107.68,0.00,195720662.21,202661559.60,0.00,0.00,0.00,0.00,52793285,93483078,0,0
1651.65,571392.04,571392.04,67571.28,0.00,0.00,0.00,107.08,0.00,195720662.21,202661559.60,0.00,0.00,0.00,0.00,52793285,93483078,0,0
1653.65,571392.04,571392.04,67679.39,0.00,0.00,0.00,108.11,0.00,195720662.21,202661559.60,0.00,0.00,0.00,0.00,52793285,93483078,0,0
1655.65,571392.04,571392.04,67787.01,0.00,0.00,0.00,107.62,0.00,195720662.21,202661559.60,0.00,0.00,0.00,0.00,52793285,93483078,0,0
1657.65,571392.04,571392.04,67894.71,0.00,0.00,0.00,107.70,0.00,195720662.21,202661559.60,0.00,0.00,0.00,0.00,52793285,93483078,0,0
1659.66,571392.04,571392.04,68002.26,0.00,0.00,0.00,107.55,0.00,195720662.21,202661559.60,0.00,0.00,0.00,0.00,52793285,93483078,0,0
1661.66,571392.04,571392.04,68110.37,0.00,0.00,0.00,108.11,0.00,195720662.21,202661559.60,0.00,0.00,0.00,0.00,52793285,93483078,0,0
1663.66,571392.04,571392.04,68218.88,0.00,0.00,0.00,108.52,0.00,195720662.21,202661559.60,0.00,0.00,0.00,0.00,52793285,93483078,0,0
1665.66,571392.04,571392.04,68326.59,0.00,0.00,0.00,107.70,0.00,195720662.21,202661559.60,0.00,0.00,0.00,0.00,52793285,93483078,0,0
1667.66,571392.04,571392.04,68434.70,0.00,0.00,0.00,108.11,0.00,195720662.21,202661559.60,0.00,0.00,0.00,0.00,52793285,93483078,0,0
1669.67,571392.04,571392.04,68542.80,0.00,0.00,0.00,108.11,0.00,195720662.21,202661559.60,0.00,0.00,0.00,0.00,52793285,93483078,0,0
1671.67,571392.04,571392.04,68642.06,0.00,0.00,0.00,99.26,0.00,195720662.21,202661559.60,0.00,0.00,0.00,0.00,52793285,93483078,0,0
1673.67,571392.04,571392.04,68756.10,0.00,0.00,0.00,114.04,0.00,195720662.21,202661559.60,0.00,0.00,0.00,0.00,52793285,93483078,0,0
1675.68,571392.04,571392.04,68881.74,0.00,0.00,0.00,125.64,0.00,195720662.21,202661559.60,0.00,0.00,0.00,0.00,52793285,93483078,0,0
1677.68,571392.04,571392.04,69000.08,0.00,0.00,0.00,118.34,0.00,195720662.21,202661559.60,0.00,0.00,0.00,0.00,52793285,93483078,0,0
1679.68,571392.04,571392.04,69120.81,0.00,0.00,0.00,120.73,0.00,195720662.21,202661559.60,0.00,0.00,0.00,0.00,52793285,93483078,0,0
1681.68,571392.04,571392.04,69230.91,0.00,0.00,0.00,110.09,0.00,195720662.21,202661559.60,0.00,0.00,0.00,0.00,52793285,93483078,0,0
1683.68,571392.04,571392.04,69338.21,0.00,0.00,0.00,107.30,0.00,195720662.21,202661559.60,0.00,0.00,0.00,0.00,52793285,93483078,0,0
1685.68,571392.04,571392.04,69446.54,0.00,0.00,0.00,108.33,0.00,195720662.21,202661559.60,0.00,0.00,0.00,0.00,52793285,93483078,0,0
1687.69,571392.04,571392.04,69553.77,0.00,0.00,0.00,107.23,0.00,195720662.21,202661559.60,0.00,0.00,0.00,0.00,52793285,93483078,0,0
1689.69,571392.04,571392.04,69662.16,0.00,0.00,0.00,108.39,0.00,195720662.21,202661559.60,0.00,0.00,0.00,0.00,52793285,93483078,0,0
1691.70,571392.04,571392.04,69769.99,0.00,0.00,0.00,107.83,0.00,195720662.21,202661559.60,0.00,0.00,0.00,0.00,52793285,93483078,0,0
1693.70,571392.04,571392.04,69874.56,0.00,0.00,0.00,104.57,0.00,195720662.21,202661559.60,0.00,0.00,0.00,0.00,52793285,93483078,0,0
1695.70,571392.04,571392.04,69980.37,0.00,0.00,0.00,105.80,0.00,195720662.21,202661559.60,0.00,0.00,0.00,0.00,52793285,93483078,0,0
1697.71,571392.04,571392.04,70107.47,0.00,0.00,0.00,127.10,0.00,195720662.21,202661559.60,0.00,0.00,0.00,0.00,52793285,93483078,0,0
1699.71,571392.04,571392.04,70234.57,0.00,0.00,0.00,127.10,0.00,195720662.21,202661559.60,0.00,0.00,0.00,0.00,52793285,93483078,0,0
1701.71,571392.04,571392.04,70352.91,0.00,0.00,0.00,118.34,0.00,195720662.21,202661559.60,0.00,0.00,0.00,0.00,52793285,93483078,0,0
1703.71,571392.04,571392.04,70477.09,0.00,0.00,0.00,124.18,0.00,195720662.21,202661559.60,0.00,0.00,0.00,0.00,52793285,93483078,0,0
1705.71,571392.04,571392.04,70599.80,0.00,0.00,0.00,122.72,0.00,195720662.21,202661559.60,0.00,0.00,0.00,0.00,52793285,93483078,0,0
1707.72,571392.04,571392.04,70719.60,0.00,0.00,0.00,119.80,0.00,195720662.21,202661559.60,0.00,0.00,0.00,0.00,52793285,93483078,0,0
1709.72,571392.04,571392.04,70846.70,0.00,0.00,0.00,127.10,0.00,195720662.21,202661559.60,0.00,0.00,0.00,0.00,52793285,93483078,0,0
1711.72,571392.04,571392.04,70974.77,0.00,0.00,0.00,128.07,0.00,195720662.21,202661559.60,0.00,0.00,0.00,0.00,52793285,93483078,0,0
1713.72,571392.04,571392.04,71101.81,0.00,0.00,0.00,127.04,0.00,195720662.21,202661559.60,0.00,0.00,0.00,0.00,52793285,93483078,0,0
1715.73,571392.04,571392.04,71228.01,0.00,0.00,0.00,126.20,0.00,195720662.21,202661559.60,0.00,0.00,0.00,0.00,52793285,93483078,0,0
1717.73,571392.04,571392.04,71354.93,0.00,0.00,0.00,126.92,0.00,195720662.21,202661559.60,0.00,0.00,0.00,0.00,52793285,93483078,0,0
1719.73,571392.04,571392.04,71473.45,0.00,0.00,0.00,118.52,0.00,195720662.21,202661559.60,0.00,0.00,0.00,0.00,52793285,93483078,0,0
1721.73,571392.04,571392.04,71599.09,0.00,0.00,0.00,125.64,0.00,195720662.21,202661559.60,0.00,0.00,0.00,0.00,52793285,93483078,0,0
1723.74,571392.04,571392.04,71726.13,0.00,0.00,0.00,127.05,0.00,195720662.21,202661559.60,0.00,0.00,0.00,0.00,52793285,93483078,0,0
1725.74,571392.04,571392.04,71853.08,0.00,0.00,0.00,126.95,0.00,195720662.21,202661559.60,0.00,0.00,0.00,0.00,52793285,93483078,0,0
1727.74,571392.04,571392.04,71978.81,0.00,0.00,0.00,125.73,0.00,195720662.21,202661559.60,0.00,0.00,0.00,0.00,52793285,93483078,0,0
1729.74,571392.04,571392.04,72104.57,0.00,0.00,0.00,125.76,0.00,195720662.21,202661559.60,0.00,0.00,0.00,0.00,52793285,93483078,0,0
1731.75,571392.04,571392.04,72222.91,0.00,0.00,0.00,118.34,0.00,195720662.21,202661559.60,0.00,0.00,0.00,0.00,52793285,93483078,0,0
1733.75,571392.04,571392.04,72348.55,0.00,0.00,0.00,125.64,0.00,195720662.21,202661559.60,0.00,0.00,0.00,0.00,52793285,93483078,0,0
1735.75,571392.04,571392.04,72475.06,0.00,0.00,0.00,126.52,0.00,195720662.21,202661559.60,0.00,0.00,0.00,0.00,52793285,93483078,0,0
1737.75,571392.04,571392.04,72592.52,0.00,0.00,0.00,117.46,0.00,195720662.21,202661559.60,0.00,0.00,0.00,0.00,52793285,93483078,0,0
1739.75,571392.04,571392.04,72719.57,0.00,0.00,0.00,127.05,0.00,195720662.21,202661559.60,0.00,0.00,0.00,0.00,52793285,93483078,0,0
1741.75,571392.04,571392.04,72844.96,0.00,0.00,0.00,125.39,0.00,195720662.21,202661559.60,0.00,0.00,0.00,0.00,52793285,93483078,0,0
1743.76,571392.04,571392.04,72970.91,0.00,0.00,0.00,125.95,0.00,195720662.21,202661559.60,0.00,0.00,0.00,0.00,52793285,93483078,0,0
1745.76,571392.04,571392.04,73097.48,0.00,0.00,0.00,126.58,0.00,195720662.21,202661559.60,0.00,0.00,0.00,0.00,52793285,93483078,0,0
1747.76,571392.04,571392.04,73223.12,0.00,0.00,0.00,125.64,0.00,195720662.21,202661559.60,0.00,0.00,0.00,0.00,52793285,93483078,0,0
1749.77,571392.04,571392.04,73349.29,0.00,0.00,0.00,126.16,0.00,195720662.21,202661559.60,0.00,0.00,0.00,0.00,52793285,93483078,0,0
1751.77,571392.04,571392.04,73476.39,0.00,0.00,0.00,127.10,0.00,195720662.21,202661559.60,0.00,0.00,0.00,0.00,52793285,93483078,0,0
1753.77,571392.04,571392.04,73602.03,0.00,0.00,0.00,125.64,0.00,195720662.21,202661559.60,0.00,0.00,0.00,0.00,52793285,93483078,0,0
1755.77,571392.04,571392.04,73715.21,0.00,0.00,0.00,113.18,0.00,195720662.21,202661559.60,0.00,0.00,0.00,0.00,52793285,93483078,0,0
1757.77,571392.04,571392.04,73841.54,0.00,0.00,0.00,126.33,0.00,195720662.21,202661559.60,0.00,0.00,0.00,0.00,52793285,93483078,0,0
1759.78,571392.04,571392.04,73967.27,0.00,0.00,0.00,125.73,0.00,195720662.21,202661559.60,0.00,0.00,0.00,0.00,52793285,93483078,0,0
1761.78,571392.04,571392.04,74084.14,0.00,0.00,0.00,116.88,0.00,195720662.21,202661559.60,0.00,0.00,0.00,0.00,52793285,93483078,0,0
1763.79,571392.04,571392.04,74211.24,0.00,0.00,0.00,127.10,0.00,195720662.21,202661559.60,0.00,0.00,0.00,0.00,52793285,93483078,0,0
1765.80,571392.04,571392.04,74338.34,0.00,0.00,0.00,127.10,0.00,195720662.21,202661559.60,0.00,0.00,0.00,0.00,52793285,93483078,0,0
1767.80,571392.04,571392.04,74455.72,0.00,0.00,0.00,117.38,0.00,195720662.21,202661559.60,0.00,0.00,0.00,0.00,52793285,93483078,0,0
1769.80,571392.04,571392.04,74575.02,0.00,0.00,0.00,119.30,0.00,195720662.21,202661559.60,0.00,0.00,0.00,0.00,52793285,93483078,0,0
1771.80,571392.04,571392.04,74682.10,0.00,0.00,0.00,107.09,0.00,195720662.21,202661559.60,0.00,0.00,0.00,0.00,52793285,93483078,0,0
1773.81,571392.04,571392.04,74808.77,0.00,0.00,0.00,126.66,0.00,195720662.21,202661559.60,0.00,0.00,0.00,0.00,52793285,93483078,0,0
1775.81,571392.04,571392.04,74934.94,0.00,0.00,0.00,126.17,0.00,195720662.21,202661559.60,0.00,0.00,0.00,0.00,52793285,93483078,0,0
1777.81,571392.04,571392.04,75043.98,0.00,0.00,0.00,109.04,0.00,195720662.21,202661559.60,0.00,0.00,0.00,0.00,52793285,93483078,0,0
1779.81,571392.04,571392.04,75152.09,0.00,0.00,0.00,108.11,0.00,195720662.21,202661559.60,0.00,0.00,0.00,0.00,52793285,93483078,0,0
1781.81,571392.04,571392.04,75259.52,0.00,0.00,0.00,107.43,0.00,195720662.21,202661559.60,0.00,0.00,0.00,0.00,52793285,93483078,0,0
1783.81,571392.04,571392.04,75366.84,0.00,0.00,0.00,107.33,0.00,195720662.21,202661559.60,0.00,0.00,0.00,0.00,52793285,93483078,0,0
1785.81,571392.04,571392.04,75474.95,0.00,0.00,0.00,108.11,0.00,195720662.21,202661559.60,0.00,0.00,0.00,0.00,52793285,93483078,0,0
1787.81,571392.04,571392.04,75582.88,0.00,0.00,0.00,107.93,0.00,195720662.21,202661559.60,0.00,0.00,0.00,0.00,52793285,93483078,0,0
1789.81,571392.04,571392.04,75691.17,0.00,0.00,0.00,108.29,0.00,195720662.21,202661559.60,0.00,0.00,0.00,0.00,52793285,93483078,0,0
1791.81,571392.04,571392.04,75792.66,0.00,0.00,0.00,101.49,0.00,195720662.21,202661559.60,0.00,0.00,0.00,0.00,52793285,93483078,0,0
1793.82,571392.04,571392.04,75920.54,0.00,0.00,0.00,127.88,0.00,195720662.21,202661559.60,0.00,0.00,0.00,0.00,52793285,93483078,0,0
1795.82,571392.04,571392.04,76049.10,0.00,0.00,0.00,128.56,0.00,195720662.21,202661559.60,0.00,0.00,0.00,0.00,52793285,93483078,0,0
1797.82,571392.04,571392.04,76141.14,0.00,0.00,0.00,92.04,0.00,195720662.21,202661559.60,0.00,0.00,0.00,0.00,52793285,93483078,0,0
1799.82,571392.04,571392.04,76258.98,0.00,0.00,0.00,117.84,0.00,195720662.21,202661559.60,0.00,0.00,0.00,0.00,52793285,93483078,0,0
1801.83,571392.04,571392.04,76383.66,0.00,0.00,0.00,124.67,0.00,195720662.21,202661559.60,0.00,0.00,0.00,0.00,52793285,93483078,0,0
1803.83,571392.04,571392.04,76510.76,0.00,0.00,0.00,127.10,0.00,195720662.21,202661559.60,0.00,0.00,0.00,0.00,52793285,93483078,0,0
1805.83,571392.04,571392.04,76637.86,0.00,0.00,0.00,127.10,0.00,195720662.21,202661559.60,0.00,0.00,0.00,0.00,52793285,93483078,0,0
1807.83,571392.04,571392.04,76765.59,0.00,0.00,0.00,127.73,0.00,195720662.21,202661559.60,0.00,0.00,0.00,0.00,52793285,93483078,0,0
1809.83,571392.04,571392.04,76893.41,0.00,0.00,0.00,127.82,0.00,195720662.21,202661559.60,0.00,0.00,0.00,0.00,52793285,93483078,0,0
1811.83,571392.04,571392.04,77020.57,0.00,0.00,0.00,127.16,0.00,195720662.21,202661559.60,0.00,0.00,0.00,0.00,52793285,93483078,0,0
1813.83,571392.04,571392.04,77146.27,0.00,0.00,0.00,125.70,0.00,195720662.21,202661559.60,0.00,0.00,0.00,0.00,52793285,93483078,0,0
1815.84,571392.04,571392.04,77273.37,0.00,0.00,0.00,127.10,0.00,195720662.21,202661559.60,0.00,0.00,0.00,0.00,52793285,93483078,0,0
1817.84,571392.04,571392.04,77399.01,0.00,0.00,0.00,125.64,0.00,195720662.21,202661559.60,0.00,0.00,0.00,0.00,52793285,93483078,0,0
1819.85,571392.04,571392.04,77526.11,0.00,0.00,0.00,127.10,0.00,195720662.21,202661559.60,0.00,0.00,0.00,0.00,52793285,93483078,0,0
1821.85,571392.04,571392.04,77631.58,0.00,0.00,0.00,105.47,0.00,195720662.21,202661559.60,0.00,0.00,0.00,0.00,52793285,93483078,0,0
1823.85,571392.04,571392.04,77749.63,0.00,0.00,0.00,118.05,0.00,195720662.21,202661559.60,0.00,0.00,0.00,0.00,52793285,93483078,0,0
1825.86,571392.04,571392.04,77853.36,0.00,0.00,0.00,103.73,0.00,195720662.21,202661559.60,0.00,0.00,0.00,0.00,52793285,93483078,0,0
1827.86,571392.04,571392.04,77953.27,0.00,0.00,0.00,99.91,0.00,195720662.21,202661559.60,0.00,0.00,0.00,0.00,52793285,93483078,0,0
1829.86,571392.04,571392.04,78060.81,0.00,0.00,0.00,107.55,0.00,195720662.21,202661559.60,0.00,0.00,0.00,0.00,52793285,93483078,0,0
1831.86,571392.04,571392.04,78168.40,0.00,0.00,0.00,107.59,0.00,195720662.21,202661559.60,0.00,0.00,0.00,0.00,52793285,93483078,0,0
1833.86,571392.04,571392.04,78276.63,0.00,0.00,0.00,108.23,0.00,195720662.21,202661559.60,0.00,0.00,0.00,0.00,52793285,93483078,0,0
1835.86,571392.04,571392.04,78384.55,0.00,0.00,0.00,107.92,0.00,195720662.21,202661559.60,0.00,0.00,0.00,0.00,52793285,93483078,0,0
1837.86,571392.04,571392.04,78507.74,0.00,0.00,0.00,123.19,0.00,195720662.21,202661559.60,0.00,0.00,0.00,0.00,52793285,93483078,0,0
1839.87,571392.04,571392.04,78634.96,0.00,0.00,0.00,127.22,0.00,195720662.21,202661559.60,0.00,0.00,0.00,0.00,52793285,93483078,0,0
1841.87,571392.04,571392.04,78762.06,0.00,0.00,0.00,127.10,0.00,195720662.21,202661559.60,0.00,0.00,0.00,0.00,52793285,93483078,0,0
1843.87,571392.04,571392.04,78889.16,0.00,0.00,0.00,127.10,0.00,195720662.21,202661559.60,0.00,0.00,0.00,0.00,52793285,93483078,0,0
1845.88,571392.04,571392.04,79016.27,0.00,0.00,0.00,127.10,0.00,195720662.21,202661559.60,0.00,0.00,0.00,0.00,52793285,93483078,0,0
1847.88,571392.04,571392.04,79143.19,0.00,0.00,0.00,126.92,0.00,195720662.21,202661559.60,0.00,0.00,0.00,0.00,52793285,93483078,0,0
1849.88,571392.04,571392.04,79269.01,0.00,0.00,0.00,125.82,0.00,195720662.21,202661559.60,0.00,0.00,0.00,0.00,52793285,93483078,0,0
1851.88,571392.04,571392.04,79378.27,0.00,0.00,0.00,109.27,0.00,195720662.21,202661559.60,0.00,0.00,0.00,0.00,52793285,93483078,0,0
1853.88,571392.04,571392.04,79486.69,0.00,0.00,0.00,108.41,0.00,195720662.21,202661559.60,0.00,0.00,0.00,0.00,52793285,93483078,0,0
1855.88,571392.04,571392.04,79591.20,0.00,0.00,0.00,104.51,0.00,195720662.21,202661559.60,0.00,0.00,0.00,0.00,52793285,93483078,0,0
1857.89,571392.04,571392.04,79689.76,0.00,0.00,0.00,98.56,0.00,195720662.21,202661559.60,0.00,0.00,0.00,0.00,52793285,93483078,0,0
1859.89,571392.04,571392.04,79806.82,0.00,0.00,0.00,117.06,0.00,195720662.21,202661559.60,0.00,0.00,0.00,0.00,52793285,93483078,0,0
1861.89,571392.04,571392.04,79924.97,0.00,0.00,0.00,118.15,0.00,195720662.21,202661559.60,0.00,0.00,0.00,0.00,52793285,93483078,0,0
1863.90,571392.04,571392.04,80046.23,0.00,0.00,0.00,121.26,0.00,195720662.21,202661559.60,0.00,0.00,0.00,0.00,52793285,93483078,0,0
1865.90,571392.04,571392.04,80172.96,0.00,0.00,0.00,126.73,0.00,195720662.21,202661559.60,0.00,0.00,0.00,0.00,52793285,93483078,0,0
1867.91,571392.04,571392.04,80298.97,0.00,0.00,0.00,126.01,0.00,195720662.21,202661559.60,0.00,0.00,0.00,0.00,52793285,93483078,0,0
1869.91,571392.04,571392.04,80416.88,0.00,0.00,0.00,117.91,0.00,195720662.21,202661559.60,0.00,0.00,0.00,0.00,52793285,93483078,0,0
1871.91,571392.04,571392.04,80524.83,0.00,0.00,0.00,107.95,0.00,195720662.21,202661559.60,0.00,0.00,0.00,0.00,52793285,93483078,0,0
1873.91,571392.04,571392.04,80645.21,0.00,0.00,0.00,120.38,0.00,195720662.21,202661559.60,0.00,0.00,0.00,0.00,52793285,93483078,0,0
1875.91,571392.04,571392.04,80753.32,0.00,0.00,0.00,108.11,0.00,195720662.21,202661559.60,0.00,0.00,0.00,0.00,52793285,93483078,0,0
1877.91,571392.04,571392.04,80875.67,0.00,0.00,0.00,122.35,0.00,195720662.21,202661559.60,0.00,0.00,0.00,0.00,52793285,93483078,0,0
1879.91,571392.04,571392.04,81002.21,0.00,0.00,0.00,126.54,0.00,195720662.21,202661559.60,0.00,0.00,0.00,0.00,52793285,93483078,0,0
1881.92,571392.04,571392.04,81109.79,0.00,0.00,0.00,107.58,0.00,195720662.21,202661559.60,0.00,0.00,0.00,0.00,52793285,93483078,0,0
1883.92,571392.04,571392.04,81235.38,0.00,0.00,0.00,125.59,0.00,195720662.21,202661559.60,0.00,0.00,0.00,0.00,52793285,93483078,0,0
1885.93,571392.04,571392.04,81361.07,0.00,0.00,0.00,125.70,0.00,195720662.21,202661559.60,0.00,0.00,0.00,0.00,52793285,93483078,0,0
1887.93,571392.04,571392.04,81475.93,0.00,0.00,0.00,114.86,0.00,195720662.21,202661559.60,0.00,0.00,0.00,0.00,52793285,93483078,0,0
1889.94,571392.04,571392.04,81594.82,0.00,0.00,0.00,118.89,0.00,195720662.21,202661559.60,0.00,0.00,0.00,0.00,52793285,93483078,0,0
1891.94,571392.04,571392.04,81702.93,0.00,0.00,0.00,108.11,0.00,195720662.21,202661559.60,0.00,0.00,0.00,0.00,52793285,93483078,0,0
1893.94,571392.04,571392.04,81811.04,0.00,0.00,0.00,108.11,0.00,195720662.21,202661559.60,0.00,0.00,0.00,0.00,52793285,93483078,0,0
1895.94,571392.04,571392.04,81919.15,0.00,0.00,0.00,108.11,0.00,195720662.21,202661559.60,0.00,0.00,0.00,0.00,52793285,93483078,0,0
1897.94,571392.04,571392.04,82026.20,0.00,0.00,0.00,107.05,0.00,195720662.21,202661559.60,0.00,0.00,0.00,0.00,52793285,93483078,0,0
1899.95,571392.04,571392.04,82133.91,0.00,0.00,0.00,107.70,0.00,195720662.21,202661559.60,0.00,0.00,0.00,0.00,52793285,93483078,0,0
1901.95,571392.04,571392.04,82242.55,0.00,0.00,0.00,108.64,0.00,195720662.21,202661559.60,0.00,0.00,0.00,0.00,52793285,93483078,0,0
1903.95,571392.04,571392.04,82351.00,0.00,0.00,0.00,108.45,0.00,195720662.21,202661559.60,0.00,0.00,0.00,0.00,52793285,93483078,0,0
1905.95,571392.04,571392.04,82459.02,0.00,0.00,0.00,108.02,0.00,195720662.21,202661559.60,0.00,0.00,0.00,0.00,52793285,93483078,0,0
1907.95,571392.04,571392.04,82566.34,0.00,0.00,0.00,107.33,0.00,195720662.21,202661559.60,0.00,0.00,0.00,0.00,52793285,93483078,0,0
1909.96,571392.04,571392.04,82674.45,0.00,0.00,0.00,108.11,0.00,195720662.21,202661559.60,0.00,0.00,0.00,0.00,52793285,93483078,0,0
1911.96,571392.04,571392.04,82774.67,0.00,0.00,0.00,100.22,0.00,195720662.21,202661559.60,0.00,0.00,0.00,0.00,52793285,93483078,0,0
1913.96,571392.04,571392.04,82883.06,0.00,0.00,0.00,108.39,0.00,195720662.21,202661559.60,0.00,0.00,0.00,0.00,52793285,93483078,0,0
1915.96,571392.04,571392.04,82990.92,0.00,0.00,0.00,107.86,0.00,195720662.21,202661559.60,0.00,0.00,0.00,0.00,52793285,93483078,0,0
1917.97,571392.04,571392.04,83089.98,0.00,0.00,0.00,99.06,0.00,195720662.21,202661559.60,0.00,0.00,0.00,0.00,52793285,93483078,0,0
1919.97,571392.04,571392.04,83197.32,0.00,0.00,0.00,107.34,0.00,195720662.21,202661559.60,0.00,0.00,0.00,0.00,52793285,93483078,0,0
1921.97,571392.04,571392.04,83304.12,0.00,0.00,0.00,106.80,0.00,195720662.21,202661559.60,0.00,0.00,0.00,0.00,52793285,93483078,0,0
1923.97,571392.04,571392.04,83412.23,0.00,0.00,0.00,108.11,0.00,195720662.21,202661559.60,0.00,0.00,0.00,0.00,52793285,93483078,0,0
1925.98,571392.04,571392.04,83518.88,0.00,0.00,0.00,106.65,0.00,195720662.21,202661559.60,0.00,0.00,0.00,0.00,52793285,93483078,0,0
1927.98,571392.04,571392.04,83626.30,0.00,0.00,0.00,107.43,0.00,195720662.21,202661559.60,0.00,0.00,0.00,0.00,52793285,93483078,0,0
1929.99,571392.04,571392.04,83733.63,0.00,0.00,0.00,107.33,0.00,195720662.21,202661559.60,0.00,0.00,0.00,0.00,52793285,93483078,0,0
1931.99,571392.04,571392.04,83841.74,0.00,0.00,0.00,108.11,0.00,195720662.21,202661559.60,0.00,0.00,0.00,0.00,52793285,93483078,0,0
1933.99,571392.04,571392.04,83948.39,0.00,0.00,0.00,106.65,0.00,195720662.21,202661559.60,0.00,0.00,0.00,0.00,52793285,93483078,0,0
1935.99,571392.04,571392.04,84056.50,0.00,0.00,0.00,108.11,0.00,195720662.21,202661559.60,0.00,0.00,0.00,0.00,52793285,93483078,0,0
1937.99,571392.04,571392.04,84164.34,0.00,0.00,0.00,107.84,0.00,195720662.21,202661559.60,0.00,0.00,0.00,0.00,52793285,93483078,0,0
1939.99,571392.04,571392.04,84271.82,0.00,0.00,0.00,107.48,0.00,195720662.21,202661559.60,0.00,0.00,0.00,0.00,52793285,93483078,0,0
1941.99,571392.04,571392.04,84368.21,0.00,0.00,0.00,96.39,0.00,195720662.21,202661559.60,0.00,0.00,0.00,0.00,52793285,93483078,0,0
1944.00,571392.04,571392.04,84475.79,0.00,0.00,0.00,107.58,0.00,195720662.21,202661559.60,0.00,0.00,0.00,0.00,52793285,93483078,0,0
1946.00,571392.04,571392.04,84583.90,0.00,0.00,0.00,108.11,0.00,195720662.21,202661559.60,0.00,0.00,0.00,0.00,52793285,93483078,0,0
1948.00,571392.04,571392.04,84683.24,0.00,0.00,0.00,99.34,0.00,195720662.21,202661559.60,0.00,0.00,0.00,0.00,52793285,93483078,0,0
1950.00,571392.04,571392.04,84791.35,0.00,0.00,0.00,108.11,0.00,195720662.21,202661559.60,0.00,0.00,0.00,0.00,52793285,93483078,0,0
1952.00,571392.04,571392.04,84899.46,0.00,0.00,0.00,108.11,0.00,195720662.21,202661559.60,0.00,0.00,0.00,0.00,52793285,93483078,0,0
1954.01,571392.04,571392.04,85006.67,0.00,0.00,0.00,107.21,0.00,195720662.21,202661559.60,0.00,0.00,0.00,0.00,52793285,93483078,0,0
1956.01,571392.04,571392.04,85114.22,0.00,0.00,0.00,107.55,0.00,195720662.21,202661559.60,0.00,0.00,0.00,0.00,52793285,93483078,0,0
1958.01,571392.04,571392.04,85222.21,0.00,0.00,0.00,107.99,0.00,195720662.21,202661559.60,0.00,0.00,0.00,0.00,52793285,93483078,0,0
1960.01,571392.04,571392.04,85329.41,0.00,0.00,0.00,107.20,0.00,195720662.21,202661559.60,0.00,0.00,0.00,0.00,52793285,93483078,0,0
1962.01,571392.04,571392.04,85436.72,0.00,0.00,0.00,107.30,0.00,195720662.21,202661559.60,0.00,0.00,0.00,0.00,52793285,93483078,0,0
1964.01,571392.04,571392.04,85543.73,0.00,0.00,0.00,107.02,0.00,195720662.21,202661559.60,0.00,0.00,0.00,0.00,52793285,93483078,0,0
1966.02,571392.04,571392.04,85651.84,0.00,0.00,0.00,108.11,0.00,195720662.21,202661559.60,0.00,0.00,0.00,0.00,52793285,93483078,0,0
1968.02,571392.04,571392.04,85759.55,0.00,0.00,0.00,107.71,0.00,195720662.21,202661559.60,0.00,0.00,0.00,0.00,52793285,93483078,0,0
1970.03,571392.04,571392.04,85866.60,0.00,0.00,0.00,107.05,0.00,195720662.21,202661559.60,0.00,0.00,0.00,0.00,52793285,93483078,0,0
1972.04,571392.04,571392.04,85963.02,0.00,0.00,0.00,96.42,0.00,195720662.21,202661559.60,0.00,0.00,0.00,0.00,52793285,93483078,0,0
1974.04,571392.04,571392.04,86071.13,0.00,0.00,0.00,108.11,0.00,195720662.21,202661559.60,0.00,0.00,0.00,0.00,52793285,93483078,0,0
1976.04,571392.04,571392.04,86179.24,0.00,0.00,0.00,108.11,0.00,195720662.21,202661559.60,0.00,0.00,0.00,0.00,52793285,93483078,0,0
1978.04,571392.04,571392.04,86280.61,0.00,0.00,0.00,101.37,0.00,195720662.21,202661559.60,0.00,0.00,0.00,0.00,52793285,93483078,0,0
1980.04,571392.04,571392.04,86387.98,0.00,0.00,0.00,107.37,0.00,195720662.21,202661559.60,0.00,0.00,0.00,0.00,52793285,93483078,0,0
1982.04,571392.04,571392.04,86495.99,0.00,0.00,0.00,108.02,0.00,195720662.21,202661559.60,0.00,0.00,0.00,0.00,52793285,93483078,0,0
1984.04,571392.04,571392.04,86604.16,0.00,0.00,0.00,108.17,0.00,195720662.21,202661559.60,0.00,0.00,0.00,0.00,52793285,93483078,0,0
1986.04,571392.04,571392.04,86712.21,0.00,0.00,0.00,108.05,0.00,195720662.21,202661559.60,0.00,0.00,0.00,0.00,52793285,93483078,0,0
1988.04,571392.04,571392.04,86820.01,0.00,0.00,0.00,107.80,0.00,195720662.21,202661559.60,0.00,0.00,0.00,0.00,52793285,93483078,0,0
1990.04,571392.04,571392.04,86927.24,0.00,0.00,0.00,107.23,0.00,195720662.21,202661559.60,0.00,0.00,0.00,0.00,52793285,93483078,0,0
1992.05,571392.04,571392.04,87035.35,0.00,0.00,0.00,108.11,0.00,195720662.21,202661559.60,0.00,0.00,0.00,0.00,52793285,93483078,0,0
1994.05,571392.04,571392.04,87143.44,0.00,0.00,0.00,108.09,0.00,195720662.21,202661559.60,0.00,0.00,0.00,0.00,52793285,93483078,0,0
1996.05,571392.04,571392.04,87250.73,0.00,0.00,0.00,107.30,0.00,195720662.21,202661559.60,0.00,0.00,0.00,0.00,52793285,93483078,0,0
1998.05,571392.04,571392.04,87362.42,0.00,0.00,0.00,111.69,0.00,195720662.21,202661559.60,0.00,0.00,0.00,0.00,52793285,93483078,0,0
2000.05,571392.04,571392.04,87470.03,0.00,0.00,0.00,107.61,0.00,195720662.21,202661559.60,0.00,0.00,0.00,0.00,52793285,93483078,0,0
2002.06,571392.04,571392.04,87574.44,0.00,0.00,0.00,104.41,0.00,195720662.21,202661559.60,0.00,0.00,0.00,0.00,52793285,93483078,0,0
2004.06,571392.04,571392.04,87698.62,0.00,0.00,0.00,124.18,0.00,195720662.21,202661559.60,0.00,0.00,0.00,0.00,52793285,93483078,0,0
2006.06,571392.04,571392.04,87822.80,0.00,0.00,0.00,124.18,0.00,195720662.21,202661559.60,0.00,0.00,0.00,0.00,52793285,93483078,0,0
2008.06,571392.04,571392.04,87941.13,0.00,0.00,0.00,118.34,0.00,195720662.21,202661559.60,0.00,0.00,0.00,0.00,52793285,93483078,0,0
2010.06,571392.04,571392.04,88067.77,0.00,0.00,0.00,126.64,0.00,195720662.21,202661559.60,0.00,0.00,0.00,0.00,52793285,93483078,0,0
2012.06,571392.04,571392.04,88193.63,0.00,0.00,0.00,125.86,0.00,195720662.21,202661559.60,0.00,0.00,0.00,0.00,52793285,93483078,0,0
2014.07,571392.04,571392.04,88319.52,0.00,0.00,0.00,125.88,0.00,195720662.21,202661559.60,0.00,0.00,0.00,0.00,52793285,93483078,0,0
2016.07,571392.04,571392.04,88436.39,0.00,0.00,0.00,116.88,0.00,195720662.21,202661559.60,0.00,0.00,0.00,0.00,52793285,93483078,0,0
2018.08,571392.04,571392.04,88562.78,0.00,0.00,0.00,126.39,0.00,195720662.21,202661559.60,0.00,0.00,0.00,0.00,52793285,93483078,0,0
2020.08,571392.04,571392.04,88689.13,0.00,0.00,0.00,126.35,0.00,195720662.21,202661559.60,0.00,0.00,0.00,0.00,52793285,93483078,0,0
2022.08,571392.04,571392.04,88815.52,0.00,0.00,0.00,126.39,0.00,195720662.21,202661559.60,0.00,0.00,0.00,0.00,52793285,93483078,0,0
2024.08,571392.04,571392.04,88941.88,0.00,0.00,0.00,126.35,0.00,195720662.21,202661559.60,0.00,0.00,0.00,0.00,52793285,93483078,0,0
2026.08,571392.04,571392.04,89069.32,0.00,0.00,0.00,127.45,0.00,195720662.21,202661559.60,0.00,0.00,0.00,0.00,52793285,93483078,0,0
2028.08,571392.04,571392.04,89196.98,0.00,0.00,0.00,127.66,0.00,195720662.21,202661559.60,0.00,0.00,0.00,0.00,52793285,93483078,0,0
2030.08,571392.04,571392.04,89323.46,0.00,0.00,0.00,126.48,0.00,195720662.21,202661559.60,0.00,0.00,0.00,0.00,52793285,93483078,0,0
2032.09,571392.04,571392.04,89441.52,0.00,0.00,0.00,118.05,0.00,195720662.21,202661559.60,0.00,0.00,0.00,0.00,52793285,93483078,0,0
2034.10,571392.04,571392.04,89568.62,0.00,0.00,0.00,127.10,0.00,195720662.21,202661559.60,0.00,0.00,0.00,0.00,52793285,93483078,0,0
2036.10,571392.04,571392.04,89695.45,0.00,0.00,0.00,126.83,0.00,195720662.21,202661559.60,0.00,0.00,0.00,0.00,52793285,93483078,0,0
2038.10,571392.04,571392.04,89814.00,0.00,0.00,0.00,118.55,0.00,195720662.21,202661559.60,0.00,0.00,0.00,0.00,52793285,93483078,0,0
2040.10,571392.04,571392.04,89941.16,0.00,0.00,0.00,127.16,0.00,195720662.21,202661559.60,0.00,0.00,0.00,0.00,52793285,93483078,0,0
2042.10,571392.04,571392.04,90068.20,0.00,0.00,0.00,127.05,0.00,195720662.21,202661559.60,0.00,0.00,0.00,0.00,52793285,93483078,0,0
2044.10,571392.04,571392.04,90192.44,0.00,0.00,0.00,124.23,0.00,195720662.21,202661559.60,0.00,0.00,0.00,0.00,52793285,93483078,0,0
2046.11,571392.04,571392.04,90316.62,0.00,0.00,0.00,124.18,0.00,195720662.21,202661559.60,0.00,0.00,0.00,0.00,52793285,93483078,0,0
2048.12,571392.04,571392.04,90443.72,0.00,0.00,0.00,127.10,0.00,195720662.21,202661559.60,0.00,0.00,0.00,0.00,52793285,93483078,0,0
2050.12,571392.04,571392.04,90571.63,0.00,0.00,0.00,127.91,0.00,195720662.21,202661559.60,0.00,0.00,0.00,0.00,52793285,93483078,0,0
2052.12,571392.04,571392.04,90699.14,0.00,0.00,0.00,127.51,0.00,195720662.21,202661559.60,0.00,0.00,0.00,0.00,52793285,93483078,0,0
2054.13,571392.04,571392.04,90826.48,0.00,0.00,0.00,127.34,0.00,195720662.21,202661559.60,0.00,0.00,0.00,0.00,52793285,93483078,0,0
2056.13,571392.04,571392.04,90955.05,0.00,0.00,0.00,128.56,0.00,195720662.21,202661559.60,0.00,0.00,0.00,0.00,52793285,93483078,0,0
2058.13,571392.04,571392.04,91080.69,0.00,0.00,0.00,125.64,0.00,195720662.21,202661559.60,0.00,0.00,0.00,0.00,52793285,93483078,0,0
2060.13,571392.04,571392.04,91207.79,0.00,0.00,0.00,127.10,0.00,195720662.21,202661559.60,0.00,0.00,0.00,0.00,52793285,93483078,0,0
2062.13,571392.04,571392.04,91324.66,0.00,0.00,0.00,116.88,0.00,195720662.21,202661559.60,0.00,0.00,0.00,0.00,52793285,93483078,0,0
2064.13,571392.04,571392.04,91449.12,0.00,0.00,0.00,124.46,0.00,195720662.21,202661559.60,0.00,0.00,0.00,0.00,52793285,93483078,0,0
2066.13,571392.04,571392.04,91575.08,0.00,0.00,0.00,125.95,0.00,195720662.21,202661559.60,0.00,0.00,0.00,0.00,52793285,93483078,0,0
2068.14,571392.04,571392.04,91692.82,0.00,0.00,0.00,117.74,0.00,195720662.21,202661559.60,0.00,0.00,0.00,0.00,52793285,93483078,0,0
2070.14,571392.04,571392.04,91819.34,0.00,0.00,0.00,126.52,0.00,195720662.21,202661559.60,0.00,0.00,0.00,0.00,52793285,93483078,0,0
2072.14,571392.04,571392.04,91945.51,0.00,0.00,0.00,126.17,0.00,195720662.21,202661559.60,0.00,0.00,0.00,0.00,52793285,93483078,0,0
2074.14,571392.04,571392.04,92072.11,0.00,0.00,0.00,126.60,0.00,195720662.21,202661559.60,0.00,0.00,0.00,0.00,52793285,93483078,0,0
2076.14,571392.04,571392.04,92198.30,0.00,0.00,0.00,126.20,0.00,195720662.21,202661559.60,0.00,0.00,0.00,0.00,52793285,93483078,0,0
2078.14,571392.04,571392.04,92324.79,0.00,0.00,0.00,126.48,0.00,195720662.21,202661559.60,0.00,0.00,0.00,0.00,52793285,93483078,0,0
2080.14,571392.04,571392.04,92445.20,0.00,0.00,0.00,120.41,0.00,195720662.21,202661559.60,0.00,0.00,0.00,0.00,52793285,93483078,0,0
2082.14,571392.04,571392.04,92561.18,0.00,0.00,0.00,115.98,0.00,195720662.21,202661559.60,0.00,0.00,0.00,0.00,52793285,93483078,0,0
2084.14,571392.04,571392.04,92687.72,0.00,0.00,0.00,126.54,0.00,195720662.21,202661559.60,0.00,0.00,0.00,0.00,52793285,93483078,0,0
2086.14,571392.04,571392.04,92814.02,0.00,0.00,0.00,126.30,0.00,195720662.21,202661559.60,0.00,0.00,0.00,0.00,52793285,93483078,0,0
2088.14,571392.04,571392.04,92940.06,0.00,0.00,0.00,126.05,0.00,195720662.21,202661559.60,0.00,0.00,0.00,0.00,52793285,93483078,0,0
2090.14,571392.04,571392.04,93065.08,0.00,0.00,0.00,125.02,0.00,195720662.21,202661559.60,0.00,0.00,0.00,0.00,52793285,93483078,0,0
2092.14,571392.04,571392.04,93180.99,0.00,0.00,0.00,115.91,0.00,195720662.21,202661559.60,0.00,0.00,0.00,0.00,52793285,93483078,0,0
2094.15,571392.04,571392.04,93307.16,0.00,0.00,0.00,126.16,0.00,195720662.21,202661559.60,0.00,0.00,0.00,0.00,52793285,93483078,0,0
2096.16,571392.04,571392.04,93431.34,0.00,0.00,0.00,124.18,0.00,195720662.21,202661559.60,0.00,0.00,0.00,0.00,52793285,93483078,0,0
2098.16,571392.04,571392.04,93536.52,0.00,0.00,0.00,105.19,0.00,195720662.21,202661559.60,0.00,0.00,0.00,0.00,52793285,93483078,0,0
2100.16,571392.04,571392.04,93660.70,0.00,0.00,0.00,124.18,0.00,195720662.21,202661559.60,0.00,0.00,0.00,0.00,52793285,93483078,0,0
2102.17,571392.04,571392.04,93786.34,0.00,0.00,0.00,125.64,0.00,195720662.21,202661559.60,0.00,0.00,0.00,0.00,52793285,93483078,0,0
2104.17,571392.04,571392.04,93912.64,0.00,0.00,0.00,126.30,0.00,195720662.21,202661559.60,0.00,0.00,0.00,0.00,52793285,93483078,0,0
2106.17,571392.04,571392.04,94039.90,0.00,0.00,0.00,127.26,0.00,195720662.21,202661559.60,0.00,0.00,0.00,0.00,52793285,93483078,0,0
2108.17,571392.04,571392.04,94165.48,0.00,0.00,0.00,125.58,0.00,195720662.21,202661559.60,0.00,0.00,0.00,0.00,52793285,93483078,0,0
2110.17,571392.04,571392.04,94291.83,0.00,0.00,0.00,126.35,0.00,195720662.21,202661559.60,0.00,0.00,0.00,0.00,52793285,93483078,0,0
2112.18,571392.04,571392.04,94418.81,0.00,0.00,0.00,126.98,0.00,195720662.21,202661559.60,0.00,0.00,0.00,0.00,52793285,93483078,0,0
2114.18,571392.04,571392.04,94544.57,0.00,0.00,0.00,125.76,0.00,195720662.21,202661559.60,0.00,0.00,0.00,0.00,52793285,93483078,0,0
2116.18,571392.04,571392.04,94661.45,0.00,0.00,0.00,116.88,0.00,195720662.21,202661559.60,0.00,0.00,0.00,0.00,52793285,93483078,0,0
2118.18,571392.04,571392.04,94781.24,0.00,0.00,0.00,119.80,0.00,195720662.21,202661559.60,0.00,0.00,0.00,0.00,52793285,93483078,0,0
2120.19,571392.04,571392.04,94908.34,0.00,0.00,0.00,127.10,0.00,195720662.21,202661559.60,0.00,0.00,0.00,0.00,52793285,93483078,0,0
2122.19,571392.04,571392.04,95017.02,0.00,0.00,0.00,108.67,0.00,195720662.21,202661559.60,0.00,0.00,0.00,0.00,52793285,93483078,0,0
2124.19,571392.04,571392.04,95143.55,0.00,0.00,0.00,126.54,0.00,195720662.21,202661559.60,0.00,0.00,0.00,0.00,52793285,93483078,0,0
2126.20,571392.04,571392.04,95270.66,0.00,0.00,0.00,127.10,0.00,195720662.21,202661559.60,0.00,0.00,0.00,0.00,52793285,93483078,0,0
2128.21,571392.04,571392.04,95388.99,0.00,0.00,0.00,118.34,0.00,195720662.21,202661559.60,0.00,0.00,0.00,0.00,52793285,93483078,0,0
2130.21,571392.04,571392.04,95517.55,0.00,0.00,0.00,128.56,0.00,195720662.21,202661559.60,0.00,0.00,0.00,0.00,52793285,93483078,0,0
2132.21,571392.04,571392.04,95644.66,0.00,0.00,0.00,127.10,0.00,195720662.21,202661559.60,0.00,0.00,0.00,0.00,52793285,93483078,0,0
2134.21,571392.04,571392.04,95771.76,0.00,0.00,0.00,127.10,0.00,195720662.21,202661559.60,0.00,0.00,0.00,0.00,52793285,93483078,0,0
2136.21,571392.04,571392.04,95897.77,0.00,0.00,0.00,126.02,0.00,195720662.21,202661559.60,0.00,0.00,0.00,0.00,52793285,93483078,0,0
2138.21,571392.04,571392.04,96023.54,0.00,0.00,0.00,125.77,0.00,195720662.21,202661559.60,0.00,0.00,0.00,0.00,52793285,93483078,0,0
2140.21,571392.04,571392.04,96149.74,0.00,0.00,0.00,126.20,0.00,195720662.21,202661559.60,0.00,0.00,0.00,0.00,52793285,93483078,0,0
2142.22,571392.04,571392.04,96275.78,0.00,0.00,0.00,126.04,0.00,195720662.21,202661559.60,0.00,0.00,0.00,0.00,52793285,93483078,0,0
2144.22,571392.04,571392.04,96402.70,0.00,0.00,0.00,126.92,0.00,195720662.21,202661559.60,0.00,0.00,0.00,0.00,52793285,93483078,0,0
2146.22,571392.04,571392.04,96529.80,0.00,0.00,0.00,127.10,0.00,195720662.21,202661559.60,0.00,0.00,0.00,0.00,52793285,93483078,0,0
2148.23,571392.04,571392.04,96655.62,0.00,0.00,0.00,125.82,0.00,195720662.21,202661559.60,0.00,0.00,0.00,0.00,52793285,93483078,0,0
2150.23,571392.04,571392.04,96775.42,0.00,0.00,0.00,119.80,0.00,195720662.21,202661559.60,0.00,0.00,0.00,0.00,52793285,93483078,0,0
2152.23,571392.04,571392.04,96889.38,0.00,0.00,0.00,113.95,0.00,195720662.21,202661559.60,0.00,0.00,0.00,0.00,52793285,93483078,0,0
2154.23,571392.04,571392.04,97015.20,0.00,0.00,0.00,125.83,0.00,195720662.21,202661559.60,0.00,0.00,0.00,0.00,52793285,93483078,0,0
2156.23,571392.04,571392.04,97140.66,0.00,0.00,0.00,125.45,0.00,195720662.21,202661559.60,0.00,0.00,0.00,0.00,52793285,93483078,0,0
2158.23,571392.04,571392.04,97256.57,0.00,0.00,0.00,115.91,0.00,195720662.21,202661559.60,0.00,0.00,0.00,0.00,52793285,93483078,0,0
2160.23,571392.04,571392.04,97382.93,0.00,0.00,0.00,126.36,0.00,195720662.21,202661559.60,0.00,0.00,0.00,0.00,52793285,93483078,0,0
2162.23,571392.04,571392.04,97508.81,0.00,0.00,0.00,125.88,0.00,195720662.21,202661559.60,0.00,0.00,0.00,0.00,52793285,93483078,0,0
2164.23,571392.04,571392.04,97635.91,0.00,0.00,0.00,127.10,0.00,195720662.21,202661559.60,0.00,0.00,0.00,0.00,52793285,93483078,0,0
2166.23,571392.04,571392.04,97746.95,0.00,0.00,0.00,111.03,0.00,195720662.21,202661559.60,0.00,0.00,0.00,0.00,52793285,93483078,0,0
2168.23,571392.04,571392.04,97863.39,0.00,0.00,0.00,116.45,0.00,195720662.21,202661559.60,0.00,0.00,0.00,0.00,52793285,93483078,0,0
2170.23,571392.04,571392.04,97974.77,0.00,0.00,0.00,111.38,0.00,195720662.21,202661559.60,0.00,0.00,0.00,0.00,52793285,93483078,0,0
2172.23,571392.04,571392.04,98090.27,0.00,0.00,0.00,115.50,0.00,195720662.21,202661559.60,0.00,0.00,0.00,0.00,52793285,93483078,0,0
2174.24,571392.04,571392.04,98208.60,0.00,0.00,0.00,118.34,0.00,195720662.21,202661559.60,0.00,0.00,0.00,0.00,52793285,93483078,0,0
2176.24,571392.04,571392.04,98333.50,0.00,0.00,0.00,124.90,0.00,195720662.21,202661559.60,0.00,0.00,0.00,0.00,52793285,93483078,0,0
2178.24,571392.04,571392.04,98456.96,0.00,0.00,0.00,123.46,0.00,195720662.21,202661559.60,0.00,0.00,0.00,0.00,52793285,93483078,0,0
2180.25,571392.04,571392.04,98583.79,0.00,0.00,0.00,126.83,0.00,195720662.21,202661559.60,0.00,0.00,0.00,0.00,52793285,93483078,0,0
2182.25,571392.04,571392.04,98692.17,0.00,0.00,0.00,108.38,0.00,195720662.21,202661559.60,0.00,0.00,0.00,0.00,52793285,93483078,0,0
2184.25,571392.04,571392.04,98817.79,0.00,0.00,0.00,125.62,0.00,195720662.21,202661559.60,0.00,0.00,0.00,0.00,52793285,93483078,0,0
2186.25,571392.04,571392.04,98932.45,0.00,0.00,0.00,114.66,0.00,195720662.21,202661559.60,0.00,0.00,0.00,0.00,52793285,93483078,0,0
2188.25,571392.04,571392.04,99053.02,0.00,0.00,0.00,120.57,0.00,195720662.21,202661559.60,0.00,0.00,0.00,0.00,52793285,93483078,0,0
2190.25,571392.04,571392.04,99178.66,0.00,0.00,0.00,125.64,0.00,195720662.21,202661559.60,0.00,0.00,0.00,0.00,52793285,93483078,0,0
2192.26,571392.04,571392.04,99304.30,0.00,0.00,0.00,125.64,0.00,195720662.21,202661559.60,0.00,0.00,0.00,0.00,52793285,93483078,0,0
2194.26,571392.04,571392.04,99429.95,0.00,0.00,0.00,125.64,0.00,195720662.21,202661559.60,0.00,0.00,0.00,0.00,52793285,93483078,0,0
2196.26,571392.04,571392.04,99556.05,0.00,0.00,0.00,126.11,0.00,195720662.21,202661559.60,0.00,0.00,0.00,0.00,52793285,93483078,0,0
2198.26,571392.04,571392.04,99681.23,0.00,0.00,0.00,125.17,0.00,195720662.21,202661559.60,0.00,0.00,0.00,0.00,52793285,93483078,0,0
2200.26,571392.04,571392.04,99807.77,0.00,0.00,0.00,126.55,0.00,195720662.21,202661559.60,0.00,0.00,0.00,0.00,52793285,93483078,0,0
2202.26,571392.04,571392.04,99933.97,0.00,0.00,0.00,126.20,0.00,195720662.21,202661559.60,0.00,0.00,0.00,0.00,52793285,93483078,0,0
2204.26,571392.04,571392.04,100061.07,0.00,0.00,0.00,127.10,0.00,195720662.21,202661559.60,0.00,0.00,0.00,0.00,52793285,93483078,0,0
2206.26,571392.04,571392.04,100185.25,0.00,0.00,0.00,124.18,0.00,195720662.21,202661559.60,0.00,0.00,0.00,0.00,52793285,93483078,0,0
2208.26,571392.04,571392.04,100312.27,0.00,0.00,0.00,127.02,0.00,195720662.21,202661559.60,0.00,0.00,0.00,0.00,52793285,93483078,0,0
2210.27,571392.04,571392.04,100437.99,0.00,0.00,0.00,125.73,0.00,195720662.21,202661559.60,0.00,0.00,0.00,0.00,52793285,93483078,0,0
2212.28,571392.04,571392.04,100556.33,0.00,0.00,0.00,118.34,0.00,195720662.21,202661559.60,0.00,0.00,0.00,0.00,52793285,93483078,0,0
2214.28,571392.04,571392.04,100683.43,0.00,0.00,0.00,127.10,0.00,195720662.21,202661559.60,0.00,0.00,0.00,0.00,52793285,93483078,0,0
2216.29,571392.04,571392.04,100810.53,0.00,0.00,0.00,127.10,0.00,195720662.21,202661559.60,0.00,0.00,0.00,0.00,52793285,93483078,0,0
2218.29,571392.04,571392.04,100930.33,0.00,0.00,0.00,119.80,0.00,195720662.21,202661559.60,0.00,0.00,0.00,0.00,52793285,93483078,0,0
2220.29,571392.04,571392.04,101057.22,0.00,0.00,0.00,126.89,0.00,195720662.21,202661559.60,0.00,0.00,0.00,0.00,52793285,93483078,0,0
2222.29,571392.04,571392.04,101179.66,0.00,0.00,0.00,122.44,0.00,195720662.21,202661559.60,0.00,0.00,0.00,0.00,52793285,93483078,0,0
2224.29,571392.04,571392.04,101297.02,0.00,0.00,0.00,117.37,0.00,195720662.21,202661559.60,0.00,0.00,0.00,0.00,52793285,93483078,0,0
2226.30,571392.04,571392.04,101422.66,0.00,0.00,0.00,125.64,0.00,195720662.21,202661559.60,0.00,0.00,0.00,0.00,52793285,93483078,0,0
2228.30,571392.04,571392.04,101546.84,0.00,0.00,0.00,124.18,0.00,195720662.21,202661559.60,0.00,0.00,0.00,0.00,52793285,93483078,0,0
2230.30,571392.04,571392.04,101672.48,0.00,0.00,0.00,125.64,0.00,195720662.21,202661559.60,0.00,0.00,0.00,0.00,52793285,93483078,0,0
2232.31,571392.04,571392.04,101799.59,0.00,0.00,0.00,127.10,0.00,195720662.21,202661559.60,0.00,0.00,0.00,0.00,52793285,93483078,0,0
2234.32,571392.04,571392.04,101919.38,0.00,0.00,0.00,119.80,0.00,195720662.21,202661559.60,0.00,0.00,0.00,0.00,52793285,93483078,0,0
2236.32,571392.04,571392.04,102022.30,0.00,0.00,0.00,102.92,0.00,195720662.21,202661559.60,0.00,0.00,0.00,0.00,52793285,93483078,0,0
2238.32,571392.04,571392.04,102129.11,0.00,0.00,0.00,106.80,0.00,195720662.21,202661559.60,0.00,0.00,0.00,0.00,52793285,93483078,0,0
2240.32,571392.04,571392.04,102246.63,0.00,0.00,0.00,117.52,0.00,195720662.21,202661559.60,0.00,0.00,0.00,0.00,52793285,93483078,0,0
2242.32,571392.04,571392.04,102366.43,0.00,0.00,0.00,119.80,0.00,195720662.21,202661559.60,0.00,0.00,0.00,0.00,52793285,93483078,0,0
2244.32,571392.04,571392.04,102494.00,0.00,0.00,0.00,127.57,0.00,195720662.21,202661559.60,0.00,0.00,0.00,0.00,52793285,93483078,0,0
2246.32,571392.04,571392.04,102621.04,0.00,0.00,0.00,127.04,0.00,195720662.21,202661559.60,0.00,0.00,0.00,0.00,52793285,93483078,0,0
2248.33,571392.04,571392.04,102740.43,0.00,0.00,0.00,119.39,0.00,195720662.21,202661559.60,0.00,0.00,0.00,0.00,52793285,93483078,0,0
2250.34,571392.04,571392.04,102867.53,0.00,0.00,0.00,127.10,0.00,195720662.21,202661559.60,0.00,0.00,0.00,0.00,52793285,93483078,0,0
2252.34,571392.04,571392.04,102993.83,0.00,0.00,0.00,126.30,0.00,195720662.21,202661559.60,0.00,0.00,0.00,0.00,52793285,93483078,0,0
2254.34,571392.04,571392.04,103119.00,0.00,0.00,0.00,125.17,0.00,195720662.21,202661559.60,0.00,0.00,0.00,0.00,52793285,93483078,0,0
2256.34,571392.04,571392.04,103244.45,0.00,0.00,0.00,125.45,0.00,195720662.21,202661559.60,0.00,0.00,0.00,0.00,52793285,93483078,0,0
2258.34,571392.04,571392.04,103369.20,0.00,0.00,0.00,124.74,0.00,195720662.21,202661559.60,0.00,0.00,0.00,0.00,52793285,93483078,0,0
2260.34,571392.04,571392.04,103470.90,0.00,0.00,0.00,101.70,0.00,195720662.21,202661559.60,0.00,0.00,0.00,0.00,52793285,93483078,0,0
2262.34,571392.04,571392.04,103594.43,0.00,0.00,0.00,123.53,0.00,195720662.21,202661559.60,0.00,0.00,0.00,0.00,52793285,93483078,0,0
2264.35,571392.04,571392.04,103720.51,0.00,0.00,0.00,126.08,0.00,195720662.21,202661559.60,0.00,0.00,0.00,0.00,52793285,93483078,0,0
2266.35,571392.04,571392.04,103847.82,0.00,0.00,0.00,127.31,0.00,195720662.21,202661559.60,0.00,0.00,0.00,0.00,52793285,93483078,0,0
2268.35,571392.04,571392.04,103973.46,0.00,0.00,0.00,125.64,0.00,195720662.21,202661559.60,0.00,0.00,0.00,0.00,52793285,93483078,0,0
2270.35,571392.04,571392.04,104096.90,0.00,0.00,0.00,123.44,0.00,195720662.21,202661559.60,0.00,0.00,0.00,0.00,52793285,93483078,0,0
2272.35,571392.04,571392.04,104201.37,0.00,0.00,0.00,104.47,0.00,195720662.21,202661559.60,0.00,0.00,0.00,0.00,52793285,93483078,0,0
2274.35,571392.04,571392.04,104308.02,0.00,0.00,0.00,106.65,0.00,195720662.21,202661559.60,0.00,0.00,0.00,0.00,52793285,93483078,0,0
2276.35,571392.04,571392.04,104425.89,0.00,0.00,0.00,117.88,0.00,195720662.21,202661559.60,0.00,0.00,0.00,0.00,52793285,93483078,0,0
2278.35,571392.04,571392.04,104544.69,0.00,0.00,0.00,118.80,0.00,195720662.21,202661559.60,0.00,0.00,0.00,0.00,52793285,93483078,0,0
2280.35,571392.04,571392.04,104670.33,0.00,0.00,0.00,125.64,0.00,195720662.21,202661559.60,0.00,0.00,0.00,0.00,52793285,93483078,0,0
2282.35,571392.04,571392.04,104795.51,0.00,0.00,0.00,125.18,0.00,195720662.21,202661559.60,0.00,0.00,0.00,0.00,52793285,93483078,0,0
2284.36,571392.04,571392.04,104921.61,0.00,0.00,0.00,126.10,0.00,195720662.21,202661559.60,0.00,0.00,0.00,0.00,52793285,93483078,0,0
2286.36,571392.04,571392.04,105047.69,0.00,0.00,0.00,126.08,0.00,195720662.21,202661559.60,0.00,0.00,0.00,0.00,52793285,93483078,0,0
2288.36,571392.04,571392.04,105172.43,0.00,0.00,0.00,124.74,0.00,195720662.21,202661559.60,0.00,0.00,0.00,0.00,52793285,93483078,0,0
2290.37,571392.04,571392.04,105298.53,0.00,0.00,0.00,126.10,0.00,195720662.21,202661559.60,0.00,0.00,0.00,0.00,52793285,93483078,0,0
2292.37,571392.04,571392.04,105424.17,0.00,0.00,0.00,125.64,0.00,195720662.21,202661559.60,0.00,0.00,0.00,0.00,52793285,93483078,0,0
2294.37,571392.04,571392.04,105545.43,0.00,0.00,0.00,121.26,0.00,195720662.21,202661559.60,0.00,0.00,0.00,0.00,52793285,93483078,0,0
2296.38,571392.04,571392.04,105671.07,0.00,0.00,0.00,125.64,0.00,195720662.21,202661559.60,0.00,0.00,0.00,0.00,52793285,93483078,0,0
2298.38,571392.04,571392.04,105778.78,0.00,0.00,0.00,107.71,0.00,195720662.21,202661559.60,0.00,0.00,0.00,0.00,52793285,93483078,0,0
2300.38,571392.04,571392.04,105904.82,0.00,0.00,0.00,126.04,0.00,195720662.21,202661559.60,0.00,0.00,0.00,0.00,52793285,93483078,0,0
2302.38,571392.04,571392.04,106014.27,0.00,0.00,0.00,109.45,0.00,195720662.21,202661559.60,0.00,0.00,0.00,0.00,52793285,93483078,0,0
2304.38,571392.04,571392.04,106128.34,0.00,0.00,0.00,114.07,0.00,195720662.21,202661559.60,0.00,0.00,0.00,0.00,52793285,93483078,0,0
2306.38,571392.04,571392.04,106252.52,0.00,0.00,0.00,124.18,0.00,195720662.21,202661559.60,0.00,0.00,0.00,0.00,52793285,93483078,0,0
2308.38,571392.04,571392.04,106350.01,0.00,0.00,0.00,97.48,0.00,195720662.21,202661559.60,0.00,0.00,0.00,0.00,52793285,93483078,0,0
2310.39,571392.04,571392.04,106473.12,0.00,0.00,0.00,123.12,0.00,195720662.21,202661559.60,0.00,0.00,0.00,0.00,52793285,93483078,0,0
2312.39,571392.04,571392.04,106599.39,0.00,0.00,0.00,126.27,0.00,195720662.21,202661559.60,0.00,0.00,0.00,0.00,52793285,93483078,0,0
2314.39,571392.04,571392.04,106725.87,0.00,0.00,0.00,126.48,0.00,195720662.21,202661559.60,0.00,0.00,0.00,0.00,52793285,93483078,0,0
2316.39,571392.04,571392.04,106852.97,0.00,0.00,0.00,127.10,0.00,195720662.21,202661559.60,0.00,0.00,0.00,0.00,52793285,93483078,0,0
2318.39,571392.04,571392.04,106978.34,0.00,0.00,0.00,125.37,0.00,195720662.21,202661559.60,0.00,0.00,0.00,0.00,52793285,93483078,0,0
2320.39,571392.04,571392.04,107104.25,0.00,0.00,0.00,125.91,0.00,195720662.21,202661559.60,0.00,0.00,0.00,0.00,52793285,93483078,0,0
2322.40,571392.04,571392.04,107230.86,0.00,0.00,0.00,126.61,0.00,195720662.21,202661559.60,0.00,0.00,0.00,0.00,52793285,93483078,0,0
2324.40,571392.04,571392.04,107356.99,0.00,0.00,0.00,126.13,0.00,195720662.21,202661559.60,0.00,0.00,0.00,0.00,52793285,93483078,0,0
2326.40,571392.04,571392.04,107484.09,0.00,0.00,0.00,127.10,0.00,195720662.21,202661559.60,0.00,0.00,0.00,0.00,52793285,93483078,0,0
2328.40,571392.04,571392.04,107610.89,0.00,0.00,0.00,126.80,0.00,195720662.21,202661559.60,0.00,0.00,0.00,0.00,52793285,93483078,0,0
2330.40,571392.04,571392.04,107732.34,0.00,0.00,0.00,121.45,0.00,195720662.21,202661559.60,0.00,0.00,0.00,0.00,52793285,93483078,0,0
2332.40,571392.04,571392.04,107834.45,0.00,0.00,0.00,102.11,0.00,195720662.21,202661559.60,0.00,0.00,0.00,0.00,52793285,93483078,0,0
2334.40,571392.04,571392.04,107957.78,0.00,0.00,0.00,123.34,0.00,195720662.21,202661559.60,0.00,0.00,0.00,0.00,52793285,93483078,0,0
2336.40,571392.04,571392.04,108072.85,0.00,0.00,0.00,115.07,0.00,195720662.21,202661559.60,0.00,0.00,0.00,0.00,52793285,93483078,0,0
2338.41,571392.04,571392.04,108170.73,0.00,0.00,0.00,97.88,0.00,195720662.21,202661559.60,0.00,0.00,0.00,0.00,52793285,93483078,0,0
2340.41,571392.04,571392.04,108296.38,0.00,0.00,0.00,125.64,0.00,195720662.21,202661559.60,0.00,0.00,0.00,0.00,52793285,93483078,0,0
2342.41,571392.04,571392.04,108422.67,0.00,0.00,0.00,126.30,0.00,195720662.21,202661559.60,0.00,0.00,0.00,0.00,52793285,93483078,0,0
2344.42,571392.04,571392.04,108549.12,0.00,0.00,0.00,126.45,0.00,195720662.21,202661559.60,0.00,0.00,0.00,0.00,52793285,93483078,0,0
2346.42,571392.04,571392.04,108674.76,0.00,0.00,0.00,125.64,0.00,195720662.21,202661559.60,0.00,0.00,0.00,0.00,52793285,93483078,0,0
2348.42,571392.04,571392.04,108800.59,0.00,0.00,0.00,125.83,0.00,195720662.21,202661559.60,0.00,0.00,0.00,0.00,52793285,93483078,0,0
2350.43,571392.04,571392.04,108927.50,0.00,0.00,0.00,126.91,0.00,195720662.21,202661559.60,0.00,0.00,0.00,0.00,52793285,93483078,0,0
2352.43,571392.04,571392.04,109054.60,0.00,0.00,0.00,127.10,0.00,195720662.21,202661559.60,0.00,0.00,0.00,0.00,52793285,93483078,0,0
2354.44,571392.04,571392.04,109181.70,0.00,0.00,0.00,127.10,0.00,195720662.21,202661559.60,0.00,0.00,0.00,0.00,52793285,93483078,0,0
2356.45,571392.04,571392.04,109308.80,0.00,0.00,0.00,127.10,0.00,195720662.21,202661559.60,0.00,0.00,0.00,0.00,52793285,93483078,0,0
2358.45,571392.04,571392.04,109434.45,0.00,0.00,0.00,125.64,0.00,195720662.21,202661559.60,0.00,0.00,0.00,0.00,52793285,93483078,0,0
2360.46,571392.04,571392.04,109548.40,0.00,0.00,0.00,113.95,0.00,195720662.21,202661559.60,0.00,0.00,0.00,0.00,52793285,93483078,0,0
2362.46,571392.04,571392.04,109662.35,0.00,0.00,0.00,113.95,0.00,195720662.21,202661559.60,0.00,0.00,0.00,0.00,52793285,93483078,0,0
2364.47,571392.04,571392.04,109789.45,0.00,0.00,0.00,127.10,0.00,195720662.21,202661559.60,0.00,0.00,0.00,0.00,52793285,93483078,0,0
2366.47,571392.04,571392.04,109916.55,0.00,0.00,0.00,127.10,0.00,195720662.21,202661559.60,0.00,0.00,0.00,0.00,52793285,93483078,0,0
2368.48,571392.04,571392.04,110033.43,0.00,0.00,0.00,116.88,0.00,195720662.21,202661559.60,0.00,0.00,0.00,0.00,52793285,93483078,0,0
2370.48,571392.04,571392.04,110157.61,0.00,0.00,0.00,124.18,0.00,195720662.21,202661559.60,0.00,0.00,0.00,0.00,52793285,93483078,0,0
2372.49,571392.04,571392.04,110281.79,0.00,0.00,0.00,124.18,0.00,195720662.21,202661559.60,0.00,0.00,0.00,0.00,52793285,93483078,0,0
2374.49,571392.04,571392.04,110405.97,0.00,0.00,0.00,124.18,0.00,195720662.21,202661559.60,0.00,0.00,0.00,0.00,52793285,93483078,0,0
2376.49,571392.04,571392.04,110529.34,0.00,0.00,0.00,123.38,0.00,195720662.21,202661559.60,0.00,0.00,0.00,0.00,52793285,93483078,0,0
2378.49,571392.04,571392.04,110652.31,0.00,0.00,0.00,122.97,0.00,195720662.21,202661559.60,0.00,0.00,0.00,0.00,52793285,93483078,0,0
2380.49,571392.04,571392.04,110776.46,0.00,0.00,0.00,124.15,0.00,195720662.21,202661559.60,0.00,0.00,0.00,0.00,52793285,93483078,0,0
2382.49,571392.04,571392.04,110902.88,0.00,0.00,0.00,126.41,0.00,195720662.21,202661559.60,0.00,0.00,0.00,0.00,52793285,93483078,0,0
2384.49,571392.04,571392.04,111029.02,0.00,0.00,0.00,126.14,0.00,195720662.21,202661559.60,0.00,0.00,0.00,0.00,52793285,93483078,0,0
2386.50,571392.04,571392.04,111155.43,0.00,0.00,0.00,126.41,0.00,195720662.21,202661559.60,0.00,0.00,0.00,0.00,52793285,93483078,0,0
2388.50,571392.04,571392.04,111271.38,0.00,0.00,0.00,115.95,0.00,195720662.21,202661559.60,0.00,0.00,0.00,0.00,52793285,93483078,0,0
2390.50,571392.04,571392.04,111379.73,0.00,0.00,0.00,108.36,0.00,195720662.21,202661559.60,0.00,0.00,0.00,0.00,52793285,93483078,0,0
2392.50,571392.04,571392.04,111473.23,0.00,0.00,0.00,93.50,0.00,195720662.21,202661559.60,0.00,0.00,0.00,0.00,52793285,93483078,0,0
2394.50,571392.04,571392.04,111583.48,0.00,0.00,0.00,110.25,0.00,195720662.21,202661559.60,0.00,0.00,0.00,0.00,52793285,93483078,0,0
2396.50,571392.04,571392.04,111691.16,0.00,0.00,0.00,107.68,0.00,195720662.21,202661559.60,0.00,0.00,0.00,0.00,52793285,93483078,0,0
2398.51,571392.04,571392.04,111795.32,0.00,0.00,0.00,104.16,0.00,195720662.21,202661559.60,0.00,0.00,0.00,0.00,52793285,93483078,0,0
2400.51,571392.04,571392.04,111919.50,0.00,0.00,0.00,124.18,0.00,195720662.21,202661559.60,0.00,0.00,0.00,0.00,52793285,93483078,0,0
2402.52,571392.04,571392.04,112043.68,0.00,0.00,0.00,124.18,0.00,195720662.21,202661559.60,0.00,0.00,0.00,0.00,52793285,93483078,0,0
2404.52,571392.04,571392.04,112167.86,0.00,0.00,0.00,124.18,0.00,195720662.21,202661559.60,0.00,0.00,0.00,0.00,52793285,93483078,0,0
2406.53,571392.04,571392.04,112292.04,0.00,0.00,0.00,124.18,0.00,195720662.21,202661559.60,0.00,0.00,0.00,0.00,52793285,93483078,0,0
2408.53,571392.04,571392.04,112415.45,0.00,0.00,0.00,123.41,0.00,195720662.21,202661559.60,0.00,0.00,0.00,0.00,52793285,93483078,0,0
2410.53,571392.04,571392.04,112538.88,0.00,0.00,0.00,123.44,0.00,195720662.21,202661559.60,0.00,0.00,0.00,0.00,52793285,93483078,0,0
2412.53,571392.04,571392.04,112662.91,0.00,0.00,0.00,124.02,0.00,195720662.21,202661559.60,0.00,0.00,0.00,0.00,52793285,93483078,0,0
2414.53,571392.04,571392.04,112787.12,0.00,0.00,0.00,124.21,0.00,195720662.21,202661559.60,0.00,0.00,0.00,0.00,52793285,93483078,0,0
2416.54,571392.04,571392.04,112910.02,0.00,0.00,0.00,122.90,0.00,195720662.21,202661559.60,0.00,0.00,0.00,0.00,52793285,93483078,0,0
2418.55,571392.04,571392.04,113035.66,0.00,0.00,0.00,125.64,0.00,195720662.21,202661559.60,0.00,0.00,0.00,0.00,52793285,93483078,0,0
2420.55,571392.04,571392.04,113161.86,0.00,0.00,0.00,126.20,0.00,195720662.21,202661559.60,0.00,0.00,0.00,0.00,52793285,93483078,0,0
2422.55,571392.04,571392.04,113278.17,0.00,0.00,0.00,116.31,0.00,195720662.21,202661559.60,0.00,0.00,0.00,0.00,52793285,93483078,0,0
2424.55,571392.04,571392.04,113399.09,0.00,0.00,0.00,120.92,0.00,195720662.21,202661559.60,0.00,0.00,0.00,0.00,52793285,93483078,0,0
2426.55,571392.04,571392.04,113511.92,0.00,0.00,0.00,112.83,0.00,195720662.21,202661559.60,0.00,0.00,0.00,0.00,52793285,93483078,0,0
2428.56,571392.04,571392.04,113630.26,0.00,0.00,0.00,118.34,0.00,195720662.21,202661559.60,0.00,0.00,0.00,0.00,52793285,93483078,0,0
2430.57,571392.04,571392.04,113751.52,0.00,0.00,0.00,121.26,0.00,195720662.21,202661559.60,0.00,0.00,0.00,0.00,52793285,93483078,0,0
2432.57,571392.04,571392.04,113877.16,0.00,0.00,0.00,125.64,0.00,195720662.21,202661559.60,0.00,0.00,0.00,0.00,52793285,93483078,0,0
2434.57,571392.04,571392.04,114002.80,0.00,0.00,0.00,125.64,0.00,195720662.21,202661559.60,0.00,0.00,0.00,0.00,52793285,93483078,0,0
2436.57,571392.04,571392.04,114128.44,0.00,0.00,0.00,125.64,0.00,195720662.21,202661559.60,0.00,0.00,0.00,0.00,52793285,93483078,0,0
2438.57,571392.04,571392.04,114254.77,0.00,0.00,0.00,126.33,0.00,195720662.21,202661559.60,0.00,0.00,0.00,0.00,52793285,93483078,0,0
2440.58,571392.04,571392.04,114381.18,0.00,0.00,0.00,126.41,0.00,195720662.21,202661559.60,0.00,0.00,0.00,0.00,52793285,93483078,0,0
2442.58,571392.04,571392.04,114506.82,0.00,0.00,0.00,125.64,0.00,195720662.21,202661559.60,0.00,0.00,0.00,0.00,52793285,93483078,0,0
2444.59,571392.04,571392.04,114633.92,0.00,0.00,0.00,127.10,0.00,195720662.21,202661559.60,0.00,0.00,0.00,0.00,52793285,93483078,0,0
2446.59,571392.04,571392.04,114761.02,0.00,0.00,0.00,127.10,0.00,195720662.21,202661559.60,0.00,0.00,0.00,0.00,52793285,93483078,0,0
2448.60,571392.04,571392.04,114881.54,0.00,0.00,0.00,120.52,0.00,195720662.21,202661559.60,0.00,0.00,0.00,0.00,52793285,93483078,0,0
2450.60,571392.04,571392.04,115007.92,0.00,0.00,0.00,126.38,0.00,195720662.21,202661559.60,0.00,0.00,0.00,0.00,52793285,93483078,0,0
2452.60,571392.04,571392.04,115118.34,0.00,0.00,0.00,110.41,0.00,195720662.21,202661559.60,0.00,0.00,0.00,0.00,52793285,93483078,0,0
2454.60,571392.04,571392.04,115234.16,0.00,0.00,0.00,115.82,0.00,195720662.21,202661559.60,0.00,0.00,0.00,0.00,52793285,93483078,0,0
2456.60,571392.04,571392.04,115360.01,0.00,0.00,0.00,125.85,0.00,195720662.21,202661559.60,0.00,0.00,0.00,0.00,52793285,93483078,0,0
2458.60,571392.04,571392.04,115478.29,0.00,0.00,0.00,118.28,0.00,195720662.21,202661559.60,0.00,0.00,0.00,0.00,52793285,93483078,0,0
2460.60,571392.04,571392.04,115603.77,0.00,0.00,0.00,125.48,0.00,195720662.21,202661559.60,0.00,0.00,0.00,0.00,52793285,93483078,0,0
2462.60,571392.04,571392.04,115727.95,0.00,0.00,0.00,124.18,0.00,195720662.21,202661559.60,0.00,0.00,0.00,0.00,52793285,93483078,0,0
2464.61,571392.04,571392.04,115853.80,0.00,0.00,0.00,125.85,0.00,195720662.21,202661559.60,0.00,0.00,0.00,0.00,52793285,93483078,0,0
2466.61,571392.04,571392.04,115980.91,0.00,0.00,0.00,127.10,0.00,195720662.21,202661559.60,0.00,0.00,0.00,0.00,52793285,93483078,0,0
2468.61,571392.04,571392.04,116108.01,0.00,0.00,0.00,127.10,0.00,195720662.21,202661559.60,0.00,0.00,0.00,0.00,52793285,93483078,0,0
2470.61,571392.04,571392.04,116230.67,0.00,0.00,0.00,122.66,0.00,195720662.21,202661559.60,0.00,0.00,0.00,0.00,52793285,93483078,0,0
2472.61,571392.04,571392.04,116356.37,0.00,0.00,0.00,125.70,0.00,195720662.21,202661559.60,0.00,0.00,0.00,0.00,52793285,93483078,0,0
2474.61,571392.04,571392.04,116483.47,0.00,0.00,0.00,127.10,0.00,195720662.21,202661559.60,0.00,0.00,0.00,0.00,52793285,93483078,0,0
2476.61,571392.04,571392.04,116610.57,0.00,0.00,0.00,127.10,0.00,195720662.21,202661559.60,0.00,0.00,0.00,0.00,52793285,93483078,0,0
2478.62,571392.04,571392.04,116737.67,0.00,0.00,0.00,127.10,0.00,195720662.21,202661559.60,0.00,0.00,0.00,0.00,52793285,93483078,0,0
2480.63,571392.04,571392.04,116863.31,0.00,0.00,0.00,125.64,0.00,195720662.21,202661559.60,0.00,0.00,0.00,0.00,52793285,93483078,0,0
2482.63,571392.04,571392.04,116981.65,0.00,0.00,0.00,118.34,0.00,195720662.21,202661559.60,0.00,0.00,0.00,0.00,52793285,93483078,0,0
2484.63,571392.04,571392.04,117108.20,0.00,0.00,0.00,126.55,0.00,195720662.21,202661559.60,0.00,0.00,0.00,0.00,52793285,93483078,0,0
2486.63,571392.04,571392.04,117234.39,0.00,0.00,0.00,126.20,0.00,195720662.21,202661559.60,0.00,0.00,0.00,0.00,52793285,93483078,0,0
2488.63,571392.04,571392.04,117346.36,0.00,0.00,0.00,111.97,0.00,195720662.21,202661559.60,0.00,0.00,0.00,0.00,52793285,93483078,0,0
2490.63,571392.04,571392.04,117471.06,0.00,0.00,0.00,124.70,0.00,195720662.21,202661559.60,0.00,0.00,0.00,0.00,52793285,93483078,0,0
2492.64,571392.04,571392.04,117596.70,0.00,0.00,0.00,125.64,0.00,195720662.21,202661559.60,0.00,0.00,0.00,0.00,52793285,93483078,0,0
2494.64,571392.04,571392.04,117723.80,0.00,0.00,0.00,127.10,0.00,195720662.21,202661559.60,0.00,0.00,0.00,0.00,52793285,93483078,0,0
2496.64,571392.04,571392.04,117843.60,0.00,0.00,0.00,119.80,0.00,195720662.21,202661559.60,0.00,0.00,0.00,0.00,52793285,93483078,0,0
2498.65,571392.04,571392.04,117967.78,0.00,0.00,0.00,124.18,0.00,195720662.21,202661559.60,0.00,0.00,0.00,0.00,52793285,93483078,0,0
2500.65,571392.04,571392.04,118094.27,0.00,0.00,0.00,126.48,0.00,195720662.21,202661559.60,0.00,0.00,0.00,0.00,52793285,93483078,0,0
2502.65,571392.04,571392.04,118220.93,0.00,0.00,0.00,126.66,0.00,195720662.21,202661559.60,0.00,0.00,0.00,0.00,52793285,93483078,0,0
2504.66,571392.04,571392.04,118347.62,0.00,0.00,0.00,126.70,0.00,195720662.21,202661559.60,0.00,0.00,0.00,0.00,52793285,93483078,0,0
2506.66,571392.04,571392.04,118473.80,0.00,0.00,0.00,126.17,0.00,195720662.21,202661559.60,0.00,0.00,0.00,0.00,52793285,93483078,0,0
2508.66,571392.04,571392.04,118599.78,0.00,0.00,0.00,125.98,0.00,195720662.21,202661559.60,0.00,0.00,0.00,0.00,52793285,93483078,0,0
2510.67,571392.04,571392.04,118726.01,0.00,0.00,0.00,126.23,0.00,195720662.21,202661559.60,0.00,0.00,0.00,0.00,52793285,93483078,0,0
2512.67,571392.04,571392.04,118844.34,0.00,0.00,0.00,118.34,0.00,195720662.21,202661559.60,0.00,0.00,0.00,0.00,52793285,93483078,0,0
2514.67,571392.04,571392.04,118971.17,0.00,0.00,0.00,126.83,0.00,195720662.21,202661559.60,0.00,0.00,0.00,0.00,52793285,93483078,0,0
2516.67,571392.04,571392.04,119096.41,0.00,0.00,0.00,125.23,0.00,195720662.21,202661559.60,0.00,0.00,0.00,0.00,52793285,93483078,0,0
2518.68,571392.04,571392.04,119213.96,0.00,0.00,0.00,117.55,0.00,195720662.21,202661559.60,0.00,0.00,0.00,0.00,52793285,93483078,0,0
2520.68,571392.04,571392.04,119337.96,0.00,0.00,0.00,124.00,0.00,195720662.21,202661559.60,0.00,0.00,0.00,0.00,52793285,93483078,0,0
2522.69,571392.04,571392.04,119460.86,0.00,0.00,0.00,122.90,0.00,195720662.21,202661559.60,0.00,0.00,0.00,0.00,52793285,93483078,0,0
2524.69,571392.04,571392.04,119585.04,0.00,0.00,0.00,124.18,0.00,195720662.21,202661559.60,0.00,0.00,0.00,0.00,52793285,93483078,0,0
2526.69,571392.04,571392.04,119707.39,0.00,0.00,0.00,122.35,0.00,195720662.21,202661559.60,0.00,0.00,0.00,0.00,52793285,93483078,0,0
2528.69,571392.04,571392.04,119809.94,0.00,0.00,0.00,102.55,0.00,195720662.21,202661559.60,0.00,0.00,0.00,0.00,52793285,93483078,0,0
2530.69,571392.04,571392.04,119912.29,0.00,0.00,0.00,102.35,0.00,195720662.21,202661559.60,0.00,0.00,0.00,0.00,52793285,93483078,0,0
2532.69,571392.04,571392.04,120018.41,0.00,0.00,0.00,106.12,0.00,195720662.21,202661559.60,0.00,0.00,0.00,0.00,52793285,93483078,0,0
2534.70,571392.04,571392.04,120144.58,0.00,0.00,0.00,126.16,0.00,195720662.21,202661559.60,0.00,0.00,0.00,0.00,52793285,93483078,0,0
2536.70,571392.04,571392.04,120271.68,0.00,0.00,0.00,127.10,0.00,195720662.21,202661559.60,0.00,0.00,0.00,0.00,52793285,93483078,0,0
2538.70,571392.04,571392.04,120398.78,0.00,0.00,0.00,127.10,0.00,195720662.21,202661559.60,0.00,0.00,0.00,0.00,52793285,93483078,0,0
2540.70,571392.04,571392.04,120523.68,0.00,0.00,0.00,124.90,0.00,195720662.21,202661559.60,0.00,0.00,0.00,0.00,52793285,93483078,0,0
2542.71,571392.04,571392.04,120638.38,0.00,0.00,0.00,114.70,0.00,195720662.21,202661559.60,0.00,0.00,0.00,0.00,52793285,93483078,0,0
2544.71,571392.04,571392.04,120762.55,0.00,0.00,0.00,124.18,0.00,195720662.21,202661559.60,0.00,0.00,0.00,0.00,52793285,93483078,0,0
2546.72,571392.04,571392.04,120886.73,0.00,0.00,0.00,124.18,0.00,195720662.21,202661559.60,0.00,0.00,0.00,0.00,52793285,93483078,0,0
2548.72,571392.04,571392.04,121004.80,0.00,0.00,0.00,118.06,0.00,195720662.21,202661559.60,0.00,0.00,0.00,0.00,52793285,93483078,0,0
2550.72,571392.04,571392.04,121130.71,0.00,0.00,0.00,125.91,0.00,195720662.21,202661559.60,0.00,0.00,0.00,0.00,52793285,93483078,0,0
2552.72,571392.04,571392.04,121256.35,0.00,0.00,0.00,125.64,0.00,195720662.21,202661559.60,0.00,0.00,0.00,0.00,52793285,93483078,0,0
2554.72,571392.04,571392.04,121383.45,0.00,0.00,0.00,127.10,0.00,195720662.21,202661559.60,0.00,0.00,0.00,0.00,52793285,93483078,0,0
2556.73,571392.04,571392.04,121509.09,0.00,0.00,0.00,125.64,0.00,195720662.21,202661559.60,0.00,0.00,0.00,0.00,52793285,93483078,0,0
2558.73,571392.04,571392.04,121636.20,0.00,0.00,0.00,127.10,0.00,195720662.21,202661559.60,0.00,0.00,0.00,0.00,52793285,93483078,0,0
2560.74,571392.04,571392.04,121761.84,0.00,0.00,0.00,125.64,0.00,195720662.21,202661559.60,0.00,0.00,0.00,0.00,52793285,93483078,0,0
2562.74,571392.04,571392.04,121874.33,0.00,0.00,0.00,112.49,0.00,195720662.21,202661559.60,0.00,0.00,0.00,0.00,52793285,93483078,0,0
2564.74,571392.04,571392.04,121982.44,0.00,0.00,0.00,108.11,0.00,195720662.21,202661559.60,0.00,0.00,0.00,0.00,52793285,93483078,0,0
2566.74,571392.04,571392.04,122090.55,0.00,0.00,0.00,108.11,0.00,195720662.21,202661559.60,0.00,0.00,0.00,0.00,52793285,93483078,0,0
2568.74,571392.04,571392.04,122198.26,0.00,0.00,0.00,107.71,0.00,195720662.21,202661559.60,0.00,0.00,0.00,0.00,52793285,93483078,0,0
2570.75,571392.04,571392.04,122305.30,0.00,0.00,0.00,107.05,0.00,195720662.21,202661559.60,0.00,0.00,0.00,0.00,52793285,93483078,0,0
2572.75,571392.04,571392.04,122403.19,0.00,0.00,0.00,97.88,0.00,195720662.21,202661559.60,0.00,0.00,0.00,0.00,52793285,93483078,0,0
2574.76,571392.04,571392.04,122524.45,0.00,0.00,0.00,121.26,0.00,195720662.21,202661559.60,0.00,0.00,0.00,0.00,52793285,93483078,0,0
2576.76,571392.04,571392.04,122650.90,0.00,0.00,0.00,126.45,0.00,195720662.21,202661559.60,0.00,0.00,0.00,0.00,52793285,93483078,0,0
2578.76,571392.04,571392.04,122766.96,0.00,0.00,0.00,116.06,0.00,195720662.21,202661559.60,0.00,0.00,0.00,0.00,52793285,93483078,0,0
2580.76,571392.04,571392.04,122891.89,0.00,0.00,0.00,124.93,0.00,195720662.21,202661559.60,0.00,0.00,0.00,0.00,52793285,93483078,0,0
2582.77,571392.04,571392.04,123018.24,0.00,0.00,0.00,126.35,0.00,195720662.21,202661559.60,0.00,0.00,0.00,0.00,52793285,93483078,0,0
2584.77,571392.04,571392.04,123145.34,0.00,0.00,0.00,127.10,0.00,195720662.21,202661559.60,0.00,0.00,0.00,0.00,52793285,93483078,0,0
2586.77,571392.04,571392.04,123271.55,0.00,0.00,0.00,126.20,0.00,195720662.21,202661559.60,0.00,0.00,0.00,0.00,52793285,93483078,0,0
2588.77,571392.04,571392.04,123398.03,0.00,0.00,0.00,126.48,0.00,195720662.21,202661559.60,0.00,0.00,0.00,0.00,52793285,93483078,0,0
2590.77,571392.04,571392.04,123525.07,0.00,0.00,0.00,127.04,0.00,195720662.21,202661559.60,0.00,0.00,0.00,0.00,52793285,93483078,0,0
2592.77,571392.04,571392.04,123650.83,0.00,0.00,0.00,125.76,0.00,195720662.21,202661559.60,0.00,0.00,0.00,0.00,52793285,93483078,0,0
2594.77,571392.04,571392.04,123774.64,0.00,0.00,0.00,123.81,0.00,195720662.21,202661559.60,0.00,0.00,0.00,0.00,52793285,93483078,0,0
2596.77,571392.04,571392.04,123898.26,0.00,0.00,0.00,123.62,0.00,195720662.21,202661559.60,0.00,0.00,0.00,0.00,52793285,93483078,0,0
2598.77,571392.04,571392.04,124023.03,0.00,0.00,0.00,124.77,0.00,195720662.21,202661559.60,0.00,0.00,0.00,0.00,52793285,93483078,0,0
2600.77,571392.04,571392.04,124148.02,0.00,0.00,0.00,124.98,0.00,195720662.21,202661559.60,0.00,0.00,0.00,0.00,52793285,93483078,0,0
2602.77,571392.04,571392.04,124239.59,0.00,0.00,0.00,91.57,0.00,195720662.21,202661559.60,0.00,0.00,0.00,0.00,52793285,93483078,0,0
2604.78,571392.04,571392.04,124365.23,0.00,0.00,0.00,125.64,0.00,195720662.21,202661559.60,0.00,0.00,0.00,0.00,52793285,93483078,0,0
2606.78,571392.04,571392.04,124492.33,0.00,0.00,0.00,127.10,0.00,195720662.21,202661559.60,0.00,0.00,0.00,0.00,52793285,93483078,0,0
2608.79,571392.04,571392.04,124593.13,0.00,0.00,0.00,100.80,0.00,195720662.21,202661559.60,0.00,0.00,0.00,0.00,52793285,93483078,0,0
2610.79,571392.04,571392.04,124701.24,0.00,0.00,0.00,108.11,0.00,195720662.21,202661559.60,0.00,0.00,0.00,0.00,52793285,93483078,0,0
2612.79,571392.04,571392.04,124809.35,0.00,0.00,0.00,108.11,0.00,195720662.21,202661559.60,0.00,0.00,0.00,0.00,52793285,93483078,0,0
2614.79,571392.04,571392.04,124917.46,0.00,0.00,0.00,108.11,0.00,195720662.21,202661559.60,0.00,0.00,0.00,0.00,52793285,93483078,0,0
2616.79,571392.04,571392.04,125025.14,0.00,0.00,0.00,107.68,0.00,195720662.21,202661559.60,0.00,0.00,0.00,0.00,52793285,93483078,0,0
2618.79,571392.04,571392.04,125133.34,0.00,0.00,0.00,108.20,0.00,195720662.21,202661559.60,0.00,0.00,0.00,0.00,52793285,93483078,0,0
2620.79,571392.04,571392.04,125241.36,0.00,0.00,0.00,108.02,0.00,195720662.21,202661559.60,0.00,0.00,0.00,0.00,52793285,93483078,0,0
2622.79,571392.04,571392.04,125348.97,0.00,0.00,0.00,107.61,0.00,195720662.21,202661559.60,0.00,0.00,0.00,0.00,52793285,93483078,0,0
2624.79,571392.04,571392.04,125456.55,0.00,0.00,0.00,107.58,0.00,195720662.21,202661559.60,0.00,0.00,0.00,0.00,52793285,93483078,0,0
2626.80,571392.04,571392.04,125564.66,0.00,0.00,0.00,108.11,0.00,195720662.21,202661559.60,0.00,0.00,0.00,0.00,52793285,93483078,0,0
2628.80,571392.04,571392.04,125672.68,0.00,0.00,0.00,108.02,0.00,195720662.21,202661559.60,0.00,0.00,0.00,0.00,52793285,93483078,0,0
2630.81,571392.04,571392.04,125779.41,0.00,0.00,0.00,106.73,0.00,195720662.21,202661559.60,0.00,0.00,0.00,0.00,52793285,93483078,0,0
2632.81,571392.04,571392.04,125872.91,0.00,0.00,0.00,93.50,0.00,195720662.21,202661559.60,0.00,0.00,0.00,0.00,52793285,93483078,0,0
2634.82,571392.04,571392.04,125981.02,0.00,0.00,0.00,108.11,0.00,195720662.21,202661559.60,0.00,0.00,0.00,0.00,52793285,93483078,0,0
2636.82,571392.04,571392.04,126089.13,0.00,0.00,0.00,108.11,0.00,195720662.21,202661559.60,0.00,0.00,0.00,0.00,52793285,93483078,0,0
2638.83,571392.04,571392.04,126179.71,0.00,0.00,0.00,90.58,0.00,195720662.21,202661559.60,0.00,0.00,0.00,0.00,52793285,93483078,0,0
2640.84,571392.04,571392.04,126303.89,0.00,0.00,0.00,124.18,0.00,195720662.21,202661559.60,0.00,0.00,0.00,0.00,52793285,93483078,0,0
2642.84,571392.04,571392.04,126428.91,0.00,0.00,0.00,125.02,0.00,195720662.21,202661559.60,0.00,0.00,0.00,0.00,52793285,93483078,0,0
2644.84,571392.04,571392.04,126553.71,0.00,0.00,0.00,124.80,0.00,195720662.21,202661559.60,0.00,0.00,0.00,0.00,52793285,93483078,0,0
2646.84,571392.04,571392.04,126676.62,0.00,0.00,0.00,122.91,0.00,195720662.21,202661559.60,0.00,0.00,0.00,0.00,52793285,93483078,0,0
2648.84,571392.04,571392.04,126799.15,0.00,0.00,0.00,122.53,0.00,195720662.21,202661559.60,0.00,0.00,0.00,0.00,52793285,93483078,0,0
2650.84,571392.04,571392.04,126923.27,0.00,0.00,0.00,124.12,0.00,195720662.21,202661559.60,0.00,0.00,0.00,0.00,52793285,93483078,0,0
2652.84,571392.04,571392.04,127047.11,0.00,0.00,0.00,123.84,0.00,195720662.21,202661559.60,0.00,0.00,0.00,0.00,52793285,93483078,0,0
2654.85,571392.04,571392.04,127170.23,0.00,0.00,0.00,123.12,0.00,195720662.21,202661559.60,0.00,0.00,0.00,0.00,52793285,93483078,0,0
2656.85,571392.04,571392.04,127294.41,0.00,0.00,0.00,124.18,0.00,195720662.21,202661559.60,0.00,0.00,0.00,0.00,52793285,93483078,0,0
2658.86,571392.04,571392.04,127418.59,0.00,0.00,0.00,124.18,0.00,195720662.21,202661559.60,0.00,0.00,0.00,0.00,52793285,93483078,0,0
2660.86,571392.04,571392.04,127544.23,0.00,0.00,0.00,125.64,0.00,195720662.21,202661559.60,0.00,0.00,0.00,0.00,52793285,93483078,0,0
2662.86,571392.04,571392.04,127645.72,0.00,0.00,0.00,101.49,0.00,195720662.21,202661559.60,0.00,0.00,0.00,0.00,52793285,93483078,0,0
2664.86,571392.04,571392.04,127771.61,0.00,0.00,0.00,125.89,0.00,195720662.21,202661559.60,0.00,0.00,0.00,0.00,52793285,93483078,0,0
2666.86,571392.04,571392.04,127897.77,0.00,0.00,0.00,126.16,0.00,195720662.21,202661559.60,0.00,0.00,0.00,0.00,52793285,93483078,0,0
2668.86,571392.04,571392.04,128007.34,0.00,0.00,0.00,109.57,0.00,195720662.21,202661559.60,0.00,0.00,0.00,0.00,52793285,93483078,0,0
2670.86,571392.04,571392.04,128132.98,0.00,0.00,0.00,125.64,0.00,195720662.21,202661559.60,0.00,0.00,0.00,0.00,52793285,93483078,0,0
2672.86,571392.04,571392.04,128260.34,0.00,0.00,0.00,127.35,0.00,195720662.21,202661559.60,0.00,0.00,0.00,0.00,52793285,93483078,0,0
2674.87,571392.04,571392.04,128385.73,0.00,0.00,0.00,125.39,0.00,195720662.21,202661559.60,0.00,0.00,0.00,0.00,52793285,93483078,0,0
2676.87,571392.04,571392.04,128511.59,0.00,0.00,0.00,125.86,0.00,195720662.21,202661559.60,0.00,0.00,0.00,0.00,52793285,93483078,0,0
2678.87,571392.04,571392.04,128638.16,0.00,0.00,0.00,126.58,0.00,195720662.21,202661559.60,0.00,0.00,0.00,0.00,52793285,93483078,0,0
2680.87,571392.04,571392.04,128764.11,0.00,0.00,0.00,125.95,0.00,195720662.21,202661559.60,0.00,0.00,0.00,0.00,52793285,93483078,0,0
2682.87,571392.04,571392.04,128890.31,0.00,0.00,0.00,126.20,0.00,195720662.21,202661559.60,0.00,0.00,0.00,0.00,52793285,93483078,0,0
2684.87,571392.04,571392.04,129015.64,0.00,0.00,0.00,125.33,0.00,195720662.21,202661559.60,0.00,0.00,0.00,0.00,52793285,93483078,0,0
2686.87,571392.04,571392.04,129141.56,0.00,0.00,0.00,125.92,0.00,195720662.21,202661559.60,0.00,0.00,0.00,0.00,52793285,93483078,0,0
2688.87,571392.04,571392.04,129268.13,0.00,0.00,0.00,126.57,0.00,195720662.21,202661559.60,0.00,0.00,0.00,0.00,52793285,93483078,0,0
2690.87,571392.04,571392.04,129393.77,0.00,0.00,0.00,125.64,0.00,195720662.21,202661559.60,0.00,0.00,0.00,0.00,52793285,93483078,0,0
2692.87,571392.04,571392.04,129500.18,0.00,0.00,0.00,106.41,0.00,195720662.21,202661559.60,0.00,0.00,0.00,0.00,52793285,93483078,0,0
2694.88,571392.04,571392.04,129621.68,0.00,0.00,0.00,121.50,0.00,195720662.21,202661559.60,0.00,0.00,0.00,0.00,52793285,93483078,0,0
2696.89,571392.04,571392.04,129743.59,0.00,0.00,0.00,121.91,0.00,195720662.21,202661559.60,0.00,0.00,0.00,0.00,52793285,93483078,0,0
2698.90,571392.04,571392.04,129833.52,0.00,0.00,0.00,89.92,0.00,195720662.21,202661559.60,0.00,0.00,0.00,0.00,52793285,93483078,0,0
2700.90,571392.04,571392.04,129958.35,0.00,0.00,0.00,124.84,0.00,195720662.21,202661559.60,0.00,0.00,0.00,0.00,52793285,93483078,0,0
2702.90,571392.04,571392.04,130081.88,0.00,0.00,0.00,123.52,0.00,195720662.21,202661559.60,0.00,0.00,0.00,0.00,52793285,93483078,0,0
2704.90,571392.04,571392.04,130191.45,0.00,0.00,0.00,109.57,0.00,195720662.21,202661559.60,0.00,0.00,0.00,0.00,52793285,93483078,0,0
2706.91,571392.04,571392.04,130312.70,0.00,0.00,0.00,121.26,0.00,195720662.21,202661559.60,0.00,0.00,0.00,0.00,52793285,93483078,0,0
2708.92,571392.04,571392.04,130439.80,0.00,0.00,0.00,127.10,0.00,195720662.21,202661559.60,0.00,0.00,0.00,0.00,52793285,93483078,0,0
2710.92,571392.04,571392.04,130566.91,0.00,0.00,0.00,127.10,0.00,195720662.21,202661559.60,0.00,0.00,0.00,0.00,52793285,93483078,0,0
2712.92,571392.04,571392.04,130692.55,0.00,0.00,0.00,125.64,0.00,195720662.21,202661559.60,0.00,0.00,0.00,0.00,52793285,93483078,0,0
2714.93,571392.04,571392.04,130819.65,0.00,0.00,0.00,127.10,0.00,195720662.21,202661559.60,0.00,0.00,0.00,0.00,52793285,93483078,0,0
2716.93,571392.04,571392.04,130946.63,0.00,0.00,0.00,126.98,0.00,195720662.21,202661559.60,0.00,0.00,0.00,0.00,52793285,93483078,0,0
2718.93,571392.04,571392.04,131072.39,0.00,0.00,0.00,125.76,0.00,195720662.21,202661559.60,0.00,0.00,0.00,0.00,52793285,93483078,0,0
2720.93,571392.04,571392.04,131195.11,0.00,0.00,0.00,122.72,0.00,195720662.21,202661559.60,0.00,0.00,0.00,0.00,52793285,93483078,0,0
2722.93,571392.04,571392.04,131294.45,0.00,0.00,0.00,99.34,0.00,195720662.21,202661559.60,0.00,0.00,0.00,0.00,52793285,93483078,0,0
2724.94,571392.04,571392.04,131417.17,0.00,0.00,0.00,122.72,0.00,195720662.21,202661559.60,0.00,0.00,0.00,0.00,52793285,93483078,0,0
2726.94,571392.04,571392.04,131542.48,0.00,0.00,0.00,125.30,0.00,195720662.21,202661559.60,0.00,0.00,0.00,0.00,52793285,93483078,0,0
2728.94,571392.04,571392.04,131650.92,0.00,0.00,0.00,108.45,0.00,195720662.21,202661559.60,0.00,0.00,0.00,0.00,52793285,93483078,0,0
2730.95,571392.04,571392.04,131775.10,0.00,0.00,0.00,124.18,0.00,195720662.21,202661559.60,0.00,0.00,0.00,0.00,52793285,93483078,0,0
2732.96,571392.04,571392.04,131899.28,0.00,0.00,0.00,124.18,0.00,195720662.21,202661559.60,0.00,0.00,0.00,0.00,52793285,93483078,0,0
2734.96,571392.04,571392.04,132023.46,0.00,0.00,0.00,124.18,0.00,195720662.21,202661559.60,0.00,0.00,0.00,0.00,52793285,93483078,0,0
2736.97,571392.04,571392.04,132148.67,0.00,0.00,0.00,125.21,0.00,195720662.21,202661559.60,0.00,0.00,0.00,0.00,52793285,93483078,0,0
2738.97,571392.04,571392.04,132273.20,0.00,0.00,0.00,124.52,0.00,195720662.21,202661559.60,0.00,0.00,0.00,0.00,52793285,93483078,0,0
2740.97,571392.04,571392.04,132396.44,0.00,0.00,0.00,123.24,0.00,195720662.21,202661559.60,0.00,0.00,0.00,0.00,52793285,93483078,0,0
2742.97,571392.04,571392.04,132520.18,0.00,0.00,0.00,123.74,0.00,195720662.21,202661559.60,0.00,0.00,0.00,0.00,52793285,93483078,0,0
2744.97,571392.04,571392.04,132644.36,0.00,0.00,0.00,124.18,0.00,195720662.21,202661559.60,0.00,0.00,0.00,0.00,52793285,93483078,0,0
2746.97,571392.04,571392.04,132769.32,0.00,0.00,0.00,124.96,0.00,195720662.21,202661559.60,0.00,0.00,0.00,0.00,52793285,93483078,0,0
2748.97,571392.04,571392.04,132887.16,0.00,0.00,0.00,117.84,0.00,195720662.21,202661559.60,0.00,0.00,0.00,0.00,52793285,93483078,0,0
2750.98,571392.04,571392.04,133011.05,0.00,0.00,0.00,123.90,0.00,195720662.21,202661559.60,0.00,0.00,0.00,0.00,52793285,93483078,0,0
2752.98,571392.04,571392.04,133108.13,0.00,0.00,0.00,97.08,0.00,195720662.21,202661559.60,0.00,0.00,0.00,0.00,52793285,93483078,0,0
2754.98,571392.04,571392.04,133236.04,0.00,0.00,0.00,127.91,0.00,195720662.21,202661559.60,0.00,0.00,0.00,0.00,52793285,93483078,0,0
2756.98,571392.04,571392.04,133359.60,0.00,0.00,0.00,123.56,0.00,195720662.21,202661559.60,0.00,0.00,0.00,0.00,52793285,93483078,0,0
2758.99,571392.04,571392.04,133468.33,0.00,0.00,0.00,108.73,0.00,195720662.21,202661559.60,0.00,0.00,0.00,0.00,52793285,93483078,0,0
2760.99,571392.04,571392.04,133595.28,0.00,0.00,0.00,126.95,0.00,195720662.21,202661559.60,0.00,0.00,0.00,0.00,52793285,93483078,0,0
2762.99,571392.04,571392.04,133721.07,0.00,0.00,0.00,125.79,0.00,195720662.21,202661559.60,0.00,0.00,0.00,0.00,52793285,93483078,0,0
2764.99,571392.04,571392.04,133847.84,0.00,0.00,0.00,126.77,0.00,195720662.21,202661559.60,0.00,0.00,0.00,0.00,52793285,93483078,0,0
2766.99,571392.04,571392.04,133974.22,0.00,0.00,0.00,126.38,0.00,195720662.21,202661559.60,0.00,0.00,0.00,0.00,52793285,93483078,0,0
2769.00,571392.04,571392.04,134100.91,0.00,0.00,0.00,126.70,0.00,195720662.21,202661559.60,0.00,0.00,0.00,0.00,52793285,93483078,0,0
2771.00,571392.04,571392.04,134211.95,0.00,0.00,0.00,111.03,0.00,195720662.21,202661559.60,0.00,0.00,0.00,0.00,52793285,93483078,0,0
2773.00,571392.04,571392.04,134320.05,0.00,0.00,0.00,108.11,0.00,195720662.21,202661559.60,0.00,0.00,0.00,0.00,52793285,93483078,0,0
2775.00,571392.04,571392.04,134427.98,0.00,0.00,0.00,107.93,0.00,195720662.21,202661559.60,0.00,0.00,0.00,0.00,52793285,93483078,0,0
2777.00,571392.04,571392.04,134535.88,0.00,0.00,0.00,107.89,0.00,195720662.21,202661559.60,0.00,0.00,0.00,0.00,52793285,93483078,0,0
2779.00,571392.04,571392.04,134643.73,0.00,0.00,0.00,107.86,0.00,195720662.21,202661559.60,0.00,0.00,0.00,0.00,52793285,93483078,0,0
2781.01,571392.04,571392.04,134751.03,0.00,0.00,0.00,107.30,0.00,195720662.21,202661559.60,0.00,0.00,0.00,0.00,52793285,93483078,0,0
2783.02,571392.04,571392.04,134841.02,0.00,0.00,0.00,89.99,0.00,195720662.21,202661559.60,0.00,0.00,0.00,0.00,52793285,93483078,0,0
2785.02,571392.04,571392.04,134948.26,0.00,0.00,0.00,107.23,0.00,195720662.21,202661559.60,0.00,0.00,0.00,0.00,52793285,93483078,0,0
2787.03,571392.04,571392.04,135054.38,0.00,0.00,0.00,106.12,0.00,195720662.21,202661559.60,0.00,0.00,0.00,0.00,52793285,93483078,0,0
2789.02,571392.04,571392.04,135146.95,0.00,0.00,0.00,92.56,0.00,195720662.21,202661559.60,0.00,0.00,0.00,0.00,52793285,93483078,0,0
2791.02,571392.04,571392.04,135255.05,0.00,0.00,0.00,108.11,0.00,195720662.21,202661559.60,0.00,0.00,0.00,0.00,52793285,93483078,0,0
2793.03,571392.04,571392.04,135363.16,0.00,0.00,0.00,108.11,0.00,195720662.21,202661559.60,0.00,0.00,0.00,0.00,52793285,93483078,0,0
2795.04,571392.04,571392.04,135471.27,0.00,0.00,0.00,108.11,0.00,195720662.21,202661559.60,0.00,0.00,0.00,0.00,52793285,93483078,0,0
2797.04,571392.04,571392.04,135579.38,0.00,0.00,0.00,108.11,0.00,195720662.21,202661559.60,0.00,0.00,0.00,0.00,52793285,93483078,0,0
2799.04,571392.04,571392.04,135687.09,0.00,0.00,0.00,107.71,0.00,195720662.21,202661559.60,0.00,0.00,0.00,0.00,52793285,93483078,0,0
2801.05,571392.04,571392.04,135805.83,0.00,0.00,0.00,118.73,0.00,195720662.21,202661559.60,0.00,0.00,0.00,0.00,52793285,93483078,0,0
2803.05,571392.04,571392.04,135930.01,0.00,0.00,0.00,124.18,0.00,195720662.21,202661559.60,0.00,0.00,0.00,0.00,52793285,93483078,0,0
2805.06,571392.04,571392.04,136038.12,0.00,0.00,0.00,108.11,0.00,195720662.21,202661559.60,0.00,0.00,0.00,0.00,52793285,93483078,0,0
2807.06,571392.04,571392.04,136165.22,0.00,0.00,0.00,127.10,0.00,195720662.21,202661559.60,0.00,0.00,0.00,0.00,52793285,93483078,0,0
2809.06,571392.04,571392.04,136290.86,0.00,0.00,0.00,125.64,0.00,195720662.21,202661559.60,0.00,0.00,0.00,0.00,52793285,93483078,0,0
2811.07,571392.04,571392.04,136416.50,0.00,0.00,0.00,125.64,0.00,195720662.21,202661559.60,0.00,0.00,0.00,0.00,52793285,93483078,0,0
2813.07,571392.04,571392.04,136515.84,0.00,0.00,0.00,99.34,0.00,195720662.21,202661559.60,0.00,0.00,0.00,0.00,52793285,93483078,0,0
2815.08,571392.04,571392.04,136642.95,0.00,0.00,0.00,127.10,0.00,195720662.21,202661559.60,0.00,0.00,0.00,0.00,52793285,93483078,0,0
2817.08,571392.04,571392.04,136767.12,0.00,0.00,0.00,124.18,0.00,195720662.21,202661559.60,0.00,0.00,0.00,0.00,52793285,93483078,0,0
2819.08,571392.04,571392.04,136877.66,0.00,0.00,0.00,110.54,0.00,195720662.21,202661559.60,0.00,0.00,0.00,0.00,52793285,93483078,0,0
2821.09,571392.04,571392.04,137000.88,0.00,0.00,0.00,123.21,0.00,195720662.21,202661559.60,0.00,0.00,0.00,0.00,52793285,93483078,0,0
2823.09,571392.04,571392.04,137126.52,0.00,0.00,0.00,125.64,0.00,195720662.21,202661559.60,0.00,0.00,0.00,0.00,52793285,93483078,0,0
2825.10,571392.04,571392.04,137250.70,0.00,0.00,0.00,124.18,0.00,195720662.21,202661559.60,0.00,0.00,0.00,0.00,52793285,93483078,0,0
2827.10,571392.04,571392.04,137373.41,0.00,0.00,0.00,122.72,0.00,195720662.21,202661559.60,0.00,0.00,0.00,0.00,52793285,93483078,0,0
2829.10,571392.04,571392.04,137498.25,0.00,0.00,0.00,124.84,0.00,195720662.21,202661559.60,0.00,0.00,0.00,0.00,52793285,93483078,0,0
2831.10,571392.04,571392.04,137622.55,0.00,0.00,0.00,124.30,0.00,195720662.21,202661559.60,0.00,0.00,0.00,0.00,52793285,93483078,0,0
2833.10,571392.04,571392.04,137747.36,0.00,0.00,0.00,124.80,0.00,195720662.21,202661559.60,0.00,0.00,0.00,0.00,52793285,93483078,0,0
2835.11,571392.04,571392.04,137873.05,0.00,0.00,0.00,125.70,0.00,195720662.21,202661559.60,0.00,0.00,0.00,0.00,52793285,93483078,0,0
2837.11,571392.04,571392.04,138000.16,0.00,0.00,0.00,127.10,0.00,195720662.21,202661559.60,0.00,0.00,0.00,0.00,52793285,93483078,0,0
2839.11,571392.04,571392.04,138111.16,0.00,0.00,0.00,111.01,0.00,195720662.21,202661559.60,0.00,0.00,0.00,0.00,52793285,93483078,0,0
2841.11,571392.04,571392.04,138218.52,0.00,0.00,0.00,107.36,0.00,195720662.21,202661559.60,0.00,0.00,0.00,0.00,52793285,93483078,0,0
2843.12,571392.04,571392.04,138320.10,0.00,0.00,0.00,101.58,0.00,195720662.21,202661559.60,0.00,0.00,0.00,0.00,52793285,93483078,0,0
2845.12,571392.04,571392.04,138447.15,0.00,0.00,0.00,127.05,0.00,195720662.21,202661559.60,0.00,0.00,0.00,0.00,52793285,93483078,0,0
2847.12,571392.04,571392.04,138569.87,0.00,0.00,0.00,122.72,0.00,195720662.21,202661559.60,0.00,0.00,0.00,0.00,52793285,93483078,0,0
2849.13,571392.04,571392.04,138664.88,0.00,0.00,0.00,95.02,0.00,195720662.21,202661559.60,0.00,0.00,0.00,0.00,52793285,93483078,0,0
2851.14,571392.04,571392.04,138772.99,0.00,0.00,0.00,108.11,0.00,195720662.21,202661559.60,0.00,0.00,0.00,0.00,52793285,93483078,0,0
2853.14,571392.04,571392.04,138881.10,0.00,0.00,0.00,108.11,0.00,195720662.21,202661559.60,0.00,0.00,0.00,0.00,52793285,93483078,0,0
2855.14,571392.04,571392.04,138989.21,0.00,0.00,0.00,108.11,0.00,195720662.21,202661559.60,0.00,0.00,0.00,0.00,52793285,93483078,0,0
2857.14,571392.04,571392.04,139097.32,0.00,0.00,0.00,108.11,0.00,195720662.21,202661559.60,0.00,0.00,0.00,0.00,52793285,93483078,0,0
2859.15,571392.04,571392.04,139218.58,0.00,0.00,0.00,121.26,0.00,195720662.21,202661559.60,0.00,0.00,0.00,0.00,52793285,93483078,0,0
2861.16,571392.04,571392.04,139344.22,0.00,0.00,0.00,125.64,0.00,195720662.21,202661559.60,0.00,0.00,0.00,0.00,52793285,93483078,0,0
2863.16,571392.04,571392.04,139470.55,0.00,0.00,0.00,126.33,0.00,195720662.21,202661559.60,0.00,0.00,0.00,0.00,52793285,93483078,0,0
2865.16,571392.04,571392.04,139597.65,0.00,0.00,0.00,127.10,0.00,195720662.21,202661559.60,0.00,0.00,0.00,0.00,52793285,93483078,0,0
2867.16,571392.04,571392.04,139723.29,0.00,0.00,0.00,125.64,0.00,195720662.21,202661559.60,0.00,0.00,0.00,0.00,52793285,93483078,0,0
2869.16,571392.04,571392.04,139849.70,0.00,0.00,0.00,126.41,0.00,195720662.21,202661559.60,0.00,0.00,0.00,0.00,52793285,93483078,0,0
2871.16,571392.04,571392.04,139963.66,0.00,0.00,0.00,113.95,0.00,195720662.21,202661559.60,0.00,0.00,0.00,0.00,52793285,93483078,0,0
2873.16,571392.04,571392.04,140067.38,0.00,0.00,0.00,103.73,0.00,195720662.21,202661559.60,0.00,0.00,0.00,0.00,52793285,93483078,0,0
2875.17,571392.04,571392.04,140193.02,0.00,0.00,0.00,125.64,0.00,195720662.21,202661559.60,0.00,0.00,0.00,0.00,52793285,93483078,0,0
2877.17,571392.04,571392.04,140313.79,0.00,0.00,0.00,120.77,0.00,195720662.21,202661559.60,0.00,0.00,0.00,0.00,52793285,93483078,0,0
2879.18,571392.04,571392.04,140422.39,0.00,0.00,0.00,108.60,0.00,195720662.21,202661559.60,0.00,0.00,0.00,0.00,52793285,93483078,0,0
2881.18,571392.04,571392.04,140548.38,0.00,0.00,0.00,125.98,0.00,195720662.21,202661559.60,0.00,0.00,0.00,0.00,52793285,93483078,0,0
2883.18,571392.04,571392.04,140674.95,0.00,0.00,0.00,126.58,0.00,195720662.21,202661559.60,0.00,0.00,0.00,0.00,52793285,93483078,0,0
2885.18,571392.04,571392.04,140800.77,0.00,0.00,0.00,125.82,0.00,195720662.21,202661559.60,0.00,0.00,0.00,0.00,52793285,93483078,0,0
2887.18,571392.04,571392.04,140927.73,0.00,0.00,0.00,126.95,0.00,195720662.21,202661559.60,0.00,0.00,0.00,0.00,52793285,93483078,0,0
2889.18,571392.04,571392.04,141053.27,0.00,0.00,0.00,125.55,0.00,195720662.21,202661559.60,0.00,0.00,0.00,0.00,52793285,93483078,0,0
2891.18,571392.04,571392.04,141179.16,0.00,0.00,0.00,125.88,0.00,195720662.21,202661559.60,0.00,0.00,0.00,0.00,52793285,93483078,0,0
2893.19,571392.04,571392.04,141290.81,0.00,0.00,0.00,111.66,0.00,195720662.21,202661559.60,0.00,0.00,0.00,0.00,52793285,93483078,0,0
2895.19,571392.04,571392.04,141392.98,0.00,0.00,0.00,102.17,0.00,195720662.21,202661559.60,0.00,0.00,0.00,0.00,52793285,93483078,0,0
2897.19,571392.04,571392.04,141499.41,0.00,0.00,0.00,106.43,0.00,195720662.21,202661559.60,0.00,0.00,0.00,0.00,52793285,93483078,0,0
2899.19,571392.04,571392.04,141607.21,0.00,0.00,0.00,107.80,0.00,195720662.21,202661559.60,0.00,0.00,0.00,0.00,52793285,93483078,0,0
2901.19,571392.04,571392.04,141714.17,0.00,0.00,0.00,106.96,0.00,195720662.21,202661559.60,0.00,0.00,0.00,0.00,52793285,93483078,0,0
2903.19,571392.04,571392.04,141819.05,0.00,0.00,0.00,104.88,0.00,195720662.21,202661559.60,0.00,0.00,0.00,0.00,52793285,93483078,0,0
2905.19,571392.04,571392.04,141945.25,0.00,0.00,0.00,126.20,0.00,195720662.21,202661559.60,0.00,0.00,0.00,0.00,52793285,93483078,0,0
2907.19,571392.04,571392.04,142067.84,0.00,0.00,0.00,122.59,0.00,195720662.21,202661559.60,0.00,0.00,0.00,0.00,52793285,93483078,0,0
2909.19,571392.04,571392.04,142174.96,0.00,0.00,0.00,107.12,0.00,195720662.21,202661559.60,0.00,0.00,0.00,0.00,52793285,93483078,0,0
2911.19,571392.04,571392.04,142301.16,0.00,0.00,0.00,126.20,0.00,195720662.21,202661559.60,0.00,0.00,0.00,0.00,52793285,93483078,0,0
2913.19,571392.04,571392.04,142428.26,0.00,0.00,0.00,127.10,0.00,195720662.21,202661559.60,0.00,0.00,0.00,0.00,52793285,93483078,0,0
2915.19,571392.04,571392.04,142555.02,0.00,0.00,0.00,126.77,0.00,195720662.21,202661559.60,0.00,0.00,0.00,0.00,52793285,93483078,0,0
2917.19,571392.04,571392.04,142681.66,0.00,0.00,0.00,126.63,0.00,195720662.21,202661559.60,0.00,0.00,0.00,0.00,52793285,93483078,0,0
2919.19,571392.04,571392.04,142808.10,0.00,0.00,0.00,126.45,0.00,195720662.21,202661559.60,0.00,0.00,0.00,0.00,52793285,93483078,0,0
2921.19,571392.04,571392.04,142928.87,0.00,0.00,0.00,120.77,0.00,195720662.21,202661559.60,0.00,0.00,0.00,0.00,52793285,93483078,0,0
2923.19,571392.04,571392.04,143055.56,0.00,0.00,0.00,126.70,0.00,195720662.21,202661559.60,0.00,0.00,0.00,0.00,52793285,93483078,0,0
2925.19,571392.04,571392.04,143183.29,0.00,0.00,0.00,127.73,0.00,195720662.21,202661559.60,0.00,0.00,0.00,0.00,52793285,93483078,0,0
2927.20,571392.04,571392.04,143309.20,0.00,0.00,0.00,125.91,0.00,195720662.21,202661559.60,0.00,0.00,0.00,0.00,52793285,93483078,0,0
2929.20,571392.04,571392.04,143436.30,0.00,0.00,0.00,127.10,0.00,195720662.21,202661559.60,0.00,0.00,0.00,0.00,52793285,93483078,0,0
2931.21,571392.04,571392.04,143563.41,0.00,0.00,0.00,127.10,0.00,195720662.21,202661559.60,0.00,0.00,0.00,0.00,52793285,93483078,0,0
2933.21,571392.04,571392.04,143669.47,0.00,0.00,0.00,106.06,0.00,195720662.21,202661559.60,0.00,0.00,0.00,0.00,52793285,93483078,0,0
2935.21,571392.04,571392.04,143795.70,0.00,0.00,0.00,126.23,0.00,195720662.21,202661559.60,0.00,0.00,0.00,0.00,52793285,93483078,0,0
2937.22,571392.04,571392.04,143915.49,0.00,0.00,0.00,119.80,0.00,195720662.21,202661559.60,0.00,0.00,0.00,0.00,52793285,93483078,0,0
2939.22,571392.04,571392.04,144025.06,0.00,0.00,0.00,109.57,0.00,195720662.21,202661559.60,0.00,0.00,0.00,0.00,52793285,93483078,0,0
2941.22,571392.04,571392.04,144151.48,0.00,0.00,0.00,126.42,0.00,195720662.21,202661559.60,0.00,0.00,0.00,0.00,52793285,93483078,0,0
2943.22,571392.04,571392.04,144277.80,0.00,0.00,0.00,126.32,0.00,195720662.21,202661559.60,0.00,0.00,0.00,0.00,52793285,93483078,0,0
2945.23,571392.04,571392.04,144404.91,0.00,0.00,0.00,127.10,0.00,195720662.21,202661559.60,0.00,0.00,0.00,0.00,52793285,93483078,0,0
2947.23,571392.04,571392.04,144532.85,0.00,0.00,0.00,127.95,0.00,195720662.21,202661559.60,0.00,0.00,0.00,0.00,52793285,93483078,0,0
2949.23,571392.04,571392.04,144660.08,0.00,0.00,0.00,127.23,0.00,195720662.21,202661559.60,0.00,0.00,0.00,0.00,52793285,93483078,0,0
2951.23,571392.04,571392.04,144787.12,0.00,0.00,0.00,127.04,0.00,195720662.21,202661559.60,0.00,0.00,0.00,0.00,52793285,93483078,0,0
2953.23,571392.04,571392.04,144913.91,0.00,0.00,0.00,126.79,0.00,195720662.21,202661559.60,0.00,0.00,0.00,0.00,52793285,93483078,0,0
2955.23,571392.04,571392.04,145040.39,0.00,0.00,0.00,126.48,0.00,195720662.21,202661559.60,0.00,0.00,0.00,0.00,52793285,93483078,0,0
2957.23,571392.04,571392.04,145166.05,0.00,0.00,0.00,125.66,0.00,195720662.21,202661559.60,0.00,0.00,0.00,0.00,52793285,93483078,0,0
2959.23,571392.04,571392.04,145292.82,0.00,0.00,0.00,126.77,0.00,195720662.21,202661559.60,0.00,0.00,0.00,0.00,52793285,93483078,0,0
2961.23,571392.04,571392.04,145418.18,0.00,0.00,0.00,125.36,0.00,195720662.21,202661559.60,0.00,0.00,0.00,0.00,52793285,93483078,0,0
2963.24,571392.04,571392.04,145515.22,0.00,0.00,0.00,97.04,0.00,195720662.21,202661559.60,0.00,0.00,0.00,0.00,52793285,93483078,0,0
2965.25,571392.04,571392.04,145636.48,0.00,0.00,0.00,121.26,0.00,195720662.21,202661559.60,0.00,0.00,0.00,0.00,52793285,93483078,0,0
2967.25,571392.04,571392.04,145759.20,0.00,0.00,0.00,122.72,0.00,195720662.21,202661559.60,0.00,0.00,0.00,0.00,52793285,93483078,0,0
2969.25,571392.04,571392.04,145873.06,0.00,0.00,0.00,113.87,0.00,195720662.21,202661559.60,0.00,0.00,0.00,0.00,52793285,93483078,0,0
2971.25,571392.04,571392.04,145998.79,0.00,0.00,0.00,125.73,0.00,195720662.21,202661559.60,0.00,0.00,0.00,0.00,52793285,93483078,0,0
2973.25,571392.04,571392.04,146124.43,0.00,0.00,0.00,125.64,0.00,195720662.21,202661559.60,0.00,0.00,0.00,0.00,52793285,93483078,0,0
2975.25,571392.04,571392.04,146250.66,0.00,0.00,0.00,126.23,0.00,195720662.21,202661559.60,0.00,0.00,0.00,0.00,52793285,93483078,0,0
2977.26,571392.04,571392.04,146376.90,0.00,0.00,0.00,126.23,0.00,195720662.21,202661559.60,0.00,0.00,0.00,0.00,52793285,93483078,0,0
2979.25,571392.04,571392.04,146503.91,0.00,0.00,0.00,127.01,0.00,195720662.21,202661559.60,0.00,0.00,0.00,0.00,52793285,93483078,0,0
2981.26,571392.04,571392.04,146629.91,0.00,0.00,0.00,126.01,0.00,195720662.21,202661559.60,0.00,0.00,0.00,0.00,52793285,93483078,0,0
2983.26,571392.04,571392.04,146756.62,0.00,0.00,0.00,126.70,0.00,195720662.21,202661559.60,0.00,0.00,0.00,0.00,52793285,93483078,0,0
2985.26,571392.04,571392.04,146882.66,0.00,0.00,0.00,126.04,0.00,195720662.21,202661559.60,0.00,0.00,0.00,0.00,52793285,93483078,0,0
2987.26,571392.04,571392.04,147009.76,0.00,0.00,0.00,127.10,0.00,195720662.21,202661559.60,0.00,0.00,0.00,0.00,52793285,93483078,0,0
2989.27,571392.04,571392.04,147135.40,0.00,0.00,0.00,125.64,0.00,195720662.21,202661559.60,0.00,0.00,0.00,0.00,52793285,93483078,0,0
2991.27,571392.04,571392.04,147262.50,0.00,0.00,0.00,127.10,0.00,195720662.21,202661559.60,0.00,0.00,0.00,0.00,52793285,93483078,0,0
2993.28,571392.04,571392.04,147370.27,0.00,0.00,0.00,107.77,0.00,195720662.21,202661559.60,0.00,0.00,0.00,0.00,52793285,93483078,0,0
2995.28,571392.04,571392.04,147482.42,0.00,0.00,0.00,112.15,0.00,195720662.21,202661559.60,0.00,0.00,0.00,0.00,52793285,93483078,0,0
2997.28,571392.04,571392.04,147598.37,0.00,0.00,0.00,115.95,0.00,195720662.21,202661559.60,0.00,0.00,0.00,0.00,52793285,93483078,0,0
2999.28,571392.04,571392.04,147712.47,0.00,0.00,0.00,114.10,0.00,195720662.21,202661559.60,0.00,0.00,0.00,0.00,52793285,93483078,0,0
3001.28,571392.04,571392.04,147827.88,0.00,0.00,0.00,115.41,0.00,195720662.21,202661559.60,0.00,0.00,0.00,0.00,52793285,93483078,0,0
3003.29,571392.04,571392.04,147952.06,0.00,0.00,0.00,124.18,0.00,195720662.21,202661559.60,0.00,0.00,0.00,0.00,52793285,93483078,0,0
3005.29,571392.04,571392.04,148068.94,0.00,0.00,0.00,116.88,0.00,195720662.21,202661559.60,0.00,0.00,0.00,0.00,52793285,93483078,0,0
3007.30,571392.04,571392.04,148172.66,0.00,0.00,0.00,103.73,0.00,195720662.21,202661559.60,0.00,0.00,0.00,0.00,52793285,93483078,0,0
3009.30,571392.04,571392.04,148286.09,0.00,0.00,0.00,113.43,0.00,195720662.21,202661559.60,0.00,0.00,0.00,0.00,52793285,93483078,0,0
3011.30,571392.04,571392.04,148409.87,0.00,0.00,0.00,123.77,0.00,195720662.21,202661559.60,0.00,0.00,0.00,0.00,52793285,93483078,0,0
3013.30,571392.04,571392.04,148533.52,0.00,0.00,0.00,123.65,0.00,195720662.21,202661559.60,0.00,0.00,0.00,0.00,52793285,93483078,0,0
3015.31,571392.04,571392.04,148657.70,0.00,0.00,0.00,124.18,0.00,195720662.21,202661559.60,0.00,0.00,0.00,0.00,52793285,93483078,0,0
3017.31,571392.04,571392.04,148782.62,0.00,0.00,0.00,124.93,0.00,195720662.21,202661559.60,0.00,0.00,0.00,0.00,52793285,93483078,0,0
3019.31,571392.04,571392.04,148907.52,0.00,0.00,0.00,124.89,0.00,195720662.21,202661559.60,0.00,0.00,0.00,0.00,52793285,93483078,0,0
3021.31,571392.04,571392.04,149034.12,0.00,0.00,0.00,126.61,0.00,195720662.21,202661559.60,0.00,0.00,0.00,0.00,52793285,93483078,0,0
3023.31,571392.04,571392.04,149126.66,0.00,0.00,0.00,92.53,0.00,195720662.21,202661559.60,0.00,0.00,0.00,0.00,52793285,93483078,0,0
3025.32,571392.04,571392.04,149253.76,0.00,0.00,0.00,127.10,0.00,195720662.21,202661559.60,0.00,0.00,0.00,0.00,52793285,93483078,0,0
3027.32,571392.04,571392.04,149376.11,0.00,0.00,0.00,122.35,0.00,195720662.21,202661559.60,0.00,0.00,0.00,0.00,52793285,93483078,0,0
3029.32,571392.04,571392.04,149488.32,0.00,0.00,0.00,112.21,0.00,195720662.21,202661559.60,0.00,0.00,0.00,0.00,52793285,93483078,0,0
3031.32,571392.04,571392.04,149614.02,0.00,0.00,0.00,125.70,0.00,195720662.21,202661559.60,0.00,0.00,0.00,0.00,52793285,93483078,0,0
3033.32,571392.04,571392.04,149740.25,0.00,0.00,0.00,126.23,0.00,195720662.21,202661559.60,0.00,0.00,0.00,0.00,52793285,93483078,0,0
3035.32,571392.04,571392.04,149867.35,0.00,0.00,0.00,127.10,0.00,195720662.21,202661559.60,0.00,0.00,0.00,0.00,52793285,93483078,0,0
3037.32,571392.04,571392.04,149971.83,0.00,0.00,0.00,104.48,0.00,195720662.21,202661559.60,0.00,0.00,0.00,0.00,52793285,93483078,0,0
3039.32,571392.04,571392.04,150089.20,0.00,0.00,0.00,117.38,0.00,195720662.21,202661559.60,0.00,0.00,0.00,0.00,52793285,93483078,0,0
3041.33,571392.04,571392.04,150215.05,0.00,0.00,0.00,125.85,0.00,195720662.21,202661559.60,0.00,0.00,0.00,0.00,52793285,93483078,0,0
3043.34,571392.04,571392.04,150342.16,0.00,0.00,0.00,127.10,0.00,195720662.21,202661559.60,0.00,0.00,0.00,0.00,52793285,93483078,0,0
3045.35,571392.04,571392.04,150469.26,0.00,0.00,0.00,127.10,0.00,195720662.21,202661559.60,0.00,0.00,0.00,0.00,52793285,93483078,0,0
3047.35,571392.04,571392.04,150592.51,0.00,0.00,0.00,123.25,0.00,195720662.21,202661559.60,0.00,0.00,0.00,0.00,52793285,93483078,0,0
3049.35,571392.04,571392.04,150719.08,0.00,0.00,0.00,126.57,0.00,195720662.21,202661559.60,0.00,0.00,0.00,0.00,52793285,93483078,0,0
3051.35,571392.04,571392.04,150845.50,0.00,0.00,0.00,126.42,0.00,195720662.21,202661559.60,0.00,0.00,0.00,0.00,52793285,93483078,0,0
3053.35,571392.04,571392.04,150951.62,0.00,0.00,0.00,106.12,0.00,195720662.21,202661559.60,0.00,0.00,0.00,0.00,52793285,93483078,0,0
3055.35,571392.04,571392.04,151077.70,0.00,0.00,0.00,126.08,0.00,195720662.21,202661559.60,0.00,0.00,0.00,0.00,52793285,93483078,0,0
3057.36,571392.04,571392.04,151198.27,0.00,0.00,0.00,120.57,0.00,195720662.21,202661559.60,0.00,0.00,0.00,0.00,52793285,93483078,0,0
3059.36,571392.04,571392.04,151313.68,0.00,0.00,0.00,115.41,0.00,195720662.21,202661559.60,0.00,0.00,0.00,0.00,52793285,93483078,0,0
3061.37,571392.04,571392.04,151439.32,0.00,0.00,0.00,125.64,0.00,195720662.21,202661559.60,0.00,0.00,0.00,0.00,52793285,93483078,0,0
3063.37,571392.04,571392.04,151566.15,0.00,0.00,0.00,126.83,0.00,195720662.21,202661559.60,0.00,0.00,0.00,0.00,52793285,93483078,0,0
3065.37,571392.04,571392.04,151691.07,0.00,0.00,0.00,124.92,0.00,195720662.21,202661559.60,0.00,0.00,0.00,0.00,52793285,93483078,0,0
3067.37,571392.04,571392.04,151803.84,0.00,0.00,0.00,112.77,0.00,195720662.21,202661559.60,0.00,0.00,0.00,0.00,52793285,93483078,0,0
3069.38,571392.04,571392.04,151930.20,0.00,0.00,0.00,126.35,0.00,195720662.21,202661559.60,0.00,0.00,0.00,0.00,52793285,93483078,0,0
3071.38,571392.04,571392.04,152057.30,0.00,0.00,0.00,127.10,0.00,195720662.21,202661559.60,0.00,0.00,0.00,0.00,52793285,93483078,0,0
3073.38,571392.04,571392.04,152182.94,0.00,0.00,0.00,125.64,0.00,195720662.21,202661559.60,0.00,0.00,0.00,0.00,52793285,93483078,0,0
3075.38,571392.04,571392.04,152310.04,0.00,0.00,0.00,127.10,0.00,195720662.21,202661559.60,0.00,0.00,0.00,0.00,52793285,93483078,0,0
3077.39,571392.04,571392.04,152437.14,0.00,0.00,0.00,127.10,0.00,195720662.21,202661559.60,0.00,0.00,0.00,0.00,52793285,93483078,0,0
3079.39,571392.04,571392.04,152564.93,0.00,0.00,0.00,127.79,0.00,195720662.21,202661559.60,0.00,0.00,0.00,0.00,52793285,93483078,0,0
3081.40,571392.04,571392.04,152688.40,0.00,0.00,0.00,123.47,0.00,195720662.21,202661559.60,0.00,0.00,0.00,0.00,52793285,93483078,0,0
3083.40,571392.04,571392.04,152788.14,0.00,0.00,0.00,99.74,0.00,195720662.21,202661559.60,0.00,0.00,0.00,0.00,52793285,93483078,0,0
3085.40,571392.04,571392.04,152903.03,0.00,0.00,0.00,114.89,0.00,195720662.21,202661559.60,0.00,0.00,0.00,0.00,52793285,93483078,0,0
3087.40,571392.04,571392.04,153005.05,0.00,0.00,0.00,102.02,0.00,195720662.21,202661559.60,0.00,0.00,0.00,0.00,52793285,93483078,0,0
3089.40,571392.04,571392.04,153108.74,0.00,0.00,0.00,103.70,0.00,195720662.21,202661559.60,0.00,0.00,0.00,0.00,52793285,93483078,0,0
3091.40,571392.04,571392.04,153234.81,0.00,0.00,0.00,126.07,0.00,195720662.21,202661559.60,0.00,0.00,0.00,0.00,52793285,93483078,0,0
3093.41,571392.04,571392.04,153361.91,0.00,0.00,0.00,127.10,0.00,195720662.21,202661559.60,0.00,0.00,0.00,0.00,52793285,93483078,0,0
3095.42,571392.04,571392.04,153489.02,0.00,0.00,0.00,127.10,0.00,195720662.21,202661559.60,0.00,0.00,0.00,0.00,52793285,93483078,0,0
3097.43,571392.04,571392.04,153616.12,0.00,0.00,0.00,127.10,0.00,195720662.21,202661559.60,0.00,0.00,0.00,0.00,52793285,93483078,0,0
3099.43,571392.04,571392.04,153743.22,0.00,0.00,0.00,127.10,0.00,195720662.21,202661559.60,0.00,0.00,0.00,0.00,52793285,93483078,0,0
3101.44,571392.04,571392.04,153868.86,0.00,0.00,0.00,125.64,0.00,195720662.21,202661559.60,0.00,0.00,0.00,0.00,52793285,93483078,0,0
3103.44,571392.04,571392.04,153994.81,0.00,0.00,0.00,125.95,0.00,195720662.21,202661559.60,0.00,0.00,0.00,0.00,52793285,93483078,0,0
3105.44,571392.04,571392.04,154121.60,0.00,0.00,0.00,126.79,0.00,195720662.21,202661559.60,0.00,0.00,0.00,0.00,52793285,93483078,0,0
3107.44,571392.04,571392.04,154247.71,0.00,0.00,0.00,126.11,0.00,195720662.21,202661559.60,0.00,0.00,0.00,0.00,52793285,93483078,0,0
3109.44,571392.04,571392.04,154374.34,0.00,0.00,0.00,126.63,0.00,195720662.21,202661559.60,0.00,0.00,0.00,0.00,52793285,93483078,0,0
3111.44,571392.04,571392.04,154491.20,0.00,0.00,0.00,116.85,0.00,195720662.21,202661559.60,0.00,0.00,0.00,0.00,52793285,93483078,0,0
3113.44,571392.04,571392.04,154599.33,0.00,0.00,0.00,108.13,0.00,195720662.21,202661559.60,0.00,0.00,0.00,0.00,52793285,93483078,0,0
3115.44,571392.04,571392.04,154726.43,0.00,0.00,0.00,127.10,0.00,195720662.21,202661559.60,0.00,0.00,0.00,0.00,52793285,93483078,0,0
3117.45,571392.04,571392.04,154844.77,0.00,0.00,0.00,118.34,0.00,195720662.21,202661559.60,0.00,0.00,0.00,0.00,52793285,93483078,0,0
3119.45,571392.04,571392.04,154939.52,0.00,0.00,0.00,94.75,0.00,195720662.21,202661559.60,0.00,0.00,0.00,0.00,52793285,93483078,0,0
3121.45,571392.04,571392.04,155047.62,0.00,0.00,0.00,108.11,0.00,195720662.21,202661559.60,0.00,0.00,0.00,0.00,52793285,93483078,0,0
3123.45,571392.04,571392.04,155154.48,0.00,0.00,0.00,106.86,0.00,195720662.21,202661559.60,0.00,0.00,0.00,0.00,52793285,93483078,0,0
3125.45,571392.04,571392.04,155262.59,0.00,0.00,0.00,108.11,0.00,195720662.21,202661559.60,0.00,0.00,0.00,0.00,52793285,93483078,0,0
3127.46,571392.04,571392.04,155370.70,0.00,0.00,0.00,108.11,0.00,195720662.21,202661559.60,0.00,0.00,0.00,0.00,52793285,93483078,0,0
3129.46,571392.04,571392.04,155478.81,0.00,0.00,0.00,108.11,0.00,195720662.21,202661559.60,0.00,0.00,0.00,0.00,52793285,93483078,0,0
3131.46,571392.04,571392.04,155586.92,0.00,0.00,0.00,108.11,0.00,195720662.21,202661559.60,0.00,0.00,0.00,0.00,52793285,93483078,0,0
3133.47,571392.04,571392.04,155695.03,0.00,0.00,0.00,108.11,0.00,195720662.21,202661559.60,0.00,0.00,0.00,0.00,52793285,93483078,0,0
3135.47,571392.04,571392.04,155802.84,0.00,0.00,0.00,107.80,0.00,195720662.21,202661559.60,0.00,0.00,0.00,0.00,52793285,93483078,0,0
3137.47,571392.04,571392.04,155910.60,0.00,0.00,0.00,107.77,0.00,195720662.21,202661559.60,0.00,0.00,0.00,0.00,52793285,93483078,0,0
3139.47,571392.04,571392.04,156017.90,0.00,0.00,0.00,107.30,0.00,195720662.21,202661559.60,0.00,0.00,0.00,0.00,52793285,93483078,0,0
3141.47,571392.04,571392.04,156121.01,0.00,0.00,0.00,103.11,0.00,195720662.21,202661559.60,0.00,0.00,0.00,0.00,52793285,93483078,0,0
3143.47,571392.04,571392.04,156213.55,0.00,0.00,0.00,92.54,0.00,195720662.21,202661559.60,0.00,0.00,0.00,0.00,52793285,93483078,0,0
3145.48,571392.04,571392.04,156321.77,0.00,0.00,0.00,108.23,0.00,195720662.21,202661559.60,0.00,0.00,0.00,0.00,52793285,93483078,0,0
3147.48,571392.04,571392.04,156442.41,0.00,0.00,0.00,120.64,0.00,195720662.21,202661559.60,0.00,0.00,0.00,0.00,52793285,93483078,0,0
3149.48,571392.04,571392.04,156556.93,0.00,0.00,0.00,114.52,0.00,195720662.21,202661559.60,0.00,0.00,0.00,0.00,52793285,93483078,0,0
3151.48,571392.04,571392.04,156682.62,0.00,0.00,0.00,125.70,0.00,195720662.21,202661559.60,0.00,0.00,0.00,0.00,52793285,93483078,0,0
3153.48,571392.04,571392.04,156808.89,0.00,0.00,0.00,126.27,0.00,195720662.21,202661559.60,0.00,0.00,0.00,0.00,52793285,93483078,0,0
3155.49,571392.04,571392.04,156933.91,0.00,0.00,0.00,125.02,0.00,195720662.21,202661559.60,0.00,0.00,0.00,0.00,52793285,93483078,0,0
3157.49,571392.04,571392.04,157061.01,0.00,0.00,0.00,127.10,0.00,195720662.21,202661559.60,0.00,0.00,0.00,0.00,52793285,93483078,0,0
3159.49,571392.04,571392.04,157188.11,0.00,0.00,0.00,127.10,0.00,195720662.21,202661559.60,0.00,0.00,0.00,0.00,52793285,93483078,0,0
3161.49,571392.04,571392.04,157316.09,0.00,0.00,0.00,127.98,0.00,195720662.21,202661559.60,0.00,0.00,0.00,0.00,52793285,93483078,0,0
3163.49,571392.04,571392.04,157424.78,0.00,0.00,0.00,108.70,0.00,195720662.21,202661559.60,0.00,0.00,0.00,0.00,52793285,93483078,0,0
3165.49,571392.04,571392.04,157532.34,0.00,0.00,0.00,107.55,0.00,195720662.21,202661559.60,0.00,0.00,0.00,0.00,52793285,93483078,0,0
3167.49,571392.04,571392.04,157639.54,0.00,0.00,0.00,107.20,0.00,195720662.21,202661559.60,0.00,0.00,0.00,0.00,52793285,93483078,0,0
3169.50,571392.04,571392.04,157747.65,0.00,0.00,0.00,108.11,0.00,195720662.21,202661559.60,0.00,0.00,0.00,0.00,52793285,93483078,0,0
3171.51,571392.04,571392.04,157849.91,0.00,0.00,0.00,102.27,0.00,195720662.21,202661559.60,0.00,0.00,0.00,0.00,52793285,93483078,0,0
3173.52,571392.04,571392.04,157953.64,0.00,0.00,0.00,103.73,0.00,195720662.21,202661559.60,0.00,0.00,0.00,0.00,52793285,93483078,0,0
3175.52,571392.04,571392.04,158079.28,0.00,0.00,0.00,125.64,0.00,195720662.21,202661559.60,0.00,0.00,0.00,0.00,52793285,93483078,0,0
3177.52,571392.04,571392.04,158199.64,0.00,0.00,0.00,120.36,0.00,195720662.21,202661559.60,0.00,0.00,0.00,0.00,52793285,93483078,0,0
3179.52,571392.04,571392.04,158314.96,0.00,0.00,0.00,115.32,0.00,195720662.21,202661559.60,0.00,0.00,0.00,0.00,52793285,93483078,0,0
3181.53,571392.04,571392.04,158441.59,0.00,0.00,0.00,126.63,0.00,195720662.21,202661559.60,0.00,0.00,0.00,0.00,52793285,93483078,0,0
3183.54,571392.04,571392.04,158565.77,0.00,0.00,0.00,124.18,0.00,195720662.21,202661559.60,0.00,0.00,0.00,0.00,52793285,93483078,0,0
3185.54,571392.04,571392.04,158688.49,0.00,0.00,0.00,122.72,0.00,195720662.21,202661559.60,0.00,0.00,0.00,0.00,52793285,93483078,0,0
3187.55,571392.04,571392.04,158812.67,0.00,0.00,0.00,124.18,0.00,195720662.21,202661559.60,0.00,0.00,0.00,0.00,52793285,93483078,0,0
3189.55,571392.04,571392.04,158937.70,0.00,0.00,0.00,125.02,0.00,195720662.21,202661559.60,0.00,0.00,0.00,0.00,52793285,93483078,0,0
3191.55,571392.04,571392.04,159062.19,0.00,0.00,0.00,124.49,0.00,195720662.21,202661559.60,0.00,0.00,0.00,0.00,52793285,93483078,0,0
3193.55,571392.04,571392.04,159185.27,0.00,0.00,0.00,123.09,0.00,195720662.21,202661559.60,0.00,0.00,0.00,0.00,52793285,93483078,0,0
3195.55,571392.04,571392.04,159309.39,0.00,0.00,0.00,124.12,0.00,195720662.21,202661559.60,0.00,0.00,0.00,0.00,52793285,93483078,0,0
3197.55,571392.04,571392.04,159433.57,0.00,0.00,0.00,124.18,0.00,195720662.21,202661559.60,0.00,0.00,0.00,0.00,52793285,93483078,0,0
3199.55,571392.04,571392.04,159557.75,0.00,0.00,0.00,124.18,0.00,195720662.21,202661559.60,0.00,0.00,0.00,0.00,52793285,93483078,0,0
3201.55,571392.04,571392.04,159673.95,0.00,0.00,0.00,116.20,0.00,195720662.21,202661559.60,0.00,0.00,0.00,0.00,52793285,93483078,0,0
3203.55,571392.04,571392.04,159785.63,0.00,0.00,0.00,111.69,0.00,195720662.21,202661559.60,0.00,0.00,0.00,0.00,52793285,93483078,0,0
3205.55,571392.04,571392.04,159890.84,0.00,0.00,0.00,105.21,0.00,195720662.21,202661559.60,0.00,0.00,0.00,0.00,52793285,93483078,0,0
3207.55,571392.04,571392.04,159996.03,0.00,0.00,0.00,105.19,0.00,195720662.21,202661559.60,0.00,0.00,0.00,0.00,52793285,93483078,0,0
3209.56,571392.04,571392.04,160111.45,0.00,0.00,0.00,115.41,0.00,195720662.21,202661559.60,0.00,0.00,0.00,0.00,52793285,93483078,0,0
3211.56,571392.04,571392.04,160238.55,0.00,0.00,0.00,127.10,0.00,195720662.21,202661559.60,0.00,0.00,0.00,0.00,52793285,93483078,0,0
3213.56,571392.04,571392.04,160365.65,0.00,0.00,0.00,127.10,0.00,195720662.21,202661559.60,0.00,0.00,0.00,0.00,52793285,93483078,0,0
3215.56,571392.04,571392.04,160492.26,0.00,0.00,0.00,126.61,0.00,195720662.21,202661559.60,0.00,0.00,0.00,0.00,52793285,93483078,0,0
3217.57,571392.04,571392.04,160619.85,0.00,0.00,0.00,127.59,0.00,195720662.21,202661559.60,0.00,0.00,0.00,0.00,52793285,93483078,0,0
3219.57,571392.04,571392.04,160746.95,0.00,0.00,0.00,127.10,0.00,195720662.21,202661559.60,0.00,0.00,0.00,0.00,52793285,93483078,0,0
3221.57,571392.04,571392.04,160866.94,0.00,0.00,0.00,119.98,0.00,195720662.21,202661559.60,0.00,0.00,0.00,0.00,52793285,93483078,0,0
3223.58,571392.04,571392.04,160989.47,0.00,0.00,0.00,122.53,0.00,195720662.21,202661559.60,0.00,0.00,0.00,0.00,52793285,93483078,0,0
3225.58,571392.04,571392.04,161116.57,0.00,0.00,0.00,127.10,0.00,195720662.21,202661559.60,0.00,0.00,0.00,0.00,52793285,93483078,0,0
3227.58,571392.04,571392.04,161242.21,0.00,0.00,0.00,125.64,0.00,195720662.21,202661559.60,0.00,0.00,0.00,0.00,52793285,93483078,0,0
3229.58,571392.04,571392.04,161370.12,0.00,0.00,0.00,127.91,0.00,195720662.21,202661559.60,0.00,0.00,0.00,0.00,52793285,93483078,0,0
3231.59,571392.04,571392.04,161480.34,0.00,0.00,0.00,110.22,0.00,195720662.21,202661559.60,0.00,0.00,0.00,0.00,52793285,93483078,0,0
3233.60,571392.04,571392.04,161586.99,0.00,0.00,0.00,106.65,0.00,195720662.21,202661559.60,0.00,0.00,0.00,0.00,52793285,93483078,0,0
3235.60,571392.04,571392.04,161713.41,0.00,0.00,0.00,126.42,0.00,195720662.21,202661559.60,0.00,0.00,0.00,0.00,52793285,93483078,0,0
3237.60,571392.04,571392.04,161831.97,0.00,0.00,0.00,118.55,0.00,195720662.21,202661559.60,0.00,0.00,0.00,0.00,52793285,93483078,0,0
3239.60,571392.04,571392.04,161947.01,0.00,0.00,0.00,115.04,0.00,195720662.21,202661559.60,0.00,0.00,0.00,0.00,52793285,93483078,0,0
3241.61,571392.04,571392.04,162073.48,0.00,0.00,0.00,126.48,0.00,195720662.21,202661559.60,0.00,0.00,0.00,0.00,52793285,93483078,0,0
3243.61,571392.04,571392.04,162199.12,0.00,0.00,0.00,125.64,0.00,195720662.21,202661559.60,0.00,0.00,0.00,0.00,52793285,93483078,0,0
3245.62,571392.04,571392.04,162326.23,0.00,0.00,0.00,127.10,0.00,195720662.21,202661559.60,0.00,0.00,0.00,0.00,52793285,93483078,0,0
3247.62,571392.04,571392.04,162452.52,0.00,0.00,0.00,126.30,0.00,195720662.21,202661559.60,0.00,0.00,0.00,0.00,52793285,93483078,0,0
3249.62,571392.04,571392.04,162578.88,0.00,0.00,0.00,126.36,0.00,195720662.21,202661559.60,0.00,0.00,0.00,0.00,52793285,93483078,0,0
3251.62,571392.04,571392.04,162704.61,0.00,0.00,0.00,125.73,0.00,195720662.21,202661559.60,0.00,0.00,0.00,0.00,52793285,93483078,0,0
3253.62,571392.04,571392.04,162810.14,0.00,0.00,0.00,105.53,0.00,195720662.21,202661559.60,0.00,0.00,0.00,0.00,52793285,93483078,0,0
3255.62,571392.04,571392.04,162933.08,0.00,0.00,0.00,122.94,0.00,195720662.21,202661559.60,0.00,0.00,0.00,0.00,52793285,93483078,0,0
3257.62,571392.04,571392.04,163059.62,0.00,0.00,0.00,126.54,0.00,195720662.21,202661559.60,0.00,0.00,0.00,0.00,52793285,93483078,0,0
3259.63,571392.04,571392.04,163182.34,0.00,0.00,0.00,122.72,0.00,195720662.21,202661559.60,0.00,0.00,0.00,0.00,52793285,93483078,0,0
3261.63,571392.04,571392.04,163277.30,0.00,0.00,0.00,94.96,0.00,195720662.21,202661559.60,0.00,0.00,0.00,0.00,52793285,93483078,0,0
3263.64,571392.04,571392.04,163391.25,0.00,0.00,0.00,113.95,0.00,195720662.21,202661559.60,0.00,0.00,0.00,0.00,52793285,93483078,0,0
3265.64,571392.04,571392.04,163518.35,0.00,0.00,0.00,127.10,0.00,195720662.21,202661559.60,0.00,0.00,0.00,0.00,52793285,93483078,0,0
3267.65,571392.04,571392.04,163633.77,0.00,0.00,0.00,115.41,0.00,195720662.21,202661559.60,0.00,0.00,0.00,0.00,52793285,93483078,0,0
3269.65,571392.04,571392.04,163749.18,0.00,0.00,0.00,115.41,0.00,195720662.21,202661559.60,0.00,0.00,0.00,0.00,52793285,93483078,0,0
3271.66,571392.04,571392.04,163876.28,0.00,0.00,0.00,127.10,0.00,195720662.21,202661559.60,0.00,0.00,0.00,0.00,52793285,93483078,0,0
3273.66,571392.04,571392.04,164002.20,0.00,0.00,0.00,125.92,0.00,195720662.21,202661559.60,0.00,0.00,0.00,0.00,52793285,93483078,0,0
3275.66,571392.04,571392.04,164129.02,0.00,0.00,0.00,126.82,0.00,195720662.21,202661559.60,0.00,0.00,0.00,0.00,52793285,93483078,0,0
3277.66,571392.04,571392.04,164254.08,0.00,0.00,0.00,125.05,0.00,195720662.21,202661559.60,0.00,0.00,0.00,0.00,52793285,93483078,0,0
3279.67,571392.04,571392.04,164380.30,0.00,0.00,0.00,126.23,0.00,195720662.21,202661559.60,0.00,0.00,0.00,0.00,52793285,93483078,0,0
3281.67,571392.04,571392.04,164506.82,0.00,0.00,0.00,126.52,0.00,195720662.21,202661559.60,0.00,0.00,0.00,0.00,52793285,93483078,0,0
3283.68,571392.04,571392.04,164633.05,0.00,0.00,0.00,126.23,0.00,195720662.21,202661559.60,0.00,0.00,0.00,0.00,52793285,93483078,0,0
3285.68,571392.04,571392.04,164760.15,0.00,0.00,0.00,127.10,0.00,195720662.21,202661559.60,0.00,0.00,0.00,0.00,52793285,93483078,0,0
3287.68,571392.04,571392.04,164885.17,0.00,0.00,0.00,125.02,0.00,195720662.21,202661559.60,0.00,0.00,0.00,0.00,52793285,93483078,0,0
3289.68,571392.04,571392.04,165012.65,0.00,0.00,0.00,127.48,0.00,195720662.21,202661559.60,0.00,0.00,0.00,0.00,52793285,93483078,0,0
3291.68,571392.04,571392.04,165123.92,0.00,0.00,0.00,111.27,0.00,195720662.21,202661559.60,0.00,0.00,0.00,0.00,52793285,93483078,0,0
3293.68,571392.04,571392.04,165234.95,0.00,0.00,0.00,111.03,0.00,195720662.21,202661559.60,0.00,0.00,0.00,0.00,52793285,93483078,0,0
3295.68,571392.04,571392.04,165362.05,0.00,0.00,0.00,127.10,0.00,195720662.21,202661559.60,0.00,0.00,0.00,0.00,52793285,93483078,0,0
3297.68,571392.04,571392.04,165479.99,0.00,0.00,0.00,117.94,0.00,195720662.21,202661559.60,0.00,0.00,0.00,0.00,52793285,93483078,0,0
3299.69,571392.04,571392.04,165595.80,0.00,0.00,0.00,115.81,0.00,195720662.21,202661559.60,0.00,0.00,0.00,0.00,52793285,93483078,0,0
3301.69,571392.04,571392.04,165719.98,0.00,0.00,0.00,124.18,0.00,195720662.21,202661559.60,0.00,0.00,0.00,0.00,52793285,93483078,0,0
3303.69,571392.04,571392.04,165836.12,0.00,0.00,0.00,116.13,0.00,195720662.21,202661559.60,0.00,0.00,0.00,0.00,52793285,93483078,0,0
3305.70,571392.04,571392.04,165960.11,0.00,0.00,0.00,123.99,0.00,195720662.21,202661559.60,0.00,0.00,0.00,0.00,52793285,93483078,0,0
3307.70,571392.04,571392.04,166085.22,0.00,0.00,0.00,125.11,0.00,195720662.21,202661559.60,0.00,0.00,0.00,0.00,52793285,93483078,0,0
3309.70,571392.04,571392.04,166212.32,0.00,0.00,0.00,127.10,0.00,195720662.21,202661559.60,0.00,0.00,0.00,0.00,52793285,93483078,0,0
3311.70,571392.04,571392.04,166337.96,0.00,0.00,0.00,125.64,0.00,195720662.21,202661559.60,0.00,0.00,0.00,0.00,52793285,93483078,0,0
3313.70,571392.04,571392.04,166464.85,0.00,0.00,0.00,126.89,0.00,195720662.21,202661559.60,0.00,0.00,0.00,0.00,52793285,93483078,0,0
3315.70,571392.04,571392.04,166590.70,0.00,0.00,0.00,125.85,0.00,195720662.21,202661559.60,0.00,0.00,0.00,0.00,52793285,93483078,0,0
3317.70,571392.04,571392.04,166717.50,0.00,0.00,0.00,126.80,0.00,195720662.21,202661559.60,0.00,0.00,0.00,0.00,52793285,93483078,0,0
3319.70,571392.04,571392.04,166843.45,0.00,0.00,0.00,125.95,0.00,195720662.21,202661559.60,0.00,0.00,0.00,0.00,52793285,93483078,0,0
3321.71,571392.04,571392.04,166954.48,0.00,0.00,0.00,111.03,0.00,195720662.21,202661559.60,0.00,0.00,0.00,0.00,52793285,93483078,0,0
3323.71,571392.04,571392.04,167056.34,0.00,0.00,0.00,101.87,0.00,195720662.21,202661559.60,0.00,0.00,0.00,0.00,52793285,93483078,0,0
3325.72,571392.04,571392.04,167164.85,0.00,0.00,0.00,108.51,0.00,195720662.21,202661559.60,0.00,0.00,0.00,0.00,52793285,93483078,0,0
3327.72,571392.04,571392.04,167265.66,0.00,0.00,0.00,100.80,0.00,195720662.21,202661559.60,0.00,0.00,0.00,0.00,52793285,93483078,0,0
3329.72,571392.04,571392.04,167376.69,0.00,0.00,0.00,111.03,0.00,195720662.21,202661559.60,0.00,0.00,0.00,0.00,52793285,93483078,0,0
3331.72,571392.04,571392.04,167501.37,0.00,0.00,0.00,124.68,0.00,195720662.21,202661559.60,0.00,0.00,0.00,0.00,52793285,93483078,0,0
3333.72,571392.04,571392.04,167625.05,0.00,0.00,0.00,123.68,0.00,195720662.21,202661559.60,0.00,0.00,0.00,0.00,52793285,93483078,0,0
3335.72,571392.04,571392.04,167749.51,0.00,0.00,0.00,124.46,0.00,195720662.21,202661559.60,0.00,0.00,0.00,0.00,52793285,93483078,0,0
3337.72,571392.04,571392.04,167874.09,0.00,0.00,0.00,124.59,0.00,195720662.21,202661559.60,0.00,0.00,0.00,0.00,52793285,93483078,0,0
3339.73,571392.04,571392.04,167997.59,0.00,0.00,0.00,123.49,0.00,195720662.21,202661559.60,0.00,0.00,0.00,0.00,52793285,93483078,0,0
3341.73,571392.04,571392.04,168122.02,0.00,0.00,0.00,124.43,0.00,195720662.21,202661559.60,0.00,0.00,0.00,0.00,52793285,93483078,0,0
3343.73,571392.04,571392.04,168245.95,0.00,0.00,0.00,123.93,0.00,195720662.21,202661559.60,0.00,0.00,0.00,0.00,52793285,93483078,0,0
3345.74,571392.04,571392.04,168370.12,0.00,0.00,0.00,124.18,0.00,195720662.21,202661559.60,0.00,0.00,0.00,0.00,52793285,93483078,0,0
3347.74,571392.04,571392.04,168494.30,0.00,0.00,0.00,124.18,0.00,195720662.21,202661559.60,0.00,0.00,0.00,0.00,52793285,93483078,0,0
3349.75,571392.04,571392.04,168618.48,0.00,0.00,0.00,124.18,0.00,195720662.21,202661559.60,0.00,0.00,0.00,0.00,52793285,93483078,0,0
3351.75,571392.04,571392.04,168727.03,0.00,0.00,0.00,108.55,0.00,195720662.21,202661559.60,0.00,0.00,0.00,0.00,52793285,93483078,0,0
3353.75,571392.04,571392.04,168848.38,0.00,0.00,0.00,121.35,0.00,195720662.21,202661559.60,0.00,0.00,0.00,0.00,52793285,93483078,0,0
3355.75,571392.04,571392.04,168973.90,0.00,0.00,0.00,125.52,0.00,195720662.21,202661559.60,0.00,0.00,0.00,0.00,52793285,93483078,0,0
3357.75,571392.04,571392.04,169091.83,0.00,0.00,0.00,117.93,0.00,195720662.21,202661559.60,0.00,0.00,0.00,0.00,52793285,93483078,0,0
3359.75,571392.04,571392.04,169207.00,0.00,0.00,0.00,115.17,0.00,195720662.21,202661559.60,0.00,0.00,0.00,0.00,52793285,93483078,0,0
3361.75,571392.04,571392.04,169330.84,0.00,0.00,0.00,123.84,0.00,195720662.21,202661559.60,0.00,0.00,0.00,0.00,52793285,93483078,0,0
3363.75,571392.04,571392.04,169452.68,0.00,0.00,0.00,121.84,0.00,195720662.21,202661559.60,0.00,0.00,0.00,0.00,52793285,93483078,0,0
3365.76,571392.04,571392.04,169580.88,0.00,0.00,0.00,128.20,0.00,195720662.21,202661559.60,0.00,0.00,0.00,0.00,52793285,93483078,0,0
3367.76,571392.04,571392.04,169706.88,0.00,0.00,0.00,126.01,0.00,195720662.21,202661559.60,0.00,0.00,0.00,0.00,52793285,93483078,0,0
3369.77,571392.04,571392.04,169820.84,0.00,0.00,0.00,113.95,0.00,195720662.21,202661559.60,0.00,0.00,0.00,0.00,52793285,93483078,0,0
3371.78,571392.04,571392.04,169946.48,0.00,0.00,0.00,125.64,0.00,195720662.21,202661559.60,0.00,0.00,0.00,0.00,52793285,93483078,0,0
3373.78,571392.04,571392.04,170073.40,0.00,0.00,0.00,126.92,0.00,195720662.21,202661559.60,0.00,0.00,0.00,0.00,52793285,93483078,0,0
3375.78,571392.04,571392.04,170199.22,0.00,0.00,0.00,125.82,0.00,195720662.21,202661559.60,0.00,0.00,0.00,0.00,52793285,93483078,0,0
3377.79,571392.04,571392.04,170326.32,0.00,0.00,0.00,127.10,0.00,195720662.21,202661559.60,0.00,0.00,0.00,0.00,52793285,93483078,0,0
3379.79,571392.04,571392.04,170453.42,0.00,0.00,0.00,127.10,0.00,195720662.21,202661559.60,0.00,0.00,0.00,0.00,52793285,93483078,0,0
3381.80,571392.04,571392.04,170561.53,0.00,0.00,0.00,108.11,0.00,195720662.21,202661559.60,0.00,0.00,0.00,0.00,52793285,93483078,0,0
3383.80,571392.04,571392.04,170674.00,0.00,0.00,0.00,112.47,0.00,195720662.21,202661559.60,0.00,0.00,0.00,0.00,52793285,93483078,0,0
3385.80,571392.04,571392.04,170792.58,0.00,0.00,0.00,118.58,0.00,195720662.21,202661559.60,0.00,0.00,0.00,0.00,52793285,93483078,0,0
3387.80,571392.04,571392.04,170896.09,0.00,0.00,0.00,103.51,0.00,195720662.21,202661559.60,0.00,0.00,0.00,0.00,52793285,93483078,0,0
3389.80,571392.04,571392.04,171007.09,0.00,0.00,0.00,111.01,0.00,195720662.21,202661559.60,0.00,0.00,0.00,0.00,52793285,93483078,0,0
3391.80,571392.04,571392.04,171134.44,0.00,0.00,0.00,127.34,0.00,195720662.21,202661559.60,0.00,0.00,0.00,0.00,52793285,93483078,0,0
3393.81,571392.04,571392.04,171259.86,0.00,0.00,0.00,125.42,0.00,195720662.21,202661559.60,0.00,0.00,0.00,0.00,52793285,93483078,0,0
3395.81,571392.04,571392.04,171386.96,0.00,0.00,0.00,127.10,0.00,195720662.21,202661559.60,0.00,0.00,0.00,0.00,52793285,93483078,0,0
3397.81,571392.04,571392.04,171514.06,0.00,0.00,0.00,127.10,0.00,195720662.21,202661559.60,0.00,0.00,0.00,0.00,52793285,93483078,0,0
3399.81,571392.04,571392.04,171639.70,0.00,0.00,0.00,125.64,0.00,195720662.21,202661559.60,0.00,0.00,0.00,0.00,52793285,93483078,0,0
3401.82,571392.04,571392.04,171766.80,0.00,0.00,0.00,127.10,0.00,195720662.21,202661559.60,0.00,0.00,0.00,0.00,52793285,93483078,0,0
3403.82,571392.04,571392.04,171892.45,0.00,0.00,0.00,125.64,0.00,195720662.21,202661559.60,0.00,0.00,0.00,0.00,52793285,93483078,0,0
3405.82,571392.04,571392.04,172018.87,0.00,0.00,0.00,126.42,0.00,195720662.21,202661559.60,0.00,0.00,0.00,0.00,52793285,93483078,0,0
3407.83,571392.04,571392.04,172145.19,0.00,0.00,0.00,126.32,0.00,195720662.21,202661559.60,0.00,0.00,0.00,0.00,52793285,93483078,0,0
3409.83,571392.04,571392.04,172270.83,0.00,0.00,0.00,125.64,0.00,195720662.21,202661559.60,0.00,0.00,0.00,0.00,52793285,93483078,0,0
3411.83,571392.04,571392.04,172377.98,0.00,0.00,0.00,107.15,0.00,195720662.21,202661559.60,0.00,0.00,0.00,0.00,52793285,93483078,0,0
3413.83,571392.04,571392.04,172484.12,0.00,0.00,0.00,106.15,0.00,195720662.21,202661559.60,0.00,0.00,0.00,0.00,52793285,93483078,0,0
3415.83,571392.04,571392.04,172606.84,0.00,0.00,0.00,122.72,0.00,195720662.21,202661559.60,0.00,0.00,0.00,0.00,52793285,93483078,0,0
3417.83,571392.04,571392.04,172722.26,0.00,0.00,0.00,115.41,0.00,195720662.21,202661559.60,0.00,0.00,0.00,0.00,52793285,93483078,0,0
3419.83,571392.04,571392.04,172840.35,0.00,0.00,0.00,118.09,0.00,195720662.21,202661559.60,0.00,0.00,0.00,0.00,52793285,93483078,0,0
3421.84,571392.04,571392.04,172950.16,0.00,0.00,0.00,109.81,0.00,195720662.21,202661559.60,0.00,0.00,0.00,0.00,52793285,93483078,0,0
3423.84,571392.04,571392.04,173055.35,0.00,0.00,0.00,105.19,0.00,195720662.21,202661559.60,0.00,0.00,0.00,0.00,52793285,93483078,0,0
3425.84,571392.04,571392.04,173167.84,0.00,0.00,0.00,112.49,0.00,195720662.21,202661559.60,0.00,0.00,0.00,0.00,52793285,93483078,0,0
3427.84,571392.04,571392.04,173294.30,0.00,0.00,0.00,126.45,0.00,195720662.21,202661559.60,0.00,0.00,0.00,0.00,52793285,93483078,0,0
3429.85,571392.04,571392.04,173420.59,0.00,0.00,0.00,126.29,0.00,195720662.21,202661559.60,0.00,0.00,0.00,0.00,52793285,93483078,0,0
3431.85,571392.04,571392.04,173547.35,0.00,0.00,0.00,126.77,0.00,195720662.21,202661559.60,0.00,0.00,0.00,0.00,52793285,93483078,0,0
3433.85,571392.04,571392.04,173673.33,0.00,0.00,0.00,125.98,0.00,195720662.21,202661559.60,0.00,0.00,0.00,0.00,52793285,93483078,0,0
3435.85,571392.04,571392.04,173800.43,0.00,0.00,0.00,127.10,0.00,195720662.21,202661559.60,0.00,0.00,0.00,0.00,52793285,93483078,0,0
3437.86,571392.04,571392.04,173927.41,0.00,0.00,0.00,126.98,0.00,195720662.21,202661559.60,0.00,0.00,0.00,0.00,52793285,93483078,0,0
3439.86,571392.04,571392.04,174051.69,0.00,0.00,0.00,124.27,0.00,195720662.21,202661559.60,0.00,0.00,0.00,0.00,52793285,93483078,0,0
3441.86,571392.04,571392.04,174147.83,0.00,0.00,0.00,96.14,0.00,195720662.21,202661559.60,0.00,0.00,0.00,0.00,52793285,93483078,0,0
3443.86,571392.04,571392.04,174262.09,0.00,0.00,0.00,114.26,0.00,195720662.21,202661559.60,0.00,0.00,0.00,0.00,52793285,93483078,0,0
3445.87,571392.04,571392.04,174386.27,0.00,0.00,0.00,124.18,0.00,195720662.21,202661559.60,0.00,0.00,0.00,0.00,52793285,93483078,0,0
3447.87,571392.04,571392.04,174501.00,0.00,0.00,0.00,114.73,0.00,195720662.21,202661559.60,0.00,0.00,0.00,0.00,52793285,93483078,0,0
3449.87,571392.04,571392.04,174618.55,0.00,0.00,0.00,117.55,0.00,195720662.21,202661559.60,0.00,0.00,0.00,0.00,52793285,93483078,0,0
3451.88,571392.04,571392.04,174739.81,0.00,0.00,0.00,121.26,0.00,195720662.21,202661559.60,0.00,0.00,0.00,0.00,52793285,93483078,0,0
3453.88,571392.04,571392.04,174856.69,0.00,0.00,0.00,116.88,0.00,195720662.21,202661559.60,0.00,0.00,0.00,0.00,52793285,93483078,0,0
3455.88,571392.04,571392.04,174983.64,0.00,0.00,0.00,126.95,0.00,195720662.21,202661559.60,0.00,0.00,0.00,0.00,52793285,93483078,0,0
3457.88,571392.04,571392.04,175109.38,0.00,0.00,0.00,125.73,0.00,195720662.21,202661559.60,0.00,0.00,0.00,0.00,52793285,93483078,0,0
3459.88,571392.04,571392.04,175235.07,0.00,0.00,0.00,125.70,0.00,195720662.21,202661559.60,0.00,0.00,0.00,0.00,52793285,93483078,0,0
3461.88,571392.04,571392.04,175361.09,0.00,0.00,0.00,126.02,0.00,195720662.21,202661559.60,0.00,0.00,0.00,0.00,52793285,93483078,0,0
3463.88,571392.04,571392.04,175487.45,0.00,0.00,0.00,126.36,0.00,195720662.21,202661559.60,0.00,0.00,0.00,0.00,52793285,93483078,0,0
3465.88,571392.04,571392.04,175613.30,0.00,0.00,0.00,125.86,0.00,195720662.21,202661559.60,0.00,0.00,0.00,0.00,52793285,93483078,0,0
3467.88,571392.04,571392.04,175737.52,0.00,0.00,0.00,124.21,0.00,195720662.21,202661559.60,0.00,0.00,0.00,0.00,52793285,93483078,0,0
3469.88,571392.04,571392.04,175863.27,0.00,0.00,0.00,125.76,0.00,195720662.21,202661559.60,0.00,0.00,0.00,0.00,52793285,93483078,0,0
3471.89,571392.04,571392.04,175967.00,0.00,0.00,0.00,103.73,0.00,195720662.21,202661559.60,0.00,0.00,0.00,0.00,52793285,93483078,0,0
3473.89,571392.04,571392.04,176091.18,0.00,0.00,0.00,124.18,0.00,195720662.21,202661559.60,0.00,0.00,0.00,0.00,52793285,93483078,0,0
3475.89,571392.04,571392.04,176218.23,0.00,0.00,0.00,127.05,0.00,195720662.21,202661559.60,0.00,0.00,0.00,0.00,52793285,93483078,0,0
3477.89,571392.04,571392.04,176332.23,0.00,0.00,0.00,114.01,0.00,195720662.21,202661559.60,0.00,0.00,0.00,0.00,52793285,93483078,0,0
3479.90,571392.04,571392.04,176449.11,0.00,0.00,0.00,116.88,0.00,195720662.21,202661559.60,0.00,0.00,0.00,0.00,52793285,93483078,0,0
3481.91,571392.04,571392.04,176576.21,0.00,0.00,0.00,127.10,0.00,195720662.21,202661559.60,0.00,0.00,0.00,0.00,52793285,93483078,0,0
3483.91,571392.04,571392.04,176703.31,0.00,0.00,0.00,127.10,0.00,195720662.21,202661559.60,0.00,0.00,0.00,0.00,52793285,93483078,0,0
3485.91,571392.04,571392.04,176829.64,0.00,0.00,0.00,126.33,0.00,195720662.21,202661559.60,0.00,0.00,0.00,0.00,52793285,93483078,0,0
3487.91,571392.04,571392.04,176945.83,0.00,0.00,0.00,116.19,0.00,195720662.21,202661559.60,0.00,0.00,0.00,0.00,52793285,93483078,0,0
3489.92,571392.04,571392.04,177067.09,0.00,0.00,0.00,121.26,0.00,195720662.21,202661559.60,0.00,0.00,0.00,0.00,52793285,93483078,0,0
3491.92,571392.04,571392.04,177193.98,0.00,0.00,0.00,126.89,0.00,195720662.21,202661559.60,0.00,0.00,0.00,0.00,52793285,93483078,0,0
3493.92,571392.04,571392.04,177319.83,0.00,0.00,0.00,125.85,0.00,195720662.21,202661559.60,0.00,0.00,0.00,0.00,52793285,93483078,0,0
3495.92,571392.04,571392.04,177446.19,0.00,0.00,0.00,126.36,0.00,195720662.21,202661559.60,0.00,0.00,0.00,0.00,52793285,93483078,0,0
3497.92,571392.04,571392.04,177572.11,0.00,0.00,0.00,125.92,0.00,195720662.21,202661559.60,0.00,0.00,0.00,0.00,52793285,93483078,0,0
3499.93,571392.04,571392.04,177697.88,0.00,0.00,0.00,125.77,0.00,195720662.21,202661559.60,0.00,0.00,0.00,0.00,52793285,93483078,0,0
3501.93,571392.04,571392.04,177799.02,0.00,0.00,0.00,101.14,0.00,195720662.21,202661559.60,0.00,0.00,0.00,0.00,52793285,93483078,0,0
3503.93,571392.04,571392.04,177924.66,0.00,0.00,0.00,125.64,0.00,195720662.21,202661559.60,0.00,0.00,0.00,0.00,52793285,93483078,0,0
3505.93,571392.04,571392.04,178051.76,0.00,0.00,0.00,127.10,0.00,195720662.21,202661559.60,0.00,0.00,0.00,0.00,52793285,93483078,0,0
3507.93,571392.04,571392.04,178165.71,0.00,0.00,0.00,113.95,0.00,195720662.21,202661559.60,0.00,0.00,0.00,0.00,52793285,93483078,0,0
3509.93,571392.04,571392.04,178282.59,0.00,0.00,0.00,116.88,0.00,195720662.21,202661559.60,0.00,0.00,0.00,0.00,52793285,93483078,0,0
3511.93,571392.04,571392.04,178406.49,0.00,0.00,0.00,123.91,0.00,195720662.21,202661559.60,0.00,0.00,0.00,0.00,52793285,93483078,0,0
3513.93,571392.04,571392.04,178529.89,0.00,0.00,0.00,123.40,0.00,195720662.21,202661559.60,0.00,0.00,0.00,0.00,52793285,93483078,0,0
3515.93,571392.04,571392.04,178656.44,0.00,0.00,0.00,126.55,0.00,195720662.21,202661559.60,0.00,0.00,0.00,0.00,52793285,93483078,0,0
3517.93,571392.04,571392.04,178782.66,0.00,0.00,0.00,126.23,0.00,195720662.21,202661559.60,0.00,0.00,0.00,0.00,52793285,93483078,0,0
3519.94,571392.04,571392.04,178909.33,0.00,0.00,0.00,126.66,0.00,195720662.21,202661559.60,0.00,0.00,0.00,0.00,52793285,93483078,0,0
3521.95,571392.04,571392.04,179036.43,0.00,0.00,0.00,127.10,0.00,195720662.21,202661559.60,0.00,0.00,0.00,0.00,52793285,93483078,0,0
3523.95,571392.04,571392.04,179162.54,0.00,0.00,0.00,126.11,0.00,195720662.21,202661559.60,0.00,0.00,0.00,0.00,52793285,93483078,0,0
3525.95,571392.04,571392.04,179289.17,0.00,0.00,0.00,126.63,0.00,195720662.21,202661559.60,0.00,0.00,0.00,0.00,52793285,93483078,0,0
3527.96,571392.04,571392.04,179414.81,0.00,0.00,0.00,125.64,0.00,195720662.21,202661559.60,0.00,0.00,0.00,0.00,52793285,93483078,0,0
3529.96,571392.04,571392.04,179541.02,0.00,0.00,0.00,126.20,0.00,195720662.21,202661559.60,0.00,0.00,0.00,0.00,52793285,93483078,0,0
3531.96,571392.04,571392.04,179641.08,0.00,0.00,0.00,100.06,0.00,195720662.21,202661559.60,0.00,0.00,0.00,0.00,52793285,93483078,0,0
3533.96,571392.04,571392.04,179747.91,0.00,0.00,0.00,106.83,0.00,195720662.21,202661559.60,0.00,0.00,0.00,0.00,52793285,93483078,0,0
3535.96,571392.04,571392.04,179856.02,0.00,0.00,0.00,108.11,0.00,195720662.21,202661559.60,0.00,0.00,0.00,0.00,52793285,93483078,0,0
3537.96,571392.04,571392.04,179959.74,0.00,0.00,0.00,103.73,0.00,195720662.21,202661559.60,0.00,0.00,0.00,0.00,52793285,93483078,0,0
3539.97,571392.04,571392.04,180078.08,0.00,0.00,0.00,118.34,0.00,195720662.21,202661559.60,0.00,0.00,0.00,0.00,52793285,93483078,0,0
3541.97,571392.04,571392.04,180205.18,0.00,0.00,0.00,127.10,0.00,195720662.21,202661559.60,0.00,0.00,0.00,0.00,52793285,93483078,0,0
3543.98,571392.04,571392.04,180330.82,0.00,0.00,0.00,125.64,0.00,195720662.21,202661559.60,0.00,0.00,0.00,0.00,52793285,93483078,0,0
3545.99,571392.04,571392.04,180457.92,0.00,0.00,0.00,127.10,0.00,195720662.21,202661559.60,0.00,0.00,0.00,0.00,52793285,93483078,0,0
3548.00,571392.04,571392.04,180585.02,0.00,0.00,0.00,127.10,0.00,195720662.21,202661559.60,0.00,0.00,0.00,0.00,52793285,93483078,0,0
3550.00,571392.04,571392.04,180712.12,0.00,0.00,0.00,127.10,0.00,195720662.21,202661559.60,0.00,0.00,0.00,0.00,52793285,93483078,0,0
3552.00,571392.04,571392.04,180837.77,0.00,0.00,0.00,125.64,0.00,195720662.21,202661559.60,0.00,0.00,0.00,0.00,52793285,93483078,0,0
3554.01,571392.04,571392.04,180964.87,0.00,0.00,0.00,127.10,0.00,195720662.21,202661559.60,0.00,0.00,0.00,0.00,52793285,93483078,0,0
3556.01,571392.04,571392.04,181091.07,0.00,0.00,0.00,126.20,0.00,195720662.21,202661559.60,0.00,0.00,0.00,0.00,52793285,93483078,0,0
3558.02,571392.04,571392.04,181217.61,0.00,0.00,0.00,126.54,0.00,195720662.21,202661559.60,0.00,0.00,0.00,0.00,52793285,93483078,0,0
3560.03,571392.04,571392.04,181344.71,0.00,0.00,0.00,127.10,0.00,195720662.21,202661559.60,0.00,0.00,0.00,0.00,52793285,93483078,0,0
3562.03,571392.04,571392.04,181451.36,0.00,0.00,0.00,106.65,0.00,195720662.21,202661559.60,0.00,0.00,0.00,0.00,52793285,93483078,0,0
3564.04,571392.04,571392.04,181575.54,0.00,0.00,0.00,124.18,0.00,195720662.21,202661559.60,0.00,0.00,0.00,0.00,52793285,93483078,0,0
3566.05,571392.04,571392.04,181702.64,0.00,0.00,0.00,127.10,0.00,195720662.21,202661559.60,0.00,0.00,0.00,0.00,52793285,93483078,0,0
3568.05,571392.04,571392.04,181816.59,0.00,0.00,0.00,113.95,0.00,195720662.21,202661559.60,0.00,0.00,0.00,0.00,52793285,93483078,0,0
3570.05,571392.04,571392.04,181937.85,0.00,0.00,0.00,121.26,0.00,195720662.21,202661559.60,0.00,0.00,0.00,0.00,52793285,93483078,0,0
3572.05,571392.04,571392.04,182063.49,0.00,0.00,0.00,125.64,0.00,195720662.21,202661559.60,0.00,0.00,0.00,0.00,52793285,93483078,0,0
3574.05,571392.04,571392.04,182190.01,0.00,0.00,0.00,126.52,0.00,195720662.21,202661559.60,0.00,0.00,0.00,0.00,52793285,93483078,0,0
3576.05,571392.04,571392.04,182315.99,0.00,0.00,0.00,125.98,0.00,195720662.21,202661559.60,0.00,0.00,0.00,0.00,52793285,93483078,0,0
3578.05,571392.04,571392.04,182441.66,0.00,0.00,0.00,125.67,0.00,195720662.21,202661559.60,0.00,0.00,0.00,0.00,52793285,93483078,0,0
3580.06,571392.04,571392.04,182567.52,0.00,0.00,0.00,125.85,0.00,195720662.21,202661559.60,0.00,0.00,0.00,0.00,52793285,93483078,0,0
3582.06,571392.04,571392.04,182694.25,0.00,0.00,0.00,126.73,0.00,195720662.21,202661559.60,0.00,0.00,0.00,0.00,52793285,93483078,0,0
3584.06,571392.04,571392.04,182820.26,0.00,0.00,0.00,126.01,0.00,195720662.21,202661559.60,0.00,0.00,0.00,0.00,52793285,93483078,0,0
3586.07,571392.04,571392.04,182947.36,0.00,0.00,0.00,127.10,0.00,195720662.21,202661559.60,0.00,0.00,0.00,0.00,52793285,93483078,0,0
3588.07,571392.04,571392.04,183074.41,0.00,0.00,0.00,127.05,0.00,195720662.21,202661559.60,0.00,0.00,0.00,0.00,52793285,93483078,0,0
3590.07,571392.04,571392.04,183200.10,0.00,0.00,0.00,125.70,0.00,195720662.21,202661559.60,0.00,0.00,0.00,0.00,52793285,93483078,0,0
3592.07,571392.04,571392.04,183297.43,0.00,0.00,0.00,97.33,0.00,195720662.21,202661559.60,0.00,0.00,0.00,0.00,52793285,93483078,0,0
3594.07,571392.04,571392.04,183424.44,0.00,0.00,0.00,127.01,0.00,195720662.21,202661559.60,0.00,0.00,0.00,0.00,52793285,93483078,0,0
3596.07,571392.04,571392.04,183552.19,0.00,0.00,0.00,127.75,0.00,195720662.21,202661559.60,0.00,0.00,0.00,0.00,52793285,93483078,0,0
3598.07,571392.04,571392.04,183664.99,0.00,0.00,0.00,112.80,0.00,195720662.21,202661559.60,0.00,0.00,0.00,0.00,52793285,93483078,0,0
3600.07,571392.04,571392.04,183775.71,0.00,0.00,0.00,110.72,0.00,195720662.21,202661559.60,0.00,0.00,0.00,0.00,52793285,93483078,0,0
3602.08,571392.04,571392.04,183886.74,0.00,0.00,0.00,111.03,0.00,195720662.21,202661559.60,0.00,0.00,0.00,0.00,52793285,93483078,0,0
3604.08,571392.04,571392.04,184012.17,0.00,0.00,0.00,125.43,0.00,195720662.21,202661559.60,0.00,0.00,0.00,0.00,52793285,93483078,0,0
3606.08,571392.04,571392.04,184138.02,0.00,0.00,0.00,125.85,0.00,195720662.21,202661559.60,0.00,0.00,0.00,0.00,52793285,93483078,0,0
3608.08,571392.04,571392.04,184262.20,0.00,0.00,0.00,124.18,0.00,195720662.21,202661559.60,0.00,0.00,0.00,0.00,52793285,93483078,0,0
3610.08,571392.04,571392.04,184387.23,0.00,0.00,0.00,125.02,0.00,195720662.21,202661559.60,0.00,0.00,0.00,0.00,52793285,93483078,0,0
3612.08,571392.04,571392.04,184511.09,0.00,0.00,0.00,123.87,0.00,195720662.21,202661559.60,0.00,0.00,0.00,0.00,52793285,93483078,0,0
3614.08,571392.04,571392.04,184634.74,0.00,0.00,0.00,123.65,0.00,195720662.21,202661559.60,0.00,0.00,0.00,0.00,52793285,93483078,0,0
3616.09,571392.04,571392.04,184758.92,0.00,0.00,0.00,124.18,0.00,195720662.21,202661559.60,0.00,0.00,0.00,0.00,52793285,93483078,0,0
3618.09,571392.04,571392.04,184883.08,0.00,0.00,0.00,124.16,0.00,195720662.21,202661559.60,0.00,0.00,0.00,0.00,52793285,93483078,0,0
3620.10,571392.04,571392.04,185005.82,0.00,0.00,0.00,122.74,0.00,195720662.21,202661559.60,0.00,0.00,0.00,0.00,52793285,93483078,0,0
3622.10,571392.04,571392.04,185108.09,0.00,0.00,0.00,102.27,0.00,195720662.21,202661559.60,0.00,0.00,0.00,0.00,52793285,93483078,0,0
3624.10,571392.04,571392.04,185233.08,0.00,0.00,0.00,124.99,0.00,195720662.21,202661559.60,0.00,0.00,0.00,0.00,52793285,93483078,0,0
3626.10,571392.04,571392.04,185359.37,0.00,0.00,0.00,126.29,0.00,195720662.21,202661559.60,0.00,0.00,0.00,0.00,52793285,93483078,0,0
3628.10,571392.04,571392.04,185473.23,0.00,0.00,0.00,113.87,0.00,195720662.21,202661559.60,0.00,0.00,0.00,0.00,52793285,93483078,0,0
3630.10,571392.04,571392.04,185593.84,0.00,0.00,0.00,120.60,0.00,195720662.21,202661559.60,0.00,0.00,0.00,0.00,52793285,93483078,0,0
3632.10,571392.04,571392.04,185720.22,0.00,0.00,0.00,126.38,0.00,195720662.21,202661559.60,0.00,0.00,0.00,0.00,52793285,93483078,0,0
3634.11,571392.04,571392.04,185840.02,0.00,0.00,0.00,119.80,0.00,195720662.21,202661559.60,0.00,0.00,0.00,0.00,52793285,93483078,0,0
3636.11,571392.04,571392.04,185958.35,0.00,0.00,0.00,118.34,0.00,195720662.21,202661559.60,0.00,0.00,0.00,0.00,52793285,93483078,0,0
3638.11,571392.04,571392.04,186083.99,0.00,0.00,0.00,125.64,0.00,195720662.21,202661559.60,0.00,0.00,0.00,0.00,52793285,93483078,0,0
3640.11,571392.04,571392.04,186197.95,0.00,0.00,0.00,113.95,0.00,195720662.21,202661559.60,0.00,0.00,0.00,0.00,52793285,93483078,0,0
3642.11,571392.04,571392.04,186323.41,0.00,0.00,0.00,125.46,0.00,195720662.21,202661559.60,0.00,0.00,0.00,0.00,52793285,93483078,0,0
3644.11,571392.04,571392.04,186447.77,0.00,0.00,0.00,124.36,0.00,195720662.21,202661559.60,0.00,0.00,0.00,0.00,52793285,93483078,0,0
3646.11,571392.04,571392.04,186573.16,0.00,0.00,0.00,125.40,0.00,195720662.21,202661559.60,0.00,0.00,0.00,0.00,52793285,93483078,0,0
3648.11,571392.04,571392.04,186699.05,0.00,0.00,0.00,125.88,0.00,195720662.21,202661559.60,0.00,0.00,0.00,0.00,52793285,93483078,0,0
3650.12,571392.04,571392.04,186826.15,0.00,0.00,0.00,127.10,0.00,195720662.21,202661559.60,0.00,0.00,0.00,0.00,52793285,93483078,0,0
3652.12,571392.04,571392.04,186927.42,0.00,0.00,0.00,101.27,0.00,195720662.21,202661559.60,0.00,0.00,0.00,0.00,52793285,93483078,0,0
3654.12,571392.04,571392.04,187054.55,0.00,0.00,0.00,127.13,0.00,195720662.21,202661559.60,0.00,0.00,0.00,0.00,52793285,93483078,0,0
3656.12,571392.04,571392.04,187180.98,0.00,0.00,0.00,126.42,0.00,195720662.21,202661559.60,0.00,0.00,0.00,0.00,52793285,93483078,0,0
3658.12,571392.04,571392.04,187293.90,0.00,0.00,0.00,112.92,0.00,195720662.21,202661559.60,0.00,0.00,0.00,0.00,52793285,93483078,0,0
3660.13,571392.04,571392.04,187411.98,0.00,0.00,0.00,118.09,0.00,195720662.21,202661559.60,0.00,0.00,0.00,0.00,52793285,93483078,0,0
3662.13,571392.04,571392.04,187534.98,0.00,0.00,0.00,123.00,0.00,195720662.21,202661559.60,0.00,0.00,0.00,0.00,52793285,93483078,0,0
3664.13,571392.04,571392.04,187659.13,0.00,0.00,0.00,124.15,0.00,195720662.21,202661559.60,0.00,0.00,0.00,0.00,52793285,93483078,0,0
3666.13,571392.04,571392.04,187786.17,0.00,0.00,0.00,127.04,0.00,195720662.21,202661559.60,0.00,0.00,0.00,0.00,52793285,93483078,0,0
3668.13,571392.04,571392.04,187912.88,0.00,0.00,0.00,126.70,0.00,195720662.21,202661559.60,0.00,0.00,0.00,0.00,52793285,93483078,0,0
3670.13,571392.04,571392.04,188036.43,0.00,0.00,0.00,123.55,0.00,195720662.21,202661559.60,0.00,0.00,0.00,0.00,52793285,93483078,0,0
3672.13,571392.04,571392.04,188162.91,0.00,0.00,0.00,126.48,0.00,195720662.21,202661559.60,0.00,0.00,0.00,0.00,52793285,93483078,0,0
3674.13,571392.04,571392.04,188290.01,0.00,0.00,0.00,127.10,0.00,195720662.21,202661559.60,0.00,0.00,0.00,0.00,52793285,93483078,0,0
3676.14,571392.04,571392.04,188415.65,0.00,0.00,0.00,125.64,0.00,195720662.21,202661559.60,0.00,0.00,0.00,0.00,52793285,93483078,0,0
3678.14,571392.04,571392.04,188542.75,0.00,0.00,0.00,127.10,0.00,195720662.21,202661559.60,0.00,0.00,0.00,0.00,52793285,93483078,0,0
3680.15,571392.04,571392.04,188668.39,0.00,0.00,0.00,125.64,0.00,195720662.21,202661559.60,0.00,0.00,0.00,0.00,52793285,93483078,0,0
3682.15,571392.04,571392.04,188758.97,0.00,0.00,0.00,90.58,0.00,195720662.21,202661559.60,0.00,0.00,0.00,0.00,52793285,93483078,0,0
3684.15,571392.04,571392.04,188867.08,0.00,0.00,0.00,108.11,0.00,195720662.21,202661559.60,0.00,0.00,0.00,0.00,52793285,93483078,0,0
3686.15,571392.04,571392.04,188974.54,0.00,0.00,0.00,107.46,0.00,195720662.21,202661559.60,0.00,0.00,0.00,0.00,52793285,93483078,0,0
3688.15,571392.04,571392.04,189069.16,0.00,0.00,0.00,94.62,0.00,195720662.21,202661559.60,0.00,0.00,0.00,0.00,52793285,93483078,0,0
3690.15,571392.04,571392.04,189164.18,0.00,0.00,0.00,95.02,0.00,195720662.21,202661559.60,0.00,0.00,0.00,0.00,52793285,93483078,0,0
3692.16,571392.04,571392.04,189271.76,0.00,0.00,0.00,107.58,0.00,195720662.21,202661559.60,0.00,0.00,0.00,0.00,52793285,93483078,0,0
3694.16,571392.04,571392.04,189379.87,0.00,0.00,0.00,108.11,0.00,195720662.21,202661559.60,0.00,0.00,0.00,0.00,52793285,93483078,0,0
3696.17,571392.04,571392.04,189487.98,0.00,0.00,0.00,108.11,0.00,195720662.21,202661559.60,0.00,0.00,0.00,0.00,52793285,93483078,0,0
3698.18,571392.04,571392.04,189596.09,0.00,0.00,0.00,108.11,0.00,195720662.21,202661559.60,0.00,0.00,0.00,0.00,52793285,93483078,0,0
3700.18,571392.04,571392.04,189704.20,0.00,0.00,0.00,108.11,0.00,195720662.21,202661559.60,0.00,0.00,0.00,0.00,52793285,93483078,0,0
3702.18,571392.04,571392.04,189811.50,0.00,0.00,0.00,107.30,0.00,195720662.21,202661559.60,0.00,0.00,0.00,0.00,52793285,93483078,0,0
3704.19,571392.04,571392.04,189918.95,0.00,0.00,0.00,107.45,0.00,195720662.21,202661559.60,0.00,0.00,0.00,0.00,52793285,93483078,0,0
3706.19,571392.04,571392.04,190027.06,0.00,0.00,0.00,108.11,0.00,195720662.21,202661559.60,0.00,0.00,0.00,0.00,52793285,93483078,0,0
3708.19,571392.04,571392.04,190135.17,0.00,0.00,0.00,108.11,0.00,195720662.21,202661559.60,0.00,0.00,0.00,0.00,52793285,93483078,0,0
3710.19,571392.04,571392.04,190243.28,0.00,0.00,0.00,108.11,0.00,195720662.21,202661559.60,0.00,0.00,0.00,0.00,52793285,93483078,0,0
3712.19,571392.04,571392.04,190333.30,0.00,0.00,0.00,90.02,0.00,195720662.21,202661559.60,0.00,0.00,0.00,0.00,52793285,93483078,0,0
3714.19,571392.04,571392.04,190440.51,0.00,0.00,0.00,107.20,0.00,195720662.21,202661559.60,0.00,0.00,0.00,0.00,52793285,93483078,0,0
3716.19,571392.04,571392.04,190548.62,0.00,0.00,0.00,108.11,0.00,195720662.21,202661559.60,0.00,0.00,0.00,0.00,52793285,93483078,0,0
3718.19,571392.04,571392.04,190645.32,0.00,0.00,0.00,96.70,0.00,195720662.21,202661559.60,0.00,0.00,0.00,0.00,52793285,93483078,0,0
3720.19,571392.04,571392.04,190746.41,0.00,0.00,0.00,101.09,0.00,195720662.21,202661559.60,0.00,0.00,0.00,0.00,52793285,93483078,0,0
3722.19,571392.04,571392.04,190854.61,0.00,0.00,0.00,108.20,0.00,195720662.21,202661559.60,0.00,0.00,0.00,0.00,52793285,93483078,0,0
3724.19,571392.04,571392.04,190962.94,0.00,0.00,0.00,108.33,0.00,195720662.21,202661559.60,0.00,0.00,0.00,0.00,52793285,93483078,0,0
3726.19,571392.04,571392.04,191071.08,0.00,0.00,0.00,108.14,0.00,195720662.21,202661559.60,0.00,0.00,0.00,0.00,52793285,93483078,0,0
3728.20,571392.04,571392.04,191178.28,0.00,0.00,0.00,107.20,0.00,195720662.21,202661559.60,0.00,0.00,0.00,0.00,52793285,93483078,0,0
3730.20,571392.04,571392.04,191303.80,0.00,0.00,0.00,125.52,0.00,195720662.21,202661559.60,0.00,0.00,0.00,0.00,52793285,93483078,0,0
3732.20,571392.04,571392.04,191429.54,0.00,0.00,0.00,125.73,0.00,195720662.21,202661559.60,0.00,0.00,0.00,0.00,52793285,93483078,0,0
3734.20,571392.04,571392.04,191556.36,0.00,0.00,0.00,126.82,0.00,195720662.21,202661559.60,0.00,0.00,0.00,0.00,52793285,93483078,0,0
3736.20,571392.04,571392.04,191677.46,0.00,0.00,0.00,121.10,0.00,195720662.21,202661559.60,0.00,0.00,0.00,0.00,52793285,93483078,0,0
3738.20,571392.04,571392.04,191789.55,0.00,0.00,0.00,112.09,0.00,195720662.21,202661559.60,0.00,0.00,0.00,0.00,52793285,93483078,0,0
3740.20,571392.04,571392.04,191916.59,0.00,0.00,0.00,127.04,0.00,195720662.21,202661559.60,0.00,0.00,0.00,0.00,52793285,93483078,0,0
3742.20,571392.04,571392.04,192018.32,0.00,0.00,0.00,101.73,0.00,195720662.21,202661559.60,0.00,0.00,0.00,0.00,52793285,93483078,0,0
3744.20,571392.04,571392.04,192143.96,0.00,0.00,0.00,125.64,0.00,195720662.21,202661559.60,0.00,0.00,0.00,0.00,52793285,93483078,0,0
3746.20,571392.04,571392.04,192263.30,0.00,0.00,0.00,119.34,0.00,195720662.21,202661559.60,0.00,0.00,0.00,0.00,52793285,93483078,0,0
3748.21,571392.04,571392.04,192361.64,0.00,0.00,0.00,98.34,0.00,195720662.21,202661559.60,0.00,0.00,0.00,0.00,52793285,93483078,0,0
3750.21,571392.04,571392.04,192482.44,0.00,0.00,0.00,120.80,0.00,195720662.21,202661559.60,0.00,0.00,0.00,0.00,52793285,93483078,0,0
3752.21,571392.04,571392.04,192608.54,0.00,0.00,0.00,126.10,0.00,195720662.21,202661559.60,0.00,0.00,0.00,0.00,52793285,93483078,0,0
3754.21,571392.04,571392.04,192734.18,0.00,0.00,0.00,125.64,0.00,195720662.21,202661559.60,0.00,0.00,0.00,0.00,52793285,93483078,0,0
3756.21,571392.04,571392.04,192858.92,0.00,0.00,0.00,124.74,0.00,195720662.21,202661559.60,0.00,0.00,0.00,0.00,52793285,93483078,0,0
3758.21,571392.04,571392.04,192983.48,0.00,0.00,0.00,124.55,0.00,195720662.21,202661559.60,0.00,0.00,0.00,0.00,52793285,93483078,0,0
3760.21,571392.04,571392.04,193108.00,0.00,0.00,0.00,124.52,0.00,195720662.21,202661559.60,0.00,0.00,0.00,0.00,52793285,93483078,0,0
3762.22,571392.04,571392.04,193232.36,0.00,0.00,0.00,124.36,0.00,195720662.21,202661559.60,0.00,0.00,0.00,0.00,52793285,93483078,0,0
3764.22,571392.04,571392.04,193347.77,0.00,0.00,0.00,115.41,0.00,195720662.21,202661559.60,0.00,0.00,0.00,0.00,52793285,93483078,0,0
3766.22,571392.04,571392.04,193471.27,0.00,0.00,0.00,123.50,0.00,195720662.21,202661559.60,0.00,0.00,0.00,0.00,52793285,93483078,0,0
3768.22,571392.04,571392.04,193594.67,0.00,0.00,0.00,123.40,0.00,195720662.21,202661559.60,0.00,0.00,0.00,0.00,52793285,93483078,0,0
3770.23,571392.04,571392.04,193718.85,0.00,0.00,0.00,124.18,0.00,195720662.21,202661559.60,0.00,0.00,0.00,0.00,52793285,93483078,0,0
3772.23,571392.04,571392.04,193819.66,0.00,0.00,0.00,100.80,0.00,195720662.21,202661559.60,0.00,0.00,0.00,0.00,52793285,93483078,0,0
3774.24,571392.04,571392.04,193943.84,0.00,0.00,0.00,124.18,0.00,195720662.21,202661559.60,0.00,0.00,0.00,0.00,52793285,93483078,0,0
3776.24,571392.04,571392.04,194069.48,0.00,0.00,0.00,125.64,0.00,195720662.21,202661559.60,0.00,0.00,0.00,0.00,52793285,93483078,0,0
3778.25,571392.04,571392.04,194180.51,0.00,0.00,0.00,111.03,0.00,195720662.21,202661559.60,0.00,0.00,0.00,0.00,52793285,93483078,0,0
3780.26,571392.04,571392.04,194291.54,0.00,0.00,0.00,111.03,0.00,195720662.21,202661559.60,0.00,0.00,0.00,0.00,52793285,93483078,0,0
3782.27,571392.04,571392.04,194418.64,0.00,0.00,0.00,127.10,0.00,195720662.21,202661559.60,0.00,0.00,0.00,0.00,52793285,93483078,0,0
3784.27,571392.04,571392.04,194544.28,0.00,0.00,0.00,125.64,0.00,195720662.21,202661559.60,0.00,0.00,0.00,0.00,52793285,93483078,0,0
3786.27,571392.04,571392.04,194671.02,0.00,0.00,0.00,126.73,0.00,195720662.21,202661559.60,0.00,0.00,0.00,0.00,52793285,93483078,0,0
3788.28,571392.04,571392.04,194797.02,0.00,0.00,0.00,126.01,0.00,195720662.21,202661559.60,0.00,0.00,0.00,0.00,52793285,93483078,0,0
3790.28,571392.04,571392.04,194922.66,0.00,0.00,0.00,125.64,0.00,195720662.21,202661559.60,0.00,0.00,0.00,0.00,52793285,93483078,0,0
3792.28,571392.04,571392.04,195049.09,0.00,0.00,0.00,126.42,0.00,195720662.21,202661559.60,0.00,0.00,0.00,0.00,52793285,93483078,0,0
3794.28,571392.04,571392.04,195174.13,0.00,0.00,0.00,125.05,0.00,195720662.21,202661559.60,0.00,0.00,0.00,0.00,52793285,93483078,0,0
3796.28,571392.04,571392.04,195299.59,0.00,0.00,0.00,125.45,0.00,195720662.21,202661559.60,0.00,0.00,0.00,0.00,52793285,93483078,0,0
3798.28,571392.04,571392.04,195425.23,0.00,0.00,0.00,125.64,0.00,195720662.21,202661559.60,0.00,0.00,0.00,0.00,52793285,93483078,0,0
3800.28,571392.04,571392.04,195551.80,0.00,0.00,0.00,126.58,0.00,195720662.21,202661559.60,0.00,0.00,0.00,0.00,52793285,93483078,0,0
3802.29,571392.04,571392.04,195644.37,0.00,0.00,0.00,92.56,0.00,195720662.21,202661559.60,0.00,0.00,0.00,0.00,52793285,93483078,0,0
3804.29,571392.04,571392.04,195752.48,0.00,0.00,0.00,108.11,0.00,195720662.21,202661559.60,0.00,0.00,0.00,0.00,52793285,93483078,0,0
3806.29,571392.04,571392.04,195860.59,0.00,0.00,0.00,108.11,0.00,195720662.21,202661559.60,0.00,0.00,0.00,0.00,52793285,93483078,0,0
3808.29,571392.04,571392.04,195956.70,0.00,0.00,0.00,96.12,0.00,195720662.21,202661559.60,0.00,0.00,0.00,0.00,52793285,93483078,0,0
3810.29,571392.04,571392.04,196057.10,0.00,0.00,0.00,100.40,0.00,195720662.21,202661559.60,0.00,0.00,0.00,0.00,52793285,93483078,0,0
3812.29,571392.04,571392.04,196164.93,0.00,0.00,0.00,107.83,0.00,195720662.21,202661559.60,0.00,0.00,0.00,0.00,52793285,93483078,0,0
3814.29,571392.04,571392.04,196272.57,0.00,0.00,0.00,107.64,0.00,195720662.21,202661559.60,0.00,0.00,0.00,0.00,52793285,93483078,0,0
3816.29,571392.04,571392.04,196379.13,0.00,0.00,0.00,106.56,0.00,195720662.21,202661559.60,0.00,0.00,0.00,0.00,52793285,93483078,0,0
3818.29,571392.04,571392.04,196505.58,0.00,0.00,0.00,126.45,0.00,195720662.21,202661559.60,0.00,0.00,0.00,0.00,52793285,93483078,0,0
3820.30,571392.04,571392.04,196631.96,0.00,0.00,0.00,126.38,0.00,195720662.21,202661559.60,0.00,0.00,0.00,0.00,52793285,93483078,0,0
3822.31,571392.04,571392.04,196757.60,0.00,0.00,0.00,125.64,0.00,195720662.21,202661559.60,0.00,0.00,0.00,0.00,52793285,93483078,0,0
3824.31,571392.04,571392.04,196883.24,0.00,0.00,0.00,125.64,0.00,195720662.21,202661559.60,0.00,0.00,0.00,0.00,52793285,93483078,0,0
3826.32,571392.04,571392.04,197009.82,0.00,0.00,0.00,126.58,0.00,195720662.21,202661559.60,0.00,0.00,0.00,0.00,52793285,93483078,0,0
3828.32,571392.04,571392.04,197131.60,0.00,0.00,0.00,121.78,0.00,195720662.21,202661559.60,0.00,0.00,0.00,0.00,52793285,93483078,0,0
3830.32,571392.04,571392.04,197258.70,0.00,0.00,0.00,127.10,0.00,195720662.21,202661559.60,0.00,0.00,0.00,0.00,52793285,93483078,0,0
3832.32,571392.04,571392.04,197358.55,0.00,0.00,0.00,99.84,0.00,195720662.21,202661559.60,0.00,0.00,0.00,0.00,52793285,93483078,0,0
3834.33,571392.04,571392.04,197483.69,0.00,0.00,0.00,125.14,0.00,195720662.21,202661559.60,0.00,0.00,0.00,0.00,52793285,93483078,0,0
3836.34,571392.04,571392.04,197609.33,0.00,0.00,0.00,125.64,0.00,195720662.21,202661559.60,0.00,0.00,0.00,0.00,52793285,93483078,0,0
3838.35,571392.04,571392.04,197720.36,0.00,0.00,0.00,111.03,0.00,195720662.21,202661559.60,0.00,0.00,0.00,0.00,52793285,93483078,0,0
3840.35,571392.04,571392.04,197844.54,0.00,0.00,0.00,124.18,0.00,195720662.21,202661559.60,0.00,0.00,0.00,0.00,52793285,93483078,0,0
3842.35,571392.04,571392.04,197970.18,0.00,0.00,0.00,125.64,0.00,195720662.21,202661559.60,0.00,0.00,0.00,0.00,52793285,93483078,0,0
3844.36,571392.04,571392.04,198097.28,0.00,0.00,0.00,127.10,0.00,195720662.21,202661559.60,0.00,0.00,0.00,0.00,52793285,93483078,0,0
3846.36,571392.04,571392.04,198224.38,0.00,0.00,0.00,127.10,0.00,195720662.21,202661559.60,0.00,0.00,0.00,0.00,52793285,93483078,0,0
3848.36,571392.04,571392.04,198343.34,0.00,0.00,0.00,118.96,0.00,195720662.21,202661559.60,0.00,0.00,0.00,0.00,52793285,93483078,0,0
3850.36,571392.04,571392.04,198450.12,0.00,0.00,0.00,106.77,0.00,195720662.21,202661559.60,0.00,0.00,0.00,0.00,52793285,93483078,0,0
3852.36,571392.04,571392.04,198557.08,0.00,0.00,0.00,106.96,0.00,195720662.21,202661559.60,0.00,0.00,0.00,0.00,52793285,93483078,0,0
3854.36,571392.04,571392.04,198664.56,0.00,0.00,0.00,107.48,0.00,195720662.21,202661559.60,0.00,0.00,0.00,0.00,52793285,93483078,0,0
3856.37,571392.04,571392.04,198772.23,0.00,0.00,0.00,107.67,0.00,195720662.21,202661559.60,0.00,0.00,0.00,0.00,52793285,93483078,0,0
3858.37,571392.04,571392.04,198880.34,0.00,0.00,0.00,108.11,0.00,195720662.21,202661559.60,0.00,0.00,0.00,0.00,52793285,93483078,0,0
3860.38,571392.04,571392.04,198988.45,0.00,0.00,0.00,108.11,0.00,195720662.21,202661559.60,0.00,0.00,0.00,0.00,52793285,93483078,0,0
3862.38,571392.04,571392.04,199072.91,0.00,0.00,0.00,84.46,0.00,195720662.21,202661559.60,0.00,0.00,0.00,0.00,52793285,93483078,0,0
3864.38,571392.04,571392.04,199180.96,0.00,0.00,0.00,108.05,0.00,195720662.21,202661559.60,0.00,0.00,0.00,0.00,52793285,93483078,0,0
3866.39,571392.04,571392.04,199287.95,0.00,0.00,0.00,106.98,0.00,195720662.21,202661559.60,0.00,0.00,0.00,0.00,52793285,93483078,0,0
18446744068843.68,571392.04,571392.04,199384.37,0.00,0.00,0.00,96.42,0.00,195720662.21,202661559.60,0.00,0.00,0.00,0.00,52793285,93483078,0,0
18446744068845.68,571392.04,571392.04,199486.63,0.00,0.00,0.00,102.27,0.00,195720662.21,202661559.60,0.00,0.00,0.00,0.00,52793285,93483078,0,0
18446744068847.68,571392.04,571392.04,199594.22,0.00,0.00,0.00,107.59,0.00,195720662.21,202661559.60,0.00,0.00,0.00,0.00,52793285,93483078,0,0
18446744068849.68,571392.04,571392.04,199701.39,0.00,0.00,0.00,107.17,0.00,195720662.21,202661559.60,0.00,0.00,0.00,0.00,52793285,93483078,0,0
18446744068851.68,571392.04,571392.04,199808.98,0.00,0.00,0.00,107.59,0.00,195720662.21,202661559.60,0.00,0.00,0.00,0.00,52793285,93483078,0,0
18446744068853.69,571392.04,571392.04,199920.53,0.00,0.00,0.00,111.55,0.00,195720662.21,202661559.60,0.00,0.00,0.00,0.00,52793285,93483078,0,0
18446744068855.69,571392.04,571392.04,200048.54,0.00,0.00,0.00,128.01,0.00,195720662.21,202661559.60,0.00,0.00,0.00,0.00,52793285,93483078,0,0
18446744068857.70,571392.04,571392.04,200176.20,0.00,0.00,0.00,127.66,0.00,195720662.21,202661559.60,0.00,0.00,0.00,0.00,52793285,93483078,0,0
18446744068859.71,571392.04,571392.04,200303.30,0.00,0.00,0.00,127.10,0.00,195720662.21,202661559.60,0.00,0.00,0.00,0.00,52793285,93483078,0,0
18446744068861.71,571392.04,571392.04,200411.41,0.00,0.00,0.00,108.11,0.00,195720662.21,202661559.60,0.00,0.00,0.00,0.00,52793285,93483078,0,0
18446744068863.71,571392.04,571392.04,200526.11,0.00,0.00,0.00,114.70,0.00,195720662.21,202661559.60,0.00,0.00,0.00,0.00,52793285,93483078,0,0
18446744068865.71,571392.04,571392.04,200633.94,0.00,0.00,0.00,107.83,0.00,195720662.21,202661559.60,0.00,0.00,0.00,0.00,52793285,93483078,0,0
18446744068867.71,571392.04,571392.04,200725.51,0.00,0.00,0.00,91.57,0.00,195720662.21,202661559.60,0.00,0.00,0.00,0.00,52793285,93483078,0,0
18446744068869.71,571392.04,571392.04,200845.12,0.00,0.00,0.00,119.62,0.00,195720662.21,202661559.60,0.00,0.00,0.00,0.00,52793285,93483078,0,0
18446744068871.72,571392.04,571392.04,200970.95,0.00,0.00,0.00,125.82,0.00,195720662.21,202661559.60,0.00,0.00,0.00,0.00,52793285,93483078,0,0
18446744068873.72,571392.04,571392.04,201078.84,0.00,0.00,0.00,107.90,0.00,195720662.21,202661559.60,0.00,0.00,0.00,0.00,52793285,93483078,0,0
18446744068875.72,571392.04,571392.04,201177.81,0.00,0.00,0.00,98.97,0.00,195720662.21,202661559.60,0.00,0.00,0.00,0.00,52793285,93483078,0,0
18446744068877.72,571392.04,571392.04,201285.05,0.00,0.00,0.00,107.23,0.00,195720662.21,202661559.60,0.00,0.00,0.00,0.00,52793285,93483078,0,0
18446744068879.72,571392.04,571392.04,201411.72,0.00,0.00,0.00,126.67,0.00,195720662.21,202661559.60,0.00,0.00,0.00,0.00,52793285,93483078,0,0
18446744068881.72,571392.04,571392.04,201536.33,0.00,0.00,0.00,124.61,0.00,195720662.21,202661559.60,0.00,0.00,0.00,0.00,52793285,93483078,0,0
18446744068883.72,571392.04,571392.04,201663.25,0.00,0.00,0.00,126.92,0.00,195720662.21,202661559.60,0.00,0.00,0.00,0.00,52793285,93483078,0,0
18446744068885.73,571392.04,571392.04,201789.07,0.00,0.00,0.00,125.82,0.00,195720662.21,202661559.60,0.00,0.00,0.00,0.00,52793285,93483078,0,0
18446744068887.72,571392.04,571392.04,201913.25,0.00,0.00,0.00,124.18,0.00,195720662.21,202661559.60,0.00,0.00,0.00,0.00,52793285,93483078,0,0
18446744068889.73,571392.04,571392.04,202035.97,0.00,0.00,0.00,122.72,0.00,195720662.21,202661559.60,0.00,0.00,0.00,0.00,52793285,93483078,0,0
18446744068891.73,571392.04,571392.04,202160.15,0.00,0.00,0.00,124.18,0.00,195720662.21,202661559.60,0.00,0.00,0.00,0.00,52793285,93483078,0,0
18446744068893.73,571392.04,571392.04,202285.42,0.00,0.00,0.00,125.27,0.00,195720662.21,202661559.60,0.00,0.00,0.00,0.00,52793285,93483078,0,0
18446744068895.73,571392.04,571392.04,202411.43,0.00,0.00,0.00,126.01,0.00,195720662.21,202661559.60,0.00,0.00,0.00,0.00,52793285,93483078,0,0
18446744068897.73,571392.04,571392.04,202514.70,0.00,0.00,0.00,103.27,0.00,195720662.21,202661559.60,0.00,0.00,0.00,0.00,52793285,93483078,0,0
18446744068899.73,571392.04,571392.04,202642.26,0.00,0.00,0.00,127.56,0.00,195720662.21,202661559.60,0.00,0.00,0.00,0.00,52793285,93483078,0,0
18446744068901.73,571392.04,571392.04,202766.88,0.00,0.00,0.00,124.62,0.00,195720662.21,202661559.60,0.00,0.00,0.00,0.00,52793285,93483078,0,0
18446744068903.73,571392.04,571392.04,202877.47,0.00,0.00,0.00,110.59,0.00,195720662.21,202661559.60,0.00,0.00,0.00,0.00,52793285,93483078,0,0
18446744068905.74,571392.04,571392.04,203001.65,0.00,0.00,0.00,124.18,0.00,195720662.21,202661559.60,0.00,0.00,0.00,0.00,52793285,93483078,0,0
18446744068907.74,571392.04,571392.04,203128.23,0.00,0.00,0.00,126.58,0.00,195720662.21,202661559.60,0.00,0.00,0.00,0.00,52793285,93483078,0,0
18446744068909.74,571392.04,571392.04,203253.27,0.00,0.00,0.00,125.05,0.00,195720662.21,202661559.60,0.00,0.00,0.00,0.00,52793285,93483078,0,0
18446744068911.75,571392.04,571392.04,203380.03,0.00,0.00,0.00,126.76,0.00,195720662.21,202661559.60,0.00,0.00,0.00,0.00,52793285,93483078,0,0
18446744068913.75,571392.04,571392.04,203506.98,0.00,0.00,0.00,126.95,0.00,195720662.21,202661559.60,0.00,0.00,0.00,0.00,52793285,93483078,0,0
18446744068915.76,571392.04,571392.04,203632.77,0.00,0.00,0.00,125.79,0.00,195720662.21,202661559.60,0.00,0.00,0.00,0.00,52793285,93483078,0,0
18446744068917.76,571392.04,571392.04,203759.88,0.00,0.00,0.00,127.10,0.00,195720662.21,202661559.60,0.00,0.00,0.00,0.00,52793285,93483078,0,0
18446744068919.76,571392.04,571392.04,203886.55,0.00,0.00,0.00,126.67,0.00,195720662.21,202661559.60,0.00,0.00,0.00,0.00,52793285,93483078,0,0
18446744068921.76,571392.04,571392.04,204011.69,0.00,0.00,0.00,125.14,0.00,195720662.21,202661559.60,0.00,0.00,0.00,0.00,52793285,93483078,0,0
18446744068923.77,571392.04,571392.04,204126.57,0.00,0.00,0.00,114.88,0.00,195720662.21,202661559.60,0.00,0.00,0.00,0.00,52793285,93483078,0,0
18446744068925.77,571392.04,571392.04,204253.62,0.00,0.00,0.00,127.05,0.00,195720662.21,202661559.60,0.00,0.00,0.00,0.00,52793285,93483078,0,0
18446744068927.77,571392.04,571392.04,204357.34,0.00,0.00,0.00,103.73,0.00,195720662.21,202661559.60,0.00,0.00,0.00,0.00,52793285,93483078,0,0
18446744068929.77,571392.04,571392.04,204483.38,0.00,0.00,0.00,126.04,0.00,195720662.21,202661559.60,0.00,0.00,0.00,0.00,52793285,93483078,0,0
18446744068931.78,571392.04,571392.04,204610.14,0.00,0.00,0.00,126.76,0.00,195720662.21,202661559.60,0.00,0.00,0.00,0.00,52793285,93483078,0,0
18446744068933.78,571392.04,571392.04,204712.10,0.00,0.00,0.00,101.96,0.00,195720662.21,202661559.60,0.00,0.00,0.00,0.00,52793285,93483078,0,0
18446744068935.78,571392.04,571392.04,204814.67,0.00,0.00,0.00,102.57,0.00,195720662.21,202661559.60,0.00,0.00,0.00,0.00,52793285,93483078,0,0
18446744068937.78,571392.04,571392.04,204922.78,0.00,0.00,0.00,108.11,0.00,195720662.21,202661559.60,0.00,0.00,0.00,0.00,52793285,93483078,0,0
18446744068939.78,571392.04,571392.04,205030.24,0.00,0.00,0.00,107.46,0.00,195720662.21,202661559.60,0.00,0.00,0.00,0.00,52793285,93483078,0,0
18446744068941.78,571392.04,571392.04,205137.60,0.00,0.00,0.00,107.36,0.00,195720662.21,202661559.60,0.00,0.00,0.00,0.00,52793285,93483078,0,0
18446744068943.78,571392.04,571392.04,205245.00,0.00,0.00,0.00,107.40,0.00,195720662.21,202661559.60,0.00,0.00,0.00,0.00,52793285,93483078,0,0
18446744068945.78,571392.04,571392.04,205352.86,0.00,0.00,0.00,107.86,0.00,195720662.21,202661559.60,0.00,0.00,0.00,0.00,52793285,93483078,0,0
18446744068947.78,571392.04,571392.04,205460.62,0.00,0.00,0.00,107.77,0.00,195720662.21,202661559.60,0.00,0.00,0.00,0.00,52793285,93483078,0,0
18446744068949.79,571392.04,571392.04,205568.52,0.00,0.00,0.00,107.89,0.00,195720662.21,202661559.60,0.00,0.00,0.00,0.00,52793285,93483078,0,0
18446744068951.79,571392.04,571392.04,205676.62,0.00,0.00,0.00,108.11,0.00,195720662.21,202661559.60,0.00,0.00,0.00,0.00,52793285,93483078,0,0
18446744068953.79,571392.04,571392.04,205784.73,0.00,0.00,0.00,108.11,0.00,195720662.21,202661559.60,0.00,0.00,0.00,0.00,52793285,93483078,0,0
18446744068955.80,571392.04,571392.04,205892.70,0.00,0.00,0.00,107.96,0.00,195720662.21,202661559.60,0.00,0.00,0.00,0.00,52793285,93483078,0,0
18446744068957.79,571392.04,571392.04,205980.50,0.00,0.00,0.00,87.80,0.00,195720662.21,202661559.60,0.00,0.00,0.00,0.00,52793285,93483078,0,0
18446744068959.80,571392.04,571392.04,206086.03,0.00,0.00,0.00,105.53,0.00,195720662.21,202661559.60,0.00,0.00,0.00,0.00,52793285,93483078,0,0
18446744068961.80,571392.04,571392.04,206193.80,0.00,0.00,0.00,107.77,0.00,195720662.21,202661559.60,0.00,0.00,0.00,0.00,52793285,93483078,0,0
18446744068963.80,571392.04,571392.04,206285.84,0.00,0.00,0.00,92.04,0.00,195720662.21,202661559.60,0.00,0.00,0.00,0.00,52793285,93483078,0,0
18446744068965.80,571392.04,571392.04,206399.79,0.00,0.00,0.00,113.95,0.00,195720662.21,202661559.60,0.00,0.00,0.00,0.00,52793285,93483078,0,0
18446744068967.81,571392.04,571392.04,206526.89,0.00,0.00,0.00,127.10,0.00,195720662.21,202661559.60,0.00,0.00,0.00,0.00,52793285,93483078,0,0
18446744068969.81,571392.04,571392.04,206653.99,0.00,0.00,0.00,127.10,0.00,195720662.21,202661559.60,0.00,0.00,0.00,0.00,52793285,93483078,0,0
18446744068971.82,571392.04,571392.04,206781.09,0.00,0.00,0.00,127.10,0.00,195720662.21,202661559.60,0.00,0.00,0.00,0.00,52793285,93483078,0,0
18446744068973.82,571392.04,571392.04,206907.39,0.00,0.00,0.00,126.30,0.00,195720662.21,202661559.60,0.00,0.00,0.00,0.00,52793285,93483078,0,0
18446744068975.82,571392.04,571392.04,207026.53,0.00,0.00,0.00,119.14,0.00,195720662.21,202661559.60,0.00,0.00,0.00,0.00,52793285,93483078,0,0
18446744068977.82,571392.04,571392.04,207153.33,0.00,0.00,0.00,126.80,0.00,195720662.21,202661559.60,0.00,0.00,0.00,0.00,52793285,93483078,0,0
18446744068979.82,571392.04,571392.04,207278.38,0.00,0.00,0.00,125.05,0.00,195720662.21,202661559.60,0.00,0.00,0.00,0.00,52793285,93483078,0,0
18446744068981.82,571392.04,571392.04,207403.24,0.00,0.00,0.00,124.87,0.00,195720662.21,202661559.60,0.00,0.00,0.00,0.00,52793285,93483078,0,0
18446744068983.82,571392.04,571392.04,207527.91,0.00,0.00,0.00,124.67,0.00,195720662.21,202661559.60,0.00,0.00,0.00,0.00,52793285,93483078,0,0
18446744068985.82,571392.04,571392.04,207653.27,0.00,0.00,0.00,125.36,0.00,195720662.21,202661559.60,0.00,0.00,0.00,0.00,52793285,93483078,0,0
18446744068987.83,571392.04,571392.04,207748.23,0.00,0.00,0.00,94.96,0.00,195720662.21,202661559.60,0.00,0.00,0.00,0.00,52793285,93483078,0,0
18446744068989.83,571392.04,571392.04,207874.72,0.00,0.00,0.00,126.48,0.00,195720662.21,202661559.60,0.00,0.00,0.00,0.00,52793285,93483078,0,0
18446744068991.84,571392.04,571392.04,208000.98,0.00,0.00,0.00,126.26,0.00,195720662.21,202661559.60,0.00,0.00,0.00,0.00,52793285,93483078,0,0
18446744068993.84,571392.04,571392.04,208112.01,0.00,0.00,0.00,111.03,0.00,195720662.21,202661559.60,0.00,0.00,0.00,0.00,52793285,93483078,0,0
18446744068995.85,571392.04,571392.04,208234.73,0.00,0.00,0.00,122.72,0.00,195720662.21,202661559.60,0.00,0.00,0.00,0.00,52793285,93483078,0,0
18446744068997.85,571392.04,571392.04,208358.91,0.00,0.00,0.00,124.18,0.00,195720662.21,202661559.60,0.00,0.00,0.00,0.00,52793285,93483078,0,0
18446744068999.86,571392.04,571392.04,208483.09,0.00,0.00,0.00,124.18,0.00,195720662.21,202661559.60,0.00,0.00,0.00,0.00,52793285,93483078,0,0
18446744069001.86,571392.04,571392.04,208605.80,0.00,0.00,0.00,122.72,0.00,195720662.21,202661559.60,0.00,0.00,0.00,0.00,52793285,93483078,0,0
18446744069003.86,571392.04,571392.04,208729.98,0.00,0.00,0.00,124.18,0.00,195720662.21,202661559.60,0.00,0.00,0.00,0.00,52793285,93483078,0,0
18446744069005.86,571392.04,571392.04,208855.07,0.00,0.00,0.00,125.09,0.00,195720662.21,202661559.60,0.00,0.00,0.00,0.00,52793285,93483078,0,0
18446744069007.86,571392.04,571392.04,208978.78,0.00,0.00,0.00,123.71,0.00,195720662.21,202661559.60,0.00,0.00,0.00,0.00,52793285,93483078,0,0
18446744069009.86,571392.04,571392.04,209103.68,0.00,0.00,0.00,124.90,0.00,195720662.21,202661559.60,0.00,0.00,0.00,0.00,52793285,93483078,0,0
18446744069011.87,571392.04,571392.04,209229.62,0.00,0.00,0.00,125.95,0.00,195720662.21,202661559.60,0.00,0.00,0.00,0.00,52793285,93483078,0,0
18446744069013.87,571392.04,571392.04,209356.73,0.00,0.00,0.00,127.10,0.00,195720662.21,202661559.60,0.00,0.00,0.00,0.00,52793285,93483078,0,0
18446744069015.88,571392.04,571392.04,209483.83,0.00,0.00,0.00,127.10,0.00,195720662.21,202661559.60,0.00,0.00,0.00,0.00,52793285,93483078,0,0
18446744069017.89,571392.04,571392.04,209584.63,0.00,0.00,0.00,100.80,0.00,195720662.21,202661559.60,0.00,0.00,0.00,0.00,52793285,93483078,0,0
18446744069019.89,571392.04,571392.04,209711.73,0.00,0.00,0.00,127.10,0.00,195720662.21,202661559.60,0.00,0.00,0.00,0.00,52793285,93483078,0,0
18446744069021.89,571392.04,571392.04,209838.84,0.00,0.00,0.00,127.10,0.00,195720662.21,202661559.60,0.00,0.00,0.00,0.00,52793285,93483078,0,0
18446744069023.89,571392.04,571392.04,209946.05,0.00,0.00,0.00,107.21,0.00,195720662.21,202661559.60,0.00,0.00,0.00,0.00,52793285,93483078,0,0
18446744069025.89,571392.04,571392.04,210071.12,0.00,0.00,0.00,125.08,0.00,195720662.21,202661559.60,0.00,0.00,0.00,0.00,52793285,93483078,0,0
18446744069027.90,571392.04,571392.04,210197.67,0.00,0.00,0.00,126.55,0.00,195720662.21,202661559.60,0.00,0.00,0.00,0.00,52793285,93483078,0,0
18446744069029.90,571392.04,571392.04,210323.47,0.00,0.00,0.00,125.80,0.00,195720662.21,202661559.60,0.00,0.00,0.00,0.00,52793285,93483078,0,0
18446744069031.90,571392.04,571392.04,210445.12,0.00,0.00,0.00,121.66,0.00,195720662.21,202661559.60,0.00,0.00,0.00,0.00,52793285,93483078,0,0
18446744069033.90,571392.04,571392.04,210572.11,0.00,0.00,0.00,126.98,0.00,195720662.21,202661559.60,0.00,0.00,0.00,0.00,52793285,93483078,0,0
18446744069035.91,571392.04,571392.04,210697.87,0.00,0.00,0.00,125.76,0.00,195720662.21,202661559.60,0.00,0.00,0.00,0.00,52793285,93483078,0,0
18446744069037.91,571392.04,571392.04,210824.54,0.00,0.00,0.00,126.67,0.00,195720662.21,202661559.60,0.00,0.00,0.00,0.00,52793285,93483078,0,0
18446744069039.91,571392.04,571392.04,210950.61,0.00,0.00,0.00,126.07,0.00,195720662.21,202661559.60,0.00,0.00,0.00,0.00,52793285,93483078,0,0
18446744069041.91,571392.04,571392.04,211075.66,0.00,0.00,0.00,125.05,0.00,195720662.21,202661559.60,0.00,0.00,0.00,0.00,52793285,93483078,0,0
18446744069043.92,571392.04,571392.04,211200.96,0.00,0.00,0.00,125.30,0.00,195720662.21,202661559.60,0.00,0.00,0.00,0.00,52793285,93483078,0,0
18446744069045.91,571392.04,571392.04,211327.20,0.00,0.00,0.00,126.23,0.00,195720662.21,202661559.60,0.00,0.00,0.00,0.00,52793285,93483078,0,0
18446744069047.92,571392.04,571392.04,211426.54,0.00,0.00,0.00,99.34,0.00,195720662.21,202661559.60,0.00,0.00,0.00,0.00,52793285,93483078,0,0
18446744069049.92,571392.04,571392.04,211552.52,0.00,0.00,0.00,125.98,0.00,195720662.21,202661559.60,0.00,0.00,0.00,0.00,52793285,93483078,0,0
18446744069051.93,571392.04,571392.04,211679.62,0.00,0.00,0.00,127.10,0.00,195720662.21,202661559.60,0.00,0.00,0.00,0.00,52793285,93483078,0,0
18446744069053.93,571392.04,571392.04,211788.51,0.00,0.00,0.00,108.89,0.00,195720662.21,202661559.60,0.00,0.00,0.00,0.00,52793285,93483078,0,0
18446744069055.93,571392.04,571392.04,211910.45,0.00,0.00,0.00,121.94,0.00,195720662.21,202661559.60,0.00,0.00,0.00,0.00,52793285,93483078,0,0
18446744069057.94,571392.04,571392.04,212034.62,0.00,0.00,0.00,124.18,0.00,195720662.21,202661559.60,0.00,0.00,0.00,0.00,52793285,93483078,0,0
18446744069059.94,571392.04,571392.04,212156.54,0.00,0.00,0.00,121.91,0.00,195720662.21,202661559.60,0.00,0.00,0.00,0.00,52793285,93483078,0,0
18446744069061.94,571392.04,571392.04,212258.15,0.00,0.00,0.00,101.61,0.00,195720662.21,202661559.60,0.00,0.00,0.00,0.00,52793285,93483078,0,0
18446744069063.94,571392.04,571392.04,212380.87,0.00,0.00,0.00,122.72,0.00,195720662.21,202661559.60,0.00,0.00,0.00,0.00,52793285,93483078,0,0
18446744069065.95,571392.04,571392.04,212506.51,0.00,0.00,0.00,125.64,0.00,195720662.21,202661559.60,0.00,0.00,0.00,0.00,52793285,93483078,0,0
18446744069067.95,571392.04,571392.04,212632.80,0.00,0.00,0.00,126.30,0.00,195720662.21,202661559.60,0.00,0.00,0.00,0.00,52793285,93483078,0,0
18446744069069.95,571392.04,571392.04,212759.01,0.00,0.00,0.00,126.20,0.00,195720662.21,202661559.60,0.00,0.00,0.00,0.00,52793285,93483078,0,0
18446744069071.96,571392.04,571392.04,212884.89,0.00,0.00,0.00,125.88,0.00,195720662.21,202661559.60,0.00,0.00,0.00,0.00,52793285,93483078,0,0
18446744069073.96,571392.04,571392.04,213011.78,0.00,0.00,0.00,126.89,0.00,195720662.21,202661559.60,0.00,0.00,0.00,0.00,52793285,93483078,0,0
18446744069075.96,571392.04,571392.04,213137.85,0.00,0.00,0.00,126.07,0.00,195720662.21,202661559.60,0.00,0.00,0.00,0.00,52793285,93483078,0,0
18446744069077.96,571392.04,571392.04,213241.36,0.00,0.00,0.00,103.51,0.00,195720662.21,202661559.60,0.00,0.00,0.00,0.00,52793285,93483078,0,0
18446744069079.96,571392.04,571392.04,213368.46,0.00,0.00,0.00,127.10,0.00,195720662.21,202661559.60,0.00,0.00,0.00,0.00,52793285,93483078,0,0
18446744069081.96,571392.04,571392.04,213493.92,0.00,0.00,0.00,125.46,0.00,195720662.21,202661559.60,0.00,0.00,0.00,0.00,52793285,93483078,0,0
18446744069084.01,571392.04,571392.04,213597.30,0.00,0.00,0.00,103.38,0.00,195720662.21,202661559.60,0.00,0.00,0.00,0.00,52793285,93483078,0,0
18446744069086.01,571392.04,571392.04,213715.14,0.00,0.00,0.00,117.84,0.00,195720662.21,202661559.60,0.00,0.00,0.00,0.00,52793285,93483078,0,0
18446744069088.01,571392.04,571392.04,213833.04,0.00,0.00,0.00,117.90,0.00,195720662.21,202661559.60,0.00,0.00,0.00,0.00,52793285,93483078,0,0
18446744069090.01,571392.04,571392.04,213959.46,0.00,0.00,0.00,126.42,0.00,195720662.21,202661559.60,0.00,0.00,0.00,0.00,52793285,93483078,0,0
18446744069092.02,571392.04,571392.04,214084.98,0.00,0.00,0.00,125.52,0.00,195720662.21,202661559.60,0.00,0.00,0.00,0.00,52793285,93483078,0,0
18446744069094.01,571392.04,571392.04,214210.46,0.00,0.00,0.00,125.48,0.00,195720662.21,202661559.60,0.00,0.00,0.00,0.00,52793285,93483078,0,0
18446744069096.02,571392.04,571392.04,214335.95,0.00,0.00,0.00,125.48,0.00,195720662.21,202661559.60,0.00,0.00,0.00,0.00,52793285,93483078,0,0
18446744069098.02,571392.04,571392.04,214458.32,0.00,0.00,0.00,122.38,0.00,195720662.21,202661559.60,0.00,0.00,0.00,0.00,52793285,93483078,0,0
18446744069100.02,571392.04,571392.04,214560.22,0.00,0.00,0.00,101.90,0.00,195720662.21,202661559.60,0.00,0.00,0.00,0.00,52793285,93483078,0,0
18446744069102.02,571392.04,571392.04,214683.30,0.00,0.00,0.00,123.09,0.00,195720662.21,202661559.60,0.00,0.00,0.00,0.00,52793285,93483078,0,0
18446744069104.03,571392.04,571392.04,214810.41,0.00,0.00,0.00,127.10,0.00,195720662.21,202661559.60,0.00,0.00,0.00,0.00,52793285,93483078,0,0
18446744069106.04,571392.04,571392.04,214937.51,0.00,0.00,0.00,127.10,0.00,195720662.21,202661559.60,0.00,0.00,0.00,0.00,52793285,93483078,0,0
18446744069108.04,571392.04,571392.04,215041.23,0.00,0.00,0.00,103.73,0.00,195720662.21,202661559.60,0.00,0.00,0.00,0.00,52793285,93483078,0,0
18446744069110.04,571392.04,571392.04,215168.34,0.00,0.00,0.00,127.10,0.00,195720662.21,202661559.60,0.00,0.00,0.00,0.00,52793285,93483078,0,0
18446744069112.05,571392.04,571392.04,215293.98,0.00,0.00,0.00,125.64,0.00,195720662.21,202661559.60,0.00,0.00,0.00,0.00,52793285,93483078,0,0
18446744069114.05,571392.04,571392.04,215402.09,0.00,0.00,0.00,108.11,0.00,195720662.21,202661559.60,0.00,0.00,0.00,0.00,52793285,93483078,0,0
18446744069116.06,571392.04,571392.04,215529.19,0.00,0.00,0.00,127.10,0.00,195720662.21,202661559.60,0.00,0.00,0.00,0.00,52793285,93483078,0,0
18446744069118.07,571392.04,571392.04,215656.29,0.00,0.00,0.00,127.10,0.00,195720662.21,202661559.60,0.00,0.00,0.00,0.00,52793285,93483078,0,0
18446744069120.07,571392.04,571392.04,215783.09,0.00,0.00,0.00,126.80,0.00,195720662.21,202661559.60,0.00,0.00,0.00,0.00,52793285,93483078,0,0
18446744069122.07,571392.04,571392.04,215909.03,0.00,0.00,0.00,125.95,0.00,195720662.21,202661559.60,0.00,0.00,0.00,0.00,52793285,93483078,0,0
18446744069124.07,571392.04,571392.04,216035.83,0.00,0.00,0.00,126.80,0.00,195720662.21,202661559.60,0.00,0.00,0.00,0.00,52793285,93483078,0,0
18446744069126.07,571392.04,571392.04,216161.77,0.00,0.00,0.00,125.95,0.00,195720662.21,202661559.60,0.00,0.00,0.00,0.00,52793285,93483078,0,0
18446744069128.07,571392.04,571392.04,216272.47,0.00,0.00,0.00,110.70,0.00,195720662.21,202661559.60,0.00,0.00,0.00,0.00,52793285,93483078,0,0
18446744069130.07,571392.04,571392.04,216380.08,0.00,0.00,0.00,107.61,0.00,195720662.21,202661559.60,0.00,0.00,0.00,0.00,52793285,93483078,0,0
18446744069132.07,571392.04,571392.04,216500.71,0.00,0.00,0.00,120.63,0.00,195720662.21,202661559.60,0.00,0.00,0.00,0.00,52793285,93483078,0,0
18446744069134.07,571392.04,571392.04,216620.39,0.00,0.00,0.00,119.68,0.00,195720662.21,202661559.60,0.00,0.00,0.00,0.00,52793285,93483078,0,0
18446744069136.08,571392.04,571392.04,216746.15,0.00,0.00,0.00,125.76,0.00,195720662.21,202661559.60,0.00,0.00,0.00,0.00,52793285,93483078,0,0
18446744069138.08,571392.04,571392.04,216849.60,0.00,0.00,0.00,103.45,0.00,195720662.21,202661559.60,0.00,0.00,0.00,0.00,52793285,93483078,0,0
18446744069140.09,571392.04,571392.04,216975.52,0.00,0.00,0.00,125.91,0.00,195720662.21,202661559.60,0.00,0.00,0.00,0.00,52793285,93483078,0,0
18446744069142.08,571392.04,571392.04,217101.16,0.00,0.00,0.00,125.64,0.00,195720662.21,202661559.60,0.00,0.00,0.00,0.00,52793285,93483078,0,0
18446744069144.09,571392.04,571392.04,217206.34,0.00,0.00,0.00,105.19,0.00,195720662.21,202661559.60,0.00,0.00,0.00,0.00,52793285,93483078,0,0
18446744069146.09,571392.04,571392.04,217331.98,0.00,0.00,0.00,125.64,0.00,195720662.21,202661559.60,0.00,0.00,0.00,0.00,52793285,93483078,0,0
18446744069148.09,571392.04,571392.04,217458.97,0.00,0.00,0.00,126.98,0.00,195720662.21,202661559.60,0.00,0.00,0.00,0.00,52793285,93483078,0,0
18446744069150.09,571392.04,571392.04,217586.19,0.00,0.00,0.00,127.22,0.00,195720662.21,202661559.60,0.00,0.00,0.00,0.00,52793285,93483078,0,0
18446744069152.09,571392.04,571392.04,217713.29,0.00,0.00,0.00,127.10,0.00,195720662.21,202661559.60,0.00,0.00,0.00,0.00,52793285,93483078,0,0
18446744069154.10,571392.04,571392.04,217838.93,0.00,0.00,0.00,125.64,0.00,195720662.21,202661559.60,0.00,0.00,0.00,0.00,52793285,93483078,0,0
18446744069156.10,571392.04,571392.04,217945.95,0.00,0.00,0.00,107.02,0.00,195720662.21,202661559.60,0.00,0.00,0.00,0.00,52793285,93483078,0,0
18446744069158.10,571392.04,571392.04,218073.68,0.00,0.00,0.00,127.73,0.00,195720662.21,202661559.60,0.00,0.00,0.00,0.00,52793285,93483078,0,0
18446744069160.11,571392.04,571392.04,218200.59,0.00,0.00,0.00,126.91,0.00,195720662.21,202661559.60,0.00,0.00,0.00,0.00,52793285,93483078,0,0
18446744069162.10,571392.04,571392.04,218325.40,0.00,0.00,0.00,124.80,0.00,195720662.21,202661559.60,0.00,0.00,0.00,0.00,52793285,93483078,0,0
18446744069164.11,571392.04,571392.04,218451.62,0.00,0.00,0.00,126.23,0.00,195720662.21,202661559.60,0.00,0.00,0.00,0.00,52793285,93483078,0,0
18446744069166.11,571392.04,571392.04,218577.30,0.00,0.00,0.00,125.67,0.00,195720662.21,202661559.60,0.00,0.00,0.00,0.00,52793285,93483078,0,0
18446744069168.10,571392.04,571392.04,218678.79,0.00,0.00,0.00,101.49,0.00,195720662.21,202661559.60,0.00,0.00,0.00,0.00,52793285,93483078,0,0
18446744069170.11,571392.04,571392.04,218803.15,0.00,0.00,0.00,124.36,0.00,195720662.21,202661559.60,0.00,0.00,0.00,0.00,52793285,93483078,0,0
18446744069172.11,571392.04,571392.04,218929.70,0.00,0.00,0.00,126.55,0.00,195720662.21,202661559.60,0.00,0.00,0.00,0.00,52793285,93483078,0,0
18446744069174.11,571392.04,571392.04,219038.36,0.00,0.00,0.00,108.66,0.00,195720662.21,202661559.60,0.00,0.00,0.00,0.00,52793285,93483078,0,0
18446744069176.11,571392.04,571392.04,219164.00,0.00,0.00,0.00,125.64,0.00,195720662.21,202661559.60,0.00,0.00,0.00,0.00,52793285,93483078,0,0
18446744069178.11,571392.04,571392.04,219285.70,0.00,0.00,0.00,121.70,0.00,195720662.21,202661559.60,0.00,0.00,0.00,0.00,52793285,93483078,0,0
18446744069180.11,571392.04,571392.04,219409.44,0.00,0.00,0.00,123.74,0.00,195720662.21,202661559.60,0.00,0.00,0.00,0.00,52793285,93483078,0,0
18446744069182.11,571392.04,571392.04,219534.62,0.00,0.00,0.00,125.18,0.00,195720662.21,202661559.60,0.00,0.00,0.00,0.00,52793285,93483078,0,0
18446744069184.11,571392.04,571392.04,219659.23,0.00,0.00,0.00,124.62,0.00,195720662.21,202661559.60,0.00,0.00,0.00,0.00,52793285,93483078,0,0
18446744069186.11,571392.04,571392.04,219783.97,0.00,0.00,0.00,124.73,0.00,195720662.21,202661559.60,0.00,0.00,0.00,0.00,52793285,93483078,0,0
18446744069188.11,571392.04,571392.04,219905.73,0.00,0.00,0.00,121.76,0.00,195720662.21,202661559.60,0.00,0.00,0.00,0.00,52793285,93483078,0,0
18446744069190.12,571392.04,571392.04,220030.34,0.00,0.00,0.00,124.61,0.00,195720662.21,202661559.60,0.00,0.00,0.00,0.00,52793285,93483078,0,0
18446744069192.12,571392.04,571392.04,220155.98,0.00,0.00,0.00,125.64,0.00,195720662.21,202661559.60,0.00,0.00,0.00,0.00,52793285,93483078,0,0
18446744069194.12,571392.04,571392.04,220281.90,0.00,0.00,0.00,125.92,0.00,195720662.21,202661559.60,0.00,0.00,0.00,0.00,52793285,93483078,0,0
18446744069196.12,571392.04,571392.04,220408.07,0.00,0.00,0.00,126.17,0.00,195720662.21,202661559.60,0.00,0.00,0.00,0.00,52793285,93483078,0,0
18446744069198.12,571392.04,571392.04,220506.60,0.00,0.00,0.00,98.53,0.00,195720662.21,202661559.60,0.00,0.00,0.00,0.00,52793285,93483078,0,0
18446744069200.12,571392.04,571392.04,220633.68,0.00,0.00,0.00,127.08,0.00,195720662.21,202661559.60,0.00,0.00,0.00,0.00,52793285,93483078,0,0
18446744069202.13,571392.04,571392.04,220747.66,0.00,0.00,0.00,113.98,0.00,195720662.21,202661559.60,0.00,0.00,0.00,0.00,52793285,93483078,0,0
18446744069204.13,571392.04,571392.04,220855.49,0.00,0.00,0.00,107.84,0.00,195720662.21,202661559.60,0.00,0.00,0.00,0.00,52793285,93483078,0,0
18446744069206.13,571392.04,571392.04,220981.26,0.00,0.00,0.00,125.77,0.00,195720662.21,202661559.60,0.00,0.00,0.00,0.00,52793285,93483078,0,0
18446744069208.13,571392.04,571392.04,221107.05,0.00,0.00,0.00,125.79,0.00,195720662.21,202661559.60,0.00,0.00,0.00,0.00,52793285,93483078,0,0
18446744069210.13,571392.04,571392.04,221234.15,0.00,0.00,0.00,127.10,0.00,195720662.21,202661559.60,0.00,0.00,0.00,0.00,52793285,93483078,0,0
18446744069212.14,571392.04,571392.04,221353.92,0.00,0.00,0.00,119.77,0.00,195720662.21,202661559.60,0.00,0.00,0.00,0.00,52793285,93483078,0,0
18446744069214.14,571392.04,571392.04,221473.74,0.00,0.00,0.00,119.82,0.00,195720662.21,202661559.60,0.00,0.00,0.00,0.00,52793285,93483078,0,0
18446744069216.14,571392.04,571392.04,221584.77,0.00,0.00,0.00,111.03,0.00,195720662.21,202661559.60,0.00,0.00,0.00,0.00,52793285,93483078,0,0
18446744069218.14,571392.04,571392.04,221696.62,0.00,0.00,0.00,111.84,0.00,195720662.21,202661559.60,0.00,0.00,0.00,0.00,52793285,93483078,0,0
18446744069220.14,571392.04,571392.04,221803.91,0.00,0.00,0.00,107.30,0.00,195720662.21,202661559.60,0.00,0.00,0.00,0.00,52793285,93483078,0,0
18446744069222.15,571392.04,571392.04,221929.55,0.00,0.00,0.00,125.64,0.00,195720662.21,202661559.60,0.00,0.00,0.00,0.00,52793285,93483078,0,0
18446744069224.16,571392.04,571392.04,222055.20,0.00,0.00,0.00,125.64,0.00,195720662.21,202661559.60,0.00,0.00,0.00,0.00,52793285,93483078,0,0
18446744069226.16,571392.04,571392.04,222181.52,0.00,0.00,0.00,126.33,0.00,195720662.21,202661559.60,0.00,0.00,0.00,0.00,52793285,93483078,0,0
18446744069228.16,571392.04,571392.04,222286.02,0.00,0.00,0.00,104.50,0.00,195720662.21,202661559.60,0.00,0.00,0.00,0.00,52793285,93483078,0,0
18446744069230.16,571392.04,571392.04,222411.66,0.00,0.00,0.00,125.64,0.00,195720662.21,202661559.60,0.00,0.00,0.00,0.00,52793285,93483078,0,0
18446744069232.16,571392.04,571392.04,222538.34,0.00,0.00,0.00,126.67,0.00,195720662.21,202661559.60,0.00,0.00,0.00,0.00,52793285,93483078,0,0
18446744069234.17,571392.04,571392.04,222645.41,0.00,0.00,0.00,107.08,0.00,195720662.21,202661559.60,0.00,0.00,0.00,0.00,52793285,93483078,0,0
18446744069236.17,571392.04,571392.04,222773.42,0.00,0.00,0.00,128.01,0.00,195720662.21,202661559.60,0.00,0.00,0.00,0.00,52793285,93483078,0,0
18446744069238.18,571392.04,571392.04,222899.62,0.00,0.00,0.00,126.20,0.00,195720662.21,202661559.60,0.00,0.00,0.00,0.00,52793285,93483078,0,0
18446744069240.18,571392.04,571392.04,223026.26,0.00,0.00,0.00,126.64,0.00,195720662.21,202661559.60,0.00,0.00,0.00,0.00,52793285,93483078,0,0
18446744069242.18,571392.04,571392.04,223151.77,0.00,0.00,0.00,125.52,0.00,195720662.21,202661559.60,0.00,0.00,0.00,0.00,52793285,93483078,0,0
18446744069244.18,571392.04,571392.04,223277.98,0.00,0.00,0.00,126.20,0.00,195720662.21,202661559.60,0.00,0.00,0.00,0.00,52793285,93483078,0,0
18446744069246.18,571392.04,571392.04,223404.17,0.00,0.00,0.00,126.20,0.00,195720662.21,202661559.60,0.00,0.00,0.00,0.00,52793285,93483078,0,0
18446744069248.18,571392.04,571392.04,223530.31,0.00,0.00,0.00,126.14,0.00,195720662.21,202661559.60,0.00,0.00,0.00,0.00,52793285,93483078,0,0
18446744069250.18,571392.04,571392.04,223643.98,0.00,0.00,0.00,113.67,0.00,195720662.21,202661559.60,0.00,0.00,0.00,0.00,52793285,93483078,0,0
18446744069252.19,571392.04,571392.04,223770.34,0.00,0.00,0.00,126.35,0.00,195720662.21,202661559.60,0.00,0.00,0.00,0.00,52793285,93483078,0,0
18446744069254.19,571392.04,571392.04,223897.44,0.00,0.00,0.00,127.10,0.00,195720662.21,202661559.60,0.00,0.00,0.00,0.00,52793285,93483078,0,0
18446744069256.20,571392.04,571392.04,224023.08,0.00,0.00,0.00,125.64,0.00,195720662.21,202661559.60,0.00,0.00,0.00,0.00,52793285,93483078,0,0
18446744069258.20,571392.04,571392.04,224121.52,0.00,0.00,0.00,98.45,0.00,195720662.21,202661559.60,0.00,0.00,0.00,0.00,52793285,93483078,0,0
18446744069260.20,571392.04,571392.04,224245.14,0.00,0.00,0.00,123.62,0.00,195720662.21,202661559.60,0.00,0.00,0.00,0.00,52793285,93483078,0,0
18446744069262.20,571392.04,571392.04,224370.23,0.00,0.00,0.00,125.09,0.00,195720662.21,202661559.60,0.00,0.00,0.00,0.00,52793285,93483078,0,0
18446744069264.20,571392.04,571392.04,224464.28,0.00,0.00,0.00,94.05,0.00,195720662.21,202661559.60,0.00,0.00,0.00,0.00,52793285,93483078,0,0
18446744069266.20,571392.04,571392.04,224569.23,0.00,0.00,0.00,104.95,0.00,195720662.21,202661559.60,0.00,0.00,0.00,0.00,52793285,93483078,0,0
18446744069268.20,571392.04,571392.04,224676.12,0.00,0.00,0.00,106.89,0.00,195720662.21,202661559.60,0.00,0.00,0.00,0.00,52793285,93483078,0,0
18446744069270.20,571392.04,571392.04,224783.02,0.00,0.00,0.00,106.90,0.00,195720662.21,202661559.60,0.00,0.00,0.00,0.00,52793285,93483078,0,0
18446744069272.20,571392.04,571392.04,224889.41,0.00,0.00,0.00,106.40,0.00,195720662.21,202661559.60,0.00,0.00,0.00,0.00,52793285,93483078,0,0
18446744069274.20,571392.04,571392.04,225010.67,0.00,0.00,0.00,121.26,0.00,195720662.21,202661559.60,0.00,0.00,0.00,0.00,52793285,93483078,0,0
18446744069276.20,571392.04,571392.04,225134.85,0.00,0.00,0.00,124.18,0.00,195720662.21,202661559.60,0.00,0.00,0.00,0.00,52793285,93483078,0,0
18446744069278.20,571392.04,571392.04,225259.31,0.00,0.00,0.00,124.46,0.00,195720662.21,202661559.60,0.00,0.00,0.00,0.00,52793285,93483078,0,0
18446744069280.20,571392.04,571392.04,225379.73,0.00,0.00,0.00,120.42,0.00,195720662.21,202661559.60,0.00,0.00,0.00,0.00,52793285,93483078,0,0
18446744069282.21,571392.04,571392.04,225487.50,0.00,0.00,0.00,107.77,0.00,195720662.21,202661559.60,0.00,0.00,0.00,0.00,52793285,93483078,0,0
18446744069284.21,571392.04,571392.04,225595.77,0.00,0.00,0.00,108.27,0.00,195720662.21,202661559.60,0.00,0.00,0.00,0.00,52793285,93483078,0,0
18446744069286.21,571392.04,571392.04,225703.78,0.00,0.00,0.00,108.02,0.00,195720662.21,202661559.60,0.00,0.00,0.00,0.00,52793285,93483078,0,0
18446744069288.21,571392.04,571392.04,225789.33,0.00,0.00,0.00,85.55,0.00,195720662.21,202661559.60,0.00,0.00,0.00,0.00,52793285,93483078,0,0
18446744069290.21,571392.04,571392.04,225897.28,0.00,0.00,0.00,107.95,0.00,195720662.21,202661559.60,0.00,0.00,0.00,0.00,52793285,93483078,0,0
18446744069292.21,571392.04,571392.04,226005.39,0.00,0.00,0.00,108.11,0.00,195720662.21,202661559.60,0.00,0.00,0.00,0.00,52793285,93483078,0,0
18446744069294.21,571392.04,571392.04,226094.69,0.00,0.00,0.00,89.30,0.00,195720662.21,202661559.60,0.00,0.00,0.00,0.00,52793285,93483078,0,0
18446744069296.21,571392.04,571392.04,226195.49,0.00,0.00,0.00,100.80,0.00,195720662.21,202661559.60,0.00,0.00,0.00,0.00,52793285,93483078,0,0
18446744069298.21,571392.04,571392.04,226303.45,0.00,0.00,0.00,107.96,0.00,195720662.21,202661559.60,0.00,0.00,0.00,0.00,52793285,93483078,0,0
18446744069300.21,571392.04,571392.04,226410.25,0.00,0.00,0.00,106.80,0.00,195720662.21,202661559.60,0.00,0.00,0.00,0.00,52793285,93483078,0,0
18446744069302.21,571392.04,571392.04,226518.15,0.00,0.00,0.00,107.90,0.00,195720662.21,202661559.60,0.00,0.00,0.00,0.00,52793285,93483078,0,0
18446744069304.21,571392.04,571392.04,226625.01,0.00,0.00,0.00,106.86,0.00,195720662.21,202661559.60,0.00,0.00,0.00,0.00,52793285,93483078,0,0
18446744069306.23,571392.04,571392.04,226733.12,0.00,0.00,0.00,108.11,0.00,195720662.21,202661559.60,0.00,0.00,0.00,0.00,52793285,93483078,0,0
18446744069308.23,571392.04,571392.04,226841.23,0.00,0.00,0.00,108.11,0.00,195720662.21,202661559.60,0.00,0.00,0.00,0.00,52793285,93483078,0,0
18446744069310.23,571392.04,571392.04,226949.34,0.00,0.00,0.00,108.11,0.00,195720662.21,202661559.60,0.00,0.00,0.00,0.00,52793285,93483078,0,0
18446744069312.23,571392.04,571392.04,227055.98,0.00,0.00,0.00,106.65,0.00,195720662.21,202661559.60,0.00,0.00,0.00,0.00,52793285,93483078,0,0
18446744069314.24,571392.04,571392.04,227164.09,0.00,0.00,0.00,108.11,0.00,195720662.21,202661559.60,0.00,0.00,0.00,0.00,52793285,93483078,0,0
18446744069316.24,571392.04,571392.04,227272.20,0.00,0.00,0.00,108.11,0.00,195720662.21,202661559.60,0.00,0.00,0.00,0.00,52793285,93483078,0,0
18446744069318.25,571392.04,571392.04,227358.40,0.00,0.00,0.00,86.20,0.00,195720662.21,202661559.60,0.00,0.00,0.00,0.00,52793285,93483078,0,0
18446744069320.25,571392.04,571392.04,227482.49,0.00,0.00,0.00,124.09,0.00,195720662.21,202661559.60,0.00,0.00,0.00,0.00,52793285,93483078,0,0
18446744069322.25,571392.04,571392.04,227600.91,0.00,0.00,0.00,118.42,0.00,195720662.21,202661559.60,0.00,0.00,0.00,0.00,52793285,93483078,0,0
18446744069324.26,571392.04,571392.04,227688.57,0.00,0.00,0.00,87.66,0.00,195720662.21,202661559.60,0.00,0.00,0.00,0.00,52793285,93483078,0,0
18446744069326.27,571392.04,571392.04,227792.30,0.00,0.00,0.00,103.73,0.00,195720662.21,202661559.60,0.00,0.00,0.00,0.00,52793285,93483078,0,0
18446744069328.27,571392.04,571392.04,227913.55,0.00,0.00,0.00,121.26,0.00,195720662.21,202661559.60,0.00,0.00,0.00,0.00,52793285,93483078,0,0
18446744069330.27,571392.04,571392.04,228040.66,0.00,0.00,0.00,127.10,0.00,195720662.21,202661559.60,0.00,0.00,0.00,0.00,52793285,93483078,0,0
18446744069332.27,571392.04,571392.04,228165.62,0.00,0.00,0.00,124.96,0.00,195720662.21,202661559.60,0.00,0.00,0.00,0.00,52793285,93483078,0,0
18446744069334.27,571392.04,571392.04,228289.02,0.00,0.00,0.00,123.40,0.00,195720662.21,202661559.60,0.00,0.00,0.00,0.00,52793285,93483078,0,0
18446744069336.28,571392.04,571392.04,228413.20,0.00,0.00,0.00,124.18,0.00,195720662.21,202661559.60,0.00,0.00,0.00,0.00,52793285,93483078,0,0
18446744069338.29,571392.04,571392.04,228537.38,0.00,0.00,0.00,124.18,0.00,195720662.21,202661559.60,0.00,0.00,0.00,0.00,52793285,93483078,0,0
18446744069340.29,571392.04,571392.04,228661.84,0.00,0.00,0.00,124.46,0.00,195720662.21,202661559.60,0.00,0.00,0.00,0.00,52793285,93483078,0,0
18446744069342.29,571392.04,571392.04,228785.73,0.00,0.00,0.00,123.90,0.00,195720662.21,202661559.60,0.00,0.00,0.00,0.00,52793285,93483078,0,0
18446744069344.29,571392.04,571392.04,228906.94,0.00,0.00,0.00,121.20,0.00,195720662.21,202661559.60,0.00,0.00,0.00,0.00,52793285,93483078,0,0
18446744069346.29,571392.04,571392.04,229030.93,0.00,0.00,0.00,123.99,0.00,195720662.21,202661559.60,0.00,0.00,0.00,0.00,52793285,93483078,0,0
18446744069348.29,571392.04,571392.04,229133.23,0.00,0.00,0.00,102.30,0.00,195720662.21,202661559.60,0.00,0.00,0.00,0.00,52793285,93483078,0,0
18446744069350.30,571392.04,571392.04,229259.08,0.00,0.00,0.00,125.85,0.00,195720662.21,202661559.60,0.00,0.00,0.00,0.00,52793285,93483078,0,0
18446744069352.30,571392.04,571392.04,229385.25,0.00,0.00,0.00,126.17,0.00,195720662.21,202661559.60,0.00,0.00,0.00,0.00,52793285,93483078,0,0
18446744069354.30,571392.04,571392.04,229484.06,0.00,0.00,0.00,98.81,0.00,195720662.21,202661559.60,0.00,0.00,0.00,0.00,52793285,93483078,0,0
18446744069356.30,571392.04,571392.04,229609.70,0.00,0.00,0.00,125.64,0.00,195720662.21,202661559.60,0.00,0.00,0.00,0.00,52793285,93483078,0,0
18446744069358.30,571392.04,571392.04,229736.80,0.00,0.00,0.00,127.10,0.00,195720662.21,202661559.60,0.00,0.00,0.00,0.00,52793285,93483078,0,0
18446744069360.30,571392.04,571392.04,229863.48,0.00,0.00,0.00,126.67,0.00,195720662.21,202661559.60,0.00,0.00,0.00,0.00,52793285,93483078,0,0
18446744069362.30,571392.04,571392.04,229988.65,0.00,0.00,0.00,125.17,0.00,195720662.21,202661559.60,0.00,0.00,0.00,0.00,52793285,93483078,0,0
18446744069364.30,571392.04,571392.04,230114.95,0.00,0.00,0.00,126.30,0.00,195720662.21,202661559.60,0.00,0.00,0.00,0.00,52793285,93483078,0,0
18446744069366.30,571392.04,571392.04,230237.91,0.00,0.00,0.00,122.96,0.00,195720662.21,202661559.60,0.00,0.00,0.00,0.00,52793285,93483078,0,0
18446744069368.31,571392.04,571392.04,230340.17,0.00,0.00,0.00,102.27,0.00,195720662.21,202661559.60,0.00,0.00,0.00,0.00,52793285,93483078,0,0
18446744069370.31,571392.04,571392.04,230464.98,0.00,0.00,0.00,124.80,0.00,195720662.21,202661559.60,0.00,0.00,0.00,0.00,52793285,93483078,0,0
18446744069372.32,571392.04,571392.04,230591.45,0.00,0.00,0.00,126.48,0.00,195720662.21,202661559.60,0.00,0.00,0.00,0.00,52793285,93483078,0,0
18446744069374.32,571392.04,571392.04,230718.03,0.00,0.00,0.00,126.58,0.00,195720662.21,202661559.60,0.00,0.00,0.00,0.00,52793285,93483078,0,0
18446744069376.32,571392.04,571392.04,230843.17,0.00,0.00,0.00,125.14,0.00,195720662.21,202661559.60,0.00,0.00,0.00,0.00,52793285,93483078,0,0
18446744069378.32,571392.04,571392.04,230946.46,0.00,0.00,0.00,103.29,0.00,195720662.21,202661559.60,0.00,0.00,0.00,0.00,52793285,93483078,0,0
18446744069380.32,571392.04,571392.04,231073.23,0.00,0.00,0.00,126.77,0.00,195720662.21,202661559.60,0.00,0.00,0.00,0.00,52793285,93483078,0,0
18446744069382.32,571392.04,571392.04,231197.74,0.00,0.00,0.00,124.52,0.00,195720662.21,202661559.60,0.00,0.00,0.00,0.00,52793285,93483078,0,0
18446744069384.32,571392.04,571392.04,231305.85,0.00,0.00,0.00,108.11,0.00,195720662.21,202661559.60,0.00,0.00,0.00,0.00,52793285,93483078,0,0
18446744069386.32,571392.04,571392.04,231431.12,0.00,0.00,0.00,125.27,0.00,195720662.21,202661559.60,0.00,0.00,0.00,0.00,52793285,93483078,0,0
18446744069388.32,571392.04,571392.04,231556.08,0.00,0.00,0.00,124.95,0.00,195720662.21,202661559.60,0.00,0.00,0.00,0.00,52793285,93483078,0,0
18446744069390.32,571392.04,571392.04,231682.50,0.00,0.00,0.00,126.42,0.00,195720662.21,202661559.60,0.00,0.00,0.00,0.00,52793285,93483078,0,0
18446744069392.32,571392.04,571392.04,231807.86,0.00,0.00,0.00,125.36,0.00,195720662.21,202661559.60,0.00,0.00,0.00,0.00,52793285,93483078,0,0
18446744069394.32,571392.04,571392.04,231934.05,0.00,0.00,0.00,126.20,0.00,195720662.21,202661559.60,0.00,0.00,0.00,0.00,52793285,93483078,0,0
18446744069396.32,571392.04,571392.04,232060.38,0.00,0.00,0.00,126.33,0.00,195720662.21,202661559.60,0.00,0.00,0.00,0.00,52793285,93483078,0,0
18446744069398.33,571392.04,571392.04,232186.80,0.00,0.00,0.00,126.41,0.00,195720662.21,202661559.60,0.00,0.00,0.00,0.00,52793285,93483078,0,0
18446744069400.33,571392.04,571392.04,232312.44,0.00,0.00,0.00,125.64,0.00,195720662.21,202661559.60,0.00,0.00,0.00,0.00,52793285,93483078,0,0
18446744069402.33,571392.04,571392.04,232439.54,0.00,0.00,0.00,127.10,0.00,195720662.21,202661559.60,0.00,0.00,0.00,0.00,52793285,93483078,0,0
18446744069404.33,571392.04,571392.04,232553.38,0.00,0.00,0.00,113.84,0.00,195720662.21,202661559.60,0.00,0.00,0.00,0.00,52793285,93483078,0,0
18446744069406.33,571392.04,571392.04,232658.68,0.00,0.00,0.00,105.30,0.00,195720662.21,202661559.60,0.00,0.00,0.00,0.00,52793285,93483078,0,0
18446744069408.33,571392.04,571392.04,232752.71,0.00,0.00,0.00,94.03,0.00,195720662.21,202661559.60,0.00,0.00,0.00,0.00,52793285,93483078,0,0
18446744069410.34,571392.04,571392.04,232874.81,0.00,0.00,0.00,122.10,0.00,195720662.21,202661559.60,0.00,0.00,0.00,0.00,52793285,93483078,0,0
18446744069412.34,571392.04,571392.04,232982.17,0.00,0.00,0.00,107.36,0.00,195720662.21,202661559.60,0.00,0.00,0.00,0.00,52793285,93483078,0,0
18446744069414.34,571392.04,571392.04,233073.59,0.00,0.00,0.00,91.41,0.00,195720662.21,202661559.60,0.00,0.00,0.00,0.00,52793285,93483078,0,0
18446744069416.34,571392.04,571392.04,233180.23,0.00,0.00,0.00,106.65,0.00,195720662.21,202661559.60,0.00,0.00,0.00,0.00,52793285,93483078,0,0
18446744069418.34,571392.04,571392.04,233288.20,0.00,0.00,0.00,107.96,0.00,195720662.21,202661559.60,0.00,0.00,0.00,0.00,52793285,93483078,0,0
18446744069420.34,571392.04,571392.04,233394.99,0.00,0.00,0.00,106.80,0.00,195720662.21,202661559.60,0.00,0.00,0.00,0.00,52793285,93483078,0,0
18446744069422.34,571392.04,571392.04,233502.45,0.00,0.00,0.00,107.46,0.00,195720662.21,202661559.60,0.00,0.00,0.00,0.00,52793285,93483078,0,0
18446744069424.35,571392.04,571392.04,233609.75,0.00,0.00,0.00,107.30,0.00,195720662.21,202661559.60,0.00,0.00,0.00,0.00,52793285,93483078,0,0
18446744069426.36,571392.04,571392.04,233733.88,0.00,0.00,0.00,124.12,0.00,195720662.21,202661559.60,0.00,0.00,0.00,0.00,52793285,93483078,0,0
18446744069428.36,571392.04,571392.04,233856.56,0.00,0.00,0.00,122.69,0.00,195720662.21,202661559.60,0.00,0.00,0.00,0.00,52793285,93483078,0,0
18446744069430.36,571392.04,571392.04,233960.38,0.00,0.00,0.00,103.81,0.00,195720662.21,202661559.60,0.00,0.00,0.00,0.00,52793285,93483078,0,0
18446744069432.36,571392.04,571392.04,234068.48,0.00,0.00,0.00,108.11,0.00,195720662.21,202661559.60,0.00,0.00,0.00,0.00,52793285,93483078,0,0
18446744069434.36,571392.04,571392.04,234175.88,0.00,0.00,0.00,107.40,0.00,195720662.21,202661559.60,0.00,0.00,0.00,0.00,52793285,93483078,0,0
18446744069436.37,571392.04,571392.04,234283.24,0.00,0.00,0.00,107.36,0.00,195720662.21,202661559.60,0.00,0.00,0.00,0.00,52793285,93483078,0,0
18446744069438.37,571392.04,571392.04,234383.30,0.00,0.00,0.00,100.06,0.00,195720662.21,202661559.60,0.00,0.00,0.00,0.00,52793285,93483078,0,0
18446744069440.37,571392.04,571392.04,234511.15,0.00,0.00,0.00,127.84,0.00,195720662.21,202661559.60,0.00,0.00,0.00,0.00,52793285,93483078,0,0
18446744069442.38,571392.04,571392.04,234635.33,0.00,0.00,0.00,124.18,0.00,195720662.21,202661559.60,0.00,0.00,0.00,0.00,52793285,93483078,0,0
18446744069444.38,571392.04,571392.04,234744.44,0.00,0.00,0.00,109.11,0.00,195720662.21,202661559.60,0.00,0.00,0.00,0.00,52793285,93483078,0,0
18446744069446.38,571392.04,571392.04,234872.00,0.00,0.00,0.00,127.56,0.00,195720662.21,202661559.60,0.00,0.00,0.00,0.00,52793285,93483078,0,0
18446744069448.38,571392.04,571392.04,234994.72,0.00,0.00,0.00,122.72,0.00,195720662.21,202661559.60,0.00,0.00,0.00,0.00,52793285,93483078,0,0
18446744069450.38,571392.04,571392.04,235118.50,0.00,0.00,0.00,123.78,0.00,195720662.21,202661559.60,0.00,0.00,0.00,0.00,52793285,93483078,0,0
18446744069452.39,571392.04,571392.04,235244.54,0.00,0.00,0.00,126.04,0.00,195720662.21,202661559.60,0.00,0.00,0.00,0.00,52793285,93483078,0,0
18446744069454.39,571392.04,571392.04,235370.96,0.00,0.00,0.00,126.42,0.00,195720662.21,202661559.60,0.00,0.00,0.00,0.00,52793285,93483078,0,0
18446744069456.39,571392.04,571392.04,235495.61,0.00,0.00,0.00,124.65,0.00,195720662.21,202661559.60,0.00,0.00,0.00,0.00,52793285,93483078,0,0
18446744069458.39,571392.04,571392.04,235620.00,0.00,0.00,0.00,124.39,0.00,195720662.21,202661559.60,0.00,0.00,0.00,0.00,52793285,93483078,0,0
18446744069460.39,571392.04,571392.04,235743.34,0.00,0.00,0.00,123.34,0.00,195720662.21,202661559.60,0.00,0.00,0.00,0.00,52793285,93483078,0,0
18446744069462.39,571392.04,571392.04,235863.98,0.00,0.00,0.00,120.63,0.00,195720662.21,202661559.60,0.00,0.00,0.00,0.00,52793285,93483078,0,0
18446744069464.39,571392.04,571392.04,235989.62,0.00,0.00,0.00,125.64,0.00,195720662.21,202661559.60,0.00,0.00,0.00,0.00,52793285,93483078,0,0
18446744069466.39,571392.04,571392.04,236116.72,0.00,0.00,0.00,127.10,0.00,195720662.21,202661559.60,0.00,0.00,0.00,0.00,52793285,93483078,0,0
18446744069468.39,571392.04,571392.04,236217.50,0.00,0.00,0.00,100.78,0.00,195720662.21,202661559.60,0.00,0.00,0.00,0.00,52793285,93483078,0,0
18446744069470.39,571392.04,571392.04,236344.62,0.00,0.00,0.00,127.12,0.00,195720662.21,202661559.60,0.00,0.00,0.00,0.00,52793285,93483078,0,0
18446744069472.39,571392.04,571392.04,236470.27,0.00,0.00,0.00,125.64,0.00,195720662.21,202661559.60,0.00,0.00,0.00,0.00,52793285,93483078,0,0
18446744069474.40,571392.04,571392.04,236578.38,0.00,0.00,0.00,108.11,0.00,195720662.21,202661559.60,0.00,0.00,0.00,0.00,52793285,93483078,0,0
18446744069476.40,571392.04,571392.04,236695.78,0.00,0.00,0.00,117.41,0.00,195720662.21,202661559.60,0.00,0.00,0.00,0.00,52793285,93483078,0,0
18446744069478.40,571392.04,571392.04,236807.59,0.00,0.00,0.00,111.81,0.00,195720662.21,202661559.60,0.00,0.00,0.00,0.00,52793285,93483078,0,0
18446744069480.40,571392.04,571392.04,236930.46,0.00,0.00,0.00,122.87,0.00,195720662.21,202661559.60,0.00,0.00,0.00,0.00,52793285,93483078,0,0
18446744069482.40,571392.04,571392.04,237043.14,0.00,0.00,0.00,112.68,0.00,195720662.21,202661559.60,0.00,0.00,0.00,0.00,52793285,93483078,0,0
18446744069484.41,571392.04,571392.04,237167.13,0.00,0.00,0.00,123.99,0.00,195720662.21,202661559.60,0.00,0.00,0.00,0.00,52793285,93483078,0,0
18446744069486.41,571392.04,571392.04,237294.05,0.00,0.00,0.00,126.92,0.00,195720662.21,202661559.60,0.00,0.00,0.00,0.00,52793285,93483078,0,0
18446744069488.41,571392.04,571392.04,237419.88,0.00,0.00,0.00,125.82,0.00,195720662.21,202661559.60,0.00,0.00,0.00,0.00,52793285,93483078,0,0
18446744069490.41,571392.04,571392.04,237545.52,0.00,0.00,0.00,125.64,0.00,195720662.21,202661559.60,0.00,0.00,0.00,0.00,52793285,93483078,0,0
18446744069492.41,571392.04,571392.04,237671.53,0.00,0.00,0.00,126.02,0.00,195720662.21,202661559.60,0.00,0.00,0.00,0.00,52793285,93483078,0,0
18446744069494.42,571392.04,571392.04,237798.26,0.00,0.00,0.00,126.73,0.00,195720662.21,202661559.60,0.00,0.00,0.00,0.00,52793285,93483078,0,0
18446744069496.42,571392.04,571392.04,237923.38,0.00,0.00,0.00,125.12,0.00,195720662.21,202661559.60,0.00,0.00,0.00,0.00,52793285,93483078,0,0
18446744069498.42,571392.04,571392.04,238020.32,0.00,0.00,0.00,96.95,0.00,195720662.21,202661559.60,0.00,0.00,0.00,0.00,52793285,93483078,0,0
18446744069500.42,571392.04,571392.04,238145.88,0.00,0.00,0.00,125.55,0.00,195720662.21,202661559.60,0.00,0.00,0.00,0.00,52793285,93483078,0,0
18446744069502.42,571392.04,571392.04,238269.71,0.00,0.00,0.00,123.84,0.00,195720662.21,202661559.60,0.00,0.00,0.00,0.00,52793285,93483078,0,0
18446744069504.43,571392.04,571392.04,238366.56,0.00,0.00,0.00,96.85,0.00,195720662.21,202661559.60,0.00,0.00,0.00,0.00,52793285,93483078,0,0
18446744069506.43,571392.04,571392.04,238474.37,0.00,0.00,0.00,107.80,0.00,195720662.21,202661559.60,0.00,0.00,0.00,0.00,52793285,93483078,0,0
18446744069508.44,571392.04,571392.04,238581.32,0.00,0.00,0.00,106.95,0.00,195720662.21,202661559.60,0.00,0.00,0.00,0.00,52793285,93483078,0,0
18446744069510.44,571392.04,571392.04,238689.09,0.00,0.00,0.00,107.77,0.00,195720662.21,202661559.60,0.00,0.00,0.00,0.00,52793285,93483078,0,0
18446744069512.45,571392.04,571392.04,238796.08,0.00,0.00,0.00,106.98,0.00,195720662.21,202661559.60,0.00,0.00,0.00,0.00,52793285,93483078,0,0
18446744069514.45,571392.04,571392.04,238904.19,0.00,0.00,0.00,108.11,0.00,195720662.21,202661559.60,0.00,0.00,0.00,0.00,52793285,93483078,0,0
18446744069516.45,571392.04,571392.04,239010.84,0.00,0.00,0.00,106.65,0.00,195720662.21,202661559.60,0.00,0.00,0.00,0.00,52793285,93483078,0,0
18446744069518.45,571392.04,571392.04,239118.20,0.00,0.00,0.00,107.37,0.00,195720662.21,202661559.60,0.00,0.00,0.00,0.00,52793285,93483078,0,0
18446744069520.46,571392.04,571392.04,239225.59,0.00,0.00,0.00,107.39,0.00,195720662.21,202661559.60,0.00,0.00,0.00,0.00,52793285,93483078,0,0
18446744069522.45,571392.04,571392.04,239332.93,0.00,0.00,0.00,107.34,0.00,195720662.21,202661559.60,0.00,0.00,0.00,0.00,52793285,93483078,0,0
18446744069524.46,571392.04,571392.04,239439.67,0.00,0.00,0.00,106.74,0.00,195720662.21,202661559.60,0.00,0.00,0.00,0.00,52793285,93483078,0,0
18446744069526.46,571392.04,571392.04,239546.54,0.00,0.00,0.00,106.87,0.00,195720662.21,202661559.60,0.00,0.00,0.00,0.00,52793285,93483078,0,0
18446744069528.46,571392.04,571392.04,239647.80,0.00,0.00,0.00,101.27,0.00,195720662.21,202661559.60,0.00,0.00,0.00,0.00,52793285,93483078,0,0
18446744069530.46,571392.04,571392.04,239774.91,0.00,0.00,0.00,127.10,0.00,195720662.21,202661559.60,0.00,0.00,0.00,0.00,52793285,93483078,0,0
18446744069532.47,571392.04,571392.04,239900.55,0.00,0.00,0.00,125.64,0.00,195720662.21,202661559.60,0.00,0.00,0.00,0.00,52793285,93483078,0,0
18446744069534.47,571392.04,571392.04,240005.62,0.00,0.00,0.00,105.07,0.00,195720662.21,202661559.60,0.00,0.00,0.00,0.00,52793285,93483078,0,0
18446744069536.47,571392.04,571392.04,240131.38,0.00,0.00,0.00,125.76,0.00,195720662.21,202661559.60,0.00,0.00,0.00,0.00,52793285,93483078,0,0
18446744069538.47,571392.04,571392.04,240257.89,0.00,0.00,0.00,126.52,0.00,195720662.21,202661559.60,0.00,0.00,0.00,0.00,52793285,93483078,0,0
18446744069540.47,571392.04,571392.04,240384.12,0.00,0.00,0.00,126.23,0.00,195720662.21,202661559.60,0.00,0.00,0.00,0.00,52793285,93483078,0,0
18446744069542.47,571392.04,571392.04,240509.08,0.00,0.00,0.00,124.96,0.00,195720662.21,202661559.60,0.00,0.00,0.00,0.00,52793285,93483078,0,0
18446744069544.48,571392.04,571392.04,240616.41,0.00,0.00,0.00,107.33,0.00,195720662.21,202661559.60,0.00,0.00,0.00,0.00,52793285,93483078,0,0
18446744069546.49,571392.04,571392.04,240724.52,0.00,0.00,0.00,108.11,0.00,195720662.21,202661559.60,0.00,0.00,0.00,0.00,52793285,93483078,0,0
18446744069548.49,571392.04,571392.04,240832.32,0.00,0.00,0.00,107.80,0.00,195720662.21,202661559.60,0.00,0.00,0.00,0.00,52793285,93483078,0,0
18446744069550.49,571392.04,571392.04,240939.27,0.00,0.00,0.00,106.95,0.00,195720662.21,202661559.60,0.00,0.00,0.00,0.00,52793285,93483078,0,0
18446744069552.49,571392.04,571392.04,241045.92,0.00,0.00,0.00,106.65,0.00,195720662.21,202661559.60,0.00,0.00,0.00,0.00,52793285,93483078,0,0
18446744069554.49,571392.04,571392.04,241153.82,0.00,0.00,0.00,107.90,0.00,195720662.21,202661559.60,0.00,0.00,0.00,0.00,52793285,93483078,0,0
18446744069556.49,571392.04,571392.04,241261.12,0.00,0.00,0.00,107.30,0.00,195720662.21,202661559.60,0.00,0.00,0.00,0.00,52793285,93483078,0,0
18446744069558.49,571392.04,571392.04,241349.68,0.00,0.00,0.00,88.56,0.00,195720662.21,202661559.60,0.00,0.00,0.00,0.00,52793285,93483078,0,0
18446744069560.49,571392.04,571392.04,241456.45,0.00,0.00,0.00,106.77,0.00,195720662.21,202661559.60,0.00,0.00,0.00,0.00,52793285,93483078,0,0
18446744069562.50,571392.04,571392.04,241563.04,0.00,0.00,0.00,106.59,0.00,195720662.21,202661559.60,0.00,0.00,0.00,0.00,52793285,93483078,0,0
18446744069564.50,571392.04,571392.04,241650.94,0.00,0.00,0.00,87.90,0.00,195720662.21,202661559.60,0.00,0.00,0.00,0.00,52793285,93483078,0,0
18446744069566.50,571392.04,571392.04,241758.02,0.00,0.00,0.00,107.09,0.00,195720662.21,202661559.60,0.00,0.00,0.00,0.00,52793285,93483078,0,0
18446744069568.50,571392.04,571392.04,241865.51,0.00,0.00,0.00,107.48,0.00,195720662.21,202661559.60,0.00,0.00,0.00,0.00,52793285,93483078,0,0
18446744069570.51,571392.04,571392.04,241973.47,0.00,0.00,0.00,107.96,0.00,195720662.21,202661559.60,0.00,0.00,0.00,0.00,52793285,93483078,0,0
18446744069572.51,571392.04,571392.04,242081.02,0.00,0.00,0.00,107.55,0.00,195720662.21,202661559.60,0.00,0.00,0.00,0.00,52793285,93483078,0,0
18446744069574.51,571392.04,571392.04,242188.38,0.00,0.00,0.00,107.36,0.00,195720662.21,202661559.60,0.00,0.00,0.00,0.00,52793285,93483078,0,0
18446744069576.52,571392.04,571392.04,242296.48,0.00,0.00,0.00,108.11,0.00,195720662.21,202661559.60,0.00,0.00,0.00,0.00,52793285,93483078,0,0
18446744069578.52,571392.04,571392.04,242404.59,0.00,0.00,0.00,108.11,0.00,195720662.21,202661559.60,0.00,0.00,0.00,0.00,52793285,93483078,0,0
18446744069580.52,571392.04,571392.04,242511.55,0.00,0.00,0.00,106.96,0.00,195720662.21,202661559.60,0.00,0.00,0.00,0.00,52793285,93483078,0,0
18446744069582.52,571392.04,571392.04,242619.35,0.00,0.00,0.00,107.80,0.00,195720662.21,202661559.60,0.00,0.00,0.00,0.00,52793285,93483078,0,0
18446744069584.52,571392.04,571392.04,242727.25,0.00,0.00,0.00,107.90,0.00,195720662.21,202661559.60,0.00,0.00,0.00,0.00,52793285,93483078,0,0
18446744069586.52,571392.04,571392.04,242834.67,0.00,0.00,0.00,107.42,0.00,195720662.21,202661559.60,0.00,0.00,0.00,0.00,52793285,93483078,0,0
18446744069588.52,571392.04,571392.04,242921.77,0.00,0.00,0.00,87.09,0.00,195720662.21,202661559.60,0.00,0.00,0.00,0.00,52793285,93483078,0,0
18446744069590.52,571392.04,571392.04,243029.88,0.00,0.00,0.00,108.11,0.00,195720662.21,202661559.60,0.00,0.00,0.00,0.00,52793285,93483078,0,0
18446744069592.52,571392.04,571392.04,243135.59,0.00,0.00,0.00,105.72,0.00,195720662.21,202661559.60,0.00,0.00,0.00,0.00,52793285,93483078,0,0
18446744069594.53,571392.04,571392.04,243227.10,0.00,0.00,0.00,91.51,0.00,195720662.21,202661559.60,0.00,0.00,0.00,0.00,52793285,93483078,0,0
18446744069596.54,571392.04,571392.04,243335.21,0.00,0.00,0.00,108.11,0.00,195720662.21,202661559.60,0.00,0.00,0.00,0.00,52793285,93483078,0,0
18446744069598.54,571392.04,571392.04,243442.98,0.00,0.00,0.00,107.77,0.00,195720662.21,202661559.60,0.00,0.00,0.00,0.00,52793285,93483078,0,0
18446744069600.54,571392.04,571392.04,243550.88,0.00,0.00,0.00,107.89,0.00,195720662.21,202661559.60,0.00,0.00,0.00,0.00,52793285,93483078,0,0
18446744069602.55,571392.04,571392.04,243658.08,0.00,0.00,0.00,107.20,0.00,195720662.21,202661559.60,0.00,0.00,0.00,0.00,52793285,93483078,0,0
18446744069604.55,571392.04,571392.04,243764.73,0.00,0.00,0.00,106.65,0.00,195720662.21,202661559.60,0.00,0.00,0.00,0.00,52793285,93483078,0,0
18446744069606.55,571392.04,571392.04,243872.53,0.00,0.00,0.00,107.80,0.00,195720662.21,202661559.60,0.00,0.00,0.00,0.00,52793285,93483078,0,0
18446744069608.55,571392.04,571392.04,243979.89,0.00,0.00,0.00,107.36,0.00,195720662.21,202661559.60,0.00,0.00,0.00,0.00,52793285,93483078,0,0
18446744069610.56,571392.04,571392.04,244087.59,0.00,0.00,0.00,107.70,0.00,195720662.21,202661559.60,0.00,0.00,0.00,0.00,52793285,93483078,0,0
18446744069612.56,571392.04,571392.04,244195.70,0.00,0.00,0.00,108.11,0.00,195720662.21,202661559.60,0.00,0.00,0.00,0.00,52793285,93483078,0,0
18446744069614.56,571392.04,571392.04,244303.38,0.00,0.00,0.00,107.68,0.00,195720662.21,202661559.60,0.00,0.00,0.00,0.00,52793285,93483078,0,0
18446744069616.56,571392.04,571392.04,244410.46,0.00,0.00,0.00,107.08,0.00,195720662.21,202661559.60,0.00,0.00,0.00,0.00,52793285,93483078,0,0
18446744069618.57,571392.04,571392.04,244505.40,0.00,0.00,0.00,94.94,0.00,195720662.21,202661559.60,0.00,0.00,0.00,0.00,52793285,93483078,0,0
18446744069620.57,571392.04,571392.04,244631.06,0.00,0.00,0.00,125.66,0.00,195720662.21,202661559.60,0.00,0.00,0.00,0.00,52793285,93483078,0,0
18446744069622.57,571392.04,571392.04,244755.24,0.00,0.00,0.00,124.18,0.00,195720662.21,202661559.60,0.00,0.00,0.00,0.00,52793285,93483078,0,0
18446744069624.57,571392.04,571392.04,244865.59,0.00,0.00,0.00,110.35,0.00,195720662.21,202661559.60,0.00,0.00,0.00,0.00,52793285,93483078,0,0
18446744069626.58,571392.04,571392.04,244990.45,0.00,0.00,0.00,124.86,0.00,195720662.21,202661559.60,0.00,0.00,0.00,0.00,52793285,93483078,0,0
18446744069628.59,571392.04,571392.04,245110.25,0.00,0.00,0.00,119.80,0.00,195720662.21,202661559.60,0.00,0.00,0.00,0.00,52793285,93483078,0,0
18446744069630.60,571392.04,571392.04,245237.35,0.00,0.00,0.00,127.10,0.00,195720662.21,202661559.60,0.00,0.00,0.00,0.00,52793285,93483078,0,0
18446744069632.60,571392.04,571392.04,245364.45,0.00,0.00,0.00,127.10,0.00,195720662.21,202661559.60,0.00,0.00,0.00,0.00,52793285,93483078,0,0
18446744069634.60,571392.04,571392.04,245491.55,0.00,0.00,0.00,127.10,0.00,195720662.21,202661559.60,0.00,0.00,0.00,0.00,52793285,93483078,0,0
18446744069636.60,571392.04,571392.04,245617.20,0.00,0.00,0.00,125.64,0.00,195720662.21,202661559.60,0.00,0.00,0.00,0.00,52793285,93483078,0,0
18446744069638.60,571392.04,571392.04,245744.21,0.00,0.00,0.00,127.02,0.00,195720662.21,202661559.60,0.00,0.00,0.00,0.00,52793285,93483078,0,0
18446744069640.60,571392.04,571392.04,245868.48,0.00,0.00,0.00,124.27,0.00,195720662.21,202661559.60,0.00,0.00,0.00,0.00,52793285,93483078,0,0
18446744069642.61,571392.04,571392.04,245994.12,0.00,0.00,0.00,125.64,0.00,195720662.21,202661559.60,0.00,0.00,0.00,0.00,52793285,93483078,0,0
18446744069644.61,571392.04,571392.04,246120.51,0.00,0.00,0.00,126.39,0.00,195720662.21,202661559.60,0.00,0.00,0.00,0.00,52793285,93483078,0,0
18446744069646.61,571392.04,571392.04,246242.42,0.00,0.00,0.00,121.91,0.00,195720662.21,202661559.60,0.00,0.00,0.00,0.00,52793285,93483078,0,0
18446744069648.61,571392.04,571392.04,246328.55,0.00,0.00,0.00,86.13,0.00,195720662.21,202661559.60,0.00,0.00,0.00,0.00,52793285,93483078,0,0
18446744069650.61,571392.04,571392.04,246435.95,0.00,0.00,0.00,107.39,0.00,195720662.21,202661559.60,0.00,0.00,0.00,0.00,52793285,93483078,0,0
18446744069652.61,571392.04,571392.04,246541.38,0.00,0.00,0.00,105.44,0.00,195720662.21,202661559.60,0.00,0.00,0.00,0.00,52793285,93483078,0,0
18446744069654.61,571392.04,571392.04,246633.48,0.00,0.00,0.00,92.10,0.00,195720662.21,202661559.60,0.00,0.00,0.00,0.00,52793285,93483078,0,0
18446744069656.61,571392.04,571392.04,246740.57,0.00,0.00,0.00,107.09,0.00,195720662.21,202661559.60,0.00,0.00,0.00,0.00,52793285,93483078,0,0
18446744069658.61,571392.04,571392.04,246847.22,0.00,0.00,0.00,106.65,0.00,195720662.21,202661559.60,0.00,0.00,0.00,0.00,52793285,93483078,0,0
18446744069660.61,571392.04,571392.04,246961.45,0.00,0.00,0.00,114.23,0.00,195720662.21,202661559.60,0.00,0.00,0.00,0.00,52793285,93483078,0,0
18446744069662.61,571392.04,571392.04,247079.29,0.00,0.00,0.00,117.84,0.00,195720662.21,202661559.60,0.00,0.00,0.00,0.00,52793285,93483078,0,0
18446744069664.61,571392.04,571392.04,247200.85,0.00,0.00,0.00,121.56,0.00,195720662.21,202661559.60,0.00,0.00,0.00,0.00,52793285,93483078,0,0
18446744069666.62,571392.04,571392.04,247327.95,0.00,0.00,0.00,127.10,0.00,195720662.21,202661559.60,0.00,0.00,0.00,0.00,52793285,93483078,0,0
18446744069668.62,571392.04,571392.04,247454.84,0.00,0.00,0.00,126.89,0.00,195720662.21,202661559.60,0.00,0.00,0.00,0.00,52793285,93483078,0,0
18446744069670.62,571392.04,571392.04,247580.70,0.00,0.00,0.00,125.85,0.00,195720662.21,202661559.60,0.00,0.00,0.00,0.00,52793285,93483078,0,0
18446744069672.62,571392.04,571392.04,247707.80,0.00,0.00,0.00,127.10,0.00,195720662.21,202661559.60,0.00,0.00,0.00,0.00,52793285,93483078,0,0
18446744069674.63,571392.04,571392.04,247833.44,0.00,0.00,0.00,125.64,0.00,195720662.21,202661559.60,0.00,0.00,0.00,0.00,52793285,93483078,0,0
18446744069676.63,571392.04,571392.04,247959.08,0.00,0.00,0.00,125.64,0.00,195720662.21,202661559.60,0.00,0.00,0.00,0.00,52793285,93483078,0,0
18446744069678.63,571392.04,571392.04,248044.34,0.00,0.00,0.00,85.27,0.00,195720662.21,202661559.60,0.00,0.00,0.00,0.00,52793285,93483078,0,0
18446744069680.64,571392.04,571392.04,248151.92,0.00,0.00,0.00,107.58,0.00,195720662.21,202661559.60,0.00,0.00,0.00,0.00,52793285,93483078,0,0
18446744069682.64,571392.04,571392.04,248257.11,0.00,0.00,0.00,105.19,0.00,195720662.21,202661559.60,0.00,0.00,0.00,0.00,52793285,93483078,0,0
18446744069684.64,571392.04,571392.04,248349.15,0.00,0.00,0.00,92.04,0.00,195720662.21,202661559.60,0.00,0.00,0.00,0.00,52793285,93483078,0,0
18446744069686.65,571392.04,571392.04,248455.80,0.00,0.00,0.00,106.65,0.00,195720662.21,202661559.60,0.00,0.00,0.00,0.00,52793285,93483078,0,0
18446744069688.65,571392.04,571392.04,248563.88,0.00,0.00,0.00,108.09,0.00,195720662.21,202661559.60,0.00,0.00,0.00,0.00,52793285,93483078,0,0
18446744069690.65,571392.04,571392.04,248671.09,0.00,0.00,0.00,107.20,0.00,195720662.21,202661559.60,0.00,0.00,0.00,0.00,52793285,93483078,0,0
18446744069692.65,571392.04,571392.04,248778.55,0.00,0.00,0.00,107.46,0.00,195720662.21,202661559.60,0.00,0.00,0.00,0.00,52793285,93483078,0,0
18446744069694.65,571392.04,571392.04,248885.31,0.00,0.00,0.00,106.77,0.00,195720662.21,202661559.60,0.00,0.00,0.00,0.00,52793285,93483078,0,0
18446744069696.65,571392.04,571392.04,248992.65,0.00,0.00,0.00,107.34,0.00,195720662.21,202661559.60,0.00,0.00,0.00,0.00,52793285,93483078,0,0
18446744069698.65,571392.04,571392.04,249100.07,0.00,0.00,0.00,107.42,0.00,195720662.21,202661559.60,0.00,0.00,0.00,0.00,52793285,93483078,0,0
18446744069700.65,571392.04,571392.04,249208.18,0.00,0.00,0.00,108.11,0.00,195720662.21,202661559.60,0.00,0.00,0.00,0.00,52793285,93483078,0,0
18446744069702.66,571392.04,571392.04,249314.83,0.00,0.00,0.00,106.65,0.00,195720662.21,202661559.60,0.00,0.00,0.00,0.00,52793285,93483078,0,0
18446744069704.66,571392.04,571392.04,249421.48,0.00,0.00,0.00,106.65,0.00,195720662.21,202661559.60,0.00,0.00,0.00,0.00,52793285,93483078,0,0
18446744069706.66,571392.04,571392.04,249529.25,0.00,0.00,0.00,107.77,0.00,195720662.21,202661559.60,0.00,0.00,0.00,0.00,52793285,93483078,0,0
18446744069708.67,571392.04,571392.04,249617.24,0.00,0.00,0.00,87.99,0.00,195720662.21,202661559.60,0.00,0.00,0.00,0.00,52793285,93483078,0,0
18446744069710.67,571392.04,571392.04,249728.27,0.00,0.00,0.00,111.03,0.00,195720662.21,202661559.60,0.00,0.00,0.00,0.00,52793285,93483078,0,0
18446744069712.67,571392.04,571392.04,249833.09,0.00,0.00,0.00,104.82,0.00,195720662.21,202661559.60,0.00,0.00,0.00,0.00,52793285,93483078,0,0
18446744069714.67,571392.04,571392.04,249924.04,0.00,0.00,0.00,90.95,0.00,195720662.21,202661559.60,0.00,0.00,0.00,0.00,52793285,93483078,0,0
18446744069716.67,571392.04,571392.04,250031.44,0.00,0.00,0.00,107.40,0.00,195720662.21,202661559.60,0.00,0.00,0.00,0.00,52793285,93483078,0,0
18446744069718.67,571392.04,571392.04,250139.83,0.00,0.00,0.00,108.39,0.00,195720662.21,202661559.60,0.00,0.00,0.00,0.00,52793285,93483078,0,0
18446744069720.68,571392.04,571392.04,250246.91,0.00,0.00,0.00,107.08,0.00,195720662.21,202661559.60,0.00,0.00,0.00,0.00,52793285,93483078,0,0
18446744069722.68,571392.04,571392.04,250355.02,0.00,0.00,0.00,108.11,0.00,195720662.21,202661559.60,0.00,0.00,0.00,0.00,52793285,93483078,0,0
18446744069724.68,571392.04,571392.04,250462.63,0.00,0.00,0.00,107.62,0.00,195720662.21,202661559.60,0.00,0.00,0.00,0.00,52793285,93483078,0,0
18446744069726.68,571392.04,571392.04,250569.69,0.00,0.00,0.00,107.05,0.00,195720662.21,202661559.60,0.00,0.00,0.00,0.00,52793285,93483078,0,0
18446744069728.69,571392.04,571392.04,250676.42,0.00,0.00,0.00,106.73,0.00,195720662.21,202661559.60,0.00,0.00,0.00,0.00,52793285,93483078,0,0
18446744069730.69,571392.04,571392.04,250784.53,0.00,0.00,0.00,108.11,0.00,195720662.21,202661559.60,0.00,0.00,0.00,0.00,52793285,93483078,0,0
18446744069732.69,571392.04,571392.04,250892.46,0.00,0.00,0.00,107.93,0.00,195720662.21,202661559.60,0.00,0.00,0.00,0.00,52793285,93483078,0,0
18446744069734.69,571392.04,571392.04,250999.29,0.00,0.00,0.00,106.83,0.00,195720662.21,202661559.60,0.00,0.00,0.00,0.00,52793285,93483078,0,0
18446744069736.70,571392.04,571392.04,251107.12,0.00,0.00,0.00,107.84,0.00,195720662.21,202661559.60,0.00,0.00,0.00,0.00,52793285,93483078,0,0
18446744069738.70,571392.04,571392.04,251208.48,0.00,0.00,0.00,101.36,0.00,195720662.21,202661559.60,0.00,0.00,0.00,0.00,52793285,93483078,0,0
18446744069740.70,571392.04,571392.04,251335.25,0.00,0.00,0.00,126.77,0.00,195720662.21,202661559.60,0.00,0.00,0.00,0.00,52793285,93483078,0,0
18446744069742.70,571392.04,571392.04,251456.94,0.00,0.00,0.00,121.69,0.00,195720662.21,202661559.60,0.00,0.00,0.00,0.00,52793285,93483078,0,0
18446744069744.70,571392.04,571392.04,251567.59,0.00,0.00,0.00,110.66,0.00,195720662.21,202661559.60,0.00,0.00,0.00,0.00,52793285,93483078,0,0
18446744069746.70,571392.04,571392.04,251685.41,0.00,0.00,0.00,117.81,0.00,195720662.21,202661559.60,0.00,0.00,0.00,0.00,52793285,93483078,0,0
18446744069748.70,571392.04,571392.04,251813.03,0.00,0.00,0.00,127.62,0.00,195720662.21,202661559.60,0.00,0.00,0.00,0.00,52793285,93483078,0,0
18446744069750.70,571392.04,571392.04,251939.92,0.00,0.00,0.00,126.89,0.00,195720662.21,202661559.60,0.00,0.00,0.00,0.00,52793285,93483078,0,0
18446744069752.71,571392.04,571392.04,252045.32,0.00,0.00,0.00,105.40,0.00,195720662.21,202661559.60,0.00,0.00,0.00,0.00,52793285,93483078,0,0
18446744069754.71,571392.04,571392.04,252172.67,0.00,0.00,0.00,127.35,0.00,195720662.21,202661559.60,0.00,0.00,0.00,0.00,52793285,93483078,0,0
18446744069756.71,571392.04,571392.04,252300.98,0.00,0.00,0.00,128.31,0.00,195720662.21,202661559.60,0.00,0.00,0.00,0.00,52793285,93483078,0,0
18446744069758.73,571392.04,571392.04,252428.09,0.00,0.00,0.00,127.10,0.00,195720662.21,202661559.60,0.00,0.00,0.00,0.00,52793285,93483078,0,0
18446744069760.73,571392.04,571392.04,252555.53,0.00,0.00,0.00,127.45,0.00,195720662.21,202661559.60,0.00,0.00,0.00,0.00,52793285,93483078,0,0
18446744069762.73,571392.04,571392.04,252682.29,0.00,0.00,0.00,126.76,0.00,195720662.21,202661559.60,0.00,0.00,0.00,0.00,52793285,93483078,0,0
18446744069764.73,571392.04,571392.04,252796.19,0.00,0.00,0.00,113.90,0.00,195720662.21,202661559.60,0.00,0.00,0.00,0.00,52793285,93483078,0,0
18446744069766.73,571392.04,571392.04,252901.96,0.00,0.00,0.00,105.77,0.00,195720662.21,202661559.60,0.00,0.00,0.00,0.00,52793285,93483078,0,0
18446744069768.73,571392.04,571392.04,252987.62,0.00,0.00,0.00,85.66,0.00,195720662.21,202661559.60,0.00,0.00,0.00,0.00,52793285,93483078,0,0
18446744069770.74,571392.04,571392.04,253097.20,0.00,0.00,0.00,109.57,0.00,195720662.21,202661559.60,0.00,0.00,0.00,0.00,52793285,93483078,0,0
18446744069772.75,571392.04,571392.04,253216.99,0.00,0.00,0.00,119.80,0.00,195720662.21,202661559.60,0.00,0.00,0.00,0.00,52793285,93483078,0,0
18446744069774.75,571392.04,571392.04,253322.18,0.00,0.00,0.00,105.19,0.00,195720662.21,202661559.60,0.00,0.00,0.00,0.00,52793285,93483078,0,0
18446744069776.75,571392.04,571392.04,253449.16,0.00,0.00,0.00,126.98,0.00,195720662.21,202661559.60,0.00,0.00,0.00,0.00,52793285,93483078,0,0
18446744069778.75,571392.04,571392.04,253569.08,0.00,0.00,0.00,119.91,0.00,195720662.21,202661559.60,0.00,0.00,0.00,0.00,52793285,93483078,0,0
18446744069780.76,571392.04,571392.04,253693.26,0.00,0.00,0.00,124.18,0.00,195720662.21,202661559.60,0.00,0.00,0.00,0.00,52793285,93483078,0,0
18446744069782.76,571392.04,571392.04,253815.48,0.00,0.00,0.00,122.23,0.00,195720662.21,202661559.60,0.00,0.00,0.00,0.00,52793285,93483078,0,0
18446744069784.76,571392.04,571392.04,253940.16,0.00,0.00,0.00,124.67,0.00,195720662.21,202661559.60,0.00,0.00,0.00,0.00,52793285,93483078,0,0
18446744069786.76,571392.04,571392.04,254064.34,0.00,0.00,0.00,124.18,0.00,195720662.21,202661559.60,0.00,0.00,0.00,0.00,52793285,93483078,0,0
18446744069788.77,571392.04,571392.04,254187.05,0.00,0.00,0.00,122.72,0.00,195720662.21,202661559.60,0.00,0.00,0.00,0.00,52793285,93483078,0,0
18446744069790.77,571392.04,571392.04,254311.23,0.00,0.00,0.00,124.18,0.00,195720662.21,202661559.60,0.00,0.00,0.00,0.00,52793285,93483078,0,0
18446744069792.77,571392.04,571392.04,254435.41,0.00,0.00,0.00,124.18,0.00,195720662.21,202661559.60,0.00,0.00,0.00,0.00,52793285,93483078,0,0
18446744069794.77,571392.04,571392.04,254558.13,0.00,0.00,0.00,122.72,0.00,195720662.21,202661559.60,0.00,0.00,0.00,0.00,52793285,93483078,0,0
18446744069796.77,571392.04,571392.04,254679.21,0.00,0.00,0.00,121.08,0.00,195720662.21,202661559.60,0.00,0.00,0.00,0.00,52793285,93483078,0,0
18446744069798.77,571392.04,571392.04,254778.73,0.00,0.00,0.00,99.52,0.00,195720662.21,202661559.60,0.00,0.00,0.00,0.00,52793285,93483078,0,0
18446744069800.77,571392.04,571392.04,254882.46,0.00,0.00,0.00,103.73,0.00,195720662.21,202661559.60,0.00,0.00,0.00,0.00,52793285,93483078,0,0
18446744069802.77,571392.04,571392.04,254996.11,0.00,0.00,0.00,113.65,0.00,195720662.21,202661559.60,0.00,0.00,0.00,0.00,52793285,93483078,0,0
18446744069804.77,571392.04,571392.04,255109.31,0.00,0.00,0.00,113.20,0.00,195720662.21,202661559.60,0.00,0.00,0.00,0.00,52793285,93483078,0,0
18446744069806.78,571392.04,571392.04,255237.47,0.00,0.00,0.00,128.16,0.00,195720662.21,202661559.60,0.00,0.00,0.00,0.00,52793285,93483078,0,0
18446744069808.78,571392.04,571392.04,255364.52,0.00,0.00,0.00,127.05,0.00,195720662.21,202661559.60,0.00,0.00,0.00,0.00,52793285,93483078,0,0
18446744069810.78,571392.04,571392.04,255490.21,0.00,0.00,0.00,125.70,0.00,195720662.21,202661559.60,0.00,0.00,0.00,0.00,52793285,93483078,0,0
18446744069812.79,571392.04,571392.04,255615.85,0.00,0.00,0.00,125.64,0.00,195720662.21,202661559.60,0.00,0.00,0.00,0.00,52793285,93483078,0,0
18446744069814.79,571392.04,571392.04,255742.95,0.00,0.00,0.00,127.10,0.00,195720662.21,202661559.60,0.00,0.00,0.00,0.00,52793285,93483078,0,0
18446744069816.79,571392.04,571392.04,255868.59,0.00,0.00,0.00,125.64,0.00,195720662.21,202661559.60,0.00,0.00,0.00,0.00,52793285,93483078,0,0
18446744069818.80,571392.04,571392.04,255995.70,0.00,0.00,0.00,127.10,0.00,195720662.21,202661559.60,0.00,0.00,0.00,0.00,52793285,93483078,0,0
18446744069820.80,571392.04,571392.04,256108.47,0.00,0.00,0.00,112.77,0.00,195720662.21,202661559.60,0.00,0.00,0.00,0.00,52793285,93483078,0,0
18446744069822.80,571392.04,571392.04,256210.80,0.00,0.00,0.00,102.33,0.00,195720662.21,202661559.60,0.00,0.00,0.00,0.00,52793285,93483078,0,0
18446744069824.81,571392.04,571392.04,256336.09,0.00,0.00,0.00,125.30,0.00,195720662.21,202661559.60,0.00,0.00,0.00,0.00,52793285,93483078,0,0
18446744069826.81,571392.04,571392.04,256457.14,0.00,0.00,0.00,121.05,0.00,195720662.21,202661559.60,0.00,0.00,0.00,0.00,52793285,93483078,0,0
18446744069828.81,571392.04,571392.04,256562.54,0.00,0.00,0.00,105.40,0.00,195720662.21,202661559.60,0.00,0.00,0.00,0.00,52793285,93483078,0,0
18446744069830.81,571392.04,571392.04,256689.09,0.00,0.00,0.00,126.55,0.00,195720662.21,202661559.60,0.00,0.00,0.00,0.00,52793285,93483078,0,0
18446744069832.81,571392.04,571392.04,256807.98,0.00,0.00,0.00,118.89,0.00,195720662.21,202661559.60,0.00,0.00,0.00,0.00,52793285,93483078,0,0
18446744069834.81,571392.04,571392.04,256920.84,0.00,0.00,0.00,112.87,0.00,195720662.21,202661559.60,0.00,0.00,0.00,0.00,52793285,93483078,0,0
18446744069836.81,571392.04,571392.04,257038.80,0.00,0.00,0.00,117.96,0.00,195720662.21,202661559.60,0.00,0.00,0.00,0.00,52793285,93483078,0,0
18446744069838.81,571392.04,571392.04,257143.99,0.00,0.00,0.00,105.19,0.00,195720662.21,202661559.60,0.00,0.00,0.00,0.00,52793285,93483078,0,0
18446744069840.81,571392.04,571392.04,257251.58,0.00,0.00,0.00,107.59,0.00,195720662.21,202661559.60,0.00,0.00,0.00,0.00,52793285,93483078,0,0
18446744069842.82,571392.04,571392.04,257358.75,0.00,0.00,0.00,107.17,0.00,195720662.21,202661559.60,0.00,0.00,0.00,0.00,52793285,93483078,0,0
18446744069844.82,571392.04,571392.04,257466.86,0.00,0.00,0.00,108.11,0.00,195720662.21,202661559.60,0.00,0.00,0.00,0.00,52793285,93483078,0,0
18446744069846.82,571392.04,571392.04,257573.51,0.00,0.00,0.00,106.65,0.00,195720662.21,202661559.60,0.00,0.00,0.00,0.00,52793285,93483078,0,0
18446744069848.82,571392.04,571392.04,257681.62,0.00,0.00,0.00,108.11,0.00,195720662.21,202661559.60,0.00,0.00,0.00,0.00,52793285,93483078,0,0
18446744069850.82,571392.04,571392.04,257788.27,0.00,0.00,0.00,106.65,0.00,195720662.21,202661559.60,0.00,0.00,0.00,0.00,52793285,93483078,0,0
18446744069852.83,571392.04,571392.04,257896.38,0.00,0.00,0.00,108.11,0.00,195720662.21,202661559.60,0.00,0.00,0.00,0.00,52793285,93483078,0,0
18446744069854.83,571392.04,571392.04,258004.48,0.00,0.00,0.00,108.11,0.00,195720662.21,202661559.60,0.00,0.00,0.00,0.00,52793285,93483078,0,0
18446744069856.84,571392.04,571392.04,258107.44,0.00,0.00,0.00,102.95,0.00,195720662.21,202661559.60,0.00,0.00,0.00,0.00,52793285,93483078,0,0
18446744069858.84,571392.04,571392.04,258200.25,0.00,0.00,0.00,92.81,0.00,195720662.21,202661559.60,0.00,0.00,0.00,0.00,52793285,93483078,0,0
18446744069860.84,571392.04,571392.04,258308.36,0.00,0.00,0.00,108.11,0.00,195720662.21,202661559.60,0.00,0.00,0.00,0.00,52793285,93483078,0,0
18446744069862.84,571392.04,571392.04,258411.88,0.00,0.00,0.00,103.52,0.00,195720662.21,202661559.60,0.00,0.00,0.00,0.00,52793285,93483078,0,0
18446744069864.84,571392.04,571392.04,258505.59,0.00,0.00,0.00,93.71,0.00,195720662.21,202661559.60,0.00,0.00,0.00,0.00,52793285,93483078,0,0
18446744069866.84,571392.04,571392.04,258612.23,0.00,0.00,0.00,106.65,0.00,195720662.21,202661559.60,0.00,0.00,0.00,0.00,52793285,93483078,0,0
18446744069868.85,571392.04,571392.04,258720.34,0.00,0.00,0.00,108.11,0.00,195720662.21,202661559.60,0.00,0.00,0.00,0.00,52793285,93483078,0,0
18446744069870.86,571392.04,571392.04,258828.45,0.00,0.00,0.00,108.11,0.00,195720662.21,202661559.60,0.00,0.00,0.00,0.00,52793285,93483078,0,0
18446744069872.87,571392.04,571392.04,258936.56,0.00,0.00,0.00,108.11,0.00,195720662.21,202661559.60,0.00,0.00,0.00,0.00,52793285,93483078,0,0
18446744069874.87,571392.04,571392.04,259044.67,0.00,0.00,0.00,108.11,0.00,195720662.21,202661559.60,0.00,0.00,0.00,0.00,52793285,93483078,0,0
18446744069876.88,571392.04,571392.04,259152.78,0.00,0.00,0.00,108.11,0.00,195720662.21,202661559.60,0.00,0.00,0.00,0.00,52793285,93483078,0,0
18446744069878.88,571392.04,571392.04,259260.89,0.00,0.00,0.00,108.11,0.00,195720662.21,202661559.60,0.00,0.00,0.00,0.00,52793285,93483078,0,0
18446744069880.88,571392.04,571392.04,259369.00,0.00,0.00,0.00,108.11,0.00,195720662.21,202661559.60,0.00,0.00,0.00,0.00,52793285,93483078,0,0
18446744069882.88,571392.04,571392.04,259477.11,0.00,0.00,0.00,108.11,0.00,195720662.21,202661559.60,0.00,0.00,0.00,0.00,52793285,93483078,0,0
18446744069884.88,571392.04,571392.04,259585.22,0.00,0.00,0.00,108.11,0.00,195720662.21,202661559.60,0.00,0.00,0.00,0.00,52793285,93483078,0,0
18446744069886.88,571392.04,571392.04,259685.41,0.00,0.00,0.00,100.19,0.00,195720662.21,202661559.60,0.00,0.00,0.00,0.00,52793285,93483078,0,0
18446744069888.88,571392.04,571392.04,259790.44,0.00,0.00,0.00,105.03,0.00,195720662.21,202661559.60,0.00,0.00,0.00,0.00,52793285,93483078,0,0
18446744069890.89,571392.04,571392.04,259916.85,0.00,0.00,0.00,126.41,0.00,195720662.21,202661559.60,0.00,0.00,0.00,0.00,52793285,93483078,0,0
18446744069892.89,571392.04,571392.04,260036.65,0.00,0.00,0.00,119.80,0.00,195720662.21,202661559.60,0.00,0.00,0.00,0.00,52793285,93483078,0,0
18446744069894.90,571392.04,571392.04,260149.14,0.00,0.00,0.00,112.49,0.00,195720662.21,202661559.60,0.00,0.00,0.00,0.00,52793285,93483078,0,0
18446744069896.90,571392.04,571392.04,260276.24,0.00,0.00,0.00,127.10,0.00,195720662.21,202661559.60,0.00,0.00,0.00,0.00,52793285,93483078,0,0
18446744069898.90,571392.04,571392.04,260403.34,0.00,0.00,0.00,127.10,0.00,195720662.21,202661559.60,0.00,0.00,0.00,0.00,52793285,93483078,0,0
18446744069900.91,571392.04,571392.04,260529.73,0.00,0.00,0.00,126.39,0.00,195720662.21,202661559.60,0.00,0.00,0.00,0.00,52793285,93483078,0,0
18446744069902.90,571392.04,571392.04,260655.59,0.00,0.00,0.00,125.86,0.00,195720662.21,202661559.60,0.00,0.00,0.00,0.00,52793285,93483078,0,0
18446744069904.91,571392.04,571392.04,260780.27,0.00,0.00,0.00,124.67,0.00,195720662.21,202661559.60,0.00,0.00,0.00,0.00,52793285,93483078,0,0
18446744069906.91,571392.04,571392.04,260907.37,0.00,0.00,0.00,127.10,0.00,195720662.21,202661559.60,0.00,0.00,0.00,0.00,52793285,93483078,0,0
18446744069908.91,571392.04,571392.04,261033.01,0.00,0.00,0.00,125.64,0.00,195720662.21,202661559.60,0.00,0.00,0.00,0.00,52793285,93483078,0,0
18446744069910.92,571392.04,571392.04,261160.11,0.00,0.00,0.00,127.10,0.00,195720662.21,202661559.60,0.00,0.00,0.00,0.00,52793285,93483078,0,0
18446744069912.91,571392.04,571392.04,261285.75,0.00,0.00,0.00,125.64,0.00,195720662.21,202661559.60,0.00,0.00,0.00,0.00,52793285,93483078,0,0
18446744069914.92,571392.04,571392.04,261412.85,0.00,0.00,0.00,127.10,0.00,195720662.21,202661559.60,0.00,0.00,0.00,0.00,52793285,93483078,0,0
18446744069916.92,571392.04,571392.04,261529.20,0.00,0.00,0.00,116.35,0.00,195720662.21,202661559.60,0.00,0.00,0.00,0.00,52793285,93483078,0,0
18446744069918.92,571392.04,571392.04,261643.00,0.00,0.00,0.00,113.80,0.00,195720662.21,202661559.60,0.00,0.00,0.00,0.00,52793285,93483078,0,0
18446744069920.92,571392.04,571392.04,261768.67,0.00,0.00,0.00,125.67,0.00,195720662.21,202661559.60,0.00,0.00,0.00,0.00,52793285,93483078,0,0
18446744069922.93,571392.04,571392.04,261887.66,0.00,0.00,0.00,118.98,0.00,195720662.21,202661559.60,0.00,0.00,0.00,0.00,52793285,93483078,0,0
18446744069924.93,571392.04,571392.04,262000.62,0.00,0.00,0.00,112.96,0.00,195720662.21,202661559.60,0.00,0.00,0.00,0.00,52793285,93483078,0,0
18446744069926.93,571392.04,571392.04,262120.54,0.00,0.00,0.00,119.92,0.00,195720662.21,202661559.60,0.00,0.00,0.00,0.00,52793285,93483078,0,0
18446744069928.93,571392.04,571392.04,262246.65,0.00,0.00,0.00,126.11,0.00,195720662.21,202661559.60,0.00,0.00,0.00,0.00,52793285,93483078,0,0
18446744069930.93,571392.04,571392.04,262372.69,0.00,0.00,0.00,126.04,0.00,195720662.21,202661559.60,0.00,0.00,0.00,0.00,52793285,93483078,0,0
18446744069932.93,571392.04,571392.04,262499.11,0.00,0.00,0.00,126.42,0.00,195720662.21,202661559.60,0.00,0.00,0.00,0.00,52793285,93483078,0,0
18446744069934.94,571392.04,571392.04,262625.43,0.00,0.00,0.00,126.32,0.00,195720662.21,202661559.60,0.00,0.00,0.00,0.00,52793285,93483078,0,0
18446744069936.94,571392.04,571392.04,262752.32,0.00,0.00,0.00,126.89,0.00,195720662.21,202661559.60,0.00,0.00,0.00,0.00,52793285,93483078,0,0
18446744069938.94,571392.04,571392.04,262878.17,0.00,0.00,0.00,125.85,0.00,195720662.21,202661559.60,0.00,0.00,0.00,0.00,52793285,93483078,0,0
18446744069940.94,571392.04,571392.04,263004.09,0.00,0.00,0.00,125.92,0.00,195720662.21,202661559.60,0.00,0.00,0.00,0.00,52793285,93483078,0,0
18446744069942.94,571392.04,571392.04,263129.45,0.00,0.00,0.00,125.36,0.00,195720662.21,202661559.60,0.00,0.00,0.00,0.00,52793285,93483078,0,0
18446744069944.94,571392.04,571392.04,263255.09,0.00,0.00,0.00,125.64,0.00,195720662.21,202661559.60,0.00,0.00,0.00,0.00,52793285,93483078,0,0
18446744069946.95,571392.04,571392.04,263370.51,0.00,0.00,0.00,115.41,0.00,195720662.21,202661559.60,0.00,0.00,0.00,0.00,52793285,93483078,0,0
18446744069948.95,571392.04,571392.04,263497.21,0.00,0.00,0.00,126.70,0.00,195720662.21,202661559.60,0.00,0.00,0.00,0.00,52793285,93483078,0,0
18446744069950.95,571392.04,571392.04,263623.25,0.00,0.00,0.00,126.04,0.00,195720662.21,202661559.60,0.00,0.00,0.00,0.00,52793285,93483078,0,0
18446744069952.95,571392.04,571392.04,263740.12,0.00,0.00,0.00,116.88,0.00,195720662.21,202661559.60,0.00,0.00,0.00,0.00,52793285,93483078,0,0
18446744069954.96,571392.04,571392.04,263845.88,0.00,0.00,0.00,105.75,0.00,195720662.21,202661559.60,0.00,0.00,0.00,0.00,52793285,93483078,0,0
18446744069956.96,571392.04,571392.04,263953.42,0.00,0.00,0.00,107.55,0.00,195720662.21,202661559.60,0.00,0.00,0.00,0.00,52793285,93483078,0,0
18446744069958.96,571392.04,571392.04,264060.60,0.00,0.00,0.00,107.18,0.00,195720662.21,202661559.60,0.00,0.00,0.00,0.00,52793285,93483078,0,0
18446744069960.96,571392.04,571392.04,264168.84,0.00,0.00,0.00,108.23,0.00,195720662.21,202661559.60,0.00,0.00,0.00,0.00,52793285,93483078,0,0
18446744069962.96,571392.04,571392.04,264276.79,0.00,0.00,0.00,107.95,0.00,195720662.21,202661559.60,0.00,0.00,0.00,0.00,52793285,93483078,0,0
18446744069964.96,571392.04,571392.04,264384.34,0.00,0.00,0.00,107.55,0.00,195720662.21,202661559.60,0.00,0.00,0.00,0.00,52793285,93483078,0,0
18446744069966.96,571392.04,571392.04,264491.70,0.00,0.00,0.00,107.36,0.00,195720662.21,202661559.60,0.00,0.00,0.00,0.00,52793285,93483078,0,0
18446744069968.96,571392.04,571392.04,264599.16,0.00,0.00,0.00,107.45,0.00,195720662.21,202661559.60,0.00,0.00,0.00,0.00,52793285,93483078,0,0
18446744069970.96,571392.04,571392.04,264705.80,0.00,0.00,0.00,106.65,0.00,195720662.21,202661559.60,0.00,0.00,0.00,0.00,52793285,93483078,0,0
18446744069972.96,571392.04,571392.04,264822.68,0.00,0.00,0.00,116.88,0.00,195720662.21,202661559.60,0.00,0.00,0.00,0.00,52793285,93483078,0,0
18446744069974.96,571392.04,571392.04,264949.78,0.00,0.00,0.00,127.10,0.00,195720662.21,202661559.60,0.00,0.00,0.00,0.00,52793285,93483078,0,0
18446744069976.96,571392.04,571392.04,265069.58,0.00,0.00,0.00,119.80,0.00,195720662.21,202661559.60,0.00,0.00,0.00,0.00,52793285,93483078,0,0
18446744069978.97,571392.04,571392.04,265193.76,0.00,0.00,0.00,124.18,0.00,195720662.21,202661559.60,0.00,0.00,0.00,0.00,52793285,93483078,0,0
18446744069980.97,571392.04,571392.04,265320.30,0.00,0.00,0.00,126.55,0.00,195720662.21,202661559.60,0.00,0.00,0.00,0.00,52793285,93483078,0,0
18446744069982.97,571392.04,571392.04,265439.79,0.00,0.00,0.00,119.48,0.00,195720662.21,202661559.60,0.00,0.00,0.00,0.00,52793285,93483078,0,0
18446744069984.97,571392.04,571392.04,265564.50,0.00,0.00,0.00,124.71,0.00,195720662.21,202661559.60,0.00,0.00,0.00,0.00,52793285,93483078,0,0
18446744069986.98,571392.04,571392.04,265690.48,0.00,0.00,0.00,125.98,0.00,195720662.21,202661559.60,0.00,0.00,0.00,0.00,52793285,93483078,0,0
18446744069988.98,571392.04,571392.04,265812.80,0.00,0.00,0.00,122.32,0.00,195720662.21,202661559.60,0.00,0.00,0.00,0.00,52793285,93483078,0,0
18446744069990.98,571392.04,571392.04,265923.42,0.00,0.00,0.00,110.62,0.00,195720662.21,202661559.60,0.00,0.00,0.00,0.00,52793285,93483078,0,0
18446744069992.98,571392.04,571392.04,266041.10,0.00,0.00,0.00,117.68,0.00,195720662.21,202661559.60,0.00,0.00,0.00,0.00,52793285,93483078,0,0
18446744069994.98,571392.04,571392.04,266159.44,0.00,0.00,0.00,118.34,0.00,195720662.21,202661559.60,0.00,0.00,0.00,0.00,52793285,93483078,0,0
18446744069996.98,571392.04,571392.04,266285.86,0.00,0.00,0.00,126.42,0.00,195720662.21,202661559.60,0.00,0.00,0.00,0.00,52793285,93483078,0,0
18446744069998.98,571392.04,571392.04,266412.18,0.00,0.00,0.00,126.32,0.00,195720662.21,202661559.60,0.00,0.00,0.00,0.00,52793285,93483078,0,0
18446744070000.98,571392.04,571392.04,266537.82,0.00,0.00,0.00,125.64,0.00,195720662.21,202661559.60,0.00,0.00,0.00,0.00,52793285,93483078,0,0
18446744070002.98,571392.04,571392.04,266662.88,0.00,0.00,0.00,125.05,0.00,195720662.21,202661559.60,0.00,0.00,0.00,0.00,52793285,93483078,0,0
18446744070004.98,571392.04,571392.04,266788.95,0.00,0.00,0.00,126.08,0.00,195720662.21,202661559.60,0.00,0.00,0.00,0.00,52793285,93483078,0,0
18446744070006.99,571392.04,571392.04,266904.52,0.00,0.00,0.00,115.56,0.00,195720662.21,202661559.60,0.00,0.00,0.00,0.00,52793285,93483078,0,0
18446744070009.00,571392.04,571392.04,267031.62,0.00,0.00,0.00,127.10,0.00,195720662.21,202661559.60,0.00,0.00,0.00,0.00,52793285,93483078,0,0
18446744070011.00,571392.04,571392.04,267144.05,0.00,0.00,0.00,112.44,0.00,195720662.21,202661559.60,0.00,0.00,0.00,0.00,52793285,93483078,0,0
18446744070013.00,571392.04,571392.04,267245.88,0.00,0.00,0.00,101.83,0.00,195720662.21,202661559.60,0.00,0.00,0.00,0.00,52793285,93483078,0,0
18446744070015.00,571392.04,571392.04,267370.55,0.00,0.00,0.00,124.67,0.00,195720662.21,202661559.60,0.00,0.00,0.00,0.00,52793285,93483078,0,0
18446744070017.00,571392.04,571392.04,267497.04,0.00,0.00,0.00,126.48,0.00,195720662.21,202661559.60,0.00,0.00,0.00,0.00,52793285,93483078,0,0
18446744070019.00,571392.04,571392.04,267623.30,0.00,0.00,0.00,126.26,0.00,195720662.21,202661559.60,0.00,0.00,0.00,0.00,52793285,93483078,0,0
18446744070021.00,571392.04,571392.04,267750.40,0.00,0.00,0.00,127.10,0.00,195720662.21,202661559.60,0.00,0.00,0.00,0.00,52793285,93483078,0,0
18446744070023.01,571392.04,571392.04,267877.16,0.00,0.00,0.00,126.77,0.00,195720662.21,202661559.60,0.00,0.00,0.00,0.00,52793285,93483078,0,0
18446744070025.01,571392.04,571392.04,268002.27,0.00,0.00,0.00,125.11,0.00,195720662.21,202661559.60,0.00,0.00,0.00,0.00,52793285,93483078,0,0
18446744070027.01,571392.04,571392.04,268122.94,0.00,0.00,0.00,120.66,0.00,195720662.21,202661559.60,0.00,0.00,0.00,0.00,52793285,93483078,0,0
18446744070029.01,571392.04,571392.04,268249.33,0.00,0.00,0.00,126.39,0.00,195720662.21,202661559.60,0.00,0.00,0.00,0.00,52793285,93483078,0,0
18446744070031.01,571392.04,571392.04,268372.45,0.00,0.00,0.00,123.12,0.00,195720662.21,202661559.60,0.00,0.00,0.00,0.00,52793285,93483078,0,0
18446744070033.01,571392.04,571392.04,268488.17,0.00,0.00,0.00,115.72,0.00,195720662.21,202661559.60,0.00,0.00,0.00,0.00,52793285,93483078,0,0
18446744070035.01,571392.04,571392.04,268602.12,0.00,0.00,0.00,113.95,0.00,195720662.21,202661559.60,0.00,0.00,0.00,0.00,52793285,93483078,0,0
18446744070037.01,571392.04,571392.04,268697.93,0.00,0.00,0.00,95.80,0.00,195720662.21,202661559.60,0.00,0.00,0.00,0.00,52793285,93483078,0,0
18446744070039.02,571392.04,571392.04,268805.20,0.00,0.00,0.00,107.27,0.00,195720662.21,202661559.60,0.00,0.00,0.00,0.00,52793285,93483078,0,0
18446744070041.02,571392.04,571392.04,268926.45,0.00,0.00,0.00,121.26,0.00,195720662.21,202661559.60,0.00,0.00,0.00,0.00,52793285,93483078,0,0
18446744070043.02,571392.04,571392.04,269046.25,0.00,0.00,0.00,119.80,0.00,195720662.21,202661559.60,0.00,0.00,0.00,0.00,52793285,93483078,0,0
18446744070045.02,571392.04,571392.04,269170.43,0.00,0.00,0.00,124.18,0.00,195720662.21,202661559.60,0.00,0.00,0.00,0.00,52793285,93483078,0,0
18446744070047.03,571392.04,571392.04,269290.23,0.00,0.00,0.00,119.80,0.00,195720662.21,202661559.60,0.00,0.00,0.00,0.00,52793285,93483078,0,0
18446744070049.03,571392.04,571392.04,269393.95,0.00,0.00,0.00,103.73,0.00,195720662.21,202661559.60,0.00,0.00,0.00,0.00,52793285,93483078,0,0
18446744070051.04,571392.04,571392.04,269497.68,0.00,0.00,0.00,103.73,0.00,195720662.21,202661559.60,0.00,0.00,0.00,0.00,52793285,93483078,0,0
18446744070053.04,571392.04,571392.04,269602.87,0.00,0.00,0.00,105.19,0.00,195720662.21,202661559.60,0.00,0.00,0.00,0.00,52793285,93483078,0,0
18446744070055.05,571392.04,571392.04,269708.05,0.00,0.00,0.00,105.19,0.00,195720662.21,202661559.60,0.00,0.00,0.00,0.00,52793285,93483078,0,0
18446744070057.05,571392.04,571392.04,269813.24,0.00,0.00,0.00,105.19,0.00,195720662.21,202661559.60,0.00,0.00,0.00,0.00,52793285,93483078,0,0
18446744070059.04,571392.04,571392.04,269918.43,0.00,0.00,0.00,105.19,0.00,195720662.21,202661559.60,0.00,0.00,0.00,0.00,52793285,93483078,0,0
18446744070061.05,571392.04,571392.04,270024.05,0.00,0.00,0.00,105.62,0.00,195720662.21,202661559.60,0.00,0.00,0.00,0.00,52793285,93483078,0,0
18446744070063.05,571392.04,571392.04,270128.80,0.00,0.00,0.00,104.75,0.00,195720662.21,202661559.60,0.00,0.00,0.00,0.00,52793285,93483078,0,0
18446744070065.05,571392.04,571392.04,270235.45,0.00,0.00,0.00,106.65,0.00,195720662.21,202661559.60,0.00,0.00,0.00,0.00,52793285,93483078,0,0
18446744070067.06,571392.04,571392.04,270337.72,0.00,0.00,0.00,102.27,0.00,195720662.21,202661559.60,0.00,0.00,0.00,0.00,52793285,93483078,0,0
18446744070069.06,571392.04,571392.04,270439.98,0.00,0.00,0.00,102.27,0.00,195720662.21,202661559.60,0.00,0.00,0.00,0.00,52793285,93483078,0,0
18446744070071.06,571392.04,571392.04,270542.66,0.00,0.00,0.00,102.67,0.00,195720662.21,202661559.60,0.00,0.00,0.00,0.00,52793285,93483078,0,0
18446744070073.06,571392.04,571392.04,270641.59,0.00,0.00,0.00,98.94,0.00,195720662.21,202661559.60,0.00,0.00,0.00,0.00,52793285,93483078,0,0
18446744070075.07,571392.04,571392.04,270745.32,0.00,0.00,0.00,103.73,0.00,195720662.21,202661559.60,0.00,0.00,0.00,0.00,52793285,93483078,0,0
18446744070077.07,571392.04,571392.04,270850.79,0.00,0.00,0.00,105.47,0.00,195720662.21,202661559.60,0.00,0.00,0.00,0.00,52793285,93483078,0,0
18446744070079.07,571392.04,571392.04,270955.70,0.00,0.00,0.00,104.91,0.00,195720662.21,202661559.60,0.00,0.00,0.00,0.00,52793285,93483078,0,0
18446744070081.07,571392.04,571392.04,271060.88,0.00,0.00,0.00,105.19,0.00,195720662.21,202661559.60,0.00,0.00,0.00,0.00,52793285,93483078,0,0
18446744070083.07,571392.04,571392.04,271166.07,0.00,0.00,0.00,105.19,0.00,195720662.21,202661559.60,0.00,0.00,0.00,0.00,52793285,93483078,0,0
18446744070085.08,571392.04,571392.04,271271.26,0.00,0.00,0.00,105.19,0.00,195720662.21,202661559.60,0.00,0.00,0.00,0.00,52793285,93483078,0,0
18446744070087.08,571392.04,571392.04,271374.98,0.00,0.00,0.00,103.73,0.00,195720662.21,202661559.60,0.00,0.00,0.00,0.00,52793285,93483078,0,0
18446744070089.08,571392.04,571392.04,271480.70,0.00,0.00,0.00,105.72,0.00,195720662.21,202661559.60,0.00,0.00,0.00,0.00,52793285,93483078,0,0
18446744070091.08,571392.04,571392.04,271585.89,0.00,0.00,0.00,105.19,0.00,195720662.21,202661559.60,0.00,0.00,0.00,0.00,52793285,93483078,0,0
18446744070093.09,571392.04,571392.04,271690.55,0.00,0.00,0.00,104.66,0.00,195720662.21,202661559.60,0.00,0.00,0.00,0.00,52793285,93483078,0,0
18446744070095.09,571392.04,571392.04,271795.73,0.00,0.00,0.00,105.19,0.00,195720662.21,202661559.60,0.00,0.00,0.00,0.00,52793285,93483078,0,0
18446744070097.09,571392.04,571392.04,271895.08,0.00,0.00,0.00,99.34,0.00,195720662.21,202661559.60,0.00,0.00,0.00,0.00,52793285,93483078,0,0
18446744070099.09,571392.04,571392.04,272011.80,0.00,0.00,0.00,116.73,0.00,195720662.21,202661559.60,0.00,0.00,0.00,0.00,52793285,93483078,0,0
18446744070101.11,571392.04,571392.04,272120.06,0.00,0.00,0.00,108.26,0.00,195720662.21,202661559.60,0.00,0.00,0.00,0.00,52793285,93483078,0,0
18446744070103.11,571392.04,571392.04,272218.95,0.00,0.00,0.00,98.88,0.00,195720662.21,202661559.60,0.00,0.00,0.00,0.00,52793285,93483078,0,0
18446744070105.11,571392.04,571392.04,272323.13,0.00,0.00,0.00,104.19,0.00,195720662.21,202661559.60,0.00,0.00,0.00,0.00,52793285,93483078,0,0
18446744070107.11,571392.04,571392.04,272427.89,0.00,0.00,0.00,104.76,0.00,195720662.21,202661559.60,0.00,0.00,0.00,0.00,52793285,93483078,0,0
18446744070109.11,571392.04,571392.04,272532.61,0.00,0.00,0.00,104.72,0.00,195720662.21,202661559.60,0.00,0.00,0.00,0.00,52793285,93483078,0,0
18446744070111.11,571392.04,571392.04,272637.23,0.00,0.00,0.00,104.62,0.00,195720662.21,202661559.60,0.00,0.00,0.00,0.00,52793285,93483078,0,0
18446744070113.11,571392.04,571392.04,272742.37,0.00,0.00,0.00,105.13,0.00,195720662.21,202661559.60,0.00,0.00,0.00,0.00,52793285,93483078,0,0
18446744070115.11,571392.04,571392.04,272847.05,0.00,0.00,0.00,104.69,0.00,195720662.21,202661559.60,0.00,0.00,0.00,0.00,52793285,93483078,0,0
18446744070117.11,571392.04,571392.04,272951.55,0.00,0.00,0.00,104.50,0.00,195720662.21,202661559.60,0.00,0.00,0.00,0.00,52793285,93483078,0,0
18446744070119.11,571392.04,571392.04,273057.09,0.00,0.00,0.00,105.53,0.00,195720662.21,202661559.60,0.00,0.00,0.00,0.00,52793285,93483078,0,0
18446744070121.11,571392.04,571392.04,273170.14,0.00,0.00,0.00,113.05,0.00,195720662.21,202661559.60,0.00,0.00,0.00,0.00,52793285,93483078,0,0
18446744070123.11,571392.04,571392.04,273279.05,0.00,0.00,0.00,108.91,0.00,195720662.21,202661559.60,0.00,0.00,0.00,0.00,52793285,93483078,0,0
18446744070125.12,571392.04,571392.04,273382.31,0.00,0.00,0.00,103.26,0.00,195720662.21,202661559.60,0.00,0.00,0.00,0.00,52793285,93483078,0,0
18446744070127.12,571392.04,571392.04,273479.48,0.00,0.00,0.00,97.17,0.00,195720662.21,202661559.60,0.00,0.00,0.00,0.00,52793285,93483078,0,0
18446744070129.12,571392.04,571392.04,273583.92,0.00,0.00,0.00,104.44,0.00,195720662.21,202661559.60,0.00,0.00,0.00,0.00,52793285,93483078,0,0
18446744070131.12,571392.04,571392.04,273689.05,0.00,0.00,0.00,105.13,0.00,195720662.21,202661559.60,0.00,0.00,0.00,0.00,52793285,93483078,0,0
18446744070133.13,571392.04,571392.04,273786.99,0.00,0.00,0.00,97.94,0.00,195720662.21,202661559.60,0.00,0.00,0.00,0.00,52793285,93483078,0,0
18446744070135.14,571392.04,571392.04,273890.72,0.00,0.00,0.00,103.73,0.00,195720662.21,202661559.60,0.00,0.00,0.00,0.00,52793285,93483078,0,0
18446744070137.14,571392.04,571392.04,273996.44,0.00,0.00,0.00,105.72,0.00,195720662.21,202661559.60,0.00,0.00,0.00,0.00,52793285,93483078,0,0
18446744070139.14,571392.04,571392.04,274101.66,0.00,0.00,0.00,105.22,0.00,195720662.21,202661559.60,0.00,0.00,0.00,0.00,52793285,93483078,0,0
18446744070141.14,571392.04,571392.04,274206.28,0.00,0.00,0.00,104.62,0.00,195720662.21,202661559.60,0.00,0.00,0.00,0.00,52793285,93483078,0,0
18446744070143.14,571392.04,571392.04,274312.22,0.00,0.00,0.00,105.94,0.00,195720662.21,202661559.60,0.00,0.00,0.00,0.00,52793285,93483078,0,0
18446744070145.15,571392.04,571392.04,274416.66,0.00,0.00,0.00,104.44,0.00,195720662.21,202661559.60,0.00,0.00,0.00,0.00,52793285,93483078,0,0
18446744070147.15,571392.04,571392.04,274516.81,0.00,0.00,0.00,100.16,0.00,195720662.21,202661559.60,0.00,0.00,0.00,0.00,52793285,93483078,0,0
18446744070149.15,571392.04,571392.04,274621.19,0.00,0.00,0.00,104.38,0.00,195720662.21,202661559.60,0.00,0.00,0.00,0.00,52793285,93483078,0,0
18446744070151.16,571392.04,571392.04,274726.38,0.00,0.00,0.00,105.19,0.00,195720662.21,202661559.60,0.00,0.00,0.00,0.00,52793285,93483078,0,0
18446744070153.16,571392.04,571392.04,274831.56,0.00,0.00,0.00,105.19,0.00,195720662.21,202661559.60,0.00,0.00,0.00,0.00,52793285,93483078,0,0
18446744070155.16,571392.04,571392.04,274936.75,0.00,0.00,0.00,105.19,0.00,195720662.21,202661559.60,0.00,0.00,0.00,0.00,52793285,93483078,0,0
18446744070157.16,571392.04,571392.04,275034.63,0.00,0.00,0.00,97.88,0.00,195720662.21,202661559.60,0.00,0.00,0.00,0.00,52793285,93483078,0,0
18446744070159.16,571392.04,571392.04,275152.97,0.00,0.00,0.00,118.34,0.00,195720662.21,202661559.60,0.00,0.00,0.00,0.00,52793285,93483078,0,0
18446744070161.17,571392.04,571392.04,275263.88,0.00,0.00,0.00,110.91,0.00,195720662.21,202661559.60,0.00,0.00,0.00,0.00,52793285,93483078,0,0
18446744070163.17,571392.04,571392.04,275360.42,0.00,0.00,0.00,96.54,0.00,195720662.21,202661559.60,0.00,0.00,0.00,0.00,52793285,93483078,0,0
18446744070165.17,571392.04,571392.04,275464.09,0.00,0.00,0.00,103.67,0.00,195720662.21,202661559.60,0.00,0.00,0.00,0.00,52793285,93483078,0,0
18446744070167.17,571392.04,571392.04,275568.41,0.00,0.00,0.00,104.31,0.00,195720662.21,202661559.60,0.00,0.00,0.00,0.00,52793285,93483078,0,0
18446744070169.18,571392.04,571392.04,275673.06,0.00,0.00,0.00,104.66,0.00,195720662.21,202661559.60,0.00,0.00,0.00,0.00,52793285,93483078,0,0
18446744070171.18,571392.04,571392.04,275778.25,0.00,0.00,0.00,105.19,0.00,195720662.21,202661559.60,0.00,0.00,0.00,0.00,52793285,93483078,0,0
18446744070173.19,571392.04,571392.04,275883.44,0.00,0.00,0.00,105.19,0.00,195720662.21,202661559.60,0.00,0.00,0.00,0.00,52793285,93483078,0,0
18446744070175.19,571392.04,571392.04,275988.62,0.00,0.00,0.00,105.19,0.00,195720662.21,202661559.60,0.00,0.00,0.00,0.00,52793285,93483078,0,0
18446744070177.20,571392.04,571392.04,276093.81,0.00,0.00,0.00,105.19,0.00,195720662.21,202661559.60,0.00,0.00,0.00,0.00,52793285,93483078,0,0
18446744070179.20,571392.04,571392.04,276199.00,0.00,0.00,0.00,105.19,0.00,195720662.21,202661559.60,0.00,0.00,0.00,0.00,52793285,93483078,0,0
18446744070181.20,571392.04,571392.04,276304.19,0.00,0.00,0.00,105.19,0.00,195720662.21,202661559.60,0.00,0.00,0.00,0.00,52793285,93483078,0,0
18446744070183.21,571392.04,571392.04,276409.38,0.00,0.00,0.00,105.19,0.00,195720662.21,202661559.60,0.00,0.00,0.00,0.00,52793285,93483078,0,0
18446744070185.21,571392.04,571392.04,276514.56,0.00,0.00,0.00,105.19,0.00,195720662.21,202661559.60,0.00,0.00,0.00,0.00,52793285,93483078,0,0
18446744070187.21,571392.04,571392.04,276609.31,0.00,0.00,0.00,94.75,0.00,195720662.21,202661559.60,0.00,0.00,0.00,0.00,52793285,93483078,0,0
18446744070189.21,571392.04,571392.04,276713.25,0.00,0.00,0.00,103.94,0.00,195720662.21,202661559.60,0.00,0.00,0.00,0.00,52793285,93483078,0,0
18446744070191.22,571392.04,571392.04,276816.98,0.00,0.00,0.00,103.73,0.00,195720662.21,202661559.60,0.00,0.00,0.00,0.00,52793285,93483078,0,0
18446744070193.23,571392.04,571392.04,276911.94,0.00,0.00,0.00,94.96,0.00,195720662.21,202661559.60,0.00,0.00,0.00,0.00,52793285,93483078,0,0
18446744070195.23,571392.04,571392.04,277016.41,0.00,0.00,0.00,104.48,0.00,195720662.21,202661559.60,0.00,0.00,0.00,0.00,52793285,93483078,0,0
18446744070197.23,571392.04,571392.04,277121.60,0.00,0.00,0.00,105.19,0.00,195720662.21,202661559.60,0.00,0.00,0.00,0.00,52793285,93483078,0,0
18446744070199.23,571392.04,571392.04,277226.04,0.00,0.00,0.00,104.44,0.00,195720662.21,202661559.60,0.00,0.00,0.00,0.00,52793285,93483078,0,0
18446744070201.23,571392.04,571392.04,277331.23,0.00,0.00,0.00,105.19,0.00,195720662.21,202661559.60,0.00,0.00,0.00,0.00,52793285,93483078,0,0
18446744070203.23,571392.04,571392.04,277435.23,0.00,0.00,0.00,104.01,0.00,195720662.21,202661559.60,0.00,0.00,0.00,0.00,52793285,93483078,0,0
18446744070205.24,571392.04,571392.04,277540.14,0.00,0.00,0.00,104.91,0.00,195720662.21,202661559.60,0.00,0.00,0.00,0.00,52793285,93483078,0,0
18446744070207.24,571392.04,571392.04,277644.18,0.00,0.00,0.00,104.04,0.00,195720662.21,202661559.60,0.00,0.00,0.00,0.00,52793285,93483078,0,0
18446744070209.24,571392.04,571392.04,277748.50,0.00,0.00,0.00,104.32,0.00,195720662.21,202661559.60,0.00,0.00,0.00,0.00,52793285,93483078,0,0
18446744070211.25,571392.04,571392.04,277852.78,0.00,0.00,0.00,104.28,0.00,195720662.21,202661559.60,0.00,0.00,0.00,0.00,52793285,93483078,0,0
18446744070213.25,571392.04,571392.04,277957.97,0.00,0.00,0.00,105.19,0.00,195720662.21,202661559.60,0.00,0.00,0.00,0.00,52793285,93483078,0,0
18446744070215.25,571392.04,571392.04,278063.16,0.00,0.00,0.00,105.19,0.00,195720662.21,202661559.60,0.00,0.00,0.00,0.00,52793285,93483078,0,0
18446744070217.25,571392.04,571392.04,278161.04,0.00,0.00,0.00,97.88,0.00,195720662.21,202661559.60,0.00,0.00,0.00,0.00,52793285,93483078,0,0
18446744070219.25,571392.04,571392.04,278266.14,0.00,0.00,0.00,105.10,0.00,195720662.21,202661559.60,0.00,0.00,0.00,0.00,52793285,93483078,0,0
18446744070221.25,571392.04,571392.04,278370.39,0.00,0.00,0.00,104.25,0.00,195720662.21,202661559.60,0.00,0.00,0.00,0.00,52793285,93483078,0,0
18446744070223.25,571392.04,571392.04,278467.34,0.00,0.00,0.00,96.95,0.00,195720662.21,202661559.60,0.00,0.00,0.00,0.00,52793285,93483078,0,0
18446744070225.26,571392.04,571392.04,278571.56,0.00,0.00,0.00,104.22,0.00,195720662.21,202661559.60,0.00,0.00,0.00,0.00,52793285,93483078,0,0
18446744070227.26,571392.04,571392.04,278676.75,0.00,0.00,0.00,105.19,0.00,195720662.21,202661559.60,0.00,0.00,0.00,0.00,52793285,93483078,0,0
18446744070229.27,571392.04,571392.04,278780.66,0.00,0.00,0.00,103.91,0.00,195720662.21,202661559.60,0.00,0.00,0.00,0.00,52793285,93483078,0,0
18446744070231.27,571392.04,571392.04,278885.66,0.00,0.00,0.00,105.00,0.00,195720662.21,202661559.60,0.00,0.00,0.00,0.00,52793285,93483078,0,0
18446744070233.27,571392.04,571392.04,278996.08,0.00,0.00,0.00,110.41,0.00,195720662.21,202661559.60,0.00,0.00,0.00,0.00,52793285,93483078,0,0
18446744070235.27,571392.04,571392.04,279116.49,0.00,0.00,0.00,120.41,0.00,195720662.21,202661559.60,0.00,0.00,0.00,0.00,52793285,93483078,0,0
18446744070237.27,571392.04,571392.04,279234.46,0.00,0.00,0.00,117.97,0.00,195720662.21,202661559.60,0.00,0.00,0.00,0.00,52793285,93483078,0,0
18446744070239.27,571392.04,571392.04,279338.50,0.00,0.00,0.00,104.04,0.00,195720662.21,202661559.60,0.00,0.00,0.00,0.00,52793285,93483078,0,0
18446744070241.28,571392.04,571392.04,279443.56,0.00,0.00,0.00,105.06,0.00,195720662.21,202661559.60,0.00,0.00,0.00,0.00,52793285,93483078,0,0
18446744070243.27,571392.04,571392.04,279548.34,0.00,0.00,0.00,104.78,0.00,195720662.21,202661559.60,0.00,0.00,0.00,0.00,52793285,93483078,0,0
18446744070245.28,571392.04,571392.04,279653.56,0.00,0.00,0.00,105.22,0.00,195720662.21,202661559.60,0.00,0.00,0.00,0.00,52793285,93483078,0,0
18446744070247.28,571392.04,571392.04,279749.08,0.00,0.00,0.00,95.52,0.00,195720662.21,202661559.60,0.00,0.00,0.00,0.00,52793285,93483078,0,0
18446744070249.28,571392.04,571392.04,279852.80,0.00,0.00,0.00,103.73,0.00,195720662.21,202661559.60,0.00,0.00,0.00,0.00,52793285,93483078,0,0
18446744070251.29,571392.04,571392.04,279957.99,0.00,0.00,0.00,105.19,0.00,195720662.21,202661559.60,0.00,0.00,0.00,0.00,52793285,93483078,0,0
18446744070253.29,571392.04,571392.04,280056.22,0.00,0.00,0.00,98.23,0.00,195720662.21,202661559.60,0.00,0.00,0.00,0.00,52793285,93483078,0,0
18446744070255.30,571392.04,571392.04,280174.21,0.00,0.00,0.00,117.99,0.00,195720662.21,202661559.60,0.00,0.00,0.00,0.00,52793285,93483078,0,0
18446744070257.30,571392.04,571392.04,280279.40,0.00,0.00,0.00,105.19,0.00,195720662.21,202661559.60,0.00,0.00,0.00,0.00,52793285,93483078,0,0
18446744070259.30,571392.04,571392.04,280384.80,0.00,0.00,0.00,105.41,0.00,195720662.21,202661559.60,0.00,0.00,0.00,0.00,52793285,93483078,0,0
18446744070261.31,571392.04,571392.04,280489.77,0.00,0.00,0.00,104.97,0.00,195720662.21,202661559.60,0.00,0.00,0.00,0.00,52793285,93483078,0,0
18446744070263.31,571392.04,571392.04,280596.09,0.00,0.00,0.00,106.31,0.00,195720662.21,202661559.60,0.00,0.00,0.00,0.00,52793285,93483078,0,0
18446744070265.31,571392.04,571392.04,280700.15,0.00,0.00,0.00,104.06,0.00,195720662.21,202661559.60,0.00,0.00,0.00,0.00,52793285,93483078,0,0
18446744070267.32,571392.04,571392.04,280809.72,0.00,0.00,0.00,109.57,0.00,195720662.21,202661559.60,0.00,0.00,0.00,0.00,52793285,93483078,0,0
18446744070269.32,571392.04,571392.04,280920.75,0.00,0.00,0.00,111.03,0.00,195720662.21,202661559.60,0.00,0.00,0.00,0.00,52793285,93483078,0,0
18446744070271.33,571392.04,571392.04,281028.86,0.00,0.00,0.00,108.11,0.00,195720662.21,202661559.60,0.00,0.00,0.00,0.00,52793285,93483078,0,0
18446744070273.34,571392.04,571392.04,281135.51,0.00,0.00,0.00,106.65,0.00,195720662.21,202661559.60,0.00,0.00,0.00,0.00,52793285,93483078,0,0
18446744070275.34,571392.04,571392.04,281255.68,0.00,0.00,0.00,120.17,0.00,195720662.21,202661559.60,0.00,0.00,0.00,0.00,52793285,93483078,0,0
18446744070277.34,571392.04,571392.04,281356.92,0.00,0.00,0.00,101.24,0.00,195720662.21,202661559.60,0.00,0.00,0.00,0.00,52793285,93483078,0,0
18446744070279.34,571392.04,571392.04,281481.26,0.00,0.00,0.00,124.34,0.00,195720662.21,202661559.60,0.00,0.00,0.00,0.00,52793285,93483078,0,0
18446744070281.34,571392.04,571392.04,281600.03,0.00,0.00,0.00,118.77,0.00,195720662.21,202661559.60,0.00,0.00,0.00,0.00,52793285,93483078,0,0
18446744070283.34,571392.04,571392.04,281702.54,0.00,0.00,0.00,102.51,0.00,195720662.21,202661559.60,0.00,0.00,0.00,0.00,52793285,93483078,0,0
18446744070285.34,571392.04,571392.04,281820.69,0.00,0.00,0.00,118.15,0.00,195720662.21,202661559.60,0.00,0.00,0.00,0.00,52793285,93483078,0,0
18446744070287.34,571392.04,571392.04,281936.10,0.00,0.00,0.00,115.41,0.00,195720662.21,202661559.60,0.00,0.00,0.00,0.00,52793285,93483078,0,0
18446744070289.34,571392.04,571392.04,282041.29,0.00,0.00,0.00,105.19,0.00,195720662.21,202661559.60,0.00,0.00,0.00,0.00,52793285,93483078,0,0
18446744070291.34,571392.04,571392.04,282145.70,0.00,0.00,0.00,104.41,0.00,195720662.21,202661559.60,0.00,0.00,0.00,0.00,52793285,93483078,0,0
18446744070293.34,571392.04,571392.04,282250.20,0.00,0.00,0.00,104.50,0.00,195720662.21,202661559.60,0.00,0.00,0.00,0.00,52793285,93483078,0,0
18446744070295.35,571392.04,571392.04,282355.39,0.00,0.00,0.00,105.19,0.00,195720662.21,202661559.60,0.00,0.00,0.00,0.00,52793285,93483078,0,0
18446744070297.35,571392.04,571392.04,282460.58,0.00,0.00,0.00,105.19,0.00,195720662.21,202661559.60,0.00,0.00,0.00,0.00,52793285,93483078,0,0
18446744070299.36,571392.04,571392.04,282564.30,0.00,0.00,0.00,103.73,0.00,195720662.21,202661559.60,0.00,0.00,0.00,0.00,52793285,93483078,0,0
18446744070301.36,571392.04,571392.04,282669.49,0.00,0.00,0.00,105.19,0.00,195720662.21,202661559.60,0.00,0.00,0.00,0.00,52793285,93483078,0,0
18446744070303.36,571392.04,571392.04,282774.68,0.00,0.00,0.00,105.19,0.00,195720662.21,202661559.60,0.00,0.00,0.00,0.00,52793285,93483078,0,0
18446744070305.36,571392.04,571392.04,282879.87,0.00,0.00,0.00,105.19,0.00,195720662.21,202661559.60,0.00,0.00,0.00,0.00,52793285,93483078,0,0
18446744070307.36,571392.04,571392.04,282973.90,0.00,0.00,0.00,94.03,0.00,195720662.21,202661559.60,0.00,0.00,0.00,0.00,52793285,93483078,0,0
18446744070309.37,571392.04,571392.04,283077.09,0.00,0.00,0.00,103.20,0.00,195720662.21,202661559.60,0.00,0.00,0.00,0.00,52793285,93483078,0,0
18446744070311.37,571392.04,571392.04,283181.70,0.00,0.00,0.00,104.60,0.00,195720662.21,202661559.60,0.00,0.00,0.00,0.00,52793285,93483078,0,0
18446744070313.37,571392.04,571392.04,283275.41,0.00,0.00,0.00,93.72,0.00,195720662.21,202661559.60,0.00,0.00,0.00,0.00,52793285,93483078,0,0
18446744070315.37,571392.04,571392.04,283388.09,0.00,0.00,0.00,112.68,0.00,195720662.21,202661559.60,0.00,0.00,0.00,0.00,52793285,93483078,0,0
18446744070317.38,571392.04,571392.04,283494.92,0.00,0.00,0.00,106.83,0.00,195720662.21,202661559.60,0.00,0.00,0.00,0.00,52793285,93483078,0,0
18446744070319.37,571392.04,571392.04,283600.11,0.00,0.00,0.00,105.19,0.00,195720662.21,202661559.60,0.00,0.00,0.00,0.00,52793285,93483078,0,0
18446744070321.38,571392.04,571392.04,283703.84,0.00,0.00,0.00,103.73,0.00,195720662.21,202661559.60,0.00,0.00,0.00,0.00,52793285,93483078,0,0
18446744070323.39,571392.04,571392.04,283809.02,0.00,0.00,0.00,105.19,0.00,195720662.21,202661559.60,0.00,0.00,0.00,0.00,52793285,93483078,0,0
18446744070325.39,571392.04,571392.04,283914.21,0.00,0.00,0.00,105.19,0.00,195720662.21,202661559.60,0.00,0.00,0.00,0.00,52793285,93483078,0,0
18446744070327.39,571392.04,571392.04,284018.81,0.00,0.00,0.00,104.60,0.00,195720662.21,202661559.60,0.00,0.00,0.00,0.00,52793285,93483078,0,0
18446744070329.39,571392.04,571392.04,284123.12,0.00,0.00,0.00,104.31,0.00,195720662.21,202661559.60,0.00,0.00,0.00,0.00,52793285,93483078,0,0
18446744070331.39,571392.04,571392.04,284228.84,0.00,0.00,0.00,105.72,0.00,195720662.21,202661559.60,0.00,0.00,0.00,0.00,52793285,93483078,0,0
18446744070333.39,571392.04,571392.04,284333.50,0.00,0.00,0.00,104.66,0.00,195720662.21,202661559.60,0.00,0.00,0.00,0.00,52793285,93483078,0,0
18446744070335.39,571392.04,571392.04,284439.19,0.00,0.00,0.00,105.69,0.00,195720662.21,202661559.60,0.00,0.00,0.00,0.00,52793285,93483078,0,0
18446744070337.39,571392.04,571392.04,284536.57,0.00,0.00,0.00,97.38,0.00,195720662.21,202661559.60,0.00,0.00,0.00,0.00,52793285,93483078,0,0
18446744070339.39,571392.04,571392.04,284641.76,0.00,0.00,0.00,105.19,0.00,195720662.21,202661559.60,0.00,0.00,0.00,0.00,52793285,93483078,0,0
18446744070341.39,571392.04,571392.04,284746.64,0.00,0.00,0.00,104.88,0.00,195720662.21,202661559.60,0.00,0.00,0.00,0.00,52793285,93483078,0,0
18446744070343.40,571392.04,571392.04,284843.37,0.00,0.00,0.00,96.73,0.00,195720662.21,202661559.60,0.00,0.00,0.00,0.00,52793285,93483078,0,0
18446744070345.41,571392.04,571392.04,284948.38,0.00,0.00,0.00,105.01,0.00,195720662.21,202661559.60,0.00,0.00,0.00,0.00,52793285,93483078,0,0
18446744070347.41,571392.04,571392.04,285052.28,0.00,0.00,0.00,103.91,0.00,195720662.21,202661559.60,0.00,0.00,0.00,0.00,52793285,93483078,0,0
18446744070349.41,571392.04,571392.04,285156.01,0.00,0.00,0.00,103.73,0.00,195720662.21,202661559.60,0.00,0.00,0.00,0.00,52793285,93483078,0,0
18446744070351.41,571392.04,571392.04,285261.20,0.00,0.00,0.00,105.19,0.00,195720662.21,202661559.60,0.00,0.00,0.00,0.00,52793285,93483078,0,0
18446744070353.41,571392.04,571392.04,285364.62,0.00,0.00,0.00,103.42,0.00,195720662.21,202661559.60,0.00,0.00,0.00,0.00,52793285,93483078,0,0
18446744070355.41,571392.04,571392.04,285469.77,0.00,0.00,0.00,105.16,0.00,195720662.21,202661559.60,0.00,0.00,0.00,0.00,52793285,93483078,0,0
18446744070357.41,571392.04,571392.04,285573.84,0.00,0.00,0.00,104.06,0.00,195720662.21,202661559.60,0.00,0.00,0.00,0.00,52793285,93483078,0,0
18446744070359.41,571392.04,571392.04,285678.59,0.00,0.00,0.00,104.76,0.00,195720662.21,202661559.60,0.00,0.00,0.00,0.00,52793285,93483078,0,0
18446744070361.41,571392.04,571392.04,285783.62,0.00,0.00,0.00,105.03,0.00,195720662.21,202661559.60,0.00,0.00,0.00,0.00,52793285,93483078,0,0
18446744070363.42,571392.04,571392.04,285887.94,0.00,0.00,0.00,104.31,0.00,195720662.21,202661559.60,0.00,0.00,0.00,0.00,52793285,93483078,0,0
18446744070365.43,571392.04,571392.04,285993.12,0.00,0.00,0.00,105.19,0.00,195720662.21,202661559.60,0.00,0.00,0.00,0.00,52793285,93483078,0,0
18446744070367.43,571392.04,571392.04,286088.84,0.00,0.00,0.00,95.71,0.00,195720662.21,202661559.60,0.00,0.00,0.00,0.00,52793285,93483078,0,0
18446744070369.43,571392.04,571392.04,286193.27,0.00,0.00,0.00,104.44,0.00,195720662.21,202661559.60,0.00,0.00,0.00,0.00,52793285,93483078,0,0
18446744070371.43,571392.04,571392.04,286298.16,0.00,0.00,0.00,104.88,0.00,195720662.21,202661559.60,0.00,0.00,0.00,0.00,52793285,93483078,0,0
18446744070373.43,571392.04,571392.04,286395.41,0.00,0.00,0.00,97.26,0.00,195720662.21,202661559.60,0.00,0.00,0.00,0.00,52793285,93483078,0,0
18446744070375.43,571392.04,571392.04,286508.31,0.00,0.00,0.00,112.90,0.00,195720662.21,202661559.60,0.00,0.00,0.00,0.00,52793285,93483078,0,0
18446744070377.44,571392.04,571392.04,286625.71,0.00,0.00,0.00,117.40,0.00,195720662.21,202661559.60,0.00,0.00,0.00,0.00,52793285,93483078,0,0
18446744070379.44,571392.04,571392.04,286738.20,0.00,0.00,0.00,112.49,0.00,195720662.21,202661559.60,0.00,0.00,0.00,0.00,52793285,93483078,0,0
18446744070381.45,571392.04,571392.04,286842.93,0.00,0.00,0.00,104.73,0.00,195720662.21,202661559.60,0.00,0.00,0.00,0.00,52793285,93483078,0,0
18446744070383.45,571392.04,571392.04,286953.74,0.00,0.00,0.00,110.81,0.00,195720662.21,202661559.60,0.00,0.00,0.00,0.00,52793285,93483078,0,0
18446744070385.45,571392.04,571392.04,287068.38,0.00,0.00,0.00,114.63,0.00,195720662.21,202661559.60,0.00,0.00,0.00,0.00,52793285,93483078,0,0
18446744070387.45,571392.04,571392.04,287173.01,0.00,0.00,0.00,104.63,0.00,195720662.21,202661559.60,0.00,0.00,0.00,0.00,52793285,93483078,0,0
18446744070389.45,571392.04,571392.04,287277.29,0.00,0.00,0.00,104.28,0.00,195720662.21,202661559.60,0.00,0.00,0.00,0.00,52793285,93483078,0,0
18446744070391.45,571392.04,571392.04,287382.48,0.00,0.00,0.00,105.19,0.00,195720662.21,202661559.60,0.00,0.00,0.00,0.00,52793285,93483078,0,0
18446744070393.45,571392.04,571392.04,287485.52,0.00,0.00,0.00,103.05,0.00,195720662.21,202661559.60,0.00,0.00,0.00,0.00,52793285,93483078,0,0
18446744070395.45,571392.04,571392.04,287589.93,0.00,0.00,0.00,104.41,0.00,195720662.21,202661559.60,0.00,0.00,0.00,0.00,52793285,93483078,0,0
18446744070397.46,571392.04,571392.04,287690.73,0.00,0.00,0.00,100.80,0.00,195720662.21,202661559.60,0.00,0.00,0.00,0.00,52793285,93483078,0,0
18446744070399.46,571392.04,571392.04,287811.99,0.00,0.00,0.00,121.26,0.00,195720662.21,202661559.60,0.00,0.00,0.00,0.00,52793285,93483078,0,0
18446744070401.47,571392.04,571392.04,287920.10,0.00,0.00,0.00,108.11,0.00,195720662.21,202661559.60,0.00,0.00,0.00,0.00,52793285,93483078,0,0
18446744070403.47,571392.04,571392.04,288016.52,0.00,0.00,0.00,96.42,0.00,195720662.21,202661559.60,0.00,0.00,0.00,0.00,52793285,93483078,0,0
18446744070405.47,571392.04,571392.04,288121.41,0.00,0.00,0.00,104.88,0.00,195720662.21,202661559.60,0.00,0.00,0.00,0.00,52793285,93483078,0,0
18446744070407.48,571392.04,571392.04,288225.44,0.00,0.00,0.00,104.03,0.00,195720662.21,202661559.60,0.00,0.00,0.00,0.00,52793285,93483078,0,0
18446744070409.48,571392.04,571392.04,288330.48,0.00,0.00,0.00,105.04,0.00,195720662.21,202661559.60,0.00,0.00,0.00,0.00,52793285,93483078,0,0
18446744070411.48,571392.04,571392.04,288434.35,0.00,0.00,0.00,103.88,0.00,195720662.21,202661559.60,0.00,0.00,0.00,0.00,52793285,93483078,0,0
18446744070413.48,571392.04,571392.04,288538.08,0.00,0.00,0.00,103.73,0.00,195720662.21,202661559.60,0.00,0.00,0.00,0.00,52793285,93483078,0,0
18446744070415.49,571392.04,571392.04,288643.27,0.00,0.00,0.00,105.19,0.00,195720662.21,202661559.60,0.00,0.00,0.00,0.00,52793285,93483078,0,0
18446744070417.49,571392.04,571392.04,288748.02,0.00,0.00,0.00,104.76,0.00,195720662.21,202661559.60,0.00,0.00,0.00,0.00,52793285,93483078,0,0
18446744070419.49,571392.04,571392.04,288853.64,0.00,0.00,0.00,105.62,0.00,195720662.21,202661559.60,0.00,0.00,0.00,0.00,52793285,93483078,0,0
18446744070421.49,571392.04,571392.04,288957.80,0.00,0.00,0.00,104.16,0.00,195720662.21,202661559.60,0.00,0.00,0.00,0.00,52793285,93483078,0,0
18446744070423.50,571392.04,571392.04,289062.55,0.00,0.00,0.00,104.75,0.00,195720662.21,202661559.60,0.00,0.00,0.00,0.00,52793285,93483078,0,0
18446744070425.50,571392.04,571392.04,289167.31,0.00,0.00,0.00,104.76,0.00,195720662.21,202661559.60,0.00,0.00,0.00,0.00,52793285,93483078,0,0
18446744070427.50,571392.04,571392.04,289265.62,0.00,0.00,0.00,98.31,0.00,195720662.21,202661559.60,0.00,0.00,0.00,0.00,52793285,93483078,0,0
18446744070429.50,571392.04,571392.04,289369.35,0.00,0.00,0.00,103.73,0.00,195720662.21,202661559.60,0.00,0.00,0.00,0.00,52793285,93483078,0,0
18446744070431.51,571392.04,571392.04,289474.54,0.00,0.00,0.00,105.19,0.00,195720662.21,202661559.60,0.00,0.00,0.00,0.00,52793285,93483078,0,0
18446744070433.51,571392.04,571392.04,289569.50,0.00,0.00,0.00,94.96,0.00,195720662.21,202661559.60,0.00,0.00,0.00,0.00,52793285,93483078,0,0
18446744070435.51,571392.04,571392.04,289674.69,0.00,0.00,0.00,105.19,0.00,195720662.21,202661559.60,0.00,0.00,0.00,0.00,52793285,93483078,0,0
18446744070437.51,571392.04,571392.04,289778.95,0.00,0.00,0.00,104.26,0.00,195720662.21,202661559.60,0.00,0.00,0.00,0.00,52793285,93483078,0,0
18446744070439.51,571392.04,571392.04,289883.60,0.00,0.00,0.00,104.66,0.00,195720662.21,202661559.60,0.00,0.00,0.00,0.00,52793285,93483078,0,0
18446744070441.51,571392.04,571392.04,289988.79,0.00,0.00,0.00,105.19,0.00,195720662.21,202661559.60,0.00,0.00,0.00,0.00,52793285,93483078,0,0
18446744070443.52,571392.04,571392.04,290093.98,0.00,0.00,0.00,105.19,0.00,195720662.21,202661559.60,0.00,0.00,0.00,0.00,52793285,93483078,0,0
18446744070445.52,571392.04,571392.04,290199.16,0.00,0.00,0.00,105.19,0.00,195720662.21,202661559.60,0.00,0.00,0.00,0.00,52793285,93483078,0,0
18446744070447.53,571392.04,571392.04,290303.80,0.00,0.00,0.00,104.63,0.00,195720662.21,202661559.60,0.00,0.00,0.00,0.00,52793285,93483078,0,0
18446744070449.53,571392.04,571392.04,290408.86,0.00,0.00,0.00,105.06,0.00,195720662.21,202661559.60,0.00,0.00,0.00,0.00,52793285,93483078,0,0
18446744070451.53,571392.04,571392.04,290513.27,0.00,0.00,0.00,104.41,0.00,195720662.21,202661559.60,0.00,0.00,0.00,0.00,52793285,93483078,0,0
18446744070453.54,571392.04,571392.04,290618.45,0.00,0.00,0.00,105.19,0.00,195720662.21,202661559.60,0.00,0.00,0.00,0.00,52793285,93483078,0,0
18446744070455.54,571392.04,571392.04,290730.95,0.00,0.00,0.00,112.49,0.00,195720662.21,202661559.60,0.00,0.00,0.00,0.00,52793285,93483078,0,0
18446744070457.54,571392.04,571392.04,290834.65,0.00,0.00,0.00,103.70,0.00,195720662.21,202661559.60,0.00,0.00,0.00,0.00,52793285,93483078,0,0
18446744070459.54,571392.04,571392.04,290953.91,0.00,0.00,0.00,119.27,0.00,195720662.21,202661559.60,0.00,0.00,0.00,0.00,52793285,93483078,0,0
18446744070461.55,571392.04,571392.04,291071.34,0.00,0.00,0.00,117.43,0.00,195720662.21,202661559.60,0.00,0.00,0.00,0.00,52793285,93483078,0,0
18446744070463.55,571392.04,571392.04,291170.41,0.00,0.00,0.00,99.07,0.00,195720662.21,202661559.60,0.00,0.00,0.00,0.00,52793285,93483078,0,0
18446744070465.55,571392.04,571392.04,291275.88,0.00,0.00,0.00,105.46,0.00,195720662.21,202661559.60,0.00,0.00,0.00,0.00,52793285,93483078,0,0
18446744070467.55,571392.04,571392.04,291385.36,0.00,0.00,0.00,109.48,0.00,195720662.21,202661559.60,0.00,0.00,0.00,0.00,52793285,93483078,0,0
18446744070469.55,571392.04,571392.04,291489.17,0.00,0.00,0.00,103.81,0.00,195720662.21,202661559.60,0.00,0.00,0.00,0.00,52793285,93483078,0,0
18446744070471.55,571392.04,571392.04,291593.80,0.00,0.00,0.00,104.63,0.00,195720662.21,202661559.60,0.00,0.00,0.00,0.00,52793285,93483078,0,0
18446744070473.55,571392.04,571392.04,291699.55,0.00,0.00,0.00,105.74,0.00,195720662.21,202661559.60,0.00,0.00,0.00,0.00,52793285,93483078,0,0
18446744070475.55,571392.04,571392.04,291813.38,0.00,0.00,0.00,113.84,0.00,195720662.21,202661559.60,0.00,0.00,0.00,0.00,52793285,93483078,0,0
18446744070477.55,571392.04,571392.04,291933.30,0.00,0.00,0.00,119.91,0.00,195720662.21,202661559.60,0.00,0.00,0.00,0.00,52793285,93483078,0,0
18446744070479.56,571392.04,571392.04,292054.55,0.00,0.00,0.00,121.26,0.00,195720662.21,202661559.60,0.00,0.00,0.00,0.00,52793285,93483078,0,0
18446744070481.56,571392.04,571392.04,292162.66,0.00,0.00,0.00,108.11,0.00,195720662.21,202661559.60,0.00,0.00,0.00,0.00,52793285,93483078,0,0
18446744070483.57,571392.04,571392.04,292267.85,0.00,0.00,0.00,105.19,0.00,195720662.21,202661559.60,0.00,0.00,0.00,0.00,52793285,93483078,0,0
18446744070485.57,571392.04,571392.04,292372.48,0.00,0.00,0.00,104.63,0.00,195720662.21,202661559.60,0.00,0.00,0.00,0.00,52793285,93483078,0,0
18446744070487.56,571392.04,571392.04,292468.28,0.00,0.00,0.00,95.80,0.00,195720662.21,202661559.60,0.00,0.00,0.00,0.00,52793285,93483078,0,0
18446744070489.57,571392.04,571392.04,292572.63,0.00,0.00,0.00,104.35,0.00,195720662.21,202661559.60,0.00,0.00,0.00,0.00,52793285,93483078,0,0
18446744070491.57,571392.04,571392.04,292676.91,0.00,0.00,0.00,104.28,0.00,195720662.21,202661559.60,0.00,0.00,0.00,0.00,52793285,93483078,0,0
18446744070493.57,571392.04,571392.04,292776.23,0.00,0.00,0.00,99.32,0.00,195720662.21,202661559.60,0.00,0.00,0.00,0.00,52793285,93483078,0,0
18446744070495.58,571392.04,571392.04,292894.59,0.00,0.00,0.00,118.36,0.00,195720662.21,202661559.60,0.00,0.00,0.00,0.00,52793285,93483078,0,0
18446744070497.58,571392.04,571392.04,293004.16,0.00,0.00,0.00,109.57,0.00,195720662.21,202661559.60,0.00,0.00,0.00,0.00,52793285,93483078,0,0
18446744070499.58,571392.04,571392.04,293109.35,0.00,0.00,0.00,105.19,0.00,195720662.21,202661559.60,0.00,0.00,0.00,0.00,52793285,93483078,0,0
18446744070501.58,571392.04,571392.04,293213.08,0.00,0.00,0.00,103.73,0.00,195720662.21,202661559.60,0.00,0.00,0.00,0.00,52793285,93483078,0,0
18446744070503.59,571392.04,571392.04,293318.27,0.00,0.00,0.00,105.19,0.00,195720662.21,202661559.60,0.00,0.00,0.00,0.00,52793285,93483078,0,0
18446744070505.59,571392.04,571392.04,293423.02,0.00,0.00,0.00,104.76,0.00,195720662.21,202661559.60,0.00,0.00,0.00,0.00,52793285,93483078,0,0
18446744070507.59,571392.04,571392.04,293526.59,0.00,0.00,0.00,103.57,0.00,195720662.21,202661559.60,0.00,0.00,0.00,0.00,52793285,93483078,0,0
18446744070509.59,571392.04,571392.04,293630.91,0.00,0.00,0.00,104.31,0.00,195720662.21,202661559.60,0.00,0.00,0.00,0.00,52793285,93483078,0,0
18446744070511.59,571392.04,571392.04,293736.09,0.00,0.00,0.00,105.19,0.00,195720662.21,202661559.60,0.00,0.00,0.00,0.00,52793285,93483078,0,0
18446744070513.60,571392.04,571392.04,293839.82,0.00,0.00,0.00,103.73,0.00,195720662.21,202661559.60,0.00,0.00,0.00,0.00,52793285,93483078,0,0
18446744070515.60,571392.04,571392.04,293945.01,0.00,0.00,0.00,105.19,0.00,195720662.21,202661559.60,0.00,0.00,0.00,0.00,52793285,93483078,0,0
18446744070517.61,571392.04,571392.04,294039.97,0.00,0.00,0.00,94.96,0.00,195720662.21,202661559.60,0.00,0.00,0.00,0.00,52793285,93483078,0,0
18446744070519.61,571392.04,571392.04,294144.63,0.00,0.00,0.00,104.66,0.00,195720662.21,202661559.60,0.00,0.00,0.00,0.00,52793285,93483078,0,0
18446744070521.61,571392.04,571392.04,294248.88,0.00,0.00,0.00,104.25,0.00,195720662.21,202661559.60,0.00,0.00,0.00,0.00,52793285,93483078,0,0
18446744070523.61,571392.04,571392.04,294345.30,0.00,0.00,0.00,96.42,0.00,195720662.21,202661559.60,0.00,0.00,0.00,0.00,52793285,93483078,0,0
18446744070525.62,571392.04,571392.04,294450.19,0.00,0.00,0.00,104.88,0.00,195720662.21,202661559.60,0.00,0.00,0.00,0.00,52793285,93483078,0,0
18446744070527.62,571392.04,571392.04,294553.79,0.00,0.00,0.00,103.60,0.00,195720662.21,202661559.60,0.00,0.00,0.00,0.00,52793285,93483078,0,0
18446744070529.62,571392.04,571392.04,294658.48,0.00,0.00,0.00,104.69,0.00,195720662.21,202661559.60,0.00,0.00,0.00,0.00,52793285,93483078,0,0
18446744070531.62,571392.04,571392.04,294763.13,0.00,0.00,0.00,104.66,0.00,195720662.21,202661559.60,0.00,0.00,0.00,0.00,52793285,93483078,0,0
18446744070533.63,571392.04,571392.04,294868.32,0.00,0.00,0.00,105.19,0.00,195720662.21,202661559.60,0.00,0.00,0.00,0.00,52793285,93483078,0,0
18446744070535.63,571392.04,571392.04,294974.70,0.00,0.00,0.00,106.38,0.00,195720662.21,202661559.60,0.00,0.00,0.00,0.00,52793285,93483078,0,0
18446744070537.63,571392.04,571392.04,295078.70,0.00,0.00,0.00,104.00,0.00,195720662.21,202661559.60,0.00,0.00,0.00,0.00,52793285,93483078,0,0
18446744070539.63,571392.04,571392.04,295183.67,0.00,0.00,0.00,104.98,0.00,195720662.21,202661559.60,0.00,0.00,0.00,0.00,52793285,93483078,0,0
18446744070541.63,571392.04,571392.04,295288.14,0.00,0.00,0.00,104.47,0.00,195720662.21,202661559.60,0.00,0.00,0.00,0.00,52793285,93483078,0,0
18446744070543.63,571392.04,571392.04,295392.80,0.00,0.00,0.00,104.66,0.00,195720662.21,202661559.60,0.00,0.00,0.00,0.00,52793285,93483078,0,0
18446744070545.63,571392.04,571392.04,295497.21,0.00,0.00,0.00,104.41,0.00,195720662.21,202661559.60,0.00,0.00,0.00,0.00,52793285,93483078,0,0
18446744070547.64,571392.04,571392.04,295594.41,0.00,0.00,0.00,97.20,0.00,195720662.21,202661559.60,0.00,0.00,0.00,0.00,52793285,93483078,0,0
18446744070549.64,571392.04,571392.04,295698.91,0.00,0.00,0.00,104.51,0.00,195720662.21,202661559.60,0.00,0.00,0.00,0.00,52793285,93483078,0,0
18446744070551.64,571392.04,571392.04,295803.95,0.00,0.00,0.00,105.03,0.00,195720662.21,202661559.60,0.00,0.00,0.00,0.00,52793285,93483078,0,0
18446744070553.64,571392.04,571392.04,295899.74,0.00,0.00,0.00,95.80,0.00,195720662.21,202661559.60,0.00,0.00,0.00,0.00,52793285,93483078,0,0
18446744070555.65,571392.04,571392.04,296003.47,0.00,0.00,0.00,103.73,0.00,195720662.21,202661559.60,0.00,0.00,0.00,0.00,52793285,93483078,0,0
18446744070557.65,571392.04,571392.04,296108.66,0.00,0.00,0.00,105.19,0.00,195720662.21,202661559.60,0.00,0.00,0.00,0.00,52793285,93483078,0,0
18446744070559.65,571392.04,571392.04,296213.04,0.00,0.00,0.00,104.38,0.00,195720662.21,202661559.60,0.00,0.00,0.00,0.00,52793285,93483078,0,0
18446744070561.66,571392.04,571392.04,296317.57,0.00,0.00,0.00,104.53,0.00,195720662.21,202661559.60,0.00,0.00,0.00,0.00,52793285,93483078,0,0
18446744070563.68,571392.04,571392.04,296422.76,0.00,0.00,0.00,105.19,0.00,195720662.21,202661559.60,0.00,0.00,0.00,0.00,52793285,93483078,0,0
18446744070565.68,571392.04,571392.04,296528.57,0.00,0.00,0.00,105.81,0.00,195720662.21,202661559.60,0.00,0.00,0.00,0.00,52793285,93483078,0,0
18446744070567.68,571392.04,571392.04,296632.08,0.00,0.00,0.00,103.51,0.00,195720662.21,202661559.60,0.00,0.00,0.00,0.00,52793285,93483078,0,0
18446744070569.68,571392.04,571392.04,296736.86,0.00,0.00,0.00,104.78,0.00,195720662.21,202661559.60,0.00,0.00,0.00,0.00,52793285,93483078,0,0
18446744070571.68,571392.04,571392.04,296842.05,0.00,0.00,0.00,105.19,0.00,195720662.21,202661559.60,0.00,0.00,0.00,0.00,52793285,93483078,0,0
18446744070573.69,571392.04,571392.04,296945.77,0.00,0.00,0.00,103.73,0.00,195720662.21,202661559.60,0.00,0.00,0.00,0.00,52793285,93483078,0,0
18446744070575.69,571392.04,571392.04,297050.38,0.00,0.00,0.00,104.60,0.00,195720662.21,202661559.60,0.00,0.00,0.00,0.00,52793285,93483078,0,0
18446744070577.69,571392.04,571392.04,297140.83,0.00,0.00,0.00,90.45,0.00,195720662.21,202661559.60,0.00,0.00,0.00,0.00,52793285,93483078,0,0
18446744070579.70,571392.04,571392.04,297245.27,0.00,0.00,0.00,104.44,0.00,195720662.21,202661559.60,0.00,0.00,0.00,0.00,52793285,93483078,0,0
18446744070581.70,571392.04,571392.04,297350.45,0.00,0.00,0.00,105.19,0.00,195720662.21,202661559.60,0.00,0.00,0.00,0.00,52793285,93483078,0,0
18446744070583.71,571392.04,571392.04,297449.80,0.00,0.00,0.00,99.34,0.00,195720662.21,202661559.60,0.00,0.00,0.00,0.00,52793285,93483078,0,0
18446744070585.71,571392.04,571392.04,297553.52,0.00,0.00,0.00,103.73,0.00,195720662.21,202661559.60,0.00,0.00,0.00,0.00,52793285,93483078,0,0
18446744070587.71,571392.04,571392.04,297657.25,0.00,0.00,0.00,103.73,0.00,195720662.21,202661559.60,0.00,0.00,0.00,0.00,52793285,93483078,0,0
18446744070589.71,571392.04,571392.04,297762.44,0.00,0.00,0.00,105.19,0.00,195720662.21,202661559.60,0.00,0.00,0.00,0.00,52793285,93483078,0,0
18446744070591.72,571392.04,571392.04,297866.16,0.00,0.00,0.00,103.73,0.00,195720662.21,202661559.60,0.00,0.00,0.00,0.00,52793285,93483078,0,0
18446744070593.72,571392.04,571392.04,297971.30,0.00,0.00,0.00,105.13,0.00,195720662.21,202661559.60,0.00,0.00,0.00,0.00,52793285,93483078,0,0
18446744070595.72,571392.04,571392.04,298075.08,0.00,0.00,0.00,103.78,0.00,195720662.21,202661559.60,0.00,0.00,0.00,0.00,52793285,93483078,0,0
18446744070597.72,571392.04,571392.04,298178.80,0.00,0.00,0.00,103.73,0.00,195720662.21,202661559.60,0.00,0.00,0.00,0.00,52793285,93483078,0,0
18446744070599.73,571392.04,571392.04,298283.99,0.00,0.00,0.00,105.19,0.00,195720662.21,202661559.60,0.00,0.00,0.00,0.00,52793285,93483078,0,0
18446744070601.74,571392.04,571392.04,298389.18,0.00,0.00,0.00,105.19,0.00,195720662.21,202661559.60,0.00,0.00,0.00,0.00,52793285,93483078,0,0
18446744070603.74,571392.04,571392.04,298494.37,0.00,0.00,0.00,105.19,0.00,195720662.21,202661559.60,0.00,0.00,0.00,0.00,52793285,93483078,0,0
18446744070605.75,571392.04,571392.04,298598.62,0.00,0.00,0.00,104.26,0.00,195720662.21,202661559.60,0.00,0.00,0.00,0.00,52793285,93483078,0,0
18446744070607.75,571392.04,571392.04,298698.90,0.00,0.00,0.00,100.27,0.00,195720662.21,202661559.60,0.00,0.00,0.00,0.00,52793285,93483078,0,0
18446744070609.76,571392.04,571392.04,298814.31,0.00,0.00,0.00,115.41,0.00,195720662.21,202661559.60,0.00,0.00,0.00,0.00,52793285,93483078,0,0
18446744070611.76,571392.04,571392.04,298923.23,0.00,0.00,0.00,108.92,0.00,195720662.21,202661559.60,0.00,0.00,0.00,0.00,52793285,93483078,0,0
18446744070613.76,571392.04,571392.04,299021.24,0.00,0.00,0.00,98.01,0.00,195720662.21,202661559.60,0.00,0.00,0.00,0.00,52793285,93483078,0,0
18446744070615.76,571392.04,571392.04,299125.49,0.00,0.00,0.00,104.25,0.00,195720662.21,202661559.60,0.00,0.00,0.00,0.00,52793285,93483078,0,0
18446744070617.76,571392.04,571392.04,299230.25,0.00,0.00,0.00,104.76,0.00,195720662.21,202661559.60,0.00,0.00,0.00,0.00,52793285,93483078,0,0
18446744070619.76,571392.04,571392.04,299335.19,0.00,0.00,0.00,104.94,0.00,195720662.21,202661559.60,0.00,0.00,0.00,0.00,52793285,93483078,0,0
18446744070621.76,571392.04,571392.04,299439.59,0.00,0.00,0.00,104.41,0.00,195720662.21,202661559.60,0.00,0.00,0.00,0.00,52793285,93483078,0,0
18446744070623.77,571392.04,571392.04,299544.07,0.00,0.00,0.00,104.48,0.00,195720662.21,202661559.60,0.00,0.00,0.00,0.00,52793285,93483078,0,0
18446744070625.77,571392.04,571392.04,299648.51,0.00,0.00,0.00,104.44,0.00,195720662.21,202661559.60,0.00,0.00,0.00,0.00,52793285,93483078,0,0
18446744070627.78,571392.04,571392.04,299752.98,0.00,0.00,0.00,104.48,0.00,195720662.21,202661559.60,0.00,0.00,0.00,0.00,52793285,93483078,0,0
18446744070629.78,571392.04,571392.04,299857.37,0.00,0.00,0.00,104.38,0.00,195720662.21,202661559.60,0.00,0.00,0.00,0.00,52793285,93483078,0,0
18446744070631.78,571392.04,571392.04,299962.05,0.00,0.00,0.00,104.69,0.00,195720662.21,202661559.60,0.00,0.00,0.00,0.00,52793285,93483078,0,0
18446744070633.79,571392.04,571392.04,300066.34,0.00,0.00,0.00,104.28,0.00,195720662.21,202661559.60,0.00,0.00,0.00,0.00,52793285,93483078,0,0
18446744070635.79,571392.04,571392.04,300171.52,0.00,0.00,0.00,105.19,0.00,195720662.21,202661559.60,0.00,0.00,0.00,0.00,52793285,93483078,0,0
18446744070637.79,571392.04,571392.04,300275.04,0.00,0.00,0.00,103.52,0.00,195720662.21,202661559.60,0.00,0.00,0.00,0.00,52793285,93483078,0,0
18446744070639.79,571392.04,571392.04,300383.02,0.00,0.00,0.00,107.98,0.00,195720662.21,202661559.60,0.00,0.00,0.00,0.00,52793285,93483078,0,0
18446744070641.79,571392.04,571392.04,300487.62,0.00,0.00,0.00,104.59,0.00,195720662.21,202661559.60,0.00,0.00,0.00,0.00,52793285,93483078,0,0
18446744070643.80,571392.04,571392.04,300583.51,0.00,0.00,0.00,95.89,0.00,195720662.21,202661559.60,0.00,0.00,0.00,0.00,52793285,93483078,0,0
18446744070645.80,571392.04,571392.04,300688.14,0.00,0.00,0.00,104.63,0.00,195720662.21,202661559.60,0.00,0.00,0.00,0.00,52793285,93483078,0,0
18446744070647.80,571392.04,571392.04,300793.88,0.00,0.00,0.00,105.74,0.00,195720662.21,202661559.60,0.00,0.00,0.00,0.00,52793285,93483078,0,0
18446744070649.80,571392.04,571392.04,300899.07,0.00,0.00,0.00,105.19,0.00,195720662.21,202661559.60,0.00,0.00,0.00,0.00,52793285,93483078,0,0
18446744070651.80,571392.04,571392.04,301003.92,0.00,0.00,0.00,104.85,0.00,195720662.21,202661559.60,0.00,0.00,0.00,0.00,52793285,93483078,0,0
18446744070653.80,571392.04,571392.04,301108.48,0.00,0.00,0.00,104.56,0.00,195720662.21,202661559.60,0.00,0.00,0.00,0.00,52793285,93483078,0,0
18446744070655.81,571392.04,571392.04,301213.17,0.00,0.00,0.00,104.69,0.00,195720662.21,202661559.60,0.00,0.00,0.00,0.00,52793285,93483078,0,0
18446744070657.82,571392.04,571392.04,301318.05,0.00,0.00,0.00,104.88,0.00,195720662.21,202661559.60,0.00,0.00,0.00,0.00,52793285,93483078,0,0
18446744070659.82,571392.04,571392.04,301425.01,0.00,0.00,0.00,106.95,0.00,195720662.21,202661559.60,0.00,0.00,0.00,0.00,52793285,93483078,0,0
18446744070661.83,571392.04,571392.04,301530.20,0.00,0.00,0.00,105.19,0.00,195720662.21,202661559.60,0.00,0.00,0.00,0.00,52793285,93483078,0,0
18446744070663.84,571392.04,571392.04,301635.38,0.00,0.00,0.00,105.19,0.00,195720662.21,202661559.60,0.00,0.00,0.00,0.00,52793285,93483078,0,0
18446744070665.84,571392.04,571392.04,301740.36,0.00,0.00,0.00,104.98,0.00,195720662.21,202661559.60,0.00,0.00,0.00,0.00,52793285,93483078,0,0
18446744070667.84,571392.04,571392.04,301835.53,0.00,0.00,0.00,95.17,0.00,195720662.21,202661559.60,0.00,0.00,0.00,0.00,52793285,93483078,0,0
18446744070669.84,571392.04,571392.04,301940.04,0.00,0.00,0.00,104.51,0.00,195720662.21,202661559.60,0.00,0.00,0.00,0.00,52793285,93483078,0,0
18446744070671.84,571392.04,571392.04,302044.45,0.00,0.00,0.00,104.41,0.00,195720662.21,202661559.60,0.00,0.00,0.00,0.00,52793285,93483078,0,0
18446744070673.85,571392.04,571392.04,302140.87,0.00,0.00,0.00,96.42,0.00,195720662.21,202661559.60,0.00,0.00,0.00,0.00,52793285,93483078,0,0
18446744070675.85,571392.04,571392.04,302245.47,0.00,0.00,0.00,104.60,0.00,195720662.21,202661559.60,0.00,0.00,0.00,0.00,52793285,93483078,0,0
18446744070677.85,571392.04,571392.04,302350.06,0.00,0.00,0.00,104.59,0.00,195720662.21,202661559.60,0.00,0.00,0.00,0.00,52793285,93483078,0,0
18446744070679.86,571392.04,571392.04,302454.97,0.00,0.00,0.00,104.91,0.00,195720662.21,202661559.60,0.00,0.00,0.00,0.00,52793285,93483078,0,0
18446744070681.86,571392.04,571392.04,302559.20,0.00,0.00,0.00,104.23,0.00,195720662.21,202661559.60,0.00,0.00,0.00,0.00,52793285,93483078,0,0
18446744070683.86,571392.04,571392.04,302663.88,0.00,0.00,0.00,104.69,0.00,195720662.21,202661559.60,0.00,0.00,0.00,0.00,52793285,93483078,0,0
18446744070685.87,571392.04,571392.04,302771.41,0.00,0.00,0.00,107.52,0.00,195720662.21,202661559.60,0.00,0.00,0.00,0.00,52793285,93483078,0,0
18446744070687.86,571392.04,571392.04,302885.95,0.00,0.00,0.00,114.54,0.00,195720662.21,202661559.60,0.00,0.00,0.00,0.00,52793285,93483078,0,0
18446744070689.87,571392.04,571392.04,303002.36,0.00,0.00,0.00,116.41,0.00,195720662.21,202661559.60,0.00,0.00,0.00,0.00,52793285,93483078,0,0
18446744070691.87,571392.04,571392.04,303110.93,0.00,0.00,0.00,108.57,0.00,195720662.21,202661559.60,0.00,0.00,0.00,0.00,52793285,93483078,0,0
18446744070693.87,571392.04,571392.04,303219.95,0.00,0.00,0.00,109.02,0.00,195720662.21,202661559.60,0.00,0.00,0.00,0.00,52793285,93483078,0,0
18446744070695.88,571392.04,571392.04,303335.91,0.00,0.00,0.00,115.97,0.00,195720662.21,202661559.60,0.00,0.00,0.00,0.00,52793285,93483078,0,0
18446744070697.88,571392.04,571392.04,303438.18,0.00,0.00,0.00,102.27,0.00,195720662.21,202661559.60,0.00,0.00,0.00,0.00,52793285,93483078,0,0
18446744070699.88,571392.04,571392.04,303543.28,0.00,0.00,0.00,105.10,0.00,195720662.21,202661559.60,0.00,0.00,0.00,0.00,52793285,93483078,0,0
18446744070701.88,571392.04,571392.04,303648.12,0.00,0.00,0.00,104.84,0.00,195720662.21,202661559.60,0.00,0.00,0.00,0.00,52793285,93483078,0,0
18446744070703.88,571392.04,571392.04,303743.02,0.00,0.00,0.00,94.90,0.00,195720662.21,202661559.60,0.00,0.00,0.00,0.00,52793285,93483078,0,0
18446744070705.89,571392.04,571392.04,303847.24,0.00,0.00,0.00,104.22,0.00,195720662.21,202661559.60,0.00,0.00,0.00,0.00,52793285,93483078,0,0
18446744070707.89,571392.04,571392.04,303952.43,0.00,0.00,0.00,105.19,0.00,195720662.21,202661559.60,0.00,0.00,0.00,0.00,52793285,93483078,0,0
18446744070709.89,571392.04,571392.04,304057.19,0.00,0.00,0.00,104.76,0.00,195720662.21,202661559.60,0.00,0.00,0.00,0.00,52793285,93483078,0,0
18446744070711.89,571392.04,571392.04,304161.32,0.00,0.00,0.00,104.13,0.00,195720662.21,202661559.60,0.00,0.00,0.00,0.00,52793285,93483078,0,0
18446744070713.90,571392.04,571392.04,304265.07,0.00,0.00,0.00,103.75,0.00,195720662.21,202661559.60,0.00,0.00,0.00,0.00,52793285,93483078,0,0
18446744070715.90,571392.04,571392.04,304370.26,0.00,0.00,0.00,105.19,0.00,195720662.21,202661559.60,0.00,0.00,0.00,0.00,52793285,93483078,0,0
18446744070717.90,571392.04,571392.04,304473.98,0.00,0.00,0.00,103.73,0.00,195720662.21,202661559.60,0.00,0.00,0.00,0.00,52793285,93483078,0,0
18446744070719.90,571392.04,571392.04,304579.17,0.00,0.00,0.00,105.19,0.00,195720662.21,202661559.60,0.00,0.00,0.00,0.00,52793285,93483078,0,0
18446744070721.90,571392.04,571392.04,304683.96,0.00,0.00,0.00,104.79,0.00,195720662.21,202661559.60,0.00,0.00,0.00,0.00,52793285,93483078,0,0
18446744070723.91,571392.04,571392.04,304788.09,0.00,0.00,0.00,104.12,0.00,195720662.21,202661559.60,0.00,0.00,0.00,0.00,52793285,93483078,0,0
18446744070725.92,571392.04,571392.04,304893.27,0.00,0.00,0.00,105.19,0.00,195720662.21,202661559.60,0.00,0.00,0.00,0.00,52793285,93483078,0,0
18446744070727.92,571392.04,571392.04,304991.16,0.00,0.00,0.00,97.88,0.00,195720662.21,202661559.60,0.00,0.00,0.00,0.00,52793285,93483078,0,0
18446744070729.92,571392.04,571392.04,305095.88,0.00,0.00,0.00,104.73,0.00,195720662.21,202661559.60,0.00,0.00,0.00,0.00,52793285,93483078,0,0
18446744070731.93,571392.04,571392.04,305200.07,0.00,0.00,0.00,104.19,0.00,195720662.21,202661559.60,0.00,0.00,0.00,0.00,52793285,93483078,0,0
18446744070733.93,571392.04,571392.04,305297.90,0.00,0.00,0.00,97.83,0.00,195720662.21,202661559.60,0.00,0.00,0.00,0.00,52793285,93483078,0,0
18446744070735.93,571392.04,571392.04,305402.71,0.00,0.00,0.00,104.81,0.00,195720662.21,202661559.60,0.00,0.00,0.00,0.00,52793285,93483078,0,0
18446744070737.93,571392.04,571392.04,305506.87,0.00,0.00,0.00,104.16,0.00,195720662.21,202661559.60,0.00,0.00,0.00,0.00,52793285,93483078,0,0
18446744070739.93,571392.04,571392.04,305611.47,0.00,0.00,0.00,104.60,0.00,195720662.21,202661559.60,0.00,0.00,0.00,0.00,52793285,93483078,0,0
18446744070741.94,571392.04,571392.04,305715.78,0.00,0.00,0.00,104.31,0.00,195720662.21,202661559.60,0.00,0.00,0.00,0.00,52793285,93483078,0,0
18446744070743.94,571392.04,571392.04,305820.13,0.00,0.00,0.00,104.35,0.00,195720662.21,202661559.60,0.00,0.00,0.00,0.00,52793285,93483078,0,0
18446744070745.94,571392.04,571392.04,305927.44,0.00,0.00,0.00,107.30,0.00,195720662.21,202661559.60,0.00,0.00,0.00,0.00,52793285,93483078,0,0
18446744070747.94,571392.04,571392.04,306031.34,0.00,0.00,0.00,103.91,0.00,195720662.21,202661559.60,0.00,0.00,0.00,0.00,52793285,93483078,0,0
18446744070749.94,571392.04,571392.04,306137.99,0.00,0.00,0.00,106.65,0.00,195720662.21,202661559.60,0.00,0.00,0.00,0.00,52793285,93483078,0,0
18446744070751.95,571392.04,571392.04,306254.87,0.00,0.00,0.00,116.88,0.00,195720662.21,202661559.60,0.00,0.00,0.00,0.00,52793285,93483078,0,0
18446744070753.96,571392.04,571392.04,306367.36,0.00,0.00,0.00,112.49,0.00,195720662.21,202661559.60,0.00,0.00,0.00,0.00,52793285,93483078,0,0
18446744070755.96,571392.04,571392.04,306473.70,0.00,0.00,0.00,106.34,0.00,195720662.21,202661559.60,0.00,0.00,0.00,0.00,52793285,93483078,0,0
18446744070757.96,571392.04,571392.04,306570.03,0.00,0.00,0.00,96.33,0.00,195720662.21,202661559.60,0.00,0.00,0.00,0.00,52793285,93483078,0,0
18446744070759.96,571392.04,571392.04,306674.16,0.00,0.00,0.00,104.12,0.00,195720662.21,202661559.60,0.00,0.00,0.00,0.00,52793285,93483078,0,0
18446744070761.96,571392.04,571392.04,306778.79,0.00,0.00,0.00,104.63,0.00,195720662.21,202661559.60,0.00,0.00,0.00,0.00,52793285,93483078,0,0
18446744070763.96,571392.04,571392.04,306875.21,0.00,0.00,0.00,96.42,0.00,195720662.21,202661559.60,0.00,0.00,0.00,0.00,52793285,93483078,0,0
18446744070765.96,571392.04,571392.04,306991.55,0.00,0.00,0.00,116.34,0.00,195720662.21,202661559.60,0.00,0.00,0.00,0.00,52793285,93483078,0,0
18446744070767.96,571392.04,571392.04,307113.31,0.00,0.00,0.00,121.76,0.00,195720662.21,202661559.60,0.00,0.00,0.00,0.00,52793285,93483078,0,0
18446744070769.96,571392.04,571392.04,307220.83,0.00,0.00,0.00,107.52,0.00,195720662.21,202661559.60,0.00,0.00,0.00,0.00,52793285,93483078,0,0
18446744070771.97,571392.04,571392.04,307337.42,0.00,0.00,0.00,116.59,0.00,195720662.21,202661559.60,0.00,0.00,0.00,0.00,52793285,93483078,0,0
18446744070773.97,571392.04,571392.04,307457.22,0.00,0.00,0.00,119.80,0.00,195720662.21,202661559.60,0.00,0.00,0.00,0.00,52793285,93483078,0,0
18446744070775.98,571392.04,571392.04,307562.41,0.00,0.00,0.00,105.19,0.00,195720662.21,202661559.60,0.00,0.00,0.00,0.00,52793285,93483078,0,0
18446744070777.99,571392.04,571392.04,307667.59,0.00,0.00,0.00,105.19,0.00,195720662.21,202661559.60,0.00,0.00,0.00,0.00,52793285,93483078,0,0
18446744070779.99,571392.04,571392.04,307772.78,0.00,0.00,0.00,105.19,0.00,195720662.21,202661559.60,0.00,0.00,0.00,0.00,52793285,93483078,0,0
18446744070781.99,571392.04,571392.04,307877.97,0.00,0.00,0.00,105.19,0.00,195720662.21,202661559.60,0.00,0.00,0.00,0.00,52793285,93483078,0,0
18446744070783.99,571392.04,571392.04,307982.95,0.00,0.00,0.00,104.98,0.00,195720662.21,202661559.60,0.00,0.00,0.00,0.00,52793285,93483078,0,0
18446744070786.00,571392.04,571392.04,308089.80,0.00,0.00,0.00,106.86,0.00,195720662.21,202661559.60,0.00,0.00,0.00,0.00,52793285,93483078,0,0
18446744070788.00,571392.04,571392.04,308192.48,0.00,0.00,0.00,102.67,0.00,195720662.21,202661559.60,0.00,0.00,0.00,0.00,52793285,93483078,0,0
18446744070790.00,571392.04,571392.04,308300.71,0.00,0.00,0.00,108.23,0.00,195720662.21,202661559.60,0.00,0.00,0.00,0.00,52793285,93483078,0,0
18446744070792.00,571392.04,571392.04,308419.45,0.00,0.00,0.00,118.74,0.00,195720662.21,202661559.60,0.00,0.00,0.00,0.00,52793285,93483078,0,0
18446744070794.00,571392.04,571392.04,308523.70,0.00,0.00,0.00,104.25,0.00,195720662.21,202661559.60,0.00,0.00,0.00,0.00,52793285,93483078,0,0
18446744070796.00,571392.04,571392.04,308628.89,0.00,0.00,0.00,105.19,0.00,195720662.21,202661559.60,0.00,0.00,0.00,0.00,52793285,93483078,0,0
18446744070798.01,571392.04,571392.04,308733.37,0.00,0.00,0.00,104.48,0.00,195720662.21,202661559.60,0.00,0.00,0.00,0.00,52793285,93483078,0,0
18446744070800.02,571392.04,571392.04,308837.80,0.00,0.00,0.00,104.44,0.00,195720662.21,202661559.60,0.00,0.00,0.00,0.00,52793285,93483078,0,0
18446744070802.02,571392.04,571392.04,308942.97,0.00,0.00,0.00,105.16,0.00,195720662.21,202661559.60,0.00,0.00,0.00,0.00,52793285,93483078,0,0
18446744070804.02,571392.04,571392.04,309046.72,0.00,0.00,0.00,103.75,0.00,195720662.21,202661559.60,0.00,0.00,0.00,0.00,52793285,93483078,0,0
18446744070806.03,571392.04,571392.04,309151.91,0.00,0.00,0.00,105.19,0.00,195720662.21,202661559.60,0.00,0.00,0.00,0.00,52793285,93483078,0,0
18446744070808.04,571392.04,571392.04,309257.09,0.00,0.00,0.00,105.19,0.00,195720662.21,202661559.60,0.00,0.00,0.00,0.00,52793285,93483078,0,0
18446744070810.04,571392.04,571392.04,309363.74,0.00,0.00,0.00,106.65,0.00,195720662.21,202661559.60,0.00,0.00,0.00,0.00,52793285,93483078,0,0
18446744070812.05,571392.04,571392.04,309468.93,0.00,0.00,0.00,105.19,0.00,195720662.21,202661559.60,0.00,0.00,0.00,0.00,52793285,93483078,0,0
18446744070814.05,571392.04,571392.04,309573.66,0.00,0.00,0.00,104.73,0.00,195720662.21,202661559.60,0.00,0.00,0.00,0.00,52793285,93483078,0,0
18446744070816.05,571392.04,571392.04,309677.84,0.00,0.00,0.00,104.19,0.00,195720662.21,202661559.60,0.00,0.00,0.00,0.00,52793285,93483078,0,0
18446744070818.05,571392.04,571392.04,309773.46,0.00,0.00,0.00,95.62,0.00,195720662.21,202661559.60,0.00,0.00,0.00,0.00,52793285,93483078,0,0
18446744070820.05,571392.04,571392.04,309877.31,0.00,0.00,0.00,103.85,0.00,195720662.21,202661559.60,0.00,0.00,0.00,0.00,52793285,93483078,0,0
18446744070822.06,571392.04,571392.04,309981.72,0.00,0.00,0.00,104.41,0.00,195720662.21,202661559.60,0.00,0.00,0.00,0.00,52793285,93483078,0,0
18446744070824.06,571392.04,571392.04,310076.68,0.00,0.00,0.00,94.96,0.00,195720662.21,202661559.60,0.00,0.00,0.00,0.00,52793285,93483078,0,0
18446744070826.06,571392.04,571392.04,310180.41,0.00,0.00,0.00,103.73,0.00,195720662.21,202661559.60,0.00,0.00,0.00,0.00,52793285,93483078,0,0
18446744070828.07,571392.04,571392.04,310285.29,0.00,0.00,0.00,104.88,0.00,195720662.21,202661559.60,0.00,0.00,0.00,0.00,52793285,93483078,0,0
18446744070830.07,571392.04,571392.04,310389.32,0.00,0.00,0.00,104.03,0.00,195720662.21,202661559.60,0.00,0.00,0.00,0.00,52793285,93483078,0,0
18446744070832.07,571392.04,571392.04,310494.20,0.00,0.00,0.00,104.88,0.00,195720662.21,202661559.60,0.00,0.00,0.00,0.00,52793285,93483078,0,0
18446744070834.08,571392.04,571392.04,310598.23,0.00,0.00,0.00,104.03,0.00,195720662.21,202661559.60,0.00,0.00,0.00,0.00,52793285,93483078,0,0
18446744070836.09,571392.04,571392.04,310703.21,0.00,0.00,0.00,104.98,0.00,195720662.21,202661559.60,0.00,0.00,0.00,0.00,52793285,93483078,0,0
18446744070838.09,571392.04,571392.04,310807.15,0.00,0.00,0.00,103.94,0.00,195720662.21,202661559.60,0.00,0.00,0.00,0.00,52793285,93483078,0,0
18446744070840.09,571392.04,571392.04,310912.25,0.00,0.00,0.00,105.10,0.00,195720662.21,202661559.60,0.00,0.00,0.00,0.00,52793285,93483078,0,0
18446744070842.09,571392.04,571392.04,311016.06,0.00,0.00,0.00,103.81,0.00,195720662.21,202661559.60,0.00,0.00,0.00,0.00,52793285,93483078,0,0
18446744070844.09,571392.04,571392.04,311120.07,0.00,0.00,0.00,104.01,0.00,195720662.21,202661559.60,0.00,0.00,0.00,0.00,52793285,93483078,0,0
18446744070846.11,571392.04,571392.04,311224.98,0.00,0.00,0.00,104.91,0.00,195720662.21,202661559.60,0.00,0.00,0.00,0.00,52793285,93483078,0,0
18446744070848.11,571392.04,571392.04,311322.86,0.00,0.00,0.00,97.88,0.00,195720662.21,202661559.60,0.00,0.00,0.00,0.00,52793285,93483078,0,0
18446744070850.12,571392.04,571392.04,311438.27,0.00,0.00,0.00,115.41,0.00,195720662.21,202661559.60,0.00,0.00,0.00,0.00,52793285,93483078,0,0
18446744070852.12,571392.04,571392.04,311554.34,0.00,0.00,0.00,116.07,0.00,195720662.21,202661559.60,0.00,0.00,0.00,0.00,52793285,93483078,0,0
18446744070854.12,571392.04,571392.04,311651.57,0.00,0.00,0.00,97.23,0.00,195720662.21,202661559.60,0.00,0.00,0.00,0.00,52793285,93483078,0,0
18446744070856.12,571392.04,571392.04,311756.70,0.00,0.00,0.00,105.13,0.00,195720662.21,202661559.60,0.00,0.00,0.00,0.00,52793285,93483078,0,0
18446744070858.13,571392.04,571392.04,311861.11,0.00,0.00,0.00,104.41,0.00,195720662.21,202661559.60,0.00,0.00,0.00,0.00,52793285,93483078,0,0
18446744070860.13,571392.04,571392.04,311965.67,0.00,0.00,0.00,104.56,0.00,195720662.21,202661559.60,0.00,0.00,0.00,0.00,52793285,93483078,0,0
18446744070862.14,571392.04,571392.04,312084.01,0.00,0.00,0.00,118.34,0.00,195720662.21,202661559.60,0.00,0.00,0.00,0.00,52793285,93483078,0,0
18446744070864.14,571392.04,571392.04,312198.80,0.00,0.00,0.00,114.80,0.00,195720662.21,202661559.60,0.00,0.00,0.00,0.00,52793285,93483078,0,0
18446744070866.14,571392.04,571392.04,312305.86,0.00,0.00,0.00,107.05,0.00,195720662.21,202661559.60,0.00,0.00,0.00,0.00,52793285,93483078,0,0
18446744070868.14,571392.04,571392.04,312409.46,0.00,0.00,0.00,103.60,0.00,195720662.21,202661559.60,0.00,0.00,0.00,0.00,52793285,93483078,0,0
18446744070870.14,571392.04,571392.04,312513.47,0.00,0.00,0.00,104.01,0.00,195720662.21,202661559.60,0.00,0.00,0.00,0.00,52793285,93483078,0,0
18446744070872.14,571392.04,571392.04,312618.25,0.00,0.00,0.00,104.78,0.00,195720662.21,202661559.60,0.00,0.00,0.00,0.00,52793285,93483078,0,0
18446744070874.14,571392.04,571392.04,312722.44,0.00,0.00,0.00,104.19,0.00,195720662.21,202661559.60,0.00,0.00,0.00,0.00,52793285,93483078,0,0
18446744070876.14,571392.04,571392.04,312828.72,0.00,0.00,0.00,106.28,0.00,195720662.21,202661559.60,0.00,0.00,0.00,0.00,52793285,93483078,0,0
18446744070878.15,571392.04,571392.04,312922.84,0.00,0.00,0.00,94.12,0.00,195720662.21,202661559.60,0.00,0.00,0.00,0.00,52793285,93483078,0,0
18446744070880.14,571392.04,571392.04,313025.79,0.00,0.00,0.00,102.95,0.00,195720662.21,202661559.60,0.00,0.00,0.00,0.00,52793285,93483078,0,0
18446744070882.14,571392.04,571392.04,313129.95,0.00,0.00,0.00,104.16,0.00,195720662.21,202661559.60,0.00,0.00,0.00,0.00,52793285,93483078,0,0
18446744070884.15,571392.04,571392.04,313230.84,0.00,0.00,0.00,100.89,0.00,195720662.21,202661559.60,0.00,0.00,0.00,0.00,52793285,93483078,0,0
18446744070886.14,571392.04,571392.04,313343.99,0.00,0.00,0.00,113.15,0.00,195720662.21,202661559.60,0.00,0.00,0.00,0.00,52793285,93483078,0,0
18446744070888.16,571392.04,571392.04,313448.52,0.00,0.00,0.00,104.53,0.00,195720662.21,202661559.60,0.00,0.00,0.00,0.00,52793285,93483078,0,0
18446744070890.16,571392.04,571392.04,313555.17,0.00,0.00,0.00,106.65,0.00,195720662.21,202661559.60,0.00,0.00,0.00,0.00,52793285,93483078,0,0
18446744070892.16,571392.04,571392.04,313660.36,0.00,0.00,0.00,105.19,0.00,195720662.21,202661559.60,0.00,0.00,0.00,0.00,52793285,93483078,0,0
18446744070894.16,571392.04,571392.04,313768.45,0.00,0.00,0.00,108.09,0.00,195720662.21,202661559.60,0.00,0.00,0.00,0.00,52793285,93483078,0,0
18446744070896.16,571392.04,571392.04,313872.88,0.00,0.00,0.00,104.44,0.00,195720662.21,202661559.60,0.00,0.00,0.00,0.00,52793285,93483078,0,0
18446744070898.16,571392.04,571392.04,313977.38,0.00,0.00,0.00,104.50,0.00,195720662.21,202661559.60,0.00,0.00,0.00,0.00,52793285,93483078,0,0
18446744070900.16,571392.04,571392.04,314081.11,0.00,0.00,0.00,103.73,0.00,195720662.21,202661559.60,0.00,0.00,0.00,0.00,52793285,93483078,0,0
18446744070902.16,571392.04,571392.04,314186.73,0.00,0.00,0.00,105.62,0.00,195720662.21,202661559.60,0.00,0.00,0.00,0.00,52793285,93483078,0,0
18446744070904.17,571392.04,571392.04,314291.43,0.00,0.00,0.00,104.70,0.00,195720662.21,202661559.60,0.00,0.00,0.00,0.00,52793285,93483078,0,0
18446744070906.18,571392.04,571392.04,314402.52,0.00,0.00,0.00,111.09,0.00,195720662.21,202661559.60,0.00,0.00,0.00,0.00,52793285,93483078,0,0
18446744070908.18,571392.04,571392.04,314503.76,0.00,0.00,0.00,101.24,0.00,195720662.21,202661559.60,0.00,0.00,0.00,0.00,52793285,93483078,0,0
18446744070910.18,571392.04,571392.04,314608.11,0.00,0.00,0.00,104.35,0.00,195720662.21,202661559.60,0.00,0.00,0.00,0.00,52793285,93483078,0,0
18446744070912.18,571392.04,571392.04,314712.86,0.00,0.00,0.00,104.75,0.00,195720662.21,202661559.60,0.00,0.00,0.00,0.00,52793285,93483078,0,0
18446744070914.18,571392.04,571392.04,314808.66,0.00,0.00,0.00,95.80,0.00,195720662.21,202661559.60,0.00,0.00,0.00,0.00,52793285,93483078,0,0
18446744070916.18,571392.04,571392.04,314912.33,0.00,0.00,0.00,103.67,0.00,195720662.21,202661559.60,0.00,0.00,0.00,0.00,52793285,93483078,0,0
18446744070918.18,571392.04,571392.04,315016.64,0.00,0.00,0.00,104.31,0.00,195720662.21,202661559.60,0.00,0.00,0.00,0.00,52793285,93483078,0,0
18446744070920.19,571392.04,571392.04,315121.30,0.00,0.00,0.00,104.66,0.00,195720662.21,202661559.60,0.00,0.00,0.00,0.00,52793285,93483078,0,0
18446744070922.19,571392.04,571392.04,315226.34,0.00,0.00,0.00,105.04,0.00,195720662.21,202661559.60,0.00,0.00,0.00,0.00,52793285,93483078,0,0
18446744070924.19,571392.04,571392.04,315331.12,0.00,0.00,0.00,104.78,0.00,195720662.21,202661559.60,0.00,0.00,0.00,0.00,52793285,93483078,0,0
18446744070926.20,571392.04,571392.04,315435.40,0.00,0.00,0.00,104.28,0.00,195720662.21,202661559.60,0.00,0.00,0.00,0.00,52793285,93483078,0,0
18446744070928.20,571392.04,571392.04,315539.88,0.00,0.00,0.00,104.48,0.00,195720662.21,202661559.60,0.00,0.00,0.00,0.00,52793285,93483078,0,0
18446744070930.20,571392.04,571392.04,315644.31,0.00,0.00,0.00,104.44,0.00,195720662.21,202661559.60,0.00,0.00,0.00,0.00,52793285,93483078,0,0
18446744070932.21,571392.04,571392.04,315749.32,0.00,0.00,0.00,105.01,0.00,195720662.21,202661559.60,0.00,0.00,0.00,0.00,52793285,93483078,0,0
18446744070934.21,571392.04,571392.04,315853.23,0.00,0.00,0.00,103.91,0.00,195720662.21,202661559.60,0.00,0.00,0.00,0.00,52793285,93483078,0,0
18446744070936.21,571392.04,571392.04,315956.95,0.00,0.00,0.00,103.73,0.00,195720662.21,202661559.60,0.00,0.00,0.00,0.00,52793285,93483078,0,0
18446744070938.21,571392.04,571392.04,316052.20,0.00,0.00,0.00,95.24,0.00,195720662.21,202661559.60,0.00,0.00,0.00,0.00,52793285,93483078,0,0
18446744070940.21,571392.04,571392.04,316156.55,0.00,0.00,0.00,104.35,0.00,195720662.21,202661559.60,0.00,0.00,0.00,0.00,52793285,93483078,0,0
18446744070942.21,571392.04,571392.04,316260.83,0.00,0.00,0.00,104.28,0.00,195720662.21,202661559.60,0.00,0.00,0.00,0.00,52793285,93483078,0,0
18446744070944.22,571392.04,571392.04,316357.04,0.00,0.00,0.00,96.21,0.00,195720662.21,202661559.60,0.00,0.00,0.00,0.00,52793285,93483078,0,0
18446744070946.22,571392.04,571392.04,316460.98,0.00,0.00,0.00,103.94,0.00,195720662.21,202661559.60,0.00,0.00,0.00,0.00,52793285,93483078,0,0
18446744070948.24,571392.04,571392.04,316566.16,0.00,0.00,0.00,105.19,0.00,195720662.21,202661559.60,0.00,0.00,0.00,0.00,52793285,93483078,0,0
18446744070950.25,571392.04,571392.04,316677.20,0.00,0.00,0.00,111.03,0.00,195720662.21,202661559.60,0.00,0.00,0.00,0.00,52793285,93483078,0,0
18446744070952.24,571392.04,571392.04,316781.73,0.00,0.00,0.00,104.54,0.00,195720662.21,202661559.60,0.00,0.00,0.00,0.00,52793285,93483078,0,0
18446744070954.25,571392.04,571392.04,316886.11,0.00,0.00,0.00,104.38,0.00,195720662.21,202661559.60,0.00,0.00,0.00,0.00,52793285,93483078,0,0
18446744070956.25,571392.04,571392.04,316990.62,0.00,0.00,0.00,104.51,0.00,195720662.21,202661559.60,0.00,0.00,0.00,0.00,52793285,93483078,0,0
18446744070958.25,571392.04,571392.04,317094.16,0.00,0.00,0.00,103.54,0.00,195720662.21,202661559.60,0.00,0.00,0.00,0.00,52793285,93483078,0,0
18446744070960.26,571392.04,571392.04,317198.75,0.00,0.00,0.00,104.59,0.00,195720662.21,202661559.60,0.00,0.00,0.00,0.00,52793285,93483078,0,0
18446744070962.26,571392.04,571392.04,317303.94,0.00,0.00,0.00,105.19,0.00,195720662.21,202661559.60,0.00,0.00,0.00,0.00,52793285,93483078,0,0
18446744070964.26,571392.04,571392.04,317407.66,0.00,0.00,0.00,103.73,0.00,195720662.21,202661559.60,0.00,0.00,0.00,0.00,52793285,93483078,0,0
18446744070966.27,571392.04,571392.04,317512.85,0.00,0.00,0.00,105.19,0.00,195720662.21,202661559.60,0.00,0.00,0.00,0.00,52793285,93483078,0,0
18446744070968.27,571392.04,571392.04,317618.45,0.00,0.00,0.00,105.59,0.00,195720662.21,202661559.60,0.00,0.00,0.00,0.00,52793285,93483078,0,0
18446744070970.27,571392.04,571392.04,317736.38,0.00,0.00,0.00,117.93,0.00,195720662.21,202661559.60,0.00,0.00,0.00,0.00,52793285,93483078,0,0
18446744070972.27,571392.04,571392.04,317847.41,0.00,0.00,0.00,111.03,0.00,195720662.21,202661559.60,0.00,0.00,0.00,0.00,52793285,93483078,0,0
18446744070974.28,571392.04,571392.04,317945.29,0.00,0.00,0.00,97.88,0.00,195720662.21,202661559.60,0.00,0.00,0.00,0.00,52793285,93483078,0,0
18446744070976.28,571392.04,571392.04,318050.48,0.00,0.00,0.00,105.19,0.00,195720662.21,202661559.60,0.00,0.00,0.00,0.00,52793285,93483078,0,0
18446744070978.28,571392.04,571392.04,318155.66,0.00,0.00,0.00,105.19,0.00,195720662.21,202661559.60,0.00,0.00,0.00,0.00,52793285,93483078,0,0
18446744070980.28,571392.04,571392.04,318260.08,0.00,0.00,0.00,104.41,0.00,195720662.21,202661559.60,0.00,0.00,0.00,0.00,52793285,93483078,0,0
18446744070982.28,571392.04,571392.04,318364.37,0.00,0.00,0.00,104.29,0.00,195720662.21,202661559.60,0.00,0.00,0.00,0.00,52793285,93483078,0,0
18446744070984.28,571392.04,571392.04,318468.74,0.00,0.00,0.00,104.38,0.00,195720662.21,202661559.60,0.00,0.00,0.00,0.00,52793285,93483078,0,0
18446744070986.28,571392.04,571392.04,318572.81,0.00,0.00,0.00,104.07,0.00,195720662.21,202661559.60,0.00,0.00,0.00,0.00,52793285,93483078,0,0
18446744070988.28,571392.04,571392.04,318678.25,0.00,0.00,0.00,105.44,0.00,195720662.21,202661559.60,0.00,0.00,0.00,0.00,52793285,93483078,0,0
18446744070990.28,571392.04,571392.04,318789.66,0.00,0.00,0.00,111.41,0.00,195720662.21,202661559.60,0.00,0.00,0.00,0.00,52793285,93483078,0,0
18446744070992.28,571392.04,571392.04,318899.28,0.00,0.00,0.00,109.62,0.00,195720662.21,202661559.60,0.00,0.00,0.00,0.00,52793285,93483078,0,0
18446744070994.29,571392.04,571392.04,319004.47,0.00,0.00,0.00,105.19,0.00,195720662.21,202661559.60,0.00,0.00,0.00,0.00,52793285,93483078,0,0
18446744070996.29,571392.04,571392.04,319109.63,0.00,0.00,0.00,105.16,0.00,195720662.21,202661559.60,0.00,0.00,0.00,0.00,52793285,93483078,0,0
18446744070998.29,571392.04,571392.04,319205.65,0.00,0.00,0.00,96.02,0.00,195720662.21,202661559.60,0.00,0.00,0.00,0.00,52793285,93483078,0,0
18446744071000.30,571392.04,571392.04,319309.80,0.00,0.00,0.00,104.16,0.00,195720662.21,202661559.60,0.00,0.00,0.00,0.00,52793285,93483078,0,0
18446744071002.30,571392.04,571392.04,319414.06,0.00,0.00,0.00,104.26,0.00,195720662.21,202661559.60,0.00,0.00,0.00,0.00,52793285,93483078,0,0
18446744071004.30,571392.04,571392.04,319514.25,0.00,0.00,0.00,100.19,0.00,195720662.21,202661559.60,0.00,0.00,0.00,0.00,52793285,93483078,0,0
18446744071006.30,571392.04,571392.04,319618.06,0.00,0.00,0.00,103.81,0.00,195720662.21,202661559.60,0.00,0.00,0.00,0.00,52793285,93483078,0,0
18446744071008.30,571392.04,571392.04,319723.04,0.00,0.00,0.00,104.98,0.00,195720662.21,202661559.60,0.00,0.00,0.00,0.00,52793285,93483078,0,0
18446744071010.30,571392.04,571392.04,319826.98,0.00,0.00,0.00,103.94,0.00,195720662.21,202661559.60,0.00,0.00,0.00,0.00,52793285,93483078,0,0
18446744071012.30,571392.04,571392.04,319931.45,0.00,0.00,0.00,104.48,0.00,195720662.21,202661559.60,0.00,0.00,0.00,0.00,52793285,93483078,0,0
18446744071014.31,571392.04,571392.04,320035.89,0.00,0.00,0.00,104.44,0.00,195720662.21,202661559.60,0.00,0.00,0.00,0.00,52793285,93483078,0,0
18446744071016.31,571392.04,571392.04,320141.08,0.00,0.00,0.00,105.19,0.00,195720662.21,202661559.60,0.00,0.00,0.00,0.00,52793285,93483078,0,0
18446744071018.32,571392.04,571392.04,320244.80,0.00,0.00,0.00,103.73,0.00,195720662.21,202661559.60,0.00,0.00,0.00,0.00,52793285,93483078,0,0
18446744071020.32,571392.04,571392.04,320349.69,0.00,0.00,0.00,104.88,0.00,195720662.21,202661559.60,0.00,0.00,0.00,0.00,52793285,93483078,0,0
18446744071022.32,571392.04,571392.04,320453.13,0.00,0.00,0.00,103.45,0.00,195720662.21,202661559.60,0.00,0.00,0.00,0.00,52793285,93483078,0,0
18446744071024.32,571392.04,571392.04,320557.14,0.00,0.00,0.00,104.01,0.00,195720662.21,202661559.60,0.00,0.00,0.00,0.00,52793285,93483078,0,0
18446744071026.32,571392.04,571392.04,320658.25,0.00,0.00,0.00,101.11,0.00,195720662.21,202661559.60,0.00,0.00,0.00,0.00,52793285,93483078,0,0
18446744071028.33,571392.04,571392.04,320754.67,0.00,0.00,0.00,96.42,0.00,195720662.21,202661559.60,0.00,0.00,0.00,0.00,52793285,93483078,0,0
18446744071030.33,571392.04,571392.04,320859.86,0.00,0.00,0.00,105.19,0.00,195720662.21,202661559.60,0.00,0.00,0.00,0.00,52793285,93483078,0,0
18446744071032.34,571392.04,571392.04,320963.59,0.00,0.00,0.00,103.73,0.00,195720662.21,202661559.60,0.00,0.00,0.00,0.00,52793285,93483078,0,0
18446744071034.34,571392.04,571392.04,321067.31,0.00,0.00,0.00,103.73,0.00,195720662.21,202661559.60,0.00,0.00,0.00,0.00,52793285,93483078,0,0
18446744071036.35,571392.04,571392.04,321178.34,0.00,0.00,0.00,111.03,0.00,195720662.21,202661559.60,0.00,0.00,0.00,0.00,52793285,93483078,0,0
18446744071038.34,571392.04,571392.04,321292.30,0.00,0.00,0.00,113.95,0.00,195720662.21,202661559.60,0.00,0.00,0.00,0.00,52793285,93483078,0,0
18446744071040.35,571392.04,571392.04,321409.17,0.00,0.00,0.00,116.88,0.00,195720662.21,202661559.60,0.00,0.00,0.00,0.00,52793285,93483078,0,0
18446744071042.36,571392.04,571392.04,321520.20,0.00,0.00,0.00,111.03,0.00,195720662.21,202661559.60,0.00,0.00,0.00,0.00,52793285,93483078,0,0
18446744071044.36,571392.04,571392.04,321633.79,0.00,0.00,0.00,113.59,0.00,195720662.21,202661559.60,0.00,0.00,0.00,0.00,52793285,93483078,0,0
18446744071046.36,571392.04,571392.04,321747.12,0.00,0.00,0.00,113.33,0.00,195720662.21,202661559.60,0.00,0.00,0.00,0.00,52793285,93483078,0,0
18446744071048.36,571392.04,571392.04,321860.60,0.00,0.00,0.00,113.48,0.00,195720662.21,202661559.60,0.00,0.00,0.00,0.00,52793285,93483078,0,0
18446744071050.36,571392.04,571392.04,321973.84,0.00,0.00,0.00,113.24,0.00,195720662.21,202661559.60,0.00,0.00,0.00,0.00,52793285,93483078,0,0
18446744071052.37,571392.04,571392.04,322078.28,0.00,0.00,0.00,104.44,0.00,195720662.21,202661559.60,0.00,0.00,0.00,0.00,52793285,93483078,0,0
18446744071054.36,571392.04,571392.04,322193.45,0.00,0.00,0.00,115.17,0.00,195720662.21,202661559.60,0.00,0.00,0.00,0.00,52793285,93483078,0,0
18446744071056.37,571392.04,571392.04,322309.11,0.00,0.00,0.00,115.66,0.00,195720662.21,202661559.60,0.00,0.00,0.00,0.00,52793285,93483078,0,0
18446744071058.37,571392.04,571392.04,322412.03,0.00,0.00,0.00,102.92,0.00,195720662.21,202661559.60,0.00,0.00,0.00,0.00,52793285,93483078,0,0
18446744071060.37,571392.04,571392.04,322516.56,0.00,0.00,0.00,104.53,0.00,195720662.21,202661559.60,0.00,0.00,0.00,0.00,52793285,93483078,0,0
18446744071062.37,571392.04,571392.04,322623.21,0.00,0.00,0.00,106.65,0.00,195720662.21,202661559.60,0.00,0.00,0.00,0.00,52793285,93483078,0,0
18446744071064.38,571392.04,571392.04,322720.63,0.00,0.00,0.00,97.42,0.00,195720662.21,202661559.60,0.00,0.00,0.00,0.00,52793285,93483078,0,0
18446744071066.38,571392.04,571392.04,322824.82,0.00,0.00,0.00,104.19,0.00,195720662.21,202661559.60,0.00,0.00,0.00,0.00,52793285,93483078,0,0
18446744071068.38,571392.04,571392.04,322937.81,0.00,0.00,0.00,112.99,0.00,195720662.21,202661559.60,0.00,0.00,0.00,0.00,52793285,93483078,0,0
18446744071070.38,571392.04,571392.04,323055.50,0.00,0.00,0.00,117.69,0.00,195720662.21,202661559.60,0.00,0.00,0.00,0.00,52793285,93483078,0,0
18446744071072.38,571392.04,571392.04,323171.94,0.00,0.00,0.00,116.44,0.00,195720662.21,202661559.60,0.00,0.00,0.00,0.00,52793285,93483078,0,0
18446744071074.39,571392.04,571392.04,323276.25,0.00,0.00,0.00,104.31,0.00,195720662.21,202661559.60,0.00,0.00,0.00,0.00,52793285,93483078,0,0
18446744071076.40,571392.04,571392.04,323381.44,0.00,0.00,0.00,105.19,0.00,195720662.21,202661559.60,0.00,0.00,0.00,0.00,52793285,93483078,0,0
18446744071078.41,571392.04,571392.04,323491.01,0.00,0.00,0.00,109.57,0.00,195720662.21,202661559.60,0.00,0.00,0.00,0.00,52793285,93483078,0,0
18446744071080.41,571392.04,571392.04,323595.89,0.00,0.00,0.00,104.88,0.00,195720662.21,202661559.60,0.00,0.00,0.00,0.00,52793285,93483078,0,0
18446744071082.41,571392.04,571392.04,323699.92,0.00,0.00,0.00,104.03,0.00,195720662.21,202661559.60,0.00,0.00,0.00,0.00,52793285,93483078,0,0
18446744071084.41,571392.04,571392.04,323803.06,0.00,0.00,0.00,103.14,0.00,195720662.21,202661559.60,0.00,0.00,0.00,0.00,52793285,93483078,0,0
18446744071086.41,571392.04,571392.04,323906.57,0.00,0.00,0.00,103.51,0.00,195720662.21,202661559.60,0.00,0.00,0.00,0.00,52793285,93483078,0,0
18446744071088.41,571392.04,571392.04,324000.88,0.00,0.00,0.00,94.30,0.00,195720662.21,202661559.60,0.00,0.00,0.00,0.00,52793285,93483078,0,0
18446744071090.41,571392.04,571392.04,324104.52,0.00,0.00,0.00,103.64,0.00,195720662.21,202661559.60,0.00,0.00,0.00,0.00,52793285,93483078,0,0
18446744071092.41,571392.04,571392.04,324209.67,0.00,0.00,0.00,105.16,0.00,195720662.21,202661559.60,0.00,0.00,0.00,0.00,52793285,93483078,0,0
18446744071094.41,571392.04,571392.04,324306.77,0.00,0.00,0.00,97.10,0.00,195720662.21,202661559.60,0.00,0.00,0.00,0.00,52793285,93483078,0,0
18446744071096.41,571392.04,571392.04,324423.09,0.00,0.00,0.00,116.31,0.00,195720662.21,202661559.60,0.00,0.00,0.00,0.00,52793285,93483078,0,0
18446744071098.41,571392.04,571392.04,324533.91,0.00,0.00,0.00,110.82,0.00,195720662.21,202661559.60,0.00,0.00,0.00,0.00,52793285,93483078,0,0
18446744071100.41,571392.04,571392.04,324639.09,0.00,0.00,0.00,105.19,0.00,195720662.21,202661559.60,0.00,0.00,0.00,0.00,52793285,93483078,0,0
18446744071102.41,571392.04,571392.04,324743.56,0.00,0.00,0.00,104.47,0.00,195720662.21,202661559.60,0.00,0.00,0.00,0.00,52793285,93483078,0,0
18446744071104.41,571392.04,571392.04,324848.22,0.00,0.00,0.00,104.66,0.00,195720662.21,202661559.60,0.00,0.00,0.00,0.00,52793285,93483078,0,0
18446744071106.42,571392.04,571392.04,324951.95,0.00,0.00,0.00,103.73,0.00,195720662.21,202661559.60,0.00,0.00,0.00,0.00,52793285,93483078,0,0
18446744071108.42,571392.04,571392.04,325055.67,0.00,0.00,0.00,103.73,0.00,195720662.21,202661559.60,0.00,0.00,0.00,0.00,52793285,93483078,0,0
18446744071110.43,571392.04,571392.04,325160.86,0.00,0.00,0.00,105.19,0.00,195720662.21,202661559.60,0.00,0.00,0.00,0.00,52793285,93483078,0,0
18446744071112.43,571392.04,571392.04,325266.05,0.00,0.00,0.00,105.19,0.00,195720662.21,202661559.60,0.00,0.00,0.00,0.00,52793285,93483078,0,0
18446744071114.43,571392.04,571392.04,325369.77,0.00,0.00,0.00,103.73,0.00,195720662.21,202661559.60,0.00,0.00,0.00,0.00,52793285,93483078,0,0
18446744071116.43,571392.04,571392.04,325473.50,0.00,0.00,0.00,103.73,0.00,195720662.21,202661559.60,0.00,0.00,0.00,0.00,52793285,93483078,0,0
18446744071118.43,571392.04,571392.04,325570.83,0.00,0.00,0.00,97.33,0.00,195720662.21,202661559.60,0.00,0.00,0.00,0.00,52793285,93483078,0,0
18446744071120.44,571392.04,571392.04,325675.11,0.00,0.00,0.00,104.28,0.00,195720662.21,202661559.60,0.00,0.00,0.00,0.00,52793285,93483078,0,0
18446744071122.44,571392.04,571392.04,325780.27,0.00,0.00,0.00,105.16,0.00,195720662.21,202661559.60,0.00,0.00,0.00,0.00,52793285,93483078,0,0
18446744071124.44,571392.04,571392.04,325878.00,0.00,0.00,0.00,97.73,0.00,195720662.21,202661559.60,0.00,0.00,0.00,0.00,52793285,93483078,0,0
18446744071126.44,571392.04,571392.04,325981.91,0.00,0.00,0.00,103.91,0.00,195720662.21,202661559.60,0.00,0.00,0.00,0.00,52793285,93483078,0,0
18446744071128.44,571392.04,571392.04,326086.91,0.00,0.00,0.00,105.01,0.00,195720662.21,202661559.60,0.00,0.00,0.00,0.00,52793285,93483078,0,0
18446744071130.44,571392.04,571392.04,326190.82,0.00,0.00,0.00,103.91,0.00,195720662.21,202661559.60,0.00,0.00,0.00,0.00,52793285,93483078,0,0
18446744071132.45,571392.04,571392.04,326294.55,0.00,0.00,0.00,103.73,0.00,195720662.21,202661559.60,0.00,0.00,0.00,0.00,52793285,93483078,0,0
18446744071134.45,571392.04,571392.04,326399.18,0.00,0.00,0.00,104.63,0.00,195720662.21,202661559.60,0.00,0.00,0.00,0.00,52793285,93483078,0,0
18446744071136.45,571392.04,571392.04,326501.66,0.00,0.00,0.00,102.48,0.00,195720662.21,202661559.60,0.00,0.00,0.00,0.00,52793285,93483078,0,0
18446744071138.45,571392.04,571392.04,326605.73,0.00,0.00,0.00,104.06,0.00,195720662.21,202661559.60,0.00,0.00,0.00,0.00,52793285,93483078,0,0
18446744071140.45,571392.04,571392.04,326709.77,0.00,0.00,0.00,104.04,0.00,195720662.21,202661559.60,0.00,0.00,0.00,0.00,52793285,93483078,0,0
18446744071142.45,571392.04,571392.04,326813.93,0.00,0.00,0.00,104.16,0.00,195720662.21,202661559.60,0.00,0.00,0.00,0.00,52793285,93483078,0,0
18446744071144.45,571392.04,571392.04,326918.03,0.00,0.00,0.00,104.10,0.00,195720662.21,202661559.60,0.00,0.00,0.00,0.00,52793285,93483078,0,0
18446744071146.45,571392.04,571392.04,327022.01,0.00,0.00,0.00,103.98,0.00,195720662.21,202661559.60,0.00,0.00,0.00,0.00,52793285,93483078,0,0
18446744071148.45,571392.04,571392.04,327116.59,0.00,0.00,0.00,94.59,0.00,195720662.21,202661559.60,0.00,0.00,0.00,0.00,52793285,93483078,0,0
18446744071150.46,571392.04,571392.04,327220.78,0.00,0.00,0.00,104.19,0.00,195720662.21,202661559.60,0.00,0.00,0.00,0.00,52793285,93483078,0,0
18446744071152.46,571392.04,571392.04,327324.51,0.00,0.00,0.00,103.73,0.00,195720662.21,202661559.60,0.00,0.00,0.00,0.00,52793285,93483078,0,0
18446744071154.46,571392.04,571392.04,327428.23,0.00,0.00,0.00,103.73,0.00,195720662.21,202661559.60,0.00,0.00,0.00,0.00,52793285,93483078,0,0
18446744071156.46,571392.04,571392.04,327545.11,0.00,0.00,0.00,116.88,0.00,195720662.21,202661559.60,0.00,0.00,0.00,0.00,52793285,93483078,0,0
18446744071158.46,571392.04,571392.04,327666.06,0.00,0.00,0.00,120.95,0.00,195720662.21,202661559.60,0.00,0.00,0.00,0.00,52793285,93483078,0,0
18446744071160.47,571392.04,571392.04,327770.09,0.00,0.00,0.00,104.03,0.00,195720662.21,202661559.60,0.00,0.00,0.00,0.00,52793285,93483078,0,0
18446744071162.47,571392.04,571392.04,327873.82,0.00,0.00,0.00,103.73,0.00,195720662.21,202661559.60,0.00,0.00,0.00,0.00,52793285,93483078,0,0
18446744071164.47,571392.04,571392.04,327978.64,0.00,0.00,0.00,104.82,0.00,195720662.21,202661559.60,0.00,0.00,0.00,0.00,52793285,93483078,0,0
18446744071166.47,571392.04,571392.04,328082.73,0.00,0.00,0.00,104.09,0.00,195720662.21,202661559.60,0.00,0.00,0.00,0.00,52793285,93483078,0,0
18446744071168.48,571392.04,571392.04,328186.46,0.00,0.00,0.00,103.73,0.00,195720662.21,202661559.60,0.00,0.00,0.00,0.00,52793285,93483078,0,0
18446744071170.48,571392.04,571392.04,328291.59,0.00,0.00,0.00,105.13,0.00,195720662.21,202661559.60,0.00,0.00,0.00,0.00,52793285,93483078,0,0
18446744071172.48,571392.04,571392.04,328404.14,0.00,0.00,0.00,112.55,0.00,195720662.21,202661559.60,0.00,0.00,0.00,0.00,52793285,93483078,0,0
18446744071174.48,571392.04,571392.04,328526.65,0.00,0.00,0.00,122.51,0.00,195720662.21,202661559.60,0.00,0.00,0.00,0.00,52793285,93483078,0,0
18446744071176.48,571392.04,571392.04,328645.20,0.00,0.00,0.00,118.55,0.00,195720662.21,202661559.60,0.00,0.00,0.00,0.00,52793285,93483078,0,0
18446744071178.49,571392.04,571392.04,328740.16,0.00,0.00,0.00,94.96,0.00,195720662.21,202661559.60,0.00,0.00,0.00,0.00,52793285,93483078,0,0
18446744071180.49,571392.04,571392.04,328843.48,0.00,0.00,0.00,103.33,0.00,195720662.21,202661559.60,0.00,0.00,0.00,0.00,52793285,93483078,0,0
18446744071182.50,571392.04,571392.04,328950.53,0.00,0.00,0.00,107.05,0.00,195720662.21,202661559.60,0.00,0.00,0.00,0.00,52793285,93483078,0,0
18446744071184.50,571392.04,571392.04,329063.02,0.00,0.00,0.00,112.49,0.00,195720662.21,202661559.60,0.00,0.00,0.00,0.00,52793285,93483078,0,0
18446744071186.50,571392.04,571392.04,329176.30,0.00,0.00,0.00,113.27,0.00,195720662.21,202661559.60,0.00,0.00,0.00,0.00,52793285,93483078,0,0
18446744071188.50,571392.04,571392.04,329288.01,0.00,0.00,0.00,111.71,0.00,195720662.21,202661559.60,0.00,0.00,0.00,0.00,52793285,93483078,0,0
18446744071190.50,571392.04,571392.04,329406.34,0.00,0.00,0.00,118.34,0.00,195720662.21,202661559.60,0.00,0.00,0.00,0.00,52793285,93483078,0,0
18446744071192.51,571392.04,571392.04,329511.53,0.00,0.00,0.00,105.19,0.00,195720662.21,202661559.60,0.00,0.00,0.00,0.00,52793285,93483078,0,0
18446744071194.50,571392.04,571392.04,329615.82,0.00,0.00,0.00,104.29,0.00,195720662.21,202661559.60,0.00,0.00,0.00,0.00,52793285,93483078,0,0
18446744071196.51,571392.04,571392.04,329720.39,0.00,0.00,0.00,104.57,0.00,195720662.21,202661559.60,0.00,0.00,0.00,0.00,52793285,93483078,0,0
18446744071198.52,571392.04,571392.04,329824.17,0.00,0.00,0.00,103.78,0.00,195720662.21,202661559.60,0.00,0.00,0.00,0.00,52793285,93483078,0,0
18446744071200.52,571392.04,571392.04,329928.99,0.00,0.00,0.00,104.82,0.00,195720662.21,202661559.60,0.00,0.00,0.00,0.00,52793285,93483078,0,0
18446744071202.52,571392.04,571392.04,330033.09,0.00,0.00,0.00,104.09,0.00,195720662.21,202661559.60,0.00,0.00,0.00,0.00,52793285,93483078,0,0
18446744071204.52,571392.04,571392.04,330137.84,0.00,0.00,0.00,104.76,0.00,195720662.21,202661559.60,0.00,0.00,0.00,0.00,52793285,93483078,0,0
18446744071206.53,571392.04,571392.04,330242.00,0.00,0.00,0.00,104.16,0.00,195720662.21,202661559.60,0.00,0.00,0.00,0.00,52793285,93483078,0,0
18446744071208.54,571392.04,571392.04,330338.42,0.00,0.00,0.00,96.42,0.00,195720662.21,202661559.60,0.00,0.00,0.00,0.00,52793285,93483078,0,0
18446744071210.55,571392.04,571392.04,330443.61,0.00,0.00,0.00,105.19,0.00,195720662.21,202661559.60,0.00,0.00,0.00,0.00,52793285,93483078,0,0
18446744071212.55,571392.04,571392.04,330557.56,0.00,0.00,0.00,113.95,0.00,195720662.21,202661559.60,0.00,0.00,0.00,0.00,52793285,93483078,0,0
18446744071214.55,571392.04,571392.04,330659.52,0.00,0.00,0.00,101.96,0.00,195720662.21,202661559.60,0.00,0.00,0.00,0.00,52793285,93483078,0,0
18446744071216.55,571392.04,571392.04,330772.23,0.00,0.00,0.00,112.71,0.00,195720662.21,202661559.60,0.00,0.00,0.00,0.00,52793285,93483078,0,0
18446744071218.55,571392.04,571392.04,330876.52,0.00,0.00,0.00,104.28,0.00,195720662.21,202661559.60,0.00,0.00,0.00,0.00,52793285,93483078,0,0
18446744071220.55,571392.04,571392.04,330981.23,0.00,0.00,0.00,104.72,0.00,195720662.21,202661559.60,0.00,0.00,0.00,0.00,52793285,93483078,0,0
18446744071222.56,571392.04,571392.04,331084.96,0.00,0.00,0.00,103.73,0.00,195720662.21,202661559.60,0.00,0.00,0.00,0.00,52793285,93483078,0,0
18446744071224.55,571392.04,571392.04,331189.44,0.00,0.00,0.00,104.48,0.00,195720662.21,202661559.60,0.00,0.00,0.00,0.00,52793285,93483078,0,0
18446744071226.57,571392.04,571392.04,331302.64,0.00,0.00,0.00,113.20,0.00,195720662.21,202661559.60,0.00,0.00,0.00,0.00,52793285,93483078,0,0
18446744071228.57,571392.04,571392.04,331413.67,0.00,0.00,0.00,111.03,0.00,195720662.21,202661559.60,0.00,0.00,0.00,0.00,52793285,93483078,0,0
18446744071230.57,571392.04,571392.04,331518.27,0.00,0.00,0.00,104.60,0.00,195720662.21,202661559.60,0.00,0.00,0.00,0.00,52793285,93483078,0,0
18446744071232.57,571392.04,571392.04,331622.50,0.00,0.00,0.00,104.23,0.00,195720662.21,202661559.60,0.00,0.00,0.00,0.00,52793285,93483078,0,0
18446744071234.58,571392.04,571392.04,331726.31,0.00,0.00,0.00,103.81,0.00,195720662.21,202661559.60,0.00,0.00,0.00,0.00,52793285,93483078,0,0
18446744071236.59,571392.04,571392.04,331831.50,0.00,0.00,0.00,105.19,0.00,195720662.21,202661559.60,0.00,0.00,0.00,0.00,52793285,93483078,0,0
18446744071238.59,571392.04,571392.04,331929.08,0.00,0.00,0.00,97.58,0.00,195720662.21,202661559.60,0.00,0.00,0.00,0.00,52793285,93483078,0,0
18446744071240.60,571392.04,571392.04,332033.11,0.00,0.00,0.00,104.03,0.00,195720662.21,202661559.60,0.00,0.00,0.00,0.00,52793285,93483078,0,0
18446744071242.60,571392.04,571392.04,332136.84,0.00,0.00,0.00,103.73,0.00,195720662.21,202661559.60,0.00,0.00,0.00,0.00,52793285,93483078,0,0
18446744071244.60,571392.04,571392.04,332235.22,0.00,0.00,0.00,98.38,0.00,195720662.21,202661559.60,0.00,0.00,0.00,0.00,52793285,93483078,0,0
18446744071246.61,571392.04,571392.04,332338.45,0.00,0.00,0.00,103.23,0.00,195720662.21,202661559.60,0.00,0.00,0.00,0.00,52793285,93483078,0,0
18446744071248.61,571392.04,571392.04,332442.17,0.00,0.00,0.00,103.73,0.00,195720662.21,202661559.60,0.00,0.00,0.00,0.00,52793285,93483078,0,0
18446744071250.62,571392.04,571392.04,332557.59,0.00,0.00,0.00,115.41,0.00,195720662.21,202661559.60,0.00,0.00,0.00,0.00,52793285,93483078,0,0
18446744071252.62,571392.04,571392.04,332661.31,0.00,0.00,0.00,103.73,0.00,195720662.21,202661559.60,0.00,0.00,0.00,0.00,52793285,93483078,0,0
18446744071254.62,571392.04,571392.04,332778.01,0.00,0.00,0.00,116.70,0.00,195720662.21,202661559.60,0.00,0.00,0.00,0.00,52793285,93483078,0,0
18446744071256.63,571392.04,571392.04,332896.52,0.00,0.00,0.00,118.52,0.00,195720662.21,202661559.60,0.00,0.00,0.00,0.00,52793285,93483078,0,0
18446744071258.63,571392.04,571392.04,333004.63,0.00,0.00,0.00,108.11,0.00,195720662.21,202661559.60,0.00,0.00,0.00,0.00,52793285,93483078,0,0
18446744071260.63,571392.04,571392.04,333110.32,0.00,0.00,0.00,105.69,0.00,195720662.21,202661559.60,0.00,0.00,0.00,0.00,52793285,93483078,0,0
18446744071262.63,571392.04,571392.04,333215.54,0.00,0.00,0.00,105.22,0.00,195720662.21,202661559.60,0.00,0.00,0.00,0.00,52793285,93483078,0,0
18446744071264.63,571392.04,571392.04,333320.02,0.00,0.00,0.00,104.48,0.00,195720662.21,202661559.60,0.00,0.00,0.00,0.00,52793285,93483078,0,0
18446744071266.63,571392.04,571392.04,333423.92,0.00,0.00,0.00,103.91,0.00,195720662.21,202661559.60,0.00,0.00,0.00,0.00,52793285,93483078,0,0
18446744071268.63,571392.04,571392.04,333517.42,0.00,0.00,0.00,93.50,0.00,195720662.21,202661559.60,0.00,0.00,0.00,0.00,52793285,93483078,0,0
18446744071270.64,571392.04,571392.04,333626.99,0.00,0.00,0.00,109.57,0.00,195720662.21,202661559.60,0.00,0.00,0.00,0.00,52793285,93483078,0,0
18446744071272.63,571392.04,571392.04,333729.57,0.00,0.00,0.00,102.58,0.00,195720662.21,202661559.60,0.00,0.00,0.00,0.00,52793285,93483078,0,0
18446744071274.64,571392.04,571392.04,333826.80,0.00,0.00,0.00,97.23,0.00,195720662.21,202661559.60,0.00,0.00,0.00,0.00,52793285,93483078,0,0
18446744071276.64,571392.04,571392.04,333930.53,0.00,0.00,0.00,103.73,0.00,195720662.21,202661559.60,0.00,0.00,0.00,0.00,52793285,93483078,0,0
18446744071278.64,571392.04,571392.04,334034.59,0.00,0.00,0.00,104.06,0.00,195720662.21,202661559.60,0.00,0.00,0.00,0.00,52793285,93483078,0,0
18446744071280.64,571392.04,571392.04,334138.85,0.00,0.00,0.00,104.26,0.00,195720662.21,202661559.60,0.00,0.00,0.00,0.00,52793285,93483078,0,0
18446744071282.64,571392.04,571392.04,334252.27,0.00,0.00,0.00,113.42,0.00,195720662.21,202661559.60,0.00,0.00,0.00,0.00,52793285,93483078,0,0
18446744071284.64,571392.04,571392.04,334373.53,0.00,0.00,0.00,121.26,0.00,195720662.21,202661559.60,0.00,0.00,0.00,0.00,52793285,93483078,0,0
18446744071286.64,571392.04,571392.04,334482.27,0.00,0.00,0.00,108.73,0.00,195720662.21,202661559.60,0.00,0.00,0.00,0.00,52793285,93483078,0,0
18446744071288.64,571392.04,571392.04,334587.55,0.00,0.00,0.00,105.28,0.00,195720662.21,202661559.60,0.00,0.00,0.00,0.00,52793285,93483078,0,0
18446744071290.64,571392.04,571392.04,334691.05,0.00,0.00,0.00,103.51,0.00,195720662.21,202661559.60,0.00,0.00,0.00,0.00,52793285,93483078,0,0
18446744071292.64,571392.04,571392.04,334795.74,0.00,0.00,0.00,104.69,0.00,195720662.21,202661559.60,0.00,0.00,0.00,0.00,52793285,93483078,0,0
18446744071294.64,571392.04,571392.04,334900.28,0.00,0.00,0.00,104.54,0.00,195720662.21,202661559.60,0.00,0.00,0.00,0.00,52793285,93483078,0,0
18446744071296.65,571392.04,571392.04,335004.66,0.00,0.00,0.00,104.38,0.00,195720662.21,202661559.60,0.00,0.00,0.00,0.00,52793285,93483078,0,0
18446744071298.66,571392.04,571392.04,335108.38,0.00,0.00,0.00,103.73,0.00,195720662.21,202661559.60,0.00,0.00,0.00,0.00,52793285,93483078,0,0
18446744071300.66,571392.04,571392.04,335214.98,0.00,0.00,0.00,106.59,0.00,195720662.21,202661559.60,0.00,0.00,0.00,0.00,52793285,93483078,0,0
18446744071302.66,571392.04,571392.04,335317.83,0.00,0.00,0.00,102.85,0.00,195720662.21,202661559.60,0.00,0.00,0.00,0.00,52793285,93483078,0,0
18446744071304.66,571392.04,571392.04,335414.50,0.00,0.00,0.00,96.67,0.00,195720662.21,202661559.60,0.00,0.00,0.00,0.00,52793285,93483078,0,0
18446744071306.66,571392.04,571392.04,335536.44,0.00,0.00,0.00,121.94,0.00,195720662.21,202661559.60,0.00,0.00,0.00,0.00,52793285,93483078,0,0
18446744071308.66,571392.04,571392.04,335655.90,0.00,0.00,0.00,119.46,0.00,195720662.21,202661559.60,0.00,0.00,0.00,0.00,52793285,93483078,0,0
18446744071310.66,571392.04,571392.04,335767.27,0.00,0.00,0.00,111.37,0.00,195720662.21,202661559.60,0.00,0.00,0.00,0.00,52793285,93483078,0,0
18446744071312.66,571392.04,571392.04,335872.45,0.00,0.00,0.00,105.19,0.00,195720662.21,202661559.60,0.00,0.00,0.00,0.00,52793285,93483078,0,0
18446744071314.66,571392.04,571392.04,335977.09,0.00,0.00,0.00,104.63,0.00,195720662.21,202661559.60,0.00,0.00,0.00,0.00,52793285,93483078,0,0
18446744071316.66,571392.04,571392.04,336081.37,0.00,0.00,0.00,104.28,0.00,195720662.21,202661559.60,0.00,0.00,0.00,0.00,52793285,93483078,0,0
18446744071318.66,571392.04,571392.04,336185.84,0.00,0.00,0.00,104.48,0.00,195720662.21,202661559.60,0.00,0.00,0.00,0.00,52793285,93483078,0,0
18446744071320.67,571392.04,571392.04,336290.28,0.00,0.00,0.00,104.44,0.00,195720662.21,202661559.60,0.00,0.00,0.00,0.00,52793285,93483078,0,0
18446744071322.68,571392.04,571392.04,336395.47,0.00,0.00,0.00,105.19,0.00,195720662.21,202661559.60,0.00,0.00,0.00,0.00,52793285,93483078,0,0
18446744071324.69,571392.04,571392.04,336509.42,0.00,0.00,0.00,113.95,0.00,195720662.21,202661559.60,0.00,0.00,0.00,0.00,52793285,93483078,0,0
18446744071326.68,571392.04,571392.04,336632.05,0.00,0.00,0.00,122.63,0.00,195720662.21,202661559.60,0.00,0.00,0.00,0.00,52793285,93483078,0,0
18446744071328.69,571392.04,571392.04,336728.29,0.00,0.00,0.00,96.23,0.00,195720662.21,202661559.60,0.00,0.00,0.00,0.00,52793285,93483078,0,0
18446744071330.69,571392.04,571392.04,336832.11,0.00,0.00,0.00,103.82,0.00,195720662.21,202661559.60,0.00,0.00,0.00,0.00,52793285,93483078,0,0
18446744071332.69,571392.04,571392.04,336934.55,0.00,0.00,0.00,102.45,0.00,195720662.21,202661559.60,0.00,0.00,0.00,0.00,52793285,93483078,0,0
18446744071334.69,571392.04,571392.04,337030.98,0.00,0.00,0.00,96.42,0.00,195720662.21,202661559.60,0.00,0.00,0.00,0.00,52793285,93483078,0,0
18446744071336.69,571392.04,571392.04,337135.86,0.00,0.00,0.00,104.88,0.00,195720662.21,202661559.60,0.00,0.00,0.00,0.00,52793285,93483078,0,0
18446744071338.69,571392.04,571392.04,337241.27,0.00,0.00,0.00,105.41,0.00,195720662.21,202661559.60,0.00,0.00,0.00,0.00,52793285,93483078,0,0
18446744071340.70,571392.04,571392.04,337345.08,0.00,0.00,0.00,103.81,0.00,195720662.21,202661559.60,0.00,0.00,0.00,0.00,52793285,93483078,0,0
18446744071342.70,571392.04,571392.04,337450.24,0.00,0.00,0.00,105.16,0.00,195720662.21,202661559.60,0.00,0.00,0.00,0.00,52793285,93483078,0,0
18446744071344.70,571392.04,571392.04,337554.90,0.00,0.00,0.00,104.66,0.00,195720662.21,202661559.60,0.00,0.00,0.00,0.00,52793285,93483078,0,0
18446744071346.70,571392.04,571392.04,337659.68,0.00,0.00,0.00,104.78,0.00,195720662.21,202661559.60,0.00,0.00,0.00,0.00,52793285,93483078,0,0
18446744071348.70,571392.04,571392.04,337764.37,0.00,0.00,0.00,104.69,0.00,195720662.21,202661559.60,0.00,0.00,0.00,0.00,52793285,93483078,0,0
18446744071350.70,571392.04,571392.04,337868.09,0.00,0.00,0.00,103.73,0.00,195720662.21,202661559.60,0.00,0.00,0.00,0.00,52793285,93483078,0,0
18446744071352.71,571392.04,571392.04,337973.28,0.00,0.00,0.00,105.19,0.00,195720662.21,202661559.60,0.00,0.00,0.00,0.00,52793285,93483078,0,0
18446744071354.71,571392.04,571392.04,338077.41,0.00,0.00,0.00,104.13,0.00,195720662.21,202661559.60,0.00,0.00,0.00,0.00,52793285,93483078,0,0
18446744071356.71,571392.04,571392.04,338181.73,0.00,0.00,0.00,104.32,0.00,195720662.21,202661559.60,0.00,0.00,0.00,0.00,52793285,93483078,0,0
18446744071358.71,571392.04,571392.04,338275.70,0.00,0.00,0.00,93.96,0.00,195720662.21,202661559.60,0.00,0.00,0.00,0.00,52793285,93483078,0,0
18446744071360.71,571392.04,571392.04,338379.61,0.00,0.00,0.00,103.91,0.00,195720662.21,202661559.60,0.00,0.00,0.00,0.00,52793285,93483078,0,0
18446744071362.71,571392.04,571392.04,338482.31,0.00,0.00,0.00,102.70,0.00,195720662.21,202661559.60,0.00,0.00,0.00,0.00,52793285,93483078,0,0
18446744071364.72,571392.04,571392.04,338583.95,0.00,0.00,0.00,101.64,0.00,195720662.21,202661559.60,0.00,0.00,0.00,0.00,52793285,93483078,0,0
18446744071366.72,571392.04,571392.04,338688.93,0.00,0.00,0.00,104.98,0.00,195720662.21,202661559.60,0.00,0.00,0.00,0.00,52793285,93483078,0,0
18446744071368.73,571392.04,571392.04,338792.87,0.00,0.00,0.00,103.94,0.00,195720662.21,202661559.60,0.00,0.00,0.00,0.00,52793285,93483078,0,0
18446744071370.73,571392.04,571392.04,338897.94,0.00,0.00,0.00,105.07,0.00,195720662.21,202661559.60,0.00,0.00,0.00,0.00,52793285,93483078,0,0
18446744071372.73,571392.04,571392.04,339001.78,0.00,0.00,0.00,103.84,0.00,195720662.21,202661559.60,0.00,0.00,0.00,0.00,52793285,93483078,0,0
18446744071374.73,571392.04,571392.04,339106.79,0.00,0.00,0.00,105.01,0.00,195720662.21,202661559.60,0.00,0.00,0.00,0.00,52793285,93483078,0,0
18446744071376.73,571392.04,571392.04,339210.70,0.00,0.00,0.00,103.91,0.00,195720662.21,202661559.60,0.00,0.00,0.00,0.00,52793285,93483078,0,0
18446744071378.74,571392.04,571392.04,339314.42,0.00,0.00,0.00,103.73,0.00,195720662.21,202661559.60,0.00,0.00,0.00,0.00,52793285,93483078,0,0
18446744071380.74,571392.04,571392.04,339419.52,0.00,0.00,0.00,105.10,0.00,195720662.21,202661559.60,0.00,0.00,0.00,0.00,52793285,93483078,0,0
18446744071382.74,571392.04,571392.04,339523.34,0.00,0.00,0.00,103.81,0.00,195720662.21,202661559.60,0.00,0.00,0.00,0.00,52793285,93483078,0,0
18446744071384.74,571392.04,571392.04,339627.66,0.00,0.00,0.00,104.32,0.00,195720662.21,202661559.60,0.00,0.00,0.00,0.00,52793285,93483078,0,0
18446744071386.74,571392.04,571392.04,339732.31,0.00,0.00,0.00,104.66,0.00,195720662.21,202661559.60,0.00,0.00,0.00,0.00,52793285,93483078,0,0
18446744071388.75,571392.04,571392.04,339828.27,0.00,0.00,0.00,95.96,0.00,195720662.21,202661559.60,0.00,0.00,0.00,0.00,52793285,93483078,0,0
18446744071390.75,571392.04,571392.04,339932.06,0.00,0.00,0.00,103.79,0.00,195720662.21,202661559.60,0.00,0.00,0.00,0.00,52793285,93483078,0,0
18446744071392.75,571392.04,571392.04,340034.66,0.00,0.00,0.00,102.60,0.00,195720662.21,202661559.60,0.00,0.00,0.00,0.00,52793285,93483078,0,0
18446744071394.75,571392.04,571392.04,340139.20,0.00,0.00,0.00,104.54,0.00,195720662.21,202661559.60,0.00,0.00,0.00,0.00,52793285,93483078,0,0
18446744071396.75,571392.04,571392.04,340250.70,0.00,0.00,0.00,111.50,0.00,195720662.21,202661559.60,0.00,0.00,0.00,0.00,52793285,93483078,0,0
18446744071398.76,571392.04,571392.04,340356.07,0.00,0.00,0.00,105.37,0.00,195720662.21,202661559.60,0.00,0.00,0.00,0.00,52793285,93483078,0,0
18446744071400.76,571392.04,571392.04,340461.11,0.00,0.00,0.00,105.04,0.00,195720662.21,202661559.60,0.00,0.00,0.00,0.00,52793285,93483078,0,0
18446744071402.77,571392.04,571392.04,340564.98,0.00,0.00,0.00,103.88,0.00,195720662.21,202661559.60,0.00,0.00,0.00,0.00,52793285,93483078,0,0
18446744071404.77,571392.04,571392.04,340669.99,0.00,0.00,0.00,105.01,0.00,195720662.21,202661559.60,0.00,0.00,0.00,0.00,52793285,93483078,0,0
18446744071406.77,571392.04,571392.04,340773.56,0.00,0.00,0.00,103.57,0.00,195720662.21,202661559.60,0.00,0.00,0.00,0.00,52793285,93483078,0,0
18446744071408.77,571392.04,571392.04,340877.62,0.00,0.00,0.00,104.06,0.00,195720662.21,202661559.60,0.00,0.00,0.00,0.00,52793285,93483078,0,0
18446744071410.77,571392.04,571392.04,340981.63,0.00,0.00,0.00,104.01,0.00,195720662.21,202661559.60,0.00,0.00,0.00,0.00,52793285,93483078,0,0
18446744071412.77,571392.04,571392.04,341086.54,0.00,0.00,0.00,104.91,0.00,195720662.21,202661559.60,0.00,0.00,0.00,0.00,52793285,93483078,0,0
18446744071414.77,571392.04,571392.04,341191.73,0.00,0.00,0.00,105.19,0.00,195720662.21,202661559.60,0.00,0.00,0.00,0.00,52793285,93483078,0,0
18446744071416.78,571392.04,571392.04,341295.86,0.00,0.00,0.00,104.13,0.00,195720662.21,202661559.60,0.00,0.00,0.00,0.00,52793285,93483078,0,0
18446744071418.78,571392.04,571392.04,341391.16,0.00,0.00,0.00,95.30,0.00,195720662.21,202661559.60,0.00,0.00,0.00,0.00,52793285,93483078,0,0
18446744071420.78,571392.04,571392.04,341495.60,0.00,0.00,0.00,104.44,0.00,195720662.21,202661559.60,0.00,0.00,0.00,0.00,52793285,93483078,0,0
18446744071422.78,571392.04,571392.04,341598.87,0.00,0.00,0.00,103.27,0.00,195720662.21,202661559.60,0.00,0.00,0.00,0.00,52793285,93483078,0,0
18446744071424.78,571392.04,571392.04,341696.62,0.00,0.00,0.00,97.76,0.00,195720662.21,202661559.60,0.00,0.00,0.00,0.00,52793285,93483078,0,0
18446744071426.78,571392.04,571392.04,341800.85,0.00,0.00,0.00,104.23,0.00,195720662.21,202661559.60,0.00,0.00,0.00,0.00,52793285,93483078,0,0
18446744071428.78,571392.04,571392.04,341904.66,0.00,0.00,0.00,103.81,0.00,195720662.21,202661559.60,0.00,0.00,0.00,0.00,52793285,93483078,0,0
18446744071430.78,571392.04,571392.04,342008.39,0.00,0.00,0.00,103.73,0.00,195720662.21,202661559.60,0.00,0.00,0.00,0.00,52793285,93483078,0,0
18446744071432.79,571392.04,571392.04,342112.62,0.00,0.00,0.00,104.23,0.00,195720662.21,202661559.60,0.00,0.00,0.00,0.00,52793285,93483078,0,0
18446744071434.78,571392.04,571392.04,342216.91,0.00,0.00,0.00,104.29,0.00,195720662.21,202661559.60,0.00,0.00,0.00,0.00,52793285,93483078,0,0
18446744071436.79,571392.04,571392.04,342321.03,0.00,0.00,0.00,104.12,0.00,195720662.21,202661559.60,0.00,0.00,0.00,0.00,52793285,93483078,0,0
18446744071438.79,571392.04,571392.04,342424.76,0.00,0.00,0.00,103.73,0.00,195720662.21,202661559.60,0.00,0.00,0.00,0.00,52793285,93483078,0,0
18446744071440.79,571392.04,571392.04,342529.95,0.00,0.00,0.00,105.19,0.00,195720662.21,202661559.60,0.00,0.00,0.00,0.00,52793285,93483078,0,0
18446744071442.79,571392.04,571392.04,342648.28,0.00,0.00,0.00,118.34,0.00,195720662.21,202661559.60,0.00,0.00,0.00,0.00,52793285,93483078,0,0
18446744071444.80,571392.04,571392.04,342769.54,0.00,0.00,0.00,121.26,0.00,195720662.21,202661559.60,0.00,0.00,0.00,0.00,52793285,93483078,0,0
18446744071446.80,571392.04,571392.04,342891.67,0.00,0.00,0.00,122.13,0.00,195720662.21,202661559.60,0.00,0.00,0.00,0.00,52793285,93483078,0,0
18446744071448.81,571392.04,571392.04,342985.76,0.00,0.00,0.00,94.09,0.00,195720662.21,202661559.60,0.00,0.00,0.00,0.00,52793285,93483078,0,0
18446744071450.81,571392.04,571392.04,343090.95,0.00,0.00,0.00,105.19,0.00,195720662.21,202661559.60,0.00,0.00,0.00,0.00,52793285,93483078,0,0
18446744071452.81,571392.04,571392.04,343191.32,0.00,0.00,0.00,100.38,0.00,195720662.21,202661559.60,0.00,0.00,0.00,0.00,52793285,93483078,0,0
18446744071454.81,571392.04,571392.04,343288.61,0.00,0.00,0.00,97.29,0.00,195720662.21,202661559.60,0.00,0.00,0.00,0.00,52793285,93483078,0,0
18446744071456.82,571392.04,571392.04,343393.36,0.00,0.00,0.00,104.75,0.00,195720662.21,202661559.60,0.00,0.00,0.00,0.00,52793285,93483078,0,0
18446744071458.82,571392.04,571392.04,343498.37,0.00,0.00,0.00,105.01,0.00,195720662.21,202661559.60,0.00,0.00,0.00,0.00,52793285,93483078,0,0
18446744071460.82,571392.04,571392.04,343602.27,0.00,0.00,0.00,103.91,0.00,195720662.21,202661559.60,0.00,0.00,0.00,0.00,52793285,93483078,0,0
18446744071462.82,571392.04,571392.04,343720.34,0.00,0.00,0.00,118.06,0.00,195720662.21,202661559.60,0.00,0.00,0.00,0.00,52793285,93483078,0,0
18446744071464.82,571392.04,571392.04,343840.41,0.00,0.00,0.00,120.07,0.00,195720662.21,202661559.60,0.00,0.00,0.00,0.00,52793285,93483078,0,0
18446744071466.82,571392.04,571392.04,343945.04,0.00,0.00,0.00,104.63,0.00,195720662.21,202661559.60,0.00,0.00,0.00,0.00,52793285,93483078,0,0
18446744071468.83,571392.04,571392.04,344049.32,0.00,0.00,0.00,104.28,0.00,195720662.21,202661559.60,0.00,0.00,0.00,0.00,52793285,93483078,0,0
18446744071470.83,571392.04,571392.04,344158.59,0.00,0.00,0.00,109.27,0.00,195720662.21,202661559.60,0.00,0.00,0.00,0.00,52793285,93483078,0,0
18446744071472.83,571392.04,571392.04,344261.88,0.00,0.00,0.00,103.29,0.00,195720662.21,202661559.60,0.00,0.00,0.00,0.00,52793285,93483078,0,0
18446744071474.84,571392.04,571392.04,344366.34,0.00,0.00,0.00,104.47,0.00,195720662.21,202661559.60,0.00,0.00,0.00,0.00,52793285,93483078,0,0
18446744071476.84,571392.04,571392.04,344470.02,0.00,0.00,0.00,103.67,0.00,195720662.21,202661559.60,0.00,0.00,0.00,0.00,52793285,93483078,0,0
18446744071478.84,571392.04,571392.04,344563.57,0.00,0.00,0.00,93.55,0.00,195720662.21,202661559.60,0.00,0.00,0.00,0.00,52793285,93483078,0,0
18446744071480.84,571392.04,571392.04,344668.20,0.00,0.00,0.00,104.63,0.00,195720662.21,202661559.60,0.00,0.00,0.00,0.00,52793285,93483078,0,0
18446744071482.84,571392.04,571392.04,344770.75,0.00,0.00,0.00,102.55,0.00,195720662.21,202661559.60,0.00,0.00,0.00,0.00,52793285,93483078,0,0
18446744071484.85,571392.04,571392.04,344870.37,0.00,0.00,0.00,99.62,0.00,195720662.21,202661559.60,0.00,0.00,0.00,0.00,52793285,93483078,0,0
18446744071486.86,571392.04,571392.04,344975.55,0.00,0.00,0.00,105.19,0.00,195720662.21,202661559.60,0.00,0.00,0.00,0.00,52793285,93483078,0,0
18446744071488.86,571392.04,571392.04,345080.56,0.00,0.00,0.00,105.01,0.00,195720662.21,202661559.60,0.00,0.00,0.00,0.00,52793285,93483078,0,0
18446744071490.86,571392.04,571392.04,345184.47,0.00,0.00,0.00,103.91,0.00,195720662.21,202661559.60,0.00,0.00,0.00,0.00,52793285,93483078,0,0
18446744071492.86,571392.04,571392.04,345289.88,0.00,0.00,0.00,105.41,0.00,195720662.21,202661559.60,0.00,0.00,0.00,0.00,52793285,93483078,0,0
18446744071494.86,571392.04,571392.04,345394.84,0.00,0.00,0.00,104.97,0.00,195720662.21,202661559.60,0.00,0.00,0.00,0.00,52793285,93483078,0,0
18446744071496.86,571392.04,571392.04,345498.57,0.00,0.00,0.00,103.73,0.00,195720662.21,202661559.60,0.00,0.00,0.00,0.00,52793285,93483078,0,0
18446744071498.86,571392.04,571392.04,345603.42,0.00,0.00,0.00,104.85,0.00,195720662.21,202661559.60,0.00,0.00,0.00,0.00,52793285,93483078,0,0
18446744071500.87,571392.04,571392.04,345707.48,0.00,0.00,0.00,104.06,0.00,195720662.21,202661559.60,0.00,0.00,0.00,0.00,52793285,93483078,0,0
18446744071502.87,571392.04,571392.04,345812.67,0.00,0.00,0.00,105.19,0.00,195720662.21,202661559.60,0.00,0.00,0.00,0.00,52793285,93483078,0,0
18446744071504.87,571392.04,571392.04,345917.09,0.00,0.00,0.00,104.41,0.00,195720662.21,202661559.60,0.00,0.00,0.00,0.00,52793285,93483078,0,0
18446744071506.87,571392.04,571392.04,346019.29,0.00,0.00,0.00,102.20,0.00,195720662.21,202661559.60,0.00,0.00,0.00,0.00,52793285,93483078,0,0
18446744071508.87,571392.04,571392.04,346118.91,0.00,0.00,0.00,99.62,0.00,195720662.21,202661559.60,0.00,0.00,0.00,0.00,52793285,93483078,0,0
18446744071510.87,571392.04,571392.04,346223.20,0.00,0.00,0.00,104.28,0.00,195720662.21,202661559.60,0.00,0.00,0.00,0.00,52793285,93483078,0,0
18446744071512.87,571392.04,571392.04,346324.88,0.00,0.00,0.00,101.68,0.00,195720662.21,202661559.60,0.00,0.00,0.00,0.00,52793285,93483078,0,0
18446744071514.88,571392.04,571392.04,346423.34,0.00,0.00,0.00,98.47,0.00,195720662.21,202661559.60,0.00,0.00,0.00,0.00,52793285,93483078,0,0
18446744071516.89,571392.04,571392.04,346528.53,0.00,0.00,0.00,105.19,0.00,195720662.21,202661559.60,0.00,0.00,0.00,0.00,52793285,93483078,0,0
18446744071518.89,571392.04,571392.04,346633.72,0.00,0.00,0.00,105.19,0.00,195720662.21,202661559.60,0.00,0.00,0.00,0.00,52793285,93483078,0,0
18446744071520.89,571392.04,571392.04,346738.13,0.00,0.00,0.00,104.41,0.00,195720662.21,202661559.60,0.00,0.00,0.00,0.00,52793285,93483078,0,0
18446744071522.90,571392.04,571392.04,346842.63,0.00,0.00,0.00,104.50,0.00,195720662.21,202661559.60,0.00,0.00,0.00,0.00,52793285,93483078,0,0
18446744071524.90,571392.04,571392.04,346947.82,0.00,0.00,0.00,105.19,0.00,195720662.21,202661559.60,0.00,0.00,0.00,0.00,52793285,93483078,0,0
18446744071526.90,571392.04,571392.04,347051.55,0.00,0.00,0.00,103.73,0.00,195720662.21,202661559.60,0.00,0.00,0.00,0.00,52793285,93483078,0,0
18446744071528.91,571392.04,571392.04,347155.96,0.00,0.00,0.00,104.41,0.00,195720662.21,202661559.60,0.00,0.00,0.00,0.00,52793285,93483078,0,0
18446744071530.91,571392.04,571392.04,347260.38,0.00,0.00,0.00,104.41,0.00,195720662.21,202661559.60,0.00,0.00,0.00,0.00,52793285,93483078,0,0
18446744071532.91,571392.04,571392.04,347364.16,0.00,0.00,0.00,103.79,0.00,195720662.21,202661559.60,0.00,0.00,0.00,0.00,52793285,93483078,0,0
18446744071534.91,571392.04,571392.04,347470.84,0.00,0.00,0.00,106.67,0.00,195720662.21,202661559.60,0.00,0.00,0.00,0.00,52793285,93483078,0,0
18446744071536.92,571392.04,571392.04,347586.25,0.00,0.00,0.00,115.41,0.00,195720662.21,202661559.60,0.00,0.00,0.00,0.00,52793285,93483078,0,0
18446744071538.92,571392.04,571392.04,347701.42,0.00,0.00,0.00,115.17,0.00,195720662.21,202661559.60,0.00,0.00,0.00,0.00,52793285,93483078,0,0
18446744071540.93,571392.04,571392.04,347821.46,0.00,0.00,0.00,120.04,0.00,195720662.21,202661559.60,0.00,0.00,0.00,0.00,52793285,93483078,0,0
18446744071542.93,571392.04,571392.04,347933.43,0.00,0.00,0.00,111.97,0.00,195720662.21,202661559.60,0.00,0.00,0.00,0.00,52793285,93483078,0,0
18446744071544.93,571392.04,571392.04,348036.01,0.00,0.00,0.00,102.58,0.00,195720662.21,202661559.60,0.00,0.00,0.00,0.00,52793285,93483078,0,0
18446744071546.95,571392.04,571392.04,348139.95,0.00,0.00,0.00,103.94,0.00,195720662.21,202661559.60,0.00,0.00,0.00,0.00,52793285,93483078,0,0
18446744071548.95,571392.04,571392.04,348244.30,0.00,0.00,0.00,104.35,0.00,195720662.21,202661559.60,0.00,0.00,0.00,0.00,52793285,93483078,0,0
18446744071550.95,571392.04,571392.04,348348.55,0.00,0.00,0.00,104.26,0.00,195720662.21,202661559.60,0.00,0.00,0.00,0.00,52793285,93483078,0,0
18446744071552.95,571392.04,571392.04,348452.59,0.00,0.00,0.00,104.03,0.00,195720662.21,202661559.60,0.00,0.00,0.00,0.00,52793285,93483078,0,0
18446744071554.96,571392.04,571392.04,348556.31,0.00,0.00,0.00,103.73,0.00,195720662.21,202661559.60,0.00,0.00,0.00,0.00,52793285,93483078,0,0
18446744071556.96,571392.04,571392.04,348665.88,0.00,0.00,0.00,109.57,0.00,195720662.21,202661559.60,0.00,0.00,0.00,0.00,52793285,93483078,0,0
18446744071558.96,571392.04,571392.04,348771.07,0.00,0.00,0.00,105.19,0.00,195720662.21,202661559.60,0.00,0.00,0.00,0.00,52793285,93483078,0,0
18446744071560.96,571392.04,571392.04,348874.80,0.00,0.00,0.00,103.73,0.00,195720662.21,202661559.60,0.00,0.00,0.00,0.00,52793285,93483078,0,0
18446744071562.97,571392.04,571392.04,348979.98,0.00,0.00,0.00,105.19,0.00,195720662.21,202661559.60,0.00,0.00,0.00,0.00,52793285,93483078,0,0
18446744071564.97,571392.04,571392.04,349084.84,0.00,0.00,0.00,104.85,0.00,195720662.21,202661559.60,0.00,0.00,0.00,0.00,52793285,93483078,0,0
18446744071566.98,571392.04,571392.04,349188.16,0.00,0.00,0.00,103.32,0.00,195720662.21,202661559.60,0.00,0.00,0.00,0.00,52793285,93483078,0,0
18446744071568.98,571392.04,571392.04,349288.77,0.00,0.00,0.00,100.62,0.00,195720662.21,202661559.60,0.00,0.00,0.00,0.00,52793285,93483078,0,0
18446744071570.98,571392.04,571392.04,349393.43,0.00,0.00,0.00,104.66,0.00,195720662.21,202661559.60,0.00,0.00,0.00,0.00,52793285,93483078,0,0
18446744071572.98,571392.04,571392.04,349493.27,0.00,0.00,0.00,99.84,0.00,195720662.21,202661559.60,0.00,0.00,0.00,0.00,52793285,93483078,0,0
18446744071574.98,571392.04,571392.04,349592.68,0.00,0.00,0.00,99.41,0.00,195720662.21,202661559.60,0.00,0.00,0.00,0.00,52793285,93483078,0,0
18446744071576.98,571392.04,571392.04,349695.84,0.00,0.00,0.00,103.16,0.00,195720662.21,202661559.60,0.00,0.00,0.00,0.00,52793285,93483078,0,0
18446744071578.99,571392.04,571392.04,349801.03,0.00,0.00,0.00,105.19,0.00,195720662.21,202661559.60,0.00,0.00,0.00,0.00,52793285,93483078,0,0
18446744071580.99,571392.04,571392.04,349905.41,0.00,0.00,0.00,104.38,0.00,195720662.21,202661559.60,0.00,0.00,0.00,0.00,52793285,93483078,0,0
18446744071582.99,571392.04,571392.04,350009.02,0.00,0.00,0.00,103.60,0.00,195720662.21,202661559.60,0.00,0.00,0.00,0.00,52793285,93483078,0,0
18446744071584.99,571392.04,571392.04,350113.67,0.00,0.00,0.00,104.66,0.00,195720662.21,202661559.60,0.00,0.00,0.00,0.00,52793285,93483078,0,0
18446744071586.99,571392.04,571392.04,350217.40,0.00,0.00,0.00,103.73,0.00,195720662.21,202661559.60,0.00,0.00,0.00,0.00,52793285,93483078,0,0
18446744071588.99,571392.04,571392.04,350321.12,0.00,0.00,0.00,103.73,0.00,195720662.21,202661559.60,0.00,0.00,0.00,0.00,52793285,93483078,0,0
18446744071590.99,571392.04,571392.04,350424.85,0.00,0.00,0.00,103.73,0.00,195720662.21,202661559.60,0.00,0.00,0.00,0.00,52793285,93483078,0,0
18446744071593.00,571392.04,571392.04,350529.64,0.00,0.00,0.00,104.79,0.00,195720662.21,202661559.60,0.00,0.00,0.00,0.00,52793285,93483078,0,0
18446744071595.00,571392.04,571392.04,350633.77,0.00,0.00,0.00,104.12,0.00,195720662.21,202661559.60,0.00,0.00,0.00,0.00,52793285,93483078,0,0
18446744071597.00,571392.04,571392.04,350731.19,0.00,0.00,0.00,97.42,0.00,195720662.21,202661559.60,0.00,0.00,0.00,0.00,52793285,93483078,0,0
18446744071599.00,571392.04,571392.04,350831.27,0.00,0.00,0.00,100.09,0.00,195720662.21,202661559.60,0.00,0.00,0.00,0.00,52793285,93483078,0,0
18446744071601.01,571392.04,571392.04,350936.18,0.00,0.00,0.00,104.91,0.00,195720662.21,202661559.60,0.00,0.00,0.00,0.00,52793285,93483078,0,0
18446744071603.01,571392.04,571392.04,351034.94,0.00,0.00,0.00,98.76,0.00,195720662.21,202661559.60,0.00,0.00,0.00,0.00,52793285,93483078,0,0
18446744071605.01,571392.04,571392.04,351136.15,0.00,0.00,0.00,101.21,0.00,195720662.21,202661559.60,0.00,0.00,0.00,0.00,52793285,93483078,0,0
18446744071607.01,571392.04,571392.04,351239.97,0.00,0.00,0.00,103.82,0.00,195720662.21,202661559.60,0.00,0.00,0.00,0.00,52793285,93483078,0,0
18446744071609.01,571392.04,571392.04,351343.45,0.00,0.00,0.00,103.48,0.00,195720662.21,202661559.60,0.00,0.00,0.00,0.00,52793285,93483078,0,0
18446744071611.01,571392.04,571392.04,351446.05,0.00,0.00,0.00,102.60,0.00,195720662.21,202661559.60,0.00,0.00,0.00,0.00,52793285,93483078,0,0
18446744071613.01,571392.04,571392.04,351550.46,0.00,0.00,0.00,104.41,0.00,195720662.21,202661559.60,0.00,0.00,0.00,0.00,52793285,93483078,0,0
18446744071615.02,571392.04,571392.04,351654.96,0.00,0.00,0.00,104.50,0.00,195720662.21,202661559.60,0.00,0.00,0.00,0.00,52793285,93483078,0,0
18446744071617.03,571392.04,571392.04,351757.23,0.00,0.00,0.00,102.27,0.00,195720662.21,202661559.60,0.00,0.00,0.00,0.00,52793285,93483078,0,0
18446744071619.03,571392.04,571392.04,351861.83,0.00,0.00,0.00,104.60,0.00,195720662.21,202661559.60,0.00,0.00,0.00,0.00,52793285,93483078,0,0
18446744071621.03,571392.04,571392.04,351966.42,0.00,0.00,0.00,104.59,0.00,195720662.21,202661559.60,0.00,0.00,0.00,0.00,52793285,93483078,0,0
18446744071623.03,571392.04,571392.04,352069.56,0.00,0.00,0.00,103.14,0.00,195720662.21,202661559.60,0.00,0.00,0.00,0.00,52793285,93483078,0,0
18446744071625.03,571392.04,571392.04,352173.48,0.00,0.00,0.00,103.91,0.00,195720662.21,202661559.60,0.00,0.00,0.00,0.00,52793285,93483078,0,0
18446744071627.03,571392.04,571392.04,352270.02,0.00,0.00,0.00,96.54,0.00,195720662.21,202661559.60,0.00,0.00,0.00,0.00,52793285,93483078,0,0
18446744071629.03,571392.04,571392.04,352374.65,0.00,0.00,0.00,104.63,0.00,195720662.21,202661559.60,0.00,0.00,0.00,0.00,52793285,93483078,0,0
18446744071631.03,571392.04,571392.04,352480.37,0.00,0.00,0.00,105.72,0.00,195720662.21,202661559.60,0.00,0.00,0.00,0.00,52793285,93483078,0,0
18446744071633.04,571392.04,571392.04,352588.50,0.00,0.00,0.00,108.13,0.00,195720662.21,202661559.60,0.00,0.00,0.00,0.00,52793285,93483078,0,0
18446744071635.04,571392.04,571392.04,352690.77,0.00,0.00,0.00,102.27,0.00,195720662.21,202661559.60,0.00,0.00,0.00,0.00,52793285,93483078,0,0
18446744071637.04,571392.04,571392.04,352794.49,0.00,0.00,0.00,103.73,0.00,195720662.21,202661559.60,0.00,0.00,0.00,0.00,52793285,93483078,0,0
18446744071639.04,571392.04,571392.04,352899.68,0.00,0.00,0.00,105.19,0.00,195720662.21,202661559.60,0.00,0.00,0.00,0.00,52793285,93483078,0,0
18446744071641.04,571392.04,571392.04,353003.41,0.00,0.00,0.00,103.73,0.00,195720662.21,202661559.60,0.00,0.00,0.00,0.00,52793285,93483078,0,0
18446744071643.04,571392.04,571392.04,353108.59,0.00,0.00,0.00,105.19,0.00,195720662.21,202661559.60,0.00,0.00,0.00,0.00,52793285,93483078,0,0
18446744071645.04,571392.04,571392.04,353213.01,0.00,0.00,0.00,104.41,0.00,195720662.21,202661559.60,0.00,0.00,0.00,0.00,52793285,93483078,0,0
18446744071647.04,571392.04,571392.04,353317.42,0.00,0.00,0.00,104.41,0.00,195720662.21,202661559.60,0.00,0.00,0.00,0.00,52793285,93483078,0,0
18446744071649.05,571392.04,571392.04,353421.23,0.00,0.00,0.00,103.81,0.00,195720662.21,202661559.60,0.00,0.00,0.00,0.00,52793285,93483078,0,0
18446744071651.05,571392.04,571392.04,353525.71,0.00,0.00,0.00,104.48,0.00,195720662.21,202661559.60,0.00,0.00,0.00,0.00,52793285,93483078,0,0
18446744071653.05,571392.04,571392.04,353629.22,0.00,0.00,0.00,103.51,0.00,195720662.21,202661559.60,0.00,0.00,0.00,0.00,52793285,93483078,0,0
18446744071655.05,571392.04,571392.04,353733.88,0.00,0.00,0.00,104.66,0.00,195720662.21,202661559.60,0.00,0.00,0.00,0.00,52793285,93483078,0,0
18446744071657.05,571392.04,571392.04,353830.30,0.00,0.00,0.00,96.42,0.00,195720662.21,202661559.60,0.00,0.00,0.00,0.00,52793285,93483078,0,0
18446744071659.06,571392.04,571392.04,353933.66,0.00,0.00,0.00,103.36,0.00,195720662.21,202661559.60,0.00,0.00,0.00,0.00,52793285,93483078,0,0
18446744071661.06,571392.04,571392.04,354037.75,0.00,0.00,0.00,104.09,0.00,195720662.21,202661559.60,0.00,0.00,0.00,0.00,52793285,93483078,0,0
18446744071663.06,571392.04,571392.04,354137.09,0.00,0.00,0.00,99.34,0.00,195720662.21,202661559.60,0.00,0.00,0.00,0.00,52793285,93483078,0,0
18446744071665.06,571392.04,571392.04,354236.44,0.00,0.00,0.00,99.34,0.00,195720662.21,202661559.60,0.00,0.00,0.00,0.00,52793285,93483078,0,0
18446744071667.07,571392.04,571392.04,354340.16,0.00,0.00,0.00,103.73,0.00,195720662.21,202661559.60,0.00,0.00,0.00,0.00,52793285,93483078,0,0
18446744071669.07,571392.04,571392.04,354443.89,0.00,0.00,0.00,103.73,0.00,195720662.21,202661559.60,0.00,0.00,0.00,0.00,52793285,93483078,0,0
18446744071671.07,571392.04,571392.04,354547.77,0.00,0.00,0.00,103.88,0.00,195720662.21,202661559.60,0.00,0.00,0.00,0.00,52793285,93483078,0,0
18446744071673.07,571392.04,571392.04,354655.73,0.00,0.00,0.00,107.95,0.00,195720662.21,202661559.60,0.00,0.00,0.00,0.00,52793285,93483078,0,0
18446744071675.07,571392.04,571392.04,354762.81,0.00,0.00,0.00,107.09,0.00,195720662.21,202661559.60,0.00,0.00,0.00,0.00,52793285,93483078,0,0
18446744071677.07,571392.04,571392.04,354870.27,0.00,0.00,0.00,107.46,0.00,195720662.21,202661559.60,0.00,0.00,0.00,0.00,52793285,93483078,0,0
18446744071679.08,571392.04,571392.04,354977.13,0.00,0.00,0.00,106.86,0.00,195720662.21,202661559.60,0.00,0.00,0.00,0.00,52793285,93483078,0,0
18446744071681.08,571392.04,571392.04,355084.53,0.00,0.00,0.00,107.40,0.00,195720662.21,202661559.60,0.00,0.00,0.00,0.00,52793285,93483078,0,0
18446744071683.09,571392.04,571392.04,355191.89,0.00,0.00,0.00,107.36,0.00,195720662.21,202661559.60,0.00,0.00,0.00,0.00,52793285,93483078,0,0
18446744071685.09,571392.04,571392.04,355297.83,0.00,0.00,0.00,105.94,0.00,195720662.21,202661559.60,0.00,0.00,0.00,0.00,52793285,93483078,0,0
18446744071687.09,571392.04,571392.04,355395.68,0.00,0.00,0.00,97.85,0.00,195720662.21,202661559.60,0.00,0.00,0.00,0.00,52793285,93483078,0,0
18446744071689.09,571392.04,571392.04,355497.51,0.00,0.00,0.00,101.83,0.00,195720662.21,202661559.60,0.00,0.00,0.00,0.00,52793285,93483078,0,0
18446744071691.09,571392.04,571392.04,355604.59,0.00,0.00,0.00,107.09,0.00,195720662.21,202661559.60,0.00,0.00,0.00,0.00,52793285,93483078,0,0
18446744071693.09,571392.04,571392.04,355686.34,0.00,0.00,0.00,81.75,0.00,195720662.21,202661559.60,0.00,0.00,0.00,0.00,52793285,93483078,0,0
18446744071695.19,571392.04,571392.04,355698.59,0.00,0.00,0.00,12.25,0.00,195720662.21,202661559.60,0.00,0.00,0.00,0.00,52793285,93483078,0,0
18446744071700.87,571392.04,571392.04,355698.66,0.00,0.00,0.00,0.06,0.00,195720662.21,202661559.60,0.00,0.00,0.00,0.00,52793285,93483078,0,0
18446744071700.87,571392.04,571392.04,355698.69,0.00,0.00,0.00,0.03,0.00,195720662.21,202661559.60,0.00,0.00,0.00,0.00,52793285,93483078,0,0
18446744071704.76,571392.04,571392.04,355702.48,0.00,0.00,0.00,3.79,0.00,195720662.21,202661559.60,0.00,0.00,0.00,0.00,52793285,93483078,0,0
18446744071706.82,571392.04,571392.04,355702.57,0.00,0.00,0.00,0.09,0.00,195720662.21,202661559.60,0.00,0.00,0.00,0.00,52793285,93483078,0,0
18446744071708.83,571392.04,571392.04,355747.05,0.00,0.00,0.00,44.48,0.00,195720662.21,202661559.60,0.00,0.00,0.00,0.00,52793285,93483078,0,0
18446744071710.94,571392.04,571392.04,355800.86,0.00,0.00,0.00,53.81,0.00,195720662.21,202661559.60,0.00,0.00,0.00,0.00,52793285,93483078,0,0
18446744071712.95,571392.04,571392.04,355823.98,0.00,0.00,0.00,23.12,0.00,195720662.21,202661559.60,0.00,0.00,0.00,0.00,52793285,93483078,0,0
18446744071714.97,571392.04,571392.04,355860.48,0.00,0.00,0.00,36.49,0.00,195720662.21,202661559.60,0.00,0.00,0.00,0.00,52793285,93483078,0,0
18446744071730.56,571392.04,571392.04,355885.53,0.00,0.00,0.00,25.05,0.00,195720662.21,202661559.60,0.00,0.00,0.00,0.00,52793285,93483078,0,0
18446744071762.01,571392.04,571392.04,355885.66,0.00,0.00,0.00,0.12,0.00,195720662.21,202661559.60,0.00,0.00,0.00,0.00,52793285,93483078,0,0
18446744073217.67,571392.04,571392.04,355885.72,0.00,0.00,0.00,0.06,0.00,195720662.21,202661559.60,0.00,0.00,0.00,0.00,52793285,93483078,0,0
18446744073217.71,571392.04,571392.04,355885.75,0.00,0.00,0.00,0.03,0.00,195720662.21,202661559.60,0.00,0.00,0.00,0.00,52793285,93483078,0,0
18446744073222.31,571392.04,571392.04,355888.33,0.00,0.00,0.00,2.58,0.00,195720662.21,202661559.60,0.00,0.00,0.00,0.00,52793285,93483078,0,0
18446744073286.54,571392.04,571392.04,355896.69,0.00,0.00,0.00,8.36,0.00,195720662.21,202661559.60,0.00,0.00,0.00,0.00,52793285,93483078,0,0
665.13,571392.04,571392.04,355896.72,0.00,0.00,0.00,0.03,0.00,195720662.21,202661559.60,0.00,0.00,0.00,0.00,52793285,93483078,0,0
665.13,571392.04,571392.04,355896.75,0.00,0.00,0.00,0.03,0.00,195720662.21,202661559.60,0.00,0.00,0.00,0.00,52793285,93483078,0,0
667.14,571392.04,571392.04,355961.80,0.00,0.00,0.00,65.05,0.00,195720662.21,202661559.60,0.00,0.00,0.00,0.00,52793285,93483078,0,0
669.14,571392.04,571392.04,356081.60,0.00,0.00,0.00,119.80,0.00,195720662.21,202661559.60,0.00,0.00,0.00,0.00,52793285,93483078,0,0
671.16,571392.04,571392.04,356214.55,0.00,0.00,0.00,132.95,0.00,195720662.21,202661559.60,0.00,0.00,0.00,0.00,52793285,93483078,0,0
673.16,571392.04,571392.04,356300.87,0.00,0.00,0.00,86.32,0.00,195720662.21,202661559.60,0.00,0.00,0.00,0.00,52793285,93483078,0,0
675.18,571392.04,571392.04,356338.73,0.00,0.00,0.00,37.86,0.00,195720662.21,202661559.60,0.00,0.00,0.00,0.00,52793285,93483078,0,0
677.18,571392.04,571392.04,356373.77,0.00,0.00,0.00,35.04,0.00,195720662.21,202661559.60,0.00,0.00,0.00,0.00,52793285,93483078,0,0
679.26,571392.04,571392.04,356383.24,0.00,0.00,0.00,9.48,0.00,195720662.21,202661559.60,0.00,0.00,0.00,0.00,52793285,93483078,0,0
681.26,571392.04,571392.04,356398.32,0.00,0.00,0.00,15.08,0.00,195720662.21,202661559.60,0.00,0.00,0.00,0.00,52793285,93483078,0,0
683.27,571392.04,571392.04,356422.50,0.00,0.00,0.00,24.18,0.00,195720662.21,202661559.60,0.00,0.00,0.00,0.00,52793285,93483078,0,0
685.27,571392.04,571392.04,356457.06,0.00,0.00,0.00,34.56,0.00,195720662.21,202661559.60,0.00,0.00,0.00,0.00,52793285,93483078,0,0
687.28,571392.04,571392.04,356486.91,0.00,0.00,0.00,29.84,0.00,195720662.21,202661559.60,0.00,0.00,0.00,0.00,52793285,93483078,0,0
689.28,571392.04,571392.04,356518.34,0.00,0.00,0.00,31.43,0.00,195720662.21,202661559.60,0.00,0.00,0.00,0.00,52793285,93483078,0,0
691.28,571392.04,571392.04,356552.30,0.00,0.00,0.00,33.97,0.00,195720662.21,202661559.60,0.00,0.00,0.00,0.00,52793285,93483078,0,0
693.30,571392.04,571392.04,356589.39,0.00,0.00,0.00,37.09,0.00,195720662.21,202661559.60,0.00,0.00,0.00,0.00,52793285,93483078,0,0
706.37,571392.04,571392.04,356618.39,0.00,0.00,0.00,29.00,0.00,195720662.21,202661559.60,0.00,0.00,0.00,0.00,52793285,93483078,0,0
783.73,571392.04,571392.04,356618.45,0.00,0.00,0.00,0.06,0.00,195720662.21,202661559.60,0.00,0.00,0.00,0.00,52793285,93483078,0,0
783.77,571392.04,571392.04,356618.48,0.00,0.00,0.00,0.03,0.00,195720662.21,202661559.60,0.00,0.00,0.00,0.00,52793285,93483078,0,0
3289.39,571392.04,571392.04,356618.55,0.00,0.00,0.00,0.06,0.00,195720662.21,202661559.60,0.00,0.00,0.00,0.00,52793285,93483078,0,0
3291.37,571392.04,571392.04,356717.11,0.00,0.00,0.00,98.56,0.00,195720662.21,202661559.60,0.00,0.00,0.00,0.00,52793285,93483078,0,0
3293.36,571392.04,571392.04,356848.59,0.00,0.00,0.00,131.48,0.00,195720662.21,202661559.60,0.00,0.00,0.00,0.00,52793285,93483078,0,0
3295.37,571392.04,571392.04,356974.23,0.00,0.00,0.00,125.64,0.00,195720662.21,202661559.60,0.00,0.00,0.00,0.00,52793285,93483078,0,0
3297.37,571392.04,571392.04,357113.55,0.00,0.00,0.00,139.32,0.00,195720662.21,202661559.60,0.00,0.00,0.00,0.00,52793285,93483078,0,0
3299.37,571392.04,571392.04,357235.74,0.00,0.00,0.00,122.19,0.00,195720662.21,202661559.60,0.00,0.00,0.00,0.00,52793285,93483078,0,0
3301.37,571392.04,571392.04,357342.64,0.00,0.00,0.00,106.90,0.00,195720662.21,202661559.60,0.00,0.00,0.00,0.00,52793285,93483078,0,0
3303.37,571392.04,571392.04,357449.38,0.00,0.00,0.00,106.74,0.00,195720662.21,202661559.60,0.00,0.00,0.00,0.00,52793285,93483078,0,0
3305.37,571392.04,571392.04,357551.30,0.00,0.00,0.00,101.92,0.00,195720662.21,202661559.60,0.00,0.00,0.00,0.00,52793285,93483078,0,0
3307.38,571392.04,571392.04,357660.88,0.00,0.00,0.00,109.57,0.00,195720662.21,202661559.60,0.00,0.00,0.00,0.00,52793285,93483078,0,0
3309.38,571392.04,571392.04,357782.13,0.00,0.00,0.00,121.26,0.00,195720662.21,202661559.60,0.00,0.00,0.00,0.00,52793285,93483078,0,0
3311.39,571392.04,571392.04,357897.55,0.00,0.00,0.00,115.41,0.00,195720662.21,202661559.60,0.00,0.00,0.00,0.00,52793285,93483078,0,0
3313.39,571392.04,571392.04,358018.80,0.00,0.00,0.00,121.26,0.00,195720662.21,202661559.60,0.00,0.00,0.00,0.00,52793285,93483078,0,0
3315.39,571392.04,571392.04,358126.91,0.00,0.00,0.00,108.11,0.00,195720662.21,202661559.60,0.00,0.00,0.00,0.00,52793285,93483078,0,0
3317.40,571392.04,571392.04,358238.57,0.00,0.00,0.00,111.66,0.00,195720662.21,202661559.60,0.00,0.00,0.00,0.00,52793285,93483078,0,0
3319.40,571392.04,571392.04,358331.20,0.00,0.00,0.00,92.63,0.00,195720662.21,202661559.60,0.00,0.00,0.00,0.00,52793285,93483078,0,0
3321.40,571392.04,571392.04,358401.02,0.00,0.00,0.00,69.81,0.00,195720662.21,202661559.60,0.00,0.00,0.00,0.00,52793285,93483078,0,0
3323.40,571392.04,571392.04,358497.99,0.00,0.00,0.00,96.98,0.00,195720662.21,202661559.60,0.00,0.00,0.00,0.00,52793285,93483078,0,0
3325.41,571392.04,571392.04,358597.34,0.00,0.00,0.00,99.34,0.00,195720662.21,202661559.60,0.00,0.00,0.00,0.00,52793285,93483078,0,0
3327.41,571392.04,571392.04,358699.05,0.00,0.00,0.00,101.71,0.00,195720662.21,202661559.60,0.00,0.00,0.00,0.00,52793285,93483078,0,0
3329.41,571392.04,571392.04,358796.80,0.00,0.00,0.00,97.76,0.00,195720662.21,202661559.60,0.00,0.00,0.00,0.00,52793285,93483078,0,0
3331.41,571392.04,571392.04,358907.05,0.00,0.00,0.00,110.25,0.00,195720662.21,202661559.60,0.00,0.00,0.00,0.00,52793285,93483078,0,0
3333.41,571392.04,571392.04,359023.22,0.00,0.00,0.00,116.16,0.00,195720662.21,202661559.60,0.00,0.00,0.00,0.00,52793285,93483078,0,0
3335.41,571392.04,571392.04,359137.30,0.00,0.00,0.00,114.08,0.00,195720662.21,202661559.60,0.00,0.00,0.00,0.00,52793285,93483078,0,0
3337.41,571392.04,571392.04,359251.84,0.00,0.00,0.00,114.54,0.00,195720662.21,202661559.60,0.00,0.00,0.00,0.00,52793285,93483078,0,0
3339.41,571392.04,571392.04,359367.78,0.00,0.00,0.00,115.95,0.00,195720662.21,202661559.60,0.00,0.00,0.00,0.00,52793285,93483078,0,0
3341.42,571392.04,571392.04,359491.43,0.00,0.00,0.00,123.65,0.00,195720662.21,202661559.60,0.00,0.00,0.00,0.00,52793285,93483078,0,0
3343.42,571392.04,571392.04,359622.80,0.00,0.00,0.00,131.37,0.00,195720662.21,202661559.60,0.00,0.00,0.00,0.00,52793285,93483078,0,0
3345.42,571392.04,571392.04,359756.14,0.00,0.00,0.00,133.34,0.00,195720662.21,202661559.60,0.00,0.00,0.00,0.00,52793285,93483078,0,0
3347.43,571392.04,571392.04,359891.73,0.00,0.00,0.00,135.59,0.00,195720662.21,202661559.60,0.00,0.00,0.00,0.00,52793285,93483078,0,0
3349.43,571392.04,571392.04,360017.37,0.00,0.00,0.00,125.64,0.00,195720662.21,202661559.60,0.00,0.00,0.00,0.00,52793285,93483078,0,0
3351.44,571392.04,571392.04,360129.86,0.00,0.00,0.00,112.49,0.00,195720662.21,202661559.60,0.00,0.00,0.00,0.00,52793285,93483078,0,0
3353.44,571392.04,571392.04,360262.80,0.00,0.00,0.00,132.95,0.00,195720662.21,202661559.60,0.00,0.00,0.00,0.00,52793285,93483078,0,0
3355.44,571392.04,571392.04,360398.67,0.00,0.00,0.00,135.87,0.00,195720662.21,202661559.60,0.00,0.00,0.00,0.00,52793285,93483078,0,0
3357.45,571392.04,571392.04,360533.08,0.00,0.00,0.00,134.41,0.00,195720662.21,202661559.60,0.00,0.00,0.00,0.00,52793285,93483078,0,0
3359.45,571392.04,571392.04,360668.36,0.00,0.00,0.00,135.28,0.00,195720662.21,202661559.60,0.00,0.00,0.00,0.00,52793285,93483078,0,0
3361.45,571392.04,571392.04,360801.12,0.00,0.00,0.00,132.76,0.00,195720662.21,202661559.60,0.00,0.00,0.00,0.00,52793285,93483078,0,0
3363.45,571392.04,571392.04,360936.30,0.00,0.00,0.00,135.18,0.00,195720662.21,202661559.60,0.00,0.00,0.00,0.00,52793285,93483078,0,0
3365.45,571392.04,571392.04,361069.24,0.00,0.00,0.00,132.95,0.00,195720662.21,202661559.60,0.00,0.00,0.00,0.00,52793285,93483078,0,0
3367.45,571392.04,571392.04,361205.11,0.00,0.00,0.00,135.87,0.00,195720662.21,202661559.60,0.00,0.00,0.00,0.00,52793285,93483078,0,0
3369.46,571392.04,571392.04,361339.52,0.00,0.00,0.00,134.41,0.00,195720662.21,202661559.60,0.00,0.00,0.00,0.00,52793285,93483078,0,0
3371.46,571392.04,571392.04,361475.38,0.00,0.00,0.00,135.87,0.00,195720662.21,202661559.60,0.00,0.00,0.00,0.00,52793285,93483078,0,0
3373.46,571392.04,571392.04,361609.79,0.00,0.00,0.00,134.41,0.00,195720662.21,202661559.60,0.00,0.00,0.00,0.00,52793285,93483078,0,0
3375.46,571392.04,571392.04,361745.41,0.00,0.00,0.00,135.62,0.00,195720662.21,202661559.60,0.00,0.00,0.00,0.00,52793285,93483078,0,0
3377.46,571392.04,571392.04,361880.06,0.00,0.00,0.00,134.65,0.00,195720662.21,202661559.60,0.00,0.00,0.00,0.00,52793285,93483078,0,0
3379.46,571392.04,571392.04,362004.24,0.00,0.00,0.00,124.18,0.00,195720662.21,202661559.60,0.00,0.00,0.00,0.00,52793285,93483078,0,0
3381.47,571392.04,571392.04,362128.42,0.00,0.00,0.00,124.18,0.00,195720662.21,202661559.60,0.00,0.00,0.00,0.00,52793285,93483078,0,0
3383.47,571392.04,571392.04,362262.37,0.00,0.00,0.00,133.95,0.00,195720662.21,202661559.60,0.00,0.00,0.00,0.00,52793285,93483078,0,0
3385.47,571392.04,571392.04,362397.23,0.00,0.00,0.00,134.87,0.00,195720662.21,202661559.60,0.00,0.00,0.00,0.00,52793285,93483078,0,0
3387.47,571392.04,571392.04,362530.18,0.00,0.00,0.00,132.95,0.00,195720662.21,202661559.60,0.00,0.00,0.00,0.00,52793285,93483078,0,0
3389.47,571392.04,571392.04,362665.12,0.00,0.00,0.00,134.94,0.00,195720662.21,202661559.60,0.00,0.00,0.00,0.00,52793285,93483078,0,0
3391.47,571392.04,571392.04,362797.53,0.00,0.00,0.00,132.41,0.00,195720662.21,202661559.60,0.00,0.00,0.00,0.00,52793285,93483078,0,0
3393.47,571392.04,571392.04,362932.84,0.00,0.00,0.00,135.31,0.00,195720662.21,202661559.60,0.00,0.00,0.00,0.00,52793285,93483078,0,0
3395.48,571392.04,571392.04,363066.34,0.00,0.00,0.00,133.50,0.00,195720662.21,202661559.60,0.00,0.00,0.00,0.00,52793285,93483078,0,0
3397.48,571392.04,571392.04,363201.47,0.00,0.00,0.00,135.12,0.00,195720662.21,202661559.60,0.00,0.00,0.00,0.00,52793285,93483078,0,0
3399.48,571392.04,571392.04,363335.16,0.00,0.00,0.00,133.69,0.00,195720662.21,202661559.60,0.00,0.00,0.00,0.00,52793285,93483078,0,0
3401.48,571392.04,571392.04,363471.02,0.00,0.00,0.00,135.87,0.00,195720662.21,202661559.60,0.00,0.00,0.00,0.00,52793285,93483078,0,0
3403.49,571392.04,571392.04,363605.43,0.00,0.00,0.00,134.41,0.00,195720662.21,202661559.60,0.00,0.00,0.00,0.00,52793285,93483078,0,0
3405.49,571392.04,571392.04,363740.49,0.00,0.00,0.00,135.06,0.00,195720662.21,202661559.60,0.00,0.00,0.00,0.00,52793285,93483078,0,0
3407.49,571392.04,571392.04,363874.24,0.00,0.00,0.00,133.75,0.00,195720662.21,202661559.60,0.00,0.00,0.00,0.00,52793285,93483078,0,0
3409.50,571392.04,571392.04,363998.42,0.00,0.00,0.00,124.18,0.00,195720662.21,202661559.60,0.00,0.00,0.00,0.00,52793285,93483078,0,0
3411.50,571392.04,571392.04,364104.95,0.00,0.00,0.00,106.53,0.00,195720662.21,202661559.60,0.00,0.00,0.00,0.00,52793285,93483078,0,0
3413.50,571392.04,571392.04,364239.48,0.00,0.00,0.00,134.52,0.00,195720662.21,202661559.60,0.00,0.00,0.00,0.00,52793285,93483078,0,0
3415.50,571392.04,571392.04,364373.88,0.00,0.00,0.00,134.41,0.00,195720662.21,202661559.60,0.00,0.00,0.00,0.00,52793285,93483078,0,0
3417.51,571392.04,571392.04,364509.75,0.00,0.00,0.00,135.87,0.00,195720662.21,202661559.60,0.00,0.00,0.00,0.00,52793285,93483078,0,0
