time_sec,host_write_MB,cache_write_MB,backend_write_MB,gc_write_MB,host_write_delta_MB,cache_write_delta_MB,backend_write_delta_MB,gc_write_delta_MB,nvme_host_written_MB,nvme_media_written_MB,nvme_host_delta_MB,nvme_media_delta_MB,cache_read_MB,backend_read_MB,valid_blocks,write_hit_count,gc_victim_blocks,evict_victim_blocks
2.00,0.00,0.00,0.00,0.00,0.00,0.00,0.00,0.00,0.00,0.00,0.00,0.00,0.00,0.00,0,0,0,0
4.00,0.00,0.00,0.00,0.00,0.00,0.00,0.00,0.00,3766909238.34,6328837184.67,3766909238.34,6328837184.67,0.00,0.00,0,0,0,0
6.00,0.00,0.00,0.00,0.00,0.00,0.00,0.00,0.00,3766909238.34,6328837184.67,0.00,0.00,0.00,0.00,0,0,0,0
8.00,0.00,0.00,0.00,0.00,0.00,0.00,0.00,0.00,3766909238.34,6328837184.67,0.00,0.00,0.00,0.00,0,0,0,0
10.00,0.00,0.00,0.00,0.00,0.00,0.00,0.00,0.00,3766909238.34,6328837184.67,0.00,0.00,0.00,0.00,0,0,0,0
12.00,0.00,0.00,0.00,0.00,0.00,0.00,0.00,0.00,3766909238.34,6328837184.67,0.00,0.00,0.00,0.00,0,0,0,0
14.00,0.00,0.00,0.00,0.00,0.00,0.00,0.00,0.00,3766909238.34,6328837184.67,0.00,0.00,0.00,0.00,0,0,0,0
16.00,0.00,0.00,0.00,0.00,0.00,0.00,0.00,0.00,3766909238.34,6328837184.67,0.00,0.00,0.00,0.00,0,0,0,0
18.00,0.00,0.00,0.00,0.00,0.00,0.00,0.00,0.00,3766909238.34,6328837184.67,0.00,0.00,0.00,0.00,0,0,0,0
20.00,0.00,0.00,0.00,0.00,0.00,0.00,0.00,0.00,3766909238.34,6328837184.67,0.00,0.00,0.00,0.00,0,0,0,0
22.00,0.00,0.00,0.00,0.00,0.00,0.00,0.00,0.00,3766909238.34,6328837184.67,0.00,0.00,0.00,0.00,0,0,0,0
24.00,0.00,0.00,0.00,0.00,0.00,0.00,0.00,0.00,3766909238.34,6328837184.67,0.00,0.00,0.00,0.00,0,0,0,0
26.00,0.00,0.00,0.00,0.00,0.00,0.00,0.00,0.00,3766909238.34,6328837184.67,0.00,0.00,0.00,0.00,0,0,0,0
28.00,0.00,0.00,0.00,0.00,0.00,0.00,0.00,0.00,3766909238.34,6328837184.67,0.00,0.00,0.00,0.00,0,0,0,0
30.00,0.00,0.00,0.00,0.00,0.00,0.00,0.00,0.00,3766909238.34,6328837184.67,0.00,0.00,0.00,0.00,0,0,0,0
32.00,0.00,0.00,0.00,0.00,0.00,0.00,0.00,0.00,3766909238.34,6328837184.67,0.00,0.00,0.00,0.00,0,0,0,0
34.00,0.00,0.00,0.00,0.00,0.00,0.00,0.00,0.00,3766909238.34,6328837184.67,0.00,0.00,0.00,0.00,0,0,0,0
36.00,0.00,0.00,0.00,0.00,0.00,0.00,0.00,0.00,3766909238.34,6328837184.67,0.00,0.00,0.00,0.00,0,0,0,0
38.00,0.00,0.00,0.00,0.00,0.00,0.00,0.00,0.00,3766909238.34,6328837184.67,0.00,0.00,0.00,0.00,0,0,0,0
40.00,0.00,0.00,0.00,0.00,0.00,0.00,0.00,0.00,3766909238.34,6328837184.67,0.00,0.00,0.00,0.00,0,0,0,0
42.00,0.00,0.00,0.00,0.00,0.00,0.00,0.00,0.00,3766909238.34,6328837184.67,0.00,0.00,0.00,0.00,0,0,0,0
44.00,0.00,0.00,0.00,0.00,0.00,0.00,0.00,0.00,3766909238.34,6328837184.67,0.00,0.00,0.00,0.00,0,0,0,0
46.00,0.00,0.00,0.00,0.00,0.00,0.00,0.00,0.00,3766909238.34,6328837184.67,0.00,0.00,0.00,0.00,0,0,0,0
48.00,0.00,0.00,0.00,0.00,0.00,0.00,0.00,0.00,3766909238.34,6328837184.67,0.00,0.00,0.00,0.00,0,0,0,0
50.00,0.00,0.00,0.00,0.00,0.00,0.00,0.00,0.00,3766909238.34,6328837184.67,0.00,0.00,0.00,0.00,0,0,0,0
52.00,0.00,0.00,0.00,0.00,0.00,0.00,0.00,0.00,3766909238.34,6328837184.67,0.00,0.00,0.00,0.00,0,0,0,0
54.00,0.00,0.00,0.00,0.00,0.00,0.00,0.00,0.00,3766909238.34,6328837184.67,0.00,0.00,0.00,0.00,0,0,0,0
56.00,0.00,0.00,0.00,0.00,0.00,0.00,0.00,0.00,3766909238.34,6328837184.67,0.00,0.00,0.00,0.00,0,0,0,0
58.00,0.00,0.00,0.00,0.00,0.00,0.00,0.00,0.00,3766909238.34,6328837184.67,0.00,0.00,0.00,0.00,0,0,0,0
60.00,0.00,0.00,0.00,0.00,0.00,0.00,0.00,0.00,3766909238.34,6328837184.67,0.00,0.00,0.00,0.00,0,0,0,0
62.00,0.00,0.00,0.00,0.00,0.00,0.00,0.00,0.00,3766909238.34,6328837184.67,0.00,0.00,0.00,0.00,0,0,0,0
64.00,0.00,0.00,0.00,0.00,0.00,0.00,0.00,0.00,3766909238.34,6328837184.67,0.00,0.00,0.00,0.00,0,0,0,0
66.00,0.00,0.00,0.00,0.00,0.00,0.00,0.00,0.00,3766909238.34,6328837184.67,0.00,0.00,0.00,0.00,0,0,0,0
68.00,0.00,0.00,0.00,0.00,0.00,0.00,0.00,0.00,3766909238.34,6328837184.67,0.00,0.00,0.00,0.00,0,0,0,0
70.00,0.00,0.00,0.00,0.00,0.00,0.00,0.00,0.00,3766909238.34,6328837184.67,0.00,0.00,0.00,0.00,0,0,0,0
72.00,0.00,0.00,0.00,0.00,0.00,0.00,0.00,0.00,3766909238.34,6328837184.67,0.00,0.00,0.00,0.00,0,0,0,0
74.00,0.00,0.00,0.00,0.00,0.00,0.00,0.00,0.00,3766909238.34,6328837184.67,0.00,0.00,0.00,0.00,0,0,0,0
76.00,0.00,0.00,0.00,0.00,0.00,0.00,0.00,0.00,3766909238.34,6328837184.67,0.00,0.00,0.00,0.00,0,0,0,0
78.00,0.00,0.00,0.00,0.00,0.00,0.00,0.00,0.00,3766909238.34,6328837184.67,0.00,0.00,0.00,0.00,0,0,0,0
80.00,0.00,0.00,0.00,0.00,0.00,0.00,0.00,0.00,3766909238.34,6328837184.67,0.00,0.00,0.00,0.00,0,0,0,0
82.00,0.00,0.00,0.00,0.00,0.00,0.00,0.00,0.00,3766909238.34,6328837184.67,0.00,0.00,0.00,0.00,0,0,0,0
84.00,0.00,0.00,0.00,0.00,0.00,0.00,0.00,0.00,3766909238.34,6328837184.67,0.00,0.00,0.00,0.00,0,0,0,0
86.00,0.00,0.00,0.00,0.00,0.00,0.00,0.00,0.00,3766909238.34,6328837184.67,0.00,0.00,0.00,0.00,0,0,0,0
88.00,0.00,0.00,0.00,0.00,0.00,0.00,0.00,0.00,3766909238.34,6328837184.67,0.00,0.00,0.00,0.00,0,0,0,0
90.00,0.00,0.00,0.00,0.00,0.00,0.00,0.00,0.00,3766909238.34,6328837184.67,0.00,0.00,0.00,0.00,0,0,0,0
92.00,0.00,0.00,0.00,0.00,0.00,0.00,0.00,0.00,3766909238.34,6328837184.67,0.00,0.00,0.00,0.00,0,0,0,0
94.00,0.00,0.00,0.00,0.00,0.00,0.00,0.00,0.00,3766909238.34,6328837184.67,0.00,0.00,0.00,0.00,0,0,0,0
96.00,0.00,0.00,0.00,0.00,0.00,0.00,0.00,0.00,3766909238.34,6328837184.67,0.00,0.00,0.00,0.00,0,0,0,0
98.00,0.00,0.00,0.00,0.00,0.00,0.00,0.00,0.00,3766909238.34,6328837184.67,0.00,0.00,0.00,0.00,0,0,0,0
100.00,0.00,0.00,0.00,0.00,0.00,0.00,0.00,0.00,3766909238.34,6328837184.67,0.00,0.00,0.00,0.00,0,0,0,0
102.00,0.00,0.00,0.00,0.00,0.00,0.00,0.00,0.00,3766909238.34,6328837184.67,0.00,0.00,0.00,0.00,0,0,0,0
104.00,0.00,0.00,0.00,0.00,0.00,0.00,0.00,0.00,3766909238.34,6328837184.67,0.00,0.00,0.00,0.00,0,0,0,0
106.00,0.00,0.00,0.00,0.00,0.00,0.00,0.00,0.00,3766909238.34,6328837184.67,0.00,0.00,0.00,0.00,0,0,0,0
108.00,0.00,0.00,0.00,0.00,0.00,0.00,0.00,0.00,3766909238.34,6328837184.67,0.00,0.00,0.00,0.00,0,0,0,0
110.00,0.00,0.00,0.00,0.00,0.00,0.00,0.00,0.00,3766909238.34,6328837184.67,0.00,0.00,0.00,0.00,0,0,0,0
112.00,0.00,0.00,0.00,0.00,0.00,0.00,0.00,0.00,3766909238.34,6328837184.67,0.00,0.00,0.00,0.00,0,0,0,0
114.00,0.00,0.00,0.00,0.00,0.00,0.00,0.00,0.00,3766909238.34,6328837184.67,0.00,0.00,0.00,0.00,0,0,0,0
116.00,0.00,0.00,0.00,0.00,0.00,0.00,0.00,0.00,3766909238.34,6328837184.67,0.00,0.00,0.00,0.00,0,0,0,0
118.00,0.00,0.00,0.00,0.00,0.00,0.00,0.00,0.00,3766909238.34,6328837184.67,0.00,0.00,0.00,0.00,0,0,0,0
120.00,0.00,0.00,0.00,0.00,0.00,0.00,0.00,0.00,3766909238.34,6328837184.67,0.00,0.00,0.00,0.00,0,0,0,0
122.00,0.00,0.00,0.00,0.00,0.00,0.00,0.00,0.00,3766909238.34,6328837184.67,0.00,0.00,0.00,0.00,0,0,0,0
124.00,0.00,0.00,0.00,0.00,0.00,0.00,0.00,0.00,3766909238.34,6328837184.67,0.00,0.00,0.00,0.00,0,0,0,0
126.00,0.00,0.00,0.00,0.00,0.00,0.00,0.00,0.00,3766909238.34,6328837184.67,0.00,0.00,0.00,0.00,0,0,0,0
128.00,0.00,0.00,0.00,0.00,0.00,0.00,0.00,0.00,3766909238.34,6328837184.67,0.00,0.00,0.00,0.00,0,0,0,0
130.00,0.00,0.00,0.00,0.00,0.00,0.00,0.00,0.00,3766909238.34,6328837184.67,0.00,0.00,0.00,0.00,0,0,0,0
132.00,0.00,0.00,0.00,0.00,0.00,0.00,0.00,0.00,3766909238.34,6328837184.67,0.00,0.00,0.00,0.00,0,0,0,0
134.00,0.00,0.00,0.00,0.00,0.00,0.00,0.00,0.00,3766909238.34,6328837184.67,0.00,0.00,0.00,0.00,0,0,0,0
136.00,0.00,0.00,0.00,0.00,0.00,0.00,0.00,0.00,3766909238.34,6328837184.67,0.00,0.00,0.00,0.00,0,0,0,0
138.00,0.00,0.00,0.00,0.00,0.00,0.00,0.00,0.00,3766909238.34,6328837184.67,0.00,0.00,0.00,0.00,0,0,0,0
140.00,0.00,0.00,0.00,0.00,0.00,0.00,0.00,0.00,3766909238.34,6328837184.67,0.00,0.00,0.00,0.00,0,0,0,0
142.00,0.00,0.00,0.00,0.00,0.00,0.00,0.00,0.00,3766909238.34,6328837184.67,0.00,0.00,0.00,0.00,0,0,0,0
144.00,0.00,0.00,0.00,0.00,0.00,0.00,0.00,0.00,3766909238.34,6328837184.67,0.00,0.00,0.00,0.00,0,0,0,0
146.00,0.00,0.00,0.00,0.00,0.00,0.00,0.00,0.00,3766909238.34,6328837184.67,0.00,0.00,0.00,0.00,0,0,0,0
148.00,0.00,0.00,0.00,0.00,0.00,0.00,0.00,0.00,3766909238.34,6328837184.67,0.00,0.00,0.00,0.00,0,0,0,0
150.00,0.00,0.00,0.00,0.00,0.00,0.00,0.00,0.00,3766909238.34,6328837184.67,0.00,0.00,0.00,0.00,0,0,0,0
152.00,0.00,0.00,0.00,0.00,0.00,0.00,0.00,0.00,3766909238.34,6328837184.67,0.00,0.00,0.00,0.00,0,0,0,0
154.00,0.00,0.00,0.00,0.00,0.00,0.00,0.00,0.00,3766909238.34,6328837184.67,0.00,0.00,0.00,0.00,0,0,0,0
156.00,0.00,0.00,0.00,0.00,0.00,0.00,0.00,0.00,3766909238.34,6328837184.67,0.00,0.00,0.00,0.00,0,0,0,0
158.00,0.00,0.00,0.00,0.00,0.00,0.00,0.00,0.00,3766909238.34,6328837184.67,0.00,0.00,0.00,0.00,0,0,0,0
160.00,0.00,0.00,0.00,0.00,0.00,0.00,0.00,0.00,3766909238.34,6328837184.67,0.00,0.00,0.00,0.00,0,0,0,0
162.00,0.00,0.00,0.00,0.00,0.00,0.00,0.00,0.00,3766909238.34,6328837184.67,0.00,0.00,0.00,0.00,0,0,0,0
164.00,0.00,0.00,0.00,0.00,0.00,0.00,0.00,0.00,3766909238.34,6328837184.67,0.00,0.00,0.00,0.00,0,0,0,0
166.00,0.00,0.00,0.00,0.00,0.00,0.00,0.00,0.00,3766909238.34,6328837184.67,0.00,0.00,0.00,0.00,0,0,0,0
168.00,0.00,0.00,0.00,0.00,0.00,0.00,0.00,0.00,3766909238.34,6328837184.67,0.00,0.00,0.00,0.00,0,0,0,0
170.00,0.00,0.00,0.00,0.00,0.00,0.00,0.00,0.00,3766909238.34,6328837184.67,0.00,0.00,0.00,0.00,0,0,0,0
172.00,0.00,0.00,0.00,0.00,0.00,0.00,0.00,0.00,3766909238.34,6328837184.67,0.00,0.00,0.00,0.00,0,0,0,0
174.00,0.00,0.00,0.00,0.00,0.00,0.00,0.00,0.00,3766909238.34,6328837184.67,0.00,0.00,0.00,0.00,0,0,0,0
176.00,0.00,0.00,0.00,0.00,0.00,0.00,0.00,0.00,3766909238.34,6328837184.67,0.00,0.00,0.00,0.00,0,0,0,0
178.00,0.00,0.00,0.00,0.00,0.00,0.00,0.00,0.00,3766909238.34,6328837184.67,0.00,0.00,0.00,0.00,0,0,0,0
180.00,0.00,0.00,0.00,0.00,0.00,0.00,0.00,0.00,3766909238.34,6328837184.67,0.00,0.00,0.00,0.00,0,0,0,0
182.00,0.00,0.00,0.00,0.00,0.00,0.00,0.00,0.00,3766909238.34,6328837184.67,0.00,0.00,0.00,0.00,0,0,0,0
184.00,0.00,0.00,0.00,0.00,0.00,0.00,0.00,0.00,3766909238.34,6328837184.67,0.00,0.00,0.00,0.00,0,0,0,0
186.00,0.00,0.00,0.00,0.00,0.00,0.00,0.00,0.00,3766909238.34,6328837184.67,0.00,0.00,0.00,0.00,0,0,0,0
188.00,0.00,0.00,0.00,0.00,0.00,0.00,0.00,0.00,3766909238.34,6328837184.67,0.00,0.00,0.00,0.00,0,0,0,0
190.00,0.00,0.00,0.00,0.00,0.00,0.00,0.00,0.00,3766909238.34,6328837184.67,0.00,0.00,0.00,0.00,0,0,0,0
192.00,0.00,0.00,0.00,0.00,0.00,0.00,0.00,0.00,3766909238.34,6328837184.67,0.00,0.00,0.00,0.00,0,0,0,0
194.00,0.00,0.00,0.00,0.00,0.00,0.00,0.00,0.00,3766909238.34,6328837184.67,0.00,0.00,0.00,0.00,0,0,0,0
196.00,0.00,0.00,0.00,0.00,0.00,0.00,0.00,0.00,3766909238.34,6328837184.67,0.00,0.00,0.00,0.00,0,0,0,0
198.00,0.00,0.00,0.00,0.00,0.00,0.00,0.00,0.00,3766909238.34,6328837184.67,0.00,0.00,0.00,0.00,0,0,0,0
200.00,0.00,0.00,0.00,0.00,0.00,0.00,0.00,0.00,3766909238.34,6328837184.67,0.00,0.00,0.00,0.00,0,0,0,0
202.00,0.00,0.00,0.00,0.00,0.00,0.00,0.00,0.00,3766909238.34,6328837184.67,0.00,0.00,0.00,0.00,0,0,0,0
204.00,0.00,0.00,0.00,0.00,0.00,0.00,0.00,0.00,3766909238.34,6328837184.67,0.00,0.00,0.00,0.00,0,0,0,0
206.00,0.00,0.00,0.00,0.00,0.00,0.00,0.00,0.00,3766909238.34,6328837184.67,0.00,0.00,0.00,0.00,0,0,0,0
208.00,0.00,0.00,0.00,0.00,0.00,0.00,0.00,0.00,3766909238.34,6328837184.67,0.00,0.00,0.00,0.00,0,0,0,0
210.00,0.00,0.00,0.00,0.00,0.00,0.00,0.00,0.00,3766909238.34,6328837184.67,0.00,0.00,0.00,0.00,0,0,0,0
212.00,0.00,0.00,0.00,0.00,0.00,0.00,0.00,0.00,3766909238.34,6328837184.67,0.00,0.00,0.00,0.00,0,0,0,0
214.00,0.00,0.00,0.00,0.00,0.00,0.00,0.00,0.00,3766909238.34,6328837184.67,0.00,0.00,0.00,0.00,0,0,0,0
216.00,0.00,0.00,0.00,0.00,0.00,0.00,0.00,0.00,3766909238.34,6328837184.67,0.00,0.00,0.00,0.00,0,0,0,0
218.00,0.00,0.00,0.00,0.00,0.00,0.00,0.00,0.00,3766909238.34,6328837184.67,0.00,0.00,0.00,0.00,0,0,0,0
220.00,0.00,0.00,0.00,0.00,0.00,0.00,0.00,0.00,3766909238.34,6328837184.67,0.00,0.00,0.00,0.00,0,0,0,0
222.00,0.00,0.00,0.00,0.00,0.00,0.00,0.00,0.00,3766909238.34,6328837184.67,0.00,0.00,0.00,0.00,0,0,0,0
224.00,0.00,0.00,0.00,0.00,0.00,0.00,0.00,0.00,3766909238.34,6328837184.67,0.00,0.00,0.00,0.00,0,0,0,0
226.00,0.00,0.00,0.00,0.00,0.00,0.00,0.00,0.00,3766909238.34,6328837184.67,0.00,0.00,0.00,0.00,0,0,0,0
228.00,0.00,0.00,0.00,0.00,0.00,0.00,0.00,0.00,3766909238.34,6328837184.67,0.00,0.00,0.00,0.00,0,0,0,0
230.00,0.00,0.00,0.00,0.00,0.00,0.00,0.00,0.00,3766909238.34,6328837184.67,0.00,0.00,0.00,0.00,0,0,0,0
232.00,0.00,0.00,0.00,0.00,0.00,0.00,0.00,0.00,3766909238.34,6328837184.67,0.00,0.00,0.00,0.00,0,0,0,0
234.00,0.00,0.00,0.00,0.00,0.00,0.00,0.00,0.00,3766909238.34,6328837184.67,0.00,0.00,0.00,0.00,0,0,0,0
236.00,0.00,0.00,0.00,0.00,0.00,0.00,0.00,0.00,3766909238.34,6328837184.67,0.00,0.00,0.00,0.00,0,0,0,0
238.00,0.00,0.00,0.00,0.00,0.00,0.00,0.00,0.00,3766909238.34,6328837184.67,0.00,0.00,0.00,0.00,0,0,0,0
240.00,0.00,0.00,0.00,0.00,0.00,0.00,0.00,0.00,3766909238.34,6328837184.67,0.00,0.00,0.00,0.00,0,0,0,0
242.00,0.00,0.00,0.00,0.00,0.00,0.00,0.00,0.00,3766909238.34,6328837184.67,0.00,0.00,0.00,0.00,0,0,0,0
244.00,0.00,0.00,0.00,0.00,0.00,0.00,0.00,0.00,3766909238.34,6328837184.67,0.00,0.00,0.00,0.00,0,0,0,0
246.00,0.00,0.00,0.00,0.00,0.00,0.00,0.00,0.00,3766909238.34,6328837184.67,0.00,0.00,0.00,0.00,0,0,0,0
248.00,0.00,0.00,0.00,0.00,0.00,0.00,0.00,0.00,3766909238.34,6328837184.67,0.00,0.00,0.00,0.00,0,0,0,0
250.00,0.00,0.00,0.00,0.00,0.00,0.00,0.00,0.00,3766909238.34,6329855600.11,0.00,1018415.44,0.00,0.00,0,0,0,0
252.00,0.00,0.00,0.00,0.00,0.00,0.00,0.00,0.00,3766909238.34,6329855600.11,0.00,0.00,0.00,0.00,0,0,0,0
254.00,0.00,0.00,0.00,0.00,0.00,0.00,0.00,0.00,3766909238.34,6329855600.11,0.00,0.00,0.00,0.00,0,0,0,0
256.00,0.00,0.00,0.00,0.00,0.00,0.00,0.00,0.00,3766909238.34,6329855600.11,0.00,0.00,0.00,0.00,0,0,0,0
258.00,0.00,0.00,0.00,0.00,0.00,0.00,0.00,0.00,3766909238.34,6329855600.11,0.00,0.00,0.00,0.00,0,0,0,0
260.00,0.00,0.00,0.00,0.00,0.00,0.00,0.00,0.00,3766909238.34,6329855600.11,0.00,0.00,0.00,0.00,0,0,0,0
262.00,0.00,0.00,0.00,0.00,0.00,0.00,0.00,0.00,3766909238.34,6329855600.11,0.00,0.00,0.00,0.00,0,0,0,0
264.00,0.00,0.00,0.00,0.00,0.00,0.00,0.00,0.00,3766909238.34,6329855600.11,0.00,0.00,0.00,0.00,0,0,0,0
266.00,0.00,0.00,0.00,0.00,0.00,0.00,0.00,0.00,3766909238.34,6329855600.11,0.00,0.00,0.00,0.00,0,0,0,0
268.00,0.00,0.00,0.00,0.00,0.00,0.00,0.00,0.00,3766909238.34,6329855600.11,0.00,0.00,0.00,0.00,0,0,0,0
270.00,0.00,0.00,0.00,0.00,0.00,0.00,0.00,0.00,3766909238.34,6329855600.11,0.00,0.00,0.00,0.00,0,0,0,0
272.00,0.00,0.00,0.00,0.00,0.00,0.00,0.00,0.00,3766909238.34,6329855600.11,0.00,0.00,0.00,0.00,0,0,0,0
274.00,0.00,0.00,0.00,0.00,0.00,0.00,0.00,0.00,3766909238.34,6329855600.11,0.00,0.00,0.00,0.00,0,0,0,0
276.00,0.00,0.00,0.00,0.00,0.00,0.00,0.00,0.00,3766909238.34,6329855600.11,0.00,0.00,0.00,0.00,0,0,0,0
278.00,0.00,0.00,0.00,0.00,0.00,0.00,0.00,0.00,3766909238.34,6329855600.11,0.00,0.00,0.00,0.00,0,0,0,0
280.00,0.00,0.00,0.00,0.00,0.00,0.00,0.00,0.00,3766909238.34,6329855600.11,0.00,0.00,0.00,0.00,0,0,0,0
282.00,0.00,0.00,0.00,0.00,0.00,0.00,0.00,0.00,3766909238.34,6329855600.11,0.00,0.00,0.00,0.00,0,0,0,0
284.00,0.00,0.00,0.00,0.00,0.00,0.00,0.00,0.00,3766909238.34,6329855600.11,0.00,0.00,0.00,0.00,0,0,0,0
286.00,0.00,0.00,0.00,0.00,0.00,0.00,0.00,0.00,3766909238.34,6329855600.11,0.00,0.00,0.00,0.00,0,0,0,0
288.00,0.00,0.00,0.00,0.00,0.00,0.00,0.00,0.00,3766909238.34,6329855600.11,0.00,0.00,0.00,0.00,0,0,0,0
290.00,0.00,0.00,0.00,0.00,0.00,0.00,0.00,0.00,3766909238.34,6329855600.11,0.00,0.00,0.00,0.00,0,0,0,0
292.00,0.00,0.00,0.00,0.00,0.00,0.00,0.00,0.00,3766909238.34,6329855600.11,0.00,0.00,0.00,0.00,0,0,0,0
294.00,0.00,0.00,0.00,0.00,0.00,0.00,0.00,0.00,3766909238.34,6329855600.11,0.00,0.00,0.00,0.00,0,0,0,0
296.00,0.00,0.00,0.00,0.00,0.00,0.00,0.00,0.00,3766909238.34,6329855600.11,0.00,0.00,0.00,0.00,0,0,0,0
298.00,0.00,0.00,0.00,0.00,0.00,0.00,0.00,0.00,3766909238.34,6329855600.11,0.00,0.00,0.00,0.00,0,0,0,0
300.00,0.00,0.00,0.00,0.00,0.00,0.00,0.00,0.00,3766909238.34,6329855600.11,0.00,0.00,0.00,0.00,0,0,0,0
302.00,0.00,0.00,0.00,0.00,0.00,0.00,0.00,0.00,3766909238.34,6329855600.11,0.00,0.00,0.00,0.00,0,0,0,0
304.00,0.00,0.00,0.00,0.00,0.00,0.00,0.00,0.00,3766909238.34,6329855600.11,0.00,0.00,0.00,0.00,0,0,0,0
306.00,0.00,0.00,0.00,0.00,0.00,0.00,0.00,0.00,3766909238.34,6329855600.11,0.00,0.00,0.00,0.00,0,0,0,0
308.00,0.00,0.00,0.00,0.00,0.00,0.00,0.00,0.00,3766909238.34,6329855600.11,0.00,0.00,0.00,0.00,0,0,0,0
310.00,0.00,0.00,0.00,0.00,0.00,0.00,0.00,0.00,3766909238.34,6329855600.11,0.00,0.00,0.00,0.00,0,0,0,0
312.00,0.00,0.00,0.00,0.00,0.00,0.00,0.00,0.00,3766909238.34,6329855600.11,0.00,0.00,0.00,0.00,0,0,0,0
314.00,0.00,0.00,0.00,0.00,0.00,0.00,0.00,0.00,3766909238.34,6329855600.11,0.00,0.00,0.00,0.00,0,0,0,0
316.00,0.00,0.00,0.00,0.00,0.00,0.00,0.00,0.00,3766909238.34,6329855600.11,0.00,0.00,0.00,0.00,0,0,0,0
318.00,0.00,0.00,0.00,0.00,0.00,0.00,0.00,0.00,3766909238.34,6329855600.11,0.00,0.00,0.00,0.00,0,0,0,0
320.00,0.00,0.00,0.00,0.00,0.00,0.00,0.00,0.00,3766909238.34,6329855600.11,0.00,0.00,0.00,0.00,0,0,0,0
322.00,0.00,0.00,0.00,0.00,0.00,0.00,0.00,0.00,3766909238.34,6329855600.11,0.00,0.00,0.00,0.00,0,0,0,0
324.00,0.00,0.00,0.00,0.00,0.00,0.00,0.00,0.00,3766909238.34,6329855600.11,0.00,0.00,0.00,0.00,0,0,0,0
326.00,0.00,0.00,0.00,0.00,0.00,0.00,0.00,0.00,3766909238.34,6329855600.11,0.00,0.00,0.00,0.00,0,0,0,0
328.00,0.00,0.00,0.00,0.00,0.00,0.00,0.00,0.00,3766909238.34,6329855600.11,0.00,0.00,0.00,0.00,0,0,0,0
330.00,0.00,0.00,0.00,0.00,0.00,0.00,0.00,0.00,3766909238.34,6329855600.11,0.00,0.00,0.00,0.00,0,0,0,0
332.00,0.00,0.00,0.00,0.00,0.00,0.00,0.00,0.00,3766909238.34,6329855600.11,0.00,0.00,0.00,0.00,0,0,0,0
334.00,0.00,0.00,0.00,0.00,0.00,0.00,0.00,0.00,3766909238.34,6329855600.11,0.00,0.00,0.00,0.00,0,0,0,0
336.00,0.00,0.00,0.00,0.00,0.00,0.00,0.00,0.00,3766909238.34,6329855600.11,0.00,0.00,0.00,0.00,0,0,0,0
338.00,0.00,0.00,0.00,0.00,0.00,0.00,0.00,0.00,3766909238.34,6329855600.11,0.00,0.00,0.00,0.00,0,0,0,0
340.00,0.00,0.00,0.00,0.00,0.00,0.00,0.00,0.00,3766909238.34,6329855600.11,0.00,0.00,0.00,0.00,0,0,0,0
342.00,0.00,0.00,0.00,0.00,0.00,0.00,0.00,0.00,3766909238.34,6329855600.11,0.00,0.00,0.00,0.00,0,0,0,0
344.00,0.00,0.00,0.00,0.00,0.00,0.00,0.00,0.00,3766909238.34,6329855600.11,0.00,0.00,0.00,0.00,0,0,0,0
346.00,0.00,0.00,0.00,0.00,0.00,0.00,0.00,0.00,3766909238.34,6329855600.11,0.00,0.00,0.00,0.00,0,0,0,0
348.00,0.00,0.00,0.00,0.00,0.00,0.00,0.00,0.00,3766909238.34,6329855600.11,0.00,0.00,0.00,0.00,0,0,0,0
350.00,0.00,0.00,0.00,0.00,0.00,0.00,0.00,0.00,3766909238.34,6329855600.11,0.00,0.00,0.00,0.00,0,0,0,0
352.00,0.00,0.00,0.00,0.00,0.00,0.00,0.00,0.00,3766909238.34,6329855600.11,0.00,0.00,0.00,0.00,0,0,0,0
354.00,0.00,0.00,0.00,0.00,0.00,0.00,0.00,0.00,3766909238.34,6329855600.11,0.00,0.00,0.00,0.00,0,0,0,0
356.00,0.00,0.00,0.00,0.00,0.00,0.00,0.00,0.00,3766909238.34,6329855600.11,0.00,0.00,0.00,0.00,0,0,0,0
358.00,0.00,0.00,0.00,0.00,0.00,0.00,0.00,0.00,3766909238.34,6329855600.11,0.00,0.00,0.00,0.00,0,0,0,0
360.00,0.00,0.00,0.00,0.00,0.00,0.00,0.00,0.00,3766909238.34,6329855600.11,0.00,0.00,0.00,0.00,0,0,0,0
362.00,0.00,0.00,0.00,0.00,0.00,0.00,0.00,0.00,3766909238.34,6329855600.11,0.00,0.00,0.00,0.00,0,0,0,0
364.00,0.00,0.00,0.00,0.00,0.00,0.00,0.00,0.00,3766909238.34,6329855600.11,0.00,0.00,0.00,0.00,0,0,0,0
366.00,0.00,0.00,0.00,0.00,0.00,0.00,0.00,0.00,3766909238.34,6329855600.11,0.00,0.00,0.00,0.00,0,0,0,0
368.00,0.00,0.00,0.00,0.00,0.00,0.00,0.00,0.00,3766909238.34,6329855600.11,0.00,0.00,0.00,0.00,0,0,0,0
370.00,0.00,0.00,0.00,0.00,0.00,0.00,0.00,0.00,3766909238.34,6329855600.11,0.00,0.00,0.00,0.00,0,0,0,0
372.00,0.00,0.00,0.00,0.00,0.00,0.00,0.00,0.00,3766909238.34,6329855600.11,0.00,0.00,0.00,0.00,0,0,0,0
374.00,0.00,0.00,0.00,0.00,0.00,0.00,0.00,0.00,3766909238.34,6329855600.11,0.00,0.00,0.00,0.00,0,0,0,0
376.00,0.00,0.00,0.00,0.00,0.00,0.00,0.00,0.00,3766909238.34,6329855600.11,0.00,0.00,0.00,0.00,0,0,0,0
378.00,0.00,0.00,0.00,0.00,0.00,0.00,0.00,0.00,3766909238.34,6329855600.11,0.00,0.00,0.00,0.00,0,0,0,0
380.00,0.00,0.00,0.00,0.00,0.00,0.00,0.00,0.00,3766909238.34,6329855600.11,0.00,0.00,0.00,0.00,0,0,0,0
382.00,0.00,0.00,0.00,0.00,0.00,0.00,0.00,0.00,3766909238.34,6329855600.11,0.00,0.00,0.00,0.00,0,0,0,0
384.00,0.00,0.00,0.00,0.00,0.00,0.00,0.00,0.00,3766909238.34,6329855600.11,0.00,0.00,0.00,0.00,0,0,0,0
386.00,0.00,0.00,0.00,0.00,0.00,0.00,0.00,0.00,3766909238.34,6329855600.11,0.00,0.00,0.00,0.00,0,0,0,0
388.00,0.00,0.00,0.00,0.00,0.00,0.00,0.00,0.00,3766909238.34,6329855600.11,0.00,0.00,0.00,0.00,0,0,0,0
390.00,0.00,0.00,0.00,0.00,0.00,0.00,0.00,0.00,3766909238.34,6329855600.11,0.00,0.00,0.00,0.00,0,0,0,0
392.00,0.00,0.00,0.00,0.00,0.00,0.00,0.00,0.00,3766909238.34,6329855600.11,0.00,0.00,0.00,0.00,0,0,0,0
394.00,0.00,0.00,0.00,0.00,0.00,0.00,0.00,0.00,3766909238.34,6329855600.11,0.00,0.00,0.00,0.00,0,0,0,0
396.00,0.00,0.00,0.00,0.00,0.00,0.00,0.00,0.00,3766909238.34,6329855600.11,0.00,0.00,0.00,0.00,0,0,0,0
398.00,0.00,0.00,0.00,0.00,0.00,0.00,0.00,0.00,3766909238.34,6329855600.11,0.00,0.00,0.00,0.00,0,0,0,0
400.00,0.00,0.00,0.00,0.00,0.00,0.00,0.00,0.00,3766909238.34,6329855600.11,0.00,0.00,0.00,0.00,0,0,0,0
402.00,0.00,0.00,0.00,0.00,0.00,0.00,0.00,0.00,3766909238.34,6329855600.11,0.00,0.00,0.00,0.00,0,0,0,0
404.00,0.00,0.00,0.00,0.00,0.00,0.00,0.00,0.00,3766909238.34,6329855600.11,0.00,0.00,0.00,0.00,0,0,0,0
406.00,0.00,0.00,0.00,0.00,0.00,0.00,0.00,0.00,3766909238.34,6329855600.11,0.00,0.00,0.00,0.00,0,0,0,0
408.00,0.00,0.00,0.00,0.00,0.00,0.00,0.00,0.00,3766909238.34,6329855600.11,0.00,0.00,0.00,0.00,0,0,0,0
410.00,0.00,0.00,0.00,0.00,0.00,0.00,0.00,0.00,3766909238.34,6329855600.11,0.00,0.00,0.00,0.00,0,0,0,0
412.00,0.00,0.00,0.00,0.00,0.00,0.00,0.00,0.00,3766909238.34,6329855600.11,0.00,0.00,0.00,0.00,0,0,0,0
414.00,0.00,0.00,0.00,0.00,0.00,0.00,0.00,0.00,3766909238.34,6329855600.11,0.00,0.00,0.00,0.00,0,0,0,0
416.00,0.00,0.00,0.00,0.00,0.00,0.00,0.00,0.00,3766909238.34,6329855600.11,0.00,0.00,0.00,0.00,0,0,0,0
418.00,0.00,0.00,0.00,0.00,0.00,0.00,0.00,0.00,3766909238.34,6329855600.11,0.00,0.00,0.00,0.00,0,0,0,0
420.00,0.00,0.00,0.00,0.00,0.00,0.00,0.00,0.00,3766909238.34,6329855600.11,0.00,0.00,0.00,0.00,0,0,0,0
422.00,0.00,0.00,0.00,0.00,0.00,0.00,0.00,0.00,3766909238.34,6329855600.11,0.00,0.00,0.00,0.00,0,0,0,0
424.00,0.00,0.00,0.00,0.00,0.00,0.00,0.00,0.00,3766909238.34,6329855600.11,0.00,0.00,0.00,0.00,0,0,0,0
426.00,0.00,0.00,0.00,0.00,0.00,0.00,0.00,0.00,3766909238.34,6329855600.11,0.00,0.00,0.00,0.00,0,0,0,0
428.00,0.00,0.00,0.00,0.00,0.00,0.00,0.00,0.00,3766909238.34,6329855600.11,0.00,0.00,0.00,0.00,0,0,0,0
430.00,0.00,0.00,0.00,0.00,0.00,0.00,0.00,0.00,3766909238.34,6329855600.11,0.00,0.00,0.00,0.00,0,0,0,0
432.00,0.00,0.00,0.00,0.00,0.00,0.00,0.00,0.00,3766909238.34,6329855600.11,0.00,0.00,0.00,0.00,0,0,0,0
434.00,0.00,0.00,0.00,0.00,0.00,0.00,0.00,0.00,3766909238.34,6329855600.11,0.00,0.00,0.00,0.00,0,0,0,0
436.00,0.00,0.00,0.00,0.00,0.00,0.00,0.00,0.00,3766909238.34,6329855600.11,0.00,0.00,0.00,0.00,0,0,0,0
438.00,0.00,0.00,0.00,0.00,0.00,0.00,0.00,0.00,3766909238.34,6329855600.11,0.00,0.00,0.00,0.00,0,0,0,0
440.00,0.00,0.00,0.00,0.00,0.00,0.00,0.00,0.00,3766909238.34,6329855600.11,0.00,0.00,0.00,0.00,0,0,0,0
442.00,0.00,0.00,0.00,0.00,0.00,0.00,0.00,0.00,3766909238.34,6329855600.11,0.00,0.00,0.00,0.00,0,0,0,0
444.00,0.00,0.00,0.00,0.00,0.00,0.00,0.00,0.00,3766909238.34,6329855600.11,0.00,0.00,0.00,0.00,0,0,0,0
446.00,0.00,0.00,0.00,0.00,0.00,0.00,0.00,0.00,3766909238.34,6329855600.11,0.00,0.00,0.00,0.00,0,0,0,0
448.00,0.00,0.00,0.00,0.00,0.00,0.00,0.00,0.00,3766909238.34,6329855600.11,0.00,0.00,0.00,0.00,0,0,0,0
450.00,0.00,0.00,0.00,0.00,0.00,0.00,0.00,0.00,3766909238.34,6329855600.11,0.00,0.00,0.00,0.00,0,0,0,0
452.00,0.00,0.00,0.00,0.00,0.00,0.00,0.00,0.00,3766909238.34,6329855600.11,0.00,0.00,0.00,0.00,0,0,0,0
454.00,0.00,0.00,0.00,0.00,0.00,0.00,0.00,0.00,3766909238.34,6329855600.11,0.00,0.00,0.00,0.00,0,0,0,0
456.00,0.00,0.00,0.00,0.00,0.00,0.00,0.00,0.00,3766909238.34,6329855600.11,0.00,0.00,0.00,0.00,0,0,0,0
458.00,0.00,0.00,0.00,0.00,0.00,0.00,0.00,0.00,3766909238.34,6329855600.11,0.00,0.00,0.00,0.00,0,0,0,0
460.00,0.00,0.00,0.00,0.00,0.00,0.00,0.00,0.00,3766909238.34,6329855600.11,0.00,0.00,0.00,0.00,0,0,0,0
462.00,0.00,0.00,0.00,0.00,0.00,0.00,0.00,0.00,3766909238.34,6329855600.11,0.00,0.00,0.00,0.00,0,0,0,0
464.00,0.00,0.00,0.00,0.00,0.00,0.00,0.00,0.00,3766909238.34,6329855600.11,0.00,0.00,0.00,0.00,0,0,0,0
466.00,0.00,0.00,0.00,0.00,0.00,0.00,0.00,0.00,3766909238.34,6329855600.11,0.00,0.00,0.00,0.00,0,0,0,0
468.00,0.00,0.00,0.00,0.00,0.00,0.00,0.00,0.00,3766909238.34,6329855600.11,0.00,0.00,0.00,0.00,0,0,0,0
470.00,0.00,0.00,0.00,0.00,0.00,0.00,0.00,0.00,3766909238.34,6329855600.11,0.00,0.00,0.00,0.00,0,0,0,0
472.00,0.00,0.00,0.00,0.00,0.00,0.00,0.00,0.00,3766909238.34,6329855600.11,0.00,0.00,0.00,0.00,0,0,0,0
474.00,0.00,0.00,0.00,0.00,0.00,0.00,0.00,0.00,3766909238.34,6329855600.11,0.00,0.00,0.00,0.00,0,0,0,0
476.00,0.00,0.00,0.00,0.00,0.00,0.00,0.00,0.00,3766909238.34,6329855600.11,0.00,0.00,0.00,0.00,0,0,0,0
478.00,0.00,0.00,0.00,0.00,0.00,0.00,0.00,0.00,3766909238.34,6329855600.11,0.00,0.00,0.00,0.00,0,0,0,0
480.00,0.00,0.00,0.00,0.00,0.00,0.00,0.00,0.00,3766909238.34,6329855600.11,0.00,0.00,0.00,0.00,0,0,0,0
482.00,0.00,0.00,0.00,0.00,0.00,0.00,0.00,0.00,3766909238.34,6329855600.11,0.00,0.00,0.00,0.00,0,0,0,0
484.00,0.00,0.00,0.00,0.00,0.00,0.00,0.00,0.00,3766909238.34,6329855600.11,0.00,0.00,0.00,0.00,0,0,0,0
486.00,0.00,0.00,0.00,0.00,0.00,0.00,0.00,0.00,3766909238.34,6329855600.11,0.00,0.00,0.00,0.00,0,0,0,0
488.00,0.00,0.00,0.00,0.00,0.00,0.00,0.00,0.00,3766909238.34,6329855600.11,0.00,0.00,0.00,0.00,0,0,0,0
490.00,0.00,0.00,0.00,0.00,0.00,0.00,0.00,0.00,3766909238.34,6329855600.11,0.00,0.00,0.00,0.00,0,0,0,0
492.00,0.00,0.00,0.00,0.00,0.00,0.00,0.00,0.00,3766909238.34,6329855600.11,0.00,0.00,0.00,0.00,0,0,0,0
494.00,0.00,0.00,0.00,0.00,0.00,0.00,0.00,0.00,3766909238.34,6329855600.11,0.00,0.00,0.00,0.00,0,0,0,0
496.00,0.00,0.00,0.00,0.00,0.00,0.00,0.00,0.00,3766909238.34,6329855600.11,0.00,0.00,0.00,0.00,0,0,0,0
498.00,0.00,0.00,0.00,0.00,0.00,0.00,0.00,0.00,3766909238.34,6329855600.11,0.00,0.00,0.00,0.00,0,0,0,0
500.00,0.00,0.00,0.00,0.00,0.00,0.00,0.00,0.00,3766909238.34,6329855600.11,0.00,0.00,0.00,0.00,0,0,0,0
502.00,0.00,0.00,0.00,0.00,0.00,0.00,0.00,0.00,3766909238.34,6329855600.11,0.00,0.00,0.00,0.00,0,0,0,0
504.00,0.00,0.00,0.00,0.00,0.00,0.00,0.00,0.00,3766909238.34,6329855600.11,0.00,0.00,0.00,0.00,0,0,0,0
506.00,0.00,0.00,0.00,0.00,0.00,0.00,0.00,0.00,3766909238.34,6329855600.11,0.00,0.00,0.00,0.00,0,0,0,0
508.00,0.00,0.00,0.00,0.00,0.00,0.00,0.00,0.00,3766909238.34,6329855600.11,0.00,0.00,0.00,0.00,0,0,0,0
510.00,0.00,0.00,0.00,0.00,0.00,0.00,0.00,0.00,3766909238.34,6329855600.11,0.00,0.00,0.00,0.00,0,0,0,0
512.00,0.00,0.00,0.00,0.00,0.00,0.00,0.00,0.00,3766909238.34,6329855600.11,0.00,0.00,0.00,0.00,0,0,0,0
514.00,0.00,0.00,0.00,0.00,0.00,0.00,0.00,0.00,3766909238.34,6329855600.11,0.00,0.00,0.00,0.00,0,0,0,0
516.00,0.00,0.00,0.00,0.00,0.00,0.00,0.00,0.00,3766909238.34,6329855600.11,0.00,0.00,0.00,0.00,0,0,0,0
518.00,0.00,0.00,0.00,0.00,0.00,0.00,0.00,0.00,3766909238.34,6329855600.11,0.00,0.00,0.00,0.00,0,0,0,0
520.00,0.00,0.00,0.00,0.00,0.00,0.00,0.00,0.00,3766909238.34,6329855600.11,0.00,0.00,0.00,0.00,0,0,0,0
522.00,0.00,0.00,0.00,0.00,0.00,0.00,0.00,0.00,3766909238.34,6329855600.11,0.00,0.00,0.00,0.00,0,0,0,0
524.00,0.00,0.00,0.00,0.00,0.00,0.00,0.00,0.00,3766909238.34,6329855600.11,0.00,0.00,0.00,0.00,0,0,0,0
526.00,0.00,0.00,0.00,0.00,0.00,0.00,0.00,0.00,3766909238.34,6329855600.11,0.00,0.00,0.00,0.00,0,0,0,0
528.00,0.00,0.00,0.00,0.00,0.00,0.00,0.00,0.00,3766909238.34,6329855600.11,0.00,0.00,0.00,0.00,0,0,0,0
530.00,0.00,0.00,0.00,0.00,0.00,0.00,0.00,0.00,3766909238.34,6329855600.11,0.00,0.00,0.00,0.00,0,0,0,0
532.00,0.00,0.00,0.00,0.00,0.00,0.00,0.00,0.00,3766909238.34,6329855600.11,0.00,0.00,0.00,0.00,0,0,0,0
534.00,0.00,0.00,0.00,0.00,0.00,0.00,0.00,0.00,3766909238.34,6329855600.11,0.00,0.00,0.00,0.00,0,0,0,0
536.00,0.00,0.00,0.00,0.00,0.00,0.00,0.00,0.00,3766909238.34,6329855600.11,0.00,0.00,0.00,0.00,0,0,0,0
538.00,0.00,0.00,0.00,0.00,0.00,0.00,0.00,0.00,3766909238.34,6329855600.11,0.00,0.00,0.00,0.00,0,0,0,0
540.00,0.00,0.00,0.00,0.00,0.00,0.00,0.00,0.00,3766909238.34,6329855600.11,0.00,0.00,0.00,0.00,0,0,0,0
542.00,0.00,0.00,0.00,0.00,0.00,0.00,0.00,0.00,3766909238.34,6329855600.11,0.00,0.00,0.00,0.00,0,0,0,0
544.00,0.00,0.00,0.00,0.00,0.00,0.00,0.00,0.00,3766909238.34,6329855600.11,0.00,0.00,0.00,0.00,0,0,0,0
546.00,0.00,0.00,0.00,0.00,0.00,0.00,0.00,0.00,3766909238.34,6329855600.11,0.00,0.00,0.00,0.00,0,0,0,0
548.00,0.00,0.00,0.00,0.00,0.00,0.00,0.00,0.00,3766909238.34,6329855600.11,0.00,0.00,0.00,0.00,0,0,0,0
550.00,0.00,0.00,0.00,0.00,0.00,0.00,0.00,0.00,3766909238.34,6329855600.11,0.00,0.00,0.00,0.00,0,0,0,0
552.00,0.00,0.00,0.00,0.00,0.00,0.00,0.00,0.00,3766909238.34,6329855600.11,0.00,0.00,0.00,0.00,0,0,0,0
554.00,0.00,0.00,0.00,0.00,0.00,0.00,0.00,0.00,3766909238.34,6329855600.11,0.00,0.00,0.00,0.00,0,0,0,0
556.00,0.00,0.00,0.00,0.00,0.00,0.00,0.00,0.00,3766909238.34,6329855600.11,0.00,0.00,0.00,0.00,0,0,0,0
558.00,0.00,0.00,0.00,0.00,0.00,0.00,0.00,0.00,3766909238.34,6329855600.11,0.00,0.00,0.00,0.00,0,0,0,0
560.00,0.00,0.00,0.00,0.00,0.00,0.00,0.00,0.00,3766909238.34,6329855600.11,0.00,0.00,0.00,0.00,0,0,0,0
562.00,0.00,0.00,0.00,0.00,0.00,0.00,0.00,0.00,3766909238.34,6329855600.11,0.00,0.00,0.00,0.00,0,0,0,0
564.00,0.00,0.00,0.00,0.00,0.00,0.00,0.00,0.00,3766909238.34,6329855600.11,0.00,0.00,0.00,0.00,0,0,0,0
566.00,0.00,0.00,0.00,0.00,0.00,0.00,0.00,0.00,3766909238.34,6329855600.11,0.00,0.00,0.00,0.00,0,0,0,0
568.00,0.00,0.00,0.00,0.00,0.00,0.00,0.00,0.00,3766909238.34,6329855600.11,0.00,0.00,0.00,0.00,0,0,0,0
570.00,0.00,0.00,0.00,0.00,0.00,0.00,0.00,0.00,3766909238.34,6329855600.11,0.00,0.00,0.00,0.00,0,0,0,0
572.00,0.00,0.00,0.00,0.00,0.00,0.00,0.00,0.00,3766909238.34,6329855600.11,0.00,0.00,0.00,0.00,0,0,0,0
574.00,0.00,0.00,0.00,0.00,0.00,0.00,0.00,0.00,3766909238.34,6329855600.11,0.00,0.00,0.00,0.00,0,0,0,0
576.00,0.00,0.00,0.00,0.00,0.00,0.00,0.00,0.00,3766909238.34,6329855600.11,0.00,0.00,0.00,0.00,0,0,0,0
578.00,0.00,0.00,0.00,0.00,0.00,0.00,0.00,0.00,3766909238.34,6329855600.11,0.00,0.00,0.00,0.00,0,0,0,0
580.00,0.00,0.00,0.00,0.00,0.00,0.00,0.00,0.00,3766909238.34,6329855600.11,0.00,0.00,0.00,0.00,0,0,0,0
582.00,0.00,0.00,0.00,0.00,0.00,0.00,0.00,0.00,3766909238.34,6329855600.11,0.00,0.00,0.00,0.00,0,0,0,0
584.00,0.00,0.00,0.00,0.00,0.00,0.00,0.00,0.00,3766909238.34,6329855600.11,0.00,0.00,0.00,0.00,0,0,0,0
586.00,0.00,0.00,0.00,0.00,0.00,0.00,0.00,0.00,3766909238.34,6329855600.11,0.00,0.00,0.00,0.00,0,0,0,0
588.00,0.00,0.00,0.00,0.00,0.00,0.00,0.00,0.00,3766909238.34,6329855600.11,0.00,0.00,0.00,0.00,0,0,0,0
590.00,0.00,0.00,0.00,0.00,0.00,0.00,0.00,0.00,3766909238.34,6329855600.11,0.00,0.00,0.00,0.00,0,0,0,0
592.00,0.00,0.00,0.00,0.00,0.00,0.00,0.00,0.00,3766909238.34,6329855600.11,0.00,0.00,0.00,0.00,0,0,0,0
594.00,0.00,0.00,0.00,0.00,0.00,0.00,0.00,0.00,3766909238.34,6329855600.11,0.00,0.00,0.00,0.00,0,0,0,0
596.00,0.00,0.00,0.00,0.00,0.00,0.00,0.00,0.00,3766909238.34,6329855600.11,0.00,0.00,0.00,0.00,0,0,0,0
598.00,0.00,0.00,0.00,0.00,0.00,0.00,0.00,0.00,3766909238.34,6329855600.11,0.00,0.00,0.00,0.00,0,0,0,0
600.00,0.00,0.00,0.00,0.00,0.00,0.00,0.00,0.00,3766909238.34,6329855600.11,0.00,0.00,0.00,0.00,0,0,0,0
602.00,0.00,0.00,0.00,0.00,0.00,0.00,0.00,0.00,3766909238.34,6329855600.11,0.00,0.00,0.00,0.00,0,0,0,0
604.00,0.00,0.00,0.00,0.00,0.00,0.00,0.00,0.00,3766909238.34,6329855600.11,0.00,0.00,0.00,0.00,0,0,0,0
606.00,0.00,0.00,0.00,0.00,0.00,0.00,0.00,0.00,3766909238.34,6329855600.11,0.00,0.00,0.00,0.00,0,0,0,0
608.00,0.00,0.00,0.00,0.00,0.00,0.00,0.00,0.00,3766909238.34,6329855600.11,0.00,0.00,0.00,0.00,0,0,0,0
610.00,0.00,0.00,0.00,0.00,0.00,0.00,0.00,0.00,3766909238.34,6329855600.11,0.00,0.00,0.00,0.00,0,0,0,0
612.00,0.00,0.00,0.00,0.00,0.00,0.00,0.00,0.00,3766909238.34,6329855600.11,0.00,0.00,0.00,0.00,0,0,0,0
614.00,0.00,0.00,0.00,0.00,0.00,0.00,0.00,0.00,3766909238.34,6329855600.11,0.00,0.00,0.00,0.00,0,0,0,0
616.00,0.00,0.00,0.00,0.00,0.00,0.00,0.00,0.00,3766909238.34,6329855600.11,0.00,0.00,0.00,0.00,0,0,0,0
618.00,0.00,0.00,0.00,0.00,0.00,0.00,0.00,0.00,3766909238.34,6329855600.11,0.00,0.00,0.00,0.00,0,0,0,0
620.00,0.00,0.00,0.00,0.00,0.00,0.00,0.00,0.00,3766909238.34,6329855600.11,0.00,0.00,0.00,0.00,0,0,0,0
622.00,0.00,0.00,0.00,0.00,0.00,0.00,0.00,0.00,3766909238.34,6329855600.11,0.00,0.00,0.00,0.00,0,0,0,0
624.00,0.00,0.00,0.00,0.00,0.00,0.00,0.00,0.00,3766909238.34,6329855600.11,0.00,0.00,0.00,0.00,0,0,0,0
626.00,0.00,0.00,0.00,0.00,0.00,0.00,0.00,0.00,3766909238.34,6329855600.11,0.00,0.00,0.00,0.00,0,0,0,0
628.00,0.00,0.00,0.00,0.00,0.00,0.00,0.00,0.00,3766909238.34,6329855600.11,0.00,0.00,0.00,0.00,0,0,0,0
630.00,0.00,0.00,0.00,0.00,0.00,0.00,0.00,0.00,3766909238.34,6329855600.11,0.00,0.00,0.00,0.00,0,0,0,0
632.00,0.00,0.00,0.00,0.00,0.00,0.00,0.00,0.00,3766909238.34,6329855600.11,0.00,0.00,0.00,0.00,0,0,0,0
634.00,0.00,0.00,0.00,0.00,0.00,0.00,0.00,0.00,3766909238.34,6329855600.11,0.00,0.00,0.00,0.00,0,0,0,0
636.00,0.00,0.00,0.00,0.00,0.00,0.00,0.00,0.00,3766909238.34,6329855600.11,0.00,0.00,0.00,0.00,0,0,0,0
638.00,0.00,0.00,0.00,0.00,0.00,0.00,0.00,0.00,3766909238.34,6329855600.11,0.00,0.00,0.00,0.00,0,0,0,0
640.00,0.00,0.00,0.00,0.00,0.00,0.00,0.00,0.00,3766909238.34,6329855600.11,0.00,0.00,0.00,0.00,0,0,0,0
642.00,0.00,0.00,0.00,0.00,0.00,0.00,0.00,0.00,3766909238.34,6329855600.11,0.00,0.00,0.00,0.00,0,0,0,0
644.00,0.00,0.00,0.00,0.00,0.00,0.00,0.00,0.00,3766909238.34,6329855600.11,0.00,0.00,0.00,0.00,0,0,0,0
646.00,0.00,0.00,0.00,0.00,0.00,0.00,0.00,0.00,3766909238.34,6329855600.11,0.00,0.00,0.00,0.00,0,0,0,0
648.00,0.00,0.00,0.00,0.00,0.00,0.00,0.00,0.00,3766909238.34,6329855600.11,0.00,0.00,0.00,0.00,0,0,0,0
650.00,0.00,0.00,0.00,0.00,0.00,0.00,0.00,0.00,3766909238.34,6329855600.11,0.00,0.00,0.00,0.00,0,0,0,0
652.00,0.00,0.00,0.00,0.00,0.00,0.00,0.00,0.00,3766909238.34,6329855600.11,0.00,0.00,0.00,0.00,0,0,0,0
654.00,0.00,0.00,0.00,0.00,0.00,0.00,0.00,0.00,3766909238.34,6329855600.11,0.00,0.00,0.00,0.00,0,0,0,0
656.00,0.00,0.00,0.00,0.00,0.00,0.00,0.00,0.00,3766909238.34,6329855600.11,0.00,0.00,0.00,0.00,0,0,0,0
658.00,0.00,0.00,0.00,0.00,0.00,0.00,0.00,0.00,3766909238.34,6329855600.11,0.00,0.00,0.00,0.00,0,0,0,0
660.00,0.00,0.00,0.00,0.00,0.00,0.00,0.00,0.00,3766909238.34,6329855600.11,0.00,0.00,0.00,0.00,0,0,0,0
662.00,0.00,0.00,0.00,0.00,0.00,0.00,0.00,0.00,3766909238.34,6329855600.11,0.00,0.00,0.00,0.00,0,0,0,0
664.00,0.00,0.00,0.00,0.00,0.00,0.00,0.00,0.00,3766909238.34,6329855600.11,0.00,0.00,0.00,0.00,0,0,0,0
666.00,0.00,0.00,0.00,0.00,0.00,0.00,0.00,0.00,3766909238.34,6329855600.11,0.00,0.00,0.00,0.00,0,0,0,0
668.00,0.00,0.00,0.00,0.00,0.00,0.00,0.00,0.00,3766909238.34,6329855600.11,0.00,0.00,0.00,0.00,0,0,0,0
670.00,571.60,571.60,0.00,0.00,571.60,571.60,0.00,0.00,3766909238.34,6329855600.11,0.00,0.00,0.00,0.00,126187,20142,0,0
672.00,3107.66,3107.66,0.00,0.00,2536.07,2536.07,0.00,0.00,3766909238.34,6329855600.11,0.00,0.00,0.00,0.00,485620,309942,0,0
674.00,5611.65,5611.65,0.00,0.00,2503.98,2503.98,0.00,0.00,3766909238.34,6329855600.11,0.00,0.00,0.00,0.00,992275,444307,0,0
676.00,8115.14,8115.14,0.00,0.00,2503.50,2503.50,0.00,0.00,3766909238.34,6329855600.11,0.00,0.00,0.00,0.00,1557771,519706,0,0
678.00,10665.25,10665.25,0.00,0.00,2550.11,2550.11,0.00,0.00,3766909238.34,6329855600.11,0.00,0.00,0.00,0.00,2109304,621000,0,0
680.00,13200.74,13200.74,0.00,0.00,2535.49,2535.49,0.00,0.00,3766909238.34,6329855600.11,0.00,0.00,0.00,0.00,2669679,709711,0,0
682.00,15631.91,15631.91,0.00,0.00,2431.17,2431.17,0.00,0.00,3766909238.34,6329855600.11,0.00,0.00,0.00,0.00,3211649,790121,0,0
684.00,18212.01,18212.01,0.00,0.00,2580.10,2580.10,0.00,0.00,3766909238.34,6329855600.11,0.00,0.00,0.00,0.00,3771866,890409,0,0
686.00,20737.82,20737.82,0.00,0.00,2525.81,2525.81,0.00,0.00,3766909238.34,6329855600.11,0.00,0.00,0.00,0.00,4344707,964176,0,0
688.00,23312.02,23312.02,0.00,0.00,2574.20,2574.20,0.00,0.00,3766909238.34,6329855600.11,0.00,0.00,0.00,0.00,4898221,1069656,0,0
690.00,25920.13,25920.13,0.00,0.00,2608.11,2608.11,0.00,0.00,3766909238.34,6329855600.11,0.00,0.00,0.00,0.00,5457572,1177982,0,0
692.00,28311.61,28311.61,0.00,0.00,2391.48,2391.48,0.00,0.00,3766909238.34,6329855600.11,0.00,0.00,0.00,0.00,5991015,1256758,0,0
694.00,30875.12,30875.12,0.00,0.00,2563.51,2563.51,0.00,0.00,3766909238.34,6329855600.11,0.00,0.00,0.00,0.00,6546759,1357273,0,0
696.00,33419.22,33419.22,0.00,0.00,2544.10,2544.10,0.00,0.00,3766909238.34,6329855600.11,0.00,0.00,0.00,0.00,7087169,1468152,0,0
698.00,35983.14,35983.14,0.00,0.00,2563.92,2563.92,0.00,0.00,3766909238.34,6329855600.11,0.00,0.00,0.00,0.00,7631616,1580069,0,0
700.00,38571.63,38571.63,0.00,0.00,2588.49,2588.49,0.00,0.00,3766909238.34,6329855600.11,0.00,0.00,0.00,0.00,8231470,1642868,0,0
702.00,41172.62,41172.62,0.00,0.00,2600.98,2600.98,0.00,0.00,3766909238.34,6329855600.11,0.00,0.00,0.00,0.00,8787627,1752563,0,0
704.00,43739.27,43739.27,0.00,0.00,2566.65,2566.65,0.00,0.00,3766909238.34,6329855600.11,0.00,0.00,0.00,0.00,9351234,1846018,0,0
706.00,46290.19,46290.19,0.00,0.00,2550.92,2550.92,0.00,0.00,3766909238.34,6329855600.11,0.00,0.00,0.00,0.00,9905972,1944316,0,0
708.00,48873.25,48873.25,0.00,0.00,2583.06,2583.06,0.00,0.00,3766909238.34,6329855600.11,0.00,0.00,0.00,0.00,10446277,2065274,0,0
710.00,51440.30,51440.30,0.00,0.00,2567.05,2567.05,0.00,0.00,3766909238.34,6329855600.11,0.00,0.00,0.00,0.00,10992942,2175774,0,0
712.00,53998.29,53998.29,0.00,0.00,2557.99,2557.99,0.00,0.00,3766909238.34,6329855600.11,0.00,0.00,0.00,0.00,11557210,2266352,0,0
714.40,56583.05,56583.05,0.00,0.00,2584.76,2584.76,0.00,0.00,3766909238.34,6329855600.11,0.00,0.00,0.00,0.00,12117702,2367559,0,0
716.40,59209.44,59209.44,0.00,0.00,2626.39,2626.39,0.00,0.00,3766909238.34,6329855600.11,0.00,0.00,0.00,0.00,12636305,2521312,0,0
718.40,61849.23,61849.23,0.00,0.00,2639.79,2639.79,0.00,0.00,3766909238.34,6329855600.11,0.00,0.00,0.00,0.00,13171466,2661938,0,0
720.40,64509.81,64509.81,0.00,0.00,2660.57,2660.57,0.00,0.00,3766909238.34,6329855600.11,0.00,0.00,0.00,0.00,13723278,2791233,0,0
722.40,67197.98,67197.98,0.00,0.00,2688.17,2688.17,0.00,0.00,3766909238.34,6329855600.11,0.00,0.00,0.00,0.00,14231312,2971371,0,0
724.40,69921.10,69921.10,0.00,0.00,2723.12,2723.12,0.00,0.00,3766909238.34,6329855600.11,0.00,0.00,0.00,0.00,14746292,3153510,0,0
726.40,72611.06,72611.06,0.00,0.00,2689.96,2689.96,0.00,0.00,3766909238.34,6329855600.11,0.00,0.00,0.00,0.00,15252711,3335720,0,0
728.40,75300.77,75300.77,0.00,0.00,2689.71,2689.71,0.00,0.00,3766909238.34,6329855600.11,0.00,0.00,0.00,0.00,15581100,3695897,0,0
730.40,78007.96,78007.96,0.00,0.00,2707.19,2707.19,0.00,0.00,3766909238.34,6329855600.11,0.00,0.00,0.00,0.00,15834149,4135888,0,0
732.40,80744.98,80744.98,0.00,0.00,2737.02,2737.02,0.00,0.00,3766909238.34,6329855600.11,0.00,0.00,0.00,0.00,16121137,4549577,0,0
734.40,83478.68,83478.68,0.00,0.00,2733.70,2733.70,0.00,0.00,3766909238.34,6329855600.11,0.00,0.00,0.00,0.00,16376434,4994107,0,0
736.40,86233.65,86233.65,0.00,0.00,2754.98,2754.98,0.00,0.00,3766909238.34,6329855600.11,0.00,0.00,0.00,0.00,16663184,5412631,0,0
738.40,89019.50,89019.50,0.00,0.00,2785.84,2785.84,0.00,0.00,3766909238.34,6329855600.11,0.00,0.00,0.00,0.00,16956107,5832884,0,0
740.40,91816.95,91816.95,0.00,0.00,2797.45,2797.45,0.00,0.00,3766909238.34,6329855600.11,0.00,0.00,0.00,0.00,17236242,6268896,0,0
742.40,94625.36,94625.36,0.00,0.00,2808.41,2808.41,0.00,0.00,3766909238.34,6329855600.11,0.00,0.00,0.00,0.00,17479418,6744673,0,0
744.40,97432.22,97432.22,0.00,0.00,2806.87,2806.87,0.00,0.00,3766909238.34,6329855600.11,0.00,0.00,0.00,0.00,17734163,7208486,0,0
746.40,100270.67,100270.67,0.00,0.00,2838.45,2838.45,0.00,0.00,3766909238.34,6329855600.11,0.00,0.00,0.00,0.00,18001085,7668206,0,0
748.40,103093.09,103093.09,0.00,0.00,2822.43,2822.43,0.00,0.00,3766909238.34,6329855600.11,0.00,0.00,0.00,0.00,18291477,8100355,0,0
750.40,105935.64,105935.64,0.00,0.00,2842.55,2842.55,0.00,0.00,3766909238.34,6329855600.11,0.00,0.00,0.00,0.00,18513153,8606372,0,0
752.40,108778.36,108778.36,0.00,0.00,2842.72,2842.72,0.00,0.00,3766909238.34,6329855600.11,0.00,0.00,0.00,0.00,18816547,9030714,0,0
754.40,111624.37,111624.37,0.00,0.00,2846.01,2846.01,0.00,0.00,3766909238.34,6329855600.11,0.00,0.00,0.00,0.00,19087582,9488257,0,0
756.40,114502.59,114502.59,0.00,0.00,2878.22,2878.22,0.00,0.00,3766909238.34,6329855600.11,0.00,0.00,0.00,0.00,19368346,9944317,0,0
758.40,117357.83,117357.83,0.00,0.00,2855.24,2855.24,0.00,0.00,3766909238.34,6329855600.11,0.00,0.00,0.00,0.00,19679270,10364335,0,0
760.40,120229.37,120229.37,0.00,0.00,2871.54,2871.54,0.00,0.00,3766909238.34,6329855600.11,0.00,0.00,0.00,0.00,19960292,10818427,0,0
762.40,123079.60,123079.60,0.00,0.00,2850.23,2850.23,0.00,0.00,3766909238.34,6329855600.11,0.00,0.00,0.00,0.00,20189752,11318626,0,0
764.40,125924.88,125924.88,0.00,0.00,2845.28,2845.28,0.00,0.00,3766909238.34,6329855600.11,0.00,0.00,0.00,0.00,20446473,11790296,0,0
766.40,128761.86,128761.86,0.00,0.00,2836.98,2836.98,0.00,0.00,3766909238.34,6329855600.11,0.00,0.00,0.00,0.00,20768454,12194582,0,0
768.40,131491.82,131491.82,0.00,0.00,2729.96,2729.96,0.00,0.00,3766909238.34,6329855600.11,0.00,0.00,0.00,0.00,21255913,12405994,0,0
770.40,134231.55,134231.55,0.00,0.00,2739.73,2739.73,0.00,0.00,3766909238.34,6329855600.11,0.00,0.00,0.00,0.00,21517500,12845778,0,0
772.40,137035.23,137035.23,0.00,0.00,2803.67,2803.67,0.00,0.00,3766909238.34,6329855600.11,0.00,0.00,0.00,0.00,21707907,13373111,0,0
774.40,139861.60,139861.60,0.00,0.00,2826.37,2826.37,0.00,0.00,3766909238.34,6329855600.11,0.00,0.00,0.00,0.00,21937014,13867555,0,0
776.40,142719.41,142719.41,0.00,0.00,2857.82,2857.82,0.00,0.00,3766909238.34,6329855600.11,0.00,0.00,0.00,0.00,22217017,14319153,0,0
778.40,145569.99,145569.99,0.00,0.00,2850.58,2850.58,0.00,0.00,3766909238.34,6329855600.11,0.00,0.00,0.00,0.00,22498661,14767257,0,0
780.40,148415.54,148415.54,0.00,0.00,2845.55,2845.55,0.00,0.00,3766909238.34,6329855600.11,0.00,0.00,0.00,0.00,22707010,15287369,0,0
782.40,151238.01,151238.01,0.00,0.00,2822.46,2822.46,0.00,0.00,3766909238.34,6329855600.11,0.00,0.00,0.00,0.00,22845001,15871929,0,0
784.40,154063.84,154063.84,0.00,0.00,2825.84,2825.84,0.00,0.00,3766909238.34,6329855600.11,0.00,0.00,0.00,0.00,22986128,16454216,0,0
786.40,156906.25,156906.25,0.00,0.00,2842.40,2842.40,0.00,0.00,3766909238.34,6329855600.11,0.00,0.00,0.00,0.00,23190952,16977047,0,0
788.40,159606.97,159606.97,0.00,0.00,2700.73,2700.73,0.00,0.00,3766909238.34,6329855600.11,0.00,0.00,0.00,0.00,23326967,17532418,0,0
790.40,162287.50,162287.50,0.00,0.00,2680.53,2680.53,0.00,0.00,3766909238.34,6329855600.11,0.00,0.00,0.00,0.00,23449101,18096500,0,0
792.40,164925.04,164925.04,0.00,0.00,2637.54,2637.54,0.00,0.00,3766909238.34,6329855600.11,0.00,0.00,0.00,0.00,23576214,18644596,0,0
794.40,167584.14,167584.14,0.00,0.00,2659.10,2659.10,0.00,0.00,3766909238.34,6329855600.11,0.00,0.00,0.00,0.00,23695817,19205722,0,0
796.40,170289.42,170289.42,0.00,0.00,2705.29,2705.29,0.00,0.00,3766909238.34,6329855600.11,0.00,0.00,0.00,0.00,23862618,19731474,0,0
798.40,173003.40,173003.40,0.00,0.00,2713.98,2713.98,0.00,0.00,3766909238.34,6329855600.11,0.00,0.00,0.00,0.00,24028103,20260768,0,0
800.40,175709.21,175709.21,0.00,0.00,2705.81,2705.81,0.00,0.00,3766909238.34,6329855600.11,0.00,0.00,0.00,0.00,24193873,20787686,0,0
802.40,178438.93,178438.93,0.00,0.00,2729.71,2729.71,0.00,0.00,3766909238.34,6329855600.11,0.00,0.00,0.00,0.00,24378463,21301902,0,0
804.40,181200.26,181200.26,0.00,0.00,2761.34,2761.34,0.00,0.00,3766909238.34,6329855600.11,0.00,0.00,0.00,0.00,24600215,21787052,0,0
806.40,182660.54,182660.54,0.00,0.00,1460.27,1460.27,0.00,0.00,3766909238.34,6329855600.11,0.00,0.00,0.00,0.00,24696735,22064362,0,0
808.40,185382.57,185382.57,0.00,0.00,2722.03,2722.03,0.00,0.00,3766909238.34,6329855600.11,0.00,0.00,0.00,0.00,24975901,22482036,0,0
810.40,188108.35,188108.35,0.00,0.00,2725.78,2725.78,0.00,0.00,3766909238.34,6329855600.11,0.00,0.00,0.00,0.00,25213390,22942347,0,0
812.40,190844.28,190844.28,0.00,0.00,2735.93,2735.93,0.00,0.00,3766909238.34,6329855600.11,0.00,0.00,0.00,0.00,25561240,23294896,0,0
814.40,193412.14,193412.14,0.00,0.00,2567.86,2567.86,0.00,0.00,3766909238.34,6329855600.11,0.00,0.00,0.00,0.00,25747318,23766190,0,0
816.40,196037.71,196037.71,0.00,0.00,2625.57,2625.57,0.00,0.00,3766909238.34,6329855600.11,0.00,0.00,0.00,0.00,25909997,24275658,0,0
818.40,198662.59,198662.59,0.00,0.00,2624.88,2624.88,0.00,0.00,3766909238.34,6329855600.11,0.00,0.00,0.00,0.00,26067652,24789972,0,0
820.40,201326.26,201326.26,0.00,0.00,2663.67,2663.67,0.00,0.00,3766909238.34,6329855600.11,0.00,0.00,0.00,0.00,26250174,25289349,0,0
822.40,204048.92,204048.92,0.00,0.00,2722.66,2722.66,0.00,0.00,3766909238.34,6329855600.11,0.00,0.00,0.00,0.00,26469045,25767479,0,0
824.40,206727.46,206727.46,0.00,0.00,2678.54,2678.54,0.00,0.00,3766909238.34,6329855600.11,0.00,0.00,0.00,0.00,26664543,26257687,0,0
826.40,209405.17,209405.17,0.00,0.00,2677.71,2677.71,0.00,0.00,3766909238.34,6329855600.11,0.00,0.00,0.00,0.00,26874130,26733593,0,0
828.40,211988.40,211988.40,0.00,0.00,2583.23,2583.23,0.00,0.00,3766909238.34,6329855600.11,0.00,0.00,0.00,0.00,27089396,27179635,0,0
830.40,214715.55,214715.55,0.00,0.00,2727.14,2727.14,0.00,0.00,3766909238.34,6329855600.11,0.00,0.00,0.00,0.00,27414922,27552258,0,0
832.40,217396.83,217396.83,0.00,0.00,2681.29,2681.29,0.00,0.00,3766909238.34,6329855600.11,0.00,0.00,0.00,0.00,27748579,27905010,0,0
834.40,220078.15,220078.15,0.00,0.00,2681.32,2681.32,0.00,0.00,3766909238.34,6329855600.11,0.00,0.00,0.00,0.00,28022866,28317140,0,0
836.40,222820.89,222820.89,0.00,0.00,2742.75,2742.75,0.00,0.00,3766909238.34,6329855600.11,0.00,0.00,0.00,0.00,28247894,28794255,0,0
838.40,225559.68,225559.68,0.00,0.00,2738.78,2738.78,0.00,0.00,3766909238.34,6329855600.11,0.00,0.00,0.00,0.00,28453776,29289501,0,0
840.40,228309.39,228309.39,0.00,0.00,2749.71,2749.71,0.00,0.00,3766909238.34,6329855600.11,0.00,0.00,0.00,0.00,28633530,29813674,0,0
842.40,231105.73,231105.73,0.00,0.00,2796.34,2796.34,0.00,0.00,3766909238.34,6329855600.11,0.00,0.00,0.00,0.00,28927960,30235106,0,0
844.40,233868.07,233868.07,0.00,0.00,2762.34,2762.34,0.00,0.00,3766909238.34,6329855600.11,0.00,0.00,0.00,0.00,29116003,30754223,0,0
846.40,236607.80,236607.80,0.00,0.00,2739.73,2739.73,0.00,0.00,3766909238.34,6329855600.11,0.00,0.00,0.00,0.00,29263519,31308078,0,0
848.40,239398.17,239398.17,0.00,0.00,2790.37,2790.37,0.00,0.00,3766909238.34,6329855600.11,0.00,0.00,0.00,0.00,29412379,31873553,0,0
850.40,242168.52,242168.52,0.00,0.00,2770.35,2770.35,0.00,0.00,3767148027.85,6330102086.11,238789.51,246486.00,0.00,0.00,29887058,32108083,0,0
852.40,245016.39,245016.39,0.00,0.00,2847.87,2847.87,0.00,0.00,3767148027.85,6330102086.11,0.00,0.00,0.00,0.00,30543127,32181068,0,0
854.40,247810.70,247810.70,0.00,0.00,2794.31,2794.31,0.00,0.00,3767148027.85,6330102086.11,0.00,0.00,0.00,0.00,31052013,32387525,0,0
856.40,250603.14,250603.14,0.00,0.00,2792.45,2792.45,0.00,0.00,3767148027.85,6330102086.11,0.00,0.00,0.00,0.00,31216211,32938194,0,0
858.40,253391.76,253391.76,0.00,0.00,2788.61,2788.61,0.00,0.00,3767148027.85,6330102086.11,0.00,0.00,0.00,0.00,31367431,33500859,0,0
860.40,256203.62,256203.62,0.00,0.00,2811.86,2811.86,0.00,0.00,3767148027.85,6330102086.11,0.00,0.00,0.00,0.00,31600427,33987700,0,0
862.40,259036.49,259036.49,0.00,0.00,2832.87,2832.87,0.00,0.00,3767148027.85,6330102086.11,0.00,0.00,0.00,0.00,32074634,34238707,0,0
864.40,261875.24,261875.24,0.00,0.00,2838.75,2838.75,0.00,0.00,3767148027.85,6330102086.11,0.00,0.00,0.00,0.00,32693032,34347029,0,0
866.40,264689.79,264689.79,0.00,0.00,2814.55,2814.55,0.00,0.00,3767148027.85,6330102086.11,0.00,0.00,0.00,0.00,33009281,34751304,0,0
868.40,267527.16,267527.16,0.00,0.00,2837.38,2837.38,0.00,0.00,3767148027.85,6330102086.11,0.00,0.00,0.00,0.00,33345270,35141684,0,0
870.40,270361.54,270361.54,0.00,0.00,2834.38,2834.38,0.00,0.00,3767148027.85,6330102086.11,0.00,0.00,0.00,0.00,33649067,35563488,0,0
872.40,273192.86,273192.86,0.00,0.00,2831.32,2831.32,0.00,0.00,3767148027.85,6330102086.11,0.00,0.00,0.00,0.00,33862882,36074490,0,0
874.40,276045.16,276045.16,0.00,0.00,2852.30,2852.30,0.00,0.00,3767148027.85,6330102086.11,0.00,0.00,0.00,0.00,33999104,36668456,0,0
876.40,278891.30,278891.30,0.00,0.00,2846.14,2846.14,0.00,0.00,3767148027.85,6330102086.11,0.00,0.00,0.00,0.00,34122414,37273758,0,0
878.40,281727.23,281727.23,0.00,0.00,2835.93,2835.93,0.00,0.00,3767148027.85,6330102086.11,0.00,0.00,0.00,0.00,34409136,37713035,0,0
880.40,284561.12,284561.12,0.00,0.00,2833.89,2833.89,0.00,0.00,3767148027.85,6330102086.11,0.00,0.00,0.00,0.00,34620830,38226818,0,0
882.40,287240.38,287240.38,0.00,0.00,2679.25,2679.25,0.00,0.00,3767148027.85,6330102086.11,0.00,0.00,0.00,0.00,34820442,38713094,0,0
884.40,289772.81,289772.81,0.00,0.00,2532.44,2532.44,0.00,0.00,3767148027.85,6330102086.11,0.00,0.00,0.00,0.00,35073225,39108615,0,0
886.40,292289.89,292289.89,0.00,0.00,2517.08,2517.08,0.00,0.00,3767148027.85,6330102086.11,0.00,0.00,0.00,0.00,35320077,39506135,0,0
888.40,294811.96,294811.96,0.00,0.00,2522.07,2522.07,0.00,0.00,3767148027.85,6330102086.11,0.00,0.00,0.00,0.00,35472517,39999346,0,0
890.40,297319.28,297319.28,0.00,0.00,2507.32,2507.32,0.00,0.00,3767148027.85,6330102086.11,0.00,0.00,0.00,0.00,35636323,40477413,0,0
892.40,299839.31,299839.31,0.00,0.00,2520.03,2520.03,0.00,0.00,3767148027.85,6330102086.11,0.00,0.00,0.00,0.00,35810702,40948161,0,0
894.40,302350.60,302350.60,0.00,0.00,2511.29,2511.29,0.00,0.00,3767148027.85,6330102086.11,0.00,0.00,0.00,0.00,35960924,41440830,0,0
896.40,304886.21,304886.21,0.00,0.00,2535.61,2535.61,0.00,0.00,3767148027.85,6330102086.11,0.00,0.00,0.00,0.00,36055436,41995435,0,0
898.40,307427.22,307427.22,0.00,0.00,2541.01,2541.01,0.00,0.00,3767148027.85,6330102086.11,0.00,0.00,0.00,0.00,36162667,42538702,0,0
900.40,309973.89,309973.89,0.00,0.00,2546.67,2546.67,0.00,0.00,3767148027.85,6330102086.11,0.00,0.00,0.00,0.00,36293862,43059455,0,0
902.40,312512.61,312512.61,0.00,0.00,2538.72,2538.72,0.00,0.00,3767148027.85,6330102086.11,0.00,0.00,0.00,0.00,36439234,43563995,0,0
904.40,315053.47,315053.47,0.00,0.00,2540.86,2540.86,0.00,0.00,3767148027.85,6330102086.11,0.00,0.00,0.00,0.00,36592284,44061404,0,0
906.40,317587.77,317587.77,0.00,0.00,2534.30,2534.30,0.00,0.00,3767148027.85,6330102086.11,0.00,0.00,0.00,0.00,36793353,44509117,0,0
908.40,320156.09,320156.09,0.00,0.00,2568.31,2568.31,0.00,0.00,3767148027.85,6330102086.11,0.00,0.00,0.00,0.00,36928248,45031710,0,0
910.40,322737.68,322737.68,0.00,0.00,2581.59,2581.59,0.00,0.00,3767148027.85,6330102086.11,0.00,0.00,0.00,0.00,37097921,45522925,0,0
912.40,325360.95,325360.95,0.00,0.00,2623.27,2623.27,0.00,0.00,3767148027.85,6330102086.11,0.00,0.00,0.00,0.00,37313104,45979298,0,0
914.40,327995.57,327995.57,0.00,0.00,2634.62,2634.62,0.00,0.00,3767148027.85,6330102086.11,0.00,0.00,0.00,0.00,37497920,46468945,0,0
916.40,330651.38,330651.38,0.00,0.00,2655.81,2655.81,0.00,0.00,3767148027.85,6330102086.11,0.00,0.00,0.00,0.00,37638765,47007987,0,0
918.40,333303.85,333303.85,0.00,0.00,2652.47,2652.47,0.00,0.00,3767148027.85,6330102086.11,0.00,0.00,0.00,0.00,37800198,47525587,0,0
920.40,335970.31,335970.31,0.00,0.00,2666.46,2666.46,0.00,0.00,3767148027.85,6330102086.11,0.00,0.00,0.00,0.00,37968678,48039721,0,0
922.40,338639.02,338639.02,0.00,0.00,2668.71,2668.71,0.00,0.00,3767148027.85,6330102086.11,0.00,0.00,0.00,0.00,38149465,48542125,0,0
924.40,341300.18,341300.18,0.00,0.00,2661.16,2661.16,0.00,0.00,3767148027.85,6330102086.11,0.00,0.00,0.00,0.00,38326984,49045862,0,0
926.40,344000.12,344000.12,0.00,0.00,2699.94,2699.94,0.00,0.00,3767148027.85,6330102086.11,0.00,0.00,0.00,0.00,38481069,49582961,0,0
928.40,346695.56,346695.56,0.00,0.00,2695.45,2695.45,0.00,0.00,3767148027.85,6330102086.11,0.00,0.00,0.00,0.00,38674978,50079086,0,0
930.40,349365.64,349365.64,0.00,0.00,2670.08,2670.08,0.00,0.00,3767148027.85,6330102086.11,0.00,0.00,0.00,0.00,38899335,50538269,0,0
932.40,352064.92,352064.92,0.00,0.00,2699.28,2699.28,0.00,0.00,3767148027.85,6330102086.11,0.00,0.00,0.00,0.00,39264848,50863771,0,0
934.40,354763.69,354763.69,0.00,0.00,2698.77,2698.77,0.00,0.00,3767148027.85,6330102086.11,0.00,0.00,0.00,0.00,39658598,51160907,0,0
936.40,357507.32,357507.32,0.00,0.00,2743.63,2743.63,0.00,0.00,3767148027.85,6330102086.11,0.00,0.00,0.00,0.00,40049923,51471951,0,0
938.40,360270.27,360270.27,0.00,0.00,2762.95,2762.95,0.00,0.00,3767148027.85,6330102086.11,0.00,0.00,0.00,0.00,40436385,51792805,0,0
940.40,362882.13,362882.13,0.00,0.00,2611.86,2611.86,0.00,0.00,3767148027.85,6330102086.11,0.00,0.00,0.00,0.00,40821006,52076820,0,0
942.40,365531.11,365531.11,0.00,0.00,2648.97,2648.97,0.00,0.00,3767148027.85,6330102086.11,0.00,0.00,0.00,0.00,41201232,52374731,0,0
944.40,368219.44,368219.44,0.00,0.00,2688.34,2688.34,0.00,0.00,3767148027.85,6330102086.11,0.00,0.00,0.00,0.00,41561958,52702219,0,0
946.40,370948.39,370948.39,0.00,0.00,2728.95,2728.95,0.00,0.00,3767148027.85,6330102086.11,0.00,0.00,0.00,0.00,41937510,53025279,0,0
948.40,373655.99,373655.99,0.00,0.00,2707.60,2707.60,0.00,0.00,3767148027.85,6330102086.11,0.00,0.00,0.00,0.00,42325954,53329980,0,0
950.40,376419.30,376419.30,0.00,0.00,2763.30,2763.30,0.00,0.00,3767148027.85,6330102086.11,0.00,0.00,0.00,0.00,42675472,53687868,0,0
952.40,379215.12,379215.12,0.00,0.00,2795.83,2795.83,0.00,0.00,3767148027.85,6330102086.11,0.00,0.00,0.00,0.00,43068701,54010371,0,0
954.40,382028.50,382028.50,0.00,0.00,2813.38,2813.38,0.00,0.00,3767148027.85,6330102086.11,0.00,0.00,0.00,0.00,43466599,54332697,0,0
956.40,384851.11,384851.11,0.00,0.00,2822.61,2822.61,0.00,0.00,3767148027.85,6330102086.11,0.00,0.00,0.00,0.00,43891242,54630642,0,0
958.40,387688.15,387688.15,0.00,0.00,2837.04,2837.04,0.00,0.00,3767148027.85,6330102086.11,0.00,0.00,0.00,0.00,44320477,54927689,0,0
960.40,390548.45,390548.45,0.00,0.00,2860.30,2860.30,0.00,0.00,3767148027.85,6330102086.11,0.00,0.00,0.00,0.00,44767723,55212680,0,0
962.40,393403.34,393403.34,0.00,0.00,2854.89,2854.89,0.00,0.00,3767148027.85,6330102086.11,0.00,0.00,0.00,0.00,45223050,55488206,0,0
964.40,396155.77,396155.77,0.00,0.00,2752.42,2752.42,0.00,0.00,3767148027.85,6330102086.11,0.00,0.00,0.00,0.00,45623968,55791908,0,0
966.40,398874.40,398874.40,0.00,0.00,2718.63,2718.63,0.00,0.00,3767148027.85,6330102086.11,0.00,0.00,0.00,0.00,46045510,56066336,0,0
968.40,401593.24,401593.24,0.00,0.00,2718.84,2718.84,0.00,0.00,3767148027.85,6330102086.11,0.00,0.00,0.00,0.00,46456884,56350985,0,0
970.40,404302.70,404302.70,0.00,0.00,2709.46,2709.46,0.00,0.00,3767148027.85,6330102086.11,0.00,0.00,0.00,0.00,46909744,56591746,0,0
972.40,407057.44,407057.44,0.00,0.00,2754.75,2754.75,0.00,0.00,3767148027.85,6330102086.11,0.00,0.00,0.00,0.00,47356677,56850028,0,0
974.40,409846.73,409846.73,0.00,0.00,2789.29,2789.29,0.00,0.00,3767148027.85,6330102086.11,0.00,0.00,0.00,0.00,47771927,57148836,0,0
976.40,412648.62,412648.62,0.00,0.00,2801.89,2801.89,0.00,0.00,3767148027.85,6330102086.11,0.00,0.00,0.00,0.00,48195904,57442143,0,0
978.40,415439.08,415439.08,0.00,0.00,2790.46,2790.46,0.00,0.00,3767148027.85,6330102086.11,0.00,0.00,0.00,0.00,48580372,57772032,0,0
980.40,418263.43,418263.43,0.00,0.00,2824.35,2824.35,0.00,0.00,3767148027.85,6330102086.11,0.00,0.00,0.00,0.00,48960670,58114767,0,0
982.40,421112.64,421112.64,0.00,0.00,2849.21,2849.21,0.00,0.00,3767148027.85,6330102086.11,0.00,0.00,0.00,0.00,49350496,58454340,0,0
984.40,423965.22,423965.22,0.00,0.00,2852.58,2852.58,0.00,0.00,3767148027.85,6330102086.11,0.00,0.00,0.00,0.00,49742598,58792498,0,0
987.73,425697.02,425697.02,0.00,0.00,1731.80,1731.80,0.00,0.00,3767148027.85,6330102086.11,0.00,0.00,0.00,0.00,49969855,59008583,0,0
989.73,428308.76,428308.76,0.00,0.00,2611.74,2611.74,0.00,0.00,3767148027.85,6330102086.11,0.00,0.00,0.00,0.00,50358125,59288918,0,0
991.73,430934.14,430934.14,0.00,0.00,2625.38,2625.38,0.00,0.00,3767148027.85,6330102086.11,0.00,0.00,0.00,0.00,50747118,59572023,0,0
993.73,433562.27,433562.27,0.00,0.00,2628.12,2628.12,0.00,0.00,3767148027.85,6330102086.11,0.00,0.00,0.00,0.00,51125841,59866099,0,0
995.73,436256.57,436256.57,0.00,0.00,2694.30,2694.30,0.00,0.00,3767148027.85,6330102086.11,0.00,0.00,0.00,0.00,51506929,60174753,0,0
997.73,439036.30,439036.30,0.00,0.00,2779.73,2779.73,0.00,0.00,3767148027.85,6330102086.11,0.00,0.00,0.00,0.00,51959451,60433841,0,0
999.73,441738.07,441738.07,0.00,0.00,2701.77,2701.77,0.00,0.00,3767148027.85,6330102086.11,0.00,0.00,0.00,0.00,52342119,60742827,0,0
1001.73,444461.68,444461.68,0.00,0.00,2723.61,2723.61,0.00,0.00,3767148027.85,6330102086.11,0.00,0.00,0.00,0.00,52727077,61055113,0,0
1003.73,447232.45,447232.45,0.00,0.00,2770.77,2770.77,0.00,0.00,3767148027.85,6330102086.11,0.00,0.00,0.00,0.00,53095918,61395590,0,0
1005.73,450021.18,450021.18,0.00,0.00,2788.72,2788.72,0.00,0.00,3767148027.85,6330102086.11,0.00,0.00,0.00,0.00,53415022,61790399,0,0
1007.73,452821.36,452821.36,0.00,0.00,2800.18,2800.18,0.00,0.00,3767148027.85,6330102086.11,0.00,0.00,0.00,0.00,53757109,62165159,0,0
1009.73,455578.86,455578.86,0.00,0.00,2757.50,2757.50,0.00,0.00,3767148027.85,6330102086.11,0.00,0.00,0.00,0.00,54097759,62530428,0,0
1011.73,458402.32,458402.32,0.00,0.00,2823.46,2823.46,0.00,0.00,3767148027.85,6330102086.11,0.00,0.00,0.00,0.00,54423531,62927462,0,0
1013.73,461225.64,461225.64,0.00,0.00,2823.32,2823.32,0.00,0.00,3767148027.85,6330102086.11,0.00,0.00,0.00,0.00,54783826,63289937,0,0
1015.73,464043.55,464043.55,0.00,0.00,2817.91,2817.91,0.00,0.00,3767148027.85,6330102086.11,0.00,0.00,0.00,0.00,55168934,63626214,0,0
1017.73,466792.01,466792.01,0.00,0.00,2748.46,2748.46,0.00,0.00,3767148027.85,6330102086.11,0.00,0.00,0.00,0.00,55538524,63960230,0,0
1019.73,469607.31,469607.31,0.00,0.00,2815.30,2815.30,0.00,0.00,3767148027.85,6330102086.11,0.00,0.00,0.00,0.00,55884903,64334568,0,0
1021.73,472411.23,472411.23,0.00,0.00,2803.92,2803.92,0.00,0.00,3767148027.85,6330102086.11,0.00,0.00,0.00,0.00,56195814,64741461,0,0
1023.73,475165.22,475165.22,0.00,0.00,2753.99,2753.99,0.00,0.00,3767148027.85,6330102086.11,0.00,0.00,0.00,0.00,56513668,65128628,0,0
1025.73,477965.14,477965.14,0.00,0.00,2799.93,2799.93,0.00,0.00,3767148027.85,6330102086.11,0.00,0.00,0.00,0.00,56863704,65495373,0,0
1027.73,480777.97,480777.97,0.00,0.00,2812.83,2812.83,0.00,0.00,3767148027.85,6330102086.11,0.00,0.00,0.00,0.00,57218257,65860904,0,0
1029.73,483600.66,483600.66,0.00,0.00,2822.69,2822.69,0.00,0.00,3767148027.85,6330102086.11,0.00,0.00,0.00,0.00,57555892,66245878,0,0
1031.73,486429.98,486429.98,0.00,0.00,2829.32,2829.32,0.00,0.00,3767148027.85,6330102086.11,0.00,0.00,0.00,0.00,57931197,66594878,0,0
1033.73,489271.63,489271.63,0.00,0.00,2841.65,2841.65,0.00,0.00,3767148027.85,6330102086.11,0.00,0.00,0.00,0.00,58291478,66962060,0,0
1035.73,492107.51,492107.51,0.00,0.00,2835.88,2835.88,0.00,0.00,3767148027.85,6330102086.11,0.00,0.00,0.00,0.00,58630877,67348646,0,0
1037.73,494943.51,494943.51,0.00,0.00,2836.00,2836.00,0.00,0.00,3767148027.85,6330102086.11,0.00,0.00,0.00,0.00,58973134,67732404,0,0
1039.73,497797.30,497797.30,0.00,0.00,2853.80,2853.80,0.00,0.00,3767148027.85,6330102086.11,0.00,0.00,0.00,0.00,59313397,68122713,0,0
1041.73,500644.56,500644.56,0.00,0.00,2847.25,2847.25,0.00,0.00,3767148027.85,6330102086.11,0.00,0.00,0.00,0.00,59658142,68506865,0,0
1043.73,503342.62,503342.62,0.00,0.00,2698.06,2698.06,0.00,0.00,3767148027.85,6330102086.11,0.00,0.00,0.00,0.00,59983319,68872391,0,0
1045.73,505901.80,505901.80,0.00,0.00,2559.18,2559.18,0.00,0.00,3767148027.85,6330102086.11,0.00,0.00,0.00,0.00,60308082,69202779,0,0
1047.73,508467.09,508467.09,0.00,0.00,2565.29,2565.29,0.00,0.00,3767148027.85,6330102086.11,0.00,0.00,0.00,0.00,60660899,69506675,0,0
1049.73,511078.74,511078.74,0.00,0.00,2611.65,2611.65,0.00,0.00,3767148027.85,6330102086.11,0.00,0.00,0.00,0.00,60964659,69871498,0,0
1051.73,513740.09,513740.09,0.00,0.00,2661.36,2661.36,0.00,0.00,3767148027.85,6330102086.11,0.00,0.00,0.00,0.00,61334022,70183442,0,0
1053.73,516382.89,516382.89,0.00,0.00,2642.79,2642.79,0.00,0.00,3767148027.85,6330102086.11,0.00,0.00,0.00,0.00,61697274,70496745,0,0
1055.73,519074.64,519074.64,0.00,0.00,2691.76,2691.76,0.00,0.00,3767148027.85,6330102086.11,0.00,0.00,0.00,0.00,62073666,70809443,0,0
1057.73,521764.12,521764.12,0.00,0.00,2689.48,2689.48,0.00,0.00,3767148027.85,6330102086.11,0.00,0.00,0.00,0.00,62460539,71111076,0,0
1059.73,524544.81,524544.81,0.00,0.00,2780.69,2780.69,0.00,0.00,3767148027.85,6330102086.11,0.00,0.00,0.00,0.00,62968610,71314862,0,0
1061.73,527292.91,527292.91,0.00,0.00,2748.10,2748.10,0.00,0.00,3767148027.85,6330102086.11,0.00,0.00,0.00,0.00,63338467,71648518,0,0
1063.73,530005.20,530005.20,0.00,0.00,2712.29,2712.29,0.00,0.00,3767148027.85,6330102086.11,0.00,0.00,0.00,0.00,63683170,71998162,0,0
1065.73,532788.47,532788.47,0.00,0.00,2783.27,2783.27,0.00,0.00,3767148027.85,6330102086.11,0.00,0.00,0.00,0.00,64051625,72342224,0,0
1067.73,535429.31,535429.31,0.00,0.00,2640.84,2640.84,0.00,0.00,3767148027.85,6330102086.11,0.00,0.00,0.00,0.00,64413133,72656770,0,0
1069.73,538052.69,538052.69,0.00,0.00,2623.38,2623.38,0.00,0.00,3767148027.85,6330102086.11,0.00,0.00,0.00,0.00,64749074,72992414,0,0
1071.73,540723.88,540723.88,0.00,0.00,2671.19,2671.19,0.00,0.00,3767148027.85,6330102086.11,0.00,0.00,0.00,0.00,65098947,73326365,0,0
1073.73,543410.39,543410.39,0.00,0.00,2686.52,2686.52,0.00,0.00,3767148027.85,6330102086.11,0.00,0.00,0.00,0.00,65457676,73655385,0,0
1075.73,546100.86,546100.86,0.00,0.00,2690.46,2690.46,0.00,0.00,3767148027.85,6330102086.11,0.00,0.00,0.00,0.00,65846423,73955396,0,0
1077.73,548864.42,548864.42,0.00,0.00,2763.57,2763.57,0.00,0.00,3767148027.85,6330102086.11,0.00,0.00,0.00,0.00,66242715,74266577,0,0
1079.73,551632.00,551632.00,0.00,0.00,2767.58,2767.58,0.00,0.00,3767148027.85,6330102086.11,0.00,0.00,0.00,0.00,66631477,74586316,0,0
1081.73,554355.83,554355.83,0.00,0.00,2723.83,2723.83,0.00,0.00,3767148027.85,6330102086.11,0.00,0.00,0.00,0.00,67022078,74893015,0,0
1083.73,557054.96,557054.96,0.00,0.00,2699.13,2699.13,0.00,0.00,3767148027.85,6330102086.11,0.00,0.00,0.00,0.00,67405435,75200636,0,0
1085.73,559768.19,559768.19,0.00,0.00,2713.23,2713.23,0.00,0.00,3767148027.85,6330102086.11,0.00,0.00,0.00,0.00,67792251,75508406,0,0
1087.73,562513.06,562513.06,0.00,0.00,2744.87,2744.87,0.00,0.00,3767148027.85,6330102086.11,0.00,0.00,0.00,0.00,68190698,75812646,0,0
1089.73,565247.97,565247.97,0.00,0.00,2734.91,2734.91,0.00,0.00,3767148027.85,6330102086.11,0.00,0.00,0.00,0.00,68579652,76123829,0,0
1091.73,568004.98,568004.98,0.00,0.00,2757.01,2757.01,0.00,0.00,3767148027.85,6330102086.11,0.00,0.00,0.00,0.00,68975866,76433409,0,0
1093.73,570723.69,570723.69,0.00,0.00,2718.71,2718.71,0.00,0.00,3767148027.85,6330102086.11,0.00,0.00,0.00,0.00,69349892,76755372,0,0
1095.73,573348.26,573348.26,0.00,0.00,2624.57,2624.57,0.00,0.00,3767148027.85,6330102086.11,0.00,0.00,0.00,0.00,69717582,77059573,0,0
1097.73,576019.21,576019.21,0.00,0.00,2670.95,2670.95,0.00,0.00,3767148027.85,6330102086.11,0.00,0.00,0.00,0.00,70098209,77362708,0,0
1099.73,578698.44,578698.44,0.00,0.00,2679.23,2679.23,0.00,0.00,3767148027.85,6330102086.11,0.00,0.00,0.00,0.00,70453766,77693034,0,0
1101.73,581409.92,581409.92,0.00,0.00,2711.48,2711.48,0.00,0.00,3767148027.85,6330102086.11,0.00,0.00,0.00,0.00,70838230,78002710,0,0
1103.73,584096.70,584096.70,0.00,0.00,2686.78,2686.78,0.00,0.00,3767148027.85,6330102086.11,0.00,0.00,0.00,0.00,71199114,78329642,0,0
1105.73,586869.93,586869.93,0.00,0.00,2773.23,2773.23,0.00,0.00,3767148027.85,6330102086.11,0.00,0.00,0.00,0.00,71574175,78664527,0,0
1107.73,589656.77,589656.77,0.00,0.00,2786.84,2786.84,0.00,0.00,3767148027.85,6330102086.11,0.00,0.00,0.00,0.00,71965501,78986631,0,0
1109.73,592441.24,592441.24,0.00,0.00,2784.48,2784.48,0.00,0.00,3767148027.85,6330102086.11,0.00,0.00,0.00,0.00,72340662,79324296,0,0
1111.73,595220.73,595220.73,0.00,0.00,2779.48,2779.48,0.00,0.00,3767148027.85,6330102086.11,0.00,0.00,0.00,0.00,72717615,79658891,0,0
1113.73,597948.54,597948.54,0.00,0.00,2727.81,2727.81,0.00,0.00,3767148027.85,6330102086.11,0.00,0.00,0.00,0.00,73075089,79999736,0,0
1115.73,600712.12,600712.12,0.00,0.00,2763.59,2763.59,0.00,0.00,3767148027.85,6330102086.11,0.00,0.00,0.00,0.00,73450163,80332141,0,0
1117.73,603447.93,603447.93,0.00,0.00,2735.80,2735.80,0.00,0.00,3767148027.85,6330102086.11,0.00,0.00,0.00,0.00,73833012,80649658,0,0
1119.73,606227.68,606227.68,0.00,0.00,2779.75,2779.75,0.00,0.00,3767148027.85,6330102086.11,0.00,0.00,0.00,0.00,74199951,80994336,0,0
1121.73,609018.90,609018.90,0.00,0.00,2791.21,2791.21,0.00,0.00,3767148027.85,6330102086.11,0.00,0.00,0.00,0.00,74555726,81353112,0,0
1123.73,611840.46,611840.46,0.00,0.00,2821.57,2821.57,0.00,0.00,3767148027.85,6330102086.11,0.00,0.00,0.00,0.00,74942740,81688419,0,0
1125.73,614645.78,614645.78,0.00,0.00,2805.31,2805.31,0.00,0.00,3767148027.85,6330102086.11,0.00,0.00,0.00,0.00,75312140,82037179,0,0
1127.73,617442.62,617442.62,0.00,0.00,2796.85,2796.85,0.00,0.00,3767148027.85,6330102086.11,0.00,0.00,0.00,0.00,75677596,82387716,0,0
1129.73,620209.75,620209.75,0.00,0.00,2767.12,2767.12,0.00,0.00,3767148027.85,6330102086.11,0.00,0.00,0.00,0.00,76039155,82734541,0,0
1131.73,622984.11,622984.11,0.00,0.00,2774.36,2774.36,0.00,0.00,3767148027.85,6330102086.11,0.00,0.00,0.00,0.00,76395310,83088623,0,0
1133.73,625792.53,625792.53,0.00,0.00,2808.41,2808.41,0.00,0.00,3767148027.85,6330102086.11,0.00,0.00,0.00,0.00,76754942,83447945,0,0
1135.73,628488.48,628488.48,0.00,0.00,2695.95,2695.95,0.00,0.00,3767148027.85,6330102086.11,0.00,0.00,0.00,0.00,77138754,83754296,0,0
1137.73,631067.10,631067.10,0.00,0.00,2578.62,2578.62,0.00,0.00,3767148027.85,6330102086.11,0.00,0.00,0.00,0.00,77485026,84068151,0,0
1139.73,633673.74,633673.74,0.00,0.00,2606.64,2606.64,0.00,0.00,3767148027.85,6330102086.11,0.00,0.00,0.00,0.00,77827749,84392728,0,0
1141.73,636292.20,636292.20,0.00,0.00,2618.46,2618.46,0.00,0.00,3767148027.85,6330102086.11,0.00,0.00,0.00,0.00,78163234,84727570,0,0
1143.73,638916.56,638916.56,0.00,0.00,2624.36,2624.36,0.00,0.00,3767148027.85,6330102086.11,0.00,0.00,0.00,0.00,78515310,85047329,0,0
1145.73,641569.87,641569.87,0.00,0.00,2653.31,2653.31,0.00,0.00,3767148027.85,6330102086.11,0.00,0.00,0.00,0.00,78861893,85379994,0,0
1147.73,644245.40,644245.40,0.00,0.00,2675.53,2675.53,0.00,0.00,3767148027.85,6330102086.11,0.00,0.00,0.00,0.00,79216096,85710727,0,0
1149.73,646936.64,646936.64,0.00,0.00,2691.23,2691.23,0.00,0.00,3767148027.85,6330102086.11,0.00,0.00,0.00,0.00,79580832,86034947,0,0
1151.73,649643.34,649643.34,0.00,0.00,2706.70,2706.70,0.00,0.00,3767148027.85,6330102086.11,0.00,0.00,0.00,0.00,79931527,86377168,0,0
1153.73,652376.30,652376.30,0.00,0.00,2732.96,2732.96,0.00,0.00,3767148027.85,6330102086.11,0.00,0.00,0.00,0.00,80280360,86727972,0,0
1155.73,655152.30,655152.30,0.00,0.00,2776.00,2776.00,0.00,0.00,3767148027.85,6330102086.11,0.00,0.00,0.00,0.00,80642985,87076004,0,0
1157.73,657919.68,657919.68,0.00,0.00,2767.38,2767.38,0.00,0.00,3767148027.85,6330102086.11,0.00,0.00,0.00,0.00,81003658,87423780,0,0
1159.73,660555.37,660555.37,0.00,0.00,2635.69,2635.69,0.00,0.00,3767148027.85,6330102086.11,0.00,0.00,0.00,0.00,81338940,87763235,0,0
1161.73,663346.70,663346.70,0.00,0.00,2791.33,2791.33,0.00,0.00,3767148027.85,6330102086.11,0.00,0.00,0.00,0.00,81665302,88151454,0,0
1163.73,666140.83,666140.83,0.00,0.00,2794.13,2794.13,0.00,0.00,3767148027.85,6330102086.11,0.00,0.00,0.00,0.00,82008917,88523136,0,0
1165.73,668980.43,668980.43,0.00,0.00,2839.60,2839.60,0.00,0.00,3767148027.85,6330102086.11,0.00,0.00,0.00,0.00,82339530,88919460,0,0
1167.73,671821.55,671821.55,0.00,0.00,2841.12,2841.12,0.00,0.00,3767148027.85,6330102086.11,0.00,0.00,0.00,0.00,82689366,89296950,0,0
1169.73,674658.40,674658.40,0.00,0.00,2836.86,2836.86,0.00,0.00,3767148027.85,6330102086.11,0.00,0.00,0.00,0.00,83025528,89687023,0,0
1171.73,677443.87,677443.87,0.00,0.00,2785.47,2785.47,0.00,0.00,3767148027.85,6330102086.11,0.00,0.00,0.00,0.00,83343608,90082023,0,0
1173.73,680201.84,680201.84,0.00,0.00,2757.96,2757.96,0.00,0.00,3767148027.85,6330102086.11,0.00,0.00,0.00,0.00,83668599,90463071,0,0
1175.73,682948.57,682948.57,0.00,0.00,2746.73,2746.73,0.00,0.00,3767148027.85,6330102086.11,0.00,0.00,0.00,0.00,83993209,90841625,0,0
1177.73,685726.72,685726.72,0.00,0.00,2778.15,2778.15,0.00,0.00,3767148027.85,6330102086.11,0.00,0.00,0.00,0.00,84339582,91206459,0,0
1179.73,688526.88,688526.88,0.00,0.00,2800.16,2800.16,0.00,0.00,3767148027.85,6330102086.11,0.00,0.00,0.00,0.00,84674967,91587914,0,0
1181.73,691237.88,691237.88,0.00,0.00,2711.00,2711.00,0.00,0.00,3767148027.85,6330102086.11,0.00,0.00,0.00,0.00,84995680,91961217,0,0
1183.73,693815.16,693815.16,0.00,0.00,2577.28,2577.28,0.00,0.00,3767148027.85,6330102086.11,0.00,0.00,0.00,0.00,85261215,92355466,0,0
1185.73,696392.64,696392.64,0.00,0.00,2577.48,2577.48,0.00,0.00,3767148027.85,6330102086.11,0.00,0.00,0.00,0.00,85534029,92742486,0,0
1187.73,699006.73,699006.73,0.00,0.00,2614.09,2614.09,0.00,0.00,3767148027.85,6330102086.11,0.00,0.00,0.00,0.00,85836574,93109148,0,0
1189.73,701633.96,701633.96,0.00,0.00,2627.24,2627.24,0.00,0.00,3767148027.85,6330102086.11,0.00,0.00,0.00,0.00,86121609,93496686,0,0
1191.73,704253.21,704253.21,0.00,0.00,2619.24,2619.24,0.00,0.00,3767148027.85,6330102086.11,0.00,0.00,0.00,0.00,86416391,93872430,0,0
1193.73,706939.98,706939.98,0.00,0.00,2686.78,2686.78,0.00,0.00,3767148027.85,6330102086.11,0.00,0.00,0.00,0.00,86728319,94248317,0,0
1195.73,709625.31,709625.31,0.00,0.00,2685.33,2685.33,0.00,0.00,3767148027.85,6330102086.11,0.00,0.00,0.00,0.00,87034931,94629149,0,0
1197.73,712377.20,712377.20,0.00,0.00,2751.89,2751.89,0.00,0.00,3767148027.85,6330102086.11,0.00,0.00,0.00,0.00,87326870,95041694,0,0
1199.73,715121.62,715121.62,0.00,0.00,2744.42,2744.42,0.00,0.00,3767148027.85,6330102086.11,0.00,0.00,0.00,0.00,87657996,95413140,0,0
1201.73,717924.74,717924.74,0.00,0.00,2803.12,2803.12,0.00,0.00,3767148027.85,6330102086.11,0.00,0.00,0.00,0.00,87993182,95795552,0,0
1203.73,720702.01,720702.01,0.00,0.00,2777.27,2777.27,0.00,0.00,3767148027.85,6330102086.11,0.00,0.00,0.00,0.00,88322065,96177650,0,0
1205.73,723479.41,723479.41,0.00,0.00,2777.40,2777.40,0.00,0.00,3767148027.85,6330102086.11,0.00,0.00,0.00,0.00,88660027,96550702,0,0
1207.73,726239.77,726239.77,0.00,0.00,2760.36,2760.36,0.00,0.00,3767148027.85,6330102086.11,0.00,0.00,0.00,0.00,88999974,96917407,0,0
1209.73,729031.70,729031.70,0.00,0.00,2791.93,2791.93,0.00,0.00,3767148027.85,6330102086.11,0.00,0.00,0.00,0.00,89334737,97297378,0,0
1211.73,731817.50,731817.50,0.00,0.00,2785.80,2785.80,0.00,0.00,3767148027.85,6330102086.11,0.00,0.00,0.00,0.00,89673734,97671545,0,0
1213.73,734632.48,734632.48,0.00,0.00,2814.98,2814.98,0.00,0.00,3767148027.85,6330102086.11,0.00,0.00,0.00,0.00,90026863,98039051,0,0
1215.73,737459.46,737459.46,0.00,0.00,2826.98,2826.98,0.00,0.00,3767148027.85,6330102086.11,0.00,0.00,0.00,0.00,90367302,98422319,0,0
1217.73,740234.21,740234.21,0.00,0.00,2774.75,2774.75,0.00,0.00,3767148027.85,6330102086.11,0.00,0.00,0.00,0.00,90708219,98791738,0,0
1219.73,743022.86,743022.86,0.00,0.00,2788.66,2788.66,0.00,0.00,3767148027.85,6330102086.11,0.00,0.00,0.00,0.00,91038895,99174958,0,0
1221.73,745734.46,745734.46,0.00,0.00,2711.60,2711.60,0.00,0.00,3767148027.85,6330102086.11,0.00,0.00,0.00,0.00,91377111,99530911,0,0
1223.73,748479.10,748479.10,0.00,0.00,2744.64,2744.64,0.00,0.00,3767148027.85,6330102086.11,0.00,0.00,0.00,0.00,91691785,99918865,0,0
1225.73,751265.68,751265.68,0.00,0.00,2786.58,2786.58,0.00,0.00,3767148027.85,6330102086.11,0.00,0.00,0.00,0.00,92014434,100309580,0,0
1227.73,753973.52,753973.52,0.00,0.00,2707.84,2707.84,0.00,0.00,3767148027.85,6330102086.11,0.00,0.00,0.00,0.00,92337824,100679398,0,0
1229.73,756560.69,756560.69,0.00,0.00,2587.17,2587.17,0.00,0.00,3767148027.85,6330102086.11,0.00,0.00,0.00,0.00,92632004,101047533,0,0
1231.73,759198.89,759198.89,0.00,0.00,2638.20,2638.20,0.00,0.00,3767148027.85,6330102086.11,0.00,0.00,0.00,0.00,92921306,101433611,0,0
1233.73,761880.23,761880.23,0.00,0.00,2681.34,2681.34,0.00,0.00,3767148027.85,6330102086.11,0.00,0.00,0.00,0.00,93198629,101842711,0,0
1235.73,764541.01,764541.01,0.00,0.00,2660.78,2660.78,0.00,0.00,3767148027.85,6330102086.11,0.00,0.00,0.00,0.00,93477322,102245177,0,0
1237.73,767257.49,767257.49,0.00,0.00,2716.48,2716.48,0.00,0.00,3767148027.85,6330102086.11,0.00,0.00,0.00,0.00,93770687,102647231,0,0
1239.73,769917.56,769917.56,0.00,0.00,2660.07,2660.07,0.00,0.00,3767148027.85,6330102086.11,0.00,0.00,0.00,0.00,94062765,103036131,0,0
1241.73,772590.55,772590.55,0.00,0.00,2672.99,2672.99,0.00,0.00,3767148027.85,6330102086.11,0.00,0.00,0.00,0.00,94361111,103422071,0,0
1243.73,775300.20,775300.20,0.00,0.00,2709.64,2709.64,0.00,0.00,3767148027.85,6330102086.11,0.00,0.00,0.00,0.00,94657912,103818939,0,0
1245.73,777979.51,777979.51,0.00,0.00,2679.31,2679.31,0.00,0.00,3767148027.85,6330102086.11,0.00,0.00,0.00,0.00,94938188,104224567,0,0
1247.73,780696.47,780696.47,0.00,0.00,2716.96,2716.96,0.00,0.00,3767148027.85,6330102086.11,0.00,0.00,0.00,0.00,95233000,104625296,0,0
1249.73,783416.12,783416.12,0.00,0.00,2719.66,2719.66,0.00,0.00,3767148027.85,6330102086.11,0.00,0.00,0.00,0.00,95527249,105027279,0,0
1251.73,786160.62,786160.62,0.00,0.00,2744.49,2744.49,0.00,0.00,3767148027.85,6330102086.11,0.00,0.00,0.00,0.00,95830870,105426248,0,0
1253.73,788906.26,788906.26,0.00,0.00,2745.64,2745.64,0.00,0.00,3767148027.85,6330102086.11,0.00,0.00,0.00,0.00,96126517,105833485,0,0
1255.73,791682.65,791682.65,0.00,0.00,2776.39,2776.39,0.00,0.00,3767148027.85,6330102086.11,0.00,0.00,0.00,0.00,96439015,106231744,0,0
1257.73,794435.44,794435.44,0.00,0.00,2752.79,2752.79,0.00,0.00,3767148027.85,6330102086.11,0.00,0.00,0.00,0.00,96745928,106629544,0,0
1259.73,797230.08,797230.08,0.00,0.00,2794.64,2794.64,0.00,0.00,3767148027.85,6330102086.11,0.00,0.00,0.00,0.00,97059017,107031883,0,0
1261.73,800032.68,800032.68,0.00,0.00,2802.60,2802.60,0.00,0.00,3767148027.85,6330102086.11,0.00,0.00,0.00,0.00,97366674,107441691,0,0
1263.73,802844.29,802844.29,0.00,0.00,2811.61,2811.61,0.00,0.00,3767148027.85,6330102086.11,0.00,0.00,0.00,0.00,97665825,107862312,0,0
1265.73,805659.84,805659.84,0.00,0.00,2815.55,2815.55,0.00,0.00,3767148027.85,6330102086.11,0.00,0.00,0.00,0.00,97964966,108283953,0,0
1267.73,808485.02,808485.02,0.00,0.00,2825.18,2825.18,0.00,0.00,3767148027.85,6330102086.11,0.00,0.00,0.00,0.00,98233176,108738989,0,0
1269.73,811308.03,811308.03,0.00,0.00,2823.01,2823.01,0.00,0.00,3767148027.85,6330102086.11,0.00,0.00,0.00,0.00,98532621,109162235,0,0
1271.73,814156.61,814156.61,0.00,0.00,2848.58,2848.58,0.00,0.00,3767148027.85,6330102086.11,0.00,0.00,0.00,0.00,98843886,109580207,0,0
1273.73,816955.99,816955.99,0.00,0.00,2799.38,2799.38,0.00,0.00,3767148027.85,6330102086.11,0.00,0.00,0.00,0.00,99150004,109990729,0,0
1275.73,819676.54,819676.54,0.00,0.00,2720.55,2720.55,0.00,0.00,3767148027.85,6330102086.11,0.00,0.00,0.00,0.00,99500223,110336972,0,0
1277.73,822479.92,822479.92,0.00,0.00,2803.38,2803.38,0.00,0.00,3767148027.85,6330102086.11,0.00,0.00,0.00,0.00,99831242,110723617,0,0
1279.73,825289.18,825289.18,0.00,0.00,2809.27,2809.27,0.00,0.00,3767148027.85,6330102086.11,0.00,0.00,0.00,0.00,100150025,111124006,0,0
1281.73,828121.44,828121.44,0.00,0.00,2832.25,2832.25,0.00,0.00,3767148027.85,6330102086.11,0.00,0.00,0.00,0.00,100467297,111531791,0,0
1283.73,830927.97,830927.97,0.00,0.00,2806.54,2806.54,0.00,0.00,3767148027.85,6330102086.11,0.00,0.00,0.00,0.00,100798714,111918847,0,0
1285.73,833696.79,833696.79,0.00,0.00,2768.82,2768.82,0.00,0.00,3767148027.85,6330102086.11,0.00,0.00,0.00,0.00,101120838,112305541,0,0
1287.73,836425.07,836425.07,0.00,0.00,2728.28,2728.28,0.00,0.00,3767148027.85,6330102086.11,0.00,0.00,0.00,0.00,101448206,112676612,0,0
1292.14,836638.65,836638.65,0.00,0.00,213.58,213.58,0.00,0.00,3767148027.85,6330102086.11,0.00,0.00,0.00,0.00,101473730,112705765,0,0
1294.14,839450.04,839450.04,0.00,0.00,2811.38,2811.38,0.00,0.00,3767148027.85,6330102086.11,0.00,0.00,0.00,0.00,101800458,113098751,0,0
1296.14,842246.54,842246.54,0.00,0.00,2796.50,2796.50,0.00,0.00,3767148027.85,6330102086.11,0.00,0.00,0.00,0.00,102126535,113488579,0,0
1298.14,845093.75,845093.75,0.00,0.00,2847.21,2847.21,0.00,0.00,3767148027.85,6330102086.11,0.00,0.00,0.00,0.00,102455551,113888449,0,0
1300.14,847946.51,847946.51,0.00,0.00,2852.76,2852.76,0.00,0.00,3767148027.85,6330102086.11,0.00,0.00,0.00,0.00,102771570,114302736,0,0
1302.14,850813.69,850813.69,0.00,0.00,2867.18,2867.18,0.00,0.00,3767148027.85,6330102086.11,0.00,0.00,0.00,0.00,103103077,114705228,0,0
1304.14,853678.08,853678.08,0.00,0.00,2864.39,2864.39,0.00,0.00,3767148027.85,6330102086.11,0.00,0.00,0.00,0.00,103448280,115093309,0,0
1306.14,856558.69,856558.69,0.00,0.00,2880.61,2880.61,0.00,0.00,3767148027.85,6330102086.11,0.00,0.00,0.00,0.00,103796572,115482452,0,0
1308.14,859324.09,859324.09,0.00,0.00,2765.40,2765.40,0.00,0.00,3767148027.85,6330102086.11,0.00,0.00,0.00,0.00,104116591,115870376,0,0
1310.14,862059.80,862059.80,0.00,0.00,2735.71,2735.71,0.00,0.00,3767148027.85,6330102086.11,0.00,0.00,0.00,0.00,104450065,116237243,0,0
1312.14,864705.73,864705.73,0.00,0.00,2645.94,2645.94,0.00,0.00,3767148027.85,6330102086.11,0.00,0.00,0.00,0.00,104757312,116607356,0,0
1314.14,867440.65,867440.65,0.00,0.00,2734.91,2734.91,0.00,0.00,3767148027.85,6330102086.11,0.00,0.00,0.00,0.00,105069975,116994831,0,0
1316.14,870098.71,870098.71,0.00,0.00,2658.06,2658.06,0.00,0.00,3767148027.85,6330102086.11,0.00,0.00,0.00,0.00,105375216,117370054,0,0
1318.14,872822.38,872822.38,0.00,0.00,2723.66,2723.66,0.00,0.00,3767148027.85,6330102086.11,0.00,0.00,0.00,0.00,105715061,117727467,0,0
1320.14,875497.64,875497.64,0.00,0.00,2675.27,2675.27,0.00,0.00,3767148027.85,6330102086.11,0.00,0.00,0.00,0.00,106009927,118117469,0,0
1322.14,878229.83,878229.83,0.00,0.00,2732.19,2732.19,0.00,0.00,3767148027.85,6330102086.11,0.00,0.00,0.00,0.00,106356293,118470543,0,0
1324.14,880962.56,880962.56,0.00,0.00,2732.73,2732.73,0.00,0.00,3767148027.85,6330102086.11,0.00,0.00,0.00,0.00,106696290,118830126,0,0
1326.14,883745.95,883745.95,0.00,0.00,2783.38,2783.38,0.00,0.00,3767148027.85,6330102086.11,0.00,0.00,0.00,0.00,107008574,119230388,0,0
1328.14,886539.21,886539.21,0.00,0.00,2793.27,2793.27,0.00,0.00,3767148027.85,6330102086.11,0.00,0.00,0.00,0.00,107347384,119606655,0,0
1330.14,889350.78,889350.78,0.00,0.00,2811.56,2811.56,0.00,0.00,3767148027.85,6330102086.11,0.00,0.00,0.00,0.00,107703468,119970331,0,0
1332.14,892214.37,892214.37,0.00,0.00,2863.59,2863.59,0.00,0.00,3767148027.85,6330102086.11,0.00,0.00,0.00,0.00,108037469,120369410,0,0
1334.14,895066.63,895066.63,0.00,0.00,2852.26,2852.26,0.00,0.00,3767148027.85,6330102086.11,0.00,0.00,0.00,0.00,108361846,120775212,0,0
1336.14,897919.99,897919.99,0.00,0.00,2853.36,2853.36,0.00,0.00,3767148027.85,6330102086.11,0.00,0.00,0.00,0.00,108684895,121182622,0,0
1338.14,900766.88,900766.88,0.00,0.00,2846.89,2846.89,0.00,0.00,3767148027.85,6330102086.11,0.00,0.00,0.00,0.00,109020934,121575386,0,0
1340.14,903591.31,903591.31,0.00,0.00,2824.43,2824.43,0.00,0.00,3767148027.85,6330102086.11,0.00,0.00,0.00,0.00,109338277,121981098,0,0
1342.14,906454.80,906454.80,0.00,0.00,2863.49,2863.49,0.00,0.00,3767148027.85,6330102086.11,0.00,0.00,0.00,0.00,109670759,122381669,0,0
1344.14,909266.27,909266.27,0.00,0.00,2811.48,2811.48,0.00,0.00,3767148027.85,6330102086.11,0.00,0.00,0.00,0.00,109977012,122795154,0,0
1346.14,912083.13,912083.13,0.00,0.00,2816.86,2816.86,0.00,0.00,3767148027.85,6330102086.11,0.00,0.00,0.00,0.00,110294623,123198659,0,0
1348.14,914932.46,914932.46,0.00,0.00,2849.33,2849.33,0.00,0.00,3767148027.85,6330102086.11,0.00,0.00,0.00,0.00,110619551,123603159,0,0
1350.14,917774.21,917774.21,0.00,0.00,2841.75,2841.75,0.00,0.00,3767148027.85,6330102086.11,0.00,0.00,0.00,0.00,110926606,124023592,0,0
1352.14,920632.93,920632.93,0.00,0.00,2858.72,2858.72,0.00,0.00,3767148027.85,6330102086.11,0.00,0.00,0.00,0.00,111229537,124452493,0,0
1354.14,923495.35,923495.35,0.00,0.00,2862.42,2862.42,0.00,0.00,3767148027.85,6330102086.11,0.00,0.00,0.00,0.00,111525191,124889619,0,0
1356.14,926346.05,926346.05,0.00,0.00,2850.70,2850.70,0.00,0.00,3767148027.85,6330102086.11,0.00,0.00,0.00,0.00,111843824,125300764,0,0
1358.14,929216.23,929216.23,0.00,0.00,2870.19,2870.19,0.00,0.00,3767148027.85,6330102086.11,0.00,0.00,0.00,0.00,112152378,125726978,0,0
1360.14,932084.59,932084.59,0.00,0.00,2868.36,2868.36,0.00,0.00,3767148027.85,6330102086.11,0.00,0.00,0.00,0.00,112474922,126138734,0,0
1362.14,934914.13,934914.13,0.00,0.00,2829.54,2829.54,0.00,0.00,3767148027.85,6330102086.11,0.00,0.00,0.00,0.00,112771039,126566978,0,0
1364.14,937790.87,937790.87,0.00,0.00,2876.74,2876.74,0.00,0.00,3767148027.85,6330102086.11,0.00,0.00,0.00,0.00,113084565,126989898,0,0
1366.14,940640.09,940640.09,0.00,0.00,2849.22,2849.22,0.00,0.00,3767148027.85,6330102086.11,0.00,0.00,0.00,0.00,113386737,127417127,0,0
1368.14,943462.54,943462.54,0.00,0.00,2822.45,2822.45,0.00,0.00,3767148027.85,6330102086.11,0.00,0.00,0.00,0.00,113691233,127835178,0,0
1370.14,946290.19,946290.19,0.00,0.00,2827.65,2827.65,0.00,0.00,3767148027.85,6330102086.11,0.00,0.00,0.00,0.00,114042702,128207587,0,0
1372.14,948888.12,948888.12,0.00,0.00,2597.93,2597.93,0.00,0.00,3767148027.85,6330102086.11,0.00,0.00,0.00,0.00,114336666,128578693,0,0
1374.14,951492.44,951492.44,0.00,0.00,2604.32,2604.32,0.00,0.00,3767148027.85,6330102086.11,0.00,0.00,0.00,0.00,114627102,128954962,0,0
1376.14,954118.95,954118.95,0.00,0.00,2626.51,2626.51,0.00,0.00,3767148027.85,6330102086.11,0.00,0.00,0.00,0.00,114929559,129324892,0,0
1378.14,956748.56,956748.56,0.00,0.00,2629.61,2629.61,0.00,0.00,3767148027.85,6330102086.11,0.00,0.00,0.00,0.00,115219607,129708024,0,0
1380.14,959400.39,959400.39,624.75,0.00,2651.84,2651.84,624.75,0.00,3767148027.85,6330102086.11,0.00,0.00,0.00,0.00,115514404,130092097,0,0
1382.14,962084.52,962084.52,2974.05,0.00,2684.12,2684.12,2349.29,0.00,3767148027.85,6330102086.11,0.00,0.00,0.00,0.00,115811936,130481700,0,0
1384.14,964436.51,964436.51,3138.27,0.00,2351.99,2351.99,164.23,0.00,3767148027.85,6330102086.11,0.00,0.00,0.00,0.00,115249394,130842954,0,803398
1386.14,966949.12,966949.12,5543.04,0.00,2512.61,2512.61,2404.77,0.00,3767148027.85,6330102086.11,0.00,0.00,0.00,0.00,115540111,131195466,0,803398
1388.14,969456.80,969456.80,8174.78,0.00,2507.68,2507.68,2631.74,0.00,3767148027.85,6330102086.11,0.00,0.00,0.00,0.00,115807823,131569719,0,803398
1390.14,971654.40,971654.40,9300.78,0.00,2197.61,2197.61,1126.00,0.00,3767148027.85,6330102086.11,0.00,0.00,0.00,0.00,114691201,131911230,0,2141096
1392.14,974189.78,974189.78,11907.99,0.00,2535.38,2535.38,2607.21,0.00,3767148027.85,6330102086.11,0.00,0.00,0.00,0.00,114977692,132273796,0,2141096
1394.14,976311.84,976311.84,13388.07,0.00,2122.06,2122.06,1480.07,0.00,3767148027.85,6330102086.11,0.00,0.00,0.00,0.00,113932462,132576024,0,3427345
1396.14,978805.43,978805.43,15401.63,0.00,2493.59,2493.59,2013.57,0.00,3767148027.85,6330102086.11,0.00,0.00,0.00,0.00,114215691,132931155,0,3427345
1398.14,981309.47,981309.47,17953.28,0.00,2504.04,2504.04,2551.65,0.00,3767148027.85,6330102086.11,0.00,0.00,0.00,0.00,114479628,133308251,0,3427345
1400.14,983418.90,983711.60,18387.04,292.70,2109.43,2402.13,433.75,292.70,3767148027.85,6330102086.11,0.00,0.00,0.00,0.00,113424950,133623208,0,4707081
1402.14,985762.85,988232.62,18387.04,2469.78,2343.95,4521.03,0.00,2177.08,3767148027.85,6330102086.11,0.00,0.00,0.00,0.00,113677100,133971108,0,4707081
1404.14,988270.66,992809.62,18387.04,4538.96,2507.81,4576.99,0.00,2069.18,3767148027.85,6330102086.11,0.00,0.00,0.00,0.00,113936064,134354144,0,4707081
1406.14,990101.08,996733.98,18387.04,6632.91,1830.42,3924.37,0.00,2093.95,3767148027.85,6330102086.11,0.00,0.00,0.00,0.00,114121126,134637669,1526438,4707081
1408.14,992173.66,1000080.46,18387.04,7906.80,2072.59,3346.48,0.00,1273.89,3767148027.85,6330102086.11,0.00,0.00,0.00,0.00,114313184,134976193,2022533,4707081
1410.14,994733.02,1002639.81,18387.04,7906.80,2559.35,2559.35,0.00,0.00,3767148027.85,6330102086.11,0.00,0.00,0.00,0.00,114562736,135381835,2022533,4707081
1412.14,996938.55,1005883.62,18387.04,8945.07,2205.54,3243.80,0.00,1038.27,3767148027.85,6330102086.11,0.00,0.00,0.00,0.00,114782025,135727163,2288327,4707081
1414.14,999491.74,1008436.81,18387.04,8945.07,2553.19,2553.19,0.00,0.00,3767148027.85,6330102086.11,0.00,0.00,0.00,0.00,115053712,136109093,2288327,4707081
1416.14,1001845.38,1011314.45,18387.04,9469.07,2353.64,2877.64,0.00,524.00,3767148027.85,6330102086.11,0.00,0.00,0.00,0.00,115303505,136461832,2288327,4707081
1418.14,1004184.79,1014267.16,18387.04,10082.38,2339.40,2952.71,0.00,613.31,3767148027.85,6330102086.11,0.00,0.00,0.00,0.00,115558076,136806148,2579479,4707081
1420.14,1006740.48,1016822.86,18387.04,10082.38,2555.70,2555.70,0.00,0.00,3767148027.85,6330102086.11,0.00,0.00,0.00,0.00,115830175,137188308,2579479,4707081
1422.14,1008722.15,1020290.60,18387.04,11568.45,1981.66,3467.73,0.00,1486.07,3767148027.85,6330102086.11,0.00,0.00,0.00,0.00,116036861,137488928,2856984,4707081
1424.14,1011011.88,1023449.57,18387.04,12437.69,2289.73,3158.98,0.00,869.24,3767148027.85,6330102086.11,0.00,0.00,0.00,0.00,116280556,137831405,3182420,4707081
1426.14,1013543.69,1025981.38,18387.04,12437.69,2531.81,2531.81,0.00,0.00,3767148027.85,6330102086.11,0.00,0.00,0.00,0.00,116553096,138207008,3182420,4707081
1428.14,1015368.19,1029881.69,18387.04,14513.50,1824.50,3900.31,0.00,2075.81,3767148027.85,6330102086.11,0.00,0.00,0.00,0.00,116749230,138477946,3501311,4707081
1430.14,1017727.19,1032790.09,18387.04,15062.90,2359.00,2908.39,0.00,549.40,3767148027.85,6330102086.11,0.00,0.00,0.00,0.00,116983859,138847220,3854424,4707081
1432.14,1020147.10,1035546.00,18387.04,15398.90,2419.91,2755.91,0.00,336.00,3767148027.85,6330102086.11,0.00,0.00,0.00,0.00,117218662,139231915,3854424,4707081
1434.14,1022455.04,1038483.50,18387.04,16028.46,2307.93,2937.50,0.00,629.57,3767148027.85,6330102086.11,0.00,0.00,0.00,0.00,117454865,139586543,4101606,4707081
1436.14,1024990.50,1041018.96,18387.04,16028.46,2535.46,2535.46,0.00,0.00,3767148027.85,6330102086.11,0.00,0.00,0.00,0.00,117709616,139980870,4101606,4707081
1438.14,1027104.00,1044552.47,18387.04,17448.46,2113.51,3533.51,0.00,1420.00,3767148027.85,6330102086.11,0.00,0.00,0.00,0.00,117906624,140324920,4101606,4707081
1440.14,1029634.05,1047109.86,18387.04,17475.81,2530.04,2557.39,0.00,27.35,3767148027.85,6330102086.11,0.00,0.00,0.00,0.00,118203428,140675807,4472127,4707081
1442.14,1032188.08,1049663.89,18387.04,17475.81,2554.04,2554.04,0.00,0.00,3767148027.85,6330102086.11,0.00,0.00,0.00,0.00,118453918,141079150,4472127,4707081
1444.14,1034407.55,1052772.37,18387.04,18364.82,2219.47,3108.48,0.00,889.00,3767148027.85,6330102086.11,0.00,0.00,0.00,0.00,118675255,141425998,4699712,4707081
1446.14,1036972.05,1055336.87,18387.04,18364.82,2564.50,2564.50,0.00,0.00,3767148027.85,6330102086.11,0.00,0.00,0.00,0.00,118935996,141821769,4699712,4707081
1448.14,1039136.48,1058569.17,18387.04,19432.68,2164.43,3232.30,0.00,1067.87,3767148027.85,6330102086.11,0.00,0.00,0.00,0.00,119161541,142150318,4973086,4707081
1450.14,1041671.20,1061103.89,18387.04,19432.68,2534.72,2534.72,0.00,0.00,3767967488.04,6330947961.56,819460.18,845875.45,0.00,0.00,119434272,142526475,4973086,4707081
1452.14,1044217.72,1063650.40,18387.04,19432.68,2546.52,2546.52,0.00,0.00,3767967488.04,6330947961.56,0.00,0.00,0.00,0.00,119700347,142912308,4973086,4707081
1454.14,1046425.96,1066779.94,18387.04,20353.98,2208.24,3129.54,0.00,921.29,3767967488.04,6330947961.56,0.00,0.00,0.00,0.00,119921201,143256764,5208919,4707081
1456.14,1048963.02,1069317.00,18387.04,20353.98,2537.06,2537.06,0.00,0.00,3767967488.04,6330947961.56,0.00,0.00,0.00,0.00,120166531,143660921,5208919,4707081
1458.14,1051230.51,1072410.49,18387.04,21179.98,2267.49,3093.49,0.00,826.00,3767967488.04,6330947961.56,0.00,0.00,0.00,0.00,120413621,143994309,5208919,4707081
1460.14,1053703.51,1075084.45,18387.04,21380.94,2473.00,2673.96,0.00,200.96,3767967488.04,6330947961.56,0.00,0.00,0.00,0.00,120670514,144370503,5471822,4707081
1462.14,1056271.42,1077652.36,18387.04,21380.94,2567.91,2567.91,0.00,0.00,3767967488.04,6330947961.56,0.00,0.00,0.00,0.00,120943261,144755141,5471822,4707081
1464.14,1058420.38,1081423.38,18387.04,23003.00,2148.96,3771.02,0.00,1622.05,3767967488.04,6330947961.56,0.00,0.00,0.00,0.00,121140845,145107691,5802709,4707081
1466.14,1060989.66,1085225.04,18387.04,24235.38,2569.29,3801.66,0.00,1232.38,3767967488.04,6330947961.56,0.00,0.00,0.00,0.00,121389965,145516308,5802709,4707081
1468.14,1063344.63,1088517.86,18387.04,25173.23,2354.96,3292.82,0.00,937.86,3767967488.04,6330947961.56,0.00,0.00,0.00,0.00,121634171,145874973,6298776,4707081
1470.14,1065632.35,1091906.66,18387.04,26274.31,2287.72,3388.80,0.00,1101.07,3767967488.04,6330947961.56,0.00,0.00,0.00,0.00,121871793,146223008,6724521,4707081
1472.14,1068156.64,1094430.95,18387.04,26274.31,2524.29,2524.29,0.00,0.00,3767967488.04,6330947961.56,0.00,0.00,0.00,0.00,122115197,146625823,6724521,4707081
1474.14,1070306.78,1098187.09,18387.04,27880.31,2150.13,3756.13,0.00,1606.00,3767967488.04,6330947961.56,0.00,0.00,0.00,0.00,122330509,146960945,6724521,4707081
1476.14,1072804.06,1100812.91,18387.04,28008.85,2497.28,2625.82,0.00,128.54,3767967488.04,6330947961.56,0.00,0.00,0.00,0.00,122579022,147351736,7168562,4707081
1478.14,1075258.89,1103349.74,18387.04,28090.85,2454.84,2536.84,0.00,82.00,3767967488.04,6330947961.56,0.00,0.00,0.00,0.00,122827792,147731404,7168562,4707081
1480.14,1077463.85,1106657.98,18387.04,29194.13,2204.95,3308.23,0.00,1103.28,3767967488.04,6330947961.56,0.00,0.00,0.00,0.00,123053772,148069892,7470114,4707081
1482.14,1079994.89,1109189.02,18387.04,29194.13,2531.04,2531.04,0.00,0.00,3767967488.04,6330947961.56,0.00,0.00,0.00,0.00,123310069,148461542,7470114,4707081
1484.14,1082235.30,1112527.43,18387.04,30292.13,2240.41,3338.41,0.00,1098.00,3767967488.04,6330947961.56,0.00,0.00,0.00,0.00,123535625,148809531,7470114,4707081
1486.14,1084337.30,1116022.11,18387.04,31684.81,2102.00,3494.68,0.00,1392.68,3767967488.04,6330947961.56,0.00,0.00,0.00,0.00,123731698,149151570,8107696,4707081
1488.14,1086857.61,1118542.42,18387.04,31684.81,2520.31,2520.31,0.00,0.00,3767967488.04,6330947961.56,0.00,0.00,0.00,0.00,123986651,149541816,8107696,4707081
1490.14,1089024.52,1122494.07,18387.04,33469.55,2166.91,3951.65,0.00,1784.74,3767967488.04,6330947961.56,0.00,0.00,0.00,0.00,124222321,149860874,8564589,4707081
1492.14,1091564.39,1125033.94,18387.04,33469.55,2539.87,2539.87,0.00,0.00,3767967488.04,6330947961.56,0.00,0.00,0.00,0.00,124471674,150261728,8564589,4707081
1494.14,1094008.79,1127634.20,18387.04,33625.41,2444.40,2600.25,0.00,155.86,3767967488.04,6330947961.56,0.00,0.00,0.00,0.00,124723352,150635816,8564589,4707081
1496.14,1096539.82,1131614.61,18387.04,35074.79,2531.04,3980.41,0.00,1449.38,3767967488.04,6330947961.56,0.00,0.00,0.00,0.00,124978237,151028877,8564589,4707081
1498.14,1099073.34,1134400.61,18387.04,35327.28,2533.51,2786.00,0.00,252.49,3767967488.04,6330947961.56,0.00,0.00,0.00,0.00,125211290,151444403,9040166,4707081
1500.14,1101087.43,1137861.59,18387.04,36774.16,2014.09,3460.98,0.00,1446.88,3767967488.04,6330947961.56,0.00,0.00,0.00,0.00,125414405,151756896,9353568,4707081
1502.14,1103431.77,1141844.92,18387.04,38413.16,2344.34,3983.33,0.00,1639.00,3767967488.04,6330947961.56,0.00,0.00,0.00,0.00,125637390,152134061,9353568,4707081
1504.14,1105907.80,1145835.36,18387.04,39927.56,2476.04,3990.44,0.00,1514.40,3767967488.04,6330947961.56,0.00,0.00,0.00,0.00,125884744,152520573,10118008,4707081
1506.14,1108534.44,1150069.58,18387.04,41535.14,2626.64,4234.22,0.00,1607.58,3767967488.04,6330947961.56,0.00,0.00,0.00,0.00,126140911,152936825,10118008,4707081
1508.14,1110978.08,1153986.99,18387.04,43008.91,2443.64,3917.41,0.00,1473.77,3767967488.04,6330947961.56,0.00,0.00,0.00,0.00,126425790,153277518,10859752,4707081
1510.14,1113591.92,1158113.18,18387.04,44521.27,2613.84,4126.20,0.00,1512.36,3767967488.04,6330947961.56,0.00,0.00,0.00,0.00,126669626,153702824,10859752,4707081
1512.14,1116022.79,1162028.81,18387.04,46006.02,2430.87,3915.62,0.00,1484.76,3767967488.04,6330947961.56,0.00,0.00,0.00,0.00,126918031,154076721,11556245,4707081
1514.14,1118623.81,1166248.64,18387.04,47624.83,2601.03,4219.83,0.00,1618.80,3767967488.04,6330947961.56,0.00,0.00,0.00,0.00,127184796,154475819,11556245,4707081
1516.14,1121042.77,1170152.90,18387.04,49110.14,2418.95,3904.26,0.00,1485.31,3767967488.04,6330947961.56,0.00,0.00,0.00,0.00,127425742,154854125,12287634,4707081
1518.14,1123631.04,1174365.52,18387.04,50734.48,2588.28,4212.62,0.00,1624.34,3767967488.04,6330947961.56,0.00,0.00,0.00,0.00,127675696,155266770,12287634,4707081
1520.14,1126165.95,1178312.41,18387.04,52146.45,2534.91,3946.89,0.00,1411.98,3767967488.04,6330947961.56,0.00,0.00,0.00,0.00,127931612,155659791,13008959,4707081
1522.14,1128770.64,1182413.93,18387.04,53643.29,2604.68,4101.52,0.00,1496.84,3767967488.04,6330947961.56,0.00,0.00,0.00,0.00,128190842,156067360,13721124,4707081
1524.14,1130757.91,1186269.50,18387.04,55511.59,1987.27,3855.57,0.00,1868.29,3767967488.04,6330947961.56,0.00,0.00,0.00,0.00,128400826,156366118,14068104,4707081
1526.14,1133103.12,1190319.67,18387.04,57216.54,2345.21,4050.17,0.00,1704.96,3767967488.04,6330947961.56,0.00,0.00,0.00,0.00,128622322,156744997,14068104,4707081
1528.14,1135457.93,1194207.55,18387.04,58749.62,2354.80,3887.88,0.00,1533.07,3767967488.04,6330947961.56,0.00,0.00,0.00,0.00,128872538,157097611,14854438,4707081
1530.14,1137959.04,1198414.08,18387.04,60455.04,2501.11,4206.53,0.00,1705.42,3767967488.04,6330947961.56,0.00,0.00,0.00,0.00,129154430,157456003,14854438,4707081
1532.14,1140304.11,1202311.77,18387.04,62007.66,2345.07,3897.70,0.00,1552.62,3767967488.04,6330947961.56,0.00,0.00,0.00,0.00,129408637,157802135,15666975,4707081
1534.14,1142801.22,1206526.70,18387.04,63725.47,2497.11,4214.92,0.00,1717.81,3767967488.04,6330947961.56,0.00,0.00,0.00,0.00,129660019,158190013,15666975,4707081
1536.14,1145146.72,1210494.11,18387.04,65347.38,2345.50,3967.41,0.00,1621.91,3767967488.04,6330947961.56,0.00,0.00,0.00,0.00,129902080,158548400,16477196,4707081
1538.14,1147654.54,1214679.39,18387.04,67024.86,2507.81,4185.29,0.00,1677.48,3767967488.04,6330947961.56,0.00,0.00,0.00,0.00,130181303,158911177,16477196,4707081
1540.14,1150002.23,1218588.78,18387.04,68586.55,2347.70,3909.38,0.00,1561.69,3767967488.04,6330947961.56,0.00,0.00,0.00,0.00,130423916,159269574,17213379,4707081
1542.14,1152348.24,1222660.54,18387.04,70312.30,2346.01,4071.77,0.00,1725.75,3767967488.04,6330947961.56,0.00,0.00,0.00,0.00,130642907,159651162,17213379,4707081
1544.14,1154730.67,1226590.73,18387.04,71860.06,2382.43,3930.19,0.00,1547.76,3767967488.04,6330947961.56,0.00,0.00,0.00,0.00,130872858,160031113,18012707,4707081
1546.17,1157147.08,1230582.40,18387.04,73435.32,2416.41,3991.66,0.00,1575.26,3767967488.04,6330947961.56,0.00,0.00,0.00,0.00,131110670,160411901,18794042,4707081
1548.17,1159724.94,1234840.61,18387.04,75115.67,2577.86,4258.21,0.00,1680.35,3767967488.04,6330947961.56,0.00,0.00,0.00,0.00,131360217,160822287,18794042,4707081
1550.17,1162116.28,1238797.20,18387.04,76680.92,2391.34,3956.59,0.00,1565.25,3767967488.04,6330947961.56,0.00,0.00,0.00,0.00,131588514,161206173,19565233,4707081
1552.17,1164460.08,1242832.30,18387.04,78372.22,2343.80,4035.10,0.00,1691.30,3767967488.04,6330947961.56,0.00,0.00,0.00,0.00,131826874,161567825,19565233,4707081
1554.17,1166903.54,1246806.32,18387.04,79902.77,2443.46,3974.02,0.00,1530.55,3767967488.04,6330947961.56,0.00,0.00,0.00,0.00,132061624,161958602,20332446,4707081
1556.17,1169518.14,1251093.37,18387.04,81575.23,2614.59,4287.05,0.00,1672.46,3767967488.04,6330947961.56,0.00,0.00,0.00,0.00,132314927,162374635,20332446,4707081
1558.17,1171949.67,1255096.48,18387.04,83146.82,2431.53,4003.11,0.00,1571.58,3767967488.04,6330947961.56,0.00,0.00,0.00,0.00,132539050,162772984,21105560,4707081
1560.17,1174544.82,1259316.07,18387.04,84771.25,2595.15,4219.59,0.00,1624.43,3767967488.04,6330947961.56,0.00,0.00,0.00,0.00,132779084,163197309,21105560,4707081
1562.17,1176849.03,1263461.06,18387.04,86612.03,2304.21,4144.99,0.00,1840.78,3767967488.04,6330947961.56,0.00,0.00,0.00,0.00,133029175,163537096,21882346,4707081
1564.17,1179221.24,1267509.60,18387.04,88288.36,2372.21,4048.54,0.00,1676.33,3767967488.04,6330947961.56,0.00,0.00,0.00,0.00,133299861,163873695,22221647,4707081
1566.17,1181759.88,1271668.09,18387.04,89908.21,2538.64,4158.49,0.00,1619.85,3767967488.04,6330947961.56,0.00,0.00,0.00,0.00,133555768,164267679,22221647,4707081
1568.17,1184120.43,1274159.51,20764.87,90039.08,2360.55,2491.42,2377.84,130.87,3767967488.04,6330947961.56,0.00,0.00,0.00,0.00,133759684,164668064,22972834,4707081
1570.17,1186646.21,1276685.30,23414.61,90039.08,2525.79,2525.79,2649.74,0.00,3767967488.04,6330947961.56,0.00,0.00,0.00,0.00,134013551,165060799,22972834,4707081
1572.17,1188659.14,1278698.23,25470.26,90039.08,2012.93,2012.93,2055.65,0.00,3767967488.04,6330947961.56,0.00,0.00,0.00,0.00,132652950,165381158,22972834,6262633
1574.17,1191167.85,1281206.93,28030.45,90039.08,2508.70,2508.70,2560.18,0.00,3767967488.04,6330947961.56,0.00,0.00,0.00,0.00,132898926,165777410,22972834,6262633
1576.17,1193368.54,1283407.62,30256.93,90039.08,2200.69,2200.69,2226.49,0.00,3767967488.04,6330947961.56,0.00,0.00,0.00,0.00,131853773,166133919,22972834,7514653
1578.17,1195877.57,1285916.65,32848.35,90039.08,2509.04,2509.04,2591.42,0.00,3767967488.04,6330947961.56,0.00,0.00,0.00,0.00,132099860,166530145,22972834,7514653
1580.17,1198162.36,1288201.45,35149.17,90039.08,2284.79,2284.79,2300.82,0.00,3767967488.04,6330947961.56,0.00,0.00,0.00,0.00,131244114,166901768,22972834,8583683
1582.17,1200671.55,1290710.63,37745.39,90039.08,2509.18,2509.18,2596.22,0.00,3767967488.04,6330947961.56,0.00,0.00,0.00,0.00,131488853,167299380,22972834,8583683
1584.17,1202911.41,1292950.49,40026.34,90039.08,2239.86,2239.86,2280.95,0.00,3767967488.04,6330947961.56,0.00,0.00,0.00,0.00,130410845,167676441,22972834,9858035
1586.17,1205420.80,1295459.88,42632.04,90039.08,2509.39,2509.39,2605.70,0.00,3767967488.04,6330947961.56,0.00,0.00,0.00,0.00,130644744,168084946,22972834,9858035
1588.17,1207540.38,1298347.21,43558.69,90806.82,2119.58,2887.32,926.64,767.74,3767967488.04,6330947961.56,0.00,0.00,0.00,0.00,129569601,168422397,22972834,11138340
1590.17,1210049.75,1302523.54,43558.69,92473.79,2509.37,4176.34,0.00,1666.97,3767967488.04,6330947961.56,0.00,0.00,0.00,0.00,129795226,168839170,22972834,11138340
1592.17,1212430.27,1306450.66,43558.69,94020.39,2380.52,3927.12,0.00,1546.60,3767967488.04,6330947961.56,0.00,0.00,0.00,0.00,130039180,169204630,23702469,11138340
1594.17,1214775.69,1310496.80,43558.69,95721.11,2345.42,4046.13,0.00,1700.71,3767967488.04,6330947961.56,0.00,0.00,0.00,0.00,130270487,169573750,23702469,11138340
1596.17,1217155.23,1314434.31,43558.69,97279.08,2379.54,3937.52,0.00,1557.98,3767967488.04,6330947961.56,0.00,0.00,0.00,0.00,130494741,169958658,24467080,11138340
1598.17,1219503.25,1318346.26,43558.69,98843.01,2348.02,3911.95,0.00,1563.93,3767967488.04,6330947961.56,0.00,0.00,0.00,0.00,130697495,170356996,25209957,11138340
1600.17,1222017.70,1322388.00,43558.69,100370.30,2514.45,4041.74,0.00,1527.29,3767967488.04,6330947961.56,0.00,0.00,0.00,0.00,130928677,170769513,25209957,11138340
1602.17,1224425.41,1326301.77,43558.69,101876.36,2407.71,3913.77,0.00,1506.06,3767967488.04,6330947961.56,0.00,0.00,0.00,0.00,131147380,171167185,25936111,11138340
1604.17,1226968.72,1330447.12,43558.69,103478.41,2543.31,4145.36,0.00,1602.05,3767967488.04,6330947961.56,0.00,0.00,0.00,0.00,131396851,171568801,25936111,11138340
1606.17,1229408.38,1334393.96,43558.69,104985.58,2439.66,3946.84,0.00,1507.17,3767967488.04,6330947961.56,0.00,0.00,0.00,0.00,131672633,171917573,26670438,11138340
1608.17,1231754.21,1338370.98,43558.69,106616.77,2345.82,3977.02,0.00,1631.20,3767967488.04,6330947961.56,0.00,0.00,0.00,0.00,131929741,172260996,26670438,11138340
1610.17,1234220.37,1342282.07,43558.69,108061.70,2466.16,3911.09,0.00,1444.93,3767967488.04,6330947961.56,0.00,0.00,0.00,0.00,132198852,172623223,27391036,11138340
1612.17,1236840.80,1346458.95,43558.69,109618.15,2620.43,4176.88,0.00,1556.45,3767967488.04,6330947961.56,0.00,0.00,0.00,0.00,132494891,172998015,27391036,11138340
1614.17,1239279.83,1350366.97,43558.69,111087.14,2439.03,3908.02,0.00,1468.99,3767967488.04,6330947961.56,0.00,0.00,0.00,0.00,132708819,173408478,28122134,11138340
1616.17,1241825.19,1354524.44,43558.69,112699.25,2545.36,4157.47,0.00,1612.11,3767967488.04,6330947961.56,0.00,0.00,0.00,0.00,132912513,173856395,28122134,11138340
1618.17,1244196.97,1358446.95,43558.69,114249.98,2371.79,3922.51,0.00,1550.72,3767967488.04,6330947961.56,0.00,0.00,0.00,0.00,133140127,174235958,28850528,11138340
1620.17,1246732.23,1362634.61,43558.69,115902.39,2535.25,4187.66,0.00,1652.41,3767967488.04,6330947961.56,0.00,0.00,0.00,0.00,133422744,174602366,28850528,11138340
1622.17,1249207.28,1366556.13,43558.69,117348.85,2475.05,3921.52,0.00,1446.46,3767967488.04,6330947961.56,0.00,0.00,0.00,0.00,133693647,174965076,29628363,11138340
1624.18,1251718.98,1370552.96,43558.69,118833.98,2511.71,3996.83,0.00,1485.12,3767967488.04,6330947961.56,0.00,0.00,0.00,0.00,133956990,175344730,30340556,11138340
1626.18,1254384.71,1374783.37,43558.69,120398.66,2665.72,4230.41,0.00,1564.68,3767967488.04,6330947961.56,0.00,0.00,0.00,0.00,134196613,175787532,30340556,11138340
1628.18,1256863.95,1378764.96,43558.69,121901.02,2479.24,3981.60,0.00,1502.36,3767967488.04,6330947961.56,0.00,0.00,0.00,0.00,134404539,176214291,31078194,11138340
1630.18,1259516.68,1382949.88,43558.69,123433.20,2652.73,4184.92,0.00,1532.18,3767967488.04,6330947961.56,0.00,0.00,0.00,0.00,134662668,176635262,31078194,11138340
1632.18,1262060.58,1386994.49,43558.69,124933.91,2543.90,4044.61,0.00,1500.71,3767967488.04,6330947961.56,0.00,0.00,0.00,0.00,134913911,177035258,31808696,11138340
1634.18,1264427.84,1390980.70,43558.69,126552.86,2367.25,3986.20,0.00,1618.95,3767967488.04,6330947961.56,0.00,0.00,0.00,0.00,135142241,177412945,31808696,11138340
1636.18,1266960.00,1394990.81,43558.69,128030.80,2532.17,4010.11,0.00,1477.95,3767967488.04,6330947961.56,0.00,0.00,0.00,0.00,135371102,177832319,32551679,11138340
1638.18,1269651.86,1399263.25,43558.69,129611.39,2691.86,4272.45,0.00,1580.59,3767967488.04,6330947961.56,0.00,0.00,0.00,0.00,135638911,178253625,32551679,11138340
1640.18,1272200.14,1403261.59,43558.69,131061.45,2548.28,3998.34,0.00,1450.06,3767967488.04,6330947961.56,0.00,0.00,0.00,0.00,135893386,178651509,33301046,11138340
1642.18,1274570.86,1407286.25,43558.69,132715.39,2370.72,4024.66,0.00,1653.94,3767967488.04,6330947961.56,0.00,0.00,0.00,0.00,136132284,179019516,33301046,11138340
1644.18,1277103.52,1411308.51,43558.69,134205.00,2532.66,4022.26,0.00,1489.61,3767967488.04,6330947961.56,0.00,0.00,0.00,0.00,136390152,179410008,34049780,11138340
1646.18,1279815.78,1415580.18,43558.69,135764.40,2712.26,4271.66,0.00,1559.40,3767967488.04,6330947961.56,0.00,0.00,0.00,0.00,136665224,179829275,34049780,11138340
1648.18,1282337.14,1418627.95,45221.84,136290.82,2521.36,3047.78,1663.15,526.42,3767967488.04,6330947961.56,0.00,0.00,0.00,0.00,136918234,180221733,34807933,11138340
1650.18,1284964.47,1421255.29,47737.29,136290.82,2627.34,2627.34,2515.46,0.00,3767967488.04,6330947961.56,0.00,0.00,0.00,0.00,137186174,180626391,34807933,11138340
1652.18,1286931.89,1423222.71,49542.53,136290.82,1967.42,1967.42,1805.24,0.00,3767967488.04,6330947961.56,0.00,0.00,0.00,0.00,136204120,180931720,34807933,12318724
1654.18,1289440.95,1425731.77,52048.37,136290.82,2509.06,2509.06,2505.84,0.00,3767967488.04,6330947961.56,0.00,0.00,0.00,0.00,136468307,181309852,34807933,12318724
1656.18,1291808.98,1428099.80,54305.02,136290.82,2368.04,2368.04,2256.65,0.00,3767967488.04,6330947961.56,0.00,0.00,0.00,0.00,135627161,181677202,34807933,13398737
1658.18,1294159.17,1430449.99,56453.56,136290.82,2350.19,2350.19,2148.54,0.00,3767967488.04,6330947961.56,0.00,0.00,0.00,0.00,134902657,182025080,34807933,14377011
1660.18,1296550.60,1432841.42,57884.42,136290.82,2391.43,2391.43,1430.86,0.00,3767967488.04,6330947961.56,0.00,0.00,0.00,0.00,134751450,182392436,34807933,14773068
1662.18,1298984.56,1435275.38,59506.24,136290.82,2433.96,2433.96,1621.82,0.00,3767967488.04,6330947961.56,0.00,0.00,0.00,0.00,134621635,182753709,34807933,15164704
1664.18,1301395.81,1437686.62,61036.82,136290.82,2411.25,2411.25,1530.57,0.00,3767967488.04,6330947961.56,0.00,0.00,0.00,0.00,134466792,183124385,34807933,15566150
1666.18,1303834.79,1440689.05,61773.73,136854.27,2438.98,3002.43,736.91,563.45,3767967488.04,6330947961.56,0.00,0.00,0.00,0.00,134491580,183488884,34807933,15801242
1668.18,1306425.27,1444881.57,61773.73,138456.29,2590.48,4192.51,0.00,1602.03,3767967488.04,6330947961.56,0.00,0.00,0.00,0.00,134755060,183888568,34807933,15801242
1670.18,1308859.95,1448826.90,61773.73,139966.95,2434.68,3945.34,0.00,1510.66,3767967488.04,6330947961.56,0.00,0.00,0.00,0.00,135006894,184260011,35562951,15801242
1672.18,1311205.61,1452808.09,61773.73,141602.48,2345.66,3981.18,0.00,1635.52,3767967488.04,6330947961.56,0.00,0.00,0.00,0.00,135263507,184603887,35562951,15801242
1674.18,1313713.42,1456842.95,61773.73,143129.52,2507.81,4034.86,0.00,1527.05,3767967488.04,6330947961.56,0.00,0.00,0.00,0.00,135509398,184999996,36313185,15801242
1676.18,1316360.55,1461083.16,61773.73,144722.62,2647.12,4240.22,0.00,1593.09,3767967488.04,6330947961.56,0.00,0.00,0.00,0.00,135784172,185402886,36313185,15801242
1678.18,1318826.03,1465076.81,61773.73,146250.78,2465.48,3993.64,0.00,1528.16,3767967488.04,6330947961.56,0.00,0.00,0.00,0.00,136024172,185794049,37086413,15801242
1680.18,1321462.06,1469331.90,61773.73,147869.84,2636.04,4255.09,0.00,1619.05,3767967488.04,6330947961.56,0.00,0.00,0.00,0.00,136256521,186236525,37086413,15801242
1682.18,1323913.57,1473330.26,61773.73,149416.68,2451.51,3998.36,0.00,1546.85,3767967488.04,6330947961.56,0.00,0.00,0.00,0.00,136483231,186637402,37854045,15801242
1684.18,1326536.69,1477554.63,61773.73,151017.94,2623.12,4224.38,0.00,1601.26,3767967488.04,6330947961.56,0.00,0.00,0.00,0.00,136762853,187029298,37854045,15801242
1686.18,1329050.46,1481523.46,61773.73,152472.99,2513.77,3968.82,0.00,1455.05,3767967488.04,6330947961.56,0.00,0.00,0.00,0.00,137012190,187423487,38631359,15801242
1688.18,1331397.26,1485560.93,61773.73,154163.67,2346.80,4037.47,0.00,1690.68,3767967488.04,6330947961.56,0.00,0.00,0.00,0.00,137267913,187768544,38631359,15801242
1690.18,1333835.99,1488110.86,63100.29,154274.87,2438.73,2549.93,1326.56,111.20,3767967488.04,6330947961.56,0.00,0.00,0.00,0.00,137248348,188143448,39410244,16070218
1692.18,1336317.41,1490592.28,64510.06,154274.87,2481.41,2481.41,1409.77,0.00,3767967488.04,6330947961.56,0.00,0.00,0.00,0.00,137247841,188540103,39410244,16309312
1694.18,1338768.26,1493043.13,66065.99,154274.87,2450.85,2450.85,1555.93,0.00,3767967488.04,6330947961.56,0.00,0.00,0.00,0.00,137207542,188909489,39410244,16607643
1696.18,1341100.41,1495375.29,67437.67,154274.87,2332.16,2332.16,1371.68,0.00,3767967488.04,6330947961.56,0.00,0.00,0.00,0.00,136795548,189283231,39410244,17242927
1698.18,1343524.59,1497799.46,69078.34,154274.87,2424.18,2424.18,1640.67,0.00,3767967488.04,6330947961.56,0.00,0.00,0.00,0.00,136656812,189657574,39410244,17627910
1700.18,1346064.89,1500339.77,71743.26,154274.87,2540.30,2540.30,2664.92,0.00,3767967488.04,6330947961.56,0.00,0.00,0.00,0.00,136909152,190055551,39410244,17627910
1702.18,1348430.05,1502704.92,74406.20,154274.87,2365.16,2365.16,2662.93,0.00,3767967488.04,6330947961.56,0.00,0.00,0.00,0.00,137147451,190422732,39410244,17627910
1704.18,1350580.79,1504855.66,76075.52,154274.87,2150.74,2150.74,1669.32,0.00,3767967488.04,6330947961.56,0.00,0.00,0.00,0.00,135861655,190754980,39410244,19132048
1706.18,1352965.88,1508044.43,76314.35,155078.55,2385.09,3188.77,238.83,803.68,3767967488.04,6330947961.56,0.00,0.00,0.00,0.00,135704932,191130742,39410244,19523591
1708.18,1355312.83,1512086.35,76314.35,156773.52,2346.95,4041.91,0.00,1694.96,3767967488.04,6330947961.56,0.00,0.00,0.00,0.00,135926185,191510308,39410244,19523591
1710.18,1357824.01,1516107.50,76314.35,158283.50,2511.18,4021.16,0.00,1509.98,3767967488.04,6330947961.56,0.00,0.00,0.00,0.00,136190653,191888702,40178287,19523591
1712.18,1360422.71,1520346.10,76314.35,159923.39,2598.70,4238.59,0.00,1639.89,3767967488.04,6330947961.56,0.00,0.00,0.00,0.00,136462934,192281688,40178287,19523591
1714.18,1362906.51,1524335.55,76314.35,161429.04,2483.80,3989.46,0.00,1505.65,3767967488.04,6330947961.56,0.00,0.00,0.00,0.00,136700640,192679836,40964837,19523591
1716.18,1365567.35,1528631.33,76314.35,163063.98,2660.84,4295.77,0.00,1634.94,3767967488.04,6330947961.56,0.00,0.00,0.00,0.00,136969966,193091684,40964837,19523591
1718.18,1368039.09,1532599.54,76314.35,164560.45,2471.74,3968.21,0.00,1496.46,3767967488.04,6330947961.56,0.00,0.00,0.00,0.00,137218618,193475798,41728438,19523591
1720.18,1370683.85,1536891.73,76314.35,166207.88,2644.76,4292.20,0.00,1647.44,3767967488.04,6330947961.56,0.00,0.00,0.00,0.00,137489685,193881790,41728438,19523591
1722.18,1373143.48,1540942.59,76314.35,167799.11,2459.62,4050.85,0.00,1591.23,3767967488.04,6330947961.56,0.00,0.00,0.00,0.00,137738300,194262839,42508255,19523591
1724.18,1375775.27,1545199.97,76314.35,169424.70,2631.80,4257.38,0.00,1625.59,3767967488.04,6330947961.56,0.00,0.00,0.00,0.00,138029897,194644982,42508255,19523591
1726.18,1378290.70,1549249.32,76314.35,170958.62,2515.43,4049.35,0.00,1533.93,3767967488.04,6330947961.56,0.00,0.00,0.00,0.00,138283371,195035457,43285901,19523591
1728.18,1380936.44,1553420.50,76417.56,172484.05,2645.74,4171.18,103.21,1525.43,3767967488.04,6330947961.56,0.00,0.00,0.00,0.00,138551792,195444346,44067834,19523591
1730.18,1383471.20,1555955.25,77711.53,172484.05,2534.75,2534.75,1293.97,0.00,3767967488.04,6330947961.56,0.00,0.00,0.00,0.00,138486922,195838830,44067834,19842874
1732.18,1385937.95,1558422.00,79143.59,172484.05,2466.75,2466.75,1432.06,0.00,3767967488.04,6330947961.56,0.00,0.00,0.00,0.00,138360528,196217218,44067834,20222368
1734.18,1388613.20,1561097.25,80682.71,172484.05,2675.25,2675.25,1539.12,0.00,3767967488.04,6330947961.56,0.00,0.00,0.00,0.00,138643716,196618894,44067834,20222368
1736.18,1391142.43,1563626.48,83161.48,172484.05,2529.23,2529.23,2478.77,0.00,3767967488.04,6330947961.56,0.00,0.00,0.00,0.00,138446855,197037780,44067834,20647827
1738.41,1393714.41,1566198.46,85725.73,172484.05,2571.98,2571.98,2564.25,0.00,3767967488.04,6330947961.56,0.00,0.00,0.00,0.00,137396149,197461842,44067834,21932898
1740.41,1396384.48,1568868.53,87413.16,172484.05,2670.07,2670.07,1687.43,0.00,3767967488.04,6330947961.56,0.00,0.00,0.00,0.00,137656239,197885289,44067834,21932898
1742.41,1399093.87,1571577.92,90082.30,172484.05,2709.39,2709.39,2669.14,0.00,3767967488.04,6330947961.56,0.00,0.00,0.00,0.00,137935354,198299778,44067834,21932898
1744.41,1401183.02,1573882.62,91145.52,172699.61,2089.15,2304.70,1063.23,215.55,3767967488.04,6330947961.56,0.00,0.00,0.00,0.00,136740708,198643726,44067834,23318418
1746.41,1403879.39,1578208.19,91145.52,174328.80,2696.37,4325.57,0.00,1629.20,3767967488.04,6330947961.56,0.00,0.00,0.00,0.00,137020652,199054053,44067834,23318418
1748.41,1406537.65,1581951.91,91145.52,175414.26,2658.26,3743.71,0.00,1085.45,3767967488.04,6330947961.56,0.00,0.00,0.00,0.00,137268986,199486234,44814902,23318418
1750.41,1409155.84,1585852.30,91145.52,176696.47,2618.19,3900.40,0.00,1282.21,3767967488.04,6330947961.56,0.00,0.00,0.00,0.00,137532362,199893114,44814902,23318418
1752.41,1411590.71,1589987.99,91145.52,178397.28,2434.88,4135.69,0.00,1700.81,3767967488.04,6330947961.56,0.00,0.00,0.00,0.00,137789293,200259512,44814902,23318418
1754.41,1414104.90,1593966.32,91145.52,179861.42,2514.18,3978.32,0.00,1464.14,3767967488.04,6330947961.56,0.00,0.00,0.00,0.00,138035089,200657347,45595759,23318418
1756.41,1416449.10,1597879.14,91145.52,181430.04,2344.20,3912.82,0.00,1568.62,3767967488.04,6330947961.56,0.00,0.00,0.00,0.00,138263328,201029223,46315956,23318418
1758.41,1418956.91,1601966.29,91145.52,183009.38,2507.81,4087.14,0.00,1579.33,3767967488.04,6330947961.56,0.00,0.00,0.00,0.00,138526011,201408540,46315956,23318418
1760.41,1421502.37,1606032.89,91145.52,184530.52,2545.46,4066.60,0.00,1521.14,3767967488.04,6330947961.56,0.00,0.00,0.00,0.00,138786949,201799240,47035208,23318418
1762.41,1424146.23,1610360.38,91145.52,186214.15,2643.86,4327.49,0.00,1683.63,3767967488.04,6330947961.56,0.00,0.00,0.00,0.00,139056181,202206836,47035208,23318418
1764.41,1426665.96,1613801.11,92115.79,187135.14,2519.73,3440.73,970.27,921.00,3767967488.04,6330947961.56,0.00,0.00,0.00,0.00,139319941,202588127,47815207,23318418
1766.41,1429052.81,1616187.95,94040.34,187135.14,2386.85,2386.85,1924.55,0.00,3767967488.04,6330947961.56,0.00,0.00,0.00,0.00,139097840,202963236,47815207,23776443
1768.41,1431573.61,1618708.75,96689.89,187135.14,2520.80,2520.80,2649.55,0.00,3767967488.04,6330947961.56,0.00,0.00,0.00,0.00,139360644,203345756,47815207,23776443
1770.41,1432642.91,1619778.05,97797.62,187135.14,1069.30,1069.30,1107.72,0.00,3767967488.04,6330947961.56,0.00,0.00,0.00,0.00,138289196,203502148,47815207,24965241
1772.41,1435181.16,1622316.30,100426.46,187135.14,2538.25,2538.25,2628.84,0.00,3767967488.04,6330947961.56,0.00,0.00,0.00,0.00,138550638,203890498,47815207,24965241
1774.41,1437458.13,1624593.27,101794.34,187135.14,2276.97,2276.97,1367.88,0.00,3767967488.04,6330947961.56,0.00,0.00,0.00,0.00,137700109,204244658,47815207,26044514
1776.41,1440024.13,1627159.27,103825.66,187135.14,2566.00,2566.00,2031.32,0.00,3767967488.04,6330947961.56,0.00,0.00,0.00,0.00,137946114,204655549,47815207,26044514
1778.41,1442421.99,1629557.13,104380.03,187135.14,2397.86,2397.86,554.38,0.00,3767967488.04,6330947961.56,0.00,0.00,0.00,0.00,137501956,205051623,47815207,26706450
1780.41,1444984.41,1632119.55,105554.65,187135.14,2562.42,2562.42,1174.62,0.00,3767967488.04,6330947961.56,0.00,0.00,0.00,0.00,137731630,205477928,47815207,26706450
1782.41,1447541.86,1634677.00,108224.25,187135.14,2557.45,2557.45,2669.60,0.00,3767967488.04,6330947961.56,0.00,0.00,0.00,0.00,138018966,205845299,47815207,26706450
1784.41,1449686.47,1636821.61,109873.23,187135.14,2144.61,2144.61,1648.98,0.00,3767967488.04,6330947961.56,0.00,0.00,0.00,0.00,136858086,206148950,47815207,28112700
1786.41,1452252.09,1640752.50,109873.23,188500.42,2565.62,3930.89,0.00,1365.27,3767967488.04,6330947961.56,0.00,0.00,0.00,0.00,137126132,206537702,47815207,28112700
1788.44,1454640.21,1644760.91,109873.23,190120.71,2388.12,4008.41,0.00,1620.29,3767967488.04,6330947961.56,0.00,0.00,0.00,0.00,137389099,206886094,48576573,28112700
1790.44,1457193.29,1648930.77,109873.23,191737.48,2553.08,4169.86,0.00,1616.77,3767967488.04,6330947961.56,0.00,0.00,0.00,0.00,137646967,207281815,48576573,28112700
1792.44,1459567.65,1652886.15,109873.23,193318.50,2374.36,3955.38,0.00,1581.02,3767967488.04,6330947961.56,0.00,0.00,0.00,0.00,137888889,207647730,49302546,28112700
1794.44,1462044.55,1657054.51,109873.23,195009.96,2476.89,4168.36,0.00,1691.46,3767967488.04,6330947961.56,0.00,0.00,0.00,0.00,138150691,208020013,49302546,28112700
1796.44,1464417.96,1661003.74,109873.23,196585.78,2373.41,3949.23,0.00,1575.81,3767967488.04,6330947961.56,0.00,0.00,0.00,0.00,138384646,208393652,50058295,28112700
1798.44,1466761.46,1665059.13,109873.23,198297.67,2343.50,4055.39,0.00,1711.89,3767967488.04,6330947961.56,0.00,0.00,0.00,0.00,138636867,208741367,50058295,28112700
1800.44,1469138.21,1668989.67,109873.23,199851.46,2376.75,3930.54,0.00,1553.80,3767967488.04,6330947961.56,0.00,0.00,0.00,0.00,138861459,209125222,50803509,28112700
1802.44,1471658.11,1673187.39,109873.23,201529.29,2519.90,4197.72,0.00,1677.82,3767967488.04,6330947961.56,0.00,0.00,0.00,0.00,139115701,209516074,50803509,28112700
1804.44,1474096.09,1677105.63,109873.23,203009.54,2437.98,3918.24,0.00,1480.25,3767967488.04,6330947961.56,0.00,0.00,0.00,0.00,139362534,209893365,51559161,28112700
1806.44,1476615.12,1681253.39,109873.23,204638.27,2519.03,4147.76,0.00,1628.73,3767967488.04,6330947961.56,0.00,0.00,0.00,0.00,139629613,210271158,52291807,28112700
1808.44,1479153.64,1683791.91,112540.28,204638.27,2538.52,2538.52,2667.05,0.00,3767967488.04,6330947961.56,0.00,0.00,0.00,0.00,139873657,210676974,52291807,28112700
1810.44,1481686.11,1686324.39,115204.48,204638.27,2532.48,2532.48,2664.20,0.00,3767967488.04,6330947961.56,0.00,0.00,0.00,0.00,140131397,211067548,52291807,28112700
1812.44,1483784.62,1688422.89,117295.25,204638.27,2098.51,2098.51,2090.78,0.00,3767967488.04,6330947961.56,0.00,0.00,0.00,0.00,138827694,211398539,52291807,29622630
1814.44,1486056.95,1690695.22,119534.23,204638.27,2272.33,2272.33,2238.98,0.00,3767967488.04,6330947961.56,0.00,0.00,0.00,0.00,138177981,211747452,52291807,30505146
1816.44,1488564.94,1693203.21,122037.14,204638.27,2507.99,2507.99,2502.91,0.00,3767967488.04,6330947961.56,0.00,0.00,0.00,0.00,138425079,212142400,52291807,30505146
1818.44,1490832.05,1695470.32,124274.93,204638.27,2267.11,2267.11,2237.79,0.00,3767967488.04,6330947961.56,0.00,0.00,0.00,0.00,137796000,212475051,52291807,31381953
1820.44,1493086.55,1697724.83,126505.27,204638.27,2254.51,2254.51,2230.34,0.00,3767967488.04,6330947961.56,0.00,0.00,0.00,0.00,137114792,212808475,52291807,32306891
1822.44,1495594.82,1700233.10,129027.36,204638.27,2508.27,2508.27,2522.10,0.00,3767967488.04,6330947961.56,0.00,0.00,0.00,0.00,137357409,213207975,52291807,32306891
1824.44,1497855.94,1702494.21,131212.29,204638.27,2261.12,2261.12,2184.93,0.00,3767967488.04,6330947961.56,0.00,0.00,0.00,0.00,136698045,213552687,52291807,33200389
1826.44,1500048.57,1704845.56,133103.43,204796.99,2192.62,2351.34,1891.14,158.72,3767967488.04,6330947961.56,0.00,0.00,0.00,0.00,136056103,213896898,52291807,34059432
1828.44,1502393.02,1708868.08,133103.43,206475.06,2344.46,4022.52,0.00,1678.07,3767967488.04,6330947961.56,0.00,0.00,0.00,0.00,136298017,214255165,52291807,34059432
1830.44,1504936.64,1712890.62,133103.43,207953.99,2543.61,4022.54,0.00,1478.93,3767967488.04,6330947961.56,0.00,0.00,0.00,0.00,136557501,214646846,53059227,34059432
1832.44,1507550.55,1717090.02,133103.43,209539.47,2613.91,4199.39,0.00,1585.48,3767967488.04,6330947961.56,0.00,0.00,0.00,0.00,136827273,215046235,53059227,34059432
1834.44,1509982.23,1721058.16,133103.43,211075.94,2431.68,3968.15,0.00,1536.47,3767967488.04,6330947961.56,0.00,0.00,0.00,0.00,137078854,215417164,53768752,34059432
1836.44,1512583.25,1725215.03,133103.43,212631.79,2601.02,4156.87,0.00,1555.85,3767967488.04,6330947961.56,0.00,0.00,0.00,0.00,137348731,215813148,53768752,34059432
1838.44,1514973.26,1729077.00,133103.43,214103.75,2390.01,3861.97,0.00,1471.96,3767967488.04,6330947961.56,0.00,0.00,0.00,0.00,137641130,216132592,54468431,34059432
1840.44,1517480.80,1733190.73,133103.43,215709.92,2507.55,4113.72,0.00,1606.18,3767967488.04,6330947961.56,0.00,0.00,0.00,0.00,137949069,216466585,54468431,34059432
1842.44,1519865.73,1737150.71,133103.43,217284.98,2384.93,3959.98,0.00,1575.05,3767967488.04,6330947961.56,0.00,0.00,0.00,0.00,138208161,216818034,55162322,34059432
1844.44,1522210.99,1741054.76,133103.43,218843.77,2345.26,3904.05,0.00,1558.80,3767967488.04,6330947961.56,0.00,0.00,0.00,0.00,138476849,217149732,55889508,34059432
1846.44,1524718.80,1745164.46,133103.43,220445.66,2507.81,4109.70,0.00,1601.89,3767967488.04,6330947961.56,0.00,0.00,0.00,0.00,138760863,217507718,55889508,34059432
1848.44,1527062.55,1748432.52,134055.30,221369.97,2343.75,3268.06,951.87,924.31,3767967488.04,6330947961.56,0.00,0.00,0.00,0.00,138988355,217880226,56571016,34059432
1850.62,1529557.94,1750927.91,136519.20,221369.97,2495.39,2495.39,2463.91,0.00,3767967488.04,6330947961.56,0.00,0.00,0.00,0.00,138349418,218283621,56571016,34933793
1852.62,1532092.25,1753462.23,138990.54,221369.97,2534.32,2534.32,2471.33,0.00,3767967488.04,6330947961.56,0.00,0.00,0.00,0.00,138689715,218592109,56571016,34933793
1854.62,1534364.81,1755734.78,141211.12,221369.97,2272.55,2272.55,2220.58,0.00,3767967488.04,6330947961.56,0.00,0.00,0.00,0.00,138082165,218925749,56571016,35789477
1856.62,1536621.61,1757991.58,143424.30,221369.97,2256.80,2256.80,2213.18,0.00,3767967488.04,6330947961.56,0.00,0.00,0.00,0.00,137496933,219237035,56571016,36641164
1858.62,1539164.73,1760534.70,145901.66,221369.97,2543.12,2543.12,2477.37,0.00,3767967488.04,6330947961.56,0.00,0.00,0.00,0.00,137797134,219587873,56571016,36641164
1860.62,1541449.20,1762819.18,146418.93,221369.97,2284.47,2284.47,517.26,0.00,3767967488.04,6330947961.56,0.00,0.00,0.00,0.00,137214000,219928886,56571016,37468110
1862.62,1543985.27,1765355.24,148227.95,221369.97,2536.06,2536.06,1809.02,0.00,3767967488.04,6330947961.56,0.00,0.00,0.00,0.00,137478588,220313530,56571016,37468110
1864.62,1546270.72,1767640.69,149761.27,221369.97,2285.45,2285.45,1533.32,0.00,3767967488.04,6330947961.56,0.00,0.00,0.00,0.00,136891037,220630529,56571016,38323738
1866.62,1548694.55,1770355.53,149761.27,221660.97,2423.84,2714.84,0.00,291.00,3767967488.04,6330947961.56,0.00,0.00,0.00,0.00,137147972,220994096,56571016,38323738
1868.62,1551038.36,1774447.68,149761.27,223409.32,2343.80,4092.15,0.00,1748.35,3767967488.04,6330947961.56,0.00,0.00,0.00,0.00,137390197,221351885,56571016,38323738
1870.62,1553551.38,1778535.11,149761.27,224983.73,2513.02,4087.43,0.00,1574.41,3767967488.04,6330947961.56,0.00,0.00,0.00,0.00,137650166,221735248,57397335,38323738
1872.62,1556143.73,1782688.20,149761.27,226544.47,2592.35,4153.09,0.00,1560.73,3767967488.04,6330947961.56,0.00,0.00,0.00,0.00,137934733,222114323,57397335,38323738
1874.62,1558554.87,1786580.46,149761.27,228025.59,2411.14,3892.27,0.00,1481.12,3767967488.04,6330947961.56,0.00,0.00,0.00,0.00,138189772,222476536,58091326,38323738
1876.62,1561134.64,1790766.46,149761.27,229631.82,2579.77,4186.00,0.00,1606.23,3767967488.04,6330947961.56,0.00,0.00,0.00,0.00,138461816,222864913,58091326,38323738
1878.62,1563533.82,1794685.16,149761.27,231151.34,2399.18,3918.70,0.00,1519.52,3767967488.04,6330947961.56,0.00,0.00,0.00,0.00,138737059,223203861,58809835,38323738
1880.62,1566100.95,1798821.42,149761.27,232720.47,2567.12,4136.25,0.00,1569.13,3767967488.04,6330947961.56,0.00,0.00,0.00,0.00,139031661,223566443,58809835,38323738
1882.62,1568602.42,1802779.88,149761.27,234177.46,2501.48,3958.46,0.00,1456.98,3767967488.04,6330947961.56,0.00,0.00,0.00,0.00,139332457,223906025,59521625,38323738
1884.62,1570947.14,1806655.57,149761.27,235708.43,2344.72,3875.69,0.00,1530.97,3767967488.04,6330947961.56,0.00,0.00,0.00,0.00,139632943,224205787,60178120,38323738
1886.62,1573454.95,1810787.78,149761.27,237332.83,2507.81,4132.21,0.00,1624.40,3767967488.04,6330947961.56,0.00,0.00,0.00,0.00,139973125,224507605,60178120,38323738
1888.62,1575798.70,1814105.45,150647.49,238306.75,2343.75,3317.67,886.22,973.92,3767967488.04,6330947961.56,0.00,0.00,0.00,0.00,140414335,224666395,60895214,38323738
1890.75,1578235.06,1816541.81,153024.79,238306.75,2436.36,2436.36,2377.29,0.00,3767967488.04,6330947961.56,0.00,0.00,0.00,0.00,139846173,225022865,60895214,39159137
1892.75,1580771.99,1819078.74,155505.42,238306.75,2536.93,2536.93,2480.64,0.00,3767967488.04,6330947961.56,0.00,0.00,0.00,0.00,140180402,225338091,60895214,39159137
1894.75,1583055.44,1821362.19,157695.25,238306.75,2283.45,2283.45,2189.83,0.00,3767967488.04,6330947961.56,0.00,0.00,0.00,0.00,139597736,225662195,60895214,40002261
1896.75,1585336.30,1823643.05,159633.63,238306.75,2280.87,2280.87,1938.38,0.00,3767967488.04,6330947961.56,0.00,0.00,0.00,0.00,139048061,225992428,60895214,40805605
1898.75,1587906.12,1826212.87,162043.33,238306.75,2569.82,2569.82,2409.70,0.00,3767967488.04,6330947961.56,0.00,0.00,0.00,0.00,139341572,226356790,60895214,40805605
1900.75,1590199.38,1828506.13,162676.75,238306.75,2293.26,2293.26,633.42,0.00,3767967488.04,6330947961.56,0.00,0.00,0.00,0.00,138781283,226679722,60895214,41630037
1902.75,1592728.43,1831035.18,164041.05,238306.75,2529.05,2529.05,1364.30,0.00,3767967488.04,6330947961.56,0.00,0.00,0.00,0.00,139056177,227052264,60895214,41630037
1904.75,1595050.05,1833356.80,165587.69,238306.75,2321.62,2321.62,1546.64,0.00,3767967488.04,6330947961.56,0.00,0.00,0.00,0.00,138567193,227390381,60895214,42375238
1906.75,1597482.18,1835813.16,165587.69,238330.98,2432.14,2456.37,0.00,24.23,3767967488.04,6330947961.56,0.00,0.00,0.00,0.00,138848143,227732058,60895214,42375238
1908.75,1600015.04,1840027.66,165587.69,240012.62,2532.86,4214.50,0.00,1681.64,3767967488.04,6330947961.56,0.00,0.00,0.00,0.00,139143250,228085362,60895214,42375238
1910.75,1602534.37,1844075.22,165587.69,241540.85,2519.33,4047.55,0.00,1528.23,3767967488.04,6330947961.56,0.00,0.00,0.00,0.00,139460922,228412638,61693017,42375238
1912.75,1605016.23,1847503.42,165587.69,242487.20,2481.86,3428.20,0.00,946.34,3767967488.04,6330947961.56,0.00,0.00,0.00,0.00,139748788,228760128,61693017,42375238
1914.75,1607360.09,1851440.10,165587.69,244080.00,2343.87,3936.68,0.00,1592.81,3767967488.04,6330947961.56,0.00,0.00,0.00,0.00,139962244,229146702,61693017,42375238
1916.75,1609837.41,1855326.52,165587.69,245489.10,2477.32,3886.42,0.00,1409.10,3767967488.04,6330947961.56,0.00,0.00,0.00,0.00,140208173,229534967,62356796,42375238
1918.75,1612341.77,1859316.44,165587.69,246974.67,2504.36,3989.92,0.00,1485.57,3767967488.04,6330947961.56,0.00,0.00,0.00,0.00,140466922,229917333,62994736,42375238
1920.75,1614990.34,1863506.62,165587.69,248516.28,2648.57,4190.19,0.00,1541.61,3767967488.04,6330947961.56,0.00,0.00,0.00,0.00,140740285,230322005,62994736,42375238
1922.75,1617463.20,1867471.49,165587.69,250008.29,2472.86,3964.87,0.00,1492.01,3767967488.04,6330947961.56,0.00,0.00,0.00,0.00,141020174,230675167,63677816,42375238
1924.75,1619807.27,1871456.67,165587.69,251649.40,2344.07,3985.18,0.00,1641.11,3767967488.04,6330947961.56,0.00,0.00,0.00,0.00,141283735,231011689,63677816,42375238
1926.75,1622315.09,1875433.94,165587.69,253118.85,2507.81,3977.27,0.00,1469.45,3767967488.04,6330947961.56,0.00,0.00,0.00,0.00,141567870,231369554,64380383,42375238
1928.75,1624983.04,1879713.64,165587.69,254730.60,2667.95,4279.70,0.00,1611.75,3767967488.04,6330947961.56,0.00,0.00,0.00,0.00,141836143,231784277,64380383,42375238
1930.75,1627514.44,1882303.32,167797.76,254788.89,2531.40,2589.69,2210.07,58.29,3767967488.04,6330947961.56,0.00,0.00,0.00,0.00,142095494,232172964,65084501,42375238
1932.75,1629827.02,1884615.90,169990.58,254788.89,2312.58,2312.58,2192.82,0.00,3767967488.04,6330947961.56,0.00,0.00,0.00,0.00,141548623,232538939,65084501,43148154
1934.75,1632129.68,1886918.57,171858.17,254788.89,2302.67,2302.67,1867.59,0.00,3767967488.04,6330947961.56,0.00,0.00,0.00,0.00,140949872,232894966,65084501,43980361
1936.75,1634656.14,1889445.03,172185.32,254788.89,2526.46,2526.46,327.15,0.00,3767967488.04,6330947961.56,0.00,0.00,0.00,0.00,141205976,233285635,65084501,43980361
1938.75,1637232.24,1892021.12,174598.11,254788.89,2576.10,2576.10,2412.79,0.00,3767967488.04,6330947961.56,0.00,0.00,0.00,0.00,141466974,233684118,65084501,43980361
1940.75,1639561.94,1894350.82,175090.42,254788.89,2329.70,2329.70,492.31,0.00,3767967488.04,6330947961.56,0.00,0.00,0.00,0.00,140860221,234059818,65084501,44807817
1942.75,1642111.64,1896900.53,176691.95,254788.89,2549.70,2549.70,1601.53,0.00,3767967488.04,6330947961.56,0.00,0.00,0.00,0.00,141122939,234449824,65084501,44807817
1944.75,1644462.79,1899251.68,178500.63,254788.89,2351.15,2351.15,1808.68,0.00,3767967488.04,6330947961.56,0.00,0.00,0.00,0.00,140479450,234822704,65084501,45680321
1946.75,1646940.57,1901947.78,178500.63,255007.20,2477.78,2696.10,0.00,218.32,3767967488.04,6330947961.56,0.00,0.00,0.00,0.00,140720572,235215894,65084501,45680321
1948.75,1649284.95,1905957.68,178500.63,256672.72,2344.38,4009.90,0.00,1665.52,3767967488.04,6330947961.56,0.00,0.00,0.00,0.00,140948919,235587708,65084501,45680321
1950.75,1651792.77,1910013.93,178500.63,258221.16,2507.81,4056.25,0.00,1548.44,3767967488.04,6330947961.56,0.00,0.00,0.00,0.00,141276590,235902037,65862998,45680321
1952.75,1654474.55,1914124.53,178500.63,259649.98,2681.79,4110.60,0.00,1428.81,3767967488.04,6330947961.56,0.00,0.00,0.00,0.00,141549008,236316156,65862998,45680321
1954.75,1656970.61,1918095.77,178500.63,261125.17,2496.05,3971.25,0.00,1475.19,3767967488.04,6330947961.56,0.00,0.00,0.00,0.00,141802165,236701989,66456640,45680321
1956.75,1659640.27,1922311.59,178500.63,262671.32,2669.67,4215.82,0.00,1546.15,3767967488.04,6330947961.56,0.00,0.00,0.00,0.00,142098647,237088942,66456640,45680321
1958.75,1662054.22,1926242.76,178500.63,264188.54,2413.95,3931.17,0.00,1517.22,3767967488.04,6330947961.56,0.00,0.00,0.00,0.00,142350663,237454897,67125542,45680321
1960.75,1664519.34,1930195.73,178500.63,265676.39,2465.11,3952.96,0.00,1487.85,3767967488.04,6330947961.56,0.00,0.00,0.00,0.00,142598615,237838014,67821300,45680321
1962.75,1667110.82,1934309.77,178500.63,267198.95,2591.48,4114.05,0.00,1522.56,3767967488.04,6330947961.56,0.00,0.00,0.00,0.00,142854253,238245796,67821300,45680321
1964.75,1669522.27,1938222.78,178500.63,268700.52,2411.45,3913.01,0.00,1501.56,3767967488.04,6330947961.56,0.00,0.00,0.00,0.00,143099821,238617558,68503443,45680321
1966.75,1672100.91,1942394.66,178500.63,270293.74,2578.65,4171.88,0.00,1593.23,3767967488.04,6330947961.56,0.00,0.00,0.00,0.00,143370299,239007214,68503443,45680321
1968.75,1674499.05,1945358.10,180000.63,270859.04,2398.14,2963.44,1500.00,565.30,3767967488.04,6330947961.56,0.00,0.00,0.00,0.00,143615221,239376216,69192610,45680321
1970.75,1676752.87,1947611.91,182245.35,270859.04,2253.82,2253.82,2244.72,0.00,3767967488.04,6330947961.56,0.00,0.00,0.00,0.00,142943599,239712191,69192610,46592945
1972.75,1679262.70,1950121.75,184665.91,270859.04,2509.83,2509.83,2420.56,0.00,3767967488.04,6330947961.56,0.00,0.00,0.00,0.00,143216139,240082168,69192610,46592945
1974.75,1681548.01,1952407.05,186843.48,270859.04,2285.31,2285.31,2177.57,0.00,3767967488.04,6330947961.56,0.00,0.00,0.00,0.00,142602135,240442476,69192610,47431680
1976.75,1683861.90,1954720.95,189031.26,270859.04,2313.89,2313.89,2187.77,0.00,3767967488.04,6330947961.56,0.00,0.00,0.00,0.00,142057610,240774228,69192610,48236809
1978.75,1686371.90,1957230.94,191500.16,270859.04,2510.00,2510.00,2468.91,0.00,3767967488.04,6330947961.56,0.00,0.00,0.00,0.00,142300850,241173547,69192610,48236809
1980.75,1688664.38,1959523.43,193675.14,270859.04,2292.48,2292.48,2174.98,0.00,3767967488.04,6330947961.56,0.00,0.00,0.00,0.00,141710864,241507986,69192610,49079232
1982.75,1690951.36,1961810.40,195878.27,270859.04,2286.97,2286.97,2203.13,0.00,3767967488.04,6330947961.56,0.00,0.00,0.00,0.00,141132365,241840622,69192610,49910560
1984.75,1693473.52,1964332.56,198308.54,270859.04,2522.16,2522.16,2430.27,0.00,3767967488.04,6330947961.56,0.00,0.00,0.00,0.00,141402064,242216596,69192610,49910560
1987.01,1693478.60,1964337.64,198312.45,270859.04,5.08,5.08,3.91,0.00,3767967488.04,6330947961.56,0.00,0.00,0.00,0.00,140563445,242216601,69192610,50750475
1989.01,1695915.20,1966869.25,198312.45,270954.05,2436.60,2531.61,0.00,95.01,3767967488.04,6330947961.56,0.00,0.00,0.00,0.00,140818067,242585748,69192610,50750475
1991.01,1698631.86,1971260.60,198312.45,272628.74,2716.67,4391.36,0.00,1674.69,3767967488.04,6330947961.56,0.00,0.00,0.00,0.00,141169992,242929290,69192610,50750475
1993.01,1701253.27,1975292.78,198312.45,274039.51,2621.41,4032.18,0.00,1410.77,3767967488.04,6330947961.56,0.00,0.00,0.00,0.00,141383276,243387087,70002665,50750475
1995.01,1703792.79,1978958.07,198312.45,275165.28,2539.52,3665.29,0.00,1125.77,3767967488.04,6330947961.56,0.00,0.00,0.00,0.00,141658792,243761687,70002665,50750475
1997.01,1706476.35,1983120.38,198312.45,276644.02,2683.56,4162.30,0.00,1478.74,3767967488.04,6330947961.56,0.00,0.00,0.00,0.00,141942664,244164807,70669416,50750475
1999.01,1709028.96,1986282.63,198312.45,277253.67,2552.61,3162.25,0.00,609.64,3767967488.04,6330947961.56,0.00,0.00,0.00,0.00,142216840,244544099,70669416,50750475
2001.01,1711739.98,1990482.25,198312.45,278742.27,2711.02,4199.62,0.00,1488.60,3767967488.04,6330947961.56,0.00,0.00,0.00,0.00,142479862,244975098,70669416,50750475
2003.01,1714284.44,1993514.35,198312.45,279229.91,2544.46,3032.11,0.00,487.64,3767967488.04,6330947961.56,0.00,0.00,0.00,0.00,142724446,245381896,71315341,50750475
2005.01,1716650.85,1997415.39,198312.45,280764.54,2366.41,3901.04,0.00,1534.62,3767967488.04,6330947961.56,0.00,0.00,0.00,0.00,142956195,245755948,71315341,50750475
2007.01,1719229.29,2001463.97,198312.45,282234.68,2578.43,4048.58,0.00,1470.15,3767967488.04,6330947961.56,0.00,0.00,0.00,0.00,143216180,246156042,71958117,50750475
2009.01,1721960.12,2005722.51,198312.45,283762.39,2730.84,4258.54,0.00,1527.70,3767967488.04,6330947961.56,0.00,0.00,0.00,0.00,143484204,246587112,71958117,50750475
2011.01,1724558.59,2008834.63,199882.02,284276.04,2598.47,3112.12,1569.57,513.66,3767967488.04,6330947961.56,0.00,0.00,0.00,0.00,143726101,247010423,72622870,50750475
2013.01,1726927.09,2011203.14,202101.26,284276.04,2368.50,2368.50,2219.24,0.00,3767967488.04,6330947961.56,0.00,0.00,0.00,0.00,143115149,247366269,72622870,51611918
2015.01,1729514.83,2013790.88,204469.74,284276.04,2587.74,2587.74,2368.48,0.00,3767967488.04,6330947961.56,0.00,0.00,0.00,0.00,143389861,247754018,72622870,51611918
2017.01,1731837.84,2016113.88,204914.86,284276.04,2323.00,2323.00,445.11,0.00,3767967488.04,6330947961.56,0.00,0.00,0.00,0.00,142802445,248107383,72622870,52440658
2019.01,1734390.73,2018666.78,206602.47,284276.04,2552.90,2552.90,1687.61,0.00,3767967488.04,6330947961.56,0.00,0.00,0.00,0.00,143062603,248500767,72622870,52440658
2021.01,1736730.64,2021006.69,208137.31,284276.04,2339.91,2339.91,1534.84,0.00,3767967488.04,6330947961.56,0.00,0.00,0.00,0.00,142502189,248835320,72622870,53265536
2023.01,1739288.12,2023564.17,208601.60,284276.04,2557.48,2557.48,464.29,0.00,3767967488.04,6330947961.56,0.00,0.00,0.00,0.00,142778160,249214064,72622870,53265536
2025.01,1741680.44,2025956.48,210807.91,284276.04,2392.32,2392.32,2206.31,0.00,3767967488.04,6330947961.56,0.00,0.00,0.00,0.00,142330458,249590591,72622870,53949144
2027.01,1744270.67,2028546.71,210807.91,284276.04,2590.23,2590.23,0.00,0.00,3767967488.04,6330947961.56,0.00,0.00,0.00,0.00,142576557,250007590,72622870,53949144
2029.01,1746832.75,2032259.10,210807.91,285426.35,2562.09,3712.39,0.00,1150.30,3767967488.04,6330947961.56,0.00,0.00,0.00,0.00,142818680,250421361,72622870,53949144
2031.01,1749215.52,2036341.56,210807.91,287126.04,2382.77,4082.46,0.00,1699.69,3767967488.04,6330947961.56,0.00,0.00,0.00,0.00,143062471,250787558,72622870,53949144
2033.01,1751640.56,2040249.37,210807.91,288608.81,2425.04,3907.81,0.00,1482.77,3767967488.04,6330947961.56,0.00,0.00,0.00,0.00,143302256,251168583,73407078,53949144
2035.01,1753984.46,2044129.39,210807.91,290144.93,2343.90,3880.02,0.00,1536.12,3767967488.04,6330947961.56,0.00,0.00,0.00,0.00,143536671,251534207,74070034,53949144
2037.01,1756483.04,2048169.15,210807.91,291686.11,2498.58,4039.76,0.00,1541.18,3767967488.04,6330947961.56,0.00,0.00,0.00,0.00,143802485,251908029,74070034,53949144
2039.01,1758881.08,2052049.72,210807.91,293168.64,2398.04,3880.57,0.00,1482.53,3767967488.04,6330947961.56,0.00,0.00,0.00,0.00,144043891,252280521,74721345,53949144
2041.01,1761368.60,2056147.62,210807.91,294779.02,2487.52,4097.90,0.00,1610.38,3767967488.04,6330947961.56,0.00,0.00,0.00,0.00,144276203,252685015,74721345,53949144
2043.01,1763787.91,2060075.80,210807.91,296287.89,2419.30,3928.18,0.00,1508.88,3767967488.04,6330947961.56,0.00,0.00,0.00,0.00,144530728,253049832,75401692,53949144
2045.01,1766221.82,2063968.38,210807.91,297746.56,2433.91,3892.58,0.00,1458.66,3767967488.04,6330947961.56,0.00,0.00,0.00,0.00,144764637,253439005,76053250,53949144
2047.01,1768768.99,2068055.10,210807.91,299286.11,2547.17,4086.72,0.00,1539.55,3767967488.04,6330947961.56,0.00,0.00,0.00,0.00,145033351,253822366,76053250,53949144
2049.01,1771281.15,2071560.21,211612.95,300279.06,2512.16,3505.11,805.05,992.95,3767967488.04,6330947961.56,0.00,0.00,0.00,0.00,145287190,254211640,76711299,53949144
2051.05,1773664.52,2073943.59,213789.38,300279.06,2383.38,2383.38,2176.43,0.00,3768979269.13,6331992394.65,1011781.09,1044433.09,0.00,0.00,144785581,254560136,76711299,54712401
2053.05,1776187.34,2076466.40,216038.00,300279.06,2522.81,2522.81,2248.62,0.00,3768979269.13,6331992394.65,0.00,0.00,0.00,0.00,145056792,254934765,76711299,54712401
2055.05,1778514.98,2078794.04,218076.32,300279.06,2327.64,2327.64,2038.32,0.00,3768979269.13,6331992394.65,0.00,0.00,0.00,0.00,144579269,255277799,76711299,55442766
2057.05,1780853.72,2081132.78,219566.36,300279.06,2338.74,2338.74,1490.04,0.00,3768979269.13,6331992394.65,0.00,0.00,0.00,0.00,144071156,255636089,76711299,56191307
2059.05,1783374.57,2083653.64,221090.82,300279.06,2520.86,2520.86,1524.46,0.00,3768979269.13,6331992394.65,0.00,0.00,0.00,0.00,144331767,256020817,76711299,56191307
2061.05,1785721.29,2086000.36,222563.75,300279.06,2346.72,2346.72,1472.94,0.00,3768979269.13,6331992394.65,0.00,0.00,0.00,0.00,143804721,256381358,76711299,56958572
2063.05,1788254.40,2088533.46,222888.73,300279.06,2533.11,2533.11,324.98,0.00,3768979269.13,6331992394.65,0.00,0.00,0.00,0.00,144061169,256773386,76711299,56958572
2065.05,1790799.46,2091078.52,225231.85,300279.06,2545.06,2545.06,2343.12,0.00,3768979269.13,6331992394.65,0.00,0.00,0.00,0.00,144324055,257162035,76711299,56958572
2067.05,1793122.00,2093401.06,225560.77,300279.06,2322.54,2322.54,328.91,0.00,3768979269.13,6331992394.65,0.00,0.00,0.00,0.00,143798622,257514889,76711299,57725721
2069.05,1795575.63,2096840.45,225560.77,301264.82,2453.63,3439.39,0.00,985.76,3768979269.13,6331992394.65,0.00,0.00,0.00,0.00,144052944,257888696,76711299,57725721
2071.05,1797919.50,2100891.58,225560.77,302972.08,2343.87,4051.13,0.00,1707.26,3768979269.13,6331992394.65,0.00,0.00,0.00,0.00,144288089,258253582,76711299,57725721
2073.05,1800427.31,2104864.03,225560.77,304436.71,2507.81,3972.45,0.00,1464.63,3768979269.13,6331992394.65,0.00,0.00,0.00,0.00,144532377,258651294,77531305,57725721
2075.05,1802771.06,2108811.33,225560.77,306040.27,2343.75,3947.30,0.00,1603.55,3768979269.13,6331992394.65,0.00,0.00,0.00,0.00,144767547,259016124,77531305,57725721
2077.05,1805255.19,2112727.76,225560.77,307472.57,2484.13,3916.43,0.00,1432.30,3768979269.13,6331992394.65,0.00,0.00,0.00,0.00,145025430,259394178,78188507,57725721
2079.05,1807762.86,2116713.72,225560.77,308950.86,2507.66,3985.96,0.00,1478.30,3768979269.13,6331992394.65,0.00,0.00,0.00,0.00,145268989,259792581,78825943,57725721
2081.05,1810107.25,2120666.86,225560.77,310559.61,2344.39,3953.14,0.00,1608.75,3768979269.13,6331992394.65,0.00,0.00,0.00,0.00,145509855,260151879,78825943,57725721
2083.05,1812558.53,2124555.97,225560.77,311997.45,2451.28,3889.12,0.00,1437.84,3768979269.13,6331992394.65,0.00,0.00,0.00,0.00,145708240,260581022,79516113,57725721
2085.05,1815183.11,2128793.34,225560.77,313610.23,2624.58,4237.37,0.00,1612.79,3768979269.13,6331992394.65,0.00,0.00,0.00,0.00,145934181,261026974,79516113,57725721
2087.05,1817654.04,2132751.04,225560.77,315097.00,2470.93,3957.69,0.00,1486.77,3768979269.13,6331992394.65,0.00,0.00,0.00,0.00,146197875,261395837,80223763,57725721
2089.05,1820284.28,2136911.32,225560.77,316627.04,2630.24,4160.28,0.00,1530.04,3768979269.13,6331992394.65,0.00,0.00,0.00,0.00,146465103,261801951,80223763,57725721
2091.05,1822731.28,2139512.41,227890.68,316781.13,2447.00,2601.10,2329.91,154.09,3768979269.13,6331992394.65,0.00,0.00,0.00,0.00,146737528,262155959,80924425,57725721
2093.05,1825041.18,2141822.31,230087.86,316781.13,2309.90,2309.90,2197.18,0.00,3768979269.13,6331992394.65,0.00,0.00,0.00,0.00,146222590,262532008,80924425,58455944
2095.05,1827399.48,2144180.61,232225.61,316781.13,2358.30,2358.30,2137.75,0.00,3768979269.13,6331992394.65,0.00,0.00,0.00,0.00,145652374,262929342,80924425,59232551
2097.06,1829751.52,2146532.65,234388.38,316781.13,2352.04,2352.04,2162.77,0.00,3768979269.13,6331992394.65,0.00,0.00,0.00,0.00,145055947,263374898,80924425,59985543
2099.06,1832267.25,2149048.38,237028.49,316781.13,2515.73,2515.73,2640.11,0.00,3768979269.13,6331992394.65,0.00,0.00,0.00,0.00,145321668,263753204,80924425,59985543
2101.06,1834815.73,2151596.87,239685.09,316781.13,2548.49,2548.49,2656.60,0.00,3768979269.13,6331992394.65,0.00,0.00,0.00,0.00,145573598,264153687,80924425,59985543
2103.06,1836970.79,2153751.93,241670.88,316781.13,2155.06,2155.06,1985.79,0.00,3768979269.13,6331992394.65,0.00,0.00,0.00,0.00,144341741,264487848,80924425,61434934
2105.06,1839335.43,2156116.56,243898.61,316781.13,2364.64,2364.64,2227.73,0.00,3768979269.13,6331992394.65,0.00,0.00,0.00,0.00,143854554,264856514,80924425,62158802
2107.06,1841900.31,2158681.44,246548.41,316781.13,2564.88,2564.88,2649.79,0.00,3768979269.13,6331992394.65,0.00,0.00,0.00,0.00,144117362,265250315,80924425,62158802
2109.06,1843869.36,2160664.02,248587.52,316794.65,1969.05,1982.57,2039.11,13.52,3768979269.13,6331992394.65,0.00,0.00,0.00,0.00,142861714,265548457,80924425,63620386
2111.06,1846213.31,2164673.68,248587.52,318460.38,2343.95,4009.67,0.00,1665.72,3768979269.13,6331992394.65,0.00,0.00,0.00,0.00,143055220,265955001,80924425,63620386
2113.06,1848796.11,2168728.61,248587.52,319932.49,2582.80,4054.92,0.00,1472.12,3768979269.13,6331992394.65,0.00,0.00,0.00,0.00,143371900,266299519,81718700,63620386
2115.06,1851479.94,2172921.52,248587.52,321441.58,2683.82,4192.91,0.00,1509.09,3768979269.13,6331992394.65,0.00,0.00,0.00,0.00,143689642,266668836,81718700,63620386
2117.06,1853969.48,2176836.08,248587.52,322866.60,2489.54,3914.57,0.00,1425.02,3768979269.13,6331992394.65,0.00,0.00,0.00,0.00,143941767,267054034,82368367,63620386
2119.06,1856633.60,2180967.31,248587.52,324333.71,2664.12,4131.23,0.00,1467.11,3768979269.13,6331992394.65,0.00,0.00,0.00,0.00,144249575,267428241,82368367,63620386
2121.06,1859110.79,2184840.62,248587.52,325729.83,2477.19,3873.32,0.00,1396.12,3768979269.13,6331992394.65,0.00,0.00,0.00,0.00,144496234,267815743,83013597,63620386
2123.06,1861761.39,2188999.85,248587.52,327238.46,2650.59,4159.23,0.00,1508.63,3768979269.13,6331992394.65,0.00,0.00,0.00,0.00,144776561,268213968,83013597,63620386
2125.06,1864226.44,2192896.94,248587.52,328670.50,2465.05,3897.09,0.00,1432.04,3768979269.13,6331992394.65,0.00,0.00,0.00,0.00,145001553,268620029,83663764,63620386
2127.06,1866802.12,2196892.53,248587.52,330090.41,2575.68,3995.59,0.00,1419.91,3768979269.13,6331992394.65,0.00,0.00,0.00,0.00,145254622,269026335,84321393,63620386
2129.06,1869539.41,2201135.53,248587.52,331596.12,2737.29,4243.00,0.00,1505.71,3768979269.13,6331992394.65,0.00,0.00,0.00,0.00,145522550,269459152,84321393,63620386
2131.06,1872086.49,2204739.71,249419.66,332653.22,2547.09,3604.18,832.15,1057.10,3768979269.13,6331992394.65,0.00,0.00,0.00,0.00,145784586,269849170,84984970,63620386
2133.06,1874810.19,2207463.41,252060.27,332653.22,2723.70,2723.70,2640.61,0.00,3768979269.13,6331992394.65,0.00,0.00,0.00,0.00,146038015,270293007,84984970,63620386
2135.06,1877072.44,2209725.66,254240.79,332653.22,2262.25,2262.25,2180.52,0.00,3768979269.13,6331992394.65,0.00,0.00,0.00,0.00,144844475,270640959,84984970,65045111
2137.06,1879582.21,2212235.43,256883.33,332653.22,2509.77,2509.77,2642.54,0.00,3768979269.13,6331992394.65,0.00,0.00,0.00,0.00,145111442,271016494,84984970,65045111
2139.06,1882265.57,2214918.79,259532.51,332653.22,2683.36,2683.36,2649.18,0.00,3768979269.13,6331992394.65,0.00,0.00,0.00,0.00,145373933,271440943,84984970,65045111
2141.06,1884558.36,2217211.58,261751.41,332653.22,2292.79,2292.79,2218.90,0.00,3768979269.13,6331992394.65,0.00,0.00,0.00,0.00,144172832,271783272,84984970,66490836
2143.06,1887068.16,2219721.38,264411.27,332653.22,2509.80,2509.80,2659.86,0.00,3768979269.13,6331992394.65,0.00,0.00,0.00,0.00,144428704,272169910,84984970,66490836
2145.06,1889318.10,2221971.32,266582.66,332653.22,2249.93,2249.93,2171.39,0.00,3768979269.13,6331992394.65,0.00,0.00,0.00,0.00,143122530,272536303,84984970,68006600
2147.06,1891827.96,2224481.18,269238.27,332653.22,2509.86,2509.86,2655.61,0.00,3768979269.13,6331992394.65,0.00,0.00,0.00,0.00,143376427,272924930,84984970,68006600
2149.12,1894108.57,2226761.79,271430.15,332653.22,2280.61,2280.61,2191.88,0.00,3768979269.13,6331992394.65,0.00,0.00,0.00,0.00,142146930,273276843,84984970,69468021
2151.12,1896616.35,2230863.68,271430.15,334247.33,2507.78,4101.89,0.00,1594.11,3768979269.13,6331992394.65,0.00,0.00,0.00,0.00,142409338,273656427,84984970,69468021
2153.12,1899276.95,2235003.88,271430.15,335726.94,2660.59,4140.20,0.00,1479.61,3768979269.13,6331992394.65,0.00,0.00,0.00,0.00,142671253,274075624,85754378,69468021
2155.12,1902043.69,2239255.54,271430.15,337211.84,2766.75,4251.65,0.00,1484.91,3768979269.13,6331992394.65,0.00,0.00,0.00,0.00,142976653,274478511,85754378,69468021
2157.12,1904705.30,2243341.44,271430.15,338636.13,2661.61,4085.90,0.00,1424.29,3768979269.13,6331992394.65,0.00,0.00,0.00,0.00,143296439,274840098,86413114,69468021
2159.12,1907180.80,2247366.88,271430.15,340186.08,2475.50,4025.44,0.00,1549.95,3768979269.13,6331992394.65,0.00,0.00,0.00,0.00,143585696,275184568,86413114,69468021
2161.12,1909829.34,2251411.84,271430.15,341582.50,2648.54,4044.96,0.00,1396.43,3768979269.13,6331992394.65,0.00,0.00,0.00,0.00,143929890,275518399,87061538,69468021
2163.12,1912651.37,2255741.11,271430.15,343089.74,2822.03,4329.27,0.00,1507.23,3768979269.13,6331992394.65,0.00,0.00,0.00,0.00,144269929,275900800,87061538,69468021
2165.12,1915277.26,2259741.48,271430.15,344464.23,2625.89,4000.38,0.00,1374.49,3768979269.13,6331992394.65,0.00,0.00,0.00,0.00,144604097,276238860,87722927,69468021
2167.12,1918069.56,2263904.70,271605.38,345835.14,2792.30,4163.21,175.23,1370.91,3768979269.13,6331992394.65,0.00,0.00,0.00,0.00,144886905,276670881,88351653,69468021
2169.12,1920924.59,2266759.73,274254.50,345835.14,2855.03,2855.03,2649.12,0.00,3768979269.13,6331992394.65,0.00,0.00,0.00,0.00,145205805,277082868,88351653,69468021
2171.12,1923774.73,2269609.87,276906.80,345835.14,2850.14,2850.14,2652.30,0.00,3768979269.13,6331992394.65,0.00,0.00,0.00,0.00,145502429,277515881,88351653,69468021
2173.12,1925938.71,2271773.85,279129.25,345835.14,2163.98,2163.98,2222.45,0.00,3768979269.13,6331992394.65,0.00,0.00,0.00,0.00,144322391,277807517,88351653,70910401
2175.12,1928447.25,2274282.39,281794.81,345835.14,2508.55,2508.55,2665.56,0.00,3768979269.13,6331992394.65,0.00,0.00,0.00,0.00,144611616,278160480,88351653,70910401
2177.12,1930500.26,2276335.40,283939.48,345835.14,2053.01,2053.01,2144.67,0.00,3768979269.13,6331992394.65,0.00,0.00,0.00,0.00,143349481,278414704,88351653,72443882
2179.12,1933009.05,2278844.19,286592.89,345835.14,2508.79,2508.79,2653.41,0.00,3768979269.13,6331992394.65,0.00,0.00,0.00,0.00,143625627,278780808,88351653,72443882
2181.12,1935084.34,2280919.48,288765.68,345835.14,2075.29,2075.29,2172.79,0.00,3768979269.13,6331992394.65,0.00,0.00,0.00,0.00,142465579,279025826,88351653,73890187
2183.12,1937646.64,2283481.78,291432.84,345835.14,2562.29,2562.29,2667.17,0.00,3768979269.13,6331992394.65,0.00,0.00,0.00,0.00,142775434,279371918,88351653,73890187
2185.12,1940031.23,2285866.37,294100.57,345835.14,2384.59,2384.59,2667.73,0.00,3768979269.13,6331992394.65,0.00,0.00,0.00,0.00,143075457,279682351,88351653,73890187
2187.12,1942059.10,2287894.24,296227.54,345835.14,2027.87,2027.87,2126.96,0.00,3768979269.13,6331992394.65,0.00,0.00,0.00,0.00,141797016,279928645,88351653,75441469
2189.12,1944568.41,2290403.55,298897.87,345835.14,2509.31,2509.31,2670.33,0.00,3768979269.13,6331992394.65,0.00,0.00,0.00,0.00,142114035,280254010,88351653,75441469
2191.12,1946543.77,2292613.63,300539.64,346069.86,1975.36,2210.08,1641.77,234.72,3768979269.13,6331992394.65,0.00,0.00,0.00,0.00,140896093,280499072,88351653,76920041
2193.12,1949053.58,2296797.14,300539.64,347743.56,2509.80,4183.51,0.00,1673.70,3768979269.13,6331992394.65,0.00,0.00,0.00,0.00,141183594,280854081,88351653,76920041
2195.12,1951397.33,2300798.65,300539.64,349401.32,2343.75,4001.51,0.00,1657.76,3768979269.13,6331992394.65,0.00,0.00,0.00,0.00,141498809,281138866,88351653,76920041
2197.12,1953905.14,2304803.23,300539.64,350898.09,2507.81,4004.58,0.00,1496.77,3768979269.13,6331992394.65,0.00,0.00,0.00,0.00,141808652,281471023,89235867,76920041
2199.12,1956248.89,2308659.63,300539.64,352410.74,2343.75,3856.40,0.00,1512.65,3768979269.13,6331992394.65,0.00,0.00,0.00,0.00,142089072,281790603,89883083,76920041
2201.12,1958756.70,2312677.92,300539.64,353921.21,2507.81,4018.29,0.00,1510.47,3768979269.13,6331992394.65,0.00,0.00,0.00,0.00,142397701,282123974,89883083,76920041
2203.12,1961395.42,2316696.52,300539.64,355301.10,2638.72,4018.61,0.00,1379.89,3768979269.13,6331992394.65,0.00,0.00,0.00,0.00,142703299,282493888,90522767,76920041
2205.17,1963855.39,2320672.12,300539.64,356816.73,2459.97,3975.60,0.00,1515.63,3768979269.13,6331992394.65,0.00,0.00,0.00,0.00,143055920,282771019,91139752,76920041
2207.17,1966483.73,2324761.30,300539.64,358277.57,2628.34,4089.18,0.00,1460.83,3768979269.13,6331992394.65,0.00,0.00,0.00,0.00,143400086,283099709,91139752,76920041
2209.17,1968928.09,2328215.11,301358.59,359287.01,2444.36,3453.80,818.95,1009.45,3768979269.13,6331992394.65,0.00,0.00,0.00,0.00,143509151,283616400,91772142,76920041
2211.17,1971542.55,2330829.57,304021.22,359287.01,2614.46,2614.46,2662.64,0.00,3768979269.13,6331992394.65,0.00,0.00,0.00,0.00,143756573,284038280,91772142,76920041
2213.37,1974012.68,2333299.69,306418.03,359287.01,2470.12,2470.12,2396.81,0.00,3768979269.13,6331992394.65,0.00,0.00,0.00,0.00,142563253,284359087,91772142,78424905
2215.37,1976356.39,2335643.41,309073.18,359287.01,2343.72,2343.72,2655.15,0.00,3768979269.13,6331992394.65,0.00,0.00,0.00,0.00,142839941,284682391,91772142,78424905
2217.37,1978864.21,2338151.22,311731.52,359287.01,2507.81,2507.81,2658.34,0.00,3768979269.13,6331992394.65,0.00,0.00,0.00,0.00,143134079,285030253,91772142,78424905
2219.37,1981065.65,2340352.66,313842.93,359287.01,2201.45,2201.45,2111.41,0.00,3768979269.13,6331992394.65,0.00,0.00,0.00,0.00,141857351,285333876,91772142,79961580
2221.37,1983573.83,2342860.84,316509.53,359287.01,2508.18,2508.18,2666.60,0.00,3768979269.13,6331992394.65,0.00,0.00,0.00,0.00,142159643,285673677,91772142,79961580
2223.37,1985717.65,2345004.66,318611.20,359287.01,2143.82,2143.82,2101.67,0.00,3768979269.13,6331992394.65,0.00,0.00,0.00,0.00,140911020,285968335,91772142,81464364
2225.37,1988226.05,2347513.06,321271.35,359287.01,2508.40,2508.40,2660.15,0.00,3768979269.13,6331992394.65,0.00,0.00,0.00,0.00,141218740,286302765,91772142,81464364
2227.37,1990909.41,2350196.42,323919.33,359287.01,2683.36,2683.36,2647.98,0.00,3768979269.13,6331992394.65,0.00,0.00,0.00,0.00,141538645,286669800,91772142,81464364
2229.37,1993101.37,2353495.34,323998.10,360393.98,2191.96,3298.92,78.77,1106.96,3768979269.13,6331992394.65,0.00,0.00,0.00,0.00,140340675,286967877,91772142,82925398
2231.37,1995610.35,2357528.91,323998.10,361918.56,2508.98,4033.56,0.00,1524.58,3768979269.13,6331992394.65,0.00,0.00,0.00,0.00,140652699,287298152,92392729,82925398
2233.37,1998293.71,2361649.07,323998.10,363355.37,2683.36,4120.17,0.00,1436.81,3768979269.13,6331992394.65,0.00,0.00,0.00,0.00,141006251,287631540,92392729,82925398
2235.37,2000789.23,2365575.71,323998.10,364786.48,2495.52,3926.64,0.00,1431.12,3768979269.13,6331992394.65,0.00,0.00,0.00,0.00,141554132,287722513,93047483,82925398
2237.37,2003459.44,2369845.56,323998.10,366386.12,2670.21,4269.84,0.00,1599.64,3768979269.13,6331992394.65,0.00,0.00,0.00,0.00,142062262,287897956,93047483,82925398
2239.37,2005942.73,2373785.15,323998.10,367842.42,2483.29,3939.59,0.00,1456.30,3768979269.13,6331992394.65,0.00,0.00,0.00,0.00,142631793,287964147,93709209,82925398
2241.37,2008599.84,2378020.13,323998.10,369420.29,2657.12,4234.98,0.00,1577.87,3768979269.13,6331992394.65,0.00,0.00,0.00,0.00,143210640,288065522,93709209,82925398
2243.37,2011172.81,2382013.56,323998.10,370840.75,2572.97,3993.43,0.00,1420.46,3768979269.13,6331992394.65,0.00,0.00,0.00,0.00,143752891,288181951,94376335,82925398
2245.37,2013763.88,2386116.55,323998.10,372352.66,2591.07,4102.99,0.00,1511.92,3768979269.13,6331992394.65,0.00,0.00,0.00,0.00,144213478,288384678,95044061,82925398
2247.37,2016454.17,2390315.47,323998.10,373861.30,2690.29,4198.92,0.00,1508.63,3768979269.13,6331992394.65,0.00,0.00,0.00,0.00,144807194,288479676,95044061,82925398
2249.37,2018957.44,2393559.88,325283.06,374602.44,2503.27,3244.41,1284.96,741.14,3768979269.13,6331992394.65,0.00,0.00,0.00,0.00,145374960,288552747,95691081,82925398
2251.37,2021584.43,2396186.86,327935.57,374602.44,2626.98,2626.98,2652.50,0.00,3768979269.13,6331992394.65,0.00,0.00,0.00,0.00,145920407,288679808,95691081,82925398
2253.37,2023735.19,2398337.62,330088.51,374602.44,2150.76,2150.76,2152.94,0.00,3768979269.13,6331992394.65,0.00,0.00,0.00,0.00,144807152,288865274,95691081,84403782
2255.37,2026244.94,2400847.38,332739.74,374602.44,2509.75,2509.75,2651.23,0.00,3768979269.13,6331992394.65,0.00,0.00,0.00,0.00,145276148,289038775,95691081,84403782
2257.37,2028912.37,2403514.81,335400.83,374602.44,2667.43,2667.43,2661.09,0.00,3768979269.13,6331992394.65,0.00,0.00,0.00,0.00,145805556,289192229,95691081,84403782
2259.37,2031026.18,2405628.61,337558.01,374602.44,2113.80,2113.80,2157.18,0.00,3768979269.13,6331992394.65,0.00,0.00,0.00,0.00,144594074,289492110,95691081,85856517
2261.37,2033535.67,2408138.11,340211.95,374602.44,2509.49,2509.49,2653.94,0.00,3768979269.13,6331992394.65,0.00,0.00,0.00,0.00,144904017,289824597,95691081,85856517
2263.37,2035643.99,2410246.43,342382.54,374602.44,2108.32,2108.32,2170.58,0.00,3768979269.13,6331992394.65,0.00,0.00,0.00,0.00,143763493,290059740,95691081,87301628
2265.37,2038153.86,2412756.29,345035.79,374602.44,2509.87,2509.87,2653.25,0.00,3768979269.13,6331992394.65,0.00,0.00,0.00,0.00,144121643,290344116,95691081,87301628
2267.37,2040285.73,2414888.17,347253.55,374602.44,2131.88,2131.88,2217.77,0.00,3768979269.13,6331992394.65,0.00,0.00,0.00,0.00,142939293,290634908,95691081,88738946
2269.37,2042795.37,2417397.80,349917.34,374602.44,2509.64,2509.64,2663.78,0.00,3768979269.13,6331992394.65,0.00,0.00,0.00,0.00,143311960,290904708,95691081,88738946
2271.53,2045142.07,2419744.51,352377.98,374602.44,2346.70,2346.70,2460.64,0.00,3768979269.13,6331992394.65,0.00,0.00,0.00,0.00,142202263,291163463,95691081,90190644
2273.53,2047652.98,2423722.53,352377.98,376069.55,2510.91,3978.02,0.00,1467.12,3768979269.13,6331992394.65,0.00,0.00,0.00,0.00,142583770,291424748,95691081,90190644
2275.53,2050173.25,2427654.04,352377.98,377480.80,2520.27,3931.51,0.00,1411.24,3768979269.13,6331992394.65,0.00,0.00,0.00,0.00,142960358,291693349,96337868,90190644
2277.53,2052780.74,2431805.25,352377.98,379024.51,2607.50,4151.21,0.00,1543.71,3768979269.13,6331992394.65,0.00,0.00,0.00,0.00,143339940,291981286,96337868,90190644
2279.53,2055206.14,2435677.21,352377.98,380471.07,2425.40,3871.96,0.00,1446.56,3768979269.13,6331992394.65,0.00,0.00,0.00,0.00,143707137,292234992,96964056,90190644
2281.53,2057800.86,2439808.64,352377.98,382007.79,2594.71,4131.43,0.00,1536.72,3768979269.13,6331992394.65,0.00,0.00,0.00,0.00,144101473,292504902,96964056,90190644
2283.53,2060373.41,2443823.94,352377.98,383450.53,2572.55,4015.30,0.00,1442.75,3768979269.13,6331992394.65,0.00,0.00,0.00,0.00,144486187,292778761,97615908,90190644
2285.53,2062924.24,2447819.58,352377.98,384895.34,2550.84,3995.64,0.00,1444.81,3768979269.13,6331992394.65,0.00,0.00,0.00,0.00,144885545,293032417,98250467,90190644
2287.53,2065612.73,2451978.84,352377.98,386366.11,2688.48,4159.26,0.00,1470.77,3768979269.13,6331992394.65,0.00,0.00,0.00,0.00,145287261,293318953,98250467,90190644
2289.53,2068114.04,2455248.11,353481.18,387134.07,2501.32,3269.27,1103.20,767.95,3768979269.13,6331992394.65,0.00,0.00,0.00,0.00,145639184,293607367,98898696,90190644
2291.53,2070514.68,2457648.74,355590.39,387134.07,2400.63,2400.63,2109.22,0.00,3768979269.13,6331992394.65,0.00,0.00,0.00,0.00,145270581,293871550,98898696,90909626
2293.53,2073085.31,2460219.38,357919.77,387134.07,2570.63,2570.63,2329.37,0.00,3768979269.13,6331992394.65,0.00,0.00,0.00,0.00,145662912,294137301,98898696,90909626
2295.53,2075475.12,2462609.18,360043.65,387134.07,2389.81,2389.81,2123.88,0.00,3768979269.13,6331992394.65,0.00,0.00,0.00,0.00,145284892,294393652,98898696,91643086
2297.53,2077830.28,2464964.35,362136.59,387134.07,2355.16,2355.16,2092.95,0.00,3768979269.13,6331992394.65,0.00,0.00,0.00,0.00,144880410,294676329,98898696,92367813
2299.53,2080144.76,2467278.82,364213.71,387134.07,2314.48,2314.48,2077.12,0.00,3768979269.13,6331992394.65,0.00,0.00,0.00,0.00,144484832,294942208,98898696,93090018
2301.53,2082671.88,2469805.94,366583.07,387134.07,2527.12,2527.12,2369.36,0.00,3768979269.13,6331992394.65,0.00,0.00,0.00,0.00,144838311,295235671,98898696,93090018
2303.53,2085003.14,2472137.20,368714.63,387134.07,2331.26,2331.26,2131.56,0.00,3768979269.13,6331992394.65,0.00,0.00,0.00,0.00,144444248,295469396,98898696,93847159
2305.53,2087330.27,2474464.34,369608.16,387134.07,2327.14,2327.14,893.53,0.00,3768979269.13,6331992394.65,0.00,0.00,0.00,0.00,144015623,295739363,98898696,94601564
2307.53,2089776.81,2477444.22,369608.16,387667.41,2446.54,2979.88,0.00,533.34,3768979269.13,6331992394.65,0.00,0.00,0.00,0.00,144341153,296040147,98898696,94601564
2309.53,2092121.69,2481427.12,369608.16,389305.43,2344.88,3982.90,0.00,1638.03,3768979269.13,6331992394.65,0.00,0.00,0.00,0.00,144669011,296312577,98898696,94601564
2311.53,2094545.83,2485310.02,369608.16,390764.19,2424.14,3882.90,0.00,1458.76,3768979269.13,6331992394.65,0.00,0.00,0.00,0.00,144980443,296621725,99571865,94601564
2313.53,2097110.96,2489435.47,369608.16,392324.51,2565.13,4125.45,0.00,1560.32,3768979269.13,6331992394.65,0.00,0.00,0.00,0.00,145372307,296886535,99571865,94601564
2315.53,2099498.09,2493290.48,369608.16,393792.39,2387.13,3855.01,0.00,1467.88,3768979269.13,6331992394.65,0.00,0.00,0.00,0.00,145713510,297156438,100242444,94601564
2317.53,2101991.99,2497260.92,369608.16,395268.93,2493.89,3970.44,0.00,1476.54,3768979269.13,6331992394.65,0.00,0.00,0.00,0.00,146073315,297435070,100902670,94601564
2319.53,2104581.70,2501422.27,369608.16,396840.58,2589.71,4161.36,0.00,1571.65,3768979269.13,6331992394.65,0.00,0.00,0.00,0.00,146438895,297732455,100902670,94601564
2321.53,2107072.85,2505334.41,369608.16,398261.57,2491.15,3912.14,0.00,1420.99,3768979269.13,6331992394.65,0.00,0.00,0.00,0.00,146781158,298027927,101557219,94601564
2323.53,2109682.61,2509499.96,369608.16,399817.36,2609.76,4165.55,0.00,1555.79,3768979269.13,6331992394.65,0.00,0.00,0.00,0.00,147151784,298325400,101557219,94601564
2325.53,2112111.41,2513399.28,369608.16,401287.87,2428.80,3899.31,0.00,1470.52,3768979269.13,6331992394.65,0.00,0.00,0.00,0.00,147509004,298589952,102188193,94601564
2327.53,2114677.28,2517147.94,370159.90,402470.66,2565.87,3748.66,551.73,1182.79,3768979269.13,6331992394.65,0.00,0.00,0.00,0.00,147887844,298867975,102820480,94601564
2329.53,2117210.75,2519681.41,372810.71,402470.66,2533.47,2533.47,2650.81,0.00,3768979269.13,6331992394.65,0.00,0.00,0.00,0.00,148241213,299163175,102820480,94601564
2331.77,2119607.08,2522077.75,375318.53,402470.66,2396.33,2396.33,2507.82,0.00,3768979269.13,6331992394.65,0.00,0.00,0.00,0.00,147028047,299528759,102820480,96062607
2333.77,2122167.96,2524638.63,377600.16,402470.66,2560.88,2560.88,2281.62,0.00,3768979269.13,6331992394.65,0.00,0.00,0.00,0.00,147332046,299880346,102820480,96062607
2335.77,2124454.80,2526925.46,379915.73,402470.66,2286.84,2286.84,2315.57,0.00,3768979269.13,6331992394.65,0.00,0.00,0.00,0.00,146818038,300250726,102820480,96791665
2337.77,2126986.36,2529457.02,382569.76,402470.66,2531.56,2531.56,2654.03,0.00,3768979269.13,6331992394.65,0.00,0.00,0.00,0.00,147044426,300672417,102820480,96791665
2339.77,2129098.75,2531569.41,384595.24,402470.66,2112.39,2112.39,2025.48,0.00,3768979269.13,6331992394.65,0.00,0.00,0.00,0.00,145800940,300992707,102820480,98255632
2341.79,2131464.17,2533934.84,386704.45,402470.66,2365.43,2365.43,2109.21,0.00,3768979269.13,6331992394.65,0.00,0.00,0.00,0.00,145326922,301353140,102820480,98974766
2343.79,2134026.68,2536497.35,388824.98,402470.66,2562.51,2562.51,2120.53,0.00,3768979269.13,6331992394.65,0.00,0.00,0.00,0.00,145613212,301722853,102820480,98974766
2345.79,2136601.76,2539072.42,391483.00,402470.66,2575.07,2575.07,2658.02,0.00,3768979269.13,6331992394.65,0.00,0.00,0.00,0.00,145873502,302121782,102820480,98974766
2347.79,2138651.18,2541451.15,392451.31,402799.96,2049.43,2378.73,968.31,329.30,3768979269.13,6331992394.65,0.00,0.00,0.00,0.00,144627685,302421056,102820480,100445962
2349.79,2141269.11,2545734.58,392451.31,404465.47,2617.93,4283.43,0.00,1665.50,3768979269.13,6331992394.65,0.00,0.00,0.00,0.00,144922507,302796423,102820480,100445962
2351.79,2143851.88,2548923.58,392451.31,405071.70,2582.77,3189.00,0.00,606.23,3768979269.13,6331992394.65,0.00,0.00,0.00,0.00,145358715,303021403,103486345,100445962
2353.79,2146348.28,2552702.28,392451.31,406354.00,2496.41,3778.70,0.00,1282.30,3768979269.13,6331992394.65,0.00,0.00,0.00,0.00,145639009,303380189,103486345,100445962
2355.79,2148863.26,2556745.38,392451.31,407882.12,2514.98,4043.10,0.00,1528.12,3768979269.13,6331992394.65,0.00,0.00,0.00,0.00,146035515,303627517,104170709,100445962
2357.79,2151443.08,2560940.12,392451.31,409497.04,2579.82,4194.74,0.00,1614.92,3768979269.13,6331992394.65,0.00,0.00,0.00,0.00,146467279,303856188,104170709,100445962
2359.79,2153895.08,2564856.99,392451.31,410961.91,2452.00,3916.87,0.00,1464.88,3768979269.13,6331992394.65,0.00,0.00,0.00,0.00,146836911,304114267,104868038,100445962
2361.79,2156473.39,2568958.54,392451.31,412485.14,2578.31,4101.54,0.00,1523.23,3768979269.13,6331992394.65,0.00,0.00,0.00,0.00,147214060,304397166,104868038,100445962
2363.79,2158987.18,2572935.39,392451.31,413948.21,2513.79,3976.86,0.00,1463.07,3768979269.13,6331992394.65,0.00,0.00,0.00,0.00,147747226,304507530,105506484,100445962
2365.79,2161585.92,2577099.41,392451.31,415513.49,2598.74,4164.01,0.00,1565.27,3768979269.13,6331992394.65,0.00,0.00,0.00,0.00,148033691,304886342,105506484,100445962
2367.79,2164081.89,2580496.41,392451.31,416414.52,2495.97,3397.00,0.00,901.03,3768979269.13,6331992394.65,0.00,0.00,0.00,0.00,148356367,305202635,106159335,100445962
2369.79,2166425.83,2584418.96,392451.31,417993.14,2343.94,3922.56,0.00,1578.62,3768979269.13,6331992394.65,0.00,0.00,0.00,0.00,148642989,305516061,106159335,100445962
2371.79,2168933.64,2588327.73,392451.31,419394.09,2507.81,3908.76,0.00,1400.95,3768979269.13,6331992394.65,0.00,0.00,0.00,0.00,148897317,305903733,106809611,100445962
2373.79,2171496.86,2592409.17,392451.31,420912.31,2563.22,4081.44,0.00,1518.22,3768979269.13,6331992394.65,0.00,0.00,0.00,0.00,149215276,306241958,107504014,100445962
2375.79,2174147.48,2596643.77,392451.31,422496.29,2650.62,4234.61,0.00,1583.98,3768979269.13,6331992394.65,0.00,0.00,0.00,0.00,149567355,306568438,107504014,100445962
2377.79,2176711.22,2600632.47,392451.31,423921.25,2563.74,3988.70,0.00,1424.96,3768979269.13,6331992394.65,0.00,0.00,0.00,0.00,149910912,306881198,108224124,100445962
2379.79,2179096.24,2604621.56,392451.31,425525.32,2385.02,3989.09,0.00,1604.07,3768979269.13,6331992394.65,0.00,0.00,0.00,0.00,150240372,307162303,108224124,100445962
2381.79,2181647.54,2608623.97,392451.31,426976.43,2551.30,4002.41,0.00,1451.11,3768979269.13,6331992394.65,0.00,0.00,0.00,0.00,150521230,307534578,108874544,100445962
2383.79,2184377.43,2612882.33,392451.31,428504.90,2729.89,4258.36,0.00,1528.47,3768979269.13,6331992394.65,0.00,0.00,0.00,0.00,151093154,307661506,108874544,100445962
2385.79,2186983.12,2616891.32,392451.31,429908.19,2605.70,4008.99,0.00,1403.29,3768979269.13,6331992394.65,0.00,0.00,0.00,0.00,151496654,307925064,109517942,100445962
2387.79,2189692.09,2621195.95,392451.31,431503.86,2708.96,4304.63,0.00,1595.67,3768979269.13,6331992394.65,0.00,0.00,0.00,0.00,151998223,308116989,109517942,100445962
2389.79,2192212.49,2623767.55,394948.42,431555.06,2520.40,2571.60,2497.11,51.20,3768979269.13,6331992394.65,0.00,0.00,0.00,0.00,152471169,308289266,110247817,100445962
2391.79,2194860.47,2626415.53,397591.30,431555.06,2647.98,2647.98,2642.88,0.00,3768979269.13,6331992394.65,0.00,0.00,0.00,0.00,152946463,308491855,110247817,100445962
2393.79,2197019.91,2628574.96,399515.06,431555.06,2159.44,2159.44,1923.76,0.00,3768979269.13,6331992394.65,0.00,0.00,0.00,0.00,151941472,308654779,110247817,101840845
2395.79,2199365.67,2630920.73,401638.25,431555.06,2345.76,2345.76,2123.19,0.00,3768979269.13,6331992394.65,0.00,0.00,0.00,0.00,151411927,309077063,110247817,102548621
2397.79,2201684.98,2633240.04,403772.76,431555.06,2319.32,2319.32,2134.52,0.00,3768979269.13,6331992394.65,0.00,0.00,0.00,0.00,150956690,309455859,110247817,103218807
2399.79,2204212.53,2635767.59,406405.70,431555.06,2527.54,2527.54,2632.94,0.00,3768979269.13,6331992394.65,0.00,0.00,0.00,0.00,151185157,309874443,110247817,103218807
2402.08,2206689.71,2638244.77,408957.38,431555.06,2477.18,2477.18,2551.68,0.00,3768979269.13,6331992394.65,0.00,0.00,0.00,0.00,149951625,310289425,110247817,104671516
2404.08,2209203.80,2640758.86,411603.34,431555.06,2514.09,2514.09,2645.96,0.00,3768979269.13,6331992394.65,0.00,0.00,0.00,0.00,150179380,310705278,110247817,104671516
2406.08,2211752.48,2643307.54,414255.30,431555.06,2548.68,2548.68,2651.96,0.00,3768979269.13,6331992394.65,0.00,0.00,0.00,0.00,150391560,311145560,110247817,104671516
2408.08,2213702.27,2646118.23,414798.28,432415.95,1949.79,2810.68,542.98,860.89,3768979269.13,6331992394.65,0.00,0.00,0.00,0.00,149074902,311466099,110247817,106166781
2410.08,2216046.07,2650031.04,414798.28,433984.96,2343.80,3912.81,0.00,1569.01,3768979269.13,6331992394.65,0.00,0.00,0.00,0.00,149388386,311752628,110247817,106166781
2412.08,2218497.03,2654020.03,414798.28,435523.00,2450.95,3988.99,0.00,1538.04,3768979269.13,6331992394.65,0.00,0.00,0.00,0.00,149790883,311977575,110931192,106166781
2414.08,2220964.72,2658011.73,414798.28,437047.02,2467.69,3991.70,0.00,1524.01,3768979269.13,6331992394.65,0.00,0.00,0.00,0.00,150182411,312217776,111633159,106166781
2416.08,2223563.76,2662145.50,414798.28,438581.75,2599.04,4133.77,0.00,1534.73,3768979269.13,6331992394.65,0.00,0.00,0.00,0.00,150555986,312509555,111633159,106166781
2418.08,2226014.83,2665957.68,414798.28,439942.84,2451.07,3812.17,0.00,1361.10,3768979269.13,6331992394.65,0.00,0.00,0.00,0.00,150896480,312796536,112302975,106166781
2420.08,2228358.74,2669837.26,414798.28,441478.52,2343.91,3879.59,0.00,1535.68,3768979269.13,6331992394.65,0.00,0.00,0.00,0.00,151223647,313069410,112302975,106166781
2422.08,2230849.57,2673796.91,414798.28,442947.33,2490.83,3959.64,0.00,1468.81,3768979269.13,6331992394.65,0.00,0.00,0.00,0.00,151577684,313353026,112941276,106166781
2424.08,2233451.44,2677996.07,414798.28,444544.62,2601.87,4199.16,0.00,1597.29,3768979269.13,6331992394.65,0.00,0.00,0.00,0.00,151964850,313631938,112941276,106166781
2426.08,2235892.95,2681859.07,414798.28,445966.12,2441.51,3863.00,0.00,1421.49,3768979269.13,6331992394.65,0.00,0.00,0.00,0.00,152337849,313883966,113645112,106166781
2428.08,2238491.46,2686081.30,414798.28,447589.84,2598.51,4222.23,0.00,1623.73,3768979269.13,6331992394.65,0.00,0.00,0.00,0.00,152729048,314157985,113645112,106166781
2430.08,2240908.35,2688563.98,417215.80,447655.63,2416.89,2482.68,2417.52,65.79,3768979269.13,6331992394.65,0.00,0.00,0.00,0.00,153085280,314420476,114369530,106166781
2432.08,2243436.66,2691092.30,419861.83,447655.63,2528.32,2528.32,2646.02,0.00,3768979269.13,6331992394.65,0.00,0.00,0.00,0.00,153474666,314678339,114369530,106166781
2434.08,2245517.61,2693173.24,422011.96,447655.63,2080.94,2080.94,2150.13,0.00,3768979269.13,6331992394.65,0.00,0.00,0.00,0.00,152389197,314897246,114369530,107566064
2436.08,2248026.01,2695681.64,424655.10,447655.63,2508.41,2508.41,2643.14,0.00,3768979269.13,6331992394.65,0.00,0.00,0.00,0.00,152738182,315190413,114369530,107566064
2438.08,2250113.89,2697769.53,426829.70,447655.63,2087.88,2087.88,2174.60,0.00,3768979269.13,6331992394.65,0.00,0.00,0.00,0.00,151638242,315428277,114369530,108962638
2440.08,2252622.64,2700278.27,429469.36,447655.63,2508.74,2508.74,2639.66,0.00,3768979269.13,6331992394.65,0.00,0.00,0.00,0.00,151970555,315738202,114369530,108962638
2442.08,2254717.75,2702373.39,431640.10,447655.63,2095.12,2095.12,2170.74,0.00,3768979269.13,6331992394.65,0.00,0.00,0.00,0.00,150893039,315966202,114369530,110348504
2444.08,2257252.55,2704908.18,434283.93,447655.63,2534.79,2534.79,2643.83,0.00,3768979269.13,6331992394.65,0.00,0.00,0.00,0.00,151258987,316249161,114369530,110348504
2446.25,2259560.47,2707216.11,436666.44,447655.63,2307.93,2307.93,2382.51,0.00,3768979269.13,6331992394.65,0.00,0.00,0.00,0.00,150199382,316483206,114369530,111764893
2448.25,2262068.25,2709723.89,439277.18,447655.63,2507.78,2507.78,2610.74,0.00,3768979269.13,6331992394.65,0.00,0.00,0.00,0.00,150575502,316749078,114369530,111764893
2450.25,2264655.95,2712311.59,441913.73,447655.63,2587.70,2587.70,2636.55,0.00,3768979269.13,6331992394.65,0.00,0.00,0.00,0.00,150976972,317010059,114369530,111764893
2452.25,2266745.91,2715529.66,442101.33,448783.75,2089.96,3218.08,187.60,1128.12,3768979269.13,6331992394.65,0.00,0.00,0.00,0.00,149901771,317229102,114369530,113156081
2454.25,2269253.79,2719912.65,442101.33,450658.86,2507.88,4382.98,0.00,1875.11,3768979269.13,6331992394.65,0.00,0.00,0.00,0.00,150266261,317506628,114369530,113156081
2456.25,2271597.54,2723909.55,442101.33,452312.01,2343.75,3996.90,0.00,1653.15,3768979269.13,6331992394.65,0.00,0.00,0.00,0.00,150592381,317780508,115354098,113156081
2458.25,2274105.35,2727954.32,442101.33,453848.97,2507.81,4044.77,0.00,1536.96,3768979269.13,6331992394.65,0.00,0.00,0.00,0.00,150928989,318085900,115354098,113156081
2460.25,2276449.10,2731795.09,442101.33,455345.99,2343.75,3840.77,0.00,1497.02,3768979269.13,6331992394.65,0.00,0.00,0.00,0.00,151234452,318380437,116043870,113156081
2462.25,2278956.91,2735760.22,442101.33,456803.30,2507.81,3965.12,0.00,1457.31,3768979269.13,6331992394.65,0.00,0.00,0.00,0.00,151549833,318707056,116043870,113156081
2464.25,2281608.22,2739915.27,442101.33,458307.05,2651.31,4155.05,0.00,1503.75,3768979269.13,6331992394.65,0.00,0.00,0.00,0.00,151875172,319060452,116691985,113156081
2466.25,2284076.10,2743854.46,442101.33,459778.36,2467.88,3939.19,0.00,1471.31,3768979269.13,6331992394.65,0.00,0.00,0.00,0.00,152233939,319333462,117303194,113156081
2468.25,2286701.16,2748061.17,442101.33,461360.01,2625.06,4206.71,0.00,1581.65,3768979269.13,6331992394.65,0.00,0.00,0.00,0.00,152596386,319643030,117303194,113156081
2470.25,2289095.18,2750780.32,443878.44,461685.14,2394.02,2719.15,1777.11,325.13,3768979269.13,6331992394.65,0.00,0.00,0.00,0.00,152498797,319948394,117939460,113561176
2472.25,2291617.86,2753303.00,446510.58,461685.14,2522.68,2522.68,2632.14,0.00,3768979269.13,6331992394.65,0.00,0.00,0.00,0.00,152795829,320297168,117939460,113561176
2474.25,2294143.65,2755828.79,449154.60,461685.14,2525.79,2525.79,2644.02,0.00,3768979269.13,6331992394.65,0.00,0.00,0.00,0.00,153162487,320577111,117939460,113561176
2476.25,2296239.28,2757924.42,451041.90,461685.14,2095.63,2095.63,1887.30,0.00,3768979269.13,6331992394.65,0.00,0.00,0.00,0.00,152065094,320792580,117939460,114979581
2478.25,2298568.21,2760253.36,453087.81,461685.14,2328.94,2328.94,2045.91,0.00,3768979269.13,6331992394.65,0.00,0.00,0.00,0.00,151785667,321017723,117939460,115630073
2480.25,2300877.64,2762562.78,455141.17,461685.14,2309.42,2309.42,2053.36,0.00,3768979269.13,6331992394.65,0.00,0.00,0.00,0.00,151410879,321313637,117939460,116300159
2482.25,2303206.65,2764891.79,456969.79,461685.14,2329.01,2329.01,1828.61,0.00,3768979269.13,6331992394.65,0.00,0.00,0.00,0.00,150980662,321677848,117939460,116962392
2484.25,2305768.14,2767453.28,458792.36,461685.14,2561.49,2561.49,1822.57,0.00,3768979269.13,6331992394.65,0.00,0.00,0.00,0.00,151383635,321930616,117939460,116962392
2486.25,2308349.73,2770034.87,461425.17,461685.14,2581.59,2581.59,2632.81,0.00,3768979269.13,6331992394.65,0.00,0.00,0.00,0.00,151771721,322203417,117939460,116962392
2488.25,2310408.13,2772247.64,462472.36,461839.50,2058.41,2212.77,1047.19,154.36,3768979269.13,6331992394.65,0.00,0.00,0.00,0.00,150682171,322411496,117939460,118370815
2490.25,2313121.32,2776499.94,462472.36,463378.62,2713.19,4252.30,0.00,1539.11,3768979269.13,6331992394.65,0.00,0.00,0.00,0.00,151073301,322714943,117939460,118370815
2492.25,2315729.88,2779836.22,462472.36,464106.34,2608.56,3336.28,0.00,727.72,3768979269.13,6331992394.65,0.00,0.00,0.00,0.00,151473587,322982448,118559286,118370815
2494.25,2318242.31,2783478.12,462472.36,465235.81,2512.43,3641.90,0.00,1129.47,3768979269.13,6331992394.65,0.00,0.00,0.00,0.00,151878051,323221165,118559286,118370815
2496.25,2320588.71,2787394.93,462472.36,466806.23,2346.40,3916.82,0.00,1570.42,3768979269.13,6331992394.65,0.00,0.00,0.00,0.00,152241112,323458782,119250451,118370815
2498.25,2323280.22,2791581.14,462472.36,468300.92,2691.51,4186.21,0.00,1494.70,3768979269.13,6331992394.65,0.00,0.00,0.00,0.00,152656655,323732266,119250451,118370815
2500.25,2325836.15,2795586.03,462472.36,469749.88,2555.93,4004.89,0.00,1448.96,3768979269.13,6331992394.65,0.00,0.00,0.00,0.00,153077898,323965341,119933546,118370815
2502.25,2328486.68,2799731.06,462472.36,471244.38,2650.54,4145.03,0.00,1494.50,3768979269.13,6331992394.65,0.00,0.00,0.00,0.00,153510235,324211541,119933546,118370815
2504.25,2331046.77,2803721.66,462472.36,472674.90,2560.08,3990.60,0.00,1430.52,3768979269.13,6331992394.65,0.00,0.00,0.00,0.00,153910924,324466233,120600880,118370815
2506.25,2333427.37,2807672.38,462472.36,474245.01,2380.61,3950.72,0.00,1570.11,3768979269.13,6331992394.65,0.00,0.00,0.00,0.00,154282132,324704460,120600880,118370815
2508.25,2335964.62,2811651.80,462472.36,475687.18,2537.25,3979.42,0.00,1442.17,3768979269.13,6331992394.65,0.00,0.00,0.00,0.00,154659475,324976653,121261937,118370815
2510.25,2338612.38,2815800.12,462472.36,477187.74,2647.76,4148.32,0.00,1500.56,3768979269.13,6331992394.65,0.00,0.00,0.00,0.00,155084620,325229335,121261937,118370815
2512.25,2341173.35,2818501.31,464821.91,477327.96,2560.97,2701.19,2349.55,140.22,3768979269.13,6331992394.65,0.00,0.00,0.00,0.00,155461754,325507809,121943809,118370815
2514.25,2343743.18,2821071.14,467466.44,477327.96,2569.82,2569.82,2644.53,0.00,3768979269.13,6331992394.65,0.00,0.00,0.00,0.00,155787292,325840146,121943809,118370815
2516.25,2345817.37,2823145.33,469615.37,477327.96,2074.19,2074.19,2148.93,0.00,3768979269.13,6331992394.65,0.00,0.00,0.00,0.00,154626441,326129745,121943809,119773060
2518.25,2348414.13,2825742.09,472258.80,477327.96,2596.76,2596.76,2643.43,0.00,3768979269.13,6331992394.65,0.00,0.00,0.00,0.00,154920517,326500440,121943809,119773060
2520.25,2350519.09,2827847.05,474207.14,477327.96,2104.96,2104.96,1948.34,0.00,3768979269.13,6331992394.65,0.00,0.00,0.00,0.00,153763225,326777522,121943809,121192139
2526.68,2352638.28,2829966.24,475921.47,477327.96,2119.20,2119.20,1714.33,0.00,3768979269.13,6331992394.65,0.00,0.00,0.00,0.00,153386015,327076175,121943809,121813210
2528.68,2355324.57,2832652.53,478045.62,477327.96,2686.29,2686.29,2124.15,0.00,3768979269.13,6331992394.65,0.00,0.00,0.00,0.00,153706779,327443100,121943809,121813210
2530.68,2358035.50,2835363.46,480690.80,477327.96,2710.94,2710.94,2645.18,0.00,3768979269.13,6331992394.65,0.00,0.00,0.00,0.00,154040871,327803008,121943809,121813210
2532.68,2360205.02,2838133.93,481424.39,477928.91,2169.52,2770.46,733.59,600.95,3768979269.13,6331992394.65,0.00,0.00,0.00,0.00,152899080,328092524,121943809,123220882
2534.68,2362548.78,2842298.81,481424.39,479750.04,2343.75,4164.88,0.00,1821.13,3768979269.13,6331992394.65,0.00,0.00,0.00,0.00,153177975,328413630,121943809,123220882
2536.68,2365056.59,2846334.61,481424.39,481278.02,2507.81,4035.80,0.00,1527.99,3768979269.13,6331992394.65,0.00,0.00,0.00,0.00,153487535,328746070,122847824,123220882
2538.68,2367717.44,2850512.50,481424.39,482795.07,2660.85,4177.89,0.00,1517.04,3768979269.13,6331992394.65,0.00,0.00,0.00,0.00,153807783,329106999,122847824,123220882
2540.68,2370192.82,2854469.40,481424.39,484276.58,2475.39,3956.90,0.00,1481.51,3768979269.13,6331992394.65,0.00,0.00,0.00,0.00,154115162,329433319,123534556,123220882
2542.68,2372841.04,2858611.05,481424.39,485770.01,2648.22,4141.65,0.00,1493.43,3768979269.13,6331992394.65,0.00,0.00,0.00,0.00,154433193,329793232,123534556,123220882
2544.68,2375303.88,2862497.41,481424.39,487193.52,2462.84,3886.35,0.00,1423.51,3768979269.13,6331992394.65,0.00,0.00,0.00,0.00,154735418,330121494,124222490,123220882
2546.68,2377939.12,2866685.31,481424.39,488746.19,2635.24,4187.90,0.00,1552.66,3768979269.13,6331992394.65,0.00,0.00,0.00,0.00,155051082,330480451,124222490,123220882
2548.68,2380389.89,2870576.81,481424.39,490186.92,2450.77,3891.50,0.00,1440.73,3768979269.13,6331992394.65,0.00,0.00,0.00,0.00,155367154,330791776,124917359,123220882
2550.68,2382962.86,2874649.15,481424.39,491686.29,2572.96,4072.34,0.00,1499.37,3768979269.13,6331992394.65,0.00,0.00,0.00,0.00,155713197,331104412,125603961,123220882
2552.68,2385653.32,2878857.18,481424.39,493203.86,2690.47,4208.03,0.00,1517.56,3768979269.13,6331992394.65,0.00,0.00,0.00,0.00,156269277,331237092,125603961,123220882
2554.68,2388156.72,2882414.44,482131.03,494257.71,2503.40,3557.26,706.63,1053.86,3768979269.13,6331992394.65,0.00,0.00,0.00,0.00,156857113,331290126,126270418,123220882
2556.68,2390813.21,2885070.93,484764.94,494257.71,2656.49,2656.49,2633.91,0.00,3768979269.13,6331992394.65,0.00,0.00,0.00,0.00,157433228,331394072,126270418,123220882
2558.68,2393064.57,2887322.29,486972.68,494257.71,2251.36,2251.36,2207.74,0.00,3768979269.13,6331992394.65,0.00,0.00,0.00,0.00,156491828,331491459,126270418,124641243
2560.68,2395572.35,2889830.07,489229.82,494257.71,2507.78,2507.78,2257.14,0.00,3768979269.13,6331992394.65,0.00,0.00,0.00,0.00,157032225,331593054,126270418,124641243
2562.68,2397927.68,2892185.39,491559.50,494257.71,2355.32,2355.32,2329.67,0.00,3768979269.13,6331992394.65,0.00,0.00,0.00,0.00,156879514,331669182,126270418,125320789
2564.68,2400448.47,2894706.18,494183.83,494257.71,2520.79,2520.79,2624.33,0.00,3768979269.13,6331992394.65,0.00,0.00,0.00,0.00,157451358,331742661,126270418,125320789
2566.68,2402638.48,2896896.19,496075.59,494257.71,2190.01,2190.01,1891.76,0.00,3768979269.13,6331992394.65,0.00,0.00,0.00,0.00,156709082,331815699,126270418,126550669
2568.68,2405007.55,2899265.27,498328.85,494257.71,2369.07,2369.07,2253.26,0.00,3768979269.13,6331992394.65,0.00,0.00,0.00,0.00,156597726,331893297,126270418,127190910
2570.68,2407554.98,2901812.70,500966.54,494257.71,2547.43,2547.43,2637.70,0.00,3768979269.13,6331992394.65,0.00,0.00,0.00,0.00,157161307,331981858,126270418,127190910
2572.68,2409622.21,2904374.38,502239.91,494752.17,2067.23,2561.68,1273.37,494.45,3768979269.13,6331992394.65,0.00,0.00,0.00,0.00,156268802,332044845,126270418,128549639
2574.68,2411966.23,2908309.00,502239.91,496342.77,2344.02,3934.62,0.00,1590.60,3768979269.13,6331992394.65,0.00,0.00,0.00,0.00,156791549,332122167,126270418,128549639
2576.68,2414415.47,2912203.45,502239.91,497787.98,2449.24,3894.46,0.00,1445.21,3768979269.13,6331992394.65,0.00,0.00,0.00,0.00,157346024,332194698,126956006,128549639
2578.68,2416986.50,2916405.39,502239.91,499418.89,2571.02,4201.94,0.00,1630.91,3768979269.13,6331992394.65,0.00,0.00,0.00,0.00,157918366,332280538,126956006,128549639
2580.68,2419378.54,2920247.39,502239.91,500868.86,2392.04,3842.00,0.00,1449.96,3768979269.13,6331992394.65,0.00,0.00,0.00,0.00,158235306,332575961,127662522,128549639
2582.70,2421840.06,2924207.90,502239.91,502367.84,2461.52,3960.50,0.00,1498.98,3768979269.13,6331992394.65,0.00,0.00,0.00,0.00,158767709,332673707,128327286,128549639
2584.70,2424441.66,2928358.44,502239.91,503916.78,2601.60,4150.54,0.00,1548.94,3768979269.13,6331992394.65,0.00,0.00,0.00,0.00,159333534,332773892,128327286,128549639
2586.70,2426929.45,2932192.21,502239.91,505262.77,2487.79,3833.77,0.00,1345.99,3768979269.13,6331992394.65,0.00,0.00,0.00,0.00,159902892,332841407,128913055,128549639
2588.70,2429273.21,2936183.28,502239.91,506910.07,2343.77,3991.07,0.00,1647.30,3768979269.13,6331992394.65,0.00,0.00,0.00,0.00,160423981,332920322,128913055,128549639
2590.70,2431781.02,2940172.60,502239.91,508391.57,2507.81,3989.32,0.00,1481.50,3768979269.13,6331992394.65,0.00,0.00,0.00,0.00,161004289,332982014,129582801,128549639
2592.70,2434417.15,2944321.05,502239.91,509903.91,2636.12,4148.46,0.00,1512.33,3768979269.13,6331992394.65,0.00,0.00,0.00,0.00,161568187,333092964,129582801,128549639
2594.70,2436870.01,2946781.31,504793.05,509911.30,2452.86,2460.26,2553.13,7.40,3768979269.13,6331992394.65,0.00,0.00,0.00,0.00,162112519,333176564,130258407,128549639
2596.70,2439406.59,2949317.89,507428.57,509911.30,2536.58,2536.58,2635.53,0.00,3768979269.13,6331992394.65,0.00,0.00,0.00,0.00,162635990,333302458,130258407,128549639
2598.70,2441545.82,2951457.13,509644.66,509911.30,2139.23,2139.23,2216.09,0.00,3768979269.13,6331992394.65,0.00,0.00,0.00,0.00,161637228,333436392,130258407,129962111
2600.70,2444054.64,2953965.94,512284.59,509911.30,2508.81,2508.81,2639.93,0.00,3768979269.13,6331992394.65,0.00,0.00,0.00,0.00,162145028,333570848,130258407,129962111
2602.70,2446201.98,2956113.29,514494.51,509911.30,2147.35,2147.35,2209.92,0.00,3768979269.13,6331992394.65,0.00,0.00,0.00,0.00,161162531,333684707,130258407,131380470
2604.70,2448710.86,2958622.16,517137.20,509911.30,2508.87,2508.87,2642.69,0.00,3768979269.13,6331992394.65,0.00,0.00,0.00,0.00,161676740,333812769,130258407,131380470
2606.70,2450857.19,2960768.50,519370.49,509911.30,2146.34,2146.34,2233.29,0.00,3768979269.13,6331992394.65,0.00,0.00,0.00,0.00,160699494,333909882,130258407,132810065
2608.70,2453445.63,2963356.93,522007.60,509911.30,2588.44,2588.44,2637.11,0.00,3768979269.13,6331992394.65,0.00,0.00,0.00,0.00,161220307,334051709,130258407,132810065
2610.85,2455815.24,2965726.55,524443.77,509911.30,2369.61,2369.61,2436.18,0.00,3768979269.13,6331992394.65,0.00,0.00,0.00,0.00,160271142,334183982,130258407,134233578
2612.85,2458349.31,2968260.62,526614.48,509911.30,2534.07,2534.07,2170.71,0.00,3768979269.13,6331992394.65,0.00,0.00,0.00,0.00,160652134,334451712,130258407,134233578
2614.85,2460696.06,2971669.06,526995.61,510973.00,2346.75,3408.44,381.12,1061.70,3768979269.13,6331992394.65,0.00,0.00,0.00,0.00,160306703,334744641,130258407,134886847
2616.87,2463345.96,2975859.75,526995.61,512513.78,2649.91,4190.69,0.00,1540.78,3768979269.13,6331992394.65,0.00,0.00,0.00,0.00,160644057,335085663,130924639,134886847
2618.87,2465848.84,2979611.15,526995.61,513762.30,2502.88,3751.40,0.00,1248.52,3768979269.13,6331992394.65,0.00,0.00,0.00,0.00,160938956,335431501,130924639,134886847
2620.87,2468262.29,2983528.21,526995.61,515265.92,2413.44,3917.06,0.00,1503.62,3768979269.13,6331992394.65,0.00,0.00,0.00,0.00,161251137,335737161,131617766,134886847
2622.87,2470897.74,2987694.38,526995.61,516796.64,2635.45,4166.17,0.00,1530.72,3768979269.13,6331992394.65,0.00,0.00,0.00,0.00,161622884,336040090,131617766,134886847
2624.87,2473348.77,2991576.81,526995.61,518228.04,2451.03,3882.43,0.00,1431.40,3768979269.13,6331992394.65,0.00,0.00,0.00,0.00,161973761,336316677,132286611,134886847
2626.87,2475956.86,2995718.50,526995.61,519761.64,2608.09,4141.70,0.00,1533.60,3768979269.13,6331992394.65,0.00,0.00,0.00,0.00,162304161,336653949,132286611,134886847
2628.87,2478424.47,2999666.91,526995.61,521242.43,2467.61,3948.40,0.00,1480.79,3768979269.13,6331992394.65,0.00,0.00,0.00,0.00,162677511,336912307,132956872,134886847
2630.87,2481059.61,3003893.73,526995.61,522834.12,2635.14,4226.83,0.00,1591.69,3768979269.13,6331992394.65,0.00,0.00,0.00,0.00,163056835,337207579,132956872,134886847
2632.87,2483521.65,3007823.75,526995.61,524302.10,2462.04,3930.01,0.00,1467.98,3768979269.13,6331992394.65,0.00,0.00,0.00,0.00,163398765,337495930,133639158,134886847
2634.87,2485865.66,3011694.12,526995.61,525828.46,2344.01,3870.38,0.00,1526.37,3768979269.13,6331992394.65,0.00,0.00,0.00,0.00,163731711,337763050,133639158,134886847
2636.87,2488373.47,3014392.39,528908.97,526018.92,2507.81,2698.27,1913.36,190.45,3768979269.13,6331992394.65,0.00,0.00,0.00,0.00,164099239,338037522,134353471,134886847
2638.87,2490687.75,3016706.66,530958.50,526018.92,2314.28,2314.28,2049.54,0.00,3768979269.13,6331992394.65,0.00,0.00,0.00,0.00,163752281,338271907,134353471,135591875
2640.87,2493032.60,3019051.52,533001.27,526018.92,2344.86,2344.86,2042.76,0.00,3768979269.13,6331992394.65,0.00,0.00,0.00,0.00,163410219,338512519,134353471,136293608
2642.87,2495582.03,3021600.95,535259.06,526018.92,2549.43,2549.43,2257.80,0.00,3768979269.13,6331992394.65,0.00,0.00,0.00,0.00,163783081,338792310,134353471,136293608
2644.87,2497904.15,3023923.07,537275.88,526018.92,2322.12,2322.12,2016.82,0.00,3768979269.13,6331992394.65,0.00,0.00,0.00,0.00,163423009,339036056,134353471,137004398
2646.87,2500245.73,3026264.64,537824.45,526018.92,2341.57,2341.57,548.57,0.00,3768979269.13,6331992394.65,0.00,0.00,0.00,0.00,163110221,339293654,134353471,137659031
2648.87,2502794.44,3028813.36,539570.27,526018.92,2548.71,2548.71,1745.81,0.00,3768979269.13,6331992394.65,0.00,0.00,0.00,0.00,163487937,339568408,134353471,137659031
2650.87,2505181.57,3031200.48,540100.02,526018.92,2387.13,2387.13,529.75,0.00,3769936920.47,6332980941.61,957651.34,988546.95,0.00,0.00,163259210,339825696,134353471,138241575
2652.87,2507654.09,3034324.43,540100.02,526670.34,2472.52,3123.94,0.00,651.42,3769936920.47,6332980941.61,0.00,0.00,0.00,0.00,163598026,340119846,134353471,138241575
2654.87,2509998.89,3038560.05,540100.02,528561.17,2344.80,4235.63,0.00,1890.83,3769936920.47,6332980941.61,0.00,0.00,0.00,0.00,163936749,340381391,134353471,138241575
2656.87,2512463.18,3042728.18,540100.02,530265.00,2464.29,4168.13,0.00,1703.84,3769936920.47,6332980941.61,0.00,0.00,0.00,0.00,164320958,340628041,135359821,138241575
2658.87,2515049.59,3047010.92,540100.02,531961.33,2586.41,4282.73,0.00,1696.32,3769936920.47,6332980941.61,0.00,0.00,0.00,0.00,164643316,340967804,135359821,138241575
2660.87,2517490.89,3050940.79,540100.02,533449.90,2441.30,3929.88,0.00,1488.57,3769936920.47,6332980941.61,0.00,0.00,0.00,0.00,164942048,341294045,136098053,138241575
2662.87,2520073.15,3055132.80,540100.02,535059.64,2582.26,4192.00,0.00,1609.74,3769936920.47,6332980941.61,0.00,0.00,0.00,0.00,165335477,341561675,136098053,138241575
2664.87,2522475.65,3058931.87,540100.02,536456.22,2402.50,3799.07,0.00,1396.57,3769936920.47,6332980941.61,0.00,0.00,0.00,0.00,165688193,341823999,136785846,138241575
2666.87,2525045.23,3063065.71,540100.02,538020.48,2569.57,4133.84,0.00,1564.27,3769936920.47,6332980941.61,0.00,0.00,0.00,0.00,166073087,342096916,136785846,138241575
2668.87,2527559.48,3067032.56,540100.02,539473.09,2514.25,3966.85,0.00,1452.60,3769936920.47,6332980941.61,0.00,0.00,0.00,0.00,166435286,342378365,137478972,138241575
2670.88,2530092.07,3071088.23,540100.02,540996.16,2532.60,4055.67,0.00,1523.07,3769936920.47,6332980941.61,0.00,0.00,0.00,0.00,166757768,342704228,138182559,138241575
2672.88,2532722.35,3075243.24,540100.02,542520.89,2630.28,4155.01,0.00,1524.73,3769936920.47,6332980941.61,0.00,0.00,0.00,0.00,167076493,343058854,138182559,138241575
2674.88,2535323.65,3078999.96,540726.66,543676.32,2601.30,3756.72,626.65,1155.43,3769936920.47,6332980941.61,0.00,0.00,0.00,0.00,167339001,343462278,138868679,138241575
2676.88,2537889.87,3081566.19,543355.96,543676.32,2566.22,2566.22,2629.30,0.00,3769936920.47,6332980941.61,0.00,0.00,0.00,0.00,167520688,343937544,138868679,138241575
2678.88,2540205.02,3083881.34,545695.88,543676.32,2315.15,2315.15,2339.91,0.00,3769936920.47,6332980941.61,0.00,0.00,0.00,0.00,166745935,344425476,138868679,139121075
2680.88,2542806.76,3086483.07,548337.66,543676.32,2601.73,2601.73,2641.78,0.00,3769936920.47,6332980941.61,0.00,0.00,0.00,0.00,166841875,344995580,138868679,139121075
2682.88,2545010.93,3088687.24,550424.07,543676.32,2204.17,2204.17,2086.41,0.00,3769936920.47,6332980941.61,0.00,0.00,0.00,0.00,165507855,345483309,138868679,140531633
2684.88,2547676.30,3091352.62,553065.95,543676.32,2665.38,2665.38,2641.88,0.00,3769936920.47,6332980941.61,0.00,0.00,0.00,0.00,165605919,346067581,138868679,140531633
2686.88,2549957.12,3093633.43,554607.42,543676.32,2280.82,2280.82,1541.47,0.00,3769936920.47,6332980941.61,0.00,0.00,0.00,0.00,164301815,346570642,138868679,141916565
2688.88,2552648.62,3096324.94,556797.17,543676.32,2691.51,2691.51,2189.75,0.00,3769936920.47,6332980941.61,0.00,0.00,0.00,0.00,164396684,347164799,138868679,141916565
2690.88,2555211.18,3098887.50,556939.95,543676.32,2562.55,2562.55,142.77,0.00,3769936920.47,6332980941.61,0.00,0.00,0.00,0.00,163902221,347679249,138868679,142552592
2692.88,2557866.02,3102626.76,556939.95,544760.74,2654.84,3739.26,0.00,1084.42,3769936920.47,6332980941.61,0.00,0.00,0.00,0.00,164293209,347967900,138868679,142552592
2694.88,2560335.17,3106688.85,556939.95,546353.68,2469.15,4062.09,0.00,1592.95,3769936920.47,6332980941.61,0.00,0.00,0.00,0.00,164583366,348309845,138868679,142552592
2696.88,2562964.30,3110828.46,556939.95,547864.15,2629.14,4139.61,0.00,1510.47,3769936920.47,6332980941.61,0.00,0.00,0.00,0.00,165023088,348543182,139613575,142552592
2698.88,2565409.89,3114816.46,556939.95,549406.57,2445.59,3988.00,0.00,1542.42,3769936920.47,6332980941.61,0.00,0.00,0.00,0.00,165235449,348956891,139613575,142552592
2700.88,2568026.39,3119061.66,556939.95,551035.27,2616.50,4245.20,0.00,1628.70,3769936920.47,6332980941.61,0.00,0.00,0.00,0.00,165596204,349265961,140328207,142552592
2702.88,2570657.24,3123330.58,556939.95,552673.34,2630.85,4268.91,0.00,1638.07,3769936920.47,6332980941.61,0.00,0.00,0.00,0.00,166109277,349426385,141026694,142552592
2704.88,2573366.27,3127709.41,556939.95,554343.14,2709.02,4378.83,0.00,1669.80,3769936920.47,6332980941.61,0.00,0.00,0.00,0.00,166592358,349636814,141026694,142552592
2706.88,2575991.25,3132092.27,556939.95,556101.02,2624.98,4382.86,0.00,1757.88,3769936920.47,6332980941.61,0.00,0.00,0.00,0.00,166864730,350036437,141749032,142552592
2708.88,2578433.96,3136249.18,556939.95,557815.21,2442.72,4156.91,0.00,1714.19,3769936920.47,6332980941.61,0.00,0.00,0.00,0.00,167173083,350353420,142478192,142552592
2710.88,2581045.00,3140386.53,556939.95,559341.54,2611.03,4137.35,0.00,1526.32,3769936920.47,6332980941.61,0.00,0.00,0.00,0.00,167460315,350734612,142478192,142552592
2712.88,2583740.00,3144606.39,557135.88,560866.39,2695.01,4219.86,195.94,1524.85,3769936920.47,6332980941.61,0.00,0.00,0.00,0.00,168069270,350815579,143259074,142552592
2714.88,2586415.10,3147281.48,559789.47,560866.39,2675.09,2675.09,2653.59,0.00,3769936920.47,6332980941.61,0.00,0.00,0.00,0.00,168333838,351235835,143259074,142552592
2716.88,2589098.21,3149964.60,562443.18,560866.39,2683.11,2683.11,2653.70,0.00,3769936920.47,6332980941.61,0.00,0.00,0.00,0.00,168656841,351599709,143259074,142552592
2718.88,2591386.05,3152252.44,564291.21,560866.39,2287.84,2287.84,1848.03,0.00,3769936920.47,6332980941.61,0.00,0.00,0.00,0.00,167509862,351807270,143259074,144077697
2720.88,2593894.02,3154760.40,566555.35,560866.39,2507.96,2507.96,2264.14,0.00,3769936920.47,6332980941.61,0.00,0.00,0.00,0.00,167330977,352053795,143259074,144652096
2722.88,2596577.38,3157443.76,569175.40,560866.39,2683.36,2683.36,2620.05,0.00,3769936920.47,6332980941.61,0.00,0.00,0.00,0.00,167712140,352359572,143259074,144652096
2724.88,2598907.42,3159773.80,571431.31,560866.39,2330.04,2330.04,2255.91,0.00,3769936920.47,6332980941.61,0.00,0.00,0.00,0.00,166839862,352606975,143259074,145873462
2726.88,2601598.85,3162465.23,574088.35,560866.39,2691.43,2691.43,2657.04,0.00,3769936920.47,6332980941.61,0.00,0.00,0.00,0.00,167226697,352909146,143259074,145873462
2728.88,2603822.98,3164689.36,576292.50,560866.39,2224.13,2224.13,2204.15,0.00,3769936920.47,6332980941.61,0.00,0.00,0.00,0.00,166081638,353165653,143259074,147331391
2730.88,2606352.84,3167219.23,578932.22,560866.39,2529.87,2529.87,2639.72,0.00,3769936920.47,6332980941.61,0.00,0.00,0.00,0.00,166437292,353457645,143259074,147331391
2732.88,2608401.84,3169277.45,581037.75,560875.61,2048.99,2058.22,2105.53,9.23,3769936920.47,6332980941.61,0.00,0.00,0.00,0.00,165330756,353698489,143259074,148721625
2734.88,2611107.58,3173694.76,581037.75,562587.18,2705.74,4417.31,0.00,1711.57,3769936920.47,6332980941.61,0.00,0.00,0.00,0.00,165690738,354031177,143259074,148721625
2736.88,2613798.98,3178233.11,581037.75,564434.14,2691.40,4538.36,0.00,1846.96,3769936920.47,6332980941.61,0.00,0.00,0.00,0.00,166055807,354355106,143259074,148721625
2738.88,2616302.17,3182569.70,581037.75,566267.54,2503.19,4336.59,0.00,1833.40,3769936920.47,6332980941.61,0.00,0.00,0.00,0.00,166396466,354655264,144246593,148721625
2740.88,2618883.86,3186814.14,581037.75,567930.29,2581.69,4244.44,0.00,1662.75,3769936920.47,6332980941.61,0.00,0.00,0.00,0.00,166715987,354996656,144998028,148721625
2742.88,2621626.44,3191139.67,581037.75,569513.23,2742.58,4325.53,0.00,1582.95,3769936920.47,6332980941.61,0.00,0.00,0.00,0.00,167013721,355401023,144998028,148721625
2744.88,2624250.90,3195394.26,581037.75,571143.36,2624.46,4254.59,0.00,1630.12,3769936920.47,6332980941.61,0.00,0.00,0.00,0.00,167370581,355716025,145766464,148721625
2746.88,2626692.07,3199646.44,581037.75,572954.37,2441.16,4252.18,0.00,1811.02,3769936920.47,6332980941.61,0.00,0.00,0.00,0.00,167693445,356018099,145766464,148721625
2748.88,2629297.44,3203991.58,581037.75,574694.14,2605.38,4345.14,0.00,1739.77,3769936920.47,6332980941.61,0.00,0.00,0.00,0.00,168055302,356323218,146560380,148721625
2750.88,2632041.04,3208378.39,581037.75,576337.35,2743.60,4386.81,0.00,1643.21,3769936920.47,6332980941.61,0.00,0.00,0.00,0.00,168459478,356621403,146560380,148721625
2752.88,2634593.18,3211515.54,582611.29,576922.36,2552.14,3137.15,1573.54,585.01,3769936920.47,6332980941.61,0.00,0.00,0.00,0.00,168823858,356910371,147350552,148721625
2754.88,2637272.54,3214194.90,585251.39,576922.36,2679.36,2679.36,2640.10,0.00,3769936920.47,6332980941.61,0.00,0.00,0.00,0.00,169205905,357214240,147350552,148721625
2756.88,2639482.86,3216405.22,587463.84,576922.36,2210.32,2210.32,2212.45,0.00,3769936920.47,6332980941.61,0.00,0.00,0.00,0.00,168079532,357477302,147350552,150150779
2758.88,2641991.58,3218913.94,590131.31,576922.36,2508.72,2508.72,2667.46,0.00,3769936920.47,6332980941.61,0.00,0.00,0.00,0.00,168373716,357825350,147350552,150150779
2760.92,2644316.74,3221239.10,592432.88,576922.36,2325.16,2325.16,2301.57,0.00,3769936920.47,6332980941.61,0.00,0.00,0.00,0.00,167193854,358112459,147350552,151638773
2762.92,2646824.52,3223746.88,595075.39,576922.36,2507.78,2507.78,2642.50,0.00,3769936920.47,6332980941.61,0.00,0.00,0.00,0.00,167534568,358413737,147350552,151638773
2764.92,2649335.07,3226257.43,597742.68,576922.36,2510.55,2510.55,2667.29,0.00,3769936920.47,6332980941.61,0.00,0.00,0.00,0.00,167956807,358634198,147350552,151638773
2766.92,2651467.80,3228390.16,599970.69,576922.36,2132.73,2132.73,2228.01,0.00,3769936920.47,6332980941.61,0.00,0.00,0.00,0.00,166727233,358873672,147350552,153174853
2768.92,2653975.78,3230898.14,602627.88,576922.36,2507.97,2507.97,2657.19,0.00,3769936920.47,6332980941.61,0.00,0.00,0.00,0.00,167078273,359164673,147350552,153174853
2770.92,2655993.82,3233100.91,604415.88,577107.09,2018.04,2202.77,1788.00,184.73,3769936920.47,6332980941.61,0.00,0.00,0.00,0.00,165811224,359416852,147350552,154706342
2772.92,2658337.75,3237273.04,604415.88,578935.30,2343.93,4172.13,0.00,1828.21,3769936920.47,6332980941.61,0.00,0.00,0.00,0.00,166134073,359694048,147350552,154706342
2774.97,2660846.56,3241643.40,604415.88,580796.84,2508.81,4370.36,0.00,1861.55,3769936920.47,6332980941.61,0.00,0.00,0.00,0.00,166470878,359999499,148335400,154706342
2776.97,2663529.92,3246090.28,604415.88,582560.36,2683.36,4446.88,0.00,1763.52,3769936920.47,6332980941.61,0.00,0.00,0.00,0.00,166816826,360340491,148335400,154706342
2778.97,2666150.72,3250257.47,604415.88,584106.75,2620.80,4167.19,0.00,1546.39,3769936920.47,6332980941.61,0.00,0.00,0.00,0.00,167386302,360441941,149022504,154706342
2780.97,2668881.94,3254563.30,604415.88,585681.37,2731.21,4305.84,0.00,1574.62,3769936920.47,6332980941.61,0.00,0.00,0.00,0.00,168025567,360501867,149022504,154706342
2782.97,2671422.70,3258625.48,604415.88,587202.78,2540.76,4062.17,0.00,1521.41,3769936920.47,6332980941.61,0.00,0.00,0.00,0.00,168544325,360633544,149784073,154706342
2784.97,2674139.55,3262995.75,604415.88,588856.19,2716.86,4370.27,0.00,1653.41,3769936920.47,6332980941.61,0.00,0.00,0.00,0.00,168940852,360932532,149784073,154706342
2786.97,2676667.16,3267024.55,604415.88,590357.39,2527.61,4028.81,0.00,1501.20,3769936920.47,6332980941.61,0.00,0.00,0.00,0.00,169309746,361210705,150576150,154706342
2788.97,2679371.70,3271387.55,604415.88,592015.85,2704.54,4362.99,0.00,1658.46,3769936920.47,6332980941.61,0.00,0.00,0.00,0.00,169688709,361524103,150576150,154706342
2790.97,2681886.91,3274646.01,605832.27,592759.10,2515.21,3258.46,1416.39,743.25,3769936920.47,6332980941.61,0.00,0.00,0.00,0.00,170092210,361764497,151397279,154706342
2792.97,2684578.19,3277337.29,608484.91,592759.10,2691.28,2691.28,2652.65,0.00,3769936920.47,6332980941.61,0.00,0.00,0.00,0.00,170543502,362002172,151397279,154706342
2794.97,2686885.47,3279644.57,610782.45,592759.10,2307.28,2307.28,2297.53,0.00,3769936920.47,6332980941.61,0.00,0.00,0.00,0.00,169889507,362030251,151397279,155922922
2796.97,2689393.79,3282152.89,613437.40,592759.10,2508.32,2508.32,2654.95,0.00,3769936920.47,6332980941.61,0.00,0.00,0.00,0.00,170436237,362125652,151397279,155922922
2798.97,2691564.92,3284324.02,615657.68,592759.10,2171.13,2171.13,2220.29,0.00,3769936920.47,6332980941.61,0.00,0.00,0.00,0.00,169341660,362323072,151397279,157375888
2800.97,2694073.37,3286832.47,618323.97,592759.10,2508.45,2508.45,2666.29,0.00,3769936920.47,6332980941.61,0.00,0.00,0.00,0.00,169760297,362546598,151397279,157375888
2803.02,2696288.37,3289047.47,620611.07,592759.10,2215.00,2215.00,2287.10,0.00,3769936920.47,6332980941.61,0.00,0.00,0.00,0.00,168659886,362737629,151397279,158852308
2805.02,2698796.15,3291555.25,623248.34,592759.10,2507.78,2507.78,2637.27,0.00,3769936920.47,6332980941.61,0.00,0.00,0.00,0.00,169090601,362948906,151397279,158852308
2807.02,2701355.18,3294114.27,625902.21,592759.10,2559.02,2559.02,2653.88,0.00,3769936920.47,6332980941.61,0.00,0.00,0.00,0.00,169494635,363199982,151397279,158852308
2809.02,2703477.04,3296236.14,627842.67,592759.10,2121.86,2121.86,1940.46,0.00,3769936920.47,6332980941.61,0.00,0.00,0.00,0.00,168340943,363429001,151397279,160320178
2811.02,2705675.53,3298953.00,629107.52,593277.46,2198.49,2716.86,1264.85,518.37,3769936920.47,6332980941.61,0.00,0.00,0.00,0.00,167930002,363695546,151397279,161027388
2813.02,2708183.59,3303420.51,629107.52,595236.93,2508.05,4467.52,0.00,1959.46,3769936920.47,6332980941.61,0.00,0.00,0.00,0.00,168290990,363976620,151397279,161027388
2815.07,2710821.21,3307880.13,629107.52,597058.93,2637.62,4459.62,0.00,1822.00,3769936920.47,6332980941.61,0.00,0.00,0.00,0.00,168679551,364263290,152449583,161027388
2817.07,2713274.13,3312000.63,629107.52,598726.50,2452.93,4120.50,0.00,1667.57,3769936920.47,6332980941.61,0.00,0.00,0.00,0.00,168993483,364577307,152449583,161027388
2819.07,2715780.08,3316049.81,629107.52,600269.73,2505.95,4049.18,0.00,1543.24,3769936920.47,6332980941.61,0.00,0.00,0.00,0.00,169370918,364841394,153260484,161027388
2821.07,2718384.50,3320154.42,629107.52,601769.93,2604.42,4104.61,0.00,1500.19,3769936920.47,6332980941.61,0.00,0.00,0.00,0.00,169752609,365126434,153260484,161027388
2823.07,2720870.39,3324114.41,629107.52,603244.02,2485.89,3959.99,0.00,1474.10,3769936920.47,6332980941.61,0.00,0.00,0.00,0.00,170114383,365401048,153932086,161027388
2825.07,2723530.59,3328352.14,629107.52,604821.55,2660.20,4237.73,0.00,1577.53,3769936920.47,6332980941.61,0.00,0.00,0.00,0.00,170493787,365702655,153932086,161027388
2827.07,2726004.21,3332278.91,629107.52,606274.70,2473.62,3926.77,0.00,1453.14,3769936920.47,6332980941.61,0.00,0.00,0.00,0.00,170834916,365994774,154631784,161027388
2829.07,2728650.99,3336542.65,629107.52,607891.66,2646.78,4263.74,0.00,1616.96,3769936920.47,6332980941.61,0.00,0.00,0.00,0.00,171203177,366304088,154631784,161027388
2831.07,2731112.49,3339487.68,630698.70,608375.20,2461.50,2945.04,1591.18,483.54,3769936920.47,6332980941.61,0.00,0.00,0.00,0.00,171402260,366586842,155345822,161175695
2833.07,2733459.71,3341834.91,632822.62,608375.20,2347.23,2347.23,2123.93,0.00,3769936920.47,6332980941.61,0.00,0.00,0.00,0.00,170998058,366867931,155345822,161899698
2835.07,2735972.67,3344347.86,635458.51,608375.20,2512.95,2512.95,2635.88,0.00,3769936920.47,6332980941.61,0.00,0.00,0.00,0.00,171359573,367149732,155345822,161899698
2837.07,2738145.48,3346520.67,637705.39,608375.20,2172.81,2172.81,2246.89,0.00,3769936920.47,6332980941.61,0.00,0.00,0.00,0.00,170372984,367401802,155345822,163190456
2839.07,2740654.35,3349029.55,640347.74,608375.20,2508.88,2508.88,2642.35,0.00,3769936920.47,6332980941.61,0.00,0.00,0.00,0.00,170738426,367678632,155345822,163190456
2841.07,2742998.10,3351373.30,643011.23,608375.20,2343.75,2343.75,2663.49,0.00,3769936920.47,6332980941.61,0.00,0.00,0.00,0.00,171067193,367949865,155345822,163190456
2843.07,2745173.64,3353548.84,645227.75,608375.20,2175.54,2175.54,2216.51,0.00,3769936920.47,6332980941.61,0.00,0.00,0.00,0.00,169910361,368184820,155345822,164669271
2845.07,2747682.68,3356057.88,647882.86,608375.20,2509.04,2509.04,2655.11,0.00,3769936920.47,6332980941.61,0.00,0.00,0.00,0.00,170268851,368468644,155345822,164669271
2847.07,2749854.99,3358230.19,650068.93,608375.20,2172.31,2172.31,2186.07,0.00,3769936920.47,6332980941.61,0.00,0.00,0.00,0.00,169116692,368696426,155345822,166149760
2849.07,2752364.46,3360739.66,652723.90,608375.20,2509.47,2509.47,2654.96,0.00,3769936920.47,6332980941.61,0.00,0.00,0.00,0.00,169485788,368969755,155345822,166149760
2851.07,2754599.77,3362974.96,654936.10,608375.20,2235.30,2235.30,2212.20,0.00,3769936920.47,6332980941.61,0.00,0.00,0.00,0.00,168322923,369215135,155345822,167639482
2853.07,2756943.48,3366997.75,654936.10,610054.27,2343.72,4022.79,0.00,1679.07,3769936920.47,6332980941.61,0.00,0.00,0.00,0.00,168634917,369503133,155345822,167639482
2855.07,2759451.30,3371382.89,654936.10,611931.59,2507.81,4385.13,0.00,1877.32,3769936920.47,6332980941.61,0.00,0.00,0.00,0.00,168931587,369848463,155345822,167639482
2857.07,2761795.05,3375460.24,654936.10,613665.19,2343.75,4077.35,0.00,1733.60,3769936920.47,6332980941.61,0.00,0.00,0.00,0.00,169213290,370166760,156335000,167639482
2859.07,2764302.86,3379735.50,654936.10,615432.64,2507.81,4275.26,0.00,1767.45,3769936920.47,6332980941.61,0.00,0.00,0.00,0.00,169525893,370496157,156335000,167639482
2861.07,2766916.31,3383987.08,654936.10,617070.77,2613.45,4251.58,0.00,1638.13,3769936920.47,6332980941.61,0.00,0.00,0.00,0.00,169822830,370868263,157190306,167639482
2863.07,2769674.62,3388431.73,654936.10,618757.11,2758.31,4444.65,0.00,1686.34,3769936920.47,6332980941.61,0.00,0.00,0.00,0.00,170116690,371280530,157190306,167639482
2865.07,2772250.10,3392613.23,654936.10,620363.13,2575.48,4181.50,0.00,1606.02,3769936920.47,6332980941.61,0.00,0.00,0.00,0.00,170370815,371685728,158037464,167639482
2867.07,2774646.64,3396689.89,654936.10,622043.25,2396.55,4076.67,0.00,1680.12,3769936920.47,6332980941.61,0.00,0.00,0.00,0.00,170549287,372120772,158037464,167639482
2869.07,2777201.52,3400736.22,654936.10,623534.70,2554.88,4046.32,0.00,1491.45,3769936920.47,6332980941.61,0.00,0.00,0.00,0.00,170690200,372633907,158866678,167639482
2871.07,2779938.23,3405180.64,654936.10,625242.41,2736.71,4444.42,0.00,1707.71,3769936920.47,6332980941.61,0.00,0.00,0.00,0.00,170792584,373232120,158866678,167639482
2873.07,2782567.89,3407993.13,656908.25,625425.24,2629.66,2812.49,1972.15,182.82,3769936920.47,6332980941.61,0.00,0.00,0.00,0.00,171029758,373668140,159708978,167639482
2875.07,2785039.90,3410465.14,659198.83,625425.24,2472.01,2472.01,2290.58,0.00,3769936920.47,6332980941.61,0.00,0.00,0.00,0.00,170832628,373770619,159708978,168366968
2877.07,2787438.29,3412863.53,661313.31,625425.24,2398.39,2398.39,2114.48,0.00,3769936920.47,6332980941.61,0.00,0.00,0.00,0.00,170141034,374171205,159708978,169271963
2879.07,2790007.34,3415432.58,663496.39,625425.24,2569.05,2569.05,2183.08,0.00,3769936920.47,6332980941.61,0.00,0.00,0.00,0.00,170530811,374439105,159708978,169271963
2881.07,2792394.54,3417819.78,665869.77,625425.24,2387.20,2387.20,2373.39,0.00,3769936920.47,6332980941.61,0.00,0.00,0.00,0.00,170337246,374598300,159708978,169917457
2883.07,2794948.85,3420374.09,668534.66,625425.24,2554.30,2554.30,2664.89,0.00,3769936920.47,6332980941.61,0.00,0.00,0.00,0.00,170435095,375154353,159708978,169917457
2885.07,2797087.56,3422512.80,670691.25,625425.24,2138.71,2138.71,2156.59,0.00,3769936920.47,6332980941.61,0.00,0.00,0.00,0.00,168984186,375615884,159708978,171454345
2887.07,2799597.50,3425022.74,673353.99,625425.24,2509.94,2509.94,2662.73,0.00,3769936920.47,6332980941.61,0.00,0.00,0.00,0.00,169078210,376164405,159708978,171454345
2889.29,2801970.65,3427395.89,675808.11,625425.24,2373.15,2373.15,2454.12,0.00,3769936920.47,6332980941.61,0.00,0.00,0.00,0.00,167648847,376672932,159708978,172982708
2891.29,2803689.19,3431321.30,675808.11,627632.11,1718.54,3925.41,0.00,2206.87,3769936920.47,6332980941.61,0.00,0.00,0.00,0.00,167739219,377022506,160010246,172982708
2893.29,2806042.89,3435411.38,675808.11,629368.49,2353.70,4090.07,0.00,1736.38,3769936920.47,6332980941.61,0.00,0.00,0.00,0.00,167959100,377405171,160405968,172982708
2895.29,2808561.33,3439780.86,675808.11,631219.53,2518.45,4369.49,0.00,1851.04,3769936920.47,6332980941.61,0.00,0.00,0.00,0.00,168494264,377514729,160405968,172982708
2897.29,2810905.08,3443693.12,675808.11,632788.04,2343.75,3912.26,0.00,1568.51,3769936920.47,6332980941.61,0.00,0.00,0.00,0.00,168812296,377796697,161300779,172982708
2899.29,2813412.89,3447840.71,675808.11,634427.82,2507.81,4147.59,0.00,1639.78,3769936920.47,6332980941.61,0.00,0.00,0.00,0.00,169205768,378045225,161300779,172982708
2901.29,2815924.15,3451872.70,675808.11,635948.54,2511.26,4031.98,0.00,1520.73,3769936920.47,6332980941.61,0.00,0.00,0.00,0.00,169757146,378136729,162085644,172982708
2903.29,2818579.37,3456163.93,675808.11,637584.56,2655.22,4291.23,0.00,1636.02,3769936920.47,6332980941.61,0.00,0.00,0.00,0.00,169986987,378586624,162085644,172982708
2905.29,2821129.03,3460339.66,675808.11,639210.63,2549.66,4175.73,0.00,1626.07,3769936920.47,6332980941.61,0.00,0.00,0.00,0.00,170392218,378834105,162881835,172982708
2907.29,2823851.95,3464764.24,675808.11,640912.29,2722.92,4424.59,0.00,1701.66,3769936920.47,6332980941.61,0.00,0.00,0.00,0.00,170717005,379206386,162881835,172982708
2909.29,2826416.82,3468900.53,675808.11,642483.70,2564.88,4136.29,0.00,1571.41,3769936920.47,6332980941.61,0.00,0.00,0.00,0.00,171055934,379524065,163742686,172982708
2911.29,2828803.08,3473067.79,675808.11,644264.71,2386.26,4167.26,0.00,1781.00,3769936920.47,6332980941.61,0.00,0.00,0.00,0.00,171358509,379832372,163742686,172982708
2913.29,2831355.36,3475821.00,677725.92,644465.64,2552.27,2753.21,1917.82,200.93,3769936920.47,6332980941.61,0.00,0.00,0.00,0.00,171686624,380157639,164566671,172982708
2915.29,2833768.75,3478234.39,680018.95,644465.64,2413.40,2413.40,2293.03,0.00,3769936920.47,6332980941.61,0.00,0.00,0.00,0.00,171384376,380380202,164566671,173680223
2917.29,2836354.57,3480820.21,682676.98,644465.64,2585.82,2585.82,2658.03,0.00,3769936920.47,6332980941.61,0.00,0.00,0.00,0.00,171845026,380581522,164566671,173680223
2919.29,2838541.91,3483007.55,684824.31,644465.64,2187.34,2187.34,2147.33,0.00,3769936920.47,6332980941.61,0.00,0.00,0.00,0.00,170588507,380860981,164566671,175217241
2921.29,2841051.52,3485517.16,687488.23,644465.64,2509.61,2509.61,2663.92,0.00,3769936920.47,6332980941.61,0.00,0.00,0.00,0.00,170976305,381115644,164566671,175217241
2923.29,2843333.69,3487799.33,689669.27,644465.64,2282.17,2282.17,2181.05,0.00,3769936920.47,6332980941.61,0.00,0.00,0.00,0.00,169919689,381442832,164566671,176530904
2925.29,2845844.03,3490309.67,691932.99,644465.64,2510.34,2510.34,2263.72,0.00,3769936920.47,6332980941.61,0.00,0.00,0.00,0.00,170273933,381731235,164566671,176530904
2927.29,2848145.78,3492611.42,694229.27,644465.64,2301.75,2301.75,2296.27,0.00,3769936920.47,6332980941.61,0.00,0.00,0.00,0.00,169851759,381988728,164566671,177284832
2929.29,2850655.87,3495121.51,696890.91,644465.64,2510.09,2510.09,2661.64,0.00,3769936920.47,6332980941.61,0.00,0.00,0.00,0.00,170211067,382272004,164566671,177284832
2931.29,2852685.47,3497151.11,699000.18,644465.64,2029.60,2029.60,2109.27,0.00,3769936920.47,6332980941.61,0.00,0.00,0.00,0.00,168934911,382541786,164566671,178810783
2933.29,2855196.12,3499661.76,701667.25,644465.64,2510.65,2510.65,2667.07,0.00,3769936920.47,6332980941.61,0.00,0.00,0.00,0.00,169299223,382820201,164566671,178810783
2935.29,2857706.00,3502171.64,704334.96,644465.64,2509.88,2509.88,2667.71,0.00,3769936920.47,6332980941.61,0.00,0.00,0.00,0.00,169655159,383106794,164566671,178810783
2937.29,2859748.04,3504213.68,706295.69,644465.64,2042.04,2042.04,1960.72,0.00,3769936920.47,6332980941.61,0.00,0.00,0.00,0.00,168402996,383329381,164566671,180363121
2939.29,2862054.95,3506520.59,708487.34,644465.64,2306.91,2306.91,2191.65,0.00,3769936920.47,6332980941.61,0.00,0.00,0.00,0.00,167776399,383597206,164566671,181312462
2941.29,2864565.15,3509030.79,710697.77,644465.64,2510.20,2510.20,2210.43,0.00,3769936920.47,6332980941.61,0.00,0.00,0.00,0.00,168157130,383859087,164566671,181312462
2943.29,2866872.20,3511337.84,712693.48,644465.64,2307.05,2307.05,1995.71,0.00,3769936920.47,6332980941.61,0.00,0.00,0.00,0.00,167793791,384117503,164566671,182007989
2945.29,2869186.91,3513652.55,714917.73,644465.64,2314.71,2314.71,2224.24,0.00,3769936920.47,6332980941.61,0.00,0.00,0.00,0.00,167419724,384369497,164566671,182722627
2947.29,2871730.18,3516195.82,717586.34,644465.64,2543.27,2543.27,2668.61,0.00,3769936920.47,6332980941.61,0.00,0.00,0.00,0.00,167763532,384676767,164566671,182722627
2949.43,2873966.20,3518431.84,719932.40,644465.64,2236.02,2236.02,2346.06,0.00,3769936920.47,6332980941.61,0.00,0.00,0.00,0.00,166533643,384923183,164566671,184278522
2951.43,2876473.98,3520939.62,722574.44,644465.64,2507.78,2507.78,2642.04,0.00,3769936920.47,6332980941.61,0.00,0.00,0.00,0.00,166879227,385219591,164566671,184278522
2953.43,2879025.87,3523491.51,725238.12,644465.64,2551.89,2551.89,2663.68,0.00,3769936920.47,6332980941.61,0.00,0.00,0.00,0.00,167182216,385569885,164566671,184278522
2955.43,2881103.94,3525569.58,727405.88,644465.64,2078.07,2078.07,2167.77,0.00,3769936920.47,6332980941.61,0.00,0.00,0.00,0.00,165858770,385868585,164566671,185835254
2957.43,2883640.33,3528105.97,730041.71,644465.64,2536.39,2536.39,2635.82,0.00,3769936920.47,6332980941.61,0.00,0.00,0.00,0.00,166190822,386185848,164566671,185835254
2959.43,2885740.47,3530206.11,732234.42,644465.64,2100.14,2100.14,2192.71,0.00,3769936920.47,6332980941.61,0.00,0.00,0.00,0.00,165042132,386436188,164566671,187271241
2961.43,2888261.55,3532727.19,734887.54,644465.64,2521.08,2521.08,2653.12,0.00,3769936920.47,6332980941.61,0.00,0.00,0.00,0.00,165370640,386753076,164566671,187271241
2963.43,2890606.41,3535072.05,737558.15,644465.64,2344.86,2344.86,2670.62,0.00,3769936920.47,6332980941.61,0.00,0.00,0.00,0.00,165684299,387039701,164566671,187271241
2965.43,2892642.84,3537108.48,739679.23,644465.64,2036.43,2036.43,2121.08,0.00,3769936920.47,6332980941.61,0.00,0.00,0.00,0.00,164425513,387290548,164566671,188800505
2967.43,2895176.71,3539642.35,742314.91,644465.64,2533.87,2533.87,2635.68,0.00,3769936920.47,6332980941.61,0.00,0.00,0.00,0.00,164872468,387492264,164566671,188800505
2969.43,2897291.83,3541757.47,744539.86,644465.64,2115.12,2115.12,2224.95,0.00,3769936920.47,6332980941.61,0.00,0.00,0.00,0.00,163844666,387805537,164566671,190056505
2971.43,2899828.55,3544294.19,747209.47,644465.64,2536.72,2536.72,2669.61,0.00,3769936920.47,6332980941.61,0.00,0.00,0.00,0.00,164248154,388051449,164566671,190056505
2973.43,2901860.64,3546326.28,749320.99,644465.64,2032.09,2032.09,2111.52,0.00,3769936920.47,6332980941.61,0.00,0.00,0.00,0.00,163006017,388263072,164566671,191607234
2975.43,2904427.57,3548893.21,751975.47,644465.64,2566.93,2566.93,2654.48,0.00,3769936920.47,6332980941.61,0.00,0.00,0.00,0.00,163384187,388542037,164566671,191607234
2977.57,2906673.03,3551138.67,754330.01,644465.64,2245.46,2245.46,2354.54,0.00,3769936920.47,6332980941.61,0.00,0.00,0.00,0.00,162250283,388773704,164566671,193084308
2979.57,2909177.60,3553643.24,756937.74,644465.64,2504.57,2504.57,2607.73,0.00,3769936920.47,6332980941.61,0.00,0.00,0.00,0.00,162646460,389018697,164566671,193084308
2981.70,2911481.55,3555947.19,759364.75,644465.64,2303.95,2303.95,2427.01,0.00,3769936920.47,6332980941.61,0.00,0.00,0.00,0.00,161707603,389258474,164566671,194373200
2983.70,2914018.13,3558483.77,761198.57,644465.64,2536.58,2536.58,1833.82,0.00,3769936920.47,6332980941.61,0.00,0.00,0.00,0.00,162059405,389556037,164566671,194373200
2985.70,2916564.67,3561030.31,763851.98,644465.64,2546.54,2546.54,2653.41,0.00,3769936920.47,6332980941.61,0.00,0.00,0.00,0.00,162428912,389838444,164566671,194373200
2987.70,2918664.91,3563130.55,765080.50,644465.64,2100.24,2100.24,1228.52,0.00,3769936920.47,6332980941.61,0.00,0.00,0.00,0.00,161337636,390075138,164566671,195765443
2989.70,2921195.22,3565660.86,767717.82,644465.64,2530.31,2530.31,2637.32,0.00,3769936920.47,6332980941.61,0.00,0.00,0.00,0.00,161723387,390337147,164566671,195765443
2992.01,2923686.85,3568152.49,770315.28,644465.64,2491.62,2491.62,2597.46,0.00,3769936920.47,6332980941.61,0.00,0.00,0.00,0.00,160690567,390596900,164566671,197176366
2994.01,2926079.45,3571686.20,770315.28,645606.75,2392.60,3533.71,0.00,1141.11,3769936920.47,6332980941.61,0.00,0.00,0.00,0.00,161022128,390877845,164566671,197176366
2996.01,2928666.12,3576084.68,770315.28,647418.55,2586.68,4398.48,0.00,1811.80,3769936920.47,6332980941.61,0.00,0.00,0.00,0.00,161414761,391147401,164566671,197176366
2998.01,2931162.16,3579732.96,770315.28,648570.80,2496.04,3648.29,0.00,1152.25,3769936920.47,6332980941.61,0.00,0.00,0.00,0.00,161769976,391431171,165528964,197176366
3000.01,2933505.93,3583749.98,770315.28,650244.06,2343.77,4017.02,0.00,1673.25,3769936920.47,6332980941.61,0.00,0.00,0.00,0.00,162111402,391689749,165528964,197176366
3002.01,2935982.67,3587703.30,770315.28,651720.63,2476.75,3953.32,0.00,1476.57,3769936920.47,6332980941.61,0.00,0.00,0.00,0.00,162477332,391957866,166183682,197176366
3004.01,2938621.37,3592047.25,770315.28,653425.88,2638.70,4343.94,0.00,1705.25,3769936920.47,6332980941.61,0.00,0.00,0.00,0.00,162837055,392273649,166183682,197176366
3006.01,2941115.48,3596071.18,770315.28,654955.70,2494.11,4023.93,0.00,1529.82,3769936920.47,6332980941.61,0.00,0.00,0.00,0.00,163125587,392623610,167011580,197176366
3008.01,2943789.62,3600538.36,770315.28,656748.74,2674.14,4467.18,0.00,1793.04,3769936920.47,6332980941.61,0.00,0.00,0.00,0.00,163454089,392979687,167011580,197176366
3010.01,2946276.79,3604637.10,770315.28,658360.31,2487.17,4098.74,0.00,1611.57,3769936920.47,6332980941.61,0.00,0.00,0.00,0.00,163748722,393321770,167873099,197176366
3012.01,2948937.80,3608968.68,770315.28,660030.88,2661.01,4331.58,0.00,1670.57,3769936920.47,6332980941.61,0.00,0.00,0.00,0.00,164079567,393672143,167873099,197176366
3014.01,2951507.44,3612389.47,771584.38,660882.04,2569.64,3420.79,1269.10,851.15,3769936920.47,6332980941.61,0.00,0.00,0.00,0.00,164398400,394011138,168759920,197176366
3016.01,2953794.45,3614676.48,773649.75,660882.04,2287.01,2287.01,2065.37,0.00,3769936920.47,6332980941.61,0.00,0.00,0.00,0.00,163969984,394316841,168759920,197884554
3018.01,2956374.71,3617256.74,776286.80,660882.04,2580.26,2580.26,2637.06,0.00,3769936920.47,6332980941.61,0.00,0.00,0.00,0.00,164279223,394668148,168759920,197884554
3020.07,2958596.11,3619478.14,778573.83,660882.04,2221.40,2221.40,2287.03,0.00,3769936920.47,6332980941.61,0.00,0.00,0.00,0.00,163132491,394977556,168759920,199290556
3022.07,2961155.36,3622037.39,781207.05,660882.04,2559.25,2559.25,2633.22,0.00,3769936920.47,6332980941.61,0.00,0.00,0.00,0.00,163372732,395392484,168759920,199290556
3024.07,2963757.32,3624639.36,783861.00,660882.04,2601.96,2601.96,2653.95,0.00,3769936920.47,6332980941.61,0.00,0.00,0.00,0.00,163700012,395731307,168759920,199290556
3026.07,2965857.69,3626739.73,786019.84,660882.04,2100.37,2100.37,2158.84,0.00,3769936920.47,6332980941.61,0.00,0.00,0.00,0.00,162480368,396019598,168759920,200759603
3028.07,2968409.98,3629292.02,788668.10,660882.04,2552.29,2552.29,2648.27,0.00,3769936920.47,6332980941.61,0.00,0.00,0.00,0.00,162785687,396367666,168759920,200759603
3030.07,2970535.40,3631417.43,790683.47,660882.04,2125.41,2125.41,2015.37,0.00,3769936920.47,6332980941.61,0.00,0.00,0.00,0.00,161747072,396534706,168759920,202175284
3032.12,2972946.21,3633828.25,792810.91,660882.04,2410.81,2410.81,2127.44,0.00,3769936920.47,6332980941.61,0.00,0.00,0.00,0.00,161234152,396904830,168759920,202935248
3034.12,2975464.17,3637587.75,792810.91,662123.58,2517.96,3759.51,0.00,1241.55,3769936920.47,6332980941.61,0.00,0.00,0.00,0.00,161557174,397226406,168759920,202935248
3036.12,2977807.98,3641866.86,792810.91,664058.89,2343.80,4279.11,0.00,1935.30,3769936920.47,6332980941.61,0.00,0.00,0.00,0.00,161848804,397534790,168759920,202935248
3038.12,2980315.79,3646065.77,792810.91,665749.98,2507.81,4198.91,0.00,1691.09,3769936920.47,6332980941.61,0.00,0.00,0.00,0.00,162130147,397895447,169819367,202935248
3040.12,2982999.15,3650495.18,792810.91,667496.03,2683.36,4429.41,0.00,1746.05,3769936920.47,6332980941.61,0.00,0.00,0.00,0.00,162491529,398221005,169819367,202935248
3042.12,2985528.21,3654567.73,792810.91,669039.52,2529.06,4072.55,0.00,1543.49,3769936920.47,6332980941.61,0.00,0.00,0.00,0.00,162817857,398542117,170692570,202935248
3044.12,2988242.70,3658869.91,792810.91,670627.20,2714.49,4302.17,0.00,1587.68,3769936920.47,6332980941.61,0.00,0.00,0.00,0.00,163160801,398894083,170692570,202935248
3046.12,2990767.41,3662940.36,792810.91,672172.95,2524.71,4070.45,0.00,1545.75,3769936920.47,6332980941.61,0.00,0.00,0.00,0.00,163464086,399237123,171425043,202935248
3048.12,2993468.39,3667303.32,792810.91,673834.93,2700.98,4362.96,0.00,1661.98,3769936920.47,6332980941.61,0.00,0.00,0.00,0.00,163737092,399655569,171425043,202935248
3050.12,2995980.31,3671277.42,792810.91,675297.11,2511.91,3974.09,0.00,1462.18,3769936920.47,6332980941.61,0.00,0.00,0.00,0.00,164042932,399992779,172260939,202935248
3052.12,2998668.05,3675802.26,792810.91,677134.20,2687.75,4524.84,0.00,1837.09,3769936920.47,6332980941.61,0.00,0.00,0.00,0.00,164407310,400316464,172260939,202935248
3054.12,3001167.66,3679067.65,794225.91,677899.99,2499.60,3265.39,1415.00,765.79,3769936920.47,6332980941.61,0.00,0.00,0.00,0.00,164735823,400627849,173095531,202935248
3056.12,3003611.09,3681511.09,796462.80,677899.99,2443.44,2443.44,2236.89,0.00,3769936920.47,6332980941.61,0.00,0.00,0.00,0.00,164430411,400933892,173095531,203560137
3058.12,3006006.65,3683906.64,798524.39,677899.99,2395.55,2395.55,2061.59,0.00,3769936920.47,6332980941.61,0.00,0.00,0.00,0.00,163991495,401261538,173095531,204284669
3060.12,3008633.00,3686533.00,800763.57,677899.99,2626.36,2626.36,2239.18,0.00,3769936920.47,6332980941.61,0.00,0.00,0.00,0.00,164341188,401584192,173095531,204284669
3062.12,3011035.92,3688935.91,801453.97,677899.99,2402.91,2402.91,690.40,0.00,3769936920.47,6332980941.61,0.00,0.00,0.00,0.00,163904181,401896061,173095531,205024953
3064.12,3013741.88,3691641.87,804055.92,677899.99,2705.96,2705.96,2601.95,0.00,3769936920.47,6332980941.61,0.00,0.00,0.00,0.00,164258269,402234699,173095531,205024953
3066.12,3016079.62,3693979.61,805926.90,677899.99,2337.74,2337.74,1870.98,0.00,3769936920.47,6332980941.61,0.00,0.00,0.00,0.00,163290186,402533256,173095531,206292940
3068.12,3018826.99,3696726.98,807685.13,677899.99,2747.37,2747.37,1758.23,0.00,3769936920.47,6332980941.61,0.00,0.00,0.00,0.00,163632230,402894539,173095531,206292940
3070.12,3021309.64,3699209.63,809094.77,677899.99,2482.65,2482.65,1409.63,0.00,3769936920.47,6332980941.61,0.00,0.00,0.00,0.00,163112918,403238436,173095531,207103913
3072.12,3023820.09,3702437.59,809094.77,678617.51,2510.45,3227.96,0.00,717.52,3769936920.47,6332980941.61,0.00,0.00,0.00,0.00,163407110,403586919,173095531,207103913
3074.12,3026165.12,3706759.99,809094.77,680594.87,2345.04,4322.40,0.00,1977.36,3769936920.47,6332980941.61,0.00,0.00,0.00,0.00,163668152,403926207,173095531,207103913
3076.12,3028672.94,3710979.06,809094.77,682306.12,2507.81,4219.07,0.00,1711.25,3769936920.47,6332980941.61,0.00,0.00,0.00,0.00,163963460,404272899,174182698,207103913
3078.12,3031336.14,3715441.05,809094.77,684104.90,2663.21,4461.99,0.00,1798.78,3769936920.47,6332980941.61,0.00,0.00,0.00,0.00,164271080,404647060,174182698,207103913
3080.12,3033816.37,3719638.49,809094.77,685822.12,2480.23,4197.44,0.00,1717.21,3769936920.47,6332980941.61,0.00,0.00,0.00,0.00,164540279,405012799,175093405,207103913
3082.12,3036468.30,3724035.42,809094.77,687567.12,2651.93,4396.93,0.00,1745.00,3769936920.47,6332980941.61,0.00,0.00,0.00,0.00,164778751,405453221,175093405,207103913
3084.12,3038934.59,3728114.52,809094.77,689179.92,2466.29,4079.10,0.00,1612.80,3769936920.47,6332980941.61,0.00,0.00,0.00,0.00,165084362,405778981,175942678,207103913
3086.12,3041573.52,3732566.21,809094.77,690992.69,2638.93,4451.70,0.00,1812.77,3769936920.47,6332980941.61,0.00,0.00,0.00,0.00,165615062,405923847,175942678,207103913
3088.12,3044027.73,3736991.06,809094.77,692963.33,2454.20,4424.85,0.00,1970.64,3769936920.47,6332980941.61,0.00,0.00,0.00,0.00,165960273,406206912,176773074,207103913
3090.12,3046653.72,3741168.70,809094.77,694514.97,2626.00,4177.64,0.00,1551.64,3769936920.47,6332980941.61,0.00,0.00,0.00,0.00,166280281,406559159,176773074,207103913
3092.12,3049241.58,3744827.24,810112.23,695585.66,2587.86,3658.54,1017.46,1070.69,3769936920.47,6332980941.61,0.00,0.00,0.00,0.00,166573013,406928918,177622100,207103913
3094.12,3051605.95,3747191.61,812200.97,695585.66,2364.37,2364.37,2088.74,0.00,3769936920.47,6332980941.61,0.00,0.00,0.00,0.00,166026343,407327289,177622100,207857490
3096.12,3054138.49,3749724.15,814561.84,695585.66,2532.54,2532.54,2360.88,0.00,3769936920.47,6332980941.61,0.00,0.00,0.00,0.00,166355663,407646300,177622100,207857490
3098.12,3056491.22,3752076.88,816870.76,695585.66,2352.73,2352.73,2308.92,0.00,3769936920.47,6332980941.61,0.00,0.00,0.00,0.00,165889058,407939871,177622100,208632823
3100.12,3059008.64,3754594.30,819517.09,695585.66,2517.42,2517.42,2646.33,0.00,3769936920.47,6332980941.61,0.00,0.00,0.00,0.00,166218177,408255211,177622100,208632823
3102.12,3061141.46,3756727.12,821522.79,695585.66,2132.82,2132.82,2005.69,0.00,3769936920.47,6332980941.61,0.00,0.00,0.00,0.00,165093260,408519768,177622100,210039186
3104.12,3063426.07,3759011.73,823609.05,695585.66,2284.61,2284.61,2086.27,0.00,3769936920.47,6332980941.61,0.00,0.00,0.00,0.00,164585463,408832048,177622100,210819564
3106.12,3065933.86,3761519.52,826265.39,695585.66,2507.78,2507.78,2656.34,0.00,3769936920.47,6332980941.61,0.00,0.00,0.00,0.00,164901877,409157626,177622100,210819564
3108.12,3068277.61,3763863.27,828904.55,695585.66,2343.75,2343.75,2639.16,0.00,3769936920.47,6332980941.61,0.00,0.00,0.00,0.00,165225244,409434259,177622100,210819564
3110.12,3070423.69,3766009.35,831158.61,695585.66,2146.09,2146.09,2254.05,0.00,3769936920.47,6332980941.61,0.00,0.00,0.00,0.00,164093894,409690738,177622100,212243833
3112.12,3072931.72,3768517.38,833790.45,695585.66,2508.03,2508.03,2631.84,0.00,3769936920.47,6332980941.61,0.00,0.00,0.00,0.00,164443381,409983306,177622100,212243833
3114.12,3074934.40,3771239.55,834790.34,696305.16,2002.68,2722.18,999.89,719.50,3769936920.47,6332980941.61,0.00,0.00,0.00,0.00,163275560,410225923,177622100,213681723
3116.12,3077442.57,3775620.01,834790.34,698177.43,2508.18,4380.45,0.00,1872.28,3769936920.47,6332980941.61,0.00,0.00,0.00,0.00,163607630,410535946,177622100,213681723
3118.12,3079977.86,3779899.96,834790.34,699922.11,2535.29,4279.96,0.00,1744.67,3769936920.47,6332980941.61,0.00,0.00,0.00,0.00,163965096,410827513,178706157,213681723
3120.12,3082336.82,3783941.20,834790.34,701604.38,2358.96,4041.23,0.00,1682.27,3769936920.47,6332980941.61,0.00,0.00,0.00,0.00,164297369,411099135,178706157,213681723
3122.12,3084844.80,3787861.05,834790.34,703016.24,2507.98,3919.85,0.00,1411.87,3769936920.47,6332980941.61,0.00,0.00,0.00,0.00,164666874,411371673,179365155,213681723
3124.12,3087189.40,3791981.82,834790.34,704792.42,2344.59,4120.77,0.00,1776.18,3769936920.47,6332980941.61,0.00,0.00,0.00,0.00,165007387,411631376,179365155,213681723
3126.12,3089693.26,3796125.73,834790.34,706432.46,2503.86,4143.91,0.00,1640.05,3769936920.47,6332980941.61,0.00,0.00,0.00,0.00,165219007,412060745,180215684,213681723
3128.12,3092345.24,3800499.19,834790.34,708153.95,2651.98,4373.46,0.00,1721.48,3769936920.47,6332980941.61,0.00,0.00,0.00,0.00,165589071,412369587,180215684,213681723
3130.12,3094812.54,3804619.36,834790.34,709806.82,2467.30,4120.18,0.00,1652.87,3769936920.47,6332980941.61,0.00,0.00,0.00,0.00,165921905,412668383,181081037,213681723
3132.12,3097451.46,3809029.66,834790.34,711578.20,2638.92,4410.30,0.00,1771.38,3769936920.47,6332980941.61,0.00,0.00,0.00,0.00,166259780,413006072,181081037,213681723
3134.12,3099905.66,3812344.93,836017.85,712439.27,2454.20,3315.26,1227.51,861.07,3769936920.47,6332980941.61,0.00,0.00,0.00,0.00,166597226,413296900,181935256,213681723
3136.12,3102477.33,3814916.59,838684.67,712439.27,2571.67,2571.67,2666.82,0.00,3769936920.47,6332980941.61,0.00,0.00,0.00,0.00,166931540,413620933,181935256,213681723
3138.12,3104783.06,3817222.33,840941.86,712439.27,2305.73,2305.73,2257.20,0.00,3769936920.47,6332980941.61,0.00,0.00,0.00,0.00,165871174,413909993,181935256,215043297
3140.12,3107292.67,3819731.94,843313.52,712439.27,2509.61,2509.61,2371.65,0.00,3769936920.47,6332980941.61,0.00,0.00,0.00,0.00,166198699,414224928,181935256,215043297
3142.12,3109611.31,3822050.57,845467.20,712439.27,2318.64,2318.64,2153.68,0.00,3769936920.47,6332980941.61,0.00,0.00,0.00,0.00,165630906,414518957,181935256,215910632
3144.12,3111903.89,3824343.16,847589.89,712439.27,2292.59,2292.59,2122.69,0.00,3769936920.47,6332980941.61,0.00,0.00,0.00,0.00,165054519,414824280,181935256,216768598
3146.12,3114413.76,3826853.02,850002.72,712439.27,2509.86,2509.86,2412.83,0.00,3769936920.47,6332980941.61,0.00,0.00,0.00,0.00,165355405,415165919,181935256,216768598
3148.12,3116689.94,3829129.20,852075.58,712439.27,2276.18,2276.18,2072.86,0.00,3769936920.47,6332980941.61,0.00,0.00,0.00,0.00,164868516,415351577,181935256,217652531
3150.12,3119011.21,3831450.48,854218.11,712439.27,2321.27,2321.27,2142.54,0.00,3769936920.47,6332980941.61,0.00,0.00,0.00,0.00,164301332,415665778,181935256,218499760
3152.12,3121521.07,3833960.34,856609.75,712439.27,2509.86,2509.86,2391.63,0.00,3769936920.47,6332980941.61,0.00,0.00,0.00,0.00,164645180,415964454,181935256,218499760
3154.12,3123836.08,3837512.99,856979.97,713676.91,2315.01,3552.66,370.23,1237.65,3769936920.47,6332980941.61,0.00,0.00,0.00,0.00,164084707,416255074,181935256,219362255
3156.12,3126346.11,3841913.69,856979.97,715567.58,2510.04,4400.70,0.00,1890.66,3769936920.47,6332980941.61,0.00,0.00,0.00,0.00,164455502,416526848,181935256,219362255
3158.12,3128945.90,3846062.72,856979.97,717116.82,2599.79,4149.03,0.00,1549.24,3769936920.47,6332980941.61,0.00,0.00,0.00,0.00,164833287,416814608,182985592,219362255
3160.12,3131633.61,3850195.08,856979.97,718561.48,2687.71,4132.36,0.00,1444.66,3769936920.47,6332980941.61,0.00,0.00,0.00,0.00,165224226,417111722,182985592,219362255
3162.12,3134243.49,3854510.30,856979.97,720266.80,2609.89,4315.21,0.00,1705.33,3769936920.47,6332980941.61,0.00,0.00,0.00,0.00,165616945,417387134,183704223,219362255
3164.12,3136672.68,3858663.30,856979.97,721990.62,2429.19,4153.00,0.00,1723.81,3769936920.47,6332980941.61,0.00,0.00,0.00,0.00,165950355,417675596,183704223,219362255
3166.12,3139228.25,3862668.98,856979.97,723440.73,2555.57,4005.68,0.00,1450.11,3769936920.47,6332980941.61,0.00,0.00,0.00,0.00,166273127,418007050,184445289,219362255
3168.16,3141775.32,3866812.53,856979.97,725037.21,2547.07,4143.55,0.00,1596.48,3769936920.47,6332980941.61,0.00,0.00,0.00,0.00,166606324,418325902,185155708,219362255
3170.16,3144281.88,3871088.41,856979.97,726806.54,2506.56,4275.89,0.00,1769.33,3769936920.47,6332980941.61,0.00,0.00,0.00,0.00,166915124,418658781,185155708,219362255
3172.16,3146860.27,3875293.48,857155.05,728433.21,2578.39,4205.07,175.08,1626.68,3769936920.47,6332980941.61,0.00,0.00,0.00,0.00,167240266,418993707,186025040,219362255
3174.16,3149470.56,3877903.77,859477.12,728433.21,2610.29,2610.29,2322.07,0.00,3769936920.47,6332980941.61,0.00,0.00,0.00,0.00,167552354,419349854,186025040,219362255
3176.16,3151552.31,3879985.53,861511.12,728433.21,2081.75,2081.75,2034.00,0.00,3769936920.47,6332980941.61,0.00,0.00,0.00,0.00,167008447,419593801,186025040,220195144
3178.16,3153601.77,3882034.99,863596.55,728433.21,2049.46,2049.46,2085.43,0.00,3769936920.47,6332980941.61,0.00,0.00,0.00,0.00,166433019,419850735,186025040,221038300
3180.16,3155924.42,3884357.64,865977.22,728433.21,2322.65,2322.65,2380.67,0.00,3769936920.47,6332980941.61,0.00,0.00,0.00,0.00,166711230,420167122,186025040,221038300
3182.16,3158020.66,3886453.88,868068.04,728433.21,2096.24,2096.24,2090.82,0.00,3769936920.47,6332980941.61,0.00,0.00,0.00,0.00,166102514,420466852,186025040,221883924
3184.16,3160250.66,3888683.88,870166.59,728433.21,2230.00,2230.00,2098.55,0.00,3769936920.47,6332980941.61,0.00,0.00,0.00,0.00,165584065,420753514,186025040,222686590
3186.16,3162747.55,3891180.77,872612.26,728433.21,2496.89,2496.89,2445.67,0.00,3769936920.47,6332980941.61,0.00,0.00,0.00,0.00,165875931,421100852,186025040,222686590
3188.16,3164951.36,3893384.57,874391.00,728433.21,2203.80,2203.80,1778.73,0.00,3769936920.47,6332980941.61,0.00,0.00,0.00,0.00,165165382,421426572,186025040,223635593
3190.16,3167441.78,3895875.00,876751.85,728433.21,2490.43,2490.43,2360.85,0.00,3769936920.47,6332980941.61,0.00,0.00,0.00,0.00,165464273,421765230,186025040,223635593
3192.16,3169736.55,3898169.77,876933.63,728433.21,2294.77,2294.77,181.79,0.00,3769936920.47,6332980941.61,0.00,0.00,0.00,0.00,164903407,422078761,186025040,224470390
3194.16,3172089.07,3901949.78,876933.63,729860.71,2352.52,3780.01,0.00,1427.49,3769936920.47,6332980941.61,0.00,0.00,0.00,0.00,165173828,422410585,186025040,224470390
3196.16,3174432.86,3906235.76,876933.63,731802.90,2343.79,4285.98,0.00,1942.19,3769936920.47,6332980941.61,0.00,0.00,0.00,0.00,165436492,422747931,186025040,224470390
3198.16,3176859.22,3910364.83,876933.63,733505.61,2426.36,4129.07,0.00,1702.71,3769936920.47,6332980941.61,0.00,0.00,0.00,0.00,165746595,423058975,187101752,224470390
3200.16,3179203.34,3914343.89,876933.63,735140.55,2344.12,3979.05,0.00,1634.94,3769936920.47,6332980941.61,0.00,0.00,0.00,0.00,166015200,423390464,187101752,224470390
3202.16,3181682.24,3918511.41,876933.63,736829.18,2478.90,4167.53,0.00,1688.62,3769936920.47,6332980941.61,0.00,0.00,0.00,0.00,166258123,423782140,187789043,224470390
3204.16,3184150.64,3922514.71,876933.63,738364.07,2468.40,4003.30,0.00,1534.90,3769936920.47,6332980941.61,0.00,0.00,0.00,0.00,166492014,424180160,188516868,224470390
3206.16,3186494.63,3926615.24,876933.63,740120.61,2343.99,4100.53,0.00,1756.54,3769936920.47,6332980941.61,0.00,0.00,0.00,0.00,166713057,424559178,188516868,224470390
3208.16,3188997.92,3930927.91,876933.63,741929.99,2503.29,4312.67,0.00,1809.38,3769936920.47,6332980941.61,0.00,0.00,0.00,0.00,166953408,424959669,189339664,224470390
3210.16,3191639.96,3935285.01,876933.63,743645.05,2642.05,4357.10,0.00,1715.05,3769936920.47,6332980941.61,0.00,0.00,0.00,0.00,167199203,425390238,189339664,224470390
3212.16,3194167.08,3939410.76,876933.63,745243.68,2527.12,4125.75,0.00,1598.63,3769936920.47,6332980941.61,0.00,0.00,0.00,0.00,167351718,425884665,190070166,224470390
3214.16,3196838.76,3943773.11,876933.63,746934.35,2671.68,4362.34,0.00,1690.67,3769936920.47,6332980941.61,0.00,0.00,0.00,0.00,167491080,426429252,190070166,224470390
3216.16,3199319.07,3946673.27,878656.09,747354.20,2480.31,2900.16,1722.45,419.86,3769936920.47,6332980941.61,0.00,0.00,0.00,0.00,167767723,426787568,190856330,224470390
3218.16,3201610.21,3948964.42,880767.34,747354.20,2291.15,2291.15,2111.25,0.00,3769936920.47,6332980941.61,0.00,0.00,0.00,0.00,167200964,427098433,190856330,225312818
3220.16,3204118.56,3951472.77,883037.72,747354.20,2508.35,2508.35,2270.38,0.00,3769936920.47,6332980941.61,0.00,0.00,0.00,0.00,167515300,427426234,190856330,225312818
3222.16,3206398.88,3953753.08,885375.14,747354.20,2280.31,2280.31,2337.42,0.00,3769936920.47,6332980941.61,0.00,0.00,0.00,0.00,166993327,427745590,190856330,226099195
3224.16,3208907.50,3956261.70,888009.40,747354.20,2508.62,2508.62,2634.27,0.00,3769936920.47,6332980941.61,0.00,0.00,0.00,0.00,167267702,428113422,190856330,226099195
3226.16,3210998.53,3958352.73,890152.23,747354.20,2091.04,2091.04,2142.82,0.00,3769936920.47,6332980941.61,0.00,0.00,0.00,0.00,166169465,428396539,190856330,227449620
3228.16,3213507.52,3960861.72,892727.63,747354.20,2508.99,2508.99,2575.40,0.00,3769936920.47,6332980941.61,0.00,0.00,0.00,0.00,166454259,428754046,190856330,227449620
3230.16,3215653.30,3963007.50,894979.34,747354.20,2145.78,2145.78,2251.71,0.00,3769936920.47,6332980941.61,0.00,0.00,0.00,0.00,165666845,429026651,190856330,228513749
3232.16,3218156.89,3965511.10,897574.04,747354.20,2503.59,2503.59,2594.70,0.00,3769936920.47,6332980941.61,0.00,0.00,0.00,0.00,165947284,429387132,190856330,228513749
3234.16,3220263.97,3967618.18,899801.30,747354.20,2107.08,2107.08,2227.26,0.00,3769936920.47,6332980941.61,0.00,0.00,0.00,0.00,165136897,429472074,190856330,229778606
3236.16,3222752.64,3970106.84,902429.05,747354.20,2488.67,2488.67,2627.76,0.00,3769936920.47,6332980941.61,0.00,0.00,0.00,0.00,165485535,429760535,190856330,229778606
3238.16,3224795.68,3973333.75,902758.64,748538.07,2043.04,3226.91,329.59,1183.86,3769936920.47,6332980941.61,0.00,0.00,0.00,0.00,164442861,430023332,190856330,231081502
3240.16,3227305.12,3977723.17,902758.64,750418.05,2509.43,4389.42,0.00,1879.98,3769936920.47,6332980941.61,0.00,0.00,0.00,0.00,164759839,430348769,190856330,231081502
3242.16,3229648.87,3981800.16,902758.64,752151.30,2343.75,4077.00,0.00,1733.25,3769936920.47,6332980941.61,0.00,0.00,0.00,0.00,165141055,430567553,191889561,231081502
3244.16,3232156.68,3986146.85,902758.64,753990.17,2507.81,4346.69,0.00,1838.88,3769936920.47,6332980941.61,0.00,0.00,0.00,0.00,165326975,431023633,191889561,231081502
3246.16,3234500.43,3990186.18,902758.64,755685.75,2343.75,4039.33,0.00,1695.58,3769936920.47,6332980941.61,0.00,0.00,0.00,0.00,165512921,431437687,192732914,231081502
3248.16,3237008.24,3994538.36,902758.64,757530.12,2507.81,4352.18,0.00,1844.37,3769936920.47,6332980941.61,0.00,0.00,0.00,0.00,165790844,431801764,192732914,231081502
3250.16,3239428.76,3998579.05,902758.64,759150.29,2420.52,4040.69,0.00,1620.17,3770903486.29,6333978680.36,966565.82,997738.75,0.00,0.00,166042339,432169922,193596373,231081502
3252.16,3242022.60,4002923.60,902758.64,760901.00,2593.84,4344.55,0.00,1750.71,3770903486.29,6333978680.36,0.00,0.00,0.00,0.00,166258935,432617349,193596373,231081502
3254.16,3244460.78,4007048.21,902758.64,762587.43,2438.18,4124.61,0.00,1686.43,3770903486.29,6333978680.36,0.00,0.00,0.00,0.00,166552749,432947709,194467395,231081502
3256.16,3246806.80,4011252.67,902758.64,764445.86,2346.02,4204.46,0.00,1858.43,3770903486.29,6333978680.36,0.00,0.00,0.00,0.00,166781899,433319141,194467395,231081502
3258.16,3249277.75,4014188.20,904629.23,764910.45,2470.94,2935.53,1870.59,464.59,3770903486.29,6333978680.36,0.00,0.00,0.00,0.00,167055919,433677682,195349965,231081502
3260.16,3251785.92,4016696.37,907260.46,764910.45,2508.17,2508.17,2631.24,0.00,3770903486.29,6333978680.36,0.00,0.00,0.00,0.00,167351538,434024155,195349965,231081502
3262.16,3253921.64,4018832.09,909456.32,764910.45,2135.72,2135.72,2195.85,0.00,3770903486.29,6333978680.36,0.00,0.00,0.00,0.00,166355561,434297156,195349965,232351222
3264.16,3256431.92,4021342.38,912114.62,764910.45,2510.29,2510.29,2658.30,0.00,3770903486.29,6333978680.36,0.00,0.00,0.00,0.00,166698742,434596608,195349965,232351222
3266.16,3258481.07,4023391.53,914252.98,764910.45,2049.15,2049.15,2138.36,0.00,3770903486.29,6333978680.36,0.00,0.00,0.00,0.00,165482940,434863130,195349965,233825085
3268.16,3260859.80,4025770.25,916713.66,764910.45,2378.73,2378.73,2460.68,0.00,3770903486.29,6333978680.36,0.00,0.00,0.00,0.00,165753016,435202008,195349965,233825085
3270.16,3263231.81,4028142.27,918968.86,764910.45,2372.01,2372.01,2255.20,0.00,3770903486.29,6333978680.36,0.00,0.00,0.00,0.00,165174493,435531374,195349965,234681477
3272.16,3265587.22,4030497.68,921277.94,764910.45,2355.41,2355.41,2309.08,0.00,3770903486.29,6333978680.36,0.00,0.00,0.00,0.00,164530262,435823956,195349965,235636111
3274.16,3268110.06,4033020.52,923945.36,764910.45,2522.84,2522.84,2667.43,0.00,3770903486.29,6333978680.36,0.00,0.00,0.00,0.00,164833417,436166648,195349965,235636111
3276.39,3270507.93,4035418.38,926350.18,764910.45,2397.86,2397.86,2404.81,0.00,3770903486.29,6333978680.36,0.00,0.00,0.00,0.00,163697752,436438921,195349965,237113356
3278.39,3272851.64,4039366.83,926350.18,766515.18,2343.72,3948.45,0.00,1604.73,3770903486.29,6333978680.36,0.00,0.00,0.00,0.00,163885991,436850674,195349965,237113356
3280.39,3275359.46,4043723.66,926350.18,768364.20,2507.81,4356.83,0.00,1849.02,3770903486.29,6333978680.36,0.00,0.00,0.00,0.00,164293690,437084975,195349965,237113356
3282.39,3277703.21,4047515.28,926350.18,769812.07,2343.75,3791.62,0.00,1447.88,3770903486.29,6333978680.36,0.00,0.00,0.00,0.00,164774033,437204632,196342479,237113356
3284.39,3280211.02,4051925.73,926350.18,771714.71,2507.81,4410.45,0.00,1902.64,3770903486.29,6333978680.36,0.00,0.00,0.00,0.00,165256766,437363899,196342479,237113356
3286.39,3282796.43,4056129.84,926350.18,773333.41,2585.41,4204.11,0.00,1618.70,3770903486.29,6333978680.36,0.00,0.00,0.00,0.00,165743274,437539257,197101614,237113356
3288.39,3285202.55,4060214.07,926350.18,775011.52,2406.11,4084.23,0.00,1678.11,3770903486.29,6333978680.36,0.00,0.00,0.00,0.00,166002946,437895550,197881936,237113356
3290.39,3287776.15,4064466.50,926350.18,776690.34,2573.61,4252.43,0.00,1678.82,3770903486.29,6333978680.36,0.00,0.00,0.00,0.00,166408080,438149259,197881936,237113356
3292.39,3290169.60,4068489.93,926350.18,778320.33,2393.45,4023.43,0.00,1629.98,3770903486.29,6333978680.36,0.00,0.00,0.00,0.00,166578334,438591728,198484922,237113356
3294.39,3292730.59,4072788.44,926350.18,780057.85,2560.99,4298.51,0.00,1737.52,3770903486.29,6333978680.36,0.00,0.00,0.00,0.00,166801462,439024213,198484922,237113356
3296.39,3295269.79,4076945.31,926350.18,781675.52,2539.20,4156.88,0.00,1617.68,3770903486.29,6333978680.36,0.00,0.00,0.00,0.00,167177015,439298695,199253643,237113356
3298.40,3297886.30,4081236.56,926350.18,783350.26,2616.51,4291.25,0.00,1674.74,3770903486.29,6333978680.36,0.00,0.00,0.00,0.00,167553932,439591605,200064447,237113356
3300.40,3300484.47,4083834.73,928995.88,783350.26,2598.17,2598.17,2645.70,0.00,3770903486.29,6333978680.36,0.00,0.00,0.00,0.00,167917436,439893233,200064447,237113356
3302.40,3302900.88,4086251.14,931664.35,783350.26,2416.41,2416.41,2668.47,0.00,3770903486.29,6333978680.36,0.00,0.00,0.00,0.00,168249661,440179609,200064447,237113356
3304.40,3305163.76,4088514.02,933833.21,783350.26,2262.88,2262.88,2168.86,0.00,3770903486.29,6333978680.36,0.00,0.00,0.00,0.00,167215073,440429265,200064447,238477584
3306.40,3307481.29,4090831.55,936057.91,783350.26,2317.53,2317.53,2224.70,0.00,3770903486.29,6333978680.36,0.00,0.00,0.00,0.00,166663000,440662440,200064447,239389770
3308.40,3309989.18,4093339.45,938540.48,783350.26,2507.89,2507.89,2482.58,0.00,3770903486.29,6333978680.36,0.00,0.00,0.00,0.00,167044052,440923409,200064447,239389770
3310.40,3312228.73,4095579.00,940671.31,783350.26,2239.55,2239.55,2130.83,0.00,3770903486.29,6333978680.36,0.00,0.00,0.00,0.00,166492424,441141379,200064447,240296753
3312.40,3314420.67,4097770.93,942773.50,783350.26,2191.93,2191.93,2102.18,0.00,3770903486.29,6333978680.36,0.00,0.00,0.00,0.00,166015943,441371347,200064447,241104401
3314.40,3316928.73,4100278.99,945205.52,783350.26,2508.06,2508.06,2432.02,0.00,3770903486.29,6333978680.36,0.00,0.00,0.00,0.00,166513369,441515985,200064447,241104401
3316.40,3319170.66,4102520.92,947388.54,783350.26,2241.93,2241.93,2183.02,0.00,3770903486.29,6333978680.36,0.00,0.00,0.00,0.00,166025571,441738452,200064447,241943665
3318.40,3321394.04,4105257.79,948605.38,783863.75,2223.38,2736.87,1216.84,513.49,3770903486.29,6333978680.36,0.00,0.00,0.00,0.00,165470474,441995748,200064447,242810651
3320.40,3323902.43,4109609.37,948605.38,785706.95,2508.39,4351.58,0.00,1843.19,3770903486.29,6333978680.36,0.00,0.00,0.00,0.00,165842737,442265633,200064447,242810651
3322.40,3326422.38,4113811.25,948605.38,787388.87,2519.95,4201.88,0.00,1681.93,3770903486.29,6333978680.36,0.00,0.00,0.00,0.00,166217032,442536445,200857073,242810651
3324.40,3329120.42,4118284.50,948605.38,789164.09,2698.04,4473.26,0.00,1775.21,3770903486.29,6333978680.36,0.00,0.00,0.00,0.00,166640800,442803376,200857073,242810651
3326.40,3331631.02,4122502.02,948605.38,790871.00,2510.61,4217.52,0.00,1706.91,3770903486.29,6333978680.36,0.00,0.00,0.00,0.00,167054106,443032785,201755594,242810651
3328.40,3333975.87,4126827.05,948605.38,792851.18,2344.85,4325.03,0.00,1980.18,3770903486.29,6333978680.36,0.00,0.00,0.00,0.00,167397978,443289194,201755594,242810651
3330.40,3336483.68,4130983.51,948605.38,794499.83,2507.81,4156.46,0.00,1648.65,3770903486.29,6333978680.36,0.00,0.00,0.00,0.00,167812105,443517067,202621389,242810651
3332.40,3339167.04,4135489.46,948605.38,796322.42,2683.36,4505.95,0.00,1822.59,3770903486.29,6333978680.36,0.00,0.00,0.00,0.00,168276672,443739440,202621389,242810651
3334.40,3341676.67,4139617.19,948605.38,797940.52,2509.63,4127.72,0.00,1618.09,3770903486.29,6333978680.36,0.00,0.00,0.00,0.00,168709587,443948990,203507476,242810651
3336.40,3344365.77,4144064.91,948605.38,799699.13,2689.10,4447.72,0.00,1758.62,3770903486.29,6333978680.36,0.00,0.00,0.00,0.00,169123311,444223676,203507476,242810651
3338.40,3346864.93,4147141.33,950143.79,800276.40,2499.16,3076.43,1538.40,577.27,3770903486.29,6333978680.36,0.00,0.00,0.00,0.00,169497865,444488906,204396796,242810651
3340.40,3349110.30,4149386.70,952330.00,800276.40,2245.37,2245.37,2186.21,0.00,3770903486.29,6333978680.36,0.00,0.00,0.00,0.00,168955287,444817000,204396796,243599949
3342.40,3351620.29,4151896.69,954980.43,800276.40,2509.99,2509.99,2650.44,0.00,3770903486.29,6333978680.36,0.00,0.00,0.00,0.00,169249465,445165379,204396796,243599949
3344.75,3354109.93,4154386.33,957625.80,800276.40,2489.64,2489.64,2645.37,0.00,3770903486.29,6333978680.36,0.00,0.00,0.00,0.00,168020016,445512249,204396796,245119877
3346.75,3356622.88,4156899.28,960022.17,800276.40,2512.95,2512.95,2396.37,0.00,3770903486.29,6333978680.36,0.00,0.00,0.00,0.00,168307230,445868349,204396796,245119877
3348.75,3358856.98,4159133.38,962104.84,800276.40,2234.10,2234.10,2082.67,0.00,3770903486.29,6333978680.36,0.00,0.00,0.00,0.00,167753026,446176639,204396796,245937721
3350.75,3361149.71,4161426.11,964225.62,800276.40,2292.73,2292.73,2120.78,0.00,3770903486.29,6333978680.36,0.00,0.00,0.00,0.00,167241807,446492042,204396796,246720476
3352.75,3363657.58,4163933.98,966841.40,800276.40,2507.88,2507.88,2615.78,0.00,3770903486.29,6333978680.36,0.00,0.00,0.00,0.00,167568260,446807605,204396796,246720476
3354.75,3365827.49,4166103.89,969021.70,800276.40,2169.91,2169.91,2180.30,0.00,3770903486.29,6333978680.36,0.00,0.00,0.00,0.00,166607356,447100680,204396796,247943802
3356.75,3368373.95,4168650.36,971402.41,800276.40,2546.46,2546.46,2380.70,0.00,3770903486.29,6333978680.36,0.00,0.00,0.00,0.00,166891467,447468463,204396796,247943802
3358.75,3370601.60,4171905.32,971969.90,801303.71,2227.65,3254.96,567.50,1027.31,3770903486.29,6333978680.36,0.00,0.00,0.00,0.00,166312831,447770659,204396796,248790520
3360.75,3373109.70,4176280.70,971969.90,803171.00,2508.10,4375.38,0.00,1867.28,3770903486.29,6333978680.36,0.00,0.00,0.00,0.00,166610571,448114993,204396796,248790520
3362.75,3375453.45,4180448.45,971969.90,804995.00,2343.75,4167.75,0.00,1824.00,3770903486.29,6333978680.36,0.00,0.00,0.00,0.00,167042538,448283026,205422474,248790520
3364.75,3377961.27,4184754.56,971969.90,806793.29,2507.81,4306.11,0.00,1798.30,3770903486.29,6333978680.36,0.00,0.00,0.00,0.00,167511338,448456226,205422474,248790520
3366.75,3380456.93,4188920.95,971969.90,808464.02,2495.66,4166.39,0.00,1670.73,3770903486.29,6333978680.36,0.00,0.00,0.00,0.00,167611543,448994910,206336455,248790520
3368.75,3383128.31,4193285.44,971969.90,810157.13,2671.38,4364.50,0.00,1693.11,3770903486.29,6333978680.36,0.00,0.00,0.00,0.00,168038303,449252024,206336455,248790520
3370.75,3385601.15,4197606.63,971969.90,812005.48,2472.84,4321.19,0.00,1848.34,3770903486.29,6333978680.36,0.00,0.00,0.00,0.00,168536037,449387338,207272373,248790520
3372.75,3387945.73,4201821.13,971969.90,813875.39,2344.58,4214.50,0.00,1869.92,3770903486.29,6333978680.36,0.00,0.00,0.00,0.00,168713312,449810276,207272373,248790520
3374.75,3390453.55,4206038.57,971969.90,815585.02,2507.81,4217.44,0.00,1709.62,3770903486.29,6333978680.36,0.00,0.00,0.00,0.00,168897613,450267975,208174723,248790520
3376.75,3393136.91,4210532.99,971969.90,817396.09,2683.36,4494.43,0.00,1811.07,3770903486.29,6333978680.36,0.00,0.00,0.00,0.00,169269178,450583350,208174723,248790520
3378.75,3395632.43,4214194.15,972728.59,818561.72,2495.52,3661.16,758.69,1165.64,3770903486.29,6333978680.36,0.00,0.00,0.00,0.00,169584606,450906776,209071908,248790520
3380.75,3398292.41,4216854.13,975119.96,818561.72,2659.98,2659.98,2391.37,0.00,3770903486.29,6333978680.36,0.00,0.00,0.00,0.00,169989181,451183156,209071908,248790520
3382.75,3400651.43,4219213.15,977173.77,818561.72,2359.02,2359.02,2053.80,0.00,3770903486.29,6333978680.36,0.00,0.00,0.00,0.00,169491490,451423650,209071908,249651625
3384.75,3403081.66,4221643.38,979281.82,818561.72,2430.23,2430.23,2108.05,0.00,3770903486.29,6333978680.36,0.00,0.00,0.00,0.00,169024404,451718398,209071908,250446103
3386.88,3405631.88,4224193.60,981531.48,818561.72,2550.21,2550.21,2249.66,0.00,3770903486.29,6333978680.36,0.00,0.00,0.00,0.00,168606467,451997010,209071908,251238283
3388.88,3408002.27,4226563.99,983858.65,818561.72,2370.39,2370.39,2327.17,0.00,3770903486.29,6333978680.36,0.00,0.00,0.00,0.00,168854586,452355711,209071908,251238283
3390.88,3410320.34,4228882.07,985929.25,818561.72,2318.08,2318.08,2070.61,0.00,3770903486.29,6333978680.36,0.00,0.00,0.00,0.00,168402392,452636928,209071908,252002688
3392.88,3412567.26,4231128.98,988032.98,818561.72,2246.92,2246.92,2103.73,0.00,3770903486.29,6333978680.36,0.00,0.00,0.00,0.00,167888710,452952962,209071908,252775547
3394.88,3415121.55,4233683.27,990468.48,818561.72,2554.29,2554.29,2435.50,0.00,3770903486.29,6333978680.36,0.00,0.00,0.00,0.00,168411244,453084326,209071908,252775547
3396.88,3417293.43,4236764.30,990610.34,819470.87,2171.88,3081.03,141.86,909.15,3770903486.29,6333978680.36,0.00,0.00,0.00,0.00,167865439,453399210,209071908,253562470
3398.88,3419940.41,4241283.79,990610.34,821343.38,2646.98,4519.48,0.00,1872.51,3770903486.29,6333978680.36,0.00,0.00,0.00,0.00,168113802,453828473,209071908,253562470
3400.88,3422438.82,4245399.35,990610.34,822960.54,2498.41,4115.56,0.00,1617.16,3770903486.29,6333978680.36,0.00,0.00,0.00,0.00,168390185,454191682,210131426,253562470
3402.88,3424782.63,4249616.15,990610.34,824833.52,2343.81,4216.80,0.00,1872.98,3770903486.29,6333978680.36,0.00,0.00,0.00,0.00,168696909,454484974,210131426,253562470
3404.88,3427270.18,4253822.31,990610.34,826552.13,2487.55,4206.16,0.00,1718.61,3770903486.29,6333978680.36,0.00,0.00,0.00,0.00,169032175,454786521,211079154,253562470
3406.88,3429918.84,4258286.88,990610.34,828368.04,2648.66,4464.57,0.00,1815.91,3770903486.29,6333978680.36,0.00,0.00,0.00,0.00,169407571,455089183,211079154,253562470
3408.88,3432382.49,4262658.17,990610.34,830275.68,2463.65,4371.29,0.00,1907.64,3770903486.29,6333978680.36,0.00,0.00,0.00,0.00,169729735,455397713,211079154,253562470
3410.88,3434871.59,4266867.05,990610.34,831995.46,2489.10,4208.88,0.00,1719.78,3770903486.29,6333978680.36,0.00,0.00,0.00,0.00,170056748,455707910,212072183,253562470
3412.88,3437523.89,4271344.55,990610.34,833820.66,2652.29,4477.50,0.00,1825.21,3770903486.29,6333978680.36,0.00,0.00,0.00,0.00,170418051,456025594,212072183,253562470
3414.88,3440010.00,4275546.72,990610.34,835536.73,2486.11,4202.17,0.00,1716.06,3770903486.29,6333978680.36,0.00,0.00,0.00,0.00,170920861,456159228,212973538,253562470
3416.88,3442670.80,4280057.07,990610.34,837386.27,2660.81,4510.35,0.00,1849.54,3770903486.29,6333978680.36,0.00,0.00,0.00,0.00,171286063,456475193,212973538,253562470
3418.88,3445144.80,4283093.74,992245.41,837948.93,2474.00,3036.67,1635.07,562.67,3770903486.29,6333978680.36,0.00,0.00,0.00,0.00,171557008,456837592,214007415,253562470
3420.88,3447482.55,4285431.48,994399.57,837948.93,2337.74,2337.74,2154.16,0.00,3770903486.29,6333978680.36,0.00,0.00,0.00,0.00,171088274,457121638,214007415,254345620
3422.97,3449923.05,4287871.99,996729.77,837948.93,2440.51,2440.51,2330.20,0.00,3770903486.29,6333978680.36,0.00,0.00,0.00,0.00,170643064,457408194,214007415,255129044
3424.97,3452500.25,4290449.18,999148.11,837948.93,2577.20,2577.20,2418.34,0.00,3770903486.29,6333978680.36,0.00,0.00,0.00,0.00,170999672,457711348,214007415,255129044
3426.97,3454861.31,4292810.25,1001317.09,837948.93,2361.06,2361.06,2168.98,0.00,3770903486.29,6333978680.36,0.00,0.00,0.00,0.00,170523578,458014766,214007415,255906152
3428.97,3457199.75,4295148.68,1002808.84,837948.93,2338.43,2338.43,1491.75,0.00,3770903486.29,6333978680.36,0.00,0.00,0.00,0.00,170050529,458307331,214007415,256685275
3430.97,3459772.16,4297721.09,1003454.42,837948.93,2572.41,2572.41,645.58,0.00,3770903486.29,6333978680.36,0.00,0.00,0.00,0.00,170325977,458690421,214007415,256685275
3433.07,3462216.77,4300165.71,1005807.95,837948.93,2444.61,2444.61,2353.53,0.00,3770903486.29,6333978680.36,0.00,0.00,0.00,0.00,169807316,459067132,214007415,257453046
3435.07,3464787.26,4302736.20,1005807.95,837948.93,2570.49,2570.49,0.00,0.00,3770903486.29,6333978680.36,0.00,0.00,0.00,0.00,170109736,459422757,214007415,257453046
3437.07,3467293.12,4306683.86,1005807.95,839390.74,2505.86,3947.67,0.00,1441.80,3770903486.29,6333978680.36,0.00,0.00,0.00,0.00,170390817,459783177,214007415,257453046
3439.07,3469637.02,4310984.81,1005807.95,841347.79,2343.89,4300.95,0.00,1957.05,3770903486.29,6333978680.36,0.00,0.00,0.00,0.00,170634693,460139337,214007415,257453046
3441.07,3472127.34,4315208.27,1005807.95,843080.93,2490.32,4223.46,0.00,1733.14,3770903486.29,6333978680.36,0.00,0.00,0.00,0.00,170920377,460491176,215081543,257453046
3443.07,3474471.47,4319462.54,1005807.95,844991.07,2344.13,4254.27,0.00,1910.14,3770903486.29,6333978680.36,0.00,0.00,0.00,0.00,171185936,460825714,215081543,257453046
3445.07,3476903.53,4323596.54,1005807.95,846693.00,2432.06,4133.99,0.00,1701.93,3770903486.29,6333978680.36,0.00,0.00,0.00,0.00,171437808,461196450,216080048,257453046
3447.07,3479507.19,4328038.11,1005807.95,848530.93,2603.66,4441.58,0.00,1837.92,3770903486.29,6333978680.36,0.00,0.00,0.00,0.00,171990625,461310169,216080048,257453046
3449.07,3481927.98,4332148.77,1005807.95,850220.79,2420.79,4110.65,0.00,1689.86,3770903486.29,6333978680.36,0.00,0.00,0.00,0.00,172355404,461565113,217052475,257453046
3451.07,3484518.23,4336618.58,1005807.95,852100.36,2590.25,4469.82,0.00,1879.57,3770903486.29,6333978680.36,0.00,0.00,0.00,0.00,172592756,461990864,217052475,257453046
3453.07,3486927.15,4340726.82,1005807.95,853799.67,2408.93,4108.24,0.00,1699.32,3770903486.29,6333978680.36,0.00,0.00,0.00,0.00,172830615,462369690,218020086,257453046
3455.07,3489504.70,4344946.23,1005807.95,855441.53,2577.55,4219.40,0.00,1641.86,3770903486.29,6333978680.36,0.00,0.00,0.00,0.00,173127758,462732399,218020086,257453046
3457.07,3492107.35,4349050.96,1005807.95,856943.61,2602.65,4104.74,0.00,1502.09,3770903486.29,6333978680.36,0.00,0.00,0.00,0.00,173591828,462934608,218824326,257453046
3459.07,3494531.63,4353233.54,1005807.95,858701.90,2424.28,4182.57,0.00,1758.29,3770903486.29,6333978680.36,0.00,0.00,0.00,0.00,173923430,463223622,218824326,257453046
3461.07,3497123.50,4357742.95,1005807.95,860619.45,2591.86,4509.41,0.00,1917.55,3770903486.29,6333978680.36,0.00,0.00,0.00,0.00,174268739,463541830,218824326,257453046
3463.07,3499533.93,4361876.33,1005807.95,862342.41,2410.43,4133.39,0.00,1722.96,3770903486.29,6333978680.36,0.00,0.00,0.00,0.00,174584961,463842678,219846706,257453046
3465.07,3502113.08,4366395.39,1005807.95,864282.30,2579.16,4519.05,0.00,1939.90,3770903486.29,6333978680.36,0.00,0.00,0.00,0.00,174941732,464146171,219846706,257453046
3467.07,3504511.70,4370475.81,1005807.95,865964.12,2398.61,4080.43,0.00,1681.81,3770903486.29,6333978680.36,0.00,0.00,0.00,0.00,175283389,464418559,220858174,257453046
3469.07,3507078.21,4374911.44,1005807.95,867833.23,2566.52,4435.62,0.00,1869.11,3770903486.29,6333978680.36,0.00,0.00,0.00,0.00,175664171,464694805,220858174,257453046
3471.07,3509567.30,4379061.12,1005807.95,869493.81,2489.09,4149.68,0.00,1660.59,3770903486.29,6333978680.36,0.00,0.00,0.00,0.00,176032057,464964127,221869076,257453046
3473.07,3512237.29,4383538.15,1005807.95,871300.86,2669.98,4477.03,0.00,1807.05,3770903486.29,6333978680.36,0.00,0.00,0.00,0.00,176428919,465250781,221869076,257453046
3475.07,3514807.89,4387848.22,1005807.95,873040.33,2570.60,4310.07,0.00,1739.47,3770903486.29,6333978680.36,0.00,0.00,0.00,0.00,176786911,465550863,222910644,257453046
3477.07,3517206.07,4392055.12,1005807.95,874849.05,2398.18,4206.90,0.00,1808.72,3770903486.29,6333978680.36,0.00,0.00,0.00,0.00,177076314,465875393,222910644,257453046
3479.07,3519767.95,4396485.68,1005807.95,876717.73,2561.88,4430.56,0.00,1868.68,3770903486.29,6333978680.36,0.00,0.00,0.00,0.00,177276621,466330927,222910644,257453046
3481.07,3522319.30,4400563.71,1005807.95,878244.41,2551.35,4078.03,0.00,1526.68,3770903486.29,6333978680.36,0.00,0.00,0.00,0.00,177471315,466789379,223930879,257453046
3483.07,3524699.90,4404724.05,1005807.95,880024.15,2380.60,4160.34,0.00,1779.74,3770903486.29,6333978680.36,0.00,0.00,0.00,0.00,177694821,467175307,223930879,257453046
3485.07,3527242.79,4408904.25,1005807.95,881661.46,2542.89,4180.20,0.00,1637.31,3770903486.29,6333978680.36,0.00,0.00,0.00,0.00,177915130,467605978,224795239,257453046
3487.07,3529963.68,4413386.57,1005807.95,883422.89,2720.89,4482.32,0.00,1761.43,3770903486.29,6333978680.36,0.00,0.00,0.00,0.00,178148538,468069118,224795239,257453046
3489.07,3532519.30,4417601.83,1005807.95,885082.53,2555.62,4215.26,0.00,1659.64,3770903486.29,6333978680.36,0.00,0.00,0.00,0.00,178344709,468527185,225742384,257453046
3491.07,3532800.02,4420229.50,1005807.95,887429.48,280.72,2627.67,0.00,2346.95,3770903486.29,6333978680.36,0.00,0.00,0.00,0.00,178361599,468582159,225742384,257453046
3493.07,3532800.02,4422418.96,1005807.95,889618.94,0.00,2189.46,0.00,2189.46,3770903486.29,6333978680.36,0.00,0.00,0.00,0.00,178361599,468582159,225742384,257453046
3495.07,3533017.36,4424836.71,1005807.95,891819.35,217.35,2417.75,0.00,2200.41,3770903486.29,6333978680.36,0.00,0.00,0.00,0.00,178380398,468619001,227753696,257453046
3497.07,3535513.18,4429103.00,1005807.95,893589.82,2495.82,4266.29,0.00,1770.47,3770903486.29,6333978680.36,0.00,0.00,0.00,0.00,178563695,469074634,227753696,257453046
3499.16,3538118.74,4433455.21,1005807.95,895336.47,2605.55,4352.20,0.00,1746.65,3770903486.29,6333978680.36,0.00,0.00,0.00,0.00,178768019,469537332,228694257,257453046
3501.16,3538944.00,4436443.57,1005807.95,897499.56,825.27,2988.36,0.00,2163.09,3770903486.29,6333978680.36,0.00,0.00,0.00,0.00,178824035,469692584,228694257,257453046
3503.16,3539482.84,4439150.79,1005807.95,899667.95,538.84,2707.23,0.00,2168.39,3770903486.29,6333978680.36,0.00,0.00,0.00,0.00,178871464,469783098,229699397,257453046
3505.16,3542004.50,4443445.69,1005807.95,901441.19,2521.66,4294.89,0.00,1773.24,3770903486.29,6333978680.36,0.00,0.00,0.00,0.00,179092759,470207347,229699397,257453046
3507.16,3544514.04,4447561.44,1005807.95,903047.41,2509.54,4115.75,0.00,1606.22,3770903486.29,6333978680.36,0.00,0.00,0.00,0.00,179278476,470664071,230603971,257453046
3509.16,3545088.04,4450333.64,1005807.95,905245.59,574.01,2772.20,0.00,2198.19,3770903486.29,6333978680.36,0.00,0.00,0.00,0.00,179321578,470767915,230603971,257453046
3511.16,3545088.04,4452395.18,1005807.95,907307.14,0.00,2061.54,0.00,2061.54,3770903486.29,6333978680.36,0.00,0.00,0.00,0.00,179321578,470767915,230603971,257453046
3513.16,3545088.04,4454663.56,1005807.95,909575.52,0.00,2268.38,0.00,2268.38,3770903486.29,6333978680.36,0.00,0.00,0.00,0.00,179321578,470767915,230603971,257453046
3515.16,3546938.74,4458236.57,1005807.95,911297.83,1850.70,3573.01,0.00,1722.31,3770903486.29,6333978680.36,0.00,0.00,0.00,0.00,179461475,471101797,232463169,257453046
3517.16,3549467.40,4462538.89,1005807.95,913071.49,2528.66,4302.32,0.00,1773.66,3770903486.29,6333978680.36,0.00,0.00,0.00,0.00,179673114,471537495,232463169,257453046
3519.16,3551232.05,4465977.92,1005807.95,914745.87,1764.64,3439.03,0.00,1674.38,3770903486.29,6333978680.36,0.00,0.00,0.00,0.00,179818765,471843593,233350531,257453046
3521.16,3551277.48,4468260.36,1005807.95,916982.88,45.43,2282.44,0.00,2237.01,3770903486.29,6333978680.36,0.00,0.00,0.00,0.00,179824633,471849355,234227518,257453046
3523.16,3553787.01,4472607.69,1005807.95,918820.68,2509.53,4347.33,0.00,1837.80,3770903486.29,6333978680.36,0.00,0.00,0.00,0.00,180010589,472305839,234227518,257453046
3525.16,3556416.58,4477183.45,1005807.95,920766.87,2629.57,4575.77,0.00,1946.19,3770903486.29,6333978680.36,0.00,0.00,0.00,0.00,180221591,472768008,234227518,257453046
3527.16,3557376.02,4480103.45,1005807.95,922727.43,959.44,2920.00,0.00,1960.56,3770903486.29,6333978680.36,0.00,0.00,0.00,0.00,180309769,472925446,235271282,257453046
3529.16,3557376.02,4482511.56,1005807.95,925135.54,0.00,2408.11,0.00,2408.11,3770903486.29,6333978680.36,0.00,0.00,0.00,0.00,180309769,472925446,235271282,257453046
3531.16,3557376.02,4484594.62,1005807.95,927218.60,0.00,2083.06,0.00,2083.06,3770903486.29,6333978680.36,0.00,0.00,0.00,0.00,180309769,472925446,235271282,257453046
3533.16,3558937.43,4488019.25,1005807.95,929081.82,1561.41,3424.64,0.00,1863.22,3770903486.29,6333978680.36,0.00,0.00,0.00,0.00,180435827,473199110,237038071,257453046
3535.16,3561397.21,4492441.49,1005807.95,931044.28,2459.78,4422.24,0.00,1962.46,3770903486.29,6333978680.36,0.00,0.00,0.00,0.00,180625403,473639238,237038071,257453046
3537.16,3563520.05,4496431.80,1005807.95,932911.75,2122.84,3990.31,0.00,1867.48,3770903486.29,6333978680.36,0.00,0.00,0.00,0.00,180789742,474018345,237840564,257453046
3539.16,3563603.80,4498845.81,1005890.58,935242.01,83.75,2414.00,82.64,2330.26,3770903486.29,6333978680.36,0.00,0.00,0.00,0.00,180794415,474035111,238907836,257453046
3541.16,3566105.37,4501347.38,1008536.52,935242.01,2501.57,2501.57,2645.94,0.00,3770903486.29,6333978680.36,0.00,0.00,0.00,0.00,180960293,474509636,238907836,257453046
3543.16,3568332.70,4503574.71,1010803.30,935242.01,2227.33,2227.33,2266.78,0.00,3770903486.29,6333978680.36,0.00,0.00,0.00,0.00,179952155,474888248,238907836,258652768
3545.16,3570839.66,4506081.68,1013271.30,935242.01,2506.96,2506.96,2468.00,0.00,3770903486.29,6333978680.36,0.00,0.00,0.00,0.00,180150527,475331659,238907836,258652768
3547.16,3573175.82,4508417.83,1015656.67,935242.01,2336.15,2336.15,2385.36,0.00,3770903486.29,6333978680.36,0.00,0.00,0.00,0.00,179594905,475752288,238907836,259385816
3549.16,3575435.57,4510677.58,1017836.51,935242.01,2259.75,2259.75,2179.84,0.00,3770903486.29,6333978680.36,0.00,0.00,0.00,0.00,178868642,476132809,238907836,260310055
3551.16,3577755.75,4512997.76,1020126.49,935242.01,2320.18,2320.18,2289.98,0.00,3770903486.29,6333978680.36,0.00,0.00,0.00,0.00,178424653,476548016,238907836,260932802
3553.16,3580269.16,4515511.17,1022786.43,935242.01,2513.41,2513.41,2659.95,0.00,3770903486.29,6333978680.36,0.00,0.00,0.00,0.00,178608420,477007683,238907836,260932802
3555.16,3582397.62,4517639.63,1024992.59,935242.01,2128.46,2128.46,2206.16,0.00,3770903486.29,6333978680.36,0.00,0.00,0.00,0.00,177487065,477368145,238907836,262238581
3557.16,3584904.50,4520146.51,1027519.45,935242.01,2506.88,2506.88,2526.86,0.00,3770903486.29,6333978680.36,0.00,0.00,0.00,0.00,177699228,477797742,238907836,262238581
3559.21,3587164.05,4522406.06,1029467.98,935242.01,2259.55,2259.55,1948.54,0.00,3770903486.29,6333978680.36,0.00,0.00,0.00,0.00,176679424,478201396,238907836,263433177
3561.21,3589495.23,4525127.14,1031013.99,935631.90,2331.18,2721.07,1546.00,389.89,3770903486.29,6333978680.36,0.00,0.00,0.00,0.00,176464017,478617809,238907836,263828954
3563.21,3592012.43,4529473.84,1031013.99,937461.41,2517.19,4346.70,0.00,1829.51,3770903486.29,6333978680.36,0.00,0.00,0.00,0.00,176662829,479063398,238907836,263828954
3565.26,3594527.51,4533830.49,1031013.99,939302.98,2515.08,4356.65,0.00,1841.57,3770903486.29,6333978680.36,0.00,0.00,0.00,0.00,176875074,479495014,239939474,263828954
3567.26,3597144.39,4538206.34,1031013.99,941061.96,2616.88,4375.86,0.00,1758.98,3770903486.29,6333978680.36,0.00,0.00,0.00,0.00,177096224,479943785,239939474,263828954
3569.26,3599760.83,4542694.14,1031013.99,942933.31,2616.45,4487.80,0.00,1871.36,3770903486.29,6333978680.36,0.00,0.00,0.00,0.00,177290603,480419216,239939474,263828954
3571.26,3601698.22,4546580.62,1031013.99,944882.41,1937.39,3886.48,0.00,1949.09,3770903486.29,6333978680.36,0.00,0.00,0.00,0.00,177424909,480780881,241230516,263828954
3573.26,3604223.02,4550728.32,1031013.99,946505.30,2524.80,4147.69,0.00,1622.89,3770903486.29,6333978680.36,0.00,0.00,0.00,0.00,177588830,481263309,241230516,263828954
3575.26,3606766.62,4555000.36,1031013.99,948233.74,2543.61,4272.05,0.00,1728.44,3770903486.29,6333978680.36,0.00,0.00,0.00,0.00,177779445,481723857,241702247,263828954
3577.26,3608979.39,4559375.11,1031013.99,950395.72,2212.77,4374.75,0.00,2161.98,3770903486.29,6333978680.36,0.00,0.00,0.00,0.00,177955770,482114000,242416729,263828954
3579.26,3611362.45,4563476.02,1031013.99,952113.57,2383.06,4100.90,0.00,1717.84,3770903486.29,6333978680.36,0.00,0.00,0.00,0.00,178119561,482560272,242753376,263828954
3581.26,3613855.03,4566923.97,1031957.28,953068.95,2492.58,3447.96,943.29,955.38,3770903486.29,6333978680.36,0.00,0.00,0.00,0.00,178295127,483022806,243236776,263828954
3583.26,3616389.38,4569458.32,1034623.52,953068.95,2534.35,2534.35,2666.24,0.00,3770903486.29,6333978680.36,0.00,0.00,0.00,0.00,178483978,483482748,243236776,263828954
3585.26,3618598.16,4571667.11,1036924.68,953068.95,2208.79,2208.79,2301.16,0.00,3770903486.29,6333978680.36,0.00,0.00,0.00,0.00,177724981,483869507,243236776,264766642
3587.26,3621107.32,4574176.26,1039588.64,953068.95,2509.15,2509.15,2663.97,0.00,3770903486.29,6333978680.36,0.00,0.00,0.00,0.00,177901710,484335121,243236776,264766642
3589.26,3623181.25,4576250.19,1041591.15,953068.95,2073.93,2073.93,2002.51,0.00,3770903486.29,6333978680.36,0.00,0.00,0.00,0.00,176626494,484694730,243236776,266213175
3591.26,3625542.32,4578611.26,1043857.20,953068.95,2361.07,2361.07,2266.05,0.00,3770903486.29,6333978680.36,0.00,0.00,0.00,0.00,176099625,485150149,243236776,266889059
3593.26,3627967.98,4581036.92,1046110.02,953068.95,2425.66,2425.66,2252.82,0.00,3770903486.29,6333978680.36,0.00,0.00,0.00,0.00,175908978,485551287,243236776,267299537
3595.26,3630279.60,4583348.55,1048378.95,953068.95,2311.62,2311.62,2268.92,0.00,3770903486.29,6333978680.36,0.00,0.00,0.00,0.00,175408950,485880720,243236776,268061908
3597.26,3632614.42,4585683.36,1050527.47,953068.95,2334.82,2334.82,2148.53,0.00,3770903486.29,6333978680.36,0.00,0.00,0.00,0.00,174926043,486276784,243236776,268746464
3599.26,3635120.38,4588189.32,1052912.11,953068.95,2505.96,2505.96,2384.63,0.00,3770903486.29,6333978680.36,0.00,0.00,0.00,0.00,175107568,486736785,243236776,268746464
3601.26,3637450.20,4590519.15,1055224.42,953068.95,2329.82,2329.82,2312.31,0.00,3770903486.29,6333978680.36,0.00,0.00,0.00,0.00,174626149,487138079,243236776,269423024
3603.26,3639467.93,4593260.88,1056583.55,953792.95,2017.73,2741.73,1359.13,724.00,3770903486.29,6333978680.36,0.00,0.00,0.00,0.00,173876897,487471992,243236776,270354901
3605.26,3641926.04,4595933.84,1056583.55,954007.80,2458.11,2672.96,0.00,214.86,3770903486.29,6333978680.36,0.00,0.00,0.00,0.00,174081950,487896214,243476980,270354901
3607.26,3644335.20,4599076.99,1056583.55,954741.80,2409.16,3143.15,0.00,733.99,3770903486.29,6333978680.36,0.00,0.00,0.00,0.00,174272177,488322732,243476980,270354901
3609.26,3646940.68,4603421.43,1056583.55,956480.74,2605.49,4344.43,0.00,1738.95,3770903486.29,6333978680.36,0.00,0.00,0.00,0.00,174483406,488778508,243476980,270354901
3611.26,3649467.42,4607019.64,1056583.55,957552.22,2526.73,3598.21,0.00,1071.48,3770903486.29,6333978680.36,0.00,0.00,0.00,0.00,174709503,489199255,244383442,270354901
3613.26,3652035.34,4611509.08,1056583.55,959473.74,2567.93,4489.45,0.00,1921.52,3770903486.29,6333978680.36,0.00,0.00,0.00,0.00,174965366,489600781,244383442,270354901
3615.26,3654426.97,4615631.04,1056583.55,961204.07,2391.62,4121.96,0.00,1730.34,3770903486.29,6333978680.36,0.00,0.00,0.00,0.00,175202307,489976096,245221919,270354901
3617.26,3656973.53,4619993.88,1056583.55,963020.35,2546.56,4362.84,0.00,1816.28,3770903486.29,6333978680.36,0.00,0.00,0.00,0.00,175392572,490437751,245221919,270354901
3619.26,3659360.80,4624103.46,1056583.55,964742.66,2387.27,4109.58,0.00,1722.31,3770903486.29,6333978680.36,0.00,0.00,0.00,0.00,175580293,490861171,246173369,270354901
3621.26,3661896.59,4628454.55,1056583.55,966557.96,2535.79,4351.09,0.00,1815.30,3770903486.29,6333978680.36,0.00,0.00,0.00,0.00,175792322,491298303,246173369,270354901
3623.28,3664539.30,4632879.26,1056583.55,968339.96,2642.72,4424.71,0.00,1781.99,3770903486.29,6333978680.36,0.00,0.00,0.00,0.00,176023804,491743357,247137148,270354901
3625.28,3667003.00,4635342.96,1058272.86,968339.96,2463.70,2463.70,1689.31,0.00,3770903486.29,6333978680.36,0.00,0.00,0.00,0.00,175963730,492179644,247137148,270609395
3627.28,3669442.28,4637782.24,1059653.43,968339.96,2439.28,2439.28,1380.56,0.00,3770903486.29,6333978680.36,0.00,0.00,0.00,0.00,175934330,492542032,247137148,270900862
3629.28,3671900.77,4640240.73,1059687.98,968339.96,2458.49,2458.49,34.55,0.00,3770903486.29,6333978680.36,0.00,0.00,0.00,0.00,175875244,492981723,247137148,271149630
3631.28,3674435.49,4642775.45,1059886.27,968339.96,2534.72,2534.72,198.29,0.00,3770903486.29,6333978680.36,0.00,0.00,0.00,0.00,176104050,493401805,247137148,271149630
3633.28,3676857.16,4645197.12,1061349.14,968339.96,2421.68,2421.68,1462.87,0.00,3770903486.29,6333978680.36,0.00,0.00,0.00,0.00,175962826,493737730,247137148,271574878
3635.28,3679388.20,4647728.15,1061349.14,968339.96,2531.03,2531.03,0.00,0.00,3770903486.29,6333978680.36,0.00,0.00,0.00,0.00,176346946,494001554,247137148,271574878
3637.28,3681856.22,4650196.18,1062182.93,968339.96,2468.03,2468.03,833.79,0.00,3770903486.29,6333978680.36,0.00,0.00,0.00,0.00,176464552,494302313,247137148,271788328
3639.28,3684392.87,4652732.83,1062182.93,968339.96,2536.65,2536.65,0.00,0.00,3770903486.29,6333978680.36,0.00,0.00,0.00,0.00,176652154,494764093,247137148,271788328
3641.28,3686762.24,4655406.18,1062182.93,968643.94,2369.37,2673.36,0.00,303.98,3770903486.29,6333978680.36,0.00,0.00,0.00,0.00,176845442,495177364,247137148,271788328
3643.28,3689119.82,4659802.91,1062182.93,970683.09,2357.58,4396.72,0.00,2039.14,3770903486.29,6333978680.36,0.00,0.00,0.00,0.00,177012972,495613374,247137148,271788328
3645.28,3691628.42,4664276.34,1062182.93,972647.93,2508.60,4473.44,0.00,1964.84,3770903486.29,6333978680.36,0.00,0.00,0.00,0.00,177227875,496040672,247137148,271788328
3647.28,3693952.77,4668416.29,1062182.93,974463.52,2324.35,4139.95,0.00,1815.60,3770903486.29,6333978680.36,0.00,0.00,0.00,0.00,177424450,496439131,248236435,271788328
3649.28,3696296.06,4672571.36,1062182.93,976275.30,2343.29,4155.07,0.00,1811.77,3770903486.29,6333978680.36,0.00,0.00,0.00,0.00,177593908,496869556,248236435,271788328
3651.28,3698691.48,4676566.79,1062182.93,977875.30,2395.42,3995.43,0.00,1600.01,3770903486.29,6333978680.36,0.00,0.00,0.00,0.00,177801159,497275533,249220754,271788328
3653.28,3701267.03,4681004.30,1062182.93,979737.27,2575.54,4437.51,0.00,1861.97,3770903486.29,6333978680.36,0.00,0.00,0.00,0.00,177996057,497739974,249220754,271788328
3655.28,3703646.41,4685197.64,1062182.93,981551.23,2379.39,4193.34,0.00,1813.95,3770903486.29,6333978680.36,0.00,0.00,0.00,0.00,178184440,498160714,250134897,271788328
3657.28,3706196.07,4689582.40,1062182.93,983386.34,2549.65,4384.76,0.00,1835.11,3770903486.29,6333978680.36,0.00,0.00,0.00,0.00,178391781,498606084,250134897,271788328
3659.28,3708567.78,4693536.96,1062182.93,984969.18,2371.71,3954.55,0.00,1582.84,3770903486.29,6333978680.36,0.00,0.00,0.00,0.00,178600587,499004436,251122898,271788328
3661.28,3711098.84,4697822.12,1062182.93,986723.28,2531.07,4285.17,0.00,1754.10,3770903486.29,6333978680.36,0.00,0.00,0.00,0.00,178793466,499459510,251122898,271788328
3663.28,3713563.93,4701899.48,1062182.93,988335.55,2465.09,4077.36,0.00,1612.27,3770903486.29,6333978680.36,0.00,0.00,0.00,0.00,179009366,499874672,252042959,271788328
3665.28,3715907.91,4706052.71,1062182.93,990144.80,2343.98,4153.23,0.00,1809.25,3770903486.29,6333978680.36,0.00,0.00,0.00,0.00,179216302,500267795,252042959,271788328
3667.28,3718389.26,4710214.93,1062182.93,991825.66,2481.35,4162.21,0.00,1680.86,3770903486.29,6333978680.36,0.00,0.00,0.00,0.00,179418317,500701006,252963560,271788328
3669.28,3720730.83,4714461.30,1062182.93,993730.47,2341.57,4246.38,0.00,1904.80,3770903486.29,6333978680.36,0.00,0.00,0.00,0.00,179631008,501087757,252963560,271788328
3671.28,3723238.45,4718774.27,1062182.93,995535.82,2507.62,4312.97,0.00,1805.35,3770903486.29,6333978680.36,0.00,0.00,0.00,0.00,179851527,501509189,253987742,271788328
3673.28,3725832.65,4723236.44,1062182.93,997403.79,2594.20,4462.17,0.00,1867.97,3770903486.29,6333978680.36,0.00,0.00,0.00,0.00,180049608,501975223,253987742,271788328
3675.28,3728262.05,4727393.93,1062182.93,999131.89,2429.39,4157.49,0.00,1728.10,3770903486.29,6333978680.36,0.00,0.00,0.00,0.00,180258008,502388748,254800826,271788328
3677.28,3730855.00,4731894.21,1062182.93,1001039.21,2592.96,4500.28,0.00,1907.32,3770903486.29,6333978680.36,0.00,0.00,0.00,0.00,180477936,502832617,254800826,271788328
3679.28,3733251.83,4735979.96,1062182.93,1002728.13,2396.83,4085.75,0.00,1688.92,3770903486.29,6333978680.36,0.00,0.00,0.00,0.00,180674070,503250071,255621703,271788328
3681.28,3735831.80,4740416.66,1062182.93,1004584.85,2579.97,4436.70,0.00,1856.72,3770903486.29,6333978680.36,0.00,0.00,0.00,0.00,180915286,503669328,255621703,271788328
3683.28,3738130.77,4744516.73,1062182.93,1006385.96,2298.96,4100.07,0.00,1801.11,3770903486.29,6333978680.36,0.00,0.00,0.00,0.00,181134206,504038942,256747502,271788328
3685.28,3740640.85,4748840.23,1062182.93,1008199.38,2510.08,4323.50,0.00,1813.42,3770903486.29,6333978680.36,0.00,0.00,0.00,0.00,181379792,504435937,256747502,271788328
3687.28,3743167.28,4753054.68,1062182.93,1009887.39,2526.43,4214.45,0.00,1688.01,3770903486.29,6333978680.36,0.00,0.00,0.00,0.00,181640354,504822142,257691026,271788328
3689.28,3745522.71,4757259.46,1062182.93,1011736.76,2355.43,4204.79,0.00,1849.36,3770903486.29,6333978680.36,0.00,0.00,0.00,0.00,181888138,505177347,257691026,271788328
3691.28,3748029.53,4761319.92,1062182.93,1013290.39,2506.82,4060.45,0.00,1553.63,3770903486.29,6333978680.36,0.00,0.00,0.00,0.00,182126846,505580386,258592892,271788328
3693.28,3750721.46,4765729.29,1062182.93,1015007.82,2691.93,4409.37,0.00,1717.43,3770903486.29,6333978680.36,0.00,0.00,0.00,0.00,182407393,505988974,258592892,271788328
3695.28,3753220.91,4769936.90,1062182.93,1016715.98,2499.45,4207.61,0.00,1708.16,3770903486.29,6333978680.36,0.00,0.00,0.00,0.00,182679299,506356927,259394524,271788328
3697.28,3755899.92,4774385.84,1062182.93,1018485.92,2679.00,4448.94,0.00,1769.94,3770903486.29,6333978680.36,0.00,0.00,0.00,0.00,182969834,506752217,259394524,271788328
3699.28,3758381.60,4778665.91,1062182.93,1020284.31,2481.68,4280.07,0.00,1798.39,3770903486.29,6333978680.36,0.00,0.00,0.00,0.00,183219706,507137655,259394524,271788328
3701.28,3760937.51,4782845.27,1062182.93,1021907.76,2555.91,4179.36,0.00,1623.45,3770903486.29,6333978680.36,0.00,0.00,0.00,0.00,183478162,507533513,260365968,271788328
3703.28,3763660.49,4787420.85,1062182.93,1023760.36,2722.98,4575.58,0.00,1852.60,3770903486.29,6333978680.36,0.00,0.00,0.00,0.00,183719861,507988896,260365968,271788328
3705.28,3765723.52,4790458.76,1062182.93,1024735.24,2063.03,3037.91,0.00,974.88,3770903486.29,6333978680.36,0.00,0.00,0.00,0.00,183960008,508276885,261299267,271788328
3707.28,3767821.15,4792795.93,1062182.93,1024974.78,2097.63,2337.17,0.00,239.54,3771697962.93,6333978680.36,794476.65,0.00,0.00,0.00,184164236,508609650,261299267,271788328
3709.28,3769817.05,4795115.37,1062182.93,1025298.32,1995.90,2319.44,0.00,323.54,3771697962.93,6333978680.36,0.00,0.00,0.00,0.00,184363919,508920917,261299267,271788328
3711.28,3771830.21,4797436.71,1062182.93,1025606.50,2013.16,2321.34,0.00,308.18,3771697962.93,6333978680.36,0.00,0.00,0.00,0.00,184567315,509232890,261299267,271788328
3713.28,3772416.03,4798760.05,1062182.93,1026344.02,585.82,1323.34,0.00,737.51,3771697962.93,6333978680.36,0.00,0.00,0.00,0.00,184626734,509323442,261299267,271788328
3715.28,3772416.03,4800906.55,1062182.93,1028490.52,0.00,2146.51,0.00,2146.51,3771697962.93,6333978680.36,0.00,0.00,0.00,0.00,184626734,509323442,261299267,271788328
3717.28,3772416.03,4803344.03,1062182.93,1030928.00,0.00,2437.47,0.00,2437.47,3771708840.02,6333978680.36,10877.09,0.00,0.00,0.00,184626734,509323442,261299267,271788328
3719.28,3772416.03,4805651.92,1062182.93,1033235.89,0.00,2307.89,0.00,2307.89,3771708840.02,6333978680.36,0.00,0.00,0.00,0.00,184626734,509323442,261299267,271788328
3721.28,3772679.39,4808128.12,1062182.93,1035448.73,263.36,2476.20,0.00,2212.84,3771708840.02,6333978680.36,0.00,0.00,0.00,0.00,184650436,509367161,264188889,271788328
3723.28,3775185.34,4812492.18,1062182.93,1037306.84,2505.94,4364.05,0.00,1858.11,3771708840.02,6333978680.36,0.00,0.00,0.00,0.00,184947569,509711549,264188889,271788328
3725.28,3777738.34,4816886.91,1062182.93,1039148.57,2553.00,4394.73,0.00,1841.73,3771708840.02,6333978680.36,0.00,0.00,0.00,0.00,185226176,510086511,264188889,271788328
3727.28,3780203.12,4821008.70,1062182.93,1040805.58,2464.78,4121.79,0.00,1657.01,3771708840.02,6333978680.36,0.00,0.00,0.00,0.00,185486357,510457314,265199914,271788328
3729.28,3782776.50,4825324.89,1062182.93,1042548.39,2573.38,4316.19,0.00,1742.82,3771708840.02,6333978680.36,0.00,0.00,0.00,0.00,185592495,511009960,265199914,271788328
3731.28,3784704.03,4829005.07,1062182.93,1044301.04,1927.54,3680.18,0.00,1752.64,3771708840.02,6333978680.36,0.00,0.00,0.00,0.00,185797963,511297941,266092784,271788328
3733.28,3785093.87,4831546.43,1062182.93,1046452.55,389.84,2541.36,0.00,2151.52,3771708840.02,6333978680.36,0.00,0.00,0.00,0.00,185852314,511343389,266970262,271788328
3735.28,3787616.87,4835893.88,1062182.93,1048277.02,2523.00,4347.46,0.00,1824.46,3771708840.02,6333978680.36,0.00,0.00,0.00,0.00,186127556,511714034,266970262,271788328
3737.28,3790105.27,4840017.82,1062182.93,1049912.54,2488.41,4123.93,0.00,1635.53,3771708840.02,6333978680.36,0.00,0.00,0.00,0.00,186443210,512035412,267870006,271788328
3739.28,3790848.03,4842960.41,1062182.93,1052112.38,742.76,2942.59,0.00,2199.84,3771708840.02,6333978680.36,0.00,0.00,0.00,0.00,186517611,512151157,267870006,271788328
3741.28,3790848.03,4845078.53,1062182.93,1054230.50,0.00,2118.12,0.00,2118.12,3771708840.02,6333978680.36,0.00,0.00,0.00,0.00,186517611,512151157,267870006,271788328
3743.28,3790848.03,4847512.93,1062182.93,1056664.90,0.00,2434.40,0.00,2434.40,3771708840.02,6333978680.36,0.00,0.00,0.00,0.00,186517611,512151157,267870006,271788328
3745.28,3790848.03,4849769.40,1062182.93,1058921.37,0.00,2256.46,0.00,2256.46,3771708840.02,6333978680.36,0.00,0.00,0.00,0.00,186517611,512151157,267870006,271788328
3747.28,3790848.03,4851959.28,1062182.93,1061111.25,0.00,2189.88,0.00,2189.88,3771708840.02,6333978680.36,0.00,0.00,0.00,0.00,186517611,512151157,267870006,271788328
3749.28,3790848.03,4854483.68,1062182.93,1063635.65,0.00,2524.40,0.00,2524.40,3771708840.02,6333978680.36,0.00,0.00,0.00,0.00,186517611,512151157,267870006,271788328
3751.28,3791918.96,4857599.68,1062182.93,1065680.71,1070.93,3116.00,0.00,2045.07,3771708840.02,6333978680.36,0.00,0.00,0.00,0.00,186661272,512281655,271777380,271788328
3753.28,3794453.55,4862009.55,1062182.93,1067556.00,2534.58,4409.87,0.00,1875.29,3771708840.02,6333978680.36,0.00,0.00,0.00,0.00,186903542,512688238,271777380,271788328
3755.28,3796823.99,4866312.32,1062182.93,1069488.33,2370.44,4302.77,0.00,1932.32,3771708840.02,6333978680.36,0.00,0.00,0.00,0.00,187151741,513046872,272792695,271788328
3757.28,3799347.71,4870455.15,1062182.93,1071107.44,2523.73,4142.84,0.00,1619.11,3771708840.02,6333978680.36,0.00,0.00,0.00,0.00,187290093,513554594,272965381,271788328
3759.28,3801836.86,4874665.46,1062182.93,1072828.61,2489.14,4210.31,0.00,1721.17,3771708840.02,6333978680.36,0.00,0.00,0.00,0.00,187475116,514006792,272965381,271788328
3761.28,3804344.16,4879016.75,1062182.93,1074672.59,2507.30,4351.29,0.00,1843.99,3771708840.02,6333978680.36,0.00,0.00,0.00,0.00,187727356,514396420,273818425,271788328
3763.28,3806704.91,4883253.70,1062182.93,1076548.80,2360.75,4236.95,0.00,1876.20,3771708840.02,6333978680.36,0.00,0.00,0.00,0.00,187953843,514774285,273818425,271788328
3765.28,3809210.94,4887393.79,1062182.93,1078182.85,2506.03,4140.09,0.00,1634.05,3771708840.02,6333978680.36,0.00,0.00,0.00,0.00,188178469,515191203,274868444,271788328
3767.28,3809280.04,4889865.52,1062182.93,1080585.48,69.10,2471.73,0.00,2402.63,3771708840.02,6333978680.36,0.00,0.00,0.00,0.00,188184542,515202819,274868444,271788328
3769.28,3811385.89,4893664.57,1062182.93,1082278.68,2105.86,3799.05,0.00,1693.19,3771708840.02,6333978680.36,0.00,0.00,0.00,0.00,188381724,515544737,275863201,271788328
3771.28,3813927.60,4898145.15,1062182.93,1084217.55,2541.71,4480.58,0.00,1938.87,3771708840.02,6333978680.36,0.00,0.00,0.00,0.00,188624694,515952444,275863201,271788328
3773.28,3815896.62,4902040.36,1062182.93,1086143.73,1969.02,3895.21,0.00,1926.18,3771708840.02,6333978680.36,0.00,0.00,0.00,0.00,188817207,516264001,277147802,271788328
3775.28,3818623.64,4906483.22,1062182.93,1087859.58,2727.02,4442.86,0.00,1715.85,3771708840.02,6333978680.36,0.00,0.00,0.00,0.00,189089822,516689502,277147802,271788328
3777.28,3820936.02,4910707.04,1062182.93,1089771.02,2312.38,4223.82,0.00,1911.44,3771708840.02,6333978680.36,0.00,0.00,0.00,0.00,189259050,517112244,277147802,271788328
3779.28,3823451.41,4914838.32,1062182.93,1091386.91,2515.39,4131.29,0.00,1615.89,3771708840.02,6333978680.36,0.00,0.00,0.00,0.00,189396624,517618610,278182173,271788328
3781.28,3826099.64,4919355.43,1062182.93,1093255.79,2648.23,4517.11,0.00,1868.88,3771708840.02,6333978680.36,0.00,0.00,0.00,0.00,189642951,518050229,278182173,271788328
3783.28,3828061.48,4923397.93,1062182.93,1095336.45,1961.84,4042.50,0.00,2080.66,3771708840.02,6333978680.36,0.00,0.00,0.00,0.00,189845555,518349856,279542901,271788328
3785.28,3830737.02,4927862.49,1062182.93,1097125.46,2675.54,4464.55,0.00,1789.01,3771708840.02,6333978680.36,0.00,0.00,0.00,0.00,190099610,518780740,279542901,271788328
3787.28,3833259.41,4932194.69,1062182.93,1098935.29,2522.38,4332.20,0.00,1809.82,3771708840.02,6333978680.36,0.00,0.00,0.00,0.00,190312742,519213338,279542901,271788328
3789.28,3835283.50,4935900.25,1062738.18,1100616.75,2024.09,3705.56,555.24,1681.47,3771708840.02,6333978680.36,0.00,0.00,0.00,0.00,190381626,519662621,280901598,271788328
3791.28,3837115.13,4937731.89,1063404.16,1100616.75,1831.64,1831.64,665.99,0.00,3771844792.05,6333978680.36,135952.02,0.00,0.00,0.00,190540251,519972895,280901598,271788328
3793.28,3839123.98,4939740.74,1063998.63,1100616.75,2008.85,2008.85,594.47,0.00,3771844792.05,6333978680.36,0.00,0.00,0.00,0.00,190725989,520301423,280901598,271788328
3795.28,3841172.96,4941789.71,1064743.79,1100616.75,2048.98,2048.98,745.16,0.00,3771844792.05,6333978680.36,0.00,0.00,0.00,0.00,190913511,520638439,280901598,271788328
3797.28,3843192.85,4943809.61,1065511.04,1100616.75,2019.89,2019.89,767.24,0.00,3771844792.05,6333978680.36,0.00,0.00,0.00,0.00,191041280,521027762,280901598,271788328
3799.28,3845558.24,4946175.00,1067434.51,1100616.75,2365.39,2365.39,1923.47,0.00,3771844792.05,6333978680.36,0.00,0.00,0.00,0.00,191243296,521431286,280901598,271788328
3801.28,3847591.28,4948208.03,1069232.15,1100616.75,2033.04,2033.04,1797.64,0.00,3771855064.53,6333978680.36,10272.48,0.00,0.00,0.00,189690554,521782312,280901598,273510501
3803.28,3850003.48,4950620.24,1071429.71,1100616.75,2412.21,2412.21,2197.56,0.00,3771855064.53,6333978680.36,0.00,0.00,0.00,0.00,189368232,522151342,280901598,274081318
3805.28,3852407.89,4953024.65,1073485.50,1100616.75,2404.41,2404.41,2055.79,0.00,3771855064.53,6333978680.36,0.00,0.00,0.00,0.00,189464689,522309883,280901598,274441849
3807.28,3854873.91,4955490.67,1075573.05,1100616.75,2466.02,2466.02,2087.55,0.00,3771855064.53,6333978680.36,0.00,0.00,0.00,0.00,189521121,522578274,280901598,274748327
3809.28,3857121.18,4957737.93,1077784.55,1100616.75,2247.26,2247.26,2211.50,0.00,3771855064.53,6333978680.36,0.00,0.00,0.00,0.00,188964511,522790292,280901598,275668218
3811.28,3859709.64,4960326.40,1080227.11,1100616.75,2588.47,2588.47,2442.56,0.00,3771855064.53,6333978680.36,0.00,0.00,0.00,0.00,189384344,523033107,280901598,275668218
3813.28,3861866.57,4963356.39,1080951.11,1101489.82,2156.93,3029.99,724.00,873.07,3771855064.53,6333978680.36,0.00,0.00,0.00,0.00,188802776,523245915,280901598,276589151
3815.28,3864597.21,4967934.89,1080951.11,1103337.68,2730.64,4578.50,0.00,1847.86,3771855064.53,6333978680.36,0.00,0.00,0.00,0.00,189216054,523531680,280901598,276589151
3817.28,3866911.28,4972086.08,1080951.11,1105174.80,2314.07,4151.19,0.00,1837.12,3771855064.53,6333978680.36,0.00,0.00,0.00,0.00,189588879,523751257,281934467,276589151
3819.28,3869459.05,4976441.06,1080951.11,1106982.01,2547.77,4354.98,0.00,1807.21,3771855064.53,6333978680.36,0.00,0.00,0.00,0.00,190002323,523990042,281934467,276589151
3821.28,3871694.91,4980329.38,1080951.11,1108634.47,2235.86,3888.32,0.00,1652.46,3771855064.53,6333978680.36,0.00,0.00,0.00,0.00,190345309,524219436,282804550,276589151
3823.28,3874439.16,4984916.09,1080951.11,1110476.93,2744.26,4586.72,0.00,1842.46,3771855064.53,6333978680.36,0.00,0.00,0.00,0.00,190825292,524441983,282804550,276589151
3825.28,3876556.47,4988766.44,1080951.11,1112209.97,2117.30,3850.34,0.00,1733.04,3771855064.53,6333978680.36,0.00,0.00,0.00,0.00,191184420,524624885,283855590,276589151
3827.28,3879336.84,4993152.47,1080951.11,1113815.63,2780.37,4386.03,0.00,1605.66,3771855064.53,6333978680.36,0.00,0.00,0.00,0.00,191595537,524925543,283855590,276589151
3829.35,3881578.39,4997217.87,1080951.11,1115639.47,2241.55,4065.40,0.00,1823.84,3771855064.53,6333978680.36,0.00,0.00,0.00,0.00,191910199,525184719,284733346,276589151
3831.35,3884183.54,5001541.02,1080951.11,1117357.48,2605.15,4323.15,0.00,1718.00,3771855064.53,6333978680.36,0.00,0.00,0.00,0.00,192272325,525489511,284733346,276589151
3833.35,3886855.75,5005904.84,1080955.11,1119049.09,2672.21,4363.82,4.00,1691.61,3771855064.53,6333978680.36,0.00,0.00,0.00,0.00,192496090,525949832,285605776,276589151
3835.35,3889211.36,5008260.45,1083416.23,1119049.09,2355.61,2355.61,2461.12,0.00,3771855064.53,6333978680.36,0.00,0.00,0.00,0.00,192283046,526383136,285605776,276971926
3837.35,3891829.50,5010878.58,1086012.18,1119049.09,2618.14,2618.14,2595.94,0.00,3771855064.53,6333978680.36,0.00,0.00,0.00,0.00,192489397,526847028,285605776,276971926
3839.35,3894212.71,5013261.79,1088260.54,1119049.09,2383.21,2383.21,2248.37,0.00,3771855064.53,6333978680.36,0.00,0.00,0.00,0.00,191779717,527225637,285605776,277913099
3841.35,3896966.01,5016015.09,1090806.24,1119049.09,2753.30,2753.30,2545.70,0.00,3771855064.53,6333978680.36,0.00,0.00,0.00,0.00,192020472,527689727,285605776,277913099
3843.35,3899289.18,5018338.26,1093173.57,1119049.09,2323.17,2323.17,2367.33,0.00,3771855064.53,6333978680.36,0.00,0.00,0.00,0.00,191511962,527988539,285605776,278717528
3845.35,3901960.77,5021009.85,1095787.41,1119049.09,2671.59,2671.59,2613.84,0.00,3771855064.53,6333978680.36,0.00,0.00,0.00,0.00,191753478,528430950,285605776,278717528
3847.35,3904144.32,5023193.41,1097979.11,1119049.09,2183.55,2183.55,2191.70,0.00,3771855064.53,6333978680.36,0.00,0.00,0.00,0.00,190961323,528725272,285605776,279774351
3849.35,3906926.21,5025975.30,1100620.21,1119049.09,2781.89,2781.89,2641.11,0.00,3771855064.53,6333978680.36,0.00,0.00,0.00,0.00,191211118,529187641,285605776,279774351
3851.35,3908850.52,5027987.24,1102556.85,1119136.72,1924.31,2011.94,1936.64,87.63,3771933360.61,6335041782.61,78296.08,1063102.25,0.00,0.00,190132843,529517175,285605776,281015715
3853.35,3911623.16,5032594.81,1102556.85,1120971.65,2772.64,4607.57,0.00,1834.93,3771933360.61,6335041782.61,0.00,0.00,0.00,0.00,190560179,529799634,285605776,281015715
3855.35,3913966.21,5036853.39,1102556.85,1122887.17,2343.06,4258.58,0.00,1915.52,3771933360.61,6335041782.61,0.00,0.00,0.00,0.00,190894492,530065144,285605776,281015715
3857.35,3916506.27,5040971.69,1102556.85,1124465.42,2540.06,4118.30,0.00,1578.25,3771933360.61,6335041782.61,0.00,0.00,0.00,0.00,191105353,530504538,286647978,281015715
3859.35,3919183.72,5045429.35,1102556.85,1126245.63,2677.45,4457.66,0.00,1780.21,3771933360.61,6335041782.61,0.00,0.00,0.00,0.00,191337919,530957398,286647978,281015715
3861.35,3921779.44,5049674.45,1102556.85,1127895.01,2595.72,4245.09,0.00,1649.38,3771933360.61,6335041782.61,0.00,0.00,0.00,0.00,191569803,531390018,287575307,281015715
3863.35,3924552.61,5054337.34,1102556.85,1129784.73,2773.18,4662.89,0.00,1889.72,3771933360.61,6335041782.61,0.00,0.00,0.00,0.00,191797486,531872268,287575307,281015715
3865.35,3926803.65,5058324.76,1102556.85,1131521.11,2251.04,3987.42,0.00,1736.38,3771933360.61,6335041782.61,0.00,0.00,0.00,0.00,192019291,532226728,288467715,281015715
3867.35,3929494.64,5062856.92,1102556.85,1133362.28,2690.99,4532.16,0.00,1841.17,3771933360.61,6335041782.61,0.00,0.00,0.00,0.00,192296014,532638899,288467715,281015715
3869.35,3932032.05,5067060.71,1102556.85,1135028.66,2537.41,4203.79,0.00,1666.38,3771933360.61,6335041782.61,0.00,0.00,0.00,0.00,192526550,533057941,289497385,281015715
3871.35,3932160.04,5069605.78,1102556.85,1137445.74,127.98,2545.07,0.00,2417.09,3771933360.61,6335041782.61,0.00,0.00,0.00,0.00,192535611,533081644,289497385,281015715
3873.35,3932160.04,5071798.37,1102556.85,1139638.33,0.00,2192.59,0.00,2192.59,3771933360.61,6335041782.61,0.00,0.00,0.00,0.00,192535611,533081644,289497385,281015715
3875.35,3932160.04,5074132.91,1102556.85,1141972.88,0.00,2334.55,0.00,2334.55,3771933360.61,6335041782.61,0.00,0.00,0.00,0.00,192535611,533081644,289497385,281015715
3877.35,3934474.32,5078054.23,1102556.85,1143579.91,2314.28,3921.32,0.00,1607.04,3771933360.61,6335041782.61,0.00,0.00,0.00,0.00,192718997,533490714,291501665,281015715
3879.35,3936972.39,5082536.05,1102556.85,1145563.66,2498.07,4481.82,0.00,1983.75,3771933360.61,6335041782.61,0.00,0.00,0.00,0.00,192926058,533923158,291501665,281015715
3881.35,3938304.00,5085814.26,1102556.85,1147510.25,1331.62,3278.21,0.00,1946.59,3771933360.61,6335041782.61,0.00,0.00,0.00,0.00,193030593,534159517,292468559,281015715
3883.43,3938304.00,5088069.54,1102556.85,1149765.54,0.00,2255.28,0.00,2255.28,3771933360.61,6335041782.61,0.00,0.00,0.00,0.00,193030593,534159517,292468559,281015715
3885.43,3938304.00,5090604.82,1102556.85,1152300.81,0.00,2535.28,0.00,2535.28,3771933360.61,6335041782.61,0.00,0.00,0.00,0.00,193030593,534159517,292468559,281015715
3887.43,3939110.23,5093435.91,1102556.85,1154325.68,806.22,2831.09,0.00,2024.87,3771933360.61,6335041782.61,0.00,0.00,0.00,0.00,193110276,534286227,294510776,281015715
3889.43,3941594.68,5097799.89,1102556.85,1156205.21,2484.45,4363.98,0.00,1879.53,3771933360.61,6335041782.61,0.00,0.00,0.00,0.00,193310160,534722363,294510776,281015715
3891.43,3944081.30,5101999.12,1102556.85,1157917.82,2486.62,4199.23,0.00,1712.61,3771933360.61,6335041782.61,0.00,0.00,0.00,0.00,193523351,535145746,295541212,281015715
3893.43,3944448.02,5104661.05,1102556.85,1160213.04,366.72,2661.94,0.00,2295.22,3771933360.61,6335041782.61,0.00,0.00,0.00,0.00,193561012,535201965,295541212,281015715
3895.43,3945322.69,5107587.91,1102556.85,1162265.22,874.67,2926.86,0.00,2052.18,3771933360.61,6335041782.61,0.00,0.00,0.00,0.00,193637155,535349738,296513462,281015715
3897.43,3947848.06,5111933.40,1102556.85,1164085.34,2525.38,4345.49,0.00,1820.12,3771933360.61,6335041782.61,0.00,0.00,0.00,0.00,193914978,535718411,296513462,281015715
3899.43,3950343.01,5116018.45,1102556.85,1165675.44,2494.95,4085.05,0.00,1590.10,3771933360.61,6335041782.61,0.00,0.00,0.00,0.00,194125279,536146817,297462023,281015715
3901.43,3950592.02,5118501.98,1102556.85,1167909.96,249.01,2483.53,0.00,2234.52,3771933360.61,6335041782.61,0.00,0.00,0.00,0.00,194135053,536200789,297462023,281015715
3903.43,3951937.98,5121773.88,1102556.85,1169835.90,1345.96,3271.90,0.00,1925.94,3771933360.61,6335041782.61,0.00,0.00,0.00,0.00,194246929,536433480,298350241,281015715
3905.43,3954496.15,5126203.29,1102556.85,1171707.13,2558.17,4429.40,0.00,1871.23,3771933360.61,6335041782.61,0.00,0.00,0.00,0.00,194472421,536862879,298350241,281015715
3907.43,3956736.02,5130177.69,1102556.85,1173441.67,2239.86,3974.40,0.00,1734.54,3771933360.61,6335041782.61,0.00,0.00,0.00,0.00,194840130,537068575,299331623,281015715
3909.43,3956736.02,5132595.22,1102556.85,1175859.20,0.00,2417.53,0.00,2417.53,3771933360.61,6335041782.61,0.00,0.00,0.00,0.00,194840130,537068575,299331623,281015715
3911.43,3958232.99,5135988.31,1102556.85,1177755.32,1496.98,3393.09,0.00,1896.11,3771933360.61,6335041782.61,0.00,0.00,0.00,0.00,195060780,537231151,300371587,281015715
3913.43,3960766.53,5140260.76,1102556.85,1179494.23,2533.54,4272.45,0.00,1738.91,3771933360.61,6335041782.61,0.00,0.00,0.00,0.00,195443572,537496945,300371587,281015715
3915.43,3962880.01,5144137.53,1102556.85,1181257.52,2113.48,3876.77,0.00,1763.29,3771933360.61,6335041782.61,0.00,0.00,0.00,0.00,195654587,537826980,301292760,281015715
3917.43,3962880.01,5146492.37,1102556.85,1183612.36,0.00,2354.84,0.00,2354.84,3771933360.61,6335041782.61,0.00,0.00,0.00,0.00,195654587,537826980,301292760,281015715
3919.43,3962880.01,5148614.08,1102556.85,1185734.07,0.00,2121.71,0.00,2121.71,3771933360.61,6335041782.61,0.00,0.00,0.00,0.00,195654587,537826980,301292760,281015715
3921.43,3962880.01,5150769.09,1102556.85,1187889.09,0.00,2155.01,0.00,2155.01,3771933360.61,6335041782.61,0.00,0.00,0.00,0.00,195654587,537826980,301292760,281015715
3923.43,3962880.01,5153268.99,1102556.85,1190388.98,0.00,2499.89,0.00,2499.89,3771933360.61,6335041782.61,0.00,0.00,0.00,0.00,195654587,537826980,301292760,281015715
3925.43,3963988.20,5156491.13,1102556.85,1192502.93,1108.19,3222.14,0.00,2113.95,3771933360.61,6335041782.61,0.00,0.00,0.00,0.00,195739176,538026088,304187384,281015715
3927.43,3966534.43,5160955.22,1102556.85,1194420.79,2546.23,4464.09,0.00,1917.86,3771933360.61,6335041782.61,0.00,0.00,0.00,0.00,195940709,538476391,304187384,281015715
3929.43,3969024.04,5165126.56,1102556.85,1196102.53,2489.60,4171.34,0.00,1681.74,3771933360.61,6335041782.61,0.00,0.00,0.00,0.00,196158089,538896349,305210510,281015715
3931.43,3969024.04,5167544.94,1102556.85,1198520.91,0.00,2418.38,0.00,2418.38,3771933360.61,6335041782.61,0.00,0.00,0.00,0.00,196158089,538896349,305210510,281015715
3933.43,3969024.04,5169747.57,1102556.85,1200723.54,0.00,2202.63,0.00,2202.63,3771933360.61,6335041782.61,0.00,0.00,0.00,0.00,196158089,538896349,305210510,281015715
3935.43,3969024.04,5172175.62,1102556.85,1203151.58,0.00,2428.04,0.00,2428.04,3771933360.61,6335041782.61,0.00,0.00,0.00,0.00,196158089,538896349,305210510,281015715
3937.43,3971239.57,5176102.04,1102556.85,1204862.46,2215.54,3926.42,0.00,1710.88,3771933360.61,6335041782.61,0.00,0.00,0.00,0.00,196330958,539290657,307192588,281015715
3939.43,3973749.27,5180434.81,1102556.85,1206685.54,2509.70,4332.77,0.00,1823.07,3771933360.61,6335041782.61,0.00,0.00,0.00,0.00,196540548,539723550,307192588,281015715
3941.43,3975168.03,5183803.80,1102556.85,1208635.77,1418.76,3368.99,0.00,1950.23,3771933360.61,6335041782.61,0.00,0.00,0.00,0.00,196639644,539987657,308158892,281015715
3943.43,3975168.03,5186073.30,1102556.85,1210905.27,0.00,2269.50,0.00,2269.50,3771933360.61,6335041782.61,0.00,0.00,0.00,0.00,196639644,539987657,308158892,281015715
3945.43,3977675.84,5190217.19,1102556.85,1212541.34,2507.81,4143.89,0.00,1636.08,3771933360.61,6335041782.61,0.00,0.00,0.00,0.00,196842578,540426723,309113866,281015715
3947.43,3980173.66,5194528.56,1102556.85,1214354.91,2497.81,4311.38,0.00,1813.56,3771933360.61,6335041782.61,0.00,0.00,0.00,0.00,197042549,540866192,309113866,281015715
3949.43,3981312.03,5197617.39,1102556.85,1216305.36,1138.37,3088.83,0.00,1950.46,3771933360.61,6335041782.61,0.00,0.00,0.00,0.00,197119814,541080350,310031897,281015715
3951.43,3981541.99,5199980.63,1102715.18,1218438.64,229.96,2363.24,158.32,2133.28,3771933360.61,6335041782.61,0.00,0.00,0.00,0.00,197141286,541117748,311037391,281015715
3953.43,3983972.24,5202410.88,1104798.25,1218438.64,2430.25,2430.25,2083.08,0.00,3771933360.61,6335041782.61,0.00,0.00,0.00,0.00,196877222,541548032,311037391,281471640
3955.43,3986512.05,5204950.69,1107427.57,1218438.64,2539.80,2539.80,2629.31,0.00,3771933360.61,6335041782.61,0.00,0.00,0.00,0.00,197069599,542005845,311037391,281471640
3957.43,3988861.64,5207300.28,1109323.63,1218438.64,2349.59,2349.59,1896.06,0.00,3771933360.61,6335041782.61,0.00,0.00,0.00,0.00,196260020,542424613,311037391,282463946
3959.43,3991156.77,5209595.41,1111161.21,1218438.64,2295.13,2295.13,1837.58,0.00,3771933360.61,6335041782.61,0.00,0.00,0.00,0.00,195829661,542728202,311037391,283178270
3961.43,3993704.21,5212142.85,1113807.30,1218438.64,2547.44,2547.44,2646.09,0.00,3771933360.61,6335041782.61,0.00,0.00,0.00,0.00,196197389,543012619,311037391,283178270
3963.43,3995913.89,5214352.53,1115979.21,1218438.64,2209.68,2209.68,2171.91,0.00,3771933360.61,6335041782.61,0.00,0.00,0.00,0.00,195430539,543396105,311037391,284127311
3965.43,3998420.99,5216859.63,1118624.38,1218438.64,2507.10,2507.10,2645.17,0.00,3771933360.61,6335041782.61,0.00,0.00,0.00,0.00,195671068,543797394,311037391,284127311
3967.43,4000518.19,5218956.83,1120708.96,1218438.64,2097.20,2097.20,2084.57,0.00,3771933360.61,6335041782.61,0.00,0.00,0.00,0.00,194605344,544161510,311037391,285365802
3969.43,4002905.75,5221344.39,1122958.76,1218438.64,2387.56,2387.56,2249.80,0.00,3771933360.61,6335041782.61,0.00,0.00,0.00,0.00,194335496,544545955,311037391,285862421
3971.43,4005471.55,5223910.20,1125619.33,1218438.64,2565.80,2565.80,2660.57,0.00,3771933360.61,6335041782.61,0.00,0.00,0.00,0.00,194585086,544953211,311037391,285862421
3973.43,4007710.06,5226148.70,1127796.34,1218438.64,2238.51,2238.51,2177.01,0.00,3771933360.61,6335041782.61,0.00,0.00,0.00,0.00,193701212,545300516,311037391,286972048
3975.43,4009767.83,5228429.38,1129603.87,1218661.55,2057.77,2280.68,1807.53,222.91,3771933360.61,6335041782.61,0.00,0.00,0.00,0.00,192922610,545638430,311037391,287939524
3977.43,4012275.05,5232931.87,1129603.87,1220656.82,2507.22,4502.49,0.00,1995.27,3771933360.61,6335041782.61,0.00,0.00,0.00,0.00,193178958,546023931,311037391,287939524
3979.43,4014618.79,5237308.52,1129603.87,1222689.74,2343.73,4376.65,0.00,2032.92,3771933360.61,6335041782.61,0.00,0.00,0.00,0.00,193487794,546315091,311037391,287939524
3981.43,4017128.23,5241487.86,1129603.87,1224359.63,2509.44,4179.33,0.00,1669.89,3771933360.61,6335041782.61,0.00,0.00,0.00,0.00,193901997,546543305,312159839,287939524
3983.43,4019813.76,5245865.75,1129603.87,1226051.98,2685.54,4377.89,0.00,1692.36,3771933360.61,6335041782.61,0.00,0.00,0.00,0.00,194361554,546771245,312159839,287939524
3985.43,4022302.88,5249971.95,1129603.87,1227669.07,2489.12,4106.20,0.00,1617.08,3771933360.61,6335041782.61,0.00,0.00,0.00,0.00,194752543,547017471,313098155,287939524
3987.43,4024979.52,5254587.52,1129603.87,1229608.00,2676.63,4615.57,0.00,1938.94,3771933360.61,6335041782.61,0.00,0.00,0.00,0.00,195035896,547419336,313098155,287939524
3989.43,4027460.98,5258713.54,1129603.87,1231252.56,2481.47,4126.02,0.00,1644.55,3771933360.61,6335041782.61,0.00,0.00,0.00,0.00,195271316,547819172,314118824,287939524
3991.43,4030118.77,5263176.08,1129603.87,1233057.31,2657.78,4462.54,0.00,1804.75,3771933360.61,6335041782.61,0.00,0.00,0.00,0.00,195522793,548248087,314118824,287939524
3993.43,4032459.17,5267197.40,1129603.87,1234738.23,2340.41,4021.32,0.00,1680.91,3771933360.61,6335041782.61,0.00,0.00,0.00,0.00,195765450,548604574,315114022,287939524
3995.43,4034821.62,5271356.40,1129603.87,1236534.78,2362.45,4159.00,0.00,1796.55,3771933360.61,6335041782.61,0.00,0.00,0.00,0.00,196089200,548885611,315114022,287939524
3997.43,4037320.51,5275589.92,1129603.87,1238269.41,2498.89,4233.52,0.00,1734.63,3771933360.61,6335041782.61,0.00,0.00,0.00,0.00,196452033,549162494,316076265,287939524
3999.43,4039998.91,5279865.05,1129603.87,1239866.13,2678.40,4275.13,0.00,1596.73,3771933360.61,6335041782.61,0.00,0.00,0.00,0.00,196704690,549595508,316076265,287939524
4001.43,4042535.71,5283950.70,1129603.87,1241414.99,2536.79,4085.65,0.00,1548.86,3771933360.61,6335041782.61,0.00,0.00,0.00,0.00,196943500,550006117,316825191,287939524
4003.43,4045243.29,5288439.30,1129603.87,1243196.02,2707.58,4488.61,0.00,1781.03,3771933360.61,6335041782.61,0.00,0.00,0.00,0.00,197292831,550349927,316825191,287939524
4005.50,4047623.18,5292637.11,1129603.87,1245013.93,2379.89,4197.81,0.00,1817.91,3771933360.61,6335041782.61,0.00,0.00,0.00,0.00,197623507,550628504,317825309,287939524
4007.50,4050312.96,5297200.21,1129603.87,1246887.25,2689.77,4563.09,0.00,1873.32,3771933360.61,6335041782.61,0.00,0.00,0.00,0.00,198051622,550888971,317825309,287939524
4009.50,4052667.32,5301463.16,1129603.87,1248795.83,2354.37,4262.95,0.00,1908.58,3771933360.61,6335041782.61,0.00,0.00,0.00,0.00,198401868,551141443,317825309,287939524
4011.50,4055040.03,5305670.93,1129603.87,1250630.90,2372.71,4207.77,0.00,1835.07,3771933360.61,6335041782.61,0.00,0.00,0.00,0.00,198779312,551371412,318865791,287939524
4013.50,4055040.03,5308128.52,1129603.87,1253088.49,0.00,2457.59,0.00,2457.59,3771933360.61,6335041782.61,0.00,0.00,0.00,0.00,198779312,551371412,318865791,287939524
4015.50,4055040.03,5310259.38,1129603.87,1255219.34,0.00,2130.86,0.00,2130.86,3771933360.61,6335041782.61,0.00,0.00,0.00,0.00,198779312,551371412,318865791,287939524
4017.50,4055300.41,5312721.98,1129603.87,1257421.57,260.38,2462.61,0.00,2202.23,3771933360.61,6335041782.61,0.00,0.00,0.00,0.00,198822036,551395345,320957416,287939524
4019.50,4057796.77,5316950.63,1129603.87,1259153.86,2496.36,4228.65,0.00,1732.29,3771933360.61,6335041782.61,0.00,0.00,0.00,0.00,199159382,551697067,320957416,287939524
4021.50,4060397.49,5321083.29,1129603.87,1260685.80,2600.72,4132.66,0.00,1531.93,3771933360.61,6335041782.61,0.00,0.00,0.00,0.00,199538143,551984091,321799275,287939524
4023.50,4061184.04,5323877.23,1129603.87,1262693.20,786.54,2793.95,0.00,2007.40,3771933360.61,6335041782.61,0.00,0.00,0.00,0.00,199625661,552097928,321799275,287939524
4025.50,4062368.78,5326960.68,1129603.87,1264591.90,1184.75,3083.45,0.00,1898.70,3771933360.61,6335041782.61,0.00,0.00,0.00,0.00,199801232,552225652,322633500,287939524
4027.50,4064859.10,5331130.68,1129603.87,1266271.58,2490.32,4170.00,0.00,1679.68,3771933360.61,6335041782.61,0.00,0.00,0.00,0.00,200108725,552555681,322633500,287939524
4029.50,4067328.01,5335205.96,1129603.87,1267877.96,2468.91,4075.29,0.00,1606.38,3771933360.61,6335041782.61,0.00,0.00,0.00,0.00,200424674,552871772,323494030,287939524
4031.50,4067328.01,5337489.81,1129603.87,1270161.80,0.00,2283.84,0.00,2283.84,3771933360.61,6335041782.61,0.00,0.00,0.00,0.00,200424674,552871772,323494030,287939524
4033.50,4069195.90,5341080.09,1129603.87,1271884.18,1867.89,3590.28,0.00,1722.38,3771933360.61,6335041782.61,0.00,0.00,0.00,0.00,200651384,553123243,324380303,287939524
4035.50,4071693.35,5345477.54,1129603.87,1273784.18,2497.45,4397.45,0.00,1900.00,3771933360.61,6335041782.61,0.00,0.00,0.00,0.00,200999971,553414003,324380303,287939524
4037.50,4073472.03,5349125.16,1129603.87,1275653.12,1778.68,3647.62,0.00,1868.94,3771933360.61,6335041782.61,0.00,0.00,0.00,0.00,201286418,553582898,325384304,287939524
4039.50,4073472.03,5351561.91,1129603.87,1278089.88,0.00,2436.75,0.00,2436.75,3771933360.61,6335041782.61,0.00,0.00,0.00,0.00,201286418,553582898,325384304,287939524
4041.50,4073472.03,5353722.41,1129603.87,1280250.38,0.00,2160.50,0.00,2160.50,3771933360.61,6335041782.61,0.00,0.00,0.00,0.00,201286418,553582898,325384304,287939524
4043.50,4074179.91,5356525.15,1129603.87,1282345.24,707.88,2802.73,0.00,2094.86,3771933360.61,6335041782.61,0.00,0.00,0.00,0.00,201414902,553635630,327251909,287939524
4045.50,4076699.04,5360944.18,1129603.87,1284245.14,2519.13,4419.03,0.00,1899.90,3771933360.61,6335041782.61,0.00,0.00,0.00,0.00,201778967,553916463,327251909,287939524
4047.50,4079145.58,5365105.36,1129603.87,1285959.79,2446.54,4161.18,0.00,1714.64,3771933360.61,6335041782.61,0.00,0.00,0.00,0.00,202114726,554207018,328259465,287939524
4049.50,4079616.06,5367890.20,1129603.87,1288274.13,470.48,2784.83,0.00,2314.35,3771933360.61,6335041782.61,0.00,0.00,0.00,0.00,202182768,554259420,328259465,287939524
4051.50,4080628.53,5370263.11,1130664.64,1289634.58,1012.46,2372.91,1060.77,1360.45,3771933360.61,6335041782.61,0.00,0.00,0.00,0.00,202278579,554422800,329247627,287939524
4053.50,4083137.90,5372772.48,1133332.43,1289634.58,2509.38,2509.38,2667.79,0.00,3771933360.61,6335041782.61,0.00,0.00,0.00,0.00,202548457,554795322,329247627,287939524
4055.50,4085389.63,5375024.21,1135621.20,1289634.58,2251.73,2251.73,2288.76,0.00,3771933360.61,6335041782.61,0.00,0.00,0.00,0.00,201970833,555045307,329247627,288843606
4057.50,4087676.90,5377311.48,1137701.68,1289634.58,2287.27,2287.27,2080.49,0.00,3771933360.61,6335041782.61,0.00,0.00,0.00,0.00,201564664,555286435,329247627,289594187
4059.50,4090018.50,5379653.07,1140370.70,1289634.58,2341.60,2341.60,2669.02,0.00,3771933360.61,6335041782.61,0.00,0.00,0.00,0.00,201869998,555580550,329247627,289594187
4061.50,4092188.72,5381823.30,1142368.28,1289634.58,2170.23,2170.23,1997.58,0.00,3771933360.61,6335041782.61,0.00,0.00,0.00,0.00,200786072,555846661,329247627,290967580
4063.50,4094549.65,5384184.23,1144589.76,1289634.58,2360.93,2360.93,2221.48,0.00,3771933360.61,6335041782.61,0.00,0.00,0.00,0.00,200680338,556153534,329247627,291370839
4065.50,4097083.06,5386717.64,1147174.34,1289634.58,2533.41,2533.41,2584.58,0.00,3771933360.61,6335041782.61,0.00,0.00,0.00,0.00,200944617,556537808,329247627,291370839
4067.50,4099273.55,5388908.13,1149381.18,1289634.58,2190.49,2190.49,2206.84,0.00,3771933360.61,6335041782.61,0.00,0.00,0.00,0.00,200146539,556860618,329247627,292406873
4069.50,4101774.50,5391409.07,1151971.05,1289634.58,2500.94,2500.94,2589.87,0.00,3771933360.61,6335041782.61,0.00,0.00,0.00,0.00,200438001,557209397,329247627,292406873
4071.50,4103961.75,5393596.33,1154181.92,1289634.58,2187.25,2187.25,2210.87,0.00,3771933360.61,6335041782.61,0.00,0.00,0.00,0.00,199583455,557536208,329247627,293494545
4073.50,4106060.94,5395695.52,1156389.80,1289634.58,2099.19,2099.19,2207.88,0.00,3771933360.61,6335041782.61,0.00,0.00,0.00,0.00,198721647,557832147,329247627,294597806
4075.50,4108476.63,5399742.44,1156389.80,1291265.81,2415.69,4046.92,0.00,1631.23,3771933360.61,6335041782.61,0.00,0.00,0.00,0.00,198964359,558207852,329247627,294597806
4077.50,4111003.58,5404059.28,1156389.80,1293055.70,2526.95,4316.84,0.00,1789.89,3771933360.61,6335041782.61,0.00,0.00,0.00,0.00,199237830,558581280,329247627,294597806
4079.50,4113454.79,5408104.15,1156389.80,1294649.36,2451.21,4044.87,0.00,1593.66,3771933360.61,6335041782.61,0.00,0.00,0.00,0.00,199490096,558956523,330167823,294597806
4081.50,4116097.39,5412463.19,1156389.80,1296365.80,2642.61,4359.04,0.00,1716.44,3771933360.61,6335041782.61,0.00,0.00,0.00,0.00,199754453,559368673,330167823,294597806
4083.50,4118586.95,5416550.89,1156389.80,1297963.95,2489.55,4087.70,0.00,1598.14,3771933360.61,6335041782.61,0.00,0.00,0.00,0.00,200002699,559757753,331018004,294597806
4085.50,4120929.62,5420691.30,1156389.80,1299761.68,2342.68,4140.41,0.00,1797.73,3771933360.61,6335041782.61,0.00,0.00,0.00,0.00,200284018,560076159,331018004,294597806
4087.50,4123380.81,5424810.67,1156389.80,1301429.86,2451.19,4119.37,0.00,1668.18,3771933360.61,6335041782.61,0.00,0.00,0.00,0.00,200556507,560431174,331874642,294597806
4089.50,4126037.46,5429232.15,1156389.80,1303194.69,2656.65,4421.48,0.00,1764.83,3771933360.61,6335041782.61,0.00,0.00,0.00,0.00,200892246,560775538,331874642,294597806
4091.50,4128502.03,5433391.80,1156389.80,1304889.77,2464.57,4159.64,0.00,1695.08,3771933360.61,6335041782.61,0.00,0.00,0.00,0.00,201216772,561081941,332802029,294597806
4093.50,4131107.71,5437903.73,1156389.80,1306796.02,2605.68,4511.93,0.00,1906.25,3771933360.61,6335041782.61,0.00,0.00,0.00,0.00,201514686,561451081,332802029,294597806
4095.50,4133542.84,5442050.72,1156389.80,1308507.88,2435.14,4147.00,0.00,1711.86,3771933360.61,6335041782.61,0.00,0.00,0.00,0.00,201780760,561808402,333796984,294597806
4097.50,4136146.51,5446532.15,1156389.80,1310385.64,2603.66,4481.43,0.00,1877.76,3771933360.61,6335041782.61,0.00,0.00,0.00,0.00,202069875,562185825,333796984,294597806
4099.50,4138534.85,5450557.57,1156389.80,1312022.72,2388.34,4025.42,0.00,1637.08,3771933360.61,6335041782.61,0.00,0.00,0.00,0.00,202268005,562599110,334776655,294597806
4101.50,4141102.81,5454862.48,1156389.80,1313759.68,2567.96,4304.92,0.00,1736.96,3771933360.61,6335041782.61,0.00,0.00,0.00,0.00,202506172,563018341,334776655,294597806
4103.50,4143535.72,5458973.53,1156389.80,1315437.80,2432.91,4111.04,0.00,1678.13,3771933360.61,6335041782.61,0.00,0.00,0.00,0.00,202716328,563431011,335622792,294597806
4105.50,4145883.32,5463274.75,1156389.80,1317391.43,2347.60,4301.23,0.00,1953.62,3771933360.61,6335041782.61,0.00,0.00,0.00,0.00,202892607,563855718,335622792,294597806
4107.50,4148331.77,5467424.38,1156389.80,1319092.61,2448.45,4149.62,0.00,1701.18,3771933360.61,6335041782.61,0.00,0.00,0.00,0.00,203405340,563969788,336605395,294597806
4109.50,4150684.77,5471602.93,1156389.80,1320918.16,2353.00,4178.55,0.00,1825.55,3771933360.61,6335041782.61,0.00,0.00,0.00,0.00,203600890,564376606,336605395,294597806
4111.50,4152991.80,5475622.94,1156389.80,1322631.14,2307.03,4020.01,0.00,1712.98,3771933360.61,6335041782.61,0.00,0.00,0.00,0.00,203812402,564755694,337555496,294597806
4113.50,4155589.49,5480004.41,1156389.80,1324414.92,2597.69,4381.47,0.00,1783.78,3771933360.61,6335041782.61,0.00,0.00,0.00,0.00,204071822,565161282,337555496,294597806
4115.50,4157838.83,5483571.08,1156389.80,1325732.25,2249.34,3566.67,0.00,1317.33,3771933360.61,6335041782.61,0.00,0.00,0.00,0.00,204304244,565504691,338443808,294597806
4117.50,4159488.02,5485469.43,1156389.80,1325981.41,1649.19,1898.35,0.00,249.16,3772392217.59,6335041782.61,458856.98,0.00,0.00,0.00,204471885,565759242,338443808,294597806
4119.50,4159488.02,5486471.36,1156389.80,1326983.34,0.00,1001.93,0.00,1001.93,3772392217.59,6335041782.61,0.00,0.00,0.00,0.00,204471885,565759242,338443808,294597806
4121.50,4159488.02,5487497.64,1156389.80,1328009.62,0.00,1026.28,0.00,1026.28,3772392217.59,6335041782.61,0.00,0.00,0.00,0.00,204471885,565759242,338443808,294597806
4123.50,4159495.25,5488980.37,1156389.80,1329485.12,7.23,1482.73,0.00,1475.50,3772392217.59,6335041782.61,0.00,0.00,0.00,0.00,204472710,565760267,339433918,294597806
4125.50,4162002.70,5493298.59,1156389.80,1331295.88,2507.46,4318.22,0.00,1810.76,3772397791.23,6335041782.61,5573.64,0.00,0.00,0.00,204792631,566082255,339433918,294597806
4127.50,4164502.23,5497553.17,1156389.80,1333050.94,2499.53,4254.59,0.00,1755.05,3772397791.23,6335041782.61,0.00,0.00,0.00,0.00,205196736,566318030,340340601,294597806
4129.50,4165632.06,5500844.59,1156389.80,1335212.52,1129.83,3291.41,0.00,2161.59,3772397791.23,6335041782.61,0.00,0.00,0.00,0.00,205288129,566515873,340340601,294597806
4131.50,4165632.06,5503111.98,1156389.80,1337479.91,0.00,2267.39,0.00,2267.39,3772397791.23,6335041782.61,0.00,0.00,0.00,0.00,205288129,566515873,340340601,294597806
4133.50,4165632.06,5505598.49,1156389.80,1339966.43,0.00,2486.51,0.00,2486.51,3772397791.23,6335041782.61,0.00,0.00,0.00,0.00,205288129,566515873,340340601,294597806
4135.50,4166775.26,5508806.53,1156389.80,1342031.27,1143.20,3208.04,0.00,2064.84,3772397791.23,6335041782.61,0.00,0.00,0.00,0.00,205394804,566701856,342409678,294597806
4137.50,4169268.24,5513214.17,1156389.80,1343945.93,2492.98,4407.64,0.00,1914.66,3772397791.23,6335041782.61,0.00,0.00,0.00,0.00,205653327,567081537,342409678,294597806
4139.50,4171575.17,5517318.04,1156389.80,1345742.87,2306.93,4103.87,0.00,1796.94,3772397791.23,6335041782.61,0.00,0.00,0.00,0.00,205889752,567435685,343430044,294597806
4141.50,4171776.00,5519926.69,1156389.80,1348150.68,200.84,2608.65,0.00,2407.81,3772397791.23,6335041782.61,0.00,0.00,0.00,0.00,205930110,567446741,343430044,294597806
4143.50,4171776.00,5522183.86,1156389.80,1350407.86,0.00,2257.17,0.00,2257.17,3772397791.23,6335041782.61,0.00,0.00,0.00,0.00,205930110,567446741,343430044,294597806
4145.50,4171776.00,5524669.09,1156389.80,1352893.09,0.00,2485.23,0.00,2485.23,3772397791.23,6335041782.61,0.00,0.00,0.00,0.00,205930110,567446741,343430044,294597806
4155.95,4173022.06,5527131.59,1156389.80,1354109.54,1246.05,2462.50,0.00,1216.45,3772397791.23,6335041782.61,0.00,0.00,0.00,0.00,206062546,567633295,345490037,294597806
4157.95,4175529.84,5531680.08,1156389.80,1356150.24,2507.78,4548.48,0.00,2040.70,3772397791.23,6335041782.61,0.00,0.00,0.00,0.00,206294115,568043718,345490037,294597806
4159.95,4177866.64,5535814.02,1156389.80,1357947.37,2336.80,4133.94,0.00,1797.13,3772397791.23,6335041782.61,0.00,0.00,0.00,0.00,206473953,568462102,346624098,294597806
4161.95,4180374.55,5540199.53,1156389.80,1359824.98,2507.91,4385.52,0.00,1877.61,3772397791.23,6335041782.61,0.00,0.00,0.00,0.00,206706509,568871570,346624098,294597806
4163.95,4182718.30,5544409.20,1156389.80,1361690.89,2343.75,4209.66,0.00,1865.91,3772397791.23,6335041782.61,0.00,0.00,0.00,0.00,206960685,569217394,347648670,294597806
4165.95,4184064.01,5547772.14,1156389.80,1363708.13,1345.71,3362.95,0.00,2017.23,3772397791.23,6335041782.61,0.00,0.00,0.00,0.00,207130020,569392561,347648670,294597806
4167.95,4184952.27,5550799.01,1156389.80,1365846.74,888.26,3026.87,0.00,2138.61,3772397791.23,6335041782.61,0.00,0.00,0.00,0.00,207207450,569542525,348577385,294597806
4169.95,4187449.05,5555186.54,1156389.80,1367737.48,2496.79,4387.53,0.00,1890.75,3772397791.23,6335041782.61,0.00,0.00,0.00,0.00,207534716,569854436,348577385,294597806
4171.95,4189899.92,5559412.84,1156389.80,1369512.92,2450.87,4226.30,0.00,1775.44,3772397791.23,6335041782.61,0.00,0.00,0.00,0.00,207949700,570066874,349641629,294597806
4173.95,4190208.01,5561891.64,1156389.80,1371683.63,308.09,2478.80,0.00,2170.71,3772397791.23,6335041782.61,0.00,0.00,0.00,0.00,208007549,570087896,349641629,294597806
4175.95,4190208.01,5564414.98,1156389.80,1374206.96,0.00,2523.34,0.00,2523.34,3772397791.23,6335041782.61,0.00,0.00,0.00,0.00,208007549,570087896,349641629,294597806
4177.95,4190208.01,5566737.20,1156389.80,1376529.19,0.00,2322.22,0.00,2322.22,3772397791.23,6335041782.61,0.00,0.00,0.00,0.00,208007549,570087896,349641629,294597806
4179.95,4190208.01,5569097.14,1156389.80,1378889.12,0.00,2359.94,0.00,2359.94,3772397791.23,6335041782.61,0.00,0.00,0.00,0.00,208007549,570087896,349641629,294597806
4181.95,4190301.79,5571371.44,1156389.80,1381069.65,93.78,2274.30,0.00,2180.52,3772397791.23,6335041782.61,0.00,0.00,0.00,0.00,208030171,570089282,352621370,294597806
4183.95,4192802.04,5575702.19,1156389.80,1382900.15,2500.25,4330.75,0.00,1830.50,3772397791.23,6335041782.61,0.00,0.00,0.00,0.00,208326306,570433211,352621370,294597806
4185.95,4195471.66,5580250.91,1156389.80,1384779.25,2669.61,4548.71,0.00,1879.10,3772397791.23,6335041782.61,0.00,0.00,0.00,0.00,208639057,570803881,352621370,294597806
4187.95,4196352.01,5583221.30,1156389.80,1386869.29,880.35,2970.39,0.00,2090.04,3772397791.23,6335041782.61,0.00,0.00,0.00,0.00,208737932,570930376,353632008,294597806
4189.95,4196352.01,5585512.74,1156389.80,1389160.73,0.00,2291.44,0.00,2291.44,3772397791.23,6335041782.61,0.00,0.00,0.00,0.00,208737932,570930376,353632008,294597806
4191.95,4196352.01,5587955.28,1156389.80,1391603.27,0.00,2442.54,0.00,2442.54,3772397791.23,6335041782.61,0.00,0.00,0.00,0.00,208737932,570930376,353632008,294597806
4193.95,4197271.40,5590836.49,1156389.80,1393565.09,919.39,2881.21,0.00,1961.82,3772397791.23,6335041782.61,0.00,0.00,0.00,0.00,208819464,571084208,355675021,294597806
4195.95,4199739.54,5595208.45,1156389.80,1395468.91,2468.14,4371.96,0.00,1903.82,3772397791.23,6335041782.61,0.00,0.00,0.00,0.00,209108039,571427477,355675021,294597806
4197.95,4202081.25,5599302.27,1156389.80,1397221.02,2341.71,4093.82,0.00,1752.11,3772397791.23,6335041782.61,0.00,0.00,0.00,0.00,209355959,571779034,356699143,294597806
4199.95,4202496.05,5602131.84,1156389.80,1399635.78,414.81,2829.57,0.00,2414.76,3772397791.23,6335041782.61,0.00,0.00,0.00,0.00,209421348,571819836,356699143,294597806
4201.95,4203424.85,5604526.04,1157342.12,1401101.19,928.79,2394.20,952.32,1465.41,3772397791.23,6335041782.61,0.00,0.00,0.00,0.00,209521578,571957377,357764330,294597806
4203.95,4205917.54,5607018.73,1159893.82,1401101.19,2492.69,2492.69,2551.69,0.00,3772397791.23,6335041782.61,0.00,0.00,0.00,0.00,209798779,572318305,357764330,294597806
4205.95,4208012.05,5609113.25,1162024.60,1401101.19,2094.52,2094.52,2130.79,0.00,3772397791.23,6335041782.61,0.00,0.00,0.00,0.00,208926751,572640300,357764330,295684035
4207.95,4210526.80,5611627.99,1164579.54,1401101.19,2514.74,2514.74,2554.93,0.00,3772397791.23,6335041782.61,0.00,0.00,0.00,0.00,209179461,573031364,357764330,295684035
4209.95,4212693.00,5613794.19,1166783.85,1401101.19,2166.20,2166.20,2204.31,0.00,3772397791.23,6335041782.61,0.00,0.00,0.00,0.00,208381271,573318420,357764330,296749717
4211.98,4214882.19,5615983.38,1169048.96,1401101.19,2189.19,2189.19,2265.12,0.00,3772397791.23,6335041782.61,0.00,0.00,0.00,0.00,207696334,573475848,357764330,297837659
4213.98,4217396.35,5618497.54,1171552.89,1401101.19,2514.16,2514.16,2503.93,0.00,3772397791.23,6335041782.61,0.00,0.00,0.00,0.00,208193846,573621960,357764330,297837659
4215.98,4219570.31,5620671.50,1173777.70,1401101.19,2173.96,2173.96,2224.80,0.00,3772397791.23,6335041782.61,0.00,0.00,0.00,0.00,207478050,573836011,357764330,298895939
4217.98,4222077.80,5623178.99,1176357.89,1401101.19,2507.48,2507.48,2580.19,0.00,3772397791.23,6335041782.61,0.00,0.00,0.00,0.00,207730472,574225505,357764330,298895939
4219.98,4224272.14,5625373.33,1178642.48,1401101.19,2194.34,2194.34,2284.60,0.00,3772397791.23,6335041782.61,0.00,0.00,0.00,0.00,206917554,574558755,357764330,299937358
4221.98,4226778.52,5627879.71,1181310.71,1401101.19,2506.38,2506.38,2668.22,0.00,3772397791.23,6335041782.61,0.00,0.00,0.00,0.00,207273129,574844814,357764330,299937358
4224.04,4228692.68,5629793.87,1183346.30,1401101.19,1914.16,1914.16,2035.59,0.00,3772397791.23,6335041782.61,0.00,0.00,0.00,0.00,206088717,574959039,357764330,301497570
4226.04,4231355.25,5634189.16,1183346.30,1402833.91,2662.57,4395.29,0.00,1732.72,3772397791.23,6335041782.61,0.00,0.00,0.00,0.00,206502328,575227045,357764330,301497570
4228.04,4233876.22,5638557.81,1183346.30,1404681.59,2520.97,4368.66,0.00,1847.68,3772397791.23,6335041782.61,0.00,0.00,0.00,0.00,206855416,575519326,357764330,301497570
4230.04,4236378.83,5642678.67,1183346.30,1406299.84,2502.61,4120.86,0.00,1618.25,3772397791.23,6335041782.61,0.00,0.00,0.00,0.00,207160232,575855178,358730849,301497570
4232.04,4238532.79,5646412.57,1183346.30,1407879.78,2153.96,3733.90,0.00,1579.94,3772397791.23,6335041782.61,0.00,0.00,0.00,0.00,207457439,576109384,359492459,301497570
4234.04,4239360.00,5649737.61,1183346.30,1410377.60,827.22,3325.04,0.00,2497.82,3772397791.23,6335041782.61,0.00,0.00,0.00,0.00,207586885,576191706,359492459,301497570
4236.04,4239360.00,5652182.29,1183346.30,1412822.29,0.00,2444.68,0.00,2444.68,3772397791.23,6335041782.61,0.00,0.00,0.00,0.00,207586885,576191706,359492459,301497570
4238.04,4239360.00,5654944.09,1183346.30,1415584.09,0.00,2761.80,0.00,2761.80,3772397791.23,6335041782.61,0.00,0.00,0.00,0.00,207586885,576191706,359492459,301497570
4240.04,4239360.00,5657481.70,1183346.30,1418121.70,0.00,2537.61,0.00,2537.61,3772397791.23,6335041782.61,0.00,0.00,0.00,0.00,207586885,576191706,359492459,301497570
4242.04,4239360.00,5660378.30,1183346.30,1421018.30,0.00,2896.60,0.00,2896.60,3772397791.23,6335041782.61,0.00,0.00,0.00,0.00,207586885,576191706,359492459,301497570
4244.04,4240868.53,5663855.53,1183346.30,1422987.00,1508.52,3477.23,0.00,1968.70,3772397791.23,6335041782.61,0.00,0.00,0.00,0.00,207809548,576355225,363088504,301497570
4246.04,4243385.91,5668265.14,1183346.30,1424879.23,2517.39,4409.62,0.00,1892.23,3772397791.23,6335041782.61,0.00,0.00,0.00,0.00,208166724,576642500,363088504,301497570
4248.04,4245504.04,5672213.30,1183346.30,1426709.26,2118.12,3948.15,0.00,1830.03,3772397791.23,6335041782.61,0.00,0.00,0.00,0.00,208462577,576888886,364112932,301497570
4250.04,4245504.04,5674639.34,1183346.30,1429135.31,0.00,2426.05,0.00,2426.05,3772397791.23,6335041782.61,0.00,0.00,0.00,0.00,208462577,576888886,364112932,301497570
4252.04,4247239.71,5678209.48,1183346.30,1430969.77,1735.67,3570.14,0.00,1834.46,3772397791.23,6335041782.61,0.00,0.00,0.00,0.00,208594939,577200856,365106263,301497570
4254.04,4249716.75,5682545.64,1183346.30,1432828.88,2477.05,4336.16,0.00,1859.11,3772397791.23,6335041782.61,0.00,0.00,0.00,0.00,208797551,577632368,365106263,301497570
4256.04,4251648.06,5686279.85,1183346.30,1434631.79,1931.30,3734.21,0.00,1802.91,3772397791.23,6335041782.61,0.00,0.00,0.00,0.00,208967257,577957076,366125095,301497570
4258.04,4251648.06,5688642.38,1183346.30,1436994.32,0.00,2362.52,0.00,2362.52,3772397791.23,6335041782.61,0.00,0.00,0.00,0.00,208967257,577957076,366125095,301497570
4260.04,4253744.54,5692596.10,1183346.30,1438851.56,2096.48,3953.72,0.00,1857.25,3772397791.23,6335041782.61,0.00,0.00,0.00,0.00,209111233,578349798,367030985,301497570
4262.04,4256189.08,5697025.82,1183346.30,1440836.74,2444.54,4429.72,0.00,1985.18,3772397791.23,6335041782.61,0.00,0.00,0.00,0.00,209288761,578798073,367030985,301497570
4264.04,4257792.01,5700599.07,1183346.30,1442807.05,1602.93,3573.25,0.00,1970.32,3772397791.23,6335041782.61,0.00,0.00,0.00,0.00,209397915,579099270,367654398,301497570
4266.07,4257792.01,5703200.07,1183346.30,1445408.06,0.00,2601.00,0.00,2601.00,3772397791.23,6335041782.61,0.00,0.00,0.00,0.00,209397915,579099270,367654398,301497570
4268.07,4260134.80,5707318.77,1183346.30,1447183.97,2342.79,4118.70,0.00,1775.91,3772397791.23,6335041782.61,0.00,0.00,0.00,0.00,209568163,579528775,368740234,301497570
4270.07,4262606.38,5711733.47,1183346.30,1449127.09,2471.59,4414.71,0.00,1943.12,3772397791.23,6335041782.61,0.00,0.00,0.00,0.00,209756402,579973262,368740234,301497570
4272.07,4263936.01,5714855.33,1183346.30,1450919.32,1329.62,3121.86,0.00,1792.23,3772397791.23,6335041782.61,0.00,0.00,0.00,0.00,209873815,580196233,369760981,301497570
4274.07,4263936.01,5717126.58,1183346.30,1453190.57,0.00,2271.25,0.00,2271.25,3772397791.23,6335041782.61,0.00,0.00,0.00,0.00,209873815,580196233,369760981,301497570
4276.07,4263936.01,5719620.27,1183346.30,1455684.26,0.00,2493.69,0.00,2493.69,3772397791.23,6335041782.61,0.00,0.00,0.00,0.00,209873815,580196233,369760981,301497570
4278.07,4265320.56,5723092.76,1183346.30,1457772.20,1384.55,3472.49,0.00,2087.94,3772397791.23,6335041782.61,0.00,0.00,0.00,0.00,210014933,580409561,371536787,301497570
4280.07,4267795.89,5727792.02,1183346.30,1459996.14,2475.32,4699.26,0.00,2223.94,3772397791.23,6335041782.61,0.00,0.00,0.00,0.00,210258424,580799753,371536787,301497570
4282.07,4270080.04,5731746.58,1183346.30,1461666.54,2284.15,3954.55,0.00,1670.41,3772397791.23,6335041782.61,0.00,0.00,0.00,0.00,210390005,581252914,372540636,301497570
4284.07,4270080.04,5734099.77,1183346.30,1464019.73,0.00,2353.19,0.00,2353.19,3772397791.23,6335041782.61,0.00,0.00,0.00,0.00,210390005,581252914,372540636,301497570
4286.07,4270080.04,5736222.28,1183346.30,1466142.24,0.00,2122.51,0.00,2122.51,3772397791.23,6335041782.61,0.00,0.00,0.00,0.00,210390005,581252914,372540636,301497570
4288.07,4270080.04,5738451.43,1183346.30,1468371.40,0.00,2229.16,0.00,2229.16,3772397791.23,6335041782.61,0.00,0.00,0.00,0.00,210390005,581252914,372540636,301497570
4290.07,4270080.04,5740858.16,1183346.30,1470778.13,0.00,2406.73,0.00,2406.73,3772397791.23,6335041782.61,0.00,0.00,0.00,0.00,210390005,581252914,372540636,301497570
4292.07,4272124.46,5744657.60,1183346.30,1472533.14,2044.42,3799.44,0.00,1755.02,3772397791.23,6335041782.61,0.00,0.00,0.00,0.00,210533064,581633227,375122992,301497570
4294.07,4274580.53,5749099.50,1183346.30,1474518.96,2456.07,4441.89,0.00,1985.82,3772397791.23,6335041782.61,0.00,0.00,0.00,0.00,210712305,582082741,375122992,301497570
4296.07,4276858.60,5753150.86,1183346.30,1476292.26,2278.07,4051.36,0.00,1773.29,3772397791.23,6335041782.61,0.00,0.00,0.00,0.00,210868787,582509445,376205730,301497570
4298.07,4279314.86,5757582.50,1183346.30,1478267.64,2456.25,4431.64,0.00,1975.39,3772397791.23,6335041782.61,0.00,0.00,0.00,0.00,211047242,582959791,376205730,301497570
4300.07,4281760.52,5760682.45,1185023.29,1478921.93,2445.66,3099.95,1676.99,654.29,3772397791.23,6335041782.61,0.00,0.00,0.00,0.00,211207467,583425655,376863078,301497570
4302.07,4284073.28,5762995.21,1187469.18,1478921.93,2312.77,2312.77,2445.89,0.00,3772397791.23,6335041782.61,0.00,0.00,0.00,0.00,210625922,583852871,376863078,302243967
4304.07,4286604.40,5765526.33,1190101.02,1478921.93,2531.12,2531.12,2631.84,0.00,3772397791.23,6335041782.61,0.00,0.00,0.00,0.00,210811554,584315205,376863078,302243967
4306.07,4288736.90,5767658.83,1192301.27,1478921.93,2132.50,2132.50,2200.25,0.00,3772397791.23,6335041782.61,0.00,0.00,0.00,0.00,209700752,584705891,376863078,303510003
4308.07,4291233.94,5770155.87,1194961.88,1478921.93,2497.04,2497.04,2660.61,0.00,3772397791.23,6335041782.61,0.00,0.00,0.00,0.00,209888798,585157087,376863078,303510003
4310.07,4293239.14,5772161.07,1197056.34,1478921.93,2005.21,2005.21,2094.47,0.00,3772397791.23,6335041782.61,0.00,0.00,0.00,0.00,208599365,585520194,376863078,304949662
4312.23,4295681.53,5774603.46,1199390.75,1478921.93,2442.38,2442.38,2334.41,0.00,3772397791.23,6335041782.61,0.00,0.00,0.00,0.00,208118945,585971314,376863078,305604212
4314.23,4298218.95,5777140.88,1201717.99,1478921.93,2537.42,2537.42,2327.24,0.00,3772397791.23,6335041782.61,0.00,0.00,0.00,0.00,208298898,586440941,376863078,305604212
4316.23,4300533.01,5779454.94,1204107.95,1478921.93,2314.06,2314.06,2389.96,0.00,3772397791.23,6335041782.61,0.00,0.00,0.00,0.00,207819840,586864579,376863078,306252032
4318.52,4303035.34,5781957.27,1206682.69,1478921.93,2502.33,2502.33,2574.74,0.00,3772397791.23,6335041782.61,0.00,0.00,0.00,0.00,206997514,587225213,376863078,307354321
4320.52,4305490.90,5786158.74,1206682.69,1480667.84,2455.56,4201.47,0.00,1745.91,3772397791.23,6335041782.61,0.00,0.00,0.00,0.00,207284802,587566548,376863078,307354321
4322.52,4308008.00,5790650.39,1206682.69,1482642.39,2517.10,4491.65,0.00,1974.55,3772397791.23,6335041782.61,0.00,0.00,0.00,0.00,207559908,587935819,376863078,307354321
4324.52,4310421.68,5794639.74,1206682.69,1484218.07,2413.68,3989.35,0.00,1575.68,3772397791.23,6335041782.61,0.00,0.00,0.00,0.00,207894202,588219426,377963700,307354321
4326.52,4313048.07,5798871.64,1206682.69,1485823.57,2626.39,4231.89,0.00,1605.50,3772397791.23,6335041782.61,0.00,0.00,0.00,0.00,208294843,588491141,377963700,307354321
4328.52,4315507.90,5802876.68,1206682.69,1487368.78,2459.83,4005.04,0.00,1545.21,3772397791.23,6335041782.61,0.00,0.00,0.00,0.00,208625927,588789774,378668592,307354321
4330.52,4317871.26,5806794.08,1206682.69,1488922.82,2363.36,3917.41,0.00,1554.05,3772397791.23,6335041782.61,0.00,0.00,0.00,0.00,208940287,589080434,379397186,307354321
4332.52,4320519.24,5811245.57,1206682.69,1490726.33,2647.98,4451.49,0.00,1803.51,3772397791.23,6335041782.61,0.00,0.00,0.00,0.00,209237701,589460904,379397186,307354321
4334.52,4323024.29,5815299.13,1206682.69,1492274.84,2505.05,4053.56,0.00,1548.51,3772397791.23,6335041782.61,0.00,0.00,0.00,0.00,209484040,589855858,380265545,307354321
4336.52,4325628.23,5819555.96,1206682.69,1493927.73,2603.93,4256.82,0.00,1652.89,3772397791.23,6335041782.61,0.00,0.00,0.00,0.00,209578638,590427867,380265545,307354321
4338.52,4328095.05,5823565.81,1206682.69,1495470.76,2466.82,4009.85,0.00,1543.03,3772397791.23,6335041782.61,0.00,0.00,0.00,0.00,209809789,590828222,381007373,307354321
4340.52,4330756.59,5827958.79,1206682.69,1497202.21,2661.54,4392.98,0.00,1731.45,3772397791.23,6335041782.61,0.00,0.00,0.00,0.00,210072513,591246852,381007373,307354321
4342.52,4333186.02,5832008.95,1206682.69,1498822.93,2429.44,4050.16,0.00,1620.72,3772397791.23,6335041782.61,0.00,0.00,0.00,0.00,210304534,591636767,381848974,307354321
4344.52,4335692.50,5836349.95,1206682.69,1500657.46,2506.47,4341.00,0.00,1834.53,3772397791.23,6335041782.61,0.00,0.00,0.00,0.00,210534443,592048515,381848974,307354321
4346.52,4338044.48,5840390.76,1206682.69,1502346.29,2351.98,4040.81,0.00,1688.83,3772397791.23,6335041782.61,0.00,0.00,0.00,0.00,210729966,592455099,382783882,307354321
4348.52,4340764.51,5844846.43,1206682.69,1504081.91,2720.04,4455.66,0.00,1735.63,3772397791.23,6335041782.61,0.00,0.00,0.00,0.00,211029233,592852161,382783882,307354321
4350.52,4343229.51,5848899.41,1206682.69,1505669.90,2465.00,4052.98,0.00,1587.98,3772397791.23,6335041782.61,0.00,0.00,0.00,0.00,211309056,593203377,383643597,307354321
4352.52,4343808.03,5851659.14,1206682.69,1507851.12,578.52,2759.74,0.00,2181.22,3772397791.23,6335041782.61,0.00,0.00,0.00,0.00,211411529,593249005,383643597,307354321
4354.52,4343808.03,5853890.91,1206682.69,1510082.89,0.00,2231.77,0.00,2231.77,3772397791.23,6335041782.61,0.00,0.00,0.00,0.00,211411529,593249005,383643597,307354321
4356.52,4343808.03,5856413.30,1206682.69,1512605.27,0.00,2522.39,0.00,2522.39,3772397791.23,6335041782.61,0.00,0.00,0.00,0.00,211411529,593249005,383643597,307354321
4358.52,4345575.33,5859932.51,1206682.69,1514357.18,1767.30,3519.21,0.00,1751.90,3772397791.23,6335041782.61,0.00,0.00,0.00,0.00,211736004,593376960,385652375,307354321
4360.52,4348125.35,5864183.63,1206682.69,1516058.29,2550.02,4251.12,0.00,1701.11,3772397791.23,6335041782.61,0.00,0.00,0.00,0.00,211918713,593847055,385652375,307354321
4362.52,4349952.02,5867733.47,1206682.69,1517781.45,1826.67,3549.84,0.00,1723.17,3772397791.23,6335041782.61,0.00,0.00,0.00,0.00,212082695,594150700,386477186,307354321
4364.54,4349952.02,5870025.68,1206682.69,1520073.66,0.00,2292.21,0.00,2292.21,3772397791.23,6335041782.61,0.00,0.00,0.00,0.00,212082695,594150700,386477186,307354321
4366.54,4352459.83,5872533.49,1209317.83,1520073.66,2507.81,2507.81,2635.14,0.00,3772397791.23,6335041782.61,0.00,0.00,0.00,0.00,212326257,594549138,387387102,307354321
4368.61,4354678.66,5874752.32,1211600.75,1520073.66,2218.83,2218.83,2282.93,0.00,3772397791.23,6335041782.61,0.00,0.00,0.00,0.00,211258569,594925940,387387102,308613227
4370.61,4357186.44,5877260.10,1214213.24,1520073.66,2507.78,2507.78,2612.48,0.00,3772397791.23,6335041782.61,0.00,0.00,0.00,0.00,211409326,595417175,387387102,308613227
4372.65,4359315.88,5879389.54,1216426.74,1520073.66,2129.44,2129.44,2213.50,0.00,3772397791.23,6335041782.61,0.00,0.00,0.00,0.00,210296154,595840165,387387102,309848545
4374.65,4361823.66,5881897.32,1218936.33,1520073.66,2507.78,2507.78,2509.59,0.00,3772397791.23,6335041782.61,0.00,0.00,0.00,0.00,210538903,596239408,387387102,309848545
4376.65,4363933.26,5884006.92,1221145.00,1520073.66,2109.60,2109.60,2208.67,0.00,3772397791.23,6335041782.61,0.00,0.00,0.00,0.00,209652524,596573630,387387102,310940760
4378.65,4366441.40,5886515.06,1223732.41,1520073.66,2508.14,2508.14,2587.42,0.00,3772397791.23,6335041782.61,0.00,0.00,0.00,0.00,209865564,597002674,387387102,310940760
4380.65,4368550.41,5888624.07,1225939.00,1520073.66,2109.01,2109.01,2206.59,0.00,3772397791.23,6335041782.61,0.00,0.00,0.00,0.00,208929383,597346017,387387102,312073505
4382.65,4371058.59,5891132.25,1228588.13,1520073.66,2508.18,2508.18,2649.13,0.00,3772397791.23,6335041782.61,0.00,0.00,0.00,0.00,209115595,597801899,387387102,312073505
4384.74,4373186.11,5893259.78,1230826.68,1520073.66,2127.52,2127.52,2238.54,0.00,3772397791.23,6335041782.61,0.00,0.00,0.00,0.00,207839676,598161245,387387102,313534724
4386.74,4375689.82,5895763.48,1233451.88,1520073.66,2503.70,2503.70,2625.21,0.00,3772397791.23,6335041782.61,0.00,0.00,0.00,0.00,208019830,598622039,387387102,313534724
4388.74,4378236.29,5898309.95,1236105.29,1520073.66,2546.47,2546.47,2653.41,0.00,3772397791.23,6335041782.61,0.00,0.00,0.00,0.00,208243627,599050139,387387102,313534724
4390.74,4380041.25,5900907.54,1236797.68,1520866.29,1804.96,2597.59,692.39,792.63,3772397791.23,6335041782.61,0.00,0.00,0.00,0.00,206857712,599369649,387387102,315063199
4392.74,4382531.68,5905385.94,1236797.68,1522854.26,2490.43,4478.40,0.00,1987.96,3772397791.23,6335041782.61,0.00,0.00,0.00,0.00,207026028,599838884,387387102,315063199
4394.74,4384875.50,5909542.50,1236797.68,1524667.01,2343.81,4156.56,0.00,1812.75,3772397791.23,6335041782.61,0.00,0.00,0.00,0.00,207202605,600262323,388486704,315063199
4396.74,4387379.59,5913812.48,1236797.68,1526432.90,2504.09,4269.98,0.00,1765.89,3772397791.23,6335041782.61,0.00,0.00,0.00,0.00,207402821,600703154,388486704,315063199
4398.74,4389712.48,5917735.88,1236797.68,1528023.39,2332.90,3923.39,0.00,1590.50,3772397791.23,6335041782.61,0.00,0.00,0.00,0.00,207554895,601148302,389329413,315063199
4400.74,4392220.56,5922048.29,1236797.68,1529827.73,2508.07,4312.41,0.00,1804.34,3772397791.23,6335041782.61,0.00,0.00,0.00,0.00,207772526,601572738,389329413,315063199
4402.74,4393694.13,5925305.62,1236797.68,1531611.48,1473.57,3257.33,0.00,1783.75,3772397791.23,6335041782.61,0.00,0.00,0.00,0.00,207884017,601838482,390206917,315063199
4404.74,4396202.36,5929475.76,1236797.68,1533273.41,2508.22,4170.14,0.00,1661.92,3772397791.23,6335041782.61,0.00,0.00,0.00,0.00,208121851,602242753,390206917,315063199
4406.74,4398603.08,5933446.43,1236797.68,1534843.35,2400.72,3970.66,0.00,1569.94,3772397791.23,6335041782.61,0.00,0.00,0.00,0.00,208310937,602668252,391034229,315063199
4408.74,4399104.05,5936260.62,1236797.68,1537156.57,500.98,2814.20,0.00,2313.22,3772397791.23,6335041782.61,0.00,0.00,0.00,0.00,208345854,602761585,391034229,315063199
4410.74,4400433.42,5938635.87,1238196.80,1538202.45,1329.36,2375.25,1399.12,1045.88,3772397791.23,6335041782.61,0.00,0.00,0.00,0.00,208460326,602987430,392025191,315063199
4412.74,4402941.34,5941143.79,1240854.53,1538202.45,2507.93,2507.93,2657.73,0.00,3772397791.23,6335041782.61,0.00,0.00,0.00,0.00,208644993,603444792,392025191,315063199
4414.74,4404926.30,5943128.75,1242880.41,1538202.45,1984.96,1984.96,2025.88,0.00,3772397791.23,6335041782.61,0.00,0.00,0.00,0.00,207309180,603801664,392025191,316550289
4416.74,4407437.90,5945640.35,1245541.32,1538202.45,2511.60,2511.60,2660.92,0.00,3772397791.23,6335041782.61,0.00,0.00,0.00,0.00,207510587,604243227,392025191,316550289
4418.74,4409473.78,5947676.23,1247700.39,1538202.45,2035.88,2035.88,2159.07,0.00,3772397791.23,6335041782.61,0.00,0.00,0.00,0.00,206365297,604605889,392025191,317854102
4420.74,4412008.53,5950210.98,1250338.46,1538202.45,2534.75,2534.75,2638.07,0.00,3772397791.23,6335041782.61,0.00,0.00,0.00,0.00,206577997,605042085,392025191,317854102
4422.74,4414510.65,5952713.10,1252995.07,1538202.45,2502.12,2502.12,2656.61,0.00,3772397791.23,6335041782.61,0.00,0.00,0.00,0.00,206733972,605526652,392025191,317854102
4424.74,4416516.55,5954719.00,1255097.71,1538202.45,2005.91,2005.91,2102.64,0.00,3772397791.23,6335041782.61,0.00,0.00,0.00,0.00,205405209,605906512,392025191,319316517
4426.74,4419026.03,5957228.48,1257757.57,1538202.45,2509.48,2509.48,2659.86,0.00,3772397791.23,6335041782.61,0.00,0.00,0.00,0.00,205565048,606389099,392025191,319316517
4428.74,4420810.99,5959013.44,1259796.61,1538202.45,1784.96,1784.96,2039.04,0.00,3772397791.23,6335041782.61,0.00,0.00,0.00,0.00,204181133,606724639,392025191,320821842
4430.74,4423319.50,5961521.95,1262456.68,1538202.45,2508.50,2508.50,2660.07,0.00,3772397791.23,6335041782.61,0.00,0.00,0.00,0.00,204357845,607190104,392025191,320821842
4432.74,4425849.76,5964052.21,1265103.59,1538202.45,2530.26,2530.26,2646.91,0.00,3772397791.23,6335041782.61,0.00,0.00,0.00,0.00,204520144,607675552,392025191,320821842
4434.74,4427607.21,5967062.79,1265234.06,1539455.58,1757.45,3010.59,130.47,1253.13,3772397791.23,6335041782.61,0.00,0.00,0.00,0.00,203111221,608013582,392025191,322342643
4436.74,4429824.03,5971246.92,1265234.06,1541422.89,2216.82,4184.12,0.00,1967.30,3772397791.23,6335041782.61,0.00,0.00,0.00,0.00,203272144,608420165,392025191,322342643
4438.74,4429824.03,5973519.55,1265234.06,1543695.52,0.00,2272.64,0.00,2272.64,3772397791.23,6335041782.61,0.00,0.00,0.00,0.00,203272144,608420165,392025191,322342643
4440.74,4429824.03,5975913.30,1265234.06,1546089.27,0.00,2393.74,0.00,2393.74,3772397791.23,6335041782.61,0.00,0.00,0.00,0.00,203272144,608420165,392025191,322342643
4442.74,4432129.11,5979884.77,1265234.06,1547755.66,2305.08,3971.47,0.00,1666.39,3772397791.23,6335041782.61,0.00,0.00,0.00,0.00,203454473,608827936,393984870,322342643
4444.74,4434597.41,5984300.05,1265234.06,1549702.64,2468.30,4415.29,0.00,1946.98,3772397791.23,6335041782.61,0.00,0.00,0.00,0.00,203639372,609274923,393984870,322342643
4446.74,4436949.69,5988495.82,1265234.06,1551546.14,2352.27,4195.77,0.00,1843.50,3772397791.23,6335041782.61,0.00,0.00,0.00,0.00,203819401,609697076,394951382,322342643
4448.74,4439297.78,5992430.11,1265234.06,1553132.33,2348.09,3934.28,0.00,1586.19,3772397791.23,6335041782.61,0.00,0.00,0.00,0.00,203988404,610129184,395512247,322342643
4450.74,4441804.12,5996724.39,1265234.06,1554920.27,2506.34,4294.29,0.00,1787.95,3772900172.93,6336039770.28,502381.71,997987.68,0.00,0.00,204172322,610586890,395512247,322342643
4452.74,4444142.70,6000726.66,1265234.06,1556583.95,2338.58,4002.26,0.00,1663.68,3772900172.93,6336039770.28,0.00,0.00,0.00,0.00,204248499,611109390,396330011,322342643
4454.74,4446648.16,6005161.83,1265234.06,1558513.67,2505.46,4435.18,0.00,1929.72,3772900172.93,6336039770.28,0.00,0.00,0.00,0.00,204376147,611623139,396330011,322342643
4456.74,4448256.05,6008511.39,1265234.06,1560255.34,1607.89,3349.56,0.00,1741.67,3772900172.93,6336039770.28,0.00,0.00,0.00,0.00,204477813,611933094,397291039,322342643
4458.74,4448524.79,6010744.22,1265505.77,1562219.43,268.74,2232.82,271.71,1964.09,3772900172.93,6336039770.28,0.00,0.00,0.00,0.00,204488170,611991534,398090965,322342643
4460.74,4451022.88,6013242.31,1268161.02,1562219.43,2498.09,2498.09,2655.25,0.00,3772900172.93,6336039770.28,0.00,0.00,0.00,0.00,204680436,612438779,398090965,322342643
4462.74,4453552.84,6015772.27,1270830.18,1562219.43,2529.96,2529.96,2669.15,0.00,3772900172.93,6336039770.28,0.00,0.00,0.00,0.00,204857414,612909471,398090965,322342643
4464.74,4455498.88,6017718.31,1272860.47,1562219.43,1946.04,1946.04,2030.29,0.00,3772900172.93,6336039770.28,0.00,0.00,0.00,0.00,203529897,613260743,398090965,323817074
4466.74,4458002.95,6020222.38,1275514.54,1562219.43,2504.07,2504.07,2654.07,0.00,3772900172.93,6336039770.28,0.00,0.00,0.00,0.00,203718970,613712712,398090965,323817074
4468.74,4459928.47,6022147.90,1277537.91,1562219.43,1925.52,1925.52,2023.37,0.00,3772900172.93,6336039770.28,0.00,0.00,0.00,0.00,202361053,614084161,398090965,325296475
4470.74,4462425.23,6024644.66,1280190.36,1562219.43,2496.76,2496.76,2652.45,0.00,3772900172.93,6336039770.28,0.00,0.00,0.00,0.00,202443017,614641367,398090965,325296475
4472.85,4464502.55,6026721.97,1282427.68,1562219.43,2077.32,2077.32,2237.32,0.00,3772900172.93,6336039770.28,0.00,0.00,0.00,0.00,201136462,615032179,398090965,326744011
4474.85,4467009.32,6029228.75,1285063.68,1562219.43,2506.78,2506.78,2635.99,0.00,3772900172.93,6336039770.28,0.00,0.00,0.00,0.00,201316354,615494022,398090965,326744011
4476.85,4469542.66,6031762.09,1287723.92,1562219.43,2533.34,2533.34,2660.24,0.00,3772900172.93,6336039770.28,0.00,0.00,0.00,0.00,201491189,615967722,398090965,326744011
4478.85,4471550.47,6033769.89,1289816.19,1562219.43,2007.80,2007.80,2092.27,0.00,3772900172.93,6336039770.28,0.00,0.00,0.00,0.00,199991676,616413682,398090965,328311562
4480.85,4474058.29,6036277.72,1292484.02,1562219.43,2507.82,2507.82,2667.82,0.00,3772900172.93,6336039770.28,0.00,0.00,0.00,0.00,200124996,616922365,398090965,328311562
4482.93,4476148.12,6038367.54,1294681.59,1562219.43,2089.82,2089.82,2197.57,0.00,3772900172.93,6336039770.28,0.00,0.00,0.00,0.00,198727313,617285596,398090965,329881009
4484.93,4478655.90,6042553.34,1294681.59,1563897.45,2507.78,4185.80,0.00,1678.02,3772900172.93,6336039770.28,0.00,0.00,0.00,0.00,198925055,617729846,398090965,329881009
4486.93,4479162.94,6045100.30,1294681.59,1565937.37,507.04,2546.96,0.00,2039.92,3772900172.93,6336039770.28,0.00,0.00,0.00,0.00,198956865,617827838,399006558,329881009
4488.93,4481670.80,6049454.95,1294681.59,1567784.16,2507.86,4354.65,0.00,1846.79,3772900172.93,6336039770.28,0.00,0.00,0.00,0.00,199139511,618287204,399006558,329881009
4490.93,4484158.96,6053690.86,1294681.59,1569531.90,2488.16,4235.91,0.00,1747.74,3772900172.93,6336039770.28,0.00,0.00,0.00,0.00,199331883,618731802,399945926,329881009
4492.93,4485120.01,6056830.67,1294681.59,1571710.66,961.05,3139.81,0.00,2178.76,3772900172.93,6336039770.28,0.00,0.00,0.00,0.00,199412535,618897179,399945926,329881009
4494.93,4485120.01,6059086.74,1294681.59,1573966.73,0.00,2256.07,0.00,2256.07,3772900172.93,6336039770.28,0.00,0.00,0.00,0.00,199412535,618897179,399945926,329881009
4496.93,4485120.01,6061283.01,1294681.59,1576163.00,0.00,2196.27,0.00,2196.27,3772900172.93,6336039770.28,0.00,0.00,0.00,0.00,199412535,618897179,399945926,329881009
4498.93,4485120.01,6063705.45,1294681.59,1578585.43,0.00,2422.44,0.00,2422.44,3772900172.93,6336039770.28,0.00,0.00,0.00,0.00,199412535,618897179,399945926,329881009
4500.93,4486181.20,6066892.13,1294681.59,1580710.93,1061.19,3186.68,0.00,2125.50,3772900172.93,6336039770.28,0.00,0.00,0.00,0.00,199475901,619105477,402588207,329881009
4502.93,4488640.88,6071462.00,1294681.59,1582821.12,2459.68,4569.87,0.00,2110.19,3772900172.93,6336039770.28,0.00,0.00,0.00,0.00,199674784,619536273,402588207,329881009
4504.93,4490992.96,6075500.59,1294681.59,1584507.63,2352.08,4038.59,0.00,1686.52,3772900172.93,6336039770.28,0.00,0.00,0.00,0.00,199870875,619942314,403449981,329881009
4506.93,4493516.43,6079933.50,1294681.59,1586417.07,2523.46,4432.91,0.00,1909.44,3772900172.93,6336039770.28,0.00,0.00,0.00,0.00,200051566,620407630,403449981,329881009
4508.93,4495848.41,6084033.59,1294681.59,1588185.18,2331.98,4100.09,0.00,1768.10,3772900172.93,6336039770.28,0.00,0.00,0.00,0.00,200229135,620827049,404452558,329881009
4510.93,4497408.03,6087700.15,1294681.59,1590292.12,1559.62,3666.57,0.00,2106.95,3772900172.93,6336039770.28,0.00,0.00,0.00,0.00,200341017,621114429,404452558,329881009
4512.93,4498887.34,6090125.90,1296189.12,1591238.56,1479.31,2425.75,1507.53,946.44,3772900172.93,6336039770.28,0.00,0.00,0.00,0.00,200475045,621359104,405465345,329881009
4514.99,4501113.92,6092352.48,1298478.93,1591238.56,2226.58,2226.58,2289.80,0.00,3772900172.93,6336039770.28,0.00,0.00,0.00,0.00,199689205,621742832,405465345,330853126
4516.99,4503638.14,6094876.71,1301085.99,1591238.56,2524.23,2524.23,2607.07,0.00,3772900172.93,6336039770.28,0.00,0.00,0.00,0.00,199880543,622197696,405465345,330853126
4519.20,4505958.59,6097197.15,1303539.02,1591238.56,2320.44,2320.44,2453.02,0.00,3772900172.93,6336039770.28,0.00,0.00,0.00,0.00,198773671,622603235,405465345,332148492
4521.20,4508469.91,6099708.48,1306135.61,1591238.56,2511.33,2511.33,2596.59,0.00,3772900172.93,6336039770.28,0.00,0.00,0.00,0.00,198986031,623033775,405465345,332148492
4523.20,4510564.00,6101802.56,1308306.30,1591238.56,2094.09,2094.09,2170.70,0.00,3772900172.93,6336039770.28,0.00,0.00,0.00,0.00,197961077,623414114,405465345,333329193
4525.20,4513073.05,6104311.61,1310874.11,1591238.56,2509.05,2509.05,2567.80,0.00,3772900172.93,6336039770.28,0.00,0.00,0.00,0.00,198170031,623847476,405465345,333329193
4527.20,4515227.73,6106466.29,1313139.70,1591238.56,2154.68,2154.68,2265.59,0.00,3772900172.93,6336039770.28,0.00,0.00,0.00,0.00,197211689,624221750,405465345,334464860
4529.20,4517760.03,6108998.59,1315793.86,1591238.56,2532.30,2532.30,2654.15,0.00,3772900172.93,6336039770.28,0.00,0.00,0.00,0.00,197427240,624654467,405465345,334464860
4531.20,4520282.39,6111520.95,1318464.06,1591238.56,2522.36,2522.36,2670.20,0.00,3772900172.93,6336039770.28,0.00,0.00,0.00,0.00,197640597,625086834,405465345,334464860
4542.90,4520354.06,6111592.62,1318538.35,1591238.56,71.68,71.68,74.29,0.00,3772900172.93,6336039770.28,0.00,0.00,0.00,0.00,196121869,625102466,405465345,335986305
4544.90,4522861.84,6114100.41,1321055.07,1591238.56,2507.78,2507.78,2516.72,0.00,3772900172.93,6336039770.28,0.00,0.00,0.00,0.00,196348803,625517524,405465345,335986305
4546.90,4525011.08,6116959.48,1322122.79,1591948.40,2149.24,2859.07,1067.73,709.84,3772900172.93,6336039770.28,0.00,0.00,0.00,0.00,195644567,625854393,405465345,336903877
4548.90,4527519.36,6121296.96,1322122.79,1593777.61,2508.27,4337.48,0.00,1829.21,3772900172.93,6336039770.28,0.00,0.00,0.00,0.00,195872635,626268443,405465345,336903877
4550.90,4529978.42,6125485.55,1322122.79,1595507.12,2459.07,4188.58,0.00,1729.52,3772900172.93,6336039770.28,0.00,0.00,0.00,0.00,196093322,626677277,406467608,336903877
4552.90,4532322.57,6129799.26,1322122.79,1597476.69,2344.14,4313.71,0.00,1969.57,3772900172.93,6336039770.28,0.00,0.00,0.00,0.00,196319021,627051679,406467608,336903877
4554.90,4534438.39,6133760.36,1322122.79,1599321.97,2115.82,3961.10,0.00,1845.28,3772900172.93,6336039770.28,0.00,0.00,0.00,0.00,196509719,627402632,407498761,336903877
4556.90,4536946.55,6138078.84,1322122.79,1601132.30,2508.16,4318.48,0.00,1810.33,3772900172.93,6336039770.28,0.00,0.00,0.00,0.00,196634036,627920403,407498761,336903877
4558.90,4539568.86,6142679.92,1322122.79,1603111.07,2622.31,4601.08,0.00,1978.77,3772900172.93,6336039770.28,0.00,0.00,0.00,0.00,196830805,628394945,407498761,336903877
4560.90,4540416.02,6145561.27,1322122.79,1605145.25,847.16,2881.34,0.00,2034.18,3772900172.93,6336039770.28,0.00,0.00,0.00,0.00,196904626,628537998,408527258,336903877
4562.90,4540610.97,6147898.62,1322122.79,1607287.66,194.95,2337.36,0.00,2142.41,3772900172.93,6336039770.28,0.00,0.00,0.00,0.00,196923949,628568582,409536685,336903877
4564.90,4543134.26,6152265.68,1322122.79,1609131.42,2523.29,4367.05,0.00,1843.76,3772900172.93,6336039770.28,0.00,0.00,0.00,0.00,197149779,628988714,409536685,336903877
4566.90,4545560.75,6156468.23,1322122.79,1610907.48,2426.50,4202.56,0.00,1776.06,3772900172.93,6336039770.28,0.00,0.00,0.00,0.00,197377103,629382573,410420155,336903877
4568.90,4546560.05,6159493.48,1322122.79,1612933.43,999.30,3025.25,0.00,2025.95,3772900172.93,6336039770.28,0.00,0.00,0.00,0.00,197477911,629537586,410420155,336903877
4570.90,4547599.37,6162448.16,1322122.79,1614848.79,1039.31,2954.68,0.00,1915.36,3772900172.93,6336039770.28,0.00,0.00,0.00,0.00,197590481,629691080,411317717,336903877
4572.90,4550117.95,6166882.95,1322122.79,1616765.00,2518.58,4434.79,0.00,1916.21,3772900172.93,6336039770.28,0.00,0.00,0.00,0.00,197796320,630129998,411317717,336903877
4574.90,4552571.40,6171045.21,1322122.79,1618473.81,2453.45,4162.26,0.00,1708.81,3772900172.93,6336039770.28,0.00,0.00,0.00,0.00,198012560,630541842,412354063,336903877
4576.90,4552704.06,6173705.68,1322122.79,1621001.62,132.66,2660.47,0.00,2527.81,3772900172.93,6336039770.28,0.00,0.00,0.00,0.00,198028957,630559406,412354063,336903877
4578.90,4553844.57,6176755.62,1322122.79,1622911.05,1140.50,3049.94,0.00,1909.43,3772900172.93,6336039770.28,0.00,0.00,0.00,0.00,198085002,630795330,413399659,336903877
4580.90,4556347.38,6180976.56,1322122.79,1624629.19,2502.81,4220.95,0.00,1718.14,3772900172.93,6336039770.28,0.00,0.00,0.00,0.00,198166568,631354483,413399659,336903877
4582.90,4558848.02,6185216.97,1322122.79,1626368.95,2500.64,4240.41,0.00,1739.77,3772900172.93,6336039770.28,0.00,0.00,0.00,0.00,198288122,631873094,414244655,336903877
4584.90,4558848.02,6187675.66,1322122.79,1628827.64,0.00,2458.69,0.00,2458.69,3772900172.93,6336039770.28,0.00,0.00,0.00,0.00,198288122,631873094,414244655,336903877
4586.90,4558848.02,6189864.45,1322122.79,1631016.43,0.00,2188.79,0.00,2188.79,3772900172.93,6336039770.28,0.00,0.00,0.00,0.00,198288122,631873094,414244655,336903877
4588.98,4558849.02,6192104.09,1322122.79,1633255.07,1.00,2239.64,0.00,2238.64,3772900172.93,6336039770.28,0.00,0.00,0.00,0.00,198288122,631873350,416213768,336903877
4590.98,4561356.83,6196827.32,1322122.79,1635470.49,2507.81,4723.23,0.00,2215.42,3772900172.93,6336039770.28,0.00,0.00,0.00,0.00,198401306,632402166,416213768,336903877
4592.98,4564025.32,6201395.55,1322122.79,1637370.23,2668.49,4568.23,0.00,1899.74,3772900172.93,6336039770.28,0.00,0.00,0.00,0.00,198507730,632978876,416213768,336903877
4594.98,4564992.00,6204284.19,1322122.79,1639292.18,966.68,2888.64,0.00,1921.96,3772900172.93,6336039770.28,0.00,0.00,0.00,0.00,198543134,633190942,417278236,336903877
4596.98,4565563.63,6206945.95,1322122.79,1641382.32,571.62,2661.76,0.00,2090.13,3772900172.93,6336039770.28,0.00,0.00,0.00,0.00,198572413,633307999,418189632,336903877
4598.98,4568071.16,6211278.03,1322122.79,1643206.87,2507.53,4332.09,0.00,1824.55,3772900172.93,6336039770.28,0.00,0.00,0.00,0.00,198761343,633760997,418189632,336903877
4600.98,4570510.67,6215347.55,1322122.79,1644836.88,2439.51,4069.52,0.00,1630.01,3772900172.93,6336039770.28,0.00,0.00,0.00,0.00,198946395,634200459,419077382,336903877
4602.98,4571136.05,6218159.55,1322122.79,1647023.49,625.39,2812.00,0.00,2186.61,3772900172.93,6336039770.28,0.00,0.00,0.00,0.00,198983952,634323001,419077382,336903877
4604.98,4572498.69,6221408.80,1322122.79,1648910.11,1362.64,3249.25,0.00,1886.61,3772900172.93,6336039770.28,0.00,0.00,0.00,0.00,199087461,634568327,419989896,336903877
4606.98,4575054.43,6225698.83,1322122.79,1650644.41,2555.73,4290.04,0.00,1734.30,3772900172.93,6336039770.28,0.00,0.00,0.00,0.00,199199852,635110204,419989896,336903877
4608.98,4577280.05,6229885.51,1322122.79,1652605.46,2225.62,4186.68,0.00,1961.05,3772900172.93,6336039770.28,0.00,0.00,0.00,0.00,199293863,635585953,420948995,336903877
4610.98,4577280.05,6232182.75,1322122.79,1654902.70,0.00,2297.24,0.00,2297.24,3772900172.93,6336039770.28,0.00,0.00,0.00,0.00,199293863,635585953,420948995,336903877
4612.98,4577280.05,6234390.54,1322122.79,1657110.48,0.00,2207.79,0.00,2207.79,3772900172.93,6336039770.28,0.00,0.00,0.00,0.00,199293863,635585953,420948995,336903877
4614.98,4578824.63,6237892.15,1322122.79,1659067.52,1544.58,3501.62,0.00,1957.04,3772900172.93,6336039770.28,0.00,0.00,0.00,0.00,199399356,635875872,422535823,336903877
4616.98,4581328.87,6242199.70,1322122.79,1660870.84,2504.24,4307.55,0.00,1803.31,3772900172.93,6336039770.28,0.00,0.00,0.00,0.00,199582072,636334241,422535823,336903877
4618.98,4583791.48,6246494.68,1322122.79,1662703.20,2462.61,4294.98,0.00,1832.37,3772900172.93,6336039770.28,0.00,0.00,0.00,0.00,199777713,636769028,423512803,336903877
4620.98,4586425.00,6251158.14,1322122.79,1664733.15,2633.52,4663.46,0.00,2029.95,3772900172.93,6336039770.28,0.00,0.00,0.00,0.00,199945159,637275763,423512803,336903877
4622.98,4588907.98,6255469.03,1322122.79,1666561.05,2482.98,4310.89,0.00,1827.90,3772900172.93,6336039770.28,0.00,0.00,0.00,0.00,200107165,637749401,424356272,336903877
4624.98,4589568.05,6258355.14,1322122.79,1668787.09,660.07,2886.11,0.00,2226.04,3772900172.93,6336039770.28,0.00,0.00,0.00,0.00,200138955,637886588,424356272,336903877
4626.98,4589568.05,6260683.23,1322122.79,1671115.19,0.00,2328.09,0.00,2328.09,3772900172.93,6336039770.28,0.00,0.00,0.00,0.00,200138955,637886588,424356272,336903877
4628.98,4589568.05,6262848.99,1322122.79,1673280.94,0.00,2165.75,0.00,2165.75,3772900172.93,6336039770.28,0.00,0.00,0.00,0.00,200138955,637886588,424356272,336903877
4630.98,4589568.05,6265169.83,1322122.79,1675601.78,0.00,2320.84,0.00,2320.84,3772900172.93,6336039770.28,0.00,0.00,0.00,0.00,200138955,637886588,424356272,336903877
4632.98,4591815.54,6269279.76,1322122.79,1677464.22,2247.49,4109.93,0.00,1862.44,3772900172.93,6336039770.28,0.00,0.00,0.00,0.00,200302368,638298532,427069845,336903877
4634.98,4594267.21,6273576.87,1322122.79,1679309.66,2451.68,4297.11,0.00,1845.43,3772900172.93,6336039770.28,0.00,0.00,0.00,0.00,200460477,638768053,427069845,336903877
4636.98,4596625.32,6277767.80,1322122.79,1681142.47,2358.11,4190.93,0.00,1832.82,3772900172.93,6336039770.28,0.00,0.00,0.00,0.00,200607764,639224442,428045654,336903877
4638.98,4599105.35,6281313.27,1323185.83,1682207.91,2480.03,3545.47,1063.04,1065.44,3772900172.93,6336039770.28,0.00,0.00,0.00,0.00,200766577,639700516,428744053,336903877
4641.06,4601282.61,6283490.52,1325583.73,1682207.91,2177.25,2177.25,2397.90,0.00,3772900172.93,6336039770.28,0.00,0.00,0.00,0.00,200021962,640116508,428744053,337789877
4643.06,4603795.15,6286003.07,1328227.84,1682207.91,2512.55,2512.55,2644.11,0.00,3772900172.93,6336039770.28,0.00,0.00,0.00,0.00,200187727,640593955,428744053,337789877
4645.06,4605910.23,6288118.15,1330350.43,1682207.91,2115.08,2115.08,2122.58,0.00,3772900172.93,6336039770.28,0.00,0.00,0.00,0.00,199183694,641014899,428744053,338914427
4647.06,4608418.17,6290626.08,1333002.30,1682207.91,2507.93,2507.93,2651.88,0.00,3772900172.93,6336039770.28,0.00,0.00,0.00,0.00,199370282,641470342,428744053,338914427
4649.33,4610858.86,6293066.77,1335555.14,1682207.91,2440.69,2440.69,2552.83,0.00,3772900172.93,6336039770.28,0.00,0.00,0.00,0.00,198102718,641934593,428744053,340342556
4651.33,4613366.64,6295574.55,1338194.40,1682207.91,2507.78,2507.78,2639.27,0.00,3772900172.93,6336039770.28,0.00,0.00,0.00,0.00,198230329,642448974,428744053,340342556
4653.33,4615879.14,6298087.06,1340844.29,1682207.91,2512.51,2512.51,2649.89,0.00,3772900172.93,6336039770.28,0.00,0.00,0.00,0.00,198403893,642918612,428744053,340342556
4655.33,4617926.48,6300134.40,1343005.57,1682207.91,2047.34,2047.34,2161.28,0.00,3772900172.93,6336039770.28,0.00,0.00,0.00,0.00,197121931,643292300,428744053,341774949
4657.33,4620434.56,6302642.48,1345629.05,1682207.91,2508.08,2508.08,2623.48,0.00,3772900172.93,6336039770.28,0.00,0.00,0.00,0.00,197319206,643737093,428744053,341774949
4659.33,4622479.71,6305692.53,1346178.52,1683212.82,2045.14,3050.05,549.46,1004.91,3772900172.93,6336039770.28,0.00,0.00,0.00,0.00,196164778,644128016,428744053,343062011
4661.33,4624987.91,6310092.66,1346178.52,1685104.74,2508.21,4400.12,0.00,1891.92,3772900172.93,6336039770.28,0.00,0.00,0.00,0.00,196340071,644594824,428744053,343062011
4663.33,4627491.40,6314241.29,1346178.52,1686749.88,2503.49,4148.63,0.00,1645.14,3772900172.93,6336039770.28,0.00,0.00,0.00,0.00,196520281,645055507,429759685,343062011
4665.33,4629835.66,6318492.36,1346178.52,1688656.70,2344.26,4251.07,0.00,1906.81,3772900172.93,6336039770.28,0.00,0.00,0.00,0.00,196694283,645481635,429759685,343062011
4667.33,4632335.26,6322678.92,1346178.52,1690343.66,2499.60,4186.57,0.00,1686.96,3772900172.93,6336039770.28,0.00,0.00,0.00,0.00,196856305,645959511,430743183,343062011
4669.33,4635010.95,6327199.36,1346178.52,1692188.41,2675.69,4520.43,0.00,1844.75,3772900172.93,6336039770.28,0.00,0.00,0.00,0.00,197076859,646423933,430743183,343062011
4671.33,4637498.84,6331526.20,1346178.52,1694027.37,2487.89,4326.85,0.00,1838.96,3772900172.93,6336039770.28,0.00,0.00,0.00,0.00,197283124,646854567,430743183,343062011
4673.33,4638720.05,6334888.90,1346178.52,1696168.85,1221.21,3362.70,0.00,2141.48,3772900172.93,6336039770.28,0.00,0.00,0.00,0.00,197374426,647075896,431751717,343062011
4675.33,4640953.35,6338901.62,1346178.52,1697948.27,2233.30,4012.71,0.00,1779.42,3772900172.93,6336039770.28,0.00,0.00,0.00,0.00,197527128,647494918,432388637,343062011
4677.33,4643258.97,6343040.11,1346178.52,1699781.14,2305.62,4138.49,0.00,1832.87,3772900172.93,6336039770.28,0.00,0.00,0.00,0.00,197598031,648014254,433003342,343062011
4679.33,4645908.96,6347562.37,1346178.52,1701653.40,2650.00,4522.26,0.00,1872.26,3772900172.93,6336039770.28,0.00,0.00,0.00,0.00,197790926,648499758,433003342,343062011
4681.33,4648461.31,6351167.34,1347156.35,1702706.03,2552.34,3604.97,977.83,1052.62,3772900172.93,6336039770.28,0.00,0.00,0.00,0.00,197998196,648945888,433983214,343062011
4683.33,4650968.75,6353674.78,1349765.46,1702706.03,2507.45,2507.45,2609.11,0.00,3772900172.93,6336039770.28,0.00,0.00,0.00,0.00,198209198,649376792,433983214,343062011
4685.33,4653116.03,6355822.06,1351935.22,1702706.03,2147.28,2147.28,2169.76,0.00,3772900172.93,6336039770.28,0.00,0.00,0.00,0.00,197159337,649768293,433983214,344270074
4687.33,4655632.78,6358338.81,1354589.15,1702706.03,2516.75,2516.75,2653.93,0.00,3772900172.93,6336039770.28,0.00,0.00,0.00,0.00,197358537,650213381,433983214,344270074
4689.33,4657738.77,6360444.80,1356784.83,1702706.03,2105.99,2105.99,2195.68,0.00,3772900172.93,6336039770.28,0.00,0.00,0.00,0.00,196240180,650565559,433983214,345575387
4691.33,4660239.87,6362945.90,1359372.07,1702706.03,2501.10,2501.10,2587.24,0.00,3772900172.93,6336039770.28,0.00,0.00,0.00,0.00,196447116,650998904,433983214,345575387
4693.33,4662390.27,6365096.30,1361599.80,1702706.03,2150.40,2150.40,2227.73,0.00,3772900172.93,6336039770.28,0.00,0.00,0.00,0.00,195614900,651327911,433983214,346629098
4695.33,4664929.07,6367635.10,1364218.02,1702706.03,2538.80,2538.80,2618.22,0.00,3772900172.93,6336039770.28,0.00,0.00,0.00,0.00,195773672,651819072,433983214,346629098
4697.33,4667004.02,6369710.05,1366349.13,1702706.03,2074.95,2074.95,2131.11,0.00,3772900172.93,6336039770.28,0.00,0.00,0.00,0.00,194536755,652284720,433983214,347931555
4699.33,4669578.88,6372284.90,1369012.89,1702706.03,2574.85,2574.85,2663.75,0.00,3772900172.93,6336039770.28,0.00,0.00,0.00,0.00,194674604,652806033,433983214,347931555
4701.33,4671547.00,6374754.42,1370253.24,1703207.42,1968.13,2469.52,1240.35,501.39,3772900172.93,6336039770.28,0.00,0.00,0.00,0.00,193494019,653197005,433983214,349225009
4703.33,4674238.18,6379192.05,1370253.24,1704953.88,2691.17,4437.63,0.00,1746.46,3772900172.93,6336039770.28,0.00,0.00,0.00,0.00,193623260,653756704,433983214,349225009
4705.33,4676650.69,6383415.44,1370253.24,1706764.75,2412.52,4223.38,0.00,1810.87,3772900172.93,6336039770.28,0.00,0.00,0.00,0.00,193757620,654239948,434958780,349225009
4707.33,4679307.82,6387853.52,1370253.24,1708545.71,2657.12,4438.09,0.00,1780.96,3772900172.93,6336039770.28,0.00,0.00,0.00,0.00,193976498,654701294,434958780,349225009
4709.33,4681872.31,6391890.20,1370253.24,1710017.88,2564.50,4036.67,0.00,1472.18,3772900172.93,6336039770.28,0.00,0.00,0.00,0.00,194107520,655226783,435531479,349225009
4711.33,4684497.25,6395983.86,1370253.24,1711486.61,2624.94,4093.66,0.00,1468.72,3772900172.93,6336039770.28,0.00,0.00,0.00,0.00,194259519,655746768,436135744,349225009
4713.33,4687102.71,6400072.68,1370253.24,1712969.97,2605.46,4088.82,0.00,1483.36,3772900172.93,6336039770.28,0.00,0.00,0.00,0.00,194459954,656213330,436135744,349225009
4715.33,4689683.01,6404105.91,1370253.24,1714422.90,2580.30,4033.23,0.00,1452.93,3772900172.93,6336039770.28,0.00,0.00,0.00,0.00,194640874,656692968,436722879,349225009
4717.33,4692281.08,6408183.87,1370253.24,1715902.79,2598.07,4077.96,0.00,1479.89,3772900172.93,6336039770.28,0.00,0.00,0.00,0.00,194835610,657163338,437342523,349225009
4719.33,4695018.24,6412433.00,1370253.24,1717414.77,2737.16,4249.14,0.00,1511.98,3772900172.93,6336039770.28,0.00,0.00,0.00,0.00,195039689,657659971,437342523,349225009
4721.33,4697672.88,6415806.93,1371509.02,1718134.05,2654.64,3373.92,1255.78,719.28,3772900172.93,6336039770.28,0.00,0.00,0.00,0.00,195251791,658127457,437927039,349225009
4723.33,4700281.38,6418415.43,1374106.48,1718134.05,2608.50,2608.50,2597.47,0.00,3772900172.93,6336039770.28,0.00,0.00,0.00,0.00,195526130,658520894,437927039,349225009
4725.33,4702626.75,6420760.80,1376377.89,1718134.05,2345.38,2345.38,2271.41,0.00,3772900172.93,6336039770.28,0.00,0.00,0.00,0.00,194847642,658766606,437927039,350258201
4727.33,4704957.13,6423091.18,1379043.90,1718134.05,2330.38,2330.38,2666.01,0.00,3772900172.93,6336039770.28,0.00,0.00,0.00,0.00,195169265,659041559,437927039,350258201
4729.33,4707216.96,6425351.01,1381220.46,1718134.05,2259.84,2259.84,2176.56,0.00,3772900172.93,6336039770.28,0.00,0.00,0.00,0.00,194209712,659280091,437927039,351557740
4731.33,4709910.62,6428044.67,1383876.18,1718134.05,2693.66,2693.66,2655.71,0.00,3772900172.93,6336039770.28,0.00,0.00,0.00,0.00,194522145,659657234,437927039,351557740
4733.33,4712172.17,6430306.21,1385980.19,1718134.05,2261.55,2261.55,2104.01,0.00,3772900172.93,6336039770.28,0.00,0.00,0.00,0.00,193301078,660068641,437927039,352946356
4735.33,4714645.74,6432779.79,1388250.56,1718134.05,2473.57,2473.57,2270.38,0.00,3772900172.93,6336039770.28,0.00,0.00,0.00,0.00,192671851,660575826,437927039,353701632
4737.33,4717387.14,6435521.18,1390920.26,1718134.05,2741.40,2741.40,2669.70,0.00,3772900172.93,6336039770.28,0.00,0.00,0.00,0.00,192810725,661138750,437927039,353701632
4739.33,4719973.82,6438107.87,1393586.36,1718134.05,2586.68,2586.68,2666.10,0.00,3772900172.93,6336039770.28,0.00,0.00,0.00,0.00,193005032,661606634,437927039,353701632
4741.33,4721897.50,6441185.64,1393868.22,1719288.15,1923.68,3077.78,281.86,1154.10,3772900172.93,6336039770.28,0.00,0.00,0.00,0.00,191600279,661935366,437927039,355270114
4743.33,4724409.22,6445629.62,1393868.22,1721220.40,2511.73,4443.98,0.00,1932.25,3772900172.93,6336039770.28,0.00,0.00,0.00,0.00,191798810,662379837,437927039,355270114
4745.33,4726719.91,6449675.36,1393868.22,1722955.45,2310.69,4045.73,0.00,1735.05,3772900172.93,6336039770.28,0.00,0.00,0.00,0.00,191970840,662799343,439002058,355270114
4747.33,4729271.64,6454003.04,1393868.22,1724731.40,2551.73,4327.68,0.00,1775.95,3772900172.93,6336039770.28,0.00,0.00,0.00,0.00,192164284,663259142,439002058,355270114
4749.33,4731632.99,6458075.72,1393868.22,1726442.73,2361.35,4072.68,0.00,1711.34,3772900172.93,6336039770.28,0.00,0.00,0.00,0.00,192351131,663676800,439956493,355270114
4751.33,4734265.70,6462233.78,1393868.22,1727968.08,2632.71,4158.06,0.00,1525.34,3772900172.93,6336039770.28,0.00,0.00,0.00,0.00,192544784,664157122,439956493,355270114
4753.33,4736490.48,6465990.73,1393868.22,1729500.25,2224.78,3756.95,0.00,1532.18,3772900172.93,6336039770.28,0.00,0.00,0.00,0.00,192716273,664555176,440602018,355270114
4755.33,4739088.25,6470079.66,1393868.22,1730991.41,2597.77,4088.93,0.00,1491.16,3772900172.93,6336039770.28,0.00,0.00,0.00,0.00,192936118,665000360,440602018,355270114
4757.33,4741604.13,6474268.50,1393868.22,1732664.38,2515.88,4188.84,0.00,1672.96,3772900172.93,6336039770.28,0.00,0.00,0.00,0.00,193139665,665440878,441237283,355270114
4759.33,4744257.85,6478830.64,1393868.22,1734572.79,2653.72,4562.14,0.00,1908.42,3772900172.93,6336039770.28,0.00,0.00,0.00,0.00,193355715,665904180,441237283,355270114
4761.33,4746788.20,6481638.77,1395921.54,1734850.57,2530.35,2808.12,2053.32,277.77,3772900172.93,6336039770.28,0.00,0.00,0.00,0.00,193454985,666452680,442197599,355270114
4763.33,4749066.91,6483917.47,1398150.26,1734850.57,2278.71,2278.71,2228.72,0.00,3772900172.93,6336039770.28,0.00,0.00,0.00,0.00,192897570,666876921,442197599,355986637
4765.33,4751391.94,6486242.50,1400394.60,1734850.57,2325.03,2325.03,2244.34,0.00,3772900172.93,6336039770.28,0.00,0.00,0.00,0.00,192413804,667260740,442197599,356681792
4767.33,4753680.22,6488530.79,1402626.04,1734850.57,2288.29,2288.29,2231.45,0.00,3772900172.93,6336039770.28,0.00,0.00,0.00,0.00,191923260,667649714,442197599,357369163
4769.33,4756227.55,6491078.12,1405207.19,1734850.57,2547.33,2547.33,2581.15,0.00,3772900172.93,6336039770.28,0.00,0.00,0.00,0.00,192146154,668078937,442197599,357369163
4771.33,4758502.23,6493352.80,1407532.98,1734850.57,2274.68,2274.68,2325.79,0.00,3772900172.93,6336039770.28,0.00,0.00,0.00,0.00,191541929,668446709,442197599,358187933
4773.33,4761002.16,6495852.73,1410203.25,1734850.57,2499.93,2499.93,2670.27,0.00,3772900172.93,6336039770.28,0.00,0.00,0.00,0.00,191790069,668838551,442197599,358187933
4775.33,4763028.57,6497879.13,1412207.66,1734850.57,2026.41,2026.41,2004.41,0.00,3772900172.93,6336039770.28,0.00,0.00,0.00,0.00,190410198,669166962,442197599,359758153
4777.33,4765375.01,6500225.57,1414475.75,1734850.57,2346.44,2346.44,2268.09,0.00,3772900172.93,6336039770.28,0.00,0.00,0.00,0.00,189886284,669541333,442197599,360508385
4779.33,4767981.34,6502831.91,1417017.40,1734850.57,2606.33,2606.33,2541.65,0.00,3772900172.93,6336039770.28,0.00,0.00,0.00,0.00,189971101,670123737,442197599,360508385
4781.33,4770191.32,6505974.70,1417767.35,1735783.38,2209.98,3142.79,749.95,932.81,3772900172.93,6336039770.28,0.00,0.00,0.00,0.00,189193835,670587102,442197599,361388042
4783.33,4772640.76,6510327.36,1417767.35,1737686.61,2449.43,4352.66,0.00,1903.23,3772900172.93,6336039770.28,0.00,0.00,0.00,0.00,189302493,671105499,442197599,361388042
4785.33,4774999.02,6514377.01,1417767.35,1739377.99,2358.26,4049.65,0.00,1691.39,3772900172.93,6336039770.28,0.00,0.00,0.00,0.00,189453453,671558254,443226339,361388042
4787.33,4777658.01,6518691.06,1417767.35,1741033.05,2658.99,4314.05,0.00,1655.05,3772900172.93,6336039770.28,0.00,0.00,0.00,0.00,189616531,672075878,443226339,361388042
4789.33,4779921.32,6522650.35,1417767.35,1742729.02,2263.31,3959.29,0.00,1695.98,3772900172.93,6336039770.28,0.00,0.00,0.00,0.00,189788983,672482834,443996643,361388042
4791.33,4782513.92,6527165.54,1417767.35,1744651.62,2592.59,4515.20,0.00,1922.60,3772900172.93,6336039770.28,0.00,0.00,0.00,0.00,189972781,672962740,443996643,361388042
4793.33,4784902.01,6531362.79,1417767.35,1746460.78,2388.09,4197.25,0.00,1809.15,3772900172.93,6336039770.28,0.00,0.00,0.00,0.00,190166627,673380246,444729893,361388042
4795.33,4787326.84,6535629.94,1417767.35,1748303.10,2424.83,4267.15,0.00,1842.32,3772900172.93,6336039770.28,0.00,0.00,0.00,0.00,190350449,673817180,445360314,361388042
4797.33,4789860.54,6539883.32,1417767.35,1750022.78,2533.70,4253.38,0.00,1719.68,3772900172.93,6336039770.28,0.00,0.00,0.00,0.00,190553271,674262985,445978722,361388042
4799.33,4792498.87,6544509.12,1417767.35,1752010.25,2638.33,4625.80,0.00,1987.47,3772900172.93,6336039770.28,0.00,0.00,0.00,0.00,190755991,674735678,445978722,361388042
4801.33,4794989.08,6547413.08,1419658.63,1752424.00,2490.21,2903.96,1891.28,413.75,3772900172.93,6336039770.28,0.00,0.00,0.00,0.00,190624561,675163527,446690555,361729117
4803.33,4797637.14,6550061.14,1422328.04,1752424.00,2648.06,2648.06,2669.41,0.00,3772900172.93,6336039770.28,0.00,0.00,0.00,0.00,190831046,675634946,446690555,361729117
4805.33,4800269.80,6552693.80,1424991.97,1752424.00,2632.66,2632.66,2663.93,0.00,3772900172.93,6336039770.28,0.00,0.00,0.00,0.00,191088114,676051839,446690555,361729117
4807.33,4802355.84,6554779.84,1426916.99,1752424.00,2086.04,2086.04,1925.02,0.00,3772900172.93,6336039770.28,0.00,0.00,0.00,0.00,189724056,676395341,446690555,363283698
4809.33,4804781.37,6557205.36,1429205.83,1752424.00,2425.53,2425.53,2288.84,0.00,3772900172.93,6336039770.28,0.00,0.00,0.00,0.00,189303478,676815738,446690555,363904814
4811.33,4807086.77,6559510.77,1431476.59,1752424.00,2305.41,2305.41,2270.76,0.00,3772900172.93,6336039770.28,0.00,0.00,0.00,0.00,188617352,677200172,446690555,364796690
4813.33,4809752.02,6562176.02,1434136.08,1752424.00,2665.25,2665.25,2659.49,0.00,3772900172.93,6336039770.28,0.00,0.00,0.00,0.00,188846300,677653528,446690555,364796690
4815.33,4812304.12,6564728.11,1436800.78,1752424.00,2552.09,2552.09,2664.70,0.00,3772900172.93,6336039770.28,0.00,0.00,0.00,0.00,189054544,678098620,446690555,364796690
4817.33,4814393.50,6566817.50,1438726.99,1752424.00,2089.39,2089.39,1926.21,0.00,3772900172.93,6336039770.28,0.00,0.00,0.00,0.00,187661552,678457231,446690555,366365954
4819.33,4816643.24,6569067.24,1440962.33,1752424.00,2249.74,2249.74,2235.34,0.00,3772900172.93,6336039770.28,0.00,0.00,0.00,0.00,187083753,678869148,446690555,367107769
4821.33,4818999.69,6571659.48,1442775.34,1752659.79,2356.45,2592.24,1813.01,235.79,3772900172.93,6336039770.28,0.00,0.00,0.00,0.00,186581581,679292368,446690555,367789972
4823.33,4821790.41,6576222.36,1442775.34,1754431.95,2790.71,4562.88,0.00,1772.16,3772900172.93,6336039770.28,0.00,0.00,0.00,0.00,186733764,679854608,446690555,367789972
4825.33,4824351.71,6580686.37,1442775.34,1756334.66,2561.30,4464.02,0.00,1902.71,3772900172.93,6336039770.28,0.00,0.00,0.00,0.00,186857027,680387038,446690555,367789972
4827.33,4827007.57,6584813.29,1442775.34,1757805.72,2655.86,4126.92,0.00,1471.05,3772900172.93,6336039770.28,0.00,0.00,0.00,0.00,187069708,680854258,447743571,367789972
4829.33,4829791.26,6589195.32,1442775.34,1759404.06,2783.69,4382.03,0.00,1598.34,3772900172.93,6336039770.28,0.00,0.00,0.00,0.00,187314172,681322418,447743571,367789972
4831.33,4832425.23,6593540.93,1442775.34,1761115.70,2633.98,4345.61,0.00,1711.63,3772900172.93,6336039770.28,0.00,0.00,0.00,0.00,187560970,681749918,448522017,367789972
4833.33,4834899.36,6597749.38,1442775.34,1762850.02,2474.12,4208.45,0.00,1734.32,3772900172.93,6336039770.28,0.00,0.00,0.00,0.00,187814594,682129669,448522017,367789972
4835.33,4837508.25,6601939.84,1442775.34,1764431.59,2608.89,4190.46,0.00,1581.57,3772900172.93,6336039770.28,0.00,0.00,0.00,0.00,188046755,682565385,449418692,367789972
4837.33,4839968.44,6606260.83,1442775.34,1766292.39,2460.19,4320.99,0.00,1860.80,3772900172.93,6336039770.28,0.00,0.00,0.00,0.00,188247977,682993971,449418692,367789972
4839.33,4842522.49,6610479.38,1442775.34,1767956.89,2554.05,4218.55,0.00,1664.50,3772900172.93,6336039770.28,0.00,0.00,0.00,0.00,188484558,683411228,450340558,367789972
4841.33,4845324.04,6615006.70,1442775.34,1769682.66,2801.55,4527.32,0.00,1725.77,3772900172.93,6336039770.28,0.00,0.00,0.00,0.00,188720930,683892053,450340558,367789972
4843.33,4847902.17,6618210.55,1444427.29,1770308.38,2578.13,3203.85,1651.95,625.72,3772900172.93,6336039770.28,0.00,0.00,0.00,0.00,188986685,684286299,451267252,367789972
4845.38,4850337.13,6620645.52,1446727.55,1770308.38,2434.96,2434.96,2300.25,0.00,3772900172.93,6336039770.28,0.00,0.00,0.00,0.00,188222894,684661680,451267252,368801732
4847.38,4853159.96,6623468.35,1449255.00,1770308.38,2822.83,2822.83,2527.46,0.00,3772900172.93,6336039770.28,0.00,0.00,0.00,0.00,188499757,685107462,451267252,368801732
4849.38,4855379.55,6625687.93,1451478.41,1770308.38,2219.58,2219.58,2223.41,0.00,3772900172.93,6336039770.28,0.00,0.00,0.00,0.00,187847821,685466311,451267252,369663032
4851.38,4857855.15,6628163.53,1453717.03,1770308.38,2475.60,2475.60,2238.62,0.00,3772900172.93,6336039770.28,0.00,0.00,0.00,0.00,187374826,685840193,451267252,370395899
4853.38,4860645.28,6630953.66,1456242.34,1770308.38,2790.13,2790.13,2525.30,0.00,3772900172.93,6336039770.28,0.00,0.00,0.00,0.00,187579859,686349433,451267252,370395899
4855.38,4863136.96,6633445.34,1458469.50,1770308.38,2491.68,2491.68,2227.17,0.00,3772900172.93,6336039770.28,0.00,0.00,0.00,0.00,186933682,686870224,451267252,371159156
4857.38,4865637.62,6635946.01,1460757.87,1770308.38,2500.66,2500.66,2288.37,0.00,3772900172.93,6336039770.28,0.00,0.00,0.00,0.00,186369272,687391549,451267252,371842411
4859.38,4867871.18,6638281.10,1462762.05,1770409.92,2233.55,2335.09,2004.18,101.54,3772900172.93,6336039770.28,0.00,0.00,0.00,0.00,185571352,687776016,451267252,372827654
4861.38,4870643.18,6642679.16,1462762.05,1772035.99,2772.00,4398.06,0.00,1626.07,3772900172.93,6336039770.28,0.00,0.00,0.00,0.00,185794119,688262880,451267252,372827654
4863.38,4873024.55,6646757.48,1462762.05,1773732.93,2381.38,4078.32,0.00,1696.95,3772900172.93,6336039770.28,0.00,0.00,0.00,0.00,185999825,688666806,452075001,372827654
4865.38,4875789.32,6651229.79,1462762.05,1775440.46,2764.77,4472.30,0.00,1707.53,3772900172.93,6336039770.28,0.00,0.00,0.00,0.00,186219144,689155269,452075001,372827654
4867.38,4878098.68,6655299.11,1462762.05,1777200.44,2309.35,4069.33,0.00,1759.98,3772900172.93,6336039770.28,0.00,0.00,0.00,0.00,186418708,689546899,452923068,372827654
4869.38,4880904.16,6659708.04,1462762.05,1778803.88,2805.48,4408.93,0.00,1603.45,3772900172.93,6336039770.28,0.00,0.00,0.00,0.00,186642806,690041005,452923068,372827654
4871.38,4883080.42,6663499.26,1462762.05,1780418.84,2176.26,3791.22,0.00,1614.96,3772900172.93,6336039770.28,0.00,0.00,0.00,0.00,186766112,690474821,453723926,372827654
4873.38,4885806.67,6667970.61,1462762.05,1782163.94,2726.25,4471.35,0.00,1745.10,3772900172.93,6336039770.28,0.00,0.00,0.00,0.00,186881513,691057340,453723926,372827654
4875.38,4888335.95,6672140.14,1462762.05,1783804.18,2529.29,4169.53,0.00,1640.24,3772900172.93,6336039770.28,0.00,0.00,0.00,0.00,187079288,691507062,454640412,372827654
4877.38,4890957.11,6676525.53,1462762.05,1785568.42,2621.16,4385.39,0.00,1764.23,3772900172.93,6336039770.28,0.00,0.00,0.00,0.00,187275246,691982121,454640412,372827654
4879.38,4893582.79,6680938.67,1462765.52,1787355.88,2625.67,4413.14,3.47,1787.46,3772900172.93,6336039770.28,0.00,0.00,0.00,0.00,187505486,692424053,455572467,372827654
4881.38,4896059.19,6683415.07,1465297.43,1787355.88,2476.40,2476.40,2531.91,0.00,3772900172.93,6336039770.28,0.00,0.00,0.00,0.00,187725783,692837715,455572467,372827654
4883.38,4898458.02,6685813.90,1467514.10,1787355.88,2398.83,2398.83,2216.67,0.00,3772900172.93,6336039770.28,0.00,0.00,0.00,0.00,187134196,693242114,455572467,373628942
4885.38,4900735.64,6688091.52,1469731.17,1787355.88,2277.62,2277.62,2217.07,0.00,3772900172.93,6336039770.28,0.00,0.00,0.00,0.00,186578161,693621401,455572467,374388761
4887.38,4903413.05,6690768.94,1472309.82,1787355.88,2677.42,2677.42,2578.65,0.00,3772900172.93,6336039770.28,0.00,0.00,0.00,0.00,186734371,694150610,455572467,374388761
4889.38,4905820.73,6693176.61,1474485.02,1787355.88,2407.68,2407.68,2175.20,0.00,3772900172.93,6336039770.28,0.00,0.00,0.00,0.00,186028384,694582085,455572467,375279638
4891.38,4908253.81,6695609.70,1476721.75,1787355.88,2433.08,2433.08,2236.73,0.00,3772900172.93,6336039770.28,0.00,0.00,0.00,0.00,185473681,695056536,455572467,375982759
4893.38,4910595.37,6697951.25,1479004.06,1787355.88,2341.56,2341.56,2282.32,0.00,3772900172.93,6336039770.28,0.00,0.00,0.00,0.00,184855580,695565160,455572467,376691675
4895.38,4913187.79,6700543.68,1481641.07,1787355.88,2592.42,2592.42,2637.01,0.00,3772900172.93,6336039770.28,0.00,0.00,0.00,0.00,185077254,696007146,455572467,376691675
4897.38,4915385.10,6702740.98,1483799.41,1787355.88,2197.30,2197.30,2158.34,0.00,3772900172.93,6336039770.28,0.00,0.00,0.00,0.00,184125911,696380201,455572467,377832473
4899.38,4917528.78,6705143.04,1485514.99,1787614.26,2143.68,2402.05,1715.58,258.38,3772900172.93,6336039770.28,0.00,0.00,0.00,0.00,183479349,696755749,455572467,378652269
4901.38,4920241.47,6709673.21,1485514.99,1789431.74,2712.69,4530.18,0.00,1817.48,3772900172.93,6336039770.28,0.00,0.00,0.00,0.00,183692471,697237076,455572467,378652269
4903.38,4922626.25,6713749.87,1485514.99,1791123.62,2384.78,4076.66,0.00,1691.88,3772900172.93,6336039770.28,0.00,0.00,0.00,0.00,183892800,697647251,456457391,378652269
4905.38,4925313.05,6718149.90,1485514.99,1792836.86,2686.80,4400.04,0.00,1713.24,3772900172.93,6336039770.28,0.00,0.00,0.00,0.00,184111598,698116273,456457391,378652269
4907.38,4927870.18,6722284.33,1485514.99,1794414.16,2557.13,4134.43,0.00,1577.30,3772900172.93,6336039770.28,0.00,0.00,0.00,0.00,184272766,698609730,457240026,378652269
4909.38,4930594.30,6726775.44,1485514.99,1796181.14,2724.12,4491.11,0.00,1766.99,3772900172.93,6336039770.28,0.00,0.00,0.00,0.00,184415473,699164398,457240026,378652269
4911.38,4933195.48,6731013.20,1485514.99,1797817.72,2601.19,4237.76,0.00,1636.57,3772900172.93,6336039770.28,0.00,0.00,0.00,0.00,184759392,699486383,458150786,378652269
4913.38,4935885.93,6735306.82,1485514.99,1799420.88,2690.45,4293.61,0.00,1603.16,3772900172.93,6336039770.28,0.00,0.00,0.00,0.00,184925320,700009210,458150786,378652269
4915.38,4938458.60,6739430.69,1485514.99,1800972.09,2572.66,4123.87,0.00,1551.21,3772900172.93,6336039770.28,0.00,0.00,0.00,0.00,184976876,700616256,458888188,378652269
4917.38,4941228.07,6744036.14,1485514.99,1802808.07,2769.47,4605.45,0.00,1835.98,3772900172.93,6336039770.28,0.00,0.00,0.00,0.00,185142164,701159953,458888188,378652269
4919.38,4943901.98,6747975.59,1486183.33,1804073.60,2673.91,3939.45,668.34,1265.53,3772900172.93,6336039770.28,0.00,0.00,0.00,0.00,185290900,701695739,459839519,378652269
4921.38,4946542.05,6750615.65,1488804.36,1804073.60,2640.07,2640.07,2621.04,0.00,3772900172.93,6336039770.28,0.00,0.00,0.00,0.00,185501289,702161207,459839519,378652269
4923.38,4948900.36,6752973.96,1490991.05,1804073.60,2358.30,2358.30,2186.69,0.00,3772900172.93,6336039770.28,0.00,0.00,0.00,0.00,184621824,702597608,459839519,379699059
4925.38,4950878.41,6754952.01,1493238.36,1804073.60,1978.05,1978.05,2247.30,0.00,3772900172.93,6336039770.28,0.00,0.00,0.00,0.00,183973895,702944291,459839519,380506686
4927.38,4953453.42,6757527.02,1495770.71,1804073.60,2575.01,2575.01,2532.36,0.00,3772900172.93,6336039770.28,0.00,0.00,0.00,0.00,184203103,703374286,459839519,380506686
4929.38,4955721.06,6759794.66,1498113.93,1804073.60,2267.64,2267.64,2343.22,0.00,3772900172.93,6336039770.28,0.00,0.00,0.00,0.00,183581282,703752500,459839519,381330809
4931.38,4958245.66,6762319.27,1500743.09,1804073.60,2524.61,2524.61,2629.16,0.00,3772900172.93,6336039770.28,0.00,0.00,0.00,0.00,183791215,704188866,459839519,381330809
4933.38,4960440.87,6764514.47,1502958.38,1804073.60,2195.21,2195.21,2215.29,0.00,3772900172.93,6336039770.28,0.00,0.00,0.00,0.00,182725682,704564750,459839519,382582431
4935.38,4962936.53,6767010.13,1505625.72,1804073.60,2495.66,2495.66,2667.35,0.00,3772900172.93,6336039770.28,0.00,0.00,0.00,0.00,183205925,704723396,459839519,382582431
4937.38,4965037.44,6769111.04,1507729.46,1804073.60,2100.91,2100.91,2103.73,0.00,3772900172.93,6336039770.28,0.00,0.00,0.00,0.00,182036234,705060527,459839519,383952824
4939.38,4967668.68,6771742.29,1510368.43,1804073.60,2631.24,2631.24,2638.97,0.00,3772900172.93,6336039770.28,0.00,0.00,0.00,0.00,182388868,705381491,459839519,383952824
4941.38,4969504.14,6773824.47,1511950.77,1804320.32,1835.46,2082.18,1582.34,246.72,3772900172.93,6336039770.28,0.00,0.00,0.00,0.00,181158729,705618958,459839519,385415374
4943.38,4972213.30,6778437.07,1511950.77,1806223.78,2709.15,4612.61,0.00,1903.45,3772900172.93,6336039770.28,0.00,0.00,0.00,0.00,181497142,705974088,459839519,385415374
4945.38,4974431.99,6782457.18,1511950.77,1808025.19,2218.70,4020.11,0.00,1801.41,3772900172.93,6336039770.28,0.00,0.00,0.00,0.00,181751615,706287601,460777811,385415374
4947.38,4977074.53,6786782.35,1511950.77,1809707.82,2642.54,4325.17,0.00,1682.63,3772900172.93,6336039770.28,0.00,0.00,0.00,0.00,181956444,706759261,460777811,385415374
4949.38,4979632.27,6790994.14,1511950.77,1811361.88,2557.74,4211.79,0.00,1654.05,3772900172.93,6336039770.28,0.00,0.00,0.00,0.00,182194237,707176249,461637286,385415374
4951.38,4982266.28,6795368.01,1511950.77,1813101.73,2634.01,4373.87,0.00,1739.86,3772900172.93,6336039770.28,0.00,0.00,0.00,0.00,182488614,707556179,461637286,385415374
4953.38,4984819.14,6799601.87,1511950.77,1814782.72,2552.87,4233.86,0.00,1680.99,3772900172.93,6336039770.28,0.00,0.00,0.00,0.00,182621351,708076976,462473778,385415374
4955.38,4987443.38,6803868.98,1511950.77,1816425.59,2624.24,4267.11,0.00,1642.87,3772900172.93,6336039770.28,0.00,0.00,0.00,0.00,182715183,708654949,462473778,385415374
4957.38,4989942.11,6807987.69,1511950.77,1818045.58,2498.73,4118.71,0.00,1619.98,3772900172.93,6336039770.28,0.00,0.00,0.00,0.00,182890849,709118957,463231317,385415374
4959.38,4992708.53,6812448.65,1511950.77,1819740.12,2766.42,4460.96,0.00,1694.54,3772900172.93,6336039770.28,0.00,0.00,0.00,0.00,183081962,709636047,463231317,385415374
4961.38,4995049.11,6816389.27,1511950.77,1821340.16,2340.59,3940.62,0.00,1600.04,3772900172.93,6336039770.28,0.00,0.00,0.00,0.00,183272839,710044360,464079999,385415374
4963.38,4997766.92,6820918.44,1511950.77,1823151.52,2717.80,4529.17,0.00,1811.36,3772900172.93,6336039770.28,0.00,0.00,0.00,0.00,183481869,710531088,464079999,385415374
4965.38,5000407.75,6825086.86,1511950.77,1824679.11,2640.84,4168.43,0.00,1527.59,3772900172.93,6336039770.28,0.00,0.00,0.00,0.00,183674840,711014171,464885473,385415374
4967.38,5003196.24,6829640.74,1511950.77,1826444.50,2788.48,4553.88,0.00,1765.39,3772900172.93,6336039770.28,0.00,0.00,0.00,0.00,183887863,711515000,464885473,385415374
4969.38,5005472.63,6833565.57,1511950.77,1828092.95,2276.39,3924.83,0.00,1648.44,3772900172.93,6336039770.28,0.00,0.00,0.00,0.00,184087975,711897644,465762125,385415374
4971.38,5008256.17,6838141.12,1511950.77,1829884.95,2783.54,4575.54,0.00,1792.00,3772900172.93,6336039770.28,0.00,0.00,0.00,0.00,184438827,712259379,465762125,385415374
4973.38,5010905.34,6842379.37,1511950.77,1831474.03,2649.17,4238.25,0.00,1589.08,3772900172.93,6336039770.28,0.00,0.00,0.00,0.00,184759727,712616666,466687974,385415374
4975.38,5013639.70,6846875.66,1511950.77,1833235.96,2734.36,4496.30,0.00,1761.94,3772900172.93,6336039770.28,0.00,0.00,0.00,0.00,185001906,713074483,466687974,385415374
4977.38,5016233.70,6851069.44,1511950.77,1834835.73,2594.00,4193.77,0.00,1599.77,3772900172.93,6336039770.28,0.00,0.00,0.00,0.00,185210683,713529771,467574402,385415374
4979.38,5018969.52,6855395.68,1511950.77,1836426.16,2735.81,4326.24,0.00,1590.43,3772900172.93,6336039770.28,0.00,0.00,0.00,0.00,185416149,714024673,467574402,385415374
4981.38,5021593.76,6859689.59,1511950.77,1838095.82,2624.25,4293.91,0.00,1669.66,3772900172.93,6336039770.28,0.00,0.00,0.00,0.00,185656875,714455754,468336213,385415374
4983.38,5024269.10,6864126.26,1511950.77,1839857.16,2675.34,4436.67,0.00,1761.34,3772900172.93,6336039770.28,0.00,0.00,0.00,0.00,185883414,714914101,468336213,385415374
4985.38,5026819.07,6868342.61,1511950.77,1841523.54,2549.97,4216.35,0.00,1666.38,3772900172.93,6336039770.28,0.00,0.00,0.00,0.00,186247430,715202878,469220858,385415374
4987.38,5029489.95,6872902.48,1511950.77,1843412.53,2670.88,4559.87,0.00,1888.99,3772900172.93,6336039770.28,0.00,0.00,0.00,0.00,186466664,715667389,469220858,385415374
4989.38,5031871.69,6876980.66,1511950.77,1845108.97,2381.74,4078.19,0.00,1696.45,3772900172.93,6336039770.28,0.00,0.00,0.00,0.00,186677740,716066039,470058333,385415374
4991.38,5034360.66,6881340.47,1511950.77,1846979.80,2488.97,4359.80,0.00,1870.83,3772900172.93,6336039770.28,0.00,0.00,0.00,0.00,186931384,716449572,470058333,385415374
4993.38,5036603.10,6885249.74,1511950.77,1848646.64,2242.43,3909.27,0.00,1666.84,3772900172.93,6336039770.28,0.00,0.00,0.00,0.00,187187786,716767233,471010309,385415374
4995.38,5039205.31,6889558.66,1511950.77,1850353.36,2602.21,4308.92,0.00,1706.71,3772900172.93,6336039770.28,0.00,0.00,0.00,0.00,187506435,717114750,471010309,385415374
4997.38,5041773.60,6892559.19,1513667.77,1850785.59,2568.29,3000.53,1717.01,432.24,3772900172.93,6336039770.28,0.00,0.00,0.00,0.00,187806282,717472385,471766101,385415374
4999.38,5044114.16,6894899.75,1515982.12,1850785.59,2340.56,2340.56,2314.35,0.00,3772900172.93,6336039770.28,0.00,0.00,0.00,0.00,187169315,717937399,471766101,386186510
5001.38,5046692.73,6897478.33,1518622.70,1850785.59,2578.58,2578.58,2640.58,0.00,3772900172.93,6336039770.28,0.00,0.00,0.00,0.00,187336339,718430491,471766101,386186510
5003.38,5048923.47,6899709.06,1520863.61,1850785.59,2230.73,2230.73,2240.91,0.00,3772900172.93,6336039770.28,0.00,0.00,0.00,0.00,186402724,718826256,471766101,387295428
5005.47,5051225.45,6902011.04,1523242.81,1850785.59,2301.98,2301.98,2379.20,0.00,3772900172.93,6336039770.28,0.00,0.00,0.00,0.00,185572692,719234888,471766101,388306134
5007.47,5053844.40,6904629.99,1525765.21,1850785.59,2618.95,2618.95,2522.40,0.00,3772900172.93,6336039770.28,0.00,0.00,0.00,0.00,185804919,719673113,471766101,388306134
5009.47,5056126.75,6906912.34,1528008.82,1850785.59,2282.35,2282.35,2243.61,0.00,3772900172.93,6336039770.28,0.00,0.00,0.00,0.00,185175354,720076198,471766101,389116896
5011.47,5058317.47,6909103.07,1530227.23,1850785.59,2190.72,2190.72,2218.41,0.00,3772900172.93,6336039770.28,0.00,0.00,0.00,0.00,184514966,720407063,471766101,390007244
5013.47,5060939.54,6911725.13,1532842.51,1850785.59,2622.06,2622.06,2615.28,0.00,3772900172.93,6336039770.28,0.00,0.00,0.00,0.00,184784435,720808842,471766101,390007244
5015.47,5063082.48,6913868.07,1535004.00,1850785.59,2142.94,2142.94,2161.50,0.00,3772900172.93,6336039770.28,0.00,0.00,0.00,0.00,183969745,721156986,471766101,391022383
5017.47,5065722.58,6916508.18,1537625.98,1850785.59,2640.11,2640.11,2621.97,0.00,3772900172.93,6336039770.28,0.00,0.00,0.00,0.00,184119369,721683229,471766101,391022383
5019.47,5067956.25,6919983.67,1537941.23,1852027.42,2233.67,3475.50,315.25,1241.83,3772900172.93,6336039770.28,0.00,0.00,0.00,0.00,183326912,722127967,471766101,391941921
5021.47,5070456.06,6924317.46,1537941.23,1853861.40,2499.81,4333.79,0.00,1833.98,3772900172.93,6336039770.28,0.00,0.00,0.00,0.00,183473047,722621784,471766101,391941921
5023.47,5072787.28,6928385.13,1537941.23,1855597.85,2331.21,4067.66,0.00,1736.45,3772900172.93,6336039770.28,0.00,0.00,0.00,0.00,183688805,723002817,472735287,391941921
5025.47,5075316.12,6932810.38,1537941.23,1857494.26,2528.84,4425.25,0.00,1896.41,3772900172.93,6336039770.28,0.00,0.00,0.00,0.00,183916027,723422978,472735287,391941921
5027.47,5077831.25,6936946.97,1537941.23,1859115.72,2515.13,4136.59,0.00,1621.46,3772900172.93,6336039770.28,0.00,0.00,0.00,0.00,184145909,723836969,473702141,391941921
5029.47,5080258.49,6941288.86,1537941.23,1861030.38,2427.24,4341.89,0.00,1914.65,3772900172.93,6336039770.28,0.00,0.00,0.00,0.00,184260565,724343687,473702141,391941921
5031.47,5082679.53,6945367.48,1537941.23,1862687.95,2421.04,4078.62,0.00,1657.58,3772900172.93,6336039770.28,0.00,0.00,0.00,0.00,184405162,724818876,474689795,391941921
5033.47,5085236.39,6949771.56,1537941.23,1864535.17,2556.87,4404.08,0.00,1847.21,3772900172.93,6336039770.28,0.00,0.00,0.00,0.00,184567464,725311132,474689795,391941921
5035.47,5087650.81,6953996.48,1537941.23,1866345.68,2414.41,4224.92,0.00,1810.51,3772900172.93,6336039770.28,0.00,0.00,0.00,0.00,184771770,725724916,475676234,391941921
5037.47,5090373.47,6958453.40,1537941.23,1868079.93,2722.66,4456.91,0.00,1734.25,3772900172.93,6336039770.28,0.00,0.00,0.00,0.00,185003122,726190565,475676234,391941921
5039.53,5092667.55,6962730.00,1537941.23,1870062.45,2294.09,4276.60,0.00,1982.52,3772900172.93,6336039770.28,0.00,0.00,0.00,0.00,185178485,726602488,476690572,391941921
5041.53,5093376.06,6965464.15,1537941.23,1872088.09,708.50,2734.15,0.00,2025.65,3772900172.93,6336039770.28,0.00,0.00,0.00,0.00,185204094,726758256,476690572,391941921
5043.53,5094762.05,6968723.39,1537941.23,1873961.34,1386.00,3259.24,0.00,1873.25,3772900172.93,6336039770.28,0.00,0.00,0.00,0.00,185294631,727022534,477464487,391941921
5045.53,5097288.35,6973254.64,1537941.23,1875966.29,2526.29,4531.24,0.00,2004.95,3772900172.93,6336039770.28,0.00,0.00,0.00,0.00,185435957,727527939,477464487,391941921
5047.53,5099520.02,6977292.59,1537941.23,1877772.57,2231.68,4037.95,0.00,1806.28,3772900172.93,6336039770.28,0.00,0.00,0.00,0.00,185583330,727951875,478459361,391941921
5049.53,5099520.02,6979738.51,1537941.23,1880218.48,0.00,2445.92,0.00,2445.92,3772900172.93,6336039770.28,0.00,0.00,0.00,0.00,185583330,727951875,478459361,391941921
5051.53,5099520.02,6982071.14,1537941.23,1882551.11,0.00,2332.63,0.00,2332.63,3773887138.93,6337058583.61,986965.99,1018813.32,0.00,0.00,185583330,727951875,478459361,391941921
5053.53,5099654.53,6984403.58,1537941.23,1884749.05,134.51,2332.44,0.00,2197.93,3773887138.93,6337058583.61,0.00,0.00,0.00,0.00,185587410,727982229,480433874,391941921
5055.53,5102163.32,6988819.61,1537941.23,1886656.29,2508.79,4416.03,0.00,1907.24,3773887138.93,6337058583.61,0.00,0.00,0.00,0.00,185791382,728420506,480433874,391941921
5057.53,5104830.42,6993329.55,1537941.23,1888499.13,2667.10,4509.94,0.00,1842.84,3773887138.93,6337058583.61,0.00,0.00,0.00,0.00,186001669,728892997,480433874,391941921
5059.53,5105664.06,6996275.04,1537941.23,1890610.98,833.64,2945.49,0.00,2111.85,3773887138.93,6337058583.61,0.00,0.00,0.00,0.00,186091163,729016915,481424028,391941921
5061.53,5105664.06,6998519.64,1537941.23,1892855.58,0.00,2244.60,0.00,2244.60,3773887138.93,6337058583.61,0.00,0.00,0.00,0.00,186091163,729016915,481424028,391941921
5063.53,5105664.06,7000891.54,1537941.23,1895227.48,0.00,2371.90,0.00,2371.90,3773887138.93,6337058583.61,0.00,0.00,0.00,0.00,186091163,729016915,481424028,391941921
5065.53,5106841.30,7004098.62,1537941.23,1897257.32,1177.24,3207.08,0.00,2029.84,3773887138.93,6337058583.61,0.00,0.00,0.00,0.00,186170722,729238729,483438417,391941921
5067.53,5109364.61,7008418.48,1537941.23,1899053.86,2523.32,4319.86,0.00,1796.54,3773887138.93,6337058583.61,0.00,0.00,0.00,0.00,186392249,729663171,483438417,391941921
5069.53,5111854.32,7012597.57,1537941.23,1900743.25,2489.70,4179.09,0.00,1689.39,3773887138.93,6337058583.61,0.00,0.00,0.00,0.00,186608382,730084402,484319280,391941921
5071.53,5114487.93,7017193.63,1537941.23,1902705.70,2633.61,4596.06,0.00,1962.45,3773887138.93,6337058583.61,0.00,0.00,0.00,0.00,186831657,730535331,484319280,391941921
5073.53,5116831.96,7021318.13,1537941.23,1904486.17,2344.03,4124.50,0.00,1780.47,3773887138.93,6337058583.61,0.00,0.00,0.00,0.00,187026091,730940969,485368942,391941921
5075.53,5117952.01,7024482.19,1537941.23,1906530.18,1120.05,3164.06,0.00,2044.01,3773887138.93,6337058583.61,0.00,0.00,0.00,0.00,187136725,731117069,485368942,391941921
5077.53,5119365.86,7027731.77,1537941.23,1908365.91,1413.85,3249.58,0.00,1835.73,3773887138.93,6337058583.61,0.00,0.00,0.00,0.00,187260761,731354978,486265541,391941921
5079.53,5121890.83,7032023.23,1537941.23,1910132.40,2524.97,4291.46,0.00,1766.49,3773887138.93,6337058583.61,0.00,0.00,0.00,0.00,187490427,731771705,486265541,391941921
5081.53,5124096.00,7035940.74,1537941.23,1911844.73,2205.17,3917.50,0.00,1712.33,3773887138.93,6337058583.61,0.00,0.00,0.00,0.00,187674292,732152364,487127378,391941921
5083.53,5124096.00,7038390.56,1537941.23,1914294.56,0.00,2449.82,0.00,2449.82,3773887138.93,6337058583.61,0.00,0.00,0.00,0.00,187674292,732152364,487127378,391941921
5085.53,5124096.00,7040488.39,1537941.23,1916392.39,0.00,2097.83,0.00,2097.83,3773887138.93,6337058583.61,0.00,0.00,0.00,0.00,187674292,732152364,487127378,391941921
5087.53,5125016.58,7043253.48,1537941.23,1918236.91,920.57,2765.09,0.00,1844.52,3773887138.93,6337058583.61,0.00,0.00,0.00,0.00,187775243,732287080,488877892,391941921
5089.53,5127583.81,7047751.11,1537941.23,1920167.29,2567.23,4497.62,0.00,1930.39,3773887138.93,6337058583.61,0.00,0.00,0.00,0.00,188008309,732711226,488877892,391941921
5091.53,5130116.29,7051849.14,1537941.23,1921732.86,2532.47,4098.04,0.00,1565.57,3773887138.93,6337058583.61,0.00,0.00,0.00,0.00,188242310,733125538,489743220,391941921
5093.53,5130240.05,7054432.45,1537941.23,1924192.40,123.76,2583.30,0.00,2459.54,3773887138.93,6337058583.61,0.00,0.00,0.00,0.00,188263692,733135839,489743220,391941921
5095.53,5130240.05,7056605.61,1537941.23,1926365.56,0.00,2173.16,0.00,2173.16,3773887138.93,6337058583.61,0.00,0.00,0.00,0.00,188263692,733135839,489743220,391941921
5097.60,5130241.05,7058869.95,1537941.23,1928628.91,1.00,2264.34,0.00,2263.34,3773887138.93,6337058583.61,0.00,0.00,0.00,0.00,188263890,733135897,491680921,391941921
5099.60,5132748.86,7063292.98,1537941.23,1930544.12,2507.81,4423.02,0.00,1915.21,3773887138.93,6337058583.61,0.00,0.00,0.00,0.00,188423786,733618001,491680921,391941921
5101.60,5135288.25,7067649.30,1537941.23,1932361.05,2539.39,4356.32,0.00,1816.93,3773887138.93,6337058583.61,0.00,0.00,0.00,0.00,188591629,734100243,492621804,391941921
5103.60,5136384.01,7070823.95,1537941.23,1934439.94,1095.75,3174.65,0.00,2078.89,3773887138.93,6337058583.61,0.00,0.00,0.00,0.00,188643704,734328681,492621804,391941921
5105.60,5136384.01,7073267.00,1537941.23,1936883.00,0.00,2443.05,0.00,2443.05,3773887138.93,6337058583.61,0.00,0.00,0.00,0.00,188643704,734328681,492621804,391941921
5107.60,5136384.01,7075529.04,1537941.23,1939145.03,0.00,2262.03,0.00,2262.03,3773887138.93,6337058583.61,0.00,0.00,0.00,0.00,188643704,734328681,492621804,391941921
5109.60,5136384.01,7077988.15,1537941.23,1941604.14,0.00,2459.11,0.00,2459.11,3773887138.93,6337058583.61,0.00,0.00,0.00,0.00,188643704,734328681,492621804,391941921
5111.60,5137534.29,7081143.64,1537941.23,1943609.35,1150.28,3155.49,0.00,2005.21,3773887138.93,6337058583.61,0.00,0.00,0.00,0.00,188673184,734593673,495323352,391941921
5113.60,5140018.08,7085483.00,1537941.23,1945464.92,2483.79,4339.36,0.00,1855.57,3773887138.93,6337058583.61,0.00,0.00,0.00,0.00,188883407,735019300,495323352,391941921
5115.60,5142420.16,7089617.59,1537941.23,1947197.43,2402.09,4134.59,0.00,1732.51,3773887138.93,6337058583.61,0.00,0.00,0.00,0.00,189063601,735454040,496257623,391941921
5117.60,5142528.02,7092035.19,1537941.23,1949507.17,107.86,2417.60,0.00,2309.75,3773887138.93,6337058583.61,0.00,0.00,0.00,0.00,189079185,735466067,496257623,391941921
5119.60,5142528.02,7094345.18,1537941.23,1951817.16,0.00,2309.98,0.00,2309.98,3773887138.93,6337058583.61,0.00,0.00,0.00,0.00,189079185,735466067,496257623,391941921
5121.60,5142579.85,7096591.78,1537941.23,1954011.93,51.83,2246.60,0.00,2194.77,3773887138.93,6337058583.61,0.00,0.00,0.00,0.00,189088660,735469860,498171081,391941921
5123.60,5145087.06,7100939.04,1537941.23,1955851.98,2507.21,4347.26,0.00,1840.05,3773887138.93,6337058583.61,0.00,0.00,0.00,0.00,189303755,735896611,498171081,391941921
5125.60,5147748.20,7105482.86,1537941.23,1957734.65,2661.14,4543.82,0.00,1882.67,3773887138.93,6337058583.61,0.00,0.00,0.00,0.00,189539361,736342258,498171081,391941921
5127.60,5150272.73,7109673.97,1537941.23,1959401.25,2524.52,4191.12,0.00,1666.59,3773887138.93,6337058583.61,0.00,0.00,0.00,0.00,189768918,736758979,499139013,391941921
5129.60,5152842.40,7114032.73,1537941.23,1961190.34,2569.67,4358.76,0.00,1789.09,3773887138.93,6337058583.61,0.00,0.00,0.00,0.00,189980440,737205293,499775655,391941921
5131.60,5155546.28,7118566.05,1537941.23,1963019.77,2703.88,4533.31,0.00,1829.43,3773887138.93,6337058583.61,0.00,0.00,0.00,0.00,190231398,737646529,499775655,391941921
5133.60,5158063.14,7122869.87,1537941.23,1964806.72,2516.86,4303.82,0.00,1786.96,3773887138.93,6337058583.61,0.00,0.00,0.00,0.00,190447622,738074622,500603548,391941921
5135.60,5160755.97,7127379.00,1537941.23,1966623.03,2692.82,4509.13,0.00,1816.31,3773887138.93,6337058583.61,0.00,0.00,0.00,0.00,190681784,738529823,500603548,391941921
5137.60,5162959.45,7131255.89,1537941.23,1968296.45,2203.48,3876.89,0.00,1673.41,3773887138.93,6337058583.61,0.00,0.00,0.00,0.00,191044606,738731091,501449144,391941921
5139.60,5165473.40,7135382.53,1537941.23,1969909.12,2513.96,4126.64,0.00,1612.68,3773887138.93,6337058583.61,0.00,0.00,0.00,0.00,191371229,739048041,501449144,391941921
5141.60,5167104.01,7139114.33,1537941.23,1972010.32,1630.61,3731.80,0.00,2101.20,3773887138.93,6337058583.61,0.00,0.00,0.00,0.00,191523660,739313045,502222853,391941921
5143.60,5167104.01,7141544.50,1537941.23,1974440.50,0.00,2430.17,0.00,2430.17,3773887138.93,6337058583.61,0.00,0.00,0.00,0.00,191523660,739313045,502222853,391941921
5145.60,5167104.01,7143643.54,1537941.23,1976539.53,0.00,2099.04,0.00,2099.04,3773887138.93,6337058583.61,0.00,0.00,0.00,0.00,191523660,739313045,502222853,391941921
5147.60,5168588.23,7146852.24,1537941.23,1978264.00,1484.23,3208.70,0.00,1724.47,3773887138.93,6337058583.61,0.00,0.00,0.00,0.00,191639427,739577240,504082427,391941921
5149.60,5171104.63,7151107.14,1537941.23,1980002.51,2516.40,4254.91,0.00,1738.51,3773887138.93,6337058583.61,0.00,0.00,0.00,0.00,191819294,740041571,504082427,391941921
5151.60,5173248.02,7154991.61,1537941.23,1981743.59,2143.39,3884.46,0.00,1741.07,3773887138.93,6337058583.61,0.00,0.00,0.00,0.00,192005033,740404540,504882869,391941921
5153.60,5173644.95,7157336.57,1537941.23,1983691.62,396.93,2344.96,0.00,1948.03,3773887138.93,6337058583.61,0.00,0.00,0.00,0.00,192056227,740454959,505629290,391941921
5155.60,5176151.38,7161619.03,1537941.23,1985467.65,2506.43,4282.46,0.00,1776.04,3773887138.93,6337058583.61,0.00,0.00,0.00,0.00,192262326,740890505,505629290,391941921
5157.60,5178586.82,7165740.54,1537941.23,1987153.72,2435.45,4121.52,0.00,1686.07,3773887138.93,6337058583.61,0.00,0.00,0.00,0.00,192449621,741326685,506390683,391941921
5159.60,5179392.05,7168866.44,1537941.23,1989474.39,805.22,3125.89,0.00,2320.67,3773887138.93,6337058583.61,0.00,0.00,0.00,0.00,192497712,741484731,506390683,391941921
5161.60,5179392.05,7171022.68,1537941.23,1991630.63,0.00,2156.24,0.00,2156.24,3773887138.93,6337058583.61,0.00,0.00,0.00,0.00,192497712,741484731,506390683,391941921
5163.60,5180301.75,7173892.72,1537941.23,1993590.97,909.71,2870.04,0.00,1960.34,3773887138.93,6337058583.61,0.00,0.00,0.00,0.00,192561137,741654191,508051905,391941921
5165.60,5182807.52,7178053.04,1537941.23,1995245.52,2505.77,4160.32,0.00,1654.55,3773887138.93,6337058583.61,0.00,0.00,0.00,0.00,192703525,742153279,508051905,391941921
5167.60,5185303.66,7182274.55,1537941.23,1996970.89,2496.14,4221.52,0.00,1725.37,3773887138.93,6337058583.61,0.00,0.00,0.00,0.00,192792056,742703761,508846505,391941921
5169.60,5187932.50,7186884.18,1537941.23,1998951.68,2628.84,4609.62,0.00,1980.79,3773887138.93,6337058583.61,0.00,0.00,0.00,0.00,192994747,743174053,508846505,391941921
5171.60,5190317.35,7189429.86,1540319.67,1999112.51,2384.85,2545.68,2378.44,160.83,3773887138.93,6337058583.61,0.00,0.00,0.00,0.00,193162057,743617264,509614277,391941921
5173.60,5192599.68,7191712.18,1542642.22,1999112.51,2282.32,2282.32,2322.55,0.00,3773887138.93,6337058583.61,0.00,0.00,0.00,0.00,192588622,744059703,509614277,392657192
5175.83,5194994.28,7194106.79,1545181.00,1999112.51,2394.60,2394.60,2538.77,0.00,3773887138.93,6337058583.61,0.00,0.00,0.00,0.00,191576010,744547223,509614277,393795302
5177.83,5197524.58,7196637.09,1547686.01,1999112.51,2530.30,2530.30,2505.01,0.00,3773887138.93,6337058583.61,0.00,0.00,0.00,0.00,191684341,745086649,509614277,393795302
5179.83,5199807.68,7198920.18,1550005.38,1999112.51,2283.10,2283.10,2319.38,0.00,3773887138.93,6337058583.61,0.00,0.00,0.00,0.00,191119112,745497359,509614277,394534294
5181.96,5202120.39,7201232.90,1552390.48,1999112.51,2312.71,2312.71,2385.09,0.00,3773887138.93,6337058583.61,0.00,0.00,0.00,0.00,190193204,745908687,509614277,395640929
5183.96,5204667.02,7203779.53,1554982.85,1999112.51,2546.63,2546.63,2592.38,0.00,3773887138.93,6337058583.61,0.00,0.00,0.00,0.00,190384769,746369059,509614277,395640929
5185.96,5206818.42,7205930.93,1557146.26,1999112.51,2151.40,2151.40,2163.41,0.00,3773887138.93,6337058583.61,0.00,0.00,0.00,0.00,189559538,746768425,509614277,396617553
5188.07,5209275.27,7208387.78,1559528.12,1999112.51,2456.85,2456.85,2381.87,0.00,3773887138.93,6337058583.61,0.00,0.00,0.00,0.00,188903875,747202517,509614277,397468078
5190.07,5211851.16,7210963.67,1562178.07,1999112.51,2575.89,2575.89,2649.95,0.00,3773887138.93,6337058583.61,0.00,0.00,0.00,0.00,189125376,747640443,509614277,397468078
5192.07,5214371.02,7213483.53,1564829.33,1999112.51,2519.86,2519.86,2651.25,0.00,3773887138.93,6337058583.61,0.00,0.00,0.00,0.00,189358077,748052826,509614277,397468078
5194.07,5216343.52,7216389.63,1565342.45,2000046.11,1972.50,2906.10,513.12,933.61,3773887138.93,6337058583.61,0.00,0.00,0.00,0.00,188040149,748390778,509614277,398953013
5196.07,5218827.72,7220707.41,1565342.45,2001879.69,2484.21,4317.79,0.00,1833.58,3773887138.93,6337058583.61,0.00,0.00,0.00,0.00,188297923,748768961,509614277,398953013
5198.07,5221160.67,7224736.48,1565342.45,2003575.80,2332.95,4029.06,0.00,1696.11,3773887138.93,6337058583.61,0.00,0.00,0.00,0.00,188416587,749247532,510505911,398953013
5200.07,5223647.46,7229160.21,1565342.45,2005512.75,2486.79,4423.73,0.00,1936.95,3773887138.93,6337058583.61,0.00,0.00,0.00,0.00,188543914,749756823,510505911,398953013
5202.07,5226135.66,7233343.24,1565342.45,2007207.58,2488.20,4183.03,0.00,1694.83,3773887138.93,6337058583.61,0.00,0.00,0.00,0.00,188771891,750165824,511468705,398953013
5204.07,5228668.90,7237746.25,1565342.45,2009077.35,2533.25,4403.01,0.00,1869.77,3773887138.93,6337058583.61,0.00,0.00,0.00,0.00,189006626,750579600,511468705,398953013
5206.07,5231147.02,7241840.11,1565342.45,2010693.09,2478.11,4093.86,0.00,1615.74,3773887138.93,6337058583.61,0.00,0.00,0.00,0.00,189200933,751019690,512334928,398953013
5208.07,5233791.05,7246286.64,1565342.45,2012495.59,2644.04,4446.54,0.00,1802.50,3773887138.93,6337058583.61,0.00,0.00,0.00,0.00,189339762,751557734,512334928,398953013
5210.07,5236301.49,7249596.67,1566765.84,2013295.18,2510.44,3310.03,1423.38,799.59,3773887138.93,6337058583.61,0.00,0.00,0.00,0.00,189486731,752053438,513239604,398953013
5212.07,5238831.21,7252126.39,1569390.74,2013295.18,2529.72,2529.72,2624.90,0.00,3773887138.93,6337058583.61,0.00,0.00,0.00,0.00,189759436,752428342,513239604,398953013
5214.07,5240939.99,7254235.17,1571437.26,2013295.18,2108.78,2108.78,2046.52,0.00,3773887138.93,6337058583.61,0.00,0.00,0.00,0.00,188803305,752768768,513239604,400108565
5216.07,5243181.42,7256476.60,1573733.15,2013295.18,2241.43,2241.43,2295.89,0.00,3773887138.93,6337058583.61,0.00,0.00,0.00,0.00,188274434,753114508,513239604,400865502
5218.07,5245723.21,7259018.39,1576340.35,2013295.18,2541.79,2541.79,2607.20,0.00,3773887138.93,6337058583.61,0.00,0.00,0.00,0.00,188619914,753419727,513239604,400865502
5220.07,5247868.29,7261163.47,1578509.61,2013295.18,2145.08,2145.08,2169.26,0.00,3773887138.93,6337058583.61,0.00,0.00,0.00,0.00,187728250,753801440,513239604,401924593
5222.07,5250390.65,7263685.83,1581124.75,2013295.18,2522.36,2522.36,2615.14,0.00,3773887138.93,6337058583.61,0.00,0.00,0.00,0.00,187965436,754209977,513239604,401924593
5224.07,5252460.51,7265755.69,1583224.62,2013295.18,2069.86,2069.86,2099.87,0.00,3773887138.93,6337058583.61,0.00,0.00,0.00,0.00,186909733,754534201,513239604,403185957
5226.07,5254959.80,7268254.98,1585867.67,2013295.18,2499.29,2499.29,2643.05,0.00,3773887138.93,6337058583.61,0.00,0.00,0.00,0.00,187157063,754926689,513239604,403185957
5228.07,5257096.88,7270392.06,1587972.22,2013295.18,2137.08,2137.08,2104.55,0.00,3773887138.93,6337058583.61,0.00,0.00,0.00,0.00,186329160,755236045,513239604,404251597
5230.07,5259259.02,7272554.20,1590227.62,2013295.18,2162.13,2162.13,2255.40,0.00,3773887138.93,6337058583.61,0.00,0.00,0.00,0.00,185661371,755575091,513239604,405133846
5232.07,5261820.20,7275115.38,1592850.45,2013295.18,2561.18,2561.18,2622.82,0.00,3773887138.93,6337058583.61,0.00,0.00,0.00,0.00,185928524,755963601,513239604,405133846
5234.07,5263826.98,7277567.62,1594216.24,2013740.65,2006.78,2452.25,1365.79,445.47,3773887138.93,6337058583.61,0.00,0.00,0.00,0.00,184928412,756268715,513239604,406342579
5236.07,5266541.60,7282226.22,1594216.24,2015684.62,2714.62,4658.60,0.00,1943.97,3773887138.93,6337058583.61,0.00,0.00,0.00,0.00,185176929,756715142,513239604,406342579
5238.07,5268907.41,7286261.93,1594216.24,2017354.52,2365.81,4035.71,0.00,1669.90,3773887138.93,6337058583.61,0.00,0.00,0.00,0.00,185402956,757094762,514250554,406342579
5240.07,5271413.62,7290643.14,1594216.24,2019229.52,2506.21,4381.21,0.00,1875.00,3773887138.93,6337058583.61,0.00,0.00,0.00,0.00,185693931,757445376,514250554,406342579
5242.07,5273773.09,7294749.32,1594216.24,2020976.23,2359.48,4106.18,0.00,1746.71,3773887138.93,6337058583.61,0.00,0.00,0.00,0.00,185916717,757826616,515121459,406342579
5244.07,5276241.39,7299027.79,1594216.24,2022786.39,2468.30,4278.46,0.00,1810.16,3773887138.93,6337058583.61,0.00,0.00,0.00,0.00,186144660,758230558,515121459,406342579
5246.07,5278621.41,7303154.10,1594216.24,2024532.68,2380.02,4126.31,0.00,1746.29,3773887138.93,6337058583.61,0.00,0.00,0.00,0.00,186377789,758606714,516058095,406342579
5248.07,5281366.73,7307620.84,1594216.24,2026254.10,2745.32,4466.74,0.00,1721.42,3773887138.93,6337058583.61,0.00,0.00,0.00,0.00,186635830,759051475,516058095,406342579
5250.07,5283643.59,7311627.22,1594216.24,2027983.63,2276.86,4006.39,0.00,1729.53,3773887138.93,6337058583.61,0.00,0.00,0.00,0.00,186844171,759426010,516988861,406342579
5252.07,5286328.37,7316038.09,1594216.24,2029709.72,2684.77,4410.87,0.00,1726.09,3773887138.93,6337058583.61,0.00,0.00,0.00,0.00,187071426,759886057,516988861,406342579
5254.07,5288574.70,7320063.81,1594216.24,2031489.11,2246.34,4025.72,0.00,1779.38,3773887138.93,6337058583.61,0.00,0.00,0.00,0.00,187231939,760300606,517888990,406342579
5256.07,5291255.04,7324404.16,1594216.24,2033149.12,2680.34,4340.35,0.00,1660.01,3773887138.93,6337058583.61,0.00,0.00,0.00,0.00,187369345,760849367,517888990,406342579
5258.08,5293792.06,7328476.04,1594216.24,2034683.98,2537.02,4071.88,0.00,1534.86,3773887138.93,6337058583.61,0.00,0.00,0.00,0.00,187554087,761314102,518708837,406342579
5260.08,5296443.07,7332984.02,1594216.24,2036540.96,2651.00,4507.98,0.00,1856.98,3773887138.93,6337058583.61,0.00,0.00,0.00,0.00,187795544,761751302,518708837,406342579
5262.08,5299129.43,7337508.30,1594216.24,2038378.87,2686.36,4524.27,0.00,1837.91,3773887138.93,6337058583.61,0.00,0.00,0.00,0.00,188017473,762217082,518708837,406342579
5264.08,5301608.81,7341766.60,1594216.24,2040157.79,2479.38,4258.30,0.00,1778.92,3773887138.93,6337058583.61,0.00,0.00,0.00,0.00,188214339,762654938,519685494,406342579
5266.08,5304277.41,7346351.92,1594216.24,2042074.51,2668.59,4585.32,0.00,1916.73,3773887138.93,6337058583.61,0.00,0.00,0.00,0.00,188464124,763088313,519685494,406342579
5268.08,5306752.46,7350525.93,1594216.24,2043773.47,2475.05,4174.01,0.00,1698.96,3773887138.93,6337058583.61,0.00,0.00,0.00,0.00,188687857,763498193,520678333,406342579
5270.08,5308514.86,7354080.39,1594216.24,2045565.54,1762.40,3554.46,0.00,1792.06,3773887138.93,6337058583.61,0.00,0.00,0.00,0.00,188830637,763806588,521476460,406342579
5272.08,5311232.83,7358500.79,1594216.24,2047267.96,2717.97,4420.39,0.00,1702.42,3773887138.93,6337058583.61,0.00,0.00,0.00,0.00,189077666,764255360,521476460,406342579
5274.08,5313631.46,7362673.24,1594216.24,2049041.79,2398.62,4172.45,0.00,1773.83,3773887138.93,6337058583.61,0.00,0.00,0.00,0.00,189349408,764597666,522268510,406342579
5276.08,5314560.04,7365637.30,1594216.24,2051077.26,928.59,2964.06,0.00,2035.47,3773887138.93,6337058583.61,0.00,0.00,0.00,0.00,189464014,764720778,522268510,406342579
5278.08,5314560.04,7367621.66,1594216.24,2053061.62,0.00,1984.36,0.00,1984.36,3773887138.93,6337058583.61,0.00,0.00,0.00,0.00,189464014,764720778,522268510,406342579
5280.08,5315130.46,7370061.07,1594216.24,2054930.61,570.42,2439.41,0.00,1868.99,3773887138.93,6337058583.61,0.00,0.00,0.00,0.00,189534035,764796784,523804251,406342579
5282.08,5317609.59,7374104.80,1594216.24,2056495.21,2479.12,4043.73,0.00,1564.60,3773887138.93,6337058583.61,0.00,0.00,0.00,0.00,189872733,765092742,523804251,406342579
5284.08,5320174.36,7378288.99,1594216.24,2058114.63,2564.77,4184.19,0.00,1619.42,3773887138.93,6337058583.61,0.00,0.00,0.00,0.00,190252943,765369114,524497509,406342579
5286.08,5322887.96,7382696.79,1594216.24,2059808.82,2713.60,4407.80,0.00,1694.20,3773887138.93,6337058583.61,0.00,0.00,0.00,0.00,190614107,765702632,524497509,406342579
5288.08,5325421.96,7386877.69,1594216.24,2061455.73,2534.00,4180.90,0.00,1646.90,3773887138.93,6337058583.61,0.00,0.00,0.00,0.00,190961866,766003577,525393619,406342579
5290.08,5326848.03,7390251.48,1594216.24,2063403.46,1426.07,3373.80,0.00,1947.73,3773887138.93,6337058583.61,0.00,0.00,0.00,0.00,191175560,766154956,525393619,406342579
5292.08,5328576.64,7393742.17,1594216.24,2065165.52,1728.62,3490.68,0.00,1762.07,3773887138.93,6337058583.61,0.00,0.00,0.00,0.00,191274269,766498773,526226377,406342579
5294.08,5331123.30,7398077.37,1594216.24,2066954.07,2546.65,4335.20,0.00,1788.55,3773887138.93,6337058583.61,0.00,0.00,0.00,0.00,191437054,766987931,526226377,406342579
5296.08,5332992.01,7401813.01,1594216.24,2068821.00,1868.71,3735.64,0.00,1866.93,3773887138.93,6337058583.61,0.00,0.00,0.00,0.00,191610016,767293360,527137115,406342579
5298.08,5332992.01,7404147.95,1594216.24,2071155.94,0.00,2334.94,0.00,2334.94,3773887138.93,6337058583.61,0.00,0.00,0.00,0.00,191610016,767293360,527137115,406342579
5300.08,5335295.87,7406624.98,1596488.19,2071329.11,2303.86,2477.03,2271.95,173.17,3773887138.93,6337058583.61,0.00,0.00,0.00,0.00,191847127,767646036,528086423,406342579
5302.08,5337554.40,7408883.51,1598780.09,2071329.11,2258.53,2258.53,2291.90,0.00,3773887138.93,6337058583.61,0.00,0.00,0.00,0.00,191335878,767980800,528086423,407097248
5304.08,5339776.86,7411105.96,1601061.76,2071329.11,2222.46,2222.46,2281.68,0.00,3773887138.93,6337058583.61,0.00,0.00,0.00,0.00,190766637,768341917,528086423,407874321
5306.08,5342314.30,7413643.41,1603662.70,2071329.11,2537.45,2537.45,2600.93,0.00,3773887138.93,6337058583.61,0.00,0.00,0.00,0.00,191257520,768500620,528086423,407874321
5308.08,5344443.52,7415772.62,1605821.38,2071329.11,2129.21,2129.21,2158.68,0.00,3773887138.93,6337058583.61,0.00,0.00,0.00,0.00,190439697,768868486,528086423,408869357
5310.08,5346669.25,7417998.36,1608010.47,2071329.11,2225.74,2225.74,2189.09,0.00,3773887138.93,6337058583.61,0.00,0.00,0.00,0.00,189822557,769197518,528086423,409727254
5312.28,5349179.68,7420508.79,1610476.85,2071329.11,2510.42,2510.42,2466.38,0.00,3773887138.93,6337058583.61,0.00,0.00,0.00,0.00,189308407,769576646,528086423,410504944
5314.28,5351687.46,7423016.57,1612992.18,2071329.11,2507.78,2507.78,2515.33,0.00,3773887138.93,6337058583.61,0.00,0.00,0.00,0.00,189564624,769962421,528086423,410504944
5316.28,5353972.49,7425301.60,1615180.02,2071329.11,2285.04,2285.04,2187.84,0.00,3773887138.93,6337058583.61,0.00,0.00,0.00,0.00,189046088,770298374,528086423,411272496
5318.28,5356243.43,7427572.54,1617461.11,2071329.11,2270.94,2270.94,2281.08,0.00,3773887138.93,6337058583.61,0.00,0.00,0.00,0.00,188530786,770666064,528086423,412001468
5320.29,5358373.06,7429702.17,1619555.48,2071329.11,2129.63,2129.63,2094.38,0.00,3773887138.93,6337058583.61,0.00,0.00,0.00,0.00,187961338,770981782,528086423,412800384
5322.28,5360716.78,7433904.24,1619555.48,2073187.46,2343.72,4202.07,0.00,1858.35,3773887138.93,6337058583.61,0.00,0.00,0.00,0.00,188137408,771405704,528086423,412800384
5324.28,5363224.59,7438260.11,1619555.48,2075035.52,2507.81,4355.88,0.00,1848.06,3773887138.93,6337058583.61,0.00,0.00,0.00,0.00,188344246,771840866,528086423,412800384
5326.29,5365781.64,7442417.36,1619555.48,2076635.72,2557.04,4157.25,0.00,1600.20,3773887138.93,6337058583.61,0.00,0.00,0.00,0.00,188510070,772329645,529096674,412800384
5328.29,5368160.03,7446756.64,1619555.48,2078596.61,2378.39,4339.29,0.00,1960.89,3773887138.93,6337058583.61,0.00,0.00,0.00,0.00,188763523,772685061,529096674,412800384
5330.29,5370690.94,7451070.94,1619555.48,2080380.00,2530.91,4314.29,0.00,1783.38,3773887138.93,6337058583.61,0.00,0.00,0.00,0.00,189038259,773058238,530086288,412800384
5332.29,5373045.54,7455403.61,1619555.48,2082358.07,2354.60,4332.68,0.00,1978.08,3773887138.93,6337058583.61,0.00,0.00,0.00,0.00,189257722,773441552,530086288,412800384
5334.29,5375564.48,7459538.31,1619555.48,2083973.82,2518.95,4134.70,0.00,1615.75,3773887138.93,6337058583.61,0.00,0.00,0.00,0.00,189495466,773848658,531104488,412800384
5336.29,5378259.75,7464143.19,1619555.48,2085883.44,2695.27,4604.88,0.00,1909.61,3773887138.93,6337058583.61,0.00,0.00,0.00,0.00,189756120,774277993,531104488,412800384
5338.29,5380766.35,7468256.86,1619555.48,2087490.51,2506.60,4113.67,0.00,1607.07,3773887138.93,6337058583.61,0.00,0.00,0.00,0.00,189981066,774694736,531977948,412800384
5340.29,5383448.41,7472821.34,1619555.48,2089372.93,2682.06,4564.48,0.00,1882.43,3773887138.93,6337058583.61,0.00,0.00,0.00,0.00,190239426,775122983,531977948,412800384
5342.29,5385942.72,7477016.71,1619555.48,2091073.99,2494.31,4195.37,0.00,1701.05,3773887138.93,6337058583.61,0.00,0.00,0.00,0.00,190479985,775520968,532975568,412800384
5344.29,5388611.64,7481660.61,1619555.48,2093048.97,2668.91,4643.89,0.00,1974.98,3773887138.93,6337058583.61,0.00,0.00,0.00,0.00,190711352,775972843,532975568,412800384
5346.29,5391093.73,7485827.57,1619555.48,2094733.85,2482.09,4166.97,0.00,1684.88,3773887138.93,6337058583.61,0.00,0.00,0.00,0.00,190937872,776381738,533984737,412800384
5348.29,5393749.56,7490182.58,1619555.48,2096433.02,2655.84,4355.00,0.00,1699.17,3773887138.93,6337058583.61,0.00,0.00,0.00,0.00,191197084,776802420,533984737,412800384
5350.29,5396328.36,7494375.56,1619555.48,2098047.21,2578.79,4192.98,0.00,1614.19,3773887138.93,6337058583.61,0.00,0.00,0.00,0.00,191446876,777212799,534812812,412800384
5352.29,5398731.79,7498735.82,1619555.48,2100004.03,2403.43,4360.25,0.00,1956.82,3773887138.93,6337058583.61,0.00,0.00,0.00,0.00,191712993,777561961,534812812,412800384
5354.29,5401244.37,7502835.73,1619555.48,2101591.36,2512.58,4099.92,0.00,1587.34,3773887138.93,6337058583.61,0.00,0.00,0.00,0.00,191986796,777931379,535733660,412800384
5356.29,5403938.14,7507179.75,1619555.48,2103241.61,2693.77,4344.01,0.00,1650.25,3773887138.93,6337058583.61,0.00,0.00,0.00,0.00,192350269,778257510,535733660,412800384
5358.29,5406579.84,7511372.48,1619555.48,2104792.64,2641.70,4192.73,0.00,1551.03,3773887138.93,6337058583.61,0.00,0.00,0.00,0.00,192720839,778563216,536573004,412800384
5360.29,5406720.02,7513483.01,1619555.48,2106762.99,140.18,2110.54,0.00,1970.36,3773887138.93,6337058583.61,0.00,0.00,0.00,0.00,192735186,778584755,536573004,412800384
5362.29,5406720.02,7515558.10,1619555.48,2108838.08,0.00,2075.09,0.00,2075.09,3773887138.93,6337058583.61,0.00,0.00,0.00,0.00,192735186,778584755,536573004,412800384
5364.29,5406720.02,7517789.32,1619555.48,2111069.30,0.00,2231.23,0.00,2231.23,3773887138.93,6337058583.61,0.00,0.00,0.00,0.00,192735186,778584755,536573004,412800384
5366.29,5406720.02,7520232.89,1619555.48,2113512.87,0.00,2443.56,0.00,2443.56,3773887138.93,6337058583.61,0.00,0.00,0.00,0.00,192735186,778584755,536573004,412800384
5368.29,5408544.53,7523865.63,1619555.48,2115321.10,1824.51,3632.74,0.00,1808.23,3773887138.93,6337058583.61,0.00,0.00,0.00,0.00,192991637,778795379,539050430,412800384
5370.29,5411037.95,7528072.32,1619555.48,2117034.37,2493.42,4206.69,0.00,1713.27,3773887138.93,6337058583.61,0.00,0.00,0.00,0.00,193336322,779089009,539050430,412800384
5372.29,5412864.05,7531519.57,1619555.48,2118655.52,1826.10,3447.25,0.00,1621.15,3773887138.93,6337058583.61,0.00,0.00,0.00,0.00,193569938,779322874,539863872,412800384
5374.29,5413783.14,7534198.36,1619555.48,2120415.21,919.09,2678.79,0.00,1759.69,3773887138.93,6337058583.61,0.00,0.00,0.00,0.00,193691950,779436150,540510314,412800384
5376.29,5416302.41,7538478.54,1619555.48,2122176.12,2519.27,4280.18,0.00,1760.91,3773887138.93,6337058583.61,0.00,0.00,0.00,0.00,193936094,779836939,540510314,412800384
5378.29,5418835.88,7542707.71,1619555.48,2123871.84,2533.47,4229.18,0.00,1695.71,3773887138.93,6337058583.61,0.00,0.00,0.00,0.00,194178852,780242749,541356483,412800384
5380.29,5419008.05,7545340.37,1619555.48,2126332.31,172.18,2632.65,0.00,2460.48,3773887138.93,6337058583.61,0.00,0.00,0.00,0.00,194196796,780268882,541356483,412800384
5382.29,5419008.05,7547673.05,1619555.48,2128664.99,0.00,2332.68,0.00,2332.68,3773887138.93,6337058583.61,0.00,0.00,0.00,0.00,194196796,780268882,541356483,412800384
5384.29,5419405.95,7550145.39,1619555.48,2130739.45,397.89,2472.35,0.00,2074.46,3773887138.93,6337058583.61,0.00,0.00,0.00,0.00,194237821,780329717,543225330,412800384
5386.29,5421918.83,7554405.38,1619555.48,2132486.55,2512.88,4259.98,0.00,1747.10,3773887138.93,6337058583.61,0.00,0.00,0.00,0.00,194471480,780739356,543225330,412800384
5388.29,5424473.18,7558595.82,1619555.48,2134122.64,2554.35,4190.44,0.00,1636.09,3773887138.93,6337058583.61,0.00,0.00,0.00,0.00,194716250,781148499,544115698,412800384
5390.29,5427171.49,7563056.66,1619555.48,2135885.17,2698.32,4460.84,0.00,1762.53,3773887138.93,6337058583.61,0.00,0.00,0.00,0.00,195019116,781536402,544115698,412800384
5392.29,5429696.26,7567199.27,1619555.48,2137503.01,2524.77,4142.61,0.00,1617.84,3773887138.93,6337058583.61,0.00,0.00,0.00,0.00,195352035,781849824,544922430,412800384
5394.29,5432377.63,7571420.28,1619555.48,2139042.65,2681.37,4221.01,0.00,1539.64,3773887138.93,6337058583.61,0.00,0.00,0.00,0.00,195652270,782236019,544922430,412800384
5396.29,5434852.38,7574594.61,1620935.09,2139742.22,2474.75,3174.32,1379.61,699.57,3773887138.93,6337058583.61,0.00,0.00,0.00,0.00,195968701,782553125,545592281,412800384
5398.29,5437238.98,7576981.20,1623366.28,2139742.22,2386.60,2386.60,2431.19,0.00,3773887138.93,6337058583.61,0.00,0.00,0.00,0.00,195649880,782889777,545592281,413393522
5400.29,5439807.71,7579549.93,1625991.75,2139742.22,2568.73,2568.73,2625.47,0.00,3773887138.93,6337058583.61,0.00,0.00,0.00,0.00,195961205,783236046,545592281,413393522
5402.29,5441951.73,7581693.95,1628023.94,2139742.22,2144.02,2144.02,2032.18,0.00,3773887138.93,6337058583.61,0.00,0.00,0.00,0.00,195019984,783526787,545592281,414592871
5404.29,5444272.21,7584014.44,1630289.76,2139742.22,2320.49,2320.49,2265.82,0.00,3773887138.93,6337058583.61,0.00,0.00,0.00,0.00,194543557,783874570,545592281,415315560
5406.29,5446543.50,7586285.73,1632502.12,2139742.22,2271.29,2271.29,2212.36,0.00,3773887138.93,6337058583.61,0.00,0.00,0.00,0.00,194105369,784152364,545592281,416057404
5408.29,5449058.60,7588800.82,1635016.06,2139742.22,2515.10,2515.10,2513.94,0.00,3773887138.93,6337058583.61,0.00,0.00,0.00,0.00,194380340,784521258,545592281,416057404
5410.29,5451300.72,7591042.95,1637310.11,2139742.22,2242.12,2242.12,2294.05,0.00,3773887138.93,6337058583.61,0.00,0.00,0.00,0.00,193889760,784857665,545592281,416785560
5412.29,5453410.32,7593152.55,1639450.41,2139742.22,2109.60,2109.60,2140.29,0.00,3773887138.93,6337058583.61,0.00,0.00,0.00,0.00,193003650,785182011,545592281,417887382
5414.29,5455940.25,7595682.47,1641956.66,2139742.22,2529.92,2529.92,2506.26,0.00,3773887138.93,6337058583.61,0.00,0.00,0.00,0.00,193280327,785552994,545592281,417887382
5416.29,5458131.16,7598810.33,1642647.12,2140679.16,2190.92,3127.86,690.46,936.94,3773887138.93,6337058583.61,0.00,0.00,0.00,0.00,192853532,785788998,545592281,418639048
5418.29,5460641.29,7603039.90,1642647.12,2142398.61,2510.13,4229.57,0.00,1719.45,3773887138.93,6337058583.61,0.00,0.00,0.00,0.00,193218907,786066216,545592281,418639048
5420.29,5463206.91,7607244.14,1642647.12,2144037.22,2565.62,4204.23,0.00,1638.61,3773887138.93,6337058583.61,0.00,0.00,0.00,0.00,193576564,786365358,546465764,418639048
5422.29,5465597.88,7611313.29,1642647.12,2145715.41,2390.96,4069.15,0.00,1678.19,3773887138.93,6337058583.61,0.00,0.00,0.00,0.00,193879884,786674124,546465764,418639048
5424.29,5468128.82,7615354.18,1642647.12,2147225.36,2530.94,4040.89,0.00,1509.95,3773887138.93,6337058583.61,0.00,0.00,0.00,0.00,194138943,787062986,547270810,418639048
5426.29,5470794.73,7619778.52,1642647.12,2148983.79,2665.91,4424.34,0.00,1758.43,3773887138.93,6337058583.61,0.00,0.00,0.00,0.00,194402102,787482301,547270810,418639048
5428.29,5473277.54,7624060.43,1642647.12,2150782.89,2482.80,4281.91,0.00,1799.10,3773887138.93,6337058583.61,0.00,0.00,0.00,0.00,194641052,787878949,548061918,418639048
5430.30,5475916.80,7628369.43,1642647.12,2152452.62,2639.27,4309.00,0.00,1669.73,3773887138.93,6337058583.61,0.00,0.00,0.00,0.00,194898611,788297043,548837167,418639048
5432.30,5478419.14,7632425.46,1642647.12,2154006.32,2502.34,4056.04,0.00,1553.70,3773887138.93,6337058583.61,0.00,0.00,0.00,0.00,195142602,788693650,548837167,418639048
5434.30,5480993.92,7636604.98,1642647.12,2155611.06,2574.78,4179.52,0.00,1604.74,3773887138.93,6337058583.61,0.00,0.00,0.00,0.00,195403063,789092332,549542203,418639048
5436.30,5483395.61,7640706.43,1642647.12,2157310.81,2401.70,4101.45,0.00,1699.75,3773887138.93,6337058583.61,0.00,0.00,0.00,0.00,195624489,789485740,549542203,418639048
5438.30,5485963.75,7644262.77,1643595.79,2158299.02,2568.14,3556.35,948.67,988.21,3773887138.93,6337058583.61,0.00,0.00,0.00,0.00,195880937,789886735,550329183,418639048
5440.31,5488295.03,7646594.05,1645828.41,2158299.02,2331.28,2331.28,2232.62,0.00,3773887138.93,6337058583.61,0.00,0.00,0.00,0.00,195291751,790258322,550329183,419453455
5442.31,5490653.90,7648952.93,1648405.61,2158299.02,2358.87,2358.87,2577.20,0.00,3773887138.93,6337058583.61,0.00,0.00,0.00,0.00,195511718,790642226,550329183,419453455
5444.31,5492913.27,7651212.29,1650565.50,2158299.02,2259.36,2259.36,2159.88,0.00,3773887138.93,6337058583.61,0.00,0.00,0.00,0.00,194738528,791013261,550329183,420434007
5446.31,5495422.25,7653721.27,1653142.34,2158299.02,2508.98,2508.98,2576.85,0.00,3773887138.93,6337058583.61,0.00,0.00,0.00,0.00,194977269,791416819,550329183,420434007
5448.31,5497568.95,7655867.97,1655348.52,2158299.02,2146.70,2146.70,2206.18,0.00,3773887138.93,6337058583.61,0.00,0.00,0.00,0.00,194157799,791754109,550329183,421465743
5450.31,5500077.57,7658376.60,1657954.14,2158299.02,2508.62,2508.62,2605.62,0.00,3773887138.93,6337058583.61,0.00,0.00,0.00,0.00,194411799,792142317,550329183,421465743
5452.31,5502144.17,7660443.20,1660075.26,2158299.02,2066.60,2066.60,2121.12,0.00,3773887138.93,6337058583.61,0.00,0.00,0.00,0.00,193345491,792444228,550329183,422759189
5454.31,5504654.18,7662953.20,1662732.50,2158299.02,2510.00,2510.00,2657.24,0.00,3773887138.93,6337058583.61,0.00,0.00,0.00,0.00,193587342,792844938,550329183,422759189
5456.31,5506584.72,7665393.91,1663918.18,2158809.19,1930.54,2440.71,1185.68,510.17,3773887138.93,6337058583.61,0.00,0.00,0.00,0.00,192457371,793144075,550329183,424084242
5458.31,5509096.19,7669783.46,1663918.18,2160687.27,2511.47,4389.55,0.00,1878.08,3773887138.93,6337058583.61,0.00,0.00,0.00,0.00,192611895,793632487,550329183,424084242
5460.31,5511496.32,7673962.81,1663918.18,2162466.49,2400.13,4179.35,0.00,1779.22,3773887138.93,6337058583.61,0.00,0.00,0.00,0.00,192834586,794024229,551321050,424084242
5462.31,5514064.47,7678103.71,1663918.18,2164039.24,2568.15,4140.90,0.00,1572.75,3773887138.93,6337058583.61,0.00,0.00,0.00,0.00,193103304,794412958,551321050,424084242
5464.31,5516505.08,7682124.12,1663918.18,2165619.04,2440.61,4020.41,0.00,1579.80,3773887138.93,6337058583.61,0.00,0.00,0.00,0.00,193334489,794806570,552001143,424084242
5466.31,5519104.27,7686497.30,1663918.18,2167393.04,2599.18,4373.18,0.00,1774.00,3773887138.93,6337058583.61,0.00,0.00,0.00,0.00,193581529,795224921,552001143,424084242
5468.31,5521519.67,7690694.30,1663918.18,2169174.63,2415.41,4197.00,0.00,1781.59,3773887138.93,6337058583.61,0.00,0.00,0.00,0.00,193812230,795612564,552897729,424084242
5470.31,5524101.64,7695115.27,1663918.18,2171013.62,2581.97,4420.96,0.00,1838.99,3773887138.93,6337058583.61,0.00,0.00,0.00,0.00,194063918,796021860,552897729,424084242
5472.31,5526507.21,7699228.11,1663918.18,2172720.89,2405.57,4112.84,0.00,1707.27,3773887138.93,6337058583.61,0.00,0.00,0.00,0.00,194295928,796405677,553820851,424084242
5474.31,5529076.72,7703497.08,1663918.18,2174420.36,2569.51,4268.97,0.00,1699.46,3773887138.93,6337058583.61,0.00,0.00,0.00,0.00,194548994,796810405,553820851,424084242
5476.31,5531632.63,7706768.90,1665295.64,2175136.27,2555.91,3271.82,1377.46,715.91,3773887138.93,6337058583.61,0.00,0.00,0.00,0.00,194779209,797234502,554637777,424084242
5478.31,5534175.26,7709311.53,1667871.82,2175136.27,2542.63,2542.63,2576.18,0.00,3773887138.93,6337058583.61,0.00,0.00,0.00,0.00,195002925,797661700,554637777,424084242
5480.31,5536305.87,7711442.14,1670047.26,2175136.27,2130.61,2130.61,2175.44,0.00,3773887138.93,6337058583.61,0.00,0.00,0.00,0.00,194095187,797954220,554637777,425244896
5482.31,5538497.21,7713633.48,1672216.88,2175136.27,2191.34,2191.34,2169.62,0.00,3773887138.93,6337058583.61,0.00,0.00,0.00,0.00,193368414,798300129,554637777,426186744
5484.31,5541007.18,7716143.45,1674851.16,2175136.27,2509.96,2509.96,2634.28,0.00,3773887138.93,6337058583.61,0.00,0.00,0.00,0.00,193656783,798654310,554637777,426186744
5486.31,5543124.59,7718260.86,1676985.82,2175136.27,2117.42,2117.42,2134.66,0.00,3773887138.93,6337058583.61,0.00,0.00,0.00,0.00,192730494,798980705,554637777,427328697
5488.31,5545634.77,7720771.04,1679581.28,2175136.27,2510.18,2510.18,2595.45,0.00,3773887138.93,6337058583.61,0.00,0.00,0.00,0.00,192970701,799383103,554637777,427328697
5490.31,5547774.58,7722910.85,1681771.66,2175136.27,2139.81,2139.81,2190.38,0.00,3773887138.93,6337058583.61,0.00,0.00,0.00,0.00,192018329,799727225,554637777,428484738
5492.31,5550284.23,7725420.50,1684380.67,2175136.27,2509.65,2509.65,2609.02,0.00,3773887138.93,6337058583.61,0.00,0.00,0.00,0.00,192301401,800086623,554637777,428484738
5494.31,5552432.97,7727569.24,1686607.59,2175136.27,2148.75,2148.75,2226.91,0.00,3773887138.93,6337058583.61,0.00,0.00,0.00,0.00,191408808,800396769,554637777,429617264
5496.31,5554942.25,7730078.52,1689245.42,2175136.27,2509.27,2509.27,2637.83,0.00,3773887138.93,6337058583.61,0.00,0.00,0.00,0.00,191669369,800778582,554637777,429617264
5498.31,5557089.25,7733045.48,1690084.71,2175956.23,2147.00,2966.96,839.30,819.96,3773887138.93,6337058583.61,0.00,0.00,0.00,0.00,190721392,801129119,554637777,430764337
5500.31,5559598.16,7737378.14,1690084.71,2177779.98,2508.91,4332.66,0.00,1823.75,3773887138.93,6337058583.61,0.00,0.00,0.00,0.00,190963112,801529680,554637777,430764337
5502.31,5562123.80,7741554.99,1690084.71,2179431.19,2525.64,4176.85,0.00,1651.21,3773887138.93,6337058583.61,0.00,0.00,0.00,0.00,191187173,801952182,555597919,430764337
5504.31,5564477.12,7745704.40,1690084.71,2181227.28,2353.32,4149.41,0.00,1796.09,3773887138.93,6337058583.61,0.00,0.00,0.00,0.00,191416222,802325584,555597919,430764337
5506.31,5566992.60,7749807.11,1690084.71,2182814.51,2515.48,4102.71,0.00,1587.23,3773887138.93,6337058583.61,0.00,0.00,0.00,0.00,191649613,802736156,556477326,430764337
5508.31,5569683.19,7754139.40,1690084.71,2184456.21,2690.59,4332.29,0.00,1641.70,3773887138.93,6337058583.61,0.00,0.00,0.00,0.00,191903857,803170703,556477326,430764337
5510.31,5572286.82,7758335.03,1690084.71,2186048.20,2603.63,4195.62,0.00,1591.99,3773887138.93,6337058583.61,0.00,0.00,0.00,0.00,192175617,803565473,557284390,430764337
5512.31,5574997.10,7762683.11,1690084.71,2187686.02,2710.27,4348.09,0.00,1637.81,3773887138.93,6337058583.61,0.00,0.00,0.00,0.00,192472822,803962098,557284390,430764337
5514.31,5577517.32,7766954.87,1690084.71,2189437.55,2520.22,4271.75,0.00,1751.54,3773887138.93,6337058583.61,0.00,0.00,0.00,0.00,192732822,804347274,558077490,430764337
5516.31,5580175.33,7771333.09,1690084.71,2191157.75,2658.02,4378.22,0.00,1720.20,3773887138.93,6337058583.61,0.00,0.00,0.00,0.00,193007570,804752978,558077490,430764337
5518.31,5582648.92,7774795.42,1691160.00,2192146.50,2473.59,3462.34,1075.28,988.75,3773887138.93,6337058583.61,0.00,0.00,0.00,0.00,193261460,805132327,558978064,430764337
5520.50,5585110.05,7777256.55,1693697.31,2192146.50,2461.13,2461.13,2537.32,0.00,3773887138.93,6337058583.61,0.00,0.00,0.00,0.00,192580285,805518726,558978064,431689162
5522.50,5587453.77,7779600.27,1696270.47,2192146.50,2343.72,2343.72,2573.16,0.00,3773887138.93,6337058583.61,0.00,0.00,0.00,0.00,192834288,805864715,558978064,431689162
5524.50,5589599.28,7781745.78,1698491.10,2192146.50,2145.51,2145.51,2220.63,0.00,3773887138.93,6337058583.61,0.00,0.00,0.00,0.00,191961941,806194427,558978064,432781047
5526.50,5591857.98,7784004.48,1700641.11,2192146.50,2258.70,2258.70,2150.02,0.00,3773887138.93,6337058583.61,0.00,0.00,0.00,0.00,191507293,806550598,558978064,433457752
5528.50,5594366.25,7786512.75,1703221.83,2192146.50,2508.27,2508.27,2580.71,0.00,3773887138.93,6337058583.61,0.00,0.00,0.00,0.00,191765111,806934896,558978064,433457752
5530.60,5596652.41,7788798.91,1705628.85,2192146.50,2286.16,2286.16,2407.02,0.00,3773887138.93,6337058583.61,0.00,0.00,0.00,0.00,190988806,807252810,558978064,434501401
5532.60,5599160.19,7791306.69,1708127.67,2192146.50,2507.78,2507.78,2498.82,0.00,3773887138.93,6337058583.61,0.00,0.00,0.00,0.00,191321598,807562010,558978064,434501401
5534.60,5601420.03,7793566.53,1710339.94,2192146.50,2259.84,2259.84,2212.27,0.00,3773887138.93,6337058583.61,0.00,0.00,0.00,0.00,190821507,807874757,558978064,435267264
5536.60,5603662.52,7795809.02,1712655.00,2192146.50,2242.49,2242.49,2315.06,0.00,3773887138.93,6337058583.61,0.00,0.00,0.00,0.00,190366897,808173389,558978064,435997320
5538.60,5606170.38,7798316.88,1715321.02,2192146.50,2507.85,2507.85,2666.02,0.00,3773887138.93,6337058583.61,0.00,0.00,0.00,0.00,190787265,808395031,558978064,435997320
5541.00,5608675.25,7800821.75,1717963.37,2192146.50,2504.88,2504.88,2642.35,0.00,3773887138.93,6337058583.61,0.00,0.00,0.00,0.00,189741976,808605429,558978064,437473459
5543.00,5611200.94,7805113.08,1717963.37,2193912.14,2525.69,4291.33,0.00,1765.64,3773887138.93,6337058583.61,0.00,0.00,0.00,0.00,190178633,808815349,558978064,437473459
5545.00,5613549.95,7809380.77,1717963.37,2195830.82,2349.01,4267.69,0.00,1918.68,3773887138.93,6337058583.61,0.00,0.00,0.00,0.00,190513537,809081792,558978064,437473459
5547.00,5616063.34,7813430.87,1717963.37,2197367.53,2513.39,4050.10,0.00,1536.71,3773887138.93,6337058583.61,0.00,0.00,0.00,0.00,190792945,809445812,560018544,437473459
5549.00,5618730.17,7817749.77,1717963.37,2199019.60,2666.82,4318.89,0.00,1652.07,3773887138.93,6337058583.61,0.00,0.00,0.00,0.00,191066243,809855221,560018544,437473459
5551.00,5621308.35,7821950.86,1717963.37,2200642.52,2578.18,4201.10,0.00,1622.92,3773887138.93,6337058583.61,0.00,0.00,0.00,0.00,191452661,810128817,560753925,437473459
5553.00,5624017.95,7826426.00,1717963.37,2202408.05,2709.61,4475.14,0.00,1765.53,3773887138.93,6337058583.61,0.00,0.00,0.00,0.00,191903036,810372101,560753925,437473459
5555.00,5626538.68,7830525.34,1717963.37,2203986.66,2520.73,4099.34,0.00,1578.61,3773887138.93,6337058583.61,0.00,0.00,0.00,0.00,192325932,810594511,561643440,437473459
5557.00,5629235.17,7834855.28,1717963.37,2205620.11,2696.49,4329.94,0.00,1633.45,3773887138.93,6337058583.61,0.00,0.00,0.00,0.00,192776218,810834526,561643440,437473459
5559.00,5631742.90,7838936.62,1717963.37,2207193.72,2507.73,4081.34,0.00,1573.61,3773887138.93,6337058583.61,0.00,0.00,0.00,0.00,193168195,811084528,562461782,437473459
5561.00,5634426.17,7843290.74,1717963.37,2208864.57,2683.27,4354.12,0.00,1670.86,3773887138.93,6337058583.61,0.00,0.00,0.00,0.00,193471879,811467761,562461782,437473459
5563.00,5636921.61,7847442.24,1717963.37,2210520.64,2495.44,4151.50,0.00,1656.06,3773887138.93,6337058583.61,0.00,0.00,0.00,0.00,193728766,811849706,563285997,437473459
5565.00,5639591.72,7851843.01,1717963.37,2212251.29,2670.12,4400.77,0.00,1730.65,3773887138.93,6337058583.61,0.00,0.00,0.00,0.00,194069480,812192542,563285997,437473459
5567.00,5642206.21,7856009.09,1717963.37,2213802.88,2614.49,4166.09,0.00,1551.59,3773887138.93,6337058583.61,0.00,0.00,0.00,0.00,194474035,812457297,564128644,437473459
5569.00,5644948.39,7860604.22,1717963.37,2215655.83,2742.18,4595.12,0.00,1852.95,3773887138.93,6337058583.61,0.00,0.00,0.00,0.00,194765620,812867709,564128644,437473459
5571.00,5647574.65,7864731.31,1717963.37,2217156.66,2626.26,4127.09,0.00,1500.84,3773887138.93,6337058583.61,0.00,0.00,0.00,0.00,195047767,813257884,564992849,437473459
5573.02,5650020.13,7869105.80,1717963.37,2219085.68,2445.48,4374.49,0.00,1929.01,3773887138.93,6337058583.61,0.00,0.00,0.00,0.00,195316691,813615003,565868713,437473459
5575.02,5652480.02,7873111.67,1717963.37,2220631.64,2459.89,4005.86,0.00,1545.97,3773887138.93,6337058583.61,0.00,0.00,0.00,0.00,195564745,813996682,565868713,437473459
5577.02,5653304.81,7875426.13,1718721.75,2222121.32,824.79,2314.46,758.39,1489.67,3773887138.93,6337058583.61,0.00,0.00,0.00,0.00,195654407,814118166,566645705,437473459
5579.02,5655965.14,7878086.46,1721374.71,2222121.32,2660.33,2660.33,2652.96,0.00,3773887138.93,6337058583.61,0.00,0.00,0.00,0.00,195939247,814514371,566645705,437473459
5581.02,5658334.99,7880456.31,1723614.51,2222121.32,2369.85,2369.85,2239.80,0.00,3773887138.93,6337058583.61,0.00,0.00,0.00,0.00,194850023,814866095,566645705,438817640
5583.02,5661127.71,7883249.03,1726210.50,2222121.32,2792.72,2792.72,2596.00,0.00,3773887138.93,6337058583.61,0.00,0.00,0.00,0.00,195137015,815294040,566645705,438817640
5585.02,5663506.31,7885627.62,1728462.52,2222121.32,2378.59,2378.59,2252.01,0.00,3773887138.93,6337058583.61,0.00,0.00,0.00,0.00,194242199,815650313,566645705,439965103
5587.02,5666054.22,7888175.54,1731046.26,2222121.32,2547.91,2547.91,2583.75,0.00,3773887138.93,6337058583.61,0.00,0.00,0.00,0.00,194505645,816039132,566645705,439965103
5589.02,5668401.57,7890522.89,1733297.53,2222121.32,2347.36,2347.36,2251.27,0.00,3773887138.93,6337058583.61,0.00,0.00,0.00,0.00,193640243,816382340,566645705,441088220
5591.02,5670935.15,7893056.46,1735910.19,2222121.32,2533.57,2533.57,2612.66,0.00,3773887138.93,6337058583.61,0.00,0.00,0.00,0.00,193905195,816765983,566645705,441088220
5593.02,5673368.84,7895490.16,1738141.82,2222121.32,2433.69,2433.69,2231.63,0.00,3773887138.93,6337058583.61,0.00,0.00,0.00,0.00,193053702,817033055,566645705,442295666
5595.02,5675965.26,7898086.57,1740811.15,2222121.32,2596.42,2596.42,2669.33,0.00,3773887138.93,6337058583.61,0.00,0.00,0.00,0.00,193485232,817266208,566645705,442295666
5597.02,5678182.09,7900703.96,1742209.84,2222521.88,2216.83,2617.39,1398.69,400.56,3773887138.93,6337058583.61,0.00,0.00,0.00,0.00,192477776,817478258,566645705,443658580
5599.02,5680533.35,7904990.15,1742209.84,2224456.80,2351.27,4286.18,0.00,1934.92,3773887138.93,6337058583.61,0.00,0.00,0.00,0.00,192840642,817717316,566645705,443658580
5601.02,5683003.96,7909382.41,1742209.84,2226378.45,2470.61,4392.26,0.00,1921.65,3773887138.93,6337058583.61,0.00,0.00,0.00,0.00,193183105,818007330,567731143,443658580
5603.02,5685546.18,7913531.25,1742209.84,2227985.08,2542.21,4148.84,0.00,1606.63,3773887138.93,6337058583.61,0.00,0.00,0.00,0.00,193533880,818307361,567731143,443658580
5605.02,5688031.97,7917610.53,1742209.84,2229578.55,2485.80,4079.27,0.00,1593.48,3773887138.93,6337058583.61,0.00,0.00,0.00,0.00,193897899,818579706,568534063,443658580
5607.02,5689344.06,7921165.00,1742209.84,2231820.95,1312.09,3554.48,0.00,2242.39,3773887138.93,6337058583.61,0.00,0.00,0.00,0.00,194082695,818730804,568534063,443658580
5609.02,5689344.06,7923417.25,1742209.84,2234073.19,0.00,2252.24,0.00,2252.24,3773887138.93,6337058583.61,0.00,0.00,0.00,0.00,194082695,818730804,568534063,443658580
5611.02,5689344.06,7925654.82,1742209.84,2236310.76,0.00,2237.57,0.00,2237.57,3773887138.93,6337058583.61,0.00,0.00,0.00,0.00,194082695,818730804,568534063,443658580
5613.02,5691077.80,7929184.37,1742209.84,2238106.57,1733.74,3529.55,0.00,1795.82,3773887138.93,6337058583.61,0.00,0.00,0.00,0.00,194279456,818977880,570447880,443658580
5615.02,5693581.62,7933645.03,1742209.84,2240063.41,2503.82,4460.66,0.00,1956.83,3773887138.93,6337058583.61,0.00,0.00,0.00,0.00,194644032,819254283,570447880,443658580
5617.02,5696104.57,7937895.79,1742209.84,2241791.22,2522.95,4250.76,0.00,1727.81,3773887138.93,6337058583.61,0.00,0.00,0.00,0.00,194982938,819561251,571477789,443658580
5619.02,5698809.10,7942358.83,1742209.84,2243549.73,2704.53,4463.05,0.00,1758.52,3773887138.93,6337058583.61,0.00,0.00,0.00,0.00,195304949,819931600,571477789,443658580
5621.02,5701396.50,7946763.16,1742209.84,2245366.66,2587.40,4404.33,0.00,1816.93,3773887138.93,6337058583.61,0.00,0.00,0.00,0.00,195635392,820263532,572399272,443658580
5623.02,5701632.04,7949255.37,1742209.84,2247623.33,235.54,2492.21,0.00,2256.66,3773887138.93,6337058583.61,0.00,0.00,0.00,0.00,195660760,820298463,572399272,443658580
5625.02,5703593.76,7952974.88,1742209.84,2249381.12,1961.72,3719.51,0.00,1757.79,3773887138.93,6337058583.61,0.00,0.00,0.00,0.00,195897352,820564071,573252180,443658580
5627.11,5706065.57,7957306.47,1742209.84,2251240.90,2471.81,4331.59,0.00,1859.78,3773887138.93,6337058583.61,0.00,0.00,0.00,0.00,196183589,820910617,574095823,443658580
5629.11,5707776.03,7961043.91,1742209.84,2253267.88,1710.46,3737.44,0.00,2026.98,3773887138.93,6337058583.61,0.00,0.00,0.00,0.00,196409775,821122308,574095823,443658580
5631.11,5707776.03,7963506.41,1742209.84,2255730.39,0.00,2462.51,0.00,2462.51,3773887138.93,6337058583.61,0.00,0.00,0.00,0.00,196409775,821122308,574095823,443658580
5633.11,5707776.03,7965855.49,1742209.84,2258079.46,0.00,2349.08,0.00,2349.08,3773887138.93,6337058583.61,0.00,0.00,0.00,0.00,196409775,821122308,574095823,443658580
5635.11,5709710.79,7969622.99,1742209.84,2259912.20,1934.76,3767.50,0.00,1832.73,3773887138.93,6337058583.61,0.00,0.00,0.00,0.00,196628313,821399069,575959410,443658580
5637.11,5712231.79,7974111.81,1742209.84,2261880.02,2521.00,4488.82,0.00,1967.82,3773887138.93,6337058583.61,0.00,0.00,0.00,0.00,196929950,821742809,575959410,443658580
5639.11,5714709.34,7978269.06,1742209.84,2263559.72,2477.55,4157.25,0.00,1679.70,3773887138.93,6337058583.61,0.00,0.00,0.00,0.00,197226982,822080030,577011992,443658580
5641.11,5717284.43,7982628.68,1742209.84,2265344.26,2575.08,4359.62,0.00,1784.54,3773887138.93,6337058583.61,0.00,0.00,0.00,0.00,197528794,822437439,577011992,443658580
5643.11,5719770.13,7986704.07,1742209.84,2266933.94,2485.70,4075.39,0.00,1589.68,3773887138.93,6337058583.61,0.00,0.00,0.00,0.00,197790008,822812565,577838881,443658580
5645.11,5720064.03,7989568.91,1742209.84,2269504.88,293.90,2864.84,0.00,2570.93,3773887138.93,6337058583.61,0.00,0.00,0.00,0.00,197837563,822840249,577838881,443658580
5647.11,5720064.03,7991670.03,1742209.84,2271606.00,0.00,2101.12,0.00,2101.12,3773887138.93,6337058583.61,0.00,0.00,0.00,0.00,197837563,822840249,577838881,443658580
5649.11,5720636.78,7994172.24,1742209.84,2273535.46,572.75,2502.21,0.00,1929.46,3773887138.93,6337058583.61,0.00,0.00,0.00,0.00,197900067,822924369,579706429,443658580
5651.11,5723135.98,7998575.82,1742209.84,2275439.85,2499.20,4403.59,0.00,1904.39,3774901858.85,6338106042.15,1014719.93,1047458.55,0.00,0.00,198355120,823109110,579706429,443658580
5653.11,5725639.35,8002740.70,1742209.84,2277101.35,2503.37,4164.88,0.00,1661.50,3774901858.85,6338106042.15,0.00,0.00,0.00,0.00,198892678,823212415,580646124,443658580
5655.11,5726208.02,8005487.11,1742209.84,2279279.09,568.67,2746.41,0.00,2177.74,3774901858.85,6338106042.15,0.00,0.00,0.00,0.00,199029666,823221007,580646124,443658580
5657.11,5726208.02,8007582.18,1742209.84,2281374.16,0.00,2095.07,0.00,2095.07,3774901858.85,6338106042.15,0.00,0.00,0.00,0.00,199029666,823221007,580646124,443658580
5659.11,5726208.02,8010085.12,1742209.84,2283877.10,0.00,2502.93,0.00,2502.93,3774901858.85,6338106042.15,0.00,0.00,0.00,0.00,199029666,823221007,580646124,443658580
5661.11,5728500.23,8014067.43,1742209.84,2285567.20,2292.21,3982.31,0.00,1690.10,3774901858.85,6338106042.15,0.00,0.00,0.00,0.00,199537335,823300143,582501857,443658580
5663.11,5731021.82,8018359.19,1742209.84,2287337.36,2521.60,4291.76,0.00,1770.16,3774901858.85,6338106042.15,0.00,0.00,0.00,0.00,200051067,823431940,582501857,443658580
5665.11,5732352.04,8021498.86,1742209.84,2289146.82,1330.21,3139.67,0.00,1809.46,3774901858.85,6338106042.15,0.00,0.00,0.00,0.00,200352195,823471347,583393060,443658580
5667.11,5732676.84,8023856.35,1742209.84,2291179.52,324.80,2357.49,0.00,2032.70,3774901858.85,6338106042.15,0.00,0.00,0.00,0.00,200432061,823474629,584256807,443658580
5669.11,5735149.46,8028367.03,1742209.84,2293217.57,2472.62,4510.68,0.00,2038.05,3774901858.85,6338106042.15,0.00,0.00,0.00,0.00,200980876,823558805,584256807,443658580
5671.11,5737493.81,8032359.73,1742209.84,2294865.92,2344.35,3992.70,0.00,1648.35,3774901858.85,6338106042.15,0.00,0.00,0.00,0.00,201484592,823655243,585157851,443658580
5673.11,5738496.02,8035371.95,1742209.84,2296875.93,1002.21,3012.22,0.00,2010.01,3774901858.85,6338106042.15,0.00,0.00,0.00,0.00,201714673,823681727,585157851,443658580
5675.11,5739768.25,8038518.53,1742209.84,2298750.28,1272.23,3146.58,0.00,1874.35,3774901858.85,6338106042.15,0.00,0.00,0.00,0.00,202006965,823715126,586037335,443658580
5677.11,5742278.88,8042968.49,1742209.84,2300689.62,2510.63,4449.96,0.00,1939.34,3774901858.85,6338106042.15,0.00,0.00,0.00,0.00,202565420,823799392,586037335,443658580
5679.11,5744640.04,8047065.32,1742209.84,2302425.29,2361.16,4096.83,0.00,1735.67,3774901858.85,6338106042.15,0.00,0.00,0.00,0.00,203069411,823899858,586954162,443658580
5681.11,5744640.04,8049347.71,1742209.84,2304707.67,0.00,2282.39,0.00,2282.39,3774901858.85,6338106042.15,0.00,0.00,0.00,0.00,203069411,823899858,586954162,443658580
5683.11,5744640.04,8051368.80,1742209.84,2306728.76,0.00,2021.09,0.00,2021.09,3774901858.85,6338106042.15,0.00,0.00,0.00,0.00,203069411,823899858,586954162,443658580
5685.11,5744974.20,8053780.47,1742209.84,2308806.27,334.16,2411.68,0.00,2077.51,3774901858.85,6338106042.15,0.00,0.00,0.00,0.00,203139220,823915595,588772511,443658580
5687.11,5747475.39,8058040.38,1742209.84,2310564.99,2501.19,4259.91,0.00,1758.72,3774901858.85,6338106042.15,0.00,0.00,0.00,0.00,203699515,823995604,588772511,443658580
5689.11,5749899.48,8062075.01,1742209.84,2312175.53,2424.09,4034.63,0.00,1610.54,3774901858.85,6338106042.15,0.00,0.00,0.00,0.00,204214755,824100932,589672291,443658580
5691.11,5750784.02,8065040.94,1742209.84,2314256.92,884.54,2965.93,0.00,2081.39,3774901858.85,6338106042.15,0.00,0.00,0.00,0.00,204408449,824133680,589672291,443658580
5693.11,5751604.15,8067776.25,1742209.84,2316172.11,820.13,2735.31,0.00,1915.18,3774901858.85,6338106042.15,0.00,0.00,0.00,0.00,204581460,824170622,590579114,443658580
5695.11,5754094.77,8072007.84,1742209.84,2317913.07,2490.62,4231.59,0.00,1740.96,3774901858.85,6338106042.15,0.00,0.00,0.00,0.00,205117598,824272084,590579114,443658580
5697.11,5756513.63,8076050.86,1742209.84,2319537.23,2418.86,4043.02,0.00,1624.16,3774901858.85,6338106042.15,0.00,0.00,0.00,0.00,205653517,824355393,591426533,443658580
5699.11,5756928.02,8078643.01,1742209.84,2321714.99,414.39,2592.15,0.00,2177.76,3774901858.85,6338106042.15,0.00,0.00,0.00,0.00,205753487,824361506,591426533,443658580
5701.11,5758470.42,8081926.89,1742209.84,2323456.47,1542.40,3283.88,0.00,1741.48,3774901858.85,6338106042.15,0.00,0.00,0.00,0.00,206107053,824402794,592333990,443658580
5703.11,5760979.19,8086234.87,1742209.84,2325255.68,2508.77,4307.98,0.00,1799.21,3774901858.85,6338106042.15,0.00,0.00,0.00,0.00,206685103,824466989,592333990,443658580
5705.11,5763072.02,8090029.90,1742209.84,2326957.89,2092.83,3795.03,0.00,1702.20,3774901858.85,6338106042.15,0.00,0.00,0.00,0.00,207154884,824532972,593246155,443658580
5707.11,5763072.02,8092321.93,1742209.84,2329249.91,0.00,2292.03,0.00,2292.03,3774901858.85,6338106042.15,0.00,0.00,0.00,0.00,207154884,824532972,593246155,443658580
5709.11,5765100.80,8095970.12,1742209.84,2330869.32,2028.79,3648.19,0.00,1619.41,3774901858.85,6338106042.15,0.00,0.00,0.00,0.00,207631447,824575778,594168040,443658580
5711.11,5767592.02,8100249.19,1742209.84,2332657.16,2491.22,4279.07,0.00,1787.84,3774901858.85,6338106042.15,0.00,0.00,0.00,0.00,208173748,824671230,594168040,443658580
5713.11,5769216.01,8103553.47,1742209.84,2334337.46,1623.98,3304.29,0.00,1680.30,3774901858.85,6338106042.15,0.00,0.00,0.00,0.00,208512158,824748560,594990548,443658580
5715.11,5769216.01,8105563.20,1742209.84,2336347.19,0.00,2009.72,0.00,2009.72,3774901858.85,6338106042.15,0.00,0.00,0.00,0.00,208512158,824748560,594990548,443658580
5717.11,5769216.01,8107831.37,1742209.84,2338615.36,0.00,2268.17,0.00,2268.17,3774901858.85,6338106042.15,0.00,0.00,0.00,0.00,208512158,824748560,594990548,443658580
5719.11,5770544.46,8111034.46,1742209.84,2340490.00,1328.46,3203.10,0.00,1874.64,3774901858.85,6338106042.15,0.00,0.00,0.00,0.00,208784433,824816370,596701339,443658580
5721.11,5773047.01,8115304.75,1742209.84,2342257.73,2502.55,4270.28,0.00,1767.73,3774901858.85,6338106042.15,0.00,0.00,0.00,0.00,209341261,824900194,596701339,443658580
5723.11,5775360.03,8119235.62,1742209.84,2343875.59,2313.02,3930.88,0.00,1617.86,3774901858.85,6338106042.15,0.00,0.00,0.00,0.00,209847242,824986346,597573494,443658580
5725.11,5775360.03,8121420.90,1742209.84,2346060.87,0.00,2185.28,0.00,2185.28,3774901858.85,6338106042.15,0.00,0.00,0.00,0.00,209847242,824986346,597573494,443658580
5727.11,5777528.44,8125210.50,1742209.84,2347682.05,2168.41,3789.59,0.00,1621.18,3774901858.85,6338106042.15,0.00,0.00,0.00,0.00,210346167,825042534,598419087,443658580
5729.11,5780042.54,8129534.14,1742209.84,2349491.60,2514.10,4323.64,0.00,1809.55,3774901858.85,6338106042.15,0.00,0.00,0.00,0.00,210875036,825157274,598419087,443658580
5731.11,5781504.03,8132797.43,1742209.84,2351293.40,1461.49,3263.29,0.00,1801.80,3774901858.85,6338106042.15,0.00,0.00,0.00,0.00,211180225,825226226,599284441,443658580
5733.11,5781850.04,8135168.67,1742209.84,2353318.63,346.01,2371.25,0.00,2025.23,3774901858.85,6338106042.15,0.00,0.00,0.00,0.00,211234854,825260176,600165346,443658580
5735.11,5784335.02,8139433.15,1742209.84,2355098.12,2484.98,4264.48,0.00,1779.49,3774901858.85,6338106042.15,0.00,0.00,0.00,0.00,211728858,825402328,600165346,443658580
5737.11,5786727.90,8143573.73,1742209.84,2356845.83,2392.88,4140.58,0.00,1747.70,3774901858.85,6338106042.15,0.00,0.00,0.00,0.00,212184331,825559432,601077401,443658580
5739.11,5787648.01,8146531.21,1742209.84,2358883.20,920.11,2957.48,0.00,2037.37,3774901858.85,6338106042.15,0.00,0.00,0.00,0.00,212348971,825630339,601077401,443658580
5741.11,5788681.14,8149420.50,1742209.84,2360739.36,1033.13,2889.29,0.00,1856.16,3774901858.85,6338106042.15,0.00,0.00,0.00,0.00,212580771,825663021,601955080,443658580
5743.11,5791200.29,8153702.84,1742209.84,2362502.55,2519.15,4282.34,0.00,1763.19,3774901858.85,6338106042.15,0.00,0.00,0.00,0.00,213062015,825826679,601955080,443658580
5745.11,5793616.39,8157775.60,1742209.84,2364159.21,2416.11,4072.76,0.00,1656.66,3774901858.85,6338106042.15,0.00,0.00,0.00,0.00,213434234,826072983,602850205,443658580
5747.11,5793792.05,8160434.08,1742209.84,2366642.03,175.66,2658.48,0.00,2482.82,3774901858.85,6338106042.15,0.00,0.00,0.00,0.00,213449899,826102286,602850205,443658580
5749.11,5795521.46,8164002.02,1742209.84,2368480.56,1729.41,3567.94,0.00,1838.54,3774901858.85,6338106042.15,0.00,0.00,0.00,0.00,213624491,826370422,603779094,443658580
5751.11,5798040.99,8168486.80,1742209.84,2370445.81,2519.53,4484.78,0.00,1965.25,3774901858.85,6338106042.15,0.00,0.00,0.00,0.00,213687096,826952817,603779094,443658580
5753.11,5799936.05,8172241.93,1742209.84,2372305.88,1895.06,3755.13,0.00,1860.07,3774901858.85,6338106042.15,0.00,0.00,0.00,0.00,213740472,827384576,604767410,443658580
5755.11,5799936.05,8175058.47,1742209.84,2375122.43,0.00,2816.54,0.00,2816.54,3774901858.85,6338106042.15,0.00,0.00,0.00,0.00,213740472,827384576,604767410,443658580
5757.11,5802218.34,8177540.85,1744618.92,2375322.51,2282.29,2482.38,2409.08,200.09,3774901858.85,6338106042.15,0.00,0.00,0.00,0.00,213845182,827864132,605761270,443658580
5759.14,5804382.21,8179704.73,1746905.15,2375322.51,2163.88,2163.88,2286.23,0.00,3774901858.85,6338106042.15,0.00,0.00,0.00,0.00,212828603,828232663,605761270,444860581
5761.14,5806931.20,8182253.71,1749533.64,2375322.51,2548.98,2548.98,2628.49,0.00,3774901858.85,6338106042.15,0.00,0.00,0.00,0.00,213106865,828606940,605761270,444860581
5763.14,5809015.57,8184338.09,1751721.35,2375322.51,2084.38,2084.38,2187.71,0.00,3774901858.85,6338106042.15,0.00,0.00,0.00,0.00,212144810,828897049,605761270,446066128
5765.14,5811557.72,8186880.23,1754321.91,2375322.51,2542.15,2542.15,2600.55,0.00,3774901858.85,6338106042.15,0.00,0.00,0.00,0.00,212364978,829327671,605761270,446066128
5767.14,5813643.01,8188965.52,1756514.93,2375322.51,2085.29,2085.29,2193.03,0.00,3774901858.85,6338106042.15,0.00,0.00,0.00,0.00,211299633,829690976,605761270,447302001
5769.14,5816182.52,8191505.03,1759150.83,2375322.51,2539.51,2539.51,2635.90,0.00,3774901858.85,6338106042.15,0.00,0.00,0.00,0.00,211543036,830097687,605761270,447302001
5771.14,5818288.71,8193611.22,1761328.99,2375322.51,2106.19,2106.19,2178.16,0.00,3774901858.85,6338106042.15,0.00,0.00,0.00,0.00,210597865,830416747,605761270,448467297
5773.14,5820849.54,8196172.05,1763941.93,2375322.51,2560.83,2560.83,2612.94,0.00,3774901858.85,6338106042.15,0.00,0.00,0.00,0.00,210742844,830927340,605761270,448467297
5775.14,5822886.31,8198208.82,1766132.58,2375322.51,2036.78,2036.78,2190.65,0.00,3774901858.85,6338106042.15,0.00,0.00,0.00,0.00,209541756,831400842,605761270,449716298
5777.14,5825461.33,8200783.84,1768762.54,2375322.51,2575.02,2575.02,2629.96,0.00,3774901858.85,6338106042.15,0.00,0.00,0.00,0.00,209690154,831911649,605761270,449716298
5779.23,5827511.67,8202834.18,1770928.56,2375322.51,2050.34,2050.34,2166.02,0.00,3774901858.85,6338106042.15,0.00,0.00,0.00,0.00,208518290,832314272,605761270,451010426
5781.23,5830122.91,8207368.45,1770928.56,2377245.53,2611.24,4534.26,0.00,1923.02,3774901858.85,6338106042.15,0.00,0.00,0.00,0.00,208673754,832827286,605761270,451010426
5783.26,5832723.98,8211813.39,1770928.56,2379089.41,2601.07,4444.95,0.00,1843.88,3774901858.85,6338106042.15,0.00,0.00,0.00,0.00,208846913,833320000,606723080,451010426
5785.26,5835145.00,8215952.48,1770928.56,2380807.48,2421.02,4139.09,0.00,1718.07,3774901858.85,6338106042.15,0.00,0.00,0.00,0.00,208975317,833811378,606723080,451010426
5787.28,5836800.05,8219511.71,1770928.56,2382711.66,1655.05,3559.23,0.00,1904.18,3774901858.85,6338106042.15,0.00,0.00,0.00,0.00,209020445,834189943,606723080,451010426
5789.28,5839307.87,8223570.40,1770928.56,2384262.53,2507.81,4058.69,0.00,1550.88,3774901858.85,6338106042.15,0.00,0.00,0.00,0.00,209060132,834792256,607647013,451010426
5791.28,5841853.14,8227880.11,1770928.56,2386026.97,2545.28,4309.71,0.00,1764.44,3774901858.85,6338106042.15,0.00,0.00,0.00,0.00,209126713,835377266,607647013,451010426
5793.28,5842944.05,8230818.12,1770928.56,2387874.07,1090.91,2938.01,0.00,1847.11,3774901858.85,6338106042.15,0.00,0.00,0.00,0.00,209149690,835633561,608512633,451010426
5795.28,5842944.05,8233126.86,1770928.56,2390182.80,0.00,2308.73,0.00,2308.73,3774901858.85,6338106042.15,0.00,0.00,0.00,0.00,209149690,835633561,608512633,451010426
5797.28,5842944.05,8235339.41,1770928.56,2392395.36,0.00,2212.55,0.00,2212.55,3774901858.85,6338106042.15,0.00,0.00,0.00,0.00,209149690,835633561,608512633,451010426
5799.28,5844194.73,8238440.79,1770928.56,2394246.06,1250.68,3101.39,0.00,1850.71,3774901858.85,6338106042.15,0.00,0.00,0.00,0.00,209156862,835946563,610392022,451010426
5801.28,5846708.59,8242731.14,1770928.56,2396022.55,2513.86,4290.35,0.00,1776.48,3774901858.85,6338106042.15,0.00,0.00,0.00,0.00,209234957,836512017,610392022,451010426
5803.28,5849088.04,8246776.23,1770928.56,2397688.19,2379.44,4045.09,0.00,1665.64,3774901858.85,6338106042.15,0.00,0.00,0.00,0.00,209333346,837022765,611275321,451010426
5805.28,5849088.04,8249033.54,1770928.56,2399945.50,0.00,2257.31,0.00,2257.31,3774901858.85,6338106042.15,0.00,0.00,0.00,0.00,209333346,837022765,611275321,451010426
5807.28,5851062.66,8251445.88,1773007.43,2400383.21,1974.63,2412.34,2078.87,437.71,3774901858.85,6338106042.15,0.00,0.00,0.00,0.00,209468003,837393613,612170368,451010426
5809.28,5853578.51,8253961.72,1775678.23,2400383.21,2515.84,2515.84,2670.81,0.00,3774901858.85,6338106042.15,0.00,0.00,0.00,0.00,209544998,837960674,612170368,451010426
5811.28,5855615.33,8255998.54,1777816.30,2400383.21,2036.82,2036.82,2138.07,0.00,3774901858.85,6338106042.15,0.00,0.00,0.00,0.00,208022407,838443213,612170368,452571904
5813.28,5858139.02,8258522.23,1780476.16,2400383.21,2523.69,2523.69,2659.86,0.00,3774901858.85,6338106042.15,0.00,0.00,0.00,0.00,208123486,838988198,612170368,452571904
5815.67,5860681.82,8261065.04,1783118.19,2400383.21,2542.81,2542.81,2642.03,0.00,3774901858.85,6338106042.15,0.00,0.00,0.00,0.00,206680840,839522737,612170368,454130970
5817.67,5863231.95,8263615.16,1785761.56,2400383.21,2550.12,2550.12,2643.37,0.00,3774901858.85,6338106042.15,0.00,0.00,0.00,0.00,206882751,839973657,612170368,454130970
5819.67,5865581.73,8265964.95,1788430.99,2400383.21,2349.79,2349.79,2669.43,0.00,3774901858.85,6338106042.15,0.00,0.00,0.00,0.00,207078648,840379306,612170368,454130970
5821.67,5867590.41,8267973.62,1790566.92,2400383.21,2008.67,2008.67,2135.93,0.00,3774901858.85,6338106042.15,0.00,0.00,0.00,0.00,205589465,840823643,612170368,455690036
5823.67,5870147.05,8270530.27,1793233.81,2400383.21,2556.64,2556.64,2666.89,0.00,3774901858.85,6338106042.15,0.00,0.00,0.00,0.00,205689560,841378049,612170368,455690036
5825.67,5872204.21,8272587.43,1795407.09,2400383.21,2057.16,2057.16,2173.28,0.00,3774901858.85,6338106042.15,0.00,0.00,0.00,0.00,204211172,841827787,612170368,457245320
5827.67,5874741.41,8275124.63,1798054.23,2400383.21,2537.20,2537.20,2647.15,0.00,3774901858.85,6338106042.15,0.00,0.00,0.00,0.00,204311806,842376676,612170368,457245320
5829.67,5877107.45,8277490.66,1800714.69,2400383.21,2366.04,2366.04,2660.45,0.00,3774901858.85,6338106042.15,0.00,0.00,0.00,0.00,204398068,842896119,612170368,457245320
5831.67,5879136.49,8280700.66,1800897.32,2401564.18,2029.04,3210.00,182.64,1180.96,3774901858.85,6338106042.15,0.00,0.00,0.00,0.00,203037903,843338660,612170368,458682378
5833.67,5881700.07,8285126.52,1800897.32,2403426.44,2563.59,4425.85,0.00,1862.27,3774901858.85,6338106042.15,0.00,0.00,0.00,0.00,203136211,843896630,612170368,458682378
5835.67,5884043.82,8289218.61,1800897.32,2405174.79,2343.75,4092.09,0.00,1748.34,3774901858.85,6338106042.15,0.00,0.00,0.00,0.00,203222928,844409913,613188031,458682378
5837.67,5886551.64,8293566.96,1800897.32,2407015.32,2507.81,4348.35,0.00,1840.54,3774901858.85,6338106042.15,0.00,0.00,0.00,0.00,203405247,844869594,613188031,458682378
5839.67,5888895.39,8297756.71,1800897.32,2408861.33,2343.75,4189.75,0.00,1846.00,3774901858.85,6338106042.15,0.00,0.00,0.00,0.00,203507580,845367261,614103737,458682378
5841.67,5891348.26,8301947.47,1800897.32,2410599.21,2452.87,4190.76,0.00,1737.89,3774901858.85,6338106042.15,0.00,0.00,0.00,0.00,203623750,845879026,614647805,458682378
5843.67,5892096.02,8304837.19,1800897.32,2412741.17,747.76,2889.72,0.00,2141.96,3774901858.85,6338106042.15,0.00,0.00,0.00,0.00,203659095,846035108,614647805,458682378
5845.67,5892096.02,8307006.32,1800897.32,2414910.30,0.00,2169.12,0.00,2169.12,3774901858.85,6338106042.15,0.00,0.00,0.00,0.00,203659095,846035108,614647805,458682378
5847.67,5892096.02,8309330.21,1800897.32,2417234.19,0.00,2323.89,0.00,2323.89,3774901858.85,6338106042.15,0.00,0.00,0.00,0.00,203659095,846035108,614647805,458682378
5849.67,5893969.18,8312942.52,1800897.32,2418973.34,1873.16,3612.31,0.00,1739.15,3774901858.85,6338106042.15,0.00,0.00,0.00,0.00,203741216,846432516,616513853,458682378
5851.67,5896507.51,8317267.19,1800897.32,2420759.68,2538.33,4324.67,0.00,1786.34,3774901858.85,6338106042.15,0.00,0.00,0.00,0.00,203858302,846965242,616513853,458682378
5853.67,5898961.66,8321466.89,1800897.32,2422505.23,2454.15,4199.70,0.00,1745.55,3774901858.85,6338106042.15,0.00,0.00,0.00,0.00,203966960,847484846,617415365,458682378
5855.67,5901484.26,8325311.00,1801694.14,2423826.74,2522.60,3844.11,796.81,1321.51,3774901858.85,6338106042.15,0.00,0.00,0.00,0.00,204093114,848004478,618071945,458682378
5857.67,5904005.83,8327832.57,1804355.72,2423826.74,2521.57,2521.57,2661.58,0.00,3774901858.85,6338106042.15,0.00,0.00,0.00,0.00,204189071,848554044,618071945,458682378
5860.04,5906468.92,8330295.66,1806958.89,2423826.74,2463.09,2463.09,2603.17,0.00,3774901858.85,6338106042.15,0.00,0.00,0.00,0.00,202734397,849087509,618071945,460234138
5862.04,5908996.04,8332822.78,1809598.79,2423826.74,2527.12,2527.12,2639.90,0.00,3774901858.85,6338106042.15,0.00,0.00,0.00,0.00,202822289,849646559,618071945,460234138
5864.04,5911522.91,8335349.66,1812260.28,2423826.74,2526.88,2526.88,2661.49,0.00,3774901858.85,6338106042.15,0.00,0.00,0.00,0.00,202903671,850212057,618071945,460234138
5866.04,5913470.93,8337297.68,1814305.20,2423826.74,1948.02,1948.02,2044.92,0.00,3774901858.85,6338106042.15,0.00,0.00,0.00,0.00,201437001,850645480,618071945,461766078
5868.04,5916019.21,8339845.96,1816967.24,2423826.74,2548.28,2548.28,2662.04,0.00,3774901858.85,6338106042.15,0.00,0.00,0.00,0.00,201516706,851218135,618071945,461766078
5870.04,5917983.33,8341810.07,1819078.91,2423826.74,1964.12,1964.12,2111.67,0.00,3774901858.85,6338106042.15,0.00,0.00,0.00,0.00,200123437,851651433,618071945,463228863
5872.04,5920523.20,8344349.94,1821739.45,2423826.74,2539.86,2539.86,2660.54,0.00,3774901858.85,6338106042.15,0.00,0.00,0.00,0.00,200201344,852223731,618071945,463228863
5874.04,5923036.61,8346863.35,1824404.08,2423826.74,2513.41,2513.41,2664.63,0.00,3774901858.85,6338106042.15,0.00,0.00,0.00,0.00,200282432,852786076,618071945,463228863
5876.04,5925042.36,8349993.08,1824707.25,2424950.73,2005.75,3129.73,303.17,1123.98,3774901858.85,6338106042.15,0.00,0.00,0.00,0.00,198853613,853179515,618071945,464777715
5878.04,5927717.39,8354533.82,1824707.25,2426816.43,2675.04,4540.74,0.00,1865.71,3774901858.85,6338106042.15,0.00,0.00,0.00,0.00,198952399,853765538,618071945,464777715
5880.04,5930115.01,8358668.72,1824707.25,2428553.71,2397.62,4134.89,0.00,1737.27,3774901858.85,6338106042.15,0.00,0.00,0.00,0.00,199022421,854309307,619061050,464777715
5882.04,5932679.49,8363002.46,1824707.25,2430322.97,2564.48,4333.75,0.00,1769.27,3774901858.85,6338106042.15,0.00,0.00,0.00,0.00,199091599,854896636,619657192,464777715
5884.04,5935104.04,8367454.76,1824707.25,2432350.71,2424.55,4452.29,0.00,2027.74,3774901858.85,6338106042.15,0.00,0.00,0.00,0.00,199161583,855447337,619657192,464777715
5886.04,5937046.16,8371221.97,1824707.25,2434175.81,1942.11,3767.21,0.00,1825.10,3774901858.85,6338106042.15,0.00,0.00,0.00,0.00,199218839,855887262,620329529,464777715
5888.04,5939433.62,8375518.09,1824707.25,2436084.46,2387.47,4296.12,0.00,1908.65,3774901858.85,6338106042.15,0.00,0.00,0.00,0.00,199292882,856424411,621014479,464777715
5890.04,5941249.03,8379303.34,1824707.25,2438054.30,1815.41,3785.25,0.00,1969.84,3774901858.85,6338106042.15,0.00,0.00,0.00,0.00,199341767,856840270,621709194,464777715
5892.04,5943733.07,8383820.07,1824707.25,2440087.00,2484.04,4516.73,0.00,2032.69,3774901858.85,6338106042.15,0.00,0.00,0.00,0.00,199402388,857415564,621709194,464777715
5894.04,5946125.56,8388291.93,1824707.25,2442166.37,2392.48,4471.86,0.00,2079.38,3774901858.85,6338106042.15,0.00,0.00,0.00,0.00,199457334,857973094,622611243,464777715
5896.04,5947392.04,8391726.71,1824707.25,2444334.67,1266.48,3434.78,0.00,2168.30,3774901858.85,6338106042.15,0.00,0.00,0.00,0.00,199490379,858264267,622611243,464777715
5898.04,5949331.64,8394297.89,1826719.77,2444966.24,1939.61,2571.18,2012.52,631.57,3774901858.85,6338106042.15,0.00,0.00,0.00,0.00,199546543,858672837,623327553,464809521
5900.04,5951882.25,8396848.49,1829378.43,2444966.24,2550.60,2550.60,2658.67,0.00,3774901858.85,6338106042.15,0.00,0.00,0.00,0.00,199634181,859238153,623327553,464809521
5902.04,5953958.48,8398924.72,1831529.99,2444966.24,2076.23,2076.23,2151.55,0.00,3774901858.85,6338106042.15,0.00,0.00,0.00,0.00,198293229,859701979,623327553,466218162
5904.04,5956494.22,8401460.46,1834124.21,2444966.24,2535.74,2535.74,2594.22,0.00,3774901858.85,6338106042.15,0.00,0.00,0.00,0.00,198376412,860267946,623327553,466218162
5906.04,5958595.84,8403562.08,1836375.87,2444966.24,2101.62,2101.62,2251.66,0.00,3774901858.85,6338106042.15,0.00,0.00,0.00,0.00,197223292,860740531,623327553,467436712
5908.04,5961100.41,8406066.65,1838987.63,2444966.24,2504.57,2504.57,2611.76,0.00,3774901858.85,6338106042.15,0.00,0.00,0.00,0.00,197300698,861304295,623327553,467436712
5910.04,5963249.90,8408216.14,1841203.04,2444966.24,2149.49,2149.49,2215.41,0.00,3774901858.85,6338106042.15,0.00,0.00,0.00,0.00,196222263,861781878,623327553,468587834
5912.04,5965773.82,8410740.07,1843860.68,2444966.24,2523.92,2523.92,2657.63,0.00,3774901858.85,6338106042.15,0.00,0.00,0.00,0.00,196299343,862350922,623327553,468587834
5914.04,5967832.01,8412798.25,1846006.61,2444966.24,2058.19,2058.19,2145.94,0.00,3774901858.85,6338106042.15,0.00,0.00,0.00,0.00,194871587,862823380,623327553,470070028
5916.04,5970355.42,8415321.66,1848673.32,2444966.24,2523.41,2523.41,2666.71,0.00,3774901858.85,6338106042.15,0.00,0.00,0.00,0.00,194938212,863402747,623327553,470070028
5918.04,5972443.23,8417409.48,1850865.00,2444966.24,2087.82,2087.82,2191.68,0.00,3774901858.85,6338106042.15,0.00,0.00,0.00,0.00,193628277,863878995,623327553,471438196
5920.04,5974952.46,8419918.71,1853388.82,2444966.24,2509.23,2509.23,2523.82,0.00,3774901858.85,6338106042.15,0.00,0.00,0.00,0.00,193693595,864456040,623327553,471438196
5922.04,5977124.05,8422090.29,1855654.89,2444966.24,2171.58,2171.58,2266.07,0.00,3774901858.85,6338106042.15,0.00,0.00,0.00,0.00,192723045,864944046,623327553,472476665
5924.04,5979658.29,8424624.54,1858308.92,2444966.24,2534.25,2534.25,2654.02,0.00,3774901858.85,6338106042.15,0.00,0.00,0.00,0.00,192782510,865533348,623327553,472476665
5926.04,5981703.11,8426669.35,1860466.30,2444966.24,2044.82,2044.82,2157.38,0.00,3774901858.85,6338106042.15,0.00,0.00,0.00,0.00,191469393,866012490,623327553,473834113
5928.04,5984252.20,8429218.45,1862925.67,2444966.24,2549.09,2549.09,2459.37,0.00,3774901858.85,6338106042.15,0.00,0.00,0.00,0.00,192003016,866131435,623327553,473834113
5930.04,5986541.28,8431507.52,1865126.93,2444966.24,2289.07,2289.07,2201.26,0.00,3774901858.85,6338106042.15,0.00,0.00,0.00,0.00,191769023,866223783,623327553,474561761
5932.04,5988716.27,8433682.52,1867443.01,2444966.24,2175.00,2175.00,2316.09,0.00,3774901858.85,6338106042.15,0.00,0.00,0.00,0.00,190931176,866706188,623327553,475474002
5934.04,5991269.93,8436236.18,1870065.60,2444966.24,2553.66,2553.66,2622.59,0.00,3774901858.85,6338106042.15,0.00,0.00,0.00,0.00,190981756,867309345,623327553,475474002
5936.04,5993336.05,8438302.29,1872201.29,2444966.24,2066.11,2066.11,2135.68,0.00,3774901858.85,6338106042.15,0.00,0.00,0.00,0.00,189824961,867791336,623327553,476677731
5938.04,5995886.84,8440853.09,1874792.14,2444966.24,2550.80,2550.80,2590.86,0.00,3774901858.85,6338106042.15,0.00,0.00,0.00,0.00,189950471,868318830,623327553,476677731
5940.04,5997896.93,8443765.21,1875469.89,2445868.28,2010.09,2912.13,677.75,902.04,3774901858.85,6338106042.15,0.00,0.00,0.00,0.00,188942375,868747436,623327553,477771804
5942.04,6000503.95,8448225.38,1875469.89,2447721.44,2607.01,4460.17,0.00,1853.16,3774901858.85,6338106042.15,0.00,0.00,0.00,0.00,189076028,869281178,623327553,477771804
5944.04,6002808.79,8451592.47,1876608.61,2448783.68,2304.85,3367.09,1138.72,1062.24,3774901858.85,6338106042.15,0.00,0.00,0.00,0.00,189279625,869667622,624302588,477771804
5946.04,6005046.09,8453829.76,1878822.32,2448783.68,2237.29,2237.29,2213.71,0.00,3774901858.85,6338106042.15,0.00,0.00,0.00,0.00,188972701,869767041,624302588,478552056
5948.04,6007588.36,8456372.04,1881356.66,2448783.68,2542.27,2542.27,2534.35,0.00,3774901858.85,6338106042.15,0.00,0.00,0.00,0.00,189512994,869877570,624302588,478552056
5950.04,6009756.93,8458540.60,1883625.21,2448783.68,2168.57,2168.57,2268.55,0.00,3774901858.85,6338106042.15,0.00,0.00,0.00,0.00,188830032,870196363,624302588,479471378
5952.26,6012215.62,8460999.30,1886099.01,2448783.68,2458.70,2458.70,2473.80,0.00,3774901858.85,6338106042.15,0.00,0.00,0.00,0.00,187877592,870756750,624302588,480492857
5954.26,6014758.32,8463541.99,1888625.61,2448783.68,2542.70,2542.70,2526.60,0.00,3774901858.85,6338106042.15,0.00,0.00,0.00,0.00,187938707,871346565,624302588,480492857
5956.26,6017000.64,8465784.31,1890944.47,2448783.68,2242.32,2242.32,2318.86,0.00,3774901858.85,6338106042.15,0.00,0.00,0.00,0.00,187238184,871867465,624302588,481246514
5958.26,6019531.57,8468315.25,1893614.35,2448783.68,2530.94,2530.94,2669.88,0.00,3774901858.85,6338106042.15,0.00,0.00,0.00,0.00,187306547,872447022,624302588,481246514
5960.26,6021473.38,8470257.05,1895655.21,2448783.68,1941.80,1941.80,2040.86,0.00,3774901858.85,6338106042.15,0.00,0.00,0.00,0.00,185787272,872890818,624302588,482819095
5962.26,6024025.16,8472808.84,1898325.33,2448783.68,2551.78,2551.78,2670.11,0.00,3774901858.85,6338106042.15,0.00,0.00,0.00,0.00,185857873,873473473,624302588,482819095
5964.26,6026528.23,8475311.90,1900994.93,2448783.68,2503.07,2503.07,2669.60,0.00,3774901858.85,6338106042.15,0.00,0.00,0.00,0.00,185927222,874044909,624302588,482819095
5966.26,6028458.29,8478320.61,1901306.69,2449862.31,1930.07,3008.70,311.76,1078.64,3774901858.85,6338106042.15,0.00,0.00,0.00,0.00,184414321,874485008,624302588,484385994
5968.26,6031073.54,8482797.07,1901306.69,2451723.53,2615.25,4476.46,0.00,1861.21,3774901858.85,6338106042.15,0.00,0.00,0.00,0.00,184500364,875068469,624302588,484385994
5970.26,6033455.84,8486865.88,1901306.69,2453410.04,2382.30,4068.81,0.00,1686.51,3774901858.85,6338106042.15,0.00,0.00,0.00,0.00,184599182,875579519,625353937,484385994
5972.26,6036053.75,8491231.89,1901306.69,2455178.15,2597.91,4366.02,0.00,1768.11,3774901858.85,6338106042.15,0.00,0.00,0.00,0.00,184674317,876169448,625353937,484385994
5974.26,6038312.68,8495212.50,1901306.69,2456899.82,2258.93,3980.61,0.00,1721.68,3774901858.85,6338106042.15,0.00,0.00,0.00,0.00,184742549,876679502,626231366,484385994
5976.26,6040921.36,8499571.69,1901306.69,2458650.33,2608.69,4359.19,0.00,1750.50,3774901858.85,6338106042.15,0.00,0.00,0.00,0.00,184823583,877266292,626231366,484385994
5978.26,6043483.29,8503802.62,1901306.69,2460319.33,2561.93,4230.93,0.00,1669.00,3774901858.85,6338106042.15,0.00,0.00,0.00,0.00,184917002,877828727,627152177,484385994
5980.26,6046044.05,8508136.95,1901306.69,2462092.90,2560.76,4334.33,0.00,1773.57,3774901858.85,6338106042.15,0.00,0.00,0.00,0.00,185026277,878375006,627152177,484385994
5982.26,6048559.86,8512145.51,1901718.86,2463585.64,2515.81,4008.55,412.18,1492.74,3774901858.85,6338106042.15,0.00,0.00,0.00,0.00,185221316,878824015,628083962,484385994
5984.26,6051049.75,8514635.40,1904387.63,2463585.64,2489.89,2489.89,2668.77,0.00,3774901858.85,6338106042.15,0.00,0.00,0.00,0.00,185347215,879335528,628083962,484385994
5986.26,6053705.21,8517290.86,1907034.88,2463585.64,2655.46,2655.46,2647.25,0.00,3774901858.85,6338106042.15,0.00,0.00,0.00,0.00,185438351,879924189,628083962,484385994
5988.26,6055818.02,8519403.67,1909072.12,2463585.64,2112.81,2112.81,2037.24,0.00,3774901858.85,6338106042.15,0.00,0.00,0.00,0.00,184082701,880376994,628083962,485829719
5990.26,6057876.13,8521461.77,1911272.00,2463585.64,2058.11,2058.11,2199.88,0.00,3774901858.85,6338106042.15,0.00,0.00,0.00,0.00,183405516,880797677,628083962,486613096
5992.26,6060232.92,8523818.56,1913526.69,2463585.64,2356.79,2356.79,2254.69,0.00,3774901858.85,6338106042.15,0.00,0.00,0.00,0.00,182820005,881186033,628083962,487413589
5994.26,6062952.11,8526537.75,1916126.53,2463585.64,2719.19,2719.19,2599.84,0.00,3774901858.85,6338106042.15,0.00,0.00,0.00,0.00,183046336,881655815,628083962,487413589
5996.26,6065130.37,8528716.01,1918287.41,2463585.64,2178.26,2178.26,2160.89,0.00,3774901858.85,6338106042.15,0.00,0.00,0.00,0.00,182365759,882029493,628083962,488278122
5998.27,6067389.41,8530975.05,1920545.11,2463585.64,2259.04,2259.04,2257.70,0.00,3774901858.85,6338106042.15,0.00,0.00,0.00,0.00,181569311,882523749,628083962,489158629
6000.27,6070005.71,8533591.36,1923194.71,2463585.64,2616.30,2616.30,2649.61,0.00,3774901858.85,6338106042.15,0.00,0.00,0.00,0.00,181617020,883145813,628083962,489158629
6002.27,6072050.06,8536167.43,1924416.16,2464117.36,2044.35,2576.07,1221.45,531.72,3774901858.85,6338106042.15,0.00,0.00,0.00,0.00,180681067,883614173,628083962,490149576
6004.27,6074700.32,8540677.33,1924416.16,2465977.01,2650.26,4509.91,0.00,1859.64,3774901858.85,6338106042.15,0.00,0.00,0.00,0.00,180768942,884204765,628083962,490149576
6006.27,6077093.40,8544967.48,1924416.16,2467874.09,2393.07,4290.15,0.00,1897.08,3774901858.85,6338106042.15,0.00,0.00,0.00,0.00,180868361,884717973,629086075,490149576
6008.27,6079768.13,8549343.48,1924416.16,2469575.35,2674.73,4376.00,0.00,1701.26,3774901858.85,6338106042.15,0.00,0.00,0.00,0.00,180977086,885293980,629086075,490149576
6010.27,6082343.32,8553495.28,1924416.16,2471151.96,2575.19,4151.80,0.00,1576.61,3774901858.85,6338106042.15,0.00,0.00,0.00,0.00,181141188,885789126,629971018,490149576
6012.27,6084968.76,8557841.48,1924416.16,2472872.72,2625.44,4346.20,0.00,1720.76,3774901858.85,6338106042.15,0.00,0.00,0.00,0.00,181343542,886258884,629971018,490149576
6014.27,6087129.03,8561765.68,1924416.16,2474636.64,2160.27,3924.20,0.00,1763.92,3774901858.85,6338106042.15,0.00,0.00,0.00,0.00,181372530,886782926,630884993,490149576
6016.27,6089701.78,8566059.47,1924416.16,2476357.69,2572.75,4293.80,0.00,1721.05,3774901858.85,6338106042.15,0.00,0.00,0.00,0.00,181405978,887408102,630884993,490149576
6018.27,6092097.45,8570132.07,1924416.16,2478034.62,2395.66,4072.59,0.00,1676.93,3774901858.85,6338106042.15,0.00,0.00,0.00,0.00,181453662,887973708,631768882,490149576
6020.27,6094586.57,8574389.11,1924416.16,2479802.55,2489.12,4257.05,0.00,1767.93,3774901858.85,6338106042.15,0.00,0.00,0.00,0.00,181512466,888552119,631768882,490149576
6022.27,6097049.38,8578550.45,1924435.84,2481501.07,2462.81,4161.34,19.67,1698.52,3774901858.85,6338106042.15,0.00,0.00,0.00,0.00,181542254,889152811,632667412,490149576
6024.27,6099426.70,8580927.77,1927006.62,2481501.07,2377.32,2377.32,2570.78,0.00,3774901858.85,6338106042.15,0.00,0.00,0.00,0.00,181560278,889743382,632667412,490149576
6026.27,6101634.82,8583135.89,1929236.98,2481501.07,2208.12,2208.12,2230.36,0.00,3774901858.85,6338106042.15,0.00,0.00,0.00,0.00,180794588,890239569,632667412,490984358
6028.27,6103829.91,8585330.98,1931429.89,2481501.07,2195.09,2195.09,2192.91,0.00,3774901858.85,6338106042.15,0.00,0.00,0.00,0.00,179900276,890743645,632667412,491936537
6030.27,6106372.18,8587873.25,1934013.97,2481501.07,2542.27,2542.27,2584.08,0.00,3774901858.85,6338106042.15,0.00,0.00,0.00,0.00,179964541,891330201,632667412,491936537
6032.27,6108475.42,8589976.49,1936206.81,2481501.07,2103.24,2103.24,2192.84,0.00,3774901858.85,6338106042.15,0.00,0.00,0.00,0.00,178948914,891762617,632667412,493058177
6034.27,6110973.94,8592475.01,1938783.45,2481501.07,2498.52,2498.52,2576.64,0.00,3774901858.85,6338106042.15,0.00,0.00,0.00,0.00,178996065,892355086,632667412,493058177
6036.27,6113132.02,8594633.09,1940837.37,2481501.07,2158.09,2158.09,2053.92,0.00,3774901858.85,6338106042.15,0.00,0.00,0.00,0.00,178123577,892856021,632667412,493982200
6038.27,6115467.55,8596968.62,1943107.70,2481501.07,2335.53,2335.53,2270.34,0.00,3774901858.85,6338106042.15,0.00,0.00,0.00,0.00,177624721,893405305,632667412,494529667
6040.27,6117683.04,8599184.11,1945338.26,2481501.07,2215.49,2215.49,2230.56,0.00,3774901858.85,6338106042.15,0.00,0.00,0.00,0.00,176844408,893921133,632667412,495361318
6042.27,6120213.09,8601714.16,1947834.14,2481501.07,2530.04,2530.04,2495.88,0.00,3774901858.85,6338106042.15,0.00,0.00,0.00,0.00,176927162,894486070,632667412,495361318
6044.27,6122394.54,8605373.48,1947977.58,2482978.94,2181.45,3659.32,143.44,1477.87,3774901858.85,6338106042.15,0.00,0.00,0.00,0.00,176175514,894976199,632667412,496181289
6046.27,6124783.82,8609792.64,1947977.58,2485008.82,2389.28,4419.16,0.00,2029.88,3774901858.85,6338106042.15,0.00,0.00,0.00,0.00,176262471,895500898,632667412,496181289
6048.27,6127107.55,8613835.08,1947977.58,2486727.54,2323.73,4042.45,0.00,1718.72,3774901858.85,6338106042.15,0.00,0.00,0.00,0.00,176348538,896009705,633814602,496181289
6050.27,6129769.98,8618260.35,1947977.58,2488490.37,2662.43,4425.27,0.00,1762.84,3774901858.85,6338106042.15,0.00,0.00,0.00,0.00,176443493,896596333,633814602,496181289
6052.27,6131948.59,8622144.51,1947977.58,2490195.92,2178.61,3884.16,0.00,1705.55,3774901858.85,6338106042.15,0.00,0.00,0.00,0.00,176527853,897069697,634732325,496181289
6054.27,6134647.88,8626616.85,1947977.58,2491968.97,2699.29,4472.34,0.00,1773.05,3774901858.85,6338106042.15,0.00,0.00,0.00,0.00,176561686,897726882,634732325,496181289
6056.27,6137188.46,8630793.94,1947977.58,2493605.48,2540.59,4177.09,0.00,1636.50,3774901858.85,6338106042.15,0.00,0.00,0.00,0.00,176635719,898303239,635656692,496181289
6058.27,6139868.26,8635143.37,1947977.58,2495275.11,2679.80,4349.43,0.00,1669.63,3774901858.85,6338106042.15,0.00,0.00,0.00,0.00,176679971,898945015,635656692,496181289
6060.27,6142416.83,8639300.26,1947977.58,2496883.43,2548.57,4156.89,0.00,1608.32,3774901858.85,6338106042.15,0.00,0.00,0.00,0.00,176734803,899542617,636469013,496181289
6062.27,6145063.60,8643672.30,1947977.58,2498608.70,2646.77,4372.04,0.00,1725.27,3774901858.85,6338106042.15,0.00,0.00,0.00,0.00,176830438,900124554,636469013,496181289
6064.27,6147607.27,8647850.14,1947977.58,2500242.87,2543.67,4177.84,0.00,1634.17,3774901858.85,6338106042.15,0.00,0.00,0.00,0.00,176917034,900689137,637402633,496181289
6066.27,6150222.20,8652118.00,1947977.58,2501895.80,2614.93,4267.86,0.00,1652.93,3774901858.85,6338106042.15,0.00,0.00,0.00,0.00,176949500,901326093,637402633,496181289
6068.27,6152785.82,8656465.21,1947977.58,2503679.39,2563.63,4347.21,0.00,1783.59,3774901858.85,6338106042.15,0.00,0.00,0.00,0.00,176999679,901932203,638211538,496181289
6070.27,6155423.27,8661190.44,1947977.58,2505767.17,2637.45,4725.23,0.00,2087.78,3774901858.85,6338106042.15,0.00,0.00,0.00,0.00,177083615,902523454,638211538,496181289
6072.27,6157942.79,8665260.64,1947977.58,2507317.85,2519.52,4070.20,0.00,1550.68,3774901858.85,6338106042.15,0.00,0.00,0.00,0.00,177187811,903064255,638945209,496181289
6074.27,6160693.32,8669827.06,1947977.58,2509133.74,2750.53,4566.42,0.00,1815.89,3774901858.85,6338106042.15,0.00,0.00,0.00,0.00,177283144,903673058,638945209,496181289
6076.27,6163097.60,8673880.71,1947977.58,2510783.11,2404.27,4053.64,0.00,1649.37,3774901858.85,6338106042.15,0.00,0.00,0.00,0.00,177371468,904200228,639910982,496181289
6078.27,6165861.74,8678360.25,1947977.58,2512498.52,2764.14,4479.55,0.00,1715.41,3774901858.85,6338106042.15,0.00,0.00,0.00,0.00,177483633,904795683,639910982,496181289
6080.27,6168152.69,8682288.63,1947977.58,2514135.94,2290.95,3928.38,0.00,1637.43,3774901858.85,6338106042.15,0.00,0.00,0.00,0.00,177567013,905298786,640749793,496181289
6082.27,6170909.37,8686807.27,1947977.58,2515897.90,2756.68,4518.64,0.00,1761.96,3774901858.85,6338106042.15,0.00,0.00,0.00,0.00,177681629,905889881,640749793,496181289
6084.27,6173286.85,8689766.89,1949674.67,2516480.04,2377.48,2959.62,1697.09,582.14,3774901858.85,6338106042.15,0.00,0.00,0.00,0.00,177785153,906394992,641616258,496181289
6086.27,6175595.96,8692076.00,1951900.20,2516480.04,2309.11,2309.11,2225.53,0.00,3774901858.85,6338106042.15,0.00,0.00,0.00,0.00,177050932,906878724,641616258,497022909
6088.27,6178367.17,8694847.21,1954476.66,2516480.04,2771.21,2771.21,2576.46,0.00,3774901858.85,6338106042.15,0.00,0.00,0.00,0.00,177190441,907448646,641616258,497022909
6090.27,6180622.27,8697102.32,1956698.66,2516480.04,2255.10,2255.10,2222.00,0.00,3774901858.85,6338106042.15,0.00,0.00,0.00,0.00,176330533,907901218,641616258,498007551
6092.27,6183031.68,8699511.72,1958931.71,2516480.04,2409.41,2409.41,2233.05,0.00,3774901858.85,6338106042.15,0.00,0.00,0.00,0.00,175507462,908401633,641616258,498947015
6094.27,6185878.79,8702358.83,1961511.28,2516480.04,2847.11,2847.11,2579.56,0.00,3774901858.85,6338106042.15,0.00,0.00,0.00,0.00,175759831,908878124,641616258,498947015
6096.27,6188033.55,8704513.60,1963664.16,2516480.04,2154.77,2154.77,2152.89,0.00,3774901858.85,6338106042.15,0.00,0.00,0.00,0.00,174971598,909149416,641616258,500015576
6098.27,6190866.67,8707346.71,1966229.98,2516480.04,2833.12,2833.12,2565.82,0.00,3774901858.85,6338106042.15,0.00,0.00,0.00,0.00,175311888,909534404,641616258,500015576
6100.27,6193314.82,8709794.86,1968430.98,2516480.04,2448.15,2448.15,2201.00,0.00,3774901858.85,6338106042.15,0.00,0.00,0.00,0.00,174646306,909856495,641616258,500985793
6102.27,6195271.86,8711849.56,1970364.74,2516577.70,1957.04,2054.70,1933.76,97.66,3774901858.85,6338106042.15,0.00,0.00,0.00,0.00,173794676,910282783,641616258,501912137
6104.27,6197896.34,8716405.02,1970364.74,2518508.68,2624.48,4555.46,0.00,1930.98,3774901858.85,6338106042.15,0.00,0.00,0.00,0.00,173989793,910759534,641616258,501912137
6106.27,6200368.24,8720796.45,1970364.74,2520428.21,2471.89,4391.43,0.00,1919.54,3774901858.85,6338106042.15,0.00,0.00,0.00,0.00,174168328,911213804,641616258,501912137
6108.27,6202847.67,8724906.24,1970364.74,2522058.57,2479.43,4109.79,0.00,1630.35,3774901858.85,6338106042.15,0.00,0.00,0.00,0.00,174292772,911724095,642707193,501912137
6110.27,6205399.84,8729054.67,1970364.74,2523654.83,2552.16,4148.43,0.00,1596.27,3774901858.85,6338106042.15,0.00,0.00,0.00,0.00,174577295,912092926,642707193,501912137
6112.27,6207879.82,8733104.48,1970364.74,2525224.66,2479.98,4049.81,0.00,1569.82,3774901858.85,6338106042.15,0.00,0.00,0.00,0.00,174866446,912438651,643470502,501912137
6114.27,6210093.42,8736975.65,1970364.74,2526882.23,2213.60,3871.18,0.00,1657.57,3774901858.85,6338106042.15,0.00,0.00,0.00,0.00,175114377,912757402,644254561,501912137
6116.27,6212731.68,8741382.64,1970364.74,2528650.96,2638.26,4406.99,0.00,1768.73,3774901858.85,6338106042.15,0.00,0.00,0.00,0.00,175399205,913147968,644254561,501912137
6118.27,6215400.99,8745871.05,1970364.74,2530470.06,2669.31,4488.41,0.00,1819.10,3774901858.85,6338106042.15,0.00,0.00,0.00,0.00,175685703,913544814,644254561,501912137
6120.27,6217801.09,8749752.58,1970364.74,2531951.49,2400.10,3881.53,0.00,1481.43,3774901858.85,6338106042.15,0.00,0.00,0.00,0.00,175951272,913893671,645208947,501912137
6122.27,6220359.92,8753137.25,1971655.03,2532777.34,2558.82,3384.67,1290.29,825.85,3774901858.85,6338106042.15,0.00,0.00,0.00,0.00,176078243,914421759,645656522,501912137
6124.41,6222662.35,8755439.69,1974077.59,2532777.34,2302.43,2302.43,2422.56,0.00,3774901858.85,6338106042.15,0.00,0.00,0.00,0.00,175252061,914886877,645656522,502862624
6126.41,6225166.65,8757943.98,1976616.32,2532777.34,2504.30,2504.30,2538.73,0.00,3774901858.85,6338106042.15,0.00,0.00,0.00,0.00,175507105,915272933,645656522,502862624
6128.41,6227361.35,8760138.68,1978866.22,2532777.34,2194.70,2194.70,2249.90,0.00,3774901858.85,6338106042.15,0.00,0.00,0.00,0.00,174821519,915598258,645656522,503784728
6130.41,6229646.20,8762423.54,1981093.26,2532777.34,2284.85,2284.85,2227.04,0.00,3774901858.85,6338106042.15,0.00,0.00,0.00,0.00,174327074,915948323,645656522,504514030
6132.41,6232164.88,8764942.22,1983637.98,2532777.34,2518.68,2518.68,2544.72,0.00,3774901858.85,6338106042.15,0.00,0.00,0.00,0.00,174598810,916321370,645656522,504514030
6134.41,6234409.56,8767186.90,1985837.02,2532777.34,2244.68,2244.68,2199.04,0.00,3774901858.85,6338106042.15,0.00,0.00,0.00,0.00,173960040,916651527,645656522,505397281
6136.41,6236611.18,8769388.52,1988147.07,2532777.34,2201.62,2201.62,2310.05,0.00,3774901858.85,6338106042.15,0.00,0.00,0.00,0.00,173252883,917002017,645656522,506317562
6138.41,6239135.16,8771912.49,1990700.98,2532777.34,2523.98,2523.98,2553.91,0.00,3774901858.85,6338106042.15,0.00,0.00,0.00,0.00,173528833,917372205,645656522,506317562
6140.41,6241373.78,8774151.11,1992948.72,2532777.34,2238.62,2238.62,2247.73,0.00,3774901858.85,6338106042.15,0.00,0.00,0.00,0.00,172881618,917701735,645656522,507208334
6142.41,6243408.62,8776443.96,1994856.64,2533035.34,2034.84,2292.84,1907.92,258.00,3774901858.85,6338106042.15,0.00,0.00,0.00,0.00,172122851,918011206,645656522,508178550
6144.41,6245478.21,8780541.44,1994856.64,2535063.23,2069.59,4097.48,0.00,2027.89,3774901858.85,6338106042.15,0.00,0.00,0.00,0.00,172335006,918328867,646055271,508178550
6146.41,6248061.97,8784944.41,1994856.64,2536882.45,2583.75,4402.97,0.00,1819.22,3774901858.85,6338106042.15,0.00,0.00,0.00,0.00,172611155,918714159,646055271,508178550
6148.41,6250500.95,8789068.91,1994856.64,2538567.96,2438.98,4124.50,0.00,1685.52,3774901858.85,6338106042.15,0.00,0.00,0.00,0.00,172855172,919094521,646970790,508178550
6150.41,6252951.57,8793290.64,1994856.64,2540339.07,2450.62,4221.73,0.00,1771.11,3774901858.85,6338106042.15,0.00,0.00,0.00,0.00,173116338,919460714,646970790,508178550
6152.41,6255350.50,8797277.44,1994856.64,2541926.94,2398.93,3986.80,0.00,1587.88,3774901858.85,6338106042.15,0.00,0.00,0.00,0.00,173357865,919833312,647771547,508178550
6154.41,6257993.02,8801572.52,1994856.64,2543579.50,2642.53,4295.09,0.00,1652.56,3774901858.85,6338106042.15,0.00,0.00,0.00,0.00,173643868,920223796,647771547,508178550
6156.41,6260507.91,8805635.64,1994856.64,2545127.73,2514.89,4063.12,0.00,1548.23,3774901858.85,6338106042.15,0.00,0.00,0.00,0.00,173903504,920607972,648573964,508178550
6158.41,6262959.96,8809385.78,1994856.64,2546425.82,2452.05,3750.14,0.00,1298.09,3774901858.85,6338106042.15,0.00,0.00,0.00,0.00,174201716,920937485,649125150,508178550
6160.41,6265460.38,8813769.77,1994856.64,2548309.39,2500.41,4383.98,0.00,1883.57,3774901858.85,6338106042.15,0.00,0.00,0.00,0.00,174488439,921290868,649125150,508178550
6162.41,6267892.51,8818046.21,1994895.01,2550153.71,2432.13,4276.45,38.37,1844.32,3774901858.85,6338106042.15,0.00,0.00,0.00,0.00,174747659,921654273,650091638,508178550
6164.41,6270424.78,8820578.49,1997477.13,2550153.71,2532.27,2532.27,2582.12,0.00,3774901858.85,6338106042.15,0.00,0.00,0.00,0.00,175031533,922018661,650091638,508178550
6166.41,6272556.37,8822710.07,1999664.36,2550153.71,2131.59,2131.59,2187.23,0.00,3774901858.85,6338106042.15,0.00,0.00,0.00,0.00,174174343,922314806,650091638,509285281
6168.41,6275102.07,8825255.77,2002196.12,2550153.71,2545.70,2545.70,2531.76,0.00,3774901858.85,6338106042.15,0.00,0.00,0.00,0.00,174455950,922684898,650091638,509285281
6170.41,6277333.98,8827487.69,2004537.91,2550153.71,2231.92,2231.92,2341.79,0.00,3774901858.85,6338106042.15,0.00,0.00,0.00,0.00,173832321,923029849,650091638,510135330
6172.41,6279846.03,8829999.73,2007169.30,2550153.71,2512.04,2512.04,2631.40,0.00,3774901858.85,6338106042.15,0.00,0.00,0.00,0.00,173951371,923553882,650091638,510135330
6174.41,6281940.46,8832094.17,2009247.02,2550153.71,2094.44,2094.44,2077.71,0.00,3774901858.85,6338106042.15,0.00,0.00,0.00,0.00,172790302,923960495,650091638,511425962
6176.41,6284114.10,8834267.81,2011469.68,2550153.71,2173.64,2173.64,2222.66,0.00,3774901858.85,6338106042.15,0.00,0.00,0.00,0.00,172184743,924265424,650091638,512283043
6178.41,6286661.31,8836815.02,2014004.68,2550153.71,2547.21,2547.21,2535.00,0.00,3774901858.85,6338106042.15,0.00,0.00,0.00,0.00,172360406,924741846,650091638,512283043
6180.41,6288865.81,8839019.52,2016264.70,2550153.71,2204.50,2204.50,2260.03,0.00,3774901858.85,6338106042.15,0.00,0.00,0.00,0.00,171572658,925182226,650091638,513194763
6182.41,6291004.41,8841158.11,2017771.06,2550153.71,2138.60,2138.60,1506.36,0.00,3774901858.85,6338106042.15,0.00,0.00,0.00,0.00,170941067,925511422,650091638,514044639
6184.41,6293518.70,8843672.41,2019832.41,2550153.71,2514.30,2514.30,2061.36,0.00,3774901858.85,6338106042.15,0.00,0.00,0.00,0.00,171198637,925897512,650091638,514044639
6186.41,6295729.06,8845882.77,2021220.17,2550153.71,2210.36,2210.36,1387.75,0.00,3774901858.85,6338106042.15,0.00,0.00,0.00,0.00,170544238,926234791,650091638,514927611
6188.41,6298086.23,8848239.93,2021744.23,2550153.71,2357.16,2357.16,524.06,0.00,3774901858.85,6338106042.15,0.00,0.00,0.00,0.00,170797572,926584891,650091638,514927611
6190.41,6300466.05,8850619.76,2024380.52,2550153.71,2379.83,2379.83,2636.29,0.00,3774901858.85,6338106042.15,0.00,0.00,0.00,0.00,171047801,926943898,650091638,514927611
6192.41,6302420.52,8852574.23,2025912.15,2550153.71,1954.47,1954.47,1531.63,0.00,3774901858.85,6338106042.15,0.00,0.00,0.00,0.00,170057607,927233288,650091638,516128759
6194.41,6304844.40,8854998.11,2027068.20,2550153.71,2423.88,2423.88,1156.05,0.00,3774901858.85,6338106042.15,0.00,0.00,0.00,0.00,170307604,927603803,650091638,516128759
6196.41,6307411.29,8857564.99,2029630.50,2550153.71,2566.89,2566.89,2562.30,0.00,3774901858.85,6338106042.15,0.00,0.00,0.00,0.00,170577337,927991193,650091638,516128759
6198.41,6309604.04,8859757.75,2029993.58,2550153.71,2192.75,2192.75,363.08,0.00,3774901858.85,6338106042.15,0.00,0.00,0.00,0.00,169705435,928379597,650091638,517173602
6200.41,6312160.64,8862314.35,2032239.61,2550153.71,2556.61,2556.61,2246.03,0.00,3774901858.85,6338106042.15,0.00,0.00,0.00,0.00,169869889,928869634,650091638,517173602
6202.41,6314378.18,8864531.89,2033707.25,2550153.71,2217.54,2217.54,1467.64,0.00,3774901858.85,6338106042.15,0.00,0.00,0.00,0.00,169110902,929250948,650091638,518118965
6204.41,6316920.70,8867074.40,2034615.20,2550153.71,2542.51,2542.51,907.95,0.00,3774901858.85,6338106042.15,0.00,0.00,0.00,0.00,169370967,929641766,650091638,518118965
6206.41,6319207.65,8869361.36,2036833.26,2550153.71,2286.95,2286.95,2218.06,0.00,3774901858.85,6338106042.15,0.00,0.00,0.00,0.00,168809445,929988490,650091638,518919223
6208.41,6321742.71,8871896.42,2036833.26,2550153.71,2535.06,2535.06,0.00,0.00,3774901858.85,6338106042.15,0.00,0.00,0.00,0.00,169080448,930366463,650091638,518919223
6210.41,6324271.83,8874425.54,2038911.59,2550153.71,2529.12,2529.12,2078.34,0.00,3774901858.85,6338106042.15,0.00,0.00,0.00,0.00,169334679,930759687,650091638,518919223
6212.41,6326455.07,8876608.78,2040591.39,2550153.71,2183.24,2183.24,1679.79,0.00,3774901858.85,6338106042.15,0.00,0.00,0.00,0.00,168652812,931038387,650091638,519881299
6214.41,6328980.14,8879133.84,2041274.54,2550153.71,2525.07,2525.07,683.16,0.00,3774901858.85,6338106042.15,0.00,0.00,0.00,0.00,168911501,931426115,650091638,519881299
6216.41,6331514.09,8881667.80,2043842.42,2550153.71,2533.96,2533.96,2567.88,0.00,3774901858.85,6338106042.15,0.00,0.00,0.00,0.00,169161320,931824989,650091638,519881299
6218.41,6333705.52,8883859.22,2044628.29,2550153.71,2191.42,2191.42,785.87,0.00,3774901858.85,6338106042.15,0.00,0.00,0.00,0.00,168348602,932165266,650091638,520914744
6220.41,6336272.37,8886426.07,2046445.80,2550153.71,2566.85,2566.85,1817.51,0.00,3774901858.85,6338106042.15,0.00,0.00,0.00,0.00,168615433,932555549,650091638,520914744
6222.41,6338474.68,8888628.39,2048592.23,2550153.71,2202.31,2202.31,2146.43,0.00,3774901858.85,6338106042.15,0.00,0.00,0.00,0.00,167832030,932887974,650091638,521929514
6224.41,6341012.42,8891166.12,2048990.59,2550153.71,2537.74,2537.74,398.36,0.00,3774901858.85,6338106042.15,0.00,0.00,0.00,0.00,168082557,933287108,650091638,521929514
6226.41,6343566.38,8893720.08,2051574.28,2550153.71,2553.96,2553.96,2583.68,0.00,3774901858.85,6338106042.15,0.00,0.00,0.00,0.00,168345726,933677752,650091638,521929514
6228.41,6345729.69,8895883.40,2052533.66,2550153.71,2163.32,2163.32,959.38,0.00,3774901858.85,6338106042.15,0.00,0.00,0.00,0.00,167562566,934005716,650091638,522938519
6230.41,6348289.41,8898443.12,2054027.02,2550153.71,2559.72,2559.72,1493.36,0.00,3774901858.85,6338106042.15,0.00,0.00,0.00,0.00,167821265,934402306,650091638,522938519
6232.41,6350570.54,8900724.25,2055524.81,2550153.71,2281.12,2281.12,1497.79,0.00,3774901858.85,6338106042.15,0.00,0.00,0.00,0.00,167290430,934751375,650091638,523704253
6234.41,6353119.29,8903273.00,2055754.68,2550153.71,2548.75,2548.75,229.87,0.00,3774901858.85,6338106042.15,0.00,0.00,0.00,0.00,167534211,935160075,650091638,523704253
6236.41,6355672.73,8905826.43,2058295.00,2550153.71,2553.43,2553.43,2540.32,0.00,3774901858.85,6338106042.15,0.00,0.00,0.00,0.00,167790819,935557146,650091638,523704253
6238.41,6357880.63,8908034.34,2059234.22,2550153.71,2207.91,2207.91,939.22,0.00,3774901858.85,6338106042.15,0.00,0.00,0.00,0.00,167036590,935926990,650091638,524653862
6240.41,6360409.54,8910563.24,2060629.47,2550153.71,2528.90,2528.90,1395.25,0.00,3774901858.85,6338106042.15,0.00,0.00,0.00,0.00,167329119,936281860,650091638,524653862
6242.41,6362670.15,8912823.86,2062455.82,2550153.71,2260.62,2260.62,1826.35,0.00,3774901858.85,6338106042.15,0.00,0.00,0.00,0.00,166801834,936563139,650091638,525478586
6244.41,6365220.80,8915374.50,2062488.47,2550153.71,2550.64,2550.64,32.65,0.00,3774901858.85,6338106042.15,0.00,0.00,0.00,0.00,167147149,936870789,650091638,525478586
6246.41,6367765.50,8917919.21,2065028.49,2550153.71,2544.70,2544.70,2540.02,0.00,3774901858.85,6338106042.15,0.00,0.00,0.00,0.00,167441059,937228323,650091638,525478586
6248.41,6369914.17,8920067.88,2066803.73,2550153.71,2148.67,2148.67,1775.25,0.00,3774901858.85,6338106042.15,0.00,0.00,0.00,0.00,166577298,937529085,650091638,526591644
6250.41,6372444.27,8922597.98,2067925.54,2550153.71,2530.11,2530.11,1121.81,0.00,3775828845.41,6339062927.48,926986.56,956885.33,0.00,0.00,166872635,937881455,650091638,526591644
6252.41,6374861.74,8925015.45,2070545.46,2550153.71,2417.47,2417.47,2619.92,0.00,3775828845.41,6339062927.48,0.00,0.00,0.00,0.00,167146285,938226677,650091638,526591644
6254.41,6376903.42,8927057.13,2070930.36,2550153.71,2041.68,2041.68,384.89,0.00,3775828845.41,6339062927.48,0.00,0.00,0.00,0.00,166326644,938512573,650091638,527648059
6256.41,6379387.39,8929541.10,2072862.45,2550153.71,2483.97,2483.97,1932.09,0.00,3775828845.41,6339062927.48,0.00,0.00,0.00,0.00,166472033,939003081,650091638,527648059
6258.41,6381638.32,8931792.02,2074330.61,2550153.71,2250.92,2250.92,1468.17,0.00,3775828845.41,6339062927.48,0.00,0.00,0.00,0.00,165712396,939468501,650091638,528518512
6260.41,6384151.67,8934305.38,2074876.19,2550153.71,2513.36,2513.36,545.57,0.00,3775828845.41,6339062927.48,0.00,0.00,0.00,0.00,165853943,939970373,650091638,528518512
6262.41,6386714.05,8936867.76,2077353.73,2550153.71,2562.38,2562.38,2477.55,0.00,3775828845.41,6339062927.48,0.00,0.00,0.00,0.00,166016249,940464037,650091638,528518512
6264.41,6388999.82,8939153.53,2077390.98,2550153.71,2285.77,2285.77,37.25,0.00,3775828845.41,6339062927.48,0.00,0.00,0.00,0.00,165490481,940791507,650091638,529301966
6266.41,6391558.82,8941712.53,2079177.64,2550153.71,2559.00,2559.00,1786.66,0.00,3775828845.41,6339062927.48,0.00,0.00,0.00,0.00,165781027,941156066,650091638,529301966
6268.41,6393773.63,8943927.34,2081182.80,2550153.71,2214.80,2214.80,2005.16,0.00,3775828845.41,6339062927.48,0.00,0.00,0.00,0.00,165054360,941479023,650091638,530272666
6270.41,6396334.20,8946487.91,2081617.55,2550153.71,2560.57,2560.57,434.76,0.00,3775828845.41,6339062927.48,0.00,0.00,0.00,0.00,165344916,941843973,650091638,530272666
6272.41,6398924.28,8949077.99,2084182.70,2550153.71,2590.08,2590.08,2565.15,0.00,3775828845.41,6339062927.48,0.00,0.00,0.00,0.00,165639476,942212474,650091638,530272666
6274.41,6401163.73,8951317.43,2085214.01,2550153.71,2239.45,2239.45,1031.31,0.00,3775828845.41,6339062927.48,0.00,0.00,0.00,0.00,164886076,942507186,650091638,531304652
6276.41,6403775.49,8953929.20,2086838.27,2550153.71,2611.76,2611.76,1624.25,0.00,3775828845.41,6339062927.48,0.00,0.00,0.00,0.00,165181512,942880361,650091638,531304652
6278.41,6406037.54,8956191.25,2088663.91,2550153.71,2262.05,2262.05,1825.64,0.00,3775828845.41,6339062927.48,0.00,0.00,0.00,0.00,164449206,943308580,650091638,532187825
6280.41,6408658.72,8958812.43,2089129.45,2550153.71,2621.18,2621.18,465.54,0.00,3775828845.41,6339062927.48,0.00,0.00,0.00,0.00,164597429,943831379,650091638,532187825
6282.41,6411310.25,8961463.95,2091702.05,2550153.71,2651.52,2651.52,2572.61,0.00,3775828845.41,6339062927.48,0.00,0.00,0.00,0.00,164831341,944276257,650091638,532187825
6284.41,6413569.23,8963722.94,2092774.84,2550153.71,2258.99,2258.99,1072.79,0.00,3775828845.41,6339062927.48,0.00,0.00,0.00,0.00,164003734,944629766,650091638,533240224
6286.41,6416275.71,8966429.42,2094608.26,2550153.71,2706.48,2706.48,1833.42,0.00,3775828845.41,6339062927.48,0.00,0.00,0.00,0.00,164210141,945116217,650091638,533240224
6288.66,6418944.27,8969097.98,2097100.19,2550153.71,2668.56,2668.56,2491.93,0.00,3775828845.41,6339062927.48,0.00,0.00,0.00,0.00,163215163,945687059,650091638,534347512
6290.66,6421453.34,8971607.05,2098086.75,2550153.71,2509.07,2509.07,986.56,0.00,3775828845.41,6339062927.48,0.00,0.00,0.00,0.00,163458525,946086019,650091638,534347512
6292.66,6423976.32,8974130.02,2100680.00,2550153.71,2522.97,2522.97,2593.25,0.00,3775828845.41,6339062927.48,0.00,0.00,0.00,0.00,163735157,946455268,650091638,534347512
6294.66,6426096.50,8976250.21,2101492.24,2550153.71,2120.19,2120.19,812.25,0.00,3775828845.41,6339062927.48,0.00,0.00,0.00,0.00,162804212,946804812,650091638,535471681
6296.66,6428615.09,8978768.79,2103535.00,2550153.71,2518.58,2518.58,2042.76,0.00,3775828845.41,6339062927.48,0.00,0.00,0.00,0.00,162993950,947259831,650091638,535471681
6298.70,6430818.23,8980971.93,2105810.87,2550153.71,2203.14,2203.14,2275.87,0.00,3775828845.41,6339062927.48,0.00,0.00,0.00,0.00,162045156,947667062,650091638,536577248
6300.70,6433352.32,8983506.02,2106393.75,2550153.71,2534.09,2534.09,582.88,0.00,3775828845.41,6339062927.48,0.00,0.00,0.00,0.00,162172365,948188580,650091638,536577248
6302.70,6435872.04,8986025.75,2108990.80,2550153.71,2519.73,2519.73,2597.05,0.00,3775828845.41,6339062927.48,0.00,0.00,0.00,0.00,162413257,948592738,650091638,536577248
6304.70,6438034.64,8988188.35,2109671.75,2550153.71,2162.60,2162.60,680.95,0.00,3775828845.41,6339062927.48,0.00,0.00,0.00,0.00,161636300,948934935,650091638,537565634
6306.70,6440554.70,8990708.40,2111277.19,2550153.71,2520.05,2520.05,1605.44,0.00,3775828845.41,6339062927.48,0.00,0.00,0.00,0.00,161904841,949311527,650091638,537565634
6308.70,6442805.51,8992959.21,2112960.43,2550153.71,2250.81,2250.81,1683.24,0.00,3775828845.41,6339062927.48,0.00,0.00,0.00,0.00,161243093,949707582,650091638,538407535
6310.70,6445322.78,8995476.49,2113236.70,2550153.71,2517.27,2517.27,276.27,0.00,3775828845.41,6339062927.48,0.00,0.00,0.00,0.00,161474212,950120885,650091638,538407535
6312.70,6447859.69,8998013.40,2115811.43,2550153.71,2536.91,2536.91,2574.73,0.00,3775828845.41,6339062927.48,0.00,0.00,0.00,0.00,161730778,950513768,650091638,538407535
6314.70,6449992.38,9000146.09,2117275.93,2550153.71,2132.69,2132.69,1464.49,0.00,3775828845.41,6339062927.48,0.00,0.00,0.00,0.00,160854803,950830946,650091638,539512300
6316.70,6452527.84,9002681.55,2118390.51,2550153.71,2535.46,2535.46,1114.58,0.00,3775828845.41,6339062927.48,0.00,0.00,0.00,0.00,161120322,951214505,650091638,539512300
6318.70,6454759.22,9004912.93,2120654.85,2550153.71,2231.38,2231.38,2264.34,0.00,3775828845.41,6339062927.48,0.00,0.00,0.00,0.00,160483843,951557221,650091638,540377297
6320.70,6457334.82,9007488.53,2120654.85,2550153.71,2575.60,2575.60,0.00,0.00,3775828845.41,6339062927.48,0.00,0.00,0.00,0.00,160763470,951936948,650091638,540377297
6322.70,6459896.92,9010050.63,2123210.28,2550153.71,2562.10,2562.10,2555.43,0.00,3775828845.41,6339062927.48,0.00,0.00,0.00,0.00,161022674,952333641,650091638,540377297
6324.70,6462124.63,9012278.34,2124655.87,2550153.71,2227.71,2227.71,1445.59,0.00,3775828845.41,6339062927.48,0.00,0.00,0.00,0.00,160215480,952686884,650091638,541401541
6326.70,6464667.89,9015613.20,2124655.87,2550945.31,2543.26,3334.86,0.00,791.61,3775828845.41,6339062927.48,0.00,0.00,0.00,0.00,160406678,953146760,650091638,541401541
6328.70,6467362.20,9020041.36,2124655.87,2552679.17,2694.31,4428.16,0.00,1733.86,3775828845.41,6339062927.48,0.00,0.00,0.00,0.00,160583079,953660102,650091638,541401541
6330.70,6469601.96,9023917.82,2124655.87,2554315.86,2239.77,3876.46,0.00,1636.70,3775828845.41,6339062927.48,0.00,0.00,0.00,0.00,160903848,953912713,650983344,541401541
6332.70,6472300.13,9028404.51,2124655.87,2556104.38,2698.17,4486.69,0.00,1788.52,3775828845.41,6339062927.48,0.00,0.00,0.00,0.00,161217711,954289582,650983344,541401541
6334.70,6474898.66,9032511.74,2124655.87,2557613.08,2598.53,4107.23,0.00,1508.70,3775828845.41,6339062927.48,0.00,0.00,0.00,0.00,161483044,954689472,651678870,541401541
6336.70,6477509.66,9036648.14,2124655.87,2559138.48,2611.00,4136.40,0.00,1525.40,3775828845.41,6339062927.48,0.00,0.00,0.00,0.00,161769636,955071297,652300490,541401541
6338.70,6480166.45,9040972.68,2124655.87,2560806.23,2656.78,4324.54,0.00,1667.75,3775828845.41,6339062927.48,0.00,0.00,0.00,0.00,162065002,955456067,652300490,541401541
6340.70,6482788.21,9045082.74,2124655.87,2562294.53,2621.77,4110.06,0.00,1488.29,3775828845.41,6339062927.48,0.00,0.00,0.00,0.00,162331714,955860527,652925871,541401541
6342.70,6485384.04,9049301.73,2124655.87,2563917.70,2595.82,4219.00,0.00,1623.17,3775828845.41,6339062927.48,0.00,0.00,0.00,0.00,162615208,956241564,653540201,541401541
6344.70,6488015.11,9053769.62,2124655.87,2565754.52,2631.07,4467.89,0.00,1836.82,3775828845.41,6339062927.48,0.00,0.00,0.00,0.00,162895474,956634852,653540201,541401541
6346.70,6490453.08,9056356.92,2126866.46,2565903.84,2437.98,2587.29,2210.60,149.32,3775828845.41,6339062927.48,0.00,0.00,0.00,0.00,162793256,957090425,654117452,541672308
6348.70,6493019.29,9058923.12,2129462.20,2565903.84,2566.21,2566.21,2595.73,0.00,3775828845.41,6339062927.48,0.00,0.00,0.00,0.00,162931434,957609196,654117452,541672308
6350.70,6495240.39,9061144.23,2130577.57,2565903.84,2221.10,2221.10,1115.37,0.00,3775828845.41,6339062927.48,0.00,0.00,0.00,0.00,162086539,958040580,654117452,542654421
6352.70,6497859.06,9063762.90,2133178.66,2565903.84,2618.67,2618.67,2601.09,0.00,3775828845.41,6339062927.48,0.00,0.00,0.00,0.00,162170531,958626968,654117452,542654421
6354.70,6500109.02,9066012.85,2133821.27,2565903.84,2249.95,2249.95,642.61,0.00,3775828845.41,6339062927.48,0.00,0.00,0.00,0.00,161300378,958979647,654117452,543747883
6356.70,6502635.23,9068539.07,2136159.91,2565903.84,2526.22,2526.22,2338.64,0.00,3775828845.41,6339062927.48,0.00,0.00,0.00,0.00,161548303,959378434,654117452,543747883
6358.70,6504807.95,9070711.78,2137890.45,2565903.84,2172.71,2172.71,1730.54,0.00,3775828845.41,6339062927.48,0.00,0.00,0.00,0.00,160710581,959730677,654117452,544789576
6360.70,6507346.56,9073250.40,2138754.62,2565903.84,2538.62,2538.62,864.17,0.00,3775828845.41,6339062927.48,0.00,0.00,0.00,0.00,160955552,960135592,654117452,544789576
6362.70,6509877.39,9075781.23,2141337.18,2565903.84,2530.83,2530.83,2582.55,0.00,3775828845.41,6339062927.48,0.00,0.00,0.00,0.00,161215274,960523763,654117452,544789576
6364.70,6512055.98,9077959.81,2142168.14,2565903.84,2178.58,2178.58,830.97,0.00,3775828845.41,6339062927.48,0.00,0.00,0.00,0.00,160353690,960847974,654117452,545884666
6366.70,6514464.48,9081766.59,2142168.14,2567302.11,2408.50,3806.77,0.00,1398.27,3775828845.41,6339062927.48,0.00,0.00,0.00,0.00,160601509,961216732,654117452,545884666
6368.70,6516967.16,9085197.52,2142168.14,2568230.36,2502.68,3430.93,0.00,928.25,3775828845.41,6339062927.48,0.00,0.00,0.00,0.00,160874186,961584740,654712880,545884666
6370.70,6519420.71,9088127.32,2142168.14,2568706.60,2453.56,2929.80,0.00,476.24,3775828845.41,6339062927.48,0.00,0.00,0.00,0.00,161137757,961949280,654712880,545884666
6372.70,6521934.39,9092289.57,2142168.14,2570355.18,2513.67,4162.25,0.00,1648.58,3775828845.41,6339062927.48,0.00,0.00,0.00,0.00,161393887,962336650,654712880,545884666
6374.70,6524222.65,9096186.12,2142168.14,2571963.47,2288.27,3896.56,0.00,1608.29,3775828845.41,6339062927.48,0.00,0.00,0.00,0.00,161634361,962681972,655448216,545884666
6376.70,6526724.98,9100372.95,2142168.14,2573647.97,2502.33,4186.83,0.00,1684.50,3775828845.41,6339062927.48,0.00,0.00,0.00,0.00,161885554,963071375,655448216,545884666
6378.70,6529095.77,9104419.25,2142168.14,2575323.48,2370.79,4046.29,0.00,1675.50,3775828845.41,6339062927.48,0.00,0.00,0.00,0.00,162124648,963439203,656263050,545884666
6380.70,6531613.58,9108720.20,2142168.14,2577106.62,2517.81,4300.96,0.00,1783.14,3775828845.41,6339062927.48,0.00,0.00,0.00,0.00,162391983,963816428,656263050,545884666
6382.70,6534055.64,9112846.21,2142168.14,2578790.57,2442.06,4126.01,0.00,1683.95,3775828845.41,6339062927.48,0.00,0.00,0.00,0.00,162643142,964190437,657066071,545884666
6384.70,6536644.19,9117193.28,2142168.14,2580549.09,2588.55,4347.07,0.00,1758.52,3775828845.41,6339062927.48,0.00,0.00,0.00,0.00,162982690,964513557,657066071,545884666
6386.70,6539115.14,9121353.37,2142168.14,2582238.23,2470.95,4160.09,0.00,1689.14,3775828845.41,6339062927.48,0.00,0.00,0.00,0.00,163394193,964734617,657908318,545884666
6388.70,6541417.50,9125262.64,2142180.04,2583845.14,2302.36,3909.27,11.89,1606.91,3775828845.41,6339062927.48,0.00,0.00,0.00,0.00,163618570,965099645,658709537,545884666
6390.70,6543950.51,9127795.65,2144757.82,2583845.14,2533.01,2533.01,2577.79,0.00,3775828845.41,6339062927.48,0.00,0.00,0.00,0.00,164008052,965358613,658709537,545884666
6392.70,6546117.15,9129962.29,2146965.98,2583845.14,2166.64,2166.64,2208.16,0.00,3775828845.41,6339062927.48,0.00,0.00,0.00,0.00,163343028,965553540,658709537,546909422
6394.70,6548649.69,9132494.83,2149557.09,2583845.14,2532.54,2532.54,2591.11,0.00,3775828845.41,6339062927.48,0.00,0.00,0.00,0.00,163608902,965935996,658709537,546909422
6396.70,6550788.18,9134633.32,2151734.83,2583845.14,2138.49,2138.49,2177.74,0.00,3775828845.41,6339062927.48,0.00,0.00,0.00,0.00,163030326,965973890,658709537,547997558
6398.70,6553287.09,9137132.23,2154333.14,2583845.14,2498.91,2498.91,2598.32,0.00,3775828845.41,6339062927.48,0.00,0.00,0.00,0.00,163575025,966068913,658709537,547997558
6400.70,6555429.36,9139274.50,2156501.84,2583845.14,2142.27,2142.27,2168.70,0.00,3775828845.41,6339062927.48,0.00,0.00,0.00,0.00,162985830,966120043,658709537,549084043
6402.74,6557659.49,9141504.63,2158745.83,2583845.14,2230.13,2230.13,2243.98,0.00,3775828845.41,6339062927.48,0.00,0.00,0.00,0.00,162410245,966222031,658709537,550128553
6404.74,6560200.14,9144045.28,2161304.35,2583845.14,2540.65,2540.65,2558.52,0.00,3775828845.41,6339062927.48,0.00,0.00,0.00,0.00,162864788,966417894,658709537,550128553
6406.74,6562306.52,9146151.66,2163444.63,2583845.14,2106.38,2106.38,2140.29,0.00,3775828845.41,6339062927.48,0.00,0.00,0.00,0.00,162113841,966618707,658709537,551217921
6408.74,6564824.00,9148669.14,2166050.21,2583845.14,2517.48,2517.48,2605.58,0.00,3775828845.41,6339062927.48,0.00,0.00,0.00,0.00,162498672,966878352,658709537,551217921
6410.74,6566946.80,9150791.94,2167183.57,2583845.14,2122.80,2122.80,1133.36,0.00,3775828845.41,6339062927.48,0.00,0.00,0.00,0.00,161731474,967122896,658709537,552284011
6412.74,6569496.36,9153341.50,2168783.88,2583845.14,2549.56,2549.56,1600.30,0.00,3775828845.41,6339062927.48,0.00,0.00,0.00,0.00,162145047,967362011,658709537,552284011
6415.05,6571996.55,9155841.69,2171368.44,2583845.14,2500.18,2500.18,2584.56,0.00,3775828845.41,6339062927.48,0.00,0.00,0.00,0.00,161351355,967724424,658709537,553355337
6417.05,6574529.94,9158375.08,2171816.96,2583845.14,2533.39,2533.39,448.52,0.00,3775828845.41,6339062927.48,0.00,0.00,0.00,0.00,161595462,968128865,658709537,553355337
6419.05,6577069.87,9160915.01,2174402.01,2583845.14,2539.93,2539.93,2585.05,0.00,3775828845.41,6339062927.48,0.00,0.00,0.00,0.00,161903840,968470709,658709537,553355337
6421.05,6579221.50,9163066.64,2175556.01,2583845.14,2151.64,2151.64,1154.00,0.00,3775828845.41,6339062927.48,0.00,0.00,0.00,0.00,161098398,968754952,658709537,554427355
6423.05,6581764.74,9165609.88,2177044.57,2583845.14,2543.24,2543.24,1488.56,0.00,3775828845.41,6339062927.48,0.00,0.00,0.00,0.00,161456612,969047807,658709537,554427355
6425.05,6584037.29,9167882.43,2178902.88,2583845.14,2272.55,2272.55,1858.31,0.00,3775828845.41,6339062927.48,0.00,0.00,0.00,0.00,160946450,969282942,658709537,555284154
6427.05,6586571.18,9170416.32,2179097.32,2583845.14,2533.89,2533.89,194.44,0.00,3775828845.41,6339062927.48,0.00,0.00,0.00,0.00,161402363,969475704,658709537,555284154
6429.05,6589134.75,9172979.89,2181666.15,2583845.14,2563.58,2563.58,2568.83,0.00,3775828845.41,6339062927.48,0.00,0.00,0.00,0.00,161805449,969728894,658709537,555284154
6431.05,6591241.71,9175086.85,2183101.93,2583845.14,2106.96,2106.96,1435.78,0.00,3775828845.41,6339062927.48,0.00,0.00,0.00,0.00,161025737,969973077,658709537,556359064
6433.05,6593814.01,9177659.15,2184410.13,2583845.14,2572.30,2572.30,1308.21,0.00,3775828845.41,6339062927.48,0.00,0.00,0.00,0.00,161338382,970318941,658709537,556359064
6435.05,6596365.80,9180210.94,2186998.51,2583845.14,2551.79,2551.79,2588.38,0.00,3775828845.41,6339062927.48,0.00,0.00,0.00,0.00,161698040,970612540,658709537,556359064
6437.05,6598506.43,9182351.57,2187522.04,2583845.14,2140.63,2140.63,523.53,0.00,3775828845.41,6339062927.48,0.00,0.00,0.00,0.00,160911700,970815331,658709537,557490614
6439.05,6601096.71,9184941.86,2189923.84,2583845.14,2590.29,2590.29,2401.80,0.00,3775828845.41,6339062927.48,0.00,0.00,0.00,0.00,161262815,971127330,658709537,557490614
6441.05,6603254.28,9187099.42,2191776.18,2583845.14,2157.56,2157.56,1852.34,0.00,3775828845.41,6339062927.48,0.00,0.00,0.00,0.00,160462740,971390681,658709537,558579674
6443.05,6605837.90,9189683.04,2192774.76,2583845.14,2583.62,2583.62,998.57,0.00,3775828845.41,6339062927.48,0.00,0.00,0.00,0.00,160925260,971589568,658709537,558579674
6445.05,6608467.20,9192312.34,2195348.38,2583845.14,2629.30,2629.30,2573.62,0.00,3775828845.41,6339062927.48,0.00,0.00,0.00,0.00,161466852,971721077,658709537,558579674
6447.05,6610779.79,9194624.93,2195529.04,2583845.14,2312.59,2312.59,180.67,0.00,3775828845.41,6339062927.48,0.00,0.00,0.00,0.00,160847181,971972039,658709537,559540406
6449.05,6613459.84,9197304.98,2197690.54,2583845.14,2680.05,2680.05,2161.50,0.00,3775828845.41,6339062927.48,0.00,0.00,0.00,0.00,161131449,972373865,658709537,559540406
6451.05,6615921.70,9199766.84,2198126.39,2583845.14,2461.85,2461.85,435.85,0.00,3775828845.41,6339062927.48,0.00,0.00,0.00,0.00,160946645,972523982,658709537,560205327
6453.05,6618633.41,9202478.55,2199435.35,2583845.14,2711.71,2711.71,1308.96,0.00,3775828845.41,6339062927.48,0.00,0.00,0.00,0.00,161499183,972665643,658709537,560205327
6455.05,6621021.00,9204866.14,2200762.09,2583845.14,2387.59,2387.59,1326.74,0.00,3775828845.41,6339062927.48,0.00,0.00,0.00,0.00,161030430,973070880,658709537,560880066
6457.05,6623558.14,9207403.29,2201051.91,2583845.14,2537.14,2537.14,289.82,0.00,3775828845.41,6339062927.48,0.00,0.00,0.00,0.00,161425611,973325208,658709537,560880066
6459.20,6626028.66,9209873.80,2203406.86,2583845.14,2470.52,2470.52,2354.95,0.00,3775828845.41,6339062927.48,0.00,0.00,0.00,0.00,161145212,973560998,658709537,561557128
6461.20,6628566.19,9212411.33,2203406.86,2583845.14,2537.53,2537.53,0.00,0.00,3775828845.41,6339062927.48,0.00,0.00,0.00,0.00,161538993,973816824,658709537,561557128
6463.20,6631115.72,9214960.86,2205048.59,2583845.14,2549.53,2549.53,1641.72,0.00,3775828845.41,6339062927.48,0.00,0.00,0.00,0.00,161938643,974069853,658709537,561557128
6465.20,6633409.44,9217254.58,2205987.41,2583845.14,2293.72,2293.72,938.83,0.00,3775828845.41,6339062927.48,0.00,0.00,0.00,0.00,161643739,974291328,658709537,562217749
6467.20,6635941.84,9219786.98,2206428.86,2583845.14,2532.41,2532.41,441.45,0.00,3775828845.41,6339062927.48,0.00,0.00,0.00,0.00,162015755,974567608,658709537,562217749
6469.20,6638494.49,9222339.63,2209061.19,2583845.14,2552.65,2552.65,2632.33,0.00,3775828845.41,6339062927.48,0.00,0.00,0.00,0.00,162407906,974828935,658709537,562217749
6471.20,6641035.41,9224880.55,2211730.65,2583845.14,2540.91,2540.91,2669.46,0.00,3775828845.41,6339062927.48,0.00,0.00,0.00,0.00,162789222,975098093,658709537,562217749
6473.20,6643039.24,9226884.38,2213242.78,2583845.14,2003.84,2003.84,1512.12,0.00,3775828845.41,6339062927.48,0.00,0.00,0.00,0.00,161616136,975299276,658709537,563702634
6475.20,6645582.51,9229427.65,2215912.25,2583845.14,2543.27,2543.27,2669.47,0.00,3775828845.41,6339062927.48,0.00,0.00,0.00,0.00,161975350,975591139,658709537,563702634
6477.20,6647546.47,9231391.61,2217847.24,2583845.14,1963.96,1963.96,1934.99,0.00,3775828845.41,6339062927.48,0.00,0.00,0.00,0.00,160673634,975844400,658709537,565253863
6479.20,6650093.50,9233938.64,2219948.32,2583845.14,2547.03,2547.03,2101.08,0.00,3775828845.41,6339062927.48,0.00,0.00,0.00,0.00,160975455,976194619,658709537,565253863
6481.20,6652393.27,9236238.41,2220372.98,2583845.14,2299.77,2299.77,424.66,0.00,3775828845.41,6339062927.48,0.00,0.00,0.00,0.00,160616269,976495957,658709537,565900452
6483.20,6654937.89,9238783.04,2221299.77,2583845.14,2544.62,2544.62,926.79,0.00,3775828845.41,6339062927.48,0.00,0.00,0.00,0.00,160935477,976828172,658709537,565900452
6485.20,6657234.99,9241080.13,2223462.22,2583845.14,2297.09,2297.09,2162.45,0.00,3775828845.41,6339062927.48,0.00,0.00,0.00,0.00,160432858,977128001,658709537,566691298
6487.20,6659789.79,9243634.93,2223462.22,2583845.14,2554.80,2554.80,0.00,0.00,3775828845.41,6339062927.48,0.00,0.00,0.00,0.00,160786454,977428434,658709537,566691298
6489.20,6662340.58,9247705.92,2223462.22,2585365.34,2550.79,4070.99,0.00,1520.20,3775828845.41,6339062927.48,0.00,0.00,0.00,0.00,161111105,977756786,658709537,566691298
6491.20,6664722.29,9251833.13,2223462.22,2587110.84,2381.71,4127.21,0.00,1745.50,3775828845.41,6339062927.48,0.00,0.00,0.00,0.00,161449053,978028556,658709537,566691298
6493.20,6667259.57,9256019.16,2223462.22,2588759.59,2537.27,4186.03,0.00,1648.75,3775828845.41,6339062927.48,0.00,0.00,0.00,0.00,161800606,978326545,659617760,566691298
6495.20,6669977.56,9260401.11,2223462.22,2590423.55,2717.99,4381.95,0.00,1663.96,3775828845.41,6339062927.48,0.00,0.00,0.00,0.00,162141133,978681824,659617760,566691298
6497.20,6672600.41,9264848.46,2223462.22,2592248.05,2622.86,4447.36,0.00,1824.50,3775828845.41,6339062927.48,0.00,0.00,0.00,0.00,162499506,978994902,660482293,566691298
6499.20,6675044.10,9269104.09,2223462.22,2594059.99,2443.68,4255.62,0.00,1811.94,3775828845.41,6339062927.48,0.00,0.00,0.00,0.00,162800249,979319742,661160798,566691298
6501.20,6677660.09,9273419.55,2223462.22,2595759.46,2615.99,4315.47,0.00,1699.48,3775828845.41,6339062927.48,0.00,0.00,0.00,0.00,163119749,979669936,661160798,566691298
6503.20,6680301.69,9277519.09,2223462.22,2597217.39,2641.60,4099.53,0.00,1457.93,3775828845.41,6339062927.48,0.00,0.00,0.00,0.00,163519374,979946561,661789236,566691298
6505.20,6682918.55,9281784.64,2223462.22,2598866.09,2616.86,4265.56,0.00,1648.70,3775828845.41,6339062927.48,0.00,0.00,0.00,0.00,164007885,980127966,662427022,566691298
6507.20,6685649.73,9286182.79,2223462.22,2600533.05,2731.18,4398.14,0.00,1666.96,3775828845.41,6339062927.48,0.00,0.00,0.00,0.00,164483337,980351696,662427022,566691298
6509.20,6688188.94,9289408.86,2224798.18,2601219.92,2539.21,3226.07,1335.96,686.86,3775828845.41,6339062927.48,0.00,0.00,0.00,0.00,164783329,980466743,663153204,566926296
6511.20,6690792.35,9292012.27,2227466.18,2601219.92,2603.41,2603.41,2668.00,0.00,3775828845.41,6339062927.48,0.00,0.00,0.00,0.00,165039909,980876637,663153204,566926296
6513.20,6693431.92,9294651.84,2230120.18,2601219.92,2639.57,2639.57,2654.00,0.00,3775828845.41,6339062927.48,0.00,0.00,0.00,0.00,165378832,981213443,663153204,566926296
6515.20,6695468.55,9296688.46,2231996.90,2601219.92,2036.63,2036.63,1876.72,0.00,3775828845.41,6339062927.48,0.00,0.00,0.00,0.00,163997152,981543636,663153204,568499160
6517.20,6697871.88,9299091.80,2233937.43,2601219.92,2403.33,2403.33,1940.53,0.00,3775828845.41,6339062927.48,0.00,0.00,0.00,0.00,163734775,981772553,663153204,569147873
6519.20,6700559.70,9301779.61,2236559.46,2601219.92,2687.82,2687.82,2622.04,0.00,3775828845.41,6339062927.48,0.00,0.00,0.00,0.00,164083312,982112097,663153204,569147873
6521.20,6702894.00,9304113.92,2237246.03,2601219.92,2334.30,2334.30,686.56,0.00,3775828845.41,6339062927.48,0.00,0.00,0.00,0.00,163336965,982383980,663153204,570219919
6523.20,6705592.27,9306812.18,2239615.77,2601219.92,2698.27,2698.27,2369.75,0.00,3775828845.41,6339062927.48,0.00,0.00,0.00,0.00,163782581,982629120,663153204,570219919
6525.20,6707888.56,9309108.48,2240876.60,2601219.92,2296.30,2296.30,1260.83,0.00,3775828845.41,6339062927.48,0.00,0.00,0.00,0.00,163233906,982836222,663153204,571149344
6527.20,6710433.14,9311653.06,2242118.42,2601219.92,2544.58,2544.58,1241.82,0.00,3775828845.41,6339062927.48,0.00,0.00,0.00,0.00,163652865,983068675,663153204,571149344
6529.20,6712988.74,9314208.66,2244788.21,2601219.92,2555.60,2555.60,2669.79,0.00,3775828845.41,6339062927.48,0.00,0.00,0.00,0.00,164033747,983342027,663153204,571149344
6531.26,6715070.61,9316290.53,2246952.08,2601219.92,2081.87,2081.87,2163.86,0.00,3775828845.41,6339062927.48,0.00,0.00,0.00,0.00,162808638,983544774,663153204,572704664
6533.26,6717593.63,9318813.55,2249229.34,2601219.92,2523.02,2523.02,2277.27,0.00,3775828845.41,6339062927.48,0.00,0.00,0.00,0.00,163218182,983781124,663153204,572704664
6535.26,6720115.21,9321335.12,2251885.34,2601219.92,2521.57,2521.57,2656.00,0.00,3775828845.41,6339062927.48,0.00,0.00,0.00,0.00,163593919,984050910,663153204,572704664
6537.26,6722126.59,9323346.50,2252676.80,2601219.92,2011.38,2011.38,791.45,0.00,3775828845.41,6339062927.48,0.00,0.00,0.00,0.00,162585789,984234406,663153204,574044211
6539.26,6724679.70,9325899.62,2255246.74,2601219.92,2553.12,2553.12,2569.95,0.00,3775828845.41,6339062927.48,0.00,0.00,0.00,0.00,162986808,984486985,663153204,574044211
6541.26,6726840.13,9328060.05,2256293.78,2601219.92,2160.43,2160.43,1047.04,0.00,3775828845.41,6339062927.48,0.00,0.00,0.00,0.00,162266536,984708404,663153204,575096134
6543.26,6729355.90,9330575.82,2258020.45,2601219.92,2515.77,2515.77,1726.67,0.00,3775828845.41,6339062927.48,0.00,0.00,0.00,0.00,162652882,984966095,663153204,575096134
6545.26,6731889.98,9333109.90,2260612.70,2601219.92,2534.08,2534.08,2592.25,0.00,3775828845.41,6339062927.48,0.00,0.00,0.00,0.00,163034505,985233197,663153204,575096134
6547.26,6734044.66,9335264.58,2261423.45,2601219.92,2154.68,2154.68,810.75,0.00,3775828845.41,6339062927.48,0.00,0.00,0.00,0.00,162150718,985414572,663153204,576350144
6549.26,6736567.20,9337787.12,2263993.17,2601219.92,2522.54,2522.54,2569.72,0.00,3775828845.41,6339062927.48,0.00,0.00,0.00,0.00,162548742,985662318,663153204,576350144
6551.26,6738690.39,9339910.31,2266203.29,2601219.92,2123.19,2123.19,2210.12,0.00,3775828845.41,6339062927.48,0.00,0.00,0.00,0.00,161610022,985861751,663153204,577632968
6553.26,6741236.96,9342456.88,2267491.16,2601219.92,2546.57,2546.57,1287.87,0.00,3775828845.41,6339062927.48,0.00,0.00,0.00,0.00,162014120,986109575,663153204,577632968
6555.26,6743796.73,9345016.65,2270111.65,2601219.92,2559.77,2559.77,2620.50,0.00,3775828845.41,6339062927.48,0.00,0.00,0.00,0.00,162392806,986386190,663153204,577632968
6557.26,6745990.61,9347210.53,2271338.99,2601219.92,2193.88,2193.88,1227.34,0.00,3775828845.41,6339062927.48,0.00,0.00,0.00,0.00,161405838,986620052,663153204,578947707
6559.26,6748522.18,9349742.10,2273821.54,2601219.92,2531.57,2531.57,2482.55,0.00,3775828845.41,6339062927.48,0.00,0.00,0.00,0.00,161754826,986919146,663153204,578947707
6561.48,6750982.55,9352202.47,2276308.41,2601219.92,2460.37,2460.37,2486.87,0.00,3775828845.41,6339062927.48,0.00,0.00,0.00,0.00,160779144,987252512,663153204,580219878
6563.48,6753533.98,9354753.90,2277638.18,2601219.92,2551.43,2551.43,1329.77,0.00,3775828845.41,6339062927.48,0.00,0.00,0.00,0.00,161078550,987606272,663153204,580219878
6565.48,6756060.33,9357280.25,2280251.81,2601219.92,2526.35,2526.35,2613.63,0.00,3775828845.41,6339062927.48,0.00,0.00,0.00,0.00,161392057,987939510,663153204,580219878
6567.48,6758195.24,9359415.16,2281495.48,2601219.92,2134.91,2134.91,1243.67,0.00,3775828845.41,6339062927.48,0.00,0.00,0.00,0.00,160319047,988231166,663153204,581547768
6569.48,6760718.70,9361938.62,2283900.85,2601219.92,2523.46,2523.46,2405.37,0.00,3775828845.41,6339062927.48,0.00,0.00,0.00,0.00,160669467,988526753,663153204,581547768
6571.48,6763258.92,9364478.84,2286526.07,2601219.92,2540.21,2540.21,2625.23,0.00,3775828845.41,6339062927.48,0.00,0.00,0.00,0.00,161018427,988828088,663153204,581547768
6573.48,6765386.73,9366606.65,2287479.70,2601219.92,2127.82,2127.82,953.62,0.00,3775828845.41,6339062927.48,0.00,0.00,0.00,0.00,160017043,989068937,663153204,582853024
6575.48,6767926.49,9369146.41,2290091.37,2601219.92,2539.76,2539.76,2611.68,0.00,3775828845.41,6339062927.48,0.00,0.00,0.00,0.00,160484588,989251570,663153204,582853024
6577.48,6770088.94,9371308.86,2291660.31,2601219.92,2162.45,2162.45,1568.94,0.00,3775828845.41,6339062927.48,0.00,0.00,0.00,0.00,159392822,989599981,663153204,584149965
6579.48,6772634.45,9373854.36,2293633.59,2601219.92,2545.51,2545.51,1973.27,0.00,3775828845.41,6339062927.48,0.00,0.00,0.00,0.00,159771531,989872922,663153204,584149965
6581.48,6775213.25,9376433.17,2296244.81,2601219.92,2578.80,2578.80,2611.23,0.00,3775828845.41,6339062927.48,0.00,0.00,0.00,0.00,160298961,990005666,663153204,584149965
6583.48,6777412.48,9378632.40,2297125.76,2601219.92,2199.23,2199.23,880.95,0.00,3775828845.41,6339062927.48,0.00,0.00,0.00,0.00,159225366,990379741,663153204,585412488
6585.48,6780024.77,9381244.69,2299734.17,2601219.92,2612.29,2612.29,2608.41,0.00,3775828845.41,6339062927.48,0.00,0.00,0.00,0.00,159695275,990578579,663153204,585412488
6587.48,6782232.45,9383452.36,2301566.00,2601219.92,2207.67,2207.67,1831.82,0.00,3775828845.41,6339062927.48,0.00,0.00,0.00,0.00,158713273,990852413,663153204,586685820
6589.48,6784847.23,9386067.15,2303367.51,2601219.92,2614.79,2614.79,1801.51,0.00,3775828845.41,6339062927.48,0.00,0.00,0.00,0.00,159017276,991217796,663153204,586685820
6591.72,6787397.77,9388617.69,2305868.98,2601219.92,2550.54,2550.54,2501.48,0.00,3775828845.41,6339062927.48,0.00,0.00,0.00,0.00,158286760,991499684,663153204,587787385
6593.72,6790034.91,9391254.83,2306765.64,2601219.92,2637.14,2637.14,896.65,0.00,3775828845.41,6339062927.48,0.00,0.00,0.00,0.00,158674143,991787409,663153204,587787385
6595.72,6792631.38,9393851.29,2309289.65,2601219.92,2596.46,2596.46,2524.02,0.00,3775828845.41,6339062927.48,0.00,0.00,0.00,0.00,159054269,992071978,663153204,587787385
6597.72,6794907.17,9396127.09,2309785.91,2601219.92,2275.80,2275.80,496.26,0.00,3775828845.41,6339062927.48,0.00,0.00,0.00,0.00,158389970,992316150,663153204,588790116
6599.72,6797610.38,9398830.29,2311856.88,2601219.92,2703.20,2703.20,2070.97,0.00,3775828845.41,6339062927.48,0.00,0.00,0.00,0.00,158804884,992593256,663153204,588790116
6601.72,6799925.96,9401145.88,2313569.98,2601219.92,2315.59,2315.59,1713.10,0.00,3775828845.41,6339062927.48,0.00,0.00,0.00,0.00,158188544,992833665,663153204,589758837
6603.72,6802618.96,9403838.88,2314622.13,2601219.92,2693.00,2693.00,1052.16,0.00,3775828845.41,6339062927.48,0.00,0.00,0.00,0.00,158606393,993105224,663153204,589758837
6605.79,6805148.12,9406368.04,2316821.38,2601219.92,2529.16,2529.16,2199.25,0.00,3775828845.41,6339062927.48,0.00,0.00,0.00,0.00,158134662,993392061,663153204,590591196
6607.79,6807896.51,9409116.43,2317116.37,2601219.92,2748.39,2748.39,294.98,0.00,3775828845.41,6339062927.48,0.00,0.00,0.00,0.00,158551904,993678407,663153204,590591196
6609.79,6810650.67,9411870.59,2319530.48,2601219.92,2754.16,2754.16,2414.11,0.00,3775828845.41,6339062927.48,0.00,0.00,0.00,0.00,158958806,993976569,663153204,590591196
6611.79,6813050.73,9414270.65,2320110.95,2601219.92,2400.06,2400.06,580.47,0.00,3775828845.41,6339062927.48,0.00,0.00,0.00,0.00,158469464,994238197,663153204,591433326
6613.79,6815739.14,9416959.05,2322022.62,2601219.92,2688.41,2688.41,1911.67,0.00,3775828845.41,6339062927.48,0.00,0.00,0.00,0.00,158871302,994524591,663153204,591433326
6615.79,6818060.32,9419280.24,2324126.81,2601219.92,2321.18,2321.18,2104.19,0.00,3775828845.41,6339062927.48,0.00,0.00,0.00,0.00,158205300,994756756,663153204,592461386
6617.79,6820793.06,9422012.98,2325018.86,2601219.92,2732.74,2732.74,892.04,0.00,3775828845.41,6339062927.48,0.00,0.00,0.00,0.00,158629326,995032312,663153204,592461386
6619.79,6823530.95,9424750.87,2327581.70,2601219.92,2737.89,2737.89,2562.84,0.00,3775828845.41,6339062927.48,0.00,0.00,0.00,0.00,159051627,995310910,663153204,592461386
6621.79,6825853.59,9427073.51,2328450.87,2601219.92,2322.64,2322.64,869.17,0.00,3775828845.41,6339062927.48,0.00,0.00,0.00,0.00,158305681,995544495,663153204,593568344
6623.79,6828634.86,9429854.77,2330776.60,2601219.92,2781.26,2781.26,2325.73,0.00,3775828845.41,6339062927.48,0.00,0.00,0.00,0.00,158741808,995820371,663153204,593568344
6625.79,6831112.86,9432332.78,2331787.54,2601219.92,2478.01,2478.01,1010.94,0.00,3775828845.41,6339062927.48,0.00,0.00,0.00,0.00,158261187,996081324,663153204,594422382
6627.79,6833881.31,9435101.23,2333333.71,2601219.92,2768.45,2768.45,1546.17,0.00,3775828845.41,6339062927.48,0.00,0.00,0.00,0.00,158627930,996423304,663153204,594422382
6629.79,6836395.64,9437615.55,2335552.01,2601219.92,2514.32,2514.32,2218.30,0.00,3775828845.41,6339062927.48,0.00,0.00,0.00,0.00,158000742,996730454,663153204,595386087
6631.79,6839207.09,9440427.01,2336370.73,2601219.92,2811.46,2811.46,818.71,0.00,3775828845.41,6339062927.48,0.00,0.00,0.00,0.00,158386590,997064339,663153204,595386087
6633.79,6842044.88,9443264.79,2338904.39,2601219.92,2837.78,2837.78,2533.66,0.00,3775828845.41,6339062927.48,0.00,0.00,0.00,0.00,158773939,997403462,663153204,595386087
6635.79,6844503.89,9445723.81,2339632.96,2601219.92,2459.02,2459.02,728.58,0.00,3775828845.41,6339062927.48,0.00,0.00,0.00,0.00,158116694,997666489,663153204,596409813
6637.79,6847366.49,9448586.41,2342021.21,2601219.92,2862.60,2862.60,2388.24,0.00,3775828845.41,6339062927.48,0.00,0.00,0.00,0.00,158555835,997960173,663153204,596409813
6639.79,6849873.27,9451093.18,2343094.53,2601219.92,2506.78,2506.78,1073.32,0.00,3775828845.41,6339062927.48,0.00,0.00,0.00,0.00,158025401,998225184,663153204,597316971
6641.79,6852733.85,9453953.77,2344901.30,2601219.92,2860.58,2860.58,1806.77,0.00,3775828845.41,6339062927.48,0.00,0.00,0.00,0.00,158474912,998507982,663153204,597316971
6643.79,6855318.91,9456538.83,2346509.59,2601219.92,2585.07,2585.07,1608.30,0.00,3775828845.41,6339062927.48,0.00,0.00,0.00,0.00,157959552,998810984,663153204,598191106
6645.79,6858143.45,9459363.36,2347773.15,2601219.92,2824.53,2824.53,1263.55,0.00,3775828845.41,6339062927.48,0.00,0.00,0.00,0.00,158379015,999114601,663153204,598191106
6647.95,6860882.19,9462102.11,2350175.56,2601219.92,2738.74,2738.74,2402.41,0.00,3775828845.41,6339062927.48,0.00,0.00,0.00,0.00,157947686,999308597,663153204,599129557
6649.95,6863666.12,9464886.04,2350893.11,2601219.92,2783.93,2783.93,717.55,0.00,3775828845.41,6339062927.48,0.00,0.00,0.00,0.00,158292831,999676138,663153204,599129557
6651.95,6866533.94,9467753.86,2353319.58,2601219.92,2867.82,2867.82,2426.47,0.00,3775828845.41,6339062927.48,0.00,0.00,0.00,0.00,158710588,999992544,663153204,599129557
6653.95,6869044.29,9470264.21,2353823.96,2601219.92,2510.35,2510.35,504.38,0.00,3775828845.41,6339062927.48,0.00,0.00,0.00,0.00,158175170,1000248017,663153204,600052151
6655.95,6871861.73,9473081.65,2356229.57,2601219.92,2817.45,2817.45,2405.61,0.00,3775828845.41,6339062927.48,0.00,0.00,0.00,0.00,158566351,1000578102,663153204,600052151
6657.95,6874417.98,9475637.90,2357239.21,2601219.92,2556.25,2556.25,1009.65,0.00,3775828845.41,6339062927.48,0.00,0.00,0.00,0.00,158116511,1000796688,663153204,600937804
6659.95,6877241.59,9478461.51,2359029.46,2601219.92,2823.61,2823.61,1790.25,0.00,3775828845.41,6339062927.48,0.00,0.00,0.00,0.00,158535725,1001100318,663153204,600937804
6661.95,6879832.66,9481052.58,2360714.65,2601219.92,2591.07,2591.07,1685.19,0.00,3775828845.41,6339062927.48,0.00,0.00,0.00,0.00,158031821,1001377828,663153204,601827513
6663.95,6882506.65,9484472.68,2360714.65,2601966.04,2673.98,3420.10,0.00,746.12,3775828845.41,6339062927.48,0.00,0.00,0.00,0.00,158431619,1001662570,663153204,601827513
6665.95,6884993.39,9488692.88,2360714.65,2603699.49,2486.74,4220.20,0.00,1733.46,3775828845.41,6339062927.48,0.00,0.00,0.00,0.00,158811823,1001918971,663153204,601827513
6667.95,6887639.52,9492873.56,2360714.65,2605234.04,2646.13,4180.68,0.00,1534.55,3775828845.41,6339062927.48,0.00,0.00,0.00,0.00,159220582,1002187621,664023855,601827513
6669.95,6890100.78,9497098.80,2360714.65,2606998.03,2461.26,4225.25,0.00,1763.98,3775828845.41,6339062927.48,0.00,0.00,0.00,0.00,159600784,1002437502,664023855,601827513
6671.95,6892734.12,9501301.16,2360714.65,2608567.04,2633.35,4202.36,0.00,1569.01,3775828845.41,6339062927.48,0.00,0.00,0.00,0.00,159995024,1002717399,664840163,601827513
6673.95,6895551.80,9505854.30,2360714.65,2610302.50,2817.68,4553.14,0.00,1735.46,3775828845.41,6339062927.48,0.00,0.00,0.00,0.00,160434876,1002998873,664840163,601827513
6675.95,6898172.25,9510141.74,2360714.65,2611969.50,2620.44,4287.44,0.00,1667.00,3775828845.41,6339062927.48,0.00,0.00,0.00,0.00,160826224,1003278358,665705556,601827513
6677.95,6900861.43,9514335.29,2360714.65,2613473.86,2689.18,4193.55,0.00,1504.36,3775828845.41,6339062927.48,0.00,0.00,0.00,0.00,161250396,1003542617,666259267,601827513
6679.95,6903685.61,9518727.83,2360714.65,2615042.22,2824.18,4392.54,0.00,1568.36,3775828845.41,6339062927.48,0.00,0.00,0.00,0.00,161680306,1003835696,666259267,601827513
6681.95,6906462.38,9522812.61,2361088.11,2616350.23,2776.77,4084.79,373.46,1308.01,3775828845.41,6339062927.48,0.00,0.00,0.00,0.00,162111384,1004115472,667024063,601827513
6683.95,6909296.03,9525646.26,2363536.92,2616350.23,2833.65,2833.65,2448.81,0.00,3775828845.41,6339062927.48,0.00,0.00,0.00,0.00,162538635,1004413635,667024063,601827513
6685.95,6911826.89,9528177.13,2365819.89,2616350.23,2530.87,2530.87,2282.97,0.00,3775828845.41,6339062927.48,0.00,0.00,0.00,0.00,161999315,1004690732,667024063,602737638
6687.95,6914680.90,9531031.13,2368478.34,2616350.23,2854.00,2854.00,2658.45,0.00,3775828845.41,6339062927.48,0.00,0.00,0.00,0.00,162427094,1004993578,667024063,602737638
6689.95,6917006.96,9533357.20,2370636.18,2616350.23,2326.07,2326.07,2157.84,0.00,3775828845.41,6339062927.48,0.00,0.00,0.00,0.00,161391554,1005232538,667024063,604129691
6691.95,6919720.43,9536070.66,2373041.50,2616350.23,2713.46,2713.46,2405.33,0.00,3775828845.41,6339062927.48,0.00,0.00,0.00,0.00,161821567,1005497172,667024063,604129691
6693.95,6922166.26,9538516.49,2375261.38,2616350.23,2445.83,2445.83,2219.87,0.00,3775828845.41,6339062927.48,0.00,0.00,0.00,0.00,161319972,1005738038,667024063,605016552
6695.95,6924533.27,9540883.51,2377128.95,2616350.23,2367.02,2367.02,1867.57,0.00,3775828845.41,6339062927.48,0.00,0.00,0.00,0.00,160733761,1005976233,667024063,605970524
6697.95,6927096.48,9543446.71,2379514.59,2616350.23,2563.21,2563.21,2385.64,0.00,3775828845.41,6339062927.48,0.00,0.00,0.00,0.00,161118914,1006247261,667024063,605970524
6699.95,6929400.22,9545750.46,2380351.72,2616350.23,2303.74,2303.74,837.13,0.00,3775828845.41,6339062927.48,0.00,0.00,0.00,0.00,160586691,1006485362,667024063,606854404
6701.95,6931958.29,9548308.52,2381773.88,2616350.23,2558.07,2558.07,1422.16,0.00,3775828845.41,6339062927.48,0.00,0.00,0.00,0.00,161015922,1006710996,667024063,606854404
6703.95,6934268.21,9550618.45,2383815.62,2616350.23,2309.93,2309.93,2041.74,0.00,3775828845.41,6339062927.48,0.00,0.00,0.00,0.00,160471767,1006959892,667024063,607741004
6705.95,6936832.37,9553182.60,2384040.36,2616350.23,2564.15,2564.15,224.74,0.00,3775828845.41,6339062927.48,0.00,0.00,0.00,0.00,160835830,1007252252,667024063,607741004
6707.95,6939381.34,9555731.57,2386484.52,2616350.23,2548.97,2548.97,2444.16,0.00,3775828845.41,6339062927.48,0.00,0.00,0.00,0.00,161213381,1007527238,667024063,607741004
6709.95,6941700.75,9558050.98,2387270.11,2616350.23,2319.41,2319.41,785.59,0.00,3775828845.41,6339062927.48,0.00,0.00,0.00,0.00,160663806,1007786320,667024063,608625265
6711.95,6944290.76,9560640.99,2388866.58,2616350.23,2590.01,2590.01,1596.48,0.00,3775828845.41,6339062927.48,0.00,0.00,0.00,0.00,161041915,1008071254,667024063,608625265
6713.95,6946913.48,9563263.71,2391531.88,2616350.23,2622.72,2622.72,2665.30,0.00,3775828845.41,6339062927.48,0.00,0.00,0.00,0.00,161405156,1008379429,667024063,608625265
6715.95,6949101.97,9565452.20,2393559.21,2616350.23,2188.49,2188.49,2027.32,0.00,3775828845.41,6339062927.48,0.00,0.00,0.00,0.00,160183045,1008612000,667024063,610175059
6717.95,6951765.28,9568115.52,2396207.00,2616350.23,2663.31,2663.31,2647.79,0.00,3775828845.41,6339062927.48,0.00,0.00,0.00,0.00,160568354,1008908499,667024063,610175059
6719.95,6954085.35,9570435.59,2398343.80,2616350.23,2320.07,2320.07,2136.80,0.00,3775828845.41,6339062927.48,0.00,0.00,0.00,0.00,159625469,1009160857,667024063,611459524
6721.95,6956733.92,9573084.15,2399912.62,2616350.23,2648.57,2648.57,1568.82,0.00,3775828845.41,6339062927.48,0.00,0.00,0.00,0.00,159997144,1009467215,667024063,611459524
6723.95,6959113.08,9575463.32,2401974.68,2616350.23,2379.16,2379.16,2062.06,0.00,3775828845.41,6339062927.48,0.00,0.00,0.00,0.00,159400631,1009743289,667024063,612389029
6725.95,6961868.89,9578219.13,2402590.82,2616350.23,2755.81,2755.81,616.14,0.00,3775828845.41,6339062927.48,0.00,0.00,0.00,0.00,159779626,1010069782,667024063,612389029
6727.95,6964594.95,9580945.18,2405030.83,2616350.23,2726.05,2726.05,2440.01,0.00,3775828845.41,6339062927.48,0.00,0.00,0.00,0.00,160178733,1010368545,667024063,612389029
6729.95,6967068.79,9583419.03,2405444.12,2616350.23,2473.84,2473.84,413.29,0.00,3775828845.41,6339062927.48,0.00,0.00,0.00,0.00,159677748,1010614658,667024063,613277205
6731.95,6969829.63,9586179.87,2407648.63,2616350.23,2760.84,2760.84,2204.51,0.00,3775828845.41,6339062927.48,0.00,0.00,0.00,0.00,160114860,1010884321,667024063,613277205
6733.95,6972288.61,9588638.84,2408991.89,2616350.23,2458.98,2458.98,1343.26,0.00,3775828845.41,6339062927.48,0.00,0.00,0.00,0.00,159584760,1011135691,667024063,614185433
6735.95,6975075.46,9591425.70,2410373.28,2616350.23,2786.85,2786.85,1381.39,0.00,3775828845.41,6339062927.48,0.00,0.00,0.00,0.00,160011850,1011422035,667024063,614185433
6737.95,6977849.97,9594200.21,2412957.78,2616350.23,2774.51,2774.51,2584.50,0.00,3775828845.41,6339062927.48,0.00,0.00,0.00,0.00,160418154,1011726006,667024063,614185433
6739.95,6980196.33,9596546.56,2413942.42,2616350.23,2346.36,2346.36,984.64,0.00,3775828845.41,6339062927.48,0.00,0.00,0.00,0.00,159640989,1011986465,667024063,615302806
6741.95,6982816.54,9599166.77,2416487.03,2616350.23,2620.21,2620.21,2544.61,0.00,3775828845.41,6339062927.48,0.00,0.00,0.00,0.00,160031575,1012266653,667024063,615302806
6743.95,6985143.27,9601493.51,2417764.51,2616350.23,2326.73,2326.73,1277.48,0.00,3775828845.41,6339062927.48,0.00,0.00,0.00,0.00,159270503,1012495078,667024063,616431097
6745.95,6987726.55,9604076.78,2419649.28,2616350.23,2583.27,2583.27,1884.77,0.00,3775828845.41,6339062927.48,0.00,0.00,0.00,0.00,159661372,1012765527,667024063,616431097
6747.95,6990126.86,9606477.09,2421075.33,2616350.23,2400.31,2400.31,1426.05,0.00,3775828845.41,6339062927.48,0.00,0.00,0.00,0.00,159184715,1013009173,667024063,617278587
6749.95,6992741.37,9609091.61,2421864.15,2616350.23,2614.52,2614.52,788.82,0.00,3775828845.41,6339062927.48,0.00,0.00,0.00,0.00,159602655,1013260549,667024063,617278587
6751.95,6995374.55,9611724.79,2424341.38,2616350.23,2633.18,2633.18,2477.23,0.00,3775828845.41,6339062927.48,0.00,0.00,0.00,0.00,159974406,1013562892,667024063,617278587
6753.95,6997762.00,9614112.23,2425130.29,2616350.23,2387.45,2387.45,788.91,0.00,3775828845.41,6339062927.48,0.00,0.00,0.00,0.00,159256075,1013854341,667024063,618316655
6755.95,7000442.27,9616792.50,2427532.36,2616350.23,2680.27,2680.27,2402.06,0.00,3775828845.41,6339062927.48,0.00,0.00,0.00,0.00,159656880,1014139686,667024063,618316655
6757.95,7003124.79,9619475.03,2430164.97,2616350.23,2682.52,2682.52,2632.61,0.00,3775828845.41,6339062927.48,0.00,0.00,0.00,0.00,160053352,1014429940,667024063,618316655
6759.95,7005529.92,9621880.15,2432032.27,2616350.23,2405.12,2405.12,1867.30,0.00,3775828845.41,6339062927.48,0.00,0.00,0.00,0.00,159021222,1014639622,667024063,619754815
6761.95,7008122.01,9624472.24,2434489.22,2616350.23,2592.09,2592.09,2456.95,0.00,3775828845.41,6339062927.48,0.00,0.00,0.00,0.00,159439688,1014884731,667024063,619754815
6763.95,7010426.04,9626776.27,2434833.88,2616350.23,2304.03,2304.03,344.66,0.00,3775828845.41,6339062927.48,0.00,0.00,0.00,0.00,158806133,1015093763,667024063,620769170
6765.95,7012983.12,9629333.36,2437503.44,2616350.23,2557.09,2557.09,2669.56,0.00,3775828845.41,6339062927.48,0.00,0.00,0.00,0.00,159219772,1015334738,667024063,620769170
6767.95,7015529.70,9631879.93,2440172.80,2616350.23,2546.57,2546.57,2669.37,0.00,3775828845.41,6339062927.48,0.00,0.00,0.00,0.00,159655337,1015551095,667024063,620769170
6769.95,7017649.48,9633999.72,2441931.57,2616350.23,2119.79,2119.79,1758.77,0.00,3775828845.41,6339062927.48,0.00,0.00,0.00,0.00,158438944,1015760616,667024063,622318708
6772.05,7020095.39,9636445.62,2444245.09,2616350.23,2445.90,2445.90,2313.52,0.00,3775828845.41,6339062927.48,0.00,0.00,0.00,0.00,157914382,1016020004,667024063,623210033
6774.05,7022603.54,9638953.77,2444256.05,2616350.23,2508.15,2508.15,10.96,0.00,3775828845.41,6339062927.48,0.00,0.00,0.00,0.00,158328717,1016247755,667024063,623210033
6776.05,7025142.57,9641492.80,2446921.68,2616350.23,2539.03,2539.03,2665.63,0.00,3775828845.41,6339062927.48,0.00,0.00,0.00,0.00,158748724,1016477740,667024063,623210033
6778.05,7027675.14,9644025.37,2449591.00,2616350.23,2532.57,2532.57,2669.33,0.00,3775828845.41,6339062927.48,0.00,0.00,0.00,0.00,159159729,1016715073,667024063,623210033
6780.05,7029806.21,9646156.44,2451066.36,2616350.23,2131.07,2131.07,1475.35,0.00,3775828845.41,6339062927.48,0.00,0.00,0.00,0.00,158018477,1016916741,667024063,624695171
6782.05,7032337.41,9648687.64,2453716.48,2616350.23,2531.20,2531.20,2650.13,0.00,3775828845.41,6339062927.48,0.00,0.00,0.00,0.00,158405376,1017177830,667024063,624695171
6784.05,7034504.43,9650854.67,2454968.34,2616350.23,2167.02,2167.02,1251.85,0.00,3775828845.41,6339062927.48,0.00,0.00,0.00,0.00,157476074,1017401933,667024063,625955128
6786.05,7037047.46,9653397.70,2457178.09,2616350.23,2543.03,2543.03,2209.76,0.00,3775828845.41,6339062927.48,0.00,0.00,0.00,0.00,157836902,1017692120,667024063,625955128
6788.05,7039347.11,9655697.34,2458572.03,2616350.23,2299.65,2299.65,1393.94,0.00,3775828845.41,6339062927.48,0.00,0.00,0.00,0.00,157260574,1017934676,667024063,626877610
6790.05,7041867.12,9658217.36,2459262.34,2616350.23,2520.02,2520.02,690.30,0.00,3775828845.41,6339062927.48,0.00,0.00,0.00,0.00,157634730,1018205644,667024063,626877610
6792.05,7044397.84,9660748.07,2461803.96,2616350.23,2530.71,2530.71,2541.62,0.00,3775828845.41,6339062927.48,0.00,0.00,0.00,0.00,158014049,1018474188,667024063,626877610
6794.05,7046669.77,9663020.00,2462392.41,2616350.23,2271.93,2271.93,588.45,0.00,3775828845.41,6339062927.48,0.00,0.00,0.00,0.00,157416042,1018675839,667024063,627855580
6796.05,7049222.56,9665572.80,2464338.27,2616350.23,2552.79,2552.79,1945.86,0.00,3775828845.41,6339062927.48,0.00,0.00,0.00,0.00,157789934,1018955462,667024063,627855580
6798.05,7051490.59,9667840.82,2466019.46,2616350.23,2268.02,2268.02,1681.19,0.00,3775828845.41,6339062927.48,0.00,0.00,0.00,0.00,157204811,1019192809,667024063,628783970
6800.05,7053888.00,9670652.43,2466019.46,2616764.43,2397.41,2811.61,0.00,414.20,3775828845.41,6339062927.48,0.00,0.00,0.00,0.00,157520656,1019490701,667024063,628783970
6802.05,7056231.86,9674872.05,2466019.46,2618640.19,2343.86,4219.62,0.00,1875.76,3775828845.41,6339062927.48,0.00,0.00,0.00,0.00,157855151,1019756234,667024063,628783970
6804.05,7058715.09,9678952.19,2466019.46,2620237.11,2483.23,4080.14,0.00,1596.91,3775828845.41,6339062927.48,0.00,0.00,0.00,0.00,158188454,1020058638,667943039,628783970
6806.05,7061354.54,9683238.64,2466019.46,2621884.10,2639.45,4286.45,0.00,1647.00,3775828845.41,6339062927.48,0.00,0.00,0.00,0.00,158545277,1020377515,667943039,628783970
6808.05,7063809.64,9687319.82,2466019.46,2623510.18,2455.10,4081.18,0.00,1626.08,3775828845.41,6339062927.48,0.00,0.00,0.00,0.00,158873328,1020677970,668733216,628783970
6810.05,7066436.29,9691838.81,2466019.46,2625402.52,2626.65,4518.99,0.00,1892.34,3775828845.41,6339062927.48,0.00,0.00,0.00,0.00,159231143,1020992577,668733216,628783970
6812.05,7068879.07,9695951.92,2466019.46,2627072.85,2442.78,4113.11,0.00,1670.33,3775828845.41,6339062927.48,0.00,0.00,0.00,0.00,159534691,1021314381,669628607,628783970
6814.05,7071492.84,9700341.77,2466019.46,2628848.93,2613.77,4389.85,0.00,1776.08,3775828845.41,6339062927.48,0.00,0.00,0.00,0.00,159883278,1021634920,669628607,628783970
6816.05,7074007.57,9704563.31,2466019.46,2630555.74,2514.73,4221.54,0.00,1706.81,3775828845.41,6339062927.48,0.00,0.00,0.00,0.00,160234159,1021927809,670560099,628783970
6818.05,7076664.59,9709010.61,2466019.46,2632346.02,2657.02,4447.30,0.00,1790.29,3775828845.41,6339062927.48,0.00,0.00,0.00,0.00,160593068,1022249097,670560099,628783970
6820.05,7079282.89,9713113.91,2466449.68,2633831.02,2618.30,4103.29,430.23,1484.99,3775828845.41,6339062927.48,0.00,0.00,0.00,0.00,160871794,1022608371,671498173,628816255
6822.05,7081932.09,9715763.11,2469114.15,2633831.02,2649.20,2649.20,2664.47,0.00,3775828845.41,6339062927.48,0.00,0.00,0.00,0.00,161218168,1022940192,671498173,628816255
6824.05,7084534.88,9718365.89,2471765.70,2633831.02,2602.79,2602.79,2651.55,0.00,3775828845.41,6339062927.48,0.00,0.00,0.00,0.00,161566085,1023258588,671498173,628816255
6826.05,7086753.01,9720584.03,2473976.81,2633831.02,2218.14,2218.14,2211.11,0.00,3775828845.41,6339062927.48,0.00,0.00,0.00,0.00,160345361,1023555526,671498173,630307884
6828.05,7089262.00,9723093.02,2476633.35,2633831.02,2508.99,2508.99,2656.54,0.00,3775828845.41,6339062927.48,0.00,0.00,0.00,0.00,160705477,1023837712,671498173,630307884
6830.05,7091383.43,9725214.45,2478681.20,2633831.02,2121.43,2121.43,2047.85,0.00,3775828845.41,6339062927.48,0.00,0.00,0.00,0.00,159394366,1024122528,671498173,631877264
6832.05,7093892.86,9727723.88,2481274.29,2633831.02,2509.43,2509.43,2593.09,0.00,3775828845.41,6339062927.48,0.00,0.00,0.00,0.00,159684920,1024474388,671498173,631877264
6834.05,7096250.61,9730081.62,2483435.60,2633831.02,2357.75,2357.75,2161.32,0.00,3775828845.41,6339062927.48,0.00,0.00,0.00,0.00,158815312,1024822085,671498173,633002759
6836.05,7098776.45,9732607.46,2486060.12,2633831.02,2525.84,2525.84,2624.52,0.00,3775828845.41,6339062927.48,0.00,0.00,0.00,0.00,159076929,1025207083,671498173,633002759
6838.05,7100882.43,9734713.45,2488099.74,2633831.02,2105.98,2105.98,2039.62,0.00,3775828845.41,6339062927.48,0.00,0.00,0.00,0.00,157957309,1025507780,671498173,634360814
6840.05,7103391.88,9737222.89,2490614.45,2633831.02,2509.44,2509.44,2514.71,0.00,3775828845.41,6339062927.48,0.00,0.00,0.00,0.00,158262048,1025845458,671498173,634360814
6842.05,7105490.12,9739888.75,2491862.07,2634398.63,2098.24,2665.86,1247.61,567.61,3775828845.41,6339062927.48,0.00,0.00,0.00,0.00,157461343,1026145007,671498173,635399120
6844.05,7107999.69,9744273.21,2491862.07,2636273.53,2509.57,4384.47,0.00,1874.90,3775828845.41,6339062927.48,0.00,0.00,0.00,0.00,157763006,1026485794,671498173,635399120
6846.05,7110507.98,9748451.78,2491862.07,2637943.80,2508.29,4178.56,0.00,1670.27,3775828845.41,6339062927.48,0.00,0.00,0.00,0.00,158051637,1026839286,672525181,635399120
6848.05,7113094.75,9752757.11,2491862.07,2639662.37,2586.77,4305.34,0.00,1718.57,3775828845.41,6339062927.48,0.00,0.00,0.00,0.00,158316972,1027236163,672525181,635399120
6850.05,7115577.52,9756924.20,2491862.07,2641346.67,2482.78,4167.08,0.00,1684.30,3775828845.41,6339062927.48,0.00,0.00,0.00,0.00,158669164,1027519562,673323369,635399120
6852.05,7117923.26,9761267.14,2491862.07,2643343.88,2345.73,4342.95,0.00,1997.21,3776662033.39,6339922986.03,833187.98,860058.55,0.00,0.00,159091280,1027697954,673323369,635399120
6854.05,7120407.63,9765457.45,2491862.07,2645049.82,2484.37,4190.30,0.00,1705.93,3776662033.39,6339922986.03,0.00,0.00,0.00,0.00,159418793,1028006440,674226826,635399120
6856.05,7123052.32,9769877.40,2491862.07,2646825.08,2644.70,4419.96,0.00,1775.26,3776662033.39,6339922986.03,0.00,0.00,0.00,0.00,159774626,1028327649,674226826,635399120
6858.05,7125514.31,9773916.40,2491862.07,2648402.09,2461.99,4039.00,0.00,1577.01,3776662033.39,6339922986.03,0.00,0.00,0.00,0.00,160080665,1028651879,675136868,635399120
6860.05,7128146.20,9778375.73,2491862.07,2650229.53,2631.89,4459.34,0.00,1827.45,3776662033.39,6339922986.03,0.00,0.00,0.00,0.00,160414037,1028992271,675136868,635399120
6862.05,7130593.86,9782107.20,2492579.86,2651513.34,2447.66,3731.47,717.79,1283.81,3776662033.39,6339922986.03,0.00,0.00,0.00,0.00,160680828,1029352080,676022174,635399120
6864.05,7133212.85,9784726.20,2495157.84,2651513.34,2618.99,2618.99,2577.98,0.00,3776662033.39,6339922986.03,0.00,0.00,0.00,0.00,161000889,1029702481,676022174,635399120
6866.05,7135557.38,9787070.72,2497354.62,2651513.34,2344.53,2344.53,2196.77,0.00,3776662033.39,6339922986.03,0.00,0.00,0.00,0.00,160434819,1030016872,676022174,636250998
6868.05,7137895.86,9789409.21,2499551.14,2651513.34,2338.48,2338.48,2196.52,0.00,3776662033.39,6339922986.03,0.00,0.00,0.00,0.00,159825795,1030215891,676022174,637259655
6870.05,7140406.64,9791919.99,2502170.72,2651513.34,2510.78,2510.78,2619.58,0.00,3776662033.39,6339922986.03,0.00,0.00,0.00,0.00,160159775,1030524671,676022174,637259655
6872.05,7142750.39,9794263.74,2504329.27,2651513.34,2343.75,2343.75,2158.55,0.00,3776662033.39,6339922986.03,0.00,0.00,0.00,0.00,159333668,1030843674,676022174,638366759
6874.05,7145258.21,9796771.55,2506863.29,2651513.34,2507.81,2507.81,2534.02,0.00,3776662033.39,6339922986.03,0.00,0.00,0.00,0.00,159634052,1031185290,676022174,638366759
6876.05,7147615.32,9799128.66,2508948.44,2651513.34,2357.11,2357.11,2085.14,0.00,3776662033.39,6339922986.03,0.00,0.00,0.00,0.00,158797172,1031521571,676022174,639470778
6878.05,7150144.21,9801657.56,2511486.20,2651513.34,2528.90,2528.90,2537.77,0.00,3776706025.72,6339968405.11,43992.33,45419.08,0.00,0.00,159128245,1031837896,676022174,639470778
6880.05,7152563.92,9804077.26,2513672.31,2651513.34,2419.70,2419.70,2186.11,0.00,3776706025.72,6339968405.11,0.00,0.00,0.00,0.00,158272099,1032275387,676022174,640508877
6882.13,7155022.82,9806536.16,2515874.07,2651513.34,2458.90,2458.90,2201.76,0.00,3776706025.72,6339968405.11,0.00,0.00,0.00,0.00,157731873,1032408013,676022174,641545956
6884.13,7157549.17,9810714.81,2515874.07,2653165.64,2526.35,4178.64,0.00,1652.29,3776706025.72,6339968405.11,0.00,0.00,0.00,0.00,158095090,1032691542,676022174,641545956
6886.13,7160170.79,9815124.09,2515874.07,2654953.30,2621.61,4409.28,0.00,1787.66,3776706025.72,6339968405.11,0.00,0.00,0.00,0.00,158419416,1033038349,676022174,641545956
6888.13,7162608.96,9819074.45,2515874.07,2656465.49,2438.18,3950.37,0.00,1512.19,3776706025.72,6339968405.11,0.00,0.00,0.00,0.00,158755445,1033326494,676958427,641545956
6890.13,7165217.75,9823323.26,2515874.07,2658105.51,2608.79,4248.80,0.00,1640.02,3776706025.72,6339968405.11,0.00,0.00,0.00,0.00,159099066,1033650722,676958427,641545956
6892.13,7167643.92,9827294.87,2515874.07,2659650.95,2426.17,3971.61,0.00,1545.44,3776706025.72,6339968405.11,0.00,0.00,0.00,0.00,159444002,1033926885,677740266,641545956
6894.18,7170232.05,9831391.47,2515874.07,2661159.42,2588.13,4096.61,0.00,1508.47,3776706025.72,6339968405.11,0.00,0.00,0.00,0.00,159834209,1034199240,678484587,641545956
6896.18,7172638.95,9835462.36,2515874.07,2662823.41,2406.90,4070.89,0.00,1663.98,3776706025.72,6339968405.11,0.00,0.00,0.00,0.00,160154206,1034495410,678484587,641545956
6898.25,7175215.37,9839689.89,2515874.07,2664474.52,2576.42,4227.53,0.00,1651.11,3776706025.72,6339968405.11,0.00,0.00,0.00,0.00,160515954,1034793225,679333058,641545956
6900.25,7177913.15,9844033.54,2515874.07,2666120.39,2697.78,4343.66,0.00,1645.88,3776706025.72,6339968405.11,0.00,0.00,0.00,0.00,160937051,1035062760,679333058,641545956
6902.28,7180423.54,9848293.83,2515874.07,2667870.29,2510.39,4260.29,0.00,1749.90,3776706025.72,6339968405.11,0.00,0.00,0.00,0.00,161297653,1035344818,680202318,641545956
6904.28,7183004.37,9850874.66,2518375.38,2667870.29,2580.83,2580.83,2501.30,0.00,3776706025.72,6339968405.11,0.00,0.00,0.00,0.00,161704632,1035598531,680202318,641545956
6906.28,7185239.13,9853109.42,2520507.94,2667870.29,2234.76,2234.76,2132.57,0.00,3776706025.72,6339968405.11,0.00,0.00,0.00,0.00,161016412,1035818288,680202318,642586518
6908.28,7187746.99,9855617.28,2522949.25,2667870.29,2507.86,2507.86,2441.31,0.00,3776706025.72,6339968405.11,0.00,0.00,0.00,0.00,161533159,1035943553,680202318,642586518
6910.28,7190117.68,9857987.96,2525165.99,2667870.29,2370.68,2370.68,2216.74,0.00,3776706025.72,6339968405.11,0.00,0.00,0.00,0.00,161045016,1036019121,680202318,643605988
6912.28,7192654.56,9860524.85,2527626.54,2667870.29,2536.89,2536.89,2460.55,0.00,3776706025.72,6339968405.11,0.00,0.00,0.00,0.00,161408040,1036305540,680202318,643605988
6914.28,7195022.07,9862892.36,2529855.30,2667870.29,2367.51,2367.51,2228.76,0.00,3776706025.72,6339968405.11,0.00,0.00,0.00,0.00,160912848,1036398906,680202318,644613896
6916.28,7197380.95,9865251.23,2532055.75,2667870.29,2358.88,2358.88,2200.45,0.00,3776706025.72,6339968405.11,0.00,0.00,0.00,0.00,160213375,1036643834,680202318,645672313
6918.28,7199905.45,9867775.74,2534642.07,2667870.29,2524.50,2524.50,2586.32,0.00,3776706025.72,6339968405.11,0.00,0.00,0.00,0.00,160619208,1036884274,680202318,645672313
6920.28,7202071.60,9870281.78,2536274.84,2668210.18,2166.15,2506.04,1632.76,339.89,3776706025.72,6339968405.11,0.00,0.00,0.00,0.00,159717430,1037244437,680202318,646768463
6922.28,7204580.19,9874674.49,2536274.84,2670094.30,2508.59,4392.71,0.00,1884.12,3776706025.72,6339968405.11,0.00,0.00,0.00,0.00,160055005,1037549060,680202318,646768463
6924.34,7207218.59,9879082.41,2536274.84,2671863.82,2638.40,4407.92,0.00,1769.52,3776706025.72,6339968405.11,0.00,0.00,0.00,0.00,160474741,1037804755,681205573,646768463
6926.34,7209978.41,9883420.16,2536274.84,2673441.75,2759.82,4337.76,0.00,1577.94,3776706025.72,6339968405.11,0.00,0.00,0.00,0.00,160786040,1038199970,681205573,646768463
6928.40,7212679.29,9887697.36,2536274.84,2675018.07,2700.88,4277.19,0.00,1576.32,3776706025.72,6339968405.11,0.00,0.00,0.00,0.00,161213800,1038463634,682013055,646768463
6930.40,7215290.69,9891990.96,2536274.84,2676700.27,2611.41,4293.61,0.00,1682.20,3776706025.72,6339968405.11,0.00,0.00,0.00,0.00,161604983,1038740971,682013055,646768463
6932.42,7217720.39,9896152.09,2536274.84,2678431.69,2429.70,4161.12,0.00,1731.42,3776706025.72,6339968405.11,0.00,0.00,0.00,0.00,161963831,1039004127,682886940,646768463
6934.42,7220318.07,9900404.27,2536274.84,2680086.20,2597.67,4252.18,0.00,1654.51,3776706025.72,6339968405.11,0.00,0.00,0.00,0.00,162353812,1039279150,682886940,646768463
6936.42,7223005.00,9904802.54,2536274.84,2681797.54,2686.93,4398.27,0.00,1711.34,3776706025.72,6339968405.11,0.00,0.00,0.00,0.00,162752324,1039568493,682886940,646768463
6938.42,7225527.40,9908824.45,2536274.84,2683297.04,2522.40,4021.91,0.00,1499.50,3776706025.72,6339968405.11,0.00,0.00,0.00,0.00,163114429,1039852123,683792501,646768463
6940.42,7227873.25,9912923.49,2536274.84,2685050.23,2345.85,4099.04,0.00,1753.19,3776706025.72,6339968405.11,0.00,0.00,0.00,0.00,163416522,1040150568,683792501,646768463
6942.42,7230383.27,9915534.87,2538628.57,2685151.60,2510.02,2611.38,2353.74,101.36,3776706025.72,6339968405.11,0.00,0.00,0.00,0.00,163928717,1040280937,684607121,646768463
6944.42,7232565.49,9917717.09,2540841.49,2685151.60,2182.22,2182.22,2212.92,0.00,3776706025.72,6339968405.11,0.00,0.00,0.00,0.00,163113110,1040594056,684607121,647829600
6946.42,7235073.94,9920225.54,2543434.62,2685151.60,2508.45,2508.45,2593.12,0.00,3776706025.72,6339968405.11,0.00,0.00,0.00,0.00,163525609,1040823719,684607121,647829600
6948.42,7237257.21,9922408.80,2545569.11,2685151.60,2183.27,2183.27,2134.49,0.00,3776706025.72,6339968405.11,0.00,0.00,0.00,0.00,162716693,1041100993,684607121,648920159
6950.42,7239765.95,9924917.54,2548142.73,2685151.60,2508.74,2508.74,2573.62,0.00,3776706025.72,6339968405.11,0.00,0.00,0.00,0.00,162956851,1041503072,684607121,648920159
6952.42,7241965.87,9927117.47,2550363.43,2685151.60,2199.93,2199.93,2220.70,0.00,3776706025.72,6339968405.11,0.00,0.00,0.00,0.00,162222212,1041701407,684607121,650019644
6954.42,7244474.70,9929626.30,2552966.83,2685151.60,2508.83,2508.83,2603.40,0.00,3776706025.72,6339968405.11,0.00,0.00,0.00,0.00,162633806,1041932074,684607121,650019644
6956.42,7246641.75,9931793.35,2555152.54,2685151.60,2167.05,2167.05,2185.71,0.00,3776706025.72,6339968405.11,0.00,0.00,0.00,0.00,161805607,1042129697,684607121,651204984
6958.42,7249150.79,9934302.39,2557765.45,2685151.60,2509.04,2509.04,2612.91,0.00,3776706025.72,6339968405.11,0.00,0.00,0.00,0.00,162355134,1042222485,684607121,651204984
6960.42,7251389.45,9936541.05,2559944.49,2685151.60,2238.66,2238.66,2179.04,0.00,3776706025.72,6339968405.11,0.00,0.00,0.00,0.00,161405035,1042603458,684607121,652347207
6962.61,7253842.77,9938994.36,2562357.89,2685151.60,2453.31,2453.31,2413.41,0.00,3776706025.72,6339968405.11,0.00,0.00,0.00,0.00,160646546,1042891479,684607121,653445723
6964.61,7256408.02,9943308.80,2562357.89,2686900.77,2565.26,4314.43,0.00,1749.18,3776706025.72,6339968405.11,0.00,0.00,0.00,0.00,160963313,1043231418,684607121,653445723
6966.61,7258793.81,9947701.75,2562357.89,2688907.95,2385.79,4392.96,0.00,2007.17,3776706025.72,6339968405.11,0.00,0.00,0.00,0.00,161285481,1043520011,684607121,653445723
6968.61,7261346.56,9951985.00,2562357.89,2690638.44,2552.75,4283.25,0.00,1730.50,3776706025.72,6339968405.11,0.00,0.00,0.00,0.00,161655563,1043803433,685635332,653445723
6970.61,7264078.00,9956448.34,2562357.89,2692370.34,2731.44,4463.34,0.00,1731.90,3776706025.72,6339968405.11,0.00,0.00,0.00,0.00,162035602,1044122643,685635332,653445723
6972.61,7266618.24,9960669.57,2562357.89,2694051.34,2540.24,4221.23,0.00,1681.00,3776706025.72,6339968405.11,0.00,0.00,0.00,0.00,162405377,1044403169,686526056,653445723
6974.61,7269336.29,9965276.13,2562357.89,2695939.84,2718.05,4606.56,0.00,1888.50,3776706025.72,6339968405.11,0.00,0.00,0.00,0.00,162777274,1044727094,686526056,653445723
6976.61,7271823.33,9969465.11,2562357.89,2697641.78,2487.04,4188.97,0.00,1701.94,3776706025.72,6339968405.11,0.00,0.00,0.00,0.00,163127925,1045013124,687423461,653445723
6978.61,7274431.87,9974029.85,2562357.89,2699597.98,2608.54,4564.75,0.00,1956.20,3776706025.72,6339968405.11,0.00,0.00,0.00,0.00,163461698,1045347138,687423461,653445723
6980.61,7276927.43,9976665.32,2564694.88,2699737.89,2495.56,2635.47,2336.98,139.91,3776706025.72,6339968405.11,0.00,0.00,0.00,0.00,163814853,1045632847,688326871,653445723
6982.61,7279076.16,9978814.04,2566888.69,2699737.89,2148.72,2148.72,2193.81,0.00,3776706025.72,6339968405.11,0.00,0.00,0.00,0.00,163008986,1045882949,688326871,654551561
6984.61,7281585.36,9981323.24,2569448.38,2699737.89,2509.20,2509.20,2559.70,0.00,3776706025.72,6339968405.11,0.00,0.00,0.00,0.00,163412285,1046122005,688326871,654551561
6986.61,7283720.61,9983458.49,2571553.81,2699737.89,2135.25,2135.25,2105.43,0.00,3776706025.72,6339968405.11,0.00,0.00,0.00,0.00,162725121,1046321570,688326871,655585784
6988.61,7286230.07,9985967.96,2574091.76,2699737.89,2509.47,2509.47,2537.95,0.00,3776706025.72,6339968405.11,0.00,0.00,0.00,0.00,163146281,1046542834,688326871,655585784
6990.61,7288393.59,9988131.48,2576234.82,2699737.89,2163.52,2163.52,2143.06,0.00,3776706025.72,6339968405.11,0.00,0.00,0.00,0.00,162472750,1046741667,688326871,656614343
6992.61,7290903.29,9990641.18,2578789.23,2699737.89,2509.70,2509.70,2554.41,0.00,3776706025.72,6339968405.11,0.00,0.00,0.00,0.00,162867171,1046989728,688326871,656614343
6994.61,7293084.24,9992822.13,2580972.06,2699737.89,2180.95,2180.95,2182.83,0.00,3776706025.72,6339968405.11,0.00,0.00,0.00,0.00,162190390,1047186003,688326871,657653173
6996.61,7295209.79,9994947.67,2583105.23,2699737.89,2125.54,2125.54,2133.17,0.00,3776706025.72,6339968405.11,0.00,0.00,0.00,0.00,161449432,1047399439,688326871,658724834
6998.61,7297719.61,9997457.50,2585641.68,2699737.89,2509.82,2509.82,2536.45,0.00,3776706025.72,6339968405.11,0.00,0.00,0.00,0.00,161842932,1047648454,688326871,658724834
7000.61,7299836.31,9999574.20,2587713.79,2699737.89,2116.70,2116.70,2072.11,0.00,3776706025.72,6339968405.11,0.00,0.00,0.00,0.00,161146292,1047861785,688326871,659750018
7002.61,7302346.13,10002084.02,2590245.51,2699737.89,2509.82,2509.82,2531.72,0.00,3776706025.72,6339968405.11,0.00,0.00,0.00,0.00,161537578,1048113014,688326871,659750018
7004.61,7304411.42,10005327.67,2590597.82,2700916.25,2065.29,3243.65,352.32,1178.36,3776706025.72,6339968405.11,0.00,0.00,0.00,0.00,160906043,1048348138,688326871,660675142
7006.61,7306921.80,10009756.36,2590597.82,2702834.56,2510.38,4428.69,0.00,1918.31,3776706025.72,6339968405.11,0.00,0.00,0.00,0.00,161343260,1048553578,688326871,660675142
7008.61,7309265.55,10013847.43,2590597.82,2704581.88,2343.75,4091.07,0.00,1747.32,3776706025.72,6339968405.11,0.00,0.00,0.00,0.00,161734110,1048762728,689387970,660675142
7010.61,7311773.36,10018076.77,2590597.82,2706303.41,2507.81,4229.34,0.00,1721.53,3776706025.72,6339968405.11,0.00,0.00,0.00,0.00,162074083,1049064755,689387970,660675142
7012.61,7314117.11,10022118.06,2590597.82,2708000.95,2343.75,4041.29,0.00,1697.54,3776706025.72,6339968405.11,0.00,0.00,0.00,0.00,162513011,1049225827,690233823,660675142
7014.61,7316624.92,10026459.09,2590597.82,2709834.17,2507.81,4341.03,0.00,1833.22,3776706025.72,6339968405.11,0.00,0.00,0.00,0.00,163073671,1049307167,690233823,660675142
7016.61,7319210.15,10030598.02,2590597.82,2711387.87,2585.23,4138.93,0.00,1553.70,3776706025.72,6339968405.11,0.00,0.00,0.00,0.00,163559926,1049482731,691148348,660675142
7018.61,7321943.60,10035083.48,2590597.82,2713139.89,2733.45,4485.46,0.00,1752.02,3776706025.72,6339968405.11,0.00,0.00,0.00,0.00,164019999,1049722420,691148348,660675142
7020.61,7324604.25,10039023.02,2591221.23,2714418.77,2660.65,3939.53,623.40,1278.88,3776706025.72,6339968405.11,0.00,0.00,0.00,0.00,164464313,1049959232,692078932,660675142
7022.61,7327207.54,10041626.31,2593891.61,2714418.77,2603.29,2603.29,2670.39,0.00,3776706025.72,6339968405.11,0.00,0.00,0.00,0.00,164780197,1050309791,692078932,660675142
7024.61,7329813.24,10044232.01,2596549.76,2714418.77,2605.70,2605.70,2658.14,0.00,3776706025.72,6339968405.11,0.00,0.00,0.00,0.00,165224479,1050532568,692078932,660675142
7026.61,7331834.02,10046252.79,2598581.96,2714418.77,2020.78,2020.78,2032.20,0.00,3776706025.72,6339968405.11,0.00,0.00,0.00,0.00,163992351,1050735283,692078932,662221874
7028.61,7334345.39,10048764.16,2601241.63,2714418.77,2511.38,2511.38,2659.67,0.00,3776706025.72,6339968405.11,0.00,0.00,0.00,0.00,164297859,1051072687,692078932,662221874
7030.61,7336363.33,10050782.10,2603256.11,2714418.77,2017.94,2017.94,2014.47,0.00,3776706025.72,6339968405.11,0.00,0.00,0.00,0.00,163057507,1051312351,692078932,663739155
7032.61,7338874.77,10053293.54,2605821.57,2714418.77,2511.44,2511.44,2565.46,0.00,3776706025.72,6339968405.11,0.00,0.00,0.00,0.00,163482115,1051530671,692078932,663739155
7034.61,7341066.50,10055485.27,2607968.07,2714418.77,2191.73,2191.73,2146.51,0.00,3776706025.72,6339968405.11,0.00,0.00,0.00,0.00,162795276,1051717107,692078932,664800640
7036.61,7343578.07,10057996.84,2610553.37,2714418.77,2511.57,2511.57,2585.29,0.00,3776706025.72,6339968405.11,0.00,0.00,0.00,0.00,163203233,1051952112,692078932,664800640
7038.61,7345738.14,10060156.91,2612704.44,2714418.77,2160.08,2160.08,2151.07,0.00,3776706025.72,6339968405.11,0.00,0.00,0.00,0.00,162522464,1052141437,692078932,665845064
7040.73,7348036.58,10062455.35,2614994.48,2714418.77,2298.44,2298.44,2290.04,0.00,3776706025.72,6339968405.11,0.00,0.00,0.00,0.00,161854197,1052322485,692078932,666920683
7042.73,7350544.36,10064963.13,2617497.54,2714418.77,2507.78,2507.78,2503.06,0.00,3776706025.72,6339968405.11,0.00,0.00,0.00,0.00,162274459,1052544215,692078932,666920683
7044.73,7352537.52,10067178.37,2619192.04,2714640.85,1993.16,2215.24,1694.50,222.08,3776706025.72,6339968405.11,0.00,0.00,0.00,0.00,161554487,1052699860,692078932,667995259
7046.73,7355045.38,10071594.44,2619192.04,2716549.07,2507.85,4416.07,0.00,1908.22,3776706025.72,6339968405.11,0.00,0.00,0.00,0.00,161981705,1052914652,692078932,667995259
7048.73,7357389.12,10076052.94,2619192.04,2718663.82,2343.75,4458.50,0.00,2114.75,3776706025.72,6339968405.11,0.00,0.00,0.00,0.00,162391547,1053104810,692078932,667995259
7050.73,7359805.16,10080155.87,2619192.04,2720350.71,2416.03,4102.93,0.00,1686.90,3776706025.72,6339968405.11,0.00,0.00,0.00,0.00,162819644,1053295217,693252362,667995259
7052.73,7362391.64,10084564.74,2619192.04,2722173.10,2586.48,4408.87,0.00,1822.39,3776706025.72,6339968405.11,0.00,0.00,0.00,0.00,163267248,1053509753,693252362,667995259
7054.73,7364796.47,10088586.83,2619192.04,2723790.36,2404.83,4022.09,0.00,1617.26,3776706025.72,6339968405.11,0.00,0.00,0.00,0.00,163634729,1053757908,694152115,667995259
7056.73,7367369.63,10092968.63,2619192.04,2725599.00,2573.16,4381.80,0.00,1808.64,3776706025.72,6339968405.11,0.00,0.00,0.00,0.00,164059915,1053991452,694152115,667995259
7058.73,7369762.67,10097109.20,2619192.04,2727346.52,2393.04,4140.57,0.00,1747.53,3776706025.72,6339968405.11,0.00,0.00,0.00,0.00,164471236,1054192749,695079295,667995259
7060.73,7372323.22,10101451.56,2619192.04,2729128.34,2560.55,4342.36,0.00,1781.81,3776706025.72,6339968405.11,0.00,0.00,0.00,0.00,164858579,1054460907,695079295,667995259
7062.73,7374844.05,10104515.21,2620839.36,2729671.16,2520.82,3063.65,1647.32,542.82,3776706025.72,6339968405.11,0.00,0.00,0.00,0.00,165203214,1054761603,695976981,667995259
7064.76,7377080.43,10106751.59,2623108.29,2729671.16,2236.38,2236.38,2268.93,0.00,3776706025.72,6339968405.11,0.00,0.00,0.00,0.00,164521135,1055013638,695976981,668997817
7066.76,7379588.21,10109259.37,2625639.73,2729671.16,2507.78,2507.78,2531.45,0.00,3776706025.72,6339968405.11,0.00,0.00,0.00,0.00,164880690,1055296075,695976981,668997817
7068.76,7381766.15,10111437.31,2627822.26,2729671.16,2177.94,2177.94,2182.53,0.00,3776706025.72,6339968405.11,0.00,0.00,0.00,0.00,164136947,1055532544,695976981,670062643
7070.76,7384274.16,10113945.32,2630424.08,2729671.16,2508.01,2508.01,2601.82,0.00,3776706025.72,6339968405.11,0.00,0.00,0.00,0.00,164498513,1055813029,695976981,670062643
7072.76,7386413.93,10116085.09,2632542.48,2729671.16,2139.77,2139.77,2118.40,0.00,3776706025.72,6339968405.11,0.00,0.00,0.00,0.00,163753226,1056026168,695976981,671142573
7074.76,7388922.18,10118593.34,2635025.66,2729671.16,2508.24,2508.24,2483.18,0.00,3776706025.72,6339968405.11,0.00,0.00,0.00,0.00,164128288,1056293216,695976981,671142573
7076.76,7391091.43,10120762.59,2637126.99,2729671.16,2169.25,2169.25,2101.33,0.00,3776706025.72,6339968405.11,0.00,0.00,0.00,0.00,163440089,1056551491,695976981,672127826
7078.76,7393263.30,10122934.46,2639271.82,2729671.16,2171.88,2171.88,2144.83,0.00,3776706025.72,6339968405.11,0.00,0.00,0.00,0.00,162791752,1056794142,695976981,673089512
7080.76,7395771.88,10125443.04,2641928.07,2729671.16,2508.58,2508.58,2656.24,0.00,3776706025.72,6339968405.11,0.00,0.00,0.00,0.00,163158904,1057069186,695976981,673089512
7082.76,7398300.32,10127971.48,2644583.13,2729671.16,2528.44,2528.44,2655.07,0.00,3776706025.72,6339968405.11,0.00,0.00,0.00,0.00,163540338,1057335033,695976981,673089512
7084.76,7400195.40,10131066.98,2644763.31,2730871.58,1895.08,3095.50,180.18,1200.42,3776706025.72,6339968405.11,0.00,0.00,0.00,0.00,162363248,1057545290,695976981,674541485
7086.76,7402704.02,10135496.20,2644763.31,2732792.18,2508.61,4429.21,0.00,1920.60,3776706025.72,6339968405.11,0.00,0.00,0.00,0.00,162710876,1057839867,695976981,674541485
7088.76,7405138.84,10139617.67,2644763.31,2734478.83,2434.82,4121.47,0.00,1686.65,3776706025.72,6339968405.11,0.00,0.00,0.00,0.00,163079007,1058095050,696981736,674541485
7090.76,7407483.48,10143805.34,2644763.31,2736321.86,2344.64,4187.67,0.00,1843.03,3776706025.72,6339968405.11,0.00,0.00,0.00,0.00,163433077,1058341209,696981736,674541485
7092.76,7409936.16,10147905.25,2644763.31,2737969.09,2452.68,4099.91,0.00,1647.23,3776706025.72,6339968405.11,0.00,0.00,0.00,0.00,163811131,1058591042,697880076,674541485
7094.76,7412540.24,10152245.62,2644763.31,2739705.38,2604.08,4340.37,0.00,1736.29,3776706025.72,6339968405.11,0.00,0.00,0.00,0.00,164175098,1058893719,697880076,674541485
7096.76,7415024.55,10156235.41,2644763.31,2741210.86,2484.30,3989.79,0.00,1505.48,3776706025.72,6339968405.11,0.00,0.00,0.00,0.00,164674245,1059030554,698706816,674541485
7098.76,7417616.74,10160502.62,2644763.31,2742885.89,2592.19,4267.22,0.00,1675.03,3776706025.72,6339968405.11,0.00,0.00,0.00,0.00,165070819,1059297581,698706816,674541485
7100.76,7420028.53,10164521.22,2644763.31,2744492.70,2411.79,4018.60,0.00,1606.81,3776706025.72,6339968405.11,0.00,0.00,0.00,0.00,165352979,1059632839,699539897,674541485
7102.76,7422607.90,10168843.78,2644763.31,2746235.88,2579.37,4322.56,0.00,1743.19,3776706025.72,6339968405.11,0.00,0.00,0.00,0.00,165672025,1059974112,699539897,674541485
7104.76,7425006.71,10171895.45,2646159.30,2746888.74,2398.81,3051.67,1396.00,652.86,3776706025.72,6339968405.11,0.00,0.00,0.00,0.00,165597845,1060314535,700381455,674889338
7106.76,7427551.98,10174440.72,2648606.46,2746888.74,2545.27,2545.27,2447.16,0.00,3776706025.72,6339968405.11,0.00,0.00,0.00,0.00,165930319,1060633649,700381455,674889338
7108.76,7429754.50,10176643.25,2650774.69,2746888.74,2202.53,2202.53,2168.22,0.00,3776706025.72,6339968405.11,0.00,0.00,0.00,0.00,165305204,1060939435,700381455,675772514
7110.76,7432263.69,10179152.43,2653288.86,2746888.74,2509.19,2509.19,2514.17,0.00,3776706025.72,6339968405.11,0.00,0.00,0.00,0.00,165563431,1061323560,700381455,675772514
7112.76,7434442.61,10181331.36,2655356.49,2746888.74,2178.92,2178.92,2067.63,0.00,3776706025.72,6339968405.11,0.00,0.00,0.00,0.00,164733951,1061692065,700381455,676791293
7114.76,7436629.12,10183517.86,2657426.58,2746888.74,2186.51,2186.51,2070.09,0.00,3776706025.72,6339968405.11,0.00,0.00,0.00,0.00,164070015,1062027188,700381455,677679852
7116.76,7439138.34,10186027.08,2659831.74,2746888.74,2509.21,2509.21,2405.16,0.00,3776706025.72,6339968405.11,0.00,0.00,0.00,0.00,164381194,1062358368,700381455,677679852
7118.76,7441346.45,10188235.19,2662035.31,2746888.74,2208.11,2208.11,2203.57,0.00,3776706025.72,6339968405.11,0.00,0.00,0.00,0.00,163753199,1062644693,700381455,678586798
7120.76,7443855.71,10190744.45,2664657.05,2746888.74,2509.26,2509.26,2621.75,0.00,3776706025.72,6339968405.11,0.00,0.00,0.00,0.00,164214304,1062825959,700381455,678586798
7122.76,7446053.00,10192941.75,2666714.18,2746888.74,2197.30,2197.30,2057.12,0.00,3776706025.72,6339968405.11,0.00,0.00,0.00,0.00,163596030,1062957729,700381455,679635810
7124.76,7448198.35,10195422.80,2668198.61,2747224.45,2145.34,2481.05,1484.43,335.71,3776706025.72,6339968405.11,0.00,0.00,0.00,0.00,163123510,1063074351,700381455,680540916
7126.76,7450544.39,10199580.22,2668198.61,2749035.83,2346.04,4157.42,0.00,1811.38,3776706025.72,6339968405.11,0.00,0.00,0.00,0.00,163495255,1063303193,700381455,680540916
7128.76,7453052.20,10203736.86,2668198.61,2750684.66,2507.81,4156.64,0.00,1648.83,3776706025.72,6339968405.11,0.00,0.00,0.00,0.00,163747880,1063692568,701304778,680540916
7130.76,7455395.95,10208039.08,2668198.61,2752643.13,2343.75,4302.22,0.00,1958.47,3776706025.72,6339968405.11,0.00,0.00,0.00,0.00,164065203,1063975245,701304778,680540916
7132.76,7457903.77,10212373.94,2668198.61,2754470.18,2507.81,4334.86,0.00,1827.05,3776706025.72,6339968405.11,0.00,0.00,0.00,0.00,164402735,1064279713,702297076,680540916
7134.76,7460587.12,10216705.45,2668198.61,2756118.33,2683.36,4331.51,0.00,1648.15,3776706025.72,6339968405.11,0.00,0.00,0.00,0.00,164768639,1064600749,702297076,680540916
7136.76,7463082.65,10220986.41,2668198.61,2757903.76,2495.52,4280.95,0.00,1785.43,3776706025.72,6339968405.11,0.00,0.00,0.00,0.00,165115914,1064892328,702297076,680540916
7138.76,7465624.93,10224982.32,2668198.61,2759357.40,2542.28,3995.92,0.00,1453.64,3776706025.72,6339968405.11,0.00,0.00,0.00,0.00,165361955,1065297110,703198749,680540916
7140.76,7467995.73,10228997.80,2668198.61,2761002.07,2370.81,4015.48,0.00,1644.67,3776706025.72,6339968405.11,0.00,0.00,0.00,0.00,165641443,1065624549,703198749,680540916
7142.76,7470528.90,10233322.62,2668198.61,2762793.72,2533.16,4324.82,0.00,1791.65,3776706025.72,6339968405.11,0.00,0.00,0.00,0.00,165984085,1065930397,703948064,680540916
7144.76,7473227.80,10237653.48,2668201.02,2764425.67,2698.91,4330.86,2.41,1631.95,3776706025.72,6339968405.11,0.00,0.00,0.00,0.00,166379781,1066225621,704859715,680540916
7146.76,7475924.08,10240349.75,2670693.64,2764425.67,2696.28,2696.28,2492.62,0.00,3776706025.72,6339968405.11,0.00,0.00,0.00,0.00,166735817,1066559832,704859715,680540916
7148.76,7478183.05,10242608.73,2672891.17,2764425.67,2258.97,2258.97,2197.53,0.00,3776706025.72,6339968405.11,0.00,0.00,0.00,0.00,166185975,1066739024,704859715,681489863
7150.76,7480693.93,10245119.61,2675349.16,2764425.67,2510.88,2510.88,2458.00,0.00,3776706025.72,6339968405.11,0.00,0.00,0.00,0.00,166702450,1066865334,704859715,681489863
7152.76,7482910.90,10247336.57,2677511.31,2764425.67,2216.97,2216.97,2162.15,0.00,3776706025.72,6339968405.11,0.00,0.00,0.00,0.00,166018622,1067141388,704859715,682465181
7154.76,7485145.03,10249570.70,2679714.37,2764425.67,2234.13,2234.13,2203.05,0.00,3776706025.72,6339968405.11,0.00,0.00,0.00,0.00,165375430,1067421857,704859715,683399841
7156.76,7487655.98,10252081.65,2682238.49,2764425.67,2510.95,2510.95,2524.12,0.00,3776706025.72,6339968405.11,0.00,0.00,0.00,0.00,165603112,1067836978,704859715,683399841
7158.76,7489896.48,10254322.15,2684392.51,2764425.67,2240.50,2240.50,2154.02,0.00,3776706025.72,6339968405.11,0.00,0.00,0.00,0.00,164769452,1068239669,704859715,684404377
7160.76,7492407.60,10256833.27,2686935.53,2764425.67,2511.12,2511.12,2543.02,0.00,3776706025.72,6339968405.11,0.00,0.00,0.00,0.00,164995666,1068656303,704859715,684404377
7162.76,7494648.02,10259073.69,2689088.40,2764425.67,2240.42,2240.42,2152.87,0.00,3776706025.72,6339968405.11,0.00,0.00,0.00,0.00,164266499,1068932916,704859715,685430478
7164.85,7496992.68,10261418.35,2691365.88,2764425.67,2344.66,2344.66,2277.48,0.00,3776706025.72,6339968405.11,0.00,0.00,0.00,0.00,163491938,1069266451,704859715,686471736
7166.85,7499336.39,10265569.67,2691365.88,2766233.28,2343.72,4151.32,0.00,1807.61,3776706025.72,6339968405.11,0.00,0.00,0.00,0.00,163758284,1069600097,704859715,686471736
7168.85,7501730.95,10269662.62,2691365.88,2767931.68,2394.55,4092.95,0.00,1698.40,3776706025.72,6339968405.11,0.00,0.00,0.00,0.00,164123635,1069847752,705746407,686471736
7170.85,7504293.45,10273906.94,2691365.88,2769613.50,2562.50,4244.32,0.00,1681.82,3776706025.72,6339968405.11,0.00,0.00,0.00,0.00,164421477,1070205909,705746407,686471736
7172.85,7506676.42,10277929.69,2691365.88,2771253.27,2382.97,4022.75,0.00,1639.77,3776706025.72,6339968405.11,0.00,0.00,0.00,0.00,164661313,1070576114,706538227,686471736
7174.85,7509226.20,10282211.98,2691365.88,2772985.78,2549.78,4282.29,0.00,1732.51,3776706025.72,6339968405.11,0.00,0.00,0.00,0.00,164977934,1070912236,706538227,686471736
7176.85,7511581.84,10286133.32,2691365.88,2774551.48,2355.65,3921.35,0.00,1565.70,3776706025.72,6339968405.11,0.00,0.00,0.00,0.00,165295934,1071197282,707389930,686471736
7178.85,7514104.12,10290316.14,2691365.88,2776212.02,2522.28,4182.82,0.00,1660.54,3776706025.72,6339968405.11,0.00,0.00,0.00,0.00,165613053,1071525867,707389930,686471736
7180.85,7516595.00,10294392.36,2691365.88,2777797.36,2490.88,4076.22,0.00,1585.34,3776706025.72,6339968405.11,0.00,0.00,0.00,0.00,165929791,1071846793,708182261,686471736
7182.85,7518939.63,10298393.20,2691365.88,2779453.57,2344.63,4000.84,0.00,1656.21,3776706025.72,6339968405.11,0.00,0.00,0.00,0.00,166261253,1072115557,708182261,686471736
7184.85,7521447.45,10302083.78,2692001.11,2780636.33,2507.81,3690.57,635.23,1182.76,3776706025.72,6339968405.11,0.00,0.00,0.00,0.00,166605470,1072413340,708976309,686471736
7186.85,7523977.67,10304614.00,2694565.89,2780636.33,2530.22,2530.22,2564.78,0.00,3776706025.72,6339968405.11,0.00,0.00,0.00,0.00,166935110,1072731437,708976309,686471736
7188.85,7526038.07,10306674.40,2696600.05,2780636.33,2060.40,2060.40,2034.16,0.00,3776706025.72,6339968405.11,0.00,0.00,0.00,0.00,166095300,1073000890,708976309,687569556
7190.85,7528547.27,10309183.61,2699113.34,2780636.33,2509.20,2509.20,2513.29,0.00,3776706025.72,6339968405.11,0.00,0.00,0.00,0.00,166435024,1073303522,708976309,687569556
7192.85,7530677.85,10311314.18,2701221.68,2780636.33,2130.57,2130.57,2108.34,0.00,3776706025.72,6339968405.11,0.00,0.00,0.00,0.00,165722199,1073552355,708976309,688578975
7194.90,7532908.72,10313545.05,2703384.18,2780636.33,2230.88,2230.88,2162.51,0.00,3776706025.72,6339968405.11,0.00,0.00,0.00,0.00,165058256,1073817962,708976309,689548415
7196.90,7535252.44,10315888.77,2705914.66,2780636.33,2343.72,2343.72,2530.47,0.00,3776706025.72,6339968405.11,0.00,0.00,0.00,0.00,165346388,1074129822,708976309,689548415
7198.90,7537382.40,10318018.73,2708106.03,2780636.33,2129.96,2129.96,2191.37,0.00,3776706025.72,6339968405.11,0.00,0.00,0.00,0.00,164507286,1074411848,708976309,690650760
7200.90,7539890.37,10320526.70,2710617.71,2780636.33,2507.97,2507.97,2511.68,0.00,3776706025.72,6339968405.11,0.00,0.00,0.00,0.00,164836545,1074724629,708976309,690650760
7202.90,7542036.24,10322672.57,2712672.89,2780636.33,2145.87,2145.87,2055.18,0.00,3776706025.72,6339968405.11,0.00,0.00,0.00,0.00,164099889,1074995242,708976309,691666146
7204.90,7544544.34,10325180.67,2715111.36,2780636.33,2508.10,2508.10,2438.48,0.00,3776706025.72,6339968405.11,0.00,0.00,0.00,0.00,164295051,1075442153,708976309,691666146
7206.90,7546699.51,10327335.84,2717174.34,2780636.33,2155.17,2155.17,2062.98,0.00,3776706025.72,6339968405.11,0.00,0.00,0.00,0.00,163697969,1075637330,708976309,692619775
7208.90,7548768.36,10329522.30,2719017.92,2780753.94,2068.85,2186.46,1843.58,117.61,3776706025.72,6339968405.11,0.00,0.00,0.00,0.00,163177711,1075756341,708976309,693550648
7210.90,7551276.52,10333867.21,2719017.92,2782590.70,2508.16,4344.91,0.00,1836.75,3776706025.72,6339968405.11,0.00,0.00,0.00,0.00,163534782,1076041359,708976309,693550648
7212.90,7553620.27,10338149.35,2719017.92,2784529.08,2343.75,4282.13,0.00,1938.38,3776706025.72,6339968405.11,0.00,0.00,0.00,0.00,163767923,1076408218,708976309,693550648
7214.90,7556023.27,10342191.24,2719017.92,2786167.97,2403.00,4041.89,0.00,1638.89,3776706025.72,6339968405.11,0.00,0.00,0.00,0.00,164002523,1076788785,709988646,693550648
7216.90,7558575.73,10346465.76,2719017.92,2787890.03,2552.46,4274.52,0.00,1722.06,3776706025.72,6339968405.11,0.00,0.00,0.00,0.00,164228570,1077216168,709988646,693550648
7218.90,7560950.26,10350362.18,2719017.92,2789411.92,2374.53,3896.42,0.00,1521.89,3776706025.72,6339968405.11,0.00,0.00,0.00,0.00,164472644,1077579974,710840075,693550648
7220.90,7563416.32,10354593.64,2719017.92,2791177.32,2466.07,4231.46,0.00,1765.40,3776706025.72,6339968405.11,0.00,0.00,0.00,0.00,164767592,1077916339,711652249,693550648
7222.90,7565760.91,10358740.03,2719017.92,2792979.12,2344.59,4146.39,0.00,1801.80,3776706025.72,6339968405.11,0.00,0.00,0.00,0.00,165023126,1078261019,711652249,693550648
7224.90,7568218.45,10362883.99,2719017.92,2794665.54,2457.54,4143.96,0.00,1686.42,3776706025.72,6339968405.11,0.00,0.00,0.00,0.00,165264821,1078648454,712544203,693550648
7226.90,7570847.72,10367224.25,2719017.92,2796376.53,2629.27,4340.26,0.00,1710.98,3776706025.72,6339968405.11,0.00,0.00,0.00,0.00,165714187,1078872182,712544203,693550648
7228.90,7573293.99,10371348.40,2719095.89,2798054.41,2446.27,4124.15,77.97,1677.88,3776706025.72,6339968405.11,0.00,0.00,0.00,0.00,166150970,1079061643,712544203,693550648
7230.90,7575844.94,10373899.35,2721615.70,2798054.41,2550.95,2550.95,2519.81,0.00,3776706025.72,6339968405.11,0.00,0.00,0.00,0.00,166414988,1079450669,713425516,693550648
7232.90,7578005.82,10376060.23,2723773.78,2798054.41,2160.88,2160.88,2158.07,0.00,3776706025.72,6339968405.11,0.00,0.00,0.00,0.00,165638313,1079738397,713425516,694592779
7234.90,7580514.96,10378569.38,2726168.58,2798054.41,2509.15,2509.15,2394.80,0.00,3776706025.72,6339968405.11,0.00,0.00,0.00,0.00,165981903,1080037149,713425516,694592779
7236.90,7582733.14,10380787.55,2728480.93,2798054.41,2218.18,2218.18,2312.36,0.00,3776706025.72,6339968405.11,0.00,0.00,0.00,0.00,165554688,1080212345,713425516,695412651
7238.90,7585242.12,10383296.53,2731140.43,2798054.41,2508.98,2508.98,2659.49,0.00,3776706025.72,6339968405.11,0.00,0.00,0.00,0.00,165983152,1080426179,713425516,695412651
7240.90,7587162.84,10385217.25,2733125.46,2798054.41,1920.72,1920.72,1985.04,0.00,3776706025.72,6339968405.11,0.00,0.00,0.00,0.00,164774342,1080641400,713425516,696897945
7242.90,7589672.16,10387726.57,2735787.30,2798054.41,2509.32,2509.32,2661.84,0.00,3776706025.72,6339968405.11,0.00,0.00,0.00,0.00,165098734,1080959393,713425516,696897945
7245.11,7591852.22,10389906.63,2738054.81,2798054.41,2180.06,2180.06,2267.52,0.00,3776706025.72,6339968405.11,0.00,0.00,0.00,0.00,163839932,1081263460,713425516,698410776
7247.11,7594360.00,10392414.41,2740676.32,2798054.41,2507.78,2507.78,2621.51,0.00,3776706025.72,6339968405.11,0.00,0.00,0.00,0.00,164115257,1081630127,713425516,698410776
7249.11,7596998.03,10395052.44,2743331.51,2798054.41,2638.03,2638.03,2655.19,0.00,3776706025.72,6339968405.11,0.00,0.00,0.00,0.00,164450491,1081970228,713425516,698410776
7251.11,7598790.41,10397604.12,2743932.23,2798813.71,1792.39,2551.68,600.72,759.30,3776706025.72,6339968405.11,0.00,0.00,0.00,0.00,163138568,1082236392,713425516,699915386
7253.11,7601298.58,10401874.64,2743932.23,2800576.07,2508.16,4270.52,0.00,1762.36,3776706025.72,6339968405.11,0.00,0.00,0.00,0.00,163392731,1082624319,713425516,699915386
7255.11,7603642.33,10405882.41,2743932.23,2802240.08,2343.75,4007.77,0.00,1664.02,3776706025.72,6339968405.11,0.00,0.00,0.00,0.00,163640138,1082976912,714328990,699915386
7257.11,7606150.14,10410125.70,2743932.23,2803975.55,2507.81,4243.29,0.00,1735.47,3776706025.72,6339968405.11,0.00,0.00,0.00,0.00,163911631,1083347419,714328990,699915386
7259.11,7608691.05,10414296.50,2743932.23,2805605.45,2540.91,4170.80,0.00,1629.89,3776706025.72,6339968405.11,0.00,0.00,0.00,0.00,164205948,1083703574,715230454,699915386
7261.11,7611056.03,10418613.64,2743932.23,2807557.61,2364.98,4317.14,0.00,1952.16,3776706025.72,6339968405.11,0.00,0.00,0.00,0.00,164482417,1084032541,715230454,699915386
7263.11,7613585.48,10422686.16,2743932.23,2809100.68,2529.45,4072.53,0.00,1543.07,3776706025.72,6339968405.11,0.00,0.00,0.00,0.00,164787779,1084374719,716076532,699915386
7265.11,7616292.00,10427052.47,2743932.23,2810760.47,2706.51,4366.30,0.00,1659.79,3776706025.72,6339968405.11,0.00,0.00,0.00,0.00,165081256,1084774109,716076532,699915386
7267.11,7618845.13,10431130.88,2743932.23,2812285.75,2553.13,4078.41,0.00,1525.28,3776706025.72,6339968405.11,0.00,0.00,0.00,0.00,165357139,1085151828,716932462,699915386
7269.11,7621222.26,10435401.18,2743932.23,2814178.92,2377.13,4270.30,0.00,1893.17,3776706025.72,6339968405.11,0.00,0.00,0.00,0.00,165605009,1085512504,716932462,699915386
7271.11,7623764.28,10439236.57,2744473.22,2815472.29,2542.02,3835.39,540.99,1293.37,3776706025.72,6339968405.11,0.00,0.00,0.00,0.00,165883078,1085885192,717850794,699915386
7273.11,7626480.22,10441952.52,2747115.82,2815472.29,2715.94,2715.94,2642.60,0.00,3776706025.72,6339968405.11,0.00,0.00,0.00,0.00,166183996,1086279555,717850794,699915386
7275.44,7629010.49,10444482.79,2749605.20,2815472.29,2530.27,2530.27,2489.38,0.00,3776706025.72,6339968405.11,0.00,0.00,0.00,0.00,165020499,1086638524,717850794,701367663
7277.44,7631556.88,10447029.17,2751952.43,2815472.29,2546.38,2546.38,2347.22,0.00,3776706025.72,6339968405.11,0.00,0.00,0.00,0.00,165311030,1086999867,717850794,701367663
7279.44,7633712.94,10449185.23,2754021.75,2815472.29,2156.07,2156.07,2069.32,0.00,3776706025.72,6339968405.11,0.00,0.00,0.00,0.00,164721839,1087303436,717850794,702205238
7281.44,7636220.77,10451693.06,2756470.84,2815472.29,2507.82,2507.82,2449.09,0.00,3776706025.72,6339968405.11,0.00,0.00,0.00,0.00,165009692,1087657586,717850794,702205238
7283.44,7638357.34,10453829.63,2758531.30,2815472.29,2136.57,2136.57,2060.46,0.00,3776706025.72,6339968405.11,0.00,0.00,0.00,0.00,164312425,1087966048,717850794,703141005
7285.44,7640536.48,10456008.78,2760747.65,2815472.29,2179.15,2179.15,2216.34,0.00,3776706025.72,6339968405.11,0.00,0.00,0.00,0.00,163578278,1088278526,717850794,704120536
7287.44,7643044.59,10458516.88,2763293.67,2815472.29,2508.11,2508.11,2546.02,0.00,3776706025.72,6339968405.11,0.00,0.00,0.00,0.00,163877941,1088620938,717850794,704120536
7289.44,7645157.93,10461526.73,2763983.44,2816368.81,2113.34,3009.85,689.77,896.52,3776706025.72,6339968405.11,0.00,0.00,0.00,0.00,163157073,1088955182,717850794,705048174
7291.44,7647666.38,10465737.65,2763983.44,2818071.28,2508.45,4210.92,0.00,1702.47,3776706025.72,6339968405.11,0.00,0.00,0.00,0.00,163452336,1089302082,717850794,705048174
7293.44,7650034.46,10469807.43,2763983.44,2819772.97,2368.08,4069.78,0.00,1701.70,3776706025.72,6339968405.11,0.00,0.00,0.00,0.00,163759401,1089601246,718692096,705048174
7295.44,7652378.87,10474015.17,2763983.44,2821636.30,2344.41,4207.74,0.00,1863.33,3776706025.72,6339968405.11,0.00,0.00,0.00,0.00,164067143,1089893673,718692096,705048174
7297.44,7654759.89,10478001.27,2763983.44,2823241.38,2381.02,3986.10,0.00,1605.08,3776706025.72,6339968405.11,0.00,0.00,0.00,0.00,164380631,1090189726,719587481,705048174
7299.44,7657283.89,10482391.52,2763983.44,2825107.63,2524.00,4390.25,0.00,1866.25,3776706025.72,6339968405.11,0.00,0.00,0.00,0.00,164699449,1090517053,719587481,705048174
7301.44,7659614.06,10486397.00,2763983.44,2826782.93,2330.17,4005.47,0.00,1675.30,3776706025.72,6339968405.11,0.00,0.00,0.00,0.00,164993713,1090819313,720513153,705048174
7303.44,7662122.91,10490779.04,2763983.44,2828656.13,2508.85,4382.05,0.00,1873.20,3776706025.72,6339968405.11,0.00,0.00,0.00,0.00,165303709,1091151583,720513153,705048174
7305.44,7664466.66,10494796.71,2763983.44,2830330.05,2343.75,4017.67,0.00,1673.92,3776706025.72,6339968405.11,0.00,0.00,0.00,0.00,165609602,1091445690,721440990,705048174
7307.44,7666974.48,10499184.04,2763983.44,2832209.56,2507.81,4387.32,0.00,1879.51,3776706025.72,6339968405.11,0.00,0.00,0.00,0.00,165913365,1091783927,721440990,705048174
7309.44,7669465.38,10502654.31,2765040.59,2833188.93,2490.90,3470.27,1057.15,979.38,3776706025.72,6339968405.11,0.00,0.00,0.00,0.00,166226050,1092108912,722378089,705048174
7311.44,7671712.67,10504901.60,2767134.51,2833188.93,2247.29,2247.29,2093.93,0.00,3776706025.72,6339968405.11,0.00,0.00,0.00,0.00,165839394,1092413623,722378089,705705426
7313.44,7674222.04,10507410.97,2769567.35,2833188.93,2509.37,2509.37,2432.84,0.00,3776706025.72,6339968405.11,0.00,0.00,0.00,0.00,166164659,1092730756,722378089,705705426
7315.44,7676434.52,10509623.45,2771796.31,2833188.93,2212.48,2212.48,2228.96,0.00,3776706025.72,6339968405.11,0.00,0.00,0.00,0.00,165563505,1093014259,722378089,706589473
7317.44,7678944.11,10512133.04,2774457.16,2833188.93,2509.59,2509.59,2660.85,0.00,3776706025.72,6339968405.11,0.00,0.00,0.00,0.00,165875548,1093344670,722378089,706589473
7319.44,7680894.64,10514083.57,2776399.43,2833188.93,1950.54,1950.54,1942.28,0.00,3776706025.72,6339968405.11,0.00,0.00,0.00,0.00,164767559,1093537628,722378089,708003841
7321.44,7683107.46,10516296.39,2778544.32,2833188.93,2212.82,2212.82,2144.89,0.00,3776706025.72,6339968405.11,0.00,0.00,0.00,0.00,164264973,1093847309,722378089,708763228
7323.44,7685617.70,10518806.63,2781047.87,2833188.93,2510.24,2510.24,2503.55,0.00,3776706025.72,6339968405.11,0.00,0.00,0.00,0.00,164569339,1094185564,722378089,708763228
7325.44,7687815.04,10521003.97,2783102.23,2833188.93,2197.34,2197.34,2054.36,0.00,3776706025.72,6339968405.11,0.00,0.00,0.00,0.00,163922046,1094485259,722378089,709673344
7327.44,7690325.35,10523514.29,2785561.55,2833188.93,2510.32,2510.32,2459.32,0.00,3776706025.72,6339968405.11,0.00,0.00,0.00,0.00,164220456,1094829490,722378089,709673344
7329.44,7692537.32,10525726.25,2787674.44,2833188.93,2211.96,2211.96,2112.89,0.00,3776706025.72,6339968405.11,0.00,0.00,0.00,0.00,163547309,1095167692,722378089,710574552
7331.44,7694598.20,10528219.06,2789033.98,2833620.86,2060.89,2492.81,1359.54,431.93,3776706025.72,6339968405.11,0.00,0.00,0.00,0.00,162887167,1095470124,722378089,711459849
7333.44,7697092.72,10532514.86,2789033.98,2835422.14,2494.52,4295.80,0.00,1801.28,3776706025.72,6339968405.11,0.00,0.00,0.00,0.00,163179188,1095816700,722378089,711459849
7335.44,7699460.00,10536566.78,2789033.98,2837106.78,2367.28,4051.92,0.00,1684.64,3776706025.72,6339968405.11,0.00,0.00,0.00,0.00,163432903,1096169008,723276922,711459849
7337.44,7701806.34,10540788.48,2789033.98,2838982.14,2346.34,4221.70,0.00,1875.36,3776706025.72,6339968405.11,0.00,0.00,0.00,0.00,163725003,1096477571,723276922,711459849
7339.44,7704198.95,10544920.36,2789033.98,2840721.41,2392.61,4131.88,0.00,1739.27,3776706025.72,6339968405.11,0.00,0.00,0.00,0.00,164008078,1096807005,724209089,711459849
7341.44,7706716.23,10549249.91,2789033.98,2842533.69,2517.27,4329.55,0.00,1812.28,3776706025.72,6339968405.11,0.00,0.00,0.00,0.00,164298212,1097161293,724209089,711459849
7343.44,7709062.75,10553304.23,2789033.98,2844241.48,2346.52,4054.32,0.00,1707.80,3776706025.72,6339968405.11,0.00,0.00,0.00,0.00,164594417,1097465798,725092871,711459849
7345.44,7711570.56,10557604.87,2789033.98,2846034.30,2507.81,4300.63,0.00,1792.82,3776706025.72,6339968405.11,0.00,0.00,0.00,0.00,164921130,1097781085,725092871,711459849
7347.44,7713914.31,10561701.81,2789033.98,2847787.50,2343.75,4096.94,0.00,1753.19,3776706025.72,6339968405.11,0.00,0.00,0.00,0.00,165216259,1098085956,726008482,711459849
7349.44,7716422.12,10565981.50,2789033.98,2849559.38,2507.81,4279.70,0.00,1771.88,3776706025.72,6339968405.11,0.00,0.00,0.00,0.00,165515359,1098428856,726008482,711459849
7351.44,7718916.29,10569844.38,2789721.62,2850928.10,2494.16,3862.88,687.65,1368.72,3776706025.72,6339968405.11,0.00,0.00,0.00,0.00,165783764,1098798956,726901038,711459849
7353.44,7721441.73,10572369.83,2792386.55,2850928.10,2525.45,2525.45,2664.93,0.00,3776706025.72,6339968405.11,0.00,0.00,0.00,0.00,166104905,1099124329,726901038,711459849
7355.44,7723528.07,10574456.17,2794380.14,2850928.10,2086.34,2086.34,1993.59,0.00,3776706025.72,6339968405.11,0.00,0.00,0.00,0.00,165370829,1099420880,726901038,712431477
7357.44,7725736.68,10576664.78,2796579.45,2850928.10,2208.61,2208.61,2199.30,0.00,3776706025.72,6339968405.11,0.00,0.00,0.00,0.00,164770318,1099640764,726901038,713377509
7359.44,7728249.03,10579177.12,2799096.16,2850928.10,2512.34,2512.34,2516.71,0.00,3776706025.72,6339968405.11,0.00,0.00,0.00,0.00,165259933,1099794309,726901038,713377509
7361.44,7730442.88,10581370.98,2801165.02,2850928.10,2193.86,2193.86,2068.86,0.00,3776706025.72,6339968405.11,0.00,0.00,0.00,0.00,164786754,1099944107,726901038,714262517
7363.64,7732952.36,10583880.46,2803586.40,2850928.10,2509.48,2509.48,2421.38,0.00,3776706025.72,6339968405.11,0.00,0.00,0.00,0.00,164140029,1100310507,726901038,715185269
7365.64,7735465.53,10586393.62,2805981.40,2850928.10,2513.16,2513.16,2395.00,0.00,3776706025.72,6339968405.11,0.00,0.00,0.00,0.00,164501478,1100592428,726901038,715185269
7367.64,7737637.88,10588565.97,2808070.46,2850928.10,2172.35,2172.35,2089.06,0.00,3776706025.72,6339968405.11,0.00,0.00,0.00,0.00,163937755,1100766379,726901038,716131162
7369.64,7740145.72,10591073.82,2810543.30,2850928.10,2507.85,2507.85,2472.84,0.00,3776706025.72,6339968405.11,0.00,0.00,0.00,0.00,164259711,1101086432,726901038,716131162
7371.64,7742344.20,10593272.30,2812603.46,2850928.10,2198.48,2198.48,2060.16,0.00,3776706025.72,6339968405.11,0.00,0.00,0.00,0.00,163609314,1101359081,726901038,717071721
7373.64,7744395.27,10595446.95,2814363.04,2851051.68,2051.06,2174.65,1759.59,123.59,3776706025.72,6339968405.11,0.00,0.00,0.00,0.00,162973418,1101647686,726901038,717944084
7375.64,7746903.57,10599736.59,2814363.04,2852833.02,2508.31,4289.64,0.00,1781.33,3776706025.72,6339968405.11,0.00,0.00,0.00,0.00,163313992,1101949239,726901038,717944084
7377.67,7749485.52,10604069.97,2814363.04,2854584.45,2581.95,4333.38,0.00,1751.43,3776706025.72,6339968405.11,0.00,0.00,0.00,0.00,163651250,1102272960,727822509,717944084
7379.67,7751886.68,10608230.93,2814363.04,2856344.25,2401.15,4160.96,0.00,1759.81,3776706025.72,6339968405.11,0.00,0.00,0.00,0.00,163976550,1102562355,727822509,717944084
7381.67,7754455.94,10612651.82,2814363.04,2858195.88,2569.27,4420.89,0.00,1851.62,3776706025.72,6339968405.11,0.00,0.00,0.00,0.00,164323916,1102872721,727822509,717944084
7383.67,7756845.36,10616755.03,2814363.04,2859909.68,2389.41,4103.21,0.00,1713.80,3776706025.72,6339968405.11,0.00,0.00,0.00,0.00,164636405,1103171922,728748806,717944084
7385.67,7759402.03,10621091.44,2814363.04,2861689.41,2556.67,4336.41,0.00,1779.74,3776706025.72,6339968405.11,0.00,0.00,0.00,0.00,164992834,1103470001,728748806,717944084
7387.67,7761937.23,10625257.88,2814363.04,2863320.66,2535.20,4166.44,0.00,1631.24,3776706025.72,6339968405.11,0.00,0.00,0.00,0.00,165287660,1103824186,729649531,717944084
7389.67,7764574.29,10629667.48,2814363.04,2865093.20,2637.06,4409.60,0.00,1772.54,3776706025.72,6339968405.11,0.00,0.00,0.00,0.00,165507906,1104279027,729649531,717944084
7391.67,7767040.39,10633859.86,2814363.04,2866819.47,2466.11,4192.38,0.00,1726.28,3776706025.72,6339968405.11,0.00,0.00,0.00,0.00,165841328,1104576928,730554168,717944084
7393.67,7769384.58,10638047.11,2814515.52,2868662.53,2344.19,4187.25,152.47,1843.06,3776706025.72,6339968405.11,0.00,0.00,0.00,0.00,166150701,1104867667,730554168,717944084
7395.67,7771892.39,10640554.92,2816887.57,2868662.53,2507.81,2507.81,2372.05,0.00,3776706025.72,6339968405.11,0.00,0.00,0.00,0.00,166497760,1105162608,731419884,717944084
7397.67,7774094.39,10642756.93,2819084.66,2868662.53,2202.00,2202.00,2197.09,0.00,3776706025.72,6339968405.11,0.00,0.00,0.00,0.00,165922989,1105413399,731419884,718831777
7399.67,7776603.07,10645265.60,2821752.70,2868662.53,2508.67,2508.67,2668.04,0.00,3776706025.72,6339968405.11,0.00,0.00,0.00,0.00,166281796,1105696812,731419884,718831777
7401.67,7778568.68,10647231.21,2823783.92,2868662.53,1965.62,1965.62,2031.22,0.00,3776706025.72,6339968405.11,0.00,0.00,0.00,0.00,165047081,1105924493,731419884,720342009
7403.67,7781077.36,10649739.89,2826442.40,2868662.53,2508.68,2508.68,2658.48,0.00,3776706025.72,6339968405.11,0.00,0.00,0.00,0.00,165391256,1106222540,731419884,720342009
7405.67,7783685.90,10652348.43,2829110.17,2868662.53,2608.54,2608.54,2667.77,0.00,3776706025.72,6339968405.11,0.00,0.00,0.00,0.00,165756830,1106524751,731419884,720342009
7433.66,7784283.45,10652945.98,2829736.81,2868662.53,597.55,597.55,626.64,0.00,3776706025.72,6339968405.11,0.00,0.00,0.00,0.00,164315592,1106591441,731419884,721869529
7435.66,7786791.23,10655453.76,2832343.49,2868662.53,2507.78,2507.78,2606.68,0.00,3776706025.72,6339968405.11,0.00,0.00,0.00,0.00,164650091,1106898934,731419884,721869529
7437.66,7789336.41,10657998.94,2835003.25,2868662.53,2545.18,2545.18,2659.76,0.00,3776706025.72,6339968405.11,0.00,0.00,0.00,0.00,164986848,1107213744,731419884,721869529
7439.66,7791391.86,10660054.39,2837171.48,2868662.53,2055.45,2055.45,2168.23,0.00,3776706025.72,6339968405.11,0.00,0.00,0.00,0.00,163866771,1107443481,731419884,723286064
7441.66,7793899.91,10662562.45,2839831.96,2868662.53,2508.05,2508.05,2660.48,0.00,3776706025.72,6339968405.11,0.00,0.00,0.00,0.00,164210340,1107741974,731419884,723286064
7443.66,7795862.82,10664962.50,2841151.27,2869099.68,1962.90,2400.05,1319.31,437.15,3776706025.72,6339968405.11,0.00,0.00,0.00,0.00,162993551,1107957767,731419884,724789563
7445.66,7798371.25,10669289.96,2841151.27,2870918.72,2508.43,4327.46,0.00,1819.04,3776706025.72,6339968405.11,0.00,0.00,0.00,0.00,163324619,1108268857,731419884,724789563
7447.66,7800715.00,10673315.17,2841151.27,2872600.18,2343.75,4025.21,0.00,1681.46,3776706025.72,6339968405.11,0.00,0.00,0.00,0.00,163657788,1108535688,732375484,724789563
7449.66,7803222.81,10677558.08,2841151.27,2874335.27,2507.81,4242.91,0.00,1735.09,3776706025.72,6339968405.11,0.00,0.00,0.00,0.00,164002174,1108833302,732375484,724789563
7451.66,7805566.56,10681666.09,2841151.27,2876099.54,2343.75,4108.02,0.00,1764.27,3777583464.06,6340874126.54,877438.34,905721.44,0.00,0.00,164321614,1109113862,732375484,724789563
7453.66,7808074.37,10685953.20,2841151.27,2877878.83,2507.81,4287.11,0.00,1779.29,3777583464.06,6340874126.54,0.00,0.00,0.00,0.00,164673821,1109403655,733294222,724789563
7455.66,7810697.48,10690389.04,2841151.27,2879691.56,2623.11,4435.84,0.00,1812.73,3777583464.06,6340874126.54,0.00,0.00,0.00,0.00,165040105,1109708888,733294222,724789563
7457.66,7813139.50,10694420.25,2841151.27,2881280.75,2442.01,4031.20,0.00,1589.19,3777583464.06,6340874126.54,0.00,0.00,0.00,0.00,165385881,1109988267,734221931,724789563
7459.66,7815746.15,10698702.95,2841249.14,2882956.79,2606.66,4282.70,97.87,1676.04,3777583464.06,6340874126.54,0.00,0.00,0.00,0.00,165779655,1110261797,735056493,724789563
7461.66,7818234.50,10701191.29,2843903.57,2882956.79,2488.34,2488.34,2654.43,0.00,3777583464.06,6340874126.54,0.00,0.00,0.00,0.00,166115110,1110563358,735056493,724789563
7463.66,7820360.97,10703317.76,2845910.47,2882956.79,2126.47,2126.47,2006.89,0.00,3777583464.06,6340874126.54,0.00,0.00,0.00,0.00,165232928,1110829540,735056493,725949940
7465.66,7822870.29,10705827.08,2848347.24,2882956.79,2509.32,2509.32,2436.77,0.00,3777583464.06,6340874126.54,0.00,0.00,0.00,0.00,165557844,1111147009,735056493,725949940
7467.66,7825064.73,10708021.52,2850442.96,2882956.79,2194.44,2194.44,2095.72,0.00,3777583464.06,6340874126.54,0.00,0.00,0.00,0.00,164902495,1111422539,735056493,726891536
7469.66,7827574.30,10710531.09,2852883.32,2882956.79,2509.57,2509.57,2440.37,0.00,3777583464.06,6340874126.54,0.00,0.00,0.00,0.00,165165638,1111801847,735056493,726891536
7471.66,7829820.21,10712777.00,2855076.61,2882956.79,2245.91,2245.91,2193.28,0.00,3777583464.06,6340874126.54,0.00,0.00,0.00,0.00,164470830,1112133167,735056493,727829977
7473.66,7832043.29,10715000.08,2857196.21,2882956.79,2223.07,2223.07,2119.61,0.00,3777583464.06,6340874126.54,0.00,0.00,0.00,0.00,163717661,1112481460,735056493,728803960
7475.66,7834552.96,10717509.75,2859638.05,2882956.79,2509.68,2509.68,2441.84,0.00,3777583464.06,6340874126.54,0.00,0.00,0.00,0.00,163963596,1112878002,735056493,728803960
7477.66,7836844.78,10719801.57,2861801.70,2882956.79,2291.82,2291.82,2163.65,0.00,3777583464.06,6340874126.54,0.00,0.00,0.00,0.00,163279090,1113229532,735056493,729723641
7479.66,7839219.37,10722176.16,2864019.00,2882956.79,2374.59,2374.59,2217.30,0.00,3777583464.06,6340874126.54,0.00,0.00,0.00,0.00,162582146,1113614371,735056493,730643641
7481.66,7841757.84,10724714.64,2866466.64,2882956.79,2538.48,2538.48,2447.64,0.00,3777583464.06,6340874126.54,0.00,0.00,0.00,0.00,162855740,1113990627,735056493,730643641
7483.66,7843939.34,10727465.60,2867721.92,2883526.25,2181.50,2750.96,1255.28,569.46,3777583464.06,6340874126.54,0.00,0.00,0.00,0.00,162135668,1114321216,735056493,731591588
7485.66,7846447.40,10731645.57,2867721.92,2885198.18,2508.05,4179.98,0.00,1671.92,3777583464.06,6340874126.54,0.00,0.00,0.00,0.00,162406295,1114692651,735056493,731591588
7487.66,7848791.15,10735596.41,2867721.92,2886805.27,2343.75,3950.84,0.00,1607.09,3777583464.06,6340874126.54,0.00,0.00,0.00,0.00,162653869,1115045077,735916864,731591588
7489.66,7851298.96,10739867.60,2867721.92,2888568.64,2507.81,4271.18,0.00,1763.37,3777583464.06,6340874126.54,0.00,0.00,0.00,0.00,163055683,1115285263,735916864,731591588
7491.66,7853766.25,10743950.10,2867721.92,2890183.85,2467.29,4082.50,0.00,1615.21,3777583464.06,6340874126.54,0.00,0.00,0.00,0.00,163506212,1115466360,736673560,731591588
7493.66,7856110.41,10748117.60,2867721.92,2892007.19,2344.16,4167.50,0.00,1823.34,3777583464.06,6340874126.54,0.00,0.00,0.00,0.00,163802539,1115770138,736673560,731591588
7495.66,7858600.22,10752152.59,2867721.92,2893552.38,2489.81,4035.00,0.00,1545.19,3777583464.06,6340874126.54,0.00,0.00,0.00,0.00,164274162,1115935906,737476123,731591588
7497.66,7861185.53,10756540.63,2867721.92,2895355.11,2585.31,4388.04,0.00,1802.73,3777583464.06,6340874126.54,0.00,0.00,0.00,0.00,164833474,1116038433,737476123,731591588
7499.66,7863696.91,10760574.20,2867721.92,2896877.29,2511.38,4033.56,0.00,1522.18,3777583464.06,6340874126.54,0.00,0.00,0.00,0.00,165213569,1116301251,738318514,731591588
7501.66,7866326.32,10764922.92,2867721.92,2898596.59,2629.42,4348.72,0.00,1719.30,3777583464.06,6340874126.54,0.00,0.00,0.00,0.00,165474305,1116713646,738318514,731591588
7503.66,7868772.56,10767919.99,2869323.04,2899147.43,2446.23,2997.07,1601.12,550.84,3777583464.06,6340874126.54,0.00,0.00,0.00,0.00,165765891,1117048296,739146851,731591588
7505.66,7871040.09,10770187.53,2871493.48,2899147.43,2267.54,2267.54,2170.43,0.00,3777583464.06,6340874126.54,0.00,0.00,0.00,0.00,165078617,1117392566,739146851,732515081
7507.66,7873548.69,10772696.12,2873953.70,2899147.43,2508.60,2508.60,2460.23,0.00,3777583464.06,6340874126.54,0.00,0.00,0.00,0.00,165391092,1117722292,739146851,732515081
7509.66,7875835.71,10774983.15,2876255.26,2899147.43,2287.02,2287.02,2301.56,0.00,3777583464.06,6340874126.54,0.00,0.00,0.00,0.00,164667904,1118079048,739146851,733466991
7511.66,7878344.45,10777491.88,2878915.24,2899147.43,2508.73,2508.73,2659.98,0.00,3777583464.06,6340874126.54,0.00,0.00,0.00,0.00,164933659,1118455529,739146851,733466991
7513.66,7880450.54,10779597.97,2881110.96,2899147.43,2106.09,2106.09,2195.72,0.00,3777583464.06,6340874126.54,0.00,0.00,0.00,0.00,163712283,1118702270,739146851,734980784
7515.66,7882959.57,10782107.00,2883514.22,2899147.43,2509.03,2509.03,2403.25,0.00,3777583464.06,6340874126.54,0.00,0.00,0.00,0.00,164043210,1119013655,739146851,734980784
7517.66,7885203.28,10784350.71,2885665.36,2899147.43,2243.71,2243.71,2151.14,0.00,3777583464.06,6340874126.54,0.00,0.00,0.00,0.00,163386492,1119292817,739146851,735932731
7519.66,7887712.40,10786859.83,2888106.53,2899147.43,2509.12,2509.12,2441.18,0.00,3777583464.06,6340874126.54,0.00,0.00,0.00,0.00,163702748,1119618895,739146851,735932731
7521.66,7889971.35,10789118.79,2890258.53,2899147.43,2258.95,2258.95,2152.00,0.00,3777583464.06,6340874126.54,0.00,0.00,0.00,0.00,163046444,1119908161,739146851,736878061
7523.66,7892130.43,10791539.67,2892003.50,2899409.24,2159.07,2420.88,1744.96,261.81,3777583464.06,6340874126.54,0.00,0.00,0.00,0.00,162417780,1120160430,739146851,737807179
7525.66,7894615.57,10795815.68,2892003.50,2901200.11,2485.14,4276.01,0.00,1790.87,3777583464.06,6340874126.54,0.00,0.00,0.00,0.00,162734828,1120479579,739146851,737807179
7527.66,7896973.03,10799966.55,2892003.50,2902993.52,2357.46,4150.87,0.00,1793.41,3777583464.06,6340874126.54,0.00,0.00,0.00,0.00,163071476,1120746440,740122601,737807179
7529.66,7899447.45,10804206.10,2892003.50,2904758.65,2474.42,4239.55,0.00,1765.13,3777583464.06,6340874126.54,0.00,0.00,0.00,0.00,163383204,1121068163,740122601,737807179
7531.66,7901814.77,10808185.38,2892003.50,2906370.61,2367.32,3979.28,0.00,1611.96,3777583464.06,6340874126.54,0.00,0.00,0.00,0.00,163676018,1121381383,740949331,737807179
7533.66,7904160.05,10812300.18,2892003.50,2908140.12,2345.29,4114.80,0.00,1769.51,3777583464.06,6340874126.54,0.00,0.00,0.00,0.00,163971312,1121686483,740949331,737807179
7535.66,7906546.23,10816294.25,2892003.50,2909748.02,2386.18,3994.08,0.00,1607.90,3777583464.06,6340874126.54,0.00,0.00,0.00,0.00,164278498,1121990159,741788013,737807179
7537.66,7909028.98,10820531.26,2892003.50,2911502.28,2482.75,4237.01,0.00,1754.26,3777583464.06,6340874126.54,0.00,0.00,0.00,0.00,164572993,1122331247,741788013,737807179
7539.66,7911374.35,10824553.86,2892003.50,2913179.51,2345.37,4022.60,0.00,1677.23,3777583464.06,6340874126.54,0.00,0.00,0.00,0.00,164878641,1122626014,742612357,737807179
7541.66,7913860.78,10828914.39,2892003.50,2915053.61,2486.43,4360.53,0.00,1874.10,3777583464.06,6340874126.54,0.00,0.00,0.00,0.00,165177935,1122963246,742612357,737807179
7543.66,7916206.30,10832500.95,2892724.28,2916294.65,2345.52,3586.56,720.78,1241.04,3777583464.06,6340874126.54,0.00,0.00,0.00,0.00,165464397,1123277238,743532221,737807179
7545.66,7918714.12,10835008.77,2895123.94,2916294.65,2507.81,2507.81,2399.66,0.00,3777583464.06,6340874126.54,0.00,0.00,0.00,0.00,165785009,1123598626,743532221,737807179
7547.66,7920977.20,10837271.85,2897475.65,2916294.65,2263.09,2263.09,2351.71,0.00,3777583464.06,6340874126.54,0.00,0.00,0.00,0.00,165150900,1123890158,743532221,738729106
7549.66,7923487.45,10839782.09,2900140.40,2916294.65,2510.24,2510.24,2664.75,0.00,3777583464.06,6340874126.54,0.00,0.00,0.00,0.00,165480451,1124203229,743532221,738729106
7551.66,7925533.11,10841827.75,2902202.12,2916294.65,2045.66,2045.66,2061.71,0.00,3777583464.06,6340874126.54,0.00,0.00,0.00,0.00,164217426,1124480033,743532221,740239016
7553.66,7928065.25,10844359.90,2904638.00,2916294.65,2532.15,2532.15,2435.88,0.00,3777583464.06,6340874126.54,0.00,0.00,0.00,0.00,164524708,1124820981,743532221,740239016
7555.66,7930305.42,10846600.07,2906948.45,2916294.65,2240.17,2240.17,2310.45,0.00,3777583464.06,6340874126.54,0.00,0.00,0.00,0.00,163941972,1125079065,743532221,741137151
7557.66,7932851.27,10849145.92,2909602.46,2916294.65,2545.85,2545.85,2654.02,0.00,3777583464.06,6340874126.54,0.00,0.00,0.00,0.00,164287679,1125385096,743532221,741137151
7559.66,7934871.23,10851165.88,2911715.83,2916294.65,2019.96,2019.96,2113.37,0.00,3777583464.06,6340874126.54,0.00,0.00,0.00,0.00,163047708,1125654239,743532221,742625089
7561.66,7937393.28,10853687.93,2914380.05,2916294.65,2522.04,2522.04,2664.22,0.00,3777583464.06,6340874126.54,0.00,0.00,0.00,0.00,163353284,1125994306,743532221,742625089
7563.78,7939635.88,10855930.53,2916749.75,2916294.65,2242.60,2242.60,2369.70,0.00,3777583464.06,6340874126.54,0.00,0.00,0.00,0.00,162096443,1126316275,743532221,744134067
7565.78,7941979.60,10859929.95,2916749.75,2917950.36,2343.72,3999.43,0.00,1655.71,3777583464.06,6340874126.54,0.00,0.00,0.00,0.00,162376800,1126635910,743532221,744134067
7567.78,7944487.41,10864283.96,2916749.75,2919796.55,2507.81,4354.01,0.00,1846.20,3777583464.06,6340874126.54,0.00,0.00,0.00,0.00,162707341,1126947369,743532221,744134067
7569.78,7946831.16,10868261.34,2916749.75,2921430.18,2343.75,3977.38,0.00,1633.63,3777583464.06,6340874126.54,0.00,0.00,0.00,0.00,163009017,1127245693,744465805,744134067
7571.78,7949338.97,10872556.92,2916749.75,2923217.95,2507.81,4295.58,0.00,1787.77,3777583464.06,6340874126.54,0.00,0.00,0.00,0.00,163299060,1127597650,744465805,744134067
7573.78,7951719.93,10876582.70,2916749.75,2924862.76,2380.96,4025.77,0.00,1644.81,3777583464.06,6340874126.54,0.00,0.00,0.00,0.00,163573144,1127933092,745293459,744134067
7575.81,7954065.47,10880619.84,2916749.75,2926554.38,2345.54,4037.15,0.00,1691.61,3777583464.06,6340874126.54,0.00,0.00,0.00,0.00,163833218,1128273475,746147013,744134067
7577.81,7956573.28,10884793.09,2916749.75,2928219.81,2507.81,4173.25,0.00,1665.43,3777583464.06,6340874126.54,0.00,0.00,0.00,0.00,164143852,1128604841,746147013,744134067
7579.81,7958917.03,10888846.13,2916749.75,2929929.10,2343.75,4053.04,0.00,1709.29,3777583464.06,6340874126.54,0.00,0.00,0.00,0.00,164432221,1128916472,746939963,744134067
7581.81,7961424.84,10893039.48,2916749.75,2931614.64,2507.81,4193.35,0.00,1685.54,3777583464.06,6340874126.54,0.00,0.00,0.00,0.00,164744325,1129246368,746939963,744134067
7583.81,7963932.88,10896937.10,2917237.13,2933004.22,2508.03,3897.62,487.38,1389.59,3777583464.06,6340874126.54,0.00,0.00,0.00,0.00,165078011,1129554738,747774840,744134067
7585.81,7966465.08,10899469.30,2919901.57,2933004.22,2532.20,2532.20,2664.44,0.00,3777583464.06,6340874126.54,0.00,0.00,0.00,0.00,165408576,1129872417,747774840,744134067
7588.17,7969006.30,10902010.53,2922553.94,2933004.22,2541.23,2541.23,2652.38,0.00,3777583464.06,6340874126.54,0.00,0.00,0.00,0.00,164257960,1130187950,747774840,745619704
7590.17,7971369.74,10904373.96,2924966.56,2933004.22,2363.43,2363.43,2412.62,0.00,3777583464.06,6340874126.54,0.00,0.00,0.00,0.00,164628345,1130422604,747774840,745619704
7592.17,7973650.22,10906654.45,2927157.69,2933004.22,2280.48,2280.48,2191.13,0.00,3777583464.06,6340874126.54,0.00,0.00,0.00,0.00,164122827,1130608021,747774840,746523609
7594.17,7976158.16,10909162.38,2929619.61,2933004.22,2507.94,2507.94,2461.92,0.00,3777583464.06,6340874126.54,0.00,0.00,0.00,0.00,164582016,1130790864,747774840,746523609
7596.17,7978445.94,10911450.16,2931764.81,2933004.22,2287.78,2287.78,2145.20,0.00,3777583464.06,6340874126.54,0.00,0.00,0.00,0.00,163863622,1131155301,747774840,747463237
7598.17,7980726.21,10913730.43,2933901.57,2933004.22,2280.27,2280.27,2136.76,0.00,3777583464.06,6340874126.54,0.00,0.00,0.00,0.00,163161839,1131499926,747774840,748404144
7600.17,7983247.09,10916251.31,2936389.04,2933004.22,2520.88,2520.88,2487.46,0.00,3777583464.06,6340874126.54,0.00,0.00,0.00,0.00,163468060,1131839050,747774840,748404144
7602.17,7985495.60,10918499.82,2938573.74,2933004.22,2248.52,2248.52,2184.70,0.00,3777583464.06,6340874126.54,0.00,0.00,0.00,0.00,162838249,1132109655,747774840,749338970
7604.25,7987692.64,10920696.86,2940661.93,2933004.22,2197.04,2197.04,2088.19,0.00,3777583464.06,6340874126.54,0.00,0.00,0.00,0.00,162227017,1132367056,747774840,750255243
7606.25,7990036.36,10924923.16,2940661.93,2934886.80,2343.72,4226.30,0.00,1882.58,3777583464.06,6340874126.54,0.00,0.00,0.00,0.00,162567452,1132626613,747774840,750255243
7608.25,7992544.17,10929278.98,2940661.93,2936734.81,2507.81,4355.82,0.00,1848.01,3777583464.06,6340874126.54,0.00,0.00,0.00,0.00,162913041,1132923024,747774840,750255243
7610.25,7995100.48,10933431.09,2940661.93,2938330.61,2556.30,4152.11,0.00,1595.80,3777583464.06,6340874126.54,0.00,0.00,0.00,0.00,163272187,1133218292,748791317,750255243
7612.25,7997781.32,10937740.81,2940661.93,2939959.49,2680.84,4309.72,0.00,1628.88,3777583464.06,6340874126.54,0.00,0.00,0.00,0.00,163654875,1133521900,748791317,750255243
7614.25,8000309.96,10941908.33,2940661.93,2941598.37,2528.64,4167.52,0.00,1638.88,3777583464.06,6340874126.54,0.00,0.00,0.00,0.00,163968534,1133855573,749581655,750255243
7616.25,8002662.00,10946226.98,2940661.93,2943564.98,2352.04,4318.65,0.00,1966.61,3777583464.06,6340874126.54,0.00,0.00,0.00,0.00,164293449,1134132781,749581655,750255243
7618.25,8005178.18,10950411.96,2940661.93,2945233.79,2516.17,4184.98,0.00,1668.80,3777583464.06,6340874126.54,0.00,0.00,0.00,0.00,164654426,1134415944,750534105,750255243
7620.25,8007870.48,10954957.45,2940661.93,2947086.98,2692.30,4545.49,0.00,1853.19,3777583464.06,6340874126.54,0.00,0.00,0.00,0.00,165012775,1134746824,750534105,750255243
7622.25,8010374.31,10959168.04,2940661.93,2948793.72,2503.84,4210.58,0.00,1706.75,3777583464.06,6340874126.54,0.00,0.00,0.00,0.00,165324770,1135075811,751481950,750255243
7624.25,8013053.41,10963685.88,2940661.93,2950632.46,2679.10,4517.84,0.00,1838.74,3777583464.06,6340874126.54,0.00,0.00,0.00,0.00,165645493,1135440938,751481950,750255243
7626.25,8015544.98,10966768.89,2942354.96,2951223.92,2491.56,3083.02,1693.03,591.46,3777583464.06,6340874126.54,0.00,0.00,0.00,0.00,165965563,1135758708,752431194,750255243
7628.25,8017871.23,10969095.14,2944567.27,2951223.92,2326.25,2326.25,2212.31,0.00,3777583464.06,6340874126.54,0.00,0.00,0.00,0.00,165694061,1136089812,752431194,750791161
7630.25,8020084.70,10971308.62,2946734.40,2951223.92,2213.48,2213.48,2167.13,0.00,3777583464.06,6340874126.54,0.00,0.00,0.00,0.00,165111796,1136356821,752431194,751673067
7632.25,8022593.91,10973817.83,2949393.84,2951223.92,2509.21,2509.21,2659.44,0.00,3777583464.06,6340874126.54,0.00,0.00,0.00,0.00,165384986,1136725988,752431194,751673067
7634.25,8025145.95,10976369.86,2952049.92,2951223.92,2552.04,2552.04,2656.08,0.00,3777583464.06,6340874126.54,0.00,0.00,0.00,0.00,165706048,1137058247,752431194,751673067
7636.25,8027212.67,10978436.59,2954196.09,2951223.92,2066.72,2066.72,2146.17,0.00,3777583464.06,6340874126.54,0.00,0.00,0.00,0.00,164437130,1137340845,752431194,753188468
7638.25,8029722.11,10980946.02,2956857.54,2951223.92,2509.44,2509.44,2661.45,0.00,3777583464.06,6340874126.54,0.00,0.00,0.00,0.00,164739003,1137681388,752431194,753188468
7640.25,8031812.23,10983036.14,2959025.57,2951223.92,2090.12,2090.12,2168.03,0.00,3777583464.06,6340874126.54,0.00,0.00,0.00,0.00,163474406,1137953167,752431194,754716357
7642.25,8034322.00,10985545.92,2961696.22,2951223.92,2509.78,2509.78,2670.65,0.00,3777583464.06,6340874126.54,0.00,0.00,0.00,0.00,163792453,1138277623,752431194,754716357
7644.48,8036604.86,10987828.78,2964097.49,2951223.92,2282.86,2282.86,2401.27,0.00,3777583464.06,6340874126.54,0.00,0.00,0.00,0.00,162527914,1138588511,752431194,756254420
7646.48,8038948.58,10991943.54,2964097.49,2952994.95,2343.72,4114.75,0.00,1771.04,3777583464.06,6340874126.54,0.00,0.00,0.00,0.00,162952210,1138764207,752431194,756254420
7648.48,8041456.39,10996321.86,2964097.49,2954865.46,2507.81,4378.32,0.00,1870.51,3777583464.06,6340874126.54,0.00,0.00,0.00,0.00,163470977,1138887440,752431194,756254420
7650.48,8043889.61,11000215.79,2964097.49,2956326.18,2433.21,3893.93,0.00,1460.71,3777583464.06,6340874126.54,0.00,0.00,0.00,0.00,163804080,1139177239,753395451,756254420
7652.48,8046233.62,11004087.32,2964097.49,2957853.70,2344.02,3871.53,0.00,1527.52,3777583464.06,6340874126.54,0.00,0.00,0.00,0.00,164289626,1139291761,753395451,756254420
7654.48,8048741.43,11008221.41,2964097.49,2959479.97,2507.81,4134.09,0.00,1626.28,3777583464.06,6340874126.54,0.00,0.00,0.00,0.00,164611952,1139611435,754101768,756254420
7656.48,8051085.18,11012165.89,2964097.49,2961080.70,2343.75,3944.48,0.00,1600.73,3777583464.06,6340874126.54,0.00,0.00,0.00,0.00,164925383,1139898004,754863097,756254420
7658.48,8053593.00,11016408.46,2964097.49,2962815.47,2507.81,4242.58,0.00,1734.77,3777583464.06,6340874126.54,0.00,0.00,0.00,0.00,165223372,1140242015,754863097,756254420
7660.48,8056095.67,11020436.63,2964097.49,2964340.96,2502.67,4028.17,0.00,1525.50,3777583464.06,6340874126.54,0.00,0.00,0.00,0.00,165533313,1140572758,755686034,756254420
7662.48,8058735.63,11024639.58,2964097.49,2965903.95,2639.96,4202.95,0.00,1562.98,3777583464.06,6340874126.54,0.00,0.00,0.00,0.00,165883003,1140898899,755686034,756254420
7664.48,8061222.64,11028682.26,2964097.49,2967459.62,2487.01,4042.68,0.00,1555.68,3777583464.06,6340874126.54,0.00,0.00,0.00,0.00,166187020,1141231556,756422277,756254420
7666.48,8063567.67,11032742.51,2964097.49,2969174.84,2345.03,4060.25,0.00,1715.21,3777583464.06,6340874126.54,0.00,0.00,0.00,0.00,166487835,1141531069,756422277,756254420
7668.48,8066075.48,11035972.97,2965414.91,2969897.48,2507.81,3230.46,1317.42,722.65,3777583464.06,6340874126.54,0.00,0.00,0.00,0.00,166824899,1141836005,757203520,756254420
7670.58,8068467.24,11038364.73,2967711.75,2969897.48,2391.76,2391.76,2296.84,0.00,3777583464.06,6340874126.54,0.00,0.00,0.00,0.00,166213309,1142134655,757203520,757179650
7672.58,8070810.96,11040708.45,2970100.70,2969897.48,2343.72,2343.72,2388.95,0.00,3777583464.06,6340874126.54,0.00,0.00,0.00,0.00,166518246,1142429710,757203520,757179650
7674.58,8073095.17,11042992.65,2972232.39,2969897.48,2284.21,2284.21,2131.70,0.00,3777583464.06,6340874126.54,0.00,0.00,0.00,0.00,165940713,1142714768,757203520,758056882
7676.58,8075603.33,11045500.82,2974654.77,2969897.48,2508.16,2508.16,2422.38,0.00,3777583464.06,6340874126.54,0.00,0.00,0.00,0.00,166241658,1143055913,757203520,758056882
7678.58,8077893.67,11047791.16,2976813.95,2969897.48,2290.34,2290.34,2159.18,0.00,3777583464.06,6340874126.54,0.00,0.00,0.00,0.00,165593248,1143359565,757203520,758987967
7680.58,8080213.18,11050110.66,2979009.80,2969897.48,2319.51,2319.51,2195.85,0.00,3777583464.06,6340874126.54,0.00,0.00,0.00,0.00,164955065,1143678266,757203520,759901243
7682.58,8082721.54,11052619.03,2981679.86,2969897.48,2508.36,2508.36,2670.05,0.00,3777583464.06,6340874126.54,0.00,0.00,0.00,0.00,165258301,1144017171,757203520,759901243
7684.58,8085322.21,11055219.70,2984346.56,2969897.48,2600.67,2600.67,2666.71,0.00,3777583464.06,6340874126.54,0.00,0.00,0.00,0.00,165614646,1144326598,757203520,759901243
7686.58,8087450.04,11057347.52,2986257.70,2969897.48,2127.82,2127.82,1911.14,0.00,3777583464.06,6340874126.54,0.00,0.00,0.00,0.00,164336054,1144593881,757203520,761457274
7688.58,8089717.30,11059795.17,2988032.24,2970077.87,2267.27,2447.65,1774.54,180.39,3777583464.06,6340874126.54,0.00,0.00,0.00,0.00,163734091,1144851853,757203520,762381685
7690.58,8092225.59,11063983.76,2988032.24,2971758.17,2508.29,4188.59,0.00,1680.30,3777583464.06,6340874126.54,0.00,0.00,0.00,0.00,164088551,1145139515,757203520,762381685
7692.58,8094569.34,11068014.38,2988032.24,2973445.04,2343.75,4030.62,0.00,1686.87,3777583464.06,6340874126.54,0.00,0.00,0.00,0.00,164388293,1145439773,757203520,762381685
18446744072669.88,8097077.15,11072204.71,2988032.24,2975127.56,2507.81,4190.33,0.00,1682.52,3777583464.06,6340874126.54,0.00,0.00,0.00,0.00,164714195,1145755871,758100034,762381685
18446744072671.88,8099688.21,11076394.07,2988032.24,2976705.86,2611.06,4189.36,0.00,1578.30,3777583464.06,6340874126.54,0.00,0.00,0.00,0.00,165048914,1146089583,758906568,762381685
18446744072673.88,8102118.34,11080399.66,2988032.24,2978281.32,2430.13,4005.59,0.00,1575.46,3777583464.06,6340874126.54,0.00,0.00,0.00,0.00,165362950,1146397660,758906568,762381685
18446744072675.88,8104673.10,11084512.61,2988032.24,2979839.50,2554.76,4112.95,0.00,1558.18,3777583464.06,6340874126.54,0.00,0.00,0.00,0.00,165679242,1146735387,759683171,762381685
18446744072677.88,8107363.03,11088820.22,2988032.24,2981457.20,2689.93,4307.62,0.00,1617.69,3777583464.06,6340874126.54,0.00,0.00,0.00,0.00,166020699,1147082551,759683171,762381685
18446744072679.88,8109917.48,11092914.62,2988032.24,2982997.14,2554.45,4094.39,0.00,1539.95,3777583464.06,6340874126.54,0.00,0.00,0.00,0.00,166354041,1147403148,760454003,762381685
18446744072681.88,8112650.14,11097350.69,2988032.24,2984700.55,2732.66,4436.07,0.00,1703.41,3777583464.06,6340874126.54,0.00,0.00,0.00,0.00,166659873,1147796877,760454003,762381685
18446744072683.88,8115192.55,11101029.61,2988790.78,2985837.06,2542.41,3678.92,758.54,1136.50,3777583464.06,6340874126.54,0.00,0.00,0.00,0.00,166986313,1148121295,761279160,762381685
18446744072685.88,8117903.07,11103740.12,2991232.78,2985837.06,2710.52,2710.52,2442.00,0.00,3777583464.06,6340874126.54,0.00,0.00,0.00,0.00,167349702,1148451798,761279160,762381685
18446744072687.88,8120155.95,11105993.00,2993373.54,2985837.06,2252.88,2252.88,2140.76,0.00,3777583464.06,6340874126.54,0.00,0.00,0.00,0.00,166665241,1148739961,761279160,763354720
18446744072689.88,8122410.29,11108247.34,2995523.05,2985837.06,2254.34,2254.34,2149.51,0.00,3777583464.06,6340874126.54,0.00,0.00,0.00,0.00,166043666,1148994980,761279160,764298387
18446744072691.88,8124919.71,11110756.77,2997967.75,2985837.06,2509.42,2509.42,2444.70,0.00,3777583464.06,6340874126.54,0.00,0.00,0.00,0.00,166417919,1149263139,761279160,764298387
18446744072693.88,8127191.24,11113028.30,3000098.61,2985837.06,2271.53,2271.53,2130.86,0.00,3777583464.06,6340874126.54,0.00,0.00,0.00,0.00,165886399,1149424772,761279160,765249786
18446744072695.88,8129700.34,11115537.40,3002537.54,2985837.06,2509.11,2509.11,2438.93,0.00,3777583464.06,6340874126.54,0.00,0.00,0.00,0.00,166400288,1149553214,761279160,765249786
18446744072697.88,8131998.46,11117835.52,3004613.61,2985837.06,2298.12,2298.12,2076.07,0.00,3777583464.06,6340874126.54,0.00,0.00,0.00,0.00,165888722,1149718871,761279160,766184014
18446744072699.88,8134342.71,11120179.77,3006744.62,2985837.06,2344.24,2344.24,2131.02,0.00,3777583464.06,6340874126.54,0.00,0.00,0.00,0.00,165421595,1149863143,761279160,767106995
18446744072701.88,8136882.51,11122719.57,3009218.70,2985837.06,2539.80,2539.80,2474.08,0.00,3777583464.06,6340874126.54,0.00,0.00,0.00,0.00,165681842,1150253085,761279160,767106995
18446744072703.88,8139072.17,11125637.76,3010208.70,2986565.59,2189.66,2918.19,990.00,728.53,3777583464.06,6340874126.54,0.00,0.00,0.00,0.00,164936879,1150608439,761279160,768057157
18446744072705.88,8141581.47,11130003.91,3010208.70,2988422.43,2509.30,4366.15,0.00,1856.84,3777583464.06,6340874126.54,0.00,0.00,0.00,0.00,165169864,1151017836,761279160,768057157
18446744072707.88,8143925.22,11134030.11,3010208.70,2990104.89,2343.75,4026.21,0.00,1682.46,3777583464.06,6340874126.54,0.00,0.00,0.00,0.00,165433044,1151354656,762211412,768057157
18446744072709.88,8146433.04,11138181.04,3010208.70,2991748.01,2507.81,4150.93,0.00,1643.12,3777583464.06,6340874126.54,0.00,0.00,0.00,0.00,165683013,1151746687,762211412,768057157
18446744072711.88,8148939.18,11142220.45,3010208.70,2993281.27,2506.15,4039.41,0.00,1533.26,3777583464.06,6340874126.54,0.00,0.00,0.00,0.00,165973366,1152097908,763005290,768057157
18446744072713.88,8151284.91,11146275.77,3010208.70,2994990.86,2345.73,4055.32,0.00,1709.59,3777583464.06,6340874126.54,0.00,0.00,0.00,0.00,166236695,1152435085,763005290,768057157
18446744072715.88,8153756.24,11150367.80,3010208.70,2996611.55,2471.33,4092.03,0.00,1620.70,3777583464.06,6340874126.54,0.00,0.00,0.00,0.00,166552825,1152751616,763723867,768057157
18446744072717.88,8156101.70,11154399.20,3010208.70,2998297.50,2345.46,4031.40,0.00,1685.95,3777583464.06,6340874126.54,0.00,0.00,0.00,0.00,166865668,1153039210,763723867,768057157
18446744072719.88,8158457.14,11158338.73,3010208.70,2999881.59,2355.44,3939.53,0.00,1584.09,3777583464.06,6340874126.54,0.00,0.00,0.00,0.00,167185705,1153322165,764521311,768057157
18446744072721.88,8160970.55,11162526.38,3010208.70,3001555.83,2513.41,4187.66,0.00,1674.24,3777583464.06,6340874126.54,0.00,0.00,0.00,0.00,167517902,1153633402,764521311,768057157
18446744072723.88,8163316.95,11164984.94,3012478.06,3001668.00,2346.39,2458.56,2269.36,112.16,3777583464.06,6340874126.54,0.00,0.00,0.00,0.00,167834225,1153917756,765305671,768057157
18446744072725.88,8165630.97,11167298.97,3014723.64,3001668.00,2314.03,2314.03,2245.59,0.00,3777583464.06,6340874126.54,0.00,0.00,0.00,0.00,167144467,1154194112,765305671,769062950
18446744072727.88,8168141.27,11169809.27,3017284.03,3001668.00,2510.30,2510.30,2560.39,0.00,3777583464.06,6340874126.54,0.00,0.00,0.00,0.00,167488867,1154492348,765305671,769062950
18446744072729.88,8170414.01,11172082.01,3019501.23,3001668.00,2272.74,2272.74,2217.20,0.00,3777583464.06,6340874126.54,0.00,0.00,0.00,0.00,166750096,1154782782,765305671,770093109
18446744072731.98,8172838.53,11174506.53,3021928.28,3001668.00,2424.52,2424.52,2427.05,0.00,3777583464.06,6340874126.54,0.00,0.00,0.00,0.00,166100449,1155094128,765305671,771052087
18446744072733.98,8175182.25,11176850.25,3024415.38,3001668.00,2343.72,2343.72,2487.10,0.00,3777583464.06,6340874126.54,0.00,0.00,0.00,0.00,166396548,1155398021,765305671,771052087
18446744072735.98,8177455.16,11179123.15,3026668.99,3001668.00,2272.91,2272.91,2253.61,0.00,3777583464.06,6340874126.54,0.00,0.00,0.00,0.00,165709172,1155685124,765305671,772034224
18446744072737.98,8179961.88,11181629.87,3029176.92,3001668.00,2506.72,2506.72,2507.93,0.00,3777583464.06,6340874126.54,0.00,0.00,0.00,0.00,166027303,1156008713,765305671,772034224
18446744072739.98,8182140.66,11183808.65,3031337.70,3001668.00,2178.78,2178.78,2160.78,0.00,3777583464.06,6340874126.54,0.00,0.00,0.00,0.00,165360250,1156298716,765305671,772969042
18446744072741.98,8184238.92,11186097.52,3033132.38,3001858.60,2098.26,2288.87,1794.68,190.61,3777583464.06,6340874126.54,0.00,0.00,0.00,0.00,164697575,1156547251,765305671,773920337
18446744072743.98,8186582.87,11190287.80,3033132.38,3003704.93,2343.95,4190.28,0.00,1846.32,3777583464.06,6340874126.54,0.00,0.00,0.00,0.00,165022375,1156822503,765305671,773920337
18446744072746.00,8189091.68,11194509.98,3033132.38,3005418.30,2508.81,4222.19,0.00,1713.38,3777583464.06,6340874126.54,0.00,0.00,0.00,0.00,165364104,1157123029,766262423,773920337
18446744072748.00,8191760.88,11198777.41,3033132.38,3007016.54,2669.20,4267.43,0.00,1598.23,3777583464.06,6340874126.54,0.00,0.00,0.00,0.00,165746765,1157423683,766262423,773920337
18446744072750.00,8194299.84,11202838.48,3033132.38,3008538.64,2538.96,4061.06,0.00,1522.11,3777583464.06,6340874126.54,0.00,0.00,0.00,0.00,166091757,1157728664,767020998,773920337
18446744072752.00,8196971.95,11207110.30,3033132.38,3010138.35,2672.11,4271.82,0.00,1599.71,3777583464.06,6340874126.54,0.00,0.00,0.00,0.00,166453762,1158050720,767020998,773920337
18446744072754.00,8199456.62,11211099.92,3033132.38,3011643.30,2484.67,3989.62,0.00,1504.95,3777583464.06,6340874126.54,0.00,0.00,0.00,0.00,166802908,1158337650,767788635,773920337
18446744072756.00,8202115.59,11215384.76,3033132.38,3013269.17,2658.97,4284.84,0.00,1625.87,3777583464.06,6340874126.54,0.00,0.00,0.00,0.00,167159721,1158661533,767788635,773920337
18446744072758.00,8204655.73,11219519.18,3033132.38,3014863.45,2540.14,4134.42,0.00,1594.29,3777583464.06,6340874126.54,0.00,0.00,0.00,0.00,167503540,1158967989,768588872,773920337
18446744072760.00,8207362.18,11223861.91,3033132.38,3016499.73,2706.45,4342.73,0.00,1636.27,3777583464.06,6340874126.54,0.00,0.00,0.00,0.00,167871315,1159293066,768588872,773920337
18446744072762.00,8209978.54,11227645.82,3033765.27,3017667.28,2616.36,3783.91,632.88,1167.55,3777583464.06,6340874126.54,0.00,0.00,0.00,0.00,168194166,1159640003,769397962,773920337
18446744072764.00,8212525.14,11230192.43,3036241.37,3017667.28,2546.61,2546.61,2476.11,0.00,3777583464.06,6340874126.54,0.00,0.00,0.00,0.00,168713583,1159772517,769397962,773920337
18446744072766.00,8214782.47,11232449.75,3038575.69,3017667.28,2257.33,2257.33,2334.32,0.00,3777583464.06,6340874126.54,0.00,0.00,0.00,0.00,168137143,1160040889,769397962,774806281
18446744072768.00,8217290.50,11234957.79,3041233.02,3017667.28,2508.03,2508.03,2657.32,0.00,3777583464.06,6340874126.54,0.00,0.00,0.00,0.00,168493671,1160326417,769397962,774806281
18446744072770.00,8219335.55,11237002.83,3043333.42,3017667.28,2045.04,2045.04,2100.40,0.00,3777583464.06,6340874126.54,0.00,0.00,0.00,0.00,167228498,1160579650,769397962,776341752
18446744072772.00,8221947.21,11239614.50,3045990.10,3017667.28,2611.67,2611.67,2656.68,0.00,3777583464.06,6340874126.54,0.00,0.00,0.00,0.00,167545161,1160931574,769397962,776341752
18446744072774.39,8224377.61,11242044.89,3048612.73,3017667.28,2430.39,2430.39,2622.63,0.00,3777583464.06,6340874126.54,0.00,0.00,0.00,0.00,166280556,1161277108,769397962,777883004
18446744072776.39,8226975.56,11244642.84,3051246.61,3017667.28,2597.95,2597.95,2633.87,0.00,3777583464.06,6340874126.54,0.00,0.00,0.00,0.00,166647652,1161575087,769397962,777883004
18446744072778.39,8229647.61,11247314.89,3053908.78,3017667.28,2672.05,2672.05,2662.17,0.00,3777583464.06,6340874126.54,0.00,0.00,0.00,0.00,167007555,1161899228,769397962,777883004
18446744072780.39,8231766.73,11249434.01,3055991.10,3017667.28,2119.12,2119.12,2082.32,0.00,3777583464.06,6340874126.54,0.00,0.00,0.00,0.00,165754888,1162206702,769397962,779370692
18446744072782.39,8234452.39,11252119.67,3058622.78,3017667.28,2685.66,2685.66,2631.68,0.00,3777583464.06,6340874126.54,0.00,0.00,0.00,0.00,166070512,1162578607,769397962,779370692
18446744072784.39,8236523.75,11255134.37,3059231.37,3018610.62,2071.36,3014.70,608.59,943.34,3777583464.06,6340874126.54,0.00,0.00,0.00,0.00,165098753,1162851488,769397962,780599838
18446744072786.39,8239256.30,11259565.94,3059231.37,3020309.64,2732.56,4431.57,0.00,1699.02,3777583464.06,6340874126.54,0.00,0.00,0.00,0.00,165419821,1163229955,769397962,780599838
18446744072788.39,8241797.89,11263725.40,3059231.37,3021927.51,2541.58,4159.46,0.00,1617.88,3777583464.06,6340874126.54,0.00,0.00,0.00,0.00,165685801,1163614620,770379370,780599838
18446744072790.39,8244517.16,11267970.60,3059231.37,3023453.45,2719.27,4245.20,0.00,1525.93,3777583464.06,6340874126.54,0.00,0.00,0.00,0.00,166036013,1163960541,770379370,780599838
18446744072792.39,8247146.86,11272028.66,3059231.37,3024881.80,2629.71,4058.06,0.00,1428.35,3777583464.06,6340874126.54,0.00,0.00,0.00,0.00,166355799,1164313960,771053195,780599838
18446744072794.39,8249926.34,11276451.34,3059231.37,3026525.00,2779.48,4422.68,0.00,1643.20,3777583464.06,6340874126.54,0.00,0.00,0.00,0.00,166677198,1164704108,771053195,780599838
18446744072796.39,8252561.73,11280595.56,3059231.37,3028033.82,2635.39,4144.21,0.00,1508.82,3777583464.06,6340874126.54,0.00,0.00,0.00,0.00,167001587,1165054379,771852565,780599838
18446744072798.39,8255013.20,11284763.14,3059231.37,3029749.94,2451.46,4167.58,0.00,1716.12,3777583464.06,6340874126.54,0.00,0.00,0.00,0.00,167311703,1165371837,771852565,780599838
18446744072800.39,8257633.14,11288938.89,3059231.37,3031305.75,2619.95,4175.75,0.00,1555.81,3777583464.06,6340874126.54,0.00,0.00,0.00,0.00,167645814,1165708432,772670671,780599838
18446744072802.39,8260327.86,11293317.90,3059231.37,3032990.04,2694.71,4379.01,0.00,1684.29,3777583464.06,6340874126.54,0.00,0.00,0.00,0.00,168026418,1166017675,772670671,780599838
18446744072804.39,8262942.88,11296608.36,3060723.92,3033665.47,2615.03,3290.46,1492.55,675.43,3777583464.06,6340874126.54,0.00,0.00,0.00,0.00,168419243,1166294297,773486561,780599838
18446744072806.39,8265553.60,11299219.07,3063378.19,3033665.47,2610.72,2610.72,2654.27,0.00,3777583464.06,6340874126.54,0.00,0.00,0.00,0.00,168942145,1166439739,773486561,780599838
18446744072808.39,8267595.81,11301261.28,3065431.29,3033665.47,2042.21,2042.21,2053.10,0.00,3777583464.06,6340874126.54,0.00,0.00,0.00,0.00,167743393,1166636070,773486561,782125064
18446744072810.39,8270104.77,11303770.24,3068078.29,3033665.47,2508.96,2508.96,2647.01,0.00,3777583464.06,6340874126.54,0.00,0.00,0.00,0.00,168223439,1166798318,773486561,782125064
18446744072812.63,8272449.52,11306114.99,3070588.12,3033665.47,2344.75,2344.75,2509.83,0.00,3777583464.06,6340874126.54,0.00,0.00,0.00,0.00,167184507,1167055409,773486561,783507161
18446744072814.63,8274956.33,11308621.80,3073234.52,3033665.47,2506.81,2506.81,2646.39,0.00,3777583464.06,6340874126.54,0.00,0.00,0.00,0.00,167475799,1167405861,773486561,783507161
18446744072816.63,8277639.69,11311305.16,3075881.22,3033665.47,2683.36,2683.36,2646.70,0.00,3777583464.06,6340874126.54,0.00,0.00,0.00,0.00,167817645,1167750955,773486561,783507161
18446744072818.63,8279734.50,11313399.97,3077971.72,3033665.47,2094.81,2094.81,2090.50,0.00,3777583464.06,6340874126.54,0.00,0.00,0.00,0.00,166684768,1167991305,773486561,784935959
18446744072820.63,8282242.49,11315907.96,3080628.82,3033665.47,2507.99,2507.99,2657.09,0.00,3777583464.06,6340874126.54,0.00,0.00,0.00,0.00,167027369,1168290749,773486561,784935959
18446744072822.63,8284209.11,11318616.99,3081654.01,3034407.88,1966.62,2709.03,1025.20,742.41,3777583464.06,6340874126.54,0.00,0.00,0.00,0.00,165879023,1168538483,773486561,786340026
18446744072824.63,8286717.33,11322956.21,3081654.01,3036238.88,2508.22,4339.22,0.00,1831.00,3777583464.06,6340874126.54,0.00,0.00,0.00,0.00,166213405,1168846205,773486561,786340026
18446744072826.63,8289123.13,11327112.55,3081654.01,3037989.41,2405.80,4156.34,0.00,1750.53,3777583464.06,6340874126.54,0.00,0.00,0.00,0.00,166533640,1169141856,774516121,786340026
18446744072828.63,8291467.78,11331136.95,3081654.01,3039669.18,2344.64,4024.41,0.00,1679.76,3777583464.06,6340874126.54,0.00,0.00,0.00,0.00,166852607,1169423118,774516121,786340026
18446744072830.63,8293944.50,11335151.46,3081654.01,3041206.96,2476.72,4014.51,0.00,1537.79,3777583464.06,6340874126.54,0.00,0.00,0.00,0.00,167217115,1169692651,775240692,786340026
18446744072832.63,8296543.41,11339680.35,3081654.01,3043136.94,2598.91,4528.88,0.00,1929.97,3777583464.06,6340874126.54,0.00,0.00,0.00,0.00,167599269,1169975818,775240692,786340026
18446744072834.63,8298961.66,11343827.72,3081654.01,3044866.07,2418.25,4147.38,0.00,1729.13,3777583464.06,6340874126.54,0.00,0.00,0.00,0.00,167886333,1170307825,776110299,786340026
18446744072836.63,8301547.71,11348137.37,3081654.01,3046589.66,2586.05,4309.64,0.00,1723.59,3777583464.06,6340874126.54,0.00,0.00,0.00,0.00,168220055,1170636132,776110299,786340026
18446744072838.63,8303952.73,11352077.41,3081654.01,3048124.68,2405.02,3940.04,0.00,1535.02,3777583464.06,6340874126.54,0.00,0.00,0.00,0.00,168525670,1170946203,776948497,786340026
18446744072840.63,8306477.90,11356305.90,3081654.01,3049828.00,2525.17,4228.50,0.00,1703.32,3777583464.06,6340874126.54,0.00,0.00,0.00,0.00,168871507,1171246810,776948497,786340026
18446744072842.63,8308946.76,11359427.30,3083392.79,3050480.55,2468.86,3121.40,1738.78,652.55,3777583464.06,6340874126.54,0.00,0.00,0.00,0.00,169228387,1171521957,777776942,786340026
18446744072844.63,8311191.36,11361671.91,3085738.98,3050480.55,2244.60,2244.60,2346.19,0.00,3777583464.06,6340874126.54,0.00,0.00,0.00,0.00,168606299,1171788073,777776942,787270616
18446744072846.63,8313701.21,11364181.76,3088389.45,3050480.55,2509.85,2509.85,2650.47,0.00,3777583464.06,6340874126.54,0.00,0.00,0.00,0.00,168974723,1172062171,777776942,787270616
18446744072848.86,8316045.96,11366526.51,3090896.05,3050480.55,2344.75,2344.75,2506.60,0.00,3777583464.06,6340874126.54,0.00,0.00,0.00,0.00,167855277,1172346502,777776942,788705987
18446744072850.86,8318552.77,11369033.32,3093500.65,3050480.55,2506.81,2506.81,2604.60,0.00,3777583464.06,6340874126.54,0.00,0.00,0.00,0.00,168203464,1172640059,777776942,788705987
18446744072853.07,8320920.98,11371401.53,3095982.41,3050480.55,2368.21,2368.21,2481.77,0.00,3777583464.06,6340874126.54,0.00,0.00,0.00,0.00,167232567,1172915108,777776942,790008096
18446744072855.07,8323264.70,11373745.25,3098629.78,3050480.55,2343.72,2343.72,2647.36,0.00,3777583464.06,6340874126.54,0.00,0.00,0.00,0.00,167610681,1173136986,777776942,790008096
18446744072857.07,8325772.51,11376253.06,3101291.23,3050480.55,2507.81,2507.81,2661.46,0.00,3777583464.06,6340874126.54,0.00,0.00,0.00,0.00,167967648,1173422019,777776942,790008096
18446744072859.06,8327843.09,11378323.64,3103440.98,3050480.55,2070.58,2070.58,2149.74,0.00,3777583464.06,6340874126.54,0.00,0.00,0.00,0.00,166733040,1173644709,777776942,791550082
18446744072861.07,8330351.56,11380832.11,3105985.52,3050480.55,2508.47,2508.47,2544.54,0.00,3777583464.06,6340874126.54,0.00,0.00,0.00,0.00,167086519,1173933399,777776942,791550082
18446744072863.07,8332559.35,11383039.90,3108288.51,3050480.55,2207.79,2207.79,2302.99,0.00,3777583464.06,6340874126.54,0.00,0.00,0.00,0.00,166310993,1174200906,777776942,792623295
18446744072865.07,8335067.99,11385548.54,3110951.14,3050480.55,2508.64,2508.64,2662.63,0.00,3777583464.06,6340874126.54,0.00,0.00,0.00,0.00,166658477,1174495633,777776942,792623295
18446744072867.07,8337053.86,11388013.19,3112262.29,3050959.33,1985.88,2464.66,1311.15,478.78,3777583464.06,6340874126.54,0.00,0.00,0.00,0.00,165399258,1174710789,777776942,794175742
18446744072869.07,8339562.91,11392406.44,3112262.29,3052843.53,2509.05,4393.25,0.00,1884.20,3777583464.06,6340874126.54,0.00,0.00,0.00,0.00,165753455,1174998908,777776942,794175742
18446744072871.07,8341906.66,11396517.48,3112262.29,3054610.82,2343.75,4111.04,0.00,1767.29,3777583464.06,6340874126.54,0.00,0.00,0.00,0.00,166088728,1175263635,777776942,794175742
18446744072873.06,8344414.47,11400708.42,3112262.29,3056293.95,2507.81,4190.94,0.00,1683.13,3777583464.06,6340874126.54,0.00,0.00,0.00,0.00,166455703,1175538660,778786279,794175742
18446744072875.07,8346758.22,11404717.33,3112262.29,3057959.11,2343.75,4008.91,0.00,1665.16,3777583464.06,6340874126.54,0.00,0.00,0.00,0.00,166783367,1175810996,779601899,794175742
18446744072877.06,8349266.04,11408858.51,3112262.29,3059592.48,2507.81,4141.18,0.00,1633.37,3777583464.06,6340874126.54,0.00,0.00,0.00,0.00,167143121,1176093242,779601899,794175742
18446744072879.07,8351813.80,11413010.80,3112262.29,3061197.00,2547.77,4152.29,0.00,1604.52,3777583464.06,6340874126.54,0.00,0.00,0.00,0.00,167512123,1176376469,780405760,794175742
18446744072881.07,8354520.09,11417393.01,3112262.29,3062872.92,2706.29,4382.21,0.00,1675.92,3777583464.06,6340874126.54,0.00,0.00,0.00,0.00,167892578,1176688824,780405760,794175742
18446744072883.07,8357140.60,11421147.87,3113073.96,3064007.27,2620.51,3754.86,811.68,1134.35,3777583464.06,6340874126.54,0.00,0.00,0.00,0.00,168278861,1176973391,781220223,794175742
18446744072885.07,8359709.56,11423716.82,3115743.90,3064007.27,2568.96,2568.96,2669.94,0.00,3777583464.06,6340874126.54,0.00,0.00,0.00,0.00,168615961,1177293944,781220223,794175742
18446744072887.38,8362226.17,11426233.43,3118317.31,3064007.27,2516.61,2516.61,2573.41,0.00,3777583464.06,6340874126.54,0.00,0.00,0.00,0.00,167375447,1177628632,781220223,795725820
18446744072889.38,8364569.89,11428577.15,3120808.04,3064007.27,2343.72,2343.72,2490.73,0.00,3777583464.06,6340874126.54,0.00,0.00,0.00,0.00,167668377,1177935694,781220223,795725820
18446744072891.38,8366841.50,11430848.76,3123108.49,3064007.27,2271.61,2271.61,2300.46,0.00,3777583464.06,6340874126.54,0.00,0.00,0.00,0.00,166904494,1178244739,781220223,796762190
18446744072893.38,8369349.58,11433356.85,3125613.41,3064007.27,2508.09,2508.09,2504.92,0.00,3777583464.06,6340874126.54,0.00,0.00,0.00,0.00,167174383,1178616920,781220223,796762190
18446744072895.38,8371616.40,11435623.66,3127938.52,3064007.27,2266.82,2266.82,2325.11,0.00,3777583464.06,6340874126.54,0.00,0.00,0.00,0.00,166492496,1178906919,781220223,797734383
18446744072897.38,8374124.73,11438132.00,3130588.73,3064007.27,2508.34,2508.34,2650.22,0.00,3777583464.06,6340874126.54,0.00,0.00,0.00,0.00,166796522,1179245027,781220223,797734383
18446744072899.38,8376237.16,11440244.42,3132755.91,3064007.27,2112.42,2112.42,2167.18,0.00,3777583464.06,6340874126.54,0.00,0.00,0.00,0.00,165504425,1179528315,781220223,799283972
18446744072901.38,8378745.54,11442752.80,3135260.51,3064007.27,2508.38,2508.38,2504.59,0.00,3777583464.06,6340874126.54,0.00,0.00,0.00,0.00,165812278,1179862607,781220223,799283972
18446744072903.38,8380968.97,11444976.24,3137543.63,3064007.27,2223.44,2223.44,2283.12,0.00,3777583464.06,6340874126.54,0.00,0.00,0.00,0.00,165290252,1179992075,781220223,800245730
18446744072905.38,8383477.49,11447484.76,3140212.73,3064007.27,2508.52,2508.52,2669.10,0.00,3777583464.06,6340874126.54,0.00,0.00,0.00,0.00,165622830,1180301678,781220223,800245730
18446744072907.38,8385377.28,11449510.68,3141996.97,3064133.39,1899.79,2025.92,1784.24,126.13,3777583464.06,6340874126.54,0.00,0.00,0.00,0.00,164307903,1180561040,781220223,801787641
18446744072909.38,8387886.08,11453819.85,3141996.97,3065933.77,2508.80,4309.17,0.00,1800.38,3777583464.06,6340874126.54,0.00,0.00,0.00,0.00,164737873,1180773322,781220223,801787641
18446744072911.38,8388618.35,11456514.81,3141996.97,3067896.46,732.27,2694.96,0.00,1962.69,3777583464.06,6340874126.54,0.00,0.00,0.00,0.00,164899103,1180799553,781220223,801787641
18446744072913.38,8388618.35,11458679.99,3141996.97,3070061.64,0.00,2165.18,0.00,2165.18,3777583464.06,6340874126.54,0.00,0.00,0.00,0.00,164899103,1180799553,781220223,801787641
18446744072915.38,8388618.35,11460693.13,3141996.97,3072074.78,0.00,2013.14,0.00,2013.14,3777583464.06,6340874126.54,0.00,0.00,0.00,0.00,164899103,1180799553,781220223,801787641
18446744072917.39,8388618.35,11462791.18,3141996.97,3074172.83,0.00,2098.05,0.00,2098.05,3777583464.06,6340874126.54,0.00,0.00,0.00,0.00,164899103,1180799553,781220223,801787641
18446744072919.39,8388618.35,11464878.32,3141996.97,3076259.97,0.00,2087.14,0.00,2087.14,3777583464.06,6340874126.54,0.00,0.00,0.00,0.00,164899103,1180799553,781220223,801787641
18446744072921.39,8388618.35,11466906.95,3141996.97,3078288.60,0.00,2028.63,0.00,2028.63,3777583464.06,6340874126.54,0.00,0.00,0.00,0.00,164899103,1180799553,781220223,801787641
18446744072923.43,8388618.35,11469031.76,3141996.97,3080413.41,0.00,2124.81,0.00,2124.81,3777583464.06,6340874126.54,0.00,0.00,0.00,0.00,164899103,1180799553,781220223,801787641
18446744072925.43,8388618.35,11471252.14,3141996.97,3082633.80,0.00,2220.39,0.00,2220.39,3777583464.06,6340874126.54,0.00,0.00,0.00,0.00,164899103,1180799553,781220223,801787641
18446744072927.43,8388618.35,11473372.83,3141996.97,3084754.48,0.00,2120.68,0.00,2120.68,3777583464.06,6340874126.54,0.00,0.00,0.00,0.00,164899103,1180799553,781220223,801787641
18446744072929.43,8388618.35,11475581.80,3141996.97,3086963.45,0.00,2208.97,0.00,2208.97,3777583464.06,6340874126.54,0.00,0.00,0.00,0.00,164899103,1180799553,781220223,801787641
18446744072931.43,8388618.35,11477640.68,3141996.97,3089022.33,0.00,2058.88,0.00,2058.88,3777583464.06,6340874126.54,0.00,0.00,0.00,0.00,164899103,1180799553,781220223,801787641
18446744072933.43,8388618.35,11478742.63,3141996.97,3090124.28,0.00,1101.95,0.00,1101.95,3777583464.06,6340874126.54,0.00,0.00,0.00,0.00,164899103,1180799553,781220223,801787641
18446744072935.43,8388618.35,11478742.63,3141996.97,3090124.28,0.00,0.00,0.00,0.00,3777583464.06,6340874126.54,0.00,0.00,0.00,0.00,164899103,1180799553,781220223,801787641
18446744072937.43,8388618.35,11478742.63,3141996.97,3090124.28,0.00,0.00,0.00,0.00,3777583464.06,6340874126.54,0.00,0.00,0.00,0.00,164899103,1180799553,781220223,801787641
18446744072939.43,8388618.35,11478742.63,3141996.97,3090124.28,0.00,0.00,0.00,0.00,3777583464.06,6340874126.54,0.00,0.00,0.00,0.00,164899103,1180799553,781220223,801787641
18446744072941.43,8388618.35,11478742.63,3141996.97,3090124.28,0.00,0.00,0.00,0.00,3777583464.06,6340874126.54,0.00,0.00,0.00,0.00,164899103,1180799553,781220223,801787641
18446744072943.43,8388618.35,11478742.63,3141996.97,3090124.28,0.00,0.00,0.00,0.00,3777583464.06,6340874126.54,0.00,0.00,0.00,0.00,164899103,1180799553,781220223,801787641
18446744072945.43,8388618.35,11478742.63,3141996.97,3090124.28,0.00,0.00,0.00,0.00,3777583464.06,6340874126.54,0.00,0.00,0.00,0.00,164899103,1180799553,781220223,801787641
18446744072947.43,8388618.35,11478742.63,3141996.97,3090124.28,0.00,0.00,0.00,0.00,3777583464.06,6340874126.54,0.00,0.00,0.00,0.00,164899103,1180799553,781220223,801787641
18446744072949.43,8388618.35,11478742.63,3141996.97,3090124.28,0.00,0.00,0.00,0.00,3777583464.06,6340874126.54,0.00,0.00,0.00,0.00,164899103,1180799553,781220223,801787641
18446744072951.43,8388618.35,11478742.63,3141996.97,3090124.28,0.00,0.00,0.00,0.00,3777583464.06,6340874126.54,0.00,0.00,0.00,0.00,164899103,1180799553,781220223,801787641
18446744072953.43,8388618.35,11478742.63,3141996.97,3090124.28,0.00,0.00,0.00,0.00,3777583464.06,6340874126.54,0.00,0.00,0.00,0.00,164899103,1180799553,781220223,801787641
18446744072955.43,8388618.35,11478742.63,3141996.97,3090124.28,0.00,0.00,0.00,0.00,3777583464.06,6340874126.54,0.00,0.00,0.00,0.00,164899103,1180799553,781220223,801787641
18446744072957.43,8388618.35,11478742.63,3141996.97,3090124.28,0.00,0.00,0.00,0.00,3777583464.06,6340874126.54,0.00,0.00,0.00,0.00,164899103,1180799553,781220223,801787641
18446744072959.43,8388618.35,11478742.63,3141996.97,3090124.28,0.00,0.00,0.00,0.00,3777583464.06,6340874126.54,0.00,0.00,0.00,0.00,164899103,1180799553,781220223,801787641
18446744072961.43,8388618.35,11478742.63,3141996.97,3090124.28,0.00,0.00,0.00,0.00,3777583464.06,6340874126.54,0.00,0.00,0.00,0.00,164899103,1180799553,781220223,801787641
18446744072963.43,8388618.35,11478742.63,3141996.97,3090124.28,0.00,0.00,0.00,0.00,3777583464.06,6340874126.54,0.00,0.00,0.00,0.00,164899103,1180799553,781220223,801787641
18446744072965.43,8388618.35,11478742.63,3141996.97,3090124.28,0.00,0.00,0.00,0.00,3777583464.06,6340874126.54,0.00,0.00,0.00,0.00,164899103,1180799553,781220223,801787641
18446744072967.43,8388618.35,11478742.63,3141996.97,3090124.28,0.00,0.00,0.00,0.00,3777583464.06,6340874126.54,0.00,0.00,0.00,0.00,164899103,1180799553,781220223,801787641
18446744072969.43,8388618.35,11478742.63,3141996.97,3090124.28,0.00,0.00,0.00,0.00,3777583464.06,6340874126.54,0.00,0.00,0.00,0.00,164899103,1180799553,781220223,801787641
18446744072971.43,8388618.35,11478742.63,3141996.97,3090124.28,0.00,0.00,0.00,0.00,3777583464.06,6340874126.54,0.00,0.00,0.00,0.00,164899103,1180799553,781220223,801787641
18446744072973.43,8388618.35,11478742.63,3141996.97,3090124.28,0.00,0.00,0.00,0.00,3777583464.06,6340874126.54,0.00,0.00,0.00,0.00,164899103,1180799553,781220223,801787641
18446744072975.43,8388618.35,11478742.63,3141996.97,3090124.28,0.00,0.00,0.00,0.00,3777583464.06,6340874126.54,0.00,0.00,0.00,0.00,164899103,1180799553,781220223,801787641
18446744072977.43,8388618.35,11478742.63,3141996.97,3090124.28,0.00,0.00,0.00,0.00,3777583464.06,6340874126.54,0.00,0.00,0.00,0.00,164899103,1180799553,781220223,801787641
18446744072979.43,8388618.35,11478742.63,3141996.97,3090124.28,0.00,0.00,0.00,0.00,3777583464.06,6340874126.54,0.00,0.00,0.00,0.00,164899103,1180799553,781220223,801787641
18446744072981.43,8388618.35,11478742.63,3141996.97,3090124.28,0.00,0.00,0.00,0.00,3777583464.06,6340874126.54,0.00,0.00,0.00,0.00,164899103,1180799553,781220223,801787641
18446744072983.43,8388618.35,11478742.63,3141996.97,3090124.28,0.00,0.00,0.00,0.00,3777583464.06,6340874126.54,0.00,0.00,0.00,0.00,164899103,1180799553,781220223,801787641
18446744072985.43,8388618.35,11478742.63,3141996.97,3090124.28,0.00,0.00,0.00,0.00,3777583464.06,6340874126.54,0.00,0.00,0.00,0.00,164899103,1180799553,781220223,801787641
18446744072987.43,8388618.35,11478742.63,3141996.97,3090124.28,0.00,0.00,0.00,0.00,3777583464.06,6340874126.54,0.00,0.00,0.00,0.00,164899103,1180799553,781220223,801787641
18446744072989.43,8388618.35,11478742.63,3141996.97,3090124.28,0.00,0.00,0.00,0.00,3777583464.06,6340874126.54,0.00,0.00,0.00,0.00,164899103,1180799553,781220223,801787641
18446744072991.43,8388618.35,11478742.63,3141996.97,3090124.28,0.00,0.00,0.00,0.00,3777583464.06,6340874126.54,0.00,0.00,0.00,0.00,164899103,1180799553,781220223,801787641
18446744072993.43,8388618.35,11478742.63,3141996.97,3090124.28,0.00,0.00,0.00,0.00,3777583464.06,6340874126.54,0.00,0.00,0.00,0.00,164899103,1180799553,781220223,801787641
18446744072995.43,8388618.35,11478742.63,3141996.97,3090124.28,0.00,0.00,0.00,0.00,3777583464.06,6340874126.54,0.00,0.00,0.00,0.00,164899103,1180799553,781220223,801787641
18446744072997.43,8388618.35,11478742.63,3141996.97,3090124.28,0.00,0.00,0.00,0.00,3777583464.06,6340874126.54,0.00,0.00,0.00,0.00,164899103,1180799553,781220223,801787641
18446744072999.43,8388618.35,11478742.63,3141996.97,3090124.28,0.00,0.00,0.00,0.00,3777583464.06,6340874126.54,0.00,0.00,0.00,0.00,164899103,1180799553,781220223,801787641
18446744073001.43,8388618.35,11478742.63,3141996.97,3090124.28,0.00,0.00,0.00,0.00,3777583464.06,6340874126.54,0.00,0.00,0.00,0.00,164899103,1180799553,781220223,801787641
18446744073003.43,8388618.35,11478742.63,3141996.97,3090124.28,0.00,0.00,0.00,0.00,3777583464.06,6340874126.54,0.00,0.00,0.00,0.00,164899103,1180799553,781220223,801787641
18446744073005.43,8388618.35,11478742.63,3141996.97,3090124.28,0.00,0.00,0.00,0.00,3777583464.06,6340874126.54,0.00,0.00,0.00,0.00,164899103,1180799553,781220223,801787641
18446744073007.43,8388618.35,11478742.63,3141996.97,3090124.28,0.00,0.00,0.00,0.00,3777583464.06,6340874126.54,0.00,0.00,0.00,0.00,164899103,1180799553,781220223,801787641
18446744073009.43,8388618.35,11478742.63,3141996.97,3090124.28,0.00,0.00,0.00,0.00,3777583464.06,6340874126.54,0.00,0.00,0.00,0.00,164899103,1180799553,781220223,801787641
18446744073011.43,8388618.35,11478742.63,3141996.97,3090124.28,0.00,0.00,0.00,0.00,3777583464.06,6340874126.54,0.00,0.00,0.00,0.00,164899103,1180799553,781220223,801787641
18446744073013.43,8388618.35,11478742.63,3141996.97,3090124.28,0.00,0.00,0.00,0.00,3777583464.06,6340874126.54,0.00,0.00,0.00,0.00,164899103,1180799553,781220223,801787641
18446744073015.43,8388618.35,11478742.63,3141996.97,3090124.28,0.00,0.00,0.00,0.00,3777583464.06,6340874126.54,0.00,0.00,0.00,0.00,164899103,1180799553,781220223,801787641
18446744073017.43,8388618.35,11478742.63,3141996.97,3090124.28,0.00,0.00,0.00,0.00,3777583464.06,6340874126.54,0.00,0.00,0.00,0.00,164899103,1180799553,781220223,801787641
18446744073019.43,8388618.35,11478742.63,3141996.97,3090124.28,0.00,0.00,0.00,0.00,3777583464.06,6340874126.54,0.00,0.00,0.00,0.00,164899103,1180799553,781220223,801787641
18446744073021.43,8388618.35,11478742.63,3141996.97,3090124.28,0.00,0.00,0.00,0.00,3777583464.06,6340874126.54,0.00,0.00,0.00,0.00,164899103,1180799553,781220223,801787641
18446744073023.43,8388618.35,11478742.63,3141996.97,3090124.28,0.00,0.00,0.00,0.00,3777583464.06,6340874126.54,0.00,0.00,0.00,0.00,164899103,1180799553,781220223,801787641
18446744073025.43,8388618.35,11478742.63,3141996.97,3090124.28,0.00,0.00,0.00,0.00,3778387980.97,6341704618.54,804516.91,830492.00,0.00,0.00,164899103,1180799553,781220223,801787641
18446744073027.43,8388618.35,11478742.63,3141996.97,3090124.28,0.00,0.00,0.00,0.00,3778387980.97,6341704618.54,0.00,0.00,0.00,0.00,164899103,1180799553,781220223,801787641
18446744073029.43,8388618.35,11478742.63,3141996.97,3090124.28,0.00,0.00,0.00,0.00,3778387980.97,6341704618.54,0.00,0.00,0.00,0.00,164899103,1180799553,781220223,801787641
18446744073031.43,8388618.35,11478742.63,3141996.97,3090124.28,0.00,0.00,0.00,0.00,3778387980.97,6341704618.54,0.00,0.00,0.00,0.00,164899103,1180799553,781220223,801787641
18446744073033.43,8388618.35,11478742.63,3141996.97,3090124.28,0.00,0.00,0.00,0.00,3778387980.97,6341704618.54,0.00,0.00,0.00,0.00,164899103,1180799553,781220223,801787641
18446744073035.43,8388618.35,11478742.63,3141996.97,3090124.28,0.00,0.00,0.00,0.00,3778387980.97,6341704618.54,0.00,0.00,0.00,0.00,164899103,1180799553,781220223,801787641
18446744073037.43,8388618.35,11478742.63,3141996.97,3090124.28,0.00,0.00,0.00,0.00,3778387980.97,6341704618.54,0.00,0.00,0.00,0.00,164899103,1180799553,781220223,801787641
18446744073039.43,8388618.35,11478742.63,3141996.97,3090124.28,0.00,0.00,0.00,0.00,3778387980.97,6341704618.54,0.00,0.00,0.00,0.00,164899103,1180799553,781220223,801787641
18446744073041.43,8388618.35,11478742.63,3141996.97,3090124.28,0.00,0.00,0.00,0.00,3778387980.97,6341704618.54,0.00,0.00,0.00,0.00,164899103,1180799553,781220223,801787641
18446744073043.43,8388618.35,11478742.63,3141996.97,3090124.28,0.00,0.00,0.00,0.00,3778387980.97,6341704618.54,0.00,0.00,0.00,0.00,164899103,1180799553,781220223,801787641
18446744073045.43,8388618.35,11478742.63,3141996.97,3090124.28,0.00,0.00,0.00,0.00,3778387980.97,6341704618.54,0.00,0.00,0.00,0.00,164899103,1180799553,781220223,801787641
18446744073047.43,8388618.35,11478742.63,3141996.97,3090124.28,0.00,0.00,0.00,0.00,3778387980.97,6341704618.54,0.00,0.00,0.00,0.00,164899103,1180799553,781220223,801787641
18446744073049.43,8388618.35,11478742.63,3141996.97,3090124.28,0.00,0.00,0.00,0.00,3778387980.97,6341704618.54,0.00,0.00,0.00,0.00,164899103,1180799553,781220223,801787641
18446744073051.43,8388618.35,11478742.63,3141996.97,3090124.28,0.00,0.00,0.00,0.00,3778387980.97,6341704618.54,0.00,0.00,0.00,0.00,164899103,1180799553,781220223,801787641
18446744073053.43,8388618.35,11478742.63,3141996.97,3090124.28,0.00,0.00,0.00,0.00,3778387980.97,6341704618.54,0.00,0.00,0.00,0.00,164899103,1180799553,781220223,801787641
18446744073055.43,8388618.35,11478742.63,3141996.97,3090124.28,0.00,0.00,0.00,0.00,3778387980.97,6341704618.54,0.00,0.00,0.00,0.00,164899103,1180799553,781220223,801787641
18446744073057.43,8388618.35,11478742.63,3141996.97,3090124.28,0.00,0.00,0.00,0.00,3778387980.97,6341704618.54,0.00,0.00,0.00,0.00,164899103,1180799553,781220223,801787641
18446744073059.43,8388618.35,11478742.63,3141996.97,3090124.28,0.00,0.00,0.00,0.00,3778387980.97,6341704618.54,0.00,0.00,0.00,0.00,164899103,1180799553,781220223,801787641
18446744073061.43,8388618.35,11478742.63,3141996.97,3090124.28,0.00,0.00,0.00,0.00,3778387980.97,6341704618.54,0.00,0.00,0.00,0.00,164899103,1180799553,781220223,801787641
18446744073063.43,8388618.35,11478742.63,3141996.97,3090124.28,0.00,0.00,0.00,0.00,3778387980.97,6341704618.54,0.00,0.00,0.00,0.00,164899103,1180799553,781220223,801787641
18446744073065.43,8388618.35,11478742.63,3141996.97,3090124.28,0.00,0.00,0.00,0.00,3778387980.97,6341704618.54,0.00,0.00,0.00,0.00,164899103,1180799553,781220223,801787641
18446744073067.43,8388618.35,11478742.63,3141996.97,3090124.28,0.00,0.00,0.00,0.00,3778387980.97,6341704618.54,0.00,0.00,0.00,0.00,164899103,1180799553,781220223,801787641
18446744073069.43,8388618.35,11478742.63,3141996.97,3090124.28,0.00,0.00,0.00,0.00,3778387980.97,6341704618.54,0.00,0.00,0.00,0.00,164899103,1180799553,781220223,801787641
18446744073071.43,8388618.35,11478742.63,3141996.97,3090124.28,0.00,0.00,0.00,0.00,3778387980.97,6341704618.54,0.00,0.00,0.00,0.00,164899103,1180799553,781220223,801787641
18446744073073.43,8388618.35,11478742.63,3141996.97,3090124.28,0.00,0.00,0.00,0.00,3778387980.97,6341704618.54,0.00,0.00,0.00,0.00,164899103,1180799553,781220223,801787641
18446744073075.43,8388618.35,11478742.63,3141996.97,3090124.28,0.00,0.00,0.00,0.00,3778387980.97,6341704618.54,0.00,0.00,0.00,0.00,164899103,1180799553,781220223,801787641
18446744073077.43,8388618.35,11478742.63,3141996.97,3090124.28,0.00,0.00,0.00,0.00,3778387980.97,6341704618.54,0.00,0.00,0.00,0.00,164899103,1180799553,781220223,801787641
18446744073079.43,8388618.35,11478742.63,3141996.97,3090124.28,0.00,0.00,0.00,0.00,3778387980.97,6341704618.54,0.00,0.00,0.00,0.00,164899103,1180799553,781220223,801787641
18446744073081.43,8388618.35,11478742.63,3141996.97,3090124.28,0.00,0.00,0.00,0.00,3778387980.97,6341704618.54,0.00,0.00,0.00,0.00,164899103,1180799553,781220223,801787641
18446744073083.43,8388618.35,11478742.63,3141996.97,3090124.28,0.00,0.00,0.00,0.00,3778387980.97,6341704618.54,0.00,0.00,0.00,0.00,164899103,1180799553,781220223,801787641
18446744073085.43,8388618.35,11478742.63,3141996.97,3090124.28,0.00,0.00,0.00,0.00,3778387980.97,6341704618.54,0.00,0.00,0.00,0.00,164899103,1180799553,781220223,801787641
18446744073087.43,8388618.35,11478742.63,3141996.97,3090124.28,0.00,0.00,0.00,0.00,3778387980.97,6341704618.54,0.00,0.00,0.00,0.00,164899103,1180799553,781220223,801787641
18446744073089.43,8388618.35,11478742.63,3141996.97,3090124.28,0.00,0.00,0.00,0.00,3778387980.97,6341704618.54,0.00,0.00,0.00,0.00,164899103,1180799553,781220223,801787641
18446744073091.43,8388618.35,11478742.63,3141996.97,3090124.28,0.00,0.00,0.00,0.00,3778387980.97,6341704618.54,0.00,0.00,0.00,0.00,164899103,1180799553,781220223,801787641
18446744073093.43,8388618.35,11478742.63,3141996.97,3090124.28,0.00,0.00,0.00,0.00,3778387980.97,6341704618.54,0.00,0.00,0.00,0.00,164899103,1180799553,781220223,801787641
18446744073095.43,8388618.35,11478742.63,3141996.97,3090124.28,0.00,0.00,0.00,0.00,3778387980.97,6341704618.54,0.00,0.00,0.00,0.00,164899103,1180799553,781220223,801787641
18446744073097.43,8388618.35,11478742.63,3141996.97,3090124.28,0.00,0.00,0.00,0.00,3778387980.97,6341704618.54,0.00,0.00,0.00,0.00,164899103,1180799553,781220223,801787641
18446744073099.43,8388618.35,11478742.63,3141996.97,3090124.28,0.00,0.00,0.00,0.00,3778387980.97,6341704618.54,0.00,0.00,0.00,0.00,164899103,1180799553,781220223,801787641
18446744073101.43,8388618.35,11478742.63,3141996.97,3090124.28,0.00,0.00,0.00,0.00,3778387980.97,6341704618.54,0.00,0.00,0.00,0.00,164899103,1180799553,781220223,801787641
18446744073103.43,8388618.35,11478742.63,3141996.97,3090124.28,0.00,0.00,0.00,0.00,3778387980.97,6341704618.54,0.00,0.00,0.00,0.00,164899103,1180799553,781220223,801787641
18446744073105.43,8388618.35,11478742.63,3141996.97,3090124.28,0.00,0.00,0.00,0.00,3778387980.97,6341704618.54,0.00,0.00,0.00,0.00,164899103,1180799553,781220223,801787641
18446744073107.43,8388618.35,11478742.63,3141996.97,3090124.28,0.00,0.00,0.00,0.00,3778387980.97,6341704618.54,0.00,0.00,0.00,0.00,164899103,1180799553,781220223,801787641
18446744073109.43,8388618.35,11478742.63,3141996.97,3090124.28,0.00,0.00,0.00,0.00,3778387980.97,6341704618.54,0.00,0.00,0.00,0.00,164899103,1180799553,781220223,801787641
18446744073111.43,8388618.35,11478742.63,3141996.97,3090124.28,0.00,0.00,0.00,0.00,3778387980.97,6341704618.54,0.00,0.00,0.00,0.00,164899103,1180799553,781220223,801787641
18446744073113.43,8388618.35,11478742.63,3141996.97,3090124.28,0.00,0.00,0.00,0.00,3778387980.97,6341704618.54,0.00,0.00,0.00,0.00,164899103,1180799553,781220223,801787641
18446744073115.43,8388618.35,11478742.63,3141996.97,3090124.28,0.00,0.00,0.00,0.00,3778387980.97,6341704618.54,0.00,0.00,0.00,0.00,164899103,1180799553,781220223,801787641
18446744073117.43,8388618.35,11478742.63,3141996.97,3090124.28,0.00,0.00,0.00,0.00,3778387980.97,6341704618.54,0.00,0.00,0.00,0.00,164899103,1180799553,781220223,801787641
18446744073119.43,8388618.35,11478742.63,3141996.97,3090124.28,0.00,0.00,0.00,0.00,3778387980.97,6341704618.54,0.00,0.00,0.00,0.00,164899103,1180799553,781220223,801787641
18446744073121.43,8388618.35,11478742.63,3141996.97,3090124.28,0.00,0.00,0.00,0.00,3778387980.97,6341704618.54,0.00,0.00,0.00,0.00,164899103,1180799553,781220223,801787641
18446744073123.43,8388618.35,11478742.63,3141996.97,3090124.28,0.00,0.00,0.00,0.00,3778387980.97,6341704618.54,0.00,0.00,0.00,0.00,164899103,1180799553,781220223,801787641
18446744073125.43,8388618.35,11478742.63,3141996.97,3090124.28,0.00,0.00,0.00,0.00,3778387980.97,6341704618.54,0.00,0.00,0.00,0.00,164899103,1180799553,781220223,801787641
18446744073127.43,8388618.35,11478742.63,3141996.97,3090124.28,0.00,0.00,0.00,0.00,3778387980.97,6341704618.54,0.00,0.00,0.00,0.00,164899103,1180799553,781220223,801787641
18446744073129.43,8388618.35,11478742.63,3141996.97,3090124.28,0.00,0.00,0.00,0.00,3778387980.97,6341704618.54,0.00,0.00,0.00,0.00,164899103,1180799553,781220223,801787641
18446744073131.43,8388618.35,11478742.63,3141996.97,3090124.28,0.00,0.00,0.00,0.00,3778387980.97,6341704618.54,0.00,0.00,0.00,0.00,164899103,1180799553,781220223,801787641
18446744073133.43,8388618.35,11478742.63,3141996.97,3090124.28,0.00,0.00,0.00,0.00,3778387980.97,6341704618.54,0.00,0.00,0.00,0.00,164899103,1180799553,781220223,801787641
18446744073135.43,8388618.35,11478742.63,3141996.97,3090124.28,0.00,0.00,0.00,0.00,3778387980.97,6341704618.54,0.00,0.00,0.00,0.00,164899103,1180799553,781220223,801787641
18446744073137.43,8388618.35,11478742.63,3141996.97,3090124.28,0.00,0.00,0.00,0.00,3778387980.97,6341704618.54,0.00,0.00,0.00,0.00,164899103,1180799553,781220223,801787641
18446744073139.43,8388618.35,11478742.63,3141996.97,3090124.28,0.00,0.00,0.00,0.00,3778387980.97,6341704618.54,0.00,0.00,0.00,0.00,164899103,1180799553,781220223,801787641
18446744073141.43,8388618.35,11478742.63,3141996.97,3090124.28,0.00,0.00,0.00,0.00,3778387980.97,6341704618.54,0.00,0.00,0.00,0.00,164899103,1180799553,781220223,801787641
18446744073143.43,8388618.35,11478742.63,3141996.97,3090124.28,0.00,0.00,0.00,0.00,3778387980.97,6341704618.54,0.00,0.00,0.00,0.00,164899103,1180799553,781220223,801787641
18446744073145.43,8388618.35,11478742.63,3141996.97,3090124.28,0.00,0.00,0.00,0.00,3778387980.97,6341704618.54,0.00,0.00,0.00,0.00,164899103,1180799553,781220223,801787641
18446744073147.43,8388618.35,11478742.63,3141996.97,3090124.28,0.00,0.00,0.00,0.00,3778387980.97,6341704618.54,0.00,0.00,0.00,0.00,164899103,1180799553,781220223,801787641
18446744073149.43,8388618.35,11478742.63,3141996.97,3090124.28,0.00,0.00,0.00,0.00,3778387980.97,6341704618.54,0.00,0.00,0.00,0.00,164899103,1180799553,781220223,801787641
18446744073151.43,8388618.35,11478742.63,3141996.97,3090124.28,0.00,0.00,0.00,0.00,3778387980.97,6341704618.54,0.00,0.00,0.00,0.00,164899103,1180799553,781220223,801787641
18446744073153.43,8388618.35,11478742.63,3141996.97,3090124.28,0.00,0.00,0.00,0.00,3778387980.97,6341704618.54,0.00,0.00,0.00,0.00,164899103,1180799553,781220223,801787641
18446744073155.43,8388618.35,11478742.63,3141996.97,3090124.28,0.00,0.00,0.00,0.00,3778387980.97,6341704618.54,0.00,0.00,0.00,0.00,164899103,1180799553,781220223,801787641
18446744073157.43,8388618.35,11478742.63,3141996.97,3090124.28,0.00,0.00,0.00,0.00,3778387980.97,6341704618.54,0.00,0.00,0.00,0.00,164899103,1180799553,781220223,801787641
18446744073159.43,8388618.35,11478742.63,3141996.97,3090124.28,0.00,0.00,0.00,0.00,3778387980.97,6341704618.54,0.00,0.00,0.00,0.00,164899103,1180799553,781220223,801787641
18446744073161.43,8388618.35,11478742.63,3141996.97,3090124.28,0.00,0.00,0.00,0.00,3778387980.97,6341704618.54,0.00,0.00,0.00,0.00,164899103,1180799553,781220223,801787641
18446744073163.43,8388618.35,11478742.63,3141996.97,3090124.28,0.00,0.00,0.00,0.00,3778387980.97,6341704618.54,0.00,0.00,0.00,0.00,164899103,1180799553,781220223,801787641
18446744073165.43,8388618.35,11478742.63,3141996.97,3090124.28,0.00,0.00,0.00,0.00,3778387980.97,6341704618.54,0.00,0.00,0.00,0.00,164899103,1180799553,781220223,801787641
18446744073167.43,8388618.35,11478742.63,3141996.97,3090124.28,0.00,0.00,0.00,0.00,3778387980.97,6341704618.54,0.00,0.00,0.00,0.00,164899103,1180799553,781220223,801787641
18446744073169.43,8388618.35,11478742.63,3141996.97,3090124.28,0.00,0.00,0.00,0.00,3778387980.97,6341704618.54,0.00,0.00,0.00,0.00,164899103,1180799553,781220223,801787641
18446744073171.43,8388618.35,11478742.63,3141996.97,3090124.28,0.00,0.00,0.00,0.00,3778387980.97,6341704618.54,0.00,0.00,0.00,0.00,164899103,1180799553,781220223,801787641
18446744073173.43,8388618.35,11478742.63,3141996.97,3090124.28,0.00,0.00,0.00,0.00,3778387980.97,6341704618.54,0.00,0.00,0.00,0.00,164899103,1180799553,781220223,801787641
18446744073175.43,8388618.35,11478742.63,3141996.97,3090124.28,0.00,0.00,0.00,0.00,3778387980.97,6341704618.54,0.00,0.00,0.00,0.00,164899103,1180799553,781220223,801787641
18446744073177.43,8388618.35,11478742.63,3141996.97,3090124.28,0.00,0.00,0.00,0.00,3778387980.97,6341704618.54,0.00,0.00,0.00,0.00,164899103,1180799553,781220223,801787641
18446744073179.43,8388618.35,11478742.63,3141996.97,3090124.28,0.00,0.00,0.00,0.00,3778387980.97,6341704618.54,0.00,0.00,0.00,0.00,164899103,1180799553,781220223,801787641
18446744073181.43,8388618.35,11478742.63,3141996.97,3090124.28,0.00,0.00,0.00,0.00,3778387980.97,6341704618.54,0.00,0.00,0.00,0.00,164899103,1180799553,781220223,801787641
18446744073183.43,8388618.35,11478742.63,3141996.97,3090124.28,0.00,0.00,0.00,0.00,3778387980.97,6341704618.54,0.00,0.00,0.00,0.00,164899103,1180799553,781220223,801787641
18446744073185.43,8388618.35,11478742.63,3141996.97,3090124.28,0.00,0.00,0.00,0.00,3778387980.97,6341704618.54,0.00,0.00,0.00,0.00,164899103,1180799553,781220223,801787641
18446744073187.43,8388618.35,11478742.63,3141996.97,3090124.28,0.00,0.00,0.00,0.00,3778387980.97,6341704618.54,0.00,0.00,0.00,0.00,164899103,1180799553,781220223,801787641
18446744073189.43,8388618.35,11478742.63,3141996.97,3090124.28,0.00,0.00,0.00,0.00,3778387980.97,6341704618.54,0.00,0.00,0.00,0.00,164899103,1180799553,781220223,801787641
18446744073191.43,8388618.35,11478742.63,3141996.97,3090124.28,0.00,0.00,0.00,0.00,3778387980.97,6341704618.54,0.00,0.00,0.00,0.00,164899103,1180799553,781220223,801787641
18446744073193.43,8388618.35,11478742.63,3141996.97,3090124.28,0.00,0.00,0.00,0.00,3778387980.97,6341704618.54,0.00,0.00,0.00,0.00,164899103,1180799553,781220223,801787641
18446744073195.43,8388618.35,11478742.63,3141996.97,3090124.28,0.00,0.00,0.00,0.00,3778387980.97,6341704618.54,0.00,0.00,0.00,0.00,164899103,1180799553,781220223,801787641
18446744073197.43,8388618.35,11478742.63,3141996.97,3090124.28,0.00,0.00,0.00,0.00,3778387980.97,6341704618.54,0.00,0.00,0.00,0.00,164899103,1180799553,781220223,801787641
18446744073199.43,8388618.35,11478742.63,3141996.97,3090124.28,0.00,0.00,0.00,0.00,3778387980.97,6341704618.54,0.00,0.00,0.00,0.00,164899103,1180799553,781220223,801787641
18446744073201.43,8388618.35,11478742.63,3141996.97,3090124.28,0.00,0.00,0.00,0.00,3778387980.97,6341704618.54,0.00,0.00,0.00,0.00,164899103,1180799553,781220223,801787641
18446744073203.43,8388618.35,11478742.63,3141996.97,3090124.28,0.00,0.00,0.00,0.00,3778387980.97,6341704618.54,0.00,0.00,0.00,0.00,164899103,1180799553,781220223,801787641
18446744073205.43,8388618.35,11478742.63,3141996.97,3090124.28,0.00,0.00,0.00,0.00,3778387980.97,6341704618.54,0.00,0.00,0.00,0.00,164899103,1180799553,781220223,801787641
18446744073207.43,8388618.35,11478742.63,3141996.97,3090124.28,0.00,0.00,0.00,0.00,3778387980.97,6341704618.54,0.00,0.00,0.00,0.00,164899103,1180799553,781220223,801787641
18446744073209.43,8388618.35,11478742.63,3141996.97,3090124.28,0.00,0.00,0.00,0.00,3778387980.97,6341704618.54,0.00,0.00,0.00,0.00,164899103,1180799553,781220223,801787641
18446744073211.43,8388618.35,11478742.63,3141996.97,3090124.28,0.00,0.00,0.00,0.00,3778387980.97,6341704618.54,0.00,0.00,0.00,0.00,164899103,1180799553,781220223,801787641
18446744073213.43,8388618.35,11478742.63,3141996.97,3090124.28,0.00,0.00,0.00,0.00,3778387980.97,6341704618.54,0.00,0.00,0.00,0.00,164899103,1180799553,781220223,801787641
18446744073215.43,8388618.35,11478742.63,3141996.97,3090124.28,0.00,0.00,0.00,0.00,3778387980.97,6341704618.54,0.00,0.00,0.00,0.00,164899103,1180799553,781220223,801787641
18446744073217.43,8388618.35,11478742.63,3141996.97,3090124.28,0.00,0.00,0.00,0.00,3778387980.97,6341704618.54,0.00,0.00,0.00,0.00,164899103,1180799553,781220223,801787641
18446744073219.43,8388618.35,11478742.63,3141996.97,3090124.28,0.00,0.00,0.00,0.00,3778387980.97,6341704618.54,0.00,0.00,0.00,0.00,164899103,1180799553,781220223,801787641
18446744073221.43,8388618.35,11478742.63,3141996.97,3090124.28,0.00,0.00,0.00,0.00,3778387980.97,6341704618.54,0.00,0.00,0.00,0.00,164899103,1180799553,781220223,801787641
18446744073223.43,8388618.35,11478742.63,3141996.97,3090124.28,0.00,0.00,0.00,0.00,3778387980.97,6341704618.54,0.00,0.00,0.00,0.00,164899103,1180799553,781220223,801787641
18446744073225.43,8388618.35,11478742.63,3141996.97,3090124.28,0.00,0.00,0.00,0.00,3778387980.97,6341704618.54,0.00,0.00,0.00,0.00,164899103,1180799553,781220223,801787641
18446744073227.43,8388618.35,11478742.63,3141996.97,3090124.28,0.00,0.00,0.00,0.00,3778387980.97,6341704618.54,0.00,0.00,0.00,0.00,164899103,1180799553,781220223,801787641
18446744073229.43,8388618.35,11478742.63,3141996.97,3090124.28,0.00,0.00,0.00,0.00,3778387980.97,6341704618.54,0.00,0.00,0.00,0.00,164899103,1180799553,781220223,801787641
18446744073231.43,8388618.35,11478742.63,3141996.97,3090124.28,0.00,0.00,0.00,0.00,3778387980.97,6341704618.54,0.00,0.00,0.00,0.00,164899103,1180799553,781220223,801787641
18446744073233.43,8388618.35,11478742.63,3141996.97,3090124.28,0.00,0.00,0.00,0.00,3778387980.97,6341704618.54,0.00,0.00,0.00,0.00,164899103,1180799553,781220223,801787641
18446744073235.43,8388618.35,11478742.63,3141996.97,3090124.28,0.00,0.00,0.00,0.00,3778387980.97,6341704618.54,0.00,0.00,0.00,0.00,164899103,1180799553,781220223,801787641
18446744073237.43,8388618.35,11478742.63,3141996.97,3090124.28,0.00,0.00,0.00,0.00,3778387980.97,6341704618.54,0.00,0.00,0.00,0.00,164899103,1180799553,781220223,801787641
18446744073239.43,8388618.35,11478742.63,3141996.97,3090124.28,0.00,0.00,0.00,0.00,3778387980.97,6341704618.54,0.00,0.00,0.00,0.00,164899103,1180799553,781220223,801787641
18446744073241.43,8388618.35,11478742.63,3141996.97,3090124.28,0.00,0.00,0.00,0.00,3778387980.97,6341704618.54,0.00,0.00,0.00,0.00,164899103,1180799553,781220223,801787641
18446744073243.43,8388618.35,11478742.63,3141996.97,3090124.28,0.00,0.00,0.00,0.00,3778387980.97,6341704618.54,0.00,0.00,0.00,0.00,164899103,1180799553,781220223,801787641
18446744073245.43,8388618.35,11478742.63,3141996.97,3090124.28,0.00,0.00,0.00,0.00,3778387980.97,6341704618.54,0.00,0.00,0.00,0.00,164899103,1180799553,781220223,801787641
18446744073247.43,8388618.35,11478742.63,3141996.97,3090124.28,0.00,0.00,0.00,0.00,3778387980.97,6341704618.54,0.00,0.00,0.00,0.00,164899103,1180799553,781220223,801787641
18446744073249.43,8388618.35,11478742.63,3141996.97,3090124.28,0.00,0.00,0.00,0.00,3778387980.97,6341704618.54,0.00,0.00,0.00,0.00,164899103,1180799553,781220223,801787641
18446744073251.43,8388618.35,11478742.63,3141996.97,3090124.28,0.00,0.00,0.00,0.00,3778387980.97,6341704618.54,0.00,0.00,0.00,0.00,164899103,1180799553,781220223,801787641
18446744073253.43,8388618.35,11478742.63,3141996.97,3090124.28,0.00,0.00,0.00,0.00,3778387980.97,6341704618.54,0.00,0.00,0.00,0.00,164899103,1180799553,781220223,801787641
18446744073255.43,8388618.35,11478742.63,3141996.97,3090124.28,0.00,0.00,0.00,0.00,3778387980.97,6341704618.54,0.00,0.00,0.00,0.00,164899103,1180799553,781220223,801787641
18446744073257.43,8388618.35,11478742.63,3141996.97,3090124.28,0.00,0.00,0.00,0.00,3778387980.97,6341704618.54,0.00,0.00,0.00,0.00,164899103,1180799553,781220223,801787641
18446744073259.43,8388618.35,11478742.63,3141996.97,3090124.28,0.00,0.00,0.00,0.00,3778387980.97,6341704618.54,0.00,0.00,0.00,0.00,164899103,1180799553,781220223,801787641
18446744073261.43,8388618.35,11478742.63,3141996.97,3090124.28,0.00,0.00,0.00,0.00,3778387980.97,6341704618.54,0.00,0.00,0.00,0.00,164899103,1180799553,781220223,801787641
18446744073263.43,8388618.35,11478742.63,3141996.97,3090124.28,0.00,0.00,0.00,0.00,3778387980.97,6341704618.54,0.00,0.00,0.00,0.00,164899103,1180799553,781220223,801787641
18446744073265.43,8388618.35,11478742.63,3141996.97,3090124.28,0.00,0.00,0.00,0.00,3778387980.97,6341704618.54,0.00,0.00,0.00,0.00,164899103,1180799553,781220223,801787641
18446744073267.43,8388618.35,11478742.63,3141996.97,3090124.28,0.00,0.00,0.00,0.00,3778387980.97,6341704618.54,0.00,0.00,0.00,0.00,164899103,1180799553,781220223,801787641
18446744073269.43,8388618.35,11478742.63,3141996.97,3090124.28,0.00,0.00,0.00,0.00,3778387980.97,6341704618.54,0.00,0.00,0.00,0.00,164899103,1180799553,781220223,801787641
18446744073271.43,8388618.35,11478742.63,3141996.97,3090124.28,0.00,0.00,0.00,0.00,3778387980.97,6341704618.54,0.00,0.00,0.00,0.00,164899103,1180799553,781220223,801787641
18446744073273.43,8388618.35,11478742.63,3141996.97,3090124.28,0.00,0.00,0.00,0.00,3778387980.97,6341704618.54,0.00,0.00,0.00,0.00,164899103,1180799553,781220223,801787641
18446744073275.43,8388618.35,11478742.63,3141996.97,3090124.28,0.00,0.00,0.00,0.00,3778387980.97,6341704618.54,0.00,0.00,0.00,0.00,164899103,1180799553,781220223,801787641
18446744073277.43,8388618.35,11478742.63,3141996.97,3090124.28,0.00,0.00,0.00,0.00,3778387980.97,6341704618.54,0.00,0.00,0.00,0.00,164899103,1180799553,781220223,801787641
18446744073279.43,8388618.35,11478742.63,3141996.97,3090124.28,0.00,0.00,0.00,0.00,3778387980.97,6341704618.54,0.00,0.00,0.00,0.00,164899103,1180799553,781220223,801787641
18446744073281.43,8388618.35,11478742.63,3141996.97,3090124.28,0.00,0.00,0.00,0.00,3778387980.97,6341704618.54,0.00,0.00,0.00,0.00,164899103,1180799553,781220223,801787641
18446744073283.43,8388618.35,11478742.63,3141996.97,3090124.28,0.00,0.00,0.00,0.00,3778387980.97,6341704618.54,0.00,0.00,0.00,0.00,164899103,1180799553,781220223,801787641
18446744073285.43,8388618.35,11478742.63,3141996.97,3090124.28,0.00,0.00,0.00,0.00,3778387980.97,6341704618.54,0.00,0.00,0.00,0.00,164899103,1180799553,781220223,801787641
18446744073287.43,8388618.35,11478742.63,3141996.97,3090124.28,0.00,0.00,0.00,0.00,3778387980.97,6341704618.54,0.00,0.00,0.00,0.00,164899103,1180799553,781220223,801787641
18446744073289.43,8388618.35,11478742.63,3141996.97,3090124.28,0.00,0.00,0.00,0.00,3778387980.97,6341704618.54,0.00,0.00,0.00,0.00,164899103,1180799553,781220223,801787641
18446744073291.43,8388618.35,11478742.63,3141996.97,3090124.28,0.00,0.00,0.00,0.00,3778387980.97,6341704618.54,0.00,0.00,0.00,0.00,164899103,1180799553,781220223,801787641
18446744073293.43,8388618.35,11478742.63,3141996.97,3090124.28,0.00,0.00,0.00,0.00,3778387980.97,6341704618.54,0.00,0.00,0.00,0.00,164899103,1180799553,781220223,801787641
18446744073295.43,8388618.35,11478742.63,3141996.97,3090124.28,0.00,0.00,0.00,0.00,3778387980.97,6341704618.54,0.00,0.00,0.00,0.00,164899103,1180799553,781220223,801787641
18446744073297.43,8388618.35,11478742.63,3141996.97,3090124.28,0.00,0.00,0.00,0.00,3778387980.97,6341704618.54,0.00,0.00,0.00,0.00,164899103,1180799553,781220223,801787641
18446744073299.43,8388618.35,11478742.63,3141996.97,3090124.28,0.00,0.00,0.00,0.00,3778387980.97,6341704618.54,0.00,0.00,0.00,0.00,164899103,1180799553,781220223,801787641
18446744073301.43,8388618.35,11478742.63,3141996.97,3090124.28,0.00,0.00,0.00,0.00,3778387980.97,6341704618.54,0.00,0.00,0.00,0.00,164899103,1180799553,781220223,801787641
18446744073303.43,8388618.35,11478742.63,3141996.97,3090124.28,0.00,0.00,0.00,0.00,3778387980.97,6341704618.54,0.00,0.00,0.00,0.00,164899103,1180799553,781220223,801787641
18446744073305.43,8388618.35,11478742.63,3141996.97,3090124.28,0.00,0.00,0.00,0.00,3778387980.97,6341704618.54,0.00,0.00,0.00,0.00,164899103,1180799553,781220223,801787641
18446744073307.43,8388618.35,11478742.63,3141996.97,3090124.28,0.00,0.00,0.00,0.00,3778387980.97,6341704618.54,0.00,0.00,0.00,0.00,164899103,1180799553,781220223,801787641
18446744073309.43,8388618.35,11478742.63,3141996.97,3090124.28,0.00,0.00,0.00,0.00,3778387980.97,6341704618.54,0.00,0.00,0.00,0.00,164899103,1180799553,781220223,801787641
18446744073311.43,8388618.35,11478742.63,3141996.97,3090124.28,0.00,0.00,0.00,0.00,3778387980.97,6341704618.54,0.00,0.00,0.00,0.00,164899103,1180799553,781220223,801787641
18446744073313.43,8388618.35,11478742.63,3141996.97,3090124.28,0.00,0.00,0.00,0.00,3778387980.97,6341704618.54,0.00,0.00,0.00,0.00,164899103,1180799553,781220223,801787641
18446744073315.43,8388618.35,11478742.63,3141996.97,3090124.28,0.00,0.00,0.00,0.00,3778387980.97,6341704618.54,0.00,0.00,0.00,0.00,164899103,1180799553,781220223,801787641
18446744073317.43,8388618.35,11478742.63,3141996.97,3090124.28,0.00,0.00,0.00,0.00,3778387980.97,6341704618.54,0.00,0.00,0.00,0.00,164899103,1180799553,781220223,801787641
18446744073319.43,8388618.35,11478742.63,3141996.97,3090124.28,0.00,0.00,0.00,0.00,3778387980.97,6341704618.54,0.00,0.00,0.00,0.00,164899103,1180799553,781220223,801787641
18446744073321.43,8388618.35,11478742.63,3141996.97,3090124.28,0.00,0.00,0.00,0.00,3778387980.97,6341704618.54,0.00,0.00,0.00,0.00,164899103,1180799553,781220223,801787641
18446744073323.43,8388618.35,11478742.63,3141996.97,3090124.28,0.00,0.00,0.00,0.00,3778387980.97,6341704618.54,0.00,0.00,0.00,0.00,164899103,1180799553,781220223,801787641
18446744073325.43,8388618.35,11478742.63,3141996.97,3090124.28,0.00,0.00,0.00,0.00,3778387980.97,6341704618.54,0.00,0.00,0.00,0.00,164899103,1180799553,781220223,801787641
18446744073327.43,8388618.35,11478742.63,3141996.97,3090124.28,0.00,0.00,0.00,0.00,3778387980.97,6341704618.54,0.00,0.00,0.00,0.00,164899103,1180799553,781220223,801787641
18446744073329.43,8388618.35,11478742.63,3141996.97,3090124.28,0.00,0.00,0.00,0.00,3778387980.97,6341704618.54,0.00,0.00,0.00,0.00,164899103,1180799553,781220223,801787641
18446744073331.43,8388618.35,11478742.63,3141996.97,3090124.28,0.00,0.00,0.00,0.00,3778387980.97,6341704618.54,0.00,0.00,0.00,0.00,164899103,1180799553,781220223,801787641
18446744073333.43,8388618.35,11478742.63,3141996.97,3090124.28,0.00,0.00,0.00,0.00,3778387980.97,6341704618.54,0.00,0.00,0.00,0.00,164899103,1180799553,781220223,801787641
18446744073335.43,8388618.35,11478742.63,3141996.97,3090124.28,0.00,0.00,0.00,0.00,3778387980.97,6341704618.54,0.00,0.00,0.00,0.00,164899103,1180799553,781220223,801787641
18446744073337.43,8388618.35,11478742.63,3141996.97,3090124.28,0.00,0.00,0.00,0.00,3778387980.97,6341704618.54,0.00,0.00,0.00,0.00,164899103,1180799553,781220223,801787641
18446744073339.43,8388618.35,11478742.63,3141996.97,3090124.28,0.00,0.00,0.00,0.00,3778387980.97,6341704618.54,0.00,0.00,0.00,0.00,164899103,1180799553,781220223,801787641
18446744073341.43,8388618.35,11478742.63,3141996.97,3090124.28,0.00,0.00,0.00,0.00,3778387980.97,6341704618.54,0.00,0.00,0.00,0.00,164899103,1180799553,781220223,801787641
18446744073343.43,8388618.35,11478742.63,3141996.97,3090124.28,0.00,0.00,0.00,0.00,3778387980.97,6341704618.54,0.00,0.00,0.00,0.00,164899103,1180799553,781220223,801787641
18446744073345.43,8388618.35,11478742.63,3141996.97,3090124.28,0.00,0.00,0.00,0.00,3778387980.97,6341704618.54,0.00,0.00,0.00,0.00,164899103,1180799553,781220223,801787641
18446744073347.43,8388618.35,11478742.63,3141996.97,3090124.28,0.00,0.00,0.00,0.00,3778387980.97,6341704618.54,0.00,0.00,0.00,0.00,164899103,1180799553,781220223,801787641
18446744073349.43,8388618.35,11478742.63,3141996.97,3090124.28,0.00,0.00,0.00,0.00,3778387980.97,6341704618.54,0.00,0.00,0.00,0.00,164899103,1180799553,781220223,801787641
18446744073351.43,8388618.35,11478742.63,3141996.97,3090124.28,0.00,0.00,0.00,0.00,3778387980.97,6341704618.54,0.00,0.00,0.00,0.00,164899103,1180799553,781220223,801787641
18446744073353.43,8388618.35,11478742.63,3141996.97,3090124.28,0.00,0.00,0.00,0.00,3778387980.97,6341704618.54,0.00,0.00,0.00,0.00,164899103,1180799553,781220223,801787641
18446744073355.43,8388618.35,11478742.63,3141996.97,3090124.28,0.00,0.00,0.00,0.00,3778387980.97,6341704618.54,0.00,0.00,0.00,0.00,164899103,1180799553,781220223,801787641
18446744073357.43,8388618.35,11478742.63,3141996.97,3090124.28,0.00,0.00,0.00,0.00,3778387980.97,6341704618.54,0.00,0.00,0.00,0.00,164899103,1180799553,781220223,801787641
18446744073359.43,8388618.35,11478742.63,3141996.97,3090124.28,0.00,0.00,0.00,0.00,3778387980.97,6341704618.54,0.00,0.00,0.00,0.00,164899103,1180799553,781220223,801787641
18446744073361.43,8388618.35,11478742.63,3141996.97,3090124.28,0.00,0.00,0.00,0.00,3778387980.97,6341704618.54,0.00,0.00,0.00,0.00,164899103,1180799553,781220223,801787641
18446744073363.43,8388618.35,11478742.63,3141996.97,3090124.28,0.00,0.00,0.00,0.00,3778387980.97,6341704618.54,0.00,0.00,0.00,0.00,164899103,1180799553,781220223,801787641
18446744073365.43,8388618.35,11478742.63,3141996.97,3090124.28,0.00,0.00,0.00,0.00,3778387980.97,6341704618.54,0.00,0.00,0.00,0.00,164899103,1180799553,781220223,801787641
18446744073367.43,8388618.35,11478742.63,3141996.97,3090124.28,0.00,0.00,0.00,0.00,3778387980.97,6341704618.54,0.00,0.00,0.00,0.00,164899103,1180799553,781220223,801787641
18446744073369.43,8388618.35,11478742.63,3141996.97,3090124.28,0.00,0.00,0.00,0.00,3778387980.97,6341704618.54,0.00,0.00,0.00,0.00,164899103,1180799553,781220223,801787641
18446744073371.43,8388618.35,11478742.63,3141996.97,3090124.28,0.00,0.00,0.00,0.00,3778387980.97,6341704618.54,0.00,0.00,0.00,0.00,164899103,1180799553,781220223,801787641
18446744073373.43,8388618.35,11478742.63,3141996.97,3090124.28,0.00,0.00,0.00,0.00,3778387980.97,6341704618.54,0.00,0.00,0.00,0.00,164899103,1180799553,781220223,801787641
18446744073375.43,8388618.35,11478742.63,3141996.97,3090124.28,0.00,0.00,0.00,0.00,3778387980.97,6341704618.54,0.00,0.00,0.00,0.00,164899103,1180799553,781220223,801787641
18446744073377.43,8388618.35,11478742.63,3141996.97,3090124.28,0.00,0.00,0.00,0.00,3778387980.97,6341704618.54,0.00,0.00,0.00,0.00,164899103,1180799553,781220223,801787641
18446744073379.43,8388618.35,11478742.63,3141996.97,3090124.28,0.00,0.00,0.00,0.00,3778387980.97,6341704618.54,0.00,0.00,0.00,0.00,164899103,1180799553,781220223,801787641
18446744073381.43,8388618.35,11478742.63,3141996.97,3090124.28,0.00,0.00,0.00,0.00,3778387980.97,6341704618.54,0.00,0.00,0.00,0.00,164899103,1180799553,781220223,801787641
18446744073383.43,8388618.35,11478742.63,3141996.97,3090124.28,0.00,0.00,0.00,0.00,3778387980.97,6341704618.54,0.00,0.00,0.00,0.00,164899103,1180799553,781220223,801787641
18446744073385.43,8388618.35,11478742.63,3141996.97,3090124.28,0.00,0.00,0.00,0.00,3778387980.97,6341704618.54,0.00,0.00,0.00,0.00,164899103,1180799553,781220223,801787641
18446744073387.43,8388618.35,11478742.63,3141996.97,3090124.28,0.00,0.00,0.00,0.00,3778387980.97,6341704618.54,0.00,0.00,0.00,0.00,164899103,1180799553,781220223,801787641
18446744073389.43,8388618.35,11478742.63,3141996.97,3090124.28,0.00,0.00,0.00,0.00,3778387980.97,6341704618.54,0.00,0.00,0.00,0.00,164899103,1180799553,781220223,801787641
18446744073391.43,8388618.35,11478742.63,3141996.97,3090124.28,0.00,0.00,0.00,0.00,3778387980.97,6341704618.54,0.00,0.00,0.00,0.00,164899103,1180799553,781220223,801787641
18446744073393.43,8388618.35,11478742.63,3141996.97,3090124.28,0.00,0.00,0.00,0.00,3778387980.97,6341704618.54,0.00,0.00,0.00,0.00,164899103,1180799553,781220223,801787641
18446744073395.43,8388618.35,11478742.63,3141996.97,3090124.28,0.00,0.00,0.00,0.00,3778387980.97,6341704618.54,0.00,0.00,0.00,0.00,164899103,1180799553,781220223,801787641
18446744073397.43,8388618.35,11478742.63,3141996.97,3090124.28,0.00,0.00,0.00,0.00,3778387980.97,6341704618.54,0.00,0.00,0.00,0.00,164899103,1180799553,781220223,801787641
18446744073399.43,8388618.35,11478742.63,3141996.97,3090124.28,0.00,0.00,0.00,0.00,3778387980.97,6341704618.54,0.00,0.00,0.00,0.00,164899103,1180799553,781220223,801787641
18446744073401.43,8388618.35,11478742.63,3141996.97,3090124.28,0.00,0.00,0.00,0.00,3778387980.97,6341704618.54,0.00,0.00,0.00,0.00,164899103,1180799553,781220223,801787641
18446744073403.43,8388618.35,11478742.63,3141996.97,3090124.28,0.00,0.00,0.00,0.00,3778387980.97,6341704618.54,0.00,0.00,0.00,0.00,164899103,1180799553,781220223,801787641
18446744073405.43,8388618.35,11478742.63,3141996.97,3090124.28,0.00,0.00,0.00,0.00,3778387980.97,6341704618.54,0.00,0.00,0.00,0.00,164899103,1180799553,781220223,801787641
18446744073407.43,8388618.35,11478742.63,3141996.97,3090124.28,0.00,0.00,0.00,0.00,3778387980.97,6341704618.54,0.00,0.00,0.00,0.00,164899103,1180799553,781220223,801787641
18446744073409.43,8388618.35,11478742.63,3141996.97,3090124.28,0.00,0.00,0.00,0.00,3778387980.97,6341704618.54,0.00,0.00,0.00,0.00,164899103,1180799553,781220223,801787641
18446744073411.43,8388618.35,11478742.63,3141996.97,3090124.28,0.00,0.00,0.00,0.00,3778387980.97,6341704618.54,0.00,0.00,0.00,0.00,164899103,1180799553,781220223,801787641
18446744073413.43,8388618.35,11478742.63,3141996.97,3090124.28,0.00,0.00,0.00,0.00,3778387980.97,6341704618.54,0.00,0.00,0.00,0.00,164899103,1180799553,781220223,801787641
18446744073415.43,8388618.35,11478742.63,3141996.97,3090124.28,0.00,0.00,0.00,0.00,3778387980.97,6341704618.54,0.00,0.00,0.00,0.00,164899103,1180799553,781220223,801787641
18446744073417.43,8388618.35,11478742.63,3141996.97,3090124.28,0.00,0.00,0.00,0.00,3778387980.97,6341704618.54,0.00,0.00,0.00,0.00,164899103,1180799553,781220223,801787641
18446744073419.43,8388618.35,11478742.63,3141996.97,3090124.28,0.00,0.00,0.00,0.00,3778387980.97,6341704618.54,0.00,0.00,0.00,0.00,164899103,1180799553,781220223,801787641
18446744073421.43,8388618.35,11478742.63,3141996.97,3090124.28,0.00,0.00,0.00,0.00,3778387980.97,6341704618.54,0.00,0.00,0.00,0.00,164899103,1180799553,781220223,801787641
18446744073423.43,8388618.35,11478742.63,3141996.97,3090124.28,0.00,0.00,0.00,0.00,3778387980.97,6341704618.54,0.00,0.00,0.00,0.00,164899103,1180799553,781220223,801787641
18446744073425.43,8388618.35,11478742.63,3141996.97,3090124.28,0.00,0.00,0.00,0.00,3778387980.97,6341704618.54,0.00,0.00,0.00,0.00,164899103,1180799553,781220223,801787641
18446744073427.43,8388618.35,11478742.63,3141996.97,3090124.28,0.00,0.00,0.00,0.00,3778387980.97,6341704618.54,0.00,0.00,0.00,0.00,164899103,1180799553,781220223,801787641
18446744073429.43,8388618.35,11478742.63,3141996.97,3090124.28,0.00,0.00,0.00,0.00,3778387980.97,6341704618.54,0.00,0.00,0.00,0.00,164899103,1180799553,781220223,801787641
18446744073431.43,8388618.35,11478742.63,3141996.97,3090124.28,0.00,0.00,0.00,0.00,3778387980.97,6341704618.54,0.00,0.00,0.00,0.00,164899103,1180799553,781220223,801787641
18446744073433.43,8388618.35,11478742.63,3141996.97,3090124.28,0.00,0.00,0.00,0.00,3778387980.97,6341704618.54,0.00,0.00,0.00,0.00,164899103,1180799553,781220223,801787641
18446744073435.43,8388618.35,11478742.63,3141996.97,3090124.28,0.00,0.00,0.00,0.00,3778387980.97,6341704618.54,0.00,0.00,0.00,0.00,164899103,1180799553,781220223,801787641
18446744073437.43,8388618.35,11478742.63,3141996.97,3090124.28,0.00,0.00,0.00,0.00,3778387980.97,6341704618.54,0.00,0.00,0.00,0.00,164899103,1180799553,781220223,801787641
18446744073439.43,8388618.35,11478742.63,3141996.97,3090124.28,0.00,0.00,0.00,0.00,3778387980.97,6341704618.54,0.00,0.00,0.00,0.00,164899103,1180799553,781220223,801787641
18446744073441.43,8388618.35,11478742.63,3141996.97,3090124.28,0.00,0.00,0.00,0.00,3778387980.97,6341704618.54,0.00,0.00,0.00,0.00,164899103,1180799553,781220223,801787641
18446744073443.43,8388618.35,11478742.63,3141996.97,3090124.28,0.00,0.00,0.00,0.00,3778387980.97,6341704618.54,0.00,0.00,0.00,0.00,164899103,1180799553,781220223,801787641
18446744073445.43,8388618.35,11478742.63,3141996.97,3090124.28,0.00,0.00,0.00,0.00,3778387980.97,6341704618.54,0.00,0.00,0.00,0.00,164899103,1180799553,781220223,801787641
18446744073447.43,8388618.35,11478742.63,3141996.97,3090124.28,0.00,0.00,0.00,0.00,3778387980.97,6341704618.54,0.00,0.00,0.00,0.00,164899103,1180799553,781220223,801787641
18446744073449.43,8388618.35,11478742.63,3141996.97,3090124.28,0.00,0.00,0.00,0.00,3778387980.97,6341704618.54,0.00,0.00,0.00,0.00,164899103,1180799553,781220223,801787641
18446744073451.43,8388618.35,11478742.63,3141996.97,3090124.28,0.00,0.00,0.00,0.00,3778387980.97,6341704618.54,0.00,0.00,0.00,0.00,164899103,1180799553,781220223,801787641
18446744073453.43,8388618.35,11478742.63,3141996.97,3090124.28,0.00,0.00,0.00,0.00,3778387980.97,6341704618.54,0.00,0.00,0.00,0.00,164899103,1180799553,781220223,801787641
18446744073455.43,8388618.35,11478742.63,3141996.97,3090124.28,0.00,0.00,0.00,0.00,3778387980.97,6341704618.54,0.00,0.00,0.00,0.00,164899103,1180799553,781220223,801787641
18446744073457.43,8388618.35,11478742.63,3141996.97,3090124.28,0.00,0.00,0.00,0.00,3778387980.97,6341704618.54,0.00,0.00,0.00,0.00,164899103,1180799553,781220223,801787641
18446744073459.43,8388618.35,11478742.63,3141996.97,3090124.28,0.00,0.00,0.00,0.00,3778387980.97,6341704618.54,0.00,0.00,0.00,0.00,164899103,1180799553,781220223,801787641
18446744073461.43,8388618.35,11478742.63,3141996.97,3090124.28,0.00,0.00,0.00,0.00,3778387980.97,6341704618.54,0.00,0.00,0.00,0.00,164899103,1180799553,781220223,801787641
18446744073463.43,8388618.35,11478742.63,3141996.97,3090124.28,0.00,0.00,0.00,0.00,3778387980.97,6341704618.54,0.00,0.00,0.00,0.00,164899103,1180799553,781220223,801787641
18446744073465.43,8388618.35,11478742.63,3141996.97,3090124.28,0.00,0.00,0.00,0.00,3778387980.97,6341704618.54,0.00,0.00,0.00,0.00,164899103,1180799553,781220223,801787641
18446744073467.43,8388618.35,11478742.63,3141996.97,3090124.28,0.00,0.00,0.00,0.00,3778387980.97,6341704618.54,0.00,0.00,0.00,0.00,164899103,1180799553,781220223,801787641
18446744073469.43,8388618.35,11478742.63,3141996.97,3090124.28,0.00,0.00,0.00,0.00,3778387980.97,6341704618.54,0.00,0.00,0.00,0.00,164899103,1180799553,781220223,801787641
18446744073471.43,8388618.35,11478742.63,3141996.97,3090124.28,0.00,0.00,0.00,0.00,3778387980.97,6341704618.54,0.00,0.00,0.00,0.00,164899103,1180799553,781220223,801787641
18446744073473.43,8388618.35,11478742.63,3141996.97,3090124.28,0.00,0.00,0.00,0.00,3778387980.97,6341704618.54,0.00,0.00,0.00,0.00,164899103,1180799553,781220223,801787641
18446744073475.43,8388618.35,11478742.63,3141996.97,3090124.28,0.00,0.00,0.00,0.00,3778387980.97,6341704618.54,0.00,0.00,0.00,0.00,164899103,1180799553,781220223,801787641
18446744073477.43,8388618.35,11478742.63,3141996.97,3090124.28,0.00,0.00,0.00,0.00,3778387980.97,6341704618.54,0.00,0.00,0.00,0.00,164899103,1180799553,781220223,801787641
18446744073479.43,8388618.35,11478742.63,3141996.97,3090124.28,0.00,0.00,0.00,0.00,3778387980.97,6341704618.54,0.00,0.00,0.00,0.00,164899103,1180799553,781220223,801787641
18446744073481.43,8388618.35,11478742.63,3141996.97,3090124.28,0.00,0.00,0.00,0.00,3778387980.97,6341704618.54,0.00,0.00,0.00,0.00,164899103,1180799553,781220223,801787641
18446744073483.43,8388618.35,11478742.63,3141996.97,3090124.28,0.00,0.00,0.00,0.00,3778387980.97,6341704618.54,0.00,0.00,0.00,0.00,164899103,1180799553,781220223,801787641
18446744073485.43,8388618.35,11478742.63,3141996.97,3090124.28,0.00,0.00,0.00,0.00,3778387980.97,6341704618.54,0.00,0.00,0.00,0.00,164899103,1180799553,781220223,801787641
18446744073487.43,8388618.35,11478742.63,3141996.97,3090124.28,0.00,0.00,0.00,0.00,3778387980.97,6341704618.54,0.00,0.00,0.00,0.00,164899103,1180799553,781220223,801787641
18446744073489.43,8388618.35,11478742.63,3141996.97,3090124.28,0.00,0.00,0.00,0.00,3778387980.97,6341704618.54,0.00,0.00,0.00,0.00,164899103,1180799553,781220223,801787641
18446744073491.43,8388618.35,11478742.63,3141996.97,3090124.28,0.00,0.00,0.00,0.00,3778387980.97,6341704618.54,0.00,0.00,0.00,0.00,164899103,1180799553,781220223,801787641
18446744073493.43,8388618.35,11478742.63,3141996.97,3090124.28,0.00,0.00,0.00,0.00,3778387980.97,6341704618.54,0.00,0.00,0.00,0.00,164899103,1180799553,781220223,801787641
18446744073495.43,8388618.35,11478742.63,3141996.97,3090124.28,0.00,0.00,0.00,0.00,3778387980.97,6341704618.54,0.00,0.00,0.00,0.00,164899103,1180799553,781220223,801787641
18446744073497.43,8388618.35,11478742.63,3141996.97,3090124.28,0.00,0.00,0.00,0.00,3778387980.97,6341704618.54,0.00,0.00,0.00,0.00,164899103,1180799553,781220223,801787641
18446744073499.43,8388618.35,11478742.63,3141996.97,3090124.28,0.00,0.00,0.00,0.00,3778387980.97,6341704618.54,0.00,0.00,0.00,0.00,164899103,1180799553,781220223,801787641
18446744073501.43,8388618.35,11478742.63,3141996.97,3090124.28,0.00,0.00,0.00,0.00,3778387980.97,6341704618.54,0.00,0.00,0.00,0.00,164899103,1180799553,781220223,801787641
18446744073503.43,8388618.35,11478742.63,3141996.97,3090124.28,0.00,0.00,0.00,0.00,3778387980.97,6341704618.54,0.00,0.00,0.00,0.00,164899103,1180799553,781220223,801787641
18446744073505.43,8388618.35,11478742.63,3141996.97,3090124.28,0.00,0.00,0.00,0.00,3778387980.97,6341704618.54,0.00,0.00,0.00,0.00,164899103,1180799553,781220223,801787641
18446744073507.43,8388618.35,11478742.63,3141996.97,3090124.28,0.00,0.00,0.00,0.00,3778387980.97,6341704618.54,0.00,0.00,0.00,0.00,164899103,1180799553,781220223,801787641
18446744073509.43,8388618.35,11478742.63,3141996.97,3090124.28,0.00,0.00,0.00,0.00,3778387980.97,6341704618.54,0.00,0.00,0.00,0.00,164899103,1180799553,781220223,801787641
18446744073511.43,8388618.35,11478742.63,3141996.97,3090124.28,0.00,0.00,0.00,0.00,3778387980.97,6341704618.54,0.00,0.00,0.00,0.00,164899103,1180799553,781220223,801787641
18446744073513.43,8388618.35,11478742.63,3141996.97,3090124.28,0.00,0.00,0.00,0.00,3778387980.97,6341704618.54,0.00,0.00,0.00,0.00,164899103,1180799553,781220223,801787641
18446744073515.43,8388618.35,11478742.63,3141996.97,3090124.28,0.00,0.00,0.00,0.00,3778387980.97,6341704618.54,0.00,0.00,0.00,0.00,164899103,1180799553,781220223,801787641
18446744073517.43,8388618.35,11478742.63,3141996.97,3090124.28,0.00,0.00,0.00,0.00,3778387980.97,6341704618.54,0.00,0.00,0.00,0.00,164899103,1180799553,781220223,801787641
18446744073519.43,8388618.35,11478742.63,3141996.97,3090124.28,0.00,0.00,0.00,0.00,3778387980.97,6341704618.54,0.00,0.00,0.00,0.00,164899103,1180799553,781220223,801787641
18446744073521.43,8388618.35,11478742.63,3141996.97,3090124.28,0.00,0.00,0.00,0.00,3778387980.97,6341704618.54,0.00,0.00,0.00,0.00,164899103,1180799553,781220223,801787641
18446744073523.43,8388618.35,11478742.63,3141996.97,3090124.28,0.00,0.00,0.00,0.00,3778387980.97,6341704618.54,0.00,0.00,0.00,0.00,164899103,1180799553,781220223,801787641
18446744073525.43,8388618.35,11478742.63,3141996.97,3090124.28,0.00,0.00,0.00,0.00,3778387980.97,6341704618.54,0.00,0.00,0.00,0.00,164899103,1180799553,781220223,801787641
18446744073527.43,8388618.35,11478742.63,3141996.97,3090124.28,0.00,0.00,0.00,0.00,3778387980.97,6341704618.54,0.00,0.00,0.00,0.00,164899103,1180799553,781220223,801787641
18446744073529.43,8388618.35,11478742.63,3141996.97,3090124.28,0.00,0.00,0.00,0.00,3778387980.97,6341704618.54,0.00,0.00,0.00,0.00,164899103,1180799553,781220223,801787641
18446744073531.43,8388618.35,11478742.63,3141996.97,3090124.28,0.00,0.00,0.00,0.00,3778387980.97,6341704618.54,0.00,0.00,0.00,0.00,164899103,1180799553,781220223,801787641
18446744073533.43,8388618.35,11478742.63,3141996.97,3090124.28,0.00,0.00,0.00,0.00,3778387980.97,6341704618.54,0.00,0.00,0.00,0.00,164899103,1180799553,781220223,801787641
18446744073535.43,8388618.35,11478742.63,3141996.97,3090124.28,0.00,0.00,0.00,0.00,3778387980.97,6341704618.54,0.00,0.00,0.00,0.00,164899103,1180799553,781220223,801787641
18446744073537.43,8388618.35,11478742.63,3141996.97,3090124.28,0.00,0.00,0.00,0.00,3778387980.97,6341704618.54,0.00,0.00,0.00,0.00,164899103,1180799553,781220223,801787641
18446744073539.43,8388618.35,11478742.63,3141996.97,3090124.28,0.00,0.00,0.00,0.00,3778387980.97,6341704618.54,0.00,0.00,0.00,0.00,164899103,1180799553,781220223,801787641
18446744073541.43,8388618.35,11478742.63,3141996.97,3090124.28,0.00,0.00,0.00,0.00,3778387980.97,6341704618.54,0.00,0.00,0.00,0.00,164899103,1180799553,781220223,801787641
18446744073543.43,8388618.35,11478742.63,3141996.97,3090124.28,0.00,0.00,0.00,0.00,3778387980.97,6341704618.54,0.00,0.00,0.00,0.00,164899103,1180799553,781220223,801787641
18446744073545.43,8388618.35,11478742.63,3141996.97,3090124.28,0.00,0.00,0.00,0.00,3778387980.97,6341704618.54,0.00,0.00,0.00,0.00,164899103,1180799553,781220223,801787641
18446744073547.43,8388618.35,11478742.63,3141996.97,3090124.28,0.00,0.00,0.00,0.00,3778387980.97,6341704618.54,0.00,0.00,0.00,0.00,164899103,1180799553,781220223,801787641
18446744073549.43,8388618.35,11478742.63,3141996.97,3090124.28,0.00,0.00,0.00,0.00,3778387980.97,6341704618.54,0.00,0.00,0.00,0.00,164899103,1180799553,781220223,801787641
18446744073551.43,8388618.35,11478742.63,3141996.97,3090124.28,0.00,0.00,0.00,0.00,3778387980.97,6341704618.54,0.00,0.00,0.00,0.00,164899103,1180799553,781220223,801787641
18446744073553.43,8388618.35,11478742.63,3141996.97,3090124.28,0.00,0.00,0.00,0.00,3778387980.97,6341704618.54,0.00,0.00,0.00,0.00,164899103,1180799553,781220223,801787641
18446744073555.43,8388618.35,11478742.63,3141996.97,3090124.28,0.00,0.00,0.00,0.00,3778387980.97,6341704618.54,0.00,0.00,0.00,0.00,164899103,1180799553,781220223,801787641
18446744073557.43,8388618.35,11478742.63,3141996.97,3090124.28,0.00,0.00,0.00,0.00,3778387980.97,6341704618.54,0.00,0.00,0.00,0.00,164899103,1180799553,781220223,801787641
18446744073559.43,8388618.35,11478742.63,3141996.97,3090124.28,0.00,0.00,0.00,0.00,3778387980.97,6341704618.54,0.00,0.00,0.00,0.00,164899103,1180799553,781220223,801787641
18446744073561.43,8388618.35,11478742.63,3141996.97,3090124.28,0.00,0.00,0.00,0.00,3778387980.97,6341704618.54,0.00,0.00,0.00,0.00,164899103,1180799553,781220223,801787641
18446744073563.43,8388618.35,11478742.63,3141996.97,3090124.28,0.00,0.00,0.00,0.00,3778387980.97,6341704618.54,0.00,0.00,0.00,0.00,164899103,1180799553,781220223,801787641
18446744073565.43,8388618.35,11478742.63,3141996.97,3090124.28,0.00,0.00,0.00,0.00,3778387980.97,6341704618.54,0.00,0.00,0.00,0.00,164899103,1180799553,781220223,801787641
18446744073567.43,8388618.35,11478742.63,3141996.97,3090124.28,0.00,0.00,0.00,0.00,3778387980.97,6341704618.54,0.00,0.00,0.00,0.00,164899103,1180799553,781220223,801787641
18446744073569.43,8388618.35,11478742.63,3141996.97,3090124.28,0.00,0.00,0.00,0.00,3778387980.97,6341704618.54,0.00,0.00,0.00,0.00,164899103,1180799553,781220223,801787641
18446744073571.25,8388618.35,11478742.63,3141996.97,3090124.28,0.00,0.00,0.00,0.00,3778387980.97,6341704618.54,0.00,0.00,0.00,0.00,164899103,1180799553,781220223,801787641
