time_sec,host_write_MB,cache_write_MB,backend_write_MB,gc_write_MB,host_write_delta_MB,cache_write_delta_MB,backend_write_delta_MB,gc_write_delta_MB,nvme_host_written_MB,nvme_media_written_MB,nvme_host_delta_MB,nvme_media_delta_MB,cache_read_MB,backend_read_MB,valid_blocks,write_hit_count,gc_victim_blocks,evict_victim_blocks
2.00,0.00,0.00,0.00,0.00,0.00,0.00,0.00,0.00,0.00,0.00,0.00,0.00,0.00,0.00,0,0,0,0
4.00,0.00,0.00,0.00,0.00,0.00,0.00,0.00,0.00,3841374995.95,6405847280.81,3841374995.95,6405847280.81,0.00,0.00,0,0,0,0
6.00,0.00,0.00,0.00,0.00,0.00,0.00,0.00,0.00,3841374995.95,6405847280.81,0.00,0.00,0.00,0.00,0,0,0,0
8.00,0.00,0.00,0.00,0.00,0.00,0.00,0.00,0.00,3841374995.95,6405847280.81,0.00,0.00,0.00,0.00,0,0,0,0
10.00,0.00,0.00,0.00,0.00,0.00,0.00,0.00,0.00,3841374995.95,6405847280.81,0.00,0.00,0.00,0.00,0,0,0,0
12.00,0.00,0.00,0.00,0.00,0.00,0.00,0.00,0.00,3841374995.95,6405847280.81,0.00,0.00,0.00,0.00,0,0,0,0
14.00,0.00,0.00,0.00,0.00,0.00,0.00,0.00,0.00,3841374995.95,6405847280.81,0.00,0.00,0.00,0.00,0,0,0,0
16.00,0.00,0.00,0.00,0.00,0.00,0.00,0.00,0.00,3841374995.95,6405847280.81,0.00,0.00,0.00,0.00,0,0,0,0
18.00,0.00,0.00,0.00,0.00,0.00,0.00,0.00,0.00,3841374995.95,6405847280.81,0.00,0.00,0.00,0.00,0,0,0,0
20.00,0.00,0.00,0.00,0.00,0.00,0.00,0.00,0.00,3841374995.95,6405847280.81,0.00,0.00,0.00,0.00,0,0,0,0
22.00,0.00,0.00,0.00,0.00,0.00,0.00,0.00,0.00,3841374995.95,6405847280.81,0.00,0.00,0.00,0.00,0,0,0,0
24.00,0.00,0.00,0.00,0.00,0.00,0.00,0.00,0.00,3841374995.95,6405847280.81,0.00,0.00,0.00,0.00,0,0,0,0
26.00,0.00,0.00,0.00,0.00,0.00,0.00,0.00,0.00,3841374995.95,6405847280.81,0.00,0.00,0.00,0.00,0,0,0,0
28.00,0.00,0.00,0.00,0.00,0.00,0.00,0.00,0.00,3841374995.95,6405847280.81,0.00,0.00,0.00,0.00,0,0,0,0
30.00,0.00,0.00,0.00,0.00,0.00,0.00,0.00,0.00,3841374995.95,6405847280.81,0.00,0.00,0.00,0.00,0,0,0,0
32.00,0.00,0.00,0.00,0.00,0.00,0.00,0.00,0.00,3841374995.95,6405847280.81,0.00,0.00,0.00,0.00,0,0,0,0
34.00,0.00,0.00,0.00,0.00,0.00,0.00,0.00,0.00,3841374995.95,6405847280.81,0.00,0.00,0.00,0.00,0,0,0,0
36.00,0.00,0.00,0.00,0.00,0.00,0.00,0.00,0.00,3841374995.95,6405847280.81,0.00,0.00,0.00,0.00,0,0,0,0
38.00,0.00,0.00,0.00,0.00,0.00,0.00,0.00,0.00,3841374995.95,6405847280.81,0.00,0.00,0.00,0.00,0,0,0,0
40.00,0.00,0.00,0.00,0.00,0.00,0.00,0.00,0.00,3841374995.95,6405847280.81,0.00,0.00,0.00,0.00,0,0,0,0
42.00,0.00,0.00,0.00,0.00,0.00,0.00,0.00,0.00,3841374995.95,6405847280.81,0.00,0.00,0.00,0.00,0,0,0,0
44.00,0.00,0.00,0.00,0.00,0.00,0.00,0.00,0.00,3841374995.95,6405847280.81,0.00,0.00,0.00,0.00,0,0,0,0
46.00,0.00,0.00,0.00,0.00,0.00,0.00,0.00,0.00,3841374995.95,6405847280.81,0.00,0.00,0.00,0.00,0,0,0,0
48.00,0.00,0.00,0.00,0.00,0.00,0.00,0.00,0.00,3841374995.95,6405847280.81,0.00,0.00,0.00,0.00,0,0,0,0
50.00,0.00,0.00,0.00,0.00,0.00,0.00,0.00,0.00,3841374995.95,6405847280.81,0.00,0.00,0.00,0.00,0,0,0,0
52.00,0.00,0.00,0.00,0.00,0.00,0.00,0.00,0.00,3841374995.95,6405847280.81,0.00,0.00,0.00,0.00,0,0,0,0
54.00,0.00,0.00,0.00,0.00,0.00,0.00,0.00,0.00,3841374995.95,6405847280.81,0.00,0.00,0.00,0.00,0,0,0,0
56.00,0.00,0.00,0.00,0.00,0.00,0.00,0.00,0.00,3841374995.95,6405847280.81,0.00,0.00,0.00,0.00,0,0,0,0
58.00,0.00,0.00,0.00,0.00,0.00,0.00,0.00,0.00,3841374995.95,6405847280.81,0.00,0.00,0.00,0.00,0,0,0,0
60.00,0.00,0.00,0.00,0.00,0.00,0.00,0.00,0.00,3841374995.95,6405847280.81,0.00,0.00,0.00,0.00,0,0,0,0
62.00,0.00,0.00,0.00,0.00,0.00,0.00,0.00,0.00,3841374995.95,6405847280.81,0.00,0.00,0.00,0.00,0,0,0,0
64.00,0.00,0.00,0.00,0.00,0.00,0.00,0.00,0.00,3841374995.95,6405847280.81,0.00,0.00,0.00,0.00,0,0,0,0
66.00,0.00,0.00,0.00,0.00,0.00,0.00,0.00,0.00,3841374995.95,6405847280.81,0.00,0.00,0.00,0.00,0,0,0,0
68.00,0.00,0.00,0.00,0.00,0.00,0.00,0.00,0.00,3841374995.95,6405847280.81,0.00,0.00,0.00,0.00,0,0,0,0
70.00,0.00,0.00,0.00,0.00,0.00,0.00,0.00,0.00,3841374995.95,6405847280.81,0.00,0.00,0.00,0.00,0,0,0,0
72.00,0.00,0.00,0.00,0.00,0.00,0.00,0.00,0.00,3841374995.95,6405847280.81,0.00,0.00,0.00,0.00,0,0,0,0
74.00,0.00,0.00,0.00,0.00,0.00,0.00,0.00,0.00,3841374995.95,6405847280.81,0.00,0.00,0.00,0.00,0,0,0,0
76.00,0.00,0.00,0.00,0.00,0.00,0.00,0.00,0.00,3841374995.95,6405847280.81,0.00,0.00,0.00,0.00,0,0,0,0
78.00,0.00,0.00,0.00,0.00,0.00,0.00,0.00,0.00,3841374995.95,6405847280.81,0.00,0.00,0.00,0.00,0,0,0,0
80.00,0.00,0.00,0.00,0.00,0.00,0.00,0.00,0.00,3841374995.95,6405847280.81,0.00,0.00,0.00,0.00,0,0,0,0
82.00,0.00,0.00,0.00,0.00,0.00,0.00,0.00,0.00,3841374995.95,6405847280.81,0.00,0.00,0.00,0.00,0,0,0,0
84.00,0.00,0.00,0.00,0.00,0.00,0.00,0.00,0.00,3841374995.95,6405847280.81,0.00,0.00,0.00,0.00,0,0,0,0
86.00,0.00,0.00,0.00,0.00,0.00,0.00,0.00,0.00,3841374995.95,6405847280.81,0.00,0.00,0.00,0.00,0,0,0,0
88.00,0.00,0.00,0.00,0.00,0.00,0.00,0.00,0.00,3841374995.95,6405847280.81,0.00,0.00,0.00,0.00,0,0,0,0
90.00,0.00,0.00,0.00,0.00,0.00,0.00,0.00,0.00,3841374995.95,6405847280.81,0.00,0.00,0.00,0.00,0,0,0,0
92.00,0.00,0.00,0.00,0.00,0.00,0.00,0.00,0.00,3841374995.95,6405847280.81,0.00,0.00,0.00,0.00,0,0,0,0
94.00,0.00,0.00,0.00,0.00,0.00,0.00,0.00,0.00,3841374995.95,6405847280.81,0.00,0.00,0.00,0.00,0,0,0,0
96.00,0.00,0.00,0.00,0.00,0.00,0.00,0.00,0.00,3841374995.95,6405847280.81,0.00,0.00,0.00,0.00,0,0,0,0
98.00,0.00,0.00,0.00,0.00,0.00,0.00,0.00,0.00,3841374995.95,6405847280.81,0.00,0.00,0.00,0.00,0,0,0,0
100.00,0.00,0.00,0.00,0.00,0.00,0.00,0.00,0.00,3841374995.95,6405847280.81,0.00,0.00,0.00,0.00,0,0,0,0
102.00,0.00,0.00,0.00,0.00,0.00,0.00,0.00,0.00,3841374995.95,6405847280.81,0.00,0.00,0.00,0.00,0,0,0,0
104.00,0.00,0.00,0.00,0.00,0.00,0.00,0.00,0.00,3841374995.95,6405847280.81,0.00,0.00,0.00,0.00,0,0,0,0
106.00,0.00,0.00,0.00,0.00,0.00,0.00,0.00,0.00,3841374995.95,6405847280.81,0.00,0.00,0.00,0.00,0,0,0,0
108.00,0.00,0.00,0.00,0.00,0.00,0.00,0.00,0.00,3841374995.95,6405847280.81,0.00,0.00,0.00,0.00,0,0,0,0
110.00,0.00,0.00,0.00,0.00,0.00,0.00,0.00,0.00,3841374995.95,6405847280.81,0.00,0.00,0.00,0.00,0,0,0,0
112.00,0.00,0.00,0.00,0.00,0.00,0.00,0.00,0.00,3841374995.95,6405847280.81,0.00,0.00,0.00,0.00,0,0,0,0
114.00,0.00,0.00,0.00,0.00,0.00,0.00,0.00,0.00,3841374995.95,6405847280.81,0.00,0.00,0.00,0.00,0,0,0,0
116.00,0.00,0.00,0.00,0.00,0.00,0.00,0.00,0.00,3841374995.95,6405847280.81,0.00,0.00,0.00,0.00,0,0,0,0
118.00,0.00,0.00,0.00,0.00,0.00,0.00,0.00,0.00,3841374995.95,6405847280.81,0.00,0.00,0.00,0.00,0,0,0,0
120.00,0.00,0.00,0.00,0.00,0.00,0.00,0.00,0.00,3841374995.95,6405847280.81,0.00,0.00,0.00,0.00,0,0,0,0
122.00,0.00,0.00,0.00,0.00,0.00,0.00,0.00,0.00,3841374995.95,6405847280.81,0.00,0.00,0.00,0.00,0,0,0,0
124.00,0.00,0.00,0.00,0.00,0.00,0.00,0.00,0.00,3841374995.95,6405847280.81,0.00,0.00,0.00,0.00,0,0,0,0
126.00,0.00,0.00,0.00,0.00,0.00,0.00,0.00,0.00,3841374995.95,6405847280.81,0.00,0.00,0.00,0.00,0,0,0,0
128.00,0.00,0.00,0.00,0.00,0.00,0.00,0.00,0.00,3841374995.95,6405847280.81,0.00,0.00,0.00,0.00,0,0,0,0
130.00,0.00,0.00,0.00,0.00,0.00,0.00,0.00,0.00,3841374995.95,6405847280.81,0.00,0.00,0.00,0.00,0,0,0,0
132.00,0.00,0.00,0.00,0.00,0.00,0.00,0.00,0.00,3841374995.95,6405847280.81,0.00,0.00,0.00,0.00,0,0,0,0
134.00,0.00,0.00,0.00,0.00,0.00,0.00,0.00,0.00,3841374995.95,6405847280.81,0.00,0.00,0.00,0.00,0,0,0,0
136.00,0.00,0.00,0.00,0.00,0.00,0.00,0.00,0.00,3841374995.95,6405847280.81,0.00,0.00,0.00,0.00,0,0,0,0
138.00,0.00,0.00,0.00,0.00,0.00,0.00,0.00,0.00,3841374995.95,6405847280.81,0.00,0.00,0.00,0.00,0,0,0,0
140.00,0.00,0.00,0.00,0.00,0.00,0.00,0.00,0.00,3841374995.95,6405847280.81,0.00,0.00,0.00,0.00,0,0,0,0
142.00,0.00,0.00,0.00,0.00,0.00,0.00,0.00,0.00,3841374995.95,6405847280.81,0.00,0.00,0.00,0.00,0,0,0,0
144.00,0.00,0.00,0.00,0.00,0.00,0.00,0.00,0.00,3841374995.95,6405847280.81,0.00,0.00,0.00,0.00,0,0,0,0
146.00,0.00,0.00,0.00,0.00,0.00,0.00,0.00,0.00,3841374995.95,6405847280.81,0.00,0.00,0.00,0.00,0,0,0,0
148.00,0.00,0.00,0.00,0.00,0.00,0.00,0.00,0.00,3841374995.95,6405847280.81,0.00,0.00,0.00,0.00,0,0,0,0
150.00,0.00,0.00,0.00,0.00,0.00,0.00,0.00,0.00,3841374995.95,6405847280.81,0.00,0.00,0.00,0.00,0,0,0,0
152.00,0.00,0.00,0.00,0.00,0.00,0.00,0.00,0.00,3841374995.95,6405847280.81,0.00,0.00,0.00,0.00,0,0,0,0
154.00,0.00,0.00,0.00,0.00,0.00,0.00,0.00,0.00,3841374995.95,6405847280.81,0.00,0.00,0.00,0.00,0,0,0,0
156.00,0.00,0.00,0.00,0.00,0.00,0.00,0.00,0.00,3841374995.95,6405847280.81,0.00,0.00,0.00,0.00,0,0,0,0
158.00,0.00,0.00,0.00,0.00,0.00,0.00,0.00,0.00,3841374995.95,6405847280.81,0.00,0.00,0.00,0.00,0,0,0,0
160.00,0.00,0.00,0.00,0.00,0.00,0.00,0.00,0.00,3841374995.95,6405847280.81,0.00,0.00,0.00,0.00,0,0,0,0
162.00,0.00,0.00,0.00,0.00,0.00,0.00,0.00,0.00,3841374995.95,6405847280.81,0.00,0.00,0.00,0.00,0,0,0,0
164.00,0.00,0.00,0.00,0.00,0.00,0.00,0.00,0.00,3841374995.95,6405847280.81,0.00,0.00,0.00,0.00,0,0,0,0
166.00,0.00,0.00,0.00,0.00,0.00,0.00,0.00,0.00,3841374995.95,6405847280.81,0.00,0.00,0.00,0.00,0,0,0,0
168.00,0.00,0.00,0.00,0.00,0.00,0.00,0.00,0.00,3841374995.95,6405847280.81,0.00,0.00,0.00,0.00,0,0,0,0
170.00,0.00,0.00,0.00,0.00,0.00,0.00,0.00,0.00,3841374995.95,6405847280.81,0.00,0.00,0.00,0.00,0,0,0,0
172.00,0.00,0.00,0.00,0.00,0.00,0.00,0.00,0.00,3841374995.95,6405847280.81,0.00,0.00,0.00,0.00,0,0,0,0
174.00,0.00,0.00,0.00,0.00,0.00,0.00,0.00,0.00,3841374995.95,6405847280.81,0.00,0.00,0.00,0.00,0,0,0,0
176.00,0.00,0.00,0.00,0.00,0.00,0.00,0.00,0.00,3841374995.95,6405847280.81,0.00,0.00,0.00,0.00,0,0,0,0
178.00,0.00,0.00,0.00,0.00,0.00,0.00,0.00,0.00,3841374995.95,6405847280.81,0.00,0.00,0.00,0.00,0,0,0,0
180.00,0.00,0.00,0.00,0.00,0.00,0.00,0.00,0.00,3841374995.95,6405847280.81,0.00,0.00,0.00,0.00,0,0,0,0
182.00,0.00,0.00,0.00,0.00,0.00,0.00,0.00,0.00,3841374995.95,6405847280.81,0.00,0.00,0.00,0.00,0,0,0,0
184.00,0.00,0.00,0.00,0.00,0.00,0.00,0.00,0.00,3841374995.95,6405847280.81,0.00,0.00,0.00,0.00,0,0,0,0
186.00,0.00,0.00,0.00,0.00,0.00,0.00,0.00,0.00,3841374995.95,6405847280.81,0.00,0.00,0.00,0.00,0,0,0,0
188.00,0.00,0.00,0.00,0.00,0.00,0.00,0.00,0.00,3841374995.95,6405847280.81,0.00,0.00,0.00,0.00,0,0,0,0
190.00,0.00,0.00,0.00,0.00,0.00,0.00,0.00,0.00,3841374995.95,6405847280.81,0.00,0.00,0.00,0.00,0,0,0,0
192.00,0.00,0.00,0.00,0.00,0.00,0.00,0.00,0.00,3841374995.95,6405847280.81,0.00,0.00,0.00,0.00,0,0,0,0
194.00,0.00,0.00,0.00,0.00,0.00,0.00,0.00,0.00,3841374995.95,6405847280.81,0.00,0.00,0.00,0.00,0,0,0,0
196.00,0.00,0.00,0.00,0.00,0.00,0.00,0.00,0.00,3841374995.95,6405847280.81,0.00,0.00,0.00,0.00,0,0,0,0
198.00,0.00,0.00,0.00,0.00,0.00,0.00,0.00,0.00,3841374995.95,6405847280.81,0.00,0.00,0.00,0.00,0,0,0,0
200.00,0.00,0.00,0.00,0.00,0.00,0.00,0.00,0.00,3841374995.95,6405847280.81,0.00,0.00,0.00,0.00,0,0,0,0
202.00,0.00,0.00,0.00,0.00,0.00,0.00,0.00,0.00,3841374995.95,6405847280.81,0.00,0.00,0.00,0.00,0,0,0,0
204.00,0.00,0.00,0.00,0.00,0.00,0.00,0.00,0.00,3841374995.95,6405847280.81,0.00,0.00,0.00,0.00,0,0,0,0
206.00,0.00,0.00,0.00,0.00,0.00,0.00,0.00,0.00,3841374995.95,6405847280.81,0.00,0.00,0.00,0.00,0,0,0,0
208.00,0.00,0.00,0.00,0.00,0.00,0.00,0.00,0.00,3841374995.95,6405847280.81,0.00,0.00,0.00,0.00,0,0,0,0
210.00,0.00,0.00,0.00,0.00,0.00,0.00,0.00,0.00,3841374995.95,6405847280.81,0.00,0.00,0.00,0.00,0,0,0,0
212.00,0.00,0.00,0.00,0.00,0.00,0.00,0.00,0.00,3841374995.95,6405847280.81,0.00,0.00,0.00,0.00,0,0,0,0
214.00,0.00,0.00,0.00,0.00,0.00,0.00,0.00,0.00,3841374995.95,6405847280.81,0.00,0.00,0.00,0.00,0,0,0,0
216.00,0.00,0.00,0.00,0.00,0.00,0.00,0.00,0.00,3841374995.95,6405847280.81,0.00,0.00,0.00,0.00,0,0,0,0
218.00,0.00,0.00,0.00,0.00,0.00,0.00,0.00,0.00,3841374995.95,6405847280.81,0.00,0.00,0.00,0.00,0,0,0,0
220.00,0.00,0.00,0.00,0.00,0.00,0.00,0.00,0.00,3841374995.95,6405847280.81,0.00,0.00,0.00,0.00,0,0,0,0
222.00,0.00,0.00,0.00,0.00,0.00,0.00,0.00,0.00,3841374995.95,6405847280.81,0.00,0.00,0.00,0.00,0,0,0,0
224.00,0.00,0.00,0.00,0.00,0.00,0.00,0.00,0.00,3841374995.95,6405847280.81,0.00,0.00,0.00,0.00,0,0,0,0
226.00,0.00,0.00,0.00,0.00,0.00,0.00,0.00,0.00,3841374995.95,6405847280.81,0.00,0.00,0.00,0.00,0,0,0,0
228.00,0.00,0.00,0.00,0.00,0.00,0.00,0.00,0.00,3841374995.95,6405847280.81,0.00,0.00,0.00,0.00,0,0,0,0
230.00,0.00,0.00,0.00,0.00,0.00,0.00,0.00,0.00,3841374995.95,6405847280.81,0.00,0.00,0.00,0.00,0,0,0,0
232.00,0.00,0.00,0.00,0.00,0.00,0.00,0.00,0.00,3841374995.95,6405847280.81,0.00,0.00,0.00,0.00,0,0,0,0
234.00,0.00,0.00,0.00,0.00,0.00,0.00,0.00,0.00,3841374995.95,6405847280.81,0.00,0.00,0.00,0.00,0,0,0,0
236.00,0.00,0.00,0.00,0.00,0.00,0.00,0.00,0.00,3841374995.95,6405847280.81,0.00,0.00,0.00,0.00,0,0,0,0
238.00,0.00,0.00,0.00,0.00,0.00,0.00,0.00,0.00,3841374995.95,6405847280.81,0.00,0.00,0.00,0.00,0,0,0,0
240.00,0.00,0.00,0.00,0.00,0.00,0.00,0.00,0.00,3841374995.95,6405847280.81,0.00,0.00,0.00,0.00,0,0,0,0
242.00,0.00,0.00,0.00,0.00,0.00,0.00,0.00,0.00,3841374995.95,6405847280.81,0.00,0.00,0.00,0.00,0,0,0,0
244.00,0.00,0.00,0.00,0.00,0.00,0.00,0.00,0.00,3841374995.95,6405847280.81,0.00,0.00,0.00,0.00,0,0,0,0
246.00,0.00,0.00,0.00,0.00,0.00,0.00,0.00,0.00,3841374995.95,6405847280.81,0.00,0.00,0.00,0.00,0,0,0,0
248.00,0.00,0.00,0.00,0.00,0.00,0.00,0.00,0.00,3841374995.95,6405847280.81,0.00,0.00,0.00,0.00,0,0,0,0
250.00,0.00,0.00,0.00,0.00,0.00,0.00,0.00,0.00,3841374995.95,6405847280.81,0.00,0.00,0.00,0.00,0,0,0,0
252.00,0.00,0.00,0.00,0.00,0.00,0.00,0.00,0.00,3841374995.95,6405847280.81,0.00,0.00,0.00,0.00,0,0,0,0
254.00,0.00,0.00,0.00,0.00,0.00,0.00,0.00,0.00,3841374995.95,6405847280.81,0.00,0.00,0.00,0.00,0,0,0,0
256.00,0.00,0.00,0.00,0.00,0.00,0.00,0.00,0.00,3841374995.95,6405847280.81,0.00,0.00,0.00,0.00,0,0,0,0
258.00,0.00,0.00,0.00,0.00,0.00,0.00,0.00,0.00,3841374995.95,6405847280.81,0.00,0.00,0.00,0.00,0,0,0,0
260.00,0.00,0.00,0.00,0.00,0.00,0.00,0.00,0.00,3841374995.95,6405847280.81,0.00,0.00,0.00,0.00,0,0,0,0
262.00,0.00,0.00,0.00,0.00,0.00,0.00,0.00,0.00,3841374995.95,6405847280.81,0.00,0.00,0.00,0.00,0,0,0,0
264.00,0.00,0.00,0.00,0.00,0.00,0.00,0.00,0.00,3841374995.95,6405847280.81,0.00,0.00,0.00,0.00,0,0,0,0
266.00,0.00,0.00,0.00,0.00,0.00,0.00,0.00,0.00,3841374995.95,6405847280.81,0.00,0.00,0.00,0.00,0,0,0,0
268.00,0.00,0.00,0.00,0.00,0.00,0.00,0.00,0.00,3841374995.95,6405847280.81,0.00,0.00,0.00,0.00,0,0,0,0
270.00,0.00,0.00,0.00,0.00,0.00,0.00,0.00,0.00,3841374995.95,6405847280.81,0.00,0.00,0.00,0.00,0,0,0,0
272.00,0.00,0.00,0.00,0.00,0.00,0.00,0.00,0.00,3841374995.95,6405847280.81,0.00,0.00,0.00,0.00,0,0,0,0
274.00,0.00,0.00,0.00,0.00,0.00,0.00,0.00,0.00,3841374995.95,6405847280.81,0.00,0.00,0.00,0.00,0,0,0,0
276.00,0.00,0.00,0.00,0.00,0.00,0.00,0.00,0.00,3841374995.95,6405847280.81,0.00,0.00,0.00,0.00,0,0,0,0
278.00,0.00,0.00,0.00,0.00,0.00,0.00,0.00,0.00,3841374995.95,6405847280.81,0.00,0.00,0.00,0.00,0,0,0,0
280.00,0.00,0.00,0.00,0.00,0.00,0.00,0.00,0.00,3841374995.95,6405847280.81,0.00,0.00,0.00,0.00,0,0,0,0
282.00,0.00,0.00,0.00,0.00,0.00,0.00,0.00,0.00,3841374995.95,6405847280.81,0.00,0.00,0.00,0.00,0,0,0,0
284.00,0.00,0.00,0.00,0.00,0.00,0.00,0.00,0.00,3841374995.95,6405847280.81,0.00,0.00,0.00,0.00,0,0,0,0
286.00,0.00,0.00,0.00,0.00,0.00,0.00,0.00,0.00,3841374995.95,6405847280.81,0.00,0.00,0.00,0.00,0,0,0,0
288.00,0.00,0.00,0.00,0.00,0.00,0.00,0.00,0.00,3841374995.95,6406723608.60,0.00,876327.79,0.00,0.00,0,0,0,0
290.00,0.00,0.00,0.00,0.00,0.00,0.00,0.00,0.00,3841374995.95,6406723608.60,0.00,0.00,0.00,0.00,0,0,0,0
292.00,0.00,0.00,0.00,0.00,0.00,0.00,0.00,0.00,3841374995.95,6406723608.60,0.00,0.00,0.00,0.00,0,0,0,0
294.00,0.00,0.00,0.00,0.00,0.00,0.00,0.00,0.00,3841374995.95,6406723608.60,0.00,0.00,0.00,0.00,0,0,0,0
296.00,0.00,0.00,0.00,0.00,0.00,0.00,0.00,0.00,3841374995.95,6406723608.60,0.00,0.00,0.00,0.00,0,0,0,0
298.00,0.00,0.00,0.00,0.00,0.00,0.00,0.00,0.00,3841374995.95,6406723608.60,0.00,0.00,0.00,0.00,0,0,0,0
300.00,0.00,0.00,0.00,0.00,0.00,0.00,0.00,0.00,3841374995.95,6406723608.60,0.00,0.00,0.00,0.00,0,0,0,0
302.00,0.00,0.00,0.00,0.00,0.00,0.00,0.00,0.00,3841374995.95,6406723608.60,0.00,0.00,0.00,0.00,0,0,0,0
304.00,0.00,0.00,0.00,0.00,0.00,0.00,0.00,0.00,3841374995.95,6406723608.60,0.00,0.00,0.00,0.00,0,0,0,0
306.00,0.00,0.00,0.00,0.00,0.00,0.00,0.00,0.00,3841374995.95,6406723608.60,0.00,0.00,0.00,0.00,0,0,0,0
308.00,0.00,0.00,0.00,0.00,0.00,0.00,0.00,0.00,3841374995.95,6406723608.60,0.00,0.00,0.00,0.00,0,0,0,0
310.00,0.00,0.00,0.00,0.00,0.00,0.00,0.00,0.00,3841374995.95,6406723608.60,0.00,0.00,0.00,0.00,0,0,0,0
312.00,0.00,0.00,0.00,0.00,0.00,0.00,0.00,0.00,3841374995.95,6406723608.60,0.00,0.00,0.00,0.00,0,0,0,0
314.00,0.00,0.00,0.00,0.00,0.00,0.00,0.00,0.00,3841374995.95,6406723608.60,0.00,0.00,0.00,0.00,0,0,0,0
316.00,0.00,0.00,0.00,0.00,0.00,0.00,0.00,0.00,3841374995.95,6406723608.60,0.00,0.00,0.00,0.00,0,0,0,0
318.00,0.00,0.00,0.00,0.00,0.00,0.00,0.00,0.00,3841374995.95,6406723608.60,0.00,0.00,0.00,0.00,0,0,0,0
320.00,0.00,0.00,0.00,0.00,0.00,0.00,0.00,0.00,3841374995.95,6406723608.60,0.00,0.00,0.00,0.00,0,0,0,0
322.00,0.00,0.00,0.00,0.00,0.00,0.00,0.00,0.00,3841374995.95,6406723608.60,0.00,0.00,0.00,0.00,0,0,0,0
324.00,0.00,0.00,0.00,0.00,0.00,0.00,0.00,0.00,3841374995.95,6406723608.60,0.00,0.00,0.00,0.00,0,0,0,0
326.00,0.00,0.00,0.00,0.00,0.00,0.00,0.00,0.00,3841374995.95,6406723608.60,0.00,0.00,0.00,0.00,0,0,0,0
328.00,0.00,0.00,0.00,0.00,0.00,0.00,0.00,0.00,3841374995.95,6406723608.60,0.00,0.00,0.00,0.00,0,0,0,0
330.00,0.00,0.00,0.00,0.00,0.00,0.00,0.00,0.00,3841374995.95,6406723608.60,0.00,0.00,0.00,0.00,0,0,0,0
332.00,0.00,0.00,0.00,0.00,0.00,0.00,0.00,0.00,3841374995.95,6406723608.60,0.00,0.00,0.00,0.00,0,0,0,0
334.00,0.00,0.00,0.00,0.00,0.00,0.00,0.00,0.00,3841374995.95,6406723608.60,0.00,0.00,0.00,0.00,0,0,0,0
336.00,0.00,0.00,0.00,0.00,0.00,0.00,0.00,0.00,3841374995.95,6406723608.60,0.00,0.00,0.00,0.00,0,0,0,0
338.00,0.00,0.00,0.00,0.00,0.00,0.00,0.00,0.00,3841374995.95,6406723608.60,0.00,0.00,0.00,0.00,0,0,0,0
340.00,0.00,0.00,0.00,0.00,0.00,0.00,0.00,0.00,3841374995.95,6406723608.60,0.00,0.00,0.00,0.00,0,0,0,0
342.00,0.00,0.00,0.00,0.00,0.00,0.00,0.00,0.00,3841374995.95,6406723608.60,0.00,0.00,0.00,0.00,0,0,0,0
344.00,0.00,0.00,0.00,0.00,0.00,0.00,0.00,0.00,3841374995.95,6406723608.60,0.00,0.00,0.00,0.00,0,0,0,0
346.00,0.00,0.00,0.00,0.00,0.00,0.00,0.00,0.00,3841374995.95,6406723608.60,0.00,0.00,0.00,0.00,0,0,0,0
348.00,0.00,0.00,0.00,0.00,0.00,0.00,0.00,0.00,3841374995.95,6406723608.60,0.00,0.00,0.00,0.00,0,0,0,0
350.00,0.00,0.00,0.00,0.00,0.00,0.00,0.00,0.00,3841374995.95,6406723608.60,0.00,0.00,0.00,0.00,0,0,0,0
352.00,0.00,0.00,0.00,0.00,0.00,0.00,0.00,0.00,3841374995.95,6406723608.60,0.00,0.00,0.00,0.00,0,0,0,0
354.00,0.00,0.00,0.00,0.00,0.00,0.00,0.00,0.00,3841374995.95,6406723608.60,0.00,0.00,0.00,0.00,0,0,0,0
356.00,0.00,0.00,0.00,0.00,0.00,0.00,0.00,0.00,3841374995.95,6406723608.60,0.00,0.00,0.00,0.00,0,0,0,0
358.00,0.00,0.00,0.00,0.00,0.00,0.00,0.00,0.00,3841374995.95,6406723608.60,0.00,0.00,0.00,0.00,0,0,0,0
360.00,0.00,0.00,0.00,0.00,0.00,0.00,0.00,0.00,3841374995.95,6406723608.60,0.00,0.00,0.00,0.00,0,0,0,0
362.00,0.00,0.00,0.00,0.00,0.00,0.00,0.00,0.00,3841374995.95,6406723608.60,0.00,0.00,0.00,0.00,0,0,0,0
364.00,0.00,0.00,0.00,0.00,0.00,0.00,0.00,0.00,3841374995.95,6406723608.60,0.00,0.00,0.00,0.00,0,0,0,0
366.00,0.00,0.00,0.00,0.00,0.00,0.00,0.00,0.00,3841374995.95,6406723608.60,0.00,0.00,0.00,0.00,0,0,0,0
368.00,0.00,0.00,0.00,0.00,0.00,0.00,0.00,0.00,3841374995.95,6406723608.60,0.00,0.00,0.00,0.00,0,0,0,0
370.00,0.00,0.00,0.00,0.00,0.00,0.00,0.00,0.00,3841374995.95,6406723608.60,0.00,0.00,0.00,0.00,0,0,0,0
372.00,0.00,0.00,0.00,0.00,0.00,0.00,0.00,0.00,3841374995.95,6406723608.60,0.00,0.00,0.00,0.00,0,0,0,0
374.00,0.00,0.00,0.00,0.00,0.00,0.00,0.00,0.00,3841374995.95,6406723608.60,0.00,0.00,0.00,0.00,0,0,0,0
376.00,0.00,0.00,0.00,0.00,0.00,0.00,0.00,0.00,3841374995.95,6406723608.60,0.00,0.00,0.00,0.00,0,0,0,0
378.00,0.00,0.00,0.00,0.00,0.00,0.00,0.00,0.00,3841374995.95,6406723608.60,0.00,0.00,0.00,0.00,0,0,0,0
380.00,0.00,0.00,0.00,0.00,0.00,0.00,0.00,0.00,3841374995.95,6406723608.60,0.00,0.00,0.00,0.00,0,0,0,0
382.00,0.00,0.00,0.00,0.00,0.00,0.00,0.00,0.00,3841374995.95,6406723608.60,0.00,0.00,0.00,0.00,0,0,0,0
384.00,0.00,0.00,0.00,0.00,0.00,0.00,0.00,0.00,3841374995.95,6406723608.60,0.00,0.00,0.00,0.00,0,0,0,0
386.00,0.00,0.00,0.00,0.00,0.00,0.00,0.00,0.00,3841374995.95,6406723608.60,0.00,0.00,0.00,0.00,0,0,0,0
388.00,0.00,0.00,0.00,0.00,0.00,0.00,0.00,0.00,3841374995.95,6406723608.60,0.00,0.00,0.00,0.00,0,0,0,0
390.00,0.00,0.00,0.00,0.00,0.00,0.00,0.00,0.00,3841374995.95,6406723608.60,0.00,0.00,0.00,0.00,0,0,0,0
392.00,0.00,0.00,0.00,0.00,0.00,0.00,0.00,0.00,3841374995.95,6406723608.60,0.00,0.00,0.00,0.00,0,0,0,0
394.00,0.00,0.00,0.00,0.00,0.00,0.00,0.00,0.00,3841374995.95,6406723608.60,0.00,0.00,0.00,0.00,0,0,0,0
396.00,0.00,0.00,0.00,0.00,0.00,0.00,0.00,0.00,3841374995.95,6406723608.60,0.00,0.00,0.00,0.00,0,0,0,0
398.00,0.00,0.00,0.00,0.00,0.00,0.00,0.00,0.00,3841374995.95,6406723608.60,0.00,0.00,0.00,0.00,0,0,0,0
400.00,0.00,0.00,0.00,0.00,0.00,0.00,0.00,0.00,3841374995.95,6406723608.60,0.00,0.00,0.00,0.00,0,0,0,0
402.00,0.00,0.00,0.00,0.00,0.00,0.00,0.00,0.00,3841374995.95,6406723608.60,0.00,0.00,0.00,0.00,0,0,0,0
404.00,0.00,0.00,0.00,0.00,0.00,0.00,0.00,0.00,3841374995.95,6406723608.60,0.00,0.00,0.00,0.00,0,0,0,0
406.00,0.00,0.00,0.00,0.00,0.00,0.00,0.00,0.00,3841374995.95,6406723608.60,0.00,0.00,0.00,0.00,0,0,0,0
408.00,0.00,0.00,0.00,0.00,0.00,0.00,0.00,0.00,3841374995.95,6406723608.60,0.00,0.00,0.00,0.00,0,0,0,0
410.00,0.00,0.00,0.00,0.00,0.00,0.00,0.00,0.00,3841374995.95,6406723608.60,0.00,0.00,0.00,0.00,0,0,0,0
412.00,0.00,0.00,0.00,0.00,0.00,0.00,0.00,0.00,3841374995.95,6406723608.60,0.00,0.00,0.00,0.00,0,0,0,0
414.00,0.00,0.00,0.00,0.00,0.00,0.00,0.00,0.00,3841374995.95,6406723608.60,0.00,0.00,0.00,0.00,0,0,0,0
416.00,0.00,0.00,0.00,0.00,0.00,0.00,0.00,0.00,3841374995.95,6406723608.60,0.00,0.00,0.00,0.00,0,0,0,0
418.00,0.00,0.00,0.00,0.00,0.00,0.00,0.00,0.00,3841374995.95,6406723608.60,0.00,0.00,0.00,0.00,0,0,0,0
420.00,0.00,0.00,0.00,0.00,0.00,0.00,0.00,0.00,3841374995.95,6406723608.60,0.00,0.00,0.00,0.00,0,0,0,0
422.00,0.00,0.00,0.00,0.00,0.00,0.00,0.00,0.00,3841374995.95,6406723608.60,0.00,0.00,0.00,0.00,0,0,0,0
424.00,0.00,0.00,0.00,0.00,0.00,0.00,0.00,0.00,3841374995.95,6406723608.60,0.00,0.00,0.00,0.00,0,0,0,0
426.00,0.00,0.00,0.00,0.00,0.00,0.00,0.00,0.00,3841374995.95,6406723608.60,0.00,0.00,0.00,0.00,0,0,0,0
428.00,0.00,0.00,0.00,0.00,0.00,0.00,0.00,0.00,3841374995.95,6406723608.60,0.00,0.00,0.00,0.00,0,0,0,0
430.00,0.00,0.00,0.00,0.00,0.00,0.00,0.00,0.00,3841374995.95,6406723608.60,0.00,0.00,0.00,0.00,0,0,0,0
432.00,0.00,0.00,0.00,0.00,0.00,0.00,0.00,0.00,3841374995.95,6406723608.60,0.00,0.00,0.00,0.00,0,0,0,0
434.00,0.00,0.00,0.00,0.00,0.00,0.00,0.00,0.00,3841374995.95,6406723608.60,0.00,0.00,0.00,0.00,0,0,0,0
436.00,0.00,0.00,0.00,0.00,0.00,0.00,0.00,0.00,3841374995.95,6406723608.60,0.00,0.00,0.00,0.00,0,0,0,0
438.00,0.00,0.00,0.00,0.00,0.00,0.00,0.00,0.00,3841374995.95,6406723608.60,0.00,0.00,0.00,0.00,0,0,0,0
440.00,0.00,0.00,0.00,0.00,0.00,0.00,0.00,0.00,3841374995.95,6406723608.60,0.00,0.00,0.00,0.00,0,0,0,0
442.00,0.00,0.00,0.00,0.00,0.00,0.00,0.00,0.00,3841374995.95,6406723608.60,0.00,0.00,0.00,0.00,0,0,0,0
444.00,0.00,0.00,0.00,0.00,0.00,0.00,0.00,0.00,3841374995.95,6406723608.60,0.00,0.00,0.00,0.00,0,0,0,0
446.00,0.00,0.00,0.00,0.00,0.00,0.00,0.00,0.00,3841374995.95,6406723608.60,0.00,0.00,0.00,0.00,0,0,0,0
448.00,0.00,0.00,0.00,0.00,0.00,0.00,0.00,0.00,3841374995.95,6406723608.60,0.00,0.00,0.00,0.00,0,0,0,0
450.00,0.00,0.00,0.00,0.00,0.00,0.00,0.00,0.00,3841374995.95,6406723608.60,0.00,0.00,0.00,0.00,0,0,0,0
452.00,0.00,0.00,0.00,0.00,0.00,0.00,0.00,0.00,3841374995.95,6406723608.60,0.00,0.00,0.00,0.00,0,0,0,0
454.00,0.00,0.00,0.00,0.00,0.00,0.00,0.00,0.00,3841374995.95,6406723608.60,0.00,0.00,0.00,0.00,0,0,0,0
456.00,0.00,0.00,0.00,0.00,0.00,0.00,0.00,0.00,3841374995.95,6406723608.60,0.00,0.00,0.00,0.00,0,0,0,0
458.00,0.00,0.00,0.00,0.00,0.00,0.00,0.00,0.00,3841374995.95,6406723608.60,0.00,0.00,0.00,0.00,0,0,0,0
460.00,0.00,0.00,0.00,0.00,0.00,0.00,0.00,0.00,3841374995.95,6406723608.60,0.00,0.00,0.00,0.00,0,0,0,0
462.00,0.00,0.00,0.00,0.00,0.00,0.00,0.00,0.00,3841374995.95,6406723608.60,0.00,0.00,0.00,0.00,0,0,0,0
464.00,0.00,0.00,0.00,0.00,0.00,0.00,0.00,0.00,3841374995.95,6406723608.60,0.00,0.00,0.00,0.00,0,0,0,0
466.00,0.00,0.00,0.00,0.00,0.00,0.00,0.00,0.00,3841374995.95,6406723608.60,0.00,0.00,0.00,0.00,0,0,0,0
468.00,0.00,0.00,0.00,0.00,0.00,0.00,0.00,0.00,3841374995.95,6406723608.60,0.00,0.00,0.00,0.00,0,0,0,0
470.00,0.00,0.00,0.00,0.00,0.00,0.00,0.00,0.00,3841374995.95,6406723608.60,0.00,0.00,0.00,0.00,0,0,0,0
472.00,0.00,0.00,0.00,0.00,0.00,0.00,0.00,0.00,3841374995.95,6406723608.60,0.00,0.00,0.00,0.00,0,0,0,0
474.00,0.00,0.00,0.00,0.00,0.00,0.00,0.00,0.00,3841374995.95,6406723608.60,0.00,0.00,0.00,0.00,0,0,0,0
476.00,0.00,0.00,0.00,0.00,0.00,0.00,0.00,0.00,3841374995.95,6406723608.60,0.00,0.00,0.00,0.00,0,0,0,0
478.00,0.00,0.00,0.00,0.00,0.00,0.00,0.00,0.00,3841374995.95,6406723608.60,0.00,0.00,0.00,0.00,0,0,0,0
480.00,0.00,0.00,0.00,0.00,0.00,0.00,0.00,0.00,3841374995.95,6406723608.60,0.00,0.00,0.00,0.00,0,0,0,0
482.00,0.00,0.00,0.00,0.00,0.00,0.00,0.00,0.00,3841374995.95,6406723608.60,0.00,0.00,0.00,0.00,0,0,0,0
484.00,0.00,0.00,0.00,0.00,0.00,0.00,0.00,0.00,3841374995.95,6406723608.60,0.00,0.00,0.00,0.00,0,0,0,0
486.00,0.00,0.00,0.00,0.00,0.00,0.00,0.00,0.00,3841374995.95,6406723608.60,0.00,0.00,0.00,0.00,0,0,0,0
488.00,0.00,0.00,0.00,0.00,0.00,0.00,0.00,0.00,3841374995.95,6406723608.60,0.00,0.00,0.00,0.00,0,0,0,0
490.00,0.00,0.00,0.00,0.00,0.00,0.00,0.00,0.00,3841374995.95,6406723608.60,0.00,0.00,0.00,0.00,0,0,0,0
492.00,0.00,0.00,0.00,0.00,0.00,0.00,0.00,0.00,3841374995.95,6406723608.60,0.00,0.00,0.00,0.00,0,0,0,0
494.00,0.00,0.00,0.00,0.00,0.00,0.00,0.00,0.00,3841374995.95,6406723608.60,0.00,0.00,0.00,0.00,0,0,0,0
496.00,0.00,0.00,0.00,0.00,0.00,0.00,0.00,0.00,3841374995.95,6406723608.60,0.00,0.00,0.00,0.00,0,0,0,0
498.00,0.00,0.00,0.00,0.00,0.00,0.00,0.00,0.00,3841374995.95,6406723608.60,0.00,0.00,0.00,0.00,0,0,0,0
500.00,0.00,0.00,0.00,0.00,0.00,0.00,0.00,0.00,3841374995.95,6406723608.60,0.00,0.00,0.00,0.00,0,0,0,0
502.00,0.00,0.00,0.00,0.00,0.00,0.00,0.00,0.00,3841374995.95,6406723608.60,0.00,0.00,0.00,0.00,0,0,0,0
504.00,0.00,0.00,0.00,0.00,0.00,0.00,0.00,0.00,3841374995.95,6406723608.60,0.00,0.00,0.00,0.00,0,0,0,0
506.00,0.00,0.00,0.00,0.00,0.00,0.00,0.00,0.00,3841374995.95,6406723608.60,0.00,0.00,0.00,0.00,0,0,0,0
508.00,0.00,0.00,0.00,0.00,0.00,0.00,0.00,0.00,3841374995.95,6406723608.60,0.00,0.00,0.00,0.00,0,0,0,0
510.00,0.00,0.00,0.00,0.00,0.00,0.00,0.00,0.00,3841374995.95,6406723608.60,0.00,0.00,0.00,0.00,0,0,0,0
512.00,0.00,0.00,0.00,0.00,0.00,0.00,0.00,0.00,3841374995.95,6406723608.60,0.00,0.00,0.00,0.00,0,0,0,0
514.00,0.00,0.00,0.00,0.00,0.00,0.00,0.00,0.00,3841374995.95,6406723608.60,0.00,0.00,0.00,0.00,0,0,0,0
516.00,0.00,0.00,0.00,0.00,0.00,0.00,0.00,0.00,3841374995.95,6406723608.60,0.00,0.00,0.00,0.00,0,0,0,0
518.00,0.00,0.00,0.00,0.00,0.00,0.00,0.00,0.00,3841374995.95,6406723608.60,0.00,0.00,0.00,0.00,0,0,0,0
520.00,0.00,0.00,0.00,0.00,0.00,0.00,0.00,0.00,3841374995.95,6406723608.60,0.00,0.00,0.00,0.00,0,0,0,0
522.00,0.00,0.00,0.00,0.00,0.00,0.00,0.00,0.00,3841374995.95,6406723608.60,0.00,0.00,0.00,0.00,0,0,0,0
524.00,0.00,0.00,0.00,0.00,0.00,0.00,0.00,0.00,3841374995.95,6406723608.60,0.00,0.00,0.00,0.00,0,0,0,0
526.00,0.00,0.00,0.00,0.00,0.00,0.00,0.00,0.00,3841374995.95,6406723608.60,0.00,0.00,0.00,0.00,0,0,0,0
528.00,0.00,0.00,0.00,0.00,0.00,0.00,0.00,0.00,3841374995.95,6406723608.60,0.00,0.00,0.00,0.00,0,0,0,0
530.00,0.00,0.00,0.00,0.00,0.00,0.00,0.00,0.00,3841374995.95,6406723608.60,0.00,0.00,0.00,0.00,0,0,0,0
532.00,0.00,0.00,0.00,0.00,0.00,0.00,0.00,0.00,3841374995.95,6406723608.60,0.00,0.00,0.00,0.00,0,0,0,0
534.00,0.00,0.00,0.00,0.00,0.00,0.00,0.00,0.00,3841374995.95,6406723608.60,0.00,0.00,0.00,0.00,0,0,0,0
536.00,0.00,0.00,0.00,0.00,0.00,0.00,0.00,0.00,3841374995.95,6406723608.60,0.00,0.00,0.00,0.00,0,0,0,0
538.00,0.00,0.00,0.00,0.00,0.00,0.00,0.00,0.00,3841374995.95,6406723608.60,0.00,0.00,0.00,0.00,0,0,0,0
540.00,0.00,0.00,0.00,0.00,0.00,0.00,0.00,0.00,3841374995.95,6406723608.60,0.00,0.00,0.00,0.00,0,0,0,0
542.00,0.00,0.00,0.00,0.00,0.00,0.00,0.00,0.00,3841374995.95,6406723608.60,0.00,0.00,0.00,0.00,0,0,0,0
544.00,0.00,0.00,0.00,0.00,0.00,0.00,0.00,0.00,3841374995.95,6406723608.60,0.00,0.00,0.00,0.00,0,0,0,0
546.00,0.00,0.00,0.00,0.00,0.00,0.00,0.00,0.00,3841374995.95,6406723608.60,0.00,0.00,0.00,0.00,0,0,0,0
548.00,0.00,0.00,0.00,0.00,0.00,0.00,0.00,0.00,3841374995.95,6406723608.60,0.00,0.00,0.00,0.00,0,0,0,0
550.00,0.00,0.00,0.00,0.00,0.00,0.00,0.00,0.00,3841374995.95,6406723608.60,0.00,0.00,0.00,0.00,0,0,0,0
552.00,0.00,0.00,0.00,0.00,0.00,0.00,0.00,0.00,3841374995.95,6406723608.60,0.00,0.00,0.00,0.00,0,0,0,0
554.00,0.00,0.00,0.00,0.00,0.00,0.00,0.00,0.00,3841374995.95,6406723608.60,0.00,0.00,0.00,0.00,0,0,0,0
556.00,0.00,0.00,0.00,0.00,0.00,0.00,0.00,0.00,3841374995.95,6406723608.60,0.00,0.00,0.00,0.00,0,0,0,0
558.00,0.00,0.00,0.00,0.00,0.00,0.00,0.00,0.00,3841374995.95,6406723608.60,0.00,0.00,0.00,0.00,0,0,0,0
560.00,0.00,0.00,0.00,0.00,0.00,0.00,0.00,0.00,3841374995.95,6406723608.60,0.00,0.00,0.00,0.00,0,0,0,0
562.00,0.00,0.00,0.00,0.00,0.00,0.00,0.00,0.00,3841374995.95,6406723608.60,0.00,0.00,0.00,0.00,0,0,0,0
564.00,0.00,0.00,0.00,0.00,0.00,0.00,0.00,0.00,3841374995.95,6406723608.60,0.00,0.00,0.00,0.00,0,0,0,0
566.00,0.00,0.00,0.00,0.00,0.00,0.00,0.00,0.00,3841374995.95,6406723608.60,0.00,0.00,0.00,0.00,0,0,0,0
568.00,0.00,0.00,0.00,0.00,0.00,0.00,0.00,0.00,3841374995.95,6406723608.60,0.00,0.00,0.00,0.00,0,0,0,0
570.00,0.00,0.00,0.00,0.00,0.00,0.00,0.00,0.00,3841374995.95,6406723608.60,0.00,0.00,0.00,0.00,0,0,0,0
572.00,0.00,0.00,0.00,0.00,0.00,0.00,0.00,0.00,3841374995.95,6406723608.60,0.00,0.00,0.00,0.00,0,0,0,0
574.00,0.00,0.00,0.00,0.00,0.00,0.00,0.00,0.00,3841374995.95,6406723608.60,0.00,0.00,0.00,0.00,0,0,0,0
576.00,0.00,0.00,0.00,0.00,0.00,0.00,0.00,0.00,3841374995.95,6406723608.60,0.00,0.00,0.00,0.00,0,0,0,0
578.00,0.00,0.00,0.00,0.00,0.00,0.00,0.00,0.00,3841374995.95,6406723608.60,0.00,0.00,0.00,0.00,0,0,0,0
580.00,0.00,0.00,0.00,0.00,0.00,0.00,0.00,0.00,3841374995.95,6406723608.60,0.00,0.00,0.00,0.00,0,0,0,0
582.00,0.00,0.00,0.00,0.00,0.00,0.00,0.00,0.00,3841374995.95,6406723608.60,0.00,0.00,0.00,0.00,0,0,0,0
584.00,0.00,0.00,0.00,0.00,0.00,0.00,0.00,0.00,3841374995.95,6406723608.60,0.00,0.00,0.00,0.00,0,0,0,0
586.00,0.00,0.00,0.00,0.00,0.00,0.00,0.00,0.00,3841374995.95,6406723608.60,0.00,0.00,0.00,0.00,0,0,0,0
588.00,0.00,0.00,0.00,0.00,0.00,0.00,0.00,0.00,3841374995.95,6406723608.60,0.00,0.00,0.00,0.00,0,0,0,0
590.00,0.00,0.00,0.00,0.00,0.00,0.00,0.00,0.00,3841374995.95,6406723608.60,0.00,0.00,0.00,0.00,0,0,0,0
592.00,0.00,0.00,0.00,0.00,0.00,0.00,0.00,0.00,3841374995.95,6406723608.60,0.00,0.00,0.00,0.00,0,0,0,0
594.00,0.00,0.00,0.00,0.00,0.00,0.00,0.00,0.00,3841374995.95,6406723608.60,0.00,0.00,0.00,0.00,0,0,0,0
596.00,0.00,0.00,0.00,0.00,0.00,0.00,0.00,0.00,3841374995.95,6406723608.60,0.00,0.00,0.00,0.00,0,0,0,0
598.00,0.00,0.00,0.00,0.00,0.00,0.00,0.00,0.00,3841374995.95,6406723608.60,0.00,0.00,0.00,0.00,0,0,0,0
600.00,0.00,0.00,0.00,0.00,0.00,0.00,0.00,0.00,3841374995.95,6406723608.60,0.00,0.00,0.00,0.00,0,0,0,0
602.00,0.00,0.00,0.00,0.00,0.00,0.00,0.00,0.00,3841374995.95,6406723608.60,0.00,0.00,0.00,0.00,0,0,0,0
604.00,0.00,0.00,0.00,0.00,0.00,0.00,0.00,0.00,3841374995.95,6406723608.60,0.00,0.00,0.00,0.00,0,0,0,0
606.00,0.00,0.00,0.00,0.00,0.00,0.00,0.00,0.00,3841374995.95,6406723608.60,0.00,0.00,0.00,0.00,0,0,0,0
608.00,0.00,0.00,0.00,0.00,0.00,0.00,0.00,0.00,3841374995.95,6406723608.60,0.00,0.00,0.00,0.00,0,0,0,0
610.00,0.00,0.00,0.00,0.00,0.00,0.00,0.00,0.00,3841374995.95,6406723608.60,0.00,0.00,0.00,0.00,0,0,0,0
612.00,0.00,0.00,0.00,0.00,0.00,0.00,0.00,0.00,3841374995.95,6406723608.60,0.00,0.00,0.00,0.00,0,0,0,0
614.00,0.00,0.00,0.00,0.00,0.00,0.00,0.00,0.00,3841374995.95,6406723608.60,0.00,0.00,0.00,0.00,0,0,0,0
616.00,0.00,0.00,0.00,0.00,0.00,0.00,0.00,0.00,3841374995.95,6406723608.60,0.00,0.00,0.00,0.00,0,0,0,0
618.00,0.00,0.00,0.00,0.00,0.00,0.00,0.00,0.00,3841374995.95,6406723608.60,0.00,0.00,0.00,0.00,0,0,0,0
620.00,0.00,0.00,0.00,0.00,0.00,0.00,0.00,0.00,3841374995.95,6406723608.60,0.00,0.00,0.00,0.00,0,0,0,0
622.00,0.00,0.00,0.00,0.00,0.00,0.00,0.00,0.00,3841374995.95,6406723608.60,0.00,0.00,0.00,0.00,0,0,0,0
624.00,0.00,0.00,0.00,0.00,0.00,0.00,0.00,0.00,3841374995.95,6406723608.60,0.00,0.00,0.00,0.00,0,0,0,0
626.00,0.00,0.00,0.00,0.00,0.00,0.00,0.00,0.00,3841374995.95,6406723608.60,0.00,0.00,0.00,0.00,0,0,0,0
628.00,0.00,0.00,0.00,0.00,0.00,0.00,0.00,0.00,3841374995.95,6406723608.60,0.00,0.00,0.00,0.00,0,0,0,0
630.00,0.00,0.00,0.00,0.00,0.00,0.00,0.00,0.00,3841374995.95,6406723608.60,0.00,0.00,0.00,0.00,0,0,0,0
632.00,0.00,0.00,0.00,0.00,0.00,0.00,0.00,0.00,3841374995.95,6406723608.60,0.00,0.00,0.00,0.00,0,0,0,0
634.00,0.00,0.00,0.00,0.00,0.00,0.00,0.00,0.00,3841374995.95,6406723608.60,0.00,0.00,0.00,0.00,0,0,0,0
636.00,0.00,0.00,0.00,0.00,0.00,0.00,0.00,0.00,3841374995.95,6406723608.60,0.00,0.00,0.00,0.00,0,0,0,0
638.00,0.00,0.00,0.00,0.00,0.00,0.00,0.00,0.00,3841374995.95,6406723608.60,0.00,0.00,0.00,0.00,0,0,0,0
640.00,0.00,0.00,0.00,0.00,0.00,0.00,0.00,0.00,3841374995.95,6406723608.60,0.00,0.00,0.00,0.00,0,0,0,0
642.00,0.00,0.00,0.00,0.00,0.00,0.00,0.00,0.00,3841374995.95,6406723608.60,0.00,0.00,0.00,0.00,0,0,0,0
644.00,0.00,0.00,0.00,0.00,0.00,0.00,0.00,0.00,3841374995.95,6406723608.60,0.00,0.00,0.00,0.00,0,0,0,0
646.00,0.00,0.00,0.00,0.00,0.00,0.00,0.00,0.00,3841374995.95,6406723608.60,0.00,0.00,0.00,0.00,0,0,0,0
648.00,0.00,0.00,0.00,0.00,0.00,0.00,0.00,0.00,3841374995.95,6406723608.60,0.00,0.00,0.00,0.00,0,0,0,0
650.00,0.00,0.00,0.00,0.00,0.00,0.00,0.00,0.00,3841374995.95,6406723608.60,0.00,0.00,0.00,0.00,0,0,0,0
652.00,0.00,0.00,0.00,0.00,0.00,0.00,0.00,0.00,3841374995.95,6406723608.60,0.00,0.00,0.00,0.00,0,0,0,0
654.00,0.00,0.00,0.00,0.00,0.00,0.00,0.00,0.00,3841374995.95,6406723608.60,0.00,0.00,0.00,0.00,0,0,0,0
656.00,0.00,0.00,0.00,0.00,0.00,0.00,0.00,0.00,3841374995.95,6406723608.60,0.00,0.00,0.00,0.00,0,0,0,0
658.00,0.00,0.00,0.00,0.00,0.00,0.00,0.00,0.00,3841374995.95,6406723608.60,0.00,0.00,0.00,0.00,0,0,0,0
660.00,0.00,0.00,0.00,0.00,0.00,0.00,0.00,0.00,3841374995.95,6406723608.60,0.00,0.00,0.00,0.00,0,0,0,0
662.00,0.00,0.00,0.00,0.00,0.00,0.00,0.00,0.00,3841374995.95,6406723608.60,0.00,0.00,0.00,0.00,0,0,0,0
664.00,0.00,0.00,0.00,0.00,0.00,0.00,0.00,0.00,3841374995.95,6406723608.60,0.00,0.00,0.00,0.00,0,0,0,0
666.00,0.00,0.00,0.00,0.00,0.00,0.00,0.00,0.00,3841374995.95,6406723608.60,0.00,0.00,0.00,0.00,0,0,0,0
668.00,0.00,0.00,0.00,0.00,0.00,0.00,0.00,0.00,3841374995.95,6406723608.60,0.00,0.00,0.00,0.00,0,0,0,0
670.00,540.91,540.91,0.00,0.00,540.91,540.91,0.00,0.00,3841374995.95,6406723608.60,0.00,0.00,0.00,0.00,120867,17606,0,0
672.00,3278.70,3278.70,0.00,0.00,2737.79,2737.79,0.00,0.00,3841374995.95,6406723608.60,0.00,0.00,0.00,0.00,512227,327121,0,0
674.00,6121.55,6121.55,0.00,0.00,2842.85,2842.85,0.00,0.00,3841374995.95,6406723608.60,0.00,0.00,0.00,0.00,1085690,481427,0,0
676.00,8899.03,8899.03,0.00,0.00,2777.48,2777.48,0.00,0.00,3841374995.95,6406723608.60,0.00,0.00,0.00,0.00,1707345,570807,0,0
678.00,11777.09,11777.09,0.00,0.00,2878.06,2878.06,0.00,0.00,3841374995.95,6406723608.60,0.00,0.00,0.00,0.00,2382287,632649,0,0
680.00,14527.94,14527.94,0.00,0.00,2750.85,2750.85,0.00,0.00,3841374995.95,6406723608.60,0.00,0.00,0.00,0.00,2988238,730915,0,0
682.00,17382.93,17382.93,0.00,0.00,2854.98,2854.98,0.00,0.00,3841374995.95,6406723608.60,0.00,0.00,0.00,0.00,3602515,847514,0,0
684.00,20241.58,20241.58,0.00,0.00,2858.65,2858.65,0.00,0.00,3841374995.95,6406723608.60,0.00,0.00,0.00,0.00,4228370,953474,0,0
686.00,23097.17,23097.17,0.00,0.00,2855.59,2855.59,0.00,0.00,3841374995.95,6406723608.60,0.00,0.00,0.00,0.00,4855868,1057007,0,0
688.00,25912.70,25912.70,0.00,0.00,2815.53,2815.53,0.00,0.00,3841374995.95,6406723608.60,0.00,0.00,0.00,0.00,5457266,1176385,0,0
690.00,28429.50,28429.50,0.00,0.00,2516.80,2516.80,0.00,0.00,3841374995.95,6406723608.60,0.00,0.00,0.00,0.00,6004013,1273939,0,0
692.00,31156.96,31156.96,0.00,0.00,2727.46,2727.46,0.00,0.00,3841374995.95,6406723608.60,0.00,0.00,0.00,0.00,6594906,1381275,0,0
694.00,33907.38,33907.38,0.00,0.00,2750.42,2750.42,0.00,0.00,3841374995.95,6406723608.60,0.00,0.00,0.00,0.00,7201626,1478662,0,0
696.00,36723.05,36723.05,0.00,0.00,2815.68,2815.68,0.00,0.00,3841374995.95,6406723608.60,0.00,0.00,0.00,0.00,7812502,1588599,0,0
698.00,39453.35,39453.35,0.00,0.00,2730.30,2730.30,0.00,0.00,3841374995.95,6406723608.60,0.00,0.00,0.00,0.00,8421664,1678394,0,0
700.00,42231.71,42231.71,0.00,0.00,2778.36,2778.36,0.00,0.00,3841374995.95,6406723608.60,0.00,0.00,0.00,0.00,9024023,1787295,0,0
702.00,45049.53,45049.53,0.00,0.00,2817.82,2817.82,0.00,0.00,3841374995.95,6406723608.60,0.00,0.00,0.00,0.00,9623942,1908737,0,0
704.00,47900.06,47900.06,0.00,0.00,2850.53,2850.53,0.00,0.00,3841374995.95,6406723608.60,0.00,0.00,0.00,0.00,10240468,2021947,0,0
706.00,50755.59,50755.59,0.00,0.00,2855.53,2855.53,0.00,0.00,3841374995.95,6406723608.60,0.00,0.00,0.00,0.00,10861759,2131672,0,0
708.00,53635.16,53635.16,0.00,0.00,2879.57,2879.57,0.00,0.00,3841374995.95,6406723608.60,0.00,0.00,0.00,0.00,11492819,2237783,0,0
710.00,56508.33,56508.33,0.00,0.00,2873.17,2873.17,0.00,0.00,3841374995.95,6406723608.60,0.00,0.00,0.00,0.00,12100005,2366128,0,0
712.00,58822.78,58822.78,0.00,0.00,2314.45,2314.45,0.00,0.00,3841374995.95,6406723608.60,0.00,0.00,0.00,0.00,12547171,2511460,0,0
714.00,61689.85,61689.85,0.00,0.00,2867.07,2867.07,0.00,0.00,3841374995.95,6406723608.60,0.00,0.00,0.00,0.00,13143010,2649592,0,0
716.00,64504.75,64504.75,0.00,0.00,2814.90,2814.90,0.00,0.00,3841374995.95,6406723608.60,0.00,0.00,0.00,0.00,13722047,2791170,0,0
718.00,67340.18,67340.18,0.00,0.00,2835.43,2835.43,0.00,0.00,3841374995.95,6406723608.60,0.00,0.00,0.00,0.00,14255535,2983552,0,0
720.00,70180.55,70180.55,0.00,0.00,2840.37,2840.37,0.00,0.00,3841374995.95,6406723608.60,0.00,0.00,0.00,0.00,14782387,3183834,0,0
722.00,73010.70,73010.70,0.00,0.00,2830.14,2830.14,0.00,0.00,3841374995.95,6406723608.60,0.00,0.00,0.00,0.00,15330615,3360123,0,0
724.00,75864.69,75864.69,0.00,0.00,2854.00,2854.00,0.00,0.00,3841374995.95,6406723608.60,0.00,0.00,0.00,0.00,15632503,3788858,0,0
726.00,78690.77,78690.77,0.00,0.00,2826.08,2826.08,0.00,0.00,3841374995.95,6406723608.60,0.00,0.00,0.00,0.00,15909409,4235429,0,0
728.00,81533.24,81533.24,0.00,0.00,2842.46,2842.46,0.00,0.00,3841374995.95,6406723608.60,0.00,0.00,0.00,0.00,16202305,4670204,0,0
730.00,84375.89,84375.89,0.00,0.00,2842.65,2842.65,0.00,0.00,3841374995.95,6406723608.60,0.00,0.00,0.00,0.00,16459841,5140386,0,0
732.00,87220.62,87220.62,0.00,0.00,2844.73,2844.73,0.00,0.00,3841374995.95,6406723608.60,0.00,0.00,0.00,0.00,16780475,5548004,0,0
734.00,89991.73,89991.73,0.00,0.00,2771.11,2771.11,0.00,0.00,3841374995.95,6406723608.60,0.00,0.00,0.00,0.00,17045059,5992824,0,0
736.00,92737.97,92737.97,0.00,0.00,2746.24,2746.24,0.00,0.00,3841374995.95,6406723608.60,0.00,0.00,0.00,0.00,17312742,6428179,0,0
738.00,95582.57,95582.57,0.00,0.00,2844.59,2844.59,0.00,0.00,3841374995.95,6406723608.60,0.00,0.00,0.00,0.00,17561377,6907760,0,0
740.00,98419.97,98419.97,0.00,0.00,2837.41,2837.41,0.00,0.00,3841374995.95,6406723608.60,0.00,0.00,0.00,0.00,17822639,7372874,0,0
742.00,101240.47,101240.47,0.00,0.00,2820.50,2820.50,0.00,0.00,3841374995.95,6406723608.60,0.00,0.00,0.00,0.00,18103616,7813945,0,0
744.00,104114.01,104114.01,0.00,0.00,2873.54,2873.54,0.00,0.00,3841374995.95,6406723608.60,0.00,0.00,0.00,0.00,18381342,8271844,0,0
746.00,106887.00,106887.00,0.00,0.00,2772.99,2772.99,0.00,0.00,3841374995.95,6406723608.60,0.00,0.00,0.00,0.00,18597611,8765461,0,0
748.00,109659.84,109659.84,0.00,0.00,2772.84,2772.84,0.00,0.00,3841374995.95,6406723608.60,0.00,0.00,0.00,0.00,18905123,9167796,0,0
750.00,112473.08,112473.08,0.00,0.00,2813.24,2813.24,0.00,0.00,3841374995.95,6406723608.60,0.00,0.00,0.00,0.00,19176902,9616207,0,0
752.00,115286.77,115286.77,0.00,0.00,2813.69,2813.69,0.00,0.00,3841374995.95,6406723608.60,0.00,0.00,0.00,0.00,19450804,10062610,0,0
754.00,118102.40,118102.40,0.00,0.00,2815.62,2815.62,0.00,0.00,3841374995.95,6406723608.60,0.00,0.00,0.00,0.00,19762973,10471241,0,0
756.00,120901.98,120901.98,0.00,0.00,2799.59,2799.59,0.00,0.00,3841374995.95,6406723608.60,0.00,0.00,0.00,0.00,20028592,10922316,0,0
758.00,123728.86,123728.86,0.00,0.00,2826.88,2826.88,0.00,0.00,3841374995.95,6406723608.60,0.00,0.00,0.00,0.00,20246912,11427676,0,0
760.00,126556.96,126556.96,0.00,0.00,2828.11,2828.11,0.00,0.00,3841374995.95,6406723608.60,0.00,0.00,0.00,0.00,20512212,11886371,0,0
762.00,129361.83,129361.83,0.00,0.00,2804.86,2804.86,0.00,0.00,3841374995.95,6406723608.60,0.00,0.00,0.00,0.00,20856482,12260146,0,0
764.00,132203.86,132203.86,0.00,0.00,2842.03,2842.03,0.00,0.00,3841374995.95,6406723608.60,0.00,0.00,0.00,0.00,21365334,12478854,0,0
766.00,135019.67,135019.67,0.00,0.00,2815.81,2815.81,0.00,0.00,3841374995.95,6406723608.60,0.00,0.00,0.00,0.00,21577312,12987724,0,0
768.00,137710.89,137710.89,0.00,0.00,2691.22,2691.22,0.00,0.00,3841374995.95,6406723608.60,0.00,0.00,0.00,0.00,21743182,13510807,0,0
770.00,140540.98,140540.98,0.00,0.00,2830.09,2830.09,0.00,0.00,3841374995.95,6406723608.60,0.00,0.00,0.00,0.00,22006292,13972199,0,0
772.00,143374.96,143374.96,0.00,0.00,2833.98,2833.98,0.00,0.00,3841374995.95,6406723608.60,0.00,0.00,0.00,0.00,22278256,14425733,0,0
774.00,146166.97,146166.97,0.00,0.00,2792.02,2792.02,0.00,0.00,3841374995.95,6406723608.60,0.00,0.00,0.00,0.00,22553867,14864878,0,0
776.00,148962.43,148962.43,0.00,0.00,2795.46,2795.46,0.00,0.00,3841374995.95,6406723608.60,0.00,0.00,0.00,0.00,22735039,15399344,0,0
778.00,151766.86,151766.86,0.00,0.00,2804.42,2804.42,0.00,0.00,3841374995.95,6406723608.60,0.00,0.00,0.00,0.00,22870881,15981434,0,0
780.00,154539.39,154539.39,0.00,0.00,2772.54,2772.54,0.00,0.00,3841374995.95,6406723608.60,0.00,0.00,0.00,0.00,23011350,16550735,0,0
782.00,157237.86,157237.86,0.00,0.00,2698.46,2698.46,0.00,0.00,3841374995.95,6406723608.60,0.00,0.00,0.00,0.00,23209345,17043546,0,0
784.00,160003.68,160003.68,0.00,0.00,2765.82,2765.82,0.00,0.00,3841374995.95,6406723608.60,0.00,0.00,0.00,0.00,23340457,17620484,0,0
786.00,162817.57,162817.57,0.00,0.00,2813.89,2813.89,0.00,0.00,3841374995.95,6406723608.60,0.00,0.00,0.00,0.00,23472626,18208672,0,0
788.00,165524.19,165524.19,0.00,0.00,2706.62,2706.62,0.00,0.00,3841374995.95,6406723608.60,0.00,0.00,0.00,0.00,23601547,18772645,0,0
790.00,168150.55,168150.55,0.00,0.00,2626.36,2626.36,0.00,0.00,3841374995.95,6406723608.60,0.00,0.00,0.00,0.00,23721254,19325286,0,0
792.00,170868.82,170868.82,0.00,0.00,2718.28,2718.28,0.00,0.00,3841374995.95,6406723608.60,0.00,0.00,0.00,0.00,23903637,19838782,0,0
794.00,173619.82,173619.82,0.00,0.00,2751.00,2751.00,0.00,0.00,3841374995.95,6406723608.60,0.00,0.00,0.00,0.00,24057324,20389351,0,0
796.00,176382.79,176382.79,0.00,0.00,2762.96,2762.96,0.00,0.00,3841374995.95,6406723608.60,0.00,0.00,0.00,0.00,24236390,20917604,0,0
798.00,179147.70,179147.70,0.00,0.00,2764.91,2764.91,0.00,0.00,3841374995.95,6406723608.60,0.00,0.00,0.00,0.00,24429739,21432072,0,0
800.45,181267.71,181267.71,0.00,0.00,2120.02,2120.02,0.00,0.00,3841374995.95,6406723608.60,0.00,0.00,0.00,0.00,24607252,21797283,0,0
802.45,183921.68,183921.68,0.00,0.00,2653.97,2653.97,0.00,0.00,3841374995.95,6406723608.60,0.00,0.00,0.00,0.00,24826006,22257945,0,0
804.45,186656.76,186656.76,0.00,0.00,2735.08,2735.08,0.00,0.00,3841374995.95,6406723608.60,0.00,0.00,0.00,0.00,25110579,22673552,0,0
806.45,189369.97,189369.97,0.00,0.00,2713.21,2713.21,0.00,0.00,3841374995.95,6406723608.60,0.00,0.00,0.00,0.00,25436393,23042320,0,0
808.45,192078.27,192078.27,0.00,0.00,2708.30,2708.30,0.00,0.00,3841374995.95,6406723608.60,0.00,0.00,0.00,0.00,25659820,23512218,0,0
810.45,194866.72,194866.72,0.00,0.00,2788.45,2788.45,0.00,0.00,3841374995.95,6406723608.60,0.00,0.00,0.00,0.00,25827803,24058078,0,0
812.45,197600.23,197600.23,0.00,0.00,2733.51,2733.51,0.00,0.00,3841374995.95,6406723608.60,0.00,0.00,0.00,0.00,26018125,24567535,0,0
814.45,200344.77,200344.77,0.00,0.00,2744.54,2744.54,0.00,0.00,3841374995.95,6406723608.60,0.00,0.00,0.00,0.00,26179045,25109217,0,0
816.45,203116.56,203116.56,0.00,0.00,2771.79,2771.79,0.00,0.00,3841374995.95,6406723608.60,0.00,0.00,0.00,0.00,26392756,25605083,0,0
818.45,205943.43,205943.43,0.00,0.00,2826.87,2826.87,0.00,0.00,3841374995.95,6406723608.60,0.00,0.00,0.00,0.00,26607255,26114262,0,0
820.45,208755.97,208755.97,0.00,0.00,2812.54,2812.54,0.00,0.00,3841374995.95,6406723608.60,0.00,0.00,0.00,0.00,26823735,26617793,0,0
822.45,211486.58,211486.58,0.00,0.00,2730.61,2730.61,0.00,0.00,3841374995.95,6406723608.60,0.00,0.00,0.00,0.00,27047420,27093145,0,0
824.45,214284.48,214284.48,0.00,0.00,2797.90,2797.90,0.00,0.00,3841374995.95,6406723608.60,0.00,0.00,0.00,0.00,27352408,27504420,0,0
826.45,216888.09,216888.09,0.00,0.00,2603.61,2603.61,0.00,0.00,3841374995.95,6406723608.60,0.00,0.00,0.00,0.00,27669344,27854008,0,0
828.45,219410.97,219410.97,0.00,0.00,2522.88,2522.88,0.00,0.00,3841374995.95,6406723608.60,0.00,0.00,0.00,0.00,27977781,28191427,0,0
830.45,221955.83,221955.83,0.00,0.00,2544.86,2544.86,0.00,0.00,3841374995.95,6406723608.60,0.00,0.00,0.00,0.00,28181674,28639019,0,0
832.45,224470.82,224470.82,0.00,0.00,2514.99,2514.99,0.00,0.00,3841374995.95,6406723608.60,0.00,0.00,0.00,0.00,28378661,29085870,0,0
834.45,227016.62,227016.62,0.00,0.00,2545.80,2545.80,0.00,0.00,3841374995.95,6406723608.60,0.00,0.00,0.00,0.00,28549597,29566658,0,0
836.45,229550.74,229550.74,0.00,0.00,2534.12,2534.12,0.00,0.00,3841374995.95,6406723608.60,0.00,0.00,0.00,0.00,28813625,29951364,0,0
838.45,232075.35,232075.35,0.00,0.00,2524.61,2524.61,0.00,0.00,3841374995.95,6406723608.60,0.00,0.00,0.00,0.00,28998521,30412768,0,0
840.45,234596.28,234596.28,0.00,0.00,2520.93,2520.93,0.00,0.00,3841374995.95,6406723608.60,0.00,0.00,0.00,0.00,29156184,30900464,0,0
842.45,237133.20,237133.20,0.00,0.00,2536.91,2536.91,0.00,0.00,3841374995.95,6406723608.60,0.00,0.00,0.00,0.00,29286587,31419511,0,0
844.45,239690.16,239690.16,0.00,0.00,2556.96,2556.96,0.00,0.00,3841374995.95,6406723608.60,0.00,0.00,0.00,0.00,29436962,31923718,0,0
846.45,242268.84,242268.84,0.00,0.00,2578.68,2578.68,0.00,0.00,3841374995.95,6406723608.60,0.00,0.00,0.00,0.00,29909292,32111531,0,0
848.45,244912.30,244912.30,0.00,0.00,2643.46,2643.46,0.00,0.00,3841374995.95,6406723608.60,0.00,0.00,0.00,0.00,30517414,32180134,0,0
850.45,247534.66,247534.66,0.00,0.00,2622.36,2622.36,0.00,0.00,3841374995.95,6406723608.60,0.00,0.00,0.00,0.00,31037403,32331469,0,0
852.45,250156.45,250156.45,0.00,0.00,2621.79,2621.79,0.00,0.00,3841374995.95,6406723608.60,0.00,0.00,0.00,0.00,31191944,32848106,0,0
854.45,252794.62,252794.62,0.00,0.00,2638.18,2638.18,0.00,0.00,3841374995.95,6406723608.60,0.00,0.00,0.00,0.00,31339420,33376003,0,0
856.45,255473.46,255473.46,0.00,0.00,2678.84,2678.84,0.00,0.00,3841374995.95,6406723608.60,0.00,0.00,0.00,0.00,31523205,33878000,0,0
858.45,258209.60,258209.60,0.00,0.00,2736.14,2736.14,0.00,0.00,3841374995.95,6406723608.60,0.00,0.00,0.00,0.00,31871791,34229866,0,0
860.45,260988.13,260988.13,0.00,0.00,2778.54,2778.54,0.00,0.00,3841374995.95,6406723608.60,0.00,0.00,0.00,0.00,32542879,34270083,0,0
862.45,263657.23,263657.23,0.00,0.00,2669.10,2669.10,0.00,0.00,3841374995.95,6406723608.60,0.00,0.00,0.00,0.00,32894124,34602127,0,0
864.45,266412.66,266412.66,0.00,0.00,2755.43,2755.43,0.00,0.00,3841374995.95,6406723608.60,0.00,0.00,0.00,0.00,33221081,34980561,0,0
866.45,269207.75,269207.75,0.00,0.00,2795.09,2795.09,0.00,0.00,3841374995.95,6406723608.60,0.00,0.00,0.00,0.00,33547246,35369938,0,0
868.45,272007.93,272007.93,0.00,0.00,2800.18,2800.18,0.00,0.00,3841374995.95,6406723608.60,0.00,0.00,0.00,0.00,33811966,35822063,0,0
870.45,274820.19,274820.19,0.00,0.00,2812.26,2812.26,0.00,0.00,3841374995.95,6406723608.60,0.00,0.00,0.00,0.00,33942948,36411020,0,0
872.45,277639.45,277639.45,0.00,0.00,2819.26,2819.26,0.00,0.00,3841374995.95,6406723608.60,0.00,0.00,0.00,0.00,34066722,37008976,0,0
874.45,280483.74,280483.74,0.00,0.00,2844.30,2844.30,0.00,0.00,3841374995.95,6406723608.60,0.00,0.00,0.00,0.00,34316141,37487697,0,0
876.45,283285.15,283285.15,0.00,0.00,2801.41,2801.41,0.00,0.00,3841374995.95,6406723608.60,0.00,0.00,0.00,0.00,34528927,37992072,0,0
878.45,286137.10,286137.10,0.00,0.00,2851.95,2851.95,0.00,0.00,3841374995.95,6406723608.60,0.00,0.00,0.00,0.00,34737875,38513222,0,0
880.45,288987.03,288987.03,0.00,0.00,2849.93,2849.93,0.00,0.00,3841374995.95,6406723608.60,0.00,0.00,0.00,0.00,34969124,39011556,0,0
882.45,291841.68,291841.68,0.00,0.00,2854.65,2854.65,0.00,0.00,3841374995.95,6406723608.60,0.00,0.00,0.00,0.00,35289590,39421880,0,0
884.45,294699.76,294699.76,0.00,0.00,2858.08,2858.08,0.00,0.00,3841374995.95,6406723608.60,0.00,0.00,0.00,0.00,35465058,39978081,0,0
886.45,297560.93,297560.93,0.00,0.00,2861.17,2861.17,0.00,0.00,3841374995.95,6406723608.60,0.00,0.00,0.00,0.00,35654033,40521565,0,0
888.45,300417.78,300417.78,0.00,0.00,2856.85,2856.85,0.00,0.00,3841670771.06,6407028918.60,295775.12,305310.00,0.00,0.00,35852209,41054742,0,0
890.45,303288.39,303288.39,0.00,0.00,2870.61,2870.61,0.00,0.00,3841670771.06,6407028918.60,0.00,0.00,0.00,0.00,35996459,41645369,0,0
892.45,306158.65,306158.65,0.00,0.00,2870.26,2870.26,0.00,0.00,3841670771.06,6407028918.60,0.00,0.00,0.00,0.00,36106047,42270568,0,0
894.45,309023.46,309023.46,0.00,0.00,2864.80,2864.80,0.00,0.00,3841670771.06,6407028918.60,0.00,0.00,0.00,0.00,36238643,42871362,0,0
896.45,311897.50,311897.50,0.00,0.00,2874.04,2874.04,0.00,0.00,3841670771.06,6407028918.60,0.00,0.00,0.00,0.00,36403886,43441873,0,0
898.45,314768.68,314768.68,0.00,0.00,2871.18,2871.18,0.00,0.00,3841670771.06,6407028918.60,0.00,0.00,0.00,0.00,36574978,44005804,0,0
900.45,317660.42,317660.42,0.00,0.00,2891.74,2891.74,0.00,0.00,3841670771.06,6407028918.60,0.00,0.00,0.00,0.00,36799012,44522055,0,0
902.45,320494.42,320494.42,0.00,0.00,2834.00,2834.00,0.00,0.00,3841670771.06,6407028918.60,0.00,0.00,0.00,0.00,36951515,45095056,0,0
904.45,323332.05,323332.05,0.00,0.00,2837.64,2837.64,0.00,0.00,3841670771.06,6407028918.60,0.00,0.00,0.00,0.00,37144551,45628455,0,0
906.45,326170.68,326170.68,0.00,0.00,2838.62,2838.62,0.00,0.00,3841670771.06,6407028918.60,0.00,0.00,0.00,0.00,37375244,46124449,0,0
908.45,329018.90,329018.90,0.00,0.00,2848.23,2848.23,0.00,0.00,3841670771.06,6407028918.60,0.00,0.00,0.00,0.00,37551144,46677695,0,0
910.45,331835.58,331835.58,0.00,0.00,2816.68,2816.68,0.00,0.00,3841670771.06,6407028918.60,0.00,0.00,0.00,0.00,37696032,47253877,0,0
912.45,334512.17,334512.17,0.00,0.00,2676.59,2676.59,0.00,0.00,3841670771.06,6407028918.60,0.00,0.00,0.00,0.00,37878006,47757109,0,0
914.45,337269.06,337269.06,0.00,0.00,2756.89,2756.89,0.00,0.00,3841670771.06,6407028918.60,0.00,0.00,0.00,0.00,38074356,48266524,0,0
916.45,340037.66,340037.66,0.00,0.00,2768.60,2768.60,0.00,0.00,3841670771.06,6407028918.60,0.00,0.00,0.00,0.00,38241716,48807925,0,0
918.45,342885.09,342885.09,0.00,0.00,2847.43,2847.43,0.00,0.00,3841670771.06,6407028918.60,0.00,0.00,0.00,0.00,38422917,49355665,0,0
920.45,345742.62,345742.62,0.00,0.00,2857.54,2857.54,0.00,0.00,3841670771.06,6407028918.60,0.00,0.00,0.00,0.00,38601162,49908950,0,0
922.45,348568.82,348568.82,0.00,0.00,2826.19,2826.19,0.00,0.00,3841670771.06,6407028918.60,0.00,0.00,0.00,0.00,38822426,50411191,0,0
924.45,351393.59,351393.59,0.00,0.00,2824.78,2824.78,0.00,0.00,3841670771.06,6407028918.60,0.00,0.00,0.00,0.00,39170948,50785812,0,0
926.45,354216.86,354216.86,0.00,0.00,2823.27,2823.27,0.00,0.00,3841670771.06,6407028918.60,0.00,0.00,0.00,0.00,39581540,51097977,0,0
928.45,357064.98,357064.98,0.00,0.00,2848.11,2848.11,0.00,0.00,3841670771.06,6407028918.60,0.00,0.00,0.00,0.00,39984725,51423909,0,0
930.45,359896.80,359896.80,0.00,0.00,2831.83,2831.83,0.00,0.00,3841670771.06,6407028918.60,0.00,0.00,0.00,0.00,40386452,51747130,0,0
932.45,362754.29,362754.29,0.00,0.00,2857.49,2857.49,0.00,0.00,3841670771.06,6407028918.60,0.00,0.00,0.00,0.00,40806334,52058765,0,0
934.45,365609.17,365609.17,0.00,0.00,2854.88,2854.88,0.00,0.00,3841670771.06,6407028918.60,0.00,0.00,0.00,0.00,41211584,52384363,0,0
936.45,368476.78,368476.78,0.00,0.00,2867.61,2867.61,0.00,0.00,3841670771.06,6407028918.60,0.00,0.00,0.00,0.00,41604638,52725418,0,0
938.45,371320.39,371320.39,0.00,0.00,2843.61,2843.61,0.00,0.00,3841670771.06,6407028918.60,0.00,0.00,0.00,0.00,41987191,53070830,0,0
940.45,374109.32,374109.32,0.00,0.00,2788.92,2788.92,0.00,0.00,3841670771.06,6407028918.60,0.00,0.00,0.00,0.00,42379441,53392544,0,0
942.45,376912.60,376912.60,0.00,0.00,2803.28,2803.28,0.00,0.00,3841670771.06,6407028918.60,0.00,0.00,0.00,0.00,42746382,53743243,0,0
944.45,379757.41,379757.41,0.00,0.00,2844.81,2844.81,0.00,0.00,3841670771.06,6407028918.60,0.00,0.00,0.00,0.00,43148257,54069639,0,0
946.45,382611.63,382611.63,0.00,0.00,2854.22,2854.22,0.00,0.00,3841670771.06,6407028918.60,0.00,0.00,0.00,0.00,43543560,54405017,0,0
948.45,385447.94,385447.94,0.00,0.00,2836.31,2836.31,0.00,0.00,3841670771.06,6407028918.60,0.00,0.00,0.00,0.00,43981887,54692786,0,0
950.45,388289.88,388289.88,0.00,0.00,2841.94,2841.94,0.00,0.00,3841670771.06,6407028918.60,0.00,0.00,0.00,0.00,44415756,54986454,0,0
952.45,391140.51,391140.51,0.00,0.00,2850.62,2850.62,0.00,0.00,3841670771.06,6407028918.60,0.00,0.00,0.00,0.00,44859443,55272527,0,0
954.45,393976.05,393976.05,0.00,0.00,2835.54,2835.54,0.00,0.00,3841670771.06,6407028918.60,0.00,0.00,0.00,0.00,45291928,55565940,0,0
956.45,396841.64,396841.64,0.00,0.00,2865.59,2865.59,0.00,0.00,3841670771.06,6407028918.60,0.00,0.00,0.00,0.00,45729771,55861688,0,0
958.45,399709.39,399709.39,0.00,0.00,2867.75,2867.75,0.00,0.00,3841670771.06,6407028918.60,0.00,0.00,0.00,0.00,46181469,56144134,0,0
960.45,402554.24,402554.24,0.00,0.00,2844.86,2844.86,0.00,0.00,3841670771.06,6407028918.60,0.00,0.00,0.00,0.00,46618843,56435043,0,0
962.45,405410.88,405410.88,0.00,0.00,2856.64,2856.64,0.00,0.00,3841670771.06,6407028918.60,0.00,0.00,0.00,0.00,47103037,56682148,0,0
964.45,408264.12,408264.12,0.00,0.00,2853.24,2853.24,0.00,0.00,3841670771.06,6407028918.60,0.00,0.00,0.00,0.00,47535516,56980099,0,0
966.45,411133.21,411133.21,0.00,0.00,2869.09,2869.09,0.00,0.00,3841670771.06,6407028918.60,0.00,0.00,0.00,0.00,47973304,57276799,0,0
968.45,413861.69,413861.69,0.00,0.00,2728.48,2728.48,0.00,0.00,3841670771.06,6407028918.60,0.00,0.00,0.00,0.00,48362707,57585886,0,0
970.45,416691.94,416691.94,0.00,0.00,2830.25,2830.25,0.00,0.00,3841670771.06,6407028918.60,0.00,0.00,0.00,0.00,48748710,57924427,0,0
972.45,419430.74,419430.74,0.00,0.00,2738.80,2738.80,0.00,0.00,3841670771.06,6407028918.60,0.00,0.00,0.00,0.00,49117909,58256361,0,0
974.45,422203.52,422203.52,0.00,0.00,2772.77,2772.77,0.00,0.00,3841670771.06,6407028918.60,0.00,0.00,0.00,0.00,49501473,58582627,0,0
976.45,425006.73,425006.73,0.00,0.00,2803.22,2803.22,0.00,0.00,3841670771.06,6407028918.60,0.00,0.00,0.00,0.00,49870629,58931095,0,0
979.02,425697.66,425697.66,0.00,0.00,690.92,690.92,0.00,0.00,3841670771.06,6407028918.60,0.00,0.00,0.00,0.00,49969861,59008739,0,0
981.02,428425.55,428425.55,0.00,0.00,2727.89,2727.89,0.00,0.00,3841670771.06,6407028918.60,0.00,0.00,0.00,0.00,50377741,59299199,0,0
983.02,431176.22,431176.22,0.00,0.00,2750.68,2750.68,0.00,0.00,3841670771.06,6407028918.60,0.00,0.00,0.00,0.00,50787600,59593513,0,0
985.02,433941.99,433941.99,0.00,0.00,2765.77,2765.77,0.00,0.00,3841670771.06,6407028918.60,0.00,0.00,0.00,0.00,51184613,59904537,0,0
987.02,436746.28,436746.28,0.00,0.00,2804.29,2804.29,0.00,0.00,3841670771.06,6407028918.60,0.00,0.00,0.00,0.00,51573968,60233079,0,0
989.02,439377.23,439377.23,0.00,0.00,2630.95,2630.95,0.00,0.00,3841670771.06,6407028918.60,0.00,0.00,0.00,0.00,52004260,60476310,0,0
991.02,442045.13,442045.13,0.00,0.00,2667.91,2667.91,0.00,0.00,3841670771.06,6407028918.60,0.00,0.00,0.00,0.00,52382283,60781271,0,0
993.02,444737.39,444737.39,0.00,0.00,2692.25,2692.25,0.00,0.00,3841670771.06,6407028918.60,0.00,0.00,0.00,0.00,52769947,61082824,0,0
995.02,447400.00,447400.00,0.00,0.00,2662.61,2662.61,0.00,0.00,3841670771.06,6407028918.60,0.00,0.00,0.00,0.00,53118733,61415666,0,0
997.02,450100.19,450100.19,0.00,0.00,2700.20,2700.20,0.00,0.00,3841670771.06,6407028918.60,0.00,0.00,0.00,0.00,53425461,61800188,0,0
999.02,452771.59,452771.59,0.00,0.00,2671.39,2671.39,0.00,0.00,3841670771.06,6407028918.60,0.00,0.00,0.00,0.00,53749198,62160328,0,0
1001.02,455459.81,455459.81,0.00,0.00,2688.23,2688.23,0.00,0.00,3841670771.06,6407028918.60,0.00,0.00,0.00,0.00,54077595,62520117,0,0
1003.02,458177.62,458177.62,0.00,0.00,2717.81,2717.81,0.00,0.00,3841670771.06,6407028918.60,0.00,0.00,0.00,0.00,54392921,62900551,0,0
1005.02,460860.28,460860.28,0.00,0.00,2682.65,2682.65,0.00,0.00,3841670771.06,6407028918.60,0.00,0.00,0.00,0.00,54740677,63239554,0,0
1007.02,463609.06,463609.06,0.00,0.00,2748.79,2748.79,0.00,0.00,3841670771.06,6407028918.60,0.00,0.00,0.00,0.00,55106721,63577199,0,0
1009.02,466308.29,466308.29,0.00,0.00,2699.23,2699.23,0.00,0.00,3841670771.06,6407028918.60,0.00,0.00,0.00,0.00,55475439,63899483,0,0
1011.02,468945.27,468945.27,0.00,0.00,2636.98,2636.98,0.00,0.00,3841670771.06,6407028918.60,0.00,0.00,0.00,0.00,55794898,64255092,0,0
1013.02,471616.79,471616.79,0.00,0.00,2671.52,2671.52,0.00,0.00,3841670771.06,6407028918.60,0.00,0.00,0.00,0.00,56112238,64621660,0,0
1015.02,474334.24,474334.24,0.00,0.00,2717.45,2717.45,0.00,0.00,3841670771.06,6407028918.60,0.00,0.00,0.00,0.00,56400588,65028977,0,0
1017.02,477056.79,477056.79,0.00,0.00,2722.55,2722.55,0.00,0.00,3841670771.06,6407028918.60,0.00,0.00,0.00,0.00,56740339,65386200,0,0
1019.02,479796.61,479796.61,0.00,0.00,2739.81,2739.81,0.00,0.00,3841670771.06,6407028918.60,0.00,0.00,0.00,0.00,57086975,65740956,0,0
1021.02,482549.16,482549.16,0.00,0.00,2752.55,2752.55,0.00,0.00,3841670771.06,6407028918.60,0.00,0.00,0.00,0.00,57435955,66096629,0,0
1023.02,485327.00,485327.00,0.00,0.00,2777.84,2777.84,0.00,0.00,3841670771.06,6407028918.60,0.00,0.00,0.00,0.00,57778012,66465699,0,0
1025.02,488096.21,488096.21,0.00,0.00,2769.21,2769.21,0.00,0.00,3841670771.06,6407028918.60,0.00,0.00,0.00,0.00,58138869,66813760,0,0
1027.02,490876.86,490876.86,0.00,0.00,2780.66,2780.66,0.00,0.00,3841670771.06,6407028918.60,0.00,0.00,0.00,0.00,58483004,67181473,0,0
1029.02,493668.62,493668.62,0.00,0.00,2791.76,2791.76,0.00,0.00,3841670771.06,6407028918.60,0.00,0.00,0.00,0.00,58830784,67548383,0,0
1031.02,496487.60,496487.60,0.00,0.00,2818.98,2818.98,0.00,0.00,3841670771.06,6407028918.60,0.00,0.00,0.00,0.00,59165074,67935752,0,0
1033.02,499308.31,499308.31,0.00,0.00,2820.71,2820.71,0.00,0.00,3841670771.06,6407028918.60,0.00,0.00,0.00,0.00,59500877,68322050,0,0
1035.02,502166.96,502166.96,0.00,0.00,2858.66,2858.66,0.00,0.00,3841670771.06,6407028918.60,0.00,0.00,0.00,0.00,59834094,68720649,0,0
1037.02,504740.96,504740.96,0.00,0.00,2573.99,2573.99,0.00,0.00,3841670771.06,6407028918.60,0.00,0.00,0.00,0.00,60161215,69052470,0,0
1039.02,507342.97,507342.97,0.00,0.00,2602.01,2602.01,0.00,0.00,3841670771.06,6407028918.60,0.00,0.00,0.00,0.00,60480994,69398806,0,0
1041.02,509941.48,509941.48,0.00,0.00,2598.51,2598.51,0.00,0.00,3841670771.06,6407028918.60,0.00,0.00,0.00,0.00,60829541,69715477,0,0
1043.02,512557.09,512557.09,0.00,0.00,2615.62,2615.62,0.00,0.00,3841670771.06,6407028918.60,0.00,0.00,0.00,0.00,61171289,70043327,0,0
1045.02,515171.77,515171.77,0.00,0.00,2614.68,2614.68,0.00,0.00,3841670771.06,6407028918.60,0.00,0.00,0.00,0.00,61534939,70349035,0,0
1047.02,517819.55,517819.55,0.00,0.00,2647.77,2647.77,0.00,0.00,3841670771.06,6407028918.60,0.00,0.00,0.00,0.00,61901068,70660736,0,0
1049.02,520507.90,520507.90,0.00,0.00,2688.36,2688.36,0.00,0.00,3841670771.06,6407028918.60,0.00,0.00,0.00,0.00,62282917,70967106,0,0
1051.02,523217.90,523217.90,0.00,0.00,2710.00,2710.00,0.00,0.00,3841670771.06,6407028918.60,0.00,0.00,0.00,0.00,62719524,71224259,0,0
1053.02,525929.27,525929.27,0.00,0.00,2711.37,2711.37,0.00,0.00,3841670771.06,6407028918.60,0.00,0.00,0.00,0.00,63155878,71482016,0,0
1055.02,528668.17,528668.17,0.00,0.00,2738.90,2738.90,0.00,0.00,3841670771.06,6407028918.60,0.00,0.00,0.00,0.00,63508497,71830555,0,0
1057.02,531458.00,531458.00,0.00,0.00,2789.83,2789.83,0.00,0.00,3841670771.06,6407028918.60,0.00,0.00,0.00,0.00,63874368,72178881,0,0
1059.02,534226.89,534226.89,0.00,0.00,2768.88,2768.88,0.00,0.00,3841670771.06,6407028918.60,0.00,0.00,0.00,0.00,64247115,72514968,0,0
1061.02,537005.71,537005.71,0.00,0.00,2778.82,2778.82,0.00,0.00,3841670771.06,6407028918.60,0.00,0.00,0.00,0.00,64614900,72858562,0,0
1063.02,539769.21,539769.21,0.00,0.00,2763.50,2763.50,0.00,0.00,3841670771.06,6407028918.60,0.00,0.00,0.00,0.00,64974432,73206485,0,0
1065.02,542602.46,542602.46,0.00,0.00,2833.25,2833.25,0.00,0.00,3841670771.06,6407028918.60,0.00,0.00,0.00,0.00,65345209,73561021,0,0
1067.02,545449.96,545449.96,0.00,0.00,2847.50,2847.50,0.00,0.00,3841670771.06,6407028918.60,0.00,0.00,0.00,0.00,65750928,73884261,0,0
1069.02,548281.90,548281.90,0.00,0.00,2831.94,2831.94,0.00,0.00,3841670771.06,6407028918.60,0.00,0.00,0.00,0.00,66159354,74200812,0,0
1071.02,551081.10,551081.10,0.00,0.00,2799.20,2799.20,0.00,0.00,3841670771.06,6407028918.60,0.00,0.00,0.00,0.00,66553383,74523379,0,0
1073.02,553765.75,553765.75,0.00,0.00,2684.65,2684.65,0.00,0.00,3841670771.06,6407028918.60,0.00,0.00,0.00,0.00,66936981,74827052,0,0
1075.02,556343.39,556343.39,0.00,0.00,2577.64,2577.64,0.00,0.00,3841670771.06,6407028918.60,0.00,0.00,0.00,0.00,67307643,75116265,0,0
1077.02,558983.02,558983.02,0.00,0.00,2639.63,2639.63,0.00,0.00,3841670771.06,6407028918.60,0.00,0.00,0.00,0.00,67684296,75415357,0,0
1079.02,561525.53,561525.53,0.00,0.00,2542.51,2542.51,0.00,0.00,3841670771.06,6407028918.60,0.00,0.00,0.00,0.00,68049669,75700867,0,0
1081.02,564058.10,564058.10,0.00,0.00,2532.57,2532.57,0.00,0.00,3841670771.06,6407028918.60,0.00,0.00,0.00,0.00,68402688,75996185,0,0
1083.02,566600.87,566600.87,0.00,0.00,2542.77,2542.77,0.00,0.00,3841670771.06,6407028918.60,0.00,0.00,0.00,0.00,68771965,76277858,0,0
1085.02,569191.81,569191.81,0.00,0.00,2590.94,2590.94,0.00,0.00,3841670771.06,6407028918.60,0.00,0.00,0.00,0.00,69136503,76576601,0,0
1087.02,571770.98,571770.98,0.00,0.00,2579.17,2579.17,0.00,0.00,3841670771.06,6407028918.60,0.00,0.00,0.00,0.00,69499891,76873480,0,0
1089.02,574396.29,574396.29,0.00,0.00,2625.31,2625.31,0.00,0.00,3841670771.06,6407028918.60,0.00,0.00,0.00,0.00,69872147,77173303,0,0
1091.02,577019.06,577019.06,0.00,0.00,2622.77,2622.77,0.00,0.00,3841670771.06,6407028918.60,0.00,0.00,0.00,0.00,70230874,77486006,0,0
1093.02,579645.95,579645.95,0.00,0.00,2626.89,2626.89,0.00,0.00,3841670771.06,6407028918.60,0.00,0.00,0.00,0.00,70585051,77804312,0,0
1095.02,582341.20,582341.20,0.00,0.00,2695.25,2695.25,0.00,0.00,3841670771.06,6407028918.60,0.00,0.00,0.00,0.00,70962380,78116967,0,0
1097.02,585066.39,585066.39,0.00,0.00,2725.19,2725.19,0.00,0.00,3841670771.06,6407028918.60,0.00,0.00,0.00,0.00,71337591,78439405,0,0
1099.02,587789.11,587789.11,0.00,0.00,2722.71,2722.71,0.00,0.00,3841670771.06,6407028918.60,0.00,0.00,0.00,0.00,71707889,78766122,0,0
1101.02,590544.84,590544.84,0.00,0.00,2755.73,2755.73,0.00,0.00,3841670771.06,6407028918.60,0.00,0.00,0.00,0.00,72076838,79102641,0,0
1103.02,593297.57,593297.57,0.00,0.00,2752.73,2752.73,0.00,0.00,3841670771.06,6407028918.60,0.00,0.00,0.00,0.00,72452643,79431535,0,0
1105.02,596070.40,596070.40,0.00,0.00,2772.83,2772.83,0.00,0.00,3841670771.06,6407028918.60,0.00,0.00,0.00,0.00,72815228,79778794,0,0
1107.02,598883.08,598883.08,0.00,0.00,2812.68,2812.68,0.00,0.00,3841670771.06,6407028918.60,0.00,0.00,0.00,0.00,73205761,80108307,0,0
1109.02,601688.53,601688.53,0.00,0.00,2805.45,2805.45,0.00,0.00,3841670771.06,6407028918.60,0.00,0.00,0.00,0.00,73590182,80442082,0,0
1111.02,604495.35,604495.35,0.00,0.00,2806.82,2806.82,0.00,0.00,3841670771.06,6407028918.60,0.00,0.00,0.00,0.00,73974678,80776132,0,0
1113.02,607320.10,607320.10,0.00,0.00,2824.75,2824.75,0.00,0.00,3841670771.06,6407028918.60,0.00,0.00,0.00,0.00,74333279,81140667,0,0
1115.02,610160.73,610160.73,0.00,0.00,2840.62,2840.62,0.00,0.00,3841670771.06,6407028918.60,0.00,0.00,0.00,0.00,74714033,81487113,0,0
1117.02,613016.21,613016.21,0.00,0.00,2855.48,2855.48,0.00,0.00,3841670771.06,6407028918.60,0.00,0.00,0.00,0.00,75101674,81830476,0,0
1119.02,615708.06,615708.06,0.00,0.00,2691.85,2691.85,0.00,0.00,3841670771.06,6407028918.60,0.00,0.00,0.00,0.00,75444443,82176820,0,0
1121.02,618230.71,618230.71,0.00,0.00,2522.66,2522.66,0.00,0.00,3841670771.06,6407028918.60,0.00,0.00,0.00,0.00,75784530,82482533,0,0
1123.02,620741.71,620741.71,0.00,0.00,2511.00,2511.00,0.00,0.00,3841670771.06,6407028918.60,0.00,0.00,0.00,0.00,76109749,82800129,0,0
1125.02,623276.16,623276.16,0.00,0.00,2534.45,2534.45,0.00,0.00,3841670771.06,6407028918.60,0.00,0.00,0.00,0.00,76428479,83130217,0,0
1127.02,625788.30,625788.30,0.00,0.00,2512.15,2512.15,0.00,0.00,3841670771.06,6407028918.60,0.00,0.00,0.00,0.00,76754076,83447730,0,0
1129.02,628306.62,628306.62,0.00,0.00,2518.32,2518.32,0.00,0.00,3841670771.06,6407028918.60,0.00,0.00,0.00,0.00,77109507,83736988,0,0
1131.02,630841.66,630841.66,0.00,0.00,2535.04,2535.04,0.00,0.00,3841670771.06,6407028918.60,0.00,0.00,0.00,0.00,77458446,84037019,0,0
1133.02,633374.38,633374.38,0.00,0.00,2532.71,2532.71,0.00,0.00,3841670771.06,6407028918.60,0.00,0.00,0.00,0.00,77781570,84362270,0,0
1135.02,635895.16,635895.16,0.00,0.00,2520.78,2520.78,0.00,0.00,3841670771.06,6407028918.60,0.00,0.00,0.00,0.00,78106815,84682345,0,0
1137.02,638414.89,638414.89,0.00,0.00,2519.73,2519.73,0.00,0.00,3841670771.06,6407028918.60,0.00,0.00,0.00,0.00,78450893,84983318,0,0
1139.02,640946.23,640946.23,0.00,0.00,2531.34,2531.34,0.00,0.00,3841670771.06,6407028918.60,0.00,0.00,0.00,0.00,78783579,85298656,0,0
1141.02,643451.41,643451.41,0.00,0.00,2505.18,2505.18,0.00,0.00,3841670771.06,6407028918.60,0.00,0.00,0.00,0.00,79115629,85607933,0,0
1143.02,645969.06,645969.06,0.00,0.00,2517.64,2517.64,0.00,0.00,3841670771.06,6407028918.60,0.00,0.00,0.00,0.00,79453231,85914848,0,0
1145.02,648497.41,648497.41,0.00,0.00,2528.35,2528.35,0.00,0.00,3841670771.06,6407028918.60,0.00,0.00,0.00,0.00,79778557,86236780,0,0
1147.02,651035.95,651035.95,0.00,0.00,2538.54,2538.54,0.00,0.00,3841670771.06,6407028918.60,0.00,0.00,0.00,0.00,80113899,86551305,0,0
1149.02,653589.93,653589.93,0.00,0.00,2553.98,2553.98,0.00,0.00,3841670771.06,6407028918.60,0.00,0.00,0.00,0.00,80438729,86880294,0,0
1151.02,656125.87,656125.87,0.00,0.00,2535.94,2535.94,0.00,0.00,3841670771.06,6407028918.60,0.00,0.00,0.00,0.00,80772167,87196056,0,0
1153.02,658655.22,658655.22,0.00,0.00,2529.35,2529.35,0.00,0.00,3841670771.06,6407028918.60,0.00,0.00,0.00,0.00,81092516,87523221,0,0
1155.02,661196.92,661196.92,0.00,0.00,2541.70,2541.70,0.00,0.00,3841670771.06,6407028918.60,0.00,0.00,0.00,0.00,81420409,87846002,0,0
1157.02,663749.37,663749.37,0.00,0.00,2552.45,2552.45,0.00,0.00,3841670771.06,6407028918.60,0.00,0.00,0.00,0.00,81719132,88200707,0,0
1159.02,666314.99,666314.99,0.00,0.00,2565.62,2565.62,0.00,0.00,3841670771.06,6407028918.60,0.00,0.00,0.00,0.00,82023853,88552784,0,0
1161.02,668866.17,668866.17,0.00,0.00,2551.18,2551.18,0.00,0.00,3841670771.06,6407028918.60,0.00,0.00,0.00,0.00,82331753,88897986,0,0
1163.02,671389.13,671389.13,0.00,0.00,2522.96,2522.96,0.00,0.00,3841670771.06,6407028918.60,0.00,0.00,0.00,0.00,82632416,89243201,0,0
1165.02,673957.97,673957.97,0.00,0.00,2568.84,2568.84,0.00,0.00,3841670771.06,6407028918.60,0.00,0.00,0.00,0.00,82939551,89593690,0,0
1167.02,676569.87,676569.87,0.00,0.00,2611.89,2611.89,0.00,0.00,3841670771.06,6407028918.60,0.00,0.00,0.00,0.00,83247164,89954722,0,0
1169.02,679177.03,679177.03,0.00,0.00,2607.16,2607.16,0.00,0.00,3841670771.06,6407028918.60,0.00,0.00,0.00,0.00,83539964,90329355,0,0
1171.02,681840.02,681840.02,0.00,0.00,2663.00,2663.00,0.00,0.00,3841670771.06,6407028918.60,0.00,0.00,0.00,0.00,83876929,90674117,0,0
1173.02,684487.14,684487.14,0.00,0.00,2647.12,2647.12,0.00,0.00,3841670771.06,6407028918.60,0.00,0.00,0.00,0.00,84178919,91049789,0,0
1175.02,687176.29,687176.29,0.00,0.00,2689.14,2689.14,0.00,0.00,3841670771.06,6407028918.60,0.00,0.00,0.00,0.00,84513813,91403316,0,0
1177.02,689865.73,689865.73,0.00,0.00,2689.45,2689.45,0.00,0.00,3841670771.06,6407028918.60,0.00,0.00,0.00,0.00,84831656,91773972,0,0
1179.02,692555.78,692555.78,0.00,0.00,2690.04,2690.04,0.00,0.00,3841670771.06,6407028918.60,0.00,0.00,0.00,0.00,85131074,92163205,0,0
1181.02,695271.40,695271.40,0.00,0.00,2715.62,2715.62,0.00,0.00,3841670771.06,6407028918.60,0.00,0.00,0.00,0.00,85420214,92569265,0,0
1183.02,697993.89,697993.89,0.00,0.00,2722.48,2722.48,0.00,0.00,3841670771.06,6407028918.60,0.00,0.00,0.00,0.00,85715168,92971267,0,0
1185.02,700734.05,700734.05,0.00,0.00,2740.16,2740.16,0.00,0.00,3841670771.06,6407028918.60,0.00,0.00,0.00,0.00,86019448,93368468,0,0
1187.02,703504.89,703504.89,0.00,0.00,2770.84,2770.84,0.00,0.00,3841670771.06,6407028918.60,0.00,0.00,0.00,0.00,86328324,93768927,0,0
1189.02,706293.93,706293.93,0.00,0.00,2789.05,2789.05,0.00,0.00,3841670771.06,6407028918.60,0.00,0.00,0.00,0.00,86659507,94151740,0,0
1191.02,709085.80,709085.80,0.00,0.00,2791.86,2791.86,0.00,0.00,3841670771.06,6407028918.60,0.00,0.00,0.00,0.00,86976309,94549655,0,0
1193.02,711875.33,711875.33,0.00,0.00,2789.53,2789.53,0.00,0.00,3841670771.06,6407028918.60,0.00,0.00,0.00,0.00,87276183,94963901,0,0
1195.02,714682.98,714682.98,0.00,0.00,2807.65,2807.65,0.00,0.00,3841670771.06,6407028918.60,0.00,0.00,0.00,0.00,87607486,95351356,0,0
1197.02,717498.25,717498.25,0.00,0.00,2815.27,2815.27,0.00,0.00,3841670771.06,6407028918.60,0.00,0.00,0.00,0.00,87943801,95735751,0,0
1199.02,720206.98,720206.98,0.00,0.00,2708.73,2708.73,0.00,0.00,3841670771.06,6407028918.60,0.00,0.00,0.00,0.00,88267114,96105874,0,0
1201.02,722882.17,722882.17,0.00,0.00,2675.19,2675.19,0.00,0.00,3841670771.06,6407028918.60,0.00,0.00,0.00,0.00,88585003,96472833,0,0
1203.02,725553.67,725553.67,0.00,0.00,2671.50,2671.50,0.00,0.00,3841670771.06,6407028918.60,0.00,0.00,0.00,0.00,88913178,96828561,0,0
1205.02,728271.06,728271.06,0.00,0.00,2717.39,2717.39,0.00,0.00,3841670771.06,6407028918.60,0.00,0.00,0.00,0.00,89247339,97190052,0,0
1207.02,731032.49,731032.49,0.00,0.00,2761.43,2761.43,0.00,0.00,3841670771.06,6407028918.60,0.00,0.00,0.00,0.00,89585968,97558349,0,0
1209.02,733746.33,733746.33,0.00,0.00,2713.84,2713.84,0.00,0.00,3841670771.06,6407028918.60,0.00,0.00,0.00,0.00,89919646,97919415,0,0
1211.02,736486.09,736486.09,0.00,0.00,2739.76,2739.76,0.00,0.00,3841670771.06,6407028918.60,0.00,0.00,0.00,0.00,90253821,98286619,0,0
1213.02,739213.26,739213.26,0.00,0.00,2727.17,2727.17,0.00,0.00,3841670771.06,6407028918.60,0.00,0.00,0.00,0.00,90583323,98655272,0,0
1215.02,741992.26,741992.26,0.00,0.00,2779.00,2779.00,0.00,0.00,3841670771.06,6407028918.60,0.00,0.00,0.00,0.00,90922004,99028015,0,0
1217.02,744718.78,744718.78,0.00,0.00,2726.52,2726.52,0.00,0.00,3841670771.06,6407028918.60,0.00,0.00,0.00,0.00,91249864,99398143,0,0
1219.02,747523.88,747523.88,0.00,0.00,2805.11,2805.11,0.00,0.00,3841670771.06,6407028918.60,0.00,0.00,0.00,0.00,91590134,99775980,0,0
1221.02,750353.73,750353.73,0.00,0.00,2829.85,2829.85,0.00,0.00,3841670771.06,6407028918.60,0.00,0.00,0.00,0.00,91913506,100177050,0,0
1223.02,753132.86,753132.86,0.00,0.00,2779.13,2779.13,0.00,0.00,3841670771.06,6407028918.60,0.00,0.00,0.00,0.00,92247441,100554572,0,0
1225.02,755951.24,755951.24,0.00,0.00,2818.38,2818.38,0.00,0.00,3841670771.06,6407028918.60,0.00,0.00,0.00,0.00,92559177,100964341,0,0
1227.02,758779.16,758779.16,0.00,0.00,2827.92,2827.92,0.00,0.00,3841670771.06,6407028918.60,0.00,0.00,0.00,0.00,92875288,101372178,0,0
1229.02,761623.99,761623.99,0.00,0.00,2844.82,2844.82,0.00,0.00,3841670771.06,6407028918.60,0.00,0.00,0.00,0.00,93165471,101810270,0,0
1231.02,764462.78,764462.78,0.00,0.00,2838.79,2838.79,0.00,0.00,3841670771.06,6407028918.60,0.00,0.00,0.00,0.00,93473215,102229257,0,0
1233.02,767303.04,767303.04,0.00,0.00,2840.25,2840.25,0.00,0.00,3841670771.06,6407028918.60,0.00,0.00,0.00,0.00,93773846,102655731,0,0
1235.02,770140.41,770140.41,0.00,0.00,2837.37,2837.37,0.00,0.00,3841670771.06,6407028918.60,0.00,0.00,0.00,0.00,94083656,103072288,0,0
1237.02,772992.13,772992.13,0.00,0.00,2851.72,2851.72,0.00,0.00,3841670771.06,6407028918.60,0.00,0.00,0.00,0.00,94398531,103487454,0,0
1239.02,775848.07,775848.07,0.00,0.00,2855.94,2855.94,0.00,0.00,3841670771.06,6407028918.60,0.00,0.00,0.00,0.00,94720520,103896586,0,0
1241.02,778694.50,778694.50,0.00,0.00,2846.43,2846.43,0.00,0.00,3841670771.06,6407028918.60,0.00,0.00,0.00,0.00,95007639,104338152,0,0
1243.02,781488.54,781488.54,0.00,0.00,2794.04,2794.04,0.00,0.00,3841670771.06,6407028918.60,0.00,0.00,0.00,0.00,95321811,104739255,0,0
1245.02,784373.33,784373.33,0.00,0.00,2884.79,2884.79,0.00,0.00,3841670771.06,6407028918.60,0.00,0.00,0.00,0.00,95626946,105172626,0,0
1247.02,787242.41,787242.41,0.00,0.00,2869.08,2869.08,0.00,0.00,3841670771.06,6407028918.60,0.00,0.00,0.00,0.00,95952843,105581213,0,0
1249.02,790108.64,790108.64,0.00,0.00,2866.23,2866.23,0.00,0.00,3841670771.06,6407028918.60,0.00,0.00,0.00,0.00,96259839,106007972,0,0
1251.02,792980.98,792980.98,0.00,0.00,2872.34,2872.34,0.00,0.00,3841670771.06,6407028918.60,0.00,0.00,0.00,0.00,96583160,106419970,0,0
1253.02,795844.78,795844.78,0.00,0.00,2863.80,2863.80,0.00,0.00,3841670771.06,6407028918.60,0.00,0.00,0.00,0.00,96901971,106834293,0,0
1255.02,798683.81,798683.81,0.00,0.00,2839.03,2839.03,0.00,0.00,3841670771.06,6407028918.60,0.00,0.00,0.00,0.00,97213706,107249350,0,0
1257.02,801501.97,801501.97,0.00,0.00,2818.16,2818.16,0.00,0.00,3841670771.06,6407028918.60,0.00,0.00,0.00,0.00,97530514,107653991,0,0
1259.02,804350.77,804350.77,0.00,0.00,2848.80,2848.80,0.00,0.00,3841670771.06,6407028918.60,0.00,0.00,0.00,0.00,97824667,108089131,0,0
1261.02,807192.65,807192.65,0.00,0.00,2841.88,2841.88,0.00,0.00,3841670771.06,6407028918.60,0.00,0.00,0.00,0.00,98113626,108527693,0,0
1263.02,809943.07,809943.07,0.00,0.00,2750.42,2750.42,0.00,0.00,3841670771.06,6407028918.60,0.00,0.00,0.00,0.00,98386382,108959045,0,0
1265.02,812795.61,812795.61,0.00,0.00,2852.54,2852.54,0.00,0.00,3841670771.06,6407028918.60,0.00,0.00,0.00,0.00,98689426,109386250,0,0
1267.02,815650.41,815650.41,0.00,0.00,2854.80,2854.80,0.00,0.00,3841670771.06,6407028918.60,0.00,0.00,0.00,0.00,99010979,109795525,0,0
1269.02,818514.45,818514.45,0.00,0.00,2864.04,2864.04,0.00,0.00,3841670771.06,6407028918.60,0.00,0.00,0.00,0.00,99337857,110201841,0,0
1271.02,821370.14,821370.14,0.00,0.00,2855.69,2855.69,0.00,0.00,3841670771.06,6407028918.60,0.00,0.00,0.00,0.00,99699631,110571124,0,0
1273.02,824236.92,824236.92,0.00,0.00,2866.78,2866.78,0.00,0.00,3841670771.06,6407028918.60,0.00,0.00,0.00,0.00,100035444,110969207,0,0
1275.02,827116.97,827116.97,0.00,0.00,2880.05,2880.05,0.00,0.00,3841670771.06,6407028918.60,0.00,0.00,0.00,0.00,100351953,111389992,0,0
1277.02,829997.09,829997.09,0.00,0.00,2880.12,2880.12,0.00,0.00,3841670771.06,6407028918.60,0.00,0.00,0.00,0.00,100687692,111791564,0,0
1279.02,832870.07,832870.07,0.00,0.00,2872.98,2872.98,0.00,0.00,3841670771.06,6407028918.60,0.00,0.00,0.00,0.00,101011926,112202813,0,0
1281.02,835764.29,835764.29,0.00,0.00,2894.22,2894.22,0.00,0.00,3841670771.06,6407028918.60,0.00,0.00,0.00,0.00,101372547,112583112,0,0
1285.88,836638.45,836638.45,0.00,0.00,874.15,874.15,0.00,0.00,3841670771.06,6407028918.60,0.00,0.00,0.00,0.00,101473725,112705717,0,0
1287.88,839198.85,839198.85,0.00,0.00,2560.41,2560.41,0.00,0.00,3841670771.06,6407028918.60,0.00,0.00,0.00,0.00,101760177,113074729,0,0
1289.88,841733.62,841733.62,0.00,0.00,2534.77,2534.77,0.00,0.00,3841670771.06,6407028918.60,0.00,0.00,0.00,0.00,102065744,113418062,0,0
1291.88,844267.20,844267.20,0.00,0.00,2533.58,2533.58,0.00,0.00,3841670771.06,6407028918.60,0.00,0.00,0.00,0.00,102352600,113779803,0,0
1293.88,846801.23,846801.23,0.00,0.00,2534.03,2534.03,0.00,0.00,3841670771.06,6407028918.60,0.00,0.00,0.00,0.00,102650586,114130528,0,0
1295.88,849354.74,849354.74,0.00,0.00,2553.52,2553.52,0.00,0.00,3841670771.06,6407028918.60,0.00,0.00,0.00,0.00,102938996,114495818,0,0
1297.88,851920.71,851920.71,0.00,0.00,2565.97,2565.97,0.00,0.00,3841670771.06,6407028918.60,0.00,0.00,0.00,0.00,103232932,114858770,0,0
1299.88,854491.77,854491.77,0.00,0.00,2571.06,2571.06,0.00,0.00,3841670771.06,6407028918.60,0.00,0.00,0.00,0.00,103553698,115196195,0,0
1301.88,857066.13,857066.13,0.00,0.00,2574.36,2574.36,0.00,0.00,3841670771.06,6407028918.60,0.00,0.00,0.00,0.00,103866966,115541964,0,0
1303.88,859620.08,859620.08,0.00,0.00,2553.95,2553.95,0.00,0.00,3841670771.06,6407028918.60,0.00,0.00,0.00,0.00,104139277,115923464,0,0
1305.88,862266.65,862266.65,0.00,0.00,2646.57,2646.57,0.00,0.00,3841670771.06,6407028918.60,0.00,0.00,0.00,0.00,104475912,116264351,0,0
1307.88,864919.86,864919.86,0.00,0.00,2653.21,2653.21,0.00,0.00,3841670771.06,6407028918.60,0.00,0.00,0.00,0.00,104773904,116645580,0,0
1309.88,867551.81,867551.81,0.00,0.00,2631.95,2631.95,0.00,0.00,3841670771.06,6407028918.60,0.00,0.00,0.00,0.00,105091184,117002079,0,0
1311.88,870175.04,870175.04,0.00,0.00,2623.23,2623.23,0.00,0.00,3841670771.06,6407028918.60,0.00,0.00,0.00,0.00,105389973,117374836,0,0
1313.88,872876.85,872876.85,0.00,0.00,2701.82,2701.82,0.00,0.00,3841670771.06,6407028918.60,0.00,0.00,0.00,0.00,105723673,117732801,0,0
1315.88,875551.63,875551.63,0.00,0.00,2674.78,2674.78,0.00,0.00,3841670771.06,6407028918.60,0.00,0.00,0.00,0.00,106020752,118120465,0,0
1317.88,878315.27,878315.27,0.00,0.00,2763.64,2763.64,0.00,0.00,3841670771.06,6407028918.60,0.00,0.00,0.00,0.00,106370464,118478244,0,0
1319.88,881044.23,881044.23,0.00,0.00,2728.97,2728.97,0.00,0.00,3841670771.06,6407028918.60,0.00,0.00,0.00,0.00,106702535,118844789,0,0
1321.88,883697.39,883697.39,0.00,0.00,2653.16,2653.16,0.00,0.00,3841670771.06,6407028918.60,0.00,0.00,0.00,0.00,106998176,119228357,0,0
1323.88,886365.76,886365.76,0.00,0.00,2668.37,2668.37,0.00,0.00,3841670771.06,6407028918.60,0.00,0.00,0.00,0.00,107323979,119585656,0,0
1325.88,889054.08,889054.08,0.00,0.00,2688.32,2688.32,0.00,0.00,3841670771.06,6407028918.60,0.00,0.00,0.00,0.00,107675105,119922740,0,0
1327.88,891851.18,891851.18,0.00,0.00,2797.10,2797.10,0.00,0.00,3841670771.06,6407028918.60,0.00,0.00,0.00,0.00,107996081,120317821,0,0
1329.88,894662.26,894662.26,0.00,0.00,2811.08,2811.08,0.00,0.00,3841670771.06,6407028918.60,0.00,0.00,0.00,0.00,108316830,120716708,0,0
1331.88,897425.14,897425.14,0.00,0.00,2762.89,2762.89,0.00,0.00,3841670771.06,6407028918.60,0.00,0.00,0.00,0.00,108629606,121111231,0,0
1333.88,900236.01,900236.01,0.00,0.00,2810.86,2810.86,0.00,0.00,3841670771.06,6407028918.60,0.00,0.00,0.00,0.00,108964988,121495430,0,0
1335.88,903019.43,903019.43,0.00,0.00,2783.42,2783.42,0.00,0.00,3841670771.06,6407028918.60,0.00,0.00,0.00,0.00,109278196,121894778,0,0
1337.88,905798.48,905798.48,0.00,0.00,2779.05,2779.05,0.00,0.00,3841670771.06,6407028918.60,0.00,0.00,0.00,0.00,109601221,122283189,0,0
1339.88,908400.26,908400.26,0.00,0.00,2601.79,2601.79,0.00,0.00,3841670771.06,6407028918.60,0.00,0.00,0.00,0.00,109881595,122668872,0,0
1341.88,911004.86,911004.86,0.00,0.00,2604.60,2604.60,0.00,0.00,3841670771.06,6407028918.60,0.00,0.00,0.00,0.00,110172502,123044742,0,0
1343.88,913627.08,913627.08,0.00,0.00,2622.22,2622.22,0.00,0.00,3841670771.06,6407028918.60,0.00,0.00,0.00,0.00,110462614,123425918,0,0
1345.88,916277.29,916277.29,0.00,0.00,2650.21,2650.21,0.00,0.00,3841670771.06,6407028918.60,0.00,0.00,0.00,0.00,110773682,123793305,0,0
1347.88,918911.90,918911.90,0.00,0.00,2634.61,2634.61,0.00,0.00,3841670771.06,6407028918.60,0.00,0.00,0.00,0.00,111050958,124190489,0,0
1349.88,921626.24,921626.24,0.00,0.00,2714.34,2714.34,0.00,0.00,3841670771.06,6407028918.60,0.00,0.00,0.00,0.00,111338457,124597861,0,0
1351.88,924358.25,924358.25,0.00,0.00,2732.01,2732.01,0.00,0.00,3841670771.06,6407028918.60,0.00,0.00,0.00,0.00,111615695,125020017,0,0
1353.88,927166.97,927166.97,0.00,0.00,2808.72,2808.72,0.00,0.00,3841670771.06,6407028918.60,0.00,0.00,0.00,0.00,111926076,125428669,0,0
1355.88,929988.17,929988.17,0.00,0.00,2821.20,2821.20,0.00,0.00,3841670771.06,6407028918.60,0.00,0.00,0.00,0.00,112240784,125836188,0,0
1357.88,932786.48,932786.48,0.00,0.00,2798.31,2798.31,0.00,0.00,3841670771.06,6407028918.60,0.00,0.00,0.00,0.00,112549351,126243989,0,0
1359.88,935545.99,935545.99,0.00,0.00,2759.51,2759.51,0.00,0.00,3841670771.06,6407028918.60,0.00,0.00,0.00,0.00,112842606,126657168,0,0
1361.88,938312.85,938312.85,0.00,0.00,2766.86,2766.86,0.00,0.00,3841670771.06,6407028918.60,0.00,0.00,0.00,0.00,113131080,127077009,0,0
1363.88,941073.48,941073.48,0.00,0.00,2760.64,2760.64,0.00,0.00,3841670771.06,6407028918.60,0.00,0.00,0.00,0.00,113423462,127491350,0,0
1365.88,943872.59,943872.59,0.00,0.00,2799.11,2799.11,0.00,0.00,3841670771.06,6407028918.60,0.00,0.00,0.00,0.00,113737207,127894177,0,0
1367.88,946706.41,946706.41,0.00,0.00,2833.82,2833.82,0.00,0.00,3841670771.06,6407028918.60,0.00,0.00,0.00,0.00,114090357,128266485,0,0
1369.88,949506.74,949506.74,0.00,0.00,2800.33,2800.33,0.00,0.00,3841670771.06,6407028918.60,0.00,0.00,0.00,0.00,114414718,128659008,0,0
1371.88,952327.00,952327.00,0.00,0.00,2820.26,2820.26,0.00,0.00,3841670771.06,6407028918.60,0.00,0.00,0.00,0.00,114730014,129065699,0,0
1373.88,955167.56,955167.56,0.00,0.00,2840.55,2840.55,0.00,0.00,3841670771.06,6407028918.60,0.00,0.00,0.00,0.00,115041101,129481794,0,0
1375.88,957968.52,957968.52,0.00,0.00,2800.96,2800.96,0.00,0.00,3841670771.06,6407028918.60,0.00,0.00,0.00,0.00,115356663,129883278,0,0
1377.88,960626.93,961604.80,0.00,977.87,2658.41,3636.28,0.00,977.87,3841670771.06,6407028918.60,0.00,0.00,0.00,0.00,115653146,130267348,0,0
1379.88,963099.54,966045.92,0.00,2946.38,2472.61,4441.12,0.00,1968.51,3841670771.06,6407028918.60,0.00,0.00,0.00,0.00,115915119,130638364,0,0
1381.88,965033.28,969650.75,0.00,4617.47,1933.74,3604.84,0.00,1671.10,3841670771.06,6407028918.60,0.00,0.00,0.00,0.00,116122925,130925595,1038713,0
1383.88,967441.02,972427.39,0.00,4986.37,2407.74,2776.64,0.00,368.90,3841670771.06,6407028918.60,0.00,0.00,0.00,0.00,116383936,131280965,1276511,0
1385.88,969980.94,974967.31,0.00,4986.37,2539.92,2539.92,0.00,0.00,3841670771.06,6407028918.60,0.00,0.00,0.00,0.00,116662225,131652895,1276511,0
1387.88,972190.24,978183.60,0.00,5993.36,2209.30,3216.29,0.00,1006.98,3841670771.06,6407028918.60,0.00,0.00,0.00,0.00,116898797,131981905,1534299,0
1389.88,974727.08,980720.44,0.00,5993.36,2536.84,2536.84,0.00,0.00,3841670771.06,6407028918.60,0.00,0.00,0.00,0.00,117178730,132351403,1534299,0
1391.88,977123.23,983426.59,0.00,6303.36,2396.15,2706.15,0.00,310.00,3841670771.06,6407028918.60,0.00,0.00,0.00,0.00,117457076,132686471,1534299,0
1393.88,979033.55,987128.98,0.00,8095.43,1910.32,3702.40,0.00,1792.07,3841670771.06,6407028918.60,0.00,0.00,0.00,0.00,117674959,132957631,2072430,0
1395.88,981597.69,989693.12,0.00,8095.43,2564.14,2564.14,0.00,0.00,3841670771.06,6407028918.60,0.00,0.00,0.00,0.00,117948833,133340176,2072430,0
1397.88,983780.83,992842.02,0.00,9061.19,2183.14,3148.90,0.00,965.76,3841670771.06,6407028918.60,0.00,0.00,0.00,0.00,118175906,133671987,2319663,0
1399.88,986306.30,995367.49,0.00,9061.19,2525.47,2525.47,0.00,0.00,3841670771.06,6407028918.60,0.00,0.00,0.00,0.00,118438861,134055552,2319663,0
1401.88,988856.33,997917.52,0.00,9061.19,2550.03,2550.03,0.00,0.00,3841670771.06,6407028918.60,0.00,0.00,0.00,0.00,118690557,134456663,2319663,0
1403.88,990663.62,1001717.30,0.00,11053.68,1807.29,3799.79,0.00,1992.50,3841670771.06,6407028918.60,0.00,0.00,0.00,0.00,118869375,134740512,2560942,0
1405.88,993159.91,1004217.65,0.00,11057.73,2496.29,2500.34,0.00,4.05,3841670771.06,6407028918.60,0.00,0.00,0.00,0.00,119114911,135134027,2830779,0
1407.88,995572.79,1006964.52,0.00,11391.73,2412.87,2746.87,0.00,334.00,3841670771.06,6407028918.60,0.00,0.00,0.00,0.00,119357996,135508637,2830779,0
1409.88,997868.04,1010097.46,0.00,12229.43,2295.25,3132.95,0.00,837.69,3841670771.06,6407028918.60,0.00,0.00,0.00,0.00,119588535,135865683,3130732,0
1411.88,1000404.54,1012633.97,0.00,12229.43,2536.50,2536.50,0.00,0.00,3841670771.06,6407028918.60,0.00,0.00,0.00,0.00,119859525,136244038,3130732,0
1413.88,1002608.66,1015770.76,0.00,13162.09,2204.12,3136.79,0.00,932.67,3841670771.06,6407028918.60,0.00,0.00,0.00,0.00,120096753,136571065,3369495,0
1415.88,1005137.26,1018299.35,0.00,13162.09,2528.59,2528.59,0.00,0.00,3841670771.06,6407028918.60,0.00,0.00,0.00,0.00,120356785,136958353,3369495,0
1417.88,1007630.54,1020814.63,0.00,13184.09,2493.28,2515.28,0.00,22.00,3841670771.06,6407028918.60,0.00,0.00,0.00,0.00,120634571,137318847,3369495,0
1419.88,1009855.84,1024010.33,0.00,14154.49,2225.30,3195.70,0.00,970.39,3841670771.06,6407028918.60,0.00,0.00,0.00,0.00,120876443,137646653,3623239,0
1421.88,1012401.39,1026555.88,0.00,14154.49,2545.54,2545.54,0.00,0.00,3841670771.06,6407028918.60,0.00,0.00,0.00,0.00,121138264,138036491,3623239,0
1423.88,1014527.33,1029747.82,0.00,15220.49,2125.94,3191.94,0.00,1066.00,3841670771.06,6407028918.60,0.00,0.00,0.00,0.00,121362271,138356725,3623239,0
1425.88,1016716.63,1032977.50,0.00,16260.87,2189.30,3229.68,0.00,1040.38,3841670771.06,6407028918.60,0.00,0.00,0.00,0.00,121586641,138692817,4162471,0
1427.88,1019248.40,1035509.27,0.00,16260.87,2531.77,2531.77,0.00,0.00,3841670771.06,6407028918.60,0.00,0.00,0.00,0.00,121832209,139095382,4162471,0
1429.88,1021424.96,1038921.66,0.00,17496.70,2176.56,3412.39,0.00,1235.83,3841670771.06,6407028918.60,0.00,0.00,0.00,0.00,122047305,139437486,4474785,0
1431.88,1023955.66,1041452.36,0.00,17496.70,2530.69,2530.69,0.00,0.00,3841670771.06,6407028918.60,0.00,0.00,0.00,0.00,122298627,139834021,4474785,0
1433.88,1026343.96,1044254.66,0.00,17910.70,2388.30,2802.30,0.00,414.00,3841670771.06,6407028918.60,0.00,0.00,0.00,0.00,122559278,140184775,4474785,0
1435.88,1028665.27,1047360.63,0.00,18695.36,2321.31,3105.98,0.00,784.66,3841670771.06,6407028918.60,0.00,0.00,0.00,0.00,122814064,140524245,4781538,0
1437.88,1031200.26,1049895.62,0.00,18695.36,2534.99,2534.99,0.00,0.00,3841670771.06,6407028918.60,0.00,0.00,0.00,0.00,123047880,140939386,4781538,0
1439.88,1033317.55,1053274.53,0.00,19956.98,2117.29,3378.91,0.00,1261.62,3841670771.06,6407028918.60,0.00,0.00,0.00,0.00,123274821,141254471,5100631,0
1441.88,1035871.43,1055828.41,0.00,19956.98,2553.88,2553.88,0.00,0.00,3841670771.06,6407028918.60,0.00,0.00,0.00,0.00,123532248,141650837,5100631,0
1443.88,1038348.17,1058321.16,0.00,19972.98,2476.75,2492.75,0.00,16.00,3841670771.06,6407028918.60,0.00,0.00,0.00,0.00,123790984,142026148,5100631,0
1445.88,1040492.05,1061676.89,0.00,21184.84,2143.88,3355.73,0.00,1211.86,3841670771.06,6407028918.60,0.00,0.00,0.00,0.00,124009439,142356525,5414963,0
1447.88,1043009.11,1064193.95,0.00,21184.84,2517.06,2517.06,0.00,0.00,3841670771.06,6407028918.60,0.00,0.00,0.00,0.00,124274966,142735366,5414963,0
1449.88,1045191.16,1067352.01,0.00,22160.84,2182.05,3158.05,0.00,976.00,3841670771.06,6407028918.60,0.00,0.00,0.00,0.00,124498323,143070615,5414963,0
1451.88,1047227.35,1070820.54,0.00,23593.19,2036.18,3468.53,0.00,1432.35,3841670771.06,6407028918.60,0.00,0.00,0.00,0.00,124703803,143386398,6031481,0
1453.88,1049750.84,1073344.03,0.00,23593.19,2523.49,2523.49,0.00,0.00,3841670771.06,6407028918.60,0.00,0.00,0.00,0.00,124955785,143780429,6031481,0
1455.88,1051901.02,1076626.23,0.00,24725.21,2150.18,3282.20,0.00,1132.02,3841670771.06,6407028918.60,0.00,0.00,0.00,0.00,125179308,144107352,6321279,0
1457.88,1054433.40,1079158.62,0.00,24725.21,2532.39,2532.39,0.00,0.00,3841670771.06,6407028918.60,0.00,0.00,0.00,0.00,125445578,144489373,6321279,0
1459.88,1056878.46,1081759.68,0.00,24881.21,2445.06,2601.06,0.00,156.00,3841670771.06,6407028918.60,0.00,0.00,0.00,0.00,125708224,144852663,6321279,0
1461.88,1059070.34,1085133.47,0.00,26063.12,2191.88,3373.79,0.00,1181.91,3841670771.06,6407028918.60,0.00,0.00,0.00,0.00,125898828,145223180,6663784,0
1463.88,1061568.80,1087631.93,0.00,26063.12,2498.46,2498.46,0.00,0.00,3841670771.06,6407028918.60,0.00,0.00,0.00,0.00,126154897,145606717,6663784,0
1465.88,1063819.12,1091004.24,0.00,27185.12,2250.31,3372.31,0.00,1122.00,3841670771.06,6407028918.60,0.00,0.00,0.00,0.00,126390832,145946862,6663784,0
1467.88,1066312.02,1093668.17,0.00,27356.16,2492.90,2663.93,0.00,171.03,3841670771.06,6407028918.60,0.00,0.00,0.00,0.00,126638135,146337741,6994799,0
1469.88,1068820.38,1096176.54,0.00,27356.16,2508.36,2508.36,0.00,0.00,3841670771.06,6407028918.60,0.00,0.00,0.00,0.00,126887735,146730282,6994799,0
1471.88,1070996.96,1099596.95,0.00,28599.99,2176.58,3420.41,0.00,1243.83,3841670771.06,6407028918.60,0.00,0.00,0.00,0.00,127110271,147064951,7313220,0
1473.88,1073519.77,1102119.76,0.00,28599.99,2522.81,2522.81,0.00,0.00,3841670771.06,6407028918.60,0.00,0.00,0.00,0.00,127352947,147468114,7313220,0
1475.88,1075791.21,1105157.20,0.00,29365.99,2271.44,3037.44,0.00,766.00,3841670771.06,6407028918.60,0.00,0.00,0.00,0.00,127582983,147819567,7313220,0
1477.88,1077602.55,1109207.28,0.00,31604.73,1811.34,4050.08,0.00,2238.74,3841670771.06,6407028918.60,0.00,0.00,0.00,0.00,127777178,148089074,8029186,0
1479.88,1079768.27,1112609.35,0.00,32841.08,2165.72,3402.07,0.00,1236.35,3841670771.06,6407028918.60,0.00,0.00,0.00,0.00,127981904,148438772,8398940,0
1481.88,1082043.62,1115818.70,0.00,33775.08,2275.36,3209.36,0.00,934.00,3841670771.06,6407028918.60,0.00,0.00,0.00,0.00,128219869,148783298,8398940,0
1483.88,1084401.61,1118817.90,0.00,34416.29,2357.98,2999.20,0.00,641.21,3841670771.06,6407028918.60,0.00,0.00,0.00,0.00,128441068,149165743,8802194,0
1485.88,1086931.55,1121347.84,0.00,34416.29,2529.95,2529.95,0.00,0.00,3841670771.06,6407028918.60,0.00,0.00,0.00,0.00,128694024,149560453,8802194,0
1487.88,1089034.14,1125057.02,0.00,36022.88,2102.59,3709.17,0.00,1606.59,3842495500.79,6407880251.10,824729.72,851332.50,0.00,0.00,128926820,149865919,9213480,0
1489.88,1091585.87,1127608.75,0.00,36022.88,2551.73,2551.73,0.00,0.00,3842495500.79,6407880251.10,0.00,0.00,0.00,0.00,129175632,150270351,9213480,0
1491.88,1093980.42,1130449.30,0.00,36468.88,2394.55,2840.55,0.00,446.00,3842495500.79,6407880251.10,0.00,0.00,0.00,0.00,129421986,150637002,9213480,0
1493.88,1095878.08,1134629.86,0.00,38751.77,1897.66,4180.55,0.00,2282.89,3842495500.79,6407880251.10,0.00,0.00,0.00,0.00,129613337,150931452,9601805,0
1495.88,1098352.47,1137379.90,0.00,39027.43,2474.39,2750.05,0.00,275.66,3842495500.79,6407880251.10,0.00,0.00,0.00,0.00,129851322,151326910,9982646,0
1497.88,1100659.26,1140776.70,0.00,40117.43,2306.79,3396.79,0.00,1090.00,3842495500.79,6407880251.10,0.00,0.00,0.00,0.00,130076063,151692708,9982646,0
1499.88,1103104.02,1143683.07,0.00,40579.04,2444.76,2906.37,0.00,461.61,3842495500.79,6407880251.10,0.00,0.00,0.00,0.00,130314350,152080280,10379857,0
1501.88,1105658.04,1146237.09,0.00,40579.04,2554.02,2554.02,0.00,0.00,3842495500.79,6407880251.10,0.00,0.00,0.00,0.00,130557451,152491008,10379857,0
1503.88,1107739.65,1149686.03,0.00,41946.38,2081.61,3448.95,0.00,1367.34,3842495500.79,6407880251.10,0.00,0.00,0.00,0.00,130791353,152789998,10729830,0
1505.88,1110265.88,1152212.26,0.00,41946.38,2526.23,2526.23,0.00,0.00,3842495500.79,6407880251.10,0.00,0.00,0.00,0.00,131028776,153199289,10729830,0
1507.88,1112585.37,1155205.75,0.00,42620.38,2319.49,2993.49,0.00,674.00,3842495500.79,6407880251.10,0.00,0.00,0.00,0.00,131280509,153541346,10729830,0
1509.88,1114830.25,1158346.99,0.00,43516.74,2244.88,3141.24,0.00,896.36,3842495500.79,6407880251.10,0.00,0.00,0.00,0.00,131503799,153892745,11127261,0
1511.88,1117369.64,1160886.38,0.00,43516.74,2539.39,2539.39,0.00,0.00,3842495500.79,6407880251.10,0.00,0.00,0.00,0.00,131757328,154289299,11127261,0
1513.88,1119455.35,1164393.22,0.00,44937.87,2085.71,3506.84,0.00,1421.13,3842495500.79,6407880251.10,0.00,0.00,0.00,0.00,131965895,154614674,11491071,0
1515.88,1122009.14,1166947.01,0.00,44937.87,2553.79,2553.79,0.00,0.00,3842495500.79,6407880251.10,0.00,0.00,0.00,0.00,132218187,155016152,11491071,0
1517.88,1124463.29,1169555.16,0.00,45091.87,2454.15,2608.15,0.00,154.00,3842495500.79,6407880251.10,0.00,0.00,0.00,0.00,132464674,155397927,11491071,0
1519.88,1126271.97,1173686.45,0.00,47414.48,1808.68,4131.30,0.00,2322.61,3842495500.79,6407880251.10,0.00,0.00,0.00,0.00,132641715,155683909,11918746,0
1521.88,1128556.73,1176827.07,0.00,48270.34,2284.77,3140.62,0.00,855.86,3842495500.79,6407880251.10,0.00,0.00,0.00,0.00,132867247,156043277,12344181,0
1523.88,1130973.30,1179789.64,0.00,48816.34,2416.57,2962.57,0.00,546.00,3842495500.79,6407880251.10,0.00,0.00,0.00,0.00,133112545,156416621,12344181,0
1525.88,1133219.55,1183274.50,0.00,50054.96,2246.24,3484.86,0.00,1238.62,3842495500.79,6407880251.10,0.00,0.00,0.00,0.00,133330911,156773293,12801043,0
1527.88,1135739.99,1185794.95,0.00,50054.96,2520.45,2520.45,0.00,0.00,3842495500.79,6407880251.10,0.00,0.00,0.00,0.00,133598962,157150476,12801043,0
1529.88,1137854.44,1189463.39,0.00,51608.96,2114.45,3668.45,0.00,1554.00,3842495500.79,6407880251.10,0.00,0.00,0.00,0.00,133831776,157458960,12801043,0
1531.88,1140298.38,1192080.61,0.00,51782.22,2443.95,2617.21,0.00,173.27,3842495500.79,6407880251.10,0.00,0.00,0.00,0.00,134109936,157806450,13243223,0
1533.88,1142784.04,1194566.26,0.00,51782.22,2485.65,2485.65,0.00,0.00,3842495500.79,6407880251.10,0.00,0.00,0.00,0.00,134358894,158193819,13243223,0
1535.88,1144867.71,1198805.43,0.00,53937.72,2083.68,4239.18,0.00,2155.50,3842495500.79,6407880251.10,0.00,0.00,0.00,0.00,134574593,158511541,13708698,0
1537.88,1147360.88,1202754.43,0.00,55393.56,2493.16,3949.00,0.00,1455.84,3842495500.79,6407880251.10,0.00,0.00,0.00,0.00,134859546,158864838,13708698,0
1539.88,1149794.23,1205560.10,0.00,55765.87,2433.36,2805.67,0.00,372.31,3842495500.79,6407880251.10,0.00,0.00,0.00,0.00,135106466,159240858,14184118,0
1541.88,1152305.55,1209621.07,0.00,57315.52,2511.32,4060.97,0.00,1549.65,3842495500.79,6407880251.10,0.00,0.00,0.00,0.00,135341302,159648919,14659746,0
1543.88,1154820.27,1212135.79,0.00,57315.52,2514.72,2514.72,0.00,0.00,3842495500.79,6407880251.10,0.00,0.00,0.00,0.00,135584058,160049932,14659746,0
1545.88,1157279.65,1215775.41,0.00,58495.76,2459.38,3639.61,0.00,1180.24,3842495500.79,6407880251.10,0.00,0.00,0.00,0.00,135825936,160437654,14659746,0
1547.88,1159774.31,1219024.45,0.00,59250.14,2494.66,3249.04,0.00,754.38,3842495500.79,6407880251.10,0.00,0.00,0.00,0.00,136064860,160837364,15154894,0
1549.88,1162195.84,1222096.94,0.00,59901.10,2421.53,3072.49,0.00,650.96,3842495500.79,6407880251.10,0.00,0.00,0.00,0.00,136300095,161222040,15154894,0
1551.88,1164539.71,1226157.51,0.00,61617.80,2343.87,4060.57,0.00,1716.71,3842495500.79,6407880251.10,0.00,0.00,0.00,0.00,136532544,161589621,15154894,0
1553.88,1167019.41,1230086.96,0.00,63067.55,2479.70,3929.45,0.00,1449.75,3842495500.79,6407880251.10,0.00,0.00,0.00,0.00,136775651,161981317,15830406,0
1555.88,1169571.72,1234340.93,0.00,64769.20,2552.32,4253.96,0.00,1701.65,3842495500.79,6407880251.10,0.00,0.00,0.00,0.00,137017437,162392924,15830406,0
1557.88,1171945.74,1238369.32,0.00,66423.59,2374.02,4028.40,0.00,1654.38,3842495500.79,6407880251.10,0.00,0.00,0.00,0.00,137239996,162778113,16623096,0
1559.91,1174486.63,1242664.50,0.00,68177.87,2540.89,4295.17,0.00,1754.28,3842495500.79,6407880251.10,0.00,0.00,0.00,0.00,137478346,163190231,17440389,0
1561.91,1176847.73,1246725.15,0.00,69877.43,2361.10,4060.66,0.00,1699.56,3842495500.79,6407880251.10,0.00,0.00,0.00,0.00,137730002,163543016,17440389,0
1563.91,1179314.27,1250884.75,0.00,71570.48,2466.54,4159.60,0.00,1693.06,3842495500.79,6407880251.10,0.00,0.00,0.00,0.00,138007172,163897280,18280861,0
1565.91,1181953.91,1255489.80,0.00,73535.88,2639.65,4605.05,0.00,1965.40,3842495500.79,6407880251.10,0.00,0.00,0.00,0.00,138266192,164314010,18280861,0
1567.91,1184408.58,1259706.66,0.00,75298.08,2454.67,4216.86,0.00,1762.20,3842495500.79,6407880251.10,0.00,0.00,0.00,0.00,138485407,164723190,18280861,0
1569.91,1187035.07,1264078.61,0.00,77043.54,2626.49,4371.95,0.00,1745.46,3842495500.79,6407880251.10,0.00,0.00,0.00,0.00,138767306,165113673,19259480,0
1571.91,1189477.71,1268180.67,0.00,78702.96,2442.64,4102.06,0.00,1659.42,3842495500.79,6407880251.10,0.00,0.00,0.00,0.00,138995399,165510895,19259480,0
1573.91,1192091.33,1272422.81,0.00,80331.48,2613.62,4242.14,0.00,1628.52,3842495500.79,6407880251.10,0.00,0.00,0.00,0.00,139240289,165935092,20122374,0
1575.91,1194522.00,1276514.11,0.00,81992.11,2430.66,4091.30,0.00,1660.63,3842495500.79,6407880251.10,0.00,0.00,0.00,0.00,139472937,166324694,20967850,0
1577.91,1197122.80,1280714.52,0.00,83591.71,2600.81,4200.41,0.00,1599.61,3842495500.79,6407880251.10,0.00,0.00,0.00,0.00,139725406,166738032,20967850,0
1579.91,1199649.32,1284676.04,0.00,85026.71,2526.52,3961.52,0.00,1435.00,3842495500.79,6407880251.10,0.00,0.00,0.00,0.00,139963704,167146523,21700087,0
1581.91,1202305.17,1288847.95,0.00,86542.78,2655.84,4171.91,0.00,1516.07,3842495500.79,6407880251.10,0.00,0.00,0.00,0.00,140206258,167583865,21700087,0
1583.91,1204802.09,1292886.04,0.00,88083.96,2496.92,4038.10,0.00,1541.18,3842495500.79,6407880251.10,0.00,0.00,0.00,0.00,140441834,167987500,22409603,0
1585.91,1207147.60,1297054.16,0.00,89906.56,2345.51,4168.11,0.00,1822.60,3842495500.79,6407880251.10,0.00,0.00,0.00,0.00,140661914,168367871,22409603,0
1587.91,1209655.41,1301174.80,0.00,91519.39,2507.81,4120.64,0.00,1612.83,3842495500.79,6407880251.10,0.00,0.00,0.00,0.00,140890606,168781179,23270937,0
1589.91,1212338.77,1305568.52,0.00,93229.75,2683.36,4393.72,0.00,1710.36,3842495500.79,6407880251.10,0.00,0.00,0.00,0.00,141159154,169199571,23270937,0
1591.91,1214834.29,1309665.95,0.00,94831.66,2495.52,4097.43,0.00,1601.91,3842495500.79,6407880251.10,0.00,0.00,0.00,0.00,141404150,169593429,24111344,0
1593.91,1217504.50,1314078.11,0.00,96573.61,2670.21,4412.16,0.00,1741.96,3842495500.79,6407880251.10,0.00,0.00,0.00,0.00,141652425,170028727,24111344,0
1595.91,1219987.79,1318126.68,0.00,98138.89,2483.29,4048.56,0.00,1565.27,3842495500.79,6407880251.10,0.00,0.00,0.00,0.00,141876616,170440258,24977811,0
1597.91,1222644.91,1322352.11,0.00,99707.20,2657.12,4225.43,0.00,1568.31,3842495500.79,6407880251.10,0.00,0.00,0.00,0.00,142111514,170885582,24977811,0
1599.91,1225219.05,1326437.29,0.00,101218.23,2574.15,4085.18,0.00,1511.04,3842495500.79,6407880251.10,0.00,0.00,0.00,0.00,142345368,171310710,25709304,0
1601.91,1227976.43,1330761.10,0.00,102784.67,2757.38,4323.81,0.00,1566.43,3842495500.79,6407880251.10,0.00,0.00,0.00,0.00,142637391,171724575,25709304,0
1603.91,1230545.71,1334793.33,0.00,104247.62,2569.28,4032.23,0.00,1462.95,3842495500.79,6407880251.10,0.00,0.00,0.00,0.00,142934773,172084929,26435493,0
1605.91,1232937.96,1338799.58,0.00,105861.62,2392.25,4006.25,0.00,1614.00,3842495500.79,6407880251.10,0.00,0.00,0.00,0.00,143184277,172447841,26435493,0
1607.91,1235494.07,1342842.73,0.00,107348.67,2556.11,4043.16,0.00,1487.05,3842495500.79,6407880251.10,0.00,0.00,0.00,0.00,143476455,172810026,27182217,0
1609.91,1238218.93,1347151.50,0.00,108932.57,2724.86,4308.76,0.00,1583.90,3842495500.79,6407880251.10,0.00,0.00,0.00,0.00,143740394,173243651,27182217,0
1611.91,1240861.88,1351201.70,0.00,110339.82,2642.95,4050.20,0.00,1407.25,3842495500.79,6407880251.10,0.00,0.00,0.00,0.00,143973260,173687380,27902544,0
1613.91,1243625.63,1355582.42,0.00,111956.79,2763.75,4380.73,0.00,1616.97,3842495500.79,6407880251.10,0.00,0.00,0.00,0.00,144199232,174168929,27902544,0
1615.91,1246198.76,1359647.72,0.00,113448.96,2573.13,4065.30,0.00,1492.16,3842495500.79,6407880251.10,0.00,0.00,0.00,0.00,144494696,174532187,28696987,0
1617.91,1248948.23,1363900.03,0.00,114951.80,2749.46,4252.31,0.00,1502.84,3842495500.79,6407880251.10,0.00,0.00,0.00,0.00,144793950,174936796,28696987,0
1619.91,1251505.19,1367903.07,0.00,116397.88,2556.96,4003.05,0.00,1446.08,3842495500.79,6407880251.10,0.00,0.00,0.00,0.00,145075858,175309471,29412575,0
1621.91,1253992.47,1371908.23,0.00,117915.76,2487.28,4005.16,0.00,1517.88,3842495500.79,6407880251.10,0.00,0.00,0.00,0.00,145272179,175749893,30100753,0
1623.91,1256340.59,1376003.77,0.00,119663.19,2348.12,4095.54,0.00,1747.43,3842495500.79,6407880251.10,0.00,0.00,0.00,0.00,145472609,176150581,30100753,0
1625.91,1258848.40,1380080.62,0.00,121232.23,2507.81,4076.85,0.00,1569.04,3842495500.79,6407880251.10,0.00,0.00,0.00,0.00,145718266,176546924,30922686,0
1627.91,1259520.01,1382576.47,0.00,123056.46,671.61,2495.84,0.00,1824.23,3842495500.79,6407880251.10,0.00,0.00,0.00,0.00,145792686,176644436,30922686,0
1629.91,1261192.73,1385835.26,0.00,124642.53,1672.72,3258.79,0.00,1586.07,3842495500.79,6407880251.10,0.00,0.00,0.00,0.00,145950731,176914608,31617233,0
1631.91,1263715.35,1390030.04,0.00,126314.70,2522.62,4194.78,0.00,1672.16,3842495500.79,6407880251.10,0.00,0.00,0.00,0.00,146210649,177300480,31617233,0
1633.91,1266314.55,1394125.88,0.00,127811.32,2599.20,4095.83,0.00,1496.63,3842495500.79,6407880251.10,0.00,0.00,0.00,0.00,146444997,177731528,32412877,0
1635.91,1269086.24,1398492.34,0.00,129406.10,2771.69,4366.46,0.00,1594.77,3842495500.79,6407880251.10,0.00,0.00,0.00,0.00,146695459,178190619,32412877,0
1637.91,1271636.66,1402514.47,0.00,130877.80,2550.42,4022.13,0.00,1471.71,3842495500.79,6407880251.10,0.00,0.00,0.00,0.00,146967653,178571333,33167764,0
1639.91,1271808.05,1404890.75,0.00,133082.70,171.39,2376.29,0.00,2204.89,3842495500.79,6407880251.10,0.00,0.00,0.00,0.00,146985720,178597142,33167764,0
1641.91,1271808.05,1406755.27,0.00,134947.21,0.00,1864.52,0.00,1864.52,3842495500.79,6407880251.10,0.00,0.00,0.00,0.00,146985720,178597142,33167764,0
1643.91,1272943.58,1409684.20,0.00,136740.62,1135.52,2928.93,0.00,1793.41,3842495500.79,6407880251.10,0.00,0.00,0.00,0.00,147110069,178763487,34747180,0
1645.91,1275457.89,1413977.86,0.00,138519.96,2514.32,4293.65,0.00,1779.34,3842495500.79,6407880251.10,0.00,0.00,0.00,0.00,147350917,179166304,34747180,0
1647.91,1277923.07,1418065.65,0.00,140142.58,2465.18,4087.79,0.00,1622.62,3842495500.79,6407880251.10,0.00,0.00,0.00,0.00,147602683,179545623,35636911,0
1649.91,1277952.02,1420322.55,0.00,142370.53,28.95,2256.90,0.00,2227.95,3842495500.79,6407880251.10,0.00,0.00,0.00,0.00,147605326,179550391,35636911,0
1651.91,1279855.68,1423806.14,0.00,143950.47,1903.66,3483.59,0.00,1579.94,3842495500.79,6407880251.10,0.00,0.00,0.00,0.00,147798090,179844963,36500774,0
1653.92,1282311.83,1427902.16,0.00,145590.32,2456.16,4096.01,0.00,1639.86,3842495500.79,6407880251.10,0.00,0.00,0.00,0.00,148044521,180227308,37219913,0
1655.92,1284708.73,1431806.72,0.00,147097.98,2396.90,3904.56,0.00,1507.66,3842495500.79,6407880251.10,0.00,0.00,0.00,0.00,148293061,180592375,37219913,0
1657.92,1287062.52,1435651.73,0.00,148589.22,2353.78,3845.02,0.00,1491.23,3842495500.79,6407880251.10,0.00,0.00,0.00,0.00,148520731,180967273,37923352,0
1659.92,1289560.95,1439694.64,0.00,150133.69,2498.44,4042.91,0.00,1544.47,3842495500.79,6407880251.10,0.00,0.00,0.00,0.00,148791815,181335789,37923352,0
1661.92,1291137.08,1442998.88,0.00,151861.80,1576.13,3304.24,0.00,1728.11,3842495500.79,6407880251.10,0.00,0.00,0.00,0.00,148950743,181580350,38659771,0
1663.92,1293612.18,1447179.96,0.00,153567.78,2475.10,4181.08,0.00,1705.98,3842495500.79,6407880251.10,0.00,0.00,0.00,0.00,149204141,181960578,38659771,0
1665.92,1295971.05,1450979.20,0.00,155008.15,2358.87,3799.24,0.00,1440.38,3842495500.79,6407880251.10,0.00,0.00,0.00,0.00,149446717,182321872,39426638,0
1667.92,1296384.02,1453257.56,0.00,156873.54,412.97,2278.36,0.00,1865.38,3842495500.79,6407880251.10,0.00,0.00,0.00,0.00,149489754,182384556,39426638,0
1669.92,1298608.20,1457159.74,0.00,158551.54,2224.18,3902.18,0.00,1678.00,3842495500.79,6407880251.10,0.00,0.00,0.00,0.00,149724406,182719294,40124133,0
1672.01,1301078.48,1461455.85,0.00,160377.36,2470.28,4296.11,0.00,1825.83,3842495500.79,6407880251.10,0.00,0.00,0.00,0.00,149977875,183098217,41004112,0
1674.01,1302528.05,1464712.26,0.00,162184.21,1449.56,3256.41,0.00,1806.85,3842495500.79,6407880251.10,0.00,0.00,0.00,0.00,150117786,183329394,41004112,0
1676.01,1303229.88,1467458.86,0.00,164228.98,701.83,2746.59,0.00,2044.77,3842495500.79,6407880251.10,0.00,0.00,0.00,0.00,150209908,183416940,41853701,0
1678.01,1305730.51,1471781.23,0.00,166050.72,2500.64,4322.38,0.00,1821.74,3842495500.79,6407880251.10,0.00,0.00,0.00,0.00,150463886,183803125,41853701,0
1680.01,1308114.73,1475762.55,0.00,167647.82,2384.22,3981.32,0.00,1597.10,3842495500.79,6407880251.10,0.00,0.00,0.00,0.00,150700119,184177253,42711896,0
1682.01,1308672.03,1478332.78,0.00,169660.75,557.30,2570.22,0.00,2012.93,3842495500.79,6407880251.10,0.00,0.00,0.00,0.00,150772921,184247119,42711896,0
1684.01,1310221.38,1481560.54,0.00,171339.16,1549.35,3227.77,0.00,1678.41,3842495500.79,6407880251.10,0.00,0.00,0.00,0.00,150931538,184485136,43567489,0
1686.01,1312733.89,1485661.20,0.00,172927.30,2512.51,4100.65,0.00,1588.14,3842495500.79,6407880251.10,0.00,0.00,0.00,0.00,151190249,184869628,43567489,0
1688.01,1314816.04,1489408.26,0.00,174592.22,2082.14,3747.07,0.00,1664.92,3842495500.79,6407880251.10,0.00,0.00,0.00,0.00,151408639,185184267,44297760,0
1690.03,1314816.04,1491551.09,0.00,176735.05,0.00,2142.82,0.00,2142.82,3842495500.79,6407880251.10,0.00,0.00,0.00,0.00,151408639,185184267,44297760,0
1692.03,1314816.04,1493537.50,0.00,178721.46,0.00,1986.42,0.00,1986.42,3842495500.79,6407880251.10,0.00,0.00,0.00,0.00,151408639,185184267,44297760,0
1694.03,1316034.22,1496469.06,0.00,180434.84,1218.18,2931.56,0.00,1713.38,3842495500.79,6407880251.10,0.00,0.00,0.00,0.00,151529299,185375462,45925454,0
1696.03,1318508.56,1500589.23,0.00,182080.67,2474.34,4120.16,0.00,1645.83,3842495500.79,6407880251.10,0.00,0.00,0.00,0.00,151764223,185773968,45925454,0
1698.03,1320841.54,1504422.52,0.00,183580.98,2332.98,3833.29,0.00,1500.31,3842495500.79,6407880251.10,0.00,0.00,0.00,0.00,151981859,186153574,46665030,0
1700.03,1323317.46,1508606.62,0.00,185289.16,2475.92,4184.11,0.00,1708.18,3842495500.79,6407880251.10,0.00,0.00,0.00,0.00,152199957,186569312,46665030,0
1702.03,1325667.00,1512595.56,0.00,186928.56,2349.55,3988.94,0.00,1639.39,3842495500.79,6407880251.10,0.00,0.00,0.00,0.00,152435017,186935736,47462955,0
1704.03,1327104.04,1515863.18,0.00,188759.15,1437.03,3267.62,0.00,1830.59,3842495500.79,6407880251.10,0.00,0.00,0.00,0.00,152578666,187159967,47462955,0
1706.03,1327104.04,1517733.09,0.00,190629.05,0.00,1869.91,0.00,1869.91,3842495500.79,6407880251.10,0.00,0.00,0.00,0.00,152578666,187159967,47462955,0
1708.03,1328280.25,1520722.42,0.00,192442.17,1176.21,2989.33,0.00,1813.12,3842495500.79,6407880251.10,0.00,0.00,0.00,0.00,152704498,187335246,48987532,0
1710.03,1330738.25,1524970.19,0.00,194231.95,2458.00,4247.77,0.00,1789.77,3842495500.79,6407880251.10,0.00,0.00,0.00,0.00,152963140,187705851,48987532,0
1712.03,1333060.01,1528910.12,0.00,195850.11,2321.77,3939.93,0.00,1618.16,3842495500.79,6407880251.10,0.00,0.00,0.00,0.00,153214552,188048811,49844232,0
1714.03,1333248.05,1531147.80,0.00,197899.74,188.04,2237.68,0.00,2049.64,3842495500.79,6407880251.10,0.00,0.00,0.00,0.00,153229403,188082099,49844232,0
1716.03,1335386.18,1534934.40,0.00,199548.21,2138.13,3786.60,0.00,1648.47,3842495500.79,6407880251.10,0.00,0.00,0.00,0.00,153438160,188420703,50658721,0
1718.05,1337848.29,1539136.74,0.00,201288.46,2462.10,4202.34,0.00,1740.24,3842495500.79,6407880251.10,0.00,0.00,0.00,0.00,153686347,188802814,51476967,0
1720.05,1339392.04,1542503.59,0.00,203111.55,1543.75,3366.85,0.00,1823.10,3842495500.79,6407880251.10,0.00,0.00,0.00,0.00,153844326,189040036,51476967,0
1722.05,1339933.34,1545098.68,0.00,205165.34,541.30,2595.09,0.00,2053.79,3842495500.79,6407880251.10,0.00,0.00,0.00,0.00,153907088,189115846,52368860,0
1724.05,1342390.69,1549307.31,0.00,206916.62,2457.36,4208.63,0.00,1751.28,3842495500.79,6407880251.10,0.00,0.00,0.00,0.00,154137324,189514693,52368860,0
1726.05,1344749.21,1553205.06,0.00,208455.85,2358.52,3897.75,0.00,1539.23,3842495500.79,6407880251.10,0.00,0.00,0.00,0.00,154375339,189880460,53178887,0
1728.05,1347220.86,1557225.55,0.00,210004.68,2471.65,4020.48,0.00,1548.84,3842495500.79,6407880251.10,0.00,0.00,0.00,0.00,154618665,190269876,53178887,0
1730.05,1349570.73,1561097.98,0.00,211527.25,2349.87,3872.44,0.00,1522.57,3842495500.79,6407880251.10,0.00,0.00,0.00,0.00,154865854,190624253,53906894,0
1732.05,1351680.04,1564983.02,0.00,213302.98,2109.31,3885.04,0.00,1775.73,3842495500.79,6407880251.10,0.00,0.00,0.00,0.00,155066713,190963378,53906894,0
1734.05,1351680.04,1566869.67,0.00,215189.62,0.00,1886.64,0.00,1886.64,3842495500.79,6407880251.10,0.00,0.00,0.00,0.00,155066713,190963378,53906894,0
1736.05,1352031.68,1569054.95,0.00,217023.28,351.63,2185.29,0.00,1833.65,3842495500.79,6407880251.10,0.00,0.00,0.00,0.00,155090593,191029516,55441546,0
1738.05,1354510.98,1573345.70,0.00,218834.71,2479.30,4290.74,0.00,1811.44,3842495500.79,6407880251.10,0.00,0.00,0.00,0.00,155339255,191415556,55441546,0
1740.05,1356846.54,1577309.70,0.00,220463.16,2335.56,3964.00,0.00,1628.44,3842495500.79,6407880251.10,0.00,0.00,0.00,0.00,155576100,191776615,56293133,0
1742.05,1359334.98,1581381.36,0.00,222046.38,2488.44,4071.66,0.00,1583.22,3842495500.79,6407880251.10,0.00,0.00,0.00,0.00,155845575,192144181,56293133,0
1744.05,1361663.57,1585244.57,0.00,223581.00,2328.58,3863.21,0.00,1534.63,3842495500.79,6407880251.10,0.00,0.00,0.00,0.00,156068128,192517745,56997841,0
1746.05,1363968.05,1589239.32,0.00,225271.27,2304.48,3994.75,0.00,1690.27,3842495500.79,6407880251.10,0.00,0.00,0.00,0.00,156292912,192882908,56997841,0
1748.05,1363968.05,1591255.56,0.00,227287.51,0.00,2016.24,0.00,2016.24,3842495500.79,6407880251.10,0.00,0.00,0.00,0.00,156292912,192882908,56997841,0
1750.05,1364031.55,1593355.40,0.00,229323.86,63.50,2099.84,0.00,2036.34,3842495500.79,6407880251.10,0.00,0.00,0.00,0.00,156301171,192890905,58633669,0
1752.05,1366522.36,1597563.76,0.00,231041.41,2490.81,4208.36,0.00,1717.55,3842495500.79,6407880251.10,0.00,0.00,0.00,0.00,156559013,193270710,58633669,0
1754.05,1368912.72,1601563.96,0.00,232651.23,2390.37,4000.20,0.00,1609.83,3842495500.79,6407880251.10,0.00,0.00,0.00,0.00,156798197,193643460,59459747,0
1756.05,1371422.73,1605688.80,0.00,234266.07,2510.00,4124.84,0.00,1614.84,3842495500.79,6407880251.10,0.00,0.00,0.00,0.00,157061628,194022590,59459747,0
1758.05,1373772.09,1609591.76,0.00,235819.68,2349.36,3902.96,0.00,1553.60,3842495500.79,6407880251.10,0.00,0.00,0.00,0.00,157289148,194396506,60195156,0
1760.05,1376256.01,1613814.08,0.00,237558.07,2483.93,4222.32,0.00,1738.39,3842495500.79,6407880251.10,0.00,0.00,0.00,0.00,157568203,194753336,60195156,0
1762.05,1377305.54,1616758.61,0.00,239453.07,1049.53,2944.52,0.00,1895.00,3842495500.79,6407880251.10,0.00,0.00,0.00,0.00,157678003,194912215,61053370,0
1764.05,1379819.36,1621044.07,0.00,241224.71,2513.82,4285.46,0.00,1771.64,3842495500.79,6407880251.10,0.00,0.00,0.00,0.00,157925362,195308394,61053370,0
1766.05,1382255.48,1625024.52,0.00,242769.04,2436.12,3980.45,0.00,1544.33,3842495500.79,6407880251.10,0.00,0.00,0.00,0.00,158174497,195682907,61917002,0
1768.05,1382400.03,1627149.12,0.00,244749.09,144.55,2124.60,0.00,1980.05,3842495500.79,6407880251.10,0.00,0.00,0.00,0.00,158186101,195708307,61917002,0
1770.05,1384499.62,1630807.01,0.00,246307.39,2099.59,3657.88,0.00,1558.30,3842495500.79,6407880251.10,0.00,0.00,0.00,0.00,158400674,196031228,62655337,0
1772.05,1386936.02,1634791.99,0.00,247855.97,2436.41,3984.98,0.00,1548.58,3842495500.79,6407880251.10,0.00,0.00,0.00,0.00,158650364,196405258,63380843,0
1774.05,1389505.23,1638973.79,0.00,249468.55,2569.21,4181.80,0.00,1612.59,3842495500.79,6407880251.10,0.00,0.00,0.00,0.00,158909618,196803722,63380843,0
1776.05,1391962.33,1642921.53,0.00,250959.20,2457.10,3947.74,0.00,1490.64,3842495500.79,6407880251.10,0.00,0.00,0.00,0.00,159124446,197217911,64106848,0
1778.05,1394502.62,1647204.04,0.00,252701.42,2540.29,4282.52,0.00,1742.22,3842495500.79,6407880251.10,0.00,0.00,0.00,0.00,159356908,197635764,64106848,0
1780.05,1394688.02,1649423.24,0.00,254735.22,185.39,2219.20,0.00,2033.80,3842495500.79,6407880251.10,0.00,0.00,0.00,0.00,159386700,197653433,64106848,0
1782.05,1394688.02,1651748.89,0.00,257060.87,0.00,2325.65,0.00,2325.65,3842495500.79,6407880251.10,0.00,0.00,0.00,0.00,159386700,197653433,64106848,0
1784.05,1396386.59,1655228.61,0.00,258842.02,1698.57,3479.72,0.00,1781.15,3842495500.79,6407880251.10,0.00,0.00,0.00,0.00,159549696,197925270,65906521,0
1786.05,1398915.43,1659512.29,0.00,260596.86,2528.85,4283.68,0.00,1754.84,3842495500.79,6407880251.10,0.00,0.00,0.00,0.00,159811224,198311127,65906521,0
1788.05,1400832.06,1663067.45,0.00,262235.39,1916.63,3555.16,0.00,1638.54,3842495500.79,6407880251.10,0.00,0.00,0.00,0.00,159982316,198630692,66774727,0
1790.05,1400832.06,1665027.43,0.00,264195.37,0.00,1959.98,0.00,1959.98,3842495500.79,6407880251.10,0.00,0.00,0.00,0.00,159982316,198630692,66774727,0
1792.05,1400832.06,1667196.66,0.00,266364.59,0.00,2169.22,0.00,2169.22,3842495500.79,6407880251.10,0.00,0.00,0.00,0.00,159982316,198630692,66774727,0
1794.05,1402036.61,1670220.97,0.00,268184.36,1204.54,3024.31,0.00,1819.77,3842495500.79,6407880251.10,0.00,0.00,0.00,0.00,160107372,198813999,68399515,0
1796.05,1404516.46,1674315.95,0.00,269799.49,2479.86,4094.98,0.00,1615.12,3842495500.79,6407880251.10,0.00,0.00,0.00,0.00,160358596,199197618,68399515,0
1798.05,1406952.13,1678284.96,0.00,271332.84,2435.67,3969.02,0.00,1533.35,3842495500.79,6407880251.10,0.00,0.00,0.00,0.00,160593423,199586322,69144908,0
1800.05,1409527.05,1682592.77,0.00,273065.72,2574.93,4307.81,0.00,1732.88,3842495500.79,6407880251.10,0.00,0.00,0.00,0.00,160847413,199991513,69144908,0
1802.05,1411919.73,1686573.65,0.00,274653.93,2392.67,3980.88,0.00,1588.21,3842495500.79,6407880251.10,0.00,0.00,0.00,0.00,161092969,200358481,70026755,0
1804.05,1413120.04,1689606.41,0.00,276486.38,1200.31,3032.76,0.00,1832.45,3842495500.79,6407880251.10,0.00,0.00,0.00,0.00,161207081,200551648,70026755,0
1806.05,1413120.04,1691629.27,0.00,278509.23,0.00,2022.86,0.00,2022.86,3842495500.79,6407880251.10,0.00,0.00,0.00,0.00,161207081,200551648,70026755,0
1808.05,1413586.43,1694226.14,0.00,280639.71,466.40,2596.88,0.00,2130.48,3842495500.79,6407880251.10,0.00,0.00,0.00,0.00,161260633,200617494,71697658,0
1810.05,1416013.48,1698319.69,0.00,282306.21,2427.05,4093.55,0.00,1666.50,3842495500.79,6407880251.10,0.00,0.00,0.00,0.00,161490062,201009389,71697658,0
1812.05,1418333.76,1702175.43,0.00,283841.67,2320.28,3855.74,0.00,1535.46,3842495500.79,6407880251.10,0.00,0.00,0.00,0.00,161731244,201362198,72463799,0
1814.05,1419264.02,1704965.48,0.00,285701.46,930.26,2790.05,0.00,1859.79,3842495500.79,6407880251.10,0.00,0.00,0.00,0.00,161835155,201496434,72463799,0
1816.05,1419264.02,1707115.45,0.00,287851.43,0.00,2149.96,0.00,2149.96,3842495500.79,6407880251.10,0.00,0.00,0.00,0.00,161835155,201496434,72463799,0
1818.06,1419264.02,1709745.45,0.00,290481.43,0.00,2630.00,0.00,2630.00,3842495500.79,6407880251.10,0.00,0.00,0.00,0.00,161835155,201496434,72463799,0
1820.06,1421625.96,1713696.85,0.00,292070.89,2361.94,3951.40,0.00,1589.46,3842495500.79,6407880251.10,0.00,0.00,0.00,0.00,162067459,201868786,74303152,0
1822.06,1423921.76,1717565.88,0.00,293644.12,2295.80,3869.03,0.00,1573.23,3842495500.79,6407880251.10,0.00,0.00,0.00,0.00,162306611,202217360,75076384,0
1824.06,1425408.03,1720858.92,0.00,295450.89,1486.27,3293.04,0.00,1806.77,3842495500.79,6407880251.10,0.00,0.00,0.00,0.00,162457793,202446663,75076384,0
1826.06,1426433.12,1723683.69,0.00,297250.57,1025.09,2824.77,0.00,1799.68,3842495500.79,6407880251.10,0.00,0.00,0.00,0.00,162557414,202609465,75851104,0
1828.06,1428918.19,1727788.92,0.00,298870.73,2485.07,4105.23,0.00,1620.16,3842495500.79,6407880251.10,0.00,0.00,0.00,0.00,162813851,202989206,75851104,0
1830.06,1431299.38,1731865.69,0.00,300566.31,2381.19,4076.77,0.00,1695.58,3842495500.79,6407880251.10,0.00,0.00,0.00,0.00,163050251,203362391,76631138,0
1832.06,1433797.65,1736142.93,0.00,302345.28,2498.27,4277.23,0.00,1778.97,3842495500.79,6407880251.10,0.00,0.00,0.00,0.00,163316444,203735754,76631138,0
1834.06,1436139.96,1740047.39,0.00,303907.44,2342.31,3904.47,0.00,1562.16,3842495500.79,6407880251.10,0.00,0.00,0.00,0.00,163556077,204095752,77517032,0
1836.06,1437696.04,1743399.45,0.00,305703.41,1556.08,3352.05,0.00,1795.98,3842495500.79,6407880251.10,0.00,0.00,0.00,0.00,163711290,204338895,77517032,0
1838.06,1439531.86,1746897.23,0.00,307365.38,1835.82,3497.79,0.00,1661.96,3842495500.79,6407880251.10,0.00,0.00,0.00,0.00,163893336,204626820,78292623,0
1840.06,1442063.66,1751088.97,0.00,309025.31,2531.80,4191.73,0.00,1659.93,3842495500.79,6407880251.10,0.00,0.00,0.00,0.00,164122610,205045687,78292623,0
1842.06,1443840.01,1754483.35,0.00,310643.34,1776.35,3394.38,0.00,1618.03,3842495500.79,6407880251.10,0.00,0.00,0.00,0.00,164291856,205331187,79055284,0
1844.06,1443840.01,1756550.67,0.00,312710.66,0.00,2067.32,0.00,2067.32,3842495500.79,6407880251.10,0.00,0.00,0.00,0.00,164291856,205331187,79055284,0
1846.06,1443840.01,1759117.21,0.00,315277.20,0.00,2566.54,0.00,2566.54,3842495500.79,6407880251.10,0.00,0.00,0.00,0.00,164291856,205331187,79055284,0
1848.06,1445064.98,1762318.12,0.00,317253.14,1224.97,3200.92,0.00,1975.95,3842495500.79,6407880251.10,0.00,0.00,0.00,0.00,164394272,205542363,80912874,0
1850.06,1447525.68,1766494.82,0.00,318969.14,2460.70,4176.70,0.00,1716.00,3842495500.79,6407880251.10,0.00,0.00,0.00,0.00,164670528,205896046,80912874,0
1852.06,1449887.13,1770331.75,0.00,320444.61,2361.45,3836.92,0.00,1475.47,3842495500.79,6407880251.10,0.00,0.00,0.00,0.00,164938893,206232213,81689173,0
1854.06,1450120.67,1772426.46,0.00,322305.79,233.54,2094.71,0.00,1861.18,3842495500.79,6407880251.10,0.00,0.00,0.00,0.00,164964520,206266371,82407189,0
1856.06,1452610.18,1776543.60,0.00,323933.41,2489.52,4117.14,0.00,1627.62,3842495500.79,6407880251.10,0.00,0.00,0.00,0.00,165225990,206642217,82407189,0
1858.06,1454983.89,1780463.02,0.00,325479.13,2373.71,3919.43,0.00,1545.71,3842495500.79,6407880251.10,0.00,0.00,0.00,0.00,165483354,206992523,83125557,0
1860.06,1456128.02,1783480.44,0.00,327352.42,1144.12,3017.41,0.00,1873.29,3842495500.79,6407880251.10,0.00,0.00,0.00,0.00,165602269,207166504,83125557,0
1862.06,1457606.31,1786726.96,0.00,329120.65,1478.29,3246.52,0.00,1768.23,3842495500.79,6407880251.10,0.00,0.00,0.00,0.00,165737203,207410012,83905308,0
1864.06,1460066.72,1790887.40,0.00,330820.68,2460.41,4160.44,0.00,1700.03,3842495500.79,6407880251.10,0.00,0.00,0.00,0.00,166005494,207771586,83905308,0
1866.06,1462272.02,1794678.48,0.00,332406.47,2205.30,3791.09,0.00,1585.79,3842495500.79,6407880251.10,0.00,0.00,0.00,0.00,166232912,208108724,84683579,0
1868.06,1462588.55,1796936.80,0.00,334348.25,316.54,2258.32,0.00,1941.78,3842495500.79,6407880251.10,0.00,0.00,0.00,0.00,166262293,208160376,85455020,0
1870.06,1465058.20,1801132.26,0.00,336074.06,2469.64,4195.46,0.00,1725.81,3842495500.79,6407880251.10,0.00,0.00,0.00,0.00,166509099,208545799,85455020,0
1872.06,1467400.53,1805083.16,0.00,337682.63,2342.34,3950.90,0.00,1608.57,3842495500.79,6407880251.10,0.00,0.00,0.00,0.00,166763989,208890547,86237895,0
1874.06,1468416.06,1808011.19,0.00,339595.13,1015.53,2928.03,0.00,1912.50,3842495500.79,6407880251.10,0.00,0.00,0.00,0.00,166857683,209056828,86237895,0
1876.06,1470094.66,1811363.52,0.00,341268.86,1678.60,3352.33,0.00,1673.73,3842495500.79,6407880251.10,0.00,0.00,0.00,0.00,167020840,209323393,86993543,0
1878.06,1472571.49,1815478.60,0.00,342907.11,2476.83,4115.08,0.00,1638.25,3842495500.79,6407880251.10,0.00,0.00,0.00,0.00,167259798,209718503,86993543,0
1880.06,1474560.04,1819108.02,0.00,344547.98,1988.55,3629.42,0.00,1640.87,3842495500.79,6407880251.10,0.00,0.00,0.00,0.00,167471113,210016258,87719274,0
1882.06,1474560.04,1821016.82,0.00,346456.78,0.00,1908.80,0.00,1908.80,3842495500.79,6407880251.10,0.00,0.00,0.00,0.00,167471113,210016258,87719274,0
1884.06,1474560.04,1823040.88,0.00,348480.84,0.00,2024.05,0.00,2024.05,3842495500.79,6407880251.10,0.00,0.00,0.00,0.00,167471113,210016258,87719274,0
1886.06,1476362.51,1826500.86,0.00,350138.35,1802.46,3459.98,0.00,1657.51,3842495500.79,6407880251.10,0.00,0.00,0.00,0.00,167645692,210303110,89240819,0
1888.06,1478847.88,1830636.04,0.00,351788.16,2485.37,4135.18,0.00,1649.81,3842495500.79,6407880251.10,0.00,0.00,0.00,0.00,167903472,210681584,89240819,0
1890.06,1481204.52,1834587.98,0.00,353383.46,2356.64,3951.95,0.00,1595.30,3842495500.79,6407880251.10,0.00,0.00,0.00,0.00,168136962,211051394,89995677,0
1892.06,1483561.71,1838587.20,0.00,355025.50,2357.19,3999.22,0.00,1642.03,3842495500.79,6407880251.10,0.00,0.00,0.00,0.00,168362894,211428903,90765899,0
1894.06,1486011.51,1842694.60,0.00,356683.09,2449.80,4107.40,0.00,1657.59,3842495500.79,6407880251.10,0.00,0.00,0.00,0.00,168615104,211803843,90765899,0
1896.06,1487689.39,1846019.60,0.00,358330.21,1677.88,3325.00,0.00,1647.12,3842495500.79,6407880251.10,0.00,0.00,0.00,0.00,168778316,212070168,91498256,0
1898.06,1490131.44,1850120.60,0.00,359989.16,2442.05,4101.00,0.00,1658.95,3842495500.79,6407880251.10,0.00,0.00,0.00,0.00,169035726,212437922,91498256,0
1900.06,1492475.48,1853967.41,0.00,361491.93,2344.05,3846.82,0.00,1502.77,3842495500.79,6407880251.10,0.00,0.00,0.00,0.00,169281107,212792617,92208591,0
1902.06,1493017.72,1856296.30,0.00,363278.58,542.24,2328.89,0.00,1786.65,3842495500.79,6407880251.10,0.00,0.00,0.00,0.00,169349017,212863520,92908816,0
1904.06,1495484.20,1860396.31,0.00,364912.11,2466.48,4100.00,0.00,1633.52,3842495500.79,6407880251.10,0.00,0.00,0.00,0.00,169589247,213254709,92908816,0
1906.06,1497829.27,1864280.74,0.00,366451.47,2345.07,3884.43,0.00,1539.37,3842495500.79,6407880251.10,0.00,0.00,0.00,0.00,169824809,213619484,93604545,0
1908.06,1499136.04,1867392.14,0.00,368256.10,1306.77,3111.39,0.00,1804.62,3842495500.79,6407880251.10,0.00,0.00,0.00,0.00,169947898,213830928,93604545,0
1910.06,1500659.73,1870649.18,0.00,369989.45,1523.69,3257.05,0.00,1733.36,3842495500.79,6407880251.10,0.00,0.00,0.00,0.00,170095036,214073855,94360492,0
1912.06,1503137.47,1874809.53,0.00,371672.06,2477.74,4160.35,0.00,1682.61,3842495500.79,6407880251.10,0.00,0.00,0.00,0.00,170351635,214451557,94360492,0
1914.06,1505502.22,1878641.89,0.00,373139.67,2364.75,3832.36,0.00,1467.61,3842495500.79,6407880251.10,0.00,0.00,0.00,0.00,170600681,214807888,95087708,0
1916.06,1507862.02,1882487.81,0.00,374625.79,2359.80,3845.92,0.00,1486.12,3842495500.79,6407880251.10,0.00,0.00,0.00,0.00,170851300,215161378,95770231,0
1918.06,1510331.23,1886583.50,0.00,376252.27,2469.20,4095.69,0.00,1626.48,3842495500.79,6407880251.10,0.00,0.00,0.00,0.00,171090732,215554062,95770231,0
1920.06,1512293.04,1890156.50,0.00,377863.46,1961.81,3573.00,0.00,1611.19,3842495500.79,6407880251.10,0.00,0.00,0.00,0.00,171297022,215849995,96489461,0
1922.06,1514776.13,1894299.64,0.00,379523.51,2483.09,4143.14,0.00,1660.05,3842495500.79,6407880251.10,0.00,0.00,0.00,0.00,171601411,216181278,96489461,0
1924.06,1517156.75,1898238.02,0.00,381081.27,2380.62,3938.38,0.00,1557.76,3842495500.79,6407880251.10,0.00,0.00,0.00,0.00,171883187,216508941,97257703,0
1926.06,1517568.00,1900663.27,0.00,383095.26,411.25,2425.24,0.00,2013.99,3842495500.79,6407880251.10,0.00,0.00,0.00,0.00,171942129,216555280,97257703,0
1928.06,1519906.16,1904532.88,0.00,384626.72,2338.15,3869.61,0.00,1531.46,3842495500.79,6407880251.10,0.00,0.00,0.00,0.00,172191409,216904567,97995946,0
1930.06,1522253.97,1908439.59,0.00,386185.62,2347.81,3906.71,0.00,1558.90,3842495500.79,6407880251.10,0.00,0.00,0.00,0.00,172458936,217238080,98690716,0
1932.06,1523712.02,1911747.78,0.00,388035.76,1458.05,3308.19,0.00,1850.14,3842495500.79,6407880251.10,0.00,0.00,0.00,0.00,172626563,217443714,98690716,0
1934.06,1523712.02,1913727.85,0.00,390015.83,0.00,1980.07,0.00,1980.07,3842495500.79,6407880251.10,0.00,0.00,0.00,0.00,172626563,217443714,98690716,0
1936.06,1523935.69,1915849.88,0.00,391914.19,223.67,2122.03,0.00,1898.36,3842495500.79,6407880251.10,0.00,0.00,0.00,0.00,172656759,217470777,100198679,0
1938.06,1526410.33,1919969.99,0.00,393559.66,2474.64,4120.11,0.00,1645.46,3842495500.79,6407880251.10,0.00,0.00,0.00,0.00,172893606,217867439,100198679,0
1940.06,1528788.07,1923887.19,0.00,395099.12,2377.74,3917.20,0.00,1539.46,3842495500.79,6407880251.10,0.00,0.00,0.00,0.00,173112798,218256948,100915981,0
1942.06,1529856.01,1926709.48,0.00,396853.47,1067.94,2822.30,0.00,1754.36,3842495500.79,6407880251.10,0.00,0.00,0.00,0.00,173225242,218417897,100915981,0
1944.06,1531850.71,1930238.41,0.00,398387.70,1994.70,3528.93,0.00,1534.22,3842495500.79,6407880251.10,0.00,0.00,0.00,0.00,173499964,218653819,101573045,0
1946.06,1534213.90,1934180.88,0.00,399966.98,2363.18,3942.47,0.00,1579.29,3842495500.79,6407880251.10,0.00,0.00,0.00,0.00,173772851,218985907,102257071,0
1948.06,1536000.06,1937637.61,0.00,401637.55,1786.16,3456.73,0.00,1670.57,3842495500.79,6407880251.10,0.00,0.00,0.00,0.00,173970662,219245353,102257071,0
1950.06,1537412.56,1940765.64,0.00,403353.08,1412.50,3128.03,0.00,1715.53,3842495500.79,6407880251.10,0.00,0.00,0.00,0.00,174139384,219438231,102921633,0
1952.06,1539899.25,1944951.42,0.00,405052.17,2486.69,4185.78,0.00,1699.09,3842495500.79,6407880251.10,0.00,0.00,0.00,0.00,174432894,219781313,102921633,0
1954.06,1542241.00,1948908.77,0.00,406667.77,2341.75,3957.35,0.00,1615.59,3842495500.79,6407880251.10,0.00,0.00,0.00,0.00,174677468,220136228,103678437,0
1956.06,1544710.78,1953149.21,0.00,408438.44,2469.78,4240.45,0.00,1770.67,3842495500.79,6407880251.10,0.00,0.00,0.00,0.00,174943456,220502503,103678437,0
1958.06,1547033.87,1957006.27,0.00,409972.40,2323.09,3857.05,0.00,1533.96,3842495500.79,6407880251.10,0.00,0.00,0.00,0.00,175202682,220837989,104481058,0
1960.06,1549397.89,1960961.75,0.00,411563.87,2364.02,3955.48,0.00,1591.47,3842495500.79,6407880251.10,0.00,0.00,0.00,0.00,175449653,221196206,105225274,0
1962.06,1551895.34,1964995.49,0.00,413100.15,2497.45,4033.73,0.00,1536.28,3842495500.79,6407880251.10,0.00,0.00,0.00,0.00,175714867,221570340,105225274,0
1964.06,1554153.25,1968752.59,0.00,414599.34,2257.91,3757.11,0.00,1499.20,3842495500.79,6407880251.10,0.00,0.00,0.00,0.00,175948921,221914311,105865059,0
1966.06,1556621.23,1972869.83,0.00,416248.60,2467.98,4117.24,0.00,1649.25,3842495500.79,6407880251.10,0.00,0.00,0.00,0.00,176202185,222292851,105865059,0
1968.06,1559003.54,1976765.89,0.00,417762.34,2382.31,3896.05,0.00,1513.75,3842495500.79,6407880251.10,0.00,0.00,0.00,0.00,176454464,222650443,106569353,0
1970.06,1560590.82,1979994.07,0.00,419403.25,1587.28,3228.18,0.00,1640.91,3842495500.79,6407880251.10,0.00,0.00,0.00,0.00,176611539,222899711,107274182,0
1972.06,1563050.14,1984122.64,0.00,421072.50,2459.32,4128.57,0.00,1669.25,3842495500.79,6407880251.10,0.00,0.00,0.00,0.00,176888536,223252301,107274182,0
1974.06,1565399.51,1988185.43,0.00,422785.93,2349.36,4062.79,0.00,1713.43,3842495500.79,6407880251.10,0.00,0.00,0.00,0.00,177163933,223578341,108056100,0
1976.06,1566720.05,1991243.27,0.00,424523.21,1320.55,3057.83,0.00,1737.29,3842495500.79,6407880251.10,0.00,0.00,0.00,0.00,177310637,223769697,108056100,0
1978.06,1568079.58,1994292.84,0.00,426213.26,1359.53,3049.58,0.00,1690.05,3842495500.79,6407880251.10,0.00,0.00,0.00,0.00,177471589,223956784,108793318,0
1980.06,1570547.01,1998330.31,0.00,427783.30,2467.43,4037.46,0.00,1570.04,3842495500.79,6407880251.10,0.00,0.00,0.00,0.00,177779914,224280120,108793318,0
1982.06,1572864.04,2002124.36,0.00,429260.32,2317.04,3794.05,0.00,1477.02,3842495500.79,6407880251.10,0.00,0.00,0.00,0.00,178029532,224623663,109463557,0
1984.06,1573515.26,2004607.78,0.00,431092.52,651.21,2483.42,0.00,1832.20,3842495500.79,6407880251.10,0.00,0.00,0.00,0.00,178178938,224640968,110161199,0
1986.06,1576000.71,2008677.89,0.00,432677.17,2485.46,4070.11,0.00,1584.65,3842495500.79,6407880251.10,0.00,0.00,0.00,0.00,178620176,224836007,110161199,0
1988.06,1578365.58,2012516.28,0.00,434150.70,2364.87,3838.39,0.00,1473.52,3842495500.79,6407880251.10,0.00,0.00,0.00,0.00,178895687,225165902,110844399,0
1990.08,1580824.64,2016555.03,0.00,435730.39,2459.06,4038.75,0.00,1579.69,3842495500.79,6407880251.10,0.00,0.00,0.00,0.00,179214881,225476228,111455415,0
1992.08,1583195.50,2020430.14,0.00,437234.64,2370.86,3875.11,0.00,1504.25,3842495500.79,6407880251.10,0.00,0.00,0.00,0.00,179482757,225815291,111455415,0
1994.08,1585563.18,2024303.81,0.00,438740.63,2367.68,3873.67,0.00,1505.99,3842495500.79,6407880251.10,0.00,0.00,0.00,0.00,179737907,226166267,112146295,0
1996.08,1588047.30,2028420.39,0.00,440373.09,2484.12,4116.58,0.00,1632.46,3842495500.79,6407880251.10,0.00,0.00,0.00,0.00,180027441,226512667,112146295,0
1998.08,1590413.66,2032273.48,0.00,441859.82,2366.36,3853.09,0.00,1486.73,3842495500.79,6407880251.10,0.00,0.00,0.00,0.00,180292280,226853616,112829466,0
2000.08,1591296.02,2034930.64,0.00,443634.62,882.36,2657.16,0.00,1774.80,3842495500.79,6407880251.10,0.00,0.00,0.00,0.00,180392274,226979507,112829466,0
2002.08,1593579.38,2038779.11,0.00,445199.73,2283.36,3848.47,0.00,1565.11,3842495500.79,6407880251.10,0.00,0.00,0.00,0.00,180646600,227309720,113498761,0
2004.08,1595995.08,2042696.87,0.00,446701.79,2415.70,3917.76,0.00,1502.06,3842495500.79,6407880251.10,0.00,0.00,0.00,0.00,180921799,227652941,114169344,0
2006.08,1597440.06,2045826.36,0.00,448386.30,1444.98,3129.49,0.00,1684.51,3842495500.79,6407880251.10,0.00,0.00,0.00,0.00,181082669,227861986,114169344,0
2008.08,1599224.20,2049196.50,0.00,449972.30,1784.14,3370.15,0.00,1586.00,3842495500.79,6407880251.10,0.00,0.00,0.00,0.00,181287179,228114217,114817023,0
2010.08,1601661.38,2053118.48,0.00,451457.11,2437.18,3921.98,0.00,1484.80,3842495500.79,6407880251.10,0.00,0.00,0.00,0.00,181592406,228432907,115461050,0
2012.08,1604167.82,2057168.39,0.00,453000.57,2506.44,4049.90,0.00,1543.46,3842495500.79,6407880251.10,0.00,0.00,0.00,0.00,181890534,228776427,115461050,0
2014.08,1606599.81,2061104.52,0.00,454504.71,2432.00,3936.14,0.00,1504.14,3842495500.79,6407880251.10,0.00,0.00,0.00,0.00,182118002,229171550,116126264,0
2016.08,1609109.02,2065176.07,0.00,456067.04,2509.21,4071.54,0.00,1562.33,3842495500.79,6407880251.10,0.00,0.00,0.00,0.00,182363014,229568896,116126264,0
2018.08,1611235.55,2068884.39,0.00,457648.84,2126.53,3708.33,0.00,1581.80,3842495500.79,6407880251.10,0.00,0.00,0.00,0.00,182576095,229900206,116808559,0
2020.08,1613775.04,2073058.43,0.00,459283.39,2539.48,4174.04,0.00,1634.55,3842495500.79,6407880251.10,0.00,0.00,0.00,0.00,182832551,230293858,116808559,0
2022.08,1615872.02,2076665.97,0.00,460793.95,2096.98,3607.54,0.00,1510.55,3842495500.79,6407880251.10,0.00,0.00,0.00,0.00,183066238,230596999,117546587,0
2024.08,1615872.02,2078507.85,0.00,462635.83,0.00,1841.88,0.00,1841.88,3842495500.79,6407880251.10,0.00,0.00,0.00,0.00,183066238,230596999,117546587,0
2026.13,1615873.02,2080449.99,0.00,464576.97,1.00,1942.14,0.00,1941.14,3842495500.79,6407880251.10,0.00,0.00,0.00,0.00,183066492,230597001,118839024,0
2028.13,1618363.77,2084588.62,0.00,466224.86,2490.75,4138.64,0.00,1647.89,3842495500.79,6407880251.10,0.00,0.00,0.00,0.00,183358876,230942248,118839024,0
2030.13,1620728.18,2088572.75,0.00,467844.57,2364.41,3984.12,0.00,1619.71,3842495500.79,6407880251.10,0.00,0.00,0.00,0.00,183632944,231273470,119579426,0
2032.13,1622016.04,2091679.13,0.00,469663.09,1287.86,3106.38,0.00,1818.52,3842495500.79,6407880251.10,0.00,0.00,0.00,0.00,183760368,231475738,119579426,0
2034.13,1623522.77,2094832.43,0.00,471309.66,1506.73,3153.30,0.00,1646.57,3842495500.79,6407880251.10,0.00,0.00,0.00,0.00,183918502,231703327,120318413,0
2036.13,1626026.23,2098961.95,0.00,472935.71,2503.46,4129.52,0.00,1626.05,3842495500.79,6407880251.10,0.00,0.00,0.00,0.00,184173238,232089477,120318413,0
2038.13,1628411.67,2103267.45,0.00,474855.78,2385.44,4305.50,0.00,1920.06,3842495500.79,6407880251.10,0.00,0.00,0.00,0.00,184415430,232457958,121000777,0
2040.13,1630873.93,2107756.39,0.00,476882.45,2462.26,4488.94,0.00,2026.68,3842495500.79,6407880251.10,0.00,0.00,0.00,0.00,184666358,232837369,121000777,0
2042.13,1633235.36,2111628.36,0.00,478393.00,2361.42,3871.97,0.00,1510.55,3842495500.79,6407880251.10,0.00,0.00,0.00,0.00,184886726,233221525,122079554,0
2044.13,1634561.91,2114590.58,0.00,480028.67,1326.55,2962.22,0.00,1635.67,3842495500.79,6407880251.10,0.00,0.00,0.00,0.00,185024923,233422925,122751371,0
2046.13,1637107.64,2118678.98,0.00,481571.34,2545.73,4088.40,0.00,1542.66,3842495500.79,6407880251.10,0.00,0.00,0.00,0.00,185288337,233811219,122751371,0
2048.13,1639527.33,2122557.62,0.00,483030.29,2419.69,3878.64,0.00,1458.95,3842495500.79,6407880251.10,0.00,0.00,0.00,0.00,185518963,234200033,123405046,0
2050.13,1640448.00,2125259.82,0.00,484811.82,920.68,2702.21,0.00,1781.53,3842495500.79,6407880251.10,0.00,0.00,0.00,0.00,185608927,234345762,123405046,0
2052.13,1642646.53,2129092.11,0.00,486445.58,2198.52,3832.29,0.00,1633.76,3842495500.79,6407880251.10,0.00,0.00,0.00,0.00,185840193,234677318,124065260,0
2054.13,1645068.49,2133056.57,0.00,487988.08,2421.96,3964.46,0.00,1542.50,3842495500.79,6407880251.10,0.00,0.00,0.00,0.00,186074870,235062664,124801571,0
2056.13,1647665.70,2137231.25,0.00,489565.55,2597.21,4174.68,0.00,1577.47,3842495500.79,6407880251.10,0.00,0.00,0.00,0.00,186316499,235485921,124801571,0
2058.13,1650164.53,2141182.10,0.00,491017.57,2498.82,3950.84,0.00,1452.02,3842495500.79,6407880251.10,0.00,0.00,0.00,0.00,186606229,235835890,125481378,0
2060.13,1652720.88,2145293.84,0.00,492572.96,2556.35,4111.75,0.00,1555.39,3842495500.79,6407880251.10,0.00,0.00,0.00,0.00,186913281,236183264,125481378,0
2062.13,1654420.56,2148616.43,0.00,494195.87,1699.68,3322.58,0.00,1622.90,3842495500.79,6407880251.10,0.00,0.00,0.00,0.00,187068286,236463377,126155991,0
2064.13,1656942.79,2152681.00,0.00,495738.21,2522.23,4064.58,0.00,1542.35,3842495500.79,6407880251.10,0.00,0.00,0.00,0.00,187329093,236848261,126155991,0
2066.13,1659418.09,2156696.83,0.00,497278.74,2475.30,4015.83,0.00,1540.52,3842495500.79,6407880251.10,0.00,0.00,0.00,0.00,187610082,237200950,126860187,0
2068.13,1661950.18,2160739.54,0.00,498789.36,2532.09,4042.71,0.00,1510.62,3842495500.79,6407880251.10,0.00,0.00,0.00,0.00,187867930,237591317,127562779,0
2070.13,1664505.56,2164771.34,0.00,500265.78,2555.38,4031.80,0.00,1476.42,3842495500.79,6407880251.10,0.00,0.00,0.00,0.00,188126930,237986493,127562779,0
2072.13,1666083.52,2167955.32,0.00,501871.80,1577.96,3183.98,0.00,1606.02,3842495500.79,6407880251.10,0.00,0.00,0.00,0.00,188278086,238239296,128210155,0
2074.13,1668570.18,2172009.89,0.00,503439.71,2486.66,4054.57,0.00,1567.91,3842495500.79,6407880251.10,0.00,0.00,0.00,0.00,188544737,238609229,128210155,0
2076.13,1670969.19,2175857.39,0.00,504888.20,2399.01,3847.49,0.00,1448.48,3842495500.79,6407880251.10,0.00,0.00,0.00,0.00,188779884,238988229,128863901,0
2078.13,1671640.82,2178275.69,0.00,506634.87,671.63,2418.30,0.00,1746.68,3842495500.79,6407880251.10,0.00,0.00,0.00,0.00,188862654,239077396,129526107,0
2080.13,1674138.11,2182340.12,0.00,508202.02,2497.29,4064.43,0.00,1567.14,3842495500.79,6407880251.10,0.00,0.00,0.00,0.00,189106453,239472903,129526107,0
2082.13,1676499.71,2186244.05,0.00,509744.34,2361.60,3903.92,0.00,1542.32,3842495500.79,6407880251.10,0.00,0.00,0.00,0.00,189368468,239815457,130178736,0
2084.13,1677312.05,2189456.31,0.00,512144.26,812.34,3212.27,0.00,2399.92,3842495500.79,6407880251.10,0.00,0.00,0.00,0.00,189453517,239938368,130178736,0
2086.13,1677312.05,2191622.16,0.00,514310.11,0.00,2165.84,0.00,2165.84,3842495500.79,6407880251.10,0.00,0.00,0.00,0.00,189453517,239938368,130178736,0
2088.13,1677313.05,2193596.93,0.00,516283.88,1.00,1974.77,0.00,1973.77,3843565789.35,6408985064.10,1070288.56,1104813.00,0.00,0.00,189453557,239938584,132075584,0
2090.13,1679797.14,2197642.06,0.00,517844.92,2484.09,4045.14,0.00,1561.05,3843565789.35,6408985064.10,0.00,0.00,0.00,0.00,189692368,240335700,132075584,0
2092.13,1682210.20,2201565.55,0.00,519355.35,2413.06,3923.49,0.00,1510.43,3843565789.35,6408985064.10,0.00,0.00,0.00,0.00,189909403,240736409,132742763,0
2094.13,1684709.97,2205644.94,0.00,520934.97,2499.77,4079.38,0.00,1579.62,3843565789.35,6408985064.10,0.00,0.00,0.00,0.00,190156579,241129173,132742763,0
2096.13,1687054.41,2209487.43,0.00,522433.02,2344.44,3842.49,0.00,1498.05,3843565789.35,6408985064.10,0.00,0.00,0.00,0.00,190372878,241513050,133409892,0
2098.13,1689554.16,2213620.47,0.00,524066.30,2499.76,4133.04,0.00,1633.28,3843565789.35,6408985064.10,0.00,0.00,0.00,0.00,190644745,241881121,133409892,0
2100.13,1691709.20,2217329.85,0.00,525620.65,2155.04,3709.38,0.00,1554.34,3843565789.35,6408985064.10,0.00,0.00,0.00,0.00,190866564,242210992,134121760,0
2102.13,1694085.45,2221289.93,0.00,527204.48,2376.24,3960.07,0.00,1583.83,3843565789.35,6408985064.10,0.00,0.00,0.00,0.00,191110380,242575494,134787551,0
2104.13,1695744.05,2224598.46,0.00,528854.41,1658.61,3308.54,0.00,1649.93,3843565789.35,6408985064.10,0.00,0.00,0.00,0.00,191288373,242822104,134787551,0
2106.13,1697270.04,2227789.41,0.00,530519.37,1525.99,3190.94,0.00,1664.95,3843565789.35,6408985064.10,0.00,0.00,0.00,0.00,191458318,243042812,135473236,0
2108.13,1699766.98,2231894.88,0.00,532127.89,2496.94,4105.47,0.00,1608.53,3843565789.35,6408985064.10,0.00,0.00,0.00,0.00,191713031,243427316,135473236,0
2110.13,1701888.06,2235491.02,0.00,533602.96,2121.08,3596.14,0.00,1475.07,3843565789.35,6408985064.10,0.00,0.00,0.00,0.00,191967035,243716308,136147083,0
2112.13,1702899.41,2238292.43,0.00,535393.03,1011.35,2801.41,0.00,1790.07,3843565789.35,6408985064.10,0.00,0.00,0.00,0.00,192068757,243873491,136779660,0
2114.13,1705386.33,2242380.58,0.00,536994.25,2486.92,4088.15,0.00,1601.23,3843565789.35,6408985064.10,0.00,0.00,0.00,0.00,192306164,244272736,136779660,0
2116.13,1707774.66,2246246.30,0.00,538471.64,2388.33,3865.72,0.00,1477.39,3843565789.35,6408985064.10,0.00,0.00,0.00,0.00,192564898,244625415,137511578,0
2118.13,1710256.43,2250301.94,0.00,540045.51,2481.77,4055.63,0.00,1573.87,3843565789.35,6408985064.10,0.00,0.00,0.00,0.00,192808469,245017176,137511578,0
2120.13,1712598.47,2254190.19,0.00,541591.71,2342.05,3888.25,0.00,1546.20,3843565789.35,6408985064.10,0.00,0.00,0.00,0.00,193039608,245385601,138162426,0
2122.13,1714527.46,2257822.70,0.00,543295.23,1928.99,3632.51,0.00,1703.52,3843565789.35,6408985064.10,0.00,0.00,0.00,0.00,193239860,245679171,138925051,0
2124.13,1717021.17,2261894.00,0.00,544872.83,2493.71,4071.30,0.00,1577.60,3843565789.35,6408985064.10,0.00,0.00,0.00,0.00,193477363,246080057,138925051,0
2126.13,1719411.56,2265717.34,0.00,546305.77,2390.39,3823.33,0.00,1432.94,3843565789.35,6408985064.10,0.00,0.00,0.00,0.00,193714701,246454659,139572468,0
2128.13,1720320.02,2268462.51,0.00,548142.49,908.45,2745.17,0.00,1836.72,3843565789.35,6408985064.10,0.00,0.00,0.00,0.00,193804099,246597825,139572468,0
2130.13,1722582.17,2272351.51,0.00,549769.34,2262.15,3889.00,0.00,1626.85,3843565789.35,6408985064.10,0.00,0.00,0.00,0.00,194019987,246961048,140246675,0
2132.13,1724955.18,2276356.19,0.00,551401.02,2373.01,4004.68,0.00,1631.68,3843565789.35,6408985064.10,0.00,0.00,0.00,0.00,194239176,247349349,141012617,0
2134.13,1726464.05,2279679.68,0.00,553215.62,1508.88,3323.48,0.00,1814.61,3843565789.35,6408985064.10,0.00,0.00,0.00,0.00,194395570,247579228,141012617,0
2136.13,1727646.90,2282652.37,0.00,555005.46,1182.85,2972.69,0.00,1789.84,3843565789.35,6408985064.10,0.00,0.00,0.00,0.00,194531269,247746338,141791706,0
2138.13,1730162.79,2286700.23,0.00,556537.44,2515.89,4047.86,0.00,1531.98,3843565789.35,6408985064.10,0.00,0.00,0.00,0.00,194794171,248127503,141791706,0
2140.13,1732582.73,2290584.64,0.00,558001.91,2419.94,3884.41,0.00,1464.47,3843565789.35,6408985064.10,0.00,0.00,0.00,0.00,195050200,248490979,142427130,0
2142.13,1733182.81,2292976.78,0.00,559793.97,600.08,2392.14,0.00,1792.06,3843565789.35,6408985064.10,0.00,0.00,0.00,0.00,195099243,248595556,143112874,0
2144.13,1735662.27,2297021.38,0.00,561359.11,2479.46,4044.60,0.00,1565.14,3843565789.35,6408985064.10,0.00,0.00,0.00,0.00,195373405,248956135,143112874,0
2146.13,1738041.39,2300865.95,0.00,562824.56,2379.13,3844.57,0.00,1465.45,3843565789.35,6408985064.10,0.00,0.00,0.00,0.00,195633100,249305497,143775651,0
2148.13,1740530.93,2304888.26,0.00,564357.34,2489.53,4022.31,0.00,1532.78,3843565789.35,6408985064.10,0.00,0.00,0.00,0.00,195895435,249680482,143775651,0
2150.13,1742877.40,2308698.85,0.00,565821.45,2346.48,3810.59,0.00,1464.11,3843565789.35,6408985064.10,0.00,0.00,0.00,0.00,196118636,250057979,144426922,0
2152.13,1745026.27,2312492.90,0.00,567466.63,2148.87,3794.05,0.00,1645.18,3843565789.35,6408985064.10,0.00,0.00,0.00,0.00,196313482,250413243,145151866,0
2154.13,1747542.79,2316629.76,0.00,569086.97,2516.52,4136.86,0.00,1620.34,3843565789.35,6408985064.10,0.00,0.00,0.00,0.00,196515755,250855198,145151866,0
2156.13,1749953.83,2320558.37,0.00,570604.54,2411.04,3928.61,0.00,1517.57,3843565789.35,6408985064.10,0.00,0.00,0.00,0.00,196723424,251264756,145860787,0
2158.13,1751040.04,2323461.91,0.00,572421.87,1086.21,2903.54,0.00,1817.32,3843565789.35,6408985064.10,0.00,0.00,0.00,0.00,196814998,251451252,145860787,0
2160.13,1752892.64,2326879.25,0.00,573986.61,1852.60,3417.34,0.00,1564.74,3843565789.35,6408985064.10,0.00,0.00,0.00,0.00,196964052,251776464,146568239,0
2162.21,1755371.55,2330933.45,0.00,575561.89,2478.91,4054.20,0.00,1575.29,3843565789.35,6408985064.10,0.00,0.00,0.00,0.00,197181939,252193179,147249747,0
2164.21,1757184.01,2334348.22,0.00,577164.21,1812.46,3414.77,0.00,1602.32,3843565789.35,6408985064.10,0.00,0.00,0.00,0.00,197339278,252499829,147249747,0
2166.21,1758388.73,2337354.35,0.00,578965.62,1204.71,3006.12,0.00,1801.41,3843565789.35,6408985064.10,0.00,0.00,0.00,0.00,197442334,252705180,147924252,0
2168.21,1760871.54,2341457.23,0.00,580585.69,2482.81,4102.88,0.00,1620.07,3843565789.35,6408985064.10,0.00,0.00,0.00,0.00,197633184,253149929,147924252,0
2170.21,1763178.65,2345434.01,0.00,582255.36,2307.11,3976.78,0.00,1669.67,3843565789.35,6408985064.10,0.00,0.00,0.00,0.00,197830612,253543122,148606774,0
2172.21,1763328.06,2348214.14,0.00,584886.08,149.41,2780.13,0.00,2630.72,3843565789.35,6408985064.10,0.00,0.00,0.00,0.00,197843815,253568169,148606774,0
2174.21,1763328.06,2350562.48,0.00,587234.41,0.00,2348.34,0.00,2348.34,3843565789.35,6408985064.10,0.00,0.00,0.00,0.00,197843815,253568169,148606774,0
2176.21,1763328.06,2353377.58,0.00,590049.52,0.00,2815.10,0.00,2815.10,3843565789.35,6408985064.10,0.00,0.00,0.00,0.00,197843815,253568169,148606774,0
2178.21,1763328.06,2355338.76,0.00,592010.70,0.00,1961.18,0.00,1961.18,3843565789.35,6408985064.10,0.00,0.00,0.00,0.00,197843815,253568169,148606774,0
2180.21,1764439.32,2358159.08,0.00,593719.76,1111.26,2820.32,0.00,1709.06,3843565789.35,6408985064.10,0.00,0.00,0.00,0.00,197926988,253769479,151709431,0
2182.21,1766923.09,2362234.58,0.00,595311.50,2483.76,4075.50,0.00,1591.74,3843565789.35,6408985064.10,0.00,0.00,0.00,0.00,198128627,254203683,151709431,0
2184.21,1769327.13,2366134.05,0.00,596806.92,2404.04,3899.46,0.00,1495.42,3843565789.35,6408985064.10,0.00,0.00,0.00,0.00,198331786,254615959,152385990,0
2186.21,1771707.14,2370057.88,0.00,598350.73,2380.02,3923.83,0.00,1543.82,3843565789.35,6408985064.10,0.00,0.00,0.00,0.00,198539269,255017760,153048381,0
2188.21,1774159.96,2374109.05,0.00,599949.09,2452.81,4051.17,0.00,1598.36,3843565789.35,6408985064.10,0.00,0.00,0.00,0.00,198745663,255439286,153048381,0
2190.21,1776504.06,2378025.34,0.00,601521.28,2344.10,3916.29,0.00,1572.19,3843565789.35,6408985064.10,0.00,0.00,0.00,0.00,198975471,255809568,153742475,0
2192.21,1779002.54,2382169.01,0.00,603166.46,2498.48,4143.67,0.00,1645.19,3843565789.35,6408985064.10,0.00,0.00,0.00,0.00,199186295,256238356,153742475,0
2194.21,1781326.21,2386236.65,0.00,604910.43,2323.67,4067.64,0.00,1743.97,3843565789.35,6408985064.10,0.00,0.00,0.00,0.00,199375661,256643850,154451911,0
2196.21,1783850.37,2390943.83,0.00,607093.46,2524.16,4707.18,0.00,2183.02,3843565789.35,6408985064.10,0.00,0.00,0.00,0.00,199598088,257067607,154451911,0
2198.21,1786027.07,2394973.24,0.00,608946.17,2176.70,4029.41,0.00,1852.71,3843565789.35,6408985064.10,0.00,0.00,0.00,0.00,199784674,257438256,155608339,0
2200.21,1787904.05,2398530.43,0.00,610626.38,1876.98,3557.19,0.00,1680.21,3843565789.35,6408985064.10,0.00,0.00,0.00,0.00,199939494,257763943,155608339,0
2202.21,1789679.05,2401940.34,0.00,612261.29,1775.00,3409.92,0.00,1634.91,3843565789.35,6408985064.10,0.00,0.00,0.00,0.00,200091619,258066219,156293747,0
2204.32,1792134.01,2405928.14,0.00,613794.13,2454.96,3987.80,0.00,1532.84,3843565789.35,6408985064.10,0.00,0.00,0.00,0.00,200293373,258492934,156979627,0
2206.32,1794048.02,2410179.59,0.00,616131.57,1914.01,4251.45,0.00,2337.44,3843565789.35,6408985064.10,0.00,0.00,0.00,0.00,200447968,258828325,156979627,0
2208.32,1794048.02,2412759.86,0.00,618711.84,0.00,2580.27,0.00,2580.27,3843565789.35,6408985064.10,0.00,0.00,0.00,0.00,200447968,258828325,156979627,0
2210.32,1794048.02,2414701.17,0.00,620653.15,0.00,1941.32,0.00,1941.32,3843565789.35,6408985064.10,0.00,0.00,0.00,0.00,200447968,258828325,156979627,0
2212.32,1795654.07,2417950.11,0.00,622296.04,1606.05,3248.94,0.00,1642.89,3843565789.35,6408985064.10,0.00,0.00,0.00,0.00,200582580,259104863,158894582,0
2214.36,1798092.64,2421942.10,0.00,623849.46,2438.57,3991.99,0.00,1553.42,3843565789.35,6408985064.10,0.00,0.00,0.00,0.00,200793079,259518637,159553788,0
2216.36,1800192.02,2425602.13,0.00,625410.11,2099.38,3660.03,0.00,1560.64,3843565789.35,6408985064.10,0.00,0.00,0.00,0.00,200957607,259891551,159553788,0
2218.36,1801419.30,2428534.33,0.00,627115.03,1227.28,2932.20,0.00,1704.92,3843565789.35,6408985064.10,0.00,0.00,0.00,0.00,201051063,260112279,160190322,0
2220.36,1803895.65,2432573.11,0.00,628677.46,2476.34,4038.77,0.00,1562.43,3843565789.35,6408985064.10,0.00,0.00,0.00,0.00,201277665,260519621,160190322,0
2222.36,1806309.63,2436420.20,0.00,630110.57,2413.98,3847.09,0.00,1433.11,3843565789.35,6408985064.10,0.00,0.00,0.00,0.00,201454813,260960453,160854099,0
2224.36,1808741.02,2440395.86,0.00,631654.84,2431.39,3975.66,0.00,1544.27,3843565789.35,6408985064.10,0.00,0.00,0.00,0.00,201631787,261405914,161533887,0
2226.36,1811176.86,2444383.53,0.00,633206.67,2435.84,3987.67,0.00,1551.83,3843565789.35,6408985064.10,0.00,0.00,0.00,0.00,201819919,261841357,161533887,0
2228.36,1812480.02,2447520.50,0.00,635040.48,1303.16,3136.98,0.00,1833.82,3843565789.35,6408985064.10,0.00,0.00,0.00,0.00,201904247,262090638,161533887,0
2230.36,1812480.02,2450218.98,0.00,637738.96,0.00,2698.48,0.00,2698.48,3843565789.35,6408985064.10,0.00,0.00,0.00,0.00,201904247,262090638,161533887,0
2232.36,1812480.02,2452388.49,0.00,639908.47,0.00,2169.50,0.00,2169.50,3843565789.35,6408985064.10,0.00,0.00,0.00,0.00,201904247,262090638,161533887,0
2234.36,1812721.18,2454511.92,0.00,641790.74,241.16,2123.43,0.00,1882.27,3843565789.35,6408985064.10,0.00,0.00,0.00,0.00,201919320,262137301,164109445,0
2236.36,1815231.42,2458592.18,0.00,643360.76,2510.24,4080.26,0.00,1570.02,3843565789.35,6408985064.10,0.00,0.00,0.00,0.00,202107546,262591697,164109445,0
2238.36,1817620.71,2462583.18,0.00,644962.48,2389.29,3991.00,0.00,1601.71,3843565789.35,6408985064.10,0.00,0.00,0.00,0.00,202271144,263039757,164751725,0
2240.36,1818624.02,2465979.98,0.00,647355.96,1003.32,3396.80,0.00,2393.48,3843565789.35,6408985064.10,0.00,0.00,0.00,0.00,202343530,263224220,164751725,0
2242.36,1818624.02,2468477.38,0.00,649853.35,0.00,2497.39,0.00,2497.39,3843565789.35,6408985064.10,0.00,0.00,0.00,0.00,202343530,263224220,164751725,0
2244.36,1818624.02,2471133.06,0.00,652509.04,0.00,2655.68,0.00,2655.68,3843565789.35,6408985064.10,0.00,0.00,0.00,0.00,202343530,263224220,164751725,0
2246.36,1819657.77,2474385.58,0.00,654727.81,1033.74,3252.52,0.00,2218.78,3843565789.35,6408985064.10,0.00,0.00,0.00,0.00,202417311,263415077,167257973,0
2248.36,1822157.52,2479009.12,0.00,656851.61,2499.75,4623.55,0.00,2123.79,3843565789.35,6408985064.10,0.00,0.00,0.00,0.00,202595822,263876503,167257973,0
2250.46,1824717.89,2483561.79,0.00,658843.90,2560.38,4552.67,0.00,1992.29,3843565789.35,6408985064.10,0.00,0.00,0.00,0.00,202787584,264340197,168505405,0
2252.46,1824768.02,2486296.28,0.00,661528.27,50.12,2734.49,0.00,2684.37,3843565789.35,6408985064.10,0.00,0.00,0.00,0.00,202789285,264351327,168505405,0
2254.46,1824768.02,2488783.88,0.00,664015.87,0.00,2487.60,0.00,2487.60,3843565789.35,6408985064.10,0.00,0.00,0.00,0.00,202789285,264351327,168505405,0
2256.46,1824768.02,2490730.57,0.00,665962.55,0.00,1946.69,0.00,1946.69,3843565789.35,6408985064.10,0.00,0.00,0.00,0.00,202789285,264351327,168505405,0
2258.46,1824768.02,2493021.37,0.00,668253.36,0.00,2290.80,0.00,2290.80,3843565789.35,6408985064.10,0.00,0.00,0.00,0.00,202789285,264351327,168505405,0
2260.46,1824768.02,2495728.88,0.00,670960.86,0.00,2707.50,0.00,2707.50,3843565789.35,6408985064.10,0.00,0.00,0.00,0.00,202789285,264351327,168505405,0
2262.46,1826800.24,2499358.88,0.00,672558.64,2032.23,3630.00,0.00,1597.78,3843565789.35,6408985064.10,0.00,0.00,0.00,0.00,202943897,264716965,171708976,0
2264.46,1829202.56,2503271.20,0.00,674068.64,2402.32,3912.32,0.00,1510.00,3843565789.35,6408985064.10,0.00,0.00,0.00,0.00,203049037,265226819,172376247,0
2266.46,1831722.04,2507509.14,0.00,675787.10,2519.48,4237.94,0.00,1718.46,3843565789.35,6408985064.10,0.00,0.00,0.00,0.00,203213336,265707507,172376247,0
2268.46,1834050.52,2511458.45,0.00,677407.93,2328.47,3949.31,0.00,1620.84,3843565789.35,6408985064.10,0.00,0.00,0.00,0.00,203381524,266135408,173134108,0
2270.46,1836681.41,2516326.79,0.00,679645.37,2630.90,4868.34,0.00,2237.44,3843565789.35,6408985064.10,0.00,0.00,0.00,0.00,203582771,266607671,173134108,0
2272.46,1837111.64,2519103.42,0.00,681991.78,430.23,2776.64,0.00,2346.41,3843565789.35,6408985064.10,0.00,0.00,0.00,0.00,203605576,266695005,174425568,0
2274.46,1839680.25,2523215.73,0.00,683535.47,2568.61,4112.30,0.00,1543.70,3843565789.35,6408985064.10,0.00,0.00,0.00,0.00,203794379,267163766,174425568,0
2276.46,1842088.68,2527253.09,0.00,685164.41,2408.42,4037.36,0.00,1628.94,3843565789.35,6408985064.10,0.00,0.00,0.00,0.00,203976892,267597809,175118823,0
2278.46,1843200.02,2530823.12,0.00,687623.09,1111.35,3570.03,0.00,2458.68,3843565789.35,6408985064.10,0.00,0.00,0.00,0.00,204054103,267805103,175118823,0
2280.46,1843200.02,2533366.46,0.00,690166.43,0.00,2543.34,0.00,2543.34,3843565789.35,6408985064.10,0.00,0.00,0.00,0.00,204054103,267805103,175118823,0
2282.46,1843200.02,2535443.45,0.00,692243.43,0.00,2077.00,0.00,2077.00,3843565789.35,6408985064.10,0.00,0.00,0.00,0.00,204054103,267805103,175118823,0
2284.46,1845491.01,2539713.28,0.00,694222.27,2290.98,4269.82,0.00,1978.84,3843565789.35,6408985064.10,0.00,0.00,0.00,0.00,204204400,268241298,177056187,0
2286.46,1847895.97,2544372.94,0.00,696476.97,2404.96,4659.66,0.00,2254.70,3843565789.35,6408985064.10,0.00,0.00,0.00,0.00,204391938,268669430,177056187,0
2288.46,1850250.16,2548537.90,0.00,698287.73,2354.20,4164.96,0.00,1810.76,3843565789.35,6408985064.10,0.00,0.00,0.00,0.00,204610547,269053495,178342813,0
2290.46,1852770.93,2552664.87,0.00,699893.93,2520.77,4126.97,0.00,1606.20,3843565789.35,6408985064.10,0.00,0.00,0.00,0.00,204814653,269494706,178342813,0
2292.46,1855181.99,2556555.01,0.00,701373.02,2411.05,3890.14,0.00,1479.09,3843565789.35,6408985064.10,0.00,0.00,0.00,0.00,205031215,269895374,179033984,0
2294.46,1855488.06,2558810.20,0.00,703322.14,306.07,2255.19,0.00,1949.12,3843565789.35,6408985064.10,0.00,0.00,0.00,0.00,205065355,269939588,179033984,0
2296.46,1855488.06,2561650.12,0.00,706162.07,0.00,2839.93,0.00,2839.93,3843565789.35,6408985064.10,0.00,0.00,0.00,0.00,205065355,269939588,179033984,0
2298.46,1856424.25,2564821.71,0.00,708397.46,936.19,3171.58,0.00,2235.39,3843565789.35,6408985064.10,0.00,0.00,0.00,0.00,205148753,270095854,180997416,0
2300.46,1858911.15,2568939.16,0.00,710028.01,2486.91,4117.45,0.00,1630.55,3843565789.35,6408985064.10,0.00,0.00,0.00,0.00,205337708,270543547,180997416,0
2302.46,1861294.51,2572811.20,0.00,711516.69,2383.36,3872.04,0.00,1488.68,3843565789.35,6408985064.10,0.00,0.00,0.00,0.00,205500356,270991039,181701807,0
2304.59,1861632.02,2575126.14,0.00,713494.12,337.50,2314.94,0.00,1977.43,3843565789.35,6408985064.10,0.00,0.00,0.00,0.00,205535777,271042019,181701807,0
2306.59,1861632.02,2577893.16,0.00,716261.14,0.00,2767.02,0.00,2767.02,3843565789.35,6408985064.10,0.00,0.00,0.00,0.00,205535777,271042019,181701807,0
2308.59,1861817.15,2580598.19,0.00,718781.04,185.14,2705.03,0.00,2519.89,3843565789.35,6408985064.10,0.00,0.00,0.00,0.00,205544840,271080351,183784219,0
2310.59,1864331.83,2584723.15,0.00,720391.32,2514.68,4124.96,0.00,1610.28,3843565789.35,6408985064.10,0.00,0.00,0.00,0.00,205696264,271572685,183784219,0
2312.59,1866595.18,2588577.12,0.00,721981.95,2263.34,3853.98,0.00,1590.63,3843565789.35,6408985064.10,0.00,0.00,0.00,0.00,205849709,271998656,184510965,0
2314.59,1867776.03,2592209.22,0.00,724433.19,1180.86,3632.10,0.00,2451.24,3843565789.35,6408985064.10,0.00,0.00,0.00,0.00,205941513,272209151,184510965,0
2316.59,1867776.03,2594684.44,0.00,726908.41,0.00,2475.21,0.00,2475.21,3843565789.35,6408985064.10,0.00,0.00,0.00,0.00,205941513,272209151,184510965,0
2318.59,1867776.03,2596636.58,0.00,728860.55,0.00,1952.14,0.00,1952.14,3843565789.35,6408985064.10,0.00,0.00,0.00,0.00,205941513,272209151,184510965,0
2329.18,1869424.79,2599817.79,0.00,730392.99,1648.76,3181.20,0.00,1532.44,3843565789.35,6408985064.10,0.00,0.00,0.00,0.00,206062535,272510212,186458315,0
2331.18,1871905.63,2603959.19,0.00,732053.55,2480.84,4141.40,0.00,1660.56,3843565789.35,6408985064.10,0.00,0.00,0.00,0.00,206240669,272967173,186458315,0
2333.18,1873920.04,2607500.91,0.00,733580.87,2014.41,3541.72,0.00,1527.32,3843565789.35,6408985064.10,0.00,0.00,0.00,0.00,206378083,273345447,187229759,0
2335.18,1874367.14,2609843.21,0.00,735476.07,447.11,2342.30,0.00,1895.20,3843565789.35,6408985064.10,0.00,0.00,0.00,0.00,206429223,273408766,187979024,0
2337.18,1876823.32,2613948.02,0.00,737124.70,2456.18,4104.80,0.00,1648.63,3843565789.35,6408985064.10,0.00,0.00,0.00,0.00,206601209,273865561,187979024,0
2339.18,1879187.13,2617860.99,0.00,738673.86,2363.81,3912.97,0.00,1549.16,3843565789.35,6408985064.10,0.00,0.00,0.00,0.00,206771160,274300746,188701250,0
2341.18,1880064.05,2620552.57,0.00,740488.52,876.92,2691.59,0.00,1814.67,3843565789.35,6408985064.10,0.00,0.00,0.00,0.00,206843730,274452667,188701250,0
2343.18,1880064.05,2623007.98,0.00,742943.93,0.00,2455.40,0.00,2455.40,3843565789.35,6408985064.10,0.00,0.00,0.00,0.00,206843730,274452667,188701250,0
2345.18,1880064.05,2625811.85,0.00,745747.80,0.00,2803.88,0.00,2803.88,3843565789.35,6408985064.10,0.00,0.00,0.00,0.00,206843730,274452667,188701250,0
2347.18,1882133.05,2629555.16,0.00,747422.11,2069.00,3743.31,0.00,1674.30,3843565789.35,6408985064.10,0.00,0.00,0.00,0.00,206992285,274833777,190773450,0
2349.18,1884537.79,2633487.77,0.00,748949.99,2404.73,3932.61,0.00,1527.88,3843565789.35,6408985064.10,0.00,0.00,0.00,0.00,207191985,275249688,191493698,0
2351.18,1887042.89,2637594.53,0.00,750551.64,2505.11,4106.76,0.00,1601.65,3843565789.35,6408985064.10,0.00,0.00,0.00,0.00,207383686,275699295,191493698,0
2353.18,1889485.97,2641562.79,0.00,752076.82,2443.07,3968.26,0.00,1525.19,3843565789.35,6408985064.10,0.00,0.00,0.00,0.00,207544511,276163897,192236439,0
2355.18,1891936.85,2645614.51,0.00,753677.66,2450.88,4051.71,0.00,1600.84,3843565789.35,6408985064.10,0.00,0.00,0.00,0.00,207699785,276636048,192236439,0
2357.18,1893573.11,2648899.34,0.00,755326.23,1636.26,3284.83,0.00,1648.57,3843565789.35,6408985064.10,0.00,0.00,0.00,0.00,207806945,276947771,192918516,0
2359.18,1896087.62,2653094.05,0.00,757006.44,2514.51,4194.72,0.00,1680.21,3843565789.35,6408985064.10,0.00,0.00,0.00,0.00,207962902,277435528,192918516,0
2361.18,1898464.43,2657242.79,0.00,758778.36,2376.81,4148.73,0.00,1771.92,3843565789.35,6408985064.10,0.00,0.00,0.00,0.00,208101790,277905104,193705116,0
2363.18,1898496.04,2660025.12,0.00,761529.08,31.61,2782.33,0.00,2750.73,3843565789.35,6408985064.10,0.00,0.00,0.00,0.00,208106082,277908903,193705116,0
2365.18,1898496.04,2662591.60,0.00,764095.56,0.00,2566.48,0.00,2566.48,3843565789.35,6408985064.10,0.00,0.00,0.00,0.00,208106082,277908903,193705116,0
2367.18,1898496.04,2665411.77,0.00,766915.73,0.00,2820.17,0.00,2820.17,3843565789.35,6408985064.10,0.00,0.00,0.00,0.00,208106082,277908903,193705116,0
2369.18,1898496.04,2667375.52,0.00,768879.49,0.00,1963.75,0.00,1963.75,3843565789.35,6408985064.10,0.00,0.00,0.00,0.00,208106082,277908903,193705116,0
2371.18,1899358.92,2670046.96,0.00,770688.05,862.88,2671.44,0.00,1808.56,3843565789.35,6408985064.10,0.00,0.00,0.00,0.00,208181120,278054763,196892494,0
2373.18,1901843.48,2674066.94,0.00,772223.46,2484.56,4019.97,0.00,1535.41,3843565789.35,6408985064.10,0.00,0.00,0.00,0.00,208367571,278504360,196892494,0
2375.18,1904225.04,2677930.22,0.00,773705.18,2381.56,3863.29,0.00,1481.73,3843565789.35,6408985064.10,0.00,0.00,0.00,0.00,208564484,278917126,197592443,0
2377.18,1904640.01,2680247.14,0.00,775607.13,414.97,2316.92,0.00,1901.95,3843565789.35,6408985064.10,0.00,0.00,0.00,0.00,208599601,278988242,197592443,0
2379.18,1906998.79,2684149.21,0.00,777150.42,2358.78,3902.07,0.00,1543.29,3843565789.35,6408985064.10,0.00,0.00,0.00,0.00,208803779,279387912,198312281,0
2381.18,1909368.39,2688188.10,0.00,778819.71,2369.60,4038.88,0.00,1669.29,3843565789.35,6408985064.10,0.00,0.00,0.00,0.00,209017575,279780733,199071295,0
2383.18,1910784.06,2691337.29,0.00,780553.23,1415.67,3149.20,0.00,1733.53,3843565789.35,6408985064.10,0.00,0.00,0.00,0.00,209149602,280011117,199071295,0
2385.18,1911987.32,2694334.94,0.00,782347.62,1203.26,2997.64,0.00,1794.38,3843565789.35,6408985064.10,0.00,0.00,0.00,0.00,209256891,280211863,199824509,0
2387.18,1914455.54,2698375.12,0.00,783919.59,2468.21,4040.18,0.00,1571.97,3843565789.35,6408985064.10,0.00,0.00,0.00,0.00,209456604,280644013,199824509,0
2389.18,1916819.45,2702135.78,0.00,785316.33,2363.92,3760.66,0.00,1396.74,3843565789.35,6408985064.10,0.00,0.00,0.00,0.00,209631476,281074304,200516679,0
2391.18,1917120.48,2704346.21,0.00,787225.73,301.03,2210.43,0.00,1909.41,3843565789.35,6408985064.10,0.00,0.00,0.00,0.00,209645130,281137713,201243215,0
2393.18,1919615.25,2708444.93,0.00,788829.68,2494.77,4098.72,0.00,1603.95,3843565789.35,6408985064.10,0.00,0.00,0.00,0.00,209848358,281573147,201243215,0
2395.18,1921933.58,2712466.41,0.00,790532.82,2318.33,4021.47,0.00,1703.14,3843565789.35,6408985064.10,0.00,0.00,0.00,0.00,210019043,281995954,201951876,0
2397.18,1923072.04,2716141.93,0.00,793069.88,1138.46,3675.52,0.00,2537.06,3843565789.35,6408985064.10,0.00,0.00,0.00,0.00,210104277,282202166,201951876,0
2399.18,1923072.04,2718634.10,0.00,795562.06,0.00,2492.18,0.00,2492.18,3843565789.35,6408985064.10,0.00,0.00,0.00,0.00,210104277,282202166,201951876,0
2401.18,1923072.04,2720683.12,0.00,797611.07,0.00,2049.02,0.00,2049.02,3843565789.35,6408985064.10,0.00,0.00,0.00,0.00,210104277,282202166,201951876,0
2403.18,1925153.52,2724313.93,0.00,799160.41,2081.48,3630.82,0.00,1549.34,3843565789.35,6408985064.10,0.00,0.00,0.00,0.00,210257851,282581450,204010793,0
2405.18,1927656.38,2728544.57,0.00,800888.20,2502.86,4230.64,0.00,1727.79,3843565789.35,6408985064.10,0.00,0.00,0.00,0.00,210476391,283003641,204010793,0
2407.18,1930116.66,2731034.02,2556.75,800917.37,2460.28,2489.45,2556.75,29.17,3843565789.35,6408985064.10,0.00,0.00,0.00,0.00,210702183,283407681,204788127,0
2409.18,1932650.22,2733567.59,5196.12,800917.37,2533.57,2533.57,2639.37,0.00,3843565789.35,6408985064.10,0.00,0.00,0.00,0.00,210893335,283865122,204788127,0
2411.18,1934926.63,2737613.31,5400.57,802686.68,2276.41,4045.72,204.45,1769.31,3843565789.35,6408985064.10,0.00,0.00,0.00,0.00,209755680,284203147,204788127,1382390
2413.18,1935360.02,2740769.83,5400.57,805409.81,433.39,3156.52,0.00,2723.13,3843565789.35,6408985064.10,0.00,0.00,0.00,0.00,209844054,284225720,204788127,1382390
2415.18,1937227.02,2744820.29,5400.57,807593.27,1867.00,4050.46,0.00,2183.46,3843565789.35,6408985064.10,0.00,0.00,0.00,0.00,210008617,284539110,206094430,1382390
2417.18,1939731.45,2749579.96,5400.57,809848.50,2504.43,4759.66,0.00,2255.23,3843565789.35,6408985064.10,0.00,0.00,0.00,0.00,210235246,284953616,206094430,1382390
2419.18,1942276.05,2753452.48,6352.67,811176.44,2544.59,3872.53,952.10,1327.93,3843565789.35,6408985064.10,0.00,0.00,0.00,0.00,210510850,285329428,207409996,1382390
2421.18,1944801.35,2755977.79,9012.55,811176.44,2525.30,2525.30,2659.88,0.00,3843565789.35,6408985064.10,0.00,0.00,0.00,0.00,210727065,285759690,207409996,1382390
2423.18,1946949.52,2758265.86,11075.72,811316.34,2148.17,2288.07,2063.18,139.91,3843565789.35,6408985064.10,0.00,0.00,0.00,0.00,209482380,286110077,207409996,2826619
2425.18,1947648.02,2761631.92,11075.72,813983.90,698.50,3366.06,0.00,2667.56,3843565789.35,6408985064.10,0.00,0.00,0.00,0.00,209522137,286249136,207409996,2826619
2427.18,1947991.77,2764444.96,11075.72,816453.20,343.75,2813.05,0.00,2469.29,3843565789.35,6408985064.10,0.00,0.00,0.00,0.00,209544383,286314891,208701491,2826619
2429.18,1950450.50,2768506.11,11075.72,818055.61,2458.73,4061.14,0.00,1602.41,3843565789.35,6408985064.10,0.00,0.00,0.00,0.00,209782089,286706620,208701491,2826619
2431.18,1952784.27,2772287.04,11075.72,819502.77,2333.77,3780.94,0.00,1447.16,3843565789.35,6408985064.10,0.00,0.00,0.00,0.00,210005133,287081022,209381868,2826619
2433.18,1953792.02,2775150.11,11075.72,821358.09,1007.74,2863.06,0.00,1855.32,3843565789.35,6408985064.10,0.00,0.00,0.00,0.00,210085390,287258747,209381868,2826619
2435.18,1955572.54,2778534.03,11075.72,822961.48,1780.53,3383.92,0.00,1603.39,3843565789.35,6408985064.10,0.00,0.00,0.00,0.00,210236742,287563210,210127916,2826619
2437.18,1958038.63,2782645.11,11075.72,824606.48,2466.09,4111.08,0.00,1644.99,3843565789.35,6408985064.10,0.00,0.00,0.00,0.00,210410952,288020319,210127916,2826619
2439.18,1960494.79,2785180.36,13525.65,824685.57,2456.16,2535.25,2449.93,79.09,3843565789.35,6408985064.10,0.00,0.00,0.00,0.00,210644221,288415826,210859520,2826619
2441.18,1962999.20,2787684.77,16195.59,824685.57,2504.41,2504.41,2669.94,0.00,3843565789.35,6408985064.10,0.00,0.00,0.00,0.00,210849776,288851401,210859520,2826619
2443.18,1964935.73,2790906.90,16854.92,825971.18,1936.52,3222.13,659.32,1285.61,3843565789.35,6408985064.10,0.00,0.00,0.00,0.00,209563592,289153862,210859520,4306092
2445.18,1966080.02,2794473.90,16854.92,828393.88,1144.29,3567.00,0.00,2422.70,3843565789.35,6408985064.10,0.00,0.00,0.00,0.00,209683396,289326997,210859520,4306092
2447.18,1966080.02,2796552.42,16854.92,830472.40,0.00,2078.52,0.00,2078.52,3843565789.35,6408985064.10,0.00,0.00,0.00,0.00,209683396,289326997,210859520,4306092
2449.18,1966477.75,2798756.50,16854.92,832278.75,397.73,2204.08,0.00,1806.35,3843565789.35,6408985064.10,0.00,0.00,0.00,0.00,209717444,289394768,212744272,4306092
2451.18,1968966.55,2802942.09,16854.92,833975.54,2488.80,4185.59,0.00,1696.79,3843565789.35,6408985064.10,0.00,0.00,0.00,0.00,209791163,289958183,212744272,4306092
2453.18,1971276.29,2806957.43,16854.92,835681.14,2309.74,4015.34,0.00,1705.61,3843565789.35,6408985064.10,0.00,0.00,0.00,0.00,209901667,290438972,213472181,4306092
2455.18,1972224.05,2810417.94,16854.92,838193.89,947.76,3460.50,0.00,2512.75,3843565789.35,6408985064.10,0.00,0.00,0.00,0.00,209980373,290602892,213472181,4306092
2457.18,1972224.05,2812917.73,16854.92,840693.68,0.00,2499.80,0.00,2499.80,3843565789.35,6408985064.10,0.00,0.00,0.00,0.00,209980373,290602892,213472181,4306092
2459.18,1972224.05,2814975.15,16854.92,842751.10,0.00,2057.41,0.00,2057.41,3843565789.35,6408985064.10,0.00,0.00,0.00,0.00,209980373,290602892,213472181,4306092
2461.18,1974146.37,2818485.63,16854.92,844339.26,1922.32,3510.48,0.00,1588.16,3843565789.35,6408985064.10,0.00,0.00,0.00,0.00,210156706,290918673,215552773,4306092
2463.18,1976583.51,2822448.81,16980.57,845865.30,2437.14,3963.18,125.66,1526.04,3843565789.35,6408985064.10,0.00,0.00,0.00,0.00,210343829,291355458,216261385,4306092
2465.18,1979092.34,2824957.64,19619.17,845865.30,2508.83,2508.83,2638.59,0.00,3843565789.35,6408985064.10,0.00,0.00,0.00,0.00,210528773,291812774,216261385,4306092
2467.29,1981580.44,2827445.73,22225.49,845865.30,2488.10,2488.10,2606.32,0.00,3843565789.35,6408985064.10,0.00,0.00,0.00,0.00,209338721,292265003,216261385,5680868
2469.29,1983919.42,2831944.00,22225.49,848024.58,2338.98,4498.27,0.00,2159.28,3843565789.35,6408985064.10,0.00,0.00,0.00,0.00,209525835,292676669,216261385,5680868
2471.29,1984512.02,2835206.36,22225.49,850694.34,592.60,3262.36,0.00,2669.76,3843565789.35,6408985064.10,0.00,0.00,0.00,0.00,209578819,292775391,216261385,5680868
2473.29,1984512.02,2837841.68,22225.49,853329.66,0.00,2635.32,0.00,2635.32,3843565789.35,6408985064.10,0.00,0.00,0.00,0.00,209578819,292775391,216261385,5680868
2475.33,1984512.02,2840552.50,22225.49,856040.48,0.00,2710.82,0.00,2710.82,3843565789.35,6408985064.10,0.00,0.00,0.00,0.00,209578819,292775391,216261385,5680868
2477.33,1984512.02,2842513.35,22225.49,858001.33,0.00,1960.85,0.00,1960.85,3843565789.35,6408985064.10,0.00,0.00,0.00,0.00,209578819,292775391,216261385,5680868
2479.33,1984512.02,2844868.42,22225.49,860356.40,0.00,2355.07,0.00,2355.07,3843565789.35,6408985064.10,0.00,0.00,0.00,0.00,209578819,292775391,216261385,5680868
2481.33,1984512.02,2847690.51,22225.49,863178.48,0.00,2822.09,0.00,2822.09,3843565789.35,6408985064.10,0.00,0.00,0.00,0.00,209578819,292775391,216261385,5680868
2483.33,1986048.14,2851137.53,22225.49,865089.39,1536.12,3447.02,0.00,1910.90,3843565789.35,6408985064.10,0.00,0.00,0.00,0.00,209696431,293051025,220896283,5680868
2485.33,1988529.95,2855190.84,22225.49,866660.89,2481.81,4053.31,0.00,1571.50,3843565789.35,6408985064.10,0.00,0.00,0.00,0.00,209901515,293481284,220896283,5680868
2487.33,1990656.04,2858809.72,22225.49,868153.68,2126.09,3618.88,0.00,1492.79,3843565789.35,6408985064.10,0.00,0.00,0.00,0.00,210051771,293875307,221630857,5680868
2489.33,1991038.61,2860975.87,22225.49,869937.27,382.57,2166.15,0.00,1783.59,3843565789.35,6408985064.10,0.00,0.00,0.00,0.00,210081891,293943124,222338632,5680868
2491.33,1993529.82,2865117.34,22225.49,871587.52,2491.21,4141.47,0.00,1650.25,3843565789.35,6408985064.10,0.00,0.00,0.00,0.00,210298020,294364746,222338632,5680868
2493.33,1996013.98,2868614.99,23189.34,872601.02,2484.16,3497.65,963.85,1013.50,3843565789.35,6408985064.10,0.00,0.00,0.00,0.00,210502407,294796303,223079363,5680868
2495.33,1998544.42,2871145.43,25828.40,872601.02,2530.44,2530.44,2639.06,0.00,3843565789.35,6408985064.10,0.00,0.00,0.00,0.00,210808271,295138232,223079363,5680868
2497.33,2000464.25,2873185.09,27668.86,872720.84,1919.83,2039.66,1840.45,119.83,3843565789.35,6408985064.10,0.00,0.00,0.00,0.00,209828461,295244306,223079363,7046080
2499.33,2003089.37,2878045.31,27668.86,874955.95,2625.12,4860.22,0.00,2235.10,3843565789.35,6408985064.10,0.00,0.00,0.00,0.00,210331845,295412953,223079363,7046080
2501.33,2005669.42,2882826.09,27668.86,877156.66,2580.05,4780.77,0.00,2200.72,3843565789.35,6408985064.10,0.00,0.00,0.00,0.00,210862963,295542329,223079363,7046080
2503.33,2008081.52,2885621.34,29845.21,877539.82,2412.10,2795.26,2176.36,383.16,3843565789.35,6408985064.10,0.00,0.00,0.00,0.00,211402628,295620161,224343698,7046080
2505.33,2010587.70,2888127.53,32487.41,877539.82,2506.18,2506.18,2642.19,0.00,3843565789.35,6408985064.10,0.00,0.00,0.00,0.00,211908517,295755855,224343698,7046080
2507.33,2012848.64,2890388.46,34883.80,877539.82,2260.94,2260.94,2396.39,0.00,3843565789.35,6408985064.10,0.00,0.00,0.00,0.00,210753657,295952446,224343698,8583149
2509.33,2015371.18,2892911.01,37543.67,877539.82,2522.54,2522.54,2659.87,0.00,3843565789.35,6408985064.10,0.00,0.00,0.00,0.00,211251115,296100759,224343698,8583149
2511.33,2017666.71,2895206.54,39954.18,877539.82,2295.53,2295.53,2410.51,0.00,3843565789.35,6408985064.10,0.00,0.00,0.00,0.00,210214675,296174217,224343698,10133787
2513.33,2020021.82,2897561.64,42621.02,877539.82,2355.10,2355.10,2666.85,0.00,3843565789.35,6408985064.10,0.00,0.00,0.00,0.00,210722581,296269217,224343698,10133787
2515.33,2022529.84,2900069.66,45285.29,877539.82,2508.02,2508.02,2664.27,0.00,3843565789.35,6408985064.10,0.00,0.00,0.00,0.00,211125264,296508587,224343698,10133787
2517.33,2024833.29,2902373.11,47685.60,877539.82,2303.45,2303.45,2400.31,0.00,3843565789.35,6408985064.10,0.00,0.00,0.00,0.00,209956182,296701577,224343698,11699562
2519.33,2027344.79,2904884.61,50338.67,877539.82,2511.50,2511.50,2653.07,0.00,3843565789.35,6408985064.10,0.00,0.00,0.00,0.00,210399742,296900961,224343698,11699562
2521.33,2028919.64,2906533.60,51881.82,877613.96,1574.85,1648.99,1543.15,74.14,3843565789.35,6408985064.10,0.00,0.00,0.00,0.00,209122322,297036526,224343698,13244579
2523.33,2031256.46,2910981.59,51881.82,879725.13,2336.83,4448.00,0.00,2111.17,3843565789.35,6408985064.10,0.00,0.00,0.00,0.00,209356230,297400846,224343698,13244579
2525.33,2033664.04,2915530.08,51881.82,881866.04,2407.57,4548.49,0.00,2140.91,3843565789.35,6408985064.10,0.00,0.00,0.00,0.00,209567840,297805575,224343698,13244579
2527.33,2033664.04,2918111.08,51881.82,884447.04,0.00,2581.00,0.00,2581.00,3843565789.35,6408985064.10,0.00,0.00,0.00,0.00,209567840,297805575,224343698,13244579
2529.33,2033664.04,2920909.91,51881.82,887245.88,0.00,2798.83,0.00,2798.83,3843565789.35,6408985064.10,0.00,0.00,0.00,0.00,209567840,297805575,224343698,13244579
2531.33,2036081.19,2924783.03,51881.82,888701.84,2417.15,3873.11,0.00,1455.96,3843565789.35,6408985064.10,0.00,0.00,0.00,0.00,209842654,298149551,226635155,13244579
2533.33,2038416.75,2928607.50,51881.82,890190.75,2335.56,3824.47,0.00,1488.91,3843565789.35,6408985064.10,0.00,0.00,0.00,0.00,210112415,298477694,227329136,13244579
2535.33,2039808.00,2931729.16,51881.82,891921.16,1391.25,3121.66,0.00,1730.41,3843565789.35,6408985064.10,0.00,0.00,0.00,0.00,210229883,298716387,227329136,13244579
2537.33,2041121.02,2933958.72,53245.64,892837.70,1313.02,2229.56,1363.82,916.54,3843565789.35,6408985064.10,0.00,0.00,0.00,0.00,210389223,298893180,228047011,13244579
2539.33,2043602.08,2936439.78,55905.62,892837.70,2481.05,2481.05,2659.98,0.00,3843565789.35,6408985064.10,0.00,0.00,0.00,0.00,210694897,299222656,228047011,13244579
2541.33,2045727.18,2938693.07,57982.07,892965.88,2125.11,2253.29,2076.44,128.18,3843565789.35,6408985064.10,0.00,0.00,0.00,0.00,209389148,299510769,228047011,14806242
2543.33,2045952.05,2941808.93,57982.07,895856.88,224.86,3115.86,0.00,2891.00,3843565789.35,6408985064.10,0.00,0.00,0.00,0.00,209405076,299552406,228047011,14806242
2545.33,2046474.59,2944736.50,57982.07,898261.91,522.54,2927.57,0.00,2405.03,3843565789.35,6408985064.10,0.00,0.00,0.00,0.00,209470558,299620694,229330150,14806242
2547.33,2048957.57,2948814.60,57982.07,899857.03,2482.98,4078.10,0.00,1595.12,3843565789.35,6408985064.10,0.00,0.00,0.00,0.00,209772113,299954782,229330150,14806242
2549.33,2051344.08,2952636.90,57982.07,901292.82,2386.51,3822.30,0.00,1435.79,3843565789.35,6408985064.10,0.00,0.00,0.00,0.00,210058432,300279410,230046479,14806242
2551.33,2052096.02,2955216.83,57982.07,903120.81,751.94,2579.93,0.00,1827.99,3843565789.35,6408985064.10,0.00,0.00,0.00,0.00,210167018,300363321,230046479,14806242
2553.33,2054137.54,2957607.50,60123.11,903469.96,2041.52,2390.67,2141.04,349.15,3843565789.35,6408985064.10,0.00,0.00,0.00,0.00,210427240,300625727,230756880,14806242
2555.33,2056638.00,2960107.96,62783.30,903469.96,2500.46,2500.46,2660.20,0.00,3843565789.35,6408985064.10,0.00,0.00,0.00,0.00,210726082,300967004,230756880,14806242
2557.33,2058868.37,2963101.82,63805.48,904233.45,2230.37,2993.86,1022.18,763.48,3843565789.35,6408985064.10,0.00,0.00,0.00,0.00,209510048,301263218,230756880,16297037
2559.33,2061413.88,2967280.00,63805.48,905866.12,2545.51,4178.18,0.00,1632.67,3843565789.35,6408985064.10,0.00,0.00,0.00,0.00,209830547,301594370,230756880,16297037
2561.33,2063802.80,2971122.30,63805.48,907319.50,2388.92,3842.30,0.00,1453.38,3843565789.35,6408985064.10,0.00,0.00,0.00,0.00,210126123,301910358,231497113,16297037
2563.36,2064384.05,2973614.43,63805.48,909230.37,581.25,2492.12,0.00,1910.87,3843565789.35,6408985064.10,0.00,0.00,0.00,0.00,210192594,301992687,231497113,16297037
2565.36,2066900.33,2976130.70,66454.52,909230.37,2516.28,2516.28,2649.03,0.00,3843565789.35,6408985064.10,0.00,0.00,0.00,0.00,210489733,302339715,232231540,16297037
2567.36,2069378.85,2978609.22,69114.73,909230.37,2478.52,2478.52,2660.21,0.00,3843565789.35,6408985064.10,0.00,0.00,0.00,0.00,210772739,302691209,232231540,16297037
2569.36,2071581.20,2981767.66,69796.88,910186.46,2202.36,3158.44,682.15,956.09,3843565789.35,6408985064.10,0.00,0.00,0.00,0.00,209515168,302980267,232231540,17829353
2571.36,2074152.43,2985862.59,69796.88,911710.16,2571.23,4094.93,0.00,1523.70,3843565789.35,6408985064.10,0.00,0.00,0.00,0.00,209845968,303307701,232231540,17829353
2573.36,2076538.34,2989712.52,69796.88,913174.18,2385.91,3849.93,0.00,1464.02,3843565789.35,6408985064.10,0.00,0.00,0.00,0.00,210131332,303633131,232944950,17829353
2575.36,2076806.32,2991807.52,69934.51,915001.20,267.98,2095.00,137.63,1827.02,3843565789.35,6408985064.10,0.00,0.00,0.00,0.00,210155083,303677982,233708547,17829353
2577.36,2079310.46,2994311.66,72602.99,915001.20,2504.14,2504.14,2668.48,0.00,3843565789.35,6408985064.10,0.00,0.00,0.00,0.00,210427953,304046172,233708547,17829353
2579.36,2081815.72,2996816.92,75264.06,915001.20,2505.26,2505.26,2661.07,0.00,3843565789.35,6408985064.10,0.00,0.00,0.00,0.00,210732483,304382988,233708547,17829353
2581.36,2082816.02,2999469.74,75854.45,916653.72,1000.30,2652.82,590.39,1652.52,3843565789.35,6408985064.10,0.00,0.00,0.00,0.00,209287587,304533284,233708547,19380030
2583.36,2082816.02,3002304.23,75854.45,919488.21,0.00,2834.49,0.00,2834.49,3843565789.35,6408985064.10,0.00,0.00,0.00,0.00,209287587,304533284,233708547,19380030
2585.36,2082816.02,3004837.78,75854.45,922021.76,0.00,2533.55,0.00,2533.55,3843565789.35,6408985064.10,0.00,0.00,0.00,0.00,209287587,304533284,233708547,19380030
2587.36,2082816.02,3007720.64,75854.45,924904.62,0.00,2882.86,0.00,2882.86,3843565789.35,6408985064.10,0.00,0.00,0.00,0.00,209287587,304533284,233708547,19380030
2589.36,2084942.27,3011501.34,75854.45,926559.07,2126.25,3780.71,0.00,1654.46,3843565789.35,6408985064.10,0.00,0.00,0.00,0.00,209537524,304827667,236300651,19380030
2591.36,2087247.85,3015324.43,75854.45,928076.58,2305.58,3823.08,0.00,1517.50,3843565789.35,6408985064.10,0.00,0.00,0.00,0.00,209821433,305133986,237040457,19380030
2593.36,2089763.88,3020096.94,75854.45,930333.05,2516.04,4772.51,0.00,2256.48,3843565789.35,6408985064.10,0.00,0.00,0.00,0.00,210087636,305511888,237040457,19380030
2595.36,2092272.57,3024913.95,75854.45,932641.38,2508.68,4817.01,0.00,2308.32,3843565789.35,6408985064.10,0.00,0.00,0.00,0.00,210369630,305872117,237040457,19380030
2597.36,2094541.85,3027661.70,77913.13,933119.85,2269.29,2747.75,2058.68,478.47,3843565789.35,6408985064.10,0.00,0.00,0.00,0.00,210613111,306209573,238343833,19380030
2599.36,2097058.23,3030178.08,80574.86,933119.85,2516.38,2516.38,2661.73,0.00,3843565789.35,6408985064.10,0.00,0.00,0.00,0.00,210933933,306532945,238343833,19380030
2601.36,2099233.28,3032986.82,81818.14,933753.54,2175.05,2808.74,1243.27,633.70,3843565789.35,6408985064.10,0.00,0.00,0.00,0.00,209659253,306838051,238343833,20906416
2603.36,2101248.01,3037066.19,81818.14,935818.18,2014.73,4079.36,0.00,2064.64,3843565789.35,6408985064.10,0.00,0.00,0.00,0.00,209886761,307126313,238343833,20906416
2605.36,2101248.01,3039317.97,81818.14,938069.96,0.00,2251.78,0.00,2251.78,3843565789.35,6408985064.10,0.00,0.00,0.00,0.00,209886761,307126313,238343833,20906416
2607.36,2101248.01,3041277.07,81818.14,940029.07,0.00,1959.11,0.00,1959.11,3843565789.35,6408985064.10,0.00,0.00,0.00,0.00,209886761,307126313,238343833,20906416
2609.36,2103114.31,3044763.45,81818.14,941649.14,1866.30,3486.37,0.00,1620.07,3843565789.35,6408985064.10,0.00,0.00,0.00,0.00,210114821,307376026,240186032,20906416
2611.36,2105629.09,3048900.77,81818.14,943271.68,2514.78,4137.33,0.00,1622.55,3843565789.35,6408985064.10,0.00,0.00,0.00,0.00,210394193,307740438,240186032,20906416
2613.36,2108137.62,3051431.07,84360.61,943293.46,2508.53,2530.30,2542.47,21.77,3843565789.35,6408985064.10,0.00,0.00,0.00,0.00,210681664,308095150,240920125,20906416
2615.36,2110662.21,3053955.67,87028.39,943293.46,2524.59,2524.59,2667.79,0.00,3843565789.35,6408985064.10,0.00,0.00,0.00,0.00,210980532,308442578,240920125,20906416
2617.36,2112694.02,3056867.64,87799.86,944173.62,2031.81,2911.97,771.47,880.16,3843565789.35,6408985064.10,0.00,0.00,0.00,0.00,209701207,308711089,240920125,22437373
2619.36,2113536.02,3059493.16,87799.86,945957.14,842.00,2625.52,0.00,1783.52,3843565789.35,6408985064.10,0.00,0.00,0.00,0.00,209800790,308827058,240920125,22437373
2621.36,2115768.20,3063258.71,87799.86,947490.52,2232.18,3765.56,0.00,1533.38,3843565789.35,6408985064.10,0.00,0.00,0.00,0.00,210056312,309142973,241637125,22437373
2623.36,2118263.88,3067133.96,88093.82,948870.09,2495.68,3875.25,293.95,1379.57,3843565789.35,6408985064.10,0.00,0.00,0.00,0.00,210293939,309544240,242347702,22437373
2625.36,2120797.65,3069667.74,90752.41,948870.09,2533.78,2533.78,2658.60,0.00,3843565789.35,6408985064.10,0.00,0.00,0.00,0.00,210511192,309975634,242347702,22437373
2627.43,2123078.52,3071948.61,93172.52,948870.09,2280.87,2280.87,2420.11,0.00,3843565789.35,6408985064.10,0.00,0.00,0.00,0.00,209321668,310373664,242347702,23812769
2629.43,2125677.66,3076061.57,93172.52,950383.91,2599.14,4112.96,0.00,1513.82,3843565789.35,6408985064.10,0.00,0.00,0.00,0.00,209494093,310866620,242347702,23812769
2631.43,2128072.32,3079960.40,93172.52,951888.07,2394.66,3898.82,0.00,1504.16,3843565789.35,6408985064.10,0.00,0.00,0.00,0.00,209636441,311337305,243063759,23812769
2633.43,2130584.23,3084020.61,93172.52,953436.38,2511.91,4060.21,0.00,1548.30,3843565789.35,6408985064.10,0.00,0.00,0.00,0.00,209824307,311792487,243063759,23812769
2635.43,2132874.32,3087859.92,93172.52,954985.59,2290.09,3839.31,0.00,1549.21,3843565789.35,6408985064.10,0.00,0.00,0.00,0.00,209987142,312215916,243777035,23812769
2637.43,2135531.47,3092060.33,93172.52,956528.86,2657.14,4200.41,0.00,1543.27,3843565789.35,6408985064.10,0.00,0.00,0.00,0.00,210178404,312704883,243777035,23812769
2639.43,2137933.59,3095251.27,94293.18,957317.68,2402.12,3190.94,1120.66,788.82,3843565789.35,6408985064.10,0.00,0.00,0.00,0.00,210066011,313145329,244478073,24099658
2641.43,2140563.33,3099926.72,94293.18,959363.39,2629.74,4675.45,0.00,2045.71,3843565789.35,6408985064.10,0.00,0.00,0.00,0.00,210269660,313614894,244478073,24099658
2643.45,2143129.22,3104209.21,94293.18,961079.99,2565.89,4282.49,0.00,1716.60,3843565789.35,6408985064.10,0.00,0.00,0.00,0.00,210630198,313911224,245473151,24099658
2645.45,2145683.16,3106763.16,96918.73,961079.99,2553.95,2553.95,2625.55,0.00,3843565789.35,6408985064.10,0.00,0.00,0.00,0.00,210901905,314293327,245473151,24099658
2647.46,2148029.13,3109109.12,99366.73,961079.99,2345.97,2345.97,2448.00,0.00,3843565789.35,6408985064.10,0.00,0.00,0.00,0.00,209890854,314616078,245473151,25388526
2649.46,2150400.05,3113122.03,99366.73,962721.98,2370.91,4012.90,0.00,1641.99,3843565789.35,6408985064.10,0.00,0.00,0.00,0.00,210247853,314866033,245473151,25388526
2651.46,2150400.05,3115861.34,99366.73,965461.29,0.00,2739.31,0.00,2739.31,3843565789.35,6408985064.10,0.00,0.00,0.00,0.00,210247853,314866033,245473151,25388526
2653.46,2152712.49,3118422.12,101707.40,965709.63,2312.44,2560.78,2340.67,248.34,3843565789.35,6408985064.10,0.00,0.00,0.00,0.00,210686707,315019164,246607345,25388526
2655.46,2155242.39,3120952.02,104372.48,965709.63,2529.91,2529.91,2665.08,0.00,3843565789.35,6408985064.10,0.00,0.00,0.00,0.00,210973213,315380314,246607345,25388526
2657.46,2156267.15,3122298.55,104799.50,966031.41,1024.75,1346.53,427.02,321.78,3843565789.35,6408985064.10,0.00,0.00,0.00,0.00,209717149,315508133,246607345,26779108
2659.46,2156544.03,3124448.58,104799.50,967904.55,276.88,2150.03,0.00,1873.15,3843565789.35,6408985064.10,0.00,0.00,0.00,0.00,209735395,315560768,246607345,26779108
2661.46,2158330.61,3127856.08,104799.50,969525.47,1786.58,3407.50,0.00,1620.91,3843565789.35,6408985064.10,0.00,0.00,0.00,0.00,210102730,315650798,247305695,26779108
2663.46,2160841.18,3131955.35,104799.50,971114.17,2510.57,4099.27,0.00,1588.70,3843565789.35,6408985064.10,0.00,0.00,0.00,0.00,210389209,316007026,247305695,26779108
2665.46,2163371.18,3134689.73,107117.09,971318.55,2529.99,2734.38,2317.59,204.39,3843565789.35,6408985064.10,0.00,0.00,0.00,0.00,210618025,316425888,248042943,26779108
2667.46,2165882.15,3137200.70,109758.32,971318.55,2510.97,2510.97,2641.23,0.00,3843565789.35,6408985064.10,0.00,0.00,0.00,0.00,210873824,316812898,248042943,26779108
2669.46,2168198.42,3140641.28,110153.45,972442.86,2316.27,3440.58,395.13,1124.30,3843565789.35,6408985064.10,0.00,0.00,0.00,0.00,209713588,317229502,248042943,28115706
2671.50,2168833.00,3143089.04,110153.45,974256.04,634.58,2447.76,0.00,1813.18,3843565789.35,6408985064.10,0.00,0.00,0.00,0.00,209770468,317335075,248794935,28115706
2673.50,2171313.63,3147212.98,110153.45,975899.36,2480.62,4123.94,0.00,1643.32,3843565789.35,6408985064.10,0.00,0.00,0.00,0.00,210041454,317699129,248794935,28115706
2675.50,2173773.04,3150908.10,110734.09,977135.07,2459.41,3695.12,580.64,1235.71,3843565789.35,6408985064.10,0.00,0.00,0.00,0.00,210301440,318068751,249531808,28115706
2677.50,2176297.61,3153432.68,113362.83,977135.07,2524.57,2524.57,2628.75,0.00,3843565789.35,6408985064.10,0.00,0.00,0.00,0.00,210547369,318469113,249531808,28115706
2679.50,2178559.61,3156038.13,115107.33,977478.52,2262.00,2605.46,1744.50,343.46,3843565789.35,6408985064.10,0.00,0.00,0.00,0.00,209510583,318816778,249531808,29383899
2681.50,2181068.32,3160139.89,115107.33,979071.56,2508.71,4101.75,0.00,1593.04,3843565789.35,6408985064.10,0.00,0.00,0.00,0.00,209742462,319227130,249531808,29383899
2683.50,2182393.27,3163150.46,115107.33,980757.20,1324.94,3010.57,0.00,1685.63,3843565789.35,6408985064.10,0.00,0.00,0.00,0.00,209946613,319362164,250247583,29383899
2685.50,2184901.77,3167290.45,115107.33,982388.68,2508.50,4139.98,0.00,1631.48,3843565789.35,6408985064.10,0.00,0.00,0.00,0.00,210424028,319526925,250247583,29383899
2687.50,2187363.62,3170179.52,117027.69,982815.90,2461.86,2889.07,1920.36,427.22,3844541752.44,6409992509.10,975963.09,1007445.00,0.00,0.00,210690304,319890884,250986090,29383899
2689.50,2189893.96,3172709.86,119632.51,982815.90,2530.34,2530.34,2604.82,0.00,3844541752.44,6409992509.10,0.00,0.00,0.00,0.00,211200220,320028734,250986090,29383899
2691.50,2192152.79,3176139.21,120100.93,983986.42,2258.84,3429.36,468.43,1170.52,3844541752.44,6409992509.10,0.00,0.00,0.00,0.00,210330449,320199408,250986090,30661258
2693.50,2193408.03,3179194.89,120100.93,985786.86,1255.23,3055.68,0.00,1800.44,3844541752.44,6409992509.10,0.00,0.00,0.00,0.00,210527068,320324129,250986090,30661258
2695.50,2195736.09,3181617.89,122531.13,985881.80,2328.06,2423.00,2430.20,94.94,3844541752.44,6409992509.10,0.00,0.00,0.00,0.00,210988911,320458269,251770948,30661258
2697.62,2198229.97,3184111.77,125132.97,985881.80,2493.89,2493.89,2601.84,0.00,3844541752.44,6409992509.10,0.00,0.00,0.00,0.00,209915926,320881488,251770948,31949459
2699.62,2199552.04,3187451.32,125132.97,987899.29,1322.07,3339.55,0.00,2017.48,3844541752.44,6409992509.10,0.00,0.00,0.00,0.00,209990197,321145666,251770948,31949459
2701.62,2200023.55,3189960.97,125132.97,989937.42,471.52,2509.65,0.00,2038.13,3844541752.44,6409992509.10,0.00,0.00,0.00,0.00,210032589,321223982,252726527,31949459
2703.62,2202490.64,3194167.48,125132.97,991676.85,2467.08,4206.51,0.00,1739.43,3844541752.44,6409992509.10,0.00,0.00,0.00,0.00,210202673,321685471,252726527,31949459
2705.62,2204961.63,3197640.20,126107.92,992678.57,2471.00,3472.72,974.95,1001.72,3844541752.44,6409992509.10,0.00,0.00,0.00,0.00,210345171,322175548,253510875,31949459
2707.62,2207491.26,3200169.83,128760.31,992678.57,2529.63,2529.63,2652.39,0.00,3844541752.44,6409992509.10,0.00,0.00,0.00,0.00,210514347,322653957,253510875,31949459
2709.62,2209744.47,3202818.89,130438.77,993074.43,2253.21,2649.06,1678.46,395.86,3844541752.44,6409992509.10,0.00,0.00,0.00,0.00,209312284,323074565,253510875,33307735
2711.62,2211840.04,3206663.07,130438.77,994823.03,2095.57,3844.18,0.00,1748.60,3844541752.44,6409992509.10,0.00,0.00,0.00,0.00,209442376,323480940,253510875,33307735
2713.62,2213258.04,3209847.20,130438.77,996589.16,1417.99,3184.13,0.00,1766.14,3844541752.44,6409992509.10,0.00,0.00,0.00,0.00,209535680,323750642,254264037,33307735
2715.62,2215743.63,3214102.47,130438.77,998358.84,2485.59,4255.27,0.00,1769.68,3844541752.44,6409992509.10,0.00,0.00,0.00,0.00,209822808,324099826,254264037,33307735
2717.62,2217984.02,3217893.35,130438.77,999909.34,2240.39,3790.88,0.00,1550.50,3844541752.44,6409992509.10,0.00,0.00,0.00,0.00,210114676,324381497,255094435,33307735
2719.62,2217984.02,3220069.95,130438.77,1002085.94,0.00,2176.60,0.00,2176.60,3844541752.44,6409992509.10,0.00,0.00,0.00,0.00,210114676,324381497,255094435,33307735
2721.62,2220302.39,3224051.79,130438.77,1003749.40,2318.37,3981.84,0.00,1663.46,3844541752.44,6409992509.10,0.00,0.00,0.00,0.00,210460636,324629040,255922944,33307735
2723.62,2222737.12,3228188.12,130519.18,1005451.00,2434.73,4136.33,80.42,1701.60,3844541752.44,6409992509.10,0.00,0.00,0.00,0.00,210777814,324935153,256779249,33307735
2725.62,2225252.14,3230703.15,133171.42,1005451.00,2515.03,2515.03,2652.23,0.00,3844541752.44,6409992509.10,0.00,0.00,0.00,0.00,211074556,325282258,256779249,33307735
2727.68,2227644.19,3233095.20,135659.06,1005451.00,2392.05,2392.05,2487.64,0.00,3844541752.44,6409992509.10,0.00,0.00,0.00,0.00,210021740,325611043,256779249,34644130
2729.68,2230062.07,3237314.12,135659.06,1007252.05,2417.88,4218.93,0.00,1801.05,3844541752.44,6409992509.10,0.00,0.00,0.00,0.00,210318402,325933358,256779249,34644130
2731.68,2230480.35,3239681.60,135871.51,1009201.25,418.28,2367.48,212.45,1949.20,3844541752.44,6409992509.10,0.00,0.00,0.00,0.00,210392174,325966666,257738570,34644130
2733.68,2233014.01,3242215.26,138456.87,1009201.25,2533.66,2533.66,2585.36,0.00,3844541752.44,6409992509.10,0.00,0.00,0.00,0.00,210703618,326303839,257738570,34644130
2735.68,2235243.64,3245008.55,139977.08,1009764.91,2229.62,2793.29,1520.21,563.66,3844541752.44,6409992509.10,0.00,0.00,0.00,0.00,209902085,326570742,257738570,35749544
2737.68,2237748.62,3249239.16,139977.08,1011490.55,2504.98,4230.62,0.00,1725.64,3844541752.44,6409992509.10,0.00,0.00,0.00,0.00,210226234,326887868,257738570,35749544
2739.68,2240211.16,3252782.49,140898.12,1012571.33,2462.54,3543.33,921.04,1080.79,3844541752.44,6409992509.10,0.00,0.00,0.00,0.00,210502563,327241950,258601227,35749544
2741.68,2242617.67,3255189.00,143555.14,1012571.33,2406.51,2406.51,2657.02,0.00,3844541752.44,6409992509.10,0.00,0.00,0.00,0.00,210811723,327548856,258601227,35749544
2743.68,2244792.68,3257889.27,145029.57,1013096.59,2175.01,2700.27,1474.43,525.26,3844541752.44,6409992509.10,0.00,0.00,0.00,0.00,209802619,327821513,258601227,37042794
2745.68,2247311.93,3262358.92,145029.57,1015046.99,2519.25,4469.65,0.00,1950.40,3844541752.44,6409992509.10,0.00,0.00,0.00,0.00,210115648,328153412,258601227,37042794
2747.68,2248932.86,3265894.44,145261.52,1016961.59,1620.93,3535.52,231.95,1914.59,3844541752.44,6409992509.10,0.00,0.00,0.00,0.00,210324538,328359479,259671977,37042794
2749.68,2251466.26,3268427.84,147909.66,1016961.59,2533.40,2533.40,2648.14,0.00,3844541752.44,6409992509.10,0.00,0.00,0.00,0.00,210617526,328715042,259671977,37042794
2751.68,2253683.93,3270767.82,150088.98,1017083.89,2217.67,2339.98,2179.33,122.31,3844541752.44,6409992509.10,0.00,0.00,0.00,0.00,209638122,329005441,259671977,38299523
2753.68,2254848.04,3273811.84,150088.98,1018963.80,1164.11,3044.02,0.00,1879.90,3844541752.44,6409992509.10,0.00,0.00,0.00,0.00,209782017,329159559,259671977,38299523
2755.68,2255926.30,3276758.88,150088.98,1020832.59,1078.25,2947.04,0.00,1868.79,3844541752.44,6409992509.10,0.00,0.00,0.00,0.00,209925785,329291824,260486530,38299523
2757.68,2258410.86,3280935.08,150088.98,1022524.22,2484.57,4176.20,0.00,1691.63,3844541752.44,6409992509.10,0.00,0.00,0.00,0.00,210267899,329585759,260486530,38299523
2759.68,2260936.04,3284223.34,151514.35,1023287.30,2525.18,3288.26,1425.36,763.08,3844541752.44,6409992509.10,0.00,0.00,0.00,0.00,210647393,329852711,261291145,38299523
2761.68,2263480.61,3286767.91,154178.97,1023287.30,2544.57,2544.57,2664.62,0.00,3844541752.44,6409992509.10,0.00,0.00,0.00,0.00,211000274,330151240,261291145,38299523
2763.68,2265775.43,3289700.60,155435.29,1023925.17,2294.81,2932.69,1256.32,637.88,3844541752.44,6409992509.10,0.00,0.00,0.00,0.00,209937505,330433104,261291145,39667900
2765.68,2267136.06,3292957.11,155435.29,1025821.05,1360.63,3256.51,0.00,1895.88,3844541752.44,6409992509.10,0.00,0.00,0.00,0.00,210102160,330616771,261291145,39667900
2767.68,2268632.16,3296218.65,155435.29,1027586.49,1496.10,3261.55,0.00,1765.45,3844541752.44,6409992509.10,0.00,0.00,0.00,0.00,210284402,330817531,262116753,39667900
2769.68,2271238.34,3300535.69,155435.29,1029297.35,2606.18,4317.04,0.00,1710.86,3844541752.44,6409992509.10,0.00,0.00,0.00,0.00,210618354,331150761,262116753,39667900
2771.68,2273726.66,3303751.41,156974.75,1030024.75,2488.32,3215.71,1539.46,727.39,3844541752.44,6409992509.10,0.00,0.00,0.00,0.00,210963801,331442324,263015869,39667900
2773.68,2276252.18,3306276.93,159602.54,1030024.75,2525.52,2525.52,2627.79,0.00,3844541752.44,6409992509.10,0.00,0.00,0.00,0.00,211286993,331765665,263015869,39667900
2775.68,2278616.18,3308640.92,162013.18,1030024.75,2364.00,2364.00,2410.65,0.00,3844541752.44,6409992509.10,0.00,0.00,0.00,0.00,210382428,332042786,263015869,40900527
2777.68,2281118.55,3311143.29,164651.79,1030024.75,2502.37,2502.37,2638.61,0.00,3844541752.44,6409992509.10,0.00,0.00,0.00,0.00,210722326,332343495,263015869,40900527
2779.68,2283315.65,3314730.38,164936.34,1031414.73,2197.10,3587.08,284.55,1389.98,3844541752.44,6409992509.10,0.00,0.00,0.00,0.00,209811184,332617637,263015869,42099985
2781.68,2285821.19,3319193.12,164936.34,1033371.94,2505.54,4462.75,0.00,1957.21,3844541752.44,6409992509.10,0.00,0.00,0.00,0.00,210087758,332982481,263015869,42099985
2783.68,2288275.45,3322594.54,166336.82,1034319.08,2454.27,3401.41,1400.48,947.14,3844541752.44,6409992509.10,0.00,0.00,0.00,0.00,210342838,333355693,264057959,42099985
2785.68,2290684.99,3325004.07,168938.68,1034319.08,2409.54,2409.54,2601.86,0.00,3844541752.44,6409992509.10,0.00,0.00,0.00,0.00,210593874,333721499,264057959,42099985
2787.68,2292832.80,3329122.05,169029.91,1036289.25,2147.81,4117.98,91.23,1970.17,3844541752.44,6409992509.10,0.00,0.00,0.00,0.00,209804754,334012542,264057959,43147902
2789.68,2295319.50,3333884.70,169029.91,1038565.20,2486.70,4762.64,0.00,2275.95,3844541752.44,6409992509.10,0.00,0.00,0.00,0.00,210119708,334334183,264057959,43147902
2791.68,2297607.39,3337220.09,170305.15,1039612.71,2287.88,3335.39,1275.24,1047.51,3844541752.44,6409992509.10,0.00,0.00,0.00,0.00,210438317,334601272,265406692,43147902
2793.68,2300127.51,3339740.22,172881.77,1039612.71,2520.12,2520.12,2576.62,0.00,3844541752.44,6409992509.10,0.00,0.00,0.00,0.00,210773933,334910808,265406692,43147902
2795.68,2302355.72,3343559.08,172994.60,1041203.36,2228.21,3818.86,112.83,1590.65,3844541752.44,6409992509.10,0.00,0.00,0.00,0.00,209908117,335332084,265406692,44162863
2797.68,2304000.05,3347302.12,172994.60,1043302.08,1644.33,3743.05,0.00,2098.72,3844541752.44,6409992509.10,0.00,0.00,0.00,0.00,210127294,335533855,265406692,44162863
2799.68,2304000.05,3349950.72,172994.60,1045950.68,0.00,2648.60,0.00,2648.60,3844541752.44,6409992509.10,0.00,0.00,0.00,0.00,210127294,335533855,265406692,44162863
2801.68,2304000.05,3352752.98,172994.60,1048752.93,0.00,2802.26,0.00,2802.26,3844541752.44,6409992509.10,0.00,0.00,0.00,0.00,210127294,335533855,265406692,44162863
2803.68,2304000.05,3354921.05,172994.60,1050921.01,0.00,2168.07,0.00,2168.07,3844541752.44,6409992509.10,0.00,0.00,0.00,0.00,210127294,335533855,265406692,44162863
2805.68,2304000.05,3357077.76,172994.60,1053077.71,0.00,2156.70,0.00,2156.70,3844541752.44,6409992509.10,0.00,0.00,0.00,0.00,210127294,335533855,265406692,44162863
2807.68,2304000.05,3359407.18,172994.60,1055407.13,0.00,2329.42,0.00,2329.42,3844541752.44,6409992509.10,0.00,0.00,0.00,0.00,210127294,335533855,265406692,44162863
2809.68,2305982.55,3363294.14,172994.60,1057311.60,1982.50,3886.96,0.00,1904.46,3844541752.44,6409992509.10,0.00,0.00,0.00,0.00,210369850,335798819,269534154,44162863
2811.68,2308489.88,3367631.00,172994.60,1059141.12,2507.34,4336.86,0.00,1829.52,3844541752.44,6409992509.10,0.00,0.00,0.00,0.00,210687251,336123296,269534154,44162863
2813.68,2310970.43,3370351.88,175145.40,1059381.45,2480.55,2720.88,2150.80,240.33,3844541752.44,6409992509.10,0.00,0.00,0.00,0.00,211021703,336423864,270435724,44162863
2815.68,2313325.99,3372707.44,177571.70,1059381.45,2355.56,2355.56,2426.30,0.00,3844541752.44,6409992509.10,0.00,0.00,0.00,0.00,210287183,336730364,270435724,45193907
2817.68,2315838.39,3375219.84,180204.07,1059381.45,2512.40,2512.40,2632.37,0.00,3844541752.44,6409992509.10,0.00,0.00,0.00,0.00,210620833,337039889,270435724,45193907
2819.68,2318001.89,3377836.73,181800.82,1059834.84,2163.49,2616.88,1596.75,453.39,3844541752.44,6409992509.10,0.00,0.00,0.00,0.00,209724378,337266866,270435724,46417239
2821.68,2320490.18,3382327.27,181800.82,1061837.09,2488.29,4490.54,0.00,2002.25,3844541752.44,6409992509.10,0.00,0.00,0.00,0.00,210045009,337583238,270435724,46417239
2823.68,2322432.05,3386460.51,181800.82,1064028.46,1941.88,4133.24,0.00,2191.37,3844541752.44,6409992509.10,0.00,0.00,0.00,0.00,210318473,337806894,270435724,46417239
2825.68,2324892.05,3388953.39,184289.64,1064061.34,2460.00,2492.88,2488.82,32.88,3844541752.44,6409992509.10,0.00,0.00,0.00,0.00,210657372,338097754,271542869,46417239
2827.68,2327054.51,3391778.82,185795.73,1064724.31,2162.46,2825.43,1506.09,662.97,3844541752.44,6409992509.10,0.00,0.00,0.00,0.00,209958984,338333179,271542869,47433792
2829.68,2328576.02,3395674.82,185795.73,1067098.79,1521.51,3896.00,0.00,2374.48,3844541752.44,6409992509.10,0.00,0.00,0.00,0.00,210159727,338521943,271542869,47433792
2831.68,2329193.20,3398465.91,186441.54,1069272.71,617.18,2791.09,645.82,2173.91,3844541752.44,6409992509.10,0.00,0.00,0.00,0.00,210248500,338591167,272876979,47433792
2833.68,2331698.79,3400971.49,189022.43,1069272.71,2505.59,2505.59,2580.89,0.00,3844541752.44,6409992509.10,0.00,0.00,0.00,0.00,210562292,338918805,272876979,47433792
2835.68,2333967.98,3404433.80,189885.34,1070465.83,2269.19,3462.31,862.90,1193.12,3844541752.44,6409992509.10,0.00,0.00,0.00,0.00,209859597,339196603,272876979,48439602
2837.68,2334720.04,3407823.39,189885.34,1073103.35,752.07,3389.59,0.00,2637.52,3844541752.44,6409992509.10,0.00,0.00,0.00,0.00,209970605,339278124,272876979,48439602
2839.68,2334720.04,3410152.45,189885.34,1075432.41,0.00,2329.05,0.00,2329.05,3844541752.44,6409992509.10,0.00,0.00,0.00,0.00,209970605,339278124,272876979,48439602
2841.68,2334720.04,3412335.45,189885.34,1077615.41,0.00,2183.00,0.00,2183.00,3844541752.44,6409992509.10,0.00,0.00,0.00,0.00,209970605,339278124,272876979,48439602
2843.68,2336979.52,3416282.94,189885.34,1079303.42,2259.48,3947.49,0.00,1688.01,3844541752.44,6409992509.10,0.00,0.00,0.00,0.00,210268694,339558461,275043171,48439602
2845.68,2339480.88,3420540.84,189885.34,1081059.97,2501.36,4257.91,0.00,1756.55,3844541752.44,6409992509.10,0.00,0.00,0.00,0.00,210604260,339863242,275043171,48439602
2847.68,2341968.87,3423219.24,192220.54,1081250.37,2488.00,2678.40,2335.20,190.40,3844541752.44,6409992509.10,0.00,0.00,0.00,0.00,210912453,340191976,275921726,48439602
2849.68,2344478.74,3425729.11,194880.01,1081250.37,2509.87,2509.87,2659.48,0.00,3844541752.44,6409992509.10,0.00,0.00,0.00,0.00,211187594,340559361,275921726,48439602
2851.68,2346564.92,3428527.27,195979.11,1081962.36,2086.18,2798.16,1099.09,711.98,3844541752.44,6409992509.10,0.00,0.00,0.00,0.00,209848471,340873023,275921726,49999125
2853.68,2347008.04,3431141.02,195979.11,1084132.98,443.12,2613.74,0.00,2170.62,3844541752.44,6409992509.10,0.00,0.00,0.00,0.00,209879858,340955075,275921726,49999125
2855.68,2348558.73,3434670.62,195979.11,1086111.89,1550.70,3529.61,0.00,1978.91,3844541752.44,6409992509.10,0.00,0.00,0.00,0.00,210044815,341187096,276848223,49999125
2857.68,2351039.60,3438976.52,195979.11,1087936.92,2480.86,4305.90,0.00,1825.04,3844541752.44,6409992509.10,0.00,0.00,0.00,0.00,210305040,341561972,276848223,49999125
2859.68,2353508.01,3442104.05,197601.61,1088596.04,2468.41,3127.53,1622.50,659.12,3844541752.44,6409992509.10,0.00,0.00,0.00,0.00,210571592,341927333,277797271,49999125
2861.68,2356040.40,3444636.44,200266.11,1088596.04,2532.39,2532.39,2664.50,0.00,3844541752.44,6409992509.10,0.00,0.00,0.00,0.00,210844256,342302961,277797271,49999125
2863.68,2358140.20,3447376.32,201753.79,1089236.12,2099.80,2739.88,1487.68,640.09,3844541752.44,6409992509.10,0.00,0.00,0.00,0.00,209605910,342602324,277797271,51475656
2865.68,2359296.00,3451115.73,201753.79,1091819.73,1155.81,3739.41,0.00,2583.60,3844541752.44,6409992509.10,0.00,0.00,0.00,0.00,209730753,342773368,277797271,51475656
2867.68,2359882.95,3454112.88,201753.79,1094229.93,586.95,2997.14,0.00,2410.20,3844541752.44,6409992509.10,0.00,0.00,0.00,0.00,209795200,342859179,279119793,51475656
2869.68,2362375.84,3458514.48,201753.79,1096138.64,2492.89,4401.61,0.00,1908.71,3844541752.44,6409992509.10,0.00,0.00,0.00,0.00,210069542,343223018,279119793,51475656
2871.68,2364867.77,3461447.98,203710.13,1096580.21,2491.93,2933.50,1956.34,441.57,3844541752.44,6409992509.10,0.00,0.00,0.00,0.00,210345616,343584878,279820109,51475656
2873.68,2367377.07,3463957.29,206374.55,1096580.21,2509.30,2509.30,2664.41,0.00,3844541752.44,6409992509.10,0.00,0.00,0.00,0.00,210619581,343953294,279820109,51475656
2875.68,2369571.67,3466684.19,207759.64,1097112.52,2194.60,2726.91,1385.09,532.31,3844541752.44,6409992509.10,0.00,0.00,0.00,0.00,209345270,344252597,279820109,53012481
2877.68,2371584.03,3470419.12,207759.64,1098835.10,2012.36,3734.93,0.00,1722.58,3844541752.44,6409992509.10,0.00,0.00,0.00,0.00,209558610,344554420,279820109,53012481
2879.68,2372835.57,3473756.61,207759.64,1100921.05,1251.54,3337.49,0.00,2085.95,3844541752.44,6409992509.10,0.00,0.00,0.00,0.00,209693352,344740072,280620961,53012481
2881.68,2375358.69,3478554.64,207759.64,1103195.95,2523.12,4798.02,0.00,2274.90,3844541752.44,6409992509.10,0.00,0.00,0.00,0.00,209952434,345126910,280620961,53012481
2883.68,2377807.02,3482895.49,208144.40,1105088.46,2448.33,4340.85,384.76,1892.52,3844541752.44,6409992509.10,0.00,0.00,0.00,0.00,210187067,345519050,281956013,53012481
2885.68,2380318.08,3485406.55,210794.08,1105088.46,2511.06,2511.06,2649.68,0.00,3844541752.44,6409992509.10,0.00,0.00,0.00,0.00,210483702,345865246,281956013,53012481
2887.74,2382667.36,3487755.82,213304.95,1105088.46,2349.28,2349.28,2510.86,0.00,3844541752.44,6409992509.10,0.00,0.00,0.00,0.00,209382293,346188599,281956013,54391952
2889.74,2383872.04,3491292.15,213304.95,1107420.11,1204.68,3536.32,0.00,2331.65,3844541752.44,6409992509.10,0.00,0.00,0.00,0.00,209632455,346246834,281956013,54391952
2891.74,2383872.04,3494154.43,213304.95,1110282.40,0.00,2862.29,0.00,2862.29,3844541752.44,6409992509.10,0.00,0.00,0.00,0.00,209632455,346246834,281956013,54391952
2893.74,2383872.04,3496858.16,213304.95,1112986.12,0.00,2703.72,0.00,2703.72,3844541752.44,6409992509.10,0.00,0.00,0.00,0.00,209632455,346246834,281956013,54391952
2895.74,2383872.04,3499748.89,213304.95,1115876.85,0.00,2890.73,0.00,2890.73,3844541752.44,6409992509.10,0.00,0.00,0.00,0.00,209632455,346246834,281956013,54391952
2897.74,2383872.04,3502323.64,213304.95,1118451.61,0.00,2574.75,0.00,2574.75,3844541752.44,6409992509.10,0.00,0.00,0.00,0.00,209632455,346246834,281956013,54391952
2899.74,2383931.65,3505026.34,213304.95,1121094.69,59.61,2702.70,0.00,2643.08,3844541752.44,6409992509.10,0.00,0.00,0.00,0.00,209647241,346247309,286048812,54391952
2901.74,2386435.81,3509326.38,213304.95,1122890.57,2504.16,4300.04,0.00,1795.88,3844541752.44,6409992509.10,0.00,0.00,0.00,0.00,210118140,346417476,286048812,54391952
2903.74,2388903.78,3513391.53,213492.95,1124487.75,2467.96,4065.15,188.00,1597.19,3844541752.44,6409992509.10,0.00,0.00,0.00,0.00,210590762,346576653,286922067,54391952
2905.74,2391386.85,3515874.60,216160.82,1124487.75,2483.07,2483.07,2667.88,0.00,3844541752.44,6409992509.10,0.00,0.00,0.00,0.00,211082723,346720358,286922067,54391952
2907.74,2393733.90,3518221.66,218817.55,1124487.75,2347.05,2347.05,2656.72,0.00,3844541752.44,6409992509.10,0.00,0.00,0.00,0.00,211492777,346911150,286922067,54391952
2909.74,2395998.03,3521962.50,219221.67,1125964.48,2264.12,3740.85,404.12,1476.72,3844541752.44,6409992509.10,0.00,0.00,0.00,0.00,210382892,347094410,286922067,55898193
2911.74,2396160.05,3524707.82,219221.67,1128547.77,162.02,2745.32,0.00,2583.30,3844541752.44,6409992509.10,0.00,0.00,0.00,0.00,210413061,347105719,286922067,55898193
2913.74,2398144.94,3527230.05,221303.79,1129085.11,1984.89,2522.23,2082.11,537.34,3844541752.44,6409992509.10,0.00,0.00,0.00,0.00,210764695,347262216,288098923,55898193
2915.74,2400639.75,3529724.87,223953.37,1129085.11,2494.82,2494.82,2649.59,0.00,3844541752.44,6409992509.10,0.00,0.00,0.00,0.00,211143269,347522315,288098923,55898193
2917.74,2402304.00,3532639.82,224794.20,1130335.82,1664.25,2914.95,840.83,1250.70,3844541752.44,6409992509.10,0.00,0.00,0.00,0.00,210053868,347663927,288098923,57272030
2919.74,2402304.00,3535558.19,224794.20,1133254.19,0.00,2918.37,0.00,2918.37,3844541752.44,6409992509.10,0.00,0.00,0.00,0.00,210053868,347663927,288098923,57272030
2921.74,2402304.00,3538185.56,224794.20,1135881.56,0.00,2627.37,0.00,2627.37,3844541752.44,6409992509.10,0.00,0.00,0.00,0.00,210053868,347663927,288098923,57272030
2923.74,2402304.00,3541070.63,224794.20,1138766.63,0.00,2885.07,0.00,2885.07,3844541752.44,6409992509.10,0.00,0.00,0.00,0.00,210053868,347663927,288098923,57272030
2925.74,2402304.00,3543437.50,224794.20,1141133.50,0.00,2366.87,0.00,2366.87,3844541752.44,6409992509.10,0.00,0.00,0.00,0.00,210053868,347663927,288098923,57272030
2927.74,2402304.00,3545815.21,224794.20,1143511.21,0.00,2377.71,0.00,2377.71,3844541752.44,6409992509.10,0.00,0.00,0.00,0.00,210053868,347663927,288098923,57272030
2929.74,2402304.00,3547937.11,224794.20,1145633.11,0.00,2121.90,0.00,2121.90,3844541752.44,6409992509.10,0.00,0.00,0.00,0.00,210053868,347663927,288098923,57272030
2931.74,2402891.18,3550548.30,224794.20,1147657.12,587.18,2611.19,0.00,2024.01,3844541752.44,6409992509.10,0.00,0.00,0.00,0.00,210160194,347707919,292743469,57272030
2933.74,2405380.93,3554905.95,224794.20,1149525.02,2489.74,4357.65,0.00,1867.91,3844541752.44,6409992509.10,0.00,0.00,0.00,0.00,210609575,347895912,292743469,57272030
2935.74,2407867.38,3558964.27,225073.11,1151096.89,2486.46,4058.32,278.91,1571.87,3844541752.44,6409992509.10,0.00,0.00,0.00,0.00,211088756,348053264,293733922,57272030
2937.74,2410374.63,3561471.52,227718.33,1151096.89,2507.25,2507.25,2645.21,0.00,3844541752.44,6409992509.10,0.00,0.00,0.00,0.00,211631648,348152227,293733922,57272030
2939.89,2412837.74,3563934.63,230328.49,1151096.89,2463.11,2463.11,2610.16,0.00,3844541752.44,6409992509.10,0.00,0.00,0.00,0.00,210642437,348396105,293733922,58647920
2941.89,2415309.34,3566406.23,232973.38,1151096.89,2471.59,2471.59,2644.89,0.00,3844541752.44,6409992509.10,0.00,0.00,0.00,0.00,211050250,348621020,293733922,58647920
2943.89,2417817.17,3568914.06,235641.16,1151096.89,2507.83,2507.83,2667.78,0.00,3844541752.44,6409992509.10,0.00,0.00,0.00,0.00,211431119,348882156,293733922,58647920
2947.20,2418582.00,3569678.89,236437.99,1151096.89,764.83,764.83,796.83,0.00,3844541752.44,6409992509.10,0.00,0.00,0.00,0.00,209944476,349058259,293733922,60154257
2949.20,2421078.47,3572175.36,239021.04,1151096.89,2496.47,2496.47,2583.05,0.00,3844541752.44,6409992509.10,0.00,0.00,0.00,0.00,210212472,349429359,293733922,60154257
2951.22,2423381.08,3574477.97,241461.17,1151096.89,2302.61,2302.61,2440.12,0.00,3844541752.44,6409992509.10,0.00,0.00,0.00,0.00,209304682,349640685,293733922,61440190
2953.22,2425888.86,3576985.75,244108.50,1151096.89,2507.78,2507.78,2647.34,0.00,3844541752.44,6409992509.10,0.00,0.00,0.00,0.00,209751567,349835792,293733922,61440190
2955.22,2428388.14,3579485.03,246745.51,1151096.89,2499.27,2499.27,2637.00,0.00,3844541752.44,6409992509.10,0.00,0.00,0.00,0.00,210127584,350099589,293733922,61440190
2957.22,2430598.50,3583450.92,246772.80,1152852.42,2210.37,3965.89,27.29,1755.53,3844541752.44,6409992509.10,0.00,0.00,0.00,0.00,209241327,350258417,293733922,62733473
2959.22,2433024.06,3588038.26,246772.80,1155014.20,2425.55,4587.34,0.00,2161.79,3844541752.44,6409992509.10,0.00,0.00,0.00,0.00,209652464,350468222,293733922,62733473
2961.22,2434011.27,3591269.20,246772.80,1157257.92,987.21,3230.93,0.00,2243.72,3844541752.44,6409992509.10,0.00,0.00,0.00,0.00,209715843,350657570,295143757,62733473
2963.22,2436584.41,3595534.25,246772.80,1158949.84,2573.14,4265.05,0.00,1691.91,3844541752.44,6409992509.10,0.00,0.00,0.00,0.00,210131106,350901030,295143757,62733473
2965.22,2439100.40,3598943.41,248014.83,1159843.02,2515.99,3409.17,1242.03,893.18,3844541752.44,6409992509.10,0.00,0.00,0.00,0.00,210557657,351118572,295969618,62733473
2967.22,2441397.29,3601550.20,249969.17,1160152.90,2296.89,2606.78,1954.34,309.89,3844541752.44,6409992509.10,0.00,0.00,0.00,0.00,210039031,351407005,295969618,63551671
2969.22,2443915.25,3605878.18,249969.17,1161962.93,2517.96,4327.99,0.00,1810.03,3844541752.44,6409992509.10,0.00,0.00,0.00,0.00,210332829,351757804,295969618,63551671
2971.22,2445887.19,3609291.77,250575.31,1163404.59,1971.94,3413.59,606.14,1441.65,3844541752.44,6409992509.10,0.00,0.00,0.00,0.00,210626257,351969192,296881327,63551671
2973.22,2448386.44,3611791.02,253234.05,1163404.59,2499.25,2499.25,2658.74,0.00,3844541752.44,6409992509.10,0.00,0.00,0.00,0.00,210928048,352307209,296881327,63551671
2975.22,2450593.92,3614014.66,255531.83,1163420.73,2207.48,2223.63,2297.78,16.15,3844541752.44,6409992509.10,0.00,0.00,0.00,0.00,209942728,352561627,296881327,64847689
2977.22,2451456.05,3617009.21,255531.83,1165553.17,862.12,2994.56,0.00,2132.43,3844541752.44,6409992509.10,0.00,0.00,0.00,0.00,210083667,352641392,296881327,64847689
2979.22,2452469.66,3619918.63,255531.83,1167448.97,1013.61,2909.41,0.00,1895.80,3844541752.44,6409992509.10,0.00,0.00,0.00,0.00,210185405,352799138,297742479,64847689
2981.22,2454978.48,3624234.42,255531.83,1169255.94,2508.82,4315.79,0.00,1806.97,3844541752.44,6409992509.10,0.00,0.00,0.00,0.00,210548828,353077974,297742479,64847689
2983.22,2457527.23,3628056.72,256319.11,1170529.49,2548.75,3822.30,787.28,1273.55,3844541752.44,6409992509.10,0.00,0.00,0.00,0.00,210897247,353382035,298704285,64847689
2985.22,2460040.78,3630570.27,258937.34,1170529.49,2513.55,2513.55,2618.23,0.00,3844541752.44,6409992509.10,0.00,0.00,0.00,0.00,211217843,353704908,298704285,64847689
2987.22,2462333.40,3632862.89,261357.30,1170529.49,2292.62,2292.62,2419.96,0.00,3844541752.44,6409992509.10,0.00,0.00,0.00,0.00,210321458,354002483,298704285,66033409
2989.22,2464840.02,3635369.52,263969.10,1170529.49,2506.62,2506.62,2611.80,0.00,3844541752.44,6409992509.10,0.00,0.00,0.00,0.00,210642349,354323288,298704285,66033409
2991.22,2467116.25,3638539.46,264982.39,1171423.21,2276.23,3169.95,1013.29,893.72,3844541752.44,6409992509.10,0.00,0.00,0.00,0.00,209680527,354634928,298704285,67266306
2993.22,2469626.48,3642864.84,264982.39,1173238.35,2510.23,4325.37,0.00,1815.14,3844541752.44,6409992509.10,0.00,0.00,0.00,0.00,210023034,354935040,298704285,67266306
2995.22,2469888.06,3645271.21,264982.39,1175383.15,261.57,2406.37,0.00,2144.80,3844541752.44,6409992509.10,0.00,0.00,0.00,0.00,210063574,354961463,298704285,67266306
2997.22,2469888.06,3647621.48,264982.39,1177733.43,0.00,2350.28,0.00,2350.28,3844541752.44,6409992509.10,0.00,0.00,0.00,0.00,210063574,354961463,298704285,67266306
2999.22,2469888.06,3649786.56,264982.39,1179898.50,0.00,2165.07,0.00,2165.07,3844541752.44,6409992509.10,0.00,0.00,0.00,0.00,210063574,354961463,298704285,67266306
3001.22,2470121.89,3652195.77,264982.39,1182073.88,233.83,2409.21,0.00,2175.38,3844541752.44,6409992509.10,0.00,0.00,0.00,0.00,210088924,354995974,301598942,67266306
3003.22,2472637.23,3656581.60,264982.39,1183944.37,2515.34,4385.82,0.00,1870.49,3844541752.44,6409992509.10,0.00,0.00,0.00,0.00,210449419,355279405,301598942,67266306
3005.22,2475262.51,3660934.38,265094.55,1185671.88,2625.28,4352.79,112.15,1727.50,3844541752.44,6409992509.10,0.00,0.00,0.00,0.00,210788344,355612552,302558893,67266306
3007.22,2477815.58,3663487.45,267734.18,1185671.88,2553.07,2553.07,2639.63,0.00,3844541752.44,6409992509.10,0.00,0.00,0.00,0.00,211156076,355898406,302558893,67266306
3009.22,2480164.29,3665836.16,270143.64,1185671.88,2348.71,2348.71,2409.46,0.00,3844541752.44,6409992509.10,0.00,0.00,0.00,0.00,210197698,356161891,302558893,68562469
3011.22,2482682.62,3668354.49,272757.93,1185671.88,2518.33,2518.33,2614.29,0.00,3844541752.44,6409992509.10,0.00,0.00,0.00,0.00,210567583,356436698,302558893,68562469
3013.22,2484980.17,3670916.65,274694.24,1185936.48,2297.55,2562.16,1936.31,264.60,3844541752.44,6409992509.10,0.00,0.00,0.00,0.00,209697681,356706714,302558893,69750529
3015.22,2487491.49,3675269.59,274694.24,1187778.09,2511.32,4352.94,0.00,1841.62,3844541752.44,6409992509.10,0.00,0.00,0.00,0.00,210054074,356993219,302558893,69750529
3017.22,2488532.46,3678285.57,274909.97,1189753.11,1040.97,3015.98,215.73,1975.01,3844541752.44,6409992509.10,0.00,0.00,0.00,0.00,210217849,357095933,303589471,69750529
3019.22,2491039.95,3680793.05,277489.02,1189753.11,2507.48,2507.48,2579.05,0.00,3844541752.44,6409992509.10,0.00,0.00,0.00,0.00,210603188,357352509,303589471,69750529
3021.22,2493286.61,3683351.56,279283.50,1190064.95,2246.67,2558.51,1794.48,311.84,3844541752.44,6409992509.10,0.00,0.00,0.00,0.00,209765719,357590275,303589471,70925379
3023.22,2494464.01,3686412.00,279283.50,1191947.99,1177.39,3060.44,0.00,1883.04,3844541752.44,6409992509.10,0.00,0.00,0.00,0.00,209931557,357725850,303589471,70925379
3025.22,2494464.01,3688532.77,279283.50,1194068.76,0.00,2120.77,0.00,2120.77,3844541752.44,6409992509.10,0.00,0.00,0.00,0.00,209931557,357725850,303589471,70925379
3027.22,2494464.01,3690822.66,279283.50,1196358.66,0.00,2289.89,0.00,2289.89,3844541752.44,6409992509.10,0.00,0.00,0.00,0.00,209931557,357725850,303589471,70925379
3029.22,2494464.01,3693007.15,279283.50,1198543.14,0.00,2184.49,0.00,2184.49,3844541752.44,6409992509.10,0.00,0.00,0.00,0.00,209931557,357725850,303589471,70925379
3031.22,2494735.64,3695447.82,279283.50,1200712.18,271.63,2440.67,0.00,2169.04,3844541752.44,6409992509.10,0.00,0.00,0.00,0.00,209976627,357750318,306346250,70925379
3033.22,2497248.49,3699799.91,279283.50,1202551.42,2512.85,4352.09,0.00,1839.24,3844541752.44,6409992509.10,0.00,0.00,0.00,0.00,210345264,358024971,306346250,70925379
3035.22,2499733.03,3703973.14,279477.27,1204240.11,2484.54,4173.23,193.77,1688.69,3844541752.44,6409992509.10,0.00,0.00,0.00,0.00,210718667,358287609,307296024,70925379
3037.22,2502251.37,3706491.48,282090.14,1204240.11,2518.34,2518.34,2612.87,0.00,3844541752.44,6409992509.10,0.00,0.00,0.00,0.00,211088129,358562843,307296024,70925379
3039.22,2504614.31,3708854.42,284495.35,1204240.11,2362.94,2362.94,2405.21,0.00,3844541752.44,6409992509.10,0.00,0.00,0.00,0.00,210264712,358817414,307296024,72099137
3041.22,2507144.16,3711384.28,287122.47,1204240.11,2529.86,2529.86,2627.12,0.00,3844541752.44,6409992509.10,0.00,0.00,0.00,0.00,210622531,359107238,307296024,72099137
3043.22,2509382.13,3714289.07,288484.21,1204906.93,2237.97,2904.79,1361.74,666.82,3844541752.44,6409992509.10,0.00,0.00,0.00,0.00,209751892,359369256,307296024,73280678
3045.22,2511902.26,3718729.77,288484.21,1206827.50,2520.13,4440.70,0.00,1920.57,3844541752.44,6409992509.10,0.00,0.00,0.00,0.00,210141391,359624910,307296024,73280678
3047.22,2514399.25,3722925.68,288795.96,1208526.43,2496.99,4195.92,311.75,1698.93,3844541752.44,6409992509.10,0.00,0.00,0.00,0.00,210512627,359892904,308347922,73280678
3049.22,2516936.35,3725462.78,291402.57,1208526.43,2537.09,2537.09,2606.61,0.00,3844541752.44,6409992509.10,0.00,0.00,0.00,0.00,210757272,360297755,308347922,73280678
3051.22,2519212.67,3727960.61,293402.45,1208747.94,2276.32,2497.83,1999.88,221.51,3844541752.44,6409992509.10,0.00,0.00,0.00,0.00,209845836,360532861,308347922,74539746
3053.22,2521724.34,3732263.58,293402.45,1210539.24,2511.67,4302.97,0.00,1791.30,3844541752.44,6409992509.10,0.00,0.00,0.00,0.00,210222455,360799229,308347922,74539746
3055.22,2524028.07,3736265.42,293604.53,1212237.34,2303.74,4001.84,202.08,1698.10,3844541752.44,6409992509.10,0.00,0.00,0.00,0.00,210561009,361050432,309297603,74539746
3057.22,2526557.84,3738795.18,296219.40,1212237.34,2529.77,2529.77,2614.87,0.00,3844541752.44,6409992509.10,0.00,0.00,0.00,0.00,210958947,361300114,309297603,74539746
3059.22,2528818.20,3741129.62,298443.84,1212311.42,2260.36,2334.44,2224.45,74.08,3844541752.44,6409992509.10,0.00,0.00,0.00,0.00,209962564,361584555,309297603,75830341
3061.22,2531328.03,3745467.04,298443.84,1214139.01,2509.83,4337.42,0.00,1827.59,3844541752.44,6409992509.10,0.00,0.00,0.00,0.00,210263983,361925652,309297603,75830341
3063.22,2531524.98,3747891.24,298636.34,1216366.27,196.95,2424.20,192.50,2227.25,3844541752.44,6409992509.10,0.00,0.00,0.00,0.00,210290485,361949568,310341610,75830341
3065.22,2534019.28,3750385.54,301271.32,1216366.27,2494.30,2494.30,2634.97,0.00,3844541752.44,6409992509.10,0.00,0.00,0.00,0.00,210556028,362322566,310341610,75830341
3067.26,2536339.38,3752705.65,303665.50,1216366.27,2320.11,2320.11,2394.19,0.00,3844541752.44,6409992509.10,0.00,0.00,0.00,0.00,209443315,362692481,310341610,77167086
3069.26,2538851.50,3757241.44,303665.50,1218389.94,2512.12,4535.79,0.00,2023.67,3844541752.44,6409992509.10,0.00,0.00,0.00,0.00,209586852,363192047,310341610,77167086
3071.27,2541237.33,3761624.65,303665.50,1220387.32,2385.82,4383.21,0.00,1997.38,3844541752.44,6409992509.10,0.00,0.00,0.00,0.00,209673408,363716262,311161263,77167086
3073.27,2543710.55,3765926.73,303665.50,1222216.18,2473.23,4302.08,0.00,1828.86,3844541752.44,6409992509.10,0.00,0.00,0.00,0.00,209763366,364259450,311161263,77167086
3075.27,2546221.20,3770327.07,303665.50,1224105.87,2510.65,4400.34,0.00,1889.69,3844541752.44,6409992509.10,0.00,0.00,0.00,0.00,209853977,364811565,311161263,77167086
3077.27,2548567.84,3774435.54,303665.50,1225867.70,2346.64,4108.47,0.00,1761.83,3844541752.44,6409992509.10,0.00,0.00,0.00,0.00,209937095,365329187,312119135,77167086
3079.27,2549760.02,3777747.59,303665.50,1227987.57,1192.17,3312.05,0.00,2119.88,3844541752.44,6409992509.10,0.00,0.00,0.00,0.00,209982599,365588879,312119135,77167086
3081.27,2549760.02,3780100.79,303665.50,1230340.77,0.00,2353.20,0.00,2353.20,3844541752.44,6409992509.10,0.00,0.00,0.00,0.00,209982599,365588879,312119135,77167086
3083.27,2549760.02,3782353.57,303665.50,1232593.55,0.00,2252.78,0.00,2252.78,3844541752.44,6409992509.10,0.00,0.00,0.00,0.00,209982599,365588879,312119135,77167086
3085.27,2549760.02,3784569.63,303665.50,1234809.61,0.00,2216.06,0.00,2216.06,3844541752.44,6409992509.10,0.00,0.00,0.00,0.00,209982599,365588879,312119135,77167086
3087.27,2551960.15,3788655.63,303665.50,1236695.48,2200.14,4086.00,0.00,1885.86,3844541752.44,6409992509.10,0.00,0.00,0.00,0.00,210057504,366077209,314892014,77167086
3089.27,2554429.91,3793011.94,303665.50,1238582.03,2469.76,4356.31,0.00,1886.55,3844541752.44,6409992509.10,0.00,0.00,0.00,0.00,210155084,366611888,314892014,77167086
3091.27,2556885.84,3795862.66,305740.26,1238976.82,2455.93,2850.72,2074.76,394.79,3844541752.44,6409992509.10,0.00,0.00,0.00,0.00,210495580,366900110,315918641,77167086
3093.27,2559428.00,3798404.81,308394.48,1238976.82,2542.15,2542.15,2654.21,0.00,3844541752.44,6409992509.10,0.00,0.00,0.00,0.00,210858552,367187929,315918641,77167086
3095.27,2561648.02,3801534.46,309346.43,1239886.43,2220.03,3129.64,951.95,909.62,3844541752.44,6409992509.10,0.00,0.00,0.00,0.00,209699180,367461311,315918641,78621403
3097.27,2562048.01,3804111.50,309346.43,1242063.49,399.99,2577.05,0.00,2177.06,3844541752.44,6409992509.10,0.00,0.00,0.00,0.00,209759531,367503357,315918641,78621403
3099.27,2562048.01,3806645.10,309346.43,1244597.09,0.00,2533.60,0.00,2533.60,3844541752.44,6409992509.10,0.00,0.00,0.00,0.00,209759531,367503357,315918641,78621403
3101.27,2562048.01,3809528.41,309346.43,1247480.40,0.00,2883.31,0.00,2883.31,3844541752.44,6409992509.10,0.00,0.00,0.00,0.00,209759531,367503357,315918641,78621403
3103.27,2564041.85,3813486.43,309346.43,1249444.58,1993.84,3958.02,0.00,1964.18,3844541752.44,6409992509.10,0.00,0.00,0.00,0.00,209992316,367780994,318194418,78621403
3105.27,2566566.39,3818050.02,309346.43,1251483.62,2524.55,4563.59,0.00,2039.04,3844541752.44,6409992509.10,0.00,0.00,0.00,0.00,210236155,368183439,318194418,78621403
3107.27,2569003.11,3820543.18,311769.23,1251540.07,2436.72,2493.17,2422.80,56.45,3844541752.44,6409992509.10,0.00,0.00,0.00,0.00,210643159,368400235,319134729,78621403
3109.27,2571511.46,3823051.54,314434.89,1251540.07,2508.35,2508.35,2665.66,0.00,3844541752.44,6409992509.10,0.00,0.00,0.00,0.00,211101377,368584155,319134729,78621403
3111.27,2573723.44,3826480.38,314825.89,1252756.95,2211.97,3428.85,391.00,1216.88,3844541752.44,6409992509.10,0.00,0.00,0.00,0.00,210089502,368759554,319134729,80024144
3113.27,2574336.06,3829295.52,314825.89,1254959.46,612.62,2815.14,0.00,2202.52,3844541752.44,6409992509.10,0.00,0.00,0.00,0.00,210196921,368808966,319134729,80024144
3115.27,2576532.68,3831738.69,317150.73,1255206.02,2196.62,2443.17,2324.85,246.55,3844541752.44,6409992509.10,0.00,0.00,0.00,0.00,210421204,369147017,320073211,80024144
3117.27,2579040.55,3834246.56,319816.73,1255206.02,2507.87,2507.87,2666.00,0.00,3844541752.44,6409992509.10,0.00,0.00,0.00,0.00,210749939,369460297,320073211,80024144
3119.27,2581237.40,3837337.71,320850.36,1256100.32,2196.85,3091.15,1033.62,894.30,3844541752.44,6409992509.10,0.00,0.00,0.00,0.00,209424718,369805648,320073211,81566408
3121.27,2583736.13,3841652.91,320850.36,1257916.79,2498.73,4315.20,0.00,1816.47,3844541752.44,6409992509.10,0.00,0.00,0.00,0.00,209987787,369882254,320073211,81566408
3123.27,2586185.15,3845021.09,322106.72,1258835.94,2449.02,3368.18,1256.36,919.16,3844541752.44,6409992509.10,0.00,0.00,0.00,0.00,210242271,370254719,321002429,81566408
3125.27,2588712.67,3847548.61,324755.32,1258835.94,2527.52,2527.52,2648.61,0.00,3844541752.44,6409992509.10,0.00,0.00,0.00,0.00,210512170,370631866,321002429,81566408
3127.27,2590913.61,3850139.62,326454.66,1259226.00,2200.94,2591.00,1699.34,390.06,3844541752.44,6409992509.10,0.00,0.00,0.00,0.00,209437405,370835375,321002429,83001105
3129.27,2592768.03,3854221.35,326454.66,1261453.32,1854.42,4081.73,0.00,2227.31,3844541752.44,6409992509.10,0.00,0.00,0.00,0.00,209755425,370992086,321002429,83001105
3131.27,2592768.03,3856607.00,326454.66,1263838.96,0.00,2385.65,0.00,2385.65,3844541752.44,6409992509.10,0.00,0.00,0.00,0.00,209755425,370992086,321002429,83001105
3133.27,2592768.03,3859332.02,326454.66,1266563.99,0.00,2725.03,0.00,2725.03,3844541752.44,6409992509.10,0.00,0.00,0.00,0.00,209755425,370992086,321002429,83001105
3135.27,2592768.03,3861629.18,326454.66,1268861.14,0.00,2297.15,0.00,2297.15,3844541752.44,6409992509.10,0.00,0.00,0.00,0.00,209755425,370992086,321002429,83001105
3137.27,2592768.03,3863719.93,326454.66,1270951.89,0.00,2090.75,0.00,2090.75,3844541752.44,6409992509.10,0.00,0.00,0.00,0.00,209755425,370992086,321002429,83001105
3139.27,2592768.03,3866549.29,326454.66,1273781.26,0.00,2829.36,0.00,2829.36,3844541752.44,6409992509.10,0.00,0.00,0.00,0.00,209755425,370992086,321002429,83001105
3141.27,2592768.03,3869115.04,326454.66,1276347.01,0.00,2565.75,0.00,2565.75,3844541752.44,6409992509.10,0.00,0.00,0.00,0.00,209755425,370992086,321002429,83001105
3143.27,2592768.03,3871398.40,326454.66,1278630.37,0.00,2283.36,0.00,2283.36,3844541752.44,6409992509.10,0.00,0.00,0.00,0.00,209755425,370992086,321002429,83001105
3145.27,2593980.74,3874507.00,326454.66,1280526.26,1212.71,3108.60,0.00,1895.89,3844541752.44,6409992509.10,0.00,0.00,0.00,0.00,209926321,371131644,326339313,83001105
3147.27,2596475.21,3879002.22,326454.66,1282527.01,2494.46,4495.21,0.00,2000.75,3844541752.44,6409992509.10,0.00,0.00,0.00,0.00,210277250,371419298,326339313,83001105
3149.27,2599004.03,3882600.96,327526.11,1283596.93,2528.82,3598.74,1071.45,1069.92,3844541752.44,6409992509.10,0.00,0.00,0.00,0.00,210645426,371698500,327330195,83001105
3151.27,2601503.63,3885100.56,330177.89,1283596.93,2499.60,2499.60,2651.78,0.00,3844541752.44,6409992509.10,0.00,0.00,0.00,0.00,211005532,371978292,327330195,83001105
3153.27,2603704.07,3887594.66,332081.40,1283890.59,2200.44,2494.10,1903.51,293.66,3844541752.44,6409992509.10,0.00,0.00,0.00,0.00,209876253,372230438,327330195,84441550
3155.27,2605056.04,3890907.84,332081.40,1285851.80,1351.98,3313.18,0.00,1961.21,3844541752.44,6409992509.10,0.00,0.00,0.00,0.00,210065014,372387783,327330195,84441550
3157.27,2605835.45,3893792.05,332081.40,1287956.60,779.41,2884.21,0.00,2104.80,3844541752.44,6409992509.10,0.00,0.00,0.00,0.00,210172907,372479418,328301661,84441550
3159.27,2608357.04,3898064.30,332081.40,1289707.25,2521.59,4272.25,0.00,1750.65,3844541752.44,6409992509.10,0.00,0.00,0.00,0.00,210522020,372775833,328301661,84441550
3161.27,2610873.11,3901469.66,333245.37,1290596.55,2516.06,3405.36,1163.97,889.30,3844541752.44,6409992509.10,0.00,0.00,0.00,0.00,210857246,373084719,329121753,84441550
3163.27,2613372.97,3903969.52,335884.34,1290596.55,2499.86,2499.86,2638.97,0.00,3844541752.44,6409992509.10,0.00,0.00,0.00,0.00,211206894,373375036,329121753,84441550
3165.27,2615565.30,3906586.33,337524.66,1291021.02,2192.34,2616.80,1640.32,424.47,3844541752.44,6409992509.10,0.00,0.00,0.00,0.00,210106148,373643547,329121753,85835023
3167.27,2617344.02,3910378.42,337524.66,1293034.40,1778.71,3792.09,0.00,2013.38,3844541752.44,6409992509.10,0.00,0.00,0.00,0.00,210329561,373875484,329121753,85835023
3169.27,2618225.07,3912864.56,338449.11,1294639.49,881.06,2486.14,924.45,1605.09,3844541752.44,6409992509.10,0.00,0.00,0.00,0.00,210427818,374002778,330156642,85835023
3171.27,2620731.43,3915370.92,341093.38,1294639.49,2506.36,2506.36,2644.28,0.00,3844541752.44,6409992509.10,0.00,0.00,0.00,0.00,210683267,374388956,330156642,85835023
3173.27,2622989.66,3917929.40,342946.96,1294939.75,2258.23,2558.48,1853.58,300.26,3844541752.44,6409992509.10,0.00,0.00,0.00,0.00,209601803,374660416,330156642,87223133
3175.27,2625517.48,3922093.41,342946.96,1296575.93,2527.82,4164.00,0.00,1636.18,3844541752.44,6409992509.10,0.00,0.00,0.00,0.00,209921727,374987615,330156642,87223133
3177.27,2627969.20,3925764.58,343701.55,1297795.38,2451.71,3671.17,754.59,1219.46,3844541752.44,6409992509.10,0.00,0.00,0.00,0.00,210255000,375281981,330964184,87223133
3179.27,2630479.64,3928275.02,346341.32,1297795.38,2510.44,2510.44,2639.76,0.00,3844541752.44,6409992509.10,0.00,0.00,0.00,0.00,210611628,375568026,330964184,87223133
3181.29,2632848.07,3930643.45,348823.17,1297795.38,2368.43,2368.43,2481.86,0.00,3844541752.44,6409992509.10,0.00,0.00,0.00,0.00,209472393,375809271,330964184,88727441
3183.29,2635335.01,3934819.66,348823.17,1299484.66,2486.94,4176.21,0.00,1689.27,3844541752.44,6409992509.10,0.00,0.00,0.00,0.00,209822653,376095668,330964184,88727441
3185.29,2635776.05,3937380.34,348823.17,1301604.28,441.05,2560.67,0.00,2119.62,3844541752.44,6409992509.10,0.00,0.00,0.00,0.00,209884183,376147046,330964184,88727441
3187.29,2635776.05,3939614.86,348823.17,1303838.80,0.00,2234.52,0.00,2234.52,3844541752.44,6409992509.10,0.00,0.00,0.00,0.00,209884183,376147046,330964184,88727441
3189.29,2636621.36,3942508.37,348823.17,1305887.01,845.30,2893.51,0.00,2048.21,3844541752.44,6409992509.10,0.00,0.00,0.00,0.00,209996674,376250953,332844059,88727441
3191.29,2639141.88,3946907.99,348823.17,1307766.11,2520.52,4399.62,0.00,1879.11,3844541752.44,6409992509.10,0.00,0.00,0.00,0.00,210352604,376540276,332844059,88727441
3193.29,2641629.97,3950675.32,349531.50,1309045.35,2488.09,3767.33,708.33,1279.23,3844541752.44,6409992509.10,0.00,0.00,0.00,0.00,210670875,376858957,333822790,88727441
3195.29,2644141.46,3953186.81,352180.60,1309045.35,2511.49,2511.49,2649.10,0.00,3844541752.44,6409992509.10,0.00,0.00,0.00,0.00,210974330,377198443,333822790,88727441
3197.29,2646349.95,3955595.74,354201.48,1309245.79,2208.49,2408.93,2020.88,200.45,3844541752.44,6409992509.10,0.00,0.00,0.00,0.00,209905403,377455896,333822790,90104288
3199.29,2648064.00,3959223.03,354201.48,1311159.02,1714.05,3627.29,0.00,1913.23,3844541752.44,6409992509.10,0.00,0.00,0.00,0.00,210185655,377614442,333822790,90104288
3201.29,2648752.60,3961578.19,354920.67,1312825.59,688.59,2355.16,719.19,1666.57,3844541752.44,6409992509.10,0.00,0.00,0.00,0.00,210298347,377678030,334790532,90104288
3203.29,2651268.07,3964093.66,357566.77,1312825.59,2515.47,2515.47,2646.09,0.00,3844541752.44,6409992509.10,0.00,0.00,0.00,0.00,210654342,377965995,334790532,90104288
3205.29,2653499.26,3966448.96,359678.23,1312949.70,2231.19,2355.30,2111.46,124.11,3844541752.44,6409992509.10,0.00,0.00,0.00,0.00,209568732,378220748,334790532,91506330
3207.29,2656019.67,3970639.47,359678.23,1314619.80,2520.41,4190.51,0.00,1670.10,3844541752.44,6409992509.10,0.00,0.00,0.00,0.00,209899253,378535453,334790532,91506330
3209.29,2658481.04,3974465.95,360065.96,1315984.91,2461.37,3826.48,387.73,1365.11,3844541752.44,6409992509.10,0.00,0.00,0.00,0.00,210231544,378833273,335597428,91506330
3211.29,2660981.20,3976966.10,362687.50,1315984.91,2500.15,2500.15,2621.54,0.00,3844541752.44,6409992509.10,0.00,0.00,0.00,0.00,210565484,379139372,335597428,91506330
3213.30,2663317.55,3979302.46,365138.29,1315984.91,2336.36,2336.36,2450.79,0.00,3844541752.44,6409992509.10,0.00,0.00,0.00,0.00,209476013,379429176,335597428,92904105
3215.30,2665738.27,3983480.55,365138.29,1317742.29,2420.71,4178.09,0.00,1757.38,3844541752.44,6409992509.10,0.00,0.00,0.00,0.00,209974640,379550251,335597428,92904105
3217.30,2666519.13,3986384.46,365162.29,1319865.33,780.87,2903.91,24.00,2123.05,3844541752.44,6409992509.10,0.00,0.00,0.00,0.00,210158954,379565839,336582776,92904105
3219.30,2668888.05,3989404.53,366642.22,1320516.48,2368.92,3020.07,1479.94,651.15,3844541752.44,6409992509.10,0.00,0.00,0.00,0.00,210325804,379620424,336582776,93289113
3221.30,2671385.47,3993649.66,366642.22,1322264.18,2497.42,4245.12,0.00,1747.70,3844541752.44,6409992509.10,0.00,0.00,0.00,0.00,210838665,379746903,336582776,93289113
3223.30,2673860.55,3996982.74,367879.14,1323122.20,2475.07,3333.09,1236.91,858.01,3844541752.44,6409992509.10,0.00,0.00,0.00,0.00,211198145,380021042,337416532,93289113
3225.30,2676376.68,3999498.87,370508.55,1323122.20,2516.13,2516.13,2629.41,0.00,3844541752.44,6409992509.10,0.00,0.00,0.00,0.00,211561361,380301955,337416532,93289113
3227.30,2678690.87,4001813.07,372891.91,1323122.20,2314.20,2314.20,2383.36,0.00,3844541752.44,6409992509.10,0.00,0.00,0.00,0.00,210480998,380568879,337416532,94694986
3229.30,2681195.35,4004317.55,375534.25,1323122.20,2504.48,2504.48,2642.35,0.00,3844541752.44,6409992509.10,0.00,0.00,0.00,0.00,210876195,380814829,337416532,94694986
3231.30,2683421.96,4006760.07,377529.96,1323338.11,2226.61,2442.53,1995.71,215.92,3844541752.44,6409992509.10,0.00,0.00,0.00,0.00,209847959,381031694,337416532,96076369
3233.30,2685929.41,4011073.32,377529.96,1325143.91,2507.45,4313.25,0.00,1805.79,3844541752.44,6409992509.10,0.00,0.00,0.00,0.00,210380403,381141158,337416532,96076369
3235.30,2688276.39,4015344.24,377529.96,1327067.85,2346.98,4270.92,0.00,1923.94,3844541752.44,6409992509.10,0.00,0.00,0.00,0.00,210955276,381167112,337416532,96076369
3237.30,2690760.78,4017834.70,380119.06,1327073.92,2484.38,2490.45,2589.09,6.07,3844541752.44,6409992509.10,0.00,0.00,0.00,0.00,211391230,381367160,338417787,96076369
3239.30,2693306.77,4020380.69,382757.64,1327073.92,2545.99,2545.99,2638.59,0.00,3844541752.44,6409992509.10,0.00,0.00,0.00,0.00,211807409,381602755,338417787,96076369
3241.30,2695607.00,4022680.92,385161.14,1327073.92,2300.23,2300.23,2403.49,0.00,3844541752.44,6409992509.10,0.00,0.00,0.00,0.00,210795554,381799399,338417787,97480439
3243.30,2698104.04,4025177.96,387790.99,1327073.92,2497.04,2497.04,2629.85,0.00,3844541752.44,6409992509.10,0.00,0.00,0.00,0.00,211225726,382008470,338417787,97480439
3245.30,2700274.79,4028545.41,388460.02,1328270.63,2170.74,3367.45,669.04,1196.71,3844541752.44,6409992509.10,0.00,0.00,0.00,0.00,210189283,382206609,338417787,98874453
3247.30,2702786.07,4032979.18,388460.02,1330193.11,2511.29,4433.76,0.00,1922.48,3844541752.44,6409992509.10,0.00,0.00,0.00,0.00,210560872,382477909,338417787,98874453
3249.30,2704334.07,4035955.82,389459.72,1331621.75,1548.00,2976.65,999.70,1428.65,3844541752.44,6409992509.10,0.00,0.00,0.00,0.00,210783066,382652003,339534597,98874453
3251.30,2706842.41,4038464.17,392109.46,1331621.75,2508.34,2508.34,2649.73,0.00,3844541752.44,6409992509.10,0.00,0.00,0.00,0.00,211130842,382946363,339534597,98874453
3253.30,2709101.28,4041005.44,394002.54,1331904.16,2258.86,2541.27,1893.09,282.41,3844541752.44,6409992509.10,0.00,0.00,0.00,0.00,210042383,383194206,339534597,100293338
3255.30,2709504.06,4043530.70,394002.54,1334026.64,402.79,2525.26,0.00,2122.47,3844541752.44,6409992509.10,0.00,0.00,0.00,0.00,210101902,383237800,339534597,100293338
3257.30,2710876.46,4046799.78,394002.54,1335923.32,1372.40,3269.08,0.00,1896.68,3844541752.44,6409992509.10,0.00,0.00,0.00,0.00,210292586,383398450,340379924,100293338
3259.30,2713412.03,4051142.81,394002.54,1337730.78,2535.57,4343.03,0.00,1807.46,3844541752.44,6409992509.10,0.00,0.00,0.00,0.00,210631197,383708944,340379924,100293338
3261.30,2715924.07,4054513.35,395370.91,1338589.27,2512.05,3370.54,1368.37,858.49,3844541752.44,6409992509.10,0.00,0.00,0.00,0.00,211009573,383973652,341318210,100293338
3263.30,2718468.55,4057057.82,398018.76,1338589.27,2544.48,2544.48,2647.84,0.00,3844541752.44,6409992509.10,0.00,0.00,0.00,0.00,211376541,384258070,341318210,100293338
3265.30,2720785.22,4059374.50,400427.43,1338589.27,2316.67,2316.67,2408.67,0.00,3844541752.44,6409992509.10,0.00,0.00,0.00,0.00,210308179,384514065,341318210,101698773
3267.30,2723341.59,4061930.86,403072.32,1338589.27,2556.37,2556.37,2644.89,0.00,3844541752.44,6409992509.10,0.00,0.00,0.00,0.00,210664575,384812099,341318210,101698773
3269.30,2725532.26,4064409.14,404935.03,1338876.88,2190.67,2478.27,1862.71,287.61,3844541752.44,6409992509.10,0.00,0.00,0.00,0.00,209577387,385066821,341318210,103092050
3271.30,2728124.22,4068864.04,404935.03,1340739.82,2591.96,4454.90,0.00,1862.94,3844541752.44,6409992509.10,0.00,0.00,0.00,0.00,209936463,385371287,341318210,103092050
3273.30,2730611.64,4073280.72,404935.03,1342669.08,2487.42,4416.68,0.00,1929.26,3844541752.44,6409992509.10,0.00,0.00,0.00,0.00,210283861,385660669,341318210,103092050
3275.30,2732964.44,4075638.02,407515.34,1342673.58,2352.80,2357.30,2580.31,4.50,3844541752.44,6409992509.10,0.00,0.00,0.00,0.00,210613266,385933581,342339083,103092050
3277.30,2735441.41,4078114.99,410140.79,1342673.58,2476.97,2476.97,2625.45,0.00,3844541752.44,6409992509.10,0.00,0.00,0.00,0.00,210960448,386220504,342339083,103092050
3279.30,2737697.52,4081799.74,410285.19,1344102.21,2256.11,3684.75,144.39,1428.64,3844541752.44,6409992509.10,0.00,0.00,0.00,0.00,209919331,386469553,342339083,104461682
3281.30,2740206.59,4086204.13,410285.19,1345997.55,2509.06,4404.39,0.00,1895.33,3844541752.44,6409992509.10,0.00,0.00,0.00,0.00,210269951,386761253,342339083,104461682
3283.30,2741875.15,4088687.99,412008.44,1346812.84,1668.57,2483.86,1723.25,815.29,3844541752.44,6409992509.10,0.00,0.00,0.00,0.00,210510777,386947580,343345628,104461682
3285.30,2744395.81,4091208.65,414643.04,1346812.84,2520.66,2520.66,2634.60,0.00,3844541752.44,6409992509.10,0.00,0.00,0.00,0.00,210879084,387224562,343345628,104461682
3287.30,2746368.05,4093899.08,415785.67,1347531.03,1972.24,2690.43,1142.63,718.19,3845466135.35,6410946712.51,924382.91,954203.41,0.00,0.00,209753349,387447069,343345628,105869804
3289.30,2746368.05,4096169.52,415785.67,1349801.46,0.00,2270.44,0.00,2270.44,3845466135.35,6410946712.51,0.00,0.00,0.00,0.00,209753349,387447069,343345628,105869804
3291.30,2746368.05,4098331.33,415785.67,1351963.28,0.00,2161.81,0.00,2161.81,3845466135.35,6410946712.51,0.00,0.00,0.00,0.00,209753349,387447069,343345628,105869804
3293.30,2746530.82,4100718.67,415785.67,1354187.85,162.76,2387.34,0.00,2224.57,3845466135.35,6410946712.51,0.00,0.00,0.00,0.00,209775054,387467031,345207386,105869804
3295.30,2749038.67,4104697.27,415785.67,1355658.60,2507.86,3978.61,0.00,1470.75,3845466135.35,6410946712.51,0.00,0.00,0.00,0.00,210139893,387744203,345207386,105869804
3297.30,2751584.09,4108212.74,416649.70,1356628.64,2545.42,3515.46,864.03,970.04,3845466135.35,6410946712.51,0.00,0.00,0.00,0.00,210507097,388028627,345858199,105869804
3299.30,2754120.77,4110749.42,419296.66,1356628.64,2536.68,2536.68,2646.96,0.00,3845466135.35,6410946712.51,0.00,0.00,0.00,0.00,210890570,388294544,345858199,105869804
3301.30,2756317.98,4113164.71,421267.04,1356846.73,2197.21,2415.30,1970.39,218.09,3845466135.35,6410946712.51,0.00,0.00,0.00,0.00,209781430,388562948,345858199,107273025
3303.30,2758656.03,4117392.87,421267.04,1358736.84,2338.05,4228.15,0.00,1890.11,3845466135.35,6410946712.51,0.00,0.00,0.00,0.00,210066472,388876446,345858199,107273025
3305.30,2758656.03,4119448.13,421267.04,1360792.10,0.00,2055.26,0.00,2055.26,3845466135.35,6410946712.51,0.00,0.00,0.00,0.00,210066472,388876446,345858199,107273025
3307.30,2758656.03,4121290.30,421267.04,1362634.28,0.00,1842.18,0.00,1842.18,3845466135.35,6410946712.51,0.00,0.00,0.00,0.00,210066472,388876446,345858199,107273025
3309.30,2760503.46,4124939.04,421267.04,1364435.58,1847.43,3648.73,0.00,1801.30,3845466135.35,6410946712.51,0.00,0.00,0.00,0.00,210289677,389126183,347492950,107273025
3311.30,2762976.05,4129303.64,421267.04,1366327.59,2472.59,4364.60,0.00,1892.01,3845466135.35,6410946712.51,0.00,0.00,0.00,0.00,210594629,389454214,347492950,107273025
3313.30,2765426.32,4132234.16,423177.46,1366807.84,2450.27,2930.52,1910.42,480.25,3845466135.35,6410946712.51,0.00,0.00,0.00,0.00,210871965,389804148,348461386,107273025
3315.30,2767982.60,4134790.45,425819.84,1366807.84,2556.28,2556.28,2642.38,0.00,3845466135.35,6410946712.51,0.00,0.00,0.00,0.00,211183706,390146815,348461386,107273025
3317.30,2770227.48,4137809.84,426742.05,1367582.36,2244.88,3019.39,922.21,774.51,3845466135.35,6410946712.51,0.00,0.00,0.00,0.00,210002821,390500821,348461386,108674594
3319.30,2772704.80,4141764.89,426742.05,1369060.09,2477.32,3955.05,0.00,1477.73,3845466135.35,6410946712.51,0.00,0.00,0.00,0.00,210242366,390895470,348461386,108674594
3321.30,2775162.77,4144611.64,428698.75,1369448.87,2457.96,2846.75,1956.70,388.78,3845466135.35,6410946712.51,0.00,0.00,0.00,0.00,210411128,391355947,349077473,108674594
3323.30,2777537.90,4146986.77,431339.07,1369448.87,2375.13,2375.13,2640.32,0.00,3845466135.35,6410946712.51,0.00,0.00,0.00,0.00,210532532,391842576,349077473,108674594
3325.30,2779710.18,4150131.28,432207.77,1370421.09,2172.29,3144.51,868.70,972.22,3845466135.35,6410946712.51,0.00,0.00,0.00,0.00,209220214,392311774,349077473,110073819
3327.30,2782161.11,4154353.96,432207.77,1372192.85,2450.93,4222.69,0.00,1771.76,3845466135.35,6410946712.51,0.00,0.00,0.00,0.00,209359743,392799683,349077473,110073819
3329.30,2784524.92,4158373.67,432207.77,1373848.75,2363.80,4019.71,0.00,1655.90,3845466135.35,6410946712.51,0.00,0.00,0.00,0.00,209863754,392900806,349951617,110073819
3331.30,2787019.94,4162452.30,432207.77,1375432.37,2495.02,4078.63,0.00,1583.61,3845466135.35,6410946712.51,0.00,0.00,0.00,0.00,210179899,393223386,349951617,110073819
3333.30,2789394.99,4165093.43,434246.48,1375698.45,2375.05,2641.13,2038.71,266.08,3845466135.35,6410946712.51,0.00,0.00,0.00,0.00,210441928,393569370,350616284,110073819
3335.30,2791914.67,4167613.12,436885.57,1375698.45,2519.68,2519.68,2639.09,0.00,3845466135.35,6410946712.51,0.00,0.00,0.00,0.00,210999784,393656553,350616284,110073819
3337.30,2793867.13,4170585.84,437581.95,1376718.70,1952.46,2972.72,696.39,1020.26,3845466135.35,6410946712.51,0.00,0.00,0.00,0.00,209727299,394053078,350616284,111449609
3339.30,2796398.62,4174868.76,437581.95,1378470.14,2531.49,4282.93,0.00,1751.43,3845466135.35,6410946712.51,0.00,0.00,0.00,0.00,209817650,394610789,350616284,111449609
3341.30,2798759.64,4179081.09,437581.95,1380321.45,2361.02,4212.33,0.00,1851.31,3845466135.35,6410946712.51,0.00,0.00,0.00,0.00,209915250,395117610,351527773,111449609
3343.30,2801282.38,4183431.61,437581.95,1382149.23,2522.73,4350.52,0.00,1827.79,3845466135.35,6410946712.51,0.00,0.00,0.00,0.00,210005127,395673553,351527773,111449609
3345.30,2801664.02,4185910.61,437581.95,1384246.59,381.64,2479.00,0.00,2097.36,3845466135.35,6410946712.51,0.00,0.00,0.00,0.00,210023074,395753306,351527773,111449609
3347.30,2801664.02,4188307.54,437581.95,1386643.52,0.00,2396.93,0.00,2396.93,3845466135.35,6410946712.51,0.00,0.00,0.00,0.00,210023074,395753306,351527773,111449609
3349.30,2803701.57,4192139.23,437581.95,1388437.66,2037.55,3831.69,0.00,1794.14,3845466135.35,6410946712.51,0.00,0.00,0.00,0.00,210132932,396165061,353494785,111449609
3351.30,2806222.80,4196568.41,437581.95,1390345.61,2521.23,4429.18,0.00,1907.95,3845466135.35,6410946712.51,0.00,0.00,0.00,0.00,210395749,396547679,353494785,111449609
3353.30,2808714.48,4199536.06,439548.63,1390821.58,2491.68,2967.64,1966.68,475.96,3845466135.35,6410946712.51,0.00,0.00,0.00,0.00,210920850,396660448,354487198,111449609
3355.30,2811228.85,4202050.43,442191.53,1390821.58,2514.37,2514.37,2642.89,0.00,3845466135.35,6410946712.51,0.00,0.00,0.00,0.00,211246874,396978102,354487198,111449609
3357.30,2813377.38,4205111.21,443098.00,1391733.83,2148.54,3060.79,906.48,912.25,3845466135.35,6410946712.51,0.00,0.00,0.00,0.00,210175813,397187079,354487198,112861718
3359.30,2813952.04,4207956.41,443098.00,1394004.37,574.66,2845.20,0.00,2270.54,3845466135.35,6410946712.51,0.00,0.00,0.00,0.00,210273541,397236464,354487198,112861718
3361.30,2815678.09,4210401.54,444898.61,1394723.45,1726.05,2445.13,1800.61,719.08,3845466135.35,6410946712.51,0.00,0.00,0.00,0.00,210682241,397269632,355486077,112861718
3363.30,2818190.81,4212914.26,447532.05,1394723.45,2512.72,2512.72,2633.44,0.00,3845466135.35,6410946712.51,0.00,0.00,0.00,0.00,210870599,397724530,355486077,112861718
3365.30,2820358.31,4215933.50,448598.05,1395575.18,2167.50,3019.24,1066.00,851.73,3845466135.35,6410946712.51,0.00,0.00,0.00,0.00,209819432,397922567,355486077,114269729
3367.30,2822848.29,4220372.51,448598.05,1397524.22,2489.98,4439.02,0.00,1949.04,3845466135.35,6410946712.51,0.00,0.00,0.00,0.00,210145223,398234211,355486077,114269729
3369.30,2825278.71,4223951.62,449545.54,1398672.91,2430.42,3579.11,947.49,1148.69,3845466135.35,6410946712.51,0.00,0.00,0.00,0.00,210480447,398521175,356497138,114269729
3371.30,2827821.55,4226494.46,452191.48,1398672.91,2542.83,2542.83,2645.95,0.00,3845466135.35,6410946712.51,0.00,0.00,0.00,0.00,210803859,398848728,356497138,114269729
3373.30,2829965.62,4228831.20,454183.17,1398865.57,2144.07,2336.74,1991.69,192.66,3845466135.35,6410946712.51,0.00,0.00,0.00,0.00,209645513,399126165,356497138,115699521
3375.30,2832384.05,4233149.72,454183.17,1400765.67,2418.43,4318.52,0.00,1900.09,3845466135.35,6410946712.51,0.00,0.00,0.00,0.00,209953723,399437073,356497138,115699521
3377.30,2832384.05,4235384.31,454183.17,1403000.26,0.00,2234.59,0.00,2234.59,3845466135.35,6410946712.51,0.00,0.00,0.00,0.00,209953723,399437073,356497138,115699521
3379.30,2832384.05,4237608.42,454183.17,1405224.37,0.00,2224.11,0.00,2224.11,3845466135.35,6410946712.51,0.00,0.00,0.00,0.00,209953723,399437073,356497138,115699521
3381.30,2833564.33,4240782.40,454183.17,1407218.07,1180.28,3173.98,0.00,1993.71,3845466135.35,6410946712.51,0.00,0.00,0.00,0.00,210178021,399514926,358451869,115699521
3383.30,2836065.32,4244986.70,454183.17,1408921.39,2500.99,4204.30,0.00,1703.31,3845466135.35,6410946712.51,0.00,0.00,0.00,0.00,210640560,399692640,358451869,115699521
3385.30,2838610.25,4248327.58,455571.68,1409717.33,2544.94,3340.88,1388.50,795.94,3845466135.35,6410946712.51,0.00,0.00,0.00,0.00,210971881,400012823,359311871,115699521
3387.30,2841172.17,4250889.50,458206.93,1409717.33,2561.92,2561.92,2635.25,0.00,3845466135.35,6410946712.51,0.00,0.00,0.00,0.00,211361699,400278856,359311871,115699521
3389.30,2843223.20,4253480.65,459631.46,1410257.45,2051.03,2591.15,1424.54,540.12,3845466135.35,6410946712.51,0.00,0.00,0.00,0.00,210201977,400568879,359311871,117094283
3391.30,2844672.06,4256907.41,459631.46,1412235.35,1448.86,3426.76,0.00,1977.90,3845466135.35,6410946712.51,0.00,0.00,0.00,0.00,210394803,400746961,359311871,117094283
3393.30,2845958.67,4259306.46,460987.93,1413347.79,1286.61,2399.05,1356.47,1112.44,3845466135.35,6410946712.51,0.00,0.00,0.00,0.00,210573441,400897695,360240747,117094283
3395.30,2848473.98,4261821.77,463656.07,1413347.79,2515.31,2515.31,2668.14,0.00,3845466135.35,6410946712.51,0.00,0.00,0.00,0.00,210931132,401183923,360240747,117094283
3402.20,2850442.61,4263790.41,465716.70,1413347.79,1968.64,1968.64,2060.63,0.00,3845466135.35,6410946712.51,0.00,0.00,0.00,0.00,209661902,401399652,360240747,118651755
3404.20,2850816.05,4266584.08,465716.70,1415768.04,373.43,2793.68,0.00,2420.24,3845466135.35,6410946712.51,0.00,0.00,0.00,0.00,209726069,401431084,360240747,118651755
3406.20,2850816.05,4269207.75,465716.70,1418391.71,0.00,2623.67,0.00,2623.67,3845466135.35,6410946712.51,0.00,0.00,0.00,0.00,209726069,401431084,360240747,118651755
3408.20,2850816.05,4272105.46,465716.70,1421289.41,0.00,2897.70,0.00,2897.70,3845466135.35,6410946712.51,0.00,0.00,0.00,0.00,209726069,401431084,360240747,118651755
3410.20,2851145.13,4275051.95,465716.70,1423906.82,329.09,2946.49,0.00,2617.41,3845466135.35,6410946712.51,0.00,0.00,0.00,0.00,209752056,401489343,362865866,118651755
3412.20,2853640.74,4279426.18,465716.70,1425785.44,2495.61,4374.23,0.00,1878.62,3845466135.35,6410946712.51,0.00,0.00,0.00,0.00,210074019,401806255,362865866,118651755
3414.20,2856108.94,4282961.32,466919.95,1426852.38,2468.20,3535.15,1203.25,1066.95,3845466135.35,6410946712.51,0.00,0.00,0.00,0.00,210437602,402074532,363697914,118651755
3416.20,2858634.63,4285487.01,469567.72,1426852.38,2525.69,2525.69,2647.77,0.00,3845466135.35,6410946712.51,0.00,0.00,0.00,0.00,210796544,402362166,363697914,118651755
3418.20,2860832.31,4288049.66,471239.67,1427217.35,2197.68,2562.65,1671.95,364.97,3845466135.35,6410946712.51,0.00,0.00,0.00,0.00,209702093,402605342,363697914,120065636
3420.20,2863104.03,4292363.10,471239.67,1429259.07,2271.72,4313.44,0.00,2041.71,3845466135.35,6410946712.51,0.00,0.00,0.00,0.00,210025569,402863427,363697914,120065636
3422.20,2863104.03,4294695.99,471239.67,1431591.96,0.00,2332.89,0.00,2332.89,3845466135.35,6410946712.51,0.00,0.00,0.00,0.00,210025569,402863427,363697914,120065636
3424.20,2863104.03,4297308.01,471239.67,1434203.98,0.00,2612.02,0.00,2612.02,3845466135.35,6410946712.51,0.00,0.00,0.00,0.00,210025569,402863427,363697914,120065636
3426.20,2863104.03,4299484.44,471239.67,1436380.41,0.00,2176.43,0.00,2176.43,3845466135.35,6410946712.51,0.00,0.00,0.00,0.00,210025569,402863427,363697914,120065636
3428.20,2863104.03,4301804.72,471239.67,1438700.69,0.00,2320.28,0.00,2320.28,3845466135.35,6410946712.51,0.00,0.00,0.00,0.00,210025569,402863427,363697914,120065636
3430.20,2863104.03,4303955.42,471239.67,1440851.39,0.00,2150.70,0.00,2150.70,3845466135.35,6410946712.51,0.00,0.00,0.00,0.00,210025569,402863427,363697914,120065636
3432.20,2863104.03,4306236.75,471239.67,1443132.71,0.00,2281.33,0.00,2281.33,3845466135.35,6410946712.51,0.00,0.00,0.00,0.00,210025569,402863427,363697914,120065636
3434.20,2863104.03,4309081.27,471239.67,1445977.23,0.00,2844.52,0.00,2844.52,3845466135.35,6410946712.51,0.00,0.00,0.00,0.00,210025569,402863427,363697914,120065636
3436.20,2863834.50,4312345.74,471239.67,1448511.24,730.47,3264.47,0.00,2534.00,3845466135.35,6410946712.51,0.00,0.00,0.00,0.00,210140092,402935904,369051978,120065636
3438.20,2866314.46,4317140.19,471239.67,1450825.73,2479.96,4794.45,0.00,2314.50,3845466135.35,6410946712.51,0.00,0.00,0.00,0.00,210498549,403212316,369051978,120065636
3440.20,2868765.92,4321364.54,471683.38,1452598.61,2451.46,4224.34,443.71,1772.88,3845466135.35,6410946712.51,0.00,0.00,0.00,0.00,210848912,403489528,370277443,120065636
3442.20,2871242.76,4323841.37,474345.65,1452598.61,2476.84,2476.84,2662.27,0.00,3845466135.35,6410946712.51,0.00,0.00,0.00,0.00,211207844,403764666,370277443,120065636
3444.20,2873761.68,4326360.30,477011.22,1452598.61,2518.93,2518.93,2665.57,0.00,3845466135.35,6410946712.51,0.00,0.00,0.00,0.00,211562919,404054436,370277443,120065636
3446.20,2875392.05,4329698.55,477332.59,1454306.50,1630.36,3338.25,321.37,1707.89,3845466135.35,6410946712.51,0.00,0.00,0.00,0.00,210227623,404247317,370277443,121625424
3448.20,2875392.05,4332591.62,477332.59,1457199.58,0.00,2893.08,0.00,2893.08,3845466135.35,6410946712.51,0.00,0.00,0.00,0.00,210227623,404247317,370277443,121625424
3450.20,2877562.04,4335076.78,479619.25,1457514.73,2170.00,2485.15,2286.66,315.16,3845466135.35,6410946712.51,0.00,0.00,0.00,0.00,210522383,404508076,371530234,121625424
3452.20,2880058.29,4337573.02,482262.36,1457514.73,2496.25,2496.25,2643.11,0.00,3845466135.35,6410946712.51,0.00,0.00,0.00,0.00,210784896,404884602,371530234,121625424
3454.20,2882375.37,4341216.77,482715.35,1458841.40,2317.08,3643.75,452.99,1326.66,3845466135.35,6410946712.51,0.00,0.00,0.00,0.00,209694548,405190138,371530234,123003409
3456.20,2884960.32,4345663.32,482715.35,1460703.00,2584.95,4446.55,0.00,1861.60,3845466135.35,6410946712.51,0.00,0.00,0.00,0.00,210043586,405502847,371530234,123003409
3458.20,2887386.01,4348755.28,484323.60,1461369.27,2425.69,3091.96,1608.25,666.27,3845466135.35,6410946712.51,0.00,0.00,0.00,0.00,210366506,405800904,372516994,123003409
3460.20,2889867.90,4351237.17,486968.00,1461369.27,2481.89,2481.89,2644.41,0.00,3845466135.35,6410946712.51,0.00,0.00,0.00,0.00,210690426,406112348,372516994,123003409
3462.20,2892145.63,4354170.37,488226.27,1462024.73,2277.73,2933.20,1258.27,655.47,3845466135.35,6410946712.51,0.00,0.00,0.00,0.00,209588189,406386888,372516994,124414205
3464.20,2893824.00,4357995.00,488226.27,1464171.00,1678.37,3824.63,0.00,2146.26,3845466135.35,6410946712.51,0.00,0.00,0.00,0.00,209858203,406546537,372516994,124414205
3466.20,2893824.00,4360345.32,488226.27,1466521.32,0.00,2350.32,0.00,2350.32,3845466135.35,6410946712.51,0.00,0.00,0.00,0.00,209858203,406546537,372516994,124414205
3468.20,2893824.00,4362552.88,488226.27,1468728.87,0.00,2207.55,0.00,2207.55,3845466135.35,6410946712.51,0.00,0.00,0.00,0.00,209858203,406546537,372516994,124414205
3470.20,2893824.00,4365010.34,488226.27,1471186.34,0.00,2457.47,0.00,2457.47,3845466135.35,6410946712.51,0.00,0.00,0.00,0.00,209858203,406546537,372516994,124414205
3472.20,2893824.00,4367793.35,488226.27,1473969.34,0.00,2783.00,0.00,2783.00,3845466135.35,6410946712.51,0.00,0.00,0.00,0.00,209858203,406546537,372516994,124414205
3474.20,2895833.09,4371640.34,488226.27,1475807.25,2009.09,3846.99,0.00,1837.90,3845466135.35,6410946712.51,0.00,0.00,0.00,0.00,210155057,406764010,375821434,124414205
3476.20,2898278.32,4376019.13,488226.27,1477740.80,2445.23,4378.79,0.00,1933.56,3845466135.35,6410946712.51,0.00,0.00,0.00,0.00,210471771,407073275,375821434,124414205
3478.20,2900737.93,4378909.49,490282.36,1478171.56,2459.60,2890.36,2056.09,430.76,3845466135.35,6410946712.51,0.00,0.00,0.00,0.00,210863495,407311209,376806086,124414205
3480.20,2903244.09,4381415.65,492952.34,1478171.56,2506.16,2506.16,2669.98,0.00,3845466135.35,6410946712.51,0.00,0.00,0.00,0.00,211249230,407567052,376806086,124414205
3482.20,2905425.14,4384240.12,494370.25,1478814.99,2181.05,2824.47,1417.91,643.43,3845466135.35,6410946712.51,0.00,0.00,0.00,0.00,209989281,407812546,376806086,125987008
3484.20,2906112.03,4387147.88,494370.25,1481035.85,686.89,2907.75,0.00,2220.86,3845466135.35,6410946712.51,0.00,0.00,0.00,0.00,210094342,407883330,376806086,125987008
3486.20,2906112.03,4389639.74,494370.25,1483527.71,0.00,2491.86,0.00,2491.86,3845466135.35,6410946712.51,0.00,0.00,0.00,0.00,210094342,407883330,376806086,125987008
3488.20,2906112.03,4392537.20,494370.25,1486425.17,0.00,2897.46,0.00,2897.46,3845466135.35,6410946712.51,0.00,0.00,0.00,0.00,210094342,407883330,376806086,125987008
3490.20,2906112.03,4394657.64,494370.25,1488545.61,0.00,2120.45,0.00,2120.45,3845466135.35,6410946712.51,0.00,0.00,0.00,0.00,210094342,407883330,376806086,125987008
3492.20,2906377.57,4397020.22,494370.25,1490642.65,265.54,2362.58,0.00,2097.04,3845466135.35,6410946712.51,0.00,0.00,0.00,0.00,210138023,407907627,379947456,125987008
3494.20,2908867.06,4401318.16,494370.25,1492451.10,2489.49,4297.93,0.00,1808.45,3845466135.35,6410946712.51,0.00,0.00,0.00,0.00,210523560,408159399,379947456,125987008
3496.20,2911299.96,4405223.98,494783.83,1493924.02,2432.90,3905.82,413.58,1472.93,3845466135.35,6410946712.51,0.00,0.00,0.00,0.00,210898481,408407300,380838672,125987008
3498.20,2913826.95,4407750.98,497426.01,1493924.02,2527.00,2527.00,2642.18,0.00,3845466135.35,6410946712.51,0.00,0.00,0.00,0.00,211256470,408696222,380838672,125987008
3500.20,2916029.35,4409953.38,499895.70,1493924.02,2202.40,2202.40,2469.69,0.00,3845466135.35,6410946712.51,0.00,0.00,0.00,0.00,210183097,408949790,380838672,127370627
3502.20,2918555.85,4412479.87,502530.62,1493924.02,2526.50,2526.50,2634.92,0.00,3845466135.35,6410946712.51,0.00,0.00,0.00,0.00,210550647,409229023,380838672,127370627
3504.20,2921066.42,4414990.45,505146.93,1493924.02,2510.57,2510.57,2616.30,0.00,3845466135.35,6410946712.51,0.00,0.00,0.00,0.00,210914487,409507890,380838672,127370627
3506.20,2923346.97,4418965.93,505194.54,1495618.96,2280.55,3975.49,47.62,1694.94,3845466135.35,6410946712.51,0.00,0.00,0.00,0.00,209845913,409772967,380838672,128757944
3508.20,2924544.06,4422461.34,505194.54,1497917.28,1197.09,3495.41,0.00,2298.32,3845466135.35,6410946712.51,0.00,0.00,0.00,0.00,210017973,409907363,380838672,128757944
3510.20,2924544.06,4424823.06,505194.54,1500279.00,0.00,2361.71,0.00,2361.71,3845466135.35,6410946712.51,0.00,0.00,0.00,0.00,210017973,409907363,380838672,128757944
3512.21,2924545.06,4427185.94,505194.54,1502640.88,1.00,2362.88,0.00,2361.88,3845466135.35,6410946712.51,0.00,0.00,0.00,0.00,210018210,409907382,383042926,128757944
3514.21,2927034.60,4431460.57,505194.54,1504425.97,2489.54,4274.63,0.00,1785.10,3845466135.35,6410946712.51,0.00,0.00,0.00,0.00,210370324,410192589,383042926,128757944
3516.21,2929510.17,4435679.93,505303.89,1506169.76,2475.57,4219.36,109.35,1743.79,3845466135.35,6410946712.51,0.00,0.00,0.00,0.00,210734000,410462660,383945749,128757944
3518.21,2932004.54,4438174.30,507944.24,1506169.76,2494.37,2494.37,2640.35,0.00,3845466135.35,6410946712.51,0.00,0.00,0.00,0.00,211097051,410738167,383945749,128757944
3520.34,2934349.05,4440518.81,510580.39,1506169.76,2344.51,2344.51,2636.14,0.00,3845466135.35,6410946712.51,0.00,0.00,0.00,0.00,210056075,411000562,383945749,130136720
3522.34,2936803.14,4444645.97,510580.39,1507842.84,2454.09,4127.16,0.00,1673.08,3845466135.35,6410946712.51,0.00,0.00,0.00,0.00,210425401,411259482,383945749,130136720
3524.34,2937321.29,4446931.80,511095.32,1509610.51,518.15,2285.82,514.93,1767.68,3845466135.35,6410946712.51,0.00,0.00,0.00,0.00,210476040,411341489,384826372,130136720
3526.34,2939829.13,4449439.64,513746.11,1509610.51,2507.84,2507.84,2650.79,0.00,3845466135.35,6410946712.51,0.00,0.00,0.00,0.00,210813138,411646399,384826372,130136720
3528.34,2942097.48,4451742.48,516051.25,1509645.00,2268.36,2302.84,2305.14,34.49,3845466135.35,6410946712.51,0.00,0.00,0.00,0.00,209679902,411959792,384826372,131537262
3530.34,2942976.04,4454946.61,516051.25,1511970.57,878.55,3204.13,0.00,2325.57,3845466135.35,6410946712.51,0.00,0.00,0.00,0.00,209785001,412079603,384826372,131537262
3532.34,2943526.20,4457829.64,516051.25,1514303.44,550.16,2883.03,0.00,2332.86,3845466135.35,6410946712.51,0.00,0.00,0.00,0.00,209852577,412152869,385902781,131537262
3534.34,2946027.63,4462675.48,516051.25,1516647.85,2501.43,4845.84,0.00,2344.41,3845466135.35,6410946712.51,0.00,0.00,0.00,0.00,210155234,412490578,385902781,131537262
3536.34,2948512.80,4466659.80,516275.95,1518147.00,2485.16,3984.31,224.70,1499.15,3845466135.35,6410946712.51,0.00,0.00,0.00,0.00,210449046,412832968,387011373,131537262
3538.34,2950995.61,4469142.61,518933.38,1518147.00,2482.81,2482.81,2657.42,0.00,3845466135.35,6410946712.51,0.00,0.00,0.00,0.00,210751451,413166163,387011373,131537262
3540.34,2953518.63,4471665.63,521592.26,1518147.00,2523.02,2523.02,2658.89,0.00,3845466135.35,6410946712.51,0.00,0.00,0.00,0.00,211080138,413483370,387011373,131537262
3542.34,2955264.01,4475378.87,521654.93,1520114.86,1745.38,3713.24,62.67,1967.86,3845466135.35,6410946712.51,0.00,0.00,0.00,0.00,209854239,413721545,387011373,132971803
3544.34,2955264.01,4478269.70,521654.93,1523005.69,0.00,2890.83,0.00,2890.83,3845466135.35,6410946712.51,0.00,0.00,0.00,0.00,209854239,413721545,387011373,132971803
3546.34,2955264.01,4480402.21,521654.93,1525138.20,0.00,2132.51,0.00,2132.51,3845466135.35,6410946712.51,0.00,0.00,0.00,0.00,209854239,413721545,387011373,132971803
3548.34,2956122.09,4483334.92,521654.93,1527212.82,858.08,2932.71,0.00,2074.62,3845466135.35,6410946712.51,0.00,0.00,0.00,0.00,209947816,413847637,389181033,132971803
3550.34,2958648.61,4487733.62,521654.93,1529085.02,2526.51,4398.70,0.00,1872.19,3845466135.35,6410946712.51,0.00,0.00,0.00,0.00,210238973,414203267,389181033,132971803
3552.34,2961199.23,4491469.10,522448.61,1530269.87,2550.62,3735.48,793.68,1184.86,3845466135.35,6410946712.51,0.00,0.00,0.00,0.00,210479602,414615598,390114563,132971803
3554.34,2963757.12,4494026.99,525101.04,1530269.87,2557.89,2557.89,2652.43,0.00,3845466135.35,6410946712.51,0.00,0.00,0.00,0.00,210777758,414972262,390114563,132971803
3556.34,2966058.30,4496462.68,527272.31,1530404.38,2301.18,2435.69,2171.27,134.50,3845466135.35,6410946712.51,0.00,0.00,0.00,0.00,209600258,415300816,390114563,134409852
3558.34,2967552.04,4500070.26,527272.31,1532518.22,1493.74,3607.58,0.00,2113.84,3845466135.35,6410946712.51,0.00,0.00,0.00,0.00,209761961,415521510,390114563,134409852
3560.34,2968086.14,4502967.73,527272.31,1534881.59,534.09,2897.47,0.00,2363.38,3845466135.35,6410946712.51,0.00,0.00,0.00,0.00,209828690,415591509,391197537,134409852
3562.34,2970594.54,4507202.00,527272.31,1536607.46,2508.40,4234.27,0.00,1725.87,3845466135.35,6410946712.51,0.00,0.00,0.00,0.00,210272654,415789695,391197537,134409852
3564.34,2973148.27,4510905.57,528114.89,1537757.31,2553.73,3703.57,842.59,1149.84,3845466135.35,6410946712.51,0.00,0.00,0.00,0.00,210535713,416180391,392031343,134409852
3566.34,2975675.04,4513432.35,530774.67,1537757.31,2526.78,2526.78,2659.78,0.00,3845466135.35,6410946712.51,0.00,0.00,0.00,0.00,210854341,416508618,392031343,134409852
3568.34,2977764.48,4515663.89,532947.23,1537899.40,2089.44,2231.54,2172.55,142.09,3845466135.35,6410946712.51,0.00,0.00,0.00,0.00,209659890,416785187,392031343,135862631
3570.34,2979840.06,4519628.97,532947.23,1539788.91,2075.58,3965.08,0.00,1889.50,3845466135.35,6410946712.51,0.00,0.00,0.00,0.00,209913950,417062475,392031343,135862631
3572.34,2980504.97,4522693.24,532947.23,1542188.27,664.91,3064.27,0.00,2399.36,3845466135.35,6410946712.51,0.00,0.00,0.00,0.00,209988935,417157707,393056628,135862631
3574.34,2983002.06,4527228.81,532947.23,1544226.75,2497.09,4535.57,0.00,2038.48,3845466135.35,6410946712.51,0.00,0.00,0.00,0.00,210292606,417493290,393056628,135862631
3576.34,2985610.30,4531493.70,533163.96,1545883.41,2608.24,4264.89,216.73,1656.66,3845466135.35,6410946712.51,0.00,0.00,0.00,0.00,210637801,417815804,394108241,135862631
3578.34,2988153.89,4534037.30,535821.32,1545883.41,2543.59,2543.59,2657.37,0.00,3845466135.35,6410946712.51,0.00,0.00,0.00,0.00,210944050,418160715,394108241,135862631
3580.34,2990690.25,4536573.65,538481.27,1545883.41,2536.36,2536.36,2659.95,0.00,3845466135.35,6410946712.51,0.00,0.00,0.00,0.00,211245629,418508443,394108241,135862631
3582.34,2992128.05,4539866.39,538637.11,1547738.34,1437.80,3292.74,155.84,1854.93,3845466135.35,6410946712.51,0.00,0.00,0.00,0.00,209937233,418728306,394108241,137319242
3584.34,2992128.05,4542074.79,538637.11,1549946.73,0.00,2208.39,0.00,2208.39,3845466135.35,6410946712.51,0.00,0.00,0.00,0.00,209937233,418728306,394108241,137319242
3586.34,2992128.05,4544394.05,538637.11,1552266.00,0.00,2319.27,0.00,2319.27,3845466135.35,6410946712.51,0.00,0.00,0.00,0.00,209937233,418728306,394108241,137319242
3588.34,2992128.05,4546474.48,538637.11,1554346.43,0.00,2080.43,0.00,2080.43,3845466135.35,6410946712.51,0.00,0.00,0.00,0.00,209937233,418728306,394108241,137319242
3590.34,2992128.05,4548794.14,538637.11,1556666.09,0.00,2319.66,0.00,2319.66,3845466135.35,6410946712.51,0.00,0.00,0.00,0.00,209937233,418728306,394108241,137319242
3592.34,2992128.05,4551408.99,538637.11,1559280.94,0.00,2614.85,0.00,2614.85,3845466135.35,6410946712.51,0.00,0.00,0.00,0.00,209937233,418728306,394108241,137319242
3594.34,2992128.05,4554085.07,538637.11,1561957.02,0.00,2676.08,0.00,2676.08,3845466135.35,6410946712.51,0.00,0.00,0.00,0.00,209937233,418728306,394108241,137319242
3596.34,2994365.21,4558163.40,538637.11,1563798.20,2237.16,4078.33,0.00,1841.17,3845466135.35,6410946712.51,0.00,0.00,0.00,0.00,210187235,419051016,398239931,137319242
3598.34,2996840.17,4562690.45,538637.11,1565850.28,2474.96,4527.05,0.00,2052.09,3845466135.35,6410946712.51,0.00,0.00,0.00,0.00,210499218,419372624,398239931,137319242
3600.34,2999317.47,4565809.00,540509.11,1566491.53,2477.30,3118.55,1872.00,641.25,3845466135.35,6410946712.51,0.00,0.00,0.00,0.00,210834983,419671048,399339669,137319242
3602.34,3001836.91,4568328.44,543166.86,1566491.53,2519.43,2519.43,2657.75,0.00,3845466135.35,6410946712.51,0.00,0.00,0.00,0.00,211158058,419992948,399339669,137319242
3604.34,3004076.72,4571413.30,544299.28,1567336.58,2239.81,3084.86,1132.42,845.05,3845466135.35,6410946712.51,0.00,0.00,0.00,0.00,209987720,420287164,399339669,138768756
3606.34,3006583.63,4575744.49,544299.28,1569160.86,2506.91,4331.19,0.00,1824.28,3845466135.35,6410946712.51,0.00,0.00,0.00,0.00,210307164,420609489,399339669,138768756
3608.34,3009047.34,4578882.51,545972.69,1569835.17,2463.71,3138.02,1673.41,674.31,3845466135.35,6410946712.51,0.00,0.00,0.00,0.00,210612994,420934369,400195624,138768756
3610.34,3011431.36,4581266.53,548635.80,1569835.17,2384.02,2384.02,2663.11,0.00,3845466135.35,6410946712.51,0.00,0.00,0.00,0.00,210928723,421228949,400195624,138768756
3612.34,3013697.45,4584321.94,549861.16,1570624.49,2266.09,3055.41,1225.36,789.32,3845466135.35,6410946712.51,0.00,0.00,0.00,0.00,209802710,421511241,400195624,140192596
3614.34,3016253.53,4588830.91,549861.16,1572577.38,2556.08,4508.97,0.00,1952.89,3845466135.35,6410946712.51,0.00,0.00,0.00,0.00,210129899,421838409,400195624,140192596
3616.34,3017339.03,4591683.09,550529.02,1574344.06,1085.50,2852.18,667.87,1766.68,3845466135.35,6410946712.51,0.00,0.00,0.00,0.00,210275451,421970745,401301143,140192596
3618.34,3019719.79,4595142.56,551713.77,1575422.78,2380.75,3459.47,1184.74,1078.71,3845466135.35,6410946712.51,0.00,0.00,0.00,0.00,210084899,422296502,401301143,140666864
3620.34,3022334.75,4599812.89,551713.77,1577478.14,2614.97,4670.33,0.00,2055.36,3845466135.35,6410946712.51,0.00,0.00,0.00,0.00,210383456,422667377,401301143,140666864
3622.34,3024823.49,4603954.86,552278.82,1579131.37,2488.73,4141.96,565.05,1653.23,3845466135.35,6410946712.51,0.00,0.00,0.00,0.00,210671786,423016163,402513649,140666864
3624.34,3027357.48,4606488.85,554937.60,1579131.37,2533.99,2533.99,2658.79,0.00,3845466135.35,6410946712.51,0.00,0.00,0.00,0.00,210959438,423377213,402513649,140666864
3626.43,3029679.39,4608810.76,557394.14,1579131.37,2321.91,2321.91,2456.54,0.00,3845466135.35,6410946712.51,0.00,0.00,0.00,0.00,209785146,423691744,402513649,142121034
3628.43,3032154.02,4613236.18,557394.14,1581082.16,2474.63,4425.42,0.00,1950.79,3845466135.35,6410946712.51,0.00,0.00,0.00,0.00,210066838,424043557,402513649,142121034
3630.43,3034631.38,4617752.96,557394.14,1583121.59,2477.36,4516.79,0.00,2039.43,3845466135.35,6410946712.51,0.00,0.00,0.00,0.00,210309447,424435151,402513649,142121034
3632.43,3036811.48,4620596.23,559184.86,1583784.75,2180.11,2843.26,1790.72,663.16,3845466135.35,6410946712.51,0.00,0.00,0.00,0.00,210507319,424795386,403612545,142121034
3634.43,3039311.98,4623096.72,561836.24,1583784.75,2500.50,2500.50,2651.38,0.00,3845466135.35,6410946712.51,0.00,0.00,0.00,0.00,210836889,425105943,403612545,142121034
3636.43,3041280.03,4625876.28,562910.76,1584596.25,1968.05,2779.55,1074.52,811.50,3845466135.35,6410946712.51,0.00,0.00,0.00,0.00,209832536,425201863,403612545,143533288
3638.45,3041280.03,4628013.10,562910.76,1586733.07,0.00,2136.82,0.00,2136.82,3845466135.35,6410946712.51,0.00,0.00,0.00,0.00,209832536,425201863,403612545,143533288
3640.45,3043690.48,4631842.33,562910.76,1588151.86,2410.45,3829.23,0.00,1418.78,3845466135.35,6410946712.51,0.00,0.00,0.00,0.00,210172450,425479024,404367262,143533288
3642.45,3046206.57,4635819.11,563457.79,1589612.54,2516.09,3976.78,547.03,1460.69,3845466135.35,6410946712.51,0.00,0.00,0.00,0.00,210460124,425835469,405103006,143533288
3644.45,3048729.75,4638342.29,566107.92,1589612.54,2523.18,2523.18,2650.14,0.00,3845466135.35,6410946712.51,0.00,0.00,0.00,0.00,210781567,426159961,405103006,143533288
3646.45,3050970.14,4640585.36,568471.39,1589615.22,2240.39,2243.07,2363.47,2.68,3845466135.35,6410946712.51,0.00,0.00,0.00,0.00,209518773,426572771,405103006,144956811
3648.45,3053566.23,4644837.53,568471.39,1591271.30,2596.09,4252.17,0.00,1656.08,3845466135.35,6410946712.51,0.00,0.00,0.00,0.00,209857278,426898865,405103006,144956811
3650.45,3054467.14,4647551.02,568471.39,1593083.88,900.91,2713.48,0.00,1812.57,3845466135.35,6410946712.51,0.00,0.00,0.00,0.00,209975266,427011511,405845886,144956811
3652.45,3057096.50,4651817.66,568471.39,1594721.16,2629.36,4266.64,0.00,1637.29,3845466135.35,6410946712.51,0.00,0.00,0.00,0.00,210322695,427337197,405845886,144956811
3654.45,3059588.62,4654987.90,569931.53,1595399.28,2492.12,3170.24,1460.13,678.12,3845466135.35,6410946712.51,0.00,0.00,0.00,0.00,210650238,427647637,406581702,144956811
3656.45,3062095.34,4657494.62,572588.14,1595399.28,2506.73,2506.73,2656.61,0.00,3845466135.35,6410946712.51,0.00,0.00,0.00,0.00,210963976,427975621,406581702,144956811
3658.45,3064388.53,4660313.18,574120.58,1595924.65,2293.18,2818.55,1532.45,525.37,3845466135.35,6410946712.51,0.00,0.00,0.00,0.00,209809283,428271177,406581702,146403003
3660.45,3065856.05,4663678.08,574120.58,1597822.04,1467.52,3364.90,0.00,1897.38,3845466135.35,6410946712.51,0.00,0.00,0.00,0.00,209982767,428473378,406581702,146403003
3662.45,3067390.16,4667105.63,574120.58,1599715.47,1534.12,3427.55,0.00,1893.43,3845466135.35,6410946712.51,0.00,0.00,0.00,0.00,210194473,428654406,407382786,146403003
3664.45,3069875.22,4671290.82,574120.58,1601415.61,2485.05,4185.19,0.00,1700.14,3845466135.35,6410946712.51,0.00,0.00,0.00,0.00,210531388,428953665,407382786,146403003
3666.45,3072351.89,4673849.78,576576.70,1601497.89,2476.67,2558.96,2456.12,82.29,3845466135.35,6410946712.51,0.00,0.00,0.00,0.00,210866167,429252914,408141218,146403003
3668.45,3074877.34,4676375.23,579221.55,1601497.89,2525.45,2525.45,2644.85,0.00,3845466135.35,6410946712.51,0.00,0.00,0.00,0.00,211208981,429556615,408141218,146403003
3670.45,3077167.05,4679991.96,579493.82,1602824.91,2289.71,3616.73,272.27,1327.02,3845466135.35,6410946712.51,0.00,0.00,0.00,0.00,210135210,429841003,408141218,147778551
3672.45,3078185.05,4682857.12,579531.07,1604672.07,1018.00,2865.16,37.25,1847.16,3845466135.35,6410946712.51,0.00,0.00,0.00,0.00,210289661,429947161,408952914,147778551
3674.45,3080701.13,4685373.20,582197.25,1604672.07,2516.08,2516.08,2666.18,0.00,3845466135.35,6410946712.51,0.00,0.00,0.00,0.00,210638771,430242168,408952914,147778551
3676.45,3083194.30,4687866.37,584861.28,1604672.07,2493.17,2493.17,2664.03,0.00,3845466135.35,6410946712.51,0.00,0.00,0.00,0.00,210996013,430523177,408952914,147778551
3678.45,3084288.03,4690528.50,585246.70,1606240.47,1093.73,2662.13,385.42,1568.40,3845466135.35,6410946712.51,0.00,0.00,0.00,0.00,209683233,430643216,408952914,149251287
3680.45,3084342.71,4692781.10,585246.70,1608438.38,54.68,2252.60,0.00,2197.91,3845466135.35,6410946712.51,0.00,0.00,0.00,0.00,209687099,430653349,409907167,149251287
3682.45,3086842.73,4697153.25,585246.70,1610310.53,2500.01,4372.16,0.00,1872.14,3845466135.35,6410946712.51,0.00,0.00,0.00,0.00,210059537,430920914,409907167,149251287
3684.45,3089438.36,4701443.16,585352.56,1612004.81,2595.63,4289.91,105.86,1694.28,3845466135.35,6410946712.51,0.00,0.00,0.00,0.00,210294876,431350056,410830091,149251287
3686.45,3091949.14,4703953.95,588021.39,1612004.81,2510.78,2510.78,2668.83,0.00,3845466135.35,6410946712.51,0.00,0.00,0.00,0.00,210644938,431642754,410830091,149251287
3688.45,3094295.30,4706300.11,590679.76,1612004.81,2346.17,2346.17,2658.38,0.00,3845466135.35,6410946712.51,0.00,0.00,0.00,0.00,210958285,431930026,410830091,149251287
3690.45,3096533.86,4709905.22,591122.93,1613371.36,2238.55,3605.11,443.17,1366.55,3845466135.35,6410946712.51,0.00,0.00,0.00,0.00,209734683,432222381,410830091,150755603
3692.45,3096576.03,4712831.88,591122.93,1616255.85,42.17,2926.66,0.00,2884.48,3845466135.35,6410946712.51,0.00,0.00,0.00,0.00,209743469,432224391,410830091,150755603
3694.45,3096576.03,4714983.32,591122.93,1618407.29,0.00,2151.45,0.00,2151.45,3845466135.35,6410946712.51,0.00,0.00,0.00,0.00,209743469,432224391,410830091,150755603
3696.45,3097380.28,4717807.04,591122.93,1620426.76,804.25,2823.72,0.00,2019.47,3845466135.35,6410946712.51,0.00,0.00,0.00,0.00,209849368,432324381,412841644,150755603
3698.45,3099879.68,4722102.40,591122.93,1622222.71,2499.40,4295.36,0.00,1795.95,3845466135.35,6410946712.51,0.00,0.00,0.00,0.00,210185269,432628327,412841644,150755603
3700.45,3102376.65,4725724.45,592070.43,1623347.79,2496.97,3622.05,947.50,1125.08,3845466135.35,6410946712.51,0.00,0.00,0.00,0.00,210512753,432940067,413733889,150755603
3702.45,3104888.54,4728236.34,594716.32,1623347.79,2511.89,2511.89,2645.89,0.00,3845466135.35,6410946712.51,0.00,0.00,0.00,0.00,210841757,433254107,413733889,150755603
3704.45,3106928.72,4730375.03,596915.88,1623446.30,2040.18,2138.69,2199.57,98.51,3845466135.35,6410946712.51,0.00,0.00,0.00,0.00,209625799,433509355,413733889,152238599
3706.45,3108864.06,4734553.25,596915.88,1625689.19,1935.34,4178.23,0.00,2242.89,3845466135.35,6410946712.51,0.00,0.00,0.00,0.00,209858424,433772177,413733889,152238599
3708.45,3108864.06,4737036.95,596915.88,1628172.89,0.00,2483.70,0.00,2483.70,3845466135.35,6410946712.51,0.00,0.00,0.00,0.00,209858424,433772177,413733889,152238599
3710.45,3108864.06,4739382.12,596915.88,1630518.06,0.00,2345.17,0.00,2345.17,3845466135.35,6410946712.51,0.00,0.00,0.00,0.00,209858424,433772177,413733889,152238599
3712.45,3108864.06,4741695.68,596915.88,1632831.62,0.00,2313.56,0.00,2313.56,3845466135.35,6410946712.51,0.00,0.00,0.00,0.00,209858424,433772177,413733889,152238599
3714.45,3108864.06,4744451.55,596915.88,1635587.48,0.00,2755.86,0.00,2755.86,3845466135.35,6410946712.51,0.00,0.00,0.00,0.00,209858424,433772177,413733889,152238599
3716.45,3108864.06,4746862.52,596915.88,1637998.46,0.00,2410.98,0.00,2410.98,3845466135.35,6410946712.51,0.00,0.00,0.00,0.00,209858424,433772177,413733889,152238599
3718.45,3108864.06,4749313.88,596915.88,1640449.81,0.00,2451.35,0.00,2451.35,3845466135.35,6410946712.51,0.00,0.00,0.00,0.00,209858424,433772177,413733889,152238599
3720.45,3111147.33,4753595.89,596915.88,1642448.56,2283.27,4282.02,0.00,1998.75,3845466135.35,6410946712.51,0.00,0.00,0.00,0.00,210158611,434056507,418115075,152238599
3722.45,3113622.68,4758256.46,596915.88,1644633.78,2475.35,4660.57,0.00,2185.22,3845466135.35,6410946712.51,0.00,0.00,0.00,0.00,210476611,434372197,418115075,152238599
3724.45,3116065.62,4761281.31,598797.86,1645215.69,2442.94,3024.85,1881.98,581.91,3845466135.35,6410946712.51,0.00,0.00,0.00,0.00,210828739,434645462,419331326,152238599
3726.45,3118597.11,4763812.79,601455.63,1645215.69,2531.48,2531.48,2657.77,0.00,3845466135.35,6410946712.51,0.00,0.00,0.00,0.00,211190227,434932033,419331326,152238599
3728.45,3120789.11,4766695.20,602620.12,1645906.08,2192.01,2882.40,1164.49,690.39,3845466135.35,6410946712.51,0.00,0.00,0.00,0.00,210009244,435213920,419331326,153698849
3730.45,3121152.06,4769221.65,602620.12,1648069.59,362.95,2526.46,0.00,2163.51,3845466135.35,6410946712.51,0.00,0.00,0.00,0.00,210053689,435262390,419331326,153698849
3732.45,3123053.51,4773063.58,602620.12,1650010.07,1901.45,3841.93,0.00,1940.48,3845466135.35,6410946712.51,0.00,0.00,0.00,0.00,210313214,435489635,420192142,153698849
3734.45,3125525.11,4777468.85,602620.12,1651943.75,2471.60,4405.27,0.00,1933.68,3845466135.35,6410946712.51,0.00,0.00,0.00,0.00,210657731,435777847,420192142,153698849
3736.45,3127991.77,4780443.16,604659.98,1652451.40,2466.66,2974.31,2039.86,507.65,3845466135.35,6410946712.51,0.00,0.00,0.00,0.00,210996260,436070783,421183441,153698849
3738.45,3130523.57,4782974.97,607311.94,1652451.40,2531.80,2531.80,2651.96,0.00,3845466135.35,6410946712.51,0.00,0.00,0.00,0.00,211382536,436332649,421183441,153698849
3740.45,3132561.49,4785867.00,608291.29,1653305.51,2037.92,2892.03,979.35,854.11,3845466135.35,6410946712.51,0.00,0.00,0.00,0.00,210233410,436551666,421183441,155150665
3742.45,3133440.06,4788771.63,608291.29,1655331.57,878.57,2904.63,0.00,2026.06,3845466135.35,6410946712.51,0.00,0.00,0.00,0.00,210358423,436651568,421183441,155150665
3744.45,3135480.59,4791210.78,610453.57,1655730.19,2040.52,2439.14,2162.29,398.62,3845466135.35,6410946712.51,0.00,0.00,0.00,0.00,210669062,436863303,422022196,155150665
3746.45,3137998.00,4793728.20,613118.20,1655730.19,2517.42,2517.42,2664.62,0.00,3845466135.35,6410946712.51,0.00,0.00,0.00,0.00,210987194,437189630,422022196,155150665
3748.45,3139584.05,4796371.23,614096.62,1656787.18,1586.05,2643.04,978.42,1056.99,3845466135.35,6410946712.51,0.00,0.00,0.00,0.00,209712436,437384252,422022196,156636829
3750.45,3139584.05,4799145.43,614096.62,1659561.38,0.00,2774.20,0.00,2774.20,3845466135.35,6410946712.51,0.00,0.00,0.00,0.00,209712436,437384252,422022196,156636829
3752.45,3139584.05,4801643.49,614096.62,1662059.44,0.00,2498.06,0.00,2498.06,3845466135.35,6410946712.51,0.00,0.00,0.00,0.00,209712436,437384252,422022196,156636829
3754.45,3139584.05,4804420.51,614096.62,1664836.46,0.00,2777.02,0.00,2777.02,3845466135.35,6410946712.51,0.00,0.00,0.00,0.00,209712436,437384252,422022196,156636829
3756.45,3141452.22,4808333.88,614096.62,1666881.66,1868.17,3913.37,0.00,2045.20,3845466135.35,6410946712.51,0.00,0.00,0.00,0.00,209959980,437614960,424516119,156636829
3758.45,3143923.57,4812886.71,614096.62,1668963.14,2471.35,4552.83,0.00,2081.48,3845466135.35,6410946712.51,0.00,0.00,0.00,0.00,210261039,437946566,424516119,156636829
3760.45,3146432.61,4816135.00,615799.31,1669702.38,2509.04,3248.29,1702.69,739.24,3845466135.35,6410946712.51,0.00,0.00,0.00,0.00,210574038,438275882,425598429,156636829
3762.45,3148944.95,4818647.33,618466.21,1669702.38,2512.34,2512.34,2666.90,0.00,3845466135.35,6410946712.51,0.00,0.00,0.00,0.00,210882049,438611029,425598429,156636829
3764.45,3151191.75,4821463.31,620010.57,1670271.56,2246.80,2815.98,1544.36,569.18,3845466135.35,6410946712.51,0.00,0.00,0.00,0.00,209661421,438892869,425598429,158150799
3766.45,3153809.31,4826037.90,620010.57,1672228.59,2617.55,4574.59,0.00,1957.04,3845466135.35,6410946712.51,0.00,0.00,0.00,0.00,209993102,439231282,425598429,158150799
3768.45,3156097.33,4830239.17,620010.57,1674141.84,2288.02,4201.27,0.00,1913.25,3845466135.35,6410946712.51,0.00,0.00,0.00,0.00,210283447,439526670,426487687,158150799
3770.45,3158016.04,4834521.90,620010.57,1676505.86,1918.71,4282.73,0.00,2364.02,3845466135.35,6410946712.51,0.00,0.00,0.00,0.00,210485142,439816165,426487687,158150799
3772.45,3158822.71,4837153.64,620845.52,1678330.93,806.68,2631.75,834.95,1825.07,3845466135.35,6410946712.51,0.00,0.00,0.00,0.00,210587654,439920162,427807334,158150799
3774.45,3161317.70,4839648.63,623504.72,1678330.93,2494.98,2494.98,2659.20,0.00,3845466135.35,6410946712.51,0.00,0.00,0.00,0.00,210905163,440241369,427807334,158150799
3776.45,3163494.78,4841864.24,625728.65,1678369.46,2177.08,2215.61,2223.93,38.53,3845466135.35,6410946712.51,0.00,0.00,0.00,0.00,209692255,440547782,427807334,159614627
3778.45,3164160.06,4845081.55,625728.65,1680921.48,665.28,3217.30,0.00,2552.02,3845466135.35,6410946712.51,0.00,0.00,0.00,0.00,209757271,440653078,427807334,159614627
3780.45,3164447.65,4847728.36,625728.65,1683280.71,287.59,2646.82,0.00,2359.23,3845466135.35,6410946712.51,0.00,0.00,0.00,0.00,209783769,440700203,429001863,159614627
3782.45,3166898.29,4852460.52,625728.65,1685562.22,2450.64,4732.15,0.00,2281.51,3845466135.35,6410946712.51,0.00,0.00,0.00,0.00,210055425,441055911,429001863,159614627
3784.45,3169346.52,4857183.61,625728.65,1687837.09,2448.22,4723.09,0.00,2274.87,3845466135.35,6410946712.51,0.00,0.00,0.00,0.00,210341248,441396833,429001863,159614627
3786.45,3171782.27,4859928.97,627921.39,1688146.70,2435.75,2745.37,2192.74,309.61,3845466135.35,6410946712.51,0.00,0.00,0.00,0.00,210618318,441743316,430320126,159614627
3788.45,3174321.05,4862467.75,630587.16,1688146.70,2538.78,2538.78,2665.77,0.00,3845466135.35,6410946712.51,0.00,0.00,0.00,0.00,210912111,442099451,430320126,159614627
3790.45,3176444.87,4865619.10,631572.32,1689174.23,2123.82,3151.34,985.15,1027.53,3845466135.35,6410946712.51,0.00,0.00,0.00,0.00,209676255,442383026,430320126,161110605
3792.45,3176448.00,4868440.43,631572.32,1691992.43,3.14,2821.34,0.00,2818.20,3845466135.35,6410946712.51,0.00,0.00,0.00,0.00,209676818,442383266,430320126,161110605
3794.45,3176448.00,4870770.47,631572.32,1694322.47,0.00,2330.04,0.00,2330.04,3845466135.35,6410946712.51,0.00,0.00,0.00,0.00,209676818,442383266,430320126,161110605
3796.45,3176448.00,4873330.59,631572.32,1696882.58,0.00,2560.11,0.00,2560.11,3845466135.35,6410946712.51,0.00,0.00,0.00,0.00,209676818,442383266,430320126,161110605
3798.45,3176448.00,4875952.17,631572.32,1699504.16,0.00,2621.58,0.00,2621.58,3845466135.35,6410946712.51,0.00,0.00,0.00,0.00,209676818,442383266,430320126,161110605
3800.45,3176448.00,4878779.43,631572.32,1702331.43,0.00,2827.27,0.00,2827.27,3845466135.35,6410946712.51,0.00,0.00,0.00,0.00,209676818,442383266,430320126,161110605
3802.45,3176448.00,4881349.03,631572.32,1704901.02,0.00,2569.59,0.00,2569.59,3845466135.35,6410946712.51,0.00,0.00,0.00,0.00,209676818,442383266,430320126,161110605
3804.45,3176448.00,4884152.90,631572.32,1707704.89,0.00,2803.87,0.00,2803.87,3845466135.35,6410946712.51,0.00,0.00,0.00,0.00,209676818,442383266,430320126,161110605
3806.45,3176448.00,4886775.17,631572.32,1710327.17,0.00,2622.27,0.00,2622.27,3845466135.35,6410946712.51,0.00,0.00,0.00,0.00,209676818,442383266,430320126,161110605
3808.45,3176448.00,4889570.88,631572.32,1713122.88,0.00,2795.71,0.00,2795.71,3845466135.35,6410946712.51,0.00,0.00,0.00,0.00,209676818,442383266,430320126,161110605
3810.45,3176448.00,4891935.42,631572.32,1715487.42,0.00,2364.54,0.00,2364.54,3845466135.35,6410946712.51,0.00,0.00,0.00,0.00,209676818,442383266,430320126,161110605
3812.45,3176448.00,4894409.70,631572.32,1717961.70,0.00,2474.28,0.00,2474.28,3845466135.35,6410946712.51,0.00,0.00,0.00,0.00,209676818,442383266,430320126,161110605
3814.45,3176448.00,4897246.40,631572.32,1720798.39,0.00,2836.70,0.00,2836.70,3845466135.35,6410946712.51,0.00,0.00,0.00,0.00,209676818,442383266,430320126,161110605
3816.45,3176448.00,4899849.27,631572.32,1723401.26,0.00,2602.87,0.00,2602.87,3845466135.35,6410946712.51,0.00,0.00,0.00,0.00,209676818,442383266,430320126,161110605
3818.45,3176448.00,4902647.57,631572.32,1726199.57,0.00,2798.31,0.00,2798.31,3845466135.35,6410946712.51,0.00,0.00,0.00,0.00,209676818,442383266,430320126,161110605
3820.45,3176448.00,4905200.59,631572.32,1728752.58,0.00,2553.01,0.00,2553.01,3845466135.35,6410946712.51,0.00,0.00,0.00,0.00,209676818,442383266,430320126,161110605
3822.45,3176448.00,4907874.54,631572.32,1731426.54,0.00,2673.96,0.00,2673.96,3845466135.35,6410946712.51,0.00,0.00,0.00,0.00,209676818,442383266,430320126,161110605
3824.45,3176448.00,4910344.74,631572.32,1733896.74,0.00,2470.20,0.00,2470.20,3845466135.35,6410946712.51,0.00,0.00,0.00,0.00,209676818,442383266,430320126,161110605
3826.45,3176448.00,4913180.03,631572.32,1736732.03,0.00,2835.29,0.00,2835.29,3845466135.35,6410946712.51,0.00,0.00,0.00,0.00,209676818,442383266,430320126,161110605
3828.45,3176448.00,4915728.97,631572.32,1739280.97,0.00,2548.94,0.00,2548.94,3845466135.35,6410946712.51,0.00,0.00,0.00,0.00,209676818,442383266,430320126,161110605
3830.45,3176448.00,4918586.72,631572.32,1742138.72,0.00,2857.75,0.00,2857.75,3845466135.35,6410946712.51,0.00,0.00,0.00,0.00,209676818,442383266,430320126,161110605
3832.45,3176448.00,4921240.54,631572.32,1744792.54,0.00,2653.82,0.00,2653.82,3845466135.35,6410946712.51,0.00,0.00,0.00,0.00,209676818,442383266,430320126,161110605
3834.45,3176448.00,4923821.34,631572.32,1747373.34,0.00,2580.80,0.00,2580.80,3845466135.35,6410946712.51,0.00,0.00,0.00,0.00,209676818,442383266,430320126,161110605
3836.45,3176448.00,4926666.75,631572.32,1750218.75,0.00,2845.41,0.00,2845.41,3845466135.35,6410946712.51,0.00,0.00,0.00,0.00,209676818,442383266,430320126,161110605
3838.45,3176602.95,4929385.54,631572.32,1752782.59,154.95,2718.79,0.00,2563.84,3845466135.35,6410946712.51,0.00,0.00,0.00,0.00,209693198,442406553,446829931,161110605
3840.45,3179122.77,4934159.16,631572.32,1755036.39,2519.81,4773.62,0.00,2253.80,3845466135.35,6410946712.51,0.00,0.00,0.00,0.00,209994239,442750584,446829931,161110605
3842.45,3181717.70,4938998.47,631572.32,1757280.77,2594.93,4839.31,0.00,2244.38,3845466135.35,6410946712.51,0.00,0.00,0.00,0.00,210242639,443166487,446829931,161110605
3844.45,3184174.43,4942032.45,633434.49,1757858.02,2456.73,3033.98,1862.18,577.25,3845466135.35,6410946712.51,0.00,0.00,0.00,0.00,210478061,443559989,448166214,161110605
3846.45,3186698.07,4944556.09,636092.42,1757858.02,2523.64,2523.64,2657.93,0.00,3845466135.35,6410946712.51,0.00,0.00,0.00,0.00,210708639,443975462,448166214,161110605
3848.45,3188961.81,4947852.84,637070.38,1758891.03,2263.74,3296.75,977.96,1033.01,3845466135.35,6410946712.51,0.00,0.00,0.00,0.00,209510756,444345360,448166214,162518108
3850.45,3191469.19,4952355.11,637070.38,1760885.92,2507.38,4502.27,0.00,1994.89,3845466135.35,6410946712.51,0.00,0.00,0.00,0.00,209729842,444768163,448166214,162518108
3852.45,3193964.67,4956528.64,637070.38,1762563.97,2495.48,4173.53,0.00,1678.05,3845466135.35,6410946712.51,0.00,0.00,0.00,0.00,209904976,445231871,449121246,162518108
3854.45,3194880.04,4959911.92,637070.38,1765031.88,915.37,3383.28,0.00,2467.91,3845466135.35,6410946712.51,0.00,0.00,0.00,0.00,209922020,445449162,449121246,162518108
3856.45,3194880.04,4962430.71,637070.38,1767550.67,0.00,2518.79,0.00,2518.79,3845466135.35,6410946712.51,0.00,0.00,0.00,0.00,209922020,445449162,449121246,162518108
3858.45,3194880.04,4965017.72,637070.38,1770137.68,0.00,2587.01,0.00,2587.01,3845466135.35,6410946712.51,0.00,0.00,0.00,0.00,209922020,445449162,449121246,162518108
3860.45,3194880.04,4967548.98,637070.38,1772668.95,0.00,2531.26,0.00,2531.26,3845466135.35,6410946712.51,0.00,0.00,0.00,0.00,209922020,445449162,449121246,162518108
3862.45,3194880.04,4970375.63,637070.38,1775495.59,0.00,2826.65,0.00,2826.65,3845466135.35,6410946712.51,0.00,0.00,0.00,0.00,209922020,445449162,449121246,162518108
3864.45,3196839.14,4974477.74,637070.38,1777638.61,1959.10,4102.11,0.00,2143.01,3845466135.35,6410946712.51,0.00,0.00,0.00,0.00,210015043,445857668,452749888,162518108
3866.45,3199355.36,4979293.25,637070.38,1779937.89,2516.22,4815.51,0.00,2299.29,3845466135.35,6410946712.51,0.00,0.00,0.00,0.00,210228255,446288609,452749888,162518108
3868.45,3201805.71,4983082.00,638045.44,1781276.29,2450.36,3788.75,975.07,1338.39,3845466135.35,6410946712.51,0.00,0.00,0.00,0.00,210465983,446678172,454123113,162518108
3870.45,3204305.93,4985582.22,640703.64,1781276.29,2500.22,2500.22,2658.20,0.00,3845466135.35,6410946712.51,0.00,0.00,0.00,0.00,210695360,447088851,454123113,162518108
3872.45,3206482.12,4987976.71,642712.12,1781494.59,2176.19,2394.50,2008.47,218.31,3845466135.35,6410946712.51,0.00,0.00,0.00,0.00,209450228,447446801,454123113,163962394
3874.45,3207168.02,4991272.97,642712.12,1784104.95,685.90,3296.26,0.00,2610.36,3845466135.35,6410946712.51,0.00,0.00,0.00,0.00,209508314,447564305,454123113,163962394
3876.45,3207168.02,4993774.72,642712.12,1786606.70,0.00,2501.75,0.00,2501.75,3845466135.35,6410946712.51,0.00,0.00,0.00,0.00,209508314,447564305,454123113,163962394
3878.45,3207168.02,4996594.95,642712.12,1789426.93,0.00,2820.22,0.00,2820.22,3845466135.35,6410946712.51,0.00,0.00,0.00,0.00,209508314,447564305,454123113,163962394
3880.45,3208388.17,5000060.42,642712.12,1791672.25,1220.15,3465.47,0.00,2245.32,3845466135.35,6410946712.51,0.00,0.00,0.00,0.00,209611883,447773094,456536276,163962394
3882.45,3210930.41,5004638.79,642712.12,1793708.38,2542.25,4578.38,0.00,2036.13,3845466135.35,6410946712.51,0.00,0.00,0.00,0.00,209850300,448185492,456536276,163962394
3884.45,3213312.04,5008954.50,642712.12,1795642.46,2381.62,4315.70,0.00,1934.08,3845466135.35,6410946712.51,0.00,0.00,0.00,0.00,210067610,448577878,456536276,163962394
3886.45,3213312.04,5011679.84,642712.12,1798367.80,0.00,2725.34,0.00,2725.34,3845466135.35,6410946712.51,0.00,0.00,0.00,0.00,210067610,448577878,456536276,163962394
3888.45,3213572.01,5014439.81,642712.12,1800867.80,259.97,2759.97,0.00,2500.00,3846384992.58,6411895206.98,918857.23,948494.47,0.00,0.00,210095500,448616541,459088523,163962394
3890.45,3216083.09,5018808.72,642712.12,1802725.63,2511.08,4368.91,0.00,1857.83,3846384992.58,6411895206.98,0.00,0.00,0.00,0.00,210307155,449047723,459088523,163962394
3892.45,3218594.10,5023171.49,642766.04,1804577.39,2511.01,4362.77,53.93,1851.76,3846384992.58,6411895206.98,0.00,0.00,0.00,0.00,210487844,449509852,460086506,163962394
3894.45,3221093.16,5025670.55,645406.07,1804577.39,2499.05,2499.05,2640.03,0.00,3846384992.58,6411895206.98,0.00,0.00,0.00,0.00,210548294,450089160,460086506,163962394
3896.45,3223608.11,5028185.50,648060.18,1804577.39,2514.95,2514.95,2654.11,0.00,3846384992.58,6411895206.98,0.00,0.00,0.00,0.00,210742026,450539255,460086506,163962394
3898.45,3225600.02,5032074.41,648245.05,1806474.39,1991.92,3888.91,184.88,1897.00,3846384992.58,6411895206.98,0.00,0.00,0.00,0.00,209497399,450877382,460086506,165378825
3900.45,3225763.91,5034659.07,648245.05,1808895.16,163.88,2584.66,0.00,2420.78,3846384992.58,6411895206.98,0.00,0.00,0.00,0.00,209500926,450915809,461174626,165378825
3902.45,3228265.12,5039427.85,648245.05,1811162.73,2501.21,4768.78,0.00,2267.56,3846384992.58,6411895206.98,0.00,0.00,0.00,0.00,209659628,451397418,461174626,165378825
3904.46,3230683.20,5044059.62,648245.05,1813376.42,2418.08,4631.78,0.00,2213.70,3846384992.58,6411895206.98,0.00,0.00,0.00,0.00,209750475,451925600,462134713,165378825
3906.46,3231744.01,5047595.10,648245.05,1815851.09,1060.80,3535.47,0.00,2474.67,3846384992.58,6411895206.98,0.00,0.00,0.00,0.00,209820765,452126876,462134713,165378825
3908.46,3231744.01,5050278.30,648245.05,1818534.29,0.00,2683.20,0.00,2683.20,3846384992.58,6411895206.98,0.00,0.00,0.00,0.00,209820765,452126876,462134713,165378825
3910.46,3231744.01,5053087.66,648245.05,1821343.65,0.00,2809.36,0.00,2809.36,3846384992.58,6411895206.98,0.00,0.00,0.00,0.00,209820765,452126876,462134713,165378825
3912.46,3231744.01,5055735.64,648245.05,1823991.64,0.00,2647.98,0.00,2647.98,3846384992.58,6411895206.98,0.00,0.00,0.00,0.00,209820765,452126876,462134713,165378825
3914.46,3231744.01,5058636.89,648245.05,1826892.88,0.00,2901.25,0.00,2901.25,3846384992.58,6411895206.98,0.00,0.00,0.00,0.00,209820765,452126876,462134713,165378825
3916.46,3231744.01,5061224.79,648245.05,1829480.78,0.00,2587.90,0.00,2587.90,3846384992.58,6411895206.98,0.00,0.00,0.00,0.00,209820765,452126876,462134713,165378825
3918.46,3231744.01,5063550.09,648245.05,1831806.08,0.00,2325.30,0.00,2325.30,3846384992.58,6411895206.98,0.00,0.00,0.00,0.00,209820765,452126876,462134713,165378825
3920.46,3231744.01,5065994.52,648245.05,1834250.51,0.00,2444.43,0.00,2444.43,3846384992.58,6411895206.98,0.00,0.00,0.00,0.00,209820765,452126876,462134713,165378825
3922.46,3231744.01,5068850.46,648245.05,1837106.45,0.00,2855.94,0.00,2855.94,3846384992.58,6411895206.98,0.00,0.00,0.00,0.00,209820765,452126876,462134713,165378825
3924.46,3231744.01,5071457.62,648245.05,1839713.61,0.00,2607.16,0.00,2607.16,3846384992.58,6411895206.98,0.00,0.00,0.00,0.00,209820765,452126876,462134713,165378825
3926.46,3231744.01,5074332.93,648245.05,1842588.92,0.00,2875.31,0.00,2875.31,3846384992.58,6411895206.98,0.00,0.00,0.00,0.00,209820765,452126876,462134713,165378825
3928.46,3231744.01,5077037.16,648245.05,1845293.16,0.00,2704.23,0.00,2704.23,3846384992.58,6411895206.98,0.00,0.00,0.00,0.00,209820765,452126876,462134713,165378825
3930.46,3231772.29,5079676.52,648245.05,1847904.23,28.29,2639.36,0.00,2611.07,3846384992.58,6411895206.98,0.00,0.00,0.00,0.00,209826786,452128096,470963933,165378825
3932.46,3234280.48,5084436.34,648245.05,1850155.86,2508.19,4759.82,0.00,2251.63,3846384992.58,6411895206.98,0.00,0.00,0.00,0.00,210038968,452558010,470963933,165378825
3934.46,3236853.02,5089302.20,648245.05,1852449.17,2572.54,4865.86,0.00,2293.31,3846384992.58,6411895206.98,0.00,0.00,0.00,0.00,210226854,453028695,470963933,165378825
3936.46,3239330.14,5092518.98,649886.02,1853188.84,2477.12,3216.79,1640.97,739.67,3846384992.58,6411895206.98,0.00,0.00,0.00,0.00,210414440,453475251,472322091,165378825
3938.46,3241869.02,5095057.87,652552.66,1853188.84,2538.88,2538.88,2666.64,0.00,3846384992.58,6411895206.98,0.00,0.00,0.00,0.00,210607558,453932087,472322091,165378825
3940.46,3244024.33,5097799.14,654088.12,1853774.81,2155.30,2741.27,1535.46,585.97,3846384992.58,6411895206.98,0.00,0.00,0.00,0.00,209269080,454328168,472322091,166872980
3942.46,3244032.02,5100670.91,654088.12,1856638.89,7.70,2871.77,0.00,2864.07,3846384992.58,6411895206.98,0.00,0.00,0.00,0.00,209269636,454329582,472322091,166872980
3944.46,3244032.02,5103365.33,654088.12,1859333.31,0.00,2694.42,0.00,2694.42,3846384992.58,6411895206.98,0.00,0.00,0.00,0.00,209269636,454329582,472322091,166872980
3946.46,3244032.02,5106217.45,654088.12,1862185.42,0.00,2852.11,0.00,2852.11,3846384992.58,6411895206.98,0.00,0.00,0.00,0.00,209269636,454329582,472322091,166872980
3948.46,3244032.02,5108772.47,654088.12,1864740.45,0.00,2555.03,0.00,2555.03,3846384992.58,6411895206.98,0.00,0.00,0.00,0.00,209269636,454329582,472322091,166872980
3950.46,3244032.02,5111619.35,654088.12,1867587.32,0.00,2846.88,0.00,2846.88,3846384992.58,6411895206.98,0.00,0.00,0.00,0.00,209269636,454329582,472322091,166872980
3952.46,3244032.02,5114226.92,654088.12,1870194.90,0.00,2607.57,0.00,2607.57,3846384992.58,6411895206.98,0.00,0.00,0.00,0.00,209269636,454329582,472322091,166872980
3954.46,3244032.02,5117086.24,654088.12,1873054.22,0.00,2859.32,0.00,2859.32,3846384992.58,6411895206.98,0.00,0.00,0.00,0.00,209269636,454329582,472322091,166872980
3956.46,3244032.02,5119713.78,654088.12,1875681.76,0.00,2627.54,0.00,2627.54,3846384992.58,6411895206.98,0.00,0.00,0.00,0.00,209269636,454329582,472322091,166872980
3958.46,3244032.02,5122524.75,654088.12,1878492.73,0.00,2810.97,0.00,2810.97,3846384992.58,6411895206.98,0.00,0.00,0.00,0.00,209269636,454329582,472322091,166872980
3960.46,3244032.02,5125161.75,654088.12,1881129.72,0.00,2637.00,0.00,2637.00,3846384992.58,6411895206.98,0.00,0.00,0.00,0.00,209269636,454329582,472322091,166872980
3962.46,3244032.02,5128128.93,654088.12,1884096.91,0.00,2967.19,0.00,2967.19,3846384992.58,6411895206.98,0.00,0.00,0.00,0.00,209269636,454329582,472322091,166872980
3964.46,3244032.02,5130746.29,654088.12,1886714.26,0.00,2617.35,0.00,2617.35,3846384992.58,6411895206.98,0.00,0.00,0.00,0.00,209269636,454329582,472322091,166872980
3966.46,3244032.02,5133585.60,654088.12,1889553.58,0.00,2839.32,0.00,2839.32,3846384992.58,6411895206.98,0.00,0.00,0.00,0.00,209269636,454329582,472322091,166872980
3968.46,3244032.02,5136135.12,654088.12,1892103.10,0.00,2549.52,0.00,2549.52,3846384992.58,6411895206.98,0.00,0.00,0.00,0.00,209269636,454329582,472322091,166872980
3970.56,3244032.02,5138898.71,654088.12,1894866.69,0.00,2763.59,0.00,2763.59,3846384992.58,6411895206.98,0.00,0.00,0.00,0.00,209269636,454329582,472322091,166872980
3972.56,3244032.02,5141763.96,654088.12,1897731.94,0.00,2865.25,0.00,2865.25,3846384992.58,6411895206.98,0.00,0.00,0.00,0.00,209269636,454329582,472322091,166872980
3974.56,3244032.02,5144405.13,654088.12,1900373.11,0.00,2641.17,0.00,2641.17,3846384992.58,6411895206.98,0.00,0.00,0.00,0.00,209269636,454329582,472322091,166872980
3976.56,3244032.02,5146803.26,654088.12,1902771.23,0.00,2398.13,0.00,2398.13,3846384992.58,6411895206.98,0.00,0.00,0.00,0.00,209269636,454329582,472322091,166872980
3978.56,3244032.02,5149166.05,654088.12,1905134.02,0.00,2362.79,0.00,2362.79,3846384992.58,6411895206.98,0.00,0.00,0.00,0.00,209269636,454329582,472322091,166872980
3980.56,3244032.02,5152041.09,654088.12,1908009.07,0.00,2875.04,0.00,2875.04,3846384992.58,6411895206.98,0.00,0.00,0.00,0.00,209269636,454329582,472322091,166872980
3982.56,3244032.02,5154537.73,654088.12,1910505.70,0.00,2496.64,0.00,2496.64,3846384992.58,6411895206.98,0.00,0.00,0.00,0.00,209269636,454329582,472322091,166872980
3984.56,3244032.02,5156852.95,654088.12,1912820.93,0.00,2315.23,0.00,2315.23,3846384992.58,6411895206.98,0.00,0.00,0.00,0.00,209269636,454329582,472322091,166872980
3986.56,3245513.76,5160450.13,654088.12,1914936.37,1481.73,3597.18,0.00,2115.44,3846384992.58,6411895206.98,0.00,0.00,0.00,0.00,209367953,454610589,487749496,166872980
3988.56,3247996.46,5165172.71,654088.12,1917176.25,2482.70,4722.58,0.00,2239.88,3846384992.58,6411895206.98,0.00,0.00,0.00,0.00,209558150,455055964,487749496,166872980
3990.56,3250355.03,5169549.84,654088.12,1919194.81,2358.57,4377.13,0.00,2018.56,3846384992.58,6411895206.98,0.00,0.00,0.00,0.00,209743958,455473950,489122426,166872980
3992.56,3252953.84,5174080.12,654088.12,1921126.28,2598.80,4530.27,0.00,1931.47,3846384992.58,6411895206.98,0.00,0.00,0.00,0.00,209968934,455914268,489122426,166872980
3994.56,3255514.83,5178551.30,654088.12,1923036.48,2560.99,4471.19,0.00,1910.20,3846384992.58,6411895206.98,0.00,0.00,0.00,0.00,210205316,456333500,489122426,166872980
3996.56,3258004.48,5181161.62,656498.14,1923157.14,2489.65,2610.31,2410.02,120.66,3846384992.58,6411895206.98,0.00,0.00,0.00,0.00,210423519,456752648,490190467,166872980
3998.56,3260556.16,5183713.30,659161.61,1923157.14,2551.68,2551.68,2663.47,0.00,3846384992.58,6411895206.98,0.00,0.00,0.00,0.00,210637210,457192187,490190467,166872980
4000.56,3262464.06,5186683.31,659950.08,1924219.25,1907.90,2970.01,788.47,1062.11,3846384992.58,6411895206.98,0.00,0.00,0.00,0.00,209298108,457519049,490190467,168373642
4002.56,3262464.06,5189044.80,659950.08,1926580.75,0.00,2361.50,0.00,2361.50,3846384992.58,6411895206.98,0.00,0.00,0.00,0.00,209298108,457519049,490190467,168373642
4004.56,3262464.06,5191417.53,659950.08,1928953.47,0.00,2372.72,0.00,2372.72,3846384992.58,6411895206.98,0.00,0.00,0.00,0.00,209298108,457519049,490190467,168373642
4006.56,3262464.06,5194451.33,659950.08,1931987.27,0.00,3033.80,0.00,3033.80,3846384992.58,6411895206.98,0.00,0.00,0.00,0.00,209298108,457519049,490190467,168373642
4008.56,3262464.06,5197186.03,659950.08,1934721.97,0.00,2734.70,0.00,2734.70,3846384992.58,6411895206.98,0.00,0.00,0.00,0.00,209298108,457519049,490190467,168373642
4010.56,3262464.06,5199848.64,659950.08,1937384.59,0.00,2662.61,0.00,2662.61,3846384992.58,6411895206.98,0.00,0.00,0.00,0.00,209298108,457519049,490190467,168373642
4012.56,3262464.06,5202706.65,659950.08,1940242.59,0.00,2858.00,0.00,2858.00,3846384992.58,6411895206.98,0.00,0.00,0.00,0.00,209298108,457519049,490190467,168373642
4014.56,3262464.06,5205134.51,659950.08,1942670.45,0.00,2427.86,0.00,2427.86,3846384992.58,6411895206.98,0.00,0.00,0.00,0.00,209298108,457519049,490190467,168373642
4016.56,3262464.06,5207656.39,659950.08,1945192.34,0.00,2521.89,0.00,2521.89,3846384992.58,6411895206.98,0.00,0.00,0.00,0.00,209298108,457519049,490190467,168373642
4018.56,3262464.06,5209896.39,659950.08,1947432.33,0.00,2240.00,0.00,2240.00,3846384992.58,6411895206.98,0.00,0.00,0.00,0.00,209298108,457519049,490190467,168373642
4020.56,3262464.06,5212299.45,659950.08,1949835.39,0.00,2403.06,0.00,2403.06,3846384992.58,6411895206.98,0.00,0.00,0.00,0.00,209298108,457519049,490190467,168373642
4022.56,3264361.04,5216059.19,659950.08,1951698.16,1896.98,3759.74,0.00,1862.77,3846384992.58,6411895206.98,0.00,0.00,0.00,0.00,209460966,457841817,497158736,168373642
4024.56,3266875.03,5220520.34,659950.08,1953645.31,2514.00,4461.15,0.00,1947.16,3846384992.58,6411895206.98,0.00,0.00,0.00,0.00,209659122,458287244,497158736,168373642
4026.56,3268608.02,5224162.56,659950.08,1955554.54,1732.99,3642.21,0.00,1909.22,3846384992.58,6411895206.98,0.00,0.00,0.00,0.00,209809529,458580483,498238956,168373642
4028.56,3268608.02,5227144.08,659950.08,1958536.06,0.00,2981.52,0.00,2981.52,3846384992.58,6411895206.98,0.00,0.00,0.00,0.00,209809529,458580483,498238956,168373642
4030.56,3268608.02,5229793.54,659950.08,1961185.52,0.00,2649.46,0.00,2649.46,3846384992.58,6411895206.98,0.00,0.00,0.00,0.00,209809529,458580483,498238956,168373642
4032.56,3268608.02,5232491.07,659950.08,1963883.05,0.00,2697.53,0.00,2697.53,3846384992.58,6411895206.98,0.00,0.00,0.00,0.00,209809529,458580483,498238956,168373642
4034.56,3268608.02,5234983.96,659950.08,1966375.94,0.00,2492.89,0.00,2492.89,3846384992.58,6411895206.98,0.00,0.00,0.00,0.00,209809529,458580483,498238956,168373642
4036.60,3268608.02,5237423.27,659950.08,1968815.25,0.00,2439.31,0.00,2439.31,3846384992.58,6411895206.98,0.00,0.00,0.00,0.00,209809529,458580483,498238956,168373642
4038.60,3268608.02,5239913.71,659950.08,1971305.68,0.00,2490.43,0.00,2490.43,3846384992.58,6411895206.98,0.00,0.00,0.00,0.00,209809529,458580483,498238956,168373642
4040.60,3268608.02,5242240.39,659950.08,1973632.37,0.00,2326.68,0.00,2326.68,3846384992.58,6411895206.98,0.00,0.00,0.00,0.00,209809529,458580483,498238956,168373642
4042.60,3268608.02,5244733.46,659950.08,1976125.43,0.00,2493.07,0.00,2493.07,3846384992.58,6411895206.98,0.00,0.00,0.00,0.00,209809529,458580483,498238956,168373642
4044.60,3268608.02,5247198.43,659950.08,1978590.41,0.00,2464.98,0.00,2464.98,3846384992.58,6411895206.98,0.00,0.00,0.00,0.00,209809529,458580483,498238956,168373642
4046.60,3268608.02,5250061.24,659950.08,1981453.21,0.00,2862.80,0.00,2862.80,3846384992.58,6411895206.98,0.00,0.00,0.00,0.00,209809529,458580483,498238956,168373642
4048.60,3269788.65,5253644.20,659950.08,1983855.55,1180.63,3582.96,0.00,2402.34,3846384992.58,6411895206.98,0.00,0.00,0.00,0.00,209889895,458802358,505465890,168373642
4050.60,3272313.48,5258191.16,659950.08,1985877.68,2524.83,4546.96,0.00,2022.13,3846384992.58,6411895206.98,0.00,0.00,0.00,0.00,209991108,459347502,505465890,168373642
4052.60,3274798.49,5262682.94,659950.08,1987884.45,2485.01,4491.78,0.00,2006.77,3846384992.58,6411895206.98,0.00,0.00,0.00,0.00,210083407,459891365,506647180,168373642
4054.60,3277543.83,5267739.26,659950.08,1990195.43,2745.34,5056.32,0.00,2310.98,3846384992.58,6411895206.98,0.00,0.00,0.00,0.00,210173442,460504136,506647180,168373642
4056.60,3280096.64,5272009.46,660357.94,1991912.82,2552.81,4270.20,407.86,1717.39,3846384992.58,6411895206.98,0.00,0.00,0.00,0.00,210243804,461087294,507786022,168373642
4058.60,3282580.59,5276049.62,660836.52,1993469.02,2483.95,4040.16,478.58,1556.20,3846384992.58,6411895206.98,0.00,0.00,0.00,0.00,210085867,461654195,507786022,168600570
4060.63,3285141.20,5280705.88,660836.52,1995564.68,2560.61,4656.26,0.00,2095.65,3846384992.58,6411895206.98,0.00,0.00,0.00,0.00,210253140,462142437,508693980,168600570
4062.63,3287677.71,5283242.38,663490.51,1995564.68,2536.51,2536.51,2653.99,0.00,3846384992.58,6411895206.98,0.00,0.00,0.00,0.00,210416241,462628682,508693980,168600570
4064.63,3290212.00,5285776.67,666134.57,1995564.68,2534.29,2534.29,2644.06,0.00,3846384992.58,6411895206.98,0.00,0.00,0.00,0.00,210586616,463107085,508693980,168600570
4066.63,3292498.63,5289532.93,666406.86,1997034.30,2286.63,3756.25,272.29,1469.62,3846384992.58,6411895206.98,0.00,0.00,0.00,0.00,209310212,463542863,508693980,170026574
4068.63,3293184.04,5292659.95,666406.86,1999475.91,685.41,3127.02,0.00,2441.62,3846384992.58,6411895206.98,0.00,0.00,0.00,0.00,209370969,463657570,508693980,170026574
4070.63,3293184.04,5295279.31,666406.86,2002095.28,0.00,2619.36,0.00,2619.36,3846384992.58,6411895206.98,0.00,0.00,0.00,0.00,209370969,463657570,508693980,170026574
4072.63,3293456.09,5297961.23,666406.86,2004505.14,272.06,2681.92,0.00,2409.86,3846384992.58,6411895206.98,0.00,0.00,0.00,0.00,209398231,463699955,510884310,170026574
4074.63,3295949.92,5302698.77,666406.86,2006748.85,2493.83,4737.54,0.00,2243.71,3846384992.58,6411895206.98,0.00,0.00,0.00,0.00,209592678,464143928,510884310,170026574
4076.63,3298341.86,5307195.84,666406.86,2008853.97,2391.94,4497.06,0.00,2105.12,3846384992.58,6411895206.98,0.00,0.00,0.00,0.00,209769477,464579466,511971499,170026574
4078.63,3299328.04,5310882.20,666406.86,2011554.16,986.18,3686.36,0.00,2700.18,3846384992.58,6411895206.98,0.00,0.00,0.00,0.00,209827934,464773471,511971499,170026574
4080.63,3299901.56,5313850.09,666406.86,2013948.53,573.52,2967.89,0.00,2394.37,3846384992.58,6411895206.98,0.00,0.00,0.00,0.00,209880467,464867759,513261042,170026574
4082.63,3302381.01,5318581.82,666406.86,2016200.80,2479.45,4731.73,0.00,2252.28,3846384992.58,6411895206.98,0.00,0.00,0.00,0.00,210072657,465310308,513261042,170026574
4084.63,3304926.88,5323131.48,666594.43,2018204.60,2545.87,4549.67,187.57,2003.80,3846384992.58,6411895206.98,0.00,0.00,0.00,0.00,210269685,465765023,514134399,170026574
4086.63,3307469.91,5325674.52,669254.75,2018204.60,2543.03,2543.03,2660.31,0.00,3846384992.58,6411895206.98,0.00,0.00,0.00,0.00,210471906,466213818,514134399,170026574
4088.63,3310020.44,5328225.04,671921.62,2018204.60,2550.53,2550.53,2666.88,0.00,3846384992.58,6411895206.98,0.00,0.00,0.00,0.00,210685623,466653036,514134399,170026574
4090.63,3311616.00,5331317.92,672532.95,2019701.91,1595.56,3092.88,611.32,1497.31,3846384992.58,6411895206.98,0.00,0.00,0.00,0.00,209241296,466937549,514134399,171594852
4092.63,3311616.00,5334029.36,672532.95,2022413.36,0.00,2711.44,0.00,2711.44,3846384992.58,6411895206.98,0.00,0.00,0.00,0.00,209241296,466937549,514134399,171594852
4094.63,3311616.00,5336674.09,672532.95,2025058.09,0.00,2644.73,0.00,2644.73,3846384992.58,6411895206.98,0.00,0.00,0.00,0.00,209241296,466937549,514134399,171594852
4096.63,3312263.39,5339750.72,672532.95,2027487.33,647.39,3076.63,0.00,2429.24,3846384992.58,6411895206.98,0.00,0.00,0.00,0.00,209299041,467045536,516289611,171594852
4098.63,3314786.77,5344585.60,672532.95,2029798.83,2523.38,4834.88,0.00,2311.50,3846384992.58,6411895206.98,0.00,0.00,0.00,0.00,209498026,467492535,516289611,171594852
4100.63,3317437.18,5349304.43,672532.95,2031867.25,2650.41,4718.83,0.00,2068.42,3846384992.58,6411895206.98,0.00,0.00,0.00,0.00,209604938,468064128,516289611,171594852
4102.63,3317760.05,5352178.36,672532.95,2034418.31,322.87,2873.93,0.00,2551.06,3846384992.58,6411895206.98,0.00,0.00,0.00,0.00,209611857,468139864,517577719,171594852
4104.63,3318039.68,5354952.87,672532.95,2036913.19,279.63,2774.51,0.00,2494.88,3846384992.58,6411895206.98,0.00,0.00,0.00,0.00,209623088,468200219,518756944,171594852
4106.63,3320557.07,5359815.00,672532.95,2039257.93,2517.39,4862.13,0.00,2344.74,3846384992.58,6411895206.98,0.00,0.00,0.00,0.00,209806517,468661242,518756944,171594852
4108.63,3323213.05,5364695.64,672532.95,2041482.60,2655.97,4880.64,0.00,2224.67,3846384992.58,6411895206.98,0.00,0.00,0.00,0.00,210014759,469132929,518756944,171594852
4110.63,3323904.04,5367913.29,672532.95,2044009.25,691.00,3217.65,0.00,2526.65,3846384992.58,6411895206.98,0.00,0.00,0.00,0.00,210069007,469255576,520078859,171594852
4112.63,3323952.33,5370524.52,672532.95,2046572.19,48.29,2611.23,0.00,2562.94,3846384992.58,6411895206.98,0.00,0.00,0.00,0.00,210079322,469257623,521267604,171594852
4114.63,3326460.61,5374862.68,672532.95,2048402.07,2508.28,4338.16,0.00,1829.88,3846384992.58,6411895206.98,0.00,0.00,0.00,0.00,210263579,469715485,521267604,171594852
4116.63,3329122.43,5379235.43,672687.93,2050113.00,2661.82,4372.75,154.98,1710.93,3846384992.58,6411895206.98,0.00,0.00,0.00,0.00,210489970,470170521,522180475,171594852
4118.63,3331716.63,5381829.63,675345.03,2050113.00,2594.20,2594.20,2657.11,0.00,3846384992.58,6411895206.98,0.00,0.00,0.00,0.00,210686556,470638049,522180475,171594852
4120.63,3334134.91,5384247.91,677997.16,2050113.00,2418.29,2418.29,2652.13,0.00,3846384992.58,6411895206.98,0.00,0.00,0.00,0.00,210889852,471053834,522180475,171594852
4122.63,3336192.02,5388082.45,678257.54,2051890.43,2057.10,3834.54,260.38,1777.43,3846384992.58,6411895206.98,0.00,0.00,0.00,0.00,209591146,471413663,522180475,173060347
4124.65,3336192.02,5390618.56,678257.54,2054426.54,0.00,2536.11,0.00,2536.11,3846384992.58,6411895206.98,0.00,0.00,0.00,0.00,209591146,471413663,522180475,173060347
4126.65,3336192.02,5393493.38,678257.54,2057301.37,0.00,2874.82,0.00,2874.82,3846384992.58,6411895206.98,0.00,0.00,0.00,0.00,209591146,471413663,522180475,173060347
4128.65,3336192.02,5395933.52,678257.54,2059741.51,0.00,2440.14,0.00,2440.14,3846384992.58,6411895206.98,0.00,0.00,0.00,0.00,209591146,471413663,522180475,173060347
4130.65,3336192.02,5398840.81,678257.54,2062648.80,0.00,2907.29,0.00,2907.29,3846384992.58,6411895206.98,0.00,0.00,0.00,0.00,209591146,471413663,522180475,173060347
4132.65,3336192.02,5401333.81,678257.54,2065141.79,0.00,2493.00,0.00,2493.00,3846384992.58,6411895206.98,0.00,0.00,0.00,0.00,209591146,471413663,522180475,173060347
4134.65,3336192.02,5404279.28,678257.54,2068087.27,0.00,2945.47,0.00,2945.47,3846384992.58,6411895206.98,0.00,0.00,0.00,0.00,209591146,471413663,522180475,173060347
4136.65,3336192.02,5406798.56,678257.54,2070606.54,0.00,2519.28,0.00,2519.28,3846384992.58,6411895206.98,0.00,0.00,0.00,0.00,209591146,471413663,522180475,173060347
4138.65,3336192.02,5409187.30,678257.54,2072995.28,0.00,2388.74,0.00,2388.74,3846384992.58,6411895206.98,0.00,0.00,0.00,0.00,209591146,471413663,522180475,173060347
4140.65,3338215.40,5413007.90,678257.54,2074792.50,2023.38,3820.60,0.00,1797.22,3846384992.58,6411895206.98,0.00,0.00,0.00,0.00,209722408,471800387,528104212,173060347
4142.65,3340753.41,5417387.26,678257.54,2076633.85,2538.01,4379.36,0.00,1841.35,3846384992.58,6411895206.98,0.00,0.00,0.00,0.00,209806733,472365793,528104212,173060347
4144.65,3343267.67,5421731.89,678257.54,2078464.22,2514.26,4344.64,0.00,1830.38,3846384992.58,6411895206.98,0.00,0.00,0.00,0.00,209992109,472824068,529079437,173060347
4146.65,3346005.69,5426659.87,678257.54,2080654.18,2738.02,4927.98,0.00,2189.96,3846384992.58,6411895206.98,0.00,0.00,0.00,0.00,210207780,473309329,529079437,173060347
4148.65,3348512.67,5429821.91,680050.49,2081309.24,2506.98,3162.04,1792.95,655.05,3846384992.58,6411895206.98,0.00,0.00,0.00,0.00,210390663,473768233,530053329,173060347
4150.65,3351087.15,5432396.39,682720.49,2081309.24,2574.48,2574.48,2670.00,0.00,3846384992.58,6411895206.98,0.00,0.00,0.00,0.00,210598772,474219192,530053329,173060347
4152.65,3353358.52,5435123.35,684399.01,2081764.83,2271.36,2726.96,1678.52,455.59,3846384992.58,6411895206.98,0.00,0.00,0.00,0.00,209214444,474613583,530053329,174631753
4154.65,3354624.06,5438587.24,684399.01,2083963.18,1265.55,3463.89,0.00,2198.35,3846384992.58,6411895206.98,0.00,0.00,0.00,0.00,209312321,474839686,530053329,174631753
4156.65,3354624.06,5440762.61,684399.01,2086138.55,0.00,2175.37,0.00,2175.37,3846384992.58,6411895206.98,0.00,0.00,0.00,0.00,209312321,474839686,530053329,174631753
4158.65,3354624.06,5443682.76,684399.01,2089058.70,0.00,2920.15,0.00,2920.15,3846384992.58,6411895206.98,0.00,0.00,0.00,0.00,209312321,474839686,530053329,174631753
4160.65,3354624.06,5446302.42,684399.01,2091678.36,0.00,2619.66,0.00,2619.66,3846384992.58,6411895206.98,0.00,0.00,0.00,0.00,209312321,474839686,530053329,174631753
4162.65,3354624.06,5449149.42,684399.01,2094525.36,0.00,2847.00,0.00,2847.00,3846384992.58,6411895206.98,0.00,0.00,0.00,0.00,209312321,474839686,530053329,174631753
4164.65,3354624.06,5451395.52,684399.01,2096771.45,0.00,2246.09,0.00,2246.09,3846384992.58,6411895206.98,0.00,0.00,0.00,0.00,209312321,474839686,530053329,174631753
4166.65,3354624.06,5453687.66,684399.01,2099063.59,0.00,2292.14,0.00,2292.14,3846384992.58,6411895206.98,0.00,0.00,0.00,0.00,209312321,474839686,530053329,174631753
4168.65,3354624.06,5456219.64,684399.01,2101595.57,0.00,2531.98,0.00,2531.98,3846384992.58,6411895206.98,0.00,0.00,0.00,0.00,209312321,474839686,530053329,174631753
4170.65,3355791.27,5459384.91,684399.01,2103593.64,1167.20,3165.27,0.00,1998.07,3846384992.58,6411895206.98,0.00,0.00,0.00,0.00,209388366,475062445,535548143,174631753
4172.65,3358299.86,5463747.46,684399.01,2105447.61,2508.59,4362.55,0.00,1853.96,3846384992.58,6411895206.98,0.00,0.00,0.00,0.00,209570386,475522624,535548143,174631753
4174.65,3360738.70,5467981.23,684399.01,2107242.54,2438.84,4233.77,0.00,1794.93,3846384992.58,6411895206.98,0.00,0.00,0.00,0.00,209747459,475969894,536560202,174631753
4176.65,3360768.01,5470860.36,684399.01,2110092.34,29.32,2879.12,0.00,2849.81,3846384992.58,6411895206.98,0.00,0.00,0.00,0.00,209748442,475976416,536560202,174631753
4178.65,3360768.01,5473111.04,684399.01,2112343.03,0.00,2250.68,0.00,2250.68,3846384992.58,6411895206.98,0.00,0.00,0.00,0.00,209748442,475976416,536560202,174631753
4180.65,3360768.01,5475494.64,684399.01,2114726.63,0.00,2383.60,0.00,2383.60,3846384992.58,6411895206.98,0.00,0.00,0.00,0.00,209748442,475976416,536560202,174631753
4182.65,3360768.01,5477719.73,684399.01,2116951.72,0.00,2225.09,0.00,2225.09,3846384992.58,6411895206.98,0.00,0.00,0.00,0.00,209748442,475976416,536560202,174631753
4184.65,3360768.01,5479981.28,684399.01,2119213.27,0.00,2261.55,0.00,2261.55,3846384992.58,6411895206.98,0.00,0.00,0.00,0.00,209748442,475976416,536560202,174631753
4186.65,3360768.01,5482483.52,684399.01,2121715.50,0.00,2502.23,0.00,2502.23,3846384992.58,6411895206.98,0.00,0.00,0.00,0.00,209748442,475976416,536560202,174631753
4188.65,3360768.01,5484815.12,684399.01,2124047.11,0.00,2331.61,0.00,2331.61,3846384992.58,6411895206.98,0.00,0.00,0.00,0.00,209748442,475976416,536560202,174631753
4190.65,3360768.01,5487273.52,684399.01,2126505.51,0.00,2458.39,0.00,2458.39,3846384992.58,6411895206.98,0.00,0.00,0.00,0.00,209748442,475976416,536560202,174631753
4192.65,3362001.25,5490551.92,684399.01,2128550.67,1233.24,3278.40,0.00,2045.16,3846384992.58,6411895206.98,0.00,0.00,0.00,0.00,209839691,476200876,541921589,174631753
4194.65,3364512.07,5494869.58,684399.01,2130357.51,2510.82,4317.66,0.00,1806.84,3846384992.58,6411895206.98,0.00,0.00,0.00,0.00,210052534,476630803,541921589,174631753
4196.65,3367129.19,5498832.07,685107.43,2131702.88,2617.12,3962.49,708.43,1345.37,3846384992.58,6411895206.98,0.00,0.00,0.00,0.00,210242057,477111263,542943596,174631753
4198.65,3369683.62,5501386.50,687775.97,2131702.88,2554.43,2554.43,2668.54,0.00,3846384992.58,6411895206.98,0.00,0.00,0.00,0.00,210460968,477546287,542943596,174631753
4200.65,3372293.08,5503995.96,690443.66,2131702.88,2609.45,2609.45,2667.69,0.00,3846384992.58,6411895206.98,0.00,0.00,0.00,0.00,210644279,478030996,542943596,174631753
4202.65,3373056.04,5506886.86,690516.66,2133830.82,762.96,2890.90,73.00,2127.94,3846384992.58,6411895206.98,0.00,0.00,0.00,0.00,209127006,478177469,542943596,176197871
4204.65,3373099.62,5509557.44,690516.66,2136457.82,43.59,2670.59,0.00,2627.00,3846384992.58,6411895206.98,0.00,0.00,0.00,0.00,209134550,478181083,544131311,176197871
4206.65,3375604.26,5514428.07,690516.66,2138823.81,2504.63,4870.62,0.00,2365.99,3846384992.58,6411895206.98,0.00,0.00,0.00,0.00,209198229,478758590,544131311,176197871
4208.65,3378141.49,5519235.22,690516.66,2141093.73,2537.23,4807.15,0.00,2269.92,3846384992.58,6411895206.98,0.00,0.00,0.00,0.00,209316716,479289635,544131311,176197871
4210.65,3379200.05,5522741.94,690516.66,2143541.89,1058.55,3506.72,0.00,2448.16,3846384992.58,6411895206.98,0.00,0.00,0.00,0.00,209332264,479545077,545441102,176197871
4212.70,3379200.05,5525267.71,690516.66,2146067.66,0.00,2525.77,0.00,2525.77,3846384992.58,6411895206.98,0.00,0.00,0.00,0.00,209332264,479545077,545441102,176197871
4214.70,3379200.05,5528255.16,690516.66,2149055.11,0.00,2987.45,0.00,2987.45,3846384992.58,6411895206.98,0.00,0.00,0.00,0.00,209332264,479545077,545441102,176197871
4216.70,3379629.52,5531160.22,690516.66,2151530.70,429.48,2905.06,0.00,2475.59,3846384992.58,6411895206.98,0.00,0.00,0.00,0.00,209340157,479647130,547916014,176197871
4218.70,3382132.38,5535600.00,690516.66,2153467.62,2502.85,4439.78,0.00,1936.93,3846384992.58,6411895206.98,0.00,0.00,0.00,0.00,209429741,480198276,547916014,176197871
4220.70,3384767.71,5540139.44,690516.66,2155371.72,2635.34,4539.44,0.00,1904.10,3846384992.58,6411895206.98,0.00,0.00,0.00,0.00,209479450,480823214,547916014,176197871
4222.70,3385344.06,5543155.41,690516.66,2157811.35,576.34,3015.97,0.00,2439.63,3846384992.58,6411895206.98,0.00,0.00,0.00,0.00,209490431,480959777,548993403,176197871
4224.70,3385866.89,5546144.50,690516.66,2160277.61,522.84,2989.09,0.00,2466.26,3846384992.58,6411895206.98,0.00,0.00,0.00,0.00,209496848,481087206,550079338,176197871
4226.70,3388377.23,5550795.55,690516.66,2162418.32,2510.33,4651.04,0.00,2140.71,3846384992.58,6411895206.98,0.00,0.00,0.00,0.00,209607653,481619046,550079338,176197871
4228.70,3390838.23,5555328.91,690516.66,2164490.68,2461.00,4533.36,0.00,2072.36,3846384992.58,6411895206.98,0.00,0.00,0.00,0.00,209749847,482106869,551217326,176197871
4230.70,3391488.05,5558707.45,690516.66,2167219.40,649.82,3378.54,0.00,2728.72,3846384992.58,6411895206.98,0.00,0.00,0.00,0.00,209773024,482250046,551217326,176197871
4232.70,3391488.05,5561216.77,690516.66,2169728.71,0.00,2509.31,0.00,2509.31,3846384992.58,6411895206.98,0.00,0.00,0.00,0.00,209773024,482250046,551217326,176197871
4234.70,3391488.05,5564110.14,690516.66,2172622.09,0.00,2893.37,0.00,2893.37,3846384992.58,6411895206.98,0.00,0.00,0.00,0.00,209773024,482250046,551217326,176197871
4236.70,3391488.05,5566786.58,690516.66,2175298.53,0.00,2676.45,0.00,2676.45,3846384992.58,6411895206.98,0.00,0.00,0.00,0.00,209773024,482250046,551217326,176197871
4238.70,3391488.05,5569279.56,690516.66,2177791.51,0.00,2492.98,0.00,2492.98,3846384992.58,6411895206.98,0.00,0.00,0.00,0.00,209773024,482250046,551217326,176197871
4240.70,3391488.05,5571583.46,690516.66,2180095.41,0.00,2303.91,0.00,2303.91,3846384992.58,6411895206.98,0.00,0.00,0.00,0.00,209773024,482250046,551217326,176197871
4242.70,3391488.05,5573944.16,690516.66,2182456.11,0.00,2360.69,0.00,2360.69,3846384992.58,6411895206.98,0.00,0.00,0.00,0.00,209773024,482250046,551217326,176197871
4244.70,3391488.05,5576303.08,690516.66,2184815.03,0.00,2358.93,0.00,2358.93,3846384992.58,6411895206.98,0.00,0.00,0.00,0.00,209773024,482250046,551217326,176197871
4246.73,3391489.05,5578722.82,690516.66,2187233.77,1.00,2419.73,0.00,2418.73,3846384992.58,6411895206.98,0.00,0.00,0.00,0.00,209773039,482250287,556964949,176197871
4248.73,3393995.86,5583156.05,690516.66,2189160.19,2506.81,4433.23,0.00,1926.42,3846384992.58,6411895206.98,0.00,0.00,0.00,0.00,209913991,482751079,556964949,176197871
4250.73,3396656.16,5587781.20,690516.66,2191125.03,2660.30,4625.14,0.00,1964.84,3846384992.58,6411895206.98,0.00,0.00,0.00,0.00,210058931,483287176,556964949,176197871
4252.73,3397632.04,5590961.23,690516.66,2193329.18,975.88,3180.03,0.00,2204.15,3846384992.58,6411895206.98,0.00,0.00,0.00,0.00,210120909,483475023,558073395,176197871
4254.76,3397632.04,5593793.23,690516.66,2196161.19,0.00,2832.01,0.00,2832.01,3846384992.58,6411895206.98,0.00,0.00,0.00,0.00,210120909,483475023,558073395,176197871
4256.76,3397632.04,5596668.93,690516.66,2199036.88,0.00,2875.69,0.00,2875.69,3846384992.58,6411895206.98,0.00,0.00,0.00,0.00,210120909,483475023,558073395,176197871
4258.76,3397632.04,5599219.81,690516.66,2201587.77,0.00,2550.89,0.00,2550.89,3846384992.58,6411895206.98,0.00,0.00,0.00,0.00,210120909,483475023,558073395,176197871
4260.76,3397632.04,5601637.91,690516.66,2204005.86,0.00,2418.09,0.00,2418.09,3846384992.58,6411895206.98,0.00,0.00,0.00,0.00,210120909,483475023,558073395,176197871
4262.76,3398863.41,5604922.53,690516.66,2206059.11,1231.37,3284.62,0.00,2053.25,3846384992.58,6411895206.98,0.00,0.00,0.00,0.00,210218178,483692985,561496826,176197871
4264.76,3401380.57,5609345.24,690516.66,2207964.68,2517.15,4422.71,0.00,1905.56,3846384992.58,6411895206.98,0.00,0.00,0.00,0.00,210397362,484158192,561496826,176197871
4266.76,3403965.16,5613276.47,691206.43,2209311.31,2584.59,3931.23,689.77,1346.64,3846384992.58,6411895206.98,0.00,0.00,0.00,0.00,210577227,484639982,562542369,176197871
4268.76,3406523.29,5615834.60,693873.00,2209311.31,2558.13,2558.13,2666.58,0.00,3846384992.58,6411895206.98,0.00,0.00,0.00,0.00,210741145,485130946,562542369,176197871
4270.76,3408835.02,5618260.27,696029.25,2209425.25,2311.73,2425.67,2156.25,113.94,3846384992.58,6411895206.98,0.00,0.00,0.00,0.00,209430752,485621919,562542369,177609095
4272.76,3411473.32,5622805.20,696029.25,2211331.88,2638.30,4544.93,0.00,1906.62,3846384992.58,6411895206.98,0.00,0.00,0.00,0.00,209593016,486135060,562542369,177609095
4274.76,3413878.83,5627210.35,696029.25,2213331.52,2405.50,4405.15,0.00,1999.64,3846384992.58,6411895206.98,0.00,0.00,0.00,0.00,209691328,486652557,563203367,177609095
4276.76,3416064.05,5631850.81,696029.25,2215786.77,2185.22,4640.46,0.00,2455.25,3846384992.58,6411895206.98,0.00,0.00,0.00,0.00,209760755,487142546,563203367,177609095
4278.76,3416064.05,5634315.21,696029.25,2218251.16,0.00,2464.39,0.00,2464.39,3846384992.58,6411895206.98,0.00,0.00,0.00,0.00,209760755,487142546,563203367,177609095
4280.76,3416064.05,5637176.65,696029.25,2221112.60,0.00,2861.44,0.00,2861.44,3846384992.58,6411895206.98,0.00,0.00,0.00,0.00,209760755,487142546,563203367,177609095
4282.76,3416064.05,5639668.68,696029.25,2223604.63,0.00,2492.03,0.00,2492.03,3846384992.58,6411895206.98,0.00,0.00,0.00,0.00,209760755,487142546,563203367,177609095
4284.81,3416064.05,5642297.45,696029.25,2226233.40,0.00,2628.77,0.00,2628.77,3846384992.58,6411895206.98,0.00,0.00,0.00,0.00,209760755,487142546,563203367,177609095
4286.81,3416064.05,5645006.86,696029.25,2228942.81,0.00,2709.41,0.00,2709.41,3846384992.58,6411895206.98,0.00,0.00,0.00,0.00,209760755,487142546,563203367,177609095
4288.81,3416064.05,5647708.53,696029.25,2231644.48,0.00,2701.67,0.00,2701.67,3846384992.58,6411895206.98,0.00,0.00,0.00,0.00,209760755,487142546,563203367,177609095
4290.81,3416064.05,5649811.64,696029.25,2233747.59,0.00,2103.11,0.00,2103.11,3846384992.58,6411895206.98,0.00,0.00,0.00,0.00,209760755,487142546,563203367,177609095
4292.81,3417717.07,5653151.50,696029.25,2235434.43,1653.02,3339.86,0.00,1686.84,3846384992.58,6411895206.98,0.00,0.00,0.00,0.00,209876680,487449794,568805036,177609095
4294.81,3420207.43,5657369.36,696029.25,2237161.93,2490.37,4217.87,0.00,1727.50,3846384992.58,6411895206.98,0.00,0.00,0.00,0.00,210060314,487903694,568805036,177609095
4296.81,3422628.11,5661737.96,696029.25,2239109.86,2420.67,4368.60,0.00,1947.93,3846384992.58,6411895206.98,0.00,0.00,0.00,0.00,210183657,488400043,569671651,177609095
4298.81,3425220.85,5666399.81,696029.25,2241178.96,2592.75,4661.85,0.00,2069.10,3846384992.58,6411895206.98,0.00,0.00,0.00,0.00,210344176,488903267,569671651,177609095
4300.81,3427543.93,5670267.20,696776.84,2242723.27,2323.08,3867.39,747.58,1544.31,3846384992.58,6411895206.98,0.00,0.00,0.00,0.00,210510475,489331676,570894657,177609095
4302.81,3430102.03,5672825.30,699438.11,2242723.27,2558.10,2558.10,2661.27,0.00,3846384992.58,6411895206.98,0.00,0.00,0.00,0.00,210685386,489811639,570894657,177609095
4304.81,3432659.14,5675382.41,702105.97,2242723.27,2557.11,2557.11,2667.86,0.00,3846384992.58,6411895206.98,0.00,0.00,0.00,0.00,210844843,490306801,570894657,177609095
4306.81,3434969.97,5679336.58,702147.21,2244366.61,2310.83,3954.18,41.24,1643.34,3846384992.58,6411895206.98,0.00,0.00,0.00,0.00,209419696,490757323,570894657,179175293
4308.81,3437447.62,5683759.72,702147.21,2246312.09,2477.66,4423.14,0.00,1945.48,3846384992.58,6411895206.98,0.00,0.00,0.00,0.00,209569624,491241675,570894657,179175293
4310.81,3439723.53,5687932.25,702147.21,2248208.72,2275.90,4172.53,0.00,1896.62,3846384992.58,6411895206.98,0.00,0.00,0.00,0.00,209663519,491730411,571972842,179175293
4312.81,3442247.44,5692544.91,702147.21,2250297.48,2523.91,4612.67,0.00,2088.76,3846384992.58,6411895206.98,0.00,0.00,0.00,0.00,209785674,492254377,571972842,179175293
4314.81,3444419.05,5696761.03,702147.21,2252341.98,2171.61,4216.11,0.00,2044.50,3846384992.58,6411895206.98,0.00,0.00,0.00,0.00,209916948,492679035,573049671,179175293
4316.81,3446784.05,5701236.41,702147.21,2254452.37,2365.00,4475.39,0.00,2110.39,3846384992.58,6411895206.98,0.00,0.00,0.00,0.00,210030440,493170983,573049671,179175293
4318.81,3446784.05,5703675.20,702147.21,2256891.15,0.00,2438.78,0.00,2438.78,3846384992.58,6411895206.98,0.00,0.00,0.00,0.00,210030440,493170983,573049671,179175293
4320.81,3446784.05,5706465.55,702147.21,2259681.50,0.00,2790.35,0.00,2790.35,3846384992.58,6411895206.98,0.00,0.00,0.00,0.00,210030440,493170983,573049671,179175293
4322.81,3449101.27,5710894.09,702147.21,2261792.82,2317.23,4428.55,0.00,2111.32,3846384992.58,6411895206.98,0.00,0.00,0.00,0.00,210195441,493599192,575178153,179175293
4324.81,3451549.15,5715562.69,702147.21,2264013.54,2447.88,4668.59,0.00,2220.71,3846384992.58,6411895206.98,0.00,0.00,0.00,0.00,210355855,494065435,575178153,179175293
4326.81,3454025.80,5718505.75,704202.69,2264479.95,2476.65,2943.06,2055.47,466.41,3846384992.58,6411895206.98,0.00,0.00,0.00,0.00,210545820,494509493,576372357,179175293
4328.81,3456565.46,5721045.40,706867.82,2264479.95,2539.65,2539.65,2665.13,0.00,3846384992.58,6411895206.98,0.00,0.00,0.00,0.00,210733914,494971550,576372357,179175293
4330.81,3458804.03,5724428.12,707674.37,2265624.09,2238.57,3382.72,806.55,1144.14,3846384992.58,6411895206.98,0.00,0.00,0.00,0.00,209488279,495375308,576372357,180590245
4332.81,3459072.02,5727530.37,707674.37,2268458.35,267.99,3102.25,0.00,2834.26,3846384992.58,6411895206.98,0.00,0.00,0.00,0.00,209518943,495413249,576372357,180590245
4334.81,3459072.02,5730180.94,707674.37,2271108.92,0.00,2650.57,0.00,2650.57,3846384992.58,6411895206.98,0.00,0.00,0.00,0.00,209518943,495413249,576372357,180590245
4336.81,3459072.02,5733136.86,707674.37,2274064.84,0.00,2955.93,0.00,2955.93,3846384992.58,6411895206.98,0.00,0.00,0.00,0.00,209518943,495413249,576372357,180590245
4338.81,3459072.02,5735658.97,707674.37,2276586.95,0.00,2522.11,0.00,2522.11,3846384992.58,6411895206.98,0.00,0.00,0.00,0.00,209518943,495413249,576372357,180590245
4340.81,3459072.02,5738397.56,707674.37,2279325.54,0.00,2738.59,0.00,2738.59,3846384992.58,6411895206.98,0.00,0.00,0.00,0.00,209518943,495413249,576372357,180590245
4342.81,3459072.02,5741285.31,707674.37,2282213.29,0.00,2887.75,0.00,2887.75,3846384992.58,6411895206.98,0.00,0.00,0.00,0.00,209518943,495413249,576372357,180590245
4344.81,3459072.02,5743955.16,707674.37,2284883.14,0.00,2669.85,0.00,2669.85,3846384992.58,6411895206.98,0.00,0.00,0.00,0.00,209518943,495413249,576372357,180590245
4346.81,3459072.02,5746781.31,707674.37,2287709.29,0.00,2826.15,0.00,2826.15,3846384992.58,6411895206.98,0.00,0.00,0.00,0.00,209518943,495413249,576372357,180590245
4348.81,3459072.02,5749395.83,707674.37,2290323.81,0.00,2614.52,0.00,2614.52,3846384992.58,6411895206.98,0.00,0.00,0.00,0.00,209518943,495413249,576372357,180590245
4350.81,3459072.02,5752333.32,707674.37,2293261.30,0.00,2937.49,0.00,2937.49,3846384992.58,6411895206.98,0.00,0.00,0.00,0.00,209518943,495413249,576372357,180590245
4352.81,3459072.02,5754621.87,707674.37,2295549.85,0.00,2288.55,0.00,2288.55,3846384992.58,6411895206.98,0.00,0.00,0.00,0.00,209518943,495413249,576372357,180590245
4354.81,3459072.02,5756944.15,707674.37,2297872.13,0.00,2322.28,0.00,2322.28,3846384992.58,6411895206.98,0.00,0.00,0.00,0.00,209518943,495413249,576372357,180590245
4356.81,3459072.02,5759067.26,707674.37,2299995.24,0.00,2123.11,0.00,2123.11,3846384992.58,6411895206.98,0.00,0.00,0.00,0.00,209518943,495413249,576372357,180590245
4358.81,3459487.77,5761600.44,707674.37,2302112.67,415.75,2533.18,0.00,2117.43,3846384992.58,6411895206.98,0.00,0.00,0.00,0.00,209545336,495493288,585926168,180590245
4360.81,3462006.91,5765876.05,707674.37,2303869.14,2519.14,4275.61,0.00,1756.47,3846384992.58,6411895206.98,0.00,0.00,0.00,0.00,209728734,495954790,585926168,180590245
4362.87,3464546.41,5770137.48,707674.37,2305591.07,2539.50,4261.44,0.00,1721.94,3846384992.58,6411895206.98,0.00,0.00,0.00,0.00,209924200,496409436,586895736,180590245
4364.87,3465216.04,5773496.30,707674.37,2308280.26,669.63,3358.82,0.00,2689.19,3846384992.58,6411895206.98,0.00,0.00,0.00,0.00,209997751,496507311,586895736,180590245
4366.87,3465216.04,5776134.45,707674.37,2310918.41,0.00,2638.15,0.00,2638.15,3846384992.58,6411895206.98,0.00,0.00,0.00,0.00,209997751,496507311,586895736,180590245
4368.87,3465216.04,5778434.52,707674.37,2313218.48,0.00,2300.07,0.00,2300.07,3846384992.58,6411895206.98,0.00,0.00,0.00,0.00,209997751,496507311,586895736,180590245
4370.87,3465216.04,5780799.36,707674.37,2315583.32,0.00,2364.84,0.00,2364.84,3846384992.58,6411895206.98,0.00,0.00,0.00,0.00,209997751,496507311,586895736,180590245
4372.87,3465216.04,5783651.23,707674.37,2318435.19,0.00,2851.87,0.00,2851.87,3846384992.58,6411895206.98,0.00,0.00,0.00,0.00,209997751,496507311,586895736,180590245
4374.87,3466680.81,5787104.84,707674.37,2320424.03,1464.77,3453.61,0.00,1988.84,3846384992.58,6411895206.98,0.00,0.00,0.00,0.00,210096980,496783062,590439906,180590245
4376.87,3469153.55,5791358.40,707674.37,2322204.85,2472.75,4253.57,0.00,1780.82,3846384992.58,6411895206.98,0.00,0.00,0.00,0.00,210280374,497232691,590439906,180590245
4378.87,3471734.75,5794794.05,708972.61,2323059.30,2581.20,3435.65,1298.23,854.46,3846384992.58,6411895206.98,0.00,0.00,0.00,0.00,210497794,497676057,591355929,180590245
4380.87,3474295.60,5797354.90,711619.75,2323059.30,2560.85,2560.85,2647.14,0.00,3846384992.58,6411895206.98,0.00,0.00,0.00,0.00,210710349,498119079,591355929,180590245
4382.87,3476515.63,5800102.94,713242.00,2323587.30,2220.04,2748.04,1622.25,528.00,3846384992.58,6411895206.98,0.00,0.00,0.00,0.00,209454180,498518268,591355929,182015554
4384.87,3479203.51,5805008.64,713242.00,2325805.13,2687.88,4905.70,0.00,2217.82,3846384992.58,6411895206.98,0.00,0.00,0.00,0.00,209558345,499102199,591355929,182015554
4386.87,3481716.75,5809888.48,713242.00,2328171.73,2513.24,4879.84,0.00,2366.60,3846384992.58,6411895206.98,0.00,0.00,0.00,0.00,209661044,499642889,591355929,182015554
4388.87,3483648.04,5813882.03,713242.00,2330233.98,1931.30,3993.55,0.00,2062.25,3846384992.58,6411895206.98,0.00,0.00,0.00,0.00,209738475,500059870,592527429,182015554
4390.87,3483648.04,5816443.21,713242.00,2332795.17,0.00,2561.18,0.00,2561.18,3846384992.58,6411895206.98,0.00,0.00,0.00,0.00,209738475,500059870,592527429,182015554
4392.87,3483648.04,5819354.36,713242.00,2335706.32,0.00,2911.15,0.00,2911.15,3846384992.58,6411895206.98,0.00,0.00,0.00,0.00,209738475,500059870,592527429,182015554
4394.87,3483648.04,5821827.89,713242.00,2338179.85,0.00,2473.53,0.00,2473.53,3846384992.58,6411895206.98,0.00,0.00,0.00,0.00,209738475,500059870,592527429,182015554
4396.87,3483648.04,5824053.64,713242.00,2340405.59,0.00,2225.74,0.00,2225.74,3846384992.58,6411895206.98,0.00,0.00,0.00,0.00,209738475,500059870,592527429,182015554
4398.87,3483648.04,5826061.98,713242.00,2342413.94,0.00,2008.34,0.00,2008.34,3846384992.58,6411895206.98,0.00,0.00,0.00,0.00,209738475,500059870,592527429,182015554
4400.87,3484118.05,5828729.34,713242.00,2344611.29,470.00,2667.36,0.00,2197.36,3846384992.58,6411895206.98,0.00,0.00,0.00,0.00,209765613,500153053,596612297,182015554
4402.87,3486628.79,5832952.54,713242.00,2346323.75,2510.74,4223.20,0.00,1712.46,3846384992.58,6411895206.98,0.00,0.00,0.00,0.00,209907965,500653450,596612297,182015554
4404.87,3489157.57,5837130.25,713242.00,2347972.68,2528.78,4177.71,0.00,1648.93,3846384992.58,6411895206.98,0.00,0.00,0.00,0.00,209987843,501220940,597511052,182015554
4406.87,3489792.05,5840424.45,713242.00,2350632.40,634.48,3294.20,0.00,2659.72,3846384992.58,6411895206.98,0.00,0.00,0.00,0.00,210014207,501357004,597511052,182015554
4408.87,3490461.55,5843636.88,713242.00,2353175.32,669.50,3212.43,0.00,2542.92,3846384992.58,6411895206.98,0.00,0.00,0.00,0.00,210026939,501515665,598706086,182015554
4410.87,3492976.67,5848478.08,713242.00,2355501.41,2515.11,4841.20,0.00,2326.09,3846384992.58,6411895206.98,0.00,0.00,0.00,0.00,210122328,502064145,598706086,182015554
4412.87,3495554.02,5852685.08,713764.00,2357131.06,2577.35,4207.00,522.00,1629.65,3846384992.58,6411895206.98,0.00,0.00,0.00,0.00,210288026,502558249,599857283,182015554
4414.87,3498107.66,5855238.73,716423.94,2357131.06,2553.64,2553.64,2659.94,0.00,3846384992.58,6411895206.98,0.00,0.00,0.00,0.00,210459275,503040733,599857283,182015554
4416.87,3500664.36,5857795.42,719090.50,2357131.06,2556.69,2556.69,2666.56,0.00,3846384992.58,6411895206.98,0.00,0.00,0.00,0.00,210642533,503511988,599857283,182015554
4418.87,3502080.06,5861129.80,719378.50,2359049.74,1415.70,3334.38,288.00,1918.68,3846384992.58,6411895206.98,0.00,0.00,0.00,0.00,209158070,503787928,599857283,183586497
4420.94,3502080.06,5863747.95,719378.50,2361667.89,0.00,2618.15,0.00,2618.15,3846384992.58,6411895206.98,0.00,0.00,0.00,0.00,209158070,503787928,599857283,183586497
4422.94,3502080.06,5866468.77,719378.50,2364388.71,0.00,2720.82,0.00,2720.82,3846384992.58,6411895206.98,0.00,0.00,0.00,0.00,209158070,503787928,599857283,183586497
4424.94,3502080.06,5869155.59,719378.50,2367075.53,0.00,2686.82,0.00,2686.82,3846384992.58,6411895206.98,0.00,0.00,0.00,0.00,209158070,503787928,599857283,183586497
4426.94,3502080.06,5871981.91,719378.50,2369901.85,0.00,2826.32,0.00,2826.32,3846384992.58,6411895206.98,0.00,0.00,0.00,0.00,209158070,503787928,599857283,183586497
4428.94,3502080.06,5874658.33,719378.50,2372578.27,0.00,2676.42,0.00,2676.42,3846384992.58,6411895206.98,0.00,0.00,0.00,0.00,209158070,503787928,599857283,183586497
4430.94,3502080.06,5877563.67,719378.50,2375483.61,0.00,2905.34,0.00,2905.34,3846384992.58,6411895206.98,0.00,0.00,0.00,0.00,209158070,503787928,599857283,183586497
4432.94,3502080.06,5879876.07,719378.50,2377796.01,0.00,2312.39,0.00,2312.39,3846384992.58,6411895206.98,0.00,0.00,0.00,0.00,209158070,503787928,599857283,183586497
4434.94,3502080.06,5882255.57,719378.50,2380175.51,0.00,2379.50,0.00,2379.50,3846384992.58,6411895206.98,0.00,0.00,0.00,0.00,209158070,503787928,599857283,183586497
4436.94,3504515.32,5886372.80,719378.50,2381857.48,2435.26,4117.23,0.00,1681.97,3846384992.58,6411895206.98,0.00,0.00,0.00,0.00,209320166,504249259,605784052,183586497
4438.94,3506882.08,5890601.88,719378.50,2383719.80,2366.76,4229.07,0.00,1862.32,3846384992.58,6411895206.98,0.00,0.00,0.00,0.00,209504758,504670557,605784052,183586497
4440.94,3509251.92,5894927.96,719378.50,2385676.04,2369.84,4326.08,0.00,1956.24,3846384992.58,6411895206.98,0.00,0.00,0.00,0.00,209671356,505110639,606728590,183586497
4442.94,3511807.27,5899738.57,719378.50,2387931.31,2555.34,4810.62,0.00,2255.27,3846384992.58,6411895206.98,0.00,0.00,0.00,0.00,209824980,505611183,606728590,183586497
4444.94,3514174.25,5904113.34,719378.50,2389939.09,2366.98,4374.76,0.00,2007.78,3846384992.58,6411895206.98,0.00,0.00,0.00,0.00,209981722,506060388,607694076,183586497
4446.94,3514368.04,5907012.69,719378.50,2392644.65,193.79,2899.36,0.00,2705.56,3846384992.58,6411895206.98,0.00,0.00,0.00,0.00,209996257,506095464,607694076,183586497
4448.94,3514368.04,5909725.53,719378.50,2395357.49,0.00,2712.84,0.00,2712.84,3846384992.58,6411895206.98,0.00,0.00,0.00,0.00,209996257,506095464,607694076,183586497
4450.94,3514368.04,5912215.33,719378.50,2397847.29,0.00,2489.80,0.00,2489.80,3846384992.58,6411895206.98,0.00,0.00,0.00,0.00,209996257,506095464,607694076,183586497
4452.94,3514368.04,5914509.59,719378.50,2400141.55,0.00,2294.27,0.00,2294.27,3846384992.58,6411895206.98,0.00,0.00,0.00,0.00,209996257,506095464,607694076,183586497
4454.94,3514368.04,5916698.95,719378.50,2402330.91,0.00,2189.36,0.00,2189.36,3846384992.58,6411895206.98,0.00,0.00,0.00,0.00,209996257,506095464,607694076,183586497
4456.94,3514368.04,5919095.00,719378.50,2404726.96,0.00,2396.04,0.00,2396.04,3846384992.58,6411895206.98,0.00,0.00,0.00,0.00,209996257,506095464,607694076,183586497
4458.94,3516128.75,5922656.99,719378.50,2406528.24,1760.71,3561.99,0.00,1801.29,3846384992.58,6411895206.98,0.00,0.00,0.00,0.00,210134720,506407742,611995540,183586497
4460.94,3518680.54,5927044.99,719378.50,2408364.45,2551.80,4388.00,0.00,1836.20,3846384992.58,6411895206.98,0.00,0.00,0.00,0.00,210310251,506885471,611995540,183586497
4462.94,3521228.93,5930337.64,720926.27,2409108.72,2548.38,3292.66,1547.78,744.27,3846384992.58,6411895206.98,0.00,0.00,0.00,0.00,210527710,507320398,612962552,183586497
4464.94,3523781.41,5932890.13,723584.86,2409108.72,2552.49,2552.49,2658.59,0.00,3846384992.58,6411895206.98,0.00,0.00,0.00,0.00,210716345,507785200,612962552,183586497
4466.94,3526031.60,5935580.00,725378.13,2409548.40,2250.19,2689.87,1793.27,439.68,3846384992.58,6411895206.98,0.00,0.00,0.00,0.00,209394396,508147372,612962552,185122322
4468.94,3528685.61,5940124.65,725378.13,2411439.04,2654.00,4544.65,0.00,1890.64,3846384992.58,6411895206.98,0.00,0.00,0.00,0.00,209626081,508595112,612962552,185122322
4470.94,3531047.62,5944512.10,725378.13,2413464.48,2362.02,4387.45,0.00,2025.43,3846384992.58,6411895206.98,0.00,0.00,0.00,0.00,209790508,509035361,613921839,185122322
4472.94,3532800.02,5948432.20,725378.13,2415632.18,1752.40,3920.10,0.00,2167.70,3846384992.58,6411895206.98,0.00,0.00,0.00,0.00,209935885,509338598,613921839,185122322
4474.94,3532800.02,5950731.63,725378.13,2417931.61,0.00,2299.43,0.00,2299.43,3846384992.58,6411895206.98,0.00,0.00,0.00,0.00,209935885,509338598,613921839,185122322
4476.94,3532800.02,5953576.17,725378.13,2420776.15,0.00,2844.54,0.00,2844.54,3846384992.58,6411895206.98,0.00,0.00,0.00,0.00,209935885,509338598,613921839,185122322
4478.94,3532800.02,5955939.31,725378.13,2423139.29,0.00,2363.14,0.00,2363.14,3846384992.58,6411895206.98,0.00,0.00,0.00,0.00,209935885,509338598,613921839,185122322
4480.94,3534034.58,5959173.47,725378.13,2425138.89,1234.56,3234.16,0.00,1999.60,3846384992.58,6411895206.98,0.00,0.00,0.00,0.00,210035527,509555003,616824764,185122322
4482.94,3536502.37,5963350.99,725378.13,2426848.62,2467.79,4177.52,0.00,1709.72,3846384992.58,6411895206.98,0.00,0.00,0.00,0.00,210201052,510021233,616824764,185122322
4484.94,3539019.73,5966216.23,727466.51,2427196.50,2517.36,2865.25,2088.38,347.88,3846384992.58,6411895206.98,0.00,0.00,0.00,0.00,210398223,510468507,617542655,185122322
4486.94,3541551.37,5968747.87,730127.90,2427196.50,2531.64,2531.64,2661.39,0.00,3846384992.58,6411895206.98,0.00,0.00,0.00,0.00,210609147,510905682,617542655,185122322
4488.94,3543818.99,5971855.28,731423.55,2428036.29,2267.62,3107.41,1295.65,839.79,3847341610.44,6412882820.74,956617.86,987613.76,0.00,0.00,209246827,511300886,617542655,186669948
4490.94,3546427.82,5976402.25,731423.55,2429974.42,2608.84,4546.97,0.00,1938.13,3847341610.44,6412882820.74,0.00,0.00,0.00,0.00,209448532,511767043,617542655,186669948
4492.94,3548924.70,5980902.77,731423.55,2431978.07,2496.88,4500.52,0.00,2003.64,3847341610.44,6412882820.74,0.00,0.00,0.00,0.00,209653358,512201417,618535718,186669948
4494.94,3551232.01,5985511.68,731423.55,2434279.67,2307.31,4608.91,0.00,2301.60,3847341610.44,6412882820.74,0.00,0.00,0.00,0.00,209840643,512604803,618535718,186669948
4496.94,3551232.01,5988274.54,731423.55,2437042.53,0.00,2762.86,0.00,2762.86,3847341610.44,6412882820.74,0.00,0.00,0.00,0.00,209840643,512604803,618535718,186669948
4498.94,3551232.01,5991050.84,731423.55,2439818.84,0.00,2776.31,0.00,2776.31,3847341610.44,6412882820.74,0.00,0.00,0.00,0.00,209840643,512604803,618535718,186669948
4500.94,3551232.01,5993673.99,731423.55,2442441.98,0.00,2623.14,0.00,2623.14,3847341610.44,6412882820.74,0.00,0.00,0.00,0.00,209840643,512604803,618535718,186669948
4502.94,3551232.01,5996629.31,731423.55,2445397.30,0.00,2955.32,0.00,2955.32,3847341610.44,6412882820.74,0.00,0.00,0.00,0.00,209840643,512604803,618535718,186669948
4504.94,3553523.02,6000864.96,731423.55,2447341.93,2291.02,4235.64,0.00,1944.63,3847341610.44,6412882820.74,0.00,0.00,0.00,0.00,210025170,513006776,622187101,186669948
4506.94,3556069.32,6005770.38,731423.55,2449701.07,2546.29,4905.43,0.00,2359.13,3847341610.44,6412882820.74,0.00,0.00,0.00,0.00,210212560,513471237,622187101,186669948
4508.94,3558563.46,6009040.98,733125.50,2450477.52,2494.14,3270.60,1701.95,776.45,3847341610.44,6412882820.74,0.00,0.00,0.00,0.00,210427303,513894995,623474909,186669948
4510.94,3561123.00,6011600.52,735790.92,2450477.52,2559.54,2559.54,2665.42,0.00,3847341610.44,6412882820.74,0.00,0.00,0.00,0.00,210613803,514363736,623474909,186669948
4512.94,3563342.84,6014278.96,737526.70,2450936.12,2219.84,2678.45,1735.79,458.61,3847341610.44,6412882820.74,0.00,0.00,0.00,0.00,209223223,514761142,623474909,188231401
4514.94,3563520.01,6017094.18,737526.70,2453574.17,177.17,2815.21,0.00,2638.04,3847341610.44,6412882820.74,0.00,0.00,0.00,0.00,209238609,514791112,623474909,188231401
4516.94,3563520.01,6019724.61,737526.70,2456204.60,0.00,2630.43,0.00,2630.43,3847341610.44,6412882820.74,0.00,0.00,0.00,0.00,209238609,514791112,623474909,188231401
4518.94,3563520.01,6022564.83,737526.70,2459044.82,0.00,2840.22,0.00,2840.22,3847341610.44,6412882820.74,0.00,0.00,0.00,0.00,209238609,514791112,623474909,188231401
4520.94,3563520.01,6025105.66,737526.70,2461585.65,0.00,2540.83,0.00,2540.83,3847341610.44,6412882820.74,0.00,0.00,0.00,0.00,209238609,514791112,623474909,188231401
4522.94,3563520.01,6027818.02,737526.70,2464298.02,0.00,2712.37,0.00,2712.37,3847341610.44,6412882820.74,0.00,0.00,0.00,0.00,209238609,514791112,623474909,188231401
4524.94,3563520.01,6030223.92,737526.70,2466703.91,0.00,2405.90,0.00,2405.90,3847341610.44,6412882820.74,0.00,0.00,0.00,0.00,209238609,514791112,623474909,188231401
4526.94,3564221.52,6033071.51,737526.70,2468849.99,701.51,2847.59,0.00,2146.08,3847341610.44,6412882820.74,0.00,0.00,0.00,0.00,209278414,514930894,628049569,188231401
4528.94,3566727.21,6037384.75,737526.70,2470657.54,2505.70,4313.24,0.00,1807.54,3847341610.44,6412882820.74,0.00,0.00,0.00,0.00,209480774,515369992,628049569,188231401
4530.94,3569184.89,6041579.34,737526.70,2472394.45,2457.68,4194.59,0.00,1736.91,3847341610.44,6412882820.74,0.00,0.00,0.00,0.00,209667487,515812445,629038984,188231401
4532.94,3571786.70,6046358.29,737526.70,2474571.59,2601.81,4778.95,0.00,2177.14,3847341610.44,6412882820.74,0.00,0.00,0.00,0.00,209861414,516284581,629038984,188231401
4534.94,3574385.30,6051186.37,737526.70,2476801.07,2598.59,4828.07,0.00,2229.48,3847341610.44,6412882820.74,0.00,0.00,0.00,0.00,210077683,516733552,629038984,188231401
4536.94,3575808.04,6054498.52,737526.70,2478690.48,1422.74,3312.15,0.00,1889.41,3847341610.44,6412882820.74,0.00,0.00,0.00,0.00,210211690,516963767,630214744,188231401
4538.94,3576359.77,6057247.39,738092.60,2480887.63,551.73,2748.88,565.90,2197.15,3847341610.44,6412882820.74,0.00,0.00,0.00,0.00,210246095,517070604,631161273,188231401
4540.94,3578850.39,6059738.02,740758.47,2480887.63,2490.62,2490.62,2665.87,0.00,3847341610.44,6412882820.74,0.00,0.00,0.00,0.00,210433163,517521136,631161273,188231401
4542.94,3581393.05,6062280.68,743420.96,2480887.63,2542.66,2542.66,2662.49,0.00,3847341610.44,6412882820.74,0.00,0.00,0.00,0.00,210637204,517968015,631161273,188231401
4544.94,3581952.00,6065154.68,743563.81,2483202.68,558.96,2874.00,142.84,2315.05,3847341610.44,6412882820.74,0.00,0.00,0.00,0.00,209118142,518084672,631161273,189776899
4546.94,3582373.34,6067904.30,743563.81,2485530.96,421.33,2749.62,0.00,2328.29,3847341610.44,6412882820.74,0.00,0.00,0.00,0.00,209167425,518143250,632248673,189776899
4548.94,3584889.99,6072715.14,743563.81,2487825.15,2516.65,4810.84,0.00,2294.18,3847341610.44,6412882820.74,0.00,0.00,0.00,0.00,209375557,518579381,632248673,189776899
4550.97,3587406.41,6077339.91,743563.81,2489933.50,2516.42,4624.77,0.00,2108.35,3847341610.44,6412882820.74,0.00,0.00,0.00,0.00,209569640,519029502,633475907,189776899
4552.97,3588096.05,6080601.40,743563.81,2492505.35,689.64,3261.49,0.00,2571.85,3847341610.44,6412882820.74,0.00,0.00,0.00,0.00,209629055,519146636,633475907,189776899
4554.97,3588096.05,6083125.97,743563.81,2495029.92,0.00,2524.57,0.00,2524.57,3847341610.44,6412882820.74,0.00,0.00,0.00,0.00,209629055,519146636,633475907,189776899
4556.97,3588101.80,6085482.34,743563.81,2497380.53,5.75,2356.36,0.00,2350.61,3847341610.44,6412882820.74,0.00,0.00,0.00,0.00,209629791,519147372,635376600,189776899
4558.97,3590608.82,6089711.88,743563.81,2499103.06,2507.01,4229.54,0.00,1722.53,3847341610.44,6412882820.74,0.00,0.00,0.00,0.00,209815594,519603364,635376600,189776899
4561.06,3593181.09,6094016.23,743563.81,2500835.13,2572.28,4304.35,0.00,1732.07,3847341610.44,6412882820.74,0.00,0.00,0.00,0.00,210038788,520038673,636261100,189776899
4563.06,3594240.05,6097491.42,743563.81,2503251.38,1058.95,3475.20,0.00,2416.24,3847341610.44,6412882820.74,0.00,0.00,0.00,0.00,210117501,520231052,636261100,189776899
4565.06,3594240.05,6100103.16,743563.81,2505863.12,0.00,2611.74,0.00,2611.74,3847341610.44,6412882820.74,0.00,0.00,0.00,0.00,210117501,520231052,636261100,189776899
4567.06,3594240.05,6102377.01,743563.81,2508136.96,0.00,2273.84,0.00,2273.84,3847341610.44,6412882820.74,0.00,0.00,0.00,0.00,210117501,520231052,636261100,189776899
4569.06,3594240.05,6104597.17,743563.81,2510357.12,0.00,2220.16,0.00,2220.16,3847341610.44,6412882820.74,0.00,0.00,0.00,0.00,210117501,520231052,636261100,189776899
4571.06,3594240.05,6106988.53,743563.81,2512748.48,0.00,2391.36,0.00,2391.36,3847341610.44,6412882820.74,0.00,0.00,0.00,0.00,210117501,520231052,636261100,189776899
4573.06,3596514.35,6111014.98,743563.81,2514500.63,2274.30,4026.45,0.00,1752.15,3847341610.44,6412882820.74,0.00,0.00,0.00,0.00,210288743,520642031,639344847,189776899
4575.06,3599013.86,6115455.55,743563.81,2516441.68,2499.52,4440.57,0.00,1941.05,3847341610.44,6412882820.74,0.00,0.00,0.00,0.00,210492066,521078584,639344847,189776899
4577.06,3601506.96,6118532.02,745328.47,2517025.07,2493.09,3076.48,1764.66,583.38,3847341610.44,6412882820.74,0.00,0.00,0.00,0.00,210682787,521526095,640401881,189776899
4579.06,3604072.98,6121098.05,747997.28,2517025.07,2566.03,2566.03,2668.81,0.00,3847341610.44,6412882820.74,0.00,0.00,0.00,0.00,210845816,522019969,640401881,189776899
4581.06,3606342.04,6124035.73,749309.20,2517693.69,2269.06,2937.68,1311.92,668.62,3847341610.44,6412882820.74,0.00,0.00,0.00,0.00,209543765,522432078,640401881,191247720
4583.06,3606528.03,6127083.77,749309.20,2520555.73,185.99,3048.03,0.00,2862.04,3847341610.44,6412882820.74,0.00,0.00,0.00,0.00,209552508,522470948,640401881,191247720
4585.06,3608537.68,6131146.43,749309.20,2522608.74,2009.65,4062.66,0.00,2053.01,3847341610.44,6412882820.74,0.00,0.00,0.00,0.00,209717815,522820112,641436067,191247720
4587.06,3611027.01,6135920.43,749309.20,2524893.43,2489.32,4774.01,0.00,2284.68,3847341610.44,6412882820.74,0.00,0.00,0.00,0.00,209883700,523291494,641436067,191247720
4589.06,3612672.05,6139673.61,749309.20,2527001.55,1645.05,3753.18,0.00,2108.13,3847341610.44,6412882820.74,0.00,0.00,0.00,0.00,209987422,523608904,642301497,191247720
4591.06,3612672.05,6142438.12,749309.20,2529766.06,0.00,2764.51,0.00,2764.51,3847341610.44,6412882820.74,0.00,0.00,0.00,0.00,209987422,523608904,642301497,191247720
4593.06,3612672.05,6144623.92,749309.20,2531951.86,0.00,2185.80,0.00,2185.80,3847341610.44,6412882820.74,0.00,0.00,0.00,0.00,209987422,523608904,642301497,191247720
4595.06,3612672.05,6146848.19,749309.20,2534176.13,0.00,2224.27,0.00,2224.27,3847341610.44,6412882820.74,0.00,0.00,0.00,0.00,209987422,523608904,642301497,191247720
4597.06,3612672.05,6149145.80,749309.20,2536473.75,0.00,2297.62,0.00,2297.62,3847341610.44,6412882820.74,0.00,0.00,0.00,0.00,209987422,523608904,642301497,191247720
4599.06,3613946.14,6152377.48,749309.20,2538431.34,1274.08,3231.67,0.00,1957.59,3847341610.44,6412882820.74,0.00,0.00,0.00,0.00,210085976,523836515,645371939,191247720
4601.06,3616436.36,6156752.02,749309.20,2540315.65,2490.23,4374.54,0.00,1884.31,3847341610.44,6412882820.74,0.00,0.00,0.00,0.00,210274050,524285939,645371939,191247720
4603.06,3618985.88,6160520.48,750193.30,2541534.60,2549.52,3768.46,884.09,1218.95,3847341610.44,6412882820.74,0.00,0.00,0.00,0.00,210465923,524746743,646397584,191247720
4605.06,3621535.29,6163069.88,752860.03,2541534.60,2549.40,2549.40,2666.73,0.00,3847341610.44,6412882820.74,0.00,0.00,0.00,0.00,210665790,525199523,646397584,191247720
4607.14,3623999.35,6165533.95,755433.70,2541534.60,2464.06,2464.06,2573.67,0.00,3847341610.44,6412882820.74,0.00,0.00,0.00,0.00,209268345,525659897,646397584,192815591
4609.14,3624960.04,6168606.53,755433.70,2543646.49,960.69,3072.59,0.00,2111.89,3847341610.44,6412882820.74,0.00,0.00,0.00,0.00,209335163,525839016,646397584,192815591
4611.14,3626398.73,6172329.57,755433.70,2545930.83,1438.70,3723.04,0.00,2284.34,3847341610.44,6412882820.74,0.00,0.00,0.00,0.00,209440322,526102163,647232584,192815591
4613.14,3628863.93,6177136.68,755433.70,2548272.75,2465.20,4807.12,0.00,2341.92,3847341610.44,6412882820.74,0.00,0.00,0.00,0.00,209713847,526459729,647232584,192815591
4615.14,3631104.01,6181611.83,755433.70,2550507.82,2240.07,4475.15,0.00,2235.07,3847341610.44,6412882820.74,0.00,0.00,0.00,0.00,209913377,526833658,648513492,192815591
4617.14,3631104.01,6184200.46,755433.70,2553096.45,0.00,2588.63,0.00,2588.63,3847341610.44,6412882820.74,0.00,0.00,0.00,0.00,209913377,526833658,648513492,192815591
4619.14,3631104.01,6186961.80,755433.70,2555857.80,0.00,2761.34,0.00,2761.34,3847341610.44,6412882820.74,0.00,0.00,0.00,0.00,209913377,526833658,648513492,192815591
4621.16,3631104.01,6189810.66,755433.70,2558706.65,0.00,2848.86,0.00,2848.86,3847341610.44,6412882820.74,0.00,0.00,0.00,0.00,209913377,526833658,648513492,192815591
4623.16,3631104.01,6192223.87,755433.70,2561119.86,0.00,2413.21,0.00,2413.21,3847341610.44,6412882820.74,0.00,0.00,0.00,0.00,209913377,526833658,648513492,192815591
4625.16,3631104.01,6194450.23,755433.70,2563346.22,0.00,2226.36,0.00,2226.36,3847341610.44,6412882820.74,0.00,0.00,0.00,0.00,209913377,526833658,648513492,192815591
4627.16,3631104.01,6196892.89,755433.70,2565788.89,0.00,2442.66,0.00,2442.66,3847341610.44,6412882820.74,0.00,0.00,0.00,0.00,209913377,526833658,648513492,192815591
4629.16,3632062.39,6199975.60,755433.70,2567913.20,958.39,3082.70,0.00,2124.32,3847341610.44,6412882820.74,0.00,0.00,0.00,0.00,209970422,527021960,652917891,192815591
4631.16,3634559.98,6204400.73,755433.70,2569840.75,2497.59,4425.13,0.00,1927.54,3847341610.44,6412882820.74,0.00,0.00,0.00,0.00,210166925,527464839,652917891,192815591
4633.16,3637081.05,6208484.21,755839.70,2571403.16,2521.07,4083.48,406.00,1562.41,3847341610.44,6412882820.74,0.00,0.00,0.00,0.00,210350987,527926170,654001971,192815591
4635.16,3639640.37,6211043.53,758507.73,2571403.16,2559.32,2559.32,2668.04,0.00,3847341610.44,6412882820.74,0.00,0.00,0.00,0.00,210546516,528385828,654001971,192815591
4637.16,3642184.69,6213587.85,761174.77,2571403.16,2544.32,2544.32,2667.04,0.00,3847341610.44,6412882820.74,0.00,0.00,0.00,0.00,210747931,528835759,654001971,192815591
4639.16,3643392.01,6216419.81,761574.64,2573027.80,1207.32,2831.96,399.87,1624.64,3847341610.44,6412882820.74,0.00,0.00,0.00,0.00,209243918,529076805,654001971,194387631
4641.17,3643393.01,6219250.02,761574.64,2575857.01,1.00,2830.21,0.00,2829.21,3847341610.44,6412882820.74,0.00,0.00,0.00,0.00,209243918,529077061,655139733,194387631
4643.17,3645899.82,6223922.51,761574.64,2578022.69,2506.81,4672.50,0.00,2165.68,3847341610.44,6412882820.74,0.00,0.00,0.00,0.00,209432662,529530061,655139733,194387631
4645.17,3648510.48,6228880.61,761574.64,2580370.12,2610.66,4958.09,0.00,2347.43,3847341610.44,6412882820.74,0.00,0.00,0.00,0.00,209624626,530006427,655139733,194387631
4647.17,3649536.02,6232037.48,761574.64,2582501.46,1025.53,3156.88,0.00,2131.34,3847341610.44,6412882820.74,0.00,0.00,0.00,0.00,209731243,530162346,656355983,194387631
4649.17,3649536.02,6234739.80,761574.64,2585203.79,0.00,2702.32,0.00,2702.32,3847341610.44,6412882820.74,0.00,0.00,0.00,0.00,209731243,530162346,656355983,194387631
4651.17,3649536.02,6237123.80,761574.64,2587587.79,0.00,2384.00,0.00,2384.00,3847341610.44,6412882820.74,0.00,0.00,0.00,0.00,209731243,530162346,656355983,194387631
4653.17,3649536.02,6239549.20,761574.64,2590013.18,0.00,2425.39,0.00,2425.39,3847341610.44,6412882820.74,0.00,0.00,0.00,0.00,209731243,530162346,656355983,194387631
4655.17,3649536.02,6242320.13,761574.64,2592784.11,0.00,2770.93,0.00,2770.93,3847341610.44,6412882820.74,0.00,0.00,0.00,0.00,209731243,530162346,656355983,194387631
4657.17,3649536.02,6244493.16,761574.64,2594957.14,0.00,2173.03,0.00,2173.03,3847341610.44,6412882820.74,0.00,0.00,0.00,0.00,209731243,530162346,656355983,194387631
4659.17,3649536.02,6246822.57,761574.64,2597286.56,0.00,2329.41,0.00,2329.41,3847341610.44,6412882820.74,0.00,0.00,0.00,0.00,209731243,530162346,656355983,194387631
4661.17,3651709.63,6250867.20,761574.64,2599157.57,2173.62,4044.62,0.00,1871.01,3847341610.44,6412882820.74,0.00,0.00,0.00,0.00,209912469,530537566,660658287,194387631
4663.17,3654193.83,6255183.80,761574.64,2600989.97,2484.20,4316.60,0.00,1832.40,3847341610.44,6412882820.74,0.00,0.00,0.00,0.00,210148560,530937429,660658287,194387631
4665.17,3656700.83,6258207.95,763468.38,2601507.11,2507.00,3024.15,1893.74,517.14,3847341610.44,6412882820.74,0.00,0.00,0.00,0.00,210314894,531412888,661670757,194387631
4667.17,3659238.64,6260745.76,766137.68,2601507.11,2537.81,2537.81,2669.30,0.00,3847341610.44,6412882820.74,0.00,0.00,0.00,0.00,210519071,531858391,661670757,194387631
4669.17,3661524.11,6263717.12,767651.02,2602193.02,2285.46,2971.36,1513.34,685.90,3847341610.44,6412882820.74,0.00,0.00,0.00,0.00,209121096,532285891,661670757,195943184
4671.17,3661824.02,6266546.32,767651.02,2604722.29,299.92,2829.20,0.00,2529.28,3847341610.44,6412882820.74,0.00,0.00,0.00,0.00,209147404,532336362,661670757,195943184
4673.17,3663824.73,6270596.32,767651.02,2606771.60,2000.70,4050.01,0.00,2049.30,3847341610.44,6412882820.74,0.00,0.00,0.00,0.00,209309525,532686421,662592255,195943184
4675.17,3666314.05,6275418.46,767651.02,2609104.40,2489.33,4822.13,0.00,2332.80,3847341610.44,6412882820.74,0.00,0.00,0.00,0.00,209486339,533146875,662592255,195943184
4677.17,3667968.03,6278977.77,767651.02,2611009.74,1653.97,3559.31,0.00,1905.34,3847341610.44,6412882820.74,0.00,0.00,0.00,0.00,209621714,533434917,663860067,195943184
4679.17,3667968.03,6281686.89,767651.02,2613718.86,0.00,2709.12,0.00,2709.12,3847341610.44,6412882820.74,0.00,0.00,0.00,0.00,209621714,533434917,663860067,195943184
4681.17,3667968.03,6283951.32,767651.02,2615983.30,0.00,2264.43,0.00,2264.43,3847341610.44,6412882820.74,0.00,0.00,0.00,0.00,209621714,533434917,663860067,195943184
4683.17,3667968.03,6286058.05,767651.02,2618090.03,0.00,2106.73,0.00,2106.73,3847341610.44,6412882820.74,0.00,0.00,0.00,0.00,209621714,533434917,663860067,195943184
4685.17,3668079.29,6288554.86,767651.02,2620475.58,111.26,2496.81,0.00,2385.55,3847341610.44,6412882820.74,0.00,0.00,0.00,0.00,209627697,533457416,666473964,195943184
4687.17,3670582.49,6292884.67,767651.02,2622302.18,2503.20,4329.81,0.00,1826.61,3847341610.44,6412882820.74,0.00,0.00,0.00,0.00,209802316,533923617,666473964,195943184
4689.24,3673063.11,6297204.07,767651.02,2624140.95,2480.62,4319.39,0.00,1838.77,3847341610.44,6412882820.74,0.00,0.00,0.00,0.00,209975102,534385871,667427485,195943184
4691.24,3674112.02,6300668.50,767651.02,2626556.49,1048.90,3464.44,0.00,2415.54,3847341610.44,6412882820.74,0.00,0.00,0.00,0.00,210075489,534554003,667427485,195943184
4693.24,3674112.02,6303409.42,767651.02,2629297.41,0.00,2740.92,0.00,2740.92,3847341610.44,6412882820.74,0.00,0.00,0.00,0.00,210075489,534554003,667427485,195943184
4695.24,3674112.02,6305787.14,767651.02,2631675.13,0.00,2377.72,0.00,2377.72,3847341610.44,6412882820.74,0.00,0.00,0.00,0.00,210075489,534554003,667427485,195943184
4697.24,3674112.02,6307979.46,767651.02,2633867.44,0.00,2192.31,0.00,2192.31,3847341610.44,6412882820.74,0.00,0.00,0.00,0.00,210075489,534554003,667427485,195943184
4699.24,3674642.53,6310647.33,767651.02,2636004.80,530.51,2667.87,0.00,2137.36,3847341610.44,6412882820.74,0.00,0.00,0.00,0.00,210099817,534665486,670303651,195943184
4701.24,3677157.40,6315004.77,767651.02,2637847.37,2514.88,4357.44,0.00,1842.57,3847341610.44,6412882820.74,0.00,0.00,0.00,0.00,210278687,535130424,670303651,195943184
4703.24,3679670.40,6318938.78,768280.32,2639268.38,2513.00,3934.01,629.31,1421.01,3847341610.44,6412882820.74,0.00,0.00,0.00,0.00,210445801,535606638,671248200,195943184
4705.24,3682209.17,6321477.55,770915.39,2639268.38,2538.77,2538.77,2635.06,0.00,3847341610.44,6412882820.74,0.00,0.00,0.00,0.00,210605453,536096911,671248200,195943184
4707.24,3684275.75,6323714.12,773018.84,2639438.38,2066.57,2236.57,2103.45,170.00,3847341610.44,6412882820.74,0.00,0.00,0.00,0.00,209366311,536490933,671248200,197317347
4709.24,3686886.21,6328681.59,773018.84,2641795.38,2610.46,4967.46,0.00,2357.00,3847341610.44,6412882820.74,0.00,0.00,0.00,0.00,209562920,536962603,671248200,197317347
4711.24,3689413.15,6333450.42,773018.84,2644037.27,2526.94,4768.84,0.00,2241.89,3847341610.44,6412882820.74,0.00,0.00,0.00,0.00,209725734,537446686,671248200,197317347
4713.24,3691736.51,6337746.40,773018.84,2646009.89,2323.36,4295.98,0.00,1972.62,3847341610.44,6412882820.74,0.00,0.00,0.00,0.00,209908211,537858988,672516021,197317347
4715.24,3692544.03,6341052.28,773018.84,2648508.25,807.52,3305.88,0.00,2498.36,3847341610.44,6412882820.74,0.00,0.00,0.00,0.00,209962639,538011285,672516021,197317347
4717.24,3692544.03,6343982.26,773018.84,2651438.23,0.00,2929.98,0.00,2929.98,3847341610.44,6412882820.74,0.00,0.00,0.00,0.00,209962639,538011285,672516021,197317347
4719.24,3692544.03,6346462.74,773018.84,2653918.71,0.00,2480.48,0.00,2480.48,3847341610.44,6412882820.74,0.00,0.00,0.00,0.00,209962639,538011285,672516021,197317347
4721.34,3692544.03,6348705.34,773018.84,2656161.32,0.00,2242.60,0.00,2242.60,3847341610.44,6412882820.74,0.00,0.00,0.00,0.00,209962639,538011285,672516021,197317347
4723.34,3692544.03,6351637.03,773018.84,2659093.00,0.00,2931.68,0.00,2931.68,3847341610.44,6412882820.74,0.00,0.00,0.00,0.00,209962639,538011285,672516021,197317347
4725.34,3693040.17,6354743.56,773018.84,2661703.39,496.14,3106.54,0.00,2610.39,3847341610.44,6412882820.74,0.00,0.00,0.00,0.00,210000143,538100794,676704988,197317347
4727.34,3695547.82,6359458.42,773018.84,2663910.60,2507.65,4714.86,0.00,2207.21,3847341610.44,6412882820.74,0.00,0.00,0.00,0.00,210200340,538542556,676704988,197317347
4729.34,3698208.38,6364380.04,773018.84,2666171.66,2660.55,4921.61,0.00,2261.06,3847341610.44,6412882820.74,0.00,0.00,0.00,0.00,210378260,539045737,676704988,197317347
4731.34,3700718.05,6367137.19,775297.49,2666419.14,2509.68,2757.16,2278.65,247.48,3847341610.44,6412882820.74,0.00,0.00,0.00,0.00,210564830,539501645,678023641,197317347
4733.34,3703270.30,6369689.44,777963.81,2666419.14,2552.25,2552.25,2666.32,0.00,3847341610.44,6412882820.74,0.00,0.00,0.00,0.00,210731323,539988528,678023641,197317347
4735.34,3704832.03,6372306.03,779143.13,2667474.00,1561.72,2616.59,1179.32,1054.86,3847341610.44,6412882820.74,0.00,0.00,0.00,0.00,209293233,540258602,678023641,198885164
4737.34,3704832.03,6375271.05,779143.13,2670439.02,0.00,2965.02,0.00,2965.02,3847341610.44,6412882820.74,0.00,0.00,0.00,0.00,209293233,540258602,678023641,198885164
4739.34,3704832.03,6377934.77,779143.13,2673102.74,0.00,2663.72,0.00,2663.72,3847341610.44,6412882820.74,0.00,0.00,0.00,0.00,209293233,540258602,678023641,198885164
4741.34,3704832.03,6380628.45,779143.13,2675796.43,0.00,2693.69,0.00,2693.69,3847341610.44,6412882820.74,0.00,0.00,0.00,0.00,209293233,540258602,678023641,198885164
4743.34,3704832.03,6383641.27,779143.13,2678809.24,0.00,3012.81,0.00,3012.81,3847341610.44,6412882820.74,0.00,0.00,0.00,0.00,209293233,540258602,678023641,198885164
4745.34,3704832.03,6386235.23,779143.13,2681403.20,0.00,2593.96,0.00,2593.96,3847341610.44,6412882820.74,0.00,0.00,0.00,0.00,209293233,540258602,678023641,198885164
4747.34,3704832.03,6389093.91,779143.13,2684261.89,0.00,2858.69,0.00,2858.69,3847341610.44,6412882820.74,0.00,0.00,0.00,0.00,209293233,540258602,678023641,198885164
4749.34,3705745.82,6392076.38,779143.13,2686330.56,913.79,2982.47,0.00,2068.68,3847341610.44,6412882820.74,0.00,0.00,0.00,0.00,209353835,540431931,682955244,198885164
4751.34,3708231.45,6396343.02,779143.13,2688111.56,2485.63,4266.63,0.00,1781.00,3847341610.44,6412882820.74,0.00,0.00,0.00,0.00,209546570,540875518,682955244,198885164
4753.34,3710699.42,6400489.41,779143.13,2689789.98,2467.97,4146.39,0.00,1678.42,3847341610.44,6412882820.74,0.00,0.00,0.00,0.00,209750632,541303256,683866759,198885164
4755.34,3710976.06,6403580.28,779143.13,2692604.22,276.64,3090.87,0.00,2814.23,3847341610.44,6412882820.74,0.00,0.00,0.00,0.00,209766068,541358639,683866759,198885164
4757.34,3712316.51,6407416.80,779143.13,2695100.29,1340.45,3836.52,0.00,2496.07,3847341610.44,6412882820.74,0.00,0.00,0.00,0.00,209887213,541580649,684943471,198885164
4759.34,3714844.12,6412207.73,779143.13,2697363.62,2527.61,4790.93,0.00,2263.32,3847341610.44,6412882820.74,0.00,0.00,0.00,0.00,210093623,542021307,684943471,198885164
4761.34,3717337.46,6416232.70,779956.97,2698895.23,2493.34,4024.96,813.84,1531.62,3847341610.44,6412882820.74,0.00,0.00,0.00,0.00,210307538,542445688,685930945,198885164
4763.34,3719909.77,6418805.00,782623.81,2698895.23,2572.30,2572.30,2666.84,0.00,3847341610.44,6412882820.74,0.00,0.00,0.00,0.00,210536866,542874870,685930945,198885164
4765.45,3722411.77,6421307.00,785221.77,2698895.23,2502.00,2502.00,2597.96,0.00,3847341610.44,6412882820.74,0.00,0.00,0.00,0.00,209204534,543291582,685930945,200441296
4767.45,3723264.02,6424133.87,785221.77,2700869.86,852.25,2826.87,0.00,1974.62,3847341610.44,6412882820.74,0.00,0.00,0.00,0.00,209278178,543436114,685930945,200441296
4769.45,3723264.02,6426563.41,785221.77,2703299.39,0.00,2429.54,0.00,2429.54,3847341610.44,6412882820.74,0.00,0.00,0.00,0.00,209278178,543436114,685930945,200441296
4771.45,3723264.02,6428819.98,785221.77,2705555.96,0.00,2256.57,0.00,2256.57,3847341610.44,6412882820.74,0.00,0.00,0.00,0.00,209278178,543436114,685930945,200441296
4773.45,3725014.20,6432415.41,785221.77,2707401.21,1750.18,3595.43,0.00,1845.24,3847341610.44,6412882820.74,0.00,0.00,0.00,0.00,209423452,543738887,687796909,200441296
4775.45,3727521.07,6436757.94,785221.77,2709236.88,2506.87,4342.54,0.00,1835.67,3847341610.44,6412882820.74,0.00,0.00,0.00,0.00,209608028,544196069,687796909,200441296
4777.45,3729408.06,6440789.31,785221.77,2711381.25,1887.00,4031.37,0.00,2144.37,3847341610.44,6412882820.74,0.00,0.00,0.00,0.00,209778566,544508602,688710848,200441296
4779.45,3729408.06,6443675.16,785221.77,2714267.10,0.00,2885.85,0.00,2885.85,3847341610.44,6412882820.74,0.00,0.00,0.00,0.00,209778566,544508602,688710848,200441296
4781.45,3729408.06,6446398.31,785221.77,2716990.25,0.00,2723.15,0.00,2723.15,3847341610.44,6412882820.74,0.00,0.00,0.00,0.00,209778566,544508602,688710848,200441296
4783.45,3729408.06,6448843.01,785221.77,2719434.95,0.00,2444.70,0.00,2444.70,3847341610.44,6412882820.74,0.00,0.00,0.00,0.00,209778566,544508602,688710848,200441296
4785.45,3729408.06,6451360.87,785221.77,2721952.80,0.00,2517.86,0.00,2517.86,3847341610.44,6412882820.74,0.00,0.00,0.00,0.00,209778566,544508602,688710848,200441296
4787.45,3731660.42,6455522.80,785221.77,2723862.38,2252.36,4161.93,0.00,1909.58,3847341610.44,6412882820.74,0.00,0.00,0.00,0.00,209961244,544902527,691883458,200441296
4789.45,3734152.71,6459907.64,785221.77,2725754.93,2492.29,4384.84,0.00,1892.55,3847341610.44,6412882820.74,0.00,0.00,0.00,0.00,210170034,545331764,691883458,200441296
4791.45,3736679.30,6462970.99,787060.36,2726291.69,2526.59,3063.35,1838.59,536.76,3847341610.44,6412882820.74,0.00,0.00,0.00,0.00,210404206,545744399,692933752,200441296
4793.45,3739241.70,6465533.39,789691.02,2726291.69,2562.39,2562.39,2630.66,0.00,3847341610.44,6412882820.74,0.00,0.00,0.00,0.00,210649155,546155423,692933752,200441296
4795.45,3741494.93,6468660.42,790726.08,2727165.49,2253.23,3127.03,1035.06,873.80,3847341610.44,6412882820.74,0.00,0.00,0.00,0.00,209462656,546509647,692933752,201850399
4797.45,3741696.00,6471806.46,790726.08,2730110.46,201.07,3146.04,0.00,2944.97,3847341610.44,6412882820.74,0.00,0.00,0.00,0.00,209483335,546540443,692933752,201850399
4799.45,3743223.51,6475723.41,790726.08,2732499.90,1527.50,3916.95,0.00,2389.45,3847341610.44,6412882820.74,0.00,0.00,0.00,0.00,209641101,546773718,694181668,201850399
4801.45,3745771.02,6480501.59,790726.08,2734730.57,2547.52,4778.18,0.00,2230.66,3847341610.44,6412882820.74,0.00,0.00,0.00,0.00,209894611,547172372,694181668,201850399
4803.45,3747840.05,6484338.02,790726.08,2736497.96,2069.03,3836.43,0.00,1767.40,3847341610.44,6412882820.74,0.00,0.00,0.00,0.00,210085242,547511413,695318628,201850399
4805.45,3747840.05,6486723.32,790726.08,2738883.27,0.00,2385.30,0.00,2385.30,3847341610.44,6412882820.74,0.00,0.00,0.00,0.00,210085242,547511413,695318628,201850399
4807.45,3747840.05,6489433.89,790726.08,2741593.84,0.00,2710.57,0.00,2710.57,3847341610.44,6412882820.74,0.00,0.00,0.00,0.00,210085242,547511413,695318628,201850399
4809.45,3747840.05,6492027.77,790726.08,2744187.71,0.00,2593.88,0.00,2593.88,3847341610.44,6412882820.74,0.00,0.00,0.00,0.00,210085242,547511413,695318628,201850399
4811.45,3747840.05,6494409.14,790726.08,2746569.09,0.00,2381.38,0.00,2381.38,3847341610.44,6412882820.74,0.00,0.00,0.00,0.00,210085242,547511413,695318628,201850399
4813.45,3748474.14,6497334.73,790726.08,2748860.58,634.09,2925.58,0.00,2291.49,3847341610.44,6412882820.74,0.00,0.00,0.00,0.00,210132737,547626245,698541697,201850399
4815.45,3750976.52,6501607.05,790726.08,2750630.53,2502.38,4272.32,0.00,1769.95,3847341610.44,6412882820.74,0.00,0.00,0.00,0.00,210389989,548009601,698541697,201850399
4817.45,3753584.04,6505547.78,791322.63,2751963.74,2607.52,3940.73,596.55,1333.21,3847341610.44,6412882820.74,0.00,0.00,0.00,0.00,210662964,548404151,699435326,201850399
4819.45,3756126.46,6508090.21,793974.85,2751963.74,2542.43,2542.43,2652.21,0.00,3847341610.44,6412882820.74,0.00,0.00,0.00,0.00,210929621,548788355,699435326,201850399
4821.45,3758409.55,6510485.41,796121.17,2752075.86,2283.09,2395.21,2146.32,112.12,3847341610.44,6412882820.74,0.00,0.00,0.00,0.00,209761252,549160052,699435326,203231541
4823.45,3760128.00,6514203.75,796121.17,2754075.75,1718.45,3718.34,0.00,1999.89,3847341610.44,6412882820.74,0.00,0.00,0.00,0.00,209928477,549432751,699435326,203231541
4825.45,3760128.00,6516365.80,796121.17,2756237.80,0.00,2162.05,0.00,2162.05,3847341610.44,6412882820.74,0.00,0.00,0.00,0.00,209928477,549432751,699435326,203231541
4827.45,3760128.00,6518726.40,796121.17,2758598.39,0.00,2360.59,0.00,2360.59,3847341610.44,6412882820.74,0.00,0.00,0.00,0.00,209928477,549432751,699435326,203231541
4829.45,3761539.05,6522077.40,796121.17,2760538.34,1411.05,3351.00,0.00,1939.95,3847341610.44,6412882820.74,0.00,0.00,0.00,0.00,210051013,549671444,701390214,203231541
4831.45,3763976.71,6526243.09,796121.17,2762266.38,2437.65,4165.69,0.00,1728.04,3847341610.44,6412882820.74,0.00,0.00,0.00,0.00,210263594,550082902,701390214,203231541
4833.45,3766548.95,6529495.62,797678.61,2762946.68,2572.24,3252.54,1557.45,680.29,3847341610.44,6412882820.74,0.00,0.00,0.00,0.00,210539071,550465919,702244847,203231541
4835.45,3769122.72,6532069.39,800345.23,2762946.68,2573.77,2573.77,2666.62,0.00,3847341610.44,6412882820.74,0.00,0.00,0.00,0.00,210785059,550878816,702244847,203231541
4837.45,3771324.30,6534957.64,801585.53,2763633.34,2201.58,2888.25,1240.30,686.66,3847341610.44,6412882820.74,0.00,0.00,0.00,0.00,209600117,551228557,702244847,204630347
4839.45,3772416.02,6538272.04,801585.53,2765856.02,1091.71,3314.40,0.00,2222.68,3847341610.44,6412882820.74,0.00,0.00,0.00,0.00,209701191,551406962,702244847,204630347
4841.45,3774551.66,6542152.15,801585.53,2767600.49,2135.65,3880.11,0.00,1744.46,3847341610.44,6412882820.74,0.00,0.00,0.00,0.00,209945988,551708891,703034158,204630347
4843.45,3777083.35,6546663.96,801585.53,2769580.61,2531.69,4511.81,0.00,1980.12,3847341610.44,6412882820.74,0.00,0.00,0.00,0.00,210196110,552106881,703034158,204630347
4845.45,3779616.95,6549344.69,803938.95,2769727.73,2533.60,2680.72,2353.42,147.12,3847341610.44,6412882820.74,0.00,0.00,0.00,0.00,210473278,552478315,703945960,204630347
4847.45,3782177.60,6551905.33,806589.32,2769727.73,2560.64,2560.64,2650.37,0.00,3847341610.44,6412882820.74,0.00,0.00,0.00,0.00,210579249,553027869,703945960,204630347
4849.45,3784298.33,6555178.30,807406.18,2770879.97,2120.73,3272.97,816.86,1152.23,3847341610.44,6412882820.74,0.00,0.00,0.00,0.00,209288498,553371542,703945960,206120333
4851.45,3784704.01,6558430.95,807406.18,2773726.93,405.68,3252.64,0.00,2846.96,3847341610.44,6412882820.74,0.00,0.00,0.00,0.00,209332036,553431858,703945960,206120333
4853.45,3784704.01,6561055.45,807406.18,2776351.44,0.00,2624.51,0.00,2624.51,3847341610.44,6412882820.74,0.00,0.00,0.00,0.00,209332036,553431858,703945960,206120333
4855.45,3784704.01,6563988.16,807406.18,2779284.15,0.00,2932.71,0.00,2932.71,3847341610.44,6412882820.74,0.00,0.00,0.00,0.00,209332036,553431858,703945960,206120333
4857.45,3784704.01,6566162.51,807406.18,2781458.50,0.00,2174.35,0.00,2174.35,3847341610.44,6412882820.74,0.00,0.00,0.00,0.00,209332036,553431858,703945960,206120333
4859.45,3784704.01,6568357.24,807406.18,2783653.23,0.00,2194.73,0.00,2194.73,3847341610.44,6412882820.74,0.00,0.00,0.00,0.00,209332036,553431858,703945960,206120333
4861.45,3784704.01,6571017.36,807406.18,2786313.35,0.00,2660.12,0.00,2660.12,3847341610.44,6412882820.74,0.00,0.00,0.00,0.00,209332036,553431858,703945960,206120333
4863.45,3785671.43,6574336.04,807406.18,2788664.61,967.42,3318.67,0.00,2351.25,3847341610.44,6412882820.74,0.00,0.00,0.00,0.00,209434062,553577491,708553163,206120333
4865.45,3788184.91,6578758.09,807406.18,2790573.19,2513.48,4422.06,0.00,1908.58,3847341610.44,6412882820.74,0.00,0.00,0.00,0.00,209713408,553941595,708553163,206120333
4867.45,3790545.45,6582957.78,807406.18,2792412.32,2360.55,4199.68,0.00,1839.14,3847341610.44,6412882820.74,0.00,0.00,0.00,0.00,209986632,554272671,709591560,206120333
4869.45,3793067.62,6587802.30,807406.18,2794734.68,2522.17,4844.53,0.00,2322.36,3847341610.44,6412882820.74,0.00,0.00,0.00,0.00,210267533,554637446,709591560,206120333
4871.45,3795589.91,6592605.82,807406.18,2797015.91,2522.28,4803.51,0.00,2281.23,3847341610.44,6412882820.74,0.00,0.00,0.00,0.00,210503783,555046900,709591560,206120333
4873.45,3798097.46,6595126.14,809957.71,2797028.67,2507.56,2520.32,2551.54,12.76,3847341610.44,6412882820.74,0.00,0.00,0.00,0.00,210724216,555468402,710761102,206120333
4875.45,3800644.79,6597673.46,812625.29,2797028.67,2547.32,2547.32,2667.57,0.00,3847341610.44,6412882820.74,0.00,0.00,0.00,0.00,210841521,556003211,710761102,206120333
4877.45,3802879.68,6601386.91,812854.07,2798507.22,2234.90,3713.45,228.78,1478.55,3847341610.44,6412882820.74,0.00,0.00,0.00,0.00,209642140,556380066,710761102,207514993
4879.45,3803136.02,6604054.33,812854.07,2800918.30,256.34,2667.42,0.00,2411.08,3847341610.44,6412882820.74,0.00,0.00,0.00,0.00,209657662,556430167,710761102,207514993
4881.45,3803136.02,6606753.37,812854.07,2803617.35,0.00,2699.04,0.00,2699.04,3847341610.44,6412882820.74,0.00,0.00,0.00,0.00,209657662,556430167,710761102,207514993
4883.45,3803136.02,6609264.01,812854.07,2806127.99,0.00,2510.64,0.00,2510.64,3847341610.44,6412882820.74,0.00,0.00,0.00,0.00,209657662,556430167,710761102,207514993
4885.45,3803136.02,6611546.68,812854.07,2808410.66,0.00,2282.67,0.00,2282.67,3847341610.44,6412882820.74,0.00,0.00,0.00,0.00,209657662,556430167,710761102,207514993
4887.45,3803136.02,6613711.63,812854.07,2810575.61,0.00,2164.95,0.00,2164.95,3847341610.44,6412882820.74,0.00,0.00,0.00,0.00,209657662,556430167,710761102,207514993
4889.45,3803136.02,6615928.25,812854.07,2812792.23,0.00,2216.62,0.00,2216.62,3847341610.44,6412882820.74,0.00,0.00,0.00,0.00,209657662,556430167,710761102,207514993
4891.45,3805473.72,6620044.76,812854.07,2814571.04,2337.70,4116.51,0.00,1778.81,3847341610.44,6412882820.74,0.00,0.00,0.00,0.00,209866376,556819903,714786846,207514993
4893.45,3807953.85,6624493.13,812854.07,2816539.28,2480.13,4448.38,0.00,1968.24,3847341610.44,6412882820.74,0.00,0.00,0.00,0.00,210097763,557223430,714786846,207514993
4895.45,3809280.04,6627665.78,812854.07,2818385.74,1326.19,3172.65,0.00,1846.46,3847341610.44,6412882820.74,0.00,0.00,0.00,0.00,210209398,557451300,715816786,207514993
4897.45,3809404.31,6629936.40,812975.68,2820532.09,124.27,2270.62,121.61,2146.35,3847341610.44,6412882820.74,0.00,0.00,0.00,0.00,210225796,557466715,716750495,207514993
4899.45,3811910.00,6632442.09,815629.36,2820532.09,2505.68,2505.68,2653.68,0.00,3847341610.44,6412882820.74,0.00,0.00,0.00,0.00,210442351,557891615,716750495,207514993
4901.45,3814237.31,6635793.68,816840.30,2821556.37,2327.32,3351.60,1210.95,1024.28,3847341610.44,6412882820.74,0.00,0.00,0.00,0.00,209631764,558277519,716750495,208535469
4903.45,3815424.02,6639552.71,816840.30,2824128.69,1186.71,3759.03,0.00,2572.32,3847341610.44,6412882820.74,0.00,0.00,0.00,0.00,209756131,558456949,716750495,208535469
4905.45,3816446.42,6642881.02,816840.30,2826434.59,1022.40,3328.30,0.00,2305.90,3847341610.44,6412882820.74,0.00,0.00,0.00,0.00,209836867,558637948,718065370,208535469
4907.45,3818943.27,6647097.18,816840.30,2828153.91,2496.85,4216.16,0.00,1719.31,3847341610.44,6412882820.74,0.00,0.00,0.00,0.00,210070751,559043257,718065370,208535469
4909.45,3821427.30,6650594.45,818024.86,2829167.15,2484.03,3497.27,1184.56,1013.24,3847341610.44,6412882820.74,0.00,0.00,0.00,0.00,210231180,559518739,718952291,208535469
4911.45,3823942.52,6653109.67,820692.04,2829167.15,2515.22,2515.22,2667.17,0.00,3847341610.44,6412882820.74,0.00,0.00,0.00,0.00,210379259,560014557,718952291,208535469
4913.45,3825937.42,6655506.57,822496.61,2829569.15,1994.90,2396.90,1804.57,402.00,3847341610.44,6412882820.74,0.00,0.00,0.00,0.00,209110049,560346453,718952291,209983477
4915.45,3827712.01,6659690.05,822496.61,2831978.04,1774.59,4183.48,0.00,2408.89,3847341610.44,6412882820.74,0.00,0.00,0.00,0.00,209282378,560628420,718952291,209983477
4917.45,3827712.01,6662395.30,822496.61,2834683.29,0.00,2705.25,0.00,2705.25,3847341610.44,6412882820.74,0.00,0.00,0.00,0.00,209282378,560628420,718952291,209983477
4919.45,3827712.01,6665268.93,822496.61,2837556.92,0.00,2873.64,0.00,2873.64,3847341610.44,6412882820.74,0.00,0.00,0.00,0.00,209282378,560628420,718952291,209983477
4921.45,3829016.04,6668955.80,822496.61,2839939.76,1304.03,3686.87,0.00,2382.84,3847341610.44,6412882820.74,0.00,0.00,0.00,0.00,209401104,560843526,721419586,209983477
4923.45,3831549.53,6673818.80,822496.61,2842269.27,2533.49,4863.00,0.00,2329.51,3847341610.44,6412882820.74,0.00,0.00,0.00,0.00,209660692,561232511,721419586,209983477
4925.45,3833856.00,6678070.14,822496.61,2844214.13,2306.47,4251.33,0.00,1944.86,3847341610.44,6412882820.74,0.00,0.00,0.00,0.00,209783282,561700378,722678032,209983477
4927.45,3833856.00,6681050.69,822496.61,2847194.68,0.00,2980.55,0.00,2980.55,3847341610.44,6412882820.74,0.00,0.00,0.00,0.00,209783282,561700378,722678032,209983477
4929.45,3833856.00,6683705.93,822496.61,2849849.92,0.00,2655.24,0.00,2655.24,3847341610.44,6412882820.74,0.00,0.00,0.00,0.00,209783282,561700378,722678032,209983477
4931.45,3833856.00,6686634.91,822496.61,2852778.91,0.00,2928.99,0.00,2928.99,3847341610.44,6412882820.74,0.00,0.00,0.00,0.00,209783282,561700378,722678032,209983477
4933.45,3833856.00,6688944.94,822496.61,2855088.93,0.00,2310.02,0.00,2310.02,3847341610.44,6412882820.74,0.00,0.00,0.00,0.00,209783282,561700378,722678032,209983477
4935.45,3833856.00,6691234.93,822496.61,2857378.93,0.00,2290.00,0.00,2290.00,3847341610.44,6412882820.74,0.00,0.00,0.00,0.00,209783282,561700378,722678032,209983477
4937.45,3833856.00,6693547.74,822496.61,2859691.74,0.00,2312.81,0.00,2312.81,3847341610.44,6412882820.74,0.00,0.00,0.00,0.00,209783282,561700378,722678032,209983477
4939.45,3835897.60,6697350.26,822496.61,2861452.66,2041.60,3802.52,0.00,1760.92,3847341610.44,6412882820.74,0.00,0.00,0.00,0.00,209898583,562107726,726698439,209983477
4941.45,3838424.68,6701862.85,822496.61,2863438.18,2527.07,4512.59,0.00,1985.52,3847341610.44,6412882820.74,0.00,0.00,0.00,0.00,210094369,562558871,726698439,209983477
4943.45,3840915.66,6704729.17,824663.30,2863813.50,2490.99,2866.32,2166.70,375.33,3847341610.44,6412882820.74,0.00,0.00,0.00,0.00,210318401,562972532,727668316,209983477
4945.45,3843433.32,6707246.82,827323.68,2863813.50,2517.66,2517.66,2660.38,0.00,3847341610.44,6412882820.74,0.00,0.00,0.00,0.00,210471037,563464416,727668316,209983477
4947.45,3845524.83,6710413.20,828450.29,2864888.37,2091.51,3166.38,1126.61,1074.87,3847341610.44,6412882820.74,0.00,0.00,0.00,0.00,209064222,563882517,727668316,211507617
4949.45,3848078.57,6715106.77,828450.29,2867028.20,2553.74,4693.57,0.00,2139.83,3847341610.44,6412882820.74,0.00,0.00,0.00,0.00,209275934,564324562,727668316,211507617
4951.45,3850479.37,6719509.44,828450.29,2869030.07,2400.80,4402.68,0.00,2001.87,3847341610.44,6412882820.74,0.00,0.00,0.00,0.00,209415039,564800063,728568740,211507617
4953.46,3852288.05,6723523.26,828450.29,2871235.21,1808.68,4013.82,0.00,2205.14,3847341610.44,6412882820.74,0.00,0.00,0.00,0.00,209515649,565162475,728568740,211507617
4955.46,3852288.05,6726249.03,828450.29,2873960.98,0.00,2725.77,0.00,2725.77,3847341610.44,6412882820.74,0.00,0.00,0.00,0.00,209515649,565162475,728568740,211507617
4957.46,3852288.05,6729030.13,828450.29,2876742.08,0.00,2781.11,0.00,2781.11,3847341610.44,6412882820.74,0.00,0.00,0.00,0.00,209515649,565162475,728568740,211507617
4959.46,3852288.05,6731962.37,828450.29,2879674.32,0.00,2932.24,0.00,2932.24,3847341610.44,6412882820.74,0.00,0.00,0.00,0.00,209515649,565162475,728568740,211507617
4961.46,3852288.05,6734583.86,828450.29,2882295.81,0.00,2621.49,0.00,2621.49,3847341610.44,6412882820.74,0.00,0.00,0.00,0.00,209515649,565162475,728568740,211507617
4963.46,3852288.05,6736883.03,828450.29,2884594.98,0.00,2299.17,0.00,2299.17,3847341610.44,6412882820.74,0.00,0.00,0.00,0.00,209515649,565162475,728568740,211507617
4965.46,3852288.05,6739083.19,828450.29,2886795.14,0.00,2200.16,0.00,2200.16,3847341610.44,6412882820.74,0.00,0.00,0.00,0.00,209515649,565162475,728568740,211507617
4967.46,3852288.05,6741455.59,828450.29,2889167.54,0.00,2372.40,0.00,2372.40,3847341610.44,6412882820.74,0.00,0.00,0.00,0.00,209515649,565162475,728568740,211507617
4969.46,3852288.05,6744125.48,828450.29,2891837.43,0.00,2669.89,0.00,2669.89,3847341610.44,6412882820.74,0.00,0.00,0.00,0.00,209515649,565162475,728568740,211507617
4971.46,3852288.05,6746975.65,828450.29,2894687.60,0.00,2850.17,0.00,2850.17,3847341610.44,6412882820.74,0.00,0.00,0.00,0.00,209515649,565162475,728568740,211507617
4973.46,3852288.05,6749491.55,828450.29,2897203.50,0.00,2515.90,0.00,2515.90,3847341610.44,6412882820.74,0.00,0.00,0.00,0.00,209515649,565162475,728568740,211507617
4975.46,3852288.05,6752283.50,828450.29,2899995.45,0.00,2791.95,0.00,2791.95,3847341610.44,6412882820.74,0.00,0.00,0.00,0.00,209515649,565162475,728568740,211507617
4977.46,3854544.83,6756577.68,828450.29,2902032.85,2256.78,4294.18,0.00,2037.40,3847341610.44,6412882820.74,0.00,0.00,0.00,0.00,209698597,565557262,736920472,211507617
4979.46,3857049.24,6761242.19,828450.29,2904192.95,2504.41,4664.51,0.00,2160.10,3847341610.44,6412882820.74,0.00,0.00,0.00,0.00,209892919,566004069,736920472,211507617
4981.46,3858432.05,6764945.54,828450.29,2906513.50,1382.81,3703.36,0.00,2320.55,3847341610.44,6412882820.74,0.00,0.00,0.00,0.00,210012690,566238297,738063318,211507617
4983.46,3858433.05,6767450.00,828450.29,2909016.95,1.00,2504.45,0.00,2503.45,3847341610.44,6412882820.74,0.00,0.00,0.00,0.00,210012754,566238489,739167981,211507617
4985.46,3860939.86,6772255.02,828450.29,2911315.16,2506.81,4805.03,0.00,2298.21,3847341610.44,6412882820.74,0.00,0.00,0.00,0.00,210228258,566664729,739167981,211507617
4987.46,3863490.11,6777176.66,828450.29,2913686.54,2550.25,4921.63,0.00,2371.38,3847341610.44,6412882820.74,0.00,0.00,0.00,0.00,210405186,567140666,739167981,211507617
4989.46,3865965.71,6780321.75,830249.41,2914356.04,2475.60,3145.10,1799.12,669.50,3847341610.44,6412882820.74,0.00,0.00,0.00,0.00,210619094,567560511,740532003,211507617
4991.46,3868507.09,6782863.13,832916.67,2914356.04,2541.38,2541.38,2667.27,0.00,3847341610.44,6412882820.74,0.00,0.00,0.00,0.00,210814006,568016192,740532003,211507617
4993.46,3870720.05,6786022.06,834041.46,2915302.02,2212.96,3158.93,1124.79,945.97,3847341610.44,6412882820.74,0.00,0.00,0.00,0.00,209539434,568425950,740532003,212938948
4995.46,3870720.05,6788809.38,834041.46,2918089.33,0.00,2787.31,0.00,2787.31,3847341610.44,6412882820.74,0.00,0.00,0.00,0.00,209539434,568425950,740532003,212938948
4997.46,3870720.05,6791299.08,834041.46,2920579.03,0.00,2489.70,0.00,2489.70,3847341610.44,6412882820.74,0.00,0.00,0.00,0.00,209539434,568425950,740532003,212938948
4999.58,3870720.05,6794233.95,834041.46,2923513.91,0.00,2934.88,0.00,2934.88,3847341610.44,6412882820.74,0.00,0.00,0.00,0.00,209539434,568425950,740532003,212938948
5001.58,3870720.05,6797194.70,834041.46,2926474.65,0.00,2960.75,0.00,2960.75,3847341610.44,6412882820.74,0.00,0.00,0.00,0.00,209539434,568425950,740532003,212938948
5003.58,3870720.05,6799803.14,834041.46,2929083.09,0.00,2608.44,0.00,2608.44,3847341610.44,6412882820.74,0.00,0.00,0.00,0.00,209539434,568425950,740532003,212938948
5005.58,3870720.05,6802727.64,834041.46,2932007.60,0.00,2924.51,0.00,2924.51,3847341610.44,6412882820.74,0.00,0.00,0.00,0.00,209539434,568425950,740532003,212938948
5007.58,3870720.05,6805302.21,834041.46,2934582.17,0.00,2574.57,0.00,2574.57,3847341610.44,6412882820.74,0.00,0.00,0.00,0.00,209539434,568425950,740532003,212938948
5009.58,3870720.05,6807711.84,834041.46,2936991.79,0.00,2409.62,0.00,2409.62,3847341610.44,6412882820.74,0.00,0.00,0.00,0.00,209539434,568425950,740532003,212938948
5011.58,3870720.05,6809957.29,834041.46,2939237.24,0.00,2245.45,0.00,2245.45,3847341610.44,6412882820.74,0.00,0.00,0.00,0.00,209539434,568425950,740532003,212938948
5013.58,3870720.05,6812360.01,834041.46,2941639.96,0.00,2402.73,0.00,2402.73,3847341610.44,6412882820.74,0.00,0.00,0.00,0.00,209539434,568425950,740532003,212938948
5015.58,3872976.11,6816410.38,834041.46,2943434.27,2256.07,4050.37,0.00,1794.30,3847341610.44,6412882820.74,0.00,0.00,0.00,0.00,209713330,568829607,747548585,212938948
5017.58,3875502.05,6820890.97,834041.46,2945388.91,2525.94,4480.59,0.00,1954.64,3847341610.44,6412882820.74,0.00,0.00,0.00,0.00,209959992,569229586,747548585,212938948
5019.58,3877867.21,6825263.02,834041.46,2947395.81,2365.16,4372.05,0.00,2006.89,3847341610.44,6412882820.74,0.00,0.00,0.00,0.00,210169718,569625340,748539359,212938948
5021.58,3880371.39,6830098.54,834041.46,2949727.15,2504.18,4835.52,0.00,2331.34,3847341610.44,6412882820.74,0.00,0.00,0.00,0.00,210373368,570062760,748539359,212938948
5023.58,3882851.46,6833494.90,835555.85,2950643.44,2480.07,3396.36,1514.39,916.29,3847341610.44,6412882820.74,0.00,0.00,0.00,0.00,210579519,570491507,749456841,212938948
5025.58,3885380.02,6836023.46,838218.95,2950643.44,2528.56,2528.56,2663.10,0.00,3847341610.44,6412882820.74,0.00,0.00,0.00,0.00,210771668,570946670,749456841,212938948
5027.58,3887581.91,6838880.96,839611.07,2951299.06,2201.88,2857.50,1392.13,655.62,3847341610.44,6412882820.74,0.00,0.00,0.00,0.00,209488342,571367859,749456841,214364767
5029.58,3889152.05,6842597.02,839611.07,2953444.97,1570.14,3716.05,0.00,2145.91,3847341610.44,6412882820.74,0.00,0.00,0.00,0.00,209602326,571655832,749456841,214364767
5031.58,3889907.91,6845436.58,839611.07,2955528.67,755.86,2839.56,0.00,2083.70,3847341610.44,6412882820.74,0.00,0.00,0.00,0.00,209657255,571794404,750581947,214364767
5033.58,3892408.12,6850125.88,839611.07,2957717.75,2500.21,4689.29,0.00,2189.09,3847341610.44,6412882820.74,0.00,0.00,0.00,0.00,209843565,572248147,750581947,214364767
5035.58,3894771.74,6854555.91,839611.07,2959784.16,2363.62,4430.03,0.00,2066.41,3847341610.44,6412882820.74,0.00,0.00,0.00,0.00,210026894,572669905,751304975,214364767
5037.58,3895296.03,6857833.89,839611.07,2962537.86,524.29,3277.98,0.00,2753.69,3847341610.44,6412882820.74,0.00,0.00,0.00,0.00,210062999,572768018,751304975,214364767
5039.58,3895296.03,6860568.74,839611.07,2965272.71,0.00,2734.85,0.00,2734.85,3847341610.44,6412882820.74,0.00,0.00,0.00,0.00,210062999,572768018,751304975,214364767
5041.58,3895296.03,6863296.88,839611.07,2968000.84,0.00,2728.14,0.00,2728.14,3847341610.44,6412882820.74,0.00,0.00,0.00,0.00,210062999,572768018,751304975,214364767
5043.58,3895296.03,6865652.91,839611.07,2970356.88,0.00,2356.04,0.00,2356.04,3847341610.44,6412882820.74,0.00,0.00,0.00,0.00,210062999,572768018,751304975,214364767
5045.58,3895624.87,6868170.96,839611.07,2972546.10,328.84,2518.05,0.00,2189.21,3847341610.44,6412882820.74,0.00,0.00,0.00,0.00,210091715,572823484,754663098,214364767
5047.58,3898140.75,6872514.50,839611.07,2974373.75,2515.89,4343.54,0.00,1827.65,3847341610.44,6412882820.74,0.00,0.00,0.00,0.00,210282832,573276434,754663098,214364767
5049.58,3900647.79,6876590.92,839954.27,2975943.12,2507.04,4076.41,343.19,1569.38,3847341610.44,6412882820.74,0.00,0.00,0.00,0.00,210470337,573730731,755598304,214364767
5051.58,3903208.59,6879151.71,842615.23,2975943.12,2560.79,2560.79,2660.97,0.00,3847341610.44,6412882820.74,0.00,0.00,0.00,0.00,210630916,574225715,755598304,214364767
5053.58,3905603.92,6881547.04,845282.40,2975943.12,2395.33,2395.33,2667.17,0.00,3847341610.44,6412882820.74,0.00,0.00,0.00,0.00,210804832,574665004,755598304,214364767
5055.58,3907584.02,6885178.65,845715.79,2977594.63,1980.11,3631.61,433.39,1651.50,3847341610.44,6412882820.74,0.00,0.00,0.00,0.00,209396099,575017836,755598304,215927575
5057.58,3907584.02,6888116.09,845715.79,2980532.06,0.00,2937.43,0.00,2937.43,3847341610.44,6412882820.74,0.00,0.00,0.00,0.00,209396099,575017836,755598304,215927575
5059.58,3907584.02,6890510.85,845715.79,2982926.82,0.00,2394.76,0.00,2394.76,3847341610.44,6412882820.74,0.00,0.00,0.00,0.00,209396099,575017836,755598304,215927575
5061.58,3907584.02,6893146.56,845715.79,2985562.54,0.00,2635.71,0.00,2635.71,3847341610.44,6412882820.74,0.00,0.00,0.00,0.00,209396099,575017836,755598304,215927575
5063.58,3907584.02,6895980.32,845715.79,2988396.29,0.00,2833.76,0.00,2833.76,3847341610.44,6412882820.74,0.00,0.00,0.00,0.00,209396099,575017836,755598304,215927575
5065.58,3907584.02,6898276.11,845715.79,2990692.09,0.00,2295.80,0.00,2295.80,3847341610.44,6412882820.74,0.00,0.00,0.00,0.00,209396099,575017836,755598304,215927575
5067.66,3907584.02,6900539.50,845715.79,2992955.48,0.00,2263.39,0.00,2263.39,3847341610.44,6412882820.74,0.00,0.00,0.00,0.00,209396099,575017836,755598304,215927575
5069.66,3907584.02,6902969.58,845715.79,2995385.55,0.00,2430.07,0.00,2430.07,3847341610.44,6412882820.74,0.00,0.00,0.00,0.00,209396099,575017836,755598304,215927575
5071.66,3907584.02,6905292.23,845715.79,2997708.20,0.00,2322.65,0.00,2322.65,3847341610.44,6412882820.74,0.00,0.00,0.00,0.00,209396099,575017836,755598304,215927575
5073.66,3907584.02,6907523.86,845715.79,2999939.84,0.00,2231.64,0.00,2231.64,3847341610.44,6412882820.74,0.00,0.00,0.00,0.00,209396099,575017836,755598304,215927575
5075.66,3909465.76,6911311.89,845715.79,3001846.13,1881.73,3788.02,0.00,1906.29,3847341610.44,6412882820.74,0.00,0.00,0.00,0.00,209540534,575355125,761902756,215927575
5077.66,3911948.37,6915718.24,845715.79,3003769.87,2482.61,4406.36,0.00,1923.74,3847341610.44,6412882820.74,0.00,0.00,0.00,0.00,209726587,575804621,761902756,215927575
5079.66,3914469.40,6919980.85,845715.79,3005511.45,2521.03,4262.61,0.00,1741.58,3847341610.44,6412882820.74,0.00,0.00,0.00,0.00,209938398,576238194,762928351,215927575
5081.66,3917174.26,6924874.03,845715.79,3007699.77,2704.86,4893.18,0.00,2188.32,3847341610.44,6412882820.74,0.00,0.00,0.00,0.00,210139556,576729480,762928351,215927575
5083.66,3919802.60,6928716.06,846788.11,3008913.46,2628.34,3842.03,1072.32,1213.70,3847341610.44,6412882820.74,0.00,0.00,0.00,0.00,210355026,577186864,763978348,215927575
5085.66,3922331.97,6931245.44,849423.19,3008913.46,2529.38,2529.38,2635.07,0.00,3847341610.44,6412882820.74,0.00,0.00,0.00,0.00,210574486,577614924,763978348,215927575
5087.66,3924565.38,6933848.87,851228.19,3009283.49,2233.40,2603.43,1805.00,370.03,3848305749.16,6413878058.89,964138.73,995238.15,0.00,0.00,209331889,578018100,763978348,217338747
5089.66,3926016.02,6937460.29,851228.19,3011444.27,1450.64,3611.43,0.00,2160.78,3848305749.16,6413878058.89,0.00,0.00,0.00,0.00,209461446,578259908,763978348,217338747
5091.66,3926016.02,6939782.47,851228.19,3013766.45,0.00,2322.18,0.00,2322.18,3848305749.16,6413878058.89,0.00,0.00,0.00,0.00,209461446,578259908,763978348,217338747
5093.66,3926016.02,6942442.45,851228.19,3016426.43,0.00,2659.98,0.00,2659.98,3848305749.16,6413878058.89,0.00,0.00,0.00,0.00,209461446,578259908,763978348,217338747
5095.66,3926016.02,6945159.36,851228.19,3019143.34,0.00,2716.91,0.00,2716.91,3848305749.16,6413878058.89,0.00,0.00,0.00,0.00,209461446,578259908,763978348,217338747
5097.66,3926016.02,6948016.56,851228.19,3022000.54,0.00,2857.20,0.00,2857.20,3848305749.16,6413878058.89,0.00,0.00,0.00,0.00,209461446,578259908,763978348,217338747
5099.66,3926016.02,6950367.77,851228.19,3024351.75,0.00,2351.21,0.00,2351.21,3848305749.16,6413878058.89,0.00,0.00,0.00,0.00,209461446,578259908,763978348,217338747
5101.66,3926316.40,6952915.26,851228.19,3026598.86,300.38,2547.48,0.00,2247.11,3848305749.16,6413878058.89,0.00,0.00,0.00,0.00,209495008,578303243,768439433,217338747
5103.66,3928833.94,6957177.65,851228.19,3028343.71,2517.54,4262.39,0.00,1744.86,3848305749.16,6413878058.89,0.00,0.00,0.00,0.00,209746606,578696135,768439433,217338747
5105.66,3931321.54,6961440.80,851228.19,3030119.26,2487.60,4263.15,0.00,1775.55,3848305749.16,6413878058.89,0.00,0.00,0.00,0.00,209971121,579108446,769387596,217338747
5107.66,3933977.48,6966062.33,851228.19,3032084.85,2655.95,4621.53,0.00,1965.59,3848305749.16,6413878058.89,0.00,0.00,0.00,0.00,210171605,579587884,769387596,217338747
5109.66,3936519.94,6970463.90,851674.18,3033943.96,2542.46,4401.57,446.00,1859.11,3848305749.16,6413878058.89,0.00,0.00,0.00,0.00,210370881,580039477,770325445,217338747
5111.66,3938955.43,6973469.29,853431.11,3034513.87,2435.48,3005.39,1756.93,569.91,3848305749.16,6413878058.89,0.00,0.00,0.00,0.00,210008626,580461267,770325445,217902696
5113.66,3941319.36,6977914.36,853431.11,3036595.00,2363.93,4445.06,0.00,2081.13,3848305749.16,6413878058.89,0.00,0.00,0.00,0.00,210188236,580886823,770325445,217902696
5115.66,3943801.45,6981524.82,854664.20,3037723.38,2482.09,3610.47,1233.09,1128.38,3848305749.16,6413878058.89,0.00,0.00,0.00,0.00,210401910,581308565,771149341,217902696
5117.66,3946349.13,6984072.50,857327.45,3037723.38,2547.68,2547.68,2663.25,0.00,3848305749.16,6413878058.89,0.00,0.00,0.00,0.00,210603006,581759675,771149341,217902696
5119.66,3948608.91,6986591.21,859253.46,3037982.30,2259.79,2518.71,1926.01,258.93,3848305749.16,6413878058.89,0.00,0.00,0.00,0.00,209403391,582065008,771149341,219375483
5121.66,3950592.03,6990655.77,859253.46,3040063.74,1983.12,4064.56,0.00,2081.44,3848305749.16,6413878058.89,0.00,0.00,0.00,0.00,209545710,582430367,771149341,219375483
5123.66,3950721.58,6993214.87,859253.46,3042493.29,129.55,2559.09,0.00,2429.54,3848305749.16,6413878058.89,0.00,0.00,0.00,0.00,209568151,582441091,772330201,219375483
5125.66,3953226.21,6997559.22,859253.46,3044333.00,2504.63,4344.35,0.00,1839.72,3848305749.16,6413878058.89,0.00,0.00,0.00,0.00,209739011,582911417,772330201,219375483
5127.66,3955674.24,7001883.03,859253.46,3046208.79,2448.03,4323.81,0.00,1875.79,3848305749.16,6413878058.89,0.00,0.00,0.00,0.00,209962272,583314851,772826628,219375483
5129.66,3956736.01,7004959.76,859253.46,3048223.75,1061.77,3076.73,0.00,2014.96,3848305749.16,6413878058.89,0.00,0.00,0.00,0.00,210064403,583484533,772826628,219375483
5131.66,3956736.01,7007230.71,859253.46,3050494.70,0.00,2270.95,0.00,2270.95,3848305749.16,6413878058.89,0.00,0.00,0.00,0.00,210064403,583484533,772826628,219375483
5133.68,3956736.01,7009623.09,859253.46,3052887.08,0.00,2392.39,0.00,2392.39,3848305749.16,6413878058.89,0.00,0.00,0.00,0.00,210064403,583484533,772826628,219375483
5135.68,3959237.05,7013825.36,859253.46,3054588.31,2501.04,4202.27,0.00,1701.23,3848305749.16,6413878058.89,0.00,0.00,0.00,0.00,210236175,583953027,774757824,219375483
5137.68,3961775.64,7018220.21,859253.46,3056444.57,2538.59,4394.84,0.00,1856.26,3848305749.16,6413878058.89,0.00,0.00,0.00,0.00,210423579,584415501,774757824,219375483
5139.68,3964310.72,7020977.84,861555.43,3056667.12,2535.08,2757.63,2301.97,222.55,3848305749.16,6413878058.89,0.00,0.00,0.00,0.00,210619234,584868827,775725016,219375483
5141.68,3966881.73,7023548.85,864221.49,3056667.12,2571.01,2571.01,2666.06,0.00,3848305749.16,6413878058.89,0.00,0.00,0.00,0.00,210828422,585317817,775725016,219375483
5143.68,3969024.02,7026742.97,865336.79,3057718.95,2142.30,3194.12,1115.30,1051.83,3848305749.16,6413878058.89,0.00,0.00,0.00,0.00,209445421,585691917,775725016,220932812
5145.68,3969024.02,7029066.16,865336.79,3060042.14,0.00,2323.19,0.00,2323.19,3848305749.16,6413878058.89,0.00,0.00,0.00,0.00,209445421,585691917,775725016,220932812
5147.68,3969024.02,7031723.01,865336.79,3062698.98,0.00,2656.85,0.00,2656.85,3848305749.16,6413878058.89,0.00,0.00,0.00,0.00,209445421,585691917,775725016,220932812
5149.68,3970072.21,7035274.31,865336.79,3065202.10,1048.19,3551.30,0.00,2503.12,3848305749.16,6413878058.89,0.00,0.00,0.00,0.00,209536926,585868748,777672398,220932812
5151.68,3972592.59,7040053.02,865336.79,3067460.43,2520.38,4778.71,0.00,2258.33,3848305749.16,6413878058.89,0.00,0.00,0.00,0.00,209721059,586329831,777672398,220932812
5153.68,3975037.68,7044433.28,865336.79,3069395.61,2445.09,4380.26,0.00,1935.17,3848305749.16,6413878058.89,0.00,0.00,0.00,0.00,209921922,586754911,778826152,220932812
5155.68,3975168.03,7047524.80,865336.79,3072356.77,130.36,3091.52,0.00,2961.16,3848305749.16,6413878058.89,0.00,0.00,0.00,0.00,209925934,586784270,778826152,220932812
5157.68,3975168.03,7049708.58,865336.79,3074540.55,0.00,2183.78,0.00,2183.78,3848305749.16,6413878058.89,0.00,0.00,0.00,0.00,209925934,586784270,778826152,220932812
5159.68,3975168.03,7051997.06,865336.79,3076829.03,0.00,2288.48,0.00,2288.48,3848305749.16,6413878058.89,0.00,0.00,0.00,0.00,209925934,586784270,778826152,220932812
5161.68,3975168.03,7054086.08,865336.79,3078918.05,0.00,2089.02,0.00,2089.02,3848305749.16,6413878058.89,0.00,0.00,0.00,0.00,209925934,586784270,778826152,220932812
5163.68,3975774.82,7056773.58,865336.79,3080998.76,606.79,2687.50,0.00,2080.71,3848305749.16,6413878058.89,0.00,0.00,0.00,0.00,209974791,586890751,781790005,220932812
5165.68,3978285.09,7061154.54,865336.79,3082869.45,2510.27,4380.96,0.00,1870.69,3848305749.16,6413878058.89,0.00,0.00,0.00,0.00,210178355,587329816,781790005,220932812
5167.68,3980855.11,7065370.43,865632.13,3084515.32,2570.02,4215.88,295.34,1645.86,3848305749.16,6413878058.89,0.00,0.00,0.00,0.00,210366159,587799937,782795290,220932812
5169.68,3983407.84,7067923.15,868284.25,3084515.32,2552.73,2552.73,2652.12,0.00,3848305749.16,6413878058.89,0.00,0.00,0.00,0.00,210567656,588251938,782795290,220932812
5171.68,3985923.28,7070438.59,870948.59,3084515.32,2515.44,2515.44,2664.34,0.00,3848305749.16,6413878058.89,0.00,0.00,0.00,0.00,210753920,588709627,782795290,220932812
5173.68,3987456.04,7073609.48,871294.40,3086153.45,1532.76,3170.89,345.81,1638.13,3848305749.16,6413878058.89,0.00,0.00,0.00,0.00,209361876,588969021,782795290,222457848
5175.77,3987456.04,7076468.54,871294.40,3089012.51,0.00,2859.06,0.00,2859.06,3848305749.16,6413878058.89,0.00,0.00,0.00,0.00,209361876,588969021,782795290,222457848
5177.77,3987456.04,7079490.40,871294.40,3092034.36,0.00,3021.86,0.00,3021.86,3848305749.16,6413878058.89,0.00,0.00,0.00,0.00,209361876,588969021,782795290,222457848
5179.77,3987456.04,7082001.71,871294.40,3094545.67,0.00,2511.31,0.00,2511.31,3848305749.16,6413878058.89,0.00,0.00,0.00,0.00,209361876,588969021,782795290,222457848
5181.77,3987456.04,7084377.98,871294.40,3096921.95,0.00,2376.27,0.00,2376.27,3848305749.16,6413878058.89,0.00,0.00,0.00,0.00,209361876,588969021,782795290,222457848
5183.77,3988749.77,7087650.51,871294.40,3098900.75,1293.73,3272.53,0.00,1978.80,3848305749.16,6413878058.89,0.00,0.00,0.00,0.00,209453098,589208994,786240352,222457848
5185.77,3991254.83,7091965.57,871294.40,3100710.75,2505.06,4315.06,0.00,1810.00,3848305749.16,6413878058.89,0.00,0.00,0.00,0.00,209646355,589657033,786240352,222457848
5187.77,3993612.39,7095908.66,871294.40,3102296.27,2357.56,3943.09,0.00,1585.53,3848305749.16,6413878058.89,0.00,0.00,0.00,0.00,209815945,590090979,787183754,222457848
5189.77,3996186.32,7100677.30,871294.40,3104490.98,2573.93,4768.64,0.00,2194.71,3848305749.16,6413878058.89,0.00,0.00,0.00,0.00,210011806,590554043,787183754,222457848
5191.77,3998552.19,7105186.67,871294.40,3106634.48,2365.87,4509.37,0.00,2143.50,3848305749.16,6413878058.89,0.00,0.00,0.00,0.00,210246835,590924677,788044878,222457848
5193.77,3999744.02,7108848.37,871294.40,3109104.35,1191.83,3661.70,0.00,2469.87,3848305749.16,6413878058.89,0.00,0.00,0.00,0.00,210339330,591137291,788044878,222457848
5195.77,4001126.13,7111528.93,872739.99,3110402.80,1382.11,2680.57,1445.59,1298.45,3848305749.16,6413878058.89,0.00,0.00,0.00,0.00,210459743,591370699,789305307,222457848
5197.77,4003632.64,7114035.45,875403.67,3110402.80,2506.51,2506.51,2663.68,0.00,3848305749.16,6413878058.89,0.00,0.00,0.00,0.00,210686571,591785538,789305307,222457848
5199.77,4005888.01,7116451.59,877434.67,3110563.58,2255.37,2416.15,2031.00,160.78,3848305749.16,6413878058.89,0.00,0.00,0.00,0.00,209326033,592152066,789305307,224029232
5201.77,4005888.01,7119186.14,877434.67,3113298.13,0.00,2734.55,0.00,2734.55,3848305749.16,6413878058.89,0.00,0.00,0.00,0.00,209326033,592152066,789305307,224029232
5203.77,4007917.70,7123036.57,877434.67,3115118.88,2029.68,3850.43,0.00,1820.75,3848305749.16,6413878058.89,0.00,0.00,0.00,0.00,209534884,592462814,790133028,224029232
5205.77,4010423.49,7127475.81,877434.67,3117052.32,2505.80,4439.23,0.00,1933.44,3848305749.16,6413878058.89,0.00,0.00,0.00,0.00,209741794,592897388,790133028,224029232
5207.77,4012942.92,7131926.10,877434.67,3118983.18,2519.43,4450.29,0.00,1930.86,3848305749.16,6413878058.89,0.00,0.00,0.00,0.00,209994645,593289511,791154722,224029232
5209.77,4015682.15,7136930.07,877434.67,3121247.91,2739.23,5003.96,0.00,2264.73,3848305749.16,6413878058.89,0.00,0.00,0.00,0.00,210243884,593741515,791154722,224029232
5211.77,4018287.67,7140744.64,878465.70,3122456.96,2605.52,3814.57,1031.03,1209.05,3848305749.16,6413878058.89,0.00,0.00,0.00,0.00,210482176,594170236,792334211,224029232
5213.77,4020820.40,7143277.37,881122.42,3122456.96,2532.73,2532.73,2656.71,0.00,3848305749.16,6413878058.89,0.00,0.00,0.00,0.00,210740162,594560629,792334211,224029232
5215.77,4023074.96,7145632.31,883300.45,3122557.35,2254.56,2354.95,2178.03,100.39,3848305749.16,6413878058.89,0.00,0.00,0.00,0.00,209451322,594928308,792334211,225527560
5217.77,4025804.25,7150301.12,883300.45,3124496.88,2729.29,4668.81,0.00,1939.52,3848305749.16,6413878058.89,0.00,0.00,0.00,0.00,209701605,595376723,792334211,225527560
5219.77,4028310.43,7154793.81,883300.45,3126483.38,2506.18,4492.69,0.00,1986.50,3848305749.16,6413878058.89,0.00,0.00,0.00,0.00,209951852,595768059,792334211,225527560
5221.77,4030453.36,7158812.43,883300.45,3128359.07,2142.92,4018.61,0.00,1875.69,3848305749.16,6413878058.89,0.00,0.00,0.00,0.00,210156663,596111836,793547295,225527560
5223.77,4030644.40,7161639.78,883482.44,3130995.38,191.04,2827.35,181.99,2636.31,3848305749.16,6413878058.89,0.00,0.00,0.00,0.00,210193076,596124330,794500606,225527560
5225.77,4033150.84,7164146.22,886128.12,3130995.38,2506.44,2506.44,2645.68,0.00,3848305749.16,6413878058.89,0.00,0.00,0.00,0.00,210419016,596540039,794500606,225527560
5227.77,4035704.00,7166699.38,888793.75,3130995.38,2553.16,2553.16,2665.63,0.00,3848305749.16,6413878058.89,0.00,0.00,0.00,0.00,210654921,596957742,794500606,225527560
5229.77,4036608.05,7169502.70,889090.67,3132894.65,904.05,2803.33,296.91,1899.27,3848305749.16,6413878058.89,0.00,0.00,0.00,0.00,209271314,597090492,794500606,227009855
5231.77,4037495.03,7172343.88,889090.67,3134848.85,886.98,2841.17,0.00,1954.20,3848305749.16,6413878058.89,0.00,0.00,0.00,0.00,209349084,597239788,795315322,227009855
5233.77,4039983.04,7177210.86,889090.67,3137227.82,2488.01,4866.98,0.00,2378.98,3848305749.16,6413878058.89,0.00,0.00,0.00,0.00,209565733,597660069,795315322,227009855
5235.77,4042284.51,7181560.70,889090.67,3139276.18,2301.48,4349.84,0.00,2048.36,3848305749.16,6413878058.89,0.00,0.00,0.00,0.00,209785498,598029482,796497725,227009855
5237.77,4042752.05,7184700.81,889090.67,3141948.76,467.54,3140.12,0.00,2672.57,3848305749.16,6413878058.89,0.00,0.00,0.00,0.00,209843396,598091275,796497725,227009855
5239.77,4042752.05,7186968.66,889090.67,3144216.61,0.00,2267.85,0.00,2267.85,3848305749.16,6413878058.89,0.00,0.00,0.00,0.00,209843396,598091275,796497725,227009855
5241.77,4042752.05,7188960.11,889090.67,3146208.05,0.00,1991.45,0.00,1991.45,3848305749.16,6413878058.89,0.00,0.00,0.00,0.00,209843396,598091275,796497725,227009855
5243.77,4042752.05,7191913.75,889090.67,3149161.70,0.00,2953.64,0.00,2953.64,3848305749.16,6413878058.89,0.00,0.00,0.00,0.00,209843396,598091275,796497725,227009855
5245.77,4042752.05,7194431.04,889090.67,3151678.99,0.00,2517.29,0.00,2517.29,3848305749.16,6413878058.89,0.00,0.00,0.00,0.00,209843396,598091275,796497725,227009855
5247.77,4042752.05,7196723.98,889090.67,3153971.93,0.00,2292.94,0.00,2292.94,3848305749.16,6413878058.89,0.00,0.00,0.00,0.00,209843396,598091275,796497725,227009855
5249.77,4044166.09,7200061.64,889090.67,3155895.55,1414.03,3337.66,0.00,1923.63,3848305749.16,6413878058.89,0.00,0.00,0.00,0.00,209969635,598327028,800585249,227009855
5251.77,4046655.04,7204473.26,889090.67,3157818.23,2488.95,4411.62,0.00,1922.67,3848305749.16,6413878058.89,0.00,0.00,0.00,0.00,210240382,598693452,800585249,227009855
5253.77,4049138.15,7207963.59,890344.62,3158825.45,2483.11,3490.33,1253.95,1007.22,3848305749.16,6413878058.89,0.00,0.00,0.00,0.00,210485885,599083626,801585370,227009855
5255.77,4051699.84,7210525.29,892999.75,3158825.45,2561.69,2561.69,2655.13,0.00,3848305749.16,6413878058.89,0.00,0.00,0.00,0.00,210757568,599467736,801585370,227009855
5257.77,4053904.17,7213007.36,894996.89,3159103.19,2204.33,2482.08,1997.14,277.75,3848305749.16,6413878058.89,0.00,0.00,0.00,0.00,209443991,599833913,801585370,228521564
5259.77,4055040.01,7216691.63,894996.89,3161651.62,1135.84,3684.27,0.00,2548.43,3848305749.16,6413878058.89,0.00,0.00,0.00,0.00,209566058,600002620,801585370,228521564
5261.77,4055842.82,7219975.73,894996.89,3164132.91,802.81,3284.10,0.00,2481.29,3848305749.16,6413878058.89,0.00,0.00,0.00,0.00,209623128,600151070,802764558,228521564
5263.77,4058340.66,7224863.85,894996.89,3166523.19,2497.84,4888.12,0.00,2390.28,3848305749.16,6413878058.89,0.00,0.00,0.00,0.00,209858265,600555381,802764558,228521564
5265.77,4060730.20,7229237.59,894996.89,3168507.38,2389.54,4373.73,0.00,1984.20,3848305749.16,6413878058.89,0.00,0.00,0.00,0.00,210123486,600901882,803885305,228521564
5267.77,4061184.03,7232408.04,894996.89,3171224.01,453.83,3170.45,0.00,2716.62,3848305749.16,6413878058.89,0.00,0.00,0.00,0.00,210177189,600964359,803885305,228521564
5269.77,4062625.58,7234966.36,896500.83,3172340.78,1441.55,2558.32,1503.94,1116.77,3848305749.16,6413878058.89,0.00,0.00,0.00,0.00,210312987,601197597,804985211,228521564
5271.77,4065131.94,7237472.72,899169.52,3172340.78,2506.36,2506.36,2668.68,0.00,3848305749.16,6413878058.89,0.00,0.00,0.00,0.00,210550562,601601651,804985211,228521564
5273.77,4067328.02,7240045.95,900973.89,3172717.93,2196.08,2573.23,1804.38,377.15,3848305749.16,6413878058.89,0.00,0.00,0.00,0.00,209229853,601954539,804985211,230051582
5275.77,4067328.02,7242501.07,900973.89,3175173.05,0.00,2455.12,0.00,2455.12,3848305749.16,6413878058.89,0.00,0.00,0.00,0.00,209229853,601954539,804985211,230051582
5277.77,4067328.02,7244941.38,900973.89,3177613.36,0.00,2440.31,0.00,2440.31,3848305749.16,6413878058.89,0.00,0.00,0.00,0.00,209229853,601954539,804985211,230051582
5279.77,4067328.02,7247377.54,900973.89,3180049.52,0.00,2436.16,0.00,2436.16,3848305749.16,6413878058.89,0.00,0.00,0.00,0.00,209229853,601954539,804985211,230051582
5281.77,4067328.02,7249572.57,900973.89,3182244.55,0.00,2195.03,0.00,2195.03,3848305749.16,6413878058.89,0.00,0.00,0.00,0.00,209229853,601954539,804985211,230051582
5283.80,4067329.02,7251883.06,900973.89,3184554.04,1.00,2310.48,0.00,2309.48,3848305749.16,6413878058.89,0.00,0.00,0.00,0.00,209230080,601954568,808111804,230051582
5285.80,4069836.84,7256054.94,900973.89,3186218.11,2507.81,4171.88,0.00,1664.07,3848305749.16,6413878058.89,0.00,0.00,0.00,0.00,209475321,602351327,808111804,230051582
5287.80,4072327.28,7260222.84,900973.89,3187895.56,2490.45,4167.90,0.00,1677.45,3848305749.16,6413878058.89,0.00,0.00,0.00,0.00,209726156,602738046,808945932,230051582
5289.80,4073472.02,7263291.79,900973.89,3189819.78,1144.73,3068.95,0.00,1924.22,3848305749.16,6413878058.89,0.00,0.00,0.00,0.00,209852310,602904944,808945932,230051582
5291.80,4074408.12,7266176.84,900973.89,3191768.71,936.11,2885.04,0.00,1948.93,3848305749.16,6413878058.89,0.00,0.00,0.00,0.00,209951784,603045114,809785554,230051582
5293.80,4076892.53,7270435.64,900973.89,3193543.11,2484.40,4258.80,0.00,1774.40,3848305749.16,6413878058.89,0.00,0.00,0.00,0.00,210208579,603424326,809785554,230051582
5295.80,4079379.40,7273704.31,902320.48,3194324.91,2486.88,3268.67,1346.59,781.79,3848305749.16,6413878058.89,0.00,0.00,0.00,0.00,210470332,603799213,810612834,230051582
5297.80,4081902.49,7276227.40,904971.89,3194324.91,2523.09,2523.09,2651.41,0.00,3848305749.16,6413878058.89,0.00,0.00,0.00,0.00,210771621,604143835,810612834,230051582
5299.80,4083960.88,7278692.08,906567.85,3194731.20,2058.38,2464.68,1595.96,406.30,3848305749.16,6413878058.89,0.00,0.00,0.00,0.00,209553654,604456701,810612834,231483629
5301.80,4085760.03,7282967.07,906567.85,3197207.04,1799.16,4274.99,0.00,2475.84,3848305749.16,6413878058.89,0.00,0.00,0.00,0.00,209725281,604745658,810612834,231483629
5303.80,4086837.43,7286520.54,906567.85,3199683.11,1077.40,3553.47,0.00,2476.07,3848305749.16,6413878058.89,0.00,0.00,0.00,0.00,209814017,604932737,811746069,231483629
5305.80,4089350.77,7291153.00,906567.85,3201802.23,2513.34,4632.46,0.00,2119.12,3848305749.16,6413878058.89,0.00,0.00,0.00,0.00,210094170,605295998,811746069,231483629
5307.80,4091869.24,7294696.83,907977.84,3202827.59,2518.47,3543.82,1409.99,1025.36,3848305749.16,6413878058.89,0.00,0.00,0.00,0.00,210321395,605713501,812617770,231483629
5309.80,4094383.35,7297210.94,910618.30,3202827.59,2514.11,2514.11,2640.46,0.00,3848305749.16,6413878058.89,0.00,0.00,0.00,0.00,210529091,606149418,812617770,231483629
5311.80,4096647.94,7300317.80,911631.55,3203669.86,2264.59,3106.86,1013.25,842.27,3848305749.16,6413878058.89,0.00,0.00,0.00,0.00,209424464,606537558,812617770,232779851
5313.80,4098048.05,7303776.93,911631.55,3205728.88,1400.11,3459.12,0.00,2059.01,3848305749.16,6413878058.89,0.00,0.00,0.00,0.00,209540559,606779892,812617770,232779851
5315.80,4100169.20,7307611.80,911631.55,3207442.60,2121.14,3834.87,0.00,1713.72,3848305749.16,6413878058.89,0.00,0.00,0.00,0.00,209746106,607117358,813429933,232779851
5317.80,4102699.19,7311881.89,911631.55,3209182.70,2529.99,4270.09,0.00,1740.11,3848305749.16,6413878058.89,0.00,0.00,0.00,0.00,210003929,607507212,813429933,232779851
5319.80,4104192.03,7315185.77,911631.55,3210993.74,1492.84,3303.88,0.00,1811.04,3848305749.16,6413878058.89,0.00,0.00,0.00,0.00,210166047,607727262,814282698,232779851
5321.80,4104702.56,7317489.96,912151.63,3212787.40,510.53,2304.19,520.08,1793.66,3848305749.16,6413878058.89,0.00,0.00,0.00,0.00,210222380,607801624,815164767,232779851
5323.80,4107198.70,7319986.11,914816.53,3212787.40,2496.14,2496.14,2664.90,0.00,3848305749.16,6413878058.89,0.00,0.00,0.00,0.00,210485598,608177419,815164767,232779851
5325.85,4109472.50,7322259.91,917202.64,3212787.40,2273.80,2273.80,2386.11,0.00,3848305749.16,6413878058.89,0.00,0.00,0.00,0.00,209289068,608530122,815164767,234205771
5327.85,4110336.01,7325296.91,917202.64,3214960.89,863.51,3037.00,0.00,2173.49,3848305749.16,6413878058.89,0.00,0.00,0.00,0.00,209377798,608662450,815164767,234205771
5329.85,4111062.26,7328071.76,917202.64,3217009.50,726.25,2774.86,0.00,2048.61,3848305749.16,6413878058.89,0.00,0.00,0.00,0.00,209465425,608760742,816130350,234205771
5331.85,4113540.71,7332300.85,917202.64,3218760.14,2478.45,4229.09,0.00,1750.63,3848305749.16,6413878058.89,0.00,0.00,0.00,0.00,209717602,609143049,816130350,234205771
5333.85,4115947.88,7336403.14,917202.64,3220455.26,2407.17,4102.29,0.00,1695.12,3848305749.16,6413878058.89,0.00,0.00,0.00,0.00,209957849,609519037,816981628,234205771
5335.85,4116480.02,7339218.46,917202.64,3222738.45,532.14,2815.33,0.00,2283.19,3848305749.16,6413878058.89,0.00,0.00,0.00,0.00,210012524,609600589,816981628,234205771
5337.85,4117802.52,7342472.82,917202.64,3224670.30,1322.50,3254.35,0.00,1931.85,3848305749.16,6413878058.89,0.00,0.00,0.00,0.00,210133670,609818004,817979152,234205771
5339.85,4120296.03,7346847.40,917202.64,3226551.37,2493.51,4374.58,0.00,1881.07,3848305749.16,6413878058.89,0.00,0.00,0.00,0.00,210426396,610163616,817979152,234205771
5341.85,4122819.60,7350520.80,918219.12,3227701.20,2523.57,3673.40,1016.48,1149.83,3848305749.16,6413878058.89,0.00,0.00,0.00,0.00,210716675,610519372,818981344,234205771
5343.85,4125353.55,7353054.75,920886.02,3227701.20,2533.95,2533.95,2666.91,0.00,3848305749.16,6413878058.89,0.00,0.00,0.00,0.00,211029769,610854970,818981344,234205771
5345.88,4127688.13,7355389.33,923332.38,3227701.20,2334.57,2334.57,2446.36,0.00,3848305749.16,6413878058.89,0.00,0.00,0.00,0.00,209749679,611163498,818981344,235774984
5347.88,4128768.01,7358528.09,923332.38,3229760.08,1079.88,3138.76,0.00,2058.88,3848305749.16,6413878058.89,0.00,0.00,0.00,0.00,209901255,611288372,818981344,235774984
5349.88,4128768.01,7360747.23,923332.38,3231979.22,0.00,2219.14,0.00,2219.14,3848305749.16,6413878058.89,0.00,0.00,0.00,0.00,209901255,611288372,818981344,235774984
5351.88,4128768.01,7363140.80,923332.38,3234372.79,0.00,2393.57,0.00,2393.57,3848305749.16,6413878058.89,0.00,0.00,0.00,0.00,209901255,611288372,818981344,235774984
5353.88,4130307.70,7366556.69,923332.38,3236248.99,1539.68,3415.89,0.00,1876.21,3848305749.16,6413878058.89,0.00,0.00,0.00,0.00,210069296,611514490,820893809,235774984
5355.88,4132770.54,7370910.14,923332.38,3238139.61,2462.84,4353.46,0.00,1890.61,3848305749.16,6413878058.89,0.00,0.00,0.00,0.00,210345287,611868987,820893809,235774984
5357.88,4135231.29,7374334.37,924698.84,3239103.08,2460.75,3424.23,1366.46,963.47,3848305749.16,6413878058.89,0.00,0.00,0.00,0.00,210641508,612202719,821899570,235774984
5359.88,4137775.18,7376878.26,927362.60,3239103.08,2543.89,2543.89,2663.76,0.00,3848305749.16,6413878058.89,0.00,0.00,0.00,0.00,210851578,612643885,821899570,235774984
5361.88,4140050.94,7379368.30,929417.05,3239317.36,2275.75,2490.04,2054.45,214.28,3848305749.16,6413878058.89,0.00,0.00,0.00,0.00,209476814,613043649,821899570,237332577
5363.88,4141056.05,7382313.49,929417.05,3241257.44,1005.11,2945.19,0.00,1940.08,3848305749.16,6413878058.89,0.00,0.00,0.00,0.00,209538960,613238811,821899570,237332577
5365.88,4142219.38,7385482.14,929417.05,3243262.77,1163.33,3168.66,0.00,2005.32,3848305749.16,6413878058.89,0.00,0.00,0.00,0.00,209639144,613436440,822745767,237332577
5367.88,4144726.75,7389841.35,929417.05,3245114.60,2507.37,4359.20,0.00,1851.83,3848305749.16,6413878058.89,0.00,0.00,0.00,0.00,209851677,613865794,822745767,237332577
5369.88,4147200.04,7394072.85,929417.05,3246872.81,2473.29,4231.50,0.00,1758.21,3848305749.16,6413878058.89,0.00,0.00,0.00,0.00,209954803,614395829,823725717,237332577
5371.88,4147200.04,7396453.85,929417.05,3249253.81,0.00,2381.00,0.00,2381.00,3848305749.16,6413878058.89,0.00,0.00,0.00,0.00,209954803,614395829,823725717,237332577
5373.88,4147200.04,7399008.16,929417.05,3251808.12,0.00,2554.31,0.00,2554.31,3848305749.16,6413878058.89,0.00,0.00,0.00,0.00,209954803,614395829,823725717,237332577
5375.91,4147200.04,7401850.74,929417.05,3254650.71,0.00,2842.59,0.00,2842.59,3848305749.16,6413878058.89,0.00,0.00,0.00,0.00,209954803,614395829,823725717,237332577
5377.91,4147200.04,7404703.98,929417.05,3257503.95,0.00,2853.24,0.00,2853.24,3848305749.16,6413878058.89,0.00,0.00,0.00,0.00,209954803,614395829,823725717,237332577
5379.91,4147200.04,7407181.96,929417.05,3259981.93,0.00,2477.98,0.00,2477.98,3848305749.16,6413878058.89,0.00,0.00,0.00,0.00,209954803,614395829,823725717,237332577
5381.91,4147200.04,7409560.39,929417.05,3262360.36,0.00,2378.43,0.00,2378.43,3848305749.16,6413878058.89,0.00,0.00,0.00,0.00,209954803,614395829,823725717,237332577
5383.91,4148721.52,7412985.46,929417.05,3264263.95,1521.48,3425.07,0.00,1903.59,3848305749.16,6413878058.89,0.00,0.00,0.00,0.00,210013060,614727071,828079792,237332577
5385.91,4151253.81,7417333.11,929417.05,3266079.30,2532.30,4347.65,0.00,1815.35,3848305749.16,6413878058.89,0.00,0.00,0.00,0.00,210202615,615185784,828079792,237332577
5387.91,4153796.04,7420751.48,930781.05,3266955.45,2542.22,3418.37,1364.00,876.15,3848305749.16,6413878058.89,0.00,0.00,0.00,0.00,210399290,615639918,829029710,237332577
5389.91,4156323.05,7423278.49,933423.04,3266955.45,2527.01,2527.01,2641.99,0.00,3848305749.16,6413878058.89,0.00,0.00,0.00,0.00,210582760,616103363,829029710,237332577
5391.91,4158513.43,7426480.61,934563.94,3267967.19,2190.38,3202.12,1140.90,1011.74,3848305749.16,6413878058.89,0.00,0.00,0.00,0.00,209528046,616478978,829029710,238572413
5393.91,4159488.06,7429860.80,934563.94,3270372.74,974.63,3380.18,0.00,2405.55,3848305749.16,6413878058.89,0.00,0.00,0.00,0.00,209624427,616632103,829029710,238572413
5395.91,4159488.06,7432286.31,934563.94,3272798.25,0.00,2425.51,0.00,2425.51,3848305749.16,6413878058.89,0.00,0.00,0.00,0.00,209624427,616632103,829029710,238572413
5397.91,4159488.06,7434545.91,934563.94,3275057.85,0.00,2259.60,0.00,2259.60,3848305749.16,6413878058.89,0.00,0.00,0.00,0.00,209624427,616632103,829029710,238572413
5399.91,4159488.06,7437142.08,934563.94,3277654.02,0.00,2596.17,0.00,2596.17,3848305749.16,6413878058.89,0.00,0.00,0.00,0.00,209624427,616632103,829029710,238572413
5401.91,4159488.06,7440074.80,934563.94,3280586.74,0.00,2932.71,0.00,2932.71,3848305749.16,6413878058.89,0.00,0.00,0.00,0.00,209624427,616632103,829029710,238572413
5403.91,4161809.14,7444155.77,934563.94,3282346.64,2321.08,4080.98,0.00,1759.90,3848305749.16,6413878058.89,0.00,0.00,0.00,0.00,209825929,617024797,832521913,238572413
5405.91,4164292.00,7448598.28,934563.94,3284306.28,2482.86,4442.51,0.00,1959.64,3848305749.16,6413878058.89,0.00,0.00,0.00,0.00,209955435,617530904,832521913,238572413
5407.91,4166610.28,7453112.98,934563.94,3286502.70,2318.28,4514.70,0.00,2196.42,3848305749.16,6413878058.89,0.00,0.00,0.00,0.00,210122813,617957006,833512196,238572413
5409.91,4169085.68,7457758.02,934563.94,3288672.34,2475.39,4645.04,0.00,2169.64,3848305749.16,6413878058.89,0.00,0.00,0.00,0.00,210315887,618397633,833512196,238572413
5411.91,4171550.41,7460683.41,936602.18,3289132.99,2464.74,2925.39,2038.24,460.65,3848305749.16,6413878058.89,0.00,0.00,0.00,0.00,210522859,618821634,834616246,238572413
5413.91,4174040.65,7463173.64,939253.76,3289132.99,2490.23,2490.23,2651.58,0.00,3848305749.16,6413878058.89,0.00,0.00,0.00,0.00,210784440,619197553,834616246,238572413
5415.91,4176214.12,7466140.38,940427.23,3289926.26,2173.48,2966.74,1173.47,793.27,3848305749.16,6413878058.89,0.00,0.00,0.00,0.00,209452188,619586373,834616246,240072255
5417.91,4177920.06,7469960.32,940427.23,3292040.26,1705.94,3819.94,0.00,2114.00,3848305749.16,6413878058.89,0.00,0.00,0.00,0.00,209593738,619881543,834616246,240072255
5419.91,4177920.06,7472124.27,940427.23,3294204.20,0.00,2163.95,0.00,2163.95,3848305749.16,6413878058.89,0.00,0.00,0.00,0.00,209593738,619881543,834616246,240072255
5421.91,4177920.06,7474616.91,940427.23,3296696.84,0.00,2492.64,0.00,2492.64,3848305749.16,6413878058.89,0.00,0.00,0.00,0.00,209593738,619881543,834616246,240072255
5423.91,4177920.06,7476866.51,940427.23,3298946.45,0.00,2249.61,0.00,2249.61,3848305749.16,6413878058.89,0.00,0.00,0.00,0.00,209593738,619881543,834616246,240072255
5425.91,4178197.45,7479375.52,940427.23,3301178.06,277.39,2509.00,0.00,2231.61,3848305749.16,6413878058.89,0.00,0.00,0.00,0.00,209607437,619938856,837624745,240072255
5427.91,4180676.02,7483775.04,940427.23,3303099.02,2478.57,4399.53,0.00,1920.96,3848305749.16,6413878058.89,0.00,0.00,0.00,0.00,209848948,620331859,837624745,240072255
5429.93,4183136.77,7488171.60,940427.23,3305034.83,2460.75,4396.56,0.00,1935.81,3848305749.16,6413878058.89,0.00,0.00,0.00,0.00,210133972,620676786,838668959,240072255
5431.93,4185499.80,7492550.54,940427.23,3307050.74,2363.03,4378.94,0.00,2015.91,3848305749.16,6413878058.89,0.00,0.00,0.00,0.00,210391762,621023932,838668959,240072255
5433.93,4187992.05,7496916.00,940427.23,3308923.95,2492.25,4365.46,0.00,1873.21,3848305749.16,6413878058.89,0.00,0.00,0.00,0.00,210735515,621318195,838668959,240072255
5435.93,4190454.96,7499848.43,942406.26,3309393.47,2462.91,2932.43,1979.03,469.52,3848305749.16,6413878058.89,0.00,0.00,0.00,0.00,210978722,621705493,839784769,240072255
5437.93,4192908.45,7502301.92,944978.39,3309393.47,2453.49,2453.49,2572.13,0.00,3848305749.16,6413878058.89,0.00,0.00,0.00,0.00,210613647,622065985,839784769,240704932
5439.93,4195459.70,7504853.17,947640.97,3309393.47,2551.25,2551.25,2662.58,0.00,3848305749.16,6413878058.89,0.00,0.00,0.00,0.00,210873489,622459262,839784769,240704932
5441.93,4197590.52,7507629.75,949026.09,3310039.24,2130.82,2776.59,1385.12,645.77,3848305749.16,6413878058.89,0.00,0.00,0.00,0.00,209452242,622858126,839784769,242272804
5443.93,4199935.93,7511942.28,949026.09,3312006.35,2345.41,4312.53,0.00,1967.11,3848305749.16,6413878058.89,0.00,0.00,0.00,0.00,209623613,623287181,839784769,242272804
5445.93,4202420.21,7516554.70,949026.09,3314134.49,2484.29,4612.42,0.00,2128.14,3848305749.16,6413878058.89,0.00,0.00,0.00,0.00,209810852,623735919,839784769,242272804
5447.93,4202496.05,7519268.00,949026.09,3316771.95,75.84,2713.29,0.00,2637.46,3848305749.16,6413878058.89,0.00,0.00,0.00,0.00,209827072,623739113,840888339,242272804
5449.93,4202496.05,7521869.61,949026.09,3319373.56,0.00,2601.62,0.00,2601.62,3848305749.16,6413878058.89,0.00,0.00,0.00,0.00,209827072,623739113,840888339,242272804
5451.93,4202496.05,7524287.16,949026.09,3321791.11,0.00,2417.55,0.00,2417.55,3848305749.16,6413878058.89,0.00,0.00,0.00,0.00,209827072,623739113,840888339,242272804
5453.93,4202496.05,7526579.04,949026.09,3324082.99,0.00,2291.88,0.00,2291.88,3848305749.16,6413878058.89,0.00,0.00,0.00,0.00,209827072,623739113,840888339,242272804
5455.93,4202496.05,7529014.91,949026.09,3326518.86,0.00,2435.87,0.00,2435.87,3848305749.16,6413878058.89,0.00,0.00,0.00,0.00,209827072,623739113,840888339,242272804
5457.93,4202496.05,7531541.16,949026.09,3329045.11,0.00,2526.25,0.00,2526.25,3848305749.16,6413878058.89,0.00,0.00,0.00,0.00,209827072,623739113,840888339,242272804
5459.93,4202496.05,7534494.00,949026.09,3331997.95,0.00,2952.84,0.00,2952.84,3848305749.16,6413878058.89,0.00,0.00,0.00,0.00,209827072,623739113,840888339,242272804
5461.93,4204780.60,7538541.15,949026.09,3333760.55,2284.55,4047.14,0.00,1762.59,3848305749.16,6413878058.89,0.00,0.00,0.00,0.00,210026144,624124886,845483155,242272804
5463.93,4207287.29,7543016.56,949026.09,3335729.27,2506.69,4475.41,0.00,1968.73,3848305749.16,6413878058.89,0.00,0.00,0.00,0.00,210224117,624568625,845483155,242272804
5465.93,4209809.94,7545914.22,951080.17,3336104.28,2522.65,2897.66,2054.08,375.01,3848305749.16,6413878058.89,0.00,0.00,0.00,0.00,210411232,625027309,846505263,242272804
5467.93,4212341.01,7548445.29,953725.14,3336104.28,2531.07,2531.07,2644.97,0.00,3848305749.16,6413878058.89,0.00,0.00,0.00,0.00,210638033,625448462,846505263,242272804
5469.93,4214599.04,7551705.44,954551.95,3337106.40,2258.03,3260.15,826.81,1002.12,3848305749.16,6413878058.89,0.00,0.00,0.00,0.00,209386259,625865487,846505263,243685608
5471.93,4214784.06,7554191.27,954551.95,3339407.21,185.02,2485.83,0.00,2300.80,3848305749.16,6413878058.89,0.00,0.00,0.00,0.00,209390182,625908930,846505263,243685608
5473.93,4214784.06,7556878.50,954551.95,3342094.43,0.00,2687.23,0.00,2687.23,3848305749.16,6413878058.89,0.00,0.00,0.00,0.00,209390182,625908930,846505263,243685608
5475.93,4214784.06,7559405.86,954551.95,3344621.79,0.00,2527.36,0.00,2527.36,3848305749.16,6413878058.89,0.00,0.00,0.00,0.00,209390182,625908930,846505263,243685608
5477.93,4214784.06,7561866.75,954551.95,3347082.69,0.00,2460.90,0.00,2460.90,3848305749.16,6413878058.89,0.00,0.00,0.00,0.00,209390182,625908930,846505263,243685608
5479.93,4214784.06,7564150.70,954551.95,3349366.64,0.00,2283.95,0.00,2283.95,3848305749.16,6413878058.89,0.00,0.00,0.00,0.00,209390182,625908930,846505263,243685608
5481.93,4214784.06,7566697.98,954551.95,3351913.92,0.00,2547.28,0.00,2547.28,3848305749.16,6413878058.89,0.00,0.00,0.00,0.00,209390182,625908930,846505263,243685608
5483.93,4214784.06,7569157.11,954551.95,3354373.04,0.00,2459.12,0.00,2459.12,3848305749.16,6413878058.89,0.00,0.00,0.00,0.00,209390182,625908930,846505263,243685608
5485.93,4214784.06,7572150.95,954551.95,3357366.89,0.00,2993.84,0.00,2993.84,3848305749.16,6413878058.89,0.00,0.00,0.00,0.00,209390182,625908930,846505263,243685608
5487.93,4217169.61,7576130.18,954551.95,3358960.58,2385.54,3979.23,0.00,1593.69,3848305749.16,6413878058.89,0.00,0.00,0.00,0.00,209506207,626403604,851959333,243685608
5489.93,4219636.11,7580584.84,954551.95,3360948.73,2466.51,4454.66,0.00,1988.15,3848305749.16,6413878058.89,0.00,0.00,0.00,0.00,209633690,626907547,851959333,243685608
5491.93,4220928.00,7584065.32,954551.95,3363137.32,1291.89,3480.48,0.00,2188.59,3848305749.16,6413878058.89,0.00,0.00,0.00,0.00,209743938,627128023,852940332,243685608
5493.94,4220928.00,7586915.62,954551.95,3365987.62,0.00,2850.30,0.00,2850.30,3848305749.16,6413878058.89,0.00,0.00,0.00,0.00,209743938,627128023,852940332,243685608
5495.94,4220928.00,7589233.57,954551.95,3368305.56,0.00,2317.94,0.00,2317.94,3848305749.16,6413878058.89,0.00,0.00,0.00,0.00,209743938,627128023,852940332,243685608
5497.94,4220928.00,7591463.43,954551.95,3370535.43,0.00,2229.87,0.00,2229.87,3848305749.16,6413878058.89,0.00,0.00,0.00,0.00,209743938,627128023,852940332,243685608
5499.94,4220928.00,7593918.38,954551.95,3372990.37,0.00,2454.94,0.00,2454.94,3848305749.16,6413878058.89,0.00,0.00,0.00,0.00,209743938,627128023,852940332,243685608
5501.94,4220928.00,7596299.05,954551.95,3375371.05,0.00,2380.68,0.00,2380.68,3848305749.16,6413878058.89,0.00,0.00,0.00,0.00,209743938,627128023,852940332,243685608
5503.94,4220928.00,7599064.63,954551.95,3378136.63,0.00,2765.58,0.00,2765.58,3848305749.16,6413878058.89,0.00,0.00,0.00,0.00,209743938,627128023,852940332,243685608
5505.94,4220928.00,7601741.92,954551.95,3380813.92,0.00,2677.29,0.00,2677.29,3848305749.16,6413878058.89,0.00,0.00,0.00,0.00,209743938,627128023,852940332,243685608
5507.94,4220928.00,7604638.45,954551.95,3383710.45,0.00,2896.53,0.00,2896.53,3848305749.16,6413878058.89,0.00,0.00,0.00,0.00,209743938,627128023,852940332,243685608
5509.94,4220928.00,7607013.33,954551.95,3386085.33,0.00,2374.88,0.00,2374.88,3848305749.16,6413878058.89,0.00,0.00,0.00,0.00,209743938,627128023,852940332,243685608
5511.94,4221093.77,7609352.34,954551.95,3388258.57,165.76,2339.01,0.00,2173.25,3848305749.16,6413878058.89,0.00,0.00,0.00,0.00,209747804,627166592,859827649,243685608
5513.94,4223602.89,7613671.39,954551.95,3390068.50,2509.12,4319.05,0.00,1809.93,3848305749.16,6413878058.89,0.00,0.00,0.00,0.00,209939942,627616790,859827649,243685608
5516.02,4226048.84,7617950.53,954551.95,3391901.69,2445.95,4279.13,0.00,1833.18,3848305749.16,6413878058.89,0.00,0.00,0.00,0.00,210123007,628059888,860786550,243685608
5518.02,4228515.15,7622701.74,954551.95,3394186.59,2466.31,4751.21,0.00,2284.90,3848305749.16,6413878058.89,0.00,0.00,0.00,0.00,210380484,628433786,860786550,243685608
5520.02,4231001.57,7627357.91,954551.95,3396356.34,2486.42,4656.17,0.00,2169.75,3848305749.16,6413878058.89,0.00,0.00,0.00,0.00,210505212,628945581,860786550,243685608
5522.02,4233460.44,7630229.38,956665.65,3396768.94,2458.88,2871.47,2113.70,412.60,3848305749.16,6413878058.89,0.00,0.00,0.00,0.00,210675159,629405106,861894716,243685608
5524.02,4236016.66,7632785.60,959315.86,3396768.94,2556.22,2556.22,2650.21,0.00,3848305749.16,6413878058.89,0.00,0.00,0.00,0.00,210838415,629896242,861894716,243685608
5526.02,4238190.74,7636080.00,960049.36,3397889.26,2174.08,3294.41,733.50,1120.32,3848305749.16,6413878058.89,0.00,0.00,0.00,0.00,209578333,630305856,861894716,245092641
5528.02,4239360.02,7639485.52,960049.36,3400125.51,1169.27,3405.52,0.00,2236.25,3848305749.16,6413878058.89,0.00,0.00,0.00,0.00,209656868,630526655,861894716,245092641
5530.02,4239360.02,7642063.13,960049.36,3402703.12,0.00,2577.61,0.00,2577.61,3848305749.16,6413878058.89,0.00,0.00,0.00,0.00,209656868,630526655,861894716,245092641
5532.02,4239360.02,7644707.27,960049.36,3405347.26,0.00,2644.14,0.00,2644.14,3848305749.16,6413878058.89,0.00,0.00,0.00,0.00,209656868,630526655,861894716,245092641
5534.02,4239360.02,7647202.57,960049.36,3407842.55,0.00,2495.30,0.00,2495.30,3848305749.16,6413878058.89,0.00,0.00,0.00,0.00,209656868,630526655,861894716,245092641
5536.02,4239360.02,7649848.95,960049.36,3410488.94,0.00,2646.38,0.00,2646.38,3848305749.16,6413878058.89,0.00,0.00,0.00,0.00,209656868,630526655,861894716,245092641
5538.02,4239360.02,7652239.91,960049.36,3412879.89,0.00,2390.96,0.00,2390.96,3848305749.16,6413878058.89,0.00,0.00,0.00,0.00,209656868,630526655,861894716,245092641
5540.02,4239360.02,7654476.98,960049.36,3415116.97,0.00,2237.07,0.00,2237.07,3848305749.16,6413878058.89,0.00,0.00,0.00,0.00,209656868,630526655,861894716,245092641
5542.02,4239360.02,7656960.16,960049.36,3417600.15,0.00,2483.18,0.00,2483.18,3848305749.16,6413878058.89,0.00,0.00,0.00,0.00,209656868,630526655,861894716,245092641
5544.02,4241429.57,7660836.70,960049.36,3419407.14,2069.55,3876.54,0.00,1806.99,3848305749.16,6413878058.89,0.00,0.00,0.00,0.00,209811067,630902261,867299160,245092641
5546.02,4243893.75,7665226.08,960049.36,3421332.34,2464.18,4389.38,0.00,1925.20,3848305749.16,6413878058.89,0.00,0.00,0.00,0.00,210136147,631208011,867299160,245092641
5548.02,4246369.18,7668279.65,961894.72,3421910.48,2475.43,3053.57,1845.36,578.14,3848305749.16,6413878058.89,0.00,0.00,0.00,0.00,210315211,631662657,868315958,245092641
5550.02,4248907.04,7670817.52,964561.57,3421910.48,2537.86,2537.86,2666.84,0.00,3848305749.16,6413878058.89,0.00,0.00,0.00,0.00,210614457,632013104,868315958,245092641
5552.02,4251081.11,7673552.93,966088.14,3422471.82,2174.07,2735.41,1526.57,561.34,3848305749.16,6413878058.89,0.00,0.00,0.00,0.00,209222750,632416364,868315958,246637650
5554.02,4251648.03,7676719.21,966088.14,3425071.19,566.92,3166.29,0.00,2599.37,3848305749.16,6413878058.89,0.00,0.00,0.00,0.00,209252003,632532242,868315958,246637650
5556.02,4252549.17,7680065.40,966088.14,3427516.23,901.14,3346.18,0.00,2445.04,3848305749.16,6413878058.89,0.00,0.00,0.00,0.00,209321538,632693399,869545978,246637650
5558.02,4255057.85,7684926.98,966088.14,3429869.13,2508.68,4861.58,0.00,2352.90,3848305749.16,6413878058.89,0.00,0.00,0.00,0.00,209491809,633165350,869545978,246637650
5560.11,4257553.22,7689544.49,966088.14,3431991.27,2495.37,4617.51,0.00,2122.14,3848305749.16,6413878058.89,0.00,0.00,0.00,0.00,209664694,633631280,870865144,246637650
5562.11,4257792.03,7692407.96,966088.14,3434615.93,238.81,2863.46,0.00,2624.66,3848305749.16,6413878058.89,0.00,0.00,0.00,0.00,209684860,633672249,870865144,246637650
5564.11,4257792.03,7695041.34,966088.14,3437249.32,0.00,2633.39,0.00,2633.39,3848305749.16,6413878058.89,0.00,0.00,0.00,0.00,209684860,633672249,870865144,246637650
5566.11,4257792.03,7698023.79,966088.14,3440231.76,0.00,2982.45,0.00,2982.45,3848305749.16,6413878058.89,0.00,0.00,0.00,0.00,209684860,633672249,870865144,246637650
5568.11,4257792.03,7700743.00,966088.14,3442950.98,0.00,2719.21,0.00,2719.21,3848305749.16,6413878058.89,0.00,0.00,0.00,0.00,209684860,633672249,870865144,246637650
5570.11,4257792.03,7703660.07,966088.14,3445868.04,0.00,2917.06,0.00,2917.06,3848305749.16,6413878058.89,0.00,0.00,0.00,0.00,209684860,633672249,870865144,246637650
5572.11,4257792.03,7705900.93,966088.14,3448108.90,0.00,2240.86,0.00,2240.86,3848305749.16,6413878058.89,0.00,0.00,0.00,0.00,209684860,633672249,870865144,246637650
5574.11,4257792.03,7707944.21,966088.14,3450152.18,0.00,2043.28,0.00,2043.28,3848305749.16,6413878058.89,0.00,0.00,0.00,0.00,209684860,633672249,870865144,246637650
5576.11,4257792.03,7710794.70,966088.14,3453002.67,0.00,2850.49,0.00,2850.49,3848305749.16,6413878058.89,0.00,0.00,0.00,0.00,209684860,633672249,870865144,246637650
5578.11,4257792.03,7713449.50,966088.14,3455657.48,0.00,2654.81,0.00,2654.81,3848305749.16,6413878058.89,0.00,0.00,0.00,0.00,209684860,633672249,870865144,246637650
5580.11,4257792.03,7716307.43,966088.14,3458515.41,0.00,2857.93,0.00,2857.93,3848305749.16,6413878058.89,0.00,0.00,0.00,0.00,209684860,633672249,870865144,246637650
5582.11,4258728.69,7719583.94,966088.14,3460855.25,936.66,3276.50,0.00,2339.84,3848305749.16,6413878058.89,0.00,0.00,0.00,0.00,209781940,633814954,878060527,246637650
5584.11,4261236.79,7723940.28,966088.14,3462703.49,2508.10,4356.34,0.00,1848.24,3848305749.16,6413878058.89,0.00,0.00,0.00,0.00,210130250,634108717,878060527,246637650
5586.11,4263701.77,7727860.86,966742.35,3464159.08,2464.99,3920.58,654.21,1455.59,3848305749.16,6413878058.89,0.00,0.00,0.00,0.00,210484920,634385084,879083672,246637650
5588.11,4266214.79,7730373.87,969389.51,3464159.08,2513.01,2513.01,2647.16,0.00,3848305749.16,6413878058.89,0.00,0.00,0.00,0.00,210847672,634665663,879083672,246637650
5590.17,4268602.78,7732761.86,971927.29,3464159.08,2388.00,2388.00,2537.77,0.00,3848305749.16,6413878058.89,0.00,0.00,0.00,0.00,209553364,635079071,879083672,248129877
5592.17,4270080.06,7736627.14,971927.29,3466547.07,1477.28,3865.27,0.00,2387.99,3848305749.16,6413878058.89,0.00,0.00,0.00,0.00,209688794,635321825,879083672,248129877
5594.17,4270080.06,7739395.99,971927.29,3469315.93,0.00,2768.85,0.00,2768.85,3848305749.16,6413878058.89,0.00,0.00,0.00,0.00,209688794,635321825,879083672,248129877
5596.17,4270080.06,7741360.17,971927.29,3471280.11,0.00,1964.18,0.00,1964.18,3848305749.16,6413878058.89,0.00,0.00,0.00,0.00,209688794,635321825,879083672,248129877
5598.17,4270080.06,7743534.25,971927.29,3473454.18,0.00,2174.07,0.00,2174.07,3848305749.16,6413878058.89,0.00,0.00,0.00,0.00,209688794,635321825,879083672,248129877
5600.17,4270080.06,7745958.62,971927.29,3475878.56,0.00,2424.38,0.00,2424.38,3848305749.16,6413878058.89,0.00,0.00,0.00,0.00,209688794,635321825,879083672,248129877
5602.17,4272015.72,7749697.93,971927.29,3477682.21,1935.66,3739.30,0.00,1803.65,3848305749.16,6413878058.89,0.00,0.00,0.00,0.00,209905836,635600311,882132485,248129877
5604.17,4274496.76,7754084.50,971927.29,3479587.74,2481.04,4386.57,0.00,1905.53,3848305749.16,6413878058.89,0.00,0.00,0.00,0.00,210147384,635993910,882132485,248129877
5606.17,4276996.40,7756823.45,974201.17,3479827.05,2499.64,2738.95,2273.89,239.31,3848305749.16,6413878058.89,0.00,0.00,0.00,0.00,210320112,636461089,883037081,248129877
5608.17,4279522.38,7759349.43,976863.17,3479827.05,2525.98,2525.98,2662.00,0.00,3848305749.16,6413878058.89,0.00,0.00,0.00,0.00,210548424,636879427,883037081,248129877
5610.17,4281554.32,7762354.07,978071.17,3480799.75,2031.95,3004.64,1208.00,972.69,3848305749.16,6413878058.89,0.00,0.00,0.00,0.00,209143678,637231517,883037081,249702712
5612.17,4284071.34,7767166.12,978071.17,3483094.77,2517.02,4812.05,0.00,2295.03,3848305749.16,6413878058.89,0.00,0.00,0.00,0.00,209320944,637698608,883037081,249702712
5614.17,4286355.66,7771430.17,978071.17,3485074.51,2284.31,4264.05,0.00,1979.74,3848305749.16,6413878058.89,0.00,0.00,0.00,0.00,209475517,638128819,884284155,249702712
5616.17,4288512.02,7775969.62,978071.17,3487457.60,2156.36,4539.45,0.00,2383.09,3848305749.16,6413878058.89,0.00,0.00,0.00,0.00,209650183,638506181,884284155,249702712
5618.17,4288512.02,7778482.19,978071.17,3489970.18,0.00,2512.57,0.00,2512.57,3848305749.16,6413878058.89,0.00,0.00,0.00,0.00,209650183,638506181,884284155,249702712
5620.17,4288512.02,7781276.62,978071.17,3492764.61,0.00,2794.43,0.00,2794.43,3848305749.16,6413878058.89,0.00,0.00,0.00,0.00,209650183,638506181,884284155,249702712
5622.17,4288512.02,7783838.44,978071.17,3495326.42,0.00,2561.81,0.00,2561.81,3848305749.16,6413878058.89,0.00,0.00,0.00,0.00,209650183,638506181,884284155,249702712
5624.17,4288512.02,7786298.59,978071.17,3497786.57,0.00,2460.15,0.00,2460.15,3848305749.16,6413878058.89,0.00,0.00,0.00,0.00,209650183,638506181,884284155,249702712
5626.17,4290032.18,7789739.91,978071.17,3499707.74,1520.16,3441.33,0.00,1921.17,3848305749.16,6413878058.89,0.00,0.00,0.00,0.00,209764875,638780650,887837203,249702712
5628.17,4292526.89,7794090.77,978071.17,3501563.88,2494.72,4350.86,0.00,1856.14,3848305749.16,6413878058.89,0.00,0.00,0.00,0.00,209985220,639198953,887837203,249702712
5630.17,4294999.84,7797587.11,979357.29,3502587.27,2472.95,3496.34,1286.11,1023.39,3848305749.16,6413878058.89,0.00,0.00,0.00,0.00,210284952,639532296,888853877,249702712
5632.17,4297532.86,7800120.12,982021.41,3502587.27,2533.01,2533.01,2664.12,0.00,3848305749.16,6413878058.89,0.00,0.00,0.00,0.00,210478603,639987096,888853877,249702712
5634.17,4299697.18,7802527.88,984013.23,3502830.70,2164.32,2407.76,1991.82,243.44,3848305749.16,6413878058.89,0.00,0.00,0.00,0.00,209105094,640393581,888853877,251223802
5636.17,4300800.03,7806079.61,984013.23,3505279.57,1102.86,3551.73,0.00,2448.87,3848305749.16,6413878058.89,0.00,0.00,0.00,0.00,209191392,640589614,888853877,251223802
5638.17,4300800.03,7808820.95,984013.23,3508020.92,0.00,2741.34,0.00,2741.34,3848305749.16,6413878058.89,0.00,0.00,0.00,0.00,209191392,640589614,888853877,251223802
5640.17,4300800.03,7810844.31,984013.23,3510044.28,0.00,2023.36,0.00,2023.36,3848305749.16,6413878058.89,0.00,0.00,0.00,0.00,209191392,640589614,888853877,251223802
5642.17,4300800.03,7813211.63,984013.23,3512411.60,0.00,2367.32,0.00,2367.32,3848305749.16,6413878058.89,0.00,0.00,0.00,0.00,209191392,640589614,888853877,251223802
5644.17,4300800.03,7816223.70,984013.23,3515423.67,0.00,3012.07,0.00,3012.07,3848305749.16,6413878058.89,0.00,0.00,0.00,0.00,209191392,640589614,888853877,251223802
5646.17,4302769.48,7819955.63,984013.23,3517186.16,1969.45,3731.93,0.00,1762.48,3848305749.16,6413878058.89,0.00,0.00,0.00,0.00,209429177,640856007,892268845,251223802
5648.17,4305279.04,7824134.95,984013.23,3518855.91,2509.56,4179.32,0.00,1669.76,3848305749.16,6413878058.89,0.00,0.00,0.00,0.00,209714939,641212693,892268845,251223802
5650.17,4306944.00,7827643.28,984013.23,3520699.27,1664.96,3508.32,0.00,1843.36,3848305749.16,6413878058.89,0.00,0.00,0.00,0.00,209912392,641441471,893066408,251223802
5652.19,4306944.00,7829959.61,984013.23,3523015.61,0.00,2316.33,0.00,2316.33,3848305749.16,6413878058.89,0.00,0.00,0.00,0.00,209912392,641441471,893066408,251223802
5654.19,4306944.00,7832039.12,984013.23,3525095.12,0.00,2079.52,0.00,2079.52,3848305749.16,6413878058.89,0.00,0.00,0.00,0.00,209912392,641441471,893066408,251223802
5656.19,4308330.35,7835263.22,984013.23,3526932.87,1386.35,3224.10,0.00,1837.75,3848305749.16,6413878058.89,0.00,0.00,0.00,0.00,210072001,641636767,894812505,251223802
5658.19,4310829.34,7839697.84,984013.23,3528868.50,2498.99,4434.62,0.00,1935.63,3848305749.16,6413878058.89,0.00,0.00,0.00,0.00,210408839,641939670,894812505,251223802
5660.19,4313318.16,7843415.71,985122.98,3530097.55,2488.82,3717.87,1109.75,1229.05,3848305749.16,6413878058.89,0.00,0.00,0.00,0.00,210758097,642227550,895895556,251223802
5662.19,4315817.45,7845914.99,987788.86,3530097.55,2499.29,2499.29,2665.88,0.00,3848305749.16,6413878058.89,0.00,0.00,0.00,0.00,211126768,642498696,895895556,251223802
5664.19,4318011.79,7848109.34,990089.16,3530097.55,2194.35,2194.35,2300.30,0.00,3848305749.16,6413878058.89,0.00,0.00,0.00,0.00,209862439,642770433,895895556,252778147
5666.19,4319232.04,7851342.98,990089.16,3532110.94,1220.25,3233.64,0.00,2013.39,3848305749.16,6413878058.89,0.00,0.00,0.00,0.00,209984490,642960765,895895556,252778147
5668.19,4320057.25,7854101.49,990089.16,3534044.24,825.21,2758.51,0.00,1933.30,3848305749.16,6413878058.89,0.00,0.00,0.00,0.00,210099191,643057318,896763780,252778147
5670.19,4322550.84,7858320.37,990089.16,3535769.53,2493.59,4218.88,0.00,1725.29,3848305749.16,6413878058.89,0.00,0.00,0.00,0.00,210332837,643462030,896763780,252778147
5672.19,4325027.73,7861442.00,991663.14,3536414.27,2476.89,3121.64,1573.98,644.74,3848305749.16,6413878058.89,0.00,0.00,0.00,0.00,210459543,643969409,897509857,252778147
5674.19,4327558.04,7863972.31,994325.10,3536414.27,2530.31,2530.31,2661.96,0.00,3848305749.16,6413878058.89,0.00,0.00,0.00,0.00,210674203,644402508,897509857,252778147
5676.19,4329725.59,7866800.70,995731.64,3537075.11,2167.55,2828.39,1406.54,660.84,3848305749.16,6413878058.89,0.00,0.00,0.00,0.00,209429153,644757978,897509857,254222620
5678.19,4332214.55,7871456.95,995731.64,3539242.39,2488.96,4656.24,0.00,2167.28,3848305749.16,6413878058.89,0.00,0.00,0.00,0.00,209643329,645180976,897509857,254222620
5680.19,4334513.26,7875770.89,995731.64,3541257.64,2298.71,4313.95,0.00,2015.24,3848305749.16,6413878058.89,0.00,0.00,0.00,0.00,209849794,645562980,898658467,254222620
5682.19,4337001.16,7880487.53,995731.64,3543486.38,2487.90,4716.64,0.00,2228.74,3848305749.16,6413878058.89,0.00,0.00,0.00,0.00,210088280,645961396,898658467,254222620
5684.19,4338066.81,7883658.56,996151.19,3545591.75,1065.66,3171.03,419.55,2105.38,3848305749.16,6413878058.89,0.00,0.00,0.00,0.00,210174669,646147815,899777150,254222620
5686.19,4340572.05,7886163.80,998810.76,3545591.75,2505.24,2505.24,2659.57,0.00,3848305749.16,6413878058.89,0.00,0.00,0.00,0.00,210458067,646505759,899777150,254222620
5688.19,4342812.83,7888468.98,1000974.48,3545656.14,2240.78,2305.17,2163.72,64.39,3849260029.89,6414863125.07,954280.73,985066.18,0.00,0.00,209344463,646850939,899777150,255564683
5690.19,4345314.95,7892733.62,1000974.48,3547418.67,2502.12,4264.64,0.00,1762.53,3849260029.89,6414863125.07,0.00,0.00,0.00,0.00,209787548,647048396,899777150,255564683
5692.19,4347685.33,7896729.19,1000974.48,3549043.86,2370.38,3995.57,0.00,1625.19,3849260029.89,6414863125.07,0.00,0.00,0.00,0.00,210000795,647441967,900617202,255564683
5694.19,4349952.00,7900857.11,1000974.48,3550905.11,2266.67,4127.92,0.00,1861.25,3849260029.89,6414863125.07,0.00,0.00,0.00,0.00,210185454,647837576,900617202,255564683
5696.19,4350926.24,7903157.58,1001971.68,3552231.34,974.23,2300.47,997.20,1326.23,3849260029.89,6414863125.07,0.00,0.00,0.00,0.00,210283862,647988572,901476880,255564683
5698.19,4353476.66,7905708.01,1004636.83,3552231.34,2550.43,2550.43,2665.15,0.00,3849260029.89,6414863125.07,0.00,0.00,0.00,0.00,210488666,648436677,901476880,255564683
5700.19,4355621.40,7908029.90,1006635.46,3552408.50,2144.73,2321.89,1998.63,177.16,3849260029.89,6414863125.07,0.00,0.00,0.00,0.00,209235759,648789470,901476880,257013849
5702.19,4356096.00,7911083.29,1006635.46,3554987.29,474.61,3053.39,0.00,2578.79,3849260029.89,6414863125.07,0.00,0.00,0.00,0.00,209276622,648870106,901476880,257013849
5704.19,4356096.00,7913790.00,1006635.46,3557694.00,0.00,2706.71,0.00,2706.71,3849260029.89,6414863125.07,0.00,0.00,0.00,0.00,209276622,648870106,901476880,257013849
5706.19,4356096.00,7916675.75,1006635.46,3560579.75,0.00,2885.75,0.00,2885.75,3849260029.89,6414863125.07,0.00,0.00,0.00,0.00,209276622,648870106,901476880,257013849
5708.19,4357247.43,7920036.12,1006635.46,3562788.70,1151.42,3360.37,0.00,2208.95,3849260029.89,6414863125.07,0.00,0.00,0.00,0.00,209323199,649118293,903965046,257013849
5710.19,4359730.68,7924237.45,1006635.46,3564506.77,2483.25,4201.33,0.00,1718.07,3849260029.89,6414863125.07,0.00,0.00,0.00,0.00,209493851,649583354,903965046,257013849
5712.19,4362125.52,7928421.53,1006635.46,3566296.01,2394.84,4184.08,0.00,1789.24,3849260029.89,6414863125.07,0.00,0.00,0.00,0.00,209710560,649979723,904789415,257013849
5714.19,4362240.04,7931262.42,1006635.46,3569022.38,114.52,2840.89,0.00,2726.37,3849260029.89,6414863125.07,0.00,0.00,0.00,0.00,209723677,649995923,904789415,257013849
5716.19,4363950.19,7935132.35,1006635.46,3571182.16,1710.15,3869.93,0.00,2159.78,3849260029.89,6414863125.07,0.00,0.00,0.00,0.00,209892741,650264658,905929659,257013849
5718.19,4366473.25,7939907.32,1006635.46,3573434.06,2523.07,4774.96,0.00,2251.90,3849260029.89,6414863125.07,0.00,0.00,0.00,0.00,210108367,650694937,905929659,257013849
5720.19,4368953.54,7943791.32,1007652.86,3574837.78,2480.29,3884.01,1017.40,1403.72,3849260029.89,6414863125.07,0.00,0.00,0.00,0.00,210321168,651117090,907232001,257013849
5722.19,4371502.90,7946340.68,1010315.18,3574837.78,2549.36,2549.36,2662.32,0.00,3849260029.89,6414863125.07,0.00,0.00,0.00,0.00,210523054,651567839,907232001,257013849
5724.22,4373680.30,7948518.08,1012590.82,3574837.78,2177.40,2177.40,2275.63,0.00,3849260029.89,6414863125.07,0.00,0.00,0.00,0.00,209186784,651937023,907232001,258538349
5726.22,4374528.06,7951770.08,1012590.82,3577242.02,847.76,3252.00,0.00,2404.24,3849260029.89,6414863125.07,0.00,0.00,0.00,0.00,209262890,652077944,907232001,258538349
5728.22,4374528.06,7954480.48,1012590.82,3579952.43,0.00,2710.41,0.00,2710.41,3849260029.89,6414863125.07,0.00,0.00,0.00,0.00,209262890,652077944,907232001,258538349
5730.22,4374528.06,7957273.51,1012590.82,3582745.45,0.00,2793.02,0.00,2793.02,3849260029.89,6414863125.07,0.00,0.00,0.00,0.00,209262890,652077944,907232001,258538349
5732.22,4374528.06,7959596.41,1012590.82,3585068.35,0.00,2322.90,0.00,2322.90,3849260029.89,6414863125.07,0.00,0.00,0.00,0.00,209262890,652077944,907232001,258538349
5734.24,4374529.06,7961733.45,1012590.82,3587204.39,1.00,2137.05,0.00,2136.05,3849260029.89,6414863125.07,0.00,0.00,0.00,0.00,209263128,652077962,910396049,258538349
5736.24,4377035.87,7965940.45,1012590.82,3588904.57,2506.81,4206.99,0.00,1700.18,3849260029.89,6414863125.07,0.00,0.00,0.00,0.00,209461529,652521305,910396049,258538349
5738.24,4379388.96,7969927.65,1012590.82,3590538.69,2353.09,3987.21,0.00,1634.12,3849260029.89,6414863125.07,0.00,0.00,0.00,0.00,209638844,652946381,911244161,258538349
5740.24,4380672.06,7973776.88,1012590.82,3593104.82,1283.10,3849.22,0.00,2566.12,3849260029.89,6414863125.07,0.00,0.00,0.00,0.00,209729461,653184237,911244161,258538349
5742.24,4380678.48,7976361.12,1012590.82,3595682.64,6.42,2584.25,0.00,2577.82,3849260029.89,6414863125.07,0.00,0.00,0.00,0.00,209729715,653185627,912511759,258538349
5744.24,4383185.55,7981060.67,1012590.82,3597875.12,2507.07,4699.55,0.00,2192.48,3849260029.89,6414863125.07,0.00,0.00,0.00,0.00,209897328,653659825,912511759,258538349
5746.24,4385758.57,7985973.55,1012590.82,3600214.98,2573.02,4912.88,0.00,2339.86,3849260029.89,6414863125.07,0.00,0.00,0.00,0.00,210089720,654126126,912511759,258538349
5748.24,4386816.01,7988943.45,1012590.82,3602127.43,1057.44,2969.89,0.00,1912.46,3849260029.89,6414863125.07,0.00,0.00,0.00,0.00,210153659,654332891,913725346,258538349
5750.24,4387275.29,7991259.32,1013057.82,3603984.03,459.27,2315.87,467.01,1856.60,3849260029.89,6414863125.07,0.00,0.00,0.00,0.00,210202999,654401125,914633289,258538349
5752.24,4389776.45,7993760.48,1015696.24,3603984.03,2501.16,2501.16,2638.41,0.00,3849260029.89,6414863125.07,0.00,0.00,0.00,0.00,210366778,654877643,914633289,258538349
5754.31,4392053.40,7996037.43,1018086.80,3603984.03,2276.95,2276.95,2390.57,0.00,3849260029.89,6414863125.07,0.00,0.00,0.00,0.00,209162080,655258527,914633289,259945063
5756.31,4392960.00,7998992.97,1018086.80,3606032.97,906.61,2955.54,0.00,2048.94,3849260029.89,6414863125.07,0.00,0.00,0.00,0.00,209224480,655428218,914633289,259945063
5758.31,4392960.00,8001288.78,1018086.80,3608328.77,0.00,2295.80,0.00,2295.80,3849260029.89,6414863125.07,0.00,0.00,0.00,0.00,209224480,655428218,914633289,259945063
5760.31,4392960.00,8004072.82,1018086.80,3611112.81,0.00,2784.04,0.00,2784.04,3849260029.89,6414863125.07,0.00,0.00,0.00,0.00,209224480,655428218,914633289,259945063
5762.31,4394102.17,8007290.28,1018086.80,3613188.11,1142.16,3217.46,0.00,2075.30,3849260029.89,6414863125.07,0.00,0.00,0.00,0.00,209346207,655598885,916789551,259945063
5764.31,4396594.29,8011488.11,1018086.80,3614893.82,2492.12,4197.83,0.00,1705.71,3849260029.89,6414863125.07,0.00,0.00,0.00,0.00,209546216,656036858,916789551,259945063
5766.31,4398926.79,8015485.26,1018086.80,3616558.48,2332.50,3997.15,0.00,1664.65,3849260029.89,6414863125.07,0.00,0.00,0.00,0.00,209733194,656447000,917617070,259945063
5768.31,4399104.06,8018023.66,1018086.80,3618919.60,177.28,2538.40,0.00,2361.12,3849260029.89,6414863125.07,0.00,0.00,0.00,0.00,209744077,656481500,917617070,259945063
5770.31,4400795.95,8021510.58,1018086.80,3620714.63,1691.89,3486.92,0.00,1795.03,3849260029.89,6414863125.07,0.00,0.00,0.00,0.00,209882694,656776007,918608316,259945063
5772.31,4403286.33,8025877.44,1018086.80,3622591.11,2490.38,4366.86,0.00,1876.48,3849260029.89,6414863125.07,0.00,0.00,0.00,0.00,210079612,657216625,918608316,259945063
5774.31,4405752.23,8029068.22,1019707.93,3623315.99,2465.90,3190.79,1621.12,724.88,3849260029.89,6414863125.07,0.00,0.00,0.00,0.00,210261756,657665752,919581656,259945063
5776.31,4408280.75,8031596.74,1022359.18,3623315.99,2528.52,2528.52,2651.25,0.00,3849260029.89,6414863125.07,0.00,0.00,0.00,0.00,210472332,658102476,919581656,259945063
5778.31,4410514.13,8034894.98,1023383.04,3624380.85,2233.38,3298.24,1023.87,1064.86,3849260029.89,6414863125.07,0.00,0.00,0.00,0.00,209331248,658490086,919581656,261270283
5780.31,4413048.31,8039642.12,1023383.04,3626593.81,2534.18,4747.14,0.00,2212.96,3849260029.89,6414863125.07,0.00,0.00,0.00,0.00,209523778,658946307,919581656,261270283
5782.31,4415399.14,8043958.75,1023383.04,3628559.61,2350.83,4316.63,0.00,1965.80,3849260029.89,6414863125.07,0.00,0.00,0.00,0.00,209657454,659414443,920589194,261270283
5784.31,4417536.03,8048492.93,1023383.04,3630956.90,2136.89,4534.18,0.00,2397.29,3849260029.89,6414863125.07,0.00,0.00,0.00,0.00,209804512,659814429,920589194,261270283
5786.31,4417536.03,8051087.93,1023383.04,3633551.90,0.00,2595.00,0.00,2595.00,3849260029.89,6414863125.07,0.00,0.00,0.00,0.00,209804512,659814429,920589194,261270283
5788.31,4417536.03,8053881.71,1023383.04,3636345.68,0.00,2793.78,0.00,2793.78,3849260029.89,6414863125.07,0.00,0.00,0.00,0.00,209804512,659814429,920589194,261270283
5790.31,4417536.03,8056455.79,1023383.04,3638919.75,0.00,2574.08,0.00,2574.08,3849260029.89,6414863125.07,0.00,0.00,0.00,0.00,209804512,659814429,920589194,261270283
5792.31,4417536.03,8059229.02,1023383.04,3641692.98,0.00,2773.23,0.00,2773.23,3849260029.89,6414863125.07,0.00,0.00,0.00,0.00,209804512,659814429,920589194,261270283
5794.31,4417536.03,8061449.88,1023383.04,3643913.85,0.00,2220.87,0.00,2220.87,3849260029.89,6414863125.07,0.00,0.00,0.00,0.00,209804512,659814429,920589194,261270283
5796.31,4417536.03,8063734.40,1023383.04,3646198.37,0.00,2284.52,0.00,2284.52,3849260029.89,6414863125.07,0.00,0.00,0.00,0.00,209804512,659814429,920589194,261270283
5798.31,4417536.03,8066688.84,1023383.04,3649152.80,0.00,2954.44,0.00,2954.44,3849260029.89,6414863125.07,0.00,0.00,0.00,0.00,209804512,659814429,920589194,261270283
5800.31,4417536.03,8069035.31,1023383.04,3651499.28,0.00,2346.47,0.00,2346.47,3849260029.89,6414863125.07,0.00,0.00,0.00,0.00,209804512,659814429,920589194,261270283
5802.31,4417536.03,8071231.70,1023383.04,3653695.67,0.00,2196.39,0.00,2196.39,3849260029.89,6414863125.07,0.00,0.00,0.00,0.00,209804512,659814429,920589194,261270283
5804.31,4417536.03,8073423.80,1023383.04,3655887.77,0.00,2192.10,0.00,2192.10,3849260029.89,6414863125.07,0.00,0.00,0.00,0.00,209804512,659814429,920589194,261270283
5806.31,4417969.21,8076079.38,1023383.04,3658110.17,433.18,2655.58,0.00,2222.40,3849260029.89,6414863125.07,0.00,0.00,0.00,0.00,209840554,659889280,928277492,261270283
5808.31,4420455.61,8080566.54,1023383.04,3660110.93,2486.40,4487.16,0.00,2000.76,3849260029.89,6414863125.07,0.00,0.00,0.00,0.00,210002555,660363797,928277492,261270283
5810.31,4422909.42,8084890.89,1023430.44,3661981.47,2453.82,4324.35,47.39,1870.54,3849260029.89,6414863125.07,0.00,0.00,0.00,0.00,210157442,660837087,929360980,261270283
5812.31,4425441.57,8087423.04,1026069.89,3661981.47,2532.15,2532.15,2639.46,0.00,3849260029.89,6414863125.07,0.00,0.00,0.00,0.00,210342707,661300052,929360980,261270283
5814.31,4427974.36,8089955.83,1028736.25,3661981.47,2532.79,2532.79,2666.36,0.00,3849260029.89,6414863125.07,0.00,0.00,0.00,0.00,210508266,661782887,929360980,261270283
5816.31,4429824.04,8093340.56,1029081.41,3663516.52,1849.68,3384.73,345.16,1535.05,3849260029.89,6414863125.07,0.00,0.00,0.00,0.00,209173895,662131996,929360980,262729064
5818.31,4430131.98,8096192.79,1029081.41,3666060.81,307.94,2852.23,0.00,2544.29,3849260029.89,6414863125.07,0.00,0.00,0.00,0.00,209196291,662188433,930283687,262729064
5820.31,4432627.62,8100421.11,1029081.41,3667793.49,2495.64,4228.32,0.00,1732.68,3849260029.89,6414863125.07,0.00,0.00,0.00,0.00,209382158,662641449,930283687,262729064
5822.31,4435007.73,8104531.58,1029081.41,3669523.85,2380.11,4110.47,0.00,1730.36,3849260029.89,6414863125.07,0.00,0.00,0.00,0.00,209573288,663059628,931083899,262729064
5824.31,4435968.01,8107677.96,1029081.41,3671709.95,960.28,3146.38,0.00,2186.10,3849260029.89,6414863125.07,0.00,0.00,0.00,0.00,209650439,663228308,931083899,262729064
5826.31,4437245.02,8110930.17,1029081.41,3673685.14,1277.01,3252.21,0.00,1975.20,3849260029.89,6414863125.07,0.00,0.00,0.00,0.00,209747359,663458303,932031664,262729064
5828.31,4439730.23,8115165.44,1029081.41,3675435.20,2485.21,4235.27,0.00,1750.06,3849260029.89,6414863125.07,0.00,0.00,0.00,0.00,209911913,663929963,932031664,262729064
5830.31,4442111.35,8119403.55,1029081.41,3677292.20,2381.12,4238.12,0.00,1857.00,3849260029.89,6414863125.07,0.00,0.00,0.00,0.00,210081729,664369713,932976369,262729064
5832.31,4444701.85,8124116.68,1029081.41,3679414.84,2590.50,4713.13,0.00,2122.63,3849260029.89,6414863125.07,0.00,0.00,0.00,0.00,210163388,664951221,932976369,262729064
5834.31,4447226.71,8128129.57,1029911.62,3680902.86,2524.87,4012.89,830.21,1488.02,3849260029.89,6414863125.07,0.00,0.00,0.00,0.00,210322714,665438261,934059628,262729064
5836.31,4449749.56,8130652.42,1032577.39,3680902.86,2522.85,2522.85,2665.77,0.00,3849260029.89,6414863125.07,0.00,0.00,0.00,0.00,210477041,665929783,934059628,262729064
5838.31,4451962.83,8133090.17,1034570.81,3681127.34,2213.27,2437.75,1993.42,224.48,3849260029.89,6414863125.07,0.00,0.00,0.00,0.00,209242534,666325612,934059628,264134339
5840.31,4454400.03,8137565.02,1034570.81,3683164.98,2437.20,4474.85,0.00,2037.65,3849260029.89,6414863125.07,0.00,0.00,0.00,0.00,209423093,666768976,934059628,264134339
5842.31,4454400.03,8139788.83,1034570.81,3685388.80,0.00,2223.82,0.00,2223.82,3849260029.89,6414863125.07,0.00,0.00,0.00,0.00,209423093,666768976,934059628,264134339
5844.31,4454400.03,8142548.74,1034570.81,3688148.71,0.00,2759.91,0.00,2759.91,3849260029.89,6414863125.07,0.00,0.00,0.00,0.00,209423093,666768976,934059628,264134339
5846.31,4454400.03,8145288.67,1034570.81,3690888.64,0.00,2739.93,0.00,2739.93,3849260029.89,6414863125.07,0.00,0.00,0.00,0.00,209423093,666768976,934059628,264134339
5848.31,4454401.03,8147791.10,1034570.81,3693390.07,1.00,2502.43,0.00,2501.43,3849260029.89,6414863125.07,0.00,0.00,0.00,0.00,209423093,666769232,937240601,264134339
5850.31,4456891.64,8152378.67,1034570.81,3695487.04,2490.61,4587.57,0.00,2096.96,3849260029.89,6414863125.07,0.00,0.00,0.00,0.00,209606352,667223568,937240601,264134339
5852.31,4459368.55,8157215.29,1034570.81,3697846.74,2476.91,4836.62,0.00,2359.70,3849260029.89,6414863125.07,0.00,0.00,0.00,0.00,209774666,667689344,937240601,264134339
5854.31,4460544.06,8160694.72,1034570.81,3700150.66,1175.51,3479.43,0.00,2303.92,3849260029.89,6414863125.07,0.00,0.00,0.00,0.00,209825202,667939739,938408563,264134339
5856.40,4460544.06,8163398.06,1034570.81,3702854.00,0.00,2703.34,0.00,2703.34,3849260029.89,6414863125.07,0.00,0.00,0.00,0.00,209825202,667939739,938408563,264134339
5858.40,4460544.06,8165786.70,1034570.81,3705242.63,0.00,2388.63,0.00,2388.63,3849260029.89,6414863125.07,0.00,0.00,0.00,0.00,209825202,667939739,938408563,264134339
5860.40,4460544.06,8168164.82,1034570.81,3707620.76,0.00,2378.13,0.00,2378.13,3849260029.89,6414863125.07,0.00,0.00,0.00,0.00,209825202,667939739,938408563,264134339
5862.40,4460544.06,8171028.77,1034570.81,3710484.71,0.00,2863.95,0.00,2863.95,3849260029.89,6414863125.07,0.00,0.00,0.00,0.00,209825202,667939739,938408563,264134339
5864.40,4460544.06,8173392.75,1034570.81,3712848.69,0.00,2363.98,0.00,2363.98,3849260029.89,6414863125.07,0.00,0.00,0.00,0.00,209825202,667939739,938408563,264134339
5866.40,4460544.06,8175810.86,1034570.81,3715266.79,0.00,2418.11,0.00,2418.11,3849260029.89,6414863125.07,0.00,0.00,0.00,0.00,209825202,667939739,938408563,264134339
5868.40,4460544.06,8178425.80,1034570.81,3717881.74,0.00,2614.95,0.00,2614.95,3849260029.89,6414863125.07,0.00,0.00,0.00,0.00,209825202,667939739,938408563,264134339
5870.40,4460618.61,8181095.72,1034570.81,3720477.11,74.55,2669.92,0.00,2595.38,3849260029.89,6414863125.07,0.00,0.00,0.00,0.00,209832894,667951131,943998513,264134339
5872.40,4463125.34,8185489.98,1034570.81,3722364.64,2506.73,4394.26,0.00,1887.53,3849260029.89,6414863125.07,0.00,0.00,0.00,0.00,209951510,668474237,943998513,264134339
5874.40,4465707.69,8190017.02,1034570.81,3724309.33,2582.35,4527.04,0.00,1944.69,3849260029.89,6414863125.07,0.00,0.00,0.00,0.00,210119874,668966955,943998513,264134339
5876.40,4468043.31,8192906.72,1036225.83,3724863.41,2335.62,2889.70,1655.02,554.08,3849260029.89,6414863125.07,0.00,0.00,0.00,0.00,209867213,669393851,945075066,264558024
5878.40,4470559.73,8197539.04,1036225.83,3726979.31,2516.42,4632.32,0.00,2115.90,3849260029.89,6414863125.07,0.00,0.00,0.00,0.00,210014457,669890811,945075066,264558024
5880.44,4473097.97,8202260.59,1036225.83,3729162.62,2538.24,4721.55,0.00,2183.31,3849260029.89,6414863125.07,0.00,0.00,0.00,0.00,210107125,670447932,946080140,264558024
5882.44,4475643.17,8207103.63,1036225.83,3731460.46,2545.20,4843.04,0.00,2297.84,3849260029.89,6414863125.07,0.00,0.00,0.00,0.00,210292706,670913921,946080140,264558024
5884.44,4478243.25,8211284.75,1036769.66,3733041.51,2600.08,4181.12,543.84,1581.05,3849260029.89,6414863125.07,0.00,0.00,0.00,0.00,210491619,671380628,947068823,264558024
5886.44,4480792.83,8213834.34,1039434.71,3733041.51,2549.59,2549.59,2665.05,0.00,3849260029.89,6414863125.07,0.00,0.00,0.00,0.00,210677681,671847260,947068823,264558024
5888.44,4483174.40,8216215.91,1042103.20,3733041.51,2381.57,2381.57,2668.49,0.00,3849260029.89,6414863125.07,0.00,0.00,0.00,0.00,210852691,672281931,947068823,264558024
5890.44,4485120.03,8219845.38,1042298.50,3734725.35,1945.63,3629.47,195.30,1683.84,3849260029.89,6414863125.07,0.00,0.00,0.00,0.00,209467889,672610246,947068823,266112592
5892.44,4485120.03,8222439.44,1042298.50,3737319.41,0.00,2594.07,0.00,2594.07,3849260029.89,6414863125.07,0.00,0.00,0.00,0.00,209467889,672610246,947068823,266112592
5894.44,4485120.03,8225233.70,1042298.50,3740113.67,0.00,2794.25,0.00,2794.25,3849260029.89,6414863125.07,0.00,0.00,0.00,0.00,209467889,672610246,947068823,266112592
5896.44,4486150.77,8228778.37,1042298.50,3742627.60,1030.75,3544.68,0.00,2513.93,3849260029.89,6414863125.07,0.00,0.00,0.00,0.00,209531173,672810833,949255234,266112592
5898.44,4488645.31,8233533.87,1042298.50,3744888.56,2494.54,4755.50,0.00,2260.96,3849260029.89,6414863125.07,0.00,0.00,0.00,0.00,209734130,673246477,949255234,266112592
5900.44,4490955.89,8237804.23,1042298.50,3746848.34,2310.58,4270.36,0.00,1959.79,3849260029.89,6414863125.07,0.00,0.00,0.00,0.00,209931459,673640656,950487345,266112592
5902.44,4491264.02,8240489.39,1042298.50,3749225.37,308.14,2685.16,0.00,2377.02,3849260029.89,6414863125.07,0.00,0.00,0.00,0.00,209950364,673700634,950487345,266112592
5904.44,4491264.02,8242631.36,1042298.50,3751367.34,0.00,2141.97,0.00,2141.97,3849260029.89,6414863125.07,0.00,0.00,0.00,0.00,209950364,673700634,950487345,266112592
5906.44,4491264.02,8244701.36,1042298.50,3753437.34,0.00,2070.00,0.00,2070.00,3849260029.89,6414863125.07,0.00,0.00,0.00,0.00,209950364,673700634,950487345,266112592
5908.44,4491264.02,8246925.74,1042298.50,3755661.72,0.00,2224.38,0.00,2224.38,3849260029.89,6414863125.07,0.00,0.00,0.00,0.00,209950364,673700634,950487345,266112592
5910.44,4491754.87,8249648.06,1042298.50,3757893.19,490.85,2722.32,0.00,2231.47,3849260029.89,6414863125.07,0.00,0.00,0.00,0.00,209981428,673795227,953321521,266112592
5912.44,4494257.07,8254025.68,1042298.50,3759768.61,2502.20,4377.62,0.00,1875.42,3849260029.89,6414863125.07,0.00,0.00,0.00,0.00,210182484,674234734,953321521,266112592
5914.44,4496687.43,8258159.14,1042449.22,3761471.71,2430.36,4133.46,150.72,1703.10,3849260029.89,6414863125.07,0.00,0.00,0.00,0.00,210375875,674663516,954331627,266112592
5916.44,4499187.78,8260659.49,1045088.72,3761471.71,2500.35,2500.35,2639.50,0.00,3849260029.89,6414863125.07,0.00,0.00,0.00,0.00,210567530,675111950,954331627,266112592
5918.44,4501717.96,8263189.67,1047759.09,3761471.71,2530.18,2530.18,2670.38,0.00,3849260029.89,6414863125.07,0.00,0.00,0.00,0.00,210769797,675557409,954331627,266112592
5920.44,4503552.00,8266656.66,1048011.79,3763104.66,1834.04,3466.99,252.70,1632.95,3849260029.89,6414863125.07,0.00,0.00,0.00,0.00,209441722,675892396,954331627,267575195
5922.44,4503552.00,8269648.95,1048011.79,3766096.95,0.00,2992.29,0.00,2992.29,3849260029.89,6414863125.07,0.00,0.00,0.00,0.00,209441722,675892396,954331627,267575195
5924.44,4503552.00,8271959.84,1048011.79,3768407.83,0.00,2310.88,0.00,2310.88,3849260029.89,6414863125.07,0.00,0.00,0.00,0.00,209441722,675892396,954331627,267575195
5926.44,4503552.00,8274249.07,1048011.79,3770697.06,0.00,2289.23,0.00,2289.23,3849260029.89,6414863125.07,0.00,0.00,0.00,0.00,209441722,675892396,954331627,267575195
5928.44,4503552.00,8276662.38,1048011.79,3773110.38,0.00,2413.31,0.00,2413.31,3849260029.89,6414863125.07,0.00,0.00,0.00,0.00,209441722,675892396,954331627,267575195
5930.44,4504441.77,8279630.05,1048011.79,3775188.29,889.77,2967.68,0.00,2077.91,3849260029.89,6414863125.07,0.00,0.00,0.00,0.00,209514088,676047810,957679905,267575195
5932.44,4506938.58,8284032.69,1048011.79,3777094.11,2496.81,4402.64,0.00,1905.83,3849260029.89,6414863125.07,0.00,0.00,0.00,0.00,209729390,676471691,957679905,267575195
5934.44,4509304.72,8288275.36,1048011.79,3778970.63,2366.14,4242.66,0.00,1876.52,3849260029.89,6414863125.07,0.00,0.00,0.00,0.00,209910133,676896681,958564076,267575195
5936.44,4509696.01,8291493.73,1048011.79,3781797.72,391.29,3218.38,0.00,2827.09,3849260029.89,6414863125.07,0.00,0.00,0.00,0.00,209947520,676959464,958564076,267575195
5938.44,4510922.41,8294876.45,1048011.79,3783954.05,1226.39,3382.72,0.00,2156.32,3849260029.89,6414863125.07,0.00,0.00,0.00,0.00,210043728,677177213,959851035,267575195
5940.44,4513406.51,8299286.54,1048011.79,3785880.03,2484.10,4410.08,0.00,1925.98,3849260029.89,6414863125.07,0.00,0.00,0.00,0.00,210241258,677615613,959851035,267575195
5942.44,4515864.64,8303080.87,1048876.82,3787216.23,2458.13,3794.34,865.03,1336.20,3849260029.89,6414863125.07,0.00,0.00,0.00,0.00,210461123,678025030,960921931,267575195
5944.44,4518375.88,8305592.11,1051535.05,3787216.23,2511.24,2511.24,2658.23,0.00,3849260029.89,6414863125.07,0.00,0.00,0.00,0.00,210677755,678451275,960921931,267575195
5946.45,4520656.87,8307873.10,1053944.68,3787216.23,2280.99,2280.99,2409.63,0.00,3849260029.89,6414863125.07,0.00,0.00,0.00,0.00,209338706,678855439,960921931,269094014
5948.45,4521984.01,8311550.78,1053944.68,3789566.77,1327.14,3677.68,0.00,2350.54,3849260029.89,6414863125.07,0.00,0.00,0.00,0.00,209457537,679076356,960921931,269094014
5950.45,4522186.52,8314333.07,1053944.68,3792146.55,202.50,2782.29,0.00,2579.78,3849260029.89,6414863125.07,0.00,0.00,0.00,0.00,209476971,679108763,962084662,269094014
5952.45,4524678.69,8319159.26,1053944.68,3794480.57,2492.18,4826.19,0.00,2334.02,3849260029.89,6414863125.07,0.00,0.00,0.00,0.00,209721411,679502320,962084662,269094014
5954.45,4527168.91,8323915.29,1053944.68,3796746.38,2490.22,4756.03,0.00,2265.81,3849260029.89,6414863125.07,0.00,0.00,0.00,0.00,209945146,679916081,962084662,269094014
5956.45,4528128.02,8326889.68,1053944.68,3798761.66,959.11,2974.39,0.00,2015.29,3849260029.89,6414863125.07,0.00,0.00,0.00,0.00,210027563,680079195,963346723,269094014
5958.45,4528618.78,8329311.84,1053944.68,3800693.06,490.76,2422.16,0.00,1931.39,3849260029.89,6414863125.07,0.00,0.00,0.00,0.00,210072666,680159727,964245616,269094014
5960.45,4531109.08,8333495.10,1053944.68,3802386.02,2490.30,4183.27,0.00,1692.96,3849260029.89,6414863125.07,0.00,0.00,0.00,0.00,210310129,680559781,964245616,269094014
5962.45,4533576.04,8337264.26,1054749.51,3803688.22,2466.96,3769.16,804.83,1302.20,3849260029.89,6414863125.07,0.00,0.00,0.00,0.00,210533121,680968331,965090443,269094014
5964.45,4536096.49,8339784.71,1057412.73,3803688.22,2520.45,2520.45,2663.22,0.00,3849260029.89,6414863125.07,0.00,0.00,0.00,0.00,210708569,681438119,965090443,269094014
5966.45,4538108.66,8341806.84,1059677.45,3803698.18,2012.16,2022.12,2264.72,9.96,3849260029.89,6414863125.07,0.00,0.00,0.00,0.00,209341889,681852324,965090443,270561603
5968.45,4540416.01,8346408.27,1059677.45,3805992.25,2307.36,4601.43,0.00,2294.07,3849260029.89,6414863125.07,0.00,0.00,0.00,0.00,209537930,682246966,965090443,270561603
5970.45,4540416.01,8348900.55,1059677.45,3808484.54,0.00,2492.29,0.00,2492.29,3849260029.89,6414863125.07,0.00,0.00,0.00,0.00,209537930,682246966,965090443,270561603
5972.45,4540416.01,8351438.55,1059677.45,3811022.54,0.00,2538.00,0.00,2538.00,3849260029.89,6414863125.07,0.00,0.00,0.00,0.00,209537930,682246966,965090443,270561603
5974.45,4540416.01,8353820.16,1059677.45,3813404.15,0.00,2381.61,0.00,2381.61,3849260029.89,6414863125.07,0.00,0.00,0.00,0.00,209537930,682246966,965090443,270561603
5976.45,4540416.01,8356764.95,1059677.45,3816348.94,0.00,2944.79,0.00,2944.79,3849260029.89,6414863125.07,0.00,0.00,0.00,0.00,209537930,682246966,965090443,270561603
5978.45,4540416.01,8359215.05,1059677.45,3818799.04,0.00,2450.10,0.00,2450.10,3849260029.89,6414863125.07,0.00,0.00,0.00,0.00,209537930,682246966,965090443,270561603
5980.45,4540416.01,8361493.97,1059677.45,3821077.96,0.00,2278.92,0.00,2278.92,3849260029.89,6414863125.07,0.00,0.00,0.00,0.00,209537930,682246966,965090443,270561603
5982.45,4540416.01,8363662.97,1059677.45,3823246.96,0.00,2169.00,0.00,2169.00,3849260029.89,6414863125.07,0.00,0.00,0.00,0.00,209537930,682246966,965090443,270561603
5984.45,4541303.92,8366495.08,1059677.45,3825191.16,887.91,2832.11,0.00,1944.20,3849260029.89,6414863125.07,0.00,0.00,0.00,0.00,209612073,682400127,970424796,270561603
5986.45,4543829.27,8370878.54,1059677.45,3827049.27,2525.35,4383.46,0.00,1858.11,3849260029.89,6414863125.07,0.00,0.00,0.00,0.00,209850278,682808411,970424796,270561603
5988.45,4546192.91,8375026.12,1059677.45,3828833.21,2363.64,4147.58,0.00,1783.94,3849260029.89,6414863125.07,0.00,0.00,0.00,0.00,210083218,683180563,971344372,270561603
5990.45,4548717.89,8379618.38,1059677.45,3830900.49,2524.98,4592.26,0.00,2067.28,3849260029.89,6414863125.07,0.00,0.00,0.00,0.00,210315648,683594528,971344372,270561603
5992.45,4551041.26,8384104.19,1059781.07,3833062.93,2323.37,4485.81,103.63,2162.44,3849260029.89,6414863125.07,0.00,0.00,0.00,0.00,210510048,683994911,972596973,270561603
5994.45,4553592.39,8386655.32,1062448.62,3833062.93,2551.13,2551.13,2667.54,0.00,3849260029.89,6414863125.07,0.00,0.00,0.00,0.00,210706278,684451770,972596973,270561603
5996.45,4556136.94,8389199.88,1065095.36,3833062.93,2544.55,2544.55,2646.74,0.00,3849260029.89,6414863125.07,0.00,0.00,0.00,0.00,210775026,685034428,972596973,270561603
5998.45,4558308.30,8392929.98,1065138.49,3834621.69,2171.36,3730.11,43.13,1558.75,3849260029.89,6414863125.07,0.00,0.00,0.00,0.00,209506511,685460782,972596973,271959631
6000.45,4558848.06,8395798.89,1065138.49,3836950.83,539.76,2868.91,0.00,2329.14,3849260029.89,6414863125.07,0.00,0.00,0.00,0.00,209522098,685583374,972596973,271959631
6002.45,4558848.06,8397882.29,1065138.49,3839034.23,0.00,2083.40,0.00,2083.40,3849260029.89,6414863125.07,0.00,0.00,0.00,0.00,209522098,685583374,972596973,271959631
6004.45,4559231.82,8400502.98,1065138.49,3841271.15,383.77,2620.68,0.00,2236.92,3849260029.89,6414863125.07,0.00,0.00,0.00,0.00,209534602,685669114,974583629,271959631
6006.45,4561745.67,8404759.20,1065138.49,3843013.52,2513.85,4256.22,0.00,1742.37,3849260029.89,6414863125.07,0.00,0.00,0.00,0.00,209656824,686190437,974583629,271959631
6008.45,4564205.16,8408923.62,1065138.49,3844718.46,2459.48,4164.42,0.00,1704.94,3849260029.89,6414863125.07,0.00,0.00,0.00,0.00,209745282,686731607,975480582,271959631
6010.45,4564992.02,8412288.25,1065138.49,3847296.23,786.86,3364.63,0.00,2577.77,3849260029.89,6414863125.07,0.00,0.00,0.00,0.00,209776926,686901400,975480582,271959631
6012.45,4564992.02,8415029.82,1065138.49,3850037.80,0.00,2741.57,0.00,2741.57,3849260029.89,6414863125.07,0.00,0.00,0.00,0.00,209776926,686901400,975480582,271959631
6014.45,4564992.02,8417947.41,1065138.49,3852955.39,0.00,2917.59,0.00,2917.59,3849260029.89,6414863125.07,0.00,0.00,0.00,0.00,209776926,686901400,975480582,271959631
6016.45,4564992.02,8420661.51,1065138.49,3855669.49,0.00,2714.10,0.00,2714.10,3849260029.89,6414863125.07,0.00,0.00,0.00,0.00,209776926,686901400,975480582,271959631
6018.45,4564992.02,8423455.45,1065138.49,3858463.43,0.00,2793.94,0.00,2793.94,3849260029.89,6414863125.07,0.00,0.00,0.00,0.00,209776926,686901400,975480582,271959631
6020.45,4564992.02,8425937.93,1065138.49,3860945.91,0.00,2482.48,0.00,2482.48,3849260029.89,6414863125.07,0.00,0.00,0.00,0.00,209776926,686901400,975480582,271959631
6022.45,4564992.02,8428806.43,1065138.49,3863814.41,0.00,2868.49,0.00,2868.49,3849260029.89,6414863125.07,0.00,0.00,0.00,0.00,209776926,686901400,975480582,271959631
6024.45,4564992.02,8431420.32,1065138.49,3866428.30,0.00,2613.89,0.00,2613.89,3849260029.89,6414863125.07,0.00,0.00,0.00,0.00,209776926,686901400,975480582,271959631
6026.45,4564992.02,8434194.44,1065138.49,3869202.42,0.00,2774.12,0.00,2774.12,3849260029.89,6414863125.07,0.00,0.00,0.00,0.00,209776926,686901400,975480582,271959631
6028.45,4566600.77,8438044.71,1065138.49,3871443.94,1608.75,3850.27,0.00,2241.52,3849260029.89,6414863125.07,0.00,0.00,0.00,0.00,209883201,687206964,982031392,271959631
6030.45,4569113.06,8442841.63,1065138.49,3873728.57,2512.29,4796.92,0.00,2284.63,3849260029.89,6414863125.07,0.00,0.00,0.00,0.00,210068762,687664550,982031392,271959631
6032.45,4571694.71,8447013.58,1065788.96,3875318.87,2581.65,4171.95,650.47,1590.30,3849260029.89,6414863125.07,0.00,0.00,0.00,0.00,210271847,688122367,983361428,271959631
6034.45,4574268.70,8449587.57,1068446.21,3875318.87,2573.99,2573.99,2657.25,0.00,3849260029.89,6414863125.07,0.00,0.00,0.00,0.00,210416751,688636404,983361428,271959631
6036.45,4576478.12,8451819.97,1070746.15,3875341.85,2209.42,2232.40,2299.94,22.98,3849260029.89,6414863125.07,0.00,0.00,0.00,0.00,209047710,689135549,983361428,273395139
6038.45,4577280.01,8455273.12,1070746.15,3877993.11,801.89,3453.15,0.00,2651.26,3849260029.89,6414863125.07,0.00,0.00,0.00,0.00,209091280,689297263,983361428,273395139
6040.45,4577280.01,8458008.39,1070746.15,3880728.39,0.00,2735.27,0.00,2735.27,3849260029.89,6414863125.07,0.00,0.00,0.00,0.00,209091280,689297263,983361428,273395139
6042.45,4577280.01,8460271.85,1070746.15,3882991.84,0.00,2263.46,0.00,2263.46,3849260029.89,6414863125.07,0.00,0.00,0.00,0.00,209091280,689297263,983361428,273395139
6044.45,4578286.93,8463267.93,1070746.15,3884981.00,1006.92,2996.08,0.00,1989.16,3849260029.89,6414863125.07,0.00,0.00,0.00,0.00,209164276,689482038,985668887,273395139
6046.45,4580814.44,8467606.45,1070746.15,3886792.01,2527.51,4338.52,0.00,1811.00,3849260029.89,6414863125.07,0.00,0.00,0.00,0.00,209341935,689951422,985668887,273395139
6048.45,4583294.50,8471763.79,1070746.15,3888469.29,2480.06,4157.34,0.00,1677.28,3849260029.89,6414863125.07,0.00,0.00,0.00,0.00,209522421,690405831,986618552,273395139
6050.45,4583424.01,8474560.02,1070746.15,3891136.01,129.51,2796.23,0.00,2666.72,3849260029.89,6414863125.07,0.00,0.00,0.00,0.00,209541688,690419719,986618552,273395139
6052.45,4583424.01,8477125.18,1070746.15,3893701.17,0.00,2565.16,0.00,2565.16,3849260029.89,6414863125.07,0.00,0.00,0.00,0.00,209541688,690419719,986618552,273395139
6054.45,4583424.01,8480104.25,1070746.15,3896680.24,0.00,2979.07,0.00,2979.07,3849260029.89,6414863125.07,0.00,0.00,0.00,0.00,209541688,690419719,986618552,273395139
6056.45,4583424.01,8482781.14,1070746.15,3899357.13,0.00,2676.89,0.00,2676.89,3849260029.89,6414863125.07,0.00,0.00,0.00,0.00,209541688,690419719,986618552,273395139
6058.45,4583424.01,8485519.87,1070746.15,3902095.86,0.00,2738.73,0.00,2738.73,3849260029.89,6414863125.07,0.00,0.00,0.00,0.00,209541688,690419719,986618552,273395139
6060.45,4583424.01,8487793.55,1070746.15,3904369.54,0.00,2273.68,0.00,2273.68,3849260029.89,6414863125.07,0.00,0.00,0.00,0.00,209541688,690419719,986618552,273395139
6062.45,4583424.01,8490228.95,1070746.15,3906804.94,0.00,2435.40,0.00,2435.40,3849260029.89,6414863125.07,0.00,0.00,0.00,0.00,209541688,690419719,986618552,273395139
6064.45,4583424.01,8492368.00,1070746.15,3908943.99,0.00,2139.05,0.00,2139.05,3849260029.89,6414863125.07,0.00,0.00,0.00,0.00,209541688,690419719,986618552,273395139
6066.45,4583808.02,8494866.30,1070746.15,3911058.29,384.01,2498.31,0.00,2114.30,3849260029.89,6414863125.07,0.00,0.00,0.00,0.00,209575129,690484585,992435234,273395139
6068.45,4586301.39,8499300.27,1070746.15,3912998.88,2493.37,4433.96,0.00,1940.60,3849260029.89,6414863125.07,0.00,0.00,0.00,0.00,209733208,690964808,992435234,273395139
6070.45,4588606.03,8503445.00,1070746.15,3914838.96,2304.64,4144.73,0.00,1840.08,3849260029.89,6414863125.07,0.00,0.00,0.00,0.00,209897765,691390240,993454702,273395139
6072.45,4589568.05,8507019.39,1070746.15,3917451.34,962.02,3574.39,0.00,2612.38,3849260029.89,6414863125.07,0.00,0.00,0.00,0.00,209935767,691598515,993454702,273395139
6074.45,4589568.05,8509676.11,1070746.15,3920108.05,0.00,2656.71,0.00,2656.71,3849260029.89,6414863125.07,0.00,0.00,0.00,0.00,209935767,691598515,993454702,273395139
6076.45,4589568.05,8512066.37,1070746.15,3922498.32,0.00,2390.26,0.00,2390.26,3849260029.89,6414863125.07,0.00,0.00,0.00,0.00,209935767,691598515,993454702,273395139
6078.45,4589568.05,8514202.39,1070746.15,3924634.34,0.00,2136.02,0.00,2136.02,3849260029.89,6414863125.07,0.00,0.00,0.00,0.00,209935767,691598515,993454702,273395139
6080.45,4589568.05,8516726.43,1070746.15,3927158.38,0.00,2524.04,0.00,2524.04,3849260029.89,6414863125.07,0.00,0.00,0.00,0.00,209935767,691598515,993454702,273395139
6082.45,4589568.05,8519348.02,1070746.15,3929779.97,0.00,2621.59,0.00,2621.59,3849260029.89,6414863125.07,0.00,0.00,0.00,0.00,209935767,691598515,993454702,273395139
6084.45,4589568.05,8522338.54,1070746.15,3932770.49,0.00,2990.52,0.00,2990.52,3849260029.89,6414863125.07,0.00,0.00,0.00,0.00,209935767,691598515,993454702,273395139
6086.45,4591420.05,8526044.11,1070746.15,3934624.06,1852.00,3705.57,0.00,1853.57,3849260029.89,6414863125.07,0.00,0.00,0.00,0.00,210063690,691944703,998197850,273395139
6088.45,4593966.66,8530463.16,1070746.15,3936496.50,2546.61,4419.05,0.00,1872.44,3849260029.89,6414863125.07,0.00,0.00,0.00,0.00,210243199,692417127,998197850,273395139
6090.45,4596443.46,8533675.44,1072430.16,3937231.98,2476.80,3212.28,1684.01,735.48,3849260029.89,6414863125.07,0.00,0.00,0.00,0.00,210381823,692912564,999211143,273395139
6092.45,4598970.76,8536202.73,1075089.22,3937231.98,2527.30,2527.30,2659.06,0.00,3849260029.89,6414863125.07,0.00,0.00,0.00,0.00,210551265,693390110,999211143,273395139
6094.45,4601177.80,8539023.08,1076671.58,3937845.28,2207.04,2820.35,1582.36,613.30,3849260029.89,6414863125.07,0.00,0.00,0.00,0.00,209180929,693808539,999211143,274912049
6096.45,4601856.03,8542478.69,1076671.58,3940622.66,678.23,3455.61,0.00,2777.38,3849260029.89,6414863125.07,0.00,0.00,0.00,0.00,209224877,693938218,999211143,274912049
6098.45,4602853.80,8545864.14,1076671.58,3943010.34,997.77,3385.45,0.00,2387.68,3849260029.89,6414863125.07,0.00,0.00,0.00,0.00,209298398,694120126,1000439380,274912049
6100.45,4605348.88,8550634.86,1076671.58,3945285.99,2495.07,4770.72,0.00,2275.64,3849260029.89,6414863125.07,0.00,0.00,0.00,0.00,209455612,694601651,1000439380,274912049
6102.45,4607674.20,8555073.07,1076671.58,3947398.87,2325.32,4438.20,0.00,2112.88,3849260029.89,6414863125.07,0.00,0.00,0.00,0.00,209602032,695050513,1001666764,274912049
6104.45,4608000.05,8558155.95,1076671.58,3950155.90,325.86,3082.89,0.00,2757.03,3849260029.89,6414863125.07,0.00,0.00,0.00,0.00,209634574,695101390,1001666764,274912049
6106.45,4608000.05,8560683.27,1076671.58,3952683.22,0.00,2527.32,0.00,2527.32,3849260029.89,6414863125.07,0.00,0.00,0.00,0.00,209634574,695101390,1001666764,274912049
6108.45,4608000.05,8563046.79,1076671.58,3955046.74,0.00,2363.52,0.00,2363.52,3849260029.89,6414863125.07,0.00,0.00,0.00,0.00,209634574,695101390,1001666764,274912049
6110.45,4608000.05,8565215.73,1076671.58,3957215.68,0.00,2168.95,0.00,2168.95,3849260029.89,6414863125.07,0.00,0.00,0.00,0.00,209634574,695101390,1001666764,274912049
6112.47,4608001.05,8567521.70,1076671.58,3959520.65,1.00,2305.96,0.00,2304.96,3849260029.89,6414863125.07,0.00,0.00,0.00,0.00,209634574,695101646,1004901674,274912049
6114.47,4610507.86,8571591.27,1076671.58,3961083.40,2506.81,4069.57,0.00,1562.75,3849260029.89,6414863125.07,0.00,0.00,0.00,0.00,209806001,695571963,1004901674,274912049
6116.47,4612968.42,8575606.18,1076671.58,3962637.76,2460.56,4014.92,0.00,1554.36,3849260029.89,6414863125.07,0.00,0.00,0.00,0.00,209914114,696093753,1005511255,274912049
6118.47,4615597.64,8580232.31,1076671.58,3964634.68,2629.21,4626.13,0.00,1996.91,3849260029.89,6414863125.07,0.00,0.00,0.00,0.00,210093582,696587364,1005511255,274912049
6120.47,4618043.00,8583590.15,1077912.84,3965547.15,2445.36,3357.84,1241.26,912.47,3849260029.89,6414863125.07,0.00,0.00,0.00,0.00,210284855,697022104,1006443071,274912049
6122.47,4620554.68,8586101.83,1080563.96,3965547.15,2511.68,2511.68,2651.12,0.00,3849260029.89,6414863125.07,0.00,0.00,0.00,0.00,210478111,697471839,1006443071,274912049
6124.47,4622784.77,8588752.88,1082258.57,3965968.11,2230.08,2651.05,1694.61,420.96,3849260029.89,6414863125.07,0.00,0.00,0.00,0.00,209200830,697889778,1006443071,276342292
6126.47,4625292.97,8593190.70,1082258.57,3967897.72,2508.21,4437.82,0.00,1929.61,3849260029.89,6414863125.07,0.00,0.00,0.00,0.00,209371414,698361295,1006443071,276342292
6128.52,4626432.06,8596469.15,1082258.57,3970037.09,1139.09,3278.46,0.00,2139.37,3849260029.89,6414863125.07,0.00,0.00,0.00,0.00,209457591,698566724,1006443071,276342292
6130.52,4626432.06,8599197.10,1082258.57,3972765.04,0.00,2727.95,0.00,2727.95,3849260029.89,6414863125.07,0.00,0.00,0.00,0.00,209457591,698566724,1006443071,276342292
6132.52,4626432.06,8601981.92,1082258.57,3975549.86,0.00,2784.82,0.00,2784.82,3849260029.89,6414863125.07,0.00,0.00,0.00,0.00,209457591,698566724,1006443071,276342292
6134.52,4626432.06,8604806.85,1082258.57,3978374.79,0.00,2824.93,0.00,2824.93,3849260029.89,6414863125.07,0.00,0.00,0.00,0.00,209457591,698566724,1006443071,276342292
6136.52,4628463.73,8609031.57,1082258.57,3980567.83,2031.68,4224.71,0.00,2193.04,3849260029.89,6414863125.07,0.00,0.00,0.00,0.00,209597580,698946844,1009790216,276342292
6138.52,4630990.28,8613830.77,1082258.57,3982840.48,2526.55,4799.20,0.00,2272.65,3849260029.89,6414863125.07,0.00,0.00,0.00,0.00,209764849,699426371,1009790216,276342292
6140.52,4632576.00,8617711.07,1082258.57,3985135.06,1585.72,3880.30,0.00,2294.58,3849260029.89,6414863125.07,0.00,0.00,0.00,0.00,209889789,699707376,1011041722,276342292
6142.52,4632576.00,8620662.88,1082258.57,3988086.87,0.00,2951.81,0.00,2951.81,3849260029.89,6414863125.07,0.00,0.00,0.00,0.00,209889789,699707376,1011041722,276342292
6144.52,4632576.00,8623228.62,1082258.57,3990652.61,0.00,2565.74,0.00,2565.74,3849260029.89,6414863125.07,0.00,0.00,0.00,0.00,209889789,699707376,1011041722,276342292
6146.52,4632576.00,8626252.62,1082258.57,3993676.62,0.00,3024.01,0.00,3024.01,3849260029.89,6414863125.07,0.00,0.00,0.00,0.00,209889789,699707376,1011041722,276342292
6148.52,4634476.11,8629811.11,1082258.57,3995335.00,1900.11,3558.48,0.00,1658.38,3849260029.89,6414863125.07,0.00,0.00,0.00,0.00,210038417,700045176,1013664665,276342292
6150.52,4636969.92,8633587.22,1082706.28,3996617.30,2493.80,3776.11,447.71,1282.30,3849260029.89,6414863125.07,0.00,0.00,0.00,0.00,210256448,700465559,1014288332,276342292
6152.52,4639502.41,8636119.71,1085364.85,3996617.30,2532.49,2532.49,2658.57,0.00,3849260029.89,6414863125.07,0.00,0.00,0.00,0.00,210447132,700923192,1014288332,276342292
6154.63,4642005.77,8638623.07,1087950.23,3996617.30,2503.37,2503.37,2585.38,0.00,3849260029.89,6414863125.07,0.00,0.00,0.00,0.00,209103156,701450983,1014288332,277799339
6156.63,4644485.80,8643189.71,1087950.23,3998703.91,2480.03,4566.64,0.00,2086.61,3849260029.89,6414863125.07,0.00,0.00,0.00,0.00,209248649,701940378,1014288332,277799339
6158.63,4644864.00,8646398.85,1087950.23,4001534.84,378.20,3209.13,0.00,2830.93,3849260029.89,6414863125.07,0.00,0.00,0.00,0.00,209268492,702017354,1014288332,277799339
6160.63,4644864.00,8649097.00,1087950.23,4004233.00,0.00,2698.15,0.00,2698.15,3849260029.89,6414863125.07,0.00,0.00,0.00,0.00,209268492,702017354,1014288332,277799339
6162.63,4644864.00,8651704.58,1087950.23,4006840.58,0.00,2607.58,0.00,2607.58,3849260029.89,6414863125.07,0.00,0.00,0.00,0.00,209268492,702017354,1014288332,277799339
6164.63,4644864.00,8654570.81,1087950.23,4009706.81,0.00,2866.23,0.00,2866.23,3849260029.89,6414863125.07,0.00,0.00,0.00,0.00,209268492,702017354,1014288332,277799339
6166.63,4644864.00,8657074.25,1087950.23,4012210.25,0.00,2503.44,0.00,2503.44,3849260029.89,6414863125.07,0.00,0.00,0.00,0.00,209268492,702017354,1014288332,277799339
6168.63,4645046.44,8659102.67,1087950.23,4014056.23,182.44,2028.42,0.00,1845.98,3849260029.89,6414863125.07,0.00,0.00,0.00,0.00,209281281,702051269,1018726567,277799339
6170.63,4647681.41,8663242.59,1087950.23,4015561.18,2634.96,4139.92,0.00,1504.96,3849260029.89,6414863125.07,0.00,0.00,0.00,0.00,209486106,702520995,1018726567,277799339
6172.63,4650190.79,8667548.78,1087950.23,4017357.98,2509.39,4306.19,0.00,1796.80,3849260029.89,6414863125.07,0.00,0.00,0.00,0.00,209676005,702973499,1019313807,277799339
6174.63,4652872.20,8672409.71,1087950.23,4019537.51,2681.41,4860.93,0.00,2179.52,3849260029.89,6414863125.07,0.00,0.00,0.00,0.00,209893864,703442080,1019313807,277799339
6176.63,4655354.52,8676922.19,1087950.23,4021567.67,2482.32,4512.48,0.00,2030.16,3849260029.89,6414863125.07,0.00,0.00,0.00,0.00,210108871,703862547,1020623581,277799339
6178.63,4657152.06,8681006.25,1087950.23,4023854.18,1797.54,4084.06,0.00,2286.52,3849260029.89,6414863125.07,0.00,0.00,0.00,0.00,210238844,704192745,1020623581,277799339
6180.63,4657763.35,8683770.62,1088577.24,4026007.27,611.29,2764.38,627.01,2153.09,3849260029.89,6414863125.07,0.00,0.00,0.00,0.00,210303257,704284821,1021791414,277799339
6182.63,4660269.10,8686276.38,1091231.39,4026007.27,2505.75,2505.75,2654.15,0.00,3849260029.89,6414863125.07,0.00,0.00,0.00,0.00,210511917,704717634,1021791414,277799339
6184.71,4662536.01,8688543.29,1093611.63,4026007.27,2266.91,2266.91,2380.24,0.00,3849260029.89,6414863125.07,0.00,0.00,0.00,0.00,209292486,705068078,1021791414,279248655
6186.71,4663296.03,8691888.85,1093611.63,4028592.82,760.02,3345.57,0.00,2585.55,3849260029.89,6414863125.07,0.00,0.00,0.00,0.00,209360551,705194577,1021791414,279248655
6188.71,4663296.03,8694623.16,1093611.63,4031327.14,0.00,2734.31,0.00,2734.31,3849260029.89,6414863125.07,0.00,0.00,0.00,0.00,209360551,705194577,1021791414,279248655
6190.71,4663296.03,8696524.60,1093611.63,4033228.57,0.00,1901.44,0.00,1901.44,3849260029.89,6414863125.07,0.00,0.00,0.00,0.00,209360551,705194577,1021791414,279248655
6192.71,4663296.03,8698670.66,1093611.63,4035374.63,0.00,2146.05,0.00,2146.05,3849260029.89,6414863125.07,0.00,0.00,0.00,0.00,209360551,705194577,1021791414,279248655
6194.71,4663730.97,8701213.62,1093611.63,4037482.64,434.95,2542.96,0.00,2108.02,3849260029.89,6414863125.07,0.00,0.00,0.00,0.00,209396152,705270322,1024601874,279248655
6196.71,4666245.52,8705405.45,1093611.63,4039159.93,2514.55,4191.83,0.00,1677.29,3849260029.89,6414863125.07,0.00,0.00,0.00,0.00,209486294,705823904,1024601874,279248655
6198.71,4668589.59,8709400.38,1093611.63,4040810.79,2344.07,3994.93,0.00,1650.86,3849260029.89,6414863125.07,0.00,0.00,0.00,0.00,209576601,706333678,1025413744,279248655
6200.71,4669440.01,8712847.39,1093611.63,4043407.38,850.42,3447.01,0.00,2596.59,3849260029.89,6414863125.07,0.00,0.00,0.00,0.00,209639174,706488813,1025413744,279248655
6202.71,4669440.01,8715429.61,1093611.63,4045989.60,0.00,2582.22,0.00,2582.22,3849260029.89,6414863125.07,0.00,0.00,0.00,0.00,209639174,706488813,1025413744,279248655
6204.71,4669440.01,8718460.63,1093611.63,4049020.62,0.00,3031.02,0.00,3031.02,3849260029.89,6414863125.07,0.00,0.00,0.00,0.00,209639174,706488813,1025413744,279248655
6206.71,4671080.03,8722356.43,1093611.63,4051276.40,1640.02,3895.80,0.00,2255.78,3849260029.89,6414863125.07,0.00,0.00,0.00,0.00,209705053,706842780,1027844759,279248655
6208.71,4673595.44,8727231.79,1093611.63,4053636.34,2515.41,4875.35,0.00,2359.94,3849260029.89,6414863125.07,0.00,0.00,0.00,0.00,209853020,707338758,1027844759,279248655
6210.71,4675584.06,8731459.54,1093611.63,4055875.47,1988.62,4227.75,0.00,2239.13,3849260029.89,6414863125.07,0.00,0.00,0.00,0.00,209922524,707778341,1029158499,279248655
6212.71,4675584.06,8734297.98,1093611.63,4058713.91,0.00,2838.44,0.00,2838.44,3849260029.89,6414863125.07,0.00,0.00,0.00,0.00,209922524,707778341,1029158499,279248655
6214.71,4675584.06,8736897.29,1093611.63,4061313.23,0.00,2599.31,0.00,2599.31,3849260029.89,6414863125.07,0.00,0.00,0.00,0.00,209922524,707778341,1029158499,279248655
6216.71,4675584.06,8739780.77,1093611.63,4064196.71,0.00,2883.48,0.00,2883.48,3849260029.89,6414863125.07,0.00,0.00,0.00,0.00,209922524,707778341,1029158499,279248655
6218.71,4675584.06,8742371.29,1093611.63,4066787.22,0.00,2590.51,0.00,2590.51,3849260029.89,6414863125.07,0.00,0.00,0.00,0.00,209922524,707778341,1029158499,279248655
6220.71,4675584.06,8745131.03,1093611.63,4069546.97,0.00,2759.75,0.00,2759.75,3849260029.89,6414863125.07,0.00,0.00,0.00,0.00,209922524,707778341,1029158499,279248655
6222.71,4675584.06,8747259.16,1093611.63,4071675.10,0.00,2128.13,0.00,2128.13,3849260029.89,6414863125.07,0.00,0.00,0.00,0.00,209922524,707778341,1029158499,279248655
6224.71,4677177.77,8750607.59,1093611.63,4073429.82,1593.71,3348.43,0.00,1754.72,3849260029.89,6414863125.07,0.00,0.00,0.00,0.00,210057343,708051511,1033607138,279248655
6226.71,4679684.11,8754826.88,1093611.63,4075142.77,2506.34,4219.30,0.00,1712.95,3849260029.89,6414863125.07,0.00,0.00,0.00,0.00,210247831,708502647,1033607138,279248655
6228.71,4682194.77,8757843.94,1095438.52,4075649.17,2510.66,3017.05,1826.89,506.40,3849260029.89,6414863125.07,0.00,0.00,0.00,0.00,210362942,709030264,1034433840,279248655
6230.71,4684753.30,8760402.46,1098094.40,4075649.17,2558.53,2558.53,2655.88,0.00,3849260029.89,6414863125.07,0.00,0.00,0.00,0.00,210527520,709520669,1034433840,279248655
6232.71,4686859.06,8763316.85,1099480.93,4076457.79,2105.77,2914.39,1386.52,808.62,3849260029.89,6414863125.07,0.00,0.00,0.00,0.00,209182358,709902367,1034433840,280751195
6234.71,4689545.55,8768122.66,1099480.93,4078577.10,2686.49,4805.80,0.00,2119.31,3849260029.89,6414863125.07,0.00,0.00,0.00,0.00,209365108,710407359,1034433840,280751195
6236.71,4691860.29,8772357.67,1099480.93,4080497.38,2314.73,4235.01,0.00,1920.28,3849260029.89,6414863125.07,0.00,0.00,0.00,0.00,209546400,710818639,1035530363,280751195
6238.71,4694016.04,8776899.75,1099480.93,4082883.71,2155.75,4542.08,0.00,2386.33,3849260029.89,6414863125.07,0.00,0.00,0.00,0.00,209702134,711214777,1035530363,280751195
6240.71,4694016.04,8779652.91,1099480.93,4085636.87,0.00,2753.16,0.00,2753.16,3849260029.89,6414863125.07,0.00,0.00,0.00,0.00,209702134,711214777,1035530363,280751195
6242.71,4694016.04,8782611.56,1099480.93,4088595.52,0.00,2958.65,0.00,2958.65,3849260029.89,6414863125.07,0.00,0.00,0.00,0.00,209702134,711214777,1035530363,280751195
6244.71,4694016.04,8784629.48,1099480.93,4090613.44,0.00,2017.92,0.00,2017.92,3849260029.89,6414863125.07,0.00,0.00,0.00,0.00,209702134,711214777,1035530363,280751195
6246.71,4694591.03,8786989.15,1099480.93,4092398.12,574.99,2359.67,0.00,1784.68,3849260029.89,6414863125.07,0.00,0.00,0.00,0.00,209750616,711313492,1038583704,280751195
6248.71,4697103.18,8791058.61,1099480.93,4093955.43,2512.15,4069.45,0.00,1557.30,3849260029.89,6414863125.07,0.00,0.00,0.00,0.00,209931853,711775366,1038583704,280751195
6250.71,4699526.15,8795137.15,1099480.93,4095611.00,2422.97,4078.54,0.00,1655.57,3849260029.89,6414863125.07,0.00,0.00,0.00,0.00,210120775,712206724,1039231254,280751195
6252.71,4700160.02,8798486.23,1099480.93,4098326.21,633.87,3349.09,0.00,2715.21,3849260029.89,6414863125.07,0.00,0.00,0.00,0.00,210162169,712327601,1039231254,280751195
6254.71,4701836.30,8801068.31,1101248.91,4099232.01,1676.29,2582.08,1767.98,905.79,3849260029.89,6414863125.07,0.00,0.00,0.00,0.00,210279799,712639100,1040313007,280751195
6256.71,4704354.77,8803586.78,1103918.86,4099232.01,2518.46,2518.46,2669.95,0.00,3849260029.89,6414863125.07,0.00,0.00,0.00,0.00,210471095,713092531,1040313007,280751195
6258.71,4706594.26,8806519.13,1105252.85,4099924.88,2239.49,2932.36,1333.98,692.87,3849260029.89,6414863125.07,0.00,0.00,0.00,0.00,209139254,713520144,1040313007,282228732
6260.71,4709262.94,8811504.41,1105252.85,4102241.46,2668.68,4985.27,0.00,2316.59,3849260029.89,6414863125.07,0.00,0.00,0.00,0.00,209318654,714023927,1040313007,282228732
6262.71,4711563.89,8815727.65,1105252.85,4104163.76,2300.95,4223.24,0.00,1922.29,3849260029.89,6414863125.07,0.00,0.00,0.00,0.00,209509017,714422607,1041175043,282228732
6264.71,4714143.82,8820151.98,1105252.85,4106008.16,2579.93,4424.33,0.00,1844.40,3849260029.89,6414863125.07,0.00,0.00,0.00,0.00,209656636,714935450,1041175043,282228732
6266.71,4716588.36,8824363.08,1105252.85,4107774.72,2444.54,4211.10,0.00,1766.56,3849260029.89,6414863125.07,0.00,0.00,0.00,0.00,209763105,715454783,1042184432,282228732
6268.71,4718592.02,8828852.03,1105252.85,4110260.01,2003.66,4488.95,0.00,2485.29,3849260029.89,6414863125.07,0.00,0.00,0.00,0.00,209903092,715827734,1042184432,282228732
6270.71,4718592.02,8831321.89,1105252.85,4112729.86,0.00,2469.86,0.00,2469.86,3849260029.89,6414863125.07,0.00,0.00,0.00,0.00,209903092,715827734,1042184432,282228732
6272.71,4718592.02,8834146.57,1105252.85,4115554.55,0.00,2824.69,0.00,2824.69,3849260029.89,6414863125.07,0.00,0.00,0.00,0.00,209903092,715827734,1042184432,282228732
6274.71,4718592.02,8836945.84,1105252.85,4118353.81,0.00,2799.26,0.00,2799.26,3849260029.89,6414863125.07,0.00,0.00,0.00,0.00,209903092,715827734,1042184432,282228732
6276.71,4718592.02,8839713.90,1105252.85,4121121.88,0.00,2768.06,0.00,2768.06,3849260029.89,6414863125.07,0.00,0.00,0.00,0.00,209903092,715827734,1042184432,282228732
6278.71,4718592.02,8841933.93,1105252.85,4123341.91,0.00,2220.03,0.00,2220.03,3849260029.89,6414863125.07,0.00,0.00,0.00,0.00,209903092,715827734,1042184432,282228732
6280.71,4718592.02,8844192.11,1105252.85,4125600.08,0.00,2258.18,0.00,2258.18,3849260029.89,6414863125.07,0.00,0.00,0.00,0.00,209903092,715827734,1042184432,282228732
6282.71,4718592.02,8846552.17,1105252.85,4127960.15,0.00,2360.07,0.00,2360.07,3849260029.89,6414863125.07,0.00,0.00,0.00,0.00,209903092,715827734,1042184432,282228732
6284.71,4719885.50,8849863.62,1105252.85,4129978.12,1293.47,3311.45,0.00,2017.97,3849260029.89,6414863125.07,0.00,0.00,0.00,0.00,209998462,716063493,1047685049,282228732
6286.71,4722374.50,8854194.33,1105252.85,4131819.83,2489.00,4330.71,0.00,1841.71,3849260029.89,6414863125.07,0.00,0.00,0.00,0.00,210192088,716507051,1047685049,282228732
6288.71,4724825.38,8857661.06,1106495.98,4132835.68,2450.88,3466.73,1243.13,1015.85,3850226079.93,6415860333.94,966050.04,997208.88,0.00,0.00,210384639,716941926,1048652167,282228732
6290.71,4727326.42,8860162.10,1109163.43,4132835.68,2501.04,2501.04,2667.45,0.00,3850226079.93,6415860333.94,0.00,0.00,0.00,0.00,210583548,717383283,1048652167,282228732
6292.71,4729517.04,8862469.90,1111326.98,4132952.86,2190.62,2307.80,2163.55,117.18,3850226079.93,6415860333.94,0.00,0.00,0.00,0.00,209191095,717781557,1048652167,283783709
6294.71,4732042.65,8867213.67,1111326.98,4135171.02,2525.61,4743.77,0.00,2218.16,3850226079.93,6415860333.94,0.00,0.00,0.00,0.00,209389522,718229687,1048652167,283783709
6296.71,4734567.11,8871996.05,1111326.98,4137428.94,2524.46,4782.38,0.00,2257.91,3850226079.93,6415860333.94,0.00,0.00,0.00,0.00,209581159,718684313,1048652167,283783709
6298.71,4736921.86,8876398.37,1111326.98,4139476.50,2354.75,4402.32,0.00,2047.57,3850226079.93,6415860333.94,0.00,0.00,0.00,0.00,209761648,719106640,1049836507,283783709
6300.71,4737024.02,8878944.42,1111326.98,4141920.40,102.16,2546.05,0.00,2443.89,3850226079.93,6415860333.94,0.00,0.00,0.00,0.00,209772374,719122067,1049836507,283783709
6302.71,4737024.02,8881957.86,1111326.98,4144933.84,0.00,3013.44,0.00,3013.44,3850226079.93,6415860333.94,0.00,0.00,0.00,0.00,209772374,719122067,1049836507,283783709
6304.71,4737024.02,8884389.45,1111326.98,4147365.43,0.00,2431.59,0.00,2431.59,3850226079.93,6415860333.94,0.00,0.00,0.00,0.00,209772374,719122067,1049836507,283783709
6306.71,4737024.02,8886621.31,1111326.98,4149597.29,0.00,2231.86,0.00,2231.86,3850226079.93,6415860333.94,0.00,0.00,0.00,0.00,209772374,719122067,1049836507,283783709
6308.71,4738845.17,8890125.84,1111326.98,4151280.67,1821.15,3504.53,0.00,1683.38,3850226079.93,6415860333.94,0.00,0.00,0.00,0.00,209921657,719438998,1052909895,283783709
6310.71,4741331.68,8894366.49,1111326.98,4153034.81,2486.51,4240.64,0.00,1754.14,3850226079.93,6415860333.94,0.00,0.00,0.00,0.00,210127153,719870048,1052909895,283783709
6312.71,4743796.02,8897116.82,1113518.34,4153320.80,2464.34,2750.34,2191.36,286.00,3850226079.93,6415860333.94,0.00,0.00,0.00,0.00,210334758,720293314,1053747260,283783709
6314.71,4746311.85,8899632.66,1116158.38,4153320.80,2515.83,2515.83,2640.04,0.00,3850226079.93,6415860333.94,0.00,0.00,0.00,0.00,210431702,720840423,1053747260,283783709
6316.71,4748363.32,8902955.90,1116950.68,4154592.58,2051.47,3323.25,792.30,1271.77,3850226079.93,6415860333.94,0.00,0.00,0.00,0.00,209121290,721236346,1053747260,285223375
6318.71,4749312.01,8906286.50,1116950.68,4156974.49,948.69,3330.60,0.00,2381.91,3850226079.93,6415860333.94,0.00,0.00,0.00,0.00,209201432,721399068,1053747260,285223375
6320.71,4751425.44,8910467.48,1116950.68,4159042.04,2113.43,4180.98,0.00,2067.55,3850226079.93,6415860333.94,0.00,0.00,0.00,0.00,209393133,721748405,1054591449,285223375
6322.71,4753919.78,8915347.58,1116950.68,4161427.80,2494.34,4880.09,0.00,2385.75,3850226079.93,6415860333.94,0.00,0.00,0.00,0.00,209611855,722168234,1054591449,285223375
6324.71,4755456.06,8919225.96,1116950.68,4163769.90,1536.28,3878.39,0.00,2342.11,3850226079.93,6415860333.94,0.00,0.00,0.00,0.00,209747837,722425540,1055870280,285223375
6326.71,4755456.06,8922139.27,1116950.68,4166683.21,0.00,2913.31,0.00,2913.31,3850226079.93,6415860333.94,0.00,0.00,0.00,0.00,209747837,722425540,1055870280,285223375
6328.71,4757258.71,8925962.68,1116950.68,4168703.96,1802.65,3823.40,0.00,2020.75,3850226079.93,6415860333.94,0.00,0.00,0.00,0.00,209902875,722731981,1057198668,285223375
6330.71,4759761.27,8930270.43,1116950.68,4170509.16,2502.55,4307.75,0.00,1805.20,3850226079.93,6415860333.94,0.00,0.00,0.00,0.00,210136551,723138958,1057198668,285223375
6332.71,4762243.72,8933236.49,1118874.19,4170992.77,2482.45,2966.06,1923.52,483.61,3850226079.93,6415860333.94,0.00,0.00,0.00,0.00,210385883,723525134,1058104333,285223375
6334.71,4764770.52,8935763.29,1121513.94,4170992.77,2526.80,2526.80,2639.75,0.00,3850226079.93,6415860333.94,0.00,0.00,0.00,0.00,210617693,723940186,1058104333,285223375
6336.71,4766848.88,8938892.77,1122598.00,4172043.89,2078.36,3129.48,1084.06,1051.12,3850226079.93,6415860333.94,0.00,0.00,0.00,0.00,209303007,724341219,1058104333,286669088
6338.71,4767744.00,8942187.07,1122598.00,4174443.07,895.12,3294.30,0.00,2399.18,3850226079.93,6415860333.94,0.00,0.00,0.00,0.00,209319171,724554206,1058104333,286669088
6340.71,4769607.73,8946146.57,1122598.00,4176538.83,1863.73,3959.50,0.00,2095.77,3850226079.93,6415860333.94,0.00,0.00,0.00,0.00,209404893,724945599,1059090010,286669088
6342.71,4772092.95,8950939.58,1122598.00,4178846.62,2485.22,4793.01,0.00,2307.79,3850226079.93,6415860333.94,0.00,0.00,0.00,0.00,209525611,725461097,1059090010,286669088
6344.71,4773888.05,8954833.34,1122598.00,4180945.29,1795.10,3893.76,0.00,2098.66,3850226079.93,6415860333.94,0.00,0.00,0.00,0.00,209641315,725804938,1060328664,286669088
6346.71,4773888.05,8957730.62,1122598.00,4183842.57,0.00,2897.28,0.00,2897.28,3850226079.93,6415860333.94,0.00,0.00,0.00,0.00,209641315,725804938,1060328664,286669088
6348.71,4773888.05,8960074.44,1122598.00,4186186.39,0.00,2343.82,0.00,2343.82,3850226079.93,6415860333.94,0.00,0.00,0.00,0.00,209641315,725804938,1060328664,286669088
6350.71,4773888.05,8962282.64,1122598.00,4188394.59,0.00,2208.20,0.00,2208.20,3850226079.93,6415860333.94,0.00,0.00,0.00,0.00,209641315,725804938,1060328664,286669088
6352.71,4773888.05,8964523.58,1122598.00,4190635.53,0.00,2240.94,0.00,2240.94,3850226079.93,6415860333.94,0.00,0.00,0.00,0.00,209641315,725804938,1060328664,286669088
6354.71,4773888.05,8966713.15,1122598.00,4192825.10,0.00,2189.57,0.00,2189.57,3850226079.93,6415860333.94,0.00,0.00,0.00,0.00,209641315,725804938,1060328664,286669088
6356.71,4773888.05,8969740.52,1122598.00,4195852.46,0.00,3027.37,0.00,3027.37,3850226079.93,6415860333.94,0.00,0.00,0.00,0.00,209641315,725804938,1060328664,286669088
6358.71,4773888.05,8972046.62,1122598.00,4198158.57,0.00,2306.10,0.00,2306.10,3850226079.93,6415860333.94,0.00,0.00,0.00,0.00,209641315,725804938,1060328664,286669088
6360.71,4773888.05,8974376.05,1122598.00,4200488.00,0.00,2329.43,0.00,2329.43,3850226079.93,6415860333.94,0.00,0.00,0.00,0.00,209641315,725804938,1060328664,286669088
6362.71,4773888.05,8976723.77,1122598.00,4202835.72,0.00,2347.72,0.00,2347.72,3850226079.93,6415860333.94,0.00,0.00,0.00,0.00,209641315,725804938,1060328664,286669088
6364.71,4774974.10,8979913.16,1122598.00,4204939.06,1086.05,3189.39,0.00,2103.34,3850226079.93,6415860333.94,0.00,0.00,0.00,0.00,209686241,726038040,1066571171,286669088
6366.71,4777484.74,8984267.36,1122598.00,4206782.62,2510.64,4354.20,0.00,1843.55,3850226079.93,6415860333.94,0.00,0.00,0.00,0.00,209837750,726529255,1066571171,286669088
6368.71,4779930.18,8988397.53,1122598.00,4208467.36,2445.44,4130.18,0.00,1684.74,3850226079.93,6415860333.94,0.00,0.00,0.00,0.00,210020353,726972684,1067415985,286669088
6370.71,4780032.05,8991228.39,1122598.00,4211196.34,101.88,2830.86,0.00,2728.98,3850226079.93,6415860333.94,0.00,0.00,0.00,0.00,210020767,726998350,1067415985,286669088
6372.71,4782288.76,8995299.79,1122598.00,4213011.03,2256.71,4071.41,0.00,1814.70,3850226079.93,6415860333.94,0.00,0.00,0.00,0.00,210181107,727415728,1068409590,286669088
6374.71,4784815.59,8999738.75,1122598.00,4214923.17,2526.82,4438.96,0.00,1912.14,3850226079.93,6415860333.94,0.00,0.00,0.00,0.00,210384291,727859411,1068409590,286669088
6376.71,4787310.11,9002659.92,1124632.59,4215349.81,2494.52,2921.17,2034.59,426.64,3850226079.93,6415860333.94,0.00,0.00,0.00,0.00,210578485,728303815,1069418597,286669088
6378.71,4789865.51,9005215.32,1127279.56,4215349.81,2555.40,2555.40,2646.98,0.00,3850226079.93,6415860333.94,0.00,0.00,0.00,0.00,210781739,728754743,1069418597,286669088
6380.71,4792202.83,9008701.57,1128215.80,4216498.74,2337.32,3486.25,936.23,1148.93,3850226079.93,6415860333.94,0.00,0.00,0.00,0.00,209525705,729170976,1069418597,288107244
6382.71,4794851.82,9013320.45,1128215.80,4218468.63,2648.99,4618.88,0.00,1969.89,3850226079.93,6415860333.94,0.00,0.00,0.00,0.00,209744340,729630483,1069418597,288107244
6384.71,4797135.79,9017657.87,1128215.80,4220522.07,2283.97,4337.41,0.00,2053.45,3850226079.93,6415860333.94,0.00,0.00,0.00,0.00,209931973,730027546,1070443831,288107244
6386.71,4798464.06,9021461.81,1128215.80,4222997.75,1328.27,3803.94,0.00,2475.67,3850226079.93,6415860333.94,0.00,0.00,0.00,0.00,210053592,730245964,1070443831,288107244
6388.71,4798464.06,9023906.85,1128215.80,4225442.79,0.00,2445.04,0.00,2445.04,3850226079.93,6415860333.94,0.00,0.00,0.00,0.00,210053592,730245964,1070443831,288107244
6390.71,4798464.06,9026495.59,1128215.80,4228031.52,0.00,2588.73,0.00,2588.73,3850226079.93,6415860333.94,0.00,0.00,0.00,0.00,210053592,730245964,1070443831,288107244
6392.71,4798464.06,9028847.34,1128215.80,4230383.28,0.00,2351.76,0.00,2351.76,3850226079.93,6415860333.94,0.00,0.00,0.00,0.00,210053592,730245964,1070443831,288107244
6394.71,4798464.06,9030971.67,1128215.80,4232507.61,0.00,2124.33,0.00,2124.33,3850226079.93,6415860333.94,0.00,0.00,0.00,0.00,210053592,730245964,1070443831,288107244
6396.71,4798464.06,9033325.60,1128215.80,4234861.54,0.00,2353.93,0.00,2353.93,3850226079.93,6415860333.94,0.00,0.00,0.00,0.00,210053592,730245964,1070443831,288107244
6398.71,4798464.06,9035554.15,1128215.80,4237090.09,0.00,2228.55,0.00,2228.55,3850226079.93,6415860333.94,0.00,0.00,0.00,0.00,210053592,730245964,1070443831,288107244
6400.71,4799023.54,9038206.99,1128215.80,4239183.45,559.48,2652.84,0.00,2093.36,3850226079.93,6415860333.94,0.00,0.00,0.00,0.00,210104830,730337952,1075418737,288107244
6402.71,4801526.50,9042378.42,1128215.80,4240851.92,2502.96,4171.43,0.00,1668.46,3850226079.93,6415860333.94,0.00,0.00,0.00,0.00,210319337,730764203,1075418737,288107244
6404.71,4804064.31,9045972.99,1129125.72,4241908.68,2537.81,3594.57,909.92,1056.76,3850226079.93,6415860333.94,0.00,0.00,0.00,0.00,210546004,731187215,1076213363,288107244
6406.71,4806576.12,9048484.80,1131762.84,4241908.68,2511.82,2511.82,2637.12,0.00,3850226079.93,6415860333.94,0.00,0.00,0.00,0.00,210776278,731599966,1076213363,288107244
6408.71,4808764.12,9050921.11,1133723.18,4242157.00,2187.99,2436.31,1960.34,248.32,3850226079.93,6415860333.94,0.00,0.00,0.00,0.00,209536273,731990208,1076213363,289517133
6410.71,4811358.27,9055622.20,1133723.18,4244263.93,2594.15,4701.09,0.00,2106.93,3850226079.93,6415860333.94,0.00,0.00,0.00,0.00,209742586,732447998,1076213363,289517133
6412.71,4813795.64,9060205.21,1133723.18,4246409.56,2437.38,4583.01,0.00,2145.63,3850226079.93,6415860333.94,0.00,0.00,0.00,0.00,209955670,732858882,1077315979,289517133
6414.71,4816379.40,9065023.21,1133723.18,4248643.81,2583.75,4818.00,0.00,2234.25,3850226079.93,6415860333.94,0.00,0.00,0.00,0.00,210169292,733306701,1077315979,289517133
6416.71,4817420.88,9067841.45,1134264.82,4250420.57,1041.48,2818.25,541.64,1776.76,3850226079.93,6415860333.94,0.00,0.00,0.00,0.00,210206757,733535856,1078389219,289517133
6418.71,4819937.39,9070357.96,1136921.62,4250420.57,2516.51,2516.51,2656.80,0.00,3850226079.93,6415860333.94,0.00,0.00,0.00,0.00,210414351,733972488,1078389219,289517133
6420.77,4822353.68,9072774.25,1139441.34,4250420.57,2416.29,2416.29,2519.72,0.00,3850226079.93,6415860333.94,0.00,0.00,0.00,0.00,209095438,734446121,1078389219,290980983
6422.77,4823040.06,9075850.23,1139441.34,4252810.17,686.38,3075.98,0.00,2389.60,3850226079.93,6415860333.94,0.00,0.00,0.00,0.00,209123989,734593283,1078389219,290980983
6424.77,4823956.91,9078869.48,1139441.34,4254912.57,916.85,3019.25,0.00,2102.40,3850226079.93,6415860333.94,0.00,0.00,0.00,0.00,209151475,734800510,1079337516,290980983
6426.77,4826476.41,9083285.41,1139441.34,4256809.00,2519.50,4415.93,0.00,1896.43,3850226079.93,6415860333.94,0.00,0.00,0.00,0.00,209317010,735279968,1079337516,290980983
6428.77,4828846.98,9087485.12,1139441.34,4258638.14,2370.57,4199.71,0.00,1829.14,3850226079.93,6415860333.94,0.00,0.00,0.00,0.00,209538541,735665304,1080348818,290980983
6430.77,4829184.04,9090600.20,1139441.34,4261416.16,337.05,3115.08,0.00,2778.02,3850226079.93,6415860333.94,0.00,0.00,0.00,0.00,209563232,735726899,1080348818,290980983
6432.77,4829184.04,9093170.96,1139441.34,4263986.92,0.00,2570.76,0.00,2570.76,3850226079.93,6415860333.94,0.00,0.00,0.00,0.00,209563232,735726899,1080348818,290980983
6434.77,4829184.04,9095544.63,1139441.34,4266360.59,0.00,2373.68,0.00,2373.68,3850226079.93,6415860333.94,0.00,0.00,0.00,0.00,209563232,735726899,1080348818,290980983
6436.77,4829184.04,9097697.12,1139441.34,4268513.09,0.00,2152.49,0.00,2152.49,3850226079.93,6415860333.94,0.00,0.00,0.00,0.00,209563232,735726899,1080348818,290980983
6438.77,4829692.21,9100248.45,1139441.34,4270556.24,508.17,2551.32,0.00,2043.16,3850226079.93,6415860333.94,0.00,0.00,0.00,0.00,209614984,735805238,1083403796,290980983
6440.77,4832174.25,9104984.70,1139441.34,4272810.45,2482.04,4736.25,0.00,2254.21,3850226079.93,6415860333.94,0.00,0.00,0.00,0.00,209840672,736214953,1083403796,290980983
6442.77,4834747.82,9109847.85,1139441.34,4275100.04,2573.57,4863.15,0.00,2289.58,3850226079.93,6415860333.94,0.00,0.00,0.00,0.00,210109393,736605065,1083403796,290980983
6444.77,4835328.06,9112540.66,1139441.34,4277212.60,580.25,2692.81,0.00,2112.56,3850226079.93,6415860333.94,0.00,0.00,0.00,0.00,210158891,736704110,1084709619,290980983
6446.77,4835617.72,9114981.55,1139732.82,4279363.83,289.66,2440.89,291.48,2151.23,3850226079.93,6415860333.94,0.00,0.00,0.00,0.00,210174847,736762306,1085770566,290980983
6448.77,4838120.96,9117484.79,1142372.68,4279363.83,2503.24,2503.24,2639.86,0.00,3850226079.93,6415860333.94,0.00,0.00,0.00,0.00,210404664,737173318,1085770566,290980983
6450.86,4840548.32,9119912.15,1144920.84,4279363.83,2427.36,2427.36,2548.16,0.00,3850226079.93,6415860333.94,0.00,0.00,0.00,0.00,209214132,737582502,1085770566,292383736
6452.86,4841472.05,9123200.16,1144920.84,4281728.11,923.73,3288.02,0.00,2364.28,3850226079.93,6415860333.94,0.00,0.00,0.00,0.00,209281013,737752097,1085770566,292383736
6454.86,4841585.31,9126108.86,1144920.84,4284523.55,113.25,2908.70,0.00,2795.44,3850226079.93,6415860333.94,0.00,0.00,0.00,0.00,209288194,737773909,1087008182,292383736
6456.86,4844052.70,9130469.64,1144920.84,4286416.95,2467.39,4360.79,0.00,1893.39,3850226079.93,6415860333.94,0.00,0.00,0.00,0.00,209516963,738176792,1087008182,292383736
6458.93,4846445.01,9134764.21,1144920.84,4288319.21,2392.31,4294.57,0.00,1902.26,3850226079.93,6415860333.94,0.00,0.00,0.00,0.00,209740746,738565440,1088003097,292383736
6460.93,4847616.02,9138435.12,1144920.84,4290819.10,1171.02,3670.91,0.00,2499.89,3850226079.93,6415860333.94,0.00,0.00,0.00,0.00,209856574,738749392,1088003097,292383736
6462.93,4847616.02,9141065.91,1144920.84,4293449.89,0.00,2630.79,0.00,2630.79,3850226079.93,6415860333.94,0.00,0.00,0.00,0.00,209856574,738749392,1088003097,292383736
6464.93,4847616.02,9143484.30,1144920.84,4295868.28,0.00,2418.39,0.00,2418.39,3850226079.93,6415860333.94,0.00,0.00,0.00,0.00,209856574,738749392,1088003097,292383736
6466.93,4848885.18,9146782.17,1144920.84,4297896.98,1269.16,3297.87,0.00,2028.71,3850226079.93,6415860333.94,0.00,0.00,0.00,0.00,209981349,738949522,1090153649,292383736
6468.93,4851391.37,9151154.55,1144920.84,4299763.18,2506.19,4372.39,0.00,1866.20,3850226079.93,6415860333.94,0.00,0.00,0.00,0.00,210224779,739347676,1090153649,292383736
6470.93,4853855.50,9154720.41,1146052.00,4300864.91,2464.13,3565.86,1131.16,1101.73,3850226079.93,6415860333.94,0.00,0.00,0.00,0.00,210470036,739733236,1091165142,292383736
6472.93,4856364.48,9157229.39,1148703.71,4300864.91,2508.98,2508.98,2651.71,0.00,3850226079.93,6415860333.94,0.00,0.00,0.00,0.00,210691851,740153719,1091165142,292383736
6474.93,4858613.20,9159913.97,1150451.61,4301300.77,2248.72,2684.58,1747.90,435.86,3850226079.93,6415860333.94,0.00,0.00,0.00,0.00,209419866,740585993,1091165142,293799119
6476.93,4859904.06,9163301.81,1150451.61,4303397.75,1290.86,3387.84,0.00,2096.98,3850226079.93,6415860333.94,0.00,0.00,0.00,0.00,209509368,740826952,1091165142,293799119
6478.93,4859904.06,9165590.11,1150451.61,4305686.05,0.00,2288.30,0.00,2288.30,3850226079.93,6415860333.94,0.00,0.00,0.00,0.00,209509368,740826952,1091165142,293799119
6480.93,4859904.06,9168581.66,1150451.61,4308677.60,0.00,2991.55,0.00,2991.55,3850226079.93,6415860333.94,0.00,0.00,0.00,0.00,209509368,740826952,1091165142,293799119
6482.93,4859904.06,9171070.33,1150451.61,4311166.27,0.00,2488.67,0.00,2488.67,3850226079.93,6415860333.94,0.00,0.00,0.00,0.00,209509368,740826952,1091165142,293799119
6484.93,4859904.06,9173475.73,1150451.61,4313571.68,0.00,2405.41,0.00,2405.41,3850226079.93,6415860333.94,0.00,0.00,0.00,0.00,209509368,740826952,1091165142,293799119
6486.93,4861961.31,9177393.71,1150451.61,4315432.41,2057.25,3917.98,0.00,1860.73,3850226079.93,6415860333.94,0.00,0.00,0.00,0.00,209596895,741266081,1094490525,293799119
6488.93,4864465.48,9181905.87,1150451.61,4317440.39,2504.17,4512.16,0.00,2007.99,3850226079.93,6415860333.94,0.00,0.00,0.00,0.00,209755860,741748183,1094490525,293799119
6490.93,4866048.05,9185683.74,1150451.61,4319635.69,1582.57,3777.87,0.00,2195.29,3850226079.93,6415860333.94,0.00,0.00,0.00,0.00,209841872,742067310,1095520810,293799119
6492.93,4866048.05,9188524.84,1150451.61,4322476.79,0.00,2841.10,0.00,2841.10,3850226079.93,6415860333.94,0.00,0.00,0.00,0.00,209841872,742067310,1095520810,293799119
6494.93,4868088.19,9192664.77,1150451.61,4324576.58,2040.14,4139.93,0.00,2099.79,3850226079.93,6415860333.94,0.00,0.00,0.00,0.00,210006311,742425147,1096753815,293799119
6496.93,4870467.83,9197285.23,1150451.61,4326817.40,2379.64,4620.46,0.00,2240.82,3850226079.93,6415860333.94,0.00,0.00,0.00,0.00,210190551,742850095,1096753815,293799119
6498.93,4872741.04,9200262.84,1152277.42,4327521.80,2273.21,2977.60,1825.81,704.39,3850226079.93,6415860333.94,0.00,0.00,0.00,0.00,210380743,743241844,1097914144,293799119
6500.93,4874997.30,9202519.10,1154944.60,4327521.80,2256.26,2256.26,2667.18,0.00,3850226079.93,6415860333.94,0.00,0.00,0.00,0.00,210564009,743636181,1097914144,293799119
6514.51,4876388.91,9203910.70,1156567.97,4327521.80,1391.61,1391.61,1623.37,0.00,3850226079.93,6415860333.94,0.00,0.00,0.00,0.00,209112388,743878299,1097914144,295364873
6516.51,4878742.06,9208134.33,1156567.97,4329392.27,2353.16,4223.63,0.00,1870.47,3850226079.93,6415860333.94,0.00,0.00,0.00,0.00,209313652,744279443,1097914144,295364873
6518.51,4881114.59,9212216.47,1156567.97,4331101.88,2372.53,4082.14,0.00,1709.61,3850226079.93,6415860333.94,0.00,0.00,0.00,0.00,209491229,744709234,1098763062,295364873
6520.51,4883609.11,9216595.51,1156567.97,4332986.40,2494.52,4379.04,0.00,1884.52,3850226079.93,6415860333.94,0.00,0.00,0.00,0.00,209624149,745214911,1098763062,295364873
6522.51,4884480.02,9219543.88,1156567.97,4335063.86,870.91,2948.36,0.00,2077.46,3850226079.93,6415860333.94,0.00,0.00,0.00,0.00,209680266,745381746,1098763062,295364873
6524.51,4884480.02,9222445.10,1156567.97,4337965.08,0.00,2901.22,0.00,2901.22,3850226079.93,6415860333.94,0.00,0.00,0.00,0.00,209680266,745381746,1098763062,295364873
6526.51,4885480.73,9225606.31,1156567.97,4340125.57,1000.71,3161.21,0.00,2160.50,3850226079.93,6415860333.94,0.00,0.00,0.00,0.00,209699994,745618201,1100955984,295364873
6528.51,4887954.87,9229912.01,1156567.97,4341957.14,2474.14,4305.70,0.00,1831.56,3850226079.93,6415860333.94,0.00,0.00,0.00,0.00,209870009,746081565,1100955984,295364873
6530.51,4890347.60,9234102.80,1156567.97,4343755.20,2392.73,4190.79,0.00,1798.06,3850226079.93,6415860333.94,0.00,0.00,0.00,0.00,210067439,746496674,1101898313,295364873
6532.51,4890624.01,9237069.57,1156567.97,4346445.56,276.41,2966.77,0.00,2690.36,3850226079.93,6415860333.94,0.00,0.00,0.00,0.00,210081183,746553690,1101898313,295364873
6534.51,4890624.01,9239571.78,1156567.97,4348947.77,0.00,2502.21,0.00,2502.21,3850226079.93,6415860333.94,0.00,0.00,0.00,0.00,210081183,746553690,1101898313,295364873
6536.51,4890624.01,9242003.87,1156567.97,4351379.86,0.00,2432.09,0.00,2432.09,3850226079.93,6415860333.94,0.00,0.00,0.00,0.00,210081183,746553690,1101898313,295364873
6538.51,4890624.01,9244724.38,1156567.97,4354100.38,0.00,2720.52,0.00,2720.52,3850226079.93,6415860333.94,0.00,0.00,0.00,0.00,210081183,746553690,1101898313,295364873
6540.51,4890624.01,9247404.47,1156567.97,4356780.46,0.00,2680.09,0.00,2680.09,3850226079.93,6415860333.94,0.00,0.00,0.00,0.00,210081183,746553690,1101898313,295364873
6542.51,4890624.01,9250364.16,1156567.97,4359740.15,0.00,2959.69,0.00,2959.69,3850226079.93,6415860333.94,0.00,0.00,0.00,0.00,210081183,746553690,1101898313,295364873
6544.51,4891153.52,9253453.97,1156567.97,4362300.45,529.51,3089.81,0.00,2560.30,3850226079.93,6415860333.94,0.00,0.00,0.00,0.00,210136062,746634365,1106662620,295364873
6546.51,4893607.17,9258167.36,1156567.97,4364560.18,2453.66,4713.39,0.00,2259.73,3850226079.93,6415860333.94,0.00,0.00,0.00,0.00,210334463,747064100,1106662620,295364873
6548.54,4896039.98,9262997.72,1156567.97,4366957.74,2432.80,4830.36,0.00,2397.56,3850226079.93,6415860333.94,0.00,0.00,0.00,0.00,210550417,747470944,1107991365,295364873
6550.54,4898545.88,9265503.62,1159223.08,4366957.74,2505.90,2505.90,2655.11,0.00,3850226079.93,6415860333.94,0.00,0.00,0.00,0.00,210770741,747892130,1107991365,295364873
6552.54,4901058.73,9268016.47,1161884.70,4366957.74,2512.85,2512.85,2661.62,0.00,3850226079.93,6415860333.94,0.00,0.00,0.00,0.00,210990503,748315658,1107991365,295364873
6554.54,4902912.01,9271188.54,1162655.87,4368276.54,1853.28,3172.07,771.16,1318.79,3850226079.93,6415860333.94,0.00,0.00,0.00,0.00,209535582,748689553,1107991365,296920339
6556.54,4902912.01,9273907.01,1162655.87,4370995.00,0.00,2718.47,0.00,2718.47,3850226079.93,6415860333.94,0.00,0.00,0.00,0.00,209535582,748689553,1107991365,296920339
6558.54,4902912.01,9276504.94,1162655.87,4373592.93,0.00,2597.93,0.00,2597.93,3850226079.93,6415860333.94,0.00,0.00,0.00,0.00,209535582,748689553,1107991365,296920339
6560.54,4902912.01,9279218.91,1162655.87,4376306.90,0.00,2713.96,0.00,2713.96,3850226079.93,6415860333.94,0.00,0.00,0.00,0.00,209535582,748689553,1107991365,296920339
6562.54,4902912.01,9281399.49,1162655.87,4378487.48,0.00,2180.59,0.00,2180.59,3850226079.93,6415860333.94,0.00,0.00,0.00,0.00,209535582,748689553,1107991365,296920339
6564.54,4902912.01,9283688.41,1162655.87,4380776.40,0.00,2288.92,0.00,2288.92,3850226079.93,6415860333.94,0.00,0.00,0.00,0.00,209535582,748689553,1107991365,296920339
6566.54,4902912.01,9286708.38,1162655.87,4383796.37,0.00,3019.97,0.00,3019.97,3850226079.93,6415860333.94,0.00,0.00,0.00,0.00,209535582,748689553,1107991365,296920339
6568.54,4904532.82,9290268.82,1162655.87,4385736.00,1620.81,3560.45,0.00,1939.63,3850226079.93,6415860333.94,0.00,0.00,0.00,0.00,209662135,748977928,1112506812,296920339
6570.54,4907049.50,9294718.76,1162655.87,4387669.26,2516.68,4449.93,0.00,1933.26,3850226079.93,6415860333.94,0.00,0.00,0.00,0.00,209789086,749495246,1112506812,296920339
6572.54,4909056.04,9298411.88,1162655.87,4389355.83,2006.55,3693.12,0.00,1686.57,3850226079.93,6415860333.94,0.00,0.00,0.00,0.00,209917754,749880254,1113411836,296920339
6574.54,4909270.17,9300693.82,1162655.87,4391423.65,214.12,2281.95,0.00,2067.82,3850226079.93,6415860333.94,0.00,0.00,0.00,0.00,209932500,749920324,1114215289,296920339
6576.54,4911763.61,9304852.34,1162655.87,4393088.73,2493.45,4158.52,0.00,1665.08,3850226079.93,6415860333.94,0.00,0.00,0.00,0.00,210076965,750414181,1114215289,296920339
6578.54,4914216.21,9308540.38,1163515.67,4394324.17,2452.59,3688.04,859.80,1235.44,3850226079.93,6415860333.94,0.00,0.00,0.00,0.00,210284735,750834275,1114996017,296920339
6580.54,4916727.31,9311051.48,1166182.46,4394324.17,2511.11,2511.11,2666.79,0.00,3850226079.93,6415860333.94,0.00,0.00,0.00,0.00,210517358,751244495,1114996017,296920339
6582.62,4919009.54,9313333.71,1168784.42,4394324.17,2282.23,2282.23,2601.96,0.00,3850226079.93,6415860333.94,0.00,0.00,0.00,0.00,209118940,751658257,1114996017,298489245
6584.62,4921344.04,9317853.86,1168784.42,4396509.82,2334.50,4520.15,0.00,2185.64,3850226079.93,6415860333.94,0.00,0.00,0.00,0.00,209319411,752055419,1114996017,298489245
6586.62,4921403.79,9320467.69,1168784.42,4399063.90,59.75,2613.83,0.00,2554.08,3850226079.93,6415860333.94,0.00,0.00,0.00,0.00,209319674,752070451,1116201035,298489245
6588.62,4923862.72,9325163.39,1168784.42,4401300.67,2458.93,4695.70,0.00,2236.77,3850226079.93,6415860333.94,0.00,0.00,0.00,0.00,209495228,752524383,1116201035,298489245
6590.62,4926325.12,9330041.21,1168784.42,4403716.09,2462.41,4877.83,0.00,2415.42,3850226079.93,6415860333.94,0.00,0.00,0.00,0.00,209696087,752953900,1116201035,298489245
6592.62,4927488.05,9333155.71,1168784.42,4405667.66,1162.93,3114.50,0.00,1951.57,3850226079.93,6415860333.94,0.00,0.00,0.00,0.00,209771784,753175912,1117300622,298489245
6594.62,4927488.05,9335376.25,1168784.42,4407888.20,0.00,2220.53,0.00,2220.53,3850226079.93,6415860333.94,0.00,0.00,0.00,0.00,209771784,753175912,1117300622,298489245
6596.62,4927488.05,9337691.99,1168784.42,4410203.94,0.00,2315.74,0.00,2315.74,3850226079.93,6415860333.94,0.00,0.00,0.00,0.00,209771784,753175912,1117300622,298489245
6598.62,4928857.37,9341063.34,1168784.42,4412205.97,1369.32,3371.35,0.00,2002.03,3850226079.93,6415860333.94,0.00,0.00,0.00,0.00,209803969,753494272,1119112931,298489245
6600.62,4931345.37,9345436.29,1168784.42,4414090.93,2488.00,4372.96,0.00,1884.96,3850226079.93,6415860333.94,0.00,0.00,0.00,0.00,209952271,753982898,1119112931,298489245
6602.62,4933632.01,9349835.20,1168784.42,4416203.19,2286.64,4398.91,0.00,2112.27,3850226079.93,6415860333.94,0.00,0.00,0.00,0.00,210045322,754475227,1120066113,298489245
6604.62,4933632.01,9352576.38,1168784.42,4418944.37,0.00,2741.18,0.00,2741.18,3850226079.93,6415860333.94,0.00,0.00,0.00,0.00,210045322,754475227,1120066113,298489245
6606.62,4933632.01,9355135.80,1168784.42,4421503.79,0.00,2559.42,0.00,2559.42,3850226079.93,6415860333.94,0.00,0.00,0.00,0.00,210045322,754475227,1120066113,298489245
6608.62,4933632.01,9357544.21,1168784.42,4423912.20,0.00,2408.41,0.00,2408.41,3850226079.93,6415860333.94,0.00,0.00,0.00,0.00,210045322,754475227,1120066113,298489245
6610.62,4933632.01,9359856.91,1168784.42,4426224.91,0.00,2312.70,0.00,2312.70,3850226079.93,6415860333.94,0.00,0.00,0.00,0.00,210045322,754475227,1120066113,298489245
6612.62,4935040.01,9363121.47,1168784.42,4428081.46,1408.00,3264.56,0.00,1856.56,3850226079.93,6415860333.94,0.00,0.00,0.00,0.00,210145547,754735450,1123199008,298489245
6614.62,4937516.89,9367474.67,1168784.42,4429957.78,2476.89,4353.20,0.00,1876.31,3850226079.93,6415860333.94,0.00,0.00,0.00,0.00,210223986,755291094,1123199008,298489245
6616.62,4939995.01,9370555.02,1170499.87,4430560.01,2478.11,3080.35,1715.45,602.23,3850226079.93,6415860333.94,0.00,0.00,0.00,0.00,210376183,755773294,1124091265,298489245
6618.62,4942497.30,9373057.31,1173163.44,4430560.01,2502.29,2502.29,2663.57,0.00,3850226079.93,6415860333.94,0.00,0.00,0.00,0.00,210450428,756339636,1124091265,298489245
6620.62,4944556.83,9375829.89,1174758.49,4431273.06,2059.53,2772.58,1595.05,713.05,3850226079.93,6415860333.94,0.00,0.00,0.00,0.00,209096210,756691739,1124091265,300018600
6622.62,4945920.06,9379568.95,1174758.49,4433648.89,1363.23,3739.05,0.00,2375.83,3850226079.93,6415860333.94,0.00,0.00,0.00,0.00,209197652,756939283,1124091265,300018600
6624.62,4947294.09,9383257.08,1174758.49,4435962.99,1374.04,3688.14,0.00,2314.10,3850226079.93,6415860333.94,0.00,0.00,0.00,0.00,209295502,757193186,1125138944,300018600
6626.62,4949774.61,9387986.56,1174758.49,4438211.95,2480.52,4729.48,0.00,2248.96,3850226079.93,6415860333.94,0.00,0.00,0.00,0.00,209483652,757640049,1125138944,300018600
6628.62,4952064.02,9392181.27,1174758.49,4440117.25,2289.40,4194.71,0.00,1905.31,3850226079.93,6415860333.94,0.00,0.00,0.00,0.00,209676955,758032833,1126305819,300018600
6630.62,4952064.02,9394490.79,1174758.49,4442426.78,0.00,2309.52,0.00,2309.52,3850226079.93,6415860333.94,0.00,0.00,0.00,0.00,209676955,758032833,1126305819,300018600
6632.62,4952064.02,9396622.56,1174758.49,4444558.54,0.00,2131.77,0.00,2131.77,3850226079.93,6415860333.94,0.00,0.00,0.00,0.00,209676955,758032833,1126305819,300018600
6634.66,4952065.02,9398856.81,1174758.49,4446791.80,1.00,2234.25,0.00,2233.25,3850226079.93,6415860333.94,0.00,0.00,0.00,0.00,209676970,758033074,1128128115,300018600
6636.66,4954566.01,9403091.61,1174758.49,4448525.60,2500.99,4234.79,0.00,1733.80,3850226079.93,6415860333.94,0.00,0.00,0.00,0.00,209881819,758468479,1128128115,300018600
6638.71,4956929.90,9407191.84,1174758.49,4450261.94,2363.89,4100.24,0.00,1736.34,3850226079.93,6415860333.94,0.00,0.00,0.00,0.00,210081342,758874113,1129016455,300018600
6640.71,4958208.05,9411006.37,1174758.49,4452798.32,1278.15,3814.53,0.00,2536.38,3850226079.93,6415860333.94,0.00,0.00,0.00,0.00,210190058,759092603,1129016455,300018600
6642.71,4958618.72,9413800.13,1175179.58,4455181.41,410.67,2793.76,421.09,2383.09,3850226079.93,6415860333.94,0.00,0.00,0.00,0.00,210236245,759151548,1130206829,300018600
6644.71,4961113.78,9416295.19,1177846.64,4455181.41,2495.05,2495.05,2667.06,0.00,3850226079.93,6415860333.94,0.00,0.00,0.00,0.00,210436351,759590176,1130206829,300018600
6646.71,4963632.61,9418814.02,1180516.26,4455181.41,2518.83,2518.83,2669.62,0.00,3850226079.93,6415860333.94,0.00,0.00,0.00,0.00,210603237,760068111,1130206829,300018600
6648.71,4964352.05,9421337.75,1180793.55,4456985.70,719.44,2523.73,277.30,1804.29,3850226079.93,6415860333.94,0.00,0.00,0.00,0.00,209121773,760188786,1130206829,301563565
6650.71,4964560.18,9423763.51,1180793.55,4459203.32,208.14,2425.76,0.00,2217.62,3850226079.93,6415860333.94,0.00,0.00,0.00,0.00,209137388,760226454,1131191186,301563565
6652.71,4967067.62,9428055.63,1180793.55,4460988.01,2507.44,4292.12,0.00,1784.69,3850226079.93,6415860333.94,0.00,0.00,0.00,0.00,209318652,760687094,1131191186,301563565
6654.72,4969356.80,9432128.26,1180793.55,4462771.46,2289.18,4072.62,0.00,1783.45,3850226079.93,6415860333.94,0.00,0.00,0.00,0.00,209497454,761094321,1132147314,301563565
6656.72,4970496.06,9435755.16,1180793.55,4465259.10,1139.27,3626.91,0.00,2487.64,3850226079.93,6415860333.94,0.00,0.00,0.00,0.00,209578837,761304590,1132147314,301563565
6658.72,4970496.06,9438559.65,1180793.55,4468063.59,0.00,2804.48,0.00,2804.48,3850226079.93,6415860333.94,0.00,0.00,0.00,0.00,209578837,761304590,1132147314,301563565
6660.72,4970496.06,9441435.74,1180793.55,4470939.68,0.00,2876.09,0.00,2876.09,3850226079.93,6415860333.94,0.00,0.00,0.00,0.00,209578837,761304590,1132147314,301563565
6662.72,4970496.06,9443954.78,1180793.55,4473458.72,0.00,2519.04,0.00,2519.04,3850226079.93,6415860333.94,0.00,0.00,0.00,0.00,209578837,761304590,1132147314,301563565
6664.72,4970496.06,9446342.93,1180793.55,4475846.87,0.00,2388.15,0.00,2388.15,3850226079.93,6415860333.94,0.00,0.00,0.00,0.00,209578837,761304590,1132147314,301563565
6666.72,4970496.06,9448786.58,1180793.55,4478290.52,0.00,2443.65,0.00,2443.65,3850226079.93,6415860333.94,0.00,0.00,0.00,0.00,209578837,761304590,1132147314,301563565
6668.72,4970496.06,9451669.27,1180793.55,4481173.21,0.00,2882.70,0.00,2882.70,3850226079.93,6415860333.94,0.00,0.00,0.00,0.00,209578837,761304590,1132147314,301563565
6670.72,4970496.06,9453859.89,1180793.55,4483363.83,0.00,2190.62,0.00,2190.62,3850226079.93,6415860333.94,0.00,0.00,0.00,0.00,209578837,761304590,1132147314,301563565
6672.72,4970824.27,9456466.86,1180793.55,4485642.59,328.21,2606.97,0.00,2278.76,3850226079.93,6415860333.94,0.00,0.00,0.00,0.00,209596567,761370882,1137933626,301563565
6674.72,4973333.07,9460742.54,1180793.55,4487409.46,2508.80,4275.68,0.00,1766.88,3850226079.93,6415860333.94,0.00,0.00,0.00,0.00,209798593,761811109,1137933626,301563565
6676.72,4975701.68,9464859.92,1180793.55,4489158.24,2368.61,4117.38,0.00,1748.77,3850226079.93,6415860333.94,0.00,0.00,0.00,0.00,209974735,762241330,1138877730,301563565
6678.72,4978261.93,9469598.86,1180793.55,4491336.94,2560.25,4738.95,0.00,2178.70,3850226079.93,6415860333.94,0.00,0.00,0.00,0.00,210170685,762700803,1138877730,301563565
6680.72,4980809.62,9474424.56,1180793.55,4493614.93,2547.70,4825.70,0.00,2278.00,3850226079.93,6415860333.94,0.00,0.00,0.00,0.00,210368344,763155355,1138877730,301563565
6682.72,4983265.18,9477558.20,1182655.04,4494293.02,2455.56,3133.64,1861.48,678.09,3850226079.93,6415860333.94,0.00,0.00,0.00,0.00,210510947,763641375,1140206899,301563565
6684.72,4985751.82,9480044.84,1185322.05,4494293.02,2486.64,2486.64,2667.01,0.00,3850226079.93,6415860333.94,0.00,0.00,0.00,0.00,210636156,764152746,1140206899,301563565
6686.72,4988048.19,9483243.93,1186325.57,4495195.74,2296.37,3199.09,1003.52,902.72,3850226079.93,6415860333.94,0.00,0.00,0.00,0.00,209322265,764638317,1140206899,302979755
6688.72,4988928.01,9486277.68,1186325.57,4497349.67,879.82,3033.74,0.00,2153.93,3850226079.93,6415860333.94,0.00,0.00,0.00,0.00,209382547,764803268,1140206899,302979755
6690.72,4988928.01,9488841.79,1186325.57,4499913.78,0.00,2564.11,0.00,2564.11,3850226079.93,6415860333.94,0.00,0.00,0.00,0.00,209382547,764803268,1140206899,302979755
6692.72,4988928.01,9491454.52,1186325.57,4502526.51,0.00,2612.73,0.00,2612.73,3850226079.93,6415860333.94,0.00,0.00,0.00,0.00,209382547,764803268,1140206899,302979755
6694.72,4988928.01,9494130.14,1186325.57,4505202.13,0.00,2675.62,0.00,2675.62,3850226079.93,6415860333.94,0.00,0.00,0.00,0.00,209382547,764803268,1140206899,302979755
6696.72,4988928.01,9496636.93,1186325.57,4507708.92,0.00,2506.79,0.00,2506.79,3850226079.93,6415860333.94,0.00,0.00,0.00,0.00,209382547,764803268,1140206899,302979755
6698.72,4988928.01,9499401.18,1186325.57,4510473.17,0.00,2764.25,0.00,2764.25,3850226079.93,6415860333.94,0.00,0.00,0.00,0.00,209382547,764803268,1140206899,302979755
6700.72,4988928.01,9502017.41,1186325.57,4513089.40,0.00,2616.23,0.00,2616.23,3850226079.93,6415860333.94,0.00,0.00,0.00,0.00,209382547,764803268,1140206899,302979755
6702.72,4988928.01,9504673.32,1186325.57,4515745.31,0.00,2655.91,0.00,2655.91,3850226079.93,6415860333.94,0.00,0.00,0.00,0.00,209382547,764803268,1140206899,302979755
6704.72,4988928.01,9507197.02,1186325.57,4518269.02,0.00,2523.71,0.00,2523.71,3850226079.93,6415860333.94,0.00,0.00,0.00,0.00,209382547,764803268,1140206899,302979755
6706.72,4988928.01,9510021.61,1186325.57,4521093.60,0.00,2824.59,0.00,2824.59,3850226079.93,6415860333.94,0.00,0.00,0.00,0.00,209382547,764803268,1140206899,302979755
6708.72,4988928.01,9512643.52,1186325.57,4523715.52,0.00,2621.91,0.00,2621.91,3850226079.93,6415860333.94,0.00,0.00,0.00,0.00,209382547,764803268,1140206899,302979755
6710.72,4988928.01,9515620.11,1186325.57,4526692.11,0.00,2976.59,0.00,2976.59,3850226079.93,6415860333.94,0.00,0.00,0.00,0.00,209382547,764803268,1140206899,302979755
6712.72,4991166.84,9519897.25,1186325.57,4528730.41,2238.84,4277.14,0.00,2038.30,3850226079.93,6415860333.94,0.00,0.00,0.00,0.00,209521484,765237473,1148493147,302979755
6714.72,4993636.57,9524657.76,1186325.57,4531021.18,2469.73,4760.50,0.00,2290.77,3850226079.93,6415860333.94,0.00,0.00,0.00,0.00,209719262,765671946,1148493147,302979755
6716.72,4995072.00,9528153.25,1186325.57,4533081.24,1435.43,3495.49,0.00,2060.06,3850226079.93,6415860333.94,0.00,0.00,0.00,0.00,209812702,765945976,1149811722,302979755
6718.72,4995072.00,9530902.36,1186325.57,4535830.36,0.00,2749.12,0.00,2749.12,3850226079.93,6415860333.94,0.00,0.00,0.00,0.00,209812702,765945976,1149811722,302979755
6720.72,4996889.50,9534890.86,1186325.57,4538001.36,1817.50,3988.50,0.00,2171.00,3850226079.93,6415860333.94,0.00,0.00,0.00,0.00,209955815,766268142,1150926845,302979755
6722.72,4999366.38,9539690.41,1186325.57,4540324.04,2476.88,4799.55,0.00,2322.68,3850226079.93,6415860333.94,0.00,0.00,0.00,0.00,210132113,766725924,1150926845,302979755
6724.72,5001782.86,9543403.02,1187495.68,4541620.16,2416.48,3712.61,1170.11,1296.13,3850226079.93,6415860333.94,0.00,0.00,0.00,0.00,210302221,767174436,1152292850,302979755
6726.72,5004081.53,9546336.38,1189212.90,4542254.85,2298.67,2933.36,1717.22,634.68,3850226079.93,6415860333.94,0.00,0.00,0.00,0.00,209715156,767610804,1152292850,303718912
6728.72,5006594.47,9551172.06,1189212.90,4544577.59,2512.94,4835.68,0.00,2322.75,3850226079.93,6415860333.94,0.00,0.00,0.00,0.00,209922107,768047165,1152292850,303718912
6730.72,5007360.06,9554104.34,1189212.90,4546744.29,765.59,2932.28,0.00,2166.69,3850226079.93,6415860333.94,0.00,0.00,0.00,0.00,209965682,768199581,1152292850,303718912
6732.72,5007360.06,9556473.73,1189212.90,4549113.67,0.00,2369.38,0.00,2369.38,3850226079.93,6415860333.94,0.00,0.00,0.00,0.00,209965682,768199581,1152292850,303718912
6734.72,5007360.06,9559015.46,1189212.90,4551655.40,0.00,2541.73,0.00,2541.73,3850226079.93,6415860333.94,0.00,0.00,0.00,0.00,209965682,768199581,1152292850,303718912
6736.72,5007360.06,9561970.09,1189212.90,4554610.03,0.00,2954.63,0.00,2954.63,3850226079.93,6415860333.94,0.00,0.00,0.00,0.00,209965682,768199581,1152292850,303718912
6738.72,5007360.06,9564622.60,1189212.90,4557262.54,0.00,2652.51,0.00,2652.51,3850226079.93,6415860333.94,0.00,0.00,0.00,0.00,209965682,768199581,1152292850,303718912
6740.72,5007360.06,9567349.96,1189212.90,4559989.90,0.00,2727.36,0.00,2727.36,3850226079.93,6415860333.94,0.00,0.00,0.00,0.00,209965682,768199581,1152292850,303718912
6742.72,5007360.06,9570091.12,1189212.90,4562731.06,0.00,2741.16,0.00,2741.16,3850226079.93,6415860333.94,0.00,0.00,0.00,0.00,209965682,768199581,1152292850,303718912
6744.76,5007360.06,9572982.45,1189212.90,4565622.39,0.00,2891.33,0.00,2891.33,3850226079.93,6415860333.94,0.00,0.00,0.00,0.00,209965682,768199581,1152292850,303718912
6746.76,5009758.23,9577210.16,1189212.90,4567451.93,2398.18,4227.71,0.00,1829.54,3850226079.93,6415860333.94,0.00,0.00,0.00,0.00,210165594,768613602,1158436505,303718912
6748.76,5012198.29,9581142.23,1189780.88,4568943.93,2440.06,3932.07,567.98,1492.01,3850226079.93,6415860333.94,0.00,0.00,0.00,0.00,210354489,769049362,1159286818,303718912
6750.76,5014721.32,9583665.25,1192446.86,4568943.93,2523.02,2523.02,2665.97,0.00,3850226079.93,6415860333.94,0.00,0.00,0.00,0.00,210549659,769500086,1159286818,303718912
6752.76,5017164.81,9586108.75,1195114.72,4568943.93,2443.50,2443.50,2667.87,0.00,3850226079.93,6415860333.94,0.00,0.00,0.00,0.00,210734454,769940826,1159286818,303718912
6754.76,5019231.55,9589876.26,1195336.60,4570644.71,2066.73,3767.52,221.88,1700.78,3850226079.93,6415860333.94,0.00,0.00,0.00,0.00,209309567,770327218,1159286818,305286491
6756.76,5019648.03,9593147.89,1195336.60,4573499.86,416.48,3271.63,0.00,2855.14,3850226079.93,6415860333.94,0.00,0.00,0.00,0.00,209356690,770386715,1159286818,305286491
6758.76,5019648.03,9595897.50,1195336.60,4576249.46,0.00,2749.61,0.00,2749.61,3850226079.93,6415860333.94,0.00,0.00,0.00,0.00,209356690,770386715,1159286818,305286491
6760.77,5019648.03,9598614.77,1195336.60,4578966.74,0.00,2717.28,0.00,2717.28,3850226079.93,6415860333.94,0.00,0.00,0.00,0.00,209356690,770386715,1159286818,305286491
6762.77,5019648.03,9600713.23,1195336.60,4581065.20,0.00,2098.46,0.00,2098.46,3850226079.93,6415860333.94,0.00,0.00,0.00,0.00,209356690,770386715,1159286818,305286491
6764.77,5019648.03,9602810.68,1195336.60,4583162.65,0.00,2097.45,0.00,2097.45,3850226079.93,6415860333.94,0.00,0.00,0.00,0.00,209356690,770386715,1159286818,305286491
6766.83,5019648.03,9605280.57,1195336.60,4585632.54,0.00,2469.89,0.00,2469.89,3850226079.93,6415860333.94,0.00,0.00,0.00,0.00,209356690,770386715,1159286818,305286491
6768.83,5019648.03,9607961.73,1195336.60,4588313.70,0.00,2681.16,0.00,2681.16,3850226079.93,6415860333.94,0.00,0.00,0.00,0.00,209356690,770386715,1159286818,305286491
6770.83,5019897.98,9610778.79,1195336.60,4590880.80,249.95,2817.05,0.00,2567.11,3850226079.93,6415860333.94,0.00,0.00,0.00,0.00,209375788,770431604,1164840065,305286491
6772.83,5022355.08,9615336.86,1195336.60,4592981.78,2457.10,4558.07,0.00,2100.98,3850226079.93,6415860333.94,0.00,0.00,0.00,0.00,209480497,770955912,1164840065,305286491
6774.83,5024832.52,9620102.96,1195336.60,4595270.43,2477.45,4766.10,0.00,2288.65,3850226079.93,6415860333.94,0.00,0.00,0.00,0.00,209560811,771509824,1164840065,305286491
6776.83,5027127.56,9624544.39,1195336.60,4597416.83,2295.04,4441.43,0.00,2146.40,3850226079.93,6415860333.94,0.00,0.00,0.00,0.00,209709232,771948932,1166100488,305286491
6778.83,5029590.52,9629378.03,1195336.60,4599787.51,2462.96,4833.64,0.00,2370.68,3850226079.93,6415860333.94,0.00,0.00,0.00,0.00,209897152,772391531,1166100488,305286491
6780.83,5031895.84,9633535.96,1195336.60,4601640.13,2305.31,4157.93,0.00,1852.62,3850226079.93,6415860333.94,0.00,0.00,0.00,0.00,210088175,772790668,1167396538,305286491
6782.83,5034373.04,9637895.83,1195336.60,4603522.80,2477.20,4359.87,0.00,1882.67,3850226079.93,6415860333.94,0.00,0.00,0.00,0.00,210271519,773241487,1167396538,305286491
6784.83,5036724.82,9641410.17,1196324.18,4604685.34,2351.79,3514.34,987.58,1162.55,3850226079.93,6415860333.94,0.00,0.00,0.00,0.00,210451131,773663933,1168386462,305286491
6786.83,5039230.91,9643916.25,1198988.23,4604685.34,2506.09,2506.09,2664.05,0.00,3850226079.93,6415860333.94,0.00,0.00,0.00,0.00,210646954,774109668,1168386462,305286491
6788.83,5041383.53,9646092.20,1201273.01,4604708.66,2152.62,2175.94,2284.79,23.32,3850226079.93,6415860333.94,0.00,0.00,0.00,0.00,209231324,774556648,1168386462,306806212
6790.83,5043869.53,9650412.22,1201273.01,4606542.69,2486.00,4320.02,0.00,1834.02,3850226079.93,6415860333.94,0.00,0.00,0.00,0.00,209362022,775062366,1168386462,306806212
6792.83,5044224.05,9652907.02,1201273.01,4608682.96,354.52,2494.80,0.00,2140.28,3850226079.93,6415860333.94,0.00,0.00,0.00,0.00,209368194,775146952,1168386462,306806212
6794.83,5044224.05,9655693.00,1201273.01,4611468.95,0.00,2785.98,0.00,2785.98,3850226079.93,6415860333.94,0.00,0.00,0.00,0.00,209368194,775146952,1168386462,306806212
6796.83,5044224.05,9658231.70,1201273.01,4614007.64,0.00,2538.70,0.00,2538.70,3850226079.93,6415860333.94,0.00,0.00,0.00,0.00,209368194,775146952,1168386462,306806212
6798.83,5044224.05,9661062.79,1201273.01,4616838.73,0.00,2831.09,0.00,2831.09,3850226079.93,6415860333.94,0.00,0.00,0.00,0.00,209368194,775146952,1168386462,306806212
6800.83,5044224.05,9663744.58,1201273.01,4619520.52,0.00,2681.79,0.00,2681.79,3850226079.93,6415860333.94,0.00,0.00,0.00,0.00,209368194,775146952,1168386462,306806212
6802.83,5044224.05,9666692.50,1201273.01,4622468.45,0.00,2947.93,0.00,2947.93,3850226079.93,6415860333.94,0.00,0.00,0.00,0.00,209368194,775146952,1168386462,306806212
6804.83,5044224.05,9668914.12,1201273.01,4624690.07,0.00,2221.62,0.00,2221.62,3850226079.93,6415860333.94,0.00,0.00,0.00,0.00,209368194,775146952,1168386462,306806212
6806.83,5044972.27,9671823.66,1201273.01,4626851.39,748.22,2909.54,0.00,2161.32,3850226079.93,6415860333.94,0.00,0.00,0.00,0.00,209408230,775298460,1173900621,306806212
6808.83,5047478.24,9675998.84,1201273.01,4628520.60,2505.96,4175.18,0.00,1669.21,3850226079.93,6415860333.94,0.00,0.00,0.00,0.00,209587222,775760995,1173900621,306806212
6810.83,5049818.34,9680202.72,1201273.01,4630384.38,2340.11,4203.88,0.00,1863.78,3850226079.93,6415860333.94,0.00,0.00,0.00,0.00,209763663,776183621,1174712308,306806212
6812.83,5050368.05,9683364.57,1201273.01,4632996.53,549.70,3161.85,0.00,2612.15,3850226079.93,6415860333.94,0.00,0.00,0.00,0.00,209799035,776288973,1174712308,306806212
6814.83,5050368.05,9685749.62,1201273.01,4635381.58,0.00,2385.05,0.00,2385.05,3850226079.93,6415860333.94,0.00,0.00,0.00,0.00,209799035,776288973,1174712308,306806212
6816.83,5050368.05,9687881.16,1201273.01,4637513.11,0.00,2131.54,0.00,2131.54,3850226079.93,6415860333.94,0.00,0.00,0.00,0.00,209799035,776288973,1174712308,306806212
6818.83,5052561.08,9691771.56,1201273.01,4639210.48,2193.04,3890.40,0.00,1697.37,3850226079.93,6415860333.94,0.00,0.00,0.00,0.00,209988853,776660572,1176810549,306806212
6820.83,5055029.95,9696015.01,1201273.01,4640985.06,2468.86,4243.45,0.00,1774.58,3850226079.93,6415860333.94,0.00,0.00,0.00,0.00,210181004,777100450,1176810549,306806212
6822.83,5057493.11,9698538.25,1203813.25,4641045.14,2463.17,2523.24,2540.23,60.07,3850226079.93,6415860333.94,0.00,0.00,0.00,0.00,210420060,777491965,1177669749,306806212
6824.83,5059993.18,9701038.32,1206473.46,4641045.14,2500.07,2500.07,2660.21,0.00,3850226079.93,6415860333.94,0.00,0.00,0.00,0.00,210677809,777874233,1177669749,306806212
6826.83,5062011.17,9704518.01,1207045.80,4642506.84,2017.99,3479.70,572.34,1461.70,3850226079.93,6415860333.94,0.00,0.00,0.00,0.00,209377464,778213362,1177669749,308284034
6828.83,5062656.05,9707985.82,1207045.80,4645329.77,644.88,3467.81,0.00,2822.93,3850226079.93,6415860333.94,0.00,0.00,0.00,0.00,209428295,778327620,1177669749,308284034
6830.83,5062656.05,9710172.12,1207045.80,4647516.07,0.00,2186.30,0.00,2186.30,3850226079.93,6415860333.94,0.00,0.00,0.00,0.00,209428295,778327620,1177669749,308284034
6832.83,5063032.64,9712494.22,1207045.80,4649461.58,376.59,2322.10,0.00,1945.50,3850226079.93,6415860333.94,0.00,0.00,0.00,0.00,209468802,778383521,1179690755,308284034
6834.83,5065527.64,9716850.73,1207045.80,4651323.09,2495.00,4356.50,0.00,1861.51,3850226079.93,6415860333.94,0.00,0.00,0.00,0.00,209614425,778876617,1179690755,308284034
6836.83,5067866.98,9720972.02,1207045.80,4653105.03,2339.34,4121.29,0.00,1781.95,3850226079.93,6415860333.94,0.00,0.00,0.00,0.00,209737362,779352552,1180689387,308284034
6838.83,5070393.20,9725741.61,1207045.80,4655348.41,2526.22,4769.59,0.00,2243.38,3850226079.93,6415860333.94,0.00,0.00,0.00,0.00,209864679,779871947,1180689387,308284034
6840.83,5072929.92,9730574.34,1207045.80,4657644.42,2536.71,4832.73,0.00,2296.02,3850226079.93,6415860333.94,0.00,0.00,0.00,0.00,210087562,780298463,1180689387,308284034
6842.83,5074944.02,9734639.63,1207045.80,4659695.62,2014.10,4065.29,0.00,2051.20,3850226079.93,6415860333.94,0.00,0.00,0.00,0.00,210259359,780642275,1181961090,308284034
6844.83,5074944.02,9737653.20,1207045.80,4662709.18,0.00,3013.56,0.00,3013.56,3850226079.93,6415860333.94,0.00,0.00,0.00,0.00,210259359,780642275,1181961090,308284034
6846.83,5076989.11,9740191.25,1209194.71,4663202.14,2045.10,2538.06,2148.91,492.96,3850226079.93,6415860333.94,0.00,0.00,0.00,0.00,210439875,780985304,1183270865,308284034
6848.83,5079493.73,9742695.87,1211864.07,4663202.14,2504.61,2504.61,2669.36,0.00,3850226079.93,6415860333.94,0.00,0.00,0.00,0.00,210619838,781446522,1183270865,308284034
6850.83,5081088.05,9745278.50,1213187.82,4664190.45,1594.32,2582.63,1323.75,988.31,3850226079.93,6415860333.94,0.00,0.00,0.00,0.00,209149341,781752811,1183270865,309856389
6852.83,5081088.05,9748141.73,1213187.82,4667053.68,0.00,2863.23,0.00,2863.23,3850226079.93,6415860333.94,0.00,0.00,0.00,0.00,209149341,781752811,1183270865,309856389
6854.83,5082441.03,9751581.14,1213187.82,4669140.11,1352.98,3439.41,0.00,2086.44,3850226079.93,6415860333.94,0.00,0.00,0.00,0.00,209193008,782055506,1184547788,309856389
6856.83,5084939.55,9755971.32,1213187.82,4671031.77,2498.52,4390.18,0.00,1891.66,3850226079.93,6415860333.94,0.00,0.00,0.00,0.00,209345482,782542654,1184547788,309856389
6858.83,5087232.05,9760023.85,1213187.82,4672791.80,2292.50,4052.53,0.00,1760.03,3850226079.93,6415860333.94,0.00,0.00,0.00,0.00,209529429,782945587,1185507894,309856389
6860.83,5087232.05,9762314.18,1213187.82,4675082.13,0.00,2290.33,0.00,2290.33,3850226079.93,6415860333.94,0.00,0.00,0.00,0.00,209529429,782945587,1185507894,309856389
6862.83,5087232.05,9764485.12,1213187.82,4677253.07,0.00,2170.94,0.00,2170.94,3850226079.93,6415860333.94,0.00,0.00,0.00,0.00,209529429,782945587,1185507894,309856389
6864.83,5087545.61,9766984.19,1213187.82,4679438.59,313.55,2499.07,0.00,2185.52,3850226079.93,6415860333.94,0.00,0.00,0.00,0.00,209549349,783005937,1187362467,309856389
6866.83,5090046.80,9771211.08,1213187.82,4681164.28,2501.20,4226.89,0.00,1725.70,3850226079.93,6415860333.94,0.00,0.00,0.00,0.00,209742434,783453158,1187362467,309856389
6868.83,5092416.24,9775367.46,1213187.82,4682951.22,2369.44,4156.38,0.00,1786.94,3850226079.93,6415860333.94,0.00,0.00,0.00,0.00,209947687,783854481,1188237016,309856389
6870.83,5093376.03,9778831.66,1213187.82,4685455.63,959.79,3464.20,0.00,2504.41,3850226079.93,6415860333.94,0.00,0.00,0.00,0.00,209977504,784070370,1188237016,309856389
6872.83,5093376.03,9781353.59,1213187.82,4687977.56,0.00,2521.93,0.00,2521.93,3850226079.93,6415860333.94,0.00,0.00,0.00,0.00,209977504,784070370,1188237016,309856389
6874.83,5093376.03,9784216.27,1213187.82,4690840.24,0.00,2862.68,0.00,2862.68,3850226079.93,6415860333.94,0.00,0.00,0.00,0.00,209977504,784070370,1188237016,309856389
6876.83,5093376.03,9786474.98,1213187.82,4693098.95,0.00,2258.71,0.00,2258.71,3850226079.93,6415860333.94,0.00,0.00,0.00,0.00,209977504,784070370,1188237016,309856389
6878.83,5093746.07,9788953.58,1213187.82,4695207.50,370.05,2478.60,0.00,2108.55,3850226079.93,6415860333.94,0.00,0.00,0.00,0.00,209983443,784159163,1191318075,309856389
6880.83,5096225.95,9793133.48,1213187.82,4696907.53,2479.87,4179.90,0.00,1700.03,3850226079.93,6415860333.94,0.00,0.00,0.00,0.00,210145961,784631492,1191318075,309856389
6882.83,5098704.05,9796633.43,1214167.05,4697929.39,2478.10,3499.96,979.24,1021.86,3850226079.93,6415860333.94,0.00,0.00,0.00,0.00,210262374,785149473,1192077313,309856389
6884.83,5101203.96,9799133.35,1216830.20,4697929.39,2499.92,2499.92,2663.15,0.00,3850226079.93,6415860333.94,0.00,0.00,0.00,0.00,210477987,785573839,1192077313,309856389
6886.83,5103414.38,9801525.40,1218981.68,4698111.02,2210.41,2392.05,2151.47,181.64,3850226079.93,6415860333.94,0.00,0.00,0.00,0.00,209156518,785977945,1192077313,311339617
6888.83,5105930.91,9806097.14,1218981.68,4700166.22,2516.54,4571.74,0.00,2055.20,3851174720.04,6416839576.53,948640.11,979242.59,0.00,0.00,209362547,786416150,1192077313,311339617
6890.83,5108345.58,9810595.86,1218981.68,4702250.28,2414.67,4498.73,0.00,2084.06,3851174720.04,6416839576.53,0.00,0.00,0.00,0.00,209560581,786836271,1193074048,311339617
6892.83,5110701.38,9814789.10,1218981.68,4704087.72,2355.79,4193.23,0.00,1837.44,3851174720.04,6416839576.53,0.00,0.00,0.00,0.00,209757000,787242935,1193074048,311339617
6894.83,5111808.06,9817892.52,1218981.68,4706084.46,1106.68,3103.43,0.00,1996.74,3851174720.04,6416839576.53,0.00,0.00,0.00,0.00,209844344,787438902,1193074048,311339617
6896.83,5111808.06,9820662.18,1218981.68,4708854.12,0.00,2769.65,0.00,2769.65,3851174720.04,6416839576.53,0.00,0.00,0.00,0.00,209844344,787438902,1193074048,311339617
6898.83,5113002.02,9824015.65,1218981.68,4711013.63,1193.96,3353.48,0.00,2159.51,3851174720.04,6416839576.53,0.00,0.00,0.00,0.00,209950649,787638252,1195158444,311339617
6900.83,5115504.28,9828196.92,1218981.68,4712692.64,2502.26,4181.27,0.00,1679.01,3851174720.04,6416839576.53,0.00,0.00,0.00,0.00,210144417,788085062,1195158444,311339617
6902.83,5117980.50,9831343.36,1220569.57,4713362.86,2476.22,3146.44,1587.89,670.21,3851174720.04,6416839576.53,0.00,0.00,0.00,0.00,210359693,788503699,1195959393,311339617
6904.83,5120505.72,9833868.57,1223231.32,4713362.86,2525.21,2525.21,2661.76,0.00,3851174720.04,6416839576.53,0.00,0.00,0.00,0.00,210581311,788928536,1195959393,311339617
6906.83,5122660.66,9836704.90,1224570.79,4714044.24,2154.94,2836.32,1339.46,681.38,3851174720.04,6416839576.53,0.00,0.00,0.00,0.00,209327712,789302994,1195959393,312770423
6908.83,5124096.04,9840077.63,1224570.79,4715981.59,1435.38,3372.73,0.00,1937.35,3851174720.04,6416839576.53,0.00,0.00,0.00,0.00,209449680,789548483,1195959393,312770423
6910.83,5126112.24,9843668.07,1224570.79,4717555.83,2016.20,3590.45,0.00,1574.24,3851174720.04,6416839576.53,0.00,0.00,0.00,0.00,209647049,789867262,1196707348,312770423
6912.83,5128614.43,9848229.07,1224570.79,4719614.64,2502.18,4561.00,0.00,2058.81,3851174720.04,6416839576.53,0.00,0.00,0.00,0.00,209860358,790294512,1196707348,312770423
6914.83,5130240.05,9851707.99,1224570.79,4721467.94,1625.62,3478.92,0.00,1853.29,3851174720.04,6416839576.53,0.00,0.00,0.00,0.00,210024885,790546145,1197582748,312770423
6916.83,5130240.05,9853907.31,1224570.79,4723667.26,0.00,2199.32,0.00,2199.32,3851174720.04,6416839576.53,0.00,0.00,0.00,0.00,210024885,790546145,1197582748,312770423
6918.83,5130240.05,9856356.08,1224570.79,4726116.03,0.00,2448.77,0.00,2448.77,3851174720.04,6416839576.53,0.00,0.00,0.00,0.00,210024885,790546145,1197582748,312770423
6920.83,5131439.44,9859519.39,1224570.79,4728079.95,1199.39,3163.30,0.00,1963.92,3851174720.04,6416839576.53,0.00,0.00,0.00,0.00,210093679,790784394,1199521162,312770423
6922.83,5133919.17,9863934.52,1224570.79,4730015.35,2479.73,4415.13,0.00,1935.40,3851174720.04,6416839576.53,0.00,0.00,0.00,0.00,210219628,791293257,1199521162,312770423
6924.83,5136414.68,9867601.94,1225558.42,4731187.26,2495.51,3667.42,987.63,1171.91,3851174720.04,6416839576.53,0.00,0.00,0.00,0.00,210394618,791757118,1200521750,312770423
6926.83,5138946.39,9870133.65,1228216.52,4731187.26,2531.71,2531.71,2658.10,0.00,3851174720.04,6416839576.53,0.00,0.00,0.00,0.00,210550140,792249713,1200521750,312770423
6928.83,5141195.79,9872597.46,1230339.76,4731401.67,2249.40,2463.81,2123.25,214.41,3851174720.04,6416839576.53,0.00,0.00,0.00,0.00,209255305,792643540,1200521750,314247278
6930.83,5142528.03,9876285.59,1230339.76,4733757.57,1332.23,3688.13,0.00,2355.90,3851174720.04,6416839576.53,0.00,0.00,0.00,0.00,209338285,792901612,1200521750,314247278
6932.83,5143768.32,9879826.71,1230339.76,4736058.39,1240.29,3541.12,0.00,2300.83,3851174720.04,6416839576.53,0.00,0.00,0.00,0.00,209466160,793091252,1201497061,314247278
6934.83,5146273.76,9884615.95,1230339.76,4738342.19,2505.44,4789.23,0.00,2283.80,3851174720.04,6416839576.53,0.00,0.00,0.00,0.00,209652997,793545807,1201497061,314247278
6936.83,5148647.77,9888940.11,1230339.76,4740292.34,2374.01,4324.16,0.00,1950.14,3851174720.04,6416839576.53,0.00,0.00,0.00,0.00,209867801,793938750,1202724243,314247278
6938.83,5148672.03,9891762.68,1230339.76,4743090.64,24.26,2822.57,0.00,2798.31,3851174720.04,6416839576.53,0.00,0.00,0.00,0.00,209873471,793939291,1202724243,314247278
6940.83,5148672.03,9894297.41,1230339.76,4745625.38,0.00,2534.73,0.00,2534.73,3851174720.04,6416839576.53,0.00,0.00,0.00,0.00,209873471,793939291,1202724243,314247278
6942.83,5148672.03,9897108.62,1230339.76,4748436.59,0.00,2811.21,0.00,2811.21,3851174720.04,6416839576.53,0.00,0.00,0.00,0.00,209873471,793939291,1202724243,314247278
6944.83,5148672.03,9899727.35,1230339.76,4751055.32,0.00,2618.73,0.00,2618.73,3851174720.04,6416839576.53,0.00,0.00,0.00,0.00,209873471,793939291,1202724243,314247278
6946.83,5148672.03,9902634.57,1230339.76,4753962.54,0.00,2907.22,0.00,2907.22,3851174720.04,6416839576.53,0.00,0.00,0.00,0.00,209873471,793939291,1202724243,314247278
6948.83,5148672.03,9905273.29,1230339.76,4756601.25,0.00,2638.71,0.00,2638.71,3851174720.04,6416839576.53,0.00,0.00,0.00,0.00,209873471,793939291,1202724243,314247278
6950.83,5148672.03,9908046.64,1230339.76,4759374.61,0.00,2773.36,0.00,2773.36,3851174720.04,6416839576.53,0.00,0.00,0.00,0.00,209873471,793939291,1202724243,314247278
6952.83,5148672.03,9910614.52,1230339.76,4761942.48,0.00,2567.88,0.00,2567.88,3851174720.04,6416839576.53,0.00,0.00,0.00,0.00,209873471,793939291,1202724243,314247278
6954.83,5149629.07,9913646.14,1230339.76,4764017.07,957.04,3031.62,0.00,2074.59,3851174720.04,6416839576.53,0.00,0.00,0.00,0.00,209961639,794096125,1208749771,314247278
6956.83,5152128.12,9917992.24,1230339.76,4765864.12,2499.05,4346.10,0.00,1847.05,3851174720.04,6416839576.53,0.00,0.00,0.00,0.00,210168879,794528641,1208749771,314247278
6958.83,5154689.16,9922106.68,1230841.63,4767417.52,2561.04,4114.44,501.87,1553.39,3851174720.04,6416839576.53,0.00,0.00,0.00,0.00,210369534,794983613,1209795393,314247278
6960.83,5157071.68,9925735.50,1231668.86,4768663.82,2382.52,3628.82,827.23,1246.30,3851174720.04,6416839576.53,0.00,0.00,0.00,0.00,210238667,795384155,1209795393,314587528
6962.83,5159626.79,9930594.21,1231668.86,4770967.43,2555.11,4858.71,0.00,2303.61,3851174720.04,6416839576.53,0.00,0.00,0.00,0.00,210453663,795823266,1209795393,314587528
6964.83,5161795.07,9934249.30,1232546.82,4772454.23,2168.29,3655.09,877.96,1486.80,3851174720.04,6416839576.53,0.00,0.00,0.00,0.00,210632275,796199735,1210894941,314587528
6966.83,5164307.94,9936762.17,1235209.00,4772454.23,2512.87,2512.87,2662.18,0.00,3851174720.04,6416839576.53,0.00,0.00,0.00,0.00,210762512,796712793,1210894941,314587528
6968.83,5166546.87,9939103.07,1237427.24,4772556.20,2238.93,2340.91,2218.24,101.98,3851174720.04,6416839576.53,0.00,0.00,0.00,0.00,209492162,797088506,1210894941,316055331
6970.83,5169224.21,9944023.16,1237427.24,4774798.94,2677.34,4920.08,0.00,2242.74,3851174720.04,6416839576.53,0.00,0.00,0.00,0.00,209690938,797575130,1210894941,316055331
6972.83,5171734.21,9948705.25,1237427.24,4776971.04,2510.00,4682.10,0.00,2172.10,3851174720.04,6416839576.53,0.00,0.00,0.00,0.00,209915924,797992704,1210894941,316055331
6974.83,5173248.00,9952414.35,1237427.24,4779166.34,1513.79,3709.09,0.00,2195.30,3851174720.04,6416839576.53,0.00,0.00,0.00,0.00,210027083,798269075,1212107165,316055331
6976.83,5173248.00,9955444.52,1237427.24,4782196.51,0.00,3030.17,0.00,3030.17,3851174720.04,6416839576.53,0.00,0.00,0.00,0.00,210027083,798269075,1212107165,316055331
6978.83,5173248.00,9957543.93,1237427.24,4784295.93,0.00,2099.42,0.00,2099.42,3851174720.04,6416839576.53,0.00,0.00,0.00,0.00,210027083,798269075,1212107165,316055331
6980.83,5173248.00,9959609.39,1237427.24,4786361.39,0.00,2065.46,0.00,2065.46,3851174720.04,6416839576.53,0.00,0.00,0.00,0.00,210027083,798269075,1212107165,316055331
6982.83,5173248.00,9962026.00,1237427.24,4788777.99,0.00,2416.60,0.00,2416.60,3851174720.04,6416839576.53,0.00,0.00,0.00,0.00,210027083,798269075,1212107165,316055331
6984.83,5174936.22,9965554.00,1237427.24,4790617.78,1688.22,3528.00,0.00,1839.79,3851174720.04,6416839576.53,0.00,0.00,0.00,0.00,210177469,798550873,1215233325,316055331
6986.83,5177486.98,9969911.75,1237427.24,4792424.78,2550.75,4357.75,0.00,1807.00,3851174720.04,6416839576.53,0.00,0.00,0.00,0.00,210378169,799003166,1215233325,316055331
6988.83,5179988.96,9973202.03,1238967.39,4793213.07,2501.98,3290.27,1540.15,788.29,3851174720.04,6416839576.53,0.00,0.00,0.00,0.00,210562858,799458984,1216185947,316055331
6990.83,5182522.96,9975736.03,1241611.12,4793213.07,2534.00,2534.00,2643.73,0.00,3851174720.04,6416839576.53,0.00,0.00,0.00,0.00,210681292,799989255,1216185947,316055331
6992.83,5184848.32,9978897.00,1242960.53,4794048.68,2325.36,3160.97,1349.40,835.61,3851174720.04,6416839576.53,0.00,0.00,0.00,0.00,209370317,800479070,1216185947,317471784
6994.83,5185536.04,9982021.88,1242960.53,4796485.84,687.71,3124.88,0.00,2437.17,3851174720.04,6416839576.53,0.00,0.00,0.00,0.00,209396443,800628998,1216185947,317471784
6996.83,5185536.04,9984707.86,1242960.53,4799171.82,0.00,2685.98,0.00,2685.98,3851174720.04,6416839576.53,0.00,0.00,0.00,0.00,209396443,800628998,1216185947,317471784
6998.83,5185536.04,9987626.37,1242960.53,4802090.34,0.00,2918.51,0.00,2918.51,3851174720.04,6416839576.53,0.00,0.00,0.00,0.00,209396443,800628998,1216185947,317471784
7000.83,5187622.96,9991703.55,1242960.53,4804080.59,2086.93,4077.18,0.00,1990.25,3851174720.04,6416839576.53,0.00,0.00,0.00,0.00,209568472,800991222,1218394182,317471784
7002.83,5190126.60,9996494.78,1242960.53,4806368.18,2503.64,4791.23,0.00,2287.59,3851174720.04,6416839576.53,0.00,0.00,0.00,0.00,209737614,801463011,1218394182,317471784
7004.83,5191680.02,10000062.11,1242960.53,4808382.09,1553.42,3567.33,0.00,2013.91,3851174720.04,6416839576.53,0.00,0.00,0.00,0.00,209864039,801734261,1219659196,317471784
7006.83,5191681.02,10002194.57,1242960.53,4810513.55,1.00,2132.46,0.00,2131.46,3851174720.04,6416839576.53,0.00,0.00,0.00,0.00,209864042,801734514,1220458729,317471784
7008.83,5194187.83,10006480.85,1242960.53,4812293.02,2506.81,4286.28,0.00,1779.46,3851174720.04,6416839576.53,0.00,0.00,0.00,0.00,209985613,802254687,1220458729,317471784
7010.83,5196662.09,10010844.95,1242960.53,4814182.86,2474.27,4364.11,0.00,1889.84,3851174720.04,6416839576.53,0.00,0.00,0.00,0.00,210083024,802790688,1221251686,317471784
7012.83,5197824.04,10014520.59,1242960.53,4816696.55,1161.95,3675.64,0.00,2513.70,3851174720.04,6416839576.53,0.00,0.00,0.00,0.00,210145210,803025960,1221251686,317471784
7014.83,5198761.10,10017302.39,1243919.13,4818541.29,937.06,2781.79,958.60,1844.73,3851174720.04,6416839576.53,0.00,0.00,0.00,0.00,210216390,803194667,1222513771,317471784
7016.83,5201249.79,10019791.07,1246559.96,4818541.29,2488.69,2488.69,2640.83,0.00,3851174720.04,6416839576.53,0.00,0.00,0.00,0.00,210391693,803656468,1222513771,317471784
7018.83,5203521.15,10022472.17,1248315.06,4818951.02,2271.36,2681.09,1755.11,409.73,3851174720.04,6416839576.53,0.00,0.00,0.00,0.00,209195395,804063504,1222513771,318842515
7020.83,5203968.04,10025675.20,1248315.06,4821707.15,446.89,3203.03,0.00,2756.13,3851174720.04,6416839576.53,0.00,0.00,0.00,0.00,209207849,804165455,1222513771,318842515
7022.83,5203968.04,10028334.65,1248315.06,4824366.61,0.00,2659.46,0.00,2659.46,3851174720.04,6416839576.53,0.00,0.00,0.00,0.00,209207849,804165455,1222513771,318842515
7024.83,5203968.04,10031122.38,1248315.06,4827154.34,0.00,2787.73,0.00,2787.73,3851174720.04,6416839576.53,0.00,0.00,0.00,0.00,209207849,804165455,1222513771,318842515
7026.83,5203968.04,10033494.55,1248315.06,4829526.51,0.00,2372.17,0.00,2372.17,3851174720.04,6416839576.53,0.00,0.00,0.00,0.00,209207849,804165455,1222513771,318842515
7028.90,5203969.04,10035748.99,1248315.06,4831779.95,1.00,2254.44,0.00,2253.44,3851174720.04,6416839576.53,0.00,0.00,0.00,0.00,209207891,804165669,1225896389,318842515
7030.90,5206476.86,10039952.95,1248315.06,4833476.10,2507.81,4203.96,0.00,1696.15,3851174720.04,6416839576.53,0.00,0.00,0.00,0.00,209404816,804610744,1225896389,318842515
7032.95,5208912.92,10044091.57,1248315.06,4835178.65,2436.07,4138.62,0.00,1702.55,3851174720.04,6416839576.53,0.00,0.00,0.00,0.00,209582592,805056601,1226766368,318842515
7034.95,5210112.02,10047766.25,1248315.06,4837654.23,1199.10,3674.68,0.00,2475.57,3851174720.04,6416839576.53,0.00,0.00,0.00,0.00,209670285,805275878,1226766368,318842515
7036.95,5210112.02,10050336.56,1248315.06,4840224.54,0.00,2570.31,0.00,2570.31,3851174720.04,6416839576.53,0.00,0.00,0.00,0.00,209670285,805275878,1226766368,318842515
7038.95,5210112.02,10052582.90,1248315.06,4842470.88,0.00,2246.34,0.00,2246.34,3851174720.04,6416839576.53,0.00,0.00,0.00,0.00,209670285,805275878,1226766368,318842515
7040.95,5210112.02,10054749.92,1248315.06,4844637.89,0.00,2167.02,0.00,2167.02,3851174720.04,6416839576.53,0.00,0.00,0.00,0.00,209670285,805275878,1226766368,318842515
7042.95,5210112.02,10057073.14,1248315.06,4846961.12,0.00,2323.22,0.00,2323.22,3851174720.04,6416839576.53,0.00,0.00,0.00,0.00,209670285,805275878,1226766368,318842515
7044.95,5211861.05,10060612.39,1248315.06,4848751.34,1749.02,3539.25,0.00,1790.23,3851174720.04,6416839576.53,0.00,0.00,0.00,0.00,209824039,805569874,1229937389,318842515
7046.95,5214361.38,10064894.85,1248315.06,4850533.47,2500.33,4282.46,0.00,1782.12,3851174720.04,6416839576.53,0.00,0.00,0.00,0.00,210046296,805987702,1229937389,318842515
7048.95,5216256.06,10068652.49,1248315.06,4852396.43,1894.68,3757.64,0.00,1862.96,3851174720.04,6416839576.53,0.00,0.00,0.00,0.00,210207384,806311653,1230778674,318842515
7050.95,5216256.06,10071058.94,1248315.06,4854802.88,0.00,2406.45,0.00,2406.45,3851174720.04,6416839576.53,0.00,0.00,0.00,0.00,210207384,806311653,1230778674,318842515
7052.95,5218583.34,10073535.45,1250784.17,4854952.11,2327.28,2476.51,2469.11,149.23,3851174720.04,6416839576.53,0.00,0.00,0.00,0.00,210426070,806688750,1231828173,318842515
7054.95,5221100.49,10076052.60,1253445.61,4854952.11,2517.15,2517.15,2661.43,0.00,3851174720.04,6416839576.53,0.00,0.00,0.00,0.00,210566534,807192676,1231828173,318842515
7056.95,5223402.25,10079785.37,1253852.21,4856383.12,2301.76,3732.77,406.61,1431.01,3851174720.04,6416839576.53,0.00,0.00,0.00,0.00,209274421,807656627,1231828173,320259927
7058.95,5225917.90,10084108.11,1253852.21,4858190.21,2515.65,4322.73,0.00,1807.08,3851174720.04,6416839576.53,0.00,0.00,0.00,0.00,209484019,808091036,1231828173,320259927
7060.95,5228333.26,10088147.73,1253852.21,4859814.47,2415.36,4039.62,0.00,1624.26,3851174720.04,6416839576.53,0.00,0.00,0.00,0.00,209711707,808481680,1232755837,320259927
7062.95,5228544.06,10090595.75,1253852.21,4862051.69,210.80,2448.02,0.00,2237.22,3851174720.04,6416839576.53,0.00,0.00,0.00,0.00,209729350,808518002,1232755837,320259927
7064.95,5228544.06,10093177.14,1253852.21,4864633.08,0.00,2581.39,0.00,2581.39,3851174720.04,6416839576.53,0.00,0.00,0.00,0.00,209729350,808518002,1232755837,320259927
7066.95,5228544.06,10095577.28,1253852.21,4867033.22,0.00,2400.14,0.00,2400.14,3851174720.04,6416839576.53,0.00,0.00,0.00,0.00,209729350,808518002,1232755837,320259927
7068.95,5228544.06,10098144.62,1253852.21,4869600.56,0.00,2567.34,0.00,2567.34,3851174720.04,6416839576.53,0.00,0.00,0.00,0.00,209729350,808518002,1232755837,320259927
7070.95,5228544.06,10100170.65,1253852.21,4871626.59,0.00,2026.03,0.00,2026.03,3851174720.04,6416839576.53,0.00,0.00,0.00,0.00,209729350,808518002,1232755837,320259927
7072.95,5228544.06,10102247.97,1253852.21,4873703.91,0.00,2077.32,0.00,2077.32,3851174720.04,6416839576.53,0.00,0.00,0.00,0.00,209729350,808518002,1232755837,320259927
7074.95,5228544.06,10105170.47,1253852.21,4876626.41,0.00,2922.50,0.00,2922.50,3851174720.04,6416839576.53,0.00,0.00,0.00,0.00,209729350,808518002,1232755837,320259927
7076.95,5228544.06,10107803.52,1253852.21,4879259.46,0.00,2633.05,0.00,2633.05,3851174720.04,6416839576.53,0.00,0.00,0.00,0.00,209729350,808518002,1232755837,320259927
7078.95,5228544.06,10110548.23,1253852.21,4882004.17,0.00,2744.71,0.00,2744.71,3851174720.04,6416839576.53,0.00,0.00,0.00,0.00,209729350,808518002,1232755837,320259927
7080.95,5229867.76,10113916.79,1253852.21,4884049.03,1323.70,3368.56,0.00,2044.86,3851174720.04,6416839576.53,0.00,0.00,0.00,0.00,209847793,808738426,1239027217,320259927
7082.95,5232347.71,10118355.90,1253852.21,4886008.19,2479.96,4439.11,0.00,1959.16,3851174720.04,6416839576.53,0.00,0.00,0.00,0.00,210006859,809214229,1239027217,320259927
7084.95,5234714.26,10122559.40,1253852.21,4887845.14,2366.54,4203.50,0.00,1836.96,3851174720.04,6416839576.53,0.00,0.00,0.00,0.00,210080910,809746013,1240055942,320259927
7086.95,5237216.63,10127294.82,1253852.21,4890078.19,2502.37,4735.42,0.00,2233.05,3851174720.04,6416839576.53,0.00,0.00,0.00,0.00,210296988,810170542,1240055942,320259927
7088.95,5239671.53,10131550.24,1254332.05,4891878.71,2454.90,4255.42,479.84,1800.52,3851174720.04,6416839576.53,0.00,0.00,0.00,0.00,210546832,810549152,1241074961,320259927
7090.95,5242166.41,10134045.12,1256990.27,4891878.71,2494.88,2494.88,2658.22,0.00,3851174720.04,6416839576.53,0.00,0.00,0.00,0.00,210778757,810955916,1241074961,320259927
7092.95,5244673.73,10136552.45,1259660.23,4891878.71,2507.32,2507.32,2669.96,0.00,3851174720.04,6416839576.53,0.00,0.00,0.00,0.00,210955712,811420836,1241074961,320259927
7094.95,5246933.27,10140199.91,1259994.10,4893266.64,2259.54,3647.46,333.88,1387.93,3851174720.04,6416839576.53,0.00,0.00,0.00,0.00,209499581,811883085,1241074961,321832250
7096.95,5249417.08,10144583.35,1259994.10,4895166.27,2483.81,4383.44,0.00,1899.63,3851174720.04,6416839576.53,0.00,0.00,0.00,0.00,209673588,812344934,1241074961,321832250
7098.95,5251790.45,10148988.16,1259994.10,4897197.71,2373.37,4404.81,0.00,2031.44,3851174720.04,6416839576.53,0.00,0.00,0.00,0.00,209880773,812745332,1242108161,321832250
7100.95,5253120.04,10152658.03,1259994.10,4899537.99,1329.59,3669.87,0.00,2340.28,3851174720.04,6416839576.53,0.00,0.00,0.00,0.00,210024673,812941806,1242108161,321832250
7102.95,5253120.04,10155181.12,1259994.10,4902061.09,0.00,2523.10,0.00,2523.10,3851174720.04,6416839576.53,0.00,0.00,0.00,0.00,210024673,812941806,1242108161,321832250
7104.95,5253120.04,10157982.13,1259994.10,4904862.10,0.00,2801.01,0.00,2801.01,3851174720.04,6416839576.53,0.00,0.00,0.00,0.00,210024673,812941806,1242108161,321832250
7106.95,5253120.04,10160884.16,1259994.10,4907764.13,0.00,2902.03,0.00,2902.03,3851174720.04,6416839576.53,0.00,0.00,0.00,0.00,210024673,812941806,1242108161,321832250
7108.95,5253120.04,10163373.25,1259994.10,4910253.21,0.00,2489.09,0.00,2489.09,3851174720.04,6416839576.53,0.00,0.00,0.00,0.00,210024673,812941806,1242108161,321832250
7110.95,5253120.04,10165756.21,1259994.10,4912636.17,0.00,2382.96,0.00,2382.96,3851174720.04,6416839576.53,0.00,0.00,0.00,0.00,210024673,812941806,1242108161,321832250
7112.95,5255382.76,10169676.80,1259994.10,4914294.04,2262.73,3920.60,0.00,1657.87,3851174720.04,6416839576.53,0.00,0.00,0.00,0.00,210256757,813288980,1246413724,321832250
7114.95,5257906.14,10173966.54,1259994.10,4916060.40,2523.38,4289.73,0.00,1766.36,3851174720.04,6416839576.53,0.00,0.00,0.00,0.00,210505787,813685934,1246413724,321832250
7116.95,5260405.68,10176524.12,1262510.54,4916118.45,2499.54,2557.58,2516.43,58.04,3851174720.04,6416839576.53,0.00,0.00,0.00,0.00,210766402,814065201,1247255798,321832250
7118.95,5262931.45,10179049.89,1265180.25,4916118.45,2525.77,2525.77,2669.71,0.00,3851174720.04,6416839576.53,0.00,0.00,0.00,0.00,211016139,814462062,1247255798,321832250
7120.95,5264995.84,10182754.36,1265490.55,4917758.52,2064.39,3704.46,310.30,1640.07,3851174720.04,6416839576.53,0.00,0.00,0.00,0.00,209808669,814790960,1247255798,323239305
7122.95,5267486.03,10187441.09,1265490.55,4919955.06,2490.19,4686.73,0.00,2196.54,3851174720.04,6416839576.53,0.00,0.00,0.00,0.00,210024140,815212978,1247255798,323239305
7124.95,5269854.75,10191675.85,1265490.55,4921821.10,2368.72,4234.77,0.00,1866.04,3851174720.04,6416839576.53,0.00,0.00,0.00,0.00,210279736,815563775,1248339971,323239305
7126.95,5271552.06,10195226.75,1265490.55,4923674.68,1697.31,3550.89,0.00,1853.58,3851174720.04,6416839576.53,0.00,0.00,0.00,0.00,210466148,815811875,1248339971,323239305
7128.95,5273555.54,10197652.60,1267586.15,4924097.06,2003.48,2425.86,2095.59,422.38,3851174720.04,6416839576.53,0.00,0.00,0.00,0.00,210644238,816146675,1249172079,323239305
7130.95,5276072.11,10200169.18,1270254.68,4924097.06,2516.57,2516.57,2668.53,0.00,3851174720.04,6416839576.53,0.00,0.00,0.00,0.00,210896571,816538585,1249172079,323239305
7132.95,5277696.06,10203097.55,1271212.14,4925401.50,1623.95,2928.38,957.46,1304.43,3851174720.04,6416839576.53,0.00,0.00,0.00,0.00,209580031,816806137,1249172079,324704023
7134.95,5277696.06,10205922.54,1271212.14,4928226.48,0.00,2824.99,0.00,2824.99,3851174720.04,6416839576.53,0.00,0.00,0.00,0.00,209580031,816806137,1249172079,324704023
7136.95,5277696.06,10208482.11,1271212.14,4930786.05,0.00,2559.57,0.00,2559.57,3851174720.04,6416839576.53,0.00,0.00,0.00,0.00,209580031,816806137,1249172079,324704023
18446744072114.25,5277696.06,10211373.99,1271212.14,4933677.93,0.00,2891.88,0.00,2891.88,3851174720.04,6416839576.53,0.00,0.00,0.00,0.00,209580031,816806137,1249172079,324704023
18446744072116.25,5279666.46,10215093.44,1271212.14,4935426.98,1970.41,3719.45,0.00,1749.04,3851174720.04,6416839576.53,0.00,0.00,0.00,0.00,209777444,817113148,1251732545,324704023
18446744072118.25,5282157.39,10219359.51,1271212.14,4937202.11,2490.93,4266.07,0.00,1775.14,3851174720.04,6416839576.53,0.00,0.00,0.00,0.00,210008853,817519417,1251732545,324704023
18446744072120.25,5283840.01,10222832.04,1271212.14,4938992.03,1682.62,3472.53,0.00,1789.91,3851174720.04,6416839576.53,0.00,0.00,0.00,0.00,210149762,817809258,1252563244,324704023
18446744072122.25,5284385.66,10225064.12,1271801.95,4940678.46,545.65,2232.08,589.81,1686.43,3851174720.04,6416839576.53,0.00,0.00,0.00,0.00,210194695,817904012,1253412883,324704023
18446744072124.25,5286889.47,10227567.93,1274468.41,4940678.46,2503.81,2503.81,2666.46,0.00,3851174720.04,6416839576.53,0.00,0.00,0.00,0.00,210408676,818331006,1253412883,324704023
18446744072126.25,5289404.80,10230083.26,1277138.02,4940678.46,2515.33,2515.33,2669.61,0.00,3851174720.04,6416839576.53,0.00,0.00,0.00,0.00,210551493,818832114,1253412883,324704023
18446744072128.25,5289984.01,10232731.39,1277353.79,4942747.38,579.20,2648.12,215.77,2068.92,3851174720.04,6416839576.53,0.00,0.00,0.00,0.00,209036145,818923583,1253412883,326276178
18446744072130.25,5289984.01,10235113.77,1277353.79,4945129.77,0.00,2382.39,0.00,2382.39,3851174720.04,6416839576.53,0.00,0.00,0.00,0.00,209036145,818923583,1253412883,326276178
18446744072132.25,5289984.01,10237908.67,1277353.79,4947924.66,0.00,2794.89,0.00,2794.89,3851174720.04,6416839576.53,0.00,0.00,0.00,0.00,209036145,818923583,1253412883,326276178
18446744072134.25,5289984.01,10240608.51,1277353.79,4950624.50,0.00,2699.84,0.00,2699.84,3851174720.04,6416839576.53,0.00,0.00,0.00,0.00,209036145,818923583,1253412883,326276178
18446744072136.25,5289984.01,10242896.49,1277353.79,4952912.48,0.00,2287.98,0.00,2287.98,3851174720.04,6416839576.53,0.00,0.00,0.00,0.00,209036145,818923583,1253412883,326276178
18446744072138.25,5291920.93,10246678.95,1277353.79,4954758.01,1936.93,3782.45,0.00,1845.53,3851174720.04,6416839576.53,0.00,0.00,0.00,0.00,209123401,819332180,1256674081,326276178
18446744072140.25,5294372.11,10250898.80,1277353.79,4956526.70,2451.18,4219.86,0.00,1768.68,3851174720.04,6416839576.53,0.00,0.00,0.00,0.00,209327172,819755910,1256674081,326276178
18446744072142.25,5296756.20,10255382.07,1277353.79,4958625.87,2384.09,4483.27,0.00,2099.17,3851174720.04,6416839576.53,0.00,0.00,0.00,0.00,209532127,820161283,1257537749,326276178
18446744072144.25,5299385.05,10260219.40,1277353.79,4960834.34,2628.85,4837.33,0.00,2208.48,3851174720.04,6416839576.53,0.00,0.00,0.00,0.00,209766511,820599885,1257537749,326276178
18446744072146.25,5301587.20,10264397.82,1277353.79,4962810.62,2202.15,4178.43,0.00,1976.28,3851174720.04,6416839576.53,0.00,0.00,0.00,0.00,209929170,821000976,1258723171,326276178
18446744072148.25,5302272.04,10267845.90,1277353.79,4965573.86,684.84,3448.07,0.00,2763.24,3851174720.04,6416839576.53,0.00,0.00,0.00,0.00,209994067,821111397,1258723171,326276178
18446744072150.25,5302272.04,10270161.26,1277353.79,4967889.22,0.00,2315.36,0.00,2315.36,3851174720.04,6416839576.53,0.00,0.00,0.00,0.00,209994067,821111397,1258723171,326276178
18446744072152.32,5302273.04,10272409.69,1277353.79,4970136.65,1.00,2248.43,0.00,2247.43,3851174720.04,6416839576.53,0.00,0.00,0.00,0.00,209994137,821111583,1260893062,326276178
18446744072154.32,5304870.15,10276742.27,1277353.79,4971872.12,2597.11,4332.58,0.00,1735.47,3851174720.04,6416839576.53,0.00,0.00,0.00,0.00,210219110,821551470,1260893062,326276178
18446744072156.32,5307428.29,10281089.55,1277353.79,4973661.26,2558.14,4347.28,0.00,1789.14,3851174720.04,6416839576.53,0.00,0.00,0.00,0.00,210451146,821974318,1261795355,326276178
18446744072158.32,5309930.62,10283591.88,1279999.01,4973661.26,2502.33,2502.33,2645.21,0.00,3851174720.04,6416839576.53,0.00,0.00,0.00,0.00,210667942,822398118,1261795355,326276178
18446744072160.32,5312274.39,10285935.65,1282648.91,4973661.26,2343.77,2343.77,2649.90,0.00,3851174720.04,6416839576.53,0.00,0.00,0.00,0.00,210870261,822795804,1261795355,326276178
18446744072162.32,5314560.02,10289743.57,1282919.76,4975183.55,2285.63,3807.92,270.85,1522.29,3851174720.04,6416839576.53,0.00,0.00,0.00,0.00,209666370,823159943,1261795355,327701052
18446744072164.32,5314560.02,10292719.63,1282919.76,4978159.61,0.00,2976.06,0.00,2976.06,3851174720.04,6416839576.53,0.00,0.00,0.00,0.00,209666370,823159943,1261795355,327701052
18446744072166.32,5314560.02,10294645.43,1282919.76,4980085.41,0.00,1925.80,0.00,1925.80,3851174720.04,6416839576.53,0.00,0.00,0.00,0.00,209666370,823159943,1261795355,327701052
18446744072168.32,5315673.79,10297660.22,1282919.76,4981986.43,1113.77,3014.79,0.00,1901.02,3851174720.04,6416839576.53,0.00,0.00,0.00,0.00,209784017,823327422,1263664727,327701052
18446744072170.32,5318152.51,10301868.14,1282919.76,4983715.64,2478.71,4207.93,0.00,1729.21,3851174720.04,6416839576.53,0.00,0.00,0.00,0.00,210033931,823712059,1263664727,327701052
18446744072172.32,5320623.26,10305085.55,1284409.73,4984462.30,2470.75,3217.41,1489.98,746.66,3851174720.04,6416839576.53,0.00,0.00,0.00,0.00,210276853,824101649,1264491895,327701052
18446744072174.32,5323112.71,10307575.00,1287059.95,4984462.30,2489.45,2489.45,2650.22,0.00,3851174720.04,6416839576.53,0.00,0.00,0.00,0.00,210541166,824474635,1264491895,327701052
18446744072176.32,5325342.41,10310401.79,1288418.48,4985059.38,2229.70,2826.79,1358.53,597.08,3851174720.04,6416839576.53,0.00,0.00,0.00,0.00,209355720,824823225,1264491895,329108712
18446744072178.32,5326848.02,10313927.88,1288418.48,4987079.87,1505.61,3526.09,0.00,2020.49,3851174720.04,6416839576.53,0.00,0.00,0.00,0.00,209519082,825045298,1264491895,329108712
18446744072180.32,5328705.79,10317603.29,1288418.48,4988897.50,1857.77,3675.40,0.00,1817.63,3851174720.04,6416839576.53,0.00,0.00,0.00,0.00,209627379,825412591,1265299831,329108712
18446744072182.32,5331228.81,10321732.86,1288418.48,4990504.05,2523.02,4129.57,0.00,1606.55,3851174720.04,6416839576.53,0.00,0.00,0.00,0.00,209775913,825909951,1265299831,329108712
18446744072184.32,5332992.02,10325403.03,1288418.48,4992411.02,1763.20,3670.17,0.00,1906.97,3851174720.04,6416839576.53,0.00,0.00,0.00,0.00,209943655,826193589,1266108720,329108712
18446744072186.32,5333504.07,10328503.95,1288418.48,4994999.89,512.05,3100.92,0.00,2588.87,3851174720.04,6416839576.53,0.00,0.00,0.00,0.00,209997782,826270547,1267079441,329108712
18446744072188.32,5336011.65,10333226.54,1288418.48,4997214.89,2507.58,4722.59,0.00,2215.00,3851174720.04,6416839576.53,0.00,0.00,0.00,0.00,210239387,826670883,1267079441,329108712
18446744072190.32,5338604.48,10337901.74,1288639.21,4999297.26,2592.83,4675.20,220.73,2082.37,3851174720.04,6416839576.53,0.00,0.00,0.00,0.00,210517204,827056830,1268288197,329108712
18446744072192.32,5341107.65,10340404.91,1291282.75,4999297.26,2503.18,2503.18,2643.54,0.00,3851174720.04,6416839576.53,0.00,0.00,0.00,0.00,210666452,827548395,1268288197,329108712
18446744072194.32,5343615.99,10342913.25,1293931.07,4999297.26,2508.34,2508.34,2648.32,0.00,3851174720.04,6416839576.53,0.00,0.00,0.00,0.00,210760021,828096960,1268288197,329108712
18446744072196.32,5345280.00,10346462.29,1293933.00,5001182.28,1664.02,3549.04,1.93,1885.02,3851174720.04,6416839576.53,0.00,0.00,0.00,0.00,209524192,828347111,1268288197,330520378
18446744072198.32,5345280.00,10349034.85,1293933.00,5003754.84,0.00,2572.56,0.00,2572.56,3851174720.04,6416839576.53,0.00,0.00,0.00,0.00,209524192,828347111,1268288197,330520378
18446744072200.32,5345280.00,10351721.66,1293933.00,5006441.65,0.00,2686.81,0.00,2686.81,3851174720.04,6416839576.53,0.00,0.00,0.00,0.00,209524192,828347111,1268288197,330520378
18446744072202.32,5347297.55,10355927.20,1293933.00,5008629.65,2017.54,4205.54,0.00,2188.00,3851174720.04,6416839576.53,0.00,0.00,0.00,0.00,209730301,828657493,1270237168,330520378
18446744072204.32,5349766.82,10360620.51,1293933.00,5010853.68,2469.28,4693.31,0.00,2224.04,3851174720.04,6416839576.53,0.00,0.00,0.00,0.00,209992177,829027752,1270237168,330520378
18446744072206.32,5351424.01,10364242.08,1293933.00,5012818.07,1657.19,3621.57,0.00,1964.38,3851174720.04,6416839576.53,0.00,0.00,0.00,0.00,210175116,829269053,1271327591,330520378
18446744072208.32,5351599.47,10366559.76,1294113.38,5014960.29,175.46,2317.68,180.39,2142.23,3851174720.04,6416839576.53,0.00,0.00,0.00,0.00,210191861,829297225,1272120242,330520378
18446744072210.32,5354085.10,10369045.39,1296753.48,5014960.29,2485.63,2485.63,2640.10,0.00,3851174720.04,6416839576.53,0.00,0.00,0.00,0.00,210450453,829674955,1272120242,330520378
18446744072212.32,5356605.77,10371566.06,1299414.80,5014960.29,2520.66,2520.66,2661.32,0.00,3851174720.04,6416839576.53,0.00,0.00,0.00,0.00,210597447,830173251,1272120242,330520378
18446744072214.32,5357568.05,10374767.08,1299514.39,5017199.03,962.29,3201.02,99.59,2238.73,3851174720.04,6416839576.53,0.00,0.00,0.00,0.00,209263277,830324996,1272120242,331949148
18446744072216.32,5357568.05,10377568.48,1299514.39,5020000.43,0.00,2801.40,0.00,2801.40,3851174720.04,6416839576.53,0.00,0.00,0.00,0.00,209263277,830324996,1272120242,331949148
18446744072218.32,5359904.48,10381340.89,1299514.39,5021436.41,2336.43,3772.41,0.00,1435.98,3851174720.04,6416839576.53,0.00,0.00,0.00,0.00,209488195,830698205,1273402339,331949148
18446744072220.32,5362205.56,10385331.05,1299514.39,5023125.49,2301.07,3990.16,0.00,1689.08,3851174720.04,6416839576.53,0.00,0.00,0.00,0.00,209669105,831106370,1274018919,331949148
18446744072222.32,5363712.05,10389393.16,1299514.39,5025681.11,1506.50,4062.11,0.00,2555.62,3851174720.04,6416839576.53,0.00,0.00,0.00,0.00,209740473,831420665,1274018919,331949148
18446744072224.32,5363712.05,10392034.15,1299514.39,5028322.10,0.00,2640.99,0.00,2640.99,3851174720.04,6416839576.53,0.00,0.00,0.00,0.00,209740473,831420665,1274018919,331949148
18446744072226.32,5363712.05,10394843.76,1299514.39,5031131.70,0.00,2809.61,0.00,2809.61,3851174720.04,6416839576.53,0.00,0.00,0.00,0.00,209740473,831420665,1274018919,331949148
18446744072228.32,5363712.05,10396885.70,1299514.39,5033173.64,0.00,2041.94,0.00,2041.94,3851174720.04,6416839576.53,0.00,0.00,0.00,0.00,209740473,831420665,1274018919,331949148
18446744072230.32,5364893.85,10399928.16,1299514.39,5035034.31,1181.79,3042.46,0.00,1860.67,3851174720.04,6416839576.53,0.00,0.00,0.00,0.00,209801884,831661793,1277003673,331949148
18446744072232.32,5367335.40,10404031.73,1299514.39,5036696.33,2441.55,4103.57,0.00,1662.02,3851174720.04,6416839576.53,0.00,0.00,0.00,0.00,210042162,832046552,1277003673,331949148
18446744072234.32,5369726.33,10407043.14,1301080.40,5037316.82,2390.93,3011.42,1566.01,620.49,3851174720.04,6416839576.53,0.00,0.00,0.00,0.00,210321671,832379121,1277805330,331949148
18446744072236.32,5372210.73,10409527.55,1303733.17,5037316.82,2484.41,2484.41,2652.77,0.00,3851174720.04,6416839576.53,0.00,0.00,0.00,0.00,210572072,832764728,1277805330,331949148
18446744072238.32,5374392.81,10412327.96,1305093.55,5037935.14,2182.08,2800.41,1360.38,618.33,3851174720.04,6416839576.53,0.00,0.00,0.00,0.00,209321412,833145807,1277805330,333377341
18446744072240.32,5376000.04,10415636.76,1305093.55,5039636.72,1607.23,3308.80,0.00,1701.57,3851174720.04,6416839576.53,0.00,0.00,0.00,0.00,209500665,833378004,1277805330,333377341
18446744072242.32,5378056.54,10419460.41,1305093.55,5041403.88,2056.50,3823.65,0.00,1767.16,3851174720.04,6416839576.53,0.00,0.00,0.00,0.00,209676467,833728665,1278476658,333377341
18446744072244.32,5380382.09,10423416.65,1305093.55,5043034.56,2325.56,3956.24,0.00,1630.68,3851174720.04,6416839576.53,0.00,0.00,0.00,0.00,209896148,834104327,1279267788,333377341
18446744072246.32,5382921.04,10428089.54,1305093.55,5045168.49,2538.95,4672.88,0.00,2133.93,3851174720.04,6416839576.53,0.00,0.00,0.00,0.00,210139877,834510569,1279267788,333377341
18446744072248.32,5385450.90,10432890.58,1305093.55,5047439.68,2529.86,4801.04,0.00,2271.19,3851174720.04,6416839576.53,0.00,0.00,0.00,0.00,210391609,834906480,1279267788,333377341
18446744072250.32,5387756.73,10435248.64,1307604.02,5047491.91,2305.83,2358.06,2510.46,52.23,3851174720.04,6416839576.53,0.00,0.00,0.00,0.00,210599242,835289139,1280390431,333377341
18446744072252.32,5390280.84,10437772.75,1310252.24,5047491.91,2524.11,2524.11,2648.23,0.00,3851174720.04,6416839576.53,0.00,0.00,0.00,0.00,210819560,835714994,1280390431,333377341
18446744072254.32,5392498.09,10441299.86,1310688.00,5048801.77,2217.25,3527.10,435.76,1309.85,3851174720.04,6416839576.53,0.00,0.00,0.00,0.00,209582935,836087128,1280390431,334809448
18446744072256.32,5394432.01,10445153.18,1310688.00,5050721.18,1933.92,3853.33,0.00,1919.41,3851174720.04,6416839576.53,0.00,0.00,0.00,0.00,209776120,836389026,1280390431,334809448
18446744072258.32,5394432.01,10447428.90,1310688.00,5052996.89,0.00,2275.71,0.00,2275.71,3851174720.04,6416839576.53,0.00,0.00,0.00,0.00,209776120,836389026,1280390431,334809448
18446744072260.32,5394432.01,10449984.33,1310688.00,5055552.32,0.00,2555.43,0.00,2555.43,3851174720.04,6416839576.53,0.00,0.00,0.00,0.00,209776120,836389026,1280390431,334809448
18446744072262.32,5394432.01,10452862.26,1310688.00,5058430.25,0.00,2877.93,0.00,2877.93,3851174720.04,6416839576.53,0.00,0.00,0.00,0.00,209776120,836389026,1280390431,334809448
18446744072264.32,5394432.01,10455272.49,1310688.00,5060840.48,0.00,2410.23,0.00,2410.23,3851174720.04,6416839576.53,0.00,0.00,0.00,0.00,209776120,836389026,1280390431,334809448
18446744072266.32,5394432.01,10457395.96,1310688.00,5062963.96,0.00,2123.47,0.00,2123.47,3851174720.04,6416839576.53,0.00,0.00,0.00,0.00,209776120,836389026,1280390431,334809448
18446744072268.32,5396549.30,10461123.69,1310688.00,5064574.38,2117.30,3727.72,0.00,1610.43,3851174720.04,6416839576.53,0.00,0.00,0.00,0.00,209983536,836723638,1284369249,334809448
18446744072270.32,5399017.24,10464969.81,1311101.22,5065952.57,2467.94,3846.12,413.22,1378.18,3851174720.04,6416839576.53,0.00,0.00,0.00,0.00,210220487,837118479,1285083096,334809448
18446744072272.32,5401487.82,10467440.39,1313746.85,5065952.57,2470.58,2470.58,2645.63,0.00,3851174720.04,6416839576.53,0.00,0.00,0.00,0.00,210466309,837505126,1285083096,334809448
18446744072274.32,5403959.80,10469912.37,1316408.69,5065952.57,2471.98,2471.98,2661.84,0.00,3851174720.04,6416839576.53,0.00,0.00,0.00,0.00,210715890,837888372,1285083096,334809448
18446744072276.32,5406093.35,10473733.42,1316531.55,5067640.07,2133.54,3821.05,122.86,1687.51,3851174720.04,6416839576.53,0.00,0.00,0.00,0.00,209429536,838225162,1285083096,336305199
18446744072278.32,5406720.06,10477019.40,1316531.55,5070299.34,626.71,3285.98,0.00,2659.27,3851174720.04,6416839576.53,0.00,0.00,0.00,0.00,209491860,838323277,1285083096,336305199
18446744072280.32,5406720.06,10479231.66,1316531.55,5072511.60,0.00,2212.26,0.00,2212.26,3851174720.04,6416839576.53,0.00,0.00,0.00,0.00,209491860,838323277,1285083096,336305199
18446744072282.32,5406720.06,10481305.24,1316531.55,5074585.18,0.00,2073.57,0.00,2073.57,3851174720.04,6416839576.53,0.00,0.00,0.00,0.00,209491860,838323277,1285083096,336305199
18446744072284.32,5406720.06,10483425.43,1316531.55,5076705.37,0.00,2120.20,0.00,2120.20,3851174720.04,6416839576.53,0.00,0.00,0.00,0.00,209491860,838323277,1285083096,336305199
18446744072286.32,5408304.62,10486797.69,1316531.55,5078493.07,1584.56,3372.25,0.00,1787.70,3851174720.04,6416839576.53,0.00,0.00,0.00,0.00,209647384,838573400,1287957907,336305199
18446744072288.32,5410831.79,10490940.26,1316531.55,5080108.48,2527.16,4142.57,0.00,1615.41,3851174720.04,6416839576.53,0.00,0.00,0.00,0.00,209899379,838968359,1287957907,336305199
18446744072290.32,5413228.24,10495497.05,1316531.55,5082268.81,2396.46,4556.79,0.00,2160.33,3851174720.04,6416839576.53,0.00,0.00,0.00,0.00,210125495,839355736,1288620998,336305199
18446744072292.32,5415837.18,10500247.10,1316531.55,5084409.92,2608.93,4750.05,0.00,2141.11,3851174720.04,6416839576.53,0.00,0.00,0.00,0.00,210373061,839776057,1288620998,336305199
18446744072294.32,5418074.77,10503354.04,1318134.32,5085279.27,2237.59,3106.94,1602.78,869.35,3851174720.04,6416839576.53,0.00,0.00,0.00,0.00,210592921,840129020,1289835608,336305199
18446744072296.32,5420558.25,10505837.52,1320782.56,5085279.27,2483.48,2483.48,2648.24,0.00,3851174720.04,6416839576.53,0.00,0.00,0.00,0.00,210815933,840541779,1289835608,336305199
18446744072298.32,5422840.95,10508851.92,1321982.34,5086010.97,2282.71,3014.41,1199.77,731.70,3851174720.04,6416839576.53,0.00,0.00,0.00,0.00,209633787,840912897,1289835608,337700600
18446744072300.32,5425152.02,10512963.00,1321982.34,5087810.97,2311.07,4111.07,0.00,1800.00,3851174720.04,6416839576.53,0.00,0.00,0.00,0.00,209840271,841298047,1289835608,337700600
18446744072302.32,5425152.02,10515185.34,1321982.34,5090033.32,0.00,2222.35,0.00,2222.35,3851174720.04,6416839576.53,0.00,0.00,0.00,0.00,209840271,841298047,1289835608,337700600
18446744072304.32,5425152.02,10518167.57,1321982.34,5093015.55,0.00,2982.23,0.00,2982.23,3851174720.04,6416839576.53,0.00,0.00,0.00,0.00,209840271,841298047,1289835608,337700600
18446744072306.32,5425152.02,10520610.12,1321982.34,5095458.10,0.00,2442.55,0.00,2442.55,3851174720.04,6416839576.53,0.00,0.00,0.00,0.00,209840271,841298047,1289835608,337700600
18446744072308.32,5425152.02,10523368.36,1321982.34,5098216.33,0.00,2758.23,0.00,2758.23,3851174720.04,6416839576.53,0.00,0.00,0.00,0.00,209840271,841298047,1289835608,337700600
18446744072310.32,5427484.16,10527236.31,1321982.34,5099752.15,2332.14,3867.96,0.00,1535.82,3851174720.04,6416839576.53,0.00,0.00,0.00,0.00,210077772,841657574,1293146353,337700600
18446744072312.32,5429934.25,10530929.44,1322539.56,5100995.19,2450.09,3693.13,557.23,1243.04,3851174720.04,6416839576.53,0.00,0.00,0.00,0.00,210308021,842054548,1293829547,337700600
18446744072314.32,5432362.26,10534541.45,1323524.82,5102179.19,2428.00,3612.01,985.26,1184.00,3851174720.04,6416839576.53,0.00,0.00,0.00,0.00,210136801,842452460,1293829547,338095477
18446744072316.32,5434974.22,10539440.34,1323524.82,5104466.11,2611.96,4898.89,0.00,2286.92,3851174720.04,6416839576.53,0.00,0.00,0.00,0.00,210380242,842877682,1293829547,338095477
18446744072318.32,5437239.62,10543100.37,1324487.31,5105860.74,2265.40,3660.03,962.49,1394.63,3851174720.04,6416839576.53,0.00,0.00,0.00,0.00,210601013,843236854,1295073173,338095477
18446744072320.32,5439691.83,10545552.57,1327150.99,5105860.74,2452.21,2452.21,2663.68,0.00,3851174720.04,6416839576.53,0.00,0.00,0.00,0.00,210830714,843634918,1295073173,338095477
18446744072322.39,5441945.80,10547806.55,1329558.36,5105860.74,2253.97,2253.97,2407.37,0.00,3851174720.04,6416839576.53,0.00,0.00,0.00,0.00,209495304,844003712,1295073173,339639110
18446744072324.39,5444544.77,10552159.74,1329558.36,5107614.97,2598.96,4353.20,0.00,1754.23,3851174720.04,6416839576.53,0.00,0.00,0.00,0.00,209755050,844409301,1295073173,339639110
18446744072326.39,5446987.83,10556413.16,1329558.36,5109425.33,2443.06,4253.42,0.00,1810.36,3851174720.04,6416839576.53,0.00,0.00,0.00,0.00,209990417,844799357,1295073173,339639110
18446744072328.38,5449345.98,10560820.69,1329558.36,5111474.70,2358.16,4407.53,0.00,2049.37,3851174720.04,6416839576.53,0.00,0.00,0.00,0.00,210220952,845172510,1295978167,339639110
18446744072330.39,5449815.45,10563780.14,1329642.29,5113964.69,469.47,2959.46,83.93,2489.99,3851174720.04,6416839576.53,0.00,0.00,0.00,0.00,210271652,845241994,1297110998,339639110
18446744072332.38,5452277.52,10566242.21,1332303.32,5113964.69,2462.07,2462.07,2661.03,0.00,3851174720.04,6416839576.53,0.00,0.00,0.00,0.00,210516156,845627780,1297110998,339639110
18446744072334.39,5454737.66,10568702.36,1334956.07,5113964.69,2460.14,2460.14,2652.75,0.00,3851174720.04,6416839576.53,0.00,0.00,0.00,0.00,210763736,846009996,1297110998,339639110
18446744072336.39,5457069.13,10572658.83,1335120.29,5115589.70,2331.46,3956.47,164.22,1625.01,3851174720.04,6416839576.53,0.00,0.00,0.00,0.00,209656608,846290186,1297110998,341062903
18446744072338.39,5459720.00,10577385.92,1335120.29,5117665.92,2650.87,4727.09,0.00,2076.22,3851174720.04,6416839576.53,0.00,0.00,0.00,0.00,209926866,846698550,1297110998,341062903
18446744072340.39,5462016.02,10581577.74,1335120.29,5119561.72,2296.02,4191.82,0.00,1895.80,3851174720.04,6416839576.53,0.00,0.00,0.00,0.00,210151768,847061429,1298154261,341062903
18446744072342.38,5462016.02,10584527.83,1335120.29,5122511.82,0.00,2950.09,0.00,2950.09,3851174720.04,6416839576.53,0.00,0.00,0.00,0.00,210151768,847061429,1298154261,341062903
18446744072344.39,5464209.87,10586986.17,1337438.31,5122776.30,2193.86,2458.34,2318.02,264.48,3851174720.04,6416839576.53,0.00,0.00,0.00,0.00,210368154,847406670,1299354765,341062903
18446744072346.38,5466714.96,10589491.26,1340083.57,5122776.30,2505.09,2505.09,2645.26,0.00,3851174720.04,6416839576.53,0.00,0.00,0.00,0.00,210609920,847806207,1299354765,341062903
18446744072348.39,5468160.01,10592436.02,1340635.47,5124276.00,1445.05,2944.76,551.90,1499.71,3851174720.04,6416839576.53,0.00,0.00,0.00,0.00,209356842,848017335,1299354765,342474786
18446744072350.38,5468160.01,10595428.14,1340635.47,5127268.12,0.00,2992.12,0.00,2992.12,3851174720.04,6416839576.53,0.00,0.00,0.00,0.00,209356842,848017335,1299354765,342474786
18446744072352.39,5470091.31,10599179.81,1340635.47,5129088.50,1931.30,3751.68,0.00,1820.38,3851174720.04,6416839576.53,0.00,0.00,0.00,0.00,209546638,848321952,1300646792,342474786
18446744072354.39,5472560.30,10603512.85,1340635.47,5130952.55,2468.98,4333.04,0.00,1864.05,3851174720.04,6416839576.53,0.00,0.00,0.00,0.00,209800042,848700608,1300646792,342474786
18446744072356.39,5474304.05,10606909.81,1340635.47,5132605.77,1743.75,3396.96,0.00,1653.21,3851174720.04,6416839576.53,0.00,0.00,0.00,0.00,209950724,848996326,1301538877,342474786
18446744072358.39,5474304.05,10608934.23,1340635.47,5134630.19,0.00,2024.42,0.00,2024.42,3851174720.04,6416839576.53,0.00,0.00,0.00,0.00,209950724,848996326,1301538877,342474786
18446744072360.38,5474304.05,10611809.02,1340635.47,5137504.97,0.00,2874.79,0.00,2874.79,3851174720.04,6416839576.53,0.00,0.00,0.00,0.00,209950724,848996326,1301538877,342474786
18446744072362.39,5475021.98,10614912.71,1340635.47,5139890.73,717.93,3103.69,0.00,2385.76,3851174720.04,6416839576.53,0.00,0.00,0.00,0.00,210024404,849106436,1303613612,342474786
18446744072364.38,5477484.77,10619087.23,1340635.47,5141602.46,2462.79,4174.52,0.00,1711.73,3851174720.04,6416839576.53,0.00,0.00,0.00,0.00,210255400,849505914,1303613612,342474786
18446744072366.39,5479972.03,10622635.19,1341623.93,5142663.16,2487.27,3547.96,988.46,1060.70,3851174720.04,6416839576.53,0.00,0.00,0.00,0.00,210506053,849892001,1304443777,342474786
18446744072368.39,5482494.35,10625157.51,1344288.34,5142663.16,2522.32,2522.32,2664.41,0.00,3851174720.04,6416839576.53,0.00,0.00,0.00,0.00,210756419,850287348,1304443777,342474786
18446744072370.39,5484478.89,10627142.05,1346582.38,5142663.16,1984.54,1984.54,2294.04,0.00,3851174720.04,6416839576.53,0.00,0.00,0.00,0.00,209414686,850614918,1304443777,343996992
18446744072372.39,5486592.05,10631593.75,1346582.38,5145001.70,2113.16,4451.70,0.00,2338.54,3851174720.04,6416839576.53,0.00,0.00,0.00,0.00,209621706,850948866,1304443777,343996992
18446744072374.39,5486592.05,10634201.32,1346582.38,5147609.28,0.00,2607.58,0.00,2607.58,3851174720.04,6416839576.53,0.00,0.00,0.00,0.00,209621706,850948866,1304443777,343996992
18446744072376.39,5486592.05,10636556.61,1346582.38,5149964.56,0.00,2355.29,0.00,2355.29,3851174720.04,6416839576.53,0.00,0.00,0.00,0.00,209621706,850948866,1304443777,343996992
18446744072378.39,5486592.05,10638710.20,1346582.38,5152118.15,0.00,2153.59,0.00,2153.59,3851174720.04,6416839576.53,0.00,0.00,0.00,0.00,209621706,850948866,1304443777,343996992
18446744072380.39,5486592.05,10641094.32,1346582.38,5154502.28,0.00,2384.12,0.00,2384.12,3851174720.04,6416839576.53,0.00,0.00,0.00,0.00,209621706,850948866,1304443777,343996992
18446744072382.39,5489049.41,10645135.33,1346582.38,5156085.92,2457.36,4041.00,0.00,1583.64,3851174720.04,6416839576.53,0.00,0.00,0.00,0.00,209850361,851349295,1307415221,343996992
18446744072384.39,5491426.71,10649212.90,1346582.38,5157786.20,2377.30,4077.57,0.00,1700.27,3851174720.04,6416839576.53,0.00,0.00,0.00,0.00,210081114,851727131,1308254024,343996992
18446744072386.39,5492736.04,10652432.23,1346582.38,5159696.20,1309.33,3219.33,0.00,1910.00,3851174720.04,6416839576.53,0.00,0.00,0.00,0.00,210194178,851949255,1308254024,343996992
18446744072388.39,5493658.89,10654851.71,1347563.32,5161192.82,922.85,2419.48,980.95,1496.62,3851174720.04,6416839576.53,0.00,0.00,0.00,0.00,210285027,852094656,1309127866,343996992
18446744072390.39,5496165.86,10657358.69,1350181.54,5161192.82,2506.98,2506.98,2618.22,0.00,3851174720.04,6416839576.53,0.00,0.00,0.00,0.00,210523496,852497973,1309127866,343996992
18446744072392.39,5498412.59,10660027.54,1351824.83,5161614.96,2246.72,2668.86,1643.29,422.13,3851174720.04,6416839576.53,0.00,0.00,0.00,0.00,209408012,852846610,1309127866,345339000
18446744072394.39,5500941.91,10664329.08,1351824.83,5163387.18,2529.32,4301.54,0.00,1772.22,3851174720.04,6416839576.53,0.00,0.00,0.00,0.00,209657066,853245062,1309127866,345339000
18446744072396.39,5503331.31,10668384.31,1351824.83,5165053.00,2389.41,4055.23,0.00,1665.82,3851174720.04,6416839576.53,0.00,0.00,0.00,0.00,209904215,853609601,1309980775,345339000
18446744072398.39,5505024.03,10672238.50,1351824.83,5167214.47,1692.71,3854.18,0.00,2161.47,3851174720.04,6416839576.53,0.00,0.00,0.00,0.00,210076973,853870178,1309980775,345339000
18446744072400.39,5505024.03,10674721.45,1351824.83,5169697.43,0.00,2482.96,0.00,2482.96,3851174720.04,6416839576.53,0.00,0.00,0.00,0.00,210076973,853870178,1309980775,345339000
18446744072402.39,5505024.03,10677566.91,1351824.83,5172542.88,0.00,2845.45,0.00,2845.45,3851174720.04,6416839576.53,0.00,0.00,0.00,0.00,210076973,853870178,1309980775,345339000
18446744072404.39,5505024.03,10679586.31,1351824.83,5174562.28,0.00,2019.40,0.00,2019.40,3851174720.04,6416839576.53,0.00,0.00,0.00,0.00,210076973,853870178,1309980775,345339000
18446744072406.39,5505451.10,10681974.90,1351824.83,5176523.80,427.07,2388.59,0.00,1961.52,3851174720.04,6416839576.53,0.00,0.00,0.00,0.00,210118935,853937546,1312977741,345339000
18446744072408.39,5507918.45,10686234.93,1351824.83,5178316.48,2467.36,4260.04,0.00,1792.68,3851174720.04,6416839576.53,0.00,0.00,0.00,0.00,210264962,854423162,1312977741,345339000
18446744072410.39,5510311.65,10690021.00,1352363.55,5179709.36,2393.20,3786.07,538.71,1392.88,3851174720.04,6416839576.53,0.00,0.00,0.00,0.00,210487929,854812853,1313866971,345339000
18446744072412.39,5512737.81,10692447.16,1355026.69,5179709.36,2426.16,2426.16,2663.14,0.00,3851174720.04,6416839576.53,0.00,0.00,0.00,0.00,210725465,855196414,1313866971,345339000
18446744072414.39,5514859.01,10694674.59,1357090.06,5179815.59,2121.20,2227.43,2063.37,106.23,3851174720.04,6416839576.53,0.00,0.00,0.00,0.00,209591131,855525877,1313866971,346686898
18446744072416.39,5517303.43,10699307.67,1357090.06,5182004.24,2444.42,4633.08,0.00,2188.66,3851174720.04,6416839576.53,0.00,0.00,0.00,0.00,209821800,855920980,1313866971,346686898
18446744072418.39,5517312.00,10701961.08,1357090.06,5184649.08,8.57,2653.41,0.00,2644.84,3851174720.04,6416839576.53,0.00,0.00,0.00,0.00,209823467,855921508,1313866971,346686898
18446744072420.39,5517312.00,10704119.95,1357090.06,5186807.95,0.00,2158.87,0.00,2158.87,3851174720.04,6416839576.53,0.00,0.00,0.00,0.00,209823467,855921508,1313866971,346686898
18446744072422.39,5518679.09,10707373.94,1357090.06,5188694.86,1367.08,3253.99,0.00,1886.91,3851174720.04,6416839576.53,0.00,0.00,0.00,0.00,209957204,856137744,1315896211,346686898
18446744072424.39,5521114.16,10711635.68,1357090.06,5190521.52,2435.07,4261.74,0.00,1826.67,3851174720.04,6416839576.53,0.00,0.00,0.00,0.00,210184608,856533718,1315896211,346686898
18446744072426.39,5523542.53,10714560.36,1358843.15,5191017.83,2428.38,2924.68,1753.09,496.31,3851174720.04,6416839576.53,0.00,0.00,0.00,0.00,210425366,856914624,1316759253,346686898
18446744072428.39,5526026.12,10717043.95,1361465.39,5191017.83,2483.59,2483.59,2622.24,0.00,3851174720.04,6416839576.53,0.00,0.00,0.00,0.00,210656156,857319633,1316759253,346686898
18446744072430.39,5528202.84,10720339.04,1362446.06,5192136.20,2176.71,3295.08,980.67,1118.37,3851174720.04,6416839576.53,0.00,0.00,0.00,0.00,209500400,857661617,1316759253,348057909
18446744072432.39,5530615.83,10724996.68,1362446.06,5194380.84,2413.00,4657.64,0.00,2244.64,3851174720.04,6416839576.53,0.00,0.00,0.00,0.00,209720740,858059004,1316759253,348057909
18446744072434.39,5532887.78,10729316.60,1362446.06,5196428.82,2271.95,4319.92,0.00,2047.98,3851174720.04,6416839576.53,0.00,0.00,0.00,0.00,209919997,858441365,1317902453,348057909
18446744072436.39,5535356.84,10734003.35,1362446.06,5198646.50,2469.07,4686.75,0.00,2217.68,3851174720.04,6416839576.53,0.00,0.00,0.00,0.00,210179462,858813981,1317902453,348057909
18446744072438.39,5536538.61,10736843.68,1363290.18,5200305.06,1181.77,2840.33,844.12,1658.56,3851174720.04,6416839576.53,0.00,0.00,0.00,0.00,210308511,858987465,1319040065,348057909
18446744072440.39,5538992.54,10739297.60,1365934.68,5200305.06,2453.93,2453.93,2644.50,0.00,3851174720.04,6416839576.53,0.00,0.00,0.00,0.00,210546462,859377719,1319040065,348057909
18446744072442.39,5541186.05,10741720.91,1367958.87,5200534.86,2193.52,2423.31,2024.19,229.80,3851174720.04,6416839576.53,0.00,0.00,0.00,0.00,209359831,859714629,1319040065,349469170
18446744072444.39,5541888.01,10745066.10,1367958.87,5203178.09,701.95,3345.18,0.00,2643.23,3851174720.04,6416839576.53,0.00,0.00,0.00,0.00,209423126,859831034,1319040065,349469170
18446744072446.39,5541888.01,10747620.41,1367958.87,5205732.40,0.00,2554.31,0.00,2554.31,3851174720.04,6416839576.53,0.00,0.00,0.00,0.00,209423126,859831034,1319040065,349469170
18446744072448.39,5541888.01,10750318.10,1367958.87,5208430.09,0.00,2697.69,0.00,2697.69,3851174720.04,6416839576.53,0.00,0.00,0.00,0.00,209423126,859831034,1319040065,349469170
18446744072450.39,5541888.01,10752754.93,1367958.87,5210866.92,0.00,2436.83,0.00,2436.83,3851174720.04,6416839576.53,0.00,0.00,0.00,0.00,209423126,859831034,1319040065,349469170
18446744072452.39,5541888.01,10755172.70,1367958.87,5213284.69,0.00,2417.77,0.00,2417.77,3851174720.04,6416839576.53,0.00,0.00,0.00,0.00,209423126,859831034,1319040065,349469170
18446744072454.39,5544129.91,10759042.82,1367958.87,5214912.92,2241.90,3870.13,0.00,1628.23,3851174720.04,6416839576.53,0.00,0.00,0.00,0.00,209643804,860184282,1322400017,349469170
18446744072456.41,5546595.09,10763231.78,1367958.87,5216636.68,2465.19,4188.95,0.00,1723.77,3851174720.04,6416839576.53,0.00,0.00,0.00,0.00,209882199,860576975,1323218305,349469170
18446744072458.41,5548032.00,10766612.12,1367958.87,5218580.11,1436.91,3380.34,0.00,1943.43,3851174720.04,6416839576.53,0.00,0.00,0.00,0.00,210022422,860804601,1323218305,349469170
18446744072460.41,5548032.00,10768987.60,1367958.87,5220955.60,0.00,2375.48,0.00,2375.48,3851174720.04,6416839576.53,0.00,0.00,0.00,0.00,210022422,860804601,1323218305,349469170
18446744072462.41,5548032.00,10771767.19,1367958.87,5223735.19,0.00,2779.59,0.00,2779.59,3851174720.04,6416839576.53,0.00,0.00,0.00,0.00,210022422,860804601,1323218305,349469170
18446744072464.41,5548032.00,10774387.61,1367958.87,5226355.61,0.00,2620.42,0.00,2620.42,3852144257.48,6417840394.74,969537.44,1000818.21,0.00,0.00,210022422,860804601,1323218305,349469170
18446744072466.41,5548032.00,10777297.82,1367958.87,5229265.82,0.00,2910.21,0.00,2910.21,3852144257.48,6417840394.74,0.00,0.00,0.00,0.00,210022422,860804601,1323218305,349469170
18446744072468.41,5548032.00,10779847.51,1367958.87,5231815.51,0.00,2549.69,0.00,2549.69,3852144257.48,6417840394.74,0.00,0.00,0.00,0.00,210022422,860804601,1323218305,349469170
18446744072470.41,5548032.00,10782606.45,1367958.87,5234574.45,0.00,2758.94,0.00,2758.94,3852144257.48,6417840394.74,0.00,0.00,0.00,0.00,210022422,860804601,1323218305,349469170
18446744072472.41,5548032.00,10785204.50,1367958.87,5237172.49,0.00,2598.04,0.00,2598.04,3852144257.48,6417840394.74,0.00,0.00,0.00,0.00,210022422,860804601,1323218305,349469170
18446744072474.46,5548033.00,10787306.30,1367958.87,5239273.30,1.00,2101.80,0.00,2100.80,3852144257.48,6417840394.74,0.00,0.00,0.00,0.00,210022460,860804819,1329013262,349469170
18446744072476.46,5550539.82,10792033.91,1367958.87,5241494.09,2506.81,4727.61,0.00,2220.80,3852144257.48,6417840394.74,0.00,0.00,0.00,0.00,210272331,861196692,1329013262,349469170
18446744072478.46,5553020.69,10796949.99,1367958.87,5243929.30,2480.88,4916.08,0.00,2435.21,3852144257.48,6417840394.74,0.00,0.00,0.00,0.00,210529321,861574806,1329013262,349469170
18446744072480.46,5555464.87,10799861.34,1369997.72,5244396.47,2444.18,2911.35,2038.86,467.17,3852144257.48,6417840394.74,0.00,0.00,0.00,0.00,210774999,861954837,1330324724,349469170
18446744072482.46,5557974.02,10802370.49,1372667.69,5244396.47,2509.15,2509.15,2669.97,0.00,3852144257.48,6417840394.74,0.00,0.00,0.00,0.00,211010077,862362101,1330324724,349469170
18446744072484.46,5560218.12,10805251.56,1374101.69,5245033.45,2244.10,2881.07,1434.00,636.97,3852144257.48,6417840394.74,0.00,0.00,0.00,0.00,209654695,862719587,1330324724,351041556
18446744072486.46,5560320.01,10808077.13,1374101.69,5247757.12,101.89,2825.57,0.00,2723.68,3852144257.48,6417840394.74,0.00,0.00,0.00,0.00,209670477,862729889,1330324724,351041556
18446744072488.46,5560320.01,10810801.11,1374101.69,5250481.11,0.00,2723.98,0.00,2723.98,3852144257.48,6417840394.74,0.00,0.00,0.00,0.00,209670477,862729889,1330324724,351041556
18446744072490.46,5560320.01,10813611.05,1374101.69,5253291.04,0.00,2809.93,0.00,2809.93,3852144257.48,6417840394.74,0.00,0.00,0.00,0.00,209670477,862729889,1330324724,351041556
18446744072492.46,5560320.01,10816193.25,1374101.69,5255873.24,0.00,2582.20,0.00,2582.20,3852144257.48,6417840394.74,0.00,0.00,0.00,0.00,209670477,862729889,1330324724,351041556
18446744072494.46,5560320.01,10818899.04,1374101.69,5258579.04,0.00,2705.79,0.00,2705.79,3852144257.48,6417840394.74,0.00,0.00,0.00,0.00,209670477,862729889,1330324724,351041556
18446744072496.46,5560320.01,10821317.78,1374101.69,5260997.77,0.00,2418.73,0.00,2418.73,3852144257.48,6417840394.74,0.00,0.00,0.00,0.00,209670477,862729889,1330324724,351041556
18446744072498.46,5561305.10,10824240.52,1374101.69,5262935.41,985.09,2922.74,0.00,1937.64,3852144257.48,6417840394.74,0.00,0.00,0.00,0.00,209733529,862919021,1334892701,351041556
18446744072500.46,5563800.94,10828709.98,1374101.69,5264909.04,2495.84,4469.46,0.00,1973.62,3852144257.48,6417840394.74,0.00,0.00,0.00,0.00,209983008,863308476,1334892701,351041556
18446744072502.46,5566187.85,10832893.95,1374101.69,5266706.10,2386.91,4183.97,0.00,1797.06,3852144257.48,6417840394.74,0.00,0.00,0.00,0.00,210192350,863710183,1335860264,351041556
18446744072504.46,5566464.06,10835345.69,1374101.69,5268881.63,276.21,2451.75,0.00,2175.54,3852144257.48,6417840394.74,0.00,0.00,0.00,0.00,210225687,863747556,1335860264,351041556
18446744072506.46,5568159.20,10837699.75,1375903.46,5269540.55,1695.14,2354.06,1801.77,658.92,3852144257.48,6417840394.74,0.00,0.00,0.00,0.00,210395532,864011668,1336758481,351041556
18446744072508.46,5570680.05,10840220.60,1378547.39,5269540.55,2520.84,2520.84,2643.93,0.00,3852144257.48,6417840394.74,0.00,0.00,0.00,0.00,210627073,864425463,1336758481,351041556
18446744072510.46,5572946.33,10843366.87,1379678.83,5270420.54,2266.28,3146.27,1131.44,879.99,3852144257.48,6417840394.74,0.00,0.00,0.00,0.00,209440906,864764053,1336758481,352469301
18446744072512.46,5575560.96,10848264.10,1379678.83,5272703.14,2614.63,4897.23,0.00,2282.60,3852144257.48,6417840394.74,0.00,0.00,0.00,0.00,209709857,865164447,1336758481,352469301
18446744072514.46,5577867.05,10852733.24,1379678.83,5274866.19,2306.09,4469.14,0.00,2163.05,3852144257.48,6417840394.74,0.00,0.00,0.00,0.00,209953580,865511083,1338024770,352469301
18446744072516.46,5578752.03,10856354.53,1379678.83,5277602.50,884.98,3621.29,0.00,2736.31,3852144257.48,6417840394.74,0.00,0.00,0.00,0.00,210058712,865632506,1338024770,352469301
18446744072518.46,5578752.03,10858795.57,1379678.83,5280043.54,0.00,2441.04,0.00,2441.04,3852144257.48,6417840394.74,0.00,0.00,0.00,0.00,210058712,865632506,1338024770,352469301
18446744072520.46,5578752.03,10861582.98,1379678.83,5282830.96,0.00,2787.42,0.00,2787.42,3852144257.48,6417840394.74,0.00,0.00,0.00,0.00,210058712,865632506,1338024770,352469301
18446744072522.46,5579553.18,10864741.91,1379678.83,5285188.74,801.15,3158.93,0.00,2357.78,3852144257.48,6417840394.74,0.00,0.00,0.00,0.00,210147799,865748513,1340612595,352469301
18446744072524.46,5582073.21,10869101.08,1379678.83,5287027.87,2520.04,4359.17,0.00,1839.13,3852144257.48,6417840394.74,0.00,0.00,0.00,0.00,210396794,866144647,1340612595,352469301
18446744072526.46,5584629.71,10872940.46,1380443.94,5288310.75,2556.50,3839.38,765.11,1282.88,3852144257.48,6417840394.74,0.00,0.00,0.00,0.00,210670364,866525541,1341539853,352469301
18446744072528.46,5587129.66,10875440.42,1383108.24,5288310.75,2499.95,2499.95,2664.30,0.00,3852144257.48,6417840394.74,0.00,0.00,0.00,0.00,210918952,866916941,1341539853,352469301
18446744072530.59,5589613.10,10877923.86,1385740.81,5288310.75,2483.44,2483.44,2632.57,0.00,3852144257.48,6417840394.74,0.00,0.00,0.00,0.00,209623834,867296320,1341539853,354020800
18446744072532.59,5591040.03,10881340.03,1385740.81,5290300.00,1426.93,3416.18,0.00,1989.25,3852144257.48,6417840394.74,0.00,0.00,0.00,0.00,209770213,867515235,1341539853,354020800
18446744072534.59,5591040.03,10883880.24,1385740.81,5292840.21,0.00,2540.21,0.00,2540.21,3852144257.48,6417840394.74,0.00,0.00,0.00,0.00,209770213,867515235,1341539853,354020800
18446744072536.59,5591040.03,10886279.72,1385740.81,5295239.69,0.00,2399.48,0.00,2399.48,3852144257.48,6417840394.74,0.00,0.00,0.00,0.00,209770213,867515235,1341539853,354020800
18446744072538.59,5592790.93,10889758.36,1385740.81,5296967.43,1750.90,3478.64,0.00,1727.74,3852144257.48,6417840394.74,0.00,0.00,0.00,0.00,209935322,867798356,1343473737,354020800
18446744072540.59,5595279.83,10894016.66,1385740.81,5298736.82,2488.90,4258.30,0.00,1769.39,3852144257.48,6417840394.74,0.00,0.00,0.00,0.00,210204130,868166707,1343473737,354020800
18446744072542.59,5597748.02,10897048.82,1387527.86,5299300.80,2468.19,3032.17,1787.05,563.98,3852144257.48,6417840394.74,0.00,0.00,0.00,0.00,210486336,868516357,1344349634,354020800
18446744072544.59,5600280.75,10899581.55,1390168.23,5299300.80,2532.73,2532.73,2640.37,0.00,3852144257.48,6417840394.74,0.00,0.00,0.00,0.00,210762460,868888611,1344349634,354020800
18446744072546.59,5602358.67,10902822.51,1391191.38,5300463.84,2077.93,3240.96,1023.15,1163.03,3852144257.48,6417840394.74,0.00,0.00,0.00,0.00,209605213,869182462,1344349634,355416145
18446744072548.59,5603328.02,10906247.54,1391191.38,5302919.51,969.35,3425.03,0.00,2455.68,3852144257.48,6417840394.74,0.00,0.00,0.00,0.00,209709425,869326404,1344349634,355416145
18446744072550.59,5604704.79,10909830.77,1391191.38,5305125.99,1376.76,3583.24,0.00,2206.48,3852144257.48,6417840394.74,0.00,0.00,0.00,0.00,209847222,869541058,1345563564,355416145
18446744072552.59,5607248.73,10914628.30,1391191.38,5307379.56,2543.95,4797.52,0.00,2253.57,3852144257.48,6417840394.74,0.00,0.00,0.00,0.00,210135074,869904457,1345563564,355416145
18446744072554.59,5609803.20,10918509.72,1392276.67,5308706.52,2554.46,3881.42,1085.29,1326.96,3852144257.48,6417840394.74,0.00,0.00,0.00,0.00,210450536,870242937,1346575994,355416145
18446744072556.59,5612318.04,10921024.57,1394935.57,5308706.52,2514.85,2514.85,2658.90,0.00,3852144257.48,6417840394.74,0.00,0.00,0.00,0.00,210702655,870634619,1346575994,355416145
18446744072558.59,5614550.05,10923448.58,1397018.34,5308898.53,2232.01,2424.02,2082.77,192.01,3852144257.48,6417840394.74,0.00,0.00,0.00,0.00,209464480,870952513,1346575994,356907820
18446744072560.59,5615616.04,10926480.36,1397018.34,5310864.32,1065.99,3031.77,0.00,1965.79,3852144257.48,6417840394.74,0.00,0.00,0.00,0.00,209569136,871120750,1346575994,356907820
18446744072562.59,5615616.04,10928653.13,1397018.34,5313037.09,0.00,2172.78,0.00,2172.78,3852144257.48,6417840394.74,0.00,0.00,0.00,0.00,209569136,871120750,1346575994,356907820
18446744072564.59,5615616.04,10930867.34,1397018.34,5315251.30,0.00,2214.20,0.00,2214.20,3852144257.48,6417840394.74,0.00,0.00,0.00,0.00,209569136,871120750,1346575994,356907820
18446744072566.59,5617399.88,10934411.08,1397018.34,5317011.20,1783.84,3543.74,0.00,1759.90,3852144257.48,6417840394.74,0.00,0.00,0.00,0.00,209739800,871406750,1348393975,356907820
18446744072568.59,5619928.66,10938962.15,1397018.34,5319033.49,2528.78,4551.07,0.00,2022.30,3852144257.48,6417840394.74,0.00,0.00,0.00,0.00,210014009,871779908,1348393975,356907820
18446744072570.59,5621760.03,10942899.42,1397018.34,5321139.39,1831.37,3937.27,0.00,2105.89,3852144257.48,6417840394.74,0.00,0.00,0.00,0.00,210207566,872055182,1349342362,356907820
18446744072572.59,5621760.03,10945576.07,1397018.34,5323816.04,0.00,2676.65,0.00,2676.65,3852144257.48,6417840394.74,0.00,0.00,0.00,0.00,210207566,872055182,1349342362,356907820
18446744072574.59,5623980.39,10948038.14,1399403.07,5324057.76,2220.36,2462.08,2384.73,241.72,3852144257.48,6417840394.74,0.00,0.00,0.00,0.00,210441817,872389342,1350502166,356907820
18446744072576.59,5626469.62,10950527.38,1402070.44,5324057.76,2489.24,2489.24,2667.37,0.00,3852144257.48,6417840394.74,0.00,0.00,0.00,0.00,210703749,872764655,1350502166,356907820
18446744072578.59,5627904.04,10953142.80,1403050.07,5325238.75,1434.42,2615.41,979.63,1181.00,3852144257.48,6417840394.74,0.00,0.00,0.00,0.00,209312287,872979264,1350502166,358451884
18446744072580.59,5627904.04,10955896.88,1403050.07,5327992.84,0.00,2754.09,0.00,2754.09,3852144257.48,6417840394.74,0.00,0.00,0.00,0.00,209312287,872979264,1350502166,358451884
18446744072582.59,5627904.04,10958532.58,1403050.07,5330628.54,0.00,2635.70,0.00,2635.70,3852144257.48,6417840394.74,0.00,0.00,0.00,0.00,209312287,872979264,1350502166,358451884
18446744072584.59,5627904.04,10961386.39,1403050.07,5333482.35,0.00,2853.81,0.00,2853.81,3852144257.48,6417840394.74,0.00,0.00,0.00,0.00,209312287,872979264,1350502166,358451884
18446744072586.59,5627904.04,10963435.60,1403050.07,5335531.56,0.00,2049.21,0.00,2049.21,3852144257.48,6417840394.74,0.00,0.00,0.00,0.00,209312287,872979264,1350502166,358451884
18446744072588.59,5628400.93,10966016.53,1403050.07,5337615.60,496.89,2580.93,0.00,2084.04,3852144257.48,6417840394.74,0.00,0.00,0.00,0.00,209364716,873054038,1353871188,358451884
18446744072590.59,5630901.06,10970322.91,1403050.07,5339421.85,2500.13,4306.38,0.00,1806.25,3852144257.48,6417840394.74,0.00,0.00,0.00,0.00,209613449,873445339,1353871188,358451884
18446744072592.59,5633268.55,10974386.21,1403050.07,5341117.66,2367.48,4063.30,0.00,1695.81,3852144257.48,6417840394.74,0.00,0.00,0.00,0.00,209855825,873809039,1354827951,358451884
18446744072594.59,5634048.01,10977216.41,1403050.07,5343168.40,779.46,2830.20,0.00,2050.74,3852144257.48,6417840394.74,0.00,0.00,0.00,0.00,209922174,873942232,1354827951,358451884
18446744072596.59,5634048.01,10979436.96,1403050.07,5345388.95,0.00,2220.55,0.00,2220.55,3852144257.48,6417840394.74,0.00,0.00,0.00,0.00,209922174,873942232,1354827951,358451884
18446744072598.59,5634048.01,10981708.14,1403050.07,5347660.13,0.00,2271.18,0.00,2271.18,3852144257.48,6417840394.74,0.00,0.00,0.00,0.00,209922174,873942232,1354827951,358451884
18446744072600.59,5635633.56,10985294.09,1403050.07,5349660.52,1585.55,3585.95,0.00,2000.39,3852144257.48,6417840394.74,0.00,0.00,0.00,0.00,210106387,874163921,1356705414,358451884
18446744072602.59,5638109.23,10990125.10,1403050.07,5352015.87,2475.66,4831.01,0.00,2355.35,3852144257.48,6417840394.74,0.00,0.00,0.00,0.00,210359564,874544514,1356705414,358451884
18446744072604.59,5640499.69,10994098.64,1403898.69,5353598.95,2390.46,3973.54,848.62,1583.08,3852144257.48,6417840394.74,0.00,0.00,0.00,0.00,210782450,874733586,1358061895,358451884
18446744072606.59,5643010.23,10996609.18,1406539.97,5353598.95,2510.54,2510.54,2641.28,0.00,3852144257.48,6417840394.74,0.00,0.00,0.00,0.00,211063321,875095413,1358061895,358451884
18446744072608.60,5645229.84,10998828.80,1408927.41,5353598.95,2219.62,2219.62,2387.44,0.00,3852144257.48,6417840394.74,0.00,0.00,0.00,0.00,209800214,875422147,1358061895,359956479
18446744072610.60,5646336.01,11002521.15,1408927.41,5356185.14,1106.16,3692.36,0.00,2586.19,3852144257.48,6417840394.74,0.00,0.00,0.00,0.00,209917943,875587596,1358061895,359956479
18446744072612.60,5646336.01,11004922.89,1408927.41,5358586.88,0.00,2401.74,0.00,2401.74,3852144257.48,6417840394.74,0.00,0.00,0.00,0.00,209917943,875587596,1358061895,359956479
18446744072614.60,5646336.01,11007695.28,1408927.41,5361359.27,0.00,2772.39,0.00,2772.39,3852144257.48,6417840394.74,0.00,0.00,0.00,0.00,209917943,875587596,1358061895,359956479
18446744072616.60,5647435.35,11011030.55,1408927.41,5363595.20,1099.34,3335.27,0.00,2235.93,3852144257.48,6417840394.74,0.00,0.00,0.00,0.00,210033753,875753217,1360429049,359956479
18446744072618.60,5649947.15,11015321.81,1408927.41,5365374.66,2511.80,4291.27,0.00,1779.46,3852144257.48,6417840394.74,0.00,0.00,0.00,0.00,210293519,876136472,1360429049,359956479
18446744072620.60,5652411.64,11018826.28,1410001.29,5366414.64,2464.49,3504.47,1073.87,1039.98,3852144257.48,6417840394.74,0.00,0.00,0.00,0.00,210550978,876509923,1361342029,359956479
18446744072622.60,5654887.04,11021301.68,1412663.90,5366414.64,2475.39,2475.39,2662.62,0.00,3852144257.48,6417840394.74,0.00,0.00,0.00,0.00,210818423,876876179,1361342029,359956479
18446744072624.60,5657063.50,11023566.28,1414866.54,5366502.78,2176.46,2264.60,2202.63,88.14,3852144257.48,6417840394.74,0.00,0.00,0.00,0.00,209532872,877201702,1361342029,361473682
18446744072626.60,5658624.06,11027427.49,1414866.54,5368803.43,1560.56,3861.21,0.00,2300.65,3852144257.48,6417840394.74,0.00,0.00,0.00,0.00,209697390,877436688,1361342029,361473682
18446744072628.60,5659382.58,11030568.51,1414866.54,5371185.93,758.52,3141.02,0.00,2382.50,3852144257.48,6417840394.74,0.00,0.00,0.00,0.00,209780852,877547407,1362377894,361473682
18446744072630.60,5661840.91,11035182.21,1414866.54,5373341.30,2458.33,4613.71,0.00,2155.38,3852144257.48,6417840394.74,0.00,0.00,0.00,0.00,210025979,877931613,1362377894,361473682
18446744072632.60,5664345.59,11039599.76,1415164.50,5375254.18,2504.67,4417.55,297.96,1912.88,3852144257.48,6417840394.74,0.00,0.00,0.00,0.00,210292861,878305927,1363523159,361473682
18446744072634.60,5666845.12,11042099.30,1417819.34,5375254.18,2499.54,2499.54,2654.84,0.00,3852144257.48,6417840394.74,0.00,0.00,0.00,0.00,210552857,878685813,1363523159,361473682
18446744072636.60,5669321.02,11044575.20,1420486.65,5375254.18,2475.90,2475.90,2667.31,0.00,3852144257.48,6417840394.74,0.00,0.00,0.00,0.00,210813474,879059026,1363523159,361473682
18446744072638.60,5670912.02,11048247.61,1420499.78,5377335.59,1591.00,3672.41,13.12,2081.41,3852144257.48,6417840394.74,0.00,0.00,0.00,0.00,209542256,879295636,1363523159,362915586
18446744072640.61,5670912.02,11051060.61,1420499.78,5380148.58,0.00,2813.00,0.00,2813.00,3852144257.48,6417840394.74,0.00,0.00,0.00,0.00,209542256,879295636,1363523159,362915586
18446744072642.62,5670912.02,11053655.46,1420499.78,5382743.44,0.00,2594.86,0.00,2594.86,3852144257.48,6417840394.74,0.00,0.00,0.00,0.00,209542256,879295636,1363523159,362915586
18446744072644.61,5670912.02,11056346.79,1420499.78,5385434.76,0.00,2691.32,0.00,2691.32,3852144257.48,6417840394.74,0.00,0.00,0.00,0.00,209542256,879295636,1363523159,362915586
18446744072646.61,5670912.02,11058589.22,1420499.78,5387677.20,0.00,2242.43,0.00,2242.43,3852144257.48,6417840394.74,0.00,0.00,0.00,0.00,209542256,879295636,1363523159,362915586
18446744072648.62,5672063.71,11061589.05,1420499.78,5389525.34,1151.68,2999.83,0.00,1848.15,3852144257.48,6417840394.74,0.00,0.00,0.00,0.00,209660303,879472420,1366978011,362915586
18446744072650.61,5674510.67,11065823.94,1420499.78,5391313.27,2446.96,4234.89,0.00,1787.93,3852144257.48,6417840394.74,0.00,0.00,0.00,0.00,209918727,879840418,1366978011,362915586
18446744072652.62,5676810.92,11070039.36,1420499.78,5393228.44,2300.25,4215.42,0.00,1915.17,3852144257.48,6417840394.74,0.00,0.00,0.00,0.00,210161747,880186263,1367893231,362915586
18446744072654.61,5677056.02,11072975.61,1420499.78,5395919.59,245.09,2936.25,0.00,2691.15,3852144257.48,6417840394.74,0.00,0.00,0.00,0.00,210173962,880236792,1367893231,362915586
18446744072656.62,5678418.48,11075468.39,1421939.18,5397049.91,1362.46,2492.79,1439.40,1130.32,3852144257.48,6417840394.74,0.00,0.00,0.00,0.00,210319690,880439854,1369100345,362915586
18446744072658.61,5680928.20,11077978.11,1424599.16,5397049.91,2509.72,2509.72,2659.98,0.00,3852144257.48,6417840394.74,0.00,0.00,0.00,0.00,210652456,880749577,1369100345,362915586
18446744072660.61,5683079.27,11080791.59,1426055.44,5397712.32,2151.07,2813.48,1456.28,662.41,3852144257.48,6417840394.74,0.00,0.00,0.00,0.00,209518094,881012399,1369100345,364337801
18446744072662.61,5683200.00,11083809.15,1426055.44,5400609.14,120.73,3017.55,0.00,2896.82,3852144257.48,6417840394.74,0.00,0.00,0.00,0.00,209543208,881018192,1369100345,364337801
18446744072664.61,5683200.00,11086085.77,1426055.44,5402885.77,0.00,2276.62,0.00,2276.62,3852144257.48,6417840394.74,0.00,0.00,0.00,0.00,209543208,881018192,1369100345,364337801
18446744072666.62,5683200.00,11088377.35,1426055.44,5405177.34,0.00,2291.57,0.00,2291.57,3852144257.48,6417840394.74,0.00,0.00,0.00,0.00,209543208,881018192,1369100345,364337801
18446744072668.61,5683200.00,11090430.61,1426055.44,5407230.61,0.00,2053.27,0.00,2053.27,3852144257.48,6417840394.74,0.00,0.00,0.00,0.00,209543208,881018192,1369100345,364337801
18446744072670.62,5683576.39,11092815.86,1426055.44,5409239.47,376.38,2385.25,0.00,2008.86,3852144257.48,6417840394.74,0.00,0.00,0.00,0.00,209593281,881064473,1372149200,364337801
18446744072672.61,5686031.95,11097084.89,1426055.44,5411052.94,2455.57,4269.03,0.00,1813.46,3852144257.48,6417840394.74,0.00,0.00,0.00,0.00,209941644,881344735,1372149200,364337801
18446744072674.62,5688415.58,11101014.33,1426470.65,5412598.75,2383.62,3929.44,415.21,1545.81,3852144257.48,6417840394.74,0.00,0.00,0.00,0.00,210281077,881615510,1373079976,364337801
18446744072676.61,5690857.60,11103456.35,1429101.12,5412598.75,2442.02,2442.02,2630.47,0.00,3852144257.48,6417840394.74,0.00,0.00,0.00,0.00,210566372,881955373,1373079976,364337801
18446744072678.61,5693223.73,11105822.48,1431771.91,5412598.75,2366.13,2366.13,2670.79,0.00,3852144257.48,6417840394.74,0.00,0.00,0.00,0.00,210900903,882226571,1373079976,364337801
18446744072680.62,5695390.83,11109473.55,1431800.07,5414082.72,2167.10,3651.07,28.16,1483.97,3852144257.48,6417840394.74,0.00,0.00,0.00,0.00,209740939,882470738,1373079976,365808376
18446744072682.61,5695588.94,11111777.16,1431800.07,5416188.21,198.11,2303.60,0.00,2105.49,3852144257.48,6417840394.74,0.00,0.00,0.00,0.00,209752637,882509756,1373978384,365808376
18446744072684.62,5698065.79,11115975.65,1431800.07,5417909.86,2476.85,4198.50,0.00,1721.64,3852144257.48,6417840394.74,0.00,0.00,0.00,0.00,210062649,882833818,1373978384,365808376
18446744072686.61,5700504.62,11119871.89,1432190.11,5419367.27,2438.83,3896.24,390.04,1457.41,3852144257.48,6417840394.74,0.00,0.00,0.00,0.00,210364603,883156204,1374811413,365808376
18446744072688.62,5703023.77,11122391.04,1434837.51,5419367.27,2519.15,2519.15,2647.40,0.00,3852144257.48,6417840394.74,0.00,0.00,0.00,0.00,210674071,883491639,1374811413,365808376
18446744072690.71,5705324.88,11124692.15,1437455.96,5419367.27,2301.11,2301.11,2618.45,0.00,3852144257.48,6417840394.74,0.00,0.00,0.00,0.00,209486921,883820085,1374811413,367256164
18446744072692.71,5707760.80,11128705.60,1437455.96,5420944.80,2435.91,4013.45,0.00,1577.54,3852144257.48,6417840394.74,0.00,0.00,0.00,0.00,209793547,884137053,1374811413,367256164
18446744072694.71,5708219.36,11131176.11,1437455.96,5422956.75,458.56,2470.51,0.00,2011.95,3852144257.48,6417840394.74,0.00,0.00,0.00,0.00,209857360,884190632,1375644542,367256164
18446744072696.71,5710715.19,11135467.24,1437455.96,5424752.05,2495.83,4291.13,0.00,1795.30,3852144257.48,6417840394.74,0.00,0.00,0.00,0.00,210136873,884550052,1375644542,367256164
18446744072698.71,5713172.69,11139365.06,1437918.75,5426192.37,2457.50,3897.82,462.79,1440.32,3852144257.48,6417840394.74,0.00,0.00,0.00,0.00,210434258,884881787,1376557556,367256164
18446744072700.71,5715685.62,11141877.99,1440578.26,5426192.37,2512.93,2512.93,2659.51,0.00,3852144257.48,6417840394.74,0.00,0.00,0.00,0.00,210732807,885226549,1376557556,367256164
18446744072702.71,5718036.78,11144229.14,1443245.67,5426192.37,2351.15,2351.15,2667.41,0.00,3852144257.48,6417840394.74,0.00,0.00,0.00,0.00,210993845,885567406,1376557556,367256164
18446744072704.71,5720064.02,11147788.01,1443329.26,5427723.99,2027.24,3558.87,83.59,1531.62,3852144257.48,6417840394.74,0.00,0.00,0.00,0.00,209718519,885858493,1376557556,368759377
18446744072706.71,5720064.02,11149932.79,1443329.26,5429868.77,0.00,2144.78,0.00,2144.78,3852144257.48,6417840394.74,0.00,0.00,0.00,0.00,209718519,885858493,1376557556,368759377
18446744072708.71,5720064.02,11152140.52,1443329.26,5432076.50,0.00,2207.73,0.00,2207.73,3852144257.48,6417840394.74,0.00,0.00,0.00,0.00,209718519,885858493,1376557556,368759377
18446744072710.71,5721013.85,11154968.25,1443329.26,5433954.39,949.83,2827.72,0.00,1877.89,3852144257.48,6417840394.74,0.00,0.00,0.00,0.00,209818655,886001514,1378380731,368759377
18446744072712.71,5723535.92,11159232.47,1443329.26,5435696.55,2522.07,4264.23,0.00,1742.16,3852144257.48,6417840394.74,0.00,0.00,0.00,0.00,210319235,886146584,1378380731,368759377
18446744072714.71,5726097.74,11162812.00,1444365.04,5436714.27,2561.82,3579.53,1035.78,1017.71,3852144257.48,6417840394.74,0.00,0.00,0.00,0.00,210882573,886239071,1379250746,368759377
18446744072716.71,5728594.45,11165308.72,1447020.39,5436714.27,2496.71,2496.71,2655.35,0.00,3852144257.48,6417840394.74,0.00,0.00,0.00,0.00,211440809,886319994,1379250746,368759377
18446744072718.71,5730775.02,11167489.29,1449486.08,5436714.27,2180.57,2180.57,2465.69,0.00,3852144257.48,6417840394.74,0.00,0.00,0.00,0.00,210381174,886423047,1379250746,370274185
18446744072720.71,5733313.77,11170028.04,1452115.61,5436714.27,2538.75,2538.75,2629.54,0.00,3852144257.48,6417840394.74,0.00,0.00,0.00,0.00,210917160,886536980,1379250746,370274185
18446744072722.71,5735617.32,11172331.59,1454568.77,5436714.27,2303.55,2303.55,2453.16,0.00,3852144257.48,6417840394.74,0.00,0.00,0.00,0.00,210086637,886595283,1379250746,371636115
18446744072724.71,5738160.64,11174874.91,1457233.37,5436714.27,2543.32,2543.32,2664.60,0.00,3852144257.48,6417840394.74,0.00,0.00,0.00,0.00,210638466,886694544,1379250746,371636115
18446744072726.71,5740669.88,11177384.14,1459869.70,5436714.27,2509.23,2509.23,2636.32,0.00,3852144257.48,6417840394.74,0.00,0.00,0.00,0.00,211183525,886791848,1379250746,371636115
18446744072728.71,5743004.84,11179719.11,1462301.63,5436714.27,2334.96,2334.96,2431.93,0.00,3852144257.48,6417840394.74,0.00,0.00,0.00,0.00,210254360,886898825,1379250746,373056054
18446744072730.71,5745520.63,11182234.89,1464942.84,5436714.27,2515.79,2515.79,2641.21,0.00,3852144257.48,6417840394.74,0.00,0.00,0.00,0.00,210841995,886955232,1379250746,373056054
18446744072732.71,5747863.71,11184577.98,1467389.36,5436714.27,2343.08,2343.08,2446.52,0.00,3852144257.48,6417840394.74,0.00,0.00,0.00,0.00,209972310,887040450,1379250746,374440350
18446744072734.71,5750397.68,11187111.94,1470052.80,5436714.27,2533.96,2533.96,2663.44,0.00,3852144257.48,6417840394.74,0.00,0.00,0.00,0.00,210507686,887153769,1379250746,374440350
18446744072736.71,5752663.86,11190164.45,1471232.08,5437500.59,2266.18,3052.50,1179.28,786.32,3852144257.48,6417840394.74,0.00,0.00,0.00,0.00,209532997,887246772,1379250746,375902179
18446744072738.71,5754980.00,11194756.01,1471232.08,5439776.01,2316.14,4591.56,0.00,2275.43,3852144257.48,6417840394.74,0.00,0.00,0.00,0.00,210033549,887339151,1379250746,375902179
18446744072740.71,5756928.02,11199022.59,1471232.08,5442094.57,1948.03,4266.59,0.00,2318.56,3852144257.48,6417840394.74,0.00,0.00,0.00,0.00,210480228,887391167,1379250746,375902179
18446744072742.71,5759242.79,11201465.30,1473640.73,5442222.51,2314.77,2442.71,2408.65,127.94,3852144257.48,6417840394.74,0.00,0.00,0.00,0.00,210839490,887438904,1380660039,376087761
18446744072744.71,5761754.07,11203976.57,1476296.51,5442222.51,2511.27,2511.27,2655.79,0.00,3852144257.48,6417840394.74,0.00,0.00,0.00,0.00,211409369,887511911,1380660039,376087761
18446744072746.71,5764142.37,11206364.88,1478765.95,5442222.51,2388.30,2388.30,2469.43,0.00,3852144257.48,6417840394.74,0.00,0.00,0.00,0.00,210582045,887596114,1380660039,377442288
18446744072748.71,5766651.56,11208874.07,1481434.46,5442222.51,2509.19,2509.19,2668.52,0.00,3852144257.48,6417840394.74,0.00,0.00,0.00,0.00,211139403,887681108,1380660039,377442288
18446744072750.71,5768989.13,11211211.64,1483892.80,5442222.51,2337.57,2337.57,2458.34,0.00,3852144257.48,6417840394.74,0.00,0.00,0.00,0.00,210106611,887756545,1380660039,378998062
18446744072752.71,5771516.99,11213739.50,1486539.11,5442222.51,2527.86,2527.86,2646.31,0.00,3852144257.48,6417840394.74,0.00,0.00,0.00,0.00,210645443,887864844,1380660039,378998062
18446744072754.71,5774032.96,11216255.47,1489202.43,5442222.51,2515.97,2515.97,2663.32,0.00,3852144257.48,6417840394.74,0.00,0.00,0.00,0.00,211204291,887950085,1380660039,378998062
18446744072756.71,5776386.12,11218608.62,1491686.88,5442222.51,2353.16,2353.16,2484.45,0.00,3852144257.48,6417840394.74,0.00,0.00,0.00,0.00,210161718,888051744,1380660039,380541384
18446744072758.71,5778893.10,11221115.61,1494348.98,5442222.51,2506.98,2506.98,2662.11,0.00,3852144257.48,6417840394.74,0.00,0.00,0.00,0.00,210720466,888134784,1380660039,380541384
18446744072760.71,5781181.73,11223404.24,1496784.26,5442222.51,2288.63,2288.63,2435.28,0.00,3852144257.48,6417840394.74,0.00,0.00,0.00,0.00,209631661,888240632,1380660039,382110230
18446744072762.71,5783719.21,11225941.72,1499426.46,5442222.51,2537.48,2537.48,2642.20,0.00,3852144257.48,6417840394.74,0.00,0.00,0.00,0.00,210116618,888405270,1380660039,382110230
18446744072764.71,5786059.34,11228281.84,1501900.05,5442222.51,2340.12,2340.12,2473.60,0.00,3852144257.48,6417840394.74,0.00,0.00,0.00,0.00,209218266,888553831,1380660039,383459093
18446744072766.71,5788551.92,11230774.43,1504546.72,5442222.51,2492.59,2492.59,2646.67,0.00,3852144257.48,6417840394.74,0.00,0.00,0.00,0.00,209717927,888692272,1380660039,383459093
18446744072768.71,5790783.88,11233251.43,1506548.52,5442467.55,2231.96,2477.00,2001.79,245.04,3852144257.48,6417840394.74,0.00,0.00,0.00,0.00,208656405,888841387,1380660039,384942882
18446744072770.71,5793454.92,11237959.29,1506548.52,5444504.37,2671.04,4707.86,0.00,2036.82,3852144257.48,6417840394.74,0.00,0.00,0.00,0.00,209093079,889088499,1380660039,384942882
18446744072772.71,5796012.17,11242601.82,1506548.52,5446589.66,2557.25,4642.54,0.00,2085.29,3852144257.48,6417840394.74,0.00,0.00,0.00,0.00,209312731,889523502,1380660039,384942882
18446744072774.71,5798340.70,11246781.78,1506548.52,5448441.08,2328.54,4179.96,0.00,1851.42,3852144257.48,6417840394.74,0.00,0.00,0.00,0.00,209374243,890058095,1381950819,384942882
18446744072776.71,5799936.04,11250252.61,1506548.52,5450316.56,1595.34,3470.82,0.00,1875.48,3852144257.48,6417840394.74,0.00,0.00,0.00,0.00,209427042,890413703,1381950819,384942882
18446744072778.71,5801635.31,11253965.86,1506548.52,5452330.55,1699.27,3713.26,0.00,2013.99,3852144257.48,6417840394.74,0.00,0.00,0.00,0.00,209525112,890750645,1382828710,384942882
18446744072780.71,5804125.97,11258627.47,1506548.52,5454501.50,2490.66,4661.61,0.00,2170.95,3852144257.48,6417840394.74,0.00,0.00,0.00,0.00,209701616,891211750,1382828710,384942882
18446744072782.71,5806080.04,11262753.16,1506548.52,5456673.11,1954.07,4125.69,0.00,2171.61,3852144257.48,6417840394.74,0.00,0.00,0.00,0.00,209903875,891509734,1383807207,384942882
18446744072784.71,5806080.04,11265588.44,1506548.52,5459508.39,0.00,2835.28,0.00,2835.28,3852144257.48,6417840394.74,0.00,0.00,0.00,0.00,209903875,891509734,1383807207,384942882
18446744072786.71,5806080.04,11268039.79,1506548.52,5461959.75,0.00,2451.35,0.00,2451.35,3852144257.48,6417840394.74,0.00,0.00,0.00,0.00,209903875,891509734,1383807207,384942882
18446744072788.71,5806512.03,11271085.04,1506548.52,5464573.01,431.98,3045.25,0.00,2613.27,3852144257.48,6417840394.74,0.00,0.00,0.00,0.00,209939934,891584263,1386229613,384942882
18446744072790.71,5809015.77,11275341.13,1506548.52,5466325.36,2503.74,4256.09,0.00,1752.35,3852144257.48,6417840394.74,0.00,0.00,0.00,0.00,210236885,891928270,1386229613,384942882
18446744072792.71,5811479.61,11279231.65,1507043.17,5467752.04,2463.84,3890.52,494.66,1426.68,3852144257.48,6417840394.74,0.00,0.00,0.00,0.00,210447217,892348681,1387124617,384942882
18446744072794.71,5813967.92,11281719.96,1509694.94,5467752.04,2488.31,2488.31,2651.77,0.00,3852144257.48,6417840394.74,0.00,0.00,0.00,0.00,210639664,892793241,1387124617,384942882
18446744072796.86,5816317.96,11284070.00,1512352.42,5467752.04,2350.04,2350.04,2657.48,0.00,3852144257.48,6417840394.74,0.00,0.00,0.00,0.00,209393687,893163826,1387124617,386419885
18446744072798.86,5818368.05,11288298.43,1512352.42,5469930.38,2050.09,4228.43,0.00,2178.34,3852144257.48,6417840394.74,0.00,0.00,0.00,0.00,209607831,893474506,1387124617,386419885
18446744072800.86,5818368.05,11290754.09,1512352.42,5472386.04,0.00,2455.66,0.00,2455.66,3852144257.48,6417840394.74,0.00,0.00,0.00,0.00,209607831,893474506,1387124617,386419885
18446744072802.86,5818368.05,11293259.70,1512352.42,5474891.64,0.00,2505.61,0.00,2505.61,3852144257.48,6417840394.74,0.00,0.00,0.00,0.00,209607831,893474506,1387124617,386419885
18446744072804.86,5818368.05,11295463.33,1512352.42,5477095.27,0.00,2203.63,0.00,2203.63,3852144257.48,6417840394.74,0.00,0.00,0.00,0.00,209607831,893474506,1387124617,386419885
18446744072806.86,5818368.05,11297834.48,1512352.42,5479466.43,0.00,2371.16,0.00,2371.16,3852144257.48,6417840394.74,0.00,0.00,0.00,0.00,209607831,893474506,1387124617,386419885
18446744072808.86,5820382.64,11301460.95,1512352.42,5481078.31,2014.59,3626.46,0.00,1611.88,3852144257.48,6417840394.74,0.00,0.00,0.00,0.00,209737553,893860518,1390184635,386419885
18446744072810.86,5822824.28,11305690.63,1512352.42,5482866.36,2441.64,4229.68,0.00,1788.05,3852144257.48,6417840394.74,0.00,0.00,0.00,0.00,209797466,894425664,1390184635,386419885
18446744072812.86,5825176.16,11310175.83,1512352.42,5484999.67,2351.88,4485.20,0.00,2133.32,3852144257.48,6417840394.74,0.00,0.00,0.00,0.00,209928710,894896502,1391050713,386419885
18446744072814.86,5827690.88,11314904.97,1512352.42,5487214.09,2514.72,4729.14,0.00,2214.42,3852144257.48,6417840394.74,0.00,0.00,0.00,0.00,210076067,895392913,1391050713,386419885
18446744072816.86,5829832.24,11319169.88,1512352.42,5489337.64,2141.36,4264.91,0.00,2123.55,3852144257.48,6417840394.74,0.00,0.00,0.00,0.00,210205188,895811981,1392191513,386419885
18446744072818.86,5830656.04,11322543.12,1512352.42,5491887.07,823.80,3373.24,0.00,2549.44,3852144257.48,6417840394.74,0.00,0.00,0.00,0.00,210264805,895963257,1392191513,386419885
18446744072820.86,5832624.07,11325053.88,1514456.33,5492429.81,1968.03,2510.77,2103.91,542.74,3852144257.48,6417840394.74,0.00,0.00,0.00,0.00,210392710,896339167,1393244815,386419885
18446744072822.86,5835108.45,11327538.27,1517111.70,5492429.81,2484.38,2484.38,2655.37,0.00,3852144257.48,6417840394.74,0.00,0.00,0.00,0.00,210520865,896847014,1393244815,386419885
18446744072824.86,5837217.64,11330378.68,1518206.86,5493161.03,2109.19,2840.41,1095.16,731.22,3852144257.48,6417840394.74,0.00,0.00,0.00,0.00,209079445,897329658,1393244815,387918614
18446744072826.86,5839770.77,11334760.03,1518206.86,5494989.27,2553.12,4381.36,0.00,1828.23,3852144257.48,6417840394.74,0.00,0.00,0.00,0.00,209116346,897946356,1393244815,387918614
18446744072828.86,5842040.10,11338859.19,1518206.86,5496819.09,2269.33,4099.16,0.00,1829.82,3852144257.48,6417840394.74,0.00,0.00,0.00,0.00,209175910,898467741,1394241279,387918614
18446744072830.86,5842944.02,11342394.61,1518206.86,5499450.58,903.93,3535.42,0.00,2631.49,3852144257.48,6417840394.74,0.00,0.00,0.00,0.00,209198334,898676722,1394241279,387918614
18446744072832.86,5842944.02,11344940.09,1518206.86,5501996.07,0.00,2545.48,0.00,2545.48,3852144257.48,6417840394.74,0.00,0.00,0.00,0.00,209198334,898676722,1394241279,387918614
18446744072834.86,5842944.02,11347808.91,1518206.86,5504864.88,0.00,2868.82,0.00,2868.82,3852144257.48,6417840394.74,0.00,0.00,0.00,0.00,209198334,898676722,1394241279,387918614
18446744072836.86,5844493.68,11351560.80,1518206.86,5507067.13,1549.65,3751.90,0.00,2202.25,3852144257.48,6417840394.74,0.00,0.00,0.00,0.00,209209218,899062549,1396630992,387918614
18446744072838.86,5847002.07,11356276.07,1518206.86,5509274.00,2508.40,4715.27,0.00,2206.87,3852144257.48,6417840394.74,0.00,0.00,0.00,0.00,209293377,899620540,1396630992,387918614
18446744072840.86,5849088.04,11360482.43,1518206.86,5511394.39,2085.96,4206.36,0.00,2120.39,3852144257.48,6417840394.74,0.00,0.00,0.00,0.00,209381965,900065959,1397843920,387918614
18446744072842.86,5849088.04,11363162.12,1518206.86,5514074.08,0.00,2679.68,0.00,2679.68,3852144257.48,6417840394.74,0.00,0.00,0.00,0.00,209381965,900065959,1397843920,387918614
18446744072844.86,5849088.04,11365736.94,1518206.86,5516648.90,0.00,2574.82,0.00,2574.82,3852144257.48,6417840394.74,0.00,0.00,0.00,0.00,209381965,900065959,1397843920,387918614
18446744072846.94,5849088.04,11368511.56,1518206.86,5519423.52,0.00,2774.62,0.00,2774.62,3852144257.48,6417840394.74,0.00,0.00,0.00,0.00,209381965,900065959,1397843920,387918614
18446744072848.94,5849088.04,11370727.67,1518206.86,5521639.63,0.00,2216.11,0.00,2216.11,3852144257.48,6417840394.74,0.00,0.00,0.00,0.00,209381965,900065959,1397843920,387918614
18446744072850.94,5849088.04,11372833.87,1518206.86,5523745.83,0.00,2106.20,0.00,2106.20,3852144257.48,6417840394.74,0.00,0.00,0.00,0.00,209381965,900065959,1397843920,387918614
18446744072852.94,5849088.04,11375064.26,1518206.86,5525976.22,0.00,2230.39,0.00,2230.39,3852144257.48,6417840394.74,0.00,0.00,0.00,0.00,209381965,900065959,1397843920,387918614
18446744072854.94,5849088.04,11377710.02,1518206.86,5528621.98,0.00,2645.76,0.00,2645.76,3852144257.48,6417840394.74,0.00,0.00,0.00,0.00,209381965,900065959,1397843920,387918614
18446744072857.02,5849089.04,11380492.87,1518206.86,5531403.83,1.00,2782.85,0.00,2781.85,3852144257.48,6417840394.74,0.00,0.00,0.00,0.00,209381965,900066215,1403202726,387918614
18446744072859.02,5851535.72,11384757.67,1518206.86,5533221.95,2446.68,4264.80,0.00,1818.12,3852144257.48,6417840394.74,0.00,0.00,0.00,0.00,209546181,900528349,1403202726,387918614
18446744072861.02,5853858.42,11388770.02,1518206.86,5534911.59,2322.70,4012.34,0.00,1689.64,3852144257.48,6417840394.74,0.00,0.00,0.00,0.00,209594622,901074520,1404097846,387918614
18446744072863.02,5856315.92,11393238.26,1518206.86,5536922.34,2457.50,4468.25,0.00,2010.75,3852144257.48,6417840394.74,0.00,0.00,0.00,0.00,209659477,901638785,1404097846,387918614
18446744072865.02,5858625.59,11397664.97,1518206.86,5539039.38,2309.67,4426.71,0.00,2117.04,3852144257.48,6417840394.74,0.00,0.00,0.00,0.00,209754803,902134734,1405070112,387918614
18446744072867.02,5861102.09,11402502.41,1518206.86,5541400.32,2476.50,4837.44,0.00,2360.93,3852144257.48,6417840394.74,0.00,0.00,0.00,0.00,209867470,902656052,1405070112,387918614
18446744072869.02,5861376.04,11405167.14,1518206.86,5543791.11,273.94,2664.73,0.00,2390.79,3852144257.48,6417840394.74,0.00,0.00,0.00,0.00,209881544,902712107,1405070112,387918614
18446744072871.02,5861376.04,11408011.91,1518206.86,5546635.88,0.00,2844.77,0.00,2844.77,3852144257.48,6417840394.74,0.00,0.00,0.00,0.00,209881544,902712107,1405070112,387918614
18446744072873.02,5861376.04,11410495.46,1518206.86,5549119.42,0.00,2483.54,0.00,2483.54,3852144257.48,6417840394.74,0.00,0.00,0.00,0.00,209881544,902712107,1405070112,387918614
18446744072875.02,5861376.04,11412816.76,1518206.86,5551440.72,0.00,2321.30,0.00,2321.30,3852144257.48,6417840394.74,0.00,0.00,0.00,0.00,209881544,902712107,1405070112,387918614
18446744072877.02,5861376.04,11415142.12,1518206.86,5553766.09,0.00,2325.37,0.00,2325.37,3852144257.48,6417840394.74,0.00,0.00,0.00,0.00,209881544,902712107,1405070112,387918614
18446744072879.04,5861377.04,11417798.15,1518206.86,5556421.11,1.00,2656.02,0.00,2655.02,3852144257.48,6417840394.74,0.00,0.00,0.00,0.00,209881544,902712363,1409514831,387918614
18446744072881.04,5863883.85,11422039.02,1518206.86,5558155.17,2506.81,4240.87,0.00,1734.05,3852144257.48,6417840394.74,0.00,0.00,0.00,0.00,210140897,903094754,1409514831,387918614
18446744072883.06,5866406.45,11426426.20,1518206.86,5560019.75,2522.60,4387.18,0.00,1864.58,3852144257.48,6417840394.74,0.00,0.00,0.00,0.00,210246094,903635342,1410436065,387918614
18446744072885.06,5868924.93,11428944.68,1520851.24,5560019.75,2518.49,2518.49,2644.38,0.00,3852144257.48,6417840394.74,0.00,0.00,0.00,0.00,210334658,904191511,1410436065,387918614
18446744072887.06,5871384.41,11431404.16,1523507.37,5560019.75,2459.47,2459.47,2656.12,0.00,3852144257.48,6417840394.74,0.00,0.00,0.00,0.00,210420524,904735270,1410436065,387918614
18446744072889.06,5873585.46,11435042.48,1524061.74,5561457.02,2201.06,3638.33,554.37,1437.27,3852144257.48,6417840394.74,0.00,0.00,0.00,0.00,209001820,905218663,1410436065,389417396
18446744072891.06,5876093.29,11439549.60,1524061.74,5563456.31,2507.82,4507.11,0.00,1999.29,3852144257.48,6417840394.74,0.00,0.00,0.00,0.00,209091824,905770661,1410436065,389417396
18446744072893.06,5878437.04,11443829.68,1524061.74,5565392.64,2343.75,4280.08,0.00,1936.33,3852144257.48,6417840394.74,0.00,0.00,0.00,0.00,209173505,906288980,1411239083,389417396
18446744072895.06,5879808.00,11447697.77,1524061.74,5567889.77,1370.97,3868.09,0.00,2497.12,3852144257.48,6417840394.74,0.00,0.00,0.00,0.00,209226270,906587183,1411239083,389417396
18446744072897.06,5879808.00,11450084.43,1524061.74,5570276.43,0.00,2386.66,0.00,2386.66,3852144257.48,6417840394.74,0.00,0.00,0.00,0.00,209226270,906587183,1411239083,389417396
18446744072899.06,5879808.00,11452792.36,1524061.74,5572984.36,0.00,2707.93,0.00,2707.93,3852144257.48,6417840394.74,0.00,0.00,0.00,0.00,209226270,906587183,1411239083,389417396
18446744072901.06,5879808.00,11455092.91,1524061.74,5575284.91,0.00,2300.55,0.00,2300.55,3852144257.48,6417840394.74,0.00,0.00,0.00,0.00,209226270,906587183,1411239083,389417396
18446744072903.06,5880942.05,11458164.03,1524061.74,5577221.97,1134.05,3071.11,0.00,1937.06,3852144257.48,6417840394.74,0.00,0.00,0.00,0.00,209258628,906845142,1414386591,389417396
18446744072905.06,5883432.65,11462432.45,1524061.74,5578999.79,2490.60,4268.42,0.00,1777.82,3852144257.48,6417840394.74,0.00,0.00,0.00,0.00,209354555,907386808,1414386591,389417396
18446744072907.06,5885795.73,11466656.27,1524061.74,5580860.54,2363.07,4223.82,0.00,1860.75,3852144257.48,6417840394.74,0.00,0.00,0.00,0.00,209489015,907857295,1415332176,389417396
18446744072909.06,5885952.02,11469529.45,1524061.74,5583577.43,156.29,2873.18,0.00,2716.89,3852144257.48,6417840394.74,0.00,0.00,0.00,0.00,209502149,907884172,1415332176,389417396
18446744072911.06,5887454.19,11473371.37,1524061.74,5585917.18,1502.17,3841.93,0.00,2339.76,3852144257.48,6417840394.74,0.00,0.00,0.00,0.00,209592496,908178380,1416441325,389417396
18446744072913.06,5889891.15,11478035.69,1524061.74,5588144.54,2436.96,4664.32,0.00,2227.35,3852144257.48,6417840394.74,0.00,0.00,0.00,0.00,209695722,908699017,1416441325,389417396
18446744072915.06,5892096.00,11482038.24,1524061.74,5589942.23,2204.85,4002.55,0.00,1797.70,3852144257.48,6417840394.74,0.00,0.00,0.00,0.00,209792574,909166607,1417221525,389417396
18446744072917.06,5892096.00,11484281.44,1524061.74,5592185.44,0.00,2243.20,0.00,2243.20,3852144257.48,6417840394.74,0.00,0.00,0.00,0.00,209792574,909166607,1417221525,389417396
18446744072919.06,5892096.00,11486668.33,1524061.74,5594572.33,0.00,2386.89,0.00,2386.89,3852144257.48,6417840394.74,0.00,0.00,0.00,0.00,209792574,909166607,1417221525,389417396
18446744072921.09,5892096.00,11489623.10,1524061.74,5597527.09,0.00,2954.77,0.00,2954.77,3852144257.48,6417840394.74,0.00,0.00,0.00,0.00,209792574,909166607,1417221525,389417396
18446744072923.09,5892096.00,11492279.96,1524061.74,5600183.95,0.00,2656.86,0.00,2656.86,3852144257.48,6417840394.74,0.00,0.00,0.00,0.00,209792574,909166607,1417221525,389417396
18446744072925.09,5892096.00,11494823.15,1524061.74,5602727.14,0.00,2543.19,0.00,2543.19,3852144257.48,6417840394.74,0.00,0.00,0.00,0.00,209792574,909166607,1417221525,389417396
18446744072927.09,5892096.00,11497092.74,1524061.74,5604996.73,0.00,2269.59,0.00,2269.59,3852144257.48,6417840394.74,0.00,0.00,0.00,0.00,209792574,909166607,1417221525,389417396
18446744072929.09,5893689.01,11500457.86,1524061.74,5606768.85,1593.01,3365.12,0.00,1772.11,3852144257.48,6417840394.74,0.00,0.00,0.00,0.00,209866071,909500920,1421492316,389417396
18446744072931.09,5896188.70,11504760.48,1524061.74,5608571.79,2499.68,4302.62,0.00,1802.94,3852144257.48,6417840394.74,0.00,0.00,0.00,0.00,209970311,910036599,1421492316,389417396
18446744072933.09,5898240.03,11508639.58,1524061.74,5610399.55,2051.33,3879.10,0.00,1827.77,3852144257.48,6417840394.74,0.00,0.00,0.00,0.00,210058955,910473096,1422381696,389417396
18446744072935.09,5898240.03,11511527.60,1524061.74,5613287.57,0.00,2888.02,0.00,2888.02,3852144257.48,6417840394.74,0.00,0.00,0.00,0.00,210058955,910473096,1422381696,389417396
18446744072937.09,5898240.03,11513716.56,1524061.74,5615476.53,0.00,2188.96,0.00,2188.96,3852144257.48,6417840394.74,0.00,0.00,0.00,0.00,210058955,910473096,1422381696,389417396
18446744072939.09,5898598.59,11516189.35,1524061.74,5617590.76,358.57,2472.79,0.00,2114.23,3852144257.48,6417840394.74,0.00,0.00,0.00,0.00,210073478,910550366,1424333677,389417396
18446744072941.09,5901109.36,11521050.94,1524061.74,5619941.58,2510.77,4861.59,0.00,2350.82,3852144257.48,6417840394.74,0.00,0.00,0.00,0.00,210188193,911078407,1424333677,389417396
18446744072943.09,5903746.24,11525895.83,1524061.74,5622149.59,2636.88,4844.89,0.00,2208.01,3852144257.48,6417840394.74,0.00,0.00,0.00,0.00,210298878,911642763,1424333677,389417396
18446744072945.09,5906209.52,11528655.89,1526238.48,5622446.37,2463.29,2760.06,2176.74,296.78,3852144257.48,6417840394.74,0.00,0.00,0.00,0.00,210384895,912187347,1425649403,389417396
18446744072947.09,5908732.93,11531179.30,1528904.45,5622446.37,2523.41,2523.41,2665.97,0.00,3852144257.48,6417840394.74,0.00,0.00,0.00,0.00,210472190,912746044,1425649403,389417396
18446744072949.09,5910528.04,11533961.67,1530013.47,5623433.63,1795.11,2782.37,1109.02,987.26,3852144257.48,6417840394.74,0.00,0.00,0.00,0.00,209002627,913151512,1425649403,390941039
18446744072951.09,5910528.04,11536263.26,1530013.47,5625735.22,0.00,2301.59,0.00,2301.59,3852144257.48,6417840394.74,0.00,0.00,0.00,0.00,209002627,913151512,1425649403,390941039
18446744072953.09,5910528.04,11538945.65,1530013.47,5628417.61,0.00,2682.39,0.00,2682.39,3852144257.48,6417840394.74,0.00,0.00,0.00,0.00,209002627,913151512,1425649403,390941039
18446744072955.09,5912057.66,11542854.04,1530013.47,5630796.38,1529.62,3908.39,0.00,2378.77,3852144257.48,6417840394.74,0.00,0.00,0.00,0.00,209050884,913494838,1427424674,390941039
18446744072957.09,5914592.45,11547667.03,1530013.47,5633074.59,2534.79,4812.99,0.00,2278.20,3852144257.48,6417840394.74,0.00,0.00,0.00,0.00,209130919,914063708,1427424674,390941039
18446744072959.09,5916999.15,11552070.80,1530013.47,5635071.65,2406.71,4403.77,0.00,1997.07,3852144257.48,6417840394.74,0.00,0.00,0.00,0.00,209212876,914597868,1428664659,390941039
18446744072961.09,5919602.75,11557004.19,1530013.47,5637401.43,2603.60,4933.38,0.00,2329.78,3852144257.48,6417840394.74,0.00,0.00,0.00,0.00,209294791,915182475,1428664659,390941039
18446744072963.09,5922008.79,11561353.85,1530013.47,5639345.07,2406.03,4349.66,0.00,1943.63,3852144257.48,6417840394.74,0.00,0.00,0.00,0.00,209373207,915720003,1429854661,390941039
18446744072965.09,5922816.02,11564627.20,1530013.47,5641811.17,807.24,3273.34,0.00,2466.11,3852144257.48,6417840394.74,0.00,0.00,0.00,0.00,209399124,915900739,1429854661,390941039
18446744072967.09,5924108.80,11567954.52,1530013.47,5643845.72,1292.78,3327.33,0.00,2034.55,3852144257.48,6417840394.74,0.00,0.00,0.00,0.00,209448461,916182353,1430890897,390941039
18446744072969.09,5926621.82,11572236.08,1530013.47,5645614.26,2513.02,4281.55,0.00,1768.54,3852144257.48,6417840394.74,0.00,0.00,0.00,0.00,209565072,916709075,1430890897,390941039
18446744072971.09,5928960.02,11576451.70,1530013.47,5647491.68,2338.20,4215.62,0.00,1877.42,3852144257.48,6417840394.74,0.00,0.00,0.00,0.00,209634809,917237916,1431811324,390941039
18446744072973.09,5928960.02,11579216.90,1530013.47,5650256.88,0.00,2765.20,0.00,2765.20,3852144257.48,6417840394.74,0.00,0.00,0.00,0.00,209634809,917237916,1431811324,390941039
18446744072975.09,5928960.02,11581770.94,1530013.47,5652810.92,0.00,2554.04,0.00,2554.04,3852144257.48,6417840394.74,0.00,0.00,0.00,0.00,209634809,917237916,1431811324,390941039
18446744072977.09,5928960.02,11584447.16,1530013.47,5655487.14,0.00,2676.22,0.00,2676.22,3852144257.48,6417840394.74,0.00,0.00,0.00,0.00,209634809,917237916,1431811324,390941039
18446744072979.09,5928960.02,11586586.89,1530013.47,5657626.87,0.00,2139.73,0.00,2139.73,3852144257.48,6417840394.74,0.00,0.00,0.00,0.00,209634809,917237916,1431811324,390941039
18446744072981.09,5928960.02,11588701.71,1530013.47,5659741.70,0.00,2114.83,0.00,2114.83,3852144257.48,6417840394.74,0.00,0.00,0.00,0.00,209634809,917237916,1431811324,390941039
18446744072983.09,5928960.02,11590903.76,1530013.47,5661943.74,0.00,2202.04,0.00,2202.04,3852144257.48,6417840394.74,0.00,0.00,0.00,0.00,209634809,917237916,1431811324,390941039
18446744072985.09,5930424.35,11594211.59,1530013.47,5663787.24,1464.33,3307.83,0.00,1843.50,3852144257.48,6417840394.74,0.00,0.00,0.00,0.00,209683847,917563747,1435944651,390941039
18446744072987.09,5932889.72,11598466.12,1530013.47,5665576.39,2465.38,4254.53,0.00,1789.16,3852144257.48,6417840394.74,0.00,0.00,0.00,0.00,209747608,918131122,1435944651,390941039
18446744072989.09,5935239.24,11602806.96,1530013.47,5667567.72,2349.52,4340.84,0.00,1991.32,3852144257.48,6417840394.74,0.00,0.00,0.00,0.00,209813300,918666907,1436845551,390941039
18446744072991.09,5937723.35,11607407.12,1530013.47,5669683.77,2484.11,4600.16,0.00,2116.05,3852144257.48,6417840394.74,0.00,0.00,0.00,0.00,209890530,919225608,1436845551,390941039
18446744072993.09,5940043.05,11611873.58,1530013.47,5671830.53,2319.70,4466.46,0.00,2146.76,3852144257.48,6417840394.74,0.00,0.00,0.00,0.00,209958218,919751764,1437805510,390941039
18446744072995.09,5941248.02,11615439.01,1530013.47,5674190.99,1204.97,3565.43,0.00,2360.46,3852144257.48,6417840394.74,0.00,0.00,0.00,0.00,209988277,920030177,1437805510,390941039
18446744072997.09,5941248.02,11617960.37,1530013.47,5676712.35,0.00,2521.36,0.00,2521.36,3852144257.48,6417840394.74,0.00,0.00,0.00,0.00,209988277,920030177,1437805510,390941039
18446744072999.10,5941248.02,11620715.55,1530013.47,5679467.53,0.00,2755.18,0.00,2755.18,3852144257.48,6417840394.74,0.00,0.00,0.00,0.00,209988277,920030177,1437805510,390941039
18446744073001.10,5943591.88,11625101.62,1530013.47,5681509.74,2343.86,4386.07,0.00,2042.21,3852144257.48,6417840394.74,0.00,0.00,0.00,0.00,210047861,920570621,1440221425,390941039
18446744073003.10,5946080.21,11629819.45,1530013.47,5683739.23,2488.34,4717.83,0.00,2229.50,3852144257.48,6417840394.74,0.00,0.00,0.00,0.00,210101382,921154114,1440221425,390941039
18446744073005.10,5947392.05,11633425.14,1530013.47,5686033.08,1311.84,3605.69,0.00,2293.85,3852144257.48,6417840394.74,0.00,0.00,0.00,0.00,210135932,921455395,1441465666,390941039
18446744073007.11,5947393.05,11636098.12,1530013.47,5688705.06,1.00,2672.98,0.00,2671.98,3852144257.48,6417840394.74,0.00,0.00,0.00,0.00,210135940,921455643,1442554127,390941039
18446744073009.11,5949900.87,11638605.93,1532665.00,5688705.06,2507.81,2507.81,2651.53,0.00,3852144257.48,6417840394.74,0.00,0.00,0.00,0.00,210247967,921985616,1442554127,390941039
18446744073011.11,5952423.41,11641128.47,1535324.32,5688705.06,2522.54,2522.54,2659.32,0.00,3852144257.48,6417840394.74,0.00,0.00,0.00,0.00,210331828,922547526,1442554127,390941039
18446744073013.11,5953536.06,11643716.61,1535842.43,5690180.55,1112.65,2588.14,518.11,1475.48,3852144257.48,6417840394.74,0.00,0.00,0.00,0.00,208870593,922801399,1442554127,392433240
18446744073015.11,5953536.06,11646290.21,1535842.43,5692754.15,0.00,2573.61,0.00,2573.61,3852144257.48,6417840394.74,0.00,0.00,0.00,0.00,208870593,922801399,1442554127,392433240
18446744073017.11,5953536.06,11648479.54,1535842.43,5694943.48,0.00,2189.32,0.00,2189.32,3852144257.48,6417840394.74,0.00,0.00,0.00,0.00,208870593,922801399,1442554127,392433240
18446744073019.11,5954861.77,11651640.34,1535842.43,5696778.58,1325.70,3160.80,0.00,1835.10,3852144257.48,6417840394.74,0.00,0.00,0.00,0.00,208915605,923095767,1444387024,392433240
18446744073021.11,5957324.53,11656129.52,1535842.43,5698804.99,2462.76,4489.17,0.00,2026.41,3852144257.48,6417840394.74,0.00,0.00,0.00,0.00,208993377,923648462,1444387024,392433240
18446744073023.11,5959670.38,11660441.51,1535842.43,5700771.14,2345.85,4312.00,0.00,1966.15,3852144257.48,6417840394.74,0.00,0.00,0.00,0.00,209068932,924173444,1445443627,392433240
18446744073025.11,5959680.02,11663202.80,1535842.43,5703522.78,9.64,2761.29,0.00,2751.64,3852144257.48,6417840394.74,0.00,0.00,0.00,0.00,209068932,924175912,1445443627,392433240
18446744073027.11,5961121.04,11666650.17,1535842.43,5705529.13,1441.02,3447.37,0.00,2006.35,3852144257.48,6417840394.74,0.00,0.00,0.00,0.00,209111003,924502742,1446578629,392433240
18446744073029.11,5963680.71,11671412.41,1535842.43,5707731.70,2559.68,4762.24,0.00,2202.57,3852144257.48,6417840394.74,0.00,0.00,0.00,0.00,209196775,925072247,1446578629,392433240
18446744073031.11,5965824.04,11675526.75,1535842.43,5709702.71,2143.33,4114.34,0.00,1971.01,3852144257.48,6417840394.74,0.00,0.00,0.00,0.00,209261475,925556240,1447558063,392433240
18446744073033.11,5965824.04,11677790.36,1535842.43,5711966.31,0.00,2263.60,0.00,2263.60,3852144257.48,6417840394.74,0.00,0.00,0.00,0.00,209261475,925556240,1447558063,392433240
18446744073035.11,5967555.99,11681240.02,1535842.43,5713684.04,1731.95,3449.67,0.00,1717.72,3852144257.48,6417840394.74,0.00,0.00,0.00,0.00,209308448,925952645,1448465484,392433240
18446744073037.11,5970059.68,11685546.70,1535842.43,5715487.02,2503.69,4306.68,0.00,1802.98,3852144257.48,6417840394.74,0.00,0.00,0.00,0.00,209372696,926529342,1448465484,392433240
18446744073039.11,5971968.02,11689418.41,1535842.43,5717450.39,1908.34,3871.71,0.00,1963.37,3852144257.48,6417840394.74,0.00,0.00,0.00,0.00,209426796,926963776,1449401618,392433240
18446744073041.11,5971968.02,11692081.88,1535842.43,5720113.86,0.00,2663.47,0.00,2663.47,3852144257.48,6417840394.74,0.00,0.00,0.00,0.00,209426796,926963776,1449401618,392433240
18446744073043.11,5971968.02,11694644.06,1535842.43,5722676.05,0.00,2562.19,0.00,2562.19,3852144257.48,6417840394.74,0.00,0.00,0.00,0.00,209426796,926963776,1449401618,392433240
18446744073045.11,5971968.02,11697108.54,1535842.43,5725140.53,0.00,2464.48,0.00,2464.48,3852144257.48,6417840394.74,0.00,0.00,0.00,0.00,209426796,926963776,1449401618,392433240
18446744073047.11,5971968.02,11699454.98,1535842.43,5727486.97,0.00,2346.44,0.00,2346.44,3852144257.48,6417840394.74,0.00,0.00,0.00,0.00,209426796,926963776,1449401618,392433240
18446744073049.11,5971968.02,11701763.61,1535842.43,5729795.60,0.00,2308.63,0.00,2308.63,3852144257.48,6417840394.74,0.00,0.00,0.00,0.00,209426796,926963776,1449401618,392433240
18446744073051.11,5971968.02,11704300.55,1535842.43,5732332.54,0.00,2536.94,0.00,2536.94,3852144257.48,6417840394.74,0.00,0.00,0.00,0.00,209426796,926963776,1449401618,392433240
18446744073053.11,5973917.02,11707963.29,1535842.43,5734046.28,1949.00,3662.74,0.00,1713.74,3852144257.48,6417840394.74,0.00,0.00,0.00,0.00,209476782,927412734,1453616648,392433240
18446744073055.11,5976377.69,11712271.90,1535842.43,5735894.21,2460.68,4308.61,0.00,1847.93,3852144257.48,6417840394.74,0.00,0.00,0.00,0.00,209552024,927967425,1453616648,392433240
18446744073057.11,5978760.62,11716677.70,1535842.43,5737917.07,2382.93,4405.80,0.00,2022.87,3852144257.48,6417840394.74,0.00,0.00,0.00,0.00,209609332,928520148,1454545825,392433240
18446744073059.11,5981131.62,11720867.18,1535842.43,5739735.56,2371.00,4189.48,0.00,1818.48,3852144257.48,6417840394.74,0.00,0.00,0.00,0.00,209664170,929072286,1455406889,392433240
18446744073061.11,5983676.68,11725526.28,1535842.43,5741849.61,2545.05,4659.10,0.00,2114.05,3852144257.48,6417840394.74,0.00,0.00,0.00,0.00,210078868,929309121,1455406889,392433240
18446744073063.11,5984342.30,11728671.35,1535927.57,5744329.05,665.62,3145.07,85.15,2479.44,3853099341.93,6418826282.19,955084.45,985887.45,0.00,0.00,210230569,929327820,1456595125,392433240
18446744073065.11,5986786.65,11731115.70,1538578.49,5744329.05,2444.35,2444.35,2650.91,0.00,3853099341.93,6418826282.19,0.00,0.00,0.00,0.00,210705869,929478274,1456595125,392433240
18446744073067.11,5989238.21,11733567.26,1541240.62,5744329.05,2451.56,2451.56,2662.14,0.00,3853099341.93,6418826282.19,0.00,0.00,0.00,0.00,210780450,930031293,1456595125,392433240
18446744073069.11,5990400.02,11736290.20,1541716.84,5745890.18,1161.80,2722.94,476.21,1561.13,3853099341.93,6418826282.19,0.00,0.00,0.00,0.00,209302040,930303275,1456595125,393937090
18446744073071.11,5990400.02,11739060.13,1541716.84,5748660.11,0.00,2769.93,0.00,2769.93,3853099341.93,6418826282.19,0.00,0.00,0.00,0.00,209302040,930303275,1456595125,393937090
18446744073073.11,5992534.01,11743303.57,1541716.84,5750769.55,2133.99,4243.44,0.00,2109.45,3853099341.93,6418826282.19,0.00,0.00,0.00,0.00,209350783,930800834,1457706390,393937090
18446744073075.11,5994970.89,11748124.52,1541716.84,5753153.62,2436.88,4820.95,0.00,2384.07,3853099341.93,6418826282.19,0.00,0.00,0.00,0.00,209446776,931328683,1457706390,393937090
18446744073077.11,5996544.04,11751551.66,1541716.84,5755007.62,1573.14,3427.14,0.00,1854.00,3853099341.93,6418826282.19,0.00,0.00,0.00,0.00,209516921,931661263,1458954316,393937090
18446744073079.11,5996544.04,11754134.89,1541716.84,5757590.86,0.00,2583.23,0.00,2583.23,3853099341.93,6418826282.19,0.00,0.00,0.00,0.00,209516921,931661263,1458954316,393937090
18446744073081.11,5996544.04,11756986.20,1541716.84,5760442.16,0.00,2851.30,0.00,2851.30,3853099341.93,6418826282.19,0.00,0.00,0.00,0.00,209516921,931661263,1458954316,393937090
18446744073083.11,5996544.04,11759618.35,1541716.84,5763074.31,0.00,2632.15,0.00,2632.15,3853099341.93,6418826282.19,0.00,0.00,0.00,0.00,209516921,931661263,1458954316,393937090
18446744073085.11,5996544.04,11762492.95,1541716.84,5765948.91,0.00,2874.61,0.00,2874.61,3853099341.93,6418826282.19,0.00,0.00,0.00,0.00,209516921,931661263,1458954316,393937090
18446744073087.11,5996544.04,11764807.44,1541716.84,5768263.40,0.00,2314.49,0.00,2314.49,3853099341.93,6418826282.19,0.00,0.00,0.00,0.00,209516921,931661263,1458954316,393937090
18446744073089.11,5996544.04,11766987.07,1541716.84,5770443.03,0.00,2179.63,0.00,2179.63,3853099341.93,6418826282.19,0.00,0.00,0.00,0.00,209516921,931661263,1458954316,393937090
18446744073091.11,5996544.04,11769131.12,1541716.84,5772587.09,0.00,2144.05,0.00,2144.05,3853099341.93,6418826282.19,0.00,0.00,0.00,0.00,209516921,931661263,1458954316,393937090
18446744073093.11,5997036.65,11771717.05,1541716.84,5774680.40,492.61,2585.93,0.00,2093.32,3853099341.93,6418826282.19,0.00,0.00,0.00,0.00,209528448,931775844,1464157384,393937090
18446744073095.11,5999543.29,11775904.70,1541716.84,5776361.41,2506.64,4187.64,0.00,1681.01,3853099341.93,6418826282.19,0.00,0.00,0.00,0.00,209613891,932332100,1464157384,393937090
18446744073097.11,6001890.05,11779961.36,1541716.84,5778071.31,2346.76,4056.66,0.00,1709.90,3853099341.93,6418826282.19,0.00,0.00,0.00,0.00,209686059,932860703,1464981512,393937090
18446744073099.11,6002688.01,11783252.37,1541716.84,5780564.36,797.96,3291.02,0.00,2493.05,3853099341.93,6418826282.19,0.00,0.00,0.00,0.00,209825847,932925193,1464981512,393937090
18446744073101.11,6002688.01,11785787.52,1541716.84,5783099.51,0.00,2535.14,0.00,2535.14,3853099341.93,6418826282.19,0.00,0.00,0.00,0.00,209825847,932925193,1464981512,393937090
18446744073103.11,6002688.01,11787983.88,1541716.84,5785295.88,0.00,2196.37,0.00,2196.37,3853099341.93,6418826282.19,0.00,0.00,0.00,0.00,209825847,932925193,1464981512,393937090
18446744073105.11,6002688.01,11790340.23,1541716.84,5787652.22,0.00,2356.35,0.00,2356.35,3853099341.93,6418826282.19,0.00,0.00,0.00,0.00,209825847,932925193,1464981512,393937090
18446744073107.11,6002688.01,11792788.77,1541716.84,5790100.76,0.00,2448.54,0.00,2448.54,3853099341.93,6418826282.19,0.00,0.00,0.00,0.00,209825847,932925193,1464981512,393937090
18446744073109.11,6004987.84,11796755.00,1541716.84,5791767.16,2299.84,3966.23,0.00,1666.40,3853099341.93,6418826282.19,0.00,0.00,0.00,0.00,210317129,933022669,1468209474,393937090
18446744073111.11,6007484.13,11801103.67,1541716.84,5793619.54,2496.29,4348.67,0.00,1852.38,3853099341.93,6418826282.19,0.00,0.00,0.00,0.00,210843960,933134888,1468209474,393937090
18446744073113.11,6009970.79,11803946.64,1543830.33,5793975.85,2486.65,2842.96,2113.49,356.31,3853099341.93,6418826282.19,0.00,0.00,0.00,0.00,211116612,933498819,1469175331,393937090
18446744073115.11,6012497.54,11806473.39,1546488.23,5793975.85,2526.76,2526.76,2657.90,0.00,3853099341.93,6418826282.19,0.00,0.00,0.00,0.00,211180917,934081364,1469175331,393937090
18446744073117.11,6014765.76,11809812.96,1547363.19,5795047.20,2268.22,3339.56,874.96,1071.34,3853099341.93,6418826282.19,0.00,0.00,0.00,0.00,209789566,934607918,1469175331,395382551
18446744073119.11,6017403.76,11814707.21,1547363.19,5797303.45,2638.00,4894.25,0.00,2256.26,3853099341.93,6418826282.19,0.00,0.00,0.00,0.00,209852644,935220167,1469175331,395382551
18446744073121.11,6019718.51,11818969.25,1547363.19,5799250.74,2314.75,4262.04,0.00,1947.29,3853099341.93,6418826282.19,0.00,0.00,0.00,0.00,209916143,935749245,1470339107,395382551
18446744073123.11,6021120.04,11822877.21,1547363.19,5801757.18,1401.52,3907.96,0.00,2506.44,3853099341.93,6418826282.19,0.00,0.00,0.00,0.00,209954796,936069382,1470339107,395382551
18446744073125.11,6021120.04,11825509.09,1547363.19,5804389.05,0.00,2631.88,0.00,2631.88,3853099341.93,6418826282.19,0.00,0.00,0.00,0.00,209954796,936069382,1470339107,395382551
18446744073127.11,6021120.04,11827930.90,1547363.19,5806810.86,0.00,2421.81,0.00,2421.81,3853099341.93,6418826282.19,0.00,0.00,0.00,0.00,209954796,936069382,1470339107,395382551
18446744073129.11,6021120.04,11830283.59,1547363.19,5809163.56,0.00,2352.70,0.00,2352.70,3853099341.93,6418826282.19,0.00,0.00,0.00,0.00,209954796,936069382,1470339107,395382551
18446744073131.11,6022243.58,11833344.39,1547363.19,5811100.82,1123.54,3060.80,0.00,1937.26,3853099341.93,6418826282.19,0.00,0.00,0.00,0.00,209980330,936331475,1473377889,395382551
18446744073133.11,6024723.54,11837644.93,1547363.19,5812921.39,2479.96,4300.54,0.00,1820.57,3853099341.93,6418826282.19,0.00,0.00,0.00,0.00,210049196,936897480,1473377889,395382551
18446744073135.11,6027132.84,11841854.19,1547363.19,5814721.35,2409.30,4209.25,0.00,1799.96,3853099341.93,6418826282.19,0.00,0.00,0.00,0.00,210114610,937448846,1474252910,395382551
18446744073137.11,6029706.31,11846596.49,1547363.19,5816890.18,2573.47,4742.30,0.00,2168.84,3853099341.93,6418826282.19,0.00,0.00,0.00,0.00,210182711,938039553,1474252910,395382551
18446744073139.11,6032025.71,11850600.88,1548016.89,5818575.16,2319.41,4004.38,653.70,1684.98,3853099341.93,6418826282.19,0.00,0.00,0.00,0.00,210274883,938541149,1475468378,395382551
18446744073141.11,6034518.62,11853093.78,1550675.03,5818575.16,2492.90,2492.90,2658.14,0.00,3853099341.93,6418826282.19,0.00,0.00,0.00,0.00,210365854,939088361,1475468378,395382551
18446744073143.21,6036952.29,11855527.45,1553253.31,5818575.16,2433.68,2433.68,2578.29,0.00,3853099341.93,6418826282.19,0.00,0.00,0.00,0.00,208928103,939641263,1475468378,396890421
18446744073145.21,6039477.29,11859846.21,1553253.31,5820368.93,2525.00,4318.76,0.00,1793.77,3853099341.93,6418826282.19,0.00,0.00,0.00,0.00,209007961,940207804,1475468378,396890421
18446744073147.21,6039552.00,11862416.54,1553253.31,5822864.54,74.71,2570.32,0.00,2495.61,3853099341.93,6418826282.19,0.00,0.00,0.00,0.00,209007978,940226914,1475468378,396890421
18446744073149.21,6039552.00,11864993.30,1553253.31,5825441.30,0.00,2576.77,0.00,2576.77,3853099341.93,6418826282.19,0.00,0.00,0.00,0.00,209007978,940226914,1475468378,396890421
18446744073151.21,6039552.00,11867268.32,1553253.31,5827716.31,0.00,2275.01,0.00,2275.01,3853099341.93,6418826282.19,0.00,0.00,0.00,0.00,209007978,940226914,1475468378,396890421
18446744073153.21,6039552.00,11870192.88,1553253.31,5830640.88,0.00,2924.57,0.00,2924.57,3853099341.93,6418826282.19,0.00,0.00,0.00,0.00,209007978,940226914,1475468378,396890421
18446744073155.21,6041652.05,11874404.62,1553253.31,5832752.57,2100.05,4211.74,0.00,2111.69,3853099341.93,6418826282.19,0.00,0.00,0.00,0.00,209076608,940695897,1478634570,396890421
18446744073157.21,6044200.62,11879220.45,1553253.31,5835019.82,2548.57,4815.82,0.00,2267.25,3853099341.93,6418826282.19,0.00,0.00,0.00,0.00,209173633,941251305,1478634570,396890421
18446744073159.21,6045696.05,11883074.94,1553253.31,5837378.88,1495.43,3854.49,0.00,2359.06,3853099341.93,6418826282.19,0.00,0.00,0.00,0.00,209226701,941581068,1479866942,396890421
18446744073161.21,6045696.05,11885890.92,1553253.31,5840194.87,0.00,2815.98,0.00,2815.98,3853099341.93,6418826282.19,0.00,0.00,0.00,0.00,209226701,941581068,1479866942,396890421
18446744073163.21,6045696.05,11888153.93,1553253.31,5842457.88,0.00,2263.01,0.00,2263.01,3853099341.93,6418826282.19,0.00,0.00,0.00,0.00,209226701,941581068,1479866942,396890421
18446744073165.21,6045696.05,11890283.37,1553253.31,5844587.32,0.00,2129.44,0.00,2129.44,3853099341.93,6418826282.19,0.00,0.00,0.00,0.00,209226701,941581068,1479866942,396890421
18446744073167.21,6045696.05,11893101.18,1553253.31,5847405.12,0.00,2817.81,0.00,2817.81,3853099341.93,6418826282.19,0.00,0.00,0.00,0.00,209226701,941581068,1479866942,396890421
18446744073169.21,6045696.05,11895566.88,1553253.31,5849870.82,0.00,2465.70,0.00,2465.70,3853099341.93,6418826282.19,0.00,0.00,0.00,0.00,209226701,941581068,1479866942,396890421
18446744073171.21,6045696.05,11897788.49,1553253.31,5852092.43,0.00,2221.61,0.00,2221.61,3853099341.93,6418826282.19,0.00,0.00,0.00,0.00,209226701,941581068,1479866942,396890421
18446744073173.21,6047450.55,11901346.04,1553253.31,5853895.49,1754.49,3557.55,0.00,1803.06,3853099341.93,6418826282.19,0.00,0.00,0.00,0.00,209364539,941892380,1484177932,396890421
18446744073175.21,6049937.07,11905652.38,1553253.31,5855715.31,2486.52,4306.34,0.00,1819.82,3853099341.93,6418826282.19,0.00,0.00,0.00,0.00,209549969,942343499,1484177932,396890421
18446744073177.21,6051840.06,11909670.14,1553253.31,5857830.07,1903.00,4017.76,0.00,2114.76,3853099341.93,6418826282.19,0.00,0.00,0.00,0.00,209606053,942774582,1485098040,396890421
18446744073179.21,6051840.06,11912491.27,1553253.31,5860651.21,0.00,2821.13,0.00,2821.13,3853099341.93,6418826282.19,0.00,0.00,0.00,0.00,209606053,942774582,1485098040,396890421
18446744073181.21,6051840.06,11914932.10,1553253.31,5863092.04,0.00,2440.83,0.00,2440.83,3853099341.93,6418826282.19,0.00,0.00,0.00,0.00,209606053,942774582,1485098040,396890421
18446744073183.21,6051840.06,11917857.37,1553253.31,5866017.30,0.00,2925.27,0.00,2925.27,3853099341.93,6418826282.19,0.00,0.00,0.00,0.00,209606053,942774582,1485098040,396890421
18446744073185.21,6051840.06,11920085.64,1553253.31,5868245.58,0.00,2228.27,0.00,2228.27,3853099341.93,6418826282.19,0.00,0.00,0.00,0.00,209606053,942774582,1485098040,396890421
18446744073187.21,6051840.06,11922371.84,1553253.31,5870531.78,0.00,2286.20,0.00,2286.20,3853099341.93,6418826282.19,0.00,0.00,0.00,0.00,209606053,942774582,1485098040,396890421
18446744073189.21,6051840.06,11925276.63,1553253.31,5873436.57,0.00,2904.79,0.00,2904.79,3853099341.93,6418826282.19,0.00,0.00,0.00,0.00,209606053,942774582,1485098040,396890421
18446744073191.21,6052762.05,11928638.34,1553253.31,5875876.29,921.99,3361.71,0.00,2439.72,3853099341.93,6418826282.19,0.00,0.00,0.00,0.00,209615891,943000773,1489932866,396890421
18446744073193.21,6055255.22,11933184.54,1553253.31,5877929.32,2493.17,4546.20,0.00,2053.03,3853099341.93,6418826282.19,0.00,0.00,0.00,0.00,209691025,943563891,1489932866,396890421
18446744073195.21,6057757.70,11937657.94,1553253.31,5879900.24,2502.47,4473.39,0.00,1970.92,3853099341.93,6418826282.19,0.00,0.00,0.00,0.00,209801656,944093893,1491027616,396890421
18446744073197.21,6060454.42,11942401.64,1553253.31,5881947.22,2696.72,4743.70,0.00,2046.98,3853099341.93,6418826282.19,0.00,0.00,0.00,0.00,210029017,944556893,1491027616,396890421
18446744073199.25,6062943.24,11946333.33,1553863.28,5883390.09,2488.82,3931.69,609.96,1442.87,3853099341.93,6418826282.19,0.00,0.00,0.00,0.00,210082510,944984387,1491979082,397046572
18446744073201.25,6065670.13,11951120.36,1553863.28,5885450.23,2726.89,4787.03,0.00,2060.14,3853099341.93,6418826282.19,0.00,0.00,0.00,0.00,210280344,945484637,1491979082,397046572
18446744073203.25,6068311.90,11955957.19,1553863.28,5887645.29,2641.77,4836.83,0.00,2195.05,3853099341.93,6418826282.19,0.00,0.00,0.00,0.00,210363645,946077630,1491979082,397046572
18446744073205.25,6070829.93,11959213.70,1555615.16,5888383.77,2518.02,3256.51,1751.88,738.48,3853099341.93,6418826282.19,0.00,0.00,0.00,0.00,210386641,946699248,1493252130,397046572
18446744073207.25,6073433.04,11961816.80,1558270.48,5888383.77,2603.11,2603.11,2655.32,0.00,3853099341.93,6418826282.19,0.00,0.00,0.00,0.00,210484886,947267399,1493252130,397046572
18446744073209.25,6075791.22,11964944.82,1559413.17,5889153.60,2358.19,3128.02,1142.69,769.83,3853099341.93,6418826282.19,0.00,0.00,0.00,0.00,209148439,947787759,1493252130,398466355
18446744073211.25,6076416.04,11967847.53,1559413.17,5891431.49,624.82,2902.71,0.00,2277.89,3853099341.93,6418826282.19,0.00,0.00,0.00,0.00,209171151,947925000,1493252130,398466355
18446744073213.25,6076416.04,11970436.48,1559413.17,5894020.44,0.00,2588.95,0.00,2588.95,3853099341.93,6418826282.19,0.00,0.00,0.00,0.00,209171151,947925000,1493252130,398466355
18446744073215.32,6076416.04,11973137.84,1559413.17,5896721.80,0.00,2701.36,0.00,2701.36,3853099341.93,6418826282.19,0.00,0.00,0.00,0.00,209171151,947925000,1493252130,398466355
18446744073217.32,6076416.04,11975879.93,1559413.17,5899463.89,0.00,2742.10,0.00,2742.10,3853099341.93,6418826282.19,0.00,0.00,0.00,0.00,209171151,947925000,1493252130,398466355
18446744073219.32,6076416.04,11978347.54,1559413.17,5901931.50,0.00,2467.61,0.00,2467.61,3853099341.93,6418826282.19,0.00,0.00,0.00,0.00,209171151,947925000,1493252130,398466355
18446744073221.32,6076416.04,11980993.30,1559413.17,5904577.26,0.00,2645.76,0.00,2645.76,3853099341.93,6418826282.19,0.00,0.00,0.00,0.00,209171151,947925000,1493252130,398466355
18446744073223.32,6076416.04,11983198.18,1559413.17,5906782.14,0.00,2204.88,0.00,2204.88,3853099341.93,6418826282.19,0.00,0.00,0.00,0.00,209171151,947925000,1493252130,398466355
18446744073225.32,6076416.04,11985616.33,1559413.17,5909200.29,0.00,2418.15,0.00,2418.15,3853099341.93,6418826282.19,0.00,0.00,0.00,0.00,209171151,947925000,1493252130,398466355
18446744073227.32,6078649.16,11989554.88,1559413.17,5910905.73,2233.12,3938.55,0.00,1705.44,3853099341.93,6418826282.19,0.00,0.00,0.00,0.00,209270194,948397635,1498613333,398466355
18446744073229.32,6081205.56,11994048.48,1559413.17,5912842.92,2556.41,4493.60,0.00,1937.20,3853099341.93,6418826282.19,0.00,0.00,0.00,0.00,209330330,948991939,1498613333,398466355
18446744073231.32,6083602.20,11998369.80,1559413.17,5914767.61,2396.63,4321.32,0.00,1924.69,3853099341.93,6418826282.19,0.00,0.00,0.00,0.00,209378420,949557387,1499638733,398466355
18446744073233.32,6086262.43,12003345.77,1559413.17,5917083.34,2660.23,4975.97,0.00,2315.73,3853099341.93,6418826282.19,0.00,0.00,0.00,0.00,209429492,950187335,1499638733,398466355
18446744073235.32,6088652.18,12007710.31,1559413.17,5919058.13,2389.75,4364.54,0.00,1974.79,3853099341.93,6418826282.19,0.00,0.00,0.00,0.00,209446045,950782559,1500818058,398466355
18446744073237.32,6088704.03,12010501.74,1559413.17,5921797.71,51.85,2791.43,0.00,2739.58,3853099341.93,6418826282.19,0.00,0.00,0.00,0.00,209449414,950792463,1500818058,398466355
18446744073239.32,6088704.03,12012872.64,1559413.17,5924168.61,0.00,2370.90,0.00,2370.90,3853099341.93,6418826282.19,0.00,0.00,0.00,0.00,209449414,950792463,1500818058,398466355
18446744073241.32,6088704.03,12015283.01,1559413.17,5926578.98,0.00,2410.37,0.00,2410.37,3853099341.93,6418826282.19,0.00,0.00,0.00,0.00,209449414,950792463,1500818058,398466355
18446744073243.32,6088704.03,12018178.47,1559413.17,5929474.44,0.00,2895.46,0.00,2895.46,3853099341.93,6418826282.19,0.00,0.00,0.00,0.00,209449414,950792463,1500818058,398466355
18446744073245.32,6088704.03,12020900.84,1559413.17,5932196.81,0.00,2722.37,0.00,2722.37,3853099341.93,6418826282.19,0.00,0.00,0.00,0.00,209449414,950792463,1500818058,398466355
18446744073247.32,6088704.03,12023741.78,1559413.17,5935037.75,0.00,2840.94,0.00,2840.94,3853099341.93,6418826282.19,0.00,0.00,0.00,0.00,209449414,950792463,1500818058,398466355
18446744073249.32,6088704.03,12026118.09,1559413.17,5937414.06,0.00,2376.31,0.00,2376.31,3853099341.93,6418826282.19,0.00,0.00,0.00,0.00,209449414,950792463,1500818058,398466355
18446744073251.35,6088704.03,12028446.02,1559413.17,5939741.99,0.00,2327.93,0.00,2327.93,3853099341.93,6418826282.19,0.00,0.00,0.00,0.00,209449414,950792463,1500818058,398466355
18446744073253.35,6088704.03,12031467.07,1559413.17,5942763.04,0.00,3021.05,0.00,3021.05,3853099341.93,6418826282.19,0.00,0.00,0.00,0.00,209449414,950792463,1500818058,398466355
18446744073255.35,6088704.03,12033943.80,1559413.17,5945239.77,0.00,2476.73,0.00,2476.73,3853099341.93,6418826282.19,0.00,0.00,0.00,0.00,209449414,950792463,1500818058,398466355
18446744073257.35,6088704.03,12036105.02,1559413.17,5947400.99,0.00,2161.22,0.00,2161.22,3853099341.93,6418826282.19,0.00,0.00,0.00,0.00,209449414,950792463,1500818058,398466355
18446744073259.35,6088704.03,12038253.43,1559413.17,5949549.40,0.00,2148.41,0.00,2148.41,3853099341.93,6418826282.19,0.00,0.00,0.00,0.00,209449414,950792463,1500818058,398466355
18446744073261.35,6088704.03,12040712.02,1559413.17,5952007.99,0.00,2458.59,0.00,2458.59,3853099341.93,6418826282.19,0.00,0.00,0.00,0.00,209449414,950792463,1500818058,398466355
18446744073263.35,6091107.58,12044783.15,1559413.17,5953675.57,2403.55,4071.12,0.00,1667.58,3853099341.93,6418826282.19,0.00,0.00,0.00,0.00,209498665,951358520,1509554795,398466355
18446744073265.35,6093640.68,12049248.36,1559413.17,5955607.68,2533.10,4465.21,0.00,1932.11,3853099341.93,6418826282.19,0.00,0.00,0.00,0.00,209559381,951946277,1509554795,398466355
18446744073267.35,6094848.04,12052468.92,1559413.17,5957620.88,1207.36,3220.56,0.00,2013.20,3853099341.93,6418826282.19,0.00,0.00,0.00,0.00,209580699,952234043,1510606262,398466355
18446744073269.35,6094848.04,12054951.98,1559413.17,5960103.95,0.00,2483.07,0.00,2483.07,3853099341.93,6418826282.19,0.00,0.00,0.00,0.00,209580699,952234043,1510606262,398466355
18446744073271.35,6097205.96,12058874.51,1559413.17,5961668.55,2357.93,3922.53,0.00,1564.60,3853099341.93,6418826282.19,0.00,0.00,0.00,0.00,209606319,952812053,1511646719,398466355
18446744073273.35,6099770.84,12063223.20,1559413.17,5963452.35,2564.88,4348.68,0.00,1783.80,3853099341.93,6418826282.19,0.00,0.00,0.00,0.00,209632207,953442774,1511646719,398466355
18446744073275.35,6102355.30,12067587.59,1559413.17,5965232.29,2584.46,4364.39,0.00,1779.93,3853099341.93,6418826282.19,0.00,0.00,0.00,0.00,209709679,954026924,1512457929,398466355
18446744073277.35,6104890.14,12072000.96,1559413.17,5967110.83,2534.83,4413.38,0.00,1878.54,3853099341.93,6418826282.19,0.00,0.00,0.00,0.00,209775695,954609825,1513256751,398466355
18446744073279.35,6107136.06,12076427.63,1559413.17,5969291.57,2245.92,4426.66,0.00,2180.74,3853099341.93,6418826282.19,0.00,0.00,0.00,0.00,209850598,955109878,1513256751,398466355
18446744073281.35,6107136.06,12079066.97,1559413.17,5971930.91,0.00,2639.34,0.00,2639.34,3853099341.93,6418826282.19,0.00,0.00,0.00,0.00,209850598,955109878,1513256751,398466355
18446744073283.35,6107136.06,12081715.29,1559413.17,5974579.23,0.00,2648.32,0.00,2648.32,3853099341.93,6418826282.19,0.00,0.00,0.00,0.00,209850598,955109878,1513256751,398466355
18446744073285.35,6108484.13,12085354.34,1559413.17,5976870.21,1348.07,3639.05,0.00,2290.98,3853099341.93,6418826282.19,0.00,0.00,0.00,0.00,209917516,955388067,1515527727,398466355
18446744073287.35,6110993.46,12090145.93,1559413.17,5979152.47,2509.32,4791.59,0.00,2282.26,3853099341.93,6418826282.19,0.00,0.00,0.00,0.00,209964091,955983879,1515527727,398466355
18446744073289.35,6113280.06,12094423.93,1559413.17,5981143.87,2286.60,4278.00,0.00,1991.40,3853099341.93,6418826282.19,0.00,0.00,0.00,0.00,210016788,956516552,1516754495,398466355
18446744073291.35,6113280.06,12097020.92,1559413.17,5983740.86,0.00,2596.99,0.00,2596.99,3853099341.93,6418826282.19,0.00,0.00,0.00,0.00,210016788,956516552,1516754495,398466355
18446744073293.35,6113280.06,12099562.66,1559413.17,5986282.61,0.00,2541.75,0.00,2541.75,3853099341.93,6418826282.19,0.00,0.00,0.00,0.00,210016788,956516552,1516754495,398466355
18446744073295.35,6113280.06,12102331.83,1559413.17,5989051.77,0.00,2769.16,0.00,2769.16,3853099341.93,6418826282.19,0.00,0.00,0.00,0.00,210016788,956516552,1516754495,398466355
18446744073297.35,6113280.06,12104653.30,1559413.17,5991373.24,0.00,2321.47,0.00,2321.47,3853099341.93,6418826282.19,0.00,0.00,0.00,0.00,210016788,956516552,1516754495,398466355
18446744073299.35,6113280.06,12106967.57,1559413.17,5993687.51,0.00,2314.27,0.00,2314.27,3853099341.93,6418826282.19,0.00,0.00,0.00,0.00,210016788,956516552,1516754495,398466355
18446744073301.35,6113280.06,12109794.98,1559413.17,5996514.92,0.00,2827.41,0.00,2827.41,3853099341.93,6418826282.19,0.00,0.00,0.00,0.00,210016788,956516552,1516754495,398466355
18446744073303.35,6113280.06,12112303.25,1559413.17,5999023.19,0.00,2508.27,0.00,2508.27,3853099341.93,6418826282.19,0.00,0.00,0.00,0.00,210016788,956516552,1516754495,398466355
18446744073305.35,6113280.06,12114714.21,1559413.17,6001434.16,0.00,2410.96,0.00,2410.96,3853099341.93,6418826282.19,0.00,0.00,0.00,0.00,210016788,956516552,1516754495,398466355
18446744073307.35,6113280.06,12117220.70,1559413.17,6003940.64,0.00,2506.49,0.00,2506.49,3853099341.93,6418826282.19,0.00,0.00,0.00,0.00,210016788,956516552,1516754495,398466355
18446744073309.35,6113280.06,12120244.15,1559413.17,6006964.09,0.00,3023.45,0.00,3023.45,3853099341.93,6418826282.19,0.00,0.00,0.00,0.00,210016788,956516552,1516754495,398466355
18446744073311.35,6113280.06,12122871.89,1559413.17,6009591.83,0.00,2627.74,0.00,2627.74,3853099341.93,6418826282.19,0.00,0.00,0.00,0.00,210016788,956516552,1516754495,398466355
18446744073313.35,6113280.06,12125689.50,1559413.17,6012409.45,0.00,2817.61,0.00,2817.61,3853099341.93,6418826282.19,0.00,0.00,0.00,0.00,210016788,956516552,1516754495,398466355
18446744073315.35,6113280.06,12128279.85,1559413.17,6014999.79,0.00,2590.35,0.00,2590.35,3853099341.93,6418826282.19,0.00,0.00,0.00,0.00,210016788,956516552,1516754495,398466355
18446744073317.35,6113280.06,12131262.77,1559413.17,6017982.71,0.00,2982.91,0.00,2982.91,3853099341.93,6418826282.19,0.00,0.00,0.00,0.00,210016788,956516552,1516754495,398466355
18446744073319.35,6115464.53,12135514.59,1559413.17,6020050.06,2184.47,4251.82,0.00,2067.35,3853099341.93,6418826282.19,0.00,0.00,0.00,0.00,210062332,957030233,1526365321,398466355
18446744073321.35,6118009.66,12140404.57,1559413.17,6022394.91,2545.13,4889.98,0.00,2344.85,3853099341.93,6418826282.19,0.00,0.00,0.00,0.00,210125573,957618546,1526365321,398466355
18446744073323.35,6120468.57,12143858.70,1560801.06,6023390.13,2458.90,3454.12,1387.89,995.22,3853099341.93,6418826282.19,0.00,0.00,0.00,0.00,210197696,958175902,1527689376,398466355
18446744073325.35,6122930.05,12146320.18,1563435.81,6023390.13,2461.49,2461.49,2634.75,0.00,3853099341.93,6418826282.19,0.00,0.00,0.00,0.00,210278664,958725075,1527689376,398466355
18446744073327.35,6125126.89,12149098.46,1564982.54,6023971.57,2196.83,2778.28,1546.73,581.45,3853099341.93,6418826282.19,0.00,0.00,0.00,0.00,208929431,959210938,1527689376,399892114
18446744073329.35,6127741.40,12153737.20,1564982.54,6025995.80,2614.51,4638.74,0.00,2024.23,3853099341.93,6418826282.19,0.00,0.00,0.00,0.00,209024831,959784853,1527689376,399892114
18446744073331.35,6130059.15,12158048.65,1564982.54,6027989.50,2317.75,4311.45,0.00,1993.70,3853099341.93,6418826282.19,0.00,0.00,0.00,0.00,209104645,960298383,1528660050,399892114
18446744073333.35,6131712.01,12161887.18,1564982.54,6030175.17,1652.86,3838.52,0.00,2185.66,3853099341.93,6418826282.19,0.00,0.00,0.00,0.00,209162477,960663683,1528660050,399892114
18446744073335.35,6133708.68,12165736.43,1564982.54,6032027.75,1996.67,3849.25,0.00,1852.58,3853099341.93,6418826282.19,0.00,0.00,0.00,0.00,209197878,961139429,1529527201,399892114
18446744073337.35,6136191.16,12170543.23,1564982.54,6034352.07,2482.49,4806.81,0.00,2324.32,3853099341.93,6418826282.19,0.00,0.00,0.00,0.00,209238286,961734538,1529527201,399892114
18446744073339.35,6137856.05,12174530.22,1564982.54,6036674.17,1664.89,3986.99,0.00,2322.10,3853099341.93,6418826282.19,0.00,0.00,0.00,0.00,209294040,962104996,1530434172,399892114
18446744073341.35,6137856.05,12176988.63,1564982.54,6039132.58,0.00,2458.41,0.00,2458.41,3853099341.93,6418826282.19,0.00,0.00,0.00,0.00,209294040,962104996,1530434172,399892114
18446744073343.35,6137856.05,12179687.45,1564982.54,6041831.39,0.00,2698.81,0.00,2698.81,3853099341.93,6418826282.19,0.00,0.00,0.00,0.00,209294040,962104996,1530434172,399892114
18446744073345.35,6137856.05,12182255.71,1564982.54,6044399.66,0.00,2568.27,0.00,2568.27,3853099341.93,6418826282.19,0.00,0.00,0.00,0.00,209294040,962104996,1530434172,399892114
18446744073347.35,6137856.05,12184997.77,1564982.54,6047141.71,0.00,2742.05,0.00,2742.05,3853099341.93,6418826282.19,0.00,0.00,0.00,0.00,209294040,962104996,1530434172,399892114
18446744073349.35,6139598.65,12188639.42,1564982.54,6049040.77,1742.60,3641.66,0.00,1899.06,3853099341.93,6418826282.19,0.00,0.00,0.00,0.00,209317050,962528091,1533749745,399892114
18446744073351.35,6142099.18,12193088.08,1564982.54,6050988.90,2500.53,4448.66,0.00,1948.13,3853099341.93,6418826282.19,0.00,0.00,0.00,0.00,209362124,963123152,1533749745,399892114
18446744073353.35,6144497.04,12197528.35,1564982.54,6053031.31,2397.86,4440.27,0.00,2042.41,3853099341.93,6418826282.19,0.00,0.00,0.00,0.00,209445847,963653281,1534659229,399892114
18446744073355.35,6147104.78,12202218.41,1564982.54,6055113.63,2607.74,4690.06,0.00,2082.32,3853099341.93,6418826282.19,0.00,0.00,0.00,0.00,209538755,964227954,1534659229,399892114
18446744073357.35,6149417.76,12206554.24,1564982.54,6057136.48,2312.98,4335.83,0.00,2022.85,3853099341.93,6418826282.19,0.00,0.00,0.00,0.00,209580825,964778008,1535757486,399892114
18446744073359.35,6150144.02,12209789.61,1564982.54,6059645.59,726.25,3235.36,0.00,2509.11,3853099341.93,6418826282.19,0.00,0.00,0.00,0.00,209583343,964961411,1535757486,399892114
18446744073361.35,6150144.02,12212520.17,1564982.54,6062376.16,0.00,2730.57,0.00,2730.57,3853099341.93,6418826282.19,0.00,0.00,0.00,0.00,209583343,964961411,1535757486,399892114
18446744073363.35,6150636.23,12215372.39,1564982.54,6064736.17,492.21,2852.22,0.00,2360.01,3853099341.93,6418826282.19,0.00,0.00,0.00,0.00,209583706,965087054,1537680730,399892114
18446744073365.35,6153176.58,12220085.23,1564982.54,6066908.66,2540.35,4712.84,0.00,2172.49,3853099341.93,6418826282.19,0.00,0.00,0.00,0.00,209646055,965675035,1537680730,399892114
18446744073367.35,6155687.19,12224726.07,1564982.54,6069038.88,2510.61,4640.84,0.00,2130.22,3853099341.93,6418826282.19,0.00,0.00,0.00,0.00,209725760,966238047,1538879464,399892114
18446744073369.35,6156288.02,12227785.14,1564982.54,6071497.13,600.82,3059.07,0.00,2458.25,3853099341.93,6418826282.19,0.00,0.00,0.00,0.00,209747319,966370299,1538879464,399892114
18446744073371.35,6156288.02,12230487.43,1564982.54,6074199.41,0.00,2702.29,0.00,2702.29,3853099341.93,6418826282.19,0.00,0.00,0.00,0.00,209747319,966370299,1538879464,399892114
18446744073373.35,6156288.02,12233304.20,1564982.54,6077016.19,0.00,2816.77,0.00,2816.77,3853099341.93,6418826282.19,0.00,0.00,0.00,0.00,209747319,966370299,1538879464,399892114
18446744073375.35,6157409.18,12236782.92,1564982.54,6079373.75,1121.16,3478.72,0.00,2357.56,3853099341.93,6418826282.19,0.00,0.00,0.00,0.00,209792953,966611682,1541272049,399892114
18446744073377.35,6159853.18,12241385.80,1564982.54,6081532.62,2444.00,4602.88,0.00,2158.88,3853099341.93,6418826282.19,0.00,0.00,0.00,0.00,209878340,967151960,1541272049,399892114
18446744073379.35,6162195.57,12245584.98,1564982.54,6083389.41,2342.39,4199.18,0.00,1856.79,3853099341.93,6418826282.19,0.00,0.00,0.00,0.00,209958927,967671026,1542477850,399892114
18446744073381.35,6162432.02,12248459.71,1564982.54,6086027.69,236.45,2874.73,0.00,2638.28,3853099341.93,6418826282.19,0.00,0.00,0.00,0.00,209965131,967725353,1542477850,399892114
18446744073383.35,6163909.52,12252221.08,1564982.54,6088311.56,1477.50,3761.37,0.00,2283.87,3853099341.93,6418826282.19,0.00,0.00,0.00,0.00,210021666,968047057,1543473775,399892114
18446744073385.35,6166419.09,12256972.20,1564982.54,6090553.12,2509.57,4751.12,0.00,2241.55,3853099341.93,6418826282.19,0.00,0.00,0.00,0.00,210121622,968589550,1543473775,399892114
18446744073387.35,6168862.37,12260283.87,1566551.62,6091421.50,2443.28,3311.67,1569.08,868.39,3853099341.93,6418826282.19,0.00,0.00,0.00,0.00,210217880,969118772,1544604094,399892114
18446744073389.35,6171360.75,12262782.25,1569201.02,6091421.50,2498.38,2498.38,2649.39,0.00,3853099341.93,6418826282.19,0.00,0.00,0.00,0.00,210316037,969660200,1544604094,399892114
18446744073391.35,6173434.66,12265708.92,1570472.90,6092274.25,2073.92,2926.67,1271.88,852.75,3853099341.93,6418826282.19,0.00,0.00,0.00,0.00,209001151,970100478,1544604094,401297645
18446744073393.35,6174720.04,12269215.72,1570472.90,6094495.68,1285.38,3506.80,0.00,2221.43,3853099341.93,6418826282.19,0.00,0.00,0.00,0.00,209057545,970373140,1544604094,401297645
18446744073395.35,6174720.04,12271717.01,1570472.90,6096996.97,0.00,2501.29,0.00,2501.29,3853099341.93,6418826282.19,0.00,0.00,0.00,0.00,209057545,970373140,1544604094,401297645
18446744073397.35,6174866.94,12274379.49,1570472.90,6099512.55,146.90,2662.48,0.00,2515.58,3853099341.93,6418826282.19,0.00,0.00,0.00,0.00,209070621,970397670,1546641782,401297645
18446744073399.35,6177336.23,12279138.64,1570472.90,6101802.41,2469.29,4759.15,0.00,2289.86,3853099341.93,6418826282.19,0.00,0.00,0.00,0.00,209177643,970922787,1546641782,401297645
18446744073401.36,6179799.70,12283692.75,1570472.90,6103893.05,2463.47,4554.11,0.00,2090.64,3853099341.93,6418826282.19,0.00,0.00,0.00,0.00,209312324,971418755,1547793029,401297645
18446744073403.36,6180864.04,12287059.33,1570472.90,6106195.29,1064.34,3366.58,0.00,2302.24,3853099341.93,6418826282.19,0.00,0.00,0.00,0.00,209366774,971636775,1547793029,401297645
18446744073405.36,6180864.04,12289546.55,1570472.90,6108682.51,0.00,2487.22,0.00,2487.22,3853099341.93,6418826282.19,0.00,0.00,0.00,0.00,209366774,971636775,1547793029,401297645
18446744073407.36,6180864.04,12291929.73,1570472.90,6111065.70,0.00,2383.19,0.00,2383.19,3853099341.93,6418826282.19,0.00,0.00,0.00,0.00,209366774,971636775,1547793029,401297645
18446744073409.36,6180864.04,12294351.63,1570472.90,6113487.59,0.00,2421.90,0.00,2421.90,3853099341.93,6418826282.19,0.00,0.00,0.00,0.00,209366774,971636775,1547793029,401297645
18446744073411.36,6180864.04,12297250.68,1570472.90,6116386.64,0.00,2899.05,0.00,2899.05,3853099341.93,6418826282.19,0.00,0.00,0.00,0.00,209366774,971636775,1547793029,401297645
18446744073413.36,6182897.51,12300949.12,1570472.90,6118051.61,2033.47,3698.45,0.00,1664.97,3853099341.93,6418826282.19,0.00,0.00,0.00,0.00,209460338,972063780,1550997719,401297645
18446744073415.36,6185339.39,12305303.29,1570472.90,6119963.90,2441.88,4354.17,0.00,1912.29,3853099341.93,6418826282.19,0.00,0.00,0.00,0.00,209654749,972494491,1550997719,401297645
18446744073417.36,6187008.03,12309198.78,1570472.90,6122190.75,1668.64,3895.49,0.00,2226.85,3853099341.93,6418826282.19,0.00,0.00,0.00,0.00,209839541,972736870,1551919662,401297645
18446744073419.36,6187008.03,12311843.09,1570472.90,6124835.06,0.00,2644.31,0.00,2644.31,3853099341.93,6418826282.19,0.00,0.00,0.00,0.00,209839541,972736870,1551919662,401297645
18446744073421.36,6187008.03,12314100.29,1570472.90,6127092.25,0.00,2257.20,0.00,2257.20,3853099341.93,6418826282.19,0.00,0.00,0.00,0.00,209839541,972736870,1551919662,401297645
18446744073423.36,6187008.03,12316388.81,1570472.90,6129380.78,0.00,2288.53,0.00,2288.53,3853099341.93,6418826282.19,0.00,0.00,0.00,0.00,209839541,972736870,1551919662,401297645
18446744073425.36,6187008.03,12318853.83,1570472.90,6131845.80,0.00,2465.02,0.00,2465.02,3853099341.93,6418826282.19,0.00,0.00,0.00,0.00,209839541,972736870,1551919662,401297645
18446744073427.36,6188090.37,12321955.43,1570472.90,6133865.06,1082.34,3101.61,0.00,2019.27,3853099341.93,6418826282.19,0.00,0.00,0.00,0.00,210000773,972852717,1555133024,401297645
18446744073429.36,6190567.31,12326386.32,1570472.90,6135819.00,2476.94,4430.88,0.00,1953.94,3853099341.93,6418826282.19,0.00,0.00,0.00,0.00,210298447,973189140,1555133024,401297645
18446744073431.36,6193032.81,12330301.99,1571102.43,6137269.18,2465.50,3915.67,629.53,1450.18,3853099341.93,6418826282.19,0.00,0.00,0.00,0.00,210604668,973514086,1556203782,401297645
18446744073433.36,6195478.08,12332747.26,1573766.24,6137269.18,2445.27,2445.27,2663.81,0.00,3853099341.93,6418826282.19,0.00,0.00,0.00,0.00,210713322,974031422,1556203782,401297645
18446744073435.36,6197890.06,12335159.24,1576437.24,6137269.18,2411.98,2411.98,2671.00,0.00,3853099341.93,6418826282.19,0.00,0.00,0.00,0.00,210903220,974458991,1556203782,401297645
18446744073437.36,6200101.75,12339106.31,1576565.75,6139004.56,2211.69,3947.07,128.50,1735.38,3853099341.93,6418826282.19,0.00,0.00,0.00,0.00,209479680,974888955,1556203782,402857413
18446744073439.41,6202473.23,12343445.98,1576565.75,6140972.75,2371.48,4339.67,0.00,1968.19,3853099341.93,6418826282.19,0.00,0.00,0.00,0.00,209593756,975381978,1557056289,402857413
18446744073441.41,6204990.64,12347745.27,1576565.75,6142754.62,2517.41,4299.28,0.00,1781.87,3853099341.93,6418826282.19,0.00,0.00,0.00,0.00,209884840,975735351,1557056289,402857413
18446744073443.41,6205440.06,12350225.09,1576565.75,6144785.04,449.42,2479.83,0.00,2030.41,3853099341.93,6418826282.19,0.00,0.00,0.00,0.00,209929045,975806197,1557056289,402857413
18446744073445.41,6205440.06,12352538.37,1576565.75,6147098.31,0.00,2313.28,0.00,2313.28,3853099341.93,6418826282.19,0.00,0.00,0.00,0.00,209929045,975806197,1557056289,402857413
18446744073447.41,6206723.27,12355772.08,1576565.75,6149048.81,1283.21,3233.71,0.00,1950.50,3853099341.93,6418826282.19,0.00,0.00,0.00,0.00,210068411,975995333,1558869641,402857413
18446744073449.41,6209265.89,12360225.96,1576565.75,6150960.07,2542.62,4453.88,0.00,1911.26,3853099341.93,6418826282.19,0.00,0.00,0.00,0.00,210368590,976346065,1558869641,402857413
18446744073451.41,6211769.75,12364092.95,1577312.53,6152323.20,2503.86,3866.98,746.78,1363.13,3853099341.93,6418826282.19,0.00,0.00,0.00,0.00,210646257,976709385,1559961808,402857413
18446744073453.41,6214285.30,12366608.50,1579973.01,6152323.20,2515.56,2515.56,2660.48,0.00,3853099341.93,6418826282.19,0.00,0.00,0.00,0.00,210911646,977087979,1559961808,402857413
18446744073455.41,6216791.95,12369115.15,1582642.76,6152323.20,2506.64,2506.64,2669.75,0.00,3853099341.93,6418826282.19,0.00,0.00,0.00,0.00,211183356,977457970,1559961808,402857413
18446744073457.41,6217728.06,12372414.98,1582658.12,6154686.93,936.11,3299.84,15.36,2363.73,3853099341.93,6418826282.19,0.00,0.00,0.00,0.00,209727204,977594120,1559961808,404417059
18446744073459.41,6217728.06,12374780.46,1582658.12,6157052.40,0.00,2365.48,0.00,2365.48,3853099341.93,6418826282.19,0.00,0.00,0.00,0.00,209727204,977594120,1559961808,404417059
18446744073461.41,6217728.06,12377549.45,1582658.12,6159821.39,0.00,2768.99,0.00,2768.99,3853099341.93,6418826282.19,0.00,0.00,0.00,0.00,209727204,977594120,1559961808,404417059
18446744073463.41,6217728.06,12379741.03,1582658.12,6162012.97,0.00,2191.58,0.00,2191.58,3853099341.93,6418826282.19,0.00,0.00,0.00,0.00,209727204,977594120,1559961808,404417059
18446744073465.41,6217748.09,12381956.16,1582658.12,6164208.08,20.03,2215.14,0.00,2195.11,3853099341.93,6418826282.19,0.00,0.00,0.00,0.00,209732000,977594451,1562997041,404417059
18446744073467.41,6220175.52,12386182.09,1582658.12,6166006.57,2427.43,4225.92,0.00,1798.49,3853099341.93,6418826282.19,0.00,0.00,0.00,0.00,209858644,978089230,1562997041,404417059
18446744073469.41,6222409.23,12390195.80,1582658.12,6167786.57,2233.71,4013.71,0.00,1780.01,3853099341.93,6418826282.19,0.00,0.00,0.00,0.00,209961990,978557713,1563916694,404417059
18446744073471.41,6224814.82,12394974.21,1582658.12,6170159.39,2405.59,4778.41,0.00,2372.81,3853099341.93,6418826282.19,0.00,0.00,0.00,0.00,210213890,978921645,1563916694,404417059
18446744073473.43,6227152.94,12399404.45,1582658.12,6172251.50,2338.12,4430.24,0.00,2092.12,3853099341.93,6418826282.19,0.00,0.00,0.00,0.00,210447067,979287027,1565053541,404417059
18446744073475.43,6229531.66,12401783.16,1585288.57,6172251.50,2378.71,2378.71,2630.46,0.00,3853099341.93,6418826282.19,0.00,0.00,0.00,0.00,210706795,979636250,1565053541,404417059
18446744073477.43,6231833.37,12404084.87,1587935.46,6172251.50,2301.71,2301.71,2646.88,0.00,3853099341.93,6418826282.19,0.00,0.00,0.00,0.00,210955800,979976483,1565053541,404417059
18446744073479.43,6233989.70,12407780.87,1588157.56,6173791.17,2156.33,3696.00,222.11,1539.66,3853099341.93,6418826282.19,0.00,0.00,0.00,0.00,209762710,980313761,1565053541,405824892
18446744073481.43,6236160.03,12412118.51,1588157.56,6175958.48,2170.33,4337.64,0.00,2167.32,3853099341.93,6418826282.19,0.00,0.00,0.00,0.00,210001221,980630854,1565053541,405824892
18446744073483.43,6236160.03,12414666.52,1588157.56,6178506.49,0.00,2548.01,0.00,2548.01,3853099341.93,6418826282.19,0.00,0.00,0.00,0.00,210001221,980630854,1565053541,405824892
18446744073485.43,6236160.03,12417362.59,1588157.56,6181202.57,0.00,2696.07,0.00,2696.07,3853099341.93,6418826282.19,0.00,0.00,0.00,0.00,210001221,980630854,1565053541,405824892
18446744073487.43,6236160.03,12419773.31,1588157.56,6183613.28,0.00,2410.71,0.00,2410.71,3853099341.93,6418826282.19,0.00,0.00,0.00,0.00,210001221,980630854,1565053541,405824892
18446744073489.43,6236160.03,12422471.05,1588157.56,6186311.02,0.00,2697.74,0.00,2697.74,3853099341.93,6418826282.19,0.00,0.00,0.00,0.00,210001221,980630854,1565053541,405824892
18446744073491.43,6236160.03,12425321.66,1588157.56,6189161.63,0.00,2850.61,0.00,2850.61,3853099341.93,6418826282.19,0.00,0.00,0.00,0.00,210001221,980630854,1565053541,405824892
18446744073493.43,6236901.80,12428326.54,1588157.56,6191424.74,741.77,3004.88,0.00,2263.11,3853099341.93,6418826282.19,0.00,0.00,0.00,0.00,210073801,980748167,1569758698,405824892
18446744073495.43,6239379.92,12432979.57,1588157.56,6193599.65,2478.12,4653.04,0.00,2174.91,3853099341.93,6418826282.19,0.00,0.00,0.00,0.00,210322874,981133494,1569758698,405824892
18446744073497.43,6241854.41,12437268.72,1588601.73,6195414.31,2474.48,4289.14,444.17,1814.66,3853099341.93,6418826282.19,0.00,0.00,0.00,0.00,210595318,981494518,1570951360,405824892
18446744073499.43,6244297.03,12439711.34,1591241.53,6195414.31,2442.62,2442.62,2639.80,0.00,3853099341.93,6418826282.19,0.00,0.00,0.00,0.00,210849274,981865873,1570951360,405824892
18446744073501.50,6246576.36,12441990.68,1593717.77,6195414.31,2279.34,2279.34,2476.24,0.00,3853099341.93,6418826282.19,0.00,0.00,0.00,0.00,209653186,982222058,1570951360,407248305
18446744073503.50,6248448.04,12446105.78,1593717.77,6197657.74,1871.68,4115.10,0.00,2243.43,3853099341.93,6418826282.19,0.00,0.00,0.00,0.00,209844811,982509582,1570951360,407248305
18446744073505.50,6248448.04,12448591.73,1593717.77,6200143.69,0.00,2485.95,0.00,2485.95,3853099341.93,6418826282.19,0.00,0.00,0.00,0.00,209844811,982509582,1570951360,407248305
18446744073507.50,6248448.04,12451266.02,1593717.77,6202817.98,0.00,2674.29,0.00,2674.29,3853099341.93,6418826282.19,0.00,0.00,0.00,0.00,209844811,982509582,1570951360,407248305
18446744073509.50,6249916.23,12454685.00,1593717.77,6204768.77,1468.19,3418.98,0.00,1950.80,3853099341.93,6418826282.19,0.00,0.00,0.00,0.00,210012849,982717400,1573098783,407248305
18446744073511.50,6252419.92,12458995.07,1593717.77,6206575.15,2503.70,4310.07,0.00,1806.38,3853099341.93,6418826282.19,0.00,0.00,0.00,0.00,210244267,983126928,1573098783,407248305
18446744073513.50,6254712.18,12462056.17,1595264.51,6207343.99,2292.26,3061.10,1546.74,768.84,3853099341.93,6418826282.19,0.00,0.00,0.00,0.00,210507887,983450127,1574004998,407248305
18446744073515.50,6257171.10,12464515.09,1597924.57,6207343.99,2458.91,2458.91,2660.06,0.00,3853099341.93,6418826282.19,0.00,0.00,0.00,0.00,210754442,983833054,1574004998,407248305
18446744073517.50,6259326.55,12467211.88,1599420.39,6207885.32,2155.46,2696.79,1495.83,541.34,3853099341.93,6418826282.19,0.00,0.00,0.00,0.00,209533496,984145925,1574004998,408708177
18446744073519.50,6260736.03,12470135.10,1599420.39,6209399.07,1409.48,2923.22,0.00,1513.74,3853099341.93,6418826282.19,0.00,0.00,0.00,0.00,209684893,984355354,1574004998,408708177
18446744073521.50,6260736.03,12472303.09,1599420.39,6211567.05,0.00,2167.99,0.00,2167.99,3853099341.93,6418826282.19,0.00,0.00,0.00,0.00,209684893,984355354,1574004998,408708177
18446744073523.50,6261287.36,12474920.75,1599420.39,6213633.39,551.32,2617.66,0.00,2066.34,3853099341.93,6418826282.19,0.00,0.00,0.00,0.00,209744869,984436517,1575473893,408708177
18446744073525.50,6263798.63,12479267.40,1599420.39,6215468.77,2511.27,4346.65,0.00,1835.38,3853099341.93,6418826282.19,0.00,0.00,0.00,0.00,210038998,984785274,1575473893,408708177
18446744073527.50,6266306.22,12483008.77,1600223.97,6216702.55,2507.59,3741.37,803.58,1233.78,3853099341.93,6418826282.19,0.00,0.00,0.00,0.00,210314647,985151568,1576361264,408708177
18446744073529.50,6268815.71,12485518.26,1602876.41,6216702.55,2509.49,2509.49,2652.43,0.00,3853099341.93,6418826282.19,0.00,0.00,0.00,0.00,210587417,985521227,1576361264,408708177
18446744073531.50,6270904.36,12487805.17,1604995.75,6216900.81,2088.65,2286.91,2119.35,198.25,3853099341.93,6418826282.19,0.00,0.00,0.00,0.00,209386718,985829330,1576361264,410135468
18446744073533.50,6273380.63,12492419.62,1604995.75,6219038.98,2476.27,4614.45,0.00,2138.18,3853099341.93,6418826282.19,0.00,0.00,0.00,0.00,209683585,986166389,1576361264,410135468
18446744073535.50,6275681.11,12496684.15,1604995.75,6221003.04,2300.47,4264.53,0.00,1964.06,3853099341.93,6418826282.19,0.00,0.00,0.00,0.00,209926199,986512696,1577430337,410135468
18446744073537.50,6278191.77,12501400.30,1604995.75,6223208.53,2510.66,4716.15,0.00,2205.49,3853099341.93,6418826282.19,0.00,0.00,0.00,0.00,210108465,986973159,1577430337,410135468
18446744073539.50,6279529.39,12504698.70,1605374.28,6225169.31,1337.62,3298.40,378.53,1960.78,3853099341.93,6418826282.19,0.00,0.00,0.00,0.00,210198261,987225794,1578526295,410135468
18446744073541.50,6281980.20,12507149.51,1608038.83,6225169.31,2450.81,2450.81,2664.55,0.00,3853099341.93,6418826282.19,0.00,0.00,0.00,0.00,210343088,987708375,1578526295,410135468
18446744073543.50,6284365.68,12509534.99,1610708.29,6225169.31,2385.48,2385.48,2669.46,0.00,3853099341.93,6418826282.19,0.00,0.00,0.00,0.00,210597858,988064288,1578526295,410135468
18446744073545.50,6285312.05,12512027.73,1611073.76,6226715.68,946.38,2492.74,365.47,1546.36,3853099341.93,6418826282.19,0.00,0.00,0.00,0.00,209135351,988213100,1578526295,411691435
18446744073547.50,6285703.16,12514493.54,1611073.76,6228790.39,391.10,2465.81,0.00,2074.71,3853099341.93,6418826282.19,0.00,0.00,0.00,0.00,209142420,988306153,1579381107,411691435
18446744073549.50,6288176.84,12518571.74,1611073.76,6230394.90,2473.68,4078.20,0.00,1604.52,3853099341.93,6418826282.19,0.00,0.00,0.00,0.00,209297797,988784038,1579381107,411691435
18446744073551.50,6290517.05,12522636.36,1611073.76,6232119.32,2340.21,4064.62,0.00,1724.41,3853099341.93,6418826282.19,0.00,0.00,0.00,0.00,209496760,989184169,1580134801,411691435
18446744073553.50,6291456.02,12526092.07,1611073.76,6234636.05,938.98,3455.71,0.00,2516.73,3853099341.93,6418826282.19,0.00,0.00,0.00,0.00,209597741,989323566,1580134801,411691435
18446744073555.50,6291456.02,12528425.02,1611073.76,6236969.00,0.00,2332.95,0.00,2332.95,3853099341.93,6418826282.19,0.00,0.00,0.00,0.00,209597741,989323566,1580134801,411691435
18446744073557.51,6291456.02,12530700.12,1611073.76,6239244.10,0.00,2275.11,0.00,2275.11,3853099341.93,6418826282.19,0.00,0.00,0.00,0.00,209597741,989323566,1580134801,411691435
18446744073559.51,6291456.02,12532939.66,1611073.76,6241483.64,0.00,2239.54,0.00,2239.54,3853099341.93,6418826282.19,0.00,0.00,0.00,0.00,209597741,989323566,1580134801,411691435
18446744073561.51,6291456.02,12535098.09,1611073.76,6243642.07,0.00,2158.43,0.00,2158.43,3853099341.93,6418826282.19,0.00,0.00,0.00,0.00,209597741,989323566,1580134801,411691435
18446744073563.51,6291456.02,12537368.35,1611073.76,6245912.32,0.00,2270.26,0.00,2270.26,3853099341.93,6418826282.19,0.00,0.00,0.00,0.00,209597741,989323566,1580134801,411691435
18446744073565.52,6293263.26,12540926.72,1611073.76,6247663.46,1807.24,3558.37,0.00,1751.13,3853099341.93,6418826282.19,0.00,0.00,0.00,0.00,209778252,989605708,1583958566,411691435
18446744073567.51,6295768.39,12545518.24,1611073.76,6249749.85,2505.13,4591.52,0.00,2086.39,3853099341.93,6418826282.19,0.00,0.00,0.00,0.00,210035942,989989331,1583958566,411691435
18446744073569.51,6298125.02,12549664.01,1611073.76,6251538.99,2356.63,4145.77,0.00,1789.14,3853099341.93,6418826282.19,0.00,0.00,0.00,0.00,210282683,990345887,1584931169,411691435
18446744073571.51,6300643.55,12554057.21,1611073.76,6253413.66,2518.54,4393.21,0.00,1874.67,3853099341.93,6418826282.19,0.00,0.00,0.00,0.00,210548831,990724484,1584931169,411691435
18446744073573.51,6302926.12,12556742.98,1613113.08,6253816.86,2282.57,2685.76,2039.32,403.20,3853099341.93,6418826282.19,0.00,0.00,0.00,0.00,210795336,991062316,1585857183,411691435
18446744073575.51,6305275.19,12559092.04,1615775.38,6253816.86,2349.07,2349.07,2662.30,0.00,3853099341.93,6418826282.19,0.00,0.00,0.00,0.00,211029838,991429175,1585857183,411691435
18446744073577.51,6307403.05,12561825.74,1617199.97,6254422.69,2127.86,2733.70,1424.59,605.84,3853099341.93,6418826282.19,0.00,0.00,0.00,0.00,209681111,991754324,1585857183,413259745
18446744073579.52,6309888.00,12566347.67,1617199.97,6256459.66,2484.96,4521.93,0.00,2036.97,3853099341.93,6418826282.19,0.00,0.00,0.00,0.00,209879931,992191653,1585857183,413259745
18446744073581.51,6309888.00,12568765.36,1617199.97,6258877.36,0.00,2417.70,0.00,2417.70,3853099341.93,6418826282.19,0.00,0.00,0.00,0.00,209879931,992191653,1585857183,413259745
18446744073583.51,6309888.00,12571452.45,1617199.97,6261564.44,0.00,2687.08,0.00,2687.08,3853099341.93,6418826282.19,0.00,0.00,0.00,0.00,209879931,992191653,1585857183,413259745
18446744073585.51,6311104.45,12574879.90,1617199.97,6263775.46,1216.44,3427.46,0.00,2211.02,3853099341.93,6418826282.19,0.00,0.00,0.00,0.00,209955403,992427590,1588123477,413259745
18446744073587.51,6313595.84,12579487.34,1617199.97,6265891.50,2491.39,4607.43,0.00,2116.04,3853099341.93,6418826282.19,0.00,0.00,0.00,0.00,210120223,992900567,1588123477,413259745
18446744073589.51,6316074.60,12583083.33,1618446.90,6267008.73,2478.76,3596.00,1246.93,1117.23,3853099341.93,6418826282.19,0.00,0.00,0.00,0.00,210345846,993309507,1589213815,413259745
18446744073591.51,6318208.60,12585946.19,1619917.94,6267737.59,2134.00,2862.86,1471.04,728.86,3853099341.93,6418826282.19,0.00,0.00,0.00,0.00,209872818,993633039,1589213815,413955544
18446744073593.51,6320824.29,12590737.03,1619917.94,6269912.73,2615.70,4790.84,0.00,2175.14,3853099341.93,6418826282.19,0.00,0.00,0.00,0.00,210122220,994053255,1589213815,413955544
18446744073595.51,6322999.60,12594334.18,1620785.46,6271334.58,2175.30,3597.15,867.52,1421.84,3853099341.93,6418826282.19,0.00,0.00,0.00,0.00,210342631,994389722,1590320994,413955544
18446744073597.52,6325435.54,12596770.12,1623444.55,6271334.58,2435.94,2435.94,2659.09,0.00,3853099341.93,6418826282.19,0.00,0.00,0.00,0.00,210549277,994806677,1590320994,413955544
18446744073599.51,6327575.72,12599155.60,1625453.47,6271579.88,2140.18,2385.48,2008.92,245.30,3853099341.93,6418826282.19,0.00,0.00,0.00,0.00,209328431,995158312,1590320994,415372641
18446744073601.51,6328320.04,12602625.56,1625453.47,6274305.52,744.32,3469.96,0.00,2725.64,3853099341.93,6418826282.19,0.00,0.00,0.00,0.00,209410958,995266331,1590320994,415372641
18446744073603.51,6328320.04,12605211.72,1625453.47,6276891.68,0.00,2586.16,0.00,2586.16,3853099341.93,6418826282.19,0.00,0.00,0.00,0.00,209410958,995266331,1590320994,415372641
18446744073605.51,6328320.04,12607929.03,1625453.47,6279608.99,0.00,2717.31,0.00,2717.31,3853099341.93,6418826282.19,0.00,0.00,0.00,0.00,209410958,995266331,1590320994,415372641
18446744073607.51,6329743.76,12611627.74,1625453.47,6281883.98,1423.72,3698.71,0.00,2274.99,3853099341.93,6418826282.19,0.00,0.00,0.00,0.00,209548301,995493460,1592683926,415372641
18446744073609.51,6332181.52,12616226.49,1625453.47,6284044.97,2437.77,4598.75,0.00,2160.98,3853099341.93,6418826282.19,0.00,0.00,0.00,0.00,209779957,995885872,1592683926,415372641
18446744073611.52,6334464.02,12620222.98,1625453.47,6285758.95,2282.50,3996.48,0.00,1713.98,3853099341.93,6418826282.19,0.00,0.00,0.00,0.00,209991602,996258547,1593808305,415372641
18446744073613.51,6334464.02,12622562.07,1625453.47,6288098.05,0.00,2339.09,0.00,2339.09,3853099341.93,6418826282.19,0.00,0.00,0.00,0.00,209991602,996258547,1593808305,415372641
18446744073615.51,6334464.02,12625280.11,1625453.47,6290816.09,0.00,2718.04,0.00,2718.04,3853099341.93,6418826282.19,0.00,0.00,0.00,0.00,209991602,996258547,1593808305,415372641
18446744073617.51,6334464.02,12627629.63,1625453.47,6293165.61,0.00,2349.52,0.00,2349.52,3853099341.93,6418826282.19,0.00,0.00,0.00,0.00,209991602,996258547,1593808305,415372641
18446744073619.51,6334464.02,12629990.43,1625453.47,6295526.41,0.00,2360.80,0.00,2360.80,3853099341.93,6418826282.19,0.00,0.00,0.00,0.00,209991602,996258547,1593808305,415372641
18446744073621.51,6336474.18,12633730.69,1625453.47,6297256.51,2010.16,3740.25,0.00,1730.10,3853099341.93,6418826282.19,0.00,0.00,0.00,0.00,210187157,996577592,1596583942,415372641
18446744073623.51,6338885.39,12638017.11,1625453.47,6299131.71,2411.21,4286.42,0.00,1875.21,3853099341.93,6418826282.19,0.00,0.00,0.00,0.00,210428863,996953157,1596583942,415372641
18446744073625.51,6341310.26,12640652.63,1627770.94,6299342.37,2424.87,2635.52,2317.46,210.65,3853099341.93,6418826282.19,0.00,0.00,0.00,0.00,210652404,997350382,1597487398,415372641
18446744073627.51,6343798.92,12643141.29,1630435.87,6299342.37,2488.66,2488.66,2664.93,0.00,3853099341.93,6418826282.19,0.00,0.00,0.00,0.00,210897575,997742308,1597487398,415372641
18446744073629.52,6345850.05,12646027.67,1631564.73,6300177.62,2051.13,2886.38,1128.86,835.25,3853099341.93,6418826282.19,0.00,0.00,0.00,0.00,209563567,998036962,1597487398,416937084
18446744073631.51,6346752.06,12648997.44,1631564.73,6302245.38,902.01,2969.77,0.00,2067.76,3853099341.93,6418826282.19,0.00,0.00,0.00,0.00,209636213,998195231,1597487398,416937084
18446744073633.51,6346752.06,12651384.18,1631564.73,6304632.12,0.00,2386.75,0.00,2386.75,3853099341.93,6418826282.19,0.00,0.00,0.00,0.00,209636213,998195231,1597487398,416937084
18446744073635.52,6346753.06,12654100.56,1631564.73,6307347.50,1.00,2716.38,0.00,2715.38,3853099341.93,6418826282.19,0.00,0.00,0.00,0.00,209636467,998195233,1599536712,416937084
18446744073637.51,6349197.98,12658351.50,1631564.73,6309153.52,2444.92,4250.94,0.00,1806.02,3853099341.93,6418826282.19,0.00,0.00,0.00,0.00,209884582,998573017,1599536712,416937084
18446744073639.52,6351553.37,12662474.82,1631564.73,6310921.45,2355.39,4123.32,0.00,1767.93,3853099341.93,6418826282.19,0.00,0.00,0.00,0.00,210110315,998950264,1600426098,416937084
18446744073641.51,6352896.04,12665676.76,1631564.73,6312780.71,1342.67,3201.93,0.00,1859.26,3853099341.93,6418826282.19,0.00,0.00,0.00,0.00,210229313,999174990,1600426098,416937084
18446744073643.52,6353955.62,12667980.00,1632678.40,6314024.38,1059.58,2303.24,1113.67,1243.66,3853099341.93,6418826282.19,0.00,0.00,0.00,0.00,210334536,999341019,1601245904,416937084
18446744073645.52,6356454.82,12670479.20,1635348.10,6314024.38,2499.20,2499.20,2669.70,0.00,3853099341.93,6418826282.19,0.00,0.00,0.00,0.00,210568264,999747086,1601245904,416937084
18446744073647.51,6358616.11,12672701.74,1637565.43,6314085.63,2161.29,2222.54,2217.32,61.25,3853099341.93,6418826282.19,0.00,0.00,0.00,0.00,209217577,1000114894,1601245904,418473253
18446744073649.52,6361097.84,12677242.71,1637565.43,6316144.87,2481.73,4540.98,0.00,2059.24,3853099341.93,6418826282.19,0.00,0.00,0.00,0.00,209518036,1000449759,1601245904,418473253
18446744073651.53,6363393.13,12681622.66,1637565.43,6318229.53,2295.29,4379.95,0.00,2084.66,3853099341.93,6418826282.19,0.00,0.00,0.00,0.00,209808527,1000746861,1602321265,418473253
18446744073653.52,6365184.01,12685688.31,1637565.43,6320504.30,1790.88,4065.65,0.00,2274.77,3853099341.93,6418826282.19,0.00,0.00,0.00,0.00,210061372,1000952481,1602321265,418473253
18446744073655.52,6365723.26,12688567.26,1637565.43,6322844.00,539.25,2878.95,0.00,2339.70,3853099341.93,6418826282.19,0.00,0.00,0.00,0.00,210126375,1001025527,1603411351,418473253
18446744073657.52,6368205.85,12692781.81,1637565.43,6324575.96,2482.59,4214.55,0.00,1731.96,3853099341.93,6418826282.19,0.00,0.00,0.00,0.00,210402754,1001384691,1603411351,418473253
18446744073659.52,6370668.00,12696326.72,1638492.70,6325658.73,2462.14,3544.91,927.28,1082.77,3853099341.93,6418826282.19,0.00,0.00,0.00,0.00,210689060,1001728694,1604220616,418473253
18446744073661.52,6373150.58,12698809.30,1641141.64,6325658.73,2482.58,2482.58,2648.94,0.00,3853099341.93,6418826282.19,0.00,0.00,0.00,0.00,210959680,1002093615,1604220616,418473253
18446744073663.52,6375193.11,12701028.72,1643250.08,6325835.61,2042.54,2219.42,2108.44,176.88,3854072680.16,6419831021.57,973338.23,1004739.38,0.00,0.00,209739913,1002381000,1604220616,419928524
18446744073665.53,6377472.03,12705445.68,1643250.08,6327973.66,2278.91,4416.96,0.00,2138.05,3854072680.16,6419831021.57,0.00,0.00,0.00,0.00,209975838,1002728477,1604220616,419928524
18446744073667.52,6377472.03,12707914.72,1643250.08,6330442.70,0.00,2469.04,0.00,2469.04,3854072680.16,6419831021.57,0.00,0.00,0.00,0.00,209975838,1002728477,1604220616,419928524
18446744073669.53,6377472.03,12710722.19,1643250.08,6333250.16,0.00,2807.46,0.00,2807.46,3854072680.16,6419831021.57,0.00,0.00,0.00,0.00,209975838,1002728477,1604220616,419928524
18446744073671.52,6377472.03,12713113.84,1643250.08,6335641.81,0.00,2391.65,0.00,2391.65,3854072680.16,6419831021.57,0.00,0.00,0.00,0.00,209975838,1002728477,1604220616,419928524
18446744073673.52,6377472.03,12715554.93,1643250.08,6338082.90,0.00,2441.09,0.00,2441.09,3854072680.16,6419831021.57,0.00,0.00,0.00,0.00,209975838,1002728477,1604220616,419928524
18446744073675.52,6377472.03,12717917.20,1643250.08,6340445.17,0.00,2362.27,0.00,2362.27,3854072680.16,6419831021.57,0.00,0.00,0.00,0.00,209975838,1002728477,1604220616,419928524
18446744073677.52,6377543.94,12720215.98,1643250.08,6342672.04,71.91,2298.79,0.00,2226.87,3854072680.16,6419831021.57,0.00,0.00,0.00,0.00,209977156,1002745569,1608566807,419928524
18446744073679.53,6380045.88,12724510.61,1643250.08,6344464.73,2501.93,4294.62,0.00,1792.69,3854072680.16,6419831021.57,0.00,0.00,0.00,0.00,210083077,1003280143,1608566807,419928524
18446744073681.52,6382528.42,12728318.59,1643685.45,6345790.17,2482.55,3807.98,435.37,1325.43,3854072680.16,6419831021.57,0.00,0.00,0.00,0.00,210202606,1003796146,1609373803,419928524
18446744073683.53,6385021.95,12730812.12,1646309.36,6345790.17,2493.53,2493.53,2623.91,0.00,3854072680.16,6419831021.57,0.00,0.00,0.00,0.00,210354520,1004282575,1609373803,419928524
18446744073685.52,6387258.78,12733085.71,1648635.33,6345826.93,2236.83,2273.59,2325.97,36.76,3854072680.16,6419831021.57,0.00,0.00,0.00,0.00,209170955,1004660145,1609373803,421307148
18446744073687.52,6389677.25,12737674.90,1648635.33,6347997.65,2418.47,4589.19,0.00,2170.72,3854072680.16,6419831021.57,0.00,0.00,0.00,0.00,209442557,1005007672,1609373803,421307148
18446744073689.52,6391971.80,12742023.84,1648635.33,6350052.04,2294.55,4348.94,0.00,2054.39,3854072680.16,6419831021.57,0.00,0.00,0.00,0.00,209675621,1005362012,1610421024,421307148
18446744073691.52,6394317.50,12746192.37,1648635.33,6351874.87,2345.70,4168.53,0.00,1822.83,3854072680.16,6419831021.57,0.00,0.00,0.00,0.00,209938202,1005699930,1610421024,421307148
18446744073693.52,6395904.01,12749661.96,1648635.33,6353757.95,1586.51,3469.59,0.00,1883.08,3854072680.16,6419831021.57,0.00,0.00,0.00,0.00,210126481,1005917798,1610421024,421307148
18446744073695.52,6395904.01,12752386.45,1648635.33,6356482.43,0.00,2724.48,0.00,2724.48,3854072680.16,6419831021.57,0.00,0.00,0.00,0.00,210126481,1005917798,1610421024,421307148
18446744073697.53,6395904.01,12754696.80,1648635.33,6358792.79,0.00,2310.36,0.00,2310.36,3854072680.16,6419831021.57,0.00,0.00,0.00,0.00,210126481,1005917798,1610421024,421307148
18446744073699.52,6396000.55,12757004.49,1648635.33,6361003.94,96.54,2307.68,0.00,2211.15,3854072680.16,6419831021.57,0.00,0.00,0.00,0.00,210130667,1005938325,1613249438,421307148
18446744073701.53,6398474.94,12761395.56,1648635.33,6362920.62,2474.39,4391.07,0.00,1916.68,3854072680.16,6419831021.57,0.00,0.00,0.00,0.00,210418670,1006283766,1613249438,421307148
18446744073703.52,6400874.92,12765596.60,1648705.32,6364721.68,2399.98,4201.04,69.99,1801.05,3854072680.16,6419831021.57,0.00,0.00,0.00,0.00,210697327,1006619505,1614219555,421307148
18446744073705.52,6403341.58,12768063.26,1651323.11,6364721.68,2466.66,2466.66,2617.79,0.00,3854072680.16,6419831021.57,0.00,0.00,0.00,0.00,210965196,1006983101,1614219555,421307148
18446744073707.52,6405790.72,12770512.40,1653987.63,6364721.68,2449.14,2449.14,2664.52,0.00,3854072680.16,6419831021.57,0.00,0.00,0.00,0.00,211162262,1007413015,1614219555,421307148
18446744073709.52,6407943.74,12774346.70,1654371.88,6366402.95,2153.02,3834.30,384.25,1681.28,3854072680.16,6419831021.57,0.00,0.00,0.00,0.00,209820916,1007836981,1614219555,422775701
1.97,6408192.03,12777268.04,1654371.88,6369076.02,248.29,2921.35,0.00,2673.06,3854072680.16,6419831021.57,0.00,0.00,0.00,0.00,209840410,1007881048,1614219555,422775701
3.97,6410347.25,12781525.66,1654371.88,6371178.41,2155.22,4257.61,0.00,2102.39,3854072680.16,6419831021.57,0.00,0.00,0.00,0.00,209990473,1008282722,1615365861,422775701
5.97,6412831.66,12786269.54,1654371.88,6373437.88,2484.41,4743.88,0.00,2259.48,3854072680.16,6419831021.57,0.00,0.00,0.00,0.00,210221469,1008687734,1615365861,422775701
7.97,6415219.51,12789244.43,1656291.34,6374024.92,2387.86,2974.89,1919.46,587.04,3854072680.16,6419831021.57,0.00,0.00,0.00,0.00,210397717,1009122777,1616600243,422775701
9.97,6417646.84,12791671.77,1658957.88,6374024.92,2427.33,2427.33,2666.54,0.00,3854072680.16,6419831021.57,0.00,0.00,0.00,0.00,210534549,1009607342,1616600243,422775701
11.97,6419810.52,12794676.21,1660250.10,6374865.69,2163.68,3004.45,1292.22,840.77,3854072680.16,6419831021.57,0.00,0.00,0.00,0.00,209187297,1010009263,1616600243,424274934
13.97,6422362.98,12799368.13,1660250.10,6377005.15,2552.46,4691.91,0.00,2139.46,3854072680.16,6419831021.57,0.00,0.00,0.00,0.00,209449433,1010400556,1616600243,424274934
15.97,6424742.12,12803628.46,1660250.10,6378886.35,2379.14,4260.34,0.00,1881.20,3854072680.16,6419831021.57,0.00,0.00,0.00,0.00,209676793,1010782255,1617598814,424274934
17.97,6426624.01,12807507.35,1660250.10,6380883.34,1881.89,3878.89,0.00,1997.00,3854072680.16,6419831021.57,0.00,0.00,0.00,0.00,209873034,1011067778,1617598814,424274934
19.97,6426624.01,12809922.13,1660250.10,6383298.12,0.00,2414.78,0.00,2414.78,3854072680.16,6419831021.57,0.00,0.00,0.00,0.00,209873034,1011067778,1617598814,424274934
21.97,6426624.01,12812501.00,1660250.10,6385876.99,0.00,2578.86,0.00,2578.86,3854072680.16,6419831021.57,0.00,0.00,0.00,0.00,209873034,1011067778,1617598814,424274934
23.97,6426624.01,12815053.79,1660250.10,6388429.78,0.00,2552.79,0.00,2552.79,3854072680.16,6419831021.57,0.00,0.00,0.00,0.00,209873034,1011067778,1617598814,424274934
25.97,6426624.01,12817789.53,1660250.10,6391165.52,0.00,2735.74,0.00,2735.74,3854072680.16,6419831021.57,0.00,0.00,0.00,0.00,209873034,1011067778,1617598814,424274934
27.97,6426624.01,12820608.26,1660250.10,6393984.25,0.00,2818.73,0.00,2818.73,3854072680.16,6419831021.57,0.00,0.00,0.00,0.00,209873034,1011067778,1617598814,424274934
29.97,6426624.01,12823274.21,1660250.10,6396650.20,0.00,2665.95,0.00,2665.95,3854072680.16,6419831021.57,0.00,0.00,0.00,0.00,209873034,1011067778,1617598814,424274934
32.01,6426624.01,12826143.57,1660250.10,6399519.56,0.00,2869.36,0.00,2869.36,3854072680.16,6419831021.57,0.00,0.00,0.00,0.00,209873034,1011067778,1617598814,424274934
34.01,6429076.40,12830429.18,1660250.10,6401352.78,2452.39,4285.61,0.00,1833.22,3854072680.16,6419831021.57,0.00,0.00,0.00,0.00,210018895,1011549729,1623126385,424274934
36.01,6431536.11,12834797.26,1660250.10,6403261.15,2459.71,4368.08,0.00,1908.37,3854072680.16,6419831021.57,0.00,0.00,0.00,0.00,210201367,1011996943,1623126385,424274934
38.01,6433991.89,12837539.49,1662406.13,6403547.60,2455.79,2742.23,2156.03,286.45,3854072680.16,6419831021.57,0.00,0.00,0.00,0.00,210363856,1012463135,1624157563,424274934
40.01,6436493.90,12840041.50,1665075.66,6403547.60,2502.00,2502.00,2669.52,0.00,3854072680.16,6419831021.57,0.00,0.00,0.00,0.00,210600602,1012866902,1624157563,424274934
42.01,6438700.06,12843102.58,1666355.66,6404402.52,2206.16,3061.08,1280.00,854.92,3854072680.16,6419831021.57,0.00,0.00,0.00,0.00,209262211,1013207051,1624157563,425837953
44.01,6438912.06,12846006.98,1666355.66,6407094.92,212.00,2904.40,0.00,2692.40,3854072680.16,6419831021.57,0.00,0.00,0.00,0.00,209275071,1013248463,1624157563,425837953
46.01,6438912.06,12848603.46,1666355.66,6409691.41,0.00,2596.48,0.00,2596.48,3854072680.16,6419831021.57,0.00,0.00,0.00,0.00,209275071,1013248463,1624157563,425837953
48.01,6438912.06,12851380.47,1666355.66,6412468.41,0.00,2777.00,0.00,2777.00,3854072680.16,6419831021.57,0.00,0.00,0.00,0.00,209275071,1013248463,1624157563,425837953
50.01,6438912.06,12853786.54,1666355.66,6414874.48,0.00,2406.07,0.00,2406.07,3854072680.16,6419831021.57,0.00,0.00,0.00,0.00,209275071,1013248463,1624157563,425837953
52.01,6439110.20,12856327.70,1666355.66,6417217.50,198.14,2541.16,0.00,2343.02,3854072680.16,6419831021.57,0.00,0.00,0.00,0.00,209278584,1013295673,1627610501,425837953
54.01,6441268.60,12860370.93,1666355.66,6419102.33,2158.41,4043.24,0.00,1884.83,3854072680.16,6419831021.57,0.00,0.00,0.00,0.00,209484299,1013642510,1627610501,425837953
56.01,6443236.51,12864205.18,1666355.66,6420968.67,1967.91,3834.24,0.00,1866.34,3854072680.16,6419831021.57,0.00,0.00,0.00,0.00,209660980,1013969613,1628542573,425837953
58.01,6445056.05,12868259.46,1666355.66,6423203.41,1819.54,4054.28,0.00,2234.74,3854072680.16,6419831021.57,0.00,0.00,0.00,0.00,209811814,1014284582,1628542573,425837953
60.01,6445870.86,12871271.23,1666355.66,6425400.37,814.81,3011.77,0.00,2196.96,3854072680.16,6419831021.57,0.00,0.00,0.00,0.00,209880188,1014424800,1629471450,425837953
62.01,6447915.93,12875676.14,1666355.66,6427760.21,2045.07,4404.91,0.00,2359.85,3854072680.16,6419831021.57,0.00,0.00,0.00,0.00,210055885,1014772640,1629471450,425837953
64.01,6449952.49,12879091.08,1667210.97,6429138.59,2036.56,3414.93,855.31,1378.38,3854072680.16,6419831021.57,0.00,0.00,0.00,0.00,210239503,1015110381,1630662744,425837953
66.01,6452055.64,12881194.23,1669869.61,6429138.59,2103.15,2103.15,2658.64,0.00,3854072680.16,6419831021.57,0.00,0.00,0.00,0.00,210418056,1015470234,1630662744,425837953
68.06,6454147.46,12883286.05,1672284.42,6429138.59,2091.82,2091.82,2414.81,0.00,3854072680.16,6419831021.57,0.00,0.00,0.00,0.00,209086559,1015820311,1630662744,427354879
70.06,6456592.68,12887879.75,1672284.42,6431287.06,2445.23,4593.70,0.00,2148.47,3854072680.16,6419831021.57,0.00,0.00,0.00,0.00,209300499,1016232349,1630662744,427354879
72.06,6457344.02,12890887.57,1672284.42,6433543.55,751.34,3007.83,0.00,2256.49,3854072680.16,6419831021.57,0.00,0.00,0.00,0.00,209371221,1016353969,1630662744,427354879
74.06,6457344.02,12893599.75,1672284.42,6436255.73,0.00,2712.18,0.00,2712.18,3854072680.16,6419831021.57,0.00,0.00,0.00,0.00,209371221,1016353969,1630662744,427354879
76.06,6457344.02,12896260.26,1672284.42,6438916.24,0.00,2660.51,0.00,2660.51,3854072680.16,6419831021.57,0.00,0.00,0.00,0.00,209371221,1016353969,1630662744,427354879
78.06,6457344.02,12899216.31,1672284.42,6441872.29,0.00,2956.05,0.00,2956.05,3854072680.16,6419831021.57,0.00,0.00,0.00,0.00,209371221,1016353969,1630662744,427354879
80.06,6457344.02,12901837.21,1672284.42,6444493.19,0.00,2620.90,0.00,2620.90,3854072680.16,6419831021.57,0.00,0.00,0.00,0.00,209371221,1016353969,1630662744,427354879
82.11,6457344.02,12904573.51,1672284.42,6447229.49,0.00,2736.30,0.00,2736.30,3854072680.16,6419831021.57,0.00,0.00,0.00,0.00,209371221,1016353969,1630662744,427354879
84.11,6457344.02,12907418.09,1672284.42,6450074.07,0.00,2844.58,0.00,2844.58,3854072680.16,6419831021.57,0.00,0.00,0.00,0.00,209371221,1016353969,1630662744,427354879
86.11,6457344.02,12910039.29,1672284.42,6452695.27,0.00,2621.20,0.00,2621.20,3854072680.16,6419831021.57,0.00,0.00,0.00,0.00,209371221,1016353969,1630662744,427354879
88.11,6457344.02,12912254.32,1672284.42,6454910.30,0.00,2215.04,0.00,2215.04,3854072680.16,6419831021.57,0.00,0.00,0.00,0.00,209371221,1016353969,1630662744,427354879
90.11,6458763.75,12915667.94,1672284.42,6456904.20,1419.73,3413.62,0.00,1993.89,3854072680.16,6419831021.57,0.00,0.00,0.00,0.00,209486552,1016602088,1637467225,427354879
92.11,6461192.70,12920193.34,1672284.42,6459000.64,2428.95,4525.40,0.00,2096.45,3854072680.16,6419831021.57,0.00,0.00,0.00,0.00,209686740,1017023711,1637467225,427354879
94.11,6463460.20,12924280.92,1672284.42,6460820.72,2267.50,4087.58,0.00,1820.07,3854072680.16,6419831021.57,0.00,0.00,0.00,0.00,209885818,1017405114,1638602509,427354879
96.11,6463488.01,12927191.34,1672284.42,6463703.33,27.81,2910.42,0.00,2882.61,3854072680.16,6419831021.57,0.00,0.00,0.00,0.00,209886824,1017411228,1638602509,427354879
98.11,6463488.01,12929660.30,1672284.42,6466172.29,0.00,2468.96,0.00,2468.96,3854072680.16,6419831021.57,0.00,0.00,0.00,0.00,209886824,1017411228,1638602509,427354879
100.11,6463488.01,12932310.95,1672284.42,6468822.94,0.00,2650.65,0.00,2650.65,3854072680.16,6419831021.57,0.00,0.00,0.00,0.00,209886824,1017411228,1638602509,427354879
102.11,6463488.01,12934879.74,1672284.42,6471391.73,0.00,2568.79,0.00,2568.79,3854072680.16,6419831021.57,0.00,0.00,0.00,0.00,209886824,1017411228,1638602509,427354879
104.11,6463488.01,12937487.12,1672284.42,6473999.11,0.00,2607.38,0.00,2607.38,3854072680.16,6419831021.57,0.00,0.00,0.00,0.00,209886824,1017411228,1638602509,427354879
106.11,6463488.01,12940388.03,1672284.42,6476900.02,0.00,2900.91,0.00,2900.91,3854072680.16,6419831021.57,0.00,0.00,0.00,0.00,209886824,1017411228,1638602509,427354879
108.11,6463488.01,12943081.71,1672284.42,6479593.70,0.00,2693.68,0.00,2693.68,3854072680.16,6419831021.57,0.00,0.00,0.00,0.00,209886824,1017411228,1638602509,427354879
110.11,6463488.01,12945953.91,1672284.42,6482465.89,0.00,2872.20,0.00,2872.20,3854072680.16,6419831021.57,0.00,0.00,0.00,0.00,209886824,1017411228,1638602509,427354879
112.11,6464318.40,12949196.33,1672284.42,6484877.93,830.39,3242.43,0.00,2412.04,3854072680.16,6419831021.57,0.00,0.00,0.00,0.00,209928009,1017582623,1644733897,427354879
114.11,6466727.84,12953584.37,1672284.42,6486856.53,2409.44,4388.04,0.00,1978.60,3854072680.16,6419831021.57,0.00,0.00,0.00,0.00,210063380,1018064069,1644733897,427354879
116.11,6467653.89,12956553.11,1672284.42,6488899.22,926.05,2968.74,0.00,2042.70,3854072680.16,6419831021.57,0.00,0.00,0.00,0.00,210092129,1018272388,1644733897,427354879
118.11,6467653.89,12959524.71,1672284.42,6491870.82,0.00,2971.60,0.00,2971.60,3854072680.16,6419831021.57,0.00,0.00,0.00,0.00,210092129,1018272388,1644733897,427354879
120.11,6467653.89,12961931.11,1672284.42,6494277.22,0.00,2406.40,0.00,2406.40,3854072680.16,6419831021.57,0.00,0.00,0.00,0.00,210092129,1018272388,1644733897,427354879
122.11,6467653.89,12964521.34,1672284.42,6496867.45,0.00,2590.22,0.00,2590.22,3854072680.16,6419831021.57,0.00,0.00,0.00,0.00,210092129,1018272388,1644733897,427354879
124.11,6467653.89,12967285.58,1672284.42,6499631.69,0.00,2764.24,0.00,2764.24,3854072680.16,6419831021.57,0.00,0.00,0.00,0.00,210092129,1018272388,1644733897,427354879
126.11,6467653.89,12969955.22,1672284.42,6502301.33,0.00,2669.64,0.00,2669.64,3854072680.16,6419831021.57,0.00,0.00,0.00,0.00,210092129,1018272388,1644733897,427354879
128.11,6467653.89,12972974.91,1672284.42,6505321.02,0.00,3019.68,0.00,3019.68,3854072680.16,6419831021.57,0.00,0.00,0.00,0.00,210092129,1018272388,1644733897,427354879
130.11,6467653.89,12975218.20,1672284.42,6507564.31,0.00,2243.29,0.00,2243.29,3854072680.16,6419831021.57,0.00,0.00,0.00,0.00,210092129,1018272388,1644733897,427354879
132.11,6467653.89,12977837.98,1672284.42,6510184.09,0.00,2619.79,0.00,2619.79,3854072680.16,6419831021.57,0.00,0.00,0.00,0.00,210092129,1018272388,1644733897,427354879
134.11,6467653.89,12980182.05,1672284.42,6512528.16,0.00,2344.07,0.00,2344.07,3854072680.16,6419831021.57,0.00,0.00,0.00,0.00,210092129,1018272388,1644733897,427354879
136.11,6467653.89,12982429.69,1672284.42,6514775.80,0.00,2247.64,0.00,2247.64,3854072680.16,6419831021.57,0.00,0.00,0.00,0.00,210092129,1018272388,1644733897,427354879
138.11,6467653.89,12984940.50,1672284.42,6517286.61,0.00,2510.80,0.00,2510.80,3854072680.16,6419831021.57,0.00,0.00,0.00,0.00,210092129,1018272388,1644733897,427354879
140.11,6467653.89,12987173.11,1672284.42,6519519.21,0.00,2232.61,0.00,2232.61,3854072680.16,6419831021.57,0.00,0.00,0.00,0.00,210092129,1018272388,1644733897,427354879
142.11,6467653.89,12989910.13,1672284.42,6522256.24,0.00,2737.02,0.00,2737.02,3854072680.16,6419831021.57,0.00,0.00,0.00,0.00,210092129,1018272388,1644733897,427354879
144.11,6467653.89,12992338.39,1672284.42,6524684.50,0.00,2428.26,0.00,2428.26,3854072680.16,6419831021.57,0.00,0.00,0.00,0.00,210092129,1018272388,1644733897,427354879
146.11,6467653.89,12994701.51,1672284.42,6527047.62,0.00,2363.12,0.00,2363.12,3854072680.16,6419831021.57,0.00,0.00,0.00,0.00,210092129,1018272388,1644733897,427354879
148.11,6467653.89,12997442.46,1672284.42,6529788.57,0.00,2740.95,0.00,2740.95,3854072680.16,6419831021.57,0.00,0.00,0.00,0.00,210092129,1018272388,1644733897,427354879
150.11,6467653.89,12999983.32,1672284.42,6532329.43,0.00,2540.86,0.00,2540.86,3854072680.16,6419831021.57,0.00,0.00,0.00,0.00,210092129,1018272388,1644733897,427354879
152.11,6467653.89,13002982.95,1672284.42,6535329.05,0.00,2999.63,0.00,2999.63,3854072680.16,6419831021.57,0.00,0.00,0.00,0.00,210092129,1018272388,1644733897,427354879
154.11,6467653.89,13005652.36,1672284.42,6537998.47,0.00,2669.42,0.00,2669.42,3854072680.16,6419831021.57,0.00,0.00,0.00,0.00,210092129,1018272388,1644733897,427354879
156.11,6467653.89,13008625.97,1672284.42,6540972.08,0.00,2973.61,0.00,2973.61,3854072680.16,6419831021.57,0.00,0.00,0.00,0.00,210092129,1018272388,1644733897,427354879
158.11,6467653.89,13011237.72,1672284.42,6543583.83,0.00,2611.75,0.00,2611.75,3854072680.16,6419831021.57,0.00,0.00,0.00,0.00,210092129,1018272388,1644733897,427354879
160.11,6467653.89,13014196.45,1672284.42,6546542.56,0.00,2958.73,0.00,2958.73,3854072680.16,6419831021.57,0.00,0.00,0.00,0.00,210092129,1018272388,1644733897,427354879
162.11,6467653.89,13016820.02,1672284.42,6549166.13,0.00,2623.57,0.00,2623.57,3854072680.16,6419831021.57,0.00,0.00,0.00,0.00,210092129,1018272388,1644733897,427354879
164.11,6467653.89,13019743.17,1672284.42,6552089.28,0.00,2923.15,0.00,2923.15,3854072680.16,6419831021.57,0.00,0.00,0.00,0.00,210092129,1018272388,1644733897,427354879
166.11,6467653.89,13022370.79,1672284.42,6554716.90,0.00,2627.62,0.00,2627.62,3854072680.16,6419831021.57,0.00,0.00,0.00,0.00,210092129,1018272388,1644733897,427354879
168.11,6467653.89,13025288.67,1672284.42,6557634.78,0.00,2917.88,0.00,2917.88,3854072680.16,6419831021.57,0.00,0.00,0.00,0.00,210092129,1018272388,1644733897,427354879
170.11,6467653.89,13027909.64,1672284.42,6560255.75,0.00,2620.98,0.00,2620.98,3854072680.16,6419831021.57,0.00,0.00,0.00,0.00,210092129,1018272388,1644733897,427354879
172.11,6467653.89,13030918.52,1672284.42,6563264.62,0.00,3008.87,0.00,3008.87,3854072680.16,6419831021.57,0.00,0.00,0.00,0.00,210092129,1018272388,1644733897,427354879
174.11,6467653.89,13033182.95,1672284.42,6565529.06,0.00,2264.43,0.00,2264.43,3854072680.16,6419831021.57,0.00,0.00,0.00,0.00,210092129,1018272388,1644733897,427354879
176.13,6467653.89,13035976.05,1672284.42,6568322.16,0.00,2793.10,0.00,2793.10,3854072680.16,6419831021.57,0.00,0.00,0.00,0.00,210092129,1018272388,1644733897,427354879
178.13,6467653.89,13038682.66,1672284.42,6571028.77,0.00,2706.61,0.00,2706.61,3854072680.16,6419831021.57,0.00,0.00,0.00,0.00,210092129,1018272388,1644733897,427354879
180.13,6467653.89,13041444.25,1672284.42,6573790.36,0.00,2761.59,0.00,2761.59,3854072680.16,6419831021.57,0.00,0.00,0.00,0.00,210092129,1018272388,1644733897,427354879
182.13,6467653.89,13044147.10,1672284.42,6576493.21,0.00,2702.85,0.00,2702.85,3854072680.16,6419831021.57,0.00,0.00,0.00,0.00,210092129,1018272388,1644733897,427354879
184.13,6467653.89,13046468.21,1672284.42,6578814.32,0.00,2321.11,0.00,2321.11,3854072680.16,6419831021.57,0.00,0.00,0.00,0.00,210092129,1018272388,1644733897,427354879
186.13,6467653.89,13048945.07,1672284.42,6581291.18,0.00,2476.86,0.00,2476.86,3854072680.16,6419831021.57,0.00,0.00,0.00,0.00,210092129,1018272388,1644733897,427354879
188.13,6467653.89,13051137.17,1672284.42,6583483.28,0.00,2192.09,0.00,2192.09,3854072680.16,6419831021.57,0.00,0.00,0.00,0.00,210092129,1018272388,1644733897,427354879
190.13,6467653.89,13053531.97,1672284.42,6585878.08,0.00,2394.80,0.00,2394.80,3854072680.16,6419831021.57,0.00,0.00,0.00,0.00,210092129,1018272388,1644733897,427354879
192.13,6467653.89,13053776.79,1674622.91,6586122.90,0.00,244.82,2338.49,244.82,3854072680.16,6419831021.57,0.00,0.00,0.00,0.00,210092129,1018272388,1644733897,427354879
194.13,6467653.89,13053776.79,1677274.35,6586122.90,0.00,0.00,2651.44,0.00,3854072680.16,6419831021.57,0.00,0.00,0.00,0.00,210092129,1018272388,1644733897,427354879
196.13,6467653.89,13053776.79,1678166.00,6586122.90,0.00,0.00,891.65,0.00,3854072680.16,6419831021.57,0.00,0.00,0.00,0.00,210092129,1018272388,1644733897,427354879
198.13,6467653.89,13053776.79,1678166.00,6586122.90,0.00,0.00,0.00,0.00,3854072680.16,6419831021.57,0.00,0.00,0.00,0.00,210092129,1018272388,1644733897,427354879
200.13,6467653.89,13053776.79,1678166.00,6586122.90,0.00,0.00,0.00,0.00,3854072680.16,6419831021.57,0.00,0.00,0.00,0.00,210092129,1018272388,1644733897,427354879
202.13,6467653.89,13053776.79,1678166.00,6586122.90,0.00,0.00,0.00,0.00,3854072680.16,6419831021.57,0.00,0.00,0.00,0.00,210092129,1018272388,1644733897,427354879
204.13,6467653.89,13053776.79,1678166.00,6586122.90,0.00,0.00,0.00,0.00,3854072680.16,6419831021.57,0.00,0.00,0.00,0.00,210092129,1018272388,1644733897,427354879
206.13,6467653.89,13053776.79,1678166.00,6586122.90,0.00,0.00,0.00,0.00,3854072680.16,6419831021.57,0.00,0.00,0.00,0.00,210092129,1018272388,1644733897,427354879
208.13,6467653.89,13053776.79,1678166.00,6586122.90,0.00,0.00,0.00,0.00,3854072680.16,6419831021.57,0.00,0.00,0.00,0.00,210092129,1018272388,1644733897,427354879
210.13,6467653.89,13053776.79,1678166.00,6586122.90,0.00,0.00,0.00,0.00,3854072680.16,6419831021.57,0.00,0.00,0.00,0.00,210092129,1018272388,1644733897,427354879
212.13,6467653.89,13053776.79,1678166.00,6586122.90,0.00,0.00,0.00,0.00,3854072680.16,6419831021.57,0.00,0.00,0.00,0.00,210092129,1018272388,1644733897,427354879
214.13,6467653.89,13053776.79,1678166.00,6586122.90,0.00,0.00,0.00,0.00,3854072680.16,6419831021.57,0.00,0.00,0.00,0.00,210092129,1018272388,1644733897,427354879
216.13,6467653.89,13053776.79,1678166.00,6586122.90,0.00,0.00,0.00,0.00,3854072680.16,6419831021.57,0.00,0.00,0.00,0.00,210092129,1018272388,1644733897,427354879
218.13,6467653.89,13053776.79,1678166.00,6586122.90,0.00,0.00,0.00,0.00,3854072680.16,6419831021.57,0.00,0.00,0.00,0.00,210092129,1018272388,1644733897,427354879
220.13,6467653.89,13053776.79,1678166.00,6586122.90,0.00,0.00,0.00,0.00,3854072680.16,6419831021.57,0.00,0.00,0.00,0.00,210092129,1018272388,1644733897,427354879
222.13,6467653.89,13053776.79,1678166.00,6586122.90,0.00,0.00,0.00,0.00,3854072680.16,6419831021.57,0.00,0.00,0.00,0.00,210092129,1018272388,1644733897,427354879
224.13,6467653.89,13053776.79,1678166.00,6586122.90,0.00,0.00,0.00,0.00,3854072680.16,6419831021.57,0.00,0.00,0.00,0.00,210092129,1018272388,1644733897,427354879
226.13,6467653.89,13053776.79,1678166.00,6586122.90,0.00,0.00,0.00,0.00,3854072680.16,6419831021.57,0.00,0.00,0.00,0.00,210092129,1018272388,1644733897,427354879
228.13,6467653.89,13053776.79,1678166.00,6586122.90,0.00,0.00,0.00,0.00,3854072680.16,6419831021.57,0.00,0.00,0.00,0.00,210092129,1018272388,1644733897,427354879
230.13,6467653.89,13053776.79,1678166.00,6586122.90,0.00,0.00,0.00,0.00,3854072680.16,6419831021.57,0.00,0.00,0.00,0.00,210092129,1018272388,1644733897,427354879
232.13,6467653.89,13053776.79,1678166.00,6586122.90,0.00,0.00,0.00,0.00,3854072680.16,6419831021.57,0.00,0.00,0.00,0.00,210092129,1018272388,1644733897,427354879
234.13,6467653.89,13053776.79,1678166.00,6586122.90,0.00,0.00,0.00,0.00,3854072680.16,6419831021.57,0.00,0.00,0.00,0.00,210092129,1018272388,1644733897,427354879
236.13,6467653.89,13053776.79,1678166.00,6586122.90,0.00,0.00,0.00,0.00,3854072680.16,6419831021.57,0.00,0.00,0.00,0.00,210092129,1018272388,1644733897,427354879
238.13,6467653.89,13053776.79,1678166.00,6586122.90,0.00,0.00,0.00,0.00,3854072680.16,6419831021.57,0.00,0.00,0.00,0.00,210092129,1018272388,1644733897,427354879
240.13,6467653.89,13053776.79,1678166.00,6586122.90,0.00,0.00,0.00,0.00,3854072680.16,6419831021.57,0.00,0.00,0.00,0.00,210092129,1018272388,1644733897,427354879
242.13,6467653.89,13053776.79,1678166.00,6586122.90,0.00,0.00,0.00,0.00,3854072680.16,6419831021.57,0.00,0.00,0.00,0.00,210092129,1018272388,1644733897,427354879
244.13,6467653.89,13053776.79,1678166.00,6586122.90,0.00,0.00,0.00,0.00,3854072680.16,6419831021.57,0.00,0.00,0.00,0.00,210092129,1018272388,1644733897,427354879
246.13,6467653.89,13053776.79,1678166.00,6586122.90,0.00,0.00,0.00,0.00,3854072680.16,6419831021.57,0.00,0.00,0.00,0.00,210092129,1018272388,1644733897,427354879
248.13,6467653.89,13053776.79,1678166.00,6586122.90,0.00,0.00,0.00,0.00,3854072680.16,6419831021.57,0.00,0.00,0.00,0.00,210092129,1018272388,1644733897,427354879
250.13,6467653.89,13053776.79,1678166.00,6586122.90,0.00,0.00,0.00,0.00,3854072680.16,6419831021.57,0.00,0.00,0.00,0.00,210092129,1018272388,1644733897,427354879
252.13,6467653.89,13053776.79,1678166.00,6586122.90,0.00,0.00,0.00,0.00,3854072680.16,6419831021.57,0.00,0.00,0.00,0.00,210092129,1018272388,1644733897,427354879
254.13,6467653.89,13053776.79,1678166.00,6586122.90,0.00,0.00,0.00,0.00,3854072680.16,6419831021.57,0.00,0.00,0.00,0.00,210092129,1018272388,1644733897,427354879
256.13,6467653.89,13053776.79,1678166.00,6586122.90,0.00,0.00,0.00,0.00,3854072680.16,6419831021.57,0.00,0.00,0.00,0.00,210092129,1018272388,1644733897,427354879
258.13,6467653.89,13053776.79,1678166.00,6586122.90,0.00,0.00,0.00,0.00,3854072680.16,6419831021.57,0.00,0.00,0.00,0.00,210092129,1018272388,1644733897,427354879
260.13,6467653.89,13053776.79,1678166.00,6586122.90,0.00,0.00,0.00,0.00,3854072680.16,6419831021.57,0.00,0.00,0.00,0.00,210092129,1018272388,1644733897,427354879
262.13,6467653.89,13053776.79,1678166.00,6586122.90,0.00,0.00,0.00,0.00,3854072680.16,6419831021.57,0.00,0.00,0.00,0.00,210092129,1018272388,1644733897,427354879
264.13,6467653.89,13053776.79,1678166.00,6586122.90,0.00,0.00,0.00,0.00,3854072680.16,6419831021.57,0.00,0.00,0.00,0.00,210092129,1018272388,1644733897,427354879
266.13,6467653.89,13053776.79,1678166.00,6586122.90,0.00,0.00,0.00,0.00,3854072680.16,6419831021.57,0.00,0.00,0.00,0.00,210092129,1018272388,1644733897,427354879
268.13,6467653.89,13053776.79,1678166.00,6586122.90,0.00,0.00,0.00,0.00,3854072680.16,6419831021.57,0.00,0.00,0.00,0.00,210092129,1018272388,1644733897,427354879
270.13,6467653.89,13053776.79,1678166.00,6586122.90,0.00,0.00,0.00,0.00,3854072680.16,6419831021.57,0.00,0.00,0.00,0.00,210092129,1018272388,1644733897,427354879
272.13,6467653.89,13053776.79,1678166.00,6586122.90,0.00,0.00,0.00,0.00,3854072680.16,6419831021.57,0.00,0.00,0.00,0.00,210092129,1018272388,1644733897,427354879
274.13,6467653.89,13053776.79,1678166.00,6586122.90,0.00,0.00,0.00,0.00,3854072680.16,6419831021.57,0.00,0.00,0.00,0.00,210092129,1018272388,1644733897,427354879
276.13,6467653.89,13053776.79,1678166.00,6586122.90,0.00,0.00,0.00,0.00,3854072680.16,6419831021.57,0.00,0.00,0.00,0.00,210092129,1018272388,1644733897,427354879
278.13,6467653.89,13053776.79,1678166.00,6586122.90,0.00,0.00,0.00,0.00,3854072680.16,6419831021.57,0.00,0.00,0.00,0.00,210092129,1018272388,1644733897,427354879
280.13,6467653.89,13053776.79,1678166.00,6586122.90,0.00,0.00,0.00,0.00,3854072680.16,6419831021.57,0.00,0.00,0.00,0.00,210092129,1018272388,1644733897,427354879
282.13,6467653.89,13053776.79,1678166.00,6586122.90,0.00,0.00,0.00,0.00,3854072680.16,6419831021.57,0.00,0.00,0.00,0.00,210092129,1018272388,1644733897,427354879
284.13,6467653.89,13053776.79,1678166.00,6586122.90,0.00,0.00,0.00,0.00,3854072680.16,6419831021.57,0.00,0.00,0.00,0.00,210092129,1018272388,1644733897,427354879
286.13,6467653.89,13053776.79,1678166.00,6586122.90,0.00,0.00,0.00,0.00,3854072680.16,6419831021.57,0.00,0.00,0.00,0.00,210092129,1018272388,1644733897,427354879
288.13,6467653.89,13053776.79,1678166.00,6586122.90,0.00,0.00,0.00,0.00,3854072680.16,6419831021.57,0.00,0.00,0.00,0.00,210092129,1018272388,1644733897,427354879
290.13,6467653.89,13053776.79,1678166.00,6586122.90,0.00,0.00,0.00,0.00,3854072680.16,6419831021.57,0.00,0.00,0.00,0.00,210092129,1018272388,1644733897,427354879
292.13,6467653.89,13053776.79,1678166.00,6586122.90,0.00,0.00,0.00,0.00,3854072680.16,6419831021.57,0.00,0.00,0.00,0.00,210092129,1018272388,1644733897,427354879
294.13,6467653.89,13053776.79,1678166.00,6586122.90,0.00,0.00,0.00,0.00,3854072680.16,6419831021.57,0.00,0.00,0.00,0.00,210092129,1018272388,1644733897,427354879
296.13,6467653.89,13053776.79,1678166.00,6586122.90,0.00,0.00,0.00,0.00,3854072680.16,6419831021.57,0.00,0.00,0.00,0.00,210092129,1018272388,1644733897,427354879
298.13,6467653.89,13053776.79,1678166.00,6586122.90,0.00,0.00,0.00,0.00,3854072680.16,6419831021.57,0.00,0.00,0.00,0.00,210092129,1018272388,1644733897,427354879
300.13,6467653.89,13053776.79,1678166.00,6586122.90,0.00,0.00,0.00,0.00,3854072680.16,6419831021.57,0.00,0.00,0.00,0.00,210092129,1018272388,1644733897,427354879
302.13,6467653.89,13053776.79,1678166.00,6586122.90,0.00,0.00,0.00,0.00,3854072680.16,6419831021.57,0.00,0.00,0.00,0.00,210092129,1018272388,1644733897,427354879
304.13,6467653.89,13053776.79,1678166.00,6586122.90,0.00,0.00,0.00,0.00,3854072680.16,6419831021.57,0.00,0.00,0.00,0.00,210092129,1018272388,1644733897,427354879
306.13,6467653.89,13053776.79,1678166.00,6586122.90,0.00,0.00,0.00,0.00,3854072680.16,6419831021.57,0.00,0.00,0.00,0.00,210092129,1018272388,1644733897,427354879
308.13,6467653.89,13053776.79,1678166.00,6586122.90,0.00,0.00,0.00,0.00,3854072680.16,6419831021.57,0.00,0.00,0.00,0.00,210092129,1018272388,1644733897,427354879
310.13,6467653.89,13053776.79,1678166.00,6586122.90,0.00,0.00,0.00,0.00,3854072680.16,6419831021.57,0.00,0.00,0.00,0.00,210092129,1018272388,1644733897,427354879
312.13,6467653.89,13053776.79,1678166.00,6586122.90,0.00,0.00,0.00,0.00,3854072680.16,6419831021.57,0.00,0.00,0.00,0.00,210092129,1018272388,1644733897,427354879
314.13,6467653.89,13053776.79,1678166.00,6586122.90,0.00,0.00,0.00,0.00,3854072680.16,6419831021.57,0.00,0.00,0.00,0.00,210092129,1018272388,1644733897,427354879
316.13,6467653.89,13053776.79,1678166.00,6586122.90,0.00,0.00,0.00,0.00,3854072680.16,6419831021.57,0.00,0.00,0.00,0.00,210092129,1018272388,1644733897,427354879
318.13,6467653.89,13053776.79,1678166.00,6586122.90,0.00,0.00,0.00,0.00,3854072680.16,6419831021.57,0.00,0.00,0.00,0.00,210092129,1018272388,1644733897,427354879
320.13,6467653.89,13053776.79,1678166.00,6586122.90,0.00,0.00,0.00,0.00,3854072680.16,6419831021.57,0.00,0.00,0.00,0.00,210092129,1018272388,1644733897,427354879
322.13,6467653.89,13053776.79,1678166.00,6586122.90,0.00,0.00,0.00,0.00,3854072680.16,6419831021.57,0.00,0.00,0.00,0.00,210092129,1018272388,1644733897,427354879
324.13,6467653.89,13053776.79,1678166.00,6586122.90,0.00,0.00,0.00,0.00,3854072680.16,6419831021.57,0.00,0.00,0.00,0.00,210092129,1018272388,1644733897,427354879
326.13,6467653.89,13053776.79,1678166.00,6586122.90,0.00,0.00,0.00,0.00,3854072680.16,6419831021.57,0.00,0.00,0.00,0.00,210092129,1018272388,1644733897,427354879
328.13,6467653.89,13053776.79,1678166.00,6586122.90,0.00,0.00,0.00,0.00,3854072680.16,6419831021.57,0.00,0.00,0.00,0.00,210092129,1018272388,1644733897,427354879
330.13,6467653.89,13053776.79,1678166.00,6586122.90,0.00,0.00,0.00,0.00,3854072680.16,6419831021.57,0.00,0.00,0.00,0.00,210092129,1018272388,1644733897,427354879
332.13,6467653.89,13053776.79,1678166.00,6586122.90,0.00,0.00,0.00,0.00,3854072680.16,6419831021.57,0.00,0.00,0.00,0.00,210092129,1018272388,1644733897,427354879
334.13,6467653.89,13053776.79,1678166.00,6586122.90,0.00,0.00,0.00,0.00,3854072680.16,6419831021.57,0.00,0.00,0.00,0.00,210092129,1018272388,1644733897,427354879
336.13,6467653.89,13053776.79,1678166.00,6586122.90,0.00,0.00,0.00,0.00,3854072680.16,6419831021.57,0.00,0.00,0.00,0.00,210092129,1018272388,1644733897,427354879
338.13,6467653.89,13053776.79,1678166.00,6586122.90,0.00,0.00,0.00,0.00,3854072680.16,6419831021.57,0.00,0.00,0.00,0.00,210092129,1018272388,1644733897,427354879
340.13,6467653.89,13053776.79,1678166.00,6586122.90,0.00,0.00,0.00,0.00,3854072680.16,6419831021.57,0.00,0.00,0.00,0.00,210092129,1018272388,1644733897,427354879
342.13,6467653.89,13053776.79,1678166.00,6586122.90,0.00,0.00,0.00,0.00,3854072680.16,6419831021.57,0.00,0.00,0.00,0.00,210092129,1018272388,1644733897,427354879
344.13,6467653.89,13053776.79,1678166.00,6586122.90,0.00,0.00,0.00,0.00,3854072680.16,6419831021.57,0.00,0.00,0.00,0.00,210092129,1018272388,1644733897,427354879
346.13,6467653.89,13053776.79,1678166.00,6586122.90,0.00,0.00,0.00,0.00,3854072680.16,6419831021.57,0.00,0.00,0.00,0.00,210092129,1018272388,1644733897,427354879
348.13,6467653.89,13053776.79,1678166.00,6586122.90,0.00,0.00,0.00,0.00,3854072680.16,6419831021.57,0.00,0.00,0.00,0.00,210092129,1018272388,1644733897,427354879
350.13,6467653.89,13053776.79,1678166.00,6586122.90,0.00,0.00,0.00,0.00,3854072680.16,6419831021.57,0.00,0.00,0.00,0.00,210092129,1018272388,1644733897,427354879
352.13,6467653.89,13053776.79,1678166.00,6586122.90,0.00,0.00,0.00,0.00,3854072680.16,6419831021.57,0.00,0.00,0.00,0.00,210092129,1018272388,1644733897,427354879
354.13,6467653.89,13053776.79,1678166.00,6586122.90,0.00,0.00,0.00,0.00,3854072680.16,6419831021.57,0.00,0.00,0.00,0.00,210092129,1018272388,1644733897,427354879
356.13,6467653.89,13053776.79,1678166.00,6586122.90,0.00,0.00,0.00,0.00,3854072680.16,6419831021.57,0.00,0.00,0.00,0.00,210092129,1018272388,1644733897,427354879
358.13,6467653.89,13053776.79,1678166.00,6586122.90,0.00,0.00,0.00,0.00,3854072680.16,6419831021.57,0.00,0.00,0.00,0.00,210092129,1018272388,1644733897,427354879
360.13,6467653.89,13053776.79,1678166.00,6586122.90,0.00,0.00,0.00,0.00,3854072680.16,6419831021.57,0.00,0.00,0.00,0.00,210092129,1018272388,1644733897,427354879
362.13,6467653.89,13053776.79,1678166.00,6586122.90,0.00,0.00,0.00,0.00,3854072680.16,6419831021.57,0.00,0.00,0.00,0.00,210092129,1018272388,1644733897,427354879
364.13,6467653.89,13053776.79,1678166.00,6586122.90,0.00,0.00,0.00,0.00,3854072680.16,6419831021.57,0.00,0.00,0.00,0.00,210092129,1018272388,1644733897,427354879
366.13,6467653.89,13053776.79,1678166.00,6586122.90,0.00,0.00,0.00,0.00,3854072680.16,6419831021.57,0.00,0.00,0.00,0.00,210092129,1018272388,1644733897,427354879
368.13,6467653.89,13053776.79,1678166.00,6586122.90,0.00,0.00,0.00,0.00,3854072680.16,6419831021.57,0.00,0.00,0.00,0.00,210092129,1018272388,1644733897,427354879
370.13,6467653.89,13053776.79,1678166.00,6586122.90,0.00,0.00,0.00,0.00,3854072680.16,6419831021.57,0.00,0.00,0.00,0.00,210092129,1018272388,1644733897,427354879
372.13,6467653.89,13053776.79,1678166.00,6586122.90,0.00,0.00,0.00,0.00,3854072680.16,6419831021.57,0.00,0.00,0.00,0.00,210092129,1018272388,1644733897,427354879
374.13,6467653.89,13053776.79,1678166.00,6586122.90,0.00,0.00,0.00,0.00,3854072680.16,6419831021.57,0.00,0.00,0.00,0.00,210092129,1018272388,1644733897,427354879
376.13,6467653.89,13053776.79,1678166.00,6586122.90,0.00,0.00,0.00,0.00,3854072680.16,6419831021.57,0.00,0.00,0.00,0.00,210092129,1018272388,1644733897,427354879
378.13,6467653.89,13053776.79,1678166.00,6586122.90,0.00,0.00,0.00,0.00,3854072680.16,6419831021.57,0.00,0.00,0.00,0.00,210092129,1018272388,1644733897,427354879
380.13,6467653.89,13053776.79,1678166.00,6586122.90,0.00,0.00,0.00,0.00,3854072680.16,6419831021.57,0.00,0.00,0.00,0.00,210092129,1018272388,1644733897,427354879
382.13,6467653.89,13053776.79,1678166.00,6586122.90,0.00,0.00,0.00,0.00,3854072680.16,6419831021.57,0.00,0.00,0.00,0.00,210092129,1018272388,1644733897,427354879
384.13,6467653.89,13053776.79,1678166.00,6586122.90,0.00,0.00,0.00,0.00,3854072680.16,6419831021.57,0.00,0.00,0.00,0.00,210092129,1018272388,1644733897,427354879
386.13,6467653.89,13053776.79,1678166.00,6586122.90,0.00,0.00,0.00,0.00,3854072680.16,6419831021.57,0.00,0.00,0.00,0.00,210092129,1018272388,1644733897,427354879
388.13,6467653.89,13053776.79,1678166.00,6586122.90,0.00,0.00,0.00,0.00,3854072680.16,6419831021.57,0.00,0.00,0.00,0.00,210092129,1018272388,1644733897,427354879
390.13,6467653.89,13053776.79,1678166.00,6586122.90,0.00,0.00,0.00,0.00,3854072680.16,6419831021.57,0.00,0.00,0.00,0.00,210092129,1018272388,1644733897,427354879
392.13,6467653.89,13053776.79,1678166.00,6586122.90,0.00,0.00,0.00,0.00,3854072680.16,6419831021.57,0.00,0.00,0.00,0.00,210092129,1018272388,1644733897,427354879
394.13,6467653.89,13053776.79,1678166.00,6586122.90,0.00,0.00,0.00,0.00,3854072680.16,6419831021.57,0.00,0.00,0.00,0.00,210092129,1018272388,1644733897,427354879
396.13,6467653.89,13053776.79,1678166.00,6586122.90,0.00,0.00,0.00,0.00,3854072680.16,6419831021.57,0.00,0.00,0.00,0.00,210092129,1018272388,1644733897,427354879
398.13,6467653.89,13053776.79,1678166.00,6586122.90,0.00,0.00,0.00,0.00,3854072680.16,6419831021.57,0.00,0.00,0.00,0.00,210092129,1018272388,1644733897,427354879
400.13,6467653.89,13053776.79,1678166.00,6586122.90,0.00,0.00,0.00,0.00,3854072680.16,6419831021.57,0.00,0.00,0.00,0.00,210092129,1018272388,1644733897,427354879
402.13,6467653.89,13053776.79,1678166.00,6586122.90,0.00,0.00,0.00,0.00,3854072680.16,6419831021.57,0.00,0.00,0.00,0.00,210092129,1018272388,1644733897,427354879
404.13,6467653.89,13053776.79,1678166.00,6586122.90,0.00,0.00,0.00,0.00,3854072680.16,6419831021.57,0.00,0.00,0.00,0.00,210092129,1018272388,1644733897,427354879
406.13,6467653.89,13053776.79,1678166.00,6586122.90,0.00,0.00,0.00,0.00,3854072680.16,6419831021.57,0.00,0.00,0.00,0.00,210092129,1018272388,1644733897,427354879
408.13,6467653.89,13053776.79,1678166.00,6586122.90,0.00,0.00,0.00,0.00,3854072680.16,6419831021.57,0.00,0.00,0.00,0.00,210092129,1018272388,1644733897,427354879
410.13,6467653.89,13053776.79,1678166.00,6586122.90,0.00,0.00,0.00,0.00,3854072680.16,6419831021.57,0.00,0.00,0.00,0.00,210092129,1018272388,1644733897,427354879
412.13,6467653.89,13053776.79,1678166.00,6586122.90,0.00,0.00,0.00,0.00,3854072680.16,6419831021.57,0.00,0.00,0.00,0.00,210092129,1018272388,1644733897,427354879
414.13,6467653.89,13053776.79,1678166.00,6586122.90,0.00,0.00,0.00,0.00,3854072680.16,6419831021.57,0.00,0.00,0.00,0.00,210092129,1018272388,1644733897,427354879
416.13,6467653.89,13053776.79,1678166.00,6586122.90,0.00,0.00,0.00,0.00,3854072680.16,6419831021.57,0.00,0.00,0.00,0.00,210092129,1018272388,1644733897,427354879
418.13,6467653.89,13053776.79,1678166.00,6586122.90,0.00,0.00,0.00,0.00,3854072680.16,6419831021.57,0.00,0.00,0.00,0.00,210092129,1018272388,1644733897,427354879
420.13,6467653.89,13053776.79,1678166.00,6586122.90,0.00,0.00,0.00,0.00,3854072680.16,6419831021.57,0.00,0.00,0.00,0.00,210092129,1018272388,1644733897,427354879
422.13,6467653.89,13053776.79,1678166.00,6586122.90,0.00,0.00,0.00,0.00,3854072680.16,6419831021.57,0.00,0.00,0.00,0.00,210092129,1018272388,1644733897,427354879
424.13,6467653.89,13053776.79,1678166.00,6586122.90,0.00,0.00,0.00,0.00,3854072680.16,6419831021.57,0.00,0.00,0.00,0.00,210092129,1018272388,1644733897,427354879
425.08,6467653.89,13053776.79,1678166.00,6586122.90,0.00,0.00,0.00,0.00,3854072680.16,6419831021.57,0.00,0.00,0.00,0.00,210092129,1018272388,1644733897,427354879
