time_sec,occupancy_blocks,free_blocks,clean_blocks,dirty_blocks,rd_hits,rd_misses,rd_total,wr_hits,wr_misses,wr_total,cache_rd_blocks,cache_wr_blocks,core_rd_blocks,core_wr_blocks,host_rd_blocks,host_wr_blocks,cache_wr_delta,core_wr_delta,host_wr_delta,cache_wr_MB,core_wr_MB,host_wr_MB,nvme_host_MB,nvme_media_MB,nvme_host_delta_MB,nvme_media_delta_MB
2.00,8,454294766,8,0,0,4,4,0,0,0,2,9,9,0,11,0,9,0,0,0.04,0.00,0.00,0.00,0.00,0.00,0.00
4.00,8,454294766,8,0,0,4,4,0,0,0,2,9,9,0,11,0,0,0,0,0.04,0.00,0.00,3938930186.52,6514324066.00,3938930186.52,6514324066.00
6.00,8,454294766,8,0,0,4,4,0,0,0,2,9,9,0,11,0,0,0,0,0.04,0.00,0.00,3938930186.52,6514324066.00,0.00,0.00
8.00,8,454294766,8,0,0,4,4,0,0,0,2,9,9,0,11,0,0,0,0,0.04,0.00,0.00,3938930186.52,6514324066.00,0.00,0.00
10.00,265,454294509,265,0,7,44,51,0,0,0,10,266,266,0,276,0,257,0,0,1.04,0.00,0.00,3938930186.52,6514324066.00,0.00,0.00
12.00,265,454294509,265,0,7,44,51,0,0,0,10,266,266,0,276,0,0,0,0,1.04,0.00,0.00,3938930186.52,6514324066.00,0.00,0.00
14.00,265,454294509,265,0,7,44,51,0,0,0,10,266,266,0,276,0,0,0,0,1.04,0.00,0.00,3938930186.52,6514324066.00,0.00,0.00
16.00,265,454294509,265,0,7,44,51,0,0,0,10,266,266,0,276,0,0,0,0,1.04,0.00,0.00,3938930186.52,6514324066.00,0.00,0.00
18.00,265,454294509,265,0,7,44,51,0,0,0,10,266,266,0,276,0,0,0,0,1.04,0.00,0.00,3938930186.52,6514324066.00,0.00,0.00
20.00,265,454294509,265,0,7,44,51,0,0,0,10,266,266,0,276,0,0,0,0,1.04,0.00,0.00,3938930186.52,6514324066.00,0.00,0.00
22.00,265,454294509,265,0,7,44,51,0,0,0,10,266,266,0,276,0,0,0,0,1.04,0.00,0.00,3938930186.52,6514324066.00,0.00,0.00
24.00,265,454294509,265,0,7,44,51,0,0,0,10,266,266,0,276,0,0,0,0,1.04,0.00,0.00,3938930186.52,6514324066.00,0.00,0.00
26.00,265,454294509,265,0,7,44,51,0,0,0,10,266,266,0,276,0,0,0,0,1.04,0.00,0.00,3938930186.52,6514324066.00,0.00,0.00
28.00,265,454294509,265,0,7,44,51,0,0,0,10,266,266,0,276,0,0,0,0,1.04,0.00,0.00,3938930186.52,6514324066.00,0.00,0.00
30.00,265,454294509,265,0,7,44,51,0,0,0,10,266,266,0,276,0,0,0,0,1.04,0.00,0.00,3938930186.52,6514324066.00,0.00,0.00
32.00,265,454294509,265,0,7,44,51,0,0,0,10,266,266,0,276,0,0,0,0,1.04,0.00,0.00,3938930186.52,6514324066.00,0.00,0.00
34.00,265,454294509,265,0,7,44,51,0,0,0,10,266,266,0,276,0,0,0,0,1.04,0.00,0.00,3938930186.52,6514324066.00,0.00,0.00
36.00,265,454294509,265,0,7,44,51,0,0,0,10,266,266,0,276,0,0,0,0,1.04,0.00,0.00,3938930186.52,6514324066.00,0.00,0.00
38.00,265,454294509,265,0,7,44,51,0,0,0,10,266,266,0,276,0,0,0,0,1.04,0.00,0.00,3938930186.52,6514324066.00,0.00,0.00
40.00,265,454294509,265,0,7,44,51,0,0,0,10,266,266,0,276,0,0,0,0,1.04,0.00,0.00,3938930186.52,6514324066.00,0.00,0.00
42.00,265,454294509,265,0,7,44,51,0,0,0,10,266,266,0,276,0,0,0,0,1.04,0.00,0.00,3938930186.52,6514324066.00,0.00,0.00
44.00,265,454294509,265,0,7,44,51,0,0,0,10,266,266,0,276,0,0,0,0,1.04,0.00,0.00,3938930186.52,6514324066.00,0.00,0.00
46.00,265,454294509,265,0,7,44,51,0,0,0,10,266,266,0,276,0,0,0,0,1.04,0.00,0.00,3938930186.52,6514324066.00,0.00,0.00
48.00,265,454294509,265,0,7,44,51,0,0,0,10,266,266,0,276,0,0,0,0,1.04,0.00,0.00,3938930186.52,6514324066.00,0.00,0.00
50.00,265,454294509,265,0,7,44,51,0,0,0,10,266,266,0,276,0,0,0,0,1.04,0.00,0.00,3938930186.52,6514324066.00,0.00,0.00
52.00,265,454294509,265,0,7,44,51,0,0,0,10,266,266,0,276,0,0,0,0,1.04,0.00,0.00,3938930186.52,6514324066.00,0.00,0.00
54.00,265,454294509,265,0,7,44,51,0,0,0,10,266,266,0,276,0,0,0,0,1.04,0.00,0.00,3938930186.52,6514324066.00,0.00,0.00
56.00,265,454294509,265,0,7,44,51,0,0,0,10,266,266,0,276,0,0,0,0,1.04,0.00,0.00,3938930186.52,6514324066.00,0.00,0.00
58.00,265,454294509,265,0,7,44,51,0,0,0,10,266,266,0,276,0,0,0,0,1.04,0.00,0.00,3938930186.52,6514324066.00,0.00,0.00
60.00,265,454294509,265,0,7,44,51,0,0,0,10,266,266,0,276,0,0,0,0,1.04,0.00,0.00,3938930186.52,6514324066.00,0.00,0.00
62.00,265,454294509,265,0,7,44,51,0,0,0,10,266,266,0,276,0,0,0,0,1.04,0.00,0.00,3938930186.52,6514324066.00,0.00,0.00
64.00,265,454294509,265,0,7,44,51,0,0,0,10,266,266,0,276,0,0,0,0,1.04,0.00,0.00,3938930186.52,6514324066.00,0.00,0.00
66.00,265,454294509,265,0,7,44,51,0,0,0,10,266,266,0,276,0,0,0,0,1.04,0.00,0.00,3938930186.52,6514324066.00,0.00,0.00
68.00,265,454294509,265,0,7,44,51,0,0,0,10,266,266,0,276,0,0,0,0,1.04,0.00,0.00,3938930186.52,6514324066.00,0.00,0.00
70.00,265,454294509,265,0,7,44,51,0,0,0,10,266,266,0,276,0,0,0,0,1.04,0.00,0.00,3938930186.52,6514324066.00,0.00,0.00
72.00,265,454294509,265,0,7,44,51,0,0,0,10,266,266,0,276,0,0,0,0,1.04,0.00,0.00,3938930186.52,6514324066.00,0.00,0.00
74.00,265,454294509,265,0,7,44,51,0,0,0,10,266,266,0,276,0,0,0,0,1.04,0.00,0.00,3938930186.52,6514324066.00,0.00,0.00
76.00,265,454294509,265,0,7,44,51,0,0,0,10,266,266,0,276,0,0,0,0,1.04,0.00,0.00,3938930186.52,6514324066.00,0.00,0.00
78.00,265,454294509,265,0,7,44,51,0,0,0,10,266,266,0,276,0,0,0,0,1.04,0.00,0.00,3938930186.52,6514324066.00,0.00,0.00
80.00,265,454294509,265,0,7,44,51,0,0,0,10,266,266,0,276,0,0,0,0,1.04,0.00,0.00,3938930186.52,6514324066.00,0.00,0.00
82.00,265,454294509,265,0,7,44,51,0,0,0,10,266,266,0,276,0,0,0,0,1.04,0.00,0.00,3938930186.52,6514324066.00,0.00,0.00
84.00,265,454294509,265,0,7,44,51,0,0,0,10,266,266,0,276,0,0,0,0,1.04,0.00,0.00,3938930186.52,6514324066.00,0.00,0.00
86.00,265,454294509,265,0,7,44,51,0,0,0,10,266,266,0,276,0,0,0,0,1.04,0.00,0.00,3938930186.52,6514324066.00,0.00,0.00
88.00,265,454294509,265,0,7,44,51,0,0,0,10,266,266,0,276,0,0,0,0,1.04,0.00,0.00,3938930186.52,6514324066.00,0.00,0.00
90.00,265,454294509,265,0,7,44,51,0,0,0,10,266,266,0,276,0,0,0,0,1.04,0.00,0.00,3938930186.52,6514324066.00,0.00,0.00
92.00,265,454294509,265,0,7,44,51,0,0,0,10,266,266,0,276,0,0,0,0,1.04,0.00,0.00,3938930186.52,6514324066.00,0.00,0.00
94.00,265,454294509,265,0,7,44,51,0,0,0,10,266,266,0,276,0,0,0,0,1.04,0.00,0.00,3938930186.52,6514324066.00,0.00,0.00
96.00,265,454294509,265,0,7,44,51,0,0,0,10,266,266,0,276,0,0,0,0,1.04,0.00,0.00,3938930186.52,6514324066.00,0.00,0.00
98.00,265,454294509,265,0,7,44,51,0,0,0,10,266,266,0,276,0,0,0,0,1.04,0.00,0.00,3938930186.52,6514324066.00,0.00,0.00
100.00,265,454294509,265,0,7,44,51,0,0,0,10,266,266,0,276,0,0,0,0,1.04,0.00,0.00,3938930186.52,6514324066.00,0.00,0.00
102.00,265,454294509,265,0,7,44,51,0,0,0,10,266,266,0,276,0,0,0,0,1.04,0.00,0.00,3938930186.52,6514324066.00,0.00,0.00
104.00,265,454294509,265,0,7,44,51,0,0,0,10,266,266,0,276,0,0,0,0,1.04,0.00,0.00,3938930186.52,6514324066.00,0.00,0.00
106.00,265,454294509,265,0,7,44,51,0,0,0,10,266,266,0,276,0,0,0,0,1.04,0.00,0.00,3938930186.52,6514324066.00,0.00,0.00
108.00,265,454294509,265,0,7,44,51,0,0,0,10,266,266,0,276,0,0,0,0,1.04,0.00,0.00,3938930186.52,6514324066.00,0.00,0.00
110.00,265,454294509,265,0,7,44,51,0,0,0,10,266,266,0,276,0,0,0,0,1.04,0.00,0.00,3938930186.52,6514324066.00,0.00,0.00
112.00,265,454294509,265,0,7,44,51,0,0,0,10,266,266,0,276,0,0,0,0,1.04,0.00,0.00,3938930186.52,6514324066.00,0.00,0.00
114.00,265,454294509,265,0,7,44,51,0,0,0,10,266,266,0,276,0,0,0,0,1.04,0.00,0.00,3938930186.52,6514324066.00,0.00,0.00
116.00,265,454294509,265,0,7,44,51,0,0,0,10,266,266,0,276,0,0,0,0,1.04,0.00,0.00,3938930186.52,6514324066.00,0.00,0.00
118.00,265,454294509,265,0,7,44,51,0,0,0,10,266,266,0,276,0,0,0,0,1.04,0.00,0.00,3938930186.52,6514324066.00,0.00,0.00
120.00,265,454294509,265,0,7,44,51,0,0,0,10,266,266,0,276,0,0,0,0,1.04,0.00,0.00,3938930186.52,6514324066.00,0.00,0.00
122.00,265,454294509,265,0,7,44,51,0,0,0,10,266,266,0,276,0,0,0,0,1.04,0.00,0.00,3938930186.52,6514324066.00,0.00,0.00
124.00,265,454294509,265,0,7,44,51,0,0,0,10,266,266,0,276,0,0,0,0,1.04,0.00,0.00,3938930186.52,6514324066.00,0.00,0.00
126.00,265,454294509,265,0,7,44,51,0,0,0,10,266,266,0,276,0,0,0,0,1.04,0.00,0.00,3938930186.52,6514324066.00,0.00,0.00
128.00,265,454294509,265,0,7,44,51,0,0,0,10,266,266,0,276,0,0,0,0,1.04,0.00,0.00,3938930186.52,6514324066.00,0.00,0.00
130.00,265,454294509,265,0,7,44,51,0,0,0,10,266,266,0,276,0,0,0,0,1.04,0.00,0.00,3938930186.52,6514324066.00,0.00,0.00
132.00,265,454294509,265,0,7,44,51,0,0,0,10,266,266,0,276,0,0,0,0,1.04,0.00,0.00,3938930186.52,6514324066.00,0.00,0.00
134.00,265,454294509,265,0,7,44,51,0,0,0,10,266,266,0,276,0,0,0,0,1.04,0.00,0.00,3938930186.52,6514324066.00,0.00,0.00
136.00,265,454294509,265,0,7,44,51,0,0,0,10,266,266,0,276,0,0,0,0,1.04,0.00,0.00,3938930186.52,6514324066.00,0.00,0.00
138.00,265,454294509,265,0,7,44,51,0,0,0,10,266,266,0,276,0,0,0,0,1.04,0.00,0.00,3938930186.52,6514324066.00,0.00,0.00
140.00,265,454294509,265,0,7,44,51,0,0,0,10,266,266,0,276,0,0,0,0,1.04,0.00,0.00,3938930186.52,6514324066.00,0.00,0.00
142.00,265,454294509,265,0,7,44,51,0,0,0,10,266,266,0,276,0,0,0,0,1.04,0.00,0.00,3938930186.52,6514324066.00,0.00,0.00
144.00,265,454294509,265,0,7,44,51,0,0,0,10,266,266,0,276,0,0,0,0,1.04,0.00,0.00,3938930186.52,6514324066.00,0.00,0.00
146.00,265,454294509,265,0,7,44,51,0,0,0,10,266,266,0,276,0,0,0,0,1.04,0.00,0.00,3938930186.52,6514324066.00,0.00,0.00
148.00,265,454294509,265,0,7,44,51,0,0,0,10,266,266,0,276,0,0,0,0,1.04,0.00,0.00,3938930186.52,6514324066.00,0.00,0.00
150.00,265,454294509,265,0,7,44,51,0,0,0,10,266,266,0,276,0,0,0,0,1.04,0.00,0.00,3938930186.52,6514324066.00,0.00,0.00
152.00,265,454294509,265,0,7,44,51,0,0,0,10,266,266,0,276,0,0,0,0,1.04,0.00,0.00,3938930186.52,6514324066.00,0.00,0.00
154.00,265,454294509,265,0,7,44,51,0,0,0,10,266,266,0,276,0,0,0,0,1.04,0.00,0.00,3938930186.52,6514324066.00,0.00,0.00
156.00,265,454294509,265,0,7,44,51,0,0,0,10,266,266,0,276,0,0,0,0,1.04,0.00,0.00,3938930186.52,6514324066.00,0.00,0.00
158.00,265,454294509,265,0,7,44,51,0,0,0,10,266,266,0,276,0,0,0,0,1.04,0.00,0.00,3938930186.52,6514324066.00,0.00,0.00
160.00,265,454294509,265,0,7,44,51,0,0,0,10,266,266,0,276,0,0,0,0,1.04,0.00,0.00,3938930186.52,6514324066.00,0.00,0.00
162.00,265,454294509,265,0,7,44,51,0,0,0,10,266,266,0,276,0,0,0,0,1.04,0.00,0.00,3938930186.52,6514324066.00,0.00,0.00
164.00,265,454294509,265,0,7,44,51,0,0,0,10,266,266,0,276,0,0,0,0,1.04,0.00,0.00,3938930186.52,6514324066.00,0.00,0.00
166.00,265,454294509,265,0,7,44,51,0,0,0,10,266,266,0,276,0,0,0,0,1.04,0.00,0.00,3938930186.52,6514324066.00,0.00,0.00
168.00,265,454294509,265,0,7,44,51,0,0,0,10,266,266,0,276,0,0,0,0,1.04,0.00,0.00,3938930186.52,6514324066.00,0.00,0.00
170.00,265,454294509,265,0,7,44,51,0,0,0,10,266,266,0,276,0,0,0,0,1.04,0.00,0.00,3938930186.52,6514324066.00,0.00,0.00
172.00,265,454294509,265,0,7,44,51,0,0,0,10,266,266,0,276,0,0,0,0,1.04,0.00,0.00,3938930186.52,6514324066.00,0.00,0.00
174.00,265,454294509,265,0,7,44,51,0,0,0,10,266,266,0,276,0,0,0,0,1.04,0.00,0.00,3938930186.52,6514324066.00,0.00,0.00
176.00,265,454294509,265,0,7,44,51,0,0,0,10,266,266,0,276,0,0,0,0,1.04,0.00,0.00,3938930186.52,6514324066.00,0.00,0.00
178.00,265,454294509,265,0,7,44,51,0,0,0,10,266,266,0,276,0,0,0,0,1.04,0.00,0.00,3938930186.52,6514324066.00,0.00,0.00
180.00,265,454294509,265,0,7,44,51,0,0,0,10,266,266,0,276,0,0,0,0,1.04,0.00,0.00,3938930186.52,6514324066.00,0.00,0.00
182.00,265,454294509,265,0,7,44,51,0,0,0,10,266,266,0,276,0,0,0,0,1.04,0.00,0.00,3938930186.52,6514324066.00,0.00,0.00
184.00,265,454294509,265,0,7,44,51,0,0,0,10,266,266,0,276,0,0,0,0,1.04,0.00,0.00,3938930186.52,6514324066.00,0.00,0.00
186.00,265,454294509,265,0,7,44,51,0,0,0,10,266,266,0,276,0,0,0,0,1.04,0.00,0.00,3938930186.52,6514324066.00,0.00,0.00
188.00,265,454294509,265,0,7,44,51,0,0,0,10,266,266,0,276,0,0,0,0,1.04,0.00,0.00,3938930186.52,6514324066.00,0.00,0.00
190.00,265,454294509,265,0,7,44,51,0,0,0,10,266,266,0,276,0,0,0,0,1.04,0.00,0.00,3938930186.52,6514324066.00,0.00,0.00
192.00,265,454294509,265,0,7,44,51,0,0,0,10,266,266,0,276,0,0,0,0,1.04,0.00,0.00,3938930186.52,6514324066.00,0.00,0.00
194.00,265,454294509,265,0,7,44,51,0,0,0,10,266,266,0,276,0,0,0,0,1.04,0.00,0.00,3938930186.52,6514324066.00,0.00,0.00
196.00,265,454294509,265,0,7,44,51,0,0,0,10,266,266,0,276,0,0,0,0,1.04,0.00,0.00,3938930186.52,6514324066.00,0.00,0.00
198.00,265,454294509,265,0,7,44,51,0,0,0,10,266,266,0,276,0,0,0,0,1.04,0.00,0.00,3938930186.52,6514324066.00,0.00,0.00
200.00,265,454294509,265,0,7,44,51,0,0,0,10,266,266,0,276,0,0,0,0,1.04,0.00,0.00,3938930186.52,6514324066.00,0.00,0.00
202.00,265,454294509,265,0,7,44,51,0,0,0,10,266,266,0,276,0,0,0,0,1.04,0.00,0.00,3938930186.52,6514324066.00,0.00,0.00
204.00,265,454294509,265,0,7,44,51,0,0,0,10,266,266,0,276,0,0,0,0,1.04,0.00,0.00,3938930186.52,6514324066.00,0.00,0.00
206.00,265,454294509,265,0,7,44,51,0,0,0,10,266,266,0,276,0,0,0,0,1.04,0.00,0.00,3938930186.52,6514324066.00,0.00,0.00
208.00,265,454294509,265,0,7,44,51,0,0,0,10,266,266,0,276,0,0,0,0,1.04,0.00,0.00,3938930186.52,6514324066.00,0.00,0.00
210.00,265,454294509,265,0,7,44,51,0,0,0,10,266,266,0,276,0,0,0,0,1.04,0.00,0.00,3938930186.52,6514324066.00,0.00,0.00
212.00,265,454294509,265,0,7,44,51,0,0,0,10,266,266,0,276,0,0,0,0,1.04,0.00,0.00,3938930186.52,6514324066.00,0.00,0.00
214.00,265,454294509,265,0,7,44,51,0,0,0,10,266,266,0,276,0,0,0,0,1.04,0.00,0.00,3938930186.52,6514324066.00,0.00,0.00
216.00,265,454294509,265,0,7,44,51,0,0,0,10,266,266,0,276,0,0,0,0,1.04,0.00,0.00,3938930186.52,6514324066.00,0.00,0.00
218.00,265,454294509,265,0,7,44,51,0,0,0,10,266,266,0,276,0,0,0,0,1.04,0.00,0.00,3938930186.52,6514324066.00,0.00,0.00
220.00,265,454294509,265,0,7,44,51,0,0,0,10,266,266,0,276,0,0,0,0,1.04,0.00,0.00,3938930186.52,6514324066.00,0.00,0.00
222.00,265,454294509,265,0,7,44,51,0,0,0,10,266,266,0,276,0,0,0,0,1.04,0.00,0.00,3938930186.52,6514324066.00,0.00,0.00
224.00,265,454294509,265,0,7,44,51,0,0,0,10,266,266,0,276,0,0,0,0,1.04,0.00,0.00,3938930186.52,6514324066.00,0.00,0.00
226.00,265,454294509,265,0,7,44,51,0,0,0,10,266,266,0,276,0,0,0,0,1.04,0.00,0.00,3938930186.52,6514324066.00,0.00,0.00
228.00,265,454294509,265,0,7,44,51,0,0,0,10,266,266,0,276,0,0,0,0,1.04,0.00,0.00,3938930186.52,6514324066.00,0.00,0.00
230.00,265,454294509,265,0,7,44,51,0,0,0,10,266,266,0,276,0,0,0,0,1.04,0.00,0.00,3938930186.52,6514324066.00,0.00,0.00
232.00,265,454294509,265,0,7,44,51,0,0,0,10,266,266,0,276,0,0,0,0,1.04,0.00,0.00,3938930186.52,6514324066.00,0.00,0.00
234.00,265,454294509,265,0,7,44,51,0,0,0,10,266,266,0,276,0,0,0,0,1.04,0.00,0.00,3938930186.52,6514324066.00,0.00,0.00
236.00,265,454294509,265,0,7,44,51,0,0,0,10,266,266,0,276,0,0,0,0,1.04,0.00,0.00,3938930186.52,6514324066.00,0.00,0.00
238.00,265,454294509,265,0,7,44,51,0,0,0,10,266,266,0,276,0,0,0,0,1.04,0.00,0.00,3938930186.52,6514324066.00,0.00,0.00
240.00,265,454294509,265,0,7,44,51,0,0,0,10,266,266,0,276,0,0,0,0,1.04,0.00,0.00,3938930186.52,6514324066.00,0.00,0.00
242.00,265,454294509,265,0,7,44,51,0,0,0,10,266,266,0,276,0,0,0,0,1.04,0.00,0.00,3938930186.52,6514324066.00,0.00,0.00
244.00,265,454294509,265,0,7,44,51,0,0,0,10,266,266,0,276,0,0,0,0,1.04,0.00,0.00,3938930186.52,6514324066.00,0.00,0.00
246.00,265,454294509,265,0,7,44,51,0,0,0,10,266,266,0,276,0,0,0,0,1.04,0.00,0.00,3938930186.52,6514324066.00,0.00,0.00
248.00,265,454294509,265,0,7,44,51,0,0,0,10,266,266,0,276,0,0,0,0,1.04,0.00,0.00,3938930186.52,6514324066.00,0.00,0.00
250.00,265,454294509,265,0,7,44,51,0,0,0,10,266,266,0,276,0,0,0,0,1.04,0.00,0.00,3938930186.52,6514324066.00,0.00,0.00
252.00,265,454294509,265,0,7,44,51,0,0,0,10,266,266,0,276,0,0,0,0,1.04,0.00,0.00,3938930186.52,6514324066.00,0.00,0.00
254.00,265,454294509,265,0,7,44,51,0,0,0,10,266,266,0,276,0,0,0,0,1.04,0.00,0.00,3938930186.52,6514324066.00,0.00,0.00
256.00,265,454294509,265,0,7,44,51,0,0,0,10,266,266,0,276,0,0,0,0,1.04,0.00,0.00,3938930186.52,6514324066.00,0.00,0.00
258.00,265,454294509,265,0,7,44,51,0,0,0,10,266,266,0,276,0,0,0,0,1.04,0.00,0.00,3938930186.52,6514324066.00,0.00,0.00
260.00,265,454294509,265,0,7,44,51,0,0,0,10,266,266,0,276,0,0,0,0,1.04,0.00,0.00,3938930186.52,6514324066.00,0.00,0.00
262.00,265,454294509,265,0,7,44,51,0,0,0,10,266,266,0,276,0,0,0,0,1.04,0.00,0.00,3938930186.52,6514324066.00,0.00,0.00
264.00,265,454294509,265,0,7,44,51,0,0,0,10,266,266,0,276,0,0,0,0,1.04,0.00,0.00,3938930186.52,6514324066.00,0.00,0.00
266.00,265,454294509,265,0,7,44,51,0,0,0,10,266,266,0,276,0,0,0,0,1.04,0.00,0.00,3938930186.52,6514324066.00,0.00,0.00
268.00,265,454294509,265,0,7,44,51,0,0,0,10,266,266,0,276,0,0,0,0,1.04,0.00,0.00,3938930186.52,6514324066.00,0.00,0.00
270.00,265,454294509,265,0,7,44,51,0,0,0,10,266,266,0,276,0,0,0,0,1.04,0.00,0.00,3938930186.52,6514324066.00,0.00,0.00
272.00,265,454294509,265,0,7,44,51,0,0,0,10,266,266,0,276,0,0,0,0,1.04,0.00,0.00,3938930186.52,6514324066.00,0.00,0.00
274.00,265,454294509,265,0,7,44,51,0,0,0,10,266,266,0,276,0,0,0,0,1.04,0.00,0.00,3938930186.52,6514324066.00,0.00,0.00
276.00,265,454294509,265,0,7,44,51,0,0,0,10,266,266,0,276,0,0,0,0,1.04,0.00,0.00,3938930186.52,6514324066.00,0.00,0.00
278.00,265,454294509,265,0,7,44,51,0,0,0,10,266,266,0,276,0,0,0,0,1.04,0.00,0.00,3938930186.52,6514324066.00,0.00,0.00
280.00,265,454294509,265,0,7,44,51,0,0,0,10,266,266,0,276,0,0,0,0,1.04,0.00,0.00,3938930186.52,6514324066.00,0.00,0.00
282.00,265,454294509,265,0,7,44,51,0,0,0,10,266,266,0,276,0,0,0,0,1.04,0.00,0.00,3938930186.52,6514324066.00,0.00,0.00
284.00,265,454294509,265,0,7,44,51,0,0,0,10,266,266,0,276,0,0,0,0,1.04,0.00,0.00,3938930186.52,6514324066.00,0.00,0.00
286.00,265,454294509,265,0,7,44,51,0,0,0,10,266,266,0,276,0,0,0,0,1.04,0.00,0.00,3938930186.52,6514324066.00,0.00,0.00
288.00,265,454294509,265,0,7,44,51,0,0,0,10,266,266,0,276,0,0,0,0,1.04,0.00,0.00,3938930186.52,6514324066.00,0.00,0.00
290.00,265,454294509,265,0,7,44,51,0,0,0,10,266,266,0,276,0,0,0,0,1.04,0.00,0.00,3938930186.52,6514324066.00,0.00,0.00
292.00,265,454294509,265,0,7,44,51,0,0,0,10,266,266,0,276,0,0,0,0,1.04,0.00,0.00,3938930186.52,6514324066.00,0.00,0.00
294.00,265,454294509,265,0,7,44,51,0,0,0,10,266,266,0,276,0,0,0,0,1.04,0.00,0.00,3938930186.52,6514324066.00,0.00,0.00
296.00,265,454294509,265,0,7,44,51,0,0,0,10,266,266,0,276,0,0,0,0,1.04,0.00,0.00,3938930186.52,6514324066.00,0.00,0.00
298.00,265,454294509,265,0,7,44,51,0,0,0,10,266,266,0,276,0,0,0,0,1.04,0.00,0.00,3938930186.52,6514324066.00,0.00,0.00
300.00,265,454294509,265,0,7,44,51,0,0,0,10,266,266,0,276,0,0,0,0,1.04,0.00,0.00,3938930186.52,6514324066.00,0.00,0.00
302.00,265,454294509,265,0,7,44,51,0,0,0,10,266,266,0,276,0,0,0,0,1.04,0.00,0.00,3938930186.52,6514324066.00,0.00,0.00
304.00,265,454294509,265,0,7,44,51,0,0,0,10,266,266,0,276,0,0,0,0,1.04,0.00,0.00,3938930186.52,6514324066.00,0.00,0.00
306.00,265,454294509,265,0,7,44,51,0,0,0,10,266,266,0,276,0,0,0,0,1.04,0.00,0.00,3938930186.52,6514324066.00,0.00,0.00
308.00,265,454294509,265,0,7,44,51,0,0,0,10,266,266,0,276,0,0,0,0,1.04,0.00,0.00,3938930186.52,6514324066.00,0.00,0.00
310.00,265,454294509,265,0,7,44,51,0,0,0,10,266,266,0,276,0,0,0,0,1.04,0.00,0.00,3938930186.52,6514324066.00,0.00,0.00
312.00,265,454294509,265,0,7,44,51,0,0,0,10,266,266,0,276,0,0,0,0,1.04,0.00,0.00,3938930186.52,6514324066.00,0.00,0.00
314.00,265,454294509,265,0,7,44,51,0,0,0,10,266,266,0,276,0,0,0,0,1.04,0.00,0.00,3938930186.52,6514324066.00,0.00,0.00
316.00,265,454294509,265,0,7,44,51,0,0,0,10,266,266,0,276,0,0,0,0,1.04,0.00,0.00,3938930186.52,6514324066.00,0.00,0.00
318.00,265,454294509,265,0,7,44,51,0,0,0,10,266,266,0,276,0,0,0,0,1.04,0.00,0.00,3938930186.52,6514324066.00,0.00,0.00
320.00,265,454294509,265,0,7,44,51,0,0,0,10,266,266,0,276,0,0,0,0,1.04,0.00,0.00,3938930186.52,6514324066.00,0.00,0.00
322.00,265,454294509,265,0,7,44,51,0,0,0,10,266,266,0,276,0,0,0,0,1.04,0.00,0.00,3938930186.52,6514324066.00,0.00,0.00
324.00,265,454294509,265,0,7,44,51,0,0,0,10,266,266,0,276,0,0,0,0,1.04,0.00,0.00,3938930186.52,6514324066.00,0.00,0.00
326.00,265,454294509,265,0,7,44,51,0,0,0,10,266,266,0,276,0,0,0,0,1.04,0.00,0.00,3938930186.52,6514324066.00,0.00,0.00
328.00,265,454294509,265,0,7,44,51,0,0,0,10,266,266,0,276,0,0,0,0,1.04,0.00,0.00,3938930186.52,6514324066.00,0.00,0.00
330.00,265,454294509,265,0,7,44,51,0,0,0,10,266,266,0,276,0,0,0,0,1.04,0.00,0.00,3938930186.52,6514324066.00,0.00,0.00
332.00,265,454294509,265,0,7,44,51,0,0,0,10,266,266,0,276,0,0,0,0,1.04,0.00,0.00,3938930186.52,6514324066.00,0.00,0.00
334.00,265,454294509,265,0,7,44,51,0,0,0,10,266,266,0,276,0,0,0,0,1.04,0.00,0.00,3938930186.52,6514324066.00,0.00,0.00
336.00,265,454294509,265,0,7,44,51,0,0,0,10,266,266,0,276,0,0,0,0,1.04,0.00,0.00,3938930186.52,6514324066.00,0.00,0.00
338.00,265,454294509,265,0,7,44,51,0,0,0,10,266,266,0,276,0,0,0,0,1.04,0.00,0.00,3938930186.52,6514324066.00,0.00,0.00
340.00,265,454294509,265,0,7,44,51,0,0,0,10,266,266,0,276,0,0,0,0,1.04,0.00,0.00,3938930186.52,6514324066.00,0.00,0.00
342.00,265,454294509,265,0,7,44,51,0,0,0,10,266,266,0,276,0,0,0,0,1.04,0.00,0.00,3938930186.52,6514324066.00,0.00,0.00
344.00,265,454294509,265,0,7,44,51,0,0,0,10,266,266,0,276,0,0,0,0,1.04,0.00,0.00,3938930186.52,6514324066.00,0.00,0.00
346.00,265,454294509,265,0,7,44,51,0,0,0,10,266,266,0,276,0,0,0,0,1.04,0.00,0.00,3938930186.52,6514324066.00,0.00,0.00
348.00,265,454294509,265,0,7,44,51,0,0,0,10,266,266,0,276,0,0,0,0,1.04,0.00,0.00,3938930186.52,6514324066.00,0.00,0.00
350.00,265,454294509,265,0,7,44,51,0,0,0,10,266,266,0,276,0,0,0,0,1.04,0.00,0.00,3938930186.52,6514324066.00,0.00,0.00
352.00,265,454294509,265,0,7,44,51,0,0,0,10,266,266,0,276,0,0,0,0,1.04,0.00,0.00,3938930186.52,6514324066.00,0.00,0.00
354.00,265,454294509,265,0,7,44,51,0,0,0,10,266,266,0,276,0,0,0,0,1.04,0.00,0.00,3938930186.52,6514324066.00,0.00,0.00
356.00,265,454294509,265,0,7,44,51,0,0,0,10,266,266,0,276,0,0,0,0,1.04,0.00,0.00,3938930186.52,6514324066.00,0.00,0.00
358.00,265,454294509,265,0,7,44,51,0,0,0,10,266,266,0,276,0,0,0,0,1.04,0.00,0.00,3938930186.52,6514324066.00,0.00,0.00
360.00,265,454294509,265,0,7,44,51,0,0,0,10,266,266,0,276,0,0,0,0,1.04,0.00,0.00,3938930186.52,6514324066.00,0.00,0.00
362.00,265,454294509,265,0,7,44,51,0,0,0,10,266,266,0,276,0,0,0,0,1.04,0.00,0.00,3938930186.52,6514324066.00,0.00,0.00
364.00,265,454294509,265,0,7,44,51,0,0,0,10,266,266,0,276,0,0,0,0,1.04,0.00,0.00,3938930186.52,6514324066.00,0.00,0.00
366.00,265,454294509,265,0,7,44,51,0,0,0,10,266,266,0,276,0,0,0,0,1.04,0.00,0.00,3938930186.52,6514324066.00,0.00,0.00
368.00,265,454294509,265,0,7,44,51,0,0,0,10,266,266,0,276,0,0,0,0,1.04,0.00,0.00,3938930186.52,6514324066.00,0.00,0.00
370.00,265,454294509,265,0,7,44,51,0,0,0,10,266,266,0,276,0,0,0,0,1.04,0.00,0.00,3938930186.52,6514324066.00,0.00,0.00
372.00,265,454294509,265,0,7,44,51,0,0,0,10,266,266,0,276,0,0,0,0,1.04,0.00,0.00,3938930186.52,6514324066.00,0.00,0.00
374.00,265,454294509,265,0,7,44,51,0,0,0,10,266,266,0,276,0,0,0,0,1.04,0.00,0.00,3938930186.52,6514324066.00,0.00,0.00
376.00,265,454294509,265,0,7,44,51,0,0,0,10,266,266,0,276,0,0,0,0,1.04,0.00,0.00,3938930186.52,6514324066.00,0.00,0.00
378.00,265,454294509,265,0,7,44,51,0,0,0,10,266,266,0,276,0,0,0,0,1.04,0.00,0.00,3938930186.52,6514324066.00,0.00,0.00
380.00,265,454294509,265,0,7,44,51,0,0,0,10,266,266,0,276,0,0,0,0,1.04,0.00,0.00,3938930186.52,6514324066.00,0.00,0.00
382.00,265,454294509,265,0,7,44,51,0,0,0,10,266,266,0,276,0,0,0,0,1.04,0.00,0.00,3938930186.52,6514324066.00,0.00,0.00
384.00,265,454294509,265,0,7,44,51,0,0,0,10,266,266,0,276,0,0,0,0,1.04,0.00,0.00,3938930186.52,6514324066.00,0.00,0.00
386.00,265,454294509,265,0,7,44,51,0,0,0,10,266,266,0,276,0,0,0,0,1.04,0.00,0.00,3938930186.52,6514324066.00,0.00,0.00
388.00,265,454294509,265,0,7,44,51,0,0,0,10,266,266,0,276,0,0,0,0,1.04,0.00,0.00,3938930186.52,6514324066.00,0.00,0.00
390.00,265,454294509,265,0,7,44,51,0,0,0,10,266,266,0,276,0,0,0,0,1.04,0.00,0.00,3938930186.52,6514324066.00,0.00,0.00
392.00,265,454294509,265,0,7,44,51,0,0,0,10,266,266,0,276,0,0,0,0,1.04,0.00,0.00,3938930186.52,6514324066.00,0.00,0.00
394.00,265,454294509,265,0,7,44,51,0,0,0,10,266,266,0,276,0,0,0,0,1.04,0.00,0.00,3938930186.52,6514324066.00,0.00,0.00
396.00,265,454294509,265,0,7,44,51,0,0,0,10,266,266,0,276,0,0,0,0,1.04,0.00,0.00,3938930186.52,6514324066.00,0.00,0.00
398.00,265,454294509,265,0,7,44,51,0,0,0,10,266,266,0,276,0,0,0,0,1.04,0.00,0.00,3938930186.52,6514324066.00,0.00,0.00
400.00,265,454294509,265,0,7,44,51,0,0,0,10,266,266,0,276,0,0,0,0,1.04,0.00,0.00,3938930186.52,6514324066.00,0.00,0.00
402.00,265,454294509,265,0,7,44,51,0,0,0,10,266,266,0,276,0,0,0,0,1.04,0.00,0.00,3938930186.52,6514324066.00,0.00,0.00
404.00,265,454294509,265,0,7,44,51,0,0,0,10,266,266,0,276,0,0,0,0,1.04,0.00,0.00,3938930186.52,6514324066.00,0.00,0.00
406.00,265,454294509,265,0,7,44,51,0,0,0,10,266,266,0,276,0,0,0,0,1.04,0.00,0.00,3938930186.52,6514324066.00,0.00,0.00
408.00,265,454294509,265,0,7,44,51,0,0,0,10,266,266,0,276,0,0,0,0,1.04,0.00,0.00,3938930186.52,6514324066.00,0.00,0.00
410.00,265,454294509,265,0,7,44,51,0,0,0,10,266,266,0,276,0,0,0,0,1.04,0.00,0.00,3938930186.52,6514324066.00,0.00,0.00
412.00,265,454294509,265,0,7,44,51,0,0,0,10,266,266,0,276,0,0,0,0,1.04,0.00,0.00,3938930186.52,6514324066.00,0.00,0.00
414.00,265,454294509,265,0,7,44,51,0,0,0,10,266,266,0,276,0,0,0,0,1.04,0.00,0.00,3938930186.52,6514324066.00,0.00,0.00
416.00,265,454294509,265,0,7,44,51,0,0,0,10,266,266,0,276,0,0,0,0,1.04,0.00,0.00,3938930186.52,6514324066.00,0.00,0.00
418.00,265,454294509,265,0,7,44,51,0,0,0,10,266,266,0,276,0,0,0,0,1.04,0.00,0.00,3938930186.52,6514324066.00,0.00,0.00
420.00,265,454294509,265,0,7,44,51,0,0,0,10,266,266,0,276,0,0,0,0,1.04,0.00,0.00,3938930186.52,6514324066.00,0.00,0.00
422.00,265,454294509,265,0,7,44,51,0,0,0,10,266,266,0,276,0,0,0,0,1.04,0.00,0.00,3938930186.52,6514324066.00,0.00,0.00
424.00,265,454294509,265,0,7,44,51,0,0,0,10,266,266,0,276,0,0,0,0,1.04,0.00,0.00,3938930186.52,6514324066.00,0.00,0.00
426.00,265,454294509,265,0,7,44,51,0,0,0,10,266,266,0,276,0,0,0,0,1.04,0.00,0.00,3938930186.52,6514324066.00,0.00,0.00
428.00,265,454294509,265,0,7,44,51,0,0,0,10,266,266,0,276,0,0,0,0,1.04,0.00,0.00,3938930186.52,6514324066.00,0.00,0.00
430.00,265,454294509,265,0,7,44,51,0,0,0,10,266,266,0,276,0,0,0,0,1.04,0.00,0.00,3938930186.52,6514324066.00,0.00,0.00
432.00,265,454294509,265,0,7,44,51,0,0,0,10,266,266,0,276,0,0,0,0,1.04,0.00,0.00,3938930186.52,6514324066.00,0.00,0.00
434.00,265,454294509,265,0,7,44,51,0,0,0,10,266,266,0,276,0,0,0,0,1.04,0.00,0.00,3938930186.52,6514324066.00,0.00,0.00
436.00,265,454294509,265,0,7,44,51,0,0,0,10,266,266,0,276,0,0,0,0,1.04,0.00,0.00,3938930186.52,6514324066.00,0.00,0.00
438.00,265,454294509,265,0,7,44,51,0,0,0,10,266,266,0,276,0,0,0,0,1.04,0.00,0.00,3938930186.52,6514324066.00,0.00,0.00
440.00,265,454294509,265,0,7,44,51,0,0,0,10,266,266,0,276,0,0,0,0,1.04,0.00,0.00,3938930186.52,6514324066.00,0.00,0.00
442.00,265,454294509,265,0,7,44,51,0,0,0,10,266,266,0,276,0,0,0,0,1.04,0.00,0.00,3938930186.52,6514324066.00,0.00,0.00
444.00,265,454294509,265,0,7,44,51,0,0,0,10,266,266,0,276,0,0,0,0,1.04,0.00,0.00,3938930186.52,6514324066.00,0.00,0.00
446.00,265,454294509,265,0,7,44,51,0,0,0,10,266,266,0,276,0,0,0,0,1.04,0.00,0.00,3938930186.52,6514324066.00,0.00,0.00
448.00,265,454294509,265,0,7,44,51,0,0,0,10,266,266,0,276,0,0,0,0,1.04,0.00,0.00,3938930186.52,6514324066.00,0.00,0.00
450.00,265,454294509,265,0,7,44,51,0,0,0,10,266,266,0,276,0,0,0,0,1.04,0.00,0.00,3938930186.52,6514324066.00,0.00,0.00
452.00,265,454294509,265,0,7,44,51,0,0,0,10,266,266,0,276,0,0,0,0,1.04,0.00,0.00,3938930186.52,6514324066.00,0.00,0.00
454.00,265,454294509,265,0,7,44,51,0,0,0,10,266,266,0,276,0,0,0,0,1.04,0.00,0.00,3938930186.52,6514324066.00,0.00,0.00
456.00,265,454294509,265,0,7,44,51,0,0,0,10,266,266,0,276,0,0,0,0,1.04,0.00,0.00,3938930186.52,6514324066.00,0.00,0.00
458.00,265,454294509,265,0,7,44,51,0,0,0,10,266,266,0,276,0,0,0,0,1.04,0.00,0.00,3938930186.52,6514324066.00,0.00,0.00
460.00,265,454294509,265,0,7,44,51,0,0,0,10,266,266,0,276,0,0,0,0,1.04,0.00,0.00,3938930186.52,6514324066.00,0.00,0.00
462.00,265,454294509,265,0,7,44,51,0,0,0,10,266,266,0,276,0,0,0,0,1.04,0.00,0.00,3938930186.52,6514324066.00,0.00,0.00
464.00,265,454294509,265,0,7,44,51,0,0,0,10,266,266,0,276,0,0,0,0,1.04,0.00,0.00,3938930186.52,6514324066.00,0.00,0.00
466.00,265,454294509,265,0,7,44,51,0,0,0,10,266,266,0,276,0,0,0,0,1.04,0.00,0.00,3938930186.52,6514324066.00,0.00,0.00
468.00,265,454294509,265,0,7,44,51,0,0,0,10,266,266,0,276,0,0,0,0,1.04,0.00,0.00,3938930186.52,6514324066.00,0.00,0.00
470.00,265,454294509,265,0,7,44,51,0,0,0,10,266,266,0,276,0,0,0,0,1.04,0.00,0.00,3938930186.52,6514324066.00,0.00,0.00
472.00,265,454294509,265,0,7,44,51,0,0,0,10,266,266,0,276,0,0,0,0,1.04,0.00,0.00,3938930186.52,6514324066.00,0.00,0.00
474.00,265,454294509,265,0,7,44,51,0,0,0,10,266,266,0,276,0,0,0,0,1.04,0.00,0.00,3938930186.52,6514324066.00,0.00,0.00
476.00,265,454294509,265,0,7,44,51,0,0,0,10,266,266,0,276,0,0,0,0,1.04,0.00,0.00,3938930186.52,6514324066.00,0.00,0.00
478.00,265,454294509,265,0,7,44,51,0,0,0,10,266,266,0,276,0,0,0,0,1.04,0.00,0.00,3938930186.52,6514324066.00,0.00,0.00
480.00,265,454294509,265,0,7,44,51,0,0,0,10,266,266,0,276,0,0,0,0,1.04,0.00,0.00,3938930186.52,6514324066.00,0.00,0.00
482.00,265,454294509,265,0,7,44,51,0,0,0,10,266,266,0,276,0,0,0,0,1.04,0.00,0.00,3938930186.52,6514324066.00,0.00,0.00
484.00,265,454294509,265,0,7,44,51,0,0,0,10,266,266,0,276,0,0,0,0,1.04,0.00,0.00,3938930186.52,6514324066.00,0.00,0.00
486.00,265,454294509,265,0,7,44,51,0,0,0,10,266,266,0,276,0,0,0,0,1.04,0.00,0.00,3938930186.52,6514324066.00,0.00,0.00
488.00,265,454294509,265,0,7,44,51,0,0,0,10,266,266,0,276,0,0,0,0,1.04,0.00,0.00,3938930186.52,6514324066.00,0.00,0.00
490.00,265,454294509,265,0,7,44,51,0,0,0,10,266,266,0,276,0,0,0,0,1.04,0.00,0.00,3938930186.52,6514324066.00,0.00,0.00
492.00,265,454294509,265,0,7,44,51,0,0,0,10,266,266,0,276,0,0,0,0,1.04,0.00,0.00,3938930186.52,6514324066.00,0.00,0.00
494.00,265,454294509,265,0,7,44,51,0,0,0,10,266,266,0,276,0,0,0,0,1.04,0.00,0.00,3938930186.52,6514324066.00,0.00,0.00
496.00,265,454294509,265,0,7,44,51,0,0,0,10,266,266,0,276,0,0,0,0,1.04,0.00,0.00,3938930186.52,6514324066.00,0.00,0.00
498.00,265,454294509,265,0,7,44,51,0,0,0,10,266,266,0,276,0,0,0,0,1.04,0.00,0.00,3938930186.52,6514324066.00,0.00,0.00
500.00,265,454294509,265,0,7,44,51,0,0,0,10,266,266,0,276,0,0,0,0,1.04,0.00,0.00,3938930186.52,6514324066.00,0.00,0.00
502.00,265,454294509,265,0,7,44,51,0,0,0,10,266,266,0,276,0,0,0,0,1.04,0.00,0.00,3938930186.52,6514324066.00,0.00,0.00
504.00,265,454294509,265,0,7,44,51,0,0,0,10,266,266,0,276,0,0,0,0,1.04,0.00,0.00,3938930186.52,6514324066.00,0.00,0.00
506.00,265,454294509,265,0,7,44,51,0,0,0,10,266,266,0,276,0,0,0,0,1.04,0.00,0.00,3938930186.52,6514324066.00,0.00,0.00
508.00,265,454294509,265,0,7,44,51,0,0,0,10,266,266,0,276,0,0,0,0,1.04,0.00,0.00,3938930186.52,6514324066.00,0.00,0.00
510.00,265,454294509,265,0,7,44,51,0,0,0,10,266,266,0,276,0,0,0,0,1.04,0.00,0.00,3938930186.52,6514324066.00,0.00,0.00
512.00,265,454294509,265,0,7,44,51,0,0,0,10,266,266,0,276,0,0,0,0,1.04,0.00,0.00,3938930186.52,6514324066.00,0.00,0.00
514.00,265,454294509,265,0,7,44,51,0,0,0,10,266,266,0,276,0,0,0,0,1.04,0.00,0.00,3938930186.52,6514324066.00,0.00,0.00
516.00,265,454294509,265,0,7,44,51,0,0,0,10,266,266,0,276,0,0,0,0,1.04,0.00,0.00,3938930186.52,6514324066.00,0.00,0.00
518.00,265,454294509,265,0,7,44,51,0,0,0,10,266,266,0,276,0,0,0,0,1.04,0.00,0.00,3938930186.52,6514324066.00,0.00,0.00
520.00,265,454294509,265,0,7,44,51,0,0,0,10,266,266,0,276,0,0,0,0,1.04,0.00,0.00,3938930186.52,6514324066.00,0.00,0.00
522.00,265,454294509,265,0,7,44,51,0,0,0,10,266,266,0,276,0,0,0,0,1.04,0.00,0.00,3938930186.52,6514324066.00,0.00,0.00
524.00,265,454294509,265,0,7,44,51,0,0,0,10,266,266,0,276,0,0,0,0,1.04,0.00,0.00,3938930186.52,6514324066.00,0.00,0.00
526.00,265,454294509,265,0,7,44,51,0,0,0,10,266,266,0,276,0,0,0,0,1.04,0.00,0.00,3938930186.52,6514324066.00,0.00,0.00
528.00,265,454294509,265,0,7,44,51,0,0,0,10,266,266,0,276,0,0,0,0,1.04,0.00,0.00,3938930186.52,6514324066.00,0.00,0.00
530.00,265,454294509,265,0,7,44,51,0,0,0,10,266,266,0,276,0,0,0,0,1.04,0.00,0.00,3938930186.52,6514324066.00,0.00,0.00
532.00,265,454294509,265,0,7,44,51,0,0,0,10,266,266,0,276,0,0,0,0,1.04,0.00,0.00,3938930186.52,6514324066.00,0.00,0.00
534.00,265,454294509,265,0,7,44,51,0,0,0,10,266,266,0,276,0,0,0,0,1.04,0.00,0.00,3938930186.52,6514324066.00,0.00,0.00
536.00,265,454294509,265,0,7,44,51,0,0,0,10,266,266,0,276,0,0,0,0,1.04,0.00,0.00,3938930186.52,6514324066.00,0.00,0.00
538.00,265,454294509,265,0,7,44,51,0,0,0,10,266,266,0,276,0,0,0,0,1.04,0.00,0.00,3938930186.52,6514324066.00,0.00,0.00
540.00,265,454294509,265,0,7,44,51,0,0,0,10,266,266,0,276,0,0,0,0,1.04,0.00,0.00,3938930186.52,6514324066.00,0.00,0.00
542.00,265,454294509,265,0,7,44,51,0,0,0,10,266,266,0,276,0,0,0,0,1.04,0.00,0.00,3938930186.52,6514324066.00,0.00,0.00
544.00,265,454294509,265,0,7,44,51,0,0,0,10,266,266,0,276,0,0,0,0,1.04,0.00,0.00,3938930186.52,6514324066.00,0.00,0.00
546.00,265,454294509,265,0,7,44,51,0,0,0,10,266,266,0,276,0,0,0,0,1.04,0.00,0.00,3938930186.52,6514324066.00,0.00,0.00
548.00,265,454294509,265,0,7,44,51,0,0,0,10,266,266,0,276,0,0,0,0,1.04,0.00,0.00,3938930186.52,6514324066.00,0.00,0.00
550.00,265,454294509,265,0,7,44,51,0,0,0,10,266,266,0,276,0,0,0,0,1.04,0.00,0.00,3938930186.52,6514324066.00,0.00,0.00
552.00,265,454294509,265,0,7,44,51,0,0,0,10,266,266,0,276,0,0,0,0,1.04,0.00,0.00,3938930186.52,6514324066.00,0.00,0.00
554.00,265,454294509,265,0,7,44,51,0,0,0,10,266,266,0,276,0,0,0,0,1.04,0.00,0.00,3938930186.52,6514324066.00,0.00,0.00
556.00,265,454294509,265,0,7,44,51,0,0,0,10,266,266,0,276,0,0,0,0,1.04,0.00,0.00,3938930186.52,6514324066.00,0.00,0.00
558.00,265,454294509,265,0,7,44,51,0,0,0,10,266,266,0,276,0,0,0,0,1.04,0.00,0.00,3938930186.52,6514324066.00,0.00,0.00
560.00,265,454294509,265,0,7,44,51,0,0,0,10,266,266,0,276,0,0,0,0,1.04,0.00,0.00,3938930186.52,6514324066.00,0.00,0.00
562.00,265,454294509,265,0,7,44,51,0,0,0,10,266,266,0,276,0,0,0,0,1.04,0.00,0.00,3938930186.52,6514324066.00,0.00,0.00
564.00,265,454294509,265,0,7,44,51,0,0,0,10,266,266,0,276,0,0,0,0,1.04,0.00,0.00,3938930186.52,6514324066.00,0.00,0.00
566.00,265,454294509,265,0,7,44,51,0,0,0,10,266,266,0,276,0,0,0,0,1.04,0.00,0.00,3938930186.52,6514324066.00,0.00,0.00
568.00,265,454294509,265,0,7,44,51,0,0,0,10,266,266,0,276,0,0,0,0,1.04,0.00,0.00,3938930186.52,6514324066.00,0.00,0.00
570.00,265,454294509,265,0,7,44,51,0,0,0,10,266,266,0,276,0,0,0,0,1.04,0.00,0.00,3938930186.52,6514324066.00,0.00,0.00
572.00,265,454294509,265,0,7,44,51,0,0,0,10,266,266,0,276,0,0,0,0,1.04,0.00,0.00,3938930186.52,6514324066.00,0.00,0.00
574.00,265,454294509,265,0,7,44,51,0,0,0,10,266,266,0,276,0,0,0,0,1.04,0.00,0.00,3938930186.52,6514324066.00,0.00,0.00
576.00,265,454294509,265,0,7,44,51,0,0,0,10,266,266,0,276,0,0,0,0,1.04,0.00,0.00,3938930186.52,6514324066.00,0.00,0.00
578.00,265,454294509,265,0,7,44,51,0,0,0,10,266,266,0,276,0,0,0,0,1.04,0.00,0.00,3938930186.52,6514324066.00,0.00,0.00
580.00,265,454294509,265,0,7,44,51,0,0,0,10,266,266,0,276,0,0,0,0,1.04,0.00,0.00,3938930186.52,6514324066.00,0.00,0.00
582.00,265,454294509,265,0,7,44,51,0,0,0,10,266,266,0,276,0,0,0,0,1.04,0.00,0.00,3938930186.52,6514324066.00,0.00,0.00
584.00,265,454294509,265,0,7,44,51,0,0,0,10,266,266,0,276,0,0,0,0,1.04,0.00,0.00,3938930186.52,6514324066.00,0.00,0.00
586.00,265,454294509,265,0,7,44,51,0,0,0,10,266,266,0,276,0,0,0,0,1.04,0.00,0.00,3938930186.52,6514324066.00,0.00,0.00
588.00,265,454294509,265,0,7,44,51,0,0,0,10,266,266,0,276,0,0,0,0,1.04,0.00,0.00,3938930186.52,6514324066.00,0.00,0.00
590.00,265,454294509,265,0,7,44,51,0,0,0,10,266,266,0,276,0,0,0,0,1.04,0.00,0.00,3938930186.52,6514324066.00,0.00,0.00
592.00,265,454294509,265,0,7,44,51,0,0,0,10,266,266,0,276,0,0,0,0,1.04,0.00,0.00,3938930237.21,6514324120.00,50.69,54.00
594.00,265,454294509,265,0,7,44,51,0,0,0,10,266,266,0,276,0,0,0,0,1.04,0.00,0.00,3938930237.21,6514324120.00,0.00,0.00
596.00,265,454294509,265,0,7,44,51,0,0,0,10,266,266,0,276,0,0,0,0,1.04,0.00,0.00,3938930237.21,6514324120.00,0.00,0.00
598.00,265,454294509,265,0,7,44,51,0,0,0,10,266,266,0,276,0,0,0,0,1.04,0.00,0.00,3938930237.21,6514324120.00,0.00,0.00
600.00,265,454294509,265,0,7,44,51,0,0,0,10,266,266,0,276,0,0,0,0,1.04,0.00,0.00,3938930237.21,6514324120.00,0.00,0.00
602.00,265,454294509,265,0,7,44,51,0,0,0,10,266,266,0,276,0,0,0,0,1.04,0.00,0.00,3938930237.21,6514324120.00,0.00,0.00
604.00,265,454294509,265,0,7,44,51,0,0,0,10,266,266,0,276,0,0,0,0,1.04,0.00,0.00,3938930237.21,6514324120.00,0.00,0.00
606.00,265,454294509,265,0,7,44,51,0,0,0,10,266,266,0,276,0,0,0,0,1.04,0.00,0.00,3938930237.21,6514324120.00,0.00,0.00
608.00,265,454294509,265,0,7,44,51,0,0,0,10,266,266,0,276,0,0,0,0,1.04,0.00,0.00,3938930237.21,6514324120.00,0.00,0.00
610.00,265,454294509,265,0,7,44,51,0,0,0,10,266,266,0,276,0,0,0,0,1.04,0.00,0.00,3938930237.21,6514324120.00,0.00,0.00
612.00,265,454294509,265,0,7,44,51,0,0,0,10,266,266,0,276,0,0,0,0,1.04,0.00,0.00,3938930237.21,6514324120.00,0.00,0.00
614.00,265,454294509,265,0,7,44,51,0,0,0,10,266,266,0,276,0,0,0,0,1.04,0.00,0.00,3938930237.21,6514324120.00,0.00,0.00
616.00,265,454294509,265,0,7,44,51,0,0,0,10,266,266,0,276,0,0,0,0,1.04,0.00,0.00,3938930237.21,6514324120.00,0.00,0.00
618.00,265,454294509,265,0,7,44,51,0,0,0,10,266,266,0,276,0,0,0,0,1.04,0.00,0.00,3938930237.21,6514324120.00,0.00,0.00
620.00,265,454294509,265,0,7,44,51,0,0,0,10,266,266,0,276,0,0,0,0,1.04,0.00,0.00,3938930237.21,6514324120.00,0.00,0.00
622.00,265,454294509,265,0,7,44,51,0,0,0,10,266,266,0,276,0,0,0,0,1.04,0.00,0.00,3938930237.21,6514324120.00,0.00,0.00
624.00,265,454294509,265,0,7,44,51,0,0,0,10,266,266,0,276,0,0,0,0,1.04,0.00,0.00,3938930237.21,6514324120.00,0.00,0.00
626.00,265,454294509,265,0,7,44,51,0,0,0,10,266,266,0,276,0,0,0,0,1.04,0.00,0.00,3938930237.21,6514324120.00,0.00,0.00
628.00,265,454294509,265,0,7,44,51,0,0,0,10,266,266,0,276,0,0,0,0,1.04,0.00,0.00,3938930237.21,6514324120.00,0.00,0.00
630.00,265,454294509,265,0,7,44,51,0,0,0,10,266,266,0,276,0,0,0,0,1.04,0.00,0.00,3938930237.21,6514324120.00,0.00,0.00
632.00,265,454294509,265,0,7,44,51,0,0,0,10,266,266,0,276,0,0,0,0,1.04,0.00,0.00,3938930237.21,6514324120.00,0.00,0.00
634.00,265,454294509,265,0,7,44,51,0,0,0,10,266,266,0,276,0,0,0,0,1.04,0.00,0.00,3938930237.21,6514324120.00,0.00,0.00
636.00,265,454294509,265,0,7,44,51,0,0,0,10,266,266,0,276,0,0,0,0,1.04,0.00,0.00,3938930237.21,6514324120.00,0.00,0.00
638.00,265,454294509,265,0,7,44,51,0,0,0,10,266,266,0,276,0,0,0,0,1.04,0.00,0.00,3938930237.21,6514324120.00,0.00,0.00
640.00,265,454294509,265,0,7,44,51,0,0,0,10,266,266,0,276,0,0,0,0,1.04,0.00,0.00,3938930237.21,6514324120.00,0.00,0.00
642.00,265,454294509,265,0,7,44,51,0,0,0,10,266,266,0,276,0,0,0,0,1.04,0.00,0.00,3938930237.21,6514324120.00,0.00,0.00
644.00,265,454294509,265,0,7,44,51,0,0,0,10,266,266,0,276,0,0,0,0,1.04,0.00,0.00,3938930237.21,6514324120.00,0.00,0.00
646.00,265,454294509,265,0,7,44,51,0,0,0,10,266,266,0,276,0,0,0,0,1.04,0.00,0.00,3938930237.21,6514324120.00,0.00,0.00
648.00,265,454294509,265,0,7,44,51,0,0,0,10,266,266,0,276,0,0,0,0,1.04,0.00,0.00,3938930237.21,6514324120.00,0.00,0.00
650.00,265,454294509,265,0,7,44,51,0,0,0,10,266,266,0,276,0,0,0,0,1.04,0.00,0.00,3938930237.21,6514324120.00,0.00,0.00
652.00,265,454294509,265,0,7,44,51,0,0,0,10,266,266,0,276,0,0,0,0,1.04,0.00,0.00,3938930237.21,6514324120.00,0.00,0.00
654.00,265,454294509,265,0,7,44,51,0,0,0,10,266,266,0,276,0,0,0,0,1.04,0.00,0.00,3938930237.21,6514324120.00,0.00,0.00
656.00,265,454294509,265,0,7,44,51,0,0,0,10,266,266,0,276,0,0,0,0,1.04,0.00,0.00,3938930237.21,6514324120.00,0.00,0.00
658.00,265,454294509,265,0,7,44,51,0,0,0,10,266,266,0,276,0,0,0,0,1.04,0.00,0.00,3938930237.21,6514324120.00,0.00,0.00
660.00,265,454294509,265,0,7,44,51,0,0,0,10,266,266,0,276,0,0,0,0,1.04,0.00,0.00,3938930237.21,6514324120.00,0.00,0.00
662.00,265,454294509,265,0,7,44,51,0,0,0,10,266,266,0,276,0,0,0,0,1.04,0.00,0.00,3938930237.21,6514324120.00,0.00,0.00
664.00,265,454294509,265,0,7,44,51,0,0,0,10,266,266,0,276,0,0,0,0,1.04,0.00,0.00,3938930237.21,6514324120.00,0.00,0.00
666.00,265,454294509,265,0,7,44,51,0,0,0,10,266,266,0,276,0,0,0,0,1.04,0.00,0.00,3938930237.21,6514324120.00,0.00,0.00
668.00,265,454294509,265,0,7,44,51,0,0,0,10,266,266,0,276,0,0,0,0,1.04,0.00,0.00,3938930237.21,6514324120.00,0.00,0.00
670.00,265,454294509,265,0,7,44,51,0,0,0,10,266,266,0,276,0,0,0,0,1.04,0.00,0.00,3938930237.21,6514324120.00,0.00,0.00
672.00,265,454294509,265,0,7,44,51,0,0,0,10,266,266,0,276,0,0,0,0,1.04,0.00,0.00,3938930237.21,6514324120.00,0.00,0.00
674.00,427642,453867132,133,427509,7,44,51,380,427431,427811,10,428077,266,0,276,427811,427811,0,427811,1672.18,0.00,1671.14,3938930237.21,6514324120.00,0.00,0.00
676.00,1142661,453152113,133,1142528,7,44,51,9797,1142530,1152327,10,1152593,266,0,276,1152327,724516,0,724516,4502.32,0.00,4501.28,3938930237.21,6514324120.00,0.00,0.00
678.00,1845172,452449601,133,1845039,7,44,51,17495,1845046,1862541,10,1862807,266,0,276,1862541,710214,0,710214,7276.59,0.00,7275.55,3938930237.21,6514324120.00,0.00,0.00
680.00,2558352,451736422,133,2558219,7,44,51,27260,2558225,2585485,10,2585751,266,0,276,2585485,722944,0,722944,10100.59,0.00,10099.55,3938930237.21,6514324120.00,0.00,0.00
682.00,3154321,451140453,133,3154188,7,44,51,120567,3154186,3274753,10,3275019,266,0,276,3274753,689268,0,689268,12793.04,0.00,12792.00,3938930237.21,6514324120.00,0.00,0.00
684.00,3790566,450504208,133,3790433,7,44,51,192219,3790465,3982684,10,3982950,266,0,276,3982684,707931,0,707931,15558.40,0.00,15557.36,3938930237.21,6514324120.00,0.00,0.00
686.00,4366828,449927946,133,4366695,7,44,51,312177,4366712,4678889,10,4679156,266,0,276,4678889,696206,0,696205,18277.95,0.00,18276.91,3938930237.21,6514324120.00,0.00,0.00
688.00,4861605,449433169,133,4861472,7,44,51,496948,4861473,5358421,10,5358688,266,0,276,5358421,679532,0,679532,20932.38,0.00,20931.33,3938930237.21,6514324120.00,0.00,0.00
690.00,5417889,448876885,133,5417756,7,44,51,641281,5417771,6059052,10,6059318,266,0,276,6059052,700630,0,700631,23669.21,0.00,23668.17,3938930237.21,6514324120.00,0.00,0.00
692.00,5991558,448303216,133,5991425,7,44,51,746067,5991486,6737553,10,6737819,266,0,276,6737553,678501,0,678501,26319.61,0.00,26318.57,3938930237.21,6514324120.00,0.00,0.00
694.00,6480277,447814497,133,6480144,7,44,51,948058,6480219,7428277,10,7428543,266,0,276,7428277,690724,0,690724,29017.75,0.00,29016.71,3938930237.21,6514324120.00,0.00,0.00
696.00,7111689,447183085,133,7111556,7,44,51,1030054,7111627,8141681,10,8141947,266,0,276,8141681,713404,0,713404,31804.48,0.00,31803.44,3938930237.21,6514324120.00,0.00,0.00
698.00,7624008,446670766,133,7623875,7,44,51,1206775,7623946,8830721,10,8830987,266,0,276,8830721,689040,0,689040,34496.04,0.00,34495.00,3938930237.21,6514324120.00,0.00,0.00
700.00,8231293,446063481,133,8231160,7,44,51,1311003,8231252,9542255,10,9542522,266,0,276,9542255,711535,0,711534,37275.48,0.00,37274.43,3938930237.21,6514324120.00,0.00,0.00
702.00,8637513,445657261,133,8637380,7,44,51,1578515,8637504,10216019,10,10216285,266,0,276,10216019,673763,0,673764,39907.36,0.00,39906.32,3938930237.21,6514324120.00,0.00,0.00
704.00,9144008,445150766,133,9143875,7,44,51,1763686,9143983,10907669,10,10907935,266,0,276,10907669,691650,0,691650,42609.12,0.00,42608.08,3938930237.21,6514324120.00,0.00,0.00
706.00,9825676,444469098,133,9825543,7,44,51,1805529,9825658,11631187,10,11631453,266,0,276,11631187,723518,0,723518,45435.36,0.00,45434.32,3938930237.21,6514324120.00,0.00,0.00
708.00,10339341,443955433,133,10339208,7,44,51,1983193,10339336,12322529,10,12322795,266,0,276,12322529,691342,0,691342,48135.92,0.00,48134.88,3938930237.21,6514324120.00,0.00,0.00
710.00,10716953,443577821,133,10716820,7,44,51,2272108,10716905,12989013,10,12989279,266,0,276,12989013,666484,0,666484,50739.37,0.00,50738.33,3938930237.21,6514324120.00,0.00,0.00
712.00,11132637,443162137,133,11132504,7,44,51,2534547,11132594,13667141,10,13667407,266,0,276,13667141,678128,0,678128,53388.31,0.00,53387.27,3938930237.21,6514324120.00,0.00,0.00
714.00,11477517,442817257,133,11477384,7,44,51,2855570,11477509,14333079,10,14333345,266,0,276,14333079,665938,0,665938,55989.63,0.00,55988.59,3938930237.21,6514324120.00,0.00,0.00
716.00,12105245,442189528,133,12105112,7,44,51,2944433,12105243,15049676,10,15049942,266,0,276,15049676,716597,0,716597,58788.84,0.00,58787.80,3938930237.21,6514324120.00,0.00,0.00
718.00,12543073,441751701,133,12542940,7,44,51,3136835,12543085,15679920,10,15680186,266,0,276,15679920,630244,0,630244,61250.73,0.00,61249.69,3938930237.21,6514324120.00,0.00,0.00
720.00,12871596,441423178,133,12871463,7,44,51,3468036,12871583,16339619,10,16339885,266,0,276,16339619,659699,0,659699,63827.68,0.00,63826.64,3938930237.21,6514324120.00,0.00,0.00
722.00,13236239,441058535,133,13236106,7,44,51,3775963,13236283,17012246,10,17012512,266,0,276,17012246,672627,0,672627,66455.12,0.00,66454.09,3938930237.21,6514324120.00,0.00,0.00
724.00,13498611,440796163,133,13498478,7,44,51,4166862,13498636,17665498,10,17665764,266,0,276,17665498,653252,0,653252,69006.89,0.00,69005.85,3938930237.21,6514324120.00,0.00,0.00
726.00,13910433,440384341,133,13910300,7,44,51,4441251,13910435,18351686,10,18351952,266,0,276,18351686,686188,0,686188,71687.31,0.00,71686.27,3938930237.21,6514324120.00,0.00,0.00
728.00,14362308,439932466,133,14362175,7,44,51,4679939,14362357,19042296,10,19042562,266,0,276,19042296,690610,0,690610,74385.01,0.00,74383.97,3938930237.21,6514324120.00,0.00,0.00
730.00,14655650,439639124,133,14655517,7,44,51,5043012,14655728,19698740,10,19699006,266,0,276,19698740,656444,0,656444,76949.24,0.00,76948.20,3938930237.21,6514324120.00,0.00,0.00
732.00,15070038,439224736,133,15069905,7,44,51,5305424,15070118,20375542,10,20375808,266,0,276,20375542,676802,0,676802,79593.00,0.00,79591.96,3938930237.21,6514324120.00,0.00,0.00
734.00,15562269,438732505,133,15562136,7,44,51,5508527,15562304,21070831,10,21071097,266,0,276,21070831,695289,0,695289,82308.97,0.00,82307.93,3938930237.21,6514324120.00,0.00,0.00
736.00,15969978,438324796,133,15969845,7,44,51,5781176,15970058,21751234,10,21751500,266,0,276,21751234,680403,0,680403,84966.80,0.00,84965.76,3938930237.21,6514324120.00,0.00,0.00
738.00,16691821,437602953,133,16691688,7,44,51,5792382,16691896,22484278,10,22484544,266,0,276,22484278,733044,0,733044,87830.25,0.00,87829.21,3938930237.21,6514324120.00,0.00,0.00
740.00,17129172,437165602,133,17129039,7,44,51,6040823,17129249,23170072,10,23170338,266,0,276,23170072,685794,0,685794,90509.13,0.00,90508.09,3938930237.21,6514324120.00,0.00,0.00
742.00,17547219,436747555,133,17547086,7,44,51,6302123,17547268,23849391,10,23849657,266,0,276,23849391,679319,0,679319,93162.72,0.00,93161.68,3938930237.21,6514324120.00,0.00,0.00
744.00,17858037,436436737,133,17857904,7,44,51,6648309,17858087,24506396,10,24506662,266,0,276,24506396,657005,0,657005,95729.15,0.00,95728.11,3938930237.21,6514324120.00,0.00,0.00
746.00,18107399,436187375,133,18107266,7,44,51,7045762,18107461,25153223,10,25153489,266,0,276,25153223,646827,0,646827,98255.82,0.00,98254.78,3938930237.21,6514324120.00,0.00,0.00
748.00,18362215,435932559,133,18362082,7,44,51,7436281,18362330,25798611,10,25798877,266,0,276,25798611,645388,0,645388,100776.86,0.00,100775.82,3938930237.21,6514324120.00,0.00,0.00
750.00,18570969,435723805,133,18570836,7,44,51,7865760,18571062,26436822,10,26437088,266,0,276,26436822,638211,0,638211,103269.88,0.00,103268.84,3938930237.21,6514324120.00,0.00,0.00
752.00,18835653,435459121,133,18835520,7,44,51,8247241,18835764,27083005,10,27083271,266,0,276,27083005,646183,0,646183,105794.03,0.00,105792.99,3938930237.21,6514324120.00,0.00,0.00
754.00,18986925,435307849,133,18986792,7,44,51,8726004,18987051,27713055,10,27713321,266,0,276,27713055,630050,0,630050,108255.16,0.00,108254.12,3938930237.21,6514324120.00,0.00,0.00
756.00,19243049,435051725,133,19242916,7,44,51,9116181,19243187,28359368,10,28359634,266,0,276,28359368,646313,0,646313,110779.82,0.00,110778.78,3938930237.21,6514324120.00,0.00,0.00
758.00,19728708,434566066,133,19728575,7,44,51,9317676,19728885,29046561,10,29046827,266,0,276,29046561,687193,0,687193,113464.17,0.00,113463.13,3938930237.21,6514324120.00,0.00,0.00
760.00,20372472,433922302,133,20372339,7,44,51,9388314,20372658,29760972,10,29761238,266,0,276,29760972,714411,0,714411,116254.84,0.00,116253.80,3938930237.21,6514324120.00,0.00,0.00
762.00,20898939,433395835,133,20898806,7,44,51,9560403,20899090,30459493,10,30459759,266,0,276,30459493,698521,0,698521,118983.43,0.00,118982.39,3938930237.21,6514324120.00,0.00,0.00
764.00,21439265,432855509,133,21439132,7,44,51,9719243,21439446,31158689,10,31158955,266,0,276,31158689,699196,0,699196,121714.67,0.00,121713.63,3938930237.21,6514324120.00,0.00,0.00
766.00,22130950,432163824,133,22130817,7,44,51,9750585,22131134,31881719,10,31881985,266,0,276,31881719,723030,0,723030,124539.00,0.00,124537.96,3938930237.21,6514324120.00,0.00,0.00
768.00,22851479,431443295,133,22851346,7,44,51,9765303,22851680,32616983,10,32617249,266,0,276,32616983,735264,0,735264,127411.13,0.00,127410.09,3938930237.21,6514324120.00,0.00,0.00
770.00,23399461,430895313,133,23399328,7,44,51,9921857,23399653,33321510,10,33321776,266,0,276,33321510,704527,0,704527,130163.19,0.00,130162.15,3938930237.21,6514324120.00,0.00,0.00
772.00,23759086,430535688,133,23758953,7,44,51,10233579,23759289,33992868,10,33993134,266,0,276,33992868,671358,0,671358,132785.68,0.00,132784.64,3938930237.21,6514324120.00,0.00,0.00
774.00,24059625,430235149,133,24059492,7,44,51,10586290,24059797,34646087,10,34646353,266,0,276,34646087,653219,0,653219,135337.32,0.00,135336.28,3938930237.21,6514324120.00,0.00,0.00
776.00,24472218,429822556,133,24472085,7,44,51,10848069,24472418,35320487,10,35320753,266,0,276,35320487,674400,0,674400,137971.69,0.00,137970.65,3938930237.21,6514324120.00,0.00,0.00
778.00,24702856,429591918,133,24702723,7,44,51,11155645,24703036,35858681,10,35858947,266,0,276,35858681,538194,0,538194,140074.01,0.00,140072.97,3938930237.21,6514324120.00,0.00,0.00
780.00,24990136,429304638,133,24990003,7,44,51,11521347,24990329,36511676,10,36511942,266,0,276,36511676,652995,0,652995,142624.77,0.00,142623.73,3938930237.21,6514324120.00,0.00,0.00
782.00,25265322,429029452,133,25265189,7,44,51,11905081,25265520,37170601,10,37170867,266,0,276,37170601,658925,0,658925,145198.70,0.00,145197.66,3938930237.21,6514324120.00,0.00,0.00
784.00,25590391,428704382,133,25590258,7,44,51,12244633,25590614,37835247,10,37835513,266,0,276,37835247,664646,0,664646,147794.97,0.00,147793.93,3938930237.21,6514324120.00,0.00,0.00
786.00,26016708,428278066,133,26016575,7,44,51,12497750,26016909,38514659,10,38514925,266,0,276,38514659,679412,0,679412,150448.93,0.00,150447.89,3938930237.21,6514324120.00,0.00,0.00
788.00,26347533,427947241,133,26347400,7,44,51,12832828,26347747,39180575,10,39180841,266,0,276,39180575,665916,0,665916,153050.16,0.00,153049.12,3938930237.21,6514324120.00,0.00,0.00
790.00,26592205,427702569,133,26592072,7,44,51,13246805,26592424,39839229,10,39839495,266,0,276,39839229,658654,0,658654,155623.03,0.00,155621.99,3938930237.21,6514324120.00,0.00,0.00
792.00,26647344,427647430,133,26647211,7,44,51,13829836,26647601,40477437,10,40477703,266,0,276,40477437,638208,0,638208,158116.03,0.00,158114.99,3938930237.21,6514324120.00,0.00,0.00
794.00,27176537,427118237,133,27176404,7,44,51,14002229,27176760,41178989,10,41179255,266,0,276,41178989,701552,0,701552,160856.46,0.00,160855.43,3938930237.21,6514324120.00,0.00,0.00
796.00,27512596,426782178,133,27512463,7,44,51,14337608,27512887,41850495,10,41850762,266,0,276,41850495,671507,0,671506,163479.54,0.00,163478.50,3938930237.21,6514324120.00,0.00,0.00
798.00,28167788,426126986,133,28167655,7,44,51,14402757,28168074,42570831,10,42571097,266,0,276,42570831,720335,0,720336,166293.35,0.00,166292.31,3938930237.21,6514324120.00,0.00,0.00
800.00,28421291,425873483,133,28421158,7,44,51,14801319,28421534,43222853,10,43223119,266,0,276,43222853,652022,0,652022,168840.31,0.00,168839.27,3938930237.21,6514324120.00,0.00,0.00
802.00,28749081,425545693,133,28748948,7,44,51,15135432,28749326,43884758,10,43885024,266,0,276,43884758,661905,0,661905,171425.88,0.00,171424.84,3938930237.21,6514324120.00,0.00,0.00
804.00,29121457,425173317,133,29121324,7,44,51,15433120,29121724,44554844,10,44555110,266,0,276,44554844,670086,0,670086,174043.40,0.00,174042.36,3938930237.21,6514324120.00,0.00,0.00
806.00,29545651,424749123,133,29545518,7,44,51,15691359,29545921,45237280,10,45237546,266,0,276,45237280,682436,0,682436,176709.16,0.00,176708.12,3938930237.21,6514324120.00,0.00,0.00
808.00,29954339,424340435,133,29954206,7,44,51,15958656,29954622,45913278,10,45913544,266,0,276,45913278,675998,0,675998,179349.78,0.00,179348.74,3938930237.21,6514324120.00,0.00,0.00
810.00,30468654,423826120,133,30468521,7,44,51,16143188,30468943,46612131,10,46612397,266,0,276,46612131,698853,0,698853,182079.68,0.00,182078.64,3938930237.21,6514324120.00,0.00,0.00
812.00,30771620,423523154,133,30771487,7,44,51,16513319,30771939,47285258,10,47285524,266,0,276,47285258,673127,0,673127,184709.08,0.00,184708.04,3938930237.21,6514324120.00,0.00,0.00
814.00,31270777,423023997,133,31270644,7,44,51,16699806,31271100,47970906,10,47971172,266,0,276,47970906,685648,0,685648,187387.39,0.00,187386.35,3938930237.21,6514324120.00,0.00,0.00
816.00,31569041,422725733,133,31568908,7,44,51,17053881,31569362,48623243,10,48623509,266,0,276,48623243,652337,0,652337,189935.58,0.00,189934.54,3938930237.21,6514324120.00,0.00,0.00
818.00,31985273,422309501,133,31985140,7,44,51,17309314,31985599,49294913,10,49295179,266,0,276,49294913,671670,0,671670,192559.29,0.00,192558.25,3938930237.21,6514324120.00,0.00,0.00
820.00,32380261,421914513,133,32380128,7,44,51,17583227,32380601,49963828,10,49964094,266,0,276,49963828,668915,0,668915,195172.24,0.00,195171.20,3938930237.21,6514324120.00,0.00,0.00
822.00,32824506,421470268,133,32824373,7,44,51,17813275,32824869,50638144,10,50638410,266,0,276,50638144,674316,0,674316,197806.29,0.00,197805.25,3938930237.21,6514324120.00,0.00,0.00
824.00,33475279,420819495,133,33475146,7,44,51,17875006,33475646,51350652,10,51350918,266,0,276,51350652,712508,0,712508,200589.52,0.00,200588.48,3938930237.21,6514324120.00,0.00,0.00
826.00,33872313,420422461,133,33872180,7,44,51,18147204,33872669,52019873,10,52020139,266,0,276,52019873,669221,0,669221,203203.67,0.00,203202.63,3938930237.21,6514324120.00,0.00,0.00
828.00,34105029,420189745,133,34104896,7,44,51,18549493,34105388,52654881,10,52655147,266,0,276,52654881,635008,0,635008,205684.17,0.00,205683.13,3938930237.21,6514324120.00,0.00,0.00
830.00,34471680,419823094,133,34471547,7,44,51,18840558,34472104,53312662,10,53312928,266,0,276,53312662,657781,0,657781,208253.62,0.00,208252.59,3938930237.21,6514324120.00,0.00,0.00
832.00,34719721,419575053,133,34719588,7,44,51,19231199,34720089,53951288,10,53951554,266,0,276,53951288,638626,0,638626,210748.26,0.00,210747.22,3938930237.21,6514324120.00,0.00,0.00
834.00,34974761,419320013,133,34974628,7,44,51,19615336,34975137,54590473,10,54590739,266,0,276,54590473,639185,0,639185,213245.07,0.00,213244.04,3938930237.21,6514324120.00,0.00,0.00
836.00,35352601,418942173,133,35352468,7,44,51,19900139,35353002,55253141,10,55253407,266,0,276,55253141,662668,0,662668,215833.62,0.00,215832.58,3938930237.21,6514324120.00,0.00,0.00
838.00,35803189,418491585,133,35803056,7,44,51,20129273,35803568,55932841,10,55933107,266,0,276,55932841,679700,0,679700,218488.70,0.00,218487.66,3938930237.21,6514324120.00,0.00,0.00
840.00,36073705,418221069,133,36073572,7,44,51,20499146,36074087,56573233,10,56573499,266,0,276,56573233,640392,0,640392,220990.23,0.00,220989.19,3938930237.21,6514324120.00,0.00,0.00
842.00,36326039,417968735,133,36325906,7,44,51,20889139,36326460,57215599,10,57215865,266,0,276,57215599,642366,0,642366,223499.47,0.00,223498.43,3938930237.21,6514324120.00,0.00,0.00
844.00,36505717,417789057,133,36505584,7,44,51,21346340,36506101,57852441,10,57852707,266,0,276,57852441,636842,0,636842,225987.14,0.00,225986.10,3938930237.21,6514324120.00,0.00,0.00
846.00,37009748,417285026,133,37009615,7,44,51,21539839,37010174,58550013,10,58550279,266,0,276,58550013,697572,0,697572,228712.03,0.00,228710.99,3938930237.21,6514324120.00,0.00,0.00
848.00,37491421,416803352,133,37491288,7,44,51,21749201,37491828,59241029,10,59241295,266,0,276,59241029,691016,0,691016,231411.31,0.00,231410.27,3938930237.21,6514324120.00,0.00,0.00
850.00,38025889,416268885,133,38025756,7,44,51,21915639,38026277,59941916,10,59942182,266,0,276,59941916,700887,0,700887,234149.15,0.00,234148.11,3938930237.21,6514324120.00,0.00,0.00
852.00,38434507,415860267,133,38434374,7,44,51,22186673,38434935,60621608,10,60621874,266,0,276,60621608,679692,0,679692,236804.20,0.00,236803.16,3938930237.21,6514324120.00,0.00,0.00
854.00,39018308,415276466,133,39018175,7,44,51,22311800,39018719,61330519,10,61330785,266,0,276,61330519,708911,0,708911,239573.38,0.00,239572.34,3938930237.21,6514324120.00,0.00,0.00
856.00,39523840,414770934,133,39523707,7,44,51,22495563,39524306,62019869,10,62020135,266,0,276,62019869,689350,0,689350,242266.15,0.00,242265.11,3938930237.21,6514324120.00,0.00,0.00
858.00,39943869,414350905,133,39943736,7,44,51,22746996,39944315,62691311,10,62691577,266,0,276,62691311,671442,0,671442,244888.97,0.00,244887.93,3938930237.21,6514324120.00,0.00,0.00
860.00,40638378,413656396,133,40638245,7,44,51,22777699,40638829,63416528,10,63416794,266,0,276,63416528,725217,0,725217,247721.85,0.00,247720.81,3938930237.21,6514324120.00,0.00,0.00
862.00,41305600,412989174,133,41305467,7,44,51,22833483,41306030,64139513,10,64139779,266,0,276,64139513,722985,0,722985,250546.01,0.00,250544.97,3938930237.21,6514324120.00,0.00,0.00
864.00,41910494,412384280,133,41910361,7,44,51,22937335,41910944,64848279,10,64848545,266,0,276,64848279,708766,0,708766,253314.63,0.00,253313.59,3938930237.21,6514324120.00,0.00,0.00
866.00,42356848,411937925,133,42356715,7,44,51,23174638,42357271,65531909,10,65532175,266,0,276,65531909,683630,0,683630,255985.06,0.00,255984.02,3938930237.21,6514324120.00,0.00,0.00
868.00,42856262,411438512,133,42856129,7,44,51,23366076,42856715,66222791,10,66223057,266,0,276,66222791,690882,0,690882,258683.82,0.00,258682.78,3938930237.21,6514324120.00,0.00,0.00
870.00,43338727,410956047,133,43338594,7,44,51,23570142,43339179,66909321,10,66909587,266,0,276,66909321,686530,0,686530,261365.57,0.00,261364.54,3938930237.21,6514324120.00,0.00,0.00
872.00,43548903,410745871,133,43548770,7,44,51,24003792,43549320,67553112,10,67553378,266,0,276,67553112,643791,0,643791,263880.38,0.00,263879.34,3938930237.21,6514324120.00,0.00,0.00
874.00,43733481,410561293,133,43733348,7,44,51,24471582,43733944,68205526,10,68205792,266,0,276,68205526,652414,0,652414,266428.88,0.00,266427.84,3938930237.21,6514324120.00,0.00,0.00
876.00,44430746,409864027,133,44430613,7,44,51,24502767,44431222,68933989,10,68934255,266,0,276,68933989,728463,0,728463,269274.43,0.00,269273.39,3938930237.21,6514324120.00,0.00,0.00
878.00,45103640,409191132,133,45103507,7,44,51,24551996,45104115,69656111,10,69656377,266,0,276,69656111,722122,0,722122,272095.22,0.00,272094.18,3938930237.21,6514324120.00,0.00,0.00
880.00,45525875,408768899,133,45525742,7,44,51,24809516,45526305,70335821,10,70336087,266,0,276,70335821,679710,0,679710,274750.34,0.00,274749.30,3938930237.21,6514324120.00,0.00,0.00
882.00,45900907,408393867,133,45900774,7,44,51,25109304,45901380,71010684,10,71010950,266,0,276,71010684,674863,0,674863,277386.52,0.00,277385.48,3938930237.21,6514324120.00,0.00,0.00
884.00,46435989,407858785,133,46435856,7,44,51,25272462,46436422,71708884,10,71709150,266,0,276,71708884,698200,0,698200,280113.87,0.00,280112.83,3938930237.21,6514324120.00,0.00,0.00
886.00,46775079,407519695,133,46774946,7,44,51,25599515,46775545,72375060,10,72375326,266,0,276,72375060,666176,0,666176,282716.12,0.00,282715.08,3938930237.21,6514324120.00,0.00,0.00
888.00,47239064,407055710,133,47238931,7,44,51,25823572,47239545,73063117,10,73063383,266,0,276,73063117,688057,0,688057,285403.84,0.00,285402.80,3938930237.21,6514324120.00,0.00,0.00
890.00,47645789,406648985,133,47645656,7,44,51,26091039,47646236,73737275,10,73737541,266,0,276,73737275,674158,0,674158,288037.27,0.00,288036.23,3938930237.21,6514324120.00,0.00,0.00
892.00,48139151,406155623,133,48139018,7,44,51,26292052,48139606,74431658,10,74431924,266,0,276,74431658,694383,0,694383,290749.70,0.00,290748.66,3938930237.21,6514324120.00,0.00,0.00
894.00,48578539,405716235,133,48578406,7,44,51,26540685,48579103,75119788,10,75120054,266,0,276,75119788,688130,0,688130,293437.71,0.00,293436.67,3938930237.21,6514324120.00,0.00,0.00
896.00,48887421,405407353,133,48887288,7,44,51,26901684,48887975,75789659,10,75789925,266,0,276,75789659,669871,0,669871,296054.39,0.00,296053.36,3938930237.21,6514324120.00,0.00,0.00
898.00,49398555,404896218,133,49398422,7,44,51,27085385,49399161,76484546,10,76484812,266,0,276,76484546,694887,0,694887,298768.80,0.00,298767.76,3938930237.21,6514324120.00,0.00,0.00
900.00,49969980,404324794,133,49969847,7,44,51,27156527,49970540,77127067,10,77127333,266,0,276,77127067,642521,0,642521,301278.64,0.00,301277.61,3938930237.21,6514324120.00,0.00,0.00
902.00,50093333,404201441,133,50093200,7,44,51,27493751,50093896,77587647,10,77587913,266,0,276,77587647,460580,0,460580,303077.79,0.00,303076.75,3938930237.21,6514324120.00,0.00,0.00
904.00,50707980,403586794,133,50707847,7,44,51,27587971,50708571,78296542,10,78296808,266,0,276,78296542,708895,0,708895,305846.91,0.00,305845.87,3938930237.21,6514324120.00,0.00,0.00
906.00,51374223,402920551,133,51374090,7,44,51,27637997,51374809,79012806,10,79013072,266,0,276,79012806,716264,0,716264,308644.81,0.00,308643.77,3938930237.21,6514324120.00,0.00,0.00
908.00,51795125,402499649,133,51794992,7,44,51,27883638,51795692,79679330,10,79679596,266,0,276,79679330,666524,0,666524,311248.42,0.00,311247.38,3938930237.21,6514324120.00,0.00,0.00
910.00,52138713,402156061,133,52138580,7,44,51,28188675,52139288,80327963,10,80328229,266,0,276,80327963,648633,0,648633,313782.14,0.00,313781.11,3938930237.21,6514324120.00,0.00,0.00
912.00,52493161,401801613,133,52493028,7,44,51,28500904,52493785,80994689,10,80994955,266,0,276,80994689,666726,0,666726,316386.54,0.00,316385.50,3938930237.21,6514324120.00,0.00,0.00
914.00,53114525,401180249,133,53114392,7,44,51,28592150,53115154,81707304,10,81707570,266,0,276,81707304,712615,0,712615,319170.20,0.00,319169.16,3938930237.21,6514324120.00,0.00,0.00
916.00,53418272,400876502,133,53418139,7,44,51,28945027,53418922,82363949,10,82364215,266,0,276,82363949,656645,0,656645,321735.21,0.00,321734.18,3938930237.21,6514324120.00,0.00,0.00
918.00,53817817,400476957,133,53817684,7,44,51,29220469,53818405,83038874,10,83039140,266,0,276,83038874,674925,0,674925,324371.64,0.00,324370.60,3938930237.21,6514324120.00,0.00,0.00
920.00,54054857,400239917,133,54054724,7,44,51,29627717,54055447,83683164,10,83683430,266,0,276,83683164,644290,0,644290,326888.40,0.00,326887.36,3938930237.21,6514324120.00,0.00,0.00
922.00,54316569,399978205,133,54316436,7,44,51,30019039,54317159,84336198,10,84336464,266,0,276,84336198,653034,0,653034,329439.31,0.00,329438.27,3938930237.21,6514324120.00,0.00,0.00
924.00,54354297,399940477,133,54354164,7,44,51,30603480,54354887,84958367,10,84958634,266,0,276,84958367,622170,0,622169,331869.66,0.00,331868.62,3938930237.21,6514324120.00,0.00,0.00
926.00,54797077,399497697,133,54796944,7,44,51,30847496,54797667,85645163,10,85645429,266,0,276,85645163,686795,0,686796,334552.46,0.00,334551.42,3938930237.21,6514324120.00,0.00,0.00
928.00,55160827,399133947,133,55160694,7,44,51,31151027,55161422,86312449,10,86312715,266,0,276,86312449,667286,0,667286,337159.04,0.00,337158.00,3938930237.21,6514324120.00,0.00,0.00
930.00,55392426,398902348,133,55392293,7,44,51,31560495,55393097,86953592,10,86953858,266,0,276,86953592,641143,0,641143,339663.51,0.00,339662.47,3938930237.21,6514324120.00,0.00,0.00
932.00,55906259,398388514,133,55906126,7,44,51,31739411,55906900,87646311,10,87646577,266,0,276,87646311,692719,0,692719,342369.44,0.00,342368.40,3938930237.21,6514324120.00,0.00,0.00
934.00,56245420,398049354,133,56245287,7,44,51,32058110,56246035,88304145,10,88304411,266,0,276,88304145,657834,0,657834,344939.11,0.00,344938.07,3938930237.21,6514324120.00,0.00,0.00
936.00,56527397,397767377,133,56527264,7,44,51,32435751,56528015,88963766,10,88964032,266,0,276,88963766,659621,0,659621,347515.75,0.00,347514.71,3938930237.21,6514324120.00,0.00,0.00
938.00,56934130,397360644,133,56933997,7,44,51,32712398,56934792,89647190,10,89647456,266,0,276,89647190,683424,0,683424,350185.38,0.00,350184.34,3938930237.21,6514324120.00,0.00,0.00
940.00,57094841,397199933,133,57094708,7,44,51,33197437,57095459,90292896,10,90293162,266,0,276,90292896,645706,0,645706,352707.66,0.00,352706.62,3938930237.21,6514324120.00,0.00,0.00
942.00,57455868,396838906,134,57455734,7,44,51,33514434,57456527,90970961,10,90971227,266,0,276,90970961,678065,0,678065,355356.36,0.00,355355.32,3938930237.21,6514324120.00,0.00,0.00
944.00,57791985,396502789,133,57791852,7,44,51,33851127,57792616,91643743,10,91644009,266,0,276,91643743,672782,0,672782,357984.41,0.00,357983.37,3938930237.21,6514324120.00,0.00,0.00
946.00,58101875,396192899,133,58101742,7,44,51,34213208,58102524,92315732,10,92315998,266,0,276,92315732,671989,0,671989,360609.37,0.00,360608.33,3938930237.21,6514324120.00,0.00,0.00
948.00,58224663,396070111,133,58224530,7,44,51,34736863,58225299,92962162,10,92962428,266,0,276,92962162,646430,0,646430,363134.48,0.00,363133.45,3938930237.21,6514324120.00,0.00,0.00
950.00,58415529,395879245,133,58415396,7,44,51,35201227,58416165,93617392,10,93617658,266,0,276,93617392,655230,0,655230,365693.98,0.00,365692.94,3938930237.21,6514324120.00,0.00,0.00
952.00,58856469,395438305,133,58856336,7,44,51,35447655,58857144,94304799,10,94305065,266,0,276,94304799,687407,0,687407,368379.16,0.00,368378.12,3938930237.21,6514324120.00,0.00,0.00
954.00,58988449,395306325,133,58988316,7,44,51,35961113,58989087,94950200,10,94950466,266,0,276,94950200,645401,0,645401,370900.26,0.00,370899.22,3938930237.21,6514324120.00,0.00,0.00
956.00,59201630,395093143,133,59201497,7,44,51,36402888,59202280,95605168,10,95605434,266,0,276,95605168,654968,0,654968,373458.73,0.00,373457.69,3938930237.21,6514324120.00,0.00,0.00
958.00,59612841,394681933,133,59612708,7,44,51,36673445,59613537,96286982,10,96287248,266,0,276,96286982,681814,0,681814,376122.06,0.00,376121.02,3938930237.21,6514324120.00,0.00,0.00
960.00,59893573,394401201,133,59893440,7,44,51,37060718,59894224,96954942,10,96955208,266,0,276,96954942,667960,0,667960,378731.28,0.00,378730.24,3938930237.21,6514324120.00,0.00,0.00
962.00,60157376,394137397,133,60157243,7,44,51,37462957,60158067,97621024,10,97621290,266,0,276,97621024,666082,0,666082,381333.16,0.00,381332.12,3938930237.21,6514324120.00,0.00,0.00
964.00,60856703,393438071,133,60856570,7,44,51,37493781,60857386,98351167,10,98351433,266,0,276,98351167,730143,0,730143,384185.29,0.00,384184.25,3938930237.21,6514324120.00,0.00,0.00
966.00,61498369,392796405,133,61498236,7,44,51,37570045,61499071,99069116,10,99069382,266,0,276,99069116,717949,0,717949,386989.77,0.00,386988.73,3938930237.21,6514324120.00,0.00,0.00
968.00,62211146,392083628,133,62211013,7,44,51,37585492,62211838,99797330,10,99797596,266,0,276,99797330,728214,0,728214,389834.36,0.00,389833.32,3938930237.21,6514324120.00,0.00,0.00
970.00,62558404,391736370,133,62558271,7,44,51,37912452,62559072,100471524,10,100471790,266,0,276,100471524,674194,0,674194,392467.93,0.00,392466.89,3938930237.21,6514324120.00,0.00,0.00
972.00,63174979,391119795,133,63174846,7,44,51,38018283,63175680,101193963,10,101194229,266,0,276,101193963,722439,0,722439,395289.96,0.00,395288.92,3938930237.21,6514324120.00,0.00,0.00
974.00,63887749,390407025,133,63887616,7,44,51,38035846,63888463,101924309,10,101924575,266,0,276,101924309,730346,0,730346,398142.87,0.00,398141.83,3938930237.21,6514324120.00,0.00,0.00
976.00,64588317,389706457,133,64588184,7,44,51,38064276,64589044,102653320,10,102653586,266,0,276,102653320,729011,0,729011,400990.57,0.00,400989.53,3938930237.21,6514324120.00,0.00,0.00
978.00,65286968,389007806,133,65286835,7,44,51,38094116,65287725,103381841,10,103382107,266,0,276,103381841,728521,0,728521,403836.36,0.00,403835.32,3938930237.21,6514324120.00,0.00,0.00
980.00,65961761,388333013,133,65961628,7,44,51,38141329,65962482,104103811,10,104104077,266,0,276,104103811,721970,0,721970,406656.55,0.00,406655.51,3938930237.21,6514324120.00,0.00,0.00
982.00,66653389,387641385,133,66653256,7,44,51,38177157,66654073,104831230,10,104831496,266,0,276,104831230,727419,0,727419,409498.03,0.00,409496.99,3938930237.21,6514324120.00,0.00,0.00
984.00,67309533,386985241,133,67309400,7,44,51,38239717,67310207,105549924,10,105550190,266,0,276,105549924,718694,0,718694,412305.43,0.00,412304.39,3938930237.21,6514324120.00,0.00,0.00
986.00,67668391,386626383,133,67668258,7,44,51,38547796,67669078,106216874,10,106217140,266,0,276,106216874,666950,0,666950,414910.70,0.00,414909.66,3938930237.21,6514324120.00,0.00,0.00
988.00,68260023,386034751,133,68259890,7,44,51,38665804,68260757,106926561,10,106926827,266,0,276,106926561,709687,0,709687,417682.92,0.00,417681.88,3938930237.21,6514324120.00,0.00,0.00
990.00,68776333,385518441,133,68776200,7,44,51,38844643,68777021,107621664,10,107621930,266,0,276,107621664,695103,0,695103,420398.16,0.00,420397.12,3938930237.21,6514324120.00,0.00,0.00
992.00,69208454,385086320,133,69208321,7,44,51,39091868,69209182,108301050,10,108301316,266,0,276,108301050,679386,0,679386,423052.02,0.00,423050.98,3938930237.21,6514324120.00,0.00,0.00
994.00,69562453,384732321,133,69562320,7,44,51,39409998,69563193,108973191,10,108973458,266,0,276,108973191,672142,0,672141,425677.57,0.00,425676.53,3938930237.21,6514324120.00,0.00,0.00
996.00,69979374,384315400,133,69979241,7,44,51,39676265,69980104,109656369,10,109656635,266,0,276,109656369,683177,0,683178,428346.23,0.00,428345.19,3938930237.21,6514324120.00,0.00,0.00
998.00,70322243,383972531,133,70322110,7,44,51,40005915,70322980,110328895,10,110329161,266,0,276,110328895,672526,0,672526,430973.29,0.00,430972.25,3938930237.21,6514324120.00,0.00,0.00
1000.00,70719500,383575274,133,70719367,7,44,51,40288691,70720239,111008930,10,111009196,266,0,276,111008930,680035,0,680035,433629.67,0.00,433628.63,3938930237.21,6514324120.00,0.00,0.00
1002.00,71227333,383067441,133,71227200,7,44,51,40482791,71228047,111710838,10,111711104,266,0,276,111710838,701908,0,701908,436371.50,0.00,436370.46,3938930237.21,6514324120.00,0.00,0.00
1004.00,71577687,382717087,133,71577554,7,44,51,40804715,71578425,112383140,10,112383406,266,0,276,112383140,672302,0,672302,438997.68,0.00,438996.64,3938930237.21,6514324120.00,0.00,0.00
1006.00,71900274,382394500,133,71900141,7,44,51,41137784,71901017,113038801,10,113039067,266,0,276,113038801,655661,0,655661,441558.86,0.00,441557.82,3938930237.21,6514324120.00,0.00,0.00
1008.00,72159794,382134980,133,72159661,7,44,51,41527184,72160568,113687752,10,113688018,266,0,276,113687752,648951,0,648951,444093.82,0.00,444092.78,3938930237.21,6514324120.00,0.00,0.00
1010.00,72714277,381580497,133,72714144,7,44,51,41674306,72715006,114389312,10,114389578,266,0,276,114389312,701560,0,701560,446834.29,0.00,446833.25,3938930237.21,6514324120.00,0.00,0.00
1012.00,73137173,381157601,133,73137040,7,44,51,41929834,73137935,115067769,10,115068035,266,0,276,115067769,678457,0,678457,449484.51,0.00,449483.47,3938930237.21,6514324120.00,0.00,0.00
1014.00,73481587,380813186,133,73481454,7,44,51,42248089,73482344,115730433,10,115730699,266,0,276,115730433,662664,0,662664,452073.04,0.00,452072.00,3938930237.21,6514324120.00,0.00,0.00
1016.00,73822294,380472480,133,73822161,7,44,51,42573757,73823082,116396839,10,116397105,266,0,276,116396839,666406,0,666406,454676.19,0.00,454675.15,3938930237.21,6514324120.00,0.00,0.00
1018.00,74234375,380060399,133,74234242,7,44,51,42835481,74235187,117070668,10,117070934,266,0,276,117070668,673829,0,673829,457308.34,0.00,457307.30,3938930237.21,6514324120.00,0.00,0.00
1020.00,74607301,379687473,133,74607168,7,44,51,43131526,74608089,117739615,10,117739881,266,0,276,117739615,668947,0,668947,459921.41,0.00,459920.37,3938930237.21,6514324120.00,0.00,0.00
1022.00,75137782,379156991,133,75137649,7,44,51,43297417,75138572,118435989,10,118436255,266,0,276,118435989,696374,0,696374,462641.62,0.00,462640.58,3938930237.21,6514324120.00,0.00,0.00
1024.00,75590082,378704692,133,75589949,7,44,51,43530770,75590859,119121629,10,119121895,266,0,276,119121629,685640,0,685640,465319.90,0.00,465318.86,3938930237.21,6514324120.00,0.00,0.00
1026.00,76063865,378230909,133,76063732,7,44,51,43746825,76064662,119811487,10,119811754,266,0,276,119811487,689859,0,689858,468014.66,0.00,468013.62,3938930237.21,6514324120.00,0.00,0.00
1028.00,76388005,377906769,133,76387872,7,44,51,44088462,76388784,120477246,10,120477512,266,0,276,120477246,665758,0,665759,470615.28,0.00,470614.24,3938930237.21,6514324120.00,0.00,0.00
1030.00,76890578,377404196,133,76890445,7,44,51,44276154,76891392,121167546,10,121167812,266,0,276,121167546,690300,0,690300,473311.77,0.00,473310.73,3938930237.21,6514324120.00,0.00,0.00
1032.00,77483599,376811175,133,77483466,7,44,51,44394789,77484387,121879176,10,121879442,266,0,276,121879176,711630,0,711630,476091.57,0.00,476090.53,3938930237.21,6514324120.00,0.00,0.00
1034.00,77888461,376406313,133,77888328,7,44,51,44670568,77889291,122559859,10,122560125,266,0,276,122559859,680683,0,680683,478750.49,0.00,478749.45,3938930237.21,6514324120.00,0.00,0.00
1036.00,78465049,375829725,133,78464916,7,44,51,44793920,78465877,123259797,10,123260063,266,0,276,123259797,699938,0,699938,481484.62,0.00,481483.58,3938930237.21,6514324120.00,0.00,0.00
1038.00,79127657,375167117,133,79127524,7,44,51,44841005,79128471,123969476,10,123969742,266,0,276,123969476,709679,0,709679,484256.80,0.00,484255.77,3938930237.21,6514324120.00,0.00,0.00
1040.00,79614346,374680427,133,79614213,7,44,51,45039367,79615200,124654567,10,124654833,266,0,276,124654567,685091,0,685091,486932.94,0.00,486931.90,3938930237.21,6514324120.00,0.00,0.00
1042.00,80325882,373968892,133,80325749,7,44,51,45056058,80326737,125382795,10,125383061,266,0,276,125382795,728228,0,728228,489777.58,0.00,489776.54,3938930237.21,6514324120.00,0.00,0.00
1044.00,81023579,373271195,133,81023446,7,44,51,45073478,81024438,126097916,10,126098182,266,0,276,126097916,715121,0,715121,492571.02,0.00,492569.98,3938930237.21,6514324120.00,0.00,0.00
1046.00,81541569,372753205,133,81541436,7,44,51,45248376,81542392,126790768,10,126791034,266,0,276,126790768,692852,0,692852,495277.48,0.00,495276.44,3938930237.21,6514324120.00,0.00,0.00
1048.00,81966028,372328746,133,81965895,7,44,51,45500943,81966913,127467856,10,127468122,266,0,276,127467856,677088,0,677088,497922.35,0.00,497921.31,3938930237.21,6514324120.00,0.00,0.00
1050.00,82294036,372000738,133,82293903,7,44,51,45835646,82294897,128130543,10,128130809,266,0,276,128130543,662687,0,662687,500510.97,0.00,500509.93,3938930237.21,6514324120.00,0.00,0.00
1052.00,82686006,371608768,133,82685873,7,44,51,46124652,82686899,128811551,10,128811818,266,0,276,128811551,681009,0,681008,503171.16,0.00,503170.12,3938930237.21,6514324120.00,0.00,0.00
1054.00,83233750,371061024,133,83233617,7,44,51,46275826,83234599,129510425,10,129510691,266,0,276,129510425,698873,0,698874,505901.14,0.00,505900.10,3938930237.21,6514324120.00,0.00,0.00
1056.00,83557374,370737400,133,83557241,7,44,51,46612548,83558307,130170855,10,130171121,266,0,276,130170855,660430,0,660430,508480.94,0.00,508479.90,3938930237.21,6514324120.00,0.00,0.00
1058.00,84105428,370189346,134,84105294,7,44,51,46770800,84106353,130877153,10,130877419,266,0,276,130877153,706298,0,706298,511239.92,0.00,511238.88,3938930237.21,6514324120.00,0.00,0.00
1060.00,84434415,369860358,133,84434282,7,44,51,47103049,84435331,131538380,10,131538646,266,0,276,131538380,661227,0,661227,513822.84,0.00,513821.80,3938930237.21,6514324120.00,0.00,0.00
1062.00,85070064,369224710,133,85069931,7,44,51,47185294,85071008,132256302,10,132256568,266,0,276,132256302,717922,0,717922,516627.22,0.00,516626.18,3938930237.21,6514324120.00,0.00,0.00
1064.00,85676684,368618090,133,85676551,7,44,51,47283922,85677580,132961502,10,132961768,266,0,276,132961502,705200,0,705200,519381.91,0.00,519380.87,3938930237.21,6514324120.00,0.00,0.00
1066.00,86152914,368141860,133,86152781,7,44,51,47489966,86153848,133643814,10,133644080,266,0,276,133643814,682312,0,682312,522047.19,0.00,522046.15,3938930237.21,6514324120.00,0.00,0.00
1068.00,86654661,367640113,133,86654528,7,44,51,47672708,86655550,134328258,10,134328524,266,0,276,134328258,684444,0,684444,524720.80,0.00,524719.76,3938930237.21,6514324120.00,0.00,0.00
1070.00,87001277,367293497,133,87001144,7,44,51,47984978,87002207,134987185,10,134987451,266,0,276,134987185,658927,0,658927,527294.73,0.00,527293.69,3938930237.21,6514324120.00,0.00,0.00
1072.00,87670117,366624657,133,87669984,7,44,51,48036522,87671046,135707568,10,135707834,266,0,276,135707568,720383,0,720383,530108.73,0.00,530107.69,3938930237.21,6514324120.00,0.00,0.00
1074.00,88383718,365911056,133,88383585,7,44,51,48051826,88384649,136436475,10,136436741,266,0,276,136436475,728907,0,728907,532956.02,0.00,532954.98,3938930237.21,6514324120.00,0.00,0.00
1076.00,88661719,365633055,133,88661586,7,44,51,48431414,88662640,137094054,10,137094320,266,0,276,137094054,657579,0,657579,535524.69,0.00,535523.65,3938930237.21,6514324120.00,0.00,0.00
1078.00,89192737,365102037,133,89192604,7,44,51,48599099,89193633,137792732,10,137792998,266,0,276,137792732,698678,0,698678,538253.90,0.00,538252.86,3938930237.21,6514324120.00,0.00,0.00
1080.00,89503473,364791301,133,89503340,7,44,51,48953190,89504373,138457563,10,138457829,266,0,276,138457563,664831,0,664831,540850.89,0.00,540849.86,3938930237.21,6514324120.00,0.00,0.00
1082.00,89930697,364364077,133,89930564,7,44,51,49212740,89931605,139144345,10,139144611,266,0,276,139144345,686782,0,686782,543533.64,0.00,543532.60,3938930237.21,6514324120.00,0.00,0.00
1084.00,90316246,363978528,133,90316113,7,44,51,49504706,90317191,139821897,10,139822163,266,0,276,139821897,677552,0,677552,546180.32,0.00,546179.29,3938930237.21,6514324120.00,0.00,0.00
1086.00,90776881,363517893,133,90776748,7,44,51,49731565,90777837,140509402,10,140509668,266,0,276,140509402,687505,0,687505,548865.89,0.00,548864.85,3938930237.21,6514324120.00,0.00,0.00
1088.00,91124569,363170205,133,91124436,7,44,51,50058234,91125493,141183727,10,141183993,266,0,276,141183727,674325,0,674325,551499.97,0.00,551498.93,3938930237.21,6514324120.00,0.00,0.00
1090.00,91464337,362830437,133,91464204,7,44,51,50380994,91465265,141846259,10,141846525,266,0,276,141846259,662532,0,662532,554087.99,0.00,554086.95,3938930237.21,6514324120.00,0.00,0.00
1092.00,92022320,362272454,133,92022187,7,44,51,50524897,92023307,142548204,10,142548470,266,0,276,142548204,701945,0,701945,556829.96,0.00,556828.92,3938930237.21,6514324120.00,0.00,0.00
1094.00,92600372,361694402,133,92600239,7,44,51,50652549,92601368,143253917,10,143254183,266,0,276,143253917,705713,0,705713,559586.65,0.00,559585.61,3938930237.21,6514324120.00,0.00,0.00
1096.00,93304869,360989905,133,93304736,7,44,51,50676227,93305830,143982057,10,143982323,266,0,276,143982057,728140,0,728140,562430.95,0.00,562429.91,3938930237.21,6514324120.00,0.00,0.00
1098.00,93636569,360658205,133,93636436,7,44,51,51009838,93637497,144647335,10,144647601,266,0,276,144647335,665278,0,665278,565029.69,0.00,565028.65,3938930237.21,6514324120.00,0.00,0.00
1100.00,94118809,360175965,133,94118676,7,44,51,51215451,94119739,145335190,10,145335456,266,0,276,145335190,687855,0,687855,567716.62,0.00,567715.59,3938930237.21,6514324120.00,0.00,0.00
1102.00,94536513,359758261,133,94536380,7,44,51,51479827,94537502,146017329,10,146017596,266,0,276,146017329,682140,0,682139,570381.23,0.00,570380.19,3938930237.21,6514324120.00,0.00,0.00
1104.00,94991121,359303653,133,94990988,7,44,51,51714321,94992075,146706396,10,146706662,266,0,276,146706396,689066,0,689067,573072.90,0.00,573071.86,3938930237.21,6514324120.00,0.00,0.00
1106.00,95497721,358797053,133,95497588,7,44,51,51906531,95498712,147405243,10,147405509,266,0,276,147405243,698847,0,698847,575802.77,0.00,575801.73,3938930237.21,6514324120.00,0.00,0.00
1108.00,95931697,358363077,133,95931564,7,44,51,52158186,95932714,148090900,10,148091166,266,0,276,148090900,685657,0,685657,578481.12,0.00,578480.08,3938930237.21,6514324120.00,0.00,0.00
1110.00,96450300,357844474,133,96450167,7,44,51,52337473,96451332,148788805,10,148789071,266,0,276,148788805,697905,0,697905,581207.31,0.00,581206.27,3938930237.21,6514324120.00,0.00,0.00
1112.00,97041813,357252961,133,97041680,7,44,51,52455393,97042781,149498174,10,149498440,266,0,276,149498174,709369,0,709369,583978.28,0.00,583977.24,3938930237.21,6514324120.00,0.00,0.00
1114.00,97554709,356740065,133,97554576,7,44,51,52635823,97555679,150191502,10,150191769,266,0,276,150191502,693329,0,693328,586686.60,0.00,586685.55,3938930237.21,6514324120.00,0.00,0.00
1116.00,98000347,356294427,133,98000214,7,44,51,52873694,98001349,150875043,10,150875309,266,0,276,150875043,683540,0,683541,589356.68,0.00,589355.64,3938930237.21,6514324120.00,0.00,0.00
1118.00,98632702,355662072,133,98632569,7,44,51,52951954,98633720,151585674,10,151585940,266,0,276,151585674,710631,0,710631,592132.58,0.00,592131.54,3938930237.21,6514324120.00,0.00,0.00
1120.00,99241655,355053119,133,99241522,7,44,51,53054444,99242658,152297102,10,152297368,266,0,276,152297102,711428,0,711428,594911.59,0.00,594910.55,3938930237.21,6514324120.00,0.00,0.00
1122.00,99627303,354667471,133,99627170,7,44,51,53342425,99628288,152970713,10,152970979,266,0,276,152970713,673611,0,673611,597542.89,0.00,597541.85,3938930237.21,6514324120.00,0.00,0.00
1124.00,100098536,354196237,133,100098403,7,44,51,53560968,100099543,153660511,10,153660777,266,0,276,153660511,689798,0,689798,600237.41,0.00,600236.37,3938930237.21,6514324120.00,0.00,0.00
1126.00,100435991,353858783,133,100435858,7,44,51,53892089,100437031,154329120,10,154329386,266,0,276,154329120,668609,0,668609,602849.16,0.00,602848.12,3938930237.21,6514324120.00,0.00,0.00
1128.00,100770037,353524737,133,100769904,7,44,51,54220921,100771037,154991958,10,154992224,266,0,276,154991958,662838,0,662838,605438.38,0.00,605437.34,3938930237.21,6514324120.00,0.00,0.00
1130.00,101087057,353207717,133,101086924,7,44,51,54556986,101088059,155645045,10,155645311,266,0,276,155645045,653087,0,653087,607989.50,0.00,607988.46,3938930237.21,6514324120.00,0.00,0.00
1132.00,101473850,352820924,133,101473717,7,44,51,54749496,101474857,156224353,10,156224619,266,0,276,156224353,579308,0,579308,610252.42,0.00,610251.38,3938930237.21,6514324120.00,0.00,0.00
1134.00,101728781,352565993,133,101728648,7,44,51,54803514,101729788,156533302,10,156533568,266,0,276,156533302,308949,0,308949,611459.25,0.00,611458.21,3938930237.21,6514324120.00,0.00,0.00
1136.00,101986646,352308128,133,101986513,7,44,51,55189151,101987709,157176860,10,157177126,266,0,276,157176860,643558,0,643558,613973.15,0.00,613972.11,3938930237.21,6514324120.00,0.00,0.00
1138.00,102021133,352273641,133,102021000,7,44,51,55774700,102022145,157796845,10,157797111,266,0,276,157796845,619985,0,619985,616394.96,0.00,616393.93,3938930237.21,6514324120.00,0.00,0.00
1140.00,102202675,352092098,133,102202542,7,44,51,56231227,102203737,158434964,10,158435230,266,0,276,158434964,638119,0,638119,618887.62,0.00,618886.58,3938930237.21,6514324120.00,0.00,0.00
1142.00,102696759,351598015,133,102696626,7,44,51,56427992,102697776,159125768,10,159126034,266,0,276,159125768,690804,0,690804,621586.07,0.00,621585.03,3938930237.21,6514324120.00,0.00,0.00
1144.00,103152570,351142204,133,103152437,7,44,51,56656260,103153588,159809848,10,159810114,266,0,276,159809848,684080,0,684080,624258.26,0.00,624257.22,3938930237.21,6514324120.00,0.00,0.00
1146.00,103413525,350881249,133,103413392,7,44,51,57048773,103414577,160463350,10,160463616,266,0,276,160463350,653502,0,653502,626811.00,0.00,626809.96,3938930237.21,6514324120.00,0.00,0.00
1148.00,103849919,350444855,133,103849786,7,44,51,57299451,103850968,161150419,10,161150685,266,0,276,161150419,687069,0,687069,629494.86,0.00,629493.82,3938930237.21,6514324120.00,0.00,0.00
1150.00,104222801,350071973,133,104222668,7,44,51,57597184,104223843,161821027,10,161821293,266,0,276,161821027,670608,0,670608,632114.43,0.00,632113.39,3938930237.21,6514324120.00,0.00,0.00
1152.00,104548306,349746468,133,104548173,7,44,51,57937514,104549348,162486862,10,162487128,266,0,276,162486862,665835,0,665835,634715.34,0.00,634714.30,3938930237.21,6514324120.00,0.00,0.00
1154.00,104996238,349298536,133,104996105,7,44,51,58173291,104997285,163170576,10,163170842,266,0,276,163170576,683714,0,683714,637386.10,0.00,637385.06,3938930237.21,6514324120.00,0.00,0.00
1156.00,105316941,348977833,134,105316807,7,44,51,58517919,105318017,163835936,10,163836202,266,0,276,163835936,665360,0,665360,639985.16,0.00,639984.12,3938930237.21,6514324120.00,0.00,0.00
1158.00,105877982,348416792,133,105877849,7,44,51,58660642,105879071,164539713,10,164539979,266,0,276,164539713,703777,0,703777,642734.29,0.00,642733.25,3938930237.21,6514324120.00,0.00,0.00
1160.00,106515193,347779581,133,106515060,7,44,51,58735186,106516240,165251426,10,165251692,266,0,276,165251426,711713,0,711713,645514.42,0.00,645513.38,3938930237.21,6514324120.00,0.00,0.00
1162.00,106686329,347608445,133,106686196,7,44,51,59213675,106687394,165901069,10,165901335,266,0,276,165901069,649643,0,649643,648052.09,0.00,648051.05,3938930237.21,6514324120.00,0.00,0.00
1164.00,107091581,347203193,133,107091448,7,44,51,59483378,107092643,166576021,10,166576287,266,0,276,166576021,674952,0,674952,650688.62,0.00,650687.58,3938930237.21,6514324120.00,0.00,0.00
1166.00,107476573,346818200,133,107476440,7,44,51,59772213,107477668,167249881,10,167250147,266,0,276,167249881,673860,0,673860,653320.89,0.00,653319.85,3938930237.21,6514324120.00,0.00,0.00
1168.00,107786767,346508007,133,107786634,7,44,51,60121654,107787833,167909487,10,167909753,266,0,276,167909487,659606,0,659606,655897.47,0.00,655896.43,3938930237.21,6514324120.00,0.00,0.00
1170.00,108168661,346126113,133,108168528,7,44,51,60410425,108169730,168580155,10,168580421,266,0,276,168580155,670668,0,670668,658517.27,0.00,658516.23,3938930237.21,6514324120.00,0.00,0.00
1172.00,108551026,345743748,133,108550893,7,44,51,60701247,108552147,169253394,10,169253660,266,0,276,169253394,673239,0,673239,661147.11,0.00,661146.07,3938930237.21,6514324120.00,0.00,0.00
1174.00,108954233,345340541,133,108954100,7,44,51,60972993,108955323,169928316,10,169928582,266,0,276,169928316,674922,0,674922,663783.52,0.00,663782.48,3938930237.21,6514324120.00,0.00,0.00
1176.00,109308857,344985917,133,109308724,7,44,51,61284245,109309952,170594197,10,170594463,266,0,276,170594197,665881,0,665881,666384.62,0.00,666383.58,3938930237.21,6514324120.00,0.00,0.00
1178.00,109366953,344927821,133,109366820,7,44,51,61853804,109368048,171221852,10,171222118,266,0,276,171221852,627655,0,627655,668836.40,0.00,668835.36,3938930237.21,6514324120.00,0.00,0.00
1180.00,109601813,344692961,133,109601680,7,44,51,62273104,109602914,171876018,10,171876284,266,0,276,171876018,654166,0,654166,671391.73,0.00,671390.70,3938930237.21,6514324120.00,0.00,0.00
1182.00,109981358,344313416,133,109981225,7,44,51,62570091,109982522,172552613,10,172552879,266,0,276,172552613,676595,0,676595,674034.68,0.00,674033.64,3938930237.21,6514324120.00,0.00,0.00
1184.00,110378041,343916733,133,110377908,7,44,51,62849032,110379174,173228206,10,173228472,266,0,276,173228206,675593,0,675593,676673.72,0.00,676672.68,3938930237.21,6514324120.00,0.00,0.00
1186.00,110826274,343468500,133,110826141,7,44,51,63085318,110827472,173912790,10,173913056,266,0,276,173912790,684584,0,684584,679347.88,0.00,679346.84,3938930237.21,6514324120.00,0.00,0.00
1188.00,111480573,342814201,133,111480440,7,44,51,63150896,111481770,174632666,10,174632932,266,0,276,174632666,719876,0,719876,682159.89,0.00,682158.85,3938930237.21,6514324120.00,0.00,0.00
1190.00,111695373,342599401,133,111695240,7,44,51,63582437,111696524,175278961,10,175279227,266,0,276,175278961,646295,0,646295,684684.48,0.00,684683.44,3938930237.21,6514324120.00,0.00,0.00
1192.00,111925263,342369511,133,111925130,7,44,51,63998799,111926467,175925266,10,175925532,266,0,276,175925266,646305,0,646305,687209.11,0.00,687208.07,3940050350.48,6515480365.00,1120113.27,1156245.00
1194.00,112189113,342105661,133,112188980,7,44,51,64380194,112190281,176570475,10,176570741,266,0,276,176570475,645209,0,645209,689729.46,0.00,689728.42,3940050350.48,6515480365.00,0.00,0.00
1196.00,112428449,341866325,133,112428316,7,44,51,64787493,112429617,177217110,10,177217376,266,0,276,177217110,646635,0,646635,692255.38,0.00,692254.34,3940050350.48,6515480365.00,0.00,0.00
1198.00,112745433,341549341,133,112745300,7,44,51,65128602,112746601,177875203,10,177875469,266,0,276,177875203,658093,0,658093,694826.05,0.00,694825.01,3940050350.48,6515480365.00,0.00,0.00
1200.00,113305748,340989026,133,113305615,7,44,51,65270503,113306967,178577470,10,178577736,266,0,276,178577470,702267,0,702267,697569.28,0.00,697568.24,3940050350.48,6515480365.00,0.00,0.00
1202.00,113800310,340494464,133,113800177,7,44,51,65473758,113801539,179275297,10,179275563,266,0,276,179275297,697827,0,697827,700295.17,0.00,700294.13,3940050350.48,6515480365.00,0.00,0.00
1204.00,113912645,340382129,133,113912512,7,44,51,66003615,113913859,179917474,10,179917740,266,0,276,179917474,642177,0,642177,702803.67,0.00,702802.63,3940050350.48,6515480365.00,0.00,0.00
1206.00,113964181,340330593,133,113964048,7,44,51,66593669,113965395,180559064,10,180559330,266,0,276,180559064,641590,0,641590,705309.88,0.00,705308.84,3940050350.48,6515480365.00,0.00,0.00
1208.00,114251209,340043565,133,114251076,7,44,51,66976216,114252440,181228656,10,181228922,266,0,276,181228656,669592,0,669592,707925.48,0.00,707924.44,3940050350.48,6515480365.00,0.00,0.00
1210.00,114828712,339466062,133,114828579,7,44,51,67105585,114829984,181935569,10,181935835,266,0,276,181935569,706913,0,706913,710686.86,0.00,710685.82,3940050350.48,6515480365.00,0.00,0.00
1212.00,115356439,338938335,133,115356306,7,44,51,67273421,115357677,182631098,10,182631364,266,0,276,182631098,695529,0,695529,713403.77,0.00,713402.73,3940050350.48,6515480365.00,0.00,0.00
1214.00,115703813,338590961,133,115703680,7,44,51,67594003,115705056,183299059,10,183299325,266,0,276,183299059,667961,0,667961,716012.99,0.00,716011.95,3940050350.48,6515480365.00,0.00,0.00
1216.00,115722013,338572761,133,115721880,7,44,51,68198476,115723256,183921732,10,183921998,266,0,276,183921732,622673,0,622673,718445.30,0.00,718444.27,3940050350.48,6515480365.00,0.00,0.00
1218.00,115728635,338566139,133,115728502,7,44,51,68813704,115729899,184543603,10,184543869,266,0,276,184543603,621871,0,621871,720874.49,0.00,720873.45,3940050350.48,6515480365.00,0.00,0.00
1220.00,115754793,338539981,133,115754660,7,44,51,69414273,115756036,185170309,10,185170575,266,0,276,185170309,626706,0,626706,723322.56,0.00,723321.52,3940050350.48,6515480365.00,0.00,0.00
1222.00,115923621,338371153,133,115923488,7,44,51,69890248,115924889,185815137,10,185815403,266,0,276,185815137,644828,0,644828,725841.42,0.00,725840.38,3940050350.48,6515480365.00,0.00,0.00
1224.00,116361347,337933427,133,116361214,7,44,51,70134165,116362600,186496765,10,186497031,266,0,276,186496765,681628,0,681628,728504.03,0.00,728502.99,3940050350.48,6515480365.00,0.00,0.00
1226.00,116823171,337471602,134,116823037,7,44,51,70354566,116824489,187179055,10,187179321,266,0,276,187179055,682290,0,682290,731169.22,0.00,731168.18,3940050350.48,6515480365.00,0.00,0.00
1228.01,117477508,336817265,133,117477375,7,44,51,70412659,117478818,187891477,10,187891743,266,0,276,187891477,712422,0,712422,733952.12,0.00,733951.08,3940050350.48,6515480365.00,0.00,0.00
1230.01,117859109,336435665,133,117858976,7,44,51,70700677,117860393,188561070,10,188561336,266,0,276,188561070,669593,0,669593,736567.72,0.00,736566.68,3940050350.48,6515480365.00,0.00,0.00
1232.01,118133239,336161535,133,118133106,7,44,51,71082201,118134517,189216718,10,189216984,266,0,276,189216718,655648,0,655648,739128.84,0.00,739127.80,3940050350.48,6515480365.00,0.00,0.00
1234.01,118654579,335640195,133,118654446,7,44,51,71259309,118655897,189915206,10,189915472,266,0,276,189915206,698488,0,698488,741857.31,0.00,741856.27,3940050350.48,6515480365.00,0.00,0.00
1236.01,119342945,334951829,133,119342812,7,44,51,71295875,119344269,190640144,10,190640410,266,0,276,190640144,724938,0,724938,744689.10,0.00,744688.06,3940050350.48,6515480365.00,0.00,0.00
1238.01,119813409,334481365,133,119813276,7,44,51,71510766,119814700,191325466,10,191325733,266,0,276,191325466,685323,0,685322,747366.14,0.00,747365.10,3940050350.48,6515480365.00,0.00,0.00
1240.01,120180010,334114764,133,120179877,7,44,51,71811294,120181343,191992637,10,191992903,266,0,276,191992637,667170,0,667171,749972.28,0.00,749971.24,3940050350.48,6515480365.00,0.00,0.00
1242.01,120467391,333827383,133,120467258,7,44,51,72182219,120468689,192650908,10,192651174,266,0,276,192650908,658271,0,658271,752543.65,0.00,752542.61,3940050350.48,6515480365.00,0.00,0.00
1244.01,120724702,333570072,133,120724569,7,44,51,72579295,120726047,193305342,10,193305608,266,0,276,193305342,654434,0,654434,755100.03,0.00,755098.99,3940050350.48,6515480365.00,0.00,0.00
1246.01,120992197,333302577,133,120992064,7,44,51,72970263,120993498,193963761,10,193964027,266,0,276,193963761,658419,0,658419,757671.98,0.00,757670.94,3940050350.48,6515480365.00,0.00,0.00
1248.01,120993013,333301761,133,120992880,7,44,51,73600969,120994357,194595326,10,194595592,266,0,276,194595326,631565,0,631565,760139.03,0.00,760137.99,3940050350.48,6515480365.00,0.00,0.00
1250.01,121358193,332936581,133,121358060,7,44,51,73918623,121359609,195278232,10,195278498,266,0,276,195278232,682906,0,682906,762806.63,0.00,762805.59,3940050350.48,6515480365.00,0.00,0.00
1252.01,121676693,332618081,133,121676560,7,44,51,74274047,121678056,195952103,10,195952369,266,0,276,195952103,673871,0,673871,765438.94,0.00,765437.90,3940050350.48,6515480365.00,0.00,0.00
1254.01,121998383,332296391,133,121998250,7,44,51,74623345,121999765,196623110,10,196623376,266,0,276,196623110,671007,0,671007,768060.06,0.00,768059.02,3940050350.48,6515480365.00,0.00,0.00
1256.01,122351558,331943216,133,122351425,7,44,51,74946126,122352990,197299116,10,197299382,266,0,276,197299116,676006,0,676006,770700.71,0.00,770699.67,3940050350.48,6515480365.00,0.00,0.00
1258.01,122641069,331653705,133,122640936,7,44,51,75323130,122642446,197965576,10,197965842,266,0,276,197965576,666460,0,666460,773304.07,0.00,773303.03,3940050350.48,6515480365.00,0.00,0.00
1260.01,123035061,331259713,133,123034928,7,44,51,75610520,123036440,198646960,10,198647226,266,0,276,198646960,681384,0,681384,775965.73,0.00,775964.69,3940050350.48,6515480365.00,0.00,0.00
1262.01,123484963,330809811,133,123484830,7,44,51,75847170,123486371,199333541,10,199333807,266,0,276,199333541,686581,0,686581,778647.68,0.00,778646.64,3940050350.48,6515480365.00,0.00,0.00
1264.01,123877079,330417695,133,123876946,7,44,51,76127521,123878465,200005986,10,200006252,266,0,276,200005986,672445,0,672445,781274.42,0.00,781273.38,3940050350.48,6515480365.00,0.00,0.00
1266.01,124181017,330113757,133,124180884,7,44,51,76488658,124182422,200671080,10,200671347,266,0,276,200671080,665095,0,665094,783872.45,0.00,783871.41,3940050350.48,6515480365.00,0.00,0.00
1268.01,124451059,329843715,133,124450926,7,44,51,76873159,124452472,201325631,10,201325897,266,0,276,201325631,654550,0,654551,786429.29,0.00,786428.25,3940050350.48,6515480365.00,0.00,0.00
1270.01,124758563,329536210,133,124758430,7,44,51,77225670,124759988,201985658,10,201985924,266,0,276,201985658,660027,0,660027,789007.52,0.00,789006.48,3940050350.48,6515480365.00,0.00,0.00
1272.01,124992713,329302061,133,124992580,7,44,51,77647959,124994136,202642095,10,202642361,266,0,276,202642095,656437,0,656437,791571.72,0.00,791570.68,3940050350.48,6515480365.00,0.00,0.00
1274.01,125124808,329169966,133,125124675,7,44,51,78155091,125126242,203281333,10,203281599,266,0,276,203281333,639238,0,639238,794068.75,0.00,794067.71,3940050350.48,6515480365.00,0.00,0.00
1276.01,125392161,328902613,133,125392028,7,44,51,78538683,125393637,203932320,10,203932586,266,0,276,203932320,650987,0,650987,796611.66,0.00,796610.62,3940050350.48,6515480365.00,0.00,0.00
1278.01,126008283,328286491,133,126008150,7,44,51,78631299,126009762,204641061,10,204641327,266,0,276,204641061,708741,0,708741,799380.18,0.00,799379.14,3940050350.48,6515480365.00,0.00,0.00
1280.01,126702209,327592565,133,126702076,7,44,51,78657048,126703653,205360701,10,205360967,266,0,276,205360701,719640,0,719640,802191.28,0.00,802190.24,3940050350.48,6515480365.00,0.00,0.00
1282.01,126712501,327582273,133,126712368,7,44,51,79250138,126713954,205964092,10,205964358,266,0,276,205964092,603391,0,603391,804548.27,0.00,804547.23,3940050350.48,6515480365.00,0.00,0.00
1284.01,126720045,327574729,133,126719912,7,44,51,79847269,126721498,206568767,10,206569033,266,0,276,206568767,604675,0,604675,806910.29,0.00,806909.25,3940050350.48,6515480365.00,0.00,0.00
1286.01,126733989,327560785,133,126733856,7,44,51,80435221,126735442,207170663,10,207170929,266,0,276,207170663,601896,0,601896,809261.44,0.00,809260.40,3940050350.48,6515480365.00,0.00,0.00
1288.01,126973049,327321725,133,126972916,7,44,51,80836887,126974506,207811393,10,207811659,266,0,276,207811393,640730,0,640730,811764.29,0.00,811763.25,3940050350.48,6515480365.00,0.00,0.00
1290.01,126980865,327313909,133,126980732,7,44,51,81435644,126982322,208417966,10,208418232,266,0,276,208417966,606573,0,606573,814133.72,0.00,814132.68,3940050350.48,6515480365.00,0.00,0.00
1292.01,127310086,326984688,133,127309953,7,44,51,81772166,127311575,209083741,10,209084007,266,0,276,209083741,665775,0,665775,816734.40,0.00,816733.36,3940050350.48,6515480365.00,0.00,0.00
1294.01,127532513,326762261,133,127532380,7,44,51,82190115,127533978,209724093,10,209724359,266,0,276,209724093,640352,0,640352,819235.78,0.00,819234.74,3940050350.48,6515480365.00,0.00,0.00
1296.01,127731427,326563347,133,127731294,7,44,51,82637950,127732903,210370853,10,210371119,266,0,276,210370853,646760,0,646760,821762.18,0.00,821761.14,3940050350.48,6515480365.00,0.00,0.00
1298.01,128005193,326289581,133,128005060,7,44,51,83022286,128006712,211028998,10,211029264,266,0,276,211028998,658145,0,658145,824333.06,0.00,824332.02,3940050350.48,6515480365.00,0.00,0.00
1300.01,128294371,326000403,133,128294238,7,44,51,83383853,128295928,211679781,10,211680047,266,0,276,211679781,650783,0,650783,826875.18,0.00,826874.14,3940050350.48,6515480365.00,0.00,0.00
1302.01,128585897,325708877,133,128585764,7,44,51,83750912,128587397,212338309,10,212338575,266,0,276,212338309,658528,0,658528,829447.56,0.00,829446.52,3940050350.48,6515480365.00,0.00,0.00
1304.01,128866714,325428059,133,128866581,7,44,51,84134443,128868274,213002717,10,213002983,266,0,276,213002717,664408,0,664408,832042.90,0.00,832041.86,3940050350.48,6515480365.00,0.00,0.00
1306.01,129167148,325127626,133,129167015,7,44,51,84495154,129168701,213663855,10,213664121,266,0,276,213663855,661138,0,661138,834625.47,0.00,834624.43,3940050350.48,6515480365.00,0.00,0.00
1308.01,129350225,324944549,133,129350092,7,44,51,84961050,129351730,214312780,10,214313046,266,0,276,214312780,648925,0,648925,837160.34,0.00,837159.30,3940050350.48,6515480365.00,0.00,0.00
1310.01,129576800,324717973,133,129576667,7,44,51,85381394,129578362,214959756,10,214960022,266,0,276,214959756,646976,0,646976,839687.59,0.00,839686.55,3940050350.48,6515480365.00,0.00,0.00
1312.01,130027409,324267365,133,130027276,7,44,51,85618691,130028934,215647625,10,215647891,266,0,276,215647625,687869,0,687869,842374.57,0.00,842373.54,3940050350.48,6515480365.00,0.00,0.00
1314.01,130028742,324266032,133,130028609,7,44,51,86239301,130030268,216269569,10,216269835,266,0,276,216269569,621944,0,621944,844804.04,0.00,844803.00,3940050350.48,6515480365.00,0.00,0.00
1316.01,130244202,324050572,133,130244069,7,44,51,86676412,130245777,216922189,10,216922455,266,0,276,216922189,652620,0,652620,847353.34,0.00,847352.30,3940050350.48,6515480365.00,0.00,0.00
1318.01,130509013,323785761,133,130508880,7,44,51,87071965,130510561,217582526,10,217582792,266,0,276,217582526,660337,0,660337,849932.78,0.00,849931.74,3940050350.48,6515480365.00,0.00,0.00
1320.01,130944278,323350496,133,130944145,7,44,51,87318192,130945829,218264021,10,218264288,266,0,276,218264021,681496,0,681495,852594.88,0.00,852593.83,3940050350.48,6515480365.00,0.00,0.00
1322.01,131102877,323191897,133,131102744,7,44,51,87803443,131104430,218907873,10,218908139,266,0,276,218907873,643851,0,643852,855109.92,0.00,855108.88,3940050350.48,6515480365.00,0.00,0.00
1324.01,131551684,322743090,133,131551551,7,44,51,88044130,131553247,219597377,10,219597643,266,0,276,219597377,689504,0,689504,857803.29,0.00,857802.25,3940050350.48,6515480365.00,0.00,0.00
1326.01,131673105,322621669,133,131672972,7,44,51,88560258,131674670,220234928,10,220235194,266,0,276,220234928,637551,0,637551,860293.73,0.00,860292.69,3940050350.48,6515480365.00,0.00,0.00
1328.01,132118850,322175924,133,132118717,7,44,51,88798136,132120462,220918598,10,220918864,266,0,276,220918598,683670,0,683670,862964.31,0.00,862963.27,3940050350.48,6515480365.00,0.00,0.00
1330.01,132537002,321757772,133,132536869,7,44,51,89066920,132538618,221605538,10,221605804,266,0,276,221605538,686940,0,686940,865647.67,0.00,865646.63,3940050350.48,6515480365.00,0.00,0.00
1332.01,133009956,321284818,133,133009823,7,44,51,89286753,133011601,222298354,10,222298620,266,0,276,222298354,692816,0,692816,868353.98,0.00,868352.95,3940050350.48,6515480365.00,0.00,0.00
1334.01,133680279,320614495,133,133680146,7,44,51,89336904,133681929,223018833,10,223019100,266,0,276,223018834,720480,0,720480,871168.36,0.00,871167.32,3940050350.48,6515480365.00,0.00,0.00
1336.01,134019701,320275073,133,134019568,7,44,51,89663970,134021312,223685282,10,223685548,266,0,276,223685282,666448,0,666448,873771.67,0.00,873770.63,3940050350.48,6515480365.00,0.00,0.00
1338.01,134336868,319957906,133,134336735,7,44,51,90008868,134338512,224347380,10,224347646,266,0,276,224347380,662098,0,662098,876357.99,0.00,876356.95,3940050350.48,6515480365.00,0.00,0.00
1340.01,134525146,319769628,133,134525013,7,44,51,90463805,134526784,224990589,10,224990855,266,0,276,224990589,643209,0,643209,878870.53,0.00,878869.49,3940050350.48,6515480365.00,0.00,0.00
1342.01,134843137,319451637,133,134843004,7,44,51,90809913,134844779,225654692,10,225654958,266,0,276,225654692,664103,0,664103,881464.68,0.00,881463.64,3940050350.48,6515480365.00,0.00,0.00
1344.01,135337975,318956799,133,135337842,7,44,51,91006050,135339675,226345725,10,226345991,266,0,276,226345725,691033,0,691033,884164.03,0.00,884162.99,3940050350.48,6515480365.00,0.00,0.00
1346.01,135843669,318451105,133,135843536,7,44,51,91194492,135845324,227039816,10,227040082,266,0,276,227039816,694091,0,694091,886875.32,0.00,886874.28,3940050350.48,6515480365.00,0.00,0.00
1348.01,136209789,318084985,133,136209656,7,44,51,91493992,136211448,227705440,10,227705706,266,0,276,227705440,665624,0,665624,889475.41,0.00,889474.38,3940050350.48,6515480365.00,0.00,0.00
1350.01,136576453,317718321,133,136576320,7,44,51,91792752,136578112,228370864,10,228371130,266,0,276,228370864,665424,0,665424,892074.73,0.00,892073.69,3940050350.48,6515480365.00,0.00,0.00
1352.01,136833969,317460805,134,136833835,7,44,51,92186625,136835684,229022309,10,229022575,266,0,276,229022309,651445,0,651445,894619.43,0.00,894618.39,3940050350.48,6515480365.00,0.00,0.00
1354.01,137137974,317156800,133,137137841,7,44,51,92542353,137139649,229682002,10,229682268,266,0,276,229682002,659693,0,659693,897196.36,0.00,897195.32,3940050350.48,6515480365.00,0.00,0.00
1356.01,137374290,316920484,133,137374157,7,44,51,92957861,137375981,230333842,10,230334108,266,0,276,230333842,651840,0,651840,899742.61,0.00,899741.57,3940050350.48,6515480365.00,0.00,0.00
1358.01,137499657,316795117,133,137499524,7,44,51,93473905,137501348,230975253,10,230975520,266,0,276,230975253,641412,0,641411,902248.12,0.00,902247.08,3940050350.48,6515480365.00,0.00,0.00
1360.01,137786011,316508763,133,137785878,7,44,51,93852998,137787754,231640752,10,231641018,266,0,276,231640752,665498,0,665499,904847.73,0.00,904846.69,3940050350.48,6515480365.00,0.00,0.00
1362.01,138169981,316124793,133,138169848,7,44,51,94150180,138171695,232321875,10,232322141,266,0,276,232321875,681123,0,681123,907508.36,0.00,907507.32,3940050350.48,6515480365.00,0.00,0.00
1364.01,138400701,315894073,133,138400568,7,44,51,94575716,138402428,232978144,10,232978410,266,0,276,232978144,656269,0,656269,910071.91,0.00,910070.88,3940050350.48,6515480365.00,0.00,0.00
1366.01,138549209,315745565,133,138549076,7,44,51,95075011,138550943,233625954,10,233626220,266,0,276,233625954,647810,0,647810,912602.42,0.00,912601.38,3940050350.48,6515480365.00,0.00,0.00
1368.01,138854298,315440475,133,138854165,7,44,51,95436649,138856046,234292695,10,234292961,266,0,276,234292695,666741,0,666741,915206.88,0.00,915205.84,3940050350.48,6515480365.00,0.00,0.00
1370.01,138875713,315419061,133,138875580,7,44,51,96052417,138877461,234929878,10,234930144,266,0,276,234929878,637183,0,637183,917695.88,0.00,917694.84,3940050350.48,6515480365.00,0.00,0.00
1372.01,138991885,315302889,133,138991752,7,44,51,96584771,138993633,235578404,10,235578670,266,0,276,235578404,648526,0,648526,920229.18,0.00,920228.14,3940050350.48,6515480365.00,0.00,0.00
1374.01,139258076,315036698,133,139257943,7,44,51,96982013,139259840,236241853,10,236242119,266,0,276,236241853,663449,0,663449,922820.78,0.00,922819.74,3940050350.48,6515480365.00,0.00,0.00
1376.01,139446051,314848723,133,139445918,7,44,51,97446084,139447823,236893907,10,236894173,266,0,276,236893907,652054,0,652054,925367.86,0.00,925366.82,3940050350.48,6515480365.00,0.00,0.00
1378.01,139699879,314594895,133,139699746,7,44,51,97858017,139701659,237559676,10,237559942,266,0,276,237559676,665769,0,665769,927968.52,0.00,927967.48,3940050350.48,6515480365.00,0.00,0.00
1380.01,139980014,314314760,133,139979881,7,44,51,98243428,139981857,238225285,10,238225551,266,0,276,238225285,665609,0,665609,930568.56,0.00,930567.52,3940050350.48,6515480365.00,0.00,0.00
1382.01,140103433,314191341,133,140103300,7,44,51,98755335,140105220,238860555,10,238860821,266,0,276,238860555,635270,0,635270,933050.08,0.00,933049.04,3940050350.48,6515480365.00,0.00,0.00
1384.01,140264311,314030463,133,140264178,7,44,51,99234314,140266163,239500477,10,239500743,266,0,276,239500477,639922,0,639922,935549.78,0.00,935548.74,3940050350.48,6515480365.00,0.00,0.00
1386.01,140456911,313837863,133,140456778,7,44,51,99692310,140458782,240151092,10,240151358,266,0,276,240151092,650615,0,650615,938091.24,0.00,938090.20,3940050350.48,6515480365.00,0.00,0.00
1388.01,141145451,313149323,133,141145318,7,44,51,99728218,141147299,240875517,10,240875783,266,0,276,240875517,724425,0,724425,940921.03,0.00,940919.99,3940050350.48,6515480365.00,0.00,0.00
1390.01,141836079,312458695,133,141835946,7,44,51,99762516,141837950,241600466,10,241600732,266,0,276,241600466,724949,0,724949,943752.86,0.00,943751.82,3940050350.48,6515480365.00,0.00,0.00
1392.01,142541779,311752995,133,142541646,7,44,51,99787680,142543672,242331352,10,242331618,266,0,276,242331352,730886,0,730886,946607.88,0.00,946606.84,3940050350.48,6515480365.00,0.00,0.00
1394.01,142790469,311504305,133,142790336,7,44,51,100199811,142792319,242992130,10,242992396,266,0,276,242992130,660778,0,660778,949189.05,0.00,949188.01,3940050350.48,6515480365.00,0.00,0.00
1396.01,142981865,311312909,133,142981732,7,44,51,100661209,142983727,243644936,10,243645202,266,0,276,243644936,652806,0,652806,951739.07,0.00,951738.03,3940050350.48,6515480365.00,0.00,0.00
1398.01,143166182,311128592,133,143166049,7,44,51,101129611,143168071,244297682,10,244297948,266,0,276,244297682,652746,0,652746,954288.86,0.00,954287.82,3940050350.48,6515480365.00,0.00,0.00
1400.01,143338525,310956249,133,143338392,7,44,51,101604030,143340389,244944419,10,244944685,266,0,276,244944419,646737,0,646737,956815.18,0.00,956814.14,3940050350.48,6515480365.00,0.00,0.00
1402.01,143407857,310886917,133,143407724,7,44,51,102166558,143409726,245576284,10,245576550,266,0,276,245576284,631865,0,631865,959283.40,0.00,959282.36,3940050350.48,6515480365.00,0.00,0.00
1404.01,143764657,310530117,133,143764524,7,44,51,102485310,143766528,246251838,10,246252104,266,0,276,246251838,675554,0,675554,961922.28,0.00,961921.24,3940050350.48,6515480365.00,0.00,0.00
1406.01,143918141,310376633,133,143918008,7,44,51,102971581,143920013,246891594,10,246891860,266,0,276,246891594,639756,0,639756,964421.33,0.00,964420.29,3940050350.48,6515480365.00,0.00,0.00
1408.01,144094594,310200180,133,144094461,7,44,51,103438344,144096469,247534813,10,247535079,266,0,276,247534813,643219,0,643219,966933.90,0.00,966932.86,3940050350.48,6515480365.00,0.00,0.00
1410.01,144228309,310066465,133,144228176,7,44,51,103944530,144230190,248174720,10,248174986,266,0,276,248174720,639907,0,639907,969433.54,0.00,969432.50,3940050350.48,6515480365.00,0.00,0.00
1412.01,144266949,310027825,133,144266816,7,44,51,104532153,144268837,248800990,10,248801256,266,0,276,248800990,626270,0,626270,971879.91,0.00,971878.87,3940050350.48,6515480365.00,0.00,0.00
1414.01,144449215,309845559,133,144449082,7,44,51,104992591,144451114,249443705,10,249443971,266,0,276,249443705,642715,0,642715,974390.51,0.00,974389.47,3940050350.48,6515480365.00,0.00,0.00
1416.01,144699411,309595363,133,144699278,7,44,51,105396987,144701318,250098305,10,250098571,266,0,276,250098305,654600,0,654600,976947.54,0.00,976946.50,3940050350.48,6515480365.00,0.00,0.00
1418.01,144903145,309391629,133,144903012,7,44,51,105839938,144905052,250744990,10,250745256,266,0,276,250744990,646685,0,646685,979473.66,0.00,979472.62,3940050350.48,6515480365.00,0.00,0.00
1420.01,145016467,309278307,133,145016334,7,44,51,106366447,145018375,251384822,10,251385088,266,0,276,251384822,639832,0,639832,981973.00,0.00,981971.96,3940050350.48,6515480365.00,0.00,0.00
1422.01,145232489,309062285,133,145232356,7,44,51,106800106,145234409,252034515,10,252034781,266,0,276,252034515,649693,0,649693,984510.86,0.00,984509.82,3940050350.48,6515480365.00,0.00,0.00
1424.01,145388536,308906238,133,145388403,7,44,51,107281907,145390506,252672413,10,252672679,266,0,276,252672413,637898,0,637898,987002.65,0.00,987001.61,3940050350.48,6515480365.00,0.00,0.00
1426.01,145547731,308747043,133,145547598,7,44,51,107764503,145549678,253314181,10,253314447,266,0,276,253314181,641768,0,641768,989509.56,0.00,989508.52,3940050350.48,6515480365.00,0.00,0.00
1428.01,145657903,308636871,133,145657770,7,44,51,108294723,145659882,253954605,10,253954871,266,0,276,253954605,640424,0,640424,992011.21,0.00,992010.18,3940050350.48,6515480365.00,0.00,0.00
1430.01,145867945,308426829,133,145867812,7,44,51,108740972,145869893,254610865,10,254611131,266,0,276,254610865,656260,0,656260,994574.73,0.00,994573.69,3940050350.48,6515480365.00,0.00,0.00
1432.01,146249531,308045243,133,146249398,7,44,51,109029444,146251525,255280969,10,255281235,266,0,276,255280969,670104,0,670104,997192.32,0.00,997191.29,3940050350.48,6515480365.00,0.00,0.00
1434.01,146595409,307699365,133,146595276,7,44,51,109343387,146597375,255940762,10,255941028,266,0,276,255940762,659793,0,659793,999769.64,0.00,999768.60,3940050350.48,6515480365.00,0.00,0.00
1436.01,146917723,307377049,133,146917590,7,44,51,109677589,146919735,256597324,10,256597590,266,0,276,256597324,656562,0,656562,1002334.34,0.00,1002333.30,3940050350.48,6515480365.00,0.00,0.00
1438.01,147233218,307061556,133,147233085,7,44,51,110017022,147235220,257252242,10,257252508,266,0,276,257252242,654918,0,654918,1004892.61,0.00,1004891.57,3940050350.48,6515480365.00,0.00,0.00
1440.01,147486005,306808769,133,147485872,7,44,51,110410113,147487984,257898097,10,257898364,266,0,276,257898097,645856,0,645855,1007415.48,0.00,1007414.44,3940050350.48,6515480365.00,0.00,0.00
1442.01,147794033,306500741,133,147793900,7,44,51,110763775,147796015,258559790,10,258560056,266,0,276,258559790,661692,0,661693,1010000.22,0.00,1009999.18,3940050350.48,6515480365.00,0.00,0.00
1444.01,148270015,306024759,133,148269882,7,44,51,110972427,148272103,259244530,10,259244796,266,0,276,259244530,684740,0,684740,1012674.98,0.00,1012673.95,3940050350.48,6515480365.00,0.00,0.00
1446.01,148936870,305357904,133,148936737,7,44,51,111024779,148938930,259963709,10,259963975,266,0,276,259963709,719179,0,719179,1015484.28,0.00,1015483.24,3940050350.48,6515480365.00,0.00,0.00
1448.01,149209607,305085167,133,149209474,7,44,51,111411769,149211623,260623392,10,260623658,266,0,276,260623392,659683,0,659683,1018061.16,0.00,1018060.12,3940050350.48,6515480365.00,0.00,0.00
1450.01,149466195,304828579,133,149466062,7,44,51,111819281,149468218,261287499,10,261287765,266,0,276,261287499,664107,0,664107,1020655.33,0.00,1020654.29,3940050350.48,6515480365.00,0.00,0.00
1452.01,149763954,304530820,133,149763821,7,44,51,112192214,149766102,261958316,10,261958582,266,0,276,261958316,670817,0,670817,1023275.71,0.00,1023274.67,3940050350.48,6515480365.00,0.00,0.00
1454.01,150102694,304192080,133,150102561,7,44,51,112528265,150104827,262633092,10,262633359,266,0,276,262633092,674777,0,674776,1025911.56,0.00,1025910.52,3940050350.48,6515480365.00,0.00,0.00
1456.01,150391028,303903746,133,150390895,7,44,51,112909981,150393183,263303164,10,263303430,266,0,276,263303164,670071,0,670072,1028529.02,0.00,1028527.98,3940050350.48,6515480365.00,0.00,0.00
1458.01,150698914,303595860,133,150698781,7,44,51,113270469,150701029,263971498,10,263971764,266,0,276,263971498,668334,0,668334,1031139.70,0.00,1031138.66,3940050350.48,6515480365.00,0.00,0.00
1460.01,150913898,303380876,133,150913765,7,44,51,113699947,150916048,264615995,10,264616261,266,0,276,264615995,644497,0,644497,1033657.27,0.00,1033656.23,3940050350.48,6515480365.00,0.00,0.00
1462.01,151235816,303058958,133,151235683,7,44,51,114042241,151237965,265280206,10,265280472,266,0,276,265280206,664211,0,664211,1036251.84,0.00,1036250.80,3940050350.48,6515480365.00,0.00,0.00
1464.01,151576795,302717979,133,151576662,7,44,51,114366549,151579014,265945563,10,265945829,266,0,276,265945563,665357,0,665357,1038850.89,0.00,1038849.86,3940050350.48,6515480365.00,0.00,0.00
1466.01,152024613,302270161,133,152024480,7,44,51,114601070,152026760,266627830,10,266628096,266,0,276,266627830,682267,0,682267,1041516.00,0.00,1041514.96,3940050350.48,6515480365.00,0.00,0.00
1468.01,152149109,302145665,133,152148976,7,44,51,115108897,152151261,267260158,10,267260424,266,0,276,267260158,632328,0,632328,1043986.03,0.00,1043984.99,3940050350.48,6515480365.00,0.00,0.00
1470.01,152204973,302089801,133,152204840,7,44,51,115678200,152207125,267885325,10,267885591,266,0,276,267885325,625167,0,625167,1046428.09,0.00,1046427.05,3940050350.48,6515480365.00,0.00,0.00
1472.01,152243389,302051385,133,152243256,7,44,51,116266847,152245544,268512391,10,268512658,266,0,276,268512391,627067,0,627066,1048877.57,0.00,1048876.53,3940050350.48,6515480365.00,0.00,0.00
1474.01,152440634,301854140,133,152440501,7,44,51,116716908,152442835,269159743,10,269160009,266,0,276,269159743,647351,0,647352,1051406.29,0.00,1051405.25,3940050350.48,6515480365.00,0.00,0.00
1476.01,152726850,301567924,133,152726717,7,44,51,117081488,152729077,269810565,10,269810831,266,0,276,269810565,650822,0,650822,1053948.56,0.00,1053947.52,3940050350.48,6515480365.00,0.00,0.00
1478.01,152811893,301482881,133,152811760,7,44,51,117620216,152814080,270434296,10,270434562,266,0,276,270434296,623731,0,623731,1056385.01,0.00,1056383.97,3940050350.48,6515480365.00,0.00,0.00
1480.01,152927685,301367089,133,152927552,7,44,51,118133180,152929877,271063057,10,271063323,266,0,276,271063057,628761,0,628761,1058841.11,0.00,1058840.07,3940050350.48,6515480365.00,0.00,0.00
1482.01,153248301,301046473,133,153248168,7,44,51,118467052,153250499,271717551,10,271717817,266,0,276,271717551,654494,0,654494,1061397.72,0.00,1061396.68,3940050350.48,6515480365.00,0.00,0.00
1484.01,153538409,300756365,133,153538276,7,44,51,118836461,153540610,272377071,10,272377338,266,0,276,272377071,659521,0,659520,1063973.98,0.00,1063972.93,3940050350.48,6515480365.00,0.00,0.00
1486.01,153919136,300375638,133,153919003,7,44,51,119128682,153921363,273050045,10,273050311,266,0,276,273050045,672973,0,672974,1066602.78,0.00,1066601.74,3940050350.48,6515480365.00,0.00,0.00
1488.01,154210861,300083913,133,154210728,7,44,51,119491417,154213087,273704504,10,273704770,266,0,276,273704504,654459,0,654459,1069159.26,0.00,1069158.22,3940050350.48,6515480365.00,0.00,0.00
1490.01,154583594,299711180,133,154583461,7,44,51,119787040,154585879,274372919,10,274373185,266,0,276,274372919,668415,0,668415,1071770.25,0.00,1071769.21,3940050350.48,6515480365.00,0.00,0.00
1492.01,154892545,299402229,133,154892412,7,44,51,120133835,154894785,275028620,10,275028886,266,0,276,275028620,655701,0,655701,1074331.59,0.00,1074330.55,3940050350.48,6515480365.00,0.00,0.00
1494.01,155196735,299098039,133,155196602,7,44,51,120486259,155199029,275685288,10,275685554,266,0,276,275685288,656668,0,656668,1076896.70,0.00,1076895.66,3940050350.48,6515480365.00,0.00,0.00
1496.01,155585657,298709117,133,155585524,7,44,51,120778833,155587897,276366730,10,276366996,266,0,276,276366730,681442,0,681442,1079558.58,0.00,1079557.54,3940050350.48,6515480365.00,0.00,0.00
1498.01,155756505,298538269,133,155756372,7,44,51,121250700,155758753,277009453,10,277009719,266,0,276,277009453,642723,0,642723,1082069.21,0.00,1082068.18,3940050350.48,6515480365.00,0.00,0.00
1500.01,155916520,298378254,133,155916387,7,44,51,121724792,155918820,277643612,10,277643878,266,0,276,277643612,634159,0,634159,1084546.40,0.00,1084545.36,3940050350.48,6515480365.00,0.00,0.00
1502.01,156071265,298223509,133,156071132,7,44,51,122208865,156073527,278282392,10,278282658,266,0,276,278282392,638780,0,638780,1087041.63,0.00,1087040.59,3940050350.48,6515480365.00,0.00,0.00
1504.01,156268884,298025890,133,156268751,7,44,51,122643988,156271202,278915190,10,278915456,266,0,276,278915190,632798,0,632798,1089513.50,0.00,1089512.46,3940050350.48,6515480365.00,0.00,0.00
1506.01,156773092,297521682,133,156772959,7,44,51,122804324,156775394,279579718,10,279579984,266,0,276,279579718,664528,0,664528,1092109.31,0.00,1092108.27,3940050350.48,6515480365.00,0.00,0.00
1508.01,157331549,296963225,133,157331416,7,44,51,122935108,157333833,280268941,10,280269207,266,0,276,280268941,689223,0,689223,1094801.59,0.00,1094800.55,3940050350.48,6515480365.00,0.00,0.00
1510.01,157372533,296922241,133,157372400,7,44,51,123480006,157374817,280854823,10,280855089,266,0,276,280854823,585882,0,585882,1097090.19,0.00,1097089.15,3940050350.48,6515480365.00,0.00,0.00
1512.01,157541669,296753105,133,157541536,7,44,51,123927802,157543961,281471763,10,281472029,266,0,276,281471763,616940,0,616940,1099500.11,0.00,1099499.07,3940050350.48,6515480365.00,0.00,0.00
1514.01,157541861,296752913,133,157541728,7,44,51,124515751,157544153,282059904,10,282060170,266,0,276,282059904,588141,0,588141,1101797.54,0.00,1101796.50,3940050350.48,6515480365.00,0.00,0.00
1516.01,157772568,296522206,133,157772435,7,44,51,124918691,157774886,282693577,10,282693843,266,0,276,282693577,633673,0,633673,1104272.82,0.00,1104271.79,3940050350.48,6515480365.00,0.00,0.00
1518.01,157988861,296305913,133,157988728,7,44,51,125338434,157991177,283329611,10,283329877,266,0,276,283329611,636034,0,636034,1106757.33,0.00,1106756.29,3940050350.48,6515480365.00,0.00,0.00
1520.01,158262225,296032549,133,158262092,7,44,51,125711245,158264562,283975807,10,283976073,266,0,276,283975807,646196,0,646196,1109281.54,0.00,1109280.50,3940050350.48,6515480365.00,0.00,0.00
1522.01,158650303,295644471,133,158650170,7,44,51,125993093,158652691,284645784,10,284646050,266,0,276,284645784,669977,0,669977,1111898.63,0.00,1111897.59,3940050350.48,6515480365.00,0.00,0.00
1524.01,158986730,295308044,134,158986596,7,44,51,126314998,158989130,285304128,10,285304394,266,0,276,285304128,658344,0,658344,1114470.29,0.00,1114469.25,3940050350.48,6515480365.00,0.00,0.00
1526.01,159347269,294947505,133,159347136,7,44,51,126620054,159349643,285969697,10,285969963,266,0,276,285969697,665569,0,665569,1117070.17,0.00,1117069.13,3940050350.48,6515480365.00,0.00,0.00
1528.01,159496029,294798745,133,159495896,7,44,51,127100829,159498425,286599254,10,286599520,266,0,276,286599254,629557,0,629557,1119529.38,0.00,1119528.34,3940050350.48,6515480365.00,0.00,0.00
1530.01,159774049,294520725,133,159773916,7,44,51,127470776,159776466,287247242,10,287247508,266,0,276,287247242,647988,0,647988,1122060.58,0.00,1122059.54,3940050350.48,6515480365.00,0.00,0.00
1532.01,159962381,294332393,133,159962248,7,44,51,127923893,159964800,287888693,10,287888959,266,0,276,287888693,641451,0,641451,1124566.25,0.00,1124565.21,3940050350.48,6515480365.00,0.00,0.00
1534.01,160010949,294283825,133,160010816,7,44,51,128492996,160013368,288506364,10,288506631,266,0,276,288506363,617672,0,617670,1126979.03,0.00,1126977.98,3940050350.48,6515480365.00,0.00,0.00
1536.01,160195176,294099598,133,160195043,7,44,51,128949355,160197602,289146957,10,289147223,266,0,276,289146957,640592,0,640594,1129481.34,0.00,1129480.30,3940050350.48,6515480365.00,0.00,0.00
1538.01,160799765,293495009,133,160799632,7,44,51,129055310,160802192,289857502,10,289857768,266,0,276,289857501,710545,0,710544,1132256.91,0.00,1132255.86,3940050350.48,6515480365.00,0.00,0.00
1540.01,161208108,293086666,133,161207975,7,44,51,129320457,161210596,290531053,10,290531319,266,0,276,290531053,673551,0,673552,1134887.96,0.00,1134886.93,3940050350.48,6515480365.00,0.00,0.00
1542.01,161668963,292625811,133,161668830,7,44,51,129545548,161671483,291217031,10,291217297,266,0,276,291217031,685978,0,685978,1137567.57,0.00,1137566.53,3940050350.48,6515480365.00,0.00,0.00
1544.01,162047576,292247198,133,162047443,7,44,51,129836808,162050071,291886879,10,291887145,266,0,276,291886879,669848,0,669848,1140184.16,0.00,1140183.12,3940050350.48,6515480365.00,0.00,0.00
1546.01,162528426,291766348,133,162528293,7,44,51,130046859,162530931,292577790,10,292578056,266,0,276,292577790,690911,0,690911,1142883.03,0.00,1142881.99,3940050350.48,6515480365.00,0.00,0.00
1548.01,163162160,291132614,133,163162027,7,44,51,130127931,163164665,293292596,10,293292862,266,0,276,293292596,714806,0,714806,1145675.24,0.00,1145674.20,3940050350.48,6515480365.00,0.00,0.00
1550.01,163449752,290845022,133,163449619,7,44,51,130499269,163452291,293951560,10,293951826,266,0,276,293951560,658964,0,658964,1148249.32,0.00,1148248.28,3940050350.48,6515480365.00,0.00,0.00
1552.01,163898197,290396577,133,163898064,7,44,51,130737487,163900761,294638248,10,294638514,266,0,276,294638248,686688,0,686688,1150931.70,0.00,1150930.66,3940050350.48,6515480365.00,0.00,0.00
1554.01,164150846,290143928,133,164150713,7,44,51,131142867,164153434,295296301,10,295296567,266,0,276,295296301,658053,0,658053,1153502.21,0.00,1153501.18,3940050350.48,6515480365.00,0.00,0.00
1556.01,164323206,289971568,133,164323073,7,44,51,131612912,164325797,295938709,10,295938975,266,0,276,295938709,642408,0,642408,1156011.62,0.00,1156010.58,3940050350.48,6515480365.00,0.00,0.00
1558.01,164655660,289639114,133,164655527,7,44,51,131941225,164658263,296599488,10,296599754,266,0,276,296599488,660779,0,660779,1158592.79,0.00,1158591.75,3940050350.48,6515480365.00,0.00,0.00
1560.01,164882369,289412405,133,164882236,7,44,51,132360263,164884964,297245227,10,297245494,266,0,276,297245228,645740,0,645740,1161115.21,0.00,1161114.17,3940050350.48,6515480365.00,0.00,0.00
1562.01,165183289,289111485,133,165183156,7,44,51,132727493,165185886,297913379,10,297913645,266,0,276,297913379,668151,0,668151,1163725.18,0.00,1163724.14,3940050350.48,6515480365.00,0.00,0.00
1564.01,165441045,288853729,133,165440912,7,44,51,133129359,165443668,298573027,10,298573293,266,0,276,298573027,659648,0,659648,1166301.93,0.00,1166300.89,3940050350.48,6515480365.00,0.00,0.00
1566.01,165627604,288667170,133,165627471,7,44,51,133597406,165630240,299227646,10,299227912,266,0,276,299227646,654619,0,654619,1168859.03,0.00,1168857.99,3940050350.48,6515480365.00,0.00,0.00
1568.01,166047245,288247529,133,166047112,7,44,51,133856991,166049887,299906878,10,299907144,266,0,276,299906878,679232,0,679232,1171512.28,0.00,1171511.24,3940050350.48,6515480365.00,0.00,0.00
1570.01,166409517,287885257,133,166409384,7,44,51,134165286,166412196,300577482,10,300577748,266,0,276,300577482,670604,0,670604,1174131.83,0.00,1174130.79,3940050350.48,6515480365.00,0.00,0.00
1572.01,166681734,287613040,133,166681601,7,44,51,134552360,166684387,301236747,10,301237013,266,0,276,301236747,659265,0,659265,1176707.08,0.00,1176706.04,3940050350.48,6515480365.00,0.00,0.00
1574.01,166976491,287318283,133,166976358,7,44,51,134911104,166979163,301890267,10,301890533,266,0,276,301890267,653520,0,653520,1179259.89,0.00,1179258.86,3940050350.48,6515480365.00,0.00,0.00
1576.01,167437209,286857565,133,167437076,7,44,51,135133870,167439911,302573781,10,302574047,266,0,276,302573781,683514,0,683514,1181929.87,0.00,1181928.83,3940050350.48,6515480365.00,0.00,0.00
1578.01,167756636,286538138,133,167756503,7,44,51,135477382,167759345,303236727,10,303236993,266,0,276,303236727,662946,0,662946,1184519.50,0.00,1184518.46,3940050350.48,6515480365.00,0.00,0.00
1580.01,167866877,286427897,133,167866744,7,44,51,135999642,167869542,303869184,10,303869450,266,0,276,303869184,632457,0,632457,1186990.04,0.00,1186989.00,3940050350.48,6515480365.00,0.00,0.00
1582.01,167934082,286360691,133,167933949,7,44,51,136564156,167936778,304500934,10,304501200,266,0,276,304500934,631750,0,631750,1189457.81,0.00,1189456.77,3940050350.48,6515480365.00,0.00,0.00
1584.01,168129821,286164953,133,168129688,7,44,51,137013069,168132494,305145563,10,305145829,266,0,276,305145563,644629,0,644629,1191975.89,0.00,1191974.86,3940050350.48,6515480365.00,0.00,0.00
1586.01,168368289,285926485,133,168368156,7,44,51,137419707,168370988,305790695,10,305790961,266,0,276,305790695,645132,0,645132,1194495.94,0.00,1194494.90,3940050350.48,6515480365.00,0.00,0.00
1588.01,168588401,285706373,133,168588268,7,44,51,137827105,168591086,306418191,10,306418457,266,0,276,306418191,627496,0,627496,1196947.10,0.00,1196946.06,3940050350.48,6515480365.00,0.00,0.00
1590.01,168851036,285443738,133,168850903,7,44,51,138203417,168853773,307057190,10,307057456,266,0,276,307057190,638999,0,638999,1199443.19,0.00,1199442.15,3940050350.48,6515480365.00,0.00,0.00
1592.01,169216213,285078561,133,169216080,7,44,51,138493526,169218956,307712482,10,307712748,266,0,276,307712482,655292,0,655292,1202002.92,0.00,1202001.88,3940050350.48,6515480365.00,0.00,0.00
1594.01,169451305,284843469,133,169451172,7,44,51,138906494,169454019,308360513,10,308360779,266,0,276,308360513,648031,0,648031,1204534.29,0.00,1204533.25,3940050350.48,6515480365.00,0.00,0.00
1596.01,169683953,284610821,133,169683820,7,44,51,139317644,169686684,309004328,10,309004594,266,0,276,309004328,643815,0,643815,1207049.20,0.00,1207048.16,3940050350.48,6515480365.00,0.00,0.00
1598.01,170048587,284246187,133,170048454,7,44,51,139624803,170051370,309676173,10,309676439,266,0,276,309676173,671845,0,671845,1209673.59,0.00,1209672.55,3940050350.48,6515480365.00,0.00,0.00
1600.01,170353397,283941376,133,170353264,7,44,51,139973885,170356195,310330080,10,310330346,266,0,276,310330080,653907,0,653907,1212227.91,0.00,1212226.88,3940050350.48,6515480365.00,0.00,0.00
1602.01,170774266,283520508,133,170774133,7,44,51,140231221,170777090,311008311,10,311008577,266,0,276,311008311,678231,0,678231,1214877.25,0.00,1214876.21,3940050350.48,6515480365.00,0.00,0.00
1604.01,171459485,282835289,133,171459352,7,44,51,140265798,171462253,311728051,10,311728317,266,0,276,311728051,719740,0,719740,1217688.74,0.00,1217687.70,3940050350.48,6515480365.00,0.00,0.00
1606.01,172103476,282191298,133,172103343,7,44,51,140332423,172106260,312438683,10,312438949,266,0,276,312438683,710632,0,710632,1220464.64,0.00,1220463.61,3940050350.48,6515480365.00,0.00,0.00
1608.01,172790054,281504720,133,172789921,7,44,51,140363045,172792885,313155930,10,313156196,266,0,276,313155930,717247,0,717247,1223266.39,0.00,1223265.35,3940050350.48,6515480365.00,0.00,0.00
1610.01,173351753,280943021,133,173351620,7,44,51,140501960,173354588,313856548,10,313856814,266,0,276,313856548,700618,0,700618,1226003.18,0.00,1226002.14,3940050350.48,6515480365.00,0.00,0.00
1612.01,173924357,280370417,133,173924224,7,44,51,140619734,173927168,314546902,10,314547168,266,0,276,314546902,690354,0,690354,1228699.88,0.00,1228698.84,3940050350.48,6515480365.00,0.00,0.00
1614.01,174064358,280230416,133,174064225,7,44,51,141091613,174067163,315158776,10,315159042,266,0,276,315158776,611874,0,611874,1231090.01,0.00,1231088.97,3940050350.48,6515480365.00,0.00,0.00
1616.01,174690838,279603936,133,174690705,7,44,51,141176326,174693641,315869967,10,315870233,266,0,276,315869967,711191,0,711191,1233868.10,0.00,1233867.06,3940050350.48,6515480365.00,0.00,0.00
1618.01,175238588,279056186,133,175238455,7,44,51,141326686,175241439,316568125,10,316568391,266,0,276,316568125,698158,0,698158,1236595.28,0.00,1236594.24,3940050350.48,6515480365.00,0.00,0.00
1620.01,175922661,278372113,133,175922528,7,44,51,141359613,175925530,317285143,10,317285409,266,0,276,317285143,717018,0,717018,1239396.13,0.00,1239395.09,3940050350.48,6515480365.00,0.00,0.00
1622.01,176435684,277859090,134,176435550,7,44,51,141540133,176438646,317978779,10,317979045,266,0,276,317978779,693636,0,693636,1242105.64,0.00,1242104.61,3940050350.48,6515480365.00,0.00,0.00
1624.01,177160337,277134437,133,177160204,7,44,51,141545259,177163324,318708583,10,318708850,266,0,276,318708583,729805,0,729804,1244956.45,0.00,1244955.40,3940050350.48,6515480365.00,0.00,0.00
1626.01,177847884,276446890,133,177847751,7,44,51,141581287,177850885,319432172,10,319432438,266,0,276,319432172,723588,0,723589,1247782.96,0.00,1247781.92,3940050350.48,6515480365.00,0.00,0.00
1628.01,178551113,275743661,133,178550980,7,44,51,141600086,178554113,320154199,10,320154465,266,0,276,320154199,722027,0,722027,1250603.38,0.00,1250602.34,3940050350.48,6515480365.00,0.00,0.00
1630.01,178979502,275315272,133,178979369,7,44,51,141849331,178982476,320831807,10,320832074,266,0,276,320831807,677609,0,677608,1253250.29,0.00,1253249.25,3940050350.48,6515480365.00,0.00,0.00
1632.01,179105907,275188867,133,179105774,7,44,51,142356127,179108908,321465035,10,321465301,266,0,276,321465035,633227,0,633228,1255723.83,0.00,1255722.79,3940050350.48,6515480365.00,0.00,0.00
1634.01,179139512,275155262,133,179139379,7,44,51,142951976,179142508,322094484,10,322094750,266,0,276,322094484,629449,0,629449,1258182.62,0.00,1258181.58,3940050350.48,6515480365.00,0.00,0.00
1636.01,179168981,275125793,133,179168848,7,44,51,143557341,179171974,322729315,10,322729581,266,0,276,322729315,634831,0,634831,1260662.43,0.00,1260661.39,3940050350.48,6515480365.00,0.00,0.00
1638.01,179342973,274951801,133,179342840,7,44,51,144028637,179345982,323374619,10,323374885,266,0,276,323374619,645304,0,645304,1263183.14,0.00,1263182.11,3940050350.48,6515480365.00,0.00,0.00
1640.01,179403901,274890873,133,179403768,7,44,51,144595291,179406911,324002202,10,324002468,266,0,276,324002202,627583,0,627583,1265634.64,0.00,1265633.60,3940050350.48,6515480365.00,0.00,0.00
1642.01,179875897,274418877,133,179875764,7,44,51,144808860,179878923,324687783,10,324688049,266,0,276,324687783,685581,0,685581,1268312.69,0.00,1268311.65,3940050350.48,6515480365.00,0.00,0.00
1644.01,180379472,273915302,133,180379339,7,44,51,144989365,180382562,325371927,10,325372193,266,0,276,325371927,684144,0,684144,1270985.13,0.00,1270984.09,3940050350.48,6515480365.00,0.00,0.00
1646.01,180869605,273425169,133,180869472,7,44,51,145181305,180872736,326054041,10,326054307,266,0,276,326054041,682114,0,682114,1273649.64,0.00,1273648.60,3940050350.48,6515480365.00,0.00,0.00
1648.01,181436235,272858539,133,181436102,7,44,51,145312696,181439366,326752062,10,326752328,266,0,276,326752062,698021,0,698021,1276376.28,0.00,1276375.24,3940050350.48,6515480365.00,0.00,0.00
1650.01,181791169,272503605,133,181791036,7,44,51,145630950,181794273,327425223,10,327425489,266,0,276,327425223,673161,0,673161,1279005.82,0.00,1279004.78,3940050350.48,6515480365.00,0.00,0.00
1652.01,182412044,271882730,133,182411911,7,44,51,145717794,182415225,328133019,10,328133285,266,0,276,328133019,707796,0,707796,1281770.64,0.00,1281769.61,3940050350.48,6515480365.00,0.00,0.00
1654.01,183049452,271245322,133,183049319,7,44,51,145796646,183052618,328849264,10,328849530,266,0,276,328849264,716245,0,716245,1284568.48,0.00,1284567.44,3940050350.48,6515480365.00,0.00,0.00
1656.01,183742961,270551813,133,183742828,7,44,51,145826106,183746125,329572231,10,329572497,266,0,276,329572231,722967,0,722967,1287392.57,0.00,1287391.53,3940050350.48,6515480365.00,0.00,0.00
1658.01,184462409,269832364,133,184462276,7,44,51,145833315,184465605,330298920,10,330299186,266,0,276,330298920,726689,0,726689,1290231.20,0.00,1290230.16,3940050350.48,6515480365.00,0.00,0.00
1660.01,185131028,269163746,133,185130895,7,44,51,145867671,185134253,331001924,10,331002190,266,0,276,331001924,703004,0,703004,1292977.30,0.00,1292976.27,3940050350.48,6515480365.00,0.00,0.00
1662.01,185777308,268517466,133,185777175,7,44,51,145876669,185780530,331657199,10,331657465,266,0,276,331657199,655275,0,655275,1295536.97,0.00,1295535.93,3940050350.48,6515480365.00,0.00,0.00
1664.01,186373145,267921629,133,186373012,7,44,51,145908091,186376358,332284449,10,332284715,266,0,276,332284449,627250,0,627250,1297987.17,0.00,1297986.13,3940050350.48,6515480365.00,0.00,0.00
1666.01,186977049,267317725,133,186976916,7,44,51,145931705,186980266,332911971,10,332912237,266,0,276,332911971,627522,0,627522,1300438.43,0.00,1300437.39,3940050350.48,6515480365.00,0.00,0.00
1668.01,187599963,266694811,133,187599830,7,44,51,145936768,187603194,333539962,10,333540228,266,0,276,333539962,627991,0,627991,1302891.52,0.00,1302890.48,3940050350.48,6515480365.00,0.00,0.00
1670.01,188212739,266082035,133,188212606,7,44,51,145949113,188215924,334165037,10,334165303,266,0,276,334165037,625075,0,625075,1305333.21,0.00,1305332.18,3940050350.48,6515480365.00,0.00,0.00
1672.01,188756912,265537862,133,188756779,7,44,51,146030004,188760147,334790151,10,334790417,266,0,276,334790151,625114,0,625114,1307775.07,0.00,1307774.03,3940050350.48,6515480365.00,0.00,0.00
1674.01,189371889,264922885,133,189371756,7,44,51,146043517,189375095,335418612,10,335418878,266,0,276,335418612,628461,0,628461,1310229.99,0.00,1310228.95,3940050350.48,6515480365.00,0.00,0.00
1676.01,189932361,264362413,133,189932228,7,44,51,146105933,189935609,336041542,10,336041808,266,0,276,336041542,622930,0,622930,1312663.31,0.00,1312662.27,3940050350.48,6515480365.00,0.00,0.00
1678.01,190533302,263761472,133,190533169,7,44,51,146132102,190536618,336668720,10,336668986,266,0,276,336668720,627178,0,627178,1315113.23,0.00,1315112.19,3940050350.48,6515480365.00,0.00,0.00
1680.01,191145975,263148799,133,191145842,7,44,51,146144268,191149282,337293550,10,337293816,266,0,276,337293550,624830,0,624830,1317553.97,0.00,1317552.93,3940050350.48,6515480365.00,0.00,0.00
1682.01,191748753,262546021,133,191748620,7,44,51,146158614,191752067,337910681,10,337910947,266,0,276,337910681,617131,0,617131,1319964.64,0.00,1319963.60,3940050350.48,6515480365.00,0.00,0.00
1684.01,192249450,262045323,133,192249317,7,44,51,146227200,192252766,338479966,10,338480232,266,0,276,338479966,569285,0,569285,1322188.41,0.00,1322187.37,3940050350.48,6515480365.00,0.00,0.00
1686.01,192430361,261864413,133,192430228,7,44,51,146621643,192433660,339055303,10,339055569,266,0,276,339055303,575337,0,575337,1324435.82,0.00,1324434.78,3940050350.48,6515480365.00,0.00,0.00
1688.01,192553493,261741281,133,192553360,7,44,51,147057187,192556790,339613977,10,339614243,266,0,276,339613977,558674,0,558674,1326618.14,0.00,1326617.10,3940050350.48,6515480365.00,0.00,0.00
1690.01,192554085,261740689,133,192553952,7,44,51,147621125,192557382,340178507,10,340178773,266,0,276,340178507,564530,0,564530,1328823.33,0.00,1328822.29,3940050350.48,6515480365.00,0.00,0.00
1692.01,192571019,261723755,133,192570886,7,44,51,148185808,192574316,340760124,10,340760390,266,0,276,340760124,581617,0,581617,1331095.27,0.00,1331094.23,3940050350.48,6515480365.00,0.00,0.00
1694.01,192651509,261643265,133,192651376,7,44,51,148700878,192654812,341355690,10,341355956,266,0,276,341355690,595566,0,595566,1333421.70,0.00,1333420.66,3940050350.48,6515480365.00,0.00,0.00
1696.01,192859443,261435330,133,192859310,7,44,51,149086641,192862790,341949431,10,341949697,266,0,276,341949431,593741,0,593741,1335741.00,0.00,1335739.96,3940050350.48,6515480365.00,0.00,0.00
1698.01,193408968,260885806,133,193408835,7,44,51,149160451,193412331,342572782,10,342573048,266,0,276,342572782,623351,0,623351,1338175.97,0.00,1338174.93,3940050350.48,6515480365.00,0.00,0.00
1700.01,193848767,260446007,133,193848634,7,44,51,149344212,193852146,343196358,10,343196624,266,0,276,343196358,623576,0,623576,1340611.81,0.00,1340610.77,3940050350.48,6515480365.00,0.00,0.00
1702.01,194429377,259865397,133,194429244,7,44,51,149385457,194432737,343818194,10,343818460,266,0,276,343818194,621836,0,621836,1343040.86,0.00,1343039.82,3940050350.48,6515480365.00,0.00,0.00
1704.01,194616455,259678319,133,194616322,7,44,51,149795018,194619817,344414835,10,344415101,266,0,276,344414835,596641,0,596641,1345371.49,0.00,1345370.45,3940050350.48,6515480365.00,0.00,0.00
1706.01,195104856,259189918,133,195104723,7,44,51,149924784,195108219,345033003,10,345033269,266,0,276,345033003,618168,0,618168,1347786.21,0.00,1347785.17,3940050350.48,6515480365.00,0.00,0.00
1708.01,195555132,258739642,133,195554999,7,44,51,150090735,195558543,345649278,10,345649544,266,0,276,345649278,616275,0,616275,1350193.53,0.00,1350192.49,3940050350.48,6515480365.00,0.00,0.00
1710.01,196018821,258275953,133,196018688,7,44,51,150245504,196022183,346267687,10,346267953,266,0,276,346267687,618409,0,618409,1352609.19,0.00,1352608.15,3940050350.48,6515480365.00,0.00,0.00
1712.01,196400493,257894281,133,196400360,7,44,51,150475509,196403861,346879370,10,346879636,266,0,276,346879370,611683,0,611683,1354998.58,0.00,1354997.54,3940050350.48,6515480365.00,0.00,0.00
1714.01,196485357,257809417,133,196485224,7,44,51,150989307,196488725,347478032,10,347478298,266,0,276,347478032,598662,0,598662,1357337.10,0.00,1357336.06,3940050350.48,6515480365.00,0.00,0.00
1716.01,196768523,257526251,133,196768390,7,44,51,151315189,196771904,348087093,10,348087359,266,0,276,348087093,609061,0,609061,1359716.25,0.00,1359715.21,3940050350.48,6515480365.00,0.00,0.00
1718.01,196902197,257392577,133,196902064,7,44,51,151788361,196905590,348693951,10,348694217,266,0,276,348693951,606858,0,606858,1362086.79,0.00,1362085.75,3940050350.48,6515480365.00,0.00,0.00
1720.01,196907973,257386801,133,196907840,7,44,51,152374594,196911399,349285993,10,349286259,266,0,276,349285993,592042,0,592042,1364399.45,0.00,1364398.41,3940050350.48,6515480365.00,0.00,0.00
1722.01,197075565,257219209,133,197075432,7,44,51,152813363,197078965,349892328,10,349892594,266,0,276,349892328,606335,0,606335,1366767.95,0.00,1366766.91,3940050350.48,6515480365.00,0.00,0.00
1724.01,197274905,257019869,133,197274772,7,44,51,153220296,197278321,350498617,10,350498883,266,0,276,350498617,606289,0,606289,1369136.26,0.00,1369135.22,3940050350.48,6515480365.00,0.00,0.00
1726.01,197557411,256737362,133,197557278,7,44,51,153548222,197560842,351109064,10,351109330,266,0,276,351109064,610447,0,610447,1371520.82,0.00,1371519.78,3940050350.48,6515480365.00,0.00,0.00
1728.01,197767437,256527337,133,197767304,7,44,51,153946971,197770889,351717860,10,351718126,266,0,276,351717860,608796,0,608796,1373898.93,0.00,1373897.89,3940050350.48,6515480365.00,0.00,0.00
1730.01,197987656,256307118,133,197987523,7,44,51,154333171,197991207,352324378,10,352324644,266,0,276,352324378,606518,0,606518,1376268.14,0.00,1376267.10,3940050350.48,6515480365.00,0.00,0.00
1732.01,198544787,255749987,133,198544654,7,44,51,154393957,198548325,352942282,10,352942548,266,0,276,352942282,617904,0,617904,1378681.83,0.00,1378680.79,3940050350.48,6515480365.00,0.00,0.00
1734.01,198973804,255320970,133,198973671,7,44,51,154580876,198977289,353558165,10,353558431,266,0,276,353558165,615883,0,615883,1381087.62,0.00,1381086.58,3940050350.48,6515480365.00,0.00,0.00
1736.01,199221667,255073107,133,199221534,7,44,51,154930285,199225223,354155508,10,354155774,266,0,276,354155508,597343,0,597343,1383420.99,0.00,1383419.95,3940050350.48,6515480365.00,0.00,0.00
1738.01,199423279,254871495,133,199423146,7,44,51,155332558,199426828,354759386,10,354759652,266,0,276,354759386,603878,0,603878,1385779.89,0.00,1385778.85,3940050350.48,6515480365.00,0.00,0.00
1740.01,199583533,254711241,133,199583400,7,44,51,155764471,199587115,355351586,10,355351852,266,0,276,355351586,592200,0,592200,1388093.17,0.00,1388092.13,3940050350.48,6515480365.00,0.00,0.00
1742.01,199995164,254299610,133,199995031,7,44,51,155965983,199998832,355964815,10,355965081,266,0,276,355964815,613229,0,613229,1390488.60,0.00,1390487.56,3940050350.48,6515480365.00,0.00,0.00
1744.01,200588559,253706215,133,200588426,7,44,51,155989433,200592249,356581682,10,356581948,266,0,276,356581682,616867,0,616867,1392898.23,0.00,1392897.20,3940050350.48,6515480365.00,0.00,0.00
1746.01,201189786,253104988,133,201189653,7,44,51,156003129,201193458,357196587,10,357196853,266,0,276,357196587,614905,0,614905,1395300.21,0.00,1395299.17,3940050350.48,6515480365.00,0.00,0.00
1748.01,201396473,252898301,133,201396340,7,44,51,156397445,201400114,357797559,10,357797825,266,0,276,357797559,600972,0,600972,1397647.75,0.00,1397646.71,3940050350.48,6515480365.00,0.00,0.00
1750.01,201484281,252810493,133,201484148,7,44,51,156909172,201487924,358397096,10,358397362,266,0,276,358397096,599537,0,599537,1399989.70,0.00,1399988.66,3940050350.48,6515480365.00,0.00,0.00
1752.01,201568225,252726549,133,201568092,7,44,51,157412605,201571874,358984479,10,358984745,266,0,276,358984479,587383,0,587383,1402284.16,0.00,1402283.12,3940050350.48,6515480365.00,0.00,0.00
1754.01,202045897,252248877,133,202045764,7,44,51,157532780,202049546,359582326,10,359582592,266,0,276,359582326,597847,0,597847,1404619.50,0.00,1404618.46,3940050350.48,6515480365.00,0.00,0.00
1756.01,202180240,252114534,133,202180107,7,44,51,157992083,202183962,360176045,10,360176311,266,0,276,360176045,593719,0,593719,1406938.71,0.00,1406937.68,3940050350.48,6515480365.00,0.00,0.00
1758.01,202401521,251893253,133,202401388,7,44,51,158374349,202405235,360779584,10,360779850,266,0,276,360779584,603539,0,603539,1409296.29,0.00,1409295.25,3940050350.48,6515480365.00,0.00,0.00
1760.01,202545084,251749690,133,202544951,7,44,51,158802512,202548858,361351370,10,361351636,266,0,276,361351370,571786,0,571786,1411529.83,0.00,1411528.79,3940050350.48,6515480365.00,0.00,0.00
1762.01,202715743,251579031,133,202715610,7,44,51,159233437,202719500,361952937,10,361953203,266,0,276,361952937,601567,0,601567,1413879.70,0.00,1413878.66,3940050350.48,6515480365.00,0.00,0.00
1764.01,202988269,251306505,133,202988136,7,44,51,159553972,202992038,362546010,10,362546276,266,0,276,362546010,593073,0,593073,1416196.39,0.00,1416195.35,3940050350.48,6515480365.00,0.00,0.00
1766.01,203238162,251056612,133,203238029,7,44,51,159899758,203241990,363141748,10,363142014,266,0,276,363141748,595738,0,595738,1418523.49,0.00,1418522.45,3940050350.48,6515480365.00,0.00,0.00
1768.01,203459742,250835032,133,203459609,7,44,51,160276041,203463578,363739619,10,363739886,266,0,276,363739619,597872,0,597871,1420858.93,0.00,1420857.89,3940050350.48,6515480365.00,0.00,0.00
1770.01,203681501,250613273,133,203681368,7,44,51,160645870,203685298,364331168,10,364331434,266,0,276,364331168,591548,0,591549,1423169.66,0.00,1423168.62,3940050350.48,6515480365.00,0.00,0.00
1772.01,204177609,250117165,133,204177476,7,44,51,160750530,204181456,364931986,10,364932252,266,0,276,364931986,600818,0,600818,1425516.61,0.00,1425515.57,3940050350.48,6515480365.00,0.00,0.00
1774.01,204595073,249699701,133,204594940,7,44,51,160916531,204598941,365515472,10,365515738,266,0,276,365515472,583486,0,583486,1427795.85,0.00,1427794.81,3940050350.48,6515480365.00,0.00,0.00
1776.01,205151657,249143116,133,205151524,7,44,51,160967518,205155525,366123043,10,366123309,266,0,276,366123043,607571,0,607571,1430169.18,0.00,1430168.14,3940050350.48,6515480365.00,0.00,0.00
1778.01,205258141,249036633,133,205258008,7,44,51,161451635,205261969,366713604,10,366713870,266,0,276,366713604,590561,0,590561,1432476.05,0.00,1432475.02,3940050350.48,6515480365.00,0.00,0.00
1780.01,205386726,248908048,133,205386593,7,44,51,161909114,205390601,367299715,10,367299981,266,0,276,367299715,586111,0,586111,1434765.55,0.00,1434764.51,3940050350.48,6515480365.00,0.00,0.00
1782.01,205520569,248774205,133,205520436,7,44,51,162365811,205524446,367890257,10,367890523,266,0,276,367890257,590542,0,590542,1437072.36,0.00,1437071.32,3940050350.48,6515480365.00,0.00,0.00
1784.01,205645378,248649396,133,205645245,7,44,51,162824133,205649300,368473433,10,368473699,266,0,276,368473433,583176,0,583176,1439350.39,0.00,1439349.35,3940050350.48,6515480365.00,0.00,0.00
1786.01,205760181,248534593,133,205760048,7,44,51,163291463,205764071,369055534,10,369055800,266,0,276,369055534,582101,0,582101,1441624.22,0.00,1441623.18,3940050350.48,6515480365.00,0.00,0.00
1788.01,205933382,248361392,133,205933249,7,44,51,163713177,205937338,369650515,10,369650781,266,0,276,369650515,594981,0,594981,1443948.36,0.00,1443947.32,3940050350.48,6515480365.00,0.00,0.00
1790.01,206062664,248232110,133,206062531,7,44,51,163739667,206066572,369806239,10,369806505,266,0,276,369806239,155724,0,155724,1444556.66,0.00,1444555.62,3940050350.48,6515480365.00,0.00,0.00
1792.01,206202455,248092319,133,206202322,7,44,51,163740067,206206423,369946490,10,369946756,266,0,276,369946490,140251,0,140251,1445104.52,0.00,1445103.48,3941179724.59,6516665453.84,1129374.11,1185088.83
1794.01,206654197,247640577,133,206654064,7,44,51,163882981,206658114,370541095,10,370541361,266,0,276,370541095,594605,0,594605,1447427.19,0.00,1447426.15,3941179724.59,6516665453.84,0.00,0.00
1796.01,206896873,247397901,133,206896740,7,44,51,164218934,206900802,371119736,10,371120002,266,0,276,371119736,578641,0,578641,1449687.51,0.00,1449686.47,3941179724.59,6516665453.84,0.00,0.00
1798.01,207120193,247174581,133,207120060,7,44,51,164584192,207124147,371708339,10,371708605,266,0,276,371708339,588603,0,588603,1451986.74,0.00,1451985.70,3941179724.59,6516665453.84,0.00,0.00
1800.01,207277873,247016901,133,207277740,7,44,51,165026684,207281853,372308537,10,372308803,266,0,276,372308537,600198,0,600198,1454331.26,0.00,1454330.22,3941179724.59,6516665453.84,0.00,0.00
1802.01,207392459,246902315,133,207392326,7,44,51,165510251,207396465,372906716,10,372906982,266,0,276,372906716,598179,0,598179,1456667.90,0.00,1456666.86,3941179724.59,6516665453.84,0.00,0.00
1804.01,207663549,246631225,133,207663416,7,44,51,165849866,207667573,373517439,10,373517705,266,0,276,373517439,610723,0,610723,1459053.54,0.00,1459052.50,3941179724.59,6516665453.84,0.00,0.00
1806.01,207785197,246509577,133,207785064,7,44,51,166329315,207789245,374118560,10,374118826,266,0,276,374118560,601121,0,601121,1461401.66,0.00,1461400.62,3941179724.59,6516665453.84,0.00,0.00
1808.01,207833340,246461434,133,207833207,7,44,51,166865149,207837409,374702558,10,374702824,266,0,276,374702558,583998,0,583998,1463682.91,0.00,1463681.87,3941179724.59,6516665453.84,0.00,0.00
1810.01,208056845,246237929,133,208056712,7,44,51,167225760,208060916,375286676,10,375286942,266,0,276,375286676,584118,0,584118,1465964.62,0.00,1465963.58,3941179724.59,6516665453.84,0.00,0.00
1812.01,208422947,245871827,133,208422814,7,44,51,167454756,208427111,375881867,10,375882133,266,0,276,375881867,595191,0,595191,1468289.58,0.00,1468288.54,3941179724.59,6516665453.84,0.00,0.00
1814.01,208730367,245564407,133,208730234,7,44,51,167733926,208734493,376468419,10,376468685,266,0,276,376468419,586552,0,586552,1470580.80,0.00,1470579.76,3941179724.59,6516665453.84,0.00,0.00
1816.01,208997975,245296799,133,208997842,7,44,51,168065429,209002122,377067551,10,377067817,266,0,276,377067551,599132,0,599132,1472921.16,0.00,1472920.12,3941179724.59,6516665453.84,0.00,0.00
1818.01,209451197,244843577,133,209451064,7,44,51,168174128,209455440,377629568,10,377629834,266,0,276,377629568,562017,0,562017,1475116.54,0.00,1475115.50,3941218239.01,6516712408.26,38514.42,46954.42
1820.01,210008816,244285958,133,210008683,7,44,51,168175056,210013043,378188099,10,378188365,266,0,276,378188099,558531,0,558531,1477298.30,0.00,1477297.26,3941218239.01,6516712408.26,0.00,0.00
1822.01,210332271,243962503,133,210332138,7,44,51,168456771,210336451,378793222,10,378793488,266,0,276,378793222,605123,0,605123,1479662.06,0.00,1479661.02,3941218239.01,6516712408.26,0.00,0.00
1824.01,210461093,243833681,133,210460960,7,44,51,168929989,210465337,379395326,10,379395592,266,0,276,379395326,602104,0,602104,1482014.03,0.00,1482012.99,3941218239.01,6516712408.26,0.00,0.00
1826.01,210584421,243710353,133,210584288,7,44,51,169396235,210588724,379984959,10,379985225,266,0,276,379984959,589633,0,589633,1484317.29,0.00,1484316.25,3941218239.01,6516712408.26,0.00,0.00
1828.01,210694979,243599795,133,210694846,7,44,51,169874377,210699293,380573670,10,380573936,266,0,276,380573670,588711,0,588711,1486616.94,0.00,1486615.90,3941218239.01,6516712408.26,0.00,0.00
1830.01,210804861,243489913,133,210804728,7,44,51,170343288,210809185,381152473,10,381152739,266,0,276,381152473,578803,0,578803,1488877.89,0.00,1488876.85,3941218239.01,6516712408.26,0.00,0.00
1832.01,210882001,243412773,133,210881868,7,44,51,170853464,210886329,381739793,10,381740059,266,0,276,381739793,587320,0,587320,1491172.11,0.00,1491171.07,3941218239.01,6516712408.26,0.00,0.00
1834.01,211019201,243275573,133,211019068,7,44,51,171305387,211023593,382328980,10,382329246,266,0,276,382328980,589187,0,589187,1493473.62,0.00,1493472.58,3941218239.01,6516712408.26,0.00,0.00
1836.01,211348249,242946525,133,211348116,7,44,51,171533508,211352598,382886106,10,382886372,266,0,276,382886106,557126,0,557126,1495649.89,0.00,1495648.85,3941218239.01,6516712408.26,0.00,0.00
1838.01,211450883,242843890,133,211450750,7,44,51,171999770,211455285,383455055,10,383455321,266,0,276,383455055,568949,0,568949,1497872.35,0.00,1497871.31,3941218239.01,6516712408.26,0.00,0.00
1840.01,211615672,242679102,133,211615539,7,44,51,172357409,211620028,383977437,10,383977703,266,0,276,383977437,522382,0,522382,1499912.90,0.00,1499911.86,3941218239.01,6516712408.26,0.00,0.00
1842.01,212082254,242212520,133,212082121,7,44,51,172406417,212086658,384493075,10,384493341,266,0,276,384493075,515638,0,515638,1501927.11,0.00,1501926.07,3941218239.01,6516712408.26,0.00,0.00
1844.01,212496233,241798541,133,212496100,7,44,51,172520630,212500601,385021231,10,385021497,266,0,276,385021231,528156,0,528156,1503990.22,0.00,1503989.18,3941218239.01,6516712408.26,0.00,0.00
1846.01,212615213,241679561,133,212615080,7,44,51,172917080,212619585,385536665,10,385536931,266,0,276,385536665,515434,0,515434,1506003.64,0.00,1506002.60,3941218239.01,6516712408.26,0.00,0.00
1848.01,212682483,241612291,133,212682350,7,44,51,173352881,212686860,386039741,10,386040007,266,0,276,386039741,503076,0,503076,1507968.78,0.00,1507967.74,3941218239.01,6516712408.26,0.00,0.00
1850.01,212702893,241591881,133,212702760,7,44,51,173831694,212707270,386538964,10,386539230,266,0,276,386538964,499223,0,499223,1509918.87,0.00,1509917.83,3941218239.01,6516712408.26,0.00,0.00
1852.01,212702893,241591881,133,212702760,7,44,51,174329288,212707270,387036558,10,387036824,266,0,276,387036558,497594,0,497594,1511862.59,0.00,1511861.55,3941218239.01,6516712408.26,0.00,0.00
1854.01,212769821,241524953,133,212769688,7,44,51,174764928,212774198,387539126,10,387539392,266,0,276,387539126,502568,0,502568,1513825.75,0.00,1513824.71,3941218239.01,6516712408.26,0.00,0.00
1856.01,212847389,241447385,133,212847256,7,44,51,175198973,212851776,388050749,10,388051015,266,0,276,388050749,511623,0,511623,1515824.28,0.00,1515823.24,3941218239.01,6516712408.26,0.00,0.00
1858.01,212940234,241354540,133,212940101,7,44,51,175630455,212944624,388575079,10,388575345,266,0,276,388575079,524330,0,524330,1517872.44,0.00,1517871.40,3941218239.01,6516712408.26,0.00,0.00
1860.01,213053656,241241118,133,213053523,7,44,51,176042374,213058068,389100442,10,389100708,266,0,276,389100442,525363,0,525363,1519924.64,0.00,1519923.60,3941218239.01,6516712408.26,0.00,0.00
1862.01,213143753,241151021,133,213143620,7,44,51,176489635,213148176,389637811,10,389638077,266,0,276,389637811,537369,0,537369,1522023.74,0.00,1522022.70,3941218239.01,6516712408.26,0.00,0.00
1864.01,213222201,241072573,133,213222068,7,44,51,176958116,213226627,390184743,10,390185009,266,0,276,390184743,546932,0,546932,1524160.19,0.00,1524159.15,3941218239.01,6516712408.26,0.00,0.00
1866.01,213302897,240991877,133,213302764,7,44,51,177419982,213307326,390727308,10,390727574,266,0,276,390727308,542565,0,542565,1526279.59,0.00,1526278.55,3941218239.01,6516712408.26,0.00,0.00
1868.01,213383300,240911474,133,213383167,7,44,51,177900427,213387741,391288168,10,391288434,266,0,276,391288168,560860,0,560860,1528470.45,0.00,1528469.41,3941218239.01,6516712408.26,0.00,0.00
1870.01,213505183,240789591,133,213505050,7,44,51,178345751,213509701,391855452,10,391855718,266,0,276,391855452,567284,0,567284,1530686.40,0.00,1530685.36,3941218239.01,6516712408.26,0.00,0.00
1872.01,213654252,240640522,133,213654119,7,44,51,178770794,213658749,392429543,10,392429810,266,0,276,392429543,574092,0,574091,1532928.95,0.00,1532927.90,3941218239.01,6516712408.26,0.00,0.00
1874.01,213734445,240560329,133,213734312,7,44,51,179246752,213738923,392985675,10,392985941,266,0,276,392985675,556131,0,556132,1535101.33,0.00,1535100.29,3941218239.01,6516712408.26,0.00,0.00
1876.01,213843929,240450845,133,213843796,7,44,51,179717899,213848420,393566319,10,393566585,266,0,276,393566319,580644,0,580644,1537369.47,0.00,1537368.43,3941218239.01,6516712408.26,0.00,0.00
1878.01,213948665,240346109,133,213948532,7,44,51,180198397,213953230,394151627,10,394151893,266,0,276,394151627,585308,0,585308,1539655.83,0.00,1539654.79,3941218239.01,6516712408.26,0.00,0.00
1880.01,214007825,240286949,133,214007692,7,44,51,180715954,214012401,394728355,10,394728621,266,0,276,394728355,576728,0,576728,1541908.68,0.00,1541907.64,3941218239.01,6516712408.26,0.00,0.00
1882.01,214076497,240218277,133,214076364,7,44,51,181208800,214081082,395289882,10,395290148,266,0,276,395289882,561527,0,561527,1544102.14,0.00,1544101.10,3941218239.01,6516712408.26,0.00,0.00
1884.01,214160213,240134561,133,214160080,7,44,51,181683564,214164835,395848399,10,395848665,266,0,276,395848399,558517,0,558517,1546283.85,0.00,1546282.81,3941218239.01,6516712408.26,0.00,0.00
1886.01,214228181,240066593,133,214228048,7,44,51,182181723,214232823,396414546,10,396414812,266,0,276,396414546,566147,0,566147,1548495.36,0.00,1548494.32,3941218239.01,6516712408.26,0.00,0.00
1888.01,214269957,240024817,133,214269824,7,44,51,182720353,214274615,396994968,10,396995235,266,0,276,396994968,580423,0,580422,1550762.64,0.00,1550761.59,3941218239.01,6516712408.26,0.00,0.00
1890.01,214303700,239991074,133,214303567,7,44,51,183277145,214308359,397585504,10,397585770,266,0,276,397585504,590535,0,590536,1553069.41,0.00,1553068.38,3941218239.01,6516712408.26,0.00,0.00
1892.01,214348441,239946333,133,214348308,7,44,51,183797130,214353107,398150237,10,398150503,266,0,276,398150237,564733,0,564733,1555275.40,0.00,1555274.36,3941218239.01,6516712408.26,0.00,0.00
1894.01,214357673,239937101,133,214357540,7,44,51,184333513,214362339,398695852,10,398696118,266,0,276,398695852,545615,0,545615,1557406.71,0.00,1557405.67,3941218239.01,6516712408.26,0.00,0.00
1896.01,214369937,239924837,133,214369804,7,44,51,184888556,214374603,399263159,10,399263425,266,0,276,399263159,567307,0,567307,1559622.75,0.00,1559621.71,3941218239.01,6516712408.26,0.00,0.00
1898.01,214741636,239553138,133,214741503,7,44,51,185100068,214746403,399846471,10,399846737,266,0,276,399846471,583312,0,583312,1561901.32,0.00,1561900.28,3941218239.01,6516712408.26,0.00,0.00
1900.01,215119709,239175065,133,215119576,7,44,51,185302876,215124472,400427348,10,400427614,266,0,276,400427348,580877,0,580877,1564170.37,0.00,1564169.33,3941218239.01,6516712408.26,0.00,0.00
1902.01,215295585,238999189,133,215295452,7,44,51,185710792,215300389,401011181,10,401011448,266,0,276,401011181,583834,0,583833,1566450.97,0.00,1566449.93,3941218239.01,6516712408.26,0.00,0.00
1904.01,215418701,238876073,133,215418568,7,44,51,186187718,215423545,401611263,10,401611529,266,0,276,401611263,600081,0,600082,1568795.04,0.00,1568794.00,3941218239.01,6516712408.26,0.00,0.00
1906.01,215772479,238522295,133,215772346,7,44,51,186405700,215777392,402183092,10,402183358,266,0,276,402183092,571829,0,571829,1571028.74,0.00,1571027.70,3941218239.01,6516712408.26,0.00,0.00
1908.01,216186805,238107969,133,216186672,7,44,51,186566485,216191767,402758252,10,402758518,266,0,276,402758252,575160,0,575160,1573275.46,0.00,1573274.42,3941218239.01,6516712408.26,0.00,0.00
1910.01,216324053,237970721,133,216323920,7,44,51,187026310,216329023,403355333,10,403355599,266,0,276,403355333,597081,0,597081,1575607.81,0.00,1575606.77,3941218239.01,6516712408.26,0.00,0.00
1912.01,216522218,237772556,133,216522085,7,44,51,187421388,216527243,403948631,10,403948897,266,0,276,403948631,593298,0,593298,1577925.38,0.00,1577924.34,3941218239.01,6516712408.26,0.00,0.00
1914.01,216929153,237365621,133,216929020,7,44,51,187604309,216934231,404538540,10,404538806,266,0,276,404538540,589909,0,589909,1580229.71,0.00,1580228.67,3941218239.01,6516712408.26,0.00,0.00
1916.01,217216861,237077913,133,217216728,7,44,51,187903306,217221925,405125231,10,405125497,266,0,276,405125231,586691,0,586691,1582521.47,0.00,1582520.43,3941218239.01,6516712408.26,0.00,0.00
1918.01,217479829,236814945,133,217479696,7,44,51,188227028,217484929,405711957,10,405712223,266,0,276,405711957,586726,0,586726,1584813.37,0.00,1584812.33,3941218239.01,6516712408.26,0.00,0.00
1920.01,217848327,236446447,133,217848194,7,44,51,188391783,217853433,406245216,10,406245482,266,0,276,406245216,533259,0,533259,1586896.41,0.00,1586895.38,3941218239.01,6516712408.26,0.00,0.00
1922.01,218140353,236154421,133,218140220,7,44,51,188651360,218145458,406796818,10,406797084,266,0,276,406796818,551602,0,551602,1589051.11,0.00,1589050.07,3941218239.01,6516712408.26,0.00,0.00
1924.01,218244189,236050585,133,218244056,7,44,51,189096007,218249335,407345342,10,407345608,266,0,276,407345342,548524,0,548524,1591193.78,0.00,1591192.74,3941218239.01,6516712408.26,0.00,0.00
1926.01,218431447,235863327,133,218431314,7,44,51,189480403,218436618,407917021,10,407917287,266,0,276,407917021,571679,0,571679,1593426.90,0.00,1593425.86,3941218239.01,6516712408.26,0.00,0.00
1928.01,218817870,235476904,133,218817737,7,44,51,189648506,218823103,408471609,10,408471875,266,0,276,408471609,554588,0,554588,1595593.26,0.00,1595592.22,3941218239.01,6516712408.26,0.00,0.00
1930.01,218950529,235344245,133,218950396,7,44,51,190080814,218955738,409036552,10,409036818,266,0,276,409036552,564943,0,564943,1597800.07,0.00,1597799.03,3941218239.01,6516712408.26,0.00,0.00
1932.01,219216946,235077828,133,219216813,7,44,51,190347166,219222221,409569387,10,409569653,266,0,276,409569387,532835,0,532835,1599881.46,0.00,1599880.42,3941218239.01,6516712408.26,0.00,0.00
1934.01,219585395,234709379,133,219585262,7,44,51,190523947,219590672,410114619,10,410114885,266,0,276,410114619,545232,0,545232,1602011.27,0.00,1602010.23,3941218239.01,6516712408.26,0.00,0.00
1936.01,219821345,234473429,133,219821212,7,44,51,190841751,219826596,410668347,10,410668613,266,0,276,410668347,553728,0,553728,1604174.27,0.00,1604173.23,3941218239.01,6516712408.26,0.00,0.00
1938.01,219950929,234343845,133,219950796,7,44,51,191307638,219956194,411263832,10,411264098,266,0,276,411263832,595485,0,595485,1606500.38,0.00,1606499.34,3941218239.01,6516712408.26,0.00,0.00
1940.01,220152253,234142521,133,220152120,7,44,51,191683622,220157562,411841184,10,411841450,266,0,276,411841184,577352,0,577352,1608755.66,0.00,1608754.62,3941218239.01,6516712408.26,0.00,0.00
1942.01,220532296,233762478,133,220532163,7,44,51,191879006,220537677,412416683,10,412416949,266,0,276,412416683,575499,0,575499,1611003.71,0.00,1611002.67,3941218239.01,6516712408.26,0.00,0.00
1944.01,220824718,233470056,133,220824585,7,44,51,192143203,220830127,412973330,10,412973596,266,0,276,412973330,556647,0,556647,1613178.11,0.00,1613177.07,3941218239.01,6516712408.26,0.00,0.00
1946.01,220994652,233300122,133,220994519,7,44,51,192542600,221000073,413542673,10,413542939,266,0,276,413542672,569343,0,569342,1615402.11,0.00,1615401.06,3941218239.01,6516712408.26,0.00,0.00
1948.01,221376941,232917833,133,221376808,7,44,51,192713572,221382337,414095909,10,414096175,266,0,276,414095909,553236,0,553237,1617563.18,0.00,1617562.14,3941218239.01,6516712408.26,0.00,0.00
1950.01,221770125,232524649,133,221769992,7,44,51,192880451,221775604,414656055,10,414656321,266,0,276,414656055,560146,0,560146,1619751.25,0.00,1619750.21,3941218239.01,6516712408.26,0.00,0.00
1952.01,222262807,232031967,133,222262674,7,44,51,192919148,222268337,415187485,10,415187751,266,0,276,415187485,531430,0,531430,1621827.15,0.00,1621826.11,3941218239.01,6516712408.26,0.00,0.00
1954.01,222719738,231575036,133,222719605,7,44,51,192981500,222725273,415706773,10,415707039,266,0,276,415706773,519288,0,519288,1623855.62,0.00,1623854.58,3941218239.01,6516712408.26,0.00,0.00
1956.01,223108288,231186486,133,223108155,7,44,51,193147981,223113865,416261846,10,416262112,266,0,276,416261846,555073,0,555073,1626023.88,0.00,1626022.84,3941218239.01,6516712408.26,0.00,0.00
1958.01,223623699,230671074,133,223623566,7,44,51,193154212,223629275,416783487,10,416783753,266,0,276,416783487,521641,0,521641,1628061.54,0.00,1628060.50,3941218239.01,6516712408.26,0.00,0.00
1960.01,224112937,230181837,133,224112804,7,44,51,193187162,224118557,417305719,10,417305985,266,0,276,417305719,522232,0,522232,1630101.50,0.00,1630100.46,3941218239.01,6516712408.26,0.00,0.00
1962.01,224590169,229704605,133,224590036,7,44,51,193260899,224595834,417856733,10,417856999,266,0,276,417856733,551014,0,551014,1632253.90,0.00,1632252.86,3941218239.01,6516712408.26,0.00,0.00
1964.01,225016273,229278501,133,225016140,7,44,51,193370877,225021982,418392859,10,418393125,266,0,276,418392859,536126,0,536126,1634348.14,0.00,1634347.11,3941218239.01,6516712408.26,0.00,0.00
1966.01,225520786,228773988,133,225520653,7,44,51,193373580,225526467,418900047,10,418900313,266,0,276,418900047,507188,0,507188,1636329.35,0.00,1636328.31,3941218239.01,6516712408.26,0.00,0.00
1968.01,226007770,228287004,133,226007637,7,44,51,193397700,226013467,419411167,10,419411433,266,0,276,419411167,511120,0,511120,1638325.91,0.00,1638324.87,3941218239.01,6516712408.26,0.00,0.00
1970.01,226495494,227799280,133,226495361,7,44,51,193419275,226501210,419920485,10,419920751,266,0,276,419920485,509318,0,509318,1640315.43,0.00,1640314.39,3941218239.01,6516712408.26,0.00,0.00
1972.01,226985594,227309180,133,226985461,7,44,51,193444028,226991312,420435340,10,420435606,266,0,276,420435340,514855,0,514855,1642326.59,0.00,1642325.55,3941218239.01,6516712408.26,0.00,0.00
1974.01,227478856,226815918,133,227478723,7,44,51,193469806,227484572,420954378,10,420954644,266,0,276,420954378,519038,0,519038,1644354.08,0.00,1644353.04,3941218239.01,6516712408.26,0.00,0.00
1976.01,227975509,226319265,133,227975376,7,44,51,193471420,227981240,421452660,10,421452926,266,0,276,421452660,498282,0,498282,1646300.49,0.00,1646299.45,3941218239.01,6516712408.26,0.00,0.00
1978.01,228294653,226000121,133,228294520,7,44,51,193711482,228300346,422011828,10,422012094,266,0,276,422011828,559168,0,559168,1648484.74,0.00,1648483.70,3941218239.01,6516712408.26,0.00,0.00
1980.01,228399241,225895533,133,228399108,7,44,51,194205260,228405023,422610283,10,422610549,266,0,276,422610283,598455,0,598455,1650822.46,0.00,1650821.42,3941218239.01,6516712408.26,0.00,0.00
1982.01,228507981,225786793,133,228507848,7,44,51,194690565,228513834,423204399,10,423204665,266,0,276,423204399,594116,0,594116,1653143.22,0.00,1653142.18,3941218239.01,6516712408.26,0.00,0.00
1984.01,228615925,225678849,133,228615792,7,44,51,195182293,228621847,423804140,10,423804407,266,0,276,423804140,599742,0,599741,1655485.96,0.00,1655484.92,3941218239.01,6516712408.26,0.00,0.00
1986.01,228718493,225576281,133,228718360,7,44,51,195672923,228724426,424397349,10,424397615,266,0,276,424397349,593208,0,593209,1657803.18,0.00,1657802.14,3941218239.01,6516712408.26,0.00,0.00
1988.01,228993756,225301018,133,228993623,7,44,51,195939651,228999766,424939417,10,424939683,266,0,276,424939417,542068,0,542068,1659920.64,0.00,1659919.60,3941218239.01,6516712408.26,0.00,0.00
1990.01,229500876,224793898,133,229500743,7,44,51,195940971,229506899,425447870,10,425448136,266,0,276,425447870,508453,0,508453,1661906.78,0.00,1661905.74,3941218239.01,6516712408.26,0.00,0.00
1992.01,229739884,224554890,133,229739751,7,44,51,196263558,229745893,426009451,10,426009717,266,0,276,426009451,561581,0,561581,1664100.46,0.00,1664099.42,3941218239.01,6516712408.26,0.00,0.00
1994.01,229842359,224452415,133,229842226,7,44,51,196748533,229848389,426596922,10,426597188,266,0,276,426596922,587471,0,587471,1666395.27,0.00,1666394.23,3941218239.01,6516712408.26,0.00,0.00
1996.01,229931543,224363231,133,229931410,7,44,51,197246293,229937583,427183876,10,427184142,266,0,276,427183876,586954,0,586954,1668688.05,0.00,1668687.02,3941218239.01,6516712408.26,0.00,0.00
1998.01,230332754,223962020,133,230332621,7,44,51,197371982,230338848,427710830,10,427711096,266,0,276,427710830,526954,0,526954,1670746.47,0.00,1670745.43,3941218239.01,6516712408.26,0.00,0.00
2000.01,230825730,223469044,133,230825597,7,44,51,197389218,230831851,428221069,10,428221335,266,0,276,428221069,510239,0,510239,1672739.59,0.00,1672738.55,3941218239.01,6516712408.26,0.00,0.00
2002.01,231290588,223004186,133,231290455,7,44,51,197432460,231296666,428729126,10,428729392,266,0,276,428729126,508057,0,508057,1674724.19,0.00,1674723.15,3941218239.01,6516712408.26,0.00,0.00
2004.01,231656320,222638454,133,231656187,7,44,51,197615286,231662459,429277745,10,429278011,266,0,276,429277745,548619,0,548619,1676867.23,0.00,1676866.19,3941218239.01,6516712408.26,0.00,0.00
2006.01,232080273,222214501,133,232080140,7,44,51,197699109,232086443,429785552,10,429785818,266,0,276,429785552,507807,0,507807,1678850.85,0.00,1678849.81,3941218239.01,6516712408.26,0.00,0.00
2008.01,232532072,221762702,133,232531939,7,44,51,197758954,232538322,430297276,10,430297542,266,0,276,430297276,511724,0,511724,1680849.77,0.00,1680848.73,3941218239.01,6516712408.26,0.00,0.00
2010.01,233008398,221286376,133,233008265,7,44,51,197781150,233014645,430795795,10,430796061,266,0,276,430795795,498519,0,498519,1682797.11,0.00,1682796.07,3941218239.01,6516712408.26,0.00,0.00
2012.01,233482515,220812259,133,233482382,7,44,51,197817488,233488790,431306278,10,431306544,266,0,276,431306278,510483,0,510483,1684791.19,0.00,1684790.15,3941218239.01,6516712408.26,0.00,0.00
2014.01,233973617,220321157,133,233973484,7,44,51,197836376,233979899,431816275,10,431816541,266,0,276,431816275,509997,0,509997,1686783.36,0.00,1686782.32,3941218239.01,6516712408.26,0.00,0.00
2016.01,234444449,219850325,133,234444316,7,44,51,197880229,234450756,432330985,10,432331251,266,0,276,432330985,514710,0,514710,1688793.95,0.00,1688792.91,3941218239.01,6516712408.26,0.00,0.00
2018.01,234910302,219384471,133,234910169,7,44,51,197913440,234916618,432830058,10,432830324,266,0,276,432830058,499073,0,499073,1690743.45,0.00,1690742.41,3941218239.01,6516712408.26,0.00,0.00
2020.01,235399287,218895487,133,235399154,7,44,51,197916132,235405611,433321743,10,433322009,266,0,276,433321743,491685,0,491685,1692664.10,0.00,1692663.06,3941218239.01,6516712408.26,0.00,0.00
2022.01,235850859,218443915,133,235850726,7,44,51,197936912,235857188,433794100,10,433794366,266,0,276,433794100,472357,0,472357,1694509.24,0.00,1694508.20,3941218239.01,6516712408.26,0.00,0.00
2024.01,236294233,218000541,133,236294100,7,44,51,197996549,236300556,434297105,10,434297371,266,0,276,434297105,503005,0,503005,1696474.11,0.00,1696473.07,3941218239.01,6516712408.26,0.00,0.00
2026.01,236734768,217560006,133,236734635,7,44,51,198061357,236741106,434802463,10,434802729,266,0,276,434802463,505358,0,505358,1698448.16,0.00,1698447.12,3941218239.01,6516712408.26,0.00,0.00
2028.01,237080485,217214289,133,237080352,7,44,51,198233237,237086844,435320081,10,435320347,266,0,276,435320081,517618,0,517618,1700470.11,0.00,1700469.07,3941218239.01,6516712408.26,0.00,0.00
2030.01,237122930,217171844,133,237122797,7,44,51,198775976,237129314,435905290,10,435905556,266,0,276,435905290,585209,0,585209,1702756.08,0.00,1702755.04,3941218239.01,6516712408.26,0.00,0.00
2032.01,237178153,217116621,133,237178020,7,44,51,199308417,237184563,436492980,10,436493246,266,0,276,436492980,587690,0,587690,1705051.74,0.00,1705050.70,3941218239.01,6516712408.26,0.00,0.00
2034.01,237214835,217079939,133,237214702,7,44,51,199850041,237221270,437071311,10,437071577,266,0,276,437071311,578331,0,578331,1707310.85,0.00,1707309.81,3941218239.01,6516712408.26,0.00,0.00
2036.01,237347409,216947365,133,237347276,7,44,51,200312676,237353875,437666551,10,437666817,266,0,276,437666551,595240,0,595240,1709636.00,0.00,1709634.96,3941218239.01,6516712408.26,0.00,0.00
2038.01,237670061,216624713,133,237669928,7,44,51,200521542,237676536,438198078,10,438198344,266,0,276,438198078,531527,0,531527,1711712.28,0.00,1711711.24,3941218239.01,6516712408.26,0.00,0.00
2040.01,238017153,216277621,133,238017020,7,44,51,200711610,238023685,438735295,10,438735561,266,0,276,438735295,537217,0,537217,1713810.79,0.00,1713809.75,3941218239.01,6516712408.26,0.00,0.00
2042.01,238471702,215823072,133,238471569,7,44,51,200728792,238478236,439207028,10,439207294,266,0,276,439207028,471733,0,471733,1715653.49,0.00,1715652.45,3941218239.01,6516712408.26,0.00,0.00
2044.01,238779365,215515409,133,238779232,7,44,51,200964655,238785881,439750536,10,439750802,266,0,276,439750536,543508,0,543508,1717776.57,0.00,1717775.53,3941218239.01,6516712408.26,0.00,0.00
2046.01,238848511,215446263,133,238848378,7,44,51,201488296,238855058,440343354,10,440343620,266,0,276,440343354,592818,0,592818,1720092.27,0.00,1720091.23,3941218239.01,6516712408.26,0.00,0.00
2048.01,238943309,215351465,133,238943176,7,44,51,201991142,238949896,440941038,10,440941304,266,0,276,440941038,597684,0,597684,1722426.97,0.00,1722425.93,3941218239.01,6516712408.26,0.00,0.00
2050.01,239068609,215226165,133,239068476,7,44,51,202460864,239075270,441536134,10,441536400,266,0,276,441536134,595096,0,595096,1724751.56,0.00,1724750.52,3941218239.01,6516712408.26,0.00,0.00
2052.01,239172650,215122124,133,239172517,7,44,51,202951344,239179466,442130810,10,442131076,266,0,276,442130810,594676,0,594676,1727074.52,0.00,1727073.48,3941218239.01,6516712408.26,0.00,0.00
2054.01,239225453,215069321,133,239225320,7,44,51,203501486,239232272,442733758,10,442734024,266,0,276,442733758,602948,0,602948,1729429.78,0.00,1729428.74,3941218239.01,6516712408.26,0.00,0.00
2056.01,239565201,214729573,133,239565068,7,44,51,203679716,239572083,443251799,10,443252065,266,0,276,443251799,518041,0,518041,1731453.38,0.00,1731452.34,3941218239.01,6516712408.26,0.00,0.00
2058.01,240024656,214270118,133,240024523,7,44,51,203701568,240031582,443733150,10,443733416,266,0,276,443733150,481351,0,481351,1733333.66,0.00,1733332.62,3941218239.01,6516712408.26,0.00,0.00
2060.01,240316102,213978672,133,240315969,7,44,51,203928802,240323028,444251830,10,444252096,266,0,276,444251830,518680,0,518680,1735359.75,0.00,1735358.71,3941218239.01,6516712408.26,0.00,0.00
2062.01,240756431,213538343,133,240756298,7,44,51,203961486,240763370,444724856,10,444725122,266,0,276,444724856,473026,0,473026,1737207.51,0.00,1737206.47,3941218239.01,6516712408.26,0.00,0.00
2064.01,241175461,213119313,133,241175328,7,44,51,204046704,241182417,445229121,10,445229387,266,0,276,445229121,504265,0,504265,1739177.29,0.00,1739176.25,3941218239.01,6516712408.26,0.00,0.00
2066.01,241262107,213032667,133,241261974,7,44,51,204562761,241269088,445831849,10,445832115,266,0,276,445831849,602728,0,602728,1741531.70,0.00,1741530.66,3941218239.01,6516712408.26,0.00,0.00
2068.01,241388202,212906572,133,241388069,7,44,51,205012741,241395270,446408011,10,446408277,266,0,276,446408011,576162,0,576162,1743782.33,0.00,1743781.29,3941218239.01,6516712408.26,0.00,0.00
2070.01,241767958,212526816,133,241767825,7,44,51,205143698,241774993,446918691,10,446918957,266,0,276,446918691,510680,0,510680,1745777.18,0.00,1745776.14,3941218239.01,6516712408.26,0.00,0.00
2072.01,242241349,212053425,133,242241216,7,44,51,205175162,242248444,447423606,10,447423872,266,0,276,447423606,504915,0,504915,1747749.50,0.00,1747748.46,3941218239.01,6516712408.26,0.00,0.00
2074.01,242693354,211601420,133,242693221,7,44,51,205217475,242700402,447917877,10,447918143,266,0,276,447917877,494271,0,494271,1749680.25,0.00,1749679.21,3941218239.01,6516712408.26,0.00,0.00
2076.01,243108417,211186357,133,243108284,7,44,51,205295970,243115535,448411505,10,448411771,266,0,276,448411505,493628,0,493628,1751608.48,0.00,1751607.44,3941218239.01,6516712408.26,0.00,0.00
2078.01,243570861,210723913,133,243570728,7,44,51,205309530,243578009,448887539,10,448887805,266,0,276,448887539,476034,0,476034,1753467.99,0.00,1753466.95,3941218239.01,6516712408.26,0.00,0.00
2080.01,243883261,210411513,133,243883128,7,44,51,205509230,243890405,449399635,10,449399901,266,0,276,449399635,512096,0,512096,1755468.36,0.00,1755467.32,3941218239.01,6516712408.26,0.00,0.00
2082.01,244321084,209973690,133,244320951,7,44,51,205572735,244328235,449900970,10,449901236,266,0,276,449900970,501335,0,501335,1757426.70,0.00,1757425.66,3941218239.01,6516712408.26,0.00,0.00
2084.01,244780793,209513981,133,244780660,7,44,51,205591970,244787985,450379955,10,450380221,266,0,276,450379955,478985,0,478985,1759297.74,0.00,1759296.70,3941218239.01,6516712408.26,0.00,0.00
2086.01,244850149,209444625,133,244850016,7,44,51,206100178,244857302,450957480,10,450957747,266,0,276,450957480,577526,0,577525,1761553.70,0.00,1761552.66,3941218239.01,6516712408.26,0.00,0.00
2088.01,245074429,209220345,133,245074296,7,44,51,206407013,245081597,451488610,10,451488876,266,0,276,451488610,531129,0,531130,1763628.42,0.00,1763627.38,3941218239.01,6516712408.26,0.00,0.00
2090.01,245445765,208849009,133,245445632,7,44,51,206539731,245452937,451992668,10,451992934,266,0,276,451992668,504058,0,504058,1765597.40,0.00,1765596.36,3941218239.01,6516712408.26,0.00,0.00
2092.01,245734149,208560625,133,245734016,7,44,51,206768157,245741326,452509483,10,452509749,266,0,276,452509483,516815,0,516815,1767616.21,0.00,1767615.17,3941218239.01,6516712408.26,0.00,0.00
2094.01,246196023,208098751,133,246195890,7,44,51,206785257,246203348,452988605,10,452988871,266,0,276,452988605,479122,0,479122,1769487.78,0.00,1769486.74,3941218239.01,6516712408.26,0.00,0.00
2096.01,246646622,207648152,133,246646489,7,44,51,206802284,246653945,453456229,10,453456495,266,0,276,453456229,467624,0,467624,1771314.43,0.00,1771313.39,3941218239.01,6516712408.26,0.00,0.00
2098.01,246897587,207397187,133,246897454,7,44,51,207096044,246904891,454000935,10,454001202,266,0,276,454000935,544707,0,544706,1773442.20,0.00,1773441.15,3941218239.01,6516712408.26,0.00,0.00
2100.01,246946658,207348116,133,246946525,7,44,51,207638531,246954020,454592551,10,454592817,266,0,276,454592551,591615,0,591616,1775753.19,0.00,1775752.15,3941218239.01,6516712408.26,0.00,0.00
2102.01,246984364,207310410,133,246984231,7,44,51,208205528,246991734,455197262,10,455197528,266,0,276,455197262,604711,0,604711,1778115.34,0.00,1778114.30,3941218239.01,6516712408.26,0.00,0.00
2104.01,247053589,207241185,133,247053456,7,44,51,208743691,247060979,455804670,10,455804936,266,0,276,455804670,607408,0,607408,1780488.03,0.00,1780486.99,3941218239.01,6516712408.26,0.00,0.00
2106.01,247479468,206815306,133,247479335,7,44,51,208858281,247486938,456345219,10,456345485,266,0,276,456345219,540549,0,540549,1782599.55,0.00,1782598.51,3941218239.01,6516712408.26,0.00,0.00
2108.01,247679215,206615559,133,247679082,7,44,51,209220525,247686707,456907232,10,456907498,266,0,276,456907232,562013,0,562013,1784794.91,0.00,1784793.88,3941218239.01,6516712408.26,0.00,0.00
2110.01,247950096,206344678,133,247949963,7,44,51,209498584,247957542,457456126,10,457456392,266,0,276,457456126,548894,0,548894,1786939.03,0.00,1786937.99,3941218239.01,6516712408.26,0.00,0.00
2112.01,248053597,206241177,133,248053464,7,44,51,209972115,248061086,458033201,10,458033467,266,0,276,458033201,577075,0,577075,1789193.23,0.00,1789192.19,3941218239.01,6516712408.26,0.00,0.00
2114.01,248295110,205999664,133,248294977,7,44,51,210272955,248302612,458575567,10,458575833,266,0,276,458575567,542366,0,542366,1791311.85,0.00,1791310.81,3941218239.01,6516712408.26,0.00,0.00
2116.01,248634385,205660389,133,248634252,7,44,51,210424527,248641956,459066483,10,459066749,266,0,276,459066483,490916,0,490916,1793229.49,0.00,1793228.45,3941218239.01,6516712408.26,0.00,0.00
2118.01,249102784,205191990,133,249102651,7,44,51,210436587,249110382,459546969,10,459547235,266,0,276,459546969,480486,0,480486,1795106.39,0.00,1795105.35,3941218239.01,6516712408.26,0.00,0.00
2120.01,249342696,204952078,133,249342563,7,44,51,210729486,249350340,460079826,10,460080092,266,0,276,460079826,532857,0,532857,1797187.86,0.00,1797186.82,3941218239.01,6516712408.26,0.00,0.00
2122.01,249687324,204607450,133,249687191,7,44,51,210888061,249694976,460583037,10,460583303,266,0,276,460583037,503211,0,503211,1799153.53,0.00,1799152.49,3941218239.01,6516712408.26,0.00,0.00
2124.01,249970819,204323955,133,249970686,7,44,51,211131181,249978517,461109698,10,461109964,266,0,276,461109698,526661,0,526661,1801210.80,0.00,1801209.76,3941218239.01,6516712408.26,0.00,0.00
2126.01,250076941,204217833,133,250076808,7,44,51,211619907,250084650,461704557,10,461704823,266,0,276,461704557,594859,0,594859,1803534.46,0.00,1803533.43,3941218239.01,6516712408.26,0.00,0.00
2128.01,250292576,204002197,133,250292443,7,44,51,211956649,250300370,462257019,10,462257285,266,0,276,462257019,552462,0,552462,1805692.52,0.00,1805691.48,3941218239.01,6516712408.26,0.00,0.00
2130.01,250688961,203605813,133,250688828,7,44,51,212052559,250696696,462749255,10,462749521,266,0,276,462749255,492236,0,492236,1807615.32,0.00,1807614.28,3941218239.01,6516712408.26,0.00,0.00
2132.01,250981101,203313673,133,250980968,7,44,51,212256839,250988924,463245763,10,463246029,266,0,276,463245763,496508,0,496508,1809554.80,0.00,1809553.76,3941218239.01,6516712408.26,0.00,0.00
2134.01,251069521,203225253,133,251069388,7,44,51,212768305,251077327,463845632,10,463845898,266,0,276,463845632,599869,0,599869,1811898.04,0.00,1811897.00,3941218239.01,6516712408.26,0.00,0.00
2136.01,251127133,203167641,133,251127000,7,44,51,213311130,251135055,464446185,10,464446451,266,0,276,464446185,600553,0,600553,1814243.95,0.00,1814242.91,3941218239.01,6516712408.26,0.00,0.00
2138.01,251491944,202802830,133,251491811,7,44,51,213441305,251499926,464941231,10,464941497,266,0,276,464941231,495046,0,495046,1816177.72,0.00,1816176.68,3941218239.01,6516712408.26,0.00,0.00
2140.01,251963909,202330865,133,251963776,7,44,51,213441633,251971895,465413528,10,465413794,266,0,276,465413528,472297,0,472297,1818022.63,0.00,1818021.59,3941218239.01,6516712408.26,0.00,0.00
2142.01,252128158,202166616,133,252128025,7,44,51,213839205,252136159,465975364,10,465975630,266,0,276,465975364,561836,0,561836,1820217.30,0.00,1820216.27,3941218239.01,6516712408.26,0.00,0.00
2144.01,252359329,201935445,133,252359196,7,44,51,214152961,252367301,466520262,10,466520528,266,0,276,466520262,544898,0,544898,1822345.81,0.00,1822344.77,3941218239.01,6516712408.26,0.00,0.00
2146.01,252455269,201839505,133,252455136,7,44,51,214659949,252463256,467123205,10,467123471,266,0,276,467123205,602943,0,602943,1824701.06,0.00,1824700.02,3941218239.01,6516712408.26,0.00,0.00
2148.01,252675581,201619193,133,252675448,7,44,51,214981691,252683605,467665296,10,467665562,266,0,276,467665296,542091,0,542091,1826818.60,0.00,1826817.56,3941218239.01,6516712408.26,0.00,0.00
2150.01,252894897,201399877,133,252894764,7,44,51,215317173,252902921,468220094,10,468220360,266,0,276,468220094,554798,0,554798,1828985.78,0.00,1828984.74,3941218239.01,6516712408.26,0.00,0.00
2152.01,252944321,201350453,133,252944188,7,44,51,215887462,252952345,468839807,10,468840073,266,0,276,468839807,619713,0,619713,1831406.54,0.00,1831405.50,3941218239.01,6516712408.26,0.00,0.00
2154.01,253019373,201275401,133,253019240,7,44,51,216438229,253027418,469465647,10,469465913,266,0,276,469465647,625840,0,625840,1833851.22,0.00,1833850.18,3941218239.01,6516712408.26,0.00,0.00
2156.01,253354834,200939940,133,253354701,7,44,51,216663876,253362921,470026797,10,470027063,266,0,276,470026797,561150,0,561150,1836043.21,0.00,1836042.18,3941218239.01,6516712408.26,0.00,0.00
2158.01,253422749,200872025,133,253422616,7,44,51,217210138,253430804,470640942,10,470641208,266,0,276,470640942,614145,0,614145,1838442.22,0.00,1838441.18,3941218239.01,6516712408.26,0.00,0.00
2160.01,253462061,200832713,133,253461928,7,44,51,217775952,253470133,471246085,10,471246351,266,0,276,471246085,605143,0,605143,1840806.06,0.00,1840805.02,3941218239.01,6516712408.26,0.00,0.00
2162.01,253628629,200666145,133,253628496,7,44,51,218212248,253636707,471848955,10,471849221,266,0,276,471848955,602870,0,602870,1843161.02,0.00,1843159.98,3941218239.01,6516712408.26,0.00,0.00
2164.01,253712525,200582249,133,253712392,7,44,51,218748426,253720603,472469029,10,472469295,266,0,276,472469029,620074,0,620074,1845583.18,0.00,1845582.14,3941218239.01,6516712408.26,0.00,0.00
2166.01,253866981,200427793,133,253866848,7,44,51,219193493,253875065,473068558,10,473068824,266,0,276,473068558,599529,0,599529,1847925.09,0.00,1847924.05,3941218239.01,6516712408.26,0.00,0.00
2168.01,253882381,200412393,133,253882248,7,44,51,219776889,253890465,473667354,10,473667620,266,0,276,473667354,598796,0,598796,1850264.14,0.00,1850263.10,3941218239.01,6516712408.26,0.00,0.00
2170.01,254159221,200135553,133,254159088,7,44,51,220082627,254167309,474249936,10,474250202,266,0,276,474249936,582582,0,582582,1852539.85,0.00,1852538.81,3941218239.01,6516712408.26,0.00,0.00
2172.01,254221341,200073433,133,254221208,7,44,51,220608316,254229437,474837753,10,474838019,266,0,276,474837753,587817,0,587817,1854836.01,0.00,1854834.97,3941218239.01,6516712408.26,0.00,0.00
2174.01,254360995,199933779,133,254360862,7,44,51,221053754,254369111,475422865,10,475423131,266,0,276,475422865,585112,0,585112,1857121.61,0.00,1857120.57,3941218239.01,6516712408.26,0.00,0.00
2176.01,254566461,199728313,133,254566328,7,44,51,221427460,254574577,476002037,10,476002303,266,0,276,476002037,579172,0,579172,1859384.00,0.00,1859382.96,3941218239.01,6516712408.26,0.00,0.00
2178.01,254754694,199540080,133,254754561,7,44,51,221797495,254762873,476560368,10,476560634,266,0,276,476560368,558331,0,558331,1861564.98,0.00,1861563.94,3941218239.01,6516712408.26,0.00,0.00
2180.01,254999461,199295313,133,254999328,7,44,51,222090048,255007577,477097625,10,477097891,266,0,276,477097625,537257,0,537257,1863663.64,0.00,1863662.60,3941218239.01,6516712408.26,0.00,0.00
2182.01,255036921,199257853,133,255036788,7,44,51,222639052,255045053,477684105,10,477684371,266,0,276,477684105,586480,0,586480,1865954.57,0.00,1865953.54,3941218239.01,6516712408.26,0.00,0.00
2184.01,255083525,199211249,133,255083392,7,44,51,223176938,255091661,478268599,10,478268865,266,0,276,478268599,584494,0,584494,1868237.75,0.00,1868236.71,3941218239.01,6516712408.26,0.00,0.00
2186.01,255226451,199068323,133,255226318,7,44,51,223578717,255234669,478813386,10,478813652,266,0,276,478813386,544787,0,544787,1870365.83,0.00,1870364.79,3941218239.01,6516712408.26,0.00,0.00
2188.01,255354334,198940440,133,255354201,7,44,51,224008157,255362546,479370703,10,479370969,266,0,276,479370703,557317,0,557317,1872542.85,0.00,1872541.81,3941218239.01,6516712408.26,0.00,0.00
2190.01,255508633,198786141,133,255508500,7,44,51,224426142,255516789,479942931,10,479943197,266,0,276,479942931,572228,0,572228,1874778.11,0.00,1874777.07,3941218239.01,6516712408.26,0.00,0.00
2192.01,255673987,198620787,133,255673854,7,44,51,224844827,255682143,480526970,10,480527236,266,0,276,480526970,584039,0,584039,1877059.52,0.00,1877058.48,3941218239.01,6516712408.26,0.00,0.00
2194.01,255775890,198518884,133,255775757,7,44,51,225338681,255784089,481122770,10,481123036,266,0,276,481122770,595800,0,595800,1879386.86,0.00,1879385.82,3941218239.01,6516712408.26,0.00,0.00
2196.01,255986131,198308643,133,255985998,7,44,51,225717313,255994351,481711664,10,481711930,266,0,276,481711664,588894,0,588894,1881687.23,0.00,1881686.19,3941218239.01,6516712408.26,0.00,0.00
2198.01,256162457,198132317,133,256162324,7,44,51,226111339,256170616,482281955,10,482282221,266,0,276,482281955,570291,0,570291,1883914.93,0.00,1883913.89,3941218239.01,6516712408.26,0.00,0.00
2200.01,256565673,197729101,133,256565540,7,44,51,226315100,256573880,482888980,10,482889246,266,0,276,482888980,607025,0,607025,1886286.12,0.00,1886285.08,3941218239.01,6516712408.26,0.00,0.00
2202.01,256682641,197612133,133,256682508,7,44,51,226784826,256690800,483475626,10,483475892,266,0,276,483475626,586646,0,586646,1888577.70,0.00,1888576.66,3941218239.01,6516712408.26,0.00,0.00
2204.01,256702601,197592173,133,256702468,7,44,51,227350644,256710760,484061404,10,484061670,266,0,276,484061404,585778,0,585778,1890865.90,0.00,1890864.86,3941218239.01,6516712408.26,0.00,0.00
2206.01,256811089,197483685,133,256810956,7,44,51,227812735,256819257,484631992,10,484632258,266,0,276,484631992,570588,0,570588,1893094.76,0.00,1893093.72,3941218239.01,6516712408.26,0.00,0.00
2208.01,257027945,197266829,133,257027812,7,44,51,228165384,257036113,485201497,10,485201763,266,0,276,485201497,569505,0,569505,1895319.39,0.00,1895318.35,3941218239.01,6516712408.26,0.00,0.00
2210.01,257270349,197024425,133,257270216,7,44,51,228496092,257278573,485774665,10,485774931,266,0,276,485774665,573168,0,573168,1897558.32,0.00,1897557.29,3941218239.01,6516712408.26,0.00,0.00
2212.01,257540377,196754397,133,257540244,7,44,51,228776004,257548548,486324552,10,486324818,266,0,276,486324552,549887,0,549887,1899706.32,0.00,1899705.28,3941218239.01,6516712408.26,0.00,0.00
2214.01,257789593,196505181,133,257789460,7,44,51,229101163,257797768,486898931,10,486899197,266,0,276,486898931,574379,0,574379,1901949.99,0.00,1901948.95,3941218239.01,6516712408.26,0.00,0.00
2216.01,258051041,196243733,133,258050908,7,44,51,229395623,258059222,487454845,10,487455111,266,0,276,487454845,555914,0,555914,1904121.53,0.00,1904120.49,3941218239.01,6516712408.26,0.00,0.00
2218.01,258084465,196210309,133,258084332,7,44,51,229938333,258092646,488030979,10,488031245,266,0,276,488030979,576134,0,576134,1906372.05,0.00,1906371.01,3941218239.01,6516712408.26,0.00,0.00
2220.01,258468410,195826364,133,258468277,7,44,51,230135264,258476642,488611906,10,488612172,266,0,276,488611906,580927,0,580927,1908641.30,0.00,1908640.26,3941218239.01,6516712408.26,0.00,0.00
2222.01,258920220,195374554,133,258920087,7,44,51,230236440,258928450,489164890,10,489165156,266,0,276,489164890,552984,0,552984,1910801.39,0.00,1910800.35,3941218239.01,6516712408.26,0.00,0.00
2224.01,259447215,194847559,133,259447082,7,44,51,230251198,259455453,489706651,10,489706917,266,0,276,489706651,541761,0,541761,1912917.64,0.00,1912916.61,3941218239.01,6516712408.26,0.00,0.00
2226.01,259924128,194370646,133,259923995,7,44,51,230280222,259932370,490212592,10,490212858,266,0,276,490212592,505941,0,505941,1914893.98,0.00,1914892.94,3941218239.01,6516712408.26,0.00,0.00
2228.01,260172641,194122133,133,260172508,7,44,51,230583602,260180833,490764435,10,490764701,266,0,276,490764435,551843,0,551843,1917049.61,0.00,1917048.57,3941218239.01,6516712408.26,0.00,0.00
2230.01,260239405,194055369,133,260239272,7,44,51,231112284,260247615,491359899,10,491360165,266,0,276,491359899,595464,0,595464,1919375.64,0.00,1919374.61,3941218239.01,6516712408.26,0.00,0.00
2232.01,260576045,193718729,133,260575912,7,44,51,231293780,260584329,491878109,10,491878375,266,0,276,491878109,518210,0,518210,1921399.90,0.00,1921398.86,3941218239.01,6516712408.26,0.00,0.00
2234.01,261024049,193270725,133,261023916,7,44,51,231331144,261032340,492363484,10,492363750,266,0,276,492363484,485375,0,485375,1923295.90,0.00,1923294.86,3941218239.01,6516712408.26,0.00,0.00
2236.01,261481590,192813184,133,261481457,7,44,51,231335008,261489876,492824884,10,492825150,266,0,276,492824884,461400,0,461400,1925098.24,0.00,1925097.20,3941218239.01,6516712408.26,0.00,0.00
2238.01,261955273,192339501,133,261955140,7,44,51,231343475,261963504,493306979,10,493307245,266,0,276,493306979,482095,0,482095,1926981.43,0.00,1926980.39,3941218239.01,6516712408.26,0.00,0.00
2240.01,262416935,191877839,133,262416802,7,44,51,231373886,262425230,493799116,10,493799382,266,0,276,493799116,492137,0,492137,1928903.84,0.00,1928902.80,3941218239.01,6516712408.26,0.00,0.00
2242.01,262883084,191411690,133,262882951,7,44,51,231390886,262891373,494282259,10,494282525,266,0,276,494282259,483143,0,483143,1930791.11,0.00,1930790.07,3941218239.01,6516712408.26,0.00,0.00
2244.01,263270182,191024592,133,263270049,7,44,51,231476602,263278495,494755097,10,494755363,266,0,276,494755097,472838,0,472838,1932638.14,0.00,1932637.10,3941218239.01,6516712408.26,0.00,0.00
2246.01,263731456,190563318,133,263731323,7,44,51,231492076,263739766,495231842,10,495232108,266,0,276,495231842,476745,0,476745,1934500.42,0.00,1934499.38,3941218239.01,6516712408.26,0.00,0.00
2248.01,264112690,190182084,133,264112557,7,44,51,231598492,264121009,495719501,10,495719767,266,0,276,495719501,487659,0,487659,1936405.34,0.00,1936404.30,3941218239.01,6516712408.26,0.00,0.00
2250.01,264439853,189854921,133,264439720,7,44,51,231761308,264448113,496209421,10,496209687,266,0,276,496209421,489920,0,489920,1938319.09,0.00,1938318.05,3941218239.01,6516712408.26,0.00,0.00
2252.01,264630349,189664425,133,264630216,7,44,51,232128070,264638615,496766685,10,496766951,266,0,276,496766685,557264,0,557264,1940495.90,0.00,1940494.86,3941218239.01,6516712408.26,0.00,0.00
2254.01,264829182,189465592,133,264829049,7,44,51,232473047,264837511,497310558,10,497310824,266,0,276,497310558,543873,0,543873,1942620.41,0.00,1942619.37,3941218239.01,6516712408.26,0.00,0.00
2256.01,264968213,189326561,133,264968080,7,44,51,232918743,264976504,497895247,10,497895513,266,0,276,497895247,584689,0,584689,1944904.35,0.00,1944903.31,3941218239.01,6516712408.26,0.00,0.00
2258.01,265159869,189134905,133,265159736,7,44,51,233312211,265168168,498480379,10,498480645,266,0,276,498480379,585132,0,585132,1947190.02,0.00,1947188.98,3941218239.01,6516712408.26,0.00,0.00
2260.01,265411781,188882993,133,265411648,7,44,51,233636739,265420096,499056835,10,499057102,266,0,276,499056836,576457,0,576457,1949441.80,0.00,1949440.77,3941218239.01,6516712408.26,0.00,0.00
2262.01,265836509,188458265,133,265836376,7,44,51,233765937,265844848,499610785,10,499611051,266,0,276,499610785,553949,0,553949,1951605.67,0.00,1951604.63,3941218239.01,6516712408.26,0.00,0.00
2264.01,266274895,188019879,133,266274762,7,44,51,233906716,266283290,500190006,10,500190272,266,0,276,500190006,579221,0,579221,1953868.25,0.00,1953867.21,3941218239.01,6516712408.26,0.00,0.00
2266.01,266631321,187663453,133,266631188,7,44,51,234060028,266639702,500699730,10,500699996,266,0,276,500699730,509724,0,509724,1955859.36,0.00,1955858.32,3941218239.01,6516712408.26,0.00,0.00
2268.01,266663069,187631705,133,266662936,7,44,51,234615178,266671456,501286634,10,501286900,266,0,276,501286634,586904,0,586904,1958151.95,0.00,1958150.91,3941218239.01,6516712408.26,0.00,0.00
2270.01,266750049,187544725,133,266749916,7,44,51,235110271,266758438,501868709,10,501868975,266,0,276,501868709,582075,0,582075,1960425.68,0.00,1960424.64,3941218239.01,6516712408.26,0.00,0.00
2272.01,267089862,187204912,133,267089729,7,44,51,235296838,267098311,502395149,10,502395415,266,0,276,502395149,526440,0,526440,1962482.09,0.00,1962481.05,3941218239.01,6516712408.26,0.00,0.00
2274.01,267536382,186758392,133,267536249,7,44,51,235303393,267544833,502848226,10,502848492,266,0,276,502848226,453077,0,453077,1964251.92,0.00,1964250.88,3941218239.01,6516712408.26,0.00,0.00
2276.01,267988212,186306562,133,267988079,7,44,51,235333033,267996670,503329703,10,503329969,266,0,276,503329703,481477,0,481477,1966132.69,0.00,1966131.65,3941218239.01,6516712408.26,0.00,0.00
2278.01,268222557,186072217,133,268222424,7,44,51,235623310,268231001,503854311,10,503854577,266,0,276,503854311,524608,0,524608,1968181.94,0.00,1968180.90,3941218239.01,6516712408.26,0.00,0.00
2280.01,268298673,185996101,133,268298540,7,44,51,236130550,268307242,504437792,10,504438058,266,0,276,504437792,583481,0,583481,1970461.16,0.00,1970460.12,3941218239.01,6516712408.26,0.00,0.00
2282.01,268473037,185821737,133,268472904,7,44,51,236494894,268481605,504976499,10,504976765,266,0,276,504976499,538707,0,538707,1972565.49,0.00,1972564.45,3941218239.01,6516712408.26,0.00,0.00
2284.01,268885349,185409425,133,268885216,7,44,51,236562881,268893919,505456800,10,505457066,266,0,276,505456800,480301,0,480301,1974441.66,0.00,1974440.62,3941218239.01,6516712408.26,0.00,0.00
2286.01,269285073,185009701,133,269284940,7,44,51,236650595,269293595,505944190,10,505944456,266,0,276,505944190,487390,0,487390,1976345.53,0.00,1976344.49,3941218239.01,6516712408.26,0.00,0.00
2288.01,269299153,184995621,133,269299020,7,44,51,237243170,269307704,506550874,10,506551140,266,0,276,506550874,606684,0,606684,1978715.39,0.00,1978714.35,3941218239.01,6516712408.26,0.00,0.00
2290.01,269407785,184886989,133,269407652,7,44,51,237726283,269416442,507142725,10,507142991,266,0,276,507142725,591851,0,591851,1981027.31,0.00,1981026.27,3941218239.01,6516712408.26,0.00,0.00
2292.01,269471197,184823577,133,269471064,7,44,51,238253589,269479814,507733403,10,507733669,266,0,276,507733403,590678,0,590678,1983334.64,0.00,1983333.61,3941218239.01,6516712408.26,0.00,0.00
2294.01,269561169,184733605,133,269561036,7,44,51,238733244,269569786,508303030,10,508303296,266,0,276,508303030,569627,0,569627,1985559.75,0.00,1985558.71,3941218239.01,6516712408.26,0.00,0.00
2296.01,269973354,184321420,133,269973221,7,44,51,238792990,269982035,508775025,10,508775291,266,0,276,508775025,471995,0,471995,1987403.48,0.00,1987402.44,3941218239.01,6516712408.26,0.00,0.00
2298.01,270408368,183886406,133,270408235,7,44,51,238799537,270417045,509216582,10,509216848,266,0,276,509216582,441557,0,441557,1989128.31,0.00,1989127.27,3941218239.01,6516712408.26,0.00,0.00
2300.01,270456401,183838373,133,270456268,7,44,51,239319582,270465023,509784605,10,509784871,266,0,276,509784605,568023,0,568023,1991347.15,0.00,1991346.11,3941218239.01,6516712408.26,0.00,0.00
2302.01,270538053,183756721,133,270537920,7,44,51,239816961,270546686,510363647,10,510363913,266,0,276,510363647,579042,0,579042,1993609.04,0.00,1993608.00,3941218239.01,6516712408.26,0.00,0.00
2304.01,270571733,183723041,133,270571600,7,44,51,240367887,270580373,510948260,10,510948526,266,0,276,510948260,584613,0,584613,1995892.68,0.00,1995891.64,3941218239.01,6516712408.26,0.00,0.00
2306.01,270803058,183491716,133,270802925,7,44,51,240700016,270811753,511511769,10,511512035,266,0,276,511511769,563509,0,563509,1998093.89,0.00,1998092.85,3941218239.01,6516712408.26,0.00,0.00
2308.01,271258761,183036013,133,271258628,7,44,51,240740816,271267481,512008297,10,512008563,266,0,276,512008297,496528,0,496528,2000033.45,0.00,2000032.41,3941218239.01,6516712408.26,0.00,0.00
2310.01,271556941,182737833,133,271556808,7,44,51,240994360,271565616,512559976,10,512560242,266,0,276,512559976,551679,0,551679,2002188.45,0.00,2002187.41,3941218239.01,6516712408.26,0.00,0.00
2312.01,271623506,182671267,133,271623373,7,44,51,241513876,271632220,513146096,10,513146362,266,0,276,513146096,586120,0,586120,2004477.98,0.00,2004476.94,3941218239.01,6516712408.26,0.00,0.00
2314.01,271786117,182508657,133,271785984,7,44,51,241916624,271794928,513711552,10,513711818,266,0,276,513711552,565456,0,565456,2006686.79,0.00,2006685.75,3941218239.01,6516712408.26,0.00,0.00
2316.01,272083963,182210810,133,272083830,7,44,51,242143306,272092742,514236048,10,514236314,266,0,276,514236048,524496,0,524496,2008735.60,0.00,2008734.56,3941218239.01,6516712408.26,0.00,0.00
2318.01,272349437,181945337,133,272349304,7,44,51,242443863,272358192,514802055,10,514802321,266,0,276,514802055,566007,0,566007,2010946.57,0.00,2010945.53,3941218239.01,6516712408.26,0.00,0.00
2320.01,272432270,181862504,133,272432137,7,44,51,242946291,272441068,515387359,10,515387625,266,0,276,515387359,585304,0,585304,2013232.91,0.00,2013231.87,3941218239.01,6516712408.26,0.00,0.00
2322.01,272541925,181752849,133,272541792,7,44,51,243427037,272550779,515977816,10,515978082,266,0,276,515977816,590457,0,590457,2015539.38,0.00,2015538.34,3941218239.01,6516712408.26,0.00,0.00
2324.01,272739013,181555761,133,272738880,7,44,51,243786159,272747811,516533970,10,516534237,266,0,276,516533970,556155,0,556154,2017711.86,0.00,2017710.82,3941218239.01,6516712408.26,0.00,0.00
2326.01,273010818,181283956,133,273010685,7,44,51,244071523,273019722,517091245,10,517091511,266,0,276,517091245,557274,0,557275,2019888.71,0.00,2019887.68,3941218239.01,6516712408.26,0.00,0.00
2328.01,273375778,180918996,133,273375645,7,44,51,244236190,273384694,517620884,10,517621150,266,0,276,517620884,529639,0,529639,2021957.62,0.00,2021956.58,3941218239.01,6516712408.26,0.00,0.00
2330.01,273812139,180482635,133,273812006,7,44,51,244299368,273821012,518120380,10,518120646,266,0,276,518120380,499496,0,499496,2023908.77,0.00,2023907.73,3941218239.01,6516712408.26,0.00,0.00
2332.01,273963593,180331181,133,273963460,7,44,51,244733121,273972472,518705593,10,518705859,266,0,276,518705593,585213,0,585213,2026194.76,0.00,2026193.72,3941218239.01,6516712408.26,0.00,0.00
2334.01,273995525,180299249,133,273995392,7,44,51,245303148,274004439,519307587,10,519307853,266,0,276,519307587,601994,0,601994,2028546.30,0.00,2028545.26,3941218239.01,6516712408.26,0.00,0.00
2336.01,274137177,180157597,133,274137044,7,44,51,245727919,274146175,519874094,10,519874360,266,0,276,519874094,566507,0,566507,2030759.22,0.00,2030758.18,3941218239.01,6516712408.26,0.00,0.00
2338.01,274591017,179703757,133,274590884,7,44,51,245729120,274600012,520329132,10,520329398,266,0,276,520329132,455038,0,455038,2032536.71,0.00,2032535.67,3941218239.01,6516712408.26,0.00,0.00
2340.01,274992529,179302245,133,274992396,7,44,51,245817732,275001468,520819200,10,520819466,266,0,276,520819200,490068,0,490068,2034451.04,0.00,2034450.00,3941218239.01,6516712408.26,0.00,0.00
2342.01,275006989,179287785,133,275006856,7,44,51,246405436,275015931,521421367,10,521421633,266,0,276,521421367,602167,0,602167,2036803.25,0.00,2036802.21,3941218239.01,6516712408.26,0.00,0.00
2344.01,275039573,179255201,133,275039440,7,44,51,246978516,275048561,522027077,10,522027344,266,0,276,522027077,605711,0,605710,2039169.31,0.00,2039168.27,3941218239.01,6516712408.26,0.00,0.00
2346.01,275191514,179103260,133,275191381,7,44,51,247390845,275200588,522591433,10,522591699,266,0,276,522591433,564355,0,564356,2041373.82,0.00,2041372.79,3941218239.01,6516712408.26,0.00,0.00
2348.01,275697534,178597240,133,275697401,7,44,51,247392793,275706618,523099411,10,523099677,266,0,276,523099411,507978,0,507978,2043358.11,0.00,2043357.07,3941218239.01,6516712408.26,0.00,0.00
2350.01,276040353,178254421,133,276040220,7,44,51,247627888,276049383,523677271,10,523677537,266,0,276,523677271,577860,0,577860,2045615.38,0.00,2045614.34,3941218239.01,6516712408.26,0.00,0.00
2352.01,276068665,178226109,133,276068532,7,44,51,248207539,276077704,524285243,10,524285509,266,0,276,524285243,607972,0,607972,2047990.27,0.00,2047989.23,3941218239.01,6516712408.26,0.00,0.00
2354.01,276089701,178205073,133,276089568,7,44,51,248805348,276098743,524904091,10,524904357,266,0,276,524904091,618848,0,618848,2050407.64,0.00,2050406.61,3941218239.01,6516712408.26,0.00,0.00
2356.01,276140589,178154185,133,276140456,7,44,51,249366734,276149642,525516376,10,525516642,266,0,276,525516376,612285,0,612285,2052799.38,0.00,2052798.34,3941218239.01,6516712408.26,0.00,0.00
2358.01,276335056,177959718,133,276334923,7,44,51,249744987,276344173,526089160,10,526089426,266,0,276,526089160,572784,0,572784,2055036.82,0.00,2055035.78,3941218239.01,6516712408.26,0.00,0.00
2360.01,276798992,177495782,133,276798859,7,44,51,249754437,276808129,526562566,10,526562832,266,0,276,526562566,473406,0,473406,2056886.06,0.00,2056885.02,3941218239.01,6516712408.26,0.00,0.00
2362.01,277088709,177206065,133,277088576,7,44,51,250022801,277097810,527120611,10,527120877,266,0,276,527120611,558045,0,558045,2059065.93,0.00,2059064.89,3941218239.01,6516712408.26,0.00,0.00
2364.01,277159414,177135360,133,277159281,7,44,51,250560243,277168539,527728782,10,527729048,266,0,276,527728782,608171,0,608171,2061441.59,0.00,2061440.55,3941218239.01,6516712408.26,0.00,0.00
2366.01,277235383,177059391,133,277235250,7,44,51,251098424,277244533,528342957,10,528343223,266,0,276,528342957,614175,0,614175,2063840.71,0.00,2063839.68,3941218239.01,6516712408.26,0.00,0.00
2368.01,277300125,176994649,133,277299992,7,44,51,251651057,277309287,528960344,10,528960610,266,0,276,528960344,617387,0,617387,2066252.38,0.00,2066251.34,3941218239.01,6516712408.26,0.00,0.00
2370.01,277347877,176946897,133,277347744,7,44,51,252227915,277357146,529585061,10,529585327,266,0,276,529585061,624717,0,624717,2068692.68,0.00,2068691.64,3941218239.01,6516712408.26,0.00,0.00
2372.01,277512837,176781937,133,277512704,7,44,51,252634994,277522110,530157104,10,530157370,266,0,276,530157104,572043,0,572043,2070927.23,0.00,2070926.19,3941218239.01,6516712408.26,0.00,0.00
2374.01,277794309,176500465,133,277794176,7,44,51,252916174,277803634,530719808,10,530720074,266,0,276,530719808,562704,0,562704,2073125.29,0.00,2073124.25,3941218239.01,6516712408.26,0.00,0.00
2376.01,278171021,176123752,133,278170888,7,44,51,253095829,278180366,531276195,10,531276461,266,0,276,531276195,556387,0,556387,2075298.68,0.00,2075297.64,3941218239.01,6516712408.26,0.00,0.00
2378.01,278585149,175709625,133,278585016,7,44,51,253239149,278594431,531833580,10,531833847,266,0,276,531833581,557386,0,557386,2077475.96,0.00,2077474.93,3941218239.01,6516712408.26,0.00,0.00
2380.01,278931862,175362912,133,278931729,7,44,51,253461069,278941154,532402223,10,532402489,266,0,276,532402223,568642,0,568642,2079697.22,0.00,2079696.18,3941218239.01,6516712408.26,0.00,0.00
2382.01,279403031,174891743,133,279402898,7,44,51,253468944,279412374,532881318,10,532881584,266,0,276,532881318,479095,0,479095,2081568.69,0.00,2081567.65,3941218239.01,6516712408.26,0.00,0.00
2384.01,279867414,174427360,133,279867281,7,44,51,253470026,279876768,533346794,10,533347060,266,0,276,533346794,465476,0,465476,2083386.95,0.00,2083385.91,3941218239.01,6516712408.26,0.00,0.00
2386.01,280305672,173989102,133,280305539,7,44,51,253479477,280315096,533794573,10,533794839,266,0,276,533794573,447779,0,447779,2085136.09,0.00,2085135.05,3941218239.01,6516712408.26,0.00,0.00
2388.01,280546533,173748241,133,280546400,7,44,51,253762768,280555927,534318695,10,534318961,266,0,276,534318695,524122,0,524122,2087183.44,0.00,2087182.40,3941218239.01,6516712408.26,0.00,0.00
2390.01,280864015,173430759,133,280863882,7,44,51,253921558,280873471,534795029,10,534795295,266,0,276,534795029,476334,0,476334,2089044.12,0.00,2089043.08,3941218239.01,6516712408.26,0.00,0.00
2392.01,281266173,173028601,133,281266040,7,44,51,253969158,281275666,535244824,10,535245090,266,0,276,535244824,449795,0,449795,2090801.13,0.00,2090800.09,3942115240.30,6517967097.02,897001.30,1254688.77
2394.01,281630331,172664443,133,281630198,7,44,51,254070779,281639877,535710656,10,535710922,266,0,276,535710656,465832,0,465832,2092620.79,0.00,2092619.75,3942115240.30,6517967097.02,0.00,0.00
2396.01,282054270,172240504,133,282054137,7,44,51,254090807,282063853,536154660,10,536154926,266,0,276,536154660,444004,0,444004,2094355.18,0.00,2094354.14,3942115240.30,6517967097.02,0.00,0.00
2398.01,282488800,171805974,133,282488667,7,44,51,254100269,282498362,536598631,10,536598897,266,0,276,536598631,443971,0,443971,2096089.44,0.00,2096088.40,3942115240.30,6517967097.02,0.00,0.00
2400.01,282936387,171358387,133,282936254,7,44,51,254104117,282945959,537050076,10,537050342,266,0,276,537050076,451445,0,451445,2097852.90,0.00,2097851.86,3942115240.30,6517967097.02,0.00,0.00
2402.01,283281629,171013145,133,283281496,7,44,51,254213235,283291153,537504388,10,537504654,266,0,276,537504388,454312,0,454312,2099627.55,0.00,2099626.52,3942115240.30,6517967097.02,0.00,0.00
2404.01,283352101,170942673,133,283351968,7,44,51,254739038,283361640,538100678,10,538100945,266,0,276,538100678,596291,0,596290,2101956.82,0.00,2101955.77,3942115240.30,6517967097.02,0.00,0.00
2406.01,283500489,170794285,133,283500356,7,44,51,255145931,283510055,538655986,10,538656252,266,0,276,538655986,555307,0,555308,2104125.98,0.00,2104124.95,3942115240.30,6517967097.02,0.00,0.00
2408.01,283797874,170496900,133,283797741,7,44,51,255361960,283807555,539169515,10,539169781,266,0,276,539169515,513529,0,513529,2106131.96,0.00,2106130.92,3942115240.30,6517967097.02,0.00,0.00
2410.01,284214876,170079898,133,284214743,7,44,51,255379589,284224564,539604153,10,539604419,266,0,276,539604153,434638,0,434638,2107829.76,0.00,2107828.72,3942115240.30,6517967097.02,0.00,0.00
2412.01,284648890,169645884,133,284648757,7,44,51,255390339,284658569,540048908,10,540049174,266,0,276,540048908,444755,0,444755,2109567.09,0.00,2109566.05,3942115240.30,6517967097.02,0.00,0.00
2414.01,284938309,169356465,133,284938176,7,44,51,255571422,284947953,540519375,10,540519641,266,0,276,540519375,470467,0,470467,2111404.85,0.00,2111403.81,3942115240.30,6517967097.02,0.00,0.00
2416.01,285272362,169022412,133,285272229,7,44,51,255714155,285282070,540996225,10,540996491,266,0,276,540996225,476850,0,476850,2113267.54,0.00,2113266.50,3942115240.30,6517967097.02,0.00,0.00
2418.01,285582643,168712131,133,285582510,7,44,51,255887313,285592302,541479615,10,541479881,266,0,276,541479615,483390,0,483390,2115155.79,0.00,2115154.75,3942115240.30,6517967097.02,0.00,0.00
2420.01,285687569,168607205,133,285687436,7,44,51,256356438,285697228,542053666,10,542053932,266,0,276,542053666,574051,0,574051,2117398.17,0.00,2117397.13,3942115240.30,6517967097.02,0.00,0.00
2422.01,285693529,168601245,133,285693396,7,44,51,256974983,285703188,542678171,10,542678437,266,0,276,542678171,624505,0,624505,2119837.64,0.00,2119836.61,3942115240.30,6517967097.02,0.00,0.00
2424.01,285707257,168587517,133,285707124,7,44,51,257571851,285716916,543288767,10,543289033,266,0,276,543288767,610596,0,610596,2122222.79,0.00,2122221.75,3942115240.30,6517967097.02,0.00,0.00
2426.01,285709545,168585229,133,285709412,7,44,51,258185553,285719204,543904757,10,543905023,266,0,276,543904757,615990,0,615990,2124629.00,0.00,2124627.96,3942115240.30,6517967097.02,0.00,0.00
2428.01,285758716,168536058,133,285758583,7,44,51,258743369,285768380,544511749,10,544512015,266,0,276,544511749,606992,0,606992,2127000.06,0.00,2126999.02,3942115240.30,6517967097.02,0.00,0.00
2430.01,285836277,168458497,133,285836144,7,44,51,259279039,285845958,545124997,10,545125263,266,0,276,545124997,613248,0,613248,2129395.56,0.00,2129394.52,3942115240.30,6517967097.02,0.00,0.00
2432.01,286090125,168204649,133,286089992,7,44,51,259580871,286099806,545680677,10,545680943,266,0,276,545680677,555680,0,555680,2131566.18,0.00,2131565.14,3942115240.30,6517967097.02,0.00,0.00
2434.01,286485272,167809502,133,286485139,7,44,51,259699193,286495021,546194214,10,546194480,266,0,276,546194214,513537,0,513537,2133572.19,0.00,2133571.15,3942115240.30,6517967097.02,0.00,0.00
2436.01,286895291,167399483,133,286895158,7,44,51,259794707,286905039,546699746,10,546700012,266,0,276,546699746,505532,0,505532,2135546.92,0.00,2135545.88,3942115240.30,6517967097.02,0.00,0.00
2438.01,286970065,167324709,133,286969932,7,44,51,260319482,286979790,547299272,10,547299538,266,0,276,547299272,599526,0,599526,2137888.82,0.00,2137887.78,3942115240.30,6517967097.02,0.00,0.00
2440.01,286970353,167324421,133,286970220,7,44,51,260947063,286980078,547927141,10,547927407,266,0,276,547927141,627869,0,627869,2140341.43,0.00,2140340.39,3942115240.30,6517967097.02,0.00,0.00
2442.01,287010805,167283969,133,287010672,7,44,51,261522165,287020545,548542710,10,548542976,266,0,276,548542710,615569,0,615569,2142746.00,0.00,2142744.96,3942115240.30,6517967097.02,0.00,0.00
2444.01,287179112,167115662,133,287178979,7,44,51,261922628,287188911,549111539,10,549111805,266,0,276,549111539,568829,0,568829,2144967.99,0.00,2144966.95,3942115240.30,6517967097.02,0.00,0.00
2446.01,287532853,166761921,133,287532720,7,44,51,262099553,287542636,549642189,10,549642455,266,0,276,549642189,530650,0,530650,2147040.84,0.00,2147039.80,3942115240.30,6517967097.02,0.00,0.00
2448.01,287981507,166313267,133,287981374,7,44,51,262162751,287991356,550154107,10,550154374,266,0,276,550154107,511919,0,511918,2149040.52,0.00,2149039.48,3942115240.30,6517967097.02,0.00,0.00
2450.01,288457923,165836851,133,288457790,7,44,51,262200213,288467751,550667964,10,550668230,266,0,276,550667964,513856,0,513857,2151047.77,0.00,2151046.73,3942115240.30,6517967097.02,0.00,0.00
2452.01,288881735,165413039,133,288881602,7,44,51,262245458,288891605,551137063,10,551137329,266,0,276,551137063,469099,0,469099,2152880.19,0.00,2152879.15,3942115240.30,6517967097.02,0.00,0.00
2454.01,289285376,165009398,133,289285243,7,44,51,262279976,289295246,551575222,10,551575488,266,0,276,551575222,438159,0,438159,2154591.75,0.00,2154590.71,3942115240.30,6517967097.02,0.00,0.00
2456.01,289710418,164584356,133,289710285,7,44,51,262311838,289720294,552032132,10,552032398,266,0,276,552032132,456910,0,456910,2156376.55,0.00,2156375.52,3942115240.30,6517967097.02,0.00,0.00
2458.01,289860909,164433865,133,289860776,7,44,51,262698883,289870728,552569611,10,552569877,266,0,276,552569611,537479,0,537479,2158476.08,0.00,2158475.04,3942115240.30,6517967097.02,0.00,0.00
2460.01,289926441,164368333,133,289926308,7,44,51,263227616,289936322,553163938,10,553164204,266,0,276,553163938,594327,0,594327,2160797.67,0.00,2160796.63,3942115240.30,6517967097.02,0.00,0.00
2462.01,290304050,163990724,133,290303917,7,44,51,263305127,290313927,553619054,10,553619320,266,0,276,553619054,455116,0,455116,2162575.47,0.00,2162574.43,3942115240.30,6517967097.02,0.00,0.00
2464.01,290780441,163514333,133,290780308,7,44,51,263365418,290790322,554155740,10,554156006,266,0,276,554155740,536686,0,536686,2164671.90,0.00,2164670.86,3942115240.30,6517967097.02,0.00,0.00
2466.01,291317044,162977730,133,291316911,7,44,51,263367648,291326932,554694580,10,554694846,266,0,276,554694580,538840,0,538840,2166776.74,0.00,2166775.70,3942115240.30,6517967097.02,0.00,0.00
2468.01,291692741,162602033,133,291692608,7,44,51,263547255,291702646,555249901,10,555250167,266,0,276,555249901,555321,0,555321,2168945.96,0.00,2168944.93,3942115240.30,6517967097.02,0.00,0.00
2470.01,292147333,162147441,133,292147200,7,44,51,263548517,292157243,555705760,10,555706026,266,0,276,555705760,455859,0,455859,2170726.66,0.00,2170725.62,3942115240.30,6517967097.02,0.00,0.00
2472.01,292456997,161837777,133,292456864,7,44,51,263739220,292466911,556206131,10,556206397,266,0,276,556206131,500371,0,500371,2172681.24,0.00,2172680.20,3942115240.30,6517967097.02,0.00,0.00
2474.01,292662579,161632195,133,292662446,7,44,51,264111522,292672500,556784022,10,556784288,266,0,276,556784022,577891,0,577891,2174938.62,0.00,2174937.59,3942115240.30,6517967097.02,0.00,0.00
2476.01,293029639,161265135,133,293029506,7,44,51,264240821,293039578,557280399,10,557280665,266,0,276,557280399,496377,0,496377,2176877.60,0.00,2176876.56,3942115240.30,6517967097.02,0.00,0.00
2478.01,293455034,160839740,133,293454901,7,44,51,264295534,293464917,557760451,10,557760717,266,0,276,557760451,480052,0,480052,2178752.80,0.00,2178751.76,3942115240.30,6517967097.02,0.00,0.00
2480.01,293768917,160525857,133,293768784,7,44,51,264491429,293778797,558270226,10,558270492,266,0,276,558270226,509775,0,509775,2180744.11,0.00,2180743.07,3942115240.30,6517967097.02,0.00,0.00
2482.01,293836449,160458325,133,293836316,7,44,51,265016045,293846335,558862380,10,558862646,266,0,276,558862380,592154,0,592154,2183057.21,0.00,2183056.17,3942115240.30,6517967097.02,0.00,0.00
2484.01,293849503,160445271,133,293849370,7,44,51,265608357,293859446,559467803,10,559468069,266,0,276,559467803,605423,0,605423,2185422.14,0.00,2185421.11,3942115240.30,6517967097.02,0.00,0.00
2486.01,294289981,160004793,133,294289848,7,44,51,265652822,294299961,559952783,10,559953049,266,0,276,559952783,484980,0,484980,2187316.60,0.00,2187315.56,3942115240.30,6517967097.02,0.00,0.00
2488.01,294715380,159579394,133,294715247,7,44,51,265709379,294725423,560434802,10,560435068,266,0,276,560434802,482019,0,482019,2189199.48,0.00,2189198.45,3942115240.30,6517967097.02,0.00,0.00
2490.01,295205723,159089051,133,295205590,7,44,51,265716595,295215761,560932356,10,560932622,266,0,276,560932356,497554,0,497554,2191143.05,0.00,2191142.02,3942115240.30,6517967097.02,0.00,0.00
2492.01,295638141,158656633,133,295638008,7,44,51,265730776,295648178,561378954,10,561379220,266,0,276,561378954,446598,0,446598,2192887.58,0.00,2192886.54,3942115240.30,6517967097.02,0.00,0.00
2494.01,296047868,158246906,133,296047735,7,44,51,265775660,296057916,561833576,10,561833842,266,0,276,561833576,454622,0,454622,2194663.45,0.00,2194662.41,3942115240.30,6517967097.02,0.00,0.00
2496.01,296078883,158215891,133,296078750,7,44,51,266344800,296088936,562433736,10,562434002,266,0,276,562433736,600160,0,600160,2197007.82,0.00,2197006.78,3942115240.30,6517967097.02,0.00,0.00
2498.01,296180865,158113909,133,296180732,7,44,51,266831623,296190900,563022523,10,563022789,266,0,276,563022523,588787,0,588787,2199307.77,0.00,2199306.73,3942115240.30,6517967097.02,0.00,0.00
2500.01,296287377,158007397,133,296287244,7,44,51,267296587,296297484,563594071,10,563594337,266,0,276,563594071,571548,0,571548,2201540.38,0.00,2201539.34,3942115240.30,6517967097.02,0.00,0.00
2502.01,296396081,157898693,133,296395948,7,44,51,267770786,296406249,564177035,10,564177301,266,0,276,564177035,582964,0,582964,2203817.58,0.00,2203816.54,3942115240.30,6517967097.02,0.00,0.00
2504.01,296417497,157877277,133,296417364,7,44,51,268360664,296427665,564788329,10,564788595,266,0,276,564788329,611294,0,611294,2206205.45,0.00,2206204.41,3942115240.30,6517967097.02,0.00,0.00
2506.01,296494157,157800617,133,296494024,7,44,51,268874926,296504361,565379287,10,565379553,266,0,276,565379287,590958,0,590958,2208513.88,0.00,2208512.84,3942115240.30,6517967097.02,0.00,0.00
2508.01,296608481,157686293,133,296608348,7,44,51,269344288,296618751,565963039,10,565963305,266,0,276,565963039,583752,0,583752,2210794.16,0.00,2210793.12,3942115240.30,6517967097.02,0.00,0.00
2510.01,296714549,157580225,133,296714416,7,44,51,269826229,296724970,566551199,10,566551465,266,0,276,566551199,588160,0,588160,2213091.66,0.00,2213090.62,3942115240.30,6517967097.02,0.00,0.00
2512.01,296833309,157461465,133,296833176,7,44,51,270278956,296843778,567122734,10,567123000,266,0,276,567122734,571535,0,571535,2215324.22,0.00,2215323.18,3942115240.30,6517967097.02,0.00,0.00
2514.01,296945657,157349117,133,296945524,7,44,51,270749832,296956207,567706039,10,567706305,266,0,276,567706039,583305,0,583305,2217602.75,0.00,2217601.71,3942115240.30,6517967097.02,0.00,0.00
2516.01,297089703,157205071,133,297089570,7,44,51,271183296,297100287,568283583,10,568283849,266,0,276,568283583,577544,0,577544,2219858.79,0.00,2219857.75,3942115240.30,6517967097.02,0.00,0.00
2518.01,297260715,157034059,133,297260582,7,44,51,271558292,297271443,568829735,10,568830001,266,0,276,568829735,546152,0,546152,2221992.19,0.00,2221991.15,3942115240.30,6517967097.02,0.00,0.00
2520.01,297397798,156896976,133,297397665,7,44,51,271991419,297408620,569400039,10,569400305,266,0,276,569400039,570304,0,570304,2224219.94,0.00,2224218.90,3942115240.30,6517967097.02,0.00,0.00
2522.01,297516425,156778349,133,297516292,7,44,51,272446783,297527326,569974109,10,569974375,266,0,276,569974109,574070,0,574070,2226462.40,0.00,2226461.36,3942115240.30,6517967097.02,0.00,0.00
2524.01,297815690,156479084,133,297815557,7,44,51,272655617,297826686,570482303,10,570482569,266,0,276,570482303,508194,0,508194,2228447.54,0.00,2228446.50,3942115240.30,6517967097.02,0.00,0.00
2526.01,298214695,156080079,133,298214562,7,44,51,272661557,298225694,570887251,10,570887517,266,0,276,570887251,404948,0,404948,2230029.36,0.00,2230028.32,3942115240.30,6517967097.02,0.00,0.00
2528.01,298555483,155739291,133,298555350,7,44,51,272788891,298566512,571355403,10,571355669,266,0,276,571355403,468152,0,468152,2231858.08,0.00,2231857.04,3942115240.30,6517967097.02,0.00,0.00
2530.01,298973747,155321027,133,298973614,7,44,51,272808651,298984793,571793444,10,571793710,266,0,276,571793444,438041,0,438041,2233569.18,0.00,2233568.14,3942115240.30,6517967097.02,0.00,0.00
2532.01,299389204,154905570,133,299389071,7,44,51,272847335,299400253,572247588,10,572247854,266,0,276,572247588,454144,0,454144,2235343.18,0.00,2235342.14,3942115240.30,6517967097.02,0.00,0.00
2534.01,299768888,154525886,133,299768755,7,44,51,272903238,299779989,572683227,10,572683493,266,0,276,572683227,435639,0,435639,2237044.89,0.00,2237043.86,3942115240.30,6517967097.02,0.00,0.00
2536.01,300181703,154113071,133,300181570,7,44,51,272914190,300192801,573106991,10,573107257,266,0,276,573106991,423764,0,423764,2238700.22,0.00,2238699.18,3942115240.30,6517967097.02,0.00,0.00
2538.01,300601682,153693092,133,300601549,7,44,51,272914847,300612782,573527629,10,573527895,266,0,276,573527629,420638,0,420638,2240343.34,0.00,2240342.30,3942115240.30,6517967097.02,0.00,0.00
2540.01,301021121,153273653,133,301020988,7,44,51,272929907,301032236,573962143,10,573962409,266,0,276,573962143,434514,0,434514,2242040.66,0.00,2242039.62,3942115240.30,6517967097.02,0.00,0.00
2542.01,301447705,152847069,133,301447572,7,44,51,272944401,301458769,574403170,10,574403436,266,0,276,574403170,441027,0,441027,2243763.42,0.00,2243762.38,3942115240.30,6517967097.02,0.00,0.00
2544.01,301822362,152472412,133,301822229,7,44,51,273031282,301833584,574864866,10,574865132,266,0,276,574864866,461696,0,461696,2245566.92,0.00,2245565.88,3942115240.30,6517967097.02,0.00,0.00
2546.01,302224771,152070003,133,302224638,7,44,51,273060425,302235958,575296383,10,575296649,266,0,276,575296383,431517,0,431517,2247252.54,0.00,2247251.50,3942115240.30,6517967097.02,0.00,0.00
2548.01,302630828,151663946,133,302630695,7,44,51,273076893,302642091,575718984,10,575719250,266,0,276,575718984,422601,0,422601,2248903.32,0.00,2248902.28,3942115240.30,6517967097.02,0.00,0.00
2550.01,303026527,151268247,133,303026394,7,44,51,273111774,303037906,576149680,10,576149946,266,0,276,576149680,430696,0,430696,2250585.73,0.00,2250584.69,3942115240.30,6517967097.02,0.00,0.00
2552.01,303429471,150865303,133,303429338,7,44,51,273139073,303440862,576579935,10,576580201,266,0,276,576579935,430255,0,430255,2252266.41,0.00,2252265.37,3942115240.30,6517967097.02,0.00,0.00
2554.01,303862299,150432475,133,303862166,7,44,51,273148225,303873688,577021913,10,577022179,266,0,276,577021913,441978,0,441978,2253992.89,0.00,2253991.85,3942115240.30,6517967097.02,0.00,0.00
2556.01,304268045,150026729,133,304267912,7,44,51,273176471,304279435,577455906,10,577456172,266,0,276,577455906,433993,0,433993,2255688.17,0.00,2255687.13,3942115240.30,6517967097.02,0.00,0.00
2558.01,304640305,149654469,133,304640172,7,44,51,273287969,304651712,577939681,10,577939947,266,0,276,577939681,483775,0,483775,2257577.92,0.00,2257576.88,3942115240.30,6517967097.02,0.00,0.00
2560.01,304710569,149584205,133,304710436,7,44,51,273827173,304721981,578549154,10,578549420,266,0,276,578549154,609473,0,609473,2259958.67,0.00,2259957.63,3942115240.30,6517967097.02,0.00,0.00
2562.01,304746909,149547865,133,304746776,7,44,51,274404921,304758327,579163248,10,579163515,266,0,276,579163248,614095,0,614094,2262357.48,0.00,2262356.44,3942115240.30,6517967097.02,0.00,0.00
2564.01,304883929,149410845,133,304883796,7,44,51,274850863,304895390,579746253,10,579746519,266,0,276,579746253,583004,0,583005,2264634.84,0.00,2264633.80,3942115240.30,6517967097.02,0.00,0.00
2566.01,304928569,149366205,133,304928436,7,44,51,275377993,304940047,580318040,10,580318307,266,0,276,580318040,571788,0,571787,2266868.39,0.00,2266867.34,3942115240.30,6517967097.02,0.00,0.00
2568.01,304941281,149353493,133,304941148,7,44,51,275969379,304952759,580922138,10,580922404,266,0,276,580922138,604097,0,604098,2269228.14,0.00,2269227.10,3942115240.30,6517967097.02,0.00,0.00
2570.01,304975793,149318981,133,304975660,7,44,51,276534819,304987273,581522092,10,581522358,266,0,276,581522092,599954,0,599954,2271571.71,0.00,2271570.67,3942115240.30,6517967097.02,0.00,0.00
2572.01,304984449,149310325,133,304984316,7,44,51,277134445,304995931,582130376,10,582130642,266,0,276,582130376,608284,0,608284,2273947.82,0.00,2273946.78,3942115240.30,6517967097.02,0.00,0.00
2574.01,305035981,149258793,133,305035848,7,44,51,277691123,305047501,582738624,10,582738890,266,0,276,582738624,608248,0,608248,2276323.79,0.00,2276322.75,3942115240.30,6517967097.02,0.00,0.00
2576.01,305047549,149247225,133,305047416,7,44,51,278288189,305059069,583347258,10,583347524,266,0,276,583347258,608634,0,608634,2278701.27,0.00,2278700.23,3942115240.30,6517967097.02,0.00,0.00
2578.01,305116927,149177847,133,305116794,7,44,51,278827316,305128453,583955769,10,583956035,266,0,276,583955769,608511,0,608511,2281078.26,0.00,2281077.22,3942115240.30,6517967097.02,0.00,0.00
2580.01,305197065,149097709,133,305196932,7,44,51,279354606,305208604,584563210,10,584563476,266,0,276,584563210,607441,0,607441,2283451.08,0.00,2283450.04,3942115240.30,6517967097.02,0.00,0.00
2582.01,305211861,149082912,133,305211728,7,44,51,279949347,305223464,585172811,10,585173077,266,0,276,585172811,609601,0,609601,2285832.33,0.00,2285831.29,3942115240.30,6517967097.02,0.00,0.00
2584.01,305262137,149032637,133,305262004,7,44,51,280505520,305273685,585779205,10,585779471,266,0,276,585779205,606394,0,606394,2288201.06,0.00,2288200.02,3942115240.30,6517967097.02,0.00,0.00
2586.01,305354365,148940409,133,305354232,7,44,51,281019441,305365928,586385369,10,586385635,266,0,276,586385369,606164,0,606164,2290568.89,0.00,2290567.85,3942115240.30,6517967097.02,0.00,0.00
2588.01,305405619,148889155,133,305405486,7,44,51,281578382,305417200,586995582,10,586995848,266,0,276,586995582,610213,0,610213,2292952.53,0.00,2292951.49,3942115240.30,6517967097.02,0.00,0.00
2590.01,305489104,148805670,133,305488971,7,44,51,282093685,305500748,587594433,10,587594699,266,0,276,587594433,598851,0,598851,2295291.79,0.00,2295290.75,3942115240.30,6517967097.02,0.00,0.00
2592.01,305528105,148766669,133,305527972,7,44,51,282662896,305539697,588202593,10,588202859,266,0,276,588202593,608160,0,608160,2297667.42,0.00,2297666.38,3942115240.30,6517967097.02,0.00,0.00
2594.01,305573389,148721385,133,305573256,7,44,51,283230525,305584987,588815512,10,588815778,266,0,276,588815512,612919,0,612919,2300061.63,0.00,2300060.59,3942115240.30,6517967097.02,0.00,0.00
2596.01,305599037,148695737,133,305598904,7,44,51,283820689,305610653,589431342,10,589431608,266,0,276,589431342,615830,0,615830,2302467.22,0.00,2302466.18,3942115240.30,6517967097.02,0.00,0.00
2598.01,305659773,148635001,133,305659640,7,44,51,284369307,305671405,590040712,10,590040978,266,0,276,590040712,609370,0,609370,2304847.57,0.00,2304846.53,3942115240.30,6517967097.02,0.00,0.00
2600.01,305685495,148609279,133,305685362,7,44,51,284960232,305697137,590657369,10,590657635,266,0,276,590657369,616657,0,616657,2307256.39,0.00,2307255.35,3942115240.30,6517967097.02,0.00,0.00
2602.01,305781951,148512823,133,305781818,7,44,51,285469921,305793607,591263528,10,591263794,266,0,276,591263528,606159,0,606159,2309624.20,0.00,2309623.16,3942115240.30,6517967097.02,0.00,0.00
2604.01,305808908,148485866,133,305808775,7,44,51,286063638,305820570,591884208,10,591884474,266,0,276,591884208,620680,0,620680,2312048.73,0.00,2312047.69,3942115240.30,6517967097.02,0.00,0.00
2606.01,305857229,148437545,133,305857096,7,44,51,286634784,305868893,592503677,10,592503943,266,0,276,592503677,619469,0,619469,2314468.53,0.00,2314467.49,3942115240.30,6517967097.02,0.00,0.00
2608.01,305924409,148370365,133,305924276,7,44,51,287183655,305936100,593119755,10,593120021,266,0,276,593119755,616078,0,616078,2316875.08,0.00,2316874.04,3942115240.30,6517967097.02,0.00,0.00
2610.01,305976033,148318741,133,305975900,7,44,51,287755657,305987724,593743381,10,593743647,266,0,276,593743381,623626,0,623626,2319311.12,0.00,2319310.08,3942115240.30,6517967097.02,0.00,0.00
2612.01,306044001,148250773,133,306043868,7,44,51,288305081,306055708,594360789,10,594361055,266,0,276,594360789,617408,0,617408,2321722.87,0.00,2321721.83,3942115240.30,6517967097.02,0.00,0.00
2614.01,306093917,148200857,133,306093784,7,44,51,288872270,306105637,594977907,10,594978173,266,0,276,594977907,617118,0,617118,2324133.49,0.00,2324132.45,3942115240.30,6517967097.02,0.00,0.00
2616.01,306167461,148127313,133,306167328,7,44,51,289420671,306179219,595599890,10,595600156,266,0,276,595599890,621983,0,621983,2326563.11,0.00,2326562.07,3942115240.30,6517967097.02,0.00,0.00
2618.01,306215045,148079729,133,306214912,7,44,51,289995556,306226808,596222364,10,596222630,266,0,276,596222364,622474,0,622474,2328994.65,0.00,2328993.61,3942115240.30,6517967097.02,0.00,0.00
2620.01,306257061,148037713,133,306256928,7,44,51,290578732,306268828,596847560,10,596847826,266,0,276,596847560,625196,0,625196,2331436.82,0.00,2331435.78,3942115240.30,6517967097.02,0.00,0.00
2622.01,306275173,148019601,133,306275040,7,44,51,291192976,306286940,597479916,10,597480183,266,0,276,597479916,632357,0,632356,2333906.96,0.00,2333905.92,3942115240.30,6517967097.02,0.00,0.00
2624.01,306293629,148001145,133,306293496,7,44,51,291806397,306305407,598111804,10,598112070,266,0,276,598111804,631887,0,631888,2336375.27,0.00,2336374.23,3942115240.30,6517967097.02,0.00,0.00
2626.01,306304181,147990593,133,306304048,7,44,51,292430167,306315972,598746139,10,598746405,266,0,276,598746139,634335,0,634335,2338853.14,0.00,2338852.11,3942115240.30,6517967097.02,0.00,0.00
2628.01,306314569,147980205,133,306314436,7,44,51,293052497,306326367,599378864,10,599379131,266,0,276,599378864,632726,0,632725,2341324.73,0.00,2341323.69,3942115240.30,6517967097.02,0.00,0.00
2630.01,306336921,147957853,133,306336788,7,44,51,293656404,306348723,600005127,10,600005393,266,0,276,600005127,626262,0,626263,2343771.07,0.00,2343770.03,3942115240.30,6517967097.02,0.00,0.00
2632.01,306340101,147954673,133,306339968,7,44,51,294277256,306351904,600629160,10,600629426,266,0,276,600629160,624033,0,624033,2346208.70,0.00,2346207.66,3942115240.30,6517967097.02,0.00,0.00
2634.01,306347389,147947385,133,306347256,7,44,51,294879391,306359196,601238587,10,601238853,266,0,276,601238587,609427,0,609427,2348589.27,0.00,2348588.23,3942115240.30,6517967097.02,0.00,0.00
2636.01,306348957,147945817,133,306348824,7,44,51,295481879,306360765,601842644,10,601842910,266,0,276,601842644,604057,0,604057,2350948.87,0.00,2350947.83,3942115240.30,6517967097.02,0.00,0.00
2638.01,306431354,147863419,133,306431221,7,44,51,296016425,306443238,602459663,10,602459929,266,0,276,602459663,617019,0,617019,2353359.10,0.00,2353358.06,3942115240.30,6517967097.02,0.00,0.00
2640.01,306495197,147799577,133,306495064,7,44,51,296561676,306507031,603068707,10,603068973,266,0,276,603068707,609044,0,609044,2355738.18,0.00,2355737.14,3942115240.30,6517967097.02,0.00,0.00
2642.01,306581845,147712929,133,306581712,7,44,51,297080702,306593687,603674389,10,603674655,266,0,276,603674389,605682,0,605682,2358104.12,0.00,2358103.08,3942115240.30,6517967097.02,0.00,0.00
2644.01,306612185,147682589,133,306612052,7,44,51,297658457,306624029,604282486,10,604282752,266,0,276,604282486,608097,0,608097,2360479.50,0.00,2360478.46,3942115240.30,6517967097.02,0.00,0.00
2646.01,306668813,147625961,133,306668680,7,44,51,298211898,306680667,604892565,10,604892831,266,0,276,604892565,610079,0,610079,2362862.62,0.00,2362861.58,3942115240.30,6517967097.02,0.00,0.00
2648.01,306742713,147552061,133,306742580,7,44,51,298752230,306754600,605506830,10,605507096,266,0,276,605506830,614265,0,614265,2365262.09,0.00,2365261.05,3942115240.30,6517967097.02,0.00,0.00
2650.01,306803525,147491249,133,306803392,7,44,51,299297261,306815405,606112666,10,606112932,266,0,276,606112666,605836,0,605836,2367628.64,0.00,2367627.60,3942115240.30,6517967097.02,0.00,0.00
2652.01,306824225,147470549,133,306824092,7,44,51,299897250,306836110,606733360,10,606733626,266,0,276,606733360,620694,0,620694,2370053.23,0.00,2370052.19,3942115240.30,6517967097.02,0.00,0.00
2654.01,306824401,147470373,133,306824268,7,44,51,300519438,306836286,607355724,10,607355990,266,0,276,607355724,622364,0,622364,2372484.34,0.00,2372483.30,3942115240.30,6517967097.02,0.00,0.00
2656.01,306901033,147393741,133,306900900,7,44,51,301064276,306912939,607977215,10,607977481,266,0,276,607977215,621491,0,621491,2374912.04,0.00,2374911.00,3942115240.30,6517967097.02,0.00,0.00
2658.01,306979809,147314965,133,306979676,7,44,51,301613646,306991734,608605380,10,608605646,266,0,276,608605380,628165,0,628165,2377365.80,0.00,2377364.77,3942115240.30,6517967097.02,0.00,0.00
2660.01,307023005,147271769,133,307022872,7,44,51,302199666,307034935,609234601,10,609234868,266,0,276,609234601,629222,0,629221,2379823.70,0.00,2379822.66,3942115240.30,6517967097.02,0.00,0.00
2662.01,307050509,147244265,133,307050376,7,44,51,302790854,307062441,609853295,10,609853561,266,0,276,609853295,618693,0,618694,2382240.47,0.00,2382239.43,3942115240.30,6517967097.02,0.00,0.00
2664.01,307105453,147189321,133,307105320,7,44,51,303362406,307117390,610479796,10,610480062,266,0,276,610479796,626501,0,626501,2384687.74,0.00,2384686.70,3942115240.30,6517967097.02,0.00,0.00
2666.01,307157209,147137565,133,307157076,7,44,51,303930275,307169147,611099422,10,611099688,266,0,276,611099422,619626,0,619626,2387108.16,0.00,2387107.12,3942115240.30,6517967097.02,0.00,0.00
2668.01,307281169,147013605,133,307281036,7,44,51,304425355,307293113,611718468,10,611718734,266,0,276,611718468,619046,0,619046,2389526.30,0.00,2389525.27,3942115240.30,6517967097.02,0.00,0.00
2670.01,307375149,146919625,133,307375016,7,44,51,304951089,307387106,612338195,10,612338461,266,0,276,612338195,619727,0,619727,2391947.11,0.00,2391946.07,3942115240.30,6517967097.02,0.00,0.00
2672.01,307470861,146823913,133,307470728,7,44,51,305468656,307482834,612951490,10,612951756,266,0,276,612951490,613295,0,613295,2394342.80,0.00,2394341.76,3942115240.30,6517967097.02,0.00,0.00
2674.01,307527053,146767721,133,307526920,7,44,51,306018403,307539039,613557442,10,613557709,266,0,276,613557442,605953,0,605952,2396709.80,0.00,2396708.76,3942115240.30,6517967097.02,0.00,0.00
2676.01,307554789,146739985,133,307554656,7,44,51,306602224,307566840,614169064,10,614169330,266,0,276,614169064,611621,0,611622,2399098.95,0.00,2399097.91,3942115240.30,6517967097.02,0.00,0.00
2678.01,307650073,146644701,133,307649940,7,44,51,307127655,307662134,614789789,10,614790055,266,0,276,614789789,620725,0,620725,2401523.65,0.00,2401522.61,3942115240.30,6517967097.02,0.00,0.00
2680.01,307804030,146490744,133,307803897,7,44,51,307577498,307816185,615393683,10,615393949,266,0,276,615393683,603894,0,603894,2403882.61,0.00,2403881.57,3942115240.30,6517967097.02,0.00,0.00
2682.01,307890652,146404122,133,307890519,7,44,51,308105618,307902755,616008373,10,616008639,266,0,276,616008373,614690,0,614690,2406283.75,0.00,2406282.71,3942115240.30,6517967097.02,0.00,0.00
2684.01,308061261,146233513,133,308061128,7,44,51,308543281,308073366,616616647,10,616616913,266,0,276,616616647,608274,0,608274,2408659.82,0.00,2408658.78,3942115240.30,6517967097.02,0.00,0.00
2686.01,308190459,146104315,133,308190326,7,44,51,309031222,308202662,617233884,10,617234150,266,0,276,617233884,617237,0,617237,2411070.90,0.00,2411069.86,3942115240.30,6517967097.02,0.00,0.00
2688.01,308350392,145944382,133,308350259,7,44,51,309487052,308362574,617849626,10,617849892,266,0,276,617849626,615742,0,615742,2413476.14,0.00,2413475.10,3942115240.30,6517967097.02,0.00,0.00
2690.01,308515569,145779205,133,308515436,7,44,51,309940965,308527756,618468721,10,618468987,266,0,276,618468721,619095,0,619095,2415894.48,0.00,2415893.44,3942115240.30,6517967097.02,0.00,0.00
2692.01,308701325,145593449,133,308701192,7,44,51,310361306,308713555,619074861,10,619075127,266,0,276,619074861,606140,0,606140,2418262.21,0.00,2418261.18,3942115240.30,6517967097.02,0.00,0.00
2694.01,308869750,145425024,133,308869617,7,44,51,310796444,308882052,619678496,10,619678762,266,0,276,619678496,603635,0,603635,2420620.16,0.00,2420619.12,3942115240.30,6517967097.02,0.00,0.00
2696.01,309030697,145264077,133,309030564,7,44,51,311208911,309043054,620251965,10,620252231,266,0,276,620251965,573469,0,573469,2422860.28,0.00,2422859.24,3942115240.30,6517967097.02,0.00,0.00
2698.01,309176693,145118081,133,309176560,7,44,51,311632234,309189092,620821326,10,620821592,266,0,276,620821326,569361,0,569361,2425084.34,0.00,2425083.30,3942115240.30,6517967097.02,0.00,0.00
2700.01,309323430,144971344,133,309323297,7,44,51,312050996,309335934,621386930,10,621387196,266,0,276,621386930,565604,0,565604,2427293.73,0.00,2427292.70,3942115240.30,6517967097.02,0.00,0.00
2702.01,309485589,144809185,133,309485456,7,44,51,312452253,309498046,621950299,10,621950565,266,0,276,621950299,563369,0,563369,2429494.39,0.00,2429493.36,3942115240.30,6517967097.02,0.00,0.00
2704.01,309629502,144665272,133,309629369,7,44,51,312873954,309641996,622515950,10,622516216,266,0,276,622515950,565651,0,565651,2431703.97,0.00,2431702.93,3942115240.30,6517967097.02,0.00,0.00
2706.01,309806057,144488717,133,309805924,7,44,51,313253672,309818605,623072277,10,623072543,266,0,276,623072277,556327,0,556327,2433877.12,0.00,2433876.08,3942115240.30,6517967097.02,0.00,0.00
2708.01,309972084,144322690,133,309971951,7,44,51,313643710,309984764,623628474,10,623628740,266,0,276,623628474,556197,0,556197,2436049.77,0.00,2436048.73,3942115240.30,6517967097.02,0.00,0.00
2710.01,310137629,144157145,133,310137496,7,44,51,314035470,310150285,624185755,10,624186021,266,0,276,624185755,557281,0,557281,2438226.64,0.00,2438225.61,3942115240.30,6517967097.02,0.00,0.00
2712.01,310188109,144106665,133,310187976,7,44,51,314591780,310200768,624792548,10,624792814,266,0,276,624792548,606793,0,606793,2440596.93,0.00,2440595.89,3942115240.30,6517967097.02,0.00,0.00
2714.01,310349627,143945147,133,310349494,7,44,51,314999004,310362333,625361337,10,625361603,266,0,276,625361337,568789,0,568789,2442818.76,0.00,2442817.72,3942115240.30,6517967097.02,0.00,0.00
2716.01,310518492,143776282,133,310518359,7,44,51,315404580,310531280,625935860,10,625936126,266,0,276,625935860,574523,0,574523,2445062.99,0.00,2445061.95,3942115240.30,6517967097.02,0.00,0.00
2718.01,310685085,143609689,133,310684952,7,44,51,315799550,310697871,626497421,10,626497687,266,0,276,626497421,561561,0,561561,2447256.59,0.00,2447255.55,3942115240.30,6517967097.02,0.00,0.00
2720.01,310864774,143430000,133,310864641,7,44,51,316175900,310877620,627053520,10,627053786,266,0,276,627053520,556099,0,556099,2449428.85,0.00,2449427.81,3942115240.30,6517967097.02,0.00,0.00
2722.01,311008005,143286769,133,311007872,7,44,51,316605663,311020862,627626525,10,627626791,266,0,276,627626525,573005,0,573005,2451667.15,0.00,2451666.11,3942115240.30,6517967097.02,0.00,0.00
2724.01,311189217,143105557,133,311189084,7,44,51,316982242,311202177,628184419,10,628184685,266,0,276,628184419,557894,0,557894,2453846.43,0.00,2453845.39,3942115240.30,6517967097.02,0.00,0.00
2726.01,311379855,142914919,133,311379722,7,44,51,317331673,311392908,628724581,10,628724847,266,0,276,628724581,540162,0,540162,2455956.43,0.00,2455955.39,3942115240.30,6517967097.02,0.00,0.00
2728.01,311539533,142755241,133,311539400,7,44,51,317732185,311552575,629284760,10,629285026,266,0,276,629284760,560179,0,560179,2458144.63,0.00,2458143.59,3942115240.30,6517967097.02,0.00,0.00
2730.01,311685577,142609197,133,311685444,7,44,51,318147385,311698651,629846036,10,629846302,266,0,276,629846036,561276,0,561276,2460337.12,0.00,2460336.08,3942115240.30,6517967097.02,0.00,0.00
2732.01,311817137,142477637,133,311817004,7,44,51,318578503,311830345,630408848,10,630409114,266,0,276,630408848,562812,0,562812,2462535.60,0.00,2462534.56,3942115240.30,6517967097.02,0.00,0.00
2734.01,311975793,142318981,133,311975660,7,44,51,318970226,311989024,630959250,10,630959516,266,0,276,630959250,550402,0,550402,2464685.61,0.00,2464684.57,3942115240.30,6517967097.02,0.00,0.00
2736.01,312126932,142167842,133,312126799,7,44,51,319371312,312140235,631511547,10,631511813,266,0,276,631511547,552297,0,552297,2466843.02,0.00,2466841.98,3942115240.30,6517967097.02,0.00,0.00
2738.01,312270009,142024765,133,312269876,7,44,51,319780489,312283401,632063890,10,632064157,266,0,276,632063890,552344,0,552343,2469000.61,0.00,2468999.57,3942115240.30,6517967097.02,0.00,0.00
2740.01,312440345,141854429,133,312440212,7,44,51,320153088,312453776,632606864,10,632607130,266,0,276,632606864,542973,0,542974,2471121.60,0.00,2471120.56,3942115240.30,6517967097.02,0.00,0.00
2742.01,312571203,141723571,133,312571070,7,44,51,320585861,312584662,633170523,10,633170789,266,0,276,633170523,563659,0,563659,2473323.39,0.00,2473322.36,3942115240.30,6517967097.02,0.00,0.00
2744.01,312712949,141581825,133,312712816,7,44,51,321006804,312726410,633733214,10,633733480,266,0,276,633733214,562691,0,562691,2475521.41,0.00,2475520.37,3942115240.30,6517967097.02,0.00,0.00
2746.01,312871946,141422827,133,312871813,7,44,51,321359871,312885476,634245347,10,634245613,266,0,276,634245347,512133,0,512133,2477521.93,0.00,2477520.89,3942115240.30,6517967097.02,0.00,0.00
2748.01,312995977,141298797,133,312995844,7,44,51,321763461,313009486,634772947,10,634773213,266,0,276,634772947,527600,0,527600,2479582.86,0.00,2479581.82,3942115240.30,6517967097.02,0.00,0.00
2750.01,313132357,141162417,133,313132224,7,44,51,322173160,313145878,635319038,10,635319304,266,0,276,635319038,546091,0,546091,2481716.03,0.00,2481714.99,3942115240.30,6517967097.02,0.00,0.00
2752.01,313282051,141012723,133,313281918,7,44,51,322561824,313295605,635857429,10,635857695,266,0,276,635857429,538391,0,538391,2483819.12,0.00,2483818.08,3942115240.30,6517967097.02,0.00,0.00
2754.01,313458895,140835879,133,313458762,7,44,51,322924120,313472529,636396649,10,636396915,266,0,276,636396649,539220,0,539220,2485925.45,0.00,2485924.41,3942115240.30,6517967097.02,0.00,0.00
2756.01,313651361,140643413,133,313651228,7,44,51,323251195,313664955,636916150,10,636916416,266,0,276,636916150,519501,0,519501,2487954.75,0.00,2487953.71,3942115240.30,6517967097.02,0.00,0.00
2758.01,313785785,140508989,133,313785652,7,44,51,323679830,313799415,637479245,10,637479511,266,0,276,637479245,563095,0,563095,2490154.34,0.00,2490153.30,3942115240.30,6517967097.02,0.00,0.00
2760.01,313966283,140328491,133,313966150,7,44,51,324034251,313979971,638014222,10,638014488,266,0,276,638014222,534977,0,534977,2492244.09,0.00,2492243.05,3942115240.30,6517967097.02,0.00,0.00
2762.01,314134854,140159920,133,314134721,7,44,51,324406499,314148572,638555071,10,638555337,266,0,276,638555071,540849,0,540849,2494356.79,0.00,2494355.75,3942115240.30,6517967097.02,0.00,0.00
2764.01,314288582,140006192,133,314288449,7,44,51,324805097,314302381,639107478,10,639107744,266,0,276,639107478,552407,0,552407,2496514.62,0.00,2496513.59,3942115240.30,6517967097.02,0.00,0.00
2766.01,314376096,139918678,133,314375963,7,44,51,325286654,314389856,639676510,10,639676776,266,0,276,639676510,569032,0,569032,2498737.41,0.00,2498736.37,3942115240.30,6517967097.02,0.00,0.00
2768.01,314417409,139877365,133,314417276,7,44,51,325832628,314431179,640263807,10,640264073,266,0,276,640263807,587297,0,587297,2501031.54,0.00,2501030.50,3942115240.30,6517967097.02,0.00,0.00
2770.01,314449861,139844913,133,314449728,7,44,51,326377567,314463639,640841206,10,640841472,266,0,276,640841206,577399,0,577399,2503287.00,0.00,2503285.96,3942115240.30,6517967097.02,0.00,0.00
2772.01,314466736,139828038,133,314466603,7,44,51,326917596,314480522,641398118,10,641398384,266,0,276,641398118,556912,0,556912,2505462.44,0.00,2505461.40,3942115240.30,6517967097.02,0.00,0.00
2774.01,314505973,139788801,133,314505840,7,44,51,327468800,314519760,641988560,10,641988826,266,0,276,641988560,590442,0,590442,2507768.85,0.00,2507767.81,3942115240.30,6517967097.02,0.00,0.00
2776.01,314544393,139750381,133,314544260,7,44,51,328020687,314558212,642578899,10,642579165,266,0,276,642578899,590339,0,590339,2510074.86,0.00,2510073.82,3942115240.30,6517967097.02,0.00,0.00
2778.01,314598725,139696049,133,314598592,7,44,51,328572777,314612558,643185335,10,643185601,266,0,276,643185335,606436,0,606436,2512443.75,0.00,2512442.71,3942115240.30,6517967097.02,0.00,0.00
2780.01,314714901,139579873,133,314714768,7,44,51,329047141,314728828,643775969,10,643776235,266,0,276,643775969,590634,0,590634,2514750.92,0.00,2514749.88,3942115240.30,6517967097.02,0.00,0.00
2782.01,314896422,139398352,133,314896289,7,44,51,329404855,314910392,644315247,10,644315513,266,0,276,644315247,539278,0,539278,2516857.47,0.00,2516856.43,3942115240.30,6517967097.02,0.00,0.00
2784.01,314997217,139297557,133,314997084,7,44,51,329838904,315011150,644850054,10,644850320,266,0,276,644850054,534807,0,534807,2518946.56,0.00,2518945.52,3942115240.30,6517967097.02,0.00,0.00
2786.01,315128577,139166197,133,315128444,7,44,51,330238635,315142536,645381171,10,645381437,266,0,276,645381171,531117,0,531117,2521021.24,0.00,2521020.20,3942115240.30,6517967097.02,0.00,0.00
2788.01,315194885,139099889,133,315194752,7,44,51,330738205,315208886,645947091,10,645947357,266,0,276,645947091,565920,0,565920,2523231.86,0.00,2523230.82,3942115240.30,6517967097.02,0.00,0.00
2790.01,315266109,139028665,133,315265976,7,44,51,331210511,315280135,646490646,10,646490912,266,0,276,646490646,543555,0,543555,2525355.12,0.00,2525354.09,3942115240.30,6517967097.02,0.00,0.00
2792.01,315287113,139007661,133,315286980,7,44,51,331754410,315301140,647055550,10,647055816,266,0,276,647055550,564904,0,564904,2527561.78,0.00,2527560.74,3942115240.30,6517967097.02,0.00,0.00
2794.01,315341242,138953532,133,315341109,7,44,51,332275805,315355288,647631093,10,647631359,266,0,276,647631093,575543,0,575543,2529810.00,0.00,2529808.96,3942115240.30,6517967097.02,0.00,0.00
2796.01,315402198,138892576,133,315402065,7,44,51,332789876,315416313,648206189,10,648206455,266,0,276,648206189,575096,0,575096,2532056.46,0.00,2532055.43,3942115240.30,6517967097.02,0.00,0.00
2798.01,315434881,138859893,133,315434748,7,44,51,333299351,315448941,648748292,10,648748558,266,0,276,648748292,542103,0,542103,2534174.05,0.00,2534173.02,3942115240.30,6517967097.02,0.00,0.00
2800.01,315469837,138824937,133,315469704,7,44,51,333839818,315483906,649323724,10,649323990,266,0,276,649323724,575432,0,575432,2536421.84,0.00,2536420.80,3942115240.30,6517967097.02,0.00,0.00
2802.01,315552881,138741893,133,315552748,7,44,51,334294841,315566954,649861795,10,649862061,266,0,276,649861795,538071,0,538071,2538523.68,0.00,2538522.64,3942115240.30,6517967097.02,0.00,0.00
2804.01,315598169,138696605,133,315598036,7,44,51,334801938,315612274,650414212,10,650414478,266,0,276,650414212,552417,0,552417,2540681.55,0.00,2540680.52,3942115240.30,6517967097.02,0.00,0.00
2806.01,315624565,138670209,133,315624432,7,44,51,335330799,315638722,650969521,10,650969788,266,0,276,650969521,555310,0,555309,2542850.73,0.00,2542849.69,3942115240.30,6517967097.02,0.00,0.00
2808.01,315658385,138636389,133,315658252,7,44,51,335867785,315672553,651540338,10,651540604,266,0,276,651540338,570816,0,570817,2545080.48,0.00,2545079.45,3942115240.30,6517967097.02,0.00,0.00
2810.01,315726464,138568310,133,315726331,7,44,51,336343436,315740644,652084080,10,652084346,266,0,276,652084080,543742,0,543742,2547204.48,0.00,2547203.44,3942115240.30,6517967097.02,0.00,0.00
2812.01,315773181,138521593,133,315773048,7,44,51,336850277,315787377,652637654,10,652637920,266,0,276,652637654,553574,0,553574,2549366.88,0.00,2549365.84,3942115240.30,6517967097.02,0.00,0.00
2814.01,315812033,138482741,133,315811900,7,44,51,337390789,315826240,653217029,10,653217295,266,0,276,653217029,579375,0,579375,2551630.06,0.00,2551629.02,3942115240.30,6517967097.02,0.00,0.00
2816.01,315854083,138440691,133,315853950,7,44,51,337910869,315868292,653779161,10,653779427,266,0,276,653779161,562132,0,562132,2553825.89,0.00,2553824.85,3942115240.30,6517967097.02,0.00,0.00
2818.01,315903429,138391345,133,315903296,7,44,51,338433780,315917649,654351429,10,654351696,266,0,276,654351429,572269,0,572268,2556061.31,0.00,2556060.27,3942115240.30,6517967097.02,0.00,0.00
2820.01,315943977,138350797,133,315943844,7,44,51,338959065,315958205,654917270,10,654917536,266,0,276,654917270,565840,0,565841,2558271.62,0.00,2558270.59,3942115240.30,6517967097.02,0.00,0.00
2822.01,316006255,138288519,133,316006122,7,44,51,339469300,316020506,655489806,10,655490072,266,0,276,655489806,572536,0,572536,2560508.09,0.00,2560507.05,3942115240.30,6517967097.02,0.00,0.00
2824.01,316067753,138227021,133,316067620,7,44,51,340006705,316082021,656088726,10,656088992,266,0,276,656088726,598920,0,598920,2562847.62,0.00,2562846.59,3942115240.30,6517967097.02,0.00,0.00
2826.01,316111645,138183129,133,316111512,7,44,51,340565081,316125942,656691023,10,656691289,266,0,276,656691023,602297,0,602297,2565200.35,0.00,2565199.31,3942115240.30,6517967097.02,0.00,0.00
2828.01,316136805,138157969,133,316136672,7,44,51,341005492,316151128,657156620,10,657156886,266,0,276,657156620,465597,0,465597,2567019.09,0.00,2567018.05,3942115240.30,6517967097.02,0.00,0.00
2830.01,316160136,138134637,133,316160003,7,44,51,341442921,316174471,657617392,10,657617658,266,0,276,657617392,460772,0,460772,2568818.98,0.00,2568817.94,3942115240.30,6517967097.02,0.00,0.00
2832.01,316290409,138004365,133,316290276,7,44,51,341765804,316304763,658070567,10,658070833,266,0,276,658070567,453175,0,453175,2570589.19,0.00,2570588.15,3942115240.30,6517967097.02,0.00,0.00
2834.01,316444833,137849941,133,316444700,7,44,51,342050246,316459234,658509480,10,658509746,266,0,276,658509480,438913,0,438913,2572303.70,0.00,2572302.66,3942115240.30,6517967097.02,0.00,0.00
2836.01,316549797,137744977,133,316549664,7,44,51,342369864,316564328,658934192,10,658934458,266,0,276,658934192,424712,0,424712,2573962.73,0.00,2573961.69,3942115240.30,6517967097.02,0.00,0.00
2838.01,316650765,137644009,133,316650632,7,44,51,342703649,316665344,659368993,10,659369259,266,0,276,659368993,434801,0,434801,2575661.17,0.00,2575660.13,3942115240.30,6517967097.02,0.00,0.00
2840.01,316668169,137626605,133,316668036,7,44,51,343151442,316682777,659834219,10,659834485,266,0,276,659834219,465226,0,465226,2577478.46,0.00,2577477.42,3942115240.30,6517967097.02,0.00,0.00
2842.01,316705607,137589167,133,316705474,7,44,51,343609970,316720265,660330235,10,660330503,266,0,276,660330235,496018,0,496016,2579416.03,0.00,2579414.98,3942115240.30,6517967097.02,0.00,0.00
2844.01,316792524,137502250,133,316792391,7,44,51,344009499,316807259,660816758,10,660817024,266,0,276,660816758,486521,0,486523,2581316.50,0.00,2581315.46,3942115240.30,6517967097.02,0.00,0.00
2846.01,316915513,137379261,133,316915380,7,44,51,344396477,316930308,661326785,10,661327051,266,0,276,661326785,510027,0,510027,2583308.79,0.00,2583307.75,3942115240.30,6517967097.02,0.00,0.00
2848.01,316958633,137336141,133,316958500,7,44,51,344865425,316973535,661838960,10,661839226,266,0,276,661838960,512175,0,512175,2585309.48,0.00,2585308.44,3942115240.30,6517967097.02,0.00,0.00
2850.01,317059341,137235433,133,317059208,7,44,51,345273250,317074242,662347492,10,662347758,266,0,276,662347492,508532,0,508532,2587295.93,0.00,2587294.89,3942115240.30,6517967097.02,0.00,0.00
2852.01,317143221,137151553,133,317143088,7,44,51,345709620,317158178,662867798,10,662868064,266,0,276,662867798,520306,0,520306,2589328.38,0.00,2589327.34,3942115240.30,6517967097.02,0.00,0.00
2854.01,317175693,137119081,133,317175560,7,44,51,346206281,317190659,663396940,10,663397206,266,0,276,663396940,529142,0,529142,2591395.34,0.00,2591394.30,3942115240.30,6517967097.02,0.00,0.00
2856.01,317177789,137116985,133,317177656,7,44,51,346758720,317192755,663951475,10,663951741,266,0,276,663951475,554535,0,554535,2593561.49,0.00,2593560.45,3942115240.30,6517967097.02,0.00,0.00
2858.01,317287616,137007158,133,317287483,7,44,51,347155144,317302604,664457748,10,664458014,266,0,276,664457748,506273,0,506273,2595539.12,0.00,2595538.08,3942115240.30,6517967097.02,0.00,0.00
2860.01,317360713,136934061,133,317360580,7,44,51,347589255,317375734,664964989,10,664965255,266,0,276,664964989,507241,0,507241,2597520.53,0.00,2597519.49,3942115240.30,6517967097.02,0.00,0.00
2862.01,317486033,136808741,133,317485900,7,44,51,347984367,317501106,665485473,10,665485739,266,0,276,665485473,520484,0,520484,2599553.67,0.00,2599552.63,3942115240.30,6517967097.02,0.00,0.00
2864.01,317576969,136717805,133,317576836,7,44,51,348438162,317592161,666030323,10,666030589,266,0,276,666030323,544850,0,544850,2601681.99,0.00,2601680.95,3942115240.30,6517967097.02,0.00,0.00
2866.01,317638729,136656045,133,317638596,7,44,51,348900658,317653933,666554591,10,666554857,266,0,276,666554591,524268,0,524268,2603729.91,0.00,2603728.87,3942115240.30,6517967097.02,0.00,0.00
2868.01,317710089,136584685,133,317709956,7,44,51,349356092,317725319,667081411,10,667081677,266,0,276,667081411,526820,0,526820,2605787.80,0.00,2605786.76,3942115240.30,6517967097.02,0.00,0.00
2870.01,317746297,136548477,133,317746164,7,44,51,349860293,317761535,667621828,10,667622094,266,0,276,667621828,540417,0,540417,2607898.80,0.00,2607897.77,3942115240.30,6517967097.02,0.00,0.00
2872.01,317767209,136527565,133,317767076,7,44,51,350381145,317782468,668163613,10,668163879,266,0,276,668163613,541785,0,541785,2610015.15,0.00,2610014.11,3942115240.30,6517967097.02,0.00,0.00
2874.01,317816971,136477803,133,317816838,7,44,51,350855694,317832301,668687995,10,668688262,266,0,276,668687995,524383,0,524382,2612063.52,0.00,2612062.48,3942115240.30,6517967097.02,0.00,0.00
2876.01,317834747,136460027,133,317834614,7,44,51,351387145,317850111,669237256,10,669237522,266,0,276,669237256,549260,0,549261,2614209.07,0.00,2614208.03,3942115240.30,6517967097.02,0.00,0.00
2878.01,317866877,136427897,133,317866744,7,44,51,351898869,317882276,669781145,10,669781411,266,0,276,669781145,543889,0,543889,2616333.64,0.00,2616332.60,3942115240.30,6517967097.02,0.00,0.00
2880.01,317906161,136388613,133,317906028,7,44,51,352396313,317921611,670317924,10,670318191,266,0,276,670317924,536780,0,536779,2618430.43,0.00,2618429.39,3942115240.30,6517967097.02,0.00,0.00
2882.01,317923761,136371013,133,317923628,7,44,51,352921067,317939236,670860303,10,670860569,266,0,276,670860303,542378,0,542379,2620549.10,0.00,2620548.06,3942115240.30,6517967097.02,0.00,0.00
2884.01,317985301,136309473,133,317985168,7,44,51,353437909,318000812,671438721,10,671438987,266,0,276,671438721,578418,0,578418,2622808.54,0.00,2622807.50,3942115240.30,6517967097.02,0.00,0.00
2886.01,318018293,136276481,133,318018160,7,44,51,353952182,318033823,671986005,10,671986271,266,0,276,671986005,547284,0,547284,2624946.37,0.00,2624945.33,3942115240.30,6517967097.02,0.00,0.00
2888.01,318079945,136214829,133,318079812,7,44,51,354416614,318095524,672512138,10,672512404,266,0,276,672512138,526133,0,526133,2627001.58,0.00,2627000.54,3942115240.30,6517967097.02,0.00,0.00
2890.01,318117033,136177741,133,318116900,7,44,51,354910967,318132656,673043623,10,673043890,266,0,276,673043623,531486,0,531485,2629077.70,0.00,2629076.65,3942115240.30,6517967097.02,0.00,0.00
2892.01,318249443,136045331,133,318249310,7,44,51,355276874,318265109,673541983,10,673542249,266,0,276,673541983,498359,0,498360,2631024.41,0.00,2631023.37,3942115240.30,6517967097.02,0.00,0.00
2894.01,318446589,135848185,133,318446456,7,44,51,355574877,318462363,674037240,10,674037506,266,0,276,674037240,495257,0,495257,2632959.01,0.00,2632957.97,3942115240.30,6517967097.02,0.00,0.00
2896.01,318599153,135695621,133,318599020,7,44,51,355936704,318614900,674551604,10,674551870,266,0,276,674551604,514364,0,514364,2634968.24,0.00,2634967.20,3942115240.30,6517967097.02,0.00,0.00
2898.01,318703453,135591321,133,318703320,7,44,51,356353695,318719226,675072921,10,675073187,266,0,276,675072921,521317,0,521317,2637004.64,0.00,2637003.60,3942115240.30,6517967097.02,0.00,0.00
2900.01,318730201,135564573,133,318730068,7,44,51,356869947,318745988,675615935,10,675616201,266,0,276,675615935,543014,0,543014,2639125.79,0.00,2639124.75,3942115240.30,6517967097.02,0.00,0.00
2902.01,318774241,135520533,133,318774108,7,44,51,357393727,318790039,676183766,10,676184032,266,0,276,676183766,567831,0,567831,2641343.88,0.00,2641342.84,3942115240.30,6517967097.02,0.00,0.00
2904.01,318849807,135444967,133,318849674,7,44,51,357875781,318865627,676741408,10,676741674,266,0,276,676741408,557642,0,557642,2643522.16,0.00,2643521.12,3942115240.30,6517967097.02,0.00,0.00
2906.01,318922529,135372245,133,318922396,7,44,51,358373993,318938412,677312405,10,677312671,266,0,276,677312405,570997,0,570997,2645752.62,0.00,2645751.58,3942115240.30,6517967097.02,0.00,0.00
2908.01,318963737,135331037,133,318963604,7,44,51,358879291,318979682,677858973,10,677859239,266,0,276,677858973,546568,0,546568,2647887.65,0.00,2647886.61,3942115240.30,6517967097.02,0.00,0.00
2910.01,318993814,135300960,133,318993681,7,44,51,359391626,319009778,678401404,10,678401670,266,0,276,678401404,542431,0,542431,2650006.52,0.00,2650005.48,3942115240.30,6517967097.02,0.00,0.00
2912.01,319022945,135271829,133,319022812,7,44,51,359911333,319038921,678950254,10,678950520,266,0,276,678950254,548850,0,548850,2652150.47,0.00,2652149.43,3942115240.30,6517967097.02,0.00,0.00
2914.01,319057303,135237471,133,319057170,7,44,51,360449273,319073291,679522564,10,679522830,266,0,276,679522564,572310,0,572310,2654386.05,0.00,2654385.02,3942115240.30,6517967097.02,0.00,0.00
2916.01,319117001,135177773,133,319116868,7,44,51,360933512,319133005,680066517,10,680066783,266,0,276,680066517,543953,0,543953,2656510.87,0.00,2656509.83,3942115240.30,6517967097.02,0.00,0.00
2918.01,319137737,135157037,133,319137604,7,44,51,361459443,319153753,680613196,10,680613462,266,0,276,680613196,546679,0,546679,2658646.34,0.00,2658645.30,3942115240.30,6517967097.02,0.00,0.00
2920.01,319196575,135098199,133,319196442,7,44,51,361996273,319212621,681208894,10,681209160,266,0,276,681208894,595698,0,595698,2660973.28,0.00,2660972.24,3942115240.30,6517967097.02,0.00,0.00
2922.01,319211361,135083413,133,319211228,7,44,51,362519751,319227417,681747168,10,681747434,266,0,276,681747168,538274,0,538274,2663075.91,0.00,2663074.88,3942115240.30,6517967097.02,0.00,0.00
2924.01,319309153,134985621,133,319309020,7,44,51,362964730,319325212,682289942,10,682290208,266,0,276,682289942,542774,0,542774,2665196.12,0.00,2665195.09,3942115240.30,6517967097.02,0.00,0.00
2926.01,319330925,134963849,133,319330792,7,44,51,363542493,319346998,682889491,10,682889757,266,0,276,682889491,599549,0,599549,2667538.11,0.00,2667537.07,3942115240.30,6517967097.02,0.00,0.00
2928.01,319356809,134937965,133,319356676,7,44,51,364063959,319372893,683436852,10,683437118,266,0,276,683436852,547361,0,547361,2669676.24,0.00,2669675.20,3942115240.30,6517967097.02,0.00,0.00
2930.01,319390554,134904220,133,319390421,7,44,51,364582257,319406641,683988898,10,683989164,266,0,276,683988898,552046,0,552046,2671832.67,0.00,2671831.63,3942115240.30,6517967097.02,0.00,0.00
2932.01,319417851,134876923,133,319417718,7,44,51,365160862,319433951,684594813,10,684595080,266,0,276,684594813,605916,0,605915,2674199.53,0.00,2674198.49,3942115240.30,6517967097.02,0.00,0.00
2934.01,319448113,134846661,133,319447980,7,44,51,365691940,319464238,685156178,10,685156444,266,0,276,685156178,561364,0,561365,2676392.36,0.00,2676391.32,3942115240.30,6517967097.02,0.00,0.00
2936.01,319465073,134829701,133,319464940,7,44,51,366229903,319481204,685711107,10,685711373,266,0,276,685711107,554929,0,554929,2678560.05,0.00,2678559.01,3942115240.30,6517967097.02,0.00,0.00
2938.01,319528421,134766353,133,319528288,7,44,51,366744425,319544570,686288995,10,686289261,266,0,276,686288995,577888,0,577888,2680817.43,0.00,2680816.39,3942115240.30,6517967097.02,0.00,0.00
2940.01,319562321,134732453,133,319562188,7,44,51,367264722,319578474,686843196,10,686843462,266,0,276,686843196,554201,0,554201,2682982.27,0.00,2682981.23,3942115240.30,6517967097.02,0.00,0.00
2942.01,319589553,134705221,133,319589420,7,44,51,367807142,319605708,687412850,10,687413116,266,0,276,687412850,569654,0,569654,2685207.48,0.00,2685206.45,3942115240.30,6517967097.02,0.00,0.00
2944.01,319649009,134645765,133,319648876,7,44,51,368312405,319665180,687977585,10,687977851,266,0,276,687977585,564735,0,564735,2687413.48,0.00,2687412.44,3942115240.30,6517967097.02,0.00,0.00
2946.01,319676033,134618741,133,319675900,7,44,51,368845246,319692229,688537475,10,688537741,266,0,276,688537475,559890,0,559890,2689600.55,0.00,2689599.51,3942115240.30,6517967097.02,0.00,0.00
2948.01,319694177,134600597,133,319694044,7,44,51,369422253,319710385,689132638,10,689132904,266,0,276,689132638,595163,0,595163,2691925.41,0.00,2691924.37,3942115240.30,6517967097.02,0.00,0.00
2950.01,319729449,134565325,133,319729316,7,44,51,369948871,319745671,689694542,10,689694808,266,0,276,689694542,561904,0,561904,2694120.34,0.00,2694119.30,3942115240.30,6517967097.02,0.00,0.00
2952.01,319776131,134518643,133,319775998,7,44,51,370456537,319792371,690248908,10,690249174,266,0,276,690248908,554366,0,554366,2696285.84,0.00,2696284.80,3942115240.30,6517967097.02,0.00,0.00
2954.01,319811937,134482837,133,319811804,7,44,51,370999134,319828298,690827432,10,690827698,266,0,276,690827432,578524,0,578524,2698545.70,0.00,2698544.66,3942115240.30,6517967097.02,0.00,0.00
2956.01,319863161,134431613,133,319863028,7,44,51,371494653,319879587,691374240,10,691374507,266,0,276,691374240,546809,0,546808,2700681.67,0.00,2700680.62,3942115240.30,6517967097.02,0.00,0.00
2958.01,319913385,134381389,133,319913252,7,44,51,372031830,319929775,691961605,10,691961871,266,0,276,691961605,587364,0,587365,2702976.06,0.00,2702975.02,3942115240.30,6517967097.02,0.00,0.00
2960.01,319957801,134336973,133,319957668,7,44,51,372557385,319974201,692531586,10,692531852,266,0,276,692531586,569981,0,569981,2705202.55,0.00,2705201.51,3942115240.30,6517967097.02,0.00,0.00
2962.01,320003313,134291461,133,320003180,7,44,51,373066264,320019740,693086004,10,693086271,266,0,276,693086004,554419,0,554418,2707368.25,0.00,2707367.20,3942115240.30,6517967097.02,0.00,0.00
2964.01,320037679,134257095,133,320037546,7,44,51,373622054,320054111,693676165,10,693676431,266,0,276,693676165,590160,0,590161,2709673.56,0.00,2709672.52,3942115240.30,6517967097.02,0.00,0.00
2966.01,320052552,134242222,133,320052419,7,44,51,374156460,320068991,694225451,10,694225717,266,0,276,694225451,549286,0,549286,2711819.21,0.00,2711818.17,3942115240.30,6517967097.02,0.00,0.00
2968.01,320067777,134226997,133,320067644,7,44,51,374688199,320084218,694772417,10,694772683,266,0,276,694772417,546966,0,546966,2713955.79,0.00,2713954.75,3942115240.30,6517967097.02,0.00,0.00
2970.01,320144401,134150373,133,320144268,7,44,51,375146300,320160857,695307157,10,695307423,266,0,276,695307157,534740,0,534740,2716044.62,0.00,2716043.58,3942115240.30,6517967097.02,0.00,0.00
2972.01,320161009,134133765,133,320160876,7,44,51,375682391,320177470,695859861,10,695860127,266,0,276,695859861,552704,0,552704,2718203.62,0.00,2718202.58,3942115240.30,6517967097.02,0.00,0.00
2974.01,320227521,134067253,133,320227388,7,44,51,376207262,320243996,696451258,10,696451524,266,0,276,696451258,591397,0,591397,2720513.77,0.00,2720512.73,3942115240.30,6517967097.02,0.00,0.00
2976.01,320243054,134051720,133,320242921,7,44,51,376744289,320259541,697003830,10,697004096,266,0,276,697003830,552572,0,552572,2722672.25,0.00,2722671.21,3942115240.30,6517967097.02,0.00,0.00
2978.01,320282309,134012465,133,320282176,7,44,51,377239347,320298795,697538142,10,697538408,266,0,276,697538142,534312,0,534312,2724759.41,0.00,2724758.37,3942115240.30,6517967097.02,0.00,0.00
2980.01,320309953,133984821,133,320309820,7,44,51,377782829,320326449,698109278,10,698109544,266,0,276,698109278,571136,0,571136,2726990.41,0.00,2726989.37,3942115240.30,6517967097.02,0.00,0.00
2982.01,320362317,133932457,133,320362184,7,44,51,378267471,320378820,698646291,10,698646557,266,0,276,698646291,537013,0,537013,2729088.11,0.00,2729087.07,3942115240.30,6517967097.02,0.00,0.00
2984.01,320389337,133905437,133,320389204,7,44,51,378783601,320405844,699189445,10,699189711,266,0,276,699189445,543154,0,543154,2731209.81,0.00,2731208.77,3942115240.30,6517967097.02,0.00,0.00
2986.01,320482577,133812197,133,320482444,7,44,51,379207071,320499091,699706162,10,699706428,266,0,276,699706162,516717,0,516717,2733228.23,0.00,2733227.20,3942115240.30,6517967097.02,0.00,0.00
2988.01,320674033,133620741,133,320673900,7,44,51,379519651,320690602,700210253,10,700210519,266,0,276,700210253,504091,0,504091,2735197.34,0.00,2735196.30,3942115240.30,6517967097.02,0.00,0.00
2990.01,320801907,133492867,133,320801774,7,44,51,379910839,320818506,700729345,10,700729611,266,0,276,700729345,519092,0,519092,2737225.04,0.00,2737224.00,3942115240.30,6517967097.02,0.00,0.00
2992.01,321061625,133233149,133,321061492,7,44,51,380166399,321078416,701244815,10,701245081,266,0,276,701244815,515470,0,515470,2739238.60,0.00,2739237.56,3942919750.00,6519192588.40,804509.70,1225491.38
2994.01,321231714,133063060,133,321231581,7,44,51,380566266,321248812,701815078,10,701815344,266,0,276,701815078,570263,0,570263,2741466.19,0.00,2741465.15,3942919750.00,6519192588.40,0.00,0.00
2996.01,321406141,132888633,133,321406008,7,44,51,380912189,321423212,702335401,10,702335667,266,0,276,702335401,520323,0,520323,2743498.70,0.00,2743497.66,3942919750.00,6519192588.40,0.00,0.00
2998.01,321529438,132765336,133,321529305,7,44,51,381342456,321546540,702888996,10,702889262,266,0,276,702888996,553595,0,553595,2745661.18,0.00,2745660.14,3942919750.00,6519192588.40,0.00,0.00
3000.01,321622961,132671813,133,321622828,7,44,51,381775470,321640077,703415547,10,703415813,266,0,276,703415547,526551,0,526551,2747718.02,0.00,2747716.98,3942919750.00,6519192588.40,0.00,0.00
3002.01,321684041,132610733,133,321683908,7,44,51,382252181,321701162,703953343,10,703953609,266,0,276,703953343,537796,0,537796,2749818.79,0.00,2749817.75,3942919750.00,6519192588.40,0.00,0.00
3004.01,321715265,132579509,133,321715132,7,44,51,382763578,321732392,704495970,10,704496236,266,0,276,704495970,542627,0,542627,2751938.42,0.00,2751937.38,3942919750.00,6519192588.40,0.00,0.00
3006.01,321745199,132549575,134,321745065,7,44,51,383285057,321762331,705047388,10,705047654,266,0,276,705047388,551418,0,551418,2754092.40,0.00,2754091.36,3942919750.00,6519192588.40,0.00,0.00
3008.01,321762913,132531861,133,321762780,7,44,51,383816908,321780051,705596959,10,705597225,266,0,276,705596959,549571,0,549571,2756239.16,0.00,2756238.12,3942919750.00,6519192588.40,0.00,0.00
3010.01,321792305,132502469,133,321792172,7,44,51,384328340,321809447,706137787,10,706138053,266,0,276,706137787,540828,0,540828,2758351.77,0.00,2758350.73,3942919750.00,6519192588.40,0.00,0.00
3012.01,321815925,132478849,133,321815792,7,44,51,384887233,321833087,706720320,10,706720586,266,0,276,706720320,582533,0,582533,2760627.29,0.00,2760626.25,3942919750.00,6519192588.40,0.00,0.00
3014.01,321834789,132459985,133,321834656,7,44,51,385399966,321851957,707251923,10,707252189,266,0,276,707251923,531603,0,531603,2762703.86,0.00,2762702.82,3942919750.00,6519192588.40,0.00,0.00
3016.01,321861912,132432862,133,321861779,7,44,51,385924754,321879095,707803849,10,707804115,266,0,276,707803849,551926,0,551926,2764859.82,0.00,2764858.79,3942919750.00,6519192588.40,0.00,0.00
3018.01,321906329,132388445,133,321906196,7,44,51,386435106,321923519,708358625,10,708358891,266,0,276,708358625,554776,0,554776,2767026.92,0.00,2767025.88,3942919750.00,6519192588.40,0.00,0.00
3020.01,321950017,132344757,133,321949884,7,44,51,386960025,321967230,708927255,10,708927521,266,0,276,708927255,568630,0,568630,2769248.13,0.00,2769247.09,3942919750.00,6519192588.40,0.00,0.00
3022.01,321993815,132300959,133,321993682,7,44,51,387501265,322011047,709512312,10,709512578,266,0,276,709512312,585057,0,585057,2771533.51,0.00,2771532.47,3942919750.00,6519192588.40,0.00,0.00
3024.01,322031297,132263477,133,322031164,7,44,51,388036184,322048534,710084718,10,710084984,266,0,276,710084718,572406,0,572406,2773769.47,0.00,2773768.43,3942919750.00,6519192588.40,0.00,0.00
3026.01,322062361,132232413,133,322062228,7,44,51,388545972,322079602,710625574,10,710625840,266,0,276,710625574,540856,0,540856,2775882.19,0.00,2775881.15,3942919750.00,6519192588.40,0.00,0.00
3028.01,322086889,132207885,133,322086756,7,44,51,389068360,322104146,711172506,10,711172772,266,0,276,711172506,546932,0,546932,2778018.64,0.00,2778017.60,3942919750.00,6519192588.40,0.00,0.00
3030.01,322107089,132187685,133,322106956,7,44,51,389597590,322124357,711721947,10,711722213,266,0,276,711721947,549441,0,549441,2780164.89,0.00,2780163.86,3942919750.00,6519192588.40,0.00,0.00
3032.01,322150393,132144381,133,322150260,7,44,51,390082792,322167666,712250458,10,712250724,266,0,276,712250458,528511,0,528511,2782229.39,0.00,2782228.35,3942919750.00,6519192588.40,0.00,0.00
3034.01,322183985,132110789,133,322183852,7,44,51,390623851,322201272,712825123,10,712825389,266,0,276,712825123,574665,0,574665,2784474.18,0.00,2784473.14,3942919750.00,6519192588.40,0.00,0.00
3036.01,322242993,132051781,133,322242860,7,44,51,391100087,322260287,713360374,10,713360640,266,0,276,713360374,535251,0,535251,2786565.00,0.00,2786563.96,3942919750.00,6519192588.40,0.00,0.00
3038.01,322288381,132006393,133,322288248,7,44,51,391593648,322305680,713899328,10,713899594,266,0,276,713899328,538954,0,538954,2788670.29,0.00,2788669.25,3942919750.00,6519192588.40,0.00,0.00
3040.01,322333153,131961621,133,322333020,7,44,51,392098026,322350461,714448487,10,714448753,266,0,276,714448487,549159,0,549159,2790815.44,0.00,2790814.40,3942919750.00,6519192588.40,0.00,0.00
3042.01,322391577,131903197,133,322391444,7,44,51,392584125,322408892,714993017,10,714993283,266,0,276,714993017,544530,0,544530,2792942.51,0.00,2792941.47,3942919750.00,6519192588.40,0.00,0.00
3044.01,322411817,131882957,133,322411684,7,44,51,393098829,322429132,715527961,10,715528227,266,0,276,715527961,534944,0,534944,2795032.14,0.00,2795031.10,3942919750.00,6519192588.40,0.00,0.00
3046.01,322545593,131749181,133,322545460,7,44,51,393493941,322562908,716056849,10,716057115,266,0,276,716056849,528888,0,528888,2797098.11,0.00,2797097.07,3942919750.00,6519192588.40,0.00,0.00
3048.01,322668153,131626621,133,322668020,7,44,51,393903794,322685468,716589262,10,716589528,266,0,276,716589262,532413,0,532413,2799177.84,0.00,2799176.80,3942919750.00,6519192588.40,0.00,0.00
3050.01,322672801,131621973,133,322672668,7,44,51,394425458,322690116,717115574,10,717115840,266,0,276,717115574,526312,0,526312,2801233.75,0.00,2801232.71,3942919750.00,6519192588.40,0.00,0.00
3052.01,322742747,131552027,133,322742614,7,44,51,394914926,322760075,717675001,10,717675267,266,0,276,717675001,559427,0,559427,2803419.01,0.00,2803417.97,3942919750.00,6519192588.40,0.00,0.00
3054.01,322845913,131448861,133,322845780,7,44,51,395332645,322863256,718195901,10,718196167,266,0,276,718195901,520900,0,520900,2805453.78,0.00,2805452.74,3942919750.00,6519192588.40,0.00,0.00
3056.01,322919657,131375117,133,322919524,7,44,51,395819099,322937008,718756107,10,718756373,266,0,276,718756107,560206,0,560206,2807642.08,0.00,2807641.04,3942919750.00,6519192588.40,0.00,0.00
3058.01,322999755,131295019,133,322999622,7,44,51,396294790,323017175,719311965,10,719312231,266,0,276,719311965,555858,0,555858,2809813.40,0.00,2809812.36,3942919750.00,6519192588.40,0.00,0.00
3060.01,323127745,131167029,133,323127612,7,44,51,396689365,323145112,719834477,10,719834743,266,0,276,719834477,522512,0,522512,2811854.46,0.00,2811853.43,3942919750.00,6519192588.40,0.00,0.00
3062.01,323182353,131112421,133,323182220,7,44,51,397175254,323199737,720374991,10,720375257,266,0,276,720374991,540514,0,540514,2813965.85,0.00,2813964.81,3942919750.00,6519192588.40,0.00,0.00
3064.01,323209537,131085237,133,323209404,7,44,51,397689980,323226925,720916905,10,720917171,266,0,276,720916905,541914,0,541914,2816082.70,0.00,2816081.66,3942919750.00,6519192588.40,0.00,0.00
3066.01,323332713,130962061,133,323332580,7,44,51,398103482,323350109,721453591,10,721453857,266,0,276,721453591,536686,0,536686,2818179.13,0.00,2818178.09,3942919750.00,6519192588.40,0.00,0.00
3068.01,323377141,130917633,133,323377008,7,44,51,398634705,323394554,722029259,10,722029525,266,0,276,722029259,575668,0,575668,2820427.83,0.00,2820426.79,3942919750.00,6519192588.40,0.00,0.00
3070.01,323450081,130844693,133,323449948,7,44,51,399101606,323467508,722569114,10,722569380,266,0,276,722569114,539855,0,539855,2822536.64,0.00,2822535.60,3942919750.00,6519192588.40,0.00,0.00
3072.01,323476817,130817957,133,323476684,7,44,51,399614503,323494249,723108752,10,723109018,266,0,276,723108752,539638,0,539638,2824644.60,0.00,2824643.56,3942919750.00,6519192588.40,0.00,0.00
3074.01,323500481,130794293,133,323500348,7,44,51,400178180,323517927,723696107,10,723696373,266,0,276,723696107,587355,0,587355,2826938.96,0.00,2826937.92,3942919750.00,6519192588.40,0.00,0.00
3076.01,323566812,130727962,133,323566679,7,44,51,400650877,323584325,724235202,10,724235468,266,0,276,724235202,539095,0,539095,2829044.80,0.00,2829043.76,3942919750.00,6519192588.40,0.00,0.00
3078.01,323606161,130688613,133,323606028,7,44,51,401172723,323623624,724796347,10,724796613,266,0,276,724796347,561145,0,561145,2831236.77,0.00,2831235.73,3942919750.00,6519192588.40,0.00,0.00
3080.01,323621977,130672797,133,323621844,7,44,51,401756399,323639468,725395867,10,725396133,266,0,276,725395867,599520,0,599520,2833578.64,0.00,2833577.61,3942919750.00,6519192588.40,0.00,0.00
3082.01,323659481,130635293,133,323659348,7,44,51,402271009,323676976,725947985,10,725948251,266,0,276,725947985,552118,0,552118,2835735.36,0.00,2835734.32,3942919750.00,6519192588.40,0.00,0.00
3084.01,323694071,130600703,133,323693938,7,44,51,402788105,323711592,726499697,10,726499963,266,0,276,726499697,551712,0,551712,2837890.48,0.00,2837889.44,3942919750.00,6519192588.40,0.00,0.00
3086.01,323733798,130560976,133,323733665,7,44,51,403353364,323751319,727104683,10,727104950,266,0,276,727104683,604987,0,604986,2840253.71,0.00,2840252.67,3942919750.00,6519192588.40,0.00,0.00
3088.01,323756193,130538581,133,323756060,7,44,51,403892420,323773722,727666142,10,727666408,266,0,276,727666142,561458,0,561459,2842446.91,0.00,2842445.87,3942919750.00,6519192588.40,0.00,0.00
3090.01,323807569,130487205,133,323807436,7,44,51,404420891,323825122,728246013,10,728246279,266,0,276,728246013,579871,0,579871,2844712.03,0.00,2844710.99,3942919750.00,6519192588.40,0.00,0.00
3092.01,323852321,130442453,133,323852188,7,44,51,404959344,323869881,728829225,10,728829491,266,0,276,728829225,583212,0,583212,2846990.20,0.00,2846989.16,3942919750.00,6519192588.40,0.00,0.00
3094.01,323891881,130402893,133,323891748,7,44,51,405490981,323909457,729400438,10,729400704,266,0,276,729400438,571213,0,571213,2849221.50,0.00,2849220.46,3942919750.00,6519192588.40,0.00,0.00
3096.01,323940713,130354061,133,323940580,7,44,51,406022029,323958296,729980325,10,729980592,266,0,276,729980325,579888,0,579887,2851486.69,0.00,2851485.64,3942919750.00,6519192588.40,0.00,0.00
3098.01,323954781,130339993,133,323954648,7,44,51,406551078,323972379,730523457,10,730523723,266,0,276,730523457,543131,0,543132,2853608.29,0.00,2853607.25,3942919750.00,6519192588.40,0.00,0.00
3100.01,324020265,130274509,133,324020132,7,44,51,407040569,324037867,731078436,10,731078702,266,0,276,731078436,554979,0,554979,2855776.18,0.00,2855775.14,3942919750.00,6519192588.40,0.00,0.00
3102.01,324062169,130232605,133,324062036,7,44,51,407554701,324079799,731634500,10,731634766,266,0,276,731634500,556064,0,556064,2857948.30,0.00,2857947.27,3942919750.00,6519192588.40,0.00,0.00
3104.01,324073961,130220813,133,324073828,7,44,51,408142311,324091602,732233913,10,732234179,266,0,276,732233913,599413,0,599413,2860289.76,0.00,2860288.72,3942919750.00,6519192588.40,0.00,0.00
3106.01,324090297,130204477,133,324090164,7,44,51,408754061,324107952,732862013,10,732862279,266,0,276,732862013,628100,0,628100,2862743.28,0.00,2862742.24,3942919750.00,6519192588.40,0.00,0.00
3108.01,324117809,130176965,133,324117676,7,44,51,409282960,324135470,733418430,10,733418696,266,0,276,733418430,556417,0,556417,2864916.78,0.00,2864915.74,3942919750.00,6519192588.40,0.00,0.00
3110.01,324156273,130138501,133,324156140,7,44,51,409852499,324173942,734026441,10,734026707,266,0,276,734026441,608011,0,608011,2867291.82,0.00,2867290.79,3942919750.00,6519192588.40,0.00,0.00
3112.01,324203041,130091733,133,324202908,7,44,51,410399539,324220719,734620258,10,734620524,266,0,276,734620258,593817,0,593817,2869611.42,0.00,2869610.38,3942919750.00,6519192588.40,0.00,0.00
3114.01,324255049,130039725,133,324254916,7,44,51,410898464,324272750,735171214,10,735171480,266,0,276,735171214,550956,0,550956,2871763.59,0.00,2871762.55,3942919750.00,6519192588.40,0.00,0.00
3116.01,324297897,129996877,133,324297764,7,44,51,411417075,324315620,735732695,10,735732961,266,0,276,735732695,561481,0,561481,2873956.88,0.00,2873955.84,3942919750.00,6519192588.40,0.00,0.00
3118.01,324331201,129963573,133,324331068,7,44,51,411934327,324348939,736283266,10,736283532,266,0,276,736283266,550571,0,550571,2876107.55,0.00,2876106.51,3942919750.00,6519192588.40,0.00,0.00
3120.01,324353329,129941445,133,324353196,7,44,51,412471364,324371076,736842440,10,736842706,266,0,276,736842440,559174,0,559174,2878291.82,0.00,2878290.78,3942919750.00,6519192588.40,0.00,0.00
3122.01,324381641,129913133,133,324381508,7,44,51,412991884,324399395,737391279,10,737391545,266,0,276,737391279,548839,0,548839,2880435.72,0.00,2880434.68,3942919750.00,6519192588.40,0.00,0.00
3124.01,324428353,129866421,133,324428220,7,44,51,413570098,324446165,738016263,10,738016529,266,0,276,738016263,624984,0,624984,2882877.07,0.00,2882876.03,3942919750.00,6519192588.40,0.00,0.00
3126.01,324462633,129832141,133,324462500,7,44,51,414159083,324480446,738639529,10,738639795,266,0,276,738639529,623266,0,623266,2885311.70,0.00,2885310.66,3942919750.00,6519192588.40,0.00,0.00
3128.01,324497321,129797453,133,324497188,7,44,51,414742812,324515138,739257950,10,739258216,266,0,276,739257950,618421,0,618421,2887727.41,0.00,2887726.37,3942919750.00,6519192588.40,0.00,0.00
3130.01,324543418,129751356,133,324543285,7,44,51,415320502,324561263,739881765,10,739882031,266,0,276,739881765,623815,0,623815,2890164.18,0.00,2890163.14,3942919750.00,6519192588.40,0.00,0.00
3132.01,324610247,129684527,133,324610114,7,44,51,415874710,324628104,740502814,10,740503080,266,0,276,740502814,621049,0,621049,2892590.16,0.00,2892589.12,3942919750.00,6519192588.40,0.00,0.00
3134.01,324643153,129651621,133,324643020,7,44,51,416469296,324661067,741130363,10,741130629,266,0,276,741130363,627549,0,627549,2895041.52,0.00,2895040.48,3942919750.00,6519192588.40,0.00,0.00
3136.01,324740601,129554173,133,324740468,7,44,51,416971978,324758523,741730501,10,741730767,266,0,276,741730501,600138,0,600138,2897385.81,0.00,2897384.77,3942919750.00,6519192588.40,0.00,0.00
3138.01,324786825,129507949,133,324786692,7,44,51,417533757,324804765,742338522,10,742338788,266,0,276,742338522,608021,0,608021,2899760.89,0.00,2899759.85,3942919750.00,6519192588.40,0.00,0.00
3140.01,324828289,129466485,133,324828156,7,44,51,418097603,324846237,742943840,10,742944106,266,0,276,742943840,605318,0,605318,2902125.41,0.00,2902124.38,3942919750.00,6519192588.40,0.00,0.00
3142.01,324859745,129435029,133,324859612,7,44,51,418665880,324877705,743543585,10,743543851,266,0,276,743543585,599745,0,599745,2904468.17,0.00,2904467.13,3942919750.00,6519192588.40,0.00,0.00
3144.01,324892041,129402733,133,324891908,7,44,51,419233274,324910049,744143323,10,744143589,266,0,276,744143323,599738,0,599738,2906810.89,0.00,2906809.86,3942919750.00,6519192588.40,0.00,0.00
3146.01,324911185,129383589,133,324911052,7,44,51,419820702,324929203,744749905,10,744750171,266,0,276,744749905,606582,0,606582,2909180.36,0.00,2909179.32,3942919750.00,6519192588.40,0.00,0.00
3148.01,324963896,129330878,133,324963763,7,44,51,420352810,324981953,745334763,10,745335029,266,0,276,745334763,584858,0,584858,2911464.96,0.00,2911463.92,3942919750.00,6519192588.40,0.00,0.00
3150.01,324982079,129312695,133,324981946,7,44,51,420941529,325000145,745941674,10,745941940,266,0,276,745941674,606911,0,606911,2913835.70,0.00,2913834.66,3942919750.00,6519192588.40,0.00,0.00
3152.01,324993857,129300917,133,324993724,7,44,51,421466199,325011924,746478123,10,746478390,266,0,276,746478123,536450,0,536449,2915931.21,0.00,2915930.17,3942919750.00,6519192588.40,0.00,0.00
3154.01,325004593,129290181,133,325004460,7,44,51,421996003,325022667,747018670,10,747018936,266,0,276,747018670,540546,0,540547,2918042.72,0.00,2918041.68,3942919750.00,6519192588.40,0.00,0.00
3156.01,325019825,129274949,133,325019692,7,44,51,422517942,325037902,747555844,10,747556110,266,0,276,747555844,537174,0,537174,2920141.05,0.00,2920140.02,3942919750.00,6519192588.40,0.00,0.00
3158.01,325035417,129259357,133,325035284,7,44,51,423054166,325053497,748107663,10,748107929,266,0,276,748107663,551819,0,551819,2922296.60,0.00,2922295.56,3942919750.00,6519192588.40,0.00,0.00
3160.01,325061281,129233493,133,325061148,7,44,51,423566217,325079365,748645582,10,748645848,266,0,276,748645582,537919,0,537919,2924397.84,0.00,2924396.80,3942919750.00,6519192588.40,0.00,0.00
3162.01,325074625,129220149,133,325074492,7,44,51,424110719,325092710,749203429,10,749203695,266,0,276,749203429,557847,0,557847,2926576.93,0.00,2926575.89,3942919750.00,6519192588.40,0.00,0.00
3164.01,325086057,129208717,133,325085924,7,44,51,424628730,325104148,749732878,10,749733144,266,0,276,749732878,529449,0,529449,2928645.09,0.00,2928644.05,3942919750.00,6519192588.40,0.00,0.00
3166.01,325095905,129198869,133,325095772,7,44,51,425148896,325114001,750262897,10,750263163,266,0,276,750262897,530019,0,530019,2930715.48,0.00,2930714.44,3942919750.00,6519192588.40,0.00,0.00
3168.01,325148289,129146485,133,325148156,7,44,51,425654105,325166388,750820493,10,750820759,266,0,276,750820493,557596,0,557596,2932893.59,0.00,2932892.55,3942919750.00,6519192588.40,0.00,0.00
3170.01,325172913,129121861,133,325172780,7,44,51,426232883,325191020,751423903,10,751424169,266,0,276,751423903,603410,0,603410,2935250.66,0.00,2935249.62,3942919750.00,6519192588.40,0.00,0.00
3172.01,325297593,128997181,133,325297460,7,44,51,426687576,325315715,752003291,10,752003557,266,0,276,752003291,579388,0,579388,2937513.89,0.00,2937512.86,3942919750.00,6519192588.40,0.00,0.00
3174.01,325362123,128932651,133,325361990,7,44,51,427207047,325380315,752587362,10,752587628,266,0,276,752587362,584071,0,584071,2939795.42,0.00,2939794.38,3942919750.00,6519192588.40,0.00,0.00
3176.01,325430497,128864277,133,325430364,7,44,51,427739075,325448637,753187712,10,753187978,266,0,276,753187712,600350,0,600350,2942140.54,0.00,2942139.50,3942919750.00,6519192588.40,0.00,0.00
3178.01,325488965,128805809,133,325488832,7,44,51,428236923,325507110,753744033,10,753744299,266,0,276,753744033,556321,0,556321,2944313.67,0.00,2944312.63,3942919750.00,6519192588.40,0.00,0.00
3180.01,325511813,128782961,133,325511680,7,44,51,428807520,325529973,754337493,10,754337759,266,0,276,754337493,593460,0,593460,2946631.87,0.00,2946630.83,3942919750.00,6519192588.40,0.00,0.00
3182.01,325542265,128752509,133,325542132,7,44,51,429398631,325560447,754959078,10,754959344,266,0,276,754959078,621585,0,621585,2949059.94,0.00,2949058.90,3942919750.00,6519192588.40,0.00,0.00
3184.01,325556601,128738173,133,325556468,7,44,51,430010789,325574796,755585585,10,755585851,266,0,276,755585585,626507,0,626507,2951507.23,0.00,2951506.19,3942919750.00,6519192588.40,0.00,0.00
3186.01,325567993,128726781,133,325567860,7,44,51,430579082,325586204,756165286,10,756165552,266,0,276,756165286,579701,0,579701,2953771.69,0.00,2953770.65,3942919750.00,6519192588.40,0.00,0.00
3188.01,325615801,128678973,133,325615668,7,44,51,431098456,325634015,756732471,10,756732737,266,0,276,756732471,567185,0,567185,2955987.25,0.00,2955986.21,3942919750.00,6519192588.40,0.00,0.00
3190.01,325685185,128609589,133,325685052,7,44,51,431634068,325703413,757337481,10,757337747,266,0,276,757337481,605010,0,605010,2958350.57,0.00,2958349.54,3942919750.00,6519192588.40,0.00,0.00
3192.01,325732449,128562325,133,325732316,7,44,51,432198849,325750715,757949564,10,757949830,266,0,276,757949564,612083,0,612083,2960741.52,0.00,2960740.48,3942919750.00,6519192588.40,0.00,0.00
3194.01,325773729,128521045,133,325773596,7,44,51,432771126,325792006,758563132,10,758563398,266,0,276,758563132,613568,0,613568,2963138.27,0.00,2963137.23,3942919750.00,6519192588.40,0.00,0.00
3196.01,325822681,128472093,133,325822548,7,44,51,433328524,325840968,759169492,10,759169758,266,0,276,759169492,606360,0,606360,2965506.87,0.00,2965505.83,3942919750.00,6519192588.40,0.00,0.00
3198.01,325864407,128430367,133,325864274,7,44,51,433902956,325882807,759785763,10,759786029,266,0,276,759785763,616271,0,616271,2967914.18,0.00,2967913.14,3942919750.00,6519192588.40,0.00,0.00
3200.01,325909345,128385429,133,325909212,7,44,51,434459359,325927691,760387050,10,760387316,266,0,276,760387050,601287,0,601287,2970262.95,0.00,2970261.91,3942919750.00,6519192588.40,0.00,0.00
3202.01,325986007,128308767,133,325985874,7,44,51,434982134,326004443,760986577,10,760986843,266,0,276,760986577,599527,0,599527,2972604.86,0.00,2972603.82,3942919750.00,6519192588.40,0.00,0.00
3204.01,326046889,128247885,133,326046756,7,44,51,435525684,326065335,761591019,10,761591285,266,0,276,761591019,604442,0,604442,2974965.96,0.00,2974964.92,3942919750.00,6519192588.40,0.00,0.00
3206.01,326061929,128232845,133,326061796,7,44,51,436117959,326080380,762198339,10,762198605,266,0,276,762198339,607320,0,607320,2977338.30,0.00,2977337.26,3942919750.00,6519192588.40,0.00,0.00
3208.01,326087409,128207365,133,326087276,7,44,51,436722967,326105900,762828867,10,762829133,266,0,276,762828867,630528,0,630528,2979801.30,0.00,2979800.26,3942919750.00,6519192588.40,0.00,0.00
3210.01,326160569,128134205,133,326160436,7,44,51,437252820,326179060,763431880,10,763432146,266,0,276,763431880,603013,0,603013,2982156.82,0.00,2982155.78,3942919750.00,6519192588.40,0.00,0.00
3212.01,326212803,128081971,133,326212670,7,44,51,437813162,326231367,764044529,10,764044795,266,0,276,764044529,612649,0,612649,2984549.98,0.00,2984548.94,3942919750.00,6519192588.40,0.00,0.00
3214.01,326293185,128001589,133,326293052,7,44,51,438324204,326311709,764635913,10,764636179,266,0,276,764635913,591384,0,591384,2986860.07,0.00,2986859.04,3942919750.00,6519192588.40,0.00,0.00
3216.01,326341073,127953701,133,326340940,7,44,51,438882283,326359601,765241884,10,765242150,266,0,276,765241884,605971,0,605971,2989227.15,0.00,2989226.11,3942919750.00,6519192588.40,0.00,0.00
3218.01,326383169,127911605,133,326383036,7,44,51,439418438,326401700,765820138,10,765820404,266,0,276,765820138,578254,0,578254,2991485.95,0.00,2991484.91,3942919750.00,6519192588.40,0.00,0.00
3220.01,326406406,127888368,133,326406273,7,44,51,439992419,326424945,766417364,10,766417630,266,0,276,766417364,597226,0,597226,2993818.87,0.00,2993817.83,3942919750.00,6519192588.40,0.00,0.00
3222.01,326454813,127839961,133,326454680,7,44,51,440549736,326473356,767023092,10,767023358,266,0,276,767023092,605728,0,605728,2996184.99,0.00,2996183.95,3942919750.00,6519192588.40,0.00,0.00
3224.01,326468817,127825957,133,326468684,7,44,51,441150361,326487389,767637750,10,767638016,266,0,276,767637750,614658,0,614658,2998586.00,0.00,2998584.96,3942919750.00,6519192588.40,0.00,0.00
3226.01,326480849,127813925,133,326480716,7,44,51,441751220,326499422,768250642,10,768250908,266,0,276,768250642,612892,0,612892,3000980.11,0.00,3000979.07,3942919750.00,6519192588.40,0.00,0.00
3228.01,326537121,127757653,133,326536988,7,44,51,442307726,326555702,768863428,10,768863695,266,0,276,768863428,612787,0,612786,3003373.81,0.00,3003372.77,3942919750.00,6519192588.40,0.00,0.00
3230.01,326595329,127699445,133,326595196,7,44,51,442862740,326613923,769476663,10,769476929,266,0,276,769476663,613234,0,613235,3005769.25,0.00,3005768.21,3942919750.00,6519192588.40,0.00,0.00
3232.01,326623089,127671685,133,326622956,7,44,51,443449470,326641700,770091170,10,770091436,266,0,276,770091170,614507,0,614507,3008169.67,0.00,3008168.63,3942919750.00,6519192588.40,0.00,0.00
3234.01,326666449,127628325,133,326666316,7,44,51,443995539,326685064,770680603,10,770680869,266,0,276,770680603,589433,0,589433,3010472.14,0.00,3010471.11,3942919750.00,6519192588.40,0.00,0.00
3236.01,326678193,127616581,133,326678060,7,44,51,444576636,326696815,771273451,10,771273717,266,0,276,771273451,592848,0,592848,3012787.96,0.00,3012786.92,3942919750.00,6519192588.40,0.00,0.00
3238.01,326716701,127578073,133,326716568,7,44,51,445128376,326735337,771863713,10,771863979,266,0,276,771863713,590262,0,590262,3015093.67,0.00,3015092.63,3942919750.00,6519192588.40,0.00,0.00
3240.01,326800449,127494325,133,326800316,7,44,51,445634047,326819092,772453139,10,772453405,266,0,276,772453139,589426,0,589426,3017396.11,0.00,3017395.07,3942919750.00,6519192588.40,0.00,0.00
3242.01,326918113,127376661,133,326917980,7,44,51,446093588,326936761,773030349,10,773030616,266,0,276,773030349,577211,0,577210,3019650.84,0.00,3019649.80,3942919750.00,6519192588.40,0.00,0.00
3244.01,326997929,127296845,133,326997796,7,44,51,446607888,327016590,773624478,10,773624744,266,0,276,773624478,594128,0,594129,3021971.66,0.00,3021970.62,3942919750.00,6519192588.40,0.00,0.00
3246.01,327012097,127282677,133,327011964,7,44,51,447199931,327030766,774230697,10,774230963,266,0,276,774230697,606219,0,606219,3024339.70,0.00,3024338.66,3942919750.00,6519192588.40,0.00,0.00
3248.01,327040385,127254389,133,327040252,7,44,51,447780130,327059063,774839193,10,774839459,266,0,276,774839193,608496,0,608496,3026716.64,0.00,3026715.60,3942919750.00,6519192588.40,0.00,0.00
3250.01,327050009,127244765,133,327049876,7,44,51,448383043,327068697,775451740,10,775452006,266,0,276,775451740,612547,0,612547,3029109.40,0.00,3029108.36,3942919750.00,6519192588.40,0.00,0.00
3252.01,327076569,127218205,133,327076436,7,44,51,448966176,327095267,776061443,10,776061709,266,0,276,776061443,609703,0,609703,3031491.05,0.00,3031490.01,3942919750.00,6519192588.40,0.00,0.00
3254.01,327107545,127187229,133,327107412,7,44,51,449548716,327126252,776674968,10,776675234,266,0,276,776674968,613525,0,613525,3033887.63,0.00,3033886.59,3942919750.00,6519192588.40,0.00,0.00
3256.01,327117905,127176869,133,327117772,7,44,51,450124876,327136617,777261493,10,777261760,266,0,276,777261493,586526,0,586525,3036178.75,0.00,3036177.71,3942919750.00,6519192588.40,0.00,0.00
3258.01,327153497,127141277,133,327153364,7,44,51,450675750,327172215,777847965,10,777848231,266,0,276,777847965,586471,0,586472,3038469.65,0.00,3038468.61,3942919750.00,6519192588.40,0.00,0.00
3260.01,327183907,127110867,133,327183774,7,44,51,451234383,327202630,778437013,10,778437279,266,0,276,778437013,589048,0,589048,3040770.62,0.00,3040769.58,3942919750.00,6519192588.40,0.00,0.00
3262.01,327206410,127088364,133,327206277,7,44,51,451806954,327225204,779032158,10,779032424,266,0,276,779032158,595145,0,595145,3043095.41,0.00,3043094.37,3942919750.00,6519192588.40,0.00,0.00
3264.01,327442244,126852530,133,327442111,7,44,51,452100904,327461027,779561931,10,779562197,266,0,276,779561931,529773,0,529773,3045164.83,0.00,3045163.79,3942919750.00,6519192588.40,0.00,0.00
3266.01,327601057,126693717,133,327600924,7,44,51,452506238,327619801,780126039,10,780126305,266,0,276,780126039,564108,0,564108,3047368.38,0.00,3047367.34,3942919750.00,6519192588.40,0.00,0.00
3268.01,327617081,126677693,133,327616948,7,44,51,453098762,327635840,780734602,10,780734868,266,0,276,780734602,608563,0,608563,3049745.58,0.00,3049744.54,3942919750.00,6519192588.40,0.00,0.00
3270.01,327650201,126644573,133,327650068,7,44,51,453667292,327668964,781336256,10,781336522,266,0,276,781336256,601654,0,601654,3052095.79,0.00,3052094.75,3942919750.00,6519192588.40,0.00,0.00
3272.01,327718273,126576501,133,327718140,7,44,51,454199388,327737036,781936424,10,781936690,266,0,276,781936424,600168,0,600168,3054440.20,0.00,3054439.16,3942919750.00,6519192588.40,0.00,0.00
3274.01,327785138,126509636,133,327785005,7,44,51,454739189,327803907,782543096,10,782543362,266,0,276,782543096,606672,0,606672,3056810.01,0.00,3056808.97,3942919750.00,6519192588.40,0.00,0.00
3276.01,327807721,126487053,133,327807588,7,44,51,455333365,327826490,783159855,10,783160121,266,0,276,783159855,616759,0,616759,3059219.22,0.00,3059218.18,3942919750.00,6519192588.40,0.00,0.00
3278.01,327859725,126435049,133,327859592,7,44,51,455871755,327878497,783750252,10,783750518,266,0,276,783750252,590397,0,590397,3061525.46,0.00,3061524.42,3942919750.00,6519192588.40,0.00,0.00
3280.01,327921417,126373357,133,327921284,7,44,51,456388117,327940195,784328312,10,784328578,266,0,276,784328312,578060,0,578060,3063783.51,0.00,3063782.47,3942919750.00,6519192588.40,0.00,0.00
3282.01,327994697,126300077,133,327994564,7,44,51,456892663,328013477,784906140,10,784906406,266,0,276,784906140,577828,0,577828,3066040.65,0.00,3066039.61,3942919750.00,6519192588.40,0.00,0.00
3284.01,328049899,126244875,133,328049766,7,44,51,457403039,328068782,785471821,10,785472087,266,0,276,785471821,565681,0,565681,3068250.34,0.00,3068249.30,3942919750.00,6519192588.40,0.00,0.00
3286.01,328101521,126193253,133,328101388,7,44,51,457917258,328120345,786037603,10,786037869,266,0,276,786037603,565782,0,565782,3070460.43,0.00,3070459.39,3942919750.00,6519192588.40,0.00,0.00
3288.01,328180729,126114045,133,328180596,7,44,51,458402112,328199553,786601665,10,786601931,266,0,276,786601665,564062,0,564062,3072663.79,0.00,3072662.75,3942919750.00,6519192588.40,0.00,0.00
3290.01,328189289,126105485,133,328189156,7,44,51,458964520,328208122,787172642,10,787172908,266,0,276,787172642,570977,0,570977,3074894.17,0.00,3074893.13,3942919750.00,6519192588.40,0.00,0.00
3292.01,328204474,126090300,133,328204341,7,44,51,459542045,328223313,787765358,10,787765624,266,0,276,787765358,592716,0,592716,3077209.47,0.00,3077208.43,3942919750.00,6519192588.40,0.00,0.00
3294.01,328264505,126030269,133,328264372,7,44,51,460069370,328283356,788352726,10,788352992,266,0,276,788352726,587368,0,587368,3079503.88,0.00,3079502.84,3942919750.00,6519192588.40,0.00,0.00
3296.01,328337172,125957602,133,328337039,7,44,51,460548856,328356028,788904884,10,788905150,266,0,276,788904884,552158,0,552158,3081660.74,0.00,3081659.70,3942919750.00,6519192588.40,0.00,0.00
3298.01,328374854,125919920,133,328374721,7,44,51,461094312,328393716,789488028,10,789488294,266,0,276,789488028,583144,0,583144,3083938.65,0.00,3083937.61,3942919750.00,6519192588.40,0.00,0.00
3300.01,328447417,125847357,133,328447284,7,44,51,461588259,328466291,790054550,10,790054816,266,0,276,790054550,566522,0,566522,3086151.62,0.00,3086150.59,3942919750.00,6519192588.40,0.00,0.00
3302.01,328498934,125795840,133,328498801,7,44,51,462128428,328517886,790646314,10,790646580,266,0,276,790646314,591764,0,591764,3088463.20,0.00,3088462.16,3942919750.00,6519192588.40,0.00,0.00
3304.01,328543177,125751597,133,328543044,7,44,51,462684750,328562106,791246856,10,791247122,266,0,276,791246856,600542,0,600542,3090809.07,0.00,3090808.03,3942919750.00,6519192588.40,0.00,0.00
3306.01,328592345,125702429,133,328592212,7,44,51,463232660,328611284,791843944,10,791844210,266,0,276,791843944,597088,0,597088,3093141.45,0.00,3093140.41,3942919750.00,6519192588.40,0.00,0.00
3308.01,328602969,125691805,133,328602836,7,44,51,463831254,328621914,792453168,10,792453434,266,0,276,792453168,609224,0,609224,3095521.23,0.00,3095520.19,3942919750.00,6519192588.40,0.00,0.00
3310.01,328631833,125662941,133,328631700,7,44,51,464409606,328650786,793060392,10,793060658,266,0,276,793060392,607224,0,607224,3097893.20,0.00,3097892.16,3942919750.00,6519192588.40,0.00,0.00
3312.01,328674105,125620669,133,328673972,7,44,51,464969820,328693061,793662881,10,793663147,266,0,276,793662881,602489,0,602489,3100246.67,0.00,3100245.63,3942919750.00,6519192588.40,0.00,0.00
3314.01,328730193,125564581,133,328730060,7,44,51,465520904,328749214,794270118,10,794270384,266,0,276,794270118,607237,0,607237,3102618.69,0.00,3102617.65,3942919750.00,6519192588.40,0.00,0.00
3316.01,328896014,125398760,133,328895881,7,44,51,465914287,328915039,794829326,10,794829592,266,0,276,794829326,559208,0,559208,3104803.09,0.00,3104802.05,3942919750.00,6519192588.40,0.00,0.00
3318.01,328977955,125316819,133,328977822,7,44,51,466421403,328996921,795418324,10,795418590,266,0,276,795418324,588998,0,588998,3107103.87,0.00,3107102.83,3942919750.00,6519192588.40,0.00,0.00
3320.01,329163801,125130973,133,329163668,7,44,51,466794140,329182771,795976911,10,795977177,266,0,276,795976911,558587,0,558587,3109285.85,0.00,3109284.81,3942919750.00,6519192588.40,0.00,0.00
3322.01,329213713,125081061,133,329213580,7,44,51,467359690,329232683,796592373,10,796592639,266,0,276,796592373,615462,0,615462,3111690.00,0.00,3111688.96,3942919750.00,6519192588.40,0.00,0.00
3324.01,329352113,124942661,133,329351980,7,44,51,467725745,329371092,797096837,10,797097103,266,0,276,797096837,504464,0,504464,3113660.56,0.00,3113659.52,3942919750.00,6519192588.40,0.00,0.00
3326.01,329466724,124828050,133,329466591,7,44,51,468070760,329485776,797556536,10,797556802,266,0,276,797556536,459699,0,459699,3115456.26,0.00,3115455.22,3942919750.00,6519192588.40,0.00,0.00
3328.01,329621010,124673764,133,329620877,7,44,51,468432930,329640049,798072979,10,798073245,266,0,276,798072979,516443,0,516443,3117473.61,0.00,3117472.57,3942919750.00,6519192588.40,0.00,0.00
3330.01,329904937,124389837,133,329904804,7,44,51,468607429,329923924,798531353,10,798531619,266,0,276,798531353,458374,0,458374,3119264.14,0.00,3119263.10,3942919750.00,6519192588.40,0.00,0.00
3332.01,330006793,124287981,133,330006660,7,44,51,468931277,330025787,798957064,10,798957330,266,0,276,798957064,425711,0,425711,3120927.07,0.00,3120926.03,3942919750.00,6519192588.40,0.00,0.00
3334.01,330068009,124226765,133,330067876,7,44,51,469308367,330087005,799395372,10,799395638,266,0,276,799395372,438308,0,438308,3122639.21,0.00,3122638.17,3942919750.00,6519192588.40,0.00,0.00
3336.01,330090961,124203813,133,330090828,7,44,51,469750159,330109958,799860117,10,799860383,266,0,276,799860117,464745,0,464745,3124454.62,0.00,3124453.58,3942919750.00,6519192588.40,0.00,0.00
3338.01,330182137,124112637,133,330182004,7,44,51,470175814,330201134,800376948,10,800377214,266,0,276,800376948,516831,0,516831,3126473.49,0.00,3126472.45,3942919750.00,6519192588.40,0.00,0.00
3340.01,330332905,123961869,133,330332772,7,44,51,470519568,330351909,800871477,10,800871743,266,0,276,800871477,494529,0,494529,3128405.25,0.00,3128404.21,3942919750.00,6519192588.40,0.00,0.00
3342.01,330363673,123931101,133,330363540,7,44,51,471039359,330382733,801422092,10,801422358,266,0,276,801422092,550615,0,550615,3130556.09,0.00,3130555.05,3942919750.00,6519192588.40,0.00,0.00
3344.01,330579971,123714803,133,330579838,7,44,51,471323982,330599114,801923096,10,801923362,266,0,276,801923096,501004,0,501004,3132513.13,0.00,3132512.09,3942919750.00,6519192588.40,0.00,0.00
3346.01,330878349,123416425,133,330878216,7,44,51,471472618,330897499,802370117,10,802370383,266,0,276,802370117,447021,0,447021,3134259.31,0.00,3134258.27,3942919750.00,6519192588.40,0.00,0.00
3348.01,330948400,123346373,133,330948267,7,44,51,471935442,330967486,802902928,10,802903194,266,0,276,802902928,532811,0,532811,3136340.60,0.00,3136339.56,3942919750.00,6519192588.40,0.00,0.00
3350.01,330990409,123304365,133,330990276,7,44,51,472418902,331009496,803428398,10,803428664,266,0,276,803428398,525470,0,525470,3138393.22,0.00,3138392.18,3942919750.00,6519192588.40,0.00,0.00
3352.01,331012385,123282389,133,331012252,7,44,51,472930348,331031474,803961822,10,803962088,266,0,276,803961822,533424,0,533424,3140476.91,0.00,3140475.87,3942919750.00,6519192588.40,0.00,0.00
3354.01,331022993,123271781,133,331022860,7,44,51,473487486,331042088,804529574,10,804529840,266,0,276,804529574,567752,0,567752,3142694.69,0.00,3142693.65,3942919750.00,6519192588.40,0.00,0.00
3356.01,331035989,123258785,133,331035856,7,44,51,474059801,331055088,805114889,10,805115155,266,0,276,805114889,585315,0,585315,3144981.07,0.00,3144980.04,3942919750.00,6519192588.40,0.00,0.00
3358.01,331104093,123190681,133,331103960,7,44,51,474548917,331123208,805672125,10,805672391,266,0,276,805672125,557236,0,557236,3147157.78,0.00,3147156.74,3942919750.00,6519192588.40,0.00,0.00
3360.01,331153671,123141103,133,331153538,7,44,51,475079977,331172851,806252828,10,806253094,266,0,276,806252828,580703,0,580703,3149426.15,0.00,3149425.11,3942919750.00,6519192588.40,0.00,0.00
3362.01,331175537,123119237,133,331175404,7,44,51,475640159,331194676,806834835,10,806835101,266,0,276,806834835,582007,0,582007,3151699.61,0.00,3151698.57,3942919750.00,6519192588.40,0.00,0.00
3364.01,331186969,123107805,133,331186836,7,44,51,476195648,331206113,807401761,10,807402027,266,0,276,807401761,566926,0,566926,3153914.17,0.00,3153913.13,3942919750.00,6519192588.40,0.00,0.00
3366.01,331242745,123052029,133,331242612,7,44,51,476669940,331261890,807931830,10,807932096,266,0,276,807931830,530069,0,530069,3155984.75,0.00,3155983.71,3942919750.00,6519192588.40,0.00,0.00
3368.01,331309409,122985365,133,331309276,7,44,51,477156753,331328583,808485336,10,808485602,266,0,276,808485336,553506,0,553506,3158146.88,0.00,3158145.84,3942919750.00,6519192588.40,0.00,0.00
3370.01,331342793,122951981,133,331342660,7,44,51,477700430,331361974,809062404,10,809062670,266,0,276,809062404,577068,0,577068,3160401.05,0.00,3160400.02,3942919750.00,6519192588.40,0.00,0.00
3372.01,331387433,122907341,133,331387300,7,44,51,478232890,331406617,809639507,10,809639773,266,0,276,809639507,577103,0,577103,3162655.36,0.00,3162654.32,3942919750.00,6519192588.40,0.00,0.00
3374.01,331414950,122879824,133,331414817,7,44,51,478787000,331434142,810221142,10,810221408,266,0,276,810221142,581635,0,581635,3164927.38,0.00,3164926.34,3942919750.00,6519192588.40,0.00,0.00
3376.01,331429329,122865445,133,331429196,7,44,51,479340811,331448521,810789332,10,810789598,266,0,276,810789332,568190,0,568190,3167146.87,0.00,3167145.83,3942919750.00,6519192588.40,0.00,0.00
3378.01,331468026,122826748,133,331467893,7,44,51,479883933,331487229,811371162,10,811371428,266,0,276,811371162,581830,0,581830,3169419.64,0.00,3169418.60,3942919750.00,6519192588.40,0.00,0.00
3380.01,331519489,122775285,133,331519356,7,44,51,480380553,331538691,811919244,10,811919510,266,0,276,811919244,548082,0,548082,3171560.59,0.00,3171559.55,3942919750.00,6519192588.40,0.00,0.00
3382.01,331532873,122761901,133,331532740,7,44,51,480937173,331552080,812489253,10,812489519,266,0,276,812489253,570009,0,570009,3173787.18,0.00,3173786.14,3942919750.00,6519192588.40,0.00,0.00
3384.01,331571697,122723077,133,331571564,7,44,51,481463105,331590923,813054028,10,813054294,266,0,276,813054028,564775,0,564775,3175993.34,0.00,3175992.30,3942919750.00,6519192588.40,0.00,0.00
3386.01,331581569,122713205,133,331581436,7,44,51,482021213,331600799,813622012,10,813622278,266,0,276,813622012,567984,0,567984,3178212.02,0.00,3178210.98,3942919750.00,6519192588.40,0.00,0.00
3388.01,331596525,122698249,133,331596392,7,44,51,482568372,331615761,814184133,10,814184399,266,0,276,814184133,562121,0,562121,3180407.81,0.00,3180406.77,3942919750.00,6519192588.40,0.00,0.00
3390.01,331630833,122663941,133,331630700,7,44,51,483083745,331650073,814733818,10,814734084,266,0,276,814733818,549685,0,549685,3182555.02,0.00,3182553.98,3942919750.00,6519192588.40,0.00,0.00
3392.01,331676921,122617853,133,331676788,7,44,51,483587007,331696169,815283176,10,815283442,266,0,276,815283176,549358,0,549358,3184700.95,0.00,3184699.91,3942919750.00,6519192588.40,0.00,0.00
3394.01,331755951,122538823,133,331755818,7,44,51,484069922,331775201,815845123,10,815845389,266,0,276,815845123,561947,0,561947,3186896.05,0.00,3186895.01,3942919750.00,6519192588.40,0.00,0.00
3396.01,331786942,122507832,133,331786809,7,44,51,484608296,331806200,816414496,10,816414762,266,0,276,816414496,569373,0,569373,3189120.16,0.00,3189119.12,3942919750.00,6519192588.40,0.00,0.00
3398.01,331853057,122441717,133,331852924,7,44,51,485131123,331872319,817003442,10,817003708,266,0,276,817003442,588946,0,588946,3191420.73,0.00,3191419.70,3942919750.00,6519192588.40,0.00,0.00
3400.01,332010259,122284515,133,332010126,7,44,51,485524183,332029526,817553709,10,817553975,266,0,276,817553709,550267,0,550267,3193570.21,0.00,3193569.18,3942919750.00,6519192588.40,0.00,0.00
3402.01,332181362,122113412,133,332181229,7,44,51,485895016,332200634,818095650,10,818095916,266,0,276,818095650,541941,0,541941,3195687.17,0.00,3195686.13,3942919750.00,6519192588.40,0.00,0.00
3404.01,332244765,122050009,133,332244632,7,44,51,486408790,332264100,818672890,10,818673156,266,0,276,818672890,577240,0,577240,3197942.02,0.00,3197940.98,3942919750.00,6519192588.40,0.00,0.00
3406.01,332491281,121803493,133,332491148,7,44,51,486675258,332510562,819185820,10,819186086,266,0,276,819185820,512930,0,512930,3199945.65,0.00,3199944.61,3942919750.00,6519192588.40,0.00,0.00
3408.01,332532801,121761973,133,332532668,7,44,51,487176976,332552089,819729065,10,819729331,266,0,276,819729065,543245,0,543245,3202067.70,0.00,3202066.66,3942919750.00,6519192588.40,0.00,0.00
3410.01,332677991,121616783,133,332677858,7,44,51,487577437,332697341,820274778,10,820275044,266,0,276,820274778,545713,0,545713,3204199.39,0.00,3204198.35,3942919750.00,6519192588.40,0.00,0.00
3412.01,332976957,121317817,133,332976824,7,44,51,487747747,332996251,820743998,10,820744264,266,0,276,820743998,469220,0,469220,3206032.28,0.00,3206031.24,3942919750.00,6519192588.40,0.00,0.00
3414.01,333087624,121207150,133,333087491,7,44,51,488176656,333106981,821283637,10,821283903,266,0,276,821283637,539639,0,539639,3208140.25,0.00,3208139.21,3942919750.00,6519192588.40,0.00,0.00
3416.01,333376233,120918541,133,333376100,7,44,51,488351537,333395547,821747084,10,821747351,266,0,276,821747084,463448,0,463447,3209950.59,0.00,3209949.55,3942919750.00,6519192588.40,0.00,0.00
3418.01,333682038,120612736,133,333681905,7,44,51,488515925,333701423,822217348,10,822217614,266,0,276,822217348,470263,0,470264,3211787.55,0.00,3211786.52,3942919750.00,6519192588.40,0.00,0.00
3420.01,334081203,120213571,133,334081070,7,44,51,488540625,334100593,822641218,10,822641484,266,0,276,822641218,423870,0,423870,3213443.30,0.00,3213442.26,3942919750.00,6519192588.40,0.00,0.00
3422.01,334359665,119935109,133,334359532,7,44,51,488739077,334379005,823118082,10,823118348,266,0,276,823118082,476864,0,476864,3215306.05,0.00,3215305.01,3942919750.00,6519192588.40,0.00,0.00
3424.01,334520361,119774413,133,334520228,7,44,51,489093269,334539727,823632996,10,823633262,266,0,276,823632996,514914,0,514914,3217317.43,0.00,3217316.39,3942919750.00,6519192588.40,0.00,0.00
3426.01,334704599,119590175,133,334704466,7,44,51,489418881,334724023,824142904,10,824143170,266,0,276,824142904,509908,0,509908,3219309.26,0.00,3219308.22,3942919750.00,6519192588.40,0.00,0.00
3428.01,334882785,119411989,133,334882652,7,44,51,489756299,334902152,824658451,10,824658717,266,0,276,824658451,515547,0,515547,3221323.11,0.00,3221322.07,3942919750.00,6519192588.40,0.00,0.00
3430.01,335153032,119141742,133,335152899,7,44,51,489971229,335172470,825143699,10,825143965,266,0,276,825143699,485248,0,485248,3223218.61,0.00,3223217.57,3942919750.00,6519192588.40,0.00,0.00
3432.01,335389257,118905517,133,335389124,7,44,51,490231729,335408633,825640362,10,825640628,266,0,276,825640362,496663,0,496663,3225158.70,0.00,3225157.66,3942919750.00,6519192588.40,0.00,0.00
3434.01,335596873,118697901,133,335596740,7,44,51,490546047,335616335,826162382,10,826162648,266,0,276,826162382,522020,0,522020,3227197.84,0.00,3227196.80,3942919750.00,6519192588.40,0.00,0.00
3436.01,335858103,118436671,133,335857970,7,44,51,490776295,335877502,826653797,10,826654063,266,0,276,826653797,491415,0,491415,3229117.43,0.00,3229116.39,3942919750.00,6519192588.40,0.00,0.00
3438.01,335919859,118374915,133,335919726,7,44,51,491261805,335939315,827201120,10,827201386,266,0,276,827201120,547323,0,547323,3231255.41,0.00,3231254.38,3942919750.00,6519192588.40,0.00,0.00
3440.01,336025984,118268790,133,336025851,7,44,51,491724596,336045395,827769991,10,827770257,266,0,276,827769991,568871,0,568871,3233477.57,0.00,3233476.53,3942919750.00,6519192588.40,0.00,0.00
3442.01,336177565,118117209,134,336177431,7,44,51,492100642,336197029,828297671,10,828297937,266,0,276,828297671,527680,0,527680,3235538.82,0.00,3235537.78,3942919750.00,6519192588.40,0.00,0.00
3444.01,336393439,117901335,133,336393306,7,44,51,492391050,336412924,828803974,10,828804240,266,0,276,828803974,506303,0,506303,3237516.56,0.00,3237515.52,3942919750.00,6519192588.40,0.00,0.00
3446.01,336527367,117767407,133,336527234,7,44,51,492804278,336546928,829351206,10,829351472,266,0,276,829351206,547232,0,547232,3239654.19,0.00,3239653.15,3942919750.00,6519192588.40,0.00,0.00
3448.01,336700726,117594048,133,336700593,7,44,51,493148998,336720281,829869279,10,829869545,266,0,276,829869279,518073,0,518073,3241677.91,0.00,3241676.87,3942919750.00,6519192588.40,0.00,0.00
3450.01,336763938,117530836,133,336763805,7,44,51,493588564,336783452,830372016,10,830372282,266,0,276,830372016,502737,0,502737,3243641.73,0.00,3243640.69,3942919750.00,6519192588.40,0.00,0.00
3452.01,336899776,117394998,133,336899643,7,44,51,493905093,336919328,830824421,10,830824687,266,0,276,830824421,452405,0,452405,3245408.93,0.00,3245407.89,3942919750.00,6519192588.40,0.00,0.00
3454.01,336981929,117312845,133,336981796,7,44,51,494263400,337001434,831264834,10,831265100,266,0,276,831264834,440413,0,440413,3247129.30,0.00,3247128.26,3942919750.00,6519192588.40,0.00,0.00
3456.01,337116001,117178773,133,337115868,7,44,51,494586871,337135506,831722377,10,831722643,266,0,276,831722377,457543,0,457543,3248916.57,0.00,3248915.54,3942919750.00,6519192588.40,0.00,0.00
3458.01,337291274,117003500,133,337291141,7,44,51,494881268,337310846,832192114,10,832192380,266,0,276,832192114,469737,0,469737,3250751.48,0.00,3250750.45,3942919750.00,6519192588.40,0.00,0.00
3460.01,337438327,116856447,133,337438194,7,44,51,495208063,337457834,832665897,10,832666163,266,0,276,832665897,473783,0,473783,3252602.20,0.00,3252601.16,3942919750.00,6519192588.40,0.00,0.00
3462.01,337595153,116699620,133,337595020,7,44,51,495529090,337614717,833143807,10,833144073,266,0,276,833143807,477910,0,477910,3254469.04,0.00,3254468.00,3942919750.00,6519192588.40,0.00,0.00
3464.01,337729265,116565509,133,337729132,7,44,51,495902216,337748774,833650990,10,833651256,266,0,276,833650990,507183,0,507183,3256450.22,0.00,3256449.18,3942919750.00,6519192588.40,0.00,0.00
3466.01,337958333,116336441,133,337958200,7,44,51,496151910,337977889,834129799,10,834130065,266,0,276,834129799,478809,0,478809,3258320.57,0.00,3258319.53,3942919750.00,6519192588.40,0.00,0.00
3468.01,338134137,116160637,133,338134004,7,44,51,496480644,338153695,834634339,10,834634606,266,0,276,834634339,504541,0,504540,3260291.43,0.00,3260290.39,3942919750.00,6519192588.40,0.00,0.00
3470.01,338257211,116037563,133,338257078,7,44,51,496895006,338276777,835171783,10,835172049,266,0,276,835171783,537443,0,537444,3262390.82,0.00,3262389.78,3942919750.00,6519192588.40,0.00,0.00
3472.01,338445369,115849405,133,338445236,7,44,51,497195339,338464947,835660286,10,835660552,266,0,276,835660286,488503,0,488503,3264299.03,0.00,3264297.99,3942919750.00,6519192588.40,0.00,0.00
3474.01,338584737,115710037,133,338584604,7,44,51,497578393,338604368,836182761,10,836183028,266,0,276,836182761,522476,0,522475,3266339.95,0.00,3266338.91,3942919750.00,6519192588.40,0.00,0.00
3476.01,338966983,115327791,133,338966850,7,44,51,497607362,338986624,836593986,10,836594252,266,0,276,836593986,411224,0,411225,3267946.30,0.00,3267945.26,3942919750.00,6519192588.40,0.00,0.00
3478.01,339332697,114962077,133,339332564,7,44,51,497658448,339352280,837010728,10,837010994,266,0,276,837010728,416742,0,416742,3269574.20,0.00,3269573.16,3942919750.00,6519192588.40,0.00,0.00
3480.01,339535490,114759283,133,339535357,7,44,51,497949328,339555138,837504466,10,837504732,266,0,276,837504466,493738,0,493738,3271502.86,0.00,3271501.82,3942919750.00,6519192588.40,0.00,0.00
3482.01,339772990,114521784,133,339772857,7,44,51,498172080,339792636,837964716,10,837964983,266,0,276,837964716,460251,0,460250,3273300.71,0.00,3273299.67,3942919750.00,6519192588.40,0.00,0.00
3484.01,340065313,114229461,133,340065180,7,44,51,498329247,340084920,838414167,10,838414434,266,0,276,838414167,449451,0,449451,3275056.38,0.00,3275055.34,3942919750.00,6519192588.40,0.00,0.00
3486.01,340396429,113898345,133,340396296,7,44,51,498419168,340416090,838835258,10,838835524,266,0,276,838835258,421090,0,421091,3276701.27,0.00,3276700.23,3942919750.00,6519192588.40,0.00,0.00
3488.01,340482889,113811885,133,340482756,7,44,51,498828786,340502501,839331287,10,839331553,266,0,276,839331287,496029,0,496029,3278638.88,0.00,3278637.84,3942919750.00,6519192588.40,0.00,0.00
3490.01,340566833,113727941,133,340566700,7,44,51,499246565,340586448,839833013,10,839833279,266,0,276,839833013,501726,0,501726,3280598.75,0.00,3280597.71,3942919750.00,6519192588.40,0.00,0.00
3492.01,340628769,113666005,133,340628636,7,44,51,499673251,340648384,840321635,10,840321901,266,0,276,840321635,488622,0,488622,3282507.43,0.00,3282506.39,3942919750.00,6519192588.40,0.00,0.00
3494.01,340791300,113503474,133,340791167,7,44,51,499986900,340810973,840797873,10,840798139,266,0,276,840797873,476238,0,476238,3284367.73,0.00,3284366.69,3942919750.00,6519192588.40,0.00,0.00
3496.01,340957373,113337401,133,340957240,7,44,51,500285932,340977067,841262999,10,841263265,266,0,276,841262999,465126,0,465126,3286184.63,0.00,3286183.59,3942919750.00,6519192588.40,0.00,0.00
3498.01,341017305,113277469,133,341017172,7,44,51,500719418,341036940,841756358,10,841756624,266,0,276,841756358,493359,0,493359,3288111.81,0.00,3288110.77,3942919750.00,6519192588.40,0.00,0.00
3500.01,341051353,113243421,133,341051220,7,44,51,501182143,341070989,842253132,10,842253398,266,0,276,842253132,496774,0,496774,3290052.34,0.00,3290051.30,3942919750.00,6519192588.40,0.00,0.00
3502.01,341118889,113175885,133,341118756,7,44,51,501610669,341138525,842749194,10,842749460,266,0,276,842749194,496062,0,496062,3291990.08,0.00,3291989.04,3942919750.00,6519192588.40,0.00,0.00
3504.01,341140985,113153789,133,341140852,7,44,51,502085726,341160632,843246358,10,843246624,266,0,276,843246358,497164,0,497164,3293932.12,0.00,3293931.09,3942919750.00,6519192588.40,0.00,0.00
3506.01,341194769,113100005,133,341194636,7,44,51,502531828,341214419,843746247,10,843746513,266,0,276,843746247,499889,0,499889,3295884.82,0.00,3295883.78,3942919750.00,6519192588.40,0.00,0.00
3508.01,341223471,113071303,133,341223338,7,44,51,503007943,341243123,844251066,10,844251332,266,0,276,844251066,504819,0,504819,3297856.77,0.00,3297855.73,3942919750.00,6519192588.40,0.00,0.00
3510.01,341279673,113015101,133,341279540,7,44,51,503467270,341299325,844766595,10,844766861,266,0,276,844766595,515529,0,515529,3299870.55,0.00,3299869.51,3942919750.00,6519192588.40,0.00,0.00
3512.01,341292289,113002485,133,341292156,7,44,51,503975899,341311942,845287841,10,845288107,266,0,276,845287841,521246,0,521246,3301906.67,0.00,3301905.63,3942919750.00,6519192588.40,0.00,0.00
3514.01,341366286,112928488,133,341366153,7,44,51,504450319,341385956,845836275,10,845836541,266,0,276,845836275,548434,0,548434,3304048.99,0.00,3304047.95,3942919750.00,6519192588.40,0.00,0.00
3516.01,341424777,112869997,133,341424644,7,44,51,504939663,341444443,846384106,10,846384372,266,0,276,846384106,547831,0,547831,3306188.95,0.00,3306187.91,3942919750.00,6519192588.40,0.00,0.00
3518.01,341495873,112798901,133,341495740,7,44,51,505412881,341515569,846928450,10,846928716,266,0,276,846928450,544344,0,544344,3308315.30,0.00,3308314.26,3942919750.00,6519192588.40,0.00,0.00
3520.01,341579529,112715245,133,341579396,7,44,51,505880556,341599225,847479781,10,847480047,266,0,276,847479781,551331,0,551331,3310468.93,0.00,3310467.89,3942919750.00,6519192588.40,0.00,0.00
3522.01,341727316,112567458,133,341727183,7,44,51,506272277,341747078,848019355,10,848019621,266,0,276,848019355,539574,0,539574,3312576.64,0.00,3312575.61,3942919750.00,6519192588.40,0.00,0.00
3524.01,342089341,112205433,133,342089208,7,44,51,506373405,342109118,848482523,10,848482789,266,0,276,848482523,463168,0,463168,3314385.89,0.00,3314384.86,3942919750.00,6519192588.40,0.00,0.00
3526.01,342159321,112135453,133,342159188,7,44,51,506861983,342179111,849041094,10,849041360,266,0,276,849041094,558571,0,558571,3316567.81,0.00,3316566.77,3942919750.00,6519192588.40,0.00,0.00
3528.01,342341791,111952983,133,342341658,7,44,51,507173942,342361525,849535467,10,849535733,266,0,276,849535467,494373,0,494373,3318498.96,0.00,3318497.92,3942919750.00,6519192588.40,0.00,0.00
3530.01,342481001,111813773,133,342480868,7,44,51,507569461,342500816,850070277,10,850070543,266,0,276,850070277,534810,0,534810,3320588.06,0.00,3320587.02,3942919750.00,6519192588.40,0.00,0.00
3532.01,342847393,111447381,133,342847260,7,44,51,507620151,342867187,850487338,10,850487604,266,0,276,850487338,417061,0,417061,3322217.20,0.00,3322216.16,3942919750.00,6519192588.40,0.00,0.00
3534.01,342862361,111432413,133,342862228,7,44,51,508195006,342882158,851077164,10,851077430,266,0,276,851077164,589826,0,589826,3324521.21,0.00,3324520.17,3942919750.00,6519192588.40,0.00,0.00
3536.01,342902385,111392389,133,342902252,7,44,51,508729867,342922183,851652050,10,851652316,266,0,276,851652050,574886,0,574886,3326766.86,0.00,3326765.82,3942919750.00,6519192588.40,0.00,0.00
3538.01,343153101,111141673,133,343152968,7,44,51,508968893,343172962,852141855,10,852142121,266,0,276,852141855,489805,0,489805,3328680.16,0.00,3328679.12,3942919750.00,6519192588.40,0.00,0.00
3540.01,343278089,111016685,133,343277956,7,44,51,509390845,343297905,852688750,10,852689016,266,0,276,852688750,546895,0,546895,3330816.47,0.00,3330815.43,3942919750.00,6519192588.40,0.00,0.00
3542.01,343351235,110943539,133,343351102,7,44,51,509885351,343371102,853256453,10,853256719,266,0,276,853256453,567703,0,567703,3333034.06,0.00,3333033.02,3942919750.00,6519192588.40,0.00,0.00
3544.01,343565153,110729621,133,343565020,7,44,51,510157343,343585074,853742417,10,853742683,266,0,276,853742417,485964,0,485964,3334932.36,0.00,3334931.32,3942919750.00,6519192588.40,0.00,0.00
3546.01,343726537,110568237,133,343726404,7,44,51,510524735,343746406,854271141,10,854271408,266,0,276,854271141,528725,0,528724,3336997.69,0.00,3336996.64,3942919750.00,6519192588.40,0.00,0.00
3548.01,343946706,110348068,133,343946573,7,44,51,510818122,343966649,854784771,10,854785037,266,0,276,854784771,513629,0,513630,3339004.05,0.00,3339003.01,3942919750.00,6519192588.40,0.00,0.00
3550.01,344346490,109948284,133,344346357,7,44,51,510859909,344366415,855226324,10,855226590,266,0,276,855226324,441553,0,441553,3340728.87,0.00,3340727.83,3942919750.00,6519192588.40,0.00,0.00
3552.01,344753374,109541400,133,344753241,7,44,51,510876309,344773331,855649640,10,855649906,266,0,276,855649640,423316,0,423316,3342382.45,0.00,3342381.41,3942919750.00,6519192588.40,0.00,0.00
3554.01,345102337,109192437,133,345102204,7,44,51,510937621,345122242,856059863,10,856060129,266,0,276,856059863,410223,0,410223,3343984.88,0.00,3343983.84,3942919750.00,6519192588.40,0.00,0.00
3556.01,345178981,109115793,133,345178848,7,44,51,511448868,345198948,856647816,10,856648082,266,0,276,856647816,587953,0,587953,3346281.57,0.00,3346280.53,3942919750.00,6519192588.40,0.00,0.00
3558.01,345300458,108994316,133,345300325,7,44,51,511871106,345320427,857191533,10,857191799,266,0,276,857191533,543717,0,543717,3348405.46,0.00,3348404.43,3942919750.00,6519192588.40,0.00,0.00
3560.01,345603761,108691013,133,345603628,7,44,51,512014499,345623704,857638203,10,857638469,266,0,276,857638203,446670,0,446670,3350150.27,0.00,3350149.23,3942919750.00,6519192588.40,0.00,0.00
3562.01,345780777,108513997,133,345780644,7,44,51,512342542,345800737,858143279,10,858143545,266,0,276,858143279,505076,0,505076,3352123.22,0.00,3352122.18,3942919750.00,6519192588.40,0.00,0.00
3564.01,345932166,108362608,133,345932033,7,44,51,512730246,345952189,858682435,10,858682701,266,0,276,858682435,539156,0,539156,3354229.30,0.00,3354228.26,3942919750.00,6519192588.40,0.00,0.00
3566.01,346161414,108133359,133,346161281,7,44,51,512977062,346181446,859158508,10,859158774,266,0,276,859158508,476073,0,476073,3356088.96,0.00,3356087.92,3942919750.00,6519192588.40,0.00,0.00
3568.01,346374944,107919830,133,346374811,7,44,51,513253619,346395018,859648637,10,859648903,266,0,276,859648637,490129,0,490129,3358003.53,0.00,3358002.49,3942919750.00,6519192588.40,0.00,0.00
3570.01,346626153,107668621,133,346626020,7,44,51,513477997,346646183,860124180,10,860124446,266,0,276,860124180,475543,0,475543,3359861.12,0.00,3359860.08,3942919750.00,6519192588.40,0.00,0.00
3572.01,346807299,107487475,133,346807166,7,44,51,513813776,346827403,860641179,10,860641445,266,0,276,860641179,516999,0,516999,3361880.64,0.00,3361879.61,3942919750.00,6519192588.40,0.00,0.00
3574.01,347162875,107131899,133,347162742,7,44,51,513840893,347182982,861023875,10,861024141,266,0,276,861023875,382696,0,382696,3363375.55,0.00,3363374.51,3942919750.00,6519192588.40,0.00,0.00
3576.01,347522184,106772589,133,347522051,7,44,51,513864533,347542289,861406822,10,861407088,266,0,276,861406822,382947,0,382947,3364871.44,0.00,3364870.40,3942919750.00,6519192588.40,0.00,0.00
3578.01,347863155,106431619,133,347863022,7,44,51,513932189,347883269,861815458,10,861815724,266,0,276,861815458,408636,0,408636,3366467.67,0.00,3366466.63,3942919750.00,6519192588.40,0.00,0.00
3580.01,348136453,106158320,133,348136320,7,44,51,514099944,348156556,862256500,10,862256766,266,0,276,862256500,441042,0,441042,3368190.49,0.00,3368189.45,3942919750.00,6519192588.40,0.00,0.00
3582.01,348319821,105974953,133,348319688,7,44,51,514439440,348339936,862779376,10,862779642,266,0,276,862779376,522876,0,522876,3370232.98,0.00,3370231.94,3942919750.00,6519192588.40,0.00,0.00
3584.01,348445325,105849449,133,348445192,7,44,51,514869512,348465405,863334917,10,863335183,266,0,276,863334917,555541,0,555541,3372403.06,0.00,3372402.02,3942919750.00,6519192588.40,0.00,0.00
3586.01,348777878,105516896,133,348777745,7,44,51,514976740,348798019,863774759,10,863775025,266,0,276,863774759,439842,0,439842,3374121.19,0.00,3374120.15,3942919750.00,6519192588.40,0.00,0.00
3588.01,349147944,105146830,133,349147811,7,44,51,514993872,349168093,864161965,10,864162231,266,0,276,864161965,387206,0,387206,3375633.71,0.00,3375632.68,3942919750.00,6519192588.40,0.00,0.00
3590.01,349519633,104775141,133,349519500,7,44,51,515006952,349539782,864546734,10,864547000,266,0,276,864546734,384769,0,384769,3377136.72,0.00,3377135.68,3942919750.00,6519192588.40,0.00,0.00
3592.01,349884209,104410565,133,349884076,7,44,51,515025952,349904361,864930313,10,864930579,266,0,276,864930313,383579,0,383579,3378635.07,0.00,3378634.04,3943671640.16,6520401130.27,751890.16,1208541.88
3594.01,350194298,104100476,133,350194165,7,44,51,515138424,350214454,865352878,10,865353144,266,0,276,865352878,422565,0,422565,3380285.72,0.00,3380284.68,3943671640.16,6520401130.27,0.00,0.00
3596.01,350560026,103734748,133,350559893,7,44,51,515155392,350580191,865735583,10,865735849,266,0,276,865735583,382705,0,382705,3381780.66,0.00,3381779.62,3943671640.16,6520401130.27,0.00,0.00
3598.01,350910329,103384445,133,350910196,7,44,51,515196115,350930439,866126554,10,866126820,266,0,276,866126554,390971,0,390971,3383307.89,0.00,3383306.85,3943671640.16,6520401130.27,0.00,0.00
3600.01,350980569,103314205,133,350980436,7,44,51,515703801,351000685,866704486,10,866704752,266,0,276,866704486,577932,0,577932,3385565.44,0.00,3385564.40,3943671640.16,6520401130.27,0.00,0.00
3602.01,351037345,103257429,133,351037212,7,44,51,516223556,351057466,867281022,10,867281288,266,0,276,867281022,576536,0,576536,3387817.53,0.00,3387816.49,3943671640.16,6520401130.27,0.00,0.00
3604.01,351069777,103224997,133,351069644,7,44,51,516786772,351089898,867876670,10,867876936,266,0,276,867876670,595648,0,595648,3390144.28,0.00,3390143.24,3943671640.16,6520401130.27,0.00,0.00
3606.01,351257893,103036881,133,351257760,7,44,51,517068138,351278074,868346212,10,868346478,266,0,276,868346212,469542,0,469542,3391978.43,0.00,3391977.39,3943671640.16,6520401130.27,0.00,0.00
3608.01,351649086,102645688,133,351648953,7,44,51,517095965,351669242,868765207,10,868765473,266,0,276,868765207,418995,0,418995,3393615.13,0.00,3393614.09,3943671640.16,6520401130.27,0.00,0.00
3610.01,351781125,102513649,133,351780992,7,44,51,517507451,351801386,869308837,10,869309103,266,0,276,869308837,543630,0,543630,3395738.68,0.00,3395737.64,3943671640.16,6520401130.27,0.00,0.00
3612.01,351983505,102311269,133,351983372,7,44,51,517831011,352003714,869834725,10,869834991,266,0,276,869834725,525888,0,525888,3397792.93,0.00,3397791.89,3943671640.16,6520401130.27,0.00,0.00
3614.01,352102981,102191793,133,352102848,7,44,51,518290770,352123203,870413973,10,870414239,266,0,276,870413973,579248,0,579248,3400055.62,0.00,3400054.58,3943671640.16,6520401130.27,0.00,0.00
3616.01,352285667,102009106,133,352285534,7,44,51,518624446,352305930,870930376,10,870930642,266,0,276,870930376,516403,0,516403,3402072.82,0.00,3402071.78,3943671640.16,6520401130.27,0.00,0.00
3618.01,352331513,101963261,133,352331380,7,44,51,519172948,352351829,871524777,10,871525043,266,0,276,871524777,594401,0,594401,3404394.70,0.00,3404393.66,3943671640.16,6520401130.27,0.00,0.00
3620.01,352511169,101783605,133,352511036,7,44,51,519491237,352531485,872022722,10,872022988,266,0,276,872022722,497945,0,497945,3406339.80,0.00,3406338.76,3943671640.16,6520401130.27,0.00,0.00
3622.01,352548961,101745813,133,352548828,7,44,51,520041809,352569278,872611087,10,872611353,266,0,276,872611087,588365,0,588365,3408638.10,0.00,3408637.06,3943671640.16,6520401130.27,0.00,0.00
3624.01,352676017,101618757,133,352675884,7,44,51,520450252,352696334,873146586,10,873146852,266,0,276,873146586,535499,0,535499,3410729.89,0.00,3410728.85,3943671640.16,6520401130.27,0.00,0.00
3626.01,352812387,101482387,133,352812254,7,44,51,520847850,352832704,873680554,10,873680820,266,0,276,873680554,533968,0,533968,3412815.70,0.00,3412814.66,3943671640.16,6520401130.27,0.00,0.00
3628.01,353133445,101161328,133,353133312,7,44,51,520946670,353153819,874100489,10,874100755,266,0,276,874100489,419935,0,419935,3414456.07,0.00,3414455.04,3943671640.16,6520401130.27,0.00,0.00
3630.01,353483277,100811497,133,353483144,7,44,51,521008050,353503660,874511710,10,874511978,266,0,276,874511710,411223,0,411221,3416062.41,0.00,3416061.37,3943671640.16,6520401130.27,0.00,0.00
3632.01,353672313,100622461,133,353672180,7,44,51,521347946,353692638,875040584,10,875040850,266,0,276,875040584,528872,0,528874,3418128.32,0.00,3418127.28,3943671640.16,6520401130.27,0.00,0.00
3634.01,353823561,100471213,133,353823428,7,44,51,521752614,353843886,875596500,10,875596766,266,0,276,875596500,555916,0,555916,3420299.87,0.00,3420298.83,3943671640.16,6520401130.27,0.00,0.00
3636.01,353844157,100450617,133,353844024,7,44,51,522323565,353864527,876188092,10,876188358,266,0,276,876188092,591592,0,591592,3422610.77,0.00,3422609.73,3943671640.16,6520401130.27,0.00,0.00
3638.01,353945502,100349272,133,353945369,7,44,51,522777253,353965836,876743089,10,876743355,266,0,276,876743089,554997,0,554997,3424778.73,0.00,3424777.69,3943671640.16,6520401130.27,0.00,0.00
3640.01,354000465,100294309,133,354000332,7,44,51,523302848,354020798,877323646,10,877323912,266,0,276,877323646,580557,0,580557,3427046.53,0.00,3427045.49,3943671640.16,6520401130.27,0.00,0.00
3642.01,354077464,100217310,133,354077331,7,44,51,523796266,354097873,877894139,10,877894405,266,0,276,877894139,570493,0,570493,3429275.02,0.00,3429273.98,3943671640.16,6520401130.27,0.00,0.00
3644.01,354203289,100091485,133,354203156,7,44,51,524231993,354223642,878455635,10,878455901,266,0,276,878455635,561496,0,561496,3431468.36,0.00,3431467.32,3943671640.16,6520401130.27,0.00,0.00
3646.01,354278016,100016758,133,354277883,7,44,51,524729629,354298453,879028082,10,879028348,266,0,276,879028082,572447,0,572447,3433704.48,0.00,3433703.45,3943671640.16,6520401130.27,0.00,0.00
3648.01,354652491,99642283,133,354652358,7,44,51,524768877,354672925,879441802,10,879442068,266,0,276,879441802,413720,0,413720,3435320.58,0.00,3435319.54,3943671640.16,6520401130.27,0.00,0.00
3650.01,355030702,99264072,133,355030569,7,44,51,524795453,355051159,879846612,10,879846878,266,0,276,879846612,404810,0,404810,3436901.87,0.00,3436900.83,3943671640.16,6520401130.27,0.00,0.00
3652.01,355063601,99231173,133,355063468,7,44,51,525354651,355084055,880438706,10,880438972,266,0,276,880438706,592094,0,592094,3439214.73,0.00,3439213.70,3943671640.16,6520401130.27,0.00,0.00
3654.01,355137769,99157005,133,355137636,7,44,51,525847408,355158286,881005694,10,881005960,266,0,276,881005694,566988,0,566988,3441429.53,0.00,3441428.49,3943671640.16,6520401130.27,0.00,0.00
3656.01,355383945,98910829,133,355383812,7,44,51,526076142,355404409,881480551,10,881480817,266,0,276,881480551,474857,0,474857,3443284.44,0.00,3443283.40,3943671640.16,6520401130.27,0.00,0.00
3658.01,355433153,98861621,133,355433020,7,44,51,526611046,355453627,882064673,10,882064939,266,0,276,882064673,584122,0,584122,3445566.17,0.00,3445565.13,3943671640.16,6520401130.27,0.00,0.00
3660.01,355489377,98805397,133,355489244,7,44,51,527138769,355509851,882648620,10,882648886,266,0,276,882648620,583947,0,583947,3447847.21,0.00,3447846.17,3943671640.16,6520401130.27,0.00,0.00
3662.01,355541041,98753733,133,355540908,7,44,51,527662693,355561518,883224211,10,883224477,266,0,276,883224211,575591,0,575591,3450095.61,0.00,3450094.57,3943671640.16,6520401130.27,0.00,0.00
3664.01,355621641,98673133,133,355621508,7,44,51,528137969,355642118,883780087,10,883780353,266,0,276,883780087,555876,0,555876,3452267.00,0.00,3452265.96,3943671640.16,6520401130.27,0.00,0.00
3666.01,355729755,98565019,133,355729622,7,44,51,528566907,355750290,884317197,10,884317463,266,0,276,884317197,537110,0,537110,3454365.09,0.00,3454364.05,3943671640.16,6520401130.27,0.00,0.00
3668.01,355853697,98441077,133,355853564,7,44,51,529000158,355874183,884874341,10,884874607,266,0,276,884874341,557144,0,557144,3456541.43,0.00,3456540.39,3943671640.16,6520401130.27,0.00,0.00
3670.01,356158378,98136396,133,356158245,7,44,51,529158221,356178928,885337149,10,885337415,266,0,276,885337149,462808,0,462808,3458349.28,0.00,3458348.24,3943671640.16,6520401130.27,0.00,0.00
3672.01,356534060,97760714,133,356533927,7,44,51,529189191,356554616,885743807,10,885744073,266,0,276,885743807,406658,0,406658,3459937.79,0.00,3459936.75,3943671640.16,6520401130.27,0.00,0.00
3674.01,356624257,97670517,133,356624124,7,44,51,529655906,356644757,886300663,10,886300929,266,0,276,886300663,556856,0,556856,3462113.00,0.00,3462111.96,3943671640.16,6520401130.27,0.00,0.00
3676.01,356884765,97410009,133,356884632,7,44,51,529852388,356905295,886757683,10,886757949,266,0,276,886757683,457020,0,457020,3463898.24,0.00,3463897.20,3943671640.16,6520401130.27,0.00,0.00
3678.01,356945309,97349465,133,356945176,7,44,51,530372437,356965861,887338298,10,887338564,266,0,276,887338298,580615,0,580615,3466166.27,0.00,3466165.23,3943671640.16,6520401130.27,0.00,0.00
3680.01,357084097,97210677,133,357083964,7,44,51,530756361,357104725,887861086,10,887861352,266,0,276,887861086,522788,0,522788,3468208.41,0.00,3468207.37,3943671640.16,6520401130.27,0.00,0.00
3682.01,357329703,96965071,133,357329570,7,44,51,530976573,357350340,888326913,10,888327179,266,0,276,888326913,465827,0,465827,3470028.04,0.00,3470027.00,3943671640.16,6520401130.27,0.00,0.00
3684.01,357506586,96788188,133,357506453,7,44,51,531293179,357527255,888820434,10,888820700,266,0,276,888820434,493521,0,493521,3471955.86,0.00,3471954.82,3943671640.16,6520401130.27,0.00,0.00
3686.01,357834407,96460367,133,357834274,7,44,51,531387793,357855088,889242881,10,889243147,266,0,276,889242881,422447,0,422447,3473606.04,0.00,3473605.00,3943671640.16,6520401130.27,0.00,0.00
3688.01,358060234,96234540,133,358060101,7,44,51,531630334,358080919,889711253,10,889711519,266,0,276,889711253,468372,0,468372,3475435.62,0.00,3475434.58,3943671640.16,6520401130.27,0.00,0.00
3690.01,358237633,96057141,133,358237500,7,44,51,531963257,358258258,890221515,10,890221781,266,0,276,890221515,510262,0,510262,3477428.83,0.00,3477427.79,3943671640.16,6520401130.27,0.00,0.00
3692.01,358417135,95877639,133,358417002,7,44,51,532289624,358437817,890727441,10,890727707,266,0,276,890727441,505926,0,505926,3479405.11,0.00,3479404.07,3943671640.16,6520401130.27,0.00,0.00
3694.01,358661357,95633417,133,358661224,7,44,51,532466698,358682036,891148734,10,891149000,266,0,276,891148734,421293,0,421293,3481050.78,0.00,3481049.74,3943671640.16,6520401130.27,0.00,0.00
3696.01,358790035,95504739,133,358789902,7,44,51,532879990,358810703,891690693,10,891690959,266,0,276,891690693,541959,0,541959,3483167.81,0.00,3483166.77,3943671640.16,6520401130.27,0.00,0.00
3698.01,358979825,95314949,133,358979692,7,44,51,533209975,359000489,892210464,10,892210730,266,0,276,892210464,519771,0,519771,3485198.16,0.00,3485197.12,3943671640.16,6520401130.27,0.00,0.00
3700.01,359184381,95110393,133,359184248,7,44,51,533508692,359205058,892713750,10,892714016,266,0,276,892713750,503286,0,503286,3487164.12,0.00,3487163.09,3943671640.16,6520401130.27,0.00,0.00
3702.01,359298185,94996589,133,359298052,7,44,51,533953993,359318935,893272928,10,893273194,266,0,276,893272928,559178,0,559178,3489348.41,0.00,3489347.38,3943671640.16,6520401130.27,0.00,0.00
3704.01,359586842,94707932,133,359586709,7,44,51,534127790,359607598,893735388,10,893735654,266,0,276,893735388,462460,0,462460,3491154.90,0.00,3491153.86,3943671640.16,6520401130.27,0.00,0.00
3706.01,359908086,94386688,133,359907953,7,44,51,534198742,359928839,894127581,10,894127847,266,0,276,894127581,392193,0,392193,3492686.90,0.00,3492685.86,3943671640.16,6520401130.27,0.00,0.00
3708.01,360049234,94245540,133,360049101,7,44,51,534592217,360069982,894662199,10,894662465,266,0,276,894662199,534618,0,534618,3494775.25,0.00,3494774.21,3943671640.16,6520401130.27,0.00,0.00
3710.01,360222551,94072223,133,360222418,7,44,51,534919948,360243327,895163275,10,895163541,266,0,276,895163275,501076,0,501076,3496732.58,0.00,3496731.54,3943671640.16,6520401130.27,0.00,0.00
3712.01,360528810,93765964,133,360528677,7,44,51,535018156,360549572,895567728,10,895567994,266,0,276,895567728,404453,0,404453,3498312.48,0.00,3498311.44,3943671640.16,6520401130.27,0.00,0.00
3714.01,360659783,93634991,133,360659650,7,44,51,535410472,360680492,896090964,10,896091230,266,0,276,896090964,523236,0,523236,3500356.37,0.00,3500355.33,3943671640.16,6520401130.27,0.00,0.00
3716.01,360815106,93479668,133,360814973,7,44,51,535782448,360835903,896618351,10,896618617,266,0,276,896618351,527387,0,527387,3502416.47,0.00,3502415.43,3943671640.16,6520401130.27,0.00,0.00
3718.01,360933409,93361365,133,360933276,7,44,51,536215637,360954142,897169779,10,897170045,266,0,276,897169779,551428,0,551428,3504570.49,0.00,3504569.45,3943671640.16,6520401130.27,0.00,0.00
3720.01,361147889,93146885,133,361147756,7,44,51,536469972,361168659,897638631,10,897638897,266,0,276,897638631,468852,0,468852,3506401.94,0.00,3506400.90,3943671640.16,6520401130.27,0.00,0.00
3722.01,361465661,92829113,133,361465528,7,44,51,536544277,361486433,898030710,10,898030976,266,0,276,898030710,392079,0,392079,3507933.50,0.00,3507932.46,3943671640.16,6520401130.27,0.00,0.00
3724.01,361500657,92794117,133,361500524,7,44,51,537101495,361521442,898622937,10,898623203,266,0,276,898622937,592227,0,592227,3510246.89,0.00,3510245.85,3943671640.16,6520401130.27,0.00,0.00
3726.01,361717613,92577161,133,361717480,7,44,51,537363036,361738461,899101497,10,899101763,266,0,276,899101497,478560,0,478560,3512116.26,0.00,3512115.22,3943671640.16,6520401130.27,0.00,0.00
3728.01,362016385,92278389,133,362016252,7,44,51,537485237,362037172,899522409,10,899522675,266,0,276,899522409,420912,0,420912,3513760.45,0.00,3513759.41,3943671640.16,6520401130.27,0.00,0.00
3730.01,362380873,91913901,133,362380740,7,44,51,537507072,362401734,899908806,10,899909072,266,0,276,899908806,386397,0,386397,3515269.81,0.00,3515268.77,3943671640.16,6520401130.27,0.00,0.00
3732.01,362526241,91768533,133,362526108,7,44,51,537890211,362547053,900437264,10,900437530,266,0,276,900437264,528458,0,528458,3517334.10,0.00,3517333.06,3943671640.16,6520401130.27,0.00,0.00
3734.01,362723124,91571650,133,362722991,7,44,51,538186332,362744020,900930352,10,900930618,266,0,276,900930352,493088,0,493088,3519260.23,0.00,3519259.19,3943671640.16,6520401130.27,0.00,0.00
3736.01,363072778,91221996,133,363072645,7,44,51,538229492,363093674,901323166,10,901323432,266,0,276,901323166,392814,0,392814,3520794.66,0.00,3520793.62,3943671640.16,6520401130.27,0.00,0.00
3738.01,363377869,90916905,133,363377736,7,44,51,538316984,363398774,901715758,10,901716024,266,0,276,901715758,392592,0,392592,3522328.22,0.00,3522327.18,3943671640.16,6520401130.27,0.00,0.00
3740.01,363740044,90554730,133,363739911,7,44,51,538330845,363760955,902091800,10,902092066,266,0,276,902091800,376042,0,376042,3523797.13,0.00,3523796.09,3943671640.16,6520401130.27,0.00,0.00
3742.01,363938023,90356751,133,363937890,7,44,51,538340861,363958937,902299798,10,902300064,266,0,276,902299798,207998,0,207998,3524609.62,0.00,3524608.59,3943671640.16,6520401130.27,0.00,0.00
3744.01,364010393,90284381,133,364010260,7,44,51,538481747,364031557,902513304,10,902513570,266,0,276,902513304,213506,0,213506,3525443.63,0.00,3525442.59,3943876099.39,6520401130.27,204459.23,0.00
3746.01,364025929,90268845,133,364025796,7,44,51,538723725,364047242,902770967,10,902771233,266,0,276,902770967,257663,0,257663,3526450.13,0.00,3526449.09,3943876099.39,6520401130.27,0.00,0.00
3748.01,364108178,90186596,133,364108045,7,44,51,538853716,364129563,902983279,10,902983545,266,0,276,902983279,212312,0,212312,3527279.47,0.00,3527278.43,3943876099.39,6520401130.27,0.00,0.00
3750.01,364260526,90034248,133,364260393,7,44,51,539108593,364281921,903390514,10,903390780,266,0,276,903390514,407235,0,407235,3528870.23,0.00,3528869.20,3943876099.39,6520401130.27,0.00,0.00
3752.01,364444749,89850025,133,364444616,7,44,51,539405439,364466099,903871538,10,903871804,266,0,276,903871538,481024,0,481024,3530749.23,0.00,3530748.20,3943881060.13,6520401130.27,4960.74,0.00
3754.01,364576738,89718036,133,364576605,7,44,51,539788511,364598160,904386671,10,904386937,266,0,276,904386671,515133,0,515133,3532761.47,0.00,3532760.43,3943881060.13,6520401130.27,0.00,0.00
3756.01,364905278,89389496,133,364905145,7,44,51,539846638,364926704,904773342,10,904773608,266,0,276,904773342,386671,0,386671,3534271.91,0.00,3534270.87,3943881060.13,6520401130.27,0.00,0.00
3758.01,365257766,89037008,133,365257633,7,44,51,539863526,365279199,905142725,10,905142991,266,0,276,905142725,369383,0,369383,3535714.81,0.00,3535713.77,3943881060.13,6520401130.27,0.00,0.00
3760.01,365576785,88717989,133,365576652,7,44,51,539932130,365598161,905530291,10,905530557,266,0,276,905530291,387566,0,387566,3537228.74,0.00,3537227.70,3943881060.13,6520401130.27,0.00,0.00
3762.01,365594899,88699875,133,365594766,7,44,51,540501693,365616345,906118038,10,906118304,266,0,276,906118038,587747,0,587747,3539524.62,0.00,3539523.59,3943881060.13,6520401130.27,0.00,0.00
3764.01,365789684,88505090,133,365789551,7,44,51,540799024,365811126,906610150,10,906610416,266,0,276,906610150,492112,0,492112,3541446.94,0.00,3541445.90,3943881060.13,6520401130.27,0.00,0.00
3766.01,365861586,88433187,133,365861453,7,44,51,541305408,365883055,907188463,10,907188729,266,0,276,907188463,578313,0,578313,3543705.97,0.00,3543704.93,3943881060.13,6520401130.27,0.00,0.00
3768.01,366204914,88089860,133,366204781,7,44,51,541362724,366226403,907589127,10,907589393,266,0,276,907589127,400664,0,400664,3545271.07,0.00,3545270.03,3943881060.13,6520401130.27,0.00,0.00
3770.01,366407889,87886885,133,366407756,7,44,51,541636490,366429343,908065833,10,908066099,266,0,276,908065833,476706,0,476706,3547133.20,0.00,3547132.16,3943881060.13,6520401130.27,0.00,0.00
3772.01,366550008,87744766,133,366549875,7,44,51,542029388,366571521,908600909,10,908601175,266,0,276,908600909,535076,0,535076,3549223.34,0.00,3549222.30,3943881060.13,6520401130.27,0.00,0.00
3774.01,366842960,87451814,133,366842827,7,44,51,542150998,366864476,909015474,10,909015740,266,0,276,909015474,414565,0,414565,3550842.73,0.00,3550841.70,3943881060.13,6520401130.27,0.00,0.00
3776.01,366958105,87336669,133,366957972,7,44,51,542565108,366979595,909544703,10,909544969,266,0,276,909544703,529229,0,529229,3552910.04,0.00,3552909.00,3943881060.13,6520401130.27,0.00,0.00
3778.01,367163661,87131113,133,367163528,7,44,51,542842154,367185233,910027387,10,910027653,266,0,276,910027387,482684,0,482684,3554795.52,0.00,3554794.48,3943881060.13,6520401130.27,0.00,0.00
3780.01,367499518,86795256,133,367499385,7,44,51,542892486,367521082,910413568,10,910413834,266,0,276,910413568,386181,0,386181,3556304.04,0.00,3556303.00,3943881060.13,6520401130.27,0.00,0.00
3782.01,367821662,86473112,133,367821529,7,44,51,542990890,367843230,910834120,10,910834386,266,0,276,910834120,420552,0,420552,3557946.82,0.00,3557945.78,3943881060.13,6520401130.27,0.00,0.00
3784.01,368185667,86109106,133,368185534,7,44,51,543009329,368207237,911216566,10,911216832,266,0,276,911216566,382446,0,382446,3559440.75,0.00,3559439.71,3943881060.13,6520401130.27,0.00,0.00
3786.01,368328761,85966013,133,368328628,7,44,51,543151949,368350452,911502401,10,911502667,266,0,276,911502401,285835,0,285835,3560557.29,0.00,3560556.25,3943881060.13,6520401130.27,0.00,0.00
3788.01,368335167,85959607,133,368335034,7,44,51,543425257,368357103,911782360,10,911782626,266,0,276,911782360,279959,0,279959,3561650.88,0.00,3561649.84,3943928360.30,6520401130.27,47300.17,0.00
3790.01,368413361,85881413,133,368413228,7,44,51,543553431,368435359,911988790,10,911989056,266,0,276,911988790,206430,0,206430,3562457.25,0.00,3562456.21,3943928360.30,6520401130.27,0.00,0.00
3792.01,368525545,85769229,133,368525412,7,44,51,543613173,368547618,912160791,10,912161057,266,0,276,912160791,172001,0,172001,3563129.13,0.00,3563128.09,3943928360.30,6520401130.27,0.00,0.00
3794.01,368594027,85700747,133,368593894,7,44,51,543920881,368616160,912537041,10,912537307,266,0,276,912537041,376250,0,376250,3564598.86,0.00,3564597.82,3943928360.30,6520401130.27,0.00,0.00
3796.01,368790405,85504368,133,368790272,7,44,51,544209938,368812597,913022535,10,913022801,266,0,276,913022535,485494,0,485494,3566495.32,0.00,3566494.28,3943933797.59,6520401130.27,5437.29,0.00
3798.01,369043754,85251020,133,369043621,7,44,51,544393874,369065960,913459834,10,913460101,266,0,276,913459834,437300,0,437299,3568203.52,0.00,3568202.48,3943933797.59,6520401130.27,0.00,0.00
3800.01,369238617,85056157,133,369238484,7,44,51,544695893,369260805,913956698,10,913956964,266,0,276,913956698,496863,0,496864,3570144.39,0.00,3570143.35,3943933797.59,6520401130.27,0.00,0.00
3802.01,369464614,84830160,133,369464481,7,44,51,544912989,369486870,914399859,10,914400126,266,0,276,914399859,443162,0,443161,3571875.49,0.00,3571874.45,3943933797.59,6520401130.27,0.00,0.00
3804.01,369611807,84682967,133,369611674,7,44,51,545256125,369634062,914890187,10,914890453,266,0,276,914890187,490327,0,490328,3573790.83,0.00,3573789.79,3943933797.59,6520401130.27,0.00,0.00
3806.01,369775210,84519564,133,369775077,7,44,51,545598817,369797463,915396280,10,915396546,266,0,276,915396280,506093,0,506093,3575767.76,0.00,3575766.72,3943933797.59,6520401130.27,0.00,0.00
3808.01,369993390,84301384,133,369993257,7,44,51,545835300,370015694,915850994,10,915851260,266,0,276,915850994,454714,0,454714,3577543.98,0.00,3577542.95,3943933797.59,6520401130.27,0.00,0.00
3810.01,370182106,84112668,133,370181973,7,44,51,546147390,370204476,916351866,10,916352132,266,0,276,916351866,500872,0,500872,3579500.52,0.00,3579499.48,3943933797.59,6520401130.27,0.00,0.00
3812.01,370317041,83977733,133,370316908,7,44,51,546536287,370339365,916875652,10,916875918,266,0,276,916875652,523786,0,523786,3581546.55,0.00,3581545.52,3943933797.59,6520401130.27,0.00,0.00
3814.01,370660600,83634174,133,370660467,7,44,51,546580663,370682981,917263644,10,917263910,266,0,276,917263644,387992,0,387992,3583062.15,0.00,3583061.11,3943933797.59,6520401130.27,0.00,0.00
3816.01,370818359,83476414,133,370818226,7,44,51,546935631,370840771,917776402,10,917776668,266,0,276,917776402,512758,0,512758,3585065.11,0.00,3585064.07,3943933797.59,6520401130.27,0.00,0.00
3818.01,370929763,83365010,133,370929630,7,44,51,547359208,370952175,918311383,10,918311649,266,0,276,918311383,534981,0,534981,3587154.88,0.00,3587153.84,3943933797.59,6520401130.27,0.00,0.00
3820.01,371120601,83174173,133,371120468,7,44,51,547664496,371142985,918807481,10,918807747,266,0,276,918807481,496098,0,496098,3589092.76,0.00,3589091.72,3943933797.59,6520401130.27,0.00,0.00
3822.01,371271020,83023754,133,371270887,7,44,51,548045665,371293465,919339130,10,919339396,266,0,276,919339130,531649,0,531649,3591169.52,0.00,3591168.48,3943933797.59,6520401130.27,0.00,0.00
3824.01,371428117,82866657,133,371427984,7,44,51,548401731,371450511,919852242,10,919852508,266,0,276,919852242,513112,0,513112,3593173.86,0.00,3593172.82,3943933797.59,6520401130.27,0.00,0.00
3826.01,371536921,82757853,133,371536788,7,44,51,548846404,371559322,920405726,10,920405992,266,0,276,920405726,553484,0,553484,3595335.91,0.00,3595334.87,3943933797.59,6520401130.27,0.00,0.00
3828.01,371613553,82681221,133,371613420,7,44,51,548999466,371636217,920635683,10,920635949,266,0,276,920635683,229957,0,229957,3596234.18,0.00,3596233.14,3943976000.39,6520401130.27,42202.80,0.00
3830.01,371752636,82542138,133,371752503,7,44,51,549007874,371775302,920783176,10,920783442,266,0,276,920783176,147493,0,147493,3596810.32,0.00,3596809.28,3943976000.39,6520401130.27,0.00,0.00
3832.01,371888575,82406199,133,371888442,7,44,51,549014142,371911265,920925407,10,920925673,266,0,276,920925407,142231,0,142231,3597365.91,0.00,3597364.87,3943976000.39,6520401130.27,0.00,0.00
3834.01,372027515,82267259,133,372027382,7,44,51,549035888,372050202,921086090,10,921086356,266,0,276,921086090,160683,0,160683,3597993.58,0.00,3597992.54,3943976000.39,6520401130.27,0.00,0.00
3836.01,372359444,81935330,133,372359311,7,44,51,549076074,372382133,921458207,10,921458473,266,0,276,921458207,372117,0,372117,3599447.16,0.00,3599446.12,3943976000.39,6520401130.27,0.00,0.00
3838.01,372699202,81595572,133,372699069,7,44,51,549125024,372721893,921846917,10,921847183,266,0,276,921846917,388710,0,388710,3600965.56,0.00,3600964.52,3943981768.32,6520401130.27,5767.93,0.00
3840.01,373050027,81244747,133,373049894,7,44,51,549142980,373072731,922215711,10,922215977,266,0,276,922215711,368794,0,368794,3602406.16,0.00,3602405.12,3943981768.32,6520401130.27,0.00,0.00
3842.01,373225585,81069189,133,373225452,7,44,51,549463701,373248280,922711981,10,922712247,266,0,276,922711981,496270,0,496270,3604344.71,0.00,3604343.68,3943981768.32,6520401130.27,0.00,0.00
3844.01,373281713,81013061,133,373281580,7,44,51,549955174,373304408,923259582,10,923259848,266,0,276,923259582,547601,0,547601,3606483.78,0.00,3606482.74,3943981768.32,6520401130.27,0.00,0.00
3846.01,373313607,80981167,133,373313474,7,44,51,550475026,373336302,923811328,10,923811594,266,0,276,923811328,551746,0,551746,3608639.04,0.00,3608638.00,3943981768.32,6520401130.27,0.00,0.00
3848.01,373336373,80958401,133,373336240,7,44,51,551022203,373359128,924381331,10,924381597,266,0,276,924381331,570003,0,570003,3610865.61,0.00,3610864.57,3943981768.32,6520401130.27,0.00,0.00
3850.01,373375753,80919021,133,373375620,7,44,51,551558772,373398456,924957228,10,924957494,266,0,276,924957228,575897,0,575897,3613115.21,0.00,3613114.17,3943981768.32,6520401130.27,0.00,0.00
3852.01,373505769,80789005,133,373505636,7,44,51,551968066,373528482,925496548,10,925496814,266,0,276,925496548,539320,0,539320,3615221.93,0.00,3615220.89,3943981768.32,6520401130.27,0.00,0.00
3854.01,373647409,80647365,133,373647276,7,44,51,552342009,373670133,926012142,10,926012408,266,0,276,926012142,515594,0,515594,3617235.97,0.00,3617234.93,3943981768.32,6520401130.27,0.00,0.00
3856.01,373857247,80437527,133,373857114,7,44,51,552628219,373880035,926508254,10,926508520,266,0,276,926508254,496112,0,496112,3619173.91,0.00,3619172.87,3943981768.32,6520401130.27,0.00,0.00
3858.01,374233219,80061555,133,374233086,7,44,51,552649131,374256011,926905142,10,926905408,266,0,276,926905142,396888,0,396888,3620724.25,0.00,3620723.21,3943981768.32,6520401130.27,0.00,0.00
3860.01,374446877,79847897,133,374446744,7,44,51,552928380,374469632,927398012,10,927398278,266,0,276,927398012,492870,0,492870,3622649.52,0.00,3622648.48,3943981768.32,6520401130.27,0.00,0.00
3862.01,374583117,79711657,133,374582984,7,44,51,553313175,374605913,927919088,10,927919354,266,0,276,927919088,521076,0,521076,3624684.98,0.00,3624683.94,3943981768.32,6520401130.27,0.00,0.00
3864.01,374782032,79512742,133,374781899,7,44,51,553587589,374804895,928392484,10,928392750,266,0,276,928392484,473396,0,473396,3626534.18,0.00,3626533.14,3943981768.32,6520401130.27,0.00,0.00
3866.01,374923423,79371351,133,374923290,7,44,51,553962268,374946288,928908556,10,928908822,266,0,276,928908556,516072,0,516072,3628550.09,0.00,3628549.05,3943981768.32,6520401130.27,0.00,0.00
3868.01,374977769,79317005,133,374977636,7,44,51,554485406,375000634,929486040,10,929486306,266,0,276,929486040,577484,0,577484,3630805.88,0.00,3630804.84,3943981768.32,6520401130.27,0.00,0.00
3870.01,375219337,79075437,133,375219204,7,44,51,554707546,375242238,929949784,10,929950050,266,0,276,929949784,463744,0,463744,3632617.38,0.00,3632616.34,3943981768.32,6520401130.27,0.00,0.00
3872.01,375320487,78974287,133,375320354,7,44,51,555146955,375343458,930490413,10,930490679,266,0,276,930490413,540629,0,540629,3634729.21,0.00,3634728.18,3943981768.32,6520401130.27,0.00,0.00
3874.01,375582444,78712329,133,375582311,7,44,51,555311491,375605411,930916902,10,930917168,266,0,276,930916902,426489,0,426489,3636395.19,0.00,3636394.15,3943981768.32,6520401130.27,0.00,0.00
3876.01,375918111,78376663,133,375917978,7,44,51,555363265,375941097,931304362,10,931304628,266,0,276,931304362,387460,0,387460,3637908.70,0.00,3637907.66,3943981768.32,6520401130.27,0.00,0.00
3878.01,376271373,78023401,133,376271240,7,44,51,555379121,376294352,931673473,10,931673739,266,0,276,931673473,369111,0,369111,3639350.54,0.00,3639349.50,3943981768.32,6520401130.27,0.00,0.00
3880.01,376410174,77884600,133,376410041,7,44,51,555391749,376433164,931824913,10,931825179,266,0,276,931824913,151440,0,151440,3639942.11,0.00,3639941.07,3944038394.54,6520401130.27,56626.21,0.00
3882.01,376531193,77763581,133,376531060,7,44,51,555428374,376554115,931982489,10,931982755,266,0,276,931982489,157576,0,157576,3640557.64,0.00,3640556.60,3944038394.54,6520401130.27,0.00,0.00
3884.01,376632648,77662126,133,376632515,7,44,51,555487081,376655636,932142717,10,932142983,266,0,276,932142717,160228,0,160228,3641183.53,0.00,3641182.49,3944038394.54,6520401130.27,0.00,0.00
3886.01,376756811,77537963,133,376756678,7,44,51,555508307,376779733,932288040,10,932288306,266,0,276,932288040,145323,0,145323,3641751.20,0.00,3641750.16,3944038394.54,6520401130.27,0.00,0.00
3888.01,376810894,77483880,133,376810761,7,44,51,555780423,376833982,932614405,10,932614671,266,0,276,932614405,326365,0,326365,3643026.06,0.00,3643025.02,3944038394.54,6520401130.27,0.00,0.00
3890.01,376919249,77375525,133,376919116,7,44,51,556188688,376942278,933130966,10,933131233,266,0,276,933130966,516562,0,516561,3645043.88,0.00,3645042.84,3944038394.54,6520401130.27,0.00,0.00
3892.01,376944237,77350537,133,376944104,7,44,51,556716317,376967275,933683592,10,933683858,266,0,276,933683592,552625,0,552626,3647202.57,0.00,3647201.53,3944045579.82,6520401130.27,7185.29,0.00
3894.01,376988029,77306745,133,376987896,7,44,51,557225356,377011068,934236424,10,934236690,266,0,276,934236424,552832,0,552832,3649362.07,0.00,3649361.03,3944045579.82,6520401130.27,0.00,0.00
3896.01,377013065,77281709,133,377012932,7,44,51,557777487,377036109,934813596,10,934813862,266,0,276,934813596,577172,0,577172,3651616.65,0.00,3651615.61,3944045579.82,6520401130.27,0.00,0.00
3898.01,377040741,77254033,133,377040608,7,44,51,558317663,377063793,935381456,10,935381722,266,0,276,935381456,567860,0,567860,3653834.85,0.00,3653833.81,3944045579.82,6520401130.27,0.00,0.00
3900.01,377158679,77136095,133,377158546,7,44,51,558727508,377181750,935909258,10,935909524,266,0,276,935909258,527802,0,527802,3655896.58,0.00,3655895.54,3944045579.82,6520401130.27,0.00,0.00
3902.01,377172673,77122101,133,377172540,7,44,51,559294405,377195791,936490196,10,936490463,266,0,276,936490196,580939,0,580938,3658165.87,0.00,3658164.83,3944045579.82,6520401130.27,0.00,0.00
3904.01,377238609,77056165,133,377238476,7,44,51,559794359,377261730,937056089,10,937056355,266,0,276,937056089,565892,0,565893,3660376.39,0.00,3660375.35,3944045579.82,6520401130.27,0.00,0.00
3906.01,377562600,76732174,133,377562467,7,44,51,559954794,377585723,937540517,10,937540783,266,0,276,937540517,484428,0,484428,3662268.68,0.00,3662267.64,3944045579.82,6520401130.27,0.00,0.00
3908.01,377959822,76334951,133,377959689,7,44,51,560001831,377983005,937984836,10,937985102,266,0,276,937984836,444319,0,444319,3664004.30,0.00,3664003.27,3944045579.82,6520401130.27,0.00,0.00
3910.01,378281921,76012853,133,378281788,7,44,51,560138076,378305046,938443122,10,938443388,266,0,276,938443122,458286,0,458286,3665794.48,0.00,3665793.45,3944045579.82,6520401130.27,0.00,0.00
3912.01,378531713,75763061,133,378531580,7,44,51,560374414,378554840,938929254,10,938929520,266,0,276,938929254,486132,0,486132,3667693.44,0.00,3667692.40,3944045579.82,6520401130.27,0.00,0.00
3914.01,378780474,75514299,133,378780341,7,44,51,560594816,378803662,939398478,10,939398744,266,0,276,939398478,469224,0,469224,3669526.34,0.00,3669525.30,3944045579.82,6520401130.27,0.00,0.00
3916.01,378905569,75389205,133,378905436,7,44,51,561014439,378928709,939943148,10,939943414,266,0,276,939943148,544670,0,544670,3671653.96,0.00,3671652.92,3944045579.82,6520401130.27,0.00,0.00
3918.01,379030960,75263814,133,379030827,7,44,51,561429806,379054174,940483980,10,940484246,266,0,276,940483980,540832,0,540832,3673766.59,0.00,3673765.55,3944045579.82,6520401130.27,0.00,0.00
3920.01,379226473,75068301,133,379226340,7,44,51,561716073,379249619,940965692,10,940965958,266,0,276,940965692,481712,0,481712,3675648.27,0.00,3675647.23,3944045579.82,6520401130.27,0.00,0.00
3922.01,379439811,74854963,133,379439678,7,44,51,561999303,379463021,941462324,10,941462590,266,0,276,941462324,496632,0,496632,3677588.24,0.00,3677587.20,3944045579.82,6520401130.27,0.00,0.00
3924.01,379593874,74700900,133,379593741,7,44,51,562367410,379617050,941984460,10,941984726,266,0,276,941984460,522136,0,522136,3679627.84,0.00,3679626.80,3944045579.82,6520401130.27,0.00,0.00
3926.01,379691791,74602983,133,379691658,7,44,51,562527839,379715114,942242953,10,942243219,266,0,276,942242953,258493,0,258493,3680637.57,0.00,3680636.54,3944045579.82,6520401130.27,0.00,0.00
3928.01,379756669,74538105,133,379756536,7,44,51,562658306,379780158,942438464,10,942438730,266,0,276,942438464,195511,0,195511,3681401.29,0.00,3681400.25,3944093087.91,6520401130.27,47508.08,0.00
3930.01,379874142,74420632,133,379874009,7,44,51,562687968,379897637,942585605,10,942585871,266,0,276,942585605,147141,0,147141,3681976.06,0.00,3681975.02,3944093087.91,6520401130.27,0.00,0.00
3932.01,379960784,74333990,133,379960651,7,44,51,562789021,379984331,942773352,10,942773618,266,0,276,942773352,187747,0,187747,3682709.45,0.00,3682708.41,3944093087.91,6520401130.27,0.00,0.00
3934.01,380082073,74212701,133,380081940,7,44,51,563066886,380105572,943172458,10,943172724,266,0,276,943172458,399106,0,399106,3684268.45,0.00,3684267.41,3944093087.91,6520401130.27,0.00,0.00
3936.01,380169785,74124989,133,380169652,7,44,51,563477923,380193287,943671210,10,943671476,266,0,276,943671210,498752,0,498752,3686216.70,0.00,3686215.66,3944098421.32,6520401130.27,5333.42,0.00
3938.01,380332854,73961920,133,380332721,7,44,51,563787939,380356415,944144354,10,944144620,266,0,276,944144354,473144,0,473144,3688064.92,0.00,3688063.88,3944098421.32,6520401130.27,0.00,0.00
3940.01,380394785,73899989,133,380394652,7,44,51,564254460,380418288,944672748,10,944673015,266,0,276,944672748,528395,0,528394,3690128.96,0.00,3690127.92,3944098421.32,6520401130.27,0.00,0.00
3942.01,380395409,73899365,133,380395276,7,44,51,564803504,380418912,945222416,10,945222682,266,0,276,945222416,549667,0,549668,3692276.10,0.00,3692275.06,3944098421.32,6520401130.27,0.00,0.00
3944.01,380413163,73881611,133,380413030,7,44,51,565330967,380436667,945767634,10,945767900,266,0,276,945767634,545218,0,545218,3694405.86,0.00,3694404.82,3944098421.32,6520401130.27,0.00,0.00
3946.01,380540491,73754283,133,380540358,7,44,51,565722815,380563997,946286812,10,946287078,266,0,276,946286812,519178,0,519178,3696433.90,0.00,3696432.86,3944098421.32,6520401130.27,0.00,0.00
3948.01,380628343,73666431,133,380628210,7,44,51,566172248,380651851,946824099,10,946824365,266,0,276,946824099,537287,0,537287,3698532.68,0.00,3698531.64,3944098421.32,6520401130.27,0.00,0.00
3950.01,380737325,73557449,133,380737192,7,44,51,566603383,380760889,947364272,10,947364538,266,0,276,947364272,540173,0,540173,3700642.73,0.00,3700641.69,3944098421.32,6520401130.27,0.00,0.00
3952.01,380909745,73385029,133,380909612,7,44,51,566982734,380933260,947915994,10,947916260,266,0,276,947915994,551722,0,551722,3702797.89,0.00,3702796.85,3944098421.32,6520401130.27,0.00,0.00
3954.01,381035701,73259073,133,381035568,7,44,51,567415446,381059250,948474696,10,948474962,266,0,276,948474696,558702,0,558702,3704980.32,0.00,3704979.28,3944098421.32,6520401130.27,0.00,0.00
3956.01,381109214,73185560,133,381109081,7,44,51,567896883,381132807,949029690,10,949029956,266,0,276,949029690,554994,0,554994,3707148.27,0.00,3707147.23,3944098421.32,6520401130.27,0.00,0.00
3958.01,381259163,73035611,133,381259030,7,44,51,568293535,381282768,949576303,10,949576569,266,0,276,949576303,546613,0,546613,3709283.47,0.00,3709282.43,3944098421.32,6520401130.27,0.00,0.00
3960.01,381316873,72977901,133,381316740,7,44,51,568819791,381340431,950160222,10,950160488,266,0,276,950160222,583919,0,583919,3711564.41,0.00,3711563.37,3944098421.32,6520401130.27,0.00,0.00
3962.01,381398657,72896117,133,381398524,7,44,51,569302395,381422234,950724629,10,950724895,266,0,276,950724629,564407,0,564407,3713769.12,0.00,3713768.08,3944098421.32,6520401130.27,0.00,0.00
3964.01,381555984,72738790,133,381555851,7,44,51,569659026,381579618,951238644,10,951238910,266,0,276,951238644,514015,0,514015,3715776.99,0.00,3715775.95,3944098421.32,6520401130.27,0.00,0.00
3966.01,381861500,72433274,133,381861367,7,44,51,569773549,381885136,951658685,10,951658951,266,0,276,951658685,420041,0,420041,3717417.78,0.00,3717416.74,3944098421.32,6520401130.27,0.00,0.00
3968.01,382141428,72153346,133,382141295,7,44,51,569926469,382165030,952091499,10,952091765,266,0,276,952091499,432814,0,432814,3719108.46,0.00,3719107.42,3944098421.32,6520401130.27,0.00,0.00
3970.01,382366433,71928341,133,382366300,7,44,51,570173453,382390017,952563470,10,952563736,266,0,276,952563470,471971,0,471971,3720952.09,0.00,3720951.05,3944098421.32,6520401130.27,0.00,0.00
3972.01,382521521,71773253,133,382521388,7,44,51,570527381,382545119,953072500,10,953072766,266,0,276,953072500,509030,0,509030,3722940.49,0.00,3722939.45,3944098421.32,6520401130.27,0.00,0.00
3974.01,382712856,71581918,133,382712723,7,44,51,570834871,382736454,953571325,10,953571591,266,0,276,953571325,498825,0,498825,3724889.03,0.00,3724887.99,3944098421.32,6520401130.27,0.00,0.00
3976.01,382804043,71490731,133,382803910,7,44,51,571037177,382827704,953864881,10,953865147,266,0,276,953864881,293556,0,293556,3726035.73,0.00,3726034.69,3944098421.32,6520401130.27,0.00,0.00
3978.01,382912063,71382711,133,382911930,7,44,51,571078490,382935723,954014213,10,954014479,266,0,276,954014213,149332,0,149332,3726619.06,0.00,3726618.02,3944150483.25,6520401130.27,52061.93,0.00
3980.01,383033201,71261573,133,383033068,7,44,51,571099554,383056863,954156417,10,954156683,266,0,276,954156417,142204,0,142204,3727174.54,0.00,3727173.50,3944150483.25,6520401130.27,0.00,0.00
3982.01,383121881,71172893,133,383121748,7,44,51,571178579,383145482,954324061,10,954324327,266,0,276,954324061,167644,0,167644,3727829.40,0.00,3727828.36,3944150483.25,6520401130.27,0.00,0.00
3984.01,383151209,71143565,133,383151076,7,44,51,571461899,383174869,954636768,10,954637034,266,0,276,954636768,312707,0,312707,3729050.91,0.00,3729049.88,3944150483.25,6520401130.27,0.00,0.00
3986.01,383206969,71087805,133,383206836,7,44,51,571918466,383230631,955149097,10,955149363,266,0,276,955149097,512329,0,512329,3731052.20,0.00,3731051.16,3944150483.25,6520401130.27,0.00,0.00
3988.01,383317112,70977662,133,383316979,7,44,51,572299591,383340778,955640369,10,955640635,266,0,276,955640369,491272,0,491272,3732971.23,0.00,3732970.19,3944156325.53,6520401130.27,5842.28,0.00
3990.01,383627321,70667453,133,383627188,7,44,51,572438581,383651058,956089639,10,956089905,266,0,276,956089639,449270,0,449270,3734726.19,0.00,3734725.15,3944156325.53,6520401130.27,0.00,0.00
3992.01,383962135,70332639,133,383962002,7,44,51,572506937,383985894,956492831,10,956493097,266,0,276,956492831,403192,0,403192,3736301.16,0.00,3736300.12,3944156325.53,6520401130.27,0.00,0.00
3994.01,384284246,70010528,133,384284113,7,44,51,572599693,384308055,956907748,10,956908014,266,0,276,956907748,414917,0,414917,3737921.93,0.00,3737920.89,3944156325.53,6520401130.27,0.00,0.00
3996.01,384421587,69873187,133,384421454,7,44,51,572965699,384445413,957411112,10,957411378,266,0,276,957411112,503364,0,503364,3739888.20,0.00,3739887.16,3944156325.53,6520401130.27,0.00,0.00
3998.01,384616141,69678633,133,384616008,7,44,51,573236520,384639985,957876505,10,957876771,266,0,276,957876505,465393,0,465393,3741706.14,0.00,3741705.10,3944156325.53,6520401130.27,0.00,0.00
4000.01,384737441,69557333,133,384737308,7,44,51,573620742,384761243,958381985,10,958382251,266,0,276,958381985,505480,0,505480,3743680.67,0.00,3743679.63,3944156325.53,6520401130.27,0.00,0.00
4002.01,384944108,69350665,133,384943975,7,44,51,573867028,384967975,958835003,10,958835269,266,0,276,958835003,453018,0,453018,3745450.27,0.00,3745449.23,3944156325.53,6520401130.27,0.00,0.00
4004.01,385057137,69237637,133,385057004,7,44,51,574268926,385080953,959349879,10,959350145,266,0,276,959349879,514876,0,514876,3747461.50,0.00,3747460.46,3944156325.53,6520401130.27,0.00,0.00
4006.01,385098345,69196429,133,385098212,7,44,51,574806543,385122161,959928704,10,959928970,266,0,276,959928704,578825,0,578825,3749722.54,0.00,3749721.50,3944156325.53,6520401130.27,0.00,0.00
4008.01,385352927,68941847,133,385352794,7,44,51,574979780,385376759,960356539,10,960356805,266,0,276,960356539,427835,0,427835,3751393.77,0.00,3751392.73,3944156325.53,6520401130.27,0.00,0.00
4010.01,385707155,68587619,133,385707022,7,44,51,575057241,385731021,960788262,10,960788528,266,0,276,960788262,431723,0,431723,3753080.19,0.00,3753079.15,3944156325.53,6520401130.27,0.00,0.00
4012.01,385813943,68480831,133,385813810,7,44,51,575231951,385837894,961069845,10,961070111,266,0,276,961069845,281583,0,281583,3754180.12,0.00,3754179.08,3944156325.53,6520401130.27,0.00,0.00
4014.01,385829873,68464901,133,385829740,7,44,51,575505660,385853891,961359551,10,961359817,266,0,276,961359551,289706,0,289706,3755311.79,0.00,3755310.75,3944190416.07,6520401130.27,34090.54,0.00
4016.01,385853229,68441545,133,385853096,7,44,51,575751487,385877292,961628779,10,961629045,266,0,276,961628779,269228,0,269228,3756363.46,0.00,3756362.42,3944190416.07,6520401130.27,0.00,0.00
4018.01,385960777,68333997,133,385960644,7,44,51,575828671,385984823,961813494,10,961813760,266,0,276,961813494,184715,0,184715,3757085.00,0.00,3757083.96,3944190416.07,6520401130.27,0.00,0.00
4020.01,386159074,68135700,133,386158941,7,44,51,575879333,386183158,962062491,10,962062757,266,0,276,962062491,248997,0,248997,3758057.64,0.00,3758056.61,3944190416.07,6520401130.27,0.00,0.00
4022.01,386461578,67833196,133,386461445,7,44,51,575970988,386485661,962456649,10,962456915,266,0,276,962456649,394158,0,394158,3759597.32,0.00,3759596.29,3944190416.07,6520401130.27,0.00,0.00
4024.01,386763960,67530814,133,386763827,7,44,51,576057838,386788063,962845901,10,962846167,266,0,276,962845901,389252,0,389252,3761117.84,0.00,3761116.80,3944197150.69,6520401130.27,6734.62,0.00
4026.01,387064943,67229831,133,387064810,7,44,51,576148328,387089053,963237381,10,963237647,266,0,276,963237381,391480,0,391480,3762647.06,0.00,3762646.02,3944197150.69,6520401130.27,0.00,0.00
4028.01,387364276,66930498,133,387364143,7,44,51,576246915,387388387,963635302,10,963635568,266,0,276,963635302,397921,0,397921,3764201.44,0.00,3764200.40,3944197150.69,6520401130.27,0.00,0.00
4030.01,387532922,66761852,133,387532789,7,44,51,576542098,387557068,964099166,10,964099432,266,0,276,964099166,463864,0,463864,3766013.41,0.00,3766012.37,3944197150.69,6520401130.27,0.00,0.00
4032.01,387723337,66571437,133,387723204,7,44,51,576823111,387747433,964570544,10,964570810,266,0,276,964570544,471378,0,471378,3767854.73,0.00,3767853.69,3944197150.69,6520401130.27,0.00,0.00
4034.01,387908257,66386517,133,387908124,7,44,51,577106811,387932477,965039288,10,965039554,266,0,276,965039288,468744,0,468744,3769685.76,0.00,3769684.72,3944197150.69,6520401130.27,0.00,0.00
4036.01,388076675,66218099,133,388076542,7,44,51,577420712,388100901,965521613,10,965521880,266,0,276,965521613,482326,0,482325,3771569.84,0.00,3771568.80,3944197150.69,6520401130.27,0.00,0.00
4038.01,388209269,66085505,133,388209136,7,44,51,577818019,388233508,966051527,10,966051794,266,0,276,966051528,529914,0,529915,3773639.82,0.00,3773638.78,3944197150.69,6520401130.27,0.00,0.00
4040.01,388470127,65824647,133,388469994,7,44,51,577962936,388494442,966457378,10,966457644,266,0,276,966457378,405850,0,405850,3775225.17,0.00,3775224.13,3944197150.69,6520401130.27,0.00,0.00
4042.01,388542019,65752755,133,388541886,7,44,51,578154138,388566329,966720467,10,966720733,266,0,276,966720467,263089,0,263089,3776252.86,0.00,3776251.82,3944197150.69,6520401130.27,0.00,0.00
4044.01,388641723,65653051,133,388641590,7,44,51,578207248,388666129,966873377,10,966873643,266,0,276,966873377,152910,0,152910,3776850.17,0.00,3776849.13,3944223339.27,6520401130.27,26188.58,0.00
4046.01,388733908,65560866,133,388733775,7,44,51,578279968,388758347,967038315,10,967038581,266,0,276,967038315,164938,0,164938,3777494.46,0.00,3777493.42,3944223339.27,6520401130.27,0.00,0.00
4048.01,388800872,65493902,133,388800739,7,44,51,578401747,388825340,967227087,10,967227353,266,0,276,967227087,188772,0,188772,3778231.85,0.00,3778230.81,3944223339.27,6520401130.27,0.00,0.00
4050.01,388995405,65299369,133,388995272,7,44,51,578447219,389019878,967467097,10,967467363,266,0,276,967467097,240010,0,240010,3779169.39,0.00,3779168.35,3944223339.27,6520401130.27,0.00,0.00
4052.01,389109569,65185205,133,389109436,7,44,51,578830504,389133984,967964488,10,967964754,266,0,276,967964488,497391,0,497391,3781112.32,0.00,3781111.28,3944228007.75,6520401130.27,4668.48,0.00
4054.01,389226793,65067981,133,389226660,7,44,51,579219079,389251219,968470298,10,968470564,266,0,276,968470298,505810,0,505810,3783088.14,0.00,3783087.10,3944228007.75,6520401130.27,0.00,0.00
4056.01,389463309,64831465,133,389463176,7,44,51,579408864,389487736,968896600,10,968896866,266,0,276,968896600,426302,0,426302,3784753.38,0.00,3784752.34,3944228007.75,6520401130.27,0.00,0.00
4058.01,389697484,64597290,133,389697351,7,44,51,579611900,389721976,969333876,10,969334142,266,0,276,969333876,437276,0,437276,3786461.49,0.00,3786460.45,3944228007.75,6520401130.27,0.00,0.00
4060.01,389853001,64441773,133,389852868,7,44,51,579944244,389877488,969821732,10,969821998,266,0,276,969821732,487856,0,487856,3788367.18,0.00,3788366.14,3944228007.75,6520401130.27,0.00,0.00
4062.01,389934395,64360379,133,389934262,7,44,51,580402462,389958822,970361284,10,970361550,266,0,276,970361284,539552,0,539552,3790474.80,0.00,3790473.77,3944228007.75,6520401130.27,0.00,0.00
4064.01,390058393,64236381,133,390058260,7,44,51,580800922,390082829,970883751,10,970884017,266,0,276,970883751,522467,0,522467,3792515.69,0.00,3792514.65,3944228007.75,6520401130.27,0.00,0.00
4066.01,390136153,64158621,133,390136020,7,44,51,581283792,390160595,971444387,10,971444653,266,0,276,971444387,560636,0,560636,3794705.68,0.00,3794704.64,3944228007.75,6520401130.27,0.00,0.00
4068.01,390338164,63956610,133,390338031,7,44,51,581561618,390362674,971924292,10,971924558,266,0,276,971924292,479905,0,479905,3796580.30,0.00,3796579.27,3944228007.75,6520401130.27,0.00,0.00
4070.01,390626089,63668685,133,390625956,7,44,51,581673920,390650547,972324467,10,972324733,266,0,276,972324467,400175,0,400175,3798143.49,0.00,3798142.45,3944228007.75,6520401130.27,0.00,0.00
4072.01,390729301,63565473,133,390729168,7,44,51,582098824,390753763,972852587,10,972852853,266,0,276,972852587,528120,0,528120,3800206.46,0.00,3800205.42,3944228007.75,6520401130.27,0.00,0.00
4074.01,390863465,63431309,133,390863332,7,44,51,582483856,390887931,973371787,10,973372053,266,0,276,973371787,519200,0,519200,3802234.58,0.00,3802233.54,3944228007.75,6520401130.27,0.00,0.00
4076.01,391139669,63155105,133,391139536,7,44,51,582604967,391164195,973769162,10,973769428,266,0,276,973769162,397375,0,397375,3803786.83,0.00,3803785.79,3944228007.75,6520401130.27,0.00,0.00
4078.01,391470437,62824337,133,391470304,7,44,51,582618175,391494966,974113141,10,974113407,266,0,276,974113141,343979,0,343979,3805130.50,0.00,3805129.46,3944228007.75,6520401130.27,0.00,0.00
4080.01,391772746,62522028,133,391772613,7,44,51,582686223,391797282,974483505,10,974483771,266,0,276,974483505,370364,0,370364,3806577.23,0.00,3806576.19,3944228007.75,6520401130.27,0.00,0.00
4082.01,391901026,62393748,133,391900893,7,44,51,582705575,391925564,974631139,10,974631405,266,0,276,974631139,147634,0,147634,3807153.93,0.00,3807152.89,3944266267.53,6520401130.27,38259.78,0.00
4084.01,392011557,62283217,133,392011424,7,44,51,582729305,392036150,974765455,10,974765721,266,0,276,974765455,134316,0,134316,3807678.60,0.00,3807677.56,3944266267.53,6520401130.27,0.00,0.00
4086.01,392134895,62159879,133,392134762,7,44,51,582738036,392159484,974897520,10,974897786,266,0,276,974897520,132065,0,132065,3808194.48,0.00,3808193.44,3944266267.53,6520401130.27,0.00,0.00
4088.01,392256789,62037985,133,392256656,7,44,51,582745552,392281379,975026931,10,975027197,266,0,276,975026931,129411,0,129411,3808699.99,0.00,3808698.95,3944266267.53,6520401130.27,0.00,0.00
4090.01,392410476,61884298,133,392410343,7,44,51,582769284,392435064,975204348,10,975204614,266,0,276,975204348,177417,0,177417,3809393.02,0.00,3809391.98,3944266267.53,6520401130.27,0.00,0.00
4092.01,392730103,61564671,133,392729970,7,44,51,582795958,392754700,975550658,10,975550924,266,0,276,975550658,346310,0,346310,3810745.80,0.00,3810744.76,3944266267.53,6520401130.27,0.00,0.00
4094.01,392981849,61312925,133,392981716,7,44,51,582948386,393006387,975954773,10,975955039,266,0,276,975954773,404115,0,404115,3812324.37,0.00,3812323.33,3944272894.09,6520401130.27,6626.56,0.00
4096.01,393226956,61067818,133,393226823,7,44,51,583123047,393251561,976374608,10,976374875,266,0,276,976374608,419836,0,419835,3813964.36,0.00,3813963.31,3944272894.09,6520401130.27,0.00,0.00
4098.01,393375194,60919580,133,393375061,7,44,51,583472141,393399862,976872003,10,976872269,266,0,276,976872003,497394,0,497395,3815907.30,0.00,3815906.26,3944272894.09,6520401130.27,0.00,0.00
4100.01,393437488,60857286,133,393437355,7,44,51,583970696,393462164,977432860,10,977433126,266,0,276,977432860,560857,0,560857,3818098.15,0.00,3818097.11,3944272894.09,6520401130.27,0.00,0.00
4102.01,393602465,60692309,133,393602332,7,44,51,584289791,393627136,977916927,10,977917194,266,0,276,977916927,484068,0,484067,3819989.04,0.00,3819988.00,3944272894.09,6520401130.27,0.00,0.00
4104.01,393716025,60578749,133,393715892,7,44,51,584695057,393740719,978435776,10,978436042,266,0,276,978435776,518848,0,518849,3822015.79,0.00,3822014.75,3944272894.09,6520401130.27,0.00,0.00
4106.01,393855410,60439364,133,393855277,7,44,51,585057716,393880163,978937879,10,978938145,266,0,276,978937879,502103,0,502103,3823977.13,0.00,3823976.09,3944272894.09,6520401130.27,0.00,0.00
4108.01,394094571,60200203,133,394094438,7,44,51,585243028,394119286,979362314,10,979362580,266,0,276,979362314,424435,0,424435,3825635.08,0.00,3825634.04,3944272894.09,6520401130.27,0.00,0.00
4110.01,394274508,60020266,133,394274375,7,44,51,585489676,394299280,979788956,10,979789222,266,0,276,979788956,426642,0,426642,3827301.65,0.00,3827300.61,3944272894.09,6520401130.27,0.00,0.00
4112.01,394391621,59903153,133,394391488,7,44,51,585509584,394416388,979925972,10,979926238,266,0,276,979925972,137016,0,137016,3827836.87,0.00,3827835.83,3944297020.64,6520401130.27,24126.55,0.00
4114.01,394411129,59883645,133,394410996,7,44,51,585725175,394436012,980161187,10,980161453,266,0,276,980161187,235215,0,235215,3828755.68,0.00,3828754.64,3944297020.64,6520401130.27,0.00,0.00
4116.01,394417809,59876965,133,394417676,7,44,51,585956460,394442785,980399245,10,980399511,266,0,276,980399245,238058,0,238058,3829685.59,0.00,3829684.55,3944297020.64,6520401130.27,0.00,0.00
4118.01,394446688,59848086,133,394446555,7,44,51,586141498,394471794,980613292,10,980613558,266,0,276,980613292,214047,0,214047,3830521.71,0.00,3830520.67,3944297020.64,6520401130.27,0.00,0.00
4120.01,394599140,59695634,133,394599007,7,44,51,586327594,394624238,980951832,10,980952098,266,0,276,980951832,338540,0,338540,3831844.13,0.00,3831843.09,3944297020.64,6520401130.27,0.00,0.00
4122.01,394846618,59448156,133,394846485,7,44,51,586505482,394871729,981377211,10,981377477,266,0,276,981377211,425379,0,425379,3833505.77,0.00,3833504.73,3944302607.73,6520401130.27,5587.10,0.00
4124.01,395120085,59174689,133,395119952,7,44,51,586620199,395145203,981765402,10,981765668,266,0,276,981765402,388191,0,388191,3835022.14,0.00,3835021.10,3944302607.73,6520401130.27,0.00,0.00
4126.01,395442232,58852542,133,395442099,7,44,51,586641902,395467348,982109250,10,982109516,266,0,276,982109250,343848,0,343848,3836365.30,0.00,3836364.26,3944302607.73,6520401130.27,0.00,0.00
4128.01,395768218,58526556,133,395768085,7,44,51,586652373,395793349,982445722,10,982445988,266,0,276,982445722,336472,0,336472,3837679.64,0.00,3837678.60,3944302607.73,6520401130.27,0.00,0.00
4130.01,396058425,58236349,133,396058292,7,44,51,586741331,396083501,982824832,10,982825098,266,0,276,982824832,379110,0,379110,3839160.54,0.00,3839159.50,3944302607.73,6520401130.27,0.00,0.00
4132.01,396092373,58202401,133,396092240,7,44,51,587258314,396117450,983375764,10,983376030,266,0,276,983375764,550932,0,550932,3841312.62,0.00,3841311.58,3944302607.73,6520401130.27,0.00,0.00
4134.01,396284961,58009813,133,396284828,7,44,51,587513738,396310176,983823914,10,983824180,266,0,276,983823914,448150,0,448150,3843063.20,0.00,3843062.16,3944302607.73,6520401130.27,0.00,0.00
4136.01,396384289,57910485,133,396384156,7,44,51,587933867,396409489,984343356,10,984343622,266,0,276,984343356,519442,0,519442,3845092.27,0.00,3845091.23,3944302607.73,6520401130.27,0.00,0.00
4138.01,396521583,57773191,133,396521450,7,44,51,588309562,396546780,984856342,10,984856608,266,0,276,984856342,512986,0,512986,3847096.12,0.00,3847095.09,3944302607.73,6520401130.27,0.00,0.00
4140.01,396676049,57618725,133,396675916,7,44,51,588638418,396701256,985339674,10,985339940,266,0,276,985339674,483332,0,483332,3848984.14,0.00,3848983.10,3944302607.73,6520401130.27,0.00,0.00
4142.01,396717153,57577621,133,396717020,7,44,51,588802270,396742462,985544732,10,985544998,266,0,276,985544732,205058,0,205058,3849785.15,0.00,3849784.11,3944327946.79,6520401130.27,25339.05,0.00
4144.01,396751110,57543664,133,396750977,7,44,51,588988983,396776629,985765612,10,985765878,266,0,276,985765612,220880,0,220880,3850647.96,0.00,3850646.92,3944327946.79,6520401130.27,0.00,0.00
4146.01,396811792,57482982,133,396811659,7,44,51,589118137,396837310,985955447,10,985955713,266,0,276,985955447,189835,0,189835,3851389.50,0.00,3851388.46,3944327946.79,6520401130.27,0.00,0.00
4148.01,396900092,57394682,133,396899959,7,44,51,589192435,396925617,986118052,10,986118318,266,0,276,986118052,162605,0,162605,3852024.68,0.00,3852023.64,3944327946.79,6520401130.27,0.00,0.00
4150.01,397053161,57241613,133,397053028,7,44,51,589370283,397078702,986448985,10,986449251,266,0,276,986448985,330933,0,330933,3853317.39,0.00,3853316.35,3944327946.79,6520401130.27,0.00,0.00
4152.01,397236569,57058205,133,397236436,7,44,51,589655279,397262225,986917504,10,986917770,266,0,276,986917504,468519,0,468519,3855147.54,0.00,3855146.50,3944333648.55,6520401130.27,5701.77,0.00
4154.01,397395385,56899389,133,397395252,7,44,51,589989033,397421061,987410094,10,987410360,266,0,276,987410094,492590,0,492590,3857071.72,0.00,3857070.68,3944333648.55,6520401130.27,0.00,0.00
4156.01,397494213,56800561,133,397494080,7,44,51,590419344,397519943,987939287,10,987939553,266,0,276,987939287,529193,0,529193,3859138.88,0.00,3859137.84,3944333648.55,6520401130.27,0.00,0.00
4158.01,397580043,56714731,133,397579910,7,44,51,590878945,397605789,988484734,10,988485000,266,0,276,988484734,545447,0,545447,3861269.53,0.00,3861268.49,3944333648.55,6520401130.27,0.00,0.00
4160.01,397756535,56538239,133,397756402,7,44,51,591166468,397782292,988948760,10,988949026,266,0,276,988948760,464026,0,464026,3863082.13,0.00,3863081.09,3944333648.55,6520401130.27,0.00,0.00
4162.01,398015105,56279669,133,398014972,7,44,51,591312794,398040839,989353633,10,989353899,266,0,276,989353633,404873,0,404873,3864663.67,0.00,3864662.63,3944333648.55,6520401130.27,0.00,0.00
4164.01,398324558,55970216,133,398324425,7,44,51,591353128,398350331,989703459,10,989703725,266,0,276,989703459,349826,0,349826,3866030.18,0.00,3866029.14,3944333648.55,6520401130.27,0.00,0.00
4166.01,398558721,55736053,133,398558588,7,44,51,591545202,398584436,990129638,10,990129904,266,0,276,990129638,426179,0,426179,3867694.94,0.00,3867693.90,3944333648.55,6520401130.27,0.00,0.00
4168.01,398565969,55728805,133,398565836,7,44,51,592135162,398591684,990726846,10,990727112,266,0,276,990726846,597208,0,597208,3870027.78,0.00,3870026.74,3944333648.55,6520401130.27,0.00,0.00
4170.01,398585353,55709421,133,398585220,7,44,51,592692164,398611068,991303232,10,991303498,266,0,276,991303232,576386,0,576386,3872279.29,0.00,3872278.25,3944333648.55,6520401130.27,0.00,0.00
4172.01,398609804,55684970,133,398609671,7,44,51,592889390,398635645,991525035,10,991525301,266,0,276,991525035,221803,0,221803,3873145.71,0.00,3873144.67,3944358726.26,6520401130.27,25077.70,0.00
4174.01,398694109,55600665,133,398693976,7,44,51,592964060,398719986,991684046,10,991684312,266,0,276,991684046,159011,0,159011,3873766.84,0.00,3873765.80,3944358726.26,6520401130.27,0.00,0.00
4176.01,398734609,55560165,133,398734476,7,44,51,593186608,398760854,991947462,10,991947728,266,0,276,991947462,263416,0,263416,3874795.81,0.00,3874794.77,3944358726.26,6520401130.27,0.00,0.00
4178.01,398852465,55442309,133,398852332,7,44,51,593430913,398878819,992309732,10,992309998,266,0,276,992309732,362270,0,362270,3876210.93,0.00,3876209.89,3944358726.26,6520401130.27,0.00,0.00
4180.01,399048305,55246469,133,399048172,7,44,51,593801726,399074671,992876397,10,992876663,266,0,276,992876397,566665,0,566665,3878424.46,0.00,3878423.43,3944358726.26,6520401130.27,0.00,0.00
4182.01,399199497,55095277,133,399199364,7,44,51,594204591,399225866,993430457,10,993430723,266,0,276,993430457,554060,0,554060,3880588.76,0.00,3880587.72,3944364999.85,6520401130.27,6273.59,0.00
4184.01,399362129,54932645,133,399361996,7,44,51,594595200,399388520,993983720,10,993983986,266,0,276,993983720,553263,0,553263,3882749.95,0.00,3882748.91,3944364999.85,6520401130.27,0.00,0.00
4186.01,399429121,54865653,133,399428988,7,44,51,595070845,399455514,994526359,10,994526625,266,0,276,994526359,542639,0,542639,3884869.63,0.00,3884868.59,3944364999.85,6520401130.27,0.00,0.00
4188.01,399566797,54727977,133,399566664,7,44,51,595445533,399593251,995038784,10,995039050,266,0,276,995038784,512425,0,512425,3886871.29,0.00,3886870.25,3944364999.85,6520401130.27,0.00,0.00
4190.01,399636089,54658685,133,399635956,7,44,51,595957330,399662497,995619827,10,995620093,266,0,276,995619827,581043,0,581043,3889140.99,0.00,3889139.95,3944364999.85,6520401130.27,0.00,0.00
4192.01,399796651,54498123,133,399796518,7,44,51,596288706,399823126,996111832,10,996112098,266,0,276,996111832,492005,0,492005,3891062.88,0.00,3891061.84,3944379574.19,6521741567.65,14574.34,1340437.38
4194.01,400057798,54236976,133,400057665,7,44,51,596446682,400084271,996530953,10,996531219,266,0,276,996530953,419121,0,419121,3892700.07,0.00,3892699.04,3944379574.19,6521741567.65,0.00,0.00
4196.01,400103233,54191541,133,400103100,7,44,51,596970238,400129650,997099888,10,997100154,266,0,276,997099888,568935,0,568935,3894922.48,0.00,3894921.44,3944379574.19,6521741567.65,0.00,0.00
4198.01,400103729,54191045,133,400103596,7,44,51,597575879,400130146,997706025,10,997706291,266,0,276,997706025,606137,0,606137,3897290.20,0.00,3897289.16,3944379574.19,6521741567.65,0.00,0.00
4200.01,400187934,54106839,133,400187801,7,44,51,598047721,400214418,998262139,10,998262405,266,0,276,998262139,556114,0,556114,3899462.52,0.00,3899461.48,3944379574.19,6521741567.65,0.00,0.00
4202.01,400298673,53996101,133,400298540,7,44,51,598467396,400325098,998792494,10,998792760,266,0,276,998792494,530355,0,530355,3901534.22,0.00,3901533.18,3944379574.19,6521741567.65,0.00,0.00
4204.01,400541651,53753123,133,400541518,7,44,51,598559956,400568139,999128095,10,999128361,266,0,276,999128095,335601,0,335601,3902845.16,0.00,3902844.12,3944379574.19,6521741567.65,0.00,0.00
4206.01,400678883,53615891,133,400678750,7,44,51,598560980,400705375,999266355,10,999266621,266,0,276,999266355,138260,0,138260,3903385.24,0.00,3903384.20,3944397278.57,6521741567.65,17704.38,0.00
4208.01,400797470,53497304,133,400797337,7,44,51,598636892,400823954,999460846,10,999461112,266,0,276,999460846,194491,0,194491,3904144.97,0.00,3904143.93,3944397278.57,6521741567.65,0.00,0.00
4210.01,400954062,53340712,133,400953929,7,44,51,598637692,400980549,999618241,10,999618507,266,0,276,999618241,157395,0,157395,3904759.79,0.00,3904758.75,3944397278.57,6521741567.65,0.00,0.00
4212.01,401134071,53160703,134,401133937,7,44,51,598647932,401160551,999808483,10,999808749,266,0,276,999808483,190242,0,190242,3905502.93,0.00,3905501.89,3944397278.57,6521741567.65,0.00,0.00
4214.01,401273257,53021517,133,401273124,7,44,51,599004179,401299710,1000303889,10,1000304155,266,0,276,1000303889,495406,0,495406,3907438.11,0.00,3907437.07,3944397278.57,6521741567.65,0.00,0.00
4216.01,401383040,52911734,133,401382907,7,44,51,599418315,401409558,1000827873,10,1000828139,266,0,276,1000827873,523984,0,523984,3909484.92,0.00,3909483.88,3944403050.06,6521741567.65,5771.49,0.00
4218.01,401658100,52636674,133,401657967,7,44,51,599558767,401684603,1001243370,10,1001243636,266,0,276,1001243370,415497,0,415497,3911107.95,0.00,3911106.91,3944403050.06,6521741567.65,0.00,0.00
4220.01,401882233,52412541,133,401882100,7,44,51,599781312,401908698,1001690010,10,1001690276,266,0,276,1001690010,446640,0,446640,3912852.64,0.00,3912851.60,3944403050.06,6521741567.65,0.00,0.00
4222.01,402062176,52232598,133,402062043,7,44,51,600093625,402088661,1002182286,10,1002182552,266,0,276,1002182286,492276,0,492276,3914775.59,0.00,3914774.55,3944403050.06,6521741567.65,0.00,0.00
4224.01,402222659,52072115,133,402222526,7,44,51,600432092,402249353,1002681445,10,1002681712,266,0,276,1002681445,499160,0,499159,3916725.44,0.00,3916724.39,3944403050.06,6521741567.65,0.00,0.00
4226.01,402420321,51874453,133,402420188,7,44,51,600683292,402447026,1003130318,10,1003130584,266,0,276,1003130318,448872,0,448873,3918478.84,0.00,3918477.80,3944403050.06,6521741567.65,0.00,0.00
4228.01,402571585,51723189,133,402571452,7,44,51,601017405,402598342,1003615747,10,1003616013,266,0,276,1003615747,485429,0,485429,3920375.05,0.00,3920374.01,3944403050.06,6521741567.65,0.00,0.00
4230.01,402835198,51459576,133,402835065,7,44,51,601138895,402862021,1004000916,10,1004001182,266,0,276,1004000916,385169,0,385169,3921879.62,0.00,3921878.58,3944403050.06,6521741567.65,0.00,0.00
4232.01,403144706,51150068,133,403144573,7,44,51,601186589,403171613,1004358202,10,1004358468,266,0,276,1004358202,357286,0,357286,3923275.27,0.00,3923274.23,3944403050.06,6521741567.65,0.00,0.00
4234.01,403414203,50880571,133,403414070,7,44,51,601208540,403441171,1004649711,10,1004649977,266,0,276,1004649711,291509,0,291509,3924413.97,0.00,3924412.93,3944403050.06,6521741567.65,0.00,0.00
4236.01,403514033,50780741,133,403513900,7,44,51,601237981,403541135,1004779116,10,1004779382,266,0,276,1004779116,129405,0,129405,3924919.46,0.00,3924918.42,3944429920.09,6521741567.65,26870.03,0.00
4238.01,403551693,50743081,133,403551560,7,44,51,601391588,403578916,1004970504,10,1004970770,266,0,276,1004970504,191388,0,191388,3925667.07,0.00,3925666.03,3944429920.09,6521741567.65,0.00,0.00
4240.01,403577853,50716921,133,403577720,7,44,51,601566523,403605132,1005171655,10,1005171921,266,0,276,1005171655,201151,0,201151,3926452.82,0.00,3926451.78,3944429920.09,6521741567.65,0.00,0.00
4242.01,403626753,50668021,133,403626620,7,44,51,601722097,403653973,1005376070,10,1005376336,266,0,276,1005376070,204415,0,204415,3927251.31,0.00,3927250.27,3944429920.09,6521741567.65,0.00,0.00
4244.01,403718355,50576419,133,403718222,7,44,51,601964659,403745652,1005710311,10,1005710577,266,0,276,1005710311,334241,0,334241,3928556.94,0.00,3928555.90,3944429920.09,6521741567.65,0.00,0.00
4246.01,403915094,50379680,133,403914961,7,44,51,602185702,403942474,1006128176,10,1006128442,266,0,276,1006128176,417865,0,417865,3930189.23,0.00,3930188.19,3944435098.99,6521741567.65,5178.90,0.00
4248.01,404068965,50225809,133,404068832,7,44,51,602504086,404096356,1006600442,10,1006600708,266,0,276,1006600442,472266,0,472266,3932034.02,0.00,3932032.98,3944435098.99,6521741567.65,0.00,0.00
4250.01,404293562,50001212,133,404293429,7,44,51,602701966,404320951,1007022917,10,1007023183,266,0,276,1007022917,422475,0,422475,3933684.31,0.00,3933683.27,3944435098.99,6521741567.65,0.00,0.00
4252.01,404522523,49772251,133,404522390,7,44,51,602904837,404549917,1007454754,10,1007455020,266,0,276,1007454754,431837,0,431837,3935371.17,0.00,3935370.13,3944435098.99,6521741567.65,0.00,0.00
4254.01,404773209,49521565,133,404773076,7,44,51,603016750,404800547,1007817297,10,1007817563,266,0,276,1007817297,362543,0,362543,3936787.36,0.00,3936786.32,3944435098.99,6521741567.65,0.00,0.00
4256.01,404972961,49321813,133,404972828,7,44,51,603248003,405000408,1008248411,10,1008248677,266,0,276,1008248411,431114,0,431114,3938471.39,0.00,3938470.36,3944435098.99,6521741567.65,0.00,0.00
4258.01,405091774,49203000,133,405091641,7,44,51,603638359,405119291,1008757650,10,1008757916,266,0,276,1008757650,509239,0,509239,3940460.61,0.00,3940459.57,3944435098.99,6521741567.65,0.00,0.00
4260.01,405144869,49149905,133,405144736,7,44,51,604124503,405172327,1009296830,10,1009297096,266,0,276,1009296830,539180,0,539180,3942566.78,0.00,3942565.74,3944435098.99,6521741567.65,0.00,0.00
4262.01,405308985,48985789,133,405308852,7,44,51,604456157,405336552,1009792709,10,1009792975,266,0,276,1009792709,495879,0,495879,3944503.81,0.00,3944502.77,3944435098.99,6521741567.65,0.00,0.00
4264.01,405326225,48968549,133,405326092,7,44,51,604821298,405353737,1010175035,10,1010175301,266,0,276,1010175035,382326,0,382326,3945997.27,0.00,3945996.23,3944435098.99,6521741567.65,0.00,0.00
4266.01,405367367,48927407,133,405367234,7,44,51,604985916,405394914,1010380830,10,1010381096,266,0,276,1010380830,205795,0,205795,3946801.16,0.00,3946800.12,3944458326.88,6521741567.65,23227.89,0.00
4268.01,405441894,48852880,133,405441761,7,44,51,605078338,405469495,1010547833,10,1010548099,266,0,276,1010547833,167003,0,167003,3947453.51,0.00,3947452.47,3944458326.88,6521741567.65,0.00,0.00
4270.01,405489605,48805169,133,405489472,7,44,51,605237253,405517203,1010754456,10,1010754722,266,0,276,1010754456,206623,0,206623,3948260.63,0.00,3948259.59,3944458326.88,6521741567.65,0.00,0.00
4272.01,405518250,48776524,133,405518117,7,44,51,605420777,405545933,1010966710,10,1010966976,266,0,276,1010966710,212254,0,212254,3949089.75,0.00,3949088.71,3944458326.88,6521741567.65,0.00,0.00
4274.01,405591057,48703717,133,405590924,7,44,51,605864776,405618686,1011483462,10,1011483728,266,0,276,1011483462,516752,0,516752,3951108.31,0.00,3951107.27,3944458326.88,6521741567.65,0.00,0.00
4276.01,405614353,48680421,133,405614220,7,44,51,606426159,405641982,1012068141,10,1012068407,266,0,276,1012068141,584679,0,584679,3953392.21,0.00,3953391.18,3944463685.11,6521741567.65,5358.23,0.00
4278.01,405771769,48523005,133,405771636,7,44,51,606754246,405799420,1012553666,10,1012553932,266,0,276,1012553666,485525,0,485525,3955288.80,0.00,3955287.76,3944463685.11,6521741567.65,0.00,0.00
4280.01,405977769,48317005,133,405977636,7,44,51,606974902,406005420,1012980322,10,1012980588,266,0,276,1012980322,426656,0,426656,3956955.42,0.00,3956954.38,3944463685.11,6521741567.65,0.00,0.00
4282.01,406084273,48210501,133,406084140,7,44,51,607429907,406111929,1013541836,10,1013542102,266,0,276,1013541836,561514,0,561514,3959148.84,0.00,3959147.80,3944463685.11,6521741567.65,0.00,0.00
4284.01,406218679,48076095,133,406218546,7,44,51,607853577,406246391,1014099968,10,1014100234,266,0,276,1014099968,558132,0,558132,3961329.04,0.00,3961328.00,3944463685.11,6521741567.65,0.00,0.00
4286.01,406449794,47844980,133,406449661,7,44,51,608108603,406477519,1014586122,10,1014586388,266,0,276,1014586122,486154,0,486154,3963228.08,0.00,3963227.04,3944463685.11,6521741567.65,0.00,0.00
4288.01,406531400,47763374,133,406531267,7,44,51,608572904,406559126,1015132030,10,1015132296,266,0,276,1015132030,545908,0,545908,3965360.53,0.00,3965359.49,3944463685.11,6521741567.65,0.00,0.00
4290.01,406748688,47546086,133,406748555,7,44,51,608757360,406776432,1015533792,10,1015534058,266,0,276,1015533792,401762,0,401762,3966929.91,0.00,3966928.88,3944463685.11,6521741567.65,0.00,0.00
4292.01,407063193,47231581,133,407063060,7,44,51,608804139,407090883,1015895022,10,1015895288,266,0,276,1015895022,361230,0,361230,3968340.97,0.00,3968339.93,3944463685.11,6521741567.65,0.00,0.00
4294.01,407295917,46998857,133,407295784,7,44,51,609002041,407323669,1016325710,10,1016325976,266,0,276,1016325710,430688,0,430688,3970023.34,0.00,3970022.30,3944463685.11,6521741567.65,0.00,0.00
4296.01,407425729,46869045,133,407425596,7,44,51,609365215,407453448,1016818663,10,1016818929,266,0,276,1016818663,492953,0,492953,3971948.94,0.00,3971947.90,3944463685.11,6521741567.65,0.00,0.00
4298.01,407425801,46868973,133,407425668,7,44,51,609630229,407453521,1017083750,10,1017084016,266,0,276,1017083750,265087,0,265087,3972984.44,0.00,3972983.40,3944492905.17,6521741567.65,29220.06,0.00
4300.01,407426185,46868589,133,407426052,7,44,51,609883161,407453925,1017337086,10,1017337352,266,0,276,1017337086,253336,0,253336,3973974.03,0.00,3973972.99,3944492905.17,6521741567.65,0.00,0.00
4302.01,407436461,46858313,133,407436328,7,44,51,610128666,407464309,1017592975,10,1017593241,266,0,276,1017592975,255889,0,255889,3974973.60,0.00,3974972.56,3944492905.17,6521741567.65,0.00,0.00
4304.01,407476745,46818029,133,407476612,7,44,51,610329939,407504654,1017834593,10,1017834859,266,0,276,1017834593,241618,0,241618,3975917.42,0.00,3975916.38,3944492905.17,6521741567.65,0.00,0.00
4306.01,407571290,46723484,133,407571157,7,44,51,610442378,407599406,1018041784,10,1018042050,266,0,276,1018041784,207191,0,207191,3976726.76,0.00,3976725.72,3944492905.17,6521741567.65,0.00,0.00
4308.01,407662017,46632757,133,407661884,7,44,51,610870719,407690122,1018560841,10,1018561107,266,0,276,1018560841,519057,0,519057,3978754.32,0.00,3978753.29,3944492905.17,6521741567.65,0.00,0.00
4310.01,407751017,46543757,133,407750884,7,44,51,611330378,407779181,1019109559,10,1019109825,266,0,276,1019109559,548718,0,548718,3980897.75,0.00,3980896.71,3944499432.77,6521741567.65,6527.61,0.00
4312.01,407895809,46398965,133,407895676,7,44,51,611687322,407923927,1019611249,10,1019611516,266,0,276,1019611249,501691,0,501690,3982857.48,0.00,3982856.44,3944499432.77,6521741567.65,0.00,0.00
4314.01,407970671,46324103,133,407970538,7,44,51,612167605,407998798,1020166403,10,1020166669,266,0,276,1020166403,555153,0,555154,3985026.05,0.00,3985025.01,3944499432.77,6521741567.65,0.00,0.00
4316.01,408145284,46149490,133,408145151,7,44,51,612468666,408173485,1020642151,10,1020642417,266,0,276,1020642151,475748,0,475748,3986884.44,0.00,3986883.40,3944499432.77,6521741567.65,0.00,0.00
4318.01,408253933,46040841,133,408253800,7,44,51,612872972,408282097,1021155069,10,1021155335,266,0,276,1021155069,512918,0,512918,3988888.03,0.00,3988886.99,3944499432.77,6521741567.65,0.00,0.00
4320.01,408357993,45936781,133,408357860,7,44,51,613295926,408386205,1021682131,10,1021682397,266,0,276,1021682131,527062,0,527062,3990946.86,0.00,3990945.82,3944499432.77,6521741567.65,0.00,0.00
4322.01,408503119,45791655,133,408502986,7,44,51,613649049,408531396,1022180445,10,1022180711,266,0,276,1022180445,498314,0,498314,3992893.40,0.00,3992892.36,3944499432.77,6521741567.65,0.00,0.00
4324.01,408583297,45711477,133,408583164,7,44,51,614108975,408611513,1022720488,10,1022720754,266,0,276,1022720488,540043,0,540043,3995002.95,0.00,3995001.91,3944499432.77,6521741567.65,0.00,0.00
4326.01,408618977,45675797,133,408618844,7,44,51,614655144,408647209,1023302353,10,1023302619,266,0,276,1023302353,581865,0,581865,3997275.86,0.00,3997274.82,3944499432.77,6521741567.65,0.00,0.00
4328.01,408715121,45579653,133,408714988,7,44,51,614877707,408743429,1023621136,10,1023621402,266,0,276,1023621136,318783,0,318783,3998521.10,0.00,3998520.06,3944499432.77,6521741567.65,0.00,0.00
4330.01,408819645,45475129,133,408819512,7,44,51,614916329,408847961,1023764290,10,1023764556,266,0,276,1023764290,143154,0,143154,3999080.30,0.00,3999079.26,3944524069.60,6521741567.65,24636.83,0.00
4332.01,408919323,45375451,133,408919190,7,44,51,614959470,408947618,1023907088,10,1023907354,266,0,276,1023907088,142798,0,142798,3999638.10,0.00,3999637.06,3944524069.60,6521741567.65,0.00,0.00
4334.01,408953249,45341525,133,408953116,7,44,51,615124560,408981717,1024106277,10,1024106543,266,0,276,1024106277,199189,0,199189,4000416.18,0.00,4000415.14,3944524069.60,6521741567.65,0.00,0.00
4336.01,409015574,45279200,133,409015441,7,44,51,615239456,409044259,1024283715,10,1024283981,266,0,276,1024283715,177438,0,177438,4001109.30,0.00,4001108.26,3944524069.60,6521741567.65,0.00,0.00
4338.01,409132653,45162121,133,409132520,7,44,51,615584310,409161337,1024745647,10,1024745913,266,0,276,1024745647,461932,0,461932,4002913.72,0.00,4002912.68,3944524069.60,6521741567.65,0.00,0.00
4340.01,409281497,45013277,133,409281364,7,44,51,615911870,409310263,1025222133,10,1025222399,266,0,276,1025222133,476486,0,476486,4004775.00,0.00,4004773.96,3944529325.68,6521741567.65,5256.08,0.00
4342.01,409426586,44868188,133,409426453,7,44,51,616244547,409455448,1025699995,10,1025700261,266,0,276,1025699995,477862,0,477862,4006641.64,0.00,4006640.61,3944529325.68,6521741567.65,0.00,0.00
4344.01,409661888,44632886,133,409661755,7,44,51,616430698,409690742,1026121440,10,1026121706,266,0,276,1026121440,421445,0,421445,4008287.91,0.00,4008286.88,3944529325.68,6521741567.65,0.00,0.00
4346.01,409877837,44416937,133,409877704,7,44,51,616609398,409906662,1026516060,10,1026516326,266,0,276,1026516060,394620,0,394620,4009829.40,0.00,4009828.36,3944529325.68,6521741567.65,0.00,0.00
4348.01,409976815,44317959,133,409976682,7,44,51,617027095,410005733,1027032828,10,1027033094,266,0,276,1027032828,516768,0,516768,4011848.02,0.00,4011846.98,3944529325.68,6521741567.65,0.00,0.00
4350.01,410100969,44193805,133,410100836,7,44,51,617398091,410129845,1027527936,10,1027528202,266,0,276,1027527936,495108,0,495108,4013782.04,0.00,4013781.00,3944529325.68,6521741567.65,0.00,0.00
4352.01,410182057,44112717,133,410181924,7,44,51,617841892,410211072,1028052964,10,1028053230,266,0,276,1028052964,525028,0,525028,4015832.93,0.00,4015831.89,3944529325.68,6521741567.65,0.00,0.00
4354.01,410417087,43877687,133,410416954,7,44,51,617984376,410446111,1028430487,10,1028430753,266,0,276,1028430487,377523,0,377523,4017307.63,0.00,4017306.59,3944529325.68,6521741567.65,0.00,0.00
4356.01,410517209,43777565,133,410517076,7,44,51,618412782,410546319,1028959101,10,1028959367,266,0,276,1028959101,528614,0,528614,4019372.53,0.00,4019371.49,3944529325.68,6521741567.65,0.00,0.00
4358.01,410568305,43726468,133,410568172,7,44,51,618579992,410597580,1029177572,10,1029177838,266,0,276,1029177572,218471,0,218471,4020225.93,0.00,4020224.89,3944552359.09,6521741567.65,23033.41,0.00
4360.01,410654097,43640677,133,410653964,7,44,51,618645182,410683316,1029328498,10,1029328764,266,0,276,1029328498,150926,0,150926,4020815.48,0.00,4020814.45,3944552359.09,6521741567.65,0.00,0.00
4362.01,410674207,43620567,133,410674074,7,44,51,618844052,410703485,1029547537,10,1029547803,266,0,276,1029547537,219039,0,219039,4021671.11,0.00,4021670.07,3944552359.09,6521741567.65,0.00,0.00
4364.01,410757019,43537755,133,410756886,7,44,51,618921985,410786358,1029708343,10,1029708609,266,0,276,1029708343,160806,0,160806,4022299.25,0.00,4022298.21,3944552359.09,6521741567.65,0.00,0.00
4366.01,410863060,43431714,133,410862927,7,44,51,619070497,410892426,1029962923,10,1029963189,266,0,276,1029962923,254580,0,254580,4023293.71,0.00,4023292.67,3944552359.09,6521741567.65,0.00,0.00
4368.01,411025493,43269281,133,411025360,7,44,51,619390395,411054800,1030445195,10,1030445461,266,0,276,1030445195,482272,0,482272,4025177.58,0.00,4025176.54,3944552359.09,6521741567.65,0.00,0.00
4370.01,411173240,43121534,133,411173107,7,44,51,619737254,411202672,1030939926,10,1030940192,266,0,276,1030939926,494731,0,494731,4027110.12,0.00,4027109.09,3944558841.18,6521741567.65,6482.09,0.00
4372.01,411467843,42826931,133,411467710,7,44,51,619745250,411497274,1031242524,10,1031242790,266,0,276,1031242524,302598,0,302598,4028292.15,0.00,4028291.11,3944558841.18,6521741567.65,0.00,0.00
4374.01,411750155,42544619,133,411750022,7,44,51,619820580,411779612,1031600192,10,1031600458,266,0,276,1031600192,357668,0,357668,4029689.29,0.00,4029688.25,3944558841.18,6521741567.65,0.00,0.00
4376.01,412016530,42278244,133,412016397,7,44,51,619898500,412046036,1031944536,10,1031944802,266,0,276,1031944536,344344,0,344344,4031034.38,0.00,4031033.34,3944558841.18,6521741567.65,0.00,0.00
4378.01,412130929,42163845,133,412130796,7,44,51,620267357,412160427,1032427784,10,1032428050,266,0,276,1032427784,483248,0,483248,4032922.07,0.00,4032921.03,3944558841.18,6521741567.65,0.00,0.00
4380.01,412205947,42088827,133,412205814,7,44,51,620722602,412235550,1032958152,10,1032958418,266,0,276,1032958152,530368,0,530368,4034993.82,0.00,4034992.78,3944558841.18,6521741567.65,0.00,0.00
4382.01,412311311,41983463,133,412311178,7,44,51,621098144,412340885,1033439029,10,1033439295,266,0,276,1033439029,480877,0,480877,4036872.25,0.00,4036871.21,3944558841.18,6521741567.65,0.00,0.00
4384.01,412513173,41781601,133,412513040,7,44,51,621321135,412542811,1033863946,10,1033864212,266,0,276,1033863946,424917,0,424917,4038532.08,0.00,4038531.04,3944558841.18,6521741567.65,0.00,0.00
4386.01,412576825,41717949,133,412576692,7,44,51,621507130,412606508,1034113638,10,1034113904,266,0,276,1034113638,249692,0,249692,4039507.44,0.00,4039506.40,3944558841.18,6521741567.65,0.00,0.00
4388.01,412603491,41691283,133,412603358,7,44,51,621703663,412633412,1034337075,10,1034337341,266,0,276,1034337075,223437,0,223437,4040380.24,0.00,4040379.20,3944580526.57,6521741567.65,21685.39,0.00
4390.01,412663665,41631109,133,412663532,7,44,51,621817335,412693644,1034510979,10,1034511245,266,0,276,1034510979,173904,0,173904,4041059.55,0.00,4041058.51,3944580526.57,6521741567.65,0.00,0.00
4392.01,412745305,41549469,133,412745172,7,44,51,621915220,412775318,1034690538,10,1034690804,266,0,276,1034690538,179559,0,179559,4041760.95,0.00,4041759.91,3944580526.57,6521741567.65,0.00,0.00
4394.01,412779957,41514817,133,412779824,7,44,51,622106745,412810014,1034916759,10,1034917025,266,0,276,1034916759,226221,0,226221,4042644.63,0.00,4042643.59,3944580526.57,6521741567.65,0.00,0.00
4396.01,412997280,41297494,133,412997147,7,44,51,622284347,413027413,1035311760,10,1035312026,266,0,276,1035311760,395001,0,395001,4044187.60,0.00,4044186.56,3944580526.57,6521741567.65,0.00,0.00
4398.01,413220982,41073792,133,413220849,7,44,51,622466095,413251329,1035717424,10,1035717690,266,0,276,1035717424,405664,0,405664,4045772.23,0.00,4045771.19,3944585583.71,6521741567.65,5057.14,0.00
4400.01,413501333,40793441,133,413501200,7,44,51,622531745,413531710,1036063455,10,1036063721,266,0,276,1036063455,346031,0,346031,4047123.91,0.00,4047122.87,3944585583.71,6521741567.65,0.00,0.00
4402.01,413701443,40593331,133,413701310,7,44,51,622743181,413731969,1036475150,10,1036475416,266,0,276,1036475150,411695,0,411695,4048732.09,0.00,4048731.05,3944585583.71,6521741567.65,0.00,0.00
4404.01,413879558,40415216,133,413879425,7,44,51,622961845,413910281,1036872126,10,1036872392,266,0,276,1036872126,396976,0,396976,4050282.78,0.00,4050281.74,3944585583.71,6521741567.65,0.00,0.00
4406.01,414136505,40158269,133,414136372,7,44,51,623042239,414167301,1037209540,10,1037209806,266,0,276,1037209540,337414,0,337414,4051600.80,0.00,4051599.77,3944585583.71,6521741567.65,0.00,0.00
4408.01,414320828,39973946,133,414320695,7,44,51,623254197,414351645,1037605842,10,1037606108,266,0,276,1037605842,396302,0,396302,4053148.86,0.00,4053147.82,3944585583.71,6521741567.65,0.00,0.00
4410.01,414483406,39811368,133,414483273,7,44,51,623515838,414514415,1038030253,10,1038030519,266,0,276,1038030253,424411,0,424411,4054806.71,0.00,4054805.68,3944585583.71,6521741567.65,0.00,0.00
4412.01,414668755,39626019,133,414668622,7,44,51,623737108,414699906,1038437014,10,1038437280,266,0,276,1038437014,406761,0,406761,4056395.62,0.00,4056394.59,3944585583.71,6521741567.65,0.00,0.00
4414.01,414750099,39544675,133,414749966,7,44,51,623998165,414781332,1038779497,10,1038779763,266,0,276,1038779497,342483,0,342483,4057733.45,0.00,4057732.41,3944585583.71,6521741567.65,0.00,0.00
4416.01,414788385,39506389,133,414788252,7,44,51,624151812,414819764,1038971576,10,1038971842,266,0,276,1038971576,192079,0,192079,4058483.76,0.00,4058482.72,3944606745.11,6521741567.65,21161.40,0.00
4418.01,414849041,39445733,133,414848908,7,44,51,624246014,414880406,1039126420,10,1039126686,266,0,276,1039126420,154844,0,154844,4059088.62,0.00,4059087.58,3944606745.11,6521741567.65,0.00,0.00
4420.01,414884175,39410599,133,414884042,7,44,51,624383699,414915718,1039299417,10,1039299683,266,0,276,1039299417,172997,0,172997,4059764.39,0.00,4059763.35,3944606745.11,6521741567.65,0.00,0.00
4422.01,414971698,39323076,133,414971565,7,44,51,624426786,415003284,1039430070,10,1039430336,266,0,276,1039430070,130653,0,130653,4060274.75,0.00,4060273.71,3944606745.11,6521741567.65,0.00,0.00
4424.01,415149143,39145631,133,415149010,7,44,51,624588777,415180826,1039769603,10,1039769869,266,0,276,1039769603,339533,0,339533,4061601.05,0.00,4061600.01,3944606745.11,6521741567.65,0.00,0.00
4426.01,415209666,39085108,133,415209533,7,44,51,625062593,415241334,1040303927,10,1040304193,266,0,276,1040303927,534324,0,534324,4063688.25,0.00,4063687.21,3944612710.09,6521741567.65,5964.98,0.00
4428.01,415406265,38888509,133,415406132,7,44,51,625267470,415437930,1040705400,10,1040705666,266,0,276,1040705400,401473,0,401473,4065256.51,0.00,4065255.47,3944612710.09,6521741567.65,0.00,0.00
4430.01,415563626,38731148,133,415563493,7,44,51,625543236,415595413,1041138649,10,1041138915,266,0,276,1041138649,433249,0,433249,4066948.89,0.00,4066947.85,3944612710.09,6521741567.65,0.00,0.00
4432.01,415842252,38452522,133,415842119,7,44,51,625585396,415874048,1041459444,10,1041459710,266,0,276,1041459444,320795,0,320795,4068201.99,0.00,4068200.95,3944612710.09,6521741567.65,0.00,0.00
4434.01,416108077,38186697,133,416107944,7,44,51,625703911,416139870,1041843781,10,1041844047,266,0,276,1041843781,384337,0,384337,4069703.31,0.00,4069702.27,3944612710.09,6521741567.65,0.00,0.00
4436.01,416279265,38015509,133,416279132,7,44,51,625984451,416311100,1042295551,10,1042295817,266,0,276,1042295551,451770,0,451770,4071468.04,0.00,4071467.00,3944612710.09,6521741567.65,0.00,0.00
4438.01,416491014,37803760,133,416490881,7,44,51,626189535,416522904,1042712439,10,1042712705,266,0,276,1042712439,416888,0,416888,4073096.50,0.00,4073095.46,3944612710.09,6521741567.65,0.00,0.00
4440.01,416512801,37781973,133,416512668,7,44,51,626729877,416544638,1043274515,10,1043274781,266,0,276,1043274515,562076,0,562076,4075292.11,0.00,4075291.07,3944612710.09,6521741567.65,0.00,0.00
4442.01,416512985,37781789,133,416512852,7,44,51,627035385,416544838,1043580223,10,1043580489,266,0,276,1043580223,305708,0,305708,4076486.29,0.00,4076485.25,3944612710.09,6521741567.65,0.00,0.00
4444.01,416512985,37781789,133,416512852,7,44,51,627279093,416544838,1043823931,10,1043824197,266,0,276,1043823931,243708,0,243708,4077438.27,0.00,4077437.23,3944632874.59,6521741567.65,20164.50,0.00
4446.01,416527481,37767293,133,416527348,7,44,51,627490423,416559434,1044049857,10,1044050123,266,0,276,1044049857,225926,0,225926,4078320.79,0.00,4078319.75,3944632874.59,6521741567.65,0.00,0.00
4448.01,416569203,37725571,133,416569070,7,44,51,627651198,416601289,1044252487,10,1044252753,266,0,276,1044252487,202630,0,202630,4079112.32,0.00,4079111.28,3944632874.59,6521741567.65,0.00,0.00
4450.01,416594537,37700237,133,416594404,7,44,51,627829018,416626620,1044455638,10,1044455904,266,0,276,1044455638,203151,0,203151,4079905.88,0.00,4079904.84,3944632874.59,6521741567.65,0.00,0.00
4452.01,416644102,37650672,133,416643969,7,44,51,628297768,416676290,1044974058,10,1044974324,266,0,276,1044974058,518420,0,518420,4081930.95,0.00,4081929.91,3944632874.59,6521741567.65,0.00,0.00
4454.01,416826018,37468756,133,416825885,7,44,51,628533930,416858306,1045392236,10,1045392502,266,0,276,1045392236,418178,0,418178,4083564.46,0.00,4083563.42,3944637730.90,6521741567.65,4856.31,0.00
4456.01,417060596,37234178,133,417060463,7,44,51,628677294,417092867,1045770161,10,1045770427,266,0,276,1045770161,377925,0,377925,4085040.73,0.00,4085039.69,3944637730.90,6521741567.65,0.00,0.00
4458.01,417129153,37165621,133,417129020,7,44,51,629141712,417161395,1046303107,10,1046303373,266,0,276,1046303107,532946,0,532946,4087122.55,0.00,4087121.51,3944637730.90,6521741567.65,0.00,0.00
4460.01,417226336,37068438,133,417226203,7,44,51,629541159,417258686,1046799845,10,1046800111,266,0,276,1046799845,496738,0,496738,4089062.93,0.00,4089061.89,3944637730.90,6521741567.65,0.00,0.00
4462.01,417312273,36982501,133,417312140,7,44,51,629962144,417344663,1047306807,10,1047307073,266,0,276,1047306807,506962,0,506962,4091043.25,0.00,4091042.21,3944637730.90,6521741567.65,0.00,0.00
4464.01,417334829,36959945,133,417334696,7,44,51,630494603,417367233,1047861836,10,1047862102,266,0,276,1047861836,555029,0,555029,4093211.34,0.00,4093210.30,3944637730.90,6521741567.65,0.00,0.00
4466.01,417548681,36746093,133,417548548,7,44,51,630640835,417581276,1048222111,10,1048222377,266,0,276,1048222111,360275,0,360275,4094618.66,0.00,4094617.62,3944637730.90,6521741567.65,0.00,0.00
4468.01,417580699,36714075,133,417580566,7,44,51,631213660,417613384,1048827044,10,1048827310,266,0,276,1048827044,604933,0,604933,4096981.68,0.00,4096980.64,3944637730.90,6521741567.65,0.00,0.00
4470.01,417685057,36609717,133,417684924,7,44,51,631690754,417717753,1049408507,10,1049408773,266,0,276,1049408507,581463,0,581463,4099253.02,0.00,4099251.98,3944637730.90,6521741567.65,0.00,0.00
4472.01,417740191,36554583,133,417740058,7,44,51,631884868,417772925,1049657793,10,1049658059,266,0,276,1049657793,249286,0,249286,4100226.79,0.00,4100225.75,3944660121.72,6521741567.65,22390.82,0.00
4474.01,417773329,36521445,133,417773196,7,44,51,632072556,417806035,1049878591,10,1049878857,266,0,276,1049878591,220798,0,220798,4101089.29,0.00,4101088.25,3944660121.72,6521741567.65,0.00,0.00
4476.01,417856313,36438461,133,417856180,7,44,51,632160121,417889040,1050049161,10,1050049427,266,0,276,1050049161,170570,0,170570,4101755.57,0.00,4101754.54,3944660121.72,6521741567.65,0.00,0.00
4478.01,417912575,36382199,133,417912442,7,44,51,632285265,417945292,1050230557,10,1050230823,266,0,276,1050230557,181396,0,181396,4102464.15,0.00,4102463.11,3944660121.72,6521741567.65,0.00,0.00
4480.01,417932413,36362361,133,417932280,7,44,51,632526959,417965193,1050492152,10,1050492418,266,0,276,1050492152,261595,0,261595,4103486.01,0.00,4103484.97,3944660121.72,6521741567.65,0.00,0.00
4482.01,418075321,36219453,133,418075188,7,44,51,632813484,418108214,1050921698,10,1050921964,266,0,276,1050921698,429546,0,429546,4105163.92,0.00,4105162.88,3944660121.72,6521741567.65,0.00,0.00
4484.01,418107273,36187501,133,418107140,7,44,51,633330603,418140726,1051471329,10,1051471595,266,0,276,1051471329,549631,0,549631,4107310.92,0.00,4107309.88,3944666617.62,6521741567.65,6495.91,0.00
4486.01,418235302,36059472,133,418235169,7,44,51,633656293,418268926,1051925219,10,1051925485,266,0,276,1051925219,453890,0,453890,4109083.93,0.00,4109082.89,3944666617.62,6521741567.65,0.00,0.00
4488.01,418414899,35879875,133,418414766,7,44,51,633896302,418448580,1052344882,10,1052345148,266,0,276,1052344882,419663,0,419663,4110723.23,0.00,4110722.20,3944666617.62,6521741567.65,0.00,0.00
4490.01,418451466,35843308,133,418451333,7,44,51,633903302,418485087,1052388389,10,1052388655,266,0,276,1052388389,43507,0,43507,4110893.18,0.00,4110892.14,3944666617.62,6521741567.65,0.00,0.00
4492.01,418451466,35843308,133,418451333,7,44,51,633903302,418485087,1052388389,10,1052388655,266,0,276,1052388389,0,0,0,4110893.18,0.00,4110892.14,3944666617.62,6521741567.65,0.00,0.00
4494.01,418451466,35843308,133,418451333,7,44,51,633903302,418485087,1052388389,10,1052388655,266,0,276,1052388389,0,0,0,4110893.18,0.00,4110892.14,3944666617.62,6521741567.65,0.00,0.00
4496.01,418577421,35717353,133,418577288,7,44,51,634207935,418611063,1052818998,10,1052819264,266,0,276,1052818998,430609,0,430609,4112575.25,0.00,4112574.21,3944666617.62,6521741567.65,0.00,0.00
4498.01,418660142,35634632,133,418660009,7,44,51,634660969,418693818,1053354787,10,1053355053,266,0,276,1053354787,535789,0,535789,4114668.18,0.00,4114667.14,3944666617.62,6521741567.65,0.00,0.00
4500.01,418912343,35382431,133,418912210,7,44,51,634725442,418946066,1053671508,10,1053671774,266,0,276,1053671508,316721,0,316721,4115905.37,0.00,4115904.33,3944666617.62,6521741567.65,0.00,0.00
4502.01,419030249,35264525,133,419030116,7,44,51,635073058,419064015,1054137073,10,1054137339,266,0,276,1054137073,465565,0,465565,4117723.98,0.00,4117722.94,3944666617.62,6521741567.65,0.00,0.00
4504.01,419102811,35191963,133,419102678,7,44,51,635516914,419136718,1054653632,10,1054653899,266,0,276,1054653632,516560,0,516559,4119741.79,0.00,4119740.75,3944666617.62,6521741567.65,0.00,0.00
4506.01,419284530,35010243,133,419284397,7,44,51,635747381,419318451,1055065832,10,1055066098,266,0,276,1055065832,412199,0,412200,4121351.95,0.00,4121350.91,3944666617.62,6521741567.65,0.00,0.00
4508.01,419429433,34865341,133,419429300,7,44,51,636044941,419463348,1055508289,10,1055508555,266,0,276,1055508289,442457,0,442457,4123080.29,0.00,4123079.25,3944666617.62,6521741567.65,0.00,0.00
4510.01,419529793,34764981,133,419529660,7,44,51,636412346,419564036,1055976382,10,1055976648,266,0,276,1055976382,468093,0,468093,4124908.78,0.00,4124907.74,3944666617.62,6521741567.65,0.00,0.00
4512.01,419668505,34626269,133,419668372,7,44,51,636723868,419702770,1056426638,10,1056426905,266,0,276,1056426638,450257,0,450256,4126667.60,0.00,4126666.55,3944666617.62,6521741567.65,0.00,0.00
4514.01,419727331,34567443,133,419727198,7,44,51,637179170,419761609,1056940779,10,1056941045,266,0,276,1056940779,514140,0,514141,4128675.96,0.00,4128674.92,3944666617.62,6521741567.65,0.00,0.00
4516.01,419863415,34431359,133,419863282,7,44,51,637475588,419897760,1057373348,10,1057373614,266,0,276,1057373348,432569,0,432569,4130365.68,0.00,4130364.64,3944666617.62,6521741567.65,0.00,0.00
18446744069493.31,419976445,34318329,133,419976312,7,44,51,637821533,420010728,1057832261,10,1057832527,266,0,276,1057832261,458913,0,458913,4132158.31,0.00,4132157.27,3944666617.62,6521741567.65,0.00,0.00
18446744069495.31,420020996,34273778,133,420020863,7,44,51,638062950,420055403,1058118353,10,1058118619,266,0,276,1058118353,286092,0,286092,4133275.86,0.00,4133274.82,3944666617.62,6521741567.65,0.00,0.00
18446744069497.31,420034697,34260077,133,420034564,7,44,51,638239226,420069145,1058308371,10,1058308637,266,0,276,1058308371,190018,0,190018,4134018.11,0.00,4134017.07,3944703286.62,6521741567.65,36669.00,0.00
18446744069499.31,420094185,34200589,133,420094052,7,44,51,638351892,420128633,1058480525,10,1058480791,266,0,276,1058480525,172154,0,172154,4134690.59,0.00,4134689.55,3944703286.62,6521741567.65,0.00,0.00
18446744069501.31,420139959,34154815,133,420139826,7,44,51,638492808,420174423,1058667231,10,1058667497,266,0,276,1058667231,186706,0,186706,4135419.91,0.00,4135418.87,3944703286.62,6521741567.65,0.00,0.00
18446744069503.31,420162956,34131818,133,420162823,7,44,51,638672580,420197556,1058870136,10,1058870402,266,0,276,1058870136,202905,0,202905,4136212.51,0.00,4136211.47,3944703286.62,6521741567.65,0.00,0.00
18446744069505.31,420222033,34072741,133,420221900,7,44,51,639107575,420256701,1059364276,10,1059364543,266,0,276,1059364276,494141,0,494140,4138142.75,0.00,4138141.70,3944703286.62,6521741567.65,0.00,0.00
18446744069507.31,420425015,33869759,133,420424882,7,44,51,639279357,420459755,1059739112,10,1059739378,266,0,276,1059739112,374835,0,374836,4139606.95,0.00,4139605.91,3944707957.35,6521741567.65,4670.73,0.00
18446744069509.31,420581209,33713565,133,420581076,7,44,51,639560685,420615923,1060176608,10,1060176874,266,0,276,1060176608,437496,0,437496,4141315.91,0.00,4141314.88,3944707957.35,6521741567.65,0.00,0.00
18446744069511.31,420604953,33689821,133,420604820,7,44,51,640088659,420639673,1060728332,10,1060728598,266,0,276,1060728332,551724,0,551724,4143471.09,0.00,4143470.05,3944707957.35,6521741567.65,0.00,0.00
18446744069513.31,420748717,33546057,133,420748584,7,44,51,640372248,420783500,1061155748,10,1061156014,266,0,276,1061155748,427416,0,427416,4145140.68,0.00,4145139.64,3944707957.35,6521741567.65,0.00,0.00
18446744069515.31,420798805,33495969,133,420798672,7,44,51,640841910,420833624,1061675534,10,1061675801,266,0,276,1061675534,519787,0,519786,4147171.10,0.00,4147170.05,3944707957.35,6521741567.65,0.00,0.00
18446744069517.31,420898425,33396349,133,420898292,7,44,51,641206570,420933520,1062140090,10,1062140356,266,0,276,1062140090,464555,0,464556,4148985.77,0.00,4148984.73,3944707957.35,6521741567.65,0.00,0.00
18446744069519.31,420970666,33324108,133,420970533,7,44,51,641599864,421006102,1062605966,10,1062606232,266,0,276,1062605966,465876,0,465876,4150805.59,0.00,4150804.55,3944707957.35,6521741567.65,0.00,0.00
18446744069521.31,421141929,33152845,133,421141796,7,44,51,641684125,421177343,1062861468,10,1062861734,266,0,276,1062861468,255502,0,255502,4151803.65,0.00,4151802.61,3944707957.35,6521741567.65,0.00,0.00
18446744069523.31,421187206,33107568,133,421187073,7,44,51,641821188,421222676,1063043864,10,1063044130,266,0,276,1063043864,182396,0,182396,4152516.13,0.00,4152515.09,3944725799.38,6521741567.65,17842.02,0.00
18446744069525.31,421230376,33064398,133,421230243,7,44,51,641942100,421265843,1063207943,10,1063208209,266,0,276,1063207943,164079,0,164079,4153157.07,0.00,4153156.03,3944725799.38,6521741567.65,0.00,0.00
18446744069527.31,421317812,32976962,133,421317679,7,44,51,641969833,421353268,1063323101,10,1063323367,266,0,276,1063323101,115158,0,115158,4153606.90,0.00,4153605.86,3944725799.38,6521741567.65,0.00,0.00
18446744069529.31,421406841,32887933,133,421406708,7,44,51,641987924,421442308,1063430232,10,1063430498,266,0,276,1063430232,107131,0,107131,4154025.38,0.00,4154024.34,3944725799.38,6521741567.65,0.00,0.00
18446744069531.31,421599183,32695591,133,421599050,7,44,51,641997344,421634621,1063631965,10,1063632231,266,0,276,1063631965,201733,0,201733,4154813.40,0.00,4154812.36,3944725799.38,6521741567.65,0.00,0.00
18446744069533.31,421788359,32506415,133,421788226,7,44,51,642188444,421823846,1064012290,10,1064012556,266,0,276,1064012290,380325,0,380325,4156299.05,0.00,4156298.01,3944731159.99,6521741567.65,5360.61,0.00
18446744069535.31,421911545,32383229,133,421911412,7,44,51,642485347,421947055,1064432402,10,1064432668,266,0,276,1064432402,420112,0,420112,4157940.11,0.00,4157939.07,3944731159.99,6521741567.65,0.00,0.00
18446744069537.31,422030089,32264685,133,422029956,7,44,51,642786264,422065606,1064851870,10,1064852136,266,0,276,1064851870,419468,0,419468,4159578.66,0.00,4159577.62,3944731159.99,6521741567.65,0.00,0.00
18446744069539.31,422179908,32114866,133,422179775,7,44,51,643060936,422215598,1065276534,10,1065276800,266,0,276,1065276534,424664,0,424664,4161237.50,0.00,4161236.46,3944731159.99,6521741567.65,0.00,0.00
18446744069541.31,422301953,31992821,133,422301820,7,44,51,643367711,422337782,1065705493,10,1065705759,266,0,276,1065705493,428959,0,428959,4162913.12,0.00,4162912.08,3944731159.99,6521741567.65,0.00,0.00
18446744069543.31,422511929,31782844,133,422511796,7,44,51,643485335,422547776,1066033111,10,1066033377,266,0,276,1066033111,327618,0,327618,4164192.88,0.00,4164191.84,3944731159.99,6521741567.65,0.00,0.00
18446744069545.31,422635233,31659541,133,422635100,7,44,51,643784435,422671077,1066455512,10,1066455778,266,0,276,1066455512,422401,0,422401,4165842.88,0.00,4165841.84,3944731159.99,6521741567.65,0.00,0.00
18446744069547.31,422726041,31568733,133,422725908,7,44,51,644120611,422761899,1066882510,10,1066882776,266,0,276,1066882510,426998,0,426998,4167510.84,0.00,4167509.80,3944731159.99,6521741567.65,0.00,0.00
18446744069549.31,422752643,31542131,133,422752510,7,44,51,644273422,422788501,1067061923,10,1067062189,266,0,276,1067061923,179413,0,179413,4168211.68,0.00,4168210.64,3944748368.92,6521741567.65,17208.93,0.00
18446744069551.31,422795623,31499151,133,422795490,7,44,51,644401384,422831657,1067233041,10,1067233307,266,0,276,1067233041,171118,0,171118,4168880.11,0.00,4168879.07,3944748368.92,6521741567.65,0.00,0.00
18446744069553.31,422864646,31430128,133,422864513,7,44,51,644488121,422900769,1067388890,10,1067389156,266,0,276,1067388890,155849,0,155849,4169488.89,0.00,4169487.85,3944748368.92,6521741567.65,0.00,0.00
18446744069555.31,422940312,31354462,133,422940179,7,44,51,644546877,422976436,1067523313,10,1067523579,266,0,276,1067523313,134423,0,134423,4170013.98,0.00,4170012.94,3944748368.92,6521741567.65,0.00,0.00
18446744069557.31,423009229,31285545,133,423009096,7,44,51,644724669,423045299,1067769968,10,1067770234,266,0,276,1067769968,246655,0,246655,4170977.48,0.00,4170976.44,3944748368.92,6521741567.65,0.00,0.00
18446744069559.31,423257293,31037481,133,423257160,7,44,51,644782770,423293452,1068076222,10,1068076488,266,0,276,1068076222,306254,0,306254,4172173.78,0.00,4172172.74,3944748368.92,6521741567.65,0.00,0.00
18446744069561.31,423477881,30816893,133,423477748,7,44,51,644885174,423514000,1068399174,10,1068399440,266,0,276,1068399174,322952,0,322952,4173435.31,0.00,4173434.27,3944753924.33,6521741567.65,5555.41,0.00
18446744069563.31,423677825,30616949,133,423677692,7,44,51,645023033,423713980,1068737013,10,1068737279,266,0,276,1068737013,337839,0,337839,4174755.00,0.00,4174753.96,3944753924.33,6521741567.65,0.00,0.00
18446744069565.31,423828079,30466695,133,423827946,7,44,51,645257905,423864356,1069122261,10,1069122527,266,0,276,1069122261,385248,0,385248,4176259.87,0.00,4176258.83,3944753924.33,6521741567.65,0.00,0.00
18446744069567.31,423953374,30341400,133,423953241,7,44,51,645539163,423989751,1069528914,10,1069529180,266,0,276,1069528914,406653,0,406653,4177848.36,0.00,4177847.32,3944753924.33,6521741567.65,0.00,0.00
18446744069569.31,424078982,30215792,133,424078849,7,44,51,645820145,424115375,1069935520,10,1069935786,266,0,276,1069935520,406606,0,406606,4179436.66,0.00,4179435.62,3944753924.33,6521741567.65,0.00,0.00
18446744069571.31,424287217,30007557,133,424287084,7,44,51,645952846,424323622,1070276468,10,1070276734,266,0,276,1070276468,340948,0,340948,4180768.49,0.00,4180767.45,3944753924.33,6521741567.65,0.00,0.00
18446744069573.31,424431817,29862957,133,424431684,7,44,51,646203971,424468167,1070672138,10,1070672405,266,0,276,1070672138,395671,0,395670,4182314.08,0.00,4182313.04,3944753924.33,6521741567.65,0.00,0.00
18446744069575.31,424524089,29770685,133,424523956,7,44,51,646285297,424560500,1070845797,10,1070846063,266,0,276,1070845797,173658,0,173659,4182992.43,0.00,4182991.39,3944753924.33,6521741567.65,0.00,0.00
18446744069577.31,424572916,29721858,133,424572783,7,44,51,646395713,424609323,1071005036,10,1071005302,266,0,276,1071005036,159239,0,159239,4183614.46,0.00,4183613.42,3944770799.25,6521741567.65,16874.92,0.00
18446744069579.31,424682435,29612339,133,424682302,7,44,51,646397077,424718843,1071115920,10,1071116186,266,0,276,1071115920,110884,0,110884,4184047.60,0.00,4184046.56,3944770799.25,6521741567.65,0.00,0.00
18446744069581.31,424771659,29523115,133,424771526,7,44,51,646425402,424808078,1071233480,10,1071233746,266,0,276,1071233480,117560,0,117560,4184506.82,0.00,4184505.78,3944770799.25,6521741567.65,0.00,0.00
18446744069583.31,424821745,29473029,133,424821612,7,44,51,646530537,424858106,1071388643,10,1071388909,266,0,276,1071388643,155163,0,155163,4185112.93,0.00,4185111.89,3944770799.25,6521741567.65,0.00,0.00
18446744069585.31,424928825,29365949,133,424928692,7,44,51,646830293,424965257,1071795550,10,1071795816,266,0,276,1071795550,406907,0,406907,4186702.41,0.00,4186701.37,3944770799.25,6521741567.65,0.00,0.00
18446744069587.31,425058335,29236439,133,425058202,7,44,51,647111671,425095049,1072206720,10,1072206986,266,0,276,1072206720,411170,0,411170,4188308.54,0.00,4188307.50,3944775043.11,6521741567.65,4243.87,0.00
18446744069589.31,425222574,29072200,133,425222441,7,44,51,647309499,425259320,1072568819,10,1072569085,266,0,276,1072568819,362099,0,362099,4189722.99,0.00,4189721.95,3944775043.11,6521741567.65,0.00,0.00
18446744069591.31,425369113,28925661,133,425368980,7,44,51,647556862,425405820,1072962682,10,1072962948,266,0,276,1072962682,393863,0,393863,4191261.52,0.00,4191260.48,3944775043.11,6521741567.65,0.00,0.00
18446744069593.31,425548097,28746677,133,425547964,7,44,51,647723121,425584812,1073307933,10,1073308199,266,0,276,1073307933,345251,0,345251,4192610.15,0.00,4192609.11,3944775043.11,6521741567.65,0.00,0.00
18446744069595.31,425770299,28524475,133,425770166,7,44,51,647790715,425807028,1073597743,10,1073598009,266,0,276,1073597743,289810,0,289810,4193742.22,0.00,4193741.18,3944775043.11,6521741567.65,0.00,0.00
18446744069597.31,425894633,28400141,133,425894500,7,44,51,648060439,425931375,1073991814,10,1073992081,266,0,276,1073991814,394072,0,394071,4195281.57,0.00,4195280.52,3944775043.11,6521741567.65,0.00,0.00
18446744069599.31,426079321,28215453,133,426079188,7,44,51,648207264,426116063,1074323327,10,1074323593,266,0,276,1074323327,331512,0,331513,4196576.54,0.00,4196575.50,3944775043.11,6521741567.65,0.00,0.00
18446744069601.31,426188649,28106125,133,426188516,7,44,51,648382631,426225409,1074608040,10,1074608306,266,0,276,1074608040,284713,0,284713,4197688.70,0.00,4197687.66,3944775043.11,6521741567.65,0.00,0.00
18446744069603.31,426239001,28055773,133,426238868,7,44,51,648497197,426275761,1074772958,10,1074773224,266,0,276,1074772958,164918,0,164918,4198332.91,0.00,4198331.87,3944791506.20,6521741567.65,16463.08,0.00
18446744069605.31,426316303,27978471,133,426316170,7,44,51,648557139,426353122,1074910261,10,1074910527,266,0,276,1074910261,137303,0,137303,4198869.25,0.00,4198868.21,3944791506.20,6521741567.65,0.00,0.00
18446744069607.31,426379724,27915050,133,426379591,7,44,51,648637735,426416548,1075054283,10,1075054549,266,0,276,1075054283,144022,0,144022,4199431.83,0.00,4199430.79,3944791506.20,6521741567.65,0.00,0.00
18446744069609.31,426451583,27843191,133,426451450,7,44,51,648706099,426488408,1075194507,10,1075194773,266,0,276,1075194507,140224,0,140224,4199979.58,0.00,4199978.54,3944791506.20,6521741567.65,0.00,0.00
18446744069611.31,426581659,27713115,133,426581526,7,44,51,648758571,426618487,1075377058,10,1075377324,266,0,276,1075377058,182551,0,182551,4200692.67,0.00,4200691.63,3944791506.20,6521741567.65,0.00,0.00
18446744069613.31,426704605,27590169,133,426704472,7,44,51,649020350,426741431,1075761781,10,1075762047,266,0,276,1075761781,384723,0,384723,4202195.50,0.00,4202194.46,3944791506.20,6521741567.65,0.00,0.00
18446744069615.31,426833550,27461223,133,426833417,7,44,51,649281718,426870495,1076152213,10,1076152479,266,0,276,1076152213,390432,0,390432,4203720.62,0.00,4203719.58,3944797582.45,6521741567.65,6076.25,0.00
18446744069617.31,426944886,27349888,133,426944753,7,44,51,649567403,426981947,1076549350,10,1076549616,266,0,276,1076549350,397137,0,397137,4205271.94,0.00,4205270.90,3944797582.45,6521741567.65,0.00,0.00
18446744069619.31,427112598,27182176,133,427112465,7,44,51,649761114,427149825,1076910939,10,1076911205,266,0,276,1076910939,361589,0,361589,4206684.39,0.00,4206683.36,3944797582.45,6521741567.65,0.00,0.00
18446744069621.31,427351717,26943057,133,427351584,7,44,51,649811976,427388960,1077200936,10,1077201202,266,0,276,1077200936,289997,0,289997,4207817.20,0.00,4207816.16,3944797582.45,6521741567.65,0.00,0.00
18446744069623.31,427544267,26750507,133,427544134,7,44,51,649948542,427581508,1077530050,10,1077530316,266,0,276,1077530050,329114,0,329114,4209102.80,0.00,4209101.76,3944797582.45,6521741567.65,0.00,0.00
18446744069625.31,427769833,26524941,133,427769700,7,44,51,650008474,427807093,1077815567,10,1077815833,266,0,276,1077815567,285517,0,285517,4210218.10,0.00,4210217.06,3944797582.45,6521741567.65,0.00,0.00
18446744069627.31,427969973,26324801,133,427969840,7,44,51,650140169,428007223,1078147392,10,1078147658,266,0,276,1078147392,331825,0,331825,4211514.29,0.00,4211513.25,3944797582.45,6521741567.65,0.00,0.00
18446744069629.31,428013405,26281369,133,428013272,7,44,51,650326768,428050678,1078377446,10,1078377712,266,0,276,1078377446,230054,0,230054,4212412.94,0.00,4212411.90,3944797582.45,6521741567.65,0.00,0.00
18446744069631.31,428044894,26249880,133,428044761,7,44,51,650470662,428082382,1078553044,10,1078553310,266,0,276,1078553044,175598,0,175598,4213098.87,0.00,4213097.83,3944813836.59,6521741567.65,16254.14,0.00
18446744069633.31,428072473,26222301,133,428072340,7,44,51,650625711,428109923,1078735634,10,1078735900,266,0,276,1078735634,182590,0,182590,4213812.11,0.00,4213811.07,3944813836.59,6521741567.65,0.00,0.00
18446744069635.31,428136521,26158253,133,428136388,7,44,51,650690533,428174036,1078864569,10,1078864835,266,0,276,1078864569,128935,0,128935,4214315.76,0.00,4214314.72,3944813836.59,6521741567.65,0.00,0.00
18446744069637.31,428216277,26078497,133,428216144,7,44,51,650719203,428253748,1078972951,10,1078973217,266,0,276,1078972951,108382,0,108382,4214739.13,0.00,4214738.09,3944813836.59,6521741567.65,0.00,0.00
18446744069639.31,428386633,25908141,133,428386500,7,44,51,650785880,428424153,1079210033,10,1079210299,266,0,276,1079210033,237082,0,237082,4215665.23,0.00,4215664.19,3944813836.59,6521741567.65,0.00,0.00
18446744069641.31,428544564,25750210,133,428544431,7,44,51,650985760,428582098,1079567858,10,1079568124,266,0,276,1079567858,357825,0,357825,4217062.98,0.00,4217061.95,3944818598.31,6521741567.65,4761.72,0.00
18446744069643.31,428679956,25614818,133,428679823,7,44,51,651243544,428717507,1079961051,10,1079961317,266,0,276,1079961051,393193,0,393193,4218598.89,0.00,4218597.86,3944818598.31,6521741567.65,0.00,0.00
18446744069645.31,428888049,25406725,133,428887916,7,44,51,651352588,428925591,1080278179,10,1080278445,266,0,276,1080278179,317128,0,317128,4219837.68,0.00,4219836.64,3944818598.31,6521741567.65,0.00,0.00
18446744069647.31,429109394,25185380,133,429109261,7,44,51,651424279,429146954,1080571233,10,1080571499,266,0,276,1080571233,293054,0,293054,4220982.42,0.00,4220981.38,3944818598.31,6521741567.65,0.00,0.00
18446744069649.31,429345496,24949278,133,429345363,7,44,51,651471396,429383071,1080854467,10,1080854733,266,0,276,1080854467,283234,0,283234,4222088.80,0.00,4222087.76,3944818598.31,6521741567.65,0.00,0.00
18446744069651.31,429503985,24790789,133,429503852,7,44,51,651656172,429541739,1081197911,10,1081198177,266,0,276,1081197911,343444,0,343444,4223430.38,0.00,4223429.34,3944818598.31,6521741567.65,0.00,0.00
18446744069653.31,429663016,24631758,133,429662883,7,44,51,651852266,429701075,1081553341,10,1081553607,266,0,276,1081553341,355430,0,355430,4224818.78,0.00,4224817.74,3944818598.31,6521741567.65,0.00,0.00
18446744069655.31,429703057,24591717,133,429702924,7,44,51,652076056,429741081,1081817137,10,1081817403,266,0,276,1081817137,263796,0,263796,4225849.23,0.00,4225848.19,3944818598.31,6521741567.65,0.00,0.00
18446744069657.31,429739643,24555131,133,429739510,7,44,51,652194860,429777753,1081972613,10,1081972879,266,0,276,1081972613,155476,0,155476,4226456.56,0.00,4226455.52,3944833726.66,6521741567.65,15128.35,0.00
18446744069659.31,429828954,24465820,133,429828821,7,44,51,652225159,429867046,1082092205,10,1082092471,266,0,276,1082092205,119592,0,119592,4226923.71,0.00,4226922.68,3944833726.66,6521741567.65,0.00,0.00
18446744069661.31,429843247,24451527,133,429843114,7,44,51,652400205,429881351,1082281556,10,1082281822,266,0,276,1082281556,189351,0,189351,4227663.37,0.00,4227662.33,3944833726.66,6521741567.65,0.00,0.00
18446744069663.31,429884879,24409895,133,429884746,7,44,51,652515839,429922991,1082438830,10,1082439096,266,0,276,1082438830,157274,0,157274,4228277.72,0.00,4228276.68,3944833726.66,6521741567.65,0.00,0.00
18446744069665.31,429957654,24337120,133,429957521,7,44,51,652783781,429995881,1082779662,10,1082779928,266,0,276,1082779662,340832,0,340832,4229609.09,0.00,4229608.05,3944833726.66,6521741567.65,0.00,0.00
18446744069667.31,430160961,24133813,133,430160828,7,44,51,652888302,430199200,1083087502,10,1083087768,266,0,276,1083087502,307840,0,307840,4230811.59,0.00,4230810.55,3944838644.46,6521741567.65,4917.80,0.00
18446744069669.31,430297089,23997685,133,430296956,7,44,51,653115287,430335603,1083450890,10,1083451156,266,0,276,1083450890,363388,0,363388,4232231.08,0.00,4232230.04,3944838644.46,6521741567.65,0.00,0.00
18446744069671.31,430439881,23854893,133,430439748,7,44,51,653337594,430478329,1083815923,10,1083816189,266,0,276,1083815923,365033,0,365033,4233656.99,0.00,4233655.95,3944838644.46,6521741567.65,0.00,0.00
18446744069673.31,430584471,23710303,133,430584338,7,44,51,653550826,430623100,1084173926,10,1084174192,266,0,276,1084173926,358003,0,358003,4235055.44,0.00,4235054.40,3944838644.46,6521741567.65,0.00,0.00
18446744069675.31,430771181,23523593,133,430771048,7,44,51,653692913,430809932,1084502845,10,1084503111,266,0,276,1084502845,328919,0,328919,4236340.28,0.00,4236339.24,3944838644.46,6521741567.65,0.00,0.00
18446744069677.31,430892465,23402309,133,430892332,7,44,51,653966058,430931449,1084897507,10,1084897773,266,0,276,1084897507,394662,0,394662,4237881.93,0.00,4237880.89,3944838644.46,6521741567.65,0.00,0.00
18446744069679.31,431090430,23204344,133,431090297,7,44,51,654079620,431129477,1085209097,10,1085209363,266,0,276,1085209097,311590,0,311590,4239099.07,0.00,4239098.04,3944838644.46,6521741567.65,0.00,0.00
18446744069681.31,431162134,23132640,133,431162001,7,44,51,654244704,431201373,1085446077,10,1085446343,266,0,276,1085446077,236980,0,236980,4240024.78,0.00,4240023.74,3944838644.46,6521741567.65,0.00,0.00
18446744069683.31,431227803,23066971,133,431227670,7,44,51,654297499,431267011,1085564510,10,1085564776,266,0,276,1085564510,118433,0,118433,4240487.41,0.00,4240486.37,3944853598.11,6521741567.65,14953.65,0.00
18446744069685.31,431278982,23015792,133,431278849,7,44,51,654389171,431318298,1085707469,10,1085707735,266,0,276,1085707469,142959,0,142959,4241045.84,0.00,4241044.80,3944853598.11,6521741567.65,0.00,0.00
18446744069687.31,431294504,23000270,133,431294371,7,44,51,654543458,431333827,1085877285,10,1085877551,266,0,276,1085877285,169816,0,169816,4241709.18,0.00,4241708.14,3944853598.11,6521741567.65,0.00,0.00
18446744069689.31,431318017,22976757,133,431317884,7,44,51,654701876,431357561,1086059437,10,1086059703,266,0,276,1086059437,182152,0,182152,4242420.71,0.00,4242419.68,3944853598.11,6521741567.65,0.00,0.00
18446744069691.31,431397009,22897765,133,431396876,7,44,51,655006757,431436643,1086443400,10,1086443666,266,0,276,1086443400,383963,0,383963,4243920.57,0.00,4243919.53,3944853598.11,6521741567.65,0.00,0.00
18446744069693.31,431455215,22839559,133,431455082,7,44,51,655388600,431494951,1086883551,10,1086883817,266,0,276,1086883551,440151,0,440151,4245639.91,0.00,4245638.87,3944858617.72,6521741567.65,5019.61,0.00
18446744069695.31,431575257,22719517,133,431575124,7,44,51,655673564,431614940,1087288504,10,1087288770,266,0,276,1087288504,404953,0,404953,4247221.76,0.00,4247220.72,3944858617.72,6521741567.65,0.00,0.00
18446744069697.31,431797375,22497399,133,431797242,7,44,51,655749776,431837117,1087586893,10,1087587159,266,0,276,1087586893,298389,0,298389,4248387.34,0.00,4248386.30,3944858617.72,6521741567.65,0.00,0.00
18446744069699.31,431997288,22297486,133,431997155,7,44,51,655876580,432037034,1087913614,10,1087913880,266,0,276,1087913614,326721,0,326721,4249663.59,0.00,4249662.55,3944858617.72,6521741567.65,0.00,0.00
18446744069701.31,432190841,22103933,133,432190708,7,44,51,656016068,432230592,1088246660,10,1088246926,266,0,276,1088246660,333046,0,333046,4250964.55,0.00,4250963.52,3944858617.72,6521741567.65,0.00,0.00
18446744069703.31,432383483,21911291,133,432383350,7,44,51,656141826,432423237,1088565063,10,1088565329,266,0,276,1088565063,318403,0,318403,4252208.32,0.00,4252207.28,3944858617.72,6521741567.65,0.00,0.00
18446744069705.31,432618723,21676051,133,432618590,7,44,51,656168510,432658515,1088827025,10,1088827291,266,0,276,1088827025,261962,0,261962,4253231.61,0.00,4253230.57,3944858617.72,6521741567.65,0.00,0.00
18446744069707.31,432823333,21471441,133,432823200,7,44,51,656188569,432863166,1089051735,10,1089052001,266,0,276,1089051735,224710,0,224710,4254109.38,0.00,4254108.34,3944858617.72,6521741567.65,0.00,0.00
18446744069709.31,432907476,21387298,133,432907343,7,44,51,656212295,432947301,1089159596,10,1089159862,266,0,276,1089159596,107861,0,107861,4254530.71,0.00,4254529.67,3944874733.59,6521741567.65,16115.87,0.00
18446744069711.31,432980489,21314285,133,432980356,7,44,51,656250998,433020252,1089271250,10,1089271516,266,0,276,1089271250,111654,0,111654,4254966.86,0.00,4254965.82,3944874733.59,6521741567.65,0.00,0.00
18446744069713.31,433069359,21225415,133,433069226,7,44,51,656265925,433109188,1089375113,10,1089375379,266,0,276,1089375113,103863,0,103863,4255372.57,0.00,4255371.54,3944874733.59,6521741567.65,0.00,0.00
18446744069715.31,433160427,21134347,133,433160294,7,44,51,656272878,433200277,1089473155,10,1089473421,266,0,276,1089473155,98042,0,98042,4255755.55,0.00,4255754.51,3944874733.59,6521741567.65,0.00,0.00
18446744069717.31,433318636,20976138,133,433318503,7,44,51,656372398,433358480,1089730878,10,1089731144,266,0,276,1089730878,257723,0,257723,4256762.28,0.00,4256761.24,3944874733.59,6521741567.65,0.00,0.00
18446744069719.31,433526938,20767836,133,433526805,7,44,51,656474802,433566781,1090041583,10,1090041849,266,0,276,1090041583,310705,0,310705,4257975.97,0.00,4257974.93,3944878960.12,6521741567.65,4226.53,0.00
18446744069721.31,433764549,20530225,133,433764416,7,44,51,656515408,433804395,1090319803,10,1090320069,266,0,276,1090319803,278220,0,278220,4259062.77,0.00,4259061.73,3944878960.12,6521741567.65,0.00,0.00
18446744069723.31,433994968,20299806,133,433994835,7,44,51,656573482,434034816,1090608298,10,1090608564,266,0,276,1090608298,288495,0,288495,4260189.70,0.00,4260188.66,3944878960.12,6521741567.65,0.00,0.00
18446744069725.31,434236331,20058443,133,434236198,7,44,51,656617425,434276179,1090893604,10,1090893870,266,0,276,1090893604,285306,0,285306,4261304.18,0.00,4261303.14,3944878960.12,6521741567.65,0.00,0.00
18446744069727.31,434449938,19844836,133,434449805,7,44,51,656686305,434489786,1091176091,10,1091176357,266,0,276,1091176091,282487,0,282487,4262407.64,0.00,4262406.61,3944878960.12,6521741567.65,0.00,0.00
18446744069729.31,434660150,19634624,133,434660017,7,44,51,656759612,434700011,1091459623,10,1091459889,266,0,276,1091459623,283532,0,283532,4263515.19,0.00,4263514.15,3944878960.12,6521741567.65,0.00,0.00
18446744069731.31,434889075,19405699,133,434888942,7,44,51,656812000,434928927,1091740927,10,1091741193,266,0,276,1091740927,281304,0,281304,4264614.04,0.00,4264613.00,3944878960.12,6521741567.65,0.00,0.00
18446744069733.31,435062608,19232166,133,435062475,7,44,51,656920976,435102482,1092023458,10,1092023724,266,0,276,1092023458,282531,0,282531,4265717.67,0.00,4265716.63,3944878960.12,6521741567.65,0.00,0.00
18446744069735.31,435134272,19160502,133,435134139,7,44,51,656983292,435174161,1092157453,10,1092157719,266,0,276,1092157453,133995,0,133995,4266241.09,0.00,4266240.05,3944894932.96,6521741567.65,15972.84,0.00
18446744069737.31,435216002,19078772,133,435215869,7,44,51,657010488,435255869,1092266357,10,1092266623,266,0,276,1092266357,108904,0,108904,4266666.50,0.00,4266665.46,3944894932.96,6521741567.65,0.00,0.00
18446744069739.31,435245540,19049234,133,435245407,7,44,51,657143940,435285392,1092429332,10,1092429598,266,0,276,1092429332,162975,0,162975,4267303.12,0.00,4267302.08,3944894932.96,6521741567.65,0.00,0.00
18446744069741.31,435278776,19015998,133,435278643,7,44,51,657263322,435318696,1092582018,10,1092582284,266,0,276,1092582018,152686,0,152686,4267899.55,0.00,4267898.51,3944894932.96,6521741567.65,0.00,0.00
18446744069743.31,435333417,18961357,133,435333284,7,44,51,657438516,435373274,1092811790,10,1092812056,266,0,276,1092811790,229772,0,229772,4268797.09,0.00,4268796.05,3944894932.96,6521741567.65,0.00,0.00
18446744069745.31,435474746,18820028,133,435474613,7,44,51,657664116,435514669,1093178785,10,1093179051,266,0,276,1093178785,366995,0,366995,4270230.67,0.00,4270229.63,3944894932.96,6521741567.65,0.00,0.00
18446744069747.31,435585529,18709245,133,435585396,7,44,51,657963023,435625420,1093588443,10,1093588709,266,0,276,1093588443,409658,0,409658,4271830.89,0.00,4271829.86,3944899861.26,6521741567.65,4928.30,0.00
18446744069749.31,435702721,18592053,133,435702588,7,44,51,658262304,435742856,1094005160,10,1094005426,266,0,276,1094005160,416717,0,416717,4273458.70,0.00,4273457.66,3944899861.26,6521741567.65,0.00,0.00
18446744069751.31,435886013,18408761,133,435885880,7,44,51,658483253,435926368,1094409621,10,1094409887,266,0,276,1094409621,404461,0,404461,4275038.62,0.00,4275037.58,3944899861.26,6521741567.65,0.00,0.00
18446744069753.31,436079397,18215377,133,436079264,7,44,51,658702770,436119868,1094822638,10,1094822905,266,0,276,1094822638,413018,0,413017,4276651.97,0.00,4276650.93,3944899861.26,6521741567.65,0.00,0.00
18446744069755.31,436249792,18044982,133,436249659,7,44,51,658935238,436290328,1095225566,10,1095225832,266,0,276,1095225566,402927,0,402928,4278225.91,0.00,4278224.87,3944899861.26,6521741567.65,0.00,0.00
18446744069757.31,436491355,17803419,133,436491222,7,44,51,658983236,436531900,1095515136,10,1095515402,266,0,276,1095515136,289570,0,289570,4279357.04,0.00,4279356.00,3944899861.26,6521741567.65,0.00,0.00
18446744069759.31,436696761,17598013,134,436696627,7,44,51,659085708,436737307,1095823015,10,1095823281,266,0,276,1095823015,307879,0,307879,4280559.69,0.00,4280558.65,3944899861.26,6521741567.65,0.00,0.00
18446744069761.31,436836425,17458349,133,436836292,7,44,51,659226318,436876917,1096103235,10,1096103501,266,0,276,1096103235,280220,0,280220,4281654.30,0.00,4281653.26,3944899861.26,6521741567.65,0.00,0.00
18446744069763.31,436903201,17391573,133,436903068,7,44,51,659278079,436943720,1096221799,10,1096222065,266,0,276,1096221799,118564,0,118564,4282117.44,0.00,4282116.40,3944917972.86,6521741567.65,18111.60,0.00
18446744069765.31,436981879,17312895,133,436981746,7,44,51,659316419,437022486,1096338905,10,1096339171,266,0,276,1096338905,117106,0,117106,4282574.89,0.00,4282573.85,3944917972.86,6521741567.65,0.00,0.00
18446744069767.31,437015629,17279145,133,437015496,7,44,51,659441187,437056195,1096497382,10,1096497648,266,0,276,1096497382,158477,0,158477,4283193.94,0.00,4283192.90,3944919486.75,6522993405.04,1513.89,1251837.39
18446744069769.31,437053977,17240797,133,437053844,7,44,51,659546772,437094541,1096641313,10,1096641579,266,0,276,1096641313,143931,0,143931,4283756.17,0.00,4283755.13,3944919486.75,6522993405.04,0.00,0.00
18446744069771.31,437104293,17190481,133,437104160,7,44,51,659852140,437144923,1096997063,10,1096997329,266,0,276,1096997063,355750,0,355750,4285145.82,0.00,4285144.78,3944919486.75,6522993405.04,0.00,0.00
18446744069773.31,437298218,16996556,133,437298085,7,44,51,659970920,437339031,1097309951,10,1097310217,266,0,276,1097309951,312888,0,312888,4286368.04,0.00,4286367.00,3944922123.92,6522993405.04,2637.17,0.00
18446744069775.31,437478657,16816117,133,437478524,7,44,51,660124213,437519551,1097643764,10,1097644030,266,0,276,1097643764,333813,0,333813,4287671.99,0.00,4287670.95,3944922123.92,6522993405.04,0.00,0.00
18446744069777.31,437604889,16689885,133,437604756,7,44,51,660357289,437645941,1098003230,10,1098003496,266,0,276,1098003230,359466,0,359466,4289076.16,0.00,4289075.12,3944922123.92,6522993405.04,0.00,0.00
18446744069779.31,437746841,16547933,133,437746708,7,44,51,660599251,437788001,1098387252,10,1098387518,266,0,276,1098387252,384022,0,384022,4290576.24,0.00,4290575.20,3944922123.92,6522993405.04,0.00,0.00
18446744069781.31,437872534,16422240,133,437872401,7,44,51,660840535,437913882,1098754417,10,1098754683,266,0,276,1098754417,367165,0,367165,4292010.48,0.00,4292009.44,3944922123.92,6522993405.04,0.00,0.00
18446744069783.31,438017423,16277351,133,438017290,7,44,51,661045518,438058861,1099104379,10,1099104646,266,0,276,1099104379,349963,0,349962,4293377.52,0.00,4293376.48,3944922123.92,6522993405.04,0.00,0.00
18446744069785.31,438109755,16185019,133,438109622,7,44,51,661356809,438151322,1099508131,10,1099508397,266,0,276,1099508131,403751,0,403752,4294954.68,0.00,4294953.64,3944922123.92,6522993405.04,0.00,0.00
18446744069787.31,438179737,16115037,133,438179604,7,44,51,661518592,438221349,1099739941,10,1099740207,266,0,276,1099739941,231810,0,231810,4295860.18,0.00,4295859.14,3944922123.92,6522993405.04,0.00,0.00
18446744069789.31,438185649,16109125,133,438185516,7,44,51,661690812,438227394,1099918206,10,1099918472,266,0,276,1099918206,178265,0,178265,4296556.53,0.00,4296555.49,3944936870.86,6522993405.04,14746.95,0.00
18446744069791.31,438195201,16099573,133,438195068,7,44,51,661867262,438236983,1100104245,10,1100104511,266,0,276,1100104245,186039,0,186039,4297283.25,0.00,4297282.21,3944936870.86,6522993405.04,0.00,0.00
18446744069793.31,438229177,16065597,133,438229044,7,44,51,661989873,438271016,1100260889,10,1100261155,266,0,276,1100260889,156644,0,156644,4297895.14,0.00,4297894.10,3944936870.86,6522993405.04,0.00,0.00
18446744069795.31,438268284,16026490,133,438268151,7,44,51,662099291,438310192,1100409483,10,1100409749,266,0,276,1100409483,148594,0,148594,4298475.58,0.00,4298474.54,3944936870.86,6522993405.04,0.00,0.00
18446744069797.31,438406216,15888558,133,438406083,7,44,51,662297376,438448127,1100745503,10,1100745769,266,0,276,1100745503,336020,0,336020,4299788.16,0.00,4299787.12,3944936870.86,6522993405.04,0.00,0.00
18446744069799.31,438489769,15805005,133,438489636,7,44,51,662671504,438531787,1101203291,10,1101203557,266,0,276,1101203291,457788,0,457788,4301576.39,0.00,4301575.36,3944941814.09,6522993405.04,4943.22,0.00
18446744069801.31,438536313,15758461,133,438536180,7,44,51,663134243,438578333,1101712576,10,1101712842,266,0,276,1101712576,509285,0,509285,4303565.79,0.00,4303564.75,3944941814.09,6522993405.04,0.00,0.00
18446744069803.31,438554433,15740341,133,438554300,7,44,51,663641723,438596463,1102238186,10,1102238452,266,0,276,1102238186,525610,0,525610,4305618.95,0.00,4305617.91,3944941814.09,6522993405.04,0.00,0.00
18446744069805.31,438554757,15740017,133,438554624,7,44,51,664165010,438596791,1102761801,10,1102762067,266,0,276,1102761801,523615,0,523615,4307664.32,0.00,4307663.29,3944941814.09,6522993405.04,0.00,0.00
18446744069807.31,438669913,15624861,133,438669780,7,44,51,664422581,438711945,1103134526,10,1103134792,266,0,276,1103134526,372725,0,372725,4309120.28,0.00,4309119.24,3944941814.09,6522993405.04,0.00,0.00
18446744069809.31,438896596,15398178,133,438896463,7,44,51,664567615,438938688,1103506303,10,1103506569,266,0,276,1103506303,371777,0,371777,4310572.54,0.00,4310571.50,3944941814.09,6522993405.04,0.00,0.00
18446744069811.31,439057773,15237001,133,439057640,7,44,51,664834329,439099883,1103934212,10,1103934478,266,0,276,1103934212,427909,0,427909,4312244.05,0.00,4312243.02,3944941814.09,6522993405.04,0.00,0.00
18446744069813.31,439218825,15075949,133,439218692,7,44,51,664995380,439260898,1104256278,10,1104256544,266,0,276,1104256278,322066,0,322066,4313502.12,0.00,4313501.09,3944941814.09,6522993405.04,0.00,0.00
18446744069815.31,439305673,14989101,133,439305540,7,44,51,665022042,439347790,1104369832,10,1104370098,266,0,276,1104369832,113554,0,113554,4313945.70,0.00,4313944.66,3944959106.93,6522993405.04,17292.85,0.00
18446744069817.31,439353599,14941175,133,439353466,7,44,51,665132037,439395703,1104527740,10,1104528006,266,0,276,1104527740,157908,0,157908,4314562.52,0.00,4314561.48,3944959106.93,6522993405.04,0.00,0.00
18446744069819.31,439354965,14939809,133,439354832,7,44,51,665324505,439397125,1104721630,10,1104721896,266,0,276,1104721630,193890,0,193890,4315319.91,0.00,4315318.87,3944959106.93,6522993405.04,0.00,0.00
18446744069821.31,439412165,14882609,133,439412032,7,44,51,665388714,439454425,1104843139,10,1104843405,266,0,276,1104843139,121509,0,121509,4315794.55,0.00,4315793.51,3944959106.93,6522993405.04,0.00,0.00
18446744069823.31,439519953,14774821,133,439519820,7,44,51,665604614,439562283,1105166897,10,1105167163,266,0,276,1105166897,323758,0,323758,4317059.23,0.00,4317058.19,3944959106.93,6522993405.04,0.00,0.00
18446744069825.31,439668518,14626256,133,439668385,7,44,51,665806993,439711041,1105518034,10,1105518300,266,0,276,1105518034,351137,0,351137,4318430.86,0.00,4318429.82,3944963510.39,6522993405.04,4403.45,0.00
18446744069827.31,439873513,14421261,133,439873380,7,44,51,665888010,439916003,1105804013,10,1105804279,266,0,276,1105804013,285979,0,285979,4319547.96,0.00,4319546.93,3944963510.39,6522993405.04,0.00,0.00
18446744069829.31,440066057,14228717,133,440065924,7,44,51,665978035,440108684,1106086719,10,1106086985,266,0,276,1106086719,282706,0,282706,4320652.29,0.00,4320651.25,3944963510.39,6522993405.04,0.00,0.00
18446744069831.31,440266924,14027850,133,440266791,7,44,51,666070967,440309541,1106380508,10,1106380774,266,0,276,1106380508,293789,0,293789,4321799.90,0.00,4321798.86,3944963510.39,6522993405.04,0.00,0.00
18446744069833.31,440381729,13913045,133,440381596,7,44,51,666351269,440424424,1106775693,10,1106775959,266,0,276,1106775693,395185,0,395185,4323343.59,0.00,4323342.55,3944963510.39,6522993405.04,0.00,0.00
18446744069835.31,440496068,13798706,133,440495935,7,44,51,666604554,440539017,1107143571,10,1107143837,266,0,276,1107143571,367878,0,367878,4324780.61,0.00,4324779.57,3944963510.39,6522993405.04,0.00,0.00
18446744069837.31,440625249,13669525,133,440625116,7,44,51,666839412,440668261,1107507673,10,1107507940,266,0,276,1107507673,364103,0,364102,4326202.89,0.00,4326201.85,3944963510.39,6522993405.04,0.00,0.00
18446744069839.31,440723121,13571653,133,440722988,7,44,51,666883434,440766186,1107649620,10,1107649886,266,0,276,1107649620,141946,0,141947,4326757.37,0.00,4326756.33,3944963510.39,6522993405.04,0.00,0.00
18446744069841.31,440732871,13561903,133,440732738,7,44,51,667026568,440776153,1107802721,10,1107802987,266,0,276,1107802721,153101,0,153101,4327355.42,0.00,4327354.38,3944977934.94,6522993405.04,14424.55,0.00
18446744069843.31,440800019,13494755,133,440799886,7,44,51,667060424,440843260,1107903684,10,1107903950,266,0,276,1107903684,100963,0,100963,4327749.80,0.00,4327748.77,3944977934.94,6522993405.04,0.00,0.00
18446744069845.31,440871921,13422853,133,440871788,7,44,51,667102589,440915233,1108017822,10,1108018088,266,0,276,1108017822,114138,0,114138,4328195.66,0.00,4328194.62,3944977934.94,6522993405.04,0.00,0.00
18446744069847.31,440923785,13370989,133,440923652,7,44,51,667203756,440967035,1108170791,10,1108171057,266,0,276,1108170791,152969,0,152969,4328793.19,0.00,4328792.15,3944977934.94,6522993405.04,0.00,0.00
18446744069849.31,441029633,13265141,133,441029500,7,44,51,667459051,441072979,1108532030,10,1108532296,266,0,276,1108532030,361239,0,361239,4330204.28,0.00,4330203.24,3944977934.94,6522993405.04,0.00,0.00
18446744069851.31,441110232,13184542,133,441110099,7,44,51,667794079,441153672,1108947751,10,1108948017,266,0,276,1108947751,415721,0,415721,4331828.19,0.00,4331827.15,3944981677.75,6522993405.04,3742.81,0.00
18446744069853.31,441209838,13084936,133,441209705,7,44,51,668070236,441253302,1109323538,10,1109323804,266,0,276,1109323538,375787,0,375787,4333296.11,0.00,4333295.07,3944981677.75,6522993405.04,0.00,0.00
18446744069855.31,441335973,12958801,133,441335840,7,44,51,668305524,441379374,1109684898,10,1109685164,266,0,276,1109684898,361360,0,361360,4334707.67,0.00,4334706.63,3944981677.75,6522993405.04,0.00,0.00
18446744069857.31,441510633,12784141,133,441510500,7,44,51,668434174,441554089,1109988263,10,1109988529,266,0,276,1109988263,303365,0,303365,4335892.69,0.00,4335891.65,3944981677.75,6522993405.04,0.00,0.00
18446744069859.31,441620247,12674527,133,441620114,7,44,51,668710649,441663712,1110374361,10,1110374627,266,0,276,1110374361,386098,0,386098,4337400.89,0.00,4337399.85,3944981677.75,6522993405.04,0.00,0.00
18446744069861.31,441760351,12534423,133,441760218,7,44,51,668897155,441803835,1110700990,10,1110701256,266,0,276,1110700990,326629,0,326629,4338676.78,0.00,4338675.74,3944981677.75,6522993405.04,0.00,0.00
18446744069863.31,441928284,12366490,133,441928151,7,44,51,669020481,441971767,1110992248,10,1110992514,266,0,276,1110992248,291258,0,291258,4339814.51,0.00,4339813.47,3944981677.75,6522993405.04,0.00,0.00
18446744069865.31,441973521,12321253,133,441973388,7,44,51,669111711,442017050,1111128761,10,1111129027,266,0,276,1111128761,136513,0,136513,4340347.76,0.00,4340346.72,3944995761.54,6522993405.04,14083.79,0.00
18446744069867.31,441992329,12302445,133,441992196,7,44,51,669257535,442036004,1111293539,10,1111293805,266,0,276,1111293539,164778,0,164778,4340991.43,0.00,4340990.39,3944995761.54,6522993405.04,0.00,0.00
18446744069869.31,442033181,12261593,133,442033048,7,44,51,669365695,442076999,1111442694,10,1111442960,266,0,276,1111442694,149155,0,149155,4341574.06,0.00,4341573.02,3944995761.54,6522993405.04,0.00,0.00
18446744069871.31,442057189,12237585,133,442057056,7,44,51,669503433,442101078,1111604511,10,1111604777,266,0,276,1111604511,161817,0,161817,4342206.16,0.00,4342205.12,3944995761.54,6522993405.04,0.00,0.00
18446744069873.31,442066591,12228183,133,442066458,7,44,51,669688431,442110551,1111798982,10,1111799248,266,0,276,1111798982,194471,0,194471,4342965.81,0.00,4342964.77,3944995761.54,6522993405.04,0.00,0.00
18446744069875.31,442199309,12095465,133,442199176,7,44,51,669890252,442243228,1112133480,10,1112133746,266,0,276,1112133480,334498,0,334498,4344272.45,0.00,4344271.41,3944995761.54,6522993405.04,0.00,0.00
18446744069877.31,442333597,11961177,133,442333464,7,44,51,670103795,442377632,1112481427,10,1112481693,266,0,276,1112481427,347947,0,347947,4345631.61,0.00,4345630.57,3945000317.62,6522993405.04,4556.09,0.00
18446744069879.31,442438320,11856454,133,442438187,7,44,51,670388242,442482441,1112870683,10,1112870949,266,0,276,1112870683,389256,0,389256,4347152.14,0.00,4347151.11,3945000317.62,6522993405.04,0.00,0.00
18446744069881.31,442593021,11701753,133,442592888,7,44,51,670574115,442637236,1113211351,10,1113211617,266,0,276,1113211351,340668,0,340668,4348482.88,0.00,4348481.84,3945000317.62,6522993405.04,0.00,0.00
18446744069883.31,442787797,11506977,133,442787664,7,44,51,670692406,442832041,1113524447,10,1113524713,266,0,276,1113524447,313096,0,313096,4349705.91,0.00,4349704.87,3945000317.62,6522993405.04,0.00,0.00
18446744069885.31,442979257,11315517,133,442979124,7,44,51,670797673,443023477,1113821150,10,1113821416,266,0,276,1113821150,296703,0,296703,4350864.91,0.00,4350863.87,3945000317.62,6522993405.04,0.00,0.00
18446744069887.31,443179673,11115101,133,443179540,7,44,51,670863016,443223870,1114086886,10,1114087152,266,0,276,1114086886,265736,0,265736,4351902.94,0.00,4351901.90,3945000317.62,6522993405.04,0.00,0.00
18446744069889.31,443370588,10924186,133,443370455,7,44,51,670944125,443414858,1114358983,10,1114359249,266,0,276,1114358983,272097,0,272097,4352965.82,0.00,4352964.78,3945000317.62,6522993405.04,0.00,0.00
18446744069891.31,443457732,10837042,133,443457599,7,44,51,670962293,443501997,1114464290,10,1114464556,266,0,276,1114464290,105307,0,105307,4353377.17,0.00,4353376.13,3945014514.46,6522993405.04,14196.84,0.00
18446744069893.31,443537221,10757553,133,443537088,7,44,51,670997701,443581493,1114579194,10,1114579460,266,0,276,1114579194,114904,0,114904,4353826.02,0.00,4353824.98,3945014514.46,6522993405.04,0.00,0.00
18446744069895.31,443614401,10680373,133,443614268,7,44,51,671031325,443658671,1114689996,10,1114690262,266,0,276,1114689996,110802,0,110802,4354258.84,0.00,4354257.80,3945014514.46,6522993405.04,0.00,0.00
18446744069897.31,443689345,10605429,133,443689212,7,44,51,671066717,443733626,1114800343,10,1114800609,266,0,276,1114800343,110347,0,110347,4354689.88,0.00,4354688.84,3945014514.46,6522993405.04,0.00,0.00
18446744069899.31,443763593,10531181,133,443763460,7,44,51,671106106,443807811,1114913917,10,1114914183,266,0,276,1114913917,113574,0,113574,4355133.53,0.00,4355132.49,3945014514.46,6522993405.04,0.00,0.00
18446744069901.31,443872093,10422681,133,443871960,7,44,51,671321985,443916386,1115238371,10,1115238637,266,0,276,1115238371,324454,0,324454,4356400.93,0.00,4356399.89,3945014514.46,6522993405.04,0.00,0.00
18446744069903.31,444076075,10218698,133,444075942,7,44,51,671384075,444120381,1115504456,10,1115504722,266,0,276,1115504456,266085,0,266085,4357440.32,0.00,4357439.28,3945019027.43,6522993405.04,4512.97,0.00
18446744069905.31,444277617,10017157,133,444277484,7,44,51,671443459,444321926,1115765385,10,1115765651,266,0,276,1115765385,260929,0,260929,4358459.57,0.00,4358458.54,3945019027.43,6522993405.04,0.00,0.00
18446744069907.31,444447421,9847353,133,444447288,7,44,51,671571459,444491741,1116063200,10,1116063466,266,0,276,1116063200,297815,0,297815,4359622.91,0.00,4359621.88,3945019027.43,6522993405.04,0.00,0.00
18446744069909.31,444604873,9689900,133,444604740,7,44,51,671723169,444649389,1116372558,10,1116372824,266,0,276,1116372558,309358,0,309358,4360831.34,0.00,4360830.30,3945019027.43,6522993405.04,0.00,0.00
18446744069911.31,444710841,9583933,133,444710708,7,44,51,671985369,444755422,1116740791,10,1116741057,266,0,276,1116740791,368233,0,368233,4362269.75,0.00,4362268.71,3945019027.43,6522993405.04,0.00,0.00
18446744069913.31,444820634,9474140,133,444820501,7,44,51,672223352,444865300,1117088652,10,1117088918,266,0,276,1117088652,347861,0,347861,4363628.59,0.00,4363627.55,3945019027.43,6522993405.04,0.00,0.00
18446744069915.31,444942934,9351840,133,444942801,7,44,51,672438668,444987660,1117426328,10,1117426594,266,0,276,1117426328,337676,0,337676,4364947.63,0.00,4364946.59,3945019027.43,6522993405.04,0.00,0.00
18446744069917.31,445033598,9261176,133,445033465,7,44,51,672451665,445078338,1117530003,10,1117530269,266,0,276,1117530003,103675,0,103675,4365352.61,0.00,4365351.57,3945032628.78,6522993405.04,13601.35,0.00
18446744069919.31,445103417,9191357,133,445103284,7,44,51,672474835,445148097,1117622932,10,1117623198,266,0,276,1117622932,92929,0,92929,4365715.62,0.00,4365714.58,3945032628.78,6522993405.04,0.00,0.00
18446744069921.31,445158357,9136417,133,445158224,7,44,51,672534838,445203095,1117737933,10,1117738199,266,0,276,1117737933,115001,0,115001,4366164.84,0.00,4366163.80,3945032628.78,6522993405.04,0.00,0.00
18446744069923.31,445231711,9063063,133,445231578,7,44,51,672561745,445276446,1117838191,10,1117838457,266,0,276,1117838191,100258,0,100258,4366556.47,0.00,4366555.43,3945032628.78,6522993405.04,0.00,0.00
18446744069925.31,445304532,8990242,133,445304399,7,44,51,672600906,445349255,1117950161,10,1117950427,266,0,276,1117950161,111970,0,111970,4366993.86,0.00,4366992.82,3945032628.78,6522993405.04,0.00,0.00
18446744069927.31,445496209,8798565,133,445496076,7,44,51,672693419,445540895,1118234314,10,1118234580,266,0,276,1118234314,284153,0,284153,4368103.83,0.00,4368102.79,3945032628.78,6522993405.04,0.00,0.00
18446744069929.31,445645276,8649498,133,445645143,7,44,51,672867984,445690150,1118558134,10,1118558400,266,0,276,1118558134,323820,0,323820,4369368.75,0.00,4369367.71,3945036987.38,6522993405.04,4358.60,0.00
18446744069931.31,445834436,8460337,133,445834303,7,44,51,672965927,445879545,1118845472,10,1118845738,266,0,276,1118845472,287338,0,287338,4370491.16,0.00,4370490.12,3945036987.38,6522993405.04,0.00,0.00
18446744069933.31,445968731,8326043,133,445968598,7,44,51,673153140,446014043,1119167183,10,1119167449,266,0,276,1119167183,321711,0,321711,4371747.85,0.00,4371746.81,3945036987.38,6522993405.04,0.00,0.00
18446744069935.31,446144494,8150280,133,446144361,7,44,51,673255108,446189919,1119445027,10,1119445293,266,0,276,1119445027,277844,0,277844,4372833.18,0.00,4372832.14,3945036987.38,6522993405.04,0.00,0.00
18446744069937.31,446184087,8110687,133,446183954,7,44,51,673653951,446229643,1119883594,10,1119883860,266,0,276,1119883594,438567,0,438567,4374546.33,0.00,4374545.29,3945036987.38,6522993405.04,0.00,0.00
18446744069939.31,446324450,7970324,133,446324317,7,44,51,673834831,446370050,1120204881,10,1120205147,266,0,276,1120204881,321287,0,321287,4375801.36,0.00,4375800.32,3945036987.38,6522993405.04,0.00,0.00
18446744069941.31,446371729,7923045,133,446371596,7,44,51,674192842,446417392,1120610234,10,1120610500,266,0,276,1120610234,405353,0,405353,4377384.77,0.00,4377383.73,3945036987.38,6522993405.04,0.00,0.00
18446744069943.31,446446640,7848134,133,446446507,7,44,51,674227247,446492292,1120719539,10,1120719805,266,0,276,1120719539,109305,0,109305,4377811.74,0.00,4377810.70,3945050685.03,6522993405.04,13697.65,0.00
18446744069945.31,446529028,7765746,133,446528895,7,44,51,674245679,446574681,1120820360,10,1120820626,266,0,276,1120820360,100821,0,100821,4378205.57,0.00,4378204.53,3945050685.03,6522993405.04,0.00,0.00
18446744069947.31,446582965,7711809,133,446582832,7,44,51,674308054,446628621,1120936675,10,1120936941,266,0,276,1120936675,116315,0,116315,4378659.93,0.00,4378658.89,3945050685.03,6522993405.04,0.00,0.00
18446744069949.31,446617575,7677199,133,446617442,7,44,51,674425012,446663489,1121088501,10,1121088767,266,0,276,1121088501,151826,0,151826,4379253.00,0.00,4379251.96,3945050685.03,6522993405.04,0.00,0.00
18446744069951.31,446763922,7530852,133,446763789,7,44,51,674450332,446809838,1121260170,10,1121260436,266,0,276,1121260170,171669,0,171669,4379923.58,0.00,4379922.54,3945050685.03,6522993405.04,0.00,0.00
18446744069953.31,446875291,7419483,133,446875158,7,44,51,674697318,446921301,1121618619,10,1121618885,266,0,276,1121618619,358449,0,358449,4381323.77,0.00,4381322.73,3945054678.14,6522993405.04,3993.11,0.00
18446744069955.31,446995075,7299699,133,446994942,7,44,51,674944962,447041537,1121986499,10,1121986765,266,0,276,1121986499,367880,0,367880,4382760.80,0.00,4382759.76,3945054678.14,6522993405.04,0.00,0.00
18446744069957.31,447105323,7189451,133,447105190,7,44,51,675203017,447151795,1122354812,10,1122355078,266,0,276,1122354812,368313,0,368313,4384199.52,0.00,4384198.48,3945054678.14,6522993405.04,0.00,0.00
18446744069959.31,447276132,7018642,133,447275999,7,44,51,675334664,447322667,1122657331,10,1122657597,266,0,276,1122657331,302519,0,302519,4385381.24,0.00,4385380.20,3945054678.14,6522993405.04,0.00,0.00
18446744069961.31,447404233,6890541,133,447404100,7,44,51,675545988,447450801,1122996789,10,1122997055,266,0,276,1122996789,339458,0,339458,4386707.25,0.00,4386706.21,3945054678.14,6522993405.04,0.00,0.00
18446744069963.31,447438977,6855797,133,447438844,7,44,51,675941115,447485840,1123426955,10,1123427221,266,0,276,1123426955,430166,0,430166,4388387.58,0.00,4388386.54,3945054678.14,6522993405.04,0.00,0.00
18446744069965.31,447493485,6801289,133,447493352,7,44,51,676294412,447540552,1123834964,10,1123835230,266,0,276,1123834964,408009,0,408009,4389981.37,0.00,4389980.33,3945054678.14,6522993405.04,0.00,0.00
18446744069967.31,447622853,6671921,133,447622720,7,44,51,676511117,447669927,1124181044,10,1124181310,266,0,276,1124181044,346080,0,346080,4391333.24,0.00,4391332.20,3945054678.14,6522993405.04,0.00,0.00
18446744069969.31,447740680,6554094,133,447740547,7,44,51,676624667,447787775,1124412442,10,1124412708,266,0,276,1124412442,231398,0,231398,4392237.14,0.00,4392236.10,3945054678.14,6522993405.04,0.00,0.00
18446744069971.31,447748217,6546557,133,447748084,7,44,51,676793764,447795265,1124589029,10,1124589295,266,0,276,1124589029,176587,0,176587,4392926.93,0.00,4392925.89,3945070396.77,6522993405.04,15718.63,0.00
18446744069973.31,447753713,6541061,133,447753580,7,44,51,676950356,447800763,1124751119,10,1124751385,266,0,276,1124751119,162090,0,162090,4393560.10,0.00,4393559.06,3945070396.77,6522993405.04,0.00,0.00
18446744069975.31,447757889,6536885,133,447757756,7,44,51,677116858,447805125,1124921983,10,1124922249,266,0,276,1124921983,170864,0,170864,4394227.54,0.00,4394226.50,3945070396.77,6522993405.04,0.00,0.00
18446744069977.31,447761567,6533207,133,447761434,7,44,51,677292141,447809006,1125101147,10,1125101413,266,0,276,1125101147,179164,0,179164,4394927.39,0.00,4394926.36,3945070396.77,6522993405.04,0.00,0.00
18446744069979.31,447779896,6514878,133,447779763,7,44,51,677551745,447827528,1125379273,10,1125379539,266,0,276,1125379273,278126,0,278126,4396013.82,0.00,4396012.79,3945070396.77,6522993405.04,0.00,0.00
18446744069981.31,447905829,6388945,133,447905696,7,44,51,677799565,447953554,1125753119,10,1125753385,266,0,276,1125753119,373846,0,373846,4397474.16,0.00,4397473.12,3945074761.56,6522993405.04,4364.79,0.00
18446744069983.31,448091529,6203245,133,448091396,7,44,51,677895097,448139195,1126034292,10,1126034558,266,0,276,1126034292,281173,0,281173,4398572.49,0.00,4398571.45,3945074761.56,6522993405.04,0.00,0.00
18446744069985.31,448232657,6062117,133,448232524,7,44,51,678077057,448280328,1126357385,10,1126357651,266,0,276,1126357385,323093,0,323093,4399834.57,0.00,4399833.54,3945074761.56,6522993405.04,0.00,0.00
18446744069987.31,448337705,5957069,133,448337572,7,44,51,678337382,448385376,1126722758,10,1126723024,266,0,276,1126722758,365373,0,365373,4401261.81,0.00,4401260.77,3945074761.56,6522993405.04,0.00,0.00
18446744069989.31,448521570,5773204,133,448521437,7,44,51,678434535,448569321,1127003856,10,1127004122,266,0,276,1127003856,281098,0,281098,4402359.85,0.00,4402358.81,3945074761.56,6522993405.04,0.00,0.00
18446744069991.31,448684001,5610773,133,448683868,7,44,51,678573815,448731695,1127305510,10,1127305776,266,0,276,1127305510,301654,0,301654,4403538.19,0.00,4403537.15,3945074761.56,6522993405.04,0.00,0.00
18446744069993.31,448825453,5469321,133,448825320,7,44,51,678721030,448873195,1127594225,10,1127594491,266,0,276,1127594225,288715,0,288715,4404665.98,0.00,4404664.94,3945074761.56,6522993405.04,0.00,0.00
18446744069995.31,448960080,5334694,133,448959947,7,44,51,678792468,449007836,1127800304,10,1127800570,266,0,276,1127800304,206079,0,206079,4405470.98,0.00,4405469.94,3945074761.56,6522993405.04,0.00,0.00
18446744069997.31,449037418,5257356,133,449037285,7,44,51,678797599,449085174,1127882773,10,1127883039,266,0,276,1127882773,82469,0,82469,4405793.12,0.00,4405792.08,3945088401.13,6522993405.04,13639.57,0.00
18446744069999.31,449112053,5182721,133,449111920,7,44,51,678812218,449159814,1127972032,10,1127972298,266,0,276,1127972032,89259,0,89259,4406141.79,0.00,4406140.75,3945088401.13,6522993405.04,0.00,0.00
18446744070001.31,449194679,5100095,133,449194546,7,44,51,678823488,449242440,1128065928,10,1128066194,266,0,276,1128065928,93896,0,93896,4406508.57,0.00,4406507.53,3945088401.13,6522993405.04,0.00,0.00
18446744070003.31,449281296,5013478,133,449281163,7,44,51,678834397,449329049,1128163446,10,1128163712,266,0,276,1128163446,97518,0,97518,4406889.50,0.00,4406888.46,3945088401.13,6522993405.04,0.00,0.00
18446744070005.31,449449434,4845340,133,449449301,7,44,51,678872735,449497207,1128369942,10,1128370208,266,0,276,1128369942,206496,0,206496,4407696.12,0.00,4407695.09,3945088401.13,6522993405.04,0.00,0.00
18446744070007.31,449572601,4722173,133,449572468,7,44,51,679088110,449620669,1128708779,10,1128709045,266,0,276,1128708779,338837,0,338837,4409019.71,0.00,4409018.67,3945092978.52,6522993405.04,4577.39,0.00
18446744070009.31,449607857,4686917,133,449607724,7,44,51,679477455,449656188,1129133643,10,1129133909,266,0,276,1129133643,424864,0,424864,4410679.33,0.00,4410678.29,3945092978.52,6522993405.04,0.00,0.00
18446744070011.31,449615961,4678813,133,449615828,7,44,51,679917771,449664313,1129582084,10,1129582351,266,0,276,1129582084,448442,0,448441,4412431.06,0.00,4412430.02,3945092978.52,6522993405.04,0.00,0.00
18446744070013.31,449637181,4657593,133,449637048,7,44,51,680318003,449685647,1130003650,10,1130003916,266,0,276,1130003650,421565,0,421566,4414077.80,0.00,4414076.76,3945092978.52,6522993405.04,0.00,0.00
18446744070015.31,449761473,4533301,133,449761340,7,44,51,680549073,449810053,1130359126,10,1130359392,266,0,276,1130359126,355476,0,355476,4415466.38,0.00,4415465.34,3945092978.52,6522993405.04,0.00,0.00
18446744070017.31,449835849,4458925,133,449835716,7,44,51,680864776,449884498,1130749274,10,1130749541,266,0,276,1130749274,390149,0,390148,4416990.39,0.00,4416989.35,3945092978.52,6522993405.04,0.00,0.00
18446744070019.31,449925099,4369675,133,449924966,7,44,51,681174658,449973756,1131148414,10,1131148680,266,0,276,1131148414,399139,0,399140,4418549.53,0.00,4418548.49,3945092978.52,6522993405.04,0.00,0.00
18446744070021.31,449982129,4312645,133,449981996,7,44,51,681348183,450030829,1131379012,10,1131379278,266,0,276,1131379012,230598,0,230598,4419450.30,0.00,4419449.27,3945092978.52,6522993405.04,0.00,0.00
18446744070023.31,449987858,4306916,133,449987725,7,44,51,681528839,450036686,1131565525,10,1131565791,266,0,276,1131565525,186513,0,186513,4420178.87,0.00,4420177.83,3945106616.44,6522993405.04,13637.92,0.00
18446744070025.31,450021465,4273309,133,450021332,7,44,51,681636021,450070315,1131706336,10,1131706602,266,0,276,1131706336,140811,0,140811,4420728.91,0.00,4420727.88,3945106616.44,6522993405.04,0.00,0.00
18446744070027.31,450072585,4222189,133,450072452,7,44,51,681702199,450121437,1131823636,10,1131823902,266,0,276,1131823636,117300,0,117300,4421187.12,0.00,4421186.08,3945106616.44,6522993405.04,0.00,0.00
18446744070029.31,450104487,4190287,133,450104354,7,44,51,681813549,450153441,1131966990,10,1131967256,266,0,276,1131966990,143354,0,143354,4421747.09,0.00,4421746.05,3945106616.44,6522993405.04,0.00,0.00
18446744070031.31,450175841,4118933,133,450175708,7,44,51,682033507,450224747,1132258254,10,1132258520,266,0,276,1132258254,291264,0,291264,4422884.84,0.00,4422883.80,3945106616.44,6522993405.04,0.00,0.00
18446744070033.31,450200593,4094181,133,450200460,7,44,51,682431349,450249730,1132681079,10,1132681345,266,0,276,1132681079,422825,0,422825,4424536.50,0.00,4424535.46,3945111008.02,6522993405.04,4391.59,0.00
18446744070035.31,450300942,3993832,133,450300809,7,44,51,682690352,450350341,1133040693,10,1133040959,266,0,276,1133040693,359614,0,359614,4425941.25,0.00,4425940.21,3945111008.02,6522993405.04,0.00,0.00
18446744070037.31,450351697,3943077,133,450351564,7,44,51,683029599,450401098,1133430697,10,1133430963,266,0,276,1133430697,390004,0,390004,4427464.70,0.00,4427463.66,3945111008.02,6522993405.04,0.00,0.00
18446744070039.31,450415084,3879690,133,450414951,7,44,51,683335885,450464665,1133800550,10,1133800816,266,0,276,1133800550,369853,0,369853,4428909.44,0.00,4428908.40,3945111008.02,6522993405.04,0.00,0.00
18446744070041.31,450496323,3798451,133,450496190,7,44,51,683611079,450545988,1134157067,10,1134157333,266,0,276,1134157067,356517,0,356517,4430302.08,0.00,4430301.04,3945111008.02,6522993405.04,0.00,0.00
18446744070043.31,450648729,3646045,133,450648596,7,44,51,683773852,450698338,1134472190,10,1134472456,266,0,276,1134472190,315123,0,315123,4431533.03,0.00,4431531.99,3945111008.02,6522993405.04,0.00,0.00
18446744070045.31,450776207,3518567,133,450776074,7,44,51,683975494,450825889,1134801383,10,1134801649,266,0,276,1134801383,329193,0,329193,4432818.94,0.00,4432817.90,3945111008.02,6522993405.04,0.00,0.00
18446744070047.31,450821007,3473767,133,450820874,7,44,51,684291350,450870811,1135162161,10,1135162427,266,0,276,1135162161,360778,0,360778,4434228.23,0.00,4434227.19,3945111008.02,6522993405.04,0.00,0.00
18446744070049.31,450901908,3392866,133,450901775,7,44,51,684307200,450951721,1135258921,10,1135259188,266,0,276,1135258921,96761,0,96760,4434606.20,0.00,4434605.16,3945125048.45,6522993405.04,14040.42,0.00
18446744070051.31,450918825,3375949,133,450918692,7,44,51,684448372,450968645,1135417017,10,1135417283,266,0,276,1135417017,158095,0,158096,4435223.76,0.00,4435222.72,3945125048.45,6522993405.04,0.00,0.00
18446744070053.31,450941961,3352813,133,450941828,7,44,51,684578943,450991784,1135570727,10,1135570993,266,0,276,1135570727,153710,0,153710,4435824.19,0.00,4435823.15,3945125048.45,6522993405.04,0.00,0.00
18446744070055.31,451016106,3278668,133,451015973,7,44,51,684602264,451065989,1135668253,10,1135668519,266,0,276,1135668253,97526,0,97526,4436205.15,0.00,4436204.11,3945125048.45,6522993405.04,0.00,0.00
18446744070057.31,451068840,3225934,133,451068707,7,44,51,684685536,451118723,1135804259,10,1135804525,266,0,276,1135804259,136006,0,136006,4436736.43,0.00,4436735.39,3945125048.45,6522993405.04,0.00,0.00
18446744070059.31,451192963,3101811,133,451192830,7,44,51,684874080,451242847,1136116927,10,1136117193,266,0,276,1136116927,312668,0,312668,4437957.79,0.00,4437956.75,3945125048.45,6522993405.04,0.00,0.00
18446744070061.31,451343812,2950962,133,451343679,7,44,51,685018722,451393679,1136412401,10,1136412667,266,0,276,1136412401,295474,0,295474,4439111.98,0.00,4439110.94,3945129247.78,6522993405.04,4199.33,0.00
18446744070063.31,451484890,2809884,133,451484757,7,44,51,685167540,451534779,1136702319,10,1136702585,266,0,276,1136702319,289918,0,289918,4440244.47,0.00,4440243.43,3945129247.78,6522993405.04,0.00,0.00
18446744070065.31,451615845,2678929,133,451615712,7,44,51,685337044,451665705,1137002749,10,1137003015,266,0,276,1137002749,300430,0,300430,4441418.03,0.00,4441416.99,3945129247.78,6522993405.04,0.00,0.00
18446744070067.31,451750306,2544468,133,451750173,7,44,51,685513240,451800190,1137313430,10,1137313696,266,0,276,1137313430,310681,0,310681,4442631.62,0.00,4442630.59,3945129247.78,6522993405.04,0.00,0.00
18446744070069.31,451932557,2362217,133,451932424,7,44,51,685573991,451982449,1137556440,10,1137556706,266,0,276,1137556440,243010,0,243010,4443580.88,0.00,4443579.84,3945129247.78,6522993405.04,0.00,0.00
18446744070071.31,451993366,2301408,133,451993233,7,44,51,685916347,452043295,1137959642,10,1137959908,266,0,276,1137959642,403202,0,403202,4445155.89,0.00,4445154.85,3945129247.78,6522993405.04,0.00,0.00
18446744070073.31,452058817,2235957,133,452058684,7,44,51,686242693,452108780,1138351473,10,1138351739,266,0,276,1138351473,391831,0,391831,4446686.48,0.00,4446685.44,3945129247.78,6522993405.04,0.00,0.00
18446744070075.31,452094777,2199997,133,452094644,7,44,51,686449452,452144752,1138594204,10,1138594470,266,0,276,1138594204,242731,0,242731,4447634.65,0.00,4447633.61,3945129247.78,6522993405.04,0.00,0.00
18446744070077.31,452115193,2179581,133,452115060,7,44,51,686565377,452165180,1138730557,10,1138730823,266,0,276,1138730557,136353,0,136353,4448167.28,0.00,4448166.24,3945143002.73,6522993405.04,13754.95,0.00
18446744070079.31,452126933,2167841,133,452126800,7,44,51,686707953,452176976,1138884929,10,1138885195,266,0,276,1138884929,154372,0,154372,4448770.29,0.00,4448769.25,3945143002.73,6522993405.04,0.00,0.00
18446744070081.31,452176083,2118691,133,452175950,7,44,51,686775239,452226151,1139001390,10,1139001656,266,0,276,1139001390,116461,0,116461,4449225.22,0.00,4449224.18,3945143002.73,6522993405.04,0.00,0.00
18446744070083.31,452275292,2019482,133,452275159,7,44,51,686946197,452325372,1139271569,10,1139271835,266,0,276,1139271569,270179,0,270179,4450280.61,0.00,4450279.57,3945143002.73,6522993405.04,0.00,0.00
18446744070085.31,452377865,1916909,133,452377732,7,44,51,687173264,452428037,1139601301,10,1139601567,266,0,276,1139601301,329732,0,329732,4451568.62,0.00,4451567.58,3945146588.33,6522993405.04,3585.60,0.00
18446744070087.31,452484027,1810747,133,452483894,7,44,51,687397691,452534225,1139931916,10,1139932182,266,0,276,1139931916,330615,0,330615,4452860.09,0.00,4452859.05,3945146588.33,6522993405.04,0.00,0.00
18446744070089.31,452644868,1649906,133,452644735,7,44,51,687514823,452695118,1140209941,10,1140210207,266,0,276,1140209941,278025,0,278025,4453946.12,0.00,4453945.08,3945146588.33,6522993405.04,0.00,0.00
18446744070091.31,452828542,1466232,133,452828409,7,44,51,687558373,452878821,1140437194,10,1140437460,266,0,276,1140437194,227253,0,227253,4454833.83,0.00,4454832.79,3945146588.33,6522993405.04,0.00,0.00
18446744070093.31,453009517,1285257,133,453009384,7,44,51,687605334,453059819,1140665153,10,1140665419,266,0,276,1140665153,227959,0,227959,4455724.29,0.00,4455723.25,3945146588.33,6522993405.04,0.00,0.00
18446744070095.31,453107729,1187045,133,453107596,7,44,51,687804779,453158626,1140963405,10,1140963671,266,0,276,1140963405,298252,0,298252,4456889.34,0.00,4456888.30,3945146588.33,6522993405.04,0.00,0.00
18446744070097.31,453201302,1093472,133,453201169,7,44,51,688018881,453252192,1141271073,10,1141271339,266,0,276,1141271073,307668,0,307668,4458091.17,0.00,4458090.13,3945146588.33,6522993405.04,0.00,0.00
18446744070099.31,453235017,1059757,133,453234884,7,44,51,688179061,453285907,1141464968,10,1141465234,266,0,276,1141464968,193895,0,193895,4458848.57,0.00,4458847.53,3945146588.33,6522993405.04,0.00,0.00
18446744070101.31,453235393,1059381,133,453235260,7,44,51,688335516,453286293,1141621809,10,1141622075,266,0,276,1141621809,156841,0,156841,4459461.23,0.00,4459460.19,3945158884.96,6522993405.04,12296.63,0.00
18446744070103.31,453265447,1029327,133,453265314,7,44,51,688439950,453316476,1141756426,10,1141756692,266,0,276,1141756426,134617,0,134617,4459987.08,0.00,4459986.04,3945158884.96,6522993405.04,0.00,0.00
18446744070105.31,453310544,984230,133,453310411,7,44,51,688508554,453361566,1141870120,10,1141870386,266,0,276,1141870120,113694,0,113694,4460431.20,0.00,4460430.16,3945158884.96,6522993405.04,0.00,0.00
18446744070107.31,453383318,911456,133,453383185,7,44,51,688527722,453434340,1141962062,10,1141962328,266,0,276,1141962062,91942,0,91942,4460790.34,0.00,4460789.30,3945158884.96,6522993405.04,0.00,0.00
18446744070109.31,453449293,845480,133,453449160,7,44,51,688723345,453500328,1142223673,10,1142223939,266,0,276,1142223673,261611,0,261611,4461812.26,0.00,4461811.22,3945158884.96,6522993405.04,0.00,0.00
18446744070111.31,453512623,782151,133,453512490,7,44,51,688983830,453563702,1142547532,10,1142547798,266,0,276,1142547532,323859,0,323859,4463077.34,0.00,4463076.30,3945162792.58,6522993405.04,3907.61,0.00
18446744070113.31,453579742,715032,133,453579609,7,44,51,689264441,453630906,1142895347,10,1142895613,266,0,276,1142895347,347815,0,347815,4464435.99,0.00,4464434.95,3945162792.58,6522993405.04,0.00,0.00
18446744070115.31,453687293,607481,133,453687160,7,44,51,689466764,453738550,1143205314,10,1143205580,266,0,276,1143205314,309967,0,309967,4465646.80,0.00,4465645.76,3945162792.58,6522993405.04,0.00,0.00
18446744070117.31,453783245,511529,133,453783112,7,44,51,689709347,453834616,1143543963,10,1143544229,266,0,276,1143543963,338649,0,338649,4466969.64,0.00,4466968.61,3945162792.58,6522993405.04,0.00,0.00
18446744070119.31,453854071,440703,133,453853938,7,44,51,689989869,453905433,1143895302,10,1143895568,266,0,276,1143895302,351339,0,351339,4468342.06,0.00,4468341.02,3945162792.58,6522993405.04,0.00,0.00
18446744070121.31,453946663,348111,133,453946530,7,44,51,690181425,453998031,1144179456,10,1144179722,266,0,276,1144179456,284154,0,284154,4469452.04,0.00,4469451.00,3945162792.58,6522993405.04,0.00,0.00
18446744070123.31,454031234,263540,133,454031101,7,44,51,690383512,454082655,1144466167,10,1144466433,266,0,276,1144466167,286711,0,286711,4470572.00,0.00,4470570.96,3945162792.58,6522993405.04,0.00,0.00
18446744070125.31,454108025,186749,133,454107892,7,44,51,690584258,454159510,1144743768,10,1144744034,266,0,276,1144743768,277601,0,277601,4471656.38,0.00,4471655.34,3945162792.58,6522993405.04,0.00,0.00
18446744070127.31,454146742,148032,133,454146609,7,44,51,690660451,454198291,1144858742,10,1144859008,266,0,276,1144858742,114974,0,114974,4472105.50,0.00,4472104.46,3945175371.58,6522993405.04,12579.00,0.00
18446744070129.31,454199259,95515,133,454199126,7,44,51,690706502,454250760,1144957262,10,1144957528,266,0,276,1144957262,98520,0,98520,4472490.34,0.00,4472489.30,3945175371.58,6522993405.04,0.00,0.00
18446744070131.31,454227897,66877,133,454227764,7,44,51,690797758,454279463,1145077221,10,1145077487,266,0,276,1145077221,119959,0,119959,4472958.93,0.00,4472957.89,3945175371.58,6522993405.04,0.00,0.00
18446744070133.31,454263746,31028,133,454263613,7,44,51,690874169,454316423,1145190592,10,1145190858,266,0,276,1145190592,113371,0,113371,4473401.79,0.00,4473400.75,3945175371.58,6522993405.04,0.00,0.00
18446744070135.31,454294774,0,22,454294752,7,44,51,691091038,454357700,1145448738,10154,1145449004,266,85828,276,1145524422,258146,85828,333830,4474410.17,335.27,4474704.77,3945175371.58,6522993405.04,0.00,0.00
18446744070137.31,454294774,0,32,454294742,7,44,51,691427213,454372645,1145799858,25034,1145800124,266,212151,276,1145986985,351120,126323,462563,4475781.73,828.71,4476511.66,3945178772.58,6522993405.04,3401.00,0.00
18446744070139.31,454294774,0,30,454294744,7,44,51,691789178,454388778,1146177956,40970,1146178222,266,324477,276,1146461473,378098,112326,474488,4477258.68,1267.49,4478365.13,3945178772.58,6522993405.04,0.00,0.00
18446744070141.31,454294754,20,10,454294744,7,44,51,692179190,454394526,1146573716,46570,1146573982,266,354592,276,1146881748,395760,30115,420275,4478804.62,1385.12,4480006.83,3945178772.58,6522993405.04,0.00,0.00
18446744070143.31,454294774,0,8,454294766,7,44,51,692535076,454411833,1146946909,63818,1146947175,266,484058,276,1147367159,373193,129466,485411,4480262.40,1890.85,4481902.96,3945178772.58,6522993405.04,0.00,0.00
18446744070145.31,454294770,4,14,454294756,7,44,51,692919549,454417465,1147337014,69354,1147337280,266,520641,276,1147788311,390105,36583,421152,4481786.25,2033.75,4483548.09,3945178772.58,6522993405.04,0.00,0.00
18446744070147.31,454294774,0,0,454294774,7,44,51,693277508,454431447,1147708955,83274,1147709221,266,632664,276,1148258355,371941,112023,470044,4483239.14,2471.34,4485384.20,3945178772.58,6522993405.04,0.00,0.00
18446744070149.31,454294774,0,6,454294768,7,44,51,693646333,454439701,1148086034,91498,1148086300,266,693532,276,1148688078,377079,60868,429723,4484712.11,2709.11,4487062.80,3945178772.58,6522993405.04,0.00,0.00
18446744070151.31,454294774,0,28,454294746,7,44,51,693947954,454454871,1148402825,106666,1148403091,266,821820,276,1149117989,316791,128288,429911,4485949.57,3210.23,4488742.14,3945178772.58,6522993405.04,0.00,0.00
18446744070153.31,454294774,0,32,454294742,7,44,51,694103159,454456481,1148559640,108234,1148559906,266,847223,276,1149298639,156815,25403,180650,4486562.13,3309.46,4489447.81,3945191195.44,6522993405.04,12422.86,0.00
18446744070155.31,454294774,0,24,454294750,7,44,51,694255309,454457804,1148713113,109514,1148713379,266,869938,276,1149473547,153473,22715,174908,4487161.64,3398.20,4490131.04,3945191195.44,6522993405.04,0.00,0.00
18446744070157.31,454294774,0,6,454294768,7,44,51,694400707,454458499,1148859206,110154,1148859472,266,875794,276,1149624856,146093,5856,151309,4487732.31,3421.07,4490722.09,3945191195.44,6522993405.04,0.00,0.00
18446744070159.31,454294774,0,32,454294742,7,44,51,694526874,454462867,1148989741,114474,1148990007,266,1000233,276,1149875510,130535,124439,250654,4488242.21,3907.16,4491701.21,3945191195.44,6522993405.04,0.00,0.00
18446744070161.31,454294771,3,0,454294771,7,44,51,694746773,454472056,1149218829,123658,1149219095,266,1105269,276,1150200482,229088,105036,324972,4489137.09,4317.46,4492970.63,3945191195.44,6522993405.04,0.00,0.00
18446744070163.31,454294774,0,8,454294766,7,44,51,694993324,454509488,1149502812,161066,1149503078,266,1445417,276,1150787173,283983,340148,586691,4490246.40,5646.16,4495262.39,3945194352.38,6522993405.04,3156.94,0.00
18446744070165.31,454294761,15,18,454294743,7,44,51,695295152,454536486,1149831638,188074,1149831904,266,1683782,276,1151327356,328826,238365,540183,4491530.88,6577.27,4497372.48,3945194352.38,6522993405.04,0.00,0.00
18446744070167.31,454294774,0,32,454294742,7,44,51,695430945,454588248,1150019193,239850,1150019459,266,2196494,276,1151975847,187555,512712,648491,4492263.51,8580.05,4499905.65,3945194352.38,6522993405.04,0.00,0.00
18446744070169.31,454294768,6,11,454294757,7,44,51,695624905,454629744,1150254649,281322,1150254915,266,2609283,276,1152582620,235456,412789,606773,4493183.26,10192.51,4502275.86,3945194352.38,6522993405.04,0.00,0.00
18446744070171.31,454294774,0,11,454294763,7,44,51,695903622,454660400,1150564022,311978,1150564288,266,2892052,276,1153144106,309373,282769,561486,4494391.75,11297.08,4504469.16,3945194352.38,6522993405.04,0.00,0.00
18446744070173.31,454294768,6,26,454294742,7,44,51,696203536,454687023,1150890559,338602,1150890825,266,3118060,276,1153670027,326537,226008,525921,4495667.29,12179.92,4506523.54,3945194352.38,6522993405.04,0.00,0.00
18446744070175.31,454294774,0,32,454294742,7,44,51,696572241,454695717,1151267958,347242,1151268224,266,3182992,276,1154103718,377399,64932,433691,4497141.50,12433.56,4508217.65,3945194352.38,6522993405.04,0.00,0.00
18446744070177.31,454294770,4,8,454294762,7,44,51,696920979,454710591,1151631570,361898,1151631836,266,3300474,276,1154570156,363612,117482,466438,4498561.86,12892.48,4510039.67,3945194352.38,6522993405.04,0.00,0.00
18446744070179.31,454294774,0,2,454294772,7,44,51,697248448,454728480,1151976928,379754,1151977194,266,3454083,276,1155051267,345358,153609,481111,4499910.91,13492.51,4511919.01,3945194352.38,6522993405.04,0.00,0.00
18446744070181.31,454294774,0,32,454294742,7,44,51,697603696,454738368,1152342064,389482,1152342330,266,3522287,276,1155474879,365136,68204,423612,4501337.23,13758.93,4513573.75,3945194352.38,6522993405.04,0.00,0.00
18446744070183.31,454294774,0,2,454294772,7,44,51,697868099,454747216,1152615315,398250,1152615581,266,3591680,276,1155808755,273251,69393,333876,4502404.61,14030.00,4514877.95,3945194352.38,6522993405.04,0.00,0.00
18446744070185.31,454294774,0,0,454294774,7,44,51,697993766,454756156,1152749922,407210,1152750188,266,3894472,276,1156237226,134607,302792,428471,4502930.42,15212.78,4516551.66,3945209336.59,6522993405.04,14984.21,0.00
18446744070187.31,454294774,0,0,454294774,7,44,51,698115939,454762209,1152878148,413258,1152878414,266,4079080,276,1156544012,128226,184608,306786,4503431.30,15933.91,4517750.05,3945209336.59,6522993405.04,0.00,0.00
18446744070189.31,454294753,21,11,454294742,7,44,51,698274043,454765648,1153039691,416618,1153039957,266,4164557,276,1156787640,161543,85477,243628,4504062.33,16267.80,4518701.72,3945209336.59,6522993405.04,0.00,0.00
18446744070191.31,454294774,0,32,454294742,7,44,51,698420121,454767708,1153187829,418698,1153188095,266,4218332,276,1156987473,148138,53775,199833,4504641.00,16477.86,4519482.32,3945209336.59,6522993405.04,0.00,0.00
18446744070193.31,454294774,0,30,454294744,7,44,51,698789586,454768191,1153557777,419146,1153558043,266,4218886,276,1157357527,369948,554,370054,4506086.11,16480.02,4520927.84,3945209336.59,6522993405.04,0.00,0.00
18446744070195.31,454294774,0,18,454294756,7,44,51,699106450,454795177,1153901627,446090,1153901893,266,4451093,276,1157906640,343850,232207,549113,4507429.27,17387.08,4523072.81,3945213513.30,6522993405.04,4176.71,0.00
18446744070197.31,454294759,15,32,454294727,7,44,51,699475104,454812344,1154287448,463082,1154287714,266,4577985,276,1158402361,385821,126892,495721,4508936.38,17882.75,4525009.22,3945213513.30,6522993405.04,0.00,0.00
18446744070199.31,454294774,0,29,454294745,7,44,51,699805769,454844821,1154650590,495530,1154650856,266,4824683,276,1158979753,363142,246698,577392,4510354.91,18846.42,4527264.66,3945213513.30,6522993405.04,0.00,0.00
18446744070201.31,454294774,0,32,454294742,7,44,51,700046488,454880415,1154926903,531082,1154927169,266,5161833,276,1159557664,276313,337150,577911,4511434.25,20163.41,4529522.12,3945213513.30,6522993405.04,0.00,0.00
18446744070203.31,454294774,0,18,454294756,7,44,51,700224163,454929509,1155153672,580138,1155153938,266,5617241,276,1160190785,226769,455408,633121,4512320.07,21942.35,4531995.25,3945213513.30,6522993405.04,0.00,0.00
18446744070205.31,454294774,0,8,454294766,7,44,51,700606798,454936078,1155542876,586506,1155543142,266,5651101,276,1160607481,389204,33860,416696,4513840.40,22074.61,4533622.97,3945213513.30,6522993405.04,0.00,0.00
18446744070207.31,454294742,32,32,454294710,7,44,51,700978552,454949319,1155927871,599562,1155928137,266,5739044,276,1161067363,384995,87943,459882,4515344.29,22418.14,4535419.39,3945213513.30,6522993405.04,0.00,0.00
18446744070209.31,454294774,0,32,454294742,7,44,51,701376271,454954610,1156330881,604778,1156331147,266,5767624,276,1161493737,403010,28580,426374,4516918.54,22529.78,4537084.91,3945213513.30,6522993405.04,0.00,0.00
18446744070211.31,454294774,0,32,454294742,7,44,51,701651851,454989490,1156641341,639658,1156641607,266,6065175,276,1162066868,310460,297551,573131,4518131.28,23692.09,4539323.70,3945213513.30,6522993405.04,0.00,0.00
18446744070213.31,454294774,0,32,454294742,7,44,51,701968023,455009778,1156977801,659306,1156978067,266,6235933,276,1162554438,336460,170758,487570,4519445.57,24359.11,4541228.27,3945213513.30,6522993405.04,0.00,0.00
18446744070215.31,454294774,0,32,454294742,7,44,51,702156901,455015568,1157172469,665066,1157172735,266,6319593,276,1162827006,194668,83660,272568,4520206.00,24685.91,4542292.99,3945213513.30,6522993405.04,0.00,0.00
18446744070217.31,454294774,0,32,454294742,7,44,51,702301443,455019408,1157320851,668906,1157321117,266,6424960,276,1163076915,148382,105367,249909,4520785.61,25097.50,4543269.20,3945229489.38,6522993405.04,15976.07,0.00
18446744070219.31,454294774,0,32,454294742,7,44,51,702448802,455022611,1157471413,671914,1157471679,266,6473761,276,1163273270,150562,48801,196355,4521373.75,25288.13,4544036.21,3945229489.38,6522993405.04,0.00,0.00
18446744070221.31,454294774,0,32,454294742,7,44,51,702592115,455025308,1157617423,674506,1157617689,266,6530777,276,1163473704,146010,57016,200434,4521944.10,25510.85,4544819.16,3945229489.38,6522993405.04,0.00,0.00
18446744070223.31,454294774,0,32,454294742,7,44,51,702792302,455031935,1157824237,681130,1157824503,266,6591149,276,1163734266,206814,60372,260562,4522751.96,25746.68,4545836.98,3945229489.38,6522993405.04,0.00,0.00
18446744070225.31,454294774,0,32,454294742,7,44,51,703105461,455052123,1158157584,701226,1158157850,266,6768347,276,1164224715,333347,177198,490449,4524054.10,26438.86,4547752.79,3945229489.38,6522993405.04,0.00,0.00
18446744070227.31,454294774,0,2,454294772,7,44,51,703452890,455066735,1158519625,715786,1158519891,266,6886445,276,1164690294,362041,118098,465579,4525468.32,26900.18,4549571.46,3945232968.53,6522993405.04,3479.15,0.00
18446744070229.31,454294774,0,32,454294742,7,44,51,703841905,455077076,1158918981,725962,1158919247,266,6946591,276,1165139620,399356,60146,449326,4527028.31,27135.12,4551326.64,3945232968.53,6522993405.04,0.00,0.00
18446744070231.31,454294774,0,22,454294752,7,44,51,704068084,455115105,1159183189,763882,1159183455,266,7300028,276,1165719345,264208,353437,579725,4528060.37,28515.73,4553591.19,3945232968.53,6522993405.04,0.00,0.00
18446744070233.31,454294774,0,18,454294756,7,44,51,704404067,455133676,1159537743,782314,1159538009,266,7444451,276,1166199890,354554,144423,480545,4529445.35,29079.89,4555468.32,3945232968.53,6522993405.04,0.00,0.00
18446744070235.31,454294774,0,16,454294758,7,44,51,704756830,455140976,1159897806,789418,1159898072,266,7489771,276,1166598169,360063,45320,398279,4530851.84,29256.92,4557024.10,3945232968.53,6522993405.04,0.00,0.00
18446744070237.31,454294774,0,10,454294764,7,44,51,705128227,455156832,1160285059,805130,1160285325,266,7612630,276,1167092569,387253,122859,494400,4532364.55,29736.84,4558955.35,3945232968.53,6522993405.04,0.00,0.00
18446744070239.31,454294774,0,2,454294772,7,44,51,705504090,455171378,1160675468,819562,1160675734,266,7716569,276,1167572485,390409,103939,479916,4533889.59,30142.85,4560830.02,3945232968.53,6522993405.04,0.00,0.00
18446744070241.31,454294774,0,0,454294774,7,44,51,705864419,455188278,1161052697,836330,1161052963,266,7857820,276,1168074197,377229,141251,501712,4535363.14,30694.61,4562789.83,3945232968.53,6522993405.04,0.00,0.00
18446744070243.31,454294774,0,16,454294758,7,44,51,706068559,455196465,1161265024,844426,1161265290,266,7957644,276,1168378252,212327,99824,304055,4536192.54,31084.55,4563977.55,3945232968.53,6522993405.04,0.00,0.00
18446744070245.31,454294746,27,0,454294746,7,44,51,706232842,455200842,1161433684,848682,1161433951,266,8061247,276,1168646291,168661,103603,268039,4536851.37,31489.25,4565024.57,3945246784.96,6522993405.04,13816.43,0.00
18446744070247.31,454294774,0,24,454294750,7,44,51,706392235,455203850,1161596085,851658,1161596351,266,8142891,276,1168887328,162400,81644,241037,4537485.75,31808.17,4565966.12,3945246784.96,6522993405.04,0.00,0.00
18446744070249.31,454294774,0,32,454294742,7,44,51,706540193,455209429,1161749622,857226,1161749888,266,8284354,276,1169176760,153537,141463,289432,4538085.50,32360.76,4567096.72,3945246784.96,6522993405.04,0.00,0.00
18446744070251.31,454294774,0,32,454294742,7,44,51,706775466,455221620,1161997086,869226,1161997352,266,8449318,276,1169577188,247464,164964,400428,4539052.16,33005.15,4568660.89,3945246784.96,6522993405.04,0.00,0.00
18446744070253.31,454294774,0,10,454294764,7,44,51,707111990,455241068,1162353058,888554,1162353324,266,8599054,276,1170063568,355972,149736,486380,4540442.67,33590.05,4570560.81,3945249920.04,6522993405.04,3135.07,0.00
18446744070255.31,454294764,10,22,454294742,7,44,51,707446597,455257780,1162704377,905226,1162704643,266,8739135,276,1170538296,351319,140081,474728,4541815.01,34137.25,4572415.22,3945249920.04,6522993405.04,0.00,0.00
18446744070257.31,454294767,7,0,454294767,7,44,51,707673460,455299309,1162972769,946698,1162973035,266,9090999,276,1171117112,268392,351864,578816,4542863.42,35511.71,4574676.22,3945249920.04,6522993405.04,0.00,0.00
18446744070259.31,454294774,0,4,454294770,7,44,51,708038963,455312237,1163351200,959498,1163351466,266,9171254,276,1171562966,378431,80255,445854,4544341.66,35825.21,4576417.84,3945249920.04,6522993405.04,0.00,0.00
18446744070261.31,454294774,0,18,454294756,7,44,51,708366539,455332873,1163699412,980138,1163699678,266,9334202,276,1172053486,348212,162948,490520,4545701.87,36461.73,4578333.93,3945249920.04,6522993405.04,0.00,0.00
18446744070263.31,454294774,0,0,454294774,7,44,51,708680047,455354355,1164034402,1001578,1164034668,266,9505088,276,1172537953,334990,170886,484467,4547010.42,37129.25,4580226.38,3945249920.04,6522993405.04,0.00,0.00
18446744070265.31,454294774,0,4,454294770,7,44,51,708859352,455400914,1164260266,1048106,1164260532,266,9944024,276,1173156194,225864,438936,618241,4547892.70,38843.84,4582641.38,3945249920.04,6522993405.04,0.00,0.00
18446744070267.31,454294774,0,32,454294742,7,44,51,709161891,455428393,1164590284,1075530,1164590550,266,10161203,276,1173675967,330018,217179,519773,4549181.84,39692.20,4584671.75,3945249920.04,6522993405.04,0.00,0.00
18446744070269.31,454294774,0,32,454294742,7,44,51,709480758,455452487,1164933245,1099594,1164933511,266,10362531,276,1174196192,342961,201328,520225,4550521.53,40478.64,4586703.88,3945249920.04,6522993405.04,0.00,0.00
18446744070271.31,454294774,0,0,454294774,7,44,51,709769239,455480934,1165250173,1127978,1165250439,266,10622659,276,1174744896,316928,260128,548704,4551759.53,41494.76,4588847.25,3945249920.04,6522993405.04,0.00,0.00
18446744070273.31,454294774,0,11,454294763,7,44,51,710142130,455493533,1165635663,1140394,1165635929,266,10713601,276,1175208880,385490,90942,463984,4553265.35,41850.00,4590659.69,3945249920.04,6522993405.04,0.00,0.00
18446744070275.31,454294774,0,0,454294774,7,44,51,710309745,455540553,1165850298,1187434,1165850564,266,11167986,276,1175830892,214635,454385,622012,4554103.77,43624.95,4593089.42,3945249920.04,6522993405.04,0.00,0.00
18446744070277.31,454294758,16,14,454294744,7,44,51,710635981,455560583,1166196564,1207370,1166196830,266,11335548,276,1176324752,346266,167562,493860,4555456.37,44279.48,4595018.56,3945249920.04,6522993405.04,0.00,0.00
18446744070279.31,454294774,0,0,454294774,7,44,51,710863416,455578349,1166441765,1225066,1166442031,266,11518657,276,1176735398,245201,183109,410646,4556414.18,44994.75,4596622.65,3945249920.04,6522993405.04,0.00,0.00
18446744070281.31,454294774,0,0,454294774,7,44,51,710973659,455587537,1166561196,1234250,1166561462,266,11805371,276,1177132359,119431,286714,396961,4556880.71,46114.73,4598173.28,3945269720.82,6522993405.04,19800.78,0.00
18446744070283.31,454294774,0,30,454294744,7,44,51,711117954,455590515,1166708469,1237226,1166708735,266,11882960,276,1177354213,147273,77589,221854,4557456.00,46417.81,4599039.89,3945269720.82,6522993405.04,0.00,0.00
18446744070285.31,454294774,0,32,454294742,7,44,51,711253636,455594662,1166848298,1241354,1166848564,266,12000123,276,1177607077,139829,117163,252864,4558002.20,46875.48,4600027.64,3945269720.82,6522993405.04,0.00,0.00
18446744070287.31,454294774,0,32,454294742,7,44,51,711390666,455598651,1166989317,1245290,1166989583,266,12095382,276,1177839419,141019,95259,232342,4558553.06,47247.59,4600935.23,3945269720.82,6522993405.04,0.00,0.00
18446744070289.31,454294750,24,8,454294742,7,44,51,711624515,455613270,1167237785,1259818,1167238051,266,12319868,276,1178297845,248468,224486,458426,4559523.64,48124.48,4602725.96,3945269720.82,6522993405.04,0.00,0.00
18446744070291.31,454294758,16,0,454294758,7,44,51,711929064,455632382,1167561446,1278954,1167561712,266,12505728,276,1178788262,323661,185860,490417,4560787.94,48850.50,4604641.65,3945273394.79,6522993405.04,3673.98,0.00
18446744070293.31,454294774,0,10,454294764,7,44,51,712199524,455661748,1167861272,1308298,1167861538,266,12791896,276,1179344880,299826,286168,556618,4561959.13,49968.34,4606815.94,3945273394.79,6522993405.04,0.00,0.00
18446744070295.31,454294774,0,32,454294742,7,44,51,712432531,455695198,1168127729,1341738,1168127995,266,13113387,276,1179899388,266457,321491,554508,4562999.98,51224.17,4608981.98,3945273394.79,6522993405.04,0.00,0.00
18446744070297.31,454294774,0,32,454294742,7,44,51,712754819,455716638,1168471457,1363114,1168471723,266,13298257,276,1180406610,343728,184870,507222,4564342.67,51946.32,4610963.32,3945273394.79,6522993405.04,0.00,0.00
18446744070299.31,454294774,0,28,454294746,7,44,51,713046927,455736656,1168783583,1382922,1168783849,266,13489325,276,1180889996,312126,191068,483386,4565561.91,52692.68,4612851.55,3945273394.79,6522993405.04,0.00,0.00
18446744070301.31,454294774,0,21,454294753,7,44,51,713406352,455753180,1169159532,1399370,1169159798,266,13621218,276,1181381390,375949,131893,491394,4567030.46,53207.88,4614771.05,3945273394.79,6522993405.04,0.00,0.00
18446744070303.31,454294766,8,24,454294742,7,44,51,713728385,455770511,1169498896,1416586,1169499162,266,13760272,276,1181842592,339364,139054,461202,4568356.10,53751.06,4616572.62,3945273394.79,6522993405.04,0.00,0.00
18446744070305.31,454294774,0,23,454294751,7,44,51,714039050,455791757,1169830807,1437610,1169831073,266,13937947,276,1182331154,331911,177675,488562,4569652.63,54445.11,4618481.07,3945273394.79,6522993405.04,0.00,0.00
18446744070307.31,454294774,0,12,454294762,7,44,51,714302783,455825881,1170128664,1471658,1170128930,266,14239427,276,1182896443,297857,301480,565289,4570816.13,55622.76,4620689.23,3945273394.79,6522993405.04,0.00,0.00
18446744070309.31,454294774,0,0,454294774,7,44,51,714547988,455828988,1170376976,1474730,1170377242,266,14260370,276,1183162626,248312,20943,266183,4571786.10,55704.57,4621729.01,3945273394.79,6522993405.04,0.00,0.00
18446744070311.31,454294769,5,32,454294737,7,44,51,714690132,455830690,1170520822,1476394,1170521088,266,14291895,276,1183336333,143846,31525,173707,4572348.00,55827.71,4622407.55,3945287127.85,6522993405.04,13733.06,0.00
18446744070313.31,454294774,0,32,454294742,7,44,51,714821574,455837277,1170658851,1482890,1170659117,266,14459960,276,1183635931,138029,168065,299598,4572887.18,56484.22,4623577.86,3945287127.85,6522993405.04,0.00,0.00
18446744070315.31,454294742,32,0,454294742,7,44,51,714938157,455846591,1170784748,1492170,1170785014,266,14739972,276,1184032592,125897,280012,396661,4573378.96,57578.02,4625127.31,3945287127.85,6522993405.04,0.00,0.00
18446744070317.31,454294774,0,32,454294742,7,44,51,715085076,455847730,1170932806,1493290,1170933072,266,14752571,276,1184192097,148058,12599,159505,4573957.31,57627.23,4625750.38,3945287127.85,6522993405.04,0.00,0.00
18446744070319.31,454294766,8,24,454294742,7,44,51,715318041,455853699,1171171740,1499242,1171172007,266,14806645,276,1184479153,238935,54074,287056,4574890.65,57838.46,4626871.69,3945287127.85,6522993405.04,0.00,0.00
18446744070321.31,454294774,0,25,454294749,7,44,51,715733925,455859316,1171593241,1504810,1171593507,266,14843025,276,1184931466,421500,36380,452313,4576537.14,57980.57,4628638.54,3945290646.65,6522993405.04,3518.80,0.00
18446744070323.31,454294774,0,0,454294774,7,44,51,716066976,455877944,1171944920,1523370,1171945186,266,14996544,276,1185418104,351679,153519,486638,4577910.88,58580.25,4630539.47,3945290646.65,6522993405.04,0.00,0.00
18446744070325.31,454294774,0,32,454294742,7,44,51,716366720,455902536,1172269256,1547914,1172269522,266,15190530,276,1185911882,324336,193986,493778,4579177.82,59338.01,4632468.29,3945290646.65,6522993405.04,0.00,0.00
18446744070327.31,454294768,6,12,454294756,7,44,51,716666930,455922002,1172588932,1567306,1172589199,266,15358302,276,1186379938,319677,167772,468056,4580426.56,59993.37,4634296.63,3945290646.65,6522993405.04,0.00,0.00
18446744070329.31,454294766,8,32,454294734,7,44,51,716990137,455938168,1172928305,1583338,1172928572,266,15475399,276,1186820376,339373,117097,440438,4581752.23,60450.78,4636017.09,3945290646.65,6522993405.04,0.00,0.00
18446744070331.31,454294774,0,32,454294742,7,44,51,717189416,455976849,1173166265,1621994,1173166531,266,15851313,276,1187395594,237959,375914,575218,4582681.76,61919.19,4638264.04,3945290646.65,6522993405.04,0.00,0.00
18446744070333.31,454294774,0,0,454294774,7,44,51,717320649,456028220,1173348869,1673354,1173349135,266,16368578,276,1188044102,182604,517265,648508,4583395.06,63939.76,4640797.27,3945290646.65,6522993405.04,0.00,0.00
18446744070335.31,454294774,0,24,454294750,7,44,51,717457275,456077322,1173534597,1722442,1173534863,266,16853294,276,1188665459,185728,484716,621357,4584120.56,65833.18,4643224.45,3945290646.65,6522993405.04,0.00,0.00
18446744070337.31,454294770,4,28,454294742,7,44,51,717553294,456133998,1173687292,1779114,1173687558,266,17421795,276,1189329983,152695,568501,664524,4584717.02,68053.89,4645820.25,3945290646.65,6522993405.04,0.00,0.00
18446744070339.31,454294766,8,24,454294742,7,44,51,717834370,456155898,1173990268,1800874,1173990534,266,17611082,276,1189800486,302976,189287,470503,4585900.52,68793.29,4647658.15,3945290646.65,6522993405.04,0.00,0.00
18446744070341.31,454294760,14,18,454294742,7,44,51,718136029,456177440,1174313469,1822346,1174313735,266,17801310,276,1190292443,323201,190228,491957,4587163.03,69536.37,4649579.86,3945290646.65,6522993405.04,0.00,0.00
18446744070343.31,454294774,0,24,454294750,7,44,51,718500817,456182573,1174683390,1827434,1174683656,266,17838422,276,1190694388,369921,37112,401945,4588608.03,69681.34,4651149.95,3945290646.65,6522993405.04,0.00,0.00
18446744070345.31,454294774,0,0,454294774,7,44,51,718831197,456195337,1175026534,1840138,1175026800,266,17942674,276,1191129112,343144,104252,434724,4589948.44,70088.57,4652848.09,3945290646.65,6522993405.04,0.00,0.00
18446744070347.31,454294774,0,28,454294746,7,44,51,719070167,456206679,1175276846,1851370,1175277112,266,18044100,276,1191469586,250312,101426,340474,4590926.22,70484.77,4654178.07,3945290646.65,6522993405.04,0.00,0.00
18446744070349.31,454294772,2,32,454294740,7,44,51,719202817,456211545,1175414362,1856170,1175414628,266,18162583,276,1191720785,137516,118483,251199,4591463.39,70947.59,4655159.32,3945309082.80,6522993405.04,18436.14,0.00
18446744070351.31,454294774,0,32,454294742,7,44,51,719339530,456215237,1175554767,1859850,1175555033,266,18252131,276,1191947058,140405,89548,226273,4592011.85,71297.39,4656043.20,3945309082.80,6522993405.04,0.00,0.00
18446744070353.31,454294774,0,32,454294742,7,44,51,719488428,456216382,1175704810,1860970,1175705076,266,18267104,276,1192110954,150043,14973,163896,4592597.95,71355.88,4656683.41,3945309082.80,6522993405.04,0.00,0.00
18446744070355.31,454294774,0,12,454294762,7,44,51,719630427,456217599,1175848026,1862058,1175848292,266,18273274,276,1192259252,143216,6170,148298,4593157.39,71379.98,4657262.70,3945309082.80,6522993405.04,0.00,0.00
18446744070357.31,454294774,0,32,454294742,7,44,51,719838945,456222619,1176061564,1867082,1176061830,266,18314438,276,1192508930,213538,41164,249678,4593991.52,71540.77,4658238.01,3945309082.80,6522993405.04,0.00,0.00
18446744070359.31,454294767,7,32,454294735,7,44,51,720199977,456232219,1176432196,1876618,1176432462,266,18387938,276,1192943526,370632,73500,434596,4595439.30,71827.88,4659935.65,3945309082.80,6522993405.04,0.00,0.00
18446744070361.31,454294774,0,0,454294774,7,44,51,720549967,456250220,1176800187,1894442,1176800453,266,18533215,276,1193438970,367991,145277,495444,4596876.77,72395.37,4661870.98,3945313360.02,6522993405.04,4277.22,0.00
18446744070363.31,454294774,0,32,454294742,7,44,51,720890447,456267734,1177158181,1911978,1177158447,266,18682172,276,1193928385,357994,148957,489415,4598275.18,72977.23,4663782.75,3945313360.02,6522993405.04,0.00,0.00
18446744070365.31,454294774,0,32,454294742,7,44,51,721249368,456284068,1177533436,1928298,1177533702,266,18816812,276,1194421960,375255,134640,493575,4599741.02,73503.17,4665710.78,3945313360.02,6522993405.04,0.00,0.00
18446744070367.31,454294774,0,16,454294758,7,44,51,721576291,456303467,1177879758,1947626,1177880024,266,18974509,276,1194906651,346322,157697,484691,4601093.84,74119.18,4667604.11,3945318777.16,6524202209.26,5417.14,1208804.22
18446744070369.31,454294774,0,32,454294742,7,44,51,721906265,456323244,1178229509,1967370,1178229775,266,19148859,276,1195411008,349751,174350,504357,4602460.06,74800.23,4669574.25,3945318777.16,6524202209.26,0.00,0.00
18446744070371.31,454294774,0,28,454294746,7,44,51,722241482,456340639,1178582121,1984714,1178582387,266,19282524,276,1195879941,352612,133665,468933,4603837.45,75322.36,4671406.02,3945318777.16,6524202209.26,0.00,0.00
18446744070373.31,454294774,0,32,454294742,7,44,51,722592401,456353375,1178945776,1997322,1178946042,266,19367285,276,1196315749,363655,84761,435808,4605257.98,75653.46,4673108.39,3945318777.16,6524202209.26,0.00,0.00
18446744070375.31,454294774,0,32,454294742,7,44,51,722879188,456376965,1179256153,2020842,1179256419,266,19568257,276,1196803578,310377,200972,487829,4606470.39,76438.50,4675013.98,3945318777.16,6524202209.26,0.00,0.00
18446744070377.31,454294760,13,0,454294760,7,44,51,723140104,456409626,1179549730,2053482,1179549996,266,19855830,276,1197352120,293577,287573,548542,4607617.17,77561.84,4677156.72,3945318777.16,6524202209.26,0.00,0.00
18446744070379.31,454294774,0,24,454294750,7,44,51,723412393,456424862,1179837255,2068618,1179837521,266,19965553,276,1197734200,287525,109723,382080,4608740.32,77990.44,4678649.22,3945318777.16,6524202209.26,0.00,0.00
18446744070381.31,454294774,0,32,454294742,7,44,51,723556342,456426151,1179982493,2069898,1179982759,266,19979186,276,1197891791,145238,13633,157591,4609307.65,78043.70,4679264.81,3945329165.68,6524202209.26,10388.52,0.00
18446744070383.31,454294774,0,0,454294774,7,44,51,723701628,456428538,1180130166,2072202,1180130432,266,20035113,276,1198093119,147673,55927,201328,4609884.50,78262.16,4680051.25,3945329165.68,6524202209.26,0.00,0.00
18446744070385.31,454294774,0,2,454294772,7,44,51,723814881,456436216,1180251097,2079850,1180251363,266,20255979,276,1198427236,120931,220866,334117,4610356.89,79124.92,4681356.39,3945329165.68,6524202209.26,0.00,0.00
18446744070387.31,454294774,0,32,454294742,7,44,51,723958301,456439906,1180398207,2083562,1180398473,266,20370424,276,1198685079,147110,114445,257843,4610931.54,79571.97,4682363.59,3945329165.68,6524202209.26,0.00,0.00
18446744070389.31,454294774,0,32,454294742,7,44,51,724116209,456461876,1180578085,2105450,1180578351,266,20652072,276,1199124717,179878,281648,439638,4611634.18,80672.16,4684080.93,3945329165.68,6524202209.26,0.00,0.00
18446744070391.31,454294774,0,32,454294742,7,44,51,724402621,456487425,1180890046,2130858,1180890313,266,20862613,276,1199621811,311962,210541,497094,4612852.79,81494.58,4686022.70,3945332168.26,6524202209.26,3002.58,0.00
18446744070393.31,454294774,0,20,454294754,7,44,51,724738741,456506367,1181245108,2149738,1181245375,266,21014735,276,1200110115,355062,152122,488304,4614239.75,82088.81,4687930.14,3945332168.26,6524202209.26,0.00,0.00
18446744070395.31,454294774,0,12,454294762,7,44,51,725090770,456522028,1181612798,2165290,1181613064,266,21144157,276,1200591675,367689,129422,481560,4615676.03,82594.36,4689811.23,3945332168.26,6524202209.26,0.00,0.00
18446744070397.31,454294774,0,32,454294742,7,44,51,725413851,456543704,1181957555,2186954,1181957821,266,21331475,276,1201102086,344757,187318,510411,4617022.74,83326.07,4691805.02,3945332168.26,6524202209.26,0.00,0.00
18446744070399.31,454294774,0,32,454294742,7,44,51,725778842,456561433,1182340275,2204586,1182340541,266,21468586,276,1201604285,382720,137111,502199,4618517.74,83861.66,4693766.74,3945332168.26,6524202209.26,0.00,0.00
18446744070401.31,454294774,0,32,454294742,7,44,51,726035049,456600340,1182635389,2243434,1182635655,266,21779576,276,1202171541,295114,310990,567256,4619670.53,85076.47,4695982.58,3945332168.26,6524202209.26,0.00,0.00
18446744070403.31,454294774,0,32,454294742,7,44,51,726353773,456630835,1182984608,2273834,1182984875,266,22017747,276,1202728531,349220,238171,556990,4621034.67,86006.82,4698158.32,3945332168.26,6524202209.26,0.00,0.00
18446744070405.31,454294766,8,14,454294752,7,44,51,726723839,456649061,1183372900,2292010,1183373166,266,22145411,276,1203226311,388291,127664,497780,4622551.43,86505.51,4700102.78,3945332168.26,6524202209.26,0.00,0.00
18446744070407.31,454294754,20,0,454294754,7,44,51,727095344,456662721,1183758065,2305642,1183758331,266,22248986,276,1203701451,385165,103575,475140,4624055.98,86910.10,4701958.79,3945332168.26,6524202209.26,0.00,0.00
18446744070409.31,454294774,0,32,454294742,7,44,51,727322846,456679189,1184002035,2322026,1184002301,266,22380855,276,1204060874,243970,131869,359423,4625008.99,87425.21,4703362.79,3945332168.26,6524202209.26,0.00,0.00
18446744070411.31,454294774,0,32,454294742,7,44,51,727452320,456685827,1184138147,2328650,1184138413,266,22573548,276,1204383055,136112,192693,322181,4625540.68,88177.92,4704621.31,3945346803.48,6524202209.26,14635.21,0.00
18446744070413.31,454294774,0,0,454294774,7,44,51,727598995,456687107,1184286102,2329834,1184286368,266,22583551,276,1204539829,147955,10003,156774,4626118.62,88217.00,4705233.71,3945346803.48,6524202209.26,0.00,0.00
18446744070415.31,454294774,0,32,454294742,7,44,51,727746482,456689221,1184435703,2331978,1184435969,266,22631861,276,1204735596,149601,48310,195767,4626703.00,88405.71,4705998.42,3945346803.48,6524202209.26,0.00,0.00
18446744070417.31,454294774,0,24,454294750,7,44,51,727894079,456690656,1184584735,2333386,1184585001,266,22663067,276,1204914426,149032,31206,178830,4627285.16,88527.61,4706696.98,3945346803.48,6524202209.26,0.00,0.00
18446744070419.31,454294774,0,32,454294742,7,44,51,728016813,456697996,1184714809,2340714,1184715075,266,22835477,276,1205209582,130074,172410,295156,4627793.26,89201.08,4707849.93,3945346803.48,6524202209.26,0.00,0.00
18446744070421.31,454294774,0,24,454294750,7,44,51,728317977,456719530,1185037507,2362154,1185037774,266,23016473,276,1205691836,322699,180996,482254,4629053.80,89908.10,4709733.73,3945346803.48,6524202209.26,0.00,0.00
18446744070423.31,454294774,0,24,454294750,7,44,51,728631751,456737631,1185369382,2380138,1185369648,266,23167824,276,1206157078,331874,151351,465242,4630350.19,90499.31,4711551.09,3945350820.82,6524202209.26,4017.34,0.00
18446744070425.31,454294774,0,32,454294742,7,44,51,728948532,456756580,1185705112,2399018,1185705378,266,23322598,276,1206628702,335730,154774,471624,4631661.63,91103.90,4713393.37,3945350820.82,6524202209.26,0.00,0.00
18446744070427.31,454294774,0,0,454294774,7,44,51,729233320,456782239,1186015559,2424586,1186015825,266,23556692,276,1207147683,310447,234094,518981,4632874.32,92018.33,4715420.64,3945350820.82,6524202209.26,0.00,0.00
18446744070429.31,454294774,0,8,454294766,7,44,51,729533954,456800293,1186334247,2442602,1186334513,266,23719969,276,1207611624,318688,163277,463941,4634119.19,92656.13,4717232.91,3945350820.82,6524202209.26,0.00,0.00
18446744070431.31,454294774,0,0,454294774,7,44,51,729848052,456817482,1186665534,2459722,1186665800,266,23875029,276,1208080883,331287,155060,469259,4635413.28,93261.83,4719065.95,3945350820.82,6524202209.26,0.00,0.00
18446744070433.31,454294774,0,32,454294742,7,44,51,730101221,456851187,1186952408,2493354,1186952674,266,24168558,276,1208627622,286874,293529,546739,4636533.88,94408.43,4721201.65,3945350820.82,6524202209.26,0.00,0.00
18446744070435.31,454294755,19,13,454294742,7,44,51,730299008,456891223,1187190231,2533322,1187190497,266,24542211,276,1209199130,237823,373653,571508,4637462.88,95868.01,4723434.10,3945350820.82,6524202209.26,0.00,0.00
18446744070437.31,454294774,0,32,454294742,7,44,51,730619814,456903866,1187523680,2545866,1187523946,266,24650021,276,1209627845,333449,107810,428715,4638765.41,96289.14,4725108.77,3945350820.82,6524202209.26,0.00,0.00
18446744070439.31,454294767,7,25,454294742,7,44,51,730752631,456907105,1187659736,2549098,1187660002,266,24754197,276,1209864845,136056,104176,237000,4639296.88,96696.08,4726034.55,3945362691.09,6524202209.26,11870.27,0.00
18446744070441.31,454294774,0,10,454294764,7,44,51,730884954,456909917,1187794871,2551882,1187795137,266,24823398,276,1210066397,135135,69201,201552,4639824.75,96966.40,4726821.86,3945362691.09,6524202209.26,0.00,0.00
18446744070443.31,454294774,0,14,454294760,7,44,51,731025495,456910169,1187935664,2552138,1187935930,266,24825765,276,1210209301,140793,2367,142904,4640374.73,96975.64,4727380.08,3945362691.09,6524202209.26,0.00,0.00
18446744070445.31,454294774,0,22,454294752,7,44,51,731166572,456910834,1188077406,2552810,1188077672,266,24841846,276,1210366452,141742,16081,157151,4640928.41,97038.46,4727993.95,3945362691.09,6524202209.26,0.00,0.00
18446744070447.31,454294774,0,26,454294748,7,44,51,731320960,456911155,1188232115,2553130,1188232381,266,24847497,276,1210526492,154709,5651,160040,4641532.74,97060.54,4728619.11,3945362691.09,6524202209.26,0.00,0.00
18446744070449.31,454294774,0,4,454294770,7,44,51,731669113,456915887,1188585000,2557834,1188585266,266,24885738,276,1210912914,352885,38241,386422,4642911.20,97209.91,4730128.57,3945362691.09,6524202209.26,0.00,0.00
18446744070451.31,454294774,0,32,454294742,7,44,51,732030834,456916984,1188947818,2558890,1188948084,266,24887924,276,1211276862,362818,2186,363948,4644328.45,97218.45,4731550.24,3945366199.79,6524202209.26,3508.70,0.00
18446744070453.31,454294774,0,16,454294758,7,44,51,732397596,456923723,1189321319,2565610,1189321585,266,24941923,276,1211697642,373501,53999,420780,4645787.44,97429.39,4733193.91,3945366199.79,6524202209.26,0.00,0.00
18446744070455.31,454294774,0,32,454294742,7,44,51,732697854,456947266,1189645120,2589162,1189645386,266,25158034,276,1212214002,323801,216111,516360,4647052.29,98273.57,4735210.95,3945366199.79,6524202209.26,0.00,0.00
18446744070457.31,454294774,0,32,454294742,7,44,51,732876220,456987980,1189864200,2629770,1189864466,266,25556159,276,1212790599,219080,398125,576597,4647908.07,99828.75,4737463.28,3945366199.79,6524202209.26,0.00,0.00
18446744070459.31,454294754,20,12,454294742,7,44,51,733142652,457017702,1190160354,2659370,1190160620,266,25823388,276,1213324382,296154,267229,533783,4649064.92,100872.61,4739548.37,3945366199.79,6524202209.26,0.00,0.00
18446744070461.31,454294774,0,0,454294774,7,44,51,733414529,457049387,1190463916,2690986,1190464182,266,26107201,276,1213880169,303562,283813,555787,4650250.71,101981.25,4741719.41,3945366199.79,6524202209.26,0.00,0.00
18446744070463.31,454294774,0,0,454294774,7,44,51,733735162,457075679,1190810841,2717034,1190811107,266,26310986,276,1214404803,346925,203785,524634,4651605.89,102777.29,4743768.76,3945366199.79,6524202209.26,0.00,0.00
18446744070465.31,454294774,0,8,454294766,7,44,51,733864673,457126764,1190991437,2768074,1190991704,266,26830683,276,1215054056,180597,519697,649253,4652311.34,104807.36,4746304.91,3945366199.79,6524202209.26,0.00,0.00
18446744070467.31,454294774,0,0,454294774,7,44,51,734187636,457141472,1191329108,2782666,1191329374,266,26953684,276,1215500136,337670,123001,446080,4653630.37,105287.83,4748047.41,3945366199.79,6524202209.26,0.00,0.00
18446744070469.31,454294774,0,32,454294742,7,44,51,734468489,457164722,1191633211,2805866,1191633477,266,27155952,276,1215983307,304103,202268,483171,4654818.27,106077.94,4749934.79,3945366199.79,6524202209.26,0.00,0.00
18446744070471.31,454294774,0,32,454294742,7,44,51,734605390,457166685,1191772075,2807818,1191772341,266,27188384,276,1216152651,138864,32432,169344,4655360.71,106204.62,4750596.29,3945380742.18,6524202209.26,14542.39,0.00
18446744070473.31,454294774,0,32,454294742,7,44,51,734744376,457168154,1191912530,2809258,1191912796,266,27218438,276,1216321720,140455,30054,169069,4655909.36,106322.02,4751256.72,3945380742.18,6524202209.26,0.00,0.00
18446744070475.31,454294774,0,32,454294742,7,44,51,734882454,457170478,1192052932,2811530,1192053198,266,27256627,276,1216498039,140402,38189,176319,4656457.80,106471.20,4751945.46,3945380742.18,6524202209.26,0.00,0.00
18446744070477.31,454294774,0,24,454294750,7,44,51,735017354,457171871,1192189225,2812874,1192189491,266,27265630,276,1216641991,136293,9003,143952,4656990.20,106506.37,4752507.78,3945380742.18,6524202209.26,0.00,0.00
18446744070479.31,454294742,32,0,454294742,7,44,51,735204379,457176208,1192380587,2817162,1192380853,266,27360318,276,1216923785,191362,94688,281794,4657737.71,106876.24,4753608.54,3945380742.18,6524202209.26,0.00,0.00
18446744070481.31,454294774,0,32,454294742,7,44,51,735478632,457201158,1192679790,2842058,1192680056,266,27576468,276,1217414209,299203,216150,490424,4658906.47,107720.58,4755524.25,3945380742.18,6524202209.26,0.00,0.00
18446744070483.31,454294774,0,0,454294774,7,44,51,735755990,457224743,1192980733,2865642,1192980999,266,27803039,276,1217918156,300943,226571,503947,4660082.03,108605.62,4757492.80,3945384434.38,6524202209.26,3692.21,0.00
18446744070485.31,454294774,0,32,454294742,7,44,51,735982357,457262217,1193244574,2903114,1193244840,266,28150738,276,1218492208,263841,347699,574052,4661112.66,109963.82,4759735.19,3945384434.38,6524202209.26,0.00,0.00
18446744070487.31,454294774,0,32,454294742,7,44,51,736231086,457294483,1193525569,2935370,1193525835,266,28453802,276,1219044011,280995,303064,551803,4662210.29,111147.66,4761890.67,3945384434.38,6524202209.26,0.00,0.00
18446744070489.31,454294774,0,11,454294763,7,44,51,736565320,457312139,1193877459,2953002,1193877725,266,28610200,276,1219534667,351890,156398,490656,4663584.86,111758.59,4763807.29,3945384434.38,6524202209.26,0.00,0.00
18446744070491.31,454294774,0,28,454294746,7,44,51,736912000,457321217,1194233217,2962058,1194233483,266,28689110,276,1219960279,355758,78910,425612,4664974.54,112066.84,4765469.84,3945384434.38,6524202209.26,0.00,0.00
18446744070493.31,454294774,0,32,454294742,7,44,51,737143117,457353220,1194496337,2993994,1194496603,266,28994292,276,1220496645,263120,305182,536366,4666002.36,113258.95,4767565.02,3945384434.38,6524202209.26,0.00,0.00
18446744070495.31,454294771,3,17,454294754,7,44,51,737468684,457366435,1194835119,3007178,1194835385,266,29107885,276,1220935836,338782,113593,439191,4667325.72,113702.68,4769280.61,3945384434.38,6524202209.26,0.00,0.00
18446744070497.31,454294774,0,28,454294746,7,44,51,737778087,457382018,1195160105,3022698,1195160371,266,29242123,276,1221379540,324986,134238,443704,4668595.20,114227.04,4771013.83,3945384434.38,6524202209.26,0.00,0.00
18446744070499.31,454294768,6,0,454294768,7,44,51,737936890,457393547,1195330437,3034122,1195330703,266,29428760,276,1221725117,170332,186637,345577,4669260.56,114956.09,4772363.74,3945384434.38,6524202209.26,0.00,0.00
18446744070501.31,454294765,9,0,454294765,7,44,51,738039637,457404162,1195443799,3044714,1195444065,266,29799440,276,1222198567,113362,370680,473450,4669703.38,116404.06,4774213.15,3945396905.89,6524202209.26,12471.51,0.00
18446744070503.31,454294774,0,24,454294750,7,44,51,738165627,457411267,1195576894,3051786,1195577160,266,29989475,276,1222514593,133095,190035,316026,4670223.28,117146.39,4775447.63,3945396905.89,6524202209.26,0.00,0.00
18446744070505.31,454294774,0,0,454294774,7,44,51,738283520,457416733,1195700253,3057258,1195700519,266,30150212,276,1222793249,123359,160737,278656,4670705.15,117774.27,4776536.13,3945396905.89,6524202209.26,0.00,0.00
18446744070507.31,454294774,0,32,454294742,7,44,51,738398266,457424862,1195823128,3065386,1195823394,266,30393162,276,1223150914,122875,242950,357665,4671185.13,118723.29,4777933.26,3945396905.89,6524202209.26,0.00,0.00
18446744070509.31,454294774,0,32,454294742,7,44,51,738564597,457461925,1196026522,3102442,1196026788,266,30811712,276,1223735802,203394,418550,584888,4671979.64,120358.25,4780217.98,3945396905.89,6524202209.26,0.00,0.00
18446744070511.31,454294774,0,32,454294742,7,44,51,738791300,457495017,1196286317,3135530,1196286583,266,31126174,276,1224276971,259795,314462,541169,4672994.46,121586.62,4782331.92,3945400300.53,6524202209.26,3394.64,0.00
18446744070513.31,454294773,1,0,454294773,7,44,51,739060195,457518952,1196579147,3159338,1196579413,266,31340416,276,1224760267,292830,214242,483296,4674138.33,122423.50,4784219.79,3945400300.53,6524202209.26,0.00,0.00
18446744070515.31,454294774,0,32,454294742,7,44,51,739340881,457544751,1196885632,3185034,1196885898,266,31565935,276,1225266543,306485,225519,506276,4675335.54,123304.43,4786197.43,3945400300.53,6524202209.26,0.00,0.00
18446744070517.31,454294774,0,32,454294742,7,44,51,739655313,457559134,1197214447,3199242,1197214713,266,31686779,276,1225701994,328815,120844,435451,4676619.97,123776.48,4787898.41,3945400300.53,6524202209.26,0.00,0.00
18446744070519.31,454294751,22,0,454294751,7,44,51,739846555,457599216,1197445771,3239306,1197446037,266,32077051,276,1226283558,231324,390272,581564,4677523.58,125300.98,4790170.15,3945400300.53,6524202209.26,0.00,0.00
18446744070521.31,454294774,0,0,454294774,7,44,51,740046787,457638300,1197685087,3278346,1197685353,266,32460003,276,1226866754,239316,382952,583196,4678458.41,126796.89,4792448.26,3945400300.53,6524202209.26,0.00,0.00
18446744070523.31,454294774,0,10,454294764,7,44,51,740313612,457661156,1197974768,3301194,1197975034,266,32683642,276,1227357226,289681,223639,490472,4679589.98,127670.48,4794364.16,3945400300.53,6524202209.26,0.00,0.00
18446744070525.31,454294747,27,32,454294715,7,44,51,740650439,457669481,1198319920,3309418,1198320186,266,32741448,276,1227751960,345152,57806,394734,4680938.23,127896.28,4795906.09,3945400300.53,6524202209.26,0.00,0.00
18446744070527.31,454294769,5,0,454294769,7,44,51,740887517,457699986,1198587503,3339786,1198587769,266,33032011,276,1228279770,267583,290563,527810,4681983.47,129031.29,4797967.85,3945400300.53,6524202209.26,0.00,0.00
18446744070529.31,454294774,0,20,454294754,7,44,51,741062735,457705886,1198768621,3345674,1198768887,266,33091666,276,1228514623,181118,59655,234853,4682690.96,129264.32,4798885.25,3945400300.53,6524202209.26,0.00,0.00
18446744070531.31,454294774,0,32,454294742,7,44,51,741203953,457708082,1198912035,3347882,1198912301,266,33148549,276,1228712712,143414,56883,198089,4683251.18,129486.52,4799659.03,3945412750.71,6524202209.26,12450.18,0.00
18446744070533.31,454294770,4,6,454294764,7,44,51,741328937,457711580,1199040517,3351338,1199040783,266,33264315,276,1228953504,128482,115766,240792,4683753.06,129938.73,4800599.62,3945412750.71,6524202209.26,0.00,0.00
18446744070535.31,454294767,7,32,454294735,7,44,51,741455590,457715475,1199171065,3355242,1199171331,266,33348047,276,1229163880,130548,83732,210376,4684263.01,130265.81,4801421.41,3945412750.71,6524202209.26,0.00,0.00
18446744070537.31,454294774,0,32,454294742,7,44,51,741583812,457723000,1199306812,3362762,1199307078,266,33545528,276,1229489588,135747,197481,325708,4684793.27,131037.22,4802693.70,3945412750.71,6524202209.26,0.00,0.00
18446744070539.31,454294774,0,6,454294768,7,44,51,741894956,457742092,1199637048,3381610,1199637314,266,33698175,276,1229953623,330236,152647,464035,4686083.26,131633.50,4804506.34,3945412750.71,6524202209.26,0.00,0.00
18446744070541.31,454294774,0,32,454294742,7,44,51,742181467,457767727,1199949194,3407178,1199949460,266,33927006,276,1230469032,312146,228831,515409,4687302.58,132527.37,4806519.66,3945415731.12,6524202209.26,2980.40,0.00
18446744070543.31,454294774,0,24,454294750,7,44,51,742343421,457809794,1200153215,3449226,1200153481,266,34354348,276,1231058347,204021,427342,589315,4688099.54,134196.67,4808821.67,3945415731.12,6524202209.26,0.00,0.00
18446744070545.31,454294774,0,32,454294742,7,44,51,742677614,457819390,1200497004,3458826,1200497270,266,34427292,276,1231465480,343789,72944,407133,4689442.46,134481.61,4810412.03,3945415731.12,6524202209.26,0.00,0.00
18446744070547.31,454294762,12,8,454294754,7,44,51,743034094,457825617,1200859711,3464906,1200859977,266,34468783,276,1231863598,362707,41491,398118,4690859.29,134643.68,4811967.18,3945415731.12,6524202209.26,0.00,0.00
18446744070549.31,454294774,0,32,454294742,7,44,51,743305855,457851689,1201157544,3490794,1201157810,266,34693494,276,1232360254,297833,224711,496656,4692022.70,135521.46,4813907.24,3945415731.12,6524202209.26,0.00,0.00
18446744070551.31,454294774,0,32,454294742,7,44,51,743658595,457863352,1201521947,3502282,1201522213,266,34775617,276,1232795292,364403,82123,435038,4693446.14,135842.25,4815606.61,3945415731.12,6524202209.26,0.00,0.00
18446744070553.31,454294774,0,24,454294750,7,44,51,744041769,457877442,1201919211,3516266,1201919477,266,34880700,276,1233283655,397264,105083,488363,4694997.96,136252.73,4817514.28,3945415731.12,6524202209.26,0.00,0.00
18446744070555.31,454294774,0,32,454294742,7,44,51,744402329,457892344,1202294673,3530986,1202294939,266,34994058,276,1233757755,375462,113358,474100,4696464.61,136695.54,4819366.23,3945415731.12,6524202209.26,0.00,0.00
18446744070557.31,454294774,0,32,454294742,7,44,51,744558921,457895257,1202454178,3533898,1202454444,266,35059779,276,1233980069,159505,65721,222314,4697087.67,136952.26,4820234.64,3945427972.55,6524202209.26,12241.44,0.00
18446744070559.31,454294774,0,16,454294758,7,44,51,744699460,457902256,1202601716,3540874,1202601982,266,35273649,276,1234334501,147538,213870,354432,4697663.99,137787.69,4821619.14,3945427972.55,6524202209.26,0.00,0.00
18446744070561.31,454294774,0,14,454294760,7,44,51,744843803,457907789,1202751592,3546378,1202751858,266,35421662,276,1234626886,149876,148013,292385,4698249.45,138365.87,4822761.27,3945427972.55,6524202209.26,0.00,0.00
18446744070563.31,454294774,0,24,454294750,7,44,51,745004493,457909682,1202914175,3548202,1202914441,266,35442436,276,1234808419,162583,20774,181533,4698884.54,138447.02,4823470.39,3945427972.55,6524202209.26,0.00,0.00
18446744070565.31,454294765,9,32,454294733,7,44,51,745168446,457912886,1203081332,3551306,1203081598,266,35463388,276,1234993424,167157,20952,185005,4699537.49,138528.86,4824193.06,3945427972.55,6524202209.26,0.00,0.00
18446744070567.31,454294774,0,32,454294742,7,44,51,745561370,457922338,1203483708,3560554,1203483974,266,35523743,276,1235446907,402376,60355,453483,4701109.27,138764.62,4825964.48,3945427972.55,6524202209.26,0.00,0.00
18446744070569.31,454294774,0,30,454294744,7,44,51,745895932,457942983,1203838915,3581130,1203839181,266,35693925,276,1235951720,355207,170182,504813,4702496.80,139429.39,4827936.41,3945431954.20,6524202209.26,3981.65,0.00
18446744070571.31,454294774,0,16,454294758,7,44,51,746268193,457948598,1204216791,3586538,1204217057,266,35722847,276,1236353110,377876,28922,401390,4703972.88,139542.37,4829504.34,3945431954.20,6524202209.26,0.00,0.00
18446744070573.31,454294742,32,0,454294742,7,44,51,746611739,457960352,1204572091,3598186,1204572357,266,35804697,276,1236778644,355300,81850,425534,4705360.77,139862.10,4831166.58,3945431954.20,6524202209.26,0.00,0.00
18446744070575.31,454294774,0,22,454294752,7,44,51,746905148,457982780,1204887928,3620586,1204888194,266,36008203,276,1237275555,315837,203506,496911,4706594.51,140657.04,4833107.64,3945431954.20,6524202209.26,0.00,0.00
18446744070577.31,454294774,0,16,454294758,7,44,51,747200099,458006662,1205206761,3644458,1205207027,266,36225640,276,1237787953,318833,217437,512398,4707839.95,141506.41,4835109.19,3945431954.20,6524202209.26,0.00,0.00
18446744070579.31,454294774,0,8,454294766,7,44,51,747461041,458033960,1205495001,3671658,1205495267,266,36488863,276,1238312216,288240,263223,524263,4708965.89,142534.62,4837157.09,3945431954.20,6524202209.26,0.00,0.00
18446744070581.31,454294774,0,32,454294742,7,44,51,747833636,458038965,1205872601,3676650,1205872867,266,36526111,276,1238722072,377600,37248,409856,4710440.89,142680.12,4838758.09,3945431954.20,6524202209.26,0.00,0.00
18446744070583.31,454294774,0,20,454294754,7,44,51,748078603,458041470,1206120073,3679018,1206120339,266,36531032,276,1238972097,247472,4921,250025,4711407.57,142699.34,4839734.75,3945431954.20,6524202209.26,0.00,0.00
18446744070585.31,454294774,0,18,454294756,7,44,51,748202703,458045686,1206248389,3683050,1206248655,266,36598681,276,1239164030,128316,67649,191933,4711908.81,142963.60,4840484.49,3945443824.57,6524202209.26,11870.37,0.00
18446744070587.31,454294774,0,32,454294742,7,44,51,748327796,458049848,1206377644,3687210,1206377910,266,36704396,276,1239394840,129255,105715,230810,4712413.71,143376.55,4841386.09,3945443824.57,6524202209.26,0.00,0.00
18446744070589.31,454294742,32,0,454294742,7,44,51,748455693,458052928,1206508621,3690282,1206508887,266,36804449,276,1239622830,130977,100053,227990,4712925.34,143767.38,4842276.68,3945443824.57,6524202209.26,0.00,0.00
18446744070591.31,454294774,0,32,454294742,7,44,51,748571403,458058689,1206630092,3696042,1206630358,266,36985984,276,1239920044,121471,181535,297214,4713399.84,144476.50,4843437.67,3945443824.57,6524202209.26,0.00,0.00
18446744070593.31,454294774,0,14,454294760,7,44,51,748849379,458071800,1206921179,3709066,1206921445,266,37119593,276,1240331716,291087,133609,411672,4714536.89,144998.41,4845045.77,3945443824.57,6524202209.26,0.00,0.00
18446744070595.31,454294774,0,32,454294742,7,44,51,749197077,458074996,1207272073,3711978,1207272339,266,37131662,276,1240691767,350894,12069,360051,4715907.57,145045.55,4846452.21,3945447457.39,6524202209.26,3632.82,0.00
18446744070597.31,454294774,0,3,454294771,7,44,51,749475693,458097850,1207573543,3734762,1207573809,266,37334219,276,1241173010,301470,202557,481243,4717085.19,145836.79,4848332.07,3945447457.39,6524202209.26,0.00,0.00
18446744070599.31,454294774,0,4,454294770,7,44,51,749827133,458106593,1207933726,3743530,1207933992,266,37418492,276,1241608698,360183,84273,435688,4718492.16,146165.98,4850033.98,3945447457.39,6524202209.26,0.00,0.00
18446744070601.31,454294774,0,32,454294742,7,44,51,750151963,458116835,1208268798,3753770,1208269064,266,37510029,276,1242025067,335072,91537,416369,4719801.03,146523.55,4851660.42,3945447457.39,6524202209.26,0.00,0.00
18446744070603.31,454294767,7,5,454294762,7,44,51,750454073,458133699,1208587772,3770602,1208588038,266,37669239,276,1242486419,318974,159210,461352,4721047.02,147145.46,4853462.57,3945447457.39,6524202209.26,0.00,0.00
18446744070605.31,454294774,0,32,454294742,7,44,51,750739850,458155454,1208895304,3792362,1208895570,266,37868276,276,1242971228,307532,199037,484809,4722248.32,147922.95,4855356.36,3945447457.39,6524202209.26,0.00,0.00
18446744070607.31,454294774,0,24,454294750,7,44,51,751064023,458167632,1209231655,3804394,1209231921,266,37968997,276,1243396268,336351,100721,425040,4723562.19,148316.39,4857016.67,3945447457.39,6524202209.26,0.00,0.00
18446744070609.31,454294774,0,26,454294748,7,44,51,751250689,458168926,1209419615,3805578,1209419881,266,37975312,276,1243589359,187960,6315,193091,4724296.41,148341.06,4857770.93,3945447457.39,6524202209.26,0.00,0.00
18446744070611.31,454294774,0,16,454294758,7,44,51,751385556,458171016,1209556572,3807562,1209556838,266,38007063,276,1243756083,136957,31751,166724,4724831.40,148465.09,4858422.20,3945457941.63,6524202209.26,10484.25,0.00
18446744070613.31,454294742,32,0,454294742,7,44,51,751503908,458176015,1209679923,3812490,1209680189,266,38145242,276,1244012717,123351,138179,256634,4725313.24,149004.85,4859424.68,3945457941.63,6524202209.26,0.00,0.00
18446744070615.31,454294774,0,8,454294766,7,44,51,751652181,458177132,1209829313,3813514,1209829579,266,38154421,276,1244170230,149390,9179,157513,4725896.79,149040.71,4860039.96,3945457941.63,6524202209.26,0.00,0.00
18446744070617.31,454294774,0,2,454294772,7,44,51,751839283,458178881,1210018164,3815178,1210018430,266,38176014,276,1244379010,188851,21593,208780,4726634.49,149125.05,4860855.51,3945457941.63,6524202209.26,0.00,0.00
18446744070619.31,454294774,0,22,454294752,7,44,51,752198386,458186089,1210384475,3822314,1210384741,266,38231620,276,1244793791,366311,55606,414781,4728065.39,149342.27,4862475.75,3945457941.63,6524202209.26,0.00,0.00
18446744070621.31,454294742,32,0,454294742,7,44,51,752495194,458209349,1210704543,3845514,1210704809,266,38432094,276,1245291150,320068,200474,497359,4729315.66,150125.37,4864418.55,3945461104.83,6524202209.26,3163.20,0.00
18446744070623.31,454294759,15,32,454294727,7,44,51,752875522,458217260,1211092782,3853034,1211093048,266,38484277,276,1245724035,388239,52183,432885,4730832.22,150329.21,4866109.51,3945461104.83,6524202209.26,0.00,0.00
18446744070625.31,454294774,0,32,454294742,7,44,51,753244235,458230514,1211474749,3866154,1211475015,266,38582824,276,1246191429,381967,98547,467394,4732324.28,150714.16,4867935.27,3945461104.83,6524202209.26,0.00,0.00
18446744070627.31,454294774,0,32,454294742,7,44,51,753578720,458248065,1211826785,3883594,1211827052,266,38719234,276,1246662435,352037,136410,471006,4733699.42,151247.01,4869775.14,3945461104.83,6524202209.26,0.00,0.00
18446744070629.31,454294750,24,5,454294745,7,44,51,753944236,458260554,1212204790,3895850,1212205057,266,38804790,276,1247113740,378005,85556,451305,4735176.00,151581.21,4871538.05,3945461104.83,6524202209.26,0.00,0.00
18446744070631.31,454294762,12,20,454294742,7,44,51,754240053,458284351,1212524404,3919626,1212524670,266,39026627,276,1247631415,319613,221837,517675,4736424.49,152447.76,4873560.21,3945461104.83,6524202209.26,0.00,0.00
18446744070633.31,454294774,0,0,454294774,7,44,51,754422808,458329537,1212752345,3964714,1212752611,266,39462674,276,1248250315,227941,436047,618900,4737314.89,154151.07,4875977.79,3945461104.83,6524202209.26,0.00,0.00
18446744070635.31,454294774,0,12,454294762,7,44,51,754757067,458345242,1213102309,3980362,1213102575,266,39596838,276,1248718795,349964,134164,468480,4738681.93,154675.15,4877807.79,3945461104.83,6524202209.26,0.00,0.00
18446744070637.31,454294774,0,12,454294762,7,44,51,755049722,458361659,1213411381,3996650,1213411647,266,39731287,276,1249146028,309072,134449,427233,4739889.25,155200.34,4879476.67,3945461104.83,6524202209.26,0.00,0.00
18446744070639.31,454294754,20,12,454294742,7,44,51,755189903,458362366,1213552269,3997258,1213552535,266,39732450,276,1249287471,140888,1163,141443,4740439.59,155204.88,4880029.18,3945475161.51,6524202209.26,14056.68,0.00
18446744070641.31,454294774,0,32,454294742,7,44,51,755338639,458364577,1213703216,3999370,1213703482,266,39773276,276,1249477132,150947,40826,189661,4741029.23,155364.36,4880770.05,3945475161.51,6524202209.26,0.00,0.00
18446744070643.31,454294774,0,8,454294766,7,44,51,755484869,458365265,1213850134,4000010,1213850400,266,39782339,276,1249632473,146918,9063,155341,4741603.12,155399.76,4881376.85,3945475161.51,6524202209.26,0.00,0.00
18446744070645.31,454294774,0,5,454294769,7,44,51,755615781,458366540,1213982321,4001226,1213982587,266,39788164,276,1249769269,132187,5825,136796,4742119.48,155422.52,4881911.21,3945475161.51,6524202209.26,0.00,0.00
18446744070647.31,454294774,0,32,454294742,7,44,51,755769293,458372576,1214141869,4007274,1214142135,266,39877021,276,1250011626,159548,88857,242357,4742742.71,155769.61,4882857.91,3945475161.51,6524202209.26,0.00,0.00
18446744070649.31,454294742,32,32,454294710,7,44,51,756121432,458384002,1214505434,4018442,1214505700,266,39945049,276,1250432051,363565,68028,420425,4744162.89,156035.35,4884500.20,3945475161.51,6524202209.26,0.00,0.00
18446744070651.31,454294774,0,12,454294762,7,44,51,756479800,458398094,1214877894,4032426,1214878160,266,40051161,276,1250896639,372460,106112,464588,4745617.81,156449.85,4886315.00,3945478678.45,6524202209.26,3516.94,0.00
18446744070653.31,454294774,0,32,454294742,7,44,51,756866254,458410110,1215276364,4044458,1215276630,266,40136679,276,1251368595,398470,85518,471956,4747174.34,156783.90,4888158.57,3945478678.45,6524202209.26,0.00,0.00
18446744070655.31,454294774,0,32,454294742,7,44,51,757069811,458452113,1215521924,4086442,1215522190,266,40536105,276,1251971597,245560,399426,603002,4748133.55,158344.16,4890514.05,3945478678.45,6524202209.26,0.00,0.00
18446744070657.31,454294774,0,32,454294742,7,44,51,757320748,458483262,1215804010,4117578,1215804276,266,40832922,276,1252519364,282086,296817,547767,4749235.45,159503.60,4892653.77,3945478678.45,6524202209.26,0.00,0.00
18446744070659.31,454294774,0,0,454294774,7,44,51,757637524,458498907,1216136431,4133130,1216136697,266,40959185,276,1252962528,332421,126263,443164,4750533.97,159996.82,4894384.88,3945478678.45,6524202209.26,0.00,0.00
18446744070661.31,454294774,0,2,454294772,7,44,51,757959149,458514782,1216473931,4148778,1216474197,266,41089068,276,1253414231,337500,129883,451703,4751852.33,160504.17,4896149.34,3945478678.45,6524202209.26,0.00,0.00
18446744070663.31,454294774,0,32,454294742,7,44,51,758293437,458522047,1216815484,4156010,1216815750,266,41143664,276,1253803148,341553,54596,388917,4753186.52,160717.44,4897668.55,3945478678.45,6524202209.26,0.00,0.00
18446744070665.31,454294774,0,32,454294742,7,44,51,758482765,458525577,1217008342,4159530,1217008608,266,41182618,276,1254031440,192858,38954,228292,4753939.88,160869.60,4898560.31,3945478678.45,6524202209.26,0.00,0.00
18446744070667.31,454294774,0,24,454294750,7,44,51,758610794,458526977,1217137771,4160778,1217138037,266,41203766,276,1254180769,129429,21148,149329,4754445.46,160952.21,4899143.63,3945490258.41,6524202209.26,11579.97,0.00
18446744070669.31,454294774,0,24,454294750,7,44,51,758737883,458529491,1217267374,4163274,1217267640,266,41259864,276,1254363974,129603,56098,183205,4754951.72,161171.34,4899859.27,3945490258.41,6524202209.26,0.00,0.00
18446744070671.31,454294774,0,0,454294774,7,44,51,758861566,458530955,1217392521,4164714,1217392787,266,41291002,276,1254518819,125147,31138,154845,4755440.57,161292.98,4900464.14,3945490258.41,6524202209.26,0.00,0.00
18446744070673.31,454294774,0,17,454294757,7,44,51,758996588,458533148,1217529736,4166922,1217530002,266,41346979,276,1254709803,137215,55977,190984,4755976.57,161511.64,4901210.17,3945490258.41,6524202209.26,0.00,0.00
18446744070675.31,454294774,0,16,454294758,7,44,51,759293803,458539092,1217832895,4172810,1217833161,266,41394741,276,1255054836,303159,47762,345033,4757160.79,161698.21,4902557.95,3945490258.41,6524202209.26,0.00,0.00
18446744070677.31,454294774,0,32,454294742,7,44,51,759585357,458563026,1218148383,4196618,1218148649,266,41601363,276,1255553138,315488,206622,498302,4758393.16,162505.32,4904504.45,3945493662.00,6524202209.26,3403.58,0.00
18446744070679.31,454294774,0,32,454294742,7,44,51,759781300,458600990,1218382290,4234538,1218382556,266,41973350,276,1256121111,233907,371987,567973,4759306.86,163958.40,4906723.09,3945493662.00,6524202209.26,0.00,0.00
18446744070681.31,454294774,0,32,454294742,7,44,51,760092042,458619129,1218711171,4252586,1218711437,266,42117448,276,1256576043,328881,144098,454932,4760591.55,164521.28,4908500.17,3945493662.00,6524202209.26,0.00,0.00
18446744070683.31,454294767,7,19,454294748,7,44,51,760424261,458628186,1219052447,4261514,1219052713,266,42180665,276,1256971608,341276,63217,395565,4761924.66,164768.22,4910045.34,3945493662.00,6524202209.26,0.00,0.00
18446744070685.31,454294774,0,32,454294742,7,44,51,760721800,458648778,1219370578,4281962,1219370844,266,42347150,276,1257435776,318131,166485,464168,4763167.36,165418.55,4911858.50,3945493662.00,6524202209.26,0.00,0.00
18446744070687.31,454294774,0,0,454294774,7,44,51,760859968,458702193,1219562161,4335370,1219562427,266,42846576,276,1258073409,191583,499426,637633,4763915.73,167369.44,4914349.25,3945493662.00,6524202209.26,0.00,0.00
18446744070689.31,454294774,0,28,454294746,7,44,51,761116366,458726216,1219842582,4359370,1219842848,266,43068102,276,1258551324,280421,221526,477915,4765011.12,168234.77,4916216.11,3945493662.00,6524202209.26,0.00,0.00
18446744070691.31,454294774,0,24,454294750,7,44,51,761363551,458753583,1220117134,4386730,1220117400,266,43330314,276,1259060728,274552,262212,509404,4766083.59,169259.04,4918205.97,3945493662.00,6524202209.26,0.00,0.00
18446744070693.31,454294774,0,24,454294750,7,44,51,761625212,458779213,1220404425,4412234,1220404691,266,43564193,276,1259556394,287291,233879,495666,4767205.82,170172.63,4920142.16,3945493662.00,6524202209.26,0.00,0.00
18446744070695.31,454294774,0,13,454294761,7,44,51,761784166,458788573,1220572739,4421578,1220573005,266,43687639,276,1259838810,168314,123446,282416,4767863.30,170654.84,4921245.35,3945493662.00,6524202209.26,0.00,0.00
18446744070697.31,454294774,0,21,454294753,7,44,51,761917780,458791283,1220709063,4424202,1220709329,266,43707356,276,1259992227,136324,19717,153417,4768395.82,170731.86,4921844.64,3945506261.47,6524202209.26,12599.47,0.00
18446744070699.31,454294774,0,32,454294742,7,44,51,762052540,458793981,1220846521,4426858,1220846787,266,43771390,276,1260191063,137458,64034,198836,4768932.76,170981.99,4922621.34,3945506261.47,6524202209.26,0.00,0.00
18446744070701.31,454294774,0,32,454294742,7,44,51,762182311,458798142,1220980453,4430954,1220980719,266,43838856,276,1260388365,133932,67466,197302,4769455.93,171245.53,4923392.05,3945506261.47,6524202209.26,0.00,0.00
18446744070703.31,454294774,0,32,454294742,7,44,51,762312687,458801634,1221114321,4434442,1221114587,266,43915843,276,1260595732,133868,76987,207367,4769978.86,171546.26,4924202.08,3945506261.47,6524202209.26,0.00,0.00
18446744070705.31,454294774,0,28,454294746,7,44,51,762533863,458824565,1221358428,4457322,1221358694,266,44122317,276,1261023433,244107,206474,427701,4770932.40,172352.80,4925872.79,3945506261.47,6524202209.26,0.00,0.00
18446744070707.31,454294774,0,32,454294742,7,44,51,762772822,458858109,1221630931,4490794,1221631197,266,44404973,276,1261545120,272503,282656,521687,4771996.86,173456.93,4927910.62,3945509690.54,6524202209.26,3429.07,0.00
18446744070709.31,454294750,24,0,454294750,7,44,51,763026968,458884510,1221911478,4517030,1221911744,266,44622944,276,1262017430,280547,217971,472310,4773092.75,174308.38,4929755.59,3945509690.54,6524202209.26,0.00,0.00
18446744070711.31,454294774,0,9,454294765,7,44,51,763335443,458902667,1222238110,4535114,1222238376,266,44763168,276,1262466174,326632,140224,448744,4774368.66,174856.12,4931508.49,3945509690.54,6524202209.26,0.00,0.00
18446744070713.31,454294774,0,32,454294742,7,44,51,763657722,458909030,1222566752,4541418,1222567019,266,44808102,276,1262833446,328643,44934,367272,4775652.42,175031.65,4932943.15,3945509690.54,6524202209.26,0.00,0.00
18446744070715.31,454294774,0,32,454294742,7,44,51,763982827,458918799,1222901626,4551082,1222901892,266,44883298,276,1263233852,334873,75196,400406,4776960.52,175325.38,4934507.23,3945509690.54,6524202209.26,0.00,0.00
18446744070717.31,454294774,0,10,454294764,7,44,51,764282343,458939322,1223221665,4571562,1223221931,266,45051022,276,1263701135,320039,167724,467283,4778210.67,175980.55,4936332.56,3945509690.54,6524202209.26,0.00,0.00
18446744070719.31,454294774,0,11,454294763,7,44,51,764592193,458954403,1223546596,4586570,1223546862,266,45158509,276,1264118545,324931,107487,417410,4779479.93,176400.43,4937963.07,3945509690.54,6524202209.26,0.00,0.00
18446744070721.31,454294774,0,32,454294742,7,44,51,764783448,458957468,1223740916,4589546,1223741182,266,45184183,276,1264335563,194320,25674,217018,4780238.99,176500.71,4938810.79,3945509690.54,6524202209.26,0.00,0.00
18446744070723.31,454294774,0,32,454294742,7,44,51,764926563,458959736,1223886299,4591786,1223886565,266,45213107,276,1264507630,145383,28924,172067,4780806.89,176613.70,4939482.93,3945519919.84,6524202209.26,10229.30,0.00
18446744070725.31,454294774,0,22,454294752,7,44,51,765064343,458962243,1224026586,4594154,1224026852,266,45268052,276,1264700494,140287,54945,192864,4781354.89,176828.33,4940236.30,3945519919.84,6524202209.26,0.00,0.00
18446744070727.31,454294774,0,2,454294772,7,44,51,765204126,458963815,1224167941,4595690,1224168207,266,45288193,276,1264860454,141355,20141,159960,4781907.06,176907.00,4940861.15,3945519919.84,6524202209.26,0.00,0.00
18446744070729.31,454294760,14,8,454294752,7,44,51,765334627,458967698,1224302325,4599562,1224302591,266,45395475,276,1265098248,134384,107282,237794,4782432.00,177326.07,4941790.03,3945519919.84,6524202209.26,0.00,0.00
18446744070731.31,454294774,0,32,454294742,7,44,51,765588588,458993743,1224582331,4625578,1224582597,266,45624840,276,1265581603,280006,229365,483355,4783525.77,178222.03,4943678.14,3945519919.84,6524202209.26,0.00,0.00
18446744070733.31,454294773,1,0,454294773,7,44,51,765812353,459030366,1224842719,4662154,1224842985,266,45924850,276,1266105457,260388,300010,523854,4784542.91,179393.95,4945724.44,3945522863.70,6524202209.26,2943.86,0.00
18446744070735.31,454294774,0,32,454294742,7,44,51,766061168,459061236,1225122404,4692970,1225122670,266,46183623,276,1266613067,279685,258773,507610,4785635.43,180404.78,4947707.29,3945522863.70,6524202209.26,0.00,0.00
18446744070737.31,454294755,19,0,454294755,7,44,51,766302774,459085065,1225387839,4716682,1225388105,266,46408489,276,1267079656,265435,224866,466589,4786672.29,181283.16,4949529.91,3945522863.70,6524202209.26,0.00,0.00
18446744070739.31,454294764,9,0,454294764,7,44,51,766584660,459101694,1225686354,4733194,1225686620,266,46544421,276,1267497623,298515,135932,417967,4787838.36,181814.14,4951162.59,3945522863.70,6524202209.26,0.00,0.00
18446744070741.31,454294765,9,22,454294743,7,44,51,766756139,459146135,1225902274,4777610,1225902540,266,46965523,276,1268090197,215920,421102,592574,4788681.80,183459.07,4953477.33,3945522863.70,6524202209.26,0.00,0.00
18446744070743.31,454294742,32,32,454294710,7,44,51,766923126,459186929,1226110055,4818410,1226110321,266,47373621,276,1268665276,207781,408098,575079,4789493.44,185053.21,4955723.73,3945522863.70,6524202209.26,0.00,0.00
18446744070745.31,454294774,0,32,454294742,7,44,51,767025701,459244440,1226270141,4875914,1226270407,266,47931466,276,1269325703,160086,557845,660427,4790118.78,187232.29,4958303.53,3945522863.70,6524202209.26,0.00,0.00
18446744070747.31,454294774,0,0,454294774,7,44,51,767107315,459305272,1226412587,4936746,1226412853,266,48516546,276,1269992429,142446,585080,666726,4790675.21,189517.76,4960907.93,3945522863.70,6524202209.26,0.00,0.00
18446744070749.31,454294774,0,8,454294766,7,44,51,767303289,459345425,1226648714,4976746,1226648981,266,48882441,276,1270554419,236128,365895,561990,4791597.58,190947.04,4963103.20,3945522863.70,6524202209.26,0.00,0.00
18446744070751.31,454294768,6,26,454294742,7,44,51,767597007,459359343,1226956350,4990602,1226956616,266,48992219,276,1270957977,307635,109778,403558,4792799.28,191375.86,4964679.60,3945522863.70,6524202209.26,0.00,0.00
18446744070753.31,454294774,0,4,454294770,7,44,51,767925440,459368482,1227293922,4999434,1227294188,266,49050836,276,1271345334,337572,58617,387357,4794117.92,191604.83,4966192.71,3945522863.70,6524202209.26,0.00,0.00
18446744070755.31,454294774,0,30,454294744,7,44,51,768246273,459386292,1227632565,5017226,1227632831,266,49199778,276,1271815127,338643,148942,469793,4795440.75,192186.63,4968027.84,3945522863.70,6524202209.26,0.00,0.00
18446744070757.31,454294774,0,32,454294742,7,44,51,768401140,459392700,1227793840,5023626,1227794106,266,49301418,276,1272071642,161275,101640,256515,4796070.73,192583.66,4969029.85,3945538453.60,6524202209.26,15589.90,0.00
18446744070759.31,454294774,0,32,454294742,7,44,51,768541230,459398812,1227940042,5029738,1227940308,266,49488615,276,1272398929,146202,187197,327287,4796641.83,193314.90,4970308.32,3945538453.60,6524202209.26,0.00,0.00
18446744070761.31,454294742,32,0,454294742,7,44,51,768674080,459403292,1228077372,5034218,1228077638,266,49624773,276,1272667969,137330,136158,269040,4797178.27,193846.77,4971359.25,3945538453.60,6524202209.26,0.00,0.00
18446744070763.31,454294774,0,20,454294754,7,44,51,768811553,459407916,1228219469,5038826,1228219735,266,49756203,276,1272936856,142097,131430,268887,4797733.34,194360.17,4972409.59,3945538453.60,6524202209.26,0.00,0.00
18446744070765.31,454294774,0,32,454294742,7,44,51,768992408,459420258,1228412666,5051178,1228412932,266,49894602,276,1273256100,193197,138399,319244,4798488.02,194900.79,4973656.64,3945538453.60,6524202209.26,0.00,0.00
18446744070767.31,454294774,0,32,454294742,7,44,51,769238772,459457186,1228695958,5088106,1228696224,266,50224835,276,1273832697,283292,330233,576597,4799594.62,196190.76,4975908.97,3945538453.60,6524202209.26,0.00,0.00
18446744070769.31,454294743,31,1,454294742,7,44,51,769503866,459494405,1228998271,5125290,1228998537,266,50539361,276,1274412352,302313,314526,579655,4800775.54,197419.38,4978173.25,3945542513.07,6524202209.26,4059.47,0.00
18446744070771.31,454294774,0,16,454294758,7,44,51,769796061,459513685,1229309746,5144426,1229310012,266,50704877,276,1274870207,311475,165516,457855,4801992.23,198065.93,4979961.75,3945542513.07,6524202209.26,0.00,0.00
18446744070773.31,454294774,0,24,454294750,7,44,51,770154505,459517265,1229671770,5147882,1229672036,266,50717054,276,1275240952,362024,12177,370745,4803406.39,198113.49,4981409.97,3945542513.07,6524202209.26,0.00,0.00
18446744070775.31,454294774,0,9,454294765,7,44,51,770445154,459540799,1229985953,5171274,1229986219,266,50903384,276,1275718073,314183,186330,477121,4804633.67,198841.34,4983273.72,3945542513.07,6524202209.26,0.00,0.00
18446744070777.31,454294769,5,32,454294737,7,44,51,770784172,459546860,1230331032,5177162,1230331298,266,50930712,276,1276084592,345079,27328,366519,4805981.63,198948.09,4984705.44,3945542513.07,6524202209.26,0.00,0.00
18446744070779.31,454294774,0,24,454294750,7,44,51,771092155,459560393,1230652548,5190666,1230652814,266,51042156,276,1276504048,321516,111444,419456,4807237.55,199383.42,4986343.94,3945542513.07,6524202209.26,0.00,0.00
18446744070781.31,454294774,0,0,454294774,7,44,51,771416991,459567253,1230984244,5197482,1230984510,266,51094072,276,1276880875,331696,51916,376827,4808533.24,199586.22,4987815.92,3945542513.07,6524202209.26,0.00,0.00
18446744070783.31,454294774,0,32,454294742,7,44,51,771500471,459588931,1231089402,5219146,1231089668,266,51605814,276,1277476080,105158,511742,595205,4808944.02,201585.21,4990140.94,3945542513.07,6524202209.26,0.00,0.00
18446744070785.31,454294774,0,9,454294765,7,44,51,771632246,459591098,1231223344,5221290,1231223610,266,51679707,276,1277681771,133942,73893,205691,4809467.23,201873.86,4990944.42,3945553662.18,6524202209.26,11149.11,0.00
18446744070787.31,454294774,0,16,454294758,7,44,51,771771601,459591123,1231362724,5221322,1231362990,266,51679754,276,1277821166,139380,47,139395,4810011.68,201874.04,4991488.93,3945553662.18,6524202209.26,0.00,0.00
18446744070789.31,454294774,0,8,454294766,7,44,51,771910544,459591707,1231502251,5221898,1231502517,266,51696185,276,1277976548,139527,16431,155382,4810556.71,201938.22,4992095.89,3945553662.18,6524202209.26,0.00,0.00
18446744070791.31,454294774,0,16,454294758,7,44,51,772047566,459592267,1231639833,5222442,1231640099,266,51712689,276,1278130090,137582,16504,153542,4811094.14,202002.69,4992695.66,3945553662.18,6524202209.26,0.00,0.00
18446744070793.31,454294774,0,32,454294742,7,44,51,772344343,459594273,1231938616,5224458,1231938882,266,51729360,276,1278443528,298783,16671,313438,4812261.26,202067.81,4993920.03,3945553662.18,6524202209.26,0.00,0.00
18446744070795.31,454294774,0,32,454294742,7,44,51,772644382,459613705,1232258087,5243882,1232258353,266,51904617,276,1278918832,319471,175257,475304,4813509.19,202752.41,4995776.69,3945556907.71,6524202209.26,3245.52,0.00
18446744070797.31,454294774,0,0,454294774,7,44,51,773070938,459622545,1232693483,5252682,1232693749,266,51971577,276,1279412388,435396,66960,493556,4815209.96,203013.97,4997704.64,3945556907.71,6524202209.26,0.00,0.00
18446744070799.31,454294774,0,20,454294754,7,44,51,773530380,459639379,1233169759,5269386,1233170025,266,52068970,276,1279969353,476276,97393,556965,4817070.41,203394.41,4999880.29,3945556907.71,6524202209.26,0.00,0.00
18446744070801.31,454294774,0,32,454294742,7,44,51,773987651,459648300,1233635951,5278250,1233636217,266,52114991,276,1280472702,466192,46021,503349,4818891.47,203574.18,5001846.49,3945556907.71,6524202209.26,0.00,0.00
18446744070803.31,454294774,0,24,454294750,7,44,51,774392942,459658354,1234051296,5288234,1234051562,266,52170595,276,1280933667,415345,55604,460965,4820513.91,203791.39,5003647.14,3945556907.71,6524202209.26,0.00,0.00
18446744070805.31,454294774,0,21,454294753,7,44,51,774750797,459668296,1234419093,5298026,1234419359,266,52236181,276,1281357258,367797,65586,423591,4821950.62,204047.58,5005301.79,3945556907.71,6524202209.26,0.00,0.00
18446744070807.31,454294774,0,20,454294754,7,44,51,775052242,459678189,1234730431,5307850,1234730697,266,52324812,276,1281747403,311338,88631,390145,4823166.79,204393.80,5006825.79,3945556907.71,6524202209.26,0.00,0.00
18446744070809.31,454294770,4,28,454294742,7,44,51,775228311,459682046,1234910357,5311658,1234910623,266,52348975,276,1281947684,179926,24163,200281,4823869.62,204488.18,5007608.14,3945556907.71,6524202209.26,0.00,0.00
18446744070811.31,454294770,4,28,454294742,7,44,51,775351441,459685088,1235036529,5314634,1235036795,266,52411879,276,1282133784,126172,62904,186100,4824362.48,204733.90,5008335.09,3945569187.88,6524202209.26,12280.17,0.00
18446744070813.31,454294774,0,32,454294742,7,44,51,775478326,459687837,1235166163,5317354,1235166429,266,52447315,276,1282296134,129634,35436,162350,4824868.86,204872.32,5008969.27,3945569187.88,6524202209.26,0.00,0.00
18446744070815.31,454294774,0,32,454294742,7,44,51,775607217,459689280,1235296497,5318794,1235296763,266,52470656,276,1282448369,130334,23341,152235,4825377.98,204963.50,5009563.94,3945569187.88,6524202209.26,0.00,0.00
18446744070817.31,454294774,0,0,454294774,7,44,51,775725418,459692908,1235418326,5322410,1235418592,266,52554554,276,1282650512,121829,83898,202143,4825853.88,205291.23,5010353.56,3945569187.88,6524202209.26,0.00,0.00
18446744070819.31,454294745,29,32,454294713,7,44,51,776018853,459701797,1235720650,5331210,1235720916,266,52635870,276,1283025320,302324,81316,374808,4827034.83,205608.87,5011817.66,3945569187.88,6524202209.26,0.00,0.00
18446744070821.31,454294774,0,32,454294742,7,44,51,776358163,459706177,1236064340,5335562,1236064606,266,52668779,276,1283397567,343690,32909,372247,4828377.37,205737.42,5013271.75,3945571892.74,6524202209.26,2704.86,0.00
18446744070823.31,454294774,0,16,454294758,7,44,51,776628802,459725047,1236353849,5354346,1236354115,266,52853665,276,1283853178,289509,184886,455611,4829508.26,206459.63,5015051.48,3945571892.74,6524202209.26,0.00,0.00
18446744070825.31,454294774,0,32,454294742,7,44,51,776935205,459736479,1236671684,5365642,1236671951,266,52934892,276,1284240944,317836,81227,387766,4830749.81,206776.92,5016566.19,3945571892.74,6524202209.26,0.00,0.00
18446744070827.31,454294774,0,0,454294774,7,44,51,777223863,459751693,1236975556,5380746,1236975822,266,53067593,276,1284662445,303871,132701,421501,4831936.80,207295.29,5018212.68,3945571892.74,6524202209.26,0.00,0.00
18446744070829.31,454294774,0,32,454294742,7,44,51,777472474,459778519,1237250993,5407562,1237251259,266,53302178,276,1285145619,275437,234585,483174,4833012.73,208211.63,5020100.07,3945571892.74,6524202209.26,0.00,0.00
18446744070831.31,454294774,0,32,454294742,7,44,51,777808095,459783099,1237591194,5412106,1237591460,266,53330801,276,1285509899,340201,28623,364280,4834341.64,208323.44,5021523.04,3945571892.74,6524202209.26,0.00,0.00
18446744070833.31,454294774,0,2,454294772,7,44,51,778021191,459814760,1237835951,5443722,1237836217,266,53633290,276,1286025529,244757,302489,515630,4835297.72,209505.04,5023537.22,3945571892.74,6524202209.26,0.00,0.00
18446744070835.31,454294774,0,4,454294770,7,44,51,778163137,459817606,1237980743,5446570,1237981009,266,53657997,276,1286192180,144792,24707,166651,4835863.32,209601.55,5024188.20,3945581742.43,6524202209.26,9849.69,0.00
18446744070837.31,454294774,0,32,454294742,7,44,51,778289963,459818844,1238108807,5447818,1238109073,266,53667047,276,1286328046,128064,9050,135866,4836363.57,209636.90,5024718.93,3945581742.43,6524202209.26,0.00,0.00
18446744070839.31,454294774,0,2,454294772,7,44,51,778410821,459820628,1238231449,5449482,1238231715,266,53670633,276,1286452610,122642,3586,124564,4836842.64,209650.91,5025205.51,3945581742.43,6524202209.26,0.00,0.00
18446744070841.31,454294774,0,32,454294742,7,44,51,778537519,459821850,1238359369,5450698,1238359635,266,53686077,276,1286594758,127920,15444,142148,4837342.32,209711.24,5025760.77,3945581742.43,6524202209.26,0.00,0.00
18446744070843.31,454294774,0,32,454294742,7,44,51,778665320,459823472,1238488792,5452266,1238489058,266,53703089,276,1286739625,129423,17012,144867,4837847.88,209777.69,5026326.66,3945581742.43,6524202209.26,0.00,0.00
18446744070845.31,454294774,0,32,454294742,7,44,51,778934920,459837480,1238772400,5466218,1238772666,266,53811276,276,1287117468,283608,108187,377843,4838955.73,210200.30,5027802.61,3945581742.43,6524202209.26,0.00,0.00
18446744070847.31,454294774,0,32,454294742,7,44,51,779259676,459842815,1239102491,5471498,1239102757,266,53843897,276,1287474900,330091,32621,357432,4840245.14,210327.72,5029198.83,3945584895.44,6524202209.26,3153.01,0.00
18446744070849.31,454294774,0,32,454294742,7,44,51,779609014,459847559,1239456573,5476234,1239456839,266,53880264,276,1287860613,354082,36367,385713,4841628.28,210469.78,5030705.52,3945584895.44,6524202209.26,0.00,0.00
18446744070851.31,454294766,8,24,454294742,7,44,51,779944505,459856607,1239801112,5485258,1239801378,266,53947153,276,1288263017,344539,66889,402404,4842974.13,210731.07,5032277.41,3945584895.44,6524202209.26,0.00,0.00
18446744070853.31,454294774,0,32,454294742,7,44,51,780299990,459862250,1240162240,5490666,1240162506,266,53969017,276,1288640601,361128,21864,377584,4844384.79,210816.47,5033752.35,3945584895.44,6524202209.26,0.00,0.00
18446744070855.31,454294774,0,32,454294742,7,44,51,780594743,459881497,1240476240,5509834,1240476506,266,54128228,276,1289094644,314000,159211,454043,4845611.35,211438.39,5035525.95,3945584895.44,6524202209.26,0.00,0.00
18446744070857.31,454294742,32,32,454294710,7,44,51,780898812,459897830,1240796642,5526090,1240796908,266,54263096,276,1289533658,320402,134868,439014,4846862.92,211965.22,5037240.85,3945584895.44,6524202209.26,0.00,0.00
18446744070859.31,454294774,0,32,454294742,7,44,51,781207531,459911629,1241119160,5539850,1241119426,266,54369537,276,1289948857,322518,106441,415199,4848122.76,212381.00,5038862.72,3945584895.44,6524202209.26,0.00,0.00
18446744070861.31,454294774,0,32,454294742,7,44,51,781366209,459912785,1241278994,5541002,1241279260,266,54377456,276,1290115458,159834,7919,166601,4848747.11,212411.94,5039513.51,3945595206.20,6524202209.26,10310.76,0.00
18446744070863.31,454294774,0,32,454294742,7,44,51,781488700,459919633,1241408333,5547850,1241408599,266,54589339,276,1290449832,129339,211883,334374,4849252.34,213239.61,5040819.66,3945595206.20,6524202209.26,0.00,0.00
18446744070865.31,454294774,0,32,454294742,7,44,51,781625375,459926737,1241552112,5554954,1241552378,266,54812356,276,1290809524,143779,223017,359692,4849813.98,214110.77,5042224.70,3945595206.20,6524202209.26,0.00,0.00
18446744070867.31,454294774,0,0,454294774,7,44,51,781736456,459937841,1241674297,5566058,1241674563,266,55162813,276,1291271094,122185,350457,461570,4850291.26,215479.74,5044027.71,3945595206.20,6524202209.26,0.00,0.00
18446744070869.31,454294774,0,32,454294742,7,44,51,781831513,459952058,1241783571,5580266,1241783837,266,55612439,276,1291815754,109274,449626,544660,4850718.11,217236.09,5046155.29,3945595206.20,6524202209.26,0.00,0.00
18446744070871.31,454294772,2,19,454294753,7,44,51,782094776,459979960,1242074736,5608106,1242075002,266,55874394,276,1292341034,291165,261955,525280,4851855.48,218259.35,5048207.16,3945595206.20,6524202209.26,0.00,0.00
18446744070873.31,454294774,0,24,454294750,7,44,51,782428899,459995326,1242424225,5623306,1242424491,266,55990757,276,1292791686,349489,116363,450652,4853220.67,218713.89,5049967.52,3945598773.32,6524202209.26,3567.11,0.00
18446744070875.31,454294774,0,5,454294769,7,44,51,782622806,460033217,1242656023,5661162,1242656289,266,56360817,276,1293355688,231798,370060,564002,4854126.13,220159.44,5052170.66,3945598773.32,6524202209.26,0.00,0.00
18446744070877.31,454294773,1,0,454294773,7,44,51,782898780,460054028,1242952808,5681994,1242953074,266,56561030,276,1293831886,296785,200213,476198,4855285.45,220941.52,5054030.80,3945598773.32,6524202209.26,0.00,0.00
18446744070879.31,454294774,0,32,454294742,7,44,51,783206150,460066824,1243272974,5694762,1243273240,266,56668241,276,1294246463,320166,107211,414577,4856536.09,221360.32,5055650.25,3945598773.32,6524202209.26,0.00,0.00
18446744070881.31,454294774,0,24,454294750,7,44,51,783438293,460098510,1243536803,5726378,1243537069,266,56965022,276,1294775457,263829,296781,528994,4857566.68,222519.62,5057716.63,3945598773.32,6524202209.26,0.00,0.00
18446744070883.31,454294766,8,24,454294742,7,44,51,783751651,460108698,1243860349,5736426,1243860615,266,57037236,276,1295161169,323546,72214,385712,4858830.53,222801.70,5059223.32,3945598773.32,6524202209.26,0.00,0.00
18446744070885.31,454294774,0,32,454294742,7,44,51,783867433,460164956,1244032389,5792682,1244032655,266,57585151,276,1295824868,172040,547915,663699,4859502.56,224942.00,5061815.89,3945598773.32,6524202209.26,0.00,0.00
18446744070887.31,454294774,0,16,454294758,7,44,51,783984137,460223358,1244207495,5851050,1244207761,266,58139384,276,1296495839,175106,554233,670971,4860186.57,227106.97,5064436.87,3945598773.32,6524202209.26,0.00,0.00
18446744070889.31,454294774,0,13,454294761,7,44,51,784293235,460244309,1244537544,5871850,1244537810,266,58310937,276,1296976641,330049,171553,480802,4861475.82,227777.10,5066315.00,3945598773.32,6524202209.26,0.00,0.00
18446744070891.31,454294774,0,32,454294742,7,44,51,784550495,460273759,1244824254,5901290,1244824520,266,58570268,276,1297493242,286710,259331,516601,4862595.78,228790.11,5068332.98,3945598773.32,6524202209.26,0.00,0.00
18446744070893.31,454294774,0,22,454294752,7,44,51,784703055,460275475,1244978530,5902986,1244978796,266,58587963,276,1297663517,154276,17695,170275,4863198.42,228859.23,5068998.11,3945612560.32,6524202209.26,13787.00,0.00
18446744070895.31,454294774,0,32,454294742,7,44,51,784833569,460276297,1245109866,5903818,1245110132,266,58596206,276,1297802264,131336,8243,138747,4863711.45,228891.43,5069540.09,3945612560.32,6524202209.26,0.00,0.00
18446744070897.31,454294774,0,20,454294754,7,44,51,784958256,460276823,1245235079,5904330,1245235345,266,58601443,276,1297932202,125213,5237,129938,4864200.57,228911.89,5070047.66,3945612560.32,6524202209.26,0.00,0.00
18446744070899.31,454294774,0,32,454294742,7,44,51,785088942,460277995,1245366937,5905514,1245367203,266,58633067,276,1298094500,131858,31624,162298,4864715.64,229035.42,5070681.64,3945612560.32,6524202209.26,0.00,0.00
18446744070901.31,454294742,32,0,454294742,7,44,51,785219010,460282475,1245501485,5909962,1245501751,266,58738490,276,1298330055,134548,105423,235555,4865241.21,229447.23,5071601.78,3945612560.32,6524202209.26,0.00,0.00
18446744070903.31,454294774,0,20,454294754,7,44,51,785571682,460297111,1245868793,5924490,1245869059,266,58845179,276,1298789492,367308,106689,459437,4866676.01,229863.98,5073396.45,3945612560.32,6524202209.26,0.00,0.00
18446744070905.31,454294774,0,32,454294742,7,44,51,785888340,460323167,1246211507,5950410,1246211773,266,59051001,276,1299312108,342714,205822,522616,4868014.74,230667.97,5075437.92,3945615901.69,6524202209.26,3341.38,0.00
18446744070907.31,454294774,0,32,454294742,7,44,51,786188467,460353471,1246541938,5980714,1246542204,266,59289789,276,1299851023,330431,238788,538915,4869305.48,231600.74,5077543.06,3945615901.69,6524202209.26,0.00,0.00
18446744070909.31,454294774,0,26,454294748,7,44,51,786525601,460374770,1246900371,6001994,1246900637,266,59458804,276,1300357191,358433,169015,506168,4870705.61,232260.95,5079520.28,3945615901.69,6524202209.26,0.00,0.00
18446744070911.31,454294774,0,32,454294742,7,44,51,786813880,460400324,1247214204,6027530,1247214470,266,59671691,276,1300858375,313833,212887,501184,4871931.52,233092.54,5081478.03,3945615901.69,6524202209.26,0.00,0.00
18446744070913.31,454294774,0,32,454294742,7,44,51,787150945,460424920,1247575865,6052106,1247576131,266,59860965,276,1301384734,361661,189274,526359,4873344.26,233831.89,5083534.12,3945615901.69,6524202209.26,0.00,0.00
18446744070915.31,454294774,0,32,454294742,7,44,51,787540745,460429291,1247970036,6056458,1247970302,266,59891300,276,1301804888,394171,30335,420154,4874883.99,233950.39,5085175.34,3945615901.69,6524202209.26,0.00,0.00
18446744070917.31,454294774,0,32,454294742,7,44,51,787880088,460445896,1248325984,6073002,1248326250,266,60029636,276,1302282628,355948,138336,477740,4876274.41,234490.77,5087041.52,3945615901.69,6524202209.26,0.00,0.00
18446744070919.31,454294774,0,12,454294762,7,44,51,788013282,460471601,1248484883,6098570,1248485149,266,60398868,276,1302785191,158899,369232,502563,4876895.11,235933.08,5089004.65,3945615901.69,6524202209.26,0.00,0.00
18446744070921.31,454294774,0,32,454294742,7,44,51,788153587,460474601,1248628188,6101578,1248628454,266,60463061,276,1302989681,143305,64193,204490,4877454.90,236183.83,5089803.44,3945628229.81,6524202209.26,12328.12,0.00
18446744070923.31,454294774,0,32,454294742,7,44,51,788204835,460492937,1248697772,6119914,1248698038,266,60988789,276,1303566657,69584,525728,576976,4877726.71,238237.46,5092057.25,3945628229.81,6524202209.26,0.00,0.00
18446744070925.31,454294774,0,32,454294742,7,44,51,788347169,460497047,1248844216,6123978,1248844482,266,61089827,276,1303810075,146444,101038,243418,4878298.76,238632.14,5093008.11,3945628229.81,6524202209.26,0.00,0.00
18446744070927.31,454294774,0,32,454294742,7,44,51,788550204,460502552,1249052756,6129354,1249053022,266,61154969,276,1304078381,208540,65142,268306,4879113.37,238886.60,5094056.18,3945628229.81,6524202209.26,0.00,0.00
18446744070929.31,454294754,20,12,454294742,7,44,51,788802794,460535375,1249338169,6162154,1249338435,266,61444679,276,1304620704,285413,289710,542323,4880228.26,240018.28,5096174.62,3945628229.81,6524202209.26,0.00,0.00
18446744070931.31,454294771,3,0,454294771,7,44,51,788983906,460578797,1249562703,6205578,1249562969,266,61852765,276,1305209932,224534,408086,589228,4881105.35,241612.36,5098476.30,3945631490.59,6524202209.26,3260.78,0.00
18446744070933.31,454294771,3,29,454294742,7,44,51,789126851,460625909,1249752760,6252682,1249753026,266,62319925,276,1305820013,190057,467160,610081,4881847.76,243437.21,5100859.43,3945631490.59,6524202209.26,0.00,0.00
18446744070935.31,454294756,18,8,454294748,7,44,51,789292482,460671540,1249964022,6298282,1249964288,266,62754948,276,1306420698,211262,435023,600685,4882673.00,245136.52,5103205.85,3945631490.59,6524202209.26,0.00,0.00
18446744070937.31,454294774,0,26,454294748,7,44,51,789406695,460723396,1250130091,6350154,1250130358,266,63273720,276,1307053667,166070,518772,632969,4883321.71,247162.97,5105678.39,3945631490.59,6524202209.26,0.00,0.00
18446744070939.31,454294774,0,32,454294742,7,44,51,789522625,460777886,1250300511,6404650,1250300777,266,63800548,276,1307696419,170419,526828,642752,4883987.41,249220.89,5108189.14,3945631490.59,6524202209.26,0.00,0.00
18446744070941.31,454294774,0,32,454294742,7,44,51,789684435,460823294,1250507729,6450058,1250507995,266,64240568,276,1308298249,207218,440020,601830,4884796.86,250939.72,5110540.04,3945631490.59,6524202209.26,0.00,0.00
18446744070943.31,454294774,0,24,454294750,7,44,51,789987146,460837716,1250824862,6464458,1250825129,266,64372454,276,1308732868,317134,131886,434619,4886035.66,251454.90,5112237.77,3945631490.59,6524202209.26,0.00,0.00
18446744070945.31,454294774,0,5,454294769,7,44,51,790241242,460868750,1251109992,6495466,1251110258,266,64638872,276,1309253408,285129,266418,520540,4887149.45,252495.59,5114271.12,3945631490.59,6524202209.26,0.00,0.00
18446744070947.31,454294774,0,10,454294764,7,44,51,790580004,460879419,1251459423,6506122,1251459689,266,64726254,276,1309679565,349431,87382,426157,4888514.41,252836.93,5115935.80,3945631490.59,6524202209.26,0.00,0.00
18446744070949.31,454294774,0,4,454294770,7,44,51,790915425,460891415,1251806840,6517994,1251807106,266,64809097,276,1310097953,347417,82843,418388,4889871.51,253160.54,5117570.13,3945631490.59,6524202209.26,0.00,0.00
18446744070951.31,454294774,0,32,454294742,7,44,51,791164409,460906275,1252070684,6532778,1252070950,266,64925024,276,1310462940,263844,115927,364987,4890902.15,253613.38,5118995.86,3945631490.59,6524202209.26,0.00,0.00
18446744070953.31,454294774,0,20,454294754,7,44,51,791294831,460908026,1252202857,6534474,1252203123,266,64952467,276,1310620860,132173,27443,157920,4891418.45,253720.57,5119612.73,3945645946.49,6524202209.26,14455.90,0.00
18446744070955.31,454294774,0,32,454294742,7,44,51,791417832,460910302,1252328134,6536746,1252328400,266,65003719,276,1310795117,125277,51252,174257,4891907.81,253920.78,5120293.43,3945645946.49,6524202209.26,0.00,0.00
18446744070957.31,454294766,8,24,454294742,7,44,51,791547013,460912521,1252459534,6538890,1252459800,266,65044429,276,1310965083,131400,40710,169966,4892421.09,254079.80,5120957.36,3945645946.49,6524202209.26,0.00,0.00
18446744070959.31,454294774,0,10,454294764,7,44,51,791676963,460913648,1252590611,6539978,1252590877,266,65058467,276,1311109110,131077,14038,144027,4892933.11,254134.64,5121519.96,3945645946.49,6524202209.26,0.00,0.00
18446744070961.31,454294774,0,0,454294774,7,44,51,791848695,460923034,1252771729,6549354,1252771995,266,65141692,276,1311364077,181118,83225,254967,4893640.61,254459.73,5122515.93,3945645946.49,6524202209.26,0.00,0.00
18446744070963.31,454294774,0,17,454294757,7,44,51,792133475,460941293,1253074768,6567626,1253075034,266,65314447,276,1311821599,303039,172755,457522,4894824.35,255134.56,5124303.12,3945645946.49,6524202209.26,0.00,0.00
18446744070965.31,454294774,0,9,454294765,7,44,51,792464381,460951413,1253415794,6577738,1253416060,266,65408361,276,1312246427,341026,93914,424828,4896156.48,255501.41,5125962.61,3945649287.67,6524202209.26,3341.18,0.00
18446744070967.31,454294755,19,13,454294742,7,44,51,792769508,460968785,1253738293,6595114,1253738560,266,65560459,276,1312703648,322500,152098,457221,4897416.25,256095.54,5127748.62,3945651301.11,6525364544.45,2013.45,1162335.19
18446744070969.31,454294762,12,0,454294762,7,44,51,793043061,460989662,1254032723,6616010,1254032989,266,65754142,276,1313170897,294429,193683,467249,4898566.36,256852.12,5129573.82,3945651301.11,6525364544.45,0.00,0.00
18446744070971.31,454294742,32,0,454294742,7,44,51,793320309,461008350,1254328659,6634698,1254328925,266,65935377,276,1313629380,295936,181235,458483,4899722.36,257560.07,5131364.77,3945651301.11,6525364544.45,0.00,0.00
18446744070973.31,454294774,0,0,454294774,7,44,51,793514083,461047198,1254561281,6673546,1254561547,266,66308198,276,1314195943,232622,372821,566563,4900631.04,259016.40,5133577.90,3945651301.11,6525364544.45,0.00,0.00
18446744070975.31,454294774,0,32,454294742,7,44,51,793680210,461090215,1254770425,6716554,1254770691,266,66735056,276,1314788937,209144,426858,592994,4901448.01,260683.81,5135894.29,3945651301.11,6525364544.45,0.00,0.00
18446744070977.31,454294774,0,0,454294774,7,44,51,793799443,461138919,1254938362,6765258,1254938628,266,67236453,276,1315409567,167937,501397,620630,4902104.02,262642.39,5138318.62,3945651301.11,6525364544.45,0.00,0.00
18446744070979.31,454294774,0,0,454294774,7,44,51,793878300,461194183,1255072483,6820522,1255072749,266,67807479,276,1316059449,134121,571026,649882,4902627.93,264872.96,5140857.22,3945651301.11,6525364544.45,0.00,0.00
18446744070981.31,454294743,31,32,454294711,7,44,51,794030766,461235815,1255266581,6862154,1255266847,266,68225044,276,1316629481,194098,417565,570032,4903386.12,266504.08,5143083.91,3945651301.11,6525364544.45,0.00,0.00
18446744070983.31,454294760,14,17,454294743,7,44,51,794238934,461271963,1255510897,6898282,1255511163,266,68570512,276,1317183137,244316,345468,553656,4904340.48,267853.56,5145246.63,3945651301.11,6525364544.45,0.00,0.00
18446744070985.31,454294742,32,0,454294742,7,44,51,794352514,461322317,1255674831,6948650,1255675097,266,69083989,276,1317810212,163934,513477,627075,4904980.85,269859.33,5147696.14,3945651301.11,6525364544.45,0.00,0.00
18446744070987.31,454294742,32,0,454294742,7,44,51,794481195,461336079,1255817274,6962399,1255817540,266,69366809,276,1318221715,142443,282820,411503,4905537.27,270964.10,5149303.57,3945651301.11,6525364544.45,0.00,0.00
18446744070989.31,454294774,0,32,454294742,7,44,51,794593005,461343375,1255936380,6969706,1255936646,266,69585388,276,1318552072,119106,218579,330357,4906002.52,271817.92,5150594.03,3945663683.23,6525364544.45,12382.11,0.00
18446744070991.31,454294774,0,32,454294742,7,44,51,794726035,461345999,1256072034,6972330,1256072300,266,69662828,276,1318762542,135654,77440,210470,4906532.42,272120.42,5151416.18,3945663683.23,6525364544.45,0.00,0.00
18446744070993.31,454294774,0,0,454294774,7,44,51,794855570,461348303,1256203873,6974602,1256204139,266,69727730,276,1318957011,131839,64902,194469,4907047.42,272373.95,5152175.82,3945663683.23,6525364544.45,0.00,0.00
18446744070995.31,454294774,0,0,454294774,7,44,51,794972057,461362034,1256334091,6988362,1256334357,266,69990062,276,1319335833,130218,262332,378822,4907556.08,273398.68,5153655.60,3945663683.23,6525364544.45,0.00,0.00
18446744070997.31,454294774,0,25,454294749,7,44,51,795175494,461396955,1256572449,7023274,1256572715,266,70331045,276,1319880230,238358,340983,544397,4908487.17,274730.64,5155782.15,3945663683.23,6525364544.45,0.00,0.00
18446744070999.31,454294774,0,20,454294754,7,44,51,795425911,461424046,1256849957,7050346,1256850223,266,70586471,276,1320386092,277508,255426,505862,4909571.18,275728.40,5157758.17,3945666571.51,6525364544.45,2888.28,0.00
18446744071001.31,454294742,32,0,454294742,7,44,51,795743966,461436067,1257180033,7062250,1257180300,266,70692141,276,1320809966,330077,105670,423874,4910860.55,276141.18,5159413.93,3945666571.51,6525364544.45,0.00,0.00
18446744071003.31,454294774,0,32,454294742,7,44,51,796059706,461452151,1257511857,7078186,1257512123,266,70811827,276,1321245508,331823,119686,435542,4912156.73,276608.70,5161115.27,3945666571.51,6525364544.45,0.00,0.00
18446744071005.31,454294772,2,32,454294740,7,44,51,796353233,461469964,1257823197,7095946,1257823463,266,70975527,276,1321702788,311340,163700,457280,4913372.90,277248.15,5162901.52,3945666571.51,6525364544.45,0.00,0.00
18446744071007.31,454294774,0,32,454294742,7,44,51,796656308,461485602,1258141910,7111434,1258142177,266,71101402,276,1322131888,318714,125875,429100,4914617.88,277739.85,5164577.69,3945666571.51,6525364544.45,0.00,0.00
18446744071009.31,454294774,0,24,454294750,7,44,51,796969653,461499841,1258469494,7125610,1258469760,266,71224980,276,1322568874,327583,123578,436986,4915897.50,278222.58,5166284.66,3945666571.51,6525364544.45,0.00,0.00
18446744071011.31,454294774,0,32,454294742,7,44,51,797279536,461512417,1258791953,7138090,1258792219,266,71332353,276,1322986226,322459,107373,417352,4917157.11,278642.00,5167914.95,3945666571.51,6525364544.45,0.00,0.00
18446744071013.31,454294774,0,32,454294742,7,44,51,797468087,461521940,1258990027,7147466,1258990293,266,71414354,276,1323256925,198074,82001,270699,4917930.83,278962.32,5168972.36,3945666571.51,6525364544.45,0.00,0.00
18446744071015.31,454294774,0,20,454294754,7,44,51,797588861,461527130,1259115991,7152618,1259116257,266,71555050,276,1323518433,125964,140696,261508,4918422.88,279511.91,5169993.88,3945677378.42,6525364544.45,10806.91,0.00
18446744071017.31,454294749,25,7,454294742,7,44,51,797726503,461527925,1259254428,7153386,1259254694,266,71565510,276,1323666562,138437,10460,148129,4918963.65,279552.77,5170572.51,3945677378.42,6525364544.45,0.00,0.00
18446744071019.31,454294774,0,32,454294742,7,44,51,797860347,461531722,1259392069,7157194,1259392335,266,71649041,276,1323883926,137641,83531,217364,4919501.31,279879.07,5171421.59,3945677378.42,6525364544.45,0.00,0.00
18446744071021.31,454294774,0,10,454294764,7,44,51,797993232,461533418,1259526650,7158698,1259526916,266,71661365,276,1324029327,134581,12324,145401,4920027.02,279927.21,5171989.56,3945677378.42,6525364544.45,0.00,0.00
18446744071023.31,454294774,0,32,454294742,7,44,51,798249164,461536185,1259785349,7161322,1259785615,266,71670158,276,1324294195,258699,8793,264868,4921037.56,279961.55,5173024.20,3945677378.42,6525364544.45,0.00,0.00
18446744071025.31,454294774,0,32,454294742,7,44,51,798448965,461572993,1260021958,7198122,1260022224,266,72016259,276,1324840105,236609,346101,545910,4921961.81,281313.51,5175156.66,3945680704.56,6525364544.45,3326.14,0.00
18446744071027.31,454294774,0,8,454294766,7,44,51,798747181,461585836,1260333017,7210922,1260333283,266,72132672,276,1325254777,311059,116413,414672,4923176.89,281768.25,5176776.47,3945680704.56,6525364544.45,0.00,0.00
18446744071029.31,454294742,32,0,454294742,7,44,51,798992334,461608756,1260601090,7233866,1260601356,266,72358758,276,1325726024,268073,226086,471247,4924224.05,282651.40,5178617.28,3945680704.56,6525364544.45,0.00,0.00
18446744071031.31,454294774,0,32,454294742,7,44,51,799238943,461633280,1260872223,7258378,1260872489,266,72589437,276,1326203292,271133,230679,477268,4925283.16,283552.49,5180481.61,3945680704.56,6525364544.45,0.00,0.00
18446744071033.31,454294774,0,8,454294766,7,44,51,799555911,461638462,1261194373,7263402,1261194639,266,72615925,276,1326546906,322150,26488,343614,4926541.56,283655.96,5181823.85,3945680704.56,6525364544.45,0.00,0.00
18446744071035.31,454294754,20,2,454294752,7,44,51,799840433,461652367,1261492800,7277162,1261493066,266,72730077,276,1326945725,298427,114152,398819,4927707.29,284101.86,5183381.74,3945680704.56,6525364544.45,0.00,0.00
18446744071037.31,454294774,0,16,454294758,7,44,51,800140853,461662915,1261803768,7287722,1261804034,266,72819609,276,1327335665,310968,89532,389940,4928922.01,284451.60,5184904.94,3945680704.56,6525364544.45,0.00,0.00
18446744071039.31,454294774,0,26,454294748,7,44,51,800328954,461672708,1262001662,7297418,1262001928,266,72947425,276,1327651679,197894,127816,316014,4929695.03,284950.88,5186139.37,3945680704.56,6525364544.45,0.00,0.00
18446744071041.31,454294768,6,58,454294710,24,72,96,800350736,461673374,1262024110,7298249,1262024455,407,72967598,544,1327693596,22527,20173,41917,4929783.03,285029.68,5186303.11,3945690266.69,6525364544.45,9562.13,0.00
18446744071043.31,454294768,6,58,454294710,24,72,96,800350736,461673374,1262024110,7298249,1262024455,407,72967598,544,1327693596,0,0,0,4929783.03,285029.68,5186303.11,3945690266.69,6525364544.45,0.00,0.00
18446744071045.31,454294768,6,58,454294710,24,72,96,800350736,461673374,1262024110,7298249,1262024455,407,72967598,544,1327693596,0,0,0,4929783.03,285029.68,5186303.11,3945690266.69,6525364544.45,0.00,0.00
18446744071047.31,454294768,6,58,454294710,24,72,96,800350736,461673374,1262024110,7298249,1262024455,407,72967598,544,1327693596,0,0,0,4929783.03,285029.68,5186303.11,3945690266.69,6525364544.45,0.00,0.00
18446744071049.31,454294768,6,58,454294710,24,72,96,800350736,461673374,1262024110,7298249,1262024455,407,72967598,544,1327693596,0,0,0,4929783.03,285029.68,5186303.11,3945690994.78,6525364544.45,728.09,0.00
18446744071051.31,454294768,6,58,454294710,24,72,96,800350736,461673374,1262024110,7298249,1262024455,407,72967598,544,1327693596,0,0,0,4929783.03,285029.68,5186303.11,3945690994.78,6525364544.45,0.00,0.00
18446744071053.31,454294768,6,58,454294710,24,72,96,800350736,461673374,1262024110,7298249,1262024455,407,72967598,544,1327693596,0,0,0,4929783.03,285029.68,5186303.11,3945690994.78,6525364544.45,0.00,0.00
18446744071055.31,454294768,6,58,454294710,24,72,96,800350736,461673374,1262024110,7298249,1262024455,407,72967598,544,1327693596,0,0,0,4929783.03,285029.68,5186303.11,3945690994.78,6525364544.45,0.00,0.00
18446744071057.31,454294768,6,178758,454116010,24,72,96,800350736,461673374,1262024110,7477049,1262024455,407,73146298,544,1327693596,0,178700,0,4929783.03,285727.73,5186303.11,3945690994.78,6525364544.45,0.00,0.00
18446744071059.31,454294768,6,360558,453934210,24,72,96,800350736,461673374,1262024110,7658849,1262024455,407,73328098,544,1327693596,0,181800,0,4929783.03,286437.88,5186303.11,3945690994.78,6525364544.45,0.00,0.00
18446744071061.31,454294768,6,544158,453750610,24,72,96,800350736,461673374,1262024110,7842349,1262024455,407,73511698,544,1327693596,0,183600,0,4929783.03,287155.07,5186303.11,3945690994.78,6525364544.45,0.00,0.00
18446744071063.31,454294768,6,729158,453565610,24,72,96,800350736,461673374,1262024110,8027449,1262024455,407,73696798,544,1327693596,0,185100,0,4929783.03,287878.12,5186303.11,3945690994.78,6525364544.45,0.00,0.00
18446744071065.31,454294768,6,909658,453385110,24,72,96,800350736,461673374,1262024110,8207849,1262024455,407,73877198,544,1327693596,0,180400,0,4929783.03,288582.80,5186303.11,3945690994.78,6525364544.45,0.00,0.00
18446744071067.31,454294768,6,1086058,453208710,24,72,96,800350736,461673374,1262024110,8384249,1262024455,407,74053598,544,1327693596,0,176400,0,4929783.03,289271.87,5186303.11,3945690994.78,6525364544.45,0.00,0.00
18446744071069.31,454294768,6,1260958,453033810,24,72,96,800350736,461673374,1262024110,8559249,1262024455,407,74228498,544,1327693596,0,174900,0,4929783.03,289955.07,5186303.11,3945690994.78,6525364544.45,0.00,0.00
18446744071071.31,454294768,6,1437658,452857110,24,72,96,800350736,461673374,1262024110,8735949,1262024455,407,74405198,544,1327693596,0,176700,0,4929783.03,290645.30,5186303.11,3945690994.78,6525364544.45,0.00,0.00
18446744071073.31,454294768,6,1613058,452681710,24,72,96,800350736,461673374,1262024110,8911349,1262024455,407,74580698,544,1327693596,0,175500,0,4929783.03,291330.85,5186303.11,3945690994.78,6525364544.45,0.00,0.00
18446744071075.31,454294768,6,1799658,452495110,24,72,96,800350736,461673374,1262024110,9097949,1262024455,407,74767198,544,1327693596,0,186500,0,4929783.03,292059.37,5186303.11,3945690994.78,6525364544.45,0.00,0.00
18446744071077.31,454294768,6,1976558,452318210,24,72,96,800350736,461673374,1262024110,9274849,1262024455,407,74944098,544,1327693596,0,176900,0,4929783.03,292750.38,5186303.11,3945690994.78,6525364544.45,0.00,0.00
18446744071079.31,454294768,6,2161558,452133210,24,72,96,800350736,461673374,1262024110,9459849,1262024455,407,75129098,544,1327693596,0,185000,0,4929783.03,293473.04,5186303.11,3945690994.78,6525364544.45,0.00,0.00
18446744071081.31,454294768,6,2343058,451951710,24,72,96,800350736,461673374,1262024110,9641349,1262024455,407,75310598,544,1327693596,0,181500,0,4929783.03,294182.02,5186303.11,3945690994.78,6525364544.45,0.00,0.00
18446744071083.31,454294768,6,2519958,451774810,24,72,96,800350736,461673374,1262024110,9818249,1262024455,407,75487498,544,1327693596,0,176900,0,4929783.03,294873.04,5186303.11,3945690994.78,6525364544.45,0.00,0.00
18446744071085.31,454294768,6,2696358,451598410,24,72,96,800350736,461673374,1262024110,9994649,1262024455,407,75663898,544,1327693596,0,176400,0,4929783.03,295562.10,5186303.11,3945690994.78,6525364544.45,0.00,0.00
18446744071087.31,454294768,6,2878858,451415910,24,72,96,800350736,461673374,1262024110,10177049,1262024455,407,75846398,544,1327693596,0,182500,0,4929783.03,296274.99,5186303.11,3945690994.78,6525364544.45,0.00,0.00
18446744071089.31,454294768,6,3060658,451234110,24,72,96,800350736,461673374,1262024110,10358949,1262024455,407,76028198,544,1327693596,0,181800,0,4929783.03,296985.15,5186303.11,3945690994.78,6525364544.45,0.00,0.00
18446744071091.31,454294768,6,3238558,451056210,24,72,96,800350736,461673374,1262024110,10536749,1262024455,407,76206098,544,1327693596,0,177900,0,4929783.03,297680.07,5186303.11,3945690994.78,6525364544.45,0.00,0.00
18446744071093.31,454294768,6,3418258,450876510,24,72,96,800350736,461673374,1262024110,10716449,1262024455,407,76385798,544,1327693596,0,179700,0,4929783.03,298382.02,5186303.11,3945690994.78,6525364544.45,0.00,0.00
18446744071095.31,454294768,6,3600458,450694310,24,72,96,800350736,461673374,1262024110,10898749,1262024455,407,76567998,544,1327693596,0,182200,0,4929783.03,299093.74,5186303.11,3945690994.78,6525364544.45,0.00,0.00
18446744071097.31,454294768,6,3776758,450518010,24,72,96,800350736,461673374,1262024110,11075049,1262024455,407,76744398,544,1327693596,0,176400,0,4929783.03,299782.80,5186303.11,3945690994.78,6525364544.45,0.00,0.00
18446744071099.31,454294768,6,3963658,450331110,24,72,96,800350736,461673374,1262024110,11261949,1262024455,407,76931198,544,1327693596,0,186800,0,4929783.03,300512.49,5186303.11,3945690994.78,6525364544.45,0.00,0.00
18446744071101.31,454294768,6,4144458,450150310,24,72,96,800350736,461673374,1262024110,11442649,1262024455,407,77111998,544,1327693596,0,180800,0,4929783.03,301218.74,5186303.11,3945690994.78,6525364544.45,0.00,0.00
18446744071103.31,454294768,6,4333958,449960810,24,72,96,800350736,461673374,1262024110,11632249,1262024455,407,77301498,544,1327693596,0,189500,0,4929783.03,301958.98,5186303.11,3945690994.78,6525364544.45,0.00,0.00
18446744071105.31,454294768,6,4522958,449771810,24,72,96,800350736,461673374,1262024110,11821249,1262024455,407,77490498,544,1327693596,0,189000,0,4929783.03,302697.26,5186303.11,3945690994.78,6525364544.45,0.00,0.00
18446744071107.31,454294768,6,4711958,449582810,24,72,96,800350736,461673374,1262024110,12010249,1262024455,407,77679498,544,1327693596,0,189000,0,4929783.03,303435.54,5186303.11,3945690994.78,6525364544.45,0.00,0.00
18446744071109.31,454294768,6,4896258,449398510,24,72,96,800350736,461673374,1262024110,12194549,1262024455,407,77863898,544,1327693596,0,184400,0,4929783.03,304155.85,5186303.11,3945690994.78,6525364544.45,0.00,0.00
18446744071111.31,454294768,6,5084158,449210610,24,72,96,800350736,461673374,1262024110,12382349,1262024455,407,78051698,544,1327693596,0,187800,0,4929783.03,304889.45,5186303.11,3945690994.78,6525364544.45,0.00,0.00
18446744071113.31,454294768,6,5271358,449023410,24,72,96,800350736,461673374,1262024110,12569649,1262024455,407,78238898,544,1327693596,0,187200,0,4929783.03,305620.70,5186303.11,3945690994.78,6525364544.45,0.00,0.00
18446744071115.31,454294768,6,5450958,448843810,24,72,96,800350736,461673374,1262024110,12749249,1262024455,407,78418598,544,1327693596,0,179700,0,4929783.03,306322.65,5186303.11,3945690994.78,6525364544.45,0.00,0.00
18446744071117.31,454294768,6,5636758,448658010,24,72,96,800350736,461673374,1262024110,12935049,1262024455,407,78604398,544,1327693596,0,185800,0,4929783.03,307048.43,5186303.11,3945690994.78,6525364544.45,0.00,0.00
18446744071119.31,454294768,6,5815258,448479510,24,72,96,800350736,461673374,1262024110,13113449,1262024455,407,78782798,544,1327693596,0,178400,0,4929783.03,307745.30,5186303.11,3945690994.78,6525364544.45,0.00,0.00
18446744071121.31,454294768,6,5993658,448301110,24,72,96,800350736,461673374,1262024110,13291949,1262024455,407,78961298,544,1327693596,0,178500,0,4929783.03,308442.57,5186303.11,3945690994.78,6525364544.45,0.00,0.00
18446744071123.31,454294768,6,6186458,448108310,24,72,96,800350736,461673374,1262024110,13484749,1262024455,407,79153998,544,1327693596,0,192700,0,4929783.03,309195.30,5186303.11,3945690994.78,6525364544.45,0.00,0.00
18446744071125.31,454294768,6,6361858,447932910,24,72,96,800350736,461673374,1262024110,13660049,1262024455,407,79329398,544,1327693596,0,175400,0,4929783.03,309880.46,5186303.11,3945690994.78,6525364544.45,0.00,0.00
18446744071127.31,454294768,6,6535858,447758910,24,72,96,800350736,461673374,1262024110,13834049,1262024455,407,79503398,544,1327693596,0,174000,0,4929783.03,310560.15,5186303.11,3945690994.78,6525364544.45,0.00,0.00
18446744071129.31,454294768,6,6724658,447570110,24,72,96,800350736,461673374,1262024110,14022949,1262024455,407,79692298,544,1327693596,0,188900,0,4929783.03,311298.04,5186303.11,3945690994.78,6525364544.45,0.00,0.00
18446744071131.31,454294768,6,6908858,447385910,24,72,96,800350736,461673374,1262024110,14207149,1262024455,407,79876398,544,1327693596,0,184100,0,4929783.03,312017.18,5186303.11,3945690994.78,6525364544.45,0.00,0.00
18446744071133.31,454294768,6,7099758,447195010,24,72,96,800350736,461673374,1262024110,14398049,1262024455,407,80067298,544,1327693596,0,190900,0,4929783.03,312762.88,5186303.11,3945690994.78,6525364544.45,0.00,0.00
18446744071135.31,454294768,6,7288858,447005910,24,72,96,800350736,461673374,1262024110,14587149,1262024455,407,80256398,544,1327693596,0,189100,0,4929783.03,313501.55,5186303.11,3945690994.78,6525364544.45,0.00,0.00
18446744071137.31,454294768,6,7481558,446813210,24,72,96,800350736,461673374,1262024110,14779749,1262024455,407,80449098,544,1327693596,0,192700,0,4929783.03,314254.29,5186303.11,3945690994.78,6525364544.45,0.00,0.00
18446744071139.31,454294768,6,7655158,446639610,24,72,96,800350736,461673374,1262024110,14953349,1262024455,407,80622698,544,1327693596,0,173600,0,4929783.03,314932.41,5186303.11,3945690994.78,6525364544.45,0.00,0.00
18446744071141.31,454294768,6,7840858,446453910,24,72,96,800350736,461673374,1262024110,15139149,1262024455,407,80808498,544,1327693596,0,185800,0,4929783.03,315658.20,5186303.11,3945690994.78,6525364544.45,0.00,0.00
18446744071143.31,454294768,6,8028658,446266110,24,72,96,800350736,461673374,1262024110,15326949,1262024455,407,80996198,544,1327693596,0,187700,0,4929783.03,316391.40,5186303.11,3945690994.78,6525364544.45,0.00,0.00
18446744071145.31,454294768,6,8208958,446085810,24,72,96,800350736,461673374,1262024110,15507149,1262024455,407,81176498,544,1327693596,0,180300,0,4929783.03,317095.70,5186303.11,3945690994.78,6525364544.45,0.00,0.00
18446744071147.31,454294768,6,8383558,445911210,24,72,96,800350736,461673374,1262024110,15681849,1262024455,407,81351198,544,1327693596,0,174700,0,4929783.03,317778.12,5186303.11,3945690994.78,6525364544.45,0.00,0.00
18446744071149.31,454294768,6,8571258,445723510,24,72,96,800350736,461673374,1262024110,15869549,1262024455,407,81538798,544,1327693596,0,187600,0,4929783.03,318510.93,5186303.11,3945690994.78,6525364544.45,0.00,0.00
18446744071151.31,454294768,6,8767258,445527510,24,72,96,800350736,461673374,1262024110,16065549,1262024455,407,81734898,544,1327693596,0,196100,0,4929783.03,319276.95,5186303.11,3945690994.78,6525364544.45,0.00,0.00
18446744071153.31,454294768,6,8957158,445337610,24,72,96,800350736,461673374,1262024110,16255449,1262024455,407,81924698,544,1327693596,0,189800,0,4929783.03,320018.35,5186303.11,3945690994.78,6525364544.45,0.00,0.00
18446744071155.31,454294768,6,9136158,445158610,24,72,96,800350736,461673374,1262024110,16434449,1262024455,407,82103698,544,1327693596,0,179000,0,4929783.03,320717.57,5186303.11,3945690994.78,6525364544.45,0.00,0.00
18446744071157.31,454294768,6,9323558,444971210,24,72,96,800350736,461673374,1262024110,16621749,1262024455,407,82291098,544,1327693596,0,187400,0,4929783.03,321449.60,5186303.11,3945690994.78,6525364544.45,0.00,0.00
18446744071159.31,454294768,6,9510258,444784510,24,72,96,800350736,461673374,1262024110,16808449,1262024455,407,82477798,544,1327693596,0,186700,0,4929783.03,322178.90,5186303.11,3945690994.78,6525364544.45,0.00,0.00
18446744071161.31,454294768,6,9694958,444599810,24,72,96,800350736,461673374,1262024110,16993249,1262024455,407,82662498,544,1327693596,0,184700,0,4929783.03,322900.38,5186303.11,3945690994.78,6525364544.45,0.00,0.00
18446744071163.31,454294768,6,9870858,444423910,24,72,96,800350736,461673374,1262024110,17169049,1262024455,407,82838398,544,1327693596,0,175900,0,4929783.03,323587.49,5186303.11,3945690994.78,6525364544.45,0.00,0.00
18446744071165.31,454294768,6,10057658,444237110,24,72,96,800350736,461673374,1262024110,17355949,1262024455,407,83025298,544,1327693596,0,186900,0,4929783.03,324317.57,5186303.11,3945690994.78,6525364544.45,0.00,0.00
18446744071167.31,454294768,6,10240058,444054710,24,72,96,800350736,461673374,1262024110,17538349,1262024455,407,83207698,544,1327693596,0,182400,0,4929783.03,325030.07,5186303.11,3945690994.78,6525364544.45,0.00,0.00
18446744071169.31,454294768,6,10423858,443870910,24,72,96,800350736,461673374,1262024110,17722149,1262024455,407,83391498,544,1327693596,0,183800,0,4929783.03,325748.04,5186303.11,3945690994.78,6525364544.45,0.00,0.00
18446744071171.31,454294768,6,10614958,443679810,24,72,96,800350736,461673374,1262024110,17913249,1262024455,407,83582498,544,1327693596,0,191000,0,4929783.03,326494.13,5186303.11,3945690994.78,6525364544.45,0.00,0.00
18446744071173.31,454294768,6,10802158,443492610,24,72,96,800350736,461673374,1262024110,18100449,1262024455,407,83769698,544,1327693596,0,187200,0,4929783.03,327225.38,5186303.11,3945690994.78,6525364544.45,0.00,0.00
18446744071175.31,454294768,6,10985158,443309610,24,72,96,800350736,461673374,1262024110,18283349,1262024455,407,83952698,544,1327693596,0,183000,0,4929783.03,327940.23,5186303.11,3945690994.78,6525364544.45,0.00,0.00
18446744071177.31,454294768,6,11176158,443118610,24,72,96,800350736,461673374,1262024110,18474449,1262024455,407,84143698,544,1327693596,0,191000,0,4929783.03,328686.32,5186303.11,3945690994.78,6525364544.45,0.00,0.00
18446744071179.31,454294768,6,11353258,442941510,24,72,96,800350736,461673374,1262024110,18651449,1262024455,407,84320798,544,1327693596,0,177100,0,4929783.03,329378.12,5186303.11,3945690994.78,6525364544.45,0.00,0.00
18446744071181.31,454294768,6,11535558,442759210,24,72,96,800350736,461673374,1262024110,18833849,1262024455,407,84503098,544,1327693596,0,182300,0,4929783.03,330090.23,5186303.11,3945690994.78,6525364544.45,0.00,0.00
18446744071183.31,454294768,6,11728458,442566310,24,72,96,800350736,461673374,1262024110,19026749,1262024455,407,84695998,544,1327693596,0,192900,0,4929783.03,330843.74,5186303.11,3945690994.78,6525364544.45,0.00,0.00
18446744071185.31,454294768,6,11918958,442375810,24,72,96,800350736,461673374,1262024110,19217249,1262024455,407,84886598,544,1327693596,0,190600,0,4929783.03,331588.27,5186303.11,3945690994.78,6525364544.45,0.00,0.00
18446744071187.31,454294768,6,12107358,442187410,24,72,96,800350736,461673374,1262024110,19405649,1262024455,407,85074998,544,1327693596,0,188400,0,4929783.03,332324.21,5186303.11,3945690994.78,6525364544.45,0.00,0.00
18446744071189.31,454294768,6,12284458,442010310,24,72,96,800350736,461673374,1262024110,19582749,1262024455,407,85251998,544,1327693596,0,177000,0,4929783.03,333015.62,5186303.11,3945690994.78,6525364544.45,0.00,0.00
18446744071191.31,454294768,6,12470858,441823910,24,72,96,800350736,461673374,1262024110,19769049,1262024455,407,85438398,544,1327693596,0,186400,0,4929783.03,333743.74,5186303.11,3945690994.78,6525364544.45,0.00,0.00
18446744071193.31,454294768,6,12650758,441644010,24,72,96,800350736,461673374,1262024110,19949049,1262024455,407,85618398,544,1327693596,0,180000,0,4929783.03,334446.87,5186303.11,3945690994.78,6525364544.45,0.00,0.00
18446744071195.31,454294768,6,12833858,441460910,24,72,96,800350736,461673374,1262024110,20132149,1262024455,407,85801498,544,1327693596,0,183100,0,4929783.03,335162.10,5186303.11,3945690994.78,6525364544.45,0.00,0.00
18446744071197.31,454294768,6,13020258,441274510,24,72,96,800350736,461673374,1262024110,20318549,1262024455,407,85987798,544,1327693596,0,186300,0,4929783.03,335889.84,5186303.11,3945690994.78,6525364544.45,0.00,0.00
18446744071199.31,454294768,6,13203958,441090810,24,72,96,800350736,461673374,1262024110,20502149,1262024455,407,86171498,544,1327693596,0,183700,0,4929783.03,336607.41,5186303.11,3945690994.78,6525364544.45,0.00,0.00
18446744071201.31,454294768,6,13392058,440902710,24,72,96,800350736,461673374,1262024110,20690349,1262024455,407,86359698,544,1327693596,0,188200,0,4929783.03,337342.57,5186303.11,3945690994.78,6525364544.45,0.00,0.00
18446744071203.31,454294768,6,13576358,440718410,24,72,96,800350736,461673374,1262024110,20874649,1262024455,407,86543998,544,1327693596,0,184300,0,4929783.03,338062.49,5186303.11,3945690994.78,6525364544.45,0.00,0.00
18446744071205.32,454294768,6,13761058,440533710,24,72,96,800350736,461673374,1262024110,21059349,1262024455,407,86728698,544,1327693596,0,184700,0,4929783.03,338783.98,5186303.11,3945690994.78,6525364544.45,0.00,0.00
18446744071207.31,454294768,6,13951058,440343710,24,72,96,800350736,461673374,1262024110,21249349,1262024455,407,86918698,544,1327693596,0,190000,0,4929783.03,339526.16,5186303.11,3945690994.78,6525364544.45,0.00,0.00
18446744071209.31,454294768,6,14132258,440162510,24,72,96,800350736,461673374,1262024110,21430549,1262024455,407,87099798,544,1327693596,0,181100,0,4929783.03,340233.59,5186303.11,3945690994.78,6525364544.45,0.00,0.00
18446744071211.31,454294768,6,14313458,439981310,24,72,96,800350736,461673374,1262024110,21611749,1262024455,407,87281098,544,1327693596,0,181300,0,4929783.03,340941.79,5186303.11,3945690994.78,6525364544.45,0.00,0.00
18446744071213.31,454294768,6,14487658,439807110,24,72,96,800350736,461673374,1262024110,21785949,1262024455,407,87455198,544,1327693596,0,174100,0,4929783.03,341621.87,5186303.11,3945690994.78,6525364544.45,0.00,0.00
18446744071215.31,454294768,6,14673058,439621710,24,72,96,800350736,461673374,1262024110,21971349,1262024455,407,87640598,544,1327693596,0,185400,0,4929783.03,342346.09,5186303.11,3945690994.78,6525364544.45,0.00,0.00
18446744071217.31,454294768,6,14861058,439433710,24,72,96,800350736,461673374,1262024110,22159349,1262024455,407,87828598,544,1327693596,0,188000,0,4929783.03,343080.46,5186303.11,3945690994.78,6525364544.45,0.00,0.00
18446744071219.31,454294768,6,15039658,439255110,24,72,96,800350736,461673374,1262024110,22337949,1262024455,407,88007298,544,1327693596,0,178700,0,4929783.03,343778.51,5186303.11,3945690994.78,6525364544.45,0.00,0.00
18446744071221.31,454294768,6,15224158,439070610,24,72,96,800350736,461673374,1262024110,22522349,1262024455,407,88191698,544,1327693596,0,184400,0,4929783.03,344498.82,5186303.11,3945690994.78,6525364544.45,0.00,0.00
18446744071223.31,454294768,6,15400358,438894410,24,72,96,800350736,461673374,1262024110,22698649,1262024455,407,88367898,544,1327693596,0,176200,0,4929783.03,345187.10,5186303.11,3945690994.78,6525364544.45,0.00,0.00
18446744071225.31,454294768,6,15585258,438709510,24,72,96,800350736,461673374,1262024110,22883449,1262024455,407,88552798,544,1327693596,0,184900,0,4929783.03,345909.37,5186303.11,3945690994.78,6525364544.45,0.00,0.00
18446744071227.31,454294768,6,15767258,438527510,24,72,96,800350736,461673374,1262024110,23065549,1262024455,407,88734798,544,1327693596,0,182000,0,4929783.03,346620.30,5186303.11,3945690994.78,6525364544.45,0.00,0.00
18446744071229.31,454294768,6,15950058,438344710,24,72,96,800350736,461673374,1262024110,23248249,1262024455,407,88917598,544,1327693596,0,182800,0,4929783.03,347334.37,5186303.11,3945690994.78,6525364544.45,0.00,0.00
18446744071231.31,454294768,6,16143458,438151310,24,72,96,800350736,461673374,1262024110,23441749,1262024455,407,89111098,544,1327693596,0,193500,0,4929783.03,348090.23,5186303.11,3945690994.78,6525364544.45,0.00,0.00
18446744071233.31,454294768,6,16331158,437963610,24,72,96,800350736,461673374,1262024110,23629349,1262024455,407,89298698,544,1327693596,0,187600,0,4929783.03,348823.04,5186303.11,3945690994.78,6525364544.45,0.00,0.00
18446744071235.31,454294768,6,16527458,437767310,24,72,96,800350736,461673374,1262024110,23825749,1262024455,407,89494998,544,1327693596,0,196300,0,4929783.03,349589.84,5186303.11,3945690994.78,6525364544.45,0.00,0.00
18446744071237.32,454294768,6,16709658,437585110,24,72,96,800350736,461673374,1262024110,24007849,1262024455,407,89677198,544,1327693596,0,182200,0,4929783.03,350301.55,5186303.11,3945690994.78,6525364544.45,0.00,0.00
18446744071239.31,454294768,6,16892358,437402410,24,72,96,800350736,461673374,1262024110,24190549,1262024455,407,89859898,544,1327693596,0,182700,0,4929783.03,351015.23,5186303.11,3945690994.78,6525364544.45,0.00,0.00
18446744071241.31,454294768,6,17081558,437213210,24,72,96,800350736,461673374,1262024110,24379749,1262024455,407,90049098,544,1327693596,0,189200,0,4929783.03,351754.29,5186303.11,3945690994.78,6525364544.45,0.00,0.00
18446744071243.31,454294768,6,17257858,437036910,24,72,96,800350736,461673374,1262024110,24556149,1262024455,407,90225398,544,1327693596,0,176300,0,4929783.03,352442.96,5186303.11,3945690994.78,6525364544.45,0.00,0.00
18446744071245.31,454294768,6,17431158,436863610,24,72,96,800350736,461673374,1262024110,24729349,1262024455,407,90398698,544,1327693596,0,173300,0,4929783.03,353119.91,5186303.11,3945690994.78,6525364544.45,0.00,0.00
18446744071247.31,454294768,6,17605558,436689210,24,72,96,800350736,461673374,1262024110,24903749,1262024455,407,90573098,544,1327693596,0,174400,0,4929783.03,353801.16,5186303.11,3945690994.78,6525364544.45,0.00,0.00
18446744071249.31,454294768,6,17782758,436512010,24,72,96,800350736,461673374,1262024110,25081049,1262024455,407,90750298,544,1327693596,0,177200,0,4929783.03,354493.35,5186303.11,3945690994.78,6525364544.45,0.00,0.00
18446744071251.32,454294768,6,17961958,436332810,24,72,96,800350736,461673374,1262024110,25260249,1262024455,407,90929598,544,1327693596,0,179300,0,4929783.03,355193.74,5186303.11,3945690994.78,6525364544.45,0.00,0.00
18446744071253.31,454294768,6,18142858,436151910,24,72,96,800350736,461673374,1262024110,25441149,1262024455,407,91110398,544,1327693596,0,180800,0,4929783.03,355899.99,5186303.11,3945690994.78,6525364544.45,0.00,0.00
18446744071255.31,454294768,6,18338058,435956710,24,72,96,800350736,461673374,1262024110,25636349,1262024455,407,91305698,544,1327693596,0,195300,0,4929783.03,356662.88,5186303.11,3945690994.78,6525364544.45,0.00,0.00
18446744071257.31,454294768,6,18537458,435757310,24,72,96,800350736,461673374,1262024110,25835749,1262024455,407,91505098,544,1327693596,0,199400,0,4929783.03,357441.79,5186303.11,3945690994.78,6525364544.45,0.00,0.00
18446744071259.31,454294768,6,18734858,435559910,24,72,96,800350736,461673374,1262024110,26033149,1262024455,407,91702398,544,1327693596,0,197300,0,4929783.03,358212.49,5186303.11,3945690994.78,6525364544.45,0.00,0.00
18446744071261.31,454294768,6,18915958,435378810,24,72,96,800350736,461673374,1262024110,26214249,1262024455,407,91883498,544,1327693596,0,181100,0,4929783.03,358919.91,5186303.11,3945690994.78,6525364544.45,0.00,0.00
18446744071263.31,454294768,6,19102858,435191910,24,72,96,800350736,461673374,1262024110,26401149,1262024455,407,92070398,544,1327693596,0,186900,0,4929783.03,359649.99,5186303.11,3945690994.78,6525364544.45,0.00,0.00
18446744071265.32,454294768,6,19297158,434997610,24,72,96,800350736,461673374,1262024110,26595449,1262024455,407,92264698,544,1327693596,0,194300,0,4929783.03,360408.98,5186303.11,3945690994.78,6525364544.45,0.00,0.00
18446744071267.31,454294768,6,19487158,434807610,24,72,96,800350736,461673374,1262024110,26785349,1262024455,407,92454698,544,1327693596,0,190000,0,4929783.03,361151.16,5186303.11,3945690994.78,6525364544.45,0.00,0.00
18446744071269.32,454294768,6,19665858,434628910,24,72,96,800350736,461673374,1262024110,26964049,1262024455,407,92633398,544,1327693596,0,178700,0,4929783.03,361849.21,5186303.11,3945690994.78,6525364544.45,0.00,0.00
18446744071271.31,454294768,6,19850358,434444410,24,72,96,800350736,461673374,1262024110,27148649,1262024455,407,92817998,544,1327693596,0,184600,0,4929783.03,362570.30,5186303.11,3945690994.78,6525364544.45,0.00,0.00
18446744071273.31,454294768,6,20045958,434248810,24,72,96,800350736,461673374,1262024110,27344249,1262024455,407,93013498,544,1327693596,0,195500,0,4929783.03,363333.98,5186303.11,3945690994.78,6525364544.45,0.00,0.00
18446744071275.31,454294768,6,20222658,434072110,24,72,96,800350736,461673374,1262024110,27520949,1262024455,407,93190198,544,1327693596,0,176700,0,4929783.03,364024.21,5186303.11,3945690994.78,6525364544.45,0.00,0.00
18446744071277.31,454294768,6,20401358,433893410,24,72,96,800350736,461673374,1262024110,27699549,1262024455,407,93368898,544,1327693596,0,178700,0,4929783.03,364722.26,5186303.11,3945690994.78,6525364544.45,0.00,0.00
18446744071279.31,454294768,6,20588458,433706310,24,72,96,800350736,461673374,1262024110,27886749,1262024455,407,93555998,544,1327693596,0,187100,0,4929783.03,365453.12,5186303.11,3945690994.78,6525364544.45,0.00,0.00
18446744071281.31,454294768,6,20785158,433509610,24,72,96,800350736,461673374,1262024110,28083449,1262024455,407,93752698,544,1327693596,0,196700,0,4929783.03,366221.48,5186303.11,3945690994.78,6525364544.45,0.00,0.00
18446744071283.32,454294768,6,20979958,433314810,24,72,96,800350736,461673374,1262024110,28278249,1262024455,407,93947498,544,1327693596,0,194800,0,4929783.03,366982.41,5186303.11,3945690994.78,6525364544.45,0.00,0.00
18446744071285.31,454294768,6,21170758,433124010,24,72,96,800350736,461673374,1262024110,28468949,1262024455,407,94138298,544,1327693596,0,190800,0,4929783.03,367727.73,5186303.11,3945690994.78,6525364544.45,0.00,0.00
18446744071287.31,454294768,6,21347358,432947410,24,72,96,800350736,461673374,1262024110,28645649,1262024455,407,94314898,544,1327693596,0,176600,0,4929783.03,368417.57,5186303.11,3945690994.78,6525364544.45,0.00,0.00
18446744071289.31,454294768,6,21525958,432768810,24,72,96,800350736,461673374,1262024110,28824249,1262024455,407,94493498,544,1327693596,0,178600,0,4929783.03,369115.23,5186303.11,3945690994.78,6525364544.45,0.00,0.00
18446744071291.31,454294768,6,21701958,432592810,24,72,96,800350736,461673374,1262024110,29000249,1262024455,407,94669598,544,1327693596,0,176100,0,4929783.03,369803.12,5186303.11,3945690994.78,6525364544.45,0.00,0.00
18446744071293.31,454294768,6,21887158,432407610,24,72,96,800350736,461673374,1262024110,29185449,1262024455,407,94854698,544,1327693596,0,185100,0,4929783.03,370526.16,5186303.11,3945690994.78,6525364544.45,0.00,0.00
18446744071295.31,454294768,6,22082058,432212710,24,72,96,800350736,461673374,1262024110,29380249,1262024455,407,95049598,544,1327693596,0,194900,0,4929783.03,371287.49,5186303.11,3945690994.78,6525364544.45,0.00,0.00
18446744071297.32,454294768,6,22270458,432024310,24,72,96,800350736,461673374,1262024110,29568649,1262024455,407,95237998,544,1327693596,0,188400,0,4929783.03,372023.43,5186303.11,3945690994.78,6525364544.45,0.00,0.00
18446744071299.31,454294768,6,22447758,431847010,24,72,96,800350736,461673374,1262024110,29745949,1262024455,407,95415298,544,1327693596,0,177300,0,4929783.03,372716.01,5186303.11,3945690994.78,6525364544.45,0.00,0.00
18446744071301.32,454294768,6,22624458,431670310,24,72,96,800350736,461673374,1262024110,29922749,1262024455,407,95592098,544,1327693596,0,176800,0,4929783.03,373406.63,5186303.11,3945690994.78,6525364544.45,0.00,0.00
18446744071303.31,454294768,6,22797558,431497210,24,72,96,800350736,461673374,1262024110,30095849,1262024455,407,95765198,544,1327693596,0,173100,0,4929783.03,374082.80,5186303.11,3945690994.78,6525364544.45,0.00,0.00
18446744071305.31,454294768,6,22976458,431318310,24,72,96,800350736,461673374,1262024110,30274749,1262024455,407,95944098,544,1327693596,0,178900,0,4929783.03,374781.63,5186303.11,3945690994.78,6525364544.45,0.00,0.00
18446744071307.31,454294768,6,23160258,431134510,24,72,96,800350736,461673374,1262024110,30458549,1262024455,407,96127898,544,1327693596,0,183800,0,4929783.03,375499.60,5186303.11,3945690994.78,6525364544.45,0.00,0.00
18446744071309.31,454294768,6,23345458,430949310,24,72,96,800350736,461673374,1262024110,30643749,1262024455,407,96313098,544,1327693596,0,185200,0,4929783.03,376223.04,5186303.11,3945690994.78,6525364544.45,0.00,0.00
18446744071311.31,454294768,6,23529858,430764910,24,72,96,800350736,461673374,1262024110,30828049,1262024455,407,96497398,544,1327693596,0,184300,0,4929783.03,376942.96,5186303.11,3945690994.78,6525364544.45,0.00,0.00
18446744071313.31,454294768,6,23709658,430585110,24,72,96,800350736,461673374,1262024110,31007849,1262024455,407,96677198,544,1327693596,0,179800,0,4929783.03,377645.30,5186303.11,3945690994.78,6525364544.45,0.00,0.00
18446744071315.32,454294768,6,23888858,430405910,24,72,96,800350736,461673374,1262024110,31187049,1262024455,407,96856398,544,1327693596,0,179200,0,4929783.03,378345.30,5186303.11,3945690994.78,6525364544.45,0.00,0.00
18446744071317.31,454294768,6,24080258,430214510,24,72,96,800350736,461673374,1262024110,31378549,1262024455,407,97047798,544,1327693596,0,191400,0,4929783.03,379092.96,5186303.11,3945690994.78,6525364544.45,0.00,0.00
18446744071319.31,454294768,6,24255758,430039010,24,72,96,800350736,461673374,1262024110,31554049,1262024455,407,97223298,544,1327693596,0,175500,0,4929783.03,379778.51,5186303.11,3945690994.78,6525364544.45,0.00,0.00
18446744071321.31,454294768,6,24441258,429853510,24,72,96,800350736,461673374,1262024110,31739549,1262024455,407,97408898,544,1327693596,0,185600,0,4929783.03,380503.51,5186303.11,3945690994.78,6525364544.45,0.00,0.00
18446744071323.31,454294768,6,24632558,429662210,24,72,96,800350736,461673374,1262024110,31930749,1262024455,407,97600098,544,1327693596,0,191200,0,4929783.03,381250.38,5186303.11,3945690994.78,6525364544.45,0.00,0.00
18446744071325.31,454294768,6,24823858,429470910,24,72,96,800350736,461673374,1262024110,32122049,1262024455,407,97791398,544,1327693596,0,191300,0,4929783.03,381997.65,5186303.11,3945690994.78,6525364544.45,0.00,0.00
18446744071327.31,454294768,6,25015858,429278910,24,72,96,800350736,461673374,1262024110,32314149,1262024455,407,97983398,544,1327693596,0,192000,0,4929783.03,382747.65,5186303.11,3945690994.78,6525364544.45,0.00,0.00
18446744071329.32,454294768,6,25209758,429085010,24,72,96,800350736,461673374,1262024110,32507949,1262024455,407,98177298,544,1327693596,0,193900,0,4929783.03,383505.07,5186303.11,3945690994.78,6525364544.45,0.00,0.00
18446744071331.31,454294768,6,25404258,428890510,24,72,96,800350736,461673374,1262024110,32702549,1262024455,407,98371898,544,1327693596,0,194600,0,4929783.03,384265.23,5186303.11,3945690994.78,6525364544.45,0.00,0.00
18446744071333.32,454294768,6,25602058,428692710,24,72,96,800350736,461673374,1262024110,32900349,1262024455,407,98569598,544,1327693596,0,197700,0,4929783.03,385037.49,5186303.11,3945690994.78,6525364544.45,0.00,0.00
18446744071335.31,454294768,6,25800658,428494110,24,72,96,800350736,461673374,1262024110,33098949,1262024455,407,98768298,544,1327693596,0,198700,0,4929783.03,385813.66,5186303.11,3945690994.78,6525364544.45,0.00,0.00
18446744071337.31,454294768,6,25999658,428295110,24,72,96,800350736,461673374,1262024110,33297949,1262024455,407,98967298,544,1327693596,0,199000,0,4929783.03,386591.01,5186303.11,3945690994.78,6525364544.45,0.00,0.00
18446744071339.31,454294768,6,26199058,428095710,24,72,96,800350736,461673374,1262024110,33497249,1262024455,407,99166598,544,1327693596,0,199300,0,4929783.03,387369.52,5186303.11,3945690994.78,6525364544.45,0.00,0.00
18446744071341.31,454294768,6,26397158,427897610,24,72,96,800350736,461673374,1262024110,33695349,1262024455,407,99364698,544,1327693596,0,198100,0,4929783.03,388143.35,5186303.11,3945690994.78,6525364544.45,0.00,0.00
18446744071343.32,454294768,6,26596358,427698410,24,72,96,800350736,461673374,1262024110,33894549,1262024455,407,99563898,544,1327693596,0,199200,0,4929783.03,388921.48,5186303.11,3945690994.78,6525364544.45,0.00,0.00
18446744071345.31,454294768,6,26793758,427501010,24,72,96,800350736,461673374,1262024110,34091949,1262024455,407,99761298,544,1327693596,0,197400,0,4929783.03,389692.57,5186303.11,3945690994.78,6525364544.45,0.00,0.00
18446744071347.32,454294768,6,26993058,427301710,24,72,96,800350736,461673374,1262024110,34291349,1262024455,407,99960698,544,1327693596,0,199400,0,4929783.03,390471.48,5186303.11,3945690994.78,6525364544.45,0.00,0.00
18446744071349.31,454294768,6,27190958,427103810,24,72,96,800350736,461673374,1262024110,34489249,1262024455,407,100158498,544,1327693596,0,197800,0,4929783.03,391244.13,5186303.11,3945690994.78,6525364544.45,0.00,0.00
18446744071351.31,454294768,6,27389058,426905710,24,72,96,800350736,461673374,1262024110,34687249,1262024455,407,100356598,544,1327693596,0,198100,0,4929783.03,392017.96,5186303.11,3945690994.78,6525364544.45,0.00,0.00
18446744071353.31,454294768,6,27580058,426714710,24,72,96,800350736,461673374,1262024110,34878349,1262024455,407,100547598,544,1327693596,0,191000,0,4929783.03,392764.05,5186303.11,3945690994.78,6525364544.45,0.00,0.00
18446744071355.31,454294768,6,27770758,426524010,24,72,96,800350736,461673374,1262024110,35069049,1262024455,407,100738298,544,1327693596,0,190700,0,4929783.03,393508.98,5186303.11,3945690994.78,6525364544.45,0.00,0.00
18446744071357.31,454294768,6,27967758,426327010,24,72,96,800350736,461673374,1262024110,35266049,1262024455,407,100935398,544,1327693596,0,197100,0,4929783.03,394278.90,5186303.11,3945690994.78,6525364544.45,0.00,0.00
18446744071359.31,454294768,6,28167258,426127510,24,72,96,800350736,461673374,1262024110,35465449,1262024455,407,101134798,544,1327693596,0,199400,0,4929783.03,395057.80,5186303.11,3945690994.78,6525364544.45,0.00,0.00
18446744071361.32,454294768,6,28364958,425929810,24,72,96,800350736,461673374,1262024110,35663249,1262024455,407,101332498,544,1327693596,0,197700,0,4929783.03,395830.07,5186303.11,3945690994.78,6525364544.45,0.00,0.00
18446744071363.31,454294768,6,28563558,425731210,24,72,96,800350736,461673374,1262024110,35861849,1262024455,407,101531098,544,1327693596,0,198600,0,4929783.03,396605.85,5186303.11,3945690994.78,6525364544.45,0.00,0.00
18446744071365.32,454294768,6,28758358,425536410,24,72,96,800350736,461673374,1262024110,36056549,1262024455,407,101725898,544,1327693596,0,194800,0,4929783.03,397366.79,5186303.11,3945690994.78,6525364544.45,0.00,0.00
18446744071367.31,454294768,6,28956358,425338410,24,72,96,800350736,461673374,1262024110,36254649,1262024455,407,101923998,544,1327693596,0,198100,0,4929783.03,398140.62,5186303.11,3945690994.78,6525364544.45,0.00,0.00
18446744071369.31,454294768,6,29152158,425142610,24,72,96,800350736,461673374,1262024110,36450449,1262024455,407,102119698,544,1327693596,0,195700,0,4929783.03,398905.07,5186303.11,3945690994.78,6525364544.45,0.00,0.00
18446744071371.31,454294768,6,29344258,424950510,24,72,96,800350736,461673374,1262024110,36642549,1262024455,407,102311898,544,1327693596,0,192200,0,4929783.03,399655.85,5186303.11,3945690994.78,6525364544.45,0.00,0.00
18446744071373.31,454294768,6,29538858,424755910,24,72,96,800350736,461673374,1262024110,36837149,1262024455,407,102506498,544,1327693596,0,194600,0,4929783.03,400416.01,5186303.11,3945690994.78,6525364544.45,0.00,0.00
18446744071375.32,454294768,6,29737958,424556810,24,72,96,800350736,461673374,1262024110,37036149,1262024455,407,102705498,544,1327693596,0,199000,0,4929783.03,401193.35,5186303.11,3945690994.78,6525364544.45,0.00,0.00
18446744071377.31,454294768,6,29933958,424360810,24,72,96,800350736,461673374,1262024110,37232249,1262024455,407,102901498,544,1327693596,0,196000,0,4929783.03,401958.98,5186303.11,3945690994.78,6525364544.45,0.00,0.00
18446744071379.32,454294768,6,30128058,424166710,24,72,96,800350736,461673374,1262024110,37426249,1262024455,407,103095598,544,1327693596,0,194100,0,4929783.03,402717.18,5186303.11,3945690994.78,6525364544.45,0.00,0.00
18446744071381.31,454294768,6,30325058,423969710,24,72,96,800350736,461673374,1262024110,37623349,1262024455,407,103292698,544,1327693596,0,197100,0,4929783.03,403487.10,5186303.11,3945690994.78,6525364544.45,0.00,0.00
18446744071383.31,454294768,6,30518458,423776310,24,72,96,800350736,461673374,1262024110,37816749,1262024455,407,103485998,544,1327693596,0,193300,0,4929783.03,404242.18,5186303.11,3945690994.78,6525364544.45,0.00,0.00
18446744071385.31,454294768,6,30704758,423590010,24,72,96,800350736,461673374,1262024110,38003049,1262024455,407,103672398,544,1327693596,0,186400,0,4929783.03,404970.30,5186303.11,3945690994.78,6525364544.45,0.00,0.00
18446744071387.31,454294768,6,30897958,423396810,24,72,96,800350736,461673374,1262024110,38196149,1262024455,407,103865498,544,1327693596,0,193100,0,4929783.03,405724.60,5186303.11,3945690994.78,6525364544.45,0.00,0.00
18446744071389.32,454294768,6,31088558,423206210,24,72,96,800350736,461673374,1262024110,38386849,1262024455,407,104056098,544,1327693596,0,190600,0,4929783.03,406469.13,5186303.11,3945690994.78,6525364544.45,0.00,0.00
18446744071391.31,454294768,6,31281258,423013510,24,72,96,800350736,461673374,1262024110,38579549,1262024455,407,104248798,544,1327693596,0,192700,0,4929783.03,407221.87,5186303.11,3945690994.78,6525364544.45,0.00,0.00
18446744071393.32,454294768,6,31469658,422825110,24,72,96,800350736,461673374,1262024110,38767949,1262024455,407,104437198,544,1327693596,0,188400,0,4929783.03,407957.80,5186303.11,3945690994.78,6525364544.45,0.00,0.00
18446744071395.31,454294768,6,31651658,422643110,24,72,96,800350736,461673374,1262024110,38949849,1262024455,407,104619198,544,1327693596,0,182000,0,4929783.03,408668.74,5186303.11,3945690994.78,6525364544.45,0.00,0.00
18446744071397.32,454294768,6,31831658,422463110,24,72,96,800350736,461673374,1262024110,39129949,1262024455,407,104799198,544,1327693596,0,180000,0,4929783.03,409371.87,5186303.11,3945690994.78,6525364544.45,0.00,0.00
18446744071399.31,454294768,6,32019958,422274810,24,72,96,800350736,461673374,1262024110,39318149,1262024455,407,104987498,544,1327693596,0,188300,0,4929783.03,410107.41,5186303.11,3945690994.78,6525364544.45,0.00,0.00
18446744071401.31,454294768,6,32214858,422079910,24,72,96,800350736,461673374,1262024110,39513149,1262024455,407,105182398,544,1327693596,0,194900,0,4929783.03,410868.74,5186303.11,3945690994.78,6525364544.45,0.00,0.00
18446744071403.31,454294768,6,32398458,421896310,24,72,96,800350736,461673374,1262024110,39696749,1262024455,407,105366098,544,1327693596,0,183700,0,4929783.03,411586.32,5186303.11,3945690994.78,6525364544.45,0.00,0.00
18446744071405.31,454294768,6,32579758,421715010,24,72,96,800350736,461673374,1262024110,39878049,1262024455,407,105547298,544,1327693596,0,181200,0,4929783.03,412294.13,5186303.11,3945690994.78,6525364544.45,0.00,0.00
18446744071407.32,454294768,6,32773458,421521310,24,72,96,800350736,461673374,1262024110,40071749,1262024455,407,105741098,544,1327693596,0,193800,0,4929783.03,413051.16,5186303.11,3945690994.78,6525364544.45,0.00,0.00
18446744071409.31,454294768,6,32963958,421330810,24,72,96,800350736,461673374,1262024110,40262249,1262024455,407,105931498,544,1327693596,0,190400,0,4929783.03,413794.91,5186303.11,3945690994.78,6525364544.45,0.00,0.00
18446744071411.32,454294768,6,33158958,421135810,24,72,96,800350736,461673374,1262024110,40457249,1262024455,407,106126598,544,1327693596,0,195100,0,4929783.03,414557.02,5186303.11,3945690994.78,6525364544.45,0.00,0.00
18446744071413.31,454294768,6,33347158,420947610,24,72,96,800350736,461673374,1262024110,40645449,1262024455,407,106314698,544,1327693596,0,188100,0,4929783.03,415291.79,5186303.11,3945690994.78,6525364544.45,0.00,0.00
18446744071415.31,454294768,6,33546858,420747910,24,72,96,800350736,461673374,1262024110,40845149,1262024455,407,106514498,544,1327693596,0,199800,0,4929783.03,416072.26,5186303.11,3945690994.78,6525364544.45,0.00,0.00
18446744071417.31,454294768,6,33741758,420553010,24,72,96,800350736,461673374,1262024110,41040049,1262024455,407,106709298,544,1327693596,0,194800,0,4929783.03,416833.20,5186303.11,3945690994.78,6525364544.45,0.00,0.00
18446744071419.31,454294768,6,33935358,420359410,24,72,96,800350736,461673374,1262024110,41233649,1262024455,407,106902898,544,1327693596,0,193600,0,4929783.03,417589.45,5186303.11,3945690994.78,6525364544.45,0.00,0.00
18446744071421.32,454294768,6,34133458,420161310,24,72,96,800350736,461673374,1262024110,41431749,1262024455,407,107100998,544,1327693596,0,198100,0,4929783.03,418363.27,5186303.11,3945690994.78,6525364544.45,0.00,0.00
18446744071423.31,454294768,6,34329258,419965510,24,72,96,800350736,461673374,1262024110,41627449,1262024455,407,107296798,544,1327693596,0,195800,0,4929783.03,419128.12,5186303.11,3945690994.78,6525364544.45,0.00,0.00
18446744071425.32,454294768,6,34528858,419765910,24,72,96,800350736,461673374,1262024110,41827149,1262024455,407,107496398,544,1327693596,0,199600,0,4929783.03,419907.80,5186303.11,3945690994.78,6525364544.45,0.00,0.00
18446744071427.31,454294768,6,34725558,419569210,24,72,96,800350736,461673374,1262024110,42023749,1262024455,407,107693098,544,1327693596,0,196700,0,4929783.03,420676.16,5186303.11,3945690994.78,6525364544.45,0.00,0.00
18446744071429.32,454294768,6,34917858,419376910,24,72,96,800350736,461673374,1262024110,42216149,1262024455,407,107885498,544,1327693596,0,192400,0,4929783.03,421427.73,5186303.11,3945690994.78,6525364544.45,0.00,0.00
18446744071431.31,454294768,6,35100758,419194010,24,72,96,800350736,461673374,1262024110,42399049,1262024455,407,108068298,544,1327693596,0,182800,0,4929783.03,422141.79,5186303.11,3945690994.78,6525364544.45,0.00,0.00
18446744071433.31,454294768,6,35293258,419001510,24,72,96,800350736,461673374,1262024110,42591549,1262024455,407,108260798,544,1327693596,0,192500,0,4929783.03,422893.74,5186303.11,3945690994.78,6525364544.45,0.00,0.00
18446744071435.31,454294768,6,35484658,418810110,24,72,96,800350736,461673374,1262024110,42782849,1262024455,407,108452198,544,1327693596,0,191400,0,4929783.03,423641.40,5186303.11,3945690994.78,6525364544.45,0.00,0.00
18446744071437.31,454294768,6,35681258,418613510,24,72,96,800350736,461673374,1262024110,42979549,1262024455,407,108648898,544,1327693596,0,196700,0,4929783.03,424409.76,5186303.11,3945690994.78,6525364544.45,0.00,0.00
18446744071439.32,454294768,6,35868158,418426610,24,72,96,800350736,461673374,1262024110,43166449,1262024455,407,108835798,544,1327693596,0,186900,0,4929783.03,425139.84,5186303.11,3945690994.78,6525364544.45,0.00,0.00
18446744071441.31,454294768,6,36057158,418237610,24,72,96,800350736,461673374,1262024110,43355449,1262024455,407,109024798,544,1327693596,0,189000,0,4929783.03,425878.12,5186303.11,3945690994.78,6525364544.45,0.00,0.00
18446744071443.32,454294768,6,36250458,418044310,24,72,96,800350736,461673374,1262024110,43548749,1262024455,407,109218098,544,1327693596,0,193300,0,4929783.03,426633.20,5186303.11,3945690994.78,6525364544.45,0.00,0.00
18446744071445.31,454294768,6,36437358,417857410,24,72,96,800350736,461673374,1262024110,43735649,1262024455,407,109404998,544,1327693596,0,186900,0,4929783.03,427363.27,5186303.11,3945690994.78,6525364544.45,0.00,0.00
18446744071447.31,454294768,6,36633558,417661210,24,72,96,800350736,461673374,1262024110,43931849,1262024455,407,109601098,544,1327693596,0,196100,0,4929783.03,428129.29,5186303.11,3945690994.78,6525364544.45,0.00,0.00
18446744071449.31,454294768,6,36822158,417472610,24,72,96,800350736,461673374,1262024110,44120449,1262024455,407,109789798,544,1327693596,0,188700,0,4929783.03,428866.40,5186303.11,3945690994.78,6525364544.45,0.00,0.00
18446744071451.31,454294768,6,37007758,417287010,24,72,96,800350736,461673374,1262024110,44306049,1262024455,407,109975298,544,1327693596,0,185500,0,4929783.03,429591.01,5186303.11,3945690994.78,6525364544.45,0.00,0.00
18446744071453.32,454294768,6,37200658,417094110,24,72,96,800350736,461673374,1262024110,44498949,1262024455,407,110168198,544,1327693596,0,192900,0,4929783.03,430344.52,5186303.11,3945690994.78,6525364544.45,0.00,0.00
18446744071455.31,454294768,6,37399258,416895510,24,72,96,800350736,461673374,1262024110,44697549,1262024455,407,110366898,544,1327693596,0,198700,0,4929783.03,431120.70,5186303.11,3945690994.78,6525364544.45,0.00,0.00
18446744071457.32,454294768,6,37598658,416696110,24,72,96,800350736,461673374,1262024110,44896949,1262024455,407,110566198,544,1327693596,0,199300,0,4929783.03,431899.21,5186303.11,3945690994.78,6525364544.45,0.00,0.00
18446744071459.31,454294768,6,37786558,416508210,24,72,96,800350736,461673374,1262024110,45084849,1262024455,407,110754098,544,1327693596,0,187900,0,4929783.03,432633.20,5186303.11,3945690994.78,6525364544.45,0.00,0.00
18446744071461.32,454294768,6,37971858,416322910,24,72,96,800350736,461673374,1262024110,45270149,1262024455,407,110939398,544,1327693596,0,185300,0,4929783.03,433357.02,5186303.11,3945690994.78,6525364544.45,0.00,0.00
18446744071463.31,454294768,6,38160758,416134010,24,72,96,800350736,461673374,1262024110,45458949,1262024455,407,111128298,544,1327693596,0,188900,0,4929783.03,434094.91,5186303.11,3945690994.78,6525364544.45,0.00,0.00
18446744071465.31,454294768,6,38351558,415943210,24,72,96,800350736,461673374,1262024110,45649749,1262024455,407,111319098,544,1327693596,0,190800,0,4929783.03,434840.23,5186303.11,3945690994.78,6525364544.45,0.00,0.00
18446744071467.31,454294768,6,38540658,415754110,24,72,96,800350736,461673374,1262024110,45838949,1262024455,407,111508298,544,1327693596,0,189200,0,4929783.03,435579.29,5186303.11,3945690994.78,6525364544.45,0.00,0.00
18446744071469.31,454294768,6,38731058,415563710,24,72,96,800350736,461673374,1262024110,46029349,1262024455,407,111698598,544,1327693596,0,190300,0,4929783.03,436322.65,5186303.11,3945690994.78,6525364544.45,0.00,0.00
18446744071471.32,454294768,6,38919958,415374810,24,72,96,800350736,461673374,1262024110,46218149,1262024455,407,111887498,544,1327693596,0,188900,0,4929783.03,437060.54,5186303.11,3945690994.78,6525364544.45,0.00,0.00
18446744071473.31,454294768,6,39099358,415195410,24,72,96,800350736,461673374,1262024110,46397649,1262024455,407,112066998,544,1327693596,0,179500,0,4929783.03,437761.71,5186303.11,3945690994.78,6525364544.45,0.00,0.00
18446744071475.32,454294768,6,39288158,415006610,24,72,96,800350736,461673374,1262024110,46586449,1262024455,407,112255698,544,1327693596,0,188700,0,4929783.03,438498.82,5186303.11,3945690994.78,6525364544.45,0.00,0.00
18446744071477.31,454294768,6,39478358,414816410,24,72,96,800350736,461673374,1262024110,46776549,1262024455,407,112445898,544,1327693596,0,190200,0,4929783.03,439241.79,5186303.11,3945690994.78,6525364544.45,0.00,0.00
18446744071479.31,454294768,6,39674258,414620510,24,72,96,800350736,461673374,1262024110,46972449,1262024455,407,112641798,544,1327693596,0,195900,0,4929783.03,440007.02,5186303.11,3945690994.78,6525364544.45,0.00,0.00
18446744071481.31,454294768,6,39871258,414423510,24,72,96,800350736,461673374,1262024110,47169549,1262024455,407,112838898,544,1327693596,0,197100,0,4929783.03,440776.95,5186303.11,3945690994.78,6525364544.45,0.00,0.00
18446744071483.31,454294768,6,40058358,414236410,24,72,96,800350736,461673374,1262024110,47356649,1262024455,407,113025898,544,1327693596,0,187000,0,4929783.03,441507.41,5186303.11,3945690994.78,6525364544.45,0.00,0.00
18446744071485.32,454294768,6,40237358,414057410,24,72,96,800350736,461673374,1262024110,47535649,1262024455,407,113204898,544,1327693596,0,179000,0,4929783.03,442206.63,5186303.11,3945690994.78,6525364544.45,0.00,0.00
18446744071487.31,454294768,6,40420058,413874710,24,72,96,800350736,461673374,1262024110,47718349,1262024455,407,113387698,544,1327693596,0,182800,0,4929783.03,442920.70,5186303.11,3945690994.78,6525364544.45,0.00,0.00
18446744071489.32,454294768,6,40603858,413690910,24,72,96,800350736,461673374,1262024110,47902149,1262024455,407,113571398,544,1327693596,0,183700,0,4929783.03,443638.27,5186303.11,3945690994.78,6525364544.45,0.00,0.00
18446744071491.31,454294768,6,40793458,413501310,24,72,96,800350736,461673374,1262024110,48091749,1262024455,407,113761098,544,1327693596,0,189700,0,4929783.03,444379.29,5186303.11,3945690994.78,6525364544.45,0.00,0.00
18446744071493.32,454294768,6,40981158,413313610,24,72,96,800350736,461673374,1262024110,48279449,1262024455,407,113948798,544,1327693596,0,187700,0,4929783.03,445112.49,5186303.11,3945690994.78,6525364544.45,0.00,0.00
18446744071495.31,454294768,6,41177858,413116910,24,72,96,800350736,461673374,1262024110,48476149,1262024455,407,114145498,544,1327693596,0,196700,0,4929783.03,445880.85,5186303.11,3945690994.78,6525364544.45,0.00,0.00
18446744071497.31,454294768,6,41375658,412919110,24,72,96,800350736,461673374,1262024110,48673949,1262024455,407,114343298,544,1327693596,0,197800,0,4929783.03,446653.51,5186303.11,3945690994.78,6525364544.45,0.00,0.00
18446744071499.32,454294768,6,41567658,412727110,24,72,96,800350736,461673374,1262024110,48865849,1262024455,407,114535198,544,1327693596,0,191900,0,4929783.03,447403.12,5186303.11,3945690994.78,6525364544.45,0.00,0.00
18446744071501.31,454294768,6,41764358,412530410,24,72,96,800350736,461673374,1262024110,49062649,1262024455,407,114731998,544,1327693596,0,196800,0,4929783.03,448171.87,5186303.11,3945690994.78,6525364544.45,0.00,0.00
18446744071503.32,454294768,6,41960358,412334410,24,72,96,800350736,461673374,1262024110,49258549,1262024455,407,114927898,544,1327693596,0,195900,0,4929783.03,448937.10,5186303.11,3945690994.78,6525364544.45,0.00,0.00
18446744071505.31,454294768,6,42152758,412142010,24,72,96,800350736,461673374,1262024110,49450949,1262024455,407,115120298,544,1327693596,0,192400,0,4929783.03,449688.66,5186303.11,3945690994.78,6525364544.45,0.00,0.00
18446744071507.32,454294768,6,42348458,411946310,24,72,96,800350736,461673374,1262024110,49646749,1262024455,407,115315998,544,1327693596,0,195700,0,4929783.03,450453.12,5186303.11,3945690994.78,6525364544.45,0.00,0.00
18446744071509.31,454294768,6,42545558,411749210,24,72,96,800350736,461673374,1262024110,49843849,1262024455,407,115513198,544,1327693596,0,197200,0,4929783.03,451223.43,5186303.11,3945690994.78,6525364544.45,0.00,0.00
18446744071511.31,454294768,6,42738258,411556510,24,72,96,800350736,461673374,1262024110,50036549,1262024455,407,115705798,544,1327693596,0,192600,0,4929783.03,451975.77,5186303.11,3945690994.78,6525364544.45,0.00,0.00
18446744071513.31,454294768,6,42928658,411366110,24,72,96,800350736,461673374,1262024110,50226849,1262024455,407,115896198,544,1327693596,0,190400,0,4929783.03,452719.52,5186303.11,3945690994.78,6525364544.45,0.00,0.00
18446744071515.31,454294768,6,43119058,411175710,24,72,96,800350736,461673374,1262024110,50417349,1262024455,407,116086598,544,1327693596,0,190400,0,4929783.03,453463.27,5186303.11,3945690994.78,6525364544.45,0.00,0.00
18446744071517.32,454294768,6,43305658,410989110,24,72,96,800350736,461673374,1262024110,50603949,1262024455,407,116273198,544,1327693596,0,186600,0,4929783.03,454192.18,5186303.11,3945690994.78,6525364544.45,0.00,0.00
18446744071519.31,454294768,6,43492758,410802010,24,72,96,800350736,461673374,1262024110,50790949,1262024455,407,116460298,544,1327693596,0,187100,0,4929783.03,454923.04,5186303.11,3945690994.78,6525364544.45,0.00,0.00
18446744071521.32,454294768,6,43682858,410611910,24,72,96,800350736,461673374,1262024110,50981149,1262024455,407,116650398,544,1327693596,0,190100,0,4929783.03,455665.62,5186303.11,3945690994.78,6525364544.45,0.00,0.00
18446744071523.31,454294768,6,43875258,410419510,24,72,96,800350736,461673374,1262024110,51173549,1262024455,407,116842798,544,1327693596,0,192400,0,4929783.03,456417.18,5186303.11,3945690994.78,6525364544.45,0.00,0.00
18446744071525.32,454294768,6,44062258,410232510,24,72,96,800350736,461673374,1262024110,51360549,1262024455,407,117029798,544,1327693596,0,187000,0,4929783.03,457147.65,5186303.11,3945690994.78,6525364544.45,0.00,0.00
18446744071527.31,454294768,6,44253958,410040810,24,72,96,800350736,461673374,1262024110,51552249,1262024455,407,117221598,544,1327693596,0,191800,0,4929783.03,457896.87,5186303.11,3945690994.78,6525364544.45,0.00,0.00
18446744071529.31,454294768,6,44447058,409847710,24,72,96,800350736,461673374,1262024110,51745249,1262024455,407,117414598,544,1327693596,0,193000,0,4929783.03,458650.77,5186303.11,3945690994.78,6525364544.45,0.00,0.00
18446744071531.32,454294768,6,44632558,409662210,24,72,96,800350736,461673374,1262024110,51930749,1262024455,407,117600098,544,1327693596,0,185500,0,4929783.03,459375.38,5186303.11,3945690994.78,6525364544.45,0.00,0.00
18446744071533.31,454294768,6,44814558,409480210,24,72,96,800350736,461673374,1262024110,52112849,1262024455,407,117782198,544,1327693596,0,182100,0,4929783.03,460086.71,5186303.11,3945690994.78,6525364544.45,0.00,0.00
18446744071535.32,454294768,6,44994558,409300210,24,72,96,800350736,461673374,1262024110,52292749,1262024455,407,117962098,544,1327693596,0,179900,0,4929783.03,460789.45,5186303.11,3945690994.78,6525364544.45,0.00,0.00
18446744071537.31,454294768,6,45187758,409107010,24,72,96,800350736,461673374,1262024110,52486049,1262024455,407,118155298,544,1327693596,0,193200,0,4929783.03,461544.13,5186303.11,3945690994.78,6525364544.45,0.00,0.00
18446744071539.32,454294768,6,45377658,408917110,24,72,96,800350736,461673374,1262024110,52675949,1262024455,407,118345198,544,1327693596,0,189900,0,4929783.03,462285.93,5186303.11,3945690994.78,6525364544.45,0.00,0.00
18446744071541.31,454294768,6,45557258,408737510,24,72,96,800350736,461673374,1262024110,52855549,1262024455,407,118524798,544,1327693596,0,179600,0,4929783.03,462987.49,5186303.11,3945690994.78,6525364544.45,0.00,0.00
18446744071543.31,454294768,6,45744558,408550210,24,72,96,800350736,461673374,1262024110,53042849,1262024455,407,118712198,544,1327693596,0,187400,0,4929783.03,463719.52,5186303.11,3945690994.78,6525364544.45,0.00,0.00
18446744071545.31,454294768,6,45929458,408365310,24,72,96,800350736,461673374,1262024110,53227749,1262024455,407,118897098,544,1327693596,0,184900,0,4929783.03,464441.79,5186303.11,3945690994.78,6525364544.45,0.00,0.00
18446744071547.31,454294768,6,46123858,408170910,24,72,96,800350736,461673374,1262024110,53422049,1262024455,407,119091398,544,1327693596,0,194300,0,4929783.03,465200.77,5186303.11,3945690994.78,6525364544.45,0.00,0.00
18446744071549.32,454294768,6,46310458,407984310,24,72,96,800350736,461673374,1262024110,53608649,1262024455,407,119277998,544,1327693596,0,186600,0,4929783.03,465929.68,5186303.11,3945690994.78,6525364544.45,0.00,0.00
18446744071551.31,454294768,6,46499258,407795510,24,72,96,800350736,461673374,1262024110,53797549,1262024455,407,119466798,544,1327693596,0,188800,0,4929783.03,466667.18,5186303.11,3945690994.78,6525364544.45,0.00,0.00
18446744071553.32,454294768,6,46684258,407610510,24,72,96,800350736,461673374,1262024110,53982549,1262024455,407,119651798,544,1327693596,0,185000,0,4929783.03,467389.84,5186303.11,3945690994.78,6525364544.45,0.00,0.00
18446744071555.31,454294768,6,46867758,407427010,24,72,96,800350736,461673374,1262024110,54166049,1262024455,407,119835298,544,1327693596,0,183500,0,4929783.03,468106.63,5186303.11,3945690994.78,6525364544.45,0.00,0.00
18446744071557.32,454294768,6,47047658,407247110,24,72,96,800350736,461673374,1262024110,54345849,1262024455,407,120015198,544,1327693596,0,179900,0,4929783.03,468809.37,5186303.11,3945690994.78,6525364544.45,0.00,0.00
18446744071559.31,454294768,6,47232958,407061810,24,72,96,800350736,461673374,1262024110,54531249,1262024455,407,120200498,544,1327693596,0,185300,0,4929783.03,469533.20,5186303.11,3945690994.78,6525364544.45,0.00,0.00
18446744071561.31,454294768,6,47416158,406878610,24,72,96,800350736,461673374,1262024110,54714349,1262024455,407,120383698,544,1327693596,0,183200,0,4929783.03,470248.82,5186303.11,3945690994.78,6525364544.45,0.00,0.00
18446744071563.32,454294768,6,47599758,406695010,24,72,96,800350736,461673374,1262024110,54898049,1262024455,407,120567298,544,1327693596,0,183600,0,4929783.03,470966.01,5186303.11,3945690994.78,6525364544.45,0.00,0.00
18446744071565.31,454294768,6,47793358,406501410,24,72,96,800350736,461673374,1262024110,55091649,1262024455,407,120760898,544,1327693596,0,193600,0,4929783.03,471722.26,5186303.11,3945690994.78,6525364544.45,0.00,0.00
18446744071567.32,454294768,6,47987358,406307410,24,72,96,800350736,461673374,1262024110,55285549,1262024455,407,120954898,544,1327693596,0,194000,0,4929783.03,472480.07,5186303.11,3945787984.59,6525747278.09,96989.81,382733.64
18446744071569.31,454294768,6,48179358,406115410,24,72,96,800350736,461673374,1262024110,55477649,1262024455,407,121146898,544,1327693596,0,192000,0,4929783.03,473230.07,5186303.11,3945787984.59,6525747278.09,0.00,0.00
18446744071571.32,454294768,6,48365158,405929610,24,72,96,800350736,461673374,1262024110,55663449,1262024455,407,121332798,544,1327693596,0,185900,0,4929783.03,473956.24,5186303.11,3945787984.59,6525747278.09,0.00,0.00
18446744071573.31,454294768,6,48550458,405744310,24,72,96,800350736,461673374,1262024110,55848749,1262024455,407,121518098,544,1327693596,0,185300,0,4929783.03,474680.07,5186303.11,3945787984.59,6525747278.09,0.00,0.00
18446744071575.31,454294768,6,48738058,405556710,24,72,96,800350736,461673374,1262024110,56036249,1262024455,407,121705598,544,1327693596,0,187500,0,4929783.03,475412.49,5186303.11,3945787984.59,6525747278.09,0.00,0.00
18446744071577.32,454294768,6,48931658,405363110,24,72,96,800350736,461673374,1262024110,56229949,1262024455,407,121899198,544,1327693596,0,193600,0,4929783.03,476168.74,5186303.11,3945787984.59,6525747278.09,0.00,0.00
