time_sec,host_write_MB,cache_write_MB,backend_write_MB,gc_write_MB,host_write_delta_MB,cache_write_delta_MB,backend_write_delta_MB,gc_write_delta_MB,nvme_host_written_MB,nvme_media_written_MB,nvme_host_delta_MB,nvme_media_delta_MB,backend_nand_written_MB,backend_nand_delta_MB,cache_read_MB,backend_read_MB,fdp_waf,backend_waf,valid_blocks,write_hit_count,gc_victim_blocks,evict_victim_blocks,gc_count,evict_count,flush_count,gc_segments_allocated
2.00,0.00,0.00,0.00,0.00,0.00,0.00,0.00,0.00,0.00,0.00,0.00,0.00,0.00,0.00,0.00,0.00,1.0000,1.0000,0,0,0,0,0,0,0,0
4.00,0.00,0.00,0.00,0.00,0.00,0.00,0.00,0.00,1194723437.29,1282070343.78,0.00,0.00,1039043714.84,0.00,0.00,0.00,1.0000,1.0000,0,0,0,0,0,0,0,0
6.00,0.00,0.00,0.00,0.00,0.00,0.00,0.00,0.00,1194723437.29,1282070343.78,0.00,0.00,1039043714.84,0.00,0.00,0.00,1.0000,1.0000,0,0,0,0,0,0,0,0
8.00,0.00,0.00,0.00,0.00,0.00,0.00,0.00,0.00,1194723437.29,1282070343.78,0.00,0.00,1039043714.84,0.00,0.00,0.00,1.0000,1.0000,0,0,0,0,0,0,0,0
10.00,0.00,0.00,0.00,0.00,0.00,0.00,0.00,0.00,1194723437.29,1282070343.78,0.00,0.00,1039043714.84,0.00,0.00,0.00,1.0000,1.0000,0,0,0,0,0,0,0,0
12.00,0.00,0.00,0.00,0.00,0.00,0.00,0.00,0.00,1194723437.29,1282070343.78,0.00,0.00,1039043714.84,0.00,0.00,0.00,1.0000,1.0000,0,0,0,0,0,0,0,0
14.00,0.00,0.00,0.00,0.00,0.00,0.00,0.00,0.00,1194723437.29,1282070343.78,0.00,0.00,1039043714.84,0.00,0.00,0.00,1.0000,1.0000,0,0,0,0,0,0,0,0
16.00,0.00,0.00,0.00,0.00,0.00,0.00,0.00,0.00,1194723437.29,1282070343.78,0.00,0.00,1039043714.84,0.00,0.00,0.00,1.0000,1.0000,0,0,0,0,0,0,0,0
18.00,0.00,0.00,0.00,0.00,0.00,0.00,0.00,0.00,1194723437.29,1282070343.78,0.00,0.00,1039043714.84,0.00,0.00,0.00,1.0000,1.0000,0,0,0,0,0,0,0,0
20.00,0.00,0.00,0.00,0.00,0.00,0.00,0.00,0.00,1194723437.29,1282070343.78,0.00,0.00,1039043714.84,0.00,0.00,0.00,1.0000,1.0000,0,0,0,0,0,0,0,0
22.00,0.00,0.00,0.00,0.00,0.00,0.00,0.00,0.00,1194723437.29,1282070343.78,0.00,0.00,1039043714.84,0.00,0.00,0.00,1.0000,1.0000,0,0,0,0,0,0,0,0
24.00,0.00,0.00,0.00,0.00,0.00,0.00,0.00,0.00,1194723437.29,1282070343.78,0.00,0.00,1039043714.84,0.00,0.00,0.00,1.0000,1.0000,0,0,0,0,0,0,0,0
26.00,0.00,0.00,0.00,0.00,0.00,0.00,0.00,0.00,1194723437.29,1282070343.78,0.00,0.00,1039043714.84,0.00,0.00,0.00,1.0000,1.0000,0,0,0,0,0,0,0,0
28.00,0.00,0.00,0.00,0.00,0.00,0.00,0.00,0.00,1194723437.29,1282070343.78,0.00,0.00,1039043714.84,0.00,0.00,0.00,1.0000,1.0000,0,0,0,0,0,0,0,0
30.00,0.00,0.00,0.00,0.00,0.00,0.00,0.00,0.00,1194723437.29,1282070343.78,0.00,0.00,1039043714.84,0.00,0.00,0.00,1.0000,1.0000,0,0,0,0,0,0,0,0
32.00,0.00,0.00,0.00,0.00,0.00,0.00,0.00,0.00,1194723437.29,1282070343.78,0.00,0.00,1039043714.84,0.00,0.00,0.00,1.0000,1.0000,0,0,0,0,0,0,0,0
34.00,0.00,0.00,0.00,0.00,0.00,0.00,0.00,0.00,1194723437.29,1282070343.78,0.00,0.00,1039043714.84,0.00,0.00,0.00,1.0000,1.0000,0,0,0,0,0,0,0,0
36.00,0.00,0.00,0.00,0.00,0.00,0.00,0.00,0.00,1194723437.29,1282070343.78,0.00,0.00,1039043714.84,0.00,0.00,0.00,1.0000,1.0000,0,0,0,0,0,0,0,0
38.00,0.00,0.00,0.00,0.00,0.00,0.00,0.00,0.00,1194723437.29,1282070343.78,0.00,0.00,1039043714.84,0.00,0.00,0.00,1.0000,1.0000,0,0,0,0,0,0,0,0
40.00,0.00,0.00,0.00,0.00,0.00,0.00,0.00,0.00,1194723437.29,1282070343.78,0.00,0.00,1039043714.84,0.00,0.00,0.00,1.0000,1.0000,0,0,0,0,0,0,0,0
42.00,0.00,0.00,0.00,0.00,0.00,0.00,0.00,0.00,1194723437.29,1282070343.78,0.00,0.00,1039043714.84,0.00,0.00,0.00,1.0000,1.0000,0,0,0,0,0,0,0,0
44.00,0.00,0.00,0.00,0.00,0.00,0.00,0.00,0.00,1194723437.29,1282806765.36,0.00,736421.59,1039043714.84,0.00,0.00,0.00,1.0000,1.0000,0,0,0,0,0,0,0,0
46.00,0.00,0.00,0.00,0.00,0.00,0.00,0.00,0.00,1194723437.29,1282806765.36,0.00,0.00,1039043714.84,0.00,0.00,0.00,1.0000,1.0000,0,0,0,0,0,0,0,0
48.00,0.00,0.00,0.00,0.00,0.00,0.00,0.00,0.00,1194723437.29,1282806765.36,0.00,0.00,1039043714.84,0.00,0.00,0.00,1.0000,1.0000,0,0,0,0,0,0,0,0
50.00,0.00,0.00,0.00,0.00,0.00,0.00,0.00,0.00,1194723437.29,1282806765.36,0.00,0.00,1039043714.84,0.00,0.00,0.00,1.0000,1.0000,0,0,0,0,0,0,0,0
52.00,0.00,0.00,0.00,0.00,0.00,0.00,0.00,0.00,1194723437.29,1282806765.36,0.00,0.00,1039043714.84,0.00,0.00,0.00,1.0000,1.0000,0,0,0,0,0,0,0,0
54.00,0.00,0.00,0.00,0.00,0.00,0.00,0.00,0.00,1194723437.29,1282806765.36,0.00,0.00,1039043714.84,0.00,0.00,0.00,1.0000,1.0000,0,0,0,0,0,0,0,0
56.00,0.00,0.00,0.00,0.00,0.00,0.00,0.00,0.00,1194723437.29,1282806765.36,0.00,0.00,1039043714.84,0.00,0.00,0.00,1.0000,1.0000,0,0,0,0,0,0,0,0
58.00,0.00,0.00,0.00,0.00,0.00,0.00,0.00,0.00,1194723437.29,1282806765.36,0.00,0.00,1039043714.84,0.00,0.00,0.00,1.0000,1.0000,0,0,0,0,0,0,0,0
60.00,0.00,0.00,0.00,0.00,0.00,0.00,0.00,0.00,1194723437.29,1282806765.36,0.00,0.00,1039043714.84,0.00,0.00,0.00,1.0000,1.0000,0,0,0,0,0,0,0,0
62.00,0.00,0.00,0.00,0.00,0.00,0.00,0.00,0.00,1194723437.29,1282806765.36,0.00,0.00,1039043714.84,0.00,0.00,0.00,1.0000,1.0000,0,0,0,0,0,0,0,0
64.00,0.00,0.00,0.00,0.00,0.00,0.00,0.00,0.00,1194723437.29,1282806765.36,0.00,0.00,1039043714.84,0.00,0.00,0.00,1.0000,1.0000,0,0,0,0,0,0,0,0
66.00,0.00,0.00,0.00,0.00,0.00,0.00,0.00,0.00,1194723437.29,1282806765.36,0.00,0.00,1039043714.84,0.00,0.00,0.00,1.0000,1.0000,0,0,0,0,0,0,0,0
68.00,0.00,0.00,0.00,0.00,0.00,0.00,0.00,0.00,1194723437.29,1282806765.36,0.00,0.00,1039043714.84,0.00,0.00,0.00,1.0000,1.0000,0,0,0,0,0,0,0,0
70.00,0.00,0.00,0.00,0.00,0.00,0.00,0.00,0.00,1194723437.29,1282806765.36,0.00,0.00,1039043714.84,0.00,0.00,0.00,1.0000,1.0000,0,0,0,0,0,0,0,0
72.00,0.00,0.00,0.00,0.00,0.00,0.00,0.00,0.00,1194723437.29,1282806765.36,0.00,0.00,1039043714.84,0.00,0.00,0.00,1.0000,1.0000,0,0,0,0,0,0,0,0
74.00,0.00,0.00,0.00,0.00,0.00,0.00,0.00,0.00,1194723437.29,1282806765.36,0.00,0.00,1039043714.84,0.00,0.00,0.00,1.0000,1.0000,0,0,0,0,0,0,0,0
76.00,0.00,0.00,0.00,0.00,0.00,0.00,0.00,0.00,1194723437.29,1282806765.36,0.00,0.00,1039043714.84,0.00,0.00,0.00,1.0000,1.0000,0,0,0,0,0,0,0,0
78.00,0.00,0.00,0.00,0.00,0.00,0.00,0.00,0.00,1194723437.29,1282806765.36,0.00,0.00,1039043714.84,0.00,0.00,0.00,1.0000,1.0000,0,0,0,0,0,0,0,0
80.00,0.00,0.00,0.00,0.00,0.00,0.00,0.00,0.00,1194723437.29,1282806765.36,0.00,0.00,1039043714.84,0.00,0.00,0.00,1.0000,1.0000,0,0,0,0,0,0,0,0
82.00,0.00,0.00,0.00,0.00,0.00,0.00,0.00,0.00,1194723437.29,1282806765.36,0.00,0.00,1039043714.84,0.00,0.00,0.00,1.0000,1.0000,0,0,0,0,0,0,0,0
84.00,0.00,0.00,0.00,0.00,0.00,0.00,0.00,0.00,1194723437.29,1282806765.36,0.00,0.00,1039043714.84,0.00,0.00,0.00,1.0000,1.0000,0,0,0,0,0,0,0,0
86.00,0.00,0.00,0.00,0.00,0.00,0.00,0.00,0.00,1194723437.29,1282806765.36,0.00,0.00,1039043714.84,0.00,0.00,0.00,1.0000,1.0000,0,0,0,0,0,0,0,0
88.00,0.00,0.00,0.00,0.00,0.00,0.00,0.00,0.00,1194723437.29,1282806765.36,0.00,0.00,1039043714.84,0.00,0.00,0.00,1.0000,1.0000,0,0,0,0,0,0,0,0
90.00,0.00,0.00,0.00,0.00,0.00,0.00,0.00,0.00,1194723437.29,1282806765.36,0.00,0.00,1039043714.84,0.00,0.00,0.00,1.0000,1.0000,0,0,0,0,0,0,0,0
92.00,0.00,0.00,0.00,0.00,0.00,0.00,0.00,0.00,1194723437.29,1282806765.36,0.00,0.00,1039043714.84,0.00,0.00,0.00,1.0000,1.0000,0,0,0,0,0,0,0,0
94.00,0.00,0.00,0.00,0.00,0.00,0.00,0.00,0.00,1194723437.29,1282806765.36,0.00,0.00,1039043714.84,0.00,0.00,0.00,1.0000,1.0000,0,0,0,0,0,0,0,0
96.00,0.00,0.00,0.00,0.00,0.00,0.00,0.00,0.00,1194723437.29,1282806765.36,0.00,0.00,1039043714.84,0.00,0.00,0.00,1.0000,1.0000,0,0,0,0,0,0,0,0
98.00,0.00,0.00,0.00,0.00,0.00,0.00,0.00,0.00,1194723437.29,1282806765.36,0.00,0.00,1039043714.84,0.00,0.00,0.00,1.0000,1.0000,0,0,0,0,0,0,0,0
100.00,0.00,0.00,0.00,0.00,0.00,0.00,0.00,0.00,1194723437.29,1282806765.36,0.00,0.00,1039043714.84,0.00,0.00,0.00,1.0000,1.0000,0,0,0,0,0,0,0,0
102.00,0.00,0.00,0.00,0.00,0.00,0.00,0.00,0.00,1194723437.29,1282806765.36,0.00,0.00,1039043714.84,0.00,0.00,0.00,1.0000,1.0000,0,0,0,0,0,0,0,0
104.00,0.00,0.00,0.00,0.00,0.00,0.00,0.00,0.00,1194723437.29,1282806765.36,0.00,0.00,1039043714.84,0.00,0.00,0.00,1.0000,1.0000,0,0,0,0,0,0,0,0
106.00,0.00,0.00,0.00,0.00,0.00,0.00,0.00,0.00,1194723437.29,1282806765.36,0.00,0.00,1039043714.84,0.00,0.00,0.00,1.0000,1.0000,0,0,0,0,0,0,0,0
108.00,0.00,0.00,0.00,0.00,0.00,0.00,0.00,0.00,1194723437.29,1282806765.36,0.00,0.00,1039043714.84,0.00,0.00,0.00,1.0000,1.0000,0,0,0,0,0,0,0,0
110.00,0.00,0.00,0.00,0.00,0.00,0.00,0.00,0.00,1194723437.29,1282806765.36,0.00,0.00,1039043714.84,0.00,0.00,0.00,1.0000,1.0000,0,0,0,0,0,0,0,0
112.00,0.00,0.00,0.00,0.00,0.00,0.00,0.00,0.00,1194723437.29,1282806765.36,0.00,0.00,1039043714.84,0.00,0.00,0.00,1.0000,1.0000,0,0,0,0,0,0,0,0
114.00,0.00,0.00,0.00,0.00,0.00,0.00,0.00,0.00,1194723437.29,1282806765.36,0.00,0.00,1039043714.84,0.00,0.00,0.00,1.0000,1.0000,0,0,0,0,0,0,0,0
116.00,0.00,0.00,0.00,0.00,0.00,0.00,0.00,0.00,1194723437.29,1282806765.36,0.00,0.00,1039043714.84,0.00,0.00,0.00,1.0000,1.0000,0,0,0,0,0,0,0,0
118.00,0.00,0.00,0.00,0.00,0.00,0.00,0.00,0.00,1194723437.29,1282806765.36,0.00,0.00,1039043714.84,0.00,0.00,0.00,1.0000,1.0000,0,0,0,0,0,0,0,0
120.00,0.00,0.00,0.00,0.00,0.00,0.00,0.00,0.00,1194723437.29,1282806765.36,0.00,0.00,1039043714.84,0.00,0.00,0.00,1.0000,1.0000,0,0,0,0,0,0,0,0
122.00,0.00,0.00,0.00,0.00,0.00,0.00,0.00,0.00,1194723437.29,1282806765.36,0.00,0.00,1039043714.84,0.00,0.00,0.00,1.0000,1.0000,0,0,0,0,0,0,0,0
124.00,0.00,0.00,0.00,0.00,0.00,0.00,0.00,0.00,1194723437.29,1282806765.36,0.00,0.00,1039043714.84,0.00,0.00,0.00,1.0000,1.0000,0,0,0,0,0,0,0,0
126.00,0.00,0.00,0.00,0.00,0.00,0.00,0.00,0.00,1194723437.29,1282806765.36,0.00,0.00,1039043714.84,0.00,0.00,0.00,1.0000,1.0000,0,0,0,0,0,0,0,0
128.00,0.00,0.00,0.00,0.00,0.00,0.00,0.00,0.00,1194723437.29,1282806765.36,0.00,0.00,1039043714.84,0.00,0.00,0.00,1.0000,1.0000,0,0,0,0,0,0,0,0
130.00,0.00,0.00,0.00,0.00,0.00,0.00,0.00,0.00,1194723437.29,1282806765.36,0.00,0.00,1039043714.84,0.00,0.00,0.00,1.0000,1.0000,0,0,0,0,0,0,0,0
132.00,0.00,0.00,0.00,0.00,0.00,0.00,0.00,0.00,1194723437.29,1282806765.36,0.00,0.00,1039043714.84,0.00,0.00,0.00,1.0000,1.0000,0,0,0,0,0,0,0,0
134.00,0.00,0.00,0.00,0.00,0.00,0.00,0.00,0.00,1194723437.29,1282806765.36,0.00,0.00,1039043714.84,0.00,0.00,0.00,1.0000,1.0000,0,0,0,0,0,0,0,0
136.00,0.00,0.00,0.00,0.00,0.00,0.00,0.00,0.00,1194723437.29,1282806765.36,0.00,0.00,1039043714.84,0.00,0.00,0.00,1.0000,1.0000,0,0,0,0,0,0,0,0
138.00,0.00,0.00,0.00,0.00,0.00,0.00,0.00,0.00,1194723437.29,1282806765.36,0.00,0.00,1039043714.84,0.00,0.00,0.00,1.0000,1.0000,0,0,0,0,0,0,0,0
140.00,0.00,0.00,0.00,0.00,0.00,0.00,0.00,0.00,1194723437.29,1282806765.36,0.00,0.00,1039043714.84,0.00,0.00,0.00,1.0000,1.0000,0,0,0,0,0,0,0,0
142.00,0.00,0.00,0.00,0.00,0.00,0.00,0.00,0.00,1194723437.29,1282806765.36,0.00,0.00,1039043714.84,0.00,0.00,0.00,1.0000,1.0000,0,0,0,0,0,0,0,0
144.00,0.00,0.00,0.00,0.00,0.00,0.00,0.00,0.00,1194723437.29,1282806765.36,0.00,0.00,1039043714.84,0.00,0.00,0.00,1.0000,1.0000,0,0,0,0,0,0,0,0
146.00,0.00,0.00,0.00,0.00,0.00,0.00,0.00,0.00,1194723437.29,1282806765.36,0.00,0.00,1039043714.84,0.00,0.00,0.00,1.0000,1.0000,0,0,0,0,0,0,0,0
148.00,0.00,0.00,0.00,0.00,0.00,0.00,0.00,0.00,1194723437.29,1282806765.36,0.00,0.00,1039043714.84,0.00,0.00,0.00,1.0000,1.0000,0,0,0,0,0,0,0,0
150.00,0.00,0.00,0.00,0.00,0.00,0.00,0.00,0.00,1194723437.29,1282806765.36,0.00,0.00,1039043714.84,0.00,0.00,0.00,1.0000,1.0000,0,0,0,0,0,0,0,0
152.00,0.00,0.00,0.00,0.00,0.00,0.00,0.00,0.00,1194723437.29,1282806765.36,0.00,0.00,1039043714.84,0.00,0.00,0.00,1.0000,1.0000,0,0,0,0,0,0,0,0
154.00,0.00,0.00,0.00,0.00,0.00,0.00,0.00,0.00,1194723437.29,1282806765.36,0.00,0.00,1039043714.84,0.00,0.00,0.00,1.0000,1.0000,0,0,0,0,0,0,0,0
156.00,0.00,0.00,0.00,0.00,0.00,0.00,0.00,0.00,1194723437.29,1282806765.36,0.00,0.00,1039043714.84,0.00,0.00,0.00,1.0000,1.0000,0,0,0,0,0,0,0,0
158.00,0.00,0.00,0.00,0.00,0.00,0.00,0.00,0.00,1194723437.29,1282806765.36,0.00,0.00,1039043714.84,0.00,0.00,0.00,1.0000,1.0000,0,0,0,0,0,0,0,0
160.00,0.00,0.00,0.00,0.00,0.00,0.00,0.00,0.00,1194723437.29,1282806765.36,0.00,0.00,1039043714.84,0.00,0.00,0.00,1.0000,1.0000,0,0,0,0,0,0,0,0
162.00,0.00,0.00,0.00,0.00,0.00,0.00,0.00,0.00,1194723437.29,1282806765.36,0.00,0.00,1039043714.84,0.00,0.00,0.00,1.0000,1.0000,0,0,0,0,0,0,0,0
164.00,0.00,0.00,0.00,0.00,0.00,0.00,0.00,0.00,1194723437.29,1282806765.36,0.00,0.00,1039043714.84,0.00,0.00,0.00,1.0000,1.0000,0,0,0,0,0,0,0,0
166.00,0.00,0.00,0.00,0.00,0.00,0.00,0.00,0.00,1194723437.29,1282806765.36,0.00,0.00,1039043714.84,0.00,0.00,0.00,1.0000,1.0000,0,0,0,0,0,0,0,0
168.00,0.00,0.00,0.00,0.00,0.00,0.00,0.00,0.00,1194723437.29,1282806765.36,0.00,0.00,1039043714.84,0.00,0.00,0.00,1.0000,1.0000,0,0,0,0,0,0,0,0
170.00,0.00,0.00,0.00,0.00,0.00,0.00,0.00,0.00,1194723437.29,1282806765.36,0.00,0.00,1039043714.84,0.00,0.00,0.00,1.0000,1.0000,0,0,0,0,0,0,0,0
172.00,0.00,0.00,0.00,0.00,0.00,0.00,0.00,0.00,1194723437.29,1282806765.36,0.00,0.00,1039043714.84,0.00,0.00,0.00,1.0000,1.0000,0,0,0,0,0,0,0,0
174.00,0.00,0.00,0.00,0.00,0.00,0.00,0.00,0.00,1194723437.29,1282806765.36,0.00,0.00,1039043714.84,0.00,0.00,0.00,1.0000,1.0000,0,0,0,0,0,0,0,0
176.00,0.00,0.00,0.00,0.00,0.00,0.00,0.00,0.00,1194723437.29,1282806765.36,0.00,0.00,1039043714.84,0.00,0.00,0.00,1.0000,1.0000,0,0,0,0,0,0,0,0
178.00,0.00,0.00,0.00,0.00,0.00,0.00,0.00,0.00,1194723437.29,1282806765.36,0.00,0.00,1039043714.84,0.00,0.00,0.00,1.0000,1.0000,0,0,0,0,0,0,0,0
180.00,0.00,0.00,0.00,0.00,0.00,0.00,0.00,0.00,1194723437.29,1282806765.36,0.00,0.00,1039043714.84,0.00,0.00,0.00,1.0000,1.0000,0,0,0,0,0,0,0,0
182.00,0.00,0.00,0.00,0.00,0.00,0.00,0.00,0.00,1194723437.29,1282806765.36,0.00,0.00,1039043714.84,0.00,0.00,0.00,1.0000,1.0000,0,0,0,0,0,0,0,0
184.00,0.00,0.00,0.00,0.00,0.00,0.00,0.00,0.00,1194723437.29,1282806765.36,0.00,0.00,1039043714.84,0.00,0.00,0.00,1.0000,1.0000,0,0,0,0,0,0,0,0
186.00,0.00,0.00,0.00,0.00,0.00,0.00,0.00,0.00,1194723437.29,1282806765.36,0.00,0.00,1039043714.84,0.00,0.00,0.00,1.0000,1.0000,0,0,0,0,0,0,0,0
188.00,0.00,0.00,0.00,0.00,0.00,0.00,0.00,0.00,1194723437.29,1282806765.36,0.00,0.00,1039043714.84,0.00,0.00,0.00,1.0000,1.0000,0,0,0,0,0,0,0,0
190.00,0.00,0.00,0.00,0.00,0.00,0.00,0.00,0.00,1194723437.29,1282806765.36,0.00,0.00,1039043714.84,0.00,0.00,0.00,1.0000,1.0000,0,0,0,0,0,0,0,0
192.00,0.00,0.00,0.00,0.00,0.00,0.00,0.00,0.00,1194723437.29,1282806765.36,0.00,0.00,1039043714.84,0.00,0.00,0.00,1.0000,1.0000,0,0,0,0,0,0,0,0
194.00,0.00,0.00,0.00,0.00,0.00,0.00,0.00,0.00,1194723437.29,1282806765.36,0.00,0.00,1039043714.84,0.00,0.00,0.00,1.0000,1.0000,0,0,0,0,0,0,0,0
196.00,0.00,0.00,0.00,0.00,0.00,0.00,0.00,0.00,1194723437.29,1282806765.36,0.00,0.00,1039043714.84,0.00,0.00,0.00,1.0000,1.0000,0,0,0,0,0,0,0,0
198.00,0.00,0.00,0.00,0.00,0.00,0.00,0.00,0.00,1194723437.29,1282806765.36,0.00,0.00,1039043714.84,0.00,0.00,0.00,1.0000,1.0000,0,0,0,0,0,0,0,0
200.00,0.00,0.00,0.00,0.00,0.00,0.00,0.00,0.00,1194723437.29,1282806765.36,0.00,0.00,1039043714.84,0.00,0.00,0.00,1.0000,1.0000,0,0,0,0,0,0,0,0
202.00,0.00,0.00,0.00,0.00,0.00,0.00,0.00,0.00,1194723437.29,1282806765.36,0.00,0.00,1039043714.84,0.00,0.00,0.00,1.0000,1.0000,0,0,0,0,0,0,0,0
204.00,0.00,0.00,0.00,0.00,0.00,0.00,0.00,0.00,1194723437.29,1282806765.36,0.00,0.00,1039043714.84,0.00,0.00,0.00,1.0000,1.0000,0,0,0,0,0,0,0,0
206.00,0.00,0.00,0.00,0.00,0.00,0.00,0.00,0.00,1194723437.29,1282806765.36,0.00,0.00,1039043714.84,0.00,0.00,0.00,1.0000,1.0000,0,0,0,0,0,0,0,0
208.00,0.00,0.00,0.00,0.00,0.00,0.00,0.00,0.00,1194723437.29,1282806765.36,0.00,0.00,1039043714.84,0.00,0.00,0.00,1.0000,1.0000,0,0,0,0,0,0,0,0
210.00,0.00,0.00,0.00,0.00,0.00,0.00,0.00,0.00,1194723437.29,1282806765.36,0.00,0.00,1039043714.84,0.00,0.00,0.00,1.0000,1.0000,0,0,0,0,0,0,0,0
212.00,0.00,0.00,0.00,0.00,0.00,0.00,0.00,0.00,1194723437.29,1282806765.36,0.00,0.00,1039043714.84,0.00,0.00,0.00,1.0000,1.0000,0,0,0,0,0,0,0,0
214.00,0.00,0.00,0.00,0.00,0.00,0.00,0.00,0.00,1194723437.29,1282806765.36,0.00,0.00,1039043714.84,0.00,0.00,0.00,1.0000,1.0000,0,0,0,0,0,0,0,0
216.00,0.00,0.00,0.00,0.00,0.00,0.00,0.00,0.00,1194723437.29,1282806765.36,0.00,0.00,1039043714.84,0.00,0.00,0.00,1.0000,1.0000,0,0,0,0,0,0,0,0
218.00,0.00,0.00,0.00,0.00,0.00,0.00,0.00,0.00,1194723437.29,1282806765.36,0.00,0.00,1039043714.84,0.00,0.00,0.00,1.0000,1.0000,0,0,0,0,0,0,0,0
220.00,0.00,0.00,0.00,0.00,0.00,0.00,0.00,0.00,1194723437.29,1282806765.36,0.00,0.00,1039043714.84,0.00,0.00,0.00,1.0000,1.0000,0,0,0,0,0,0,0,0
222.00,0.00,0.00,0.00,0.00,0.00,0.00,0.00,0.00,1194723437.29,1282806765.36,0.00,0.00,1039043714.84,0.00,0.00,0.00,1.0000,1.0000,0,0,0,0,0,0,0,0
224.00,0.00,0.00,0.00,0.00,0.00,0.00,0.00,0.00,1194723437.29,1282806765.36,0.00,0.00,1039043714.84,0.00,0.00,0.00,1.0000,1.0000,0,0,0,0,0,0,0,0
226.00,0.00,0.00,0.00,0.00,0.00,0.00,0.00,0.00,1194723437.29,1282806765.36,0.00,0.00,1039043714.84,0.00,0.00,0.00,1.0000,1.0000,0,0,0,0,0,0,0,0
228.00,0.00,0.00,0.00,0.00,0.00,0.00,0.00,0.00,1194723437.29,1282806765.36,0.00,0.00,1039043714.84,0.00,0.00,0.00,1.0000,1.0000,0,0,0,0,0,0,0,0
230.00,0.00,0.00,0.00,0.00,0.00,0.00,0.00,0.00,1194723437.29,1282806765.36,0.00,0.00,1039043714.84,0.00,0.00,0.00,1.0000,1.0000,0,0,0,0,0,0,0,0
232.00,0.00,0.00,0.00,0.00,0.00,0.00,0.00,0.00,1194723437.29,1282806765.36,0.00,0.00,1039043714.84,0.00,0.00,0.00,1.0000,1.0000,0,0,0,0,0,0,0,0
234.00,0.00,0.00,0.00,0.00,0.00,0.00,0.00,0.00,1194723437.29,1282806765.36,0.00,0.00,1039043714.84,0.00,0.00,0.00,1.0000,1.0000,0,0,0,0,0,0,0,0
236.00,0.00,0.00,0.00,0.00,0.00,0.00,0.00,0.00,1194723437.29,1282806765.36,0.00,0.00,1039043714.84,0.00,0.00,0.00,1.0000,1.0000,0,0,0,0,0,0,0,0
238.00,0.00,0.00,0.00,0.00,0.00,0.00,0.00,0.00,1194723437.29,1282806765.36,0.00,0.00,1039043714.84,0.00,0.00,0.00,1.0000,1.0000,0,0,0,0,0,0,0,0
240.00,0.00,0.00,0.00,0.00,0.00,0.00,0.00,0.00,1194723437.29,1282806765.36,0.00,0.00,1039043714.84,0.00,0.00,0.00,1.0000,1.0000,0,0,0,0,0,0,0,0
242.00,0.00,0.00,0.00,0.00,0.00,0.00,0.00,0.00,1194723437.29,1282806765.36,0.00,0.00,1039043714.84,0.00,0.00,0.00,1.0000,1.0000,0,0,0,0,0,0,0,0
244.00,0.00,0.00,0.00,0.00,0.00,0.00,0.00,0.00,1194723437.29,1282806765.36,0.00,0.00,1039043714.84,0.00,0.00,0.00,1.0000,1.0000,0,0,0,0,0,0,0,0
246.00,0.00,0.00,0.00,0.00,0.00,0.00,0.00,0.00,1194723437.29,1282806765.36,0.00,0.00,1039043714.84,0.00,0.00,0.00,1.0000,1.0000,0,0,0,0,0,0,0,0
248.00,0.00,0.00,0.00,0.00,0.00,0.00,0.00,0.00,1194723437.29,1282806765.36,0.00,0.00,1039043714.84,0.00,0.00,0.00,1.0000,1.0000,0,0,0,0,0,0,0,0
250.00,0.00,0.00,0.00,0.00,0.00,0.00,0.00,0.00,1194723437.29,1282806765.36,0.00,0.00,1039043714.84,0.00,0.00,0.00,1.0000,1.0000,0,0,0,0,0,0,0,0
252.00,0.00,0.00,0.00,0.00,0.00,0.00,0.00,0.00,1194723437.29,1282806765.36,0.00,0.00,1039043714.84,0.00,0.00,0.00,1.0000,1.0000,0,0,0,0,0,0,0,0
254.00,0.00,0.00,0.00,0.00,0.00,0.00,0.00,0.00,1194723437.29,1282806765.36,0.00,0.00,1039043714.84,0.00,0.00,0.00,1.0000,1.0000,0,0,0,0,0,0,0,0
256.00,0.00,0.00,0.00,0.00,0.00,0.00,0.00,0.00,1194723437.29,1282806765.36,0.00,0.00,1039043714.84,0.00,0.00,0.00,1.0000,1.0000,0,0,0,0,0,0,0,0
258.00,0.00,0.00,0.00,0.00,0.00,0.00,0.00,0.00,1194723437.29,1282806765.36,0.00,0.00,1039043714.84,0.00,0.00,0.00,1.0000,1.0000,0,0,0,0,0,0,0,0
260.00,0.00,0.00,0.00,0.00,0.00,0.00,0.00,0.00,1194723437.29,1282806765.36,0.00,0.00,1039043714.84,0.00,0.00,0.00,1.0000,1.0000,0,0,0,0,0,0,0,0
262.00,0.00,0.00,0.00,0.00,0.00,0.00,0.00,0.00,1194723437.29,1282806765.36,0.00,0.00,1039043714.84,0.00,0.00,0.00,1.0000,1.0000,0,0,0,0,0,0,0,0
264.00,0.00,0.00,0.00,0.00,0.00,0.00,0.00,0.00,1194723437.29,1282806765.36,0.00,0.00,1039043714.84,0.00,0.00,0.00,1.0000,1.0000,0,0,0,0,0,0,0,0
266.00,0.00,0.00,0.00,0.00,0.00,0.00,0.00,0.00,1194723437.29,1282806765.36,0.00,0.00,1039043714.84,0.00,0.00,0.00,1.0000,1.0000,0,0,0,0,0,0,0,0
268.00,0.00,0.00,0.00,0.00,0.00,0.00,0.00,0.00,1194723437.29,1282806765.36,0.00,0.00,1039043714.84,0.00,0.00,0.00,1.0000,1.0000,0,0,0,0,0,0,0,0
270.00,0.00,0.00,0.00,0.00,0.00,0.00,0.00,0.00,1194723437.29,1282806765.36,0.00,0.00,1039043714.84,0.00,0.00,0.00,1.0000,1.0000,0,0,0,0,0,0,0,0
272.00,0.00,0.00,0.00,0.00,0.00,0.00,0.00,0.00,1194723437.29,1282806765.36,0.00,0.00,1039043714.84,0.00,0.00,0.00,1.0000,1.0000,0,0,0,0,0,0,0,0
274.00,0.00,0.00,0.00,0.00,0.00,0.00,0.00,0.00,1194723437.29,1282806765.36,0.00,0.00,1039043714.84,0.00,0.00,0.00,1.0000,1.0000,0,0,0,0,0,0,0,0
276.00,0.00,0.00,0.00,0.00,0.00,0.00,0.00,0.00,1194723437.29,1282806765.36,0.00,0.00,1039043714.84,0.00,0.00,0.00,1.0000,1.0000,0,0,0,0,0,0,0,0
278.00,0.00,0.00,0.00,0.00,0.00,0.00,0.00,0.00,1194723437.29,1282806765.36,0.00,0.00,1039043714.84,0.00,0.00,0.00,1.0000,1.0000,0,0,0,0,0,0,0,0
280.00,0.00,0.00,0.00,0.00,0.00,0.00,0.00,0.00,1194723437.29,1282806765.36,0.00,0.00,1039043714.84,0.00,0.00,0.00,1.0000,1.0000,0,0,0,0,0,0,0,0
282.00,0.00,0.00,0.00,0.00,0.00,0.00,0.00,0.00,1194723437.29,1282806765.36,0.00,0.00,1039043714.84,0.00,0.00,0.00,1.0000,1.0000,0,0,0,0,0,0,0,0
284.00,0.00,0.00,0.00,0.00,0.00,0.00,0.00,0.00,1194723437.29,1282806765.36,0.00,0.00,1039043714.84,0.00,0.00,0.00,1.0000,1.0000,0,0,0,0,0,0,0,0
286.00,0.00,0.00,0.00,0.00,0.00,0.00,0.00,0.00,1194723437.29,1282806765.36,0.00,0.00,1039043714.84,0.00,0.00,0.00,1.0000,1.0000,0,0,0,0,0,0,0,0
288.00,0.00,0.00,0.00,0.00,0.00,0.00,0.00,0.00,1194723437.29,1282806765.36,0.00,0.00,1039043714.84,0.00,0.00,0.00,1.0000,1.0000,0,0,0,0,0,0,0,0
290.00,0.00,0.00,0.00,0.00,0.00,0.00,0.00,0.00,1194723437.29,1282806765.36,0.00,0.00,1039043714.84,0.00,0.00,0.00,1.0000,1.0000,0,0,0,0,0,0,0,0
292.00,0.00,0.00,0.00,0.00,0.00,0.00,0.00,0.00,1194723437.29,1282806765.36,0.00,0.00,1039043714.84,0.00,0.00,0.00,1.0000,1.0000,0,0,0,0,0,0,0,0
294.00,0.00,0.00,0.00,0.00,0.00,0.00,0.00,0.00,1194723437.29,1282806765.36,0.00,0.00,1039043714.84,0.00,0.00,0.00,1.0000,1.0000,0,0,0,0,0,0,0,0
296.00,0.00,0.00,0.00,0.00,0.00,0.00,0.00,0.00,1194723437.29,1282806765.36,0.00,0.00,1039043714.84,0.00,0.00,0.00,1.0000,1.0000,0,0,0,0,0,0,0,0
298.00,0.00,0.00,0.00,0.00,0.00,0.00,0.00,0.00,1194723437.29,1282806765.36,0.00,0.00,1039043714.84,0.00,0.00,0.00,1.0000,1.0000,0,0,0,0,0,0,0,0
300.00,0.00,0.00,0.00,0.00,0.00,0.00,0.00,0.00,1194723437.29,1282806765.36,0.00,0.00,1039043714.84,0.00,0.00,0.00,1.0000,1.0000,0,0,0,0,0,0,0,0
302.00,0.00,0.00,0.00,0.00,0.00,0.00,0.00,0.00,1194723437.29,1282806765.36,0.00,0.00,1039043714.84,0.00,0.00,0.00,1.0000,1.0000,0,0,0,0,0,0,0,0
304.00,0.00,0.00,0.00,0.00,0.00,0.00,0.00,0.00,1194723437.29,1282806765.36,0.00,0.00,1039043714.84,0.00,0.00,0.00,1.0000,1.0000,0,0,0,0,0,0,0,0
306.00,0.00,0.00,0.00,0.00,0.00,0.00,0.00,0.00,1194723437.29,1282806765.36,0.00,0.00,1039043714.84,0.00,0.00,0.00,1.0000,1.0000,0,0,0,0,0,0,0,0
308.00,0.00,0.00,0.00,0.00,0.00,0.00,0.00,0.00,1194723437.29,1282806765.36,0.00,0.00,1039043714.84,0.00,0.00,0.00,1.0000,1.0000,0,0,0,0,0,0,0,0
310.00,0.00,0.00,0.00,0.00,0.00,0.00,0.00,0.00,1194723437.29,1282806765.36,0.00,0.00,1039043714.84,0.00,0.00,0.00,1.0000,1.0000,0,0,0,0,0,0,0,0
312.00,0.00,0.00,0.00,0.00,0.00,0.00,0.00,0.00,1194723437.29,1282806765.36,0.00,0.00,1039043714.84,0.00,0.00,0.00,1.0000,1.0000,0,0,0,0,0,0,0,0
314.00,0.00,0.00,0.00,0.00,0.00,0.00,0.00,0.00,1194723437.29,1282806765.36,0.00,0.00,1039043714.84,0.00,0.00,0.00,1.0000,1.0000,0,0,0,0,0,0,0,0
316.00,0.00,0.00,0.00,0.00,0.00,0.00,0.00,0.00,1194723437.29,1282806765.36,0.00,0.00,1039043714.84,0.00,0.00,0.00,1.0000,1.0000,0,0,0,0,0,0,0,0
318.00,0.00,0.00,0.00,0.00,0.00,0.00,0.00,0.00,1194723437.29,1282806765.36,0.00,0.00,1039043714.84,0.00,0.00,0.00,1.0000,1.0000,0,0,0,0,0,0,0,0
320.00,0.00,0.00,0.00,0.00,0.00,0.00,0.00,0.00,1194723437.29,1282806765.36,0.00,0.00,1039043714.84,0.00,0.00,0.00,1.0000,1.0000,0,0,0,0,0,0,0,0
322.00,0.00,0.00,0.00,0.00,0.00,0.00,0.00,0.00,1194723437.29,1282806765.36,0.00,0.00,1039043714.84,0.00,0.00,0.00,1.0000,1.0000,0,0,0,0,0,0,0,0
324.00,0.00,0.00,0.00,0.00,0.00,0.00,0.00,0.00,1194723437.29,1282806765.36,0.00,0.00,1039043714.84,0.00,0.00,0.00,1.0000,1.0000,0,0,0,0,0,0,0,0
326.00,0.00,0.00,0.00,0.00,0.00,0.00,0.00,0.00,1194723437.29,1282806765.36,0.00,0.00,1039043714.84,0.00,0.00,0.00,1.0000,1.0000,0,0,0,0,0,0,0,0
328.00,0.00,0.00,0.00,0.00,0.00,0.00,0.00,0.00,1194723437.29,1282806765.36,0.00,0.00,1039043714.84,0.00,0.00,0.00,1.0000,1.0000,0,0,0,0,0,0,0,0
330.00,0.00,0.00,0.00,0.00,0.00,0.00,0.00,0.00,1194723437.29,1282806765.36,0.00,0.00,1039043714.84,0.00,0.00,0.00,1.0000,1.0000,0,0,0,0,0,0,0,0
332.00,0.00,0.00,0.00,0.00,0.00,0.00,0.00,0.00,1194723437.29,1282806765.36,0.00,0.00,1039043714.84,0.00,0.00,0.00,1.0000,1.0000,0,0,0,0,0,0,0,0
334.00,0.00,0.00,0.00,0.00,0.00,0.00,0.00,0.00,1194723437.29,1282806765.36,0.00,0.00,1039043714.84,0.00,0.00,0.00,1.0000,1.0000,0,0,0,0,0,0,0,0
336.00,0.00,0.00,0.00,0.00,0.00,0.00,0.00,0.00,1194723437.29,1282806765.36,0.00,0.00,1039043714.84,0.00,0.00,0.00,1.0000,1.0000,0,0,0,0,0,0,0,0
338.00,0.00,0.00,0.00,0.00,0.00,0.00,0.00,0.00,1194723437.29,1282806765.36,0.00,0.00,1039043714.84,0.00,0.00,0.00,1.0000,1.0000,0,0,0,0,0,0,0,0
340.00,0.00,0.00,0.00,0.00,0.00,0.00,0.00,0.00,1194723437.29,1282806765.36,0.00,0.00,1039043714.84,0.00,0.00,0.00,1.0000,1.0000,0,0,0,0,0,0,0,0
342.00,0.00,0.00,0.00,0.00,0.00,0.00,0.00,0.00,1194723437.29,1282806765.36,0.00,0.00,1039043714.84,0.00,0.00,0.00,1.0000,1.0000,0,0,0,0,0,0,0,0
344.00,0.00,0.00,0.00,0.00,0.00,0.00,0.00,0.00,1194723437.29,1282806765.36,0.00,0.00,1039043714.84,0.00,0.00,0.00,1.0000,1.0000,0,0,0,0,0,0,0,0
346.00,0.00,0.00,0.00,0.00,0.00,0.00,0.00,0.00,1194723437.29,1282806765.36,0.00,0.00,1039043714.84,0.00,0.00,0.00,1.0000,1.0000,0,0,0,0,0,0,0,0
348.00,0.00,0.00,0.00,0.00,0.00,0.00,0.00,0.00,1194723437.29,1282806765.36,0.00,0.00,1039043714.84,0.00,0.00,0.00,1.0000,1.0000,0,0,0,0,0,0,0,0
350.00,0.00,0.00,0.00,0.00,0.00,0.00,0.00,0.00,1194723437.29,1282806765.36,0.00,0.00,1039043714.84,0.00,0.00,0.00,1.0000,1.0000,0,0,0,0,0,0,0,0
352.00,0.00,0.00,0.00,0.00,0.00,0.00,0.00,0.00,1194723437.29,1282806765.36,0.00,0.00,1039043714.84,0.00,0.00,0.00,1.0000,1.0000,0,0,0,0,0,0,0,0
354.00,0.00,0.00,0.00,0.00,0.00,0.00,0.00,0.00,1194723437.29,1282806765.36,0.00,0.00,1039043714.84,0.00,0.00,0.00,1.0000,1.0000,0,0,0,0,0,0,0,0
356.00,0.00,0.00,0.00,0.00,0.00,0.00,0.00,0.00,1194723437.29,1282806765.36,0.00,0.00,1039043714.84,0.00,0.00,0.00,1.0000,1.0000,0,0,0,0,0,0,0,0
358.00,0.00,0.00,0.00,0.00,0.00,0.00,0.00,0.00,1194723437.29,1282806765.36,0.00,0.00,1039043714.84,0.00,0.00,0.00,1.0000,1.0000,0,0,0,0,0,0,0,0
360.00,0.00,0.00,0.00,0.00,0.00,0.00,0.00,0.00,1194723437.29,1282806765.36,0.00,0.00,1039043714.84,0.00,0.00,0.00,1.0000,1.0000,0,0,0,0,0,0,0,0
362.00,0.00,0.00,0.00,0.00,0.00,0.00,0.00,0.00,1194723437.29,1282806765.36,0.00,0.00,1039043714.84,0.00,0.00,0.00,1.0000,1.0000,0,0,0,0,0,0,0,0
364.00,0.00,0.00,0.00,0.00,0.00,0.00,0.00,0.00,1194723437.29,1282806765.36,0.00,0.00,1039043714.84,0.00,0.00,0.00,1.0000,1.0000,0,0,0,0,0,0,0,0
366.00,0.00,0.00,0.00,0.00,0.00,0.00,0.00,0.00,1194723437.29,1282806765.36,0.00,0.00,1039043714.84,0.00,0.00,0.00,1.0000,1.0000,0,0,0,0,0,0,0,0
368.00,0.00,0.00,0.00,0.00,0.00,0.00,0.00,0.00,1194723437.29,1282806765.36,0.00,0.00,1039043714.84,0.00,0.00,0.00,1.0000,1.0000,0,0,0,0,0,0,0,0
370.00,0.00,0.00,0.00,0.00,0.00,0.00,0.00,0.00,1194723437.29,1282806765.36,0.00,0.00,1039043714.84,0.00,0.00,0.00,1.0000,1.0000,0,0,0,0,0,0,0,0
372.00,0.00,0.00,0.00,0.00,0.00,0.00,0.00,0.00,1194723437.29,1282806765.36,0.00,0.00,1039043714.84,0.00,0.00,0.00,1.0000,1.0000,0,0,0,0,0,0,0,0
374.00,0.00,0.00,0.00,0.00,0.00,0.00,0.00,0.00,1194723437.29,1282806765.36,0.00,0.00,1039043714.84,0.00,0.00,0.00,1.0000,1.0000,0,0,0,0,0,0,0,0
376.00,0.00,0.00,0.00,0.00,0.00,0.00,0.00,0.00,1194723437.29,1282806765.36,0.00,0.00,1039043714.84,0.00,0.00,0.00,1.0000,1.0000,0,0,0,0,0,0,0,0
378.00,0.00,0.00,0.00,0.00,0.00,0.00,0.00,0.00,1194723437.29,1282806765.36,0.00,0.00,1039043714.84,0.00,0.00,0.00,1.0000,1.0000,0,0,0,0,0,0,0,0
380.00,0.00,0.00,0.00,0.00,0.00,0.00,0.00,0.00,1194723437.29,1282806765.36,0.00,0.00,1039043714.84,0.00,0.00,0.00,1.0000,1.0000,0,0,0,0,0,0,0,0
382.00,0.00,0.00,0.00,0.00,0.00,0.00,0.00,0.00,1194723437.29,1282806765.36,0.00,0.00,1039043714.84,0.00,0.00,0.00,1.0000,1.0000,0,0,0,0,0,0,0,0
384.00,0.00,0.00,0.00,0.00,0.00,0.00,0.00,0.00,1194723437.29,1282806765.36,0.00,0.00,1039043714.84,0.00,0.00,0.00,1.0000,1.0000,0,0,0,0,0,0,0,0
386.00,0.00,0.00,0.00,0.00,0.00,0.00,0.00,0.00,1194723437.29,1282806765.36,0.00,0.00,1039043714.84,0.00,0.00,0.00,1.0000,1.0000,0,0,0,0,0,0,0,0
388.00,0.00,0.00,0.00,0.00,0.00,0.00,0.00,0.00,1194723437.29,1282806765.36,0.00,0.00,1039043714.84,0.00,0.00,0.00,1.0000,1.0000,0,0,0,0,0,0,0,0
390.00,0.00,0.00,0.00,0.00,0.00,0.00,0.00,0.00,1194723437.29,1282806765.36,0.00,0.00,1039043714.84,0.00,0.00,0.00,1.0000,1.0000,0,0,0,0,0,0,0,0
392.00,0.00,0.00,0.00,0.00,0.00,0.00,0.00,0.00,1194723437.29,1282806765.36,0.00,0.00,1039043714.84,0.00,0.00,0.00,1.0000,1.0000,0,0,0,0,0,0,0,0
394.00,0.00,0.00,0.00,0.00,0.00,0.00,0.00,0.00,1194723437.29,1282806765.36,0.00,0.00,1039043714.84,0.00,0.00,0.00,1.0000,1.0000,0,0,0,0,0,0,0,0
396.00,0.00,0.00,0.00,0.00,0.00,0.00,0.00,0.00,1194723437.29,1282806765.36,0.00,0.00,1039043714.84,0.00,0.00,0.00,1.0000,1.0000,0,0,0,0,0,0,0,0
398.00,0.00,0.00,0.00,0.00,0.00,0.00,0.00,0.00,1194723437.29,1282806765.36,0.00,0.00,1039043714.84,0.00,0.00,0.00,1.0000,1.0000,0,0,0,0,0,0,0,0
400.00,0.00,0.00,0.00,0.00,0.00,0.00,0.00,0.00,1194723437.29,1282806765.36,0.00,0.00,1039043714.84,0.00,0.00,0.00,1.0000,1.0000,0,0,0,0,0,0,0,0
402.00,0.00,0.00,0.00,0.00,0.00,0.00,0.00,0.00,1194723437.29,1282806765.36,0.00,0.00,1039043714.84,0.00,0.00,0.00,1.0000,1.0000,0,0,0,0,0,0,0,0
404.00,0.00,0.00,0.00,0.00,0.00,0.00,0.00,0.00,1194723437.29,1282806765.36,0.00,0.00,1039043714.84,0.00,0.00,0.00,1.0000,1.0000,0,0,0,0,0,0,0,0
406.00,0.00,0.00,0.00,0.00,0.00,0.00,0.00,0.00,1194723437.29,1282806765.36,0.00,0.00,1039043714.84,0.00,0.00,0.00,1.0000,1.0000,0,0,0,0,0,0,0,0
408.00,0.00,0.00,0.00,0.00,0.00,0.00,0.00,0.00,1194723437.29,1282806765.36,0.00,0.00,1039043714.84,0.00,0.00,0.00,1.0000,1.0000,0,0,0,0,0,0,0,0
410.00,0.00,0.00,0.00,0.00,0.00,0.00,0.00,0.00,1194723437.29,1282806765.36,0.00,0.00,1039043714.84,0.00,0.00,0.00,1.0000,1.0000,0,0,0,0,0,0,0,0
412.00,0.00,0.00,0.00,0.00,0.00,0.00,0.00,0.00,1194723437.29,1282806765.36,0.00,0.00,1039043714.84,0.00,0.00,0.00,1.0000,1.0000,0,0,0,0,0,0,0,0
414.00,0.00,0.00,0.00,0.00,0.00,0.00,0.00,0.00,1194723437.29,1282806765.36,0.00,0.00,1039043714.84,0.00,0.00,0.00,1.0000,1.0000,0,0,0,0,0,0,0,0
416.00,0.00,0.00,0.00,0.00,0.00,0.00,0.00,0.00,1194723437.29,1282806765.36,0.00,0.00,1039043714.84,0.00,0.00,0.00,1.0000,1.0000,0,0,0,0,0,0,0,0
418.00,0.00,0.00,0.00,0.00,0.00,0.00,0.00,0.00,1194723437.29,1282806765.36,0.00,0.00,1039043714.84,0.00,0.00,0.00,1.0000,1.0000,0,0,0,0,0,0,0,0
420.00,0.00,0.00,0.00,0.00,0.00,0.00,0.00,0.00,1194723437.29,1282806765.36,0.00,0.00,1039043714.84,0.00,0.00,0.00,1.0000,1.0000,0,0,0,0,0,0,0,0
422.00,0.00,0.00,0.00,0.00,0.00,0.00,0.00,0.00,1194723437.29,1282806765.36,0.00,0.00,1039043714.84,0.00,0.00,0.00,1.0000,1.0000,0,0,0,0,0,0,0,0
424.00,0.00,0.00,0.00,0.00,0.00,0.00,0.00,0.00,1194723437.29,1282806765.36,0.00,0.00,1039043714.84,0.00,0.00,0.00,1.0000,1.0000,0,0,0,0,0,0,0,0
426.00,0.00,0.00,0.00,0.00,0.00,0.00,0.00,0.00,1194723437.29,1282806765.36,0.00,0.00,1039043714.84,0.00,0.00,0.00,1.0000,1.0000,0,0,0,0,0,0,0,0
428.00,0.00,0.00,0.00,0.00,0.00,0.00,0.00,0.00,1194723437.29,1282806765.36,0.00,0.00,1039043714.84,0.00,0.00,0.00,1.0000,1.0000,0,0,0,0,0,0,0,0
430.00,0.00,0.00,0.00,0.00,0.00,0.00,0.00,0.00,1194723437.29,1282806765.36,0.00,0.00,1039043714.84,0.00,0.00,0.00,1.0000,1.0000,0,0,0,0,0,0,0,0
432.00,0.00,0.00,0.00,0.00,0.00,0.00,0.00,0.00,1194723437.29,1282806765.36,0.00,0.00,1039043714.84,0.00,0.00,0.00,1.0000,1.0000,0,0,0,0,0,0,0,0
434.00,0.00,0.00,0.00,0.00,0.00,0.00,0.00,0.00,1194723437.29,1282806765.36,0.00,0.00,1039043714.84,0.00,0.00,0.00,1.0000,1.0000,0,0,0,0,0,0,0,0
436.00,0.00,0.00,0.00,0.00,0.00,0.00,0.00,0.00,1194723437.29,1282806765.36,0.00,0.00,1039043714.84,0.00,0.00,0.00,1.0000,1.0000,0,0,0,0,0,0,0,0
438.00,0.00,0.00,0.00,0.00,0.00,0.00,0.00,0.00,1194723437.29,1282806765.36,0.00,0.00,1039043714.84,0.00,0.00,0.00,1.0000,1.0000,0,0,0,0,0,0,0,0
440.00,0.00,0.00,0.00,0.00,0.00,0.00,0.00,0.00,1194723437.29,1282806765.36,0.00,0.00,1039043714.84,0.00,0.00,0.00,1.0000,1.0000,0,0,0,0,0,0,0,0
442.00,0.00,0.00,0.00,0.00,0.00,0.00,0.00,0.00,1194723437.29,1282806765.36,0.00,0.00,1039043714.84,0.00,0.00,0.00,1.0000,1.0000,0,0,0,0,0,0,0,0
444.00,0.00,0.00,0.00,0.00,0.00,0.00,0.00,0.00,1194723437.29,1282806765.36,0.00,0.00,1039043714.84,0.00,0.00,0.00,1.0000,1.0000,0,0,0,0,0,0,0,0
446.00,0.00,0.00,0.00,0.00,0.00,0.00,0.00,0.00,1194723437.29,1282806765.36,0.00,0.00,1039043714.84,0.00,0.00,0.00,1.0000,1.0000,0,0,0,0,0,0,0,0
448.00,0.00,0.00,0.00,0.00,0.00,0.00,0.00,0.00,1194723437.29,1282806765.36,0.00,0.00,1039043714.84,0.00,0.00,0.00,1.0000,1.0000,0,0,0,0,0,0,0,0
450.00,0.00,0.00,0.00,0.00,0.00,0.00,0.00,0.00,1194723437.29,1282806765.36,0.00,0.00,1039043714.84,0.00,0.00,0.00,1.0000,1.0000,0,0,0,0,0,0,0,0
452.00,0.00,0.00,0.00,0.00,0.00,0.00,0.00,0.00,1194723437.29,1282806765.36,0.00,0.00,1039043714.84,0.00,0.00,0.00,1.0000,1.0000,0,0,0,0,0,0,0,0
454.00,0.00,0.00,0.00,0.00,0.00,0.00,0.00,0.00,1194723437.29,1282806765.36,0.00,0.00,1039043714.84,0.00,0.00,0.00,1.0000,1.0000,0,0,0,0,0,0,0,0
456.00,0.00,0.00,0.00,0.00,0.00,0.00,0.00,0.00,1194723437.29,1282806765.36,0.00,0.00,1039043714.84,0.00,0.00,0.00,1.0000,1.0000,0,0,0,0,0,0,0,0
458.00,0.00,0.00,0.00,0.00,0.00,0.00,0.00,0.00,1194723437.29,1282806765.36,0.00,0.00,1039043714.84,0.00,0.00,0.00,1.0000,1.0000,0,0,0,0,0,0,0,0
460.00,0.00,0.00,0.00,0.00,0.00,0.00,0.00,0.00,1194723437.29,1282806765.36,0.00,0.00,1039043714.84,0.00,0.00,0.00,1.0000,1.0000,0,0,0,0,0,0,0,0
462.00,0.00,0.00,0.00,0.00,0.00,0.00,0.00,0.00,1194723437.29,1282806765.36,0.00,0.00,1039043714.84,0.00,0.00,0.00,1.0000,1.0000,0,0,0,0,0,0,0,0
464.00,0.00,0.00,0.00,0.00,0.00,0.00,0.00,0.00,1194723437.29,1282806765.36,0.00,0.00,1039043714.84,0.00,0.00,0.00,1.0000,1.0000,0,0,0,0,0,0,0,0
466.00,0.00,0.00,0.00,0.00,0.00,0.00,0.00,0.00,1194723437.29,1282806765.36,0.00,0.00,1039043714.84,0.00,0.00,0.00,1.0000,1.0000,0,0,0,0,0,0,0,0
468.00,0.00,0.00,0.00,0.00,0.00,0.00,0.00,0.00,1194723437.29,1282806765.36,0.00,0.00,1039043714.84,0.00,0.00,0.00,1.0000,1.0000,0,0,0,0,0,0,0,0
470.00,0.00,0.00,0.00,0.00,0.00,0.00,0.00,0.00,1194723437.29,1282806765.36,0.00,0.00,1039043714.84,0.00,0.00,0.00,1.0000,1.0000,0,0,0,0,0,0,0,0
472.00,0.00,0.00,0.00,0.00,0.00,0.00,0.00,0.00,1194723437.29,1282806765.36,0.00,0.00,1039043714.84,0.00,0.00,0.00,1.0000,1.0000,0,0,0,0,0,0,0,0
474.00,0.00,0.00,0.00,0.00,0.00,0.00,0.00,0.00,1194723437.29,1282806765.36,0.00,0.00,1039043714.84,0.00,0.00,0.00,1.0000,1.0000,0,0,0,0,0,0,0,0
476.00,0.00,0.00,0.00,0.00,0.00,0.00,0.00,0.00,1194723437.29,1282806765.36,0.00,0.00,1039043714.84,0.00,0.00,0.00,1.0000,1.0000,0,0,0,0,0,0,0,0
478.00,0.00,0.00,0.00,0.00,0.00,0.00,0.00,0.00,1194723437.29,1282806765.36,0.00,0.00,1039043714.84,0.00,0.00,0.00,1.0000,1.0000,0,0,0,0,0,0,0,0
480.00,0.00,0.00,0.00,0.00,0.00,0.00,0.00,0.00,1194723437.29,1282806765.36,0.00,0.00,1039043714.84,0.00,0.00,0.00,1.0000,1.0000,0,0,0,0,0,0,0,0
482.00,0.00,0.00,0.00,0.00,0.00,0.00,0.00,0.00,1194723437.29,1282806765.36,0.00,0.00,1039043714.84,0.00,0.00,0.00,1.0000,1.0000,0,0,0,0,0,0,0,0
484.00,0.00,0.00,0.00,0.00,0.00,0.00,0.00,0.00,1194723437.29,1282806765.36,0.00,0.00,1039043714.84,0.00,0.00,0.00,1.0000,1.0000,0,0,0,0,0,0,0,0
486.00,0.00,0.00,0.00,0.00,0.00,0.00,0.00,0.00,1194723437.29,1282806765.36,0.00,0.00,1039043714.84,0.00,0.00,0.00,1.0000,1.0000,0,0,0,0,0,0,0,0
488.00,0.00,0.00,0.00,0.00,0.00,0.00,0.00,0.00,1194723437.29,1282806765.36,0.00,0.00,1039043714.84,0.00,0.00,0.00,1.0000,1.0000,0,0,0,0,0,0,0,0
490.00,0.00,0.00,0.00,0.00,0.00,0.00,0.00,0.00,1194723437.29,1282806765.36,0.00,0.00,1039043714.84,0.00,0.00,0.00,1.0000,1.0000,0,0,0,0,0,0,0,0
492.00,0.00,0.00,0.00,0.00,0.00,0.00,0.00,0.00,1194723437.29,1282806765.36,0.00,0.00,1039043714.84,0.00,0.00,0.00,1.0000,1.0000,0,0,0,0,0,0,0,0
494.00,0.00,0.00,0.00,0.00,0.00,0.00,0.00,0.00,1194723437.29,1282806765.36,0.00,0.00,1039043714.84,0.00,0.00,0.00,1.0000,1.0000,0,0,0,0,0,0,0,0
496.00,0.00,0.00,0.00,0.00,0.00,0.00,0.00,0.00,1194723437.29,1282806765.36,0.00,0.00,1039043714.84,0.00,0.00,0.00,1.0000,1.0000,0,0,0,0,0,0,0,0
498.00,0.00,0.00,0.00,0.00,0.00,0.00,0.00,0.00,1194723437.29,1282806765.36,0.00,0.00,1039043714.84,0.00,0.00,0.00,1.0000,1.0000,0,0,0,0,0,0,0,0
500.00,0.00,0.00,0.00,0.00,0.00,0.00,0.00,0.00,1194723437.29,1282806765.36,0.00,0.00,1039043714.84,0.00,0.00,0.00,1.0000,1.0000,0,0,0,0,0,0,0,0
502.00,0.00,0.00,0.00,0.00,0.00,0.00,0.00,0.00,1194723437.29,1282806765.36,0.00,0.00,1039043714.84,0.00,0.00,0.00,1.0000,1.0000,0,0,0,0,0,0,0,0
504.00,0.00,0.00,0.00,0.00,0.00,0.00,0.00,0.00,1194723437.29,1282806765.36,0.00,0.00,1039043714.84,0.00,0.00,0.00,1.0000,1.0000,0,0,0,0,0,0,0,0
506.00,0.00,0.00,0.00,0.00,0.00,0.00,0.00,0.00,1194723437.29,1282806765.36,0.00,0.00,1039043714.84,0.00,0.00,0.00,1.0000,1.0000,0,0,0,0,0,0,0,0
508.00,0.00,0.00,0.00,0.00,0.00,0.00,0.00,0.00,1194723437.29,1282806765.36,0.00,0.00,1039043714.84,0.00,0.00,0.00,1.0000,1.0000,0,0,0,0,0,0,0,0
510.00,0.00,0.00,0.00,0.00,0.00,0.00,0.00,0.00,1194723437.29,1282806765.36,0.00,0.00,1039043714.84,0.00,0.00,0.00,1.0000,1.0000,0,0,0,0,0,0,0,0
512.00,0.00,0.00,0.00,0.00,0.00,0.00,0.00,0.00,1194723437.29,1282806765.36,0.00,0.00,1039043714.84,0.00,0.00,0.00,1.0000,1.0000,0,0,0,0,0,0,0,0
514.00,0.00,0.00,0.00,0.00,0.00,0.00,0.00,0.00,1194723437.29,1282806765.36,0.00,0.00,1039043714.84,0.00,0.00,0.00,1.0000,1.0000,0,0,0,0,0,0,0,0
516.00,0.00,0.00,0.00,0.00,0.00,0.00,0.00,0.00,1194723437.29,1282806765.36,0.00,0.00,1039043714.84,0.00,0.00,0.00,1.0000,1.0000,0,0,0,0,0,0,0,0
518.00,0.00,0.00,0.00,0.00,0.00,0.00,0.00,0.00,1194723437.29,1282806765.36,0.00,0.00,1039043714.84,0.00,0.00,0.00,1.0000,1.0000,0,0,0,0,0,0,0,0
520.00,0.00,0.00,0.00,0.00,0.00,0.00,0.00,0.00,1194723437.29,1282806765.36,0.00,0.00,1039043714.84,0.00,0.00,0.00,1.0000,1.0000,0,0,0,0,0,0,0,0
522.00,0.00,0.00,0.00,0.00,0.00,0.00,0.00,0.00,1194723437.29,1282806765.36,0.00,0.00,1039043714.84,0.00,0.00,0.00,1.0000,1.0000,0,0,0,0,0,0,0,0
524.00,0.00,0.00,0.00,0.00,0.00,0.00,0.00,0.00,1194723437.29,1282806765.36,0.00,0.00,1039043714.84,0.00,0.00,0.00,1.0000,1.0000,0,0,0,0,0,0,0,0
526.00,0.00,0.00,0.00,0.00,0.00,0.00,0.00,0.00,1194723437.29,1282806765.36,0.00,0.00,1039043714.84,0.00,0.00,0.00,1.0000,1.0000,0,0,0,0,0,0,0,0
528.00,0.00,0.00,0.00,0.00,0.00,0.00,0.00,0.00,1194723437.29,1282806765.36,0.00,0.00,1039043714.84,0.00,0.00,0.00,1.0000,1.0000,0,0,0,0,0,0,0,0
530.00,0.00,0.00,0.00,0.00,0.00,0.00,0.00,0.00,1194723437.29,1282806765.36,0.00,0.00,1039043714.84,0.00,0.00,0.00,1.0000,1.0000,0,0,0,0,0,0,0,0
532.00,0.00,0.00,0.00,0.00,0.00,0.00,0.00,0.00,1194723437.29,1282806765.36,0.00,0.00,1039043714.84,0.00,0.00,0.00,1.0000,1.0000,0,0,0,0,0,0,0,0
534.00,0.00,0.00,0.00,0.00,0.00,0.00,0.00,0.00,1194723437.29,1282806765.36,0.00,0.00,1039043714.84,0.00,0.00,0.00,1.0000,1.0000,0,0,0,0,0,0,0,0
536.00,0.00,0.00,0.00,0.00,0.00,0.00,0.00,0.00,1194723437.29,1282806765.36,0.00,0.00,1039043714.84,0.00,0.00,0.00,1.0000,1.0000,0,0,0,0,0,0,0,0
538.00,0.00,0.00,0.00,0.00,0.00,0.00,0.00,0.00,1194723437.29,1282806765.36,0.00,0.00,1039043714.84,0.00,0.00,0.00,1.0000,1.0000,0,0,0,0,0,0,0,0
540.00,0.00,0.00,0.00,0.00,0.00,0.00,0.00,0.00,1194723437.29,1282806765.36,0.00,0.00,1039043714.84,0.00,0.00,0.00,1.0000,1.0000,0,0,0,0,0,0,0,0
542.00,0.00,0.00,0.00,0.00,0.00,0.00,0.00,0.00,1194723437.29,1282806765.36,0.00,0.00,1039043714.84,0.00,0.00,0.00,1.0000,1.0000,0,0,0,0,0,0,0,0
544.00,0.00,0.00,0.00,0.00,0.00,0.00,0.00,0.00,1194723437.29,1282806765.36,0.00,0.00,1039043714.84,0.00,0.00,0.00,1.0000,1.0000,0,0,0,0,0,0,0,0
546.00,0.00,0.00,0.00,0.00,0.00,0.00,0.00,0.00,1194723437.29,1282806765.36,0.00,0.00,1039043714.84,0.00,0.00,0.00,1.0000,1.0000,0,0,0,0,0,0,0,0
548.00,0.00,0.00,0.00,0.00,0.00,0.00,0.00,0.00,1194723437.29,1282806765.36,0.00,0.00,1039043714.84,0.00,0.00,0.00,1.0000,1.0000,0,0,0,0,0,0,0,0
550.00,0.00,0.00,0.00,0.00,0.00,0.00,0.00,0.00,1194723437.29,1282806765.36,0.00,0.00,1039043714.84,0.00,0.00,0.00,1.0000,1.0000,0,0,0,0,0,0,0,0
552.00,0.00,0.00,0.00,0.00,0.00,0.00,0.00,0.00,1194723437.29,1282806765.36,0.00,0.00,1039043714.84,0.00,0.00,0.00,1.0000,1.0000,0,0,0,0,0,0,0,0
554.00,0.00,0.00,0.00,0.00,0.00,0.00,0.00,0.00,1194723437.29,1282806765.36,0.00,0.00,1039043714.84,0.00,0.00,0.00,1.0000,1.0000,0,0,0,0,0,0,0,0
556.00,0.00,0.00,0.00,0.00,0.00,0.00,0.00,0.00,1194723437.29,1282806765.36,0.00,0.00,1039043714.84,0.00,0.00,0.00,1.0000,1.0000,0,0,0,0,0,0,0,0
558.00,0.00,0.00,0.00,0.00,0.00,0.00,0.00,0.00,1194723437.29,1282806765.36,0.00,0.00,1039043714.84,0.00,0.00,0.00,1.0000,1.0000,0,0,0,0,0,0,0,0
560.00,0.00,0.00,0.00,0.00,0.00,0.00,0.00,0.00,1194723437.29,1282806765.36,0.00,0.00,1039043714.84,0.00,0.00,0.00,1.0000,1.0000,0,0,0,0,0,0,0,0
562.00,0.00,0.00,0.00,0.00,0.00,0.00,0.00,0.00,1194723437.29,1282806765.36,0.00,0.00,1039043714.84,0.00,0.00,0.00,1.0000,1.0000,0,0,0,0,0,0,0,0
564.00,0.00,0.00,0.00,0.00,0.00,0.00,0.00,0.00,1194723437.29,1282806765.36,0.00,0.00,1039043714.84,0.00,0.00,0.00,1.0000,1.0000,0,0,0,0,0,0,0,0
566.00,0.00,0.00,0.00,0.00,0.00,0.00,0.00,0.00,1194723437.29,1282806765.36,0.00,0.00,1039043714.84,0.00,0.00,0.00,1.0000,1.0000,0,0,0,0,0,0,0,0
568.00,0.00,0.00,0.00,0.00,0.00,0.00,0.00,0.00,1194723437.29,1282806765.36,0.00,0.00,1039043714.84,0.00,0.00,0.00,1.0000,1.0000,0,0,0,0,0,0,0,0
570.00,0.00,0.00,0.00,0.00,0.00,0.00,0.00,0.00,1194723437.29,1282806765.36,0.00,0.00,1039043714.84,0.00,0.00,0.00,1.0000,1.0000,0,0,0,0,0,0,0,0
572.00,0.00,0.00,0.00,0.00,0.00,0.00,0.00,0.00,1194723437.29,1282806765.36,0.00,0.00,1039043714.84,0.00,0.00,0.00,1.0000,1.0000,0,0,0,0,0,0,0,0
574.00,0.00,0.00,0.00,0.00,0.00,0.00,0.00,0.00,1194723437.29,1282806765.36,0.00,0.00,1039043714.84,0.00,0.00,0.00,1.0000,1.0000,0,0,0,0,0,0,0,0
576.00,0.00,0.00,0.00,0.00,0.00,0.00,0.00,0.00,1194723437.29,1282806765.36,0.00,0.00,1039043714.84,0.00,0.00,0.00,1.0000,1.0000,0,0,0,0,0,0,0,0
578.00,0.00,0.00,0.00,0.00,0.00,0.00,0.00,0.00,1194723437.29,1282806765.36,0.00,0.00,1039043714.84,0.00,0.00,0.00,1.0000,1.0000,0,0,0,0,0,0,0,0
580.00,0.00,0.00,0.00,0.00,0.00,0.00,0.00,0.00,1194723437.29,1282806765.36,0.00,0.00,1039043714.84,0.00,0.00,0.00,1.0000,1.0000,0,0,0,0,0,0,0,0
582.00,0.00,0.00,0.00,0.00,0.00,0.00,0.00,0.00,1194723437.29,1282806765.36,0.00,0.00,1039043714.84,0.00,0.00,0.00,1.0000,1.0000,0,0,0,0,0,0,0,0
584.00,0.00,0.00,0.00,0.00,0.00,0.00,0.00,0.00,1194723437.29,1282806765.36,0.00,0.00,1039043714.84,0.00,0.00,0.00,1.0000,1.0000,0,0,0,0,0,0,0,0
586.00,0.00,0.00,0.00,0.00,0.00,0.00,0.00,0.00,1194723437.29,1282806765.36,0.00,0.00,1039043714.84,0.00,0.00,0.00,1.0000,1.0000,0,0,0,0,0,0,0,0
588.00,0.00,0.00,0.00,0.00,0.00,0.00,0.00,0.00,1194723437.29,1282806765.36,0.00,0.00,1039043714.84,0.00,0.00,0.00,1.0000,1.0000,0,0,0,0,0,0,0,0
590.00,0.00,0.00,0.00,0.00,0.00,0.00,0.00,0.00,1194723437.29,1282806765.36,0.00,0.00,1039043714.84,0.00,0.00,0.00,1.0000,1.0000,0,0,0,0,0,0,0,0
592.00,0.00,0.00,0.00,0.00,0.00,0.00,0.00,0.00,1194723437.29,1282806765.36,0.00,0.00,1039043714.84,0.00,0.00,0.00,1.0000,1.0000,0,0,0,0,0,0,0,0
594.00,0.00,0.00,0.00,0.00,0.00,0.00,0.00,0.00,1194723437.29,1282806765.36,0.00,0.00,1039043714.84,0.00,0.00,0.00,1.0000,1.0000,0,0,0,0,0,0,0,0
596.00,0.00,0.00,0.00,0.00,0.00,0.00,0.00,0.00,1194723437.29,1282806765.36,0.00,0.00,1039043714.84,0.00,0.00,0.00,1.0000,1.0000,0,0,0,0,0,0,0,0
598.00,0.00,0.00,0.00,0.00,0.00,0.00,0.00,0.00,1194723437.29,1282806765.36,0.00,0.00,1039043714.84,0.00,0.00,0.00,1.0000,1.0000,0,0,0,0,0,0,0,0
600.00,0.00,0.00,0.00,0.00,0.00,0.00,0.00,0.00,1194723437.29,1282806765.36,0.00,0.00,1039043714.84,0.00,0.00,0.00,1.0000,1.0000,0,0,0,0,0,0,0,0
602.00,0.00,0.00,0.00,0.00,0.00,0.00,0.00,0.00,1194723437.29,1282806765.36,0.00,0.00,1039043714.84,0.00,0.00,0.00,1.0000,1.0000,0,0,0,0,0,0,0,0
604.00,0.00,0.00,0.00,0.00,0.00,0.00,0.00,0.00,1194723437.29,1282806765.36,0.00,0.00,1039043714.84,0.00,0.00,0.00,1.0000,1.0000,0,0,0,0,0,0,0,0
606.00,0.00,0.00,0.00,0.00,0.00,0.00,0.00,0.00,1194723437.29,1282806765.36,0.00,0.00,1039043714.84,0.00,0.00,0.00,1.0000,1.0000,0,0,0,0,0,0,0,0
608.00,0.00,0.00,0.00,0.00,0.00,0.00,0.00,0.00,1194723437.29,1282806765.36,0.00,0.00,1039043714.84,0.00,0.00,0.00,1.0000,1.0000,0,0,0,0,0,0,0,0
610.00,0.00,0.00,0.00,0.00,0.00,0.00,0.00,0.00,1194723437.29,1282806765.36,0.00,0.00,1039043714.84,0.00,0.00,0.00,1.0000,1.0000,0,0,0,0,0,0,0,0
612.00,0.00,0.00,0.00,0.00,0.00,0.00,0.00,0.00,1194723437.29,1282806765.36,0.00,0.00,1039043714.84,0.00,0.00,0.00,1.0000,1.0000,0,0,0,0,0,0,0,0
614.00,0.00,0.00,0.00,0.00,0.00,0.00,0.00,0.00,1194723437.29,1282806765.36,0.00,0.00,1039043714.84,0.00,0.00,0.00,1.0000,1.0000,0,0,0,0,0,0,0,0
616.00,0.00,0.00,0.00,0.00,0.00,0.00,0.00,0.00,1194723437.29,1282806765.36,0.00,0.00,1039043714.84,0.00,0.00,0.00,1.0000,1.0000,0,0,0,0,0,0,0,0
618.00,0.00,0.00,0.00,0.00,0.00,0.00,0.00,0.00,1194723437.29,1282806765.36,0.00,0.00,1039043714.84,0.00,0.00,0.00,1.0000,1.0000,0,0,0,0,0,0,0,0
620.00,0.00,0.00,0.00,0.00,0.00,0.00,0.00,0.00,1194723437.29,1282806765.36,0.00,0.00,1039043714.84,0.00,0.00,0.00,1.0000,1.0000,0,0,0,0,0,0,0,0
622.00,0.00,0.00,0.00,0.00,0.00,0.00,0.00,0.00,1194723437.29,1282806765.36,0.00,0.00,1039043714.84,0.00,0.00,0.00,1.0000,1.0000,0,0,0,0,0,0,0,0
624.00,0.00,0.00,0.00,0.00,0.00,0.00,0.00,0.00,1194723437.29,1282806765.36,0.00,0.00,1039043714.84,0.00,0.00,0.00,1.0000,1.0000,0,0,0,0,0,0,0,0
626.00,0.00,0.00,0.00,0.00,0.00,0.00,0.00,0.00,1194723437.29,1282806765.36,0.00,0.00,1039043714.84,0.00,0.00,0.00,1.0000,1.0000,0,0,0,0,0,0,0,0
628.00,0.00,0.00,0.00,0.00,0.00,0.00,0.00,0.00,1194723437.29,1282806765.36,0.00,0.00,1039043714.84,0.00,0.00,0.00,1.0000,1.0000,0,0,0,0,0,0,0,0
630.00,0.00,0.00,0.00,0.00,0.00,0.00,0.00,0.00,1194723437.29,1282806765.36,0.00,0.00,1039043714.84,0.00,0.00,0.00,1.0000,1.0000,0,0,0,0,0,0,0,0
632.00,0.00,0.00,0.00,0.00,0.00,0.00,0.00,0.00,1194723437.29,1282806765.36,0.00,0.00,1039043714.84,0.00,0.00,0.00,1.0000,1.0000,0,0,0,0,0,0,0,0
634.00,0.00,0.00,0.00,0.00,0.00,0.00,0.00,0.00,1194723437.29,1282806765.36,0.00,0.00,1039043714.84,0.00,0.00,0.00,1.0000,1.0000,0,0,0,0,0,0,0,0
636.00,0.00,0.00,0.00,0.00,0.00,0.00,0.00,0.00,1194723437.29,1282806765.36,0.00,0.00,1039043714.84,0.00,0.00,0.00,1.0000,1.0000,0,0,0,0,0,0,0,0
638.00,0.00,0.00,0.00,0.00,0.00,0.00,0.00,0.00,1194723437.29,1282806765.36,0.00,0.00,1039043714.84,0.00,0.00,0.00,1.0000,1.0000,0,0,0,0,0,0,0,0
640.00,0.00,0.00,0.00,0.00,0.00,0.00,0.00,0.00,1194723437.29,1282806765.36,0.00,0.00,1039043714.84,0.00,0.00,0.00,1.0000,1.0000,0,0,0,0,0,0,0,0
642.00,0.00,0.00,0.00,0.00,0.00,0.00,0.00,0.00,1194723437.29,1282806765.36,0.00,0.00,1039043714.84,0.00,0.00,0.00,1.0000,1.0000,0,0,0,0,0,0,0,0
644.00,0.00,0.00,0.00,0.00,0.00,0.00,0.00,0.00,1194723437.29,1282806765.36,0.00,0.00,1039043714.84,0.00,0.00,0.00,1.0000,1.0000,0,0,0,0,0,0,0,0
646.00,0.00,0.00,0.00,0.00,0.00,0.00,0.00,0.00,1194723437.29,1282806765.36,0.00,0.00,1039043714.84,0.00,0.00,0.00,1.0000,1.0000,0,0,0,0,0,0,0,0
648.00,0.00,0.00,0.00,0.00,0.00,0.00,0.00,0.00,1194723437.29,1282806765.36,0.00,0.00,1039043714.84,0.00,0.00,0.00,1.0000,1.0000,0,0,0,0,0,0,0,0
650.00,0.00,0.00,0.00,0.00,0.00,0.00,0.00,0.00,1194723437.29,1282806765.36,0.00,0.00,1039043714.84,0.00,0.00,0.00,1.0000,1.0000,0,0,0,0,0,0,0,0
652.00,0.00,0.00,0.00,0.00,0.00,0.00,0.00,0.00,1194723437.29,1282806765.36,0.00,0.00,1039043714.84,0.00,0.00,0.00,1.0000,1.0000,0,0,0,0,0,0,0,0
654.00,0.00,0.00,0.00,0.00,0.00,0.00,0.00,0.00,1194723437.29,1282806765.36,0.00,0.00,1039043714.84,0.00,0.00,0.00,1.0000,1.0000,0,0,0,0,0,0,0,0
656.00,0.00,0.00,0.00,0.00,0.00,0.00,0.00,0.00,1194723437.29,1282806765.36,0.00,0.00,1039043714.84,0.00,0.00,0.00,1.0000,1.0000,0,0,0,0,0,0,0,0
658.00,0.00,0.00,0.00,0.00,0.00,0.00,0.00,0.00,1194723437.29,1282806765.36,0.00,0.00,1039043714.84,0.00,0.00,0.00,1.0000,1.0000,0,0,0,0,0,0,0,0
660.00,0.00,0.00,0.00,0.00,0.00,0.00,0.00,0.00,1194723437.29,1282806765.36,0.00,0.00,1039043714.84,0.00,0.00,0.00,1.0000,1.0000,0,0,0,0,0,0,0,0
662.00,0.00,0.00,0.00,0.00,0.00,0.00,0.00,0.00,1194723437.29,1282806765.36,0.00,0.00,1039043714.84,0.00,0.00,0.00,1.0000,1.0000,0,0,0,0,0,0,0,0
664.00,0.00,0.00,0.00,0.00,0.00,0.00,0.00,0.00,1194723437.29,1282806765.36,0.00,0.00,1039043714.84,0.00,0.00,0.00,1.0000,1.0000,0,0,0,0,0,0,0,0
666.00,0.00,0.00,0.00,0.00,0.00,0.00,0.00,0.00,1194723437.29,1282806765.36,0.00,0.00,1039043714.84,0.00,0.00,0.00,1.0000,1.0000,0,0,0,0,0,0,0,0
668.00,0.00,0.00,0.00,0.00,0.00,0.00,0.00,0.00,1194723437.29,1282806765.36,0.00,0.00,1039043714.84,0.00,0.00,0.00,1.0000,1.0000,0,0,0,0,0,0,0,0
670.00,0.00,0.00,0.00,0.00,0.00,0.00,0.00,0.00,1194723437.29,1282806765.36,0.00,0.00,1039043714.84,0.00,0.00,0.00,1.0000,1.0000,0,0,0,0,0,0,0,0
672.00,0.00,0.00,0.00,0.00,0.00,0.00,0.00,0.00,1194723437.29,1282806765.36,0.00,0.00,1039043714.84,0.00,0.00,0.00,1.0000,1.0000,0,0,0,0,0,0,0,0
674.00,0.00,0.00,0.00,0.00,0.00,0.00,0.00,0.00,1194723437.29,1282806765.36,0.00,0.00,1039043714.84,0.00,0.00,0.00,1.0000,1.0000,0,0,0,0,0,0,0,0
676.00,0.00,0.00,0.00,0.00,0.00,0.00,0.00,0.00,1194723437.29,1282806765.36,0.00,0.00,1039043714.84,0.00,0.00,0.00,1.0000,1.0000,0,0,0,0,0,0,0,0
678.00,0.00,0.00,0.00,0.00,0.00,0.00,0.00,0.00,1194723437.29,1282806765.36,0.00,0.00,1039043714.84,0.00,0.00,0.00,1.0000,1.0000,0,0,0,0,0,0,0,0
680.00,0.00,0.00,0.00,0.00,0.00,0.00,0.00,0.00,1194723437.29,1282806765.36,0.00,0.00,1039043714.84,0.00,0.00,0.00,1.0000,1.0000,0,0,0,0,0,0,0,0
682.00,0.00,0.00,0.00,0.00,0.00,0.00,0.00,0.00,1194723437.29,1282806765.36,0.00,0.00,1039043714.84,0.00,0.00,0.00,1.0000,1.0000,0,0,0,0,0,0,0,0
684.00,0.00,0.00,0.00,0.00,0.00,0.00,0.00,0.00,1194723437.29,1282806765.36,0.00,0.00,1039043714.84,0.00,0.00,0.00,1.0000,1.0000,0,0,0,0,0,0,0,0
686.00,0.00,0.00,0.00,0.00,0.00,0.00,0.00,0.00,1194723437.29,1282806765.36,0.00,0.00,1039043714.84,0.00,0.00,0.00,1.0000,1.0000,0,0,0,0,0,0,0,0
688.00,0.00,0.00,0.00,0.00,0.00,0.00,0.00,0.00,1194723437.29,1282806765.36,0.00,0.00,1039043714.84,0.00,0.00,0.00,1.0000,1.0000,0,0,0,0,0,0,0,0
690.00,0.00,0.00,0.00,0.00,0.00,0.00,0.00,0.00,1194723437.29,1282806765.36,0.00,0.00,1039043714.84,0.00,0.00,0.00,1.0000,1.0000,0,0,0,0,0,0,0,0
692.00,0.00,0.00,0.00,0.00,0.00,0.00,0.00,0.00,1194723437.29,1282806765.36,0.00,0.00,1039043714.84,0.00,0.00,0.00,1.0000,1.0000,0,0,0,0,0,0,0,0
694.00,0.00,0.00,0.00,0.00,0.00,0.00,0.00,0.00,1194723437.29,1282806765.36,0.00,0.00,1039043714.84,0.00,0.00,0.00,1.0000,1.0000,0,0,0,0,0,0,0,0
696.00,0.00,0.00,0.00,0.00,0.00,0.00,0.00,0.00,1194723437.29,1282806765.36,0.00,0.00,1039043714.84,0.00,0.00,0.00,1.0000,1.0000,0,0,0,0,0,0,0,0
698.00,0.00,0.00,0.00,0.00,0.00,0.00,0.00,0.00,1194723437.29,1282806765.36,0.00,0.00,1039043714.84,0.00,0.00,0.00,1.0000,1.0000,0,0,0,0,0,0,0,0
700.00,0.00,0.00,0.00,0.00,0.00,0.00,0.00,0.00,1194723437.29,1282806765.36,0.00,0.00,1039043714.84,0.00,0.00,0.00,1.0000,1.0000,0,0,0,0,0,0,0,0
702.00,0.00,0.00,0.00,0.00,0.00,0.00,0.00,0.00,1194723437.29,1282806765.36,0.00,0.00,1039043714.84,0.00,0.00,0.00,1.0000,1.0000,0,0,0,0,0,0,0,0
704.00,0.00,0.00,0.00,0.00,0.00,0.00,0.00,0.00,1194723437.29,1282806765.36,0.00,0.00,1039043714.84,0.00,0.00,0.00,1.0000,1.0000,0,0,0,0,0,0,0,0
706.00,0.00,0.00,0.00,0.00,0.00,0.00,0.00,0.00,1194723437.29,1282806765.36,0.00,0.00,1039043714.84,0.00,0.00,0.00,1.0000,1.0000,0,0,0,0,0,0,0,0
708.00,0.00,0.00,0.00,0.00,0.00,0.00,0.00,0.00,1194723437.29,1282806765.36,0.00,0.00,1039043714.84,0.00,0.00,0.00,1.0000,1.0000,0,0,0,0,0,0,0,0
710.00,0.00,0.00,0.00,0.00,0.00,0.00,0.00,0.00,1194723437.29,1282806765.36,0.00,0.00,1039043714.84,0.00,0.00,0.00,1.0000,1.0000,0,0,0,0,0,0,0,0
712.00,0.00,0.00,0.00,0.00,0.00,0.00,0.00,0.00,1194723437.29,1282806765.36,0.00,0.00,1039043714.84,0.00,0.00,0.00,1.0000,1.0000,0,0,0,0,0,0,0,0
714.00,0.00,0.00,0.00,0.00,0.00,0.00,0.00,0.00,1194723437.29,1282806765.36,0.00,0.00,1039043714.84,0.00,0.00,0.00,1.0000,1.0000,0,0,0,0,0,0,0,0
716.00,0.00,0.00,0.00,0.00,0.00,0.00,0.00,0.00,1194723437.29,1282806765.36,0.00,0.00,1039043714.84,0.00,0.00,0.00,1.0000,1.0000,0,0,0,0,0,0,0,0
718.00,0.00,0.00,0.00,0.00,0.00,0.00,0.00,0.00,1194723437.29,1282806765.36,0.00,0.00,1039043714.84,0.00,0.00,0.00,1.0000,1.0000,0,0,0,0,0,0,0,0
720.00,0.00,0.00,0.00,0.00,0.00,0.00,0.00,0.00,1194723437.29,1282806765.36,0.00,0.00,1039043714.84,0.00,0.00,0.00,1.0000,1.0000,0,0,0,0,0,0,0,0
722.00,0.00,0.00,0.00,0.00,0.00,0.00,0.00,0.00,1194723437.29,1282806765.36,0.00,0.00,1039043714.84,0.00,0.00,0.00,1.0000,1.0000,0,0,0,0,0,0,0,0
724.00,0.00,0.00,0.00,0.00,0.00,0.00,0.00,0.00,1194723437.29,1282806765.36,0.00,0.00,1039043714.84,0.00,0.00,0.00,1.0000,1.0000,0,0,0,0,0,0,0,0
726.00,0.00,0.00,0.00,0.00,0.00,0.00,0.00,0.00,1194723437.29,1282806765.36,0.00,0.00,1039043714.84,0.00,0.00,0.00,1.0000,1.0000,0,0,0,0,0,0,0,0
728.00,0.00,0.00,0.00,0.00,0.00,0.00,0.00,0.00,1194723437.29,1282806765.36,0.00,0.00,1039043714.84,0.00,0.00,0.00,1.0000,1.0000,0,0,0,0,0,0,0,0
730.00,0.00,0.00,0.00,0.00,0.00,0.00,0.00,0.00,1194723437.29,1282806765.36,0.00,0.00,1039043714.84,0.00,0.00,0.00,1.0000,1.0000,0,0,0,0,0,0,0,0
732.00,0.00,0.00,0.00,0.00,0.00,0.00,0.00,0.00,1194723437.29,1282806765.36,0.00,0.00,1039043714.84,0.00,0.00,0.00,1.0000,1.0000,0,0,0,0,0,0,0,0
734.00,0.00,0.00,0.00,0.00,0.00,0.00,0.00,0.00,1194723437.29,1282806765.36,0.00,0.00,1039043714.84,0.00,0.00,0.00,1.0000,1.0000,0,0,0,0,0,0,0,0
736.00,0.00,0.00,0.00,0.00,0.00,0.00,0.00,0.00,1194723437.29,1282806765.36,0.00,0.00,1039043714.84,0.00,0.00,0.00,1.0000,1.0000,0,0,0,0,0,0,0,0
738.00,0.00,0.00,0.00,0.00,0.00,0.00,0.00,0.00,1194723437.29,1282806765.36,0.00,0.00,1039043714.84,0.00,0.00,0.00,1.0000,1.0000,0,0,0,0,0,0,0,0
740.00,0.00,0.00,0.00,0.00,0.00,0.00,0.00,0.00,1194723437.29,1282806765.36,0.00,0.00,1039043714.84,0.00,0.00,0.00,1.0000,1.0000,0,0,0,0,0,0,0,0
742.00,0.00,0.00,0.00,0.00,0.00,0.00,0.00,0.00,1194723437.29,1282806765.36,0.00,0.00,1039043714.84,0.00,0.00,0.00,1.0000,1.0000,0,0,0,0,0,0,0,0
744.00,0.00,0.00,0.00,0.00,0.00,0.00,0.00,0.00,1194723437.29,1282806765.36,0.00,0.00,1039043714.84,0.00,0.00,0.00,1.0000,1.0000,0,0,0,0,0,0,0,0
746.00,0.00,0.00,0.00,0.00,0.00,0.00,0.00,0.00,1194723437.29,1282806765.36,0.00,0.00,1039043714.84,0.00,0.00,0.00,1.0000,1.0000,0,0,0,0,0,0,0,0
748.00,0.00,0.00,0.00,0.00,0.00,0.00,0.00,0.00,1194723437.29,1282806765.36,0.00,0.00,1039043714.84,0.00,0.00,0.00,1.0000,1.0000,0,0,0,0,0,0,0,0
750.00,0.00,0.00,0.00,0.00,0.00,0.00,0.00,0.00,1194723437.29,1282806765.36,0.00,0.00,1039043714.84,0.00,0.00,0.00,1.0000,1.0000,0,0,0,0,0,0,0,0
752.00,0.00,0.00,0.00,0.00,0.00,0.00,0.00,0.00,1194723437.29,1282806765.36,0.00,0.00,1039043714.84,0.00,0.00,0.00,1.0000,1.0000,0,0,0,0,0,0,0,0
754.00,0.00,0.00,0.00,0.00,0.00,0.00,0.00,0.00,1194723437.29,1282806765.36,0.00,0.00,1039043714.84,0.00,0.00,0.00,1.0000,1.0000,0,0,0,0,0,0,0,0
756.00,0.00,0.00,0.00,0.00,0.00,0.00,0.00,0.00,1194723437.29,1282806765.36,0.00,0.00,1039043714.84,0.00,0.00,0.00,1.0000,1.0000,0,0,0,0,0,0,0,0
758.00,0.00,0.00,0.00,0.00,0.00,0.00,0.00,0.00,1194723437.29,1282806765.36,0.00,0.00,1039043714.84,0.00,0.00,0.00,1.0000,1.0000,0,0,0,0,0,0,0,0
760.00,0.00,0.00,0.00,0.00,0.00,0.00,0.00,0.00,1194723437.29,1282806765.36,0.00,0.00,1039043714.84,0.00,0.00,0.00,1.0000,1.0000,0,0,0,0,0,0,0,0
762.00,0.00,0.00,0.00,0.00,0.00,0.00,0.00,0.00,1194723437.29,1282806765.36,0.00,0.00,1039043714.84,0.00,0.00,0.00,1.0000,1.0000,0,0,0,0,0,0,0,0
764.00,0.00,0.00,0.00,0.00,0.00,0.00,0.00,0.00,1194723437.29,1282806765.36,0.00,0.00,1039043714.84,0.00,0.00,0.00,1.0000,1.0000,0,0,0,0,0,0,0,0
766.00,0.00,0.00,0.00,0.00,0.00,0.00,0.00,0.00,1194723437.29,1282806765.36,0.00,0.00,1039043714.84,0.00,0.00,0.00,1.0000,1.0000,0,0,0,0,0,0,0,0
768.00,0.00,0.00,0.00,0.00,0.00,0.00,0.00,0.00,1194723437.29,1282806765.36,0.00,0.00,1039043714.84,0.00,0.00,0.00,1.0000,1.0000,0,0,0,0,0,0,0,0
770.00,0.00,0.00,0.00,0.00,0.00,0.00,0.00,0.00,1194723437.29,1282806765.36,0.00,0.00,1039043714.84,0.00,0.00,0.00,1.0000,1.0000,0,0,0,0,0,0,0,0
772.00,0.00,0.00,0.00,0.00,0.00,0.00,0.00,0.00,1194723437.29,1282806765.36,0.00,0.00,1039043714.84,0.00,0.00,0.00,1.0000,1.0000,0,0,0,0,0,0,0,0
774.00,0.00,0.00,0.00,0.00,0.00,0.00,0.00,0.00,1194723437.29,1282806765.36,0.00,0.00,1039043714.84,0.00,0.00,0.00,1.0000,1.0000,0,0,0,0,0,0,0,0
776.00,0.00,0.00,0.00,0.00,0.00,0.00,0.00,0.00,1194723437.29,1282806765.36,0.00,0.00,1039043714.84,0.00,0.00,0.00,1.0000,1.0000,0,0,0,0,0,0,0,0
778.00,0.00,0.00,0.00,0.00,0.00,0.00,0.00,0.00,1194723437.29,1282806765.36,0.00,0.00,1039043714.84,0.00,0.00,0.00,1.0000,1.0000,0,0,0,0,0,0,0,0
780.00,0.00,0.00,0.00,0.00,0.00,0.00,0.00,0.00,1194723437.29,1282806765.36,0.00,0.00,1039043714.84,0.00,0.00,0.00,1.0000,1.0000,0,0,0,0,0,0,0,0
782.00,0.00,0.00,0.00,0.00,0.00,0.00,0.00,0.00,1194723437.29,1282806765.36,0.00,0.00,1039043714.84,0.00,0.00,0.00,1.0000,1.0000,0,0,0,0,0,0,0,0
784.00,0.00,0.00,0.00,0.00,0.00,0.00,0.00,0.00,1194723437.29,1282806765.36,0.00,0.00,1039043714.84,0.00,0.00,0.00,1.0000,1.0000,0,0,0,0,0,0,0,0
786.00,0.00,0.00,0.00,0.00,0.00,0.00,0.00,0.00,1194723437.29,1282806765.36,0.00,0.00,1039043714.84,0.00,0.00,0.00,1.0000,1.0000,0,0,0,0,0,0,0,0
788.00,0.00,0.00,0.00,0.00,0.00,0.00,0.00,0.00,1194723437.29,1282806765.36,0.00,0.00,1039043714.84,0.00,0.00,0.00,1.0000,1.0000,0,0,0,0,0,0,0,0
790.00,0.00,0.00,0.00,0.00,0.00,0.00,0.00,0.00,1194723437.29,1282806765.36,0.00,0.00,1039043714.84,0.00,0.00,0.00,1.0000,1.0000,0,0,0,0,0,0,0,0
792.00,0.00,0.00,0.00,0.00,0.00,0.00,0.00,0.00,1194723437.29,1282806765.36,0.00,0.00,1039043714.84,0.00,0.00,0.00,1.0000,1.0000,0,0,0,0,0,0,0,0
794.00,0.00,0.00,0.00,0.00,0.00,0.00,0.00,0.00,1194723437.29,1282806765.36,0.00,0.00,1039043714.84,0.00,0.00,0.00,1.0000,1.0000,0,0,0,0,0,0,0,0
796.00,0.00,0.00,0.00,0.00,0.00,0.00,0.00,0.00,1194723437.29,1282806765.36,0.00,0.00,1039043714.84,0.00,0.00,0.00,1.0000,1.0000,0,0,0,0,0,0,0,0
798.00,0.00,0.00,0.00,0.00,0.00,0.00,0.00,0.00,1194723437.29,1282806765.36,0.00,0.00,1039043714.84,0.00,0.00,0.00,1.0000,1.0000,0,0,0,0,0,0,0,0
800.00,0.00,0.00,0.00,0.00,0.00,0.00,0.00,0.00,1194723437.29,1282806765.36,0.00,0.00,1039043714.84,0.00,0.00,0.00,1.0000,1.0000,0,0,0,0,0,0,0,0
802.00,0.00,0.00,0.00,0.00,0.00,0.00,0.00,0.00,1194723437.29,1282806765.36,0.00,0.00,1039043714.84,0.00,0.00,0.00,1.0000,1.0000,0,0,0,0,0,0,0,0
804.00,0.00,0.00,0.00,0.00,0.00,0.00,0.00,0.00,1194723437.29,1282806765.36,0.00,0.00,1039043714.84,0.00,0.00,0.00,1.0000,1.0000,0,0,0,0,0,0,0,0
806.00,0.00,0.00,0.00,0.00,0.00,0.00,0.00,0.00,1194723437.29,1282806765.36,0.00,0.00,1039043714.84,0.00,0.00,0.00,1.0000,1.0000,0,0,0,0,0,0,0,0
808.00,0.00,0.00,0.00,0.00,0.00,0.00,0.00,0.00,1194723437.29,1282806765.36,0.00,0.00,1039043714.84,0.00,0.00,0.00,1.0000,1.0000,0,0,0,0,0,0,0,0
810.00,0.00,0.00,0.00,0.00,0.00,0.00,0.00,0.00,1194723437.29,1282806765.36,0.00,0.00,1039043714.84,0.00,0.00,0.00,1.0000,1.0000,0,0,0,0,0,0,0,0
812.00,0.00,0.00,0.00,0.00,0.00,0.00,0.00,0.00,1194723437.29,1282806765.36,0.00,0.00,1039043714.84,0.00,0.00,0.00,1.0000,1.0000,0,0,0,0,0,0,0,0
814.00,0.00,0.00,0.00,0.00,0.00,0.00,0.00,0.00,1194723437.29,1282806765.36,0.00,0.00,1039043714.84,0.00,0.00,0.00,1.0000,1.0000,0,0,0,0,0,0,0,0
816.00,0.00,0.00,0.00,0.00,0.00,0.00,0.00,0.00,1194723437.29,1282806765.36,0.00,0.00,1039043714.84,0.00,0.00,0.00,1.0000,1.0000,0,0,0,0,0,0,0,0
818.00,0.00,0.00,0.00,0.00,0.00,0.00,0.00,0.00,1194723437.29,1282806765.36,0.00,0.00,1039043714.84,0.00,0.00,0.00,1.0000,1.0000,0,0,0,0,0,0,0,0
820.00,0.00,0.00,0.00,0.00,0.00,0.00,0.00,0.00,1194723437.29,1282806765.36,0.00,0.00,1039043714.84,0.00,0.00,0.00,1.0000,1.0000,0,0,0,0,0,0,0,0
822.00,0.00,0.00,0.00,0.00,0.00,0.00,0.00,0.00,1194723437.29,1282806765.36,0.00,0.00,1039043714.84,0.00,0.00,0.00,1.0000,1.0000,0,0,0,0,0,0,0,0
824.00,0.00,0.00,0.00,0.00,0.00,0.00,0.00,0.00,1194723437.29,1282806765.36,0.00,0.00,1039043714.84,0.00,0.00,0.00,1.0000,1.0000,0,0,0,0,0,0,0,0
826.00,0.00,0.00,0.00,0.00,0.00,0.00,0.00,0.00,1194723437.29,1282806765.36,0.00,0.00,1039043714.84,0.00,0.00,0.00,1.0000,1.0000,0,0,0,0,0,0,0,0
828.00,0.00,0.00,0.00,0.00,0.00,0.00,0.00,0.00,1194723437.29,1282806765.36,0.00,0.00,1039043714.84,0.00,0.00,0.00,1.0000,1.0000,0,0,0,0,0,0,0,0
830.00,0.00,0.00,0.00,0.00,0.00,0.00,0.00,0.00,1194723437.29,1282806765.36,0.00,0.00,1039043714.84,0.00,0.00,0.00,1.0000,1.0000,0,0,0,0,0,0,0,0
832.00,0.00,0.00,0.00,0.00,0.00,0.00,0.00,0.00,1194723437.29,1282806765.36,0.00,0.00,1039043714.84,0.00,0.00,0.00,1.0000,1.0000,0,0,0,0,0,0,0,0
834.00,0.00,0.00,0.00,0.00,0.00,0.00,0.00,0.00,1194723437.29,1282806765.36,0.00,0.00,1039043714.84,0.00,0.00,0.00,1.0000,1.0000,0,0,0,0,0,0,0,0
836.00,0.00,0.00,0.00,0.00,0.00,0.00,0.00,0.00,1194723437.29,1282806765.36,0.00,0.00,1039043714.84,0.00,0.00,0.00,1.0000,1.0000,0,0,0,0,0,0,0,0
838.00,0.00,0.00,0.00,0.00,0.00,0.00,0.00,0.00,1194723437.29,1282806765.36,0.00,0.00,1039043714.84,0.00,0.00,0.00,1.0000,1.0000,0,0,0,0,0,0,0,0
840.00,0.00,0.00,0.00,0.00,0.00,0.00,0.00,0.00,1194723437.29,1282806765.36,0.00,0.00,1039043714.84,0.00,0.00,0.00,1.0000,1.0000,0,0,0,0,0,0,0,0
842.00,0.00,0.00,0.00,0.00,0.00,0.00,0.00,0.00,1194723437.29,1282806765.36,0.00,0.00,1039043714.84,0.00,0.00,0.00,1.0000,1.0000,0,0,0,0,0,0,0,0
844.00,0.00,0.00,0.00,0.00,0.00,0.00,0.00,0.00,1194723437.29,1282806765.36,0.00,0.00,1039043714.84,0.00,0.00,0.00,1.0000,1.0000,0,0,0,0,0,0,0,0
846.00,0.00,0.00,0.00,0.00,0.00,0.00,0.00,0.00,1194723437.29,1282806765.36,0.00,0.00,1039043714.84,0.00,0.00,0.00,1.0000,1.0000,0,0,0,0,0,0,0,0
848.00,0.00,0.00,0.00,0.00,0.00,0.00,0.00,0.00,1194723437.29,1282806765.36,0.00,0.00,1039043714.84,0.00,0.00,0.00,1.0000,1.0000,0,0,0,0,0,0,0,0
850.00,0.00,0.00,0.00,0.00,0.00,0.00,0.00,0.00,1194723437.29,1282806765.36,0.00,0.00,1039043714.84,0.00,0.00,0.00,1.0000,1.0000,0,0,0,0,0,0,0,0
852.00,0.00,0.00,0.00,0.00,0.00,0.00,0.00,0.00,1194723437.29,1282806765.36,0.00,0.00,1039043714.84,0.00,0.00,0.00,1.0000,1.0000,0,0,0,0,0,0,0,0
854.00,0.00,0.00,0.00,0.00,0.00,0.00,0.00,0.00,1194723437.29,1282806765.36,0.00,0.00,1039043714.84,0.00,0.00,0.00,1.0000,1.0000,0,0,0,0,0,0,0,0
856.00,0.00,0.00,0.00,0.00,0.00,0.00,0.00,0.00,1194723437.29,1282806765.36,0.00,0.00,1039043714.84,0.00,0.00,0.00,1.0000,1.0000,0,0,0,0,0,0,0,0
858.00,0.00,0.00,0.00,0.00,0.00,0.00,0.00,0.00,1194723437.29,1282806765.36,0.00,0.00,1039043714.84,0.00,0.00,0.00,1.0000,1.0000,0,0,0,0,0,0,0,0
860.00,0.00,0.00,0.00,0.00,0.00,0.00,0.00,0.00,1194723437.29,1282806765.36,0.00,0.00,1039043714.84,0.00,0.00,0.00,1.0000,1.0000,0,0,0,0,0,0,0,0
862.00,0.00,0.00,0.00,0.00,0.00,0.00,0.00,0.00,1194723437.29,1282806765.36,0.00,0.00,1039043714.84,0.00,0.00,0.00,1.0000,1.0000,0,0,0,0,0,0,0,0
864.00,0.00,0.00,0.00,0.00,0.00,0.00,0.00,0.00,1194723437.29,1282806765.36,0.00,0.00,1039043714.84,0.00,0.00,0.00,1.0000,1.0000,0,0,0,0,0,0,0,0
866.00,0.00,0.00,0.00,0.00,0.00,0.00,0.00,0.00,1194723437.29,1282806765.36,0.00,0.00,1039043714.84,0.00,0.00,0.00,1.0000,1.0000,0,0,0,0,0,0,0,0
868.00,0.00,0.00,0.00,0.00,0.00,0.00,0.00,0.00,1194723437.29,1282806765.36,0.00,0.00,1039043714.84,0.00,0.00,0.00,1.0000,1.0000,0,0,0,0,0,0,0,0
870.00,0.00,0.00,0.00,0.00,0.00,0.00,0.00,0.00,1194723437.29,1282806765.36,0.00,0.00,1039043714.84,0.00,0.00,0.00,1.0000,1.0000,0,0,0,0,0,0,0,0
872.00,0.00,0.00,0.00,0.00,0.00,0.00,0.00,0.00,1194723437.29,1282806765.36,0.00,0.00,1039043714.84,0.00,0.00,0.00,1.0000,1.0000,0,0,0,0,0,0,0,0
874.00,0.00,0.00,0.00,0.00,0.00,0.00,0.00,0.00,1194723437.29,1282806765.36,0.00,0.00,1039043714.84,0.00,0.00,0.00,1.0000,1.0000,0,0,0,0,0,0,0,0
876.00,0.00,0.00,0.00,0.00,0.00,0.00,0.00,0.00,1194723437.29,1282806765.36,0.00,0.00,1039043714.84,0.00,0.00,0.00,1.0000,1.0000,0,0,0,0,0,0,0,0
878.00,0.00,0.00,0.00,0.00,0.00,0.00,0.00,0.00,1194723437.29,1282806765.36,0.00,0.00,1039043714.84,0.00,0.00,0.00,1.0000,1.0000,0,0,0,0,0,0,0,0
880.00,0.00,0.00,0.00,0.00,0.00,0.00,0.00,0.00,1194723437.29,1282806765.36,0.00,0.00,1039043714.84,0.00,0.00,0.00,1.0000,1.0000,0,0,0,0,0,0,0,0
882.00,0.00,0.00,0.00,0.00,0.00,0.00,0.00,0.00,1194723437.29,1282806765.36,0.00,0.00,1039043714.84,0.00,0.00,0.00,1.0000,1.0000,0,0,0,0,0,0,0,0
884.00,0.00,0.00,0.00,0.00,0.00,0.00,0.00,0.00,1194723437.29,1282806765.36,0.00,0.00,1039043714.84,0.00,0.00,0.00,1.0000,1.0000,0,0,0,0,0,0,0,0
886.00,0.00,0.00,0.00,0.00,0.00,0.00,0.00,0.00,1194723437.29,1282806765.36,0.00,0.00,1039043714.84,0.00,0.00,0.00,1.0000,1.0000,0,0,0,0,0,0,0,0
888.00,0.00,0.00,0.00,0.00,0.00,0.00,0.00,0.00,1194723437.29,1282806765.36,0.00,0.00,1039043714.84,0.00,0.00,0.00,1.0000,1.0000,0,0,0,0,0,0,0,0
890.00,0.00,0.00,0.00,0.00,0.00,0.00,0.00,0.00,1194723437.29,1282806765.36,0.00,0.00,1039043714.84,0.00,0.00,0.00,1.0000,1.0000,0,0,0,0,0,0,0,0
892.00,0.00,0.00,0.00,0.00,0.00,0.00,0.00,0.00,1194723437.29,1282806765.36,0.00,0.00,1039043714.84,0.00,0.00,0.00,1.0000,1.0000,0,0,0,0,0,0,0,0
894.00,0.00,0.00,0.00,0.00,0.00,0.00,0.00,0.00,1194723437.29,1282806765.36,0.00,0.00,1039043714.84,0.00,0.00,0.00,1.0000,1.0000,0,0,0,0,0,0,0,0
896.00,0.00,0.00,0.00,0.00,0.00,0.00,0.00,0.00,1194723437.29,1282806765.36,0.00,0.00,1039043714.84,0.00,0.00,0.00,1.0000,1.0000,0,0,0,0,0,0,0,0
898.00,0.00,0.00,0.00,0.00,0.00,0.00,0.00,0.00,1194723437.29,1282806765.36,0.00,0.00,1039043714.84,0.00,0.00,0.00,1.0000,1.0000,0,0,0,0,0,0,0,0
900.00,0.00,0.00,0.00,0.00,0.00,0.00,0.00,0.00,1194723437.29,1282806765.36,0.00,0.00,1039043714.84,0.00,0.00,0.00,1.0000,1.0000,0,0,0,0,0,0,0,0
902.00,0.00,0.00,0.00,0.00,0.00,0.00,0.00,0.00,1194723437.29,1282806765.36,0.00,0.00,1039043714.84,0.00,0.00,0.00,1.0000,1.0000,0,0,0,0,0,0,0,0
904.00,0.00,0.00,0.00,0.00,0.00,0.00,0.00,0.00,1194723437.29,1282806765.36,0.00,0.00,1039043714.84,0.00,0.00,0.00,1.0000,1.0000,0,0,0,0,0,0,0,0
906.00,0.00,0.00,0.00,0.00,0.00,0.00,0.00,0.00,1194723437.29,1282806765.36,0.00,0.00,1039043714.84,0.00,0.00,0.00,1.0000,1.0000,0,0,0,0,0,0,0,0
908.00,0.00,0.00,0.00,0.00,0.00,0.00,0.00,0.00,1194723437.29,1282806765.36,0.00,0.00,1039043714.84,0.00,0.00,0.00,1.0000,1.0000,0,0,0,0,0,0,0,0
910.00,0.00,0.00,0.00,0.00,0.00,0.00,0.00,0.00,1194723437.29,1282806765.36,0.00,0.00,1039043714.84,0.00,0.00,0.00,1.0000,1.0000,0,0,0,0,0,0,0,0
912.00,0.00,0.00,0.00,0.00,0.00,0.00,0.00,0.00,1194723437.29,1282806765.36,0.00,0.00,1039043714.84,0.00,0.00,0.00,1.0000,1.0000,0,0,0,0,0,0,0,0
914.00,0.00,0.00,0.00,0.00,0.00,0.00,0.00,0.00,1194723437.29,1282806765.36,0.00,0.00,1039043714.84,0.00,0.00,0.00,1.0000,1.0000,0,0,0,0,0,0,0,0
916.00,0.00,0.00,0.00,0.00,0.00,0.00,0.00,0.00,1194723437.29,1282806765.36,0.00,0.00,1039043714.84,0.00,0.00,0.00,1.0000,1.0000,0,0,0,0,0,0,0,0
918.00,0.00,0.00,0.00,0.00,0.00,0.00,0.00,0.00,1194723437.29,1282806765.36,0.00,0.00,1039043714.84,0.00,0.00,0.00,1.0000,1.0000,0,0,0,0,0,0,0,0
920.00,0.00,0.00,0.00,0.00,0.00,0.00,0.00,0.00,1194723437.29,1282806765.36,0.00,0.00,1039043714.84,0.00,0.00,0.00,1.0000,1.0000,0,0,0,0,0,0,0,0
922.00,0.00,0.00,0.00,0.00,0.00,0.00,0.00,0.00,1194723437.29,1282806765.36,0.00,0.00,1039043714.84,0.00,0.00,0.00,1.0000,1.0000,0,0,0,0,0,0,0,0
924.00,0.00,0.00,0.00,0.00,0.00,0.00,0.00,0.00,1194723437.29,1282806765.36,0.00,0.00,1039043714.84,0.00,0.00,0.00,1.0000,1.0000,0,0,0,0,0,0,0,0
926.00,0.00,0.00,0.00,0.00,0.00,0.00,0.00,0.00,1194723437.29,1282806765.36,0.00,0.00,1039043714.84,0.00,0.00,0.00,1.0000,1.0000,0,0,0,0,0,0,0,0
928.00,0.00,0.00,0.00,0.00,0.00,0.00,0.00,0.00,1194723437.29,1282806765.36,0.00,0.00,1039043714.84,0.00,0.00,0.00,1.0000,1.0000,0,0,0,0,0,0,0,0
930.00,0.00,0.00,0.00,0.00,0.00,0.00,0.00,0.00,1194723437.29,1282806765.36,0.00,0.00,1039043714.84,0.00,0.00,0.00,1.0000,1.0000,0,0,0,0,0,0,0,0
932.00,0.00,0.00,0.00,0.00,0.00,0.00,0.00,0.00,1194723437.29,1282806765.36,0.00,0.00,1039043714.84,0.00,0.00,0.00,1.0000,1.0000,0,0,0,0,0,0,0,0
934.00,0.00,0.00,0.00,0.00,0.00,0.00,0.00,0.00,1194723437.29,1282806765.36,0.00,0.00,1039043714.84,0.00,0.00,0.00,1.0000,1.0000,0,0,0,0,0,0,0,0
936.00,0.00,0.00,0.00,0.00,0.00,0.00,0.00,0.00,1194723437.29,1282806765.36,0.00,0.00,1039043714.84,0.00,0.00,0.00,1.0000,1.0000,0,0,0,0,0,0,0,0
938.00,0.00,0.00,0.00,0.00,0.00,0.00,0.00,0.00,1194723437.29,1282806765.36,0.00,0.00,1039043714.84,0.00,0.00,0.00,1.0000,1.0000,0,0,0,0,0,0,0,0
940.00,0.00,0.00,0.00,0.00,0.00,0.00,0.00,0.00,1194723437.29,1282806765.36,0.00,0.00,1039043714.84,0.00,0.00,0.00,1.0000,1.0000,0,0,0,0,0,0,0,0
942.00,0.00,0.00,0.00,0.00,0.00,0.00,0.00,0.00,1194723437.29,1282806765.36,0.00,0.00,1039043714.84,0.00,0.00,0.00,1.0000,1.0000,0,0,0,0,0,0,0,0
944.00,0.00,0.00,0.00,0.00,0.00,0.00,0.00,0.00,1194723437.29,1282806765.36,0.00,0.00,1039043714.84,0.00,0.00,0.00,1.0000,1.0000,0,0,0,0,0,0,0,0
946.00,0.00,0.00,0.00,0.00,0.00,0.00,0.00,0.00,1194723437.29,1282806765.36,0.00,0.00,1039043714.84,0.00,0.00,0.00,1.0000,1.0000,0,0,0,0,0,0,0,0
948.00,0.00,0.00,0.00,0.00,0.00,0.00,0.00,0.00,1194723437.29,1282806765.36,0.00,0.00,1039043714.84,0.00,0.00,0.00,1.0000,1.0000,0,0,0,0,0,0,0,0
950.00,0.00,0.00,0.00,0.00,0.00,0.00,0.00,0.00,1194723437.29,1282806765.36,0.00,0.00,1039043714.84,0.00,0.00,0.00,1.0000,1.0000,0,0,0,0,0,0,0,0
952.00,0.00,0.00,0.00,0.00,0.00,0.00,0.00,0.00,1194723437.29,1282806765.36,0.00,0.00,1039043714.84,0.00,0.00,0.00,1.0000,1.0000,0,0,0,0,0,0,0,0
954.00,0.00,0.00,0.00,0.00,0.00,0.00,0.00,0.00,1194723437.29,1282806765.36,0.00,0.00,1039043714.84,0.00,0.00,0.00,1.0000,1.0000,0,0,0,0,0,0,0,0
956.00,0.00,0.00,0.00,0.00,0.00,0.00,0.00,0.00,1194723437.29,1282806765.36,0.00,0.00,1039043714.84,0.00,0.00,0.00,1.0000,1.0000,0,0,0,0,0,0,0,0
958.00,0.00,0.00,0.00,0.00,0.00,0.00,0.00,0.00,1194723437.29,1282806765.36,0.00,0.00,1039043714.84,0.00,0.00,0.00,1.0000,1.0000,0,0,0,0,0,0,0,0
960.00,0.00,0.00,0.00,0.00,0.00,0.00,0.00,0.00,1194723437.29,1282806765.36,0.00,0.00,1039043714.84,0.00,0.00,0.00,1.0000,1.0000,0,0,0,0,0,0,0,0
962.00,0.00,0.00,0.00,0.00,0.00,0.00,0.00,0.00,1194723437.29,1282806765.36,0.00,0.00,1039043714.84,0.00,0.00,0.00,1.0000,1.0000,0,0,0,0,0,0,0,0
964.00,0.00,0.00,0.00,0.00,0.00,0.00,0.00,0.00,1194723437.29,1282806765.36,0.00,0.00,1039043714.84,0.00,0.00,0.00,1.0000,1.0000,0,0,0,0,0,0,0,0
966.00,0.00,0.00,0.00,0.00,0.00,0.00,0.00,0.00,1194723437.29,1282806765.36,0.00,0.00,1039043714.84,0.00,0.00,0.00,1.0000,1.0000,0,0,0,0,0,0,0,0
968.00,0.00,0.00,0.00,0.00,0.00,0.00,0.00,0.00,1194723437.29,1282806765.36,0.00,0.00,1039043714.84,0.00,0.00,0.00,1.0000,1.0000,0,0,0,0,0,0,0,0
970.00,0.00,0.00,0.00,0.00,0.00,0.00,0.00,0.00,1194723437.29,1282806765.36,0.00,0.00,1039043714.84,0.00,0.00,0.00,1.0000,1.0000,0,0,0,0,0,0,0,0
972.00,0.00,0.00,0.00,0.00,0.00,0.00,0.00,0.00,1194723437.29,1282806765.36,0.00,0.00,1039043714.84,0.00,0.00,0.00,1.0000,1.0000,0,0,0,0,0,0,0,0
974.00,0.00,0.00,0.00,0.00,0.00,0.00,0.00,0.00,1194723437.29,1282806765.36,0.00,0.00,1039043714.84,0.00,0.00,0.00,1.0000,1.0000,0,0,0,0,0,0,0,0
976.00,0.00,0.00,0.00,0.00,0.00,0.00,0.00,0.00,1194723437.29,1282806765.36,0.00,0.00,1039043714.84,0.00,0.00,0.00,1.0000,1.0000,0,0,0,0,0,0,0,0
978.00,0.00,0.00,0.00,0.00,0.00,0.00,0.00,0.00,1194723437.29,1282806765.36,0.00,0.00,1039043714.84,0.00,0.00,0.00,1.0000,1.0000,0,0,0,0,0,0,0,0
980.00,0.00,0.00,0.00,0.00,0.00,0.00,0.00,0.00,1194723437.29,1282806765.36,0.00,0.00,1039043714.84,0.00,0.00,0.00,1.0000,1.0000,0,0,0,0,0,0,0,0
982.00,0.00,0.00,0.00,0.00,0.00,0.00,0.00,0.00,1194723437.29,1282806765.36,0.00,0.00,1039043714.84,0.00,0.00,0.00,1.0000,1.0000,0,0,0,0,0,0,0,0
984.00,0.00,0.00,0.00,0.00,0.00,0.00,0.00,0.00,1194723437.29,1282806765.36,0.00,0.00,1039043714.84,0.00,0.00,0.00,1.0000,1.0000,0,0,0,0,0,0,0,0
986.00,0.00,0.00,0.00,0.00,0.00,0.00,0.00,0.00,1194723437.29,1282806765.36,0.00,0.00,1039043714.84,0.00,0.00,0.00,1.0000,1.0000,0,0,0,0,0,0,0,0
988.00,0.00,0.00,0.00,0.00,0.00,0.00,0.00,0.00,1194723437.29,1282806765.36,0.00,0.00,1039043714.84,0.00,0.00,0.00,1.0000,1.0000,0,0,0,0,0,0,0,0
990.00,0.00,0.00,0.00,0.00,0.00,0.00,0.00,0.00,1194723437.29,1282806765.36,0.00,0.00,1039043714.84,0.00,0.00,0.00,1.0000,1.0000,0,0,0,0,0,0,0,0
992.00,0.00,0.00,0.00,0.00,0.00,0.00,0.00,0.00,1194723437.29,1282806765.36,0.00,0.00,1039043714.84,0.00,0.00,0.00,1.0000,1.0000,0,0,0,0,0,0,0,0
994.00,0.00,0.00,0.00,0.00,0.00,0.00,0.00,0.00,1194723437.29,1282806765.36,0.00,0.00,1039043714.84,0.00,0.00,0.00,1.0000,1.0000,0,0,0,0,0,0,0,0
996.00,0.00,0.00,0.00,0.00,0.00,0.00,0.00,0.00,1194723437.29,1282806765.36,0.00,0.00,1039043714.84,0.00,0.00,0.00,1.0000,1.0000,0,0,0,0,0,0,0,0
998.00,0.00,0.00,0.00,0.00,0.00,0.00,0.00,0.00,1194723437.29,1282806765.36,0.00,0.00,1039043714.84,0.00,0.00,0.00,1.0000,1.0000,0,0,0,0,0,0,0,0
1000.00,0.00,0.00,0.00,0.00,0.00,0.00,0.00,0.00,1194723437.29,1282806765.36,0.00,0.00,1039043714.84,0.00,0.00,0.00,1.0000,1.0000,0,0,0,0,0,0,0,0
1002.00,0.00,0.00,0.00,0.00,0.00,0.00,0.00,0.00,1194723437.29,1282806765.36,0.00,0.00,1039043714.84,0.00,0.00,0.00,1.0000,1.0000,0,0,0,0,0,0,0,0
1004.00,0.00,0.00,0.00,0.00,0.00,0.00,0.00,0.00,1194723437.29,1282806765.36,0.00,0.00,1039043714.84,0.00,0.00,0.00,1.0000,1.0000,0,0,0,0,0,0,0,0
1006.00,0.00,0.00,0.00,0.00,0.00,0.00,0.00,0.00,1194723437.29,1282806765.36,0.00,0.00,1039043714.84,0.00,0.00,0.00,1.0000,1.0000,0,0,0,0,0,0,0,0
1008.00,0.00,0.00,0.00,0.00,0.00,0.00,0.00,0.00,1194723437.29,1282806765.36,0.00,0.00,1039043714.84,0.00,0.00,0.00,1.0000,1.0000,0,0,0,0,0,0,0,0
1010.00,0.00,0.00,0.00,0.00,0.00,0.00,0.00,0.00,1194723437.29,1282806765.36,0.00,0.00,1039043714.84,0.00,0.00,0.00,1.0000,1.0000,0,0,0,0,0,0,0,0
1012.00,0.00,0.00,0.00,0.00,0.00,0.00,0.00,0.00,1194723437.29,1282806765.36,0.00,0.00,1039043714.84,0.00,0.00,0.00,1.0000,1.0000,0,0,0,0,0,0,0,0
1014.00,0.00,0.00,0.00,0.00,0.00,0.00,0.00,0.00,1194723437.29,1282806765.36,0.00,0.00,1039043714.84,0.00,0.00,0.00,1.0000,1.0000,0,0,0,0,0,0,0,0
1016.00,0.00,0.00,0.00,0.00,0.00,0.00,0.00,0.00,1194723437.29,1282806765.36,0.00,0.00,1039043714.84,0.00,0.00,0.00,1.0000,1.0000,0,0,0,0,0,0,0,0
1018.00,0.00,0.00,0.00,0.00,0.00,0.00,0.00,0.00,1194723437.29,1282806765.36,0.00,0.00,1039043714.84,0.00,0.00,0.00,1.0000,1.0000,0,0,0,0,0,0,0,0
1020.00,0.00,0.00,0.00,0.00,0.00,0.00,0.00,0.00,1194723437.29,1282806765.36,0.00,0.00,1039043714.84,0.00,0.00,0.00,1.0000,1.0000,0,0,0,0,0,0,0,0
1022.00,0.00,0.00,0.00,0.00,0.00,0.00,0.00,0.00,1194723437.29,1282806765.36,0.00,0.00,1039043714.84,0.00,0.00,0.00,1.0000,1.0000,0,0,0,0,0,0,0,0
1024.00,0.00,0.00,0.00,0.00,0.00,0.00,0.00,0.00,1194723437.29,1282806765.36,0.00,0.00,1039043714.84,0.00,0.00,0.00,1.0000,1.0000,0,0,0,0,0,0,0,0
1026.00,0.00,0.00,0.00,0.00,0.00,0.00,0.00,0.00,1194723437.29,1282806765.36,0.00,0.00,1039043714.84,0.00,0.00,0.00,1.0000,1.0000,0,0,0,0,0,0,0,0
1028.00,0.00,0.00,0.00,0.00,0.00,0.00,0.00,0.00,1194723437.29,1282806765.36,0.00,0.00,1039043714.84,0.00,0.00,0.00,1.0000,1.0000,0,0,0,0,0,0,0,0
1030.00,0.00,0.00,0.00,0.00,0.00,0.00,0.00,0.00,1194723437.29,1282806765.36,0.00,0.00,1039043714.84,0.00,0.00,0.00,1.0000,1.0000,0,0,0,0,0,0,0,0
1032.00,0.00,0.00,0.00,0.00,0.00,0.00,0.00,0.00,1194723437.29,1282806765.36,0.00,0.00,1039043714.84,0.00,0.00,0.00,1.0000,1.0000,0,0,0,0,0,0,0,0
1034.00,0.00,0.00,0.00,0.00,0.00,0.00,0.00,0.00,1194723437.29,1282806765.36,0.00,0.00,1039043714.84,0.00,0.00,0.00,1.0000,1.0000,0,0,0,0,0,0,0,0
1036.00,0.00,0.00,0.00,0.00,0.00,0.00,0.00,0.00,1194723437.29,1282806765.36,0.00,0.00,1039043714.84,0.00,0.00,0.00,1.0000,1.0000,0,0,0,0,0,0,0,0
1038.00,0.00,0.00,0.00,0.00,0.00,0.00,0.00,0.00,1194723437.29,1282806765.36,0.00,0.00,1039043714.84,0.00,0.00,0.00,1.0000,1.0000,0,0,0,0,0,0,0,0
1040.00,0.00,0.00,0.00,0.00,0.00,0.00,0.00,0.00,1194723437.29,1282806765.36,0.00,0.00,1039043714.84,0.00,0.00,0.00,1.0000,1.0000,0,0,0,0,0,0,0,0
1042.00,0.00,0.00,0.00,0.00,0.00,0.00,0.00,0.00,1194723437.29,1282806765.36,0.00,0.00,1039043714.84,0.00,0.00,0.00,1.0000,1.0000,0,0,0,0,0,0,0,0
1044.00,0.00,0.00,0.00,0.00,0.00,0.00,0.00,0.00,1194723437.29,1282806765.36,0.00,0.00,1039043714.84,0.00,0.00,0.00,1.0000,1.0000,0,0,0,0,0,0,0,0
1046.00,0.00,0.00,0.00,0.00,0.00,0.00,0.00,0.00,1194723437.29,1282806765.36,0.00,0.00,1039043714.84,0.00,0.00,0.00,1.0000,1.0000,0,0,0,0,0,0,0,0
1048.00,0.00,0.00,0.00,0.00,0.00,0.00,0.00,0.00,1194723437.29,1282806765.36,0.00,0.00,1039043714.84,0.00,0.00,0.00,1.0000,1.0000,0,0,0,0,0,0,0,0
1050.00,0.00,0.00,0.00,0.00,0.00,0.00,0.00,0.00,1194723437.29,1282806765.36,0.00,0.00,1039043714.84,0.00,0.00,0.00,1.0000,1.0000,0,0,0,0,0,0,0,0
1052.00,0.00,0.00,0.00,0.00,0.00,0.00,0.00,0.00,1194723437.29,1282806765.36,0.00,0.00,1039043714.84,0.00,0.00,0.00,1.0000,1.0000,0,0,0,0,0,0,0,0
1054.00,0.00,0.00,0.00,0.00,0.00,0.00,0.00,0.00,1194723437.29,1282806765.36,0.00,0.00,1039043714.84,0.00,0.00,0.00,1.0000,1.0000,0,0,0,0,0,0,0,0
1056.00,0.00,0.00,0.00,0.00,0.00,0.00,0.00,0.00,1194723437.29,1282806765.36,0.00,0.00,1039043714.84,0.00,0.00,0.00,1.0000,1.0000,0,0,0,0,0,0,0,0
1058.00,0.00,0.00,0.00,0.00,0.00,0.00,0.00,0.00,1194723437.29,1282806765.36,0.00,0.00,1039043714.84,0.00,0.00,0.00,1.0000,1.0000,0,0,0,0,0,0,0,0
1060.00,0.00,0.00,0.00,0.00,0.00,0.00,0.00,0.00,1194723437.29,1282806765.36,0.00,0.00,1039043714.84,0.00,0.00,0.00,1.0000,1.0000,0,0,0,0,0,0,0,0
1062.00,0.00,0.00,0.00,0.00,0.00,0.00,0.00,0.00,1194723437.29,1282806765.36,0.00,0.00,1039043714.84,0.00,0.00,0.00,1.0000,1.0000,0,0,0,0,0,0,0,0
1064.00,0.00,0.00,0.00,0.00,0.00,0.00,0.00,0.00,1194723437.29,1282806765.36,0.00,0.00,1039043714.84,0.00,0.00,0.00,1.0000,1.0000,0,0,0,0,0,0,0,0
1066.00,0.00,0.00,0.00,0.00,0.00,0.00,0.00,0.00,1194723437.29,1282806765.36,0.00,0.00,1039043714.84,0.00,0.00,0.00,1.0000,1.0000,0,0,0,0,0,0,0,0
1068.00,0.00,0.00,0.00,0.00,0.00,0.00,0.00,0.00,1194723437.29,1282806765.36,0.00,0.00,1039043714.84,0.00,0.00,0.00,1.0000,1.0000,0,0,0,0,0,0,0,0
1070.00,0.00,0.00,0.00,0.00,0.00,0.00,0.00,0.00,1194723437.29,1282806765.36,0.00,0.00,1039043714.84,0.00,0.00,0.00,1.0000,1.0000,0,0,0,0,0,0,0,0
1072.00,0.00,0.00,0.00,0.00,0.00,0.00,0.00,0.00,1194723437.29,1282806765.36,0.00,0.00,1039043714.84,0.00,0.00,0.00,1.0000,1.0000,0,0,0,0,0,0,0,0
1074.00,0.00,0.00,0.00,0.00,0.00,0.00,0.00,0.00,1194723437.29,1282806765.36,0.00,0.00,1039043714.84,0.00,0.00,0.00,1.0000,1.0000,0,0,0,0,0,0,0,0
1076.00,0.00,0.00,0.00,0.00,0.00,0.00,0.00,0.00,1194723437.29,1282806765.36,0.00,0.00,1039043714.84,0.00,0.00,0.00,1.0000,1.0000,0,0,0,0,0,0,0,0
1078.00,0.00,0.00,0.00,0.00,0.00,0.00,0.00,0.00,1194723437.29,1282806765.36,0.00,0.00,1039043714.84,0.00,0.00,0.00,1.0000,1.0000,0,0,0,0,0,0,0,0
1080.00,0.00,0.00,0.00,0.00,0.00,0.00,0.00,0.00,1194723437.29,1282806765.36,0.00,0.00,1039043714.84,0.00,0.00,0.00,1.0000,1.0000,0,0,0,0,0,0,0,0
1082.00,0.00,0.00,0.00,0.00,0.00,0.00,0.00,0.00,1194723437.29,1282806765.36,0.00,0.00,1039043714.84,0.00,0.00,0.00,1.0000,1.0000,0,0,0,0,0,0,0,0
1084.00,0.00,0.00,0.00,0.00,0.00,0.00,0.00,0.00,1194723437.29,1282806765.36,0.00,0.00,1039043714.84,0.00,0.00,0.00,1.0000,1.0000,0,0,0,0,0,0,0,0
1086.00,0.00,0.00,0.00,0.00,0.00,0.00,0.00,0.00,1194723437.29,1282806765.36,0.00,0.00,1039043714.84,0.00,0.00,0.00,1.0000,1.0000,0,0,0,0,0,0,0,0
1088.00,0.00,0.00,0.00,0.00,0.00,0.00,0.00,0.00,1194723437.29,1282806765.36,0.00,0.00,1039043714.84,0.00,0.00,0.00,1.0000,1.0000,0,0,0,0,0,0,0,0
1090.00,0.00,0.00,0.00,0.00,0.00,0.00,0.00,0.00,1194723437.29,1282806765.36,0.00,0.00,1039043714.84,0.00,0.00,0.00,1.0000,1.0000,0,0,0,0,0,0,0,0
1092.00,0.00,0.00,0.00,0.00,0.00,0.00,0.00,0.00,1194723437.29,1282806765.36,0.00,0.00,1039043714.84,0.00,0.00,0.00,1.0000,1.0000,0,0,0,0,0,0,0,0
1094.00,0.00,0.00,0.00,0.00,0.00,0.00,0.00,0.00,1194723437.29,1282806765.36,0.00,0.00,1039043714.84,0.00,0.00,0.00,1.0000,1.0000,0,0,0,0,0,0,0,0
1096.00,0.00,0.00,0.00,0.00,0.00,0.00,0.00,0.00,1194723437.29,1282806765.36,0.00,0.00,1039043714.84,0.00,0.00,0.00,1.0000,1.0000,0,0,0,0,0,0,0,0
1098.00,0.00,0.00,0.00,0.00,0.00,0.00,0.00,0.00,1194723437.29,1282806765.36,0.00,0.00,1039043714.84,0.00,0.00,0.00,1.0000,1.0000,0,0,0,0,0,0,0,0
1100.00,0.00,0.00,0.00,0.00,0.00,0.00,0.00,0.00,1194723437.29,1282806765.36,0.00,0.00,1039043714.84,0.00,0.00,0.00,1.0000,1.0000,0,0,0,0,0,0,0,0
1102.00,0.00,0.00,0.00,0.00,0.00,0.00,0.00,0.00,1194723437.29,1282806765.36,0.00,0.00,1039043714.84,0.00,0.00,0.00,1.0000,1.0000,0,0,0,0,0,0,0,0
1104.00,0.00,0.00,0.00,0.00,0.00,0.00,0.00,0.00,1194723437.29,1282806765.36,0.00,0.00,1039043714.84,0.00,0.00,0.00,1.0000,1.0000,0,0,0,0,0,0,0,0
1106.00,0.00,0.00,0.00,0.00,0.00,0.00,0.00,0.00,1194723437.29,1282806765.36,0.00,0.00,1039043714.84,0.00,0.00,0.00,1.0000,1.0000,0,0,0,0,0,0,0,0
1108.00,0.00,0.00,0.00,0.00,0.00,0.00,0.00,0.00,1194723437.29,1282806765.36,0.00,0.00,1039043714.84,0.00,0.00,0.00,1.0000,1.0000,0,0,0,0,0,0,0,0
1110.00,0.00,0.00,0.00,0.00,0.00,0.00,0.00,0.00,1194723437.29,1282806765.36,0.00,0.00,1039043714.84,0.00,0.00,0.00,1.0000,1.0000,0,0,0,0,0,0,0,0
1112.00,0.00,0.00,0.00,0.00,0.00,0.00,0.00,0.00,1194723437.29,1282806765.36,0.00,0.00,1039043714.84,0.00,0.00,0.00,1.0000,1.0000,0,0,0,0,0,0,0,0
1114.00,0.00,0.00,0.00,0.00,0.00,0.00,0.00,0.00,1194723437.29,1282806765.36,0.00,0.00,1039043714.84,0.00,0.00,0.00,1.0000,1.0000,0,0,0,0,0,0,0,0
1116.00,0.00,0.00,0.00,0.00,0.00,0.00,0.00,0.00,1194723437.29,1282806765.36,0.00,0.00,1039043714.84,0.00,0.00,0.00,1.0000,1.0000,0,0,0,0,0,0,0,0
1118.00,0.00,0.00,0.00,0.00,0.00,0.00,0.00,0.00,1194723437.29,1282806765.36,0.00,0.00,1039043714.84,0.00,0.00,0.00,1.0000,1.0000,0,0,0,0,0,0,0,0
1120.00,0.00,0.00,0.00,0.00,0.00,0.00,0.00,0.00,1194723437.29,1282806765.36,0.00,0.00,1039043714.84,0.00,0.00,0.00,1.0000,1.0000,0,0,0,0,0,0,0,0
1122.00,0.00,0.00,0.00,0.00,0.00,0.00,0.00,0.00,1194723437.29,1282806765.36,0.00,0.00,1039043714.84,0.00,0.00,0.00,1.0000,1.0000,0,0,0,0,0,0,0,0
1124.00,0.00,0.00,0.00,0.00,0.00,0.00,0.00,0.00,1194723437.29,1282806765.36,0.00,0.00,1039043714.84,0.00,0.00,0.00,1.0000,1.0000,0,0,0,0,0,0,0,0
1126.00,0.00,0.00,0.00,0.00,0.00,0.00,0.00,0.00,1194723437.29,1282806765.36,0.00,0.00,1039043714.84,0.00,0.00,0.00,1.0000,1.0000,0,0,0,0,0,0,0,0
1128.00,0.00,0.00,0.00,0.00,0.00,0.00,0.00,0.00,1194723437.29,1282806765.36,0.00,0.00,1039043714.84,0.00,0.00,0.00,1.0000,1.0000,0,0,0,0,0,0,0,0
1130.00,0.00,0.00,0.00,0.00,0.00,0.00,0.00,0.00,1194723437.29,1282806765.36,0.00,0.00,1039043714.84,0.00,0.00,0.00,1.0000,1.0000,0,0,0,0,0,0,0,0
1132.00,0.00,0.00,0.00,0.00,0.00,0.00,0.00,0.00,1194723437.29,1282806765.36,0.00,0.00,1039043714.84,0.00,0.00,0.00,1.0000,1.0000,0,0,0,0,0,0,0,0
1134.00,0.00,0.00,0.00,0.00,0.00,0.00,0.00,0.00,1194723437.29,1282806765.36,0.00,0.00,1039043714.84,0.00,0.00,0.00,1.0000,1.0000,0,0,0,0,0,0,0,0
1136.00,0.00,0.00,0.00,0.00,0.00,0.00,0.00,0.00,1194723437.29,1282806765.36,0.00,0.00,1039043714.84,0.00,0.00,0.00,1.0000,1.0000,0,0,0,0,0,0,0,0
1138.00,0.00,0.00,0.00,0.00,0.00,0.00,0.00,0.00,1194723437.29,1282806765.36,0.00,0.00,1039043714.84,0.00,0.00,0.00,1.0000,1.0000,0,0,0,0,0,0,0,0
1140.00,0.00,0.00,0.00,0.00,0.00,0.00,0.00,0.00,1194723437.29,1282806765.36,0.00,0.00,1039043714.84,0.00,0.00,0.00,1.0000,1.0000,0,0,0,0,0,0,0,0
1142.00,0.00,0.00,0.00,0.00,0.00,0.00,0.00,0.00,1194723437.29,1282806765.36,0.00,0.00,1039043714.84,0.00,0.00,0.00,1.0000,1.0000,0,0,0,0,0,0,0,0
1144.00,0.00,0.00,0.00,0.00,0.00,0.00,0.00,0.00,1194723437.29,1282806765.36,0.00,0.00,1039043714.84,0.00,0.00,0.00,1.0000,1.0000,0,0,0,0,0,0,0,0
1146.00,0.00,0.00,0.00,0.00,0.00,0.00,0.00,0.00,1194723437.29,1282806765.36,0.00,0.00,1039043714.84,0.00,0.00,0.00,1.0000,1.0000,0,0,0,0,0,0,0,0
1148.00,0.00,0.00,0.00,0.00,0.00,0.00,0.00,0.00,1194723437.29,1282806765.36,0.00,0.00,1039043714.84,0.00,0.00,0.00,1.0000,1.0000,0,0,0,0,0,0,0,0
1150.00,0.00,0.00,0.00,0.00,0.00,0.00,0.00,0.00,1194723437.29,1282806765.36,0.00,0.00,1039043714.84,0.00,0.00,0.00,1.0000,1.0000,0,0,0,0,0,0,0,0
1152.00,0.00,0.00,0.00,0.00,0.00,0.00,0.00,0.00,1194723437.29,1282806765.36,0.00,0.00,1039043714.84,0.00,0.00,0.00,1.0000,1.0000,0,0,0,0,0,0,0,0
1154.00,0.00,0.00,0.00,0.00,0.00,0.00,0.00,0.00,1194723437.29,1282806765.36,0.00,0.00,1039043714.84,0.00,0.00,0.00,1.0000,1.0000,0,0,0,0,0,0,0,0
1156.00,0.00,0.00,0.00,0.00,0.00,0.00,0.00,0.00,1194723437.29,1282806765.36,0.00,0.00,1039043714.84,0.00,0.00,0.00,1.0000,1.0000,0,0,0,0,0,0,0,0
1158.00,0.00,0.00,0.00,0.00,0.00,0.00,0.00,0.00,1194723437.29,1282806765.36,0.00,0.00,1039043714.84,0.00,0.00,0.00,1.0000,1.0000,0,0,0,0,0,0,0,0
1160.00,0.00,0.00,0.00,0.00,0.00,0.00,0.00,0.00,1194723437.29,1282806765.36,0.00,0.00,1039043714.84,0.00,0.00,0.00,1.0000,1.0000,0,0,0,0,0,0,0,0
1162.00,0.00,0.00,0.00,0.00,0.00,0.00,0.00,0.00,1194723437.29,1282806765.36,0.00,0.00,1039043714.84,0.00,0.00,0.00,1.0000,1.0000,0,0,0,0,0,0,0,0
1164.00,0.00,0.00,0.00,0.00,0.00,0.00,0.00,0.00,1194723437.29,1282806765.36,0.00,0.00,1039043714.84,0.00,0.00,0.00,1.0000,1.0000,0,0,0,0,0,0,0,0
1166.00,0.00,0.00,0.00,0.00,0.00,0.00,0.00,0.00,1194723437.29,1282806765.36,0.00,0.00,1039043714.84,0.00,0.00,0.00,1.0000,1.0000,0,0,0,0,0,0,0,0
1168.00,0.00,0.00,0.00,0.00,0.00,0.00,0.00,0.00,1194723437.29,1282806765.36,0.00,0.00,1039043714.84,0.00,0.00,0.00,1.0000,1.0000,0,0,0,0,0,0,0,0
1170.00,0.00,0.00,0.00,0.00,0.00,0.00,0.00,0.00,1194723437.29,1282806765.36,0.00,0.00,1039043714.84,0.00,0.00,0.00,1.0000,1.0000,0,0,0,0,0,0,0,0
1172.00,0.00,0.00,0.00,0.00,0.00,0.00,0.00,0.00,1194723437.29,1282806765.36,0.00,0.00,1039043714.84,0.00,0.00,0.00,1.0000,1.0000,0,0,0,0,0,0,0,0
1174.00,0.00,0.00,0.00,0.00,0.00,0.00,0.00,0.00,1194723437.29,1282806765.36,0.00,0.00,1039043714.84,0.00,0.00,0.00,1.0000,1.0000,0,0,0,0,0,0,0,0
1176.00,0.00,0.00,0.00,0.00,0.00,0.00,0.00,0.00,1194723437.29,1282806765.36,0.00,0.00,1039043714.84,0.00,0.00,0.00,1.0000,1.0000,0,0,0,0,0,0,0,0
1178.00,0.00,0.00,0.00,0.00,0.00,0.00,0.00,0.00,1194723437.29,1282806765.36,0.00,0.00,1039043714.84,0.00,0.00,0.00,1.0000,1.0000,0,0,0,0,0,0,0,0
1180.00,0.00,0.00,0.00,0.00,0.00,0.00,0.00,0.00,1194723437.29,1282806765.36,0.00,0.00,1039043714.84,0.00,0.00,0.00,1.0000,1.0000,0,0,0,0,0,0,0,0
1182.00,0.00,0.00,0.00,0.00,0.00,0.00,0.00,0.00,1194723437.29,1282806765.36,0.00,0.00,1039043714.84,0.00,0.00,0.00,1.0000,1.0000,0,0,0,0,0,0,0,0
1184.00,0.00,0.00,0.00,0.00,0.00,0.00,0.00,0.00,1194723437.29,1282806765.36,0.00,0.00,1039043714.84,0.00,0.00,0.00,1.0000,1.0000,0,0,0,0,0,0,0,0
1186.00,0.00,0.00,0.00,0.00,0.00,0.00,0.00,0.00,1194723437.29,1282806765.36,0.00,0.00,1039043714.84,0.00,0.00,0.00,1.0000,1.0000,0,0,0,0,0,0,0,0
1188.00,0.00,0.00,0.00,0.00,0.00,0.00,0.00,0.00,1194723437.29,1282806765.36,0.00,0.00,1039043714.84,0.00,0.00,0.00,1.0000,1.0000,0,0,0,0,0,0,0,0
1190.00,0.00,0.00,0.00,0.00,0.00,0.00,0.00,0.00,1194723437.29,1282806765.36,0.00,0.00,1039043714.84,0.00,0.00,0.00,1.0000,1.0000,0,0,0,0,0,0,0,0
1192.00,0.00,0.00,0.00,0.00,0.00,0.00,0.00,0.00,1194723437.29,1282806765.36,0.00,0.00,1039043714.84,0.00,0.00,0.00,1.0000,1.0000,0,0,0,0,0,0,0,0
1194.00,0.00,0.00,0.00,0.00,0.00,0.00,0.00,0.00,1194723437.29,1282806765.36,0.00,0.00,1039043714.84,0.00,0.00,0.00,1.0000,1.0000,0,0,0,0,0,0,0,0
1196.00,0.00,0.00,0.00,0.00,0.00,0.00,0.00,0.00,1194723437.29,1282806765.36,0.00,0.00,1039043714.84,0.00,0.00,0.00,1.0000,1.0000,0,0,0,0,0,0,0,0
1198.00,0.00,0.00,0.00,0.00,0.00,0.00,0.00,0.00,1194723437.29,1282806765.36,0.00,0.00,1039043714.84,0.00,0.00,0.00,1.0000,1.0000,0,0,0,0,0,0,0,0
1200.00,0.00,0.00,0.00,0.00,0.00,0.00,0.00,0.00,1194723437.29,1282806765.36,0.00,0.00,1039043714.84,0.00,0.00,0.00,1.0000,1.0000,0,0,0,0,0,0,0,0
1202.00,0.00,0.00,0.00,0.00,0.00,0.00,0.00,0.00,1194723437.29,1282806765.36,0.00,0.00,1039043714.84,0.00,0.00,0.00,1.0000,1.0000,0,0,0,0,0,0,0,0
1204.00,0.00,0.00,0.00,0.00,0.00,0.00,0.00,0.00,1194723437.29,1282806765.36,0.00,0.00,1039043714.84,0.00,0.00,0.00,1.0000,1.0000,0,0,0,0,0,0,0,0
1206.00,0.00,0.00,0.00,0.00,0.00,0.00,0.00,0.00,1194723437.29,1282806765.36,0.00,0.00,1039043714.84,0.00,0.00,0.00,1.0000,1.0000,0,0,0,0,0,0,0,0
1208.00,0.00,0.00,0.00,0.00,0.00,0.00,0.00,0.00,1194723437.29,1282806765.36,0.00,0.00,1039043714.84,0.00,0.00,0.00,1.0000,1.0000,0,0,0,0,0,0,0,0
1210.00,0.00,0.00,0.00,0.00,0.00,0.00,0.00,0.00,1194723437.29,1282806765.36,0.00,0.00,1039043714.84,0.00,0.00,0.00,1.0000,1.0000,0,0,0,0,0,0,0,0
1212.00,0.00,0.00,0.00,0.00,0.00,0.00,0.00,0.00,1194723437.29,1282806765.36,0.00,0.00,1039043714.84,0.00,0.00,0.00,1.0000,1.0000,0,0,0,0,0,0,0,0
1214.00,0.00,0.00,0.00,0.00,0.00,0.00,0.00,0.00,1194723437.29,1282806765.36,0.00,0.00,1039043714.84,0.00,0.00,0.00,1.0000,1.0000,0,0,0,0,0,0,0,0
1216.00,0.00,0.00,0.00,0.00,0.00,0.00,0.00,0.00,1194723437.29,1282806765.36,0.00,0.00,1039043714.84,0.00,0.00,0.00,1.0000,1.0000,0,0,0,0,0,0,0,0
1218.00,0.00,0.00,0.00,0.00,0.00,0.00,0.00,0.00,1194723437.29,1282806765.36,0.00,0.00,1039043714.84,0.00,0.00,0.00,1.0000,1.0000,0,0,0,0,0,0,0,0
1220.00,0.00,0.00,0.00,0.00,0.00,0.00,0.00,0.00,1194723437.29,1282806765.36,0.00,0.00,1039043714.84,0.00,0.00,0.00,1.0000,1.0000,0,0,0,0,0,0,0,0
1222.00,0.00,0.00,0.00,0.00,0.00,0.00,0.00,0.00,1194723437.29,1282806765.36,0.00,0.00,1039043714.84,0.00,0.00,0.00,1.0000,1.0000,0,0,0,0,0,0,0,0
1224.00,0.00,0.00,0.00,0.00,0.00,0.00,0.00,0.00,1194723437.29,1282806765.36,0.00,0.00,1039043714.84,0.00,0.00,0.00,1.0000,1.0000,0,0,0,0,0,0,0,0
1226.00,0.00,0.00,0.00,0.00,0.00,0.00,0.00,0.00,1194723437.29,1282806765.36,0.00,0.00,1039043714.84,0.00,0.00,0.00,1.0000,1.0000,0,0,0,0,0,0,0,0
1228.00,0.00,0.00,0.00,0.00,0.00,0.00,0.00,0.00,1194723437.29,1282806765.36,0.00,0.00,1039043714.84,0.00,0.00,0.00,1.0000,1.0000,0,0,0,0,0,0,0,0
1230.00,0.00,0.00,0.00,0.00,0.00,0.00,0.00,0.00,1194723437.29,1282806765.36,0.00,0.00,1039043714.84,0.00,0.00,0.00,1.0000,1.0000,0,0,0,0,0,0,0,0
1232.00,0.00,0.00,0.00,0.00,0.00,0.00,0.00,0.00,1194723437.29,1282806765.36,0.00,0.00,1039043714.84,0.00,0.00,0.00,1.0000,1.0000,0,0,0,0,0,0,0,0
1234.00,0.00,0.00,0.00,0.00,0.00,0.00,0.00,0.00,1194723437.29,1282806765.36,0.00,0.00,1039043714.84,0.00,0.00,0.00,1.0000,1.0000,0,0,0,0,0,0,0,0
1236.00,0.00,0.00,0.00,0.00,0.00,0.00,0.00,0.00,1194723437.29,1282806765.36,0.00,0.00,1039043714.84,0.00,0.00,0.00,1.0000,1.0000,0,0,0,0,0,0,0,0
1238.00,0.00,0.00,0.00,0.00,0.00,0.00,0.00,0.00,1194723437.29,1282806765.36,0.00,0.00,1039043714.84,0.00,0.00,0.00,1.0000,1.0000,0,0,0,0,0,0,0,0
1240.00,0.00,0.00,0.00,0.00,0.00,0.00,0.00,0.00,1194723437.29,1282806765.36,0.00,0.00,1039043714.84,0.00,0.00,0.00,1.0000,1.0000,0,0,0,0,0,0,0,0
1242.00,0.00,0.00,0.00,0.00,0.00,0.00,0.00,0.00,1194723437.29,1282806765.36,0.00,0.00,1039043714.84,0.00,0.00,0.00,1.0000,1.0000,0,0,0,0,0,0,0,0
1244.00,0.00,0.00,0.00,0.00,0.00,0.00,0.00,0.00,1194723437.29,1282806765.36,0.00,0.00,1039043714.84,0.00,0.00,0.00,1.0000,1.0000,0,0,0,0,0,0,0,0
1246.00,0.00,0.00,0.00,0.00,0.00,0.00,0.00,0.00,1194723437.29,1282806765.36,0.00,0.00,1039043714.84,0.00,0.00,0.00,1.0000,1.0000,0,0,0,0,0,0,0,0
1248.00,0.00,0.00,0.00,0.00,0.00,0.00,0.00,0.00,1194723437.29,1282806765.36,0.00,0.00,1039043714.84,0.00,0.00,0.00,1.0000,1.0000,0,0,0,0,0,0,0,0
1250.00,0.00,0.00,0.00,0.00,0.00,0.00,0.00,0.00,1194723437.29,1282806765.36,0.00,0.00,1039043714.84,0.00,0.00,0.00,1.0000,1.0000,0,0,0,0,0,0,0,0
1252.00,0.00,0.00,0.00,0.00,0.00,0.00,0.00,0.00,1194723437.29,1282806765.36,0.00,0.00,1039043714.84,0.00,0.00,0.00,1.0000,1.0000,0,0,0,0,0,0,0,0
1254.00,0.00,0.00,0.00,0.00,0.00,0.00,0.00,0.00,1194723437.29,1282806765.36,0.00,0.00,1039043714.84,0.00,0.00,0.00,1.0000,1.0000,0,0,0,0,0,0,0,0
1256.00,0.00,0.00,0.00,0.00,0.00,0.00,0.00,0.00,1194723437.29,1282806765.36,0.00,0.00,1039043714.84,0.00,0.00,0.00,1.0000,1.0000,0,0,0,0,0,0,0,0
1258.00,0.00,0.00,0.00,0.00,0.00,0.00,0.00,0.00,1194723437.29,1282806765.36,0.00,0.00,1039043714.84,0.00,0.00,0.00,1.0000,1.0000,0,0,0,0,0,0,0,0
1260.00,0.00,0.00,0.00,0.00,0.00,0.00,0.00,0.00,1194723437.29,1282806765.36,0.00,0.00,1039043714.84,0.00,0.00,0.00,1.0000,1.0000,0,0,0,0,0,0,0,0
1262.00,0.00,0.00,0.00,0.00,0.00,0.00,0.00,0.00,1194723437.29,1282806765.36,0.00,0.00,1039043714.84,0.00,0.00,0.00,1.0000,1.0000,0,0,0,0,0,0,0,0
1264.00,0.00,0.00,0.00,0.00,0.00,0.00,0.00,0.00,1194723437.29,1282806765.36,0.00,0.00,1039043714.84,0.00,0.00,0.00,1.0000,1.0000,0,0,0,0,0,0,0,0
1266.00,0.00,0.00,0.00,0.00,0.00,0.00,0.00,0.00,1194723437.29,1282806765.36,0.00,0.00,1039043714.84,0.00,0.00,0.00,1.0000,1.0000,0,0,0,0,0,0,0,0
1268.00,0.00,0.00,0.00,0.00,0.00,0.00,0.00,0.00,1194723437.29,1282806765.36,0.00,0.00,1039043714.84,0.00,0.00,0.00,1.0000,1.0000,0,0,0,0,0,0,0,0
1270.00,0.00,0.00,0.00,0.00,0.00,0.00,0.00,0.00,1194723437.29,1282806765.36,0.00,0.00,1039043714.84,0.00,0.00,0.00,1.0000,1.0000,0,0,0,0,0,0,0,0
1272.00,0.00,0.00,0.00,0.00,0.00,0.00,0.00,0.00,1194723437.29,1282806765.36,0.00,0.00,1039043714.84,0.00,0.00,0.00,1.0000,1.0000,0,0,0,0,0,0,0,0
1274.00,0.00,0.00,0.00,0.00,0.00,0.00,0.00,0.00,1194723437.29,1282806765.36,0.00,0.00,1039043714.84,0.00,0.00,0.00,1.0000,1.0000,0,0,0,0,0,0,0,0
1276.00,0.00,0.00,0.00,0.00,0.00,0.00,0.00,0.00,1194723437.29,1282806765.36,0.00,0.00,1039043714.84,0.00,0.00,0.00,1.0000,1.0000,0,0,0,0,0,0,0,0
1278.00,0.00,0.00,0.00,0.00,0.00,0.00,0.00,0.00,1194723437.29,1282806765.36,0.00,0.00,1039043714.84,0.00,0.00,0.00,1.0000,1.0000,0,0,0,0,0,0,0,0
1280.00,0.00,0.00,0.00,0.00,0.00,0.00,0.00,0.00,1194723437.29,1282806765.36,0.00,0.00,1039043714.84,0.00,0.00,0.00,1.0000,1.0000,0,0,0,0,0,0,0,0
1282.00,0.00,0.00,0.00,0.00,0.00,0.00,0.00,0.00,1194723437.29,1282806765.36,0.00,0.00,1039043714.84,0.00,0.00,0.00,1.0000,1.0000,0,0,0,0,0,0,0,0
1284.00,0.00,0.00,0.00,0.00,0.00,0.00,0.00,0.00,1194723437.29,1282806765.36,0.00,0.00,1039043714.84,0.00,0.00,0.00,1.0000,1.0000,0,0,0,0,0,0,0,0
1286.00,0.00,0.00,0.00,0.00,0.00,0.00,0.00,0.00,1194723437.29,1282806765.36,0.00,0.00,1039043714.84,0.00,0.00,0.00,1.0000,1.0000,0,0,0,0,0,0,0,0
1288.00,0.00,0.00,0.00,0.00,0.00,0.00,0.00,0.00,1194723437.29,1282806765.36,0.00,0.00,1039043714.84,0.00,0.00,0.00,1.0000,1.0000,0,0,0,0,0,0,0,0
1290.00,0.00,0.00,0.00,0.00,0.00,0.00,0.00,0.00,1194723437.29,1282806765.36,0.00,0.00,1039043714.84,0.00,0.00,0.00,1.0000,1.0000,0,0,0,0,0,0,0,0
1292.00,0.00,0.00,0.00,0.00,0.00,0.00,0.00,0.00,1194723437.29,1282806765.36,0.00,0.00,1039043714.84,0.00,0.00,0.00,1.0000,1.0000,0,0,0,0,0,0,0,0
1294.00,0.00,0.00,0.00,0.00,0.00,0.00,0.00,0.00,1194723437.29,1282806765.36,0.00,0.00,1039043714.84,0.00,0.00,0.00,1.0000,1.0000,0,0,0,0,0,0,0,0
1296.00,0.00,0.00,0.00,0.00,0.00,0.00,0.00,0.00,1194723437.29,1282806765.36,0.00,0.00,1039043714.84,0.00,0.00,0.00,1.0000,1.0000,0,0,0,0,0,0,0,0
1298.00,0.00,0.00,0.00,0.00,0.00,0.00,0.00,0.00,1194723437.29,1282806765.36,0.00,0.00,1039043714.84,0.00,0.00,0.00,1.0000,1.0000,0,0,0,0,0,0,0,0
1300.00,0.00,0.00,0.00,0.00,0.00,0.00,0.00,0.00,1194723437.29,1282806765.36,0.00,0.00,1039043714.84,0.00,0.00,0.00,1.0000,1.0000,0,0,0,0,0,0,0,0
1302.00,0.00,0.00,0.00,0.00,0.00,0.00,0.00,0.00,1194723437.29,1282806765.36,0.00,0.00,1039043714.84,0.00,0.00,0.00,1.0000,1.0000,0,0,0,0,0,0,0,0
1304.00,0.00,0.00,0.00,0.00,0.00,0.00,0.00,0.00,1194723437.29,1282806765.36,0.00,0.00,1039043714.84,0.00,0.00,0.00,1.0000,1.0000,0,0,0,0,0,0,0,0
1306.00,0.00,0.00,0.00,0.00,0.00,0.00,0.00,0.00,1194723437.29,1282806765.36,0.00,0.00,1039043714.84,0.00,0.00,0.00,1.0000,1.0000,0,0,0,0,0,0,0,0
1308.00,0.00,0.00,0.00,0.00,0.00,0.00,0.00,0.00,1194723437.29,1282806765.36,0.00,0.00,1039043714.84,0.00,0.00,0.00,1.0000,1.0000,0,0,0,0,0,0,0,0
1310.00,0.00,0.00,0.00,0.00,0.00,0.00,0.00,0.00,1194723437.29,1282806765.36,0.00,0.00,1039043714.84,0.00,0.00,0.00,1.0000,1.0000,0,0,0,0,0,0,0,0
1312.00,0.00,0.00,0.00,0.00,0.00,0.00,0.00,0.00,1194723437.29,1282806765.36,0.00,0.00,1039043714.84,0.00,0.00,0.00,1.0000,1.0000,0,0,0,0,0,0,0,0
1314.00,0.00,0.00,0.00,0.00,0.00,0.00,0.00,0.00,1194723437.29,1282806765.36,0.00,0.00,1039043714.84,0.00,0.00,0.00,1.0000,1.0000,0,0,0,0,0,0,0,0
1316.00,0.00,0.00,0.00,0.00,0.00,0.00,0.00,0.00,1194723437.29,1282806765.36,0.00,0.00,1039043714.84,0.00,0.00,0.00,1.0000,1.0000,0,0,0,0,0,0,0,0
1318.00,0.00,0.00,0.00,0.00,0.00,0.00,0.00,0.00,1194723437.29,1282806765.36,0.00,0.00,1039043714.84,0.00,0.00,0.00,1.0000,1.0000,0,0,0,0,0,0,0,0
1320.00,0.00,0.00,0.00,0.00,0.00,0.00,0.00,0.00,1194723437.29,1282806765.36,0.00,0.00,1039043714.84,0.00,0.00,0.00,1.0000,1.0000,0,0,0,0,0,0,0,0
1322.00,0.00,0.00,0.00,0.00,0.00,0.00,0.00,0.00,1194723437.29,1282806765.36,0.00,0.00,1039043714.84,0.00,0.00,0.00,1.0000,1.0000,0,0,0,0,0,0,0,0
1324.00,0.00,0.00,0.00,0.00,0.00,0.00,0.00,0.00,1194723437.29,1282806765.36,0.00,0.00,1039043714.84,0.00,0.00,0.00,1.0000,1.0000,0,0,0,0,0,0,0,0
1326.00,0.00,0.00,0.00,0.00,0.00,0.00,0.00,0.00,1194723437.29,1282806765.36,0.00,0.00,1039043714.84,0.00,0.00,0.00,1.0000,1.0000,0,0,0,0,0,0,0,0
1328.00,0.00,0.00,0.00,0.00,0.00,0.00,0.00,0.00,1194723437.29,1282806765.36,0.00,0.00,1039043714.84,0.00,0.00,0.00,1.0000,1.0000,0,0,0,0,0,0,0,0
1330.00,0.00,0.00,0.00,0.00,0.00,0.00,0.00,0.00,1194723437.29,1282806765.36,0.00,0.00,1039043714.84,0.00,0.00,0.00,1.0000,1.0000,0,0,0,0,0,0,0,0
1332.00,0.00,0.00,0.00,0.00,0.00,0.00,0.00,0.00,1194723437.29,1282806765.36,0.00,0.00,1039043714.84,0.00,0.00,0.00,1.0000,1.0000,0,0,0,0,0,0,0,0
1334.00,0.00,0.00,0.00,0.00,0.00,0.00,0.00,0.00,1194723437.29,1282806765.36,0.00,0.00,1039043714.84,0.00,0.00,0.00,1.0000,1.0000,0,0,0,0,0,0,0,0
1336.00,0.00,0.00,0.00,0.00,0.00,0.00,0.00,0.00,1194723437.29,1282806765.36,0.00,0.00,1039043714.84,0.00,0.00,0.00,1.0000,1.0000,0,0,0,0,0,0,0,0
1338.00,0.00,0.00,0.00,0.00,0.00,0.00,0.00,0.00,1194723437.29,1282806765.36,0.00,0.00,1039043714.84,0.00,0.00,0.00,1.0000,1.0000,0,0,0,0,0,0,0,0
1340.00,0.00,0.00,0.00,0.00,0.00,0.00,0.00,0.00,1194723437.29,1282806765.36,0.00,0.00,1039043714.84,0.00,0.00,0.00,1.0000,1.0000,0,0,0,0,0,0,0,0
1342.00,0.00,0.00,0.00,0.00,0.00,0.00,0.00,0.00,1194723437.29,1282806765.36,0.00,0.00,1039043714.84,0.00,0.00,0.00,1.0000,1.0000,0,0,0,0,0,0,0,0
1344.00,0.00,0.00,0.00,0.00,0.00,0.00,0.00,0.00,1194723437.29,1282806765.36,0.00,0.00,1039043714.84,0.00,0.00,0.00,1.0000,1.0000,0,0,0,0,0,0,0,0
1346.00,0.00,0.00,0.00,0.00,0.00,0.00,0.00,0.00,1194723437.29,1282806765.36,0.00,0.00,1039043714.84,0.00,0.00,0.00,1.0000,1.0000,0,0,0,0,0,0,0,0
1348.00,0.00,0.00,0.00,0.00,0.00,0.00,0.00,0.00,1194723437.29,1282806765.36,0.00,0.00,1039043714.84,0.00,0.00,0.00,1.0000,1.0000,0,0,0,0,0,0,0,0
1350.00,0.00,0.00,0.00,0.00,0.00,0.00,0.00,0.00,1194723437.29,1282806765.36,0.00,0.00,1039043714.84,0.00,0.00,0.00,1.0000,1.0000,0,0,0,0,0,0,0,0
1352.00,0.00,0.00,0.00,0.00,0.00,0.00,0.00,0.00,1194723437.29,1282806765.36,0.00,0.00,1039043714.84,0.00,0.00,0.00,1.0000,1.0000,0,0,0,0,0,0,0,0
1354.00,0.00,0.00,0.00,0.00,0.00,0.00,0.00,0.00,1194723437.29,1282806765.36,0.00,0.00,1039043714.84,0.00,0.00,0.00,1.0000,1.0000,0,0,0,0,0,0,0,0
1356.00,0.00,0.00,0.00,0.00,0.00,0.00,0.00,0.00,1194723437.29,1282806765.36,0.00,0.00,1039043714.84,0.00,0.00,0.00,1.0000,1.0000,0,0,0,0,0,0,0,0
1358.00,0.00,0.00,0.00,0.00,0.00,0.00,0.00,0.00,1194723437.29,1282806765.36,0.00,0.00,1039043714.84,0.00,0.00,0.00,1.0000,1.0000,0,0,0,0,0,0,0,0
1360.00,0.00,0.00,0.00,0.00,0.00,0.00,0.00,0.00,1194723437.29,1282806765.36,0.00,0.00,1039043714.84,0.00,0.00,0.00,1.0000,1.0000,0,0,0,0,0,0,0,0
1362.00,0.00,0.00,0.00,0.00,0.00,0.00,0.00,0.00,1194723437.29,1282806765.36,0.00,0.00,1039043714.84,0.00,0.00,0.00,1.0000,1.0000,0,0,0,0,0,0,0,0
1364.00,0.00,0.00,0.00,0.00,0.00,0.00,0.00,0.00,1194723437.29,1282806765.36,0.00,0.00,1039043714.84,0.00,0.00,0.00,1.0000,1.0000,0,0,0,0,0,0,0,0
1366.00,0.00,0.00,0.00,0.00,0.00,0.00,0.00,0.00,1194723437.29,1282806765.36,0.00,0.00,1039043714.84,0.00,0.00,0.00,1.0000,1.0000,0,0,0,0,0,0,0,0
1368.00,0.00,0.00,0.00,0.00,0.00,0.00,0.00,0.00,1194723437.29,1282806765.36,0.00,0.00,1039043714.84,0.00,0.00,0.00,1.0000,1.0000,0,0,0,0,0,0,0,0
1370.00,0.00,0.00,0.00,0.00,0.00,0.00,0.00,0.00,1194723437.29,1282806765.36,0.00,0.00,1039043714.84,0.00,0.00,0.00,1.0000,1.0000,0,0,0,0,0,0,0,0
1372.00,0.00,0.00,0.00,0.00,0.00,0.00,0.00,0.00,1194723437.29,1282806765.36,0.00,0.00,1039043714.84,0.00,0.00,0.00,1.0000,1.0000,0,0,0,0,0,0,0,0
1374.00,0.00,0.00,0.00,0.00,0.00,0.00,0.00,0.00,1194723437.29,1282806765.36,0.00,0.00,1039043714.84,0.00,0.00,0.00,1.0000,1.0000,0,0,0,0,0,0,0,0
1376.00,0.00,0.00,0.00,0.00,0.00,0.00,0.00,0.00,1194723437.29,1282806765.36,0.00,0.00,1039043714.84,0.00,0.00,0.00,1.0000,1.0000,0,0,0,0,0,0,0,0
1378.00,0.00,0.00,0.00,0.00,0.00,0.00,0.00,0.00,1194723437.29,1282806765.36,0.00,0.00,1039043714.84,0.00,0.00,0.00,1.0000,1.0000,0,0,0,0,0,0,0,0
1380.00,0.00,0.00,0.00,0.00,0.00,0.00,0.00,0.00,1194723437.29,1282806765.36,0.00,0.00,1039043714.84,0.00,0.00,0.00,1.0000,1.0000,0,0,0,0,0,0,0,0
1382.00,0.00,0.00,0.00,0.00,0.00,0.00,0.00,0.00,1194723437.29,1282806765.36,0.00,0.00,1039043714.84,0.00,0.00,0.00,1.0000,1.0000,0,0,0,0,0,0,0,0
1384.00,0.00,0.00,0.00,0.00,0.00,0.00,0.00,0.00,1194723437.29,1282806765.36,0.00,0.00,1039043714.84,0.00,0.00,0.00,1.0000,1.0000,0,0,0,0,0,0,0,0
1386.00,0.00,0.00,0.00,0.00,0.00,0.00,0.00,0.00,1194723437.29,1282806765.36,0.00,0.00,1039043714.84,0.00,0.00,0.00,1.0000,1.0000,0,0,0,0,0,0,0,0
1388.00,0.00,0.00,0.00,0.00,0.00,0.00,0.00,0.00,1194723437.29,1282806765.36,0.00,0.00,1039043714.84,0.00,0.00,0.00,1.0000,1.0000,0,0,0,0,0,0,0,0
1390.00,0.00,0.00,0.00,0.00,0.00,0.00,0.00,0.00,1194723437.29,1282806765.36,0.00,0.00,1039043714.84,0.00,0.00,0.00,1.0000,1.0000,0,0,0,0,0,0,0,0
1392.00,0.00,0.00,0.00,0.00,0.00,0.00,0.00,0.00,1194723437.29,1282806765.36,0.00,0.00,1039043714.84,0.00,0.00,0.00,1.0000,1.0000,0,0,0,0,0,0,0,0
1394.00,0.00,0.00,0.00,0.00,0.00,0.00,0.00,0.00,1194723437.29,1282806765.36,0.00,0.00,1039043714.84,0.00,0.00,0.00,1.0000,1.0000,0,0,0,0,0,0,0,0
1396.00,0.00,0.00,0.00,0.00,0.00,0.00,0.00,0.00,1194723437.29,1282806765.36,0.00,0.00,1039043714.84,0.00,0.00,0.00,1.0000,1.0000,0,0,0,0,0,0,0,0
1398.00,0.00,0.00,0.00,0.00,0.00,0.00,0.00,0.00,1194723437.29,1282806765.36,0.00,0.00,1039043714.84,0.00,0.00,0.00,1.0000,1.0000,0,0,0,0,0,0,0,0
1400.00,0.00,0.00,0.00,0.00,0.00,0.00,0.00,0.00,1194723437.29,1282806765.36,0.00,0.00,1039043714.84,0.00,0.00,0.00,1.0000,1.0000,0,0,0,0,0,0,0,0
1402.00,0.00,0.00,0.00,0.00,0.00,0.00,0.00,0.00,1194723437.29,1282806765.36,0.00,0.00,1039043714.84,0.00,0.00,0.00,1.0000,1.0000,0,0,0,0,0,0,0,0
1404.00,0.00,0.00,0.00,0.00,0.00,0.00,0.00,0.00,1194723437.29,1282806765.36,0.00,0.00,1039043714.84,0.00,0.00,0.00,1.0000,1.0000,0,0,0,0,0,0,0,0
1406.00,0.00,0.00,0.00,0.00,0.00,0.00,0.00,0.00,1194723437.29,1282806765.36,0.00,0.00,1039043714.84,0.00,0.00,0.00,1.0000,1.0000,0,0,0,0,0,0,0,0
1408.00,0.00,0.00,0.00,0.00,0.00,0.00,0.00,0.00,1194723437.29,1282806765.36,0.00,0.00,1039043714.84,0.00,0.00,0.00,1.0000,1.0000,0,0,0,0,0,0,0,0
1410.00,0.00,0.00,0.00,0.00,0.00,0.00,0.00,0.00,1194723437.29,1282806765.36,0.00,0.00,1039043714.84,0.00,0.00,0.00,1.0000,1.0000,0,0,0,0,0,0,0,0
1412.00,0.00,0.00,0.00,0.00,0.00,0.00,0.00,0.00,1194723437.29,1282806765.36,0.00,0.00,1039043714.84,0.00,0.00,0.00,1.0000,1.0000,0,0,0,0,0,0,0,0
1414.00,0.00,0.00,0.00,0.00,0.00,0.00,0.00,0.00,1194723437.29,1282806765.36,0.00,0.00,1039043714.84,0.00,0.00,0.00,1.0000,1.0000,0,0,0,0,0,0,0,0
1416.00,0.00,0.00,0.00,0.00,0.00,0.00,0.00,0.00,1194723437.29,1282806765.36,0.00,0.00,1039043714.84,0.00,0.00,0.00,1.0000,1.0000,0,0,0,0,0,0,0,0
1418.00,0.00,0.00,0.00,0.00,0.00,0.00,0.00,0.00,1194723437.29,1282806765.36,0.00,0.00,1039043714.84,0.00,0.00,0.00,1.0000,1.0000,0,0,0,0,0,0,0,0
1420.00,0.00,0.00,0.00,0.00,0.00,0.00,0.00,0.00,1194723437.29,1282806765.36,0.00,0.00,1039043714.84,0.00,0.00,0.00,1.0000,1.0000,0,0,0,0,0,0,0,0
1422.00,0.00,0.00,0.00,0.00,0.00,0.00,0.00,0.00,1194723437.29,1282806765.36,0.00,0.00,1039043714.84,0.00,0.00,0.00,1.0000,1.0000,0,0,0,0,0,0,0,0
1424.00,0.00,0.00,0.00,0.00,0.00,0.00,0.00,0.00,1194723437.29,1282806765.36,0.00,0.00,1039043714.84,0.00,0.00,0.00,1.0000,1.0000,0,0,0,0,0,0,0,0
1426.00,0.00,0.00,0.00,0.00,0.00,0.00,0.00,0.00,1194723437.29,1282806765.36,0.00,0.00,1039043714.84,0.00,0.00,0.00,1.0000,1.0000,0,0,0,0,0,0,0,0
1428.00,0.00,0.00,0.00,0.00,0.00,0.00,0.00,0.00,1194723437.29,1282806765.36,0.00,0.00,1039043714.84,0.00,0.00,0.00,1.0000,1.0000,0,0,0,0,0,0,0,0
1430.00,0.00,0.00,0.00,0.00,0.00,0.00,0.00,0.00,1194723437.29,1282806765.36,0.00,0.00,1039043714.84,0.00,0.00,0.00,1.0000,1.0000,0,0,0,0,0,0,0,0
1432.00,0.00,0.00,0.00,0.00,0.00,0.00,0.00,0.00,1194723437.29,1282806765.36,0.00,0.00,1039043714.84,0.00,0.00,0.00,1.0000,1.0000,0,0,0,0,0,0,0,0
1434.00,0.00,0.00,0.00,0.00,0.00,0.00,0.00,0.00,1194723437.29,1282806765.36,0.00,0.00,1039043714.84,0.00,0.00,0.00,1.0000,1.0000,0,0,0,0,0,0,0,0
1436.00,0.00,0.00,0.00,0.00,0.00,0.00,0.00,0.00,1194723437.29,1282806765.36,0.00,0.00,1039043714.84,0.00,0.00,0.00,1.0000,1.0000,0,0,0,0,0,0,0,0
1438.00,0.00,0.00,0.00,0.00,0.00,0.00,0.00,0.00,1194723437.29,1282806765.36,0.00,0.00,1039043714.84,0.00,0.00,0.00,1.0000,1.0000,0,0,0,0,0,0,0,0
1440.00,0.00,0.00,0.00,0.00,0.00,0.00,0.00,0.00,1194723437.29,1282806765.36,0.00,0.00,1039043714.84,0.00,0.00,0.00,1.0000,1.0000,0,0,0,0,0,0,0,0
1442.00,0.00,0.00,0.00,0.00,0.00,0.00,0.00,0.00,1194723437.29,1282806765.36,0.00,0.00,1039043714.84,0.00,0.00,0.00,1.0000,1.0000,0,0,0,0,0,0,0,0
1444.00,0.00,0.00,0.00,0.00,0.00,0.00,0.00,0.00,1194723437.29,1282806765.36,0.00,0.00,1039043714.84,0.00,0.00,0.00,1.0000,1.0000,0,0,0,0,0,0,0,0
1446.00,0.00,0.00,0.00,0.00,0.00,0.00,0.00,0.00,1194723437.29,1282806765.36,0.00,0.00,1039043714.84,0.00,0.00,0.00,1.0000,1.0000,0,0,0,0,0,0,0,0
1448.00,0.00,0.00,0.00,0.00,0.00,0.00,0.00,0.00,1194723437.29,1282806765.36,0.00,0.00,1039043714.84,0.00,0.00,0.00,1.0000,1.0000,0,0,0,0,0,0,0,0
1450.00,0.00,0.00,0.00,0.00,0.00,0.00,0.00,0.00,1194723437.29,1282806765.36,0.00,0.00,1039043714.84,0.00,0.00,0.00,1.0000,1.0000,0,0,0,0,0,0,0,0
1452.00,0.00,0.00,0.00,0.00,0.00,0.00,0.00,0.00,1194723437.29,1282806765.36,0.00,0.00,1039043714.84,0.00,0.00,0.00,1.0000,1.0000,0,0,0,0,0,0,0,0
1454.00,0.00,0.00,0.00,0.00,0.00,0.00,0.00,0.00,1194723437.29,1282806765.36,0.00,0.00,1039043714.84,0.00,0.00,0.00,1.0000,1.0000,0,0,0,0,0,0,0,0
1456.00,0.00,0.00,0.00,0.00,0.00,0.00,0.00,0.00,1194723437.29,1282806765.36,0.00,0.00,1039043714.84,0.00,0.00,0.00,1.0000,1.0000,0,0,0,0,0,0,0,0
1458.00,0.00,0.00,0.00,0.00,0.00,0.00,0.00,0.00,1194723437.29,1282806765.36,0.00,0.00,1039043714.84,0.00,0.00,0.00,1.0000,1.0000,0,0,0,0,0,0,0,0
1460.00,0.00,0.00,0.00,0.00,0.00,0.00,0.00,0.00,1194723437.29,1282806765.36,0.00,0.00,1039043714.84,0.00,0.00,0.00,1.0000,1.0000,0,0,0,0,0,0,0,0
1462.00,0.00,0.00,0.00,0.00,0.00,0.00,0.00,0.00,1194723437.29,1282806765.36,0.00,0.00,1039043714.84,0.00,0.00,0.00,1.0000,1.0000,0,0,0,0,0,0,0,0
1464.00,0.00,0.00,0.00,0.00,0.00,0.00,0.00,0.00,1194723437.29,1282806765.36,0.00,0.00,1039043714.84,0.00,0.00,0.00,1.0000,1.0000,0,0,0,0,0,0,0,0
1466.00,0.00,0.00,0.00,0.00,0.00,0.00,0.00,0.00,1194723437.29,1282806765.36,0.00,0.00,1039043714.84,0.00,0.00,0.00,1.0000,1.0000,0,0,0,0,0,0,0,0
1468.00,0.00,0.00,0.00,0.00,0.00,0.00,0.00,0.00,1194723437.29,1282806765.36,0.00,0.00,1039043714.84,0.00,0.00,0.00,1.0000,1.0000,0,0,0,0,0,0,0,0
1470.00,0.00,0.00,0.00,0.00,0.00,0.00,0.00,0.00,1194723437.29,1282806765.36,0.00,0.00,1039043714.84,0.00,0.00,0.00,1.0000,1.0000,0,0,0,0,0,0,0,0
1472.00,0.00,0.00,0.00,0.00,0.00,0.00,0.00,0.00,1194723437.29,1282806765.36,0.00,0.00,1039043714.84,0.00,0.00,0.00,1.0000,1.0000,0,0,0,0,0,0,0,0
1474.00,0.00,0.00,0.00,0.00,0.00,0.00,0.00,0.00,1194723437.29,1282806765.36,0.00,0.00,1039043714.84,0.00,0.00,0.00,1.0000,1.0000,0,0,0,0,0,0,0,0
1476.00,0.00,0.00,0.00,0.00,0.00,0.00,0.00,0.00,1194723437.29,1282806765.36,0.00,0.00,1039043714.84,0.00,0.00,0.00,1.0000,1.0000,0,0,0,0,0,0,0,0
1478.00,0.00,0.00,0.00,0.00,0.00,0.00,0.00,0.00,1194723437.29,1282806765.36,0.00,0.00,1039043714.84,0.00,0.00,0.00,1.0000,1.0000,0,0,0,0,0,0,0,0
1480.00,0.00,0.00,0.00,0.00,0.00,0.00,0.00,0.00,1194723437.29,1282806765.36,0.00,0.00,1039043714.84,0.00,0.00,0.00,1.0000,1.0000,0,0,0,0,0,0,0,0
1482.00,0.00,0.00,0.00,0.00,0.00,0.00,0.00,0.00,1194723437.29,1282806765.36,0.00,0.00,1039043714.84,0.00,0.00,0.00,1.0000,1.0000,0,0,0,0,0,0,0,0
1484.00,0.00,0.00,0.00,0.00,0.00,0.00,0.00,0.00,1194723437.29,1282806765.36,0.00,0.00,1039043714.84,0.00,0.00,0.00,1.0000,1.0000,0,0,0,0,0,0,0,0
1486.00,0.00,0.00,0.00,0.00,0.00,0.00,0.00,0.00,1194723437.29,1282806765.36,0.00,0.00,1039043714.84,0.00,0.00,0.00,1.0000,1.0000,0,0,0,0,0,0,0,0
1488.00,0.00,0.00,0.00,0.00,0.00,0.00,0.00,0.00,1194723437.29,1282806765.36,0.00,0.00,1039043714.84,0.00,0.00,0.00,1.0000,1.0000,0,0,0,0,0,0,0,0
1490.00,0.00,0.00,0.00,0.00,0.00,0.00,0.00,0.00,1194723437.29,1282806765.36,0.00,0.00,1039043714.84,0.00,0.00,0.00,1.0000,1.0000,0,0,0,0,0,0,0,0
1492.00,0.00,0.00,0.00,0.00,0.00,0.00,0.00,0.00,1194723437.29,1282806765.36,0.00,0.00,1039043714.84,0.00,0.00,0.00,1.0000,1.0000,0,0,0,0,0,0,0,0
1494.00,0.00,0.00,0.00,0.00,0.00,0.00,0.00,0.00,1194723437.29,1282806765.36,0.00,0.00,1039043714.84,0.00,0.00,0.00,1.0000,1.0000,0,0,0,0,0,0,0,0
1496.00,0.00,0.00,0.00,0.00,0.00,0.00,0.00,0.00,1194723437.29,1282806765.36,0.00,0.00,1039043714.84,0.00,0.00,0.00,1.0000,1.0000,0,0,0,0,0,0,0,0
1498.00,0.00,0.00,0.00,0.00,0.00,0.00,0.00,0.00,1194723437.29,1282806765.36,0.00,0.00,1039043714.84,0.00,0.00,0.00,1.0000,1.0000,0,0,0,0,0,0,0,0
1500.00,0.00,0.00,0.00,0.00,0.00,0.00,0.00,0.00,1194723437.29,1282806765.36,0.00,0.00,1039043714.84,0.00,0.00,0.00,1.0000,1.0000,0,0,0,0,0,0,0,0
1502.00,0.00,0.00,0.00,0.00,0.00,0.00,0.00,0.00,1194723437.29,1282806765.36,0.00,0.00,1039043714.84,0.00,0.00,0.00,1.0000,1.0000,0,0,0,0,0,0,0,0
1504.00,0.00,0.00,0.00,0.00,0.00,0.00,0.00,0.00,1194723437.29,1282806765.36,0.00,0.00,1039043714.84,0.00,0.00,0.00,1.0000,1.0000,0,0,0,0,0,0,0,0
1506.00,0.00,0.00,0.00,0.00,0.00,0.00,0.00,0.00,1194723437.29,1282806765.36,0.00,0.00,1039043714.84,0.00,0.00,0.00,1.0000,1.0000,0,0,0,0,0,0,0,0
1508.00,0.00,0.00,0.00,0.00,0.00,0.00,0.00,0.00,1194723437.29,1282806765.36,0.00,0.00,1039043714.84,0.00,0.00,0.00,1.0000,1.0000,0,0,0,0,0,0,0,0
1510.00,0.00,0.00,0.00,0.00,0.00,0.00,0.00,0.00,1194723437.29,1282806765.36,0.00,0.00,1039043714.84,0.00,0.00,0.00,1.0000,1.0000,0,0,0,0,0,0,0,0
1512.00,0.00,0.00,0.00,0.00,0.00,0.00,0.00,0.00,1194723437.29,1282806765.36,0.00,0.00,1039043714.84,0.00,0.00,0.00,1.0000,1.0000,0,0,0,0,0,0,0,0
1514.00,0.00,0.00,0.00,0.00,0.00,0.00,0.00,0.00,1194723437.29,1282806765.36,0.00,0.00,1039043714.84,0.00,0.00,0.00,1.0000,1.0000,0,0,0,0,0,0,0,0
1516.00,0.00,0.00,0.00,0.00,0.00,0.00,0.00,0.00,1194723437.29,1282806765.36,0.00,0.00,1039043714.84,0.00,0.00,0.00,1.0000,1.0000,0,0,0,0,0,0,0,0
1518.00,0.00,0.00,0.00,0.00,0.00,0.00,0.00,0.00,1194723437.29,1282806765.36,0.00,0.00,1039043714.84,0.00,0.00,0.00,1.0000,1.0000,0,0,0,0,0,0,0,0
1520.00,0.00,0.00,0.00,0.00,0.00,0.00,0.00,0.00,1194723437.29,1282806765.36,0.00,0.00,1039043714.84,0.00,0.00,0.00,1.0000,1.0000,0,0,0,0,0,0,0,0
1522.00,0.00,0.00,0.00,0.00,0.00,0.00,0.00,0.00,1194723437.29,1282806765.36,0.00,0.00,1039043714.84,0.00,0.00,0.00,1.0000,1.0000,0,0,0,0,0,0,0,0
1524.00,0.00,0.00,0.00,0.00,0.00,0.00,0.00,0.00,1194723437.29,1282806765.36,0.00,0.00,1039043714.84,0.00,0.00,0.00,1.0000,1.0000,0,0,0,0,0,0,0,0
1526.00,0.00,0.00,0.00,0.00,0.00,0.00,0.00,0.00,1194723437.29,1282806765.36,0.00,0.00,1039043714.84,0.00,0.00,0.00,1.0000,1.0000,0,0,0,0,0,0,0,0
1528.00,0.00,0.00,0.00,0.00,0.00,0.00,0.00,0.00,1194723437.29,1282806765.36,0.00,0.00,1039043714.84,0.00,0.00,0.00,1.0000,1.0000,0,0,0,0,0,0,0,0
1530.00,0.00,0.00,0.00,0.00,0.00,0.00,0.00,0.00,1194723437.29,1282806765.36,0.00,0.00,1039043714.84,0.00,0.00,0.00,1.0000,1.0000,0,0,0,0,0,0,0,0
1532.00,0.00,0.00,0.00,0.00,0.00,0.00,0.00,0.00,1194723437.29,1282806765.36,0.00,0.00,1039043714.84,0.00,0.00,0.00,1.0000,1.0000,0,0,0,0,0,0,0,0
1534.00,0.00,0.00,0.00,0.00,0.00,0.00,0.00,0.00,1194723437.29,1282806765.36,0.00,0.00,1039043714.84,0.00,0.00,0.00,1.0000,1.0000,0,0,0,0,0,0,0,0
1536.00,0.00,0.00,0.00,0.00,0.00,0.00,0.00,0.00,1194723437.29,1282806765.36,0.00,0.00,1039043714.84,0.00,0.00,0.00,1.0000,1.0000,0,0,0,0,0,0,0,0
1538.00,0.00,0.00,0.00,0.00,0.00,0.00,0.00,0.00,1194723437.29,1282806765.36,0.00,0.00,1039043714.84,0.00,0.00,0.00,1.0000,1.0000,0,0,0,0,0,0,0,0
1540.00,0.00,0.00,0.00,0.00,0.00,0.00,0.00,0.00,1194723437.29,1282806765.36,0.00,0.00,1039043714.84,0.00,0.00,0.00,1.0000,1.0000,0,0,0,0,0,0,0,0
1542.00,0.00,0.00,0.00,0.00,0.00,0.00,0.00,0.00,1194723437.29,1282806765.36,0.00,0.00,1039043714.84,0.00,0.00,0.00,1.0000,1.0000,0,0,0,0,0,0,0,0
1544.00,0.00,0.00,0.00,0.00,0.00,0.00,0.00,0.00,1194723437.29,1282806765.36,0.00,0.00,1039043714.84,0.00,0.00,0.00,1.0000,1.0000,0,0,0,0,0,0,0,0
1546.00,0.00,0.00,0.00,0.00,0.00,0.00,0.00,0.00,1194723437.29,1282806765.36,0.00,0.00,1039043714.84,0.00,0.00,0.00,1.0000,1.0000,0,0,0,0,0,0,0,0
1548.00,0.00,0.00,0.00,0.00,0.00,0.00,0.00,0.00,1194723437.29,1282806765.36,0.00,0.00,1039043714.84,0.00,0.00,0.00,1.0000,1.0000,0,0,0,0,0,0,0,0
1550.00,0.00,0.00,0.00,0.00,0.00,0.00,0.00,0.00,1194723437.29,1282806765.36,0.00,0.00,1039043714.84,0.00,0.00,0.00,1.0000,1.0000,0,0,0,0,0,0,0,0
1552.00,0.00,0.00,0.00,0.00,0.00,0.00,0.00,0.00,1194723437.29,1282806765.36,0.00,0.00,1039043714.84,0.00,0.00,0.00,1.0000,1.0000,0,0,0,0,0,0,0,0
1554.00,0.00,0.00,0.00,0.00,0.00,0.00,0.00,0.00,1194723437.29,1282806765.36,0.00,0.00,1039043714.84,0.00,0.00,0.00,1.0000,1.0000,0,0,0,0,0,0,0,0
1556.00,0.00,0.00,0.00,0.00,0.00,0.00,0.00,0.00,1194723437.29,1282806765.36,0.00,0.00,1039043714.84,0.00,0.00,0.00,1.0000,1.0000,0,0,0,0,0,0,0,0
1558.00,0.00,0.00,0.00,0.00,0.00,0.00,0.00,0.00,1194723437.29,1282806765.36,0.00,0.00,1039043714.84,0.00,0.00,0.00,1.0000,1.0000,0,0,0,0,0,0,0,0
1560.00,0.00,0.00,0.00,0.00,0.00,0.00,0.00,0.00,1194723437.29,1282806765.36,0.00,0.00,1039043714.84,0.00,0.00,0.00,1.0000,1.0000,0,0,0,0,0,0,0,0
1562.00,0.00,0.00,0.00,0.00,0.00,0.00,0.00,0.00,1194723437.29,1282806765.36,0.00,0.00,1039043714.84,0.00,0.00,0.00,1.0000,1.0000,0,0,0,0,0,0,0,0
1564.00,0.00,0.00,0.00,0.00,0.00,0.00,0.00,0.00,1194723437.29,1282806765.36,0.00,0.00,1039043714.84,0.00,0.00,0.00,1.0000,1.0000,0,0,0,0,0,0,0,0
1566.00,0.00,0.00,0.00,0.00,0.00,0.00,0.00,0.00,1194723437.29,1282806765.36,0.00,0.00,1039043714.84,0.00,0.00,0.00,1.0000,1.0000,0,0,0,0,0,0,0,0
1568.00,0.00,0.00,0.00,0.00,0.00,0.00,0.00,0.00,1194723437.29,1282806765.36,0.00,0.00,1039043714.84,0.00,0.00,0.00,1.0000,1.0000,0,0,0,0,0,0,0,0
1570.00,0.00,0.00,0.00,0.00,0.00,0.00,0.00,0.00,1194723437.29,1282806765.36,0.00,0.00,1039043714.84,0.00,0.00,0.00,1.0000,1.0000,0,0,0,0,0,0,0,0
1572.00,0.00,0.00,0.00,0.00,0.00,0.00,0.00,0.00,1194723437.29,1282806765.36,0.00,0.00,1039043714.84,0.00,0.00,0.00,1.0000,1.0000,0,0,0,0,0,0,0,0
1574.00,0.00,0.00,0.00,0.00,0.00,0.00,0.00,0.00,1194723437.29,1282806765.36,0.00,0.00,1039043714.84,0.00,0.00,0.00,1.0000,1.0000,0,0,0,0,0,0,0,0
1576.00,0.00,0.00,0.00,0.00,0.00,0.00,0.00,0.00,1194723437.29,1282806765.36,0.00,0.00,1039043714.84,0.00,0.00,0.00,1.0000,1.0000,0,0,0,0,0,0,0,0
1578.00,0.00,0.00,0.00,0.00,0.00,0.00,0.00,0.00,1194723437.29,1282806765.36,0.00,0.00,1039043714.84,0.00,0.00,0.00,1.0000,1.0000,0,0,0,0,0,0,0,0
1580.00,0.00,0.00,0.00,0.00,0.00,0.00,0.00,0.00,1194723437.29,1282806765.36,0.00,0.00,1039043714.84,0.00,0.00,0.00,1.0000,1.0000,0,0,0,0,0,0,0,0
1582.00,0.00,0.00,0.00,0.00,0.00,0.00,0.00,0.00,1194723437.29,1282806765.36,0.00,0.00,1039043714.84,0.00,0.00,0.00,1.0000,1.0000,0,0,0,0,0,0,0,0
1584.00,0.00,0.00,0.00,0.00,0.00,0.00,0.00,0.00,1194723437.29,1282806765.36,0.00,0.00,1039043714.84,0.00,0.00,0.00,1.0000,1.0000,0,0,0,0,0,0,0,0
1586.00,0.00,0.00,0.00,0.00,0.00,0.00,0.00,0.00,1194723437.29,1282806765.36,0.00,0.00,1039043714.84,0.00,0.00,0.00,1.0000,1.0000,0,0,0,0,0,0,0,0
1588.00,0.00,0.00,0.00,0.00,0.00,0.00,0.00,0.00,1194723437.29,1282806765.36,0.00,0.00,1039043714.84,0.00,0.00,0.00,1.0000,1.0000,0,0,0,0,0,0,0,0
1590.00,0.00,0.00,0.00,0.00,0.00,0.00,0.00,0.00,1194723437.29,1282806765.36,0.00,0.00,1039043714.84,0.00,0.00,0.00,1.0000,1.0000,0,0,0,0,0,0,0,0
1592.00,0.00,0.00,0.00,0.00,0.00,0.00,0.00,0.00,1194723437.29,1282806765.36,0.00,0.00,1039043714.84,0.00,0.00,0.00,1.0000,1.0000,0,0,0,0,0,0,0,0
1594.00,0.00,0.00,0.00,0.00,0.00,0.00,0.00,0.00,1194723437.29,1282806765.36,0.00,0.00,1039043714.84,0.00,0.00,0.00,1.0000,1.0000,0,0,0,0,0,0,0,0
1596.00,0.00,0.00,0.00,0.00,0.00,0.00,0.00,0.00,1194723437.29,1282806765.36,0.00,0.00,1039043714.84,0.00,0.00,0.00,1.0000,1.0000,0,0,0,0,0,0,0,0
1598.00,0.00,0.00,0.00,0.00,0.00,0.00,0.00,0.00,1194723437.29,1282806765.36,0.00,0.00,1039043714.84,0.00,0.00,0.00,1.0000,1.0000,0,0,0,0,0,0,0,0
1600.00,0.00,0.00,0.00,0.00,0.00,0.00,0.00,0.00,1194723437.29,1282806765.36,0.00,0.00,1039043714.84,0.00,0.00,0.00,1.0000,1.0000,0,0,0,0,0,0,0,0
1602.00,0.00,0.00,0.00,0.00,0.00,0.00,0.00,0.00,1194723437.29,1282806765.36,0.00,0.00,1039043714.84,0.00,0.00,0.00,1.0000,1.0000,0,0,0,0,0,0,0,0
1604.00,0.00,0.00,0.00,0.00,0.00,0.00,0.00,0.00,1194723437.29,1282806765.36,0.00,0.00,1039043714.84,0.00,0.00,0.00,1.0000,1.0000,0,0,0,0,0,0,0,0
1606.00,0.00,0.00,0.00,0.00,0.00,0.00,0.00,0.00,1194723437.29,1282806765.36,0.00,0.00,1039043714.84,0.00,0.00,0.00,1.0000,1.0000,0,0,0,0,0,0,0,0
1608.00,0.00,0.00,0.00,0.00,0.00,0.00,0.00,0.00,1194723437.29,1282806765.36,0.00,0.00,1039043714.84,0.00,0.00,0.00,1.0000,1.0000,0,0,0,0,0,0,0,0
1610.00,0.00,0.00,0.00,0.00,0.00,0.00,0.00,0.00,1194723437.29,1282806765.36,0.00,0.00,1039043714.84,0.00,0.00,0.00,1.0000,1.0000,0,0,0,0,0,0,0,0
1612.00,0.00,0.00,0.00,0.00,0.00,0.00,0.00,0.00,1194723437.29,1282806765.36,0.00,0.00,1039043714.84,0.00,0.00,0.00,1.0000,1.0000,0,0,0,0,0,0,0,0
1614.00,0.00,0.00,0.00,0.00,0.00,0.00,0.00,0.00,1194723437.29,1282806765.36,0.00,0.00,1039043714.84,0.00,0.00,0.00,1.0000,1.0000,0,0,0,0,0,0,0,0
1616.00,0.00,0.00,0.00,0.00,0.00,0.00,0.00,0.00,1194723437.29,1282806765.36,0.00,0.00,1039043714.84,0.00,0.00,0.00,1.0000,1.0000,0,0,0,0,0,0,0,0
1618.00,0.00,0.00,0.00,0.00,0.00,0.00,0.00,0.00,1194723437.29,1282806765.36,0.00,0.00,1039043714.84,0.00,0.00,0.00,1.0000,1.0000,0,0,0,0,0,0,0,0
1620.00,0.00,0.00,0.00,0.00,0.00,0.00,0.00,0.00,1194723437.29,1282806765.36,0.00,0.00,1039043714.84,0.00,0.00,0.00,1.0000,1.0000,0,0,0,0,0,0,0,0
1622.00,0.00,0.00,0.00,0.00,0.00,0.00,0.00,0.00,1194723437.29,1282806765.36,0.00,0.00,1039043714.84,0.00,0.00,0.00,1.0000,1.0000,0,0,0,0,0,0,0,0
1624.00,0.00,0.00,0.00,0.00,0.00,0.00,0.00,0.00,1194723437.29,1282806765.36,0.00,0.00,1039043714.84,0.00,0.00,0.00,1.0000,1.0000,0,0,0,0,0,0,0,0
1626.00,0.00,0.00,0.00,0.00,0.00,0.00,0.00,0.00,1194723437.29,1282806765.36,0.00,0.00,1039043714.84,0.00,0.00,0.00,1.0000,1.0000,0,0,0,0,0,0,0,0
1628.00,0.00,0.00,0.00,0.00,0.00,0.00,0.00,0.00,1194723437.29,1282806765.36,0.00,0.00,1039043714.84,0.00,0.00,0.00,1.0000,1.0000,0,0,0,0,0,0,0,0
1630.00,0.00,0.00,0.00,0.00,0.00,0.00,0.00,0.00,1194723437.29,1282806765.36,0.00,0.00,1039043714.84,0.00,0.00,0.00,1.0000,1.0000,0,0,0,0,0,0,0,0
1632.00,0.00,0.00,0.00,0.00,0.00,0.00,0.00,0.00,1194723437.29,1282806765.36,0.00,0.00,1039043714.84,0.00,0.00,0.00,1.0000,1.0000,0,0,0,0,0,0,0,0
1634.00,0.00,0.00,0.00,0.00,0.00,0.00,0.00,0.00,1194723437.29,1282806765.36,0.00,0.00,1039043714.84,0.00,0.00,0.00,1.0000,1.0000,0,0,0,0,0,0,0,0
1636.00,0.00,0.00,0.00,0.00,0.00,0.00,0.00,0.00,1194723437.29,1282806765.36,0.00,0.00,1039043714.84,0.00,0.00,0.00,1.0000,1.0000,0,0,0,0,0,0,0,0
1638.00,0.00,0.00,0.00,0.00,0.00,0.00,0.00,0.00,1194723437.29,1282806765.36,0.00,0.00,1039043714.84,0.00,0.00,0.00,1.0000,1.0000,0,0,0,0,0,0,0,0
1640.00,0.00,0.00,0.00,0.00,0.00,0.00,0.00,0.00,1194723437.29,1282806765.36,0.00,0.00,1039043714.84,0.00,0.00,0.00,1.0000,1.0000,0,0,0,0,0,0,0,0
1642.00,0.00,0.00,0.00,0.00,0.00,0.00,0.00,0.00,1194723437.29,1282806765.36,0.00,0.00,1039043714.84,0.00,0.00,0.00,1.0000,1.0000,0,0,0,0,0,0,0,0
1644.00,0.00,0.00,0.00,0.00,0.00,0.00,0.00,0.00,1194723437.29,1282806765.36,0.00,0.00,1039043714.84,0.00,0.00,0.00,1.0000,1.0000,0,0,0,0,0,0,0,0
1646.00,0.00,0.00,0.00,0.00,0.00,0.00,0.00,0.00,1194723437.29,1282806765.36,0.00,0.00,1039043714.84,0.00,0.00,0.00,1.0000,1.0000,0,0,0,0,0,0,0,0
1648.00,0.00,0.00,0.00,0.00,0.00,0.00,0.00,0.00,1194723437.29,1282806765.36,0.00,0.00,1039043714.84,0.00,0.00,0.00,1.0000,1.0000,0,0,0,0,0,0,0,0
1650.00,0.00,0.00,0.00,0.00,0.00,0.00,0.00,0.00,1194723437.29,1282806765.36,0.00,0.00,1039043714.84,0.00,0.00,0.00,1.0000,1.0000,0,0,0,0,0,0,0,0
1652.00,0.00,0.00,0.00,0.00,0.00,0.00,0.00,0.00,1194723437.29,1282806765.36,0.00,0.00,1039043714.84,0.00,0.00,0.00,1.0000,1.0000,0,0,0,0,0,0,0,0
1654.00,0.00,0.00,0.00,0.00,0.00,0.00,0.00,0.00,1194723437.29,1282806765.36,0.00,0.00,1039043714.84,0.00,0.00,0.00,1.0000,1.0000,0,0,0,0,0,0,0,0
1656.00,0.00,0.00,0.00,0.00,0.00,0.00,0.00,0.00,1194723437.29,1282806765.36,0.00,0.00,1039043714.84,0.00,0.00,0.00,1.0000,1.0000,0,0,0,0,0,0,0,0
1658.00,0.00,0.00,0.00,0.00,0.00,0.00,0.00,0.00,1194723437.29,1282806765.36,0.00,0.00,1039043714.84,0.00,0.00,0.00,1.0000,1.0000,0,0,0,0,0,0,0,0
1660.00,0.00,0.00,0.00,0.00,0.00,0.00,0.00,0.00,1194723437.29,1282806765.36,0.00,0.00,1039043714.84,0.00,0.00,0.00,1.0000,1.0000,0,0,0,0,0,0,0,0
1662.00,0.00,0.00,0.00,0.00,0.00,0.00,0.00,0.00,1194723437.29,1282806765.36,0.00,0.00,1039043714.84,0.00,0.00,0.00,1.0000,1.0000,0,0,0,0,0,0,0,0
1664.00,0.00,0.00,0.00,0.00,0.00,0.00,0.00,0.00,1194723437.29,1282806765.36,0.00,0.00,1039043714.84,0.00,0.00,0.00,1.0000,1.0000,0,0,0,0,0,0,0,0
1666.00,0.00,0.00,0.00,0.00,0.00,0.00,0.00,0.00,1194723437.29,1282806765.36,0.00,0.00,1039043714.84,0.00,0.00,0.00,1.0000,1.0000,0,0,0,0,0,0,0,0
1668.00,0.00,0.00,0.00,0.00,0.00,0.00,0.00,0.00,1194723437.29,1282806765.36,0.00,0.00,1039043714.84,0.00,0.00,0.00,1.0000,1.0000,0,0,0,0,0,0,0,0
1670.00,0.00,0.00,0.00,0.00,0.00,0.00,0.00,0.00,1194723437.29,1282806765.36,0.00,0.00,1039043714.84,0.00,0.00,0.00,1.0000,1.0000,0,0,0,0,0,0,0,0
1672.00,0.00,0.00,0.00,0.00,0.00,0.00,0.00,0.00,1194723437.29,1282806765.36,0.00,0.00,1039043714.84,0.00,0.00,0.00,1.0000,1.0000,0,0,0,0,0,0,0,0
1674.00,0.00,0.00,0.00,0.00,0.00,0.00,0.00,0.00,1194723437.29,1282806765.36,0.00,0.00,1039043714.84,0.00,0.00,0.00,1.0000,1.0000,0,0,0,0,0,0,0,0
1676.00,0.00,0.00,0.00,0.00,0.00,0.00,0.00,0.00,1194723437.29,1282806765.36,0.00,0.00,1039043714.84,0.00,0.00,0.00,1.0000,1.0000,0,0,0,0,0,0,0,0
1678.00,0.00,0.00,0.00,0.00,0.00,0.00,0.00,0.00,1194723437.29,1282806765.36,0.00,0.00,1039043714.84,0.00,0.00,0.00,1.0000,1.0000,0,0,0,0,0,0,0,0
1680.00,0.00,0.00,0.00,0.00,0.00,0.00,0.00,0.00,1194723437.29,1282806765.36,0.00,0.00,1039043714.84,0.00,0.00,0.00,1.0000,1.0000,0,0,0,0,0,0,0,0
1682.00,0.00,0.00,0.00,0.00,0.00,0.00,0.00,0.00,1194723437.29,1282806765.36,0.00,0.00,1039043714.84,0.00,0.00,0.00,1.0000,1.0000,0,0,0,0,0,0,0,0
1684.00,0.00,0.00,0.00,0.00,0.00,0.00,0.00,0.00,1194723437.29,1282806765.36,0.00,0.00,1039043714.84,0.00,0.00,0.00,1.0000,1.0000,0,0,0,0,0,0,0,0
1686.00,0.00,0.00,0.00,0.00,0.00,0.00,0.00,0.00,1194723437.29,1282806765.36,0.00,0.00,1039043714.84,0.00,0.00,0.00,1.0000,1.0000,0,0,0,0,0,0,0,0
1688.00,0.00,0.00,0.00,0.00,0.00,0.00,0.00,0.00,1194723437.29,1282806765.36,0.00,0.00,1039043714.84,0.00,0.00,0.00,1.0000,1.0000,0,0,0,0,0,0,0,0
1690.00,0.00,0.00,0.00,0.00,0.00,0.00,0.00,0.00,1194723437.29,1282806765.36,0.00,0.00,1039043714.84,0.00,0.00,0.00,1.0000,1.0000,0,0,0,0,0,0,0,0
1692.00,0.00,0.00,0.00,0.00,0.00,0.00,0.00,0.00,1194723437.29,1282806765.36,0.00,0.00,1039043714.84,0.00,0.00,0.00,1.0000,1.0000,0,0,0,0,0,0,0,0
1694.00,0.00,0.00,0.00,0.00,0.00,0.00,0.00,0.00,1194723437.29,1282806765.36,0.00,0.00,1039043714.84,0.00,0.00,0.00,1.0000,1.0000,0,0,0,0,0,0,0,0
1696.00,0.00,0.00,0.00,0.00,0.00,0.00,0.00,0.00,1194723437.29,1282806765.36,0.00,0.00,1039043714.84,0.00,0.00,0.00,1.0000,1.0000,0,0,0,0,0,0,0,0
1698.00,0.00,0.00,0.00,0.00,0.00,0.00,0.00,0.00,1194723437.29,1282806765.36,0.00,0.00,1039043714.84,0.00,0.00,0.00,1.0000,1.0000,0,0,0,0,0,0,0,0
1700.00,0.00,0.00,0.00,0.00,0.00,0.00,0.00,0.00,1194723437.29,1282806765.36,0.00,0.00,1039043714.84,0.00,0.00,0.00,1.0000,1.0000,0,0,0,0,0,0,0,0
1702.00,0.00,0.00,0.00,0.00,0.00,0.00,0.00,0.00,1194723437.29,1282806765.36,0.00,0.00,1039043714.84,0.00,0.00,0.00,1.0000,1.0000,0,0,0,0,0,0,0,0
1704.00,0.00,0.00,0.00,0.00,0.00,0.00,0.00,0.00,1194723437.29,1282806765.36,0.00,0.00,1039043714.84,0.00,0.00,0.00,1.0000,1.0000,0,0,0,0,0,0,0,0
1706.00,0.00,0.00,0.00,0.00,0.00,0.00,0.00,0.00,1194723437.29,1282806765.36,0.00,0.00,1039043714.84,0.00,0.00,0.00,1.0000,1.0000,0,0,0,0,0,0,0,0
1708.00,0.00,0.00,0.00,0.00,0.00,0.00,0.00,0.00,1194723437.29,1282806765.36,0.00,0.00,1039043714.84,0.00,0.00,0.00,1.0000,1.0000,0,0,0,0,0,0,0,0
1710.00,0.00,0.00,0.00,0.00,0.00,0.00,0.00,0.00,1194723437.29,1282806765.36,0.00,0.00,1039043714.84,0.00,0.00,0.00,1.0000,1.0000,0,0,0,0,0,0,0,0
1712.00,0.00,0.00,0.00,0.00,0.00,0.00,0.00,0.00,1194723437.29,1282806765.36,0.00,0.00,1039043714.84,0.00,0.00,0.00,1.0000,1.0000,0,0,0,0,0,0,0,0
1714.00,0.00,0.00,0.00,0.00,0.00,0.00,0.00,0.00,1194723437.29,1282806765.36,0.00,0.00,1039043714.84,0.00,0.00,0.00,1.0000,1.0000,0,0,0,0,0,0,0,0
1716.00,0.00,0.00,0.00,0.00,0.00,0.00,0.00,0.00,1194723437.29,1282806765.36,0.00,0.00,1039043714.84,0.00,0.00,0.00,1.0000,1.0000,0,0,0,0,0,0,0,0
1718.00,0.00,0.00,0.00,0.00,0.00,0.00,0.00,0.00,1194723437.29,1282806765.36,0.00,0.00,1039043714.84,0.00,0.00,0.00,1.0000,1.0000,0,0,0,0,0,0,0,0
1720.00,0.00,0.00,0.00,0.00,0.00,0.00,0.00,0.00,1194723437.29,1282806765.36,0.00,0.00,1039043714.84,0.00,0.00,0.00,1.0000,1.0000,0,0,0,0,0,0,0,0
1722.00,0.00,0.00,0.00,0.00,0.00,0.00,0.00,0.00,1194723437.29,1282806765.36,0.00,0.00,1039043714.84,0.00,0.00,0.00,1.0000,1.0000,0,0,0,0,0,0,0,0
1724.00,0.00,0.00,0.00,0.00,0.00,0.00,0.00,0.00,1194723437.29,1282806765.36,0.00,0.00,1039043714.84,0.00,0.00,0.00,1.0000,1.0000,0,0,0,0,0,0,0,0
1726.00,0.00,0.00,0.00,0.00,0.00,0.00,0.00,0.00,1194723437.29,1282806765.36,0.00,0.00,1039043714.84,0.00,0.00,0.00,1.0000,1.0000,0,0,0,0,0,0,0,0
1728.00,0.00,0.00,0.00,0.00,0.00,0.00,0.00,0.00,1194723437.29,1282806765.36,0.00,0.00,1039043714.84,0.00,0.00,0.00,1.0000,1.0000,0,0,0,0,0,0,0,0
1730.00,0.00,0.00,0.00,0.00,0.00,0.00,0.00,0.00,1194723437.29,1282806765.36,0.00,0.00,1039043714.84,0.00,0.00,0.00,1.0000,1.0000,0,0,0,0,0,0,0,0
1732.00,0.00,0.00,0.00,0.00,0.00,0.00,0.00,0.00,1194723437.29,1282806765.36,0.00,0.00,1039043714.84,0.00,0.00,0.00,1.0000,1.0000,0,0,0,0,0,0,0,0
1734.00,0.00,0.00,0.00,0.00,0.00,0.00,0.00,0.00,1194723437.29,1282806765.36,0.00,0.00,1039043714.84,0.00,0.00,0.00,1.0000,1.0000,0,0,0,0,0,0,0,0
1736.00,0.00,0.00,0.00,0.00,0.00,0.00,0.00,0.00,1194723437.29,1282806765.36,0.00,0.00,1039043714.84,0.00,0.00,0.00,1.0000,1.0000,0,0,0,0,0,0,0,0
1738.00,0.00,0.00,0.00,0.00,0.00,0.00,0.00,0.00,1194723437.29,1282806765.36,0.00,0.00,1039043714.84,0.00,0.00,0.00,1.0000,1.0000,0,0,0,0,0,0,0,0
1740.00,0.00,0.00,0.00,0.00,0.00,0.00,0.00,0.00,1194723437.29,1282806765.36,0.00,0.00,1039043714.84,0.00,0.00,0.00,1.0000,1.0000,0,0,0,0,0,0,0,0
1742.00,0.00,0.00,0.00,0.00,0.00,0.00,0.00,0.00,1194723437.29,1282806765.36,0.00,0.00,1039043714.84,0.00,0.00,0.00,1.0000,1.0000,0,0,0,0,0,0,0,0
1744.00,0.00,0.00,0.00,0.00,0.00,0.00,0.00,0.00,1194723437.29,1282806765.36,0.00,0.00,1039043714.84,0.00,0.00,0.00,1.0000,1.0000,0,0,0,0,0,0,0,0
1746.00,0.00,0.00,0.00,0.00,0.00,0.00,0.00,0.00,1194723437.29,1282806765.36,0.00,0.00,1039043714.84,0.00,0.00,0.00,1.0000,1.0000,0,0,0,0,0,0,0,0
1748.00,0.00,0.00,0.00,0.00,0.00,0.00,0.00,0.00,1194723437.29,1282806765.36,0.00,0.00,1039043714.84,0.00,0.00,0.00,1.0000,1.0000,0,0,0,0,0,0,0,0
1750.00,0.00,0.00,0.00,0.00,0.00,0.00,0.00,0.00,1194723437.29,1282806765.36,0.00,0.00,1039043714.84,0.00,0.00,0.00,1.0000,1.0000,0,0,0,0,0,0,0,0
1752.00,0.00,0.00,0.00,0.00,0.00,0.00,0.00,0.00,1194723437.29,1282806765.36,0.00,0.00,1039043714.84,0.00,0.00,0.00,1.0000,1.0000,0,0,0,0,0,0,0,0
1754.00,0.00,0.00,0.00,0.00,0.00,0.00,0.00,0.00,1194723437.29,1282806765.36,0.00,0.00,1039043714.84,0.00,0.00,0.00,1.0000,1.0000,0,0,0,0,0,0,0,0
1756.00,0.00,0.00,0.00,0.00,0.00,0.00,0.00,0.00,1194723437.29,1282806765.36,0.00,0.00,1039043714.84,0.00,0.00,0.00,1.0000,1.0000,0,0,0,0,0,0,0,0
1758.00,0.00,0.00,0.00,0.00,0.00,0.00,0.00,0.00,1194723437.29,1282806765.36,0.00,0.00,1039043714.84,0.00,0.00,0.00,1.0000,1.0000,0,0,0,0,0,0,0,0
1760.00,0.00,0.00,0.00,0.00,0.00,0.00,0.00,0.00,1194723437.29,1282806765.36,0.00,0.00,1039043714.84,0.00,0.00,0.00,1.0000,1.0000,0,0,0,0,0,0,0,0
1762.00,0.00,0.00,0.00,0.00,0.00,0.00,0.00,0.00,1194723437.29,1282806765.36,0.00,0.00,1039043714.84,0.00,0.00,0.00,1.0000,1.0000,0,0,0,0,0,0,0,0
1764.00,0.00,0.00,0.00,0.00,0.00,0.00,0.00,0.00,1194723437.29,1282806765.36,0.00,0.00,1039043714.84,0.00,0.00,0.00,1.0000,1.0000,0,0,0,0,0,0,0,0
1766.00,0.00,0.00,0.00,0.00,0.00,0.00,0.00,0.00,1194723437.29,1282806765.36,0.00,0.00,1039043714.84,0.00,0.00,0.00,1.0000,1.0000,0,0,0,0,0,0,0,0
1768.00,0.00,0.00,0.00,0.00,0.00,0.00,0.00,0.00,1194723437.29,1282806765.36,0.00,0.00,1039043714.84,0.00,0.00,0.00,1.0000,1.0000,0,0,0,0,0,0,0,0
1770.00,0.00,0.00,0.00,0.00,0.00,0.00,0.00,0.00,1194723437.29,1282806765.36,0.00,0.00,1039043714.84,0.00,0.00,0.00,1.0000,1.0000,0,0,0,0,0,0,0,0
1772.00,0.00,0.00,0.00,0.00,0.00,0.00,0.00,0.00,1194723437.29,1282806765.36,0.00,0.00,1039043714.84,0.00,0.00,0.00,1.0000,1.0000,0,0,0,0,0,0,0,0
1774.00,0.00,0.00,0.00,0.00,0.00,0.00,0.00,0.00,1194723437.29,1282806765.36,0.00,0.00,1039043714.84,0.00,0.00,0.00,1.0000,1.0000,0,0,0,0,0,0,0,0
1776.00,0.00,0.00,0.00,0.00,0.00,0.00,0.00,0.00,1194723437.29,1282806765.36,0.00,0.00,1039043714.84,0.00,0.00,0.00,1.0000,1.0000,0,0,0,0,0,0,0,0
1778.00,0.00,0.00,0.00,0.00,0.00,0.00,0.00,0.00,1194723437.29,1282806765.36,0.00,0.00,1039043714.84,0.00,0.00,0.00,1.0000,1.0000,0,0,0,0,0,0,0,0
1780.00,0.00,0.00,0.00,0.00,0.00,0.00,0.00,0.00,1194723437.29,1282806765.36,0.00,0.00,1039043714.84,0.00,0.00,0.00,1.0000,1.0000,0,0,0,0,0,0,0,0
1782.00,0.00,0.00,0.00,0.00,0.00,0.00,0.00,0.00,1194723437.29,1282806765.36,0.00,0.00,1039043714.84,0.00,0.00,0.00,1.0000,1.0000,0,0,0,0,0,0,0,0
1784.00,0.00,0.00,0.00,0.00,0.00,0.00,0.00,0.00,1194723437.29,1282806765.36,0.00,0.00,1039043714.84,0.00,0.00,0.00,1.0000,1.0000,0,0,0,0,0,0,0,0
1786.00,0.00,0.00,0.00,0.00,0.00,0.00,0.00,0.00,1194723437.29,1282806765.36,0.00,0.00,1039043714.84,0.00,0.00,0.00,1.0000,1.0000,0,0,0,0,0,0,0,0
1788.00,0.00,0.00,0.00,0.00,0.00,0.00,0.00,0.00,1194723437.29,1282806765.36,0.00,0.00,1039043714.84,0.00,0.00,0.00,1.0000,1.0000,0,0,0,0,0,0,0,0
1790.00,0.00,0.00,0.00,0.00,0.00,0.00,0.00,0.00,1194723437.29,1282806765.36,0.00,0.00,1039043714.84,0.00,0.00,0.00,1.0000,1.0000,0,0,0,0,0,0,0,0
1792.00,0.00,0.00,0.00,0.00,0.00,0.00,0.00,0.00,1194723437.29,1282806765.36,0.00,0.00,1039043714.84,0.00,0.00,0.00,1.0000,1.0000,0,0,0,0,0,0,0,0
1794.00,0.00,0.00,0.00,0.00,0.00,0.00,0.00,0.00,1194723437.29,1282806765.36,0.00,0.00,1039043714.84,0.00,0.00,0.00,1.0000,1.0000,0,0,0,0,0,0,0,0
1796.00,0.00,0.00,0.00,0.00,0.00,0.00,0.00,0.00,1194723437.29,1282806765.36,0.00,0.00,1039043714.84,0.00,0.00,0.00,1.0000,1.0000,0,0,0,0,0,0,0,0
1798.00,0.00,0.00,0.00,0.00,0.00,0.00,0.00,0.00,1194723437.29,1282806765.36,0.00,0.00,1039043714.84,0.00,0.00,0.00,1.0000,1.0000,0,0,0,0,0,0,0,0
1800.00,0.00,0.00,0.00,0.00,0.00,0.00,0.00,0.00,1194723437.29,1282806765.36,0.00,0.00,1039043714.84,0.00,0.00,0.00,1.0000,1.0000,0,0,0,0,0,0,0,0
1802.00,0.00,0.00,0.00,0.00,0.00,0.00,0.00,0.00,1194723437.29,1282806765.36,0.00,0.00,1039043714.84,0.00,0.00,0.00,1.0000,1.0000,0,0,0,0,0,0,0,0
1804.00,0.00,0.00,0.00,0.00,0.00,0.00,0.00,0.00,1194723437.29,1282806765.36,0.00,0.00,1039043714.84,0.00,0.00,0.00,1.0000,1.0000,0,0,0,0,0,0,0,0
1806.00,0.00,0.00,0.00,0.00,0.00,0.00,0.00,0.00,1194723437.29,1282806765.36,0.00,0.00,1039043714.84,0.00,0.00,0.00,1.0000,1.0000,0,0,0,0,0,0,0,0
1808.00,0.00,0.00,0.00,0.00,0.00,0.00,0.00,0.00,1194723437.29,1282806765.36,0.00,0.00,1039043714.84,0.00,0.00,0.00,1.0000,1.0000,0,0,0,0,0,0,0,0
1810.00,0.00,0.00,0.00,0.00,0.00,0.00,0.00,0.00,1194723437.29,1282806765.36,0.00,0.00,1039043714.84,0.00,0.00,0.00,1.0000,1.0000,0,0,0,0,0,0,0,0
1812.00,0.00,0.00,0.00,0.00,0.00,0.00,0.00,0.00,1194723437.29,1282806765.36,0.00,0.00,1039043714.84,0.00,0.00,0.00,1.0000,1.0000,0,0,0,0,0,0,0,0
1814.00,0.00,0.00,0.00,0.00,0.00,0.00,0.00,0.00,1194723437.29,1282806765.36,0.00,0.00,1039043714.84,0.00,0.00,0.00,1.0000,1.0000,0,0,0,0,0,0,0,0
1816.00,0.00,0.00,0.00,0.00,0.00,0.00,0.00,0.00,1194723437.29,1282806765.36,0.00,0.00,1039043714.84,0.00,0.00,0.00,1.0000,1.0000,0,0,0,0,0,0,0,0
1818.00,0.00,0.00,0.00,0.00,0.00,0.00,0.00,0.00,1194723437.29,1282806765.36,0.00,0.00,1039043714.84,0.00,0.00,0.00,1.0000,1.0000,0,0,0,0,0,0,0,0
1820.00,0.00,0.00,0.00,0.00,0.00,0.00,0.00,0.00,1194723437.29,1282806765.36,0.00,0.00,1039043714.84,0.00,0.00,0.00,1.0000,1.0000,0,0,0,0,0,0,0,0
1822.00,0.00,0.00,0.00,0.00,0.00,0.00,0.00,0.00,1194723437.29,1282806765.36,0.00,0.00,1039043714.84,0.00,0.00,0.00,1.0000,1.0000,0,0,0,0,0,0,0,0
1824.00,0.00,0.00,0.00,0.00,0.00,0.00,0.00,0.00,1194723437.29,1282806765.36,0.00,0.00,1039043714.84,0.00,0.00,0.00,1.0000,1.0000,0,0,0,0,0,0,0,0
1826.00,0.00,0.00,0.00,0.00,0.00,0.00,0.00,0.00,1194723437.29,1282806765.36,0.00,0.00,1039043714.84,0.00,0.00,0.00,1.0000,1.0000,0,0,0,0,0,0,0,0
1828.00,0.00,0.00,0.00,0.00,0.00,0.00,0.00,0.00,1194723437.29,1282806765.36,0.00,0.00,1039043714.84,0.00,0.00,0.00,1.0000,1.0000,0,0,0,0,0,0,0,0
1830.00,0.00,0.00,0.00,0.00,0.00,0.00,0.00,0.00,1194723437.29,1282806765.36,0.00,0.00,1039043714.84,0.00,0.00,0.00,1.0000,1.0000,0,0,0,0,0,0,0,0
1832.00,0.00,0.00,0.00,0.00,0.00,0.00,0.00,0.00,1194723437.29,1282806765.36,0.00,0.00,1039043714.84,0.00,0.00,0.00,1.0000,1.0000,0,0,0,0,0,0,0,0
1834.00,0.00,0.00,0.00,0.00,0.00,0.00,0.00,0.00,1194723437.29,1282806765.36,0.00,0.00,1039043714.84,0.00,0.00,0.00,1.0000,1.0000,0,0,0,0,0,0,0,0
1836.00,0.00,0.00,0.00,0.00,0.00,0.00,0.00,0.00,1194723437.29,1282806765.36,0.00,0.00,1039043714.84,0.00,0.00,0.00,1.0000,1.0000,0,0,0,0,0,0,0,0
1838.00,0.00,0.00,0.00,0.00,0.00,0.00,0.00,0.00,1194723437.29,1282806765.36,0.00,0.00,1039043714.84,0.00,0.00,0.00,1.0000,1.0000,0,0,0,0,0,0,0,0
1840.00,0.00,0.00,0.00,0.00,0.00,0.00,0.00,0.00,1194723437.29,1282806765.36,0.00,0.00,1039043714.84,0.00,0.00,0.00,1.0000,1.0000,0,0,0,0,0,0,0,0
1842.00,0.00,0.00,0.00,0.00,0.00,0.00,0.00,0.00,1194723437.29,1282806765.36,0.00,0.00,1039043714.84,0.00,0.00,0.00,1.0000,1.0000,0,0,0,0,0,0,0,0
1844.00,0.00,0.00,0.00,0.00,0.00,0.00,0.00,0.00,1194723437.29,1282806765.36,0.00,0.00,1039043714.84,0.00,0.00,0.00,1.0000,1.0000,0,0,0,0,0,0,0,0
1846.00,0.00,0.00,0.00,0.00,0.00,0.00,0.00,0.00,1194723437.29,1282806765.36,0.00,0.00,1039043714.84,0.00,0.00,0.00,1.0000,1.0000,0,0,0,0,0,0,0,0
1848.00,0.00,0.00,0.00,0.00,0.00,0.00,0.00,0.00,1194723437.29,1282806765.36,0.00,0.00,1039043714.84,0.00,0.00,0.00,1.0000,1.0000,0,0,0,0,0,0,0,0
1850.00,0.00,0.00,0.00,0.00,0.00,0.00,0.00,0.00,1194723437.29,1282806765.36,0.00,0.00,1039043714.84,0.00,0.00,0.00,1.0000,1.0000,0,0,0,0,0,0,0,0
1852.00,0.00,0.00,0.00,0.00,0.00,0.00,0.00,0.00,1194723437.29,1282806765.36,0.00,0.00,1039043714.84,0.00,0.00,0.00,1.0000,1.0000,0,0,0,0,0,0,0,0
1854.00,0.00,0.00,0.00,0.00,0.00,0.00,0.00,0.00,1194723437.29,1282806765.36,0.00,0.00,1039043714.84,0.00,0.00,0.00,1.0000,1.0000,0,0,0,0,0,0,0,0
1856.00,0.00,0.00,0.00,0.00,0.00,0.00,0.00,0.00,1194723437.29,1282806765.36,0.00,0.00,1039043714.84,0.00,0.00,0.00,1.0000,1.0000,0,0,0,0,0,0,0,0
1858.00,0.00,0.00,0.00,0.00,0.00,0.00,0.00,0.00,1194723437.29,1282806765.36,0.00,0.00,1039043714.84,0.00,0.00,0.00,1.0000,1.0000,0,0,0,0,0,0,0,0
1860.00,0.00,0.00,0.00,0.00,0.00,0.00,0.00,0.00,1194723437.29,1282806765.36,0.00,0.00,1039043714.84,0.00,0.00,0.00,1.0000,1.0000,0,0,0,0,0,0,0,0
1862.00,0.00,0.00,0.00,0.00,0.00,0.00,0.00,0.00,1194723437.29,1282806765.36,0.00,0.00,1039043714.84,0.00,0.00,0.00,1.0000,1.0000,0,0,0,0,0,0,0,0
1864.00,0.00,0.00,0.00,0.00,0.00,0.00,0.00,0.00,1194723437.29,1282806765.36,0.00,0.00,1039043714.84,0.00,0.00,0.00,1.0000,1.0000,0,0,0,0,0,0,0,0
1866.00,0.00,0.00,0.00,0.00,0.00,0.00,0.00,0.00,1194723437.29,1282806765.36,0.00,0.00,1039043714.84,0.00,0.00,0.00,1.0000,1.0000,0,0,0,0,0,0,0,0
1868.00,0.00,0.00,0.00,0.00,0.00,0.00,0.00,0.00,1194723437.29,1282806765.36,0.00,0.00,1039043714.84,0.00,0.00,0.00,1.0000,1.0000,0,0,0,0,0,0,0,0
1870.00,0.00,0.00,0.00,0.00,0.00,0.00,0.00,0.00,1194723437.29,1282806765.36,0.00,0.00,1039043714.84,0.00,0.00,0.00,1.0000,1.0000,0,0,0,0,0,0,0,0
1872.00,0.00,0.00,0.00,0.00,0.00,0.00,0.00,0.00,1194723437.29,1282806765.36,0.00,0.00,1039043714.84,0.00,0.00,0.00,1.0000,1.0000,0,0,0,0,0,0,0,0
1874.00,0.00,0.00,0.00,0.00,0.00,0.00,0.00,0.00,1194723437.29,1282806765.36,0.00,0.00,1039043714.84,0.00,0.00,0.00,1.0000,1.0000,0,0,0,0,0,0,0,0
1876.00,0.00,0.00,0.00,0.00,0.00,0.00,0.00,0.00,1194723437.29,1282806765.36,0.00,0.00,1039043714.84,0.00,0.00,0.00,1.0000,1.0000,0,0,0,0,0,0,0,0
1878.00,0.00,0.00,0.00,0.00,0.00,0.00,0.00,0.00,1194723437.29,1282806765.36,0.00,0.00,1039043714.84,0.00,0.00,0.00,1.0000,1.0000,0,0,0,0,0,0,0,0
1880.00,0.00,0.00,0.00,0.00,0.00,0.00,0.00,0.00,1194723437.29,1282806765.36,0.00,0.00,1039043714.84,0.00,0.00,0.00,1.0000,1.0000,0,0,0,0,0,0,0,0
1882.00,0.00,0.00,0.00,0.00,0.00,0.00,0.00,0.00,1194723437.29,1282806765.36,0.00,0.00,1039043714.84,0.00,0.00,0.00,1.0000,1.0000,0,0,0,0,0,0,0,0
1884.00,0.00,0.00,0.00,0.00,0.00,0.00,0.00,0.00,1194723437.29,1282806765.36,0.00,0.00,1039043714.84,0.00,0.00,0.00,1.0000,1.0000,0,0,0,0,0,0,0,0
1886.00,0.00,0.00,0.00,0.00,0.00,0.00,0.00,0.00,1194723437.29,1282806765.36,0.00,0.00,1039043714.84,0.00,0.00,0.00,1.0000,1.0000,0,0,0,0,0,0,0,0
1888.00,0.00,0.00,0.00,0.00,0.00,0.00,0.00,0.00,1194723437.29,1282806765.36,0.00,0.00,1039043714.84,0.00,0.00,0.00,1.0000,1.0000,0,0,0,0,0,0,0,0
1890.00,0.00,0.00,0.00,0.00,0.00,0.00,0.00,0.00,1194723437.29,1282806765.36,0.00,0.00,1039043714.84,0.00,0.00,0.00,1.0000,1.0000,0,0,0,0,0,0,0,0
1892.00,0.00,0.00,0.00,0.00,0.00,0.00,0.00,0.00,1194723437.29,1282806765.36,0.00,0.00,1039043714.84,0.00,0.00,0.00,1.0000,1.0000,0,0,0,0,0,0,0,0
1894.00,0.00,0.00,0.00,0.00,0.00,0.00,0.00,0.00,1194723437.29,1282806765.36,0.00,0.00,1039043714.84,0.00,0.00,0.00,1.0000,1.0000,0,0,0,0,0,0,0,0
1896.00,0.00,0.00,0.00,0.00,0.00,0.00,0.00,0.00,1194723437.29,1282806765.36,0.00,0.00,1039043714.84,0.00,0.00,0.00,1.0000,1.0000,0,0,0,0,0,0,0,0
1898.00,0.00,0.00,0.00,0.00,0.00,0.00,0.00,0.00,1194723437.29,1282806765.36,0.00,0.00,1039043714.84,0.00,0.00,0.00,1.0000,1.0000,0,0,0,0,0,0,0,0
1900.00,0.00,0.00,0.00,0.00,0.00,0.00,0.00,0.00,1194723437.29,1282806765.36,0.00,0.00,1039043714.84,0.00,0.00,0.00,1.0000,1.0000,0,0,0,0,0,0,0,0
1902.00,0.00,0.00,0.00,0.00,0.00,0.00,0.00,0.00,1194723437.29,1282806765.36,0.00,0.00,1039043714.84,0.00,0.00,0.00,1.0000,1.0000,0,0,0,0,0,0,0,0
1904.00,0.00,0.00,0.00,0.00,0.00,0.00,0.00,0.00,1194723437.29,1282806765.36,0.00,0.00,1039043714.84,0.00,0.00,0.00,1.0000,1.0000,0,0,0,0,0,0,0,0
1906.00,0.00,0.00,0.00,0.00,0.00,0.00,0.00,0.00,1194723437.29,1282806765.36,0.00,0.00,1039043714.84,0.00,0.00,0.00,1.0000,1.0000,0,0,0,0,0,0,0,0
1908.00,0.00,0.00,0.00,0.00,0.00,0.00,0.00,0.00,1194723437.29,1282806765.36,0.00,0.00,1039043714.84,0.00,0.00,0.00,1.0000,1.0000,0,0,0,0,0,0,0,0
1910.00,0.00,0.00,0.00,0.00,0.00,0.00,0.00,0.00,1194723437.29,1282806765.36,0.00,0.00,1039043714.84,0.00,0.00,0.00,1.0000,1.0000,0,0,0,0,0,0,0,0
1912.00,0.00,0.00,0.00,0.00,0.00,0.00,0.00,0.00,1194723437.29,1282806765.36,0.00,0.00,1039043714.84,0.00,0.00,0.00,1.0000,1.0000,0,0,0,0,0,0,0,0
1914.00,0.00,0.00,0.00,0.00,0.00,0.00,0.00,0.00,1194723437.29,1282806765.36,0.00,0.00,1039043714.84,0.00,0.00,0.00,1.0000,1.0000,0,0,0,0,0,0,0,0
1916.00,0.00,0.00,0.00,0.00,0.00,0.00,0.00,0.00,1194723437.29,1282806765.36,0.00,0.00,1039043714.84,0.00,0.00,0.00,1.0000,1.0000,0,0,0,0,0,0,0,0
1918.00,0.00,0.00,0.00,0.00,0.00,0.00,0.00,0.00,1194723437.29,1282806765.36,0.00,0.00,1039043714.84,0.00,0.00,0.00,1.0000,1.0000,0,0,0,0,0,0,0,0
1920.00,0.00,0.00,0.00,0.00,0.00,0.00,0.00,0.00,1194723437.29,1282806765.36,0.00,0.00,1039043714.84,0.00,0.00,0.00,1.0000,1.0000,0,0,0,0,0,0,0,0
1922.00,0.00,0.00,0.00,0.00,0.00,0.00,0.00,0.00,1194723437.29,1282806765.36,0.00,0.00,1039043714.84,0.00,0.00,0.00,1.0000,1.0000,0,0,0,0,0,0,0,0
1924.00,0.00,0.00,0.00,0.00,0.00,0.00,0.00,0.00,1194723437.29,1282806765.36,0.00,0.00,1039043714.84,0.00,0.00,0.00,1.0000,1.0000,0,0,0,0,0,0,0,0
1926.00,0.00,0.00,0.00,0.00,0.00,0.00,0.00,0.00,1194723437.29,1282806765.36,0.00,0.00,1039043714.84,0.00,0.00,0.00,1.0000,1.0000,0,0,0,0,0,0,0,0
1928.00,0.00,0.00,0.00,0.00,0.00,0.00,0.00,0.00,1194723437.29,1282806765.36,0.00,0.00,1039043714.84,0.00,0.00,0.00,1.0000,1.0000,0,0,0,0,0,0,0,0
1930.00,0.00,0.00,0.00,0.00,0.00,0.00,0.00,0.00,1194723437.29,1282806765.36,0.00,0.00,1039043714.84,0.00,0.00,0.00,1.0000,1.0000,0,0,0,0,0,0,0,0
1932.00,0.00,0.00,0.00,0.00,0.00,0.00,0.00,0.00,1194723437.29,1282806765.36,0.00,0.00,1039043714.84,0.00,0.00,0.00,1.0000,1.0000,0,0,0,0,0,0,0,0
1934.00,0.00,0.00,0.00,0.00,0.00,0.00,0.00,0.00,1194723437.29,1282806765.36,0.00,0.00,1039043714.84,0.00,0.00,0.00,1.0000,1.0000,0,0,0,0,0,0,0,0
1936.00,0.00,0.00,0.00,0.00,0.00,0.00,0.00,0.00,1194723437.29,1282806765.36,0.00,0.00,1039043714.84,0.00,0.00,0.00,1.0000,1.0000,0,0,0,0,0,0,0,0
1938.00,0.00,0.00,0.00,0.00,0.00,0.00,0.00,0.00,1194723437.29,1282806765.36,0.00,0.00,1039043714.84,0.00,0.00,0.00,1.0000,1.0000,0,0,0,0,0,0,0,0
1940.00,0.00,0.00,0.00,0.00,0.00,0.00,0.00,0.00,1194723437.29,1282806765.36,0.00,0.00,1039043714.84,0.00,0.00,0.00,1.0000,1.0000,0,0,0,0,0,0,0,0
1942.00,0.00,0.00,0.00,0.00,0.00,0.00,0.00,0.00,1194723437.29,1282806765.36,0.00,0.00,1039043714.84,0.00,0.00,0.00,1.0000,1.0000,0,0,0,0,0,0,0,0
1944.00,0.00,0.00,0.00,0.00,0.00,0.00,0.00,0.00,1194723437.29,1282806765.36,0.00,0.00,1039043714.84,0.00,0.00,0.00,1.0000,1.0000,0,0,0,0,0,0,0,0
1946.00,0.00,0.00,0.00,0.00,0.00,0.00,0.00,0.00,1194723437.29,1282806765.36,0.00,0.00,1039043714.84,0.00,0.00,0.00,1.0000,1.0000,0,0,0,0,0,0,0,0
1948.00,0.00,0.00,0.00,0.00,0.00,0.00,0.00,0.00,1194723437.29,1282806765.36,0.00,0.00,1039043714.84,0.00,0.00,0.00,1.0000,1.0000,0,0,0,0,0,0,0,0
1950.00,0.00,0.00,0.00,0.00,0.00,0.00,0.00,0.00,1194723437.29,1282806765.36,0.00,0.00,1039043714.84,0.00,0.00,0.00,1.0000,1.0000,0,0,0,0,0,0,0,0
1952.00,0.00,0.00,0.00,0.00,0.00,0.00,0.00,0.00,1194723437.29,1282806765.36,0.00,0.00,1039043714.84,0.00,0.00,0.00,1.0000,1.0000,0,0,0,0,0,0,0,0
1954.00,0.00,0.00,0.00,0.00,0.00,0.00,0.00,0.00,1194723437.29,1282806765.36,0.00,0.00,1039043714.84,0.00,0.00,0.00,1.0000,1.0000,0,0,0,0,0,0,0,0
1956.00,0.00,0.00,0.00,0.00,0.00,0.00,0.00,0.00,1194723437.29,1282806765.36,0.00,0.00,1039043714.84,0.00,0.00,0.00,1.0000,1.0000,0,0,0,0,0,0,0,0
1958.00,0.00,0.00,0.00,0.00,0.00,0.00,0.00,0.00,1194723437.29,1282806765.36,0.00,0.00,1039043714.84,0.00,0.00,0.00,1.0000,1.0000,0,0,0,0,0,0,0,0
1960.00,0.00,0.00,0.00,0.00,0.00,0.00,0.00,0.00,1194723437.29,1282806765.36,0.00,0.00,1039043714.84,0.00,0.00,0.00,1.0000,1.0000,0,0,0,0,0,0,0,0
1962.00,0.00,0.00,0.00,0.00,0.00,0.00,0.00,0.00,1194723437.29,1282806765.36,0.00,0.00,1039043714.84,0.00,0.00,0.00,1.0000,1.0000,0,0,0,0,0,0,0,0
1964.00,0.00,0.00,0.00,0.00,0.00,0.00,0.00,0.00,1194723437.29,1282806765.36,0.00,0.00,1039043714.84,0.00,0.00,0.00,1.0000,1.0000,0,0,0,0,0,0,0,0
1966.00,0.00,0.00,0.00,0.00,0.00,0.00,0.00,0.00,1194723437.29,1282806765.36,0.00,0.00,1039043714.84,0.00,0.00,0.00,1.0000,1.0000,0,0,0,0,0,0,0,0
1968.00,0.00,0.00,0.00,0.00,0.00,0.00,0.00,0.00,1194723437.29,1282806765.36,0.00,0.00,1039043714.84,0.00,0.00,0.00,1.0000,1.0000,0,0,0,0,0,0,0,0
1970.00,0.00,0.00,0.00,0.00,0.00,0.00,0.00,0.00,1194723437.29,1282806765.36,0.00,0.00,1039043714.84,0.00,0.00,0.00,1.0000,1.0000,0,0,0,0,0,0,0,0
1972.00,0.00,0.00,0.00,0.00,0.00,0.00,0.00,0.00,1194723437.29,1282806765.36,0.00,0.00,1039043714.84,0.00,0.00,0.00,1.0000,1.0000,0,0,0,0,0,0,0,0
1974.00,0.00,0.00,0.00,0.00,0.00,0.00,0.00,0.00,1194723437.29,1282806765.36,0.00,0.00,1039043714.84,0.00,0.00,0.00,1.0000,1.0000,0,0,0,0,0,0,0,0
1976.00,0.00,0.00,0.00,0.00,0.00,0.00,0.00,0.00,1194723437.29,1282806765.36,0.00,0.00,1039043714.84,0.00,0.00,0.00,1.0000,1.0000,0,0,0,0,0,0,0,0
1978.00,0.00,0.00,0.00,0.00,0.00,0.00,0.00,0.00,1194723437.29,1282806765.36,0.00,0.00,1039043714.84,0.00,0.00,0.00,1.0000,1.0000,0,0,0,0,0,0,0,0
1980.00,0.00,0.00,0.00,0.00,0.00,0.00,0.00,0.00,1194723437.29,1282806765.36,0.00,0.00,1039043714.84,0.00,0.00,0.00,1.0000,1.0000,0,0,0,0,0,0,0,0
1982.00,0.00,0.00,0.00,0.00,0.00,0.00,0.00,0.00,1194723437.29,1282806765.36,0.00,0.00,1039043714.84,0.00,0.00,0.00,1.0000,1.0000,0,0,0,0,0,0,0,0
1984.00,0.00,0.00,0.00,0.00,0.00,0.00,0.00,0.00,1194723437.29,1282806765.36,0.00,0.00,1039043714.84,0.00,0.00,0.00,1.0000,1.0000,0,0,0,0,0,0,0,0
1986.00,0.00,0.00,0.00,0.00,0.00,0.00,0.00,0.00,1194723437.29,1282806765.36,0.00,0.00,1039043714.84,0.00,0.00,0.00,1.0000,1.0000,0,0,0,0,0,0,0,0
1988.00,0.00,0.00,0.00,0.00,0.00,0.00,0.00,0.00,1194723437.29,1282806765.36,0.00,0.00,1039043714.84,0.00,0.00,0.00,1.0000,1.0000,0,0,0,0,0,0,0,0
1990.00,0.00,0.00,0.00,0.00,0.00,0.00,0.00,0.00,1194723437.29,1282806765.36,0.00,0.00,1039043714.84,0.00,0.00,0.00,1.0000,1.0000,0,0,0,0,0,0,0,0
1992.00,0.00,0.00,0.00,0.00,0.00,0.00,0.00,0.00,1194723437.29,1282806765.36,0.00,0.00,1039043714.84,0.00,0.00,0.00,1.0000,1.0000,0,0,0,0,0,0,0,0
1994.00,0.00,0.00,0.00,0.00,0.00,0.00,0.00,0.00,1194723437.29,1282806765.36,0.00,0.00,1039043714.84,0.00,0.00,0.00,1.0000,1.0000,0,0,0,0,0,0,0,0
1996.00,0.00,0.00,0.00,0.00,0.00,0.00,0.00,0.00,1194723437.29,1282806765.36,0.00,0.00,1039043714.84,0.00,0.00,0.00,1.0000,1.0000,0,0,0,0,0,0,0,0
1998.00,0.00,0.00,0.00,0.00,0.00,0.00,0.00,0.00,1194723437.29,1282806765.36,0.00,0.00,1039043714.84,0.00,0.00,0.00,1.0000,1.0000,0,0,0,0,0,0,0,0
2000.00,0.00,0.00,0.00,0.00,0.00,0.00,0.00,0.00,1194723437.29,1282806765.36,0.00,0.00,1039043714.84,0.00,0.00,0.00,1.0000,1.0000,0,0,0,0,0,0,0,0
2002.00,0.00,0.00,0.00,0.00,0.00,0.00,0.00,0.00,1194723437.29,1282806765.36,0.00,0.00,1039043714.84,0.00,0.00,0.00,1.0000,1.0000,0,0,0,0,0,0,0,0
2004.00,0.00,0.00,0.00,0.00,0.00,0.00,0.00,0.00,1194723437.29,1282806765.36,0.00,0.00,1039043714.84,0.00,0.00,0.00,1.0000,1.0000,0,0,0,0,0,0,0,0
2006.00,0.00,0.00,0.00,0.00,0.00,0.00,0.00,0.00,1194723437.29,1282806765.36,0.00,0.00,1039043714.84,0.00,0.00,0.00,1.0000,1.0000,0,0,0,0,0,0,0,0
2008.00,0.00,0.00,0.00,0.00,0.00,0.00,0.00,0.00,1194723437.29,1282806765.36,0.00,0.00,1039043714.84,0.00,0.00,0.00,1.0000,1.0000,0,0,0,0,0,0,0,0
2010.00,0.00,0.00,0.00,0.00,0.00,0.00,0.00,0.00,1194723437.29,1282806765.36,0.00,0.00,1039043714.84,0.00,0.00,0.00,1.0000,1.0000,0,0,0,0,0,0,0,0
2012.00,0.00,0.00,0.00,0.00,0.00,0.00,0.00,0.00,1194723437.29,1282806765.36,0.00,0.00,1039043714.84,0.00,0.00,0.00,1.0000,1.0000,0,0,0,0,0,0,0,0
2014.00,0.00,0.00,0.00,0.00,0.00,0.00,0.00,0.00,1194723437.29,1282806765.36,0.00,0.00,1039043714.84,0.00,0.00,0.00,1.0000,1.0000,0,0,0,0,0,0,0,0
2016.00,0.00,0.00,0.00,0.00,0.00,0.00,0.00,0.00,1194723437.29,1282806765.36,0.00,0.00,1039043714.84,0.00,0.00,0.00,1.0000,1.0000,0,0,0,0,0,0,0,0
2018.00,0.00,0.00,0.00,0.00,0.00,0.00,0.00,0.00,1194723437.29,1282806765.36,0.00,0.00,1039043714.84,0.00,0.00,0.00,1.0000,1.0000,0,0,0,0,0,0,0,0
2020.00,0.00,0.00,0.00,0.00,0.00,0.00,0.00,0.00,1194723437.29,1282806765.36,0.00,0.00,1039043714.84,0.00,0.00,0.00,1.0000,1.0000,0,0,0,0,0,0,0,0
2022.00,0.00,0.00,0.00,0.00,0.00,0.00,0.00,0.00,1194723437.29,1282806765.36,0.00,0.00,1039043714.84,0.00,0.00,0.00,1.0000,1.0000,0,0,0,0,0,0,0,0
2024.00,0.00,0.00,0.00,0.00,0.00,0.00,0.00,0.00,1194723437.29,1282806765.36,0.00,0.00,1039043714.84,0.00,0.00,0.00,1.0000,1.0000,0,0,0,0,0,0,0,0
2026.00,0.00,0.00,0.00,0.00,0.00,0.00,0.00,0.00,1194723437.29,1282806765.36,0.00,0.00,1039043714.84,0.00,0.00,0.00,1.0000,1.0000,0,0,0,0,0,0,0,0
2028.00,0.00,0.00,0.00,0.00,0.00,0.00,0.00,0.00,1194723437.29,1282806765.36,0.00,0.00,1039043714.84,0.00,0.00,0.00,1.0000,1.0000,0,0,0,0,0,0,0,0
2030.00,0.00,0.00,0.00,0.00,0.00,0.00,0.00,0.00,1194723437.29,1282806765.36,0.00,0.00,1039043714.84,0.00,0.00,0.00,1.0000,1.0000,0,0,0,0,0,0,0,0
2032.00,0.00,0.00,0.00,0.00,0.00,0.00,0.00,0.00,1194723437.29,1282806765.36,0.00,0.00,1039043714.84,0.00,0.00,0.00,1.0000,1.0000,0,0,0,0,0,0,0,0
2034.00,0.00,0.00,0.00,0.00,0.00,0.00,0.00,0.00,1194723437.29,1282806765.36,0.00,0.00,1039043714.84,0.00,0.00,0.00,1.0000,1.0000,0,0,0,0,0,0,0,0
2036.00,0.00,0.00,0.00,0.00,0.00,0.00,0.00,0.00,1194723437.29,1282806765.36,0.00,0.00,1039043714.84,0.00,0.00,0.00,1.0000,1.0000,0,0,0,0,0,0,0,0
2038.00,0.00,0.00,0.00,0.00,0.00,0.00,0.00,0.00,1194723437.29,1282806765.36,0.00,0.00,1039043714.84,0.00,0.00,0.00,1.0000,1.0000,0,0,0,0,0,0,0,0
2040.00,0.00,0.00,0.00,0.00,0.00,0.00,0.00,0.00,1194723437.29,1282806765.36,0.00,0.00,1039043714.84,0.00,0.00,0.00,1.0000,1.0000,0,0,0,0,0,0,0,0
2042.00,0.00,0.00,0.00,0.00,0.00,0.00,0.00,0.00,1194723437.29,1282806765.36,0.00,0.00,1039043714.84,0.00,0.00,0.00,1.0000,1.0000,0,0,0,0,0,0,0,0
2044.00,0.00,0.00,0.00,0.00,0.00,0.00,0.00,0.00,1194723437.29,1282806765.36,0.00,0.00,1039043714.84,0.00,0.00,0.00,1.0000,1.0000,0,0,0,0,0,0,0,0
2046.00,0.00,0.00,0.00,0.00,0.00,0.00,0.00,0.00,1194723437.29,1282806765.36,0.00,0.00,1039043714.84,0.00,0.00,0.00,1.0000,1.0000,0,0,0,0,0,0,0,0
2048.00,0.00,0.00,0.00,0.00,0.00,0.00,0.00,0.00,1194723437.29,1282806765.36,0.00,0.00,1039043714.84,0.00,0.00,0.00,1.0000,1.0000,0,0,0,0,0,0,0,0
2050.00,0.00,0.00,0.00,0.00,0.00,0.00,0.00,0.00,1194723437.29,1282806765.36,0.00,0.00,1039043714.84,0.00,0.00,0.00,1.0000,1.0000,0,0,0,0,0,0,0,0
2052.00,0.00,0.00,0.00,0.00,0.00,0.00,0.00,0.00,1194723437.29,1282806765.36,0.00,0.00,1039043714.84,0.00,0.00,0.00,1.0000,1.0000,0,0,0,0,0,0,0,0
2054.00,0.00,0.00,0.00,0.00,0.00,0.00,0.00,0.00,1194723437.29,1282806765.36,0.00,0.00,1039043714.84,0.00,0.00,0.00,1.0000,1.0000,0,0,0,0,0,0,0,0
2056.00,0.00,0.00,0.00,0.00,0.00,0.00,0.00,0.00,1194723437.29,1282806765.36,0.00,0.00,1039043714.84,0.00,0.00,0.00,1.0000,1.0000,0,0,0,0,0,0,0,0
2058.00,0.00,0.00,0.00,0.00,0.00,0.00,0.00,0.00,1194723437.29,1282806765.36,0.00,0.00,1039043714.84,0.00,0.00,0.00,1.0000,1.0000,0,0,0,0,0,0,0,0
2060.00,0.00,0.00,0.00,0.00,0.00,0.00,0.00,0.00,1194723437.29,1282806765.36,0.00,0.00,1039043714.84,0.00,0.00,0.00,1.0000,1.0000,0,0,0,0,0,0,0,0
2062.00,0.00,0.00,0.00,0.00,0.00,0.00,0.00,0.00,1194723437.29,1282806765.36,0.00,0.00,1039043714.84,0.00,0.00,0.00,1.0000,1.0000,0,0,0,0,0,0,0,0
2064.00,0.00,0.00,0.00,0.00,0.00,0.00,0.00,0.00,1194723437.29,1282806765.36,0.00,0.00,1039043714.84,0.00,0.00,0.00,1.0000,1.0000,0,0,0,0,0,0,0,0
2066.00,0.00,0.00,0.00,0.00,0.00,0.00,0.00,0.00,1194723437.29,1282806765.36,0.00,0.00,1039043714.84,0.00,0.00,0.00,1.0000,1.0000,0,0,0,0,0,0,0,0
2068.00,0.00,0.00,0.00,0.00,0.00,0.00,0.00,0.00,1194723437.29,1282806765.36,0.00,0.00,1039043714.84,0.00,0.00,0.00,1.0000,1.0000,0,0,0,0,0,0,0,0
2070.00,0.00,0.00,0.00,0.00,0.00,0.00,0.00,0.00,1194723437.29,1282806765.36,0.00,0.00,1039043714.84,0.00,0.00,0.00,1.0000,1.0000,0,0,0,0,0,0,0,0
2072.00,0.00,0.00,0.00,0.00,0.00,0.00,0.00,0.00,1194723437.29,1282806765.36,0.00,0.00,1039043714.84,0.00,0.00,0.00,1.0000,1.0000,0,0,0,0,0,0,0,0
2074.00,0.00,0.00,0.00,0.00,0.00,0.00,0.00,0.00,1194723437.29,1282806765.36,0.00,0.00,1039043714.84,0.00,0.00,0.00,1.0000,1.0000,0,0,0,0,0,0,0,0
2076.00,0.00,0.00,0.00,0.00,0.00,0.00,0.00,0.00,1194723437.29,1282806765.36,0.00,0.00,1039043714.84,0.00,0.00,0.00,1.0000,1.0000,0,0,0,0,0,0,0,0
2078.00,0.00,0.00,0.00,0.00,0.00,0.00,0.00,0.00,1194723437.29,1282806765.36,0.00,0.00,1039043714.84,0.00,0.00,0.00,1.0000,1.0000,0,0,0,0,0,0,0,0
2080.00,0.00,0.00,0.00,0.00,0.00,0.00,0.00,0.00,1194723437.29,1282806765.36,0.00,0.00,1039043714.84,0.00,0.00,0.00,1.0000,1.0000,0,0,0,0,0,0,0,0
2082.00,0.00,0.00,0.00,0.00,0.00,0.00,0.00,0.00,1194723437.29,1282806765.36,0.00,0.00,1039043714.84,0.00,0.00,0.00,1.0000,1.0000,0,0,0,0,0,0,0,0
2084.00,0.00,0.00,0.00,0.00,0.00,0.00,0.00,0.00,1194723437.29,1282806765.36,0.00,0.00,1039043714.84,0.00,0.00,0.00,1.0000,1.0000,0,0,0,0,0,0,0,0
2086.00,0.00,0.00,0.00,0.00,0.00,0.00,0.00,0.00,1194723437.29,1282806765.36,0.00,0.00,1039043714.84,0.00,0.00,0.00,1.0000,1.0000,0,0,0,0,0,0,0,0
2088.00,0.00,0.00,0.00,0.00,0.00,0.00,0.00,0.00,1194723437.29,1282806765.36,0.00,0.00,1039043714.84,0.00,0.00,0.00,1.0000,1.0000,0,0,0,0,0,0,0,0
2090.00,0.00,0.00,0.00,0.00,0.00,0.00,0.00,0.00,1194723437.29,1282806765.36,0.00,0.00,1039043714.84,0.00,0.00,0.00,1.0000,1.0000,0,0,0,0,0,0,0,0
2092.00,0.00,0.00,0.00,0.00,0.00,0.00,0.00,0.00,1194723437.29,1282806765.36,0.00,0.00,1039043714.84,0.00,0.00,0.00,1.0000,1.0000,0,0,0,0,0,0,0,0
2094.00,0.00,0.00,0.00,0.00,0.00,0.00,0.00,0.00,1194723437.29,1282806765.36,0.00,0.00,1039043714.84,0.00,0.00,0.00,1.0000,1.0000,0,0,0,0,0,0,0,0
2096.00,0.00,0.00,0.00,0.00,0.00,0.00,0.00,0.00,1194723437.29,1282806765.36,0.00,0.00,1039043714.84,0.00,0.00,0.00,1.0000,1.0000,0,0,0,0,0,0,0,0
2098.00,0.00,0.00,0.00,0.00,0.00,0.00,0.00,0.00,1194723437.29,1282806765.36,0.00,0.00,1039043714.84,0.00,0.00,0.00,1.0000,1.0000,0,0,0,0,0,0,0,0
2100.00,0.00,0.00,0.00,0.00,0.00,0.00,0.00,0.00,1194723437.29,1282806765.36,0.00,0.00,1039043714.84,0.00,0.00,0.00,1.0000,1.0000,0,0,0,0,0,0,0,0
2102.00,0.00,0.00,0.00,0.00,0.00,0.00,0.00,0.00,1194723437.29,1282806765.36,0.00,0.00,1039043714.84,0.00,0.00,0.00,1.0000,1.0000,0,0,0,0,0,0,0,0
2104.00,0.00,0.00,0.00,0.00,0.00,0.00,0.00,0.00,1194723437.29,1282806765.36,0.00,0.00,1039043714.84,0.00,0.00,0.00,1.0000,1.0000,0,0,0,0,0,0,0,0
2106.00,0.00,0.00,0.00,0.00,0.00,0.00,0.00,0.00,1194723437.29,1282806765.36,0.00,0.00,1039043714.84,0.00,0.00,0.00,1.0000,1.0000,0,0,0,0,0,0,0,0
2108.00,0.00,0.00,0.00,0.00,0.00,0.00,0.00,0.00,1194723437.29,1282806765.36,0.00,0.00,1039043714.84,0.00,0.00,0.00,1.0000,1.0000,0,0,0,0,0,0,0,0
2110.00,0.00,0.00,0.00,0.00,0.00,0.00,0.00,0.00,1194723437.29,1282806765.36,0.00,0.00,1039043714.84,0.00,0.00,0.00,1.0000,1.0000,0,0,0,0,0,0,0,0
2112.00,0.00,0.00,0.00,0.00,0.00,0.00,0.00,0.00,1194723437.29,1282806765.36,0.00,0.00,1039043714.84,0.00,0.00,0.00,1.0000,1.0000,0,0,0,0,0,0,0,0
2114.00,0.00,0.00,0.00,0.00,0.00,0.00,0.00,0.00,1194723437.29,1282806765.36,0.00,0.00,1039043714.84,0.00,0.00,0.00,1.0000,1.0000,0,0,0,0,0,0,0,0
2116.00,0.00,0.00,0.00,0.00,0.00,0.00,0.00,0.00,1194723437.29,1282806765.36,0.00,0.00,1039043714.84,0.00,0.00,0.00,1.0000,1.0000,0,0,0,0,0,0,0,0
2118.00,0.00,0.00,0.00,0.00,0.00,0.00,0.00,0.00,1194723437.29,1282806765.36,0.00,0.00,1039043714.84,0.00,0.00,0.00,1.0000,1.0000,0,0,0,0,0,0,0,0
2120.00,0.00,0.00,0.00,0.00,0.00,0.00,0.00,0.00,1194723437.29,1282806765.36,0.00,0.00,1039043714.84,0.00,0.00,0.00,1.0000,1.0000,0,0,0,0,0,0,0,0
2122.00,0.00,0.00,0.00,0.00,0.00,0.00,0.00,0.00,1194723437.29,1282806765.36,0.00,0.00,1039043714.84,0.00,0.00,0.00,1.0000,1.0000,0,0,0,0,0,0,0,0
2124.00,0.00,0.00,0.00,0.00,0.00,0.00,0.00,0.00,1194723437.29,1282806765.36,0.00,0.00,1039043714.84,0.00,0.00,0.00,1.0000,1.0000,0,0,0,0,0,0,0,0
2126.00,0.00,0.00,0.00,0.00,0.00,0.00,0.00,0.00,1194723437.29,1282806765.36,0.00,0.00,1039043714.84,0.00,0.00,0.00,1.0000,1.0000,0,0,0,0,0,0,0,0
2128.00,0.00,0.00,0.00,0.00,0.00,0.00,0.00,0.00,1194723437.29,1282806765.36,0.00,0.00,1039043714.84,0.00,0.00,0.00,1.0000,1.0000,0,0,0,0,0,0,0,0
2130.00,0.00,0.00,0.00,0.00,0.00,0.00,0.00,0.00,1194723437.29,1282806765.36,0.00,0.00,1039043714.84,0.00,0.00,0.00,1.0000,1.0000,0,0,0,0,0,0,0,0
2132.00,0.00,0.00,0.00,0.00,0.00,0.00,0.00,0.00,1194723437.29,1282806765.36,0.00,0.00,1039043714.84,0.00,0.00,0.00,1.0000,1.0000,0,0,0,0,0,0,0,0
2134.00,0.00,0.00,0.00,0.00,0.00,0.00,0.00,0.00,1194723437.29,1282806765.36,0.00,0.00,1039043714.84,0.00,0.00,0.00,1.0000,1.0000,0,0,0,0,0,0,0,0
2136.00,0.00,0.00,0.00,0.00,0.00,0.00,0.00,0.00,1194723437.29,1282806765.36,0.00,0.00,1039043714.84,0.00,0.00,0.00,1.0000,1.0000,0,0,0,0,0,0,0,0
2138.00,0.00,0.00,0.00,0.00,0.00,0.00,0.00,0.00,1194723437.29,1282806765.36,0.00,0.00,1039043714.84,0.00,0.00,0.00,1.0000,1.0000,0,0,0,0,0,0,0,0
2140.00,0.00,0.00,0.00,0.00,0.00,0.00,0.00,0.00,1194723437.29,1282806765.36,0.00,0.00,1039043714.84,0.00,0.00,0.00,1.0000,1.0000,0,0,0,0,0,0,0,0
2142.00,0.00,0.00,0.00,0.00,0.00,0.00,0.00,0.00,1194723437.29,1282806765.36,0.00,0.00,1039043714.84,0.00,0.00,0.00,1.0000,1.0000,0,0,0,0,0,0,0,0
2144.00,0.00,0.00,0.00,0.00,0.00,0.00,0.00,0.00,1194723437.29,1282806765.36,0.00,0.00,1039043714.84,0.00,0.00,0.00,1.0000,1.0000,0,0,0,0,0,0,0,0
2146.00,0.00,0.00,0.00,0.00,0.00,0.00,0.00,0.00,1194723437.29,1282806765.36,0.00,0.00,1039043714.84,0.00,0.00,0.00,1.0000,1.0000,0,0,0,0,0,0,0,0
18446744067123.30,0.00,0.00,0.00,0.00,0.00,0.00,0.00,0.00,1194723437.29,1282806765.36,0.00,0.00,1039043714.84,0.00,0.00,0.00,1.0000,1.0000,0,0,0,0,0,0,0,0
18446744067125.30,0.00,0.00,0.00,0.00,0.00,0.00,0.00,0.00,1194723437.29,1282806765.36,0.00,0.00,1039043714.84,0.00,0.00,0.00,1.0000,1.0000,0,0,0,0,0,0,0,0
18446744067127.30,0.00,0.00,0.00,0.00,0.00,0.00,0.00,0.00,1194723437.29,1282806765.36,0.00,0.00,1039043714.84,0.00,0.00,0.00,1.0000,1.0000,0,0,0,0,0,0,0,0
18446744067129.30,0.00,0.00,0.00,0.00,0.00,0.00,0.00,0.00,1194723437.29,1282806765.36,0.00,0.00,1039043714.84,0.00,0.00,0.00,1.0000,1.0000,0,0,0,0,0,0,0,0
18446744067131.30,0.00,0.00,0.00,0.00,0.00,0.00,0.00,0.00,1194723437.29,1282806765.36,0.00,0.00,1039043714.84,0.00,0.00,0.00,1.0000,1.0000,0,0,0,0,0,0,0,0
18446744067133.30,0.00,0.00,0.00,0.00,0.00,0.00,0.00,0.00,1194723437.29,1282806765.36,0.00,0.00,1039043714.84,0.00,0.00,0.00,1.0000,1.0000,0,0,0,0,0,0,0,0
18446744067135.30,0.00,0.00,0.00,0.00,0.00,0.00,0.00,0.00,1194723437.29,1282806765.36,0.00,0.00,1039043714.84,0.00,0.00,0.00,1.0000,1.0000,0,0,0,0,0,0,0,0
18446744067137.30,0.00,0.00,0.00,0.00,0.00,0.00,0.00,0.00,1194723437.29,1282806765.36,0.00,0.00,1039043714.84,0.00,0.00,0.00,1.0000,1.0000,0,0,0,0,0,0,0,0
18446744067139.30,0.00,0.00,0.00,0.00,0.00,0.00,0.00,0.00,1194723437.29,1282806765.36,0.00,0.00,1039043714.84,0.00,0.00,0.00,1.0000,1.0000,0,0,0,0,0,0,0,0
18446744067141.30,0.00,0.00,0.00,0.00,0.00,0.00,0.00,0.00,1194723437.29,1282806765.36,0.00,0.00,1039043714.84,0.00,0.00,0.00,1.0000,1.0000,0,0,0,0,0,0,0,0
18446744067143.30,0.00,0.00,0.00,0.00,0.00,0.00,0.00,0.00,1194723437.29,1282806765.36,0.00,0.00,1039043714.84,0.00,0.00,0.00,1.0000,1.0000,0,0,0,0,0,0,0,0
18446744067145.30,0.00,0.00,0.00,0.00,0.00,0.00,0.00,0.00,1194723437.29,1282806765.36,0.00,0.00,1039043714.84,0.00,0.00,0.00,1.0000,1.0000,0,0,0,0,0,0,0,0
18446744067147.30,0.00,0.00,0.00,0.00,0.00,0.00,0.00,0.00,1194723437.29,1282806765.36,0.00,0.00,1039043714.84,0.00,0.00,0.00,1.0000,1.0000,0,0,0,0,0,0,0,0
18446744067149.30,0.00,0.00,0.00,0.00,0.00,0.00,0.00,0.00,1194723437.29,1282806765.36,0.00,0.00,1039043714.84,0.00,0.00,0.00,1.0000,1.0000,0,0,0,0,0,0,0,0
18446744067151.30,0.00,0.00,0.00,0.00,0.00,0.00,0.00,0.00,1194723437.29,1282806765.36,0.00,0.00,1039043714.84,0.00,0.00,0.00,1.0000,1.0000,0,0,0,0,0,0,0,0
18446744067153.30,0.00,0.00,0.00,0.00,0.00,0.00,0.00,0.00,1194723437.29,1282806765.36,0.00,0.00,1039043714.84,0.00,0.00,0.00,1.0000,1.0000,0,0,0,0,0,0,0,0
18446744067155.30,0.00,0.00,0.00,0.00,0.00,0.00,0.00,0.00,1194723437.29,1282806765.36,0.00,0.00,1039043714.84,0.00,0.00,0.00,1.0000,1.0000,0,0,0,0,0,0,0,0
18446744067157.30,0.00,0.00,0.00,0.00,0.00,0.00,0.00,0.00,1194723437.29,1282806765.36,0.00,0.00,1039043714.84,0.00,0.00,0.00,1.0000,1.0000,0,0,0,0,0,0,0,0
18446744067159.30,0.00,0.00,0.00,0.00,0.00,0.00,0.00,0.00,1194723437.29,1282806765.36,0.00,0.00,1039043714.84,0.00,0.00,0.00,1.0000,1.0000,0,0,0,0,0,0,0,0
18446744067161.30,0.00,0.00,0.00,0.00,0.00,0.00,0.00,0.00,1194723437.29,1282806765.36,0.00,0.00,1039043714.84,0.00,0.00,0.00,1.0000,1.0000,0,0,0,0,0,0,0,0
18446744067163.30,0.00,0.00,0.00,0.00,0.00,0.00,0.00,0.00,1194723437.29,1282806765.36,0.00,0.00,1039043714.84,0.00,0.00,0.00,1.0000,1.0000,0,0,0,0,0,0,0,0
18446744067165.30,0.00,0.00,0.00,0.00,0.00,0.00,0.00,0.00,1194723437.29,1282806765.36,0.00,0.00,1039043714.84,0.00,0.00,0.00,1.0000,1.0000,0,0,0,0,0,0,0,0
18446744067167.30,0.00,0.00,0.00,0.00,0.00,0.00,0.00,0.00,1194723437.29,1282806765.36,0.00,0.00,1039043714.84,0.00,0.00,0.00,1.0000,1.0000,0,0,0,0,0,0,0,0
18446744067169.30,0.00,0.00,0.00,0.00,0.00,0.00,0.00,0.00,1194723437.29,1282806765.36,0.00,0.00,1039043714.84,0.00,0.00,0.00,1.0000,1.0000,0,0,0,0,0,0,0,0
18446744067171.30,0.00,0.00,0.00,0.00,0.00,0.00,0.00,0.00,1194723437.29,1282806765.36,0.00,0.00,1039043714.84,0.00,0.00,0.00,1.0000,1.0000,0,0,0,0,0,0,0,0
18446744067173.30,0.00,0.00,0.00,0.00,0.00,0.00,0.00,0.00,1194723437.29,1282806765.36,0.00,0.00,1039043714.84,0.00,0.00,0.00,1.0000,1.0000,0,0,0,0,0,0,0,0
18446744067175.30,0.00,0.00,0.00,0.00,0.00,0.00,0.00,0.00,1194723437.29,1282806765.36,0.00,0.00,1039043714.84,0.00,0.00,0.00,1.0000,1.0000,0,0,0,0,0,0,0,0
18446744067177.30,0.00,0.00,0.00,0.00,0.00,0.00,0.00,0.00,1194723437.29,1282806765.36,0.00,0.00,1039043714.84,0.00,0.00,0.00,1.0000,1.0000,0,0,0,0,0,0,0,0
18446744067179.30,0.00,0.00,0.00,0.00,0.00,0.00,0.00,0.00,1194723437.29,1282806765.36,0.00,0.00,1039043714.84,0.00,0.00,0.00,1.0000,1.0000,0,0,0,0,0,0,0,0
18446744067181.30,0.00,0.00,0.00,0.00,0.00,0.00,0.00,0.00,1194723437.29,1282806765.36,0.00,0.00,1039043714.84,0.00,0.00,0.00,1.0000,1.0000,0,0,0,0,0,0,0,0
18446744067183.30,0.00,0.00,0.00,0.00,0.00,0.00,0.00,0.00,1194723437.29,1282806765.36,0.00,0.00,1039043714.84,0.00,0.00,0.00,1.0000,1.0000,0,0,0,0,0,0,0,0
18446744067185.30,0.00,0.00,0.00,0.00,0.00,0.00,0.00,0.00,1194723437.29,1282806765.36,0.00,0.00,1039043714.84,0.00,0.00,0.00,1.0000,1.0000,0,0,0,0,0,0,0,0
18446744067187.30,0.00,0.00,0.00,0.00,0.00,0.00,0.00,0.00,1194723437.29,1282806765.36,0.00,0.00,1039043714.84,0.00,0.00,0.00,1.0000,1.0000,0,0,0,0,0,0,0,0
18446744067189.30,0.00,0.00,0.00,0.00,0.00,0.00,0.00,0.00,1194723437.29,1282806765.36,0.00,0.00,1039043714.84,0.00,0.00,0.00,1.0000,1.0000,0,0,0,0,0,0,0,0
18446744067191.30,0.00,0.00,0.00,0.00,0.00,0.00,0.00,0.00,1194723437.29,1282806765.36,0.00,0.00,1039043714.84,0.00,0.00,0.00,1.0000,1.0000,0,0,0,0,0,0,0,0
18446744067193.30,0.00,0.00,0.00,0.00,0.00,0.00,0.00,0.00,1194723437.29,1282806765.36,0.00,0.00,1039043714.84,0.00,0.00,0.00,1.0000,1.0000,0,0,0,0,0,0,0,0
18446744067195.30,0.00,0.00,0.00,0.00,0.00,0.00,0.00,0.00,1194723437.29,1282806765.36,0.00,0.00,1039043714.84,0.00,0.00,0.00,1.0000,1.0000,0,0,0,0,0,0,0,0
18446744067197.30,0.00,0.00,0.00,0.00,0.00,0.00,0.00,0.00,1194723437.29,1282806765.36,0.00,0.00,1039043714.84,0.00,0.00,0.00,1.0000,1.0000,0,0,0,0,0,0,0,0
18446744067199.30,0.00,0.00,0.00,0.00,0.00,0.00,0.00,0.00,1194723437.29,1282806765.36,0.00,0.00,1039043714.84,0.00,0.00,0.00,1.0000,1.0000,0,0,0,0,0,0,0,0
18446744067201.30,0.00,0.00,0.00,0.00,0.00,0.00,0.00,0.00,1194723437.29,1282806765.36,0.00,0.00,1039043714.84,0.00,0.00,0.00,1.0000,1.0000,0,0,0,0,0,0,0,0
18446744067203.30,0.00,0.00,0.00,0.00,0.00,0.00,0.00,0.00,1194723437.29,1282806765.36,0.00,0.00,1039043714.84,0.00,0.00,0.00,1.0000,1.0000,0,0,0,0,0,0,0,0
18446744067205.30,0.00,0.00,0.00,0.00,0.00,0.00,0.00,0.00,1194723437.29,1282806765.36,0.00,0.00,1039043714.84,0.00,0.00,0.00,1.0000,1.0000,0,0,0,0,0,0,0,0
18446744067207.30,0.00,0.00,0.00,0.00,0.00,0.00,0.00,0.00,1194723437.29,1282806765.36,0.00,0.00,1039043714.84,0.00,0.00,0.00,1.0000,1.0000,0,0,0,0,0,0,0,0
18446744067209.30,0.00,0.00,0.00,0.00,0.00,0.00,0.00,0.00,1194723437.29,1282806765.36,0.00,0.00,1039043714.84,0.00,0.00,0.00,1.0000,1.0000,0,0,0,0,0,0,0,0
18446744067211.30,0.00,0.00,0.00,0.00,0.00,0.00,0.00,0.00,1194723437.29,1282806765.36,0.00,0.00,1039043714.84,0.00,0.00,0.00,1.0000,1.0000,0,0,0,0,0,0,0,0
18446744067213.30,0.00,0.00,0.00,0.00,0.00,0.00,0.00,0.00,1194723437.29,1282806765.36,0.00,0.00,1039043714.84,0.00,0.00,0.00,1.0000,1.0000,0,0,0,0,0,0,0,0
18446744067215.30,0.00,0.00,0.00,0.00,0.00,0.00,0.00,0.00,1194723437.29,1282806765.36,0.00,0.00,1039043714.84,0.00,0.00,0.00,1.0000,1.0000,0,0,0,0,0,0,0,0
18446744067217.30,0.00,0.00,0.00,0.00,0.00,0.00,0.00,0.00,1194723437.29,1282806765.36,0.00,0.00,1039043714.84,0.00,0.00,0.00,1.0000,1.0000,0,0,0,0,0,0,0,0
18446744067219.30,0.00,0.00,0.00,0.00,0.00,0.00,0.00,0.00,1194723437.29,1282806765.36,0.00,0.00,1039043714.84,0.00,0.00,0.00,1.0000,1.0000,0,0,0,0,0,0,0,0
18446744067221.30,0.00,0.00,0.00,0.00,0.00,0.00,0.00,0.00,1194723437.29,1282806765.36,0.00,0.00,1039043714.84,0.00,0.00,0.00,1.0000,1.0000,0,0,0,0,0,0,0,0
18446744067223.30,0.00,0.00,0.00,0.00,0.00,0.00,0.00,0.00,1194723437.29,1282806765.36,0.00,0.00,1039043714.84,0.00,0.00,0.00,1.0000,1.0000,0,0,0,0,0,0,0,0
18446744067225.30,0.00,0.00,0.00,0.00,0.00,0.00,0.00,0.00,1194723437.29,1282806765.36,0.00,0.00,1039043714.84,0.00,0.00,0.00,1.0000,1.0000,0,0,0,0,0,0,0,0
18446744067227.30,0.00,0.00,0.00,0.00,0.00,0.00,0.00,0.00,1194723437.29,1282806765.36,0.00,0.00,1039043714.84,0.00,0.00,0.00,1.0000,1.0000,0,0,0,0,0,0,0,0
18446744067229.30,0.00,0.00,0.00,0.00,0.00,0.00,0.00,0.00,1194723437.29,1282806765.36,0.00,0.00,1039043714.84,0.00,0.00,0.00,1.0000,1.0000,0,0,0,0,0,0,0,0
18446744067231.30,0.00,0.00,0.00,0.00,0.00,0.00,0.00,0.00,1194723437.29,1282806765.36,0.00,0.00,1039043714.84,0.00,0.00,0.00,1.0000,1.0000,0,0,0,0,0,0,0,0
18446744067233.30,0.00,0.00,0.00,0.00,0.00,0.00,0.00,0.00,1194723437.29,1282806765.36,0.00,0.00,1039043714.84,0.00,0.00,0.00,1.0000,1.0000,0,0,0,0,0,0,0,0
18446744067235.30,0.00,0.00,0.00,0.00,0.00,0.00,0.00,0.00,1194723437.29,1282806765.36,0.00,0.00,1039043714.84,0.00,0.00,0.00,1.0000,1.0000,0,0,0,0,0,0,0,0
18446744067237.30,0.00,0.00,0.00,0.00,0.00,0.00,0.00,0.00,1194723437.29,1282806765.36,0.00,0.00,1039043714.84,0.00,0.00,0.00,1.0000,1.0000,0,0,0,0,0,0,0,0
18446744067239.30,0.00,0.00,0.00,0.00,0.00,0.00,0.00,0.00,1194723437.29,1282806765.36,0.00,0.00,1039043714.84,0.00,0.00,0.00,1.0000,1.0000,0,0,0,0,0,0,0,0
18446744067241.30,0.00,0.00,0.00,0.00,0.00,0.00,0.00,0.00,1194723437.29,1282806765.36,0.00,0.00,1039043714.84,0.00,0.00,0.00,1.0000,1.0000,0,0,0,0,0,0,0,0
18446744067243.30,0.00,0.00,0.00,0.00,0.00,0.00,0.00,0.00,1194723437.29,1282806765.36,0.00,0.00,1039043714.84,0.00,0.00,0.00,1.0000,1.0000,0,0,0,0,0,0,0,0
18446744067245.30,0.00,0.00,0.00,0.00,0.00,0.00,0.00,0.00,1194723437.29,1282806765.36,0.00,0.00,1039043714.84,0.00,0.00,0.00,1.0000,1.0000,0,0,0,0,0,0,0,0
18446744067247.30,0.00,0.00,0.00,0.00,0.00,0.00,0.00,0.00,1194723437.29,1282806765.36,0.00,0.00,1039043714.84,0.00,0.00,0.00,1.0000,1.0000,0,0,0,0,0,0,0,0
18446744067249.30,0.00,0.00,0.00,0.00,0.00,0.00,0.00,0.00,1194723437.29,1282806765.36,0.00,0.00,1039043714.84,0.00,0.00,0.00,1.0000,1.0000,0,0,0,0,0,0,0,0
18446744067251.30,0.00,0.00,0.00,0.00,0.00,0.00,0.00,0.00,1194723437.29,1282806765.36,0.00,0.00,1039043714.84,0.00,0.00,0.00,1.0000,1.0000,0,0,0,0,0,0,0,0
18446744067253.30,0.00,0.00,0.00,0.00,0.00,0.00,0.00,0.00,1194723437.29,1282806765.36,0.00,0.00,1039043714.84,0.00,0.00,0.00,1.0000,1.0000,0,0,0,0,0,0,0,0
18446744067255.30,0.00,0.00,0.00,0.00,0.00,0.00,0.00,0.00,1194723437.29,1282806765.36,0.00,0.00,1039043714.84,0.00,0.00,0.00,1.0000,1.0000,0,0,0,0,0,0,0,0
18446744067257.30,0.00,0.00,0.00,0.00,0.00,0.00,0.00,0.00,1194723437.29,1282806765.36,0.00,0.00,1039043714.84,0.00,0.00,0.00,1.0000,1.0000,0,0,0,0,0,0,0,0
18446744067259.30,0.00,0.00,0.00,0.00,0.00,0.00,0.00,0.00,1194723437.29,1282806765.36,0.00,0.00,1039043714.84,0.00,0.00,0.00,1.0000,1.0000,0,0,0,0,0,0,0,0
18446744067261.30,0.00,0.00,0.00,0.00,0.00,0.00,0.00,0.00,1194723437.29,1282806765.36,0.00,0.00,1039043714.84,0.00,0.00,0.00,1.0000,1.0000,0,0,0,0,0,0,0,0
18446744067263.30,0.00,0.00,0.00,0.00,0.00,0.00,0.00,0.00,1194723437.29,1282806765.36,0.00,0.00,1039043714.84,0.00,0.00,0.00,1.0000,1.0000,0,0,0,0,0,0,0,0
18446744067265.30,0.00,0.00,0.00,0.00,0.00,0.00,0.00,0.00,1194723437.29,1282806765.36,0.00,0.00,1039043714.84,0.00,0.00,0.00,1.0000,1.0000,0,0,0,0,0,0,0,0
18446744067267.30,0.00,0.00,0.00,0.00,0.00,0.00,0.00,0.00,1194723437.29,1282806765.36,0.00,0.00,1039043714.84,0.00,0.00,0.00,1.0000,1.0000,0,0,0,0,0,0,0,0
18446744067269.30,0.00,0.00,0.00,0.00,0.00,0.00,0.00,0.00,1194723437.29,1282806765.36,0.00,0.00,1039043714.84,0.00,0.00,0.00,1.0000,1.0000,0,0,0,0,0,0,0,0
18446744067271.30,0.00,0.00,0.00,0.00,0.00,0.00,0.00,0.00,1194723437.29,1282806765.36,0.00,0.00,1039043714.84,0.00,0.00,0.00,1.0000,1.0000,0,0,0,0,0,0,0,0
18446744067273.30,0.00,0.00,0.00,0.00,0.00,0.00,0.00,0.00,1194723437.29,1282806765.36,0.00,0.00,1039043714.84,0.00,0.00,0.00,1.0000,1.0000,0,0,0,0,0,0,0,0
18446744067275.30,0.00,0.00,0.00,0.00,0.00,0.00,0.00,0.00,1194723437.29,1282806765.36,0.00,0.00,1039043714.84,0.00,0.00,0.00,1.0000,1.0000,0,0,0,0,0,0,0,0
18446744067277.30,0.00,0.00,0.00,0.00,0.00,0.00,0.00,0.00,1194723437.29,1282806765.36,0.00,0.00,1039043714.84,0.00,0.00,0.00,1.0000,1.0000,0,0,0,0,0,0,0,0
18446744067279.30,0.00,0.00,0.00,0.00,0.00,0.00,0.00,0.00,1194723437.29,1282806765.36,0.00,0.00,1039043714.84,0.00,0.00,0.00,1.0000,1.0000,0,0,0,0,0,0,0,0
18446744067281.30,0.00,0.00,0.00,0.00,0.00,0.00,0.00,0.00,1194723437.29,1282806765.36,0.00,0.00,1039043714.84,0.00,0.00,0.00,1.0000,1.0000,0,0,0,0,0,0,0,0
18446744067283.30,0.00,0.00,0.00,0.00,0.00,0.00,0.00,0.00,1194723437.29,1282806765.36,0.00,0.00,1039043714.84,0.00,0.00,0.00,1.0000,1.0000,0,0,0,0,0,0,0,0
18446744067285.30,0.00,0.00,0.00,0.00,0.00,0.00,0.00,0.00,1194723437.29,1282806765.36,0.00,0.00,1039043714.84,0.00,0.00,0.00,1.0000,1.0000,0,0,0,0,0,0,0,0
18446744067287.30,0.00,0.00,0.00,0.00,0.00,0.00,0.00,0.00,1194723437.29,1282806765.36,0.00,0.00,1039043714.84,0.00,0.00,0.00,1.0000,1.0000,0,0,0,0,0,0,0,0
18446744067289.30,0.00,0.00,0.00,0.00,0.00,0.00,0.00,0.00,1194723437.29,1282806765.36,0.00,0.00,1039043714.84,0.00,0.00,0.00,1.0000,1.0000,0,0,0,0,0,0,0,0
18446744067291.30,0.00,0.00,0.00,0.00,0.00,0.00,0.00,0.00,1194723437.29,1282806765.36,0.00,0.00,1039043714.84,0.00,0.00,0.00,1.0000,1.0000,0,0,0,0,0,0,0,0
18446744067293.30,0.00,0.00,0.00,0.00,0.00,0.00,0.00,0.00,1194723437.29,1282806765.36,0.00,0.00,1039043714.84,0.00,0.00,0.00,1.0000,1.0000,0,0,0,0,0,0,0,0
18446744067295.30,0.00,0.00,0.00,0.00,0.00,0.00,0.00,0.00,1194723437.29,1282806765.36,0.00,0.00,1039043714.84,0.00,0.00,0.00,1.0000,1.0000,0,0,0,0,0,0,0,0
18446744067297.30,0.00,0.00,0.00,0.00,0.00,0.00,0.00,0.00,1194723437.29,1282806765.36,0.00,0.00,1039043714.84,0.00,0.00,0.00,1.0000,1.0000,0,0,0,0,0,0,0,0
18446744067299.30,0.00,0.00,0.00,0.00,0.00,0.00,0.00,0.00,1194723437.29,1282806765.36,0.00,0.00,1039043714.84,0.00,0.00,0.00,1.0000,1.0000,0,0,0,0,0,0,0,0
18446744067301.30,0.00,0.00,0.00,0.00,0.00,0.00,0.00,0.00,1194723437.29,1282806765.36,0.00,0.00,1039043714.84,0.00,0.00,0.00,1.0000,1.0000,0,0,0,0,0,0,0,0
18446744067303.30,0.00,0.00,0.00,0.00,0.00,0.00,0.00,0.00,1194723437.29,1282806765.36,0.00,0.00,1039043714.84,0.00,0.00,0.00,1.0000,1.0000,0,0,0,0,0,0,0,0
18446744067305.30,0.00,0.00,0.00,0.00,0.00,0.00,0.00,0.00,1194723437.29,1282806765.36,0.00,0.00,1039043714.84,0.00,0.00,0.00,1.0000,1.0000,0,0,0,0,0,0,0,0
18446744067307.30,0.00,0.00,0.00,0.00,0.00,0.00,0.00,0.00,1194723437.29,1282806765.36,0.00,0.00,1039043714.84,0.00,0.00,0.00,1.0000,1.0000,0,0,0,0,0,0,0,0
18446744067309.30,0.00,0.00,0.00,0.00,0.00,0.00,0.00,0.00,1194723437.29,1282806765.36,0.00,0.00,1039043714.84,0.00,0.00,0.00,1.0000,1.0000,0,0,0,0,0,0,0,0
18446744067311.30,0.00,0.00,0.00,0.00,0.00,0.00,0.00,0.00,1194723437.29,1282806765.36,0.00,0.00,1039043714.84,0.00,0.00,0.00,1.0000,1.0000,0,0,0,0,0,0,0,0
18446744067313.30,0.00,0.00,0.00,0.00,0.00,0.00,0.00,0.00,1194723437.29,1282806765.36,0.00,0.00,1039043714.84,0.00,0.00,0.00,1.0000,1.0000,0,0,0,0,0,0,0,0
18446744067315.30,0.00,0.00,0.00,0.00,0.00,0.00,0.00,0.00,1194723437.29,1282806765.36,0.00,0.00,1039043714.84,0.00,0.00,0.00,1.0000,1.0000,0,0,0,0,0,0,0,0
18446744067317.30,0.00,0.00,0.00,0.00,0.00,0.00,0.00,0.00,1194723437.29,1282806765.36,0.00,0.00,1039043714.84,0.00,0.00,0.00,1.0000,1.0000,0,0,0,0,0,0,0,0
18446744067319.30,0.00,0.00,0.00,0.00,0.00,0.00,0.00,0.00,1194723437.29,1282806765.36,0.00,0.00,1039043714.84,0.00,0.00,0.00,1.0000,1.0000,0,0,0,0,0,0,0,0
18446744067321.30,0.00,0.00,0.00,0.00,0.00,0.00,0.00,0.00,1194723437.29,1282806765.36,0.00,0.00,1039043714.84,0.00,0.00,0.00,1.0000,1.0000,0,0,0,0,0,0,0,0
18446744067323.30,0.00,0.00,0.00,0.00,0.00,0.00,0.00,0.00,1194723437.29,1282806765.36,0.00,0.00,1039043714.84,0.00,0.00,0.00,1.0000,1.0000,0,0,0,0,0,0,0,0
18446744067325.30,0.00,0.00,0.00,0.00,0.00,0.00,0.00,0.00,1194723437.29,1282806765.36,0.00,0.00,1039043714.84,0.00,0.00,0.00,1.0000,1.0000,0,0,0,0,0,0,0,0
18446744067327.30,0.00,0.00,0.00,0.00,0.00,0.00,0.00,0.00,1194723437.29,1282806765.36,0.00,0.00,1039043714.84,0.00,0.00,0.00,1.0000,1.0000,0,0,0,0,0,0,0,0
18446744067329.30,0.00,0.00,0.00,0.00,0.00,0.00,0.00,0.00,1194723437.29,1282806765.36,0.00,0.00,1039043714.84,0.00,0.00,0.00,1.0000,1.0000,0,0,0,0,0,0,0,0
18446744067331.30,0.00,0.00,0.00,0.00,0.00,0.00,0.00,0.00,1194723437.29,1282806765.36,0.00,0.00,1039043714.84,0.00,0.00,0.00,1.0000,1.0000,0,0,0,0,0,0,0,0
18446744067333.30,0.00,0.00,0.00,0.00,0.00,0.00,0.00,0.00,1194723437.29,1282806765.36,0.00,0.00,1039043714.84,0.00,0.00,0.00,1.0000,1.0000,0,0,0,0,0,0,0,0
18446744067335.30,0.00,0.00,0.00,0.00,0.00,0.00,0.00,0.00,1194723437.29,1282806765.36,0.00,0.00,1039043714.84,0.00,0.00,0.00,1.0000,1.0000,0,0,0,0,0,0,0,0
18446744067337.30,0.00,0.00,0.00,0.00,0.00,0.00,0.00,0.00,1194723437.29,1282806765.36,0.00,0.00,1039043714.84,0.00,0.00,0.00,1.0000,1.0000,0,0,0,0,0,0,0,0
18446744067339.30,0.00,0.00,0.00,0.00,0.00,0.00,0.00,0.00,1194723437.29,1282806765.36,0.00,0.00,1039043714.84,0.00,0.00,0.00,1.0000,1.0000,0,0,0,0,0,0,0,0
18446744067341.30,0.00,0.00,0.00,0.00,0.00,0.00,0.00,0.00,1194723437.29,1282806765.36,0.00,0.00,1039043714.84,0.00,0.00,0.00,1.0000,1.0000,0,0,0,0,0,0,0,0
18446744067343.30,0.00,0.00,0.00,0.00,0.00,0.00,0.00,0.00,1194723437.29,1282806765.36,0.00,0.00,1039043714.84,0.00,0.00,0.00,1.0000,1.0000,0,0,0,0,0,0,0,0
18446744067345.30,0.00,0.00,0.00,0.00,0.00,0.00,0.00,0.00,1194723437.29,1282806765.36,0.00,0.00,1039043714.84,0.00,0.00,0.00,1.0000,1.0000,0,0,0,0,0,0,0,0
18446744067347.30,0.00,0.00,0.00,0.00,0.00,0.00,0.00,0.00,1194723437.29,1282806765.36,0.00,0.00,1039043714.84,0.00,0.00,0.00,1.0000,1.0000,0,0,0,0,0,0,0,0
18446744067349.30,0.00,0.00,0.00,0.00,0.00,0.00,0.00,0.00,1194723437.29,1282806765.36,0.00,0.00,1039043714.84,0.00,0.00,0.00,1.0000,1.0000,0,0,0,0,0,0,0,0
18446744067351.30,0.00,0.00,0.00,0.00,0.00,0.00,0.00,0.00,1194723437.29,1282806765.36,0.00,0.00,1039043714.84,0.00,0.00,0.00,1.0000,1.0000,0,0,0,0,0,0,0,0
18446744067353.30,0.00,0.00,0.00,0.00,0.00,0.00,0.00,0.00,1194723437.29,1282806765.36,0.00,0.00,1039043714.84,0.00,0.00,0.00,1.0000,1.0000,0,0,0,0,0,0,0,0
18446744067355.30,0.00,0.00,0.00,0.00,0.00,0.00,0.00,0.00,1194723437.29,1282806765.36,0.00,0.00,1039043714.84,0.00,0.00,0.00,1.0000,1.0000,0,0,0,0,0,0,0,0
18446744067357.30,0.00,0.00,0.00,0.00,0.00,0.00,0.00,0.00,1194723437.29,1282806765.36,0.00,0.00,1039043714.84,0.00,0.00,0.00,1.0000,1.0000,0,0,0,0,0,0,0,0
18446744067359.30,0.00,0.00,0.00,0.00,0.00,0.00,0.00,0.00,1194723437.29,1282806765.36,0.00,0.00,1039043714.84,0.00,0.00,0.00,1.0000,1.0000,0,0,0,0,0,0,0,0
18446744067361.30,0.00,0.00,0.00,0.00,0.00,0.00,0.00,0.00,1194723437.29,1282806765.36,0.00,0.00,1039043714.84,0.00,0.00,0.00,1.0000,1.0000,0,0,0,0,0,0,0,0
18446744067363.30,0.00,0.00,0.00,0.00,0.00,0.00,0.00,0.00,1194723437.29,1282806765.36,0.00,0.00,1039043714.84,0.00,0.00,0.00,1.0000,1.0000,0,0,0,0,0,0,0,0
18446744067365.30,0.00,0.00,0.00,0.00,0.00,0.00,0.00,0.00,1194723437.29,1282806765.36,0.00,0.00,1039043714.84,0.00,0.00,0.00,1.0000,1.0000,0,0,0,0,0,0,0,0
18446744067367.30,0.00,0.00,0.00,0.00,0.00,0.00,0.00,0.00,1194723437.29,1282806765.36,0.00,0.00,1039043714.84,0.00,0.00,0.00,1.0000,1.0000,0,0,0,0,0,0,0,0
18446744067369.30,0.00,0.00,0.00,0.00,0.00,0.00,0.00,0.00,1194723437.29,1282806765.36,0.00,0.00,1039043714.84,0.00,0.00,0.00,1.0000,1.0000,0,0,0,0,0,0,0,0
18446744067371.30,0.00,0.00,0.00,0.00,0.00,0.00,0.00,0.00,1194723437.29,1282806765.36,0.00,0.00,1039043714.84,0.00,0.00,0.00,1.0000,1.0000,0,0,0,0,0,0,0,0
18446744067373.30,0.00,0.00,0.00,0.00,0.00,0.00,0.00,0.00,1194723437.29,1282806765.36,0.00,0.00,1039043714.84,0.00,0.00,0.00,1.0000,1.0000,0,0,0,0,0,0,0,0
18446744067375.30,0.00,0.00,0.00,0.00,0.00,0.00,0.00,0.00,1194723437.29,1282806765.36,0.00,0.00,1039043714.84,0.00,0.00,0.00,1.0000,1.0000,0,0,0,0,0,0,0,0
18446744067377.30,0.00,0.00,0.00,0.00,0.00,0.00,0.00,0.00,1194723437.29,1282806765.36,0.00,0.00,1039043714.84,0.00,0.00,0.00,1.0000,1.0000,0,0,0,0,0,0,0,0
18446744067379.30,0.00,0.00,0.00,0.00,0.00,0.00,0.00,0.00,1194723437.29,1282806765.36,0.00,0.00,1039043714.84,0.00,0.00,0.00,1.0000,1.0000,0,0,0,0,0,0,0,0
18446744067381.30,0.00,0.00,0.00,0.00,0.00,0.00,0.00,0.00,1194723437.29,1282806765.36,0.00,0.00,1039043714.84,0.00,0.00,0.00,1.0000,1.0000,0,0,0,0,0,0,0,0
18446744067383.30,0.00,0.00,0.00,0.00,0.00,0.00,0.00,0.00,1194723437.29,1282806765.36,0.00,0.00,1039043714.84,0.00,0.00,0.00,1.0000,1.0000,0,0,0,0,0,0,0,0
18446744067385.30,0.00,0.00,0.00,0.00,0.00,0.00,0.00,0.00,1194723437.29,1282806765.36,0.00,0.00,1039043714.84,0.00,0.00,0.00,1.0000,1.0000,0,0,0,0,0,0,0,0
18446744067387.30,0.00,0.00,0.00,0.00,0.00,0.00,0.00,0.00,1194723437.29,1282806765.36,0.00,0.00,1039043714.84,0.00,0.00,0.00,1.0000,1.0000,0,0,0,0,0,0,0,0
18446744067389.30,0.00,0.00,0.00,0.00,0.00,0.00,0.00,0.00,1194723437.29,1282806765.36,0.00,0.00,1039043714.84,0.00,0.00,0.00,1.0000,1.0000,0,0,0,0,0,0,0,0
18446744067391.30,0.00,0.00,0.00,0.00,0.00,0.00,0.00,0.00,1194723437.29,1282806765.36,0.00,0.00,1039043714.84,0.00,0.00,0.00,1.0000,1.0000,0,0,0,0,0,0,0,0
18446744067393.30,0.00,0.00,0.00,0.00,0.00,0.00,0.00,0.00,1194723437.29,1282806765.36,0.00,0.00,1039043714.84,0.00,0.00,0.00,1.0000,1.0000,0,0,0,0,0,0,0,0
18446744067395.30,0.00,0.00,0.00,0.00,0.00,0.00,0.00,0.00,1194723437.29,1282806765.36,0.00,0.00,1039043714.84,0.00,0.00,0.00,1.0000,1.0000,0,0,0,0,0,0,0,0
18446744067397.30,0.00,0.00,0.00,0.00,0.00,0.00,0.00,0.00,1194723437.29,1282806765.36,0.00,0.00,1039043714.84,0.00,0.00,0.00,1.0000,1.0000,0,0,0,0,0,0,0,0
18446744067399.30,0.00,0.00,0.00,0.00,0.00,0.00,0.00,0.00,1194723437.29,1282806765.36,0.00,0.00,1039043714.84,0.00,0.00,0.00,1.0000,1.0000,0,0,0,0,0,0,0,0
18446744067401.30,0.00,0.00,0.00,0.00,0.00,0.00,0.00,0.00,1194723437.29,1282806765.36,0.00,0.00,1039043714.84,0.00,0.00,0.00,1.0000,1.0000,0,0,0,0,0,0,0,0
18446744067403.30,0.00,0.00,0.00,0.00,0.00,0.00,0.00,0.00,1194723437.29,1282806765.36,0.00,0.00,1039043714.84,0.00,0.00,0.00,1.0000,1.0000,0,0,0,0,0,0,0,0
18446744067405.30,0.00,0.00,0.00,0.00,0.00,0.00,0.00,0.00,1194723437.29,1282806765.36,0.00,0.00,1039043714.84,0.00,0.00,0.00,1.0000,1.0000,0,0,0,0,0,0,0,0
18446744067407.30,0.00,0.00,0.00,0.00,0.00,0.00,0.00,0.00,1194723437.29,1282806765.36,0.00,0.00,1039043714.84,0.00,0.00,0.00,1.0000,1.0000,0,0,0,0,0,0,0,0
18446744067409.30,0.00,0.00,0.00,0.00,0.00,0.00,0.00,0.00,1194723437.29,1282806765.36,0.00,0.00,1039043714.84,0.00,0.00,0.00,1.0000,1.0000,0,0,0,0,0,0,0,0
18446744067411.30,0.00,0.00,0.00,0.00,0.00,0.00,0.00,0.00,1194723437.29,1282806765.36,0.00,0.00,1039043714.84,0.00,0.00,0.00,1.0000,1.0000,0,0,0,0,0,0,0,0
18446744067413.30,0.00,0.00,0.00,0.00,0.00,0.00,0.00,0.00,1194723437.29,1282806765.36,0.00,0.00,1039043714.84,0.00,0.00,0.00,1.0000,1.0000,0,0,0,0,0,0,0,0
18446744067415.30,0.00,0.00,0.00,0.00,0.00,0.00,0.00,0.00,1194723437.29,1282806765.36,0.00,0.00,1039043714.84,0.00,0.00,0.00,1.0000,1.0000,0,0,0,0,0,0,0,0
18446744067417.30,0.00,0.00,0.00,0.00,0.00,0.00,0.00,0.00,1194723437.29,1282806765.36,0.00,0.00,1039043714.84,0.00,0.00,0.00,1.0000,1.0000,0,0,0,0,0,0,0,0
18446744067419.30,0.00,0.00,0.00,0.00,0.00,0.00,0.00,0.00,1194723437.29,1282806765.36,0.00,0.00,1039043714.84,0.00,0.00,0.00,1.0000,1.0000,0,0,0,0,0,0,0,0
18446744067421.30,0.00,0.00,0.00,0.00,0.00,0.00,0.00,0.00,1194723437.29,1282806765.36,0.00,0.00,1039043714.84,0.00,0.00,0.00,1.0000,1.0000,0,0,0,0,0,0,0,0
18446744067423.30,0.00,0.00,0.00,0.00,0.00,0.00,0.00,0.00,1194723437.29,1282806765.36,0.00,0.00,1039043714.84,0.00,0.00,0.00,1.0000,1.0000,0,0,0,0,0,0,0,0
18446744067425.30,0.00,0.00,0.00,0.00,0.00,0.00,0.00,0.00,1194723437.29,1282806765.36,0.00,0.00,1039043714.84,0.00,0.00,0.00,1.0000,1.0000,0,0,0,0,0,0,0,0
18446744067427.30,0.00,0.00,0.00,0.00,0.00,0.00,0.00,0.00,1194723437.29,1282806765.36,0.00,0.00,1039043714.84,0.00,0.00,0.00,1.0000,1.0000,0,0,0,0,0,0,0,0
18446744067429.30,0.00,0.00,0.00,0.00,0.00,0.00,0.00,0.00,1194723437.29,1282806765.36,0.00,0.00,1039043714.84,0.00,0.00,0.00,1.0000,1.0000,0,0,0,0,0,0,0,0
18446744067431.30,0.00,0.00,0.00,0.00,0.00,0.00,0.00,0.00,1194723437.29,1282806765.36,0.00,0.00,1039043714.84,0.00,0.00,0.00,1.0000,1.0000,0,0,0,0,0,0,0,0
18446744067433.30,0.00,0.00,0.00,0.00,0.00,0.00,0.00,0.00,1194723437.29,1282806765.36,0.00,0.00,1039043714.84,0.00,0.00,0.00,1.0000,1.0000,0,0,0,0,0,0,0,0
18446744067435.30,0.00,0.00,0.00,0.00,0.00,0.00,0.00,0.00,1194723437.29,1282806765.36,0.00,0.00,1039043714.84,0.00,0.00,0.00,1.0000,1.0000,0,0,0,0,0,0,0,0
18446744067437.30,0.00,0.00,0.00,0.00,0.00,0.00,0.00,0.00,1194723437.29,1282806765.36,0.00,0.00,1039043714.84,0.00,0.00,0.00,1.0000,1.0000,0,0,0,0,0,0,0,0
18446744067439.30,0.00,0.00,0.00,0.00,0.00,0.00,0.00,0.00,1194723437.29,1282806765.36,0.00,0.00,1039043714.84,0.00,0.00,0.00,1.0000,1.0000,0,0,0,0,0,0,0,0
18446744067441.30,0.00,0.00,0.00,0.00,0.00,0.00,0.00,0.00,1194723437.29,1282806765.36,0.00,0.00,1039043714.84,0.00,0.00,0.00,1.0000,1.0000,0,0,0,0,0,0,0,0
18446744067443.30,0.00,0.00,0.00,0.00,0.00,0.00,0.00,0.00,1194723437.29,1282806765.36,0.00,0.00,1039043714.84,0.00,0.00,0.00,1.0000,1.0000,0,0,0,0,0,0,0,0
18446744067445.30,0.00,0.00,0.00,0.00,0.00,0.00,0.00,0.00,1194723437.29,1282806765.36,0.00,0.00,1039043714.84,0.00,0.00,0.00,1.0000,1.0000,0,0,0,0,0,0,0,0
18446744067447.30,0.00,0.00,0.00,0.00,0.00,0.00,0.00,0.00,1194723437.29,1282806765.36,0.00,0.00,1039043714.84,0.00,0.00,0.00,1.0000,1.0000,0,0,0,0,0,0,0,0
18446744067449.30,0.00,0.00,0.00,0.00,0.00,0.00,0.00,0.00,1194723437.29,1282806765.36,0.00,0.00,1039043714.84,0.00,0.00,0.00,1.0000,1.0000,0,0,0,0,0,0,0,0
18446744067451.30,0.00,0.00,0.00,0.00,0.00,0.00,0.00,0.00,1194723437.29,1282806765.36,0.00,0.00,1039043714.84,0.00,0.00,0.00,1.0000,1.0000,0,0,0,0,0,0,0,0
18446744067453.30,0.00,0.00,0.00,0.00,0.00,0.00,0.00,0.00,1194723437.29,1282806765.36,0.00,0.00,1039043714.84,0.00,0.00,0.00,1.0000,1.0000,0,0,0,0,0,0,0,0
18446744067455.30,0.00,0.00,0.00,0.00,0.00,0.00,0.00,0.00,1194723437.29,1282806765.36,0.00,0.00,1039043714.84,0.00,0.00,0.00,1.0000,1.0000,0,0,0,0,0,0,0,0
18446744067457.30,0.00,0.00,0.00,0.00,0.00,0.00,0.00,0.00,1194723437.29,1282806765.36,0.00,0.00,1039043714.84,0.00,0.00,0.00,1.0000,1.0000,0,0,0,0,0,0,0,0
18446744067459.30,0.00,0.00,0.00,0.00,0.00,0.00,0.00,0.00,1194723437.29,1282806765.36,0.00,0.00,1039043714.84,0.00,0.00,0.00,1.0000,1.0000,0,0,0,0,0,0,0,0
18446744067461.30,0.00,0.00,0.00,0.00,0.00,0.00,0.00,0.00,1194723437.29,1282806765.36,0.00,0.00,1039043714.84,0.00,0.00,0.00,1.0000,1.0000,0,0,0,0,0,0,0,0
18446744067463.30,0.00,0.00,0.00,0.00,0.00,0.00,0.00,0.00,1194723437.29,1282806765.36,0.00,0.00,1039043714.84,0.00,0.00,0.00,1.0000,1.0000,0,0,0,0,0,0,0,0
18446744067465.30,0.00,0.00,0.00,0.00,0.00,0.00,0.00,0.00,1194723437.29,1282806765.36,0.00,0.00,1039043714.84,0.00,0.00,0.00,1.0000,1.0000,0,0,0,0,0,0,0,0
18446744067467.30,0.00,0.00,0.00,0.00,0.00,0.00,0.00,0.00,1194723437.29,1282806765.36,0.00,0.00,1039043714.84,0.00,0.00,0.00,1.0000,1.0000,0,0,0,0,0,0,0,0
18446744067469.30,0.00,0.00,0.00,0.00,0.00,0.00,0.00,0.00,1194723437.29,1282806765.36,0.00,0.00,1039043714.84,0.00,0.00,0.00,1.0000,1.0000,0,0,0,0,0,0,0,0
18446744067471.30,0.00,0.00,0.00,0.00,0.00,0.00,0.00,0.00,1194723437.29,1282806765.36,0.00,0.00,1039043714.84,0.00,0.00,0.00,1.0000,1.0000,0,0,0,0,0,0,0,0
18446744067473.30,0.00,0.00,0.00,0.00,0.00,0.00,0.00,0.00,1194723437.29,1282806765.36,0.00,0.00,1039043714.84,0.00,0.00,0.00,1.0000,1.0000,0,0,0,0,0,0,0,0
18446744067475.30,0.00,0.00,0.00,0.00,0.00,0.00,0.00,0.00,1194723437.29,1282806765.36,0.00,0.00,1039043714.84,0.00,0.00,0.00,1.0000,1.0000,0,0,0,0,0,0,0,0
18446744067477.30,0.00,0.00,0.00,0.00,0.00,0.00,0.00,0.00,1194723437.29,1282806765.36,0.00,0.00,1039043714.84,0.00,0.00,0.00,1.0000,1.0000,0,0,0,0,0,0,0,0
18446744067479.30,0.00,0.00,0.00,0.00,0.00,0.00,0.00,0.00,1194723437.29,1282806765.36,0.00,0.00,1039043714.84,0.00,0.00,0.00,1.0000,1.0000,0,0,0,0,0,0,0,0
18446744067481.30,0.00,0.00,0.00,0.00,0.00,0.00,0.00,0.00,1194723437.29,1282806765.36,0.00,0.00,1039043714.84,0.00,0.00,0.00,1.0000,1.0000,0,0,0,0,0,0,0,0
18446744067483.30,0.00,0.00,0.00,0.00,0.00,0.00,0.00,0.00,1194723437.29,1282806765.36,0.00,0.00,1039043714.84,0.00,0.00,0.00,1.0000,1.0000,0,0,0,0,0,0,0,0
18446744067485.30,0.00,0.00,0.00,0.00,0.00,0.00,0.00,0.00,1194723437.29,1282806765.36,0.00,0.00,1039043714.84,0.00,0.00,0.00,1.0000,1.0000,0,0,0,0,0,0,0,0
18446744067487.30,0.00,0.00,0.00,0.00,0.00,0.00,0.00,0.00,1194723437.29,1282806765.36,0.00,0.00,1039043714.84,0.00,0.00,0.00,1.0000,1.0000,0,0,0,0,0,0,0,0
18446744067489.30,0.00,0.00,0.00,0.00,0.00,0.00,0.00,0.00,1194723437.29,1282806765.36,0.00,0.00,1039043714.84,0.00,0.00,0.00,1.0000,1.0000,0,0,0,0,0,0,0,0
18446744067491.30,0.00,0.00,0.00,0.00,0.00,0.00,0.00,0.00,1194723437.29,1282806765.36,0.00,0.00,1039043714.84,0.00,0.00,0.00,1.0000,1.0000,0,0,0,0,0,0,0,0
18446744067493.30,0.00,0.00,0.00,0.00,0.00,0.00,0.00,0.00,1194723437.29,1282806765.36,0.00,0.00,1039043714.84,0.00,0.00,0.00,1.0000,1.0000,0,0,0,0,0,0,0,0
18446744067495.30,0.00,0.00,0.00,0.00,0.00,0.00,0.00,0.00,1194723437.29,1282806765.36,0.00,0.00,1039043714.84,0.00,0.00,0.00,1.0000,1.0000,0,0,0,0,0,0,0,0
18446744067497.30,0.00,0.00,0.00,0.00,0.00,0.00,0.00,0.00,1194723437.29,1282806765.36,0.00,0.00,1039043714.84,0.00,0.00,0.00,1.0000,1.0000,0,0,0,0,0,0,0,0
18446744067499.30,0.00,0.00,0.00,0.00,0.00,0.00,0.00,0.00,1194723437.29,1282806765.36,0.00,0.00,1039043714.84,0.00,0.00,0.00,1.0000,1.0000,0,0,0,0,0,0,0,0
18446744067501.30,0.00,0.00,0.00,0.00,0.00,0.00,0.00,0.00,1194723437.29,1282806765.36,0.00,0.00,1039043714.84,0.00,0.00,0.00,1.0000,1.0000,0,0,0,0,0,0,0,0
18446744067503.30,0.00,0.00,0.00,0.00,0.00,0.00,0.00,0.00,1194723437.29,1282806765.36,0.00,0.00,1039043714.84,0.00,0.00,0.00,1.0000,1.0000,0,0,0,0,0,0,0,0
18446744067505.30,0.00,0.00,0.00,0.00,0.00,0.00,0.00,0.00,1194723437.29,1282806765.36,0.00,0.00,1039043714.84,0.00,0.00,0.00,1.0000,1.0000,0,0,0,0,0,0,0,0
18446744067507.30,0.00,0.00,0.00,0.00,0.00,0.00,0.00,0.00,1194723437.29,1282806765.36,0.00,0.00,1039043714.84,0.00,0.00,0.00,1.0000,1.0000,0,0,0,0,0,0,0,0
18446744067509.30,0.00,0.00,0.00,0.00,0.00,0.00,0.00,0.00,1194723437.29,1282806765.36,0.00,0.00,1039043714.84,0.00,0.00,0.00,1.0000,1.0000,0,0,0,0,0,0,0,0
18446744067511.30,0.00,0.00,0.00,0.00,0.00,0.00,0.00,0.00,1194723437.29,1282806765.36,0.00,0.00,1039043714.84,0.00,0.00,0.00,1.0000,1.0000,0,0,0,0,0,0,0,0
18446744067513.30,0.00,0.00,0.00,0.00,0.00,0.00,0.00,0.00,1194723437.29,1282806765.36,0.00,0.00,1039043714.84,0.00,0.00,0.00,1.0000,1.0000,0,0,0,0,0,0,0,0
18446744067515.30,0.00,0.00,0.00,0.00,0.00,0.00,0.00,0.00,1194723437.29,1282806765.36,0.00,0.00,1039043714.84,0.00,0.00,0.00,1.0000,1.0000,0,0,0,0,0,0,0,0
18446744067517.30,0.00,0.00,0.00,0.00,0.00,0.00,0.00,0.00,1194723437.29,1282806765.36,0.00,0.00,1039043714.84,0.00,0.00,0.00,1.0000,1.0000,0,0,0,0,0,0,0,0
18446744067519.30,0.00,0.00,0.00,0.00,0.00,0.00,0.00,0.00,1194723437.29,1282806765.36,0.00,0.00,1039043714.84,0.00,0.00,0.00,1.0000,1.0000,0,0,0,0,0,0,0,0
18446744067521.30,0.00,0.00,0.00,0.00,0.00,0.00,0.00,0.00,1194723437.29,1282806765.36,0.00,0.00,1039043714.84,0.00,0.00,0.00,1.0000,1.0000,0,0,0,0,0,0,0,0
18446744067523.30,0.00,0.00,0.00,0.00,0.00,0.00,0.00,0.00,1194723437.29,1282806765.36,0.00,0.00,1039043714.84,0.00,0.00,0.00,1.0000,1.0000,0,0,0,0,0,0,0,0
18446744067525.30,0.00,0.00,0.00,0.00,0.00,0.00,0.00,0.00,1194723437.29,1282806765.36,0.00,0.00,1039043714.84,0.00,0.00,0.00,1.0000,1.0000,0,0,0,0,0,0,0,0
18446744067527.30,0.00,0.00,0.00,0.00,0.00,0.00,0.00,0.00,1194723437.29,1282806765.36,0.00,0.00,1039043714.84,0.00,0.00,0.00,1.0000,1.0000,0,0,0,0,0,0,0,0
18446744067529.30,0.00,0.00,0.00,0.00,0.00,0.00,0.00,0.00,1194723437.29,1282806765.36,0.00,0.00,1039043714.84,0.00,0.00,0.00,1.0000,1.0000,0,0,0,0,0,0,0,0
18446744067531.30,0.00,0.00,0.00,0.00,0.00,0.00,0.00,0.00,1194723437.29,1282806765.36,0.00,0.00,1039043714.84,0.00,0.00,0.00,1.0000,1.0000,0,0,0,0,0,0,0,0
18446744067533.30,0.00,0.00,0.00,0.00,0.00,0.00,0.00,0.00,1194723437.29,1282806765.36,0.00,0.00,1039043714.84,0.00,0.00,0.00,1.0000,1.0000,0,0,0,0,0,0,0,0
18446744067535.30,0.00,0.00,0.00,0.00,0.00,0.00,0.00,0.00,1194723437.29,1282806765.36,0.00,0.00,1039043714.84,0.00,0.00,0.00,1.0000,1.0000,0,0,0,0,0,0,0,0
18446744067537.30,0.00,0.00,0.00,0.00,0.00,0.00,0.00,0.00,1194723437.29,1282806765.36,0.00,0.00,1039043714.84,0.00,0.00,0.00,1.0000,1.0000,0,0,0,0,0,0,0,0
18446744067539.30,0.00,0.00,0.00,0.00,0.00,0.00,0.00,0.00,1194723437.29,1282806765.36,0.00,0.00,1039043714.84,0.00,0.00,0.00,1.0000,1.0000,0,0,0,0,0,0,0,0
18446744067541.30,0.00,0.00,0.00,0.00,0.00,0.00,0.00,0.00,1194723437.29,1282806765.36,0.00,0.00,1039043714.84,0.00,0.00,0.00,1.0000,1.0000,0,0,0,0,0,0,0,0
18446744067543.30,0.00,0.00,0.00,0.00,0.00,0.00,0.00,0.00,1194723437.29,1282806765.36,0.00,0.00,1039043714.84,0.00,0.00,0.00,1.0000,1.0000,0,0,0,0,0,0,0,0
18446744067545.30,0.00,0.00,0.00,0.00,0.00,0.00,0.00,0.00,1194723437.29,1282806765.36,0.00,0.00,1039043714.84,0.00,0.00,0.00,1.0000,1.0000,0,0,0,0,0,0,0,0
18446744067547.30,0.00,0.00,0.00,0.00,0.00,0.00,0.00,0.00,1194723437.29,1282806765.36,0.00,0.00,1039043714.84,0.00,0.00,0.00,1.0000,1.0000,0,0,0,0,0,0,0,0
18446744067549.30,0.00,0.00,0.00,0.00,0.00,0.00,0.00,0.00,1194723437.29,1282806765.36,0.00,0.00,1039043714.84,0.00,0.00,0.00,1.0000,1.0000,0,0,0,0,0,0,0,0
18446744067551.30,0.00,0.00,0.00,0.00,0.00,0.00,0.00,0.00,1194723437.29,1282806765.36,0.00,0.00,1039043714.84,0.00,0.00,0.00,1.0000,1.0000,0,0,0,0,0,0,0,0
18446744067553.30,0.00,0.00,0.00,0.00,0.00,0.00,0.00,0.00,1194723437.29,1282806765.36,0.00,0.00,1039043714.84,0.00,0.00,0.00,1.0000,1.0000,0,0,0,0,0,0,0,0
18446744067555.30,0.00,0.00,0.00,0.00,0.00,0.00,0.00,0.00,1194723437.29,1282806765.36,0.00,0.00,1039043714.84,0.00,0.00,0.00,1.0000,1.0000,0,0,0,0,0,0,0,0
18446744067557.30,0.00,0.00,0.00,0.00,0.00,0.00,0.00,0.00,1194723437.29,1282806765.36,0.00,0.00,1039043714.84,0.00,0.00,0.00,1.0000,1.0000,0,0,0,0,0,0,0,0
18446744067559.30,0.00,0.00,0.00,0.00,0.00,0.00,0.00,0.00,1194723437.29,1282806765.36,0.00,0.00,1039043714.84,0.00,0.00,0.00,1.0000,1.0000,0,0,0,0,0,0,0,0
18446744067561.30,0.00,0.00,0.00,0.00,0.00,0.00,0.00,0.00,1194723437.29,1282806765.36,0.00,0.00,1039043714.84,0.00,0.00,0.00,1.0000,1.0000,0,0,0,0,0,0,0,0
18446744067563.30,0.00,0.00,0.00,0.00,0.00,0.00,0.00,0.00,1194723437.29,1282806765.36,0.00,0.00,1039043714.84,0.00,0.00,0.00,1.0000,1.0000,0,0,0,0,0,0,0,0
18446744067565.30,0.00,0.00,0.00,0.00,0.00,0.00,0.00,0.00,1194723437.29,1282806765.36,0.00,0.00,1039043714.84,0.00,0.00,0.00,1.0000,1.0000,0,0,0,0,0,0,0,0
18446744067567.30,0.00,0.00,0.00,0.00,0.00,0.00,0.00,0.00,1194723437.29,1282806765.36,0.00,0.00,1039043714.84,0.00,0.00,0.00,1.0000,1.0000,0,0,0,0,0,0,0,0
18446744067569.30,0.00,0.00,0.00,0.00,0.00,0.00,0.00,0.00,1194723437.29,1282806765.36,0.00,0.00,1039043714.84,0.00,0.00,0.00,1.0000,1.0000,0,0,0,0,0,0,0,0
18446744067571.30,0.00,0.00,0.00,0.00,0.00,0.00,0.00,0.00,1194723437.29,1282806765.36,0.00,0.00,1039043714.84,0.00,0.00,0.00,1.0000,1.0000,0,0,0,0,0,0,0,0
18446744067573.30,0.00,0.00,0.00,0.00,0.00,0.00,0.00,0.00,1194723437.29,1282806765.36,0.00,0.00,1039043714.84,0.00,0.00,0.00,1.0000,1.0000,0,0,0,0,0,0,0,0
18446744067575.30,0.00,0.00,0.00,0.00,0.00,0.00,0.00,0.00,1194723437.29,1282806765.36,0.00,0.00,1039043714.84,0.00,0.00,0.00,1.0000,1.0000,0,0,0,0,0,0,0,0
18446744067577.30,0.00,0.00,0.00,0.00,0.00,0.00,0.00,0.00,1194723437.29,1282806765.36,0.00,0.00,1039043714.84,0.00,0.00,0.00,1.0000,1.0000,0,0,0,0,0,0,0,0
18446744067579.30,0.00,0.00,0.00,0.00,0.00,0.00,0.00,0.00,1194723437.29,1282806765.36,0.00,0.00,1039043714.84,0.00,0.00,0.00,1.0000,1.0000,0,0,0,0,0,0,0,0
18446744067581.30,0.00,0.00,0.00,0.00,0.00,0.00,0.00,0.00,1194723437.29,1282806765.36,0.00,0.00,1039043714.84,0.00,0.00,0.00,1.0000,1.0000,0,0,0,0,0,0,0,0
18446744067583.30,0.00,0.00,0.00,0.00,0.00,0.00,0.00,0.00,1194723437.29,1282806765.36,0.00,0.00,1039043714.84,0.00,0.00,0.00,1.0000,1.0000,0,0,0,0,0,0,0,0
18446744067585.30,0.00,0.00,0.00,0.00,0.00,0.00,0.00,0.00,1194723437.29,1282806765.36,0.00,0.00,1039043714.84,0.00,0.00,0.00,1.0000,1.0000,0,0,0,0,0,0,0,0
18446744067587.30,0.00,0.00,0.00,0.00,0.00,0.00,0.00,0.00,1194723437.29,1282806765.36,0.00,0.00,1039043714.84,0.00,0.00,0.00,1.0000,1.0000,0,0,0,0,0,0,0,0
18446744067589.30,0.00,0.00,0.00,0.00,0.00,0.00,0.00,0.00,1194723437.29,1282806765.36,0.00,0.00,1039043714.84,0.00,0.00,0.00,1.0000,1.0000,0,0,0,0,0,0,0,0
18446744067591.30,0.00,0.00,0.00,0.00,0.00,0.00,0.00,0.00,1194723437.29,1282806765.36,0.00,0.00,1039043714.84,0.00,0.00,0.00,1.0000,1.0000,0,0,0,0,0,0,0,0
18446744067593.30,0.00,0.00,0.00,0.00,0.00,0.00,0.00,0.00,1194723437.29,1282806765.36,0.00,0.00,1039043714.84,0.00,0.00,0.00,1.0000,1.0000,0,0,0,0,0,0,0,0
18446744067595.30,0.00,0.00,0.00,0.00,0.00,0.00,0.00,0.00,1194723437.29,1282806765.36,0.00,0.00,1039043714.84,0.00,0.00,0.00,1.0000,1.0000,0,0,0,0,0,0,0,0
18446744067597.30,0.00,0.00,0.00,0.00,0.00,0.00,0.00,0.00,1194723437.29,1282806765.36,0.00,0.00,1039043714.84,0.00,0.00,0.00,1.0000,1.0000,0,0,0,0,0,0,0,0
18446744067599.30,0.00,0.00,0.00,0.00,0.00,0.00,0.00,0.00,1194723437.29,1282806765.36,0.00,0.00,1039043714.84,0.00,0.00,0.00,1.0000,1.0000,0,0,0,0,0,0,0,0
18446744067601.30,0.00,0.00,0.00,0.00,0.00,0.00,0.00,0.00,1194723437.29,1282806765.36,0.00,0.00,1039043714.84,0.00,0.00,0.00,1.0000,1.0000,0,0,0,0,0,0,0,0
18446744067603.30,0.00,0.00,0.00,0.00,0.00,0.00,0.00,0.00,1194723437.29,1282806765.36,0.00,0.00,1039043714.84,0.00,0.00,0.00,1.0000,1.0000,0,0,0,0,0,0,0,0
18446744067605.30,0.00,0.00,0.00,0.00,0.00,0.00,0.00,0.00,1194723437.29,1282806765.36,0.00,0.00,1039043714.84,0.00,0.00,0.00,1.0000,1.0000,0,0,0,0,0,0,0,0
18446744067607.30,0.00,0.00,0.00,0.00,0.00,0.00,0.00,0.00,1194723437.29,1282806765.36,0.00,0.00,1039043714.84,0.00,0.00,0.00,1.0000,1.0000,0,0,0,0,0,0,0,0
18446744067609.30,0.00,0.00,0.00,0.00,0.00,0.00,0.00,0.00,1194723437.29,1282806765.36,0.00,0.00,1039043714.84,0.00,0.00,0.00,1.0000,1.0000,0,0,0,0,0,0,0,0
18446744067611.30,0.00,0.00,0.00,0.00,0.00,0.00,0.00,0.00,1194723437.29,1282806765.36,0.00,0.00,1039043714.84,0.00,0.00,0.00,1.0000,1.0000,0,0,0,0,0,0,0,0
18446744067613.30,0.00,0.00,0.00,0.00,0.00,0.00,0.00,0.00,1194723437.29,1282806765.36,0.00,0.00,1039043714.84,0.00,0.00,0.00,1.0000,1.0000,0,0,0,0,0,0,0,0
18446744067615.30,0.00,0.00,0.00,0.00,0.00,0.00,0.00,0.00,1194723437.29,1282806765.36,0.00,0.00,1039043714.84,0.00,0.00,0.00,1.0000,1.0000,0,0,0,0,0,0,0,0
18446744067617.30,0.00,0.00,0.00,0.00,0.00,0.00,0.00,0.00,1194723437.29,1282806765.36,0.00,0.00,1039043714.84,0.00,0.00,0.00,1.0000,1.0000,0,0,0,0,0,0,0,0
18446744067619.30,0.00,0.00,0.00,0.00,0.00,0.00,0.00,0.00,1194723437.29,1282806765.36,0.00,0.00,1039043714.84,0.00,0.00,0.00,1.0000,1.0000,0,0,0,0,0,0,0,0
18446744067621.30,0.00,0.00,0.00,0.00,0.00,0.00,0.00,0.00,1194723437.29,1282806765.36,0.00,0.00,1039043714.84,0.00,0.00,0.00,1.0000,1.0000,0,0,0,0,0,0,0,0
18446744067623.30,0.00,0.00,0.00,0.00,0.00,0.00,0.00,0.00,1194723437.29,1282806765.36,0.00,0.00,1039043714.84,0.00,0.00,0.00,1.0000,1.0000,0,0,0,0,0,0,0,0
18446744067625.30,0.00,0.00,0.00,0.00,0.00,0.00,0.00,0.00,1194723437.29,1282806765.36,0.00,0.00,1039043714.84,0.00,0.00,0.00,1.0000,1.0000,0,0,0,0,0,0,0,0
18446744067627.30,0.00,0.00,0.00,0.00,0.00,0.00,0.00,0.00,1194723437.29,1282806765.36,0.00,0.00,1039043714.84,0.00,0.00,0.00,1.0000,1.0000,0,0,0,0,0,0,0,0
18446744067629.30,0.00,0.00,0.00,0.00,0.00,0.00,0.00,0.00,1194723437.29,1282806765.36,0.00,0.00,1039043714.84,0.00,0.00,0.00,1.0000,1.0000,0,0,0,0,0,0,0,0
18446744067631.30,0.00,0.00,0.00,0.00,0.00,0.00,0.00,0.00,1194723437.29,1282806765.36,0.00,0.00,1039043714.84,0.00,0.00,0.00,1.0000,1.0000,0,0,0,0,0,0,0,0
18446744067633.30,0.00,0.00,0.00,0.00,0.00,0.00,0.00,0.00,1194723437.29,1282806765.36,0.00,0.00,1039043714.84,0.00,0.00,0.00,1.0000,1.0000,0,0,0,0,0,0,0,0
18446744067635.30,0.00,0.00,0.00,0.00,0.00,0.00,0.00,0.00,1194723437.29,1282806765.36,0.00,0.00,1039043714.84,0.00,0.00,0.00,1.0000,1.0000,0,0,0,0,0,0,0,0
18446744067637.30,0.00,0.00,0.00,0.00,0.00,0.00,0.00,0.00,1194723437.29,1282806765.36,0.00,0.00,1039043714.84,0.00,0.00,0.00,1.0000,1.0000,0,0,0,0,0,0,0,0
18446744067639.30,0.00,0.00,0.00,0.00,0.00,0.00,0.00,0.00,1194723437.29,1282806765.36,0.00,0.00,1039043714.84,0.00,0.00,0.00,1.0000,1.0000,0,0,0,0,0,0,0,0
18446744067641.30,0.00,0.00,0.00,0.00,0.00,0.00,0.00,0.00,1194723437.29,1282806765.36,0.00,0.00,1039043714.84,0.00,0.00,0.00,1.0000,1.0000,0,0,0,0,0,0,0,0
18446744067643.30,0.00,0.00,0.00,0.00,0.00,0.00,0.00,0.00,1194723437.29,1282806765.36,0.00,0.00,1039043714.84,0.00,0.00,0.00,1.0000,1.0000,0,0,0,0,0,0,0,0
18446744067645.30,0.00,0.00,0.00,0.00,0.00,0.00,0.00,0.00,1194723437.29,1282806765.36,0.00,0.00,1039043714.84,0.00,0.00,0.00,1.0000,1.0000,0,0,0,0,0,0,0,0
18446744067647.30,0.00,0.00,0.00,0.00,0.00,0.00,0.00,0.00,1194723437.29,1282806765.36,0.00,0.00,1039043714.84,0.00,0.00,0.00,1.0000,1.0000,0,0,0,0,0,0,0,0
18446744067649.30,0.00,0.00,0.00,0.00,0.00,0.00,0.00,0.00,1194723437.29,1282806765.36,0.00,0.00,1039043714.84,0.00,0.00,0.00,1.0000,1.0000,0,0,0,0,0,0,0,0
18446744067651.30,0.00,0.00,0.00,0.00,0.00,0.00,0.00,0.00,1194723437.29,1282806765.36,0.00,0.00,1039043714.84,0.00,0.00,0.00,1.0000,1.0000,0,0,0,0,0,0,0,0
18446744067653.30,0.00,0.00,0.00,0.00,0.00,0.00,0.00,0.00,1194723437.29,1282806765.36,0.00,0.00,1039043714.84,0.00,0.00,0.00,1.0000,1.0000,0,0,0,0,0,0,0,0
18446744067655.30,0.00,0.00,0.00,0.00,0.00,0.00,0.00,0.00,1194723437.29,1282806765.36,0.00,0.00,1039043714.84,0.00,0.00,0.00,1.0000,1.0000,0,0,0,0,0,0,0,0
18446744067657.30,0.00,0.00,0.00,0.00,0.00,0.00,0.00,0.00,1194723437.29,1282806765.36,0.00,0.00,1039043714.84,0.00,0.00,0.00,1.0000,1.0000,0,0,0,0,0,0,0,0
18446744067659.30,0.00,0.00,0.00,0.00,0.00,0.00,0.00,0.00,1194723437.29,1282806765.36,0.00,0.00,1039043714.84,0.00,0.00,0.00,1.0000,1.0000,0,0,0,0,0,0,0,0
18446744067661.30,0.00,0.00,0.00,0.00,0.00,0.00,0.00,0.00,1194723437.29,1282806765.36,0.00,0.00,1039043714.84,0.00,0.00,0.00,1.0000,1.0000,0,0,0,0,0,0,0,0
18446744067663.30,0.00,0.00,0.00,0.00,0.00,0.00,0.00,0.00,1194723437.29,1282806765.36,0.00,0.00,1039043714.84,0.00,0.00,0.00,1.0000,1.0000,0,0,0,0,0,0,0,0
18446744067665.30,0.00,0.00,0.00,0.00,0.00,0.00,0.00,0.00,1194723437.29,1282806765.36,0.00,0.00,1039043714.84,0.00,0.00,0.00,1.0000,1.0000,0,0,0,0,0,0,0,0
18446744067667.30,0.00,0.00,0.00,0.00,0.00,0.00,0.00,0.00,1194723437.29,1282806765.36,0.00,0.00,1039043714.84,0.00,0.00,0.00,1.0000,1.0000,0,0,0,0,0,0,0,0
18446744067669.30,0.00,0.00,0.00,0.00,0.00,0.00,0.00,0.00,1194723437.29,1282806765.36,0.00,0.00,1039043714.84,0.00,0.00,0.00,1.0000,1.0000,0,0,0,0,0,0,0,0
18446744067671.30,0.00,0.00,0.00,0.00,0.00,0.00,0.00,0.00,1194723437.29,1282806765.36,0.00,0.00,1039043714.84,0.00,0.00,0.00,1.0000,1.0000,0,0,0,0,0,0,0,0
18446744067673.30,0.00,0.00,0.00,0.00,0.00,0.00,0.00,0.00,1194723437.29,1282806765.36,0.00,0.00,1039043714.84,0.00,0.00,0.00,1.0000,1.0000,0,0,0,0,0,0,0,0
18446744067675.30,0.00,0.00,0.00,0.00,0.00,0.00,0.00,0.00,1194723437.29,1282806765.36,0.00,0.00,1039043714.84,0.00,0.00,0.00,1.0000,1.0000,0,0,0,0,0,0,0,0
18446744067677.30,0.00,0.00,0.00,0.00,0.00,0.00,0.00,0.00,1194723437.29,1282806765.36,0.00,0.00,1039043714.84,0.00,0.00,0.00,1.0000,1.0000,0,0,0,0,0,0,0,0
18446744067679.30,0.00,0.00,0.00,0.00,0.00,0.00,0.00,0.00,1194723437.29,1282806765.36,0.00,0.00,1039043714.84,0.00,0.00,0.00,1.0000,1.0000,0,0,0,0,0,0,0,0
18446744067681.30,0.00,0.00,0.00,0.00,0.00,0.00,0.00,0.00,1194723437.29,1282806765.36,0.00,0.00,1039043714.84,0.00,0.00,0.00,1.0000,1.0000,0,0,0,0,0,0,0,0
18446744067683.30,0.00,0.00,0.00,0.00,0.00,0.00,0.00,0.00,1194723437.29,1282806765.36,0.00,0.00,1039043714.84,0.00,0.00,0.00,1.0000,1.0000,0,0,0,0,0,0,0,0
18446744067685.30,0.00,0.00,0.00,0.00,0.00,0.00,0.00,0.00,1194723437.29,1282806765.36,0.00,0.00,1039043714.84,0.00,0.00,0.00,1.0000,1.0000,0,0,0,0,0,0,0,0
18446744067687.30,0.00,0.00,0.00,0.00,0.00,0.00,0.00,0.00,1194723437.29,1282806765.36,0.00,0.00,1039043714.84,0.00,0.00,0.00,1.0000,1.0000,0,0,0,0,0,0,0,0
18446744067689.30,0.00,0.00,0.00,0.00,0.00,0.00,0.00,0.00,1194723437.29,1282806765.36,0.00,0.00,1039043714.84,0.00,0.00,0.00,1.0000,1.0000,0,0,0,0,0,0,0,0
18446744067691.30,0.00,0.00,0.00,0.00,0.00,0.00,0.00,0.00,1194723437.29,1282806765.36,0.00,0.00,1039043714.84,0.00,0.00,0.00,1.0000,1.0000,0,0,0,0,0,0,0,0
18446744067693.30,0.00,0.00,0.00,0.00,0.00,0.00,0.00,0.00,1194723437.29,1282806765.36,0.00,0.00,1039043714.84,0.00,0.00,0.00,1.0000,1.0000,0,0,0,0,0,0,0,0
18446744067695.30,0.00,0.00,0.00,0.00,0.00,0.00,0.00,0.00,1194723437.29,1282806765.36,0.00,0.00,1039043714.84,0.00,0.00,0.00,1.0000,1.0000,0,0,0,0,0,0,0,0
18446744067697.30,0.00,0.00,0.00,0.00,0.00,0.00,0.00,0.00,1194723437.29,1282806765.36,0.00,0.00,1039043714.84,0.00,0.00,0.00,1.0000,1.0000,0,0,0,0,0,0,0,0
18446744067699.30,0.00,0.00,0.00,0.00,0.00,0.00,0.00,0.00,1194723437.29,1282806765.36,0.00,0.00,1039043714.84,0.00,0.00,0.00,1.0000,1.0000,0,0,0,0,0,0,0,0
18446744067701.30,0.00,0.00,0.00,0.00,0.00,0.00,0.00,0.00,1194723437.29,1282806765.36,0.00,0.00,1039043714.84,0.00,0.00,0.00,1.0000,1.0000,0,0,0,0,0,0,0,0
18446744067703.30,0.00,0.00,0.00,0.00,0.00,0.00,0.00,0.00,1194723437.29,1282806765.36,0.00,0.00,1039043714.84,0.00,0.00,0.00,1.0000,1.0000,0,0,0,0,0,0,0,0
18446744067705.30,0.00,0.00,0.00,0.00,0.00,0.00,0.00,0.00,1194723437.29,1282806765.36,0.00,0.00,1039043714.84,0.00,0.00,0.00,1.0000,1.0000,0,0,0,0,0,0,0,0
18446744067707.30,0.00,0.00,0.00,0.00,0.00,0.00,0.00,0.00,1194723437.29,1282806765.36,0.00,0.00,1039043714.84,0.00,0.00,0.00,1.0000,1.0000,0,0,0,0,0,0,0,0
18446744067709.30,0.00,0.00,0.00,0.00,0.00,0.00,0.00,0.00,1194723437.29,1282806765.36,0.00,0.00,1039043714.84,0.00,0.00,0.00,1.0000,1.0000,0,0,0,0,0,0,0,0
18446744067711.30,0.00,0.00,0.00,0.00,0.00,0.00,0.00,0.00,1194723437.29,1282806765.36,0.00,0.00,1039043714.84,0.00,0.00,0.00,1.0000,1.0000,0,0,0,0,0,0,0,0
18446744067713.30,0.00,0.00,0.00,0.00,0.00,0.00,0.00,0.00,1194723437.29,1282806765.36,0.00,0.00,1039043714.84,0.00,0.00,0.00,1.0000,1.0000,0,0,0,0,0,0,0,0
18446744067715.30,0.00,0.00,0.00,0.00,0.00,0.00,0.00,0.00,1194723437.29,1282806765.36,0.00,0.00,1039043714.84,0.00,0.00,0.00,1.0000,1.0000,0,0,0,0,0,0,0,0
18446744067717.30,0.00,0.00,0.00,0.00,0.00,0.00,0.00,0.00,1194723437.29,1282806765.36,0.00,0.00,1039043714.84,0.00,0.00,0.00,1.0000,1.0000,0,0,0,0,0,0,0,0
18446744067719.30,0.00,0.00,0.00,0.00,0.00,0.00,0.00,0.00,1194723437.29,1282806765.36,0.00,0.00,1039043714.84,0.00,0.00,0.00,1.0000,1.0000,0,0,0,0,0,0,0,0
18446744067721.30,0.00,0.00,0.00,0.00,0.00,0.00,0.00,0.00,1194723437.29,1282806765.36,0.00,0.00,1039043714.84,0.00,0.00,0.00,1.0000,1.0000,0,0,0,0,0,0,0,0
18446744067723.30,0.00,0.00,0.00,0.00,0.00,0.00,0.00,0.00,1194723437.29,1282806765.36,0.00,0.00,1039043714.84,0.00,0.00,0.00,1.0000,1.0000,0,0,0,0,0,0,0,0
18446744067725.30,0.00,0.00,0.00,0.00,0.00,0.00,0.00,0.00,1194723437.29,1282806765.36,0.00,0.00,1039043714.84,0.00,0.00,0.00,1.0000,1.0000,0,0,0,0,0,0,0,0
18446744067727.30,0.00,0.00,0.00,0.00,0.00,0.00,0.00,0.00,1194723437.29,1282806765.36,0.00,0.00,1039043714.84,0.00,0.00,0.00,1.0000,1.0000,0,0,0,0,0,0,0,0
18446744067729.30,0.00,0.00,0.00,0.00,0.00,0.00,0.00,0.00,1194723437.29,1282806765.36,0.00,0.00,1039043714.84,0.00,0.00,0.00,1.0000,1.0000,0,0,0,0,0,0,0,0
18446744067731.30,0.00,0.00,0.00,0.00,0.00,0.00,0.00,0.00,1194723437.29,1282806765.36,0.00,0.00,1039043714.84,0.00,0.00,0.00,1.0000,1.0000,0,0,0,0,0,0,0,0
18446744067733.30,0.00,0.00,0.00,0.00,0.00,0.00,0.00,0.00,1194723437.29,1282806765.36,0.00,0.00,1039043714.84,0.00,0.00,0.00,1.0000,1.0000,0,0,0,0,0,0,0,0
18446744067735.30,0.00,0.00,0.00,0.00,0.00,0.00,0.00,0.00,1194723437.29,1282806765.36,0.00,0.00,1039043714.84,0.00,0.00,0.00,1.0000,1.0000,0,0,0,0,0,0,0,0
18446744067737.30,0.00,0.00,0.00,0.00,0.00,0.00,0.00,0.00,1194723437.29,1282806765.36,0.00,0.00,1039043714.84,0.00,0.00,0.00,1.0000,1.0000,0,0,0,0,0,0,0,0
18446744067739.30,0.00,0.00,0.00,0.00,0.00,0.00,0.00,0.00,1194723437.29,1282806765.36,0.00,0.00,1039043714.84,0.00,0.00,0.00,1.0000,1.0000,0,0,0,0,0,0,0,0
18446744067741.30,0.00,0.00,0.00,0.00,0.00,0.00,0.00,0.00,1194723437.29,1282806765.36,0.00,0.00,1039043714.84,0.00,0.00,0.00,1.0000,1.0000,0,0,0,0,0,0,0,0
18446744067743.30,0.00,0.00,0.00,0.00,0.00,0.00,0.00,0.00,1194723437.29,1282806765.36,0.00,0.00,1039043714.84,0.00,0.00,0.00,1.0000,1.0000,0,0,0,0,0,0,0,0
18446744067745.30,0.00,0.00,0.00,0.00,0.00,0.00,0.00,0.00,1194723437.29,1282806765.36,0.00,0.00,1039043714.84,0.00,0.00,0.00,1.0000,1.0000,0,0,0,0,0,0,0,0
18446744067747.30,0.00,0.00,0.00,0.00,0.00,0.00,0.00,0.00,1194723437.29,1282806765.36,0.00,0.00,1039043714.84,0.00,0.00,0.00,1.0000,1.0000,0,0,0,0,0,0,0,0
18446744067749.30,0.00,0.00,0.00,0.00,0.00,0.00,0.00,0.00,1194723437.29,1282806765.36,0.00,0.00,1039043714.84,0.00,0.00,0.00,1.0000,1.0000,0,0,0,0,0,0,0,0
18446744067751.30,0.00,0.00,0.00,0.00,0.00,0.00,0.00,0.00,1194723437.29,1282806765.36,0.00,0.00,1039043714.84,0.00,0.00,0.00,1.0000,1.0000,0,0,0,0,0,0,0,0
18446744067753.30,0.00,0.00,0.00,0.00,0.00,0.00,0.00,0.00,1194723437.29,1282806765.36,0.00,0.00,1039043714.84,0.00,0.00,0.00,1.0000,1.0000,0,0,0,0,0,0,0,0
18446744067755.30,0.00,0.00,0.00,0.00,0.00,0.00,0.00,0.00,1194723437.29,1282806765.36,0.00,0.00,1039043714.84,0.00,0.00,0.00,1.0000,1.0000,0,0,0,0,0,0,0,0
18446744067757.30,0.00,0.00,0.00,0.00,0.00,0.00,0.00,0.00,1194723437.29,1282806765.36,0.00,0.00,1039043714.84,0.00,0.00,0.00,1.0000,1.0000,0,0,0,0,0,0,0,0
18446744067759.30,0.00,0.00,0.00,0.00,0.00,0.00,0.00,0.00,1194723437.29,1282806765.36,0.00,0.00,1039043714.84,0.00,0.00,0.00,1.0000,1.0000,0,0,0,0,0,0,0,0
18446744067761.30,0.00,0.00,0.00,0.00,0.00,0.00,0.00,0.00,1194723437.29,1282806765.36,0.00,0.00,1039043714.84,0.00,0.00,0.00,1.0000,1.0000,0,0,0,0,0,0,0,0
18446744067763.30,0.00,0.00,0.00,0.00,0.00,0.00,0.00,0.00,1194723437.29,1282806765.36,0.00,0.00,1039043714.84,0.00,0.00,0.00,1.0000,1.0000,0,0,0,0,0,0,0,0
18446744067765.30,0.00,0.00,0.00,0.00,0.00,0.00,0.00,0.00,1194723437.29,1282806765.36,0.00,0.00,1039043714.84,0.00,0.00,0.00,1.0000,1.0000,0,0,0,0,0,0,0,0
18446744067767.30,0.00,0.00,0.00,0.00,0.00,0.00,0.00,0.00,1194723437.29,1282806765.36,0.00,0.00,1039043714.84,0.00,0.00,0.00,1.0000,1.0000,0,0,0,0,0,0,0,0
18446744067769.30,0.00,0.00,0.00,0.00,0.00,0.00,0.00,0.00,1194723437.29,1282806765.36,0.00,0.00,1039043714.84,0.00,0.00,0.00,1.0000,1.0000,0,0,0,0,0,0,0,0
18446744067771.30,0.00,0.00,0.00,0.00,0.00,0.00,0.00,0.00,1194723437.29,1282806765.36,0.00,0.00,1039043714.84,0.00,0.00,0.00,1.0000,1.0000,0,0,0,0,0,0,0,0
18446744067773.30,0.00,0.00,0.00,0.00,0.00,0.00,0.00,0.00,1194723437.29,1282806765.36,0.00,0.00,1039043714.84,0.00,0.00,0.00,1.0000,1.0000,0,0,0,0,0,0,0,0
18446744067775.30,0.00,0.00,0.00,0.00,0.00,0.00,0.00,0.00,1194723437.29,1282806765.36,0.00,0.00,1039043714.84,0.00,0.00,0.00,1.0000,1.0000,0,0,0,0,0,0,0,0
18446744067777.30,0.00,0.00,0.00,0.00,0.00,0.00,0.00,0.00,1194723437.29,1282806765.36,0.00,0.00,1039043714.84,0.00,0.00,0.00,1.0000,1.0000,0,0,0,0,0,0,0,0
18446744067779.30,0.00,0.00,0.00,0.00,0.00,0.00,0.00,0.00,1194723437.29,1282806765.36,0.00,0.00,1039043714.84,0.00,0.00,0.00,1.0000,1.0000,0,0,0,0,0,0,0,0
18446744067781.30,0.00,0.00,0.00,0.00,0.00,0.00,0.00,0.00,1194723437.29,1282806765.36,0.00,0.00,1039043714.84,0.00,0.00,0.00,1.0000,1.0000,0,0,0,0,0,0,0,0
18446744067783.30,0.00,0.00,0.00,0.00,0.00,0.00,0.00,0.00,1194723437.29,1282806765.36,0.00,0.00,1039043714.84,0.00,0.00,0.00,1.0000,1.0000,0,0,0,0,0,0,0,0
18446744067785.30,0.00,0.00,0.00,0.00,0.00,0.00,0.00,0.00,1194723437.29,1282806765.36,0.00,0.00,1039043714.84,0.00,0.00,0.00,1.0000,1.0000,0,0,0,0,0,0,0,0
18446744067787.30,0.00,0.00,0.00,0.00,0.00,0.00,0.00,0.00,1194723437.29,1282806765.36,0.00,0.00,1039043714.84,0.00,0.00,0.00,1.0000,1.0000,0,0,0,0,0,0,0,0
18446744067789.30,0.00,0.00,0.00,0.00,0.00,0.00,0.00,0.00,1194723437.29,1282806765.36,0.00,0.00,1039043714.84,0.00,0.00,0.00,1.0000,1.0000,0,0,0,0,0,0,0,0
18446744067791.30,0.00,0.00,0.00,0.00,0.00,0.00,0.00,0.00,1194723437.29,1282806765.36,0.00,0.00,1039043714.84,0.00,0.00,0.00,1.0000,1.0000,0,0,0,0,0,0,0,0
18446744067793.30,0.00,0.00,0.00,0.00,0.00,0.00,0.00,0.00,1194723437.29,1282806765.36,0.00,0.00,1039043714.84,0.00,0.00,0.00,1.0000,1.0000,0,0,0,0,0,0,0,0
18446744067795.30,0.00,0.00,0.00,0.00,0.00,0.00,0.00,0.00,1194723437.29,1282806765.36,0.00,0.00,1039043714.84,0.00,0.00,0.00,1.0000,1.0000,0,0,0,0,0,0,0,0
18446744067797.30,0.00,0.00,0.00,0.00,0.00,0.00,0.00,0.00,1194723437.29,1282806765.36,0.00,0.00,1039043714.84,0.00,0.00,0.00,1.0000,1.0000,0,0,0,0,0,0,0,0
18446744067799.30,0.00,0.00,0.00,0.00,0.00,0.00,0.00,0.00,1194723437.29,1282806765.36,0.00,0.00,1039043714.84,0.00,0.00,0.00,1.0000,1.0000,0,0,0,0,0,0,0,0
18446744067801.30,0.00,0.00,0.00,0.00,0.00,0.00,0.00,0.00,1194723437.29,1282806765.36,0.00,0.00,1039043714.84,0.00,0.00,0.00,1.0000,1.0000,0,0,0,0,0,0,0,0
18446744067803.30,0.00,0.00,0.00,0.00,0.00,0.00,0.00,0.00,1194723437.29,1282806765.36,0.00,0.00,1039043714.84,0.00,0.00,0.00,1.0000,1.0000,0,0,0,0,0,0,0,0
18446744067805.30,0.00,0.00,0.00,0.00,0.00,0.00,0.00,0.00,1194723437.29,1282806765.36,0.00,0.00,1039043714.84,0.00,0.00,0.00,1.0000,1.0000,0,0,0,0,0,0,0,0
18446744067807.30,0.00,0.00,0.00,0.00,0.00,0.00,0.00,0.00,1194723437.29,1282806765.36,0.00,0.00,1039043714.84,0.00,0.00,0.00,1.0000,1.0000,0,0,0,0,0,0,0,0
18446744067809.30,0.00,0.00,0.00,0.00,0.00,0.00,0.00,0.00,1194723437.29,1282806765.36,0.00,0.00,1039043714.84,0.00,0.00,0.00,1.0000,1.0000,0,0,0,0,0,0,0,0
18446744067811.30,0.00,0.00,0.00,0.00,0.00,0.00,0.00,0.00,1194723437.29,1282806765.36,0.00,0.00,1039043714.84,0.00,0.00,0.00,1.0000,1.0000,0,0,0,0,0,0,0,0
18446744067813.30,0.00,0.00,0.00,0.00,0.00,0.00,0.00,0.00,1194723437.29,1282806765.36,0.00,0.00,1039043714.84,0.00,0.00,0.00,1.0000,1.0000,0,0,0,0,0,0,0,0
18446744067815.30,0.00,0.00,0.00,0.00,0.00,0.00,0.00,0.00,1194723437.29,1282806765.36,0.00,0.00,1039043714.84,0.00,0.00,0.00,1.0000,1.0000,0,0,0,0,0,0,0,0
18446744067817.30,0.00,0.00,0.00,0.00,0.00,0.00,0.00,0.00,1194723437.29,1282806765.36,0.00,0.00,1039043714.84,0.00,0.00,0.00,1.0000,1.0000,0,0,0,0,0,0,0,0
18446744067819.30,0.00,0.00,0.00,0.00,0.00,0.00,0.00,0.00,1194723437.29,1282806765.36,0.00,0.00,1039043714.84,0.00,0.00,0.00,1.0000,1.0000,0,0,0,0,0,0,0,0
18446744067821.30,0.00,0.00,0.00,0.00,0.00,0.00,0.00,0.00,1194723437.29,1282806765.36,0.00,0.00,1039043714.84,0.00,0.00,0.00,1.0000,1.0000,0,0,0,0,0,0,0,0
18446744067823.30,0.00,0.00,0.00,0.00,0.00,0.00,0.00,0.00,1194723437.29,1282806765.36,0.00,0.00,1039043714.84,0.00,0.00,0.00,1.0000,1.0000,0,0,0,0,0,0,0,0
18446744067825.30,0.00,0.00,0.00,0.00,0.00,0.00,0.00,0.00,1194723437.29,1282806765.36,0.00,0.00,1039043714.84,0.00,0.00,0.00,1.0000,1.0000,0,0,0,0,0,0,0,0
18446744067827.30,0.00,0.00,0.00,0.00,0.00,0.00,0.00,0.00,1194723437.29,1282806765.36,0.00,0.00,1039043714.84,0.00,0.00,0.00,1.0000,1.0000,0,0,0,0,0,0,0,0
18446744067829.30,0.00,0.00,0.00,0.00,0.00,0.00,0.00,0.00,1194723437.29,1282806765.36,0.00,0.00,1039043714.84,0.00,0.00,0.00,1.0000,1.0000,0,0,0,0,0,0,0,0
18446744067831.30,0.00,0.00,0.00,0.00,0.00,0.00,0.00,0.00,1194723437.29,1282806765.36,0.00,0.00,1039043714.84,0.00,0.00,0.00,1.0000,1.0000,0,0,0,0,0,0,0,0
18446744067833.30,0.00,0.00,0.00,0.00,0.00,0.00,0.00,0.00,1194723437.29,1282806765.36,0.00,0.00,1039043714.84,0.00,0.00,0.00,1.0000,1.0000,0,0,0,0,0,0,0,0
18446744067835.30,0.00,0.00,0.00,0.00,0.00,0.00,0.00,0.00,1194723437.29,1282806765.36,0.00,0.00,1039043714.84,0.00,0.00,0.00,1.0000,1.0000,0,0,0,0,0,0,0,0
18446744067837.30,0.00,0.00,0.00,0.00,0.00,0.00,0.00,0.00,1194723437.29,1282806765.36,0.00,0.00,1039043714.84,0.00,0.00,0.00,1.0000,1.0000,0,0,0,0,0,0,0,0
18446744067839.30,0.00,0.00,0.00,0.00,0.00,0.00,0.00,0.00,1194723437.29,1282806765.36,0.00,0.00,1039043714.84,0.00,0.00,0.00,1.0000,1.0000,0,0,0,0,0,0,0,0
18446744067841.30,0.00,0.00,0.00,0.00,0.00,0.00,0.00,0.00,1194723437.29,1282806765.36,0.00,0.00,1039043714.84,0.00,0.00,0.00,1.0000,1.0000,0,0,0,0,0,0,0,0
18446744067843.30,0.00,0.00,0.00,0.00,0.00,0.00,0.00,0.00,1194723437.29,1282806765.36,0.00,0.00,1039043714.84,0.00,0.00,0.00,1.0000,1.0000,0,0,0,0,0,0,0,0
18446744067845.30,0.00,0.00,0.00,0.00,0.00,0.00,0.00,0.00,1194723437.29,1282806765.36,0.00,0.00,1039043714.84,0.00,0.00,0.00,1.0000,1.0000,0,0,0,0,0,0,0,0
18446744067847.30,0.00,0.00,0.00,0.00,0.00,0.00,0.00,0.00,1194723437.29,1282806765.36,0.00,0.00,1039043714.84,0.00,0.00,0.00,1.0000,1.0000,0,0,0,0,0,0,0,0
18446744067849.30,0.00,0.00,0.00,0.00,0.00,0.00,0.00,0.00,1194723437.29,1282806765.36,0.00,0.00,1039043714.84,0.00,0.00,0.00,1.0000,1.0000,0,0,0,0,0,0,0,0
18446744067851.30,0.00,0.00,0.00,0.00,0.00,0.00,0.00,0.00,1194723437.29,1282806765.36,0.00,0.00,1039043714.84,0.00,0.00,0.00,1.0000,1.0000,0,0,0,0,0,0,0,0
18446744067853.30,0.00,0.00,0.00,0.00,0.00,0.00,0.00,0.00,1194723437.29,1282806765.36,0.00,0.00,1039043714.84,0.00,0.00,0.00,1.0000,1.0000,0,0,0,0,0,0,0,0
18446744067855.30,0.00,0.00,0.00,0.00,0.00,0.00,0.00,0.00,1194723437.29,1282806765.36,0.00,0.00,1039043714.84,0.00,0.00,0.00,1.0000,1.0000,0,0,0,0,0,0,0,0
18446744067857.30,0.00,0.00,0.00,0.00,0.00,0.00,0.00,0.00,1194723437.29,1282806765.36,0.00,0.00,1039043714.84,0.00,0.00,0.00,1.0000,1.0000,0,0,0,0,0,0,0,0
18446744067859.30,0.00,0.00,0.00,0.00,0.00,0.00,0.00,0.00,1194723437.29,1282806765.36,0.00,0.00,1039043714.84,0.00,0.00,0.00,1.0000,1.0000,0,0,0,0,0,0,0,0
18446744067861.30,0.00,0.00,0.00,0.00,0.00,0.00,0.00,0.00,1194723437.29,1282806765.36,0.00,0.00,1039043714.84,0.00,0.00,0.00,1.0000,1.0000,0,0,0,0,0,0,0,0
18446744067863.30,0.00,0.00,0.00,0.00,0.00,0.00,0.00,0.00,1194723437.29,1282806765.36,0.00,0.00,1039043714.84,0.00,0.00,0.00,1.0000,1.0000,0,0,0,0,0,0,0,0
18446744067865.30,0.00,0.00,0.00,0.00,0.00,0.00,0.00,0.00,1194723437.29,1282806765.36,0.00,0.00,1039043714.84,0.00,0.00,0.00,1.0000,1.0000,0,0,0,0,0,0,0,0
18446744067867.30,0.00,0.00,0.00,0.00,0.00,0.00,0.00,0.00,1194723437.29,1282806765.36,0.00,0.00,1039043714.84,0.00,0.00,0.00,1.0000,1.0000,0,0,0,0,0,0,0,0
18446744067869.30,0.00,0.00,0.00,0.00,0.00,0.00,0.00,0.00,1194723437.29,1282806765.36,0.00,0.00,1039043714.84,0.00,0.00,0.00,1.0000,1.0000,0,0,0,0,0,0,0,0
18446744067871.30,0.00,0.00,0.00,0.00,0.00,0.00,0.00,0.00,1194723437.29,1282806765.36,0.00,0.00,1039043714.84,0.00,0.00,0.00,1.0000,1.0000,0,0,0,0,0,0,0,0
18446744067873.30,0.00,0.00,0.00,0.00,0.00,0.00,0.00,0.00,1194723437.29,1282806765.36,0.00,0.00,1039043714.84,0.00,0.00,0.00,1.0000,1.0000,0,0,0,0,0,0,0,0
18446744067875.30,0.00,0.00,0.00,0.00,0.00,0.00,0.00,0.00,1194723437.29,1282806765.36,0.00,0.00,1039043714.84,0.00,0.00,0.00,1.0000,1.0000,0,0,0,0,0,0,0,0
18446744067877.30,0.00,0.00,0.00,0.00,0.00,0.00,0.00,0.00,1194723437.29,1282806765.36,0.00,0.00,1039043714.84,0.00,0.00,0.00,1.0000,1.0000,0,0,0,0,0,0,0,0
18446744067879.30,0.00,0.00,0.00,0.00,0.00,0.00,0.00,0.00,1194723437.29,1282806765.36,0.00,0.00,1039043714.84,0.00,0.00,0.00,1.0000,1.0000,0,0,0,0,0,0,0,0
18446744067881.30,0.00,0.00,0.00,0.00,0.00,0.00,0.00,0.00,1194723437.29,1282806765.36,0.00,0.00,1039043714.84,0.00,0.00,0.00,1.0000,1.0000,0,0,0,0,0,0,0,0
18446744067883.30,0.00,0.00,0.00,0.00,0.00,0.00,0.00,0.00,1194723437.29,1282806765.36,0.00,0.00,1039043714.84,0.00,0.00,0.00,1.0000,1.0000,0,0,0,0,0,0,0,0
18446744067885.30,0.00,0.00,0.00,0.00,0.00,0.00,0.00,0.00,1194723437.29,1282806765.36,0.00,0.00,1039043714.84,0.00,0.00,0.00,1.0000,1.0000,0,0,0,0,0,0,0,0
18446744067887.30,0.00,0.00,0.00,0.00,0.00,0.00,0.00,0.00,1194723437.29,1282806765.36,0.00,0.00,1039043714.84,0.00,0.00,0.00,1.0000,1.0000,0,0,0,0,0,0,0,0
18446744067889.30,0.00,0.00,0.00,0.00,0.00,0.00,0.00,0.00,1194723437.29,1282806765.36,0.00,0.00,1039043714.84,0.00,0.00,0.00,1.0000,1.0000,0,0,0,0,0,0,0,0
18446744067891.30,0.00,0.00,0.00,0.00,0.00,0.00,0.00,0.00,1194723437.29,1282806765.36,0.00,0.00,1039043714.84,0.00,0.00,0.00,1.0000,1.0000,0,0,0,0,0,0,0,0
18446744067893.30,0.00,0.00,0.00,0.00,0.00,0.00,0.00,0.00,1194723437.29,1282806765.36,0.00,0.00,1039043714.84,0.00,0.00,0.00,1.0000,1.0000,0,0,0,0,0,0,0,0
18446744067895.30,0.00,0.00,0.00,0.00,0.00,0.00,0.00,0.00,1194723437.29,1282806765.36,0.00,0.00,1039043714.84,0.00,0.00,0.00,1.0000,1.0000,0,0,0,0,0,0,0,0
18446744067897.30,0.00,0.00,0.00,0.00,0.00,0.00,0.00,0.00,1194723437.29,1282806765.36,0.00,0.00,1039043714.84,0.00,0.00,0.00,1.0000,1.0000,0,0,0,0,0,0,0,0
18446744067899.30,0.00,0.00,0.00,0.00,0.00,0.00,0.00,0.00,1194723437.29,1282806765.36,0.00,0.00,1039043714.84,0.00,0.00,0.00,1.0000,1.0000,0,0,0,0,0,0,0,0
18446744067901.30,0.00,0.00,0.00,0.00,0.00,0.00,0.00,0.00,1194723437.29,1282806765.36,0.00,0.00,1039043714.84,0.00,0.00,0.00,1.0000,1.0000,0,0,0,0,0,0,0,0
18446744067903.30,0.00,0.00,0.00,0.00,0.00,0.00,0.00,0.00,1194723437.29,1282806765.36,0.00,0.00,1039043714.84,0.00,0.00,0.00,1.0000,1.0000,0,0,0,0,0,0,0,0
18446744067905.30,0.00,0.00,0.00,0.00,0.00,0.00,0.00,0.00,1194723437.29,1282806765.36,0.00,0.00,1039043714.84,0.00,0.00,0.00,1.0000,1.0000,0,0,0,0,0,0,0,0
18446744067907.30,0.00,0.00,0.00,0.00,0.00,0.00,0.00,0.00,1194723437.29,1282806765.36,0.00,0.00,1039043714.84,0.00,0.00,0.00,1.0000,1.0000,0,0,0,0,0,0,0,0
18446744067909.30,0.00,0.00,0.00,0.00,0.00,0.00,0.00,0.00,1194723437.29,1282806765.36,0.00,0.00,1039043714.84,0.00,0.00,0.00,1.0000,1.0000,0,0,0,0,0,0,0,0
18446744067911.30,0.00,0.00,0.00,0.00,0.00,0.00,0.00,0.00,1194723437.29,1282806765.36,0.00,0.00,1039043714.84,0.00,0.00,0.00,1.0000,1.0000,0,0,0,0,0,0,0,0
18446744067913.30,0.00,0.00,0.00,0.00,0.00,0.00,0.00,0.00,1194723437.29,1282806765.36,0.00,0.00,1039043714.84,0.00,0.00,0.00,1.0000,1.0000,0,0,0,0,0,0,0,0
18446744067915.30,0.00,0.00,0.00,0.00,0.00,0.00,0.00,0.00,1194723437.29,1282806765.36,0.00,0.00,1039043714.84,0.00,0.00,0.00,1.0000,1.0000,0,0,0,0,0,0,0,0
18446744067917.30,0.00,0.00,0.00,0.00,0.00,0.00,0.00,0.00,1194723437.29,1282806765.36,0.00,0.00,1039043714.84,0.00,0.00,0.00,1.0000,1.0000,0,0,0,0,0,0,0,0
18446744067919.30,0.00,0.00,0.00,0.00,0.00,0.00,0.00,0.00,1194723437.29,1282806765.36,0.00,0.00,1039043714.84,0.00,0.00,0.00,1.0000,1.0000,0,0,0,0,0,0,0,0
18446744067921.30,0.00,0.00,0.00,0.00,0.00,0.00,0.00,0.00,1194723437.29,1282806765.36,0.00,0.00,1039043714.84,0.00,0.00,0.00,1.0000,1.0000,0,0,0,0,0,0,0,0
18446744067923.30,0.00,0.00,0.00,0.00,0.00,0.00,0.00,0.00,1194723437.29,1282806765.36,0.00,0.00,1039043714.84,0.00,0.00,0.00,1.0000,1.0000,0,0,0,0,0,0,0,0
18446744067925.30,0.00,0.00,0.00,0.00,0.00,0.00,0.00,0.00,1194723437.29,1282806765.36,0.00,0.00,1039043714.84,0.00,0.00,0.00,1.0000,1.0000,0,0,0,0,0,0,0,0
18446744067927.30,0.00,0.00,0.00,0.00,0.00,0.00,0.00,0.00,1194723437.29,1282806765.36,0.00,0.00,1039043714.84,0.00,0.00,0.00,1.0000,1.0000,0,0,0,0,0,0,0,0
18446744067929.30,0.00,0.00,0.00,0.00,0.00,0.00,0.00,0.00,1194723437.29,1282806765.36,0.00,0.00,1039043714.84,0.00,0.00,0.00,1.0000,1.0000,0,0,0,0,0,0,0,0
18446744067931.30,0.00,0.00,0.00,0.00,0.00,0.00,0.00,0.00,1194723437.29,1282806765.36,0.00,0.00,1039043714.84,0.00,0.00,0.00,1.0000,1.0000,0,0,0,0,0,0,0,0
18446744067933.30,0.00,0.00,0.00,0.00,0.00,0.00,0.00,0.00,1194723437.29,1282806765.36,0.00,0.00,1039043714.84,0.00,0.00,0.00,1.0000,1.0000,0,0,0,0,0,0,0,0
18446744067935.30,0.00,0.00,0.00,0.00,0.00,0.00,0.00,0.00,1194723437.29,1282806765.36,0.00,0.00,1039043714.84,0.00,0.00,0.00,1.0000,1.0000,0,0,0,0,0,0,0,0
18446744067937.30,0.00,0.00,0.00,0.00,0.00,0.00,0.00,0.00,1194723437.29,1282806765.36,0.00,0.00,1039043714.84,0.00,0.00,0.00,1.0000,1.0000,0,0,0,0,0,0,0,0
18446744067939.30,0.00,0.00,0.00,0.00,0.00,0.00,0.00,0.00,1194723437.29,1282806765.36,0.00,0.00,1039043714.84,0.00,0.00,0.00,1.0000,1.0000,0,0,0,0,0,0,0,0
18446744067941.30,0.00,0.00,0.00,0.00,0.00,0.00,0.00,0.00,1194723437.29,1282806765.36,0.00,0.00,1039043714.84,0.00,0.00,0.00,1.0000,1.0000,0,0,0,0,0,0,0,0
18446744067943.30,0.00,0.00,0.00,0.00,0.00,0.00,0.00,0.00,1194723437.29,1282806765.36,0.00,0.00,1039043714.84,0.00,0.00,0.00,1.0000,1.0000,0,0,0,0,0,0,0,0
18446744067945.30,0.00,0.00,0.00,0.00,0.00,0.00,0.00,0.00,1194723437.29,1282806765.36,0.00,0.00,1039043714.84,0.00,0.00,0.00,1.0000,1.0000,0,0,0,0,0,0,0,0
18446744067947.30,0.00,0.00,0.00,0.00,0.00,0.00,0.00,0.00,1194723437.29,1282806765.36,0.00,0.00,1039043714.84,0.00,0.00,0.00,1.0000,1.0000,0,0,0,0,0,0,0,0
18446744067949.30,0.00,0.00,0.00,0.00,0.00,0.00,0.00,0.00,1194723437.29,1282806765.36,0.00,0.00,1039043714.84,0.00,0.00,0.00,1.0000,1.0000,0,0,0,0,0,0,0,0
18446744067951.30,0.00,0.00,0.00,0.00,0.00,0.00,0.00,0.00,1194723437.29,1282806765.36,0.00,0.00,1039043714.84,0.00,0.00,0.00,1.0000,1.0000,0,0,0,0,0,0,0,0
18446744067953.30,0.00,0.00,0.00,0.00,0.00,0.00,0.00,0.00,1194723437.29,1282806765.36,0.00,0.00,1039043714.84,0.00,0.00,0.00,1.0000,1.0000,0,0,0,0,0,0,0,0
18446744067955.30,0.00,0.00,0.00,0.00,0.00,0.00,0.00,0.00,1194723437.29,1282806765.36,0.00,0.00,1039043714.84,0.00,0.00,0.00,1.0000,1.0000,0,0,0,0,0,0,0,0
18446744067957.30,0.00,0.00,0.00,0.00,0.00,0.00,0.00,0.00,1194723437.29,1282806765.36,0.00,0.00,1039043714.84,0.00,0.00,0.00,1.0000,1.0000,0,0,0,0,0,0,0,0
18446744067959.30,0.00,0.00,0.00,0.00,0.00,0.00,0.00,0.00,1194723437.29,1282806765.36,0.00,0.00,1039043714.84,0.00,0.00,0.00,1.0000,1.0000,0,0,0,0,0,0,0,0
18446744067961.30,0.00,0.00,0.00,0.00,0.00,0.00,0.00,0.00,1194723437.29,1282806765.36,0.00,0.00,1039043714.84,0.00,0.00,0.00,1.0000,1.0000,0,0,0,0,0,0,0,0
18446744067963.30,0.00,0.00,0.00,0.00,0.00,0.00,0.00,0.00,1194723437.29,1282806765.36,0.00,0.00,1039043714.84,0.00,0.00,0.00,1.0000,1.0000,0,0,0,0,0,0,0,0
18446744067965.30,0.00,0.00,0.00,0.00,0.00,0.00,0.00,0.00,1194723437.29,1282806765.36,0.00,0.00,1039043714.84,0.00,0.00,0.00,1.0000,1.0000,0,0,0,0,0,0,0,0
18446744067967.30,0.00,0.00,0.00,0.00,0.00,0.00,0.00,0.00,1194723437.29,1282806765.36,0.00,0.00,1039043714.84,0.00,0.00,0.00,1.0000,1.0000,0,0,0,0,0,0,0,0
18446744067969.30,0.00,0.00,0.00,0.00,0.00,0.00,0.00,0.00,1194723437.29,1282806765.36,0.00,0.00,1039043714.84,0.00,0.00,0.00,1.0000,1.0000,0,0,0,0,0,0,0,0
18446744067971.30,0.00,0.00,0.00,0.00,0.00,0.00,0.00,0.00,1194723437.29,1282806765.36,0.00,0.00,1039043714.84,0.00,0.00,0.00,1.0000,1.0000,0,0,0,0,0,0,0,0
18446744067973.30,0.00,0.00,0.00,0.00,0.00,0.00,0.00,0.00,1194723437.29,1282806765.36,0.00,0.00,1039043714.84,0.00,0.00,0.00,1.0000,1.0000,0,0,0,0,0,0,0,0
18446744067975.30,0.00,0.00,0.00,0.00,0.00,0.00,0.00,0.00,1194723437.29,1282806765.36,0.00,0.00,1039043714.84,0.00,0.00,0.00,1.0000,1.0000,0,0,0,0,0,0,0,0
18446744067977.30,0.00,0.00,0.00,0.00,0.00,0.00,0.00,0.00,1194723437.29,1282806765.36,0.00,0.00,1039043714.84,0.00,0.00,0.00,1.0000,1.0000,0,0,0,0,0,0,0,0
18446744067979.30,0.00,0.00,0.00,0.00,0.00,0.00,0.00,0.00,1194723437.29,1282806765.36,0.00,0.00,1039043714.84,0.00,0.00,0.00,1.0000,1.0000,0,0,0,0,0,0,0,0
18446744067981.30,0.00,0.00,0.00,0.00,0.00,0.00,0.00,0.00,1194723437.29,1282806765.36,0.00,0.00,1039043714.84,0.00,0.00,0.00,1.0000,1.0000,0,0,0,0,0,0,0,0
18446744067983.30,0.00,0.00,0.00,0.00,0.00,0.00,0.00,0.00,1194723437.29,1282806765.36,0.00,0.00,1039043714.84,0.00,0.00,0.00,1.0000,1.0000,0,0,0,0,0,0,0,0
18446744067985.30,0.00,0.00,0.00,0.00,0.00,0.00,0.00,0.00,1194723437.29,1282806765.36,0.00,0.00,1039043714.84,0.00,0.00,0.00,1.0000,1.0000,0,0,0,0,0,0,0,0
18446744067987.30,0.00,0.00,0.00,0.00,0.00,0.00,0.00,0.00,1194723437.29,1282806765.36,0.00,0.00,1039043714.84,0.00,0.00,0.00,1.0000,1.0000,0,0,0,0,0,0,0,0
18446744067989.30,0.00,0.00,0.00,0.00,0.00,0.00,0.00,0.00,1194723437.29,1282806765.36,0.00,0.00,1039043714.84,0.00,0.00,0.00,1.0000,1.0000,0,0,0,0,0,0,0,0
18446744067991.30,0.00,0.00,0.00,0.00,0.00,0.00,0.00,0.00,1194723437.29,1282806765.36,0.00,0.00,1039043714.84,0.00,0.00,0.00,1.0000,1.0000,0,0,0,0,0,0,0,0
18446744067993.30,0.00,0.00,0.00,0.00,0.00,0.00,0.00,0.00,1194723437.29,1282806765.36,0.00,0.00,1039043714.84,0.00,0.00,0.00,1.0000,1.0000,0,0,0,0,0,0,0,0
18446744067995.30,0.00,0.00,0.00,0.00,0.00,0.00,0.00,0.00,1194723437.29,1282806765.36,0.00,0.00,1039043714.84,0.00,0.00,0.00,1.0000,1.0000,0,0,0,0,0,0,0,0
18446744067997.30,0.00,0.00,0.00,0.00,0.00,0.00,0.00,0.00,1194723437.29,1282806765.36,0.00,0.00,1039043714.84,0.00,0.00,0.00,1.0000,1.0000,0,0,0,0,0,0,0,0
18446744067999.30,0.00,0.00,0.00,0.00,0.00,0.00,0.00,0.00,1194723437.29,1282806765.36,0.00,0.00,1039043714.84,0.00,0.00,0.00,1.0000,1.0000,0,0,0,0,0,0,0,0
18446744068001.30,0.00,0.00,0.00,0.00,0.00,0.00,0.00,0.00,1194723437.29,1282806765.36,0.00,0.00,1039043714.84,0.00,0.00,0.00,1.0000,1.0000,0,0,0,0,0,0,0,0
18446744068003.30,0.00,0.00,0.00,0.00,0.00,0.00,0.00,0.00,1194723437.29,1282806765.36,0.00,0.00,1039043714.84,0.00,0.00,0.00,1.0000,1.0000,0,0,0,0,0,0,0,0
18446744068005.30,0.00,0.00,0.00,0.00,0.00,0.00,0.00,0.00,1194723437.29,1282806765.36,0.00,0.00,1039043714.84,0.00,0.00,0.00,1.0000,1.0000,0,0,0,0,0,0,0,0
18446744068007.30,0.00,0.00,0.00,0.00,0.00,0.00,0.00,0.00,1194723437.29,1282806765.36,0.00,0.00,1039043714.84,0.00,0.00,0.00,1.0000,1.0000,0,0,0,0,0,0,0,0
18446744068009.30,0.00,0.00,0.00,0.00,0.00,0.00,0.00,0.00,1194723437.29,1282806765.36,0.00,0.00,1039043714.84,0.00,0.00,0.00,1.0000,1.0000,0,0,0,0,0,0,0,0
18446744068011.30,0.00,0.00,0.00,0.00,0.00,0.00,0.00,0.00,1194723437.29,1282806765.36,0.00,0.00,1039043714.84,0.00,0.00,0.00,1.0000,1.0000,0,0,0,0,0,0,0,0
18446744068013.30,0.00,0.00,0.00,0.00,0.00,0.00,0.00,0.00,1194723437.29,1282806765.36,0.00,0.00,1039043714.84,0.00,0.00,0.00,1.0000,1.0000,0,0,0,0,0,0,0,0
18446744068015.30,0.00,0.00,0.00,0.00,0.00,0.00,0.00,0.00,1194723437.29,1282806765.36,0.00,0.00,1039043714.84,0.00,0.00,0.00,1.0000,1.0000,0,0,0,0,0,0,0,0
18446744068017.30,0.00,0.00,0.00,0.00,0.00,0.00,0.00,0.00,1194723437.29,1282806765.36,0.00,0.00,1039043714.84,0.00,0.00,0.00,1.0000,1.0000,0,0,0,0,0,0,0,0
18446744068019.30,0.00,0.00,0.00,0.00,0.00,0.00,0.00,0.00,1194723437.29,1282806765.36,0.00,0.00,1039043714.84,0.00,0.00,0.00,1.0000,1.0000,0,0,0,0,0,0,0,0
18446744068021.30,0.00,0.00,0.00,0.00,0.00,0.00,0.00,0.00,1194723437.29,1282806765.36,0.00,0.00,1039043714.84,0.00,0.00,0.00,1.0000,1.0000,0,0,0,0,0,0,0,0
18446744068023.30,0.00,0.00,0.00,0.00,0.00,0.00,0.00,0.00,1194723437.29,1282806765.36,0.00,0.00,1039043714.84,0.00,0.00,0.00,1.0000,1.0000,0,0,0,0,0,0,0,0
18446744068025.30,0.00,0.00,0.00,0.00,0.00,0.00,0.00,0.00,1194723437.29,1282806765.36,0.00,0.00,1039043714.84,0.00,0.00,0.00,1.0000,1.0000,0,0,0,0,0,0,0,0
18446744068027.30,0.00,0.00,0.00,0.00,0.00,0.00,0.00,0.00,1194723437.29,1282806765.36,0.00,0.00,1039043714.84,0.00,0.00,0.00,1.0000,1.0000,0,0,0,0,0,0,0,0
18446744068029.30,0.00,0.00,0.00,0.00,0.00,0.00,0.00,0.00,1194723437.29,1282806765.36,0.00,0.00,1039043714.84,0.00,0.00,0.00,1.0000,1.0000,0,0,0,0,0,0,0,0
18446744068031.30,0.00,0.00,0.00,0.00,0.00,0.00,0.00,0.00,1194723437.29,1282806765.36,0.00,0.00,1039043714.84,0.00,0.00,0.00,1.0000,1.0000,0,0,0,0,0,0,0,0
18446744068033.30,0.00,0.00,0.00,0.00,0.00,0.00,0.00,0.00,1194723437.29,1282806765.36,0.00,0.00,1039043714.84,0.00,0.00,0.00,1.0000,1.0000,0,0,0,0,0,0,0,0
18446744068035.30,0.00,0.00,0.00,0.00,0.00,0.00,0.00,0.00,1194723437.29,1282806765.36,0.00,0.00,1039043714.84,0.00,0.00,0.00,1.0000,1.0000,0,0,0,0,0,0,0,0
18446744068037.30,0.00,0.00,0.00,0.00,0.00,0.00,0.00,0.00,1194723437.29,1282806765.36,0.00,0.00,1039043714.84,0.00,0.00,0.00,1.0000,1.0000,0,0,0,0,0,0,0,0
18446744068039.30,0.00,0.00,0.00,0.00,0.00,0.00,0.00,0.00,1194723437.29,1282806765.36,0.00,0.00,1039043714.84,0.00,0.00,0.00,1.0000,1.0000,0,0,0,0,0,0,0,0
18446744068041.30,0.00,0.00,0.00,0.00,0.00,0.00,0.00,0.00,1194723437.29,1282806765.36,0.00,0.00,1039043714.84,0.00,0.00,0.00,1.0000,1.0000,0,0,0,0,0,0,0,0
18446744068043.30,0.00,0.00,0.00,0.00,0.00,0.00,0.00,0.00,1194723437.29,1282806765.36,0.00,0.00,1039043714.84,0.00,0.00,0.00,1.0000,1.0000,0,0,0,0,0,0,0,0
18446744068045.30,0.00,0.00,0.00,0.00,0.00,0.00,0.00,0.00,1194723437.29,1282806765.36,0.00,0.00,1039043714.84,0.00,0.00,0.00,1.0000,1.0000,0,0,0,0,0,0,0,0
18446744068047.30,0.00,0.00,0.00,0.00,0.00,0.00,0.00,0.00,1194723437.29,1282806765.36,0.00,0.00,1039043714.84,0.00,0.00,0.00,1.0000,1.0000,0,0,0,0,0,0,0,0
18446744068049.30,0.00,0.00,0.00,0.00,0.00,0.00,0.00,0.00,1194723437.29,1282806765.36,0.00,0.00,1039043714.84,0.00,0.00,0.00,1.0000,1.0000,0,0,0,0,0,0,0,0
18446744068051.30,0.00,0.00,0.00,0.00,0.00,0.00,0.00,0.00,1194723437.29,1282806765.36,0.00,0.00,1039043714.84,0.00,0.00,0.00,1.0000,1.0000,0,0,0,0,0,0,0,0
18446744068053.30,0.00,0.00,0.00,0.00,0.00,0.00,0.00,0.00,1194723437.29,1282806765.36,0.00,0.00,1039043714.84,0.00,0.00,0.00,1.0000,1.0000,0,0,0,0,0,0,0,0
18446744068055.30,0.00,0.00,0.00,0.00,0.00,0.00,0.00,0.00,1194723437.29,1282806765.36,0.00,0.00,1039043714.84,0.00,0.00,0.00,1.0000,1.0000,0,0,0,0,0,0,0,0
18446744068057.30,0.00,0.00,0.00,0.00,0.00,0.00,0.00,0.00,1194723437.29,1282806765.36,0.00,0.00,1039043714.84,0.00,0.00,0.00,1.0000,1.0000,0,0,0,0,0,0,0,0
18446744068059.30,0.00,0.00,0.00,0.00,0.00,0.00,0.00,0.00,1194723437.29,1282806765.36,0.00,0.00,1039043714.84,0.00,0.00,0.00,1.0000,1.0000,0,0,0,0,0,0,0,0
18446744068061.30,0.00,0.00,0.00,0.00,0.00,0.00,0.00,0.00,1194723437.29,1282806765.36,0.00,0.00,1039043714.84,0.00,0.00,0.00,1.0000,1.0000,0,0,0,0,0,0,0,0
18446744068063.30,0.00,0.00,0.00,0.00,0.00,0.00,0.00,0.00,1194723437.29,1282806765.36,0.00,0.00,1039043714.84,0.00,0.00,0.00,1.0000,1.0000,0,0,0,0,0,0,0,0
18446744068065.30,0.00,0.00,0.00,0.00,0.00,0.00,0.00,0.00,1194723437.29,1282806765.36,0.00,0.00,1039043714.84,0.00,0.00,0.00,1.0000,1.0000,0,0,0,0,0,0,0,0
18446744068067.30,0.00,0.00,0.00,0.00,0.00,0.00,0.00,0.00,1194723437.29,1282806765.36,0.00,0.00,1039043714.84,0.00,0.00,0.00,1.0000,1.0000,0,0,0,0,0,0,0,0
18446744068069.30,0.00,0.00,0.00,0.00,0.00,0.00,0.00,0.00,1194723437.29,1282806765.36,0.00,0.00,1039043714.84,0.00,0.00,0.00,1.0000,1.0000,0,0,0,0,0,0,0,0
18446744068071.30,0.00,0.00,0.00,0.00,0.00,0.00,0.00,0.00,1194723437.29,1282806765.36,0.00,0.00,1039043714.84,0.00,0.00,0.00,1.0000,1.0000,0,0,0,0,0,0,0,0
18446744068073.30,0.00,0.00,0.00,0.00,0.00,0.00,0.00,0.00,1194723437.29,1282806765.36,0.00,0.00,1039043714.84,0.00,0.00,0.00,1.0000,1.0000,0,0,0,0,0,0,0,0
18446744068075.30,0.00,0.00,0.00,0.00,0.00,0.00,0.00,0.00,1194723437.29,1282806765.36,0.00,0.00,1039043714.84,0.00,0.00,0.00,1.0000,1.0000,0,0,0,0,0,0,0,0
18446744068077.30,0.00,0.00,0.00,0.00,0.00,0.00,0.00,0.00,1194723437.29,1282806765.36,0.00,0.00,1039043714.84,0.00,0.00,0.00,1.0000,1.0000,0,0,0,0,0,0,0,0
18446744068079.30,0.00,0.00,0.00,0.00,0.00,0.00,0.00,0.00,1194723437.29,1282806765.36,0.00,0.00,1039043714.84,0.00,0.00,0.00,1.0000,1.0000,0,0,0,0,0,0,0,0
18446744068081.30,0.00,0.00,0.00,0.00,0.00,0.00,0.00,0.00,1194723437.29,1282806765.36,0.00,0.00,1039043714.84,0.00,0.00,0.00,1.0000,1.0000,0,0,0,0,0,0,0,0
18446744068083.30,0.00,0.00,0.00,0.00,0.00,0.00,0.00,0.00,1194723437.29,1282806765.36,0.00,0.00,1039043714.84,0.00,0.00,0.00,1.0000,1.0000,0,0,0,0,0,0,0,0
18446744068085.30,0.00,0.00,0.00,0.00,0.00,0.00,0.00,0.00,1194723437.29,1282806765.36,0.00,0.00,1039043714.84,0.00,0.00,0.00,1.0000,1.0000,0,0,0,0,0,0,0,0
18446744068087.30,0.00,0.00,0.00,0.00,0.00,0.00,0.00,0.00,1194723437.29,1282806765.36,0.00,0.00,1039043714.84,0.00,0.00,0.00,1.0000,1.0000,0,0,0,0,0,0,0,0
18446744068089.30,0.00,0.00,0.00,0.00,0.00,0.00,0.00,0.00,1194723437.29,1282806765.36,0.00,0.00,1039043714.84,0.00,0.00,0.00,1.0000,1.0000,0,0,0,0,0,0,0,0
18446744068091.30,0.00,0.00,0.00,0.00,0.00,0.00,0.00,0.00,1194723437.29,1282806765.36,0.00,0.00,1039043714.84,0.00,0.00,0.00,1.0000,1.0000,0,0,0,0,0,0,0,0
18446744068093.30,0.00,0.00,0.00,0.00,0.00,0.00,0.00,0.00,1194723437.29,1282806765.36,0.00,0.00,1039043714.84,0.00,0.00,0.00,1.0000,1.0000,0,0,0,0,0,0,0,0
18446744068095.30,0.00,0.00,0.00,0.00,0.00,0.00,0.00,0.00,1194723437.29,1282806765.36,0.00,0.00,1039043714.84,0.00,0.00,0.00,1.0000,1.0000,0,0,0,0,0,0,0,0
18446744068097.30,0.00,0.00,0.00,0.00,0.00,0.00,0.00,0.00,1194723437.29,1282806765.36,0.00,0.00,1039043714.84,0.00,0.00,0.00,1.0000,1.0000,0,0,0,0,0,0,0,0
18446744068099.30,0.00,0.00,0.00,0.00,0.00,0.00,0.00,0.00,1194723437.29,1282806765.36,0.00,0.00,1039043714.84,0.00,0.00,0.00,1.0000,1.0000,0,0,0,0,0,0,0,0
18446744068101.30,0.00,0.00,0.00,0.00,0.00,0.00,0.00,0.00,1194723437.29,1282806765.36,0.00,0.00,1039043714.84,0.00,0.00,0.00,1.0000,1.0000,0,0,0,0,0,0,0,0
18446744068103.30,0.00,0.00,0.00,0.00,0.00,0.00,0.00,0.00,1194723437.29,1282806765.36,0.00,0.00,1039043714.84,0.00,0.00,0.00,1.0000,1.0000,0,0,0,0,0,0,0,0
18446744068105.30,0.00,0.00,0.00,0.00,0.00,0.00,0.00,0.00,1194723437.29,1282806765.36,0.00,0.00,1039043714.84,0.00,0.00,0.00,1.0000,1.0000,0,0,0,0,0,0,0,0
18446744068107.30,0.00,0.00,0.00,0.00,0.00,0.00,0.00,0.00,1194723437.29,1282806765.36,0.00,0.00,1039043714.84,0.00,0.00,0.00,1.0000,1.0000,0,0,0,0,0,0,0,0
18446744068109.30,0.00,0.00,0.00,0.00,0.00,0.00,0.00,0.00,1194723437.29,1282806765.36,0.00,0.00,1039043714.84,0.00,0.00,0.00,1.0000,1.0000,0,0,0,0,0,0,0,0
18446744068111.30,0.00,0.00,0.00,0.00,0.00,0.00,0.00,0.00,1194723437.29,1282806765.36,0.00,0.00,1039043714.84,0.00,0.00,0.00,1.0000,1.0000,0,0,0,0,0,0,0,0
18446744068113.30,0.00,0.00,0.00,0.00,0.00,0.00,0.00,0.00,1194723437.29,1282806765.36,0.00,0.00,1039043714.84,0.00,0.00,0.00,1.0000,1.0000,0,0,0,0,0,0,0,0
18446744068115.30,0.00,0.00,0.00,0.00,0.00,0.00,0.00,0.00,1194723437.29,1282806765.36,0.00,0.00,1039043714.84,0.00,0.00,0.00,1.0000,1.0000,0,0,0,0,0,0,0,0
18446744068117.30,0.00,0.00,0.00,0.00,0.00,0.00,0.00,0.00,1194723437.29,1282806765.36,0.00,0.00,1039043714.84,0.00,0.00,0.00,1.0000,1.0000,0,0,0,0,0,0,0,0
18446744068119.30,0.00,0.00,0.00,0.00,0.00,0.00,0.00,0.00,1194723437.29,1282806765.36,0.00,0.00,1039043714.84,0.00,0.00,0.00,1.0000,1.0000,0,0,0,0,0,0,0,0
18446744068121.30,0.00,0.00,0.00,0.00,0.00,0.00,0.00,0.00,1194723437.29,1282806765.36,0.00,0.00,1039043714.84,0.00,0.00,0.00,1.0000,1.0000,0,0,0,0,0,0,0,0
18446744068123.30,0.00,0.00,0.00,0.00,0.00,0.00,0.00,0.00,1194723437.29,1282806765.36,0.00,0.00,1039043714.84,0.00,0.00,0.00,1.0000,1.0000,0,0,0,0,0,0,0,0
18446744068125.30,0.00,0.00,0.00,0.00,0.00,0.00,0.00,0.00,1194723437.29,1282806765.36,0.00,0.00,1039043714.84,0.00,0.00,0.00,1.0000,1.0000,0,0,0,0,0,0,0,0
18446744068127.30,0.00,0.00,0.00,0.00,0.00,0.00,0.00,0.00,1194723437.29,1282806765.36,0.00,0.00,1039043714.84,0.00,0.00,0.00,1.0000,1.0000,0,0,0,0,0,0,0,0
18446744068129.30,0.00,0.00,0.00,0.00,0.00,0.00,0.00,0.00,1194723437.29,1282806765.36,0.00,0.00,1039043714.84,0.00,0.00,0.00,1.0000,1.0000,0,0,0,0,0,0,0,0
18446744068131.30,0.00,0.00,0.00,0.00,0.00,0.00,0.00,0.00,1194723437.29,1282806765.36,0.00,0.00,1039043714.84,0.00,0.00,0.00,1.0000,1.0000,0,0,0,0,0,0,0,0
18446744068133.30,0.00,0.00,0.00,0.00,0.00,0.00,0.00,0.00,1194723437.29,1282806765.36,0.00,0.00,1039043714.84,0.00,0.00,0.00,1.0000,1.0000,0,0,0,0,0,0,0,0
18446744068135.30,0.00,0.00,0.00,0.00,0.00,0.00,0.00,0.00,1194723437.29,1282806765.36,0.00,0.00,1039043714.84,0.00,0.00,0.00,1.0000,1.0000,0,0,0,0,0,0,0,0
18446744068137.30,0.00,0.00,0.00,0.00,0.00,0.00,0.00,0.00,1194723437.29,1282806765.36,0.00,0.00,1039043714.84,0.00,0.00,0.00,1.0000,1.0000,0,0,0,0,0,0,0,0
18446744068139.30,0.00,0.00,0.00,0.00,0.00,0.00,0.00,0.00,1194723437.29,1282806765.36,0.00,0.00,1039043714.84,0.00,0.00,0.00,1.0000,1.0000,0,0,0,0,0,0,0,0
18446744068141.30,0.00,0.00,0.00,0.00,0.00,0.00,0.00,0.00,1194723437.29,1282806765.36,0.00,0.00,1039043714.84,0.00,0.00,0.00,1.0000,1.0000,0,0,0,0,0,0,0,0
18446744068143.30,0.00,0.00,0.00,0.00,0.00,0.00,0.00,0.00,1194723437.29,1282806765.36,0.00,0.00,1039043714.84,0.00,0.00,0.00,1.0000,1.0000,0,0,0,0,0,0,0,0
18446744068145.30,0.00,0.00,0.00,0.00,0.00,0.00,0.00,0.00,1194723437.29,1282806765.36,0.00,0.00,1039043714.84,0.00,0.00,0.00,1.0000,1.0000,0,0,0,0,0,0,0,0
18446744068147.30,0.00,0.00,0.00,0.00,0.00,0.00,0.00,0.00,1194723437.29,1282806765.36,0.00,0.00,1039043714.84,0.00,0.00,0.00,1.0000,1.0000,0,0,0,0,0,0,0,0
18446744068149.30,0.00,0.00,0.00,0.00,0.00,0.00,0.00,0.00,1194723437.29,1282806765.36,0.00,0.00,1039043714.84,0.00,0.00,0.00,1.0000,1.0000,0,0,0,0,0,0,0,0
18446744068151.30,0.00,0.00,0.00,0.00,0.00,0.00,0.00,0.00,1194723437.29,1282806765.36,0.00,0.00,1039043714.84,0.00,0.00,0.00,1.0000,1.0000,0,0,0,0,0,0,0,0
18446744068153.30,0.00,0.00,0.00,0.00,0.00,0.00,0.00,0.00,1194723437.29,1282806765.36,0.00,0.00,1039043714.84,0.00,0.00,0.00,1.0000,1.0000,0,0,0,0,0,0,0,0
18446744068155.30,0.00,0.00,0.00,0.00,0.00,0.00,0.00,0.00,1194723437.29,1282806765.36,0.00,0.00,1039043714.84,0.00,0.00,0.00,1.0000,1.0000,0,0,0,0,0,0,0,0
18446744068157.30,0.00,0.00,0.00,0.00,0.00,0.00,0.00,0.00,1194723437.29,1282806765.36,0.00,0.00,1039043714.84,0.00,0.00,0.00,1.0000,1.0000,0,0,0,0,0,0,0,0
18446744068159.30,0.00,0.00,0.00,0.00,0.00,0.00,0.00,0.00,1194723437.29,1282806765.36,0.00,0.00,1039043714.84,0.00,0.00,0.00,1.0000,1.0000,0,0,0,0,0,0,0,0
18446744068161.30,0.00,0.00,0.00,0.00,0.00,0.00,0.00,0.00,1194723437.29,1282806765.36,0.00,0.00,1039043714.84,0.00,0.00,0.00,1.0000,1.0000,0,0,0,0,0,0,0,0
18446744068163.30,0.00,0.00,0.00,0.00,0.00,0.00,0.00,0.00,1194723437.29,1282806765.36,0.00,0.00,1039043714.84,0.00,0.00,0.00,1.0000,1.0000,0,0,0,0,0,0,0,0
18446744068165.30,0.00,0.00,0.00,0.00,0.00,0.00,0.00,0.00,1194723437.29,1282806765.36,0.00,0.00,1039043714.84,0.00,0.00,0.00,1.0000,1.0000,0,0,0,0,0,0,0,0
18446744068167.30,0.00,0.00,0.00,0.00,0.00,0.00,0.00,0.00,1194723437.29,1282806765.36,0.00,0.00,1039043714.84,0.00,0.00,0.00,1.0000,1.0000,0,0,0,0,0,0,0,0
18446744068169.30,0.00,0.00,0.00,0.00,0.00,0.00,0.00,0.00,1194723437.29,1282806765.36,0.00,0.00,1039043714.84,0.00,0.00,0.00,1.0000,1.0000,0,0,0,0,0,0,0,0
18446744068171.30,0.00,0.00,0.00,0.00,0.00,0.00,0.00,0.00,1194723437.29,1282806765.36,0.00,0.00,1039043714.84,0.00,0.00,0.00,1.0000,1.0000,0,0,0,0,0,0,0,0
18446744068173.30,0.00,0.00,0.00,0.00,0.00,0.00,0.00,0.00,1194723437.29,1282806765.36,0.00,0.00,1039043714.84,0.00,0.00,0.00,1.0000,1.0000,0,0,0,0,0,0,0,0
18446744068175.30,0.00,0.00,0.00,0.00,0.00,0.00,0.00,0.00,1194723437.29,1282806765.36,0.00,0.00,1039043714.84,0.00,0.00,0.00,1.0000,1.0000,0,0,0,0,0,0,0,0
18446744068177.30,0.00,0.00,0.00,0.00,0.00,0.00,0.00,0.00,1194723437.29,1282806765.36,0.00,0.00,1039043714.84,0.00,0.00,0.00,1.0000,1.0000,0,0,0,0,0,0,0,0
18446744068179.30,0.00,0.00,0.00,0.00,0.00,0.00,0.00,0.00,1194723437.29,1282806765.36,0.00,0.00,1039043714.84,0.00,0.00,0.00,1.0000,1.0000,0,0,0,0,0,0,0,0
18446744068181.30,0.00,0.00,0.00,0.00,0.00,0.00,0.00,0.00,1194723437.29,1282806765.36,0.00,0.00,1039043714.84,0.00,0.00,0.00,1.0000,1.0000,0,0,0,0,0,0,0,0
18446744068183.30,0.00,0.00,0.00,0.00,0.00,0.00,0.00,0.00,1194723437.29,1282806765.36,0.00,0.00,1039043714.84,0.00,0.00,0.00,1.0000,1.0000,0,0,0,0,0,0,0,0
18446744068185.30,0.00,0.00,0.00,0.00,0.00,0.00,0.00,0.00,1194723437.29,1282806765.36,0.00,0.00,1039043714.84,0.00,0.00,0.00,1.0000,1.0000,0,0,0,0,0,0,0,0
18446744068187.30,0.00,0.00,0.00,0.00,0.00,0.00,0.00,0.00,1194723437.29,1282806765.36,0.00,0.00,1039043714.84,0.00,0.00,0.00,1.0000,1.0000,0,0,0,0,0,0,0,0
18446744068189.30,0.00,0.00,0.00,0.00,0.00,0.00,0.00,0.00,1194723437.29,1282806765.36,0.00,0.00,1039043714.84,0.00,0.00,0.00,1.0000,1.0000,0,0,0,0,0,0,0,0
18446744068191.30,0.00,0.00,0.00,0.00,0.00,0.00,0.00,0.00,1194723437.29,1282806765.36,0.00,0.00,1039043714.84,0.00,0.00,0.00,1.0000,1.0000,0,0,0,0,0,0,0,0
18446744068193.30,0.00,0.00,0.00,0.00,0.00,0.00,0.00,0.00,1194723437.29,1282806765.36,0.00,0.00,1039043714.84,0.00,0.00,0.00,1.0000,1.0000,0,0,0,0,0,0,0,0
18446744068195.30,0.00,0.00,0.00,0.00,0.00,0.00,0.00,0.00,1194723437.29,1282806765.36,0.00,0.00,1039043714.84,0.00,0.00,0.00,1.0000,1.0000,0,0,0,0,0,0,0,0
18446744068197.30,0.00,0.00,0.00,0.00,0.00,0.00,0.00,0.00,1194723437.29,1282806765.36,0.00,0.00,1039043714.84,0.00,0.00,0.00,1.0000,1.0000,0,0,0,0,0,0,0,0
18446744068199.30,0.00,0.00,0.00,0.00,0.00,0.00,0.00,0.00,1194723437.29,1282806765.36,0.00,0.00,1039043714.84,0.00,0.00,0.00,1.0000,1.0000,0,0,0,0,0,0,0,0
18446744068201.30,0.00,0.00,0.00,0.00,0.00,0.00,0.00,0.00,1194723437.29,1282806765.36,0.00,0.00,1039043714.84,0.00,0.00,0.00,1.0000,1.0000,0,0,0,0,0,0,0,0
18446744068203.30,0.00,0.00,0.00,0.00,0.00,0.00,0.00,0.00,1194723437.29,1282806765.36,0.00,0.00,1039043714.84,0.00,0.00,0.00,1.0000,1.0000,0,0,0,0,0,0,0,0
18446744068205.30,0.00,0.00,0.00,0.00,0.00,0.00,0.00,0.00,1194723437.29,1282806765.36,0.00,0.00,1039043714.84,0.00,0.00,0.00,1.0000,1.0000,0,0,0,0,0,0,0,0
18446744068207.30,0.00,0.00,0.00,0.00,0.00,0.00,0.00,0.00,1194723437.29,1282806765.36,0.00,0.00,1039043714.84,0.00,0.00,0.00,1.0000,1.0000,0,0,0,0,0,0,0,0
18446744068209.30,0.00,0.00,0.00,0.00,0.00,0.00,0.00,0.00,1194723437.29,1282806765.36,0.00,0.00,1039043714.84,0.00,0.00,0.00,1.0000,1.0000,0,0,0,0,0,0,0,0
18446744068211.30,0.00,0.00,0.00,0.00,0.00,0.00,0.00,0.00,1194723437.29,1282806765.36,0.00,0.00,1039043714.84,0.00,0.00,0.00,1.0000,1.0000,0,0,0,0,0,0,0,0
18446744068213.30,0.00,0.00,0.00,0.00,0.00,0.00,0.00,0.00,1194723437.29,1282806765.36,0.00,0.00,1039043714.84,0.00,0.00,0.00,1.0000,1.0000,0,0,0,0,0,0,0,0
18446744068215.30,0.00,0.00,0.00,0.00,0.00,0.00,0.00,0.00,1194723437.29,1282806765.36,0.00,0.00,1039043714.84,0.00,0.00,0.00,1.0000,1.0000,0,0,0,0,0,0,0,0
18446744068217.30,0.00,0.00,0.00,0.00,0.00,0.00,0.00,0.00,1194723437.29,1282806765.36,0.00,0.00,1039043714.84,0.00,0.00,0.00,1.0000,1.0000,0,0,0,0,0,0,0,0
18446744068219.30,0.00,0.00,0.00,0.00,0.00,0.00,0.00,0.00,1194723437.29,1282806765.36,0.00,0.00,1039043714.84,0.00,0.00,0.00,1.0000,1.0000,0,0,0,0,0,0,0,0
18446744068221.30,0.00,0.00,0.00,0.00,0.00,0.00,0.00,0.00,1194723437.29,1282806765.36,0.00,0.00,1039043714.84,0.00,0.00,0.00,1.0000,1.0000,0,0,0,0,0,0,0,0
18446744068223.30,0.00,0.00,0.00,0.00,0.00,0.00,0.00,0.00,1194723437.29,1282806765.36,0.00,0.00,1039043714.84,0.00,0.00,0.00,1.0000,1.0000,0,0,0,0,0,0,0,0
18446744068225.30,0.00,0.00,0.00,0.00,0.00,0.00,0.00,0.00,1194723437.29,1282806765.36,0.00,0.00,1039043714.84,0.00,0.00,0.00,1.0000,1.0000,0,0,0,0,0,0,0,0
18446744068227.30,0.00,0.00,0.00,0.00,0.00,0.00,0.00,0.00,1194723437.29,1282806765.36,0.00,0.00,1039043714.84,0.00,0.00,0.00,1.0000,1.0000,0,0,0,0,0,0,0,0
18446744068229.30,0.00,0.00,0.00,0.00,0.00,0.00,0.00,0.00,1194723437.29,1282806765.36,0.00,0.00,1039043714.84,0.00,0.00,0.00,1.0000,1.0000,0,0,0,0,0,0,0,0
18446744068231.30,0.00,0.00,0.00,0.00,0.00,0.00,0.00,0.00,1194723437.29,1282806765.36,0.00,0.00,1039043714.84,0.00,0.00,0.00,1.0000,1.0000,0,0,0,0,0,0,0,0
18446744068233.30,0.00,0.00,0.00,0.00,0.00,0.00,0.00,0.00,1194723437.29,1282806765.36,0.00,0.00,1039043714.84,0.00,0.00,0.00,1.0000,1.0000,0,0,0,0,0,0,0,0
18446744068235.30,0.00,0.00,0.00,0.00,0.00,0.00,0.00,0.00,1194723437.29,1282806765.36,0.00,0.00,1039043714.84,0.00,0.00,0.00,1.0000,1.0000,0,0,0,0,0,0,0,0
18446744068237.30,0.00,0.00,0.00,0.00,0.00,0.00,0.00,0.00,1194723437.29,1282806765.36,0.00,0.00,1039043714.84,0.00,0.00,0.00,1.0000,1.0000,0,0,0,0,0,0,0,0
18446744068239.30,0.00,0.00,0.00,0.00,0.00,0.00,0.00,0.00,1194723437.29,1282806765.36,0.00,0.00,1039043714.84,0.00,0.00,0.00,1.0000,1.0000,0,0,0,0,0,0,0,0
18446744068241.30,0.00,0.00,0.00,0.00,0.00,0.00,0.00,0.00,1194723437.29,1282806765.36,0.00,0.00,1039043714.84,0.00,0.00,0.00,1.0000,1.0000,0,0,0,0,0,0,0,0
18446744068243.30,0.00,0.00,0.00,0.00,0.00,0.00,0.00,0.00,1194723437.29,1282806765.36,0.00,0.00,1039043714.84,0.00,0.00,0.00,1.0000,1.0000,0,0,0,0,0,0,0,0
18446744068245.30,0.00,0.00,0.00,0.00,0.00,0.00,0.00,0.00,1194723437.29,1282806765.36,0.00,0.00,1039043714.84,0.00,0.00,0.00,1.0000,1.0000,0,0,0,0,0,0,0,0
18446744068247.30,0.00,0.00,0.00,0.00,0.00,0.00,0.00,0.00,1194723437.29,1282806765.36,0.00,0.00,1039043714.84,0.00,0.00,0.00,1.0000,1.0000,0,0,0,0,0,0,0,0
18446744068249.30,0.00,0.00,0.00,0.00,0.00,0.00,0.00,0.00,1194723437.29,1282806765.36,0.00,0.00,1039043714.84,0.00,0.00,0.00,1.0000,1.0000,0,0,0,0,0,0,0,0
18446744068251.30,0.00,0.00,0.00,0.00,0.00,0.00,0.00,0.00,1194723437.29,1282806765.36,0.00,0.00,1039043714.84,0.00,0.00,0.00,1.0000,1.0000,0,0,0,0,0,0,0,0
18446744068253.30,0.00,0.00,0.00,0.00,0.00,0.00,0.00,0.00,1194723437.29,1282806765.36,0.00,0.00,1039043714.84,0.00,0.00,0.00,1.0000,1.0000,0,0,0,0,0,0,0,0
18446744068255.30,0.00,0.00,0.00,0.00,0.00,0.00,0.00,0.00,1194723437.29,1282806765.36,0.00,0.00,1039043714.84,0.00,0.00,0.00,1.0000,1.0000,0,0,0,0,0,0,0,0
18446744068257.30,0.00,0.00,0.00,0.00,0.00,0.00,0.00,0.00,1194723437.29,1282806765.36,0.00,0.00,1039043714.84,0.00,0.00,0.00,1.0000,1.0000,0,0,0,0,0,0,0,0
18446744068259.30,0.00,0.00,0.00,0.00,0.00,0.00,0.00,0.00,1194723437.29,1282806765.36,0.00,0.00,1039043714.84,0.00,0.00,0.00,1.0000,1.0000,0,0,0,0,0,0,0,0
18446744068261.30,0.00,0.00,0.00,0.00,0.00,0.00,0.00,0.00,1194723437.29,1282806765.36,0.00,0.00,1039043714.84,0.00,0.00,0.00,1.0000,1.0000,0,0,0,0,0,0,0,0
18446744068263.30,0.00,0.00,0.00,0.00,0.00,0.00,0.00,0.00,1194723437.29,1282806765.36,0.00,0.00,1039043714.84,0.00,0.00,0.00,1.0000,1.0000,0,0,0,0,0,0,0,0
18446744068265.30,0.00,0.00,0.00,0.00,0.00,0.00,0.00,0.00,1194723437.29,1282806765.36,0.00,0.00,1039043714.84,0.00,0.00,0.00,1.0000,1.0000,0,0,0,0,0,0,0,0
18446744068267.30,0.00,0.00,0.00,0.00,0.00,0.00,0.00,0.00,1194723437.29,1282806765.36,0.00,0.00,1039043714.84,0.00,0.00,0.00,1.0000,1.0000,0,0,0,0,0,0,0,0
18446744068269.30,0.00,0.00,0.00,0.00,0.00,0.00,0.00,0.00,1194723437.29,1282806765.36,0.00,0.00,1039043714.84,0.00,0.00,0.00,1.0000,1.0000,0,0,0,0,0,0,0,0
18446744068271.30,0.00,0.00,0.00,0.00,0.00,0.00,0.00,0.00,1194723437.29,1282806765.36,0.00,0.00,1039043714.84,0.00,0.00,0.00,1.0000,1.0000,0,0,0,0,0,0,0,0
18446744068273.30,0.00,0.00,0.00,0.00,0.00,0.00,0.00,0.00,1194723437.29,1282806765.36,0.00,0.00,1039043714.84,0.00,0.00,0.00,1.0000,1.0000,0,0,0,0,0,0,0,0
18446744068275.30,0.00,0.00,0.00,0.00,0.00,0.00,0.00,0.00,1194723437.29,1282806765.36,0.00,0.00,1039043714.84,0.00,0.00,0.00,1.0000,1.0000,0,0,0,0,0,0,0,0
18446744068277.30,0.00,0.00,0.00,0.00,0.00,0.00,0.00,0.00,1194723437.29,1282806765.36,0.00,0.00,1039043714.84,0.00,0.00,0.00,1.0000,1.0000,0,0,0,0,0,0,0,0
18446744068279.30,0.00,0.00,0.00,0.00,0.00,0.00,0.00,0.00,1194723437.29,1282806765.36,0.00,0.00,1039043714.84,0.00,0.00,0.00,1.0000,1.0000,0,0,0,0,0,0,0,0
18446744068281.30,0.00,0.00,0.00,0.00,0.00,0.00,0.00,0.00,1194723437.29,1282806765.36,0.00,0.00,1039043714.84,0.00,0.00,0.00,1.0000,1.0000,0,0,0,0,0,0,0,0
18446744068283.30,0.00,0.00,0.00,0.00,0.00,0.00,0.00,0.00,1194723437.29,1282806765.36,0.00,0.00,1039043714.84,0.00,0.00,0.00,1.0000,1.0000,0,0,0,0,0,0,0,0
18446744068285.30,0.00,0.00,0.00,0.00,0.00,0.00,0.00,0.00,1194723437.29,1282806765.36,0.00,0.00,1039043714.84,0.00,0.00,0.00,1.0000,1.0000,0,0,0,0,0,0,0,0
18446744068287.30,0.00,0.00,0.00,0.00,0.00,0.00,0.00,0.00,1194723437.29,1282806765.36,0.00,0.00,1039043714.84,0.00,0.00,0.00,1.0000,1.0000,0,0,0,0,0,0,0,0
18446744068289.30,0.00,0.00,0.00,0.00,0.00,0.00,0.00,0.00,1194723437.29,1282806765.36,0.00,0.00,1039043714.84,0.00,0.00,0.00,1.0000,1.0000,0,0,0,0,0,0,0,0
18446744068291.30,0.00,0.00,0.00,0.00,0.00,0.00,0.00,0.00,1194723437.29,1282806765.36,0.00,0.00,1039043714.84,0.00,0.00,0.00,1.0000,1.0000,0,0,0,0,0,0,0,0
18446744068293.30,0.00,0.00,0.00,0.00,0.00,0.00,0.00,0.00,1194723437.29,1282806765.36,0.00,0.00,1039043714.84,0.00,0.00,0.00,1.0000,1.0000,0,0,0,0,0,0,0,0
18446744068295.30,0.00,0.00,0.00,0.00,0.00,0.00,0.00,0.00,1194723437.29,1282806765.36,0.00,0.00,1039043714.84,0.00,0.00,0.00,1.0000,1.0000,0,0,0,0,0,0,0,0
18446744068297.30,0.00,0.00,0.00,0.00,0.00,0.00,0.00,0.00,1194723437.29,1282806765.36,0.00,0.00,1039043714.84,0.00,0.00,0.00,1.0000,1.0000,0,0,0,0,0,0,0,0
18446744068299.30,0.00,0.00,0.00,0.00,0.00,0.00,0.00,0.00,1194723437.29,1282806765.36,0.00,0.00,1039043714.84,0.00,0.00,0.00,1.0000,1.0000,0,0,0,0,0,0,0,0
18446744068301.30,0.00,0.00,0.00,0.00,0.00,0.00,0.00,0.00,1194723437.29,1282806765.36,0.00,0.00,1039043714.84,0.00,0.00,0.00,1.0000,1.0000,0,0,0,0,0,0,0,0
18446744068303.30,0.00,0.00,0.00,0.00,0.00,0.00,0.00,0.00,1194723437.29,1282806765.36,0.00,0.00,1039043714.84,0.00,0.00,0.00,1.0000,1.0000,0,0,0,0,0,0,0,0
18446744068305.30,0.00,0.00,0.00,0.00,0.00,0.00,0.00,0.00,1194723437.29,1282806765.36,0.00,0.00,1039043714.84,0.00,0.00,0.00,1.0000,1.0000,0,0,0,0,0,0,0,0
18446744068307.30,0.00,0.00,0.00,0.00,0.00,0.00,0.00,0.00,1194723437.29,1282806765.36,0.00,0.00,1039043714.84,0.00,0.00,0.00,1.0000,1.0000,0,0,0,0,0,0,0,0
18446744068309.30,0.00,0.00,0.00,0.00,0.00,0.00,0.00,0.00,1194723437.29,1282806765.36,0.00,0.00,1039043714.84,0.00,0.00,0.00,1.0000,1.0000,0,0,0,0,0,0,0,0
18446744068311.30,0.00,0.00,0.00,0.00,0.00,0.00,0.00,0.00,1194723437.29,1282806765.36,0.00,0.00,1039043714.84,0.00,0.00,0.00,1.0000,1.0000,0,0,0,0,0,0,0,0
18446744068313.30,0.00,0.00,0.00,0.00,0.00,0.00,0.00,0.00,1194723437.29,1282806765.36,0.00,0.00,1039043714.84,0.00,0.00,0.00,1.0000,1.0000,0,0,0,0,0,0,0,0
18446744068315.30,0.00,0.00,0.00,0.00,0.00,0.00,0.00,0.00,1194723437.29,1282806765.36,0.00,0.00,1039043714.84,0.00,0.00,0.00,1.0000,1.0000,0,0,0,0,0,0,0,0
18446744068317.30,0.00,0.00,0.00,0.00,0.00,0.00,0.00,0.00,1194723437.29,1282806765.36,0.00,0.00,1039043714.84,0.00,0.00,0.00,1.0000,1.0000,0,0,0,0,0,0,0,0
18446744068319.30,0.00,0.00,0.00,0.00,0.00,0.00,0.00,0.00,1194723437.29,1282806765.36,0.00,0.00,1039043714.84,0.00,0.00,0.00,1.0000,1.0000,0,0,0,0,0,0,0,0
18446744068321.30,0.00,0.00,0.00,0.00,0.00,0.00,0.00,0.00,1194723437.29,1282806765.36,0.00,0.00,1039043714.84,0.00,0.00,0.00,1.0000,1.0000,0,0,0,0,0,0,0,0
18446744068323.30,0.00,0.00,0.00,0.00,0.00,0.00,0.00,0.00,1194723437.29,1282806765.36,0.00,0.00,1039043714.84,0.00,0.00,0.00,1.0000,1.0000,0,0,0,0,0,0,0,0
18446744068325.30,0.00,0.00,0.00,0.00,0.00,0.00,0.00,0.00,1194723437.29,1282806765.36,0.00,0.00,1039043714.84,0.00,0.00,0.00,1.0000,1.0000,0,0,0,0,0,0,0,0
18446744068327.30,0.00,0.00,0.00,0.00,0.00,0.00,0.00,0.00,1194723437.29,1282806765.36,0.00,0.00,1039043714.84,0.00,0.00,0.00,1.0000,1.0000,0,0,0,0,0,0,0,0
18446744068329.30,0.00,0.00,0.00,0.00,0.00,0.00,0.00,0.00,1194723437.29,1282806765.36,0.00,0.00,1039043714.84,0.00,0.00,0.00,1.0000,1.0000,0,0,0,0,0,0,0,0
18446744068331.30,0.00,0.00,0.00,0.00,0.00,0.00,0.00,0.00,1194723437.29,1282806765.36,0.00,0.00,1039043714.84,0.00,0.00,0.00,1.0000,1.0000,0,0,0,0,0,0,0,0
18446744068333.30,0.00,0.00,0.00,0.00,0.00,0.00,0.00,0.00,1194723437.29,1282806765.36,0.00,0.00,1039043714.84,0.00,0.00,0.00,1.0000,1.0000,0,0,0,0,0,0,0,0
18446744068335.30,0.00,0.00,0.00,0.00,0.00,0.00,0.00,0.00,1194723437.29,1282806765.36,0.00,0.00,1039043714.84,0.00,0.00,0.00,1.0000,1.0000,0,0,0,0,0,0,0,0
18446744068337.30,0.00,0.00,0.00,0.00,0.00,0.00,0.00,0.00,1194723437.29,1282806765.36,0.00,0.00,1039043714.84,0.00,0.00,0.00,1.0000,1.0000,0,0,0,0,0,0,0,0
18446744068339.30,0.00,0.00,0.00,0.00,0.00,0.00,0.00,0.00,1194723437.29,1282806765.36,0.00,0.00,1039043714.84,0.00,0.00,0.00,1.0000,1.0000,0,0,0,0,0,0,0,0
18446744068341.30,0.00,0.00,0.00,0.00,0.00,0.00,0.00,0.00,1194723437.29,1282806765.36,0.00,0.00,1039043714.84,0.00,0.00,0.00,1.0000,1.0000,0,0,0,0,0,0,0,0
18446744068343.30,0.00,0.00,0.00,0.00,0.00,0.00,0.00,0.00,1194723437.29,1282806765.36,0.00,0.00,1039043714.84,0.00,0.00,0.00,1.0000,1.0000,0,0,0,0,0,0,0,0
18446744068345.30,0.00,0.00,0.00,0.00,0.00,0.00,0.00,0.00,1194723437.29,1282806765.36,0.00,0.00,1039043714.84,0.00,0.00,0.00,1.0000,1.0000,0,0,0,0,0,0,0,0
18446744068347.30,0.00,0.00,0.00,0.00,0.00,0.00,0.00,0.00,1194723437.29,1282806765.36,0.00,0.00,1039043714.84,0.00,0.00,0.00,1.0000,1.0000,0,0,0,0,0,0,0,0
18446744068349.30,0.00,0.00,0.00,0.00,0.00,0.00,0.00,0.00,1194723437.29,1282806765.36,0.00,0.00,1039043714.84,0.00,0.00,0.00,1.0000,1.0000,0,0,0,0,0,0,0,0
18446744068351.30,0.00,0.00,0.00,0.00,0.00,0.00,0.00,0.00,1194723437.29,1282806765.36,0.00,0.00,1039043714.84,0.00,0.00,0.00,1.0000,1.0000,0,0,0,0,0,0,0,0
18446744068353.30,0.00,0.00,0.00,0.00,0.00,0.00,0.00,0.00,1194723437.29,1282806765.36,0.00,0.00,1039043714.84,0.00,0.00,0.00,1.0000,1.0000,0,0,0,0,0,0,0,0
18446744068355.30,0.00,0.00,0.00,0.00,0.00,0.00,0.00,0.00,1194723437.29,1282806765.36,0.00,0.00,1039043714.84,0.00,0.00,0.00,1.0000,1.0000,0,0,0,0,0,0,0,0
18446744068357.30,0.00,0.00,0.00,0.00,0.00,0.00,0.00,0.00,1194723437.29,1282806765.36,0.00,0.00,1039043714.84,0.00,0.00,0.00,1.0000,1.0000,0,0,0,0,0,0,0,0
18446744068359.30,0.00,0.00,0.00,0.00,0.00,0.00,0.00,0.00,1194723437.29,1282806765.36,0.00,0.00,1039043714.84,0.00,0.00,0.00,1.0000,1.0000,0,0,0,0,0,0,0,0
18446744068361.30,0.00,0.00,0.00,0.00,0.00,0.00,0.00,0.00,1194723437.29,1282806765.36,0.00,0.00,1039043714.84,0.00,0.00,0.00,1.0000,1.0000,0,0,0,0,0,0,0,0
18446744068363.30,0.00,0.00,0.00,0.00,0.00,0.00,0.00,0.00,1194723437.29,1282806765.36,0.00,0.00,1039043714.84,0.00,0.00,0.00,1.0000,1.0000,0,0,0,0,0,0,0,0
18446744068365.30,0.00,0.00,0.00,0.00,0.00,0.00,0.00,0.00,1194723437.29,1282806765.36,0.00,0.00,1039043714.84,0.00,0.00,0.00,1.0000,1.0000,0,0,0,0,0,0,0,0
18446744068367.30,0.00,0.00,0.00,0.00,0.00,0.00,0.00,0.00,1194723437.29,1282806765.36,0.00,0.00,1039043714.84,0.00,0.00,0.00,1.0000,1.0000,0,0,0,0,0,0,0,0
18446744068369.30,0.00,0.00,0.00,0.00,0.00,0.00,0.00,0.00,1194723437.29,1282806765.36,0.00,0.00,1039043714.84,0.00,0.00,0.00,1.0000,1.0000,0,0,0,0,0,0,0,0
18446744068371.30,0.00,0.00,0.00,0.00,0.00,0.00,0.00,0.00,1194723437.29,1282806765.36,0.00,0.00,1039043714.84,0.00,0.00,0.00,1.0000,1.0000,0,0,0,0,0,0,0,0
18446744068373.30,0.00,0.00,0.00,0.00,0.00,0.00,0.00,0.00,1194723437.29,1282806765.36,0.00,0.00,1039043714.84,0.00,0.00,0.00,1.0000,1.0000,0,0,0,0,0,0,0,0
18446744068375.30,0.00,0.00,0.00,0.00,0.00,0.00,0.00,0.00,1194723437.29,1282806765.36,0.00,0.00,1039043714.84,0.00,0.00,0.00,1.0000,1.0000,0,0,0,0,0,0,0,0
18446744068377.30,0.00,0.00,0.00,0.00,0.00,0.00,0.00,0.00,1194723437.29,1282806765.36,0.00,0.00,1039043714.84,0.00,0.00,0.00,1.0000,1.0000,0,0,0,0,0,0,0,0
18446744068379.30,0.00,0.00,0.00,0.00,0.00,0.00,0.00,0.00,1194723437.29,1282806765.36,0.00,0.00,1039043714.84,0.00,0.00,0.00,1.0000,1.0000,0,0,0,0,0,0,0,0
18446744068381.30,0.00,0.00,0.00,0.00,0.00,0.00,0.00,0.00,1194723437.29,1282806765.36,0.00,0.00,1039043714.84,0.00,0.00,0.00,1.0000,1.0000,0,0,0,0,0,0,0,0
18446744068383.30,0.00,0.00,0.00,0.00,0.00,0.00,0.00,0.00,1194723437.29,1282806765.36,0.00,0.00,1039043714.84,0.00,0.00,0.00,1.0000,1.0000,0,0,0,0,0,0,0,0
18446744068385.30,0.00,0.00,0.00,0.00,0.00,0.00,0.00,0.00,1194723437.29,1282806765.36,0.00,0.00,1039043714.84,0.00,0.00,0.00,1.0000,1.0000,0,0,0,0,0,0,0,0
18446744068387.30,0.00,0.00,0.00,0.00,0.00,0.00,0.00,0.00,1194723437.29,1282806765.36,0.00,0.00,1039043714.84,0.00,0.00,0.00,1.0000,1.0000,0,0,0,0,0,0,0,0
18446744068389.30,0.00,0.00,0.00,0.00,0.00,0.00,0.00,0.00,1194723437.29,1282806765.36,0.00,0.00,1039043714.84,0.00,0.00,0.00,1.0000,1.0000,0,0,0,0,0,0,0,0
18446744068391.30,0.00,0.00,0.00,0.00,0.00,0.00,0.00,0.00,1194723437.29,1282806765.36,0.00,0.00,1039043714.84,0.00,0.00,0.00,1.0000,1.0000,0,0,0,0,0,0,0,0
18446744068393.30,0.00,0.00,0.00,0.00,0.00,0.00,0.00,0.00,1194723437.29,1282806765.36,0.00,0.00,1039043714.84,0.00,0.00,0.00,1.0000,1.0000,0,0,0,0,0,0,0,0
18446744068395.30,0.00,0.00,0.00,0.00,0.00,0.00,0.00,0.00,1194723437.29,1282806765.36,0.00,0.00,1039043714.84,0.00,0.00,0.00,1.0000,1.0000,0,0,0,0,0,0,0,0
18446744068397.30,0.00,0.00,0.00,0.00,0.00,0.00,0.00,0.00,1194723437.29,1282806765.36,0.00,0.00,1039043714.84,0.00,0.00,0.00,1.0000,1.0000,0,0,0,0,0,0,0,0
18446744068399.30,0.00,0.00,0.00,0.00,0.00,0.00,0.00,0.00,1194723437.29,1282806765.36,0.00,0.00,1039043714.84,0.00,0.00,0.00,1.0000,1.0000,0,0,0,0,0,0,0,0
18446744068401.30,0.00,0.00,0.00,0.00,0.00,0.00,0.00,0.00,1194723437.29,1282806765.36,0.00,0.00,1039043714.84,0.00,0.00,0.00,1.0000,1.0000,0,0,0,0,0,0,0,0
18446744068403.30,0.00,0.00,0.00,0.00,0.00,0.00,0.00,0.00,1194723437.29,1282806765.36,0.00,0.00,1039043714.84,0.00,0.00,0.00,1.0000,1.0000,0,0,0,0,0,0,0,0
18446744068405.30,0.00,0.00,0.00,0.00,0.00,0.00,0.00,0.00,1194723437.29,1282806765.36,0.00,0.00,1039043714.84,0.00,0.00,0.00,1.0000,1.0000,0,0,0,0,0,0,0,0
18446744068407.30,0.00,0.00,0.00,0.00,0.00,0.00,0.00,0.00,1194723437.29,1282806765.36,0.00,0.00,1039043714.84,0.00,0.00,0.00,1.0000,1.0000,0,0,0,0,0,0,0,0
18446744068409.30,0.00,0.00,0.00,0.00,0.00,0.00,0.00,0.00,1194723437.29,1282806765.36,0.00,0.00,1039043714.84,0.00,0.00,0.00,1.0000,1.0000,0,0,0,0,0,0,0,0
18446744068411.30,0.00,0.00,0.00,0.00,0.00,0.00,0.00,0.00,1194723437.29,1282806765.36,0.00,0.00,1039043714.84,0.00,0.00,0.00,1.0000,1.0000,0,0,0,0,0,0,0,0
18446744068413.30,0.00,0.00,0.00,0.00,0.00,0.00,0.00,0.00,1194723437.29,1282806765.36,0.00,0.00,1039043714.84,0.00,0.00,0.00,1.0000,1.0000,0,0,0,0,0,0,0,0
18446744068415.30,0.00,0.00,0.00,0.00,0.00,0.00,0.00,0.00,1194723437.29,1282806765.36,0.00,0.00,1039043714.84,0.00,0.00,0.00,1.0000,1.0000,0,0,0,0,0,0,0,0
18446744068417.30,0.00,0.00,0.00,0.00,0.00,0.00,0.00,0.00,1194723437.29,1282806765.36,0.00,0.00,1039043714.84,0.00,0.00,0.00,1.0000,1.0000,0,0,0,0,0,0,0,0
18446744068419.30,0.00,0.00,0.00,0.00,0.00,0.00,0.00,0.00,1194723437.29,1282806765.36,0.00,0.00,1039043714.84,0.00,0.00,0.00,1.0000,1.0000,0,0,0,0,0,0,0,0
18446744068421.30,0.00,0.00,0.00,0.00,0.00,0.00,0.00,0.00,1194723437.29,1282806765.36,0.00,0.00,1039043714.84,0.00,0.00,0.00,1.0000,1.0000,0,0,0,0,0,0,0,0
18446744068423.30,0.00,0.00,0.00,0.00,0.00,0.00,0.00,0.00,1194723437.29,1282806765.36,0.00,0.00,1039043714.84,0.00,0.00,0.00,1.0000,1.0000,0,0,0,0,0,0,0,0
18446744068425.30,0.00,0.00,0.00,0.00,0.00,0.00,0.00,0.00,1194723437.29,1282806765.36,0.00,0.00,1039043714.84,0.00,0.00,0.00,1.0000,1.0000,0,0,0,0,0,0,0,0
18446744068427.30,0.00,0.00,0.00,0.00,0.00,0.00,0.00,0.00,1194723437.29,1282806765.36,0.00,0.00,1039043714.84,0.00,0.00,0.00,1.0000,1.0000,0,0,0,0,0,0,0,0
18446744068429.30,0.00,0.00,0.00,0.00,0.00,0.00,0.00,0.00,1194723437.29,1282806765.36,0.00,0.00,1039043714.84,0.00,0.00,0.00,1.0000,1.0000,0,0,0,0,0,0,0,0
18446744068431.30,0.00,0.00,0.00,0.00,0.00,0.00,0.00,0.00,1194723437.29,1282806765.36,0.00,0.00,1039043714.84,0.00,0.00,0.00,1.0000,1.0000,0,0,0,0,0,0,0,0
18446744068433.30,0.00,0.00,0.00,0.00,0.00,0.00,0.00,0.00,1194723437.29,1282806765.36,0.00,0.00,1039043714.84,0.00,0.00,0.00,1.0000,1.0000,0,0,0,0,0,0,0,0
18446744068435.30,0.00,0.00,0.00,0.00,0.00,0.00,0.00,0.00,1194723437.29,1282806765.36,0.00,0.00,1039043714.84,0.00,0.00,0.00,1.0000,1.0000,0,0,0,0,0,0,0,0
18446744068437.30,0.00,0.00,0.00,0.00,0.00,0.00,0.00,0.00,1194723437.29,1282806765.36,0.00,0.00,1039043714.84,0.00,0.00,0.00,1.0000,1.0000,0,0,0,0,0,0,0,0
18446744068439.30,0.00,0.00,0.00,0.00,0.00,0.00,0.00,0.00,1194723437.29,1282806765.36,0.00,0.00,1039043714.84,0.00,0.00,0.00,1.0000,1.0000,0,0,0,0,0,0,0,0
18446744068441.30,0.00,0.00,0.00,0.00,0.00,0.00,0.00,0.00,1194723437.29,1282806765.36,0.00,0.00,1039043714.84,0.00,0.00,0.00,1.0000,1.0000,0,0,0,0,0,0,0,0
18446744068443.30,0.00,0.00,0.00,0.00,0.00,0.00,0.00,0.00,1194723437.29,1282806765.36,0.00,0.00,1039043714.84,0.00,0.00,0.00,1.0000,1.0000,0,0,0,0,0,0,0,0
18446744068445.30,0.00,0.00,0.00,0.00,0.00,0.00,0.00,0.00,1194723437.29,1282806765.36,0.00,0.00,1039043714.84,0.00,0.00,0.00,1.0000,1.0000,0,0,0,0,0,0,0,0
18446744068447.30,0.00,0.00,0.00,0.00,0.00,0.00,0.00,0.00,1194723437.29,1282806765.36,0.00,0.00,1039043714.84,0.00,0.00,0.00,1.0000,1.0000,0,0,0,0,0,0,0,0
18446744068449.30,0.00,0.00,0.00,0.00,0.00,0.00,0.00,0.00,1194723437.29,1282806765.36,0.00,0.00,1039043714.84,0.00,0.00,0.00,1.0000,1.0000,0,0,0,0,0,0,0,0
18446744068451.30,0.00,0.00,0.00,0.00,0.00,0.00,0.00,0.00,1194723437.29,1282806765.36,0.00,0.00,1039043714.84,0.00,0.00,0.00,1.0000,1.0000,0,0,0,0,0,0,0,0
18446744068453.30,0.00,0.00,0.00,0.00,0.00,0.00,0.00,0.00,1194723437.29,1282806765.36,0.00,0.00,1039043714.84,0.00,0.00,0.00,1.0000,1.0000,0,0,0,0,0,0,0,0
18446744068455.30,0.00,0.00,0.00,0.00,0.00,0.00,0.00,0.00,1194723437.29,1282806765.36,0.00,0.00,1039043714.84,0.00,0.00,0.00,1.0000,1.0000,0,0,0,0,0,0,0,0
18446744068457.30,0.00,0.00,0.00,0.00,0.00,0.00,0.00,0.00,1194723437.29,1282806765.36,0.00,0.00,1039043714.84,0.00,0.00,0.00,1.0000,1.0000,0,0,0,0,0,0,0,0
18446744068459.30,0.00,0.00,0.00,0.00,0.00,0.00,0.00,0.00,1194723437.29,1282806765.36,0.00,0.00,1039043714.84,0.00,0.00,0.00,1.0000,1.0000,0,0,0,0,0,0,0,0
18446744068461.30,0.00,0.00,0.00,0.00,0.00,0.00,0.00,0.00,1194723437.29,1282806765.36,0.00,0.00,1039043714.84,0.00,0.00,0.00,1.0000,1.0000,0,0,0,0,0,0,0,0
18446744068463.30,0.00,0.00,0.00,0.00,0.00,0.00,0.00,0.00,1194723437.29,1282806765.36,0.00,0.00,1039043714.84,0.00,0.00,0.00,1.0000,1.0000,0,0,0,0,0,0,0,0
18446744068465.30,0.00,0.00,0.00,0.00,0.00,0.00,0.00,0.00,1194723437.29,1282806765.36,0.00,0.00,1039043714.84,0.00,0.00,0.00,1.0000,1.0000,0,0,0,0,0,0,0,0
18446744068467.30,0.00,0.00,0.00,0.00,0.00,0.00,0.00,0.00,1194723437.29,1282806765.36,0.00,0.00,1039043714.84,0.00,0.00,0.00,1.0000,1.0000,0,0,0,0,0,0,0,0
18446744068469.30,0.00,0.00,0.00,0.00,0.00,0.00,0.00,0.00,1194723437.29,1282806765.36,0.00,0.00,1039043714.84,0.00,0.00,0.00,1.0000,1.0000,0,0,0,0,0,0,0,0
18446744068471.30,0.00,0.00,0.00,0.00,0.00,0.00,0.00,0.00,1194723437.29,1282806765.36,0.00,0.00,1039043714.84,0.00,0.00,0.00,1.0000,1.0000,0,0,0,0,0,0,0,0
18446744068473.30,0.00,0.00,0.00,0.00,0.00,0.00,0.00,0.00,1194723437.29,1282806765.36,0.00,0.00,1039043714.84,0.00,0.00,0.00,1.0000,1.0000,0,0,0,0,0,0,0,0
18446744068475.30,0.00,0.00,0.00,0.00,0.00,0.00,0.00,0.00,1194723437.29,1282806765.36,0.00,0.00,1039043714.84,0.00,0.00,0.00,1.0000,1.0000,0,0,0,0,0,0,0,0
18446744068477.30,0.00,0.00,0.00,0.00,0.00,0.00,0.00,0.00,1194723437.29,1282806765.36,0.00,0.00,1039043714.84,0.00,0.00,0.00,1.0000,1.0000,0,0,0,0,0,0,0,0
18446744068479.30,0.00,0.00,0.00,0.00,0.00,0.00,0.00,0.00,1194723437.29,1282806765.36,0.00,0.00,1039043714.84,0.00,0.00,0.00,1.0000,1.0000,0,0,0,0,0,0,0,0
18446744068481.30,0.00,0.00,0.00,0.00,0.00,0.00,0.00,0.00,1194723437.29,1282806765.36,0.00,0.00,1039043714.84,0.00,0.00,0.00,1.0000,1.0000,0,0,0,0,0,0,0,0
18446744068483.30,0.00,0.00,0.00,0.00,0.00,0.00,0.00,0.00,1194723437.29,1282806765.36,0.00,0.00,1039043714.84,0.00,0.00,0.00,1.0000,1.0000,0,0,0,0,0,0,0,0
18446744068485.30,0.00,0.00,0.00,0.00,0.00,0.00,0.00,0.00,1194723437.29,1282806765.36,0.00,0.00,1039043714.84,0.00,0.00,0.00,1.0000,1.0000,0,0,0,0,0,0,0,0
18446744068487.30,0.00,0.00,0.00,0.00,0.00,0.00,0.00,0.00,1194723437.29,1282806765.36,0.00,0.00,1039043714.84,0.00,0.00,0.00,1.0000,1.0000,0,0,0,0,0,0,0,0
18446744068489.30,0.00,0.00,0.00,0.00,0.00,0.00,0.00,0.00,1194723437.29,1282806765.36,0.00,0.00,1039043714.84,0.00,0.00,0.00,1.0000,1.0000,0,0,0,0,0,0,0,0
18446744068491.30,0.00,0.00,0.00,0.00,0.00,0.00,0.00,0.00,1194723437.29,1282806765.36,0.00,0.00,1039043714.84,0.00,0.00,0.00,1.0000,1.0000,0,0,0,0,0,0,0,0
18446744068493.30,0.00,0.00,0.00,0.00,0.00,0.00,0.00,0.00,1194723437.29,1282806765.36,0.00,0.00,1039043714.84,0.00,0.00,0.00,1.0000,1.0000,0,0,0,0,0,0,0,0
18446744068495.30,0.00,0.00,0.00,0.00,0.00,0.00,0.00,0.00,1194723437.29,1282806765.36,0.00,0.00,1039043714.84,0.00,0.00,0.00,1.0000,1.0000,0,0,0,0,0,0,0,0
18446744068497.30,0.00,0.00,0.00,0.00,0.00,0.00,0.00,0.00,1194723437.29,1282806765.36,0.00,0.00,1039043714.84,0.00,0.00,0.00,1.0000,1.0000,0,0,0,0,0,0,0,0
18446744068499.30,0.00,0.00,0.00,0.00,0.00,0.00,0.00,0.00,1194723437.29,1282806765.36,0.00,0.00,1039043714.84,0.00,0.00,0.00,1.0000,1.0000,0,0,0,0,0,0,0,0
18446744068501.30,0.00,0.00,0.00,0.00,0.00,0.00,0.00,0.00,1194723437.29,1282806765.36,0.00,0.00,1039043714.84,0.00,0.00,0.00,1.0000,1.0000,0,0,0,0,0,0,0,0
18446744068503.30,0.00,0.00,0.00,0.00,0.00,0.00,0.00,0.00,1194723437.29,1282806765.36,0.00,0.00,1039043714.84,0.00,0.00,0.00,1.0000,1.0000,0,0,0,0,0,0,0,0
18446744068505.30,0.00,0.00,0.00,0.00,0.00,0.00,0.00,0.00,1194723437.29,1282806765.36,0.00,0.00,1039043714.84,0.00,0.00,0.00,1.0000,1.0000,0,0,0,0,0,0,0,0
18446744068507.30,0.00,0.00,0.00,0.00,0.00,0.00,0.00,0.00,1194723437.29,1282806765.36,0.00,0.00,1039043714.84,0.00,0.00,0.00,1.0000,1.0000,0,0,0,0,0,0,0,0
18446744068509.30,0.00,0.00,0.00,0.00,0.00,0.00,0.00,0.00,1194723437.29,1282806765.36,0.00,0.00,1039043714.84,0.00,0.00,0.00,1.0000,1.0000,0,0,0,0,0,0,0,0
18446744068511.30,0.00,0.00,0.00,0.00,0.00,0.00,0.00,0.00,1194723437.29,1282806765.36,0.00,0.00,1039043714.84,0.00,0.00,0.00,1.0000,1.0000,0,0,0,0,0,0,0,0
18446744068513.30,0.00,0.00,0.00,0.00,0.00,0.00,0.00,0.00,1194723437.29,1282806765.36,0.00,0.00,1039043714.84,0.00,0.00,0.00,1.0000,1.0000,0,0,0,0,0,0,0,0
18446744068515.30,0.00,0.00,0.00,0.00,0.00,0.00,0.00,0.00,1194723437.29,1282806765.36,0.00,0.00,1039043714.84,0.00,0.00,0.00,1.0000,1.0000,0,0,0,0,0,0,0,0
18446744068517.30,0.00,0.00,0.00,0.00,0.00,0.00,0.00,0.00,1194723437.29,1282806765.36,0.00,0.00,1039043714.84,0.00,0.00,0.00,1.0000,1.0000,0,0,0,0,0,0,0,0
18446744068519.30,0.00,0.00,0.00,0.00,0.00,0.00,0.00,0.00,1194723437.29,1282806765.36,0.00,0.00,1039043714.84,0.00,0.00,0.00,1.0000,1.0000,0,0,0,0,0,0,0,0
18446744068521.30,0.00,0.00,0.00,0.00,0.00,0.00,0.00,0.00,1194723437.29,1282806765.36,0.00,0.00,1039043714.84,0.00,0.00,0.00,1.0000,1.0000,0,0,0,0,0,0,0,0
18446744068523.30,0.00,0.00,0.00,0.00,0.00,0.00,0.00,0.00,1194723437.29,1282806765.36,0.00,0.00,1039043714.84,0.00,0.00,0.00,1.0000,1.0000,0,0,0,0,0,0,0,0
18446744068525.30,0.00,0.00,0.00,0.00,0.00,0.00,0.00,0.00,1194723437.29,1282806765.36,0.00,0.00,1039043714.84,0.00,0.00,0.00,1.0000,1.0000,0,0,0,0,0,0,0,0
18446744068527.30,0.00,0.00,0.00,0.00,0.00,0.00,0.00,0.00,1194723437.29,1282806765.36,0.00,0.00,1039043714.84,0.00,0.00,0.00,1.0000,1.0000,0,0,0,0,0,0,0,0
18446744068529.30,0.00,0.00,0.00,0.00,0.00,0.00,0.00,0.00,1194723437.29,1282806765.36,0.00,0.00,1039043714.84,0.00,0.00,0.00,1.0000,1.0000,0,0,0,0,0,0,0,0
18446744068531.30,0.00,0.00,0.00,0.00,0.00,0.00,0.00,0.00,1194723437.29,1282806765.36,0.00,0.00,1039043714.84,0.00,0.00,0.00,1.0000,1.0000,0,0,0,0,0,0,0,0
18446744068533.30,0.00,0.00,0.00,0.00,0.00,0.00,0.00,0.00,1194723437.29,1282806765.36,0.00,0.00,1039043714.84,0.00,0.00,0.00,1.0000,1.0000,0,0,0,0,0,0,0,0
18446744068535.30,0.00,0.00,0.00,0.00,0.00,0.00,0.00,0.00,1194723437.29,1282806765.36,0.00,0.00,1039043714.84,0.00,0.00,0.00,1.0000,1.0000,0,0,0,0,0,0,0,0
18446744068537.30,0.00,0.00,0.00,0.00,0.00,0.00,0.00,0.00,1194723437.29,1282806765.36,0.00,0.00,1039043714.84,0.00,0.00,0.00,1.0000,1.0000,0,0,0,0,0,0,0,0
18446744068539.30,0.00,0.00,0.00,0.00,0.00,0.00,0.00,0.00,1194723437.29,1282806765.36,0.00,0.00,1039043714.84,0.00,0.00,0.00,1.0000,1.0000,0,0,0,0,0,0,0,0
18446744068541.30,0.00,0.00,0.00,0.00,0.00,0.00,0.00,0.00,1194723437.29,1282806765.36,0.00,0.00,1039043714.84,0.00,0.00,0.00,1.0000,1.0000,0,0,0,0,0,0,0,0
18446744068543.30,0.00,0.00,0.00,0.00,0.00,0.00,0.00,0.00,1194723437.29,1282806765.36,0.00,0.00,1039043714.84,0.00,0.00,0.00,1.0000,1.0000,0,0,0,0,0,0,0,0
18446744068545.30,0.00,0.00,0.00,0.00,0.00,0.00,0.00,0.00,1194723437.29,1282806765.36,0.00,0.00,1039043714.84,0.00,0.00,0.00,1.0000,1.0000,0,0,0,0,0,0,0,0
18446744068547.30,0.00,0.00,0.00,0.00,0.00,0.00,0.00,0.00,1194723437.29,1282806765.36,0.00,0.00,1039043714.84,0.00,0.00,0.00,1.0000,1.0000,0,0,0,0,0,0,0,0
18446744068549.30,0.00,0.00,0.00,0.00,0.00,0.00,0.00,0.00,1194723437.29,1282806765.36,0.00,0.00,1039043714.84,0.00,0.00,0.00,1.0000,1.0000,0,0,0,0,0,0,0,0
18446744068551.30,0.00,0.00,0.00,0.00,0.00,0.00,0.00,0.00,1194723437.29,1282806765.36,0.00,0.00,1039043714.84,0.00,0.00,0.00,1.0000,1.0000,0,0,0,0,0,0,0,0
18446744068553.30,0.00,0.00,0.00,0.00,0.00,0.00,0.00,0.00,1194723437.29,1282806765.36,0.00,0.00,1039043714.84,0.00,0.00,0.00,1.0000,1.0000,0,0,0,0,0,0,0,0
18446744068555.30,0.00,0.00,0.00,0.00,0.00,0.00,0.00,0.00,1194723437.29,1282806765.36,0.00,0.00,1039043714.84,0.00,0.00,0.00,1.0000,1.0000,0,0,0,0,0,0,0,0
18446744068557.30,0.00,0.00,0.00,0.00,0.00,0.00,0.00,0.00,1194723437.29,1282806765.36,0.00,0.00,1039043714.84,0.00,0.00,0.00,1.0000,1.0000,0,0,0,0,0,0,0,0
18446744068559.30,0.00,0.00,0.00,0.00,0.00,0.00,0.00,0.00,1194723437.29,1282806765.36,0.00,0.00,1039043714.84,0.00,0.00,0.00,1.0000,1.0000,0,0,0,0,0,0,0,0
18446744068561.30,0.00,0.00,0.00,0.00,0.00,0.00,0.00,0.00,1194723437.29,1282806765.36,0.00,0.00,1039043714.84,0.00,0.00,0.00,1.0000,1.0000,0,0,0,0,0,0,0,0
18446744068563.30,0.00,0.00,0.00,0.00,0.00,0.00,0.00,0.00,1194723437.29,1282806765.36,0.00,0.00,1039043714.84,0.00,0.00,0.00,1.0000,1.0000,0,0,0,0,0,0,0,0
18446744068565.30,0.00,0.00,0.00,0.00,0.00,0.00,0.00,0.00,1194723437.29,1282806765.36,0.00,0.00,1039043714.84,0.00,0.00,0.00,1.0000,1.0000,0,0,0,0,0,0,0,0
18446744068567.30,0.00,0.00,0.00,0.00,0.00,0.00,0.00,0.00,1194723437.29,1282806765.36,0.00,0.00,1039043714.84,0.00,0.00,0.00,1.0000,1.0000,0,0,0,0,0,0,0,0
18446744068569.30,0.00,0.00,0.00,0.00,0.00,0.00,0.00,0.00,1194723437.29,1282806765.36,0.00,0.00,1039043714.84,0.00,0.00,0.00,1.0000,1.0000,0,0,0,0,0,0,0,0
18446744068571.30,0.00,0.00,0.00,0.00,0.00,0.00,0.00,0.00,1194723437.29,1282806765.36,0.00,0.00,1039043714.84,0.00,0.00,0.00,1.0000,1.0000,0,0,0,0,0,0,0,0
18446744068573.30,0.00,0.00,0.00,0.00,0.00,0.00,0.00,0.00,1194723437.29,1282806765.36,0.00,0.00,1039043714.84,0.00,0.00,0.00,1.0000,1.0000,0,0,0,0,0,0,0,0
18446744068575.30,0.00,0.00,0.00,0.00,0.00,0.00,0.00,0.00,1194723437.29,1282806765.36,0.00,0.00,1039043714.84,0.00,0.00,0.00,1.0000,1.0000,0,0,0,0,0,0,0,0
18446744068577.30,0.00,0.00,0.00,0.00,0.00,0.00,0.00,0.00,1194723437.29,1282806765.36,0.00,0.00,1039043714.84,0.00,0.00,0.00,1.0000,1.0000,0,0,0,0,0,0,0,0
18446744068579.30,0.00,0.00,0.00,0.00,0.00,0.00,0.00,0.00,1194723437.29,1282806765.36,0.00,0.00,1039043714.84,0.00,0.00,0.00,1.0000,1.0000,0,0,0,0,0,0,0,0
18446744068581.30,0.00,0.00,0.00,0.00,0.00,0.00,0.00,0.00,1194723437.29,1282806765.36,0.00,0.00,1039043714.84,0.00,0.00,0.00,1.0000,1.0000,0,0,0,0,0,0,0,0
18446744068583.30,0.00,0.00,0.00,0.00,0.00,0.00,0.00,0.00,1194723437.29,1282806765.36,0.00,0.00,1039043714.84,0.00,0.00,0.00,1.0000,1.0000,0,0,0,0,0,0,0,0
18446744068585.30,0.00,0.00,0.00,0.00,0.00,0.00,0.00,0.00,1194723437.29,1282806765.36,0.00,0.00,1039043714.84,0.00,0.00,0.00,1.0000,1.0000,0,0,0,0,0,0,0,0
18446744068587.30,0.00,0.00,0.00,0.00,0.00,0.00,0.00,0.00,1194723437.29,1282806765.36,0.00,0.00,1039043714.84,0.00,0.00,0.00,1.0000,1.0000,0,0,0,0,0,0,0,0
18446744068589.30,0.00,0.00,0.00,0.00,0.00,0.00,0.00,0.00,1194723437.29,1282806765.36,0.00,0.00,1039043714.84,0.00,0.00,0.00,1.0000,1.0000,0,0,0,0,0,0,0,0
18446744068591.30,0.00,0.00,0.00,0.00,0.00,0.00,0.00,0.00,1194723437.29,1282806765.36,0.00,0.00,1039043714.84,0.00,0.00,0.00,1.0000,1.0000,0,0,0,0,0,0,0,0
18446744068593.30,0.00,0.00,0.00,0.00,0.00,0.00,0.00,0.00,1194723437.29,1282806765.36,0.00,0.00,1039043714.84,0.00,0.00,0.00,1.0000,1.0000,0,0,0,0,0,0,0,0
18446744068595.30,0.00,0.00,0.00,0.00,0.00,0.00,0.00,0.00,1194723437.29,1282806765.36,0.00,0.00,1039043714.84,0.00,0.00,0.00,1.0000,1.0000,0,0,0,0,0,0,0,0
18446744068597.30,0.00,0.00,0.00,0.00,0.00,0.00,0.00,0.00,1194723437.29,1282806765.36,0.00,0.00,1039043714.84,0.00,0.00,0.00,1.0000,1.0000,0,0,0,0,0,0,0,0
18446744068599.30,0.00,0.00,0.00,0.00,0.00,0.00,0.00,0.00,1194723437.29,1282806765.36,0.00,0.00,1039043714.84,0.00,0.00,0.00,1.0000,1.0000,0,0,0,0,0,0,0,0
18446744068601.30,0.00,0.00,0.00,0.00,0.00,0.00,0.00,0.00,1194723437.29,1282806765.36,0.00,0.00,1039043714.84,0.00,0.00,0.00,1.0000,1.0000,0,0,0,0,0,0,0,0
18446744068603.30,0.00,0.00,0.00,0.00,0.00,0.00,0.00,0.00,1194723437.29,1282806765.36,0.00,0.00,1039043714.84,0.00,0.00,0.00,1.0000,1.0000,0,0,0,0,0,0,0,0
18446744068605.30,0.00,0.00,0.00,0.00,0.00,0.00,0.00,0.00,1194723437.29,1282806765.36,0.00,0.00,1039043714.84,0.00,0.00,0.00,1.0000,1.0000,0,0,0,0,0,0,0,0
18446744068607.30,0.00,0.00,0.00,0.00,0.00,0.00,0.00,0.00,1194723437.29,1282806765.36,0.00,0.00,1039043714.84,0.00,0.00,0.00,1.0000,1.0000,0,0,0,0,0,0,0,0
18446744068609.30,0.00,0.00,0.00,0.00,0.00,0.00,0.00,0.00,1194723437.29,1282806765.36,0.00,0.00,1039043714.84,0.00,0.00,0.00,1.0000,1.0000,0,0,0,0,0,0,0,0
18446744068611.30,0.00,0.00,0.00,0.00,0.00,0.00,0.00,0.00,1194723437.29,1282806765.36,0.00,0.00,1039043714.84,0.00,0.00,0.00,1.0000,1.0000,0,0,0,0,0,0,0,0
18446744068613.30,0.00,0.00,0.00,0.00,0.00,0.00,0.00,0.00,1194723437.29,1282806765.36,0.00,0.00,1039043714.84,0.00,0.00,0.00,1.0000,1.0000,0,0,0,0,0,0,0,0
18446744068615.30,0.00,0.00,0.00,0.00,0.00,0.00,0.00,0.00,1194723437.29,1282806765.36,0.00,0.00,1039043714.84,0.00,0.00,0.00,1.0000,1.0000,0,0,0,0,0,0,0,0
18446744068617.30,0.00,0.00,0.00,0.00,0.00,0.00,0.00,0.00,1194723437.29,1282806765.36,0.00,0.00,1039043714.84,0.00,0.00,0.00,1.0000,1.0000,0,0,0,0,0,0,0,0
18446744068619.30,0.00,0.00,0.00,0.00,0.00,0.00,0.00,0.00,1194723437.29,1282806765.36,0.00,0.00,1039043714.84,0.00,0.00,0.00,1.0000,1.0000,0,0,0,0,0,0,0,0
18446744068621.30,0.00,0.00,0.00,0.00,0.00,0.00,0.00,0.00,1194723437.29,1282806765.36,0.00,0.00,1039043714.84,0.00,0.00,0.00,1.0000,1.0000,0,0,0,0,0,0,0,0
18446744068623.30,0.00,0.00,0.00,0.00,0.00,0.00,0.00,0.00,1194723437.29,1282806765.36,0.00,0.00,1039043714.84,0.00,0.00,0.00,1.0000,1.0000,0,0,0,0,0,0,0,0
18446744068625.30,0.00,0.00,0.00,0.00,0.00,0.00,0.00,0.00,1194723437.29,1282806765.36,0.00,0.00,1039043714.84,0.00,0.00,0.00,1.0000,1.0000,0,0,0,0,0,0,0,0
18446744068627.30,0.00,0.00,0.00,0.00,0.00,0.00,0.00,0.00,1194723437.29,1282806765.36,0.00,0.00,1039043714.84,0.00,0.00,0.00,1.0000,1.0000,0,0,0,0,0,0,0,0
18446744068629.30,0.00,0.00,0.00,0.00,0.00,0.00,0.00,0.00,1194723437.29,1282806765.36,0.00,0.00,1039043714.84,0.00,0.00,0.00,1.0000,1.0000,0,0,0,0,0,0,0,0
18446744068631.30,0.00,0.00,0.00,0.00,0.00,0.00,0.00,0.00,1194723437.29,1282806765.36,0.00,0.00,1039043714.84,0.00,0.00,0.00,1.0000,1.0000,0,0,0,0,0,0,0,0
18446744068633.30,0.00,0.00,0.00,0.00,0.00,0.00,0.00,0.00,1194723437.29,1282806765.36,0.00,0.00,1039043714.84,0.00,0.00,0.00,1.0000,1.0000,0,0,0,0,0,0,0,0
18446744068635.30,0.00,0.00,0.00,0.00,0.00,0.00,0.00,0.00,1194723437.29,1282806765.36,0.00,0.00,1039043714.84,0.00,0.00,0.00,1.0000,1.0000,0,0,0,0,0,0,0,0
18446744068637.30,0.00,0.00,0.00,0.00,0.00,0.00,0.00,0.00,1194723437.29,1282806765.36,0.00,0.00,1039043714.84,0.00,0.00,0.00,1.0000,1.0000,0,0,0,0,0,0,0,0
18446744068639.30,0.00,0.00,0.00,0.00,0.00,0.00,0.00,0.00,1194723437.29,1282806765.36,0.00,0.00,1039043714.84,0.00,0.00,0.00,1.0000,1.0000,0,0,0,0,0,0,0,0
18446744068641.30,0.00,0.00,0.00,0.00,0.00,0.00,0.00,0.00,1194723437.29,1282806765.36,0.00,0.00,1039043714.84,0.00,0.00,0.00,1.0000,1.0000,0,0,0,0,0,0,0,0
18446744068643.30,0.00,0.00,0.00,0.00,0.00,0.00,0.00,0.00,1194723437.29,1282806765.36,0.00,0.00,1039043714.84,0.00,0.00,0.00,1.0000,1.0000,0,0,0,0,0,0,0,0
18446744068645.30,0.00,0.00,0.00,0.00,0.00,0.00,0.00,0.00,1194723437.29,1282806765.36,0.00,0.00,1039043714.84,0.00,0.00,0.00,1.0000,1.0000,0,0,0,0,0,0,0,0
18446744068647.30,0.00,0.00,0.00,0.00,0.00,0.00,0.00,0.00,1194723437.29,1282806765.36,0.00,0.00,1039043714.84,0.00,0.00,0.00,1.0000,1.0000,0,0,0,0,0,0,0,0
18446744068649.30,0.00,0.00,0.00,0.00,0.00,0.00,0.00,0.00,1194723437.29,1282806765.36,0.00,0.00,1039043714.84,0.00,0.00,0.00,1.0000,1.0000,0,0,0,0,0,0,0,0
18446744068651.30,0.00,0.00,0.00,0.00,0.00,0.00,0.00,0.00,1194723437.29,1282806765.36,0.00,0.00,1039043714.84,0.00,0.00,0.00,1.0000,1.0000,0,0,0,0,0,0,0,0
18446744068653.30,0.00,0.00,0.00,0.00,0.00,0.00,0.00,0.00,1194723437.29,1282806765.36,0.00,0.00,1039043714.84,0.00,0.00,0.00,1.0000,1.0000,0,0,0,0,0,0,0,0
18446744068655.30,0.00,0.00,0.00,0.00,0.00,0.00,0.00,0.00,1194723437.29,1282806765.36,0.00,0.00,1039043714.84,0.00,0.00,0.00,1.0000,1.0000,0,0,0,0,0,0,0,0
18446744068657.30,0.00,0.00,0.00,0.00,0.00,0.00,0.00,0.00,1194723437.29,1282806765.36,0.00,0.00,1039043714.84,0.00,0.00,0.00,1.0000,1.0000,0,0,0,0,0,0,0,0
18446744068659.30,0.00,0.00,0.00,0.00,0.00,0.00,0.00,0.00,1194723437.29,1282806765.36,0.00,0.00,1039043714.84,0.00,0.00,0.00,1.0000,1.0000,0,0,0,0,0,0,0,0
18446744068661.30,0.00,0.00,0.00,0.00,0.00,0.00,0.00,0.00,1194723437.29,1282806765.36,0.00,0.00,1039043714.84,0.00,0.00,0.00,1.0000,1.0000,0,0,0,0,0,0,0,0
18446744068663.30,0.00,0.00,0.00,0.00,0.00,0.00,0.00,0.00,1194723437.29,1282806765.36,0.00,0.00,1039043714.84,0.00,0.00,0.00,1.0000,1.0000,0,0,0,0,0,0,0,0
18446744068665.30,0.00,0.00,0.00,0.00,0.00,0.00,0.00,0.00,1194723437.29,1282806765.36,0.00,0.00,1039043714.84,0.00,0.00,0.00,1.0000,1.0000,0,0,0,0,0,0,0,0
18446744068667.30,0.00,0.00,0.00,0.00,0.00,0.00,0.00,0.00,1194723437.29,1282806765.36,0.00,0.00,1039043714.84,0.00,0.00,0.00,1.0000,1.0000,0,0,0,0,0,0,0,0
18446744068669.30,0.00,0.00,0.00,0.00,0.00,0.00,0.00,0.00,1194723437.29,1282806765.36,0.00,0.00,1039043714.84,0.00,0.00,0.00,1.0000,1.0000,0,0,0,0,0,0,0,0
18446744068671.30,0.00,0.00,0.00,0.00,0.00,0.00,0.00,0.00,1194723437.29,1282806765.36,0.00,0.00,1039043714.84,0.00,0.00,0.00,1.0000,1.0000,0,0,0,0,0,0,0,0
18446744068673.30,0.00,0.00,0.00,0.00,0.00,0.00,0.00,0.00,1194723437.29,1282806765.36,0.00,0.00,1039043714.84,0.00,0.00,0.00,1.0000,1.0000,0,0,0,0,0,0,0,0
18446744068675.30,0.00,0.00,0.00,0.00,0.00,0.00,0.00,0.00,1194723437.29,1282806765.36,0.00,0.00,1039043714.84,0.00,0.00,0.00,1.0000,1.0000,0,0,0,0,0,0,0,0
18446744068677.30,0.00,0.00,0.00,0.00,0.00,0.00,0.00,0.00,1194723437.29,1282806765.36,0.00,0.00,1039043714.84,0.00,0.00,0.00,1.0000,1.0000,0,0,0,0,0,0,0,0
18446744068679.30,0.00,0.00,0.00,0.00,0.00,0.00,0.00,0.00,1194723437.29,1282806765.36,0.00,0.00,1039043714.84,0.00,0.00,0.00,1.0000,1.0000,0,0,0,0,0,0,0,0
18446744068681.30,0.00,0.00,0.00,0.00,0.00,0.00,0.00,0.00,1194723437.29,1282806765.36,0.00,0.00,1039043714.84,0.00,0.00,0.00,1.0000,1.0000,0,0,0,0,0,0,0,0
18446744068683.30,0.00,0.00,0.00,0.00,0.00,0.00,0.00,0.00,1194723437.29,1282806765.36,0.00,0.00,1039043714.84,0.00,0.00,0.00,1.0000,1.0000,0,0,0,0,0,0,0,0
18446744068685.30,0.00,0.00,0.00,0.00,0.00,0.00,0.00,0.00,1194723437.29,1282806765.36,0.00,0.00,1039043714.84,0.00,0.00,0.00,1.0000,1.0000,0,0,0,0,0,0,0,0
18446744068687.30,0.00,0.00,0.00,0.00,0.00,0.00,0.00,0.00,1194723437.29,1282806765.36,0.00,0.00,1039043714.84,0.00,0.00,0.00,1.0000,1.0000,0,0,0,0,0,0,0,0
18446744068689.30,0.00,0.00,0.00,0.00,0.00,0.00,0.00,0.00,1194723437.29,1282806765.36,0.00,0.00,1039043714.84,0.00,0.00,0.00,1.0000,1.0000,0,0,0,0,0,0,0,0
18446744068691.30,0.00,0.00,0.00,0.00,0.00,0.00,0.00,0.00,1194723437.29,1282806765.36,0.00,0.00,1039043714.84,0.00,0.00,0.00,1.0000,1.0000,0,0,0,0,0,0,0,0
18446744068693.30,0.00,0.00,0.00,0.00,0.00,0.00,0.00,0.00,1194723437.29,1282806765.36,0.00,0.00,1039043714.84,0.00,0.00,0.00,1.0000,1.0000,0,0,0,0,0,0,0,0
18446744068695.30,0.00,0.00,0.00,0.00,0.00,0.00,0.00,0.00,1194723437.29,1282806765.36,0.00,0.00,1039043714.84,0.00,0.00,0.00,1.0000,1.0000,0,0,0,0,0,0,0,0
18446744068697.30,0.00,0.00,0.00,0.00,0.00,0.00,0.00,0.00,1194723437.29,1282806765.36,0.00,0.00,1039043714.84,0.00,0.00,0.00,1.0000,1.0000,0,0,0,0,0,0,0,0
18446744068699.30,0.00,0.00,0.00,0.00,0.00,0.00,0.00,0.00,1194723437.29,1282806765.36,0.00,0.00,1039043714.84,0.00,0.00,0.00,1.0000,1.0000,0,0,0,0,0,0,0,0
18446744068701.30,0.00,0.00,0.00,0.00,0.00,0.00,0.00,0.00,1194723437.29,1282806765.36,0.00,0.00,1039043714.84,0.00,0.00,0.00,1.0000,1.0000,0,0,0,0,0,0,0,0
18446744068703.30,0.00,0.00,0.00,0.00,0.00,0.00,0.00,0.00,1194723437.29,1282806765.36,0.00,0.00,1039043714.84,0.00,0.00,0.00,1.0000,1.0000,0,0,0,0,0,0,0,0
18446744068705.30,0.00,0.00,0.00,0.00,0.00,0.00,0.00,0.00,1194723437.29,1282806765.36,0.00,0.00,1039043714.84,0.00,0.00,0.00,1.0000,1.0000,0,0,0,0,0,0,0,0
18446744068707.30,0.00,0.00,0.00,0.00,0.00,0.00,0.00,0.00,1194723437.29,1282806765.36,0.00,0.00,1039043714.84,0.00,0.00,0.00,1.0000,1.0000,0,0,0,0,0,0,0,0
18446744068709.30,0.00,0.00,0.00,0.00,0.00,0.00,0.00,0.00,1194723437.29,1282806765.36,0.00,0.00,1039043714.84,0.00,0.00,0.00,1.0000,1.0000,0,0,0,0,0,0,0,0
18446744068711.30,0.00,0.00,0.00,0.00,0.00,0.00,0.00,0.00,1194723437.29,1282806765.36,0.00,0.00,1039043714.84,0.00,0.00,0.00,1.0000,1.0000,0,0,0,0,0,0,0,0
18446744068713.30,0.00,0.00,0.00,0.00,0.00,0.00,0.00,0.00,1194723437.29,1282806765.36,0.00,0.00,1039043714.84,0.00,0.00,0.00,1.0000,1.0000,0,0,0,0,0,0,0,0
18446744068715.30,0.00,0.00,0.00,0.00,0.00,0.00,0.00,0.00,1194723437.29,1282806765.36,0.00,0.00,1039043714.84,0.00,0.00,0.00,1.0000,1.0000,0,0,0,0,0,0,0,0
18446744068717.30,0.00,0.00,0.00,0.00,0.00,0.00,0.00,0.00,1194723437.29,1282806765.36,0.00,0.00,1039043714.84,0.00,0.00,0.00,1.0000,1.0000,0,0,0,0,0,0,0,0
18446744068719.30,0.00,0.00,0.00,0.00,0.00,0.00,0.00,0.00,1194723437.29,1282806765.36,0.00,0.00,1039043714.84,0.00,0.00,0.00,1.0000,1.0000,0,0,0,0,0,0,0,0
18446744068721.30,0.00,0.00,0.00,0.00,0.00,0.00,0.00,0.00,1194723437.29,1282806765.36,0.00,0.00,1039043714.84,0.00,0.00,0.00,1.0000,1.0000,0,0,0,0,0,0,0,0
18446744068723.30,0.00,0.00,0.00,0.00,0.00,0.00,0.00,0.00,1194723437.29,1282806765.36,0.00,0.00,1039043714.84,0.00,0.00,0.00,1.0000,1.0000,0,0,0,0,0,0,0,0
18446744068725.30,0.00,0.00,0.00,0.00,0.00,0.00,0.00,0.00,1194723437.29,1282806765.36,0.00,0.00,1039043714.84,0.00,0.00,0.00,1.0000,1.0000,0,0,0,0,0,0,0,0
18446744068727.30,0.00,0.00,0.00,0.00,0.00,0.00,0.00,0.00,1194723437.29,1282806765.36,0.00,0.00,1039043714.84,0.00,0.00,0.00,1.0000,1.0000,0,0,0,0,0,0,0,0
18446744068729.30,0.00,0.00,0.00,0.00,0.00,0.00,0.00,0.00,1194723437.29,1282806765.36,0.00,0.00,1039043714.84,0.00,0.00,0.00,1.0000,1.0000,0,0,0,0,0,0,0,0
18446744068731.30,0.00,0.00,0.00,0.00,0.00,0.00,0.00,0.00,1194723437.29,1282806765.36,0.00,0.00,1039043714.84,0.00,0.00,0.00,1.0000,1.0000,0,0,0,0,0,0,0,0
18446744068733.30,0.00,0.00,0.00,0.00,0.00,0.00,0.00,0.00,1194723437.29,1282806765.36,0.00,0.00,1039043714.84,0.00,0.00,0.00,1.0000,1.0000,0,0,0,0,0,0,0,0
18446744068735.30,0.00,0.00,0.00,0.00,0.00,0.00,0.00,0.00,1194723437.29,1282806765.36,0.00,0.00,1039043714.84,0.00,0.00,0.00,1.0000,1.0000,0,0,0,0,0,0,0,0
18446744068737.30,0.00,0.00,0.00,0.00,0.00,0.00,0.00,0.00,1194723437.29,1282806765.36,0.00,0.00,1039043714.84,0.00,0.00,0.00,1.0000,1.0000,0,0,0,0,0,0,0,0
18446744068739.30,0.00,0.00,0.00,0.00,0.00,0.00,0.00,0.00,1194723437.29,1282806765.36,0.00,0.00,1039043714.84,0.00,0.00,0.00,1.0000,1.0000,0,0,0,0,0,0,0,0
18446744068741.30,0.00,0.00,0.00,0.00,0.00,0.00,0.00,0.00,1194723437.29,1282806765.36,0.00,0.00,1039043714.84,0.00,0.00,0.00,1.0000,1.0000,0,0,0,0,0,0,0,0
18446744068743.30,0.00,0.00,0.00,0.00,0.00,0.00,0.00,0.00,1194723437.29,1282806765.36,0.00,0.00,1039043714.84,0.00,0.00,0.00,1.0000,1.0000,0,0,0,0,0,0,0,0
18446744068745.30,0.00,0.00,0.00,0.00,0.00,0.00,0.00,0.00,1194723437.29,1282806765.36,0.00,0.00,1039043714.84,0.00,0.00,0.00,1.0000,1.0000,0,0,0,0,0,0,0,0
18446744068747.30,0.00,0.00,0.00,0.00,0.00,0.00,0.00,0.00,1194723437.29,1282806765.36,0.00,0.00,1039043714.84,0.00,0.00,0.00,1.0000,1.0000,0,0,0,0,0,0,0,0
18446744068749.30,0.00,0.00,0.00,0.00,0.00,0.00,0.00,0.00,1194723437.29,1282806765.36,0.00,0.00,1039043714.84,0.00,0.00,0.00,1.0000,1.0000,0,0,0,0,0,0,0,0
18446744068751.30,0.00,0.00,0.00,0.00,0.00,0.00,0.00,0.00,1194723437.29,1282806765.36,0.00,0.00,1039043714.84,0.00,0.00,0.00,1.0000,1.0000,0,0,0,0,0,0,0,0
18446744068753.30,0.00,0.00,0.00,0.00,0.00,0.00,0.00,0.00,1194723437.29,1282806765.36,0.00,0.00,1039043714.84,0.00,0.00,0.00,1.0000,1.0000,0,0,0,0,0,0,0,0
18446744068755.30,0.00,0.00,0.00,0.00,0.00,0.00,0.00,0.00,1194723437.29,1282806765.36,0.00,0.00,1039043714.84,0.00,0.00,0.00,1.0000,1.0000,0,0,0,0,0,0,0,0
18446744068757.30,0.00,0.00,0.00,0.00,0.00,0.00,0.00,0.00,1194723437.29,1282806765.36,0.00,0.00,1039043714.84,0.00,0.00,0.00,1.0000,1.0000,0,0,0,0,0,0,0,0
18446744068759.30,0.00,0.00,0.00,0.00,0.00,0.00,0.00,0.00,1194723437.29,1282806765.36,0.00,0.00,1039043714.84,0.00,0.00,0.00,1.0000,1.0000,0,0,0,0,0,0,0,0
18446744068761.30,0.00,0.00,0.00,0.00,0.00,0.00,0.00,0.00,1194723437.29,1282806765.36,0.00,0.00,1039043714.84,0.00,0.00,0.00,1.0000,1.0000,0,0,0,0,0,0,0,0
18446744068763.30,0.00,0.00,0.00,0.00,0.00,0.00,0.00,0.00,1194723437.29,1282806765.36,0.00,0.00,1039043714.84,0.00,0.00,0.00,1.0000,1.0000,0,0,0,0,0,0,0,0
18446744068765.30,0.00,0.00,0.00,0.00,0.00,0.00,0.00,0.00,1194723437.29,1282806765.36,0.00,0.00,1039043714.84,0.00,0.00,0.00,1.0000,1.0000,0,0,0,0,0,0,0,0
18446744068767.30,0.00,0.00,0.00,0.00,0.00,0.00,0.00,0.00,1194723437.29,1282806765.36,0.00,0.00,1039043714.84,0.00,0.00,0.00,1.0000,1.0000,0,0,0,0,0,0,0,0
18446744068769.30,0.00,0.00,0.00,0.00,0.00,0.00,0.00,0.00,1194723437.29,1282806765.36,0.00,0.00,1039043714.84,0.00,0.00,0.00,1.0000,1.0000,0,0,0,0,0,0,0,0
18446744068771.30,0.00,0.00,0.00,0.00,0.00,0.00,0.00,0.00,1194723437.29,1282806765.36,0.00,0.00,1039043714.84,0.00,0.00,0.00,1.0000,1.0000,0,0,0,0,0,0,0,0
18446744068773.30,0.00,0.00,0.00,0.00,0.00,0.00,0.00,0.00,1194723437.29,1282806765.36,0.00,0.00,1039043714.84,0.00,0.00,0.00,1.0000,1.0000,0,0,0,0,0,0,0,0
18446744068775.30,0.00,0.00,0.00,0.00,0.00,0.00,0.00,0.00,1194723437.29,1282806765.36,0.00,0.00,1039043714.84,0.00,0.00,0.00,1.0000,1.0000,0,0,0,0,0,0,0,0
18446744068777.30,0.00,0.00,0.00,0.00,0.00,0.00,0.00,0.00,1194723437.29,1282806765.36,0.00,0.00,1039043714.84,0.00,0.00,0.00,1.0000,1.0000,0,0,0,0,0,0,0,0
18446744068779.30,0.00,0.00,0.00,0.00,0.00,0.00,0.00,0.00,1194723437.29,1282806765.36,0.00,0.00,1039043714.84,0.00,0.00,0.00,1.0000,1.0000,0,0,0,0,0,0,0,0
18446744068781.30,0.00,0.00,0.00,0.00,0.00,0.00,0.00,0.00,1194723437.29,1282806765.36,0.00,0.00,1039043714.84,0.00,0.00,0.00,1.0000,1.0000,0,0,0,0,0,0,0,0
18446744068783.30,0.00,0.00,0.00,0.00,0.00,0.00,0.00,0.00,1194723437.29,1282806765.36,0.00,0.00,1039043714.84,0.00,0.00,0.00,1.0000,1.0000,0,0,0,0,0,0,0,0
18446744068785.30,0.00,0.00,0.00,0.00,0.00,0.00,0.00,0.00,1194723437.29,1282806765.36,0.00,0.00,1039043714.84,0.00,0.00,0.00,1.0000,1.0000,0,0,0,0,0,0,0,0
18446744068787.30,0.00,0.00,0.00,0.00,0.00,0.00,0.00,0.00,1194723437.29,1282806765.36,0.00,0.00,1039043714.84,0.00,0.00,0.00,1.0000,1.0000,0,0,0,0,0,0,0,0
18446744068789.30,0.00,0.00,0.00,0.00,0.00,0.00,0.00,0.00,1194723437.29,1282806765.36,0.00,0.00,1039043714.84,0.00,0.00,0.00,1.0000,1.0000,0,0,0,0,0,0,0,0
18446744068791.30,0.00,0.00,0.00,0.00,0.00,0.00,0.00,0.00,1194723437.29,1282806765.36,0.00,0.00,1039043714.84,0.00,0.00,0.00,1.0000,1.0000,0,0,0,0,0,0,0,0
18446744068793.30,0.00,0.00,0.00,0.00,0.00,0.00,0.00,0.00,1194723437.29,1282806765.36,0.00,0.00,1039043714.84,0.00,0.00,0.00,1.0000,1.0000,0,0,0,0,0,0,0,0
18446744068795.30,0.00,0.00,0.00,0.00,0.00,0.00,0.00,0.00,1194723437.29,1282806765.36,0.00,0.00,1039043714.84,0.00,0.00,0.00,1.0000,1.0000,0,0,0,0,0,0,0,0
18446744068797.30,0.00,0.00,0.00,0.00,0.00,0.00,0.00,0.00,1194723437.29,1282806765.36,0.00,0.00,1039043714.84,0.00,0.00,0.00,1.0000,1.0000,0,0,0,0,0,0,0,0
18446744068799.30,0.00,0.00,0.00,0.00,0.00,0.00,0.00,0.00,1194723437.29,1282806765.36,0.00,0.00,1039043714.84,0.00,0.00,0.00,1.0000,1.0000,0,0,0,0,0,0,0,0
18446744068801.30,0.00,0.00,0.00,0.00,0.00,0.00,0.00,0.00,1194723437.29,1282806765.36,0.00,0.00,1039043714.84,0.00,0.00,0.00,1.0000,1.0000,0,0,0,0,0,0,0,0
18446744068803.30,0.00,0.00,0.00,0.00,0.00,0.00,0.00,0.00,1194723437.29,1282806765.36,0.00,0.00,1039043714.84,0.00,0.00,0.00,1.0000,1.0000,0,0,0,0,0,0,0,0
18446744068805.30,0.00,0.00,0.00,0.00,0.00,0.00,0.00,0.00,1194723437.29,1282806765.36,0.00,0.00,1039043714.84,0.00,0.00,0.00,1.0000,1.0000,0,0,0,0,0,0,0,0
18446744068807.30,0.00,0.00,0.00,0.00,0.00,0.00,0.00,0.00,1194723437.29,1282806765.36,0.00,0.00,1039043714.84,0.00,0.00,0.00,1.0000,1.0000,0,0,0,0,0,0,0,0
18446744068809.30,0.00,0.00,0.00,0.00,0.00,0.00,0.00,0.00,1194723437.29,1282806765.36,0.00,0.00,1039043714.84,0.00,0.00,0.00,1.0000,1.0000,0,0,0,0,0,0,0,0
18446744068811.30,0.00,0.00,0.00,0.00,0.00,0.00,0.00,0.00,1194723437.29,1282806765.36,0.00,0.00,1039043714.84,0.00,0.00,0.00,1.0000,1.0000,0,0,0,0,0,0,0,0
18446744068813.30,0.00,0.00,0.00,0.00,0.00,0.00,0.00,0.00,1194723437.29,1282806765.36,0.00,0.00,1039043714.84,0.00,0.00,0.00,1.0000,1.0000,0,0,0,0,0,0,0,0
18446744068815.30,0.00,0.00,0.00,0.00,0.00,0.00,0.00,0.00,1194723437.29,1282806765.36,0.00,0.00,1039043714.84,0.00,0.00,0.00,1.0000,1.0000,0,0,0,0,0,0,0,0
18446744068817.30,0.00,0.00,0.00,0.00,0.00,0.00,0.00,0.00,1194723437.29,1282806765.36,0.00,0.00,1039043714.84,0.00,0.00,0.00,1.0000,1.0000,0,0,0,0,0,0,0,0
18446744068819.30,0.00,0.00,0.00,0.00,0.00,0.00,0.00,0.00,1194723437.29,1282806765.36,0.00,0.00,1039043714.84,0.00,0.00,0.00,1.0000,1.0000,0,0,0,0,0,0,0,0
18446744068821.30,0.00,0.00,0.00,0.00,0.00,0.00,0.00,0.00,1194723437.29,1282806765.36,0.00,0.00,1039043714.84,0.00,0.00,0.00,1.0000,1.0000,0,0,0,0,0,0,0,0
18446744068823.30,0.00,0.00,0.00,0.00,0.00,0.00,0.00,0.00,1194723437.29,1282806765.36,0.00,0.00,1039043714.84,0.00,0.00,0.00,1.0000,1.0000,0,0,0,0,0,0,0,0
18446744068825.30,0.00,0.00,0.00,0.00,0.00,0.00,0.00,0.00,1194723437.29,1282806765.36,0.00,0.00,1039043714.84,0.00,0.00,0.00,1.0000,1.0000,0,0,0,0,0,0,0,0
18446744068827.30,0.00,0.00,0.00,0.00,0.00,0.00,0.00,0.00,1194723437.29,1282806765.36,0.00,0.00,1039043714.84,0.00,0.00,0.00,1.0000,1.0000,0,0,0,0,0,0,0,0
18446744068829.30,0.00,0.00,0.00,0.00,0.00,0.00,0.00,0.00,1194723437.29,1282806765.36,0.00,0.00,1039043714.84,0.00,0.00,0.00,1.0000,1.0000,0,0,0,0,0,0,0,0
18446744068831.30,0.00,0.00,0.00,0.00,0.00,0.00,0.00,0.00,1194723437.29,1282806765.36,0.00,0.00,1039043714.84,0.00,0.00,0.00,1.0000,1.0000,0,0,0,0,0,0,0,0
18446744068833.30,0.00,0.00,0.00,0.00,0.00,0.00,0.00,0.00,1194723437.29,1282806765.36,0.00,0.00,1039043714.84,0.00,0.00,0.00,1.0000,1.0000,0,0,0,0,0,0,0,0
18446744068835.30,0.00,0.00,0.00,0.00,0.00,0.00,0.00,0.00,1194723437.29,1282806765.36,0.00,0.00,1039043714.84,0.00,0.00,0.00,1.0000,1.0000,0,0,0,0,0,0,0,0
18446744068837.30,0.00,0.00,0.00,0.00,0.00,0.00,0.00,0.00,1194723437.29,1282806765.36,0.00,0.00,1039043714.84,0.00,0.00,0.00,1.0000,1.0000,0,0,0,0,0,0,0,0
18446744068839.30,0.00,0.00,0.00,0.00,0.00,0.00,0.00,0.00,1194723437.29,1282806765.36,0.00,0.00,1039043714.84,0.00,0.00,0.00,1.0000,1.0000,0,0,0,0,0,0,0,0
18446744068841.30,0.00,0.00,0.00,0.00,0.00,0.00,0.00,0.00,1194723437.29,1282806765.36,0.00,0.00,1039043714.84,0.00,0.00,0.00,1.0000,1.0000,0,0,0,0,0,0,0,0
18446744068843.30,0.00,0.00,0.00,0.00,0.00,0.00,0.00,0.00,1194723437.29,1282806765.36,0.00,0.00,1039043714.84,0.00,0.00,0.00,1.0000,1.0000,0,0,0,0,0,0,0,0
18446744068845.30,0.00,0.00,0.00,0.00,0.00,0.00,0.00,0.00,1194723437.29,1282806765.36,0.00,0.00,1039043714.84,0.00,0.00,0.00,1.0000,1.0000,0,0,0,0,0,0,0,0
18446744068847.30,0.00,0.00,0.00,0.00,0.00,0.00,0.00,0.00,1194723437.29,1282806765.36,0.00,0.00,1039043714.84,0.00,0.00,0.00,1.0000,1.0000,0,0,0,0,0,0,0,0
18446744068849.30,0.00,0.00,0.00,0.00,0.00,0.00,0.00,0.00,1194723437.29,1282806765.36,0.00,0.00,1039043714.84,0.00,0.00,0.00,1.0000,1.0000,0,0,0,0,0,0,0,0
18446744068851.30,0.00,0.00,0.00,0.00,0.00,0.00,0.00,0.00,1194723437.29,1282806765.36,0.00,0.00,1039043714.84,0.00,0.00,0.00,1.0000,1.0000,0,0,0,0,0,0,0,0
18446744068853.30,0.00,0.00,0.00,0.00,0.00,0.00,0.00,0.00,1194723437.29,1282806765.36,0.00,0.00,1039043714.84,0.00,0.00,0.00,1.0000,1.0000,0,0,0,0,0,0,0,0
18446744068855.30,0.00,0.00,0.00,0.00,0.00,0.00,0.00,0.00,1194723437.29,1282806765.36,0.00,0.00,1039043714.84,0.00,0.00,0.00,1.0000,1.0000,0,0,0,0,0,0,0,0
18446744068857.30,0.00,0.00,0.00,0.00,0.00,0.00,0.00,0.00,1194723437.29,1282806765.36,0.00,0.00,1039043714.84,0.00,0.00,0.00,1.0000,1.0000,0,0,0,0,0,0,0,0
18446744068859.30,0.00,0.00,0.00,0.00,0.00,0.00,0.00,0.00,1194723437.29,1282806765.36,0.00,0.00,1039043714.84,0.00,0.00,0.00,1.0000,1.0000,0,0,0,0,0,0,0,0
18446744068861.30,0.00,0.00,0.00,0.00,0.00,0.00,0.00,0.00,1194723437.29,1282806765.36,0.00,0.00,1039043714.84,0.00,0.00,0.00,1.0000,1.0000,0,0,0,0,0,0,0,0
18446744068863.30,0.00,0.00,0.00,0.00,0.00,0.00,0.00,0.00,1194723437.29,1282806765.36,0.00,0.00,1039043714.84,0.00,0.00,0.00,1.0000,1.0000,0,0,0,0,0,0,0,0
18446744068865.30,0.00,0.00,0.00,0.00,0.00,0.00,0.00,0.00,1194723437.29,1282806765.36,0.00,0.00,1039043714.84,0.00,0.00,0.00,1.0000,1.0000,0,0,0,0,0,0,0,0
18446744068867.30,0.00,0.00,0.00,0.00,0.00,0.00,0.00,0.00,1194723437.29,1282806765.36,0.00,0.00,1039043714.84,0.00,0.00,0.00,1.0000,1.0000,0,0,0,0,0,0,0,0
18446744068869.30,0.00,0.00,0.00,0.00,0.00,0.00,0.00,0.00,1194723437.29,1282806765.36,0.00,0.00,1039043714.84,0.00,0.00,0.00,1.0000,1.0000,0,0,0,0,0,0,0,0
18446744068871.30,0.00,0.00,0.00,0.00,0.00,0.00,0.00,0.00,1194723437.29,1282806765.36,0.00,0.00,1039043714.84,0.00,0.00,0.00,1.0000,1.0000,0,0,0,0,0,0,0,0
18446744068873.30,0.00,0.00,0.00,0.00,0.00,0.00,0.00,0.00,1194723437.29,1282806765.36,0.00,0.00,1039043714.84,0.00,0.00,0.00,1.0000,1.0000,0,0,0,0,0,0,0,0
18446744068875.30,0.00,0.00,0.00,0.00,0.00,0.00,0.00,0.00,1194723437.29,1282806765.36,0.00,0.00,1039043714.84,0.00,0.00,0.00,1.0000,1.0000,0,0,0,0,0,0,0,0
18446744068877.30,0.00,0.00,0.00,0.00,0.00,0.00,0.00,0.00,1194723437.29,1282806765.36,0.00,0.00,1039043714.84,0.00,0.00,0.00,1.0000,1.0000,0,0,0,0,0,0,0,0
18446744068879.30,0.00,0.00,0.00,0.00,0.00,0.00,0.00,0.00,1194723437.29,1282806765.36,0.00,0.00,1039043714.84,0.00,0.00,0.00,1.0000,1.0000,0,0,0,0,0,0,0,0
18446744068881.30,0.00,0.00,0.00,0.00,0.00,0.00,0.00,0.00,1194723437.29,1282806765.36,0.00,0.00,1039043714.84,0.00,0.00,0.00,1.0000,1.0000,0,0,0,0,0,0,0,0
18446744068883.30,0.00,0.00,0.00,0.00,0.00,0.00,0.00,0.00,1194723437.29,1282806765.36,0.00,0.00,1039043714.84,0.00,0.00,0.00,1.0000,1.0000,0,0,0,0,0,0,0,0
18446744068885.30,0.00,0.00,0.00,0.00,0.00,0.00,0.00,0.00,1194723437.29,1282806765.36,0.00,0.00,1039043714.84,0.00,0.00,0.00,1.0000,1.0000,0,0,0,0,0,0,0,0
18446744068887.30,0.00,0.00,0.00,0.00,0.00,0.00,0.00,0.00,1194723437.29,1282806765.36,0.00,0.00,1039043714.84,0.00,0.00,0.00,1.0000,1.0000,0,0,0,0,0,0,0,0
18446744068889.30,0.00,0.00,0.00,0.00,0.00,0.00,0.00,0.00,1194723437.29,1282806765.36,0.00,0.00,1039043714.84,0.00,0.00,0.00,1.0000,1.0000,0,0,0,0,0,0,0,0
18446744068891.30,0.00,0.00,0.00,0.00,0.00,0.00,0.00,0.00,1194723437.29,1282806765.36,0.00,0.00,1039043714.84,0.00,0.00,0.00,1.0000,1.0000,0,0,0,0,0,0,0,0
18446744068893.30,0.00,0.00,0.00,0.00,0.00,0.00,0.00,0.00,1194723437.29,1282806765.36,0.00,0.00,1039043714.84,0.00,0.00,0.00,1.0000,1.0000,0,0,0,0,0,0,0,0
18446744068895.30,0.00,0.00,0.00,0.00,0.00,0.00,0.00,0.00,1194723437.29,1282806765.36,0.00,0.00,1039043714.84,0.00,0.00,0.00,1.0000,1.0000,0,0,0,0,0,0,0,0
18446744068897.30,0.00,0.00,0.00,0.00,0.00,0.00,0.00,0.00,1194723437.29,1282806765.36,0.00,0.00,1039043714.84,0.00,0.00,0.00,1.0000,1.0000,0,0,0,0,0,0,0,0
18446744068899.30,0.00,0.00,0.00,0.00,0.00,0.00,0.00,0.00,1194723437.29,1282806765.36,0.00,0.00,1039043714.84,0.00,0.00,0.00,1.0000,1.0000,0,0,0,0,0,0,0,0
18446744068901.30,0.00,0.00,0.00,0.00,0.00,0.00,0.00,0.00,1194723437.29,1282806765.36,0.00,0.00,1039043714.84,0.00,0.00,0.00,1.0000,1.0000,0,0,0,0,0,0,0,0
18446744068903.30,0.00,0.00,0.00,0.00,0.00,0.00,0.00,0.00,1194723437.29,1282806765.36,0.00,0.00,1039043714.84,0.00,0.00,0.00,1.0000,1.0000,0,0,0,0,0,0,0,0
18446744068905.30,0.00,0.00,0.00,0.00,0.00,0.00,0.00,0.00,1194723437.29,1282806765.36,0.00,0.00,1039043714.84,0.00,0.00,0.00,1.0000,1.0000,0,0,0,0,0,0,0,0
18446744068907.30,0.00,0.00,0.00,0.00,0.00,0.00,0.00,0.00,1194723437.29,1282806765.36,0.00,0.00,1039043714.84,0.00,0.00,0.00,1.0000,1.0000,0,0,0,0,0,0,0,0
18446744068909.30,0.00,0.00,0.00,0.00,0.00,0.00,0.00,0.00,1194723437.29,1282806765.36,0.00,0.00,1039043714.84,0.00,0.00,0.00,1.0000,1.0000,0,0,0,0,0,0,0,0
18446744068911.30,0.00,0.00,0.00,0.00,0.00,0.00,0.00,0.00,1194723437.29,1282806765.36,0.00,0.00,1039043714.84,0.00,0.00,0.00,1.0000,1.0000,0,0,0,0,0,0,0,0
18446744068913.30,0.00,0.00,0.00,0.00,0.00,0.00,0.00,0.00,1194723437.29,1282806765.36,0.00,0.00,1039043714.84,0.00,0.00,0.00,1.0000,1.0000,0,0,0,0,0,0,0,0
18446744068915.30,0.00,0.00,0.00,0.00,0.00,0.00,0.00,0.00,1194723437.29,1282806765.36,0.00,0.00,1039043714.84,0.00,0.00,0.00,1.0000,1.0000,0,0,0,0,0,0,0,0
18446744068917.30,0.00,0.00,0.00,0.00,0.00,0.00,0.00,0.00,1194723437.29,1282806765.36,0.00,0.00,1039043714.84,0.00,0.00,0.00,1.0000,1.0000,0,0,0,0,0,0,0,0
18446744068919.30,0.00,0.00,0.00,0.00,0.00,0.00,0.00,0.00,1194723437.29,1282806765.36,0.00,0.00,1039043714.84,0.00,0.00,0.00,1.0000,1.0000,0,0,0,0,0,0,0,0
18446744068921.30,0.00,0.00,0.00,0.00,0.00,0.00,0.00,0.00,1194723437.29,1282806765.36,0.00,0.00,1039043714.84,0.00,0.00,0.00,1.0000,1.0000,0,0,0,0,0,0,0,0
18446744068923.30,0.00,0.00,0.00,0.00,0.00,0.00,0.00,0.00,1194723437.29,1282806765.36,0.00,0.00,1039043714.84,0.00,0.00,0.00,1.0000,1.0000,0,0,0,0,0,0,0,0
18446744068925.30,0.00,0.00,0.00,0.00,0.00,0.00,0.00,0.00,1194723437.29,1282806765.36,0.00,0.00,1039043714.84,0.00,0.00,0.00,1.0000,1.0000,0,0,0,0,0,0,0,0
18446744068927.30,0.00,0.00,0.00,0.00,0.00,0.00,0.00,0.00,1194723437.29,1282806765.36,0.00,0.00,1039043714.84,0.00,0.00,0.00,1.0000,1.0000,0,0,0,0,0,0,0,0
18446744068929.30,0.00,0.00,0.00,0.00,0.00,0.00,0.00,0.00,1194723437.29,1282806765.36,0.00,0.00,1039043714.84,0.00,0.00,0.00,1.0000,1.0000,0,0,0,0,0,0,0,0
18446744068931.30,0.00,0.00,0.00,0.00,0.00,0.00,0.00,0.00,1194723437.29,1282806765.36,0.00,0.00,1039043714.84,0.00,0.00,0.00,1.0000,1.0000,0,0,0,0,0,0,0,0
18446744068933.30,0.00,0.00,0.00,0.00,0.00,0.00,0.00,0.00,1194723437.29,1282806765.36,0.00,0.00,1039043714.84,0.00,0.00,0.00,1.0000,1.0000,0,0,0,0,0,0,0,0
18446744068935.30,0.00,0.00,0.00,0.00,0.00,0.00,0.00,0.00,1194723437.29,1282806765.36,0.00,0.00,1039043714.84,0.00,0.00,0.00,1.0000,1.0000,0,0,0,0,0,0,0,0
18446744068937.30,0.00,0.00,0.00,0.00,0.00,0.00,0.00,0.00,1194723437.29,1282806765.36,0.00,0.00,1039043714.84,0.00,0.00,0.00,1.0000,1.0000,0,0,0,0,0,0,0,0
18446744068939.30,0.00,0.00,0.00,0.00,0.00,0.00,0.00,0.00,1194723437.29,1282806765.36,0.00,0.00,1039043714.84,0.00,0.00,0.00,1.0000,1.0000,0,0,0,0,0,0,0,0
18446744068941.30,0.00,0.00,0.00,0.00,0.00,0.00,0.00,0.00,1194723437.29,1282806765.36,0.00,0.00,1039043714.84,0.00,0.00,0.00,1.0000,1.0000,0,0,0,0,0,0,0,0
18446744068943.30,0.00,0.00,0.00,0.00,0.00,0.00,0.00,0.00,1194723437.29,1282806765.36,0.00,0.00,1039043714.84,0.00,0.00,0.00,1.0000,1.0000,0,0,0,0,0,0,0,0
18446744068945.30,0.00,0.00,0.00,0.00,0.00,0.00,0.00,0.00,1194723437.29,1282806765.36,0.00,0.00,1039043714.84,0.00,0.00,0.00,1.0000,1.0000,0,0,0,0,0,0,0,0
18446744068947.30,0.00,0.00,0.00,0.00,0.00,0.00,0.00,0.00,1194723437.29,1282806765.36,0.00,0.00,1039043714.84,0.00,0.00,0.00,1.0000,1.0000,0,0,0,0,0,0,0,0
18446744068949.30,0.00,0.00,0.00,0.00,0.00,0.00,0.00,0.00,1194723437.29,1282806765.36,0.00,0.00,1039043714.84,0.00,0.00,0.00,1.0000,1.0000,0,0,0,0,0,0,0,0
18446744068951.30,0.00,0.00,0.00,0.00,0.00,0.00,0.00,0.00,1194723437.29,1282806765.36,0.00,0.00,1039043714.84,0.00,0.00,0.00,1.0000,1.0000,0,0,0,0,0,0,0,0
18446744068953.30,0.00,0.00,0.00,0.00,0.00,0.00,0.00,0.00,1194723437.29,1282806765.36,0.00,0.00,1039043714.84,0.00,0.00,0.00,1.0000,1.0000,0,0,0,0,0,0,0,0
18446744068955.30,0.00,0.00,0.00,0.00,0.00,0.00,0.00,0.00,1194723437.29,1282806765.36,0.00,0.00,1039043714.84,0.00,0.00,0.00,1.0000,1.0000,0,0,0,0,0,0,0,0
18446744068957.30,0.00,0.00,0.00,0.00,0.00,0.00,0.00,0.00,1194723437.29,1282806765.36,0.00,0.00,1039043714.84,0.00,0.00,0.00,1.0000,1.0000,0,0,0,0,0,0,0,0
18446744068959.30,0.00,0.00,0.00,0.00,0.00,0.00,0.00,0.00,1194723437.29,1282806765.36,0.00,0.00,1039043714.84,0.00,0.00,0.00,1.0000,1.0000,0,0,0,0,0,0,0,0
18446744068961.30,0.00,0.00,0.00,0.00,0.00,0.00,0.00,0.00,1194723437.29,1282806765.36,0.00,0.00,1039043714.84,0.00,0.00,0.00,1.0000,1.0000,0,0,0,0,0,0,0,0
18446744068963.30,0.00,0.00,0.00,0.00,0.00,0.00,0.00,0.00,1194723437.29,1282806765.36,0.00,0.00,1039043714.84,0.00,0.00,0.00,1.0000,1.0000,0,0,0,0,0,0,0,0
18446744068965.30,0.00,0.00,0.00,0.00,0.00,0.00,0.00,0.00,1194723437.29,1282806765.36,0.00,0.00,1039043714.84,0.00,0.00,0.00,1.0000,1.0000,0,0,0,0,0,0,0,0
18446744068967.30,0.00,0.00,0.00,0.00,0.00,0.00,0.00,0.00,1194723437.29,1282806765.36,0.00,0.00,1039043714.84,0.00,0.00,0.00,1.0000,1.0000,0,0,0,0,0,0,0,0
18446744068969.30,0.00,0.00,0.00,0.00,0.00,0.00,0.00,0.00,1194723437.29,1282806765.36,0.00,0.00,1039043714.84,0.00,0.00,0.00,1.0000,1.0000,0,0,0,0,0,0,0,0
18446744068971.30,0.00,0.00,0.00,0.00,0.00,0.00,0.00,0.00,1194723437.29,1282806765.36,0.00,0.00,1039043714.84,0.00,0.00,0.00,1.0000,1.0000,0,0,0,0,0,0,0,0
18446744068973.30,0.00,0.00,0.00,0.00,0.00,0.00,0.00,0.00,1194723437.29,1282806765.36,0.00,0.00,1039043714.84,0.00,0.00,0.00,1.0000,1.0000,0,0,0,0,0,0,0,0
18446744068975.30,0.00,0.00,0.00,0.00,0.00,0.00,0.00,0.00,1194723437.29,1282806765.36,0.00,0.00,1039043714.84,0.00,0.00,0.00,1.0000,1.0000,0,0,0,0,0,0,0,0
18446744068977.30,0.00,0.00,0.00,0.00,0.00,0.00,0.00,0.00,1194723437.29,1282806765.36,0.00,0.00,1039043714.84,0.00,0.00,0.00,1.0000,1.0000,0,0,0,0,0,0,0,0
18446744068979.30,0.00,0.00,0.00,0.00,0.00,0.00,0.00,0.00,1194723437.29,1282806765.36,0.00,0.00,1039043714.84,0.00,0.00,0.00,1.0000,1.0000,0,0,0,0,0,0,0,0
18446744068981.30,0.00,0.00,0.00,0.00,0.00,0.00,0.00,0.00,1194723437.29,1282806765.36,0.00,0.00,1039043714.84,0.00,0.00,0.00,1.0000,1.0000,0,0,0,0,0,0,0,0
18446744068983.30,0.00,0.00,0.00,0.00,0.00,0.00,0.00,0.00,1194723437.29,1282806765.36,0.00,0.00,1039043714.84,0.00,0.00,0.00,1.0000,1.0000,0,0,0,0,0,0,0,0
18446744068985.30,0.00,0.00,0.00,0.00,0.00,0.00,0.00,0.00,1194723437.29,1282806765.36,0.00,0.00,1039043714.84,0.00,0.00,0.00,1.0000,1.0000,0,0,0,0,0,0,0,0
18446744068987.30,0.00,0.00,0.00,0.00,0.00,0.00,0.00,0.00,1194723437.29,1282806765.36,0.00,0.00,1039043714.84,0.00,0.00,0.00,1.0000,1.0000,0,0,0,0,0,0,0,0
18446744068989.30,0.00,0.00,0.00,0.00,0.00,0.00,0.00,0.00,1194723437.29,1282806765.36,0.00,0.00,1039043714.84,0.00,0.00,0.00,1.0000,1.0000,0,0,0,0,0,0,0,0
18446744068991.30,0.00,0.00,0.00,0.00,0.00,0.00,0.00,0.00,1194723437.29,1282806765.36,0.00,0.00,1039043714.84,0.00,0.00,0.00,1.0000,1.0000,0,0,0,0,0,0,0,0
18446744068993.30,0.00,0.00,0.00,0.00,0.00,0.00,0.00,0.00,1194723437.29,1282806765.36,0.00,0.00,1039043714.84,0.00,0.00,0.00,1.0000,1.0000,0,0,0,0,0,0,0,0
18446744068995.30,0.00,0.00,0.00,0.00,0.00,0.00,0.00,0.00,1194723437.29,1282806765.36,0.00,0.00,1039043714.84,0.00,0.00,0.00,1.0000,1.0000,0,0,0,0,0,0,0,0
18446744068997.30,0.00,0.00,0.00,0.00,0.00,0.00,0.00,0.00,1194723437.29,1282806765.36,0.00,0.00,1039043714.84,0.00,0.00,0.00,1.0000,1.0000,0,0,0,0,0,0,0,0
18446744068999.30,0.00,0.00,0.00,0.00,0.00,0.00,0.00,0.00,1194723437.29,1282806765.36,0.00,0.00,1039043714.84,0.00,0.00,0.00,1.0000,1.0000,0,0,0,0,0,0,0,0
18446744069001.30,0.00,0.00,0.00,0.00,0.00,0.00,0.00,0.00,1194723437.29,1282806765.36,0.00,0.00,1039043714.84,0.00,0.00,0.00,1.0000,1.0000,0,0,0,0,0,0,0,0
18446744069003.30,0.00,0.00,0.00,0.00,0.00,0.00,0.00,0.00,1194723437.29,1282806765.36,0.00,0.00,1039043714.84,0.00,0.00,0.00,1.0000,1.0000,0,0,0,0,0,0,0,0
18446744069005.30,0.00,0.00,0.00,0.00,0.00,0.00,0.00,0.00,1194723437.29,1282806765.36,0.00,0.00,1039043714.84,0.00,0.00,0.00,1.0000,1.0000,0,0,0,0,0,0,0,0
18446744069007.30,0.00,0.00,0.00,0.00,0.00,0.00,0.00,0.00,1194723437.29,1282806765.36,0.00,0.00,1039043714.84,0.00,0.00,0.00,1.0000,1.0000,0,0,0,0,0,0,0,0
18446744069009.30,0.00,0.00,0.00,0.00,0.00,0.00,0.00,0.00,1194723437.29,1282806765.36,0.00,0.00,1039043714.84,0.00,0.00,0.00,1.0000,1.0000,0,0,0,0,0,0,0,0
18446744069011.30,0.00,0.00,0.00,0.00,0.00,0.00,0.00,0.00,1194723437.29,1282806765.36,0.00,0.00,1039043714.84,0.00,0.00,0.00,1.0000,1.0000,0,0,0,0,0,0,0,0
18446744069013.30,0.00,0.00,0.00,0.00,0.00,0.00,0.00,0.00,1194723437.29,1282806765.36,0.00,0.00,1039043714.84,0.00,0.00,0.00,1.0000,1.0000,0,0,0,0,0,0,0,0
18446744069015.30,0.00,0.00,0.00,0.00,0.00,0.00,0.00,0.00,1194723437.29,1282806765.36,0.00,0.00,1039043714.84,0.00,0.00,0.00,1.0000,1.0000,0,0,0,0,0,0,0,0
18446744069017.30,0.00,0.00,0.00,0.00,0.00,0.00,0.00,0.00,1194723437.29,1282806765.36,0.00,0.00,1039043714.84,0.00,0.00,0.00,1.0000,1.0000,0,0,0,0,0,0,0,0
18446744069019.30,0.00,0.00,0.00,0.00,0.00,0.00,0.00,0.00,1194723437.29,1282806765.36,0.00,0.00,1039043714.84,0.00,0.00,0.00,1.0000,1.0000,0,0,0,0,0,0,0,0
18446744069021.30,0.00,0.00,0.00,0.00,0.00,0.00,0.00,0.00,1194723437.29,1282806765.36,0.00,0.00,1039043714.84,0.00,0.00,0.00,1.0000,1.0000,0,0,0,0,0,0,0,0
18446744069023.30,0.00,0.00,0.00,0.00,0.00,0.00,0.00,0.00,1194723437.29,1282806765.36,0.00,0.00,1039043714.84,0.00,0.00,0.00,1.0000,1.0000,0,0,0,0,0,0,0,0
18446744069025.30,0.00,0.00,0.00,0.00,0.00,0.00,0.00,0.00,1194723437.29,1282806765.36,0.00,0.00,1039043714.84,0.00,0.00,0.00,1.0000,1.0000,0,0,0,0,0,0,0,0
18446744069027.30,0.00,0.00,0.00,0.00,0.00,0.00,0.00,0.00,1194723437.29,1282806765.36,0.00,0.00,1039043714.84,0.00,0.00,0.00,1.0000,1.0000,0,0,0,0,0,0,0,0
18446744069029.30,0.00,0.00,0.00,0.00,0.00,0.00,0.00,0.00,1194723437.29,1282806765.36,0.00,0.00,1039043714.84,0.00,0.00,0.00,1.0000,1.0000,0,0,0,0,0,0,0,0
18446744069031.30,0.00,0.00,0.00,0.00,0.00,0.00,0.00,0.00,1194723437.29,1282806765.36,0.00,0.00,1039043714.84,0.00,0.00,0.00,1.0000,1.0000,0,0,0,0,0,0,0,0
18446744069033.30,0.00,0.00,0.00,0.00,0.00,0.00,0.00,0.00,1194723437.29,1282806765.36,0.00,0.00,1039043714.84,0.00,0.00,0.00,1.0000,1.0000,0,0,0,0,0,0,0,0
18446744069035.30,0.00,0.00,0.00,0.00,0.00,0.00,0.00,0.00,1194723437.29,1282806765.36,0.00,0.00,1039043714.84,0.00,0.00,0.00,1.0000,1.0000,0,0,0,0,0,0,0,0
18446744069037.30,0.00,0.00,0.00,0.00,0.00,0.00,0.00,0.00,1194723437.29,1282806765.36,0.00,0.00,1039043714.84,0.00,0.00,0.00,1.0000,1.0000,0,0,0,0,0,0,0,0
18446744069039.30,0.00,0.00,0.00,0.00,0.00,0.00,0.00,0.00,1194723437.29,1282806765.36,0.00,0.00,1039043714.84,0.00,0.00,0.00,1.0000,1.0000,0,0,0,0,0,0,0,0
18446744069041.30,0.00,0.00,0.00,0.00,0.00,0.00,0.00,0.00,1194723437.29,1282806765.36,0.00,0.00,1039043714.84,0.00,0.00,0.00,1.0000,1.0000,0,0,0,0,0,0,0,0
18446744069043.30,0.00,0.00,0.00,0.00,0.00,0.00,0.00,0.00,1194723437.29,1282806765.36,0.00,0.00,1039043714.84,0.00,0.00,0.00,1.0000,1.0000,0,0,0,0,0,0,0,0
18446744069045.30,0.00,0.00,0.00,0.00,0.00,0.00,0.00,0.00,1194723437.29,1282806765.36,0.00,0.00,1039043714.84,0.00,0.00,0.00,1.0000,1.0000,0,0,0,0,0,0,0,0
18446744069047.30,0.00,0.00,0.00,0.00,0.00,0.00,0.00,0.00,1194723437.29,1282806765.36,0.00,0.00,1039043714.84,0.00,0.00,0.00,1.0000,1.0000,0,0,0,0,0,0,0,0
18446744069049.30,0.00,0.00,0.00,0.00,0.00,0.00,0.00,0.00,1194723437.29,1282806765.36,0.00,0.00,1039043714.84,0.00,0.00,0.00,1.0000,1.0000,0,0,0,0,0,0,0,0
18446744069051.30,0.00,0.00,0.00,0.00,0.00,0.00,0.00,0.00,1194723437.29,1282806765.36,0.00,0.00,1039043714.84,0.00,0.00,0.00,1.0000,1.0000,0,0,0,0,0,0,0,0
18446744069053.30,0.00,0.00,0.00,0.00,0.00,0.00,0.00,0.00,1194723437.29,1282806765.36,0.00,0.00,1039043714.84,0.00,0.00,0.00,1.0000,1.0000,0,0,0,0,0,0,0,0
18446744069055.30,0.00,0.00,0.00,0.00,0.00,0.00,0.00,0.00,1194723437.29,1282806765.36,0.00,0.00,1039043714.84,0.00,0.00,0.00,1.0000,1.0000,0,0,0,0,0,0,0,0
18446744069057.30,0.00,0.00,0.00,0.00,0.00,0.00,0.00,0.00,1194723437.29,1282806765.36,0.00,0.00,1039043714.84,0.00,0.00,0.00,1.0000,1.0000,0,0,0,0,0,0,0,0
18446744069059.30,0.00,0.00,0.00,0.00,0.00,0.00,0.00,0.00,1194723437.29,1282806765.36,0.00,0.00,1039043714.84,0.00,0.00,0.00,1.0000,1.0000,0,0,0,0,0,0,0,0
18446744069061.30,0.00,0.00,0.00,0.00,0.00,0.00,0.00,0.00,1194723437.29,1282806765.36,0.00,0.00,1039043714.84,0.00,0.00,0.00,1.0000,1.0000,0,0,0,0,0,0,0,0
18446744069063.30,0.00,0.00,0.00,0.00,0.00,0.00,0.00,0.00,1194723437.29,1282806765.36,0.00,0.00,1039043714.84,0.00,0.00,0.00,1.0000,1.0000,0,0,0,0,0,0,0,0
18446744069065.30,0.00,0.00,0.00,0.00,0.00,0.00,0.00,0.00,1194723437.29,1282806765.36,0.00,0.00,1039043714.84,0.00,0.00,0.00,1.0000,1.0000,0,0,0,0,0,0,0,0
18446744069067.30,0.00,0.00,0.00,0.00,0.00,0.00,0.00,0.00,1194723437.29,1282806765.36,0.00,0.00,1039043714.84,0.00,0.00,0.00,1.0000,1.0000,0,0,0,0,0,0,0,0
18446744069069.30,0.00,0.00,0.00,0.00,0.00,0.00,0.00,0.00,1194723437.29,1282806765.36,0.00,0.00,1039043714.84,0.00,0.00,0.00,1.0000,1.0000,0,0,0,0,0,0,0,0
18446744069071.30,0.00,0.00,0.00,0.00,0.00,0.00,0.00,0.00,1194723437.29,1282806765.36,0.00,0.00,1039043714.84,0.00,0.00,0.00,1.0000,1.0000,0,0,0,0,0,0,0,0
18446744069073.30,0.00,0.00,0.00,0.00,0.00,0.00,0.00,0.00,1194723437.29,1282806765.36,0.00,0.00,1039043714.84,0.00,0.00,0.00,1.0000,1.0000,0,0,0,0,0,0,0,0
18446744069075.30,0.00,0.00,0.00,0.00,0.00,0.00,0.00,0.00,1194723437.29,1282806765.36,0.00,0.00,1039043714.84,0.00,0.00,0.00,1.0000,1.0000,0,0,0,0,0,0,0,0
18446744069077.30,0.00,0.00,0.00,0.00,0.00,0.00,0.00,0.00,1194723437.29,1282806765.36,0.00,0.00,1039043714.84,0.00,0.00,0.00,1.0000,1.0000,0,0,0,0,0,0,0,0
18446744069079.30,0.00,0.00,0.00,0.00,0.00,0.00,0.00,0.00,1194723437.29,1282806765.36,0.00,0.00,1039043714.84,0.00,0.00,0.00,1.0000,1.0000,0,0,0,0,0,0,0,0
18446744069081.30,0.00,0.00,0.00,0.00,0.00,0.00,0.00,0.00,1194723437.29,1282806765.36,0.00,0.00,1039043714.84,0.00,0.00,0.00,1.0000,1.0000,0,0,0,0,0,0,0,0
18446744069083.30,0.00,0.00,0.00,0.00,0.00,0.00,0.00,0.00,1194723437.29,1282806765.36,0.00,0.00,1039043714.84,0.00,0.00,0.00,1.0000,1.0000,0,0,0,0,0,0,0,0
18446744069085.30,0.00,0.00,0.00,0.00,0.00,0.00,0.00,0.00,1194723437.29,1282806765.36,0.00,0.00,1039043714.84,0.00,0.00,0.00,1.0000,1.0000,0,0,0,0,0,0,0,0
18446744069087.30,0.00,0.00,0.00,0.00,0.00,0.00,0.00,0.00,1194723437.29,1282806765.36,0.00,0.00,1039043714.84,0.00,0.00,0.00,1.0000,1.0000,0,0,0,0,0,0,0,0
18446744069089.30,0.00,0.00,0.00,0.00,0.00,0.00,0.00,0.00,1194723437.29,1282806765.36,0.00,0.00,1039043714.84,0.00,0.00,0.00,1.0000,1.0000,0,0,0,0,0,0,0,0
18446744069091.30,0.00,0.00,0.00,0.00,0.00,0.00,0.00,0.00,1194723437.29,1282806765.36,0.00,0.00,1039043714.84,0.00,0.00,0.00,1.0000,1.0000,0,0,0,0,0,0,0,0
18446744069093.30,0.00,0.00,0.00,0.00,0.00,0.00,0.00,0.00,1194723437.29,1282806765.36,0.00,0.00,1039043714.84,0.00,0.00,0.00,1.0000,1.0000,0,0,0,0,0,0,0,0
18446744069095.30,0.00,0.00,0.00,0.00,0.00,0.00,0.00,0.00,1194723437.29,1282806765.36,0.00,0.00,1039043714.84,0.00,0.00,0.00,1.0000,1.0000,0,0,0,0,0,0,0,0
18446744069097.30,0.00,0.00,0.00,0.00,0.00,0.00,0.00,0.00,1194723437.29,1282806765.36,0.00,0.00,1039043714.84,0.00,0.00,0.00,1.0000,1.0000,0,0,0,0,0,0,0,0
18446744069099.30,0.00,0.00,0.00,0.00,0.00,0.00,0.00,0.00,1194723437.29,1282806765.36,0.00,0.00,1039043714.84,0.00,0.00,0.00,1.0000,1.0000,0,0,0,0,0,0,0,0
18446744069101.30,0.00,0.00,0.00,0.00,0.00,0.00,0.00,0.00,1194723437.29,1282806765.36,0.00,0.00,1039043714.84,0.00,0.00,0.00,1.0000,1.0000,0,0,0,0,0,0,0,0
18446744069103.30,0.00,0.00,0.00,0.00,0.00,0.00,0.00,0.00,1194723437.29,1282806765.36,0.00,0.00,1039043714.84,0.00,0.00,0.00,1.0000,1.0000,0,0,0,0,0,0,0,0
18446744069105.30,0.00,0.00,0.00,0.00,0.00,0.00,0.00,0.00,1194723437.29,1282806765.36,0.00,0.00,1039043714.84,0.00,0.00,0.00,1.0000,1.0000,0,0,0,0,0,0,0,0
18446744069107.30,0.00,0.00,0.00,0.00,0.00,0.00,0.00,0.00,1194723437.29,1282806765.36,0.00,0.00,1039043714.84,0.00,0.00,0.00,1.0000,1.0000,0,0,0,0,0,0,0,0
18446744069109.30,0.00,0.00,0.00,0.00,0.00,0.00,0.00,0.00,1194723437.29,1282806765.36,0.00,0.00,1039043714.84,0.00,0.00,0.00,1.0000,1.0000,0,0,0,0,0,0,0,0
18446744069111.30,0.00,0.00,0.00,0.00,0.00,0.00,0.00,0.00,1194723437.29,1282806765.36,0.00,0.00,1039043714.84,0.00,0.00,0.00,1.0000,1.0000,0,0,0,0,0,0,0,0
18446744069113.30,0.00,0.00,0.00,0.00,0.00,0.00,0.00,0.00,1194723437.29,1282806765.36,0.00,0.00,1039043714.84,0.00,0.00,0.00,1.0000,1.0000,0,0,0,0,0,0,0,0
18446744069115.30,0.00,0.00,0.00,0.00,0.00,0.00,0.00,0.00,1194723437.29,1282806765.36,0.00,0.00,1039043714.84,0.00,0.00,0.00,1.0000,1.0000,0,0,0,0,0,0,0,0
18446744069117.30,0.00,0.00,0.00,0.00,0.00,0.00,0.00,0.00,1194723437.29,1282806765.36,0.00,0.00,1039043714.84,0.00,0.00,0.00,1.0000,1.0000,0,0,0,0,0,0,0,0
18446744069119.30,0.00,0.00,0.00,0.00,0.00,0.00,0.00,0.00,1194723437.29,1282806765.36,0.00,0.00,1039043714.84,0.00,0.00,0.00,1.0000,1.0000,0,0,0,0,0,0,0,0
18446744069121.30,0.00,0.00,0.00,0.00,0.00,0.00,0.00,0.00,1194723437.29,1282806765.36,0.00,0.00,1039043714.84,0.00,0.00,0.00,1.0000,1.0000,0,0,0,0,0,0,0,0
18446744069123.30,0.00,0.00,0.00,0.00,0.00,0.00,0.00,0.00,1194723437.29,1282806765.36,0.00,0.00,1039043714.84,0.00,0.00,0.00,1.0000,1.0000,0,0,0,0,0,0,0,0
18446744069125.30,0.00,0.00,0.00,0.00,0.00,0.00,0.00,0.00,1194723437.29,1282806765.36,0.00,0.00,1039043714.84,0.00,0.00,0.00,1.0000,1.0000,0,0,0,0,0,0,0,0
18446744069127.30,0.00,0.00,0.00,0.00,0.00,0.00,0.00,0.00,1194723437.29,1282806765.36,0.00,0.00,1039043714.84,0.00,0.00,0.00,1.0000,1.0000,0,0,0,0,0,0,0,0
18446744069129.30,0.00,0.00,0.00,0.00,0.00,0.00,0.00,0.00,1194723437.29,1282806765.36,0.00,0.00,1039043714.84,0.00,0.00,0.00,1.0000,1.0000,0,0,0,0,0,0,0,0
18446744069131.30,0.00,0.00,0.00,0.00,0.00,0.00,0.00,0.00,1194723437.29,1282806765.36,0.00,0.00,1039043714.84,0.00,0.00,0.00,1.0000,1.0000,0,0,0,0,0,0,0,0
18446744069133.30,0.00,0.00,0.00,0.00,0.00,0.00,0.00,0.00,1194723437.29,1282806765.36,0.00,0.00,1039043714.84,0.00,0.00,0.00,1.0000,1.0000,0,0,0,0,0,0,0,0
18446744069135.30,0.00,0.00,0.00,0.00,0.00,0.00,0.00,0.00,1194723437.29,1282806765.36,0.00,0.00,1039043714.84,0.00,0.00,0.00,1.0000,1.0000,0,0,0,0,0,0,0,0
18446744069137.30,0.00,0.00,0.00,0.00,0.00,0.00,0.00,0.00,1194723437.29,1282806765.36,0.00,0.00,1039043714.84,0.00,0.00,0.00,1.0000,1.0000,0,0,0,0,0,0,0,0
18446744069139.30,0.00,0.00,0.00,0.00,0.00,0.00,0.00,0.00,1194723437.29,1282806765.36,0.00,0.00,1039043714.84,0.00,0.00,0.00,1.0000,1.0000,0,0,0,0,0,0,0,0
18446744069141.30,0.00,0.00,0.00,0.00,0.00,0.00,0.00,0.00,1194723437.29,1282806765.36,0.00,0.00,1039043714.84,0.00,0.00,0.00,1.0000,1.0000,0,0,0,0,0,0,0,0
18446744069143.30,0.00,0.00,0.00,0.00,0.00,0.00,0.00,0.00,1194723437.29,1282806765.36,0.00,0.00,1039043714.84,0.00,0.00,0.00,1.0000,1.0000,0,0,0,0,0,0,0,0
18446744069145.30,0.00,0.00,0.00,0.00,0.00,0.00,0.00,0.00,1194723437.29,1282806765.36,0.00,0.00,1039043714.84,0.00,0.00,0.00,1.0000,1.0000,0,0,0,0,0,0,0,0
18446744069147.30,0.00,0.00,0.00,0.00,0.00,0.00,0.00,0.00,1194723437.29,1282806765.36,0.00,0.00,1039043714.84,0.00,0.00,0.00,1.0000,1.0000,0,0,0,0,0,0,0,0
18446744069149.30,0.00,0.00,0.00,0.00,0.00,0.00,0.00,0.00,1194723437.29,1282806765.36,0.00,0.00,1039043714.84,0.00,0.00,0.00,1.0000,1.0000,0,0,0,0,0,0,0,0
18446744069151.30,0.00,0.00,0.00,0.00,0.00,0.00,0.00,0.00,1194723437.29,1282806765.36,0.00,0.00,1039043714.84,0.00,0.00,0.00,1.0000,1.0000,0,0,0,0,0,0,0,0
18446744069153.30,0.00,0.00,0.00,0.00,0.00,0.00,0.00,0.00,1194723437.29,1282806765.36,0.00,0.00,1039043714.84,0.00,0.00,0.00,1.0000,1.0000,0,0,0,0,0,0,0,0
18446744069155.30,0.00,0.00,0.00,0.00,0.00,0.00,0.00,0.00,1194723437.29,1282806765.36,0.00,0.00,1039043714.84,0.00,0.00,0.00,1.0000,1.0000,0,0,0,0,0,0,0,0
18446744069157.30,0.00,0.00,0.00,0.00,0.00,0.00,0.00,0.00,1194723437.29,1282806765.36,0.00,0.00,1039043714.84,0.00,0.00,0.00,1.0000,1.0000,0,0,0,0,0,0,0,0
18446744069159.30,0.00,0.00,0.00,0.00,0.00,0.00,0.00,0.00,1194723437.29,1282806765.36,0.00,0.00,1039043714.84,0.00,0.00,0.00,1.0000,1.0000,0,0,0,0,0,0,0,0
18446744069161.30,0.00,0.00,0.00,0.00,0.00,0.00,0.00,0.00,1194723437.29,1282806765.36,0.00,0.00,1039043714.84,0.00,0.00,0.00,1.0000,1.0000,0,0,0,0,0,0,0,0
18446744069163.30,0.00,0.00,0.00,0.00,0.00,0.00,0.00,0.00,1194723437.29,1282806765.36,0.00,0.00,1039043714.84,0.00,0.00,0.00,1.0000,1.0000,0,0,0,0,0,0,0,0
18446744069165.30,0.00,0.00,0.00,0.00,0.00,0.00,0.00,0.00,1194723437.29,1282806765.36,0.00,0.00,1039043714.84,0.00,0.00,0.00,1.0000,1.0000,0,0,0,0,0,0,0,0
18446744069167.30,0.00,0.00,0.00,0.00,0.00,0.00,0.00,0.00,1194723437.29,1282806765.36,0.00,0.00,1039043714.84,0.00,0.00,0.00,1.0000,1.0000,0,0,0,0,0,0,0,0
18446744069169.30,0.00,0.00,0.00,0.00,0.00,0.00,0.00,0.00,1194723437.29,1282806765.36,0.00,0.00,1039043714.84,0.00,0.00,0.00,1.0000,1.0000,0,0,0,0,0,0,0,0
18446744069171.30,0.00,0.00,0.00,0.00,0.00,0.00,0.00,0.00,1194723437.29,1282806765.36,0.00,0.00,1039043714.84,0.00,0.00,0.00,1.0000,1.0000,0,0,0,0,0,0,0,0
18446744069173.30,0.00,0.00,0.00,0.00,0.00,0.00,0.00,0.00,1194723437.29,1282806765.36,0.00,0.00,1039043714.84,0.00,0.00,0.00,1.0000,1.0000,0,0,0,0,0,0,0,0
18446744069175.30,0.00,0.00,0.00,0.00,0.00,0.00,0.00,0.00,1194723437.29,1282806765.36,0.00,0.00,1039043714.84,0.00,0.00,0.00,1.0000,1.0000,0,0,0,0,0,0,0,0
18446744069177.30,0.00,0.00,0.00,0.00,0.00,0.00,0.00,0.00,1194723437.29,1282806765.36,0.00,0.00,1039043714.84,0.00,0.00,0.00,1.0000,1.0000,0,0,0,0,0,0,0,0
18446744069179.30,0.00,0.00,0.00,0.00,0.00,0.00,0.00,0.00,1194723437.29,1282806765.36,0.00,0.00,1039043714.84,0.00,0.00,0.00,1.0000,1.0000,0,0,0,0,0,0,0,0
18446744069181.30,0.00,0.00,0.00,0.00,0.00,0.00,0.00,0.00,1194723437.29,1282806765.36,0.00,0.00,1039043714.84,0.00,0.00,0.00,1.0000,1.0000,0,0,0,0,0,0,0,0
18446744069183.30,0.00,0.00,0.00,0.00,0.00,0.00,0.00,0.00,1194723437.29,1282806765.36,0.00,0.00,1039043714.84,0.00,0.00,0.00,1.0000,1.0000,0,0,0,0,0,0,0,0
18446744069185.30,0.00,0.00,0.00,0.00,0.00,0.00,0.00,0.00,1194723437.29,1282806765.36,0.00,0.00,1039043714.84,0.00,0.00,0.00,1.0000,1.0000,0,0,0,0,0,0,0,0
18446744069187.30,0.00,0.00,0.00,0.00,0.00,0.00,0.00,0.00,1194723437.29,1282806765.36,0.00,0.00,1039043714.84,0.00,0.00,0.00,1.0000,1.0000,0,0,0,0,0,0,0,0
18446744069189.30,0.00,0.00,0.00,0.00,0.00,0.00,0.00,0.00,1194723437.29,1282806765.36,0.00,0.00,1039043714.84,0.00,0.00,0.00,1.0000,1.0000,0,0,0,0,0,0,0,0
18446744069191.30,0.00,0.00,0.00,0.00,0.00,0.00,0.00,0.00,1194723437.29,1282806765.36,0.00,0.00,1039043714.84,0.00,0.00,0.00,1.0000,1.0000,0,0,0,0,0,0,0,0
18446744069193.30,0.00,0.00,0.00,0.00,0.00,0.00,0.00,0.00,1194723437.29,1282806765.36,0.00,0.00,1039043714.84,0.00,0.00,0.00,1.0000,1.0000,0,0,0,0,0,0,0,0
18446744069195.30,0.00,0.00,0.00,0.00,0.00,0.00,0.00,0.00,1194723437.29,1282806765.36,0.00,0.00,1039043714.84,0.00,0.00,0.00,1.0000,1.0000,0,0,0,0,0,0,0,0
18446744069197.30,0.00,0.00,0.00,0.00,0.00,0.00,0.00,0.00,1194723437.29,1282806765.36,0.00,0.00,1039043714.84,0.00,0.00,0.00,1.0000,1.0000,0,0,0,0,0,0,0,0
18446744069199.30,0.00,0.00,0.00,0.00,0.00,0.00,0.00,0.00,1194723437.29,1282806765.36,0.00,0.00,1039043714.84,0.00,0.00,0.00,1.0000,1.0000,0,0,0,0,0,0,0,0
18446744069201.30,0.00,0.00,0.00,0.00,0.00,0.00,0.00,0.00,1194723437.29,1282806765.36,0.00,0.00,1039043714.84,0.00,0.00,0.00,1.0000,1.0000,0,0,0,0,0,0,0,0
18446744069203.30,0.00,0.00,0.00,0.00,0.00,0.00,0.00,0.00,1194723437.29,1282806765.36,0.00,0.00,1039043714.84,0.00,0.00,0.00,1.0000,1.0000,0,0,0,0,0,0,0,0
18446744069205.30,0.00,0.00,0.00,0.00,0.00,0.00,0.00,0.00,1194723437.29,1282806765.36,0.00,0.00,1039043714.84,0.00,0.00,0.00,1.0000,1.0000,0,0,0,0,0,0,0,0
18446744069207.30,0.00,0.00,0.00,0.00,0.00,0.00,0.00,0.00,1194723437.29,1282806765.36,0.00,0.00,1039043714.84,0.00,0.00,0.00,1.0000,1.0000,0,0,0,0,0,0,0,0
18446744069209.30,0.00,0.00,0.00,0.00,0.00,0.00,0.00,0.00,1194723437.29,1282806765.36,0.00,0.00,1039043714.84,0.00,0.00,0.00,1.0000,1.0000,0,0,0,0,0,0,0,0
18446744069211.30,0.00,0.00,0.00,0.00,0.00,0.00,0.00,0.00,1194723437.29,1282806765.36,0.00,0.00,1039043714.84,0.00,0.00,0.00,1.0000,1.0000,0,0,0,0,0,0,0,0
18446744069213.30,0.00,0.00,0.00,0.00,0.00,0.00,0.00,0.00,1194723437.29,1282806765.36,0.00,0.00,1039043714.84,0.00,0.00,0.00,1.0000,1.0000,0,0,0,0,0,0,0,0
18446744069215.30,0.00,0.00,0.00,0.00,0.00,0.00,0.00,0.00,1194723437.29,1282806765.36,0.00,0.00,1039043714.84,0.00,0.00,0.00,1.0000,1.0000,0,0,0,0,0,0,0,0
18446744069217.30,0.00,0.00,0.00,0.00,0.00,0.00,0.00,0.00,1194723437.29,1282806765.36,0.00,0.00,1039043714.84,0.00,0.00,0.00,1.0000,1.0000,0,0,0,0,0,0,0,0
18446744069219.30,0.00,0.00,0.00,0.00,0.00,0.00,0.00,0.00,1194723437.29,1282806765.36,0.00,0.00,1039043714.84,0.00,0.00,0.00,1.0000,1.0000,0,0,0,0,0,0,0,0
18446744069221.30,0.00,0.00,0.00,0.00,0.00,0.00,0.00,0.00,1194723437.29,1282806765.36,0.00,0.00,1039043714.84,0.00,0.00,0.00,1.0000,1.0000,0,0,0,0,0,0,0,0
18446744069223.30,0.00,0.00,0.00,0.00,0.00,0.00,0.00,0.00,1194723437.29,1282806765.36,0.00,0.00,1039043714.84,0.00,0.00,0.00,1.0000,1.0000,0,0,0,0,0,0,0,0
18446744069225.30,0.00,0.00,0.00,0.00,0.00,0.00,0.00,0.00,1194723437.29,1282806765.36,0.00,0.00,1039043714.84,0.00,0.00,0.00,1.0000,1.0000,0,0,0,0,0,0,0,0
18446744069227.30,0.00,0.00,0.00,0.00,0.00,0.00,0.00,0.00,1194723437.29,1282806765.36,0.00,0.00,1039043714.84,0.00,0.00,0.00,1.0000,1.0000,0,0,0,0,0,0,0,0
18446744069229.30,0.00,0.00,0.00,0.00,0.00,0.00,0.00,0.00,1194723437.29,1282806765.36,0.00,0.00,1039043714.84,0.00,0.00,0.00,1.0000,1.0000,0,0,0,0,0,0,0,0
18446744069231.30,0.00,0.00,0.00,0.00,0.00,0.00,0.00,0.00,1194723437.29,1282806765.36,0.00,0.00,1039043714.84,0.00,0.00,0.00,1.0000,1.0000,0,0,0,0,0,0,0,0
18446744069233.30,0.00,0.00,0.00,0.00,0.00,0.00,0.00,0.00,1194723437.29,1282806765.36,0.00,0.00,1039043714.84,0.00,0.00,0.00,1.0000,1.0000,0,0,0,0,0,0,0,0
18446744069235.30,0.00,0.00,0.00,0.00,0.00,0.00,0.00,0.00,1194723437.29,1282806765.36,0.00,0.00,1039043714.84,0.00,0.00,0.00,1.0000,1.0000,0,0,0,0,0,0,0,0
18446744069237.30,0.00,0.00,0.00,0.00,0.00,0.00,0.00,0.00,1194723437.29,1282806765.36,0.00,0.00,1039043714.84,0.00,0.00,0.00,1.0000,1.0000,0,0,0,0,0,0,0,0
18446744069239.30,0.00,0.00,0.00,0.00,0.00,0.00,0.00,0.00,1194723437.29,1282806765.36,0.00,0.00,1039043714.84,0.00,0.00,0.00,1.0000,1.0000,0,0,0,0,0,0,0,0
18446744069241.30,0.00,0.00,0.00,0.00,0.00,0.00,0.00,0.00,1194723437.29,1282806765.36,0.00,0.00,1039043714.84,0.00,0.00,0.00,1.0000,1.0000,0,0,0,0,0,0,0,0
18446744069243.30,0.00,0.00,0.00,0.00,0.00,0.00,0.00,0.00,1194723437.29,1282806765.36,0.00,0.00,1039043714.84,0.00,0.00,0.00,1.0000,1.0000,0,0,0,0,0,0,0,0
18446744069245.30,0.00,0.00,0.00,0.00,0.00,0.00,0.00,0.00,1194723437.29,1282806765.36,0.00,0.00,1039043714.84,0.00,0.00,0.00,1.0000,1.0000,0,0,0,0,0,0,0,0
18446744069247.30,0.00,0.00,0.00,0.00,0.00,0.00,0.00,0.00,1194723437.29,1282806765.36,0.00,0.00,1039043714.84,0.00,0.00,0.00,1.0000,1.0000,0,0,0,0,0,0,0,0
18446744069249.30,0.00,0.00,0.00,0.00,0.00,0.00,0.00,0.00,1194723437.29,1282806765.36,0.00,0.00,1039043714.84,0.00,0.00,0.00,1.0000,1.0000,0,0,0,0,0,0,0,0
18446744069251.30,0.00,0.00,0.00,0.00,0.00,0.00,0.00,0.00,1194723437.29,1282806765.36,0.00,0.00,1039043714.84,0.00,0.00,0.00,1.0000,1.0000,0,0,0,0,0,0,0,0
18446744069253.30,0.00,0.00,0.00,0.00,0.00,0.00,0.00,0.00,1194723437.29,1282806765.36,0.00,0.00,1039043714.84,0.00,0.00,0.00,1.0000,1.0000,0,0,0,0,0,0,0,0
18446744069255.30,0.00,0.00,0.00,0.00,0.00,0.00,0.00,0.00,1194723437.29,1282806765.36,0.00,0.00,1039043714.84,0.00,0.00,0.00,1.0000,1.0000,0,0,0,0,0,0,0,0
18446744069257.30,0.00,0.00,0.00,0.00,0.00,0.00,0.00,0.00,1194723437.29,1282806765.36,0.00,0.00,1039043714.84,0.00,0.00,0.00,1.0000,1.0000,0,0,0,0,0,0,0,0
18446744069259.30,0.00,0.00,0.00,0.00,0.00,0.00,0.00,0.00,1194723437.29,1282806765.36,0.00,0.00,1039043714.84,0.00,0.00,0.00,1.0000,1.0000,0,0,0,0,0,0,0,0
18446744069261.30,0.00,0.00,0.00,0.00,0.00,0.00,0.00,0.00,1194723437.29,1282806765.36,0.00,0.00,1039043714.84,0.00,0.00,0.00,1.0000,1.0000,0,0,0,0,0,0,0,0
18446744069263.30,0.00,0.00,0.00,0.00,0.00,0.00,0.00,0.00,1194723437.29,1282806765.36,0.00,0.00,1039043714.84,0.00,0.00,0.00,1.0000,1.0000,0,0,0,0,0,0,0,0
18446744069265.30,0.00,0.00,0.00,0.00,0.00,0.00,0.00,0.00,1194723437.29,1282806765.36,0.00,0.00,1039043714.84,0.00,0.00,0.00,1.0000,1.0000,0,0,0,0,0,0,0,0
18446744069267.30,0.00,0.00,0.00,0.00,0.00,0.00,0.00,0.00,1194723437.29,1282806765.36,0.00,0.00,1039043714.84,0.00,0.00,0.00,1.0000,1.0000,0,0,0,0,0,0,0,0
18446744069269.30,0.00,0.00,0.00,0.00,0.00,0.00,0.00,0.00,1194723437.29,1282806765.36,0.00,0.00,1039043714.84,0.00,0.00,0.00,1.0000,1.0000,0,0,0,0,0,0,0,0
18446744069271.30,0.00,0.00,0.00,0.00,0.00,0.00,0.00,0.00,1194723437.29,1282806765.36,0.00,0.00,1039043714.84,0.00,0.00,0.00,1.0000,1.0000,0,0,0,0,0,0,0,0
18446744069273.30,0.00,0.00,0.00,0.00,0.00,0.00,0.00,0.00,1194723437.29,1282806765.36,0.00,0.00,1039043714.84,0.00,0.00,0.00,1.0000,1.0000,0,0,0,0,0,0,0,0
18446744069275.30,0.00,0.00,0.00,0.00,0.00,0.00,0.00,0.00,1194723437.29,1282806765.36,0.00,0.00,1039043714.84,0.00,0.00,0.00,1.0000,1.0000,0,0,0,0,0,0,0,0
18446744069277.30,0.00,0.00,0.00,0.00,0.00,0.00,0.00,0.00,1194723437.29,1282806765.36,0.00,0.00,1039043714.84,0.00,0.00,0.00,1.0000,1.0000,0,0,0,0,0,0,0,0
18446744069279.30,0.00,0.00,0.00,0.00,0.00,0.00,0.00,0.00,1194723437.29,1282806765.36,0.00,0.00,1039043714.84,0.00,0.00,0.00,1.0000,1.0000,0,0,0,0,0,0,0,0
18446744069281.30,0.00,0.00,0.00,0.00,0.00,0.00,0.00,0.00,1194723437.29,1282806765.36,0.00,0.00,1039043714.84,0.00,0.00,0.00,1.0000,1.0000,0,0,0,0,0,0,0,0
18446744069283.30,0.00,0.00,0.00,0.00,0.00,0.00,0.00,0.00,1194723437.29,1282806765.36,0.00,0.00,1039043714.84,0.00,0.00,0.00,1.0000,1.0000,0,0,0,0,0,0,0,0
18446744069285.30,0.00,0.00,0.00,0.00,0.00,0.00,0.00,0.00,1194723437.29,1282806765.36,0.00,0.00,1039043714.84,0.00,0.00,0.00,1.0000,1.0000,0,0,0,0,0,0,0,0
18446744069287.30,0.00,0.00,0.00,0.00,0.00,0.00,0.00,0.00,1194723437.29,1282806765.36,0.00,0.00,1039043714.84,0.00,0.00,0.00,1.0000,1.0000,0,0,0,0,0,0,0,0
18446744069289.30,0.00,0.00,0.00,0.00,0.00,0.00,0.00,0.00,1194723437.29,1282806765.36,0.00,0.00,1039043714.84,0.00,0.00,0.00,1.0000,1.0000,0,0,0,0,0,0,0,0
18446744069291.30,0.00,0.00,0.00,0.00,0.00,0.00,0.00,0.00,1194723437.29,1282806765.36,0.00,0.00,1039043714.84,0.00,0.00,0.00,1.0000,1.0000,0,0,0,0,0,0,0,0
18446744069293.30,0.00,0.00,0.00,0.00,0.00,0.00,0.00,0.00,1194723437.29,1282806765.36,0.00,0.00,1039043714.84,0.00,0.00,0.00,1.0000,1.0000,0,0,0,0,0,0,0,0
18446744069295.30,0.00,0.00,0.00,0.00,0.00,0.00,0.00,0.00,1194723437.29,1282806765.36,0.00,0.00,1039043714.84,0.00,0.00,0.00,1.0000,1.0000,0,0,0,0,0,0,0,0
18446744069297.30,0.00,0.00,0.00,0.00,0.00,0.00,0.00,0.00,1194723437.29,1282806765.36,0.00,0.00,1039043714.84,0.00,0.00,0.00,1.0000,1.0000,0,0,0,0,0,0,0,0
18446744069299.30,0.00,0.00,0.00,0.00,0.00,0.00,0.00,0.00,1194723437.29,1282806765.36,0.00,0.00,1039043714.84,0.00,0.00,0.00,1.0000,1.0000,0,0,0,0,0,0,0,0
18446744069301.30,0.00,0.00,0.00,0.00,0.00,0.00,0.00,0.00,1194723437.29,1282806765.36,0.00,0.00,1039043714.84,0.00,0.00,0.00,1.0000,1.0000,0,0,0,0,0,0,0,0
18446744069303.30,0.00,0.00,0.00,0.00,0.00,0.00,0.00,0.00,1194723437.29,1282806765.36,0.00,0.00,1039043714.84,0.00,0.00,0.00,1.0000,1.0000,0,0,0,0,0,0,0,0
18446744069305.30,0.00,0.00,0.00,0.00,0.00,0.00,0.00,0.00,1194723437.29,1282806765.36,0.00,0.00,1039043714.84,0.00,0.00,0.00,1.0000,1.0000,0,0,0,0,0,0,0,0
18446744069307.30,0.00,0.00,0.00,0.00,0.00,0.00,0.00,0.00,1194723437.29,1282806765.36,0.00,0.00,1039043714.84,0.00,0.00,0.00,1.0000,1.0000,0,0,0,0,0,0,0,0
18446744069309.30,0.00,0.00,0.00,0.00,0.00,0.00,0.00,0.00,1194723437.29,1282806765.36,0.00,0.00,1039043714.84,0.00,0.00,0.00,1.0000,1.0000,0,0,0,0,0,0,0,0
18446744069311.30,0.00,0.00,0.00,0.00,0.00,0.00,0.00,0.00,1194723437.29,1282806765.36,0.00,0.00,1039043714.84,0.00,0.00,0.00,1.0000,1.0000,0,0,0,0,0,0,0,0
18446744069313.30,0.00,0.00,0.00,0.00,0.00,0.00,0.00,0.00,1194723437.29,1282806765.36,0.00,0.00,1039043714.84,0.00,0.00,0.00,1.0000,1.0000,0,0,0,0,0,0,0,0
18446744069315.30,0.00,0.00,0.00,0.00,0.00,0.00,0.00,0.00,1194723437.29,1282806765.36,0.00,0.00,1039043714.84,0.00,0.00,0.00,1.0000,1.0000,0,0,0,0,0,0,0,0
18446744069317.30,0.00,0.00,0.00,0.00,0.00,0.00,0.00,0.00,1194723437.29,1282806765.36,0.00,0.00,1039043714.84,0.00,0.00,0.00,1.0000,1.0000,0,0,0,0,0,0,0,0
18446744069319.30,0.00,0.00,0.00,0.00,0.00,0.00,0.00,0.00,1194723437.29,1282806765.36,0.00,0.00,1039043714.84,0.00,0.00,0.00,1.0000,1.0000,0,0,0,0,0,0,0,0
18446744069321.30,0.00,0.00,0.00,0.00,0.00,0.00,0.00,0.00,1194723437.29,1282806765.36,0.00,0.00,1039043714.84,0.00,0.00,0.00,1.0000,1.0000,0,0,0,0,0,0,0,0
18446744069323.30,0.00,0.00,0.00,0.00,0.00,0.00,0.00,0.00,1194723437.29,1282806765.36,0.00,0.00,1039043714.84,0.00,0.00,0.00,1.0000,1.0000,0,0,0,0,0,0,0,0
18446744069325.30,0.00,0.00,0.00,0.00,0.00,0.00,0.00,0.00,1194723437.29,1282806765.36,0.00,0.00,1039043714.84,0.00,0.00,0.00,1.0000,1.0000,0,0,0,0,0,0,0,0
18446744069327.30,0.00,0.00,0.00,0.00,0.00,0.00,0.00,0.00,1194723437.29,1282806765.36,0.00,0.00,1039043714.84,0.00,0.00,0.00,1.0000,1.0000,0,0,0,0,0,0,0,0
18446744069329.30,0.00,0.00,0.00,0.00,0.00,0.00,0.00,0.00,1194723437.29,1282806765.36,0.00,0.00,1039043714.84,0.00,0.00,0.00,1.0000,1.0000,0,0,0,0,0,0,0,0
18446744069331.30,0.00,0.00,0.00,0.00,0.00,0.00,0.00,0.00,1194723437.29,1282806765.36,0.00,0.00,1039043714.84,0.00,0.00,0.00,1.0000,1.0000,0,0,0,0,0,0,0,0
18446744069333.30,0.00,0.00,0.00,0.00,0.00,0.00,0.00,0.00,1194723437.29,1282806765.36,0.00,0.00,1039043714.84,0.00,0.00,0.00,1.0000,1.0000,0,0,0,0,0,0,0,0
18446744069335.30,0.00,0.00,0.00,0.00,0.00,0.00,0.00,0.00,1194723437.29,1282806765.36,0.00,0.00,1039043714.84,0.00,0.00,0.00,1.0000,1.0000,0,0,0,0,0,0,0,0
18446744069337.30,0.00,0.00,0.00,0.00,0.00,0.00,0.00,0.00,1194723437.29,1282806765.36,0.00,0.00,1039043714.84,0.00,0.00,0.00,1.0000,1.0000,0,0,0,0,0,0,0,0
18446744069339.30,0.00,0.00,0.00,0.00,0.00,0.00,0.00,0.00,1194723437.29,1282806765.36,0.00,0.00,1039043714.84,0.00,0.00,0.00,1.0000,1.0000,0,0,0,0,0,0,0,0
18446744069341.30,0.00,0.00,0.00,0.00,0.00,0.00,0.00,0.00,1194723437.29,1282806765.36,0.00,0.00,1039043714.84,0.00,0.00,0.00,1.0000,1.0000,0,0,0,0,0,0,0,0
18446744069343.30,0.00,0.00,0.00,0.00,0.00,0.00,0.00,0.00,1194723437.29,1282806765.36,0.00,0.00,1039043714.84,0.00,0.00,0.00,1.0000,1.0000,0,0,0,0,0,0,0,0
18446744069345.30,0.00,0.00,0.00,0.00,0.00,0.00,0.00,0.00,1194723437.29,1282806765.36,0.00,0.00,1039043714.84,0.00,0.00,0.00,1.0000,1.0000,0,0,0,0,0,0,0,0
18446744069347.30,0.00,0.00,0.00,0.00,0.00,0.00,0.00,0.00,1194723437.29,1282806765.36,0.00,0.00,1039043714.84,0.00,0.00,0.00,1.0000,1.0000,0,0,0,0,0,0,0,0
18446744069349.30,0.00,0.00,0.00,0.00,0.00,0.00,0.00,0.00,1194723437.29,1282806765.36,0.00,0.00,1039043714.84,0.00,0.00,0.00,1.0000,1.0000,0,0,0,0,0,0,0,0
18446744069351.30,0.00,0.00,0.00,0.00,0.00,0.00,0.00,0.00,1194723437.29,1282806765.36,0.00,0.00,1039043714.84,0.00,0.00,0.00,1.0000,1.0000,0,0,0,0,0,0,0,0
18446744069353.30,0.00,0.00,0.00,0.00,0.00,0.00,0.00,0.00,1194723437.29,1282806765.36,0.00,0.00,1039043714.84,0.00,0.00,0.00,1.0000,1.0000,0,0,0,0,0,0,0,0
18446744069355.30,0.00,0.00,0.00,0.00,0.00,0.00,0.00,0.00,1194723437.29,1282806765.36,0.00,0.00,1039043714.84,0.00,0.00,0.00,1.0000,1.0000,0,0,0,0,0,0,0,0
18446744069357.30,0.00,0.00,0.00,0.00,0.00,0.00,0.00,0.00,1194723437.29,1282806765.36,0.00,0.00,1039043714.84,0.00,0.00,0.00,1.0000,1.0000,0,0,0,0,0,0,0,0
18446744069359.30,0.00,0.00,0.00,0.00,0.00,0.00,0.00,0.00,1194723437.29,1282806765.36,0.00,0.00,1039043714.84,0.00,0.00,0.00,1.0000,1.0000,0,0,0,0,0,0,0,0
18446744069361.30,0.00,0.00,0.00,0.00,0.00,0.00,0.00,0.00,1194723437.29,1282806765.36,0.00,0.00,1039043714.84,0.00,0.00,0.00,1.0000,1.0000,0,0,0,0,0,0,0,0
18446744069363.30,0.00,0.00,0.00,0.00,0.00,0.00,0.00,0.00,1194723437.29,1282806765.36,0.00,0.00,1039043714.84,0.00,0.00,0.00,1.0000,1.0000,0,0,0,0,0,0,0,0
18446744069365.30,0.00,0.00,0.00,0.00,0.00,0.00,0.00,0.00,1194723437.29,1282806765.36,0.00,0.00,1039043714.84,0.00,0.00,0.00,1.0000,1.0000,0,0,0,0,0,0,0,0
18446744069367.30,0.00,0.00,0.00,0.00,0.00,0.00,0.00,0.00,1194723437.29,1282806765.36,0.00,0.00,1039043714.84,0.00,0.00,0.00,1.0000,1.0000,0,0,0,0,0,0,0,0
18446744069369.30,0.00,0.00,0.00,0.00,0.00,0.00,0.00,0.00,1194723437.29,1282806765.36,0.00,0.00,1039043714.84,0.00,0.00,0.00,1.0000,1.0000,0,0,0,0,0,0,0,0
18446744069371.30,0.00,0.00,0.00,0.00,0.00,0.00,0.00,0.00,1194723437.29,1282806765.36,0.00,0.00,1039043714.84,0.00,0.00,0.00,1.0000,1.0000,0,0,0,0,0,0,0,0
18446744069373.30,0.00,0.00,0.00,0.00,0.00,0.00,0.00,0.00,1194723437.29,1282806765.36,0.00,0.00,1039043714.84,0.00,0.00,0.00,1.0000,1.0000,0,0,0,0,0,0,0,0
18446744069375.30,0.00,0.00,0.00,0.00,0.00,0.00,0.00,0.00,1194723437.29,1282806765.36,0.00,0.00,1039043714.84,0.00,0.00,0.00,1.0000,1.0000,0,0,0,0,0,0,0,0
18446744069377.30,0.00,0.00,0.00,0.00,0.00,0.00,0.00,0.00,1194723437.29,1282806765.36,0.00,0.00,1039043714.84,0.00,0.00,0.00,1.0000,1.0000,0,0,0,0,0,0,0,0
18446744069379.30,0.00,0.00,0.00,0.00,0.00,0.00,0.00,0.00,1194723437.29,1282806765.36,0.00,0.00,1039043714.84,0.00,0.00,0.00,1.0000,1.0000,0,0,0,0,0,0,0,0
18446744069381.30,0.00,0.00,0.00,0.00,0.00,0.00,0.00,0.00,1194723437.29,1282806765.36,0.00,0.00,1039043714.84,0.00,0.00,0.00,1.0000,1.0000,0,0,0,0,0,0,0,0
18446744069383.30,0.00,0.00,0.00,0.00,0.00,0.00,0.00,0.00,1194723437.29,1282806765.36,0.00,0.00,1039043714.84,0.00,0.00,0.00,1.0000,1.0000,0,0,0,0,0,0,0,0
18446744069385.30,0.00,0.00,0.00,0.00,0.00,0.00,0.00,0.00,1194723437.29,1282806765.36,0.00,0.00,1039043714.84,0.00,0.00,0.00,1.0000,1.0000,0,0,0,0,0,0,0,0
18446744069387.30,0.00,0.00,0.00,0.00,0.00,0.00,0.00,0.00,1194723437.29,1282806765.36,0.00,0.00,1039043714.84,0.00,0.00,0.00,1.0000,1.0000,0,0,0,0,0,0,0,0
18446744069389.30,0.00,0.00,0.00,0.00,0.00,0.00,0.00,0.00,1194723437.29,1282806765.36,0.00,0.00,1039043714.84,0.00,0.00,0.00,1.0000,1.0000,0,0,0,0,0,0,0,0
18446744069391.30,0.00,0.00,0.00,0.00,0.00,0.00,0.00,0.00,1194723437.29,1282806765.36,0.00,0.00,1039043714.84,0.00,0.00,0.00,1.0000,1.0000,0,0,0,0,0,0,0,0
18446744069393.30,0.00,0.00,0.00,0.00,0.00,0.00,0.00,0.00,1194723437.29,1282806765.36,0.00,0.00,1039043714.84,0.00,0.00,0.00,1.0000,1.0000,0,0,0,0,0,0,0,0
18446744069395.30,0.00,0.00,0.00,0.00,0.00,0.00,0.00,0.00,1194723437.29,1282806765.36,0.00,0.00,1039043714.84,0.00,0.00,0.00,1.0000,1.0000,0,0,0,0,0,0,0,0
18446744069397.30,0.00,0.00,0.00,0.00,0.00,0.00,0.00,0.00,1194723437.29,1282806765.36,0.00,0.00,1039043714.84,0.00,0.00,0.00,1.0000,1.0000,0,0,0,0,0,0,0,0
18446744069399.30,0.00,0.00,0.00,0.00,0.00,0.00,0.00,0.00,1194723437.29,1282806765.36,0.00,0.00,1039043714.84,0.00,0.00,0.00,1.0000,1.0000,0,0,0,0,0,0,0,0
18446744069401.30,0.00,0.00,0.00,0.00,0.00,0.00,0.00,0.00,1194723437.29,1282806765.36,0.00,0.00,1039043714.84,0.00,0.00,0.00,1.0000,1.0000,0,0,0,0,0,0,0,0
18446744069403.30,0.00,0.00,0.00,0.00,0.00,0.00,0.00,0.00,1194723437.29,1282806765.36,0.00,0.00,1039043714.84,0.00,0.00,0.00,1.0000,1.0000,0,0,0,0,0,0,0,0
18446744069405.30,0.00,0.00,0.00,0.00,0.00,0.00,0.00,0.00,1194723437.29,1282806765.36,0.00,0.00,1039043714.84,0.00,0.00,0.00,1.0000,1.0000,0,0,0,0,0,0,0,0
18446744069407.30,0.00,0.00,0.00,0.00,0.00,0.00,0.00,0.00,1194723437.29,1282806765.36,0.00,0.00,1039043714.84,0.00,0.00,0.00,1.0000,1.0000,0,0,0,0,0,0,0,0
18446744069409.30,0.00,0.00,0.00,0.00,0.00,0.00,0.00,0.00,1194723437.29,1282806765.36,0.00,0.00,1039043714.84,0.00,0.00,0.00,1.0000,1.0000,0,0,0,0,0,0,0,0
18446744069411.30,0.00,0.00,0.00,0.00,0.00,0.00,0.00,0.00,1194723437.29,1282806765.36,0.00,0.00,1039043714.84,0.00,0.00,0.00,1.0000,1.0000,0,0,0,0,0,0,0,0
18446744069413.30,0.00,0.00,0.00,0.00,0.00,0.00,0.00,0.00,1194723437.29,1282806765.36,0.00,0.00,1039043714.84,0.00,0.00,0.00,1.0000,1.0000,0,0,0,0,0,0,0,0
18446744069415.30,0.00,0.00,0.00,0.00,0.00,0.00,0.00,0.00,1194723437.29,1282806765.36,0.00,0.00,1039043714.84,0.00,0.00,0.00,1.0000,1.0000,0,0,0,0,0,0,0,0
18446744069417.30,0.00,0.00,0.00,0.00,0.00,0.00,0.00,0.00,1194723437.29,1282806765.36,0.00,0.00,1039043714.84,0.00,0.00,0.00,1.0000,1.0000,0,0,0,0,0,0,0,0
18446744069419.30,0.00,0.00,0.00,0.00,0.00,0.00,0.00,0.00,1194723437.29,1282806765.36,0.00,0.00,1039043714.84,0.00,0.00,0.00,1.0000,1.0000,0,0,0,0,0,0,0,0
18446744069421.30,0.00,0.00,0.00,0.00,0.00,0.00,0.00,0.00,1194723437.29,1282806765.36,0.00,0.00,1039043714.84,0.00,0.00,0.00,1.0000,1.0000,0,0,0,0,0,0,0,0
18446744069423.30,0.00,0.00,0.00,0.00,0.00,0.00,0.00,0.00,1194723437.29,1282806765.36,0.00,0.00,1039043714.84,0.00,0.00,0.00,1.0000,1.0000,0,0,0,0,0,0,0,0
18446744069425.30,0.00,0.00,0.00,0.00,0.00,0.00,0.00,0.00,1194723437.29,1282806765.36,0.00,0.00,1039043714.84,0.00,0.00,0.00,1.0000,1.0000,0,0,0,0,0,0,0,0
18446744069427.30,0.00,0.00,0.00,0.00,0.00,0.00,0.00,0.00,1194723437.29,1282806765.36,0.00,0.00,1039043714.84,0.00,0.00,0.00,1.0000,1.0000,0,0,0,0,0,0,0,0
18446744069429.30,0.00,0.00,0.00,0.00,0.00,0.00,0.00,0.00,1194723437.29,1282806765.36,0.00,0.00,1039043714.84,0.00,0.00,0.00,1.0000,1.0000,0,0,0,0,0,0,0,0
18446744069431.30,0.00,0.00,0.00,0.00,0.00,0.00,0.00,0.00,1194723437.29,1282806765.36,0.00,0.00,1039043714.84,0.00,0.00,0.00,1.0000,1.0000,0,0,0,0,0,0,0,0
18446744069433.30,0.00,0.00,0.00,0.00,0.00,0.00,0.00,0.00,1194723437.29,1282806765.36,0.00,0.00,1039043714.84,0.00,0.00,0.00,1.0000,1.0000,0,0,0,0,0,0,0,0
18446744069435.30,0.00,0.00,0.00,0.00,0.00,0.00,0.00,0.00,1194723437.29,1282806765.36,0.00,0.00,1039043714.84,0.00,0.00,0.00,1.0000,1.0000,0,0,0,0,0,0,0,0
18446744069437.30,0.00,0.00,0.00,0.00,0.00,0.00,0.00,0.00,1194723437.29,1282806765.36,0.00,0.00,1039043714.84,0.00,0.00,0.00,1.0000,1.0000,0,0,0,0,0,0,0,0
18446744069439.30,0.00,0.00,0.00,0.00,0.00,0.00,0.00,0.00,1194723437.29,1282806765.36,0.00,0.00,1039043714.84,0.00,0.00,0.00,1.0000,1.0000,0,0,0,0,0,0,0,0
18446744069441.30,0.00,0.00,0.00,0.00,0.00,0.00,0.00,0.00,1194723437.29,1282806765.36,0.00,0.00,1039043714.84,0.00,0.00,0.00,1.0000,1.0000,0,0,0,0,0,0,0,0
18446744069443.30,0.00,0.00,0.00,0.00,0.00,0.00,0.00,0.00,1194723437.29,1282806765.36,0.00,0.00,1039043714.84,0.00,0.00,0.00,1.0000,1.0000,0,0,0,0,0,0,0,0
18446744069445.30,0.00,0.00,0.00,0.00,0.00,0.00,0.00,0.00,1194723437.29,1282806765.36,0.00,0.00,1039043714.84,0.00,0.00,0.00,1.0000,1.0000,0,0,0,0,0,0,0,0
18446744069447.30,0.00,0.00,0.00,0.00,0.00,0.00,0.00,0.00,1194723437.29,1282806765.36,0.00,0.00,1039043714.84,0.00,0.00,0.00,1.0000,1.0000,0,0,0,0,0,0,0,0
18446744069449.30,0.00,0.00,0.00,0.00,0.00,0.00,0.00,0.00,1194723437.29,1282806765.36,0.00,0.00,1039043714.84,0.00,0.00,0.00,1.0000,1.0000,0,0,0,0,0,0,0,0
18446744069451.30,0.00,0.00,0.00,0.00,0.00,0.00,0.00,0.00,1194723437.29,1282806765.36,0.00,0.00,1039043714.84,0.00,0.00,0.00,1.0000,1.0000,0,0,0,0,0,0,0,0
18446744069453.30,0.00,0.00,0.00,0.00,0.00,0.00,0.00,0.00,1194723437.29,1282806765.36,0.00,0.00,1039043714.84,0.00,0.00,0.00,1.0000,1.0000,0,0,0,0,0,0,0,0
18446744069455.30,0.00,0.00,0.00,0.00,0.00,0.00,0.00,0.00,1194723437.29,1282806765.36,0.00,0.00,1039043714.84,0.00,0.00,0.00,1.0000,1.0000,0,0,0,0,0,0,0,0
18446744069457.30,0.00,0.00,0.00,0.00,0.00,0.00,0.00,0.00,1194723437.29,1282806765.36,0.00,0.00,1039043714.84,0.00,0.00,0.00,1.0000,1.0000,0,0,0,0,0,0,0,0
18446744069459.30,0.00,0.00,0.00,0.00,0.00,0.00,0.00,0.00,1194723437.29,1282806765.36,0.00,0.00,1039043714.84,0.00,0.00,0.00,1.0000,1.0000,0,0,0,0,0,0,0,0
18446744069461.30,0.00,0.00,0.00,0.00,0.00,0.00,0.00,0.00,1194723437.29,1282806765.36,0.00,0.00,1039043714.84,0.00,0.00,0.00,1.0000,1.0000,0,0,0,0,0,0,0,0
18446744069463.30,0.00,0.00,0.00,0.00,0.00,0.00,0.00,0.00,1194723437.29,1282806765.36,0.00,0.00,1039043714.84,0.00,0.00,0.00,1.0000,1.0000,0,0,0,0,0,0,0,0
18446744069465.30,0.00,0.00,0.00,0.00,0.00,0.00,0.00,0.00,1194723437.29,1282806765.36,0.00,0.00,1039043714.84,0.00,0.00,0.00,1.0000,1.0000,0,0,0,0,0,0,0,0
18446744069467.30,0.00,0.00,0.00,0.00,0.00,0.00,0.00,0.00,1194723437.29,1282806765.36,0.00,0.00,1039043714.84,0.00,0.00,0.00,1.0000,1.0000,0,0,0,0,0,0,0,0
18446744069469.30,0.00,0.00,0.00,0.00,0.00,0.00,0.00,0.00,1194723437.29,1282806765.36,0.00,0.00,1039043714.84,0.00,0.00,0.00,1.0000,1.0000,0,0,0,0,0,0,0,0
18446744069471.30,0.00,0.00,0.00,0.00,0.00,0.00,0.00,0.00,1194723437.29,1282806765.36,0.00,0.00,1039043714.84,0.00,0.00,0.00,1.0000,1.0000,0,0,0,0,0,0,0,0
18446744069473.30,0.00,0.00,0.00,0.00,0.00,0.00,0.00,0.00,1194723437.29,1282806765.36,0.00,0.00,1039043714.84,0.00,0.00,0.00,1.0000,1.0000,0,0,0,0,0,0,0,0
18446744069475.30,0.00,0.00,0.00,0.00,0.00,0.00,0.00,0.00,1194723437.29,1282806765.36,0.00,0.00,1039043714.84,0.00,0.00,0.00,1.0000,1.0000,0,0,0,0,0,0,0,0
18446744069477.30,0.00,0.00,0.00,0.00,0.00,0.00,0.00,0.00,1194723437.29,1282806765.36,0.00,0.00,1039043714.84,0.00,0.00,0.00,1.0000,1.0000,0,0,0,0,0,0,0,0
18446744069479.30,0.00,0.00,0.00,0.00,0.00,0.00,0.00,0.00,1194723437.29,1282806765.36,0.00,0.00,1039043714.84,0.00,0.00,0.00,1.0000,1.0000,0,0,0,0,0,0,0,0
18446744069481.30,0.00,0.00,0.00,0.00,0.00,0.00,0.00,0.00,1194723437.29,1282806765.36,0.00,0.00,1039043714.84,0.00,0.00,0.00,1.0000,1.0000,0,0,0,0,0,0,0,0
18446744069483.30,0.00,0.00,0.00,0.00,0.00,0.00,0.00,0.00,1194723437.29,1282806765.36,0.00,0.00,1039043714.84,0.00,0.00,0.00,1.0000,1.0000,0,0,0,0,0,0,0,0
18446744069485.30,0.00,0.00,0.00,0.00,0.00,0.00,0.00,0.00,1194723437.29,1282806765.36,0.00,0.00,1039043714.84,0.00,0.00,0.00,1.0000,1.0000,0,0,0,0,0,0,0,0
18446744069487.30,0.00,0.00,0.00,0.00,0.00,0.00,0.00,0.00,1194723437.29,1282806765.36,0.00,0.00,1039043714.84,0.00,0.00,0.00,1.0000,1.0000,0,0,0,0,0,0,0,0
18446744069489.30,0.00,0.00,0.00,0.00,0.00,0.00,0.00,0.00,1194723437.29,1282806765.36,0.00,0.00,1039043714.84,0.00,0.00,0.00,1.0000,1.0000,0,0,0,0,0,0,0,0
18446744069491.30,0.00,0.00,0.00,0.00,0.00,0.00,0.00,0.00,1194723437.29,1282806765.36,0.00,0.00,1039043714.84,0.00,0.00,0.00,1.0000,1.0000,0,0,0,0,0,0,0,0
18446744069493.30,0.00,0.00,0.00,0.00,0.00,0.00,0.00,0.00,1194723437.29,1282806765.36,0.00,0.00,1039043714.84,0.00,0.00,0.00,1.0000,1.0000,0,0,0,0,0,0,0,0
18446744069495.30,0.00,0.00,0.00,0.00,0.00,0.00,0.00,0.00,1194723437.29,1282806765.36,0.00,0.00,1039043714.84,0.00,0.00,0.00,1.0000,1.0000,0,0,0,0,0,0,0,0
18446744069497.30,0.00,0.00,0.00,0.00,0.00,0.00,0.00,0.00,1194723437.29,1282806765.36,0.00,0.00,1039043714.84,0.00,0.00,0.00,1.0000,1.0000,0,0,0,0,0,0,0,0
18446744069499.30,0.00,0.00,0.00,0.00,0.00,0.00,0.00,0.00,1194723437.29,1282806765.36,0.00,0.00,1039043714.84,0.00,0.00,0.00,1.0000,1.0000,0,0,0,0,0,0,0,0
18446744069501.30,0.00,0.00,0.00,0.00,0.00,0.00,0.00,0.00,1194723437.29,1282806765.36,0.00,0.00,1039043714.84,0.00,0.00,0.00,1.0000,1.0000,0,0,0,0,0,0,0,0
18446744069503.30,0.00,0.00,0.00,0.00,0.00,0.00,0.00,0.00,1194723437.29,1282806765.36,0.00,0.00,1039043714.84,0.00,0.00,0.00,1.0000,1.0000,0,0,0,0,0,0,0,0
18446744069505.30,0.00,0.00,0.00,0.00,0.00,0.00,0.00,0.00,1194723437.29,1282806765.36,0.00,0.00,1039043714.84,0.00,0.00,0.00,1.0000,1.0000,0,0,0,0,0,0,0,0
18446744069507.30,0.00,0.00,0.00,0.00,0.00,0.00,0.00,0.00,1194723437.29,1282806765.36,0.00,0.00,1039043714.84,0.00,0.00,0.00,1.0000,1.0000,0,0,0,0,0,0,0,0
18446744069509.30,0.00,0.00,0.00,0.00,0.00,0.00,0.00,0.00,1194723437.29,1282806765.36,0.00,0.00,1039043714.84,0.00,0.00,0.00,1.0000,1.0000,0,0,0,0,0,0,0,0
18446744069511.30,0.00,0.00,0.00,0.00,0.00,0.00,0.00,0.00,1194723437.29,1282806765.36,0.00,0.00,1039043714.84,0.00,0.00,0.00,1.0000,1.0000,0,0,0,0,0,0,0,0
18446744069513.30,0.00,0.00,0.00,0.00,0.00,0.00,0.00,0.00,1194723437.29,1282806765.36,0.00,0.00,1039043714.84,0.00,0.00,0.00,1.0000,1.0000,0,0,0,0,0,0,0,0
18446744069515.30,0.00,0.00,0.00,0.00,0.00,0.00,0.00,0.00,1194723437.29,1282806765.36,0.00,0.00,1039043714.84,0.00,0.00,0.00,1.0000,1.0000,0,0,0,0,0,0,0,0
18446744069517.30,0.00,0.00,0.00,0.00,0.00,0.00,0.00,0.00,1194723437.29,1282806765.36,0.00,0.00,1039043714.84,0.00,0.00,0.00,1.0000,1.0000,0,0,0,0,0,0,0,0
18446744069519.30,0.00,0.00,0.00,0.00,0.00,0.00,0.00,0.00,1194723437.29,1282806765.36,0.00,0.00,1039043714.84,0.00,0.00,0.00,1.0000,1.0000,0,0,0,0,0,0,0,0
18446744069521.30,0.00,0.00,0.00,0.00,0.00,0.00,0.00,0.00,1194723437.29,1282806765.36,0.00,0.00,1039043714.84,0.00,0.00,0.00,1.0000,1.0000,0,0,0,0,0,0,0,0
18446744069523.30,0.00,0.00,0.00,0.00,0.00,0.00,0.00,0.00,1194723437.29,1282806765.36,0.00,0.00,1039043714.84,0.00,0.00,0.00,1.0000,1.0000,0,0,0,0,0,0,0,0
18446744069525.30,0.00,0.00,0.00,0.00,0.00,0.00,0.00,0.00,1194723437.29,1282806765.36,0.00,0.00,1039043714.84,0.00,0.00,0.00,1.0000,1.0000,0,0,0,0,0,0,0,0
18446744069527.30,0.00,0.00,0.00,0.00,0.00,0.00,0.00,0.00,1194723437.29,1282806765.36,0.00,0.00,1039043714.84,0.00,0.00,0.00,1.0000,1.0000,0,0,0,0,0,0,0,0
18446744069529.30,0.00,0.00,0.00,0.00,0.00,0.00,0.00,0.00,1194723437.29,1282806765.36,0.00,0.00,1039043714.84,0.00,0.00,0.00,1.0000,1.0000,0,0,0,0,0,0,0,0
18446744069531.30,0.00,0.00,0.00,0.00,0.00,0.00,0.00,0.00,1194723437.29,1282806765.36,0.00,0.00,1039043714.84,0.00,0.00,0.00,1.0000,1.0000,0,0,0,0,0,0,0,0
18446744069533.30,0.00,0.00,0.00,0.00,0.00,0.00,0.00,0.00,1194723437.29,1282806765.36,0.00,0.00,1039043714.84,0.00,0.00,0.00,1.0000,1.0000,0,0,0,0,0,0,0,0
18446744069535.30,0.00,0.00,0.00,0.00,0.00,0.00,0.00,0.00,1194723437.29,1282806765.36,0.00,0.00,1039043714.84,0.00,0.00,0.00,1.0000,1.0000,0,0,0,0,0,0,0,0
18446744069537.30,0.00,0.00,0.00,0.00,0.00,0.00,0.00,0.00,1194723437.29,1282806765.36,0.00,0.00,1039043714.84,0.00,0.00,0.00,1.0000,1.0000,0,0,0,0,0,0,0,0
18446744069539.30,0.00,0.00,0.00,0.00,0.00,0.00,0.00,0.00,1194723437.29,1282806765.36,0.00,0.00,1039043714.84,0.00,0.00,0.00,1.0000,1.0000,0,0,0,0,0,0,0,0
18446744069541.30,0.00,0.00,0.00,0.00,0.00,0.00,0.00,0.00,1194723437.29,1282806765.36,0.00,0.00,1039043714.84,0.00,0.00,0.00,1.0000,1.0000,0,0,0,0,0,0,0,0
18446744069543.30,0.00,0.00,0.00,0.00,0.00,0.00,0.00,0.00,1194723437.29,1282806765.36,0.00,0.00,1039043714.84,0.00,0.00,0.00,1.0000,1.0000,0,0,0,0,0,0,0,0
18446744069545.30,0.00,0.00,0.00,0.00,0.00,0.00,0.00,0.00,1194723437.29,1282806765.36,0.00,0.00,1039043714.84,0.00,0.00,0.00,1.0000,1.0000,0,0,0,0,0,0,0,0
18446744069547.30,0.00,0.00,0.00,0.00,0.00,0.00,0.00,0.00,1194723437.29,1282806765.36,0.00,0.00,1039043714.84,0.00,0.00,0.00,1.0000,1.0000,0,0,0,0,0,0,0,0
18446744069549.30,0.00,0.00,0.00,0.00,0.00,0.00,0.00,0.00,1194723437.29,1282806765.36,0.00,0.00,1039043714.84,0.00,0.00,0.00,1.0000,1.0000,0,0,0,0,0,0,0,0
18446744069551.30,0.00,0.00,0.00,0.00,0.00,0.00,0.00,0.00,1194723437.29,1282806765.36,0.00,0.00,1039043714.84,0.00,0.00,0.00,1.0000,1.0000,0,0,0,0,0,0,0,0
18446744069553.30,0.00,0.00,0.00,0.00,0.00,0.00,0.00,0.00,1194723437.29,1282806765.36,0.00,0.00,1039043714.84,0.00,0.00,0.00,1.0000,1.0000,0,0,0,0,0,0,0,0
18446744069555.30,0.00,0.00,0.00,0.00,0.00,0.00,0.00,0.00,1194723437.29,1282806765.36,0.00,0.00,1039043714.84,0.00,0.00,0.00,1.0000,1.0000,0,0,0,0,0,0,0,0
18446744069557.30,0.00,0.00,0.00,0.00,0.00,0.00,0.00,0.00,1194723437.29,1282806765.36,0.00,0.00,1039043714.84,0.00,0.00,0.00,1.0000,1.0000,0,0,0,0,0,0,0,0
18446744069559.30,0.00,0.00,0.00,0.00,0.00,0.00,0.00,0.00,1194723437.29,1282806765.36,0.00,0.00,1039043714.84,0.00,0.00,0.00,1.0000,1.0000,0,0,0,0,0,0,0,0
18446744069561.30,0.00,0.00,0.00,0.00,0.00,0.00,0.00,0.00,1194723437.29,1282806765.36,0.00,0.00,1039043714.84,0.00,0.00,0.00,1.0000,1.0000,0,0,0,0,0,0,0,0
18446744069563.30,0.00,0.00,0.00,0.00,0.00,0.00,0.00,0.00,1194723437.29,1282806765.36,0.00,0.00,1039043714.84,0.00,0.00,0.00,1.0000,1.0000,0,0,0,0,0,0,0,0
18446744069565.30,0.00,0.00,0.00,0.00,0.00,0.00,0.00,0.00,1194723437.29,1282806765.36,0.00,0.00,1039043714.84,0.00,0.00,0.00,1.0000,1.0000,0,0,0,0,0,0,0,0
18446744069567.30,0.00,0.00,0.00,0.00,0.00,0.00,0.00,0.00,1194723437.29,1282806765.36,0.00,0.00,1039043714.84,0.00,0.00,0.00,1.0000,1.0000,0,0,0,0,0,0,0,0
18446744069569.30,0.00,0.00,0.00,0.00,0.00,0.00,0.00,0.00,1194723437.29,1282806765.36,0.00,0.00,1039043714.84,0.00,0.00,0.00,1.0000,1.0000,0,0,0,0,0,0,0,0
18446744069571.30,0.00,0.00,0.00,0.00,0.00,0.00,0.00,0.00,1194723437.29,1282806765.36,0.00,0.00,1039043714.84,0.00,0.00,0.00,1.0000,1.0000,0,0,0,0,0,0,0,0
18446744069573.30,0.00,0.00,0.00,0.00,0.00,0.00,0.00,0.00,1194723437.29,1282806765.36,0.00,0.00,1039043714.84,0.00,0.00,0.00,1.0000,1.0000,0,0,0,0,0,0,0,0
18446744069575.30,0.00,0.00,0.00,0.00,0.00,0.00,0.00,0.00,1194723437.29,1282806765.36,0.00,0.00,1039043714.84,0.00,0.00,0.00,1.0000,1.0000,0,0,0,0,0,0,0,0
18446744069577.30,0.00,0.00,0.00,0.00,0.00,0.00,0.00,0.00,1194723437.29,1282806765.36,0.00,0.00,1039043714.84,0.00,0.00,0.00,1.0000,1.0000,0,0,0,0,0,0,0,0
18446744069579.30,0.00,0.00,0.00,0.00,0.00,0.00,0.00,0.00,1194723437.29,1282806765.36,0.00,0.00,1039043714.84,0.00,0.00,0.00,1.0000,1.0000,0,0,0,0,0,0,0,0
18446744069581.30,0.00,0.00,0.00,0.00,0.00,0.00,0.00,0.00,1194723437.29,1282806765.36,0.00,0.00,1039043714.84,0.00,0.00,0.00,1.0000,1.0000,0,0,0,0,0,0,0,0
18446744069583.30,0.00,0.00,0.00,0.00,0.00,0.00,0.00,0.00,1194723437.29,1282806765.36,0.00,0.00,1039043714.84,0.00,0.00,0.00,1.0000,1.0000,0,0,0,0,0,0,0,0
18446744069585.30,0.00,0.00,0.00,0.00,0.00,0.00,0.00,0.00,1194723437.29,1282806765.36,0.00,0.00,1039043714.84,0.00,0.00,0.00,1.0000,1.0000,0,0,0,0,0,0,0,0
18446744069587.30,0.00,0.00,0.00,0.00,0.00,0.00,0.00,0.00,1194723437.29,1282806765.36,0.00,0.00,1039043714.84,0.00,0.00,0.00,1.0000,1.0000,0,0,0,0,0,0,0,0
18446744069589.30,0.00,0.00,0.00,0.00,0.00,0.00,0.00,0.00,1194723437.29,1282806765.36,0.00,0.00,1039043714.84,0.00,0.00,0.00,1.0000,1.0000,0,0,0,0,0,0,0,0
18446744069591.30,0.00,0.00,0.00,0.00,0.00,0.00,0.00,0.00,1194723437.29,1282806765.36,0.00,0.00,1039043714.84,0.00,0.00,0.00,1.0000,1.0000,0,0,0,0,0,0,0,0
18446744069593.30,0.00,0.00,0.00,0.00,0.00,0.00,0.00,0.00,1194723437.29,1282806765.36,0.00,0.00,1039043714.84,0.00,0.00,0.00,1.0000,1.0000,0,0,0,0,0,0,0,0
18446744069595.30,0.00,0.00,0.00,0.00,0.00,0.00,0.00,0.00,1194723437.29,1282806765.36,0.00,0.00,1039043714.84,0.00,0.00,0.00,1.0000,1.0000,0,0,0,0,0,0,0,0
18446744069597.30,0.00,0.00,0.00,0.00,0.00,0.00,0.00,0.00,1194723437.29,1282806765.36,0.00,0.00,1039043714.84,0.00,0.00,0.00,1.0000,1.0000,0,0,0,0,0,0,0,0
18446744069599.30,0.00,0.00,0.00,0.00,0.00,0.00,0.00,0.00,1194723437.29,1282806765.36,0.00,0.00,1039043714.84,0.00,0.00,0.00,1.0000,1.0000,0,0,0,0,0,0,0,0
18446744069601.30,0.00,0.00,0.00,0.00,0.00,0.00,0.00,0.00,1194723437.29,1282806765.36,0.00,0.00,1039043714.84,0.00,0.00,0.00,1.0000,1.0000,0,0,0,0,0,0,0,0
18446744069603.30,0.00,0.00,0.00,0.00,0.00,0.00,0.00,0.00,1194723437.29,1282806765.36,0.00,0.00,1039043714.84,0.00,0.00,0.00,1.0000,1.0000,0,0,0,0,0,0,0,0
18446744069605.30,0.00,0.00,0.00,0.00,0.00,0.00,0.00,0.00,1194723437.29,1282806765.36,0.00,0.00,1039043714.84,0.00,0.00,0.00,1.0000,1.0000,0,0,0,0,0,0,0,0
18446744069607.30,0.00,0.00,0.00,0.00,0.00,0.00,0.00,0.00,1194723437.29,1282806765.36,0.00,0.00,1039043714.84,0.00,0.00,0.00,1.0000,1.0000,0,0,0,0,0,0,0,0
18446744069609.30,0.00,0.00,0.00,0.00,0.00,0.00,0.00,0.00,1194723437.29,1282806765.36,0.00,0.00,1039043714.84,0.00,0.00,0.00,1.0000,1.0000,0,0,0,0,0,0,0,0
18446744069611.30,0.00,0.00,0.00,0.00,0.00,0.00,0.00,0.00,1194723437.29,1282806765.36,0.00,0.00,1039043714.84,0.00,0.00,0.00,1.0000,1.0000,0,0,0,0,0,0,0,0
18446744069613.30,0.00,0.00,0.00,0.00,0.00,0.00,0.00,0.00,1194723437.29,1282806765.36,0.00,0.00,1039043714.84,0.00,0.00,0.00,1.0000,1.0000,0,0,0,0,0,0,0,0
18446744069615.30,0.00,0.00,0.00,0.00,0.00,0.00,0.00,0.00,1194723437.29,1282806765.36,0.00,0.00,1039043714.84,0.00,0.00,0.00,1.0000,1.0000,0,0,0,0,0,0,0,0
18446744069617.30,0.00,0.00,0.00,0.00,0.00,0.00,0.00,0.00,1194723437.29,1282806765.36,0.00,0.00,1039043714.84,0.00,0.00,0.00,1.0000,1.0000,0,0,0,0,0,0,0,0
18446744069619.30,0.00,0.00,0.00,0.00,0.00,0.00,0.00,0.00,1194723437.29,1282806765.36,0.00,0.00,1039043714.84,0.00,0.00,0.00,1.0000,1.0000,0,0,0,0,0,0,0,0
18446744069621.30,0.00,0.00,0.00,0.00,0.00,0.00,0.00,0.00,1194723437.29,1282806765.36,0.00,0.00,1039043714.84,0.00,0.00,0.00,1.0000,1.0000,0,0,0,0,0,0,0,0
18446744069623.30,0.00,0.00,0.00,0.00,0.00,0.00,0.00,0.00,1194723437.29,1282806765.36,0.00,0.00,1039043714.84,0.00,0.00,0.00,1.0000,1.0000,0,0,0,0,0,0,0,0
18446744069625.30,0.00,0.00,0.00,0.00,0.00,0.00,0.00,0.00,1194723437.29,1282806765.36,0.00,0.00,1039043714.84,0.00,0.00,0.00,1.0000,1.0000,0,0,0,0,0,0,0,0
18446744069627.30,0.00,0.00,0.00,0.00,0.00,0.00,0.00,0.00,1194723437.29,1282806765.36,0.00,0.00,1039043714.84,0.00,0.00,0.00,1.0000,1.0000,0,0,0,0,0,0,0,0
18446744069629.30,0.00,0.00,0.00,0.00,0.00,0.00,0.00,0.00,1194723437.29,1282806765.36,0.00,0.00,1039043714.84,0.00,0.00,0.00,1.0000,1.0000,0,0,0,0,0,0,0,0
18446744069631.30,0.00,0.00,0.00,0.00,0.00,0.00,0.00,0.00,1194723437.29,1282806765.36,0.00,0.00,1039043714.84,0.00,0.00,0.00,1.0000,1.0000,0,0,0,0,0,0,0,0
18446744069633.30,0.00,0.00,0.00,0.00,0.00,0.00,0.00,0.00,1194723437.29,1282806765.36,0.00,0.00,1039043714.84,0.00,0.00,0.00,1.0000,1.0000,0,0,0,0,0,0,0,0
18446744069635.30,0.00,0.00,0.00,0.00,0.00,0.00,0.00,0.00,1194723437.29,1282806765.36,0.00,0.00,1039043714.84,0.00,0.00,0.00,1.0000,1.0000,0,0,0,0,0,0,0,0
18446744069637.30,0.00,0.00,0.00,0.00,0.00,0.00,0.00,0.00,1194723437.29,1282806765.36,0.00,0.00,1039043714.84,0.00,0.00,0.00,1.0000,1.0000,0,0,0,0,0,0,0,0
18446744069639.30,0.00,0.00,0.00,0.00,0.00,0.00,0.00,0.00,1194723437.29,1282806765.36,0.00,0.00,1039043714.84,0.00,0.00,0.00,1.0000,1.0000,0,0,0,0,0,0,0,0
18446744069641.30,0.00,0.00,0.00,0.00,0.00,0.00,0.00,0.00,1194723437.29,1282806765.36,0.00,0.00,1039043714.84,0.00,0.00,0.00,1.0000,1.0000,0,0,0,0,0,0,0,0
18446744069643.30,0.00,0.00,0.00,0.00,0.00,0.00,0.00,0.00,1194723437.29,1282806765.36,0.00,0.00,1039043714.84,0.00,0.00,0.00,1.0000,1.0000,0,0,0,0,0,0,0,0
18446744069645.30,0.00,0.00,0.00,0.00,0.00,0.00,0.00,0.00,1194723437.29,1282806765.36,0.00,0.00,1039043714.84,0.00,0.00,0.00,1.0000,1.0000,0,0,0,0,0,0,0,0
18446744069647.30,0.00,0.00,0.00,0.00,0.00,0.00,0.00,0.00,1194723437.29,1282806765.36,0.00,0.00,1039043714.84,0.00,0.00,0.00,1.0000,1.0000,0,0,0,0,0,0,0,0
18446744069649.30,0.00,0.00,0.00,0.00,0.00,0.00,0.00,0.00,1194723437.29,1282806765.36,0.00,0.00,1039043714.84,0.00,0.00,0.00,1.0000,1.0000,0,0,0,0,0,0,0,0
18446744069651.30,0.00,0.00,0.00,0.00,0.00,0.00,0.00,0.00,1194723437.29,1282806765.36,0.00,0.00,1039043714.84,0.00,0.00,0.00,1.0000,1.0000,0,0,0,0,0,0,0,0
18446744069653.30,0.00,0.00,0.00,0.00,0.00,0.00,0.00,0.00,1194723437.29,1282806765.36,0.00,0.00,1039043714.84,0.00,0.00,0.00,1.0000,1.0000,0,0,0,0,0,0,0,0
18446744069655.30,0.00,0.00,0.00,0.00,0.00,0.00,0.00,0.00,1194723437.29,1282806765.36,0.00,0.00,1039043714.84,0.00,0.00,0.00,1.0000,1.0000,0,0,0,0,0,0,0,0
18446744069657.30,0.00,0.00,0.00,0.00,0.00,0.00,0.00,0.00,1194723437.29,1282806765.36,0.00,0.00,1039043714.84,0.00,0.00,0.00,1.0000,1.0000,0,0,0,0,0,0,0,0
18446744069659.30,0.00,0.00,0.00,0.00,0.00,0.00,0.00,0.00,1194723437.29,1282806765.36,0.00,0.00,1039043714.84,0.00,0.00,0.00,1.0000,1.0000,0,0,0,0,0,0,0,0
18446744069661.30,0.00,0.00,0.00,0.00,0.00,0.00,0.00,0.00,1194723437.29,1282806765.36,0.00,0.00,1039043714.84,0.00,0.00,0.00,1.0000,1.0000,0,0,0,0,0,0,0,0
18446744069663.30,0.00,0.00,0.00,0.00,0.00,0.00,0.00,0.00,1194723437.29,1282806765.36,0.00,0.00,1039043714.84,0.00,0.00,0.00,1.0000,1.0000,0,0,0,0,0,0,0,0
18446744069665.30,0.00,0.00,0.00,0.00,0.00,0.00,0.00,0.00,1194723437.29,1282806765.36,0.00,0.00,1039043714.84,0.00,0.00,0.00,1.0000,1.0000,0,0,0,0,0,0,0,0
18446744069667.30,0.00,0.00,0.00,0.00,0.00,0.00,0.00,0.00,1194723437.29,1282806765.36,0.00,0.00,1039043714.84,0.00,0.00,0.00,1.0000,1.0000,0,0,0,0,0,0,0,0
18446744069669.30,0.00,0.00,0.00,0.00,0.00,0.00,0.00,0.00,1194723437.29,1282806765.36,0.00,0.00,1039043714.84,0.00,0.00,0.00,1.0000,1.0000,0,0,0,0,0,0,0,0
18446744069671.30,0.00,0.00,0.00,0.00,0.00,0.00,0.00,0.00,1194723437.29,1282806765.36,0.00,0.00,1039043714.84,0.00,0.00,0.00,1.0000,1.0000,0,0,0,0,0,0,0,0
18446744069673.30,0.00,0.00,0.00,0.00,0.00,0.00,0.00,0.00,1194723437.29,1282806765.36,0.00,0.00,1039043714.84,0.00,0.00,0.00,1.0000,1.0000,0,0,0,0,0,0,0,0
18446744069675.30,0.00,0.00,0.00,0.00,0.00,0.00,0.00,0.00,1194723437.29,1282806765.36,0.00,0.00,1039043714.84,0.00,0.00,0.00,1.0000,1.0000,0,0,0,0,0,0,0,0
18446744069677.30,0.00,0.00,0.00,0.00,0.00,0.00,0.00,0.00,1194723437.29,1282806765.36,0.00,0.00,1039043714.84,0.00,0.00,0.00,1.0000,1.0000,0,0,0,0,0,0,0,0
18446744069679.30,0.00,0.00,0.00,0.00,0.00,0.00,0.00,0.00,1194723437.29,1282806765.36,0.00,0.00,1039043714.84,0.00,0.00,0.00,1.0000,1.0000,0,0,0,0,0,0,0,0
18446744069681.30,0.00,0.00,0.00,0.00,0.00,0.00,0.00,0.00,1194723437.29,1282806765.36,0.00,0.00,1039043714.84,0.00,0.00,0.00,1.0000,1.0000,0,0,0,0,0,0,0,0
18446744069683.30,0.00,0.00,0.00,0.00,0.00,0.00,0.00,0.00,1194723437.29,1282806765.36,0.00,0.00,1039043714.84,0.00,0.00,0.00,1.0000,1.0000,0,0,0,0,0,0,0,0
18446744069685.30,0.00,0.00,0.00,0.00,0.00,0.00,0.00,0.00,1194723437.29,1282806765.36,0.00,0.00,1039043714.84,0.00,0.00,0.00,1.0000,1.0000,0,0,0,0,0,0,0,0
18446744069687.30,0.00,0.00,0.00,0.00,0.00,0.00,0.00,0.00,1194723437.29,1282806765.36,0.00,0.00,1039043714.84,0.00,0.00,0.00,1.0000,1.0000,0,0,0,0,0,0,0,0
18446744069689.30,0.00,0.00,0.00,0.00,0.00,0.00,0.00,0.00,1194723437.29,1282806765.36,0.00,0.00,1039043714.84,0.00,0.00,0.00,1.0000,1.0000,0,0,0,0,0,0,0,0
18446744069691.30,0.00,0.00,0.00,0.00,0.00,0.00,0.00,0.00,1194723437.29,1282806765.36,0.00,0.00,1039043714.84,0.00,0.00,0.00,1.0000,1.0000,0,0,0,0,0,0,0,0
18446744069693.30,0.00,0.00,0.00,0.00,0.00,0.00,0.00,0.00,1194723437.29,1282806765.36,0.00,0.00,1039043714.84,0.00,0.00,0.00,1.0000,1.0000,0,0,0,0,0,0,0,0
18446744069695.30,0.00,0.00,0.00,0.00,0.00,0.00,0.00,0.00,1194723437.29,1282806765.36,0.00,0.00,1039043714.84,0.00,0.00,0.00,1.0000,1.0000,0,0,0,0,0,0,0,0
18446744069697.30,0.00,0.00,0.00,0.00,0.00,0.00,0.00,0.00,1194723437.29,1282806765.36,0.00,0.00,1039043714.84,0.00,0.00,0.00,1.0000,1.0000,0,0,0,0,0,0,0,0
18446744069699.30,0.00,0.00,0.00,0.00,0.00,0.00,0.00,0.00,1194723437.29,1282806765.36,0.00,0.00,1039043714.84,0.00,0.00,0.00,1.0000,1.0000,0,0,0,0,0,0,0,0
18446744069701.30,0.00,0.00,0.00,0.00,0.00,0.00,0.00,0.00,1194723437.29,1282806765.36,0.00,0.00,1039043714.84,0.00,0.00,0.00,1.0000,1.0000,0,0,0,0,0,0,0,0
18446744069703.30,0.00,0.00,0.00,0.00,0.00,0.00,0.00,0.00,1194723437.29,1282806765.36,0.00,0.00,1039043714.84,0.00,0.00,0.00,1.0000,1.0000,0,0,0,0,0,0,0,0
18446744069705.30,0.00,0.00,0.00,0.00,0.00,0.00,0.00,0.00,1194723437.29,1282806765.36,0.00,0.00,1039043714.84,0.00,0.00,0.00,1.0000,1.0000,0,0,0,0,0,0,0,0
18446744069707.30,0.00,0.00,0.00,0.00,0.00,0.00,0.00,0.00,1194723437.29,1282806765.36,0.00,0.00,1039043714.84,0.00,0.00,0.00,1.0000,1.0000,0,0,0,0,0,0,0,0
18446744069709.30,0.00,0.00,0.00,0.00,0.00,0.00,0.00,0.00,1194723437.29,1282806765.36,0.00,0.00,1039043714.84,0.00,0.00,0.00,1.0000,1.0000,0,0,0,0,0,0,0,0
18446744069711.30,0.00,0.00,0.00,0.00,0.00,0.00,0.00,0.00,1194723437.29,1282806765.36,0.00,0.00,1039043714.84,0.00,0.00,0.00,1.0000,1.0000,0,0,0,0,0,0,0,0
18446744069713.30,0.00,0.00,0.00,0.00,0.00,0.00,0.00,0.00,1194723437.29,1282806765.36,0.00,0.00,1039043714.84,0.00,0.00,0.00,1.0000,1.0000,0,0,0,0,0,0,0,0
18446744069715.30,0.00,0.00,0.00,0.00,0.00,0.00,0.00,0.00,1194723437.29,1282806765.36,0.00,0.00,1039043714.84,0.00,0.00,0.00,1.0000,1.0000,0,0,0,0,0,0,0,0
18446744069717.30,0.00,0.00,0.00,0.00,0.00,0.00,0.00,0.00,1194723437.29,1282806765.36,0.00,0.00,1039043714.84,0.00,0.00,0.00,1.0000,1.0000,0,0,0,0,0,0,0,0
18446744069719.30,0.00,0.00,0.00,0.00,0.00,0.00,0.00,0.00,1194723437.29,1282806765.36,0.00,0.00,1039043714.84,0.00,0.00,0.00,1.0000,1.0000,0,0,0,0,0,0,0,0
18446744069721.30,0.00,0.00,0.00,0.00,0.00,0.00,0.00,0.00,1194723437.29,1282806765.36,0.00,0.00,1039043714.84,0.00,0.00,0.00,1.0000,1.0000,0,0,0,0,0,0,0,0
18446744069723.30,0.00,0.00,0.00,0.00,0.00,0.00,0.00,0.00,1194723437.29,1282806765.36,0.00,0.00,1039043714.84,0.00,0.00,0.00,1.0000,1.0000,0,0,0,0,0,0,0,0
18446744069725.30,0.00,0.00,0.00,0.00,0.00,0.00,0.00,0.00,1194723437.29,1282806765.36,0.00,0.00,1039043714.84,0.00,0.00,0.00,1.0000,1.0000,0,0,0,0,0,0,0,0
18446744069727.30,0.00,0.00,0.00,0.00,0.00,0.00,0.00,0.00,1194723437.29,1282806765.36,0.00,0.00,1039043714.84,0.00,0.00,0.00,1.0000,1.0000,0,0,0,0,0,0,0,0
18446744069729.30,0.00,0.00,0.00,0.00,0.00,0.00,0.00,0.00,1194723437.29,1282806765.36,0.00,0.00,1039043714.84,0.00,0.00,0.00,1.0000,1.0000,0,0,0,0,0,0,0,0
18446744069731.30,0.00,0.00,0.00,0.00,0.00,0.00,0.00,0.00,1194723437.29,1282806765.36,0.00,0.00,1039043714.84,0.00,0.00,0.00,1.0000,1.0000,0,0,0,0,0,0,0,0
18446744069733.30,0.00,0.00,0.00,0.00,0.00,0.00,0.00,0.00,1194723437.29,1282806765.36,0.00,0.00,1039043714.84,0.00,0.00,0.00,1.0000,1.0000,0,0,0,0,0,0,0,0
18446744069735.30,0.00,0.00,0.00,0.00,0.00,0.00,0.00,0.00,1194723437.29,1282806765.36,0.00,0.00,1039043714.84,0.00,0.00,0.00,1.0000,1.0000,0,0,0,0,0,0,0,0
18446744069737.30,0.00,0.00,0.00,0.00,0.00,0.00,0.00,0.00,1194723437.29,1282806765.36,0.00,0.00,1039043714.84,0.00,0.00,0.00,1.0000,1.0000,0,0,0,0,0,0,0,0
18446744069739.30,0.00,0.00,0.00,0.00,0.00,0.00,0.00,0.00,1194723437.29,1282806765.36,0.00,0.00,1039043714.84,0.00,0.00,0.00,1.0000,1.0000,0,0,0,0,0,0,0,0
18446744069741.30,0.00,0.00,0.00,0.00,0.00,0.00,0.00,0.00,1194723437.29,1282806765.36,0.00,0.00,1039043714.84,0.00,0.00,0.00,1.0000,1.0000,0,0,0,0,0,0,0,0
18446744069743.30,0.00,0.00,0.00,0.00,0.00,0.00,0.00,0.00,1194723437.29,1282806765.36,0.00,0.00,1039043714.84,0.00,0.00,0.00,1.0000,1.0000,0,0,0,0,0,0,0,0
18446744069745.30,0.00,0.00,0.00,0.00,0.00,0.00,0.00,0.00,1194723437.29,1282806765.36,0.00,0.00,1039043714.84,0.00,0.00,0.00,1.0000,1.0000,0,0,0,0,0,0,0,0
18446744069747.30,0.00,0.00,0.00,0.00,0.00,0.00,0.00,0.00,1194723437.29,1282806765.36,0.00,0.00,1039043714.84,0.00,0.00,0.00,1.0000,1.0000,0,0,0,0,0,0,0,0
18446744069749.30,0.00,0.00,0.00,0.00,0.00,0.00,0.00,0.00,1194723437.29,1282806765.36,0.00,0.00,1039043714.84,0.00,0.00,0.00,1.0000,1.0000,0,0,0,0,0,0,0,0
18446744069751.30,0.00,0.00,0.00,0.00,0.00,0.00,0.00,0.00,1194723437.29,1282806765.36,0.00,0.00,1039043714.84,0.00,0.00,0.00,1.0000,1.0000,0,0,0,0,0,0,0,0
18446744069753.30,0.00,0.00,0.00,0.00,0.00,0.00,0.00,0.00,1194723437.29,1282806765.36,0.00,0.00,1039043714.84,0.00,0.00,0.00,1.0000,1.0000,0,0,0,0,0,0,0,0
18446744069755.30,0.00,0.00,0.00,0.00,0.00,0.00,0.00,0.00,1194723437.29,1282806765.36,0.00,0.00,1039043714.84,0.00,0.00,0.00,1.0000,1.0000,0,0,0,0,0,0,0,0
18446744069757.30,0.00,0.00,0.00,0.00,0.00,0.00,0.00,0.00,1194723437.29,1282806765.36,0.00,0.00,1039043714.84,0.00,0.00,0.00,1.0000,1.0000,0,0,0,0,0,0,0,0
18446744069759.30,0.00,0.00,0.00,0.00,0.00,0.00,0.00,0.00,1194723437.29,1282806765.36,0.00,0.00,1039043714.84,0.00,0.00,0.00,1.0000,1.0000,0,0,0,0,0,0,0,0
18446744069761.30,0.00,0.00,0.00,0.00,0.00,0.00,0.00,0.00,1194723437.29,1282806765.36,0.00,0.00,1039043714.84,0.00,0.00,0.00,1.0000,1.0000,0,0,0,0,0,0,0,0
18446744069763.30,0.00,0.00,0.00,0.00,0.00,0.00,0.00,0.00,1194723437.29,1282806765.36,0.00,0.00,1039043714.84,0.00,0.00,0.00,1.0000,1.0000,0,0,0,0,0,0,0,0
18446744069765.30,0.00,0.00,0.00,0.00,0.00,0.00,0.00,0.00,1194723437.29,1282806765.36,0.00,0.00,1039043714.84,0.00,0.00,0.00,1.0000,1.0000,0,0,0,0,0,0,0,0
18446744069767.30,0.00,0.00,0.00,0.00,0.00,0.00,0.00,0.00,1194723437.29,1282806765.36,0.00,0.00,1039043714.84,0.00,0.00,0.00,1.0000,1.0000,0,0,0,0,0,0,0,0
18446744069769.30,0.00,0.00,0.00,0.00,0.00,0.00,0.00,0.00,1194723437.29,1282806765.36,0.00,0.00,1039043714.84,0.00,0.00,0.00,1.0000,1.0000,0,0,0,0,0,0,0,0
18446744069771.30,0.00,0.00,0.00,0.00,0.00,0.00,0.00,0.00,1194723437.29,1282806765.36,0.00,0.00,1039043714.84,0.00,0.00,0.00,1.0000,1.0000,0,0,0,0,0,0,0,0
18446744069773.30,0.00,0.00,0.00,0.00,0.00,0.00,0.00,0.00,1194723437.29,1282806765.36,0.00,0.00,1039043714.84,0.00,0.00,0.00,1.0000,1.0000,0,0,0,0,0,0,0,0
18446744069775.30,0.00,0.00,0.00,0.00,0.00,0.00,0.00,0.00,1194723437.29,1282806765.36,0.00,0.00,1039043714.84,0.00,0.00,0.00,1.0000,1.0000,0,0,0,0,0,0,0,0
18446744069777.30,0.00,0.00,0.00,0.00,0.00,0.00,0.00,0.00,1194723437.29,1282806765.36,0.00,0.00,1039043714.84,0.00,0.00,0.00,1.0000,1.0000,0,0,0,0,0,0,0,0
18446744069779.30,0.00,0.00,0.00,0.00,0.00,0.00,0.00,0.00,1194723437.29,1282806765.36,0.00,0.00,1039043714.84,0.00,0.00,0.00,1.0000,1.0000,0,0,0,0,0,0,0,0
18446744069781.30,0.00,0.00,0.00,0.00,0.00,0.00,0.00,0.00,1194723437.29,1282806765.36,0.00,0.00,1039043714.84,0.00,0.00,0.00,1.0000,1.0000,0,0,0,0,0,0,0,0
18446744069783.30,0.00,0.00,0.00,0.00,0.00,0.00,0.00,0.00,1194723437.29,1282806765.36,0.00,0.00,1039043714.84,0.00,0.00,0.00,1.0000,1.0000,0,0,0,0,0,0,0,0
18446744069785.30,0.00,0.00,0.00,0.00,0.00,0.00,0.00,0.00,1194723437.29,1282806765.36,0.00,0.00,1039043714.84,0.00,0.00,0.00,1.0000,1.0000,0,0,0,0,0,0,0,0
18446744069787.30,0.00,0.00,0.00,0.00,0.00,0.00,0.00,0.00,1194723437.29,1282806765.36,0.00,0.00,1039043714.84,0.00,0.00,0.00,1.0000,1.0000,0,0,0,0,0,0,0,0
18446744069789.30,0.00,0.00,0.00,0.00,0.00,0.00,0.00,0.00,1194723437.29,1282806765.36,0.00,0.00,1039043714.84,0.00,0.00,0.00,1.0000,1.0000,0,0,0,0,0,0,0,0
18446744069791.30,0.00,0.00,0.00,0.00,0.00,0.00,0.00,0.00,1194723437.29,1282806765.36,0.00,0.00,1039043714.84,0.00,0.00,0.00,1.0000,1.0000,0,0,0,0,0,0,0,0
18446744069793.30,0.00,0.00,0.00,0.00,0.00,0.00,0.00,0.00,1194723437.29,1282806765.36,0.00,0.00,1039043714.84,0.00,0.00,0.00,1.0000,1.0000,0,0,0,0,0,0,0,0
18446744069795.30,0.00,0.00,0.00,0.00,0.00,0.00,0.00,0.00,1194723437.29,1282806765.36,0.00,0.00,1039043714.84,0.00,0.00,0.00,1.0000,1.0000,0,0,0,0,0,0,0,0
18446744069797.30,0.00,0.00,0.00,0.00,0.00,0.00,0.00,0.00,1194723437.29,1282806765.36,0.00,0.00,1039043714.84,0.00,0.00,0.00,1.0000,1.0000,0,0,0,0,0,0,0,0
18446744069799.30,0.00,0.00,0.00,0.00,0.00,0.00,0.00,0.00,1194723437.29,1282806765.36,0.00,0.00,1039043714.84,0.00,0.00,0.00,1.0000,1.0000,0,0,0,0,0,0,0,0
18446744069801.30,0.00,0.00,0.00,0.00,0.00,0.00,0.00,0.00,1194723437.29,1282806765.36,0.00,0.00,1039043714.84,0.00,0.00,0.00,1.0000,1.0000,0,0,0,0,0,0,0,0
18446744069803.30,0.00,0.00,0.00,0.00,0.00,0.00,0.00,0.00,1194723437.29,1282806765.36,0.00,0.00,1039043714.84,0.00,0.00,0.00,1.0000,1.0000,0,0,0,0,0,0,0,0
18446744069805.30,0.00,0.00,0.00,0.00,0.00,0.00,0.00,0.00,1194723437.29,1282806765.36,0.00,0.00,1039043714.84,0.00,0.00,0.00,1.0000,1.0000,0,0,0,0,0,0,0,0
18446744069807.30,0.00,0.00,0.00,0.00,0.00,0.00,0.00,0.00,1194723437.29,1282806765.36,0.00,0.00,1039043714.84,0.00,0.00,0.00,1.0000,1.0000,0,0,0,0,0,0,0,0
18446744069809.30,0.00,0.00,0.00,0.00,0.00,0.00,0.00,0.00,1194723437.29,1282806765.36,0.00,0.00,1039043714.84,0.00,0.00,0.00,1.0000,1.0000,0,0,0,0,0,0,0,0
18446744069811.30,0.00,0.00,0.00,0.00,0.00,0.00,0.00,0.00,1194723437.29,1282806765.36,0.00,0.00,1039043714.84,0.00,0.00,0.00,1.0000,1.0000,0,0,0,0,0,0,0,0
18446744069813.30,0.00,0.00,0.00,0.00,0.00,0.00,0.00,0.00,1194723437.29,1282806765.36,0.00,0.00,1039043714.84,0.00,0.00,0.00,1.0000,1.0000,0,0,0,0,0,0,0,0
18446744069815.30,0.00,0.00,0.00,0.00,0.00,0.00,0.00,0.00,1194723437.29,1282806765.36,0.00,0.00,1039043714.84,0.00,0.00,0.00,1.0000,1.0000,0,0,0,0,0,0,0,0
18446744069817.30,0.00,0.00,0.00,0.00,0.00,0.00,0.00,0.00,1194723437.29,1282806765.36,0.00,0.00,1039043714.84,0.00,0.00,0.00,1.0000,1.0000,0,0,0,0,0,0,0,0
18446744069819.30,0.00,0.00,0.00,0.00,0.00,0.00,0.00,0.00,1194723437.29,1282806765.36,0.00,0.00,1039043714.84,0.00,0.00,0.00,1.0000,1.0000,0,0,0,0,0,0,0,0
18446744069821.30,0.00,0.00,0.00,0.00,0.00,0.00,0.00,0.00,1194723437.29,1282806765.36,0.00,0.00,1039043714.84,0.00,0.00,0.00,1.0000,1.0000,0,0,0,0,0,0,0,0
18446744069823.30,0.00,0.00,0.00,0.00,0.00,0.00,0.00,0.00,1194723437.29,1282806765.36,0.00,0.00,1039043714.84,0.00,0.00,0.00,1.0000,1.0000,0,0,0,0,0,0,0,0
18446744069825.30,0.00,0.00,0.00,0.00,0.00,0.00,0.00,0.00,1194723437.29,1282806765.36,0.00,0.00,1039043714.84,0.00,0.00,0.00,1.0000,1.0000,0,0,0,0,0,0,0,0
18446744069827.30,0.00,0.00,0.00,0.00,0.00,0.00,0.00,0.00,1194723437.29,1282806765.36,0.00,0.00,1039043714.84,0.00,0.00,0.00,1.0000,1.0000,0,0,0,0,0,0,0,0
18446744069829.30,0.00,0.00,0.00,0.00,0.00,0.00,0.00,0.00,1194723437.29,1282806765.36,0.00,0.00,1039043714.84,0.00,0.00,0.00,1.0000,1.0000,0,0,0,0,0,0,0,0
18446744069831.30,0.00,0.00,0.00,0.00,0.00,0.00,0.00,0.00,1194723437.29,1282806765.36,0.00,0.00,1039043714.84,0.00,0.00,0.00,1.0000,1.0000,0,0,0,0,0,0,0,0
18446744069833.30,0.00,0.00,0.00,0.00,0.00,0.00,0.00,0.00,1194723437.29,1282806765.36,0.00,0.00,1039043714.84,0.00,0.00,0.00,1.0000,1.0000,0,0,0,0,0,0,0,0
18446744069835.30,0.00,0.00,0.00,0.00,0.00,0.00,0.00,0.00,1194723437.29,1282806765.36,0.00,0.00,1039043714.84,0.00,0.00,0.00,1.0000,1.0000,0,0,0,0,0,0,0,0
18446744069837.30,0.00,0.00,0.00,0.00,0.00,0.00,0.00,0.00,1194723437.29,1282806765.36,0.00,0.00,1039043714.84,0.00,0.00,0.00,1.0000,1.0000,0,0,0,0,0,0,0,0
18446744069839.30,0.00,0.00,0.00,0.00,0.00,0.00,0.00,0.00,1194723437.29,1282806765.36,0.00,0.00,1039043714.84,0.00,0.00,0.00,1.0000,1.0000,0,0,0,0,0,0,0,0
18446744069841.30,0.00,0.00,0.00,0.00,0.00,0.00,0.00,0.00,1194723437.29,1282806765.36,0.00,0.00,1039043714.84,0.00,0.00,0.00,1.0000,1.0000,0,0,0,0,0,0,0,0
18446744069843.30,0.00,0.00,0.00,0.00,0.00,0.00,0.00,0.00,1194723437.29,1282806765.36,0.00,0.00,1039043714.84,0.00,0.00,0.00,1.0000,1.0000,0,0,0,0,0,0,0,0
18446744069845.30,0.00,0.00,0.00,0.00,0.00,0.00,0.00,0.00,1194723437.29,1282806765.36,0.00,0.00,1039043714.84,0.00,0.00,0.00,1.0000,1.0000,0,0,0,0,0,0,0,0
18446744069847.30,0.00,0.00,0.00,0.00,0.00,0.00,0.00,0.00,1194723437.29,1282806765.36,0.00,0.00,1039043714.84,0.00,0.00,0.00,1.0000,1.0000,0,0,0,0,0,0,0,0
18446744069849.30,0.00,0.00,0.00,0.00,0.00,0.00,0.00,0.00,1194723437.29,1282806765.36,0.00,0.00,1039043714.84,0.00,0.00,0.00,1.0000,1.0000,0,0,0,0,0,0,0,0
18446744069851.30,0.00,0.00,0.00,0.00,0.00,0.00,0.00,0.00,1194723437.29,1282806765.36,0.00,0.00,1039043714.84,0.00,0.00,0.00,1.0000,1.0000,0,0,0,0,0,0,0,0
18446744069853.30,0.00,0.00,0.00,0.00,0.00,0.00,0.00,0.00,1194723437.29,1282806765.36,0.00,0.00,1039043714.84,0.00,0.00,0.00,1.0000,1.0000,0,0,0,0,0,0,0,0
18446744069855.30,0.00,0.00,0.00,0.00,0.00,0.00,0.00,0.00,1194723437.29,1282806765.36,0.00,0.00,1039043714.84,0.00,0.00,0.00,1.0000,1.0000,0,0,0,0,0,0,0,0
18446744069857.30,0.00,0.00,0.00,0.00,0.00,0.00,0.00,0.00,1194723437.29,1282806765.36,0.00,0.00,1039043714.84,0.00,0.00,0.00,1.0000,1.0000,0,0,0,0,0,0,0,0
18446744069859.30,0.00,0.00,0.00,0.00,0.00,0.00,0.00,0.00,1194723437.29,1282806765.36,0.00,0.00,1039043714.84,0.00,0.00,0.00,1.0000,1.0000,0,0,0,0,0,0,0,0
18446744069861.30,0.00,0.00,0.00,0.00,0.00,0.00,0.00,0.00,1194723437.29,1282806765.36,0.00,0.00,1039043714.84,0.00,0.00,0.00,1.0000,1.0000,0,0,0,0,0,0,0,0
18446744069863.30,0.00,0.00,0.00,0.00,0.00,0.00,0.00,0.00,1194723437.29,1282806765.36,0.00,0.00,1039043714.84,0.00,0.00,0.00,1.0000,1.0000,0,0,0,0,0,0,0,0
18446744069865.30,0.00,0.00,0.00,0.00,0.00,0.00,0.00,0.00,1194723437.29,1282806765.36,0.00,0.00,1039043714.84,0.00,0.00,0.00,1.0000,1.0000,0,0,0,0,0,0,0,0
18446744069867.30,0.00,0.00,0.00,0.00,0.00,0.00,0.00,0.00,1194723437.29,1282806765.36,0.00,0.00,1039043714.84,0.00,0.00,0.00,1.0000,1.0000,0,0,0,0,0,0,0,0
18446744069869.30,0.00,0.00,0.00,0.00,0.00,0.00,0.00,0.00,1194723437.29,1282806765.36,0.00,0.00,1039043714.84,0.00,0.00,0.00,1.0000,1.0000,0,0,0,0,0,0,0,0
18446744069871.30,0.00,0.00,0.00,0.00,0.00,0.00,0.00,0.00,1194723437.29,1282806765.36,0.00,0.00,1039043714.84,0.00,0.00,0.00,1.0000,1.0000,0,0,0,0,0,0,0,0
18446744069873.30,0.00,0.00,0.00,0.00,0.00,0.00,0.00,0.00,1194723437.29,1282806765.36,0.00,0.00,1039043714.84,0.00,0.00,0.00,1.0000,1.0000,0,0,0,0,0,0,0,0
18446744069875.30,0.00,0.00,0.00,0.00,0.00,0.00,0.00,0.00,1194723437.29,1282806765.36,0.00,0.00,1039043714.84,0.00,0.00,0.00,1.0000,1.0000,0,0,0,0,0,0,0,0
18446744069877.30,0.00,0.00,0.00,0.00,0.00,0.00,0.00,0.00,1194723437.29,1282806765.36,0.00,0.00,1039043714.84,0.00,0.00,0.00,1.0000,1.0000,0,0,0,0,0,0,0,0
18446744069879.30,0.00,0.00,0.00,0.00,0.00,0.00,0.00,0.00,1194723437.29,1282806765.36,0.00,0.00,1039043714.84,0.00,0.00,0.00,1.0000,1.0000,0,0,0,0,0,0,0,0
18446744069881.30,0.00,0.00,0.00,0.00,0.00,0.00,0.00,0.00,1194723437.29,1282806765.36,0.00,0.00,1039043714.84,0.00,0.00,0.00,1.0000,1.0000,0,0,0,0,0,0,0,0
18446744069883.30,0.00,0.00,0.00,0.00,0.00,0.00,0.00,0.00,1194723437.29,1282806765.36,0.00,0.00,1039043714.84,0.00,0.00,0.00,1.0000,1.0000,0,0,0,0,0,0,0,0
18446744069885.30,0.00,0.00,0.00,0.00,0.00,0.00,0.00,0.00,1194723437.29,1282806765.36,0.00,0.00,1039043714.84,0.00,0.00,0.00,1.0000,1.0000,0,0,0,0,0,0,0,0
18446744069887.30,0.00,0.00,0.00,0.00,0.00,0.00,0.00,0.00,1194723437.29,1282806765.36,0.00,0.00,1039043714.84,0.00,0.00,0.00,1.0000,1.0000,0,0,0,0,0,0,0,0
18446744069889.30,0.00,0.00,0.00,0.00,0.00,0.00,0.00,0.00,1194723437.29,1282806765.36,0.00,0.00,1039043714.84,0.00,0.00,0.00,1.0000,1.0000,0,0,0,0,0,0,0,0
18446744069891.30,0.00,0.00,0.00,0.00,0.00,0.00,0.00,0.00,1194723437.29,1282806765.36,0.00,0.00,1039043714.84,0.00,0.00,0.00,1.0000,1.0000,0,0,0,0,0,0,0,0
18446744069893.30,0.00,0.00,0.00,0.00,0.00,0.00,0.00,0.00,1194723437.29,1282806765.36,0.00,0.00,1039043714.84,0.00,0.00,0.00,1.0000,1.0000,0,0,0,0,0,0,0,0
18446744069895.30,0.00,0.00,0.00,0.00,0.00,0.00,0.00,0.00,1194723437.29,1282806765.36,0.00,0.00,1039043714.84,0.00,0.00,0.00,1.0000,1.0000,0,0,0,0,0,0,0,0
18446744069897.30,0.00,0.00,0.00,0.00,0.00,0.00,0.00,0.00,1194723437.29,1282806765.36,0.00,0.00,1039043714.84,0.00,0.00,0.00,1.0000,1.0000,0,0,0,0,0,0,0,0
18446744069899.30,0.00,0.00,0.00,0.00,0.00,0.00,0.00,0.00,1194723437.29,1282806765.36,0.00,0.00,1039043714.84,0.00,0.00,0.00,1.0000,1.0000,0,0,0,0,0,0,0,0
18446744069901.30,0.00,0.00,0.00,0.00,0.00,0.00,0.00,0.00,1194723437.29,1282806765.36,0.00,0.00,1039043714.84,0.00,0.00,0.00,1.0000,1.0000,0,0,0,0,0,0,0,0
18446744069903.30,0.00,0.00,0.00,0.00,0.00,0.00,0.00,0.00,1194723437.29,1282806765.36,0.00,0.00,1039043714.84,0.00,0.00,0.00,1.0000,1.0000,0,0,0,0,0,0,0,0
18446744069905.30,0.00,0.00,0.00,0.00,0.00,0.00,0.00,0.00,1194723437.29,1282806765.36,0.00,0.00,1039043714.84,0.00,0.00,0.00,1.0000,1.0000,0,0,0,0,0,0,0,0
18446744069907.30,0.00,0.00,0.00,0.00,0.00,0.00,0.00,0.00,1194723437.29,1282806765.36,0.00,0.00,1039043714.84,0.00,0.00,0.00,1.0000,1.0000,0,0,0,0,0,0,0,0
18446744069909.30,0.00,0.00,0.00,0.00,0.00,0.00,0.00,0.00,1194723437.29,1282806765.36,0.00,0.00,1039043714.84,0.00,0.00,0.00,1.0000,1.0000,0,0,0,0,0,0,0,0
18446744069911.30,0.00,0.00,0.00,0.00,0.00,0.00,0.00,0.00,1194723437.29,1282806765.36,0.00,0.00,1039043714.84,0.00,0.00,0.00,1.0000,1.0000,0,0,0,0,0,0,0,0
18446744069913.30,0.00,0.00,0.00,0.00,0.00,0.00,0.00,0.00,1194723437.29,1282806765.36,0.00,0.00,1039043714.84,0.00,0.00,0.00,1.0000,1.0000,0,0,0,0,0,0,0,0
18446744069915.30,0.00,0.00,0.00,0.00,0.00,0.00,0.00,0.00,1194723437.29,1282806765.36,0.00,0.00,1039043714.84,0.00,0.00,0.00,1.0000,1.0000,0,0,0,0,0,0,0,0
18446744069917.30,0.00,0.00,0.00,0.00,0.00,0.00,0.00,0.00,1194723437.29,1282806765.36,0.00,0.00,1039043714.84,0.00,0.00,0.00,1.0000,1.0000,0,0,0,0,0,0,0,0
18446744069919.30,0.00,0.00,0.00,0.00,0.00,0.00,0.00,0.00,1194723437.29,1282806765.36,0.00,0.00,1039043714.84,0.00,0.00,0.00,1.0000,1.0000,0,0,0,0,0,0,0,0
18446744069921.30,0.00,0.00,0.00,0.00,0.00,0.00,0.00,0.00,1194723437.29,1282806765.36,0.00,0.00,1039043714.84,0.00,0.00,0.00,1.0000,1.0000,0,0,0,0,0,0,0,0
18446744069923.30,0.00,0.00,0.00,0.00,0.00,0.00,0.00,0.00,1194723437.29,1282806765.36,0.00,0.00,1039043714.84,0.00,0.00,0.00,1.0000,1.0000,0,0,0,0,0,0,0,0
18446744069925.30,0.00,0.00,0.00,0.00,0.00,0.00,0.00,0.00,1194723437.29,1282806765.36,0.00,0.00,1039043714.84,0.00,0.00,0.00,1.0000,1.0000,0,0,0,0,0,0,0,0
18446744069927.30,0.00,0.00,0.00,0.00,0.00,0.00,0.00,0.00,1194723437.29,1282806765.36,0.00,0.00,1039043714.84,0.00,0.00,0.00,1.0000,1.0000,0,0,0,0,0,0,0,0
18446744069929.30,0.00,0.00,0.00,0.00,0.00,0.00,0.00,0.00,1194723437.29,1282806765.36,0.00,0.00,1039043714.84,0.00,0.00,0.00,1.0000,1.0000,0,0,0,0,0,0,0,0
18446744069931.30,0.00,0.00,0.00,0.00,0.00,0.00,0.00,0.00,1194723437.29,1282806765.36,0.00,0.00,1039043714.84,0.00,0.00,0.00,1.0000,1.0000,0,0,0,0,0,0,0,0
18446744069933.30,0.00,0.00,0.00,0.00,0.00,0.00,0.00,0.00,1194723437.29,1282806765.36,0.00,0.00,1039043714.84,0.00,0.00,0.00,1.0000,1.0000,0,0,0,0,0,0,0,0
18446744069935.30,0.00,0.00,0.00,0.00,0.00,0.00,0.00,0.00,1194723437.29,1282806765.36,0.00,0.00,1039043714.84,0.00,0.00,0.00,1.0000,1.0000,0,0,0,0,0,0,0,0
18446744069937.30,0.00,0.00,0.00,0.00,0.00,0.00,0.00,0.00,1194723437.29,1282806765.36,0.00,0.00,1039043714.84,0.00,0.00,0.00,1.0000,1.0000,0,0,0,0,0,0,0,0
18446744069939.30,0.00,0.00,0.00,0.00,0.00,0.00,0.00,0.00,1194723437.29,1282806765.36,0.00,0.00,1039043714.84,0.00,0.00,0.00,1.0000,1.0000,0,0,0,0,0,0,0,0
18446744069941.30,0.00,0.00,0.00,0.00,0.00,0.00,0.00,0.00,1194723437.29,1282806765.36,0.00,0.00,1039043714.84,0.00,0.00,0.00,1.0000,1.0000,0,0,0,0,0,0,0,0
18446744069943.30,0.00,0.00,0.00,0.00,0.00,0.00,0.00,0.00,1194723437.29,1282806765.36,0.00,0.00,1039043714.84,0.00,0.00,0.00,1.0000,1.0000,0,0,0,0,0,0,0,0
18446744069945.30,0.00,0.00,0.00,0.00,0.00,0.00,0.00,0.00,1194723437.29,1282806765.36,0.00,0.00,1039043714.84,0.00,0.00,0.00,1.0000,1.0000,0,0,0,0,0,0,0,0
18446744069947.30,0.00,0.00,0.00,0.00,0.00,0.00,0.00,0.00,1194723437.29,1282806765.36,0.00,0.00,1039043714.84,0.00,0.00,0.00,1.0000,1.0000,0,0,0,0,0,0,0,0
18446744069949.30,0.00,0.00,0.00,0.00,0.00,0.00,0.00,0.00,1194723437.29,1282806765.36,0.00,0.00,1039043714.84,0.00,0.00,0.00,1.0000,1.0000,0,0,0,0,0,0,0,0
18446744069951.30,0.00,0.00,0.00,0.00,0.00,0.00,0.00,0.00,1194723437.29,1282806765.36,0.00,0.00,1039043714.84,0.00,0.00,0.00,1.0000,1.0000,0,0,0,0,0,0,0,0
18446744069953.30,0.00,0.00,0.00,0.00,0.00,0.00,0.00,0.00,1194723437.29,1282806765.36,0.00,0.00,1039043714.84,0.00,0.00,0.00,1.0000,1.0000,0,0,0,0,0,0,0,0
18446744069955.30,0.00,0.00,0.00,0.00,0.00,0.00,0.00,0.00,1194723437.29,1282806765.36,0.00,0.00,1039043714.84,0.00,0.00,0.00,1.0000,1.0000,0,0,0,0,0,0,0,0
18446744069957.30,0.00,0.00,0.00,0.00,0.00,0.00,0.00,0.00,1194723437.29,1282806765.36,0.00,0.00,1039043714.84,0.00,0.00,0.00,1.0000,1.0000,0,0,0,0,0,0,0,0
18446744069959.30,0.00,0.00,0.00,0.00,0.00,0.00,0.00,0.00,1194723437.29,1282806765.36,0.00,0.00,1039043714.84,0.00,0.00,0.00,1.0000,1.0000,0,0,0,0,0,0,0,0
18446744069961.30,0.00,0.00,0.00,0.00,0.00,0.00,0.00,0.00,1194723437.29,1282806765.36,0.00,0.00,1039043714.84,0.00,0.00,0.00,1.0000,1.0000,0,0,0,0,0,0,0,0
18446744069963.30,0.00,0.00,0.00,0.00,0.00,0.00,0.00,0.00,1194723437.29,1282806765.36,0.00,0.00,1039043714.84,0.00,0.00,0.00,1.0000,1.0000,0,0,0,0,0,0,0,0
18446744069965.30,0.00,0.00,0.00,0.00,0.00,0.00,0.00,0.00,1194723437.29,1282806765.36,0.00,0.00,1039043714.84,0.00,0.00,0.00,1.0000,1.0000,0,0,0,0,0,0,0,0
18446744069967.30,0.00,0.00,0.00,0.00,0.00,0.00,0.00,0.00,1194723437.29,1282806765.36,0.00,0.00,1039043714.84,0.00,0.00,0.00,1.0000,1.0000,0,0,0,0,0,0,0,0
18446744069969.30,0.00,0.00,0.00,0.00,0.00,0.00,0.00,0.00,1194723437.29,1282806765.36,0.00,0.00,1039043714.84,0.00,0.00,0.00,1.0000,1.0000,0,0,0,0,0,0,0,0
18446744069971.30,0.00,0.00,0.00,0.00,0.00,0.00,0.00,0.00,1194723437.29,1282806765.36,0.00,0.00,1039043714.84,0.00,0.00,0.00,1.0000,1.0000,0,0,0,0,0,0,0,0
18446744069973.30,0.00,0.00,0.00,0.00,0.00,0.00,0.00,0.00,1194723437.29,1282806765.36,0.00,0.00,1039043714.84,0.00,0.00,0.00,1.0000,1.0000,0,0,0,0,0,0,0,0
18446744069975.30,0.00,0.00,0.00,0.00,0.00,0.00,0.00,0.00,1194723437.29,1282806765.36,0.00,0.00,1039043714.84,0.00,0.00,0.00,1.0000,1.0000,0,0,0,0,0,0,0,0
18446744069977.30,0.00,0.00,0.00,0.00,0.00,0.00,0.00,0.00,1194723437.29,1282806765.36,0.00,0.00,1039043714.84,0.00,0.00,0.00,1.0000,1.0000,0,0,0,0,0,0,0,0
18446744069979.30,0.00,0.00,0.00,0.00,0.00,0.00,0.00,0.00,1194723437.29,1282806765.36,0.00,0.00,1039043714.84,0.00,0.00,0.00,1.0000,1.0000,0,0,0,0,0,0,0,0
18446744069981.30,0.00,0.00,0.00,0.00,0.00,0.00,0.00,0.00,1194723437.29,1282806765.36,0.00,0.00,1039043714.84,0.00,0.00,0.00,1.0000,1.0000,0,0,0,0,0,0,0,0
18446744069983.30,0.00,0.00,0.00,0.00,0.00,0.00,0.00,0.00,1194723437.29,1282806765.36,0.00,0.00,1039043714.84,0.00,0.00,0.00,1.0000,1.0000,0,0,0,0,0,0,0,0
18446744069985.30,0.00,0.00,0.00,0.00,0.00,0.00,0.00,0.00,1194723437.29,1282806765.36,0.00,0.00,1039043714.84,0.00,0.00,0.00,1.0000,1.0000,0,0,0,0,0,0,0,0
18446744069987.30,0.00,0.00,0.00,0.00,0.00,0.00,0.00,0.00,1194723437.29,1282806765.36,0.00,0.00,1039043714.84,0.00,0.00,0.00,1.0000,1.0000,0,0,0,0,0,0,0,0
18446744069989.30,0.00,0.00,0.00,0.00,0.00,0.00,0.00,0.00,1194723437.29,1282806765.36,0.00,0.00,1039043714.84,0.00,0.00,0.00,1.0000,1.0000,0,0,0,0,0,0,0,0
18446744069991.30,0.00,0.00,0.00,0.00,0.00,0.00,0.00,0.00,1194723437.29,1282806765.36,0.00,0.00,1039043714.84,0.00,0.00,0.00,1.0000,1.0000,0,0,0,0,0,0,0,0
18446744069993.30,0.00,0.00,0.00,0.00,0.00,0.00,0.00,0.00,1194723437.29,1282806765.36,0.00,0.00,1039043714.84,0.00,0.00,0.00,1.0000,1.0000,0,0,0,0,0,0,0,0
18446744069995.30,0.00,0.00,0.00,0.00,0.00,0.00,0.00,0.00,1194723437.29,1282806765.36,0.00,0.00,1039043714.84,0.00,0.00,0.00,1.0000,1.0000,0,0,0,0,0,0,0,0
18446744069997.30,0.00,0.00,0.00,0.00,0.00,0.00,0.00,0.00,1194723437.29,1282806765.36,0.00,0.00,1039043714.84,0.00,0.00,0.00,1.0000,1.0000,0,0,0,0,0,0,0,0
18446744069999.30,0.00,0.00,0.00,0.00,0.00,0.00,0.00,0.00,1194723437.29,1282806765.36,0.00,0.00,1039043714.84,0.00,0.00,0.00,1.0000,1.0000,0,0,0,0,0,0,0,0
18446744070001.30,0.00,0.00,0.00,0.00,0.00,0.00,0.00,0.00,1194723437.29,1282806765.36,0.00,0.00,1039043714.84,0.00,0.00,0.00,1.0000,1.0000,0,0,0,0,0,0,0,0
18446744070003.30,0.00,0.00,0.00,0.00,0.00,0.00,0.00,0.00,1194723437.29,1282806765.36,0.00,0.00,1039043714.84,0.00,0.00,0.00,1.0000,1.0000,0,0,0,0,0,0,0,0
18446744070005.30,0.00,0.00,0.00,0.00,0.00,0.00,0.00,0.00,1194723437.29,1282806765.36,0.00,0.00,1039043714.84,0.00,0.00,0.00,1.0000,1.0000,0,0,0,0,0,0,0,0
18446744070007.30,0.00,0.00,0.00,0.00,0.00,0.00,0.00,0.00,1194723437.29,1282806765.36,0.00,0.00,1039043714.84,0.00,0.00,0.00,1.0000,1.0000,0,0,0,0,0,0,0,0
18446744070009.30,0.00,0.00,0.00,0.00,0.00,0.00,0.00,0.00,1194723437.29,1282806765.36,0.00,0.00,1039043714.84,0.00,0.00,0.00,1.0000,1.0000,0,0,0,0,0,0,0,0
18446744070011.30,0.00,0.00,0.00,0.00,0.00,0.00,0.00,0.00,1194723437.29,1282806765.36,0.00,0.00,1039043714.84,0.00,0.00,0.00,1.0000,1.0000,0,0,0,0,0,0,0,0
18446744070013.30,0.00,0.00,0.00,0.00,0.00,0.00,0.00,0.00,1194723437.29,1282806765.36,0.00,0.00,1039043714.84,0.00,0.00,0.00,1.0000,1.0000,0,0,0,0,0,0,0,0
18446744070015.30,0.00,0.00,0.00,0.00,0.00,0.00,0.00,0.00,1194723437.29,1282806765.36,0.00,0.00,1039043714.84,0.00,0.00,0.00,1.0000,1.0000,0,0,0,0,0,0,0,0
18446744070017.30,0.00,0.00,0.00,0.00,0.00,0.00,0.00,0.00,1194723437.29,1282806765.36,0.00,0.00,1039043714.84,0.00,0.00,0.00,1.0000,1.0000,0,0,0,0,0,0,0,0
18446744070019.30,0.00,0.00,0.00,0.00,0.00,0.00,0.00,0.00,1194723437.29,1282806765.36,0.00,0.00,1039043714.84,0.00,0.00,0.00,1.0000,1.0000,0,0,0,0,0,0,0,0
18446744070021.30,0.00,0.00,0.00,0.00,0.00,0.00,0.00,0.00,1194723437.29,1282806765.36,0.00,0.00,1039043714.84,0.00,0.00,0.00,1.0000,1.0000,0,0,0,0,0,0,0,0
18446744070023.30,0.00,0.00,0.00,0.00,0.00,0.00,0.00,0.00,1194723437.29,1282806765.36,0.00,0.00,1039043714.84,0.00,0.00,0.00,1.0000,1.0000,0,0,0,0,0,0,0,0
18446744070025.30,0.00,0.00,0.00,0.00,0.00,0.00,0.00,0.00,1194723437.29,1282806765.36,0.00,0.00,1039043714.84,0.00,0.00,0.00,1.0000,1.0000,0,0,0,0,0,0,0,0
18446744070027.30,0.00,0.00,0.00,0.00,0.00,0.00,0.00,0.00,1194723437.29,1282806765.36,0.00,0.00,1039043714.84,0.00,0.00,0.00,1.0000,1.0000,0,0,0,0,0,0,0,0
18446744070029.30,0.00,0.00,0.00,0.00,0.00,0.00,0.00,0.00,1194723437.29,1282806765.36,0.00,0.00,1039043714.84,0.00,0.00,0.00,1.0000,1.0000,0,0,0,0,0,0,0,0
18446744070031.30,0.00,0.00,0.00,0.00,0.00,0.00,0.00,0.00,1194723437.29,1282806765.36,0.00,0.00,1039043714.84,0.00,0.00,0.00,1.0000,1.0000,0,0,0,0,0,0,0,0
18446744070033.30,0.00,0.00,0.00,0.00,0.00,0.00,0.00,0.00,1194723437.29,1282806765.36,0.00,0.00,1039043714.84,0.00,0.00,0.00,1.0000,1.0000,0,0,0,0,0,0,0,0
18446744070035.30,0.00,0.00,0.00,0.00,0.00,0.00,0.00,0.00,1194723437.29,1282806765.36,0.00,0.00,1039043714.84,0.00,0.00,0.00,1.0000,1.0000,0,0,0,0,0,0,0,0
18446744070037.30,0.00,0.00,0.00,0.00,0.00,0.00,0.00,0.00,1194723437.29,1282806765.36,0.00,0.00,1039043714.84,0.00,0.00,0.00,1.0000,1.0000,0,0,0,0,0,0,0,0
18446744070039.30,0.00,0.00,0.00,0.00,0.00,0.00,0.00,0.00,1194723437.29,1282806765.36,0.00,0.00,1039043714.84,0.00,0.00,0.00,1.0000,1.0000,0,0,0,0,0,0,0,0
18446744070041.30,0.00,0.00,0.00,0.00,0.00,0.00,0.00,0.00,1194723437.29,1282806765.36,0.00,0.00,1039043714.84,0.00,0.00,0.00,1.0000,1.0000,0,0,0,0,0,0,0,0
18446744070043.30,0.00,0.00,0.00,0.00,0.00,0.00,0.00,0.00,1194723437.29,1282806765.36,0.00,0.00,1039043714.84,0.00,0.00,0.00,1.0000,1.0000,0,0,0,0,0,0,0,0
18446744070045.30,0.00,0.00,0.00,0.00,0.00,0.00,0.00,0.00,1194723437.29,1282806765.36,0.00,0.00,1039043714.84,0.00,0.00,0.00,1.0000,1.0000,0,0,0,0,0,0,0,0
18446744070047.30,0.00,0.00,0.00,0.00,0.00,0.00,0.00,0.00,1194723437.29,1282806765.36,0.00,0.00,1039043714.84,0.00,0.00,0.00,1.0000,1.0000,0,0,0,0,0,0,0,0
18446744070049.30,0.00,0.00,0.00,0.00,0.00,0.00,0.00,0.00,1194723437.29,1282806765.36,0.00,0.00,1039043714.84,0.00,0.00,0.00,1.0000,1.0000,0,0,0,0,0,0,0,0
18446744070051.30,0.00,0.00,0.00,0.00,0.00,0.00,0.00,0.00,1194723437.29,1282806765.36,0.00,0.00,1039043714.84,0.00,0.00,0.00,1.0000,1.0000,0,0,0,0,0,0,0,0
18446744070053.30,0.00,0.00,0.00,0.00,0.00,0.00,0.00,0.00,1194723437.29,1282806765.36,0.00,0.00,1039043714.84,0.00,0.00,0.00,1.0000,1.0000,0,0,0,0,0,0,0,0
18446744070055.30,0.00,0.00,0.00,0.00,0.00,0.00,0.00,0.00,1194723437.29,1282806765.36,0.00,0.00,1039043714.84,0.00,0.00,0.00,1.0000,1.0000,0,0,0,0,0,0,0,0
18446744070057.30,0.00,0.00,0.00,0.00,0.00,0.00,0.00,0.00,1194723437.29,1282806765.36,0.00,0.00,1039043714.84,0.00,0.00,0.00,1.0000,1.0000,0,0,0,0,0,0,0,0
18446744070059.30,0.00,0.00,0.00,0.00,0.00,0.00,0.00,0.00,1194723437.29,1282806765.36,0.00,0.00,1039043714.84,0.00,0.00,0.00,1.0000,1.0000,0,0,0,0,0,0,0,0
18446744070061.30,0.00,0.00,0.00,0.00,0.00,0.00,0.00,0.00,1194723437.29,1282806765.36,0.00,0.00,1039043714.84,0.00,0.00,0.00,1.0000,1.0000,0,0,0,0,0,0,0,0
18446744070063.30,0.00,0.00,0.00,0.00,0.00,0.00,0.00,0.00,1194723437.29,1282806765.36,0.00,0.00,1039043714.84,0.00,0.00,0.00,1.0000,1.0000,0,0,0,0,0,0,0,0
18446744070065.30,0.00,0.00,0.00,0.00,0.00,0.00,0.00,0.00,1194723437.29,1282806765.36,0.00,0.00,1039043714.84,0.00,0.00,0.00,1.0000,1.0000,0,0,0,0,0,0,0,0
18446744070067.30,0.00,0.00,0.00,0.00,0.00,0.00,0.00,0.00,1194723437.29,1282806765.36,0.00,0.00,1039043714.84,0.00,0.00,0.00,1.0000,1.0000,0,0,0,0,0,0,0,0
18446744070069.30,0.00,0.00,0.00,0.00,0.00,0.00,0.00,0.00,1194723437.29,1282806765.36,0.00,0.00,1039043714.84,0.00,0.00,0.00,1.0000,1.0000,0,0,0,0,0,0,0,0
18446744070071.30,0.00,0.00,0.00,0.00,0.00,0.00,0.00,0.00,1194723437.29,1282806765.36,0.00,0.00,1039043714.84,0.00,0.00,0.00,1.0000,1.0000,0,0,0,0,0,0,0,0
18446744070073.30,0.00,0.00,0.00,0.00,0.00,0.00,0.00,0.00,1194723437.29,1282806765.36,0.00,0.00,1039043714.84,0.00,0.00,0.00,1.0000,1.0000,0,0,0,0,0,0,0,0
18446744070075.30,0.00,0.00,0.00,0.00,0.00,0.00,0.00,0.00,1194723437.29,1282806765.36,0.00,0.00,1039043714.84,0.00,0.00,0.00,1.0000,1.0000,0,0,0,0,0,0,0,0
18446744070077.30,0.00,0.00,0.00,0.00,0.00,0.00,0.00,0.00,1194723437.29,1282806765.36,0.00,0.00,1039043714.84,0.00,0.00,0.00,1.0000,1.0000,0,0,0,0,0,0,0,0
18446744070079.30,0.00,0.00,0.00,0.00,0.00,0.00,0.00,0.00,1194723437.29,1282806765.36,0.00,0.00,1039043714.84,0.00,0.00,0.00,1.0000,1.0000,0,0,0,0,0,0,0,0
18446744070081.30,0.00,0.00,0.00,0.00,0.00,0.00,0.00,0.00,1194723437.29,1282806765.36,0.00,0.00,1039043714.84,0.00,0.00,0.00,1.0000,1.0000,0,0,0,0,0,0,0,0
18446744070083.30,0.00,0.00,0.00,0.00,0.00,0.00,0.00,0.00,1194723437.29,1282806765.36,0.00,0.00,1039043714.84,0.00,0.00,0.00,1.0000,1.0000,0,0,0,0,0,0,0,0
18446744070085.30,0.00,0.00,0.00,0.00,0.00,0.00,0.00,0.00,1194723437.29,1282806765.36,0.00,0.00,1039043714.84,0.00,0.00,0.00,1.0000,1.0000,0,0,0,0,0,0,0,0
18446744070087.30,0.00,0.00,0.00,0.00,0.00,0.00,0.00,0.00,1194723437.29,1282806765.36,0.00,0.00,1039043714.84,0.00,0.00,0.00,1.0000,1.0000,0,0,0,0,0,0,0,0
18446744070089.30,0.00,0.00,0.00,0.00,0.00,0.00,0.00,0.00,1194723437.29,1282806765.36,0.00,0.00,1039043714.84,0.00,0.00,0.00,1.0000,1.0000,0,0,0,0,0,0,0,0
18446744070091.30,0.00,0.00,0.00,0.00,0.00,0.00,0.00,0.00,1194723437.29,1282806765.36,0.00,0.00,1039043714.84,0.00,0.00,0.00,1.0000,1.0000,0,0,0,0,0,0,0,0
18446744070093.30,0.00,0.00,0.00,0.00,0.00,0.00,0.00,0.00,1194723437.29,1282806765.36,0.00,0.00,1039043714.84,0.00,0.00,0.00,1.0000,1.0000,0,0,0,0,0,0,0,0
18446744070095.30,0.00,0.00,0.00,0.00,0.00,0.00,0.00,0.00,1194723437.29,1282806765.36,0.00,0.00,1039043714.84,0.00,0.00,0.00,1.0000,1.0000,0,0,0,0,0,0,0,0
18446744070097.30,0.00,0.00,0.00,0.00,0.00,0.00,0.00,0.00,1194723437.29,1282806765.36,0.00,0.00,1039043714.84,0.00,0.00,0.00,1.0000,1.0000,0,0,0,0,0,0,0,0
18446744070099.30,0.00,0.00,0.00,0.00,0.00,0.00,0.00,0.00,1194723437.29,1282806765.36,0.00,0.00,1039043714.84,0.00,0.00,0.00,1.0000,1.0000,0,0,0,0,0,0,0,0
18446744070101.30,0.00,0.00,0.00,0.00,0.00,0.00,0.00,0.00,1194723437.29,1282806765.36,0.00,0.00,1039043714.84,0.00,0.00,0.00,1.0000,1.0000,0,0,0,0,0,0,0,0
18446744070103.30,0.00,0.00,0.00,0.00,0.00,0.00,0.00,0.00,1194723437.29,1282806765.36,0.00,0.00,1039043714.84,0.00,0.00,0.00,1.0000,1.0000,0,0,0,0,0,0,0,0
18446744070105.30,0.00,0.00,0.00,0.00,0.00,0.00,0.00,0.00,1194723437.29,1282806765.36,0.00,0.00,1039043714.84,0.00,0.00,0.00,1.0000,1.0000,0,0,0,0,0,0,0,0
18446744070107.30,0.00,0.00,0.00,0.00,0.00,0.00,0.00,0.00,1194723437.29,1282806765.36,0.00,0.00,1039043714.84,0.00,0.00,0.00,1.0000,1.0000,0,0,0,0,0,0,0,0
18446744070109.30,0.00,0.00,0.00,0.00,0.00,0.00,0.00,0.00,1194723437.29,1282806765.36,0.00,0.00,1039043714.84,0.00,0.00,0.00,1.0000,1.0000,0,0,0,0,0,0,0,0
18446744070111.30,0.00,0.00,0.00,0.00,0.00,0.00,0.00,0.00,1194723437.29,1282806765.36,0.00,0.00,1039043714.84,0.00,0.00,0.00,1.0000,1.0000,0,0,0,0,0,0,0,0
18446744070113.30,0.00,0.00,0.00,0.00,0.00,0.00,0.00,0.00,1194723437.29,1282806765.36,0.00,0.00,1039043714.84,0.00,0.00,0.00,1.0000,1.0000,0,0,0,0,0,0,0,0
18446744070115.30,0.00,0.00,0.00,0.00,0.00,0.00,0.00,0.00,1194723437.29,1282806765.36,0.00,0.00,1039043714.84,0.00,0.00,0.00,1.0000,1.0000,0,0,0,0,0,0,0,0
18446744070117.30,0.00,0.00,0.00,0.00,0.00,0.00,0.00,0.00,1194723437.29,1282806765.36,0.00,0.00,1039043714.84,0.00,0.00,0.00,1.0000,1.0000,0,0,0,0,0,0,0,0
18446744070119.30,0.00,0.00,0.00,0.00,0.00,0.00,0.00,0.00,1194723437.29,1282806765.36,0.00,0.00,1039043714.84,0.00,0.00,0.00,1.0000,1.0000,0,0,0,0,0,0,0,0
18446744070121.30,0.00,0.00,0.00,0.00,0.00,0.00,0.00,0.00,1194723437.29,1282806765.36,0.00,0.00,1039043714.84,0.00,0.00,0.00,1.0000,1.0000,0,0,0,0,0,0,0,0
18446744070123.30,0.00,0.00,0.00,0.00,0.00,0.00,0.00,0.00,1194723437.29,1282806765.36,0.00,0.00,1039043714.84,0.00,0.00,0.00,1.0000,1.0000,0,0,0,0,0,0,0,0
18446744070125.30,0.00,0.00,0.00,0.00,0.00,0.00,0.00,0.00,1194723437.29,1282806765.36,0.00,0.00,1039043714.84,0.00,0.00,0.00,1.0000,1.0000,0,0,0,0,0,0,0,0
18446744070127.30,0.00,0.00,0.00,0.00,0.00,0.00,0.00,0.00,1194723437.29,1282806765.36,0.00,0.00,1039043714.84,0.00,0.00,0.00,1.0000,1.0000,0,0,0,0,0,0,0,0
18446744070129.30,0.00,0.00,0.00,0.00,0.00,0.00,0.00,0.00,1194723437.29,1282806765.36,0.00,0.00,1039043714.84,0.00,0.00,0.00,1.0000,1.0000,0,0,0,0,0,0,0,0
18446744070131.30,0.00,0.00,0.00,0.00,0.00,0.00,0.00,0.00,1194723437.29,1282806765.36,0.00,0.00,1039043714.84,0.00,0.00,0.00,1.0000,1.0000,0,0,0,0,0,0,0,0
18446744070133.30,0.00,0.00,0.00,0.00,0.00,0.00,0.00,0.00,1194723437.29,1282806765.36,0.00,0.00,1039043714.84,0.00,0.00,0.00,1.0000,1.0000,0,0,0,0,0,0,0,0
18446744070135.30,0.00,0.00,0.00,0.00,0.00,0.00,0.00,0.00,1194723437.29,1282806765.36,0.00,0.00,1039043714.84,0.00,0.00,0.00,1.0000,1.0000,0,0,0,0,0,0,0,0
18446744070137.30,0.00,0.00,0.00,0.00,0.00,0.00,0.00,0.00,1194723437.29,1282806765.36,0.00,0.00,1039043714.84,0.00,0.00,0.00,1.0000,1.0000,0,0,0,0,0,0,0,0
18446744070139.30,0.00,0.00,0.00,0.00,0.00,0.00,0.00,0.00,1194723437.29,1282806765.36,0.00,0.00,1039043714.84,0.00,0.00,0.00,1.0000,1.0000,0,0,0,0,0,0,0,0
18446744070141.30,0.00,0.00,0.00,0.00,0.00,0.00,0.00,0.00,1194723437.29,1282806765.36,0.00,0.00,1039043714.84,0.00,0.00,0.00,1.0000,1.0000,0,0,0,0,0,0,0,0
18446744070143.30,0.00,0.00,0.00,0.00,0.00,0.00,0.00,0.00,1194723437.29,1282806765.36,0.00,0.00,1039043714.84,0.00,0.00,0.00,1.0000,1.0000,0,0,0,0,0,0,0,0
18446744070145.30,0.00,0.00,0.00,0.00,0.00,0.00,0.00,0.00,1194723437.29,1282806765.36,0.00,0.00,1039043714.84,0.00,0.00,0.00,1.0000,1.0000,0,0,0,0,0,0,0,0
18446744070147.30,0.00,0.00,0.00,0.00,0.00,0.00,0.00,0.00,1194723437.29,1282806765.36,0.00,0.00,1039043714.84,0.00,0.00,0.00,1.0000,1.0000,0,0,0,0,0,0,0,0
18446744070149.30,0.00,0.00,0.00,0.00,0.00,0.00,0.00,0.00,1194723437.29,1282806765.36,0.00,0.00,1039043714.84,0.00,0.00,0.00,1.0000,1.0000,0,0,0,0,0,0,0,0
18446744070151.30,0.00,0.00,0.00,0.00,0.00,0.00,0.00,0.00,1194723437.29,1282806765.36,0.00,0.00,1039043714.84,0.00,0.00,0.00,1.0000,1.0000,0,0,0,0,0,0,0,0
18446744070153.30,0.00,0.00,0.00,0.00,0.00,0.00,0.00,0.00,1194723437.29,1282806765.36,0.00,0.00,1039043714.84,0.00,0.00,0.00,1.0000,1.0000,0,0,0,0,0,0,0,0
18446744070155.30,0.00,0.00,0.00,0.00,0.00,0.00,0.00,0.00,1194723437.29,1282806765.36,0.00,0.00,1039043714.84,0.00,0.00,0.00,1.0000,1.0000,0,0,0,0,0,0,0,0
18446744070157.30,0.00,0.00,0.00,0.00,0.00,0.00,0.00,0.00,1194723437.29,1282806765.36,0.00,0.00,1039043714.84,0.00,0.00,0.00,1.0000,1.0000,0,0,0,0,0,0,0,0
18446744070159.30,0.00,0.00,0.00,0.00,0.00,0.00,0.00,0.00,1194723437.29,1282806765.36,0.00,0.00,1039043714.84,0.00,0.00,0.00,1.0000,1.0000,0,0,0,0,0,0,0,0
18446744070161.30,0.00,0.00,0.00,0.00,0.00,0.00,0.00,0.00,1194723437.29,1282806765.36,0.00,0.00,1039043714.84,0.00,0.00,0.00,1.0000,1.0000,0,0,0,0,0,0,0,0
18446744070163.30,0.00,0.00,0.00,0.00,0.00,0.00,0.00,0.00,1194723437.29,1282806765.36,0.00,0.00,1039043714.84,0.00,0.00,0.00,1.0000,1.0000,0,0,0,0,0,0,0,0
18446744070165.30,0.00,0.00,0.00,0.00,0.00,0.00,0.00,0.00,1194723437.29,1282806765.36,0.00,0.00,1039043714.84,0.00,0.00,0.00,1.0000,1.0000,0,0,0,0,0,0,0,0
18446744070167.30,0.00,0.00,0.00,0.00,0.00,0.00,0.00,0.00,1194723437.29,1282806765.36,0.00,0.00,1039043714.84,0.00,0.00,0.00,1.0000,1.0000,0,0,0,0,0,0,0,0
18446744070169.30,0.00,0.00,0.00,0.00,0.00,0.00,0.00,0.00,1194723437.29,1282806765.36,0.00,0.00,1039043714.84,0.00,0.00,0.00,1.0000,1.0000,0,0,0,0,0,0,0,0
18446744070171.30,0.00,0.00,0.00,0.00,0.00,0.00,0.00,0.00,1194723437.29,1282806765.36,0.00,0.00,1039043714.84,0.00,0.00,0.00,1.0000,1.0000,0,0,0,0,0,0,0,0
18446744070173.30,0.00,0.00,0.00,0.00,0.00,0.00,0.00,0.00,1194723437.29,1282806765.36,0.00,0.00,1039043714.84,0.00,0.00,0.00,1.0000,1.0000,0,0,0,0,0,0,0,0
18446744070175.30,0.00,0.00,0.00,0.00,0.00,0.00,0.00,0.00,1194723437.29,1282806765.36,0.00,0.00,1039043714.84,0.00,0.00,0.00,1.0000,1.0000,0,0,0,0,0,0,0,0
18446744070177.30,0.00,0.00,0.00,0.00,0.00,0.00,0.00,0.00,1194723437.29,1282806765.36,0.00,0.00,1039043714.84,0.00,0.00,0.00,1.0000,1.0000,0,0,0,0,0,0,0,0
18446744070179.30,0.00,0.00,0.00,0.00,0.00,0.00,0.00,0.00,1194723437.29,1282806765.36,0.00,0.00,1039043714.84,0.00,0.00,0.00,1.0000,1.0000,0,0,0,0,0,0,0,0
18446744070181.30,0.00,0.00,0.00,0.00,0.00,0.00,0.00,0.00,1194723437.29,1282806765.36,0.00,0.00,1039043714.84,0.00,0.00,0.00,1.0000,1.0000,0,0,0,0,0,0,0,0
18446744070183.30,0.00,0.00,0.00,0.00,0.00,0.00,0.00,0.00,1194723437.29,1282806765.36,0.00,0.00,1039043714.84,0.00,0.00,0.00,1.0000,1.0000,0,0,0,0,0,0,0,0
18446744070185.30,0.00,0.00,0.00,0.00,0.00,0.00,0.00,0.00,1194723437.29,1282806765.36,0.00,0.00,1039043714.84,0.00,0.00,0.00,1.0000,1.0000,0,0,0,0,0,0,0,0
18446744070187.30,0.00,0.00,0.00,0.00,0.00,0.00,0.00,0.00,1194723437.29,1282806765.36,0.00,0.00,1039043714.84,0.00,0.00,0.00,1.0000,1.0000,0,0,0,0,0,0,0,0
18446744070189.30,0.00,0.00,0.00,0.00,0.00,0.00,0.00,0.00,1194723437.29,1282806765.36,0.00,0.00,1039043714.84,0.00,0.00,0.00,1.0000,1.0000,0,0,0,0,0,0,0,0
18446744070191.30,0.00,0.00,0.00,0.00,0.00,0.00,0.00,0.00,1194723437.29,1282806765.36,0.00,0.00,1039043714.84,0.00,0.00,0.00,1.0000,1.0000,0,0,0,0,0,0,0,0
18446744070193.30,0.00,0.00,0.00,0.00,0.00,0.00,0.00,0.00,1194723437.29,1282806765.36,0.00,0.00,1039043714.84,0.00,0.00,0.00,1.0000,1.0000,0,0,0,0,0,0,0,0
18446744070195.30,0.00,0.00,0.00,0.00,0.00,0.00,0.00,0.00,1194723437.29,1282806765.36,0.00,0.00,1039043714.84,0.00,0.00,0.00,1.0000,1.0000,0,0,0,0,0,0,0,0
18446744070197.30,0.00,0.00,0.00,0.00,0.00,0.00,0.00,0.00,1194723437.29,1282806765.36,0.00,0.00,1039043714.84,0.00,0.00,0.00,1.0000,1.0000,0,0,0,0,0,0,0,0
18446744070199.30,0.00,0.00,0.00,0.00,0.00,0.00,0.00,0.00,1194723437.29,1282806765.36,0.00,0.00,1039043714.84,0.00,0.00,0.00,1.0000,1.0000,0,0,0,0,0,0,0,0
18446744070201.30,0.00,0.00,0.00,0.00,0.00,0.00,0.00,0.00,1194723437.29,1282806765.36,0.00,0.00,1039043714.84,0.00,0.00,0.00,1.0000,1.0000,0,0,0,0,0,0,0,0
18446744070203.30,0.00,0.00,0.00,0.00,0.00,0.00,0.00,0.00,1194723437.29,1282806765.36,0.00,0.00,1039043714.84,0.00,0.00,0.00,1.0000,1.0000,0,0,0,0,0,0,0,0
18446744070205.30,0.00,0.00,0.00,0.00,0.00,0.00,0.00,0.00,1194723437.29,1282806765.36,0.00,0.00,1039043714.84,0.00,0.00,0.00,1.0000,1.0000,0,0,0,0,0,0,0,0
18446744070207.30,0.00,0.00,0.00,0.00,0.00,0.00,0.00,0.00,1194723437.29,1282806765.36,0.00,0.00,1039043714.84,0.00,0.00,0.00,1.0000,1.0000,0,0,0,0,0,0,0,0
18446744070209.30,0.00,0.00,0.00,0.00,0.00,0.00,0.00,0.00,1194723437.29,1282806765.36,0.00,0.00,1039043714.84,0.00,0.00,0.00,1.0000,1.0000,0,0,0,0,0,0,0,0
18446744070211.30,0.00,0.00,0.00,0.00,0.00,0.00,0.00,0.00,1194723437.29,1282806765.36,0.00,0.00,1039043714.84,0.00,0.00,0.00,1.0000,1.0000,0,0,0,0,0,0,0,0
18446744070213.30,0.00,0.00,0.00,0.00,0.00,0.00,0.00,0.00,1194723437.29,1282806765.36,0.00,0.00,1039043714.84,0.00,0.00,0.00,1.0000,1.0000,0,0,0,0,0,0,0,0
18446744070215.30,0.00,0.00,0.00,0.00,0.00,0.00,0.00,0.00,1194723437.29,1282806765.36,0.00,0.00,1039043714.84,0.00,0.00,0.00,1.0000,1.0000,0,0,0,0,0,0,0,0
18446744070217.30,0.00,0.00,0.00,0.00,0.00,0.00,0.00,0.00,1194723437.29,1282806765.36,0.00,0.00,1039043714.84,0.00,0.00,0.00,1.0000,1.0000,0,0,0,0,0,0,0,0
18446744070219.30,0.00,0.00,0.00,0.00,0.00,0.00,0.00,0.00,1194723437.29,1282806765.36,0.00,0.00,1039043714.84,0.00,0.00,0.00,1.0000,1.0000,0,0,0,0,0,0,0,0
18446744070221.30,0.00,0.00,0.00,0.00,0.00,0.00,0.00,0.00,1194723437.29,1282806765.36,0.00,0.00,1039043714.84,0.00,0.00,0.00,1.0000,1.0000,0,0,0,0,0,0,0,0
18446744070223.30,0.00,0.00,0.00,0.00,0.00,0.00,0.00,0.00,1194723437.29,1282806765.36,0.00,0.00,1039043714.84,0.00,0.00,0.00,1.0000,1.0000,0,0,0,0,0,0,0,0
18446744070225.30,0.00,0.00,0.00,0.00,0.00,0.00,0.00,0.00,1194723437.29,1282806765.36,0.00,0.00,1039043714.84,0.00,0.00,0.00,1.0000,1.0000,0,0,0,0,0,0,0,0
18446744070227.30,0.00,0.00,0.00,0.00,0.00,0.00,0.00,0.00,1194723437.29,1282806765.36,0.00,0.00,1039043714.84,0.00,0.00,0.00,1.0000,1.0000,0,0,0,0,0,0,0,0
18446744070229.30,0.00,0.00,0.00,0.00,0.00,0.00,0.00,0.00,1194723437.29,1282806765.36,0.00,0.00,1039043714.84,0.00,0.00,0.00,1.0000,1.0000,0,0,0,0,0,0,0,0
18446744070231.30,0.00,0.00,0.00,0.00,0.00,0.00,0.00,0.00,1194723437.29,1282806765.36,0.00,0.00,1039043714.84,0.00,0.00,0.00,1.0000,1.0000,0,0,0,0,0,0,0,0
18446744070233.30,0.00,0.00,0.00,0.00,0.00,0.00,0.00,0.00,1194723437.29,1282806765.36,0.00,0.00,1039043714.84,0.00,0.00,0.00,1.0000,1.0000,0,0,0,0,0,0,0,0
18446744070235.30,0.00,0.00,0.00,0.00,0.00,0.00,0.00,0.00,1194723437.29,1282806765.36,0.00,0.00,1039043714.84,0.00,0.00,0.00,1.0000,1.0000,0,0,0,0,0,0,0,0
18446744070237.30,0.00,0.00,0.00,0.00,0.00,0.00,0.00,0.00,1194723437.29,1282806765.36,0.00,0.00,1039043714.84,0.00,0.00,0.00,1.0000,1.0000,0,0,0,0,0,0,0,0
18446744070239.30,0.00,0.00,0.00,0.00,0.00,0.00,0.00,0.00,1194723437.29,1282806765.36,0.00,0.00,1039043714.84,0.00,0.00,0.00,1.0000,1.0000,0,0,0,0,0,0,0,0
18446744070241.30,0.00,0.00,0.00,0.00,0.00,0.00,0.00,0.00,1194723437.29,1282806765.36,0.00,0.00,1039043714.84,0.00,0.00,0.00,1.0000,1.0000,0,0,0,0,0,0,0,0
18446744070243.30,0.00,0.00,0.00,0.00,0.00,0.00,0.00,0.00,1194723437.29,1282806765.36,0.00,0.00,1039043714.84,0.00,0.00,0.00,1.0000,1.0000,0,0,0,0,0,0,0,0
18446744070245.30,0.00,0.00,0.00,0.00,0.00,0.00,0.00,0.00,1194723437.29,1282806765.36,0.00,0.00,1039043714.84,0.00,0.00,0.00,1.0000,1.0000,0,0,0,0,0,0,0,0
18446744070247.30,0.00,0.00,0.00,0.00,0.00,0.00,0.00,0.00,1194723437.29,1282806765.36,0.00,0.00,1039043714.84,0.00,0.00,0.00,1.0000,1.0000,0,0,0,0,0,0,0,0
18446744070249.30,0.00,0.00,0.00,0.00,0.00,0.00,0.00,0.00,1194723437.29,1282806765.36,0.00,0.00,1039043714.84,0.00,0.00,0.00,1.0000,1.0000,0,0,0,0,0,0,0,0
18446744070251.30,0.00,0.00,0.00,0.00,0.00,0.00,0.00,0.00,1194723437.29,1282806765.36,0.00,0.00,1039043714.84,0.00,0.00,0.00,1.0000,1.0000,0,0,0,0,0,0,0,0
18446744070253.30,0.00,0.00,0.00,0.00,0.00,0.00,0.00,0.00,1194723437.29,1282806765.36,0.00,0.00,1039043714.84,0.00,0.00,0.00,1.0000,1.0000,0,0,0,0,0,0,0,0
18446744070255.30,0.00,0.00,0.00,0.00,0.00,0.00,0.00,0.00,1194723437.29,1282806765.36,0.00,0.00,1039043714.84,0.00,0.00,0.00,1.0000,1.0000,0,0,0,0,0,0,0,0
18446744070257.30,0.00,0.00,0.00,0.00,0.00,0.00,0.00,0.00,1194723437.29,1282806765.36,0.00,0.00,1039043714.84,0.00,0.00,0.00,1.0000,1.0000,0,0,0,0,0,0,0,0
18446744070259.30,0.00,0.00,0.00,0.00,0.00,0.00,0.00,0.00,1194723437.29,1282806765.36,0.00,0.00,1039043714.84,0.00,0.00,0.00,1.0000,1.0000,0,0,0,0,0,0,0,0
18446744070261.30,0.00,0.00,0.00,0.00,0.00,0.00,0.00,0.00,1194723437.29,1282806765.36,0.00,0.00,1039043714.84,0.00,0.00,0.00,1.0000,1.0000,0,0,0,0,0,0,0,0
18446744070263.30,0.00,0.00,0.00,0.00,0.00,0.00,0.00,0.00,1194723437.29,1282806765.36,0.00,0.00,1039043714.84,0.00,0.00,0.00,1.0000,1.0000,0,0,0,0,0,0,0,0
18446744070265.30,0.00,0.00,0.00,0.00,0.00,0.00,0.00,0.00,1194723437.29,1282806765.36,0.00,0.00,1039043714.84,0.00,0.00,0.00,1.0000,1.0000,0,0,0,0,0,0,0,0
18446744070267.30,0.00,0.00,0.00,0.00,0.00,0.00,0.00,0.00,1194723437.29,1282806765.36,0.00,0.00,1039043714.84,0.00,0.00,0.00,1.0000,1.0000,0,0,0,0,0,0,0,0
18446744070269.30,0.00,0.00,0.00,0.00,0.00,0.00,0.00,0.00,1194723437.29,1282806765.36,0.00,0.00,1039043714.84,0.00,0.00,0.00,1.0000,1.0000,0,0,0,0,0,0,0,0
18446744070271.30,0.00,0.00,0.00,0.00,0.00,0.00,0.00,0.00,1194723437.29,1282806765.36,0.00,0.00,1039043714.84,0.00,0.00,0.00,1.0000,1.0000,0,0,0,0,0,0,0,0
18446744070273.30,0.00,0.00,0.00,0.00,0.00,0.00,0.00,0.00,1194723437.29,1282806765.36,0.00,0.00,1039043714.84,0.00,0.00,0.00,1.0000,1.0000,0,0,0,0,0,0,0,0
18446744070275.30,0.00,0.00,0.00,0.00,0.00,0.00,0.00,0.00,1194723437.29,1282806765.36,0.00,0.00,1039043714.84,0.00,0.00,0.00,1.0000,1.0000,0,0,0,0,0,0,0,0
18446744070277.30,0.00,0.00,0.00,0.00,0.00,0.00,0.00,0.00,1194723437.29,1282806765.36,0.00,0.00,1039043714.84,0.00,0.00,0.00,1.0000,1.0000,0,0,0,0,0,0,0,0
18446744070279.30,0.00,0.00,0.00,0.00,0.00,0.00,0.00,0.00,1194723437.29,1282806765.36,0.00,0.00,1039043714.84,0.00,0.00,0.00,1.0000,1.0000,0,0,0,0,0,0,0,0
18446744070281.30,0.00,0.00,0.00,0.00,0.00,0.00,0.00,0.00,1194723437.29,1282806765.36,0.00,0.00,1039043714.84,0.00,0.00,0.00,1.0000,1.0000,0,0,0,0,0,0,0,0
18446744070283.30,0.00,0.00,0.00,0.00,0.00,0.00,0.00,0.00,1194723437.29,1282806765.36,0.00,0.00,1039043714.84,0.00,0.00,0.00,1.0000,1.0000,0,0,0,0,0,0,0,0
18446744070285.30,0.00,0.00,0.00,0.00,0.00,0.00,0.00,0.00,1194723437.29,1282806765.36,0.00,0.00,1039043714.84,0.00,0.00,0.00,1.0000,1.0000,0,0,0,0,0,0,0,0
18446744070287.30,0.00,0.00,0.00,0.00,0.00,0.00,0.00,0.00,1194723437.29,1282806765.36,0.00,0.00,1039043714.84,0.00,0.00,0.00,1.0000,1.0000,0,0,0,0,0,0,0,0
18446744070289.30,0.00,0.00,0.00,0.00,0.00,0.00,0.00,0.00,1194723437.29,1282806765.36,0.00,0.00,1039043714.84,0.00,0.00,0.00,1.0000,1.0000,0,0,0,0,0,0,0,0
18446744070291.30,0.00,0.00,0.00,0.00,0.00,0.00,0.00,0.00,1194723437.29,1282806765.36,0.00,0.00,1039043714.84,0.00,0.00,0.00,1.0000,1.0000,0,0,0,0,0,0,0,0
18446744070293.30,0.00,0.00,0.00,0.00,0.00,0.00,0.00,0.00,1194723437.29,1282806765.36,0.00,0.00,1039043714.84,0.00,0.00,0.00,1.0000,1.0000,0,0,0,0,0,0,0,0
18446744070295.30,0.00,0.00,0.00,0.00,0.00,0.00,0.00,0.00,1194723437.29,1282806765.36,0.00,0.00,1039043714.84,0.00,0.00,0.00,1.0000,1.0000,0,0,0,0,0,0,0,0
18446744070297.30,0.00,0.00,0.00,0.00,0.00,0.00,0.00,0.00,1194723437.29,1282806765.36,0.00,0.00,1039043714.84,0.00,0.00,0.00,1.0000,1.0000,0,0,0,0,0,0,0,0
18446744070299.30,0.00,0.00,0.00,0.00,0.00,0.00,0.00,0.00,1194723437.29,1282806765.36,0.00,0.00,1039043714.84,0.00,0.00,0.00,1.0000,1.0000,0,0,0,0,0,0,0,0
18446744070301.30,0.00,0.00,0.00,0.00,0.00,0.00,0.00,0.00,1194723437.29,1282806765.36,0.00,0.00,1039043714.84,0.00,0.00,0.00,1.0000,1.0000,0,0,0,0,0,0,0,0
18446744070303.30,0.00,0.00,0.00,0.00,0.00,0.00,0.00,0.00,1194723437.29,1282806765.36,0.00,0.00,1039043714.84,0.00,0.00,0.00,1.0000,1.0000,0,0,0,0,0,0,0,0
18446744070305.30,0.00,0.00,0.00,0.00,0.00,0.00,0.00,0.00,1194723437.29,1282806765.36,0.00,0.00,1039043714.84,0.00,0.00,0.00,1.0000,1.0000,0,0,0,0,0,0,0,0
18446744070307.30,0.00,0.00,0.00,0.00,0.00,0.00,0.00,0.00,1194723437.29,1282806765.36,0.00,0.00,1039043714.84,0.00,0.00,0.00,1.0000,1.0000,0,0,0,0,0,0,0,0
18446744070309.30,0.00,0.00,0.00,0.00,0.00,0.00,0.00,0.00,1194723437.29,1282806765.36,0.00,0.00,1039043714.84,0.00,0.00,0.00,1.0000,1.0000,0,0,0,0,0,0,0,0
18446744070311.30,0.00,0.00,0.00,0.00,0.00,0.00,0.00,0.00,1194723437.29,1282806765.36,0.00,0.00,1039043714.84,0.00,0.00,0.00,1.0000,1.0000,0,0,0,0,0,0,0,0
18446744070313.30,0.00,0.00,0.00,0.00,0.00,0.00,0.00,0.00,1194723437.29,1282806765.36,0.00,0.00,1039043714.84,0.00,0.00,0.00,1.0000,1.0000,0,0,0,0,0,0,0,0
18446744070315.30,0.00,0.00,0.00,0.00,0.00,0.00,0.00,0.00,1194723437.29,1282806765.36,0.00,0.00,1039043714.84,0.00,0.00,0.00,1.0000,1.0000,0,0,0,0,0,0,0,0
18446744070317.30,0.00,0.00,0.00,0.00,0.00,0.00,0.00,0.00,1194723437.29,1282806765.36,0.00,0.00,1039043714.84,0.00,0.00,0.00,1.0000,1.0000,0,0,0,0,0,0,0,0
18446744070319.30,0.00,0.00,0.00,0.00,0.00,0.00,0.00,0.00,1194723437.29,1282806765.36,0.00,0.00,1039043714.84,0.00,0.00,0.00,1.0000,1.0000,0,0,0,0,0,0,0,0
18446744070321.30,0.00,0.00,0.00,0.00,0.00,0.00,0.00,0.00,1194723437.29,1282806765.36,0.00,0.00,1039043714.84,0.00,0.00,0.00,1.0000,1.0000,0,0,0,0,0,0,0,0
18446744070323.30,0.00,0.00,0.00,0.00,0.00,0.00,0.00,0.00,1194723437.29,1282806765.36,0.00,0.00,1039043714.84,0.00,0.00,0.00,1.0000,1.0000,0,0,0,0,0,0,0,0
18446744070325.30,0.00,0.00,0.00,0.00,0.00,0.00,0.00,0.00,1194723437.29,1282806765.36,0.00,0.00,1039043714.84,0.00,0.00,0.00,1.0000,1.0000,0,0,0,0,0,0,0,0
18446744070327.30,0.00,0.00,0.00,0.00,0.00,0.00,0.00,0.00,1194723437.29,1282806765.36,0.00,0.00,1039043714.84,0.00,0.00,0.00,1.0000,1.0000,0,0,0,0,0,0,0,0
18446744070329.30,0.00,0.00,0.00,0.00,0.00,0.00,0.00,0.00,1194723437.29,1282806765.36,0.00,0.00,1039043714.84,0.00,0.00,0.00,1.0000,1.0000,0,0,0,0,0,0,0,0
18446744070331.30,0.00,0.00,0.00,0.00,0.00,0.00,0.00,0.00,1194723437.29,1282806765.36,0.00,0.00,1039043714.84,0.00,0.00,0.00,1.0000,1.0000,0,0,0,0,0,0,0,0
18446744070333.30,0.00,0.00,0.00,0.00,0.00,0.00,0.00,0.00,1194723437.29,1282806765.36,0.00,0.00,1039043714.84,0.00,0.00,0.00,1.0000,1.0000,0,0,0,0,0,0,0,0
18446744070335.30,0.00,0.00,0.00,0.00,0.00,0.00,0.00,0.00,1194723437.29,1282806765.36,0.00,0.00,1039043714.84,0.00,0.00,0.00,1.0000,1.0000,0,0,0,0,0,0,0,0
18446744070337.30,0.00,0.00,0.00,0.00,0.00,0.00,0.00,0.00,1194723437.29,1282806765.36,0.00,0.00,1039043714.84,0.00,0.00,0.00,1.0000,1.0000,0,0,0,0,0,0,0,0
18446744070339.30,0.00,0.00,0.00,0.00,0.00,0.00,0.00,0.00,1194723437.29,1282806765.36,0.00,0.00,1039043714.84,0.00,0.00,0.00,1.0000,1.0000,0,0,0,0,0,0,0,0
18446744070341.30,0.00,0.00,0.00,0.00,0.00,0.00,0.00,0.00,1194723437.29,1282806765.36,0.00,0.00,1039043714.84,0.00,0.00,0.00,1.0000,1.0000,0,0,0,0,0,0,0,0
18446744070343.30,0.00,0.00,0.00,0.00,0.00,0.00,0.00,0.00,1194723437.29,1282806765.36,0.00,0.00,1039043714.84,0.00,0.00,0.00,1.0000,1.0000,0,0,0,0,0,0,0,0
18446744070345.30,0.00,0.00,0.00,0.00,0.00,0.00,0.00,0.00,1194723437.29,1282806765.36,0.00,0.00,1039043714.84,0.00,0.00,0.00,1.0000,1.0000,0,0,0,0,0,0,0,0
18446744070347.30,0.00,0.00,0.00,0.00,0.00,0.00,0.00,0.00,1194723437.29,1282806765.36,0.00,0.00,1039043714.84,0.00,0.00,0.00,1.0000,1.0000,0,0,0,0,0,0,0,0
18446744070349.30,0.00,0.00,0.00,0.00,0.00,0.00,0.00,0.00,1194723437.29,1282806765.36,0.00,0.00,1039043714.84,0.00,0.00,0.00,1.0000,1.0000,0,0,0,0,0,0,0,0
18446744070351.30,0.00,0.00,0.00,0.00,0.00,0.00,0.00,0.00,1194723437.29,1282806765.36,0.00,0.00,1039043714.84,0.00,0.00,0.00,1.0000,1.0000,0,0,0,0,0,0,0,0
18446744070353.30,0.00,0.00,0.00,0.00,0.00,0.00,0.00,0.00,1194723437.29,1282806765.36,0.00,0.00,1039043714.84,0.00,0.00,0.00,1.0000,1.0000,0,0,0,0,0,0,0,0
18446744070355.30,0.00,0.00,0.00,0.00,0.00,0.00,0.00,0.00,1194723437.29,1282806765.36,0.00,0.00,1039043714.84,0.00,0.00,0.00,1.0000,1.0000,0,0,0,0,0,0,0,0
18446744070357.30,0.00,0.00,0.00,0.00,0.00,0.00,0.00,0.00,1194723437.29,1282806765.36,0.00,0.00,1039043714.84,0.00,0.00,0.00,1.0000,1.0000,0,0,0,0,0,0,0,0
18446744070359.30,0.00,0.00,0.00,0.00,0.00,0.00,0.00,0.00,1194723437.29,1282806765.36,0.00,0.00,1039043714.84,0.00,0.00,0.00,1.0000,1.0000,0,0,0,0,0,0,0,0
18446744070361.30,0.00,0.00,0.00,0.00,0.00,0.00,0.00,0.00,1194723437.29,1282806765.36,0.00,0.00,1039043714.84,0.00,0.00,0.00,1.0000,1.0000,0,0,0,0,0,0,0,0
18446744070363.30,0.00,0.00,0.00,0.00,0.00,0.00,0.00,0.00,1194723437.29,1282806765.36,0.00,0.00,1039043714.84,0.00,0.00,0.00,1.0000,1.0000,0,0,0,0,0,0,0,0
18446744070365.30,0.00,0.00,0.00,0.00,0.00,0.00,0.00,0.00,1194723437.29,1282806765.36,0.00,0.00,1039043714.84,0.00,0.00,0.00,1.0000,1.0000,0,0,0,0,0,0,0,0
18446744070367.30,0.00,0.00,0.00,0.00,0.00,0.00,0.00,0.00,1194723437.29,1282806765.36,0.00,0.00,1039043714.84,0.00,0.00,0.00,1.0000,1.0000,0,0,0,0,0,0,0,0
18446744070369.30,0.00,0.00,0.00,0.00,0.00,0.00,0.00,0.00,1194723437.29,1282806765.36,0.00,0.00,1039043714.84,0.00,0.00,0.00,1.0000,1.0000,0,0,0,0,0,0,0,0
18446744070371.30,0.00,0.00,0.00,0.00,0.00,0.00,0.00,0.00,1194723437.29,1282806765.36,0.00,0.00,1039043714.84,0.00,0.00,0.00,1.0000,1.0000,0,0,0,0,0,0,0,0
18446744070373.30,0.00,0.00,0.00,0.00,0.00,0.00,0.00,0.00,1194723437.29,1282806765.36,0.00,0.00,1039043714.84,0.00,0.00,0.00,1.0000,1.0000,0,0,0,0,0,0,0,0
18446744070375.30,0.00,0.00,0.00,0.00,0.00,0.00,0.00,0.00,1194723437.29,1282806765.36,0.00,0.00,1039043714.84,0.00,0.00,0.00,1.0000,1.0000,0,0,0,0,0,0,0,0
18446744070377.30,0.00,0.00,0.00,0.00,0.00,0.00,0.00,0.00,1194723437.29,1282806765.36,0.00,0.00,1039043714.84,0.00,0.00,0.00,1.0000,1.0000,0,0,0,0,0,0,0,0
18446744070379.30,0.00,0.00,0.00,0.00,0.00,0.00,0.00,0.00,1194723437.29,1282806765.36,0.00,0.00,1039043714.84,0.00,0.00,0.00,1.0000,1.0000,0,0,0,0,0,0,0,0
18446744070381.30,0.00,0.00,0.00,0.00,0.00,0.00,0.00,0.00,1194723437.29,1282806765.36,0.00,0.00,1039043714.84,0.00,0.00,0.00,1.0000,1.0000,0,0,0,0,0,0,0,0
18446744070383.30,0.00,0.00,0.00,0.00,0.00,0.00,0.00,0.00,1194723437.29,1282806765.36,0.00,0.00,1039043714.84,0.00,0.00,0.00,1.0000,1.0000,0,0,0,0,0,0,0,0
18446744070385.30,0.00,0.00,0.00,0.00,0.00,0.00,0.00,0.00,1194723437.29,1282806765.36,0.00,0.00,1039043714.84,0.00,0.00,0.00,1.0000,1.0000,0,0,0,0,0,0,0,0
18446744070387.30,0.00,0.00,0.00,0.00,0.00,0.00,0.00,0.00,1194723437.29,1282806765.36,0.00,0.00,1039043714.84,0.00,0.00,0.00,1.0000,1.0000,0,0,0,0,0,0,0,0
18446744070389.30,0.00,0.00,0.00,0.00,0.00,0.00,0.00,0.00,1194723437.29,1282806765.36,0.00,0.00,1039043714.84,0.00,0.00,0.00,1.0000,1.0000,0,0,0,0,0,0,0,0
18446744070391.30,0.00,0.00,0.00,0.00,0.00,0.00,0.00,0.00,1194723437.29,1282806765.36,0.00,0.00,1039043714.84,0.00,0.00,0.00,1.0000,1.0000,0,0,0,0,0,0,0,0
18446744070393.30,0.00,0.00,0.00,0.00,0.00,0.00,0.00,0.00,1194723437.29,1282806765.36,0.00,0.00,1039043714.84,0.00,0.00,0.00,1.0000,1.0000,0,0,0,0,0,0,0,0
18446744070395.30,0.00,0.00,0.00,0.00,0.00,0.00,0.00,0.00,1194723437.29,1282806765.36,0.00,0.00,1039043714.84,0.00,0.00,0.00,1.0000,1.0000,0,0,0,0,0,0,0,0
18446744070397.30,0.00,0.00,0.00,0.00,0.00,0.00,0.00,0.00,1194723437.29,1282806765.36,0.00,0.00,1039043714.84,0.00,0.00,0.00,1.0000,1.0000,0,0,0,0,0,0,0,0
18446744070399.30,0.00,0.00,0.00,0.00,0.00,0.00,0.00,0.00,1194723437.29,1282806765.36,0.00,0.00,1039043714.84,0.00,0.00,0.00,1.0000,1.0000,0,0,0,0,0,0,0,0
18446744070401.30,0.00,0.00,0.00,0.00,0.00,0.00,0.00,0.00,1194723437.29,1282806765.36,0.00,0.00,1039043714.84,0.00,0.00,0.00,1.0000,1.0000,0,0,0,0,0,0,0,0
18446744070403.30,0.00,0.00,0.00,0.00,0.00,0.00,0.00,0.00,1194723437.29,1282806765.36,0.00,0.00,1039043714.84,0.00,0.00,0.00,1.0000,1.0000,0,0,0,0,0,0,0,0
18446744070405.30,0.00,0.00,0.00,0.00,0.00,0.00,0.00,0.00,1194723437.29,1282806765.36,0.00,0.00,1039043714.84,0.00,0.00,0.00,1.0000,1.0000,0,0,0,0,0,0,0,0
18446744070407.30,0.00,0.00,0.00,0.00,0.00,0.00,0.00,0.00,1194723437.29,1282806765.36,0.00,0.00,1039043714.84,0.00,0.00,0.00,1.0000,1.0000,0,0,0,0,0,0,0,0
18446744070409.30,0.00,0.00,0.00,0.00,0.00,0.00,0.00,0.00,1194723437.29,1282806765.36,0.00,0.00,1039043714.84,0.00,0.00,0.00,1.0000,1.0000,0,0,0,0,0,0,0,0
18446744070411.30,0.00,0.00,0.00,0.00,0.00,0.00,0.00,0.00,1194723437.29,1282806765.36,0.00,0.00,1039043714.84,0.00,0.00,0.00,1.0000,1.0000,0,0,0,0,0,0,0,0
18446744070413.30,0.00,0.00,0.00,0.00,0.00,0.00,0.00,0.00,1194723437.29,1282806765.36,0.00,0.00,1039043714.84,0.00,0.00,0.00,1.0000,1.0000,0,0,0,0,0,0,0,0
18446744070415.30,0.00,0.00,0.00,0.00,0.00,0.00,0.00,0.00,1194723437.29,1282806765.36,0.00,0.00,1039043714.84,0.00,0.00,0.00,1.0000,1.0000,0,0,0,0,0,0,0,0
18446744070417.30,0.00,0.00,0.00,0.00,0.00,0.00,0.00,0.00,1194723437.29,1282806765.36,0.00,0.00,1039043714.84,0.00,0.00,0.00,1.0000,1.0000,0,0,0,0,0,0,0,0
18446744070419.30,0.00,0.00,0.00,0.00,0.00,0.00,0.00,0.00,1194723437.29,1282806765.36,0.00,0.00,1039043714.84,0.00,0.00,0.00,1.0000,1.0000,0,0,0,0,0,0,0,0
18446744070421.30,0.00,0.00,0.00,0.00,0.00,0.00,0.00,0.00,1194723437.29,1282806765.36,0.00,0.00,1039043714.84,0.00,0.00,0.00,1.0000,1.0000,0,0,0,0,0,0,0,0
18446744070423.30,0.00,0.00,0.00,0.00,0.00,0.00,0.00,0.00,1194723437.29,1282806765.36,0.00,0.00,1039043714.84,0.00,0.00,0.00,1.0000,1.0000,0,0,0,0,0,0,0,0
18446744070425.30,0.00,0.00,0.00,0.00,0.00,0.00,0.00,0.00,1194723437.29,1282806765.36,0.00,0.00,1039043714.84,0.00,0.00,0.00,1.0000,1.0000,0,0,0,0,0,0,0,0
18446744070427.30,0.00,0.00,0.00,0.00,0.00,0.00,0.00,0.00,1194723437.29,1282806765.36,0.00,0.00,1039043714.84,0.00,0.00,0.00,1.0000,1.0000,0,0,0,0,0,0,0,0
18446744070429.30,0.00,0.00,0.00,0.00,0.00,0.00,0.00,0.00,1194723437.29,1282806765.36,0.00,0.00,1039043714.84,0.00,0.00,0.00,1.0000,1.0000,0,0,0,0,0,0,0,0
18446744070431.30,0.00,0.00,0.00,0.00,0.00,0.00,0.00,0.00,1194723437.29,1282806765.36,0.00,0.00,1039043714.84,0.00,0.00,0.00,1.0000,1.0000,0,0,0,0,0,0,0,0
18446744070433.30,0.00,0.00,0.00,0.00,0.00,0.00,0.00,0.00,1194723437.29,1282806765.36,0.00,0.00,1039043714.84,0.00,0.00,0.00,1.0000,1.0000,0,0,0,0,0,0,0,0
18446744070435.30,0.00,0.00,0.00,0.00,0.00,0.00,0.00,0.00,1194723437.29,1282806765.36,0.00,0.00,1039043714.84,0.00,0.00,0.00,1.0000,1.0000,0,0,0,0,0,0,0,0
18446744070437.30,0.00,0.00,0.00,0.00,0.00,0.00,0.00,0.00,1194723437.29,1282806765.36,0.00,0.00,1039043714.84,0.00,0.00,0.00,1.0000,1.0000,0,0,0,0,0,0,0,0
18446744070439.30,0.00,0.00,0.00,0.00,0.00,0.00,0.00,0.00,1194723437.29,1282806765.36,0.00,0.00,1039043714.84,0.00,0.00,0.00,1.0000,1.0000,0,0,0,0,0,0,0,0
18446744070441.30,0.00,0.00,0.00,0.00,0.00,0.00,0.00,0.00,1194723437.29,1282806765.36,0.00,0.00,1039043714.84,0.00,0.00,0.00,1.0000,1.0000,0,0,0,0,0,0,0,0
18446744070443.30,0.00,0.00,0.00,0.00,0.00,0.00,0.00,0.00,1194723437.29,1282806765.36,0.00,0.00,1039043714.84,0.00,0.00,0.00,1.0000,1.0000,0,0,0,0,0,0,0,0
18446744070445.30,0.00,0.00,0.00,0.00,0.00,0.00,0.00,0.00,1194723437.29,1282806765.36,0.00,0.00,1039043714.84,0.00,0.00,0.00,1.0000,1.0000,0,0,0,0,0,0,0,0
18446744070447.30,0.00,0.00,0.00,0.00,0.00,0.00,0.00,0.00,1194723437.29,1282806765.36,0.00,0.00,1039043714.84,0.00,0.00,0.00,1.0000,1.0000,0,0,0,0,0,0,0,0
18446744070449.30,0.00,0.00,0.00,0.00,0.00,0.00,0.00,0.00,1194723437.29,1282806765.36,0.00,0.00,1039043714.84,0.00,0.00,0.00,1.0000,1.0000,0,0,0,0,0,0,0,0
18446744070451.30,0.00,0.00,0.00,0.00,0.00,0.00,0.00,0.00,1194723437.29,1282806765.36,0.00,0.00,1039043714.84,0.00,0.00,0.00,1.0000,1.0000,0,0,0,0,0,0,0,0
18446744070453.30,0.00,0.00,0.00,0.00,0.00,0.00,0.00,0.00,1194723437.29,1282806765.36,0.00,0.00,1039043714.84,0.00,0.00,0.00,1.0000,1.0000,0,0,0,0,0,0,0,0
18446744070455.30,0.00,0.00,0.00,0.00,0.00,0.00,0.00,0.00,1194723437.29,1282806765.36,0.00,0.00,1039043714.84,0.00,0.00,0.00,1.0000,1.0000,0,0,0,0,0,0,0,0
18446744070457.30,0.00,0.00,0.00,0.00,0.00,0.00,0.00,0.00,1194723437.29,1282806765.36,0.00,0.00,1039043714.84,0.00,0.00,0.00,1.0000,1.0000,0,0,0,0,0,0,0,0
18446744070459.30,0.00,0.00,0.00,0.00,0.00,0.00,0.00,0.00,1194723437.29,1282806765.36,0.00,0.00,1039043714.84,0.00,0.00,0.00,1.0000,1.0000,0,0,0,0,0,0,0,0
18446744070461.30,0.00,0.00,0.00,0.00,0.00,0.00,0.00,0.00,1194723437.29,1282806765.36,0.00,0.00,1039043714.84,0.00,0.00,0.00,1.0000,1.0000,0,0,0,0,0,0,0,0
18446744070463.30,0.00,0.00,0.00,0.00,0.00,0.00,0.00,0.00,1194723437.29,1282806765.36,0.00,0.00,1039043714.84,0.00,0.00,0.00,1.0000,1.0000,0,0,0,0,0,0,0,0
18446744070465.30,0.00,0.00,0.00,0.00,0.00,0.00,0.00,0.00,1194723437.29,1282806765.36,0.00,0.00,1039043714.84,0.00,0.00,0.00,1.0000,1.0000,0,0,0,0,0,0,0,0
18446744070467.30,0.00,0.00,0.00,0.00,0.00,0.00,0.00,0.00,1194723437.29,1282806765.36,0.00,0.00,1039043714.84,0.00,0.00,0.00,1.0000,1.0000,0,0,0,0,0,0,0,0
18446744070469.30,0.00,0.00,0.00,0.00,0.00,0.00,0.00,0.00,1194723437.29,1282806765.36,0.00,0.00,1039043714.84,0.00,0.00,0.00,1.0000,1.0000,0,0,0,0,0,0,0,0
18446744070471.30,0.00,0.00,0.00,0.00,0.00,0.00,0.00,0.00,1194723437.29,1282806765.36,0.00,0.00,1039043714.84,0.00,0.00,0.00,1.0000,1.0000,0,0,0,0,0,0,0,0
18446744070473.30,0.00,0.00,0.00,0.00,0.00,0.00,0.00,0.00,1194723437.29,1282806765.36,0.00,0.00,1039043714.84,0.00,0.00,0.00,1.0000,1.0000,0,0,0,0,0,0,0,0
18446744070475.30,0.00,0.00,0.00,0.00,0.00,0.00,0.00,0.00,1194723437.29,1282806765.36,0.00,0.00,1039043714.84,0.00,0.00,0.00,1.0000,1.0000,0,0,0,0,0,0,0,0
18446744070477.30,0.00,0.00,0.00,0.00,0.00,0.00,0.00,0.00,1194723437.29,1282806765.36,0.00,0.00,1039043714.84,0.00,0.00,0.00,1.0000,1.0000,0,0,0,0,0,0,0,0
18446744070479.30,0.00,0.00,0.00,0.00,0.00,0.00,0.00,0.00,1194723437.29,1282806765.36,0.00,0.00,1039043714.84,0.00,0.00,0.00,1.0000,1.0000,0,0,0,0,0,0,0,0
18446744070481.30,0.00,0.00,0.00,0.00,0.00,0.00,0.00,0.00,1194723437.29,1282806765.36,0.00,0.00,1039043714.84,0.00,0.00,0.00,1.0000,1.0000,0,0,0,0,0,0,0,0
18446744070483.30,0.00,0.00,0.00,0.00,0.00,0.00,0.00,0.00,1194723437.29,1282806765.36,0.00,0.00,1039043714.84,0.00,0.00,0.00,1.0000,1.0000,0,0,0,0,0,0,0,0
18446744070485.30,0.00,0.00,0.00,0.00,0.00,0.00,0.00,0.00,1194723437.29,1282806765.36,0.00,0.00,1039043714.84,0.00,0.00,0.00,1.0000,1.0000,0,0,0,0,0,0,0,0
18446744070487.30,0.00,0.00,0.00,0.00,0.00,0.00,0.00,0.00,1194723437.29,1282806765.36,0.00,0.00,1039043714.84,0.00,0.00,0.00,1.0000,1.0000,0,0,0,0,0,0,0,0
18446744070489.30,0.00,0.00,0.00,0.00,0.00,0.00,0.00,0.00,1194723437.29,1282806765.36,0.00,0.00,1039043714.84,0.00,0.00,0.00,1.0000,1.0000,0,0,0,0,0,0,0,0
18446744070491.30,0.00,0.00,0.00,0.00,0.00,0.00,0.00,0.00,1194723437.29,1282806765.36,0.00,0.00,1039043714.84,0.00,0.00,0.00,1.0000,1.0000,0,0,0,0,0,0,0,0
18446744070493.30,0.00,0.00,0.00,0.00,0.00,0.00,0.00,0.00,1194723437.29,1282806765.36,0.00,0.00,1039043714.84,0.00,0.00,0.00,1.0000,1.0000,0,0,0,0,0,0,0,0
18446744070495.30,0.00,0.00,0.00,0.00,0.00,0.00,0.00,0.00,1194723437.29,1282806765.36,0.00,0.00,1039043714.84,0.00,0.00,0.00,1.0000,1.0000,0,0,0,0,0,0,0,0
18446744070497.30,0.00,0.00,0.00,0.00,0.00,0.00,0.00,0.00,1194723437.29,1282806765.36,0.00,0.00,1039043714.84,0.00,0.00,0.00,1.0000,1.0000,0,0,0,0,0,0,0,0
18446744070499.30,0.00,0.00,0.00,0.00,0.00,0.00,0.00,0.00,1194723437.29,1282806765.36,0.00,0.00,1039043714.84,0.00,0.00,0.00,1.0000,1.0000,0,0,0,0,0,0,0,0
18446744070501.30,0.00,0.00,0.00,0.00,0.00,0.00,0.00,0.00,1194723437.29,1282806765.36,0.00,0.00,1039043714.84,0.00,0.00,0.00,1.0000,1.0000,0,0,0,0,0,0,0,0
18446744070503.30,0.00,0.00,0.00,0.00,0.00,0.00,0.00,0.00,1194723437.29,1282806765.36,0.00,0.00,1039043714.84,0.00,0.00,0.00,1.0000,1.0000,0,0,0,0,0,0,0,0
18446744070505.30,0.00,0.00,0.00,0.00,0.00,0.00,0.00,0.00,1194723437.29,1282806765.36,0.00,0.00,1039043714.84,0.00,0.00,0.00,1.0000,1.0000,0,0,0,0,0,0,0,0
18446744070507.30,0.00,0.00,0.00,0.00,0.00,0.00,0.00,0.00,1194723437.29,1282806765.36,0.00,0.00,1039043714.84,0.00,0.00,0.00,1.0000,1.0000,0,0,0,0,0,0,0,0
18446744070509.30,0.00,0.00,0.00,0.00,0.00,0.00,0.00,0.00,1194723437.29,1282806765.36,0.00,0.00,1039043714.84,0.00,0.00,0.00,1.0000,1.0000,0,0,0,0,0,0,0,0
18446744070511.30,0.00,0.00,0.00,0.00,0.00,0.00,0.00,0.00,1194723437.29,1282806765.36,0.00,0.00,1039043714.84,0.00,0.00,0.00,1.0000,1.0000,0,0,0,0,0,0,0,0
18446744070513.30,0.00,0.00,0.00,0.00,0.00,0.00,0.00,0.00,1194723437.29,1282806765.36,0.00,0.00,1039043714.84,0.00,0.00,0.00,1.0000,1.0000,0,0,0,0,0,0,0,0
18446744070515.30,0.00,0.00,0.00,0.00,0.00,0.00,0.00,0.00,1194723437.29,1282806765.36,0.00,0.00,1039043714.84,0.00,0.00,0.00,1.0000,1.0000,0,0,0,0,0,0,0,0
18446744070517.30,0.00,0.00,0.00,0.00,0.00,0.00,0.00,0.00,1194723437.29,1282806765.36,0.00,0.00,1039043714.84,0.00,0.00,0.00,1.0000,1.0000,0,0,0,0,0,0,0,0
18446744070519.30,0.00,0.00,0.00,0.00,0.00,0.00,0.00,0.00,1194723437.29,1282806765.36,0.00,0.00,1039043714.84,0.00,0.00,0.00,1.0000,1.0000,0,0,0,0,0,0,0,0
18446744070521.30,0.00,0.00,0.00,0.00,0.00,0.00,0.00,0.00,1194723437.29,1282806765.36,0.00,0.00,1039043714.84,0.00,0.00,0.00,1.0000,1.0000,0,0,0,0,0,0,0,0
18446744070523.30,0.00,0.00,0.00,0.00,0.00,0.00,0.00,0.00,1194723437.29,1282806765.36,0.00,0.00,1039043714.84,0.00,0.00,0.00,1.0000,1.0000,0,0,0,0,0,0,0,0
18446744070525.30,0.00,0.00,0.00,0.00,0.00,0.00,0.00,0.00,1194723437.29,1282806765.36,0.00,0.00,1039043714.84,0.00,0.00,0.00,1.0000,1.0000,0,0,0,0,0,0,0,0
18446744070527.30,0.00,0.00,0.00,0.00,0.00,0.00,0.00,0.00,1194723437.29,1282806765.36,0.00,0.00,1039043714.84,0.00,0.00,0.00,1.0000,1.0000,0,0,0,0,0,0,0,0
18446744070529.30,0.00,0.00,0.00,0.00,0.00,0.00,0.00,0.00,1194723437.29,1282806765.36,0.00,0.00,1039043714.84,0.00,0.00,0.00,1.0000,1.0000,0,0,0,0,0,0,0,0
18446744070531.30,0.00,0.00,0.00,0.00,0.00,0.00,0.00,0.00,1194723437.29,1282806765.36,0.00,0.00,1039043714.84,0.00,0.00,0.00,1.0000,1.0000,0,0,0,0,0,0,0,0
18446744070533.30,0.00,0.00,0.00,0.00,0.00,0.00,0.00,0.00,1194723437.29,1282806765.36,0.00,0.00,1039043714.84,0.00,0.00,0.00,1.0000,1.0000,0,0,0,0,0,0,0,0
18446744070535.30,0.00,0.00,0.00,0.00,0.00,0.00,0.00,0.00,1194723437.29,1282806765.36,0.00,0.00,1039043714.84,0.00,0.00,0.00,1.0000,1.0000,0,0,0,0,0,0,0,0
18446744070537.30,0.00,0.00,0.00,0.00,0.00,0.00,0.00,0.00,1194723437.29,1282806765.36,0.00,0.00,1039043714.84,0.00,0.00,0.00,1.0000,1.0000,0,0,0,0,0,0,0,0
18446744070539.30,0.00,0.00,0.00,0.00,0.00,0.00,0.00,0.00,1194723437.29,1282806765.36,0.00,0.00,1039043714.84,0.00,0.00,0.00,1.0000,1.0000,0,0,0,0,0,0,0,0
18446744070541.30,0.00,0.00,0.00,0.00,0.00,0.00,0.00,0.00,1194723437.29,1282806765.36,0.00,0.00,1039043714.84,0.00,0.00,0.00,1.0000,1.0000,0,0,0,0,0,0,0,0
18446744070543.30,0.00,0.00,0.00,0.00,0.00,0.00,0.00,0.00,1194723437.29,1282806765.36,0.00,0.00,1039043714.84,0.00,0.00,0.00,1.0000,1.0000,0,0,0,0,0,0,0,0
18446744070545.30,0.00,0.00,0.00,0.00,0.00,0.00,0.00,0.00,1194723437.29,1282806765.36,0.00,0.00,1039043714.84,0.00,0.00,0.00,1.0000,1.0000,0,0,0,0,0,0,0,0
18446744070547.30,0.00,0.00,0.00,0.00,0.00,0.00,0.00,0.00,1194723437.29,1282806765.36,0.00,0.00,1039043714.84,0.00,0.00,0.00,1.0000,1.0000,0,0,0,0,0,0,0,0
18446744070549.30,0.00,0.00,0.00,0.00,0.00,0.00,0.00,0.00,1194723437.29,1282806765.36,0.00,0.00,1039043714.84,0.00,0.00,0.00,1.0000,1.0000,0,0,0,0,0,0,0,0
18446744070551.30,0.00,0.00,0.00,0.00,0.00,0.00,0.00,0.00,1194723437.29,1282806765.36,0.00,0.00,1039043714.84,0.00,0.00,0.00,1.0000,1.0000,0,0,0,0,0,0,0,0
18446744070553.30,0.00,0.00,0.00,0.00,0.00,0.00,0.00,0.00,1194723437.29,1282806765.36,0.00,0.00,1039043714.84,0.00,0.00,0.00,1.0000,1.0000,0,0,0,0,0,0,0,0
18446744070555.30,0.00,0.00,0.00,0.00,0.00,0.00,0.00,0.00,1194723437.29,1282806765.36,0.00,0.00,1039043714.84,0.00,0.00,0.00,1.0000,1.0000,0,0,0,0,0,0,0,0
18446744070557.30,0.00,0.00,0.00,0.00,0.00,0.00,0.00,0.00,1194723437.29,1282806765.36,0.00,0.00,1039043714.84,0.00,0.00,0.00,1.0000,1.0000,0,0,0,0,0,0,0,0
18446744070559.30,0.00,0.00,0.00,0.00,0.00,0.00,0.00,0.00,1194723437.29,1282806765.36,0.00,0.00,1039043714.84,0.00,0.00,0.00,1.0000,1.0000,0,0,0,0,0,0,0,0
18446744070561.30,0.00,0.00,0.00,0.00,0.00,0.00,0.00,0.00,1194723437.29,1282806765.36,0.00,0.00,1039043714.84,0.00,0.00,0.00,1.0000,1.0000,0,0,0,0,0,0,0,0
18446744070563.30,0.00,0.00,0.00,0.00,0.00,0.00,0.00,0.00,1194723437.29,1282806765.36,0.00,0.00,1039043714.84,0.00,0.00,0.00,1.0000,1.0000,0,0,0,0,0,0,0,0
18446744070565.30,0.00,0.00,0.00,0.00,0.00,0.00,0.00,0.00,1194723437.29,1282806765.36,0.00,0.00,1039043714.84,0.00,0.00,0.00,1.0000,1.0000,0,0,0,0,0,0,0,0
18446744070567.30,0.00,0.00,0.00,0.00,0.00,0.00,0.00,0.00,1194723437.29,1282806765.36,0.00,0.00,1039043714.84,0.00,0.00,0.00,1.0000,1.0000,0,0,0,0,0,0,0,0
18446744070569.30,0.00,0.00,0.00,0.00,0.00,0.00,0.00,0.00,1194723437.29,1282806765.36,0.00,0.00,1039043714.84,0.00,0.00,0.00,1.0000,1.0000,0,0,0,0,0,0,0,0
18446744070571.30,0.00,0.00,0.00,0.00,0.00,0.00,0.00,0.00,1194723437.29,1282806765.36,0.00,0.00,1039043714.84,0.00,0.00,0.00,1.0000,1.0000,0,0,0,0,0,0,0,0
18446744070573.30,0.00,0.00,0.00,0.00,0.00,0.00,0.00,0.00,1194723437.29,1282806765.36,0.00,0.00,1039043714.84,0.00,0.00,0.00,1.0000,1.0000,0,0,0,0,0,0,0,0
18446744070575.30,0.00,0.00,0.00,0.00,0.00,0.00,0.00,0.00,1194723437.29,1282806765.36,0.00,0.00,1039043714.84,0.00,0.00,0.00,1.0000,1.0000,0,0,0,0,0,0,0,0
18446744070577.30,0.00,0.00,0.00,0.00,0.00,0.00,0.00,0.00,1194723437.29,1282806765.36,0.00,0.00,1039043714.84,0.00,0.00,0.00,1.0000,1.0000,0,0,0,0,0,0,0,0
18446744070579.30,0.00,0.00,0.00,0.00,0.00,0.00,0.00,0.00,1194723437.29,1282806765.36,0.00,0.00,1039043714.84,0.00,0.00,0.00,1.0000,1.0000,0,0,0,0,0,0,0,0
18446744070581.30,0.00,0.00,0.00,0.00,0.00,0.00,0.00,0.00,1194723437.29,1282806765.36,0.00,0.00,1039043714.84,0.00,0.00,0.00,1.0000,1.0000,0,0,0,0,0,0,0,0
18446744070583.30,0.00,0.00,0.00,0.00,0.00,0.00,0.00,0.00,1194723437.29,1282806765.36,0.00,0.00,1039043714.84,0.00,0.00,0.00,1.0000,1.0000,0,0,0,0,0,0,0,0
18446744070585.30,0.00,0.00,0.00,0.00,0.00,0.00,0.00,0.00,1194723437.29,1282806765.36,0.00,0.00,1039043714.84,0.00,0.00,0.00,1.0000,1.0000,0,0,0,0,0,0,0,0
18446744070587.30,0.00,0.00,0.00,0.00,0.00,0.00,0.00,0.00,1194723437.29,1282806765.36,0.00,0.00,1039043714.84,0.00,0.00,0.00,1.0000,1.0000,0,0,0,0,0,0,0,0
18446744070589.30,0.00,0.00,0.00,0.00,0.00,0.00,0.00,0.00,1194723437.29,1282806765.36,0.00,0.00,1039043714.84,0.00,0.00,0.00,1.0000,1.0000,0,0,0,0,0,0,0,0
18446744070591.30,0.00,0.00,0.00,0.00,0.00,0.00,0.00,0.00,1194723437.29,1282806765.36,0.00,0.00,1039043714.84,0.00,0.00,0.00,1.0000,1.0000,0,0,0,0,0,0,0,0
18446744070593.30,0.00,0.00,0.00,0.00,0.00,0.00,0.00,0.00,1194723437.29,1282806765.36,0.00,0.00,1039043714.84,0.00,0.00,0.00,1.0000,1.0000,0,0,0,0,0,0,0,0
18446744070595.30,0.00,0.00,0.00,0.00,0.00,0.00,0.00,0.00,1194723437.29,1282806765.36,0.00,0.00,1039043714.84,0.00,0.00,0.00,1.0000,1.0000,0,0,0,0,0,0,0,0
18446744070597.30,0.00,0.00,0.00,0.00,0.00,0.00,0.00,0.00,1194723437.29,1282806765.36,0.00,0.00,1039043714.84,0.00,0.00,0.00,1.0000,1.0000,0,0,0,0,0,0,0,0
18446744070599.30,0.00,0.00,0.00,0.00,0.00,0.00,0.00,0.00,1194723437.29,1282806765.36,0.00,0.00,1039043714.84,0.00,0.00,0.00,1.0000,1.0000,0,0,0,0,0,0,0,0
18446744070601.30,0.00,0.00,0.00,0.00,0.00,0.00,0.00,0.00,1194723437.29,1282806765.36,0.00,0.00,1039043714.84,0.00,0.00,0.00,1.0000,1.0000,0,0,0,0,0,0,0,0
18446744070603.30,0.00,0.00,0.00,0.00,0.00,0.00,0.00,0.00,1194723437.29,1282806765.36,0.00,0.00,1039043714.84,0.00,0.00,0.00,1.0000,1.0000,0,0,0,0,0,0,0,0
18446744070605.30,0.00,0.00,0.00,0.00,0.00,0.00,0.00,0.00,1194723437.29,1282806765.36,0.00,0.00,1039043714.84,0.00,0.00,0.00,1.0000,1.0000,0,0,0,0,0,0,0,0
18446744070607.30,0.00,0.00,0.00,0.00,0.00,0.00,0.00,0.00,1194723437.29,1282806765.36,0.00,0.00,1039043714.84,0.00,0.00,0.00,1.0000,1.0000,0,0,0,0,0,0,0,0
18446744070609.30,0.00,0.00,0.00,0.00,0.00,0.00,0.00,0.00,1194723437.29,1282806765.36,0.00,0.00,1039043714.84,0.00,0.00,0.00,1.0000,1.0000,0,0,0,0,0,0,0,0
18446744070611.30,0.00,0.00,0.00,0.00,0.00,0.00,0.00,0.00,1194723437.29,1282806765.36,0.00,0.00,1039043714.84,0.00,0.00,0.00,1.0000,1.0000,0,0,0,0,0,0,0,0
18446744070613.30,0.00,0.00,0.00,0.00,0.00,0.00,0.00,0.00,1194723437.29,1282806765.36,0.00,0.00,1039043714.84,0.00,0.00,0.00,1.0000,1.0000,0,0,0,0,0,0,0,0
18446744070615.30,0.00,0.00,0.00,0.00,0.00,0.00,0.00,0.00,1194723437.29,1282806765.36,0.00,0.00,1039043714.84,0.00,0.00,0.00,1.0000,1.0000,0,0,0,0,0,0,0,0
18446744070617.30,0.00,0.00,0.00,0.00,0.00,0.00,0.00,0.00,1194723437.29,1282806765.36,0.00,0.00,1039043714.84,0.00,0.00,0.00,1.0000,1.0000,0,0,0,0,0,0,0,0
18446744070619.30,0.00,0.00,0.00,0.00,0.00,0.00,0.00,0.00,1194723437.29,1282806765.36,0.00,0.00,1039043714.84,0.00,0.00,0.00,1.0000,1.0000,0,0,0,0,0,0,0,0
18446744070621.30,0.00,0.00,0.00,0.00,0.00,0.00,0.00,0.00,1194723437.29,1282806765.36,0.00,0.00,1039043714.84,0.00,0.00,0.00,1.0000,1.0000,0,0,0,0,0,0,0,0
18446744070623.30,0.00,0.00,0.00,0.00,0.00,0.00,0.00,0.00,1194723437.29,1282806765.36,0.00,0.00,1039043714.84,0.00,0.00,0.00,1.0000,1.0000,0,0,0,0,0,0,0,0
18446744070625.30,0.00,0.00,0.00,0.00,0.00,0.00,0.00,0.00,1194723437.29,1282806765.36,0.00,0.00,1039043714.84,0.00,0.00,0.00,1.0000,1.0000,0,0,0,0,0,0,0,0
18446744070627.30,0.00,0.00,0.00,0.00,0.00,0.00,0.00,0.00,1194723437.29,1282806765.36,0.00,0.00,1039043714.84,0.00,0.00,0.00,1.0000,1.0000,0,0,0,0,0,0,0,0
18446744070629.30,0.00,0.00,0.00,0.00,0.00,0.00,0.00,0.00,1194723437.29,1282806765.36,0.00,0.00,1039043714.84,0.00,0.00,0.00,1.0000,1.0000,0,0,0,0,0,0,0,0
18446744070631.30,0.00,0.00,0.00,0.00,0.00,0.00,0.00,0.00,1194723437.29,1282806765.36,0.00,0.00,1039043714.84,0.00,0.00,0.00,1.0000,1.0000,0,0,0,0,0,0,0,0
18446744070633.30,0.00,0.00,0.00,0.00,0.00,0.00,0.00,0.00,1194723437.29,1282806765.36,0.00,0.00,1039043714.84,0.00,0.00,0.00,1.0000,1.0000,0,0,0,0,0,0,0,0
18446744070635.30,0.00,0.00,0.00,0.00,0.00,0.00,0.00,0.00,1194723437.29,1282806765.36,0.00,0.00,1039043714.84,0.00,0.00,0.00,1.0000,1.0000,0,0,0,0,0,0,0,0
18446744070637.30,0.00,0.00,0.00,0.00,0.00,0.00,0.00,0.00,1194723437.29,1282806765.36,0.00,0.00,1039043714.84,0.00,0.00,0.00,1.0000,1.0000,0,0,0,0,0,0,0,0
18446744070639.30,0.00,0.00,0.00,0.00,0.00,0.00,0.00,0.00,1194723437.29,1282806765.36,0.00,0.00,1039043714.84,0.00,0.00,0.00,1.0000,1.0000,0,0,0,0,0,0,0,0
18446744070641.30,0.00,0.00,0.00,0.00,0.00,0.00,0.00,0.00,1194723437.29,1282806765.36,0.00,0.00,1039043714.84,0.00,0.00,0.00,1.0000,1.0000,0,0,0,0,0,0,0,0
18446744070643.30,0.00,0.00,0.00,0.00,0.00,0.00,0.00,0.00,1194723437.29,1282806765.36,0.00,0.00,1039043714.84,0.00,0.00,0.00,1.0000,1.0000,0,0,0,0,0,0,0,0
18446744070645.30,0.00,0.00,0.00,0.00,0.00,0.00,0.00,0.00,1194723437.29,1282806765.36,0.00,0.00,1039043714.84,0.00,0.00,0.00,1.0000,1.0000,0,0,0,0,0,0,0,0
18446744070647.30,0.00,0.00,0.00,0.00,0.00,0.00,0.00,0.00,1194723437.29,1282806765.36,0.00,0.00,1039043714.84,0.00,0.00,0.00,1.0000,1.0000,0,0,0,0,0,0,0,0
18446744070649.30,0.00,0.00,0.00,0.00,0.00,0.00,0.00,0.00,1194723437.29,1282806765.36,0.00,0.00,1039043714.84,0.00,0.00,0.00,1.0000,1.0000,0,0,0,0,0,0,0,0
18446744070651.30,0.00,0.00,0.00,0.00,0.00,0.00,0.00,0.00,1194723437.29,1282806765.36,0.00,0.00,1039043714.84,0.00,0.00,0.00,1.0000,1.0000,0,0,0,0,0,0,0,0
18446744070653.30,0.00,0.00,0.00,0.00,0.00,0.00,0.00,0.00,1194723437.29,1282806765.36,0.00,0.00,1039043714.84,0.00,0.00,0.00,1.0000,1.0000,0,0,0,0,0,0,0,0
18446744070655.30,0.00,0.00,0.00,0.00,0.00,0.00,0.00,0.00,1194723437.29,1282806765.36,0.00,0.00,1039043714.84,0.00,0.00,0.00,1.0000,1.0000,0,0,0,0,0,0,0,0
18446744070657.30,0.00,0.00,0.00,0.00,0.00,0.00,0.00,0.00,1194723437.29,1282806765.36,0.00,0.00,1039043714.84,0.00,0.00,0.00,1.0000,1.0000,0,0,0,0,0,0,0,0
18446744070659.30,0.00,0.00,0.00,0.00,0.00,0.00,0.00,0.00,1194723437.29,1282806765.36,0.00,0.00,1039043714.84,0.00,0.00,0.00,1.0000,1.0000,0,0,0,0,0,0,0,0
18446744070661.30,0.00,0.00,0.00,0.00,0.00,0.00,0.00,0.00,1194723437.29,1282806765.36,0.00,0.00,1039043714.84,0.00,0.00,0.00,1.0000,1.0000,0,0,0,0,0,0,0,0
18446744070663.30,0.00,0.00,0.00,0.00,0.00,0.00,0.00,0.00,1194723437.29,1282806765.36,0.00,0.00,1039043714.84,0.00,0.00,0.00,1.0000,1.0000,0,0,0,0,0,0,0,0
18446744070665.30,0.00,0.00,0.00,0.00,0.00,0.00,0.00,0.00,1194723437.29,1282806765.36,0.00,0.00,1039043714.84,0.00,0.00,0.00,1.0000,1.0000,0,0,0,0,0,0,0,0
18446744070667.30,0.00,0.00,0.00,0.00,0.00,0.00,0.00,0.00,1194723437.29,1282806765.36,0.00,0.00,1039043714.84,0.00,0.00,0.00,1.0000,1.0000,0,0,0,0,0,0,0,0
18446744070669.30,0.00,0.00,0.00,0.00,0.00,0.00,0.00,0.00,1194723437.29,1282806765.36,0.00,0.00,1039043714.84,0.00,0.00,0.00,1.0000,1.0000,0,0,0,0,0,0,0,0
18446744070671.30,0.00,0.00,0.00,0.00,0.00,0.00,0.00,0.00,1194723437.29,1282806765.36,0.00,0.00,1039043714.84,0.00,0.00,0.00,1.0000,1.0000,0,0,0,0,0,0,0,0
18446744070673.30,0.00,0.00,0.00,0.00,0.00,0.00,0.00,0.00,1194723437.29,1282806765.36,0.00,0.00,1039043714.84,0.00,0.00,0.00,1.0000,1.0000,0,0,0,0,0,0,0,0
18446744070675.30,0.00,0.00,0.00,0.00,0.00,0.00,0.00,0.00,1194723437.29,1282806765.36,0.00,0.00,1039043714.84,0.00,0.00,0.00,1.0000,1.0000,0,0,0,0,0,0,0,0
18446744070677.30,0.00,0.00,0.00,0.00,0.00,0.00,0.00,0.00,1194723437.29,1282806765.36,0.00,0.00,1039043714.84,0.00,0.00,0.00,1.0000,1.0000,0,0,0,0,0,0,0,0
18446744070679.30,0.00,0.00,0.00,0.00,0.00,0.00,0.00,0.00,1194723437.29,1282806765.36,0.00,0.00,1039043714.84,0.00,0.00,0.00,1.0000,1.0000,0,0,0,0,0,0,0,0
18446744070681.30,0.00,0.00,0.00,0.00,0.00,0.00,0.00,0.00,1194723437.29,1282806765.36,0.00,0.00,1039043714.84,0.00,0.00,0.00,1.0000,1.0000,0,0,0,0,0,0,0,0
18446744070683.30,0.00,0.00,0.00,0.00,0.00,0.00,0.00,0.00,1194723437.29,1282806765.36,0.00,0.00,1039043714.84,0.00,0.00,0.00,1.0000,1.0000,0,0,0,0,0,0,0,0
18446744070685.30,0.00,0.00,0.00,0.00,0.00,0.00,0.00,0.00,1194723437.29,1282806765.36,0.00,0.00,1039043714.84,0.00,0.00,0.00,1.0000,1.0000,0,0,0,0,0,0,0,0
18446744070687.30,0.00,0.00,0.00,0.00,0.00,0.00,0.00,0.00,1194723437.29,1282806765.36,0.00,0.00,1039043714.84,0.00,0.00,0.00,1.0000,1.0000,0,0,0,0,0,0,0,0
18446744070689.30,0.00,0.00,0.00,0.00,0.00,0.00,0.00,0.00,1194723437.29,1282806765.36,0.00,0.00,1039043714.84,0.00,0.00,0.00,1.0000,1.0000,0,0,0,0,0,0,0,0
18446744070691.30,0.00,0.00,0.00,0.00,0.00,0.00,0.00,0.00,1194723437.29,1282806765.36,0.00,0.00,1039043714.84,0.00,0.00,0.00,1.0000,1.0000,0,0,0,0,0,0,0,0
18446744070693.30,0.00,0.00,0.00,0.00,0.00,0.00,0.00,0.00,1194723437.29,1282806765.36,0.00,0.00,1039043714.84,0.00,0.00,0.00,1.0000,1.0000,0,0,0,0,0,0,0,0
18446744070695.30,0.00,0.00,0.00,0.00,0.00,0.00,0.00,0.00,1194723437.29,1282806765.36,0.00,0.00,1039043714.84,0.00,0.00,0.00,1.0000,1.0000,0,0,0,0,0,0,0,0
18446744070697.30,0.00,0.00,0.00,0.00,0.00,0.00,0.00,0.00,1194723437.29,1282806765.36,0.00,0.00,1039043714.84,0.00,0.00,0.00,1.0000,1.0000,0,0,0,0,0,0,0,0
18446744070699.30,0.00,0.00,0.00,0.00,0.00,0.00,0.00,0.00,1194723437.29,1282806765.36,0.00,0.00,1039043714.84,0.00,0.00,0.00,1.0000,1.0000,0,0,0,0,0,0,0,0
18446744070701.30,0.00,0.00,0.00,0.00,0.00,0.00,0.00,0.00,1194723437.29,1282806765.36,0.00,0.00,1039043714.84,0.00,0.00,0.00,1.0000,1.0000,0,0,0,0,0,0,0,0
18446744070703.30,0.00,0.00,0.00,0.00,0.00,0.00,0.00,0.00,1194723437.29,1282806765.36,0.00,0.00,1039043714.84,0.00,0.00,0.00,1.0000,1.0000,0,0,0,0,0,0,0,0
18446744070705.30,0.00,0.00,0.00,0.00,0.00,0.00,0.00,0.00,1194723437.29,1282806765.36,0.00,0.00,1039043714.84,0.00,0.00,0.00,1.0000,1.0000,0,0,0,0,0,0,0,0
18446744070707.30,0.00,0.00,0.00,0.00,0.00,0.00,0.00,0.00,1194723437.29,1282806765.36,0.00,0.00,1039043714.84,0.00,0.00,0.00,1.0000,1.0000,0,0,0,0,0,0,0,0
18446744070709.30,0.00,0.00,0.00,0.00,0.00,0.00,0.00,0.00,1194723437.29,1282806765.36,0.00,0.00,1039043714.84,0.00,0.00,0.00,1.0000,1.0000,0,0,0,0,0,0,0,0
18446744070711.30,0.00,0.00,0.00,0.00,0.00,0.00,0.00,0.00,1194723437.29,1282806765.36,0.00,0.00,1039043714.84,0.00,0.00,0.00,1.0000,1.0000,0,0,0,0,0,0,0,0
18446744070713.30,0.00,0.00,0.00,0.00,0.00,0.00,0.00,0.00,1194723437.29,1282806765.36,0.00,0.00,1039043714.84,0.00,0.00,0.00,1.0000,1.0000,0,0,0,0,0,0,0,0
18446744070715.30,0.00,0.00,0.00,0.00,0.00,0.00,0.00,0.00,1194723437.29,1282806765.36,0.00,0.00,1039043714.84,0.00,0.00,0.00,1.0000,1.0000,0,0,0,0,0,0,0,0
18446744070717.30,0.00,0.00,0.00,0.00,0.00,0.00,0.00,0.00,1194723437.29,1282806765.36,0.00,0.00,1039043714.84,0.00,0.00,0.00,1.0000,1.0000,0,0,0,0,0,0,0,0
18446744070719.30,0.00,0.00,0.00,0.00,0.00,0.00,0.00,0.00,1194723437.29,1282806765.36,0.00,0.00,1039043714.84,0.00,0.00,0.00,1.0000,1.0000,0,0,0,0,0,0,0,0
18446744070721.30,0.00,0.00,0.00,0.00,0.00,0.00,0.00,0.00,1194723437.29,1282806765.36,0.00,0.00,1039043714.84,0.00,0.00,0.00,1.0000,1.0000,0,0,0,0,0,0,0,0
18446744070723.30,0.00,0.00,0.00,0.00,0.00,0.00,0.00,0.00,1194723437.29,1282806765.36,0.00,0.00,1039043714.84,0.00,0.00,0.00,1.0000,1.0000,0,0,0,0,0,0,0,0
18446744070725.30,0.00,0.00,0.00,0.00,0.00,0.00,0.00,0.00,1194723437.29,1282806765.36,0.00,0.00,1039043714.84,0.00,0.00,0.00,1.0000,1.0000,0,0,0,0,0,0,0,0
18446744070727.30,0.00,0.00,0.00,0.00,0.00,0.00,0.00,0.00,1194723437.29,1282806765.36,0.00,0.00,1039043714.84,0.00,0.00,0.00,1.0000,1.0000,0,0,0,0,0,0,0,0
18446744070729.30,0.00,0.00,0.00,0.00,0.00,0.00,0.00,0.00,1194723437.29,1282806765.36,0.00,0.00,1039043714.84,0.00,0.00,0.00,1.0000,1.0000,0,0,0,0,0,0,0,0
18446744070731.30,0.00,0.00,0.00,0.00,0.00,0.00,0.00,0.00,1194723437.29,1282806765.36,0.00,0.00,1039043714.84,0.00,0.00,0.00,1.0000,1.0000,0,0,0,0,0,0,0,0
18446744070733.30,0.00,0.00,0.00,0.00,0.00,0.00,0.00,0.00,1194723437.29,1282806765.36,0.00,0.00,1039043714.84,0.00,0.00,0.00,1.0000,1.0000,0,0,0,0,0,0,0,0
18446744070735.30,0.00,0.00,0.00,0.00,0.00,0.00,0.00,0.00,1194723437.29,1282806765.36,0.00,0.00,1039043714.84,0.00,0.00,0.00,1.0000,1.0000,0,0,0,0,0,0,0,0
18446744070737.30,0.00,0.00,0.00,0.00,0.00,0.00,0.00,0.00,1194723437.29,1282806765.36,0.00,0.00,1039043714.84,0.00,0.00,0.00,1.0000,1.0000,0,0,0,0,0,0,0,0
18446744070739.30,0.00,0.00,0.00,0.00,0.00,0.00,0.00,0.00,1194723437.29,1282806765.36,0.00,0.00,1039043714.84,0.00,0.00,0.00,1.0000,1.0000,0,0,0,0,0,0,0,0
18446744070741.30,0.00,0.00,0.00,0.00,0.00,0.00,0.00,0.00,1194723437.29,1282806765.36,0.00,0.00,1039043714.84,0.00,0.00,0.00,1.0000,1.0000,0,0,0,0,0,0,0,0
18446744070743.30,0.00,0.00,0.00,0.00,0.00,0.00,0.00,0.00,1194723437.29,1282806765.36,0.00,0.00,1039043714.84,0.00,0.00,0.00,1.0000,1.0000,0,0,0,0,0,0,0,0
18446744070745.30,0.00,0.00,0.00,0.00,0.00,0.00,0.00,0.00,1194723437.29,1282806765.36,0.00,0.00,1039043714.84,0.00,0.00,0.00,1.0000,1.0000,0,0,0,0,0,0,0,0
18446744070747.30,0.00,0.00,0.00,0.00,0.00,0.00,0.00,0.00,1194723437.29,1282806765.36,0.00,0.00,1039043714.84,0.00,0.00,0.00,1.0000,1.0000,0,0,0,0,0,0,0,0
18446744070749.30,0.00,0.00,0.00,0.00,0.00,0.00,0.00,0.00,1194723437.29,1282806765.36,0.00,0.00,1039043714.84,0.00,0.00,0.00,1.0000,1.0000,0,0,0,0,0,0,0,0
18446744070751.30,0.00,0.00,0.00,0.00,0.00,0.00,0.00,0.00,1194723437.29,1282806765.36,0.00,0.00,1039043714.84,0.00,0.00,0.00,1.0000,1.0000,0,0,0,0,0,0,0,0
18446744070753.30,0.00,0.00,0.00,0.00,0.00,0.00,0.00,0.00,1194723437.29,1282806765.36,0.00,0.00,1039043714.84,0.00,0.00,0.00,1.0000,1.0000,0,0,0,0,0,0,0,0
18446744070755.30,0.00,0.00,0.00,0.00,0.00,0.00,0.00,0.00,1194723437.29,1282806765.36,0.00,0.00,1039043714.84,0.00,0.00,0.00,1.0000,1.0000,0,0,0,0,0,0,0,0
18446744070757.30,0.00,0.00,0.00,0.00,0.00,0.00,0.00,0.00,1194723437.29,1282806765.36,0.00,0.00,1039043714.84,0.00,0.00,0.00,1.0000,1.0000,0,0,0,0,0,0,0,0
18446744070759.30,0.00,0.00,0.00,0.00,0.00,0.00,0.00,0.00,1194723437.29,1282806765.36,0.00,0.00,1039043714.84,0.00,0.00,0.00,1.0000,1.0000,0,0,0,0,0,0,0,0
18446744070761.30,0.00,0.00,0.00,0.00,0.00,0.00,0.00,0.00,1194723437.29,1282806765.36,0.00,0.00,1039043714.84,0.00,0.00,0.00,1.0000,1.0000,0,0,0,0,0,0,0,0
18446744070763.30,0.00,0.00,0.00,0.00,0.00,0.00,0.00,0.00,1194723437.29,1282806765.36,0.00,0.00,1039043714.84,0.00,0.00,0.00,1.0000,1.0000,0,0,0,0,0,0,0,0
18446744070765.30,0.00,0.00,0.00,0.00,0.00,0.00,0.00,0.00,1194723437.29,1282806765.36,0.00,0.00,1039043714.84,0.00,0.00,0.00,1.0000,1.0000,0,0,0,0,0,0,0,0
18446744070767.30,0.00,0.00,0.00,0.00,0.00,0.00,0.00,0.00,1194723437.29,1282806765.36,0.00,0.00,1039043714.84,0.00,0.00,0.00,1.0000,1.0000,0,0,0,0,0,0,0,0
18446744070769.30,0.00,0.00,0.00,0.00,0.00,0.00,0.00,0.00,1194723437.29,1282806765.36,0.00,0.00,1039043714.84,0.00,0.00,0.00,1.0000,1.0000,0,0,0,0,0,0,0,0
18446744070771.30,0.00,0.00,0.00,0.00,0.00,0.00,0.00,0.00,1194723437.29,1282806765.36,0.00,0.00,1039043714.84,0.00,0.00,0.00,1.0000,1.0000,0,0,0,0,0,0,0,0
18446744070773.30,0.00,0.00,0.00,0.00,0.00,0.00,0.00,0.00,1194723437.29,1282806765.36,0.00,0.00,1039043714.84,0.00,0.00,0.00,1.0000,1.0000,0,0,0,0,0,0,0,0
18446744070775.30,0.00,0.00,0.00,0.00,0.00,0.00,0.00,0.00,1194723437.29,1282806765.36,0.00,0.00,1039043714.84,0.00,0.00,0.00,1.0000,1.0000,0,0,0,0,0,0,0,0
18446744070777.30,0.00,0.00,0.00,0.00,0.00,0.00,0.00,0.00,1194723437.29,1282806765.36,0.00,0.00,1039043714.84,0.00,0.00,0.00,1.0000,1.0000,0,0,0,0,0,0,0,0
18446744070779.30,0.00,0.00,0.00,0.00,0.00,0.00,0.00,0.00,1194723437.29,1282806765.36,0.00,0.00,1039043714.84,0.00,0.00,0.00,1.0000,1.0000,0,0,0,0,0,0,0,0
18446744070781.30,0.00,0.00,0.00,0.00,0.00,0.00,0.00,0.00,1194723437.29,1282806765.36,0.00,0.00,1039043714.84,0.00,0.00,0.00,1.0000,1.0000,0,0,0,0,0,0,0,0
18446744070783.30,0.00,0.00,0.00,0.00,0.00,0.00,0.00,0.00,1194723437.29,1282806765.36,0.00,0.00,1039043714.84,0.00,0.00,0.00,1.0000,1.0000,0,0,0,0,0,0,0,0
18446744070785.30,0.00,0.00,0.00,0.00,0.00,0.00,0.00,0.00,1194723437.29,1282806765.36,0.00,0.00,1039043714.84,0.00,0.00,0.00,1.0000,1.0000,0,0,0,0,0,0,0,0
18446744070787.30,0.00,0.00,0.00,0.00,0.00,0.00,0.00,0.00,1194723437.29,1282806765.36,0.00,0.00,1039043714.84,0.00,0.00,0.00,1.0000,1.0000,0,0,0,0,0,0,0,0
18446744070789.30,0.00,0.00,0.00,0.00,0.00,0.00,0.00,0.00,1194723437.29,1282806765.36,0.00,0.00,1039043714.84,0.00,0.00,0.00,1.0000,1.0000,0,0,0,0,0,0,0,0
18446744070791.30,0.00,0.00,0.00,0.00,0.00,0.00,0.00,0.00,1194723437.29,1282806765.36,0.00,0.00,1039043714.84,0.00,0.00,0.00,1.0000,1.0000,0,0,0,0,0,0,0,0
18446744070793.30,0.00,0.00,0.00,0.00,0.00,0.00,0.00,0.00,1194723437.29,1282806765.36,0.00,0.00,1039043714.84,0.00,0.00,0.00,1.0000,1.0000,0,0,0,0,0,0,0,0
18446744070795.30,0.00,0.00,0.00,0.00,0.00,0.00,0.00,0.00,1194723437.29,1282806765.36,0.00,0.00,1039043714.84,0.00,0.00,0.00,1.0000,1.0000,0,0,0,0,0,0,0,0
18446744070797.30,0.00,0.00,0.00,0.00,0.00,0.00,0.00,0.00,1194723437.29,1282806765.36,0.00,0.00,1039043714.84,0.00,0.00,0.00,1.0000,1.0000,0,0,0,0,0,0,0,0
18446744070799.30,0.00,0.00,0.00,0.00,0.00,0.00,0.00,0.00,1194723437.29,1282806765.36,0.00,0.00,1039043714.84,0.00,0.00,0.00,1.0000,1.0000,0,0,0,0,0,0,0,0
18446744070801.30,0.00,0.00,0.00,0.00,0.00,0.00,0.00,0.00,1194723437.29,1282806765.36,0.00,0.00,1039043714.84,0.00,0.00,0.00,1.0000,1.0000,0,0,0,0,0,0,0,0
18446744070803.30,0.00,0.00,0.00,0.00,0.00,0.00,0.00,0.00,1194723437.29,1282806765.36,0.00,0.00,1039043714.84,0.00,0.00,0.00,1.0000,1.0000,0,0,0,0,0,0,0,0
18446744070805.30,0.00,0.00,0.00,0.00,0.00,0.00,0.00,0.00,1194723437.29,1282806765.36,0.00,0.00,1039043714.84,0.00,0.00,0.00,1.0000,1.0000,0,0,0,0,0,0,0,0
18446744070807.30,0.00,0.00,0.00,0.00,0.00,0.00,0.00,0.00,1194723437.29,1282806765.36,0.00,0.00,1039043714.84,0.00,0.00,0.00,1.0000,1.0000,0,0,0,0,0,0,0,0
18446744070809.30,0.00,0.00,0.00,0.00,0.00,0.00,0.00,0.00,1194723437.29,1282806765.36,0.00,0.00,1039043714.84,0.00,0.00,0.00,1.0000,1.0000,0,0,0,0,0,0,0,0
18446744070811.30,0.00,0.00,0.00,0.00,0.00,0.00,0.00,0.00,1194723437.29,1282806765.36,0.00,0.00,1039043714.84,0.00,0.00,0.00,1.0000,1.0000,0,0,0,0,0,0,0,0
18446744070813.30,0.00,0.00,0.00,0.00,0.00,0.00,0.00,0.00,1194723437.29,1282806765.36,0.00,0.00,1039043714.84,0.00,0.00,0.00,1.0000,1.0000,0,0,0,0,0,0,0,0
18446744070815.30,0.00,0.00,0.00,0.00,0.00,0.00,0.00,0.00,1194723437.29,1282806765.36,0.00,0.00,1039043714.84,0.00,0.00,0.00,1.0000,1.0000,0,0,0,0,0,0,0,0
18446744070817.30,0.00,0.00,0.00,0.00,0.00,0.00,0.00,0.00,1194723437.29,1282806765.36,0.00,0.00,1039043714.84,0.00,0.00,0.00,1.0000,1.0000,0,0,0,0,0,0,0,0
18446744070819.30,0.00,0.00,0.00,0.00,0.00,0.00,0.00,0.00,1194723437.29,1282806765.36,0.00,0.00,1039043714.84,0.00,0.00,0.00,1.0000,1.0000,0,0,0,0,0,0,0,0
18446744070821.30,0.00,0.00,0.00,0.00,0.00,0.00,0.00,0.00,1194723437.29,1282806765.36,0.00,0.00,1039043714.84,0.00,0.00,0.00,1.0000,1.0000,0,0,0,0,0,0,0,0
18446744070823.30,0.00,0.00,0.00,0.00,0.00,0.00,0.00,0.00,1194723437.29,1282806765.36,0.00,0.00,1039043714.84,0.00,0.00,0.00,1.0000,1.0000,0,0,0,0,0,0,0,0
18446744070825.30,0.00,0.00,0.00,0.00,0.00,0.00,0.00,0.00,1194723437.29,1282806765.36,0.00,0.00,1039043714.84,0.00,0.00,0.00,1.0000,1.0000,0,0,0,0,0,0,0,0
18446744070827.30,0.00,0.00,0.00,0.00,0.00,0.00,0.00,0.00,1194723437.29,1282806765.36,0.00,0.00,1039043714.84,0.00,0.00,0.00,1.0000,1.0000,0,0,0,0,0,0,0,0
18446744070829.30,0.00,0.00,0.00,0.00,0.00,0.00,0.00,0.00,1194723437.29,1282806765.36,0.00,0.00,1039043714.84,0.00,0.00,0.00,1.0000,1.0000,0,0,0,0,0,0,0,0
18446744070831.30,0.00,0.00,0.00,0.00,0.00,0.00,0.00,0.00,1194723437.29,1282806765.36,0.00,0.00,1039043714.84,0.00,0.00,0.00,1.0000,1.0000,0,0,0,0,0,0,0,0
18446744070833.30,0.00,0.00,0.00,0.00,0.00,0.00,0.00,0.00,1194723437.29,1282806765.36,0.00,0.00,1039043714.84,0.00,0.00,0.00,1.0000,1.0000,0,0,0,0,0,0,0,0
18446744070835.30,0.00,0.00,0.00,0.00,0.00,0.00,0.00,0.00,1194723437.29,1282806765.36,0.00,0.00,1039043714.84,0.00,0.00,0.00,1.0000,1.0000,0,0,0,0,0,0,0,0
18446744070837.30,0.00,0.00,0.00,0.00,0.00,0.00,0.00,0.00,1194723437.29,1282806765.36,0.00,0.00,1039043714.84,0.00,0.00,0.00,1.0000,1.0000,0,0,0,0,0,0,0,0
18446744070839.30,0.00,0.00,0.00,0.00,0.00,0.00,0.00,0.00,1194723437.29,1282806765.36,0.00,0.00,1039043714.84,0.00,0.00,0.00,1.0000,1.0000,0,0,0,0,0,0,0,0
18446744070841.30,0.00,0.00,0.00,0.00,0.00,0.00,0.00,0.00,1194723437.29,1282806765.36,0.00,0.00,1039043714.84,0.00,0.00,0.00,1.0000,1.0000,0,0,0,0,0,0,0,0
18446744070843.30,0.00,0.00,0.00,0.00,0.00,0.00,0.00,0.00,1194723437.29,1282806765.36,0.00,0.00,1039043714.84,0.00,0.00,0.00,1.0000,1.0000,0,0,0,0,0,0,0,0
18446744070845.30,0.00,0.00,0.00,0.00,0.00,0.00,0.00,0.00,1194723437.29,1282806765.36,0.00,0.00,1039043714.84,0.00,0.00,0.00,1.0000,1.0000,0,0,0,0,0,0,0,0
18446744070846.04,0.00,0.00,0.00,0.00,0.00,0.00,0.00,0.00,1194723437.29,1282806765.36,0.00,0.00,1039043714.84,0.00,0.00,0.00,1.0000,1.0000,0,0,0,0,0,0,0,0
